{
  "evaluation_timestamp": "2025-10-16T23:54:55.474101",
  "statistical_metrics": {
    "mse": 1.183201551437378,
    "rmse": 1.0877506732940674,
    "mae": 0.7737127542495728,
    "mape": 161.91911697387695,
    "r2": -0.0054721832275390625,
    "mean_error": 0.06041376665234566,
    "std_error": 1.0860717296600342
  },
  "financial_metrics": {
    "directional_accuracy": 0.52421875,
    "sharpe_ratio": 0.8480382057224343,
    "max_drawdown": -0.18902210891246796,
    "total_return": 0.5204849243164062,
    "hit_rate": 0.259375,
    "num_trades": 586,
    "precision": 0.5665529010238908,
    "recall": 0.48326055312954874,
    "f1_score": 0.5216025137470541,
    "confusion_matrix": [
      [
        339,
        254
      ],
      [
        355,
        332
      ]
    ],
    "auc_roc": 0.5438853582921567,
    "alpha": -0.40112316608428955
  },
  "residual_diagnostics": {
    "normality_p_value": 9.495957297384139e-40,
    "acf_lag1": -0.034193604464897796,
    "skewness": 0.1297362623151586,
    "kurtosis": 6.330252956044985
  },
  "checkpoint_used": "experiments/sweep2_hidden_16/checkpoints/tft-epoch=01-val_loss=0.1324.ckpt"
}