{
  "evaluation_timestamp": "2025-10-16T23:44:34.179179",
  "statistical_metrics": {
    "mse": 1.2373031377792358,
    "rmse": 1.112341284751892,
    "mae": 0.7973649501800537,
    "mape": 378.493070602417,
    "r2": -0.051447272300720215,
    "mean_error": -0.23984375596046448,
    "std_error": 1.0861759185791016
  },
  "financial_metrics": {
    "directional_accuracy": 0.53671875,
    "sharpe_ratio": 0.8329736080938573,
    "max_drawdown": -0.2524605989456177,
    "total_return": 0.9216080904006958,
    "hit_rate": 0.53671875,
    "num_trades": 1280,
    "precision": 0.53671875,
    "recall": 1.0,
    "f1_score": 0.6985256736146417,
    "confusion_matrix": [
      [
        0,
        593
      ],
      [
        0,
        687
      ]
    ],
    "auc_roc": 0.4735278884413254,
    "alpha": 0.0
  },
  "residual_diagnostics": {
    "normality_p_value": 2.1821080033830842e-39,
    "acf_lag1": -0.0325474235852134,
    "skewness": 0.011625153723465207,
    "kurtosis": 6.4293728984662195
  },
  "checkpoint_used": "experiments/sweep_hidden_24/checkpoints/tft-epoch=00-val_loss=0.1056.ckpt"
}