{
  "experiment": "sweep2_hidden_8",
  "collapsed": true,
  "collapse_type": "always_negative",
  "predictions": {
    "mean": -0.09212838113307953,
    "std": 0.0023296175058931112,
    "min": -0.10256731510162354,
    "max": -0.0846172496676445,
    "range": 0.017950065433979034,
    "pct_positive": 0.0,
    "pct_negative": 100.0,
    "num_unique": 1150
  },
  "hidden_size": 8,
  "total_params": 7291,
  "diagnosed_at": "2025-10-21T13:21:02.754308"
}