{
  "experiment": "sweep2_h16_enc_15",
  "collapsed": true,
  "collapse_type": "low_diversity",
  "predictions": {
    "mean": 0.04207836836576462,
    "std": 0.048760201781988144,
    "min": -0.10596008598804474,
    "max": 0.10150200128555298,
    "range": 0.20746208727359772,
    "pct_positive": 84.04669260700389,
    "pct_negative": 15.953307392996107,
    "num_unique": 1277
  },
  "hidden_size": 16,
  "total_params": 22615,
  "diagnosed_at": "2025-10-21T13:20:44.070005"
}