{
  "period_statistics": {
    "2020": {
      "n_samples": 92,
      "entropy_mean": 2.930697202682495,
      "entropy_std": 0.04784775152802467,
      "attention_concentration": 0.05107848718762398,
      "top_features": [
        [
          "t-1",
          0.06405330449342728
        ],
        [
          "t-2",
          0.062204718589782715
        ],
        [
          "t-3",
          0.060499321669340134
        ],
        [
          "t-4",
          0.0586407333612442
        ],
        [
          "t-5",
          0.0567067489027977
        ]
      ],
      "mean_attention": [
        0.03779976814985275,
        0.03955161198973656,
        0.04225506633520126,
        0.0437200702726841,
        0.0446283295750618,
        0.045113977044820786,
        0.04560953751206398,
        0.04610469937324524,
        0.04665658250451088,
        0.04751410707831383,
        0.04866810888051987,
        0.05015227571129799,
        0.05192846804857254,
        0.05335242301225662,
        0.05484015494585037,
        0.0567067489027977,
        0.0586407333612442,
        0.060499321669340134,
        0.062204718589782715,
        0.06405330449342728
      ],
      "std_attention": [
        0.012042052112519741,
        0.013724195770919323,
        0.015342999249696732,
        0.015789294615387917,
        0.015612928196787834,
        0.014913425780832767,
        0.014228083193302155,
        0.013513848185539246,
        0.012933721765875816,
        0.012282715179026127,
        0.01187126711010933,
        0.011843246407806873,
        0.012491002678871155,
        0.013630334287881851,
        0.015295647084712982,
        0.017546189948916435,
        0.02013944648206234,
        0.023139778524637222,
        0.0265288557857275,
        0.03061283752322197
      ]
    },
    "2021": {
      "n_samples": 250,
      "entropy_mean": 2.692760705947876,
      "entropy_std": 0.1414671540260315,
      "attention_concentration": 0.06976232677698135,
      "top_features": [
        [
          "t-1",
          0.1165311187505722
        ],
        [
          "t-2",
          0.10735664516687393
        ],
        [
          "t-3",
          0.09863690286874771
        ],
        [
          "t-4",
          0.0894969031214714
        ],
        [
          "t-5",
          0.07945506274700165
        ]
      ],
      "mean_attention": [
        0.015164884738624096,
        0.018298033624887466,
        0.021129164844751358,
        0.023015810176730156,
        0.024383973330259323,
        0.02567879855632782,
        0.02709050104022026,
        0.02877376601099968,
        0.0309812780469656,
        0.033978234976530075,
        0.03802657872438431,
        0.04345662519335747,
        0.05041365325450897,
        0.05910336226224899,
        0.06902875751256943,
        0.07945506274700165,
        0.0894969031214714,
        0.09863690286874771,
        0.10735664516687393,
        0.1165311187505722
      ],
      "std_attention": [
        0.010151242837309837,
        0.012315606698393822,
        0.013889921829104424,
        0.014812829904258251,
        0.015255231410264969,
        0.01556299440562725,
        0.015734035521745682,
        0.01575727015733719,
        0.015889838337898254,
        0.016353631392121315,
        0.017259864136576653,
        0.018951941281557083,
        0.02143688127398491,
        0.024677027016878128,
        0.028615863993763924,
        0.03350993990898132,
        0.03817589208483696,
        0.042600493878126144,
        0.04832257702946663,
        0.05650463327765465
      ]
    },
    "2022": {
      "n_samples": 249,
      "entropy_mean": 2.7681806087493896,
      "entropy_std": 0.19028805196285248,
      "attention_concentration": 0.06089988350868225,
      "top_features": [
        [
          "t-1",
          0.09952662140130997
        ],
        [
          "t-2",
          0.09227561950683594
        ],
        [
          "t-3",
          0.08665954321622849
        ],
        [
          "t-4",
          0.08002255111932755
        ],
        [
          "t-5",
          0.07215210795402527
        ]
      ],
      "mean_attention": [
        0.026913082227110863,
        0.027666429057717323,
        0.029124850407242775,
        0.03009978123009205,
        0.030795728787779808,
        0.03146744519472122,
        0.0322900265455246,
        0.033372219651937485,
        0.034950967878103256,
        0.03722681477665901,
        0.04032103717327118,
        0.044476468116045,
        0.04990369454026222,
        0.05659569054841995,
        0.06415926665067673,
        0.07215210795402527,
        0.08002255111932755,
        0.08665954321622849,
        0.09227561950683594,
        0.09952662140130997
      ],
      "std_attention": [
        0.014202692545950413,
        0.015553874894976616,
        0.016713490709662437,
        0.0171882975846529,
        0.017290394753217697,
        0.017209557816386223,
        0.01725439913570881,
        0.017386211082339287,
        0.017769576981663704,
        0.018605992197990417,
        0.01997295953333378,
        0.021579762920737267,
        0.024181053042411804,
        0.027752727270126343,
        0.031143201515078545,
        0.036268558353185654,
        0.04160797968506813,
        0.04587965086102486,
        0.050589025020599365,
        0.06250942498445511
      ]
    },
    "2023": {
      "n_samples": 249,
      "entropy_mean": 2.4114413261413574,
      "entropy_std": 0.19686423242092133,
      "attention_concentration": 0.10328777134418488,
      "top_features": [
        [
          "t-1",
          0.1692579686641693
        ],
        [
          "t-2",
          0.1491391807794571
        ],
        [
          "t-3",
          0.13081607222557068
        ],
        [
          "t-4",
          0.11263330280780792
        ],
        [
          "t-5",
          0.09389376640319824
        ]
      ],
      "mean_attention": [
        0.006681532133370638,
        0.007298968266695738,
        0.008234242908656597,
        0.009145978838205338,
        0.010034960694611073,
        0.010992534458637238,
        0.012137924320995808,
        0.013668999075889587,
        0.015835775062441826,
        0.019025901332497597,
        0.024016398936510086,
        0.031702421605587006,
        0.042867254465818405,
        0.057619549334049225,
        0.07499732822179794,
        0.09389376640319824,
        0.11263330280780792,
        0.13081607222557068,
        0.1491391807794571,
        0.1692579686641693
      ],
      "std_attention": [
        0.0057746125385165215,
        0.006390635389834642,
        0.007161366753280163,
        0.00790438987314701,
        0.008607642725110054,
        0.009311017580330372,
        0.010032791644334793,
        0.010841672308743,
        0.011860080063343048,
        0.0131077216938138,
        0.014798239804804325,
        0.01739642024040222,
        0.021063948050141335,
        0.025809379294514656,
        0.03121495060622692,
        0.03608773276209831,
        0.03967294842004776,
        0.04320064187049866,
        0.050699081271886826,
        0.07034913450479507
      ]
    },
    "2024": {
      "n_samples": 250,
      "entropy_mean": 2.356114149093628,
      "entropy_std": 0.21935121715068817,
      "attention_concentration": 0.10553500056266785,
      "top_features": [
        [
          "t-1",
          0.16473864018917084
        ],
        [
          "t-2",
          0.14761550724506378
        ],
        [
          "t-3",
          0.13310663402080536
        ],
        [
          "t-4",
          0.11736977845430374
        ],
        [
          "t-5",
          0.10002751648426056
        ]
      ],