{
  "period_statistics": {
    "2020": {
      "n_samples": 92,
      "entropy_mean": 2.958325147628784,
      "entropy_std": 0.025022344663739204,
      "attention_concentration": 0.0530288927257061,
      "top_features": [
        [
          "t-1",
          0.08264743536710739
        ],
        [
          "t-2",
          0.07514031231403351
        ],
        [
          "t-3",
          0.06819701194763184
        ],
        [
          "t-4",
          0.062218427658081055
        ],
        [
          "t-5",
          0.05722322314977646
        ]
      ],
      "mean_attention": [
        0.042463622987270355,
        0.04198938235640526,
        0.04123904928565025,
        0.04088813066482544,
        0.040777526795864105,
        0.040798138827085495,
        0.04103212431073189,
        0.04140394181013107,
        0.042052481323480606,
        0.042819708585739136,
        0.04385552182793617,
        0.045244839042425156,
        0.047078996896743774,
        0.04977703094482422,
        0.053153131157159805,
        0.05722322314977646,
        0.062218427658081055,
        0.06819701194763184,
        0.07514031231403351,
        0.08264743536710739
      ],
      "std_attention": [
        0.007516239769756794,
        0.006881420500576496,
        0.006122279446572065,
        0.0056136432103812695,
        0.005285556893795729,
        0.0049843997694551945,
        0.004814982879906893,
        0.0046405792236328125,
        0.0046197716146707535,
        0.004613296128809452,
        0.004684977233409882,
        0.004844291601330042,
        0.00511329947039485,
        0.005881741642951965,
        0.006727370899170637,
        0.00788904633373022,
        0.009108509868383408,
        0.010697423480451107,
        0.01300271600484848,
        0.016011470928788185
      ]
    },
    "2021": {
      "n_samples": 250,
      "entropy_mean": 2.9631688594818115,
      "entropy_std": 0.030636277049779892,
      "attention_concentration": 0.05177965387701988,
      "top_features": [
        [
          "t-1",
          0.07364457845687866
        ],
        [
          "t-2",
          0.06850595772266388
        ],
        [
          "t-3",
          0.06399849057197571
        ],
        [
          "t-4",
          0.05995854362845421
        ],
        [
          "t-5",
          0.05649461969733238
        ]
      ],
      "mean_attention": [
        0.043440669775009155,
        0.042725637555122375,
        0.04214116930961609,
        0.04194288328289986,
        0.042009733617305756,
        0.042270779609680176,
        0.04272470623254776,
        0.04331526160240173,
        0.04402206838130951,
        0.04497436061501503,
        0.04613855108618736,
        0.04756006598472595,
        0.04927932098507881,
        0.05123591795563698,
        0.0536167211830616,
        0.05649461969733238,
        0.05995854362845421,
        0.06399849057197571,
        0.06850595772266388,
        0.07364457845687866
      ],
      "std_attention": [
        0.0069631957449018955,
        0.007209818810224533,
        0.006986929103732109,
        0.006975523196160793,
        0.007044938858598471,
        0.007219486869871616,
        0.007480549160391092,
        0.0077224248088896275,
        0.007936556823551655,
        0.008186794817447662,
        0.008462863974273205,
        0.008751492947340012,
        0.009106988087296486,
        0.009424933232367039,
        0.009874260053038597,
        0.010652068071067333,
        0.011742218397557735,
        0.01320701651275158,
        0.014939486980438232,
        0.01774769090116024
      ]
    },
    "2022": {
      "n_samples": 249,
      "entropy_mean": 2.9680190086364746,
      "entropy_std": 0.0227611493319273,
      "attention_concentration": 0.050969477742910385,
      "top_features": [
        [
          "t-1",
          0.06619120389223099
        ],
        [
          "t-2",
          0.0630686953663826
        ],
        [
          "t-3",
          0.06027944013476372
        ],
        [
          "t-4",
          0.05778691917657852
        ],
        [
          "t-5",
          0.05556465685367584
        ]
      ],
      "mean_attention": [
        0.045224305242300034,
        0.0442885085940361,
        0.04353443905711174,
        0.04332394525408745,
        0.04338786378502846,
        0.04369624704122543,
        0.04417260363698006,
        0.04484669491648674,
        0.045660607516765594,
        0.046599578112363815,
        0.04768463969230652,
        0.048915643244981766,
        0.050305306911468506,
        0.051863666623830795,
        0.05360502377152443,
        0.05556465685367584,
        0.05778691917657852,
        0.06027944013476372,
        0.0630686953663826,
        0.06619120389223099
      ],
      "std_attention": [
        0.010928396135568619,
        0.00978431198745966,
        0.008834012784063816,
        0.008375629782676697,
        0.008146502077579498,
        0.008045355789363384,
        0.008029401302337646,
        0.008075295016169548,
        0.008146694861352444,
        0.00821681972593069,
        0.00829640869051218,
        0.008414093405008316,
        0.008564533665776253,
        0.00884434673935175,
        0.009251576848328114,
        0.009876605123281479,
        0.010824724100530148,
        0.012193731032311916,
        0.014079424552619457,
        0.01665562018752098
      ]
    },
    "2023": {
      "n_samples": 249,
      "entropy_mean": 2.966064929962158,
      "entropy_std": 0.014498980715870857,
      "attention_concentration": 0.05288075655698776,
      "top_features": [
        [
          "t-1",
          0.07956808060407639
        ],
        [
          "t-2",
          0.07328348606824875
        ],
        [
          "t-3",
          0.06771077960729599
        ],
        [
          "t-4",
          0.0628364309668541
        ],
        [
          "t-5",
          0.05862991884350777
        ]
      ],
      "mean_attention": [
        0.04050279036164284,
        0.03986715152859688,
        0.03949451446533203,
        0.03952258080244064,
        0.03978173807263374,
        0.04023663327097893,
        0.040882356464862823,
        0.041692085564136505,
        0.042725641280412674,
        0.0439772754907608,
        0.04549018293619156,
        0.047299765050411224,
        0.04945198819041252,
        0.05200841650366783,
        0.05503826215863228,
        0.05862991884350777,
        0.0628364309668541,
        0.06771077960729599,
        0.07328348606824875,
        0.07956808060407639
      ],
      "std_attention": [
        0.0029281002935022116,
        0.0027885125018656254,
        0.0026781344786286354,
        0.0026598689146339893,
        0.0026590547058731318,
        0.0026631010696291924,
        0.0026717977598309517,
        0.0026441412046551704,
        0.002644306281581521,
        0.002645108848810196,
        0.0026692315004765987,
        0.0027399761602282524,
        0.0028556142933666706,
        0.0030741128139197826,
        0.003398657077923417,
        0.003954262472689152,
        0.004781488329172134,
        0.005887502338737249,
        0.007477027829736471,
        0.009533189237117767
      ]
    },
    "2024": {
      "n_samples": 250,
      "entropy_mean": 2.944859266281128,
      "entropy_std": 0.042532362043857574,
      "attention_concentration": 0.05372939258813858,
      "top_features": [
        [
          "t-1",
          0.085462287068367
        ],
        [
          "t-2",
          0.07690689712762833
        ],
        [
          "t-3",
          0.06975927948951721
        ],
        [
          "t-4",
          0.0638103187084198
        ],
        [
          "t-5",
          0.05891289934515953
        ]
      ],