{
  "evaluation_timestamp": "2025-10-30T03:11:26.541744",
  "statistical_metrics": {
    "mse": 1.17354154586792,
    "rmse": 1.0833011865615845,
    "mae": 0.7731990814208984,
    "mape": 139.31118249893188,
    "r2": 0.002736687660217285,
    "mean_error": 0.03521852567791939,
    "std_error": 1.0827285051345825
  },
  "financial_metrics": {
    "directional_accuracy": 0.5265625,
    "sharpe_ratio": 0.9715244996085568,
    "max_drawdown": -0.19083577394485474,
    "total_return": 0.9285787343978882,
    "hit_rate": 0.365625,
    "num_trades": 855,
    "precision": 0.5473684210526316,
    "recall": 0.6812227074235808,
    "f1_score": 0.6070038910505836,
    "confusion_matrix": [
      [
        206,
        387
      ],
      [
        219,
        468
      ]
    ],
    "auc_roc": 0.5201293106622384,
    "alpha": 0.006970643997192383
  },
  "residual_diagnostics": {
    "normality_p_value": 1.6701954235369846e-39,
    "acf_lag1": -0.030494475536780096,
    "skewness": 0.02251948844441607,
    "kurtosis": 6.4531341004287235
  },
  "mode_stats": {
    "healthy_days": 664,
    "degraded_days": 225,
    "unidirectional_days": 362,
    "weak_collapse_days": 29,
    "strong_collapse_days": 0,
    "total_days": 1280,
    "healthy_pct": 51.87500000000001,
    "degraded_pct": 17.578125,
    "unidirectional_pct": 28.281250000000004,
    "weak_collapse_pct": 2.265625,
    "strong_collapse_pct": 0.0
  },
  "collapse_detected": true,
  "degradation_detected": true,
  "checkpoint_used": "experiments/00_baseline_exploration/exp005_attn4/checkpoints/tft-epoch=29-val_loss=0.3964.ckpt"
}