{
  "evaluation_timestamp": "2025-10-27T12:00:44.768859",
  "statistical_metrics": {
    "mse": 1.1751062870025635,
    "rmse": 1.0840232372283936,
    "mae": 0.7716110348701477,
    "mape": 156.0841202735901,
    "r2": 0.001407027244567871,
    "mean_error": -0.024693939834833145,
    "std_error": 1.0837419033050537
  },
  "financial_metrics": {
    "directional_accuracy": 0.53671875,
    "sharpe_ratio": 0.8329736080938573,
    "max_drawdown": -0.2524605989456177,
    "total_return": 0.9216080904006958,
    "hit_rate": 0.53671875,
    "num_trades": 1280,
    "precision": 0.53671875,
    "recall": 1.0,
    "f1_score": 0.6985256736146417,
    "confusion_matrix": [
      [
        0,
        593
      ],
      [
        0,
        687
      ]
    ],
    "auc_roc": 0.5263051957456104,
    "alpha": 0.0
  },
  "residual_diagnostics": {
    "normality_p_value": 3.594924512388134e-40,
    "acf_lag1": -0.03698830352951768,
    "skewness": 0.07768090807356938,
    "kurtosis": 6.55229833837309
  },
  "mode_stats": {
    "healthy_days": 29,
    "degraded_days": 1,
    "unidirectional_days": 1059,
    "weak_collapse_days": 191,
    "strong_collapse_days": 0,
    "total_days": 1280,
    "healthy_pct": 2.265625,
    "degraded_pct": 0.078125,
    "unidirectional_pct": 82.734375,
    "weak_collapse_pct": 14.921875000000002,
    "strong_collapse_pct": 0.0
  },
  "collapse_detected": true,
  "degradation_detected": true,
  "checkpoint_used": "experiments/00_baseline_exploration/exp005_attn4/checkpoints/tft-epoch=01-val_loss=0.1768.ckpt"
}