{
  "period_statistics": {
    "2020": {
      "n_samples": 92,
      "entropy_mean": 2.9853289127349854,
      "entropy_std": 0.012292608618736267,
      "attention_concentration": 0.05006548762321472,
      "top_features": [
        [
          "t-1",
          0.05247053503990173
        ],
        [
          "t-2",
          0.05219094827771187
        ],
        [
          "t-3",
          0.05192803218960762
        ],
        [
          "t-4",
          0.05167287960648537
        ],
        [
          "t-5",
          0.051433831453323364
        ]
      ],
      "mean_attention": [
        0.04670458287000656,
        0.04607236012816429,
        0.0469522699713707,
        0.04795923829078674,
        0.04876783490180969,
        0.04933428764343262,
        0.04970192909240723,
        0.049968212842941284,
        0.050155043601989746,
        0.05034397542476654,
        0.05052165314555168,
        0.0506928376853466,
        0.0508674681186676,
        0.051050394773483276,
        0.05121169239282608,
        0.051433831453323364,
        0.05167287960648537,
        0.05192803218960762,
        0.05219094827771187,
        0.05247053503990173
      ],
      "std_attention": [
        0.00649959035217762,
        0.00645093759521842,
        0.006598498672246933,
        0.0066780936904251575,
        0.006661837920546532,
        0.006552576087415218,
        0.006416474934667349,
        0.006261589005589485,
        0.006145603954792023,
        0.006088108289986849,
        0.006104056257754564,
        0.006176067050546408,
        0.006303946953266859,
        0.0064831566996872425,
        0.006720354780554771,
        0.007029418833553791,
        0.00738024665042758,
        0.007765593938529491,
        0.008193976245820522,
        0.008632328361272812
      ]
    },
    "2021": {
      "n_samples": 250,
      "entropy_mean": 2.9902992248535156,
      "entropy_std": 0.005261762533336878,
      "attention_concentration": 0.05016294866800308,
      "top_features": [
        [
          "t-1",
          0.05412036180496216
        ],
        [
          "t-2",
          0.05369720235466957
        ],
        [
          "t-3",
          0.05328240245580673
        ],
        [
          "t-4",
          0.052889056503772736
        ],
        [
          "t-5",
          0.0525113120675087
        ]
      ],
      "mean_attention": [
        0.04539785161614418,
        0.04435097426176071,
        0.04534805938601494,
        0.046600453555583954,
        0.047645799815654755,
        0.04841393604874611,
        0.04901089519262314,
        0.049491189420223236,
        0.0499098002910614,
        0.050305675715208054,
        0.050680775195360184,
        0.051044613122940063,
        0.05140174180269241,
        0.05176391080021858,
        0.05213402211666107,
        0.0525113120675087,
        0.052889056503772736,
        0.05328240245580673,
        0.05369720235466957,
        0.05412036180496216
      ],
      "std_attention": [
        0.0038818505126982927,
        0.003921864088624716,
        0.0040635475888848305,
        0.004124828148633242,
        0.0041709584183990955,
        0.004185705445706844,
        0.004200365394353867,
        0.004190435167402029,
        0.004169679246842861,
        0.004170800559222698,
        0.004172679968178272,
        0.004180727060884237,
        0.004193698521703482,
        0.004229388665407896,
        0.004279120825231075,
        0.004340386018157005,
        0.004421527031809092,
        0.004537875298410654,
        0.004669345449656248,
        0.004836410749703646
      ]
    },
    "2022": {
      "n_samples": 249,
      "entropy_mean": 2.9820117950439453,
      "entropy_std": 0.006576890591531992,
      "attention_concentration": 0.050248969346284866,
      "top_features": [
        [
          "t-1",
          0.05545703321695328
        ],
        [
          "t-2",
          0.054822199046611786
        ],
        [
          "t-3",
          0.05421442165970802
        ],
        [
          "t-4",
          0.05362411215901375
        ],
        [
          "t-5",
          0.05305403098464012
        ]
      ],
      "mean_attention": [
        0.04350559785962105,
        0.0431540347635746,
        0.044613540172576904,
        0.04627899080514908,
        0.047529928386211395,
        0.048366691917181015,
        0.04891403019428253,
        0.04931548982858658,
        0.04971330985426903,
        0.050109174102544785,
        0.050503261387348175,
        0.05093684047460556,
        0.05141487717628479,
        0.051948439329862595,
        0.052524007856845856,
        0.05305403098464012,
        0.05362411215901375,
        0.05421442165970802,
        0.054822199046611786,
        0.05545703321695328
      ],
      "std_attention": [
        0.0066818855702877045,
        0.006696048658341169,
        0.0071732113137841225,
        0.007498792838305235,
        0.00757417781278491,
        0.007489027921110392,
        0.007318438496440649,
        0.007137742824852467,
        0.0069797467440366745,
        0.006874593440443277,
        0.006805367302149534,
        0.00681911688297987,
        0.006924325600266457,
        0.007142643444240093,
        0.007420314475893974,
        0.007760226260870695,
        0.00817213673144579,
        0.008662592619657516,
        0.009242172352969646,
        0.009915653616189957
      ]
    },
    "2023": {
      "n_samples": 249,
      "entropy_mean": 2.9877068996429443,
      "entropy_std": 0.004966170061379671,
      "attention_concentration": 0.05023891478776932,
      "top_features": [
        [
          "t-1",
          0.054650455713272095
        ],
        [
          "t-2",
          0.05417432263493538
        ],
        [
          "t-3",
          0.05370147153735161
        ],
        [
          "t-4",
          0.05324121192097664
        ],
        [
          "t-5",
          0.05280200019478798
        ]
      ],
      "mean_attention": [
        0.04355873167514801,
        0.042634110897779465,
        0.0442163459956646,
        0.04612988606095314,
        0.04762542247772217,
        0.048647332936525345,
        0.04934970289468765,
        0.04989899694919586,
        0.050313860177993774,
        0.05066299065947533,
        0.051015324890613556,
        0.05134958773851395,
        0.05168082192540169,
        0.051999956369400024,
        0.05234749987721443,
        0.05280200019478798,
        0.05324121192097664,
        0.05370147153735161,
        0.05417432263493538,
        0.054650455713272095
      ],
      "std_attention": [
        0.004618534352630377,
        0.004255242180079222,
        0.004524954129010439,
        0.004818982910364866,
        0.005035732872784138,
        0.005175561644136906,
        0.005256804637610912,
        0.005283134989440441,
        0.005291770212352276,
        0.005249119363725185,
        0.005231592804193497,
        0.00520927831530571,
        0.005196657497435808,
        0.005182341206818819,
        0.005252293311059475,
        0.00544223515316844,
        0.005692815408110619,
        0.006018118001520634,
        0.00641258480027318,
        0.0068882061168551445
      ]
    },
    "2024": {
      "n_samples": 250,
      "entropy_mean": 2.989182710647583,
      "entropy_std": 0.004703716840595007,
      "attention_concentration": 0.05032123252749443,
      "top_features": [
        [
          "t-1",
          0.055729106068611145
        ],
        [
          "t-2",
          0.05511937290430069
        ],
        [
          "t-3",
          0.05453953519463539
        ],
        [
          "t-4",
          0.053990837186574936
        ],
        [
          "t-5",
          0.053459201008081436
        ]
      ],