{
  "period_statistics": {
    "2020": {
      "n_samples": 92,
      "entropy_mean": 2.8980984687805176,
      "entropy_std": 0.07663753628730774,
      "attention_concentration": 0.05057665705680847,
      "top_features": [
        [
          "t-16",
          0.05665750429034233
        ],
        [
          "t-15",
          0.05577705800533295
        ],
        [
          "t-17",
          0.0553717203438282
        ],
        [
          "t-14",
          0.05443398281931877
        ],
        [
          "t-13",
          0.053043775260448456
        ]
      ],
      "mean_attention": [
        0.03178500384092331,
        0.0400601401925087,
        0.04975098744034767,
        0.0553717203438282,
        0.05665750429034233,
        0.05577705800533295,
        0.05443398281931877,
        0.053043775260448456,
        0.052079059183597565,
        0.05110375955700874,
        0.05033311992883682,
        0.04977567121386528,
        0.04936113953590393,
        0.04946093633770943,
        0.04953368380665779,
        0.049483999609947205,
        0.049602579325437546,
        0.04994336515665054,
        0.05071670189499855,
        0.05172576755285263
      ],
      "std_attention": [
        0.01767098717391491,
        0.020943304523825645,
        0.02462903968989849,
        0.025473041459918022,
        0.024287927895784378,
        0.022635849192738533,
        0.021558482199907303,
        0.02085326984524727,
        0.020627399906516075,
        0.020436666905879974,
        0.020365087315440178,
        0.020482590422034264,
        0.020753122866153717,
        0.021221760660409927,
        0.02165279909968376,
        0.022264249622821808,
        0.023386143147945404,
        0.024848246946930885,
        0.027329210191965103,
        0.030467161908745766
      ]
    },
    "2021": {
      "n_samples": 250,
      "entropy_mean": 2.873382568359375,
      "entropy_std": 0.10788287967443466,
      "attention_concentration": 0.0506279394030571,
      "top_features": [
        [
          "t-1",
          0.059446241706609726
        ],
        [
          "t-2",
          0.057540908455848694
        ],
        [
          "t-3",
          0.055898018181324005
        ],
        [
          "t-4",
          0.054569993168115616
        ],
        [
          "t-5",
          0.05361580476164818
        ]
      ],
      "mean_attention": [
        0.03533634543418884,
        0.0386430025100708,
        0.04365868866443634,
        0.04693946614861488,
        0.04854752495884895,
        0.04918994382023811,
        0.049451082944869995,
        0.0496169850230217,
        0.049730848520994186,
        0.04997263103723526,
        0.05037575960159302,
        0.05086037889122963,
        0.05157139524817467,
        0.052199751138687134,
        0.05283519625663757,
        0.05361580476164818,
        0.054569993168115616,
        0.055898018181324005,
        0.057540908455848694,
        0.059446241706609726
      ],
      "std_attention": [
        0.018975811079144478,
        0.02227882482111454,
        0.02630448155105114,
        0.027664881199598312,
        0.027318382635712624,
        0.02636561542749405,
        0.02555989846587181,
        0.024850081652402878,
        0.024227818474173546,
        0.02396095171570778,
        0.02403409406542778,
        0.0240883007645607,
        0.02451745793223381,
        0.02508850395679474,
        0.025713294744491577,
        0.026685252785682678,
        0.027745205909013748,
        0.030562641099095345,
        0.0346284918487072,
        0.039668451994657516
      ]
    },
    "2022": {
      "n_samples": 249,
      "entropy_mean": 2.901585340499878,
      "entropy_std": 0.09069682657718658,
      "attention_concentration": 0.0504327192902565,
      "top_features": [
        [
          "t-1",
          0.056607380509376526
        ],
        [
          "t-2",
          0.054657526314258575
        ],
        [
          "t-17",
          0.05392621457576752
        ],
        [
          "t-16",
          0.053875699639320374
        ],
        [
          "t-3",
          0.053025491535663605
        ]
      ],
      "mean_attention": [
        0.03429938107728958,
        0.04190181940793991,
        0.05023850128054619,
        0.05392621457576752,
        0.053875699639320374,
        0.05251196026802063,
        0.05117480829358101,
        0.05017974600195885,
        0.04943177476525307,
        0.04903700575232506,
        0.048944149166345596,
        0.049016714096069336,
        0.049179885536432266,
        0.04948057234287262,
        0.04999295622110367,
        0.05077524483203888,
        0.05174311622977257,
        0.053025491535663605,
        0.054657526314258575,
        0.056607380509376526
      ],
      "std_attention": [
        0.016075555235147476,
        0.01990196295082569,
        0.024357805028557777,
        0.02520679496228695,
        0.02355954982340336,
        0.02161405235528946,
        0.02000681683421135,
        0.0189084280282259,
        0.01812107115983963,
        0.017750076949596405,
        0.01785043627023697,
        0.018258385360240936,
        0.018710434436798096,
        0.019290216267108917,
        0.020145993679761887,
        0.02147892490029335,
        0.023468296974897385,
        0.026378288865089417,
        0.030483156442642212,
        0.03664368391036987
      ]
    },
    "2023": {
      "n_samples": 249,
      "entropy_mean": 2.9551610946655273,
      "entropy_std": 0.03518913686275482,
      "attention_concentration": 0.050107333809137344,
      "top_features": [
        [
          "t-1",
          0.05195295810699463
        ],
        [
          "t-2",
          0.05158211663365364
        ],
        [
          "t-3",
          0.05129775032401085
        ],
        [
          "t-14",
          0.051181990653276443
        ],
        [
          "t-15",
          0.05110296234488487
        ]
      ],
      "mean_attention": [
        0.04313221201300621,
        0.04414159804582596,
        0.04724137485027313,
        0.04951529577374458,
        0.05065691098570824,
        0.05110296234488487,
        0.051181990653276443,
        0.051052846014499664,
        0.050941843539476395,
        0.050862185657024384,
        0.05076058954000473,
        0.05067126825451851,
        0.05062194913625717,
        0.05062516778707504,
        0.0507301427423954,
        0.05087317153811455,
        0.051055628806352615,
        0.05129775032401085,
        0.05158211663365364,
        0.05195295810699463
      ],
      "std_attention": [
        0.01561038475483656,
        0.015054360963404179,
        0.015425455756485462,
        0.01529027707874775,
        0.014585452154278755,
        0.01372688077390194,
        0.012985900975763798,
        0.012363499030470848,
        0.012032100930809975,
        0.011872198432683945,
        0.011877563782036304,
        0.01200928632169962,
        0.012297259643673897,
        0.012743479572236538,
        0.013359392061829567,
        0.014201318845152855,
        0.015168417245149612,
        0.016421925276517868,
        0.017907220870256424,
        0.01962282694876194
      ]
    },
    "2024": {
      "n_samples": 250,
      "entropy_mean": 2.8916420936584473,
      "entropy_std": 0.17381326854228973,
      "attention_concentration": 0.05033070594072342,
      "top_features": [
        [
          "t-1",
          0.05760399252176285
        ],
        [
          "t-2",
          0.055880606174468994
        ],
        [
          "t-3",
          0.054785046726465225
        ],
        [
          "t-4",
          0.05401189252734184
        ],
        [
          "t-5",
          0.053299903869628906
        ]
      ],