{
  "evaluation_timestamp": "2025-10-27T12:04:03.200238",
  "statistical_metrics": {
    "mse": 1.1957004070281982,
    "rmse": 1.0934808254241943,
    "mae": 0.7803910374641418,
    "mape": 273.7476110458374,
    "r2": -0.016093730926513672,
    "mean_error": -0.13859601318836212,
    "std_error": 1.0846619606018066
  },
  "financial_metrics": {
    "directional_accuracy": 0.53671875,
    "sharpe_ratio": 0.8329736080938573,
    "max_drawdown": -0.2524605989456177,
    "total_return": 0.9216080904006958,
    "hit_rate": 0.53671875,
    "num_trades": 1280,
    "precision": 0.53671875,
    "recall": 1.0,
    "f1_score": 0.6985256736146417,
    "confusion_matrix": [
      [
        0,
        593
      ],
      [
        0,
        687
      ]
    ],
    "auc_roc": 0.4746840259112254,
    "alpha": 0.0
  },
  "residual_diagnostics": {
    "normality_p_value": 9.825838759640294e-40,
    "acf_lag1": -0.03595741729509156,
    "skewness": 0.05938510936059127,
    "kurtosis": 6.4746643069718175
  },
  "mode_stats": {
    "healthy_days": 29,
    "degraded_days": 1,
    "unidirectional_days": 297,
    "weak_collapse_days": 925,
    "strong_collapse_days": 28,
    "total_days": 1280,
    "healthy_pct": 2.265625,
    "degraded_pct": 0.078125,
    "unidirectional_pct": 23.203125,
    "weak_collapse_pct": 72.265625,
    "strong_collapse_pct": 2.1875
  },
  "collapse_detected": true,
  "degradation_detected": true,
  "checkpoint_used": "experiments/01_staleness_features_fixed/sweep_stale_h14_drop0.35_lr5/checkpoints/tft-epoch=04-val_loss=0.1633.ckpt"
}