{
  "evaluation_timestamp": "2025-10-22T23:15:47.173813",
  "statistical_metrics": {
    "mse": 1.1957004070281982,
    "rmse": 1.0934808254241943,
    "mae": 0.7803910374641418,
    "mape": 273.74770641326904,
    "r2": -0.016093730926513672,
    "mean_error": -0.1385960876941681,
    "std_error": 1.0846619606018066
  },
  "financial_metrics": {
    "directional_accuracy": 0.53671875,
    "sharpe_ratio": 0.8329736080938573,
    "max_drawdown": -0.2524605989456177,
    "total_return": 0.9216080904006958,
    "hit_rate": 0.53671875,
    "num_trades": 1280,
    "precision": 0.53671875,
    "recall": 1.0,
    "f1_score": 0.6985256736146417,
    "confusion_matrix": [
      [
        0,
        593
      ],
      [
        0,
        687
      ]
    ],
    "auc_roc": 0.47468648055553514,
    "alpha": 0.0
  },
  "residual_diagnostics": {
    "normality_p_value": 9.825454934341999e-40,
    "acf_lag1": -0.03595741739490319,
    "skewness": 0.05938519428796948,
    "kurtosis": 6.474668294048991
  },
  "checkpoint_used": "experiments/sweep_stale_h14_drop0.35_lr5/checkpoints/tft-epoch=04-val_loss=0.1633.ckpt"
}