{
  "evaluation_timestamp": "2025-10-30T03:27:36.507847",
  "statistical_metrics": {
    "mse": 1.1737570762634277,
    "rmse": 1.0834007263183594,
    "mae": 0.7738384008407593,
    "mape": 113.80829811096191,
    "r2": 0.002553582191467285,
    "mean_error": 0.015033150091767311,
    "std_error": 1.0832964181900024
  },
  "financial_metrics": {
    "directional_accuracy": 0.51171875,
    "sharpe_ratio": 0.7085250936376848,
    "max_drawdown": -0.21957971155643463,
    "total_return": 0.6854538917541504,
    "hit_rate": 0.4375,
    "num_trades": 1058,
    "precision": 0.5293005671077504,
    "recall": 0.8151382823871907,
    "f1_score": 0.6418338108882521,
    "confusion_matrix": [
      [
        95,
        498
      ],
      [
        127,
        560
      ]
    ],
    "auc_roc": 0.48759668230275094,
    "alpha": -0.2361541986465454
  },
  "residual_diagnostics": {
    "normality_p_value": 2.347316185569172e-38,
    "acf_lag1": -0.026051968235719893,
    "skewness": -0.05857676541436122,
    "kurtosis": 6.148933503780112
  },
  "mode_stats": {
    "healthy_days": 705,
    "degraded_days": 210,
    "unidirectional_days": 365,
    "weak_collapse_days": 0,
    "strong_collapse_days": 0,
    "total_days": 1280,
    "healthy_pct": 55.078125,
    "degraded_pct": 16.40625,
    "unidirectional_pct": 28.515625,
    "weak_collapse_pct": 0.0,
    "strong_collapse_pct": 0.0
  },
  "collapse_detected": false,
  "degradation_detected": true,
  "checkpoint_used": "experiments/01_staleness_features_fixed/sweep_stale_h14_drop0.35_lr5/checkpoints/tft-epoch=82-val_loss=0.3962.ckpt"
}