{
  "evaluation_timestamp": "2025-10-30T03:25:23.584054",
  "statistical_metrics": {
    "mse": 1.1788556575775146,
    "rmse": 1.0857511758804321,
    "mae": 0.7750599980354309,
    "mape": 145.09799480438232,
    "r2": -0.0017791986465454102,
    "mean_error": -0.033105671405792236,
    "std_error": 1.0852464437484741
  },
  "financial_metrics": {
    "directional_accuracy": 0.53671875,
    "sharpe_ratio": 0.8329736080938573,
    "max_drawdown": -0.2524605989456177,
    "total_return": 0.9216080904006958,
    "hit_rate": 0.53671875,
    "num_trades": 1280,
    "precision": 0.53671875,
    "recall": 1.0,
    "f1_score": 0.6985256736146417,
    "confusion_matrix": [
      [
        0,
        593
      ],
      [
        0,
        687
      ]
    ],
    "auc_roc": 0.46248321636953205,
    "alpha": 0.0
  },
  "residual_diagnostics": {
    "normality_p_value": 1.300512178407826e-38,
    "acf_lag1": -0.026816205856324257,
    "skewness": -0.07410265883749077,
    "kurtosis": 6.186308562472984
  },
  "mode_stats": {
    "healthy_days": 30,
    "degraded_days": 0,
    "unidirectional_days": 1162,
    "weak_collapse_days": 25,
    "strong_collapse_days": 63,
    "total_days": 1280,
    "healthy_pct": 2.34375,
    "degraded_pct": 0.0,
    "unidirectional_pct": 90.78125,
    "weak_collapse_pct": 1.953125,
    "strong_collapse_pct": 4.921875
  },
  "collapse_detected": true,
  "degradation_detected": true,
  "checkpoint_used": "experiments/01_staleness_features_fixed/sweep_stale_h12_drop0.30_lr5/checkpoints/tft-epoch=89-val_loss=0.3974.ckpt"
}