{
  "evaluation_timestamp": "2025-10-27T12:03:30.630374",
  "statistical_metrics": {
    "mse": 1.1768147945404053,
    "rmse": 1.0848109722137451,
    "mae": 0.7720206379890442,
    "mape": 157.81753063201904,
    "r2": -4.494190216064453e-05,
    "mean_error": -0.011819958686828613,
    "std_error": 1.0847465991973877
  },
  "financial_metrics": {
    "directional_accuracy": 0.53671875,
    "sharpe_ratio": 0.8329736080938573,
    "max_drawdown": -0.2524605989456177,
    "total_return": 0.9216080904006958,
    "hit_rate": 0.53671875,
    "num_trades": 1280,
    "precision": 0.53671875,
    "recall": 1.0,
    "f1_score": 0.6985256736146417,
    "confusion_matrix": [
      [
        0,
        593
      ],
      [
        0,
        687
      ]
    ],
    "auc_roc": 0.5478041979326986,
    "alpha": 0.0
  },
  "residual_diagnostics": {
    "normality_p_value": 3.748738212942649e-40,
    "acf_lag1": -0.03601159064690057,
    "skewness": 0.08808741434190692,
    "kurtosis": 6.528307227558571
  },
  "mode_stats": {
    "healthy_days": 29,
    "degraded_days": 1,
    "unidirectional_days": 422,
    "weak_collapse_days": 801,
    "strong_collapse_days": 27,
    "total_days": 1280,
    "healthy_pct": 2.265625,
    "degraded_pct": 0.078125,
    "unidirectional_pct": 32.96875,
    "weak_collapse_pct": 62.57812499999999,
    "strong_collapse_pct": 2.109375
  },
  "collapse_detected": true,
  "degradation_detected": true,
  "checkpoint_used": "experiments/01_staleness_features_fixed/sweep_stale_h12_drop0.30_lr5/checkpoints/tft-epoch=03-val_loss=0.1437.ckpt"
}