{
  "evaluation_timestamp": "2025-10-22T23:15:23.072059",
  "statistical_metrics": {
    "mse": 1.1768147945404053,
    "rmse": 1.0848109722137451,
    "mae": 0.7720206379890442,
    "mape": 157.81757831573486,
    "r2": -4.482269287109375e-05,
    "mean_error": -0.01181997824460268,
    "std_error": 1.0847465991973877
  },
  "financial_metrics": {
    "directional_accuracy": 0.53671875,
    "sharpe_ratio": 0.8329736080938573,
    "max_drawdown": -0.2524605989456177,
    "total_return": 0.9216080904006958,
    "hit_rate": 0.53671875,
    "num_trades": 1280,
    "precision": 0.53671875,
    "recall": 1.0,
    "f1_score": 0.6985256736146417,
    "confusion_matrix": [
      [
        0,
        593
      ],
      [
        0,
        687
      ]
    ],
    "auc_roc": 0.5478041979326986,
    "alpha": 0.0
  },
  "residual_diagnostics": {
    "normality_p_value": 3.748735735948855e-40,
    "acf_lag1": -0.0360115875540147,
    "skewness": 0.08808744936516408,
    "kurtosis": 6.528307227558571
  },
  "checkpoint_used": "experiments/sweep_stale_h12_drop0.30_lr5/checkpoints/tft-epoch=03-val_loss=0.1437.ckpt"
}