{
  "evaluation_timestamp": "2025-10-30T03:28:17.910867",
  "statistical_metrics": {
    "mse": 1.1746562719345093,
    "rmse": 1.083815574645996,
    "mae": 0.7723486423492432,
    "mape": 144.47314739227295,
    "r2": 0.001789391040802002,
    "mean_error": -0.003125834511592984,
    "std_error": 1.0838111639022827
  },
  "financial_metrics": {
    "directional_accuracy": 0.53671875,
    "sharpe_ratio": 0.8329736080938573,
    "max_drawdown": -0.2524605989456177,
    "total_return": 0.9216080904006958,
    "hit_rate": 0.53671875,
    "num_trades": 1280,
    "precision": 0.53671875,
    "recall": 1.0,
    "f1_score": 0.6985256736146417,
    "confusion_matrix": [
      [
        0,
        593
      ],
      [
        0,
        687
      ]
    ],
    "auc_roc": 0.5065330358304431,
    "alpha": 0.0
  },
  "residual_diagnostics": {
    "normality_p_value": 2.743769824205937e-39,
    "acf_lag1": -0.03612374724694924,
    "skewness": 0.04497180370858528,
    "kurtosis": 6.384331123428014
  },
  "mode_stats": {
    "healthy_days": 30,
    "degraded_days": 0,
    "unidirectional_days": 1125,
    "weak_collapse_days": 122,
    "strong_collapse_days": 3,
    "total_days": 1280,
    "healthy_pct": 2.34375,
    "degraded_pct": 0.0,
    "unidirectional_pct": 87.890625,
    "weak_collapse_pct": 9.53125,
    "strong_collapse_pct": 0.234375
  },
  "collapse_detected": true,
  "degradation_detected": true,
  "checkpoint_used": "experiments/01_staleness_features_fixed/sweep_stale_h16_drop0.20_lr5/checkpoints/tft-epoch=84-val_loss=0.3980.ckpt"
}