{
  "evaluation_timestamp": "2025-10-27T12:04:13.934979",
  "statistical_metrics": {
    "mse": 1.1781854629516602,
    "rmse": 1.0854425430297852,
    "mae": 0.7722642421722412,
    "mape": 167.25724935531616,
    "r2": -0.0012096166610717773,
    "mean_error": -0.02927791140973568,
    "std_error": 1.0850476026535034
  },
  "financial_metrics": {
    "directional_accuracy": 0.53671875,
    "sharpe_ratio": 0.8329736080938573,
    "max_drawdown": -0.2524605989456177,
    "total_return": 0.9216080904006958,
    "hit_rate": 0.53671875,
    "num_trades": 1280,
    "precision": 0.53671875,
    "recall": 1.0,
    "f1_score": 0.6985256736146417,
    "confusion_matrix": [
      [
        0,
        593
      ],
      [
        0,
        687
      ]
    ],
    "auc_roc": 0.5221764840165837,
    "alpha": 0.0
  },
  "residual_diagnostics": {
    "normality_p_value": 1.928804687369803e-40,
    "acf_lag1": -0.03595214189400731,
    "skewness": 0.10331705669992512,
    "kurtosis": 6.5656578760529385
  },
  "mode_stats": {
    "healthy_days": 29,
    "degraded_days": 1,
    "unidirectional_days": 765,
    "weak_collapse_days": 485,
    "strong_collapse_days": 0,
    "total_days": 1280,
    "healthy_pct": 2.265625,
    "degraded_pct": 0.078125,
    "unidirectional_pct": 59.765625,
    "weak_collapse_pct": 37.890625,
    "strong_collapse_pct": 0.0
  },
  "collapse_detected": true,
  "degradation_detected": true,
  "checkpoint_used": "experiments/01_staleness_features_fixed/sweep_stale_h16_drop0.20_lr5/checkpoints/tft-epoch=01-val_loss=0.1479.ckpt"
}