{
  "evaluation_timestamp": "2025-10-22T23:15:55.322597",
  "statistical_metrics": {
    "mse": 1.1781854629516602,
    "rmse": 1.0854425430297852,
    "mae": 0.7722642421722412,
    "mape": 167.2572374343872,
    "r2": -0.0012096166610717773,
    "mean_error": -0.029277825728058815,
    "std_error": 1.0850476026535034
  },
  "financial_metrics": {
    "directional_accuracy": 0.53671875,
    "sharpe_ratio": 0.8329736080938573,
    "max_drawdown": -0.2524605989456177,
    "total_return": 0.9216080904006958,
    "hit_rate": 0.53671875,
    "num_trades": 1280,
    "precision": 0.53671875,
    "recall": 1.0,
    "f1_score": 0.6985256736146417,
    "confusion_matrix": [
      [
        0,
        593
      ],
      [
        0,
        687
      ]
    ],
    "auc_roc": 0.5221789386608933,
    "alpha": 0.0
  },
  "residual_diagnostics": {
    "normality_p_value": 1.928779672125446e-40,
    "acf_lag1": -0.03595214368301407,
    "skewness": 0.10331705669992512,
    "kurtosis": 6.565659252105046
  },
  "checkpoint_used": "experiments/sweep_stale_h16_drop0.20_lr5/checkpoints/tft-epoch=01-val_loss=0.1479.ckpt"
}