{
  "period_statistics": {
    "2020": {
      "n_samples": 92,
      "entropy_mean": 2.789141893386841,
      "entropy_std": 0.24409747123718262,
      "attention_concentration": 0.05108874291181564,
      "top_features": [
        [
          "t-1",
          0.07066135108470917
        ],
        [
          "t-2",
          0.06445372849702835
        ],
        [
          "t-3",
          0.05966631695628166
        ],
        [
          "t-4",
          0.05631653219461441
        ],
        [
          "t-5",
          0.053874921053647995
        ]
      ],
      "mean_attention": [
        0.04049261659383774,
        0.04310504347085953,
        0.044906388968229294,
        0.045384086668491364,
        0.0453912690281868,
        0.04545982927083969,
        0.04560306668281555,
        0.045798152685165405,
        0.04640646651387215,
        0.04677196219563484,
        0.04729149490594864,
        0.04785649850964546,
        0.048626553267240524,
        0.05008664354681969,
        0.05184706300497055,
        0.053874921053647995,
        0.05631653219461441,
        0.05966631695628166,
        0.06445372849702835,
        0.07066135108470917
      ],
      "std_attention": [
        0.02797376923263073,
        0.029589371755719185,
        0.02895841747522354,
        0.02777193859219551,
        0.02668452449142933,
        0.026394350454211235,
        0.02616574615240097,
        0.02611878700554371,
        0.026821119710803032,
        0.026903260499238968,
        0.027536973357200623,
        0.02802172303199768,
        0.028854068368673325,
        0.030664358288049698,
        0.033327616751194,
        0.03686701878905296,
        0.041274890303611755,
        0.0479724258184433,
        0.06006040424108505,
        0.07759512215852737
      ]
    },
    "2021": {
      "n_samples": 250,
      "entropy_mean": 2.782749891281128,
      "entropy_std": 0.37486401200294495,
      "attention_concentration": 0.05046645179390907,
      "top_features": [
        [
          "t-1",
          0.06407232582569122
        ],
        [
          "t-2",
          0.06022336333990097
        ],
        [
          "t-3",
          0.055937085300683975
        ],
        [
          "t-4",
          0.05263623967766762
        ],
        [
          "t-5",
          0.051526304334402084
        ]
      ],
      "mean_attention": [
        0.04466176778078079,
        0.045637182891368866,
        0.04598165675997734,
        0.046218328177928925,
        0.04682089388370514,
        0.04714200645685196,
        0.047505296766757965,
        0.04767022281885147,
        0.04790893569588661,
        0.04815144091844559,
        0.04859355837106705,
        0.04890415072441101,
        0.04964317008852959,
        0.050176654011011124,
        0.050589412450790405,
        0.051526304334402084,
        0.05263623967766762,
        0.055937085300683975,
        0.06022336333990097,
        0.06407232582569122
      ],
      "std_attention": [
        0.02510678768157959,
        0.027219898998737335,
        0.02585795521736145,
        0.02509930729866028,
        0.02625120058655739,
        0.02687392383813858,
        0.028319206088781357,
        0.029165498912334442,
        0.030237073078751564,
        0.030678870156407356,
        0.03212618827819824,
        0.03263605013489723,
        0.035664405673742294,
        0.03788240626454353,
        0.03997718542814255,
        0.04354269057512283,
        0.047020453959703445,
        0.0597192645072937,
        0.08157586306333542,
        0.09443031996488571
      ]
    },
    "2022": {
      "n_samples": 249,
      "entropy_mean": 2.554847240447998,
      "entropy_std": 0.4186694920063019,
      "attention_concentration": 0.05299125611782074,
      "top_features": [
        [
          "t-1",
          0.0859539806842804
        ],
        [
          "t-2",
          0.07092706114053726
        ],
        [
          "t-3",
          0.06297380477190018
        ],
        [
          "t-4",
          0.05822473391890526
        ],
        [
          "t-5",
          0.05521317571401596
        ]
      ],
      "mean_attention": [
        0.03214011341333389,
        0.037247516214847565,
        0.03979799896478653,
        0.04008018970489502,
        0.03999561071395874,
        0.040609266608953476,
        0.042228419333696365,
        0.044586993753910065,
        0.04636848345398903,
        0.04772810637950897,
        0.04910663515329361,
        0.05033299699425697,
        0.051195427775382996,
        0.05203033983707428,
        0.05325911566615105,
        0.05521317571401596,
        0.05822473391890526,
        0.06297380477190018,
        0.07092706114053726,
        0.0859539806842804
      ],
      "std_attention": [
        0.03461041301488876,
        0.03817002847790718,
        0.03903953358530998,
        0.03707423061132431,
        0.03519264608621597,
        0.03532155603170395,
        0.03684185817837715,
        0.039071545004844666,
        0.039606936275959015,
        0.0399303212761879,
        0.04129696264863014,
        0.04322425276041031,
        0.04501541703939438,
        0.046705543994903564,
        0.0490531399846077,
        0.05234314501285553,
        0.05907103419303894,
        0.06975432485342026,
        0.08455266058444977,
        0.12617941200733185
      ]
    },
    "2023": {
      "n_samples": 249,
      "entropy_mean": 2.943819522857666,
      "entropy_std": 0.12694869935512543,
      "attention_concentration": 0.05010021850466728,
      "top_features": [
        [
          "t-1",
          0.0554545596241951
        ],
        [
          "t-2",
          0.054024189710617065
        ],
        [
          "t-3",
          0.05286189913749695
        ],
        [
          "t-4",
          0.052023209631443024
        ],
        [
          "t-5",
          0.0513848215341568
        ]
      ],
      "mean_attention": [
        0.046441059559583664,
        0.046967022120952606,
        0.04753658175468445,
        0.04792933166027069,
        0.04834551364183426,
        0.04875699058175087,
        0.049113500863313675,
        0.049141570925712585,
        0.049280956387519836,
        0.0495353527367115,
        0.049711085855960846,
        0.049884628504514694,
        0.05013953894376755,
        0.05048873648047447,
        0.050979405641555786,
        0.0513848215341568,
        0.052023209631443024,
        0.05286189913749695,
        0.054024189710617065,
        0.0554545596241951
      ],
      "std_attention": [
        0.014879483729600906,
        0.014388647861778736,
        0.013984165154397488,
        0.013486271724104881,
        0.013066884130239487,
        0.012995267286896706,
        0.013287699781358242,
        0.012852245941758156,
        0.01313854195177555,
        0.013511264696717262,
        0.014125166460871696,
        0.014666641131043434,
        0.015411694534122944,
        0.016270674765110016,
        0.017507387325167656,
        0.018957559019327164,
        0.02094719000160694,
        0.02397969923913479,
        0.029446162283420563,
        0.0357084684073925
      ]
    },
    "2024": {
      "n_samples": 250,
      "entropy_mean": 2.9247069358825684,
      "entropy_std": 0.3177419602870941,
      "attention_concentration": 0.050087474286556244,
      "top_features": [
        [
          "t-1",
          0.0546269528567791
        ],
        [
          "t-2",
          0.053987015038728714
        ],
        [
          "t-3",
          0.05353681743144989
        ],
        [
          "t-4",
          0.052878379821777344
        ],
        [
          "t-5",
          0.05162886902689934
        ]
      ],