{
  "period_statistics": {
    "2020": {
      "n_samples": 92,
      "entropy_mean": 2.9931023120880127,
      "entropy_std": 0.0018486793851479888,
      "attention_concentration": 0.050174590200185776,
      "top_features": [
        [
          "t-1",
          0.05678616464138031
        ],
        [
          "t-2",
          0.0552494041621685
        ],
        [
          "t-20",
          0.054354213178157806
        ],
        [
          "t-3",
          0.05384441092610359
        ],
        [
          "t-4",
          0.05261068418622017
        ]
      ],
      "mean_attention": [
        0.054354213178157806,
        0.04947235807776451,
        0.04883568361401558,
        0.04797730594873428,
        0.04739731177687645,
        0.04715011268854141,
        0.04708637297153473,
        0.04715760797262192,
        0.04733934998512268,
        0.04759932681918144,
        0.047954946756362915,
        0.04841578006744385,
        0.048996537923812866,
        0.04970685392618179,
        0.05054234340786934,
        0.05152319744229317,
        0.05261068418622017,
        0.05384441092610359,
        0.0552494041621685,
        0.05678616464138031
      ],
      "std_attention": [
        0.002831204328685999,
        0.0021803220734000206,
        0.0020602301228791475,
        0.0019131206208840013,
        0.0019015660509467125,
        0.0018215278396382928,
        0.001780977938324213,
        0.0017908738227561116,
        0.0018481264123693109,
        0.0018867369508370757,
        0.0019391659880056977,
        0.0019932512659579515,
        0.002035886747762561,
        0.0020746509544551373,
        0.0021188375540077686,
        0.002180576091632247,
        0.002275052247568965,
        0.002395463176071644,
        0.002589097013697028,
        0.002873531309887767
      ]
    },
    "2021": {
      "n_samples": 250,
      "entropy_mean": 2.9526913166046143,
      "entropy_std": 0.027727682143449783,
      "attention_concentration": 0.05013909935951233,
      "top_features": [
        [
          "t-1",
          0.055113352835178375
        ],
        [
          "t-2",
          0.0543372705578804
        ],
        [
          "t-20",
          0.05432154983282089
        ],
        [
          "t-3",
          0.05350714549422264
        ],
        [
          "t-4",
          0.05263088271021843
        ]
      ],
      "mean_attention": [
        0.05432154983282089,
        0.050012413412332535,
        0.04940381273627281,
        0.0485139898955822,
        0.04783155769109726,
        0.04742186889052391,
        0.04714503884315491,
        0.0470866821706295,
        0.04722113907337189,
        0.04745355620980263,
        0.04785645753145218,
        0.04842665418982506,
        0.04915805906057358,
        0.04998112469911575,
        0.05085282027721405,
        0.0517246350646019,
        0.05263088271021843,
        0.05350714549422264,
        0.0543372705578804,
        0.055113352835178375
      ],
      "std_attention": [
        0.02059352397918701,
        0.018360434100031853,
        0.017442310228943825,
        0.016354801133275032,
        0.01532621681690216,
        0.014565791003406048,
        0.013896924443542957,
        0.013383409008383751,
        0.013094575144350529,
        0.012888660654425621,
        0.012778631411492825,
        0.01274722907692194,
        0.01284522283822298,
        0.013050977140665054,
        0.013492940925061703,
        0.013930310495197773,
        0.014383038505911827,
        0.014852677471935749,
        0.015543423593044281,
        0.01640814170241356
      ]
    },
    "2022": {
      "n_samples": 249,
      "entropy_mean": 2.9824278354644775,
      "entropy_std": 0.008579129353165627,
      "attention_concentration": 0.05070433020591736,
      "top_features": [
        [
          "t-20",
          0.06863560527563095
        ],
        [
          "t-19",
          0.06186772882938385
        ],
        [
          "t-18",
          0.05780904367566109
        ],
        [
          "t-17",
          0.05399210378527641
        ],
        [
          "t-16",
          0.05135898292064667
        ]
      ],
      "mean_attention": [
        0.06863560527563095,
        0.06186772882938385,
        0.05780904367566109,
        0.05399210378527641,
        0.05135898292064667,
        0.049571458250284195,
        0.04844646155834198,
        0.0476873479783535,
        0.04714225232601166,
        0.04682772979140282,
        0.046655651181936264,
        0.046577274799346924,
        0.04657776653766632,
        0.04663919657468796,
        0.046716392040252686,
        0.046797845512628555,
        0.046812042593955994,
        0.0467708520591259,
        0.04665963351726532,
        0.04645463079214096
      ],
      "std_attention": [
        0.011511111631989479,
        0.009555446915328503,
        0.007707536686211824,
        0.006342737469822168,
        0.0054682050831615925,
        0.00489287031814456,
        0.004518082365393639,
        0.004320817068219185,
        0.004166685976088047,
        0.004120413679629564,
        0.004122322890907526,
        0.0041543105617165565,
        0.004233019892126322,
        0.004446681588888168,
        0.0047287228517234325,
        0.005025327205657959,
        0.005369512364268303,
        0.005725498776882887,
        0.006054032128304243,
        0.006365633569657803
      ]
    },
    "2023": {
      "n_samples": 249,
      "entropy_mean": 2.9437403678894043,
      "entropy_std": 0.04572995752096176,
      "attention_concentration": 0.05071663483977318,
      "top_features": [
        [
          "t-1",
          0.0605957992374897
        ],
        [
          "t-2",
          0.059393465518951416
        ],
        [
          "t-3",
          0.058021172881126404
        ],
        [
          "t-20",
          0.058000098913908005
        ],
        [
          "t-4",
          0.056489452719688416
        ]
      ],
      "mean_attention": [
        0.058000098913908005,
        0.05145690217614174,
        0.0481073372066021,
        0.04539213329553604,
        0.04368152841925621,
        0.0427975170314312,
        0.042609818279743195,
        0.04293103888630867,
        0.043676797300577164,
        0.044755108654499054,
        0.04609023034572601,
        0.04764179512858391,
        0.049357764422893524,
        0.05117594823241234,
        0.05302046984434128,
        0.05480562150478363,
        0.056489452719688416,
        0.058021172881126404,
        0.059393465518951416,
        0.0605957992374897
      ],
      "std_attention": [
        0.03167670592665672,
        0.024870412424206734,
        0.021288633346557617,
        0.018265407532453537,
        0.015391559340059757,
        0.012818717397749424,
        0.011249914765357971,
        0.010249459184706211,
        0.009585912339389324,
        0.009192615747451782,
        0.009067116305232048,
        0.009260737337172031,
        0.009810253977775574,
        0.010725967586040497,
        0.01186203770339489,
        0.013215080834925175,
        0.014628652483224869,
        0.01607951708137989,
        0.017561007291078568,
        0.019009117037057877
      ]
    },
    "2024": {
      "n_samples": 250,
      "entropy_mean": 2.8590080738067627,
      "entropy_std": 0.12092829495668411,
      "attention_concentration": 0.05338442698121071,
      "top_features": [
        [
          "t-1",
          0.07790657132863998
        ],
        [
          "t-2",
          0.07391269505023956
        ],
        [
          "t-3",
          0.06993675976991653
        ],
        [
          "t-4",
          0.06596236675977707
        ],
        [
          "t-5",
          0.06189103424549103
        ]
      ],