{
  "period_statistics": {
    "2020": {
      "n_samples": 92,
      "entropy_mean": 2.8696773052215576,
      "entropy_std": 0.10655075311660767,
      "attention_concentration": 0.05088965967297554,
      "top_features": [
        [
          "t-17",
          0.06548203527927399
        ],
        [
          "t-18",
          0.06287751346826553
        ],
        [
          "t-16",
          0.06230254843831062
        ],
        [
          "t-15",
          0.05750923603773117
        ],
        [
          "t-14",
          0.05339951068162918
        ]
      ],
      "mean_attention": [
        0.04238342121243477,
        0.05286933481693268,
        0.06287751346826553,
        0.06548203527927399,
        0.06230254843831062,
        0.05750923603773117,
        0.05339951068162918,
        0.05027611181139946,
        0.04830854386091232,
        0.046836309134960175,
        0.045888252556324005,
        0.045315057039260864,
        0.04499807208776474,
        0.044999510049819946,
        0.04514612257480621,
        0.045262519270181656,
        0.045549988746643066,
        0.0460316464304924,
        0.04681533947587013,
        0.04774899035692215
      ],
      "std_attention": [
        0.023894984275102615,
        0.026960423216223717,
        0.030174486339092255,
        0.030253317207098007,
        0.028393421322107315,
        0.026417171582579613,
        0.025082046166062355,
        0.024141600355505943,
        0.023724965751171112,
        0.02341633476316929,
        0.023322217166423798,
        0.02336646430194378,
        0.023551514372229576,
        0.02380416728556156,
        0.02415754832327366,
        0.02474287897348404,
        0.025800611823797226,
        0.027289733290672302,
        0.029709571972489357,
        0.03275223448872566
      ]
    },
    "2021": {
      "n_samples": 250,
      "entropy_mean": 2.8959250450134277,
      "entropy_std": 0.1337873488664627,
      "attention_concentration": 0.05009008198976517,
      "top_features": [
        [
          "t-17",
          0.052870966494083405
        ],
        [
          "t-16",
          0.05274272710084915
        ],
        [
          "t-1",
          0.052647922188043594
        ],
        [
          "t-15",
          0.05188332870602608
        ],
        [
          "t-2",
          0.05159725993871689
        ]
      ],
      "mean_attention": [
        0.04329514876008034,
        0.04686122015118599,
        0.05110713839530945,
        0.052870966494083405,
        0.05274272710084915,
        0.05188332870602608,
        0.051007483154535294,
        0.05031405761837959,
        0.049744825810194016,
        0.049388837069272995,
        0.04921711981296539,
        0.04910740256309509,
        0.04920847341418266,
        0.04930339381098747,
        0.04936087131500244,
        0.04960300028324127,
        0.05000947788357735,
        0.050729408860206604,
        0.05159725993871689,
        0.052647922188043594
      ],
      "std_attention": [
        0.019536331295967102,
        0.02314484864473343,
        0.026606960222125053,
        0.027063237503170967,
        0.026162270456552505,
        0.02484651282429695,
        0.023933030664920807,
        0.02314404398202896,
        0.022600647062063217,
        0.022350726649165154,
        0.022430850192904472,
        0.022323723882436752,
        0.022536098957061768,
        0.022948576137423515,
        0.023302236571907997,
        0.02435506321489811,
        0.02564050629734993,
        0.02857937663793564,
        0.03210517019033432,
        0.03682791069149971
      ]
    },
    "2022": {
      "n_samples": 249,
      "entropy_mean": 2.874584913253784,
      "entropy_std": 0.12118425220251083,
      "attention_concentration": 0.05028362199664116,
      "top_features": [
        [
          "t-17",
          0.05742952972650528
        ],
        [
          "t-18",
          0.05616560950875282
        ],
        [
          "t-1",
          0.055589720606803894
        ],
        [
          "t-16",
          0.05500170588493347
        ],
        [
          "t-2",
          0.05333215743303299
        ]
      ],
      "mean_attention": [
        0.04250779002904892,
        0.0495263934135437,
        0.05616560950875282,
        0.05742952972650528,
        0.05500170588493347,
        0.05198320373892784,
        0.049687642604112625,
        0.04821716248989105,
        0.047271955758333206,
        0.04682913422584534,
        0.046779707074165344,
        0.04690977558493614,
        0.04712195694446564,
        0.04744438827037811,
        0.04799870029091835,
        0.04886692762374878,
        0.049939047545194626,
        0.051397550851106644,
        0.05333215743303299,
        0.055589720606803894
      ],
      "std_attention": [
        0.021871622651815414,
        0.025926468893885612,
        0.030052995309233665,
        0.029567211866378784,
        0.026603175327181816,
        0.024088488891720772,
        0.02240736596286297,
        0.02133355475962162,
        0.020558832213282585,
        0.02033708617091179,
        0.020695175975561142,
        0.021298041567206383,
        0.02187671884894371,
        0.0223500095307827,
        0.023262491449713707,
        0.024853086099028587,
        0.02728845179080963,
        0.030873388051986694,
        0.03594687208533287,
        0.04366595670580864
      ]
    },
    "2023": {
      "n_samples": 249,
      "entropy_mean": 2.969162702560425,
      "entropy_std": 0.023790650069713593,
      "attention_concentration": 0.05002758279442787,
      "top_features": [
        [
          "t-16",
          0.05167612433433533
        ],
        [
          "t-15",
          0.05156910419464111
        ],
        [
          "t-14",
          0.051271650940179825
        ],
        [
          "t-17",
          0.05125902593135834
        ],
        [
          "t-13",
          0.050886526703834534
        ]
      ],
      "mean_attention": [
        0.04662884771823883,
        0.04757476970553398,
        0.04980484023690224,
        0.05125902593135834,
        0.05167612433433533,
        0.05156910419464111,
        0.051271650940179825,
        0.050886526703834534,
        0.05059394985437393,
        0.050365548580884933,
        0.05013280734419823,
        0.04992961511015892,
        0.049770787358284,
        0.04966910928487778,
        0.04966351389884949,
        0.04965461418032646,
        0.049710504710674286,
        0.04981387406587601,
        0.04992527514696121,
        0.050099533051252365
      ],
      "std_attention": [
        0.012507421895861626,
        0.01235139463096857,
        0.01255220826715231,
        0.01237220037728548,
        0.011750105768442154,
        0.01107525173574686,
        0.010528387501835823,
        0.010061439126729965,
        0.009859149344265461,
        0.009770369157195091,
        0.009819533675909042,
        0.009946675039827824,
        0.010170276276767254,
        0.010485552251338959,
        0.010984453372657299,
        0.011604203842580318,
        0.012340562418103218,
        0.01334841363132,
        0.014448999427258968,
        0.015789296478033066
      ]
    },
    "2024": {
      "n_samples": 250,
      "entropy_mean": 2.9064760208129883,
      "entropy_std": 0.20809783041477203,
      "attention_concentration": 0.050112444907426834,
      "top_features": [
        [
          "t-1",
          0.05513039603829384
        ],
        [
          "t-2",
          0.053906600922346115
        ],
        [
          "t-3",
          0.05299843102693558
        ],
        [
          "t-4",
          0.052328918129205704
        ],
        [
          "t-5",
          0.051716119050979614
        ]
      ],