{
  "period_statistics": {
    "2020": {
      "n_samples": 92,
      "entropy_mean": 2.9841506481170654,
      "entropy_std": 0.013993392698466778,
      "attention_concentration": 0.050079893320798874,
      "top_features": [
        [
          "t-1",
          0.05224018916487694
        ],
        [
          "t-2",
          0.05202826112508774
        ],
        [
          "t-3",
          0.051829855889081955
        ],
        [
          "t-4",
          0.05163784697651863
        ],
        [
          "t-5",
          0.05146056041121483
        ]
      ],
      "mean_attention": [
        0.04600194841623306,
        0.045351382344961166,
        0.04649767279624939,
        0.04782158508896828,
        0.04886114224791527,
        0.0495615117251873,
        0.04999774321913719,
        0.05029013007879257,
        0.05047711730003357,
        0.05064747482538223,
        0.050795771181583405,
        0.05093160271644592,
        0.05106714367866516,
        0.05120007321238518,
        0.05130099877715111,
        0.05146056041121483,
        0.05163784697651863,
        0.051829855889081955,
        0.05202826112508774,
        0.05224018916487694
      ],
      "std_attention": [
        0.006562421564012766,
        0.006590291857719421,
        0.006798398215323687,
        0.006943045184016228,
        0.0069760512560606,
        0.0069015128538012505,
        0.006785500328987837,
        0.006643314380198717,
        0.006527728866785765,
        0.006467808037996292,
        0.00647716736420989,
        0.006541822571307421,
        0.0066667357459664345,
        0.006843185052275658,
        0.007084710523486137,
        0.007395707070827484,
        0.0077445912174880505,
        0.008122474886476994,
        0.00853461492806673,
        0.008948276750743389
      ]
    },
    "2021": {
      "n_samples": 250,
      "entropy_mean": 2.9906527996063232,
      "entropy_std": 0.005074835382401943,
      "attention_concentration": 0.050155140459537506,
      "top_features": [
        [
          "t-1",
          0.05350838229060173
        ],
        [
          "t-2",
          0.053198765963315964
        ],
        [
          "t-3",
          0.052893057465553284
        ],
        [
          "t-4",
          0.052603285759687424
        ],
        [
          "t-5",
          0.052323728799819946
        ]
      ],
      "mean_attention": [
        0.044965628534555435,
        0.04401351511478424,
        0.04526294022798538,
        0.046770792454481125,
        0.047980308532714844,
        0.048826396465301514,
        0.04944105073809624,
        0.049902912229299545,
        0.050279609858989716,
        0.050616879016160965,
        0.05092248693108559,
        0.05120943859219551,
        0.05148303881287575,
        0.05175767466425896,
        0.05204011872410774,
        0.052323728799819946,
        0.052603285759687424,
        0.052893057465553284,
        0.053198765963315964,
        0.05350838229060173
      ],
      "std_attention": [
        0.0037045106291770935,
        0.0037849489599466324,
        0.00393224973231554,
        0.004000958986580372,
        0.004049173556268215,
        0.0040609524585306644,
        0.004068292211741209,
        0.004052064847201109,
        0.0040264371782541275,
        0.004018899518996477,
        0.0040140715427696705,
        0.004016571212559938,
        0.004024350084364414,
        0.004052968230098486,
        0.004089784808456898,
        0.004135186783969402,
        0.004195339512079954,
        0.004284893628209829,
        0.004384498577564955,
        0.004513644613325596
      ]
    },
    "2022": {
      "n_samples": 249,
      "entropy_mean": 2.9815683364868164,
      "entropy_std": 0.006490339990705252,
      "attention_concentration": 0.05028436705470085,
      "top_features": [
        [
          "t-1",
          0.05538024380803108
        ],
        [
          "t-2",
          0.054807111620903015
        ],
        [
          "t-3",
          0.05425415560603142
        ],
        [
          "t-4",
          0.05371265485882759
        ],
        [
          "t-5",
          0.05318540334701538
        ]
      ],
      "mean_attention": [
        0.04264891520142555,
        0.04224951192736626,
        0.044065117835998535,
        0.04608993977308273,
        0.0475744754076004,
        0.048534706234931946,
        0.04914310947060585,
        0.0495707131922245,
        0.049976978451013565,
        0.05037316679954529,
        0.0507613830268383,
        0.051182784140110016,
        0.05164366960525513,
        0.05215410888195038,
        0.05269191414117813,
        0.05318540334701538,
        0.05371265485882759,
        0.05425415560603142,
        0.054807111620903015,
        0.05538024380803108
      ],
      "std_attention": [
        0.0067457580007612705,
        0.0067424047738313675,
        0.007253938354551792,
        0.007599579636007547,
        0.007665878627449274,
        0.007555664051324129,
        0.007356544956564903,
        0.007146407384425402,
        0.006967140827327967,
        0.006851610727608204,
        0.006776362657546997,
        0.006789189297705889,
        0.00689821457490325,
        0.007119378075003624,
        0.007389767561107874,
        0.007736746221780777,
        0.008154607377946377,
        0.008647458627820015,
        0.009221719577908516,
        0.009876664727926254
      ]
    },
    "2023": {
      "n_samples": 249,
      "entropy_mean": 2.9867687225341797,
      "entropy_std": 0.0049973842687904835,
      "attention_concentration": 0.050283145159482956,
      "top_features": [
        [
          "t-1",
          0.054640669375658035
        ],
        [
          "t-2",
          0.05421196669340134
        ],
        [
          "t-3",
          0.053784359246492386
        ],
        [
          "t-4",
          0.05336786434054375
        ],
        [
          "t-5",
          0.052969470620155334
        ]
      ],
      "mean_attention": [
        0.04275556653738022,
        0.04168901592493057,
        0.04354380816221237,
        0.04579862579703331,
        0.04756322130560875,
        0.04875731095671654,
        0.04956081882119179,
        0.050165001302957535,
        0.050604816526174545,
        0.050958335399627686,
        0.051301777362823486,
        0.0516199916601181,
        0.05192985385656357,
        0.0522252693772316,
        0.0525522381067276,
        0.052969470620155334,
        0.05336786434054375,
        0.053784359246492386,
        0.05421196669340134,
        0.054640669375658035
      ],
      "std_attention": [
        0.0045024920254945755,
        0.004187606740742922,
        0.004549218807369471,
        0.004945003893226385,
        0.005241668317466974,
        0.005433002021163702,
        0.005543103441596031,
        0.0055847447365522385,
        0.00559056643396616,
        0.005535956006497145,
        0.005499604158103466,
        0.005457637831568718,
        0.005427166353911161,
        0.005408175755292177,
        0.00549509609118104,
        0.005678189918398857,
        0.00594025943428278,
        0.006281890906393528,
        0.006700847297906876,
        0.007201738189905882
      ]
    },
    "2024": {
      "n_samples": 250,
      "entropy_mean": 2.9884989261627197,
      "entropy_std": 0.00484000938013196,
      "attention_concentration": 0.0503549799323082,
      "top_features": [
        [
          "t-1",
          0.05563846230506897
        ],
        [
          "t-2",
          0.05507630482316017
        ],
        [
          "t-3",
          0.054542455822229385
        ],
        [
          "t-4",
          0.05403696745634079
        ],
        [
          "t-5",
          0.05354860797524452
        ]
      ],