
[INFO] Using AUTO device selection.

[INFO] Patched matplotlib.Axes.errorbar to abs() negative yerr for robustness.
======================================================================
Training TFT: 10_quantile_horizon_sweep/daily_7q_h30_s456
======================================================================
Logging to: experiments/10_quantile_horizon_sweep/daily_7q_h30_s456/training_20251210_220324.log
Started at: 2025-12-10 22:03:24
======================================================================
Configuration saved to: experiments/10_quantile_horizon_sweep/daily_7q_h30_s456/config.json

Loading data splits...
Train: 6074 samples
Val: 1302 samples
Test: 1302 samples

Preparing TimeSeriesDataSet...

Dropping source columns (used for staleness only): ['CPI']

Final features for TFT: ['SP500_Returns', 'VIX', 'Treasury_10Y', 'Yield_Spread', 'Inflation_YoY']

======================================================================
FEATURE STATISTICS - BEFORE NORMALIZATION
======================================================================
VIX                             mean= 19.7438  std=  8.0295  min=  9.3100  max= 80.8600
Treasury_10Y                    mean=  4.7672  std=  1.6903  min=  1.4300  max=  8.3600
Yield_Spread                    mean=  1.2778  std=  0.9179  min= -0.5200  max=  2.9100
Inflation_YoY                   mean=  2.5322  std=  1.1865  min= -2.1498  max=  6.7300

======================================================================
FEATURES AFTER GROUPNORMALIZER (first batch, last timestep)
======================================================================
VIX                             normalized_value=  1.0000
Treasury_10Y                    normalized_value= -0.0500
Yield_Spread                    normalized_value= -0.0391
Inflation_YoY                   normalized_value= -0.5782
======================================================================

[DEBUG] VIX train values: [28.95 30.38 33.3  31.33 32.63]
[DEBUG] VIX val values: [14.31 15.15 15.13 12.86 13.85]
Batches per epoch: 94
[DEBUG] Validation batches: 20
[DEBUG] Validation dataset size: 1253
[DEBUG] Batch size: 64

Initializing model...

Quantile configuration: 7q
  Quantiles: [0.02, 0.1, 0.25, 0.5, 0.75, 0.9, 0.98]
  Output size: 7
  Median index: 3

Using standard QuantileLoss (no penalties)

[REGIME OUTPUT] Disabled (using baseline output layer)

================================================================================
BASELINE MODEL FEATURE CONFIGURATION (after from_dataset)
================================================================================
tft.hparams.time_varying_reals_encoder: ['relative_time_idx', 'VIX', 'Treasury_10Y', 'Yield_Spread', 'Inflation_YoY']
  Count: 5

tft.hparams.time_varying_reals_decoder: ['relative_time_idx']
  Count: 1

tft.hparams.x_reals (all reals passed to model): ['encoder_length', 'relative_time_idx', 'VIX', 'Treasury_10Y', 'Yield_Spread', 'Inflation_YoY']
  Count: 6

Encoder VSN configuration:
  num_inputs: 5
  input_sizes: {'relative_time_idx': 16, 'VIX': 16, 'Treasury_10Y': 16, 'Yield_Spread': 16, 'Inflation_YoY': 16}
  flattened_grn.fc1: in_features=80, out_features=5
  -> Params in fc1: 400 (should be 5*16*5=400 if 5 features)
================================================================================

Model parameters: 22,615

Starting training...
Checkpoints will be saved to: experiments/10_quantile_horizon_sweep/daily_7q_h30_s456/checkpoints/
Logs will be saved to: experiments/10_quantile_horizon_sweep/daily_7q_h30_s456/logs/

[DEBUG CollapseMonitor] on_validation_epoch_start called for epoch 0
[DEBUG CollapseMonitor] reset_temporal_state() called on loss function
Epoch 0: val_loss=N/A
[DEBUG CollapseMonitor] on_validation_epoch_start called for epoch 0
[DEBUG CollapseMonitor] reset_temporal_state() called on loss function
Epoch 0: val_loss=0.6974431276321411
Epoch 0: train_loss=0.8258987665176392

[CollapseMonitor] Epoch 0
  [DEBUG] Processed 20 batches, 30 horizon(s)
  Multi-horizon metrics (30 horizons):
    h1: std=0.0176, dir_acc=54.6%, pos=100%, unique=1234, sharpe=877.95
    h2: std=0.0132, dir_acc=54.6%, pos=100%, unique=1233, sharpe=1146.60
    h3: std=0.0115, dir_acc=54.6%, pos=100%, unique=1226, sharpe=1278.65
    h4: std=0.0102, dir_acc=54.6%, pos=100%, unique=1229, sharpe=1391.94
    h5: std=0.0093, dir_acc=54.6%, pos=100%, unique=1218, sharpe=1487.60
    ... (25 more horizons)
  Aggregate: std_avg=0.0061, dir_acc_avg=54.7%, composite_avg=0.4229
  H1 detail: range=0.1218, mean=0.9752, dist_match=0.5459
  Collapse penalty: 0.000000 (threshold: 0.005000)
  Saved validation predictions to: experiments/10_quantile_horizon_sweep/daily_7q_h30_s456/collapse_monitoring/val_predictions_epoch0.npz
  Gradient norms:
    lstm_encoder: 0.001578
    lstm_decoder: 0.031559
    output_layer: 0.722472
  VSN output std:
    encoder: 0.242572
  Attention entropy: 2.988232
  Saved to: experiments/10_quantile_horizon_sweep/daily_7q_h30_s456/collapse_monitoring/collapse_monitor_latest.json
[DEBUG CollapseMonitor] on_validation_epoch_start called for epoch 1
[DEBUG CollapseMonitor] reset_temporal_state() called on loss function
Epoch 1: val_loss=0.5367009043693542
Epoch 1: train_loss=0.672349750995636

[CollapseMonitor] Epoch 1
  [DEBUG] Processed 20 batches, 30 horizon(s)
  Multi-horizon metrics (30 horizons):
    h1: std=0.0206, dir_acc=54.6%, pos=100%, unique=1243, sharpe=475.51
    h2: std=0.0138, dir_acc=54.6%, pos=100%, unique=1229, sharpe=668.52
    h3: std=0.0116, dir_acc=54.6%, pos=100%, unique=1237, sharpe=743.54
    h4: std=0.0101, dir_acc=54.6%, pos=100%, unique=1224, sharpe=790.28
    h5: std=0.0090, dir_acc=54.6%, pos=100%, unique=1230, sharpe=820.04
    ... (25 more horizons)
  Aggregate: std_avg=0.0064, dir_acc_avg=53.1%, composite_avg=0.4087
  H1 detail: range=0.1390, mean=0.6173, dist_match=0.5459
  Collapse penalty: 0.000000 (threshold: 0.005000)
  Saved validation predictions to: experiments/10_quantile_horizon_sweep/daily_7q_h30_s456/collapse_monitoring/val_predictions_epoch1.npz
  Gradient norms:
    lstm_encoder: 0.001152
    lstm_decoder: 0.020476
    output_layer: 0.514134
  VSN output std:
    encoder: 0.243212
  Attention entropy: 2.985347
  Saved to: experiments/10_quantile_horizon_sweep/daily_7q_h30_s456/collapse_monitoring/collapse_monitor_latest.json
[DEBUG CollapseMonitor] on_validation_epoch_start called for epoch 2
[DEBUG CollapseMonitor] reset_temporal_state() called on loss function
Epoch 2: val_loss=0.48239898681640625
Epoch 2: train_loss=0.5459312796592712

[CollapseMonitor] Epoch 2
  [DEBUG] Processed 20 batches, 30 horizon(s)
  Multi-horizon metrics (30 horizons):
    h1: std=0.0135, dir_acc=54.6%, pos=100%, unique=1233, sharpe=256.53
    h2: std=0.0089, dir_acc=54.6%, pos=100%, unique=1224, sharpe=333.14
    h3: std=0.0082, dir_acc=54.6%, pos=100%, unique=1229, sharpe=311.73
    h4: std=0.0077, dir_acc=54.6%, pos=100%, unique=1220, sharpe=286.49
    h5: std=0.0073, dir_acc=54.6%, pos=100%, unique=1210, sharpe=259.05
    ... (25 more horizons)
  Aggregate: std_avg=0.0057, dir_acc_avg=49.3%, composite_avg=0.3722
  H1 detail: range=0.0974, mean=0.2187, dist_match=0.5459
  Collapse penalty: 0.000000 (threshold: 0.005000)
  Saved validation predictions to: experiments/10_quantile_horizon_sweep/daily_7q_h30_s456/collapse_monitoring/val_predictions_epoch2.npz
  Gradient norms:
    lstm_encoder: 0.000732
    lstm_decoder: 0.006550
    output_layer: 0.262509
  VSN output std:
    encoder: 0.246573
  Attention entropy: 2.979069
  Saved to: experiments/10_quantile_horizon_sweep/daily_7q_h30_s456/collapse_monitoring/collapse_monitor_latest.json
[DEBUG CollapseMonitor] on_validation_epoch_start called for epoch 3
[DEBUG CollapseMonitor] reset_temporal_state() called on loss function
Epoch 3: val_loss=0.4621993601322174
Epoch 3: train_loss=0.49273595213890076

[CollapseMonitor] Epoch 3
  [DEBUG] Processed 20 batches, 30 horizon(s)
  Multi-horizon metrics (30 horizons):
    h1: std=0.0058, dir_acc=54.6%, pos=100%, unique=1165, sharpe=317.90
    h2: std=0.0026, dir_acc=54.6%, pos=100%, unique=1150, sharpe=622.15
    h3: std=0.0025, dir_acc=54.6%, pos=100%, unique=1143, sharpe=593.65
    h4: std=0.0025, dir_acc=54.6%, pos=100%, unique=1148, sharpe=544.57
    h5: std=0.0026, dir_acc=54.6%, pos=100%, unique=1128, sharpe=497.93
    ... (25 more horizons)
  Aggregate: std_avg=0.0031, dir_acc_avg=52.9%, composite_avg=0.4100
  H1 detail: range=0.0448, mean=0.1155, dist_match=0.5459
  Collapse penalty: 0.000000 (threshold: 0.005000)
  Saved validation predictions to: experiments/10_quantile_horizon_sweep/daily_7q_h30_s456/collapse_monitoring/val_predictions_epoch3.npz
  Gradient norms:
    lstm_encoder: 0.000289
    lstm_decoder: 0.001840
    output_layer: 0.140283
  VSN output std:
    encoder: 0.246019
  Attention entropy: 2.968181
  Saved to: experiments/10_quantile_horizon_sweep/daily_7q_h30_s456/collapse_monitoring/collapse_monitor_latest.json
[DEBUG CollapseMonitor] on_validation_epoch_start called for epoch 4
[DEBUG CollapseMonitor] reset_temporal_state() called on loss function
Epoch 4: val_loss=0.4542481005191803
Epoch 4: train_loss=0.4698769152164459

[CollapseMonitor] Epoch 4
  [DEBUG] Processed 20 batches, 30 horizon(s)
  Multi-horizon metrics (30 horizons):
    h1: std=0.0069, dir_acc=54.6%, pos=100%, unique=1130, sharpe=149.48
    h2: std=0.0051, dir_acc=54.6%, pos=100%, unique=1166, sharpe=181.18
    h3: std=0.0045, dir_acc=54.6%, pos=100%, unique=1167, sharpe=195.93
    h4: std=0.0039, dir_acc=54.6%, pos=100%, unique=1167, sharpe=224.12
    h5: std=0.0033, dir_acc=54.6%, pos=100%, unique=1158, sharpe=262.53
    ... (25 more horizons)
  Aggregate: std_avg=0.0020, dir_acc_avg=54.7%, composite_avg=0.4229
  H1 detail: range=0.0460, mean=0.0648, dist_match=0.5459
  Collapse penalty: 0.000000 (threshold: 0.005000)
  Saved validation predictions to: experiments/10_quantile_horizon_sweep/daily_7q_h30_s456/collapse_monitoring/val_predictions_epoch4.npz
  Gradient norms:
    lstm_encoder: 0.000177
    lstm_decoder: 0.000946
    output_layer: 0.076073
  VSN output std:
    encoder: 0.243708
  Attention entropy: 2.956583
  Saved to: experiments/10_quantile_horizon_sweep/daily_7q_h30_s456/collapse_monitoring/collapse_monitor_latest.json
[DEBUG CollapseMonitor] on_validation_epoch_start called for epoch 5
[DEBUG CollapseMonitor] reset_temporal_state() called on loss function
Epoch 5: val_loss=0.45051223039627075
Epoch 5: train_loss=0.45975932478904724

[CollapseMonitor] Epoch 5
  [DEBUG] Processed 20 batches, 30 horizon(s)
  Multi-horizon metrics (30 horizons):
    h1: std=0.0092, dir_acc=54.6%, pos=100%, unique=1175, sharpe=77.28
    h2: std=0.0101, dir_acc=54.6%, pos=100%, unique=1183, sharpe=56.60
    h3: std=0.0102, dir_acc=54.6%, pos=100%, unique=1182, sharpe=52.07
    h4: std=0.0099, dir_acc=54.6%, pos=100%, unique=1198, sharpe=54.41
    h5: std=0.0094, dir_acc=54.6%, pos=100%, unique=1217, sharpe=59.62
    ... (25 more horizons)
  Aggregate: std_avg=0.0054, dir_acc_avg=54.7%, composite_avg=0.4229
  H1 detail: range=0.0596, mean=0.0448, dist_match=0.5459
  Collapse penalty: 0.000000 (threshold: 0.005000)
  Saved validation predictions to: experiments/10_quantile_horizon_sweep/daily_7q_h30_s456/collapse_monitoring/val_predictions_epoch5.npz
  Gradient norms:
    lstm_encoder: 0.000204
    lstm_decoder: 0.000795
    output_layer: 0.043945
  VSN output std:
    encoder: 0.225957
  Attention entropy: 2.957759
  Saved to: experiments/10_quantile_horizon_sweep/daily_7q_h30_s456/collapse_monitoring/collapse_monitor_latest.json
[DEBUG CollapseMonitor] on_validation_epoch_start called for epoch 6
[DEBUG CollapseMonitor] reset_temporal_state() called on loss function
Epoch 6: val_loss=0.44594237208366394
Epoch 6: train_loss=0.453778475522995

[CollapseMonitor] Epoch 6
  [DEBUG] Processed 20 batches, 30 horizon(s)
  Multi-horizon metrics (30 horizons):
    h1: std=0.0112, dir_acc=54.6%, pos=100%, unique=1209, sharpe=71.65
    h2: std=0.0134, dir_acc=54.6%, pos=100%, unique=1204, sharpe=41.90
    h3: std=0.0142, dir_acc=54.6%, pos=100%, unique=1178, sharpe=32.04
    h4: std=0.0144, dir_acc=54.6%, pos=100%, unique=1177, sharpe=28.62
    h5: std=0.0143, dir_acc=54.6%, pos=100%, unique=1180, sharpe=27.49
    ... (25 more horizons)
  Aggregate: std_avg=0.0125, dir_acc_avg=54.7%, composite_avg=0.4229
  H1 detail: range=0.0611, mean=0.0505, dist_match=0.5459
  Collapse penalty: 0.000000 (threshold: 0.005000)
  Saved validation predictions to: experiments/10_quantile_horizon_sweep/daily_7q_h30_s456/collapse_monitoring/val_predictions_epoch6.npz
  Gradient norms:
    lstm_encoder: 0.000373
    lstm_decoder: 0.000656
    output_layer: 0.031286
  VSN output std:
    encoder: 0.173803
  Attention entropy: 2.950052
  Saved to: experiments/10_quantile_horizon_sweep/daily_7q_h30_s456/collapse_monitoring/collapse_monitor_latest.json
[DEBUG CollapseMonitor] on_validation_epoch_start called for epoch 7
[DEBUG CollapseMonitor] reset_temporal_state() called on loss function
Epoch 7: val_loss=0.4438316822052002
Epoch 7: train_loss=0.4476615786552429

[CollapseMonitor] Epoch 7
  [DEBUG] Processed 20 batches, 30 horizon(s)
  Multi-horizon metrics (30 horizons):
    h1: std=0.0056, dir_acc=54.6%, pos=100%, unique=1146, sharpe=173.13
    h2: std=0.0074, dir_acc=54.6%, pos=100%, unique=1139, sharpe=100.44
    h3: std=0.0084, dir_acc=54.6%, pos=100%, unique=1129, sharpe=77.87
    h4: std=0.0087, dir_acc=54.6%, pos=100%, unique=1129, sharpe=70.46
    h5: std=0.0089, dir_acc=54.6%, pos=100%, unique=1115, sharpe=67.72
    ... (25 more horizons)
  Aggregate: std_avg=0.0091, dir_acc_avg=54.7%, composite_avg=0.4229
  H1 detail: range=0.0384, mean=0.0608, dist_match=0.5459
  Collapse penalty: 0.000000 (threshold: 0.005000)
  Saved validation predictions to: experiments/10_quantile_horizon_sweep/daily_7q_h30_s456/collapse_monitoring/val_predictions_epoch7.npz
  Gradient norms:
    lstm_encoder: 0.000636
    lstm_decoder: 0.000684
    output_layer: 0.030945
  VSN output std:
    encoder: 0.166766
  Attention entropy: 2.944638
  Saved to: experiments/10_quantile_horizon_sweep/daily_7q_h30_s456/collapse_monitoring/collapse_monitor_latest.json
[DEBUG CollapseMonitor] on_validation_epoch_start called for epoch 8
[DEBUG CollapseMonitor] reset_temporal_state() called on loss function
Epoch 8: val_loss=0.4424384534358978
Epoch 8: train_loss=0.44402220845222473

[CollapseMonitor] Epoch 8
  [DEBUG] Processed 20 batches, 30 horizon(s)
  Multi-horizon metrics (30 horizons):
    h1: std=0.0045, dir_acc=54.6%, pos=100%, unique=1143, sharpe=255.91
    h2: std=0.0034, dir_acc=54.6%, pos=100%, unique=1061, sharpe=273.43
    h3: std=0.0037, dir_acc=54.6%, pos=100%, unique=1030, sharpe=231.17
    h4: std=0.0038, dir_acc=54.6%, pos=100%, unique=1039, sharpe=213.06
    h5: std=0.0039, dir_acc=54.6%, pos=100%, unique=1037, sharpe=203.71
    ... (25 more horizons)
  Aggregate: std_avg=0.0057, dir_acc_avg=54.7%, composite_avg=0.4229
  H1 detail: range=0.0278, mean=0.0724, dist_match=0.5459
  Collapse penalty: 0.000000 (threshold: 0.005000)
  Saved validation predictions to: experiments/10_quantile_horizon_sweep/daily_7q_h30_s456/collapse_monitoring/val_predictions_epoch8.npz
  Gradient norms:
    lstm_encoder: 0.000755
    lstm_decoder: 0.000602
    output_layer: 0.027553
  VSN output std:
    encoder: 0.171876
  Attention entropy: 2.946837
  Saved to: experiments/10_quantile_horizon_sweep/daily_7q_h30_s456/collapse_monitoring/collapse_monitor_latest.json
[DEBUG CollapseMonitor] on_validation_epoch_start called for epoch 9
[DEBUG CollapseMonitor] reset_temporal_state() called on loss function
Epoch 9: val_loss=0.4416069984436035
Epoch 9: train_loss=0.4409388601779938

[CollapseMonitor] Epoch 9
  [DEBUG] Processed 20 batches, 30 horizon(s)
  Multi-horizon metrics (30 horizons):
    h1: std=0.0071, dir_acc=54.6%, pos=100%, unique=1162, sharpe=154.48
    h2: std=0.0053, dir_acc=54.6%, pos=100%, unique=1063, sharpe=168.98
    h3: std=0.0049, dir_acc=54.6%, pos=100%, unique=1064, sharpe=164.01
    h4: std=0.0049, dir_acc=54.6%, pos=100%, unique=1062, sharpe=156.91
    h5: std=0.0050, dir_acc=54.6%, pos=100%, unique=1072, sharpe=151.14
    ... (25 more horizons)
  Aggregate: std_avg=0.0053, dir_acc_avg=54.7%, composite_avg=0.4229
  H1 detail: range=0.0393, mean=0.0689, dist_match=0.5459
  Collapse penalty: 0.000000 (threshold: 0.005000)
  Saved validation predictions to: experiments/10_quantile_horizon_sweep/daily_7q_h30_s456/collapse_monitoring/val_predictions_epoch9.npz
  Gradient norms:
    lstm_encoder: 0.000773
    lstm_decoder: 0.000658
    output_layer: 0.024292
  VSN output std:
    encoder: 0.166033
  Attention entropy: 2.932938
  Saved to: experiments/10_quantile_horizon_sweep/daily_7q_h30_s456/collapse_monitoring/collapse_monitor_latest.json
[DEBUG CollapseMonitor] on_validation_epoch_start called for epoch 10
[DEBUG CollapseMonitor] reset_temporal_state() called on loss function
Epoch 10: val_loss=0.4414876103401184
Epoch 10: train_loss=0.4390549063682556

[CollapseMonitor] Epoch 10
  [DEBUG] Processed 20 batches, 30 horizon(s)
  Multi-horizon metrics (30 horizons):
    h1: std=0.0038, dir_acc=54.6%, pos=100%, unique=1129, sharpe=284.46
    h2: std=0.0026, dir_acc=54.6%, pos=100%, unique=1042, sharpe=345.30
    h3: std=0.0025, dir_acc=54.6%, pos=100%, unique=1049, sharpe=339.46
    h4: std=0.0025, dir_acc=54.6%, pos=100%, unique=1061, sharpe=324.55
    h5: std=0.0025, dir_acc=54.6%, pos=100%, unique=1063, sharpe=310.26
    ... (25 more horizons)
  Aggregate: std_avg=0.0034, dir_acc_avg=54.7%, composite_avg=0.4229
  H1 detail: range=0.0216, mean=0.0688, dist_match=0.5459
  Collapse penalty: 0.000000 (threshold: 0.005000)
  Saved validation predictions to: experiments/10_quantile_horizon_sweep/daily_7q_h30_s456/collapse_monitoring/val_predictions_epoch10.npz
  Gradient norms:
    lstm_encoder: 0.000901
    lstm_decoder: 0.000695
    output_layer: 0.023100
  VSN output std:
    encoder: 0.142972
  Attention entropy: 2.923647
  Saved to: experiments/10_quantile_horizon_sweep/daily_7q_h30_s456/collapse_monitoring/collapse_monitor_latest.json
[DEBUG CollapseMonitor] on_validation_epoch_start called for epoch 11
[DEBUG CollapseMonitor] reset_temporal_state() called on loss function
Epoch 11: val_loss=0.4413033723831177
Epoch 11: train_loss=0.43744879961013794

[CollapseMonitor] Epoch 11
  [DEBUG] Processed 20 batches, 30 horizon(s)
  Multi-horizon metrics (30 horizons):
    h1: std=0.0050, dir_acc=54.6%, pos=100%, unique=1156, sharpe=218.56
    h2: std=0.0040, dir_acc=54.6%, pos=100%, unique=1047, sharpe=226.95
    h3: std=0.0040, dir_acc=54.6%, pos=100%, unique=1041, sharpe=212.73
    h4: std=0.0041, dir_acc=54.6%, pos=100%, unique=1038, sharpe=199.65
    h5: std=0.0042, dir_acc=54.6%, pos=100%, unique=1042, sharpe=191.12
    ... (25 more horizons)
  Aggregate: std_avg=0.0044, dir_acc_avg=54.7%, composite_avg=0.4229
  H1 detail: range=0.0255, mean=0.0685, dist_match=0.5459
  Collapse penalty: 0.000000 (threshold: 0.005000)
  Saved validation predictions to: experiments/10_quantile_horizon_sweep/daily_7q_h30_s456/collapse_monitoring/val_predictions_epoch11.npz
  Gradient norms:
    lstm_encoder: 0.000944
    lstm_decoder: 0.000682
    output_layer: 0.021300
  VSN output std:
    encoder: 0.138890
  Attention entropy: 2.920051
  Saved to: experiments/10_quantile_horizon_sweep/daily_7q_h30_s456/collapse_monitoring/collapse_monitor_latest.json
[DEBUG CollapseMonitor] on_validation_epoch_start called for epoch 12
[DEBUG CollapseMonitor] reset_temporal_state() called on loss function
Epoch 12: val_loss=0.4419362246990204
Epoch 12: train_loss=0.43652409315109253

[CollapseMonitor] Epoch 12
  [DEBUG] Processed 20 batches, 30 horizon(s)
  Multi-horizon metrics (30 horizons):
    h1: std=0.0048, dir_acc=54.6%, pos=100%, unique=1101, sharpe=221.90
    h2: std=0.0041, dir_acc=54.6%, pos=100%, unique=1034, sharpe=218.10
    h3: std=0.0042, dir_acc=54.6%, pos=100%, unique=1000, sharpe=201.00
    h4: std=0.0044, dir_acc=54.6%, pos=100%, unique=1002, sharpe=187.47
    h5: std=0.0045, dir_acc=54.6%, pos=100%, unique=1008, sharpe=179.28
    ... (25 more horizons)
  Aggregate: std_avg=0.0046, dir_acc_avg=54.7%, composite_avg=0.4229
  H1 detail: range=0.0283, mean=0.0666, dist_match=0.5459
  Collapse penalty: 0.000000 (threshold: 0.005000)
  Saved validation predictions to: experiments/10_quantile_horizon_sweep/daily_7q_h30_s456/collapse_monitoring/val_predictions_epoch12.npz
  Gradient norms:
    lstm_encoder: 0.001084
    lstm_decoder: 0.000766
    output_layer: 0.022195
  VSN output std:
    encoder: 0.143667
  Attention entropy: 2.932045
  Saved to: experiments/10_quantile_horizon_sweep/daily_7q_h30_s456/collapse_monitoring/collapse_monitor_latest.json
[DEBUG CollapseMonitor] on_validation_epoch_start called for epoch 13
[DEBUG CollapseMonitor] reset_temporal_state() called on loss function
Epoch 13: val_loss=0.44212862849235535
Epoch 13: train_loss=0.43497434258461

[CollapseMonitor] Epoch 13
  [DEBUG] Processed 20 batches, 30 horizon(s)
  Multi-horizon metrics (30 horizons):
    h1: std=0.0037, dir_acc=54.6%, pos=100%, unique=1107, sharpe=249.66
    h2: std=0.0033, dir_acc=54.6%, pos=100%, unique=1039, sharpe=233.82
    h3: std=0.0035, dir_acc=54.6%, pos=100%, unique=1030, sharpe=208.01
    h4: std=0.0037, dir_acc=54.6%, pos=100%, unique=1013, sharpe=190.24
    h5: std=0.0038, dir_acc=54.6%, pos=100%, unique=1044, sharpe=179.52
    ... (25 more horizons)
  Aggregate: std_avg=0.0041, dir_acc_avg=54.7%, composite_avg=0.4229
  H1 detail: range=0.0208, mean=0.0577, dist_match=0.5459
  Collapse penalty: 0.000000 (threshold: 0.005000)
  Saved validation predictions to: experiments/10_quantile_horizon_sweep/daily_7q_h30_s456/collapse_monitoring/val_predictions_epoch13.npz
  Gradient norms:
    lstm_encoder: 0.001057
    lstm_decoder: 0.000766
    output_layer: 0.021795
  VSN output std:
    encoder: 0.150726
  Attention entropy: 2.936539
  Saved to: experiments/10_quantile_horizon_sweep/daily_7q_h30_s456/collapse_monitoring/collapse_monitor_latest.json
[DEBUG CollapseMonitor] on_validation_epoch_start called for epoch 14
[DEBUG CollapseMonitor] reset_temporal_state() called on loss function
Epoch 14: val_loss=0.44145792722702026
Epoch 14: train_loss=0.4345959722995758

[CollapseMonitor] Epoch 14
  [DEBUG] Processed 20 batches, 30 horizon(s)
  Multi-horizon metrics (30 horizons):
    h1: std=0.0040, dir_acc=54.6%, pos=100%, unique=1113, sharpe=253.39
    h2: std=0.0038, dir_acc=54.6%, pos=100%, unique=1087, sharpe=235.13
    h3: std=0.0039, dir_acc=54.6%, pos=100%, unique=1064, sharpe=210.66
    h4: std=0.0042, dir_acc=54.6%, pos=100%, unique=1071, sharpe=194.09
    h5: std=0.0043, dir_acc=54.6%, pos=100%, unique=1084, sharpe=184.08
    ... (25 more horizons)
  Aggregate: std_avg=0.0046, dir_acc_avg=54.7%, composite_avg=0.4229
  H1 detail: range=0.0250, mean=0.0642, dist_match=0.5459
  Collapse penalty: 0.000000 (threshold: 0.005000)
  Saved validation predictions to: experiments/10_quantile_horizon_sweep/daily_7q_h30_s456/collapse_monitoring/val_predictions_epoch14.npz
  Gradient norms:
    lstm_encoder: 0.001246
    lstm_decoder: 0.000767
    output_layer: 0.022259
  VSN output std:
    encoder: 0.154156
  Attention entropy: 2.922563
  Saved to: experiments/10_quantile_horizon_sweep/daily_7q_h30_s456/collapse_monitoring/collapse_monitor_latest.json
[DEBUG CollapseMonitor] on_validation_epoch_start called for epoch 15
[DEBUG CollapseMonitor] reset_temporal_state() called on loss function
Epoch 15: val_loss=0.44083383679389954
Epoch 15: train_loss=0.4339308738708496

[CollapseMonitor] Epoch 15
  [DEBUG] Processed 20 batches, 30 horizon(s)
  Multi-horizon metrics (30 horizons):
    h1: std=0.0033, dir_acc=54.6%, pos=100%, unique=1142, sharpe=269.20
    h2: std=0.0031, dir_acc=54.6%, pos=100%, unique=1128, sharpe=244.54
    h3: std=0.0033, dir_acc=54.6%, pos=100%, unique=1119, sharpe=214.05
    h4: std=0.0035, dir_acc=54.6%, pos=100%, unique=1116, sharpe=194.16
    h5: std=0.0037, dir_acc=54.6%, pos=100%, unique=1109, sharpe=182.19
    ... (25 more horizons)
  Aggregate: std_avg=0.0039, dir_acc_avg=54.7%, composite_avg=0.4229
  H1 detail: range=0.0186, mean=0.0563, dist_match=0.5459
  Collapse penalty: 0.000000 (threshold: 0.005000)
  Saved validation predictions to: experiments/10_quantile_horizon_sweep/daily_7q_h30_s456/collapse_monitoring/val_predictions_epoch15.npz
  Gradient norms:
    lstm_encoder: 0.001184
    lstm_decoder: 0.000683
    output_layer: 0.020468
  VSN output std:
    encoder: 0.160224
  Attention entropy: 2.923944
  Saved to: experiments/10_quantile_horizon_sweep/daily_7q_h30_s456/collapse_monitoring/collapse_monitor_latest.json
[DEBUG CollapseMonitor] on_validation_epoch_start called for epoch 16
[DEBUG CollapseMonitor] reset_temporal_state() called on loss function
Epoch 16: val_loss=0.4403322637081146
Epoch 16: train_loss=0.4330333173274994

[CollapseMonitor] Epoch 16
  [DEBUG] Processed 20 batches, 30 horizon(s)
  Multi-horizon metrics (30 horizons):
    h1: std=0.0031, dir_acc=54.6%, pos=100%, unique=1127, sharpe=301.36
    h2: std=0.0026, dir_acc=54.6%, pos=100%, unique=1114, sharpe=302.11
    h3: std=0.0027, dir_acc=54.6%, pos=100%, unique=1093, sharpe=274.22
    h4: std=0.0029, dir_acc=54.6%, pos=100%, unique=1097, sharpe=250.58
    h5: std=0.0030, dir_acc=54.6%, pos=100%, unique=1097, sharpe=235.43
    ... (25 more horizons)
  Aggregate: std_avg=0.0032, dir_acc_avg=54.7%, composite_avg=0.4229
  H1 detail: range=0.0157, mean=0.0585, dist_match=0.5459
  Collapse penalty: 0.000000 (threshold: 0.005000)
  Saved validation predictions to: experiments/10_quantile_horizon_sweep/daily_7q_h30_s456/collapse_monitoring/val_predictions_epoch16.npz
  Gradient norms:
    lstm_encoder: 0.001626
    lstm_decoder: 0.000767
    output_layer: 0.020770
  VSN output std:
    encoder: 0.163348
  Attention entropy: 2.911849
  Saved to: experiments/10_quantile_horizon_sweep/daily_7q_h30_s456/collapse_monitoring/collapse_monitor_latest.json
[DEBUG CollapseMonitor] on_validation_epoch_start called for epoch 17
[DEBUG CollapseMonitor] reset_temporal_state() called on loss function
Epoch 17: val_loss=0.43901553750038147
Epoch 17: train_loss=0.4325076639652252

[CollapseMonitor] Epoch 17
  [DEBUG] Processed 20 batches, 30 horizon(s)
  Multi-horizon metrics (30 horizons):
    h1: std=0.0047, dir_acc=54.6%, pos=100%, unique=1181, sharpe=174.77
    h2: std=0.0044, dir_acc=54.6%, pos=100%, unique=1176, sharpe=159.56
    h3: std=0.0044, dir_acc=54.6%, pos=100%, unique=1187, sharpe=147.76
    h4: std=0.0045, dir_acc=54.6%, pos=100%, unique=1171, sharpe=140.60
    h5: std=0.0046, dir_acc=54.6%, pos=100%, unique=1182, sharpe=136.63
    ... (25 more horizons)
  Aggregate: std_avg=0.0044, dir_acc_avg=54.7%, composite_avg=0.4229
  H1 detail: range=0.0302, mean=0.0519, dist_match=0.5459
  Collapse penalty: 0.000000 (threshold: 0.005000)
  Saved validation predictions to: experiments/10_quantile_horizon_sweep/daily_7q_h30_s456/collapse_monitoring/val_predictions_epoch17.npz
  Gradient norms:
    lstm_encoder: 0.002096
    lstm_decoder: 0.000790
    output_layer: 0.021683
  VSN output std:
    encoder: 0.165029
  Attention entropy: 2.898438
  Saved to: experiments/10_quantile_horizon_sweep/daily_7q_h30_s456/collapse_monitoring/collapse_monitor_latest.json
[DEBUG CollapseMonitor] on_validation_epoch_start called for epoch 18
[DEBUG CollapseMonitor] reset_temporal_state() called on loss function
Epoch 18: val_loss=0.4387020468711853
Epoch 18: train_loss=0.43196848034858704

[CollapseMonitor] Epoch 18
  [DEBUG] Processed 20 batches, 30 horizon(s)
  Multi-horizon metrics (30 horizons):
    h1: std=0.0042, dir_acc=54.6%, pos=100%, unique=1177, sharpe=204.65
    h2: std=0.0036, dir_acc=54.6%, pos=100%, unique=1168, sharpe=206.65
    h3: std=0.0034, dir_acc=54.6%, pos=100%, unique=1167, sharpe=209.50
    h4: std=0.0032, dir_acc=54.6%, pos=100%, unique=1156, sharpe=212.81
    h5: std=0.0032, dir_acc=54.6%, pos=100%, unique=1160, sharpe=214.93
    ... (25 more horizons)
  Aggregate: std_avg=0.0028, dir_acc_avg=54.7%, composite_avg=0.4229
  H1 detail: range=0.0323, mean=0.0546, dist_match=0.5459
  Collapse penalty: 0.000000 (threshold: 0.005000)
  Saved validation predictions to: experiments/10_quantile_horizon_sweep/daily_7q_h30_s456/collapse_monitoring/val_predictions_epoch18.npz
  Gradient norms:
    lstm_encoder: 0.002322
    lstm_decoder: 0.000756
    output_layer: 0.021065
  VSN output std:
    encoder: 0.175494
  Attention entropy: 2.919644
  Saved to: experiments/10_quantile_horizon_sweep/daily_7q_h30_s456/collapse_monitoring/collapse_monitor_latest.json
[DEBUG CollapseMonitor] on_validation_epoch_start called for epoch 19
[DEBUG CollapseMonitor] reset_temporal_state() called on loss function
Epoch 19: val_loss=0.4376239776611328
Epoch 19: train_loss=0.430662602186203

[CollapseMonitor] Epoch 19
  [DEBUG] Processed 20 batches, 30 horizon(s)
  Multi-horizon metrics (30 horizons):
    h1: std=0.0055, dir_acc=54.6%, pos=100%, unique=1193, sharpe=167.42
    h2: std=0.0052, dir_acc=54.6%, pos=100%, unique=1187, sharpe=158.72
    h3: std=0.0051, dir_acc=54.6%, pos=100%, unique=1175, sharpe=153.67
    h4: std=0.0050, dir_acc=54.6%, pos=100%, unique=1175, sharpe=151.04
    h5: std=0.0051, dir_acc=54.6%, pos=100%, unique=1165, sharpe=149.59
    ... (25 more horizons)
  Aggregate: std_avg=0.0048, dir_acc_avg=54.7%, composite_avg=0.4229
  H1 detail: range=0.0424, mean=0.0585, dist_match=0.5459
  Collapse penalty: 0.000000 (threshold: 0.005000)
  Saved validation predictions to: experiments/10_quantile_horizon_sweep/daily_7q_h30_s456/collapse_monitoring/val_predictions_epoch19.npz
  Gradient norms:
    lstm_encoder: 0.003402
    lstm_decoder: 0.000709
    output_layer: 0.019733
  VSN output std:
    encoder: 0.180751
  Attention entropy: 2.927551
  Saved to: experiments/10_quantile_horizon_sweep/daily_7q_h30_s456/collapse_monitoring/collapse_monitor_latest.json
[DEBUG CollapseMonitor] on_validation_epoch_start called for epoch 20
[DEBUG CollapseMonitor] reset_temporal_state() called on loss function
Epoch 20: val_loss=0.4376564025878906
Epoch 20: train_loss=0.4306107461452484

[CollapseMonitor] Epoch 20
  [DEBUG] Processed 20 batches, 30 horizon(s)
  Multi-horizon metrics (30 horizons):
    h1: std=0.0056, dir_acc=54.6%, pos=100%, unique=1190, sharpe=163.33
    h2: std=0.0046, dir_acc=54.6%, pos=100%, unique=1163, sharpe=173.07
    h3: std=0.0043, dir_acc=54.6%, pos=100%, unique=1153, sharpe=179.03
    h4: std=0.0041, dir_acc=54.6%, pos=100%, unique=1131, sharpe=182.91
    h5: std=0.0040, dir_acc=54.6%, pos=100%, unique=1117, sharpe=185.37
    ... (25 more horizons)
  Aggregate: std_avg=0.0037, dir_acc_avg=54.7%, composite_avg=0.4229
  H1 detail: range=0.0425, mean=0.0573, dist_match=0.5459
  Collapse penalty: 0.000000 (threshold: 0.005000)
  Saved validation predictions to: experiments/10_quantile_horizon_sweep/daily_7q_h30_s456/collapse_monitoring/val_predictions_epoch20.npz
  Gradient norms:
    lstm_encoder: 0.004176
    lstm_decoder: 0.000719
    output_layer: 0.018803
  VSN output std:
    encoder: 0.181976
  Attention entropy: 2.928899
  Saved to: experiments/10_quantile_horizon_sweep/daily_7q_h30_s456/collapse_monitoring/collapse_monitor_latest.json
[DEBUG CollapseMonitor] on_validation_epoch_start called for epoch 21
[DEBUG CollapseMonitor] reset_temporal_state() called on loss function
Epoch 21: val_loss=0.4374658167362213
Epoch 21: train_loss=0.4302586615085602

[CollapseMonitor] Epoch 21
  [DEBUG] Processed 20 batches, 30 horizon(s)
  Multi-horizon metrics (30 horizons):
    h1: std=0.0063, dir_acc=54.6%, pos=100%, unique=1204, sharpe=162.39
    h2: std=0.0056, dir_acc=54.6%, pos=100%, unique=1186, sharpe=164.54
    h3: std=0.0054, dir_acc=54.6%, pos=100%, unique=1174, sharpe=164.77
    h4: std=0.0053, dir_acc=54.6%, pos=100%, unique=1168, sharpe=164.43
    h5: std=0.0053, dir_acc=54.6%, pos=100%, unique=1167, sharpe=164.38
    ... (25 more horizons)
  Aggregate: std_avg=0.0050, dir_acc_avg=54.7%, composite_avg=0.4229
  H1 detail: range=0.0427, mean=0.0648, dist_match=0.5459
  Collapse penalty: 0.000000 (threshold: 0.005000)
  Saved validation predictions to: experiments/10_quantile_horizon_sweep/daily_7q_h30_s456/collapse_monitoring/val_predictions_epoch21.npz
  Gradient norms:
    lstm_encoder: 0.004922
    lstm_decoder: 0.000785
    output_layer: 0.020851
  VSN output std:
    encoder: 0.176697
  Attention entropy: 2.909018
  Saved to: experiments/10_quantile_horizon_sweep/daily_7q_h30_s456/collapse_monitoring/collapse_monitor_latest.json
[DEBUG CollapseMonitor] on_validation_epoch_start called for epoch 22
[DEBUG CollapseMonitor] reset_temporal_state() called on loss function
Epoch 22: val_loss=0.4377981126308441
Epoch 22: train_loss=0.4296979606151581

[CollapseMonitor] Epoch 22
  [DEBUG] Processed 20 batches, 30 horizon(s)
  Multi-horizon metrics (30 horizons):
    h1: std=0.0060, dir_acc=54.6%, pos=100%, unique=1206, sharpe=139.91
    h2: std=0.0051, dir_acc=54.6%, pos=100%, unique=1194, sharpe=145.54
    h3: std=0.0048, dir_acc=54.6%, pos=100%, unique=1183, sharpe=147.81
    h4: std=0.0047, dir_acc=54.6%, pos=100%, unique=1161, sharpe=148.81
    h5: std=0.0046, dir_acc=54.6%, pos=100%, unique=1177, sharpe=149.54
    ... (25 more horizons)
  Aggregate: std_avg=0.0045, dir_acc_avg=54.7%, composite_avg=0.4229
  H1 detail: range=0.0436, mean=0.0532, dist_match=0.5459
  Collapse penalty: 0.000000 (threshold: 0.005000)
  Saved validation predictions to: experiments/10_quantile_horizon_sweep/daily_7q_h30_s456/collapse_monitoring/val_predictions_epoch22.npz
  Gradient norms:
    lstm_encoder: 0.004715
    lstm_decoder: 0.000849
    output_layer: 0.021321
  VSN output std:
    encoder: 0.181308
  Attention entropy: 2.921532
  Saved to: experiments/10_quantile_horizon_sweep/daily_7q_h30_s456/collapse_monitoring/collapse_monitor_latest.json
[DEBUG CollapseMonitor] on_validation_epoch_start called for epoch 23
[DEBUG CollapseMonitor] reset_temporal_state() called on loss function
Epoch 23: val_loss=0.4380173683166504
Epoch 23: train_loss=0.42935067415237427

[CollapseMonitor] Epoch 23
  [DEBUG] Processed 20 batches, 30 horizon(s)
  Multi-horizon metrics (30 horizons):
    h1: std=0.0072, dir_acc=54.6%, pos=100%, unique=1209, sharpe=110.46
    h2: std=0.0061, dir_acc=54.6%, pos=100%, unique=1198, sharpe=112.66
    h3: std=0.0059, dir_acc=54.6%, pos=100%, unique=1194, sharpe=111.32
    h4: std=0.0059, dir_acc=54.6%, pos=100%, unique=1193, sharpe=109.39
    h5: std=0.0059, dir_acc=54.6%, pos=100%, unique=1195, sharpe=108.18
    ... (25 more horizons)
  Aggregate: std_avg=0.0059, dir_acc_avg=54.7%, composite_avg=0.4229
  H1 detail: range=0.0571, mean=0.0498, dist_match=0.5459
  Collapse penalty: 0.000000 (threshold: 0.005000)
  Saved validation predictions to: experiments/10_quantile_horizon_sweep/daily_7q_h30_s456/collapse_monitoring/val_predictions_epoch23.npz
  Gradient norms:
    lstm_encoder: 0.004571
    lstm_decoder: 0.000712
    output_layer: 0.018690
  VSN output std:
    encoder: 0.177691
  Attention entropy: 2.906657
  Saved to: experiments/10_quantile_horizon_sweep/daily_7q_h30_s456/collapse_monitoring/collapse_monitor_latest.json
[DEBUG CollapseMonitor] on_validation_epoch_start called for epoch 24
[DEBUG CollapseMonitor] reset_temporal_state() called on loss function
Epoch 24: val_loss=0.4380984604358673
Epoch 24: train_loss=0.4289311468601227

[CollapseMonitor] Epoch 24
  [DEBUG] Processed 20 batches, 30 horizon(s)
  Multi-horizon metrics (30 horizons):
    h1: std=0.0066, dir_acc=54.6%, pos=100%, unique=1224, sharpe=110.46
    h2: std=0.0053, dir_acc=54.6%, pos=100%, unique=1192, sharpe=120.90
    h3: std=0.0050, dir_acc=54.6%, pos=100%, unique=1203, sharpe=121.84
    h4: std=0.0050, dir_acc=54.6%, pos=100%, unique=1206, sharpe=120.36
    h5: std=0.0050, dir_acc=54.6%, pos=100%, unique=1186, sharpe=119.16
    ... (25 more horizons)
  Aggregate: std_avg=0.0052, dir_acc_avg=54.7%, composite_avg=0.4229
  H1 detail: range=0.0531, mean=0.0462, dist_match=0.5459
  Collapse penalty: 0.000000 (threshold: 0.005000)
  Saved validation predictions to: experiments/10_quantile_horizon_sweep/daily_7q_h30_s456/collapse_monitoring/val_predictions_epoch24.npz
  Gradient norms:
    lstm_encoder: 0.005557
    lstm_decoder: 0.000736
    output_layer: 0.018884
  VSN output std:
    encoder: 0.182958
  Attention entropy: 2.923742
  Saved to: experiments/10_quantile_horizon_sweep/daily_7q_h30_s456/collapse_monitoring/collapse_monitor_latest.json
[DEBUG CollapseMonitor] on_validation_epoch_start called for epoch 25
[DEBUG CollapseMonitor] reset_temporal_state() called on loss function
Epoch 25: val_loss=0.43837466835975647
Epoch 25: train_loss=0.42879602313041687

[CollapseMonitor] Epoch 25
  [DEBUG] Processed 20 batches, 30 horizon(s)
  Multi-horizon metrics (30 horizons):
    h1: std=0.0069, dir_acc=54.4%, pos=100%, unique=1214, sharpe=92.21
    h2: std=0.0055, dir_acc=54.6%, pos=100%, unique=1199, sharpe=99.69
    h3: std=0.0052, dir_acc=54.7%, pos=100%, unique=1184, sharpe=99.07
    h4: std=0.0052, dir_acc=54.6%, pos=100%, unique=1200, sharpe=97.17
    h5: std=0.0053, dir_acc=54.6%, pos=100%, unique=1195, sharpe=95.80
    ... (25 more horizons)
  Aggregate: std_avg=0.0054, dir_acc_avg=54.6%, composite_avg=0.4232
  H1 detail: range=0.0584, mean=0.0399, dist_match=0.5475
  Collapse penalty: 0.000000 (threshold: 0.005000)
  Saved validation predictions to: experiments/10_quantile_horizon_sweep/daily_7q_h30_s456/collapse_monitoring/val_predictions_epoch25.npz
  Gradient norms:
    lstm_encoder: 0.005589
    lstm_decoder: 0.000850
    output_layer: 0.020567
  VSN output std:
    encoder: 0.185925
  Attention entropy: 2.932349
  Saved to: experiments/10_quantile_horizon_sweep/daily_7q_h30_s456/collapse_monitoring/collapse_monitor_latest.json
[DEBUG CollapseMonitor] on_validation_epoch_start called for epoch 26
[DEBUG CollapseMonitor] reset_temporal_state() called on loss function
Epoch 26: val_loss=0.43816977739334106
Epoch 26: train_loss=0.42832639813423157

[CollapseMonitor] Epoch 26
  [DEBUG] Processed 20 batches, 30 horizon(s)
  Multi-horizon metrics (30 horizons):
    h1: std=0.0093, dir_acc=54.3%, pos=99%, unique=1220, sharpe=81.81
    h2: std=0.0081, dir_acc=54.5%, pos=99%, unique=1210, sharpe=83.62
    h3: std=0.0079, dir_acc=54.7%, pos=99%, unique=1199, sharpe=81.72
    h4: std=0.0080, dir_acc=54.5%, pos=99%, unique=1210, sharpe=79.63
    h5: std=0.0081, dir_acc=54.5%, pos=98%, unique=1206, sharpe=78.23
    ... (25 more horizons)
  Aggregate: std_avg=0.0084, dir_acc_avg=54.5%, composite_avg=0.4259
  H1 detail: range=0.0826, mean=0.0481, dist_match=0.5547
  Collapse penalty: 0.000000 (threshold: 0.005000)
  Saved validation predictions to: experiments/10_quantile_horizon_sweep/daily_7q_h30_s456/collapse_monitoring/val_predictions_epoch26.npz
  Gradient norms:
    lstm_encoder: 0.005635
    lstm_decoder: 0.000833
    output_layer: 0.020944
  VSN output std:
    encoder: 0.186198
  Attention entropy: 2.925966
  Saved to: experiments/10_quantile_horizon_sweep/daily_7q_h30_s456/collapse_monitoring/collapse_monitor_latest.json
[DEBUG CollapseMonitor] on_validation_epoch_start called for epoch 27
[DEBUG CollapseMonitor] reset_temporal_state() called on loss function
Epoch 27: val_loss=0.4385796785354614
Epoch 27: train_loss=0.42818304896354675

[CollapseMonitor] Epoch 27
  [DEBUG] Processed 20 batches, 30 horizon(s)
  Multi-horizon metrics (30 horizons):
    h1: std=0.0086, dir_acc=54.5%, pos=99%, unique=1201, sharpe=86.33
    h2: std=0.0072, dir_acc=54.3%, pos=99%, unique=1207, sharpe=90.69
    h3: std=0.0070, dir_acc=54.4%, pos=99%, unique=1206, sharpe=89.23
    h4: std=0.0071, dir_acc=54.6%, pos=99%, unique=1206, sharpe=87.06
    h5: std=0.0072, dir_acc=54.4%, pos=99%, unique=1197, sharpe=85.56
    ... (25 more horizons)
  Aggregate: std_avg=0.0075, dir_acc_avg=54.5%, composite_avg=0.4251
  H1 detail: range=0.0773, mean=0.0467, dist_match=0.5515
  Collapse penalty: 0.000000 (threshold: 0.005000)
  Saved validation predictions to: experiments/10_quantile_horizon_sweep/daily_7q_h30_s456/collapse_monitoring/val_predictions_epoch27.npz
  Gradient norms:
    lstm_encoder: 0.005721
    lstm_decoder: 0.000847
    output_layer: 0.020612
  VSN output std:
    encoder: 0.185025
  Attention entropy: 2.924506
  Saved to: experiments/10_quantile_horizon_sweep/daily_7q_h30_s456/collapse_monitoring/collapse_monitor_latest.json
[DEBUG CollapseMonitor] on_validation_epoch_start called for epoch 28
[DEBUG CollapseMonitor] reset_temporal_state() called on loss function
Epoch 28: val_loss=0.43854644894599915
Epoch 28: train_loss=0.4279748201370239

[CollapseMonitor] Epoch 28
  [DEBUG] Processed 20 batches, 30 horizon(s)
  Multi-horizon metrics (30 horizons):
    h1: std=0.0082, dir_acc=54.5%, pos=100%, unique=1214, sharpe=98.22
    h2: std=0.0067, dir_acc=54.4%, pos=100%, unique=1212, sharpe=107.06
    h3: std=0.0065, dir_acc=54.5%, pos=100%, unique=1199, sharpe=106.27
    h4: std=0.0066, dir_acc=54.7%, pos=100%, unique=1193, sharpe=103.81
    h5: std=0.0067, dir_acc=54.7%, pos=100%, unique=1208, sharpe=101.94
    ... (25 more horizons)
  Aggregate: std_avg=0.0070, dir_acc_avg=54.6%, composite_avg=0.4234
  H1 detail: range=0.0760, mean=0.0506, dist_match=0.5483
  Collapse penalty: 0.000000 (threshold: 0.005000)
  Saved validation predictions to: experiments/10_quantile_horizon_sweep/daily_7q_h30_s456/collapse_monitoring/val_predictions_epoch28.npz
  Gradient norms:
    lstm_encoder: 0.004977
    lstm_decoder: 0.000685
    output_layer: 0.017529
  VSN output std:
    encoder: 0.189194
  Attention entropy: 2.936069
  Saved to: experiments/10_quantile_horizon_sweep/daily_7q_h30_s456/collapse_monitoring/collapse_monitor_latest.json
[DEBUG CollapseMonitor] on_validation_epoch_start called for epoch 29
[DEBUG CollapseMonitor] reset_temporal_state() called on loss function
Epoch 29: val_loss=0.43810176849365234
Epoch 29: train_loss=0.42788806557655334

[CollapseMonitor] Epoch 29
  [DEBUG] Processed 20 batches, 30 horizon(s)
  Multi-horizon metrics (30 horizons):
    h1: std=0.0102, dir_acc=54.2%, pos=98%, unique=1213, sharpe=72.84
    h2: std=0.0088, dir_acc=54.4%, pos=98%, unique=1212, sharpe=75.59
    h3: std=0.0086, dir_acc=54.4%, pos=98%, unique=1199, sharpe=74.32
    h4: std=0.0087, dir_acc=54.6%, pos=98%, unique=1212, sharpe=72.69
    h5: std=0.0088, dir_acc=54.4%, pos=98%, unique=1196, sharpe=71.56
    ... (25 more horizons)
  Aggregate: std_avg=0.0091, dir_acc_avg=54.5%, composite_avg=0.4260
  H1 detail: range=0.0897, mean=0.0467, dist_match=0.5626
  Collapse penalty: 0.000000 (threshold: 0.005000)
  Saved validation predictions to: experiments/10_quantile_horizon_sweep/daily_7q_h30_s456/collapse_monitoring/val_predictions_epoch29.npz
  Gradient norms:
    lstm_encoder: 0.006082
    lstm_decoder: 0.000718
    output_layer: 0.018448
  VSN output std:
    encoder: 0.188436
  Attention entropy: 2.936743
  Saved to: experiments/10_quantile_horizon_sweep/daily_7q_h30_s456/collapse_monitoring/collapse_monitor_latest.json
[DEBUG CollapseMonitor] on_validation_epoch_start called for epoch 30
[DEBUG CollapseMonitor] reset_temporal_state() called on loss function
Epoch 30: val_loss=0.4384474754333496
Epoch 30: train_loss=0.42767199873924255

[CollapseMonitor] Epoch 30
  [DEBUG] Processed 20 batches, 30 horizon(s)
  Multi-horizon metrics (30 horizons):
    h1: std=0.0104, dir_acc=54.3%, pos=98%, unique=1209, sharpe=74.31
    h2: std=0.0089, dir_acc=54.4%, pos=98%, unique=1197, sharpe=77.25
    h3: std=0.0088, dir_acc=54.4%, pos=98%, unique=1215, sharpe=76.03
    h4: std=0.0089, dir_acc=54.6%, pos=98%, unique=1219, sharpe=74.42
    h5: std=0.0090, dir_acc=54.4%, pos=98%, unique=1203, sharpe=73.32
    ... (25 more horizons)
  Aggregate: std_avg=0.0093, dir_acc_avg=54.5%, composite_avg=0.4260
  H1 detail: range=0.0942, mean=0.0486, dist_match=0.5619
  Collapse penalty: 0.000000 (threshold: 0.005000)
  Saved validation predictions to: experiments/10_quantile_horizon_sweep/daily_7q_h30_s456/collapse_monitoring/val_predictions_epoch30.npz
  Gradient norms:
    lstm_encoder: 0.004871
    lstm_decoder: 0.000722
    output_layer: 0.018676
  VSN output std:
    encoder: 0.190026
  Attention entropy: 2.941003
  Saved to: experiments/10_quantile_horizon_sweep/daily_7q_h30_s456/collapse_monitoring/collapse_monitor_latest.json
[DEBUG CollapseMonitor] on_validation_epoch_start called for epoch 31
[DEBUG CollapseMonitor] reset_temporal_state() called on loss function
Epoch 31: val_loss=0.43831464648246765
Epoch 31: train_loss=0.42729616165161133

[CollapseMonitor] Epoch 31
  [DEBUG] Processed 20 batches, 30 horizon(s)
  Multi-horizon metrics (30 horizons):
    h1: std=0.0105, dir_acc=54.4%, pos=99%, unique=1217, sharpe=78.60
    h2: std=0.0091, dir_acc=54.4%, pos=99%, unique=1214, sharpe=82.25
    h3: std=0.0089, dir_acc=54.3%, pos=98%, unique=1200, sharpe=81.25
    h4: std=0.0090, dir_acc=54.6%, pos=98%, unique=1213, sharpe=79.70
    h5: std=0.0091, dir_acc=54.4%, pos=98%, unique=1201, sharpe=78.63
    ... (25 more horizons)
  Aggregate: std_avg=0.0094, dir_acc_avg=54.5%, composite_avg=0.4259
  H1 detail: range=0.0961, mean=0.0522, dist_match=0.5571
  Collapse penalty: 0.000000 (threshold: 0.005000)
  Saved validation predictions to: experiments/10_quantile_horizon_sweep/daily_7q_h30_s456/collapse_monitoring/val_predictions_epoch31.npz
  Gradient norms:
    lstm_encoder: 0.006122
    lstm_decoder: 0.000840
    output_layer: 0.018921
  VSN output std:
    encoder: 0.186475
  Attention entropy: 2.929432
  Saved to: experiments/10_quantile_horizon_sweep/daily_7q_h30_s456/collapse_monitoring/collapse_monitor_latest.json
[DEBUG CollapseMonitor] on_validation_epoch_start called for epoch 32
[DEBUG CollapseMonitor] reset_temporal_state() called on loss function
Epoch 32: val_loss=0.4387344419956207
Epoch 32: train_loss=0.42741361260414124

[CollapseMonitor] Epoch 32
  [DEBUG] Processed 20 batches, 30 horizon(s)
  Multi-horizon metrics (30 horizons):
    h1: std=0.0106, dir_acc=54.4%, pos=98%, unique=1204, sharpe=73.76
    h2: std=0.0092, dir_acc=54.4%, pos=98%, unique=1200, sharpe=76.56
    h3: std=0.0090, dir_acc=54.4%, pos=98%, unique=1202, sharpe=75.40
    h4: std=0.0091, dir_acc=54.6%, pos=98%, unique=1212, sharpe=73.90
    h5: std=0.0092, dir_acc=54.4%, pos=98%, unique=1191, sharpe=72.88
    ... (25 more horizons)
  Aggregate: std_avg=0.0095, dir_acc_avg=54.5%, composite_avg=0.4261
  H1 detail: range=0.0976, mean=0.0491, dist_match=0.5634
  Collapse penalty: 0.000000 (threshold: 0.005000)
  Saved validation predictions to: experiments/10_quantile_horizon_sweep/daily_7q_h30_s456/collapse_monitoring/val_predictions_epoch32.npz
  Gradient norms:
    lstm_encoder: 0.006105
    lstm_decoder: 0.000816
    output_layer: 0.019148
  VSN output std:
    encoder: 0.189668
  Attention entropy: 2.938833
  Saved to: experiments/10_quantile_horizon_sweep/daily_7q_h30_s456/collapse_monitoring/collapse_monitor_latest.json
[DEBUG CollapseMonitor] on_validation_epoch_start called for epoch 33
[DEBUG CollapseMonitor] reset_temporal_state() called on loss function
Epoch 33: val_loss=0.4380303621292114
Epoch 33: train_loss=0.42729446291923523

[CollapseMonitor] Epoch 33
  [DEBUG] Processed 20 batches, 30 horizon(s)
  Multi-horizon metrics (30 horizons):
    h1: std=0.0108, dir_acc=54.4%, pos=99%, unique=1217, sharpe=83.81
    h2: std=0.0093, dir_acc=54.3%, pos=99%, unique=1206, sharpe=88.15
    h3: std=0.0092, dir_acc=54.5%, pos=99%, unique=1200, sharpe=87.38
    h4: std=0.0092, dir_acc=54.7%, pos=99%, unique=1204, sharpe=85.94
    h5: std=0.0093, dir_acc=54.3%, pos=99%, unique=1212, sharpe=84.92
    ... (25 more horizons)
  Aggregate: std_avg=0.0096, dir_acc_avg=54.5%, composite_avg=0.4247
  H1 detail: range=0.1058, mean=0.0569, dist_match=0.5555
  Collapse penalty: 0.000000 (threshold: 0.005000)
  Saved validation predictions to: experiments/10_quantile_horizon_sweep/daily_7q_h30_s456/collapse_monitoring/val_predictions_epoch33.npz
  Gradient norms:
    lstm_encoder: 0.005793
    lstm_decoder: 0.000793
    output_layer: 0.018917
  VSN output std:
    encoder: 0.188258
  Attention entropy: 2.933235
  Saved to: experiments/10_quantile_horizon_sweep/daily_7q_h30_s456/collapse_monitoring/collapse_monitor_latest.json
[DEBUG CollapseMonitor] on_validation_epoch_start called for epoch 34
[DEBUG CollapseMonitor] reset_temporal_state() called on loss function
Epoch 34: val_loss=0.43812593817710876
Epoch 34: train_loss=0.42696887254714966

[CollapseMonitor] Epoch 34
  [DEBUG] Processed 20 batches, 30 horizon(s)
  Multi-horizon metrics (30 horizons):
    h1: std=0.0107, dir_acc=54.5%, pos=99%, unique=1211, sharpe=72.68
    h2: std=0.0092, dir_acc=54.6%, pos=99%, unique=1216, sharpe=75.92
    h3: std=0.0090, dir_acc=54.6%, pos=99%, unique=1212, sharpe=75.09
    h4: std=0.0091, dir_acc=54.5%, pos=99%, unique=1212, sharpe=73.92
    h5: std=0.0092, dir_acc=54.5%, pos=99%, unique=1217, sharpe=73.16
    ... (25 more horizons)
  Aggregate: std_avg=0.0094, dir_acc_avg=54.5%, composite_avg=0.4249
  H1 detail: range=0.1102, mean=0.0490, dist_match=0.5563
  Collapse penalty: 0.000000 (threshold: 0.005000)
  Saved validation predictions to: experiments/10_quantile_horizon_sweep/daily_7q_h30_s456/collapse_monitoring/val_predictions_epoch34.npz
  Gradient norms:
    lstm_encoder: 0.006289
    lstm_decoder: 0.000834
    output_layer: 0.019470
  VSN output std:
    encoder: 0.190065
  Attention entropy: 2.938608
  Saved to: experiments/10_quantile_horizon_sweep/daily_7q_h30_s456/collapse_monitoring/collapse_monitor_latest.json
[DEBUG CollapseMonitor] on_validation_epoch_start called for epoch 35
[DEBUG CollapseMonitor] reset_temporal_state() called on loss function
Epoch 35: val_loss=0.4381422698497772
Epoch 35: train_loss=0.4269676208496094

[CollapseMonitor] Epoch 35
  [DEBUG] Processed 20 batches, 30 horizon(s)
  Multi-horizon metrics (30 horizons):
    h1: std=0.0119, dir_acc=54.3%, pos=98%, unique=1227, sharpe=54.34
    h2: std=0.0104, dir_acc=54.5%, pos=98%, unique=1204, sharpe=54.71
    h3: std=0.0102, dir_acc=54.5%, pos=98%, unique=1209, sharpe=53.87
    h4: std=0.0103, dir_acc=54.5%, pos=98%, unique=1213, sharpe=53.22
    h5: std=0.0104, dir_acc=54.5%, pos=98%, unique=1204, sharpe=52.87
    ... (25 more horizons)
  Aggregate: std_avg=0.0107, dir_acc_avg=54.5%, composite_avg=0.4262
  H1 detail: range=0.1128, mean=0.0407, dist_match=0.5642
  Collapse penalty: 0.000000 (threshold: 0.005000)
  Saved validation predictions to: experiments/10_quantile_horizon_sweep/daily_7q_h30_s456/collapse_monitoring/val_predictions_epoch35.npz
  Gradient norms:
    lstm_encoder: 0.006587
    lstm_decoder: 0.000784
    output_layer: 0.018850
  VSN output std:
    encoder: 0.187811
  Attention entropy: 2.927228
  Saved to: experiments/10_quantile_horizon_sweep/daily_7q_h30_s456/collapse_monitoring/collapse_monitor_latest.json
[DEBUG CollapseMonitor] on_validation_epoch_start called for epoch 36
[DEBUG CollapseMonitor] reset_temporal_state() called on loss function
Epoch 36: val_loss=0.4380793571472168
Epoch 36: train_loss=0.4270888864994049

[CollapseMonitor] Epoch 36
  [DEBUG] Processed 20 batches, 30 horizon(s)
  Multi-horizon metrics (30 horizons):
    h1: std=0.0112, dir_acc=54.5%, pos=99%, unique=1222, sharpe=78.57
    h2: std=0.0097, dir_acc=54.4%, pos=99%, unique=1210, sharpe=83.02
    h3: std=0.0095, dir_acc=54.6%, pos=99%, unique=1204, sharpe=82.43
    h4: std=0.0096, dir_acc=54.6%, pos=99%, unique=1212, sharpe=81.24
    h5: std=0.0097, dir_acc=54.3%, pos=99%, unique=1212, sharpe=80.39
    ... (25 more horizons)
  Aggregate: std_avg=0.0099, dir_acc_avg=54.5%, composite_avg=0.4251
  H1 detail: range=0.1087, mean=0.0555, dist_match=0.5563
  Collapse penalty: 0.000000 (threshold: 0.005000)
  Saved validation predictions to: experiments/10_quantile_horizon_sweep/daily_7q_h30_s456/collapse_monitoring/val_predictions_epoch36.npz
  Gradient norms:
    lstm_encoder: 0.006804
    lstm_decoder: 0.000796
    output_layer: 0.018446
  VSN output std:
    encoder: 0.189250
  Attention entropy: 2.934203
  Saved to: experiments/10_quantile_horizon_sweep/daily_7q_h30_s456/collapse_monitoring/collapse_monitor_latest.json
[DEBUG CollapseMonitor] on_validation_epoch_start called for epoch 37
[DEBUG CollapseMonitor] reset_temporal_state() called on loss function
Epoch 37: val_loss=0.43805214762687683
Epoch 37: train_loss=0.42671677470207214

[CollapseMonitor] Epoch 37
  [DEBUG] Processed 20 batches, 30 horizon(s)
  Multi-horizon metrics (30 horizons):
    h1: std=0.0113, dir_acc=54.3%, pos=98%, unique=1210, sharpe=69.22
    h2: std=0.0098, dir_acc=54.4%, pos=98%, unique=1213, sharpe=71.74
    h3: std=0.0096, dir_acc=54.4%, pos=98%, unique=1210, sharpe=70.89
    h4: std=0.0097, dir_acc=54.6%, pos=98%, unique=1222, sharpe=69.86
    h5: std=0.0098, dir_acc=54.4%, pos=98%, unique=1206, sharpe=69.17
    ... (25 more horizons)
  Aggregate: std_avg=0.0101, dir_acc_avg=54.5%, composite_avg=0.4260
  H1 detail: range=0.1089, mean=0.0492, dist_match=0.5619
  Collapse penalty: 0.000000 (threshold: 0.005000)
  Saved validation predictions to: experiments/10_quantile_horizon_sweep/daily_7q_h30_s456/collapse_monitoring/val_predictions_epoch37.npz
  Gradient norms:
    lstm_encoder: 0.006188
    lstm_decoder: 0.000795
    output_layer: 0.019408
  VSN output std:
    encoder: 0.189137
  Attention entropy: 2.935517
  Saved to: experiments/10_quantile_horizon_sweep/daily_7q_h30_s456/collapse_monitoring/collapse_monitor_latest.json
[DEBUG CollapseMonitor] on_validation_epoch_start called for epoch 38
[DEBUG CollapseMonitor] reset_temporal_state() called on loss function
Epoch 38: val_loss=0.4382605254650116
Epoch 38: train_loss=0.42678532004356384

[CollapseMonitor] Epoch 38
  [DEBUG] Processed 20 batches, 30 horizon(s)
  Multi-horizon metrics (30 horizons):
    h1: std=0.0108, dir_acc=54.5%, pos=99%, unique=1223, sharpe=74.56
    h2: std=0.0093, dir_acc=54.4%, pos=99%, unique=1209, sharpe=78.35
    h3: std=0.0091, dir_acc=54.6%, pos=99%, unique=1216, sharpe=77.47
    h4: std=0.0092, dir_acc=54.7%, pos=99%, unique=1201, sharpe=76.20
    h5: std=0.0094, dir_acc=54.3%, pos=99%, unique=1215, sharpe=75.33
    ... (25 more horizons)
  Aggregate: std_avg=0.0096, dir_acc_avg=54.5%, composite_avg=0.4251
  H1 detail: range=0.1077, mean=0.0508, dist_match=0.5563
  Collapse penalty: 0.000000 (threshold: 0.005000)
  Saved validation predictions to: experiments/10_quantile_horizon_sweep/daily_7q_h30_s456/collapse_monitoring/val_predictions_epoch38.npz
  Gradient norms:
    lstm_encoder: 0.006244
    lstm_decoder: 0.000897
    output_layer: 0.019990
  VSN output std:
    encoder: 0.191455
  Attention entropy: 2.943387
  Saved to: experiments/10_quantile_horizon_sweep/daily_7q_h30_s456/collapse_monitoring/collapse_monitor_latest.json
[DEBUG CollapseMonitor] on_validation_epoch_start called for epoch 39
[DEBUG CollapseMonitor] reset_temporal_state() called on loss function
Epoch 39: val_loss=0.4381564259529114
Epoch 39: train_loss=0.42694851756095886

[CollapseMonitor] Epoch 39
  [DEBUG] Processed 20 batches, 30 horizon(s)
  Multi-horizon metrics (30 horizons):
    h1: std=0.0106, dir_acc=54.4%, pos=99%, unique=1222, sharpe=78.12
    h2: std=0.0090, dir_acc=54.3%, pos=99%, unique=1209, sharpe=82.94
    h3: std=0.0088, dir_acc=54.5%, pos=99%, unique=1211, sharpe=82.25
    h4: std=0.0089, dir_acc=54.6%, pos=99%, unique=1211, sharpe=81.05
    h5: std=0.0090, dir_acc=54.3%, pos=99%, unique=1212, sharpe=80.22
    ... (25 more horizons)
  Aggregate: std_avg=0.0092, dir_acc_avg=54.5%, composite_avg=0.4244
  H1 detail: range=0.1094, mean=0.0519, dist_match=0.5555
  Collapse penalty: 0.000000 (threshold: 0.005000)
  Saved validation predictions to: experiments/10_quantile_horizon_sweep/daily_7q_h30_s456/collapse_monitoring/val_predictions_epoch39.npz
  Gradient norms:
    lstm_encoder: 0.007386
    lstm_decoder: 0.000933
    output_layer: 0.019506
  VSN output std:
    encoder: 0.190943
  Attention entropy: 2.942375
  Saved to: experiments/10_quantile_horizon_sweep/daily_7q_h30_s456/collapse_monitoring/collapse_monitor_latest.json
[DEBUG CollapseMonitor] on_validation_epoch_start called for epoch 40
[DEBUG CollapseMonitor] reset_temporal_state() called on loss function
Epoch 40: val_loss=0.4383920133113861
Epoch 40: train_loss=0.4266885817050934

[CollapseMonitor] Epoch 40
  [DEBUG] Processed 20 batches, 30 horizon(s)
  Multi-horizon metrics (30 horizons):
    h1: std=0.0115, dir_acc=54.6%, pos=99%, unique=1223, sharpe=72.72
    h2: std=0.0100, dir_acc=54.5%, pos=98%, unique=1211, sharpe=75.89
    h3: std=0.0099, dir_acc=54.5%, pos=98%, unique=1215, sharpe=75.18
    h4: std=0.0100, dir_acc=54.6%, pos=98%, unique=1213, sharpe=74.21
    h5: std=0.0101, dir_acc=54.4%, pos=98%, unique=1211, sharpe=73.59
    ... (25 more horizons)
  Aggregate: std_avg=0.0103, dir_acc_avg=54.5%, composite_avg=0.4261
  H1 detail: range=0.1126, mean=0.0527, dist_match=0.5587
  Collapse penalty: 0.000000 (threshold: 0.005000)
  Saved validation predictions to: experiments/10_quantile_horizon_sweep/daily_7q_h30_s456/collapse_monitoring/val_predictions_epoch40.npz
  Gradient norms:
    lstm_encoder: 0.006504
    lstm_decoder: 0.000791
    output_layer: 0.018960
  VSN output std:
    encoder: 0.191347
  Attention entropy: 2.942907
  Saved to: experiments/10_quantile_horizon_sweep/daily_7q_h30_s456/collapse_monitoring/collapse_monitor_latest.json
[DEBUG CollapseMonitor] on_validation_epoch_start called for epoch 41
[DEBUG CollapseMonitor] reset_temporal_state() called on loss function
Epoch 41: val_loss=0.43807104229927063
Epoch 41: train_loss=0.42644599080085754

[CollapseMonitor] Epoch 41
  [DEBUG] Processed 20 batches, 30 horizon(s)
  Multi-horizon metrics (30 horizons):
    h1: std=0.0105, dir_acc=54.3%, pos=99%, unique=1220, sharpe=84.30
    h2: std=0.0089, dir_acc=54.4%, pos=99%, unique=1209, sharpe=90.69
    h3: std=0.0087, dir_acc=54.4%, pos=99%, unique=1211, sharpe=90.20
    h4: std=0.0088, dir_acc=54.7%, pos=99%, unique=1209, sharpe=88.90
    h5: std=0.0090, dir_acc=54.6%, pos=99%, unique=1214, sharpe=87.95
    ... (25 more horizons)
  Aggregate: std_avg=0.0091, dir_acc_avg=54.6%, composite_avg=0.4240
  H1 detail: range=0.1055, mean=0.0558, dist_match=0.5531
  Collapse penalty: 0.000000 (threshold: 0.005000)
  Saved validation predictions to: experiments/10_quantile_horizon_sweep/daily_7q_h30_s456/collapse_monitoring/val_predictions_epoch41.npz
  Gradient norms:
    lstm_encoder: 0.006279
    lstm_decoder: 0.000858
    output_layer: 0.018993
  VSN output std:
    encoder: 0.190622
  Attention entropy: 2.941114
  Saved to: experiments/10_quantile_horizon_sweep/daily_7q_h30_s456/collapse_monitoring/collapse_monitor_latest.json
[DEBUG CollapseMonitor] on_validation_epoch_start called for epoch 42
[DEBUG CollapseMonitor] reset_temporal_state() called on loss function
Epoch 42: val_loss=0.4383290112018585
Epoch 42: train_loss=0.42652589082717896

[CollapseMonitor] Epoch 42
  [DEBUG] Processed 20 batches, 30 horizon(s)
  Multi-horizon metrics (30 horizons):
    h1: std=0.0109, dir_acc=54.6%, pos=99%, unique=1222, sharpe=70.45
    h2: std=0.0094, dir_acc=54.5%, pos=99%, unique=1215, sharpe=73.63
    h3: std=0.0092, dir_acc=54.6%, pos=99%, unique=1201, sharpe=72.62
    h4: std=0.0094, dir_acc=54.7%, pos=98%, unique=1212, sharpe=71.45
    h5: std=0.0095, dir_acc=54.5%, pos=98%, unique=1207, sharpe=70.67
    ... (25 more horizons)
  Aggregate: std_avg=0.0097, dir_acc_avg=54.5%, composite_avg=0.4254
  H1 detail: range=0.1069, mean=0.0485, dist_match=0.5571
  Collapse penalty: 0.000000 (threshold: 0.005000)
  Saved validation predictions to: experiments/10_quantile_horizon_sweep/daily_7q_h30_s456/collapse_monitoring/val_predictions_epoch42.npz
  Gradient norms:
    lstm_encoder: 0.007210
    lstm_decoder: 0.000836
    output_layer: 0.018519
  VSN output std:
    encoder: 0.191053
  Attention entropy: 2.942137
  Saved to: experiments/10_quantile_horizon_sweep/daily_7q_h30_s456/collapse_monitoring/collapse_monitor_latest.json
[DEBUG CollapseMonitor] on_validation_epoch_start called for epoch 43
[DEBUG CollapseMonitor] reset_temporal_state() called on loss function
Epoch 43: val_loss=0.43817171454429626
Epoch 43: train_loss=0.4267193078994751

[CollapseMonitor] Epoch 43
  [DEBUG] Processed 20 batches, 30 horizon(s)
  Multi-horizon metrics (30 horizons):
    h1: std=0.0111, dir_acc=54.5%, pos=99%, unique=1223, sharpe=75.31
    h2: std=0.0096, dir_acc=54.3%, pos=99%, unique=1195, sharpe=79.71
    h3: std=0.0094, dir_acc=54.6%, pos=99%, unique=1212, sharpe=78.96
    h4: std=0.0095, dir_acc=54.6%, pos=99%, unique=1219, sharpe=77.80
    h5: std=0.0096, dir_acc=54.4%, pos=99%, unique=1211, sharpe=77.01
    ... (25 more horizons)
  Aggregate: std_avg=0.0098, dir_acc_avg=54.5%, composite_avg=0.4247
  H1 detail: range=0.1093, mean=0.0528, dist_match=0.5563
  Collapse penalty: 0.000000 (threshold: 0.005000)
  Saved validation predictions to: experiments/10_quantile_horizon_sweep/daily_7q_h30_s456/collapse_monitoring/val_predictions_epoch43.npz
  Gradient norms:
    lstm_encoder: 0.006676
    lstm_decoder: 0.000909
    output_layer: 0.018471
  VSN output std:
    encoder: 0.190340
  Attention entropy: 2.940972
  Saved to: experiments/10_quantile_horizon_sweep/daily_7q_h30_s456/collapse_monitoring/collapse_monitor_latest.json
[DEBUG CollapseMonitor] on_validation_epoch_start called for epoch 44
[DEBUG CollapseMonitor] reset_temporal_state() called on loss function
Epoch 44: val_loss=0.4383718967437744
Epoch 44: train_loss=0.42643824219703674

[CollapseMonitor] Epoch 44
  [DEBUG] Processed 20 batches, 30 horizon(s)
  Multi-horizon metrics (30 horizons):
    h1: std=0.0112, dir_acc=54.5%, pos=99%, unique=1221, sharpe=65.89
    h2: std=0.0097, dir_acc=54.5%, pos=98%, unique=1215, sharpe=68.77
    h3: std=0.0095, dir_acc=54.5%, pos=98%, unique=1204, sharpe=67.94
    h4: std=0.0097, dir_acc=54.6%, pos=98%, unique=1211, sharpe=67.00
    h5: std=0.0098, dir_acc=54.4%, pos=98%, unique=1200, sharpe=66.40
    ... (25 more horizons)
  Aggregate: std_avg=0.0099, dir_acc_avg=54.5%, composite_avg=0.4259
  H1 detail: range=0.1101, mean=0.0466, dist_match=0.5595
  Collapse penalty: 0.000000 (threshold: 0.005000)
  Saved validation predictions to: experiments/10_quantile_horizon_sweep/daily_7q_h30_s456/collapse_monitoring/val_predictions_epoch44.npz
  Gradient norms:
    lstm_encoder: 0.006404
    lstm_decoder: 0.000830
    output_layer: 0.019896
  VSN output std:
    encoder: 0.190612
  Attention entropy: 2.944274
  Saved to: experiments/10_quantile_horizon_sweep/daily_7q_h30_s456/collapse_monitoring/collapse_monitor_latest.json
[DEBUG CollapseMonitor] on_validation_epoch_start called for epoch 45
[DEBUG CollapseMonitor] reset_temporal_state() called on loss function
Epoch 45: val_loss=0.4381943345069885
Epoch 45: train_loss=0.426401287317276

[CollapseMonitor] Epoch 45
  [DEBUG] Processed 20 batches, 30 horizon(s)
  Multi-horizon metrics (30 horizons):
    h1: std=0.0117, dir_acc=54.6%, pos=99%, unique=1217, sharpe=68.18
    h2: std=0.0102, dir_acc=54.5%, pos=98%, unique=1205, sharpe=71.28
    h3: std=0.0100, dir_acc=54.7%, pos=98%, unique=1212, sharpe=70.53
    h4: std=0.0101, dir_acc=54.7%, pos=98%, unique=1210, sharpe=69.59
    h5: std=0.0102, dir_acc=54.4%, pos=98%, unique=1215, sharpe=68.98
    ... (25 more horizons)
  Aggregate: std_avg=0.0104, dir_acc_avg=54.5%, composite_avg=0.4259
  H1 detail: range=0.1148, mean=0.0503, dist_match=0.5587
  Collapse penalty: 0.000000 (threshold: 0.005000)
  Saved validation predictions to: experiments/10_quantile_horizon_sweep/daily_7q_h30_s456/collapse_monitoring/val_predictions_epoch45.npz
  Gradient norms:
    lstm_encoder: 0.007033
    lstm_decoder: 0.000897
    output_layer: 0.019890
  VSN output std:
    encoder: 0.190286
  Attention entropy: 2.942205
  Saved to: experiments/10_quantile_horizon_sweep/daily_7q_h30_s456/collapse_monitoring/collapse_monitor_latest.json
[DEBUG CollapseMonitor] on_validation_epoch_start called for epoch 46
[DEBUG CollapseMonitor] reset_temporal_state() called on loss function
Epoch 46: val_loss=0.43828248977661133
Epoch 46: train_loss=0.42637744545936584

[CollapseMonitor] Epoch 46
  [DEBUG] Processed 20 batches, 30 horizon(s)
  Multi-horizon metrics (30 horizons):
    h1: std=0.0119, dir_acc=54.3%, pos=98%, unique=1226, sharpe=66.39
    h2: std=0.0103, dir_acc=54.5%, pos=98%, unique=1207, sharpe=69.23
    h3: std=0.0102, dir_acc=54.5%, pos=98%, unique=1209, sharpe=68.38
    h4: std=0.0103, dir_acc=54.6%, pos=98%, unique=1215, sharpe=67.41
    h5: std=0.0104, dir_acc=54.4%, pos=98%, unique=1207, sharpe=66.79
    ... (25 more horizons)
  Aggregate: std_avg=0.0106, dir_acc_avg=54.5%, composite_avg=0.4260
  H1 detail: range=0.1167, mean=0.0498, dist_match=0.5611
  Collapse penalty: 0.000000 (threshold: 0.005000)
  Saved validation predictions to: experiments/10_quantile_horizon_sweep/daily_7q_h30_s456/collapse_monitoring/val_predictions_epoch46.npz
  Gradient norms:
    lstm_encoder: 0.007397
    lstm_decoder: 0.000930
    output_layer: 0.019597
  VSN output std:
    encoder: 0.190980
  Attention entropy: 2.944533
  Saved to: experiments/10_quantile_horizon_sweep/daily_7q_h30_s456/collapse_monitoring/collapse_monitor_latest.json
[DEBUG CollapseMonitor] on_validation_epoch_start called for epoch 47
[DEBUG CollapseMonitor] reset_temporal_state() called on loss function
Epoch 47: val_loss=0.4383426606655121
Epoch 47: train_loss=0.42629289627075195

[CollapseMonitor] Epoch 47
  [DEBUG] Processed 20 batches, 30 horizon(s)
  Multi-horizon metrics (30 horizons):
    h1: std=0.0121, dir_acc=54.3%, pos=98%, unique=1220, sharpe=66.04
    h2: std=0.0106, dir_acc=54.5%, pos=98%, unique=1213, sharpe=68.74
    h3: std=0.0105, dir_acc=54.4%, pos=98%, unique=1209, sharpe=67.93
    h4: std=0.0106, dir_acc=54.6%, pos=98%, unique=1209, sharpe=67.01
    h5: std=0.0107, dir_acc=54.4%, pos=98%, unique=1216, sharpe=66.44
    ... (25 more horizons)
  Aggregate: std_avg=0.0109, dir_acc_avg=54.5%, composite_avg=0.4260
  H1 detail: range=0.1190, mean=0.0505, dist_match=0.5619
  Collapse penalty: 0.000000 (threshold: 0.005000)
  Saved validation predictions to: experiments/10_quantile_horizon_sweep/daily_7q_h30_s456/collapse_monitoring/val_predictions_epoch47.npz
  Gradient norms:
    lstm_encoder: 0.006393
    lstm_decoder: 0.000824
    output_layer: 0.018800
  VSN output std:
    encoder: 0.192040
  Attention entropy: 2.949023
  Saved to: experiments/10_quantile_horizon_sweep/daily_7q_h30_s456/collapse_monitoring/collapse_monitor_latest.json
[DEBUG CollapseMonitor] on_validation_epoch_start called for epoch 48
[DEBUG CollapseMonitor] reset_temporal_state() called on loss function
Epoch 48: val_loss=0.43821635842323303
Epoch 48: train_loss=0.42632293701171875

[CollapseMonitor] Epoch 48
  [DEBUG] Processed 20 batches, 30 horizon(s)
  Multi-horizon metrics (30 horizons):
    h1: std=0.0119, dir_acc=54.6%, pos=99%, unique=1219, sharpe=69.31
    h2: std=0.0103, dir_acc=54.4%, pos=99%, unique=1202, sharpe=72.42
    h3: std=0.0102, dir_acc=54.7%, pos=98%, unique=1201, sharpe=71.60
    h4: std=0.0103, dir_acc=54.6%, pos=98%, unique=1201, sharpe=70.60
    h5: std=0.0104, dir_acc=54.3%, pos=98%, unique=1211, sharpe=69.97
    ... (25 more horizons)
  Aggregate: std_avg=0.0106, dir_acc_avg=54.5%, composite_avg=0.4256
  H1 detail: range=0.1171, mean=0.0519, dist_match=0.5587
  Collapse penalty: 0.000000 (threshold: 0.005000)
  Saved validation predictions to: experiments/10_quantile_horizon_sweep/daily_7q_h30_s456/collapse_monitoring/val_predictions_epoch48.npz
  Gradient norms:
    lstm_encoder: 0.006521
    lstm_decoder: 0.000908
    output_layer: 0.019709
  VSN output std:
    encoder: 0.190591
  Attention entropy: 2.942643
  Saved to: experiments/10_quantile_horizon_sweep/daily_7q_h30_s456/collapse_monitoring/collapse_monitor_latest.json
[DEBUG CollapseMonitor] on_validation_epoch_start called for epoch 49
[DEBUG CollapseMonitor] reset_temporal_state() called on loss function
Epoch 49: val_loss=0.43825942277908325
Epoch 49: train_loss=0.4261128306388855

[CollapseMonitor] Epoch 49
  [DEBUG] Processed 20 batches, 30 horizon(s)
  Multi-horizon metrics (30 horizons):
    h1: std=0.0121, dir_acc=54.3%, pos=98%, unique=1216, sharpe=63.97
    h2: std=0.0106, dir_acc=54.4%, pos=98%, unique=1204, sharpe=66.03
    h3: std=0.0104, dir_acc=54.4%, pos=98%, unique=1218, sharpe=65.07
    h4: std=0.0105, dir_acc=54.6%, pos=98%, unique=1222, sharpe=64.15
    h5: std=0.0107, dir_acc=54.4%, pos=98%, unique=1212, sharpe=63.58
    ... (25 more horizons)
  Aggregate: std_avg=0.0108, dir_acc_avg=54.5%, composite_avg=0.4260
  H1 detail: range=0.1191, mean=0.0487, dist_match=0.5619
  Collapse penalty: 0.000000 (threshold: 0.005000)
  Saved validation predictions to: experiments/10_quantile_horizon_sweep/daily_7q_h30_s456/collapse_monitoring/val_predictions_epoch49.npz
  Gradient norms:
    lstm_encoder: 0.006358
    lstm_decoder: 0.000999
    output_layer: 0.020113
  VSN output std:
    encoder: 0.190520
  Attention entropy: 2.942683
  Saved to: experiments/10_quantile_horizon_sweep/daily_7q_h30_s456/collapse_monitoring/collapse_monitor_latest.json
[DEBUG CollapseMonitor] on_validation_epoch_start called for epoch 50
[DEBUG CollapseMonitor] reset_temporal_state() called on loss function
Epoch 50: val_loss=0.43829378485679626
Epoch 50: train_loss=0.4259692132472992

[CollapseMonitor] Epoch 50
  [DEBUG] Processed 20 batches, 30 horizon(s)
  Multi-horizon metrics (30 horizons):
    h1: std=0.0119, dir_acc=54.3%, pos=98%, unique=1221, sharpe=64.92
    h2: std=0.0104, dir_acc=54.4%, pos=98%, unique=1205, sharpe=67.44
    h3: std=0.0103, dir_acc=54.5%, pos=98%, unique=1205, sharpe=66.42
    h4: std=0.0104, dir_acc=54.6%, pos=98%, unique=1215, sharpe=65.38
    h5: std=0.0105, dir_acc=54.4%, pos=98%, unique=1222, sharpe=64.72
    ... (25 more horizons)
  Aggregate: std_avg=0.0107, dir_acc_avg=54.5%, composite_avg=0.4259
  H1 detail: range=0.1170, mean=0.0489, dist_match=0.5611
  Collapse penalty: 0.000000 (threshold: 0.005000)
  Saved validation predictions to: experiments/10_quantile_horizon_sweep/daily_7q_h30_s456/collapse_monitoring/val_predictions_epoch50.npz
  Gradient norms:
    lstm_encoder: 0.006553
    lstm_decoder: 0.000915
    output_layer: 0.019026
  VSN output std:
    encoder: 0.191549
  Attention entropy: 2.946872
  Saved to: experiments/10_quantile_horizon_sweep/daily_7q_h30_s456/collapse_monitoring/collapse_monitor_latest.json
[DEBUG CollapseMonitor] on_validation_epoch_start called for epoch 51
[DEBUG CollapseMonitor] reset_temporal_state() called on loss function
Epoch 51: val_loss=0.4382682144641876
Epoch 51: train_loss=0.4262237846851349

[CollapseMonitor] Epoch 51
  [DEBUG] Processed 20 batches, 30 horizon(s)
  Multi-horizon metrics (30 horizons):
    h1: std=0.0120, dir_acc=54.3%, pos=98%, unique=1216, sharpe=66.73
    h2: std=0.0105, dir_acc=54.5%, pos=98%, unique=1208, sharpe=69.80
    h3: std=0.0103, dir_acc=54.5%, pos=98%, unique=1219, sharpe=68.95
    h4: std=0.0105, dir_acc=54.7%, pos=98%, unique=1213, sharpe=67.97
    h5: std=0.0106, dir_acc=54.4%, pos=98%, unique=1209, sharpe=67.34
    ... (25 more horizons)
  Aggregate: std_avg=0.0107, dir_acc_avg=54.5%, composite_avg=0.4258
  H1 detail: range=0.1172, mean=0.0506, dist_match=0.5611
  Collapse penalty: 0.000000 (threshold: 0.005000)
  Saved validation predictions to: experiments/10_quantile_horizon_sweep/daily_7q_h30_s456/collapse_monitoring/val_predictions_epoch51.npz
  Gradient norms:
    lstm_encoder: 0.005783
    lstm_decoder: 0.000871
    output_layer: 0.019997
  VSN output std:
    encoder: 0.191289
  Attention entropy: 2.948447
  Saved to: experiments/10_quantile_horizon_sweep/daily_7q_h30_s456/collapse_monitoring/collapse_monitor_latest.json
[DEBUG CollapseMonitor] on_validation_epoch_start called for epoch 52
[DEBUG CollapseMonitor] reset_temporal_state() called on loss function
Epoch 52: val_loss=0.4384056329727173
Epoch 52: train_loss=0.4262412190437317

[CollapseMonitor] Epoch 52
  [DEBUG] Processed 20 batches, 30 horizon(s)
  Multi-horizon metrics (30 horizons):
    h1: std=0.0126, dir_acc=54.4%, pos=98%, unique=1213, sharpe=61.74
    h2: std=0.0111, dir_acc=54.4%, pos=98%, unique=1191, sharpe=63.64
    h3: std=0.0110, dir_acc=54.4%, pos=98%, unique=1212, sharpe=62.76
    h4: std=0.0112, dir_acc=54.6%, pos=98%, unique=1211, sharpe=61.93
    h5: std=0.0113, dir_acc=54.4%, pos=98%, unique=1209, sharpe=61.43
    ... (25 more horizons)
  Aggregate: std_avg=0.0115, dir_acc_avg=54.5%, composite_avg=0.4260
  H1 detail: range=0.1218, mean=0.0491, dist_match=0.5634
  Collapse penalty: 0.000000 (threshold: 0.005000)
  Saved validation predictions to: experiments/10_quantile_horizon_sweep/daily_7q_h30_s456/collapse_monitoring/val_predictions_epoch52.npz
  Gradient norms:
    lstm_encoder: 0.007284
    lstm_decoder: 0.000997
    output_layer: 0.020431
  VSN output std:
    encoder: 0.191304
  Attention entropy: 2.947528
  Saved to: experiments/10_quantile_horizon_sweep/daily_7q_h30_s456/collapse_monitoring/collapse_monitor_latest.json
[DEBUG CollapseMonitor] on_validation_epoch_start called for epoch 53
[DEBUG CollapseMonitor] reset_temporal_state() called on loss function
Epoch 53: val_loss=0.4383271038532257
Epoch 53: train_loss=0.4262639582157135

[CollapseMonitor] Epoch 53
  [DEBUG] Processed 20 batches, 30 horizon(s)
  Multi-horizon metrics (30 horizons):
    h1: std=0.0124, dir_acc=54.3%, pos=98%, unique=1212, sharpe=65.78
    h2: std=0.0108, dir_acc=54.4%, pos=98%, unique=1214, sharpe=68.54
    h3: std=0.0107, dir_acc=54.4%, pos=98%, unique=1216, sharpe=67.77
    h4: std=0.0109, dir_acc=54.6%, pos=98%, unique=1217, sharpe=66.89
    h5: std=0.0110, dir_acc=54.4%, pos=98%, unique=1202, sharpe=66.34
    ... (25 more horizons)
  Aggregate: std_avg=0.0111, dir_acc_avg=54.5%, composite_avg=0.4260
  H1 detail: range=0.1205, mean=0.0513, dist_match=0.5619
  Collapse penalty: 0.000000 (threshold: 0.005000)
  Saved validation predictions to: experiments/10_quantile_horizon_sweep/daily_7q_h30_s456/collapse_monitoring/val_predictions_epoch53.npz
  Gradient norms:
    lstm_encoder: 0.006685
    lstm_decoder: 0.000963
    output_layer: 0.019211
  VSN output std:
    encoder: 0.191577
  Attention entropy: 2.948570
  Saved to: experiments/10_quantile_horizon_sweep/daily_7q_h30_s456/collapse_monitoring/collapse_monitor_latest.json
[DEBUG CollapseMonitor] on_validation_epoch_start called for epoch 54
[DEBUG CollapseMonitor] reset_temporal_state() called on loss function
Epoch 54: val_loss=0.4382520020008087
Epoch 54: train_loss=0.4261109232902527

[CollapseMonitor] Epoch 54
  [DEBUG] Processed 20 batches, 30 horizon(s)
  Multi-horizon metrics (30 horizons):
    h1: std=0.0123, dir_acc=54.3%, pos=98%, unique=1213, sharpe=66.05
    h2: std=0.0107, dir_acc=54.4%, pos=98%, unique=1207, sharpe=69.01
    h3: std=0.0106, dir_acc=54.5%, pos=98%, unique=1205, sharpe=68.28
    h4: std=0.0107, dir_acc=54.6%, pos=98%, unique=1212, sharpe=67.43
    h5: std=0.0108, dir_acc=54.4%, pos=98%, unique=1216, sharpe=66.89
    ... (25 more horizons)
  Aggregate: std_avg=0.0110, dir_acc_avg=54.5%, composite_avg=0.4258
  H1 detail: range=0.1200, mean=0.0510, dist_match=0.5611
  Collapse penalty: 0.000000 (threshold: 0.005000)
  Saved validation predictions to: experiments/10_quantile_horizon_sweep/daily_7q_h30_s456/collapse_monitoring/val_predictions_epoch54.npz
  Gradient norms:
    lstm_encoder: 0.005960
    lstm_decoder: 0.000850
    output_layer: 0.018063
  VSN output std:
    encoder: 0.191368
  Attention entropy: 2.947419
  Saved to: experiments/10_quantile_horizon_sweep/daily_7q_h30_s456/collapse_monitoring/collapse_monitor_latest.json
[DEBUG CollapseMonitor] on_validation_epoch_start called for epoch 55
[DEBUG CollapseMonitor] reset_temporal_state() called on loss function
Epoch 55: val_loss=0.4382980465888977
Epoch 55: train_loss=0.426122784614563

[CollapseMonitor] Epoch 55
  [DEBUG] Processed 20 batches, 30 horizon(s)
  Multi-horizon metrics (30 horizons):
    h1: std=0.0124, dir_acc=54.3%, pos=98%, unique=1222, sharpe=64.50
    h2: std=0.0109, dir_acc=54.4%, pos=98%, unique=1215, sharpe=67.11
    h3: std=0.0108, dir_acc=54.4%, pos=98%, unique=1208, sharpe=66.29
    h4: std=0.0109, dir_acc=54.6%, pos=98%, unique=1205, sharpe=65.40
    h5: std=0.0110, dir_acc=54.4%, pos=98%, unique=1223, sharpe=64.85
    ... (25 more horizons)
  Aggregate: std_avg=0.0112, dir_acc_avg=54.5%, composite_avg=0.4260
  H1 detail: range=0.1212, mean=0.0505, dist_match=0.5619
  Collapse penalty: 0.000000 (threshold: 0.005000)
  Saved validation predictions to: experiments/10_quantile_horizon_sweep/daily_7q_h30_s456/collapse_monitoring/val_predictions_epoch55.npz
  Gradient norms:
    lstm_encoder: 0.007621
    lstm_decoder: 0.000998
    output_layer: 0.018781
  VSN output std:
    encoder: 0.191270
  Attention entropy: 2.947686
  Saved to: experiments/10_quantile_horizon_sweep/daily_7q_h30_s456/collapse_monitoring/collapse_monitor_latest.json
[DEBUG CollapseMonitor] on_validation_epoch_start called for epoch 56
[DEBUG CollapseMonitor] reset_temporal_state() called on loss function
Epoch 56: val_loss=0.43831416964530945
Epoch 56: train_loss=0.4261035621166229

[CollapseMonitor] Epoch 56
  [DEBUG] Processed 20 batches, 30 horizon(s)
  Multi-horizon metrics (30 horizons):
    h1: std=0.0125, dir_acc=54.3%, pos=98%, unique=1215, sharpe=63.56
    h2: std=0.0110, dir_acc=54.4%, pos=98%, unique=1221, sharpe=65.96
    h3: std=0.0108, dir_acc=54.4%, pos=98%, unique=1204, sharpe=65.07
    h4: std=0.0110, dir_acc=54.6%, pos=98%, unique=1213, sharpe=64.17
    h5: std=0.0111, dir_acc=54.4%, pos=98%, unique=1212, sharpe=63.60
    ... (25 more horizons)
  Aggregate: std_avg=0.0113, dir_acc_avg=54.5%, composite_avg=0.4260
  H1 detail: range=0.1216, mean=0.0501, dist_match=0.5619
  Collapse penalty: 0.000000 (threshold: 0.005000)
  Saved validation predictions to: experiments/10_quantile_horizon_sweep/daily_7q_h30_s456/collapse_monitoring/val_predictions_epoch56.npz
  Gradient norms:
    lstm_encoder: 0.006580
    lstm_decoder: 0.000888
    output_layer: 0.018557
  VSN output std:
    encoder: 0.191341
  Attention entropy: 2.947900
  Saved to: experiments/10_quantile_horizon_sweep/daily_7q_h30_s456/collapse_monitoring/collapse_monitor_latest.json
[DEBUG CollapseMonitor] on_validation_epoch_start called for epoch 57
[DEBUG CollapseMonitor] reset_temporal_state() called on loss function
Epoch 57: val_loss=0.4382524788379669
Epoch 57: train_loss=0.42626649141311646

[CollapseMonitor] Epoch 57
  [DEBUG] Processed 20 batches, 30 horizon(s)
  Multi-horizon metrics (30 horizons):
    h1: std=0.0126, dir_acc=54.3%, pos=98%, unique=1220, sharpe=64.26
    h2: std=0.0110, dir_acc=54.4%, pos=98%, unique=1213, sharpe=66.74
    h3: std=0.0109, dir_acc=54.4%, pos=98%, unique=1209, sharpe=65.84
    h4: std=0.0110, dir_acc=54.6%, pos=98%, unique=1214, sharpe=64.90
    h5: std=0.0112, dir_acc=54.4%, pos=98%, unique=1204, sharpe=64.31
    ... (25 more horizons)
  Aggregate: std_avg=0.0114, dir_acc_avg=54.5%, composite_avg=0.4260
  H1 detail: range=0.1221, mean=0.0508, dist_match=0.5619
  Collapse penalty: 0.000000 (threshold: 0.005000)
  Saved validation predictions to: experiments/10_quantile_horizon_sweep/daily_7q_h30_s456/collapse_monitoring/val_predictions_epoch57.npz
  Gradient norms:
    lstm_encoder: 0.005799
    lstm_decoder: 0.000938
    output_layer: 0.018320
  VSN output std:
    encoder: 0.190992
  Attention entropy: 2.947349
  Saved to: experiments/10_quantile_horizon_sweep/daily_7q_h30_s456/collapse_monitoring/collapse_monitor_latest.json
[DEBUG CollapseMonitor] on_validation_epoch_start called for epoch 58
[DEBUG CollapseMonitor] reset_temporal_state() called on loss function
Epoch 58: val_loss=0.4382489323616028
Epoch 58: train_loss=0.425994873046875

[CollapseMonitor] Epoch 58
  [DEBUG] Processed 20 batches, 30 horizon(s)
  Multi-horizon metrics (30 horizons):
    h1: std=0.0126, dir_acc=54.3%, pos=98%, unique=1222, sharpe=64.71
    h2: std=0.0110, dir_acc=54.5%, pos=98%, unique=1207, sharpe=67.41
    h3: std=0.0109, dir_acc=54.4%, pos=98%, unique=1222, sharpe=66.59
    h4: std=0.0110, dir_acc=54.6%, pos=98%, unique=1214, sharpe=65.69
    h5: std=0.0112, dir_acc=54.4%, pos=98%, unique=1203, sharpe=65.12
    ... (25 more horizons)
  Aggregate: std_avg=0.0113, dir_acc_avg=54.5%, composite_avg=0.4259
  H1 detail: range=0.1226, mean=0.0512, dist_match=0.5619
  Collapse penalty: 0.000000 (threshold: 0.005000)
  Saved validation predictions to: experiments/10_quantile_horizon_sweep/daily_7q_h30_s456/collapse_monitoring/val_predictions_epoch58.npz
  Gradient norms:
    lstm_encoder: 0.006522
    lstm_decoder: 0.000904
    output_layer: 0.018233
  VSN output std:
    encoder: 0.191294
  Attention entropy: 2.948182
  Saved to: experiments/10_quantile_horizon_sweep/daily_7q_h30_s456/collapse_monitoring/collapse_monitor_latest.json
[DEBUG CollapseMonitor] on_validation_epoch_start called for epoch 59
[DEBUG CollapseMonitor] reset_temporal_state() called on loss function
Epoch 59: val_loss=0.4382966160774231
Epoch 59: train_loss=0.4262795150279999

[CollapseMonitor] Epoch 59
  [DEBUG] Processed 20 batches, 30 horizon(s)
  Multi-horizon metrics (30 horizons):
    h1: std=0.0126, dir_acc=54.3%, pos=98%, unique=1215, sharpe=62.78
    h2: std=0.0110, dir_acc=54.4%, pos=98%, unique=1221, sharpe=65.23
    h3: std=0.0109, dir_acc=54.4%, pos=98%, unique=1210, sharpe=64.37
    h4: std=0.0111, dir_acc=54.6%, pos=98%, unique=1215, sharpe=63.49
    h5: std=0.0112, dir_acc=54.4%, pos=98%, unique=1205, sharpe=62.93
    ... (25 more horizons)
  Aggregate: std_avg=0.0114, dir_acc_avg=54.5%, composite_avg=0.4260
  H1 detail: range=0.1228, mean=0.0498, dist_match=0.5619
  Collapse penalty: 0.000000 (threshold: 0.005000)
  Saved validation predictions to: experiments/10_quantile_horizon_sweep/daily_7q_h30_s456/collapse_monitoring/val_predictions_epoch59.npz
  Gradient norms:
    lstm_encoder: 0.006306
    lstm_decoder: 0.000987
    output_layer: 0.019231
  VSN output std:
    encoder: 0.191541
  Attention entropy: 2.949276
  Saved to: experiments/10_quantile_horizon_sweep/daily_7q_h30_s456/collapse_monitoring/collapse_monitor_latest.json
[DEBUG CollapseMonitor] on_validation_epoch_start called for epoch 60
[DEBUG CollapseMonitor] reset_temporal_state() called on loss function
Epoch 60: val_loss=0.4382990002632141
Epoch 60: train_loss=0.4260193705558777

[CollapseMonitor] Epoch 60
  [DEBUG] Processed 20 batches, 30 horizon(s)
  Multi-horizon metrics (30 horizons):
    h1: std=0.0127, dir_acc=54.3%, pos=98%, unique=1210, sharpe=62.14
    h2: std=0.0112, dir_acc=54.4%, pos=98%, unique=1219, sharpe=64.42
    h3: std=0.0111, dir_acc=54.4%, pos=98%, unique=1210, sharpe=63.56
    h4: std=0.0112, dir_acc=54.6%, pos=98%, unique=1212, sharpe=62.72
    h5: std=0.0114, dir_acc=54.4%, pos=98%, unique=1202, sharpe=62.19
    ... (25 more horizons)
  Aggregate: std_avg=0.0115, dir_acc_avg=54.5%, composite_avg=0.4260
  H1 detail: range=0.1240, mean=0.0499, dist_match=0.5619
  Collapse penalty: 0.000000 (threshold: 0.005000)
  Saved validation predictions to: experiments/10_quantile_horizon_sweep/daily_7q_h30_s456/collapse_monitoring/val_predictions_epoch60.npz
  Gradient norms:
    lstm_encoder: 0.007237
    lstm_decoder: 0.000897
    output_layer: 0.018895
  VSN output std:
    encoder: 0.191453
  Attention entropy: 2.949526
  Saved to: experiments/10_quantile_horizon_sweep/daily_7q_h30_s456/collapse_monitoring/collapse_monitor_latest.json
[DEBUG CollapseMonitor] on_validation_epoch_start called for epoch 61
[DEBUG CollapseMonitor] reset_temporal_state() called on loss function
Epoch 61: val_loss=0.43822968006134033
Epoch 61: train_loss=0.426148384809494

[CollapseMonitor] Epoch 61
  [DEBUG] Processed 20 batches, 30 horizon(s)
  Multi-horizon metrics (30 horizons):
    h1: std=0.0128, dir_acc=54.3%, pos=98%, unique=1219, sharpe=61.92
    h2: std=0.0113, dir_acc=54.4%, pos=98%, unique=1211, sharpe=64.16
    h3: std=0.0111, dir_acc=54.4%, pos=98%, unique=1209, sharpe=63.29
    h4: std=0.0113, dir_acc=54.6%, pos=98%, unique=1208, sharpe=62.44
    h5: std=0.0114, dir_acc=54.4%, pos=98%, unique=1216, sharpe=61.91
    ... (25 more horizons)
  Aggregate: std_avg=0.0116, dir_acc_avg=54.5%, composite_avg=0.4261
  H1 detail: range=0.1248, mean=0.0500, dist_match=0.5619
  Collapse penalty: 0.000000 (threshold: 0.005000)
  Saved validation predictions to: experiments/10_quantile_horizon_sweep/daily_7q_h30_s456/collapse_monitoring/val_predictions_epoch61.npz
  Gradient norms:
    lstm_encoder: 0.007566
    lstm_decoder: 0.000883
    output_layer: 0.018329
  VSN output std:
    encoder: 0.191368
  Attention entropy: 2.948520
  Saved to: experiments/10_quantile_horizon_sweep/daily_7q_h30_s456/collapse_monitoring/collapse_monitor_latest.json
[DEBUG CollapseMonitor] on_validation_epoch_start called for epoch 62
[DEBUG CollapseMonitor] reset_temporal_state() called on loss function
Epoch 62: val_loss=0.43824639916419983
Epoch 62: train_loss=0.42628413438796997

[CollapseMonitor] Epoch 62
  [DEBUG] Processed 20 batches, 30 horizon(s)
  Multi-horizon metrics (30 horizons):
    h1: std=0.0127, dir_acc=54.3%, pos=98%, unique=1209, sharpe=62.09
    h2: std=0.0111, dir_acc=54.4%, pos=98%, unique=1208, sharpe=64.40
    h3: std=0.0110, dir_acc=54.4%, pos=98%, unique=1207, sharpe=63.56
    h4: std=0.0112, dir_acc=54.6%, pos=98%, unique=1210, sharpe=62.73
    h5: std=0.0113, dir_acc=54.4%, pos=98%, unique=1211, sharpe=62.22
    ... (25 more horizons)
  Aggregate: std_avg=0.0115, dir_acc_avg=54.5%, composite_avg=0.4260
  H1 detail: range=0.1240, mean=0.0497, dist_match=0.5619
  Collapse penalty: 0.000000 (threshold: 0.005000)
  Saved validation predictions to: experiments/10_quantile_horizon_sweep/daily_7q_h30_s456/collapse_monitoring/val_predictions_epoch62.npz
  Gradient norms:
    lstm_encoder: 0.007403
    lstm_decoder: 0.000987
    output_layer: 0.019600
  VSN output std:
    encoder: 0.191210
  Attention entropy: 2.948244
  Saved to: experiments/10_quantile_horizon_sweep/daily_7q_h30_s456/collapse_monitoring/collapse_monitor_latest.json
[DEBUG CollapseMonitor] on_validation_epoch_start called for epoch 63
[DEBUG CollapseMonitor] reset_temporal_state() called on loss function
Epoch 63: val_loss=0.4383274018764496
Epoch 63: train_loss=0.42594367265701294

[CollapseMonitor] Epoch 63
  [DEBUG] Processed 20 batches, 30 horizon(s)
  Multi-horizon metrics (30 horizons):
    h1: std=0.0129, dir_acc=54.4%, pos=98%, unique=1220, sharpe=61.75
    h2: std=0.0113, dir_acc=54.4%, pos=98%, unique=1208, sharpe=63.93
    h3: std=0.0112, dir_acc=54.4%, pos=98%, unique=1213, sharpe=63.09
    h4: std=0.0114, dir_acc=54.6%, pos=98%, unique=1211, sharpe=62.27
    h5: std=0.0115, dir_acc=54.4%, pos=98%, unique=1206, sharpe=61.76
    ... (25 more horizons)
  Aggregate: std_avg=0.0117, dir_acc_avg=54.5%, composite_avg=0.4261
  H1 detail: range=0.1251, mean=0.0500, dist_match=0.5634
  Collapse penalty: 0.000000 (threshold: 0.005000)
  Saved validation predictions to: experiments/10_quantile_horizon_sweep/daily_7q_h30_s456/collapse_monitoring/val_predictions_epoch63.npz
  Gradient norms:
    lstm_encoder: 0.006958
    lstm_decoder: 0.001017
    output_layer: 0.018252
  VSN output std:
    encoder: 0.191433
  Attention entropy: 2.949281
  Saved to: experiments/10_quantile_horizon_sweep/daily_7q_h30_s456/collapse_monitoring/collapse_monitor_latest.json
[DEBUG CollapseMonitor] on_validation_epoch_start called for epoch 64
[DEBUG CollapseMonitor] reset_temporal_state() called on loss function
Epoch 64: val_loss=0.4383183419704437
Epoch 64: train_loss=0.4259743392467499

[CollapseMonitor] Epoch 64
  [DEBUG] Processed 20 batches, 30 horizon(s)
  Multi-horizon metrics (30 horizons):
    h1: std=0.0129, dir_acc=54.4%, pos=98%, unique=1216, sharpe=61.48
    h2: std=0.0114, dir_acc=54.4%, pos=98%, unique=1209, sharpe=63.65
    h3: std=0.0113, dir_acc=54.4%, pos=98%, unique=1214, sharpe=62.80
    h4: std=0.0114, dir_acc=54.6%, pos=98%, unique=1211, sharpe=61.99
    h5: std=0.0116, dir_acc=54.4%, pos=98%, unique=1209, sharpe=61.49
    ... (25 more horizons)
  Aggregate: std_avg=0.0117, dir_acc_avg=54.5%, composite_avg=0.4261
  H1 detail: range=0.1254, mean=0.0501, dist_match=0.5634
  Collapse penalty: 0.000000 (threshold: 0.005000)
  Saved validation predictions to: experiments/10_quantile_horizon_sweep/daily_7q_h30_s456/collapse_monitoring/val_predictions_epoch64.npz
  Gradient norms:
    lstm_encoder: 0.006572
    lstm_decoder: 0.000930
    output_layer: 0.018937
  VSN output std:
    encoder: 0.191237
  Attention entropy: 2.948548
  Saved to: experiments/10_quantile_horizon_sweep/daily_7q_h30_s456/collapse_monitoring/collapse_monitor_latest.json
[DEBUG CollapseMonitor] on_validation_epoch_start called for epoch 65
[DEBUG CollapseMonitor] reset_temporal_state() called on loss function
Epoch 65: val_loss=0.4383275508880615
Epoch 65: train_loss=0.4259454905986786

[CollapseMonitor] Epoch 65
  [DEBUG] Processed 20 batches, 30 horizon(s)
  Multi-horizon metrics (30 horizons):
    h1: std=0.0130, dir_acc=54.4%, pos=98%, unique=1221, sharpe=62.76
    h2: std=0.0115, dir_acc=54.4%, pos=98%, unique=1213, sharpe=65.08
    h3: std=0.0113, dir_acc=54.4%, pos=98%, unique=1205, sharpe=64.24
    h4: std=0.0115, dir_acc=54.6%, pos=98%, unique=1209, sharpe=63.40
    h5: std=0.0117, dir_acc=54.4%, pos=98%, unique=1215, sharpe=62.87
    ... (25 more horizons)
  Aggregate: std_avg=0.0118, dir_acc_avg=54.5%, composite_avg=0.4260
  H1 detail: range=0.1257, mean=0.0514, dist_match=0.5634
  Collapse penalty: 0.000000 (threshold: 0.005000)
  Saved validation predictions to: experiments/10_quantile_horizon_sweep/daily_7q_h30_s456/collapse_monitoring/val_predictions_epoch65.npz
  Gradient norms:
    lstm_encoder: 0.006478
    lstm_decoder: 0.000979
    output_layer: 0.017771
  VSN output std:
    encoder: 0.191214
  Attention entropy: 2.949121
  Saved to: experiments/10_quantile_horizon_sweep/daily_7q_h30_s456/collapse_monitoring/collapse_monitor_latest.json
[DEBUG CollapseMonitor] on_validation_epoch_start called for epoch 66
[DEBUG CollapseMonitor] reset_temporal_state() called on loss function
Epoch 66: val_loss=0.4383353888988495
Epoch 66: train_loss=0.426128089427948

[CollapseMonitor] Epoch 66
  [DEBUG] Processed 20 batches, 30 horizon(s)
  Multi-horizon metrics (30 horizons):
    h1: std=0.0130, dir_acc=54.4%, pos=98%, unique=1218, sharpe=61.72
    h2: std=0.0114, dir_acc=54.4%, pos=98%, unique=1221, sharpe=63.93
    h3: std=0.0113, dir_acc=54.4%, pos=98%, unique=1207, sharpe=63.07
    h4: std=0.0115, dir_acc=54.6%, pos=98%, unique=1189, sharpe=62.22
    h5: std=0.0116, dir_acc=54.4%, pos=98%, unique=1220, sharpe=61.70
    ... (25 more horizons)
  Aggregate: std_avg=0.0118, dir_acc_avg=54.5%, composite_avg=0.4260
  H1 detail: range=0.1255, mean=0.0505, dist_match=0.5634
  Collapse penalty: 0.000000 (threshold: 0.005000)
  Saved validation predictions to: experiments/10_quantile_horizon_sweep/daily_7q_h30_s456/collapse_monitoring/val_predictions_epoch66.npz
  Gradient norms:
    lstm_encoder: 0.007381
    lstm_decoder: 0.000953
    output_layer: 0.017782
  VSN output std:
    encoder: 0.191393
  Attention entropy: 2.950000
  Saved to: experiments/10_quantile_horizon_sweep/daily_7q_h30_s456/collapse_monitoring/collapse_monitor_latest.json
[DEBUG CollapseMonitor] on_validation_epoch_start called for epoch 67
[DEBUG CollapseMonitor] reset_temporal_state() called on loss function
Epoch 67: val_loss=0.4383080303668976
Epoch 67: train_loss=0.42598283290863037

[CollapseMonitor] Epoch 67
  [DEBUG] Processed 20 batches, 30 horizon(s)
  Multi-horizon metrics (30 horizons):
    h1: std=0.0131, dir_acc=54.4%, pos=98%, unique=1218, sharpe=62.28
    h2: std=0.0115, dir_acc=54.4%, pos=98%, unique=1206, sharpe=64.57
    h3: std=0.0114, dir_acc=54.4%, pos=98%, unique=1212, sharpe=63.73
    h4: std=0.0116, dir_acc=54.6%, pos=98%, unique=1229, sharpe=62.89
    h5: std=0.0117, dir_acc=54.4%, pos=98%, unique=1206, sharpe=62.37
    ... (25 more horizons)
  Aggregate: std_avg=0.0119, dir_acc_avg=54.5%, composite_avg=0.4261
  H1 detail: range=0.1265, mean=0.0513, dist_match=0.5634
  Collapse penalty: 0.000000 (threshold: 0.005000)
  Saved validation predictions to: experiments/10_quantile_horizon_sweep/daily_7q_h30_s456/collapse_monitoring/val_predictions_epoch67.npz
  Gradient norms:
    lstm_encoder: 0.006213
    lstm_decoder: 0.000942
    output_layer: 0.018351
  VSN output std:
    encoder: 0.191461
  Attention entropy: 2.950436
  Saved to: experiments/10_quantile_horizon_sweep/daily_7q_h30_s456/collapse_monitoring/collapse_monitor_latest.json
[DEBUG CollapseMonitor] on_validation_epoch_start called for epoch 68
[DEBUG CollapseMonitor] reset_temporal_state() called on loss function
Epoch 68: val_loss=0.43832632899284363
Epoch 68: train_loss=0.4259684979915619

[CollapseMonitor] Epoch 68
  [DEBUG] Processed 20 batches, 30 horizon(s)
  Multi-horizon metrics (30 horizons):
    h1: std=0.0131, dir_acc=54.4%, pos=98%, unique=1215, sharpe=61.41
    h2: std=0.0115, dir_acc=54.4%, pos=98%, unique=1225, sharpe=63.58
    h3: std=0.0114, dir_acc=54.4%, pos=98%, unique=1213, sharpe=62.72
    h4: std=0.0116, dir_acc=54.6%, pos=98%, unique=1219, sharpe=61.88
    h5: std=0.0117, dir_acc=54.4%, pos=98%, unique=1202, sharpe=61.37
    ... (25 more horizons)
  Aggregate: std_avg=0.0119, dir_acc_avg=54.5%, composite_avg=0.4261
  H1 detail: range=0.1266, mean=0.0506, dist_match=0.5634
  Collapse penalty: 0.000000 (threshold: 0.005000)
  Saved validation predictions to: experiments/10_quantile_horizon_sweep/daily_7q_h30_s456/collapse_monitoring/val_predictions_epoch68.npz
  Gradient norms:
    lstm_encoder: 0.006480
    lstm_decoder: 0.000949
    output_layer: 0.018425
  VSN output std:
    encoder: 0.191708
  Attention entropy: 2.950932
  Saved to: experiments/10_quantile_horizon_sweep/daily_7q_h30_s456/collapse_monitoring/collapse_monitor_latest.json
[DEBUG CollapseMonitor] on_validation_epoch_start called for epoch 69
[DEBUG CollapseMonitor] reset_temporal_state() called on loss function
Epoch 69: val_loss=0.4383350908756256
Epoch 69: train_loss=0.42605677247047424

[CollapseMonitor] Epoch 69
  [DEBUG] Processed 20 batches, 30 horizon(s)
  Multi-horizon metrics (30 horizons):
    h1: std=0.0131, dir_acc=54.4%, pos=98%, unique=1201, sharpe=61.86
    h2: std=0.0115, dir_acc=54.4%, pos=98%, unique=1198, sharpe=64.11
    h3: std=0.0114, dir_acc=54.4%, pos=98%, unique=1215, sharpe=63.26
    h4: std=0.0116, dir_acc=54.6%, pos=98%, unique=1206, sharpe=62.42
    h5: std=0.0117, dir_acc=54.4%, pos=98%, unique=1224, sharpe=61.91
    ... (25 more horizons)
  Aggregate: std_avg=0.0119, dir_acc_avg=54.5%, composite_avg=0.4260
  H1 detail: range=0.1266, mean=0.0510, dist_match=0.5634
  Collapse penalty: 0.000000 (threshold: 0.005000)
  Saved validation predictions to: experiments/10_quantile_horizon_sweep/daily_7q_h30_s456/collapse_monitoring/val_predictions_epoch69.npz
  Gradient norms:
    lstm_encoder: 0.006093
    lstm_decoder: 0.000978
    output_layer: 0.018328
  VSN output std:
    encoder: 0.191735
  Attention entropy: 2.951043
  Saved to: experiments/10_quantile_horizon_sweep/daily_7q_h30_s456/collapse_monitoring/collapse_monitor_latest.json
[DEBUG CollapseMonitor] on_validation_epoch_start called for epoch 70
[DEBUG CollapseMonitor] reset_temporal_state() called on loss function
Epoch 70: val_loss=0.43834275007247925
Epoch 70: train_loss=0.4260691702365875

[CollapseMonitor] Epoch 70
  [DEBUG] Processed 20 batches, 30 horizon(s)
  Multi-horizon metrics (30 horizons):
    h1: std=0.0131, dir_acc=54.4%, pos=98%, unique=1211, sharpe=62.08
    h2: std=0.0115, dir_acc=54.4%, pos=98%, unique=1210, sharpe=64.41
    h3: std=0.0114, dir_acc=54.4%, pos=98%, unique=1212, sharpe=63.57
    h4: std=0.0115, dir_acc=54.6%, pos=98%, unique=1213, sharpe=62.72
    h5: std=0.0117, dir_acc=54.4%, pos=98%, unique=1206, sharpe=62.20
    ... (25 more horizons)
  Aggregate: std_avg=0.0118, dir_acc_avg=54.5%, composite_avg=0.4260
  H1 detail: range=0.1263, mean=0.0510, dist_match=0.5634
  Collapse penalty: 0.000000 (threshold: 0.005000)
  Saved validation predictions to: experiments/10_quantile_horizon_sweep/daily_7q_h30_s456/collapse_monitoring/val_predictions_epoch70.npz
  Gradient norms:
    lstm_encoder: 0.007859
    lstm_decoder: 0.001008
    output_layer: 0.018603
  VSN output std:
    encoder: 0.192186
  Attention entropy: 2.952377
  Saved to: experiments/10_quantile_horizon_sweep/daily_7q_h30_s456/collapse_monitoring/collapse_monitor_latest.json
[DEBUG CollapseMonitor] on_validation_epoch_start called for epoch 71
[DEBUG CollapseMonitor] reset_temporal_state() called on loss function
Epoch 71: val_loss=0.4382407069206238
Epoch 71: train_loss=0.4259079396724701

[CollapseMonitor] Epoch 71
  [DEBUG] Processed 20 batches, 30 horizon(s)
  Multi-horizon metrics (30 horizons):
    h1: std=0.0130, dir_acc=54.3%, pos=98%, unique=1221, sharpe=61.45
    h2: std=0.0115, dir_acc=54.4%, pos=98%, unique=1213, sharpe=63.72
    h3: std=0.0113, dir_acc=54.4%, pos=98%, unique=1224, sharpe=62.86
    h4: std=0.0115, dir_acc=54.6%, pos=98%, unique=1206, sharpe=62.03
    h5: std=0.0117, dir_acc=54.4%, pos=98%, unique=1214, sharpe=61.52
    ... (25 more horizons)
  Aggregate: std_avg=0.0118, dir_acc_avg=54.5%, composite_avg=0.4261
  H1 detail: range=0.1264, mean=0.0504, dist_match=0.5626
  Collapse penalty: 0.000000 (threshold: 0.005000)
  Saved validation predictions to: experiments/10_quantile_horizon_sweep/daily_7q_h30_s456/collapse_monitoring/val_predictions_epoch71.npz
  Gradient norms:
    lstm_encoder: 0.006731
    lstm_decoder: 0.000967
    output_layer: 0.019237
  VSN output std:
    encoder: 0.191641
  Attention entropy: 2.950892
  Saved to: experiments/10_quantile_horizon_sweep/daily_7q_h30_s456/collapse_monitoring/collapse_monitor_latest.json
[DEBUG CollapseMonitor] on_validation_epoch_start called for epoch 72
[DEBUG CollapseMonitor] reset_temporal_state() called on loss function
Epoch 72: val_loss=0.43830403685569763
Epoch 72: train_loss=0.42604726552963257

[CollapseMonitor] Epoch 72
  [DEBUG] Processed 20 batches, 30 horizon(s)
  Multi-horizon metrics (30 horizons):
    h1: std=0.0130, dir_acc=54.4%, pos=98%, unique=1211, sharpe=61.37
    h2: std=0.0115, dir_acc=54.4%, pos=98%, unique=1206, sharpe=63.61
    h3: std=0.0114, dir_acc=54.4%, pos=98%, unique=1199, sharpe=62.76
    h4: std=0.0115, dir_acc=54.6%, pos=98%, unique=1201, sharpe=61.94
    h5: std=0.0117, dir_acc=54.4%, pos=98%, unique=1210, sharpe=61.44
    ... (25 more horizons)
  Aggregate: std_avg=0.0118, dir_acc_avg=54.5%, composite_avg=0.4261
  H1 detail: range=0.1265, mean=0.0504, dist_match=0.5634
  Collapse penalty: 0.000000 (threshold: 0.005000)
  Saved validation predictions to: experiments/10_quantile_horizon_sweep/daily_7q_h30_s456/collapse_monitoring/val_predictions_epoch72.npz
  Gradient norms:
    lstm_encoder: 0.006458
    lstm_decoder: 0.001012
    output_layer: 0.019854
  VSN output std:
    encoder: 0.191708
  Attention entropy: 2.951185
  Saved to: experiments/10_quantile_horizon_sweep/daily_7q_h30_s456/collapse_monitoring/collapse_monitor_latest.json
[DEBUG CollapseMonitor] on_validation_epoch_start called for epoch 73
[DEBUG CollapseMonitor] reset_temporal_state() called on loss function
Epoch 73: val_loss=0.438290536403656
Epoch 73: train_loss=0.42596572637557983

[CollapseMonitor] Epoch 73
  [DEBUG] Processed 20 batches, 30 horizon(s)
  Multi-horizon metrics (30 horizons):
    h1: std=0.0130, dir_acc=54.4%, pos=98%, unique=1219, sharpe=61.56
    h2: std=0.0115, dir_acc=54.4%, pos=98%, unique=1209, sharpe=63.82
    h3: std=0.0113, dir_acc=54.4%, pos=98%, unique=1203, sharpe=62.96
    h4: std=0.0115, dir_acc=54.6%, pos=98%, unique=1217, sharpe=62.13
    h5: std=0.0117, dir_acc=54.4%, pos=98%, unique=1216, sharpe=61.63
    ... (25 more horizons)
  Aggregate: std_avg=0.0118, dir_acc_avg=54.5%, composite_avg=0.4261
  H1 detail: range=0.1265, mean=0.0505, dist_match=0.5634
  Collapse penalty: 0.000000 (threshold: 0.005000)
  Saved validation predictions to: experiments/10_quantile_horizon_sweep/daily_7q_h30_s456/collapse_monitoring/val_predictions_epoch73.npz
  Gradient norms:
    lstm_encoder: 0.007193
    lstm_decoder: 0.000964
    output_layer: 0.019274
  VSN output std:
    encoder: 0.191654
  Attention entropy: 2.950991
  Saved to: experiments/10_quantile_horizon_sweep/daily_7q_h30_s456/collapse_monitoring/collapse_monitor_latest.json
[DEBUG CollapseMonitor] on_validation_epoch_start called for epoch 74
[DEBUG CollapseMonitor] reset_temporal_state() called on loss function
Epoch 74: val_loss=0.4383184015750885
Epoch 74: train_loss=0.42603930830955505

[CollapseMonitor] Epoch 74
  [DEBUG] Processed 20 batches, 30 horizon(s)
  Multi-horizon metrics (30 horizons):
    h1: std=0.0131, dir_acc=54.4%, pos=98%, unique=1225, sharpe=61.17
    h2: std=0.0115, dir_acc=54.4%, pos=98%, unique=1210, sharpe=63.38
    h3: std=0.0114, dir_acc=54.4%, pos=98%, unique=1214, sharpe=62.51
    h4: std=0.0116, dir_acc=54.6%, pos=98%, unique=1214, sharpe=61.67
    h5: std=0.0117, dir_acc=54.4%, pos=98%, unique=1214, sharpe=61.16
    ... (25 more horizons)
  Aggregate: std_avg=0.0119, dir_acc_avg=54.5%, composite_avg=0.4261
  H1 detail: range=0.1266, mean=0.0504, dist_match=0.5634
  Collapse penalty: 0.000000 (threshold: 0.005000)
  Saved validation predictions to: experiments/10_quantile_horizon_sweep/daily_7q_h30_s456/collapse_monitoring/val_predictions_epoch74.npz
  Gradient norms:
    lstm_encoder: 0.006205
    lstm_decoder: 0.000873
    output_layer: 0.018143
  VSN output std:
    encoder: 0.191876
  Attention entropy: 2.951886
  Saved to: experiments/10_quantile_horizon_sweep/daily_7q_h30_s456/collapse_monitoring/collapse_monitor_latest.json
[DEBUG CollapseMonitor] on_validation_epoch_start called for epoch 75
[DEBUG CollapseMonitor] reset_temporal_state() called on loss function
Epoch 75: val_loss=0.4383297860622406
Epoch 75: train_loss=0.4258508086204529

[CollapseMonitor] Epoch 75
  [DEBUG] Processed 20 batches, 30 horizon(s)
  Multi-horizon metrics (30 horizons):
    h1: std=0.0131, dir_acc=54.4%, pos=98%, unique=1213, sharpe=61.46
    h2: std=0.0116, dir_acc=54.4%, pos=98%, unique=1220, sharpe=63.70
    h3: std=0.0114, dir_acc=54.4%, pos=98%, unique=1210, sharpe=62.84
    h4: std=0.0116, dir_acc=54.6%, pos=98%, unique=1224, sharpe=62.00
    h5: std=0.0118, dir_acc=54.4%, pos=98%, unique=1202, sharpe=61.49
    ... (25 more horizons)
  Aggregate: std_avg=0.0119, dir_acc_avg=54.5%, composite_avg=0.4260
  H1 detail: range=0.1268, mean=0.0508, dist_match=0.5634
  Collapse penalty: 0.000000 (threshold: 0.005000)
  Saved validation predictions to: experiments/10_quantile_horizon_sweep/daily_7q_h30_s456/collapse_monitoring/val_predictions_epoch75.npz
  Gradient norms:
    lstm_encoder: 0.007472
    lstm_decoder: 0.000969
    output_layer: 0.018919
  VSN output std:
    encoder: 0.191914
  Attention entropy: 2.952322
  Saved to: experiments/10_quantile_horizon_sweep/daily_7q_h30_s456/collapse_monitoring/collapse_monitor_latest.json
[DEBUG CollapseMonitor] on_validation_epoch_start called for epoch 76
[DEBUG CollapseMonitor] reset_temporal_state() called on loss function
Epoch 76: val_loss=0.4383411407470703
Epoch 76: train_loss=0.42596256732940674

[CollapseMonitor] Epoch 76
  [DEBUG] Processed 20 batches, 30 horizon(s)
  Multi-horizon metrics (30 horizons):
    h1: std=0.0132, dir_acc=54.4%, pos=98%, unique=1221, sharpe=61.05
    h2: std=0.0116, dir_acc=54.4%, pos=98%, unique=1207, sharpe=63.21
    h3: std=0.0115, dir_acc=54.4%, pos=98%, unique=1210, sharpe=62.35
    h4: std=0.0117, dir_acc=54.6%, pos=98%, unique=1202, sharpe=61.52
    h5: std=0.0118, dir_acc=54.4%, pos=98%, unique=1205, sharpe=61.02
    ... (25 more horizons)
  Aggregate: std_avg=0.0120, dir_acc_avg=54.5%, composite_avg=0.4261
  H1 detail: range=0.1271, mean=0.0506, dist_match=0.5634
  Collapse penalty: 0.000000 (threshold: 0.005000)
  Saved validation predictions to: experiments/10_quantile_horizon_sweep/daily_7q_h30_s456/collapse_monitoring/val_predictions_epoch76.npz
  Gradient norms:
    lstm_encoder: 0.006803
    lstm_decoder: 0.001052
    output_layer: 0.019491
  VSN output std:
    encoder: 0.191828
  Attention entropy: 2.952112
  Saved to: experiments/10_quantile_horizon_sweep/daily_7q_h30_s456/collapse_monitoring/collapse_monitor_latest.json
[DEBUG CollapseMonitor] on_validation_epoch_start called for epoch 77
[DEBUG CollapseMonitor] reset_temporal_state() called on loss function
Epoch 77: val_loss=0.4382994472980499
Epoch 77: train_loss=0.4260217249393463

[CollapseMonitor] Epoch 77
  [DEBUG] Processed 20 batches, 30 horizon(s)
  Multi-horizon metrics (30 horizons):
    h1: std=0.0131, dir_acc=54.4%, pos=98%, unique=1222, sharpe=61.69
    h2: std=0.0116, dir_acc=54.4%, pos=98%, unique=1215, sharpe=63.96
    h3: std=0.0115, dir_acc=54.4%, pos=98%, unique=1214, sharpe=63.11
    h4: std=0.0116, dir_acc=54.6%, pos=98%, unique=1208, sharpe=62.28
    h5: std=0.0118, dir_acc=54.4%, pos=98%, unique=1219, sharpe=61.77
    ... (25 more horizons)
  Aggregate: std_avg=0.0119, dir_acc_avg=54.5%, composite_avg=0.4260
  H1 detail: range=0.1271, mean=0.0510, dist_match=0.5634
  Collapse penalty: 0.000000 (threshold: 0.005000)
  Saved validation predictions to: experiments/10_quantile_horizon_sweep/daily_7q_h30_s456/collapse_monitoring/val_predictions_epoch77.npz
  Gradient norms:
    lstm_encoder: 0.006574
    lstm_decoder: 0.000982
    output_layer: 0.018197
  VSN output std:
    encoder: 0.191655
  Attention entropy: 2.951336
  Saved to: experiments/10_quantile_horizon_sweep/daily_7q_h30_s456/collapse_monitoring/collapse_monitor_latest.json
[DEBUG CollapseMonitor] on_validation_epoch_start called for epoch 78
[DEBUG CollapseMonitor] reset_temporal_state() called on loss function
Epoch 78: val_loss=0.4382820129394531
Epoch 78: train_loss=0.42589515447616577

[CollapseMonitor] Epoch 78
  [DEBUG] Processed 20 batches, 30 horizon(s)
  Multi-horizon metrics (30 horizons):
    h1: std=0.0131, dir_acc=54.4%, pos=98%, unique=1216, sharpe=61.13
    h2: std=0.0115, dir_acc=54.4%, pos=98%, unique=1208, sharpe=63.40
    h3: std=0.0114, dir_acc=54.4%, pos=98%, unique=1210, sharpe=62.56
    h4: std=0.0116, dir_acc=54.6%, pos=98%, unique=1196, sharpe=61.75
    h5: std=0.0118, dir_acc=54.4%, pos=98%, unique=1213, sharpe=61.26
    ... (25 more horizons)
  Aggregate: std_avg=0.0119, dir_acc_avg=54.5%, composite_avg=0.4261
  H1 detail: range=0.1274, mean=0.0505, dist_match=0.5634
  Collapse penalty: 0.000000 (threshold: 0.005000)
  Saved validation predictions to: experiments/10_quantile_horizon_sweep/daily_7q_h30_s456/collapse_monitoring/val_predictions_epoch78.npz
  Gradient norms:
    lstm_encoder: 0.005794
    lstm_decoder: 0.000916
    output_layer: 0.018969
  VSN output std:
    encoder: 0.191959
  Attention entropy: 2.952191
  Saved to: experiments/10_quantile_horizon_sweep/daily_7q_h30_s456/collapse_monitoring/collapse_monitor_latest.json
[DEBUG CollapseMonitor] on_validation_epoch_start called for epoch 79
[DEBUG CollapseMonitor] reset_temporal_state() called on loss function
Epoch 79: val_loss=0.4382917881011963
Epoch 79: train_loss=0.426175981760025

[CollapseMonitor] Epoch 79
  [DEBUG] Processed 20 batches, 30 horizon(s)
  Multi-horizon metrics (30 horizons):
    h1: std=0.0132, dir_acc=54.4%, pos=98%, unique=1215, sharpe=60.28
    h2: std=0.0117, dir_acc=54.4%, pos=98%, unique=1212, sharpe=62.37
    h3: std=0.0115, dir_acc=54.4%, pos=98%, unique=1202, sharpe=61.52
    h4: std=0.0117, dir_acc=54.6%, pos=98%, unique=1211, sharpe=60.71
    h5: std=0.0119, dir_acc=54.4%, pos=98%, unique=1208, sharpe=60.22
    ... (25 more horizons)
  Aggregate: std_avg=0.0120, dir_acc_avg=54.5%, composite_avg=0.4261
  H1 detail: range=0.1280, mean=0.0502, dist_match=0.5634
  Collapse penalty: 0.000000 (threshold: 0.005000)
  Saved validation predictions to: experiments/10_quantile_horizon_sweep/daily_7q_h30_s456/collapse_monitoring/val_predictions_epoch79.npz
  Gradient norms:
    lstm_encoder: 0.007268
    lstm_decoder: 0.001000
    output_layer: 0.019172
  VSN output std:
    encoder: 0.191885
  Attention entropy: 2.952306
  Saved to: experiments/10_quantile_horizon_sweep/daily_7q_h30_s456/collapse_monitoring/collapse_monitor_latest.json
[DEBUG CollapseMonitor] on_validation_epoch_start called for epoch 80
[DEBUG CollapseMonitor] reset_temporal_state() called on loss function
Epoch 80: val_loss=0.43829524517059326
Epoch 80: train_loss=0.42585498094558716

[CollapseMonitor] Epoch 80
  [DEBUG] Processed 20 batches, 30 horizon(s)
  Multi-horizon metrics (30 horizons):
    h1: std=0.0132, dir_acc=54.4%, pos=98%, unique=1219, sharpe=60.65
    h2: std=0.0117, dir_acc=54.4%, pos=98%, unique=1213, sharpe=62.78
    h3: std=0.0116, dir_acc=54.4%, pos=98%, unique=1207, sharpe=61.93
    h4: std=0.0117, dir_acc=54.6%, pos=98%, unique=1210, sharpe=61.13
    h5: std=0.0119, dir_acc=54.4%, pos=98%, unique=1218, sharpe=60.64
    ... (25 more horizons)
  Aggregate: std_avg=0.0120, dir_acc_avg=54.5%, composite_avg=0.4261
  H1 detail: range=0.1281, mean=0.0505, dist_match=0.5634
  Collapse penalty: 0.000000 (threshold: 0.005000)
  Saved validation predictions to: experiments/10_quantile_horizon_sweep/daily_7q_h30_s456/collapse_monitoring/val_predictions_epoch80.npz
  Gradient norms:
    lstm_encoder: 0.006533
    lstm_decoder: 0.001020
    output_layer: 0.018528
  VSN output std:
    encoder: 0.191879
  Attention entropy: 2.952504
  Saved to: experiments/10_quantile_horizon_sweep/daily_7q_h30_s456/collapse_monitoring/collapse_monitor_latest.json
[DEBUG CollapseMonitor] on_validation_epoch_start called for epoch 81
[DEBUG CollapseMonitor] reset_temporal_state() called on loss function
Epoch 81: val_loss=0.4383297860622406
Epoch 81: train_loss=0.42623409628868103

[CollapseMonitor] Epoch 81
  [DEBUG] Processed 20 batches, 30 horizon(s)
  Multi-horizon metrics (30 horizons):
    h1: std=0.0132, dir_acc=54.4%, pos=98%, unique=1223, sharpe=60.81
    h2: std=0.0116, dir_acc=54.4%, pos=98%, unique=1212, sharpe=62.99
    h3: std=0.0115, dir_acc=54.4%, pos=98%, unique=1209, sharpe=62.15
    h4: std=0.0117, dir_acc=54.6%, pos=98%, unique=1215, sharpe=61.34
    h5: std=0.0118, dir_acc=54.4%, pos=98%, unique=1220, sharpe=60.85
    ... (25 more horizons)
  Aggregate: std_avg=0.0120, dir_acc_avg=54.5%, composite_avg=0.4261
  H1 detail: range=0.1277, mean=0.0505, dist_match=0.5634
  Collapse penalty: 0.000000 (threshold: 0.005000)
  Saved validation predictions to: experiments/10_quantile_horizon_sweep/daily_7q_h30_s456/collapse_monitoring/val_predictions_epoch81.npz
  Gradient norms:
    lstm_encoder: 0.007205
    lstm_decoder: 0.000972
    output_layer: 0.018645
  VSN output std:
    encoder: 0.191951
  Attention entropy: 2.952828
  Saved to: experiments/10_quantile_horizon_sweep/daily_7q_h30_s456/collapse_monitoring/collapse_monitor_latest.json
[DEBUG CollapseMonitor] on_validation_epoch_start called for epoch 82
[DEBUG CollapseMonitor] reset_temporal_state() called on loss function
Epoch 82: val_loss=0.4383346140384674
Epoch 82: train_loss=0.42599934339523315

[CollapseMonitor] Epoch 82
  [DEBUG] Processed 20 batches, 30 horizon(s)
  Multi-horizon metrics (30 horizons):
    h1: std=0.0132, dir_acc=54.4%, pos=98%, unique=1220, sharpe=61.04
    h2: std=0.0116, dir_acc=54.4%, pos=98%, unique=1212, sharpe=63.28
    h3: std=0.0115, dir_acc=54.4%, pos=98%, unique=1211, sharpe=62.43
    h4: std=0.0116, dir_acc=54.6%, pos=98%, unique=1204, sharpe=61.63
    h5: std=0.0118, dir_acc=54.4%, pos=98%, unique=1212, sharpe=61.14
    ... (25 more horizons)
  Aggregate: std_avg=0.0119, dir_acc_avg=54.5%, composite_avg=0.4261
  H1 detail: range=0.1277, mean=0.0506, dist_match=0.5634
  Collapse penalty: 0.000000 (threshold: 0.005000)
  Saved validation predictions to: experiments/10_quantile_horizon_sweep/daily_7q_h30_s456/collapse_monitoring/val_predictions_epoch82.npz
  Gradient norms:
    lstm_encoder: 0.006325
    lstm_decoder: 0.000994
    output_layer: 0.018777
  VSN output std:
    encoder: 0.192012
  Attention entropy: 2.952955
  Saved to: experiments/10_quantile_horizon_sweep/daily_7q_h30_s456/collapse_monitoring/collapse_monitor_latest.json
[DEBUG CollapseMonitor] on_validation_epoch_start called for epoch 83
[DEBUG CollapseMonitor] reset_temporal_state() called on loss function
Epoch 83: val_loss=0.4383253753185272
Epoch 83: train_loss=0.4260830879211426

[CollapseMonitor] Epoch 83
  [DEBUG] Processed 20 batches, 30 horizon(s)
  Multi-horizon metrics (30 horizons):
    h1: std=0.0132, dir_acc=54.4%, pos=98%, unique=1218, sharpe=60.48
    h2: std=0.0117, dir_acc=54.4%, pos=98%, unique=1217, sharpe=62.61
    h3: std=0.0116, dir_acc=54.4%, pos=98%, unique=1208, sharpe=61.75
    h4: std=0.0117, dir_acc=54.6%, pos=98%, unique=1207, sharpe=60.95
    h5: std=0.0119, dir_acc=54.4%, pos=98%, unique=1210, sharpe=60.47
    ... (25 more horizons)
  Aggregate: std_avg=0.0120, dir_acc_avg=54.5%, composite_avg=0.4261
  H1 detail: range=0.1283, mean=0.0504, dist_match=0.5634
  Collapse penalty: 0.000000 (threshold: 0.005000)
  Saved validation predictions to: experiments/10_quantile_horizon_sweep/daily_7q_h30_s456/collapse_monitoring/val_predictions_epoch83.npz
  Gradient norms:
    lstm_encoder: 0.006609
    lstm_decoder: 0.001004
    output_layer: 0.018538
  VSN output std:
    encoder: 0.191969
  Attention entropy: 2.953122
  Saved to: experiments/10_quantile_horizon_sweep/daily_7q_h30_s456/collapse_monitoring/collapse_monitor_latest.json
[DEBUG CollapseMonitor] on_validation_epoch_start called for epoch 84
[DEBUG CollapseMonitor] reset_temporal_state() called on loss function
Epoch 84: val_loss=0.43831947445869446
Epoch 84: train_loss=0.4259951710700989

[CollapseMonitor] Epoch 84
  [DEBUG] Processed 20 batches, 30 horizon(s)
  Multi-horizon metrics (30 horizons):
    h1: std=0.0132, dir_acc=54.4%, pos=98%, unique=1216, sharpe=60.60
    h2: std=0.0116, dir_acc=54.4%, pos=98%, unique=1212, sharpe=62.78
    h3: std=0.0115, dir_acc=54.4%, pos=98%, unique=1210, sharpe=61.93
    h4: std=0.0117, dir_acc=54.6%, pos=98%, unique=1216, sharpe=61.12
    h5: std=0.0119, dir_acc=54.4%, pos=98%, unique=1213, sharpe=60.64
    ... (25 more horizons)
  Aggregate: std_avg=0.0120, dir_acc_avg=54.5%, composite_avg=0.4261
  H1 detail: range=0.1280, mean=0.0504, dist_match=0.5634
  Collapse penalty: 0.000000 (threshold: 0.005000)
  Saved validation predictions to: experiments/10_quantile_horizon_sweep/daily_7q_h30_s456/collapse_monitoring/val_predictions_epoch84.npz
  Gradient norms:
    lstm_encoder: 0.006490
    lstm_decoder: 0.001011
    output_layer: 0.018021
  VSN output std:
    encoder: 0.191967
  Attention entropy: 2.952932
  Saved to: experiments/10_quantile_horizon_sweep/daily_7q_h30_s456/collapse_monitoring/collapse_monitor_latest.json
[DEBUG CollapseMonitor] on_validation_epoch_start called for epoch 85
[DEBUG CollapseMonitor] reset_temporal_state() called on loss function
Epoch 85: val_loss=0.43834689259529114
Epoch 85: train_loss=0.42598220705986023

[CollapseMonitor] Epoch 85
  [DEBUG] Processed 20 batches, 30 horizon(s)
  Multi-horizon metrics (30 horizons):
    h1: std=0.0133, dir_acc=54.4%, pos=98%, unique=1215, sharpe=60.57
    h2: std=0.0118, dir_acc=54.4%, pos=98%, unique=1210, sharpe=62.71
    h3: std=0.0116, dir_acc=54.4%, pos=98%, unique=1203, sharpe=61.87
    h4: std=0.0118, dir_acc=54.6%, pos=98%, unique=1212, sharpe=61.07
    h5: std=0.0120, dir_acc=54.4%, pos=98%, unique=1213, sharpe=60.59
    ... (25 more horizons)
  Aggregate: std_avg=0.0121, dir_acc_avg=54.5%, composite_avg=0.4260
  H1 detail: range=0.1285, mean=0.0508, dist_match=0.5634
  Collapse penalty: 0.000000 (threshold: 0.005000)
  Saved validation predictions to: experiments/10_quantile_horizon_sweep/daily_7q_h30_s456/collapse_monitoring/val_predictions_epoch85.npz
  Gradient norms:
    lstm_encoder: 0.007590
    lstm_decoder: 0.000995
    output_layer: 0.019216
  VSN output std:
    encoder: 0.191927
  Attention entropy: 2.953076
  Saved to: experiments/10_quantile_horizon_sweep/daily_7q_h30_s456/collapse_monitoring/collapse_monitor_latest.json
[DEBUG CollapseMonitor] on_validation_epoch_start called for epoch 86
[DEBUG CollapseMonitor] reset_temporal_state() called on loss function
Epoch 86: val_loss=0.43835994601249695
Epoch 86: train_loss=0.4260675609111786

[CollapseMonitor] Epoch 86
  [DEBUG] Processed 20 batches, 30 horizon(s)
  Multi-horizon metrics (30 horizons):
    h1: std=0.0133, dir_acc=54.4%, pos=98%, unique=1219, sharpe=60.71
    h2: std=0.0117, dir_acc=54.4%, pos=98%, unique=1215, sharpe=62.86
    h3: std=0.0116, dir_acc=54.4%, pos=98%, unique=1207, sharpe=62.03
    h4: std=0.0118, dir_acc=54.6%, pos=98%, unique=1209, sharpe=61.24
    h5: std=0.0120, dir_acc=54.4%, pos=98%, unique=1207, sharpe=60.76
    ... (25 more horizons)
  Aggregate: std_avg=0.0121, dir_acc_avg=54.5%, composite_avg=0.4260
  H1 detail: range=0.1286, mean=0.0508, dist_match=0.5634
  Collapse penalty: 0.000000 (threshold: 0.005000)
  Saved validation predictions to: experiments/10_quantile_horizon_sweep/daily_7q_h30_s456/collapse_monitoring/val_predictions_epoch86.npz
  Gradient norms:
    lstm_encoder: 0.006358
    lstm_decoder: 0.000964
    output_layer: 0.018345
  VSN output std:
    encoder: 0.192059
  Attention entropy: 2.953399
  Saved to: experiments/10_quantile_horizon_sweep/daily_7q_h30_s456/collapse_monitoring/collapse_monitor_latest.json
[DEBUG CollapseMonitor] on_validation_epoch_start called for epoch 87
[DEBUG CollapseMonitor] reset_temporal_state() called on loss function
Epoch 87: val_loss=0.43831995129585266
Epoch 87: train_loss=0.425910621881485

[CollapseMonitor] Epoch 87
  [DEBUG] Processed 20 batches, 30 horizon(s)
  Multi-horizon metrics (30 horizons):
    h1: std=0.0133, dir_acc=54.4%, pos=98%, unique=1224, sharpe=60.48
    h2: std=0.0118, dir_acc=54.4%, pos=98%, unique=1216, sharpe=62.60
    h3: std=0.0116, dir_acc=54.4%, pos=98%, unique=1214, sharpe=61.78
    h4: std=0.0118, dir_acc=54.6%, pos=98%, unique=1210, sharpe=61.00
    h5: std=0.0120, dir_acc=54.4%, pos=98%, unique=1209, sharpe=60.53
    ... (25 more horizons)
  Aggregate: std_avg=0.0121, dir_acc_avg=54.5%, composite_avg=0.4261
  H1 detail: range=0.1292, mean=0.0507, dist_match=0.5634
  Collapse penalty: 0.000000 (threshold: 0.005000)
  Saved validation predictions to: experiments/10_quantile_horizon_sweep/daily_7q_h30_s456/collapse_monitoring/val_predictions_epoch87.npz
  Gradient norms:
    lstm_encoder: 0.007501
    lstm_decoder: 0.000948
    output_layer: 0.018682
  VSN output std:
    encoder: 0.191894
  Attention entropy: 2.953034
  Saved to: experiments/10_quantile_horizon_sweep/daily_7q_h30_s456/collapse_monitoring/collapse_monitor_latest.json
[DEBUG CollapseMonitor] on_validation_epoch_start called for epoch 88
[DEBUG CollapseMonitor] reset_temporal_state() called on loss function
Epoch 88: val_loss=0.43834084272384644
Epoch 88: train_loss=0.42578306794166565

[CollapseMonitor] Epoch 88
  [DEBUG] Processed 20 batches, 30 horizon(s)
  Multi-horizon metrics (30 horizons):
    h1: std=0.0134, dir_acc=54.4%, pos=98%, unique=1216, sharpe=60.73
    h2: std=0.0118, dir_acc=54.4%, pos=98%, unique=1206, sharpe=62.85
    h3: std=0.0117, dir_acc=54.4%, pos=98%, unique=1208, sharpe=62.03
    h4: std=0.0119, dir_acc=54.6%, pos=98%, unique=1213, sharpe=61.25
    h5: std=0.0121, dir_acc=54.4%, pos=98%, unique=1204, sharpe=60.78
    ... (25 more horizons)
  Aggregate: std_avg=0.0122, dir_acc_avg=54.5%, composite_avg=0.4261
  H1 detail: range=0.1297, mean=0.0512, dist_match=0.5634
  Collapse penalty: 0.000000 (threshold: 0.005000)
  Saved validation predictions to: experiments/10_quantile_horizon_sweep/daily_7q_h30_s456/collapse_monitoring/val_predictions_epoch88.npz
  Gradient norms:
    lstm_encoder: 0.007042
    lstm_decoder: 0.001056
    output_layer: 0.019417
  VSN output std:
    encoder: 0.191814
  Attention entropy: 2.953012
  Saved to: experiments/10_quantile_horizon_sweep/daily_7q_h30_s456/collapse_monitoring/collapse_monitor_latest.json
[DEBUG CollapseMonitor] on_validation_epoch_start called for epoch 89
[DEBUG CollapseMonitor] reset_temporal_state() called on loss function
Epoch 89: val_loss=0.43834051489830017
Epoch 89: train_loss=0.4261579215526581

[CollapseMonitor] Epoch 89
  [DEBUG] Processed 20 batches, 30 horizon(s)
  Multi-horizon metrics (30 horizons):
    h1: std=0.0134, dir_acc=54.4%, pos=98%, unique=1210, sharpe=60.27
    h2: std=0.0119, dir_acc=54.4%, pos=98%, unique=1218, sharpe=62.34
    h3: std=0.0117, dir_acc=54.4%, pos=98%, unique=1192, sharpe=61.50
    h4: std=0.0119, dir_acc=54.6%, pos=98%, unique=1207, sharpe=60.72
    h5: std=0.0121, dir_acc=54.4%, pos=98%, unique=1205, sharpe=60.26
    ... (25 more horizons)
  Aggregate: std_avg=0.0122, dir_acc_avg=54.5%, composite_avg=0.4261
  H1 detail: range=0.1297, mean=0.0509, dist_match=0.5634
  Collapse penalty: 0.000000 (threshold: 0.005000)
  Saved validation predictions to: experiments/10_quantile_horizon_sweep/daily_7q_h30_s456/collapse_monitoring/val_predictions_epoch89.npz
  Gradient norms:
    lstm_encoder: 0.006021
    lstm_decoder: 0.000944
    output_layer: 0.018266
  VSN output std:
    encoder: 0.192052
  Attention entropy: 2.953732
  Saved to: experiments/10_quantile_horizon_sweep/daily_7q_h30_s456/collapse_monitoring/collapse_monitor_latest.json
[DEBUG CollapseMonitor] on_validation_epoch_start called for epoch 90
[DEBUG CollapseMonitor] reset_temporal_state() called on loss function
Epoch 90: val_loss=0.4383185803890228
Epoch 90: train_loss=0.42595306038856506

[CollapseMonitor] Epoch 90
  [DEBUG] Processed 20 batches, 30 horizon(s)
  Multi-horizon metrics (30 horizons):
    h1: std=0.0134, dir_acc=54.4%, pos=98%, unique=1221, sharpe=59.73
    h2: std=0.0118, dir_acc=54.4%, pos=98%, unique=1206, sharpe=61.73
    h3: std=0.0117, dir_acc=54.4%, pos=98%, unique=1216, sharpe=60.89
    h4: std=0.0119, dir_acc=54.6%, pos=98%, unique=1204, sharpe=60.12
    h5: std=0.0121, dir_acc=54.4%, pos=98%, unique=1214, sharpe=59.66
    ... (25 more horizons)
  Aggregate: std_avg=0.0122, dir_acc_avg=54.5%, composite_avg=0.4261
  H1 detail: range=0.1298, mean=0.0504, dist_match=0.5634
  Collapse penalty: 0.000000 (threshold: 0.005000)
  Saved validation predictions to: experiments/10_quantile_horizon_sweep/daily_7q_h30_s456/collapse_monitoring/val_predictions_epoch90.npz
  Gradient norms:
    lstm_encoder: 0.006615
    lstm_decoder: 0.001005
    output_layer: 0.018267
  VSN output std:
    encoder: 0.191934
  Attention entropy: 2.953369
  Saved to: experiments/10_quantile_horizon_sweep/daily_7q_h30_s456/collapse_monitoring/collapse_monitor_latest.json
[DEBUG CollapseMonitor] on_validation_epoch_start called for epoch 91
[DEBUG CollapseMonitor] reset_temporal_state() called on loss function
Epoch 91: val_loss=0.4383031129837036
Epoch 91: train_loss=0.4258251190185547

[CollapseMonitor] Epoch 91
  [DEBUG] Processed 20 batches, 30 horizon(s)
  Multi-horizon metrics (30 horizons):
    h1: std=0.0135, dir_acc=54.4%, pos=98%, unique=1226, sharpe=59.67
    h2: std=0.0119, dir_acc=54.4%, pos=98%, unique=1209, sharpe=61.58
    h3: std=0.0118, dir_acc=54.4%, pos=98%, unique=1208, sharpe=60.74
    h4: std=0.0120, dir_acc=54.6%, pos=98%, unique=1211, sharpe=59.98
    h5: std=0.0122, dir_acc=54.4%, pos=98%, unique=1214, sharpe=59.54
    ... (25 more horizons)
  Aggregate: std_avg=0.0123, dir_acc_avg=54.5%, composite_avg=0.4261
  H1 detail: range=0.1304, mean=0.0506, dist_match=0.5634
  Collapse penalty: 0.000000 (threshold: 0.005000)
  Saved validation predictions to: experiments/10_quantile_horizon_sweep/daily_7q_h30_s456/collapse_monitoring/val_predictions_epoch91.npz
  Gradient norms:
    lstm_encoder: 0.006217
    lstm_decoder: 0.001037
    output_layer: 0.019487
  VSN output std:
    encoder: 0.191659
  Attention entropy: 2.952469
  Saved to: experiments/10_quantile_horizon_sweep/daily_7q_h30_s456/collapse_monitoring/collapse_monitor_latest.json
[DEBUG CollapseMonitor] on_validation_epoch_start called for epoch 92
[DEBUG CollapseMonitor] reset_temporal_state() called on loss function
Epoch 92: val_loss=0.4383302927017212
Epoch 92: train_loss=0.426245778799057

[CollapseMonitor] Epoch 92
  [DEBUG] Processed 20 batches, 30 horizon(s)
  Multi-horizon metrics (30 horizons):
    h1: std=0.0135, dir_acc=54.4%, pos=98%, unique=1210, sharpe=59.09
    h2: std=0.0120, dir_acc=54.4%, pos=98%, unique=1210, sharpe=60.89
    h3: std=0.0119, dir_acc=54.4%, pos=98%, unique=1208, sharpe=60.04
    h4: std=0.0121, dir_acc=54.6%, pos=98%, unique=1209, sharpe=59.29
    h5: std=0.0122, dir_acc=54.4%, pos=98%, unique=1216, sharpe=58.85
    ... (25 more horizons)
  Aggregate: std_avg=0.0124, dir_acc_avg=54.5%, composite_avg=0.4261
  H1 detail: range=0.1310, mean=0.0503, dist_match=0.5634
  Collapse penalty: 0.000000 (threshold: 0.005000)
  Saved validation predictions to: experiments/10_quantile_horizon_sweep/daily_7q_h30_s456/collapse_monitoring/val_predictions_epoch92.npz
  Gradient norms:
    lstm_encoder: 0.006687
    lstm_decoder: 0.000974
    output_layer: 0.018908
  VSN output std:
    encoder: 0.191849
  Attention entropy: 2.953179
  Saved to: experiments/10_quantile_horizon_sweep/daily_7q_h30_s456/collapse_monitoring/collapse_monitor_latest.json
[DEBUG CollapseMonitor] on_validation_epoch_start called for epoch 93
[DEBUG CollapseMonitor] reset_temporal_state() called on loss function
Epoch 93: val_loss=0.43834415078163147
Epoch 93: train_loss=0.4259239435195923

[CollapseMonitor] Epoch 93
  [DEBUG] Processed 20 batches, 30 horizon(s)
  Multi-horizon metrics (30 horizons):
    h1: std=0.0136, dir_acc=54.4%, pos=98%, unique=1214, sharpe=59.42
    h2: std=0.0120, dir_acc=54.4%, pos=98%, unique=1201, sharpe=61.29
    h3: std=0.0119, dir_acc=54.4%, pos=98%, unique=1218, sharpe=60.46
    h4: std=0.0121, dir_acc=54.6%, pos=98%, unique=1217, sharpe=59.72
    h5: std=0.0123, dir_acc=54.4%, pos=98%, unique=1216, sharpe=59.29
    ... (25 more horizons)
  Aggregate: std_avg=0.0124, dir_acc_avg=54.5%, composite_avg=0.4261
  H1 detail: range=0.1312, mean=0.0507, dist_match=0.5634
  Collapse penalty: 0.000000 (threshold: 0.005000)
  Saved validation predictions to: experiments/10_quantile_horizon_sweep/daily_7q_h30_s456/collapse_monitoring/val_predictions_epoch93.npz
  Gradient norms:
    lstm_encoder: 0.007117
    lstm_decoder: 0.000984
    output_layer: 0.018956
  VSN output std:
    encoder: 0.191862
  Attention entropy: 2.953302
  Saved to: experiments/10_quantile_horizon_sweep/daily_7q_h30_s456/collapse_monitoring/collapse_monitor_latest.json
[DEBUG CollapseMonitor] on_validation_epoch_start called for epoch 94
[DEBUG CollapseMonitor] reset_temporal_state() called on loss function
Epoch 94: val_loss=0.43833911418914795
Epoch 94: train_loss=0.4258033335208893

[CollapseMonitor] Epoch 94
  [DEBUG] Processed 20 batches, 30 horizon(s)
  Multi-horizon metrics (30 horizons):
    h1: std=0.0136, dir_acc=54.4%, pos=98%, unique=1218, sharpe=58.93
    h2: std=0.0120, dir_acc=54.4%, pos=98%, unique=1202, sharpe=60.76
    h3: std=0.0119, dir_acc=54.4%, pos=98%, unique=1206, sharpe=59.94
    h4: std=0.0121, dir_acc=54.6%, pos=98%, unique=1204, sharpe=59.21
    h5: std=0.0123, dir_acc=54.4%, pos=98%, unique=1209, sharpe=58.79
    ... (25 more horizons)
  Aggregate: std_avg=0.0124, dir_acc_avg=54.5%, composite_avg=0.4261
  H1 detail: range=0.1317, mean=0.0504, dist_match=0.5634
  Collapse penalty: 0.000000 (threshold: 0.005000)
  Saved validation predictions to: experiments/10_quantile_horizon_sweep/daily_7q_h30_s456/collapse_monitoring/val_predictions_epoch94.npz
  Gradient norms:
    lstm_encoder: 0.005976
    lstm_decoder: 0.000996
    output_layer: 0.018137
  VSN output std:
    encoder: 0.191997
  Attention entropy: 2.953752
  Saved to: experiments/10_quantile_horizon_sweep/daily_7q_h30_s456/collapse_monitoring/collapse_monitor_latest.json
[DEBUG CollapseMonitor] on_validation_epoch_start called for epoch 95
[DEBUG CollapseMonitor] reset_temporal_state() called on loss function
Epoch 95: val_loss=0.4383373558521271
Epoch 95: train_loss=0.42597806453704834

[CollapseMonitor] Epoch 95
  [DEBUG] Processed 20 batches, 30 horizon(s)
  Multi-horizon metrics (30 horizons):
    h1: std=0.0136, dir_acc=54.4%, pos=98%, unique=1216, sharpe=59.20
    h2: std=0.0120, dir_acc=54.4%, pos=98%, unique=1213, sharpe=61.08
    h3: std=0.0119, dir_acc=54.4%, pos=98%, unique=1211, sharpe=60.27
    h4: std=0.0121, dir_acc=54.6%, pos=98%, unique=1214, sharpe=59.55
    h5: std=0.0123, dir_acc=54.4%, pos=98%, unique=1210, sharpe=59.13
    ... (25 more horizons)
  Aggregate: std_avg=0.0124, dir_acc_avg=54.5%, composite_avg=0.4261
  H1 detail: range=0.1318, mean=0.0506, dist_match=0.5634
  Collapse penalty: 0.000000 (threshold: 0.005000)
  Saved validation predictions to: experiments/10_quantile_horizon_sweep/daily_7q_h30_s456/collapse_monitoring/val_predictions_epoch95.npz
  Gradient norms:
    lstm_encoder: 0.006724
    lstm_decoder: 0.001041
    output_layer: 0.019553
  VSN output std:
    encoder: 0.191789
  Attention entropy: 2.953133
  Saved to: experiments/10_quantile_horizon_sweep/daily_7q_h30_s456/collapse_monitoring/collapse_monitor_latest.json
[DEBUG CollapseMonitor] on_validation_epoch_start called for epoch 96
[DEBUG CollapseMonitor] reset_temporal_state() called on loss function
Epoch 96: val_loss=0.43832138180732727
Epoch 96: train_loss=0.42604634165763855

[CollapseMonitor] Epoch 96
  [DEBUG] Processed 20 batches, 30 horizon(s)
  Multi-horizon metrics (30 horizons):
    h1: std=0.0137, dir_acc=54.4%, pos=98%, unique=1216, sharpe=59.45
    h2: std=0.0121, dir_acc=54.4%, pos=98%, unique=1219, sharpe=61.37
    h3: std=0.0120, dir_acc=54.4%, pos=98%, unique=1204, sharpe=60.57
    h4: std=0.0122, dir_acc=54.6%, pos=98%, unique=1209, sharpe=59.84
    h5: std=0.0123, dir_acc=54.4%, pos=98%, unique=1215, sharpe=59.42
    ... (25 more horizons)
  Aggregate: std_avg=0.0125, dir_acc_avg=54.5%, composite_avg=0.4261
  H1 detail: range=0.1323, mean=0.0511, dist_match=0.5634
  Collapse penalty: 0.000000 (threshold: 0.005000)
  Saved validation predictions to: experiments/10_quantile_horizon_sweep/daily_7q_h30_s456/collapse_monitoring/val_predictions_epoch96.npz
  Gradient norms:
    lstm_encoder: 0.006335
    lstm_decoder: 0.000959
    output_layer: 0.018423
  VSN output std:
    encoder: 0.191743
  Attention entropy: 2.953270
  Saved to: experiments/10_quantile_horizon_sweep/daily_7q_h30_s456/collapse_monitoring/collapse_monitor_latest.json
[DEBUG CollapseMonitor] on_validation_epoch_start called for epoch 97
[DEBUG CollapseMonitor] reset_temporal_state() called on loss function
Epoch 97: val_loss=0.43835535645484924
Epoch 97: train_loss=0.42610299587249756

[CollapseMonitor] Epoch 97
  [DEBUG] Processed 20 batches, 30 horizon(s)
  Multi-horizon metrics (30 horizons):
    h1: std=0.0137, dir_acc=54.4%, pos=98%, unique=1220, sharpe=58.89
    h2: std=0.0121, dir_acc=54.4%, pos=98%, unique=1206, sharpe=60.73
    h3: std=0.0120, dir_acc=54.4%, pos=98%, unique=1212, sharpe=59.91
    h4: std=0.0122, dir_acc=54.6%, pos=98%, unique=1210, sharpe=59.19
    h5: std=0.0124, dir_acc=54.4%, pos=98%, unique=1203, sharpe=58.77
    ... (25 more horizons)
  Aggregate: std_avg=0.0125, dir_acc_avg=54.5%, composite_avg=0.4261
  H1 detail: range=0.1322, mean=0.0507, dist_match=0.5634
  Collapse penalty: 0.000000 (threshold: 0.005000)
  Saved validation predictions to: experiments/10_quantile_horizon_sweep/daily_7q_h30_s456/collapse_monitoring/val_predictions_epoch97.npz
  Gradient norms:
    lstm_encoder: 0.007206
    lstm_decoder: 0.001114
    output_layer: 0.019871
  VSN output std:
    encoder: 0.191933
  Attention entropy: 2.953990
  Saved to: experiments/10_quantile_horizon_sweep/daily_7q_h30_s456/collapse_monitoring/collapse_monitor_latest.json
[DEBUG CollapseMonitor] on_validation_epoch_start called for epoch 98
[DEBUG CollapseMonitor] reset_temporal_state() called on loss function
Epoch 98: val_loss=0.4383612275123596
Epoch 98: train_loss=0.4261411726474762

[CollapseMonitor] Epoch 98
  [DEBUG] Processed 20 batches, 30 horizon(s)
  Multi-horizon metrics (30 horizons):
    h1: std=0.0137, dir_acc=54.4%, pos=98%, unique=1220, sharpe=58.37
    h2: std=0.0121, dir_acc=54.4%, pos=98%, unique=1206, sharpe=60.14
    h3: std=0.0120, dir_acc=54.4%, pos=98%, unique=1207, sharpe=59.33
    h4: std=0.0122, dir_acc=54.6%, pos=98%, unique=1209, sharpe=58.63
    h5: std=0.0124, dir_acc=54.4%, pos=98%, unique=1206, sharpe=58.22
    ... (25 more horizons)
  Aggregate: std_avg=0.0125, dir_acc_avg=54.5%, composite_avg=0.4261
  H1 detail: range=0.1325, mean=0.0503, dist_match=0.5634
  Collapse penalty: 0.000000 (threshold: 0.005000)
  Saved validation predictions to: experiments/10_quantile_horizon_sweep/daily_7q_h30_s456/collapse_monitoring/val_predictions_epoch98.npz
  Gradient norms:
    lstm_encoder: 0.006258
    lstm_decoder: 0.000934
    output_layer: 0.018001
  VSN output std:
    encoder: 0.191810
  Attention entropy: 2.953554
  Saved to: experiments/10_quantile_horizon_sweep/daily_7q_h30_s456/collapse_monitoring/collapse_monitor_latest.json
[DEBUG CollapseMonitor] on_validation_epoch_start called for epoch 99
[DEBUG CollapseMonitor] reset_temporal_state() called on loss function
Epoch 99: val_loss=0.43834176659584045
Epoch 99: train_loss=0.42575541138648987

[CollapseMonitor] Epoch 99
  [DEBUG] Processed 20 batches, 30 horizon(s)
  Multi-horizon metrics (30 horizons):
    h1: std=0.0137, dir_acc=54.4%, pos=98%, unique=1216, sharpe=58.56
    h2: std=0.0122, dir_acc=54.4%, pos=98%, unique=1206, sharpe=60.40
    h3: std=0.0121, dir_acc=54.4%, pos=98%, unique=1209, sharpe=59.60
    h4: std=0.0122, dir_acc=54.6%, pos=98%, unique=1197, sharpe=58.90
    h5: std=0.0124, dir_acc=54.4%, pos=98%, unique=1215, sharpe=58.49
    ... (25 more horizons)
  Aggregate: std_avg=0.0125, dir_acc_avg=54.5%, composite_avg=0.4261
  H1 detail: range=0.1327, mean=0.0506, dist_match=0.5634
  Collapse penalty: 0.000000 (threshold: 0.005000)
  Saved validation predictions to: experiments/10_quantile_horizon_sweep/daily_7q_h30_s456/collapse_monitoring/val_predictions_epoch99.npz
  Gradient norms:
    lstm_encoder: 0.006710
    lstm_decoder: 0.000965
    output_layer: 0.018205
  VSN output std:
    encoder: 0.191862
  Attention entropy: 2.953851
  Saved to: experiments/10_quantile_horizon_sweep/daily_7q_h30_s456/collapse_monitoring/collapse_monitor_latest.json


======================================================================
Training complete
======================================================================

Best val_loss checkpoint: experiments/10_quantile_horizon_sweep/daily_7q_h30_s456/checkpoints/tft-epoch=epoch=21-valloss=val_loss=0.4375.ckpt
Best validation loss: 0.437466
Checkpoints saved:
  - Best val_loss: experiments/10_quantile_horizon_sweep/daily_7q_h30_s456/checkpoints/tft-epoch=epoch=21-valloss=val_loss=0.4375.ckpt
  - Best pred_std: experiments/10_quantile_horizon_sweep/daily_7q_h30_s456/checkpoints/tft-epoch=epoch=01-predstd=val_pred_std=0.0206.ckpt
  - Best unique: experiments/10_quantile_horizon_sweep/daily_7q_h30_s456/checkpoints/tft-epoch=epoch=01-unique=val_num_unique=1243.ckpt
  - Best dir_acc: experiments/10_quantile_horizon_sweep/daily_7q_h30_s456/checkpoints/tft-epoch=epoch=00-diracc=val_dir_acc=0.5459.ckpt
  - Best sharpe: experiments/10_quantile_horizon_sweep/daily_7q_h30_s456/checkpoints/tft-epoch=epoch=00-sharpe=val_sharpe=877.9529.ckpt
  - Best composite: experiments/10_quantile_horizon_sweep/daily_7q_h30_s456/checkpoints/tft-epoch=epoch=32-composite=val_composite=0.4255.ckpt
Completed at: 2025-12-10 22:32:14
Log saved to: experiments/10_quantile_horizon_sweep/daily_7q_h30_s456/training_20251210_220324.log
======================================================================
