{
  "period_statistics": {
    "2020": {
      "n_samples": 92,
      "entropy_mean": 2.7561862468719482,
      "entropy_std": 0.2469044178724289,
      "attention_concentration": 0.05294607952237129,
      "top_features": [
        [
          "t-1",
          0.07809264212846756
        ],
        [
          "t-2",
          0.07045060396194458
        ],
        [
          "t-3",
          0.06449565291404724
        ],
        [
          "t-4",
          0.060390714555978775
        ],
        [
          "t-5",
          0.057302527129650116
        ]
      ],
      "mean_attention": [
        0.02761923521757126,
        0.03163411468267441,
        0.0349968820810318,
        0.038209423422813416,
        0.04121574014425278,
        0.04395778104662895,
        0.04630647599697113,
        0.04788224771618843,
        0.04899880290031433,
        0.049521271139383316,
        0.049905747175216675,
        0.0503954254090786,
        0.05110232159495354,
        0.05270756408572197,
        0.05481485277414322,
        0.057302527129650116,
        0.060390714555978775,
        0.06449565291404724,
        0.07045060396194458,
        0.07809264212846756
      ],
      "std_attention": [
        0.025654247030615807,
        0.02747485600411892,
        0.028144096955657005,
        0.028747450560331345,
        0.02952440455555916,
        0.030380237847566605,
        0.03103524073958397,
        0.031186234205961227,
        0.031299203634262085,
        0.0312870591878891,
        0.03143301233649254,
        0.03179892525076866,
        0.0323491096496582,
        0.03331195190548897,
        0.03462406247854233,
        0.03660863637924194,
        0.040117911994457245,
        0.046021364629268646,
        0.05715131759643555,
        0.07354387640953064
      ]
    },
    "2021": {
      "n_samples": 250,
      "entropy_mean": 2.758686065673828,
      "entropy_std": 0.2741679847240448,
      "attention_concentration": 0.05079299584031105,
      "top_features": [
        [
          "t-1",
          0.06310601532459259
        ],
        [
          "t-2",
          0.05921897664666176
        ],
        [
          "t-3",
          0.05617031082510948
        ],
        [
          "t-4",
          0.054103706032037735
        ],
        [
          "t-5",
          0.05302436649799347
        ]
      ],
      "mean_attention": [
        0.03576333448290825,
        0.0386287085711956,
        0.04147033393383026,
        0.04400571808218956,
        0.04635695740580559,
        0.04827451333403587,
        0.049684226512908936,
        0.050528090447187424,
        0.05092378333210945,
        0.05100791156291962,
        0.05105937272310257,
        0.051104381680488586,
        0.051460277289152145,
        0.05183975771069527,
        0.052269238978624344,
        0.05302436649799347,
        0.054103706032037735,
        0.05617031082510948,
        0.05921897664666176,
        0.06310601532459259
      ],
      "std_attention": [
        0.02463540993630886,
        0.02907962165772915,
        0.030808864161372185,
        0.03192472457885742,
        0.03318211808800697,
        0.03411214426159859,
        0.03504807874560356,
        0.03545500338077545,
        0.03566189482808113,
        0.035749491304159164,
        0.03593466430902481,
        0.03606744110584259,
        0.03668306767940521,
        0.03786201775074005,
        0.0393909327685833,
        0.041598446667194366,
        0.044111765921115875,
        0.050795938819646835,
        0.0624634250998497,
        0.07481816411018372
      ]
    },
    "2022": {
      "n_samples": 249,
      "entropy_mean": 2.7859065532684326,
      "entropy_std": 0.2143237590789795,
      "attention_concentration": 0.052988890558481216,
      "top_features": [
        [
          "t-1",
          0.07351204752922058
        ],
        [
          "t-2",
          0.06798557192087173
        ],
        [
          "t-3",
          0.06396275758743286
        ],
        [
          "t-4",
          0.06107143685221672
        ],
        [
          "t-5",
          0.058921802788972855
        ]
      ],
      "mean_attention": [
        0.0260331891477108,
        0.030460363253951073,
        0.033992450684309006,
        0.03710952028632164,
        0.03972387686371803,
        0.04201281815767288,
        0.04443991184234619,
        0.04699648171663284,
        0.04912670701742172,
        0.05092771351337433,
        0.05243896320462227,
        0.05366508662700653,
        0.05468575656414032,
        0.055787593126297,
        0.05714591592550278,
        0.058921802788972855,
        0.06107143685221672,
        0.06396275758743286,
        0.06798557192087173,
        0.07351204752922058
      ],
      "std_attention": [
        0.023575859144330025,
        0.023576311767101288,
        0.02461879327893257,
        0.02552897483110428,
        0.025843586772680283,
        0.02608916163444519,
        0.02646258845925331,
        0.027064556255936623,
        0.02712065912783146,
        0.02675704099237919,
        0.026414265856146812,
        0.026460731402039528,
        0.027030106633901596,
        0.028203707188367844,
        0.029669584706425667,
        0.031815048307180405,
        0.03510789945721626,
        0.040372490882873535,
        0.04942778870463371,
        0.06547684222459793
      ]
    },
    "2023": {
      "n_samples": 249,
      "entropy_mean": 2.945467472076416,
      "entropy_std": 0.06906905025243759,
      "attention_concentration": 0.05014866217970848,
      "top_features": [
        [
          "t-1",
          0.05218351259827614
        ],
        [
          "t-11",
          0.05195287615060806
        ],
        [
          "t-10",
          0.051911935210227966
        ],
        [
          "t-2",
          0.05175989121198654
        ],
        [
          "t-9",
          0.05175517126917839
        ]
      ],
      "mean_attention": [
        0.043005216866731644,
        0.044039610773324966,
        0.04561292752623558,
        0.04723658040165901,
        0.04861999303102493,
        0.04978616535663605,
        0.0507311187684536,
        0.051281437277793884,
        0.05171037092804909,
        0.05195287615060806,
        0.051911935210227966,
        0.05175517126917839,
        0.0515613816678524,
        0.05142105743288994,
        0.0513400174677372,
        0.05127427354454994,
        0.051342401653528214,
        0.05147414281964302,
        0.05175989121198654,
        0.05218351259827614
      ],
      "std_attention": [
        0.014164896681904793,
        0.01417019683867693,
        0.014245538972318172,
        0.014318859204649925,
        0.014314376749098301,
        0.014395032078027725,
        0.014603220857679844,
        0.014621874317526817,
        0.014835454523563385,
        0.014949954114854336,
        0.015033815987408161,
        0.015129851177334785,
        0.015364741906523705,
        0.015733927488327026,
        0.016294090077280998,
        0.017093582078814507,
        0.01817202754318714,
        0.019539738073945045,
        0.021757397800683975,
        0.02426479570567608
      ]
    },
    "2024": {
      "n_samples": 250,
      "entropy_mean": 2.8733954429626465,
      "entropy_std": 0.32738882303237915,
      "attention_concentration": 0.05015573650598526,
      "top_features": [
        [
          "t-1",
          0.055284030735492706
        ],
        [
          "t-2",
          0.054025109857320786
        ],
        [
          "t-3",
          0.05328688398003578
        ],
        [
          "t-4",
          0.052765026688575745
        ],
        [
          "t-5",
          0.05225381255149841
        ]
      ],