{
  "period_statistics": {
    "2020": {
      "n_samples": 92,
      "entropy_mean": 2.9940154552459717,
      "entropy_std": 0.00058757234364748,
      "attention_concentration": 0.05001063644886017,
      "top_features": [
        [
          "t-20",
          0.05224034935235977
        ],
        [
          "t-19",
          0.05168378725647926
        ],
        [
          "t-18",
          0.05063595995306969
        ],
        [
          "t-17",
          0.05011076107621193
        ],
        [
          "t-16",
          0.04991564527153969
        ]
      ],
      "mean_attention": [
        0.05224034935235977,
        0.05168378725647926,
        0.05063595995306969,
        0.05011076107621193,
        0.04991564527153969,
        0.04987088590860367,
        0.04987671598792076,
        0.049894966185092926,
        0.04990285262465477,
        0.0499093271791935,
        0.049907077103853226,
        0.049898721277713776,
        0.04988563060760498,
        0.049771808087825775,
        0.04965706914663315,
        0.049560047686100006,
        0.049465324729681015,
        0.04937101528048515,
        0.04927150160074234,
        0.049170561134815216
      ],
      "std_attention": [
        0.0032509900629520416,
        0.0031177352648228407,
        0.0029731453396379948,
        0.0028563844971358776,
        0.0027778446674346924,
        0.0027177208103239536,
        0.0026757654268294573,
        0.0026466192211955786,
        0.0026217298582196236,
        0.002609533490613103,
        0.0026150585617870092,
        0.002635929500684142,
        0.0026677497662603855,
        0.0027401300612837076,
        0.0028097040485590696,
        0.002865351503714919,
        0.0029058512300252914,
        0.002943370258435607,
        0.002980724209919572,
        0.003013180335983634
      ]
    },
    "2021": {
      "n_samples": 250,
      "entropy_mean": 2.9928085803985596,
      "entropy_std": 0.0035668830387294292,
      "attention_concentration": 0.050047460943460464,
      "top_features": [
        [
          "t-20",
          0.054871052503585815
        ],
        [
          "t-19",
          0.053094375878572464
        ],
        [
          "t-18",
          0.05150553584098816
        ],
        [
          "t-17",
          0.05069882050156593
        ],
        [
          "t-16",
          0.05031253769993782
        ]
      ],
      "mean_attention": [
        0.054871052503585815,
        0.053094375878572464,
        0.05150553584098816,
        0.05069882050156593,
        0.05031253769993782,
        0.05010465532541275,
        0.04998032748699188,
        0.04987145587801933,
        0.04976768046617508,
        0.04966945946216583,
        0.04956565424799919,
        0.04945247992873192,
        0.04933668673038483,
        0.04922983795404434,
        0.0490935780107975,
        0.048959288746118546,
        0.04881904646754265,
        0.04868340864777565,
        0.0485561303794384,
        0.04842804744839668
      ],
      "std_attention": [
        0.004916645586490631,
        0.00429334444925189,
        0.0038498886860907078,
        0.0035805520601570606,
        0.0034136141184717417,
        0.0032880939543247223,
        0.003200269304215908,
        0.0031234363559633493,
        0.0030678953044116497,
        0.0030504490714520216,
        0.003058956703171134,
        0.003088312456384301,
        0.0031347917392849922,
        0.0031814747489988804,
        0.003291903994977474,
        0.0033898300025612116,
        0.0035015451721847057,
        0.0036156177520751953,
        0.0037238013464957476,
        0.0038410527631640434
      ]
    },
    "2022": {
      "n_samples": 249,
      "entropy_mean": 2.991685152053833,
      "entropy_std": 0.002002584282308817,
      "attention_concentration": 0.0500498004257679,
      "top_features": [
        [
          "t-20",
          0.05495548993349075
        ],
        [
          "t-19",
          0.05271785333752632
        ],
        [
          "t-18",
          0.051401861011981964
        ],
        [
          "t-17",
          0.05085868388414383
        ],
        [
          "t-16",
          0.050591494888067245
        ]
      ],
      "mean_attention": [
        0.05495548993349075,
        0.05271785333752632,
        0.051401861011981964,
        0.05085868388414383,
        0.050591494888067245,
        0.05042470619082451,
        0.05026402696967125,
        0.05011166259646416,
        0.049956321716308594,
        0.04978965222835541,
        0.04962027445435524,
        0.04945734888315201,
        0.04929453134536743,
        0.04915745556354523,
        0.04900044947862625,
        0.04881656914949417,
        0.04864870384335518,
        0.04848090559244156,
        0.048309825360774994,
        0.04814227670431137
      ],
      "std_attention": [
        0.005917139817029238,
        0.005129871889948845,
        0.004585177171975374,
        0.004315536003559828,
        0.004163746722042561,
        0.004074813798069954,
        0.004001923371106386,
        0.003963912837207317,
        0.003945944830775261,
        0.003931966610252857,
        0.003923589829355478,
        0.003927735146135092,
        0.003936133347451687,
        0.003955461550503969,
        0.00393142644315958,
        0.003961815033107996,
        0.003959139809012413,
        0.003961252048611641,
        0.003965763840824366,
        0.003963302820920944
      ]
    },
    "2023": {
      "n_samples": 249,
      "entropy_mean": 2.9827239513397217,
      "entropy_std": 0.004581174813210964,
      "attention_concentration": 0.05001593381166458,
      "top_features": [
        [
          "t-20",
          0.053440481424331665
        ],
        [
          "t-19",
          0.05144520103931427
        ],
        [
          "t-18",
          0.05023237317800522
        ],
        [
          "t-17",
          0.04986102506518364
        ],
        [
          "t-14",
          0.0498526468873024
        ]
      ],
      "mean_attention": [
        0.053440481424331665,
        0.05144520103931427,
        0.05023237317800522,
        0.04986102506518364,
        0.04981105774641037,
        0.04983352869749069,
        0.0498526468873024,
        0.049848075956106186,
        0.04982910305261612,
        0.04980207979679108,
        0.04977629333734512,
        0.04974747449159622,
        0.049708880484104156,
        0.04966894909739494,
        0.049674104899168015,
        0.049650438129901886,
        0.04956855624914169,
        0.04948920011520386,
        0.049415916204452515,
        0.04934467375278473
      ],
      "std_attention": [
        0.00983632355928421,
        0.00912149716168642,
        0.008543930947780609,
        0.008206022903323174,
        0.007987811230123043,
        0.007826977409422398,
        0.007699847687035799,
        0.00760007556527853,
        0.007526487112045288,
        0.0074819233268499374,
        0.007465433795005083,
        0.007470107637345791,
        0.007490240968763828,
        0.0075263711623847485,
        0.007580106612294912,
        0.007605142425745726,
        0.007707449607551098,
        0.007820443250238895,
        0.007948978804051876,
        0.008107995614409447
      ]
    },
    "2024": {
      "n_samples": 250,
      "entropy_mean": 2.983715295791626,
      "entropy_std": 0.0069982269778847694,
      "attention_concentration": 0.05003127455711365,
      "top_features": [
        [
          "t-20",
          0.053774394094944
        ],
        [
          "t-19",
          0.05206707492470741
        ],
        [
          "t-18",
          0.05094772204756737
        ],
        [
          "t-17",
          0.05056164786219597
        ],
        [
          "t-16",
          0.05046160891652107
        ]
      ],