{
  "evaluation_timestamp": "2025-10-27T12:01:19.118786",
  "statistical_metrics": {
    "mse": 1.1930533647537231,
    "rmse": 1.092269778251648,
    "mae": 0.7785060405731201,
    "mape": 326.6324758529663,
    "r2": -0.025634288787841797,
    "mean_error": -0.17454621195793152,
    "std_error": 1.078233242034912
  },
  "financial_metrics": {
    "directional_accuracy": 0.535483870967742,
    "sharpe_ratio": 0.8480256095094529,
    "max_drawdown": -0.2524600625038147,
    "total_return": 0.9006913900375366,
    "hit_rate": 0.535483870967742,
    "num_trades": 1240,
    "precision": 0.535483870967742,
    "recall": 1.0,
    "f1_score": 0.6974789915966386,
    "confusion_matrix": [
      [
        0,
        576
      ],
      [
        0,
        664
      ]
    ],
    "auc_roc": 0.5352386106927711,
    "alpha": 0.0
  },
  "residual_diagnostics": {
    "normality_p_value": 9.826487421360406e-41,
    "acf_lag1": -0.030913270857414004,
    "skewness": 0.13413160296859802,
    "kurtosis": 6.857381709634934
  },
  "mode_stats": {
    "healthy_days": 29,
    "degraded_days": 0,
    "unidirectional_days": 912,
    "weak_collapse_days": 203,
    "strong_collapse_days": 96,
    "total_days": 1240,
    "healthy_pct": 2.338709677419355,
    "degraded_pct": 0.0,
    "unidirectional_pct": 73.54838709677419,
    "weak_collapse_pct": 16.370967741935484,
    "strong_collapse_pct": 7.741935483870968
  },
  "collapse_detected": true,
  "degradation_detected": true,
  "checkpoint_used": "experiments/00_baseline_exploration/sweep_encoder_60/checkpoints/tft-epoch=00-val_loss=0.1534.ckpt"
}