{
  "evaluation_timestamp": "2025-10-30T03:21:07.216654",
  "statistical_metrics": {
    "mse": 1.1594359874725342,
    "rmse": 1.0767711400985718,
    "mae": 0.76555997133255,
    "mape": 142.99561977386475,
    "r2": 0.0032657384872436523,
    "mean_error": 0.0006517102592624724,
    "std_error": 1.0767707824707031
  },
  "financial_metrics": {
    "directional_accuracy": 0.5274193548387097,
    "sharpe_ratio": 0.7683838944284458,
    "max_drawdown": -0.25245973467826843,
    "total_return": 0.7532964944839478,
    "hit_rate": 0.4854838709677419,
    "num_trades": 1126,
    "precision": 0.5346358792184724,
    "recall": 0.9066265060240963,
    "f1_score": 0.6726256983240223,
    "confusion_matrix": [
      [
        52,
        524
      ],
      [
        62,
        602
      ]
    ],
    "auc_roc": 0.4814753806894244,
    "alpha": -0.14739489555358887
  },
  "residual_diagnostics": {
    "normality_p_value": 9.340427252298696e-39,
    "acf_lag1": -0.024771111821136126,
    "skewness": 0.019251363524432144,
    "kurtosis": 6.554273594321678
  },
  "mode_stats": {
    "healthy_days": 164,
    "degraded_days": 158,
    "unidirectional_days": 910,
    "weak_collapse_days": 8,
    "strong_collapse_days": 0,
    "total_days": 1240,
    "healthy_pct": 13.225806451612904,
    "degraded_pct": 12.741935483870966,
    "unidirectional_pct": 73.38709677419355,
    "weak_collapse_pct": 0.6451612903225806,
    "strong_collapse_pct": 0.0
  },
  "collapse_detected": true,
  "degradation_detected": true,
  "checkpoint_used": "experiments/00_baseline_exploration/sweep_encoder_60/checkpoints/tft-epoch=49-val_loss=0.4012.ckpt"
}