{
  "experiment": "sweep2_h16_drop_0.2",
  "collapsed": false,
  "collapse_type": null,
  "predictions": {
    "mean": 0.0745621919631958,
    "std": 0.05174882709980011,
    "min": -0.07715583592653275,
    "max": 0.13646383583545685,
    "range": 0.2136196792125702,
    "pct_positive": 91.484375,
    "pct_negative": 8.515625,
    "num_unique": 1276
  },
  "hidden_size": 16,
  "total_params": 22615,
  "diagnosed_at": "2025-10-21T13:20:41.192209"
}