{
  "evaluation_timestamp": "2025-10-22T23:15:39.500894",
  "statistical_metrics": {
    "mse": 1.1907330751419067,
    "rmse": 1.0912071466445923,
    "mae": 0.7779592871665955,
    "mape": 252.27084159851074,
    "r2": -0.011872410774230957,
    "mean_error": -0.12058885395526886,
    "std_error": 1.0845235586166382
  },
  "financial_metrics": {
    "directional_accuracy": 0.53671875,
    "sharpe_ratio": 0.8329736080938573,
    "max_drawdown": -0.2524605989456177,
    "total_return": 0.9216080904006958,
    "hit_rate": 0.53671875,
    "num_trades": 1280,
    "precision": 0.53671875,
    "recall": 1.0,
    "f1_score": 0.6985256736146417,
    "confusion_matrix": [
      [
        0,
        593
      ],
      [
        0,
        687
      ]
    ],
    "auc_roc": 0.4699760181250936,
    "alpha": 0.0
  },
  "residual_diagnostics": {
    "normality_p_value": 1.4770875331687154e-39,
    "acf_lag1": -0.035879196286898396,
    "skewness": 0.04702950084692827,
    "kurtosis": 6.446767301688858
  },
  "checkpoint_used": "experiments/sweep_stale_h14_drop0.25_lr5/checkpoints/tft-epoch=04-val_loss=0.1603.ckpt"
}