{
  "evaluation_timestamp": "2025-10-30T03:26:53.417428",
  "statistical_metrics": {
    "mse": 1.1736669540405273,
    "rmse": 1.0833591222763062,
    "mae": 0.7732619047164917,
    "mape": 118.76899003982544,
    "r2": 0.002630174160003662,
    "mean_error": 0.003852531313896179,
    "std_error": 1.0833523273468018
  },
  "financial_metrics": {
    "directional_accuracy": 0.52890625,
    "sharpe_ratio": 0.8038459596116018,
    "max_drawdown": -0.21036726236343384,
    "total_return": 0.8360874652862549,
    "hit_rate": 0.48828125,
    "num_trades": 1166,
    "precision": 0.5360205831903945,
    "recall": 0.9097525473071325,
    "f1_score": 0.6745817593092283,
    "confusion_matrix": [
      [
        52,
        541
      ],
      [
        62,
        625
      ]
    ],
    "auc_roc": 0.49228873490086916,
    "alpha": -0.08552062511444092
  },
  "residual_diagnostics": {
    "normality_p_value": 4.054576110747235e-38,
    "acf_lag1": -0.025603844710085123,
    "skewness": -0.051410093366246704,
    "kurtosis": 6.102423132499627
  },
  "mode_stats": {
    "healthy_days": 508,
    "degraded_days": 255,
    "unidirectional_days": 471,
    "weak_collapse_days": 46,
    "strong_collapse_days": 0,
    "total_days": 1280,
    "healthy_pct": 39.6875,
    "degraded_pct": 19.921875,
    "unidirectional_pct": 36.796875,
    "weak_collapse_pct": 3.5937499999999996,
    "strong_collapse_pct": 0.0
  },
  "collapse_detected": true,
  "degradation_detected": true,
  "checkpoint_used": "experiments/01_staleness_features_fixed/sweep_stale_h14_drop0.25_lr5/checkpoints/tft-epoch=75-val_loss=0.3978.ckpt"
}