{
  "evaluation_timestamp": "2025-10-27T12:03:52.332170",
  "statistical_metrics": {
    "mse": 1.1907330751419067,
    "rmse": 1.0912071466445923,
    "mae": 0.7779592871665955,
    "mape": 252.27079391479492,
    "r2": -0.011872410774230957,
    "mean_error": -0.12058879435062408,
    "std_error": 1.0845235586166382
  },
  "financial_metrics": {
    "directional_accuracy": 0.53671875,
    "sharpe_ratio": 0.8329736080938573,
    "max_drawdown": -0.2524605989456177,
    "total_return": 0.9216080904006958,
    "hit_rate": 0.53671875,
    "num_trades": 1280,
    "precision": 0.53671875,
    "recall": 1.0,
    "f1_score": 0.6985256736146417,
    "confusion_matrix": [
      [
        0,
        593
      ],
      [
        0,
        687
      ]
    ],
    "auc_roc": 0.46997356348078384,
    "alpha": 0.0
  },
  "residual_diagnostics": {
    "normality_p_value": 1.4770686391987077e-39,
    "acf_lag1": -0.03587918622689941,
    "skewness": 0.0470294628816565,
    "kurtosis": 6.446768680402698
  },
  "mode_stats": {
    "healthy_days": 29,
    "degraded_days": 1,
    "unidirectional_days": 568,
    "weak_collapse_days": 443,
    "strong_collapse_days": 239,
    "total_days": 1280,
    "healthy_pct": 2.265625,
    "degraded_pct": 0.078125,
    "unidirectional_pct": 44.375,
    "weak_collapse_pct": 34.609375,
    "strong_collapse_pct": 18.671875
  },
  "collapse_detected": true,
  "degradation_detected": true,
  "checkpoint_used": "experiments/01_staleness_features_fixed/sweep_stale_h14_drop0.25_lr5/checkpoints/tft-epoch=04-val_loss=0.1603.ckpt"
}