{
  "evaluation_timestamp": "2025-11-02T00:00:21.091936",
  "statistical_metrics": {
    "mse": 1.1718194484710693,
    "rmse": 1.0825060606002808,
    "mae": 0.7723751068115234,
    "mape": 131.46133422851562,
    "r2": 0.002694368362426758,
    "mean_error": 0.01696663908660412,
    "std_error": 1.082373023033142
  },
  "financial_metrics": {
    "directional_accuracy": 0.5374414976599063,
    "sharpe_ratio": 0.958706226628333,
    "max_drawdown": -0.19320736825466156,
    "total_return": 1.090811014175415,
    "hit_rate": 0.4890795631825273,
    "num_trades": 1158,
    "precision": 0.5414507772020726,
    "recall": 0.9100145137880987,
    "f1_score": 0.678938819707634,
    "confusion_matrix": [
      [
        62,
        531
      ],
      [
        62,
        627
      ]
    ],
    "auc_roc": 0.4999229031492228,
    "alpha": 0.1595553159713745
  },
  "residual_diagnostics": {
    "normality_p_value": 7.500409988929188e-39,
    "acf_lag1": -0.030344694438255028,
    "skewness": 0.007793565046206578,
    "kurtosis": 6.288922792822264
  },
  "mode_stats": {
    "healthy_days": 639,
    "degraded_days": 83,
    "unidirectional_days": 555,
    "weak_collapse_days": 5,
    "strong_collapse_days": 0,
    "total_days": 1282,
    "healthy_pct": 49.84399375975039,
    "degraded_pct": 6.4742589703588145,
    "unidirectional_pct": 43.29173166926677,
    "weak_collapse_pct": 0.39001560062402496,
    "strong_collapse_pct": 0.0
  },
  "collapse_detected": true,
  "degradation_detected": true,
  "checkpoint_used": "experiments/02_vintage_baseline/baseline_vintage_h16_drop0.25_lr5/checkpoints/tft-epoch=63-val_loss=0.3985.ckpt"
}