{
  "evaluation_timestamp": "2025-10-30T03:19:38.292843",
  "statistical_metrics": {
    "mse": 1.1734645366668701,
    "rmse": 1.0832656621932983,
    "mae": 0.7735373973846436,
    "mape": 135.84120273590088,
    "r2": 0.002802133560180664,
    "mean_error": 0.011013743467628956,
    "std_error": 1.083209753036499
  },
  "financial_metrics": {
    "directional_accuracy": 0.52578125,
    "sharpe_ratio": 0.7271325979315991,
    "max_drawdown": -0.252460777759552,
    "total_return": 0.7214477062225342,
    "hit_rate": 0.4859375,
    "num_trades": 1164,
    "precision": 0.5343642611683849,
    "recall": 0.9053857350800583,
    "f1_score": 0.6720691518098325,
    "confusion_matrix": [
      [
        51,
        542
      ],
      [
        65,
        622
      ]
    ],
    "auc_roc": 0.4928557577364252,
    "alpha": -0.20016038417816162
  },
  "residual_diagnostics": {
    "normality_p_value": 1.95665684643606e-38,
    "acf_lag1": -0.03339993552638189,
    "skewness": 0.013751599571164981,
    "kurtosis": 6.202765314748818
  },
  "mode_stats": {
    "healthy_days": 379,
    "degraded_days": 194,
    "unidirectional_days": 641,
    "weak_collapse_days": 66,
    "strong_collapse_days": 0,
    "total_days": 1280,
    "healthy_pct": 29.609375,
    "degraded_pct": 15.156249999999998,
    "unidirectional_pct": 50.07812499999999,
    "weak_collapse_pct": 5.15625,
    "strong_collapse_pct": 0.0
  },
  "collapse_detected": true,
  "degradation_detected": true,
  "checkpoint_used": "experiments/00_baseline_exploration/sweep_dropout_0.1/checkpoints/tft-epoch=34-val_loss=0.3969.ckpt"
}