{
  "evaluation_timestamp": "2025-10-27T12:01:00.824326",
  "statistical_metrics": {
    "mse": 1.2088656425476074,
    "rmse": 1.0994842052459717,
    "mae": 0.7860214114189148,
    "mape": 328.4963130950928,
    "r2": -0.02728128433227539,
    "mean_error": -0.17915835976600647,
    "std_error": 1.0847893953323364
  },
  "financial_metrics": {
    "directional_accuracy": 0.53671875,
    "sharpe_ratio": 0.8329736080938573,
    "max_drawdown": -0.2524605989456177,
    "total_return": 0.9216080904006958,
    "hit_rate": 0.53671875,
    "num_trades": 1280,
    "precision": 0.53671875,
    "recall": 1.0,
    "f1_score": 0.6985256736146417,
    "confusion_matrix": [
      [
        0,
        593
      ],
      [
        0,
        687
      ]
    ],
    "auc_roc": 0.5250422812482358,
    "alpha": 0.0
  },
  "residual_diagnostics": {
    "normality_p_value": 6.049079414348661e-40,
    "acf_lag1": -0.03673688571254091,
    "skewness": 0.08220452097366894,
    "kurtosis": 6.489187803049365
  },
  "mode_stats": {
    "healthy_days": 29,
    "degraded_days": 1,
    "unidirectional_days": 1108,
    "weak_collapse_days": 142,
    "strong_collapse_days": 0,
    "total_days": 1280,
    "healthy_pct": 2.265625,
    "degraded_pct": 0.078125,
    "unidirectional_pct": 86.5625,
    "weak_collapse_pct": 11.09375,
    "strong_collapse_pct": 0.0
  },
  "collapse_detected": true,
  "degradation_detected": true,
  "checkpoint_used": "experiments/00_baseline_exploration/sweep_dropout_0.1/checkpoints/tft-epoch=00-val_loss=0.1531.ckpt"
}