{
  "period_statistics": {
    "2020": {
      "n_samples": 92,
      "entropy_mean": 2.674760341644287,
      "entropy_std": 0.19288235902786255,
      "attention_concentration": 0.06996407359838486,
      "top_features": [
        [
          "t-1",
          0.12334594875574112
        ],
        [
          "t-2",
          0.10618846118450165
        ],
        [
          "t-3",
          0.09275142848491669
        ],
        [
          "t-4",
          0.08238788694143295
        ],
        [
          "t-5",
          0.07397361844778061
        ]
      ],
      "mean_attention": [
        0.009892298839986324,
        0.0143349664285779,
        0.016591204330325127,
        0.01881757378578186,
        0.021287696436047554,
        0.02432258240878582,
        0.027976855635643005,
        0.03204744681715965,
        0.036434322595596313,
        0.04092654585838318,
        0.04550063610076904,
        0.050282519310712814,
        0.055381037294864655,
        0.06058278679847717,
        0.0669742077589035,
        0.07397361844778061,
        0.08238788694143295,
        0.09275142848491669,
        0.10618846118450165,
        0.12334594875574112
      ],
      "std_attention": [
        0.009382635354995728,
        0.013968654908239841,
        0.014945173636078835,
        0.015474606305360794,
        0.015882190316915512,
        0.016715537756681442,
        0.017873559147119522,
        0.01916246861219406,
        0.020284289494156837,
        0.021443944424390793,
        0.02224058099091053,
        0.02314172126352787,
        0.023878801614046097,
        0.025372769683599472,
        0.02677447907626629,
        0.02841612510383129,
        0.031792622059583664,
        0.03782624378800392,
        0.0492573156952858,
        0.06735517084598541
      ]
    },
    "2021": {
      "n_samples": 250,
      "entropy_mean": 2.4385409355163574,
      "entropy_std": 0.3139303922653198,
      "attention_concentration": 0.09074908494949341,
      "top_features": [
        [
          "t-1",
          0.16859333217144012
        ],
        [
          "t-2",
          0.13852174580097198
        ],
        [
          "t-3",
          0.1143760159611702
        ],
        [
          "t-4",
          0.09461662173271179
        ],
        [
          "t-5",
          0.07852618396282196
        ]
      ],
      "mean_attention": [
        0.008803910575807095,
        0.010449436493217945,
        0.011623002588748932,
        0.012930355966091156,
        0.014660573564469814,
        0.016858568415045738,
        0.019402815029025078,
        0.022298404946923256,
        0.025388462468981743,
        0.028816109523177147,
        0.03295165300369263,
        0.03809501603245735,
        0.04487471282482147,
        0.0535459965467453,
        0.06466713547706604,
        0.07852618396282196,
        0.09461662173271179,
        0.1143760159611702,
        0.13852174580097198,
        0.16859333217144012
      ],
      "std_attention": [
        0.006301958579570055,
        0.01041154284030199,
        0.012209351174533367,
        0.013243869878351688,
        0.01468420960009098,
        0.016595743596553802,
        0.018995439633727074,
        0.021791500970721245,
        0.024104541167616844,
        0.026016555726528168,
        0.027670977637171745,
        0.02919824793934822,
        0.03140345960855484,
        0.034268684685230255,
        0.03905460983514786,
        0.045356422662734985,
        0.051896627992391586,
        0.06100724637508392,
        0.07762142270803452,
        0.10474874079227448
      ]
    },
    "2022": {
      "n_samples": 249,
      "entropy_mean": 2.5769999027252197,
      "entropy_std": 0.27760711312294006,
      "attention_concentration": 0.07102099061012268,
      "top_features": [
        [
          "t-1",
          0.12380538135766983
        ],
        [
          "t-2",
          0.10626795142889023
        ],
        [
          "t-3",
          0.09351477771997452
        ],
        [
          "t-4",
          0.08345194905996323
        ],
        [
          "t-5",
          0.07548388093709946
        ]
      ],
      "mean_attention": [
        0.010610559023916721,
        0.014539639465510845,
        0.016224542632699013,
        0.01766805164515972,
        0.01926184818148613,
        0.021483737975358963,
        0.02479681931436062,
        0.0293661467730999,
        0.034724172204732895,
        0.040530793368816376,
        0.046416785567998886,
        0.052135467529296875,
        0.05750354751944542,
        0.06327713280916214,
        0.06893681734800339,
        0.07548388093709946,
        0.08345194905996323,
        0.09351477771997452,
        0.10626795142889023,
        0.12380538135766983
      ],
      "std_attention": [
        0.01304413191974163,
        0.017463024705648422,
        0.018397493287920952,
        0.018627749755978584,
        0.01863955147564411,
        0.019127266481518745,
        0.020479172468185425,
        0.02287103421986103,
        0.025697560980916023,
        0.028262700885534286,
        0.030069954693317413,
        0.03142472356557846,
        0.032205913215875626,
        0.03308860585093498,
        0.03489101305603981,
        0.03739617392420769,
        0.042374394834041595,
        0.05163874104619026,
        0.06664848327636719,
        0.09213907271623611
      ]
    },
    "2023": {
      "n_samples": 249,
      "entropy_mean": 2.4843063354492188,
      "entropy_std": 0.21296392381191254,
      "attention_concentration": 0.09175612032413483,
      "top_features": [
        [
          "t-1",
          0.15825219452381134
        ],
        [
          "t-2",
          0.13541041314601898
        ],
        [
          "t-3",
          0.11627321690320969
        ],
        [
          "t-4",
          0.10000719130039215
        ],
        [
          "t-5",
          0.08576838672161102
        ]
      ],
      "mean_attention": [
        0.0073432656936347485,
        0.007554227486252785,
        0.007961037568747997,
        0.00875189621001482,
        0.009994962252676487,
        0.011840583756566048,
        0.014481647871434689,
        0.018049245700240135,
        0.0228191539645195,
        0.02871076390147209,
        0.03563597425818443,
        0.04346465691924095,
        0.05220016837120056,
        0.061988476663827896,
        0.0734926387667656,
        0.08576838672161102,
        0.10000719130039215,
        0.11627321690320969,
        0.13541041314601898,
        0.15825219452381134
      ],
      "std_attention": [
        0.004114596638828516,
        0.004686200525611639,
        0.005273040849715471,
        0.006004531402140856,
        0.006939030718058348,
        0.00821646023541689,
        0.00988820567727089,
        0.011696363799273968,
        0.014116755686700344,
        0.01678573340177536,
        0.019522739574313164,
        0.022487061098217964,
        0.025327449664473534,
        0.027922414243221283,
        0.03036145120859146,
        0.03354218974709511,
        0.037557024508714676,
        0.04389678314328194,
        0.055576372891664505,
        0.07559113949537277
      ]
    },
    "2024": {
      "n_samples": 250,
      "entropy_mean": 2.4443323612213135,
      "entropy_std": 0.275898277759552,
      "attention_concentration": 0.08977683633565903,
      "top_features": [
        [
          "t-1",
          0.15017686784267426
        ],
        [
          "t-2",
          0.13046902418136597
        ],
        [
          "t-3",
          0.11474727094173431
        ],
        [
          "t-4",
          0.10098984092473984
        ],
        [
          "t-5",
          0.08849285542964935
        ]
      ],