{
  "period_statistics": {
    "2020": {
      "n_samples": 92,
      "entropy_mean": 2.948024272918701,
      "entropy_std": 0.05181320756673813,
      "attention_concentration": 0.05005285143852234,
      "top_features": [
        [
          "t-20",
          0.05497307330369949
        ],
        [
          "t-1",
          0.05237983539700508
        ],
        [
          "t-2",
          0.051775868982076645
        ],
        [
          "t-3",
          0.05125051364302635
        ],
        [
          "t-4",
          0.05087663233280182
        ]
      ],
      "mean_attention": [
        0.05497307330369949,
        0.049284469336271286,
        0.0483352430164814,
        0.04808511957526207,
        0.04820651561021805,
        0.04843737185001373,
        0.048729680478572845,
        0.0489736944437027,
        0.04923069849610329,
        0.04939255863428116,
        0.0495513454079628,
        0.049709320068359375,
        0.04988677427172661,
        0.05003397911787033,
        0.05031606927514076,
        0.05057130753993988,
        0.05087663233280182,
        0.05125051364302635,
        0.051775868982076645,
        0.05237983539700508
      ],
      "std_attention": [
        0.026277346536517143,
        0.020537327975034714,
        0.017513079568743706,
        0.015733899548649788,
        0.014704043976962566,
        0.014193663373589516,
        0.01398332230746746,
        0.0139127466827631,
        0.013861541636288166,
        0.013889049179852009,
        0.01394127681851387,
        0.014062696136534214,
        0.014250057749450207,
        0.014435196295380592,
        0.014689786359667778,
        0.015083773992955685,
        0.0157781895250082,
        0.016765136271715164,
        0.01833273284137249,
        0.020249901339411736
      ]
    },
    "2021": {
      "n_samples": 250,
      "entropy_mean": 2.963420867919922,
      "entropy_std": 0.03516121581196785,
      "attention_concentration": 0.05009858310222626,
      "top_features": [
        [
          "t-1",
          0.05338875204324722
        ],
        [
          "t-2",
          0.05294650048017502
        ],
        [
          "t-3",
          0.05256666615605354
        ],
        [
          "t-4",
          0.05219217389822006
        ],
        [
          "t-5",
          0.051858849823474884
        ]
      ],
      "mean_attention": [
        0.05100313574075699,
        0.04617356136441231,
        0.04605820029973984,
        0.04651738330721855,
        0.047232743352651596,
        0.04794370010495186,
        0.04857950657606125,
        0.0491333082318306,
        0.0495915561914444,
        0.05000321567058563,
        0.05036482959985733,
        0.05069373548030853,
        0.05101621896028519,
        0.05120463669300079,
        0.051531288772821426,
        0.051858849823474884,
        0.05219217389822006,
        0.05256666615605354,
        0.05294650048017502,
        0.05338875204324722
      ],
      "std_attention": [
        0.014872984029352665,
        0.013148734346032143,
        0.012683473527431488,
        0.012433722615242004,
        0.012440393678843975,
        0.012402275577187538,
        0.01241007074713707,
        0.012466245330870152,
        0.012482188642024994,
        0.01254683081060648,
        0.012593432329595089,
        0.012631693854928017,
        0.012694062665104866,
        0.012941326946020126,
        0.013089337386190891,
        0.013321658596396446,
        0.013523565605282784,
        0.01395733654499054,
        0.01461078878492117,
        0.015481499023735523
      ]
    },
    "2022": {
      "n_samples": 249,
      "entropy_mean": 2.9770455360412598,
      "entropy_std": 0.012776277959346771,
      "attention_concentration": 0.05027446150779724,
      "top_features": [
        [
          "t-1",
          0.056699879467487335
        ],
        [
          "t-2",
          0.055767904967069626
        ],
        [
          "t-3",
          0.05486629530787468
        ],
        [
          "t-4",
          0.05400129407644272
        ],
        [
          "t-5",
          0.053184688091278076
        ]
      ],
      "mean_attention": [
        0.052858371287584305,
        0.04617799073457718,
        0.04506036639213562,
        0.04495110362768173,
        0.04531439021229744,
        0.045883700251579285,
        0.04655994474887848,
        0.04729299992322922,
        0.04800066351890564,
        0.04870934784412384,
        0.04943244531750679,
        0.05016167461872101,
        0.050897154957056046,
        0.051775794476270676,
        0.05240391939878464,
        0.053184688091278076,
        0.05400129407644272,
        0.05486629530787468,
        0.055767904967069626,
        0.056699879467487335
      ],
      "std_attention": [
        0.011150483042001724,
        0.009061852470040321,
        0.008428916335105896,
        0.008092879317700863,
        0.007891890592873096,
        0.007771974895149469,
        0.007722401991486549,
        0.007760724518448114,
        0.00783343892544508,
        0.007903811521828175,
        0.007983306422829628,
        0.00808899849653244,
        0.008218301460146904,
        0.008058504201471806,
        0.00844480749219656,
        0.008760890923440456,
        0.009195192717015743,
        0.009784873574972153,
        0.010536585934460163,
        0.011464530602097511
      ]
    },
    "2023": {
      "n_samples": 249,
      "entropy_mean": 2.9905471801757812,
      "entropy_std": 0.0033520048018544912,
      "attention_concentration": 0.050058990716934204,
      "top_features": [
        [
          "t-20",
          0.05345770716667175
        ],
        [
          "t-1",
          0.05248238518834114
        ],
        [
          "t-2",
          0.052195414900779724
        ],
        [
          "t-3",
          0.051894962787628174
        ],
        [
          "t-4",
          0.05159085616469383
        ]
      ],
      "mean_attention": [
        0.05345770716667175,
        0.04862462729215622,
        0.04780780151486397,
        0.047629572451114655,
        0.04776535928249359,
        0.04804789647459984,
        0.04838469624519348,
        0.048707783222198486,
        0.049052055925130844,
        0.04939345270395279,
        0.049709007143974304,
        0.05001417174935341,
        0.050313953310251236,
        0.05061643198132515,
        0.05102657899260521,
        0.051285289227962494,
        0.05159085616469383,
        0.051894962787628174,
        0.052195414900779724,
        0.05248238518834114
      ],
      "std_attention": [
        0.005086843855679035,
        0.004523510579019785,
        0.004422192927449942,
        0.00439886748790741,
        0.004417101386934519,
        0.004440188407897949,
        0.004462075885385275,
        0.0044642249122262,
        0.0044862315990030766,
        0.004502024035900831,
        0.004521391820162535,
        0.0045431870967149734,
        0.004565026145428419,
        0.004579163622111082,
        0.004316241946071386,
        0.004400706384330988,
        0.004431241191923618,
        0.00450089480727911,
        0.004570742137730122,
        0.004683474078774452
      ]
    },
    "2024": {
      "n_samples": 250,
      "entropy_mean": 2.9919703006744385,
      "entropy_std": 0.0036377718206495047,
      "attention_concentration": 0.050029076635837555,
      "top_features": [
        [
          "t-20",
          0.05288197100162506
        ],
        [
          "t-1",
          0.05163678899407387
        ],
        [
          "t-2",
          0.05142323300242424
        ],
        [
          "t-3",
          0.05121184512972832
        ],
        [
          "t-4",
          0.05100448057055473
        ]
      ],