{
  "evaluation_timestamp": "2025-10-30T03:21:59.773034",
  "statistical_metrics": {
    "mse": 1.1809298992156982,
    "rmse": 1.0867060422897339,
    "mae": 0.7732018232345581,
    "mape": 143.95532608032227,
    "r2": -0.0035418272018432617,
    "mean_error": 0.007284879684448242,
    "std_error": 1.086681604385376
  },
  "financial_metrics": {
    "directional_accuracy": 0.5328125,
    "sharpe_ratio": 0.7839796619396476,
    "max_drawdown": -0.2155974805355072,
    "total_return": 0.6990294456481934,
    "hit_rate": 0.434375,
    "num_trades": 1023,
    "precision": 0.5434995112414467,
    "recall": 0.8093158660844251,
    "f1_score": 0.6502923976608187,
    "confusion_matrix": [
      [
        126,
        467
      ],
      [
        131,
        556
      ]
    ],
    "auc_roc": 0.5044367695899026,
    "alpha": -0.22257864475250244
  },
  "residual_diagnostics": {
    "normality_p_value": 2.4960507158090244e-41,
    "acf_lag1": -0.028039898740906788,
    "skewness": 0.06213495541185362,
    "kurtosis": 6.865166849383524
  },
  "mode_stats": {
    "healthy_days": 533,
    "degraded_days": 290,
    "unidirectional_days": 457,
    "weak_collapse_days": 0,
    "strong_collapse_days": 0,
    "total_days": 1280,
    "healthy_pct": 41.640625,
    "degraded_pct": 22.65625,
    "unidirectional_pct": 35.703125,
    "weak_collapse_pct": 0.0,
    "strong_collapse_pct": 0.0
  },
  "collapse_detected": false,
  "degradation_detected": true,
  "checkpoint_used": "experiments/00_baseline_exploration/sweep_hidden_48/checkpoints/tft-epoch=51-val_loss=0.3957.ckpt"
}