{
  "evaluation_timestamp": "2025-10-27T12:01:29.704668",
  "statistical_metrics": {
    "mse": 1.1796958446502686,
    "rmse": 1.0861380100250244,
    "mae": 0.7720786333084106,
    "mape": 203.3000946044922,
    "r2": -0.002493143081665039,
    "mean_error": -0.046706460416316986,
    "std_error": 1.0851333141326904
  },
  "financial_metrics": {
    "directional_accuracy": 0.53671875,
    "sharpe_ratio": 0.8329736080938573,
    "max_drawdown": -0.2524605989456177,
    "total_return": 0.9216080904006958,
    "hit_rate": 0.53671875,
    "num_trades": 1280,
    "precision": 0.53671875,
    "recall": 1.0,
    "f1_score": 0.6985256736146417,
    "confusion_matrix": [
      [
        0,
        593
      ],
      [
        0,
        687
      ]
    ],
    "auc_roc": 0.5307726483893851,
    "alpha": 0.0
  },
  "residual_diagnostics": {
    "normality_p_value": 1.5763876834129614e-40,
    "acf_lag1": -0.035465094768995044,
    "skewness": 0.12746826682448273,
    "kurtosis": 6.524184865923736
  },
  "mode_stats": {
    "healthy_days": 29,
    "degraded_days": 1,
    "unidirectional_days": 724,
    "weak_collapse_days": 441,
    "strong_collapse_days": 85,
    "total_days": 1280,
    "healthy_pct": 2.265625,
    "degraded_pct": 0.078125,
    "unidirectional_pct": 56.56250000000001,
    "weak_collapse_pct": 34.453125,
    "strong_collapse_pct": 6.640625
  },
  "collapse_detected": true,
  "degradation_detected": true,
  "checkpoint_used": "experiments/00_baseline_exploration/sweep_hidden_48/checkpoints/tft-epoch=01-val_loss=0.1530.ckpt"
}