{
  "evaluation_timestamp": "2025-10-30T03:34:00.386001",
  "statistical_metrics": {
    "mse": 21.179033279418945,
    "rmse": 4.6020684242248535,
    "mae": 3.797369956970215,
    "mape": 532.0064067840576,
    "r2": -0.002750873565673828,
    "mean_error": -0.22248581051826477,
    "std_error": 4.596687316894531
  },
  "financial_metrics": {
    "directional_accuracy": 0.6274509803921569,
    "sharpe_ratio": 3.274471076839194,
    "max_drawdown": -0.24769513309001923,
    "total_return": 0.5335338115692139,
    "hit_rate": 0.6274509803921569,
    "num_trades": 51,
    "precision": 0.6274509803921569,
    "recall": 1.0,
    "f1_score": 0.7710843373493976,
    "confusion_matrix": [
      [
        0,
        19
      ],
      [
        0,
        32
      ]
    ],
    "auc_roc": 0.48519736842105265,
    "alpha": 0.0
  },
  "residual_diagnostics": {
    "normality_p_value": 0.3211101136527556,
    "acf_lag1": -0.21541529222690148,
    "skewness": -0.3919869956975775,
    "kurtosis": -0.5929890343190345
  },
  "mode_stats": {
    "healthy_days": 30,
    "degraded_days": 0,
    "unidirectional_days": 21,
    "weak_collapse_days": 0,
    "strong_collapse_days": 0,
    "total_days": 51,
    "healthy_pct": 58.82352941176471,
    "degraded_pct": 0.0,
    "unidirectional_pct": 41.17647058823529,
    "weak_collapse_pct": 0.0,
    "strong_collapse_pct": 0.0
  },
  "collapse_detected": false,
  "degradation_detected": true,
  "checkpoint_used": "experiments/01_staleness_features_fixed/sweep_stale_monthly_h16_drop0.25/checkpoints/tft-epoch=99-val_loss=1.8725.ckpt"
}