{
  "evaluation_timestamp": "2025-10-22T23:17:07.963846",
  "statistical_metrics": {
    "mse": 21.184709548950195,
    "rmse": 4.60268497467041,
    "mae": 3.813380002975464,
    "mape": 501.1992931365967,
    "r2": -0.003019571304321289,
    "mean_error": -0.11745630204677582,
    "std_error": 4.601186275482178
  },
  "financial_metrics": {
    "directional_accuracy": 0.6274509803921569,
    "sharpe_ratio": 3.274471076839194,
    "max_drawdown": -0.24769513309001923,
    "total_return": 0.5335338115692139,
    "hit_rate": 0.6274509803921569,
    "num_trades": 51,
    "precision": 0.6274509803921569,
    "recall": 1.0,
    "f1_score": 0.7710843373493976,
    "confusion_matrix": [
      [
        0,
        19
      ],
      [
        0,
        32
      ]
    ],
    "auc_roc": 0.4276315789473684,
    "alpha": 0.0
  },
  "residual_diagnostics": {
    "normality_p_value": 0.3204859786714038,
    "acf_lag1": -0.21350563510371506,
    "skewness": -0.3922815934307568,
    "kurtosis": -0.5933395515776483
  },
  "checkpoint_used": "experiments/sweep_stale_monthly_h16_drop0.25/checkpoints/tft-epoch=49-val_loss=2.7655.ckpt"
}