{
  "evaluation_timestamp": "2025-10-27T12:05:52.494519",
  "statistical_metrics": {
    "mse": 21.184709548950195,
    "rmse": 4.60268497467041,
    "mae": 3.813380002975464,
    "mape": 501.1992931365967,
    "r2": -0.003019571304321289,
    "mean_error": -0.11745607107877731,
    "std_error": 4.601186275482178
  },
  "financial_metrics": {
    "directional_accuracy": 0.6274509803921569,
    "sharpe_ratio": 3.274471076839194,
    "max_drawdown": -0.24769513309001923,
    "total_return": 0.5335338115692139,
    "hit_rate": 0.6274509803921569,
    "num_trades": 51,
    "precision": 0.6274509803921569,
    "recall": 1.0,
    "f1_score": 0.7710843373493976,
    "confusion_matrix": [
      [
        0,
        19
      ],
      [
        0,
        32
      ]
    ],
    "auc_roc": 0.4276315789473684,
    "alpha": 0.0
  },
  "residual_diagnostics": {
    "normality_p_value": 0.3204856063636584,
    "acf_lag1": -0.21350564091022392,
    "skewness": -0.39228155427003614,
    "kurtosis": -0.5933400962820046
  },
  "mode_stats": {
    "healthy_days": 30,
    "degraded_days": 0,
    "unidirectional_days": 21,
    "weak_collapse_days": 0,
    "strong_collapse_days": 0,
    "total_days": 51,
    "healthy_pct": 58.82352941176471,
    "degraded_pct": 0.0,
    "unidirectional_pct": 41.17647058823529,
    "weak_collapse_pct": 0.0,
    "strong_collapse_pct": 0.0
  },
  "collapse_detected": false,
  "degradation_detected": true,
  "checkpoint_used": "experiments/01_staleness_features_fixed/sweep_stale_monthly_h16_drop0.25/checkpoints/tft-epoch=49-val_loss=2.7655.ckpt"
}