{
  "period_statistics": {
    "2020": {
      "n_samples": 92,
      "entropy_mean": 2.7790184020996094,
      "entropy_std": 0.1503617912530899,
      "attention_concentration": 0.05816975235939026,
      "top_features": [
        [
          "t-1",
          0.0902666449546814
        ],
        [
          "t-2",
          0.08272767812013626
        ],
        [
          "t-3",
          0.07641126960515976
        ],
        [
          "t-4",
          0.07130949199199677
        ],
        [
          "t-5",
          0.06696707010269165
        ]
      ],
      "mean_attention": [
        0.015508422628045082,
        0.023518932983279228,
        0.026469510048627853,
        0.02912854589521885,
        0.03180159255862236,
        0.03470802679657936,
        0.03775293752551079,
        0.04077936336398125,
        0.04389490187168121,
        0.046919818967580795,
        0.049937646836042404,
        0.05304273962974548,
        0.05628853291273117,
        0.059376463294029236,
        0.06319036334753036,
        0.06696707010269165,
        0.07130949199199677,
        0.07641126960515976,
        0.08272767812013626,
        0.0902666449546814
      ],
      "std_attention": [
        0.012915142811834812,
        0.02006581798195839,
        0.02046419307589531,
        0.020443657413125038,
        0.020446673035621643,
        0.020893875509500504,
        0.021422378718852997,
        0.021922973915934563,
        0.02236083522439003,
        0.022914770990610123,
        0.02329215593636036,
        0.023910077288746834,
        0.02457035519182682,
        0.025894470512866974,
        0.027190109714865685,
        0.028670772910118103,
        0.031574953347444534,
        0.03635302931070328,
        0.04436829686164856,
        0.05590448155999184
      ]
    },
    "2021": {
      "n_samples": 250,
      "entropy_mean": 2.547621965408325,
      "entropy_std": 0.2895209491252899,
      "attention_concentration": 0.07675211131572723,
      "top_features": [
        [
          "t-1",
          0.13609501719474792
        ],
        [
          "t-2",
          0.11824692785739899
        ],
        [
          "t-3",
          0.10318131744861603
        ],
        [
          "t-4",
          0.09024171531200409
        ],
        [
          "t-5",
          0.07913355529308319
        ]
      ],
      "mean_attention": [
        0.011948907747864723,
        0.01463006716221571,
        0.016023941338062286,
        0.01743972860276699,
        0.01912793703377247,
        0.021058548241853714,
        0.023170344531536102,
        0.025744151324033737,
        0.028866926208138466,
        0.03286386653780937,
        0.03798387944698334,
        0.044127851724624634,
        0.051479607820510864,
        0.05973212420940399,
        0.06890356540679932,
        0.07913355529308319,
        0.09024171531200409,
        0.10318131744861603,
        0.11824692785739899,
        0.13609501719474792
      ],
      "std_attention": [
        0.008412964642047882,
        0.01331382803618908,
        0.015284276567399502,
        0.016398081555962563,
        0.01785748079419136,
        0.01928658038377762,
        0.020638596266508102,
        0.022134093567728996,
        0.023471815511584282,
        0.025242812931537628,
        0.02766965888440609,
        0.030421946197748184,
        0.03373917192220688,
        0.03727041184902191,
        0.04133644327521324,
        0.045708317309617996,
        0.05015554279088974,
        0.05712171271443367,
        0.06981766223907471,
        0.09106290340423584
      ]
    },
    "2022": {
      "n_samples": 249,
      "entropy_mean": 2.5495216846466064,
      "entropy_std": 0.2686159312725067,
      "attention_concentration": 0.08129581809043884,
      "top_features": [
        [
          "t-1",
          0.15750116109848022
        ],
        [
          "t-2",
          0.12704019248485565
        ],
        [
          "t-3",
          0.10396944731473923
        ],
        [
          "t-4",
          0.08609049022197723
        ],
        [
          "t-5",
          0.07234563678503036
        ]
      ],
      "mean_attention": [
        0.008899744600057602,
        0.013984188437461853,
        0.016133349388837814,
        0.018036046996712685,
        0.0200429018586874,
        0.022254202514886856,
        0.02469860389828682,
        0.02730492502450943,
        0.029986871406435966,
        0.03300778195261955,
        0.0365767739713192,
        0.040935635566711426,
        0.0462491437792778,
        0.05330219119787216,
        0.061640676110982895,
        0.07234563678503036,
        0.08609049022197723,
        0.10396944731473923,
        0.12704019248485565,
        0.15750116109848022
      ],
      "std_attention": [
        0.009021203964948654,
        0.014546545222401619,
        0.016177305951714516,
        0.017273733392357826,
        0.018217070028185844,
        0.019224893301725388,
        0.02019808255136013,
        0.021064266562461853,
        0.021848060190677643,
        0.022604603320360184,
        0.02314760722219944,
        0.02381310611963272,
        0.024494502693414688,
        0.025885039940476418,
        0.028372034430503845,
        0.03150641918182373,
        0.03688303008675575,
        0.046698931604623795,
        0.06270912289619446,
        0.08922109752893448
      ]
    },
    "2023": {
      "n_samples": 249,
      "entropy_mean": 2.5958168506622314,
      "entropy_std": 0.1789829283952713,
      "attention_concentration": 0.07742714881896973,
      "top_features": [
        [
          "t-1",
          0.12341595441102982
        ],
        [
          "t-2",
          0.11327915638685226
        ],
        [
          "t-3",
          0.10363457351922989
        ],
        [
          "t-4",
          0.09431950747966766
        ],
        [
          "t-5",
          0.08517774194478989
        ]
      ],
      "mean_attention": [
        0.009956179186701775,
        0.00998036377131939,
        0.010381135158240795,
        0.011431167833507061,
        0.013297556899487972,
        0.016228945925831795,
        0.020193487405776978,
        0.02491627261042595,
        0.03035525046288967,
        0.03653353825211525,
        0.043435852974653244,
        0.05090006813406944,
        0.058853067457675934,
        0.06725401431322098,
        0.07645617425441742,
        0.08517774194478989,
        0.09431950747966766,
        0.10363457351922989,
        0.11327915638685226,
        0.12341595441102982
      ],
      "std_attention": [
        0.006555100902915001,
        0.006406765431165695,
        0.006643238477408886,
        0.007279097568243742,
        0.008434408344328403,
        0.01042170450091362,
        0.013108174316585064,
        0.015904296189546585,
        0.018469320610165596,
        0.02083561010658741,
        0.023070717230439186,
        0.025139274075627327,
        0.026928549632430077,
        0.02866971679031849,
        0.030487772077322006,
        0.033215004950761795,
        0.036805931478738785,
        0.04234416410326958,
        0.0508497916162014,
        0.06292388588190079
      ]
    },
    "2024": {
      "n_samples": 250,
      "entropy_mean": 2.575167417526245,
      "entropy_std": 0.2804488241672516,
      "attention_concentration": 0.07255859673023224,
      "top_features": [
        [
          "t-1",
          0.11904708296060562
        ],
        [
          "t-2",
          0.10620882362127304
        ],
        [
          "t-3",
          0.09655587375164032
        ],
        [
          "t-4",
          0.08818589895963669
        ],
        [
          "t-5",
          0.08055581152439117
        ]
      ],