{
  "period_statistics": {
    "2020": {
      "n_samples": 92,
      "entropy_mean": 2.945551633834839,
      "entropy_std": 0.05034727603197098,
      "attention_concentration": 0.05007084831595421,
      "top_features": [
        [
          "t-20",
          0.05664810910820961
        ],
        [
          "t-1",
          0.05211713910102844
        ],
        [
          "t-2",
          0.05157526582479477
        ],
        [
          "t-3",
          0.05107618868350983
        ],
        [
          "t-4",
          0.05069344490766525
        ]
      ],
      "mean_attention": [
        0.05664810910820961,
        0.05063054710626602,
        0.04899941757321358,
        0.04832417145371437,
        0.04818646237254143,
        0.04825199767947197,
        0.04846210032701492,
        0.04866333678364754,
        0.048910368233919144,
        0.04907147213816643,
        0.04923873767256737,
        0.04941067099571228,
        0.04960939660668373,
        0.04971356317400932,
        0.050058763474226,
        0.050358861684799194,
        0.05069344490766525,
        0.05107618868350983,
        0.05157526582479477,
        0.05211713910102844
      ],
      "std_attention": [
        0.025683773681521416,
        0.02077357843518257,
        0.01792898029088974,
        0.01615593396127224,
        0.015080309472978115,
        0.014475981704890728,
        0.01421273872256279,
        0.014108085073530674,
        0.014022152870893478,
        0.014059934765100479,
        0.014121940359473228,
        0.014273179695010185,
        0.014485148712992668,
        0.014733864925801754,
        0.015040392987430096,
        0.015491249971091747,
        0.016175253316760063,
        0.017091024667024612,
        0.018443727865815163,
        0.020022811368107796
      ]
    },
    "2021": {
      "n_samples": 250,
      "entropy_mean": 2.9595420360565186,
      "entropy_std": 0.03284067288041115,
      "attention_concentration": 0.05008315667510033,
      "top_features": [
        [
          "t-1",
          0.05317387729883194
        ],
        [
          "t-20",
          0.05283482000231743
        ],
        [
          "t-2",
          0.0527336448431015
        ],
        [
          "t-3",
          0.052349675446748734
        ],
        [
          "t-4",
          0.0519588440656662
        ]
      ],
      "mean_attention": [
        0.05283482000231743,
        0.04763929918408394,
        0.04687729850411415,
        0.04688369110226631,
        0.04727427288889885,
        0.04777226597070694,
        0.04827694594860077,
        0.048760056495666504,
        0.04918649047613144,
        0.049591582268476486,
        0.04996432363986969,
        0.050316281616687775,
        0.05066521465778351,
        0.0508958101272583,
        0.05124639347195625,
        0.05159918963909149,
        0.0519588440656662,
        0.052349675446748734,
        0.0527336448431015,
        0.05317387729883194
      ],
      "std_attention": [
        0.015144579112529755,
        0.013513286598026752,
        0.013059737160801888,
        0.012790864333510399,
        0.012796442955732346,
        0.012759435921907425,
        0.012763732112944126,
        0.012821965850889683,
        0.01285381056368351,
        0.012916098348796368,
        0.012971392832696438,
        0.013012554496526718,
        0.013072372414171696,
        0.013347284868359566,
        0.013487456366419792,
        0.0136796860024333,
        0.01384572871029377,
        0.014172501862049103,
        0.01462628785520792,
        0.015319474041461945
      ]
    },
    "2022": {
      "n_samples": 249,
      "entropy_mean": 2.977107048034668,
      "entropy_std": 0.011189798824489117,
      "attention_concentration": 0.05022204667329788,
      "top_features": [
        [
          "t-1",
          0.05583016574382782
        ],
        [
          "t-2",
          0.05504985153675079
        ],
        [
          "t-3",
          0.05428043007850647
        ],
        [
          "t-4",
          0.05352962389588356
        ],
        [
          "t-20",
          0.05350706726312637
        ]
      ],
      "mean_attention": [
        0.05350706726312637,
        0.0471283420920372,
        0.04571695625782013,
        0.0454179048538208,
        0.04566100984811783,
        0.04614650458097458,
        0.04675551503896713,
        0.04742857813835144,
        0.04807975888252258,
        0.048734042793512344,
        0.04940314218401909,
        0.05007758364081383,
        0.05075334757566452,
        0.05157974362373352,
        0.05211050435900688,
        0.052810024470090866,
        0.05352962389588356,
        0.05428043007850647,
        0.05504985153675079,
        0.05583016574382782
      ],
      "std_attention": [
        0.010901184752583504,
        0.009033394046127796,
        0.008416597731411457,
        0.008112660609185696,
        0.00794623140245676,
        0.007852095179259777,
        0.007811530027538538,
        0.007839408703148365,
        0.007894396781921387,
        0.007952910847961903,
        0.008024875074625015,
        0.008123720996081829,
        0.008242114447057247,
        0.0079923951998353,
        0.008432053029537201,
        0.008716779761016369,
        0.009083767421543598,
        0.0095473388209939,
        0.010104997083544731,
        0.010762865655124187
      ]
    },
    "2023": {
      "n_samples": 249,
      "entropy_mean": 2.986550807952881,
      "entropy_std": 0.004121734760701656,
      "attention_concentration": 0.05005618929862976,
      "top_features": [
        [
          "t-20",
          0.05391794443130493
        ],
        [
          "t-1",
          0.05231327563524246
        ],
        [
          "t-2",
          0.052036069333553314
        ],
        [
          "t-3",
          0.05174188315868378
        ],
        [
          "t-4",
          0.05144226923584938
        ]
      ],
      "mean_attention": [
        0.05391794443130493,
        0.04926414415240288,
        0.04816098138689995,
        0.047797370702028275,
        0.04782204329967499,
        0.04803904891014099,
        0.048335034400224686,
        0.04863208904862404,
        0.0489581935107708,
        0.04928647726774216,
        0.04959430545568466,
        0.04989614710211754,
        0.05019587278366089,
        0.0504986010491848,
        0.05092674866318703,
        0.05114149674773216,
        0.05144226923584938,
        0.05174188315868378,
        0.052036069333553314,
        0.05231327563524246
      ],
      "std_attention": [
        0.006292236037552357,
        0.005807186011224985,
        0.005725518800318241,
        0.00572169991210103,
        0.005756025668233633,
        0.005799407139420509,
        0.0058377403765916824,
        0.0058624474331736565,
        0.005902664735913277,
        0.005939975380897522,
        0.00597750348970294,
        0.0060176849365234375,
        0.006058929488062859,
        0.006095293443650007,
        0.005818186327815056,
        0.00598736060783267,
        0.006025730632245541,
        0.006088709458708763,
        0.00614755367860198,
        0.006226301193237305
      ]
    },
    "2024": {
      "n_samples": 250,
      "entropy_mean": 2.9892325401306152,
      "entropy_std": 0.003381989197805524,
      "attention_concentration": 0.050028521567583084,
      "top_features": [
        [
          "t-20",
          0.05340515449643135
        ],
        [
          "t-1",
          0.05146569013595581
        ],
        [
          "t-2",
          0.0512690395116806
        ],
        [
          "t-3",
          0.05106404796242714
        ],
        [
          "t-4",
          0.05085949972271919
        ]
      ],