{
  "evaluation_timestamp": "2025-10-16T23:54:38.193195",
  "statistical_metrics": {
    "mse": 1.202223539352417,
    "rmse": 1.0964595079421997,
    "mae": 0.7886959314346313,
    "mape": 182.6009750366211,
    "r2": -0.02163684368133545,
    "mean_error": 0.15599437057971954,
    "std_error": 1.0853060483932495
  },
  "financial_metrics": {
    "directional_accuracy": 0.46328125,
    "sharpe_ratio": 0.0,
    "max_drawdown": 0.0,
    "total_return": 0.0,
    "hit_rate": 0.0,
    "num_trades": 0,
    "precision": 0.0,
    "recall": 0.0,
    "f1_score": 0.0,
    "confusion_matrix": [
      [
        593,
        0
      ],
      [
        687,
        0
      ]
    ],
    "auc_roc": 0.4900734184113051,
    "alpha": -0.9216080904006958
  },
  "residual_diagnostics": {
    "normality_p_value": 3.4373786072660746e-40,
    "acf_lag1": -0.03522041380426368,
    "skewness": 0.08526170167855116,
    "kurtosis": 6.543022627058653
  },
  "checkpoint_used": "experiments/sweep2_hidden_8/checkpoints/tft-epoch=04-val_loss=0.1451.ckpt"
}