{
  "period_statistics": {
    "2020": {
      "n_samples": 92,
      "entropy_mean": 2.9948484897613525,
      "entropy_std": 0.00030379401869140565,
      "attention_concentration": 0.05000631883740425,
      "top_features": [
        [
          "t-20",
          0.051898293197155
        ],
        [
          "t-19",
          0.051098793745040894
        ],
        [
          "t-18",
          0.05032852292060852
        ],
        [
          "t-17",
          0.04999906197190285
        ],
        [
          "t-12",
          0.049980178475379944
        ]
      ],
      "mean_attention": [
        0.051898293197155,
        0.051098793745040894,
        0.05032852292060852,
        0.04999906197190285,
        0.049913112074136734,
        0.04992182180285454,
        0.04994964972138405,
        0.04997245594859123,
        0.049980178475379944,
        0.04997812584042549,
        0.049966149032115936,
        0.04994701221585274,
        0.04992389306426048,
        0.04984619840979576,
        0.049750685691833496,
        0.04966697841882706,
        0.04958542436361313,
        0.049505483359098434,
        0.04942447692155838,
        0.04934372007846832
      ],
      "std_attention": [
        0.0021518778521567583,
        0.0021360269747674465,
        0.002092680661007762,
        0.0020436292979866266,
        0.0020033936016261578,
        0.0019679968245327473,
        0.0019433742854744196,
        0.001927070552483201,
        0.0019130553118884563,
        0.0019074042793363333,
        0.001912071486003697,
        0.0019247637828812003,
        0.0019442180637270212,
        0.0019669889006763697,
        0.0020163252484053373,
        0.002052855445072055,
        0.002079988829791546,
        0.0021041114814579487,
        0.0021251204889267683,
        0.002139677759259939
      ]
    },
    "2021": {
      "n_samples": 250,
      "entropy_mean": 2.993539810180664,
      "entropy_std": 0.0025775402318686247,
      "attention_concentration": 0.050032731145620346,
      "top_features": [
        [
          "t-20",
          0.05429869517683983
        ],
        [
          "t-19",
          0.05230642855167389
        ],
        [
          "t-18",
          0.05106639862060547
        ],
        [
          "t-17",
          0.050491899251937866
        ],
        [
          "t-16",
          0.0502345971763134
        ]
      ],
      "mean_attention": [
        0.05429869517683983,
        0.05230642855167389,
        0.05106639862060547,
        0.050491899251937866,
        0.0502345971763134,
        0.05009625107049942,
        0.0500088632106781,
        0.049923744052648544,
        0.04983782023191452,
        0.04975471273064613,
        0.04966646432876587,
        0.04957059398293495,
        0.04947376251220703,
        0.04938587546348572,
        0.049267109483480453,
        0.04915142431855202,
        0.04903198406100273,
        0.04891768842935562,
        0.04881111532449722,
        0.04870446026325226
      ],
      "std_attention": [
        0.004209121223539114,
        0.0036350716836750507,
        0.003267173422500491,
        0.00305474572815001,
        0.0029275682754814625,
        0.0028325447347015142,
        0.00277150166220963,
        0.0027210067491978407,
        0.002688555046916008,
        0.0026857827324420214,
        0.0027025449089705944,
        0.002734346780925989,
        0.0027798267547041178,
        0.0028309719637036324,
        0.002932958072051406,
        0.003023561555892229,
        0.0031214759219437838,
        0.003216500859707594,
        0.0033037420362234116,
        0.0033977925777435303
      ]
    },
    "2022": {
      "n_samples": 249,
      "entropy_mean": 2.992462635040283,
      "entropy_std": 0.0013728839112445712,
      "attention_concentration": 0.050031401216983795,
      "top_features": [
        [
          "t-20",
          0.054079569876194
        ],
        [
          "t-19",
          0.05194251611828804
        ],
        [
          "t-18",
          0.05098629370331764
        ],
        [
          "t-17",
          0.05063580721616745
        ],
        [
          "t-16",
          0.050473980605602264
        ]
      ],
      "mean_attention": [
        0.054079569876194,
        0.05194251611828804,
        0.05098629370331764,
        0.05063580721616745,
        0.050473980605602264,
        0.050367701798677444,
        0.050250161439180374,
        0.05013086646795273,
        0.050004150718450546,
        0.04986628144979477,
        0.049726128578186035,
        0.04959145560860634,
        0.04945593699812889,
        0.04932998865842819,
        0.049221571534872055,
        0.04907092824578285,
        0.04893087223172188,
        0.0487896166741848,
        0.048644550144672394,
        0.048501644283533096
      ],
      "std_attention": [
        0.005008690059185028,
        0.004415868315845728,
        0.004048599861562252,
        0.0038771324325352907,
        0.003780708182603121,
        0.0037240677047520876,
        0.003675778629258275,
        0.0036519162822514772,
        0.003641610499471426,
        0.0036340176593512297,
        0.0036324793472886086,
        0.0036414891947060823,
        0.003652973799034953,
        0.0036733245942741632,
        0.003649213584139943,
        0.003681791480630636,
        0.0036945086903870106,
        0.003714196849614382,
        0.003738182131201029,
        0.0037519957404583693
      ]
    },
    "2023": {
      "n_samples": 249,
      "entropy_mean": 2.985517740249634,
      "entropy_std": 0.004393830429762602,
      "attention_concentration": 0.05001464858651161,
      "top_features": [
        [
          "t-20",
          0.05333505570888519
        ],
        [
          "t-19",
          0.05118502303957939
        ],
        [
          "t-18",
          0.05019990727305412
        ],
        [
          "t-14",
          0.04995116963982582
        ],
        [
          "t-15",
          0.04994311183691025
        ]
      ],
      "mean_attention": [
        0.05333505570888519,
        0.05118502303957939,
        0.05019990727305412,
        0.04993496835231781,
        0.04991863667964935,
        0.04994311183691025,
        0.04995116963982582,
        0.049931351095438004,
        0.04989679530262947,
        0.04985679313540459,
        0.049817439168691635,
        0.049776382744312286,
        0.04972798004746437,
        0.04968010634183884,
        0.049648892134428024,
        0.04961751401424408,
        0.049524903297424316,
        0.049435488879680634,
        0.04935169592499733,
        0.049266766756772995
      ],
      "std_attention": [
        0.00886979978531599,
        0.008127385750412941,
        0.007601482328027487,
        0.007291705347597599,
        0.007086632307618856,
        0.006932382006198168,
        0.006809018086642027,
        0.006709996145218611,
        0.006636589299887419,
        0.0065937829203903675,
        0.006580337416380644,
        0.0065909787081182,
        0.006616294849663973,
        0.006660125218331814,
        0.006724381819367409,
        0.006755049806088209,
        0.006858603563159704,
        0.006970171816647053,
        0.007089410442858934,
        0.007233654148876667
      ]
    },
    "2024": {
      "n_samples": 250,
      "entropy_mean": 2.985250234603882,
      "entropy_std": 0.006714338436722755,
      "attention_concentration": 0.050031501799821854,
      "top_features": [
        [
          "t-20",
          0.05379119887948036
        ],
        [
          "t-19",
          0.05183792859315872
        ],
        [
          "t-18",
          0.05090807005763054
        ],
        [
          "t-17",
          0.05061815306544304
        ],
        [
          "t-16",
          0.05055155232548714
        ]
      ],