{
  "period_statistics": {
    "2020": {
      "n_samples": 92,
      "entropy_mean": 2.619185209274292,
      "entropy_std": 0.340742290019989,
      "attention_concentration": 0.0685509443283081,
      "top_features": [
        [
          "t-1",
          0.14580650627613068
        ],
        [
          "t-2",
          0.1103544682264328
        ],
        [
          "t-3",
          0.08373145014047623
        ],
        [
          "t-4",
          0.06556017696857452
        ],
        [
          "t-5",
          0.053852494806051254
        ]
      ],
      "mean_attention": [
        0.017103401944041252,
        0.01927492767572403,
        0.021913394331932068,
        0.026366103440523148,
        0.03178629279136658,
        0.036996856331825256,
        0.0409659780561924,
        0.043034374713897705,
        0.043863002210855484,
        0.04343877732753754,
        0.042617421597242355,
        0.041835982352495193,
        0.041661057621240616,
        0.04304896667599678,
        0.04678839072585106,
        0.053852494806051254,
        0.06556017696857452,
        0.08373145014047623,
        0.1103544682264328,
        0.14580650627613068
      ],
      "std_attention": [
        0.016237124800682068,
        0.01732543297111988,
        0.018355587497353554,
        0.021245278418064117,
        0.025469018146395683,
        0.029289035126566887,
        0.03129493445158005,
        0.03118330053985119,
        0.030617747455835342,
        0.029485255479812622,
        0.028627732768654823,
        0.027908699586987495,
        0.02766336314380169,
        0.02805490419268608,
        0.02968660555779934,
        0.033307380974292755,
        0.04003359004855156,
        0.05213077366352081,
        0.0762111246585846,
        0.1166732981801033
      ]
    },
    "2021": {
      "n_samples": 250,
      "entropy_mean": 2.659698247909546,
      "entropy_std": 0.40665727853775024,
      "attention_concentration": 0.05433851107954979,
      "top_features": [
        [
          "t-1",
          0.09200869500637054
        ],
        [
          "t-2",
          0.07711196690797806
        ],
        [
          "t-3",
          0.06576916575431824
        ],
        [
          "t-4",
          0.057846568524837494
        ],
        [
          "t-5",
          0.052999671548604965
        ]
      ],
      "mean_attention": [
        0.027201026678085327,
        0.0296024139970541,
        0.03263899311423302,
        0.036854181438684464,
        0.04139082878828049,
        0.0453256256878376,
        0.048043135553598404,
        0.04949536174535751,
        0.05001140758395195,
        0.049628663808107376,
        0.0490371510386467,
        0.04827764630317688,
        0.04818824678659439,
        0.04856857284903526,
        0.05000067874789238,
        0.052999671548604965,
        0.057846568524837494,
        0.06576916575431824,
        0.07711196690797806,
        0.09200869500637054
      ],
      "std_attention": [
        0.018526768311858177,
        0.02168096788227558,
        0.02315305732190609,
        0.02662140130996704,
        0.031022263690829277,
        0.034929268062114716,
        0.037529107183218,
        0.038686905056238174,
        0.03914627805352211,
        0.0389522947371006,
        0.03877737745642662,
        0.038368742913007736,
        0.03893600031733513,
        0.040461890399456024,
        0.04314178600907326,
        0.04720700532197952,
        0.05282215401530266,
        0.06512254476547241,
        0.0899321511387825,
        0.11925245076417923
      ]
    },
    "2022": {
      "n_samples": 249,
      "entropy_mean": 2.6931726932525635,
      "entropy_std": 0.3131904900074005,
      "attention_concentration": 0.059903718531131744,
      "top_features": [
        [
          "t-1",
          0.11269107460975647
        ],
        [
          "t-2",
          0.09260580688714981
        ],
        [
          "t-3",
          0.07733125239610672
        ],
        [
          "t-4",
          0.06581798940896988
        ],
        [
          "t-5",
          0.05733320116996765
        ]
      ],
      "mean_attention": [
        0.021451953798532486,
        0.023156961426138878,
        0.025155747309327126,
        0.02934866026043892,
        0.03400494530797005,
        0.038300275802612305,
        0.04203880578279495,
        0.04494553431868553,
        0.04648832231760025,
        0.04723180830478668,
        0.04740586504340172,
        0.0472683347761631,
        0.04726351425051689,
        0.04854453355073929,
        0.05161541700363159,
        0.05733320116996765,
        0.06581798940896988,
        0.07733125239610672,
        0.09260580688714981,
        0.11269107460975647
      ],
      "std_attention": [
        0.021078502759337425,
        0.019471459090709686,
        0.01999756135046482,
        0.02274230495095253,
        0.025372544303536415,
        0.02788798324763775,
        0.029868103563785553,
        0.03121558204293251,
        0.03128114715218544,
        0.03024706058204174,
        0.028543097898364067,
        0.026998691260814667,
        0.025977805256843567,
        0.026479991152882576,
        0.028086943551898003,
        0.031710848212242126,
        0.03810582682490349,
        0.04822452738881111,
        0.06679399311542511,
        0.10237216204404831
      ]
    },
    "2023": {
      "n_samples": 249,
      "entropy_mean": 2.8668487071990967,
      "entropy_std": 0.16931164264678955,
      "attention_concentration": 0.050658151507377625,
      "top_features": [
        [
          "t-1",
          0.06009642034769058
        ],
        [
          "t-2",
          0.05745498463511467
        ],
        [
          "t-3",
          0.05544900521636009
        ],
        [
          "t-4",
          0.05399103835225105
        ],
        [
          "t-5",
          0.052772603929042816
        ]
      ],
      "mean_attention": [
        0.03803301602602005,
        0.038855236023664474,
        0.04055628180503845,
        0.04329509660601616,
        0.04604364186525345,
        0.04846784472465515,
        0.050356872379779816,
        0.05142661929130554,
        0.052112456411123276,
        0.05236005410552025,
        0.0521274171769619,
        0.051737383008003235,
        0.05144926533102989,
        0.05148422718048096,
        0.051930565387010574,
        0.052772603929042816,
        0.05399103835225105,
        0.05544900521636009,
        0.05745498463511467,
        0.06009642034769058
      ],
      "std_attention": [
        0.01920110546052456,
        0.018787886947393417,
        0.018834121525287628,
        0.02012793906033039,
        0.021810604259371758,
        0.023386843502521515,
        0.02442755363881588,
        0.024578386917710304,
        0.02486436441540718,
        0.024831201881170273,
        0.024620607495307922,
        0.024398183450102806,
        0.02449280396103859,
        0.02501046657562256,
        0.026100903749465942,
        0.027995072305202484,
        0.03070514276623726,
        0.03398909047245979,
        0.0405617393553257,
        0.049382150173187256
      ]
    },
    "2024": {
      "n_samples": 250,
      "entropy_mean": 2.7999212741851807,
      "entropy_std": 0.4263625741004944,
      "attention_concentration": 0.0514020137488842,
      "top_features": [
        [
          "t-1",
          0.06975679844617844
        ],
        [
          "t-2",
          0.06528418511152267
        ],
        [
          "t-3",
          0.06215011328458786
        ],
        [
          "t-4",
          0.05910535901784897
        ],
        [
          "t-5",
          0.05612030625343323
        ]
      ],