{
  "period_statistics": {
    "2020": {
      "n_samples": 92,
      "entropy_mean": 2.9815566539764404,
      "entropy_std": 0.0045967111364007,
      "attention_concentration": 0.05001536011695862,
      "top_features": [
        [
          "t-1",
          0.05181872844696045
        ],
        [
          "t-2",
          0.05152811110019684
        ],
        [
          "t-3",
          0.05125913769006729
        ],
        [
          "t-4",
          0.051025573164224625
        ],
        [
          "t-5",
          0.050823766738176346
        ]
      ],
      "mean_attention": [
        0.04972583428025246,
        0.04899083450436592,
        0.04874739423394203,
        0.04899314045906067,
        0.049218323081731796,
        0.04935937374830246,
        0.049453187733888626,
        0.04951345548033714,
        0.049579210579395294,
        0.04962220788002014,
        0.049671389162540436,
        0.04973987862467766,
        0.04981701448559761,
        0.050464510917663574,
        0.05064895749092102,
        0.050823766738176346,
        0.051025573164224625,
        0.05125913769006729,
        0.05152811110019684,
        0.05181872844696045
      ],
      "std_attention": [
        0.00916256569325924,
        0.008301720023155212,
        0.008357327431440353,
        0.008454724214971066,
        0.008568069897592068,
        0.00863656960427761,
        0.008665665984153748,
        0.008699793368577957,
        0.008718110620975494,
        0.008733919821679592,
        0.008746961131691933,
        0.0087736826390028,
        0.008746658451855183,
        0.009960046969354153,
        0.009984353557229042,
        0.010053942911326885,
        0.01009384822100401,
        0.010190317407250404,
        0.010297215543687344,
        0.010443214327096939
      ]
    },
    "2021": {
      "n_samples": 250,
      "entropy_mean": 2.9725513458251953,
      "entropy_std": 0.008257638663053513,
      "attention_concentration": 0.050034791231155396,
      "top_features": [
        [
          "t-1",
          0.052492983639240265
        ],
        [
          "t-2",
          0.052150920033454895
        ],
        [
          "t-3",
          0.0518094040453434
        ],
        [
          "t-4",
          0.05148365721106529
        ],
        [
          "t-5",
          0.051173657178878784
        ]
      ],
      "mean_attention": [
        0.04809983819723129,
        0.048134543001651764,
        0.048213258385658264,
        0.04855373874306679,
        0.048841442912817,
        0.049078237265348434,
        0.04925848916172981,
        0.04941971227526665,
        0.04957682639360428,
        0.04973693937063217,
        0.04991983622312546,
        0.05013544484972954,
        0.05037711560726166,
        0.050644293427467346,
        0.05089974030852318,
        0.051173657178878784,
        0.05148365721106529,
        0.0518094040453434,
        0.052150920033454895,
        0.052492983639240265
      ],
      "std_attention": [
        0.011053213849663734,
        0.011469240300357342,
        0.011438422836363316,
        0.011516649276018143,
        0.011566437780857086,
        0.011611536145210266,
        0.011656098999083042,
        0.011668210849165916,
        0.011691249907016754,
        0.011720018461346626,
        0.011781440116465092,
        0.011866251938045025,
        0.011968386359512806,
        0.012160593643784523,
        0.012265891768038273,
        0.012375281192362309,
        0.012561858631670475,
        0.012731831520795822,
        0.012977826409041882,
        0.013136982917785645
      ]
    },
    "2022": {
      "n_samples": 249,
      "entropy_mean": 2.9803740978240967,
      "entropy_std": 0.0066443742252886295,
      "attention_concentration": 0.05004750192165375,
      "top_features": [
        [
          "t-1",
          0.05292399600148201
        ],
        [
          "t-2",
          0.05249599739909172
        ],
        [
          "t-3",
          0.05208595097064972
        ],
        [
          "t-4",
          0.05170528590679169
        ],
        [
          "t-5",
          0.05135367810726166
        ]
      ],
      "mean_attention": [
        0.04743456095457077,
        0.04764041677117348,
        0.04799717292189598,
        0.04844541847705841,
        0.04879321902990341,
        0.049031373113393784,
        0.049229755997657776,
        0.04940951243042946,
        0.0495772585272789,
        0.04976631700992584,
        0.04997716099023819,
        0.05019664391875267,
        0.050435442477464676,
        0.05049110949039459,
        0.05100971832871437,
        0.05135367810726166,
        0.05170528590679169,
        0.05208595097064972,
        0.05249599739909172,
        0.05292399600148201
      ],
      "std_attention": [
        0.00858266744762659,
        0.009107667952775955,
        0.009246112778782845,
        0.00934754777699709,
        0.009394192136824131,
        0.009403019212186337,
        0.009388572536408901,
        0.009371407330036163,
        0.009352851659059525,
        0.009381231851875782,
        0.009411977604031563,
        0.00942235067486763,
        0.009451801888644695,
        0.00899514276534319,
        0.009703458286821842,
        0.009846283122897148,
        0.010005919262766838,
        0.010186064057052135,
        0.010394849814474583,
        0.01061165053397417
      ]
    },
    "2023": {
      "n_samples": 249,
      "entropy_mean": 2.9276235103607178,
      "entropy_std": 0.03547786921262741,
      "attention_concentration": 0.05000578612089157,
      "top_features": [
        [
          "t-1",
          0.05110961198806763
        ],
        [
          "t-2",
          0.05103805661201477
        ],
        [
          "t-3",
          0.05084926635026932
        ],
        [
          "t-4",
          0.05069080740213394
        ],
        [
          "t-5",
          0.050543367862701416
        ]
      ],
      "mean_attention": [
        0.04940284043550491,
        0.04924912005662918,
        0.04934346675872803,
        0.049538832157850266,
        0.049661897122859955,
        0.049731284379959106,
        0.04976329579949379,
        0.04976911097764969,
        0.04978780820965767,
        0.04983037710189819,
        0.04986170679330826,
        0.049897465854883194,
        0.04995878413319588,
        0.050049226731061935,
        0.04992376267910004,
        0.050543367862701416,
        0.05069080740213394,
        0.05084926635026932,
        0.05103805661201477,
        0.05110961198806763
      ],
      "std_attention": [
        0.0198780857026577,
        0.02145581878721714,
        0.021610837429761887,
        0.021862365305423737,
        0.0220202524214983,
        0.022128956392407417,
        0.022222893312573433,
        0.022295674309134483,
        0.022357087582349777,
        0.02244975045323372,
        0.022505519911646843,
        0.022566812112927437,
        0.022657543420791626,
        0.02282058075070381,
        0.02272174134850502,
        0.02418936975300312,
        0.024363135918974876,
        0.024561764672398567,
        0.024874042719602585,
        0.024447033181786537
      ]
    },
    "2024": {
      "n_samples": 250,
      "entropy_mean": 2.921459913253784,
      "entropy_std": 0.03213105350732803,
      "attention_concentration": 0.05001608654856682,
      "top_features": [
        [
          "t-1",
          0.05157536640763283
        ],
        [
          "t-2",
          0.05134937912225723
        ],
        [
          "t-3",
          0.05111146345734596
        ],
        [
          "t-6",
          0.051091816276311874
        ],
        [
          "t-4",
          0.05092032998800278
        ]
      ],