{
  "period_statistics": {
    "2020": {
      "n_samples": 92,
      "entropy_mean": 2.9763033390045166,
      "entropy_std": 0.021504715085029602,
      "attention_concentration": 0.05005114525556564,
      "top_features": [
        [
          "t-1",
          0.05138047784566879
        ],
        [
          "t-2",
          0.051141198724508286
        ],
        [
          "t-3",
          0.05092113837599754
        ],
        [
          "t-4",
          0.05077645927667618
        ],
        [
          "t-15",
          0.050682492554187775
        ]
      ],
      "mean_attention": [
        0.04432406276464462,
        0.04680829495191574,
        0.048933785408735275,
        0.050151437520980835,
        0.05060826614499092,
        0.050682492554187775,
        0.05060955882072449,
        0.050480056554079056,
        0.05040691792964935,
        0.0503065288066864,
        0.050241827964782715,
        0.05022578686475754,
        0.05022749677300453,
        0.050493188202381134,
        0.05060525983572006,
        0.050675760954618454,
        0.05077645927667618,
        0.05092113837599754,
        0.051141198724508286,
        0.05138047784566879
      ],
      "std_attention": [
        0.0100250244140625,
        0.010231663472950459,
        0.010235913097858429,
        0.00986442156136036,
        0.00948326662182808,
        0.009193486534059048,
        0.00898193009197712,
        0.008843672461807728,
        0.008824342861771584,
        0.008836571127176285,
        0.008913394995033741,
        0.009077107533812523,
        0.009276925586163998,
        0.009732509963214397,
        0.010062156245112419,
        0.010494380258023739,
        0.011100811883807182,
        0.011908872984349728,
        0.01299776416271925,
        0.014250718057155609
      ]
    },
    "2021": {
      "n_samples": 250,
      "entropy_mean": 2.9662375450134277,
      "entropy_std": 0.05163760110735893,
      "attention_concentration": 0.05007922649383545,
      "top_features": [
        [
          "t-1",
          0.052862491458654404
        ],
        [
          "t-2",
          0.0522979237139225
        ],
        [
          "t-3",
          0.05175575241446495
        ],
        [
          "t-4",
          0.05128016695380211
        ],
        [
          "t-5",
          0.050982240587472916
        ]
      ],
      "mean_attention": [
        0.04375226050615311,
        0.04616421461105347,
        0.04800451546907425,
        0.04923425242304802,
        0.049907196313142776,
        0.050211843103170395,
        0.0502769909799099,
        0.05026828870177269,
        0.05024915188550949,
        0.05022492632269859,
        0.05026453360915184,
        0.050356123596429825,
        0.0505320243537426,
        0.05061522498726845,
        0.05075988918542862,
        0.050982240587472916,
        0.05128016695380211,
        0.05175575241446495,
        0.0522979237139225,
        0.052862491458654404
      ],
      "std_attention": [
        0.0099694998934865,
        0.01133363414555788,
        0.01177611667662859,
        0.011689183302223682,
        0.01153062004595995,
        0.011304489336907864,
        0.011192340403795242,
        0.011101126670837402,
        0.011100717820227146,
        0.011172276921570301,
        0.011329953558743,
        0.01147746853530407,
        0.011747839860618114,
        0.012019903399050236,
        0.012440180405974388,
        0.013222635723650455,
        0.014080578461289406,
        0.016140708699822426,
        0.018808454275131226,
        0.021535806357860565
      ]
    },
    "2022": {
      "n_samples": 249,
      "entropy_mean": 2.9031317234039307,
      "entropy_std": 0.07372409105300903,
      "attention_concentration": 0.05071992427110672,
      "top_features": [
        [
          "t-1",
          0.062491193413734436
        ],
        [
          "t-2",
          0.06009910628199577
        ],
        [
          "t-3",
          0.058100130409002304
        ],
        [
          "t-4",
          0.056317154318094254
        ],
        [
          "t-5",
          0.05477507784962654
        ]
      ],
      "mean_attention": [
        0.03824515640735626,
        0.04211054742336273,
        0.04423588141798973,
        0.045245587825775146,
        0.0457979179918766,
        0.0461614653468132,
        0.046625033020973206,
        0.04723743721842766,
        0.047797396779060364,
        0.0484551265835762,
        0.049281034618616104,
        0.05019338056445122,
        0.0511535108089447,
        0.05225859954953194,
        0.053419262170791626,
        0.05477507784962654,
        0.056317154318094254,
        0.058100130409002304,
        0.06009910628199577,
        0.062491193413734436
      ],
      "std_attention": [
        0.02175426483154297,
        0.022522203624248505,
        0.021708190441131592,
        0.020345868542790413,
        0.019054140895605087,
        0.017979128286242485,
        0.01727190800011158,
        0.017030009999871254,
        0.01683817245066166,
        0.016767075285315514,
        0.017038527876138687,
        0.01760181225836277,
        0.01834104023873806,
        0.0194416306912899,
        0.020531129091978073,
        0.02201598323881626,
        0.02424951270222664,
        0.027121657505631447,
        0.03055482544004917,
        0.03541748970746994
      ]
    },
    "2023": {
      "n_samples": 249,
      "entropy_mean": 2.9813878536224365,
      "entropy_std": 0.019070258364081383,
      "attention_concentration": 0.050019171088933945,
      "top_features": [
        [
          "t-15",
          0.05125213786959648
        ],
        [
          "t-14",
          0.051187001168727875
        ],
        [
          "t-16",
          0.05111011490225792
        ],
        [
          "t-13",
          0.05093899369239807
        ],
        [
          "t-12",
          0.05073448643088341
        ]
      ],
      "mean_attention": [
        0.046855054795742035,
        0.04854663833975792,
        0.04978475347161293,
        0.05067218095064163,
        0.05111011490225792,
        0.05125213786959648,
        0.051187001168727875,
        0.05093899369239807,
        0.05073448643088341,
        0.050557732582092285,
        0.05033353343605995,
        0.05011824890971184,
        0.04992426186800003,
        0.049774933606386185,
        0.04971873387694359,
        0.0496789924800396,
        0.04967885836958885,
        0.04968288913369179,
        0.04971001297235489,
        0.049740519374608994
      ],
      "std_attention": [
        0.008392379619181156,
        0.008626858703792095,
        0.0087127685546875,
        0.00859068799763918,
        0.008329462260007858,
        0.008094487711787224,
        0.007950861938297749,
        0.0076654404401779175,
        0.007658322341740131,
        0.007709509693086147,
        0.007773427292704582,
        0.007867937907576561,
        0.008013959042727947,
        0.008203110657632351,
        0.008466223254799843,
        0.008851086720824242,
        0.009317112155258656,
        0.00988820567727089,
        0.010774384252727032,
        0.011681832373142242
      ]
    },
    "2024": {
      "n_samples": 250,
      "entropy_mean": 2.965986728668213,
      "entropy_std": 0.08883959800004959,
      "attention_concentration": 0.05003637820482254,
      "top_features": [
        [
          "t-1",
          0.052332401275634766
        ],
        [
          "t-2",
          0.05198180675506592
        ],
        [
          "t-3",
          0.051656972616910934
        ],
        [
          "t-4",
          0.05139333754777908
        ],
        [
          "t-5",
          0.05112113058567047
        ]
      ],