
[INFO] Using AUTO device selection.

[INFO] Patched matplotlib.Axes.errorbar to abs() negative yerr for robustness.
======================================================================
Training TFT: 12c_h1_rolling/market_only_daily_h1_h14/fold_2023
======================================================================
Logging to: experiments/12c_h1_rolling/market_only_daily_h1_h14/fold_2023/training_20251214_045432.log
Started at: 2025-12-14 04:54:32
======================================================================

Loading data splits...
Train: 2468 samples
Val: 219 samples
Test: 219 samples

Preparing TimeSeriesDataSet...

Final features for TFT: ['SP500_Returns', 'VIX', 'Treasury_10Y', 'Yield_Spread', 'SP500_Volatility', 'cumret_5', 'cumret_10', 'cumret_20', 'cumret_30']

======================================================================
FEATURE STATISTICS - BEFORE NORMALIZATION
======================================================================
VIX                             mean= 17.0304  std=  6.8380  min=  9.1400  max= 82.6900
Treasury_10Y                    mean=  2.0447  std=  0.6092  min=  0.5200  max=  3.2400
Yield_Spread                    mean=  1.1302  std=  0.6627  min= -0.0400  max=  2.6600
SP500_Volatility                mean=  0.8443  std=  0.6081  min=  0.2092  max=  6.1182

======================================================================
TARGET CONFIGURATION
======================================================================
Target variable: SP500_Returns
  Mode: Point return prediction (single-step)
  Target stats: mean=0.0595, std=1.0311
  Dropping unused cumret columns: ['cumret_5', 'cumret_10', 'cumret_20', 'cumret_30']
======================================================================

======================================================================
FEATURES AFTER GROUPNORMALIZER (first batch, last timestep)
======================================================================
VIX                             normalized_value=  1.0000
Treasury_10Y                    normalized_value= -0.0500
Yield_Spread                    normalized_value= -0.6875
SP500_Volatility                normalized_value= -0.4346
======================================================================

Configuration saved to: experiments/12c_h1_rolling/market_only_daily_h1_h14/fold_2023/config.json
[DEBUG] VIX train values: [22.97 22.22 21.48 20.63 21.07]
[DEBUG] VIX val values: [16.6  16.91 19.73 19.61 18.76]
Batches per epoch: 38
[DEBUG] Validation batches: 4
[DEBUG] Validation dataset size: 199
[DEBUG] Batch size: 64

Initializing model...

Quantile configuration: 7q
  Quantiles: [0.02, 0.1, 0.25, 0.5, 0.75, 0.9, 0.98]
  Output size: 7
  Median index: 3

Using standard QuantileLoss (no penalties)

[REGIME OUTPUT] Disabled (using baseline output layer)

[STALENESS ATTENTION] Disabled

================================================================================
BASELINE MODEL FEATURE CONFIGURATION (after from_dataset)
================================================================================
tft.hparams.time_varying_reals_encoder: ['relative_time_idx', 'VIX', 'Treasury_10Y', 'Yield_Spread', 'SP500_Volatility']
  Count: 5

tft.hparams.time_varying_reals_decoder: ['relative_time_idx']
  Count: 1

tft.hparams.x_reals (all reals passed to model): ['encoder_length', 'relative_time_idx', 'VIX', 'Treasury_10Y', 'Yield_Spread', 'SP500_Volatility']
  Count: 6

Encoder VSN configuration:
  num_inputs: 5
  input_sizes: {'relative_time_idx': 16, 'VIX': 16, 'Treasury_10Y': 16, 'Yield_Spread': 16, 'SP500_Volatility': 16}
  flattened_grn.fc1: in_features=80, out_features=5
  -> Params in fc1: 400 (should be 5*16*5=400 if 5 features)
================================================================================

Model parameters: 18,184

Starting training...
Checkpoints will be saved to: experiments/12c_h1_rolling/market_only_daily_h1_h14/fold_2023/checkpoints/
Logs will be saved to: experiments/12c_h1_rolling/market_only_daily_h1_h14/fold_2023/logs/

[DEBUG CollapseMonitor] on_validation_epoch_start called for epoch 0
[DEBUG CollapseMonitor] reset_temporal_state() called on loss function
Epoch 0: val_loss=N/A
[DEBUG CollapseMonitor] on_validation_epoch_start called for epoch 0
[DEBUG CollapseMonitor] reset_temporal_state() called on loss function
Epoch 0: val_loss=1.4519188404083252
Epoch 0: train_loss=0.9438313841819763

[CollapseMonitor] Epoch 0
  [DEBUG] Processed 4 batches from val_dataloader
  [DEBUG] Predictions shape after concat: (199,)
  Pred std: 0.009985, range: 0.052026, mean: -0.075865
  Pos: 0.0%, Neg: 100.0%, Unique: 198
  Dir Acc: 55.28%, Pred Sharpe: -120.6080
  Composite: 0.4292 (dist_match: 0.5528, actual_pos: 44.7%, pred_pos: 0.0%)
  Collapse penalty: 0.000000 (threshold: 0.005000)
  Saved validation predictions to: experiments/12c_h1_rolling/market_only_daily_h1_h14/fold_2023/collapse_monitoring/val_predictions_epoch0.npy
  Gradient norms:
    lstm_encoder: 0.012109
    lstm_decoder: 0.017349
    output_layer: 0.945213
  VSN output std:
    encoder: 0.157935
  Attention entropy: 2.984675
  Saved to: experiments/12c_h1_rolling/market_only_daily_h1_h14/fold_2023/collapse_monitoring/collapse_monitor_latest.json
[DEBUG CollapseMonitor] on_validation_epoch_start called for epoch 1
[DEBUG CollapseMonitor] reset_temporal_state() called on loss function
Epoch 1: val_loss=1.4087353944778442
Epoch 1: train_loss=0.9062179923057556

[CollapseMonitor] Epoch 1
  [DEBUG] Processed 4 batches from val_dataloader
  [DEBUG] Predictions shape after concat: (199,)
  Pred std: 0.007089, range: 0.034699, mean: -0.156664
  Pos: 0.0%, Neg: 100.0%, Unique: 199
  Dir Acc: 55.28%, Pred Sharpe: -350.8324
  Composite: 0.4292 (dist_match: 0.5528, actual_pos: 44.7%, pred_pos: 0.0%)
  Collapse penalty: 0.000000 (threshold: 0.005000)
  Saved validation predictions to: experiments/12c_h1_rolling/market_only_daily_h1_h14/fold_2023/collapse_monitoring/val_predictions_epoch1.npy
  Gradient norms:
    lstm_encoder: 0.011799
    lstm_decoder: 0.015982
    output_layer: 0.920937
  VSN output std:
    encoder: 0.161361
  Attention entropy: 2.986112
  Saved to: experiments/12c_h1_rolling/market_only_daily_h1_h14/fold_2023/collapse_monitoring/collapse_monitor_latest.json
[DEBUG CollapseMonitor] on_validation_epoch_start called for epoch 2
[DEBUG CollapseMonitor] reset_temporal_state() called on loss function
Epoch 2: val_loss=1.3619273900985718
Epoch 2: train_loss=0.8529435992240906

[CollapseMonitor] Epoch 2
  [DEBUG] Processed 4 batches from val_dataloader
  [DEBUG] Predictions shape after concat: (199,)
  Pred std: 0.005632, range: 0.025986, mean: -0.193666
  Pos: 0.0%, Neg: 100.0%, Unique: 198
  Dir Acc: 55.28%, Pred Sharpe: -545.8627
  Composite: 0.4292 (dist_match: 0.5528, actual_pos: 44.7%, pred_pos: 0.0%)
  Collapse penalty: 0.000000 (threshold: 0.005000)
  Saved validation predictions to: experiments/12c_h1_rolling/market_only_daily_h1_h14/fold_2023/collapse_monitoring/val_predictions_epoch2.npy
  Gradient norms:
    lstm_encoder: 0.011275
    lstm_decoder: 0.014591
    output_layer: 0.887447
  VSN output std:
    encoder: 0.166514
  Attention entropy: 2.987634
  Saved to: experiments/12c_h1_rolling/market_only_daily_h1_h14/fold_2023/collapse_monitoring/collapse_monitor_latest.json
[DEBUG CollapseMonitor] on_validation_epoch_start called for epoch 3
[DEBUG CollapseMonitor] reset_temporal_state() called on loss function
Epoch 3: val_loss=1.298727035522461
Epoch 3: train_loss=0.7921427488327026

[CollapseMonitor] Epoch 3
  [DEBUG] Processed 4 batches from val_dataloader
  [DEBUG] Predictions shape after concat: (199,)
  Pred std: 0.004910, range: 0.023456, mean: -0.207789
  Pos: 0.0%, Neg: 100.0%, Unique: 198
  Dir Acc: 55.28%, Pred Sharpe: -671.8076
  Composite: 0.4292 (dist_match: 0.5528, actual_pos: 44.7%, pred_pos: 0.0%)
  Collapse penalty: 0.000000 (threshold: 0.005000)
  Saved validation predictions to: experiments/12c_h1_rolling/market_only_daily_h1_h14/fold_2023/collapse_monitoring/val_predictions_epoch3.npy
  Gradient norms:
    lstm_encoder: 0.011619
    lstm_decoder: 0.013699
    output_layer: 0.835075
  VSN output std:
    encoder: 0.175522
  Attention entropy: 2.989555
  Saved to: experiments/12c_h1_rolling/market_only_daily_h1_h14/fold_2023/collapse_monitoring/collapse_monitor_latest.json
[DEBUG CollapseMonitor] on_validation_epoch_start called for epoch 4
[DEBUG CollapseMonitor] reset_temporal_state() called on loss function
Epoch 4: val_loss=1.2302954196929932
Epoch 4: train_loss=0.7189808487892151

[CollapseMonitor] Epoch 4
  [DEBUG] Processed 4 batches from val_dataloader
  [DEBUG] Predictions shape after concat: (199,)
  Pred std: 0.004506, range: 0.020906, mean: -0.196205
  Pos: 0.0%, Neg: 100.0%, Unique: 198
  Dir Acc: 55.28%, Pred Sharpe: -691.2173
  Composite: 0.4292 (dist_match: 0.5528, actual_pos: 44.7%, pred_pos: 0.0%)
  Collapse penalty: 0.000000 (threshold: 0.005000)
  Saved validation predictions to: experiments/12c_h1_rolling/market_only_daily_h1_h14/fold_2023/collapse_monitoring/val_predictions_epoch4.npy
  Gradient norms:
    lstm_encoder: 0.011541
    lstm_decoder: 0.012735
    output_layer: 0.764711
  VSN output std:
    encoder: 0.186552
  Attention entropy: 2.991470
  Saved to: experiments/12c_h1_rolling/market_only_daily_h1_h14/fold_2023/collapse_monitoring/collapse_monitor_latest.json
[DEBUG CollapseMonitor] on_validation_epoch_start called for epoch 5
[DEBUG CollapseMonitor] reset_temporal_state() called on loss function
Epoch 5: val_loss=1.1691625118255615
Epoch 5: train_loss=0.6447643637657166

[CollapseMonitor] Epoch 5
  [DEBUG] Processed 4 batches from val_dataloader
  [DEBUG] Predictions shape after concat: (199,)
  Pred std: 0.004196, range: 0.018316, mean: -0.185600
  Pos: 0.0%, Neg: 100.0%, Unique: 196
  Dir Acc: 55.28%, Pred Sharpe: -702.1985
  Composite: 0.4292 (dist_match: 0.5528, actual_pos: 44.7%, pred_pos: 0.0%)
  Collapse penalty: 0.000000 (threshold: 0.005000)
  Saved validation predictions to: experiments/12c_h1_rolling/market_only_daily_h1_h14/fold_2023/collapse_monitoring/val_predictions_epoch5.npy
  Gradient norms:
    lstm_encoder: 0.011417
    lstm_decoder: 0.011718
    output_layer: 0.668476
  VSN output std:
    encoder: 0.195136
  Attention entropy: 2.992898
  Saved to: experiments/12c_h1_rolling/market_only_daily_h1_h14/fold_2023/collapse_monitoring/collapse_monitor_latest.json
[DEBUG CollapseMonitor] on_validation_epoch_start called for epoch 6
[DEBUG CollapseMonitor] reset_temporal_state() called on loss function
Epoch 6: val_loss=1.0985424518585205
Epoch 6: train_loss=0.5739823579788208

[CollapseMonitor] Epoch 6
  [DEBUG] Processed 4 batches from val_dataloader
  [DEBUG] Predictions shape after concat: (199,)
  Pred std: 0.004115, range: 0.016937, mean: -0.154462
  Pos: 0.0%, Neg: 100.0%, Unique: 199
  Dir Acc: 55.28%, Pred Sharpe: -595.8333
  Composite: 0.4292 (dist_match: 0.5528, actual_pos: 44.7%, pred_pos: 0.0%)
  Collapse penalty: 0.000000 (threshold: 0.005000)
  Saved validation predictions to: experiments/12c_h1_rolling/market_only_daily_h1_h14/fold_2023/collapse_monitoring/val_predictions_epoch6.npy
  Gradient norms:
    lstm_encoder: 0.010477
    lstm_decoder: 0.010152
    output_layer: 0.556226
  VSN output std:
    encoder: 0.201642
  Attention entropy: 2.994070
  Saved to: experiments/12c_h1_rolling/market_only_daily_h1_h14/fold_2023/collapse_monitoring/collapse_monitor_latest.json
[DEBUG CollapseMonitor] on_validation_epoch_start called for epoch 7
[DEBUG CollapseMonitor] reset_temporal_state() called on loss function
Epoch 7: val_loss=1.0324496030807495
Epoch 7: train_loss=0.519386887550354

[CollapseMonitor] Epoch 7
  [DEBUG] Processed 4 batches from val_dataloader
  [DEBUG] Predictions shape after concat: (199,)
  Pred std: 0.004802, range: 0.020431, mean: -0.105810
  Pos: 0.0%, Neg: 100.0%, Unique: 197
  Dir Acc: 55.28%, Pred Sharpe: -349.7910
  Composite: 0.4292 (dist_match: 0.5528, actual_pos: 44.7%, pred_pos: 0.0%)
  Collapse penalty: 0.000000 (threshold: 0.005000)
  Saved validation predictions to: experiments/12c_h1_rolling/market_only_daily_h1_h14/fold_2023/collapse_monitoring/val_predictions_epoch7.npy
  Gradient norms:
    lstm_encoder: 0.008945
    lstm_decoder: 0.008288
    output_layer: 0.435259
  VSN output std:
    encoder: 0.202365
  Attention entropy: 2.994723
  Saved to: experiments/12c_h1_rolling/market_only_daily_h1_h14/fold_2023/collapse_monitoring/collapse_monitor_latest.json
[DEBUG CollapseMonitor] on_validation_epoch_start called for epoch 8
[DEBUG CollapseMonitor] reset_temporal_state() called on loss function
Epoch 8: val_loss=0.9831669330596924
Epoch 8: train_loss=0.47693532705307007

[CollapseMonitor] Epoch 8
  [DEBUG] Processed 4 batches from val_dataloader
  [DEBUG] Predictions shape after concat: (199,)
  Pred std: 0.005763, range: 0.025145, mean: -0.061036
  Pos: 0.0%, Neg: 100.0%, Unique: 198
  Dir Acc: 55.28%, Pred Sharpe: -168.1409
  Composite: 0.4292 (dist_match: 0.5528, actual_pos: 44.7%, pred_pos: 0.0%)
  Collapse penalty: 0.000000 (threshold: 0.005000)
  Saved validation predictions to: experiments/12c_h1_rolling/market_only_daily_h1_h14/fold_2023/collapse_monitoring/val_predictions_epoch8.npy
  Gradient norms:
    lstm_encoder: 0.006634
    lstm_decoder: 0.006066
    output_layer: 0.318321
  VSN output std:
    encoder: 0.201044
  Attention entropy: 2.995033
  Saved to: experiments/12c_h1_rolling/market_only_daily_h1_h14/fold_2023/collapse_monitoring/collapse_monitor_latest.json
[DEBUG CollapseMonitor] on_validation_epoch_start called for epoch 9
[DEBUG CollapseMonitor] reset_temporal_state() called on loss function
Epoch 9: val_loss=0.9341984391212463
Epoch 9: train_loss=0.4442591369152069

[CollapseMonitor] Epoch 9
  [DEBUG] Processed 4 batches from val_dataloader
  [DEBUG] Predictions shape after concat: (199,)
  Pred std: 0.006827, range: 0.030203, mean: -0.026205
  Pos: 0.0%, Neg: 100.0%, Unique: 197
  Dir Acc: 55.28%, Pred Sharpe: -60.9358
  Composite: 0.4292 (dist_match: 0.5528, actual_pos: 44.7%, pred_pos: 0.0%)
  Collapse penalty: 0.000000 (threshold: 0.005000)
  Saved validation predictions to: experiments/12c_h1_rolling/market_only_daily_h1_h14/fold_2023/collapse_monitoring/val_predictions_epoch9.npy
  Gradient norms:
    lstm_encoder: 0.005184
    lstm_decoder: 0.004556
    output_layer: 0.234499
  VSN output std:
    encoder: 0.198272
  Attention entropy: 2.995166
  Saved to: experiments/12c_h1_rolling/market_only_daily_h1_h14/fold_2023/collapse_monitoring/collapse_monitor_latest.json
[DEBUG CollapseMonitor] on_validation_epoch_start called for epoch 10
[DEBUG CollapseMonitor] reset_temporal_state() called on loss function
Epoch 10: val_loss=0.8970114588737488
Epoch 10: train_loss=0.424017995595932

[CollapseMonitor] Epoch 10
  [DEBUG] Processed 4 batches from val_dataloader
  [DEBUG] Predictions shape after concat: (199,)
  Pred std: 0.007216, range: 0.033388, mean: -0.019263
  Pos: 2.0%, Neg: 98.0%, Unique: 196
  Dir Acc: 56.28%, Pred Sharpe: -42.3773
  Composite: 0.4426 (dist_match: 0.5729, actual_pos: 44.7%, pred_pos: 2.0%)
  Collapse penalty: 0.000000 (threshold: 0.005000)
  Saved validation predictions to: experiments/12c_h1_rolling/market_only_daily_h1_h14/fold_2023/collapse_monitoring/val_predictions_epoch10.npy
  Gradient norms:
    lstm_encoder: 0.003919
    lstm_decoder: 0.003236
    output_layer: 0.170486
  VSN output std:
    encoder: 0.193363
  Attention entropy: 2.995171
  Saved to: experiments/12c_h1_rolling/market_only_daily_h1_h14/fold_2023/collapse_monitoring/collapse_monitor_latest.json
[DEBUG CollapseMonitor] on_validation_epoch_start called for epoch 11
[DEBUG CollapseMonitor] reset_temporal_state() called on loss function
Epoch 11: val_loss=0.8735617399215698
Epoch 11: train_loss=0.41707074642181396

[CollapseMonitor] Epoch 11
  [DEBUG] Processed 4 batches from val_dataloader
  [DEBUG] Predictions shape after concat: (199,)
  Pred std: 0.007816, range: 0.035881, mean: 0.007630
  Pos: 87.9%, Neg: 12.1%, Unique: 198
  Dir Acc: 45.73%, Pred Sharpe: 15.4970
  Composite: 0.3585 (dist_match: 0.5678, actual_pos: 44.7%, pred_pos: 87.9%)
  Collapse penalty: 0.000000 (threshold: 0.005000)
  Saved validation predictions to: experiments/12c_h1_rolling/market_only_daily_h1_h14/fold_2023/collapse_monitoring/val_predictions_epoch11.npy
  Gradient norms:
    lstm_encoder: 0.003307
    lstm_decoder: 0.002666
    output_layer: 0.140747
  VSN output std:
    encoder: 0.189208
  Attention entropy: 2.995156
  Saved to: experiments/12c_h1_rolling/market_only_daily_h1_h14/fold_2023/collapse_monitoring/collapse_monitor_latest.json
[DEBUG CollapseMonitor] on_validation_epoch_start called for epoch 12
[DEBUG CollapseMonitor] reset_temporal_state() called on loss function
Epoch 12: val_loss=0.8509252071380615
Epoch 12: train_loss=0.4091363251209259

[CollapseMonitor] Epoch 12
  [DEBUG] Processed 4 batches from val_dataloader
  [DEBUG] Predictions shape after concat: (199,)
  Pred std: 0.008526, range: 0.038381, mean: 0.024610
  Pos: 100.0%, Neg: 0.0%, Unique: 199
  Dir Acc: 44.72%, Pred Sharpe: 45.8199
  Composite: 0.3236 (dist_match: 0.4472, actual_pos: 44.7%, pred_pos: 100.0%)
  Collapse penalty: 0.000000 (threshold: 0.005000)
  Saved validation predictions to: experiments/12c_h1_rolling/market_only_daily_h1_h14/fold_2023/collapse_monitoring/val_predictions_epoch12.npy
  Gradient norms:
    lstm_encoder: 0.003105
    lstm_decoder: 0.002317
    output_layer: 0.116487
  VSN output std:
    encoder: 0.185861
  Attention entropy: 2.995129
  Saved to: experiments/12c_h1_rolling/market_only_daily_h1_h14/fold_2023/collapse_monitoring/collapse_monitor_latest.json
[DEBUG CollapseMonitor] on_validation_epoch_start called for epoch 13
[DEBUG CollapseMonitor] reset_temporal_state() called on loss function
Epoch 13: val_loss=0.8323964476585388
Epoch 13: train_loss=0.4047614336013794

[CollapseMonitor] Epoch 13
  [DEBUG] Processed 4 batches from val_dataloader
  [DEBUG] Predictions shape after concat: (199,)
  Pred std: 0.009021, range: 0.040167, mean: 0.023710
  Pos: 100.0%, Neg: 0.0%, Unique: 199
  Dir Acc: 44.72%, Pred Sharpe: 41.7235
  Composite: 0.3236 (dist_match: 0.4472, actual_pos: 44.7%, pred_pos: 100.0%)
  Collapse penalty: 0.000000 (threshold: 0.005000)
  Saved validation predictions to: experiments/12c_h1_rolling/market_only_daily_h1_h14/fold_2023/collapse_monitoring/val_predictions_epoch13.npy
  Gradient norms:
    lstm_encoder: 0.002733
    lstm_decoder: 0.002075
    output_layer: 0.102855
  VSN output std:
    encoder: 0.178668
  Attention entropy: 2.995053
  Saved to: experiments/12c_h1_rolling/market_only_daily_h1_h14/fold_2023/collapse_monitoring/collapse_monitor_latest.json
[DEBUG CollapseMonitor] on_validation_epoch_start called for epoch 14
[DEBUG CollapseMonitor] reset_temporal_state() called on loss function
Epoch 14: val_loss=0.8216050267219543
Epoch 14: train_loss=0.4007965922355652

[CollapseMonitor] Epoch 14
  [DEBUG] Processed 4 batches from val_dataloader
  [DEBUG] Predictions shape after concat: (199,)
  Pred std: 0.008414, range: 0.039010, mean: 0.032203
  Pos: 100.0%, Neg: 0.0%, Unique: 198
  Dir Acc: 44.72%, Pred Sharpe: 60.7541
  Composite: 0.3236 (dist_match: 0.4472, actual_pos: 44.7%, pred_pos: 100.0%)
  Collapse penalty: 0.000000 (threshold: 0.005000)
  Saved validation predictions to: experiments/12c_h1_rolling/market_only_daily_h1_h14/fold_2023/collapse_monitoring/val_predictions_epoch14.npy
  Gradient norms:
    lstm_encoder: 0.002512
    lstm_decoder: 0.001941
    output_layer: 0.090968
  VSN output std:
    encoder: 0.172528
  Attention entropy: 2.994925
  Saved to: experiments/12c_h1_rolling/market_only_daily_h1_h14/fold_2023/collapse_monitoring/collapse_monitor_latest.json
[DEBUG CollapseMonitor] on_validation_epoch_start called for epoch 15
[DEBUG CollapseMonitor] reset_temporal_state() called on loss function
Epoch 15: val_loss=0.8135451078414917
Epoch 15: train_loss=0.39888596534729004

[CollapseMonitor] Epoch 15
  [DEBUG] Processed 4 batches from val_dataloader
  [DEBUG] Predictions shape after concat: (199,)
  Pred std: 0.007713, range: 0.037474, mean: 0.044853
  Pos: 100.0%, Neg: 0.0%, Unique: 198
  Dir Acc: 44.72%, Pred Sharpe: 92.3202
  Composite: 0.3236 (dist_match: 0.4472, actual_pos: 44.7%, pred_pos: 100.0%)
  Collapse penalty: 0.000000 (threshold: 0.005000)
  Saved validation predictions to: experiments/12c_h1_rolling/market_only_daily_h1_h14/fold_2023/collapse_monitoring/val_predictions_epoch15.npy
  Gradient norms:
    lstm_encoder: 0.003046
    lstm_decoder: 0.002115
    output_layer: 0.096797
  VSN output std:
    encoder: 0.167607
  Attention entropy: 2.994737
  Saved to: experiments/12c_h1_rolling/market_only_daily_h1_h14/fold_2023/collapse_monitoring/collapse_monitor_latest.json
[DEBUG CollapseMonitor] on_validation_epoch_start called for epoch 16
[DEBUG CollapseMonitor] reset_temporal_state() called on loss function
Epoch 16: val_loss=0.8033864498138428
Epoch 16: train_loss=0.39747217297554016

[CollapseMonitor] Epoch 16
  [DEBUG] Processed 4 batches from val_dataloader
  [DEBUG] Predictions shape after concat: (199,)
  Pred std: 0.007814, range: 0.037117, mean: 0.021838
  Pos: 100.0%, Neg: 0.0%, Unique: 199
  Dir Acc: 44.72%, Pred Sharpe: 44.3642
  Composite: 0.3236 (dist_match: 0.4472, actual_pos: 44.7%, pred_pos: 100.0%)
  Collapse penalty: 0.000000 (threshold: 0.005000)
  Saved validation predictions to: experiments/12c_h1_rolling/market_only_daily_h1_h14/fold_2023/collapse_monitoring/val_predictions_epoch16.npy
  Gradient norms:
    lstm_encoder: 0.002843
    lstm_decoder: 0.001969
    output_layer: 0.084626
  VSN output std:
    encoder: 0.162023
  Attention entropy: 2.994444
  Saved to: experiments/12c_h1_rolling/market_only_daily_h1_h14/fold_2023/collapse_monitoring/collapse_monitor_latest.json
[DEBUG CollapseMonitor] on_validation_epoch_start called for epoch 17
[DEBUG CollapseMonitor] reset_temporal_state() called on loss function
Epoch 17: val_loss=0.7999202609062195
Epoch 17: train_loss=0.3948313295841217

[CollapseMonitor] Epoch 17
  [DEBUG] Processed 4 batches from val_dataloader
  [DEBUG] Predictions shape after concat: (199,)
  Pred std: 0.008255, range: 0.036301, mean: 0.055768
  Pos: 100.0%, Neg: 0.0%, Unique: 199
  Dir Acc: 44.72%, Pred Sharpe: 107.2491
  Composite: 0.3236 (dist_match: 0.4472, actual_pos: 44.7%, pred_pos: 100.0%)
  Collapse penalty: 0.000000 (threshold: 0.005000)
  Saved validation predictions to: experiments/12c_h1_rolling/market_only_daily_h1_h14/fold_2023/collapse_monitoring/val_predictions_epoch17.npy
  Gradient norms:
    lstm_encoder: 0.002982
    lstm_decoder: 0.002003
    output_layer: 0.088673
  VSN output std:
    encoder: 0.161554
  Attention entropy: 2.994387
  Saved to: experiments/12c_h1_rolling/market_only_daily_h1_h14/fold_2023/collapse_monitoring/collapse_monitor_latest.json
[DEBUG CollapseMonitor] on_validation_epoch_start called for epoch 18
[DEBUG CollapseMonitor] reset_temporal_state() called on loss function
Epoch 18: val_loss=0.7943209409713745
Epoch 18: train_loss=0.39423471689224243

[CollapseMonitor] Epoch 18
  [DEBUG] Processed 4 batches from val_dataloader
  [DEBUG] Predictions shape after concat: (199,)
  Pred std: 0.008918, range: 0.036558, mean: 0.054911
  Pos: 100.0%, Neg: 0.0%, Unique: 198
  Dir Acc: 44.72%, Pred Sharpe: 97.7423
  Composite: 0.3236 (dist_match: 0.4472, actual_pos: 44.7%, pred_pos: 100.0%)
  Collapse penalty: 0.000000 (threshold: 0.005000)
  Saved validation predictions to: experiments/12c_h1_rolling/market_only_daily_h1_h14/fold_2023/collapse_monitoring/val_predictions_epoch18.npy
  Gradient norms:
    lstm_encoder: 0.003344
    lstm_decoder: 0.002044
    output_layer: 0.082154
  VSN output std:
    encoder: 0.158775
  Attention entropy: 2.994360
  Saved to: experiments/12c_h1_rolling/market_only_daily_h1_h14/fold_2023/collapse_monitoring/collapse_monitor_latest.json
[DEBUG CollapseMonitor] on_validation_epoch_start called for epoch 19
[DEBUG CollapseMonitor] reset_temporal_state() called on loss function
Epoch 19: val_loss=0.792277455329895
Epoch 19: train_loss=0.39419183135032654

[CollapseMonitor] Epoch 19
  [DEBUG] Processed 4 batches from val_dataloader
  [DEBUG] Predictions shape after concat: (199,)
  Pred std: 0.010076, range: 0.040348, mean: 0.067037
  Pos: 100.0%, Neg: 0.0%, Unique: 196
  Dir Acc: 44.72%, Pred Sharpe: 105.6173
  Composite: 0.3236 (dist_match: 0.4472, actual_pos: 44.7%, pred_pos: 100.0%)
  Collapse penalty: 0.000000 (threshold: 0.005000)
  Saved validation predictions to: experiments/12c_h1_rolling/market_only_daily_h1_h14/fold_2023/collapse_monitoring/val_predictions_epoch19.npy
  Gradient norms:
    lstm_encoder: 0.003416
    lstm_decoder: 0.002017
    output_layer: 0.082983
  VSN output std:
    encoder: 0.154933
  Attention entropy: 2.994104
  Saved to: experiments/12c_h1_rolling/market_only_daily_h1_h14/fold_2023/collapse_monitoring/collapse_monitor_latest.json
[DEBUG CollapseMonitor] on_validation_epoch_start called for epoch 20
[DEBUG CollapseMonitor] reset_temporal_state() called on loss function
Epoch 20: val_loss=0.7893297076225281
Epoch 20: train_loss=0.3942202627658844

[CollapseMonitor] Epoch 20
  [DEBUG] Processed 4 batches from val_dataloader
  [DEBUG] Predictions shape after concat: (199,)
  Pred std: 0.009662, range: 0.039754, mean: 0.075414
  Pos: 100.0%, Neg: 0.0%, Unique: 199
  Dir Acc: 44.72%, Pred Sharpe: 123.9018
  Composite: 0.3236 (dist_match: 0.4472, actual_pos: 44.7%, pred_pos: 100.0%)
  Collapse penalty: 0.000000 (threshold: 0.005000)
  Saved validation predictions to: experiments/12c_h1_rolling/market_only_daily_h1_h14/fold_2023/collapse_monitoring/val_predictions_epoch20.npy
  Gradient norms:
    lstm_encoder: 0.003998
    lstm_decoder: 0.002194
    output_layer: 0.089549
  VSN output std:
    encoder: 0.157687
  Attention entropy: 2.994295
  Saved to: experiments/12c_h1_rolling/market_only_daily_h1_h14/fold_2023/collapse_monitoring/collapse_monitor_latest.json
[DEBUG CollapseMonitor] on_validation_epoch_start called for epoch 21
[DEBUG CollapseMonitor] reset_temporal_state() called on loss function
Epoch 21: val_loss=0.7854506373405457
Epoch 21: train_loss=0.3929988443851471

[CollapseMonitor] Epoch 21
  [DEBUG] Processed 4 batches from val_dataloader
  [DEBUG] Predictions shape after concat: (199,)
  Pred std: 0.010063, range: 0.042369, mean: 0.088784
  Pos: 100.0%, Neg: 0.0%, Unique: 198
  Dir Acc: 44.72%, Pred Sharpe: 140.0564
  Composite: 0.3236 (dist_match: 0.4472, actual_pos: 44.7%, pred_pos: 100.0%)
  Collapse penalty: 0.000000 (threshold: 0.005000)
  Saved validation predictions to: experiments/12c_h1_rolling/market_only_daily_h1_h14/fold_2023/collapse_monitoring/val_predictions_epoch21.npy
  Gradient norms:
    lstm_encoder: 0.004217
    lstm_decoder: 0.002173
    output_layer: 0.082224
  VSN output std:
    encoder: 0.157960
  Attention entropy: 2.994148
  Saved to: experiments/12c_h1_rolling/market_only_daily_h1_h14/fold_2023/collapse_monitoring/collapse_monitor_latest.json
[DEBUG CollapseMonitor] on_validation_epoch_start called for epoch 22
[DEBUG CollapseMonitor] reset_temporal_state() called on loss function
Epoch 22: val_loss=0.7837052941322327
Epoch 22: train_loss=0.39214712381362915

[CollapseMonitor] Epoch 22
  [DEBUG] Processed 4 batches from val_dataloader
  [DEBUG] Predictions shape after concat: (199,)
  Pred std: 0.011484, range: 0.045880, mean: 0.086696
  Pos: 100.0%, Neg: 0.0%, Unique: 198
  Dir Acc: 44.72%, Pred Sharpe: 119.8455
  Composite: 0.3236 (dist_match: 0.4472, actual_pos: 44.7%, pred_pos: 100.0%)
  Collapse penalty: 0.000000 (threshold: 0.005000)
  Saved validation predictions to: experiments/12c_h1_rolling/market_only_daily_h1_h14/fold_2023/collapse_monitoring/val_predictions_epoch22.npy
  Gradient norms:
    lstm_encoder: 0.004304
    lstm_decoder: 0.002109
    output_layer: 0.083659
  VSN output std:
    encoder: 0.159835
  Attention entropy: 2.993633
  Saved to: experiments/12c_h1_rolling/market_only_daily_h1_h14/fold_2023/collapse_monitoring/collapse_monitor_latest.json
[DEBUG CollapseMonitor] on_validation_epoch_start called for epoch 23
[DEBUG CollapseMonitor] reset_temporal_state() called on loss function
Epoch 23: val_loss=0.7822458744049072
Epoch 23: train_loss=0.38781046867370605

[CollapseMonitor] Epoch 23
  [DEBUG] Processed 4 batches from val_dataloader
  [DEBUG] Predictions shape after concat: (199,)
  Pred std: 0.011876, range: 0.045992, mean: 0.113171
  Pos: 100.0%, Neg: 0.0%, Unique: 199
  Dir Acc: 44.72%, Pred Sharpe: 151.2773
  Composite: 0.3236 (dist_match: 0.4472, actual_pos: 44.7%, pred_pos: 100.0%)
  Collapse penalty: 0.000000 (threshold: 0.005000)
  Saved validation predictions to: experiments/12c_h1_rolling/market_only_daily_h1_h14/fold_2023/collapse_monitoring/val_predictions_epoch23.npy
  Gradient norms:
    lstm_encoder: 0.004336
    lstm_decoder: 0.002244
    output_layer: 0.079431
  VSN output std:
    encoder: 0.166738
  Attention entropy: 2.993127
  Saved to: experiments/12c_h1_rolling/market_only_daily_h1_h14/fold_2023/collapse_monitoring/collapse_monitor_latest.json
[DEBUG CollapseMonitor] on_validation_epoch_start called for epoch 24
[DEBUG CollapseMonitor] reset_temporal_state() called on loss function
Epoch 24: val_loss=0.7789345979690552
Epoch 24: train_loss=0.39124321937561035

[CollapseMonitor] Epoch 24
  [DEBUG] Processed 4 batches from val_dataloader
  [DEBUG] Predictions shape after concat: (199,)
  Pred std: 0.012254, range: 0.046196, mean: 0.103449
  Pos: 100.0%, Neg: 0.0%, Unique: 198
  Dir Acc: 44.72%, Pred Sharpe: 134.0165
  Composite: 0.3236 (dist_match: 0.4472, actual_pos: 44.7%, pred_pos: 100.0%)
  Collapse penalty: 0.000000 (threshold: 0.005000)
  Saved validation predictions to: experiments/12c_h1_rolling/market_only_daily_h1_h14/fold_2023/collapse_monitoring/val_predictions_epoch24.npy
  Gradient norms:
    lstm_encoder: 0.005511
    lstm_decoder: 0.002552
    output_layer: 0.083232
  VSN output std:
    encoder: 0.180886
  Attention entropy: 2.992328
  Saved to: experiments/12c_h1_rolling/market_only_daily_h1_h14/fold_2023/collapse_monitoring/collapse_monitor_latest.json
[DEBUG CollapseMonitor] on_validation_epoch_start called for epoch 25
[DEBUG CollapseMonitor] reset_temporal_state() called on loss function
Epoch 25: val_loss=0.7759969234466553
Epoch 25: train_loss=0.39041006565093994

[CollapseMonitor] Epoch 25
  [DEBUG] Processed 4 batches from val_dataloader
  [DEBUG] Predictions shape after concat: (199,)
  Pred std: 0.011624, range: 0.045847, mean: 0.128966
  Pos: 100.0%, Neg: 0.0%, Unique: 198
  Dir Acc: 44.72%, Pred Sharpe: 176.1179
  Composite: 0.3236 (dist_match: 0.4472, actual_pos: 44.7%, pred_pos: 100.0%)
  Collapse penalty: 0.000000 (threshold: 0.005000)
  Saved validation predictions to: experiments/12c_h1_rolling/market_only_daily_h1_h14/fold_2023/collapse_monitoring/val_predictions_epoch25.npy
  Gradient norms:
    lstm_encoder: 0.005358
    lstm_decoder: 0.002285
    output_layer: 0.079667
  VSN output std:
    encoder: 0.190438
  Attention entropy: 2.992157
  Saved to: experiments/12c_h1_rolling/market_only_daily_h1_h14/fold_2023/collapse_monitoring/collapse_monitor_latest.json
[DEBUG CollapseMonitor] on_validation_epoch_start called for epoch 26
[DEBUG CollapseMonitor] reset_temporal_state() called on loss function
Epoch 26: val_loss=0.7760328650474548
Epoch 26: train_loss=0.3902251720428467

[CollapseMonitor] Epoch 26
  [DEBUG] Processed 4 batches from val_dataloader
  [DEBUG] Predictions shape after concat: (199,)
  Pred std: 0.011357, range: 0.047600, mean: 0.117655
  Pos: 100.0%, Neg: 0.0%, Unique: 198
  Dir Acc: 44.72%, Pred Sharpe: 164.4621
  Composite: 0.3236 (dist_match: 0.4472, actual_pos: 44.7%, pred_pos: 100.0%)
  Collapse penalty: 0.000000 (threshold: 0.005000)
  Saved validation predictions to: experiments/12c_h1_rolling/market_only_daily_h1_h14/fold_2023/collapse_monitoring/val_predictions_epoch26.npy
  Gradient norms:
    lstm_encoder: 0.005024
    lstm_decoder: 0.002383
    output_layer: 0.081586
  VSN output std:
    encoder: 0.210113
  Attention entropy: 2.991620
  Saved to: experiments/12c_h1_rolling/market_only_daily_h1_h14/fold_2023/collapse_monitoring/collapse_monitor_latest.json
[DEBUG CollapseMonitor] on_validation_epoch_start called for epoch 27
[DEBUG CollapseMonitor] reset_temporal_state() called on loss function
Epoch 27: val_loss=0.7735400199890137
Epoch 27: train_loss=0.38861292600631714

[CollapseMonitor] Epoch 27
  [DEBUG] Processed 4 batches from val_dataloader
  [DEBUG] Predictions shape after concat: (199,)
  Pred std: 0.009363, range: 0.041262, mean: 0.139198
  Pos: 100.0%, Neg: 0.0%, Unique: 199
  Dir Acc: 44.72%, Pred Sharpe: 235.9977
  Composite: 0.3236 (dist_match: 0.4472, actual_pos: 44.7%, pred_pos: 100.0%)
  Collapse penalty: 0.000000 (threshold: 0.005000)
  Saved validation predictions to: experiments/12c_h1_rolling/market_only_daily_h1_h14/fold_2023/collapse_monitoring/val_predictions_epoch27.npy
  Gradient norms:
    lstm_encoder: 0.006125
    lstm_decoder: 0.002566
    output_layer: 0.077290
  VSN output std:
    encoder: 0.223358
  Attention entropy: 2.991399
  Saved to: experiments/12c_h1_rolling/market_only_daily_h1_h14/fold_2023/collapse_monitoring/collapse_monitor_latest.json
[DEBUG CollapseMonitor] on_validation_epoch_start called for epoch 28
[DEBUG CollapseMonitor] reset_temporal_state() called on loss function
Epoch 28: val_loss=0.7705252766609192
Epoch 28: train_loss=0.3889303505420685

[CollapseMonitor] Epoch 28
  [DEBUG] Processed 4 batches from val_dataloader
  [DEBUG] Predictions shape after concat: (199,)
  Pred std: 0.008083, range: 0.036693, mean: 0.145496
  Pos: 100.0%, Neg: 0.0%, Unique: 199
  Dir Acc: 44.72%, Pred Sharpe: 285.7458
  Composite: 0.3236 (dist_match: 0.4472, actual_pos: 44.7%, pred_pos: 100.0%)
  Collapse penalty: 0.000000 (threshold: 0.005000)
  Saved validation predictions to: experiments/12c_h1_rolling/market_only_daily_h1_h14/fold_2023/collapse_monitoring/val_predictions_epoch28.npy
  Gradient norms:
    lstm_encoder: 0.005751
    lstm_decoder: 0.002576
    output_layer: 0.077610
  VSN output std:
    encoder: 0.233731
  Attention entropy: 2.990703
  Saved to: experiments/12c_h1_rolling/market_only_daily_h1_h14/fold_2023/collapse_monitoring/collapse_monitor_latest.json
[DEBUG CollapseMonitor] on_validation_epoch_start called for epoch 29
[DEBUG CollapseMonitor] reset_temporal_state() called on loss function
Epoch 29: val_loss=0.7678543925285339
Epoch 29: train_loss=0.38430550694465637

[CollapseMonitor] Epoch 29
  [DEBUG] Processed 4 batches from val_dataloader
  [DEBUG] Predictions shape after concat: (199,)
  Pred std: 0.007236, range: 0.033556, mean: 0.169481
  Pos: 100.0%, Neg: 0.0%, Unique: 198
  Dir Acc: 44.72%, Pred Sharpe: 371.8100
  Composite: 0.3236 (dist_match: 0.4472, actual_pos: 44.7%, pred_pos: 100.0%)
  Collapse penalty: 0.000000 (threshold: 0.005000)
  Saved validation predictions to: experiments/12c_h1_rolling/market_only_daily_h1_h14/fold_2023/collapse_monitoring/val_predictions_epoch29.npy
  Gradient norms:
    lstm_encoder: 0.006021
    lstm_decoder: 0.002598
    output_layer: 0.075255
  VSN output std:
    encoder: 0.244640
  Attention entropy: 2.990282
  Saved to: experiments/12c_h1_rolling/market_only_daily_h1_h14/fold_2023/collapse_monitoring/collapse_monitor_latest.json
[DEBUG CollapseMonitor] on_validation_epoch_start called for epoch 30
[DEBUG CollapseMonitor] reset_temporal_state() called on loss function
Epoch 30: val_loss=0.7634350061416626
Epoch 30: train_loss=0.3867475986480713

[CollapseMonitor] Epoch 30
  [DEBUG] Processed 4 batches from val_dataloader
  [DEBUG] Predictions shape after concat: (199,)
  Pred std: 0.006515, range: 0.031824, mean: 0.144154
  Pos: 100.0%, Neg: 0.0%, Unique: 198
  Dir Acc: 44.72%, Pred Sharpe: 351.2189
  Composite: 0.3236 (dist_match: 0.4472, actual_pos: 44.7%, pred_pos: 100.0%)
  Collapse penalty: 0.000000 (threshold: 0.005000)
  Saved validation predictions to: experiments/12c_h1_rolling/market_only_daily_h1_h14/fold_2023/collapse_monitoring/val_predictions_epoch30.npy
  Gradient norms:
    lstm_encoder: 0.006932
    lstm_decoder: 0.002983
    output_layer: 0.082012
  VSN output std:
    encoder: 0.254699
  Attention entropy: 2.987981
  Saved to: experiments/12c_h1_rolling/market_only_daily_h1_h14/fold_2023/collapse_monitoring/collapse_monitor_latest.json
[DEBUG CollapseMonitor] on_validation_epoch_start called for epoch 31
[DEBUG CollapseMonitor] reset_temporal_state() called on loss function
Epoch 31: val_loss=0.7613213062286377
Epoch 31: train_loss=0.38661566376686096

[CollapseMonitor] Epoch 31
  [DEBUG] Processed 4 batches from val_dataloader
  [DEBUG] Predictions shape after concat: (199,)
  Pred std: 0.006015, range: 0.027813, mean: 0.176135
  Pos: 100.0%, Neg: 0.0%, Unique: 199
  Dir Acc: 44.72%, Pred Sharpe: 464.8482
  Composite: 0.3236 (dist_match: 0.4472, actual_pos: 44.7%, pred_pos: 100.0%)
  Collapse penalty: 0.000000 (threshold: 0.005000)
  Saved validation predictions to: experiments/12c_h1_rolling/market_only_daily_h1_h14/fold_2023/collapse_monitoring/val_predictions_epoch31.npy
  Gradient norms:
    lstm_encoder: 0.005795
    lstm_decoder: 0.002689
    output_layer: 0.077082
  VSN output std:
    encoder: 0.261799
  Attention entropy: 2.985526
  Saved to: experiments/12c_h1_rolling/market_only_daily_h1_h14/fold_2023/collapse_monitoring/collapse_monitor_latest.json
[DEBUG CollapseMonitor] on_validation_epoch_start called for epoch 32
[DEBUG CollapseMonitor] reset_temporal_state() called on loss function
Epoch 32: val_loss=0.7570497393608093
Epoch 32: train_loss=0.38511553406715393

[CollapseMonitor] Epoch 32
  [DEBUG] Processed 4 batches from val_dataloader
  [DEBUG] Predictions shape after concat: (199,)
  Pred std: 0.005879, range: 0.028660, mean: 0.163635
  Pos: 100.0%, Neg: 0.0%, Unique: 197
  Dir Acc: 44.72%, Pred Sharpe: 441.8756
  Composite: 0.3236 (dist_match: 0.4472, actual_pos: 44.7%, pred_pos: 100.0%)
  Collapse penalty: 0.000000 (threshold: 0.005000)
  Saved validation predictions to: experiments/12c_h1_rolling/market_only_daily_h1_h14/fold_2023/collapse_monitoring/val_predictions_epoch32.npy
  Gradient norms:
    lstm_encoder: 0.006915
    lstm_decoder: 0.003091
    output_layer: 0.088077
  VSN output std:
    encoder: 0.266724
  Attention entropy: 2.983537
  Saved to: experiments/12c_h1_rolling/market_only_daily_h1_h14/fold_2023/collapse_monitoring/collapse_monitor_latest.json
[DEBUG CollapseMonitor] on_validation_epoch_start called for epoch 33
[DEBUG CollapseMonitor] reset_temporal_state() called on loss function
Epoch 33: val_loss=0.753846287727356
Epoch 33: train_loss=0.3847754895687103

[CollapseMonitor] Epoch 33
  [DEBUG] Processed 4 batches from val_dataloader
  [DEBUG] Predictions shape after concat: (199,)
  Pred std: 0.005548, range: 0.028197, mean: 0.197547
  Pos: 100.0%, Neg: 0.0%, Unique: 197
  Dir Acc: 44.72%, Pred Sharpe: 565.2699
  Composite: 0.3236 (dist_match: 0.4472, actual_pos: 44.7%, pred_pos: 100.0%)
  Collapse penalty: 0.000000 (threshold: 0.005000)
  Saved validation predictions to: experiments/12c_h1_rolling/market_only_daily_h1_h14/fold_2023/collapse_monitoring/val_predictions_epoch33.npy
  Gradient norms:
    lstm_encoder: 0.006891
    lstm_decoder: 0.003001
    output_layer: 0.087999
  VSN output std:
    encoder: 0.270935
  Attention entropy: 2.980887
  Saved to: experiments/12c_h1_rolling/market_only_daily_h1_h14/fold_2023/collapse_monitoring/collapse_monitor_latest.json
[DEBUG CollapseMonitor] on_validation_epoch_start called for epoch 34
[DEBUG CollapseMonitor] reset_temporal_state() called on loss function
Epoch 34: val_loss=0.7511671781539917
Epoch 34: train_loss=0.3846133351325989

[CollapseMonitor] Epoch 34
  [DEBUG] Processed 4 batches from val_dataloader
  [DEBUG] Predictions shape after concat: (199,)
  Pred std: 0.005152, range: 0.028331, mean: 0.187152
  Pos: 100.0%, Neg: 0.0%, Unique: 197
  Dir Acc: 44.72%, Pred Sharpe: 576.6203
  Composite: 0.3236 (dist_match: 0.4472, actual_pos: 44.7%, pred_pos: 100.0%)
  Collapse penalty: 0.000000 (threshold: 0.005000)
  Saved validation predictions to: experiments/12c_h1_rolling/market_only_daily_h1_h14/fold_2023/collapse_monitoring/val_predictions_epoch34.npy
  Gradient norms:
    lstm_encoder: 0.006514
    lstm_decoder: 0.003016
    output_layer: 0.086545
  VSN output std:
    encoder: 0.272523
  Attention entropy: 2.978201
  Saved to: experiments/12c_h1_rolling/market_only_daily_h1_h14/fold_2023/collapse_monitoring/collapse_monitor_latest.json
[DEBUG CollapseMonitor] on_validation_epoch_start called for epoch 35
[DEBUG CollapseMonitor] reset_temporal_state() called on loss function
Epoch 35: val_loss=0.7483052015304565
Epoch 35: train_loss=0.38268351554870605

[CollapseMonitor] Epoch 35
  [DEBUG] Processed 4 batches from val_dataloader
  [DEBUG] Predictions shape after concat: (199,)
  Pred std: 0.006007, range: 0.032058, mean: 0.187397
  Pos: 100.0%, Neg: 0.0%, Unique: 198
  Dir Acc: 44.72%, Pred Sharpe: 495.2015
  Composite: 0.3236 (dist_match: 0.4472, actual_pos: 44.7%, pred_pos: 100.0%)
  Collapse penalty: 0.000000 (threshold: 0.005000)
  Saved validation predictions to: experiments/12c_h1_rolling/market_only_daily_h1_h14/fold_2023/collapse_monitoring/val_predictions_epoch35.npy
  Gradient norms:
    lstm_encoder: 0.007362
    lstm_decoder: 0.003129
    output_layer: 0.083029
  VSN output std:
    encoder: 0.275142
  Attention entropy: 2.975396
  Saved to: experiments/12c_h1_rolling/market_only_daily_h1_h14/fold_2023/collapse_monitoring/collapse_monitor_latest.json
[DEBUG CollapseMonitor] on_validation_epoch_start called for epoch 36
[DEBUG CollapseMonitor] reset_temporal_state() called on loss function
Epoch 36: val_loss=0.7442238926887512
Epoch 36: train_loss=0.38218021392822266

[CollapseMonitor] Epoch 36
  [DEBUG] Processed 4 batches from val_dataloader
  [DEBUG] Predictions shape after concat: (199,)
  Pred std: 0.007912, range: 0.039502, mean: 0.210308
  Pos: 100.0%, Neg: 0.0%, Unique: 198
  Dir Acc: 44.72%, Pred Sharpe: 421.9707
  Composite: 0.3236 (dist_match: 0.4472, actual_pos: 44.7%, pred_pos: 100.0%)
  Collapse penalty: 0.000000 (threshold: 0.005000)
  Saved validation predictions to: experiments/12c_h1_rolling/market_only_daily_h1_h14/fold_2023/collapse_monitoring/val_predictions_epoch36.npy
  Gradient norms:
    lstm_encoder: 0.006667
    lstm_decoder: 0.003182
    output_layer: 0.081217
  VSN output std:
    encoder: 0.277601
  Attention entropy: 2.974001
  Saved to: experiments/12c_h1_rolling/market_only_daily_h1_h14/fold_2023/collapse_monitoring/collapse_monitor_latest.json
[DEBUG CollapseMonitor] on_validation_epoch_start called for epoch 37
[DEBUG CollapseMonitor] reset_temporal_state() called on loss function
Epoch 37: val_loss=0.7405804395675659
Epoch 37: train_loss=0.38237008452415466

[CollapseMonitor] Epoch 37
  [DEBUG] Processed 4 batches from val_dataloader
  [DEBUG] Predictions shape after concat: (199,)
  Pred std: 0.008517, range: 0.041609, mean: 0.197992
  Pos: 100.0%, Neg: 0.0%, Unique: 197
  Dir Acc: 44.72%, Pred Sharpe: 369.0178
  Composite: 0.3236 (dist_match: 0.4472, actual_pos: 44.7%, pred_pos: 100.0%)
  Collapse penalty: 0.000000 (threshold: 0.005000)
  Saved validation predictions to: experiments/12c_h1_rolling/market_only_daily_h1_h14/fold_2023/collapse_monitoring/val_predictions_epoch37.npy
  Gradient norms:
    lstm_encoder: 0.007003
    lstm_decoder: 0.003223
    output_layer: 0.084329
  VSN output std:
    encoder: 0.279147
  Attention entropy: 2.974571
  Saved to: experiments/12c_h1_rolling/market_only_daily_h1_h14/fold_2023/collapse_monitoring/collapse_monitor_latest.json
[DEBUG CollapseMonitor] on_validation_epoch_start called for epoch 38
[DEBUG CollapseMonitor] reset_temporal_state() called on loss function
Epoch 38: val_loss=0.7378931045532227
Epoch 38: train_loss=0.381552129983902

[CollapseMonitor] Epoch 38
  [DEBUG] Processed 4 batches from val_dataloader
  [DEBUG] Predictions shape after concat: (199,)
  Pred std: 0.008719, range: 0.042302, mean: 0.164606
  Pos: 100.0%, Neg: 0.0%, Unique: 199
  Dir Acc: 44.72%, Pred Sharpe: 299.6967
  Composite: 0.3236 (dist_match: 0.4472, actual_pos: 44.7%, pred_pos: 100.0%)
  Collapse penalty: 0.000000 (threshold: 0.005000)
  Saved validation predictions to: experiments/12c_h1_rolling/market_only_daily_h1_h14/fold_2023/collapse_monitoring/val_predictions_epoch38.npy
  Gradient norms:
    lstm_encoder: 0.006537
    lstm_decoder: 0.003274
    output_layer: 0.087720
  VSN output std:
    encoder: 0.280506
  Attention entropy: 2.974907
  Saved to: experiments/12c_h1_rolling/market_only_daily_h1_h14/fold_2023/collapse_monitoring/collapse_monitor_latest.json
[DEBUG CollapseMonitor] on_validation_epoch_start called for epoch 39
[DEBUG CollapseMonitor] reset_temporal_state() called on loss function
Epoch 39: val_loss=0.7335795760154724
Epoch 39: train_loss=0.38042858242988586

[CollapseMonitor] Epoch 39
  [DEBUG] Processed 4 batches from val_dataloader
  [DEBUG] Predictions shape after concat: (199,)
  Pred std: 0.013265, range: 0.054225, mean: 0.200332
  Pos: 100.0%, Neg: 0.0%, Unique: 198
  Dir Acc: 44.72%, Pred Sharpe: 239.7370
  Composite: 0.3236 (dist_match: 0.4472, actual_pos: 44.7%, pred_pos: 100.0%)
  Collapse penalty: 0.000000 (threshold: 0.005000)
  Saved validation predictions to: experiments/12c_h1_rolling/market_only_daily_h1_h14/fold_2023/collapse_monitoring/val_predictions_epoch39.npy
  Gradient norms:
    lstm_encoder: 0.006948
    lstm_decoder: 0.003313
    output_layer: 0.079988
  VSN output std:
    encoder: 0.283981
  Attention entropy: 2.970966
  Saved to: experiments/12c_h1_rolling/market_only_daily_h1_h14/fold_2023/collapse_monitoring/collapse_monitor_latest.json
[DEBUG CollapseMonitor] on_validation_epoch_start called for epoch 40
[DEBUG CollapseMonitor] reset_temporal_state() called on loss function
Epoch 40: val_loss=0.7325896620750427
Epoch 40: train_loss=0.3800685703754425

[CollapseMonitor] Epoch 40
  [DEBUG] Processed 4 batches from val_dataloader
  [DEBUG] Predictions shape after concat: (199,)
  Pred std: 0.010742, range: 0.052380, mean: 0.211709
  Pos: 100.0%, Neg: 0.0%, Unique: 197
  Dir Acc: 44.72%, Pred Sharpe: 312.8743
  Composite: 0.3236 (dist_match: 0.4472, actual_pos: 44.7%, pred_pos: 100.0%)
  Collapse penalty: 0.000000 (threshold: 0.005000)
  Saved validation predictions to: experiments/12c_h1_rolling/market_only_daily_h1_h14/fold_2023/collapse_monitoring/val_predictions_epoch40.npy
  Gradient norms:
    lstm_encoder: 0.007643
    lstm_decoder: 0.003668
    output_layer: 0.087804
  VSN output std:
    encoder: 0.285320
  Attention entropy: 2.970456
  Saved to: experiments/12c_h1_rolling/market_only_daily_h1_h14/fold_2023/collapse_monitoring/collapse_monitor_latest.json
[DEBUG CollapseMonitor] on_validation_epoch_start called for epoch 41
[DEBUG CollapseMonitor] reset_temporal_state() called on loss function
Epoch 41: val_loss=0.7304770946502686
Epoch 41: train_loss=0.3788340389728546

[CollapseMonitor] Epoch 41
  [DEBUG] Processed 4 batches from val_dataloader
  [DEBUG] Predictions shape after concat: (199,)
  Pred std: 0.012346, range: 0.058089, mean: 0.210694
  Pos: 100.0%, Neg: 0.0%, Unique: 196
  Dir Acc: 44.72%, Pred Sharpe: 270.9107
  Composite: 0.3236 (dist_match: 0.4472, actual_pos: 44.7%, pred_pos: 100.0%)
  Collapse penalty: 0.000000 (threshold: 0.005000)
  Saved validation predictions to: experiments/12c_h1_rolling/market_only_daily_h1_h14/fold_2023/collapse_monitoring/val_predictions_epoch41.npy
  Gradient norms:
    lstm_encoder: 0.007487
    lstm_decoder: 0.003654
    output_layer: 0.092273
  VSN output std:
    encoder: 0.286993
  Attention entropy: 2.968266
  Saved to: experiments/12c_h1_rolling/market_only_daily_h1_h14/fold_2023/collapse_monitoring/collapse_monitor_latest.json
[DEBUG CollapseMonitor] on_validation_epoch_start called for epoch 42
[DEBUG CollapseMonitor] reset_temporal_state() called on loss function
Epoch 42: val_loss=0.7241300940513611
Epoch 42: train_loss=0.38087567687034607

[CollapseMonitor] Epoch 42
  [DEBUG] Processed 4 batches from val_dataloader
  [DEBUG] Predictions shape after concat: (199,)
  Pred std: 0.015876, range: 0.065839, mean: 0.183406
  Pos: 100.0%, Neg: 0.0%, Unique: 199
  Dir Acc: 44.72%, Pred Sharpe: 183.3919
  Composite: 0.3236 (dist_match: 0.4472, actual_pos: 44.7%, pred_pos: 100.0%)
  Collapse penalty: 0.000000 (threshold: 0.005000)
  Saved validation predictions to: experiments/12c_h1_rolling/market_only_daily_h1_h14/fold_2023/collapse_monitoring/val_predictions_epoch42.npy
  Gradient norms:
    lstm_encoder: 0.007484
    lstm_decoder: 0.003671
    output_layer: 0.091596
  VSN output std:
    encoder: 0.288816
  Attention entropy: 2.962967
  Saved to: experiments/12c_h1_rolling/market_only_daily_h1_h14/fold_2023/collapse_monitoring/collapse_monitor_latest.json
[DEBUG CollapseMonitor] on_validation_epoch_start called for epoch 43
[DEBUG CollapseMonitor] reset_temporal_state() called on loss function
Epoch 43: val_loss=0.7232456207275391
Epoch 43: train_loss=0.37846705317497253

[CollapseMonitor] Epoch 43
  [DEBUG] Processed 4 batches from val_dataloader
  [DEBUG] Predictions shape after concat: (199,)
  Pred std: 0.018785, range: 0.077085, mean: 0.209803
  Pos: 100.0%, Neg: 0.0%, Unique: 198
  Dir Acc: 44.72%, Pred Sharpe: 177.2984
  Composite: 0.3236 (dist_match: 0.4472, actual_pos: 44.7%, pred_pos: 100.0%)
  Collapse penalty: 0.000000 (threshold: 0.005000)
  Saved validation predictions to: experiments/12c_h1_rolling/market_only_daily_h1_h14/fold_2023/collapse_monitoring/val_predictions_epoch43.npy
  Gradient norms:
    lstm_encoder: 0.008374
    lstm_decoder: 0.003858
    output_layer: 0.089964
  VSN output std:
    encoder: 0.290384
  Attention entropy: 2.961245
  Saved to: experiments/12c_h1_rolling/market_only_daily_h1_h14/fold_2023/collapse_monitoring/collapse_monitor_latest.json
[DEBUG CollapseMonitor] on_validation_epoch_start called for epoch 44
[DEBUG CollapseMonitor] reset_temporal_state() called on loss function
Epoch 44: val_loss=0.7200151681900024
Epoch 44: train_loss=0.37806352972984314

[CollapseMonitor] Epoch 44
  [DEBUG] Processed 4 batches from val_dataloader
  [DEBUG] Predictions shape after concat: (199,)
  Pred std: 0.017811, range: 0.076699, mean: 0.206118
  Pos: 100.0%, Neg: 0.0%, Unique: 199
  Dir Acc: 44.72%, Pred Sharpe: 183.7083
  Composite: 0.3236 (dist_match: 0.4472, actual_pos: 44.7%, pred_pos: 100.0%)
  Collapse penalty: 0.000000 (threshold: 0.005000)
  Saved validation predictions to: experiments/12c_h1_rolling/market_only_daily_h1_h14/fold_2023/collapse_monitoring/val_predictions_epoch44.npy
  Gradient norms:
    lstm_encoder: 0.007917
    lstm_decoder: 0.003757
    output_layer: 0.084471
  VSN output std:
    encoder: 0.291368
  Attention entropy: 2.959182
  Saved to: experiments/12c_h1_rolling/market_only_daily_h1_h14/fold_2023/collapse_monitoring/collapse_monitor_latest.json
[DEBUG CollapseMonitor] on_validation_epoch_start called for epoch 45
[DEBUG CollapseMonitor] reset_temporal_state() called on loss function
Epoch 45: val_loss=0.718334972858429
Epoch 45: train_loss=0.3735486567020416

[CollapseMonitor] Epoch 45
  [DEBUG] Processed 4 batches from val_dataloader
  [DEBUG] Predictions shape after concat: (199,)
  Pred std: 0.015888, range: 0.073790, mean: 0.208824
  Pos: 100.0%, Neg: 0.0%, Unique: 199
  Dir Acc: 44.72%, Pred Sharpe: 208.6522
  Composite: 0.3236 (dist_match: 0.4472, actual_pos: 44.7%, pred_pos: 100.0%)
  Collapse penalty: 0.000000 (threshold: 0.005000)
  Saved validation predictions to: experiments/12c_h1_rolling/market_only_daily_h1_h14/fold_2023/collapse_monitoring/val_predictions_epoch45.npy
  Gradient norms:
    lstm_encoder: 0.007301
    lstm_decoder: 0.003555
    output_layer: 0.083426
  VSN output std:
    encoder: 0.292233
  Attention entropy: 2.954391
  Saved to: experiments/12c_h1_rolling/market_only_daily_h1_h14/fold_2023/collapse_monitoring/collapse_monitor_latest.json
[DEBUG CollapseMonitor] on_validation_epoch_start called for epoch 46
[DEBUG CollapseMonitor] reset_temporal_state() called on loss function
Epoch 46: val_loss=0.7154780030250549
Epoch 46: train_loss=0.37683987617492676

[CollapseMonitor] Epoch 46
  [DEBUG] Processed 4 batches from val_dataloader
  [DEBUG] Predictions shape after concat: (199,)
  Pred std: 0.019000, range: 0.084100, mean: 0.198852
  Pos: 100.0%, Neg: 0.0%, Unique: 199
  Dir Acc: 44.72%, Pred Sharpe: 166.1426
  Composite: 0.3236 (dist_match: 0.4472, actual_pos: 44.7%, pred_pos: 100.0%)
  Collapse penalty: 0.000000 (threshold: 0.005000)
  Saved validation predictions to: experiments/12c_h1_rolling/market_only_daily_h1_h14/fold_2023/collapse_monitoring/val_predictions_epoch46.npy
  Gradient norms:
    lstm_encoder: 0.007515
    lstm_decoder: 0.003626
    output_layer: 0.076576
  VSN output std:
    encoder: 0.292822
  Attention entropy: 2.949952
  Saved to: experiments/12c_h1_rolling/market_only_daily_h1_h14/fold_2023/collapse_monitoring/collapse_monitor_latest.json
[DEBUG CollapseMonitor] on_validation_epoch_start called for epoch 47
[DEBUG CollapseMonitor] reset_temporal_state() called on loss function
Epoch 47: val_loss=0.7155991792678833
Epoch 47: train_loss=0.3771445155143738

[CollapseMonitor] Epoch 47
  [DEBUG] Processed 4 batches from val_dataloader
  [DEBUG] Predictions shape after concat: (199,)
  Pred std: 0.018833, range: 0.083977, mean: 0.217660
  Pos: 100.0%, Neg: 0.0%, Unique: 198
  Dir Acc: 44.72%, Pred Sharpe: 183.4670
  Composite: 0.3236 (dist_match: 0.4472, actual_pos: 44.7%, pred_pos: 100.0%)
  Collapse penalty: 0.000000 (threshold: 0.005000)
  Saved validation predictions to: experiments/12c_h1_rolling/market_only_daily_h1_h14/fold_2023/collapse_monitoring/val_predictions_epoch47.npy
  Gradient norms:
    lstm_encoder: 0.008844
    lstm_decoder: 0.004221
    output_layer: 0.094657
  VSN output std:
    encoder: 0.292714
  Attention entropy: 2.949118
  Saved to: experiments/12c_h1_rolling/market_only_daily_h1_h14/fold_2023/collapse_monitoring/collapse_monitor_latest.json
[DEBUG CollapseMonitor] on_validation_epoch_start called for epoch 48
[DEBUG CollapseMonitor] reset_temporal_state() called on loss function
Epoch 48: val_loss=0.7133044004440308
Epoch 48: train_loss=0.37455275654792786

[CollapseMonitor] Epoch 48
  [DEBUG] Processed 4 batches from val_dataloader
  [DEBUG] Predictions shape after concat: (199,)
  Pred std: 0.024495, range: 0.098551, mean: 0.213732
  Pos: 100.0%, Neg: 0.0%, Unique: 199
  Dir Acc: 44.72%, Pred Sharpe: 138.5147
  Composite: 0.3236 (dist_match: 0.4472, actual_pos: 44.7%, pred_pos: 100.0%)
  Collapse penalty: 0.000000 (threshold: 0.005000)
  Saved validation predictions to: experiments/12c_h1_rolling/market_only_daily_h1_h14/fold_2023/collapse_monitoring/val_predictions_epoch48.npy
  Gradient norms:
    lstm_encoder: 0.007159
    lstm_decoder: 0.003585
    output_layer: 0.080276
  VSN output std:
    encoder: 0.293351
  Attention entropy: 2.945861
  Saved to: experiments/12c_h1_rolling/market_only_daily_h1_h14/fold_2023/collapse_monitoring/collapse_monitor_latest.json
[DEBUG CollapseMonitor] on_validation_epoch_start called for epoch 49
[DEBUG CollapseMonitor] reset_temporal_state() called on loss function
Epoch 49: val_loss=0.713201642036438
Epoch 49: train_loss=0.3732004463672638

[CollapseMonitor] Epoch 49
  [DEBUG] Processed 4 batches from val_dataloader
  [DEBUG] Predictions shape after concat: (199,)
  Pred std: 0.026902, range: 0.106801, mean: 0.233221
  Pos: 100.0%, Neg: 0.0%, Unique: 199
  Dir Acc: 44.72%, Pred Sharpe: 137.6227
  Composite: 0.3236 (dist_match: 0.4472, actual_pos: 44.7%, pred_pos: 100.0%)
  Collapse penalty: 0.000000 (threshold: 0.005000)
  Saved validation predictions to: experiments/12c_h1_rolling/market_only_daily_h1_h14/fold_2023/collapse_monitoring/val_predictions_epoch49.npy
  Gradient norms:
    lstm_encoder: 0.008932
    lstm_decoder: 0.004471
    output_layer: 0.089101
  VSN output std:
    encoder: 0.294836
  Attention entropy: 2.940279
  Saved to: experiments/12c_h1_rolling/market_only_daily_h1_h14/fold_2023/collapse_monitoring/collapse_monitor_latest.json
[DEBUG CollapseMonitor] on_validation_epoch_start called for epoch 50
[DEBUG CollapseMonitor] reset_temporal_state() called on loss function
Epoch 50: val_loss=0.7097361087799072
Epoch 50: train_loss=0.37554997205734253

[CollapseMonitor] Epoch 50
  [DEBUG] Processed 4 batches from val_dataloader
  [DEBUG] Predictions shape after concat: (199,)
  Pred std: 0.026268, range: 0.107155, mean: 0.219892
  Pos: 100.0%, Neg: 0.0%, Unique: 199
  Dir Acc: 44.72%, Pred Sharpe: 132.8893
  Composite: 0.3236 (dist_match: 0.4472, actual_pos: 44.7%, pred_pos: 100.0%)
  Collapse penalty: 0.000000 (threshold: 0.005000)
  Saved validation predictions to: experiments/12c_h1_rolling/market_only_daily_h1_h14/fold_2023/collapse_monitoring/val_predictions_epoch50.npy
  Gradient norms:
    lstm_encoder: 0.008030
    lstm_decoder: 0.004038
    output_layer: 0.088743
  VSN output std:
    encoder: 0.295084
  Attention entropy: 2.940883
  Saved to: experiments/12c_h1_rolling/market_only_daily_h1_h14/fold_2023/collapse_monitoring/collapse_monitor_latest.json
[DEBUG CollapseMonitor] on_validation_epoch_start called for epoch 51
[DEBUG CollapseMonitor] reset_temporal_state() called on loss function
Epoch 51: val_loss=0.7073642611503601
Epoch 51: train_loss=0.37330663204193115

[CollapseMonitor] Epoch 51
  [DEBUG] Processed 4 batches from val_dataloader
  [DEBUG] Predictions shape after concat: (199,)
  Pred std: 0.029029, range: 0.120021, mean: 0.204690
  Pos: 100.0%, Neg: 0.0%, Unique: 198
  Dir Acc: 44.72%, Pred Sharpe: 111.9349
  Composite: 0.3236 (dist_match: 0.4472, actual_pos: 44.7%, pred_pos: 100.0%)
  Collapse penalty: 0.000000 (threshold: 0.005000)
  Saved validation predictions to: experiments/12c_h1_rolling/market_only_daily_h1_h14/fold_2023/collapse_monitoring/val_predictions_epoch51.npy
  Gradient norms:
    lstm_encoder: 0.010471
    lstm_decoder: 0.004834
    output_layer: 0.086445
  VSN output std:
    encoder: 0.295592
  Attention entropy: 2.943777
  Saved to: experiments/12c_h1_rolling/market_only_daily_h1_h14/fold_2023/collapse_monitoring/collapse_monitor_latest.json
[DEBUG CollapseMonitor] on_validation_epoch_start called for epoch 52
[DEBUG CollapseMonitor] reset_temporal_state() called on loss function
Epoch 52: val_loss=0.7056782245635986
Epoch 52: train_loss=0.3747795820236206

[CollapseMonitor] Epoch 52
  [DEBUG] Processed 4 batches from val_dataloader
  [DEBUG] Predictions shape after concat: (199,)
  Pred std: 0.030735, range: 0.123446, mean: 0.217574
  Pos: 100.0%, Neg: 0.0%, Unique: 198
  Dir Acc: 44.72%, Pred Sharpe: 112.3765
  Composite: 0.3236 (dist_match: 0.4472, actual_pos: 44.7%, pred_pos: 100.0%)
  Collapse penalty: 0.000000 (threshold: 0.005000)
  Saved validation predictions to: experiments/12c_h1_rolling/market_only_daily_h1_h14/fold_2023/collapse_monitoring/val_predictions_epoch52.npy
  Gradient norms:
    lstm_encoder: 0.008214
    lstm_decoder: 0.004056
    output_layer: 0.087531
  VSN output std:
    encoder: 0.295562
  Attention entropy: 2.943696
  Saved to: experiments/12c_h1_rolling/market_only_daily_h1_h14/fold_2023/collapse_monitoring/collapse_monitor_latest.json
[DEBUG CollapseMonitor] on_validation_epoch_start called for epoch 53
[DEBUG CollapseMonitor] reset_temporal_state() called on loss function
Epoch 53: val_loss=0.7052289247512817
Epoch 53: train_loss=0.3726659119129181

[CollapseMonitor] Epoch 53
  [DEBUG] Processed 4 batches from val_dataloader
  [DEBUG] Predictions shape after concat: (199,)
  Pred std: 0.037168, range: 0.145903, mean: 0.230411
  Pos: 100.0%, Neg: 0.0%, Unique: 198
  Dir Acc: 44.72%, Pred Sharpe: 98.4102
  Composite: 0.3236 (dist_match: 0.4472, actual_pos: 44.7%, pred_pos: 100.0%)
  Collapse penalty: 0.000000 (threshold: 0.005000)
  Saved validation predictions to: experiments/12c_h1_rolling/market_only_daily_h1_h14/fold_2023/collapse_monitoring/val_predictions_epoch53.npy
  Gradient norms:
    lstm_encoder: 0.010153
    lstm_decoder: 0.004595
    output_layer: 0.077799
  VSN output std:
    encoder: 0.292257
  Attention entropy: 2.941873
  Saved to: experiments/12c_h1_rolling/market_only_daily_h1_h14/fold_2023/collapse_monitoring/collapse_monitor_latest.json
[DEBUG CollapseMonitor] on_validation_epoch_start called for epoch 54
[DEBUG CollapseMonitor] reset_temporal_state() called on loss function
Epoch 54: val_loss=0.7050514221191406
Epoch 54: train_loss=0.372272253036499

[CollapseMonitor] Epoch 54
  [DEBUG] Processed 4 batches from val_dataloader
  [DEBUG] Predictions shape after concat: (199,)
  Pred std: 0.038206, range: 0.152933, mean: 0.252222
  Pos: 100.0%, Neg: 0.0%, Unique: 199
  Dir Acc: 44.72%, Pred Sharpe: 104.7984
  Composite: 0.3236 (dist_match: 0.4472, actual_pos: 44.7%, pred_pos: 100.0%)
  Collapse penalty: 0.000000 (threshold: 0.005000)
  Saved validation predictions to: experiments/12c_h1_rolling/market_only_daily_h1_h14/fold_2023/collapse_monitoring/val_predictions_epoch54.npy
  Gradient norms:
    lstm_encoder: 0.012200
    lstm_decoder: 0.005314
    output_layer: 0.091478
  VSN output std:
    encoder: 0.283405
  Attention entropy: 2.940128
  Saved to: experiments/12c_h1_rolling/market_only_daily_h1_h14/fold_2023/collapse_monitoring/collapse_monitor_latest.json
[DEBUG CollapseMonitor] on_validation_epoch_start called for epoch 55
[DEBUG CollapseMonitor] reset_temporal_state() called on loss function
Epoch 55: val_loss=0.701791524887085
Epoch 55: train_loss=0.3720051050186157

[CollapseMonitor] Epoch 55
  [DEBUG] Processed 4 batches from val_dataloader
  [DEBUG] Predictions shape after concat: (199,)
  Pred std: 0.043915, range: 0.171142, mean: 0.250933
  Pos: 100.0%, Neg: 0.0%, Unique: 199
  Dir Acc: 44.72%, Pred Sharpe: 90.7074
  Composite: 0.3236 (dist_match: 0.4472, actual_pos: 44.7%, pred_pos: 100.0%)
  Collapse penalty: 0.000000 (threshold: 0.005000)
  Saved validation predictions to: experiments/12c_h1_rolling/market_only_daily_h1_h14/fold_2023/collapse_monitoring/val_predictions_epoch55.npy
  Gradient norms:
    lstm_encoder: 0.012404
    lstm_decoder: 0.005443
    output_layer: 0.088418
  VSN output std:
    encoder: 0.280643
  Attention entropy: 2.940331
  Saved to: experiments/12c_h1_rolling/market_only_daily_h1_h14/fold_2023/collapse_monitoring/collapse_monitor_latest.json
[DEBUG CollapseMonitor] on_validation_epoch_start called for epoch 56
[DEBUG CollapseMonitor] reset_temporal_state() called on loss function
Epoch 56: val_loss=0.7012974619865417
Epoch 56: train_loss=0.3727222681045532

[CollapseMonitor] Epoch 56
  [DEBUG] Processed 4 batches from val_dataloader
  [DEBUG] Predictions shape after concat: (199,)
  Pred std: 0.042878, range: 0.164338, mean: 0.271739
  Pos: 100.0%, Neg: 0.0%, Unique: 199
  Dir Acc: 44.72%, Pred Sharpe: 100.6057
  Composite: 0.3236 (dist_match: 0.4472, actual_pos: 44.7%, pred_pos: 100.0%)
  Collapse penalty: 0.000000 (threshold: 0.005000)
  Saved validation predictions to: experiments/12c_h1_rolling/market_only_daily_h1_h14/fold_2023/collapse_monitoring/val_predictions_epoch56.npy
  Gradient norms:
    lstm_encoder: 0.012320
    lstm_decoder: 0.005482
    output_layer: 0.089339
  VSN output std:
    encoder: 0.285706
  Attention entropy: 2.934807
  Saved to: experiments/12c_h1_rolling/market_only_daily_h1_h14/fold_2023/collapse_monitoring/collapse_monitor_latest.json
[DEBUG CollapseMonitor] on_validation_epoch_start called for epoch 57
[DEBUG CollapseMonitor] reset_temporal_state() called on loss function
Epoch 57: val_loss=0.6979056596755981
Epoch 57: train_loss=0.37054964900016785

[CollapseMonitor] Epoch 57
  [DEBUG] Processed 4 batches from val_dataloader
  [DEBUG] Predictions shape after concat: (199,)
  Pred std: 0.040621, range: 0.163898, mean: 0.231010
  Pos: 100.0%, Neg: 0.0%, Unique: 198
  Dir Acc: 44.72%, Pred Sharpe: 90.2770
  Composite: 0.3236 (dist_match: 0.4472, actual_pos: 44.7%, pred_pos: 100.0%)
  Collapse penalty: 0.000000 (threshold: 0.005000)
  Saved validation predictions to: experiments/12c_h1_rolling/market_only_daily_h1_h14/fold_2023/collapse_monitoring/val_predictions_epoch57.npy
  Gradient norms:
    lstm_encoder: 0.013565
    lstm_decoder: 0.005996
    output_layer: 0.083215
  VSN output std:
    encoder: 0.288402
  Attention entropy: 2.935273
  Saved to: experiments/12c_h1_rolling/market_only_daily_h1_h14/fold_2023/collapse_monitoring/collapse_monitor_latest.json
[DEBUG CollapseMonitor] on_validation_epoch_start called for epoch 58
[DEBUG CollapseMonitor] reset_temporal_state() called on loss function
Epoch 58: val_loss=0.6961383819580078
Epoch 58: train_loss=0.36615511775016785

[CollapseMonitor] Epoch 58
  [DEBUG] Processed 4 batches from val_dataloader
  [DEBUG] Predictions shape after concat: (199,)
  Pred std: 0.039416, range: 0.155488, mean: 0.254948
  Pos: 100.0%, Neg: 0.0%, Unique: 198
  Dir Acc: 44.72%, Pred Sharpe: 102.6776
  Composite: 0.3236 (dist_match: 0.4472, actual_pos: 44.7%, pred_pos: 100.0%)
  Collapse penalty: 0.000000 (threshold: 0.005000)
  Saved validation predictions to: experiments/12c_h1_rolling/market_only_daily_h1_h14/fold_2023/collapse_monitoring/val_predictions_epoch58.npy
  Gradient norms:
    lstm_encoder: 0.012067
    lstm_decoder: 0.005075
    output_layer: 0.075330
  VSN output std:
    encoder: 0.294485
  Attention entropy: 2.934852
  Saved to: experiments/12c_h1_rolling/market_only_daily_h1_h14/fold_2023/collapse_monitoring/collapse_monitor_latest.json
[DEBUG CollapseMonitor] on_validation_epoch_start called for epoch 59
[DEBUG CollapseMonitor] reset_temporal_state() called on loss function
Epoch 59: val_loss=0.69551682472229
Epoch 59: train_loss=0.3678286671638489

[CollapseMonitor] Epoch 59
  [DEBUG] Processed 4 batches from val_dataloader
  [DEBUG] Predictions shape after concat: (199,)
  Pred std: 0.038341, range: 0.155083, mean: 0.247658
  Pos: 100.0%, Neg: 0.0%, Unique: 199
  Dir Acc: 44.72%, Pred Sharpe: 102.5400
  Composite: 0.3236 (dist_match: 0.4472, actual_pos: 44.7%, pred_pos: 100.0%)
  Collapse penalty: 0.000000 (threshold: 0.005000)
  Saved validation predictions to: experiments/12c_h1_rolling/market_only_daily_h1_h14/fold_2023/collapse_monitoring/val_predictions_epoch59.npy
  Gradient norms:
    lstm_encoder: 0.014337
    lstm_decoder: 0.005804
    output_layer: 0.082561
  VSN output std:
    encoder: 0.294668
  Attention entropy: 2.932142
  Saved to: experiments/12c_h1_rolling/market_only_daily_h1_h14/fold_2023/collapse_monitoring/collapse_monitor_latest.json
[DEBUG CollapseMonitor] on_validation_epoch_start called for epoch 60
[DEBUG CollapseMonitor] reset_temporal_state() called on loss function
Epoch 60: val_loss=0.6969729661941528
Epoch 60: train_loss=0.3700205087661743

[CollapseMonitor] Epoch 60
  [DEBUG] Processed 4 batches from val_dataloader
  [DEBUG] Predictions shape after concat: (199,)
  Pred std: 0.044728, range: 0.179012, mean: 0.283978
  Pos: 100.0%, Neg: 0.0%, Unique: 199
  Dir Acc: 44.72%, Pred Sharpe: 100.7868
  Composite: 0.3236 (dist_match: 0.4472, actual_pos: 44.7%, pred_pos: 100.0%)
  Collapse penalty: 0.000000 (threshold: 0.005000)
  Saved validation predictions to: experiments/12c_h1_rolling/market_only_daily_h1_h14/fold_2023/collapse_monitoring/val_predictions_epoch60.npy
  Gradient norms:
    lstm_encoder: 0.013517
    lstm_decoder: 0.005576
    output_layer: 0.082838
  VSN output std:
    encoder: 0.298983
  Attention entropy: 2.930176
  Saved to: experiments/12c_h1_rolling/market_only_daily_h1_h14/fold_2023/collapse_monitoring/collapse_monitor_latest.json
[DEBUG CollapseMonitor] on_validation_epoch_start called for epoch 61
[DEBUG CollapseMonitor] reset_temporal_state() called on loss function
Epoch 61: val_loss=0.6942655444145203
Epoch 61: train_loss=0.36793017387390137

[CollapseMonitor] Epoch 61
  [DEBUG] Processed 4 batches from val_dataloader
  [DEBUG] Predictions shape after concat: (199,)
  Pred std: 0.041759, range: 0.172969, mean: 0.282799
  Pos: 100.0%, Neg: 0.0%, Unique: 198
  Dir Acc: 44.72%, Pred Sharpe: 107.5049
  Composite: 0.3236 (dist_match: 0.4472, actual_pos: 44.7%, pred_pos: 100.0%)
  Collapse penalty: 0.000000 (threshold: 0.005000)
  Saved validation predictions to: experiments/12c_h1_rolling/market_only_daily_h1_h14/fold_2023/collapse_monitoring/val_predictions_epoch61.npy
  Gradient norms:
    lstm_encoder: 0.018643
    lstm_decoder: 0.007423
    output_layer: 0.086908
  VSN output std:
    encoder: 0.300080
  Attention entropy: 2.935265
  Saved to: experiments/12c_h1_rolling/market_only_daily_h1_h14/fold_2023/collapse_monitoring/collapse_monitor_latest.json
[DEBUG CollapseMonitor] on_validation_epoch_start called for epoch 62
[DEBUG CollapseMonitor] reset_temporal_state() called on loss function
Epoch 62: val_loss=0.6929367184638977
Epoch 62: train_loss=0.3689289093017578

[CollapseMonitor] Epoch 62
  [DEBUG] Processed 4 batches from val_dataloader
  [DEBUG] Predictions shape after concat: (199,)
  Pred std: 0.044144, range: 0.178944, mean: 0.273979
  Pos: 100.0%, Neg: 0.0%, Unique: 199
  Dir Acc: 44.72%, Pred Sharpe: 98.5237
  Composite: 0.3236 (dist_match: 0.4472, actual_pos: 44.7%, pred_pos: 100.0%)
  Collapse penalty: 0.000000 (threshold: 0.005000)
  Saved validation predictions to: experiments/12c_h1_rolling/market_only_daily_h1_h14/fold_2023/collapse_monitoring/val_predictions_epoch62.npy
  Gradient norms:
    lstm_encoder: 0.018274
    lstm_decoder: 0.006313
    output_layer: 0.082111
  VSN output std:
    encoder: 0.297831
  Attention entropy: 2.931555
  Saved to: experiments/12c_h1_rolling/market_only_daily_h1_h14/fold_2023/collapse_monitoring/collapse_monitor_latest.json
[DEBUG CollapseMonitor] on_validation_epoch_start called for epoch 63
[DEBUG CollapseMonitor] reset_temporal_state() called on loss function
Epoch 63: val_loss=0.6921892762184143
Epoch 63: train_loss=0.3686140477657318

[CollapseMonitor] Epoch 63
  [DEBUG] Processed 4 batches from val_dataloader
  [DEBUG] Predictions shape after concat: (199,)
  Pred std: 0.039099, range: 0.166488, mean: 0.266872
  Pos: 100.0%, Neg: 0.0%, Unique: 198
  Dir Acc: 44.72%, Pred Sharpe: 108.3515
  Composite: 0.3236 (dist_match: 0.4472, actual_pos: 44.7%, pred_pos: 100.0%)
  Collapse penalty: 0.000000 (threshold: 0.005000)
  Saved validation predictions to: experiments/12c_h1_rolling/market_only_daily_h1_h14/fold_2023/collapse_monitoring/val_predictions_epoch63.npy
  Gradient norms:
    lstm_encoder: 0.015931
    lstm_decoder: 0.005427
    output_layer: 0.073059
  VSN output std:
    encoder: 0.299983
  Attention entropy: 2.929159
  Saved to: experiments/12c_h1_rolling/market_only_daily_h1_h14/fold_2023/collapse_monitoring/collapse_monitor_latest.json
[DEBUG CollapseMonitor] on_validation_epoch_start called for epoch 64
[DEBUG CollapseMonitor] reset_temporal_state() called on loss function
Epoch 64: val_loss=0.6897777915000916
Epoch 64: train_loss=0.3680524528026581

[CollapseMonitor] Epoch 64
  [DEBUG] Processed 4 batches from val_dataloader
  [DEBUG] Predictions shape after concat: (199,)
  Pred std: 0.039150, range: 0.165727, mean: 0.262849
  Pos: 100.0%, Neg: 0.0%, Unique: 198
  Dir Acc: 44.72%, Pred Sharpe: 106.5799
  Composite: 0.3236 (dist_match: 0.4472, actual_pos: 44.7%, pred_pos: 100.0%)
  Collapse penalty: 0.000000 (threshold: 0.005000)
  Saved validation predictions to: experiments/12c_h1_rolling/market_only_daily_h1_h14/fold_2023/collapse_monitoring/val_predictions_epoch64.npy
  Gradient norms:
    lstm_encoder: 0.017948
    lstm_decoder: 0.006642
    output_layer: 0.084648
  VSN output std:
    encoder: 0.301580
  Attention entropy: 2.931107
  Saved to: experiments/12c_h1_rolling/market_only_daily_h1_h14/fold_2023/collapse_monitoring/collapse_monitor_latest.json
[DEBUG CollapseMonitor] on_validation_epoch_start called for epoch 65
[DEBUG CollapseMonitor] reset_temporal_state() called on loss function
Epoch 65: val_loss=0.688546895980835
Epoch 65: train_loss=0.368170827627182

[CollapseMonitor] Epoch 65
  [DEBUG] Processed 4 batches from val_dataloader
  [DEBUG] Predictions shape after concat: (199,)
  Pred std: 0.047426, range: 0.202775, mean: 0.260309
  Pos: 100.0%, Neg: 0.0%, Unique: 199
  Dir Acc: 44.72%, Pred Sharpe: 87.1308
  Composite: 0.3236 (dist_match: 0.4472, actual_pos: 44.7%, pred_pos: 100.0%)
  Collapse penalty: 0.000000 (threshold: 0.005000)
  Saved validation predictions to: experiments/12c_h1_rolling/market_only_daily_h1_h14/fold_2023/collapse_monitoring/val_predictions_epoch65.npy
  Gradient norms:
    lstm_encoder: 0.018238
    lstm_decoder: 0.006766
    output_layer: 0.082785
  VSN output std:
    encoder: 0.303290
  Attention entropy: 2.932905
  Saved to: experiments/12c_h1_rolling/market_only_daily_h1_h14/fold_2023/collapse_monitoring/collapse_monitor_latest.json
[DEBUG CollapseMonitor] on_validation_epoch_start called for epoch 66
[DEBUG CollapseMonitor] reset_temporal_state() called on loss function
Epoch 66: val_loss=0.6882160305976868
Epoch 66: train_loss=0.36599788069725037

[CollapseMonitor] Epoch 66
  [DEBUG] Processed 4 batches from val_dataloader
  [DEBUG] Predictions shape after concat: (199,)
  Pred std: 0.044189, range: 0.189327, mean: 0.279844
  Pos: 100.0%, Neg: 0.0%, Unique: 199
  Dir Acc: 44.72%, Pred Sharpe: 100.5311
  Composite: 0.3236 (dist_match: 0.4472, actual_pos: 44.7%, pred_pos: 100.0%)
  Collapse penalty: 0.000000 (threshold: 0.005000)
  Saved validation predictions to: experiments/12c_h1_rolling/market_only_daily_h1_h14/fold_2023/collapse_monitoring/val_predictions_epoch66.npy
  Gradient norms:
    lstm_encoder: 0.022963
    lstm_decoder: 0.008310
    output_layer: 0.096516
  VSN output std:
    encoder: 0.302715
  Attention entropy: 2.931951
  Saved to: experiments/12c_h1_rolling/market_only_daily_h1_h14/fold_2023/collapse_monitoring/collapse_monitor_latest.json
[DEBUG CollapseMonitor] on_validation_epoch_start called for epoch 67
[DEBUG CollapseMonitor] reset_temporal_state() called on loss function
Epoch 67: val_loss=0.6867201924324036
Epoch 67: train_loss=0.3672698736190796

[CollapseMonitor] Epoch 67
  [DEBUG] Processed 4 batches from val_dataloader
  [DEBUG] Predictions shape after concat: (199,)
  Pred std: 0.045878, range: 0.197460, mean: 0.254533
  Pos: 100.0%, Neg: 0.0%, Unique: 199
  Dir Acc: 44.72%, Pred Sharpe: 88.0718
  Composite: 0.3236 (dist_match: 0.4472, actual_pos: 44.7%, pred_pos: 100.0%)
  Collapse penalty: 0.000000 (threshold: 0.005000)
  Saved validation predictions to: experiments/12c_h1_rolling/market_only_daily_h1_h14/fold_2023/collapse_monitoring/val_predictions_epoch67.npy
  Gradient norms:
    lstm_encoder: 0.018563
    lstm_decoder: 0.007334
    output_layer: 0.090801
  VSN output std:
    encoder: 0.303557
  Attention entropy: 2.926986
  Saved to: experiments/12c_h1_rolling/market_only_daily_h1_h14/fold_2023/collapse_monitoring/collapse_monitor_latest.json
[DEBUG CollapseMonitor] on_validation_epoch_start called for epoch 68
[DEBUG CollapseMonitor] reset_temporal_state() called on loss function
Epoch 68: val_loss=0.6868443489074707
Epoch 68: train_loss=0.36717134714126587

[CollapseMonitor] Epoch 68
  [DEBUG] Processed 4 batches from val_dataloader
  [DEBUG] Predictions shape after concat: (199,)
  Pred std: 0.049486, range: 0.214160, mean: 0.285219
  Pos: 100.0%, Neg: 0.0%, Unique: 199
  Dir Acc: 44.72%, Pred Sharpe: 91.4949
  Composite: 0.3236 (dist_match: 0.4472, actual_pos: 44.7%, pred_pos: 100.0%)
  Collapse penalty: 0.000000 (threshold: 0.005000)
  Saved validation predictions to: experiments/12c_h1_rolling/market_only_daily_h1_h14/fold_2023/collapse_monitoring/val_predictions_epoch68.npy
  Gradient norms:
    lstm_encoder: 0.019343
    lstm_decoder: 0.006666
    output_layer: 0.079476
  VSN output std:
    encoder: 0.303113
  Attention entropy: 2.927793
  Saved to: experiments/12c_h1_rolling/market_only_daily_h1_h14/fold_2023/collapse_monitoring/collapse_monitor_latest.json
[DEBUG CollapseMonitor] on_validation_epoch_start called for epoch 69
[DEBUG CollapseMonitor] reset_temporal_state() called on loss function
Epoch 69: val_loss=0.6856186985969543
Epoch 69: train_loss=0.36577320098876953

[CollapseMonitor] Epoch 69
  [DEBUG] Processed 4 batches from val_dataloader
  [DEBUG] Predictions shape after concat: (199,)
  Pred std: 0.048618, range: 0.208160, mean: 0.262033
  Pos: 100.0%, Neg: 0.0%, Unique: 199
  Dir Acc: 44.72%, Pred Sharpe: 85.5584
  Composite: 0.3236 (dist_match: 0.4472, actual_pos: 44.7%, pred_pos: 100.0%)
  Collapse penalty: 0.000000 (threshold: 0.005000)
  Saved validation predictions to: experiments/12c_h1_rolling/market_only_daily_h1_h14/fold_2023/collapse_monitoring/val_predictions_epoch69.npy
  Gradient norms:
    lstm_encoder: 0.019765
    lstm_decoder: 0.006598
    output_layer: 0.079553
  VSN output std:
    encoder: 0.305024
  Attention entropy: 2.929204
  Saved to: experiments/12c_h1_rolling/market_only_daily_h1_h14/fold_2023/collapse_monitoring/collapse_monitor_latest.json
[DEBUG CollapseMonitor] on_validation_epoch_start called for epoch 70
[DEBUG CollapseMonitor] reset_temporal_state() called on loss function
Epoch 70: val_loss=0.6861706376075745
Epoch 70: train_loss=0.3671604096889496

[CollapseMonitor] Epoch 70
  [DEBUG] Processed 4 batches from val_dataloader
  [DEBUG] Predictions shape after concat: (199,)
  Pred std: 0.051824, range: 0.219013, mean: 0.291680
  Pos: 100.0%, Neg: 0.0%, Unique: 198
  Dir Acc: 44.72%, Pred Sharpe: 89.3468
  Composite: 0.3236 (dist_match: 0.4472, actual_pos: 44.7%, pred_pos: 100.0%)
  Collapse penalty: 0.000000 (threshold: 0.005000)
  Saved validation predictions to: experiments/12c_h1_rolling/market_only_daily_h1_h14/fold_2023/collapse_monitoring/val_predictions_epoch70.npy
  Gradient norms:
    lstm_encoder: 0.023032
    lstm_decoder: 0.007487
    output_layer: 0.092627
  VSN output std:
    encoder: 0.303980
  Attention entropy: 2.927444
  Saved to: experiments/12c_h1_rolling/market_only_daily_h1_h14/fold_2023/collapse_monitoring/collapse_monitor_latest.json
[DEBUG CollapseMonitor] on_validation_epoch_start called for epoch 71
[DEBUG CollapseMonitor] reset_temporal_state() called on loss function
Epoch 71: val_loss=0.6867956519126892
Epoch 71: train_loss=0.3665336072444916

[CollapseMonitor] Epoch 71
  [DEBUG] Processed 4 batches from val_dataloader
  [DEBUG] Predictions shape after concat: (199,)
  Pred std: 0.051781, range: 0.220436, mean: 0.316250
  Pos: 100.0%, Neg: 0.0%, Unique: 199
  Dir Acc: 44.72%, Pred Sharpe: 96.9531
  Composite: 0.3236 (dist_match: 0.4472, actual_pos: 44.7%, pred_pos: 100.0%)
  Collapse penalty: 0.000000 (threshold: 0.005000)
  Saved validation predictions to: experiments/12c_h1_rolling/market_only_daily_h1_h14/fold_2023/collapse_monitoring/val_predictions_epoch71.npy
  Gradient norms:
    lstm_encoder: 0.022840
    lstm_decoder: 0.008143
    output_layer: 0.091746
  VSN output std:
    encoder: 0.304659
  Attention entropy: 2.930716
  Saved to: experiments/12c_h1_rolling/market_only_daily_h1_h14/fold_2023/collapse_monitoring/collapse_monitor_latest.json
[DEBUG CollapseMonitor] on_validation_epoch_start called for epoch 72
[DEBUG CollapseMonitor] reset_temporal_state() called on loss function
Epoch 72: val_loss=0.6842436790466309
Epoch 72: train_loss=0.36675071716308594

[CollapseMonitor] Epoch 72
  [DEBUG] Processed 4 batches from val_dataloader
  [DEBUG] Predictions shape after concat: (199,)
  Pred std: 0.055835, range: 0.238723, mean: 0.277944
  Pos: 100.0%, Neg: 0.0%, Unique: 198
  Dir Acc: 44.72%, Pred Sharpe: 79.0230
  Composite: 0.3236 (dist_match: 0.4472, actual_pos: 44.7%, pred_pos: 100.0%)
  Collapse penalty: 0.000000 (threshold: 0.005000)
  Saved validation predictions to: experiments/12c_h1_rolling/market_only_daily_h1_h14/fold_2023/collapse_monitoring/val_predictions_epoch72.npy
  Gradient norms:
    lstm_encoder: 0.020395
    lstm_decoder: 0.007298
    output_layer: 0.077576
  VSN output std:
    encoder: 0.304528
  Attention entropy: 2.931382
  Saved to: experiments/12c_h1_rolling/market_only_daily_h1_h14/fold_2023/collapse_monitoring/collapse_monitor_latest.json
[DEBUG CollapseMonitor] on_validation_epoch_start called for epoch 73
[DEBUG CollapseMonitor] reset_temporal_state() called on loss function
Epoch 73: val_loss=0.6838905811309814
Epoch 73: train_loss=0.3658685088157654

[CollapseMonitor] Epoch 73
  [DEBUG] Processed 4 batches from val_dataloader
  [DEBUG] Predictions shape after concat: (199,)
  Pred std: 0.056618, range: 0.239822, mean: 0.299925
  Pos: 100.0%, Neg: 0.0%, Unique: 199
  Dir Acc: 44.72%, Pred Sharpe: 84.0929
  Composite: 0.3236 (dist_match: 0.4472, actual_pos: 44.7%, pred_pos: 100.0%)
  Collapse penalty: 0.000000 (threshold: 0.005000)
  Saved validation predictions to: experiments/12c_h1_rolling/market_only_daily_h1_h14/fold_2023/collapse_monitoring/val_predictions_epoch73.npy
  Gradient norms:
    lstm_encoder: 0.021326
    lstm_decoder: 0.007695
    output_layer: 0.089255
  VSN output std:
    encoder: 0.305355
  Attention entropy: 2.933342
  Saved to: experiments/12c_h1_rolling/market_only_daily_h1_h14/fold_2023/collapse_monitoring/collapse_monitor_latest.json
[DEBUG CollapseMonitor] on_validation_epoch_start called for epoch 74
[DEBUG CollapseMonitor] reset_temporal_state() called on loss function
Epoch 74: val_loss=0.6843100190162659
Epoch 74: train_loss=0.3657362163066864

[CollapseMonitor] Epoch 74
  [DEBUG] Processed 4 batches from val_dataloader
  [DEBUG] Predictions shape after concat: (199,)
  Pred std: 0.063785, range: 0.264315, mean: 0.292486
  Pos: 100.0%, Neg: 0.0%, Unique: 199
  Dir Acc: 44.72%, Pred Sharpe: 72.7921
  Composite: 0.3236 (dist_match: 0.4472, actual_pos: 44.7%, pred_pos: 100.0%)
  Collapse penalty: 0.000000 (threshold: 0.005000)
  Saved validation predictions to: experiments/12c_h1_rolling/market_only_daily_h1_h14/fold_2023/collapse_monitoring/val_predictions_epoch74.npy
  Gradient norms:
    lstm_encoder: 0.021900
    lstm_decoder: 0.008172
    output_layer: 0.081305
  VSN output std:
    encoder: 0.304244
  Attention entropy: 2.935495
  Saved to: experiments/12c_h1_rolling/market_only_daily_h1_h14/fold_2023/collapse_monitoring/collapse_monitor_latest.json
[DEBUG CollapseMonitor] on_validation_epoch_start called for epoch 75
[DEBUG CollapseMonitor] reset_temporal_state() called on loss function
Epoch 75: val_loss=0.6839019060134888
Epoch 75: train_loss=0.36346444487571716

[CollapseMonitor] Epoch 75
  [DEBUG] Processed 4 batches from val_dataloader
  [DEBUG] Predictions shape after concat: (199,)
  Pred std: 0.067082, range: 0.274930, mean: 0.305336
  Pos: 100.0%, Neg: 0.0%, Unique: 199
  Dir Acc: 44.72%, Pred Sharpe: 72.2556
  Composite: 0.3236 (dist_match: 0.4472, actual_pos: 44.7%, pred_pos: 100.0%)
  Collapse penalty: 0.000000 (threshold: 0.005000)
  Saved validation predictions to: experiments/12c_h1_rolling/market_only_daily_h1_h14/fold_2023/collapse_monitoring/val_predictions_epoch75.npy
  Gradient norms:
    lstm_encoder: 0.021125
    lstm_decoder: 0.007561
    output_layer: 0.088071
  VSN output std:
    encoder: 0.304502
  Attention entropy: 2.939249
  Saved to: experiments/12c_h1_rolling/market_only_daily_h1_h14/fold_2023/collapse_monitoring/collapse_monitor_latest.json
[DEBUG CollapseMonitor] on_validation_epoch_start called for epoch 76
[DEBUG CollapseMonitor] reset_temporal_state() called on loss function
Epoch 76: val_loss=0.6848190426826477
Epoch 76: train_loss=0.3659583330154419

[CollapseMonitor] Epoch 76
  [DEBUG] Processed 4 batches from val_dataloader
  [DEBUG] Predictions shape after concat: (199,)
  Pred std: 0.069510, range: 0.285997, mean: 0.329311
  Pos: 100.0%, Neg: 0.0%, Unique: 197
  Dir Acc: 44.72%, Pred Sharpe: 75.2073
  Composite: 0.3236 (dist_match: 0.4472, actual_pos: 44.7%, pred_pos: 100.0%)
  Collapse penalty: 0.000000 (threshold: 0.005000)
  Saved validation predictions to: experiments/12c_h1_rolling/market_only_daily_h1_h14/fold_2023/collapse_monitoring/val_predictions_epoch76.npy
  Gradient norms:
    lstm_encoder: 0.025184
    lstm_decoder: 0.008679
    output_layer: 0.082426
  VSN output std:
    encoder: 0.304921
  Attention entropy: 2.939503
  Saved to: experiments/12c_h1_rolling/market_only_daily_h1_h14/fold_2023/collapse_monitoring/collapse_monitor_latest.json
[DEBUG CollapseMonitor] on_validation_epoch_start called for epoch 77
[DEBUG CollapseMonitor] reset_temporal_state() called on loss function
Epoch 77: val_loss=0.6850438117980957
Epoch 77: train_loss=0.36529335379600525

[CollapseMonitor] Epoch 77
  [DEBUG] Processed 4 batches from val_dataloader
  [DEBUG] Predictions shape after concat: (199,)
  Pred std: 0.066513, range: 0.272339, mean: 0.343290
  Pos: 100.0%, Neg: 0.0%, Unique: 198
  Dir Acc: 44.72%, Pred Sharpe: 81.9328
  Composite: 0.3236 (dist_match: 0.4472, actual_pos: 44.7%, pred_pos: 100.0%)
  Collapse penalty: 0.000000 (threshold: 0.005000)
  Saved validation predictions to: experiments/12c_h1_rolling/market_only_daily_h1_h14/fold_2023/collapse_monitoring/val_predictions_epoch77.npy
  Gradient norms:
    lstm_encoder: 0.021757
    lstm_decoder: 0.007843
    output_layer: 0.091615
  VSN output std:
    encoder: 0.304224
  Attention entropy: 2.939883
  Saved to: experiments/12c_h1_rolling/market_only_daily_h1_h14/fold_2023/collapse_monitoring/collapse_monitor_latest.json
[DEBUG CollapseMonitor] on_validation_epoch_start called for epoch 78
[DEBUG CollapseMonitor] reset_temporal_state() called on loss function
Epoch 78: val_loss=0.6830195784568787
Epoch 78: train_loss=0.36441242694854736

[CollapseMonitor] Epoch 78
  [DEBUG] Processed 4 batches from val_dataloader
  [DEBUG] Predictions shape after concat: (199,)
  Pred std: 0.069616, range: 0.282757, mean: 0.316006
  Pos: 100.0%, Neg: 0.0%, Unique: 199
  Dir Acc: 44.72%, Pred Sharpe: 72.0592
  Composite: 0.3236 (dist_match: 0.4472, actual_pos: 44.7%, pred_pos: 100.0%)
  Collapse penalty: 0.000000 (threshold: 0.005000)
  Saved validation predictions to: experiments/12c_h1_rolling/market_only_daily_h1_h14/fold_2023/collapse_monitoring/val_predictions_epoch78.npy
  Gradient norms:
    lstm_encoder: 0.025091
    lstm_decoder: 0.008742
    output_layer: 0.083283
  VSN output std:
    encoder: 0.305624
  Attention entropy: 2.937290
  Saved to: experiments/12c_h1_rolling/market_only_daily_h1_h14/fold_2023/collapse_monitoring/collapse_monitor_latest.json
[DEBUG CollapseMonitor] on_validation_epoch_start called for epoch 79
[DEBUG CollapseMonitor] reset_temporal_state() called on loss function
Epoch 79: val_loss=0.6832331418991089
Epoch 79: train_loss=0.3643355071544647

[CollapseMonitor] Epoch 79
  [DEBUG] Processed 4 batches from val_dataloader
  [DEBUG] Predictions shape after concat: (199,)
  Pred std: 0.072012, range: 0.285318, mean: 0.320160
  Pos: 100.0%, Neg: 0.0%, Unique: 199
  Dir Acc: 44.72%, Pred Sharpe: 70.5772
  Composite: 0.3236 (dist_match: 0.4472, actual_pos: 44.7%, pred_pos: 100.0%)
  Collapse penalty: 0.000000 (threshold: 0.005000)
  Saved validation predictions to: experiments/12c_h1_rolling/market_only_daily_h1_h14/fold_2023/collapse_monitoring/val_predictions_epoch79.npy
  Gradient norms:
    lstm_encoder: 0.023454
    lstm_decoder: 0.008548
    output_layer: 0.082807
  VSN output std:
    encoder: 0.305537
  Attention entropy: 2.936824
  Saved to: experiments/12c_h1_rolling/market_only_daily_h1_h14/fold_2023/collapse_monitoring/collapse_monitor_latest.json
[DEBUG CollapseMonitor] on_validation_epoch_start called for epoch 80
[DEBUG CollapseMonitor] reset_temporal_state() called on loss function
Epoch 80: val_loss=0.6822159886360168
Epoch 80: train_loss=0.3650338351726532

[CollapseMonitor] Epoch 80
  [DEBUG] Processed 4 batches from val_dataloader
  [DEBUG] Predictions shape after concat: (199,)
  Pred std: 0.077695, range: 0.299929, mean: 0.304605
  Pos: 100.0%, Neg: 0.0%, Unique: 199
  Dir Acc: 44.72%, Pred Sharpe: 62.2359
  Composite: 0.3236 (dist_match: 0.4472, actual_pos: 44.7%, pred_pos: 100.0%)
  Collapse penalty: 0.000000 (threshold: 0.005000)
  Saved validation predictions to: experiments/12c_h1_rolling/market_only_daily_h1_h14/fold_2023/collapse_monitoring/val_predictions_epoch80.npy
  Gradient norms:
    lstm_encoder: 0.024320
    lstm_decoder: 0.009040
    output_layer: 0.092486
  VSN output std:
    encoder: 0.305093
  Attention entropy: 2.938754
  Saved to: experiments/12c_h1_rolling/market_only_daily_h1_h14/fold_2023/collapse_monitoring/collapse_monitor_latest.json
[DEBUG CollapseMonitor] on_validation_epoch_start called for epoch 81
[DEBUG CollapseMonitor] reset_temporal_state() called on loss function
Epoch 81: val_loss=0.6823452711105347
Epoch 81: train_loss=0.36435186862945557

[CollapseMonitor] Epoch 81
  [DEBUG] Processed 4 batches from val_dataloader
  [DEBUG] Predictions shape after concat: (199,)
  Pred std: 0.077541, range: 0.301922, mean: 0.327222
  Pos: 100.0%, Neg: 0.0%, Unique: 199
  Dir Acc: 44.72%, Pred Sharpe: 66.9905
  Composite: 0.3236 (dist_match: 0.4472, actual_pos: 44.7%, pred_pos: 100.0%)
  Collapse penalty: 0.000000 (threshold: 0.005000)
  Saved validation predictions to: experiments/12c_h1_rolling/market_only_daily_h1_h14/fold_2023/collapse_monitoring/val_predictions_epoch81.npy
  Gradient norms:
    lstm_encoder: 0.021554
    lstm_decoder: 0.007681
    output_layer: 0.085008
  VSN output std:
    encoder: 0.304496
  Attention entropy: 2.936968
  Saved to: experiments/12c_h1_rolling/market_only_daily_h1_h14/fold_2023/collapse_monitoring/collapse_monitor_latest.json
[DEBUG CollapseMonitor] on_validation_epoch_start called for epoch 82
[DEBUG CollapseMonitor] reset_temporal_state() called on loss function
Epoch 82: val_loss=0.6826281547546387
Epoch 82: train_loss=0.3632355034351349

[CollapseMonitor] Epoch 82
  [DEBUG] Processed 4 batches from val_dataloader
  [DEBUG] Predictions shape after concat: (199,)
  Pred std: 0.083531, range: 0.319996, mean: 0.323535
  Pos: 100.0%, Neg: 0.0%, Unique: 198
  Dir Acc: 44.72%, Pred Sharpe: 61.4858
  Composite: 0.3236 (dist_match: 0.4472, actual_pos: 44.7%, pred_pos: 100.0%)
  Collapse penalty: 0.000000 (threshold: 0.005000)
  Saved validation predictions to: experiments/12c_h1_rolling/market_only_daily_h1_h14/fold_2023/collapse_monitoring/val_predictions_epoch82.npy
  Gradient norms:
    lstm_encoder: 0.024077
    lstm_decoder: 0.008116
    output_layer: 0.092665
  VSN output std:
    encoder: 0.305501
  Attention entropy: 2.936429
  Saved to: experiments/12c_h1_rolling/market_only_daily_h1_h14/fold_2023/collapse_monitoring/collapse_monitor_latest.json
[DEBUG CollapseMonitor] on_validation_epoch_start called for epoch 83
[DEBUG CollapseMonitor] reset_temporal_state() called on loss function
Epoch 83: val_loss=0.6838303208351135
Epoch 83: train_loss=0.36444321274757385

[CollapseMonitor] Epoch 83
  [DEBUG] Processed 4 batches from val_dataloader
  [DEBUG] Predictions shape after concat: (199,)
  Pred std: 0.081314, range: 0.320201, mean: 0.355769
  Pos: 100.0%, Neg: 0.0%, Unique: 199
  Dir Acc: 44.72%, Pred Sharpe: 69.4547
  Composite: 0.3236 (dist_match: 0.4472, actual_pos: 44.7%, pred_pos: 100.0%)
  Collapse penalty: 0.000000 (threshold: 0.005000)
  Saved validation predictions to: experiments/12c_h1_rolling/market_only_daily_h1_h14/fold_2023/collapse_monitoring/val_predictions_epoch83.npy
  Gradient norms:
    lstm_encoder: 0.029113
    lstm_decoder: 0.009101
    output_layer: 0.080415
  VSN output std:
    encoder: 0.305235
  Attention entropy: 2.933166
  Saved to: experiments/12c_h1_rolling/market_only_daily_h1_h14/fold_2023/collapse_monitoring/collapse_monitor_latest.json
[DEBUG CollapseMonitor] on_validation_epoch_start called for epoch 84
[DEBUG CollapseMonitor] reset_temporal_state() called on loss function
Epoch 84: val_loss=0.6830538511276245
Epoch 84: train_loss=0.3645731210708618

[CollapseMonitor] Epoch 84
  [DEBUG] Processed 4 batches from val_dataloader
  [DEBUG] Predictions shape after concat: (199,)
  Pred std: 0.083912, range: 0.325176, mean: 0.355402
  Pos: 100.0%, Neg: 0.0%, Unique: 199
  Dir Acc: 44.72%, Pred Sharpe: 67.2353
  Composite: 0.3236 (dist_match: 0.4472, actual_pos: 44.7%, pred_pos: 100.0%)
  Collapse penalty: 0.000000 (threshold: 0.005000)
  Saved validation predictions to: experiments/12c_h1_rolling/market_only_daily_h1_h14/fold_2023/collapse_monitoring/val_predictions_epoch84.npy
  Gradient norms:
    lstm_encoder: 0.029058
    lstm_decoder: 0.009720
    output_layer: 0.095491
  VSN output std:
    encoder: 0.305659
  Attention entropy: 2.932512
  Saved to: experiments/12c_h1_rolling/market_only_daily_h1_h14/fold_2023/collapse_monitoring/collapse_monitor_latest.json
[DEBUG CollapseMonitor] on_validation_epoch_start called for epoch 85
[DEBUG CollapseMonitor] reset_temporal_state() called on loss function
Epoch 85: val_loss=0.682099461555481
Epoch 85: train_loss=0.36180758476257324

[CollapseMonitor] Epoch 85
  [DEBUG] Processed 4 batches from val_dataloader
  [DEBUG] Predictions shape after concat: (199,)
  Pred std: 0.095766, range: 0.345489, mean: 0.342437
  Pos: 100.0%, Neg: 0.0%, Unique: 199
  Dir Acc: 44.72%, Pred Sharpe: 56.7638
  Composite: 0.3236 (dist_match: 0.4472, actual_pos: 44.7%, pred_pos: 100.0%)
  Collapse penalty: 0.000000 (threshold: 0.005000)
  Saved validation predictions to: experiments/12c_h1_rolling/market_only_daily_h1_h14/fold_2023/collapse_monitoring/val_predictions_epoch85.npy
  Gradient norms:
    lstm_encoder: 0.024503
    lstm_decoder: 0.007904
    output_layer: 0.090148
  VSN output std:
    encoder: 0.304525
  Attention entropy: 2.937242
  Saved to: experiments/12c_h1_rolling/market_only_daily_h1_h14/fold_2023/collapse_monitoring/collapse_monitor_latest.json
[DEBUG CollapseMonitor] on_validation_epoch_start called for epoch 86
[DEBUG CollapseMonitor] reset_temporal_state() called on loss function
Epoch 86: val_loss=0.6817798614501953
Epoch 86: train_loss=0.36224934458732605

[CollapseMonitor] Epoch 86
  [DEBUG] Processed 4 batches from val_dataloader
  [DEBUG] Predictions shape after concat: (199,)
  Pred std: 0.092040, range: 0.336132, mean: 0.338126
  Pos: 100.0%, Neg: 0.0%, Unique: 199
  Dir Acc: 44.72%, Pred Sharpe: 58.3180
  Composite: 0.3236 (dist_match: 0.4472, actual_pos: 44.7%, pred_pos: 100.0%)
  Collapse penalty: 0.000000 (threshold: 0.005000)
  Saved validation predictions to: experiments/12c_h1_rolling/market_only_daily_h1_h14/fold_2023/collapse_monitoring/val_predictions_epoch86.npy
  Gradient norms:
    lstm_encoder: 0.024544
    lstm_decoder: 0.008310
    output_layer: 0.081152
  VSN output std:
    encoder: 0.305066
  Attention entropy: 2.936787
  Saved to: experiments/12c_h1_rolling/market_only_daily_h1_h14/fold_2023/collapse_monitoring/collapse_monitor_latest.json
[DEBUG CollapseMonitor] on_validation_epoch_start called for epoch 87
[DEBUG CollapseMonitor] reset_temporal_state() called on loss function
Epoch 87: val_loss=0.681763231754303
Epoch 87: train_loss=0.36178889870643616

[CollapseMonitor] Epoch 87
  [DEBUG] Processed 4 batches from val_dataloader
  [DEBUG] Predictions shape after concat: (199,)
  Pred std: 0.097136, range: 0.347298, mean: 0.343190
  Pos: 100.0%, Neg: 0.0%, Unique: 199
  Dir Acc: 44.72%, Pred Sharpe: 56.0862
  Composite: 0.3236 (dist_match: 0.4472, actual_pos: 44.7%, pred_pos: 100.0%)
  Collapse penalty: 0.000000 (threshold: 0.005000)
  Saved validation predictions to: experiments/12c_h1_rolling/market_only_daily_h1_h14/fold_2023/collapse_monitoring/val_predictions_epoch87.npy
  Gradient norms:
    lstm_encoder: 0.025530
    lstm_decoder: 0.008086
    output_layer: 0.083597
  VSN output std:
    encoder: 0.305625
  Attention entropy: 2.938420
  Saved to: experiments/12c_h1_rolling/market_only_daily_h1_h14/fold_2023/collapse_monitoring/collapse_monitor_latest.json
[DEBUG CollapseMonitor] on_validation_epoch_start called for epoch 88
[DEBUG CollapseMonitor] reset_temporal_state() called on loss function
Epoch 88: val_loss=0.6826854944229126
Epoch 88: train_loss=0.3622327744960785

[CollapseMonitor] Epoch 88
  [DEBUG] Processed 4 batches from val_dataloader
  [DEBUG] Predictions shape after concat: (199,)
  Pred std: 0.100719, range: 0.360722, mean: 0.354162
  Pos: 100.0%, Neg: 0.0%, Unique: 199
  Dir Acc: 44.72%, Pred Sharpe: 55.8200
  Composite: 0.3236 (dist_match: 0.4472, actual_pos: 44.7%, pred_pos: 100.0%)
  Collapse penalty: 0.000000 (threshold: 0.005000)
  Saved validation predictions to: experiments/12c_h1_rolling/market_only_daily_h1_h14/fold_2023/collapse_monitoring/val_predictions_epoch88.npy
  Gradient norms:
    lstm_encoder: 0.026361
    lstm_decoder: 0.008280
    output_layer: 0.088777
  VSN output std:
    encoder: 0.305779
  Attention entropy: 2.936921
  Saved to: experiments/12c_h1_rolling/market_only_daily_h1_h14/fold_2023/collapse_monitoring/collapse_monitor_latest.json
[DEBUG CollapseMonitor] on_validation_epoch_start called for epoch 89
[DEBUG CollapseMonitor] reset_temporal_state() called on loss function
Epoch 89: val_loss=0.6817176938056946
Epoch 89: train_loss=0.36210379004478455

[CollapseMonitor] Epoch 89
  [DEBUG] Processed 4 batches from val_dataloader
  [DEBUG] Predictions shape after concat: (199,)
  Pred std: 0.101108, range: 0.351581, mean: 0.347304
  Pos: 100.0%, Neg: 0.0%, Unique: 199
  Dir Acc: 44.72%, Pred Sharpe: 54.5284
  Composite: 0.3236 (dist_match: 0.4472, actual_pos: 44.7%, pred_pos: 100.0%)
  Collapse penalty: 0.000000 (threshold: 0.005000)
  Saved validation predictions to: experiments/12c_h1_rolling/market_only_daily_h1_h14/fold_2023/collapse_monitoring/val_predictions_epoch89.npy
  Gradient norms:
    lstm_encoder: 0.030474
    lstm_decoder: 0.009574
    output_layer: 0.094789
  VSN output std:
    encoder: 0.304780
  Attention entropy: 2.938181
  Saved to: experiments/12c_h1_rolling/market_only_daily_h1_h14/fold_2023/collapse_monitoring/collapse_monitor_latest.json
[DEBUG CollapseMonitor] on_validation_epoch_start called for epoch 90
[DEBUG CollapseMonitor] reset_temporal_state() called on loss function
Epoch 90: val_loss=0.6828939318656921
Epoch 90: train_loss=0.3620269298553467

[CollapseMonitor] Epoch 90
  [DEBUG] Processed 4 batches from val_dataloader
  [DEBUG] Predictions shape after concat: (199,)
  Pred std: 0.095243, range: 0.356200, mean: 0.358225
  Pos: 100.0%, Neg: 0.0%, Unique: 199
  Dir Acc: 44.72%, Pred Sharpe: 59.7066
  Composite: 0.3236 (dist_match: 0.4472, actual_pos: 44.7%, pred_pos: 100.0%)
  Collapse penalty: 0.000000 (threshold: 0.005000)
  Saved validation predictions to: experiments/12c_h1_rolling/market_only_daily_h1_h14/fold_2023/collapse_monitoring/val_predictions_epoch90.npy
  Gradient norms:
    lstm_encoder: 0.029044
    lstm_decoder: 0.008840
    output_layer: 0.083715
  VSN output std:
    encoder: 0.305740
  Attention entropy: 2.936163
  Saved to: experiments/12c_h1_rolling/market_only_daily_h1_h14/fold_2023/collapse_monitoring/collapse_monitor_latest.json
[DEBUG CollapseMonitor] on_validation_epoch_start called for epoch 91
[DEBUG CollapseMonitor] reset_temporal_state() called on loss function
Epoch 91: val_loss=0.6829051375389099
Epoch 91: train_loss=0.36215487122535706

[CollapseMonitor] Epoch 91
  [DEBUG] Processed 4 batches from val_dataloader
  [DEBUG] Predictions shape after concat: (199,)
  Pred std: 0.100029, range: 0.360314, mean: 0.353000
  Pos: 100.0%, Neg: 0.0%, Unique: 199
  Dir Acc: 44.72%, Pred Sharpe: 56.0207
  Composite: 0.3236 (dist_match: 0.4472, actual_pos: 44.7%, pred_pos: 100.0%)
  Collapse penalty: 0.000000 (threshold: 0.005000)
  Saved validation predictions to: experiments/12c_h1_rolling/market_only_daily_h1_h14/fold_2023/collapse_monitoring/val_predictions_epoch91.npy
  Gradient norms:
    lstm_encoder: 0.026219
    lstm_decoder: 0.008523
    output_layer: 0.090337
  VSN output std:
    encoder: 0.305885
  Attention entropy: 2.935004
  Saved to: experiments/12c_h1_rolling/market_only_daily_h1_h14/fold_2023/collapse_monitoring/collapse_monitor_latest.json
[DEBUG CollapseMonitor] on_validation_epoch_start called for epoch 92
[DEBUG CollapseMonitor] reset_temporal_state() called on loss function
Epoch 92: val_loss=0.6830785274505615
Epoch 92: train_loss=0.36076560616493225

[CollapseMonitor] Epoch 92
  [DEBUG] Processed 4 batches from val_dataloader
  [DEBUG] Predictions shape after concat: (199,)
  Pred std: 0.099502, range: 0.358451, mean: 0.359543
  Pos: 100.0%, Neg: 0.0%, Unique: 199
  Dir Acc: 44.72%, Pred Sharpe: 57.3610
  Composite: 0.3236 (dist_match: 0.4472, actual_pos: 44.7%, pred_pos: 100.0%)
  Collapse penalty: 0.000000 (threshold: 0.005000)
  Saved validation predictions to: experiments/12c_h1_rolling/market_only_daily_h1_h14/fold_2023/collapse_monitoring/val_predictions_epoch92.npy
  Gradient norms:
    lstm_encoder: 0.027878
    lstm_decoder: 0.008160
    output_layer: 0.079995
  VSN output std:
    encoder: 0.305795
  Attention entropy: 2.935641
  Saved to: experiments/12c_h1_rolling/market_only_daily_h1_h14/fold_2023/collapse_monitoring/collapse_monitor_latest.json
[DEBUG CollapseMonitor] on_validation_epoch_start called for epoch 93
[DEBUG CollapseMonitor] reset_temporal_state() called on loss function
Epoch 93: val_loss=0.6826522946357727
Epoch 93: train_loss=0.36192646622657776

[CollapseMonitor] Epoch 93
  [DEBUG] Processed 4 batches from val_dataloader
  [DEBUG] Predictions shape after concat: (199,)
  Pred std: 0.101630, range: 0.359387, mean: 0.358051
  Pos: 100.0%, Neg: 0.0%, Unique: 199
  Dir Acc: 44.72%, Pred Sharpe: 55.9270
  Composite: 0.3236 (dist_match: 0.4472, actual_pos: 44.7%, pred_pos: 100.0%)
  Collapse penalty: 0.000000 (threshold: 0.005000)
  Saved validation predictions to: experiments/12c_h1_rolling/market_only_daily_h1_h14/fold_2023/collapse_monitoring/val_predictions_epoch93.npy
  Gradient norms:
    lstm_encoder: 0.030988
    lstm_decoder: 0.009107
    output_layer: 0.084668
  VSN output std:
    encoder: 0.305886
  Attention entropy: 2.936676
  Saved to: experiments/12c_h1_rolling/market_only_daily_h1_h14/fold_2023/collapse_monitoring/collapse_monitor_latest.json
[DEBUG CollapseMonitor] on_validation_epoch_start called for epoch 94
[DEBUG CollapseMonitor] reset_temporal_state() called on loss function
Epoch 94: val_loss=0.681162416934967
Epoch 94: train_loss=0.36166730523109436

[CollapseMonitor] Epoch 94
  [DEBUG] Processed 4 batches from val_dataloader
  [DEBUG] Predictions shape after concat: (199,)
  Pred std: 0.102386, range: 0.359881, mean: 0.338562
  Pos: 100.0%, Neg: 0.0%, Unique: 199
  Dir Acc: 44.72%, Pred Sharpe: 52.4927
  Composite: 0.3236 (dist_match: 0.4472, actual_pos: 44.7%, pred_pos: 100.0%)
  Collapse penalty: 0.000000 (threshold: 0.005000)
  Saved validation predictions to: experiments/12c_h1_rolling/market_only_daily_h1_h14/fold_2023/collapse_monitoring/val_predictions_epoch94.npy
  Gradient norms:
    lstm_encoder: 0.029756
    lstm_decoder: 0.008787
    output_layer: 0.090633
  VSN output std:
    encoder: 0.306088
  Attention entropy: 2.936195
  Saved to: experiments/12c_h1_rolling/market_only_daily_h1_h14/fold_2023/collapse_monitoring/collapse_monitor_latest.json
[DEBUG CollapseMonitor] on_validation_epoch_start called for epoch 95
[DEBUG CollapseMonitor] reset_temporal_state() called on loss function
Epoch 95: val_loss=0.6821178793907166
Epoch 95: train_loss=0.36120709776878357

[CollapseMonitor] Epoch 95
  [DEBUG] Processed 4 batches from val_dataloader
  [DEBUG] Predictions shape after concat: (199,)
  Pred std: 0.105155, range: 0.372558, mean: 0.349751
  Pos: 100.0%, Neg: 0.0%, Unique: 199
  Dir Acc: 44.72%, Pred Sharpe: 52.7993
  Composite: 0.3236 (dist_match: 0.4472, actual_pos: 44.7%, pred_pos: 100.0%)
  Collapse penalty: 0.000000 (threshold: 0.005000)
  Saved validation predictions to: experiments/12c_h1_rolling/market_only_daily_h1_h14/fold_2023/collapse_monitoring/val_predictions_epoch95.npy
  Gradient norms:
    lstm_encoder: 0.028634
    lstm_decoder: 0.008326
    output_layer: 0.081216
  VSN output std:
    encoder: 0.305970
  Attention entropy: 2.935434
  Saved to: experiments/12c_h1_rolling/market_only_daily_h1_h14/fold_2023/collapse_monitoring/collapse_monitor_latest.json
[DEBUG CollapseMonitor] on_validation_epoch_start called for epoch 96
[DEBUG CollapseMonitor] reset_temporal_state() called on loss function
Epoch 96: val_loss=0.681852400302887
Epoch 96: train_loss=0.3609280288219452

[CollapseMonitor] Epoch 96
  [DEBUG] Processed 4 batches from val_dataloader
  [DEBUG] Predictions shape after concat: (199,)
  Pred std: 0.100390, range: 0.360996, mean: 0.349886
  Pos: 100.0%, Neg: 0.0%, Unique: 199
  Dir Acc: 44.72%, Pred Sharpe: 55.3268
  Composite: 0.3236 (dist_match: 0.4472, actual_pos: 44.7%, pred_pos: 100.0%)
  Collapse penalty: 0.000000 (threshold: 0.005000)
  Saved validation predictions to: experiments/12c_h1_rolling/market_only_daily_h1_h14/fold_2023/collapse_monitoring/val_predictions_epoch96.npy
  Gradient norms:
    lstm_encoder: 0.029242
    lstm_decoder: 0.008026
    output_layer: 0.092806
  VSN output std:
    encoder: 0.306054
  Attention entropy: 2.936249
  Saved to: experiments/12c_h1_rolling/market_only_daily_h1_h14/fold_2023/collapse_monitoring/collapse_monitor_latest.json
[DEBUG CollapseMonitor] on_validation_epoch_start called for epoch 97
[DEBUG CollapseMonitor] reset_temporal_state() called on loss function
Epoch 97: val_loss=0.6817848682403564
Epoch 97: train_loss=0.36196401715278625

[CollapseMonitor] Epoch 97
  [DEBUG] Processed 4 batches from val_dataloader
  [DEBUG] Predictions shape after concat: (199,)
  Pred std: 0.102183, range: 0.365396, mean: 0.349536
  Pos: 100.0%, Neg: 0.0%, Unique: 199
  Dir Acc: 44.72%, Pred Sharpe: 54.3018
  Composite: 0.3236 (dist_match: 0.4472, actual_pos: 44.7%, pred_pos: 100.0%)
  Collapse penalty: 0.000000 (threshold: 0.005000)
  Saved validation predictions to: experiments/12c_h1_rolling/market_only_daily_h1_h14/fold_2023/collapse_monitoring/val_predictions_epoch97.npy
  Gradient norms:
    lstm_encoder: 0.028701
    lstm_decoder: 0.008142
    output_layer: 0.079261
  VSN output std:
    encoder: 0.306140
  Attention entropy: 2.936551
  Saved to: experiments/12c_h1_rolling/market_only_daily_h1_h14/fold_2023/collapse_monitoring/collapse_monitor_latest.json
[DEBUG CollapseMonitor] on_validation_epoch_start called for epoch 98
[DEBUG CollapseMonitor] reset_temporal_state() called on loss function
Epoch 98: val_loss=0.6821310520172119
Epoch 98: train_loss=0.3612269461154938

[CollapseMonitor] Epoch 98
  [DEBUG] Processed 4 batches from val_dataloader
  [DEBUG] Predictions shape after concat: (199,)
  Pred std: 0.100886, range: 0.359114, mean: 0.352236
  Pos: 100.0%, Neg: 0.0%, Unique: 199
  Dir Acc: 44.72%, Pred Sharpe: 55.4248
  Composite: 0.3236 (dist_match: 0.4472, actual_pos: 44.7%, pred_pos: 100.0%)
  Collapse penalty: 0.000000 (threshold: 0.005000)
  Saved validation predictions to: experiments/12c_h1_rolling/market_only_daily_h1_h14/fold_2023/collapse_monitoring/val_predictions_epoch98.npy
  Gradient norms:
    lstm_encoder: 0.027127
    lstm_decoder: 0.008052
    output_layer: 0.080258
  VSN output std:
    encoder: 0.306468
  Attention entropy: 2.937106
  Saved to: experiments/12c_h1_rolling/market_only_daily_h1_h14/fold_2023/collapse_monitoring/collapse_monitor_latest.json
[DEBUG CollapseMonitor] on_validation_epoch_start called for epoch 99
[DEBUG CollapseMonitor] reset_temporal_state() called on loss function
Epoch 99: val_loss=0.6819453239440918
Epoch 99: train_loss=0.36094024777412415

[CollapseMonitor] Epoch 99
  [DEBUG] Processed 4 batches from val_dataloader
  [DEBUG] Predictions shape after concat: (199,)
  Pred std: 0.105405, range: 0.370064, mean: 0.348513
  Pos: 100.0%, Neg: 0.0%, Unique: 199
  Dir Acc: 44.72%, Pred Sharpe: 52.4880
  Composite: 0.3236 (dist_match: 0.4472, actual_pos: 44.7%, pred_pos: 100.0%)
  Collapse penalty: 0.000000 (threshold: 0.005000)
  Saved validation predictions to: experiments/12c_h1_rolling/market_only_daily_h1_h14/fold_2023/collapse_monitoring/val_predictions_epoch99.npy
  Gradient norms:
    lstm_encoder: 0.033184
    lstm_decoder: 0.010169
    output_layer: 0.088004
  VSN output std:
    encoder: 0.306564
  Attention entropy: 2.937390
  Saved to: experiments/12c_h1_rolling/market_only_daily_h1_h14/fold_2023/collapse_monitoring/collapse_monitor_latest.json


======================================================================
Training complete
======================================================================

Best val_loss checkpoint: experiments/12c_h1_rolling/market_only_daily_h1_h14/fold_2023/checkpoints/tft-epoch=epoch=94-valloss=val_loss=0.6812.ckpt
Best validation loss: 0.681162
Checkpoints saved:
  - Best val_loss: experiments/12c_h1_rolling/market_only_daily_h1_h14/fold_2023/checkpoints/tft-epoch=epoch=94-valloss=val_loss=0.6812.ckpt
  - Best pred_std: experiments/12c_h1_rolling/market_only_daily_h1_h14/fold_2023/checkpoints/tft-epoch=epoch=99-predstd=val_pred_std=0.1054.ckpt
  - Best unique: experiments/12c_h1_rolling/market_only_daily_h1_h14/fold_2023/checkpoints/tft-epoch=epoch=01-unique=val_num_unique=199.ckpt
  - Best dir_acc: experiments/12c_h1_rolling/market_only_daily_h1_h14/fold_2023/checkpoints/tft-epoch=epoch=10-diracc=val_dir_acc=0.5628.ckpt
  - Best sharpe: experiments/12c_h1_rolling/market_only_daily_h1_h14/fold_2023/checkpoints/tft-epoch=epoch=34-sharpe=val_sharpe=576.6203.ckpt
  - Best composite: experiments/12c_h1_rolling/market_only_daily_h1_h14/fold_2023/checkpoints/tft-epoch=epoch=10-composite=val_composite=0.4426.ckpt
Completed at: 2025-12-14 05:06:54
Log saved to: experiments/12c_h1_rolling/market_only_daily_h1_h14/fold_2023/training_20251214_045432.log
======================================================================
