{
  "evaluation_timestamp": "2025-10-30T03:18:47.124607",
  "statistical_metrics": {
    "mse": 1.176902174949646,
    "rmse": 1.0848512649536133,
    "mae": 0.7738154530525208,
    "mape": 194.75250244140625,
    "r2": -0.00011909008026123047,
    "mean_error": -0.048258423805236816,
    "std_error": 1.0837773084640503
  },
  "financial_metrics": {
    "directional_accuracy": 0.5265625,
    "sharpe_ratio": 0.7697217541762329,
    "max_drawdown": -0.24135597050189972,
    "total_return": 0.7995294332504272,
    "hit_rate": 0.5015625,
    "num_trades": 1203,
    "precision": 0.5336658354114713,
    "recall": 0.9344978165938864,
    "f1_score": 0.6793650793650793,
    "confusion_matrix": [
      [
        32,
        561
      ],
      [
        45,
        642
      ]
    ],
    "auc_roc": 0.5018913034406749,
    "alpha": -0.12207865715026855
  },
  "residual_diagnostics": {
    "normality_p_value": 5.395032311731705e-39,
    "acf_lag1": -0.025711211840633682,
    "skewness": -0.012872618344987588,
    "kurtosis": 6.335029794225157
  },
  "mode_stats": {
    "healthy_days": 387,
    "degraded_days": 90,
    "unidirectional_days": 803,
    "weak_collapse_days": 0,
    "strong_collapse_days": 0,
    "total_days": 1280,
    "healthy_pct": 30.234375000000004,
    "degraded_pct": 7.03125,
    "unidirectional_pct": 62.734375,
    "weak_collapse_pct": 0.0,
    "strong_collapse_pct": 0.0
  },
  "collapse_detected": false,
  "degradation_detected": true,
  "checkpoint_used": "experiments/00_baseline_exploration/sweep_baseline/checkpoints/tft-epoch=37-val_loss=0.3942.ckpt"
}