{
  "period_statistics": {
    "2020": {
      "n_samples": 92,
      "entropy_mean": 2.972726821899414,
      "entropy_std": 0.03463989496231079,
      "attention_concentration": 0.05038910731673241,
      "top_features": [
        [
          "t-1",
          0.056576382368803024
        ],
        [
          "t-2",
          0.05561210960149765
        ],
        [
          "t-3",
          0.054758135229349136
        ],
        [
          "t-4",
          0.05409097671508789
        ],
        [
          "t-5",
          0.053515803068876266
        ]
      ],
      "mean_attention": [
        0.03902076184749603,
        0.04215458780527115,
        0.04446961730718613,
        0.04599938169121742,
        0.04714057222008705,
        0.048075925558805466,
        0.048864513635635376,
        0.04952319711446762,
        0.05012766644358635,
        0.05061351880431175,
        0.05102851986885071,
        0.051398757845163345,
        0.05175819993019104,
        0.05235013738274574,
        0.052921172231435776,
        0.053515803068876266,
        0.05409097671508789,
        0.054758135229349136,
        0.05561210960149765,
        0.056576382368803024
      ],
      "std_attention": [
        0.007742729969322681,
        0.007730623707175255,
        0.007788622286170721,
        0.007938623428344727,
        0.008168277330696583,
        0.00836292002350092,
        0.008464288897812366,
        0.008472547866404057,
        0.008466623723506927,
        0.008502790704369545,
        0.008549122139811516,
        0.008740243501961231,
        0.009006469510495663,
        0.009654038585722446,
        0.010462301783263683,
        0.011678403243422508,
        0.012823252938687801,
        0.014433608390390873,
        0.01685675047338009,
        0.01974150910973549
      ]
    },
    "2021": {
      "n_samples": 250,
      "entropy_mean": 2.944383144378662,
      "entropy_std": 0.09835511445999146,
      "attention_concentration": 0.050329431891441345,
      "top_features": [
        [
          "t-1",
          0.05645499750971794
        ],
        [
          "t-2",
          0.055221591144800186
        ],
        [
          "t-3",
          0.05410207435488701
        ],
        [
          "t-4",
          0.05319803208112717
        ],
        [
          "t-5",
          0.05266673117876053
        ]
      ],
      "mean_attention": [
        0.0398218035697937,
        0.04245481640100479,
        0.04471825063228607,
        0.046335507184267044,
        0.04758354276418686,
        0.04857396334409714,
        0.0493181012570858,
        0.04989756643772125,
        0.05040878430008888,
        0.050743985921144485,
        0.05106483772397041,
        0.05136580392718315,
        0.051761746406555176,
        0.05203486979007721,
        0.0522729828953743,
        0.05266673117876053,
        0.05319803208112717,
        0.05410207435488701,
        0.055221591144800186,
        0.05645499750971794
      ],
      "std_attention": [
        0.012193102389574051,
        0.013107660226523876,
        0.013779453001916409,
        0.013972315937280655,
        0.014216047711670399,
        0.014241702854633331,
        0.014374734833836555,
        0.01432787999510765,
        0.014393867924809456,
        0.014287340454757214,
        0.014359993860125542,
        0.014368806034326553,
        0.014627004973590374,
        0.014955615624785423,
        0.015382257290184498,
        0.01661752723157406,
        0.018126048147678375,
        0.02254173532128334,
        0.028457343578338623,
        0.033955421298742294
      ]
    },
    "2022": {
      "n_samples": 249,
      "entropy_mean": 2.8805859088897705,
      "entropy_std": 0.09619654715061188,
      "attention_concentration": 0.051826950162649155,
      "top_features": [
        [
          "t-1",
          0.06679467856884003
        ],
        [
          "t-2",
          0.06279848515987396
        ],
        [
          "t-3",
          0.059845078736543655
        ],
        [
          "t-4",
          0.05769150331616402
        ],
        [
          "t-5",
          0.056062426418066025
        ]
      ],
      "mean_attention": [
        0.027980400249361992,
        0.03232342004776001,
        0.03623593971133232,
        0.0403883270919323,
        0.04415902867913246,
        0.04696111008524895,
        0.048928748816251755,
        0.05039386823773384,
        0.0510886125266552,
        0.05156577005982399,
        0.05211680755019188,
        0.05267665162682533,
        0.05322461947798729,
        0.05395888537168503,
        0.05480554699897766,
        0.056062426418066025,
        0.05769150331616402,
        0.059845078736543655,
        0.06279848515987396,
        0.06679467856884003
      ],
      "std_attention": [
        0.01613926701247692,
        0.016539087519049644,
        0.017346834763884544,
        0.018545888364315033,
        0.01944759488105774,
        0.019828176125884056,
        0.019676798954606056,
        0.0197135042399168,
        0.01909637078642845,
        0.01850210316479206,
        0.018457915633916855,
        0.01895017921924591,
        0.01954147033393383,
        0.02039673551917076,
        0.02150961011648178,
        0.02322457917034626,
        0.02583218924701214,
        0.029627034440636635,
        0.03559580817818642,
        0.044997334480285645
      ]
    },
    "2023": {
      "n_samples": 249,
      "entropy_mean": 2.975924015045166,
      "entropy_std": 0.02732352912425995,
      "attention_concentration": 0.05013732612133026,
      "top_features": [
        [
          "t-1",
          0.053192541003227234
        ],
        [
          "t-2",
          0.052759379148483276
        ],
        [
          "t-3",
          0.052397482097148895
        ],
        [
          "t-4",
          0.052080489695072174
        ],
        [
          "t-5",
          0.05175694450736046
        ]
      ],
      "mean_attention": [
        0.04302969202399254,
        0.04475892707705498,
        0.04633857309818268,
        0.04761769250035286,
        0.048654183745384216,
        0.04947854205965996,
        0.05005230754613876,
        0.05026790127158165,
        0.05054209753870964,
        0.05082864686846733,
        0.050965651869773865,
        0.051079973578453064,
        0.05119485780596733,
        0.051362257450819016,
        0.05164192616939545,
        0.05175694450736046,
        0.052080489695072174,
        0.052397482097148895,
        0.052759379148483276,
        0.053192541003227234
      ],
      "std_attention": [
        0.009528064168989658,
        0.009095520712435246,
        0.009036580100655556,
        0.00912645272910595,
        0.009247329086065292,
        0.009363043121993542,
        0.009456018917262554,
        0.008647892624139786,
        0.008610103279352188,
        0.008661833591759205,
        0.008747677318751812,
        0.008891325443983078,
        0.009052910842001438,
        0.009269081987440586,
        0.009613633155822754,
        0.010104719549417496,
        0.01086021214723587,
        0.011773329228162766,
        0.013128742575645447,
        0.014613115228712559
      ]
    },
    "2024": {
      "n_samples": 250,
      "entropy_mean": 2.964972972869873,
      "entropy_std": 0.09371166676282883,
      "attention_concentration": 0.050189390778541565,
      "top_features": [
        [
          "t-1",
          0.05569303408265114
        ],
        [
          "t-2",
          0.05503671616315842
        ],
        [
          "t-3",
          0.054382581263780594
        ],
        [
          "t-4",
          0.05368155241012573
        ],
        [
          "t-5",
          0.05297097563743591
        ]
      ],