{
  "period_statistics": {
    "2020": {
      "n_samples": 92,
      "entropy_mean": 2.9838783740997314,
      "entropy_std": 0.010820786468684673,
      "attention_concentration": 0.05001160129904747,
      "top_features": [
        [
          "t-20",
          0.05179348215460777
        ],
        [
          "t-19",
          0.05151968449354172
        ],
        [
          "t-18",
          0.05116104707121849
        ],
        [
          "t-17",
          0.05071262642741203
        ],
        [
          "t-16",
          0.05034712702035904
        ]
      ],
      "mean_attention": [
        0.05179348215460777,
        0.05151968449354172,
        0.05116104707121849,
        0.05071262642741203,
        0.05034712702035904,
        0.05010005831718445,
        0.049949947744607925,
        0.04986819997429848,
        0.049820464104413986,
        0.049821920692920685,
        0.049833063036203384,
        0.049837805330753326,
        0.04984379932284355,
        0.04985073208808899,
        0.049684494733810425,
        0.04954012483358383,
        0.04937240481376648,
        0.049187567085027695,
        0.048987556248903275,
        0.04876788705587387
      ],
      "std_attention": [
        0.00848825927823782,
        0.009224772453308105,
        0.00936863012611866,
        0.009293656796216965,
        0.009123607538640499,
        0.008863164111971855,
        0.008633218705654144,
        0.008365090005099773,
        0.008136729709804058,
        0.007853868417441845,
        0.00759549206122756,
        0.007286775391548872,
        0.007042701356112957,
        0.006826176308095455,
        0.006648109760135412,
        0.006530442740768194,
        0.006457377225160599,
        0.006438451819121838,
        0.006525942124426365,
        0.0067184921354055405
      ]
    },
    "2021": {
      "n_samples": 250,
      "entropy_mean": 2.990652322769165,
      "entropy_std": 0.004000820219516754,
      "attention_concentration": 0.050081200897693634,
      "top_features": [
        [
          "t-20",
          0.05439304560422897
        ],
        [
          "t-19",
          0.053630147129297256
        ],
        [
          "t-18",
          0.052685048431158066
        ],
        [
          "t-17",
          0.05193135514855385
        ],
        [
          "t-16",
          0.05136977508664131
        ]
      ],
      "mean_attention": [
        0.05439304560422897,
        0.053630147129297256,
        0.052685048431158066,
        0.05193135514855385,
        0.05136977508664131,
        0.050949692726135254,
        0.050646111369132996,
        0.05039524286985397,
        0.050174638628959656,
        0.0499655082821846,
        0.0497417077422142,
        0.049495965242385864,
        0.049221087247133255,
        0.048861756920814514,
        0.04857715964317322,
        0.048269789665937424,
        0.04793843626976013,
        0.04759563133120537,
        0.04725418984889984,
        0.046903710812330246
      ],
      "std_attention": [
        0.0043557570315897465,
        0.0044962260872125626,
        0.00441267853602767,
        0.004347086418420076,
        0.004301572684198618,
        0.004288980271667242,
        0.0042872647754848,
        0.004258864559233189,
        0.004241490736603737,
        0.004235771484673023,
        0.004232215695083141,
        0.004254424013197422,
        0.004290950018912554,
        0.004435634706169367,
        0.0045297895558178425,
        0.004639479797333479,
        0.004788503982126713,
        0.004975719843059778,
        0.005205794237554073,
        0.005497588776051998
      ]
    },
    "2022": {
      "n_samples": 249,
      "entropy_mean": 2.9829182624816895,
      "entropy_std": 0.00958971492946148,
      "attention_concentration": 0.050343576818704605,
      "top_features": [
        [
          "t-20",
          0.06043172627687454
        ],
        [
          "t-19",
          0.05795983597636223
        ],
        [
          "t-18",
          0.05547095835208893
        ],
        [
          "t-17",
          0.05360192060470581
        ],
        [
          "t-16",
          0.05227873846888542
        ]
      ],
      "mean_attention": [
        0.06043172627687454,
        0.05795983597636223,
        0.05547095835208893,
        0.05360192060470581,
        0.05227873846888542,
        0.051362860947847366,
        0.05068904161453247,
        0.05017176270484924,
        0.0497654527425766,
        0.049389827996492386,
        0.049022383987903595,
        0.04864761233329773,
        0.048250604420900345,
        0.04788101837038994,
        0.04733317717909813,
        0.04677974060177803,
        0.046199217438697815,
        0.04557859152555466,
        0.044924840331077576,
        0.04426068067550659
      ],
      "std_attention": [
        0.008030063472688198,
        0.0076988753862679005,
        0.007271287031471729,
        0.006921799387782812,
        0.006626280490309,
        0.006392488721758127,
        0.0062084863893687725,
        0.006086108740419149,
        0.00603519519791007,
        0.006029465235769749,
        0.0060716113075613976,
        0.0061601754277944565,
        0.006283545400947332,
        0.006389300804585218,
        0.006625846028327942,
        0.0067844572477042675,
        0.006931685376912355,
        0.007062666118144989,
        0.007178380619734526,
        0.007286564446985722
      ]
    },
    "2023": {
      "n_samples": 249,
      "entropy_mean": 2.9901983737945557,
      "entropy_std": 0.002775809494778514,
      "attention_concentration": 0.050075922161340714,
      "top_features": [
        [
          "t-20",
          0.056329209357500076
        ],
        [
          "t-19",
          0.05386628583073616
        ],
        [
          "t-18",
          0.05213247984647751
        ],
        [
          "t-17",
          0.05100636929273605
        ],
        [
          "t-16",
          0.05030089244246483
        ]
      ],
      "mean_attention": [
        0.056329209357500076,
        0.05386628583073616,
        0.05213247984647751,
        0.05100636929273605,
        0.05030089244246483,
        0.049872756004333496,
        0.04962019994854927,
        0.049484968185424805,
        0.049394696950912476,
        0.04933147877454758,
        0.049284547567367554,
        0.0492287203669548,
        0.04915960505604744,
        0.04906731843948364,
        0.04905027523636818,
        0.048890404403209686,
        0.048746153712272644,
        0.04858710244297981,
        0.048418689519166946,
        0.04822786524891853
      ],
      "std_attention": [
        0.004233693238347769,
        0.004017907194793224,
        0.004017167259007692,
        0.004047420807182789,
        0.004081495571881533,
        0.004119193647056818,
        0.004170606844127178,
        0.004231755156069994,
        0.004301454406231642,
        0.004378666635602713,
        0.004481159616261721,
        0.0045969849452376366,
        0.004727046005427837,
        0.004867244977504015,
        0.004888819996267557,
        0.0051194895058870316,
        0.005289285443723202,
        0.005457055754959583,
        0.005633548833429813,
        0.0058083003386855125
      ]
    },
    "2024": {
      "n_samples": 250,
      "entropy_mean": 2.992666482925415,
      "entropy_std": 0.0019260570406913757,
      "attention_concentration": 0.05005776509642601,
      "top_features": [
        [
          "t-20",
          0.055555906146764755
        ],
        [
          "t-19",
          0.053290821611881256
        ],
        [
          "t-18",
          0.05184723436832428
        ],
        [
          "t-17",
          0.050905484706163406
        ],
        [
          "t-16",
          0.050303876399993896
        ]
      ],