{
  "period_statistics": {
    "2020": {
      "n_samples": 92,
      "entropy_mean": 2.986924886703491,
      "entropy_std": 0.008704833686351776,
      "attention_concentration": 0.05000411719083786,
      "top_features": [
        [
          "t-20",
          0.051071010529994965
        ],
        [
          "t-19",
          0.05095046013593674
        ],
        [
          "t-18",
          0.050734370946884155
        ],
        [
          "t-17",
          0.050401438027620316
        ],
        [
          "t-16",
          0.050124138593673706
        ]
      ],
      "mean_attention": [
        0.051071010529994965,
        0.05095046013593674,
        0.050734370946884155,
        0.050401438027620316,
        0.050124138593673706,
        0.049946609884500504,
        0.04984985291957855,
        0.049814432859420776,
        0.049809522926807404,
        0.049847934395074844,
        0.0498991385102272,
        0.04994567111134529,
        0.04999229311943054,
        0.04999835044145584,
        0.04988709092140198,
        0.049796056002378464,
        0.04968554154038429,
        0.04956052452325821,
        0.04942089691758156,
        0.04926464334130287
      ],
      "std_attention": [
        0.0069441949017345905,
        0.007463051471859217,
        0.007538254372775555,
        0.007458860520273447,
        0.007321136072278023,
        0.007123815827071667,
        0.006955515127629042,
        0.006768548395484686,
        0.006624978967010975,
        0.0064594014547765255,
        0.006326478905975819,
        0.006174688693135977,
        0.006077513098716736,
        0.005988036748021841,
        0.0059697190299630165,
        0.00599445216357708,
        0.006046241149306297,
        0.006138887256383896,
        0.006307664327323437,
        0.006553579121828079
      ]
    },
    "2021": {
      "n_samples": 250,
      "entropy_mean": 2.992159366607666,
      "entropy_std": 0.0030966184567660093,
      "attention_concentration": 0.05003456026315689,
      "top_features": [
        [
          "t-20",
          0.05305386334657669
        ],
        [
          "t-19",
          0.052409153431653976
        ],
        [
          "t-18",
          0.05176200345158577
        ],
        [
          "t-17",
          0.0512303002178669
        ],
        [
          "t-16",
          0.05083112791180611
        ]
      ],
      "mean_attention": [
        0.05305386334657669,
        0.052409153431653976,
        0.05176200345158577,
        0.0512303002178669,
        0.05083112791180611,
        0.05053498595952988,
        0.050330836325883865,
        0.05017133429646492,
        0.05003868043422699,
        0.049919694662094116,
        0.049790699034929276,
        0.04964616149663925,
        0.049479030072689056,
        0.0492604598402977,
        0.04909730330109596,
        0.04891393333673477,
        0.048710331320762634,
        0.04849465191364288,
        0.04827706888318062,
        0.04804837331175804
      ],
      "std_attention": [
        0.0035267220810055733,
        0.003620361676439643,
        0.003590708365663886,
        0.003568825079128146,
        0.003555153962224722,
        0.003563210368156433,
        0.003577602794393897,
        0.0035740414168685675,
        0.0035833772271871567,
        0.003606080077588558,
        0.003635229542851448,
        0.0036877391394227743,
        0.0037587820552289486,
        0.003934473730623722,
        0.004046555608510971,
        0.004175527486950159,
        0.004343792796134949,
        0.00454330537468195,
        0.0047836569137871265,
        0.005076141096651554
      ]
    },
    "2022": {
      "n_samples": 249,
      "entropy_mean": 2.9865522384643555,
      "entropy_std": 0.007323657162487507,
      "attention_concentration": 0.05022793635725975,
      "top_features": [
        [
          "t-20",
          0.058599501848220825
        ],
        [
          "t-19",
          0.05658845975995064
        ],
        [
          "t-18",
          0.05458545312285423
        ],
        [
          "t-17",
          0.05300081893801689
        ],
        [
          "t-16",
          0.05184284225106239
        ]
      ],
      "mean_attention": [
        0.058599501848220825,
        0.05658845975995064,
        0.05458545312285423,
        0.05300081893801689,
        0.05184284225106239,
        0.05102633684873581,
        0.05042687803506851,
        0.04997553303837776,
        0.04963688179850578,
        0.0493382029235363,
        0.04905783012509346,
        0.048781100660562515,
        0.04849465191364288,
        0.04823505878448486,
        0.04783021658658981,
        0.04742546007037163,
        0.04700082913041115,
        0.04654243215918541,
        0.04605478048324585,
        0.04555666446685791
      ],
      "std_attention": [
        0.006755575072020292,
        0.006594940088689327,
        0.006257489323616028,
        0.0059615811333060265,
        0.005701045505702496,
        0.005485509522259235,
        0.005310780834406614,
        0.005186886060982943,
        0.005124947056174278,
        0.0051057711243629456,
        0.005132559686899185,
        0.005208104848861694,
        0.005324331112205982,
        0.005442318040877581,
        0.005681730806827545,
        0.00586740905418992,
        0.00605502724647522,
        0.006237124092876911,
        0.006416600663214922,
        0.006599804852157831
      ]
    },
    "2023": {
      "n_samples": 249,
      "entropy_mean": 2.992516040802002,
      "entropy_std": 0.001986610936000943,
      "attention_concentration": 0.050049833953380585,
      "top_features": [
        [
          "t-20",
          0.055158913135528564
        ],
        [
          "t-19",
          0.053095318377017975
        ],
        [
          "t-18",
          0.0517701730132103
        ],
        [
          "t-17",
          0.05087031051516533
        ],
        [
          "t-16",
          0.05027811601758003
        ]
      ],
      "mean_attention": [
        0.055158913135528564,
        0.053095318377017975,
        0.0517701730132103,
        0.05087031051516533,
        0.05027811601758003,
        0.04989827051758766,
        0.049661144614219666,
        0.04952681064605713,
        0.049435414373874664,
        0.049374181777238846,
        0.04933534190058708,
        0.04929618909955025,
        0.049253251403570175,
        0.04919639602303505,
        0.049206845462322235,
        0.049115102738142014,
        0.04903174936771393,
        0.04893883690237999,
        0.048839271068573,
        0.0487184077501297
      ],
      "std_attention": [
        0.0029351189732551575,
        0.0028448563534766436,
        0.0028899444732815027,
        0.0029536110814660788,
        0.003008427796885371,
        0.0030552365351468325,
        0.003107394091784954,
        0.0031592838931828737,
        0.0032192750368267298,
        0.0032845865935087204,
        0.0033726892434060574,
        0.003474449971690774,
        0.00359131395816803,
        0.0037193475291132927,
        0.0037380876019597054,
        0.003927209414541721,
        0.004095082171261311,
        0.00426480732858181,
        0.004447398241609335,
        0.004637280013412237
      ]
    },
    "2024": {
      "n_samples": 250,
      "entropy_mean": 2.9942221641540527,
      "entropy_std": 0.0012178054312244058,
      "attention_concentration": 0.050038114190101624,
      "top_features": [
        [
          "t-20",
          0.05447331815958023
        ],
        [
          "t-19",
          0.052610356360673904
        ],
        [
          "t-18",
          0.05155687779188156
        ],
        [
          "t-17",
          0.05083566531538963
        ],
        [
          "t-16",
          0.05034859478473663
        ]
      ],