{
  "period_statistics": {
    "2020": {
      "n_samples": 92,
      "entropy_mean": 2.980755567550659,
      "entropy_std": 0.020479464903473854,
      "attention_concentration": 0.05044420063495636,
      "top_features": [
        [
          "t-1",
          0.05690308287739754
        ],
        [
          "t-2",
          0.05606392025947571
        ],
        [
          "t-3",
          0.05528578907251358
        ],
        [
          "t-4",
          0.05462905019521713
        ],
        [
          "t-5",
          0.05403400957584381
        ]
      ],
      "mean_attention": [
        0.04001273587346077,
        0.04175523668527603,
        0.04330627620220184,
        0.04475784674286842,
        0.046132802963256836,
        0.047370728105306625,
        0.04841489717364311,
        0.04928546026349068,
        0.05005062744021416,
        0.05067181959748268,
        0.051208458840847015,
        0.05169703811407089,
        0.052162885665893555,
        0.0528225377202034,
        0.05343478545546532,
        0.05403400957584381,
        0.05462905019521713,
        0.05528578907251358,
        0.05606392025947571,
        0.05690308287739754
      ],
      "std_attention": [
        0.0062558469362556934,
        0.0056708683259785175,
        0.005455874837934971,
        0.0054482948035001755,
        0.005606927443295717,
        0.005785233806818724,
        0.005895690992474556,
        0.005940133240073919,
        0.005989828146994114,
        0.00605847779661417,
        0.0061320955865085125,
        0.006319510750472546,
        0.00657197879627347,
        0.007157931569963694,
        0.007777864579111338,
        0.00862259604036808,
        0.009514911100268364,
        0.010784110985696316,
        0.012663889676332474,
        0.014915152452886105
      ]
    },
    "2021": {
      "n_samples": 250,
      "entropy_mean": 2.9609603881835938,
      "entropy_std": 0.058817218989133835,
      "attention_concentration": 0.05041306093335152,
      "top_features": [
        [
          "t-1",
          0.0570567287504673
        ],
        [
          "t-2",
          0.05607244372367859
        ],
        [
          "t-3",
          0.05510706827044487
        ],
        [
          "t-4",
          0.054219748824834824
        ],
        [
          "t-5",
          0.05353645607829094
        ]
      ],
      "mean_attention": [
        0.040035393089056015,
        0.041700273752212524,
        0.04372164234519005,
        0.04539079591631889,
        0.046716172248125076,
        0.0477815642952919,
        0.04863990470767021,
        0.04936092346906662,
        0.05002283304929733,
        0.05053594335913658,
        0.05102706700563431,
        0.05149395391345024,
        0.05204182490706444,
        0.05254088342189789,
        0.0529983751475811,
        0.05353645607829094,
        0.054219748824834824,
        0.05510706827044487,
        0.05607244372367859,
        0.0570567287504673
      ],
      "std_attention": [
        0.011686455458402634,
        0.011272935196757317,
        0.011180877685546875,
        0.01105823926627636,
        0.011006364598870277,
        0.010842532850801945,
        0.010773596353828907,
        0.010624224320054054,
        0.010630625300109386,
        0.010595157742500305,
        0.01067565381526947,
        0.010707973502576351,
        0.010990595445036888,
        0.011417746543884277,
        0.011903297156095505,
        0.013011185452342033,
        0.014443320222198963,
        0.017631057649850845,
        0.02146756835281849,
        0.02525946870446205
      ]
    },
    "2022": {
      "n_samples": 249,
      "entropy_mean": 2.9451143741607666,
      "entropy_std": 0.05791007727384567,
      "attention_concentration": 0.05108316242694855,
      "top_features": [
        [
          "t-1",
          0.06384237110614777
        ],
        [
          "t-2",
          0.06086511164903641
        ],
        [
          "t-3",
          0.058479633182287216
        ],
        [
          "t-4",
          0.05663787201046944
        ],
        [
          "t-5",
          0.05517677590250969
        ]
      ],
      "mean_attention": [
        0.0346413217484951,
        0.03715981915593147,
        0.039869580417871475,
        0.042620949447155,
        0.04501514881849289,
        0.04678987339138985,
        0.04810791090130806,
        0.04908266291022301,
        0.04972415044903755,
        0.05029527470469475,
        0.05090777575969696,
        0.05154765397310257,
        0.05223533511161804,
        0.053029272705316544,
        0.053971510380506516,
        0.05517677590250969,
        0.05663787201046944,
        0.058479633182287216,
        0.06086511164903641,
        0.06384237110614777
      ],
      "std_attention": [
        0.01209312118589878,
        0.011292763985693455,
        0.01151041965931654,
        0.011961962096393108,
        0.012287394143640995,
        0.012375219725072384,
        0.012305372394621372,
        0.012198048643767834,
        0.011822485364973545,
        0.011504215188324451,
        0.011517536826431751,
        0.011745402589440346,
        0.012119469232857227,
        0.012662052176892757,
        0.01340537890791893,
        0.01460777223110199,
        0.01648431085050106,
        0.01927848532795906,
        0.02345387078821659,
        0.030322285369038582
      ]
    },
    "2023": {
      "n_samples": 249,
      "entropy_mean": 2.982154607772827,
      "entropy_std": 0.011513834819197655,
      "attention_concentration": 0.05027114227414131,
      "top_features": [
        [
          "t-1",
          0.055280108004808426
        ],
        [
          "t-2",
          0.05473634973168373
        ],
        [
          "t-3",
          0.05420677363872528
        ],
        [
          "t-4",
          0.053672801703214645
        ],
        [
          "t-5",
          0.053142908960580826
        ]
      ],
      "mean_attention": [
        0.042694199830293655,
        0.043089691549539566,
        0.04451344534754753,
        0.04592001438140869,
        0.04711107164621353,
        0.0480710044503212,
        0.04882413521409035,
        0.04940023273229599,
        0.04994587600231171,
        0.05048497021198273,
        0.05091792345046997,
        0.05133223533630371,
        0.05175269767642021,
        0.05220000445842743,
        0.052703578025102615,
        0.053142908960580826,
        0.053672801703214645,
        0.05420677363872528,
        0.05473634973168373,
        0.055280108004808426
      ],
      "std_attention": [
        0.008484396152198315,
        0.007719920948147774,
        0.007438132539391518,
        0.007216786500066519,
        0.007027643267065287,
        0.006846322678029537,
        0.006680026184767485,
        0.006389904767274857,
        0.006326107773929834,
        0.0063390349969267845,
        0.0063737984746694565,
        0.006465901155024767,
        0.006588411517441273,
        0.006762098055332899,
        0.00707087991759181,
        0.007447110489010811,
        0.007987147197127342,
        0.00862764660269022,
        0.009388688020408154,
        0.010246828198432922
      ]
    },
    "2024": {
      "n_samples": 250,
      "entropy_mean": 2.967238664627075,
      "entropy_std": 0.08036880940198898,
      "attention_concentration": 0.05042033642530441,
      "top_features": [
        [
          "t-1",
          0.05822428688406944
        ],
        [
          "t-2",
          0.05735021084547043
        ],
        [
          "t-3",
          0.0564032606780529
        ],
        [
          "t-4",
          0.055438701063394547
        ],
        [
          "t-5",
          0.05444890633225441
        ]
      ],