{
  "evaluation_timestamp": "2025-10-22T23:17:01.459067",
  "statistical_metrics": {
    "mse": 1.1783233880996704,
    "rmse": 1.0855060815811157,
    "mae": 0.7737838625907898,
    "mape": 162.10933923721313,
    "r2": -0.0013267993927001953,
    "mean_error": -0.0018985599745064974,
    "std_error": 1.085504412651062
  },
  "financial_metrics": {
    "directional_accuracy": 0.53203125,
    "sharpe_ratio": 0.7760791160913906,
    "max_drawdown": -0.2524595856666565,
    "total_return": 0.7866027355194092,
    "hit_rate": 0.48125,
    "num_trades": 1144,
    "precision": 0.5384615384615384,
    "recall": 0.8966521106259098,
    "f1_score": 0.6728563626433643,
    "confusion_matrix": [
      [
        65,
        528
      ],
      [
        71,
        616
      ]
    ],
    "auc_roc": 0.5076744454344844,
    "alpha": -0.13500535488128662
  },
  "residual_diagnostics": {
    "normality_p_value": 5.740279808018915e-40,
    "acf_lag1": -0.034712658366061445,
    "skewness": 0.0987439045470818,
    "kurtosis": 6.461057933480676
  },
  "checkpoint_used": "experiments/sweep_stale_h22_drop0.30_lr3/checkpoints/tft-epoch=02-val_loss=0.1321.ckpt"
}