{
  "evaluation_timestamp": "2025-10-27T12:05:42.343691",
  "statistical_metrics": {
    "mse": 1.17832350730896,
    "rmse": 1.0855060815811157,
    "mae": 0.773783802986145,
    "mape": 162.10918426513672,
    "r2": -0.001326918601989746,
    "mean_error": -0.0018984023481607437,
    "std_error": 1.085504412651062
  },
  "financial_metrics": {
    "directional_accuracy": 0.53203125,
    "sharpe_ratio": 0.7760791160913906,
    "max_drawdown": -0.2524595856666565,
    "total_return": 0.7866027355194092,
    "hit_rate": 0.48125,
    "num_trades": 1144,
    "precision": 0.5384615384615384,
    "recall": 0.8966521106259098,
    "f1_score": 0.6728563626433643,
    "confusion_matrix": [
      [
        65,
        528
      ],
      [
        71,
        616
      ]
    ],
    "auc_roc": 0.5076744454344844,
    "alpha": -0.13500535488128662
  },
  "residual_diagnostics": {
    "normality_p_value": 5.74028827736757e-40,
    "acf_lag1": -0.03471266508086704,
    "skewness": 0.09874383464717554,
    "kurtosis": 6.461057933480676
  },
  "mode_stats": {
    "healthy_days": 109,
    "degraded_days": 42,
    "unidirectional_days": 938,
    "weak_collapse_days": 191,
    "strong_collapse_days": 0,
    "total_days": 1280,
    "healthy_pct": 8.515625,
    "degraded_pct": 3.28125,
    "unidirectional_pct": 73.28125,
    "weak_collapse_pct": 14.921875000000002,
    "strong_collapse_pct": 0.0
  },
  "collapse_detected": true,
  "degradation_detected": true,
  "checkpoint_used": "experiments/01_staleness_features_fixed/sweep_stale_h22_drop0.30_lr3/checkpoints/tft-epoch=02-val_loss=0.1321.ckpt"
}