{
  "period_statistics": {
    "2020": {
      "n_samples": 92,
      "entropy_mean": 2.9452505111694336,
      "entropy_std": 0.0541614331305027,
      "attention_concentration": 0.050061676651239395,
      "top_features": [
        [
          "t-20",
          0.05525794252753258
        ],
        [
          "t-1",
          0.052630387246608734
        ],
        [
          "t-2",
          0.051957279443740845
        ],
        [
          "t-3",
          0.05137758329510689
        ],
        [
          "t-4",
          0.050969015806913376
        ]
      ],
      "mean_attention": [
        0.05525794252753258,
        0.04924950748682022,
        0.048168160021305084,
        0.0478832945227623,
        0.04801652207970619,
        0.04827863723039627,
        0.048608411103487015,
        0.04888599365949631,
        0.04917159676551819,
        0.049353860318660736,
        0.049529727548360825,
        0.04970246180891991,
        0.049894411116838455,
        0.05006346106529236,
        0.05036356672644615,
        0.05063818767666817,
        0.050969015806913376,
        0.05137758329510689,
        0.051957279443740845,
        0.052630387246608734
      ],
      "std_attention": [
        0.027483487501740456,
        0.021295294165611267,
        0.018032284453511238,
        0.016137506812810898,
        0.015059308148920536,
        0.014538343995809555,
        0.014339439570903778,
        0.014289086684584618,
        0.014251766726374626,
        0.01428875420242548,
        0.01434453297406435,
        0.01446815486997366,
        0.014652037993073463,
        0.01482864934951067,
        0.015080973505973816,
        0.01548250112682581,
        0.016206154599785805,
        0.017244890332221985,
        0.01893119141459465,
        0.021015256643295288
      ]
    },
    "2021": {
      "n_samples": 250,
      "entropy_mean": 2.9615345001220703,
      "entropy_std": 0.03782929480075836,
      "attention_concentration": 0.05010471120476723,
      "top_features": [
        [
          "t-1",
          0.053498826920986176
        ],
        [
          "t-2",
          0.053035277873277664
        ],
        [
          "t-3",
          0.05264107882976532
        ],
        [
          "t-4",
          0.05225463584065437
        ],
        [
          "t-5",
          0.051912661641836166
        ]
      ],
      "mean_attention": [
        0.051088761538267136,
        0.04613102227449417,
        0.04595019668340683,
        0.04638878256082535,
        0.047115255147218704,
        0.04784918203949928,
        0.04851242154836655,
        0.04909234121441841,
        0.0495716892182827,
        0.05000148341059685,
        0.05037688463926315,
        0.05071627348661423,
        0.05104689300060272,
        0.05124075338244438,
        0.05157559737563133,
        0.051912661641836166,
        0.05225463584065437,
        0.05264107882976532,
        0.053035277873277664,
        0.053498826920986176
      ],
      "std_attention": [
        0.015484697185456753,
        0.013683757744729519,
        0.013148901984095573,
        0.012860453687608242,
        0.012851478531956673,
        0.012802640907466412,
        0.01281057484447956,
        0.012866857461631298,
        0.012883872725069523,
        0.012951668351888657,
        0.0129998829215765,
        0.013039295561611652,
        0.013105562888085842,
        0.013349817134439945,
        0.013502473942935467,
        0.013750867918133736,
        0.013966571539640427,
        0.014429386705160141,
        0.015154578723013401,
        0.01610622927546501
      ]
    },
    "2022": {
      "n_samples": 249,
      "entropy_mean": 2.977034568786621,
      "entropy_std": 0.013390222564339638,
      "attention_concentration": 0.05026669427752495,
      "top_features": [
        [
          "t-1",
          0.05651078000664711
        ],
        [
          "t-2",
          0.055602774024009705
        ],
        [
          "t-3",
          0.05472683906555176
        ],
        [
          "t-4",
          0.05388734117150307
        ],
        [
          "t-20",
          0.0533096008002758
        ]
      ],
      "mean_attention": [
        0.0533096008002758,
        0.04640873894095421,
        0.04515437036752701,
        0.04497038573026657,
        0.04530872032046318,
        0.04587791487574577,
        0.0465618371963501,
        0.047301869839429855,
        0.048013485968112946,
        0.048721663653850555,
        0.04943882301449776,
        0.05015779659152031,
        0.05087868496775627,
        0.051735978573560715,
        0.05233706533908844,
        0.05309520661830902,
        0.05388734117150307,
        0.05472683906555176,
        0.055602774024009705,
        0.05651078000664711
      ],
      "std_attention": [
        0.011267579160630703,
        0.009089311584830284,
        0.008419071324169636,
        0.008066133596003056,
        0.00785899069160223,
        0.007740633096545935,
        0.00769574660807848,
        0.007740717846900225,
        0.007822385989129543,
        0.007899816147983074,
        0.00798333901911974,
        0.008091006428003311,
        0.00821874849498272,
        0.008058102801442146,
        0.008458363823592663,
        0.008771841414272785,
        0.009205013513565063,
        0.009801100939512253,
        0.010572747327387333,
        0.011530328541994095
      ]
    },
    "2023": {
      "n_samples": 249,
      "entropy_mean": 2.9897656440734863,
      "entropy_std": 0.0036084940657019615,
      "attention_concentration": 0.050063539296388626,
      "top_features": [
        [
          "t-20",
          0.053704872727394104
        ],
        [
          "t-1",
          0.0525142140686512
        ],
        [
          "t-2",
          0.05222894623875618
        ],
        [
          "t-3",
          0.05192921683192253
        ],
        [
          "t-4",
          0.05162482336163521
        ]
      ],
      "mean_attention": [
        0.053704872727394104,
        0.04870974272489548,
        0.04776602238416672,
        0.04752304032444954,
        0.04764430597424507,
        0.04793887212872505,
        0.04829816147685051,
        0.04864618927240372,
        0.049012862145900726,
        0.04937247186899185,
        0.049704067409038544,
        0.050022851675748825,
        0.050333429127931595,
        0.05064413323998451,
        0.051063232123851776,
        0.051318489015102386,
        0.05162482336163521,
        0.05192921683192253,
        0.05222894623875618,
        0.0525142140686512
      ],
      "std_attention": [
        0.005354972556233406,
        0.004789041355252266,
        0.004691038280725479,
        0.004672560375183821,
        0.004693927709013224,
        0.004720265977084637,
        0.004744210280478001,
        0.0047515444457530975,
        0.0047758459113538265,
        0.004797167610377073,
        0.004819856956601143,
        0.004845314659178257,
        0.004873002879321575,
        0.004893767647445202,
        0.004622862208634615,
        0.004718059673905373,
        0.004747246392071247,
        0.004811315797269344,
        0.00487457076087594,
        0.00496735330671072
      ]
    },
    "2024": {
      "n_samples": 250,
      "entropy_mean": 2.9918055534362793,
      "entropy_std": 0.003171695861965418,
      "attention_concentration": 0.05003102496266365,
      "top_features": [
        [
          "t-20",
          0.05312957614660263
        ],
        [
          "t-1",
          0.05160848796367645
        ],
        [
          "t-2",
          0.05140502750873566
        ],
        [
          "t-3",
          0.051200300455093384
        ],
        [
          "t-4",
          0.050997257232666016
        ]
      ],