{
  "period_statistics": {
    "2020": {
      "n_samples": 92,
      "entropy_mean": 2.783346652984619,
      "entropy_std": 0.136550635099411,
      "attention_concentration": 0.061499662697315216,
      "top_features": [
        [
          "t-1",
          0.10261042416095734
        ],
        [
          "t-2",
          0.09099441766738892
        ],
        [
          "t-3",
          0.08153558522462845
        ],
        [
          "t-4",
          0.07397345453500748
        ],
        [
          "t-5",
          0.06779937446117401
        ]
      ],
      "mean_attention": [
        0.010137155652046204,
        0.015969382598996162,
        0.021535735577344894,
        0.027073632925748825,
        0.03179851919412613,
        0.03545123711228371,
        0.03830551356077194,
        0.04068581014871597,
        0.043057095259428024,
        0.045409902930259705,
        0.047971807420253754,
        0.05087453871965408,
        0.05413161218166351,
        0.05803605914115906,
        0.0626487284898758,
        0.06779937446117401,
        0.07397345453500748,
        0.08153558522462845,
        0.09099441766738892,
        0.10261042416095734
      ],
      "std_attention": [
        0.008168998174369335,
        0.013441575691103935,
        0.01628396473824978,
        0.01826787367463112,
        0.01944783329963684,
        0.019928982481360435,
        0.019921300932765007,
        0.019640827551484108,
        0.019358159974217415,
        0.01925789751112461,
        0.019194994121789932,
        0.019318047910928726,
        0.019608857110142708,
        0.020253056660294533,
        0.02130548097193241,
        0.022924916818737984,
        0.026020415127277374,
        0.031140517443418503,
        0.039300546050071716,
        0.050836339592933655
      ]
    },
    "2021": {
      "n_samples": 250,
      "entropy_mean": 2.598201274871826,
      "entropy_std": 0.28568363189697266,
      "attention_concentration": 0.07172510027885437,
      "top_features": [
        [
          "t-1",
          0.1231129989027977
        ],
        [
          "t-2",
          0.10923586040735245
        ],
        [
          "t-3",
          0.09727035462856293
        ],
        [
          "t-4",
          0.08700330555438995
        ],
        [
          "t-5",
          0.07808474451303482
        ]
      ],
      "mean_attention": [
        0.010055925697088242,
        0.012770975939929485,
        0.01625443808734417,
        0.019619060680270195,
        0.022642575204372406,
        0.025217996910214424,
        0.027359694242477417,
        0.02965368516743183,
        0.032419294118881226,
        0.0359768308699131,
        0.040840987116098404,
        0.046840596944093704,
        0.054108474403619766,
        0.0617554746568203,
        0.0697767436504364,
        0.07808474451303482,
        0.08700330555438995,
        0.09727035462856293,
        0.10923586040735245,
        0.1231129989027977
      ],
      "std_attention": [
        0.00679280748590827,
        0.012496193870902061,
        0.016801005229353905,
        0.019753139466047287,
        0.02221609279513359,
        0.023996464908123016,
        0.025027094408869743,
        0.02585292048752308,
        0.026311498135328293,
        0.02691296860575676,
        0.028334056958556175,
        0.030336882919073105,
        0.0331391878426075,
        0.03612203896045685,
        0.039422545582056046,
        0.04271712154150009,
        0.04637564346194267,
        0.05332370847463608,
        0.06692209094762802,
        0.0879957303404808
      ]
    },
    "2022": {
      "n_samples": 249,
      "entropy_mean": 2.6971988677978516,
      "entropy_std": 0.2236328423023224,
      "attention_concentration": 0.0595003217458725,
      "top_features": [
        [
          "t-1",
          0.09169483929872513
        ],
        [
          "t-2",
          0.08201001584529877
        ],
        [
          "t-3",
          0.07484772801399231
        ],
        [
          "t-4",
          0.06944114714860916
        ],
        [
          "t-5",
          0.06531025469303131
        ]
      ],
      "mean_attention": [
        0.008017880842089653,
        0.013616244308650494,
        0.01900884136557579,
        0.025251243263483047,
        0.03203737735748291,
        0.03828559070825577,
        0.04336893931031227,
        0.04727393761277199,
        0.04987373948097229,
        0.0518728531897068,
        0.05371451377868652,
        0.05549360439181328,
        0.057275015860795975,
        0.05955814570188522,
        0.0620480440557003,
        0.06531025469303131,
        0.06944114714860916,
        0.07484772801399231,
        0.08201001584529877,
        0.09169483929872513
      ],
      "std_attention": [
        0.00959872081875801,
        0.014596202410757542,
        0.017935538664460182,
        0.02145521156489849,
        0.02466718852519989,
        0.027213947847485542,
        0.02870767004787922,
        0.02941405028104782,
        0.029220862314105034,
        0.02859615907073021,
        0.027974458411335945,
        0.02782372012734413,
        0.028022542595863342,
        0.028974855318665504,
        0.030685855075716972,
        0.03314835578203201,
        0.03729900345206261,
        0.044162627309560776,
        0.05558478459715843,
        0.07528076320886612
      ]
    },
    "2023": {
      "n_samples": 249,
      "entropy_mean": 2.68575119972229,
      "entropy_std": 0.18640923500061035,
      "attention_concentration": 0.06999918073415756,
      "top_features": [
        [
          "t-1",
          0.11195876449346542
        ],
        [
          "t-2",
          0.10292300581932068
        ],
        [
          "t-3",
          0.09441075474023819
        ],
        [
          "t-4",
          0.08639215677976608
        ],
        [
          "t-5",
          0.07883363217115402
        ]
      ],
      "mean_attention": [
        0.011106064543128014,
        0.011443130671977997,
        0.013269984163343906,
        0.015707936137914658,
        0.018591782078146935,
        0.022046567872166634,
        0.026335593312978745,
        0.031264420598745346,
        0.03675225004553795,
        0.042341552674770355,
        0.04778166115283966,
        0.053214896470308304,
        0.05883399397134781,
        0.06494729220867157,
        0.07184454798698425,
        0.07883363217115402,
        0.08639215677976608,
        0.09441075474023819,
        0.10292300581932068,
        0.11195876449346542
      ],
      "std_attention": [
        0.007153660524636507,
        0.00704778078943491,
        0.00842223409563303,
        0.010377840138971806,
        0.012440650723874569,
        0.014345062896609306,
        0.01618853583931923,
        0.017558611929416656,
        0.01945200376212597,
        0.021093009039759636,
        0.022313350811600685,
        0.02323020249605179,
        0.024000050500035286,
        0.02485019527375698,
        0.02607937715947628,
        0.028429614380002022,
        0.03165753558278084,
        0.03670816123485565,
        0.045063767582178116,
        0.058012623339891434
      ]
    },
    "2024": {
      "n_samples": 250,
      "entropy_mean": 2.6556284427642822,
      "entropy_std": 0.25950443744659424,
      "attention_concentration": 0.06748784333467484,
      "top_features": [
        [
          "t-1",
          0.10530441999435425
        ],
        [
          "t-2",
          0.0965171754360199
        ],
        [
          "t-3",
          0.08962351828813553
        ],
        [
          "t-4",
          0.08345265686511993
        ],
        [
          "t-5",
          0.07770735770463943
        ]
      ],