{
  "period_statistics": {
    "2020": {
      "n_samples": 92,
      "entropy_mean": 2.959571123123169,
      "entropy_std": 0.04065766930580139,
      "attention_concentration": 0.050631795078516006,
      "top_features": [
        [
          "t-1",
          0.06248478963971138
        ],
        [
          "t-2",
          0.06000601127743721
        ],
        [
          "t-3",
          0.057872921228408813
        ],
        [
          "t-4",
          0.05613609403371811
        ],
        [
          "t-5",
          0.054628897458314896
        ]
      ],
      "mean_attention": [
        0.04082472622394562,
        0.04325972497463226,
        0.045050088316202164,
        0.04569592699408531,
        0.04592625051736832,
        0.046104658395051956,
        0.046378955245018005,
        0.04677150025963783,
        0.047347292304039,
        0.04797050356864929,
        0.04869142174720764,
        0.04948120936751366,
        0.050338972359895706,
        0.05184784531593323,
        0.05318224057555199,
        0.054628897458314896,
        0.05613609403371811,
        0.057872921228408813,
        0.06000601127743721,
        0.06248478963971138
      ],
      "std_attention": [
        0.011949528008699417,
        0.01137834694236517,
        0.010831264778971672,
        0.010231178253889084,
        0.009852501563727856,
        0.009598762728273869,
        0.00947430171072483,
        0.009387926198542118,
        0.009397006593644619,
        0.009436216205358505,
        0.009614426642656326,
        0.009930329397320747,
        0.010308371856808662,
        0.011618523858487606,
        0.012518971227109432,
        0.014153260737657547,
        0.01579698547720909,
        0.01804722286760807,
        0.021493982523679733,
        0.026072697713971138
      ]
    },
    "2021": {
      "n_samples": 250,
      "entropy_mean": 2.909440517425537,
      "entropy_std": 0.12872149050235748,
      "attention_concentration": 0.05129145830869675,
      "top_features": [
        [
          "t-1",
          0.06507892906665802
        ],
        [
          "t-2",
          0.062490273267030716
        ],
        [
          "t-3",
          0.06000082567334175
        ],
        [
          "t-4",
          0.057947468012571335
        ],
        [
          "t-5",
          0.0564068928360939
        ]
      ],
      "mean_attention": [
        0.03615857660770416,
        0.038089118897914886,
        0.039809949696063995,
        0.04105300083756447,
        0.042380690574645996,
        0.043920598924160004,
        0.04555274546146393,
        0.047077447175979614,
        0.04859408363699913,
        0.04978901147842407,
        0.050914157181978226,
        0.05198226496577263,
        0.05319223552942276,
        0.05428822338581085,
        0.05527353659272194,
        0.0564068928360939,
        0.057947468012571335,
        0.06000082567334175,
        0.062490273267030716,
        0.06507892906665802
      ],
      "std_attention": [
        0.01424737460911274,
        0.014386175200343132,
        0.014449536800384521,
        0.014476184733211994,
        0.014916768297553062,
        0.015524479560554028,
        0.016506412997841835,
        0.017187751829624176,
        0.018205512315034866,
        0.01850138232111931,
        0.018768848851323128,
        0.0188731886446476,
        0.01927689090371132,
        0.020040500909090042,
        0.020480070263147354,
        0.021762438118457794,
        0.023954598233103752,
        0.02970106713473797,
        0.03784675896167755,
        0.04497838765382767
      ]
    },
    "2022": {
      "n_samples": 249,
      "entropy_mean": 2.8333187103271484,
      "entropy_std": 0.13254711031913757,
      "attention_concentration": 0.054915521293878555,
      "top_features": [
        [
          "t-1",
          0.07775579392910004
        ],
        [
          "t-2",
          0.07107273489236832
        ],
        [
          "t-3",
          0.06664473563432693
        ],
        [
          "t-4",
          0.06355875730514526
        ],
        [
          "t-5",
          0.061294183135032654
        ]
      ],
      "mean_attention": [
        0.021652504801750183,
        0.02432062290608883,
        0.026686636731028557,
        0.029862483963370323,
        0.034173235297203064,
        0.03907333314418793,
        0.044038325548172,
        0.048429351300001144,
        0.0514533631503582,
        0.05352887883782387,
        0.05506496876478195,
        0.056246623396873474,
        0.057253528386354446,
        0.05830610170960426,
        0.0595838762819767,
        0.061294183135032654,
        0.06355875730514526,
        0.06664473563432693,
        0.07107273489236832,
        0.07775579392910004
      ],
      "std_attention": [
        0.013167896308004856,
        0.012936735525727272,
        0.01327638141810894,
        0.014309761114418507,
        0.016087915748357773,
        0.018196605145931244,
        0.020242048427462578,
        0.022087762132287025,
        0.022676123306155205,
        0.022479074075818062,
        0.02234802208840847,
        0.02251778542995453,
        0.022954771295189857,
        0.02375755086541176,
        0.024731827899813652,
        0.026570843532681465,
        0.029724834486842155,
        0.03468203917145729,
        0.042559314519166946,
        0.057589612901210785
      ]
    },
    "2023": {
      "n_samples": 249,
      "entropy_mean": 2.959310293197632,
      "entropy_std": 0.03865991160273552,
      "attention_concentration": 0.050565384328365326,
      "top_features": [
        [
          "t-1",
          0.058288782835006714
        ],
        [
          "t-2",
          0.05724307894706726
        ],
        [
          "t-3",
          0.056299224495887756
        ],
        [
          "t-4",
          0.05545429512858391
        ],
        [
          "t-5",
          0.05461177974939346
        ]
      ],
      "mean_attention": [
        0.040958620607852936,
        0.04153183102607727,
        0.042349524796009064,
        0.043254539370536804,
        0.04447600245475769,
        0.04593777284026146,
        0.04738685116171837,
        0.04857853800058365,
        0.049667343497276306,
        0.0506465844810009,
        0.05137697607278824,
        0.0520181842148304,
        0.052647463977336884,
        0.0533003993332386,
        0.053972139954566956,
        0.05461177974939346,
        0.05545429512858391,
        0.056299224495887756,
        0.05724307894706726,
        0.058288782835006714
      ],
      "std_attention": [
        0.013124389573931694,
        0.011715187691152096,
        0.010896455496549606,
        0.010322813875973225,
        0.010039754211902618,
        0.010078332386910915,
        0.010439678095281124,
        0.010571750812232494,
        0.01105981320142746,
        0.011429639533162117,
        0.011708198115229607,
        0.011987261474132538,
        0.012335509061813354,
        0.012777414172887802,
        0.013524765148758888,
        0.014185222797095776,
        0.015305987559258938,
        0.01653617061674595,
        0.018508071079850197,
        0.020726634189486504
      ]
    },
    "2024": {
      "n_samples": 250,
      "entropy_mean": 2.9522387981414795,
      "entropy_std": 0.10812688618898392,
      "attention_concentration": 0.050254445523023605,
      "top_features": [
        [
          "t-1",
          0.05737977474927902
        ],
        [
          "t-2",
          0.05636697635054588
        ],
        [
          "t-3",
          0.05532044172286987
        ],
        [
          "t-4",
          0.05429584160447121
        ],
        [
          "t-5",
          0.05325765162706375
        ]
      ],