{
  "period_statistics": {
    "2020": {
      "n_samples": 92,
      "entropy_mean": 2.9894959926605225,
      "entropy_std": 0.0060884724371135235,
      "attention_concentration": 0.050011903047561646,
      "top_features": [
        [
          "t-20",
          0.05220133438706398
        ],
        [
          "t-19",
          0.051642097532749176
        ],
        [
          "t-18",
          0.05105628818273544
        ],
        [
          "t-17",
          0.0505230538547039
        ],
        [
          "t-16",
          0.05013978108763695
        ]
      ],
      "mean_attention": [
        0.05220133438706398,
        0.051642097532749176,
        0.05105628818273544,
        0.0505230538547039,
        0.05013978108763695,
        0.049908947199583054,
        0.04978403449058533,
        0.04973337799310684,
        0.049719225615262985,
        0.04974640905857086,
        0.04978900030255318,
        0.049829818308353424,
        0.04987194761633873,
        0.049766432493925095,
        0.04965575411915779,
        0.049562640488147736,
        0.049453042447566986,
        0.04933469370007515,
        0.04920819401741028,
        0.049073971807956696
      ],
      "std_attention": [
        0.004579748492687941,
        0.005356676876544952,
        0.005543270148336887,
        0.005529036279767752,
        0.005449536256492138,
        0.005311750806868076,
        0.005196168553084135,
        0.005079464986920357,
        0.005010098684579134,
        0.004945720545947552,
        0.004937948193401098,
        0.00495968759059906,
        0.00503602996468544,
        0.005190400872379541,
        0.0053895763121545315,
        0.005626709666103125,
        0.0058672684244811535,
        0.006146671250462532,
        0.006467887200415134,
        0.00685578677803278
      ]
    },
    "2021": {
      "n_samples": 250,
      "entropy_mean": 2.9909157752990723,
      "entropy_std": 0.0031791345681995153,
      "attention_concentration": 0.050055570900440216,
      "top_features": [
        [
          "t-20",
          0.054336678236722946
        ],
        [
          "t-19",
          0.05320807173848152
        ],
        [
          "t-18",
          0.05217030271887779
        ],
        [
          "t-17",
          0.051406458020210266
        ],
        [
          "t-16",
          0.05087021365761757
        ]
      ],
      "mean_attention": [
        0.054336678236722946,
        0.05320807173848152,
        0.05217030271887779,
        0.051406458020210266,
        0.05087021365761757,
        0.05049270763993263,
        0.05023788660764694,
        0.05004460737109184,
        0.049886636435985565,
        0.049748461693525314,
        0.049605321139097214,
        0.04945041984319687,
        0.04927722364664078,
        0.04906580224633217,
        0.048886291682720184,
        0.048691656440496445,
        0.04848158732056618,
        0.048263709992170334,
        0.048048313707113266,
        0.04782761633396149
      ],
      "std_attention": [
        0.003948040772229433,
        0.0038222293369472027,
        0.003768243594095111,
        0.0037586544640362263,
        0.0037602344527840614,
        0.003791536670178175,
        0.003838665783405304,
        0.003878500545397401,
        0.0039338842034339905,
        0.0040131304413080215,
        0.004107075277715921,
        0.004227804951369762,
        0.004369331523776054,
        0.004645809065550566,
        0.00481608510017395,
        0.004995033144950867,
        0.005203398410230875,
        0.005425540264695883,
        0.0056786565110087395,
        0.005960231181234121
      ]
    },
    "2022": {
      "n_samples": 249,
      "entropy_mean": 2.982084035873413,
      "entropy_std": 0.009500319138169289,
      "attention_concentration": 0.0503094308078289,
      "top_features": [
        [
          "t-20",
          0.06042250618338585
        ],
        [
          "t-19",
          0.0577203743159771
        ],
        [
          "t-18",
          0.05519237741827965
        ],
        [
          "t-17",
          0.053309082984924316
        ],
        [
          "t-16",
          0.051979515701532364
        ]
      ],
      "mean_attention": [
        0.06042250618338585,
        0.0577203743159771,
        0.05519237741827965,
        0.053309082984924316,
        0.051979515701532364,
        0.05106211453676224,
        0.050396572798490524,
        0.049894724041223526,
        0.049512043595314026,
        0.04917217418551445,
        0.048851512372493744,
        0.048534464091062546,
        0.048206690698862076,
        0.04793489724397659,
        0.04747859388589859,
        0.04703754186630249,
        0.04657985642552376,
        0.04609008505940437,
        0.045574117451906204,
        0.04505078122019768
      ],
      "std_attention": [
        0.008202197030186653,
        0.00791064091026783,
        0.007523233070969582,
        0.007205591537058353,
        0.006942807696759701,
        0.006738003343343735,
        0.006580699235200882,
        0.006475759204477072,
        0.006433277856558561,
        0.006429643835872412,
        0.006468312814831734,
        0.0065506836399436,
        0.0066670686937868595,
        0.0067429086193442345,
        0.007000889629125595,
        0.007162164431065321,
        0.007318373303860426,
        0.007465595845133066,
        0.007605013903230429,
        0.007740584202110767
      ]
    },
    "2023": {
      "n_samples": 249,
      "entropy_mean": 2.9891915321350098,
      "entropy_std": 0.003224641550332308,
      "attention_concentration": 0.0500791072845459,
      "top_features": [
        [
          "t-20",
          0.05643179640173912
        ],
        [
          "t-19",
          0.05397376790642738
        ],
        [
          "t-18",
          0.052254557609558105
        ],
        [
          "t-17",
          0.05110430717468262
        ],
        [
          "t-16",
          0.050357330590486526
        ]
      ],
      "mean_attention": [
        0.05643179640173912,
        0.05397376790642738,
        0.052254557609558105,
        0.05110430717468262,
        0.050357330590486526,
        0.049885038286447525,
        0.049591802060604095,
        0.04942144453525543,
        0.04930373653769493,
        0.04922114685177803,
        0.049163077026605606,
        0.04910572990775108,
        0.04904421418905258,
        0.048969369381666183,
        0.04898892343044281,
        0.04885418713092804,
        0.048753511160612106,
        0.0486447699368,
        0.04853193834424019,
        0.04839925467967987
      ],
      "std_attention": [
        0.004498597700148821,
        0.004326018039137125,
        0.004339998122304678,
        0.004384505562484264,
        0.0044327955693006516,
        0.004482971504330635,
        0.004545434378087521,
        0.004615711979568005,
        0.004693363793194294,
        0.004777777940034866,
        0.004886243026703596,
        0.005007446277886629,
        0.005142292473465204,
        0.005286757368594408,
        0.005282800644636154,
        0.005539062432944775,
        0.005710483994334936,
        0.005879625678062439,
        0.006057353690266609,
        0.006230813916772604
      ]
    },
    "2024": {
      "n_samples": 250,
      "entropy_mean": 2.992187976837158,
      "entropy_std": 0.002273635473102331,
      "attention_concentration": 0.050056785345077515,
      "top_features": [
        [
          "t-20",
          0.05542600527405739
        ],
        [
          "t-19",
          0.0532848984003067
        ],
        [
          "t-18",
          0.05191775783896446
        ],
        [
          "t-17",
          0.050998661667108536
        ],
        [
          "t-16",
          0.05038750544190407
        ]
      ],