{
  "period_statistics": {
    "2020": {
      "n_samples": 92,
      "entropy_mean": 2.8539159297943115,
      "entropy_std": 0.1167682483792305,
      "attention_concentration": 0.050210412591695786,
      "top_features": [
        [
          "t-1",
          0.05693168193101883
        ],
        [
          "t-20",
          0.0550650879740715
        ],
        [
          "t-2",
          0.05502328276634216
        ],
        [
          "t-3",
          0.05334344133734703
        ],
        [
          "t-19",
          0.05309879407286644
        ]
      ],
      "mean_attention": [
        0.0550650879740715,
        0.05309879407286644,
        0.051572442054748535,
        0.04962383210659027,
        0.04808852821588516,
        0.04703282192349434,
        0.046573489904403687,
        0.046372707933187485,
        0.04659099504351616,
        0.04672781750559807,
        0.04695884510874748,
        0.047299183905124664,
        0.04760681092739105,
        0.04903600364923477,
        0.049999356269836426,
        0.051015328615903854,
        0.05203961208462715,
        0.05334344133734703,
        0.05502328276634216,
        0.05693168193101883
      ],
      "std_attention": [
        0.04080395773053169,
        0.03780335187911987,
        0.03355005756020546,
        0.02971060760319233,
        0.02710886113345623,
        0.02519294247031212,
        0.023849332705140114,
        0.022978778928518295,
        0.02275983989238739,
        0.022535432130098343,
        0.022476939484477043,
        0.022530419752001762,
        0.022617727518081665,
        0.024648034945130348,
        0.025636669248342514,
        0.027228299528360367,
        0.029057912528514862,
        0.031589653342962265,
        0.03529396280646324,
        0.040160126984119415
      ]
    },
    "2021": {
      "n_samples": 250,
      "entropy_mean": 2.84576153755188,
      "entropy_std": 0.19834588468074799,
      "attention_concentration": 0.05013880506157875,
      "top_features": [
        [
          "t-1",
          0.056201573461294174
        ],
        [
          "t-2",
          0.054856084287166595
        ],
        [
          "t-3",
          0.05368051305413246
        ],
        [
          "t-4",
          0.05267764627933502
        ],
        [
          "t-5",
          0.051997553557157516
        ]
      ],
      "mean_attention": [
        0.048874519765377045,
        0.048197418451309204,
        0.047920599579811096,
        0.047260843217372894,
        0.04712585732340813,
        0.04720349609851837,
        0.047471024096012115,
        0.047785334289073944,
        0.04818154126405716,
        0.04869907721877098,
        0.049286458641290665,
        0.049854423850774765,
        0.05053245648741722,
        0.05085877329111099,
        0.051334794610738754,
        0.051997553557157516,
        0.05267764627933502,
        0.05368051305413246,
        0.054856084287166595,
        0.056201573461294174
      ],
      "std_attention": [
        0.03222508728504181,
        0.03356263414025307,
        0.03230183944106102,
        0.031226102262735367,
        0.03127100318670273,
        0.030828433111310005,
        0.03066171146929264,
        0.030047306790947914,
        0.029691020026803017,
        0.029442789033055305,
        0.02937409281730652,
        0.029154319316148758,
        0.029314780607819557,
        0.029269153252243996,
        0.029608873650431633,
        0.030894994735717773,
        0.032168470323085785,
        0.03588318079710007,
        0.041315119713544846,
        0.046190761029720306
      ]
    },
    "2022": {
      "n_samples": 249,
      "entropy_mean": 2.7860686779022217,
      "entropy_std": 0.18986833095550537,
      "attention_concentration": 0.05027242377400398,
      "top_features": [
        [
          "t-1",
          0.05762293562293053
        ],
        [
          "t-18",
          0.05511262267827988
        ],
        [
          "t-19",
          0.05444393306970596
        ],
        [
          "t-17",
          0.054342154413461685
        ],
        [
          "t-20",
          0.0537940077483654
        ]
      ],
      "mean_attention": [
        0.0537940077483654,
        0.05444393306970596,
        0.05511262267827988,
        0.054342154413461685,
        0.05263146758079529,
        0.0507030189037323,
        0.049028076231479645,
        0.04785465821623802,
        0.04676927998661995,
        0.04605379328131676,
        0.04576940834522247,
        0.04576379805803299,
        0.04594103619456291,
        0.046252209693193436,
        0.04680904000997543,
        0.0477200485765934,
        0.04898855835199356,
        0.05082852765917778,
        0.05357137694954872,
        0.05762293562293053
      ],
      "std_attention": [
        0.040675483644008636,
        0.03770853206515312,
        0.03669210895895958,
        0.034597743302583694,
        0.032129548490047455,
        0.030319754034280777,
        0.02891281247138977,
        0.027896443381905556,
        0.026767967268824577,
        0.026115169748663902,
        0.02610206790268421,
        0.026699960231781006,
        0.02765745297074318,
        0.028647957369685173,
        0.02962215431034565,
        0.03135446831583977,
        0.034387536346912384,
        0.0391186885535717,
        0.04707803949713707,
        0.0610712394118309
      ]
    },
    "2023": {
      "n_samples": 249,
      "entropy_mean": 2.9678618907928467,
      "entropy_std": 0.04219792038202286,
      "attention_concentration": 0.05001531168818474,
      "top_features": [
        [
          "t-1",
          0.051537469029426575
        ],
        [
          "t-20",
          0.05140881985425949
        ],
        [
          "t-2",
          0.0511881522834301
        ],
        [
          "t-3",
          0.0509631372988224
        ],
        [
          "t-4",
          0.05075090005993843
        ]
      ],
      "mean_attention": [
        0.05140881985425949,
        0.05059249326586723,
        0.05036992207169533,
        0.049770962446928024,
        0.0492667593061924,
        0.049002207815647125,
        0.048904381692409515,
        0.04871640354394913,
        0.04885905236005783,
        0.04911366477608681,
        0.04932565242052078,
        0.04955517500638962,
        0.04979678615927696,
        0.05006987228989601,
        0.0503108873963356,
        0.05049735680222511,
        0.05075090005993843,
        0.0509631372988224,
        0.0511881522834301,
        0.051537469029426575
      ],
      "std_attention": [
        0.01728714071214199,
        0.014970184303820133,
        0.01368655450642109,
        0.012941975146532059,
        0.012297933921217918,
        0.012008385732769966,
        0.011839070357382298,
        0.01118361484259367,
        0.011139824986457825,
        0.011062594130635262,
        0.011040745303034782,
        0.011021754704415798,
        0.011047233827412128,
        0.011033600196242332,
        0.011363279074430466,
        0.011678890325129032,
        0.012185635045170784,
        0.012807189486920834,
        0.013705098070204258,
        0.014766420237720013
      ]
    },
    "2024": {
      "n_samples": 250,
      "entropy_mean": 2.9333696365356445,
      "entropy_std": 0.1830773800611496,
      "attention_concentration": 0.05002055689692497,
      "top_features": [
        [
          "t-1",
          0.0516742579638958
        ],
        [
          "t-2",
          0.05127378925681114
        ],
        [
          "t-3",
          0.051197417080402374
        ],
        [
          "t-4",
          0.051112689077854156
        ],
        [
          "t-5",
          0.050995852798223495
        ]
      ],