{
  "period_statistics": {
    "2020": {
      "n_samples": 92,
      "entropy_mean": 2.9885847568511963,
      "entropy_std": 0.004807402845472097,
      "attention_concentration": 0.050375618040561676,
      "top_features": [
        [
          "t-20",
          0.06584735214710236
        ],
        [
          "t-19",
          0.057246819138526917
        ],
        [
          "t-18",
          0.053526271134614944
        ],
        [
          "t-17",
          0.05142933875322342
        ],
        [
          "t-16",
          0.050220925360918045
        ]
      ],
      "mean_attention": [
        0.06584735214710236,
        0.057246819138526917,
        0.053526271134614944,
        0.05142933875322342,
        0.050220925360918045,
        0.049470268189907074,
        0.04898933693766594,
        0.048652924597263336,
        0.048416588455438614,
        0.048221390694379807,
        0.048065394163131714,
        0.04793344438076019,
        0.04781370982527733,
        0.047854769974946976,
        0.04783124849200249,
        0.0477803573012352,
        0.047730907797813416,
        0.04768708348274231,
        0.04765408858656883,
        0.0476277656853199
      ],
      "std_attention": [
        0.007366997189819813,
        0.005711364559829235,
        0.004923665896058083,
        0.004415476694703102,
        0.004094092175364494,
        0.003866721410304308,
        0.003731756703928113,
        0.0036497197579592466,
        0.0036004972644150257,
        0.00357378670014441,
        0.0036018542014062405,
        0.0036613529082387686,
        0.0037278200034052134,
        0.003953396342694759,
        0.0040473416447639465,
        0.004146516788750887,
        0.004245841410011053,
        0.004357464145869017,
        0.004476337693631649,
        0.00462488504126668
      ]
    },
    "2021": {
      "n_samples": 250,
      "entropy_mean": 2.985058546066284,
      "entropy_std": 0.013307830318808556,
      "attention_concentration": 0.05036722123622894,
      "top_features": [
        [
          "t-20",
          0.06530462950468063
        ],
        [
          "t-19",
          0.057225413620471954
        ],
        [
          "t-18",
          0.05374803766608238
        ],
        [
          "t-17",
          0.05173635855317116
        ],
        [
          "t-16",
          0.05050596967339516
        ]
      ],
      "mean_attention": [
        0.06530462950468063,
        0.057225413620471954,
        0.05374803766608238,
        0.05173635855317116,
        0.05050596967339516,
        0.049775391817092896,
        0.04925199970602989,
        0.04890326038002968,
        0.048675913363695145,
        0.04846318066120148,
        0.0482967384159565,
        0.04816346615552902,
        0.04806000739336014,
        0.047891225665807724,
        0.0477132573723793,
        0.04755055904388428,
        0.047390200197696686,
        0.04724442586302757,
        0.047109268605709076,
        0.0469907745718956
      ],
      "std_attention": [
        0.007848648354411125,
        0.007031246088445187,
        0.006680180784314871,
        0.006187255959957838,
        0.005812792107462883,
        0.005582297686487436,
        0.0054845730774104595,
        0.00545645784586668,
        0.00545467296615243,
        0.005500278435647488,
        0.005534596275538206,
        0.005560697056353092,
        0.005568502005189657,
        0.005560373887419701,
        0.005683739669620991,
        0.005871010012924671,
        0.006152234971523285,
        0.006571637932211161,
        0.007124788593500853,
        0.007744400296360254
      ]
    },
    "2022": {
      "n_samples": 249,
      "entropy_mean": 2.9797961711883545,
      "entropy_std": 0.016504228115081787,
      "attention_concentration": 0.0500640906393528,
      "top_features": [
        [
          "t-20",
          0.05639106407761574
        ],
        [
          "t-19",
          0.0530945286154747
        ],
        [
          "t-18",
          0.05155377835035324
        ],
        [
          "t-17",
          0.05069758743047714
        ],
        [
          "t-16",
          0.05018896982073784
        ]
      ],
      "mean_attention": [
        0.05639106407761574,
        0.0530945286154747,
        0.05155377835035324,
        0.05069758743047714,
        0.05018896982073784,
        0.049788687378168106,
        0.04955964908003807,
        0.049416717141866684,
        0.04924498870968819,
        0.049117982387542725,
        0.04905076324939728,
        0.04898551478981972,
        0.048919662833213806,
        0.04886355996131897,
        0.04885251447558403,
        0.048947352916002274,
        0.04905246943235397,
        0.04921113699674606,
        0.04941721260547638,
        0.04964590445160866
      ],
      "std_attention": [
        0.01199654582887888,
        0.010281871072947979,
        0.009218445979058743,
        0.00862186960875988,
        0.00815206952393055,
        0.0077512688003480434,
        0.007426582742482424,
        0.0072401040233671665,
        0.0070785763673484325,
        0.007011997047811747,
        0.007024876307696104,
        0.007146503310650587,
        0.0074056894518435,
        0.007748057600110769,
        0.008126084692776203,
        0.008586201816797256,
        0.009176282212138176,
        0.009888679720461369,
        0.010705324821174145,
        0.011644156649708748
      ]
    },
    "2023": {
      "n_samples": 249,
      "entropy_mean": 2.9831573963165283,
      "entropy_std": 0.010728915221989155,
      "attention_concentration": 0.0502324253320694,
      "top_features": [
        [
          "t-20",
          0.06223640963435173
        ],
        [
          "t-19",
          0.05583963170647621
        ],
        [
          "t-18",
          0.052989307790994644
        ],
        [
          "t-17",
          0.0513409785926342
        ],
        [
          "t-16",
          0.05033235624432564
        ]
      ],
      "mean_attention": [
        0.06223640963435173,
        0.05583963170647621,
        0.052989307790994644,
        0.0513409785926342,
        0.05033235624432564,
        0.049695827066898346,
        0.049259863793849945,
        0.04891226440668106,
        0.04870278388261795,
        0.04858751222491264,
        0.04846703261137009,
        0.04838117957115173,
        0.04831261187791824,
        0.0482819601893425,
        0.04827004671096802,
        0.04814700409770012,
        0.04810705780982971,
        0.048063717782497406,
        0.04803073778748512,
        0.04804181680083275
      ],
      "std_attention": [
        0.010397949256002903,
        0.008890771307051182,
        0.008009938523173332,
        0.007400407921522856,
        0.006942931562662125,
        0.006627182010561228,
        0.006398014258593321,
        0.006181183736771345,
        0.00611135084182024,
        0.0060760206542909145,
        0.006117288954555988,
        0.006216657813638449,
        0.006333488039672375,
        0.006458458956331015,
        0.006589524447917938,
        0.006817038636654615,
        0.007074782624840736,
        0.007414545398205519,
        0.007814982905983925,
        0.008320342749357224
      ]
    },
    "2024": {
      "n_samples": 250,
      "entropy_mean": 2.9917736053466797,
      "entropy_std": 0.0022935038432478905,
      "attention_concentration": 0.05014216527342796,
      "top_features": [
        [
          "t-20",
          0.05990597978234291
        ],
        [
          "t-19",
          0.0542067252099514
        ],
        [
          "t-18",
          0.052039455622434616
        ],
        [
          "t-17",
          0.050854720175266266
        ],
        [
          "t-16",
          0.05015800520777702
        ]
      ],