{
  "evaluation_timestamp": "2025-11-02T00:00:07.360897",
  "statistical_metrics": {
    "mse": 1.170535683631897,
    "rmse": 1.0819129943847656,
    "mae": 0.7713104486465454,
    "mape": 120.45475244522095,
    "r2": 0.003786921501159668,
    "mean_error": 0.007320469710975885,
    "std_error": 1.081888198852539
  },
  "financial_metrics": {
    "directional_accuracy": 0.5249609984399376,
    "sharpe_ratio": 0.8772724193492557,
    "max_drawdown": -0.2055000513792038,
    "total_return": 0.9159549474716187,
    "hit_rate": 0.44383775351014043,
    "num_trades": 1058,
    "precision": 0.5378071833648393,
    "recall": 0.8258345428156749,
    "f1_score": 0.6514024041213509,
    "confusion_matrix": [
      [
        104,
        489
      ],
      [
        120,
        569
      ]
    ],
    "auc_roc": 0.5095024927981752,
    "alpha": -0.015300750732421875
  },
  "residual_diagnostics": {
    "normality_p_value": 1.0830075309356945e-38,
    "acf_lag1": -0.027219301231818305,
    "skewness": -0.029480861746573623,
    "kurtosis": 6.242420236726069
  },
  "mode_stats": {
    "healthy_days": 752,
    "degraded_days": 289,
    "unidirectional_days": 241,
    "weak_collapse_days": 0,
    "strong_collapse_days": 0,
    "total_days": 1282,
    "healthy_pct": 58.65834633385335,
    "degraded_pct": 22.54290171606864,
    "unidirectional_pct": 18.798751950078003,
    "weak_collapse_pct": 0.0,
    "strong_collapse_pct": 0.0
  },
  "collapse_detected": false,
  "degradation_detected": true,
  "checkpoint_used": "experiments/02_vintage_baseline/staleness_vintage_h14_drop0.15_lr5/checkpoints/tft-epoch=52-val_loss=0.3994.ckpt"
}