{
  "period_statistics": {
    "2020": {
      "n_samples": 92,
      "entropy_mean": 2.9515552520751953,
      "entropy_std": 0.01551448367536068,
      "attention_concentration": 0.054399266839027405,
      "top_features": [
        [
          "t-1",
          0.08775205910205841
        ],
        [
          "t-2",
          0.07793381065130234
        ],
        [
          "t-3",
          0.0701243132352829
        ],
        [
          "t-4",
          0.06400299072265625
        ],
        [
          "t-5",
          0.059187766164541245
        ]
      ],
      "mean_attention": [
        0.030772564932703972,
        0.032454714179039,
        0.03491321951150894,
        0.03716568648815155,
        0.039046213030815125,
        0.04052706062793732,
        0.04177441447973251,
        0.04289192333817482,
        0.043998755514621735,
        0.045163288712501526,
        0.0464818999171257,
        0.048050522804260254,
        0.049969352781772614,
        0.05238319933414459,
        0.055406250059604645,
        0.059187766164541245,
        0.06400299072265625,
        0.0701243132352829,
        0.07793381065130234,
        0.08775205910205841
      ],
      "std_attention": [
        0.0016812392277643085,
        0.001973214093595743,
        0.002336309291422367,
        0.0026190858334302902,
        0.002879886655136943,
        0.003001557430252433,
        0.0030807408038526773,
        0.003127939533442259,
        0.003164572175592184,
        0.003204108215868473,
        0.0032615959644317627,
        0.00333837210200727,
        0.0034350422210991383,
        0.003600463969632983,
        0.003896737704053521,
        0.004379119258373976,
        0.005078514572232962,
        0.006033200770616531,
        0.007279255427420139,
        0.008861128240823746
      ]
    },
    "2021": {
      "n_samples": 250,
      "entropy_mean": 2.950118064880371,
      "entropy_std": 0.015349830500781536,
      "attention_concentration": 0.05427953973412514,
      "top_features": [
        [
          "t-1",
          0.0822582021355629
        ],
        [
          "t-2",
          0.0758359432220459
        ],
        [
          "t-3",
          0.07027788460254669
        ],
        [
          "t-4",
          0.06546183675527573
        ],
        [
          "t-5",
          0.061336174607276917
        ]
      ],
      "mean_attention": [
        0.028321070596575737,
        0.030927205458283424,
        0.03367072343826294,
        0.03615020215511322,
        0.0381963737308979,
        0.03993098810315132,
        0.04149375483393669,
        0.04298616573214531,
        0.04449733346700668,
        0.04611852020025253,
        0.04789749160408974,
        0.049891434609889984,
        0.052167169749736786,
        0.05477696657180786,
        0.05780458822846413,
        0.061336174607276917,
        0.06546183675527573,
        0.07027788460254669,
        0.0758359432220459,
        0.0822582021355629
      ],
      "std_attention": [
        0.0028831518720835447,
        0.0031161706428974867,
        0.003316679736599326,
        0.0033900649286806583,
        0.003342009847983718,
        0.0033178143203258514,
        0.0033109858632087708,
        0.00335822650231421,
        0.0034348401241004467,
        0.0035429662093520164,
        0.0037017350550740957,
        0.0039001507684588432,
        0.004113629925996065,
        0.004314605612307787,
        0.004533123690634966,
        0.004855584818869829,
        0.0054003591649234295,
        0.006342608947306871,
        0.007855229079723358,
        0.010557335801422596
      ]
    },
    "2022": {
      "n_samples": 249,
      "entropy_mean": 2.9445040225982666,
      "entropy_std": 0.011846503242850304,
      "attention_concentration": 0.05485920608043671,
      "top_features": [
        [
          "t-1",
          0.0801612138748169
        ],
        [
          "t-2",
          0.075478196144104
        ],
        [
          "t-3",
          0.07122424989938736
        ],
        [
          "t-4",
          0.06732939928770065
        ],
        [
          "t-5",
          0.06373769044876099
        ]
      ],
      "mean_attention": [
        0.026188861578702927,
        0.028104642406105995,
        0.03092852234840393,
        0.03370366618037224,
        0.03620946407318115,
        0.03848716616630554,
        0.04061363264918327,
        0.04271042346954346,
        0.04482172802090645,
        0.04699956998229027,
        0.04931611567735672,
        0.05179918557405472,
        0.05446302145719528,
        0.05732240527868271,
        0.0604008324444294,
        0.06373769044876099,
        0.06732939928770065,
        0.07122424989938736,
        0.075478196144104,
        0.0801612138748169
      ],
      "std_attention": [
        0.002213406143710017,
        0.0019074786687269807,
        0.0017741464544087648,
        0.0018103288020938635,
        0.0019629846792668104,
        0.0021978255826979876,
        0.0024710786528885365,
        0.0027558247093111277,
        0.003000764176249504,
        0.003215534845367074,
        0.0033932754304260015,
        0.003534675110131502,
        0.003637477522715926,
        0.0037624333053827286,
        0.0039324513636529446,
        0.004220027010887861,
        0.004735232796519995,
        0.005532860290259123,
        0.006639167200773954,
        0.008223550394177437
      ]
    },
    "2023": {
      "n_samples": 249,
      "entropy_mean": 2.9742515087127686,
      "entropy_std": 0.01365022175014019,
      "attention_concentration": 0.05182648077607155,
      "top_features": [
        [
          "t-1",
          0.06888416409492493
        ],
        [
          "t-2",
          0.06552564352750778
        ],
        [
          "t-3",
          0.06255704164505005
        ],
        [
          "t-4",
          0.059939295053482056
        ],
        [
          "t-5",
          0.05763000622391701
        ]
      ],
      "mean_attention": [
        0.03170479089021683,
        0.0355648398399353,
        0.038834042847156525,
        0.04131864011287689,
        0.04310090094804764,
        0.044435661286115646,
        0.045543793588876724,
        0.04653845354914665,
        0.0475328229367733,
        0.04856971278786659,
        0.04967544600367546,
        0.05090305954217911,
        0.052278243005275726,
        0.05384505167603493,
        0.05561846122145653,
        0.05763000622391701,
        0.059939295053482056,
        0.06255704164505005,
        0.06552564352750778,
        0.06888416409492493
      ],
      "std_attention": [
        0.002437862101942301,
        0.0029970542527735233,
        0.0035220577847212553,
        0.0037006547208875418,
        0.0036406926810741425,
        0.003470937954261899,
        0.003259906079620123,
        0.0030358496587723494,
        0.0027966145426034927,
        0.002544494578614831,
        0.002304363762959838,
        0.002123551908880472,
        0.002061737235635519,
        0.002216563792899251,
        0.0026898549403995275,
        0.003493761643767357,
        0.0045960526913404465,
        0.005965790711343288,
        0.007668286561965942,
        0.009679618291556835
      ]
    },
    "2024": {
      "n_samples": 250,
      "entropy_mean": 2.9812920093536377,
      "entropy_std": 0.011625492945313454,
      "attention_concentration": 0.05106131359934807,
      "top_features": [
        [
          "t-1",
          0.0617130808532238
        ],
        [
          "t-2",
          0.059920307248830795
        ],
        [
          "t-3",
          0.05838218331336975
        ],
        [
          "t-4",
          0.05703582614660263
        ],
        [
          "t-5",
          0.05583327263593674
        ]
      ],