{
  "period_statistics": {
    "2020": {
      "n_samples": 92,
      "entropy_mean": 2.2029359340667725,
      "entropy_std": 0.6217297315597534,
      "attention_concentration": 0.054305098950862885,
      "top_features": [
        [
          "t-20",
          0.0898645892739296
        ],
        [
          "t-19",
          0.07886230945587158
        ],
        [
          "t-18",
          0.06830434501171112
        ],
        [
          "t-1",
          0.06377200782299042
        ],
        [
          "t-17",
          0.0560770258307457
        ]
      ],
      "mean_attention": [
        0.0898645892739296,
        0.07886230945587158,
        0.06830434501171112,
        0.0560770258307457,
        0.050154052674770355,
        0.04914107173681259,
        0.05042683705687523,
        0.05102291330695152,
        0.049980029463768005,
        0.04745225980877876,
        0.04444090649485588,
        0.04145628586411476,
        0.039140842854976654,
        0.03716104105114937,
        0.03589383140206337,
        0.03534332662820816,
        0.03513586148619652,
        0.03571835160255432,
        0.04065210372209549,
        0.06377200782299042
      ],
      "std_attention": [
        0.08760880678892136,
        0.10948849469423294,
        0.0948835089802742,
        0.07347056269645691,
        0.060876283794641495,
        0.05808127298951149,
        0.06142502278089523,
        0.06504945456981659,
        0.06602607667446136,
        0.06546349078416824,
        0.06391464173793793,
        0.06173056736588478,
        0.05987255275249481,
        0.05891343206167221,
        0.058518849313259125,
        0.05888889357447624,
        0.059682875871658325,
        0.062162138521671295,
        0.0744418129324913,
        0.15634852647781372
      ]
    },
    "2021": {
      "n_samples": 250,
      "entropy_mean": 2.542562484741211,
      "entropy_std": 0.4357796609401703,
      "attention_concentration": 0.07526622712612152,
      "top_features": [
        [
          "t-20",
          0.19864358007907867
        ],
        [
          "t-19",
          0.07938486337661743
        ],
        [
          "t-18",
          0.056079424917697906
        ],
        [
          "t-17",
          0.047164544463157654
        ],
        [
          "t-16",
          0.04440009593963623
        ]
      ],
      "mean_attention": [
        0.19864358007907867,
        0.07938486337661743,
        0.056079424917697906,
        0.047164544463157654,
        0.04440009593963623,
        0.04374784231185913,
        0.04382859170436859,
        0.04313436895608902,
        0.04193699359893799,
        0.04026106745004654,
        0.03879166021943092,
        0.03753898665308952,
        0.03647749498486519,
        0.03563644364476204,
        0.03504958748817444,
        0.03461968153715134,
        0.03436402231454849,
        0.03439086675643921,
        0.035664111375808716,
        0.03888576105237007
      ],
      "std_attention": [
        0.10874008387327194,
        0.07058552652597427,
        0.05246451124548912,
        0.042534179985523224,
        0.03930463269352913,
        0.040135666728019714,
        0.043365444988012314,
        0.04369739443063736,
        0.04313107952475548,
        0.040636833757162094,
        0.03949220851063728,
        0.038638822734355927,
        0.03820449486374855,
        0.03752017021179199,
        0.03746219724416733,
        0.03743808716535568,
        0.03799402341246605,
        0.04004306346178055,
        0.05020818114280701,
        0.07413730025291443
      ]
    },
    "2022": {
      "n_samples": 249,
      "entropy_mean": 2.3914506435394287,
      "entropy_std": 0.2570137083530426,
      "attention_concentration": 0.0739188939332962,
      "top_features": [
        [
          "t-20",
          0.1902686208486557
        ],
        [
          "t-19",
          0.08448444306850433
        ],
        [
          "t-18",
          0.060893017798662186
        ],
        [
          "t-1",
          0.05868099257349968
        ],
        [
          "t-2",
          0.05074748396873474
        ]
      ],
      "mean_attention": [
        0.1902686208486557,
        0.08448444306850433,
        0.060893017798662186,
        0.04476622864603996,
        0.03597276657819748,
        0.03215348720550537,
        0.031080514192581177,
        0.031733762472867966,
        0.032410744577646255,
        0.03306156024336815,
        0.03421911597251892,
        0.035671416670084,
        0.03711124137043953,
        0.03833308070898056,
        0.03936539590358734,
        0.04068092629313469,
        0.04258659482002258,
        0.04577866569161415,
        0.05074748396873474,
        0.05868099257349968
      ],
      "std_attention": [
        0.15205733478069305,
        0.07789237797260284,
        0.06485477089881897,
        0.04797002300620079,
        0.03718153014779091,
        0.032622080296278,
        0.0318353995680809,
        0.03419134020805359,
        0.0351722314953804,
        0.035413119941949844,
        0.036474552005529404,
        0.03858121857047081,
        0.040432073175907135,
        0.042206309735774994,
        0.04340158402919769,
        0.044704318046569824,
        0.047028798609972,
        0.05239710584282875,
        0.06208851560950279,
        0.08192114531993866
      ]
    },
    "2023": {
      "n_samples": 249,
      "entropy_mean": 2.5209624767303467,
      "entropy_std": 0.23957523703575134,
      "attention_concentration": 0.10583248734474182,
      "top_features": [
        [
          "t-20",
          0.2772989571094513
        ],
        [
          "t-19",
          0.06281808763742447
        ],
        [
          "t-1",
          0.05379628390073776
        ],
        [
          "t-2",
          0.04836031422019005
        ],
        [
          "t-3",
          0.04435036703944206
        ]
      ],
      "mean_attention": [
        0.2772989571094513,
        0.06281808763742447,
        0.037753645330667496,
        0.030319198966026306,
        0.02842646650969982,
        0.028811855241656303,
        0.030213886871933937,
        0.03127892687916756,
        0.03250941261649132,
        0.033588387072086334,
        0.03425535932183266,
        0.034927450120449066,
        0.03569270297884941,
        0.036711808294057846,
        0.03792806714773178,
        0.03945933282375336,
        0.04149949550628662,
        0.04435036703944206,
        0.04836031422019005,
        0.05379628390073776
      ],
      "std_attention": [
        0.11101069301366806,
        0.04776693880558014,
        0.030909601598978043,
        0.02394111268222332,
        0.020737752318382263,
        0.021616334095597267,
        0.024140615016222,
        0.02481805346906185,
        0.02619580551981926,
        0.027016019448637962,
        0.026972414925694466,
        0.02692989446222782,
        0.027012549340724945,
        0.02736419066786766,
        0.027703316882252693,
        0.029234349727630615,
        0.031043250113725662,
        0.03466596454381943,
        0.04254835844039917,
        0.052969664335250854
      ]
    },
    "2024": {
      "n_samples": 250,
      "entropy_mean": 2.298905849456787,
      "entropy_std": 0.4738743007183075,
      "attention_concentration": 0.12409182637929916,
      "top_features": [
        [
          "t-20",
          0.31255897879600525
        ],
        [
          "t-19",
          0.06263841688632965
        ],
        [
          "t-1",
          0.05138002336025238
        ],
        [
          "t-2",
          0.04549876227974892
        ],
        [
          "t-3",
          0.04267539456486702
        ]
      ],