{
  "evaluation_timestamp": "2025-10-30T03:33:09.650112",
  "statistical_metrics": {
    "mse": 1.175398826599121,
    "rmse": 1.0841580629348755,
    "mae": 0.7733685374259949,
    "mape": 137.65180110931396,
    "r2": 0.0011584162712097168,
    "mean_error": -0.009509536437690258,
    "std_error": 1.0841164588928223
  },
  "financial_metrics": {
    "directional_accuracy": 0.53671875,
    "sharpe_ratio": 0.8329736080938573,
    "max_drawdown": -0.2524605989456177,
    "total_return": 0.9216080904006958,
    "hit_rate": 0.53671875,
    "num_trades": 1280,
    "precision": 0.53671875,
    "recall": 1.0,
    "f1_score": 0.6985256736146417,
    "confusion_matrix": [
      [
        0,
        593
      ],
      [
        0,
        687
      ]
    ],
    "auc_roc": 0.46584976104037645,
    "alpha": 0.0
  },
  "residual_diagnostics": {
    "normality_p_value": 5.113341700586829e-39,
    "acf_lag1": -0.03465059739971118,
    "skewness": 0.006608640073361661,
    "kurtosis": 6.341930216164807
  },
  "mode_stats": {
    "healthy_days": 30,
    "degraded_days": 0,
    "unidirectional_days": 1249,
    "weak_collapse_days": 1,
    "strong_collapse_days": 0,
    "total_days": 1280,
    "healthy_pct": 2.34375,
    "degraded_pct": 0.0,
    "unidirectional_pct": 97.578125,
    "weak_collapse_pct": 0.078125,
    "strong_collapse_pct": 0.0
  },
  "collapse_detected": true,
  "degradation_detected": true,
  "checkpoint_used": "experiments/01_staleness_features_fixed/sweep_stale_h22_drop0.20_lr3/checkpoints/tft-epoch=76-val_loss=0.3985.ckpt"
}