{
  "evaluation_timestamp": "2025-10-22T23:16:53.675061",
  "statistical_metrics": {
    "mse": 1.178208351135254,
    "rmse": 1.0854530334472656,
    "mae": 0.7737936973571777,
    "mape": 153.61566543579102,
    "r2": -0.0012290477752685547,
    "mean_error": 0.006691903807222843,
    "std_error": 1.085432529449463
  },
  "financial_metrics": {
    "directional_accuracy": 0.5203125,
    "sharpe_ratio": 0.6585712332622806,
    "max_drawdown": -0.22989767789840698,
    "total_return": 0.602466344833374,
    "hit_rate": 0.46171875,
    "num_trades": 1109,
    "precision": 0.5329125338142471,
    "recall": 0.8602620087336245,
    "f1_score": 0.6581291759465479,
    "confusion_matrix": [
      [
        75,
        518
      ],
      [
        96,
        591
      ]
    ],
    "auc_roc": 0.5074216170705783,
    "alpha": -0.3191417455673218
  },
  "residual_diagnostics": {
    "normality_p_value": 5.561983542365486e-40,
    "acf_lag1": -0.03484530777265593,
    "skewness": 0.09913084159967442,
    "kurtosis": 6.4635078040025995
  },
  "checkpoint_used": "experiments/sweep_stale_h22_drop0.20_lr3/checkpoints/tft-epoch=02-val_loss=0.1255.ckpt"
}