{
  "evaluation_timestamp": "2025-10-27T12:05:31.687957",
  "statistical_metrics": {
    "mse": 1.178208351135254,
    "rmse": 1.0854530334472656,
    "mae": 0.773793637752533,
    "mape": 153.61546277999878,
    "r2": -0.0012290477752685547,
    "mean_error": 0.006692126393318176,
    "std_error": 1.085432529449463
  },
  "financial_metrics": {
    "directional_accuracy": 0.5203125,
    "sharpe_ratio": 0.6585712332622806,
    "max_drawdown": -0.22989767789840698,
    "total_return": 0.602466344833374,
    "hit_rate": 0.46171875,
    "num_trades": 1109,
    "precision": 0.5329125338142471,
    "recall": 0.8602620087336245,
    "f1_score": 0.6581291759465479,
    "confusion_matrix": [
      [
        75,
        518
      ],
      [
        96,
        591
      ]
    ],
    "auc_roc": 0.5074191624262686,
    "alpha": -0.3191417455673218
  },
  "residual_diagnostics": {
    "normality_p_value": 5.561895541296531e-40,
    "acf_lag1": -0.03484530659021621,
    "skewness": 0.09913096977498258,
    "kurtosis": 6.4635091781042
  },
  "mode_stats": {
    "healthy_days": 78,
    "degraded_days": 157,
    "unidirectional_days": 855,
    "weak_collapse_days": 190,
    "strong_collapse_days": 0,
    "total_days": 1280,
    "healthy_pct": 6.09375,
    "degraded_pct": 12.265625,
    "unidirectional_pct": 66.796875,
    "weak_collapse_pct": 14.84375,
    "strong_collapse_pct": 0.0
  },
  "collapse_detected": true,
  "degradation_detected": true,
  "checkpoint_used": "experiments/01_staleness_features_fixed/sweep_stale_h22_drop0.20_lr3/checkpoints/tft-epoch=02-val_loss=0.1255.ckpt"
}