{
  "evaluation_timestamp": "2025-10-27T12:01:03.505698",
  "statistical_metrics": {
    "mse": 1.2089200019836426,
    "rmse": 1.0995090007781982,
    "mae": 0.7860465049743652,
    "mape": 328.4586429595947,
    "r2": -0.027327537536621094,
    "mean_error": -0.17923711240291595,
    "std_error": 1.084801435470581
  },
  "financial_metrics": {
    "directional_accuracy": 0.53671875,
    "sharpe_ratio": 0.8329736080938573,
    "max_drawdown": -0.2524605989456177,
    "total_return": 0.9216080904006958,
    "hit_rate": 0.53671875,
    "num_trades": 1280,
    "precision": 0.53671875,
    "recall": 1.0,
    "f1_score": 0.6985256736146417,
    "confusion_matrix": [
      [
        0,
        593
      ],
      [
        0,
        687
      ]
    ],
    "auc_roc": 0.5241843830619723,
    "alpha": 0.0
  },
  "residual_diagnostics": {
    "normality_p_value": 6.17945302795288e-40,
    "acf_lag1": -0.036716766208896606,
    "skewness": 0.0815975457848563,
    "kurtosis": 6.488066276454667
  },
  "mode_stats": {
    "healthy_days": 29,
    "degraded_days": 1,
    "unidirectional_days": 1109,
    "weak_collapse_days": 141,
    "strong_collapse_days": 0,
    "total_days": 1280,
    "healthy_pct": 2.265625,
    "degraded_pct": 0.078125,
    "unidirectional_pct": 86.640625,
    "weak_collapse_pct": 11.015625,
    "strong_collapse_pct": 0.0
  },
  "collapse_detected": true,
  "degradation_detected": true,
  "checkpoint_used": "experiments/00_baseline_exploration/sweep_dropout_0.15/checkpoints/tft-epoch=00-val_loss=0.1544.ckpt"
}