{
  "period_statistics": {
    "2020": {
      "n_samples": 92,
      "entropy_mean": 2.9945247173309326,
      "entropy_std": 0.000997941242530942,
      "attention_concentration": 0.05005015805363655,
      "top_features": [
        [
          "t-19",
          0.052988387644290924
        ],
        [
          "t-20",
          0.05293501913547516
        ],
        [
          "t-18",
          0.05236366018652916
        ],
        [
          "t-17",
          0.05177777633070946
        ],
        [
          "t-16",
          0.05128049477934837
        ]
      ],
      "mean_attention": [
        0.05293501913547516,
        0.052988387644290924,
        0.05236366018652916,
        0.05177777633070946,
        0.05128049477934837,
        0.050891827791929245,
        0.05057291314005852,
        0.05030112713575363,
        0.05005795508623123,
        0.049842771142721176,
        0.049647025763988495,
        0.04946669191122055,
        0.04930010065436363,
        0.04904069006443024,
        0.04878832399845123,
        0.048598192632198334,
        0.048398349434137344,
        0.04817672818899155,
        0.04792807996273041,
        0.04764389991760254
      ],
      "std_attention": [
        0.002010199474170804,
        0.0018559866584837437,
        0.0017598274862393737,
        0.001684434711933136,
        0.001627114717848599,
        0.0015810684999451041,
        0.0015406524762511253,
        0.0015088218497112393,
        0.00148290628567338,
        0.0014756667660549283,
        0.0014867058489471674,
        0.0015184638323262334,
        0.0015610905829817057,
        0.0018033389933407307,
        0.0020305041689425707,
        0.002117384457960725,
        0.002207355573773384,
        0.0023133286740630865,
        0.002434074180200696,
        0.002579806139692664
      ]
    },
    "2021": {
      "n_samples": 250,
      "entropy_mean": 2.985389232635498,
      "entropy_std": 0.008690295740962029,
      "attention_concentration": 0.05041205883026123,
      "top_features": [
        [
          "t-20",
          0.05738819018006325
        ],
        [
          "t-19",
          0.05608580261468887
        ],
        [
          "t-18",
          0.05515679717063904
        ],
        [
          "t-17",
          0.0543953999876976
        ],
        [
          "t-16",
          0.0537697933614254
        ]
      ],
      "mean_attention": [
        0.05738819018006325,
        0.05608580261468887,
        0.05515679717063904,
        0.0543953999876976,
        0.0537697933614254,
        0.053225357085466385,
        0.05267985165119171,
        0.05215216055512428,
        0.05161019787192345,
        0.05101695656776428,
        0.050394948571920395,
        0.04971078410744667,
        0.04894651845097542,
        0.048151083290576935,
        0.047243598848581314,
        0.046198539435863495,
        0.04502676799893379,
        0.043726254254579544,
        0.04230746254324913,
        0.040813446044921875
      ],
      "std_attention": [
        0.006177583243697882,
        0.005806582048535347,
        0.00549697270616889,
        0.005266203545033932,
        0.005140064749866724,
        0.005116059444844723,
        0.005125187803059816,
        0.005177855491638184,
        0.005243904422968626,
        0.005309469532221556,
        0.00536674540489912,
        0.005390390288084745,
        0.0053945318795740604,
        0.005371978040784597,
        0.005369844380766153,
        0.005387467332184315,
        0.005460457876324654,
        0.005574311129748821,
        0.005732426419854164,
        0.005933208856731653
      ]
    },
    "2022": {
      "n_samples": 249,
      "entropy_mean": 2.960200548171997,
      "entropy_std": 0.03463507443666458,
      "attention_concentration": 0.05130346119403839,
      "top_features": [
        [
          "t-20",
          0.06515484303236008
        ],
        [
          "t-19",
          0.06244605407118797
        ],
        [
          "t-18",
          0.060739416629076004
        ],
        [
          "t-17",
          0.05905665084719658
        ],
        [
          "t-16",
          0.057461678981781006
        ]
      ],
      "mean_attention": [
        0.06515484303236008,
        0.06244605407118797,
        0.060739416629076004,
        0.05905665084719658,
        0.057461678981781006,
        0.055936168879270554,
        0.05447067320346832,
        0.05295965075492859,
        0.051503732800483704,
        0.05008683726191521,
        0.04865208640694618,
        0.047246579080820084,
        0.04588216170668602,
        0.04455677419900894,
        0.043313514441251755,
        0.0421365424990654,
        0.04104670509696007,
        0.04001908376812935,
        0.03907734900712967,
        0.038253553211688995
      ],
      "std_attention": [
        0.01527655590325594,
        0.013660785742104053,
        0.012407712638378143,
        0.011363044381141663,
        0.010470197536051273,
        0.009717551060020924,
        0.009127723053097725,
        0.00873896386474371,
        0.00848789606243372,
        0.00837814249098301,
        0.008403162471950054,
        0.00855925027281046,
        0.008826036937534809,
        0.009170626290142536,
        0.00960925966501236,
        0.010081983171403408,
        0.010565702803432941,
        0.01103896927088499,
        0.011495114304125309,
        0.011963840574026108
      ]
    },
    "2023": {
      "n_samples": 249,
      "entropy_mean": 2.9822213649749756,
      "entropy_std": 0.013789390213787556,
      "attention_concentration": 0.05026566982269287,
      "top_features": [
        [
          "t-20",
          0.05616215616464615
        ],
        [
          "t-19",
          0.054072849452495575
        ],
        [
          "t-18",
          0.05344795808196068
        ],
        [
          "t-17",
          0.05301655828952789
        ],
        [
          "t-16",
          0.05274922773241997
        ]
      ],
      "mean_attention": [
        0.05616215616464615,
        0.054072849452495575,
        0.05344795808196068,
        0.05301655828952789,
        0.05274922773241997,
        0.052526555955410004,
        0.052285969257354736,
        0.05204892158508301,
        0.05169891193509102,
        0.05127280578017235,
        0.050793666392564774,
        0.05022280290722847,
        0.04956210404634476,
        0.04879268631339073,
        0.0479423925280571,
        0.04699055850505829,
        0.04591282084584236,
        0.044753286987543106,
        0.04352165758609772,
        0.042226046323776245
      ],
      "std_attention": [
        0.010232500731945038,
        0.009362151846289635,
        0.008604861795902252,
        0.007947498001158237,
        0.007426471449434757,
        0.007013402413576841,
        0.006730979774147272,
        0.006492279004305601,
        0.00636873347684741,
        0.006310625467449427,
        0.006312238052487373,
        0.00637022452428937,
        0.006471025757491589,
        0.006604720838367939,
        0.006770059932023287,
        0.006952771916985512,
        0.007147138472646475,
        0.0073266830295324326,
        0.007430603262037039,
        0.007480334956198931
      ]
    },
    "2024": {
      "n_samples": 250,
      "entropy_mean": 2.980344295501709,
      "entropy_std": 0.015616600401699543,
      "attention_concentration": 0.05010862648487091,
      "top_features": [
        [
          "t-20",
          0.053002383559942245
        ],
        [
          "t-13",
          0.0516667515039444
        ],
        [
          "t-12",
          0.051665522158145905
        ],
        [
          "t-14",
          0.051603008061647415
        ],
        [
          "t-11",
          0.05156019702553749
        ]
      ],