{
  "period_statistics": {
    "2020": {
      "n_samples": 92,
      "entropy_mean": 2.9358224868774414,
      "entropy_std": 0.059302788227796555,
      "attention_concentration": 0.05268310382962227,
      "top_features": [
        [
          "t-20",
          0.09579117596149445
        ],
        [
          "t-19",
          0.06568968296051025
        ],
        [
          "t-18",
          0.05590776354074478
        ],
        [
          "t-17",
          0.05072653293609619
        ],
        [
          "t-16",
          0.048095665872097015
        ]
      ],
      "mean_attention": [
        0.09579117596149445,
        0.06568968296051025,
        0.05590776354074478,
        0.05072653293609619,
        0.048095665872097015,
        0.04677903279662132,
        0.04624456539750099,
        0.04604693502187729,
        0.045994002372026443,
        0.04593689367175102,
        0.04587322846055031,
        0.04588603973388672,
        0.04589414969086647,
        0.045968178659677505,
        0.04585949331521988,
        0.045528363436460495,
        0.045081593096256256,
        0.044554077088832855,
        0.04418797045946121,
        0.04395465925335884
      ],
      "std_attention": [
        0.03765488043427467,
        0.025108614936470985,
        0.018595263361930847,
        0.014264612458646297,
        0.011948321014642715,
        0.010903595946729183,
        0.010643729008734226,
        0.010751995258033276,
        0.01102913822978735,
        0.011363676749169827,
        0.011582178995013237,
        0.011910900473594666,
        0.012205281294882298,
        0.012576770968735218,
        0.012713959440588951,
        0.012541351839900017,
        0.012229189276695251,
        0.011688468046486378,
        0.011518103070557117,
        0.01160655077546835
      ]
    },
    "2021": {
      "n_samples": 250,
      "entropy_mean": 2.9693734645843506,
      "entropy_std": 0.04136110842227936,
      "attention_concentration": 0.05042387917637825,
      "top_features": [
        [
          "t-20",
          0.06925561279058456
        ],
        [
          "t-19",
          0.05143280327320099
        ],
        [
          "t-3",
          0.05024656280875206
        ],
        [
          "t-5",
          0.05024516209959984
        ],
        [
          "t-4",
          0.05024412274360657
        ]
      ],
      "mean_attention": [
        0.06925561279058456,
        0.05143280327320099,
        0.048288751393556595,
        0.047197677195072174,
        0.04694853350520134,
        0.046999529004096985,
        0.047286760061979294,
        0.04763315990567207,
        0.0479855015873909,
        0.048403870314359665,
        0.048790160566568375,
        0.0492485910654068,
        0.04963512718677521,
        0.04991854354739189,
        0.05013743042945862,
        0.05024516209959984,
        0.05024412274360657,
        0.05024656280875206,
        0.050138216465711594,
        0.049963805824518204
      ],
      "std_attention": [
        0.031002502888441086,
        0.016597844660282135,
        0.011495786719024181,
        0.009547142311930656,
        0.009546753019094467,
        0.009130929596722126,
        0.009402121417224407,
        0.009415995329618454,
        0.009330835193395615,
        0.00941462442278862,
        0.009414277039468288,
        0.009548383764922619,
        0.00957928691059351,
        0.009710758924484253,
        0.009877500124275684,
        0.009792703203856945,
        0.009493352845311165,
        0.00930198933929205,
        0.009195557795464993,
        0.009203803725540638
      ]
    },
    "2022": {
      "n_samples": 249,
      "entropy_mean": 2.9650349617004395,
      "entropy_std": 0.0499291829764843,
      "attention_concentration": 0.05121226608753204,
      "top_features": [
        [
          "t-20",
          0.07755768299102783
        ],
        [
          "t-19",
          0.06116703525185585
        ],
        [
          "t-18",
          0.05624246969819069
        ],
        [
          "t-17",
          0.05337587743997574
        ],
        [
          "t-16",
          0.05176742374897003
        ]
      ],
      "mean_attention": [
        0.07755768299102783,
        0.06116703525185585,
        0.05624246969819069,
        0.05337587743997574,
        0.05176742374897003,
        0.0507902055978775,
        0.050099898129701614,
        0.049576275050640106,
        0.04904844984412193,
        0.04848574846982956,
        0.04786946251988411,
        0.04739900305867195,
        0.046912774443626404,
        0.046468425542116165,
        0.04589191451668739,
        0.04515182226896286,
        0.044383689761161804,
        0.04345489665865898,
        0.042508069425821304,
        0.04184882715344429
      ],
      "std_attention": [
        0.03708905726671219,
        0.01790189929306507,
        0.011979433707892895,
        0.009195644408464432,
        0.007882470265030861,
        0.007146139163523912,
        0.006901648361235857,
        0.007101644761860371,
        0.007474521175026894,
        0.007783886510878801,
        0.007845125161111355,
        0.007839648984372616,
        0.007837268523871899,
        0.007943459786474705,
        0.007897526025772095,
        0.007544477470219135,
        0.006981511600315571,
        0.006058917380869389,
        0.005372174549847841,
        0.005262234713882208
      ]
    },
    "2023": {
      "n_samples": 249,
      "entropy_mean": 2.984788179397583,
      "entropy_std": 0.010207237675786018,
      "attention_concentration": 0.05050492286682129,
      "top_features": [
        [
          "t-20",
          0.07118344306945801
        ],
        [
          "t-1",
          0.05042644590139389
        ],
        [
          "t-2",
          0.05037147179245949
        ],
        [
          "t-3",
          0.05025916546583176
        ],
        [
          "t-4",
          0.050149381160736084
        ]
      ],
      "mean_attention": [
        0.07118344306945801,
        0.04929878190159798,
        0.046963006258010864,
        0.04655388742685318,
        0.046645600348711014,
        0.047032665461301804,
        0.04756823554635048,
        0.04808613657951355,
        0.04853421077132225,
        0.048899758607149124,
        0.0491802841424942,
        0.04941914603114128,
        0.04962746798992157,
        0.049808092415332794,
        0.0499471016228199,
        0.050045717507600784,
        0.050149381160736084,
        0.05025916546583176,
        0.05037147179245949,
        0.05042644590139389
      ],
      "std_attention": [
        0.018239721655845642,
        0.006033080164343119,
        0.005958929657936096,
        0.005558320786803961,
        0.004963409621268511,
        0.004329924006015062,
        0.003781972685828805,
        0.003381444374099374,
        0.0031626438722014427,
        0.003084536176174879,
        0.0031174232717603445,
        0.003260732861235738,
        0.003467415226623416,
        0.0037359443958848715,
        0.00408546905964613,
        0.004525446332991123,
        0.005009472370147705,
        0.005542888771742582,
        0.00615594070404768,
        0.0067954775877296925
      ]
    },
    "2024": {
      "n_samples": 250,
      "entropy_mean": 2.9659130573272705,
      "entropy_std": 0.0288215484470129,
      "attention_concentration": 0.05219229683279991,
      "top_features": [
        [
          "t-20",
          0.09399103373289108
        ],
        [
          "t-1",
          0.05122348666191101
        ],
        [
          "t-2",
          0.05115896463394165
        ],
        [
          "t-3",
          0.05074864253401756
        ],
        [
          "t-4",
          0.05031900107860565
        ]
      ],