{
  "period_statistics": {
    "2020": {
      "n_samples": 82,
      "entropy_mean": 3.3505141735076904,
      "entropy_std": 0.041125182062387466,
      "attention_concentration": 0.03338118642568588,
      "top_features": [
        [
          "t-27",
          0.036285288631916046
        ],
        [
          "t-28",
          0.035557568073272705
        ],
        [
          "t-1",
          0.03549465537071228
        ],
        [
          "t-26",
          0.035364631563425064
        ],
        [
          "t-2",
          0.035149093717336655
        ]
      ],
      "mean_attention": [
        0.03088214248418808,
        0.03335660696029663,
        0.035557568073272705,
        0.036285288631916046,
        0.035364631563425064,
        0.034006088972091675,
        0.03305402770638466,
        0.03253018483519554,
        0.03226466476917267,
        0.032151538878679276,
        0.03211254999041557,
        0.03213980048894882,
        0.03221183642745018,
        0.03230699524283409,
        0.03240598738193512,
        0.03249727934598923,
        0.03257348760962486,
        0.032638728618621826,
        0.03274444490671158,
        0.03282874822616577,
        0.032930389046669006,
        0.03305409476161003,
        0.033196933567523956,
        0.03343372792005539,
        0.03369905427098274,
        0.03402584046125412,
        0.03436076641082764,
        0.03474285453557968,
        0.035149093717336655,
        0.03549465537071228
      ],
      "std_attention": [
        0.007893694564700127,
        0.009416530840098858,
        0.012082848697900772,
        0.013411796651780605,
        0.013098714873194695,
        0.012254235334694386,
        0.01145145297050476,
        0.010927938856184483,
        0.010620443150401115,
        0.010489040054380894,
        0.010428105480968952,
        0.01043384987860918,
        0.01050808746367693,
        0.010618096217513084,
        0.010706428438425064,
        0.010823851451277733,
        0.010812578722834587,
        0.010747532360255718,
        0.010710272938013077,
        0.010704913176596165,
        0.010747278109192848,
        0.010845053009688854,
        0.010946088470518589,
        0.01118434313684702,
        0.01152796670794487,
        0.012100226245820522,
        0.01275576464831829,
        0.013697555288672447,
        0.01484321616590023,
        0.01619233377277851
      ]
    },
    "2021": {
      "n_samples": 250,
      "entropy_mean": 3.3719289302825928,
      "entropy_std": 0.051686741411685944,
      "attention_concentration": 0.033362582325935364,
      "top_features": [
        [
          "t-1",
          0.03599155321717262
        ],
        [
          "t-2",
          0.035375721752643585
        ],
        [
          "t-3",
          0.034835346043109894
        ],
        [
          "t-4",
          0.03441310673952103
        ],
        [
          "t-5",
          0.034137893468141556
        ]
      ],
      "mean_attention": [
        0.03186855465173721,
        0.0332566499710083,
        0.03323341906070709,
        0.032744400203228,
        0.032255060970783234,
        0.031945232301950455,
        0.03194718435406685,
        0.03196388855576515,
        0.032107625156641006,
        0.032388657331466675,
        0.03259003534913063,
        0.03290805220603943,
        0.03308428078889847,
        0.0331810861825943,
        0.033277954906225204,
        0.033361949026584625,
        0.033440738916397095,
        0.03350892663002014,
        0.033569421619176865,
        0.03360271081328392,
        0.03365573659539223,
        0.033703431487083435,
        0.033814288675785065,
        0.033888138830661774,
        0.03394895792007446,
        0.034137893468141556,
        0.03441310673952103,
        0.034835346043109894,
        0.035375721752643585,
        0.03599155321717262
      ],
      "std_attention": [
        0.004531895741820335,
        0.004948372021317482,
        0.005862914025783539,
        0.0066109937615692616,
        0.006876916624605656,
        0.006717341486364603,
        0.006740618031471968,
        0.006691732909530401,
        0.006930865813046694,
        0.007647010963410139,
        0.007827231660485268,
        0.008682013489305973,
        0.00880479346960783,
        0.008863412775099277,
        0.009010705165565014,
        0.00909707322716713,
        0.009263742715120316,
        0.0093520013615489,
        0.009414410218596458,
        0.009282505139708519,
        0.009270822629332542,
        0.00915240403264761,
        0.009232931770384312,
        0.009208892472088337,
        0.009229636751115322,
        0.009870168752968311,
        0.010707713663578033,
        0.012351739220321178,
        0.014673997648060322,
        0.01768435351550579
      ]
    },
    "2022": {
      "n_samples": 249,
      "entropy_mean": 3.2679712772369385,
      "entropy_std": 0.08464936912059784,
      "attention_concentration": 0.033694252371788025,
      "top_features": [
        [
          "t-1",
          0.0397394634783268
        ],
        [
          "t-2",
          0.03823738545179367
        ],
        [
          "t-3",
          0.03696204721927643
        ],
        [
          "t-4",
          0.035951901227235794
        ],
        [
          "t-25",
          0.03542096167802811
        ]
      ],
      "mean_attention": [
        0.02040516957640648,
        0.02508174069225788,
        0.02932972088456154,
        0.03258956968784332,
        0.03461134061217308,
        0.03542096167802811,
        0.03531443327665329,
        0.03495367243885994,
        0.0344221368432045,
        0.03381558507680893,
        0.033389363437891006,
        0.032944098114967346,
        0.03266262263059616,
        0.03257496654987335,
        0.03255875036120415,
        0.03257627412676811,
        0.03267016261816025,
        0.032799918204545975,
        0.0328894779086113,
        0.033049874007701874,
        0.03332268074154854,
        0.033630579710006714,
        0.03393213078379631,
        0.034269779920578,
        0.034670427441596985,
        0.03522372990846634,
        0.035951901227235794,
        0.03696204721927643,
        0.03823738545179367,
        0.0397394634783268
      ],
      "std_attention": [
        0.009901792742311954,
        0.013018164783716202,
        0.016293836757540703,
        0.018835369497537613,
        0.020221291109919548,
        0.02022676169872284,
        0.01945388689637184,
        0.018518365919589996,
        0.01758906990289688,
        0.016627365723252296,
        0.01604458875954151,
        0.015324008651077747,
        0.014961939305067062,
        0.014794056303799152,
        0.014716578647494316,
        0.014858657494187355,
        0.015073558315634727,
        0.015132220461964607,
        0.015082947909832,
        0.015219835564494133,
        0.01572572998702526,
        0.016478553414344788,
        0.017264297232031822,
        0.018068382516503334,
        0.018891658633947372,
        0.019953453913331032,
        0.021480336785316467,
        0.02384423464536667,
        0.027201099321246147,
        0.031967442482709885
      ]
    },
    "2023": {
      "n_samples": 249,
      "entropy_mean": 3.39424204826355,
      "entropy_std": 0.007815600372850895,
      "attention_concentration": 0.0333387590944767,
      "top_features": [
        [
          "t-1",
          0.03424742817878723
        ],
        [
          "t-2",
          0.03410998731851578
        ],
        [
          "t-29",
          0.03403272479772568
        ],
        [
          "t-3",
          0.03400037810206413
        ],
        [
          "t-4",
          0.033884745091199875
        ]
      ],