{
  "period_statistics": {
    "2020": {
      "n_samples": 82,
      "entropy_mean": 3.3998539447784424,
      "entropy_std": 0.0008206868078559637,
      "attention_concentration": 0.03340119868516922,
      "top_features": [
        [
          "t-1",
          0.03660868853330612
        ],
        [
          "t-2",
          0.03621401637792587
        ],
        [
          "t-3",
          0.035842422395944595
        ],
        [
          "t-4",
          0.03546296805143356
        ],
        [
          "t-5",
          0.03509613126516342
        ]
      ],
      "mean_attention": [
        0.03470376506447792,
        0.034490060061216354,
        0.033533163368701935,
        0.03281243145465851,
        0.03228969871997833,
        0.03193347901105881,
        0.031703315675258636,
        0.031581420451402664,
        0.03154294937849045,
        0.031567856669425964,
        0.03163834288716316,
        0.03174111247062683,
        0.0318862609565258,
        0.032045524567365646,
        0.03223538026213646,
        0.03243604674935341,
        0.03263773024082184,
        0.03284798562526703,
        0.033066537231206894,
        0.033301446586847305,
        0.0335565060377121,
        0.033844515681266785,
        0.03415422514081001,
        0.034456368535757065,
        0.03476967290043831,
        0.03509613126516342,
        0.03546296805143356,
        0.035842422395944595,
        0.03621401637792587,
        0.03660868853330612
      ],
      "std_attention": [
        0.0009591192356310785,
        0.000983714242465794,
        0.0009749908931553364,
        0.0009590795962139964,
        0.0009312101174145937,
        0.0008988305926322937,
        0.0008702405611984432,
        0.0008457298972643912,
        0.0008294530562125146,
        0.0008151103975251317,
        0.0007930334541015327,
        0.0007686024764552712,
        0.000767189369071275,
        0.0007516968180425465,
        0.0007554216426797211,
        0.0007438829052262008,
        0.0007395513239316642,
        0.0007450637640431523,
        0.000764320429880172,
        0.000760268943849951,
        0.000766874582041055,
        0.0007875673472881317,
        0.0008138224366120994,
        0.0008547808974981308,
        0.0008963338332250714,
        0.0009315278148278594,
        0.0009615793824195862,
        0.0009902752935886383,
        0.001028762781061232,
        0.0010650522308424115
      ]
    },
    "2021": {
      "n_samples": 250,
      "entropy_mean": 3.3966140747070312,
      "entropy_std": 0.0035919530782848597,
      "attention_concentration": 0.033391717821359634,
      "top_features": [
        [
          "t-1",
          0.036418426781892776
        ],
        [
          "t-2",
          0.036017678678035736
        ],
        [
          "t-3",
          0.035624563694000244
        ],
        [
          "t-4",
          0.035255078226327896
        ],
        [
          "t-5",
          0.0349007323384285
        ]
      ],
      "mean_attention": [
        0.034679114818573,
        0.034799352288246155,
        0.03394356742501259,
        0.033288151025772095,
        0.03279685229063034,
        0.032432667911052704,
        0.032136235386133194,
        0.031938109546899796,
        0.03180594742298126,
        0.03173856437206268,
        0.031720396131277084,
        0.03174731135368347,
        0.031807735562324524,
        0.0319129079580307,
        0.03205996751785278,
        0.0322222039103508,
        0.032428666949272156,
        0.03264152631163597,
        0.03286374732851982,
        0.03311896696686745,
        0.03337988257408142,
        0.033643241971731186,
        0.033913418650627136,
        0.03421536460518837,
        0.03454959765076637,
        0.0349007323384285,
        0.035255078226327896,
        0.035624563694000244,
        0.036017678678035736,
        0.036418426781892776
      ],
      "std_attention": [
        0.003716718405485153,
        0.003603268414735794,
        0.003363617928698659,
        0.0031667205039411783,
        0.0030073944944888353,
        0.0028710144106298685,
        0.0027444157749414444,
        0.0026280030142515898,
        0.0025513353757560253,
        0.002490189392119646,
        0.0024567728396505117,
        0.0024391894694417715,
        0.0024318776559084654,
        0.002414908492937684,
        0.002395902294665575,
        0.0024009072221815586,
        0.0024117473512887955,
        0.0024312336463481188,
        0.0024753923062235117,
        0.002517011249437928,
        0.002568715950474143,
        0.0026426035910844803,
        0.0027367693837732077,
        0.00283346651121974,
        0.002942484337836504,
        0.0030639965552836657,
        0.00318629271350801,
        0.0033177377190440893,
        0.0034690476022660732,
        0.003629552200436592
      ]
    },
    "2022": {
      "n_samples": 249,
      "entropy_mean": 3.3919432163238525,
      "entropy_std": 0.006465177517384291,
      "attention_concentration": 0.03359602764248848,
      "top_features": [
        [
          "t-1",
          0.040368128567934036
        ],
        [
          "t-2",
          0.03948932886123657
        ],
        [
          "t-3",
          0.03865692391991615
        ],
        [
          "t-4",
          0.03785783052444458
        ],
        [
          "t-5",
          0.03709644451737404
        ]
      ],
      "mean_attention": [
        0.03426097333431244,
        0.03351953253149986,
        0.03239214047789574,
        0.03161120414733887,
        0.031032411381602287,
        0.030619636178016663,
        0.030377767980098724,
        0.03022734634578228,
        0.030189188197255135,
        0.03024030476808548,
        0.03036627359688282,
        0.030561266466975212,
        0.03079916164278984,
        0.031058965250849724,
        0.031337592750787735,
        0.03167584910988808,
        0.03203252702951431,
        0.032441556453704834,
        0.03289763629436493,
        0.03337719291448593,
        0.033889129757881165,
        0.03445088490843773,
        0.03506075590848923,
        0.03571261093020439,
        0.03639942780137062,
        0.03709644451737404,
        0.03785783052444458,
        0.03865692391991615,
        0.03948932886123657,
        0.040368128567934036
      ],
      "std_attention": [
        0.004751407075673342,
        0.004598868079483509,
        0.0042554885149002075,
        0.0039679668843746185,
        0.003708435455337167,
        0.0034764986485242844,
        0.0032950900495052338,
        0.0031381298322230577,
        0.0029941750690340996,
        0.002874253084883094,
        0.0027611698023974895,
        0.002669018693268299,
        0.0025746698956936598,
        0.0025223910342901945,
        0.0025062242057174444,
        0.002501857466995716,
        0.0025199279189109802,
        0.0025744223967194557,
        0.0026461512316018343,
        0.0027441391721367836,
        0.002887310227379203,
        0.0030449004843831062,
        0.003217626130208373,
        0.0034300165716558695,
        0.0036900665145367384,
        0.003968770150095224,
        0.004293740727007389,
        0.004654078744351864,
        0.005049230996519327,
        0.0054975287057459354
      ]
    },
    "2023": {
      "n_samples": 249,
      "entropy_mean": 3.391921281814575,
      "entropy_std": 0.00651285145431757,
      "attention_concentration": 0.033518142998218536,
      "top_features": [
        [
          "t-1",
          0.03908294066786766
        ],
        [
          "t-2",
          0.03838196024298668
        ],
        [
          "t-3",
          0.03771587833762169
        ],
        [
          "t-4",
          0.03707777336239815
        ],
        [
          "t-5",
          0.03647204861044884
        ]
      ],