{
  "evaluation_timestamp": "2025-10-30T03:16:27.951292",
  "statistical_metrics": {
    "mse": 1.174346923828125,
    "rmse": 1.0836728811264038,
    "mae": 0.7719882726669312,
    "mape": 136.32577657699585,
    "r2": 0.00205230712890625,
    "mean_error": 0.029136275872588158,
    "std_error": 1.08328115940094
  },
  "financial_metrics": {
    "directional_accuracy": 0.5453125,
    "sharpe_ratio": 1.006013640397486,
    "max_drawdown": -0.1960231363773346,
    "total_return": 0.984951376914978,
    "hit_rate": 0.43203125,
    "num_trades": 1001,
    "precision": 0.5524475524475524,
    "recall": 0.8049490538573508,
    "f1_score": 0.6552132701421801,
    "confusion_matrix": [
      [
        145,
        448
      ],
      [
        134,
        553
      ]
    ],
    "auc_roc": 0.531005839598813,
    "alpha": 0.06334328651428223
  },
  "residual_diagnostics": {
    "normality_p_value": 5.257691485551702e-39,
    "acf_lag1": -0.02967467122199884,
    "skewness": 0.053395983362463345,
    "kurtosis": 6.307856524524773
  },
  "mode_stats": {
    "healthy_days": 580,
    "degraded_days": 205,
    "unidirectional_days": 460,
    "weak_collapse_days": 35,
    "strong_collapse_days": 0,
    "total_days": 1280,
    "healthy_pct": 45.3125,
    "degraded_pct": 16.015625,
    "unidirectional_pct": 35.9375,
    "weak_collapse_pct": 2.734375,
    "strong_collapse_pct": 0.0
  },
  "collapse_detected": true,
  "degradation_detected": true,
  "checkpoint_used": "experiments/00_baseline_exploration/sweep2_h16_lr_0.0005/checkpoints/tft-epoch=48-val_loss=0.4030.ckpt"
}