{
  "period_statistics": {
    "2020": {
      "n_samples": 92,
      "entropy_mean": 2.9752655029296875,
      "entropy_std": 0.021919388324022293,
      "attention_concentration": 0.05013994500041008,
      "top_features": [
        [
          "t-1",
          0.05268220230937004
        ],
        [
          "t-2",
          0.05238735303282738
        ],
        [
          "t-3",
          0.05209355428814888
        ],
        [
          "t-4",
          0.05186116322875023
        ],
        [
          "t-5",
          0.051667310297489166
        ]
      ],
      "mean_attention": [
        0.041566453874111176,
        0.044595930725336075,
        0.04716213420033455,
        0.048928022384643555,
        0.04979525879025459,
        0.05017367750406265,
        0.05034488067030907,
        0.050422314554452896,
        0.05053529143333435,
        0.050595663487911224,
        0.050674308091402054,
        0.05079216882586479,
        0.050922736525535583,
        0.05129614099860191,
        0.05150344595313072,
        0.051667310297489166,
        0.05186116322875023,
        0.05209355428814888,
        0.05238735303282738,
        0.05268220230937004
      ],
      "std_attention": [
        0.009742756374180317,
        0.009877367876470089,
        0.00992935337126255,
        0.009645015001296997,
        0.00930112600326538,
        0.009048656560480595,
        0.008855290710926056,
        0.008735724724829197,
        0.008749122731387615,
        0.008792756125330925,
        0.008889522403478622,
        0.009073768742382526,
        0.00930296815931797,
        0.009800228290259838,
        0.010198073461651802,
        0.01071146409958601,
        0.011394239962100983,
        0.012275018729269505,
        0.013411077670753002,
        0.014679878950119019
      ]
    },
    "2021": {
      "n_samples": 250,
      "entropy_mean": 2.9648752212524414,
      "entropy_std": 0.05136611685156822,
      "attention_concentration": 0.05018242821097374,
      "top_features": [
        [
          "t-1",
          0.05418263003230095
        ],
        [
          "t-2",
          0.05352020636200905
        ],
        [
          "t-3",
          0.052869636565446854
        ],
        [
          "t-4",
          0.052269577980041504
        ],
        [
          "t-5",
          0.05183260887861252
        ]
      ],
      "mean_attention": [
        0.041048068553209305,
        0.044167403131723404,
        0.046531181782484055,
        0.04825861379504204,
        0.049291644245386124,
        0.04984922707080841,
        0.050097882747650146,
        0.050233736634254456,
        0.05034048482775688,
        0.0504249632358551,
        0.05056631565093994,
        0.05076105147600174,
        0.05104542523622513,
        0.05122324824333191,
        0.05148604139685631,
        0.05183260887861252,
        0.052269577980041504,
        0.052869636565446854,
        0.05352020636200905,
        0.05418263003230095
      ],
      "std_attention": [
        0.009792008437216282,
        0.011157101951539516,
        0.01169524434953928,
        0.011684104800224304,
        0.011535808444023132,
        0.011283649131655693,
        0.011127755977213383,
        0.010994465090334415,
        0.010973790660500526,
        0.011027815751731396,
        0.011182759888470173,
        0.011345668695867062,
        0.011640511453151703,
        0.011938527226448059,
        0.012398178689181805,
        0.013259326107800007,
        0.014244383201003075,
        0.01627364195883274,
        0.018770521506667137,
        0.021436940878629684
      ]
    },
    "2022": {
      "n_samples": 249,
      "entropy_mean": 2.915663719177246,
      "entropy_std": 0.06902477890253067,
      "attention_concentration": 0.05092034861445427,
      "top_features": [
        [
          "t-1",
          0.06292764097452164
        ],
        [
          "t-2",
          0.060644540935754776
        ],
        [
          "t-3",
          0.058691512793302536
        ],
        [
          "t-4",
          0.056927334517240524
        ],
        [
          "t-5",
          0.055373821407556534
        ]
      ],
      "mean_attention": [
        0.034832730889320374,
        0.03978462144732475,
        0.04297102987766266,
        0.04478847607970238,
        0.04579750448465347,
        0.046408761292696,
        0.047005895525217056,
        0.047658149152994156,
        0.04825048893690109,
        0.04893803596496582,
        0.049780748784542084,
        0.050711072981357574,
        0.05168750137090683,
        0.052824586629867554,
        0.05399557575583458,
        0.055373821407556534,
        0.056927334517240524,
        0.058691512793302536,
        0.060644540935754776,
        0.06292764097452164
      ],
      "std_attention": [
        0.017344601452350616,
        0.019183887168765068,
        0.019236093387007713,
        0.01838085427880287,
        0.017388487234711647,
        0.016504468396306038,
        0.01588899828493595,
        0.01560936588793993,
        0.015381673350930214,
        0.01529467012733221,
        0.015560616739094257,
        0.01611596718430519,
        0.016799340024590492,
        0.017837772145867348,
        0.018879404291510582,
        0.020323267206549644,
        0.02248016558587551,
        0.025226134806871414,
        0.028360750526189804,
        0.0327431783080101
      ]
    },
    "2023": {
      "n_samples": 249,
      "entropy_mean": 2.98331880569458,
      "entropy_std": 0.016544602811336517,
      "attention_concentration": 0.05003628134727478,
      "top_features": [
        [
          "t-14",
          0.051104072481393814
        ],
        [
          "t-15",
          0.05105213820934296
        ],
        [
          "t-13",
          0.05096443369984627
        ],
        [
          "t-12",
          0.050824426114559174
        ],
        [
          "t-16",
          0.050748053938150406
        ]
      ],
      "mean_attention": [
        0.045306626707315445,
        0.04735254496335983,
        0.048888687044382095,
        0.05007666349411011,
        0.050748053938150406,
        0.05105213820934296,
        0.051104072481393814,
        0.05096443369984627,
        0.050824426114559174,
        0.050700072199106216,
        0.050532978028059006,
        0.050377149134874344,
        0.050246406346559525,
        0.05016235634684563,
        0.05017850548028946,
        0.05018046870827675,
        0.050234105437994,
        0.05029279738664627,
        0.050358306616544724,
        0.05041918531060219
      ],
      "std_attention": [
        0.007711085025221109,
        0.007875179871916771,
        0.00795951671898365,
        0.007872906513512135,
        0.007653549779206514,
        0.007423577830195427,
        0.007247638422995806,
        0.006982579827308655,
        0.006916901562362909,
        0.006930594798177481,
        0.006979486905038357,
        0.00707461079582572,
        0.007226082496345043,
        0.007430974394083023,
        0.007699990179389715,
        0.008081707172095776,
        0.008544482290744781,
        0.009130706079304218,
        0.009938536211848259,
        0.010812516324222088
      ]
    },
    "2024": {
      "n_samples": 250,
      "entropy_mean": 2.970532178878784,
      "entropy_std": 0.07344964891672134,
      "attention_concentration": 0.05006391182541847,
      "top_features": [
        [
          "t-1",
          0.05305646359920502
        ],
        [
          "t-2",
          0.05262036249041557
        ],
        [
          "t-3",
          0.052199587225914
        ],
        [
          "t-4",
          0.05182064697146416
        ],
        [
          "t-5",
          0.05145960673689842
        ]
      ],