{
  "period_statistics": {
    "2020": {
      "n_samples": 92,
      "entropy_mean": 2.9805779457092285,
      "entropy_std": 0.004651013296097517,
      "attention_concentration": 0.05001911520957947,
      "top_features": [
        [
          "t-1",
          0.05199696123600006
        ],
        [
          "t-2",
          0.05169025808572769
        ],
        [
          "t-3",
          0.05140483006834984
        ],
        [
          "t-4",
          0.051151927560567856
        ],
        [
          "t-5",
          0.050929415971040726
        ]
      ],
      "mean_attention": [
        0.04970243200659752,
        0.04883947968482971,
        0.048615068197250366,
        0.04886692017316818,
        0.04910318925976753,
        0.049258485436439514,
        0.04936786741018295,
        0.049445249140262604,
        0.049528464674949646,
        0.049590181559324265,
        0.04965910688042641,
        0.049747467041015625,
        0.04984398931264877,
        0.05052649602293968,
        0.050732191652059555,
        0.050929415971040726,
        0.051151927560567856,
        0.05140483006834984,
        0.05169025808572769,
        0.05199696123600006
      ],
      "std_attention": [
        0.009532365016639233,
        0.00862841960042715,
        0.008681929670274258,
        0.008784529753029346,
        0.00889945961534977,
        0.008969220332801342,
        0.008998504839837551,
        0.009033072739839554,
        0.009050732478499413,
        0.009065755642950535,
        0.009076837450265884,
        0.00910480972379446,
        0.009071536362171173,
        0.010304518043994904,
        0.010324222035706043,
        0.010386700741946697,
        0.010420690290629864,
        0.010509113781154156,
        0.01060397643595934,
        0.010740653611719608
      ]
    },
    "2021": {
      "n_samples": 250,
      "entropy_mean": 2.9743409156799316,
      "entropy_std": 0.0073499432764947414,
      "attention_concentration": 0.05003640428185463,
      "top_features": [
        [
          "t-1",
          0.05254754424095154
        ],
        [
          "t-2",
          0.05220155045390129
        ],
        [
          "t-3",
          0.05185475945472717
        ],
        [
          "t-4",
          0.05152327939867973
        ],
        [
          "t-5",
          0.05120614916086197
        ]
      ],
      "mean_attention": [
        0.04816574975848198,
        0.04807281866669655,
        0.04815854877233505,
        0.04849805310368538,
        0.04878881201148033,
        0.049031391739845276,
        0.049220651388168335,
        0.04939164221286774,
        0.04955874755978584,
        0.049729764461517334,
        0.049922797828912735,
        0.05014752969145775,
        0.05039748176932335,
        0.050659190863370895,
        0.05092354863882065,
        0.05120614916086197,
        0.05152327939867973,
        0.05185475945472717,
        0.05220155045390129,
        0.05254754424095154
      ],
      "std_attention": [
        0.010560613125562668,
        0.010971399955451488,
        0.01094888336956501,
        0.011034881696105003,
        0.011088124476373196,
        0.011133265681564808,
        0.011176188476383686,
        0.011187782511115074,
        0.011207201518118382,
        0.01123215351253748,
        0.01128874346613884,
        0.01136726699769497,
        0.011462043970823288,
        0.01158907637000084,
        0.011682091280817986,
        0.011779426597058773,
        0.011950526386499405,
        0.012102692387998104,
        0.012329181656241417,
        0.0124643724411726
      ]
    },
    "2022": {
      "n_samples": 249,
      "entropy_mean": 2.981675624847412,
      "entropy_std": 0.0061143203638494015,
      "attention_concentration": 0.05004838481545448,
      "top_features": [
        [
          "t-1",
          0.05293838679790497
        ],
        [
          "t-2",
          0.05251254513859749
        ],
        [
          "t-3",
          0.0521041601896286
        ],
        [
          "t-4",
          0.05172352120280266
        ],
        [
          "t-5",
          0.051370393484830856
        ]
      ],
      "mean_attention": [
        0.04747215285897255,
        0.04759988561272621,
        0.047959696501493454,
        0.048410769551992416,
        0.048762694001197815,
        0.049006812274456024,
        0.04921043664216995,
        0.04939582198858261,
        0.04957043379545212,
        0.049765706062316895,
        0.049982715398073196,
        0.05020921304821968,
        0.050455108284950256,
        0.050524480640888214,
        0.051025114953517914,
        0.051370393484830856,
        0.05172352120280266,
        0.0521041601896286,
        0.05251254513859749,
        0.05293838679790497
      ],
      "std_attention": [
        0.00816546380519867,
        0.00867809820920229,
        0.008810325525701046,
        0.008911579847335815,
        0.008959420025348663,
        0.008969341404736042,
        0.008954836055636406,
        0.008936641737818718,
        0.008915305137634277,
        0.008937730453908443,
        0.008963651955127716,
        0.008971432223916054,
        0.0089967530220747,
        0.008554830215871334,
        0.009174086153507233,
        0.009308203123509884,
        0.009458491578698158,
        0.009628105908632278,
        0.009824437089264393,
        0.01002621091902256
      ]
    },
    "2023": {
      "n_samples": 249,
      "entropy_mean": 2.93791127204895,
      "entropy_std": 0.030428167432546616,
      "attention_concentration": 0.050006866455078125,
      "top_features": [
        [
          "t-1",
          0.051194727420806885
        ],
        [
          "t-2",
          0.0511028915643692
        ],
        [
          "t-3",
          0.050909802317619324
        ],
        [
          "t-4",
          0.050744447857141495
        ],
        [
          "t-5",
          0.05058957636356354
        ]
      ],
      "mean_attention": [
        0.04935156926512718,
        0.04915301501750946,
        0.04925539717078209,
        0.04946352541446686,
        0.04960034787654877,
        0.04968198388814926,
        0.04972577095031738,
        0.04974386468529701,
        0.04977381229400635,
        0.04982685297727585,
        0.049870796501636505,
        0.049919769167900085,
        0.04999346658587456,
        0.05009552463889122,
        0.050002820789813995,
        0.05058957636356354,
        0.050744447857141495,
        0.050909802317619324,
        0.0511028915643692,
        0.051194727420806885
      ],
      "std_attention": [
        0.01809185929596424,
        0.01952698454260826,
        0.01966971904039383,
        0.01990651525557041,
        0.020053956657648087,
        0.02015089988708496,
        0.02023274265229702,
        0.02029389888048172,
        0.020344212651252747,
        0.020423950627446175,
        0.020468028262257576,
        0.020516956225037575,
        0.020591679960489273,
        0.02073381096124649,
        0.020636796951293945,
        0.02197749726474285,
        0.0221197959035635,
        0.022282879799604416,
        0.02254825085401535,
        0.022163813933730125
      ]
    },
    "2024": {
      "n_samples": 250,
      "entropy_mean": 2.9326164722442627,
      "entropy_std": 0.027494972571730614,
      "attention_concentration": 0.050017111003398895,
      "top_features": [
        [
          "t-1",
          0.051618583500385284
        ],
        [
          "t-2",
          0.05139252915978432
        ],
        [
          "t-3",
          0.051156412810087204
        ],
        [
          "t-6",
          0.0510801300406456
        ],
        [
          "t-4",
          0.05096229165792465
        ]
      ],