
[INFO] Using AUTO device selection.

[INFO] Patched matplotlib.Axes.errorbar to abs() negative yerr for robustness.
======================================================================
Training TFT: 12b_feature_sweep/macro_heavy_weekly_7q_h1_enc8_s42
======================================================================
Logging to: experiments/12b_feature_sweep/macro_heavy_weekly_7q_h1_enc8_s42/training_20251213_211555.log
Started at: 2025-12-13 21:15:55
======================================================================

Loading data splits...
Train: 1239 samples
Val: 242 samples
Test: 243 samples

Preparing TimeSeriesDataSet...

Dropping source columns (used for staleness only): ['CPI']

Final features for TFT: ['SP500_Returns', 'VIX', 'Inflation_YoY', 'Unemployment', 'Fed_Rate', 'Consumer_Sentiment', 'Industrial_Production', 'cumret_5', 'cumret_10', 'cumret_20', 'cumret_30']

======================================================================
FEATURE STATISTICS - BEFORE NORMALIZATION
======================================================================
VIX                             mean= 19.8508  std=  8.0207  min=  9.9050  max= 72.9160
Inflation_YoY                   mean=  2.5793  std=  1.1667  min= -2.1498  max=  6.7300
Unemployment                    mean=  6.1459  std=  1.6082  min=  3.9000  max= 10.2000
Fed_Rate                        mean=  3.1088  std=  2.2266  min=  0.0700  max=  6.9100
Consumer_Sentiment              mean= 86.2427  std= 12.9735  min= 55.3000  max=112.0000
Industrial_Production           mean=115.3436  std= 14.4179  min= 92.5354  max=148.8140

======================================================================
TARGET CONFIGURATION
======================================================================
Target variable: SP500_Returns
  Mode: Point return prediction (single-step)
  Target stats: mean=0.1733, std=2.3081
  Dropping unused cumret columns: ['cumret_5', 'cumret_10', 'cumret_20', 'cumret_30']
======================================================================

======================================================================
FEATURES AFTER GROUPNORMALIZER (first batch, last timestep)
======================================================================
VIX                             normalized_value=  1.0000
Inflation_YoY                   normalized_value= -0.1250
Unemployment                    normalized_value= -1.0784
Fed_Rate                        normalized_value=  0.7482
Consumer_Sentiment              normalized_value= -0.7750
Industrial_Production           normalized_value=  0.4723
======================================================================

Configuration saved to: experiments/12b_feature_sweep/macro_heavy_weekly_7q_h1_enc8_s42/config.json
[DEBUG] VIX train values: [31.318 31.68  23.47  21.908 22.596]
[DEBUG] VIX val values: [14.06  13.318 12.54  13.62  14.158]
Batches per epoch: 38
[DEBUG] Validation batches: 8
[DEBUG] Validation dataset size: 234
[DEBUG] Batch size: 32

Initializing model...

Quantile configuration: 7q
  Quantiles: [0.02, 0.1, 0.25, 0.5, 0.75, 0.9, 0.98]
  Output size: 7
  Median index: 3

Using standard QuantileLoss (no penalties)

[REGIME OUTPUT] Disabled (using baseline output layer)

[STALENESS ATTENTION] Disabled

================================================================================
BASELINE MODEL FEATURE CONFIGURATION (after from_dataset)
================================================================================
tft.hparams.time_varying_reals_encoder: ['relative_time_idx', 'VIX', 'Inflation_YoY', 'Unemployment', 'Fed_Rate', 'Consumer_Sentiment', 'Industrial_Production']
  Count: 7

tft.hparams.time_varying_reals_decoder: ['relative_time_idx']
  Count: 1

tft.hparams.x_reals (all reals passed to model): ['encoder_length', 'relative_time_idx', 'VIX', 'Inflation_YoY', 'Unemployment', 'Fed_Rate', 'Consumer_Sentiment', 'Industrial_Production']
  Count: 8

Encoder VSN configuration:
  num_inputs: 7
  input_sizes: {'relative_time_idx': 16, 'VIX': 16, 'Inflation_YoY': 16, 'Unemployment': 16, 'Fed_Rate': 16, 'Consumer_Sentiment': 16, 'Industrial_Production': 16}
  flattened_grn.fc1: in_features=112, out_features=7
  -> Params in fc1: 784 (should be 5*16*5=400 if 5 features)
================================================================================

Model parameters: 25,425

Starting training...
Checkpoints will be saved to: experiments/12b_feature_sweep/macro_heavy_weekly_7q_h1_enc8_s42/checkpoints/
Logs will be saved to: experiments/12b_feature_sweep/macro_heavy_weekly_7q_h1_enc8_s42/logs/

[DEBUG CollapseMonitor] on_validation_epoch_start called for epoch 0
[DEBUG CollapseMonitor] reset_temporal_state() called on loss function
Epoch 0: val_loss=N/A
[DEBUG CollapseMonitor] on_validation_epoch_start called for epoch 0
[DEBUG CollapseMonitor] reset_temporal_state() called on loss function
Epoch 0: val_loss=1.345497488975525
Epoch 0: train_loss=1.714144229888916

[CollapseMonitor] Epoch 0
  [DEBUG] Processed 8 batches from val_dataloader
  [DEBUG] Predictions shape after concat: (234,)
  Pred std: 0.088057, range: 0.300227, mean: -0.039020
  Pos: 41.0%, Neg: 59.0%, Unique: 233
  Dir Acc: 42.74%, Pred Sharpe: -7.0343
  Composite: 0.3853 (dist_match: 0.8034, actual_pos: 60.7%, pred_pos: 41.0%)
  Collapse penalty: 0.000000 (threshold: 0.005000)
  Saved validation predictions to: experiments/12b_feature_sweep/macro_heavy_weekly_7q_h1_enc8_s42/collapse_monitoring/val_predictions_epoch0.npy
  Gradient norms:
    lstm_encoder: 0.037676
    lstm_decoder: 0.042388
    output_layer: 1.532766
  VSN output std:
    encoder: 0.170429
  Attention entropy: 2.077854
  Saved to: experiments/12b_feature_sweep/macro_heavy_weekly_7q_h1_enc8_s42/collapse_monitoring/collapse_monitor_latest.json
[DEBUG CollapseMonitor] on_validation_epoch_start called for epoch 1
[DEBUG CollapseMonitor] reset_temporal_state() called on loss function
Epoch 1: val_loss=1.2336082458496094
Epoch 1: train_loss=1.6249940395355225

[CollapseMonitor] Epoch 1
  [DEBUG] Processed 8 batches from val_dataloader
  [DEBUG] Predictions shape after concat: (234,)
  Pred std: 0.076915, range: 0.271531, mean: 0.076901
  Pos: 87.2%, Neg: 12.8%, Unique: 234
  Dir Acc: 57.26%, Pred Sharpe: 15.8718
  Composite: 0.4968 (dist_match: 0.7350, actual_pos: 60.7%, pred_pos: 87.2%)
  Collapse penalty: 0.000000 (threshold: 0.005000)
  Saved validation predictions to: experiments/12b_feature_sweep/macro_heavy_weekly_7q_h1_enc8_s42/collapse_monitoring/val_predictions_epoch1.npy
  Gradient norms:
    lstm_encoder: 0.034780
    lstm_decoder: 0.038357
    output_layer: 1.423923
  VSN output std:
    encoder: 0.170035
  Attention entropy: 2.077924
  Saved to: experiments/12b_feature_sweep/macro_heavy_weekly_7q_h1_enc8_s42/collapse_monitoring/collapse_monitor_latest.json
[DEBUG CollapseMonitor] on_validation_epoch_start called for epoch 2
[DEBUG CollapseMonitor] reset_temporal_state() called on loss function
Epoch 2: val_loss=1.132023811340332
Epoch 2: train_loss=1.5400111675262451

[CollapseMonitor] Epoch 2
  [DEBUG] Processed 8 batches from val_dataloader
  [DEBUG] Predictions shape after concat: (234,)
  Pred std: 0.065388, range: 0.238211, mean: 0.172858
  Pos: 100.0%, Neg: 0.0%, Unique: 234
  Dir Acc: 60.68%, Pred Sharpe: 41.9654
  Composite: 0.4875 (dist_match: 0.6068, actual_pos: 60.7%, pred_pos: 100.0%)
  Collapse penalty: 0.000000 (threshold: 0.005000)
  Saved validation predictions to: experiments/12b_feature_sweep/macro_heavy_weekly_7q_h1_enc8_s42/collapse_monitoring/val_predictions_epoch2.npy
  Gradient norms:
    lstm_encoder: 0.030203
    lstm_decoder: 0.032658
    output_layer: 1.294252
  VSN output std:
    encoder: 0.168775
  Attention entropy: 2.077917
  Saved to: experiments/12b_feature_sweep/macro_heavy_weekly_7q_h1_enc8_s42/collapse_monitoring/collapse_monitor_latest.json
[DEBUG CollapseMonitor] on_validation_epoch_start called for epoch 3
[DEBUG CollapseMonitor] reset_temporal_state() called on loss function
Epoch 3: val_loss=1.0285245180130005
Epoch 3: train_loss=1.427159309387207

[CollapseMonitor] Epoch 3
  [DEBUG] Processed 8 batches from val_dataloader
  [DEBUG] Predictions shape after concat: (234,)
  Pred std: 0.057870, range: 0.215738, mean: 0.250489
  Pos: 100.0%, Neg: 0.0%, Unique: 233
  Dir Acc: 60.68%, Pred Sharpe: 68.7121
  Composite: 0.4875 (dist_match: 0.6068, actual_pos: 60.7%, pred_pos: 100.0%)
  Collapse penalty: 0.000000 (threshold: 0.005000)
  Saved validation predictions to: experiments/12b_feature_sweep/macro_heavy_weekly_7q_h1_enc8_s42/collapse_monitoring/val_predictions_epoch3.npy
  Gradient norms:
    lstm_encoder: 0.027099
    lstm_decoder: 0.028352
    output_layer: 1.165371
  VSN output std:
    encoder: 0.168638
  Attention entropy: 2.077948
  Saved to: experiments/12b_feature_sweep/macro_heavy_weekly_7q_h1_enc8_s42/collapse_monitoring/collapse_monitor_latest.json
[DEBUG CollapseMonitor] on_validation_epoch_start called for epoch 4
[DEBUG CollapseMonitor] reset_temporal_state() called on loss function
Epoch 4: val_loss=0.9503841400146484
Epoch 4: train_loss=1.345123291015625

[CollapseMonitor] Epoch 4
  [DEBUG] Processed 8 batches from val_dataloader
  [DEBUG] Predictions shape after concat: (234,)
  Pred std: 0.052855, range: 0.199127, mean: 0.275045
  Pos: 100.0%, Neg: 0.0%, Unique: 233
  Dir Acc: 60.68%, Pred Sharpe: 82.6068
  Composite: 0.4875 (dist_match: 0.6068, actual_pos: 60.7%, pred_pos: 100.0%)
  Collapse penalty: 0.000000 (threshold: 0.005000)
  Saved validation predictions to: experiments/12b_feature_sweep/macro_heavy_weekly_7q_h1_enc8_s42/collapse_monitoring/val_predictions_epoch4.npy
  Gradient norms:
    lstm_encoder: 0.020982
    lstm_decoder: 0.021868
    output_layer: 1.022594
  VSN output std:
    encoder: 0.168782
  Attention entropy: 2.078014
  Saved to: experiments/12b_feature_sweep/macro_heavy_weekly_7q_h1_enc8_s42/collapse_monitoring/collapse_monitor_latest.json
[DEBUG CollapseMonitor] on_validation_epoch_start called for epoch 5
[DEBUG CollapseMonitor] reset_temporal_state() called on loss function
Epoch 5: val_loss=0.9083464741706848
Epoch 5: train_loss=1.252597689628601

[CollapseMonitor] Epoch 5
  [DEBUG] Processed 8 batches from val_dataloader
  [DEBUG] Predictions shape after concat: (234,)
  Pred std: 0.048932, range: 0.184311, mean: 0.299492
  Pos: 100.0%, Neg: 0.0%, Unique: 234
  Dir Acc: 60.68%, Pred Sharpe: 97.1613
  Composite: 0.4875 (dist_match: 0.6068, actual_pos: 60.7%, pred_pos: 100.0%)
  Collapse penalty: 0.000000 (threshold: 0.005000)
  Saved validation predictions to: experiments/12b_feature_sweep/macro_heavy_weekly_7q_h1_enc8_s42/collapse_monitoring/val_predictions_epoch5.npy
  Gradient norms:
    lstm_encoder: 0.017858
    lstm_decoder: 0.017812
    output_layer: 0.893726
  VSN output std:
    encoder: 0.168129
  Attention entropy: 2.078003
  Saved to: experiments/12b_feature_sweep/macro_heavy_weekly_7q_h1_enc8_s42/collapse_monitoring/collapse_monitor_latest.json
[DEBUG CollapseMonitor] on_validation_epoch_start called for epoch 6
[DEBUG CollapseMonitor] reset_temporal_state() called on loss function
Epoch 6: val_loss=0.8722472190856934
Epoch 6: train_loss=1.2023000717163086

[CollapseMonitor] Epoch 6
  [DEBUG] Processed 8 batches from val_dataloader
  [DEBUG] Predictions shape after concat: (234,)
  Pred std: 0.044565, range: 0.167416, mean: 0.273932
  Pos: 100.0%, Neg: 0.0%, Unique: 232
  Dir Acc: 60.68%, Pred Sharpe: 97.5785
  Composite: 0.4875 (dist_match: 0.6068, actual_pos: 60.7%, pred_pos: 100.0%)
  Collapse penalty: 0.000000 (threshold: 0.005000)
  Saved validation predictions to: experiments/12b_feature_sweep/macro_heavy_weekly_7q_h1_enc8_s42/collapse_monitoring/val_predictions_epoch6.npy
  Gradient norms:
    lstm_encoder: 0.014819
    lstm_decoder: 0.014527
    output_layer: 0.778615
  VSN output std:
    encoder: 0.167178
  Attention entropy: 2.078006
  Saved to: experiments/12b_feature_sweep/macro_heavy_weekly_7q_h1_enc8_s42/collapse_monitoring/collapse_monitor_latest.json
[DEBUG CollapseMonitor] on_validation_epoch_start called for epoch 7
[DEBUG CollapseMonitor] reset_temporal_state() called on loss function
Epoch 7: val_loss=0.8448984026908875
Epoch 7: train_loss=1.1363871097564697

[CollapseMonitor] Epoch 7
  [DEBUG] Processed 8 batches from val_dataloader
  [DEBUG] Predictions shape after concat: (234,)
  Pred std: 0.040067, range: 0.150108, mean: 0.275691
  Pos: 100.0%, Neg: 0.0%, Unique: 234
  Dir Acc: 60.68%, Pred Sharpe: 109.2294
  Composite: 0.4875 (dist_match: 0.6068, actual_pos: 60.7%, pred_pos: 100.0%)
  Collapse penalty: 0.000000 (threshold: 0.005000)
  Saved validation predictions to: experiments/12b_feature_sweep/macro_heavy_weekly_7q_h1_enc8_s42/collapse_monitoring/val_predictions_epoch7.npy
  Gradient norms:
    lstm_encoder: 0.012543
    lstm_decoder: 0.011836
    output_layer: 0.687121
  VSN output std:
    encoder: 0.167373
  Attention entropy: 2.078071
  Saved to: experiments/12b_feature_sweep/macro_heavy_weekly_7q_h1_enc8_s42/collapse_monitoring/collapse_monitor_latest.json
[DEBUG CollapseMonitor] on_validation_epoch_start called for epoch 8
[DEBUG CollapseMonitor] reset_temporal_state() called on loss function
Epoch 8: val_loss=0.8263817429542542
Epoch 8: train_loss=1.0934665203094482

[CollapseMonitor] Epoch 8
  [DEBUG] Processed 8 batches from val_dataloader
  [DEBUG] Predictions shape after concat: (234,)
  Pred std: 0.036711, range: 0.137184, mean: 0.307253
  Pos: 100.0%, Neg: 0.0%, Unique: 234
  Dir Acc: 60.68%, Pred Sharpe: 132.8615
  Composite: 0.4875 (dist_match: 0.6068, actual_pos: 60.7%, pred_pos: 100.0%)
  Collapse penalty: 0.000000 (threshold: 0.005000)
  Saved validation predictions to: experiments/12b_feature_sweep/macro_heavy_weekly_7q_h1_enc8_s42/collapse_monitoring/val_predictions_epoch8.npy
  Gradient norms:
    lstm_encoder: 0.011217
    lstm_decoder: 0.010537
    output_layer: 0.599333
  VSN output std:
    encoder: 0.167137
  Attention entropy: 2.078156
  Saved to: experiments/12b_feature_sweep/macro_heavy_weekly_7q_h1_enc8_s42/collapse_monitoring/collapse_monitor_latest.json
[DEBUG CollapseMonitor] on_validation_epoch_start called for epoch 9
[DEBUG CollapseMonitor] reset_temporal_state() called on loss function
Epoch 9: val_loss=0.809878945350647
Epoch 9: train_loss=1.061457872390747

[CollapseMonitor] Epoch 9
  [DEBUG] Processed 8 batches from val_dataloader
  [DEBUG] Predictions shape after concat: (234,)
  Pred std: 0.034573, range: 0.128464, mean: 0.283283
  Pos: 100.0%, Neg: 0.0%, Unique: 234
  Dir Acc: 60.68%, Pred Sharpe: 130.0710
  Composite: 0.4875 (dist_match: 0.6068, actual_pos: 60.7%, pred_pos: 100.0%)
  Collapse penalty: 0.000000 (threshold: 0.005000)
  Saved validation predictions to: experiments/12b_feature_sweep/macro_heavy_weekly_7q_h1_enc8_s42/collapse_monitoring/val_predictions_epoch9.npy
  Gradient norms:
    lstm_encoder: 0.010159
    lstm_decoder: 0.010206
    output_layer: 0.549786
  VSN output std:
    encoder: 0.166192
  Attention entropy: 2.078223
  Saved to: experiments/12b_feature_sweep/macro_heavy_weekly_7q_h1_enc8_s42/collapse_monitoring/collapse_monitor_latest.json
[DEBUG CollapseMonitor] on_validation_epoch_start called for epoch 10
[DEBUG CollapseMonitor] reset_temporal_state() called on loss function
Epoch 10: val_loss=0.7967891097068787
Epoch 10: train_loss=1.042568564414978

[CollapseMonitor] Epoch 10
  [DEBUG] Processed 8 batches from val_dataloader
  [DEBUG] Predictions shape after concat: (234,)
  Pred std: 0.032725, range: 0.120137, mean: 0.302050
  Pos: 100.0%, Neg: 0.0%, Unique: 234
  Dir Acc: 60.68%, Pred Sharpe: 146.5219
  Composite: 0.4875 (dist_match: 0.6068, actual_pos: 60.7%, pred_pos: 100.0%)
  Collapse penalty: 0.000000 (threshold: 0.005000)
  Saved validation predictions to: experiments/12b_feature_sweep/macro_heavy_weekly_7q_h1_enc8_s42/collapse_monitoring/val_predictions_epoch10.npy
  Gradient norms:
    lstm_encoder: 0.009282
    lstm_decoder: 0.008514
    output_layer: 0.471592
  VSN output std:
    encoder: 0.166773
  Attention entropy: 2.078298
  Saved to: experiments/12b_feature_sweep/macro_heavy_weekly_7q_h1_enc8_s42/collapse_monitoring/collapse_monitor_latest.json
[DEBUG CollapseMonitor] on_validation_epoch_start called for epoch 11
[DEBUG CollapseMonitor] reset_temporal_state() called on loss function
Epoch 11: val_loss=0.787211537361145
Epoch 11: train_loss=1.0217052698135376

[CollapseMonitor] Epoch 11
  [DEBUG] Processed 8 batches from val_dataloader
  [DEBUG] Predictions shape after concat: (234,)
  Pred std: 0.030553, range: 0.111277, mean: 0.291602
  Pos: 100.0%, Neg: 0.0%, Unique: 233
  Dir Acc: 60.68%, Pred Sharpe: 151.5080
  Composite: 0.4875 (dist_match: 0.6068, actual_pos: 60.7%, pred_pos: 100.0%)
  Collapse penalty: 0.000000 (threshold: 0.005000)
  Saved validation predictions to: experiments/12b_feature_sweep/macro_heavy_weekly_7q_h1_enc8_s42/collapse_monitoring/val_predictions_epoch11.npy
  Gradient norms:
    lstm_encoder: 0.008903
    lstm_decoder: 0.008499
    output_layer: 0.427925
  VSN output std:
    encoder: 0.166821
  Attention entropy: 2.078327
  Saved to: experiments/12b_feature_sweep/macro_heavy_weekly_7q_h1_enc8_s42/collapse_monitoring/collapse_monitor_latest.json
[DEBUG CollapseMonitor] on_validation_epoch_start called for epoch 12
[DEBUG CollapseMonitor] reset_temporal_state() called on loss function
Epoch 12: val_loss=0.7784993648529053
Epoch 12: train_loss=0.9969810843467712

[CollapseMonitor] Epoch 12
  [DEBUG] Processed 8 batches from val_dataloader
  [DEBUG] Predictions shape after concat: (234,)
  Pred std: 0.030009, range: 0.108155, mean: 0.235478
  Pos: 100.0%, Neg: 0.0%, Unique: 234
  Dir Acc: 60.68%, Pred Sharpe: 124.5645
  Composite: 0.4875 (dist_match: 0.6068, actual_pos: 60.7%, pred_pos: 100.0%)
  Collapse penalty: 0.000000 (threshold: 0.005000)
  Saved validation predictions to: experiments/12b_feature_sweep/macro_heavy_weekly_7q_h1_enc8_s42/collapse_monitoring/val_predictions_epoch12.npy
  Gradient norms:
    lstm_encoder: 0.008102
    lstm_decoder: 0.007559
    output_layer: 0.391190
  VSN output std:
    encoder: 0.166706
  Attention entropy: 2.078278
  Saved to: experiments/12b_feature_sweep/macro_heavy_weekly_7q_h1_enc8_s42/collapse_monitoring/collapse_monitor_latest.json
[DEBUG CollapseMonitor] on_validation_epoch_start called for epoch 13
[DEBUG CollapseMonitor] reset_temporal_state() called on loss function
Epoch 13: val_loss=0.7725619077682495
Epoch 13: train_loss=0.9869084358215332

[CollapseMonitor] Epoch 13
  [DEBUG] Processed 8 batches from val_dataloader
  [DEBUG] Predictions shape after concat: (234,)
  Pred std: 0.027245, range: 0.096977, mean: 0.252678
  Pos: 100.0%, Neg: 0.0%, Unique: 233
  Dir Acc: 60.68%, Pred Sharpe: 147.2262
  Composite: 0.4875 (dist_match: 0.6068, actual_pos: 60.7%, pred_pos: 100.0%)
  Collapse penalty: 0.000000 (threshold: 0.005000)
  Saved validation predictions to: experiments/12b_feature_sweep/macro_heavy_weekly_7q_h1_enc8_s42/collapse_monitoring/val_predictions_epoch13.npy
  Gradient norms:
    lstm_encoder: 0.007131
    lstm_decoder: 0.006658
    output_layer: 0.319711
  VSN output std:
    encoder: 0.166765
  Attention entropy: 2.078150
  Saved to: experiments/12b_feature_sweep/macro_heavy_weekly_7q_h1_enc8_s42/collapse_monitoring/collapse_monitor_latest.json
[DEBUG CollapseMonitor] on_validation_epoch_start called for epoch 14
[DEBUG CollapseMonitor] reset_temporal_state() called on loss function
Epoch 14: val_loss=0.7700278759002686
Epoch 14: train_loss=0.974884033203125

[CollapseMonitor] Epoch 14
  [DEBUG] Processed 8 batches from val_dataloader
  [DEBUG] Predictions shape after concat: (234,)
  Pred std: 0.026184, range: 0.092825, mean: 0.252456
  Pos: 100.0%, Neg: 0.0%, Unique: 234
  Dir Acc: 60.68%, Pred Sharpe: 153.0555
  Composite: 0.4875 (dist_match: 0.6068, actual_pos: 60.7%, pred_pos: 100.0%)
  Collapse penalty: 0.000000 (threshold: 0.005000)
  Saved validation predictions to: experiments/12b_feature_sweep/macro_heavy_weekly_7q_h1_enc8_s42/collapse_monitoring/val_predictions_epoch14.npy
  Gradient norms:
    lstm_encoder: 0.007001
    lstm_decoder: 0.006420
    output_layer: 0.309764
  VSN output std:
    encoder: 0.165014
  Attention entropy: 2.077995
  Saved to: experiments/12b_feature_sweep/macro_heavy_weekly_7q_h1_enc8_s42/collapse_monitoring/collapse_monitor_latest.json
[DEBUG CollapseMonitor] on_validation_epoch_start called for epoch 15
[DEBUG CollapseMonitor] reset_temporal_state() called on loss function
Epoch 15: val_loss=0.7657930850982666
Epoch 15: train_loss=0.9721797108650208

[CollapseMonitor] Epoch 15
  [DEBUG] Processed 8 batches from val_dataloader
  [DEBUG] Predictions shape after concat: (234,)
  Pred std: 0.025305, range: 0.089766, mean: 0.275408
  Pos: 100.0%, Neg: 0.0%, Unique: 234
  Dir Acc: 60.68%, Pred Sharpe: 172.7678
  Composite: 0.4875 (dist_match: 0.6068, actual_pos: 60.7%, pred_pos: 100.0%)
  Collapse penalty: 0.000000 (threshold: 0.005000)
  Saved validation predictions to: experiments/12b_feature_sweep/macro_heavy_weekly_7q_h1_enc8_s42/collapse_monitoring/val_predictions_epoch15.npy
  Gradient norms:
    lstm_encoder: 0.006602
    lstm_decoder: 0.006136
    output_layer: 0.309591
  VSN output std:
    encoder: 0.163130
  Attention entropy: 2.077940
  Saved to: experiments/12b_feature_sweep/macro_heavy_weekly_7q_h1_enc8_s42/collapse_monitoring/collapse_monitor_latest.json
[DEBUG CollapseMonitor] on_validation_epoch_start called for epoch 16
[DEBUG CollapseMonitor] reset_temporal_state() called on loss function
Epoch 16: val_loss=0.7615548372268677
Epoch 16: train_loss=0.961983323097229

[CollapseMonitor] Epoch 16
  [DEBUG] Processed 8 batches from val_dataloader
  [DEBUG] Predictions shape after concat: (234,)
  Pred std: 0.025536, range: 0.090953, mean: 0.251056
  Pos: 100.0%, Neg: 0.0%, Unique: 234
  Dir Acc: 60.68%, Pred Sharpe: 156.0711
  Composite: 0.4875 (dist_match: 0.6068, actual_pos: 60.7%, pred_pos: 100.0%)
  Collapse penalty: 0.000000 (threshold: 0.005000)
  Saved validation predictions to: experiments/12b_feature_sweep/macro_heavy_weekly_7q_h1_enc8_s42/collapse_monitoring/val_predictions_epoch16.npy
  Gradient norms:
    lstm_encoder: 0.006658
    lstm_decoder: 0.006135
    output_layer: 0.311738
  VSN output std:
    encoder: 0.160202
  Attention entropy: 2.077920
  Saved to: experiments/12b_feature_sweep/macro_heavy_weekly_7q_h1_enc8_s42/collapse_monitoring/collapse_monitor_latest.json
[DEBUG CollapseMonitor] on_validation_epoch_start called for epoch 17
[DEBUG CollapseMonitor] reset_temporal_state() called on loss function
Epoch 17: val_loss=0.7603596448898315
Epoch 17: train_loss=0.9530723690986633

[CollapseMonitor] Epoch 17
  [DEBUG] Processed 8 batches from val_dataloader
  [DEBUG] Predictions shape after concat: (234,)
  Pred std: 0.024253, range: 0.087039, mean: 0.273993
  Pos: 100.0%, Neg: 0.0%, Unique: 234
  Dir Acc: 60.68%, Pred Sharpe: 179.3388
  Composite: 0.4875 (dist_match: 0.6068, actual_pos: 60.7%, pred_pos: 100.0%)
  Collapse penalty: 0.000000 (threshold: 0.005000)
  Saved validation predictions to: experiments/12b_feature_sweep/macro_heavy_weekly_7q_h1_enc8_s42/collapse_monitoring/val_predictions_epoch17.npy
  Gradient norms:
    lstm_encoder: 0.006796
    lstm_decoder: 0.006203
    output_layer: 0.310853
  VSN output std:
    encoder: 0.155860
  Attention entropy: 2.077536
  Saved to: experiments/12b_feature_sweep/macro_heavy_weekly_7q_h1_enc8_s42/collapse_monitoring/collapse_monitor_latest.json
[DEBUG CollapseMonitor] on_validation_epoch_start called for epoch 18
[DEBUG CollapseMonitor] reset_temporal_state() called on loss function
Epoch 18: val_loss=0.7586563229560852
Epoch 18: train_loss=0.9503059387207031

[CollapseMonitor] Epoch 18
  [DEBUG] Processed 8 batches from val_dataloader
  [DEBUG] Predictions shape after concat: (234,)
  Pred std: 0.022538, range: 0.082065, mean: 0.282337
  Pos: 100.0%, Neg: 0.0%, Unique: 232
  Dir Acc: 60.68%, Pred Sharpe: 198.8629
  Composite: 0.4875 (dist_match: 0.6068, actual_pos: 60.7%, pred_pos: 100.0%)
  Collapse penalty: 0.000000 (threshold: 0.005000)
  Saved validation predictions to: experiments/12b_feature_sweep/macro_heavy_weekly_7q_h1_enc8_s42/collapse_monitoring/val_predictions_epoch18.npy
  Gradient norms:
    lstm_encoder: 0.006974
    lstm_decoder: 0.006514
    output_layer: 0.296665
  VSN output std:
    encoder: 0.144783
  Attention entropy: 2.076583
  Saved to: experiments/12b_feature_sweep/macro_heavy_weekly_7q_h1_enc8_s42/collapse_monitoring/collapse_monitor_latest.json
[DEBUG CollapseMonitor] on_validation_epoch_start called for epoch 19
[DEBUG CollapseMonitor] reset_temporal_state() called on loss function
Epoch 19: val_loss=0.7547960877418518
Epoch 19: train_loss=0.9441940784454346

[CollapseMonitor] Epoch 19
  [DEBUG] Processed 8 batches from val_dataloader
  [DEBUG] Predictions shape after concat: (234,)
  Pred std: 0.019742, range: 0.073437, mean: 0.225271
  Pos: 100.0%, Neg: 0.0%, Unique: 234
  Dir Acc: 60.68%, Pred Sharpe: 181.1435
  Composite: 0.4875 (dist_match: 0.6068, actual_pos: 60.7%, pred_pos: 100.0%)
  Collapse penalty: 0.000000 (threshold: 0.005000)
  Saved validation predictions to: experiments/12b_feature_sweep/macro_heavy_weekly_7q_h1_enc8_s42/collapse_monitoring/val_predictions_epoch19.npy
  Gradient norms:
    lstm_encoder: 0.007284
    lstm_decoder: 0.006589
    output_layer: 0.303058
  VSN output std:
    encoder: 0.134295
  Attention entropy: 2.074291
  Saved to: experiments/12b_feature_sweep/macro_heavy_weekly_7q_h1_enc8_s42/collapse_monitoring/collapse_monitor_latest.json
[DEBUG CollapseMonitor] on_validation_epoch_start called for epoch 20
[DEBUG CollapseMonitor] reset_temporal_state() called on loss function
Epoch 20: val_loss=0.7522549629211426
Epoch 20: train_loss=0.9471675753593445

[CollapseMonitor] Epoch 20
  [DEBUG] Processed 8 batches from val_dataloader
  [DEBUG] Predictions shape after concat: (234,)
  Pred std: 0.015183, range: 0.057594, mean: 0.246095
  Pos: 100.0%, Neg: 0.0%, Unique: 234
  Dir Acc: 60.68%, Pred Sharpe: 257.3017
  Composite: 0.4875 (dist_match: 0.6068, actual_pos: 60.7%, pred_pos: 100.0%)
  Collapse penalty: 0.000000 (threshold: 0.005000)
  Saved validation predictions to: experiments/12b_feature_sweep/macro_heavy_weekly_7q_h1_enc8_s42/collapse_monitoring/val_predictions_epoch20.npy
  Gradient norms:
    lstm_encoder: 0.006993
    lstm_decoder: 0.005854
    output_layer: 0.271275
  VSN output std:
    encoder: 0.126362
  Attention entropy: 2.072030
  Saved to: experiments/12b_feature_sweep/macro_heavy_weekly_7q_h1_enc8_s42/collapse_monitoring/collapse_monitor_latest.json
[DEBUG CollapseMonitor] on_validation_epoch_start called for epoch 21
[DEBUG CollapseMonitor] reset_temporal_state() called on loss function
Epoch 21: val_loss=0.7498314380645752
Epoch 21: train_loss=0.9438239932060242

[CollapseMonitor] Epoch 21
  [DEBUG] Processed 8 batches from val_dataloader
  [DEBUG] Predictions shape after concat: (234,)
  Pred std: 0.010946, range: 0.046602, mean: 0.235836
  Pos: 100.0%, Neg: 0.0%, Unique: 232
  Dir Acc: 60.68%, Pred Sharpe: 342.0086
  Composite: 0.4875 (dist_match: 0.6068, actual_pos: 60.7%, pred_pos: 100.0%)
  Collapse penalty: 0.000000 (threshold: 0.005000)
  Saved validation predictions to: experiments/12b_feature_sweep/macro_heavy_weekly_7q_h1_enc8_s42/collapse_monitoring/val_predictions_epoch21.npy
  Gradient norms:
    lstm_encoder: 0.006485
    lstm_decoder: 0.005783
    output_layer: 0.284657
  VSN output std:
    encoder: 0.121926
  Attention entropy: 2.068434
  Saved to: experiments/12b_feature_sweep/macro_heavy_weekly_7q_h1_enc8_s42/collapse_monitoring/collapse_monitor_latest.json
[DEBUG CollapseMonitor] on_validation_epoch_start called for epoch 22
[DEBUG CollapseMonitor] reset_temporal_state() called on loss function
Epoch 22: val_loss=0.7474376559257507
Epoch 22: train_loss=0.928153395652771

[CollapseMonitor] Epoch 22
  [DEBUG] Processed 8 batches from val_dataloader
  [DEBUG] Predictions shape after concat: (234,)
  Pred std: 0.008864, range: 0.054448, mean: 0.233699
  Pos: 100.0%, Neg: 0.0%, Unique: 234
  Dir Acc: 60.68%, Pred Sharpe: 418.5431
  Composite: 0.4875 (dist_match: 0.6068, actual_pos: 60.7%, pred_pos: 100.0%)
  Collapse penalty: 0.000000 (threshold: 0.005000)
  Saved validation predictions to: experiments/12b_feature_sweep/macro_heavy_weekly_7q_h1_enc8_s42/collapse_monitoring/val_predictions_epoch22.npy
  Gradient norms:
    lstm_encoder: 0.006870
    lstm_decoder: 0.006130
    output_layer: 0.285932
  VSN output std:
    encoder: 0.118726
  Attention entropy: 2.063662
  Saved to: experiments/12b_feature_sweep/macro_heavy_weekly_7q_h1_enc8_s42/collapse_monitoring/collapse_monitor_latest.json
[DEBUG CollapseMonitor] on_validation_epoch_start called for epoch 23
[DEBUG CollapseMonitor] reset_temporal_state() called on loss function
Epoch 23: val_loss=0.7460692524909973
Epoch 23: train_loss=0.9365713000297546

[CollapseMonitor] Epoch 23
  [DEBUG] Processed 8 batches from val_dataloader
  [DEBUG] Predictions shape after concat: (234,)
  Pred std: 0.010096, range: 0.057390, mean: 0.255293
  Pos: 100.0%, Neg: 0.0%, Unique: 231
  Dir Acc: 60.68%, Pred Sharpe: 401.4172
  Composite: 0.4875 (dist_match: 0.6068, actual_pos: 60.7%, pred_pos: 100.0%)
  Collapse penalty: 0.000000 (threshold: 0.005000)
  Saved validation predictions to: experiments/12b_feature_sweep/macro_heavy_weekly_7q_h1_enc8_s42/collapse_monitoring/val_predictions_epoch23.npy
  Gradient norms:
    lstm_encoder: 0.007232
    lstm_decoder: 0.006481
    output_layer: 0.294596
  VSN output std:
    encoder: 0.126973
  Attention entropy: 2.062869
  Saved to: experiments/12b_feature_sweep/macro_heavy_weekly_7q_h1_enc8_s42/collapse_monitoring/collapse_monitor_latest.json
[DEBUG CollapseMonitor] on_validation_epoch_start called for epoch 24
[DEBUG CollapseMonitor] reset_temporal_state() called on loss function
Epoch 24: val_loss=0.7448770403862
Epoch 24: train_loss=0.9300654530525208

[CollapseMonitor] Epoch 24
  [DEBUG] Processed 8 batches from val_dataloader
  [DEBUG] Predictions shape after concat: (234,)
  Pred std: 0.013693, range: 0.070367, mean: 0.216287
  Pos: 100.0%, Neg: 0.0%, Unique: 234
  Dir Acc: 60.68%, Pred Sharpe: 250.7434
  Composite: 0.4875 (dist_match: 0.6068, actual_pos: 60.7%, pred_pos: 100.0%)
  Collapse penalty: 0.000000 (threshold: 0.005000)
  Saved validation predictions to: experiments/12b_feature_sweep/macro_heavy_weekly_7q_h1_enc8_s42/collapse_monitoring/val_predictions_epoch24.npy
  Gradient norms:
    lstm_encoder: 0.007060
    lstm_decoder: 0.006230
    output_layer: 0.278921
  VSN output std:
    encoder: 0.125303
  Attention entropy: 2.061632
  Saved to: experiments/12b_feature_sweep/macro_heavy_weekly_7q_h1_enc8_s42/collapse_monitoring/collapse_monitor_latest.json
[DEBUG CollapseMonitor] on_validation_epoch_start called for epoch 25
[DEBUG CollapseMonitor] reset_temporal_state() called on loss function
Epoch 25: val_loss=0.743549644947052
Epoch 25: train_loss=0.9369718432426453

[CollapseMonitor] Epoch 25
  [DEBUG] Processed 8 batches from val_dataloader
  [DEBUG] Predictions shape after concat: (234,)
  Pred std: 0.019204, range: 0.089020, mean: 0.215683
  Pos: 100.0%, Neg: 0.0%, Unique: 234
  Dir Acc: 60.68%, Pred Sharpe: 178.2874
  Composite: 0.4875 (dist_match: 0.6068, actual_pos: 60.7%, pred_pos: 100.0%)
  Collapse penalty: 0.000000 (threshold: 0.005000)
  Saved validation predictions to: experiments/12b_feature_sweep/macro_heavy_weekly_7q_h1_enc8_s42/collapse_monitoring/val_predictions_epoch25.npy
  Gradient norms:
    lstm_encoder: 0.007055
    lstm_decoder: 0.006145
    output_layer: 0.278351
  VSN output std:
    encoder: 0.120425
  Attention entropy: 2.059173
  Saved to: experiments/12b_feature_sweep/macro_heavy_weekly_7q_h1_enc8_s42/collapse_monitoring/collapse_monitor_latest.json
[DEBUG CollapseMonitor] on_validation_epoch_start called for epoch 26
[DEBUG CollapseMonitor] reset_temporal_state() called on loss function
Epoch 26: val_loss=0.741597056388855
Epoch 26: train_loss=0.9288316965103149

[CollapseMonitor] Epoch 26
  [DEBUG] Processed 8 batches from val_dataloader
  [DEBUG] Predictions shape after concat: (234,)
  Pred std: 0.022438, range: 0.096644, mean: 0.229963
  Pos: 100.0%, Neg: 0.0%, Unique: 231
  Dir Acc: 60.68%, Pred Sharpe: 162.6937
  Composite: 0.4875 (dist_match: 0.6068, actual_pos: 60.7%, pred_pos: 100.0%)
  Collapse penalty: 0.000000 (threshold: 0.005000)
  Saved validation predictions to: experiments/12b_feature_sweep/macro_heavy_weekly_7q_h1_enc8_s42/collapse_monitoring/val_predictions_epoch26.npy
  Gradient norms:
    lstm_encoder: 0.007502
    lstm_decoder: 0.006296
    output_layer: 0.266094
  VSN output std:
    encoder: 0.119317
  Attention entropy: 2.057054
  Saved to: experiments/12b_feature_sweep/macro_heavy_weekly_7q_h1_enc8_s42/collapse_monitoring/collapse_monitor_latest.json
[DEBUG CollapseMonitor] on_validation_epoch_start called for epoch 27
[DEBUG CollapseMonitor] reset_temporal_state() called on loss function
Epoch 27: val_loss=0.7401610016822815
Epoch 27: train_loss=0.9291660785675049

[CollapseMonitor] Epoch 27
  [DEBUG] Processed 8 batches from val_dataloader
  [DEBUG] Predictions shape after concat: (234,)
  Pred std: 0.025867, range: 0.106429, mean: 0.253803
  Pos: 100.0%, Neg: 0.0%, Unique: 233
  Dir Acc: 60.68%, Pred Sharpe: 155.7564
  Composite: 0.4875 (dist_match: 0.6068, actual_pos: 60.7%, pred_pos: 100.0%)
  Collapse penalty: 0.000000 (threshold: 0.005000)
  Saved validation predictions to: experiments/12b_feature_sweep/macro_heavy_weekly_7q_h1_enc8_s42/collapse_monitoring/val_predictions_epoch27.npy
  Gradient norms:
    lstm_encoder: 0.008192
    lstm_decoder: 0.006554
    output_layer: 0.304659
  VSN output std:
    encoder: 0.126618
  Attention entropy: 2.052293
  Saved to: experiments/12b_feature_sweep/macro_heavy_weekly_7q_h1_enc8_s42/collapse_monitoring/collapse_monitor_latest.json
[DEBUG CollapseMonitor] on_validation_epoch_start called for epoch 28
[DEBUG CollapseMonitor] reset_temporal_state() called on loss function
Epoch 28: val_loss=0.7389273643493652
Epoch 28: train_loss=0.9293909668922424

[CollapseMonitor] Epoch 28
  [DEBUG] Processed 8 batches from val_dataloader
  [DEBUG] Predictions shape after concat: (234,)
  Pred std: 0.028561, range: 0.115855, mean: 0.268440
  Pos: 100.0%, Neg: 0.0%, Unique: 234
  Dir Acc: 60.68%, Pred Sharpe: 149.1994
  Composite: 0.4875 (dist_match: 0.6068, actual_pos: 60.7%, pred_pos: 100.0%)
  Collapse penalty: 0.000000 (threshold: 0.005000)
  Saved validation predictions to: experiments/12b_feature_sweep/macro_heavy_weekly_7q_h1_enc8_s42/collapse_monitoring/val_predictions_epoch28.npy
  Gradient norms:
    lstm_encoder: 0.008293
    lstm_decoder: 0.006805
    output_layer: 0.279301
  VSN output std:
    encoder: 0.125218
  Attention entropy: 2.048327
  Saved to: experiments/12b_feature_sweep/macro_heavy_weekly_7q_h1_enc8_s42/collapse_monitoring/collapse_monitor_latest.json
[DEBUG CollapseMonitor] on_validation_epoch_start called for epoch 29
[DEBUG CollapseMonitor] reset_temporal_state() called on loss function
Epoch 29: val_loss=0.7384188771247864
Epoch 29: train_loss=0.9286665916442871

[CollapseMonitor] Epoch 29
  [DEBUG] Processed 8 batches from val_dataloader
  [DEBUG] Predictions shape after concat: (234,)
  Pred std: 0.029546, range: 0.115959, mean: 0.271435
  Pos: 100.0%, Neg: 0.0%, Unique: 231
  Dir Acc: 60.68%, Pred Sharpe: 145.8385
  Composite: 0.4875 (dist_match: 0.6068, actual_pos: 60.7%, pred_pos: 100.0%)
  Collapse penalty: 0.000000 (threshold: 0.005000)
  Saved validation predictions to: experiments/12b_feature_sweep/macro_heavy_weekly_7q_h1_enc8_s42/collapse_monitoring/val_predictions_epoch29.npy
  Gradient norms:
    lstm_encoder: 0.007670
    lstm_decoder: 0.006404
    output_layer: 0.290173
  VSN output std:
    encoder: 0.119914
  Attention entropy: 2.047637
  Saved to: experiments/12b_feature_sweep/macro_heavy_weekly_7q_h1_enc8_s42/collapse_monitoring/collapse_monitor_latest.json
[DEBUG CollapseMonitor] on_validation_epoch_start called for epoch 30
[DEBUG CollapseMonitor] reset_temporal_state() called on loss function
Epoch 30: val_loss=0.7383980751037598
Epoch 30: train_loss=0.9272665977478027

[CollapseMonitor] Epoch 30
  [DEBUG] Processed 8 batches from val_dataloader
  [DEBUG] Predictions shape after concat: (234,)
  Pred std: 0.031709, range: 0.122397, mean: 0.303191
  Pos: 100.0%, Neg: 0.0%, Unique: 233
  Dir Acc: 60.68%, Pred Sharpe: 151.7879
  Composite: 0.4875 (dist_match: 0.6068, actual_pos: 60.7%, pred_pos: 100.0%)
  Collapse penalty: 0.000000 (threshold: 0.005000)
  Saved validation predictions to: experiments/12b_feature_sweep/macro_heavy_weekly_7q_h1_enc8_s42/collapse_monitoring/val_predictions_epoch30.npy
  Gradient norms:
    lstm_encoder: 0.007994
    lstm_decoder: 0.006246
    output_layer: 0.270579
  VSN output std:
    encoder: 0.111968
  Attention entropy: 2.048668
  Saved to: experiments/12b_feature_sweep/macro_heavy_weekly_7q_h1_enc8_s42/collapse_monitoring/collapse_monitor_latest.json
[DEBUG CollapseMonitor] on_validation_epoch_start called for epoch 31
[DEBUG CollapseMonitor] reset_temporal_state() called on loss function
Epoch 31: val_loss=0.7391579151153564
Epoch 31: train_loss=0.9236100912094116

[CollapseMonitor] Epoch 31
  [DEBUG] Processed 8 batches from val_dataloader
  [DEBUG] Predictions shape after concat: (234,)
  Pred std: 0.032921, range: 0.128314, mean: 0.277496
  Pos: 100.0%, Neg: 0.0%, Unique: 232
  Dir Acc: 60.68%, Pred Sharpe: 133.8071
  Composite: 0.4875 (dist_match: 0.6068, actual_pos: 60.7%, pred_pos: 100.0%)
  Collapse penalty: 0.000000 (threshold: 0.005000)
  Saved validation predictions to: experiments/12b_feature_sweep/macro_heavy_weekly_7q_h1_enc8_s42/collapse_monitoring/val_predictions_epoch31.npy
  Gradient norms:
    lstm_encoder: 0.007984
    lstm_decoder: 0.006192
    output_layer: 0.274259
  VSN output std:
    encoder: 0.112118
  Attention entropy: 2.048747
  Saved to: experiments/12b_feature_sweep/macro_heavy_weekly_7q_h1_enc8_s42/collapse_monitoring/collapse_monitor_latest.json
[DEBUG CollapseMonitor] on_validation_epoch_start called for epoch 32
[DEBUG CollapseMonitor] reset_temporal_state() called on loss function
Epoch 32: val_loss=0.7382278442382812
Epoch 32: train_loss=0.9190805554389954

[CollapseMonitor] Epoch 32
  [DEBUG] Processed 8 batches from val_dataloader
  [DEBUG] Predictions shape after concat: (234,)
  Pred std: 0.031682, range: 0.123964, mean: 0.306565
  Pos: 100.0%, Neg: 0.0%, Unique: 232
  Dir Acc: 60.68%, Pred Sharpe: 153.6066
  Composite: 0.4875 (dist_match: 0.6068, actual_pos: 60.7%, pred_pos: 100.0%)
  Collapse penalty: 0.000000 (threshold: 0.005000)
  Saved validation predictions to: experiments/12b_feature_sweep/macro_heavy_weekly_7q_h1_enc8_s42/collapse_monitoring/val_predictions_epoch32.npy
  Gradient norms:
    lstm_encoder: 0.008266
    lstm_decoder: 0.006642
    output_layer: 0.282298
  VSN output std:
    encoder: 0.115519
  Attention entropy: 2.043343
  Saved to: experiments/12b_feature_sweep/macro_heavy_weekly_7q_h1_enc8_s42/collapse_monitoring/collapse_monitor_latest.json
[DEBUG CollapseMonitor] on_validation_epoch_start called for epoch 33
[DEBUG CollapseMonitor] reset_temporal_state() called on loss function
Epoch 33: val_loss=0.7370845675468445
Epoch 33: train_loss=0.9202196002006531

[CollapseMonitor] Epoch 33
  [DEBUG] Processed 8 batches from val_dataloader
  [DEBUG] Predictions shape after concat: (234,)
  Pred std: 0.034373, range: 0.132088, mean: 0.284899
  Pos: 100.0%, Neg: 0.0%, Unique: 234
  Dir Acc: 60.68%, Pred Sharpe: 131.5759
  Composite: 0.4875 (dist_match: 0.6068, actual_pos: 60.7%, pred_pos: 100.0%)
  Collapse penalty: 0.000000 (threshold: 0.005000)
  Saved validation predictions to: experiments/12b_feature_sweep/macro_heavy_weekly_7q_h1_enc8_s42/collapse_monitoring/val_predictions_epoch33.npy
  Gradient norms:
    lstm_encoder: 0.008145
    lstm_decoder: 0.006570
    output_layer: 0.273340
  VSN output std:
    encoder: 0.118445
  Attention entropy: 2.033769
  Saved to: experiments/12b_feature_sweep/macro_heavy_weekly_7q_h1_enc8_s42/collapse_monitoring/collapse_monitor_latest.json
[DEBUG CollapseMonitor] on_validation_epoch_start called for epoch 34
[DEBUG CollapseMonitor] reset_temporal_state() called on loss function
Epoch 34: val_loss=0.739148736000061
Epoch 34: train_loss=0.917224109172821

[CollapseMonitor] Epoch 34
  [DEBUG] Processed 8 batches from val_dataloader
  [DEBUG] Predictions shape after concat: (234,)
  Pred std: 0.033640, range: 0.130551, mean: 0.270512
  Pos: 100.0%, Neg: 0.0%, Unique: 233
  Dir Acc: 60.68%, Pred Sharpe: 127.6520
  Composite: 0.4875 (dist_match: 0.6068, actual_pos: 60.7%, pred_pos: 100.0%)
  Collapse penalty: 0.000000 (threshold: 0.005000)
  Saved validation predictions to: experiments/12b_feature_sweep/macro_heavy_weekly_7q_h1_enc8_s42/collapse_monitoring/val_predictions_epoch34.npy
  Gradient norms:
    lstm_encoder: 0.008689
    lstm_decoder: 0.006668
    output_layer: 0.294370
  VSN output std:
    encoder: 0.122806
  Attention entropy: 2.039989
  Saved to: experiments/12b_feature_sweep/macro_heavy_weekly_7q_h1_enc8_s42/collapse_monitoring/collapse_monitor_latest.json
[DEBUG CollapseMonitor] on_validation_epoch_start called for epoch 35
[DEBUG CollapseMonitor] reset_temporal_state() called on loss function
Epoch 35: val_loss=0.7364756464958191
Epoch 35: train_loss=0.9128839373588562

[CollapseMonitor] Epoch 35
  [DEBUG] Processed 8 batches from val_dataloader
  [DEBUG] Predictions shape after concat: (234,)
  Pred std: 0.031334, range: 0.120060, mean: 0.271247
  Pos: 100.0%, Neg: 0.0%, Unique: 234
  Dir Acc: 60.68%, Pred Sharpe: 137.4183
  Composite: 0.4875 (dist_match: 0.6068, actual_pos: 60.7%, pred_pos: 100.0%)
  Collapse penalty: 0.000000 (threshold: 0.005000)
  Saved validation predictions to: experiments/12b_feature_sweep/macro_heavy_weekly_7q_h1_enc8_s42/collapse_monitoring/val_predictions_epoch35.npy
  Gradient norms:
    lstm_encoder: 0.009068
    lstm_decoder: 0.007035
    output_layer: 0.274175
  VSN output std:
    encoder: 0.128177
  Attention entropy: 2.029072
  Saved to: experiments/12b_feature_sweep/macro_heavy_weekly_7q_h1_enc8_s42/collapse_monitoring/collapse_monitor_latest.json
[DEBUG CollapseMonitor] on_validation_epoch_start called for epoch 36
[DEBUG CollapseMonitor] reset_temporal_state() called on loss function
Epoch 36: val_loss=0.7393935322761536
Epoch 36: train_loss=0.9075813293457031

[CollapseMonitor] Epoch 36
  [DEBUG] Processed 8 batches from val_dataloader
  [DEBUG] Predictions shape after concat: (234,)
  Pred std: 0.042585, range: 0.154633, mean: 0.262164
  Pos: 100.0%, Neg: 0.0%, Unique: 233
  Dir Acc: 60.68%, Pred Sharpe: 97.7269
  Composite: 0.4875 (dist_match: 0.6068, actual_pos: 60.7%, pred_pos: 100.0%)
  Collapse penalty: 0.000000 (threshold: 0.005000)
  Saved validation predictions to: experiments/12b_feature_sweep/macro_heavy_weekly_7q_h1_enc8_s42/collapse_monitoring/val_predictions_epoch36.npy
  Gradient norms:
    lstm_encoder: 0.009382
    lstm_decoder: 0.007362
    output_layer: 0.286843
  VSN output std:
    encoder: 0.113137
  Attention entropy: 2.034363
  Saved to: experiments/12b_feature_sweep/macro_heavy_weekly_7q_h1_enc8_s42/collapse_monitoring/collapse_monitor_latest.json
[DEBUG CollapseMonitor] on_validation_epoch_start called for epoch 37
[DEBUG CollapseMonitor] reset_temporal_state() called on loss function
Epoch 37: val_loss=0.7345143556594849
Epoch 37: train_loss=0.9137259125709534

[CollapseMonitor] Epoch 37
  [DEBUG] Processed 8 batches from val_dataloader
  [DEBUG] Predictions shape after concat: (234,)
  Pred std: 0.042046, range: 0.149841, mean: 0.267033
  Pos: 100.0%, Neg: 0.0%, Unique: 233
  Dir Acc: 60.68%, Pred Sharpe: 100.8175
  Composite: 0.4875 (dist_match: 0.6068, actual_pos: 60.7%, pred_pos: 100.0%)
  Collapse penalty: 0.000000 (threshold: 0.005000)
  Saved validation predictions to: experiments/12b_feature_sweep/macro_heavy_weekly_7q_h1_enc8_s42/collapse_monitoring/val_predictions_epoch37.npy
  Gradient norms:
    lstm_encoder: 0.008462
    lstm_decoder: 0.006686
    output_layer: 0.277724
  VSN output std:
    encoder: 0.106476
  Attention entropy: 2.008137
  Saved to: experiments/12b_feature_sweep/macro_heavy_weekly_7q_h1_enc8_s42/collapse_monitoring/collapse_monitor_latest.json
[DEBUG CollapseMonitor] on_validation_epoch_start called for epoch 38
[DEBUG CollapseMonitor] reset_temporal_state() called on loss function
Epoch 38: val_loss=0.7345513701438904
Epoch 38: train_loss=0.9076488018035889

[CollapseMonitor] Epoch 38
  [DEBUG] Processed 8 batches from val_dataloader
  [DEBUG] Predictions shape after concat: (234,)
  Pred std: 0.043675, range: 0.146108, mean: 0.295374
  Pos: 100.0%, Neg: 0.0%, Unique: 232
  Dir Acc: 60.68%, Pred Sharpe: 107.3603
  Composite: 0.4875 (dist_match: 0.6068, actual_pos: 60.7%, pred_pos: 100.0%)
  Collapse penalty: 0.000000 (threshold: 0.005000)
  Saved validation predictions to: experiments/12b_feature_sweep/macro_heavy_weekly_7q_h1_enc8_s42/collapse_monitoring/val_predictions_epoch38.npy
  Gradient norms:
    lstm_encoder: 0.009789
    lstm_decoder: 0.007258
    output_layer: 0.289470
  VSN output std:
    encoder: 0.111007
  Attention entropy: 2.005942
  Saved to: experiments/12b_feature_sweep/macro_heavy_weekly_7q_h1_enc8_s42/collapse_monitoring/collapse_monitor_latest.json
[DEBUG CollapseMonitor] on_validation_epoch_start called for epoch 39
[DEBUG CollapseMonitor] reset_temporal_state() called on loss function
Epoch 39: val_loss=0.7360650300979614
Epoch 39: train_loss=0.913482666015625

[CollapseMonitor] Epoch 39
  [DEBUG] Processed 8 batches from val_dataloader
  [DEBUG] Predictions shape after concat: (234,)
  Pred std: 0.039967, range: 0.140163, mean: 0.257409
  Pos: 100.0%, Neg: 0.0%, Unique: 234
  Dir Acc: 60.68%, Pred Sharpe: 102.2409
  Composite: 0.4875 (dist_match: 0.6068, actual_pos: 60.7%, pred_pos: 100.0%)
  Collapse penalty: 0.000000 (threshold: 0.005000)
  Saved validation predictions to: experiments/12b_feature_sweep/macro_heavy_weekly_7q_h1_enc8_s42/collapse_monitoring/val_predictions_epoch39.npy
  Gradient norms:
    lstm_encoder: 0.009286
    lstm_decoder: 0.006871
    output_layer: 0.261237
  VSN output std:
    encoder: 0.110744
  Attention entropy: 2.010943
  Saved to: experiments/12b_feature_sweep/macro_heavy_weekly_7q_h1_enc8_s42/collapse_monitoring/collapse_monitor_latest.json
[DEBUG CollapseMonitor] on_validation_epoch_start called for epoch 40
[DEBUG CollapseMonitor] reset_temporal_state() called on loss function
Epoch 40: val_loss=0.737173318862915
Epoch 40: train_loss=0.9126871228218079

[CollapseMonitor] Epoch 40
  [DEBUG] Processed 8 batches from val_dataloader
  [DEBUG] Predictions shape after concat: (234,)
  Pred std: 0.042031, range: 0.154888, mean: 0.289000
  Pos: 100.0%, Neg: 0.0%, Unique: 232
  Dir Acc: 60.68%, Pred Sharpe: 109.1511
  Composite: 0.4875 (dist_match: 0.6068, actual_pos: 60.7%, pred_pos: 100.0%)
  Collapse penalty: 0.000000 (threshold: 0.005000)
  Saved validation predictions to: experiments/12b_feature_sweep/macro_heavy_weekly_7q_h1_enc8_s42/collapse_monitoring/val_predictions_epoch40.npy
  Gradient norms:
    lstm_encoder: 0.009614
    lstm_decoder: 0.007388
    output_layer: 0.290054
  VSN output std:
    encoder: 0.117445
  Attention entropy: 2.010338
  Saved to: experiments/12b_feature_sweep/macro_heavy_weekly_7q_h1_enc8_s42/collapse_monitoring/collapse_monitor_latest.json
[DEBUG CollapseMonitor] on_validation_epoch_start called for epoch 41
[DEBUG CollapseMonitor] reset_temporal_state() called on loss function
Epoch 41: val_loss=0.7385112643241882
Epoch 41: train_loss=0.9067885875701904

[CollapseMonitor] Epoch 41
  [DEBUG] Processed 8 batches from val_dataloader
  [DEBUG] Predictions shape after concat: (234,)
  Pred std: 0.044412, range: 0.166337, mean: 0.322142
  Pos: 100.0%, Neg: 0.0%, Unique: 233
  Dir Acc: 60.68%, Pred Sharpe: 115.1464
  Composite: 0.4875 (dist_match: 0.6068, actual_pos: 60.7%, pred_pos: 100.0%)
  Collapse penalty: 0.000000 (threshold: 0.005000)
  Saved validation predictions to: experiments/12b_feature_sweep/macro_heavy_weekly_7q_h1_enc8_s42/collapse_monitoring/val_predictions_epoch41.npy
  Gradient norms:
    lstm_encoder: 0.009476
    lstm_decoder: 0.007489
    output_layer: 0.271437
  VSN output std:
    encoder: 0.125735
  Attention entropy: 2.004677
  Saved to: experiments/12b_feature_sweep/macro_heavy_weekly_7q_h1_enc8_s42/collapse_monitoring/collapse_monitor_latest.json
[DEBUG CollapseMonitor] on_validation_epoch_start called for epoch 42
[DEBUG CollapseMonitor] reset_temporal_state() called on loss function
Epoch 42: val_loss=0.7394202351570129
Epoch 42: train_loss=0.9094775319099426

[CollapseMonitor] Epoch 42
  [DEBUG] Processed 8 batches from val_dataloader
  [DEBUG] Predictions shape after concat: (234,)
  Pred std: 0.041559, range: 0.159950, mean: 0.308395
  Pos: 100.0%, Neg: 0.0%, Unique: 234
  Dir Acc: 60.68%, Pred Sharpe: 117.7992
  Composite: 0.4875 (dist_match: 0.6068, actual_pos: 60.7%, pred_pos: 100.0%)
  Collapse penalty: 0.000000 (threshold: 0.005000)
  Saved validation predictions to: experiments/12b_feature_sweep/macro_heavy_weekly_7q_h1_enc8_s42/collapse_monitoring/val_predictions_epoch42.npy
  Gradient norms:
    lstm_encoder: 0.010074
    lstm_decoder: 0.007119
    output_layer: 0.278136
  VSN output std:
    encoder: 0.132045
  Attention entropy: 2.000391
  Saved to: experiments/12b_feature_sweep/macro_heavy_weekly_7q_h1_enc8_s42/collapse_monitoring/collapse_monitor_latest.json
[DEBUG CollapseMonitor] on_validation_epoch_start called for epoch 43
[DEBUG CollapseMonitor] reset_temporal_state() called on loss function
Epoch 43: val_loss=0.739954948425293
Epoch 43: train_loss=0.9060708284378052

[CollapseMonitor] Epoch 43
  [DEBUG] Processed 8 batches from val_dataloader
  [DEBUG] Predictions shape after concat: (234,)
  Pred std: 0.040861, range: 0.160961, mean: 0.283602
  Pos: 100.0%, Neg: 0.0%, Unique: 234
  Dir Acc: 60.68%, Pred Sharpe: 110.1806
  Composite: 0.4875 (dist_match: 0.6068, actual_pos: 60.7%, pred_pos: 100.0%)
  Collapse penalty: 0.000000 (threshold: 0.005000)
  Saved validation predictions to: experiments/12b_feature_sweep/macro_heavy_weekly_7q_h1_enc8_s42/collapse_monitoring/val_predictions_epoch43.npy
  Gradient norms:
    lstm_encoder: 0.009987
    lstm_decoder: 0.007394
    output_layer: 0.275172
  VSN output std:
    encoder: 0.131938
  Attention entropy: 2.008688
  Saved to: experiments/12b_feature_sweep/macro_heavy_weekly_7q_h1_enc8_s42/collapse_monitoring/collapse_monitor_latest.json
[DEBUG CollapseMonitor] on_validation_epoch_start called for epoch 44
[DEBUG CollapseMonitor] reset_temporal_state() called on loss function
Epoch 44: val_loss=0.7406370639801025
Epoch 44: train_loss=0.9029212594032288

[CollapseMonitor] Epoch 44
  [DEBUG] Processed 8 batches from val_dataloader
  [DEBUG] Predictions shape after concat: (234,)
  Pred std: 0.041823, range: 0.165601, mean: 0.275340
  Pos: 100.0%, Neg: 0.0%, Unique: 233
  Dir Acc: 60.68%, Pred Sharpe: 104.5085
  Composite: 0.4875 (dist_match: 0.6068, actual_pos: 60.7%, pred_pos: 100.0%)
  Collapse penalty: 0.000000 (threshold: 0.005000)
  Saved validation predictions to: experiments/12b_feature_sweep/macro_heavy_weekly_7q_h1_enc8_s42/collapse_monitoring/val_predictions_epoch44.npy
  Gradient norms:
    lstm_encoder: 0.010629
    lstm_decoder: 0.007644
    output_layer: 0.283054
  VSN output std:
    encoder: 0.134445
  Attention entropy: 2.008934
  Saved to: experiments/12b_feature_sweep/macro_heavy_weekly_7q_h1_enc8_s42/collapse_monitoring/collapse_monitor_latest.json
[DEBUG CollapseMonitor] on_validation_epoch_start called for epoch 45
[DEBUG CollapseMonitor] reset_temporal_state() called on loss function
Epoch 45: val_loss=0.7410876154899597
Epoch 45: train_loss=0.9088909029960632

[CollapseMonitor] Epoch 45
  [DEBUG] Processed 8 batches from val_dataloader
  [DEBUG] Predictions shape after concat: (234,)
  Pred std: 0.043164, range: 0.171227, mean: 0.294336
  Pos: 100.0%, Neg: 0.0%, Unique: 234
  Dir Acc: 60.68%, Pred Sharpe: 108.2497
  Composite: 0.4875 (dist_match: 0.6068, actual_pos: 60.7%, pred_pos: 100.0%)
  Collapse penalty: 0.000000 (threshold: 0.005000)
  Saved validation predictions to: experiments/12b_feature_sweep/macro_heavy_weekly_7q_h1_enc8_s42/collapse_monitoring/val_predictions_epoch45.npy
  Gradient norms:
    lstm_encoder: 0.010182
    lstm_decoder: 0.007372
    output_layer: 0.261428
  VSN output std:
    encoder: 0.136767
  Attention entropy: 2.012296
  Saved to: experiments/12b_feature_sweep/macro_heavy_weekly_7q_h1_enc8_s42/collapse_monitoring/collapse_monitor_latest.json
[DEBUG CollapseMonitor] on_validation_epoch_start called for epoch 46
[DEBUG CollapseMonitor] reset_temporal_state() called on loss function
Epoch 46: val_loss=0.741036057472229
Epoch 46: train_loss=0.9077337980270386

[CollapseMonitor] Epoch 46
  [DEBUG] Processed 8 batches from val_dataloader
  [DEBUG] Predictions shape after concat: (234,)
  Pred std: 0.039219, range: 0.160157, mean: 0.295843
  Pos: 100.0%, Neg: 0.0%, Unique: 234
  Dir Acc: 60.68%, Pred Sharpe: 119.7466
  Composite: 0.4875 (dist_match: 0.6068, actual_pos: 60.7%, pred_pos: 100.0%)
  Collapse penalty: 0.000000 (threshold: 0.005000)
  Saved validation predictions to: experiments/12b_feature_sweep/macro_heavy_weekly_7q_h1_enc8_s42/collapse_monitoring/val_predictions_epoch46.npy
  Gradient norms:
    lstm_encoder: 0.010729
    lstm_decoder: 0.007828
    output_layer: 0.272976
  VSN output std:
    encoder: 0.132551
  Attention entropy: 2.010611
  Saved to: experiments/12b_feature_sweep/macro_heavy_weekly_7q_h1_enc8_s42/collapse_monitoring/collapse_monitor_latest.json
[DEBUG CollapseMonitor] on_validation_epoch_start called for epoch 47
[DEBUG CollapseMonitor] reset_temporal_state() called on loss function
Epoch 47: val_loss=0.7416678667068481
Epoch 47: train_loss=0.9031489491462708

[CollapseMonitor] Epoch 47
  [DEBUG] Processed 8 batches from val_dataloader
  [DEBUG] Predictions shape after concat: (234,)
  Pred std: 0.037255, range: 0.155360, mean: 0.313525
  Pos: 100.0%, Neg: 0.0%, Unique: 233
  Dir Acc: 60.68%, Pred Sharpe: 133.5942
  Composite: 0.4875 (dist_match: 0.6068, actual_pos: 60.7%, pred_pos: 100.0%)
  Collapse penalty: 0.000000 (threshold: 0.005000)
  Saved validation predictions to: experiments/12b_feature_sweep/macro_heavy_weekly_7q_h1_enc8_s42/collapse_monitoring/val_predictions_epoch47.npy
  Gradient norms:
    lstm_encoder: 0.010308
    lstm_decoder: 0.007183
    output_layer: 0.280257
  VSN output std:
    encoder: 0.131943
  Attention entropy: 2.015297
  Saved to: experiments/12b_feature_sweep/macro_heavy_weekly_7q_h1_enc8_s42/collapse_monitoring/collapse_monitor_latest.json
[DEBUG CollapseMonitor] on_validation_epoch_start called for epoch 48
[DEBUG CollapseMonitor] reset_temporal_state() called on loss function
Epoch 48: val_loss=0.74198317527771
Epoch 48: train_loss=0.9042652249336243

[CollapseMonitor] Epoch 48
  [DEBUG] Processed 8 batches from val_dataloader
  [DEBUG] Predictions shape after concat: (234,)
  Pred std: 0.038119, range: 0.158491, mean: 0.313047
  Pos: 100.0%, Neg: 0.0%, Unique: 234
  Dir Acc: 60.68%, Pred Sharpe: 130.3662
  Composite: 0.4875 (dist_match: 0.6068, actual_pos: 60.7%, pred_pos: 100.0%)
  Collapse penalty: 0.000000 (threshold: 0.005000)
  Saved validation predictions to: experiments/12b_feature_sweep/macro_heavy_weekly_7q_h1_enc8_s42/collapse_monitoring/val_predictions_epoch48.npy
  Gradient norms:
    lstm_encoder: 0.009879
    lstm_decoder: 0.007269
    output_layer: 0.267140
  VSN output std:
    encoder: 0.132969
  Attention entropy: 2.013078
  Saved to: experiments/12b_feature_sweep/macro_heavy_weekly_7q_h1_enc8_s42/collapse_monitoring/collapse_monitor_latest.json
[DEBUG CollapseMonitor] on_validation_epoch_start called for epoch 49
[DEBUG CollapseMonitor] reset_temporal_state() called on loss function
Epoch 49: val_loss=0.7423214316368103
Epoch 49: train_loss=0.9033106565475464

[CollapseMonitor] Epoch 49
  [DEBUG] Processed 8 batches from val_dataloader
  [DEBUG] Predictions shape after concat: (234,)
  Pred std: 0.036431, range: 0.151694, mean: 0.279975
  Pos: 100.0%, Neg: 0.0%, Unique: 232
  Dir Acc: 60.68%, Pred Sharpe: 121.9968
  Composite: 0.4875 (dist_match: 0.6068, actual_pos: 60.7%, pred_pos: 100.0%)
  Collapse penalty: 0.000000 (threshold: 0.005000)
  Saved validation predictions to: experiments/12b_feature_sweep/macro_heavy_weekly_7q_h1_enc8_s42/collapse_monitoring/val_predictions_epoch49.npy
  Gradient norms:
    lstm_encoder: 0.009459
    lstm_decoder: 0.007066
    output_layer: 0.287831
  VSN output std:
    encoder: 0.129373
  Attention entropy: 2.014351
  Saved to: experiments/12b_feature_sweep/macro_heavy_weekly_7q_h1_enc8_s42/collapse_monitoring/collapse_monitor_latest.json
[DEBUG CollapseMonitor] on_validation_epoch_start called for epoch 50
[DEBUG CollapseMonitor] reset_temporal_state() called on loss function
Epoch 50: val_loss=0.7427871823310852
Epoch 50: train_loss=0.9015765190124512

[CollapseMonitor] Epoch 50
  [DEBUG] Processed 8 batches from val_dataloader
  [DEBUG] Predictions shape after concat: (234,)
  Pred std: 0.036803, range: 0.152546, mean: 0.302162
  Pos: 100.0%, Neg: 0.0%, Unique: 233
  Dir Acc: 60.68%, Pred Sharpe: 130.3335
  Composite: 0.4875 (dist_match: 0.6068, actual_pos: 60.7%, pred_pos: 100.0%)
  Collapse penalty: 0.000000 (threshold: 0.005000)
  Saved validation predictions to: experiments/12b_feature_sweep/macro_heavy_weekly_7q_h1_enc8_s42/collapse_monitoring/val_predictions_epoch50.npy
  Gradient norms:
    lstm_encoder: 0.010702
    lstm_decoder: 0.008055
    output_layer: 0.282097
  VSN output std:
    encoder: 0.129027
  Attention entropy: 2.013023
  Saved to: experiments/12b_feature_sweep/macro_heavy_weekly_7q_h1_enc8_s42/collapse_monitoring/collapse_monitor_latest.json
[DEBUG CollapseMonitor] on_validation_epoch_start called for epoch 51
[DEBUG CollapseMonitor] reset_temporal_state() called on loss function
Epoch 51: val_loss=0.7425587177276611
Epoch 51: train_loss=0.9044386148452759

[CollapseMonitor] Epoch 51
  [DEBUG] Processed 8 batches from val_dataloader
  [DEBUG] Predictions shape after concat: (234,)
  Pred std: 0.035352, range: 0.145432, mean: 0.286119
  Pos: 100.0%, Neg: 0.0%, Unique: 233
  Dir Acc: 60.68%, Pred Sharpe: 128.4784
  Composite: 0.4875 (dist_match: 0.6068, actual_pos: 60.7%, pred_pos: 100.0%)
  Collapse penalty: 0.000000 (threshold: 0.005000)
  Saved validation predictions to: experiments/12b_feature_sweep/macro_heavy_weekly_7q_h1_enc8_s42/collapse_monitoring/val_predictions_epoch51.npy
  Gradient norms:
    lstm_encoder: 0.010610
    lstm_decoder: 0.007879
    output_layer: 0.284431
  VSN output std:
    encoder: 0.127034
  Attention entropy: 2.004312
  Saved to: experiments/12b_feature_sweep/macro_heavy_weekly_7q_h1_enc8_s42/collapse_monitoring/collapse_monitor_latest.json
[DEBUG CollapseMonitor] on_validation_epoch_start called for epoch 52
[DEBUG CollapseMonitor] reset_temporal_state() called on loss function
Epoch 52: val_loss=0.7424944639205933
Epoch 52: train_loss=0.9057214856147766

[CollapseMonitor] Epoch 52
  [DEBUG] Processed 8 batches from val_dataloader
  [DEBUG] Predictions shape after concat: (234,)
  Pred std: 0.036528, range: 0.149484, mean: 0.278688
  Pos: 100.0%, Neg: 0.0%, Unique: 234
  Dir Acc: 60.68%, Pred Sharpe: 121.1126
  Composite: 0.4875 (dist_match: 0.6068, actual_pos: 60.7%, pred_pos: 100.0%)
  Collapse penalty: 0.000000 (threshold: 0.005000)
  Saved validation predictions to: experiments/12b_feature_sweep/macro_heavy_weekly_7q_h1_enc8_s42/collapse_monitoring/val_predictions_epoch52.npy
  Gradient norms:
    lstm_encoder: 0.010795
    lstm_decoder: 0.007752
    output_layer: 0.259285
  VSN output std:
    encoder: 0.123703
  Attention entropy: 2.004010
  Saved to: experiments/12b_feature_sweep/macro_heavy_weekly_7q_h1_enc8_s42/collapse_monitoring/collapse_monitor_latest.json
[DEBUG CollapseMonitor] on_validation_epoch_start called for epoch 53
[DEBUG CollapseMonitor] reset_temporal_state() called on loss function
Epoch 53: val_loss=0.7425373792648315
Epoch 53: train_loss=0.9000630378723145

[CollapseMonitor] Epoch 53
  [DEBUG] Processed 8 batches from val_dataloader
  [DEBUG] Predictions shape after concat: (234,)
  Pred std: 0.036739, range: 0.150999, mean: 0.279174
  Pos: 100.0%, Neg: 0.0%, Unique: 232
  Dir Acc: 60.68%, Pred Sharpe: 120.6269
  Composite: 0.4875 (dist_match: 0.6068, actual_pos: 60.7%, pred_pos: 100.0%)
  Collapse penalty: 0.000000 (threshold: 0.005000)
  Saved validation predictions to: experiments/12b_feature_sweep/macro_heavy_weekly_7q_h1_enc8_s42/collapse_monitoring/val_predictions_epoch53.npy
  Gradient norms:
    lstm_encoder: 0.010549
    lstm_decoder: 0.007512
    output_layer: 0.286126
  VSN output std:
    encoder: 0.122944
  Attention entropy: 2.004945
  Saved to: experiments/12b_feature_sweep/macro_heavy_weekly_7q_h1_enc8_s42/collapse_monitoring/collapse_monitor_latest.json
[DEBUG CollapseMonitor] on_validation_epoch_start called for epoch 54
[DEBUG CollapseMonitor] reset_temporal_state() called on loss function
Epoch 54: val_loss=0.742883026599884
Epoch 54: train_loss=0.9009089469909668

[CollapseMonitor] Epoch 54
  [DEBUG] Processed 8 batches from val_dataloader
  [DEBUG] Predictions shape after concat: (234,)
  Pred std: 0.037072, range: 0.153938, mean: 0.271542
  Pos: 100.0%, Neg: 0.0%, Unique: 233
  Dir Acc: 60.68%, Pred Sharpe: 116.2766
  Composite: 0.4875 (dist_match: 0.6068, actual_pos: 60.7%, pred_pos: 100.0%)
  Collapse penalty: 0.000000 (threshold: 0.005000)
  Saved validation predictions to: experiments/12b_feature_sweep/macro_heavy_weekly_7q_h1_enc8_s42/collapse_monitoring/val_predictions_epoch54.npy
  Gradient norms:
    lstm_encoder: 0.010426
    lstm_decoder: 0.007465
    output_layer: 0.263948
  VSN output std:
    encoder: 0.118771
  Attention entropy: 2.011034
  Saved to: experiments/12b_feature_sweep/macro_heavy_weekly_7q_h1_enc8_s42/collapse_monitoring/collapse_monitor_latest.json
[DEBUG CollapseMonitor] on_validation_epoch_start called for epoch 55
[DEBUG CollapseMonitor] reset_temporal_state() called on loss function
Epoch 55: val_loss=0.7423825263977051
Epoch 55: train_loss=0.9043400287628174

[CollapseMonitor] Epoch 55
  [DEBUG] Processed 8 batches from val_dataloader
  [DEBUG] Predictions shape after concat: (234,)
  Pred std: 0.033711, range: 0.142256, mean: 0.277520
  Pos: 100.0%, Neg: 0.0%, Unique: 233
  Dir Acc: 60.68%, Pred Sharpe: 130.6837
  Composite: 0.4875 (dist_match: 0.6068, actual_pos: 60.7%, pred_pos: 100.0%)
  Collapse penalty: 0.000000 (threshold: 0.005000)
  Saved validation predictions to: experiments/12b_feature_sweep/macro_heavy_weekly_7q_h1_enc8_s42/collapse_monitoring/val_predictions_epoch55.npy
  Gradient norms:
    lstm_encoder: 0.010843
    lstm_decoder: 0.007874
    output_layer: 0.298568
  VSN output std:
    encoder: 0.117976
  Attention entropy: 2.009206
  Saved to: experiments/12b_feature_sweep/macro_heavy_weekly_7q_h1_enc8_s42/collapse_monitoring/collapse_monitor_latest.json
[DEBUG CollapseMonitor] on_validation_epoch_start called for epoch 56
[DEBUG CollapseMonitor] reset_temporal_state() called on loss function
Epoch 56: val_loss=0.7423474788665771
Epoch 56: train_loss=0.9023492932319641

[CollapseMonitor] Epoch 56
  [DEBUG] Processed 8 batches from val_dataloader
  [DEBUG] Predictions shape after concat: (234,)
  Pred std: 0.034140, range: 0.143918, mean: 0.275460
  Pos: 100.0%, Neg: 0.0%, Unique: 233
  Dir Acc: 60.68%, Pred Sharpe: 128.0829
  Composite: 0.4875 (dist_match: 0.6068, actual_pos: 60.7%, pred_pos: 100.0%)
  Collapse penalty: 0.000000 (threshold: 0.005000)
  Saved validation predictions to: experiments/12b_feature_sweep/macro_heavy_weekly_7q_h1_enc8_s42/collapse_monitoring/val_predictions_epoch56.npy
  Gradient norms:
    lstm_encoder: 0.010339
    lstm_decoder: 0.007684
    output_layer: 0.257296
  VSN output std:
    encoder: 0.117512
  Attention entropy: 2.010966
  Saved to: experiments/12b_feature_sweep/macro_heavy_weekly_7q_h1_enc8_s42/collapse_monitoring/collapse_monitor_latest.json
[DEBUG CollapseMonitor] on_validation_epoch_start called for epoch 57
[DEBUG CollapseMonitor] reset_temporal_state() called on loss function
Epoch 57: val_loss=0.742415189743042
Epoch 57: train_loss=0.900765597820282

[CollapseMonitor] Epoch 57
  [DEBUG] Processed 8 batches from val_dataloader
  [DEBUG] Predictions shape after concat: (234,)
  Pred std: 0.033048, range: 0.139808, mean: 0.281618
  Pos: 100.0%, Neg: 0.0%, Unique: 234
  Dir Acc: 60.68%, Pred Sharpe: 135.2743
  Composite: 0.4875 (dist_match: 0.6068, actual_pos: 60.7%, pred_pos: 100.0%)
  Collapse penalty: 0.000000 (threshold: 0.005000)
  Saved validation predictions to: experiments/12b_feature_sweep/macro_heavy_weekly_7q_h1_enc8_s42/collapse_monitoring/val_predictions_epoch57.npy
  Gradient norms:
    lstm_encoder: 0.012108
    lstm_decoder: 0.008444
    output_layer: 0.280526
  VSN output std:
    encoder: 0.118601
  Attention entropy: 2.008766
  Saved to: experiments/12b_feature_sweep/macro_heavy_weekly_7q_h1_enc8_s42/collapse_monitoring/collapse_monitor_latest.json
[DEBUG CollapseMonitor] on_validation_epoch_start called for epoch 58
[DEBUG CollapseMonitor] reset_temporal_state() called on loss function
Epoch 58: val_loss=0.7424272298812866
Epoch 58: train_loss=0.9007905721664429

[CollapseMonitor] Epoch 58
  [DEBUG] Processed 8 batches from val_dataloader
  [DEBUG] Predictions shape after concat: (234,)
  Pred std: 0.034268, range: 0.143521, mean: 0.283305
  Pos: 100.0%, Neg: 0.0%, Unique: 234
  Dir Acc: 60.68%, Pred Sharpe: 131.2382
  Composite: 0.4875 (dist_match: 0.6068, actual_pos: 60.7%, pred_pos: 100.0%)
  Collapse penalty: 0.000000 (threshold: 0.005000)
  Saved validation predictions to: experiments/12b_feature_sweep/macro_heavy_weekly_7q_h1_enc8_s42/collapse_monitoring/val_predictions_epoch58.npy
  Gradient norms:
    lstm_encoder: 0.011264
    lstm_decoder: 0.008710
    output_layer: 0.295817
  VSN output std:
    encoder: 0.119961
  Attention entropy: 2.007121
  Saved to: experiments/12b_feature_sweep/macro_heavy_weekly_7q_h1_enc8_s42/collapse_monitoring/collapse_monitor_latest.json
[DEBUG CollapseMonitor] on_validation_epoch_start called for epoch 59
[DEBUG CollapseMonitor] reset_temporal_state() called on loss function
Epoch 59: val_loss=0.742664635181427
Epoch 59: train_loss=0.9009970426559448

[CollapseMonitor] Epoch 59
  [DEBUG] Processed 8 batches from val_dataloader
  [DEBUG] Predictions shape after concat: (234,)
  Pred std: 0.034697, range: 0.144903, mean: 0.276175
  Pos: 100.0%, Neg: 0.0%, Unique: 233
  Dir Acc: 60.68%, Pred Sharpe: 126.3555
  Composite: 0.4875 (dist_match: 0.6068, actual_pos: 60.7%, pred_pos: 100.0%)
  Collapse penalty: 0.000000 (threshold: 0.005000)
  Saved validation predictions to: experiments/12b_feature_sweep/macro_heavy_weekly_7q_h1_enc8_s42/collapse_monitoring/val_predictions_epoch59.npy
  Gradient norms:
    lstm_encoder: 0.011715
    lstm_decoder: 0.009000
    output_layer: 0.307795
  VSN output std:
    encoder: 0.122172
  Attention entropy: 2.006176
  Saved to: experiments/12b_feature_sweep/macro_heavy_weekly_7q_h1_enc8_s42/collapse_monitoring/collapse_monitor_latest.json
[DEBUG CollapseMonitor] on_validation_epoch_start called for epoch 60
[DEBUG CollapseMonitor] reset_temporal_state() called on loss function
Epoch 60: val_loss=0.7433640956878662
Epoch 60: train_loss=0.9047622680664062

[CollapseMonitor] Epoch 60
  [DEBUG] Processed 8 batches from val_dataloader
  [DEBUG] Predictions shape after concat: (234,)
  Pred std: 0.037589, range: 0.156411, mean: 0.278207
  Pos: 100.0%, Neg: 0.0%, Unique: 232
  Dir Acc: 60.68%, Pred Sharpe: 117.4932
  Composite: 0.4875 (dist_match: 0.6068, actual_pos: 60.7%, pred_pos: 100.0%)
  Collapse penalty: 0.000000 (threshold: 0.005000)
  Saved validation predictions to: experiments/12b_feature_sweep/macro_heavy_weekly_7q_h1_enc8_s42/collapse_monitoring/val_predictions_epoch60.npy
  Gradient norms:
    lstm_encoder: 0.011514
    lstm_decoder: 0.008208
    output_layer: 0.288661
  VSN output std:
    encoder: 0.122245
  Attention entropy: 2.009572
  Saved to: experiments/12b_feature_sweep/macro_heavy_weekly_7q_h1_enc8_s42/collapse_monitoring/collapse_monitor_latest.json
[DEBUG CollapseMonitor] on_validation_epoch_start called for epoch 61
[DEBUG CollapseMonitor] reset_temporal_state() called on loss function
Epoch 61: val_loss=0.7432742714881897
Epoch 61: train_loss=0.8999117016792297

[CollapseMonitor] Epoch 61
  [DEBUG] Processed 8 batches from val_dataloader
  [DEBUG] Predictions shape after concat: (234,)
  Pred std: 0.037772, range: 0.156757, mean: 0.277037
  Pos: 100.0%, Neg: 0.0%, Unique: 233
  Dir Acc: 60.68%, Pred Sharpe: 116.4321
  Composite: 0.4875 (dist_match: 0.6068, actual_pos: 60.7%, pred_pos: 100.0%)
  Collapse penalty: 0.000000 (threshold: 0.005000)
  Saved validation predictions to: experiments/12b_feature_sweep/macro_heavy_weekly_7q_h1_enc8_s42/collapse_monitoring/val_predictions_epoch61.npy
  Gradient norms:
    lstm_encoder: 0.011235
    lstm_decoder: 0.008165
    output_layer: 0.276674
  VSN output std:
    encoder: 0.122902
  Attention entropy: 2.008074
  Saved to: experiments/12b_feature_sweep/macro_heavy_weekly_7q_h1_enc8_s42/collapse_monitoring/collapse_monitor_latest.json
[DEBUG CollapseMonitor] on_validation_epoch_start called for epoch 62
[DEBUG CollapseMonitor] reset_temporal_state() called on loss function
Epoch 62: val_loss=0.7428857684135437
Epoch 62: train_loss=0.9040847420692444

[CollapseMonitor] Epoch 62
  [DEBUG] Processed 8 batches from val_dataloader
  [DEBUG] Predictions shape after concat: (234,)
  Pred std: 0.037223, range: 0.154302, mean: 0.274823
  Pos: 100.0%, Neg: 0.0%, Unique: 233
  Dir Acc: 60.68%, Pred Sharpe: 117.2025
  Composite: 0.4875 (dist_match: 0.6068, actual_pos: 60.7%, pred_pos: 100.0%)
  Collapse penalty: 0.000000 (threshold: 0.005000)
  Saved validation predictions to: experiments/12b_feature_sweep/macro_heavy_weekly_7q_h1_enc8_s42/collapse_monitoring/val_predictions_epoch62.npy
  Gradient norms:
    lstm_encoder: 0.011274
    lstm_decoder: 0.007957
    output_layer: 0.299713
  VSN output std:
    encoder: 0.124068
  Attention entropy: 2.006415
  Saved to: experiments/12b_feature_sweep/macro_heavy_weekly_7q_h1_enc8_s42/collapse_monitoring/collapse_monitor_latest.json
[DEBUG CollapseMonitor] on_validation_epoch_start called for epoch 63
[DEBUG CollapseMonitor] reset_temporal_state() called on loss function
Epoch 63: val_loss=0.7429774403572083
Epoch 63: train_loss=0.9024407267570496

[CollapseMonitor] Epoch 63
  [DEBUG] Processed 8 batches from val_dataloader
  [DEBUG] Predictions shape after concat: (234,)
  Pred std: 0.038934, range: 0.160462, mean: 0.268719
  Pos: 100.0%, Neg: 0.0%, Unique: 233
  Dir Acc: 60.68%, Pred Sharpe: 109.5632
  Composite: 0.4875 (dist_match: 0.6068, actual_pos: 60.7%, pred_pos: 100.0%)
  Collapse penalty: 0.000000 (threshold: 0.005000)
  Saved validation predictions to: experiments/12b_feature_sweep/macro_heavy_weekly_7q_h1_enc8_s42/collapse_monitoring/val_predictions_epoch63.npy
  Gradient norms:
    lstm_encoder: 0.011437
    lstm_decoder: 0.008252
    output_layer: 0.264553
  VSN output std:
    encoder: 0.122868
  Attention entropy: 2.008109
  Saved to: experiments/12b_feature_sweep/macro_heavy_weekly_7q_h1_enc8_s42/collapse_monitoring/collapse_monitor_latest.json
[DEBUG CollapseMonitor] on_validation_epoch_start called for epoch 64
[DEBUG CollapseMonitor] reset_temporal_state() called on loss function
Epoch 64: val_loss=0.7431329488754272
Epoch 64: train_loss=0.9006792306900024

[CollapseMonitor] Epoch 64
  [DEBUG] Processed 8 batches from val_dataloader
  [DEBUG] Predictions shape after concat: (234,)
  Pred std: 0.038962, range: 0.161515, mean: 0.272175
  Pos: 100.0%, Neg: 0.0%, Unique: 234
  Dir Acc: 60.68%, Pred Sharpe: 110.8943
  Composite: 0.4875 (dist_match: 0.6068, actual_pos: 60.7%, pred_pos: 100.0%)
  Collapse penalty: 0.000000 (threshold: 0.005000)
  Saved validation predictions to: experiments/12b_feature_sweep/macro_heavy_weekly_7q_h1_enc8_s42/collapse_monitoring/val_predictions_epoch64.npy
  Gradient norms:
    lstm_encoder: 0.010849
    lstm_decoder: 0.007608
    output_layer: 0.257847
  VSN output std:
    encoder: 0.122111
  Attention entropy: 2.009680
  Saved to: experiments/12b_feature_sweep/macro_heavy_weekly_7q_h1_enc8_s42/collapse_monitoring/collapse_monitor_latest.json
[DEBUG CollapseMonitor] on_validation_epoch_start called for epoch 65
[DEBUG CollapseMonitor] reset_temporal_state() called on loss function
Epoch 65: val_loss=0.7431728839874268
Epoch 65: train_loss=0.8949188590049744

[CollapseMonitor] Epoch 65
  [DEBUG] Processed 8 batches from val_dataloader
  [DEBUG] Predictions shape after concat: (234,)
  Pred std: 0.038705, range: 0.161121, mean: 0.268344
  Pos: 100.0%, Neg: 0.0%, Unique: 232
  Dir Acc: 60.68%, Pred Sharpe: 110.0577
  Composite: 0.4875 (dist_match: 0.6068, actual_pos: 60.7%, pred_pos: 100.0%)
  Collapse penalty: 0.000000 (threshold: 0.005000)
  Saved validation predictions to: experiments/12b_feature_sweep/macro_heavy_weekly_7q_h1_enc8_s42/collapse_monitoring/val_predictions_epoch65.npy
  Gradient norms:
    lstm_encoder: 0.011123
    lstm_decoder: 0.008052
    output_layer: 0.276498
  VSN output std:
    encoder: 0.121247
  Attention entropy: 2.009827
  Saved to: experiments/12b_feature_sweep/macro_heavy_weekly_7q_h1_enc8_s42/collapse_monitoring/collapse_monitor_latest.json
[DEBUG CollapseMonitor] on_validation_epoch_start called for epoch 66
[DEBUG CollapseMonitor] reset_temporal_state() called on loss function
Epoch 66: val_loss=0.7431909441947937
Epoch 66: train_loss=0.9017935395240784

[CollapseMonitor] Epoch 66
  [DEBUG] Processed 8 batches from val_dataloader
  [DEBUG] Predictions shape after concat: (234,)
  Pred std: 0.039431, range: 0.164600, mean: 0.273133
  Pos: 100.0%, Neg: 0.0%, Unique: 234
  Dir Acc: 60.68%, Pred Sharpe: 109.9603
  Composite: 0.4875 (dist_match: 0.6068, actual_pos: 60.7%, pred_pos: 100.0%)
  Collapse penalty: 0.000000 (threshold: 0.005000)
  Saved validation predictions to: experiments/12b_feature_sweep/macro_heavy_weekly_7q_h1_enc8_s42/collapse_monitoring/val_predictions_epoch66.npy
  Gradient norms:
    lstm_encoder: 0.011303
    lstm_decoder: 0.008231
    output_layer: 0.249409
  VSN output std:
    encoder: 0.120189
  Attention entropy: 2.011187
  Saved to: experiments/12b_feature_sweep/macro_heavy_weekly_7q_h1_enc8_s42/collapse_monitoring/collapse_monitor_latest.json
[DEBUG CollapseMonitor] on_validation_epoch_start called for epoch 67
[DEBUG CollapseMonitor] reset_temporal_state() called on loss function
Epoch 67: val_loss=0.7429919242858887
Epoch 67: train_loss=0.9020698070526123

[CollapseMonitor] Epoch 67
  [DEBUG] Processed 8 batches from val_dataloader
  [DEBUG] Predictions shape after concat: (234,)
  Pred std: 0.038915, range: 0.162789, mean: 0.269821
  Pos: 100.0%, Neg: 0.0%, Unique: 233
  Dir Acc: 60.68%, Pred Sharpe: 110.0678
  Composite: 0.4875 (dist_match: 0.6068, actual_pos: 60.7%, pred_pos: 100.0%)
  Collapse penalty: 0.000000 (threshold: 0.005000)
  Saved validation predictions to: experiments/12b_feature_sweep/macro_heavy_weekly_7q_h1_enc8_s42/collapse_monitoring/val_predictions_epoch67.npy
  Gradient norms:
    lstm_encoder: 0.011599
    lstm_decoder: 0.008634
    output_layer: 0.295069
  VSN output std:
    encoder: 0.119678
  Attention entropy: 2.009886
  Saved to: experiments/12b_feature_sweep/macro_heavy_weekly_7q_h1_enc8_s42/collapse_monitoring/collapse_monitor_latest.json
[DEBUG CollapseMonitor] on_validation_epoch_start called for epoch 68
[DEBUG CollapseMonitor] reset_temporal_state() called on loss function
Epoch 68: val_loss=0.7429420948028564
Epoch 68: train_loss=0.899882972240448

[CollapseMonitor] Epoch 68
  [DEBUG] Processed 8 batches from val_dataloader
  [DEBUG] Predictions shape after concat: (234,)
  Pred std: 0.038343, range: 0.161780, mean: 0.277528
  Pos: 100.0%, Neg: 0.0%, Unique: 232
  Dir Acc: 60.68%, Pred Sharpe: 114.9014
  Composite: 0.4875 (dist_match: 0.6068, actual_pos: 60.7%, pred_pos: 100.0%)
  Collapse penalty: 0.000000 (threshold: 0.005000)
  Saved validation predictions to: experiments/12b_feature_sweep/macro_heavy_weekly_7q_h1_enc8_s42/collapse_monitoring/val_predictions_epoch68.npy
  Gradient norms:
    lstm_encoder: 0.011236
    lstm_decoder: 0.008685
    output_layer: 0.267230
  VSN output std:
    encoder: 0.118584
  Attention entropy: 2.010584
  Saved to: experiments/12b_feature_sweep/macro_heavy_weekly_7q_h1_enc8_s42/collapse_monitoring/collapse_monitor_latest.json
[DEBUG CollapseMonitor] on_validation_epoch_start called for epoch 69
[DEBUG CollapseMonitor] reset_temporal_state() called on loss function
Epoch 69: val_loss=0.7432426810264587
Epoch 69: train_loss=0.9028531312942505

[CollapseMonitor] Epoch 69
  [DEBUG] Processed 8 batches from val_dataloader
  [DEBUG] Predictions shape after concat: (234,)
  Pred std: 0.039140, range: 0.165535, mean: 0.278219
  Pos: 100.0%, Neg: 0.0%, Unique: 234
  Dir Acc: 60.68%, Pred Sharpe: 112.8418
  Composite: 0.4875 (dist_match: 0.6068, actual_pos: 60.7%, pred_pos: 100.0%)
  Collapse penalty: 0.000000 (threshold: 0.005000)
  Saved validation predictions to: experiments/12b_feature_sweep/macro_heavy_weekly_7q_h1_enc8_s42/collapse_monitoring/val_predictions_epoch69.npy
  Gradient norms:
    lstm_encoder: 0.010538
    lstm_decoder: 0.007722
    output_layer: 0.256521
  VSN output std:
    encoder: 0.118395
  Attention entropy: 2.012322
  Saved to: experiments/12b_feature_sweep/macro_heavy_weekly_7q_h1_enc8_s42/collapse_monitoring/collapse_monitor_latest.json
[DEBUG CollapseMonitor] on_validation_epoch_start called for epoch 70
[DEBUG CollapseMonitor] reset_temporal_state() called on loss function
Epoch 70: val_loss=0.7433180809020996
Epoch 70: train_loss=0.9061052203178406

[CollapseMonitor] Epoch 70
  [DEBUG] Processed 8 batches from val_dataloader
  [DEBUG] Predictions shape after concat: (234,)
  Pred std: 0.039388, range: 0.166472, mean: 0.280909
  Pos: 100.0%, Neg: 0.0%, Unique: 232
  Dir Acc: 60.68%, Pred Sharpe: 113.2159
  Composite: 0.4875 (dist_match: 0.6068, actual_pos: 60.7%, pred_pos: 100.0%)
  Collapse penalty: 0.000000 (threshold: 0.005000)
  Saved validation predictions to: experiments/12b_feature_sweep/macro_heavy_weekly_7q_h1_enc8_s42/collapse_monitoring/val_predictions_epoch70.npy
  Gradient norms:
    lstm_encoder: 0.012290
    lstm_decoder: 0.008823
    output_layer: 0.289352
  VSN output std:
    encoder: 0.118453
  Attention entropy: 2.011970
  Saved to: experiments/12b_feature_sweep/macro_heavy_weekly_7q_h1_enc8_s42/collapse_monitoring/collapse_monitor_latest.json
[DEBUG CollapseMonitor] on_validation_epoch_start called for epoch 71
[DEBUG CollapseMonitor] reset_temporal_state() called on loss function
Epoch 71: val_loss=0.7432511448860168
Epoch 71: train_loss=0.902657687664032

[CollapseMonitor] Epoch 71
  [DEBUG] Processed 8 batches from val_dataloader
  [DEBUG] Predictions shape after concat: (234,)
  Pred std: 0.039159, range: 0.165639, mean: 0.282146
  Pos: 100.0%, Neg: 0.0%, Unique: 232
  Dir Acc: 60.68%, Pred Sharpe: 114.3777
  Composite: 0.4875 (dist_match: 0.6068, actual_pos: 60.7%, pred_pos: 100.0%)
  Collapse penalty: 0.000000 (threshold: 0.005000)
  Saved validation predictions to: experiments/12b_feature_sweep/macro_heavy_weekly_7q_h1_enc8_s42/collapse_monitoring/val_predictions_epoch71.npy
  Gradient norms:
    lstm_encoder: 0.012096
    lstm_decoder: 0.008762
    output_layer: 0.283741
  VSN output std:
    encoder: 0.118332
  Attention entropy: 2.011214
  Saved to: experiments/12b_feature_sweep/macro_heavy_weekly_7q_h1_enc8_s42/collapse_monitoring/collapse_monitor_latest.json
[DEBUG CollapseMonitor] on_validation_epoch_start called for epoch 72
[DEBUG CollapseMonitor] reset_temporal_state() called on loss function
Epoch 72: val_loss=0.7432298064231873
Epoch 72: train_loss=0.9003424644470215

[CollapseMonitor] Epoch 72
  [DEBUG] Processed 8 batches from val_dataloader
  [DEBUG] Predictions shape after concat: (234,)
  Pred std: 0.039490, range: 0.166607, mean: 0.281878
  Pos: 100.0%, Neg: 0.0%, Unique: 232
  Dir Acc: 60.68%, Pred Sharpe: 113.3122
  Composite: 0.4875 (dist_match: 0.6068, actual_pos: 60.7%, pred_pos: 100.0%)
  Collapse penalty: 0.000000 (threshold: 0.005000)
  Saved validation predictions to: experiments/12b_feature_sweep/macro_heavy_weekly_7q_h1_enc8_s42/collapse_monitoring/val_predictions_epoch72.npy
  Gradient norms:
    lstm_encoder: 0.011418
    lstm_decoder: 0.008183
    output_layer: 0.261175
  VSN output std:
    encoder: 0.118709
  Attention entropy: 2.010622
  Saved to: experiments/12b_feature_sweep/macro_heavy_weekly_7q_h1_enc8_s42/collapse_monitoring/collapse_monitor_latest.json
[DEBUG CollapseMonitor] on_validation_epoch_start called for epoch 73
[DEBUG CollapseMonitor] reset_temporal_state() called on loss function
Epoch 73: val_loss=0.7432692050933838
Epoch 73: train_loss=0.9003476500511169

[CollapseMonitor] Epoch 73
  [DEBUG] Processed 8 batches from val_dataloader
  [DEBUG] Predictions shape after concat: (234,)
  Pred std: 0.039992, range: 0.168280, mean: 0.279760
  Pos: 100.0%, Neg: 0.0%, Unique: 232
  Dir Acc: 60.68%, Pred Sharpe: 111.0473
  Composite: 0.4875 (dist_match: 0.6068, actual_pos: 60.7%, pred_pos: 100.0%)
  Collapse penalty: 0.000000 (threshold: 0.005000)
  Saved validation predictions to: experiments/12b_feature_sweep/macro_heavy_weekly_7q_h1_enc8_s42/collapse_monitoring/val_predictions_epoch73.npy
  Gradient norms:
    lstm_encoder: 0.011591
    lstm_decoder: 0.008154
    output_layer: 0.272357
  VSN output std:
    encoder: 0.119186
  Attention entropy: 2.010515
  Saved to: experiments/12b_feature_sweep/macro_heavy_weekly_7q_h1_enc8_s42/collapse_monitoring/collapse_monitor_latest.json
[DEBUG CollapseMonitor] on_validation_epoch_start called for epoch 74
[DEBUG CollapseMonitor] reset_temporal_state() called on loss function
Epoch 74: val_loss=0.7433062791824341
Epoch 74: train_loss=0.9041857719421387

[CollapseMonitor] Epoch 74
  [DEBUG] Processed 8 batches from val_dataloader
  [DEBUG] Predictions shape after concat: (234,)
  Pred std: 0.040067, range: 0.168659, mean: 0.278052
  Pos: 100.0%, Neg: 0.0%, Unique: 233
  Dir Acc: 60.68%, Pred Sharpe: 110.1642
  Composite: 0.4875 (dist_match: 0.6068, actual_pos: 60.7%, pred_pos: 100.0%)
  Collapse penalty: 0.000000 (threshold: 0.005000)
  Saved validation predictions to: experiments/12b_feature_sweep/macro_heavy_weekly_7q_h1_enc8_s42/collapse_monitoring/val_predictions_epoch74.npy
  Gradient norms:
    lstm_encoder: 0.011246
    lstm_decoder: 0.008413
    output_layer: 0.307520
  VSN output std:
    encoder: 0.118811
  Attention entropy: 2.010410
  Saved to: experiments/12b_feature_sweep/macro_heavy_weekly_7q_h1_enc8_s42/collapse_monitoring/collapse_monitor_latest.json
[DEBUG CollapseMonitor] on_validation_epoch_start called for epoch 75
[DEBUG CollapseMonitor] reset_temporal_state() called on loss function
Epoch 75: val_loss=0.7433131337165833
Epoch 75: train_loss=0.8996471762657166

[CollapseMonitor] Epoch 75
  [DEBUG] Processed 8 batches from val_dataloader
  [DEBUG] Predictions shape after concat: (234,)
  Pred std: 0.040430, range: 0.169971, mean: 0.279272
  Pos: 100.0%, Neg: 0.0%, Unique: 232
  Dir Acc: 60.68%, Pred Sharpe: 109.6528
  Composite: 0.4875 (dist_match: 0.6068, actual_pos: 60.7%, pred_pos: 100.0%)
  Collapse penalty: 0.000000 (threshold: 0.005000)
  Saved validation predictions to: experiments/12b_feature_sweep/macro_heavy_weekly_7q_h1_enc8_s42/collapse_monitoring/val_predictions_epoch75.npy
  Gradient norms:
    lstm_encoder: 0.011007
    lstm_decoder: 0.008235
    output_layer: 0.270480
  VSN output std:
    encoder: 0.118631
  Attention entropy: 2.009911
  Saved to: experiments/12b_feature_sweep/macro_heavy_weekly_7q_h1_enc8_s42/collapse_monitoring/collapse_monitor_latest.json
[DEBUG CollapseMonitor] on_validation_epoch_start called for epoch 76
[DEBUG CollapseMonitor] reset_temporal_state() called on loss function
Epoch 76: val_loss=0.743327796459198
Epoch 76: train_loss=0.9011062979698181

[CollapseMonitor] Epoch 76
  [DEBUG] Processed 8 batches from val_dataloader
  [DEBUG] Predictions shape after concat: (234,)
  Pred std: 0.040706, range: 0.170838, mean: 0.280189
  Pos: 100.0%, Neg: 0.0%, Unique: 232
  Dir Acc: 60.68%, Pred Sharpe: 109.2683
  Composite: 0.4875 (dist_match: 0.6068, actual_pos: 60.7%, pred_pos: 100.0%)
  Collapse penalty: 0.000000 (threshold: 0.005000)
  Saved validation predictions to: experiments/12b_feature_sweep/macro_heavy_weekly_7q_h1_enc8_s42/collapse_monitoring/val_predictions_epoch76.npy
  Gradient norms:
    lstm_encoder: 0.011506
    lstm_decoder: 0.008466
    output_layer: 0.309875
  VSN output std:
    encoder: 0.118667
  Attention entropy: 2.009196
  Saved to: experiments/12b_feature_sweep/macro_heavy_weekly_7q_h1_enc8_s42/collapse_monitoring/collapse_monitor_latest.json
[DEBUG CollapseMonitor] on_validation_epoch_start called for epoch 77
[DEBUG CollapseMonitor] reset_temporal_state() called on loss function
Epoch 77: val_loss=0.7432339787483215
Epoch 77: train_loss=0.8981582522392273

[CollapseMonitor] Epoch 77
  [DEBUG] Processed 8 batches from val_dataloader
  [DEBUG] Predictions shape after concat: (234,)
  Pred std: 0.040845, range: 0.171156, mean: 0.281124
  Pos: 100.0%, Neg: 0.0%, Unique: 234
  Dir Acc: 60.68%, Pred Sharpe: 109.2598
  Composite: 0.4875 (dist_match: 0.6068, actual_pos: 60.7%, pred_pos: 100.0%)
  Collapse penalty: 0.000000 (threshold: 0.005000)
  Saved validation predictions to: experiments/12b_feature_sweep/macro_heavy_weekly_7q_h1_enc8_s42/collapse_monitoring/val_predictions_epoch77.npy
  Gradient norms:
    lstm_encoder: 0.012440
    lstm_decoder: 0.008249
    output_layer: 0.252744
  VSN output std:
    encoder: 0.118773
  Attention entropy: 2.008601
  Saved to: experiments/12b_feature_sweep/macro_heavy_weekly_7q_h1_enc8_s42/collapse_monitoring/collapse_monitor_latest.json
[DEBUG CollapseMonitor] on_validation_epoch_start called for epoch 78
[DEBUG CollapseMonitor] reset_temporal_state() called on loss function
Epoch 78: val_loss=0.7432568669319153
Epoch 78: train_loss=0.8967195749282837

[CollapseMonitor] Epoch 78
  [DEBUG] Processed 8 batches from val_dataloader
  [DEBUG] Predictions shape after concat: (234,)
  Pred std: 0.040876, range: 0.171312, mean: 0.280107
  Pos: 100.0%, Neg: 0.0%, Unique: 234
  Dir Acc: 60.68%, Pred Sharpe: 108.7806
  Composite: 0.4875 (dist_match: 0.6068, actual_pos: 60.7%, pred_pos: 100.0%)
  Collapse penalty: 0.000000 (threshold: 0.005000)
  Saved validation predictions to: experiments/12b_feature_sweep/macro_heavy_weekly_7q_h1_enc8_s42/collapse_monitoring/val_predictions_epoch78.npy
  Gradient norms:
    lstm_encoder: 0.011661
    lstm_decoder: 0.008037
    output_layer: 0.276751
  VSN output std:
    encoder: 0.118628
  Attention entropy: 2.008411
  Saved to: experiments/12b_feature_sweep/macro_heavy_weekly_7q_h1_enc8_s42/collapse_monitoring/collapse_monitor_latest.json
[DEBUG CollapseMonitor] on_validation_epoch_start called for epoch 79
[DEBUG CollapseMonitor] reset_temporal_state() called on loss function
Epoch 79: val_loss=0.7433215379714966
Epoch 79: train_loss=0.8982714414596558

[CollapseMonitor] Epoch 79
  [DEBUG] Processed 8 batches from val_dataloader
  [DEBUG] Predictions shape after concat: (234,)
  Pred std: 0.041062, range: 0.172173, mean: 0.279748
  Pos: 100.0%, Neg: 0.0%, Unique: 231
  Dir Acc: 60.68%, Pred Sharpe: 108.1509
  Composite: 0.4875 (dist_match: 0.6068, actual_pos: 60.7%, pred_pos: 100.0%)
  Collapse penalty: 0.000000 (threshold: 0.005000)
  Saved validation predictions to: experiments/12b_feature_sweep/macro_heavy_weekly_7q_h1_enc8_s42/collapse_monitoring/val_predictions_epoch79.npy
  Gradient norms:
    lstm_encoder: 0.011012
    lstm_decoder: 0.007943
    output_layer: 0.248924
  VSN output std:
    encoder: 0.118457
  Attention entropy: 2.008960
  Saved to: experiments/12b_feature_sweep/macro_heavy_weekly_7q_h1_enc8_s42/collapse_monitoring/collapse_monitor_latest.json
[DEBUG CollapseMonitor] on_validation_epoch_start called for epoch 80
[DEBUG CollapseMonitor] reset_temporal_state() called on loss function
Epoch 80: val_loss=0.7433741092681885
Epoch 80: train_loss=0.9030349850654602

[CollapseMonitor] Epoch 80
  [DEBUG] Processed 8 batches from val_dataloader
  [DEBUG] Predictions shape after concat: (234,)
  Pred std: 0.041241, range: 0.172954, mean: 0.279354
  Pos: 100.0%, Neg: 0.0%, Unique: 232
  Dir Acc: 60.68%, Pred Sharpe: 107.5297
  Composite: 0.4875 (dist_match: 0.6068, actual_pos: 60.7%, pred_pos: 100.0%)
  Collapse penalty: 0.000000 (threshold: 0.005000)
  Saved validation predictions to: experiments/12b_feature_sweep/macro_heavy_weekly_7q_h1_enc8_s42/collapse_monitoring/val_predictions_epoch80.npy
  Gradient norms:
    lstm_encoder: 0.011504
    lstm_decoder: 0.008900
    output_layer: 0.278143
  VSN output std:
    encoder: 0.118382
  Attention entropy: 2.009396
  Saved to: experiments/12b_feature_sweep/macro_heavy_weekly_7q_h1_enc8_s42/collapse_monitoring/collapse_monitor_latest.json
[DEBUG CollapseMonitor] on_validation_epoch_start called for epoch 81
[DEBUG CollapseMonitor] reset_temporal_state() called on loss function
Epoch 81: val_loss=0.7433712482452393
Epoch 81: train_loss=0.8988720774650574

[CollapseMonitor] Epoch 81
  [DEBUG] Processed 8 batches from val_dataloader
  [DEBUG] Predictions shape after concat: (234,)
  Pred std: 0.041527, range: 0.174009, mean: 0.279235
  Pos: 100.0%, Neg: 0.0%, Unique: 234
  Dir Acc: 60.68%, Pred Sharpe: 106.7427
  Composite: 0.4875 (dist_match: 0.6068, actual_pos: 60.7%, pred_pos: 100.0%)
  Collapse penalty: 0.000000 (threshold: 0.005000)
  Saved validation predictions to: experiments/12b_feature_sweep/macro_heavy_weekly_7q_h1_enc8_s42/collapse_monitoring/val_predictions_epoch81.npy
  Gradient norms:
    lstm_encoder: 0.010821
    lstm_decoder: 0.007944
    output_layer: 0.270554
  VSN output std:
    encoder: 0.118133
  Attention entropy: 2.009410
  Saved to: experiments/12b_feature_sweep/macro_heavy_weekly_7q_h1_enc8_s42/collapse_monitoring/collapse_monitor_latest.json
[DEBUG CollapseMonitor] on_validation_epoch_start called for epoch 82
[DEBUG CollapseMonitor] reset_temporal_state() called on loss function
Epoch 82: val_loss=0.7433934211730957
Epoch 82: train_loss=0.900854229927063

[CollapseMonitor] Epoch 82
  [DEBUG] Processed 8 batches from val_dataloader
  [DEBUG] Predictions shape after concat: (234,)
  Pred std: 0.041511, range: 0.174211, mean: 0.280332
  Pos: 100.0%, Neg: 0.0%, Unique: 233
  Dir Acc: 60.68%, Pred Sharpe: 107.2033
  Composite: 0.4875 (dist_match: 0.6068, actual_pos: 60.7%, pred_pos: 100.0%)
  Collapse penalty: 0.000000 (threshold: 0.005000)
  Saved validation predictions to: experiments/12b_feature_sweep/macro_heavy_weekly_7q_h1_enc8_s42/collapse_monitoring/val_predictions_epoch82.npy
  Gradient norms:
    lstm_encoder: 0.012747
    lstm_decoder: 0.008533
    output_layer: 0.262460
  VSN output std:
    encoder: 0.118321
  Attention entropy: 2.009644
  Saved to: experiments/12b_feature_sweep/macro_heavy_weekly_7q_h1_enc8_s42/collapse_monitoring/collapse_monitor_latest.json
[DEBUG CollapseMonitor] on_validation_epoch_start called for epoch 83
[DEBUG CollapseMonitor] reset_temporal_state() called on loss function
Epoch 83: val_loss=0.7434200048446655
Epoch 83: train_loss=0.9001321196556091

[CollapseMonitor] Epoch 83
  [DEBUG] Processed 8 batches from val_dataloader
  [DEBUG] Predictions shape after concat: (234,)
  Pred std: 0.041473, range: 0.174377, mean: 0.281079
  Pos: 100.0%, Neg: 0.0%, Unique: 232
  Dir Acc: 60.68%, Pred Sharpe: 107.5890
  Composite: 0.4875 (dist_match: 0.6068, actual_pos: 60.7%, pred_pos: 100.0%)
  Collapse penalty: 0.000000 (threshold: 0.005000)
  Saved validation predictions to: experiments/12b_feature_sweep/macro_heavy_weekly_7q_h1_enc8_s42/collapse_monitoring/val_predictions_epoch83.npy
  Gradient norms:
    lstm_encoder: 0.011099
    lstm_decoder: 0.007753
    output_layer: 0.242266
  VSN output std:
    encoder: 0.118498
  Attention entropy: 2.010027
  Saved to: experiments/12b_feature_sweep/macro_heavy_weekly_7q_h1_enc8_s42/collapse_monitoring/collapse_monitor_latest.json
[DEBUG CollapseMonitor] on_validation_epoch_start called for epoch 84
[DEBUG CollapseMonitor] reset_temporal_state() called on loss function
Epoch 84: val_loss=0.7434394955635071
Epoch 84: train_loss=0.9040545225143433

[CollapseMonitor] Epoch 84
  [DEBUG] Processed 8 batches from val_dataloader
  [DEBUG] Predictions shape after concat: (234,)
  Pred std: 0.041696, range: 0.175250, mean: 0.280996
  Pos: 100.0%, Neg: 0.0%, Unique: 230
  Dir Acc: 60.68%, Pred Sharpe: 106.9821
  Composite: 0.4875 (dist_match: 0.6068, actual_pos: 60.7%, pred_pos: 100.0%)
  Collapse penalty: 0.000000 (threshold: 0.005000)
  Saved validation predictions to: experiments/12b_feature_sweep/macro_heavy_weekly_7q_h1_enc8_s42/collapse_monitoring/val_predictions_epoch84.npy
  Gradient norms:
    lstm_encoder: 0.012202
    lstm_decoder: 0.008497
    output_layer: 0.286178
  VSN output std:
    encoder: 0.118277
  Attention entropy: 2.010233
  Saved to: experiments/12b_feature_sweep/macro_heavy_weekly_7q_h1_enc8_s42/collapse_monitoring/collapse_monitor_latest.json
[DEBUG CollapseMonitor] on_validation_epoch_start called for epoch 85
[DEBUG CollapseMonitor] reset_temporal_state() called on loss function
Epoch 85: val_loss=0.7433914542198181
Epoch 85: train_loss=0.9021823406219482

[CollapseMonitor] Epoch 85
  [DEBUG] Processed 8 batches from val_dataloader
  [DEBUG] Predictions shape after concat: (234,)
  Pred std: 0.041887, range: 0.175944, mean: 0.281595
  Pos: 100.0%, Neg: 0.0%, Unique: 232
  Dir Acc: 60.68%, Pred Sharpe: 106.7208
  Composite: 0.4875 (dist_match: 0.6068, actual_pos: 60.7%, pred_pos: 100.0%)
  Collapse penalty: 0.000000 (threshold: 0.005000)
  Saved validation predictions to: experiments/12b_feature_sweep/macro_heavy_weekly_7q_h1_enc8_s42/collapse_monitoring/val_predictions_epoch85.npy
  Gradient norms:
    lstm_encoder: 0.011045
    lstm_decoder: 0.007946
    output_layer: 0.270709
  VSN output std:
    encoder: 0.118136
  Attention entropy: 2.010021
  Saved to: experiments/12b_feature_sweep/macro_heavy_weekly_7q_h1_enc8_s42/collapse_monitoring/collapse_monitor_latest.json
[DEBUG CollapseMonitor] on_validation_epoch_start called for epoch 86
[DEBUG CollapseMonitor] reset_temporal_state() called on loss function
Epoch 86: val_loss=0.7434657216072083
Epoch 86: train_loss=0.9013595581054688

[CollapseMonitor] Epoch 86
  [DEBUG] Processed 8 batches from val_dataloader
  [DEBUG] Predictions shape after concat: (234,)
  Pred std: 0.041953, range: 0.176438, mean: 0.282852
  Pos: 100.0%, Neg: 0.0%, Unique: 232
  Dir Acc: 60.68%, Pred Sharpe: 107.0270
  Composite: 0.4875 (dist_match: 0.6068, actual_pos: 60.7%, pred_pos: 100.0%)
  Collapse penalty: 0.000000 (threshold: 0.005000)
  Saved validation predictions to: experiments/12b_feature_sweep/macro_heavy_weekly_7q_h1_enc8_s42/collapse_monitoring/val_predictions_epoch86.npy
  Gradient norms:
    lstm_encoder: 0.011345
    lstm_decoder: 0.008260
    output_layer: 0.267391
  VSN output std:
    encoder: 0.118317
  Attention entropy: 2.010526
  Saved to: experiments/12b_feature_sweep/macro_heavy_weekly_7q_h1_enc8_s42/collapse_monitoring/collapse_monitor_latest.json
[DEBUG CollapseMonitor] on_validation_epoch_start called for epoch 87
[DEBUG CollapseMonitor] reset_temporal_state() called on loss function
Epoch 87: val_loss=0.7434630990028381
Epoch 87: train_loss=0.901644766330719

[CollapseMonitor] Epoch 87
  [DEBUG] Processed 8 batches from val_dataloader
  [DEBUG] Predictions shape after concat: (234,)
  Pred std: 0.041831, range: 0.176234, mean: 0.281955
  Pos: 100.0%, Neg: 0.0%, Unique: 233
  Dir Acc: 60.68%, Pred Sharpe: 107.0000
  Composite: 0.4875 (dist_match: 0.6068, actual_pos: 60.7%, pred_pos: 100.0%)
  Collapse penalty: 0.000000 (threshold: 0.005000)
  Saved validation predictions to: experiments/12b_feature_sweep/macro_heavy_weekly_7q_h1_enc8_s42/collapse_monitoring/val_predictions_epoch87.npy
  Gradient norms:
    lstm_encoder: 0.012392
    lstm_decoder: 0.008517
    output_layer: 0.271839
  VSN output std:
    encoder: 0.118382
  Attention entropy: 2.010712
  Saved to: experiments/12b_feature_sweep/macro_heavy_weekly_7q_h1_enc8_s42/collapse_monitoring/collapse_monitor_latest.json
[DEBUG CollapseMonitor] on_validation_epoch_start called for epoch 88
[DEBUG CollapseMonitor] reset_temporal_state() called on loss function
Epoch 88: val_loss=0.7434317469596863
Epoch 88: train_loss=0.8977678418159485

[CollapseMonitor] Epoch 88
  [DEBUG] Processed 8 batches from val_dataloader
  [DEBUG] Predictions shape after concat: (234,)
  Pred std: 0.041753, range: 0.175823, mean: 0.282503
  Pos: 100.0%, Neg: 0.0%, Unique: 232
  Dir Acc: 60.68%, Pred Sharpe: 107.4088
  Composite: 0.4875 (dist_match: 0.6068, actual_pos: 60.7%, pred_pos: 100.0%)
  Collapse penalty: 0.000000 (threshold: 0.005000)
  Saved validation predictions to: experiments/12b_feature_sweep/macro_heavy_weekly_7q_h1_enc8_s42/collapse_monitoring/val_predictions_epoch88.npy
  Gradient norms:
    lstm_encoder: 0.011149
    lstm_decoder: 0.007937
    output_layer: 0.263780
  VSN output std:
    encoder: 0.118393
  Attention entropy: 2.010320
  Saved to: experiments/12b_feature_sweep/macro_heavy_weekly_7q_h1_enc8_s42/collapse_monitoring/collapse_monitor_latest.json
[DEBUG CollapseMonitor] on_validation_epoch_start called for epoch 89
[DEBUG CollapseMonitor] reset_temporal_state() called on loss function
Epoch 89: val_loss=0.743427574634552
Epoch 89: train_loss=0.902683675289154

[CollapseMonitor] Epoch 89
  [DEBUG] Processed 8 batches from val_dataloader
  [DEBUG] Predictions shape after concat: (234,)
  Pred std: 0.041944, range: 0.176432, mean: 0.282607
  Pos: 100.0%, Neg: 0.0%, Unique: 233
  Dir Acc: 60.68%, Pred Sharpe: 106.9570
  Composite: 0.4875 (dist_match: 0.6068, actual_pos: 60.7%, pred_pos: 100.0%)
  Collapse penalty: 0.000000 (threshold: 0.005000)
  Saved validation predictions to: experiments/12b_feature_sweep/macro_heavy_weekly_7q_h1_enc8_s42/collapse_monitoring/val_predictions_epoch89.npy
  Gradient norms:
    lstm_encoder: 0.011209
    lstm_decoder: 0.008241
    output_layer: 0.280584
  VSN output std:
    encoder: 0.118331
  Attention entropy: 2.010261
  Saved to: experiments/12b_feature_sweep/macro_heavy_weekly_7q_h1_enc8_s42/collapse_monitoring/collapse_monitor_latest.json
[DEBUG CollapseMonitor] on_validation_epoch_start called for epoch 90
[DEBUG CollapseMonitor] reset_temporal_state() called on loss function
Epoch 90: val_loss=0.7434084415435791
Epoch 90: train_loss=0.899196207523346

[CollapseMonitor] Epoch 90
  [DEBUG] Processed 8 batches from val_dataloader
  [DEBUG] Predictions shape after concat: (234,)
  Pred std: 0.041936, range: 0.176384, mean: 0.281775
  Pos: 100.0%, Neg: 0.0%, Unique: 231
  Dir Acc: 60.68%, Pred Sharpe: 106.6644
  Composite: 0.4875 (dist_match: 0.6068, actual_pos: 60.7%, pred_pos: 100.0%)
  Collapse penalty: 0.000000 (threshold: 0.005000)
  Saved validation predictions to: experiments/12b_feature_sweep/macro_heavy_weekly_7q_h1_enc8_s42/collapse_monitoring/val_predictions_epoch90.npy
  Gradient norms:
    lstm_encoder: 0.011134
    lstm_decoder: 0.007564
    output_layer: 0.256386
  VSN output std:
    encoder: 0.118194
  Attention entropy: 2.010386
  Saved to: experiments/12b_feature_sweep/macro_heavy_weekly_7q_h1_enc8_s42/collapse_monitoring/collapse_monitor_latest.json
[DEBUG CollapseMonitor] on_validation_epoch_start called for epoch 91
[DEBUG CollapseMonitor] reset_temporal_state() called on loss function
Epoch 91: val_loss=0.7434095740318298
Epoch 91: train_loss=0.8996723294258118

[CollapseMonitor] Epoch 91
  [DEBUG] Processed 8 batches from val_dataloader
  [DEBUG] Predictions shape after concat: (234,)
  Pred std: 0.041801, range: 0.176076, mean: 0.283932
  Pos: 100.0%, Neg: 0.0%, Unique: 232
  Dir Acc: 60.68%, Pred Sharpe: 107.8269
  Composite: 0.4875 (dist_match: 0.6068, actual_pos: 60.7%, pred_pos: 100.0%)
  Collapse penalty: 0.000000 (threshold: 0.005000)
  Saved validation predictions to: experiments/12b_feature_sweep/macro_heavy_weekly_7q_h1_enc8_s42/collapse_monitoring/val_predictions_epoch91.npy
  Gradient norms:
    lstm_encoder: 0.011728
    lstm_decoder: 0.008659
    output_layer: 0.286764
  VSN output std:
    encoder: 0.118097
  Attention entropy: 2.010482
  Saved to: experiments/12b_feature_sweep/macro_heavy_weekly_7q_h1_enc8_s42/collapse_monitoring/collapse_monitor_latest.json
[DEBUG CollapseMonitor] on_validation_epoch_start called for epoch 92
[DEBUG CollapseMonitor] reset_temporal_state() called on loss function
Epoch 92: val_loss=0.743416428565979
Epoch 92: train_loss=0.9021945595741272

[CollapseMonitor] Epoch 92
  [DEBUG] Processed 8 batches from val_dataloader
  [DEBUG] Predictions shape after concat: (234,)
  Pred std: 0.041855, range: 0.176246, mean: 0.284264
  Pos: 100.0%, Neg: 0.0%, Unique: 233
  Dir Acc: 60.68%, Pred Sharpe: 107.8143
  Composite: 0.4875 (dist_match: 0.6068, actual_pos: 60.7%, pred_pos: 100.0%)
  Collapse penalty: 0.000000 (threshold: 0.005000)
  Saved validation predictions to: experiments/12b_feature_sweep/macro_heavy_weekly_7q_h1_enc8_s42/collapse_monitoring/val_predictions_epoch92.npy
  Gradient norms:
    lstm_encoder: 0.011557
    lstm_decoder: 0.008611
    output_layer: 0.284141
  VSN output std:
    encoder: 0.118085
  Attention entropy: 2.010380
  Saved to: experiments/12b_feature_sweep/macro_heavy_weekly_7q_h1_enc8_s42/collapse_monitoring/collapse_monitor_latest.json
[DEBUG CollapseMonitor] on_validation_epoch_start called for epoch 93
[DEBUG CollapseMonitor] reset_temporal_state() called on loss function
Epoch 93: val_loss=0.7433805465698242
Epoch 93: train_loss=0.9033201336860657

[CollapseMonitor] Epoch 93
  [DEBUG] Processed 8 batches from val_dataloader
  [DEBUG] Predictions shape after concat: (234,)
  Pred std: 0.041899, range: 0.176386, mean: 0.283988
  Pos: 100.0%, Neg: 0.0%, Unique: 232
  Dir Acc: 60.68%, Pred Sharpe: 107.5950
  Composite: 0.4875 (dist_match: 0.6068, actual_pos: 60.7%, pred_pos: 100.0%)
  Collapse penalty: 0.000000 (threshold: 0.005000)
  Saved validation predictions to: experiments/12b_feature_sweep/macro_heavy_weekly_7q_h1_enc8_s42/collapse_monitoring/val_predictions_epoch93.npy
  Gradient norms:
    lstm_encoder: 0.012650
    lstm_decoder: 0.009074
    output_layer: 0.301417
  VSN output std:
    encoder: 0.117938
  Attention entropy: 2.010137
  Saved to: experiments/12b_feature_sweep/macro_heavy_weekly_7q_h1_enc8_s42/collapse_monitoring/collapse_monitor_latest.json
[DEBUG CollapseMonitor] on_validation_epoch_start called for epoch 94
[DEBUG CollapseMonitor] reset_temporal_state() called on loss function
Epoch 94: val_loss=0.7434380650520325
Epoch 94: train_loss=0.9055997133255005

[CollapseMonitor] Epoch 94
  [DEBUG] Processed 8 batches from val_dataloader
  [DEBUG] Predictions shape after concat: (234,)
  Pred std: 0.042011, range: 0.176846, mean: 0.283438
  Pos: 100.0%, Neg: 0.0%, Unique: 233
  Dir Acc: 60.68%, Pred Sharpe: 107.1014
  Composite: 0.4875 (dist_match: 0.6068, actual_pos: 60.7%, pred_pos: 100.0%)
  Collapse penalty: 0.000000 (threshold: 0.005000)
  Saved validation predictions to: experiments/12b_feature_sweep/macro_heavy_weekly_7q_h1_enc8_s42/collapse_monitoring/val_predictions_epoch94.npy
  Gradient norms:
    lstm_encoder: 0.011899
    lstm_decoder: 0.008831
    output_layer: 0.271635
  VSN output std:
    encoder: 0.117796
  Attention entropy: 2.010377
  Saved to: experiments/12b_feature_sweep/macro_heavy_weekly_7q_h1_enc8_s42/collapse_monitoring/collapse_monitor_latest.json
[DEBUG CollapseMonitor] on_validation_epoch_start called for epoch 95
[DEBUG CollapseMonitor] reset_temporal_state() called on loss function
Epoch 95: val_loss=0.7433844208717346
Epoch 95: train_loss=0.8961653709411621

[CollapseMonitor] Epoch 95
  [DEBUG] Processed 8 batches from val_dataloader
  [DEBUG] Predictions shape after concat: (234,)
  Pred std: 0.041995, range: 0.176628, mean: 0.283561
  Pos: 100.0%, Neg: 0.0%, Unique: 231
  Dir Acc: 60.68%, Pred Sharpe: 107.1874
  Composite: 0.4875 (dist_match: 0.6068, actual_pos: 60.7%, pred_pos: 100.0%)
  Collapse penalty: 0.000000 (threshold: 0.005000)
  Saved validation predictions to: experiments/12b_feature_sweep/macro_heavy_weekly_7q_h1_enc8_s42/collapse_monitoring/val_predictions_epoch95.npy
  Gradient norms:
    lstm_encoder: 0.011862
    lstm_decoder: 0.008888
    output_layer: 0.298668
  VSN output std:
    encoder: 0.117917
  Attention entropy: 2.009786
  Saved to: experiments/12b_feature_sweep/macro_heavy_weekly_7q_h1_enc8_s42/collapse_monitoring/collapse_monitor_latest.json
[DEBUG CollapseMonitor] on_validation_epoch_start called for epoch 96
[DEBUG CollapseMonitor] reset_temporal_state() called on loss function
Epoch 96: val_loss=0.7433927655220032
Epoch 96: train_loss=0.8999393582344055

[CollapseMonitor] Epoch 96
  [DEBUG] Processed 8 batches from val_dataloader
  [DEBUG] Predictions shape after concat: (234,)
  Pred std: 0.042071, range: 0.176861, mean: 0.283969
  Pos: 100.0%, Neg: 0.0%, Unique: 232
  Dir Acc: 60.68%, Pred Sharpe: 107.1480
  Composite: 0.4875 (dist_match: 0.6068, actual_pos: 60.7%, pred_pos: 100.0%)
  Collapse penalty: 0.000000 (threshold: 0.005000)
  Saved validation predictions to: experiments/12b_feature_sweep/macro_heavy_weekly_7q_h1_enc8_s42/collapse_monitoring/val_predictions_epoch96.npy
  Gradient norms:
    lstm_encoder: 0.011659
    lstm_decoder: 0.007980
    output_layer: 0.268558
  VSN output std:
    encoder: 0.117803
  Attention entropy: 2.009439
  Saved to: experiments/12b_feature_sweep/macro_heavy_weekly_7q_h1_enc8_s42/collapse_monitoring/collapse_monitor_latest.json
[DEBUG CollapseMonitor] on_validation_epoch_start called for epoch 97
[DEBUG CollapseMonitor] reset_temporal_state() called on loss function
Epoch 97: val_loss=0.7434004545211792
Epoch 97: train_loss=0.8974322080612183

[CollapseMonitor] Epoch 97
  [DEBUG] Processed 8 batches from val_dataloader
  [DEBUG] Predictions shape after concat: (234,)
  Pred std: 0.042208, range: 0.177354, mean: 0.284623
  Pos: 100.0%, Neg: 0.0%, Unique: 231
  Dir Acc: 60.68%, Pred Sharpe: 107.0465
  Composite: 0.4875 (dist_match: 0.6068, actual_pos: 60.7%, pred_pos: 100.0%)
  Collapse penalty: 0.000000 (threshold: 0.005000)
  Saved validation predictions to: experiments/12b_feature_sweep/macro_heavy_weekly_7q_h1_enc8_s42/collapse_monitoring/val_predictions_epoch97.npy
  Gradient norms:
    lstm_encoder: 0.011009
    lstm_decoder: 0.008087
    output_layer: 0.271843
  VSN output std:
    encoder: 0.117552
  Attention entropy: 2.009495
  Saved to: experiments/12b_feature_sweep/macro_heavy_weekly_7q_h1_enc8_s42/collapse_monitoring/collapse_monitor_latest.json
[DEBUG CollapseMonitor] on_validation_epoch_start called for epoch 98
[DEBUG CollapseMonitor] reset_temporal_state() called on loss function
Epoch 98: val_loss=0.7433768510818481
Epoch 98: train_loss=0.897549569606781

[CollapseMonitor] Epoch 98
  [DEBUG] Processed 8 batches from val_dataloader
  [DEBUG] Predictions shape after concat: (234,)
  Pred std: 0.042376, range: 0.177803, mean: 0.284561
  Pos: 100.0%, Neg: 0.0%, Unique: 231
  Dir Acc: 60.68%, Pred Sharpe: 106.5993
  Composite: 0.4875 (dist_match: 0.6068, actual_pos: 60.7%, pred_pos: 100.0%)
  Collapse penalty: 0.000000 (threshold: 0.005000)
  Saved validation predictions to: experiments/12b_feature_sweep/macro_heavy_weekly_7q_h1_enc8_s42/collapse_monitoring/val_predictions_epoch98.npy
  Gradient norms:
    lstm_encoder: 0.011794
    lstm_decoder: 0.008374
    output_layer: 0.251057
  VSN output std:
    encoder: 0.117517
  Attention entropy: 2.008980
  Saved to: experiments/12b_feature_sweep/macro_heavy_weekly_7q_h1_enc8_s42/collapse_monitoring/collapse_monitor_latest.json
[DEBUG CollapseMonitor] on_validation_epoch_start called for epoch 99
[DEBUG CollapseMonitor] reset_temporal_state() called on loss function
Epoch 99: val_loss=0.7433899641036987
Epoch 99: train_loss=0.9028439521789551

[CollapseMonitor] Epoch 99
  [DEBUG] Processed 8 batches from val_dataloader
  [DEBUG] Predictions shape after concat: (234,)
  Pred std: 0.042413, range: 0.178036, mean: 0.284179
  Pos: 100.0%, Neg: 0.0%, Unique: 233
  Dir Acc: 60.68%, Pred Sharpe: 106.3648
  Composite: 0.4875 (dist_match: 0.6068, actual_pos: 60.7%, pred_pos: 100.0%)
  Collapse penalty: 0.000000 (threshold: 0.005000)
  Saved validation predictions to: experiments/12b_feature_sweep/macro_heavy_weekly_7q_h1_enc8_s42/collapse_monitoring/val_predictions_epoch99.npy
  Gradient norms:
    lstm_encoder: 0.012112
    lstm_decoder: 0.008846
    output_layer: 0.263732
  VSN output std:
    encoder: 0.117389
  Attention entropy: 2.009107
  Saved to: experiments/12b_feature_sweep/macro_heavy_weekly_7q_h1_enc8_s42/collapse_monitoring/collapse_monitor_latest.json


======================================================================
Training complete
======================================================================

Best val_loss checkpoint: experiments/12b_feature_sweep/macro_heavy_weekly_7q_h1_enc8_s42/checkpoints/tft-epoch=epoch=37-valloss=val_loss=0.7345.ckpt
Best validation loss: 0.734514
Checkpoints saved:
  - Best val_loss: experiments/12b_feature_sweep/macro_heavy_weekly_7q_h1_enc8_s42/checkpoints/tft-epoch=epoch=37-valloss=val_loss=0.7345.ckpt
  - Best pred_std: experiments/12b_feature_sweep/macro_heavy_weekly_7q_h1_enc8_s42/checkpoints/tft-epoch=epoch=00-predstd=val_pred_std=0.0881.ckpt
  - Best unique: experiments/12b_feature_sweep/macro_heavy_weekly_7q_h1_enc8_s42/checkpoints/tft-epoch=epoch=01-unique=val_num_unique=234.ckpt
  - Best dir_acc: experiments/12b_feature_sweep/macro_heavy_weekly_7q_h1_enc8_s42/checkpoints/tft-epoch=epoch=02-diracc=val_dir_acc=0.6068.ckpt
  - Best sharpe: experiments/12b_feature_sweep/macro_heavy_weekly_7q_h1_enc8_s42/checkpoints/tft-epoch=epoch=22-sharpe=val_sharpe=418.5431.ckpt
  - Best composite: experiments/12b_feature_sweep/macro_heavy_weekly_7q_h1_enc8_s42/checkpoints/tft-epoch=epoch=01-composite=val_composite=0.4968.ckpt
Completed at: 2025-12-13 21:30:21
Log saved to: experiments/12b_feature_sweep/macro_heavy_weekly_7q_h1_enc8_s42/training_20251213_211555.log
======================================================================
