{
  "period_statistics": {
    "2020": {
      "n_samples": 92,
      "entropy_mean": 2.8058056831359863,
      "entropy_std": 0.24506708979606628,
      "attention_concentration": 0.05176359787583351,
      "top_features": [
        [
          "t-1",
          0.07238946110010147
        ],
        [
          "t-2",
          0.06682225316762924
        ],
        [
          "t-3",
          0.0623452365398407
        ],
        [
          "t-4",
          0.059139229357242584
        ],
        [
          "t-5",
          0.05678028240799904
        ]
      ],
      "mean_attention": [
        0.03735082969069481,
        0.039710432291030884,
        0.040995705872774124,
        0.04127035290002823,
        0.041434478014707565,
        0.041965436190366745,
        0.04299159720540047,
        0.04436808452010155,
        0.04615187272429466,
        0.04766934737563133,
        0.04905841127038002,
        0.050280094146728516,
        0.05144491419196129,
        0.053038302809000015,
        0.05479366332292557,
        0.05678028240799904,
        0.059139229357242584,
        0.0623452365398407,
        0.06682225316762924,
        0.07238946110010147
      ],
      "std_attention": [
        0.023942336440086365,
        0.02546708844602108,
        0.025002753362059593,
        0.0238548181951046,
        0.02272127754986286,
        0.022254763171076775,
        0.022441159933805466,
        0.023221399635076523,
        0.024610048159956932,
        0.025680961087346077,
        0.026789681985974312,
        0.02771949954330921,
        0.028607457876205444,
        0.03014894761145115,
        0.032374344766139984,
        0.03560633957386017,
        0.03976299613714218,
        0.04650227352976799,
        0.05808467045426369,
        0.074253611266613
      ]
    },
    "2021": {
      "n_samples": 250,
      "entropy_mean": 2.8395981788635254,
      "entropy_std": 0.30139780044555664,
      "attention_concentration": 0.05052974075078964,
      "top_features": [
        [
          "t-1",
          0.0632515400648117
        ],
        [
          "t-2",
          0.06019175425171852
        ],
        [
          "t-3",
          0.05668177455663681
        ],
        [
          "t-4",
          0.053802020847797394
        ],
        [
          "t-5",
          0.05256218463182449
        ]
      ],
      "mean_attention": [
        0.042918723076581955,
        0.044352661818265915,
        0.044962845742702484,
        0.04526517167687416,
        0.04582291096448898,
        0.04635365307331085,
        0.047029003500938416,
        0.047638315707445145,
        0.048202332109212875,
        0.04869072511792183,
        0.04926188290119171,
        0.04976929351687431,
        0.05053747445344925,
        0.05110454186797142,
        0.05160122364759445,
        0.05256218463182449,
        0.053802020847797394,
        0.05668177455663681,
        0.06019175425171852,
        0.0632515400648117
      ],
      "std_attention": [
        0.019687199965119362,
        0.021819205954670906,
        0.02122674137353897,
        0.020549636334180832,
        0.021144121885299683,
        0.021632244810461998,
        0.023020761087536812,
        0.02417701669037342,
        0.025266051292419434,
        0.025655047968029976,
        0.02664129063487053,
        0.027073396369814873,
        0.028916124254465103,
        0.030621135607361794,
        0.03238252177834511,
        0.0358201265335083,
        0.040036890655756,
        0.0513915978372097,
        0.06818636506795883,
        0.07913488894701004
      ]
    },
    "2022": {
      "n_samples": 249,
      "entropy_mean": 2.6485962867736816,
      "entropy_std": 0.3597574830055237,
      "attention_concentration": 0.05389701947569847,
      "top_features": [
        [
          "t-1",
          0.08276480436325073
        ],
        [
          "t-2",
          0.07221413403749466
        ],
        [
          "t-3",
          0.06547612696886063
        ],
        [
          "t-4",
          0.06128094717860222
        ],
        [
          "t-5",
          0.058598171919584274
        ]
      ],
      "mean_attention": [
        0.02807237207889557,
        0.032690659165382385,
        0.03446206822991371,
        0.034668225795030594,
        0.035099759697914124,
        0.03681294247508049,
        0.04034952074289322,
        0.04499003291130066,
        0.048638973385095596,
        0.050915952771902084,
        0.052534498274326324,
        0.05374310910701752,
        0.054563842713832855,
        0.05542852357029915,
        0.05669533461332321,
        0.058598171919584274,
        0.06128094717860222,
        0.06547612696886063,
        0.07221413403749466,
        0.08276480436325073
      ],
      "std_attention": [
        0.02694580890238285,
        0.02975427359342575,
        0.02981804870069027,
        0.028190284967422485,
        0.026995064690709114,
        0.027626555413007736,
        0.030225392431020737,
        0.033717311918735504,
        0.03551598638296127,
        0.03619974106550217,
        0.03694312274456024,
        0.03808099031448364,
        0.03919113427400589,
        0.04045373201370239,
        0.04261421784758568,
        0.04568673297762871,
        0.05136546120047569,
        0.06051779165863991,
        0.07404114305973053,
        0.10436060279607773
      ]
    },
    "2023": {
      "n_samples": 249,
      "entropy_mean": 2.9616312980651855,
      "entropy_std": 0.08745038509368896,
      "attention_concentration": 0.050146255642175674,
      "top_features": [
        [
          "t-1",
          0.05508997663855553
        ],
        [
          "t-2",
          0.054205771535634995
        ],
        [
          "t-3",
          0.05343521013855934
        ],
        [
          "t-4",
          0.05274351313710213
        ],
        [
          "t-5",
          0.05217639356851578
        ]
      ],
      "mean_attention": [
        0.045171502977609634,
        0.04605626314878464,
        0.046633150428533554,
        0.04700332507491112,
        0.04745706170797348,
        0.0480334497988224,
        0.04865596070885658,
        0.04904107004404068,
        0.04948342218995094,
        0.04995754361152649,
        0.05029113218188286,
        0.05058727785944939,
        0.05090709775686264,
        0.05129203200340271,
        0.05177879333496094,
        0.05217639356851578,
        0.05274351313710213,
        0.05343521013855934,
        0.054205771535634995,
        0.05508997663855553
      ],
      "std_attention": [
        0.01141417771577835,
        0.01138904970139265,
        0.011060334742069244,
        0.01054292544722557,
        0.01014922745525837,
        0.010092704556882381,
        0.010448954999446869,
        0.010333828628063202,
        0.010645320639014244,
        0.011017430573701859,
        0.011485620401799679,
        0.011897053569555283,
        0.012448237277567387,
        0.013054600916802883,
        0.01398838497698307,
        0.015128682367503643,
        0.016609180718660355,
        0.019164597615599632,
        0.022520173341035843,
        0.02678840048611164
      ]
    },
    "2024": {
      "n_samples": 250,
      "entropy_mean": 2.943671703338623,
      "entropy_std": 0.2566046416759491,
      "attention_concentration": 0.050082944333553314,
      "top_features": [
        [
          "t-1",
          0.05442677065730095
        ],
        [
          "t-2",
          0.0541565865278244
        ],
        [
          "t-3",
          0.05357520282268524
        ],
        [
          "t-4",
          0.05268927291035652
        ],
        [
          "t-5",
          0.05137532204389572
        ]
      ],