{
  "period_statistics": {
    "2020": {
      "n_samples": 92,
      "entropy_mean": 2.991579055786133,
      "entropy_std": 0.0025698256213217974,
      "attention_concentration": 0.050316181033849716,
      "top_features": [
        [
          "t-1",
          0.05957069993019104
        ],
        [
          "t-2",
          0.057387642562389374
        ],
        [
          "t-3",
          0.055400002747774124
        ],
        [
          "t-20",
          0.05442061275243759
        ],
        [
          "t-4",
          0.05365408584475517
        ]
      ],
      "mean_attention": [
        0.05442061275243759,
        0.04920442774891853,
        0.04829058423638344,
        0.04721434786915779,
        0.04651130735874176,
        0.046210262924432755,
        0.04614076018333435,
        0.046240657567977905,
        0.04648192971944809,
        0.046827081590890884,
        0.047298818826675415,
        0.04791221395134926,
        0.048688314855098724,
        0.04964214935898781,
        0.05077666789293289,
        0.05212743207812309,
        0.05365408584475517,
        0.055400002747774124,
        0.057387642562389374,
        0.05957069993019104
      ],
      "std_attention": [
        0.003014630638062954,
        0.002305885311216116,
        0.002168823964893818,
        0.002015985082834959,
        0.0020110057666897774,
        0.0019302194705232978,
        0.0018886005273088813,
        0.0018972354009747505,
        0.001957654720172286,
        0.0019983823876827955,
        0.002054645447060466,
        0.0021144382189959288,
        0.002158000133931637,
        0.0022017464507371187,
        0.0022573794703930616,
        0.0023390748538076878,
        0.002473661443218589,
        0.0026651255320757627,
        0.0029754519928246737,
        0.003428219584748149
      ]
    },
    "2021": {
      "n_samples": 250,
      "entropy_mean": 2.952354907989502,
      "entropy_std": 0.02760675549507141,
      "attention_concentration": 0.05021928995847702,
      "top_features": [
        [
          "t-1",
          0.05642923712730408
        ],
        [
          "t-2",
          0.05546700581908226
        ],
        [
          "t-20",
          0.055140990763902664
        ],
        [
          "t-3",
          0.05444571375846863
        ],
        [
          "t-4",
          0.05336718633770943
        ]
      ],
      "mean_attention": [
        0.055140990763902664,
        0.05011545866727829,
        0.049113787710666656,
        0.047933243215084076,
        0.04709157720208168,
        0.046615082770586014,
        0.04634257033467293,
        0.04633396491408348,
        0.046552665531635284,
        0.046899162232875824,
        0.047436755150556564,
        0.048161767423152924,
        0.04906360059976578,
        0.050081364810466766,
        0.05116133391857147,
        0.0522475428879261,
        0.05336718633770943,
        0.05444571375846863,
        0.05546700581908226,
        0.05642923712730408
      ],
      "std_attention": [
        0.020774127915501595,
        0.018374081701040268,
        0.017356673255562782,
        0.01620178297162056,
        0.01512832473963499,
        0.01434942428022623,
        0.013674420304596424,
        0.013156652450561523,
        0.012874440290033817,
        0.0126805379986763,
        0.01259004045277834,
        0.012582715600728989,
        0.012701377272605896,
        0.012927454896271229,
        0.013377878814935684,
        0.013832061551511288,
        0.01430563535541296,
        0.014794568531215191,
        0.015509536489844322,
        0.01640959456562996
      ]
    },
    "2022": {
      "n_samples": 249,
      "entropy_mean": 2.9832065105438232,
      "entropy_std": 0.008141027763485909,
      "attention_concentration": 0.05065838620066643,
      "top_features": [
        [
          "t-20",
          0.0682787299156189
        ],
        [
          "t-19",
          0.06159136816859245
        ],
        [
          "t-18",
          0.05743582546710968
        ],
        [
          "t-17",
          0.0535283200442791
        ],
        [
          "t-16",
          0.0508602075278759
        ]
      ],
      "mean_attention": [
        0.0682787299156189,
        0.06159136816859245,
        0.05743582546710968,
        0.0535283200442791,
        0.0508602075278759,
        0.0490911491215229,
        0.048019472509622574,
        0.04734062775969505,
        0.0468950979411602,
        0.04668808355927467,
        0.04662884399294853,
        0.046663738787174225,
        0.04677299037575722,
        0.0469420924782753,
        0.047111935913562775,
        0.0472651943564415,
        0.04732520505785942,
        0.04730777442455292,
        0.04721600562334061,
        0.0470372699201107
      ],
      "std_attention": [
        0.011039500124752522,
        0.009245985187590122,
        0.007483327761292458,
        0.006170470267534256,
        0.005321766249835491,
        0.0047581433318555355,
        0.004389746580272913,
        0.004194773267954588,
        0.004044362343847752,
        0.00400089006870985,
        0.004006791859865189,
        0.0040424116887152195,
        0.004126002546399832,
        0.004342274274677038,
        0.004628927446901798,
        0.0049326359294354916,
        0.005287216044962406,
        0.005651016253978014,
        0.005982902832329273,
        0.006300055887550116
      ]
    },
    "2023": {
      "n_samples": 249,
      "entropy_mean": 2.93929386138916,
      "entropy_std": 0.047907378524541855,
      "attention_concentration": 0.05086921527981758,
      "top_features": [
        [
          "t-1",
          0.06162920221686363
        ],
        [
          "t-2",
          0.06036696210503578
        ],
        [
          "t-3",
          0.058904215693473816
        ],
        [
          "t-20",
          0.05835418403148651
        ],
        [
          "t-4",
          0.05725604668259621
        ]
      ],
      "mean_attention": [
        0.05835418403148651,
        0.051331937313079834,
        0.047628529369831085,
        0.04465502128005028,
        0.04282562434673309,
        0.041932642459869385,
        0.04180734604597092,
        0.04224748536944389,
        0.043150708079338074,
        0.04440046846866608,
        0.04590724781155586,
        0.04763110727071762,
        0.049516115337610245,
        0.051505912095308304,
        0.053509198129177094,
        0.055440038442611694,
        0.05725604668259621,
        0.058904215693473816,
        0.06036696210503578,
        0.06162920221686363
      ],
      "std_attention": [
        0.031579867005348206,
        0.024987313896417618,
        0.02145965024828911,
        0.018444400280714035,
        0.015666605904698372,
        0.01327086053788662,
        0.01176968589425087,
        0.010765771381556988,
        0.010055411607027054,
        0.009601859375834465,
        0.009422539733350277,
        0.009589663706719875,
        0.010149423032999039,
        0.011122715659439564,
        0.012357867322862148,
        0.013845291920006275,
        0.01539155375212431,
        0.016965162009000778,
        0.018567780032753944,
        0.020132623612880707
      ]
    },
    "2024": {
      "n_samples": 250,
      "entropy_mean": 2.8430614471435547,
      "entropy_std": 0.124715656042099,
      "attention_concentration": 0.05448637530207634,
      "top_features": [
        [
          "t-1",
          0.08210324496030807
        ],
        [
          "t-2",
          0.07756610214710236
        ],
        [
          "t-3",
          0.07300128787755966
        ],
        [
          "t-4",
          0.06840111315250397
        ],
        [
          "t-5",
          0.06368928402662277
        ]
      ],