{
  "evaluation_timestamp": "2025-10-30T03:22:39.292416",
  "statistical_metrics": {
    "mse": 1.1732345819473267,
    "rmse": 1.0831595659255981,
    "mae": 0.7738499641418457,
    "mape": 138.20456266403198,
    "r2": 0.00299757719039917,
    "mean_error": 0.0048721046186983585,
    "std_error": 1.08314847946167
  },
  "financial_metrics": {
    "directional_accuracy": 0.51484375,
    "sharpe_ratio": 0.5934322537462989,
    "max_drawdown": -0.25245964527130127,
    "total_return": 0.5310652256011963,
    "hit_rate": 0.44375,
    "num_trades": 1070,
    "precision": 0.5308411214953271,
    "recall": 0.826783114992722,
    "f1_score": 0.6465566306203757,
    "confusion_matrix": [
      [
        91,
        502
      ],
      [
        119,
        568
      ]
    ],
    "auc_roc": 0.4845713331909639,
    "alpha": -0.3905428647994995
  },
  "residual_diagnostics": {
    "normality_p_value": 2.64647404554007e-38,
    "acf_lag1": -0.02878583121658839,
    "skewness": -0.03747589100845502,
    "kurtosis": 6.158860373648379
  },
  "mode_stats": {
    "healthy_days": 349,
    "degraded_days": 245,
    "unidirectional_days": 652,
    "weak_collapse_days": 34,
    "strong_collapse_days": 0,
    "total_days": 1280,
    "healthy_pct": 27.265625,
    "degraded_pct": 19.140625,
    "unidirectional_pct": 50.9375,
    "weak_collapse_pct": 2.65625,
    "strong_collapse_pct": 0.0
  },
  "collapse_detected": true,
  "degradation_detected": true,
  "checkpoint_used": "experiments/00_baseline_exploration/sweep_lr_0.0005/checkpoints/tft-epoch=49-val_loss=0.3963.ckpt"
}