{
  "period_statistics": {
    "2020": {
      "n_samples": 92,
      "entropy_mean": 2.9834442138671875,
      "entropy_std": 0.004140634089708328,
      "attention_concentration": 0.05002039298415184,
      "top_features": [
        [
          "t-1",
          0.05206018313765526
        ],
        [
          "t-2",
          0.05174246430397034
        ],
        [
          "t-3",
          0.05144549533724785
        ],
        [
          "t-4",
          0.05118298530578613
        ],
        [
          "t-5",
          0.05094997212290764
        ]
      ],
      "mean_attention": [
        0.04943465813994408,
        0.04869115725159645,
        0.04855930432677269,
        0.04885473474860191,
        0.049110040068626404,
        0.04927457869052887,
        0.04938893765211105,
        0.049469705671072006,
        0.049557313323020935,
        0.049623753875494,
        0.04969723895192146,
        0.04979033023118973,
        0.04989449307322502,
        0.05052848905324936,
        0.050744231790304184,
        0.05094997212290764,
        0.05118298530578613,
        0.05144549533724785,
        0.05174246430397034,
        0.05206018313765526
      ],
      "std_attention": [
        0.008445553481578827,
        0.0076930043287575245,
        0.007760722655802965,
        0.007850554771721363,
        0.007947194389998913,
        0.008006195537745953,
        0.008026023395359516,
        0.008051830343902111,
        0.008062953129410744,
        0.008071805350482464,
        0.008076740428805351,
        0.008093802258372307,
        0.008067653514444828,
        0.00917287077754736,
        0.009190553799271584,
        0.009244091808795929,
        0.009276681579649448,
        0.009355878457427025,
        0.009445582516491413,
        0.00957103818655014
      ]
    },
    "2021": {
      "n_samples": 250,
      "entropy_mean": 2.975968360900879,
      "entropy_std": 0.0070621659979224205,
      "attention_concentration": 0.05003902316093445,
      "top_features": [
        [
          "t-1",
          0.052628275007009506
        ],
        [
          "t-2",
          0.05226767808198929
        ],
        [
          "t-3",
          0.05191168189048767
        ],
        [
          "t-4",
          0.051570191979408264
        ],
        [
          "t-5",
          0.051245301961898804
        ]
      ],
      "mean_attention": [
        0.04802810028195381,
        0.04796358197927475,
        0.04810134321451187,
        0.04846712946891785,
        0.04877200350165367,
        0.04902118816971779,
        0.0492137148976326,
        0.0493873693048954,
        0.04955637827515602,
        0.04973065108060837,
        0.04992743581533432,
        0.05015642195940018,
        0.050410740077495575,
        0.05068512633442879,
        0.050955697894096375,
        0.051245301961898804,
        0.051570191979408264,
        0.05191168189048767,
        0.05226767808198929,
        0.052628275007009506
      ],
      "std_attention": [
        0.010110433213412762,
        0.010506548918783665,
        0.010499519295990467,
        0.010574685409665108,
        0.010618132539093494,
        0.010654504410922527,
        0.010687668807804585,
        0.010691911913454533,
        0.010704711079597473,
        0.01072207186371088,
        0.010770509950816631,
        0.010839665308594704,
        0.010924807749688625,
        0.01107183936983347,
        0.01116122491657734,
        0.011254078708589077,
        0.011415190063416958,
        0.011566168628633022,
        0.011782493442296982,
        0.01192495971918106
      ]
    },
    "2022": {
      "n_samples": 249,
      "entropy_mean": 2.9835000038146973,
      "entropy_std": 0.005463276524096727,
      "attention_concentration": 0.05004855617880821,
      "top_features": [
        [
          "t-1",
          0.05291558802127838
        ],
        [
          "t-2",
          0.05248955264687538
        ],
        [
          "t-3",
          0.0520830973982811
        ],
        [
          "t-4",
          0.051705796271562576
        ],
        [
          "t-5",
          0.05135703459382057
        ]
      ],
      "mean_attention": [
        0.04728594422340393,
        0.04753134027123451,
        0.047981999814510345,
        0.048466674983501434,
        0.04882616922259331,
        0.049066390842199326,
        0.04926154017448425,
        0.049436163157224655,
        0.049601223319768906,
        0.04978693276643753,
        0.049994517117738724,
        0.050212759524583817,
        0.05045153200626373,
        0.05052831396460533,
        0.05101746693253517,
        0.05135703459382057,
        0.051705796271562576,
        0.0520830973982811,
        0.05248955264687538,
        0.05291558802127838
      ],
      "std_attention": [
        0.007541293743997812,
        0.008044881746172905,
        0.008183150552213192,
        0.008277971297502518,
        0.008318350650370121,
        0.008321900852024555,
        0.00830372516065836,
        0.00828219298273325,
        0.008257700130343437,
        0.008274391293525696,
        0.00829312764108181,
        0.00829408224672079,
        0.008311174809932709,
        0.007885625585913658,
        0.008503441698849201,
        0.008621265180408955,
        0.008754805661737919,
        0.008906546980142593,
        0.009080898016691208,
        0.009263222105801105
      ]
    },
    "2023": {
      "n_samples": 249,
      "entropy_mean": 2.935523271560669,
      "entropy_std": 0.033026404678821564,
      "attention_concentration": 0.05000723525881767,
      "top_features": [
        [
          "t-1",
          0.05122855678200722
        ],
        [
          "t-2",
          0.051130201667547226
        ],
        [
          "t-3",
          0.05093057081103325
        ],
        [
          "t-4",
          0.05076080933213234
        ],
        [
          "t-5",
          0.050603754818439484
        ]
      ],
      "mean_attention": [
        0.049269068986177444,
        0.049101583659648895,
        0.04925667867064476,
        0.049483153969049454,
        0.049623195081949234,
        0.049700334668159485,
        0.04973766580224037,
        0.04974984750151634,
        0.04977390542626381,
        0.0498221218585968,
        0.04986240342259407,
        0.049908097833395004,
        0.049980174750089645,
        0.05008209869265556,
        0.04999571666121483,
        0.050603754818439484,
        0.05076080933213234,
        0.05093057081103325,
        0.051130201667547226,
        0.05122855678200722
      ],
      "std_attention": [
        0.018582213670015335,
        0.020051516592502594,
        0.020244354382157326,
        0.02048569917678833,
        0.020627427846193314,
        0.02071118727326393,
        0.020782338455319405,
        0.02082996815443039,
        0.02086687460541725,
        0.020935559645295143,
        0.020968031138181686,
        0.02100546285510063,
        0.021069196984171867,
        0.02120475098490715,
        0.021112272515892982,
        0.022508986294269562,
        0.022636903449892998,
        0.022789275273680687,
        0.023050576448440552,
        0.022662682458758354
      ]
    },
    "2024": {
      "n_samples": 250,
      "entropy_mean": 2.9294300079345703,
      "entropy_std": 0.029574288055300713,
      "attention_concentration": 0.05001819506287575,
      "top_features": [
        [
          "t-1",
          0.05167725682258606
        ],
        [
          "t-2",
          0.05143488198518753
        ],
        [
          "t-3",
          0.05118566378951073
        ],
        [
          "t-6",
          0.05110738426446915
        ],
        [
          "t-4",
          0.05098278820514679
        ]
      ],