{
  "period_statistics": {
    "2020": {
      "n_samples": 92,
      "entropy_mean": 2.9438765048980713,
      "entropy_std": 0.06009924039244652,
      "attention_concentration": 0.0501016229391098,
      "top_features": [
        [
          "t-1",
          0.053781550377607346
        ],
        [
          "t-2",
          0.05302455648779869
        ],
        [
          "t-3",
          0.05236854404211044
        ],
        [
          "t-4",
          0.05191874876618385
        ],
        [
          "t-5",
          0.05159443989396095
        ]
      ],
      "mean_attention": [
        0.04357564076781273,
        0.046475835144519806,
        0.04756658524274826,
        0.04857150465250015,
        0.049135733395814896,
        0.04943305626511574,
        0.04960755258798599,
        0.04970845952630043,
        0.04988022521138191,
        0.04999072477221489,
        0.05012447386980057,
        0.05030691251158714,
        0.050501227378845215,
        0.05107729882001877,
        0.051356952637434006,
        0.05159443989396095,
        0.05191874876618385,
        0.05236854404211044,
        0.05302455648779869,
        0.053781550377607346
      ],
      "std_attention": [
        0.017984900623559952,
        0.016976622864603996,
        0.016090799123048782,
        0.015689881518483162,
        0.015403522178530693,
        0.015258876606822014,
        0.015090540051460266,
        0.014972337521612644,
        0.015003824606537819,
        0.015069094486534595,
        0.015181140974164009,
        0.015418816357851028,
        0.015697527676820755,
        0.016417456790804863,
        0.01695415936410427,
        0.017676930874586105,
        0.018814006820321083,
        0.020447270944714546,
        0.022867858409881592,
        0.025782566517591476
      ]
    },
    "2021": {
      "n_samples": 250,
      "entropy_mean": 2.939934253692627,
      "entropy_std": 0.08021021634340286,
      "attention_concentration": 0.05024794861674309,
      "top_features": [
        [
          "t-1",
          0.05584725737571716
        ],
        [
          "t-2",
          0.0547998771071434
        ],
        [
          "t-3",
          0.05380023643374443
        ],
        [
          "t-4",
          0.05292163044214249
        ],
        [
          "t-5",
          0.05230141431093216
        ]
      ],
      "mean_attention": [
        0.039749931544065475,
        0.044357042759656906,
        0.04656718298792839,
        0.04794647544622421,
        0.048745617270469666,
        0.049170322716236115,
        0.049389541149139404,
        0.0495624877512455,
        0.049764130264520645,
        0.04997454211115837,
        0.050263453274965286,
        0.05061648413538933,
        0.05106911435723305,
        0.05137070640921593,
        0.051782574504613876,
        0.05230141431093216,
        0.05292163044214249,
        0.05380023643374443,
        0.0547998771071434,
        0.05584725737571716
      ],
      "std_attention": [
        0.013520284555852413,
        0.01630871556699276,
        0.016506802290678024,
        0.01625691168010235,
        0.016124488785862923,
        0.015873009338974953,
        0.015786826610565186,
        0.015675697475671768,
        0.01573208160698414,
        0.01587231270968914,
        0.016089843586087227,
        0.016299162060022354,
        0.016682883724570274,
        0.017071863636374474,
        0.01764363795518875,
        0.018669018521904945,
        0.01981227472424507,
        0.022543273866176605,
        0.026027634739875793,
        0.02955317310988903
      ]
    },
    "2022": {
      "n_samples": 249,
      "entropy_mean": 2.9068148136138916,
      "entropy_std": 0.07858690619468689,
      "attention_concentration": 0.05077364668250084,
      "top_features": [
        [
          "t-1",
          0.06326659023761749
        ],
        [
          "t-2",
          0.06063191220164299
        ],
        [
          "t-3",
          0.05840227007865906
        ],
        [
          "t-4",
          0.05645032599568367
        ],
        [
          "t-5",
          0.05477714166045189
        ]
      ],
      "mean_attention": [
        0.03705693408846855,
        0.04266659542918205,
        0.04449295997619629,
        0.04544932767748833,
        0.04592350870370865,
        0.04618825763463974,
        0.04656791314482689,
        0.04709130525588989,
        0.047582417726516724,
        0.048219408839941025,
        0.049035683274269104,
        0.04994621500372887,
        0.05090171843767166,
        0.052047982811927795,
        0.05330156907439232,
        0.05477714166045189,
        0.05645032599568367,
        0.05840227007865906,
        0.06063191220164299,
        0.06326659023761749
      ],
      "std_attention": [
        0.020572785288095474,
        0.021940717473626137,
        0.020921681076288223,
        0.019663235172629356,
        0.018444295972585678,
        0.017440946772694588,
        0.016755999997258186,
        0.01648741401731968,
        0.01627359911799431,
        0.016211139038205147,
        0.016489895060658455,
        0.017070487141609192,
        0.017764756456017494,
        0.0188276544213295,
        0.01995832286775112,
        0.021503692492842674,
        0.023828523233532906,
        0.026956448331475258,
        0.0306317787617445,
        0.03577205538749695
      ]
    },
    "2023": {
      "n_samples": 249,
      "entropy_mean": 2.979245901107788,
      "entropy_std": 0.023603467270731926,
      "attention_concentration": 0.05004049837589264,
      "top_features": [
        [
          "t-15",
          0.05113895237445831
        ],
        [
          "t-14",
          0.05106131359934807
        ],
        [
          "t-16",
          0.05102921277284622
        ],
        [
          "t-13",
          0.050838228315114975
        ],
        [
          "t-12",
          0.050672031939029694
        ]
      ],
      "mean_attention": [
        0.044527437537908554,
        0.04788035899400711,
        0.049603935331106186,
        0.05060498043894768,
        0.05102921277284622,
        0.05113895237445831,
        0.05106131359934807,
        0.050838228315114975,
        0.050672031939029694,
        0.05054868012666702,
        0.05038956180214882,
        0.05024661496281624,
        0.05012916773557663,
        0.05005444213747978,
        0.05006766319274902,
        0.050093408674001694,
        0.05015981197357178,
        0.050226181745529175,
        0.050313834100961685,
        0.05041421204805374
      ],
      "std_attention": [
        0.008450116030871868,
        0.009243860840797424,
        0.00936154741793871,
        0.009176074527204037,
        0.008856057189404964,
        0.008595992811024189,
        0.008438313379883766,
        0.008210403844714165,
        0.008195910602807999,
        0.008243408054113388,
        0.008325017057359219,
        0.008445329032838345,
        0.008617489598691463,
        0.008817755617201328,
        0.009105904959142208,
        0.009511996991932392,
        0.010028880089521408,
        0.010673749260604382,
        0.011644094251096249,
        0.012708486057817936
      ]
    },
    "2024": {
      "n_samples": 250,
      "entropy_mean": 2.9570107460021973,
      "entropy_std": 0.1250331699848175,
      "attention_concentration": 0.05007795989513397,
      "top_features": [
        [
          "t-1",
          0.0532577708363533
        ],
        [
          "t-2",
          0.052758026868104935
        ],
        [
          "t-3",
          0.05231812968850136
        ],
        [
          "t-4",
          0.05191284790635109
        ],
        [
          "t-5",
          0.051518071442842484
        ]
      ],