{
  "evaluation_timestamp": "2025-10-30T03:33:32.761169",
  "statistical_metrics": {
    "mse": 1.174634337425232,
    "rmse": 1.0838054418563843,
    "mae": 0.7731491327285767,
    "mape": 141.34124517440796,
    "r2": 0.0018080472946166992,
    "mean_error": -0.016078338027000427,
    "std_error": 1.0836862325668335
  },
  "financial_metrics": {
    "directional_accuracy": 0.53671875,
    "sharpe_ratio": 0.8329736080938573,
    "max_drawdown": -0.2524605989456177,
    "total_return": 0.9216080904006958,
    "hit_rate": 0.53671875,
    "num_trades": 1280,
    "precision": 0.53671875,
    "recall": 1.0,
    "f1_score": 0.6985256736146417,
    "confusion_matrix": [
      [
        0,
        593
      ],
      [
        0,
        687
      ]
    ],
    "auc_roc": 0.4740556369679252,
    "alpha": 0.0
  },
  "residual_diagnostics": {
    "normality_p_value": 7.262221216349497e-39,
    "acf_lag1": -0.03369752189808157,
    "skewness": -0.01393238453238383,
    "kurtosis": 6.304077320295464
  },
  "mode_stats": {
    "healthy_days": 30,
    "degraded_days": 0,
    "unidirectional_days": 1250,
    "weak_collapse_days": 0,
    "strong_collapse_days": 0,
    "total_days": 1280,
    "healthy_pct": 2.34375,
    "degraded_pct": 0.0,
    "unidirectional_pct": 97.65625,
    "weak_collapse_pct": 0.0,
    "strong_collapse_pct": 0.0
  },
  "collapse_detected": false,
  "degradation_detected": true,
  "checkpoint_used": "experiments/01_staleness_features_fixed/sweep_stale_h22_drop0.25_lr5/checkpoints/tft-epoch=56-val_loss=0.3960.ckpt"
}