{
  "evaluation_timestamp": "2025-10-27T12:05:39.685483",
  "statistical_metrics": {
    "mse": 1.1785659790039062,
    "rmse": 1.0856177806854248,
    "mae": 0.7738601565361023,
    "mape": 138.13589811325073,
    "r2": -0.0015330314636230469,
    "mean_error": 0.0246097594499588,
    "std_error": 1.085338830947876
  },
  "financial_metrics": {
    "directional_accuracy": 0.51640625,
    "sharpe_ratio": 0.5427402434627535,
    "max_drawdown": -0.26703986525535583,
    "total_return": 0.4440978765487671,
    "hit_rate": 0.42734375,
    "num_trades": 1026,
    "precision": 0.5331384015594542,
    "recall": 0.7962154294032023,
    "f1_score": 0.6386456509048453,
    "confusion_matrix": [
      [
        114,
        479
      ],
      [
        140,
        547
      ]
    ],
    "auc_roc": 0.506963825906807,
    "alpha": -0.4775102138519287
  },
  "residual_diagnostics": {
    "normality_p_value": 4.498433441489439e-40,
    "acf_lag1": -0.03505846867278849,
    "skewness": 0.10079668601971614,
    "kurtosis": 6.482047314952597
  },
  "mode_stats": {
    "healthy_days": 53,
    "degraded_days": 175,
    "unidirectional_days": 642,
    "weak_collapse_days": 410,
    "strong_collapse_days": 0,
    "total_days": 1280,
    "healthy_pct": 4.140625,
    "degraded_pct": 13.671875,
    "unidirectional_pct": 50.15625,
    "weak_collapse_pct": 32.03125,
    "strong_collapse_pct": 0.0
  },
  "collapse_detected": true,
  "degradation_detected": true,
  "checkpoint_used": "experiments/01_staleness_features_fixed/sweep_stale_h22_drop0.25_lr5/checkpoints/tft-epoch=02-val_loss=0.1447.ckpt"
}