{
  "evaluation_timestamp": "2025-10-22T23:16:59.591017",
  "statistical_metrics": {
    "mse": 1.1785659790039062,
    "rmse": 1.0856177806854248,
    "mae": 0.7738601565361023,
    "mape": 138.13575506210327,
    "r2": -0.0015330314636230469,
    "mean_error": 0.024609927088022232,
    "std_error": 1.085338830947876
  },
  "financial_metrics": {
    "directional_accuracy": 0.51640625,
    "sharpe_ratio": 0.5427402434627535,
    "max_drawdown": -0.26703986525535583,
    "total_return": 0.4440978765487671,
    "hit_rate": 0.42734375,
    "num_trades": 1026,
    "precision": 0.5331384015594542,
    "recall": 0.7962154294032023,
    "f1_score": 0.6386456509048453,
    "confusion_matrix": [
      [
        114,
        479
      ],
      [
        140,
        547
      ]
    ],
    "auc_roc": 0.5069650532289618,
    "alpha": -0.4775102138519287
  },
  "residual_diagnostics": {
    "normality_p_value": 4.4984186968977366e-40,
    "acf_lag1": -0.03505846949500059,
    "skewness": 0.10079653450057602,
    "kurtosis": 6.482048002240653
  },
  "checkpoint_used": "experiments/sweep_stale_h22_drop0.25_lr5/checkpoints/tft-epoch=02-val_loss=0.1447.ckpt"
}