{
  "evaluation_timestamp": "2025-10-30T03:25:34.699745",
  "statistical_metrics": {
    "mse": 1.1762597560882568,
    "rmse": 1.0845551490783691,
    "mae": 0.7733022570610046,
    "mape": 149.7754693031311,
    "r2": 0.00042682886123657227,
    "mean_error": -0.031239468604326248,
    "std_error": 1.0841050148010254
  },
  "financial_metrics": {
    "directional_accuracy": 0.53671875,
    "sharpe_ratio": 0.8329736080938573,
    "max_drawdown": -0.2524605989456177,
    "total_return": 0.9216080904006958,
    "hit_rate": 0.53671875,
    "num_trades": 1280,
    "precision": 0.53671875,
    "recall": 1.0,
    "f1_score": 0.6985256736146417,
    "confusion_matrix": [
      [
        0,
        593
      ],
      [
        0,
        687
      ]
    ],
    "auc_roc": 0.46923962483216364,
    "alpha": 0.0
  },
  "residual_diagnostics": {
    "normality_p_value": 1.4496320963609772e-38,
    "acf_lag1": -0.03126377298881292,
    "skewness": -0.034670165121332086,
    "kurtosis": 6.222174588247594
  },
  "mode_stats": {
    "healthy_days": 30,
    "degraded_days": 0,
    "unidirectional_days": 1026,
    "weak_collapse_days": 33,
    "strong_collapse_days": 191,
    "total_days": 1280,
    "healthy_pct": 2.34375,
    "degraded_pct": 0.0,
    "unidirectional_pct": 80.15625,
    "weak_collapse_pct": 2.578125,
    "strong_collapse_pct": 14.921875000000002
  },
  "collapse_detected": true,
  "degradation_detected": true,
  "checkpoint_used": "experiments/01_staleness_features_fixed/sweep_stale_h12_drop0.35_lr3/checkpoints/tft-epoch=98-val_loss=0.4028.ckpt"
}