{
  "evaluation_timestamp": "2025-10-22T23:15:25.578324",
  "statistical_metrics": {
    "mse": 1.1772878170013428,
    "rmse": 1.0850290060043335,
    "mae": 0.7718623280525208,
    "mape": 166.64750576019287,
    "r2": -0.0004469156265258789,
    "mean_error": -0.019340986385941505,
    "std_error": 1.084856629371643
  },
  "financial_metrics": {
    "directional_accuracy": 0.53671875,
    "sharpe_ratio": 0.8329736080938573,
    "max_drawdown": -0.2524605989456177,
    "total_return": 0.9216080904006958,
    "hit_rate": 0.53671875,
    "num_trades": 1280,
    "precision": 0.53671875,
    "recall": 1.0,
    "f1_score": 0.6985256736146417,
    "confusion_matrix": [
      [
        0,
        593
      ],
      [
        0,
        687
      ]
    ],
    "auc_roc": 0.5408956015228612,
    "alpha": 0.0
  },
  "residual_diagnostics": {
    "normality_p_value": 2.8989058369146863e-40,
    "acf_lag1": -0.035857544310446916,
    "skewness": 0.09584825087252125,
    "kurtosis": 6.539335215119634
  },
  "checkpoint_used": "experiments/sweep_stale_h12_drop0.35_lr3/checkpoints/tft-epoch=04-val_loss=0.1437.ckpt"
}