{
  "evaluation_timestamp": "2025-10-27T12:03:33.339787",
  "statistical_metrics": {
    "mse": 1.1772878170013428,
    "rmse": 1.0850290060043335,
    "mae": 0.7718623280525208,
    "mape": 166.64737462997437,
    "r2": -0.0004469156265258789,
    "mean_error": -0.01934082806110382,
    "std_error": 1.084856629371643
  },
  "financial_metrics": {
    "directional_accuracy": 0.53671875,
    "sharpe_ratio": 0.8329736080938573,
    "max_drawdown": -0.2524605989456177,
    "total_return": 0.9216080904006958,
    "hit_rate": 0.53671875,
    "num_trades": 1280,
    "precision": 0.53671875,
    "recall": 1.0,
    "f1_score": 0.6985256736146417,
    "confusion_matrix": [
      [
        0,
        593
      ],
      [
        0,
        687
      ]
    ],
    "auc_roc": 0.5408931468785516,
    "alpha": 0.0
  },
  "residual_diagnostics": {
    "normality_p_value": 2.898902369078724e-40,
    "acf_lag1": -0.035857533060393534,
    "skewness": 0.09584830922685332,
    "kurtosis": 6.539335215119634
  },
  "mode_stats": {
    "healthy_days": 29,
    "degraded_days": 1,
    "unidirectional_days": 665,
    "weak_collapse_days": 494,
    "strong_collapse_days": 91,
    "total_days": 1280,
    "healthy_pct": 2.265625,
    "degraded_pct": 0.078125,
    "unidirectional_pct": 51.953125,
    "weak_collapse_pct": 38.59375,
    "strong_collapse_pct": 7.109375
  },
  "collapse_detected": true,
  "degradation_detected": true,
  "checkpoint_used": "experiments/01_staleness_features_fixed/sweep_stale_h12_drop0.35_lr3/checkpoints/tft-epoch=04-val_loss=0.1437.ckpt"
}