{
  "evaluation_timestamp": "2025-10-30T03:22:13.130796",
  "statistical_metrics": {
    "mse": 1.1748586893081665,
    "rmse": 1.083909034729004,
    "mae": 0.7741253972053528,
    "mape": 136.56233549118042,
    "r2": 0.001617431640625,
    "mean_error": -0.0046211229637265205,
    "std_error": 1.0838991403579712
  },
  "financial_metrics": {
    "directional_accuracy": 0.525,
    "sharpe_ratio": 0.717083185458432,
    "max_drawdown": -0.23866777122020721,
    "total_return": 0.7094178199768066,
    "hit_rate": 0.48984375,
    "num_trades": 1175,
    "precision": 0.5336170212765957,
    "recall": 0.9126637554585153,
    "f1_score": 0.673469387755102,
    "confusion_matrix": [
      [
        45,
        548
      ],
      [
        60,
        627
      ]
    ],
    "auc_roc": 0.49072021718692854,
    "alpha": -0.21219027042388916
  },
  "residual_diagnostics": {
    "normality_p_value": 4.0749421437960874e-38,
    "acf_lag1": -0.029032016894120143,
    "skewness": -0.035928637109069864,
    "kurtosis": 6.116557693348614
  },
  "mode_stats": {
    "healthy_days": 402,
    "degraded_days": 127,
    "unidirectional_days": 712,
    "weak_collapse_days": 39,
    "strong_collapse_days": 0,
    "total_days": 1280,
    "healthy_pct": 31.406250000000004,
    "degraded_pct": 9.921875,
    "unidirectional_pct": 55.625,
    "weak_collapse_pct": 3.046875,
    "strong_collapse_pct": 0.0
  },
  "collapse_detected": true,
  "degradation_detected": true,
  "checkpoint_used": "experiments/00_baseline_exploration/sweep_hidden_64/checkpoints/tft-epoch=39-val_loss=0.3950.ckpt"
}