{
  "evaluation_timestamp": "2025-10-27T12:01:32.411328",
  "statistical_metrics": {
    "mse": 1.186570167541504,
    "rmse": 1.0892980098724365,
    "mae": 0.7766616940498352,
    "mape": 228.45091819763184,
    "r2": -0.008334875106811523,
    "mean_error": -0.0920935720205307,
    "std_error": 1.0853980779647827
  },
  "financial_metrics": {
    "directional_accuracy": 0.53671875,
    "sharpe_ratio": 0.8329736080938573,
    "max_drawdown": -0.2524605989456177,
    "total_return": 0.9216080904006958,
    "hit_rate": 0.53671875,
    "num_trades": 1280,
    "precision": 0.53671875,
    "recall": 1.0,
    "f1_score": 0.6985256736146417,
    "confusion_matrix": [
      [
        0,
        593
      ],
      [
        0,
        687
      ]
    ],
    "auc_roc": 0.49131424110989197,
    "alpha": 0.0
  },
  "residual_diagnostics": {
    "normality_p_value": 5.60216322629542e-40,
    "acf_lag1": -0.03514902370571002,
    "skewness": 0.06044219230883274,
    "kurtosis": 6.532413752399998
  },
  "mode_stats": {
    "healthy_days": 30,
    "degraded_days": 0,
    "unidirectional_days": 1068,
    "weak_collapse_days": 135,
    "strong_collapse_days": 47,
    "total_days": 1280,
    "healthy_pct": 2.34375,
    "degraded_pct": 0.0,
    "unidirectional_pct": 83.4375,
    "weak_collapse_pct": 10.546875,
    "strong_collapse_pct": 3.671875
  },
  "collapse_detected": true,
  "degradation_detected": true,
  "checkpoint_used": "experiments/00_baseline_exploration/sweep_hidden_64/checkpoints/tft-epoch=00-val_loss=0.1633.ckpt"
}