{
  "evaluation_timestamp": "2025-10-27T12:00:52.178542",
  "statistical_metrics": {
    "mse": 1.16689133644104,
    "rmse": 1.0802274942398071,
    "mae": 0.7649345397949219,
    "mape": 211.3173007965088,
    "r2": -0.0031434297561645508,
    "mean_error": -0.06308688223361969,
    "std_error": 1.0783836841583252
  },
  "financial_metrics": {
    "directional_accuracy": 0.535483870967742,
    "sharpe_ratio": 0.8480256095094529,
    "max_drawdown": -0.2524600625038147,
    "total_return": 0.9006913900375366,
    "hit_rate": 0.535483870967742,
    "num_trades": 1240,
    "precision": 0.535483870967742,
    "recall": 1.0,
    "f1_score": 0.6974789915966386,
    "confusion_matrix": [
      [
        0,
        576
      ],
      [
        0,
        664
      ]
    ],
    "auc_roc": 0.5376231488453815,
    "alpha": 0.0
  },
  "residual_diagnostics": {
    "normality_p_value": 6.236786565507734e-41,
    "acf_lag1": -0.02999247319224934,
    "skewness": 0.1494500414880341,
    "kurtosis": 6.858416274235868
  },
  "mode_stats": {
    "healthy_days": 29,
    "degraded_days": 1,
    "unidirectional_days": 333,
    "weak_collapse_days": 832,
    "strong_collapse_days": 45,
    "total_days": 1240,
    "healthy_pct": 2.338709677419355,
    "degraded_pct": 0.08064516129032258,
    "unidirectional_pct": 26.85483870967742,
    "weak_collapse_pct": 67.0967741935484,
    "strong_collapse_pct": 3.6290322580645165
  },
  "collapse_detected": true,
  "degradation_detected": true,
  "checkpoint_used": "experiments/00_baseline_exploration/sweep_combo1/checkpoints/tft-epoch=01-val_loss=0.1494.ckpt"
}