{
  "evaluation_timestamp": "2025-10-30T03:19:01.326975",
  "statistical_metrics": {
    "mse": 1.1581400632858276,
    "rmse": 1.0761691331863403,
    "mae": 0.7649515271186829,
    "mape": 119.99509334564209,
    "r2": 0.0043798089027404785,
    "mean_error": 0.019158005714416504,
    "std_error": 1.0759986639022827
  },
  "financial_metrics": {
    "directional_accuracy": 0.5370967741935484,
    "sharpe_ratio": 0.9287704098521615,
    "max_drawdown": -0.24799300730228424,
    "total_return": 0.9759054183959961,
    "hit_rate": 0.4959677419354839,
    "num_trades": 1140,
    "precision": 0.5394736842105263,
    "recall": 0.9262048192771084,
    "f1_score": 0.6818181818181819,
    "confusion_matrix": [
      [
        51,
        525
      ],
      [
        49,
        615
      ]
    ],
    "auc_roc": 0.5001856383868808,
    "alpha": 0.07521402835845947
  },
  "residual_diagnostics": {
    "normality_p_value": 1.0717700376608303e-38,
    "acf_lag1": -0.023923006821445353,
    "skewness": 0.03186149459012195,
    "kurtosis": 6.531931267547414
  },
  "mode_stats": {
    "healthy_days": 407,
    "degraded_days": 124,
    "unidirectional_days": 695,
    "weak_collapse_days": 14,
    "strong_collapse_days": 0,
    "total_days": 1240,
    "healthy_pct": 32.822580645161295,
    "degraded_pct": 10.0,
    "unidirectional_pct": 56.048387096774185,
    "weak_collapse_pct": 1.129032258064516,
    "strong_collapse_pct": 0.0
  },
  "collapse_detected": true,
  "degradation_detected": true,
  "checkpoint_used": "experiments/00_baseline_exploration/sweep_combo1/checkpoints/tft-epoch=32-val_loss=0.4014.ckpt"
}