{
  "evaluation_timestamp": "2025-10-27T12:04:30.045487",
  "statistical_metrics": {
    "mse": 1.1784509420394897,
    "rmse": 1.0855648517608643,
    "mae": 0.7724916338920593,
    "mape": 152.15739011764526,
    "r2": -0.0014352798461914062,
    "mean_error": -0.01401536911725998,
    "std_error": 1.0854742527008057
  },
  "financial_metrics": {
    "directional_accuracy": 0.53046875,
    "sharpe_ratio": 0.7570541035174349,
    "max_drawdown": -0.2524605989456177,
    "total_return": 0.7911633253097534,
    "hit_rate": 0.52734375,
    "num_trades": 1264,
    "precision": 0.5340189873417721,
    "recall": 0.982532751091703,
    "f1_score": 0.6919528446950283,
    "confusion_matrix": [
      [
        4,
        589
      ],
      [
        12,
        675
      ]
    ],
    "auc_roc": 0.5154851236281607,
    "alpha": -0.13044476509094238
  },
  "residual_diagnostics": {
    "normality_p_value": 1.437911680903339e-40,
    "acf_lag1": -0.03521311797348875,
    "skewness": 0.10936406624375834,
    "kurtosis": 6.58227421703398
  },
  "mode_stats": {
    "healthy_days": 41,
    "degraded_days": 62,
    "unidirectional_days": 858,
    "weak_collapse_days": 302,
    "strong_collapse_days": 17,
    "total_days": 1280,
    "healthy_pct": 3.2031249999999996,
    "degraded_pct": 4.84375,
    "unidirectional_pct": 67.03125,
    "weak_collapse_pct": 23.59375,
    "strong_collapse_pct": 1.328125
  },
  "collapse_detected": true,
  "degradation_detected": true,
  "checkpoint_used": "experiments/01_staleness_features_fixed/sweep_stale_h16_drop0.35_lr5/checkpoints/tft-epoch=01-val_loss=0.1506.ckpt"
}