{
  "evaluation_timestamp": "2025-10-30T03:29:19.958892",
  "statistical_metrics": {
    "mse": 1.1744859218597412,
    "rmse": 1.0837370157241821,
    "mae": 0.7725124955177307,
    "mape": 141.80514812469482,
    "r2": 0.0019341707229614258,
    "mean_error": -0.003545807208865881,
    "std_error": 1.0837312936782837
  },
  "financial_metrics": {
    "directional_accuracy": 0.53671875,
    "sharpe_ratio": 0.8329736080938573,
    "max_drawdown": -0.2524605989456177,
    "total_return": 0.9216080904006958,
    "hit_rate": 0.53671875,
    "num_trades": 1280,
    "precision": 0.53671875,
    "recall": 1.0,
    "f1_score": 0.6985256736146417,
    "confusion_matrix": [
      [
        0,
        593
      ],
      [
        0,
        687
      ]
    ],
    "auc_roc": 0.48716098293776744,
    "alpha": 0.0
  },
  "residual_diagnostics": {
    "normality_p_value": 4.802790853133535e-39,
    "acf_lag1": -0.03511875636921619,
    "skewness": 0.02877090187439653,
    "kurtosis": 6.339665643662615
  },
  "mode_stats": {
    "healthy_days": 30,
    "degraded_days": 0,
    "unidirectional_days": 1203,
    "weak_collapse_days": 40,
    "strong_collapse_days": 7,
    "total_days": 1280,
    "healthy_pct": 2.34375,
    "degraded_pct": 0.0,
    "unidirectional_pct": 93.984375,
    "weak_collapse_pct": 3.125,
    "strong_collapse_pct": 0.546875
  },
  "collapse_detected": true,
  "degradation_detected": true,
  "checkpoint_used": "experiments/01_staleness_features_fixed/sweep_stale_h16_drop0.35_lr5/checkpoints/tft-epoch=83-val_loss=0.3948.ckpt"
}