{
  "evaluation_timestamp": "2025-10-22T23:16:07.182516",
  "statistical_metrics": {
    "mse": 1.1784509420394897,
    "rmse": 1.0855648517608643,
    "mae": 0.7724916338920593,
    "mape": 152.1573781967163,
    "r2": -0.0014352798461914062,
    "mean_error": -0.014015352353453636,
    "std_error": 1.0854743719100952
  },
  "financial_metrics": {
    "directional_accuracy": 0.53046875,
    "sharpe_ratio": 0.7570541035174349,
    "max_drawdown": -0.2524605989456177,
    "total_return": 0.7911633253097534,
    "hit_rate": 0.52734375,
    "num_trades": 1264,
    "precision": 0.5340189873417721,
    "recall": 0.982532751091703,
    "f1_score": 0.6919528446950283,
    "confusion_matrix": [
      [
        4,
        589
      ],
      [
        12,
        675
      ]
    ],
    "auc_roc": 0.5154851236281607,
    "alpha": -0.13044476509094238
  },
  "residual_diagnostics": {
    "normality_p_value": 1.437937683284156e-40,
    "acf_lag1": -0.035213112712503526,
    "skewness": 0.10936407294838583,
    "kurtosis": 6.58227227807078
  },
  "checkpoint_used": "experiments/sweep_stale_h16_drop0.35_lr5/checkpoints/tft-epoch=01-val_loss=0.1506.ckpt"
}