{
  "period_statistics": {
    "2020": {
      "n_samples": 92,
      "entropy_mean": 2.91707444190979,
      "entropy_std": 0.09137266874313354,
      "attention_concentration": 0.050223834812641144,
      "top_features": [
        [
          "t-1",
          0.055917974561452866
        ],
        [
          "t-2",
          0.054659079760313034
        ],
        [
          "t-3",
          0.053600963205099106
        ],
        [
          "t-4",
          0.0528981052339077
        ],
        [
          "t-5",
          0.05239233374595642
        ]
      ],
      "mean_attention": [
        0.04169571027159691,
        0.044889211654663086,
        0.04544094204902649,
        0.04683981090784073,
        0.04800916835665703,
        0.04881623387336731,
        0.04934631288051605,
        0.049665480852127075,
        0.04999469220638275,
        0.05019808188080788,
        0.05040118843317032,
        0.05065121874213219,
        0.05092136189341545,
        0.051634009927511215,
        0.052028149366378784,
        0.05239233374595642,
        0.0528981052339077,
        0.053600963205099106,
        0.054659079760313034,
        0.055917974561452866
      ],
      "std_attention": [
        0.02253531664609909,
        0.02082355134189129,
        0.0190604068338871,
        0.01877088099718094,
        0.018699750304222107,
        0.018738707527518272,
        0.018661383539438248,
        0.018592525273561478,
        0.01868279092013836,
        0.01879722811281681,
        0.018955742940306664,
        0.019249290227890015,
        0.019591525197029114,
        0.02039574459195137,
        0.021050142124295235,
        0.02193690836429596,
        0.023435205221176147,
        0.025661280378699303,
        0.02920309081673622,
        0.03361146152019501
      ]
    },
    "2021": {
      "n_samples": 250,
      "entropy_mean": 2.90256929397583,
      "entropy_std": 0.13609914481639862,
      "attention_concentration": 0.05050475150346756,
      "top_features": [
        [
          "t-1",
          0.058447010815143585
        ],
        [
          "t-2",
          0.05681668594479561
        ],
        [
          "t-3",
          0.0552920363843441
        ],
        [
          "t-4",
          0.05399393290281296
        ],
        [
          "t-5",
          0.05316149815917015
        ]
      ],
      "mean_attention": [
        0.035599514842033386,
        0.04181613400578499,
        0.04463667422533035,
        0.046684034168720245,
        0.04807612672448158,
        0.048898469656705856,
        0.049351174384355545,
        0.04965153709053993,
        0.04993310943245888,
        0.050198595970869064,
        0.050549719482660294,
        0.050971630960702896,
        0.05152718722820282,
        0.051930591464042664,
        0.052464235574007034,
        0.05316149815917015,
        0.05399393290281296,
        0.0552920363843441,
        0.05681668594479561,
        0.058447010815143585
      ],
      "std_attention": [
        0.01601014845073223,
        0.02063104510307312,
        0.020917033776640892,
        0.020813090726733208,
        0.020910564810037613,
        0.020788000896573067,
        0.020772699266672134,
        0.020678488537669182,
        0.020779641345143318,
        0.02099030837416649,
        0.02129756100475788,
        0.02157852239906788,
        0.02209095098078251,
        0.022640375420451164,
        0.023376381024718285,
        0.024723021313548088,
        0.026210753247141838,
        0.030589384958148003,
        0.03624113276600838,
        0.04154260456562042
      ]
    },
    "2022": {
      "n_samples": 249,
      "entropy_mean": 2.8612730503082275,
      "entropy_std": 0.12208940833806992,
      "attention_concentration": 0.051495496183633804,
      "top_features": [
        [
          "t-1",
          0.06827078759670258
        ],
        [
          "t-2",
          0.0643402487039566
        ],
        [
          "t-3",
          0.06113600730895996
        ],
        [
          "t-4",
          0.05844147130846977
        ],
        [
          "t-5",
          0.05621117725968361
        ]
      ],
      "mean_attention": [
        0.02987857349216938,
        0.03941894695162773,
        0.0422867089509964,
        0.044074252247810364,
        0.0450335256755352,
        0.04553413391113281,
        0.04604829475283623,
        0.046714331954717636,
        0.04727073386311531,
        0.04800257086753845,
        0.0489858016371727,
        0.05009942129254341,
        0.051272839307785034,
        0.052692487835884094,
        0.05428760126233101,
        0.05621117725968361,
        0.05844147130846977,
        0.06113600730895996,
        0.0643402487039566,
        0.06827078759670258
      ],
      "std_attention": [
        0.021907562389969826,
        0.026052793487906456,
        0.02500520646572113,
        0.023714708164334297,
        0.022334478795528412,
        0.02117878571152687,
        0.020374417304992676,
        0.02016986906528473,
        0.019911298528313637,
        0.019795240834355354,
        0.02007357031106949,
        0.020742032676935196,
        0.021557064726948738,
        0.022807160392403603,
        0.024129463359713554,
        0.025940706953406334,
        0.02882600948214531,
        0.03300192207098007,
        0.03834099695086479,
        0.04628874734044075
      ]
    },
    "2023": {
      "n_samples": 249,
      "entropy_mean": 2.964566707611084,
      "entropy_std": 0.05167023092508316,
      "attention_concentration": 0.05012074112892151,
      "top_features": [
        [
          "t-1",
          0.05157432332634926
        ],
        [
          "t-14",
          0.05139975622296333
        ],
        [
          "t-15",
          0.051350682973861694
        ],
        [
          "t-2",
          0.051243215799331665
        ],
        [
          "t-13",
          0.05118170008063316
        ]
      ],
      "mean_attention": [
        0.04082346707582474,
        0.045745640993118286,
        0.04837299883365631,
        0.050098419189453125,
        0.05098256841301918,
        0.051350682973861694,
        0.05139975622296333,
        0.05118170008063316,
        0.051037006080150604,
        0.05093419551849365,
        0.050767723470926285,
        0.05062060430645943,
        0.050509579479694366,
        0.050460271537303925,
        0.05052860826253891,
        0.05061255395412445,
        0.05078289657831192,
        0.05097375065088272,
        0.051243215799331665,
        0.05157432332634926
      ],
      "std_attention": [
        0.010548630729317665,
        0.012103603221476078,
        0.01252495776861906,
        0.012491733767092228,
        0.012158042751252651,
        0.011830615811049938,
        0.011674601584672928,
        0.01134364865720272,
        0.011380369774997234,
        0.011461657471954823,
        0.011577594093978405,
        0.011744964867830276,
        0.01199276465922594,
        0.012279191054403782,
        0.01268760021775961,
        0.013300616294145584,
        0.014138414524495602,
        0.015198579989373684,
        0.017000682651996613,
        0.019005240872502327
      ]
    },
    "2024": {
      "n_samples": 250,
      "entropy_mean": 2.929076671600342,
      "entropy_std": 0.22110597789287567,
      "attention_concentration": 0.05013950914144516,
      "top_features": [
        [
          "t-1",
          0.05425255000591278
        ],
        [
          "t-2",
          0.05360664054751396
        ],
        [
          "t-3",
          0.05305922031402588
        ],
        [
          "t-4",
          0.052554816007614136
        ],
        [
          "t-5",
          0.05203976482152939
        ]
      ],