{
  "period_statistics": {
    "2020": {
      "n_samples": 92,
      "entropy_mean": 2.9846291542053223,
      "entropy_std": 0.003792575793340802,
      "attention_concentration": 0.05001980811357498,
      "top_features": [
        [
          "t-1",
          0.05200839415192604
        ],
        [
          "t-2",
          0.05170319974422455
        ],
        [
          "t-3",
          0.051416538655757904
        ],
        [
          "t-4",
          0.051162201911211014
        ],
        [
          "t-5",
          0.050935231149196625
        ]
      ],
      "mean_attention": [
        0.04934879019856453,
        0.04866330698132515,
        0.048543915152549744,
        0.04886152595281601,
        0.049132462590932846,
        0.04930578172206879,
        0.04942440986633301,
        0.049506571143865585,
        0.049594081938266754,
        0.04965982586145401,
        0.04973125085234642,
        0.0498211532831192,
        0.04992271959781647,
        0.0505240336060524,
        0.05073458328843117,
        0.050935231149196625,
        0.051162201911211014,
        0.051416538655757904,
        0.05170319974422455,
        0.05200839415192604
      ],
      "std_attention": [
        0.007952780462801456,
        0.007275131531059742,
        0.007343413308262825,
        0.007430578116327524,
        0.007522841915488243,
        0.007579724304378033,
        0.007597737479954958,
        0.007621902506798506,
        0.0076320962980389595,
        0.007640565279871225,
        0.007644943427294493,
        0.0076587931253015995,
        0.007643172983080149,
        0.008677237667143345,
        0.008698886260390282,
        0.008751758374273777,
        0.008784955367445946,
        0.008861225098371506,
        0.00894806906580925,
        0.009066886268556118
      ]
    },
    "2021": {
      "n_samples": 250,
      "entropy_mean": 2.977484941482544,
      "entropy_std": 0.006574105005711317,
      "attention_concentration": 0.050038255751132965,
      "top_features": [
        [
          "t-1",
          0.052563976496458054
        ],
        [
          "t-2",
          0.052218060940504074
        ],
        [
          "t-3",
          0.051876991987228394
        ],
        [
          "t-4",
          0.05154804140329361
        ],
        [
          "t-5",
          0.05123463645577431
        ]
      ],
      "mean_attention": [
        0.04800863936543465,
        0.04794781655073166,
        0.048083096742630005,
        0.0484672412276268,
        0.048788126558065414,
        0.04904690757393837,
        0.049244318157434464,
        0.04941967502236366,
        0.04958789050579071,
        0.04976029694080353,
        0.049953702837228775,
        0.050178010016679764,
        0.050425801426172256,
        0.050692118704319,
        0.050954632461071014,
        0.05123463645577431,
        0.05154804140329361,
        0.051876991987228394,
        0.052218060940504074,
        0.052563976496458054
      ],
      "std_attention": [
        0.009681113995611668,
        0.010064600966870785,
        0.010052698664367199,
        0.010118710808455944,
        0.010155834257602692,
        0.010186638683080673,
        0.010213867761194706,
        0.010214468464255333,
        0.010224544443190098,
        0.010238679125905037,
        0.010284079238772392,
        0.010349513962864876,
        0.010430194437503815,
        0.010569793172180653,
        0.010657905600965023,
        0.010749279521405697,
        0.010905848816037178,
        0.011056613177061081,
        0.011266952380537987,
        0.011409998871386051
      ]
    },
    "2022": {
      "n_samples": 249,
      "entropy_mean": 2.984518051147461,
      "entropy_std": 0.005002033896744251,
      "attention_concentration": 0.050044845789670944,
      "top_features": [
        [
          "t-1",
          0.05275553837418556
        ],
        [
          "t-2",
          0.05235783010721207
        ],
        [
          "t-3",
          0.05197826027870178
        ],
        [
          "t-4",
          0.05162583664059639
        ],
        [
          "t-5",
          0.05129976570606232
        ]
      ],
      "mean_attention": [
        0.047291506081819534,
        0.04758068919181824,
        0.04803998023271561,
        0.048537518829107285,
        0.04890206456184387,
        0.04914126545190811,
        0.04933043196797371,
        0.04949626326560974,
        0.04965102672576904,
        0.049824345856904984,
        0.05001865327358246,
        0.05022270977497101,
        0.050446491688489914,
        0.05051835626363754,
        0.05098148062825203,
        0.05129976570606232,
        0.05162583664059639,
        0.05197826027870178,
        0.05235783010721207,
        0.05275553837418556
      ],
      "std_attention": [
        0.007176775485277176,
        0.007674726191908121,
        0.007806107401847839,
        0.007896573282778263,
        0.007933889515697956,
        0.007936462759971619,
        0.007917869836091995,
        0.007895496673882008,
        0.00787048228085041,
        0.007886226288974285,
        0.007903944700956345,
        0.007904700003564358,
        0.007920986041426659,
        0.007530979812145233,
        0.00812501274049282,
        0.008235543966293335,
        0.008361623622477055,
        0.00850413553416729,
        0.008667086251080036,
        0.008838764391839504
      ]
    },
    "2023": {
      "n_samples": 249,
      "entropy_mean": 2.9376134872436523,
      "entropy_std": 0.03229833394289017,
      "attention_concentration": 0.05000617727637291,
      "top_features": [
        [
          "t-1",
          0.051121786236763
        ],
        [
          "t-2",
          0.05103868991136551
        ],
        [
          "t-3",
          0.05085637792944908
        ],
        [
          "t-4",
          0.050702404230833054
        ],
        [
          "t-5",
          0.050560083240270615
        ]
      ],
      "mean_attention": [
        0.04930359497666359,
        0.049135010689496994,
        0.049287762492895126,
        0.04952680319547653,
        0.049674469977617264,
        0.04975332319736481,
        0.04978768900036812,
        0.04979380965232849,
        0.049809835851192474,
        0.04984874650835991,
        0.04987877234816551,
        0.04991328343749046,
        0.04997345060110092,
        0.050062939524650574,
        0.049971118569374084,
        0.050560083240270615,
        0.050702404230833054,
        0.05085637792944908,
        0.05103868991136551,
        0.051121786236763
      ],
      "std_attention": [
        0.018241992220282555,
        0.01969570852816105,
        0.019879892468452454,
        0.020115014165639877,
        0.02025088109076023,
        0.020328443497419357,
        0.02039307728409767,
        0.02043314278125763,
        0.02046280726790428,
        0.020524218678474426,
        0.020548846572637558,
        0.02057810127735138,
        0.020632542669773102,
        0.02075856551527977,
        0.02066618949174881,
        0.022044366225600243,
        0.022158414125442505,
        0.022295678034424782,
        0.022539258003234863,
        0.022156793624162674
      ]
    },
    "2024": {
      "n_samples": 250,
      "entropy_mean": 2.9314799308776855,
      "entropy_std": 0.02878306247293949,
      "attention_concentration": 0.050016872584819794,
      "top_features": [
        [
          "t-1",
          0.05158855766057968
        ],
        [
          "t-2",
          0.05136123672127724
        ],
        [
          "t-3",
          0.05112669989466667
        ],
        [
          "t-6",
          0.05107995122671127
        ],
        [
          "t-4",
          0.05093729868531227
        ]
      ],