{
  "period_statistics": {
    "2020": {
      "n_samples": 92,
      "entropy_mean": 2.99007511138916,
      "entropy_std": 0.0031260305549949408,
      "attention_concentration": 0.05048231780529022,
      "top_features": [
        [
          "t-1",
          0.062297653406858444
        ],
        [
          "t-2",
          0.059449512511491776
        ],
        [
          "t-3",
          0.056913577020168304
        ],
        [
          "t-4",
          0.05471903830766678
        ],
        [
          "t-20",
          0.05327669531106949
        ]
      ],
      "mean_attention": [
        0.05327669531106949,
        0.048367563635110855,
        0.04747489094734192,
        0.04637221246957779,
        0.04566268250346184,
        0.04538101702928543,
        0.045355912297964096,
        0.045523300766944885,
        0.04585334658622742,
        0.046309467405080795,
        0.046913281083106995,
        0.04768095910549164,
        0.04863550886511803,
        0.049801070243120193,
        0.05118276923894882,
        0.0528295673429966,
        0.05471903830766678,
        0.056913577020168304,
        0.059449512511491776,
        0.062297653406858444
      ],
      "std_attention": [
        0.0026665988843888044,
        0.0021036553662270308,
        0.002030691597610712,
        0.0019130365690216422,
        0.0019346234621480107,
        0.0018626940436661243,
        0.00182126194704324,
        0.0018254719907417893,
        0.0018789496971294284,
        0.001922458061017096,
        0.0019809931982308626,
        0.0020392409060150385,
        0.0020728108938783407,
        0.0020957679953426123,
        0.00212429859675467,
        0.0021955070551484823,
        0.00233713467605412,
        0.0025777211412787437,
        0.0030052613001316786,
        0.0036436552181839943
      ]
    },
    "2021": {
      "n_samples": 250,
      "entropy_mean": 2.941664457321167,
      "entropy_std": 0.03482523187994957,
      "attention_concentration": 0.05049358308315277,
      "top_features": [
        [
          "t-1",
          0.06072622910141945
        ],
        [
          "t-2",
          0.05897718667984009
        ],
        [
          "t-3",
          0.05718781426548958
        ],
        [
          "t-4",
          0.0553898960351944
        ],
        [
          "t-20",
          0.05461760237812996
        ]
      ],
      "mean_attention": [
        0.05461760237812996,
        0.04907331243157387,
        0.047803111374378204,
        0.04642339423298836,
        0.04548346996307373,
        0.04498901963233948,
        0.044745106250047684,
        0.04482715204358101,
        0.045192401856184006,
        0.045731134712696075,
        0.04652412235736847,
        0.04756779223680496,
        0.048858799040317535,
        0.05033377557992935,
        0.05193633958697319,
        0.053612325340509415,
        0.0553898960351944,
        0.05718781426548958,
        0.05897718667984009,
        0.06072622910141945
      ],
      "std_attention": [
        0.02198200859129429,
        0.01932782493531704,
        0.018205326050519943,
        0.01699024811387062,
        0.01591184176504612,
        0.015170971862971783,
        0.014551585540175438,
        0.014125463552772999,
        0.013937391340732574,
        0.01383791584521532,
        0.013849891722202301,
        0.013945109210908413,
        0.014192459173500538,
        0.014559037052094936,
        0.015181269496679306,
        0.01579401269555092,
        0.016423247754573822,
        0.017086515203118324,
        0.018051667138934135,
        0.019288744777441025
      ]
    },
    "2022": {
      "n_samples": 249,
      "entropy_mean": 2.983844518661499,
      "entropy_std": 0.010935850441455841,
      "attention_concentration": 0.050431329756975174,
      "top_features": [
        [
          "t-20",
          0.06505093723535538
        ],
        [
          "t-19",
          0.05940445885062218
        ],
        [
          "t-18",
          0.05575849488377571
        ],
        [
          "t-17",
          0.05218560993671417
        ],
        [
          "t-16",
          0.04978484287858009
        ]
      ],
      "mean_attention": [
        0.06505093723535538,
        0.05940445885062218,
        0.05575849488377571,
        0.05218560993671417,
        0.04978484287858009,
        0.0482562817633152,
        0.04742778465151787,
        0.04698115214705467,
        0.04675954952836037,
        0.04677971452474594,
        0.04694017022848129,
        0.047188688069581985,
        0.047503646463155746,
        0.0478723905980587,
        0.048234131187200546,
        0.0485636331140995,
        0.04877763241529465,
        0.04888775199651718,
        0.04888591170310974,
        0.04875726252794266
      ],
      "std_attention": [
        0.011440765112638474,
        0.009925802238285542,
        0.008238750509917736,
        0.0068958112969994545,
        0.005972436163574457,
        0.005343394819647074,
        0.0049079409800469875,
        0.004663132131099701,
        0.004463840276002884,
        0.004384683445096016,
        0.004368130583316088,
        0.004391978960484266,
        0.004477826878428459,
        0.004733907990157604,
        0.005096006207168102,
        0.005489635746926069,
        0.0059431386180222034,
        0.006421039346605539,
        0.006866340059787035,
        0.0072920979000627995
      ]
    },
    "2023": {
      "n_samples": 249,
      "entropy_mean": 2.9139370918273926,
      "entropy_std": 0.07296161353588104,
      "attention_concentration": 0.05164482444524765,
      "top_features": [
        [
          "t-1",
          0.06728740781545639
        ],
        [
          "t-2",
          0.06542827188968658
        ],
        [
          "t-3",
          0.0633026733994484
        ],
        [
          "t-4",
          0.060936540365219116
        ],
        [
          "t-5",
          0.05835770443081856
        ]
      ],
      "mean_attention": [
        0.05544913932681084,
        0.048155490309000015,
        0.0444825179874897,
        0.04164084792137146,
        0.040009718388319016,
        0.03934377804398537,
        0.039471231400966644,
        0.040213052183389664,
        0.04148053005337715,
        0.043172162026166916,
        0.045196957886219025,
        0.04752225801348686,
        0.050090767443180084,
        0.05283120274543762,
        0.05562778562307358,
        0.05835770443081856,
        0.060936540365219116,
        0.0633026733994484,
        0.06542827188968658,
        0.06728740781545639
      ],
      "std_attention": [
        0.0347098745405674,
        0.027564967051148415,
        0.02401483803987503,
        0.02107333019375801,
        0.018337761983275414,
        0.015967877581715584,
        0.014499678276479244,
        0.013516036793589592,
        0.012750242836773396,
        0.012149388901889324,
        0.011740507557988167,
        0.011676516383886337,
        0.012090523727238178,
        0.013112310320138931,
        0.014575175009667873,
        0.01650322414934635,
        0.018641408532857895,
        0.020910263061523438,
        0.023265739902853966,
        0.025588467717170715
      ]
    },
    "2024": {
      "n_samples": 250,
      "entropy_mean": 2.787888288497925,
      "entropy_std": 0.1491439789533615,
      "attention_concentration": 0.05668194591999054,
      "top_features": [
        [
          "t-1",
          0.09104134887456894
        ],
        [
          "t-2",
          0.08454260230064392
        ],
        [
          "t-3",
          0.07816237956285477
        ],
        [
          "t-4",
          0.07186513394117355
        ],
        [
          "t-5",
          0.06559845805168152
        ]
      ],