{
  "period_statistics": {
    "2020": {
      "n_samples": 92,
      "entropy_mean": 2.9050869941711426,
      "entropy_std": 0.12777520716190338,
      "attention_concentration": 0.05040935054421425,
      "top_features": [
        [
          "t-1",
          0.06123559921979904
        ],
        [
          "t-2",
          0.05872051790356636
        ],
        [
          "t-3",
          0.05636809766292572
        ],
        [
          "t-4",
          0.0542764775454998
        ],
        [
          "t-5",
          0.05265384167432785
        ]
      ],
      "mean_attention": [
        0.04229090362787247,
        0.044276900589466095,
        0.046138469129800797,
        0.04722742363810539,
        0.047765813767910004,
        0.04807164520025253,
        0.04816776141524315,
        0.04815342649817467,
        0.04830329865217209,
        0.04838477447628975,
        0.04856542497873306,
        0.04884171113371849,
        0.04925207421183586,
        0.05009429529309273,
        0.05121152475476265,
        0.05265384167432785,
        0.0542764775454998,
        0.05636809766292572,
        0.05872051790356636,
        0.06123559921979904
      ],
      "std_attention": [
        0.018489278852939606,
        0.018992574885487556,
        0.019259344786405563,
        0.019177308306097984,
        0.018840234726667404,
        0.018630435690283775,
        0.01813686452805996,
        0.017586495727300644,
        0.01742318831384182,
        0.017234323546290398,
        0.017272278666496277,
        0.017352864146232605,
        0.017548559233546257,
        0.018606754019856453,
        0.020610906183719635,
        0.023779425770044327,
        0.0270820502191782,
        0.0320361852645874,
        0.03844882547855377,
        0.04651157185435295
      ]
    },
    "2021": {
      "n_samples": 250,
      "entropy_mean": 2.896843194961548,
      "entropy_std": 0.19925972819328308,
      "attention_concentration": 0.050058141350746155,
      "top_features": [
        [
          "t-1",
          0.055435530841350555
        ],
        [
          "t-2",
          0.05360234156250954
        ],
        [
          "t-3",
          0.05172966420650482
        ],
        [
          "t-4",
          0.050115879625082016
        ],
        [
          "t-16",
          0.04991709068417549
        ]
      ],
      "mean_attention": [
        0.04738831892609596,
        0.049384813755750656,
        0.04976547136902809,
        0.049879640340805054,
        0.04991709068417549,
        0.049809060990810394,
        0.049657419323921204,
        0.0494912751019001,
        0.049380507320165634,
        0.04922013729810715,
        0.04918414354324341,
        0.049092378467321396,
        0.04920459911227226,
        0.04916376248002052,
        0.04907333105802536,
        0.04950474202632904,
        0.050115879625082016,
        0.05172966420650482,
        0.05360234156250954,
        0.055435530841350555
      ],
      "std_attention": [
        0.019574027508497238,
        0.020432056859135628,
        0.020046140998601913,
        0.019591663032770157,
        0.01975826360285282,
        0.019859299063682556,
        0.02029750496149063,
        0.020563488826155663,
        0.02097655087709427,
        0.02095780521631241,
        0.02146662212908268,
        0.02125922590494156,
        0.02199755609035492,
        0.022512923926115036,
        0.022878281772136688,
        0.025721149519085884,
        0.028715411201119423,
        0.03616873174905777,
        0.04619232565164566,
        0.05488866567611694
      ]
    },
    "2022": {
      "n_samples": 249,
      "entropy_mean": 2.6660594940185547,
      "entropy_std": 0.32527393102645874,
      "attention_concentration": 0.05130865052342415,
      "top_features": [
        [
          "t-1",
          0.07601101696491241
        ],
        [
          "t-2",
          0.06569293141365051
        ],
        [
          "t-3",
          0.05936729907989502
        ],
        [
          "t-4",
          0.054833896458148956
        ],
        [
          "t-5",
          0.051835011690855026
        ]
      ],
      "mean_attention": [
        0.04205167666077614,
        0.044230762869119644,
        0.046888567507267,
        0.047832559794187546,
        0.047359876334667206,
        0.04647252708673477,
        0.04580779746174812,
        0.04540521278977394,
        0.04490727558732033,
        0.04473578929901123,
        0.04525216296315193,
        0.04614543542265892,
        0.04711516574025154,
        0.048279281705617905,
        0.049775831401348114,
        0.051835011690855026,
        0.054833896458148956,
        0.05936729907989502,
        0.06569293141365051,
        0.07601101696491241
      ],
      "std_attention": [
        0.0343235619366169,
        0.035793960094451904,
        0.038159508258104324,
        0.038152944296598434,
        0.03657291457056999,
        0.03536544367671013,
        0.03462591394782066,
        0.034191615879535675,
        0.03308499976992607,
        0.03233037889003754,
        0.03318100422620773,
        0.034949641674757004,
        0.03687359765172005,
        0.03892361745238304,
        0.04142378643155098,
        0.04463822767138481,
        0.05080590024590492,
        0.06085747107863426,
        0.07323318719863892,
        0.1023489236831665
      ]
    },
    "2023": {
      "n_samples": 249,
      "entropy_mean": 2.9712607860565186,
      "entropy_std": 0.04558643326163292,
      "attention_concentration": 0.0500289648771286,
      "top_features": [
        [
          "t-1",
          0.05284135788679123
        ],
        [
          "t-2",
          0.05223461240530014
        ],
        [
          "t-3",
          0.0517016276717186
        ],
        [
          "t-4",
          0.05122234299778938
        ],
        [
          "t-5",
          0.05080496147274971
        ]
      ],
      "mean_attention": [
        0.04758050665259361,
        0.04908120259642601,
        0.04925912991166115,
        0.049343567341566086,
        0.04937291145324707,
        0.04938121140003204,
        0.04937851056456566,
        0.049242302775382996,
        0.049274880439043045,
        0.049425963312387466,
        0.04955103248357773,
        0.049708593636751175,
        0.04990541934967041,
        0.05017278343439102,
        0.05051702260971069,
        0.05080496147274971,
        0.05122234299778938,
        0.0517016276717186,
        0.05223461240530014,
        0.05284135788679123
      ],
      "std_attention": [
        0.012392982840538025,
        0.011563981883227825,
        0.011082221753895283,
        0.010503064841032028,
        0.009984037838876247,
        0.00965679157525301,
        0.009555432014167309,
        0.009150354191660881,
        0.009223300963640213,
        0.009397542104125023,
        0.00970685388892889,
        0.01001551654189825,
        0.010380782186985016,
        0.010733773931860924,
        0.011224287562072277,
        0.01190561056137085,
        0.01280976738780737,
        0.014249815605580807,
        0.01609187386929989,
        0.01829606108367443
      ]
    },
    "2024": {
      "n_samples": 250,
      "entropy_mean": 2.958444356918335,
      "entropy_std": 0.16558285057544708,
      "attention_concentration": 0.05009028688073158,
      "top_features": [
        [
          "t-1",
          0.05406636744737625
        ],
        [
          "t-2",
          0.053719472140073776
        ],
        [
          "t-3",
          0.053240418434143066
        ],
        [
          "t-4",
          0.05245279520750046
        ],
        [
          "t-5",
          0.051534153521060944
        ]
      ],