{
  "evaluation_timestamp": "2025-10-30T03:19:25.861597",
  "statistical_metrics": {
    "mse": 1.1564135551452637,
    "rmse": 1.075366735458374,
    "mae": 0.7640499472618103,
    "mape": 152.54029035568237,
    "r2": 0.005863964557647705,
    "mean_error": -0.0162337739020586,
    "std_error": 1.0752441883087158
  },
  "financial_metrics": {
    "directional_accuracy": 0.5379032258064517,
    "sharpe_ratio": 0.9183669432610613,
    "max_drawdown": -0.25245949625968933,
    "total_return": 1.0082297325134277,
    "hit_rate": 0.5233870967741936,
    "num_trades": 1207,
    "precision": 0.5376967688483845,
    "recall": 0.9774096385542169,
    "f1_score": 0.693746659540353,
    "confusion_matrix": [
      [
        18,
        558
      ],
      [
        15,
        649
      ]
    ],
    "auc_roc": 0.5012863955823292,
    "alpha": 0.10753834247589111
  },
  "residual_diagnostics": {
    "normality_p_value": 3.571267384997834e-38,
    "acf_lag1": -0.022972492196610392,
    "skewness": -0.0029036772045925733,
    "kurtosis": 6.413144494635636
  },
  "mode_stats": {
    "healthy_days": 194,
    "degraded_days": 84,
    "unidirectional_days": 962,
    "weak_collapse_days": 0,
    "strong_collapse_days": 0,
    "total_days": 1240,
    "healthy_pct": 15.645161290322582,
    "degraded_pct": 6.774193548387098,
    "unidirectional_pct": 77.58064516129032,
    "weak_collapse_pct": 0.0,
    "strong_collapse_pct": 0.0
  },
  "collapse_detected": false,
  "degradation_detected": true,
  "checkpoint_used": "experiments/00_baseline_exploration/sweep_combo3/checkpoints/tft-epoch=54-val_loss=0.3961.ckpt"
}