{
  "evaluation_timestamp": "2025-10-27T12:00:57.988922",
  "statistical_metrics": {
    "mse": 1.1851106882095337,
    "rmse": 1.0886279344558716,
    "mae": 0.7747258543968201,
    "mape": 300.0308036804199,
    "r2": -0.018806099891662598,
    "mean_error": -0.15041880309581757,
    "std_error": 1.0781859159469604
  },
  "financial_metrics": {
    "directional_accuracy": 0.535483870967742,
    "sharpe_ratio": 0.8480256095094529,
    "max_drawdown": -0.2524600625038147,
    "total_return": 0.9006913900375366,
    "hit_rate": 0.535483870967742,
    "num_trades": 1240,
    "precision": 0.535483870967742,
    "recall": 1.0,
    "f1_score": 0.6974789915966386,
    "confusion_matrix": [
      [
        0,
        576
      ],
      [
        0,
        664
      ]
    ],
    "auc_roc": 0.5393213478915663,
    "alpha": 0.0
  },
  "residual_diagnostics": {
    "normality_p_value": 9.36325699466165e-41,
    "acf_lag1": -0.03094808092230803,
    "skewness": 0.13482641348698376,
    "kurtosis": 6.860670460902341
  },
  "mode_stats": {
    "healthy_days": 29,
    "degraded_days": 0,
    "unidirectional_days": 907,
    "weak_collapse_days": 238,
    "strong_collapse_days": 66,
    "total_days": 1240,
    "healthy_pct": 2.338709677419355,
    "degraded_pct": 0.0,
    "unidirectional_pct": 73.14516129032258,
    "weak_collapse_pct": 19.193548387096772,
    "strong_collapse_pct": 5.32258064516129
  },
  "collapse_detected": true,
  "degradation_detected": true,
  "checkpoint_used": "experiments/00_baseline_exploration/sweep_combo3/checkpoints/tft-epoch=00-val_loss=0.1478.ckpt"
}