{
  "period_statistics": {
    "2020": {
      "n_samples": 92,
      "entropy_mean": 2.9860401153564453,
      "entropy_std": 0.009209143929183483,
      "attention_concentration": 0.05000999942421913,
      "top_features": [
        [
          "t-20",
          0.051773518323898315
        ],
        [
          "t-19",
          0.051545582711696625
        ],
        [
          "t-18",
          0.051109883934259415
        ],
        [
          "t-17",
          0.05060086399316788
        ],
        [
          "t-16",
          0.050199538469314575
        ]
      ],
      "mean_attention": [
        0.051773518323898315,
        0.051545582711696625,
        0.051109883934259415,
        0.05060086399316788,
        0.050199538469314575,
        0.04994228482246399,
        0.04979858547449112,
        0.04973609000444412,
        0.04971643537282944,
        0.04974871128797531,
        0.049797821789979935,
        0.049844857305288315,
        0.04989505931735039,
        0.04986513778567314,
        0.049734409898519516,
        0.04962502792477608,
        0.04949451982975006,
        0.049350738525390625,
        0.04919494688510895,
        0.049025941640138626
      ],
      "std_attention": [
        0.006978493649512529,
        0.007757971063256264,
        0.007905511185526848,
        0.007836880162358284,
        0.007682112976908684,
        0.007452367339283228,
        0.007251192349940538,
        0.0070287673734128475,
        0.006853445433080196,
        0.006654635071754456,
        0.006502590607851744,
        0.006345695815980434,
        0.006259546149522066,
        0.006187074352055788,
        0.006220895331352949,
        0.00631298404186964,
        0.0064324019476771355,
        0.006604101974517107,
        0.00685376301407814,
        0.007194368168711662
      ]
    },
    "2021": {
      "n_samples": 250,
      "entropy_mean": 2.9903478622436523,
      "entropy_std": 0.004041919484734535,
      "attention_concentration": 0.05007188767194748,
      "top_features": [
        [
          "t-20",
          0.05439038202166557
        ],
        [
          "t-19",
          0.05356360599398613
        ],
        [
          "t-18",
          0.05256618931889534
        ],
        [
          "t-17",
          0.05177474766969681
        ],
        [
          "t-16",
          0.051191896200180054
        ]
      ],
      "mean_attention": [
        0.05439038202166557,
        0.05356360599398613,
        0.05256618931889534,
        0.05177474766969681,
        0.051191896200180054,
        0.05076444894075394,
        0.05046623572707176,
        0.050229962915182114,
        0.05002991482615471,
        0.04984862729907036,
        0.04965735226869583,
        0.049448441714048386,
        0.049214400351047516,
        0.04891965538263321,
        0.04868074506521225,
        0.0484221875667572,
        0.04814250022172928,
        0.047852523624897,
        0.04756523668766022,
        0.047270990908145905
      ],
      "std_attention": [
        0.004455459304153919,
        0.0044549815356731415,
        0.004354957491159439,
        0.004286836367100477,
        0.004240839276462793,
        0.004230068996548653,
        0.004238244611769915,
        0.004231557250022888,
        0.004241459537297487,
        0.004272975027561188,
        0.0043168868869543076,
        0.00439027976244688,
        0.00448392191901803,
        0.004726588260382414,
        0.004869572818279266,
        0.0050270133651793,
        0.0052229976281523705,
        0.005447902251034975,
        0.0057128602638840675,
        0.006030635442584753
      ]
    },
    "2022": {
      "n_samples": 249,
      "entropy_mean": 2.9793994426727295,
      "entropy_std": 0.012093801982700825,
      "attention_concentration": 0.05040556564927101,
      "top_features": [
        [
          "t-20",
          0.061501067131757736
        ],
        [
          "t-19",
          0.05875375121831894
        ],
        [
          "t-18",
          0.05600164830684662
        ],
        [
          "t-17",
          0.053921155631542206
        ],
        [
          "t-16",
          0.0524371936917305
        ]
      ],
      "mean_attention": [
        0.061501067131757736,
        0.05875375121831894,
        0.05600164830684662,
        0.053921155631542206,
        0.0524371936917305,
        0.05140366405248642,
        0.0506429448723793,
        0.05006098747253418,
        0.049608927220106125,
        0.049199264496564865,
        0.04880627617239952,
        0.04841337725520134,
        0.04800448194146156,
        0.047638267278671265,
        0.047080013900995255,
        0.046525269746780396,
        0.04594909027218819,
        0.0453338623046875,
        0.04468667507171631,
        0.04403214156627655
      ],
      "std_attention": [
        0.009223999455571175,
        0.00885968841612339,
        0.008348592557013035,
        0.007929564453661442,
        0.0075825294479727745,
        0.007311628200113773,
        0.007102118339389563,
        0.00696157431229949,
        0.006900240201503038,
        0.0068876598961651325,
        0.0069264075718820095,
        0.007016823627054691,
        0.007148123346269131,
        0.007259799633175135,
        0.00752744497731328,
        0.007701712194830179,
        0.007864910177886486,
        0.00801232922822237,
        0.008144260384142399,
        0.008270641788840294
      ]
    },
    "2023": {
      "n_samples": 249,
      "entropy_mean": 2.988568067550659,
      "entropy_std": 0.003574955742806196,
      "attention_concentration": 0.05008357763290405,
      "top_features": [
        [
          "t-20",
          0.056686218827962875
        ],
        [
          "t-19",
          0.05407905951142311
        ],
        [
          "t-18",
          0.05225726217031479
        ],
        [
          "t-17",
          0.05105523020029068
        ],
        [
          "t-16",
          0.050290547311306
        ]
      ],
      "mean_attention": [
        0.056686218827962875,
        0.05407905951142311,
        0.05225726217031479,
        0.05105523020029068,
        0.050290547311306,
        0.04981885850429535,
        0.04953645169734955,
        0.04938307777047157,
        0.04928185045719147,
        0.04921355098485947,
        0.04916861280798912,
        0.0491202250123024,
        0.04906317964196205,
        0.04898681491613388,
        0.04900401458144188,
        0.048862915486097336,
        0.04874830320477486,
        0.048621952533721924,
        0.048488862812519073,
        0.04833294823765755
      ],
      "std_attention": [
        0.004815738182514906,
        0.004589097108691931,
        0.004579918459057808,
        0.004613440949469805,
        0.004655482713133097,
        0.004703540820628405,
        0.004766595549881458,
        0.004839414730668068,
        0.004920588806271553,
        0.00500871567055583,
        0.005122397560626268,
        0.005248173605650663,
        0.005389637313783169,
        0.005540770944207907,
        0.005546921864151955,
        0.00580590171739459,
        0.0059883263893425465,
        0.006167489103972912,
        0.006356466561555862,
        0.0065417164005339146
      ]
    },
    "2024": {
      "n_samples": 250,
      "entropy_mean": 2.9918594360351562,
      "entropy_std": 0.0024571979884058237,
      "attention_concentration": 0.05005872622132301,
      "top_features": [
        [
          "t-20",
          0.055621206760406494
        ],
        [
          "t-19",
          0.053330063819885254
        ],
        [
          "t-18",
          0.051886171102523804
        ],
        [
          "t-17",
          0.05092865601181984
        ],
        [
          "t-16",
          0.050305869430303574
        ]
      ],