{
  "period_statistics": {
    "2020": {
      "n_samples": 92,
      "entropy_mean": 2.9599649906158447,
      "entropy_std": 0.029441697522997856,
      "attention_concentration": 0.050711095333099365,
      "top_features": [
        [
          "t-1",
          0.061623457819223404
        ],
        [
          "t-2",
          0.05988503620028496
        ],
        [
          "t-3",
          0.058334268629550934
        ],
        [
          "t-4",
          0.05698610842227936
        ],
        [
          "t-5",
          0.055727388709783554
        ]
      ],
      "mean_attention": [
        0.04194362089037895,
        0.04282817989587784,
        0.04353531450033188,
        0.043897539377212524,
        0.044314395636320114,
        0.044875916093587875,
        0.04558589309453964,
        0.046407390385866165,
        0.047363441437482834,
        0.04831533506512642,
        0.049305494874715805,
        0.050298985093832016,
        0.05128578096628189,
        0.05310078337788582,
        0.054385650902986526,
        0.055727388709783554,
        0.05698610842227936,
        0.058334268629550934,
        0.05988503620028496,
        0.061623457819223404
      ],
      "std_attention": [
        0.009577644057571888,
        0.0085917292162776,
        0.008014018647372723,
        0.007645668461918831,
        0.007659320253878832,
        0.007835699245333672,
        0.008138015866279602,
        0.00845649465918541,
        0.008841188624501228,
        0.009212382137775421,
        0.009724881500005722,
        0.010378784500062466,
        0.011029919609427452,
        0.013595771044492722,
        0.01489097997546196,
        0.016882963478565216,
        0.018421517685055733,
        0.020200558006763458,
        0.022612128406763077,
        0.025663135573267937
      ]
    },
    "2021": {
      "n_samples": 250,
      "entropy_mean": 2.9152846336364746,
      "entropy_std": 0.0769113227725029,
      "attention_concentration": 0.05057847499847412,
      "top_features": [
        [
          "t-1",
          0.05949344485998154
        ],
        [
          "t-2",
          0.0579463467001915
        ],
        [
          "t-3",
          0.05649304762482643
        ],
        [
          "t-4",
          0.05533125624060631
        ],
        [
          "t-5",
          0.0543002150952816
        ]
      ],
      "mean_attention": [
        0.04059171304106712,
        0.04127449169754982,
        0.042411919683218,
        0.04365132749080658,
        0.045034438371658325,
        0.046420417726039886,
        0.04769231751561165,
        0.04867095500230789,
        0.04956282675266266,
        0.0502096489071846,
        0.05081212893128395,
        0.05142834037542343,
        0.052147235721349716,
        0.0529613271355629,
        0.053566619753837585,
        0.0543002150952816,
        0.05533125624060631,
        0.05649304762482643,
        0.0579463467001915,
        0.05949344485998154
      ],
      "std_attention": [
        0.014771698042750359,
        0.01417737826704979,
        0.014269349165260792,
        0.014855798333883286,
        0.015896329656243324,
        0.017021548002958298,
        0.01850700005888939,
        0.01928054727613926,
        0.0202327910810709,
        0.020600702613592148,
        0.02091444656252861,
        0.021208520978689194,
        0.021692732349038124,
        0.022660188376903534,
        0.02329331822693348,
        0.024611972272396088,
        0.02712198719382286,
        0.029909618198871613,
        0.033870723098516464,
        0.038170330226421356
      ]
    },
    "2022": {
      "n_samples": 249,
      "entropy_mean": 2.914344310760498,
      "entropy_std": 0.07361181825399399,
      "attention_concentration": 0.05177339166402817,
      "top_features": [
        [
          "t-1",
          0.06629833579063416
        ],
        [
          "t-2",
          0.06243179365992546
        ],
        [
          "t-3",
          0.05962783470749855
        ],
        [
          "t-4",
          0.057661961764097214
        ],
        [
          "t-5",
          0.0561651848256588
        ]
      ],
      "mean_attention": [
        0.03021972067654133,
        0.03286128118634224,
        0.035567283630371094,
        0.03897958621382713,
        0.04273326322436333,
        0.04603228345513344,
        0.04867125675082207,
        0.050555676221847534,
        0.05154627189040184,
        0.052174925804138184,
        0.05270155891776085,
        0.05313992127776146,
        0.053630005568265915,
        0.05402722209692001,
        0.05497460812330246,
        0.0561651848256588,
        0.057661961764097214,
        0.05962783470749855,
        0.06243179365992546,
        0.06629833579063416
      ],
      "std_attention": [
        0.012451504357159138,
        0.012022382579743862,
        0.012685008347034454,
        0.013841983862221241,
        0.01529635488986969,
        0.016260964795947075,
        0.016923602670431137,
        0.017377762123942375,
        0.01699148118495941,
        0.01664186269044876,
        0.016580643132328987,
        0.01632613129913807,
        0.016386382281780243,
        0.016493484377861023,
        0.017246011644601822,
        0.018660390749573708,
        0.020770477131009102,
        0.023870661854743958,
        0.028842752799391747,
        0.0382109135389328
      ]
    },
    "2023": {
      "n_samples": 249,
      "entropy_mean": 2.9596786499023438,
      "entropy_std": 0.02720029465854168,
      "attention_concentration": 0.050209734588861465,
      "top_features": [
        [
          "t-1",
          0.05537046492099762
        ],
        [
          "t-2",
          0.05456407368183136
        ],
        [
          "t-3",
          0.053845711052417755
        ],
        [
          "t-4",
          0.0532187782227993
        ],
        [
          "t-5",
          0.052590515464544296
        ]
      ],
      "mean_attention": [
        0.04539019986987114,
        0.044532451778650284,
        0.044750526547431946,
        0.04555618017911911,
        0.04666801914572716,
        0.04781246557831764,
        0.04873526468873024,
        0.04937948286533356,
        0.0499245785176754,
        0.050414662808179855,
        0.05076657235622406,
        0.05109015479683876,
        0.051432881504297256,
        0.051819972693920135,
        0.05213704705238342,
        0.052590515464544296,
        0.0532187782227993,
        0.053845711052417755,
        0.05456407368183136,
        0.05537046492099762
      ],
      "std_attention": [
        0.013581974431872368,
        0.011608054861426353,
        0.010747167281806469,
        0.010517220012843609,
        0.010637357831001282,
        0.011041265912353992,
        0.011481254361569881,
        0.011920985765755177,
        0.012465303763747215,
        0.012882725335657597,
        0.01319884043186903,
        0.013569640927016735,
        0.014005789533257484,
        0.014543005265295506,
        0.015190898440778255,
        0.01588955707848072,
        0.016889115795493126,
        0.017918454483151436,
        0.01932777836918831,
        0.020894886925816536
      ]
    },
    "2024": {
      "n_samples": 250,
      "entropy_mean": 2.950732707977295,
      "entropy_std": 0.08726845681667328,
      "attention_concentration": 0.05022802576422691,
      "top_features": [
        [
          "t-1",
          0.05647401139140129
        ],
        [
          "t-2",
          0.05550549924373627
        ],
        [
          "t-3",
          0.05458178371191025
        ],
        [
          "t-4",
          0.05364490672945976
        ],
        [
          "t-20",
          0.05353059619665146
        ]
      ],