
[INFO] Using AUTO device selection.

[INFO] Patched matplotlib.Axes.errorbar to abs() negative yerr for robustness.
======================================================================
Training TFT: 12b_feature_sweep/macro_heavy_daily_7q_h10_d015_s42
======================================================================
Logging to: experiments/12b_feature_sweep/macro_heavy_daily_7q_h10_d015_s42/training_20251213_193844.log
Started at: 2025-12-13 19:38:44
======================================================================

Loading data splits...
Train: 6044 samples
Val: 1272 samples
Test: 1272 samples

Preparing TimeSeriesDataSet...

Dropping source columns (used for staleness only): ['CPI']

Final features for TFT: ['SP500_Returns', 'VIX', 'Inflation_YoY', 'Unemployment', 'Fed_Rate', 'Consumer_Sentiment', 'Industrial_Production', 'cumret_5', 'cumret_10', 'cumret_20', 'cumret_30']

======================================================================
FEATURE STATISTICS - BEFORE NORMALIZATION
======================================================================
VIX                             mean= 19.7736  std=  8.0379  min=  9.3100  max= 80.8600
Inflation_YoY                   mean=  2.5447  std=  1.1761  min= -2.1498  max=  6.7300
Unemployment                    mean=  6.1387  std=  1.5942  min=  3.9000  max= 10.2000
Fed_Rate                        mean=  3.0545  std=  2.2442  min=  0.0700  max=  6.9100
Consumer_Sentiment              mean= 86.3824  std= 12.8821  min= 55.3000  max=112.0000
Industrial_Production           mean=115.1596  std= 14.3288  min= 92.5354  max=148.8140

======================================================================
TARGET CONFIGURATION
======================================================================
Target variable: SP500_Returns
  Mode: Point return prediction (single-step)
  Target stats: mean=0.0350, std=1.1370
  Dropping unused cumret columns: ['cumret_5', 'cumret_10', 'cumret_20', 'cumret_30']
======================================================================

======================================================================
FEATURES AFTER GROUPNORMALIZER (first batch, last timestep)
======================================================================
VIX                             normalized_value=  1.0000
Inflation_YoY                   normalized_value= -0.0500
Unemployment                    normalized_value=  2.5863
Fed_Rate                        normalized_value=  0.1995
Consumer_Sentiment              normalized_value= -0.7770
Industrial_Production           normalized_value=  0.2654
======================================================================

Configuration saved to: experiments/12b_feature_sweep/macro_heavy_daily_7q_h10_d015_s42/config.json
[DEBUG] VIX train values: [28.95 30.38 33.3  31.33 32.63]
[DEBUG] VIX val values: [14.31 15.15 15.13 12.86 13.85]
Batches per epoch: 93
[DEBUG] Validation batches: 20
[DEBUG] Validation dataset size: 1243
[DEBUG] Batch size: 64

Initializing model...

Quantile configuration: 7q
  Quantiles: [0.02, 0.1, 0.25, 0.5, 0.75, 0.9, 0.98]
  Output size: 7
  Median index: 3

Using standard QuantileLoss (no penalties)

[REGIME OUTPUT] Disabled (using baseline output layer)

[STALENESS ATTENTION] Disabled

================================================================================
BASELINE MODEL FEATURE CONFIGURATION (after from_dataset)
================================================================================
tft.hparams.time_varying_reals_encoder: ['relative_time_idx', 'VIX', 'Inflation_YoY', 'Unemployment', 'Fed_Rate', 'Consumer_Sentiment', 'Industrial_Production']
  Count: 7

tft.hparams.time_varying_reals_decoder: ['relative_time_idx']
  Count: 1

tft.hparams.x_reals (all reals passed to model): ['encoder_length', 'relative_time_idx', 'VIX', 'Inflation_YoY', 'Unemployment', 'Fed_Rate', 'Consumer_Sentiment', 'Industrial_Production']
  Count: 8

Encoder VSN configuration:
  num_inputs: 7
  input_sizes: {'relative_time_idx': 16, 'VIX': 16, 'Inflation_YoY': 16, 'Unemployment': 16, 'Fed_Rate': 16, 'Consumer_Sentiment': 16, 'Industrial_Production': 16}
  flattened_grn.fc1: in_features=112, out_features=7
  -> Params in fc1: 784 (should be 5*16*5=400 if 5 features)
================================================================================

Model parameters: 25,425

Starting training...
Checkpoints will be saved to: experiments/12b_feature_sweep/macro_heavy_daily_7q_h10_d015_s42/checkpoints/
Logs will be saved to: experiments/12b_feature_sweep/macro_heavy_daily_7q_h10_d015_s42/logs/

[DEBUG CollapseMonitor] on_validation_epoch_start called for epoch 0
[DEBUG CollapseMonitor] reset_temporal_state() called on loss function
Epoch 0: val_loss=N/A
[DEBUG CollapseMonitor] on_validation_epoch_start called for epoch 0
[DEBUG CollapseMonitor] reset_temporal_state() called on loss function
Epoch 0: val_loss=0.6444767713546753
Epoch 0: train_loss=0.7956978678703308

[CollapseMonitor] Epoch 0
  [DEBUG] Processed 20 batches, 10 horizon(s)
  Multi-horizon metrics (10 horizons):
    h1: std=0.0371, dir_acc=54.2%, pos=96%, unique=1233, sharpe=28.09
    h2: std=0.0320, dir_acc=54.0%, pos=94%, unique=1227, sharpe=26.36
    h3: std=0.0292, dir_acc=51.3%, pos=76%, unique=1230, sharpe=11.01
    h4: std=0.0277, dir_acc=46.1%, pos=32%, unique=1227, sharpe=-11.33
    h5: std=0.0269, dir_acc=45.4%, pos=0%, unique=1224, sharpe=-36.28
    ... (5 more horizons)
  Aggregate: std_avg=0.0289, dir_acc_avg=47.8%, composite_avg=0.3710
  H1 detail: range=0.1804, mean=0.0656, dist_match=0.5857
  Collapse penalty: 0.000000 (threshold: 0.005000)
  Saved validation predictions to: experiments/12b_feature_sweep/macro_heavy_daily_7q_h10_d015_s42/collapse_monitoring/val_predictions_epoch0.npz
  Gradient norms:
    lstm_encoder: 0.004920
    lstm_decoder: 0.038452
    output_layer: 0.742191
  VSN output std:
    encoder: 0.159809
  Attention entropy: 2.994915
  Saved to: experiments/12b_feature_sweep/macro_heavy_daily_7q_h10_d015_s42/collapse_monitoring/collapse_monitor_latest.json
[DEBUG CollapseMonitor] on_validation_epoch_start called for epoch 1
[DEBUG CollapseMonitor] reset_temporal_state() called on loss function
Epoch 1: val_loss=0.5393364429473877
Epoch 1: train_loss=0.650793731212616

[CollapseMonitor] Epoch 1
  [DEBUG] Processed 20 batches, 10 horizon(s)
  Multi-horizon metrics (10 horizons):
    h1: std=0.0209, dir_acc=54.4%, pos=100%, unique=1230, sharpe=142.63
    h2: std=0.0157, dir_acc=54.4%, pos=100%, unique=1227, sharpe=184.25
    h3: std=0.0134, dir_acc=54.5%, pos=100%, unique=1221, sharpe=187.06
    h4: std=0.0123, dir_acc=54.5%, pos=100%, unique=1216, sharpe=164.83
    h5: std=0.0117, dir_acc=54.5%, pos=100%, unique=1214, sharpe=129.69
    ... (5 more horizons)
  Aggregate: std_avg=0.0132, dir_acc_avg=52.2%, composite_avg=0.4097
  H1 detail: range=0.0871, mean=0.1879, dist_match=0.5438
  Collapse penalty: 0.000000 (threshold: 0.005000)
  Saved validation predictions to: experiments/12b_feature_sweep/macro_heavy_daily_7q_h10_d015_s42/collapse_monitoring/val_predictions_epoch1.npz
  Gradient norms:
    lstm_encoder: 0.002464
    lstm_decoder: 0.017802
    output_layer: 0.505162
  VSN output std:
    encoder: 0.158530
  Attention entropy: 2.994565
  Saved to: experiments/12b_feature_sweep/macro_heavy_daily_7q_h10_d015_s42/collapse_monitoring/collapse_monitor_latest.json
[DEBUG CollapseMonitor] on_validation_epoch_start called for epoch 2
[DEBUG CollapseMonitor] reset_temporal_state() called on loss function
Epoch 2: val_loss=0.4917157292366028
Epoch 2: train_loss=0.5580097436904907

[CollapseMonitor] Epoch 2
  [DEBUG] Processed 20 batches, 10 horizon(s)
  Multi-horizon metrics (10 horizons):
    h1: std=0.0162, dir_acc=54.4%, pos=100%, unique=1226, sharpe=149.88
    h2: std=0.0123, dir_acc=54.4%, pos=100%, unique=1220, sharpe=196.14
    h3: std=0.0105, dir_acc=54.5%, pos=100%, unique=1219, sharpe=205.52
    h4: std=0.0094, dir_acc=54.5%, pos=100%, unique=1203, sharpe=193.07
    h5: std=0.0086, dir_acc=54.5%, pos=100%, unique=1208, sharpe=167.63
    ... (5 more horizons)
  Aggregate: std_avg=0.0095, dir_acc_avg=53.4%, composite_avg=0.4197
  H1 detail: range=0.0651, mean=0.1529, dist_match=0.5438
  Collapse penalty: 0.000000 (threshold: 0.005000)
  Saved validation predictions to: experiments/12b_feature_sweep/macro_heavy_daily_7q_h10_d015_s42/collapse_monitoring/val_predictions_epoch2.npz
  Gradient norms:
    lstm_encoder: 0.001397
    lstm_decoder: 0.007003
    output_layer: 0.316435
  VSN output std:
    encoder: 0.158332
  Attention entropy: 2.994138
  Saved to: experiments/12b_feature_sweep/macro_heavy_daily_7q_h10_d015_s42/collapse_monitoring/collapse_monitor_latest.json
[DEBUG CollapseMonitor] on_validation_epoch_start called for epoch 3
[DEBUG CollapseMonitor] reset_temporal_state() called on loss function
Epoch 3: val_loss=0.46494024991989136
Epoch 3: train_loss=0.5074476599693298

[CollapseMonitor] Epoch 3
  [DEBUG] Processed 20 batches, 10 horizon(s)
  Multi-horizon metrics (10 horizons):
    h1: std=0.0137, dir_acc=54.4%, pos=100%, unique=1213, sharpe=129.37
    h2: std=0.0104, dir_acc=54.4%, pos=100%, unique=1216, sharpe=175.33
    h3: std=0.0087, dir_acc=54.5%, pos=100%, unique=1207, sharpe=191.94
    h4: std=0.0076, dir_acc=54.5%, pos=100%, unique=1193, sharpe=190.64
    h5: std=0.0068, dir_acc=54.5%, pos=100%, unique=1185, sharpe=176.42
    ... (5 more horizons)
  Aggregate: std_avg=0.0075, dir_acc_avg=53.8%, composite_avg=0.4232
  H1 detail: range=0.0545, mean=0.1116, dist_match=0.5438
  Collapse penalty: 0.000000 (threshold: 0.005000)
  Saved validation predictions to: experiments/12b_feature_sweep/macro_heavy_daily_7q_h10_d015_s42/collapse_monitoring/val_predictions_epoch3.npz
  Gradient norms:
    lstm_encoder: 0.000853
    lstm_decoder: 0.003515
    output_layer: 0.195213
  VSN output std:
    encoder: 0.158038
  Attention entropy: 2.993697
  Saved to: experiments/12b_feature_sweep/macro_heavy_daily_7q_h10_d015_s42/collapse_monitoring/collapse_monitor_latest.json
[DEBUG CollapseMonitor] on_validation_epoch_start called for epoch 4
[DEBUG CollapseMonitor] reset_temporal_state() called on loss function
Epoch 4: val_loss=0.4509836733341217
Epoch 4: train_loss=0.4789266288280487

[CollapseMonitor] Epoch 4
  [DEBUG] Processed 20 batches, 10 horizon(s)
  Multi-horizon metrics (10 horizons):
    h1: std=0.0108, dir_acc=54.4%, pos=100%, unique=1213, sharpe=120.16
    h2: std=0.0079, dir_acc=54.4%, pos=100%, unique=1196, sharpe=183.00
    h3: std=0.0064, dir_acc=54.5%, pos=100%, unique=1188, sharpe=217.28
    h4: std=0.0054, dir_acc=54.5%, pos=100%, unique=1151, sharpe=231.81
    h5: std=0.0048, dir_acc=54.5%, pos=100%, unique=1155, sharpe=231.11
    ... (5 more horizons)
  Aggregate: std_avg=0.0054, dir_acc_avg=54.5%, composite_avg=0.4212
  H1 detail: range=0.0426, mean=0.0815, dist_match=0.5438
  Collapse penalty: 0.000000 (threshold: 0.005000)
  Saved validation predictions to: experiments/12b_feature_sweep/macro_heavy_daily_7q_h10_d015_s42/collapse_monitoring/val_predictions_epoch4.npz
  Gradient norms:
    lstm_encoder: 0.000501
    lstm_decoder: 0.001835
    output_layer: 0.113828
  VSN output std:
    encoder: 0.157426
  Attention entropy: 2.992911
  Saved to: experiments/12b_feature_sweep/macro_heavy_daily_7q_h10_d015_s42/collapse_monitoring/collapse_monitor_latest.json
[DEBUG CollapseMonitor] on_validation_epoch_start called for epoch 5
[DEBUG CollapseMonitor] reset_temporal_state() called on loss function
Epoch 5: val_loss=0.44514623284339905
Epoch 5: train_loss=0.4631749987602234

[CollapseMonitor] Epoch 5
  [DEBUG] Processed 20 batches, 10 horizon(s)
  Multi-horizon metrics (10 horizons):
    h1: std=0.0130, dir_acc=54.4%, pos=100%, unique=1230, sharpe=71.20
    h2: std=0.0089, dir_acc=54.4%, pos=100%, unique=1220, sharpe=128.33
    h3: std=0.0071, dir_acc=54.5%, pos=100%, unique=1186, sharpe=165.80
    h4: std=0.0059, dir_acc=54.5%, pos=100%, unique=1168, sharpe=188.93
    h5: std=0.0051, dir_acc=54.5%, pos=100%, unique=1159, sharpe=200.61
    ... (5 more horizons)
  Aggregate: std_avg=0.0059, dir_acc_avg=54.5%, composite_avg=0.4212
  H1 detail: range=0.0516, mean=0.0582, dist_match=0.5438
  Collapse penalty: 0.000000 (threshold: 0.005000)
  Saved validation predictions to: experiments/12b_feature_sweep/macro_heavy_daily_7q_h10_d015_s42/collapse_monitoring/val_predictions_epoch5.npz
  Gradient norms:
    lstm_encoder: 0.000373
    lstm_decoder: 0.001247
    output_layer: 0.065132
  VSN output std:
    encoder: 0.145962
  Attention entropy: 2.987650
  Saved to: experiments/12b_feature_sweep/macro_heavy_daily_7q_h10_d015_s42/collapse_monitoring/collapse_monitor_latest.json
[DEBUG CollapseMonitor] on_validation_epoch_start called for epoch 6
[DEBUG CollapseMonitor] reset_temporal_state() called on loss function
Epoch 6: val_loss=0.43438273668289185
Epoch 6: train_loss=0.4541071057319641

[CollapseMonitor] Epoch 6
  [DEBUG] Processed 20 batches, 10 horizon(s)
  Multi-horizon metrics (10 horizons):
    h1: std=0.0182, dir_acc=54.4%, pos=100%, unique=1231, sharpe=50.32
    h2: std=0.0172, dir_acc=54.4%, pos=100%, unique=1226, sharpe=68.39
    h3: std=0.0158, dir_acc=54.5%, pos=100%, unique=1230, sharpe=78.31
    h4: std=0.0145, dir_acc=54.5%, pos=100%, unique=1220, sharpe=84.42
    h5: std=0.0133, dir_acc=54.5%, pos=100%, unique=1228, sharpe=88.26
    ... (5 more horizons)
  Aggregate: std_avg=0.0131, dir_acc_avg=54.5%, composite_avg=0.4212
  H1 detail: range=0.0701, mean=0.0578, dist_match=0.5438
  Collapse penalty: 0.000000 (threshold: 0.005000)
  Saved validation predictions to: experiments/12b_feature_sweep/macro_heavy_daily_7q_h10_d015_s42/collapse_monitoring/val_predictions_epoch6.npz
  Gradient norms:
    lstm_encoder: 0.000442
    lstm_decoder: 0.001165
    output_layer: 0.045861
  VSN output std:
    encoder: 0.101076
  Attention entropy: 2.919431
  Saved to: experiments/12b_feature_sweep/macro_heavy_daily_7q_h10_d015_s42/collapse_monitoring/collapse_monitor_latest.json
[DEBUG CollapseMonitor] on_validation_epoch_start called for epoch 7
[DEBUG CollapseMonitor] reset_temporal_state() called on loss function
Epoch 7: val_loss=0.4304054379463196
Epoch 7: train_loss=0.4466800391674042

[CollapseMonitor] Epoch 7
  [DEBUG] Processed 20 batches, 10 horizon(s)
  Multi-horizon metrics (10 horizons):
    h1: std=0.0079, dir_acc=54.4%, pos=100%, unique=1218, sharpe=130.10
    h2: std=0.0075, dir_acc=54.4%, pos=100%, unique=1209, sharpe=162.89
    h3: std=0.0070, dir_acc=54.5%, pos=100%, unique=1207, sharpe=177.64
    h4: std=0.0065, dir_acc=54.5%, pos=100%, unique=1199, sharpe=188.12
    h5: std=0.0059, dir_acc=54.5%, pos=100%, unique=1200, sharpe=197.57
    ... (5 more horizons)
  Aggregate: std_avg=0.0059, dir_acc_avg=54.5%, composite_avg=0.4212
  H1 detail: range=0.0463, mean=0.0650, dist_match=0.5438
  Collapse penalty: 0.000000 (threshold: 0.005000)
  Saved validation predictions to: experiments/12b_feature_sweep/macro_heavy_daily_7q_h10_d015_s42/collapse_monitoring/val_predictions_epoch7.npz
  Gradient norms:
    lstm_encoder: 0.000486
    lstm_decoder: 0.001146
    output_layer: 0.038108
  VSN output std:
    encoder: 0.107938
  Attention entropy: 2.940466
  Saved to: experiments/12b_feature_sweep/macro_heavy_daily_7q_h10_d015_s42/collapse_monitoring/collapse_monitor_latest.json
[DEBUG CollapseMonitor] on_validation_epoch_start called for epoch 8
[DEBUG CollapseMonitor] reset_temporal_state() called on loss function
Epoch 8: val_loss=0.4281996786594391
Epoch 8: train_loss=0.4429895281791687

[CollapseMonitor] Epoch 8
  [DEBUG] Processed 20 batches, 10 horizon(s)
  Multi-horizon metrics (10 horizons):
    h1: std=0.0106, dir_acc=54.4%, pos=100%, unique=1212, sharpe=97.26
    h2: std=0.0086, dir_acc=54.4%, pos=100%, unique=1206, sharpe=136.78
    h3: std=0.0076, dir_acc=54.5%, pos=100%, unique=1205, sharpe=153.58
    h4: std=0.0070, dir_acc=54.5%, pos=100%, unique=1203, sharpe=157.56
    h5: std=0.0067, dir_acc=54.5%, pos=100%, unique=1182, sharpe=154.28
    ... (5 more horizons)
  Aggregate: std_avg=0.0075, dir_acc_avg=54.5%, composite_avg=0.4212
  H1 detail: range=0.0452, mean=0.0649, dist_match=0.5438
  Collapse penalty: 0.000000 (threshold: 0.005000)
  Saved validation predictions to: experiments/12b_feature_sweep/macro_heavy_daily_7q_h10_d015_s42/collapse_monitoring/val_predictions_epoch8.npz
  Gradient norms:
    lstm_encoder: 0.000576
    lstm_decoder: 0.001448
    output_layer: 0.039027
  VSN output std:
    encoder: 0.109319
  Attention entropy: 2.944958
  Saved to: experiments/12b_feature_sweep/macro_heavy_daily_7q_h10_d015_s42/collapse_monitoring/collapse_monitor_latest.json
[DEBUG CollapseMonitor] on_validation_epoch_start called for epoch 9
[DEBUG CollapseMonitor] reset_temporal_state() called on loss function
Epoch 9: val_loss=0.42639321088790894
Epoch 9: train_loss=0.4410368800163269

[CollapseMonitor] Epoch 9
  [DEBUG] Processed 20 batches, 10 horizon(s)
  Multi-horizon metrics (10 horizons):
    h1: std=0.0144, dir_acc=54.4%, pos=100%, unique=1210, sharpe=89.84
    h2: std=0.0117, dir_acc=54.4%, pos=100%, unique=1203, sharpe=121.02
    h3: std=0.0105, dir_acc=54.5%, pos=100%, unique=1207, sharpe=135.23
    h4: std=0.0097, dir_acc=54.5%, pos=100%, unique=1204, sharpe=139.91
    h5: std=0.0092, dir_acc=54.5%, pos=100%, unique=1206, sharpe=139.17
    ... (5 more horizons)
  Aggregate: std_avg=0.0101, dir_acc_avg=54.5%, composite_avg=0.4212
  H1 detail: range=0.0509, mean=0.0813, dist_match=0.5438
  Collapse penalty: 0.000000 (threshold: 0.005000)
  Saved validation predictions to: experiments/12b_feature_sweep/macro_heavy_daily_7q_h10_d015_s42/collapse_monitoring/val_predictions_epoch9.npz
  Gradient norms:
    lstm_encoder: 0.000634
    lstm_decoder: 0.001637
    output_layer: 0.035377
  VSN output std:
    encoder: 0.111428
  Attention entropy: 2.949645
  Saved to: experiments/12b_feature_sweep/macro_heavy_daily_7q_h10_d015_s42/collapse_monitoring/collapse_monitor_latest.json
[DEBUG CollapseMonitor] on_validation_epoch_start called for epoch 10
[DEBUG CollapseMonitor] reset_temporal_state() called on loss function
Epoch 10: val_loss=0.42504313588142395
Epoch 10: train_loss=0.43787992000579834

[CollapseMonitor] Epoch 10
  [DEBUG] Processed 20 batches, 10 horizon(s)
  Multi-horizon metrics (10 horizons):
    h1: std=0.0109, dir_acc=54.4%, pos=100%, unique=1213, sharpe=79.31
    h2: std=0.0088, dir_acc=54.4%, pos=100%, unique=1202, sharpe=114.15
    h3: std=0.0081, dir_acc=54.5%, pos=100%, unique=1211, sharpe=126.73
    h4: std=0.0076, dir_acc=54.5%, pos=100%, unique=1199, sharpe=128.97
    h5: std=0.0073, dir_acc=54.5%, pos=100%, unique=1201, sharpe=126.64
    ... (5 more horizons)
  Aggregate: std_avg=0.0077, dir_acc_avg=54.5%, composite_avg=0.4212
  H1 detail: range=0.0421, mean=0.0543, dist_match=0.5438
  Collapse penalty: 0.000000 (threshold: 0.005000)
  Saved validation predictions to: experiments/12b_feature_sweep/macro_heavy_daily_7q_h10_d015_s42/collapse_monitoring/val_predictions_epoch10.npz
  Gradient norms:
    lstm_encoder: 0.000800
    lstm_decoder: 0.002198
    output_layer: 0.034432
  VSN output std:
    encoder: 0.117720
  Attention entropy: 2.954240
  Saved to: experiments/12b_feature_sweep/macro_heavy_daily_7q_h10_d015_s42/collapse_monitoring/collapse_monitor_latest.json
[DEBUG CollapseMonitor] on_validation_epoch_start called for epoch 11
[DEBUG CollapseMonitor] reset_temporal_state() called on loss function
Epoch 11: val_loss=0.4241596758365631
Epoch 11: train_loss=0.4363133907318115

[CollapseMonitor] Epoch 11
  [DEBUG] Processed 20 batches, 10 horizon(s)
  Multi-horizon metrics (10 horizons):
    h1: std=0.0132, dir_acc=54.4%, pos=100%, unique=1209, sharpe=70.40
    h2: std=0.0101, dir_acc=54.4%, pos=100%, unique=1194, sharpe=105.80
    h3: std=0.0092, dir_acc=54.5%, pos=100%, unique=1202, sharpe=120.08
    h4: std=0.0089, dir_acc=54.5%, pos=100%, unique=1188, sharpe=122.92
    h5: std=0.0087, dir_acc=54.5%, pos=100%, unique=1184, sharpe=119.92
    ... (5 more horizons)
  Aggregate: std_avg=0.0096, dir_acc_avg=54.5%, composite_avg=0.4212
  H1 detail: range=0.0552, mean=0.0585, dist_match=0.5438
  Collapse penalty: 0.000000 (threshold: 0.005000)
  Saved validation predictions to: experiments/12b_feature_sweep/macro_heavy_daily_7q_h10_d015_s42/collapse_monitoring/val_predictions_epoch11.npz
  Gradient norms:
    lstm_encoder: 0.000953
    lstm_decoder: 0.003242
    output_layer: 0.035154
  VSN output std:
    encoder: 0.115107
  Attention entropy: 2.965451
  Saved to: experiments/12b_feature_sweep/macro_heavy_daily_7q_h10_d015_s42/collapse_monitoring/collapse_monitor_latest.json
[DEBUG CollapseMonitor] on_validation_epoch_start called for epoch 12
[DEBUG CollapseMonitor] reset_temporal_state() called on loss function
Epoch 12: val_loss=0.422977477312088
Epoch 12: train_loss=0.4347527325153351

[CollapseMonitor] Epoch 12
  [DEBUG] Processed 20 batches, 10 horizon(s)
  Multi-horizon metrics (10 horizons):
    h1: std=0.0117, dir_acc=54.4%, pos=100%, unique=1196, sharpe=87.92
    h2: std=0.0088, dir_acc=54.4%, pos=100%, unique=1193, sharpe=134.96
    h3: std=0.0084, dir_acc=54.5%, pos=100%, unique=1191, sharpe=149.25
    h4: std=0.0084, dir_acc=54.5%, pos=100%, unique=1185, sharpe=147.91
    h5: std=0.0087, dir_acc=54.5%, pos=100%, unique=1196, sharpe=140.30
    ... (5 more horizons)
  Aggregate: std_avg=0.0096, dir_acc_avg=54.5%, composite_avg=0.4212
  H1 detail: range=0.0558, mean=0.0650, dist_match=0.5438
  Collapse penalty: 0.000000 (threshold: 0.005000)
  Saved validation predictions to: experiments/12b_feature_sweep/macro_heavy_daily_7q_h10_d015_s42/collapse_monitoring/val_predictions_epoch12.npz
  Gradient norms:
    lstm_encoder: 0.001187
    lstm_decoder: 0.003555
    output_layer: 0.032347
  VSN output std:
    encoder: 0.115084
  Attention entropy: 2.966715
  Saved to: experiments/12b_feature_sweep/macro_heavy_daily_7q_h10_d015_s42/collapse_monitoring/collapse_monitor_latest.json
[DEBUG CollapseMonitor] on_validation_epoch_start called for epoch 13
[DEBUG CollapseMonitor] reset_temporal_state() called on loss function
Epoch 13: val_loss=0.4211351275444031
Epoch 13: train_loss=0.4334013760089874

[CollapseMonitor] Epoch 13
  [DEBUG] Processed 20 batches, 10 horizon(s)
  Multi-horizon metrics (10 horizons):
    h1: std=0.0120, dir_acc=54.4%, pos=100%, unique=1208, sharpe=76.35
    h2: std=0.0088, dir_acc=54.4%, pos=100%, unique=1195, sharpe=119.19
    h3: std=0.0085, dir_acc=54.5%, pos=100%, unique=1201, sharpe=130.52
    h4: std=0.0088, dir_acc=54.5%, pos=100%, unique=1198, sharpe=128.11
    h5: std=0.0091, dir_acc=54.5%, pos=100%, unique=1191, sharpe=120.88
    ... (5 more horizons)
  Aggregate: std_avg=0.0099, dir_acc_avg=54.5%, composite_avg=0.4212
  H1 detail: range=0.0569, mean=0.0576, dist_match=0.5438
  Collapse penalty: 0.000000 (threshold: 0.005000)
  Saved validation predictions to: experiments/12b_feature_sweep/macro_heavy_daily_7q_h10_d015_s42/collapse_monitoring/val_predictions_epoch13.npz
  Gradient norms:
    lstm_encoder: 0.001655
    lstm_decoder: 0.004709
    output_layer: 0.032861
  VSN output std:
    encoder: 0.114293
  Attention entropy: 2.965185
  Saved to: experiments/12b_feature_sweep/macro_heavy_daily_7q_h10_d015_s42/collapse_monitoring/collapse_monitor_latest.json
[DEBUG CollapseMonitor] on_validation_epoch_start called for epoch 14
[DEBUG CollapseMonitor] reset_temporal_state() called on loss function
Epoch 14: val_loss=0.42007797956466675
Epoch 14: train_loss=0.43340572714805603

[CollapseMonitor] Epoch 14
  [DEBUG] Processed 20 batches, 10 horizon(s)
  Multi-horizon metrics (10 horizons):
    h1: std=0.0128, dir_acc=54.4%, pos=100%, unique=1203, sharpe=68.95
    h2: std=0.0091, dir_acc=54.4%, pos=100%, unique=1195, sharpe=109.35
    h3: std=0.0088, dir_acc=54.5%, pos=100%, unique=1201, sharpe=120.49
    h4: std=0.0091, dir_acc=54.5%, pos=100%, unique=1198, sharpe=119.73
    h5: std=0.0095, dir_acc=54.5%, pos=100%, unique=1192, sharpe=113.50
    ... (5 more horizons)
  Aggregate: std_avg=0.0104, dir_acc_avg=54.5%, composite_avg=0.4212
  H1 detail: range=0.0607, mean=0.0555, dist_match=0.5438
  Collapse penalty: 0.000000 (threshold: 0.005000)
  Saved validation predictions to: experiments/12b_feature_sweep/macro_heavy_daily_7q_h10_d015_s42/collapse_monitoring/val_predictions_epoch14.npz
  Gradient norms:
    lstm_encoder: 0.001979
    lstm_decoder: 0.005011
    output_layer: 0.032447
  VSN output std:
    encoder: 0.113442
  Attention entropy: 2.968987
  Saved to: experiments/12b_feature_sweep/macro_heavy_daily_7q_h10_d015_s42/collapse_monitoring/collapse_monitor_latest.json
[DEBUG CollapseMonitor] on_validation_epoch_start called for epoch 15
[DEBUG CollapseMonitor] reset_temporal_state() called on loss function
Epoch 15: val_loss=0.4192535877227783
Epoch 15: train_loss=0.4324576258659363

[CollapseMonitor] Epoch 15
  [DEBUG] Processed 20 batches, 10 horizon(s)
  Multi-horizon metrics (10 horizons):
    h1: std=0.0109, dir_acc=54.4%, pos=100%, unique=1187, sharpe=87.49
    h2: std=0.0071, dir_acc=54.4%, pos=100%, unique=1200, sharpe=145.75
    h3: std=0.0069, dir_acc=54.5%, pos=100%, unique=1214, sharpe=158.36
    h4: std=0.0068, dir_acc=54.5%, pos=100%, unique=1210, sharpe=163.33
    h5: std=0.0070, dir_acc=54.5%, pos=100%, unique=1187, sharpe=160.55
    ... (5 more horizons)
  Aggregate: std_avg=0.0080, dir_acc_avg=54.5%, composite_avg=0.4212
  H1 detail: range=0.0526, mean=0.0599, dist_match=0.5438
  Collapse penalty: 0.000000 (threshold: 0.005000)
  Saved validation predictions to: experiments/12b_feature_sweep/macro_heavy_daily_7q_h10_d015_s42/collapse_monitoring/val_predictions_epoch15.npz
  Gradient norms:
    lstm_encoder: 0.002327
    lstm_decoder: 0.005807
    output_layer: 0.032804
  VSN output std:
    encoder: 0.109625
  Attention entropy: 2.969477
  Saved to: experiments/12b_feature_sweep/macro_heavy_daily_7q_h10_d015_s42/collapse_monitoring/collapse_monitor_latest.json
[DEBUG CollapseMonitor] on_validation_epoch_start called for epoch 16
[DEBUG CollapseMonitor] reset_temporal_state() called on loss function
Epoch 16: val_loss=0.4181372821331024
Epoch 16: train_loss=0.4311804473400116

[CollapseMonitor] Epoch 16
  [DEBUG] Processed 20 batches, 10 horizon(s)
  Multi-horizon metrics (10 horizons):
    h1: std=0.0114, dir_acc=54.4%, pos=100%, unique=1205, sharpe=82.06
    h2: std=0.0070, dir_acc=54.4%, pos=100%, unique=1199, sharpe=137.75
    h3: std=0.0068, dir_acc=54.5%, pos=100%, unique=1200, sharpe=146.76
    h4: std=0.0068, dir_acc=54.5%, pos=100%, unique=1205, sharpe=149.14
    h5: std=0.0067, dir_acc=54.5%, pos=100%, unique=1203, sharpe=152.83
    ... (5 more horizons)
  Aggregate: std_avg=0.0079, dir_acc_avg=54.5%, composite_avg=0.4212
  H1 detail: range=0.0572, mean=0.0588, dist_match=0.5438
  Collapse penalty: 0.000000 (threshold: 0.005000)
  Saved validation predictions to: experiments/12b_feature_sweep/macro_heavy_daily_7q_h10_d015_s42/collapse_monitoring/val_predictions_epoch16.npz
  Gradient norms:
    lstm_encoder: 0.002503
    lstm_decoder: 0.006222
    output_layer: 0.032179
  VSN output std:
    encoder: 0.109559
  Attention entropy: 2.960005
  Saved to: experiments/12b_feature_sweep/macro_heavy_daily_7q_h10_d015_s42/collapse_monitoring/collapse_monitor_latest.json
[DEBUG CollapseMonitor] on_validation_epoch_start called for epoch 17
[DEBUG CollapseMonitor] reset_temporal_state() called on loss function
Epoch 17: val_loss=0.4180378317832947
Epoch 17: train_loss=0.4309268295764923

[CollapseMonitor] Epoch 17
  [DEBUG] Processed 20 batches, 10 horizon(s)
  Multi-horizon metrics (10 horizons):
    h1: std=0.0103, dir_acc=54.4%, pos=100%, unique=1197, sharpe=96.52
    h2: std=0.0067, dir_acc=54.4%, pos=100%, unique=1196, sharpe=154.10
    h3: std=0.0073, dir_acc=54.5%, pos=100%, unique=1214, sharpe=144.86
    h4: std=0.0079, dir_acc=54.5%, pos=100%, unique=1203, sharpe=134.14
    h5: std=0.0078, dir_acc=54.5%, pos=100%, unique=1215, sharpe=136.49
    ... (5 more horizons)
  Aggregate: std_avg=0.0080, dir_acc_avg=54.5%, composite_avg=0.4212
  H1 detail: range=0.0512, mean=0.0627, dist_match=0.5438
  Collapse penalty: 0.000000 (threshold: 0.005000)
  Saved validation predictions to: experiments/12b_feature_sweep/macro_heavy_daily_7q_h10_d015_s42/collapse_monitoring/val_predictions_epoch17.npz
  Gradient norms:
    lstm_encoder: 0.002604
    lstm_decoder: 0.006654
    output_layer: 0.033473
  VSN output std:
    encoder: 0.106414
  Attention entropy: 2.952761
  Saved to: experiments/12b_feature_sweep/macro_heavy_daily_7q_h10_d015_s42/collapse_monitoring/collapse_monitor_latest.json
[DEBUG CollapseMonitor] on_validation_epoch_start called for epoch 18
[DEBUG CollapseMonitor] reset_temporal_state() called on loss function
Epoch 18: val_loss=0.4171110689640045
Epoch 18: train_loss=0.4297295808792114

[CollapseMonitor] Epoch 18
  [DEBUG] Processed 20 batches, 10 horizon(s)
  Multi-horizon metrics (10 horizons):
    h1: std=0.0110, dir_acc=54.4%, pos=100%, unique=1189, sharpe=107.46
    h2: std=0.0074, dir_acc=54.4%, pos=100%, unique=1198, sharpe=164.91
    h3: std=0.0084, dir_acc=54.5%, pos=100%, unique=1210, sharpe=146.98
    h4: std=0.0097, dir_acc=54.5%, pos=100%, unique=1208, sharpe=126.96
    h5: std=0.0102, dir_acc=54.5%, pos=100%, unique=1226, sharpe=120.38
    ... (5 more horizons)
  Aggregate: std_avg=0.0097, dir_acc_avg=54.5%, composite_avg=0.4212
  H1 detail: range=0.0594, mean=0.0744, dist_match=0.5438
  Collapse penalty: 0.000000 (threshold: 0.005000)
  Saved validation predictions to: experiments/12b_feature_sweep/macro_heavy_daily_7q_h10_d015_s42/collapse_monitoring/val_predictions_epoch18.npz
  Gradient norms:
    lstm_encoder: 0.002689
    lstm_decoder: 0.006849
    output_layer: 0.031790
  VSN output std:
    encoder: 0.106178
  Attention entropy: 2.933072
  Saved to: experiments/12b_feature_sweep/macro_heavy_daily_7q_h10_d015_s42/collapse_monitoring/collapse_monitor_latest.json
[DEBUG CollapseMonitor] on_validation_epoch_start called for epoch 19
[DEBUG CollapseMonitor] reset_temporal_state() called on loss function
Epoch 19: val_loss=0.41741979122161865
Epoch 19: train_loss=0.4292389154434204

[CollapseMonitor] Epoch 19
  [DEBUG] Processed 20 batches, 10 horizon(s)
  Multi-horizon metrics (10 horizons):
    h1: std=0.0100, dir_acc=54.4%, pos=100%, unique=1189, sharpe=99.82
    h2: std=0.0070, dir_acc=54.4%, pos=100%, unique=1195, sharpe=146.87
    h3: std=0.0085, dir_acc=54.5%, pos=100%, unique=1202, sharpe=121.78
    h4: std=0.0100, dir_acc=54.5%, pos=100%, unique=1215, sharpe=102.72
    h5: std=0.0107, dir_acc=54.5%, pos=100%, unique=1214, sharpe=96.33
    ... (5 more horizons)
  Aggregate: std_avg=0.0096, dir_acc_avg=54.5%, composite_avg=0.4212
  H1 detail: range=0.0655, mean=0.0632, dist_match=0.5438
  Collapse penalty: 0.000000 (threshold: 0.005000)
  Saved validation predictions to: experiments/12b_feature_sweep/macro_heavy_daily_7q_h10_d015_s42/collapse_monitoring/val_predictions_epoch19.npz
  Gradient norms:
    lstm_encoder: 0.003294
    lstm_decoder: 0.008750
    output_layer: 0.034558
  VSN output std:
    encoder: 0.105458
  Attention entropy: 2.928876
  Saved to: experiments/12b_feature_sweep/macro_heavy_daily_7q_h10_d015_s42/collapse_monitoring/collapse_monitor_latest.json
[DEBUG CollapseMonitor] on_validation_epoch_start called for epoch 20
[DEBUG CollapseMonitor] reset_temporal_state() called on loss function
Epoch 20: val_loss=0.4168873429298401
Epoch 20: train_loss=0.429032564163208

[CollapseMonitor] Epoch 20
  [DEBUG] Processed 20 batches, 10 horizon(s)
  Multi-horizon metrics (10 horizons):
    h1: std=0.0079, dir_acc=54.4%, pos=100%, unique=1185, sharpe=115.98
    h2: std=0.0064, dir_acc=54.4%, pos=100%, unique=1202, sharpe=144.41
    h3: std=0.0086, dir_acc=54.5%, pos=100%, unique=1210, sharpe=105.57
    h4: std=0.0103, dir_acc=54.5%, pos=100%, unique=1212, sharpe=87.08
    h5: std=0.0109, dir_acc=54.5%, pos=100%, unique=1214, sharpe=81.31
    ... (5 more horizons)
  Aggregate: std_avg=0.0089, dir_acc_avg=54.5%, composite_avg=0.4212
  H1 detail: range=0.0566, mean=0.0577, dist_match=0.5438
  Collapse penalty: 0.000000 (threshold: 0.005000)
  Saved validation predictions to: experiments/12b_feature_sweep/macro_heavy_daily_7q_h10_d015_s42/collapse_monitoring/val_predictions_epoch20.npz
  Gradient norms:
    lstm_encoder: 0.003237
    lstm_decoder: 0.008426
    output_layer: 0.033565
  VSN output std:
    encoder: 0.102445
  Attention entropy: 2.905201
  Saved to: experiments/12b_feature_sweep/macro_heavy_daily_7q_h10_d015_s42/collapse_monitoring/collapse_monitor_latest.json
[DEBUG CollapseMonitor] on_validation_epoch_start called for epoch 21
[DEBUG CollapseMonitor] reset_temporal_state() called on loss function
Epoch 21: val_loss=0.416271448135376
Epoch 21: train_loss=0.4280003011226654

[CollapseMonitor] Epoch 21
  [DEBUG] Processed 20 batches, 10 horizon(s)
  Multi-horizon metrics (10 horizons):
    h1: std=0.0088, dir_acc=54.4%, pos=100%, unique=1173, sharpe=102.94
    h2: std=0.0064, dir_acc=54.4%, pos=100%, unique=1204, sharpe=142.54
    h3: std=0.0083, dir_acc=54.5%, pos=100%, unique=1208, sharpe=108.45
    h4: std=0.0101, dir_acc=54.5%, pos=100%, unique=1213, sharpe=87.93
    h5: std=0.0110, dir_acc=54.5%, pos=100%, unique=1222, sharpe=79.45
    ... (5 more horizons)
  Aggregate: std_avg=0.0094, dir_acc_avg=54.5%, composite_avg=0.4212
  H1 detail: range=0.0614, mean=0.0571, dist_match=0.5438
  Collapse penalty: 0.000000 (threshold: 0.005000)
  Saved validation predictions to: experiments/12b_feature_sweep/macro_heavy_daily_7q_h10_d015_s42/collapse_monitoring/val_predictions_epoch21.npz
  Gradient norms:
    lstm_encoder: 0.003513
    lstm_decoder: 0.008426
    output_layer: 0.029948
  VSN output std:
    encoder: 0.101963
  Attention entropy: 2.875943
  Saved to: experiments/12b_feature_sweep/macro_heavy_daily_7q_h10_d015_s42/collapse_monitoring/collapse_monitor_latest.json
[DEBUG CollapseMonitor] on_validation_epoch_start called for epoch 22
[DEBUG CollapseMonitor] reset_temporal_state() called on loss function
Epoch 22: val_loss=0.4162869155406952
Epoch 22: train_loss=0.42715322971343994

[CollapseMonitor] Epoch 22
  [DEBUG] Processed 20 batches, 10 horizon(s)
  Multi-horizon metrics (10 horizons):
    h1: std=0.0129, dir_acc=54.4%, pos=100%, unique=1177, sharpe=87.55
    h2: std=0.0091, dir_acc=54.4%, pos=100%, unique=1210, sharpe=124.65
    h3: std=0.0095, dir_acc=54.5%, pos=100%, unique=1207, sharpe=117.73
    h4: std=0.0108, dir_acc=54.5%, pos=100%, unique=1215, sharpe=102.43
    h5: std=0.0117, dir_acc=54.5%, pos=100%, unique=1218, sharpe=93.20
    ... (5 more horizons)
  Aggregate: std_avg=0.0117, dir_acc_avg=54.5%, composite_avg=0.4212
  H1 detail: range=0.0796, mean=0.0709, dist_match=0.5438
  Collapse penalty: 0.000000 (threshold: 0.005000)
  Saved validation predictions to: experiments/12b_feature_sweep/macro_heavy_daily_7q_h10_d015_s42/collapse_monitoring/val_predictions_epoch22.npz
  Gradient norms:
    lstm_encoder: 0.003791
    lstm_decoder: 0.008957
    output_layer: 0.032072
  VSN output std:
    encoder: 0.100591
  Attention entropy: 2.869536
  Saved to: experiments/12b_feature_sweep/macro_heavy_daily_7q_h10_d015_s42/collapse_monitoring/collapse_monitor_latest.json
[DEBUG CollapseMonitor] on_validation_epoch_start called for epoch 23
[DEBUG CollapseMonitor] reset_temporal_state() called on loss function
Epoch 23: val_loss=0.4148881733417511
Epoch 23: train_loss=0.4277712106704712

[CollapseMonitor] Epoch 23
  [DEBUG] Processed 20 batches, 10 horizon(s)
  Multi-horizon metrics (10 horizons):
    h1: std=0.0092, dir_acc=54.4%, pos=100%, unique=1173, sharpe=97.24
    h2: std=0.0072, dir_acc=54.4%, pos=100%, unique=1192, sharpe=125.71
    h3: std=0.0085, dir_acc=54.5%, pos=100%, unique=1214, sharpe=106.06
    h4: std=0.0097, dir_acc=54.5%, pos=100%, unique=1213, sharpe=91.05
    h5: std=0.0103, dir_acc=54.5%, pos=100%, unique=1210, sharpe=84.53
    ... (5 more horizons)
  Aggregate: std_avg=0.0095, dir_acc_avg=54.5%, composite_avg=0.4212
  H1 detail: range=0.0738, mean=0.0561, dist_match=0.5438
  Collapse penalty: 0.000000 (threshold: 0.005000)
  Saved validation predictions to: experiments/12b_feature_sweep/macro_heavy_daily_7q_h10_d015_s42/collapse_monitoring/val_predictions_epoch23.npz
  Gradient norms:
    lstm_encoder: 0.003719
    lstm_decoder: 0.008549
    output_layer: 0.029777
  VSN output std:
    encoder: 0.103485
  Attention entropy: 2.866482
  Saved to: experiments/12b_feature_sweep/macro_heavy_daily_7q_h10_d015_s42/collapse_monitoring/collapse_monitor_latest.json
[DEBUG CollapseMonitor] on_validation_epoch_start called for epoch 24
[DEBUG CollapseMonitor] reset_temporal_state() called on loss function
Epoch 24: val_loss=0.41691210865974426
Epoch 24: train_loss=0.42688319087028503

[CollapseMonitor] Epoch 24
  [DEBUG] Processed 20 batches, 10 horizon(s)
  Multi-horizon metrics (10 horizons):
    h1: std=0.0091, dir_acc=54.4%, pos=100%, unique=1192, sharpe=124.16
    h2: std=0.0075, dir_acc=54.4%, pos=100%, unique=1199, sharpe=153.20
    h3: std=0.0089, dir_acc=54.5%, pos=100%, unique=1215, sharpe=128.59
    h4: std=0.0103, dir_acc=54.5%, pos=100%, unique=1207, sharpe=110.39
    h5: std=0.0111, dir_acc=54.5%, pos=100%, unique=1211, sharpe=102.21
    ... (5 more horizons)
  Aggregate: std_avg=0.0102, dir_acc_avg=54.5%, composite_avg=0.4212
  H1 detail: range=0.0652, mean=0.0709, dist_match=0.5438
  Collapse penalty: 0.000000 (threshold: 0.005000)
  Saved validation predictions to: experiments/12b_feature_sweep/macro_heavy_daily_7q_h10_d015_s42/collapse_monitoring/val_predictions_epoch24.npz
  Gradient norms:
    lstm_encoder: 0.003698
    lstm_decoder: 0.008339
    output_layer: 0.029751
  VSN output std:
    encoder: 0.103344
  Attention entropy: 2.879897
  Saved to: experiments/12b_feature_sweep/macro_heavy_daily_7q_h10_d015_s42/collapse_monitoring/collapse_monitor_latest.json
[DEBUG CollapseMonitor] on_validation_epoch_start called for epoch 25
[DEBUG CollapseMonitor] reset_temporal_state() called on loss function
Epoch 25: val_loss=0.41559165716171265
Epoch 25: train_loss=0.42685195803642273

[CollapseMonitor] Epoch 25
  [DEBUG] Processed 20 batches, 10 horizon(s)
  Multi-horizon metrics (10 horizons):
    h1: std=0.0098, dir_acc=54.4%, pos=100%, unique=1175, sharpe=103.62
    h2: std=0.0078, dir_acc=54.4%, pos=100%, unique=1198, sharpe=130.31
    h3: std=0.0088, dir_acc=54.5%, pos=100%, unique=1214, sharpe=114.86
    h4: std=0.0099, dir_acc=54.5%, pos=100%, unique=1219, sharpe=100.38
    h5: std=0.0105, dir_acc=54.5%, pos=100%, unique=1209, sharpe=92.84
    ... (5 more horizons)
  Aggregate: std_avg=0.0102, dir_acc_avg=54.5%, composite_avg=0.4213
  H1 detail: range=0.0731, mean=0.0642, dist_match=0.5438
  Collapse penalty: 0.000000 (threshold: 0.005000)
  Saved validation predictions to: experiments/12b_feature_sweep/macro_heavy_daily_7q_h10_d015_s42/collapse_monitoring/val_predictions_epoch25.npz
  Gradient norms:
    lstm_encoder: 0.004298
    lstm_decoder: 0.009603
    output_layer: 0.031372
  VSN output std:
    encoder: 0.101951
  Attention entropy: 2.859858
  Saved to: experiments/12b_feature_sweep/macro_heavy_daily_7q_h10_d015_s42/collapse_monitoring/collapse_monitor_latest.json
[DEBUG CollapseMonitor] on_validation_epoch_start called for epoch 26
[DEBUG CollapseMonitor] reset_temporal_state() called on loss function
Epoch 26: val_loss=0.41494056582450867
Epoch 26: train_loss=0.42620906233787537

[CollapseMonitor] Epoch 26
  [DEBUG] Processed 20 batches, 10 horizon(s)
  Multi-horizon metrics (10 horizons):
    h1: std=0.0056, dir_acc=54.4%, pos=100%, unique=1176, sharpe=135.15
    h2: std=0.0064, dir_acc=54.4%, pos=100%, unique=1195, sharpe=120.12
    h3: std=0.0081, dir_acc=54.5%, pos=100%, unique=1222, sharpe=93.66
    h4: std=0.0092, dir_acc=54.5%, pos=100%, unique=1216, sharpe=81.64
    h5: std=0.0095, dir_acc=54.5%, pos=100%, unique=1212, sharpe=78.09
    ... (5 more horizons)
  Aggregate: std_avg=0.0079, dir_acc_avg=54.5%, composite_avg=0.4212
  H1 detail: range=0.0585, mean=0.0479, dist_match=0.5438
  Collapse penalty: 0.000000 (threshold: 0.005000)
  Saved validation predictions to: experiments/12b_feature_sweep/macro_heavy_daily_7q_h10_d015_s42/collapse_monitoring/val_predictions_epoch26.npz
  Gradient norms:
    lstm_encoder: 0.004251
    lstm_decoder: 0.009366
    output_layer: 0.032121
  VSN output std:
    encoder: 0.102447
  Attention entropy: 2.856282
  Saved to: experiments/12b_feature_sweep/macro_heavy_daily_7q_h10_d015_s42/collapse_monitoring/collapse_monitor_latest.json
[DEBUG CollapseMonitor] on_validation_epoch_start called for epoch 27
[DEBUG CollapseMonitor] reset_temporal_state() called on loss function
Epoch 27: val_loss=0.41493654251098633
Epoch 27: train_loss=0.4255918264389038

[CollapseMonitor] Epoch 27
  [DEBUG] Processed 20 batches, 10 horizon(s)
  Multi-horizon metrics (10 horizons):
    h1: std=0.0083, dir_acc=54.4%, pos=100%, unique=1196, sharpe=141.84
    h2: std=0.0069, dir_acc=54.4%, pos=100%, unique=1203, sharpe=170.24
    h3: std=0.0080, dir_acc=54.5%, pos=100%, unique=1212, sharpe=145.91
    h4: std=0.0091, dir_acc=54.5%, pos=100%, unique=1215, sharpe=125.87
    h5: std=0.0099, dir_acc=54.5%, pos=100%, unique=1226, sharpe=115.04
    ... (5 more horizons)
  Aggregate: std_avg=0.0095, dir_acc_avg=54.5%, composite_avg=0.4212
  H1 detail: range=0.0705, mean=0.0738, dist_match=0.5438
  Collapse penalty: 0.000000 (threshold: 0.005000)
  Saved validation predictions to: experiments/12b_feature_sweep/macro_heavy_daily_7q_h10_d015_s42/collapse_monitoring/val_predictions_epoch27.npz
  Gradient norms:
    lstm_encoder: 0.004575
    lstm_decoder: 0.009475
    output_layer: 0.031663
  VSN output std:
    encoder: 0.100741
  Attention entropy: 2.834414
  Saved to: experiments/12b_feature_sweep/macro_heavy_daily_7q_h10_d015_s42/collapse_monitoring/collapse_monitor_latest.json
[DEBUG CollapseMonitor] on_validation_epoch_start called for epoch 28
[DEBUG CollapseMonitor] reset_temporal_state() called on loss function
Epoch 28: val_loss=0.41408541798591614
Epoch 28: train_loss=0.4260363280773163

[CollapseMonitor] Epoch 28
  [DEBUG] Processed 20 batches, 10 horizon(s)
  Multi-horizon metrics (10 horizons):
    h1: std=0.0095, dir_acc=54.5%, pos=100%, unique=1187, sharpe=102.70
    h2: std=0.0078, dir_acc=54.4%, pos=100%, unique=1204, sharpe=124.55
    h3: std=0.0084, dir_acc=54.5%, pos=100%, unique=1210, sharpe=113.52
    h4: std=0.0093, dir_acc=54.5%, pos=100%, unique=1204, sharpe=100.56
    h5: std=0.0100, dir_acc=54.5%, pos=100%, unique=1220, sharpe=92.09
    ... (5 more horizons)
  Aggregate: std_avg=0.0100, dir_acc_avg=54.5%, composite_avg=0.4215
  H1 detail: range=0.0834, mean=0.0612, dist_match=0.5447
  Collapse penalty: 0.000000 (threshold: 0.005000)
  Saved validation predictions to: experiments/12b_feature_sweep/macro_heavy_daily_7q_h10_d015_s42/collapse_monitoring/val_predictions_epoch28.npz
  Gradient norms:
    lstm_encoder: 0.004672
    lstm_decoder: 0.009529
    output_layer: 0.031587
  VSN output std:
    encoder: 0.102205
  Attention entropy: 2.827224
  Saved to: experiments/12b_feature_sweep/macro_heavy_daily_7q_h10_d015_s42/collapse_monitoring/collapse_monitor_latest.json
[DEBUG CollapseMonitor] on_validation_epoch_start called for epoch 29
[DEBUG CollapseMonitor] reset_temporal_state() called on loss function
Epoch 29: val_loss=0.4138043522834778
Epoch 29: train_loss=0.4248807430267334

[CollapseMonitor] Epoch 29
  [DEBUG] Processed 20 batches, 10 horizon(s)
  Multi-horizon metrics (10 horizons):
    h1: std=0.0082, dir_acc=54.5%, pos=100%, unique=1205, sharpe=94.38
    h2: std=0.0073, dir_acc=54.4%, pos=100%, unique=1202, sharpe=107.01
    h3: std=0.0078, dir_acc=54.5%, pos=100%, unique=1205, sharpe=98.96
    h4: std=0.0084, dir_acc=54.5%, pos=100%, unique=1216, sharpe=90.73
    h5: std=0.0086, dir_acc=54.5%, pos=100%, unique=1223, sharpe=86.53
    ... (5 more horizons)
  Aggregate: std_avg=0.0083, dir_acc_avg=54.5%, composite_avg=0.4213
  H1 detail: range=0.0903, mean=0.0486, dist_match=0.5447
  Collapse penalty: 0.000000 (threshold: 0.005000)
  Saved validation predictions to: experiments/12b_feature_sweep/macro_heavy_daily_7q_h10_d015_s42/collapse_monitoring/val_predictions_epoch29.npz
  Gradient norms:
    lstm_encoder: 0.005082
    lstm_decoder: 0.010339
    output_layer: 0.031162
  VSN output std:
    encoder: 0.102334
  Attention entropy: 2.814230
  Saved to: experiments/12b_feature_sweep/macro_heavy_daily_7q_h10_d015_s42/collapse_monitoring/collapse_monitor_latest.json
[DEBUG CollapseMonitor] on_validation_epoch_start called for epoch 30
[DEBUG CollapseMonitor] reset_temporal_state() called on loss function
Epoch 30: val_loss=0.41327154636383057
Epoch 30: train_loss=0.42495256662368774

[CollapseMonitor] Epoch 30
  [DEBUG] Processed 20 batches, 10 horizon(s)
  Multi-horizon metrics (10 horizons):
    h1: std=0.0083, dir_acc=54.4%, pos=100%, unique=1201, sharpe=101.01
    h2: std=0.0072, dir_acc=54.3%, pos=100%, unique=1205, sharpe=116.77
    h3: std=0.0075, dir_acc=54.5%, pos=100%, unique=1216, sharpe=109.90
    h4: std=0.0080, dir_acc=54.5%, pos=100%, unique=1204, sharpe=100.63
    h5: std=0.0084, dir_acc=54.5%, pos=100%, unique=1214, sharpe=94.60
    ... (5 more horizons)
  Aggregate: std_avg=0.0083, dir_acc_avg=54.5%, composite_avg=0.4211
  H1 detail: range=0.0887, mean=0.0529, dist_match=0.5455
  Collapse penalty: 0.000000 (threshold: 0.005000)
  Saved validation predictions to: experiments/12b_feature_sweep/macro_heavy_daily_7q_h10_d015_s42/collapse_monitoring/val_predictions_epoch30.npz
  Gradient norms:
    lstm_encoder: 0.005091
    lstm_decoder: 0.010877
    output_layer: 0.032112
  VSN output std:
    encoder: 0.102137
  Attention entropy: 2.796781
  Saved to: experiments/12b_feature_sweep/macro_heavy_daily_7q_h10_d015_s42/collapse_monitoring/collapse_monitor_latest.json
[DEBUG CollapseMonitor] on_validation_epoch_start called for epoch 31
[DEBUG CollapseMonitor] reset_temporal_state() called on loss function
Epoch 31: val_loss=0.4137156903743744
Epoch 31: train_loss=0.4245961904525757

[CollapseMonitor] Epoch 31
  [DEBUG] Processed 20 batches, 10 horizon(s)
  Multi-horizon metrics (10 horizons):
    h1: std=0.0092, dir_acc=54.3%, pos=100%, unique=1208, sharpe=93.99
    h2: std=0.0085, dir_acc=54.3%, pos=100%, unique=1203, sharpe=101.74
    h3: std=0.0087, dir_acc=54.4%, pos=100%, unique=1199, sharpe=97.15
    h4: std=0.0091, dir_acc=54.5%, pos=100%, unique=1209, sharpe=91.33
    h5: std=0.0092, dir_acc=54.6%, pos=100%, unique=1202, sharpe=88.11
    ... (5 more horizons)
  Aggregate: std_avg=0.0088, dir_acc_avg=54.5%, composite_avg=0.4213
  H1 detail: range=0.1066, mean=0.0547, dist_match=0.5479
  Collapse penalty: 0.000000 (threshold: 0.005000)
  Saved validation predictions to: experiments/12b_feature_sweep/macro_heavy_daily_7q_h10_d015_s42/collapse_monitoring/val_predictions_epoch31.npz
  Gradient norms:
    lstm_encoder: 0.005241
    lstm_decoder: 0.011476
    output_layer: 0.031511
  VSN output std:
    encoder: 0.101784
  Attention entropy: 2.792085
  Saved to: experiments/12b_feature_sweep/macro_heavy_daily_7q_h10_d015_s42/collapse_monitoring/collapse_monitor_latest.json
[DEBUG CollapseMonitor] on_validation_epoch_start called for epoch 32
[DEBUG CollapseMonitor] reset_temporal_state() called on loss function
Epoch 32: val_loss=0.412948876619339
Epoch 32: train_loss=0.4242805540561676

[CollapseMonitor] Epoch 32
  [DEBUG] Processed 20 batches, 10 horizon(s)
  Multi-horizon metrics (10 horizons):
    h1: std=0.0107, dir_acc=54.4%, pos=100%, unique=1199, sharpe=81.62
    h2: std=0.0097, dir_acc=54.3%, pos=100%, unique=1207, sharpe=89.35
    h3: std=0.0098, dir_acc=54.4%, pos=100%, unique=1198, sharpe=87.74
    h4: std=0.0101, dir_acc=54.5%, pos=100%, unique=1205, sharpe=84.26
    h5: std=0.0103, dir_acc=54.6%, pos=100%, unique=1207, sharpe=81.98
    ... (5 more horizons)
  Aggregate: std_avg=0.0103, dir_acc_avg=54.4%, composite_avg=0.4220
  H1 detail: range=0.1229, mean=0.0548, dist_match=0.5487
  Collapse penalty: 0.000000 (threshold: 0.005000)
  Saved validation predictions to: experiments/12b_feature_sweep/macro_heavy_daily_7q_h10_d015_s42/collapse_monitoring/val_predictions_epoch32.npz
  Gradient norms:
    lstm_encoder: 0.005108
    lstm_decoder: 0.010940
    output_layer: 0.029414
  VSN output std:
    encoder: 0.102740
  Attention entropy: 2.796652
  Saved to: experiments/12b_feature_sweep/macro_heavy_daily_7q_h10_d015_s42/collapse_monitoring/collapse_monitor_latest.json
[DEBUG CollapseMonitor] on_validation_epoch_start called for epoch 33
[DEBUG CollapseMonitor] reset_temporal_state() called on loss function
Epoch 33: val_loss=0.4123769998550415
Epoch 33: train_loss=0.4238350987434387

[CollapseMonitor] Epoch 33
  [DEBUG] Processed 20 batches, 10 horizon(s)
  Multi-horizon metrics (10 horizons):
    h1: std=0.0107, dir_acc=54.3%, pos=100%, unique=1211, sharpe=87.06
    h2: std=0.0101, dir_acc=54.2%, pos=100%, unique=1207, sharpe=91.83
    h3: std=0.0103, dir_acc=54.5%, pos=100%, unique=1204, sharpe=89.56
    h4: std=0.0106, dir_acc=54.5%, pos=100%, unique=1212, sharpe=86.24
    h5: std=0.0107, dir_acc=54.5%, pos=100%, unique=1209, sharpe=84.61
    ... (5 more horizons)
  Aggregate: std_avg=0.0105, dir_acc_avg=54.5%, composite_avg=0.4218
  H1 detail: range=0.1287, mean=0.0585, dist_match=0.5479
  Collapse penalty: 0.000000 (threshold: 0.005000)
  Saved validation predictions to: experiments/12b_feature_sweep/macro_heavy_daily_7q_h10_d015_s42/collapse_monitoring/val_predictions_epoch33.npz
  Gradient norms:
    lstm_encoder: 0.005573
    lstm_decoder: 0.012200
    output_layer: 0.031190
  VSN output std:
    encoder: 0.104126
  Attention entropy: 2.805057
  Saved to: experiments/12b_feature_sweep/macro_heavy_daily_7q_h10_d015_s42/collapse_monitoring/collapse_monitor_latest.json
[DEBUG CollapseMonitor] on_validation_epoch_start called for epoch 34
[DEBUG CollapseMonitor] reset_temporal_state() called on loss function
Epoch 34: val_loss=0.4132150709629059
Epoch 34: train_loss=0.423401415348053

[CollapseMonitor] Epoch 34
  [DEBUG] Processed 20 batches, 10 horizon(s)
  Multi-horizon metrics (10 horizons):
    h1: std=0.0115, dir_acc=54.3%, pos=100%, unique=1204, sharpe=79.92
    h2: std=0.0105, dir_acc=54.3%, pos=100%, unique=1204, sharpe=85.45
    h3: std=0.0104, dir_acc=54.5%, pos=100%, unique=1203, sharpe=84.42
    h4: std=0.0105, dir_acc=54.5%, pos=100%, unique=1210, sharpe=81.98
    h5: std=0.0106, dir_acc=54.6%, pos=100%, unique=1203, sharpe=80.57
    ... (5 more horizons)
  Aggregate: std_avg=0.0106, dir_acc_avg=54.5%, composite_avg=0.4226
  H1 detail: range=0.1299, mean=0.0580, dist_match=0.5479
  Collapse penalty: 0.000000 (threshold: 0.005000)
  Saved validation predictions to: experiments/12b_feature_sweep/macro_heavy_daily_7q_h10_d015_s42/collapse_monitoring/val_predictions_epoch34.npz
  Gradient norms:
    lstm_encoder: 0.005853
    lstm_decoder: 0.011920
    output_layer: 0.034183
  VSN output std:
    encoder: 0.103244
  Attention entropy: 2.818199
  Saved to: experiments/12b_feature_sweep/macro_heavy_daily_7q_h10_d015_s42/collapse_monitoring/collapse_monitor_latest.json
[DEBUG CollapseMonitor] on_validation_epoch_start called for epoch 35
[DEBUG CollapseMonitor] reset_temporal_state() called on loss function
Epoch 35: val_loss=0.4125616252422333
Epoch 35: train_loss=0.4239597022533417

[CollapseMonitor] Epoch 35
  [DEBUG] Processed 20 batches, 10 horizon(s)
  Multi-horizon metrics (10 horizons):
    h1: std=0.0157, dir_acc=54.3%, pos=99%, unique=1212, sharpe=71.46
    h2: std=0.0142, dir_acc=54.2%, pos=100%, unique=1213, sharpe=79.35
    h3: std=0.0139, dir_acc=54.3%, pos=100%, unique=1214, sharpe=80.92
    h4: std=0.0140, dir_acc=54.5%, pos=100%, unique=1212, sharpe=80.37
    h5: std=0.0142, dir_acc=54.5%, pos=100%, unique=1208, sharpe=79.58
    ... (5 more horizons)
  Aggregate: std_avg=0.0146, dir_acc_avg=54.4%, composite_avg=0.4226
  H1 detail: range=0.1664, mean=0.0709, dist_match=0.5495
  Collapse penalty: 0.000000 (threshold: 0.005000)
  Saved validation predictions to: experiments/12b_feature_sweep/macro_heavy_daily_7q_h10_d015_s42/collapse_monitoring/val_predictions_epoch35.npz
  Gradient norms:
    lstm_encoder: 0.006063
    lstm_decoder: 0.012562
    output_layer: 0.032111
  VSN output std:
    encoder: 0.104089
  Attention entropy: 2.804628
  Saved to: experiments/12b_feature_sweep/macro_heavy_daily_7q_h10_d015_s42/collapse_monitoring/collapse_monitor_latest.json
[DEBUG CollapseMonitor] on_validation_epoch_start called for epoch 36
[DEBUG CollapseMonitor] reset_temporal_state() called on loss function
Epoch 36: val_loss=0.4118487536907196
Epoch 36: train_loss=0.4234280288219452

[CollapseMonitor] Epoch 36
  [DEBUG] Processed 20 batches, 10 horizon(s)
  Multi-horizon metrics (10 horizons):
    h1: std=0.0166, dir_acc=54.1%, pos=99%, unique=1221, sharpe=52.71
    h2: std=0.0151, dir_acc=54.2%, pos=99%, unique=1210, sharpe=58.05
    h3: std=0.0145, dir_acc=54.3%, pos=99%, unique=1214, sharpe=60.02
    h4: std=0.0143, dir_acc=54.5%, pos=99%, unique=1208, sharpe=60.65
    h5: std=0.0143, dir_acc=54.5%, pos=99%, unique=1220, sharpe=61.10
    ... (5 more horizons)
  Aggregate: std_avg=0.0145, dir_acc_avg=54.4%, composite_avg=0.4220
  H1 detail: range=0.1727, mean=0.0551, dist_match=0.5535
  Collapse penalty: 0.000000 (threshold: 0.005000)
  Saved validation predictions to: experiments/12b_feature_sweep/macro_heavy_daily_7q_h10_d015_s42/collapse_monitoring/val_predictions_epoch36.npz
  Gradient norms:
    lstm_encoder: 0.005989
    lstm_decoder: 0.012472
    output_layer: 0.031626
  VSN output std:
    encoder: 0.104126
  Attention entropy: 2.798690
  Saved to: experiments/12b_feature_sweep/macro_heavy_daily_7q_h10_d015_s42/collapse_monitoring/collapse_monitor_latest.json
[DEBUG CollapseMonitor] on_validation_epoch_start called for epoch 37
[DEBUG CollapseMonitor] reset_temporal_state() called on loss function
Epoch 37: val_loss=0.4121948778629303
Epoch 37: train_loss=0.4224722981452942

[CollapseMonitor] Epoch 37
  [DEBUG] Processed 20 batches, 10 horizon(s)
  Multi-horizon metrics (10 horizons):
    h1: std=0.0157, dir_acc=54.4%, pos=100%, unique=1212, sharpe=62.26
    h2: std=0.0147, dir_acc=54.3%, pos=100%, unique=1211, sharpe=65.81
    h3: std=0.0142, dir_acc=54.4%, pos=100%, unique=1223, sharpe=67.12
    h4: std=0.0140, dir_acc=54.5%, pos=100%, unique=1219, sharpe=67.34
    h5: std=0.0139, dir_acc=54.6%, pos=100%, unique=1215, sharpe=67.60
    ... (5 more horizons)
  Aggregate: std_avg=0.0140, dir_acc_avg=54.5%, composite_avg=0.4220
  H1 detail: range=0.1670, mean=0.0617, dist_match=0.5487
  Collapse penalty: 0.000000 (threshold: 0.005000)
  Saved validation predictions to: experiments/12b_feature_sweep/macro_heavy_daily_7q_h10_d015_s42/collapse_monitoring/val_predictions_epoch37.npz
  Gradient norms:
    lstm_encoder: 0.006823
    lstm_decoder: 0.013989
    output_layer: 0.033977
  VSN output std:
    encoder: 0.105476
  Attention entropy: 2.795135
  Saved to: experiments/12b_feature_sweep/macro_heavy_daily_7q_h10_d015_s42/collapse_monitoring/collapse_monitor_latest.json
[DEBUG CollapseMonitor] on_validation_epoch_start called for epoch 38
[DEBUG CollapseMonitor] reset_temporal_state() called on loss function
Epoch 38: val_loss=0.4112124443054199
Epoch 38: train_loss=0.4235576093196869

[CollapseMonitor] Epoch 38
  [DEBUG] Processed 20 batches, 10 horizon(s)
  Multi-horizon metrics (10 horizons):
    h1: std=0.0189, dir_acc=53.9%, pos=98%, unique=1221, sharpe=50.53
    h2: std=0.0173, dir_acc=54.1%, pos=99%, unique=1217, sharpe=54.71
    h3: std=0.0167, dir_acc=54.4%, pos=99%, unique=1216, sharpe=56.18
    h4: std=0.0165, dir_acc=54.5%, pos=99%, unique=1211, sharpe=56.52
    h5: std=0.0164, dir_acc=54.5%, pos=99%, unique=1214, sharpe=56.61
    ... (5 more horizons)
  Aggregate: std_avg=0.0169, dir_acc_avg=54.4%, composite_avg=0.4230
  H1 detail: range=0.1975, mean=0.0602, dist_match=0.5599
  Collapse penalty: 0.000000 (threshold: 0.005000)
  Saved validation predictions to: experiments/12b_feature_sweep/macro_heavy_daily_7q_h10_d015_s42/collapse_monitoring/val_predictions_epoch38.npz
  Gradient norms:
    lstm_encoder: 0.006350
    lstm_decoder: 0.012949
    output_layer: 0.030355
  VSN output std:
    encoder: 0.105643
  Attention entropy: 2.793664
  Saved to: experiments/12b_feature_sweep/macro_heavy_daily_7q_h10_d015_s42/collapse_monitoring/collapse_monitor_latest.json
[DEBUG CollapseMonitor] on_validation_epoch_start called for epoch 39
[DEBUG CollapseMonitor] reset_temporal_state() called on loss function
Epoch 39: val_loss=0.41173917055130005
Epoch 39: train_loss=0.42350539565086365

[CollapseMonitor] Epoch 39
  [DEBUG] Processed 20 batches, 10 horizon(s)
  Multi-horizon metrics (10 horizons):
    h1: std=0.0198, dir_acc=54.1%, pos=99%, unique=1229, sharpe=54.62
    h2: std=0.0184, dir_acc=54.1%, pos=99%, unique=1225, sharpe=58.21
    h3: std=0.0177, dir_acc=54.3%, pos=100%, unique=1220, sharpe=59.79
    h4: std=0.0174, dir_acc=54.5%, pos=100%, unique=1215, sharpe=60.35
    h5: std=0.0173, dir_acc=54.5%, pos=100%, unique=1213, sharpe=60.60
    ... (5 more horizons)
  Aggregate: std_avg=0.0178, dir_acc_avg=54.4%, composite_avg=0.4219
  H1 detail: range=0.2124, mean=0.0682, dist_match=0.5575
  Collapse penalty: 0.000000 (threshold: 0.005000)
  Saved validation predictions to: experiments/12b_feature_sweep/macro_heavy_daily_7q_h10_d015_s42/collapse_monitoring/val_predictions_epoch39.npz
  Gradient norms:
    lstm_encoder: 0.006837
    lstm_decoder: 0.014122
    output_layer: 0.033228
  VSN output std:
    encoder: 0.105376
  Attention entropy: 2.791367
  Saved to: experiments/12b_feature_sweep/macro_heavy_daily_7q_h10_d015_s42/collapse_monitoring/collapse_monitor_latest.json
[DEBUG CollapseMonitor] on_validation_epoch_start called for epoch 40
[DEBUG CollapseMonitor] reset_temporal_state() called on loss function
Epoch 40: val_loss=0.4102696180343628
Epoch 40: train_loss=0.4227055311203003

[CollapseMonitor] Epoch 40
  [DEBUG] Processed 20 batches, 10 horizon(s)
  Multi-horizon metrics (10 horizons):
    h1: std=0.0286, dir_acc=53.6%, pos=94%, unique=1214, sharpe=26.54
    h2: std=0.0263, dir_acc=53.3%, pos=94%, unique=1222, sharpe=28.86
    h3: std=0.0254, dir_acc=53.9%, pos=94%, unique=1222, sharpe=29.84
    h4: std=0.0251, dir_acc=54.1%, pos=95%, unique=1213, sharpe=30.31
    h5: std=0.0251, dir_acc=54.1%, pos=95%, unique=1223, sharpe=30.60
    ... (5 more horizons)
  Aggregate: std_avg=0.0259, dir_acc_avg=54.1%, composite_avg=0.4318
  H1 detail: range=0.2581, mean=0.0478, dist_match=0.6066
  Collapse penalty: 0.000000 (threshold: 0.005000)
  Saved validation predictions to: experiments/12b_feature_sweep/macro_heavy_daily_7q_h10_d015_s42/collapse_monitoring/val_predictions_epoch40.npz
  Gradient norms:
    lstm_encoder: 0.007503
    lstm_decoder: 0.012790
    output_layer: 0.030360
  VSN output std:
    encoder: 0.106578
  Attention entropy: 2.796970
  Saved to: experiments/12b_feature_sweep/macro_heavy_daily_7q_h10_d015_s42/collapse_monitoring/collapse_monitor_latest.json
[DEBUG CollapseMonitor] on_validation_epoch_start called for epoch 41
[DEBUG CollapseMonitor] reset_temporal_state() called on loss function
Epoch 41: val_loss=0.411198228597641
Epoch 41: train_loss=0.4229351580142975

[CollapseMonitor] Epoch 41
  [DEBUG] Processed 20 batches, 10 horizon(s)
  Multi-horizon metrics (10 horizons):
    h1: std=0.0240, dir_acc=53.6%, pos=96%, unique=1214, sharpe=32.95
    h2: std=0.0224, dir_acc=53.7%, pos=97%, unique=1212, sharpe=35.36
    h3: std=0.0216, dir_acc=54.1%, pos=97%, unique=1211, sharpe=36.72
    h4: std=0.0213, dir_acc=54.4%, pos=97%, unique=1214, sharpe=37.49
    h5: std=0.0213, dir_acc=54.5%, pos=97%, unique=1215, sharpe=38.01
    ... (5 more horizons)
  Aggregate: std_avg=0.0218, dir_acc_avg=54.3%, composite_avg=0.4272
  H1 detail: range=0.2345, mean=0.0498, dist_match=0.5792
  Collapse penalty: 0.000000 (threshold: 0.005000)
  Saved validation predictions to: experiments/12b_feature_sweep/macro_heavy_daily_7q_h10_d015_s42/collapse_monitoring/val_predictions_epoch41.npz
  Gradient norms:
    lstm_encoder: 0.007156
    lstm_decoder: 0.013263
    output_layer: 0.030204
  VSN output std:
    encoder: 0.106033
  Attention entropy: 2.793569
  Saved to: experiments/12b_feature_sweep/macro_heavy_daily_7q_h10_d015_s42/collapse_monitoring/collapse_monitor_latest.json
[DEBUG CollapseMonitor] on_validation_epoch_start called for epoch 42
[DEBUG CollapseMonitor] reset_temporal_state() called on loss function
Epoch 42: val_loss=0.410540372133255
Epoch 42: train_loss=0.42207619547843933

[CollapseMonitor] Epoch 42
  [DEBUG] Processed 20 batches, 10 horizon(s)
  Multi-horizon metrics (10 horizons):
    h1: std=0.0220, dir_acc=53.8%, pos=97%, unique=1223, sharpe=32.90
    h2: std=0.0207, dir_acc=53.8%, pos=97%, unique=1217, sharpe=35.00
    h3: std=0.0201, dir_acc=54.4%, pos=97%, unique=1207, sharpe=36.28
    h4: std=0.0198, dir_acc=54.5%, pos=98%, unique=1216, sharpe=37.07
    h5: std=0.0198, dir_acc=54.5%, pos=98%, unique=1218, sharpe=37.70
    ... (5 more horizons)
  Aggregate: std_avg=0.0201, dir_acc_avg=54.5%, composite_avg=0.4274
  H1 detail: range=0.2036, mean=0.0455, dist_match=0.5784
  Collapse penalty: 0.000000 (threshold: 0.005000)
  Saved validation predictions to: experiments/12b_feature_sweep/macro_heavy_daily_7q_h10_d015_s42/collapse_monitoring/val_predictions_epoch42.npz
  Gradient norms:
    lstm_encoder: 0.008147
    lstm_decoder: 0.014029
    output_layer: 0.033701
  VSN output std:
    encoder: 0.107222
  Attention entropy: 2.802317
  Saved to: experiments/12b_feature_sweep/macro_heavy_daily_7q_h10_d015_s42/collapse_monitoring/collapse_monitor_latest.json
[DEBUG CollapseMonitor] on_validation_epoch_start called for epoch 43
[DEBUG CollapseMonitor] reset_temporal_state() called on loss function
Epoch 43: val_loss=0.40997883677482605
Epoch 43: train_loss=0.4223790764808655

[CollapseMonitor] Epoch 43
  [DEBUG] Processed 20 batches, 10 horizon(s)
  Multi-horizon metrics (10 horizons):
    h1: std=0.0252, dir_acc=53.7%, pos=96%, unique=1226, sharpe=32.81
    h2: std=0.0236, dir_acc=53.8%, pos=97%, unique=1213, sharpe=35.20
    h3: std=0.0229, dir_acc=54.1%, pos=97%, unique=1213, sharpe=36.71
    h4: std=0.0226, dir_acc=54.3%, pos=97%, unique=1214, sharpe=37.70
    h5: std=0.0225, dir_acc=54.4%, pos=97%, unique=1216, sharpe=38.44
    ... (5 more horizons)
  Aggregate: std_avg=0.0230, dir_acc_avg=54.3%, composite_avg=0.4274
  H1 detail: range=0.2163, mean=0.0522, dist_match=0.5833
  Collapse penalty: 0.000000 (threshold: 0.005000)
  Saved validation predictions to: experiments/12b_feature_sweep/macro_heavy_daily_7q_h10_d015_s42/collapse_monitoring/val_predictions_epoch43.npz
  Gradient norms:
    lstm_encoder: 0.007800
    lstm_decoder: 0.013522
    output_layer: 0.032673
  VSN output std:
    encoder: 0.107581
  Attention entropy: 2.814072
  Saved to: experiments/12b_feature_sweep/macro_heavy_daily_7q_h10_d015_s42/collapse_monitoring/collapse_monitor_latest.json
[DEBUG CollapseMonitor] on_validation_epoch_start called for epoch 44
[DEBUG CollapseMonitor] reset_temporal_state() called on loss function
Epoch 44: val_loss=0.4108295142650604
Epoch 44: train_loss=0.4217848777770996

[CollapseMonitor] Epoch 44
  [DEBUG] Processed 20 batches, 10 horizon(s)
  Multi-horizon metrics (10 horizons):
    h1: std=0.0310, dir_acc=54.1%, pos=93%, unique=1223, sharpe=23.21
    h2: std=0.0293, dir_acc=53.6%, pos=95%, unique=1224, sharpe=24.68
    h3: std=0.0285, dir_acc=54.3%, pos=95%, unique=1217, sharpe=25.51
    h4: std=0.0282, dir_acc=54.5%, pos=95%, unique=1219, sharpe=26.02
    h5: std=0.0282, dir_acc=54.1%, pos=95%, unique=1216, sharpe=26.42
    ... (5 more horizons)
  Aggregate: std_avg=0.0287, dir_acc_avg=54.3%, composite_avg=0.4326
  H1 detail: range=0.2774, mean=0.0453, dist_match=0.6146
  Collapse penalty: 0.000000 (threshold: 0.005000)
  Saved validation predictions to: experiments/12b_feature_sweep/macro_heavy_daily_7q_h10_d015_s42/collapse_monitoring/val_predictions_epoch44.npz
  Gradient norms:
    lstm_encoder: 0.008117
    lstm_decoder: 0.015683
    output_layer: 0.032890
  VSN output std:
    encoder: 0.107562
  Attention entropy: 2.818601
  Saved to: experiments/12b_feature_sweep/macro_heavy_daily_7q_h10_d015_s42/collapse_monitoring/collapse_monitor_latest.json
[DEBUG CollapseMonitor] on_validation_epoch_start called for epoch 45
[DEBUG CollapseMonitor] reset_temporal_state() called on loss function
Epoch 45: val_loss=0.41041749715805054
Epoch 45: train_loss=0.42166900634765625

[CollapseMonitor] Epoch 45
  [DEBUG] Processed 20 batches, 10 horizon(s)
  Multi-horizon metrics (10 horizons):
    h1: std=0.0360, dir_acc=53.5%, pos=93%, unique=1224, sharpe=23.01
    h2: std=0.0340, dir_acc=53.3%, pos=94%, unique=1224, sharpe=24.80
    h3: std=0.0333, dir_acc=53.7%, pos=94%, unique=1216, sharpe=25.81
    h4: std=0.0331, dir_acc=54.4%, pos=95%, unique=1222, sharpe=26.46
    h5: std=0.0331, dir_acc=54.3%, pos=95%, unique=1219, sharpe=26.92
    ... (5 more horizons)
  Aggregate: std_avg=0.0338, dir_acc_avg=54.2%, composite_avg=0.4327
  H1 detail: range=0.3191, mean=0.0521, dist_match=0.6106
  Collapse penalty: 0.000000 (threshold: 0.005000)
  Saved validation predictions to: experiments/12b_feature_sweep/macro_heavy_daily_7q_h10_d015_s42/collapse_monitoring/val_predictions_epoch45.npz
  Gradient norms:
    lstm_encoder: 0.008425
    lstm_decoder: 0.014732
    output_layer: 0.031474
  VSN output std:
    encoder: 0.107812
  Attention entropy: 2.817783
  Saved to: experiments/12b_feature_sweep/macro_heavy_daily_7q_h10_d015_s42/collapse_monitoring/collapse_monitor_latest.json
[DEBUG CollapseMonitor] on_validation_epoch_start called for epoch 46
[DEBUG CollapseMonitor] reset_temporal_state() called on loss function
Epoch 46: val_loss=0.41032034158706665
Epoch 46: train_loss=0.4214059114456177

[CollapseMonitor] Epoch 46
  [DEBUG] Processed 20 batches, 10 horizon(s)
  Multi-horizon metrics (10 horizons):
    h1: std=0.0355, dir_acc=53.6%, pos=94%, unique=1226, sharpe=23.79
    h2: std=0.0337, dir_acc=53.3%, pos=95%, unique=1216, sharpe=25.42
    h3: std=0.0329, dir_acc=54.0%, pos=95%, unique=1223, sharpe=26.46
    h4: std=0.0327, dir_acc=54.5%, pos=95%, unique=1214, sharpe=27.12
    h5: std=0.0327, dir_acc=54.1%, pos=96%, unique=1216, sharpe=27.57
    ... (5 more horizons)
  Aggregate: std_avg=0.0333, dir_acc_avg=54.2%, composite_avg=0.4305
  H1 detail: range=0.2991, mean=0.0532, dist_match=0.6050
  Collapse penalty: 0.000000 (threshold: 0.005000)
  Saved validation predictions to: experiments/12b_feature_sweep/macro_heavy_daily_7q_h10_d015_s42/collapse_monitoring/val_predictions_epoch46.npz
  Gradient norms:
    lstm_encoder: 0.009308
    lstm_decoder: 0.016721
    output_layer: 0.033284
  VSN output std:
    encoder: 0.108162
  Attention entropy: 2.830390
  Saved to: experiments/12b_feature_sweep/macro_heavy_daily_7q_h10_d015_s42/collapse_monitoring/collapse_monitor_latest.json
[DEBUG CollapseMonitor] on_validation_epoch_start called for epoch 47
[DEBUG CollapseMonitor] reset_temporal_state() called on loss function
Epoch 47: val_loss=0.41087982058525085
Epoch 47: train_loss=0.421097993850708

[CollapseMonitor] Epoch 47
  [DEBUG] Processed 20 batches, 10 horizon(s)
  Multi-horizon metrics (10 horizons):
    h1: std=0.0374, dir_acc=54.0%, pos=92%, unique=1228, sharpe=19.71
    h2: std=0.0355, dir_acc=53.4%, pos=93%, unique=1228, sharpe=20.61
    h3: std=0.0347, dir_acc=53.6%, pos=93%, unique=1226, sharpe=21.02
    h4: std=0.0343, dir_acc=53.9%, pos=93%, unique=1227, sharpe=21.20
    h5: std=0.0343, dir_acc=54.2%, pos=93%, unique=1223, sharpe=21.28
    ... (5 more horizons)
  Aggregate: std_avg=0.0350, dir_acc_avg=54.1%, composite_avg=0.4373
  H1 detail: range=0.2644, mean=0.0465, dist_match=0.6267
  Collapse penalty: 0.000000 (threshold: 0.005000)
  Saved validation predictions to: experiments/12b_feature_sweep/macro_heavy_daily_7q_h10_d015_s42/collapse_monitoring/val_predictions_epoch47.npz
  Gradient norms:
    lstm_encoder: 0.008503
    lstm_decoder: 0.015355
    output_layer: 0.031599
  VSN output std:
    encoder: 0.108167
  Attention entropy: 2.835584
  Saved to: experiments/12b_feature_sweep/macro_heavy_daily_7q_h10_d015_s42/collapse_monitoring/collapse_monitor_latest.json
[DEBUG CollapseMonitor] on_validation_epoch_start called for epoch 48
[DEBUG CollapseMonitor] reset_temporal_state() called on loss function
Epoch 48: val_loss=0.4106855094432831
Epoch 48: train_loss=0.4213879406452179

[CollapseMonitor] Epoch 48
  [DEBUG] Processed 20 batches, 10 horizon(s)
  Multi-horizon metrics (10 horizons):
    h1: std=0.0322, dir_acc=53.7%, pos=94%, unique=1227, sharpe=25.97
    h2: std=0.0310, dir_acc=53.5%, pos=96%, unique=1222, sharpe=27.32
    h3: std=0.0304, dir_acc=53.9%, pos=96%, unique=1218, sharpe=28.34
    h4: std=0.0302, dir_acc=54.6%, pos=97%, unique=1223, sharpe=29.03
    h5: std=0.0301, dir_acc=54.6%, pos=97%, unique=1223, sharpe=29.52
    ... (5 more horizons)
  Aggregate: std_avg=0.0305, dir_acc_avg=54.3%, composite_avg=0.4297
  H1 detail: range=0.2405, mean=0.0527, dist_match=0.6002
  Collapse penalty: 0.000000 (threshold: 0.005000)
  Saved validation predictions to: experiments/12b_feature_sweep/macro_heavy_daily_7q_h10_d015_s42/collapse_monitoring/val_predictions_epoch48.npz
  Gradient norms:
    lstm_encoder: 0.009668
    lstm_decoder: 0.018674
    output_layer: 0.034742
  VSN output std:
    encoder: 0.107320
  Attention entropy: 2.838816
  Saved to: experiments/12b_feature_sweep/macro_heavy_daily_7q_h10_d015_s42/collapse_monitoring/collapse_monitor_latest.json
[DEBUG CollapseMonitor] on_validation_epoch_start called for epoch 49
[DEBUG CollapseMonitor] reset_temporal_state() called on loss function
Epoch 49: val_loss=0.41062429547309875
Epoch 49: train_loss=0.4210692346096039

[CollapseMonitor] Epoch 49
  [DEBUG] Processed 20 batches, 10 horizon(s)
  Multi-horizon metrics (10 horizons):
    h1: std=0.0355, dir_acc=53.9%, pos=92%, unique=1228, sharpe=21.29
    h2: std=0.0340, dir_acc=53.4%, pos=94%, unique=1218, sharpe=22.68
    h3: std=0.0333, dir_acc=53.6%, pos=94%, unique=1225, sharpe=23.68
    h4: std=0.0330, dir_acc=54.0%, pos=94%, unique=1223, sharpe=24.37
    h5: std=0.0329, dir_acc=54.0%, pos=94%, unique=1233, sharpe=24.85
    ... (5 more horizons)
  Aggregate: std_avg=0.0333, dir_acc_avg=54.0%, composite_avg=0.4327
  H1 detail: range=0.2640, mean=0.0476, dist_match=0.6195
  Collapse penalty: 0.000000 (threshold: 0.005000)
  Saved validation predictions to: experiments/12b_feature_sweep/macro_heavy_daily_7q_h10_d015_s42/collapse_monitoring/val_predictions_epoch49.npz
  Gradient norms:
    lstm_encoder: 0.009271
    lstm_decoder: 0.018667
    output_layer: 0.031002
  VSN output std:
    encoder: 0.107657
  Attention entropy: 2.842792
  Saved to: experiments/12b_feature_sweep/macro_heavy_daily_7q_h10_d015_s42/collapse_monitoring/collapse_monitor_latest.json
[DEBUG CollapseMonitor] on_validation_epoch_start called for epoch 50
[DEBUG CollapseMonitor] reset_temporal_state() called on loss function
Epoch 50: val_loss=0.41052475571632385
Epoch 50: train_loss=0.421030193567276

[CollapseMonitor] Epoch 50
  [DEBUG] Processed 20 batches, 10 horizon(s)
  Multi-horizon metrics (10 horizons):
    h1: std=0.0329, dir_acc=53.7%, pos=94%, unique=1226, sharpe=24.04
    h2: std=0.0316, dir_acc=53.3%, pos=95%, unique=1224, sharpe=25.68
    h3: std=0.0309, dir_acc=54.1%, pos=95%, unique=1225, sharpe=26.88
    h4: std=0.0306, dir_acc=54.4%, pos=95%, unique=1221, sharpe=27.73
    h5: std=0.0306, dir_acc=54.5%, pos=96%, unique=1226, sharpe=28.34
    ... (5 more horizons)
  Aggregate: std_avg=0.0310, dir_acc_avg=54.3%, composite_avg=0.4311
  H1 detail: range=0.2458, mean=0.0499, dist_match=0.6050
  Collapse penalty: 0.000000 (threshold: 0.005000)
  Saved validation predictions to: experiments/12b_feature_sweep/macro_heavy_daily_7q_h10_d015_s42/collapse_monitoring/val_predictions_epoch50.npz
  Gradient norms:
    lstm_encoder: 0.009518
    lstm_decoder: 0.015341
    output_layer: 0.030266
  VSN output std:
    encoder: 0.108010
  Attention entropy: 2.848096
  Saved to: experiments/12b_feature_sweep/macro_heavy_daily_7q_h10_d015_s42/collapse_monitoring/collapse_monitor_latest.json
[DEBUG CollapseMonitor] on_validation_epoch_start called for epoch 51
[DEBUG CollapseMonitor] reset_temporal_state() called on loss function
Epoch 51: val_loss=0.4101247489452362
Epoch 51: train_loss=0.4211619794368744

[CollapseMonitor] Epoch 51
  [DEBUG] Processed 20 batches, 10 horizon(s)
  Multi-horizon metrics (10 horizons):
    h1: std=0.0387, dir_acc=54.1%, pos=92%, unique=1226, sharpe=18.88
    h2: std=0.0371, dir_acc=53.7%, pos=92%, unique=1228, sharpe=20.07
    h3: std=0.0365, dir_acc=53.7%, pos=93%, unique=1227, sharpe=20.84
    h4: std=0.0363, dir_acc=53.8%, pos=93%, unique=1224, sharpe=21.35
    h5: std=0.0364, dir_acc=54.1%, pos=93%, unique=1223, sharpe=21.69
    ... (5 more horizons)
  Aggregate: std_avg=0.0369, dir_acc_avg=54.1%, composite_avg=0.4362
  H1 detail: range=0.2766, mean=0.0460, dist_match=0.6267
  Collapse penalty: 0.000000 (threshold: 0.005000)
  Saved validation predictions to: experiments/12b_feature_sweep/macro_heavy_daily_7q_h10_d015_s42/collapse_monitoring/val_predictions_epoch51.npz
  Gradient norms:
    lstm_encoder: 0.009591
    lstm_decoder: 0.016195
    output_layer: 0.030957
  VSN output std:
    encoder: 0.107746
  Attention entropy: 2.848058
  Saved to: experiments/12b_feature_sweep/macro_heavy_daily_7q_h10_d015_s42/collapse_monitoring/collapse_monitor_latest.json
[DEBUG CollapseMonitor] on_validation_epoch_start called for epoch 52
[DEBUG CollapseMonitor] reset_temporal_state() called on loss function
Epoch 52: val_loss=0.4113727807998657
Epoch 52: train_loss=0.42141878604888916

[CollapseMonitor] Epoch 52
  [DEBUG] Processed 20 batches, 10 horizon(s)
  Multi-horizon metrics (10 horizons):
    h1: std=0.0424, dir_acc=53.7%, pos=90%, unique=1222, sharpe=16.60
    h2: std=0.0408, dir_acc=53.7%, pos=91%, unique=1230, sharpe=17.60
    h3: std=0.0402, dir_acc=53.5%, pos=91%, unique=1220, sharpe=18.30
    h4: std=0.0400, dir_acc=53.6%, pos=92%, unique=1227, sharpe=18.77
    h5: std=0.0400, dir_acc=53.8%, pos=92%, unique=1217, sharpe=19.09
    ... (5 more horizons)
  Aggregate: std_avg=0.0406, dir_acc_avg=53.8%, composite_avg=0.4377
  H1 detail: range=0.3055, mean=0.0443, dist_match=0.6420
  Collapse penalty: 0.000000 (threshold: 0.005000)
  Saved validation predictions to: experiments/12b_feature_sweep/macro_heavy_daily_7q_h10_d015_s42/collapse_monitoring/val_predictions_epoch52.npz
  Gradient norms:
    lstm_encoder: 0.010297
    lstm_decoder: 0.017628
    output_layer: 0.031521
  VSN output std:
    encoder: 0.107695
  Attention entropy: 2.855179
  Saved to: experiments/12b_feature_sweep/macro_heavy_daily_7q_h10_d015_s42/collapse_monitoring/collapse_monitor_latest.json
[DEBUG CollapseMonitor] on_validation_epoch_start called for epoch 53
[DEBUG CollapseMonitor] reset_temporal_state() called on loss function
Epoch 53: val_loss=0.41115322709083557
Epoch 53: train_loss=0.42140576243400574

[CollapseMonitor] Epoch 53
  [DEBUG] Processed 20 batches, 10 horizon(s)
  Multi-horizon metrics (10 horizons):
    h1: std=0.0423, dir_acc=54.2%, pos=90%, unique=1230, sharpe=16.46
    h2: std=0.0409, dir_acc=53.8%, pos=91%, unique=1231, sharpe=17.54
    h3: std=0.0404, dir_acc=54.1%, pos=91%, unique=1230, sharpe=18.28
    h4: std=0.0403, dir_acc=54.1%, pos=91%, unique=1224, sharpe=18.77
    h5: std=0.0404, dir_acc=54.3%, pos=91%, unique=1224, sharpe=19.11
    ... (5 more horizons)
  Aggregate: std_avg=0.0409, dir_acc_avg=54.2%, composite_avg=0.4420
  H1 detail: range=0.3015, mean=0.0439, dist_match=0.6484
  Collapse penalty: 0.000000 (threshold: 0.005000)
  Saved validation predictions to: experiments/12b_feature_sweep/macro_heavy_daily_7q_h10_d015_s42/collapse_monitoring/val_predictions_epoch53.npz
  Gradient norms:
    lstm_encoder: 0.010496
    lstm_decoder: 0.017827
    output_layer: 0.030861
  VSN output std:
    encoder: 0.108400
  Attention entropy: 2.858098
  Saved to: experiments/12b_feature_sweep/macro_heavy_daily_7q_h10_d015_s42/collapse_monitoring/collapse_monitor_latest.json
[DEBUG CollapseMonitor] on_validation_epoch_start called for epoch 54
[DEBUG CollapseMonitor] reset_temporal_state() called on loss function
Epoch 54: val_loss=0.41127100586891174
Epoch 54: train_loss=0.4204917550086975

[CollapseMonitor] Epoch 54
  [DEBUG] Processed 20 batches, 10 horizon(s)
  Multi-horizon metrics (10 horizons):
    h1: std=0.0426, dir_acc=54.1%, pos=93%, unique=1225, sharpe=19.45
    h2: std=0.0413, dir_acc=53.7%, pos=93%, unique=1226, sharpe=20.74
    h3: std=0.0408, dir_acc=53.7%, pos=93%, unique=1225, sharpe=21.61
    h4: std=0.0408, dir_acc=53.7%, pos=93%, unique=1224, sharpe=22.16
    h5: std=0.0410, dir_acc=53.7%, pos=94%, unique=1224, sharpe=22.49
    ... (5 more horizons)
  Aggregate: std_avg=0.0416, dir_acc_avg=54.0%, composite_avg=0.4343
  H1 detail: range=0.3068, mean=0.0522, dist_match=0.6179
  Collapse penalty: 0.000000 (threshold: 0.005000)
  Saved validation predictions to: experiments/12b_feature_sweep/macro_heavy_daily_7q_h10_d015_s42/collapse_monitoring/val_predictions_epoch54.npz
  Gradient norms:
    lstm_encoder: 0.010244
    lstm_decoder: 0.017486
    output_layer: 0.029830
  VSN output std:
    encoder: 0.107732
  Attention entropy: 2.859814
  Saved to: experiments/12b_feature_sweep/macro_heavy_daily_7q_h10_d015_s42/collapse_monitoring/collapse_monitor_latest.json
[DEBUG CollapseMonitor] on_validation_epoch_start called for epoch 55
[DEBUG CollapseMonitor] reset_temporal_state() called on loss function
Epoch 55: val_loss=0.41084301471710205
Epoch 55: train_loss=0.41967862844467163

[CollapseMonitor] Epoch 55
  [DEBUG] Processed 20 batches, 10 horizon(s)
  Multi-horizon metrics (10 horizons):
    h1: std=0.0409, dir_acc=53.7%, pos=91%, unique=1229, sharpe=18.00
    h2: std=0.0395, dir_acc=53.9%, pos=92%, unique=1232, sharpe=18.96
    h3: std=0.0390, dir_acc=53.7%, pos=92%, unique=1221, sharpe=19.59
    h4: std=0.0388, dir_acc=53.8%, pos=92%, unique=1223, sharpe=19.99
    h5: std=0.0389, dir_acc=53.8%, pos=93%, unique=1223, sharpe=20.22
    ... (5 more horizons)
  Aggregate: std_avg=0.0395, dir_acc_avg=54.0%, composite_avg=0.4370
  H1 detail: range=0.2964, mean=0.0464, dist_match=0.6307
  Collapse penalty: 0.000000 (threshold: 0.005000)
  Saved validation predictions to: experiments/12b_feature_sweep/macro_heavy_daily_7q_h10_d015_s42/collapse_monitoring/val_predictions_epoch55.npz
  Gradient norms:
    lstm_encoder: 0.010477
    lstm_decoder: 0.016605
    output_layer: 0.032633
  VSN output std:
    encoder: 0.108022
  Attention entropy: 2.864489
  Saved to: experiments/12b_feature_sweep/macro_heavy_daily_7q_h10_d015_s42/collapse_monitoring/collapse_monitor_latest.json
[DEBUG CollapseMonitor] on_validation_epoch_start called for epoch 56
[DEBUG CollapseMonitor] reset_temporal_state() called on loss function
Epoch 56: val_loss=0.41088637709617615
Epoch 56: train_loss=0.42086368799209595

[CollapseMonitor] Epoch 56
  [DEBUG] Processed 20 batches, 10 horizon(s)
  Multi-horizon metrics (10 horizons):
    h1: std=0.0371, dir_acc=54.8%, pos=91%, unique=1233, sharpe=18.09
    h2: std=0.0360, dir_acc=54.2%, pos=91%, unique=1230, sharpe=19.17
    h3: std=0.0356, dir_acc=54.1%, pos=91%, unique=1229, sharpe=19.94
    h4: std=0.0355, dir_acc=54.1%, pos=91%, unique=1229, sharpe=20.42
    h5: std=0.0356, dir_acc=54.5%, pos=92%, unique=1227, sharpe=20.70
    ... (5 more horizons)
  Aggregate: std_avg=0.0360, dir_acc_avg=54.5%, composite_avg=0.4433
  H1 detail: range=0.2762, mean=0.0423, dist_match=0.6380
  Collapse penalty: 0.000000 (threshold: 0.005000)
  Saved validation predictions to: experiments/12b_feature_sweep/macro_heavy_daily_7q_h10_d015_s42/collapse_monitoring/val_predictions_epoch56.npz
  Gradient norms:
    lstm_encoder: 0.010933
    lstm_decoder: 0.018260
    output_layer: 0.031984
  VSN output std:
    encoder: 0.107705
  Attention entropy: 2.869341
  Saved to: experiments/12b_feature_sweep/macro_heavy_daily_7q_h10_d015_s42/collapse_monitoring/collapse_monitor_latest.json
[DEBUG CollapseMonitor] on_validation_epoch_start called for epoch 57
[DEBUG CollapseMonitor] reset_temporal_state() called on loss function
Epoch 57: val_loss=0.41126248240470886
Epoch 57: train_loss=0.4209127426147461

[CollapseMonitor] Epoch 57
  [DEBUG] Processed 20 batches, 10 horizon(s)
  Multi-horizon metrics (10 horizons):
    h1: std=0.0395, dir_acc=54.1%, pos=89%, unique=1234, sharpe=14.47
    h2: std=0.0385, dir_acc=53.8%, pos=89%, unique=1225, sharpe=15.52
    h3: std=0.0380, dir_acc=53.8%, pos=89%, unique=1228, sharpe=16.28
    h4: std=0.0380, dir_acc=54.1%, pos=90%, unique=1222, sharpe=16.77
    h5: std=0.0381, dir_acc=54.8%, pos=90%, unique=1218, sharpe=17.06
    ... (5 more horizons)
  Aggregate: std_avg=0.0385, dir_acc_avg=54.3%, composite_avg=0.4471
  H1 detail: range=0.2959, mean=0.0360, dist_match=0.6573
  Collapse penalty: 0.000000 (threshold: 0.005000)
  Saved validation predictions to: experiments/12b_feature_sweep/macro_heavy_daily_7q_h10_d015_s42/collapse_monitoring/val_predictions_epoch57.npz
  Gradient norms:
    lstm_encoder: 0.010951
    lstm_decoder: 0.017903
    output_layer: 0.031669
  VSN output std:
    encoder: 0.107712
  Attention entropy: 2.865376
  Saved to: experiments/12b_feature_sweep/macro_heavy_daily_7q_h10_d015_s42/collapse_monitoring/collapse_monitor_latest.json
[DEBUG CollapseMonitor] on_validation_epoch_start called for epoch 58
[DEBUG CollapseMonitor] reset_temporal_state() called on loss function
Epoch 58: val_loss=0.4104366898536682
Epoch 58: train_loss=0.4203847348690033

[CollapseMonitor] Epoch 58
  [DEBUG] Processed 20 batches, 10 horizon(s)
  Multi-horizon metrics (10 horizons):
    h1: std=0.0382, dir_acc=54.2%, pos=93%, unique=1235, sharpe=20.61
    h2: std=0.0371, dir_acc=53.7%, pos=93%, unique=1229, sharpe=21.69
    h3: std=0.0367, dir_acc=53.7%, pos=94%, unique=1229, sharpe=22.44
    h4: std=0.0366, dir_acc=53.9%, pos=94%, unique=1234, sharpe=22.90
    h5: std=0.0367, dir_acc=54.1%, pos=94%, unique=1228, sharpe=23.15
    ... (5 more horizons)
  Aggregate: std_avg=0.0371, dir_acc_avg=54.1%, composite_avg=0.4344
  H1 detail: range=0.2898, mean=0.0496, dist_match=0.6146
  Collapse penalty: 0.000000 (threshold: 0.005000)
  Saved validation predictions to: experiments/12b_feature_sweep/macro_heavy_daily_7q_h10_d015_s42/collapse_monitoring/val_predictions_epoch58.npz
  Gradient norms:
    lstm_encoder: 0.010956
    lstm_decoder: 0.017848
    output_layer: 0.033647
  VSN output std:
    encoder: 0.108094
  Attention entropy: 2.865452
  Saved to: experiments/12b_feature_sweep/macro_heavy_daily_7q_h10_d015_s42/collapse_monitoring/collapse_monitor_latest.json
[DEBUG CollapseMonitor] on_validation_epoch_start called for epoch 59
[DEBUG CollapseMonitor] reset_temporal_state() called on loss function
Epoch 59: val_loss=0.4109106957912445
Epoch 59: train_loss=0.42034396529197693

[CollapseMonitor] Epoch 59
  [DEBUG] Processed 20 batches, 10 horizon(s)
  Multi-horizon metrics (10 horizons):
    h1: std=0.0361, dir_acc=54.3%, pos=93%, unique=1227, sharpe=20.99
    h2: std=0.0351, dir_acc=54.0%, pos=93%, unique=1231, sharpe=22.05
    h3: std=0.0347, dir_acc=54.1%, pos=93%, unique=1228, sharpe=22.75
    h4: std=0.0346, dir_acc=54.2%, pos=93%, unique=1224, sharpe=23.13
    h5: std=0.0348, dir_acc=54.2%, pos=93%, unique=1225, sharpe=23.29
    ... (5 more horizons)
  Aggregate: std_avg=0.0351, dir_acc_avg=54.3%, composite_avg=0.4374
  H1 detail: range=0.2710, mean=0.0477, dist_match=0.6154
  Collapse penalty: 0.000000 (threshold: 0.005000)
  Saved validation predictions to: experiments/12b_feature_sweep/macro_heavy_daily_7q_h10_d015_s42/collapse_monitoring/val_predictions_epoch59.npz
  Gradient norms:
    lstm_encoder: 0.010826
    lstm_decoder: 0.016796
    output_layer: 0.030604
  VSN output std:
    encoder: 0.108105
  Attention entropy: 2.868175
  Saved to: experiments/12b_feature_sweep/macro_heavy_daily_7q_h10_d015_s42/collapse_monitoring/collapse_monitor_latest.json
[DEBUG CollapseMonitor] on_validation_epoch_start called for epoch 60
[DEBUG CollapseMonitor] reset_temporal_state() called on loss function
Epoch 60: val_loss=0.4110144376754761
Epoch 60: train_loss=0.4198879897594452

[CollapseMonitor] Epoch 60
  [DEBUG] Processed 20 batches, 10 horizon(s)
  Multi-horizon metrics (10 horizons):
    h1: std=0.0363, dir_acc=53.9%, pos=93%, unique=1234, sharpe=22.28
    h2: std=0.0353, dir_acc=53.4%, pos=94%, unique=1224, sharpe=23.35
    h3: std=0.0349, dir_acc=54.1%, pos=95%, unique=1230, sharpe=24.04
    h4: std=0.0348, dir_acc=54.5%, pos=95%, unique=1228, sharpe=24.39
    h5: std=0.0349, dir_acc=54.2%, pos=95%, unique=1230, sharpe=24.52
    ... (5 more horizons)
  Aggregate: std_avg=0.0353, dir_acc_avg=54.3%, composite_avg=0.4338
  H1 detail: range=0.2725, mean=0.0510, dist_match=0.6098
  Collapse penalty: 0.000000 (threshold: 0.005000)
  Saved validation predictions to: experiments/12b_feature_sweep/macro_heavy_daily_7q_h10_d015_s42/collapse_monitoring/val_predictions_epoch60.npz
  Gradient norms:
    lstm_encoder: 0.011349
    lstm_decoder: 0.018786
    output_layer: 0.032204
  VSN output std:
    encoder: 0.108444
  Attention entropy: 2.864874
  Saved to: experiments/12b_feature_sweep/macro_heavy_daily_7q_h10_d015_s42/collapse_monitoring/collapse_monitor_latest.json
[DEBUG CollapseMonitor] on_validation_epoch_start called for epoch 61
[DEBUG CollapseMonitor] reset_temporal_state() called on loss function
Epoch 61: val_loss=0.4108763337135315
Epoch 61: train_loss=0.42064034938812256

[CollapseMonitor] Epoch 61
  [DEBUG] Processed 20 batches, 10 horizon(s)
  Multi-horizon metrics (10 horizons):
    h1: std=0.0376, dir_acc=54.3%, pos=93%, unique=1234, sharpe=21.34
    h2: std=0.0366, dir_acc=53.7%, pos=94%, unique=1232, sharpe=22.23
    h3: std=0.0361, dir_acc=53.8%, pos=94%, unique=1226, sharpe=22.81
    h4: std=0.0361, dir_acc=54.0%, pos=94%, unique=1229, sharpe=23.09
    h5: std=0.0362, dir_acc=54.1%, pos=94%, unique=1227, sharpe=23.15
    ... (5 more horizons)
  Aggregate: std_avg=0.0365, dir_acc_avg=54.1%, composite_avg=0.4350
  H1 detail: range=0.2831, mean=0.0505, dist_match=0.6138
  Collapse penalty: 0.000000 (threshold: 0.005000)
  Saved validation predictions to: experiments/12b_feature_sweep/macro_heavy_daily_7q_h10_d015_s42/collapse_monitoring/val_predictions_epoch61.npz
  Gradient norms:
    lstm_encoder: 0.011167
    lstm_decoder: 0.018587
    output_layer: 0.030783
  VSN output std:
    encoder: 0.108295
  Attention entropy: 2.868312
  Saved to: experiments/12b_feature_sweep/macro_heavy_daily_7q_h10_d015_s42/collapse_monitoring/collapse_monitor_latest.json
[DEBUG CollapseMonitor] on_validation_epoch_start called for epoch 62
[DEBUG CollapseMonitor] reset_temporal_state() called on loss function
Epoch 62: val_loss=0.41073817014694214
Epoch 62: train_loss=0.4205438792705536

[CollapseMonitor] Epoch 62
  [DEBUG] Processed 20 batches, 10 horizon(s)
  Multi-horizon metrics (10 horizons):
    h1: std=0.0398, dir_acc=54.1%, pos=93%, unique=1228, sharpe=20.01
    h2: std=0.0388, dir_acc=53.7%, pos=93%, unique=1234, sharpe=20.91
    h3: std=0.0383, dir_acc=53.7%, pos=93%, unique=1226, sharpe=21.47
    h4: std=0.0383, dir_acc=53.8%, pos=93%, unique=1222, sharpe=21.74
    h5: std=0.0384, dir_acc=54.1%, pos=93%, unique=1228, sharpe=21.82
    ... (5 more horizons)
  Aggregate: std_avg=0.0388, dir_acc_avg=54.1%, composite_avg=0.4362
  H1 detail: range=0.2989, mean=0.0502, dist_match=0.6154
  Collapse penalty: 0.000000 (threshold: 0.005000)
  Saved validation predictions to: experiments/12b_feature_sweep/macro_heavy_daily_7q_h10_d015_s42/collapse_monitoring/val_predictions_epoch62.npz
  Gradient norms:
    lstm_encoder: 0.011393
    lstm_decoder: 0.018335
    output_layer: 0.030487
  VSN output std:
    encoder: 0.108577
  Attention entropy: 2.865802
  Saved to: experiments/12b_feature_sweep/macro_heavy_daily_7q_h10_d015_s42/collapse_monitoring/collapse_monitor_latest.json
[DEBUG CollapseMonitor] on_validation_epoch_start called for epoch 63
[DEBUG CollapseMonitor] reset_temporal_state() called on loss function
Epoch 63: val_loss=0.41104093194007874
Epoch 63: train_loss=0.4198516011238098

[CollapseMonitor] Epoch 63
  [DEBUG] Processed 20 batches, 10 horizon(s)
  Multi-horizon metrics (10 horizons):
    h1: std=0.0388, dir_acc=54.1%, pos=93%, unique=1232, sharpe=21.44
    h2: std=0.0378, dir_acc=53.6%, pos=94%, unique=1231, sharpe=22.53
    h3: std=0.0373, dir_acc=53.9%, pos=94%, unique=1225, sharpe=23.26
    h4: std=0.0372, dir_acc=54.0%, pos=94%, unique=1224, sharpe=23.67
    h5: std=0.0373, dir_acc=54.1%, pos=94%, unique=1223, sharpe=23.86
    ... (5 more horizons)
  Aggregate: std_avg=0.0376, dir_acc_avg=54.1%, composite_avg=0.4339
  H1 detail: range=0.2915, mean=0.0524, dist_match=0.6122
  Collapse penalty: 0.000000 (threshold: 0.005000)
  Saved validation predictions to: experiments/12b_feature_sweep/macro_heavy_daily_7q_h10_d015_s42/collapse_monitoring/val_predictions_epoch63.npz
  Gradient norms:
    lstm_encoder: 0.011662
    lstm_decoder: 0.018574
    output_layer: 0.030071
  VSN output std:
    encoder: 0.108627
  Attention entropy: 2.864026
  Saved to: experiments/12b_feature_sweep/macro_heavy_daily_7q_h10_d015_s42/collapse_monitoring/collapse_monitor_latest.json
[DEBUG CollapseMonitor] on_validation_epoch_start called for epoch 64
[DEBUG CollapseMonitor] reset_temporal_state() called on loss function
Epoch 64: val_loss=0.4110860228538513
Epoch 64: train_loss=0.4200412333011627

[CollapseMonitor] Epoch 64
  [DEBUG] Processed 20 batches, 10 horizon(s)
  Multi-horizon metrics (10 horizons):
    h1: std=0.0379, dir_acc=54.0%, pos=93%, unique=1233, sharpe=22.01
    h2: std=0.0369, dir_acc=53.6%, pos=94%, unique=1233, sharpe=22.96
    h3: std=0.0364, dir_acc=54.1%, pos=94%, unique=1228, sharpe=23.56
    h4: std=0.0363, dir_acc=54.2%, pos=95%, unique=1232, sharpe=23.86
    h5: std=0.0363, dir_acc=54.1%, pos=94%, unique=1229, sharpe=23.97
    ... (5 more horizons)
  Aggregate: std_avg=0.0366, dir_acc_avg=54.2%, composite_avg=0.4342
  H1 detail: range=0.2830, mean=0.0525, dist_match=0.6106
  Collapse penalty: 0.000000 (threshold: 0.005000)
  Saved validation predictions to: experiments/12b_feature_sweep/macro_heavy_daily_7q_h10_d015_s42/collapse_monitoring/val_predictions_epoch64.npz
  Gradient norms:
    lstm_encoder: 0.011779
    lstm_decoder: 0.019122
    output_layer: 0.030090
  VSN output std:
    encoder: 0.108815
  Attention entropy: 2.868343
  Saved to: experiments/12b_feature_sweep/macro_heavy_daily_7q_h10_d015_s42/collapse_monitoring/collapse_monitor_latest.json
[DEBUG CollapseMonitor] on_validation_epoch_start called for epoch 65
[DEBUG CollapseMonitor] reset_temporal_state() called on loss function
Epoch 65: val_loss=0.41084861755371094
Epoch 65: train_loss=0.4198182225227356

[CollapseMonitor] Epoch 65
  [DEBUG] Processed 20 batches, 10 horizon(s)
  Multi-horizon metrics (10 horizons):
    h1: std=0.0415, dir_acc=54.1%, pos=92%, unique=1233, sharpe=18.18
    h2: std=0.0405, dir_acc=54.1%, pos=92%, unique=1231, sharpe=18.95
    h3: std=0.0400, dir_acc=54.0%, pos=91%, unique=1233, sharpe=19.47
    h4: std=0.0399, dir_acc=54.1%, pos=92%, unique=1228, sharpe=19.74
    h5: std=0.0400, dir_acc=54.2%, pos=91%, unique=1226, sharpe=19.85
    ... (5 more horizons)
  Aggregate: std_avg=0.0403, dir_acc_avg=54.2%, composite_avg=0.4415
  H1 detail: range=0.3105, mean=0.0475, dist_match=0.6275
  Collapse penalty: 0.000000 (threshold: 0.005000)
  Saved validation predictions to: experiments/12b_feature_sweep/macro_heavy_daily_7q_h10_d015_s42/collapse_monitoring/val_predictions_epoch65.npz
  Gradient norms:
    lstm_encoder: 0.012001
    lstm_decoder: 0.018208
    output_layer: 0.031563
  VSN output std:
    encoder: 0.108365
  Attention entropy: 2.868339
  Saved to: experiments/12b_feature_sweep/macro_heavy_daily_7q_h10_d015_s42/collapse_monitoring/collapse_monitor_latest.json
[DEBUG CollapseMonitor] on_validation_epoch_start called for epoch 66
[DEBUG CollapseMonitor] reset_temporal_state() called on loss function
Epoch 66: val_loss=0.41117149591445923
Epoch 66: train_loss=0.4200350046157837

[CollapseMonitor] Epoch 66
  [DEBUG] Processed 20 batches, 10 horizon(s)
  Multi-horizon metrics (10 horizons):
    h1: std=0.0379, dir_acc=54.3%, pos=93%, unique=1219, sharpe=20.69
    h2: std=0.0370, dir_acc=54.0%, pos=93%, unique=1226, sharpe=21.67
    h3: std=0.0365, dir_acc=53.8%, pos=93%, unique=1229, sharpe=22.35
    h4: std=0.0364, dir_acc=54.1%, pos=94%, unique=1227, sharpe=22.73
    h5: std=0.0365, dir_acc=54.2%, pos=93%, unique=1219, sharpe=22.89
    ... (5 more horizons)
  Aggregate: std_avg=0.0368, dir_acc_avg=54.2%, composite_avg=0.4364
  H1 detail: range=0.2873, mean=0.0494, dist_match=0.6138
  Collapse penalty: 0.000000 (threshold: 0.005000)
  Saved validation predictions to: experiments/12b_feature_sweep/macro_heavy_daily_7q_h10_d015_s42/collapse_monitoring/val_predictions_epoch66.npz
  Gradient norms:
    lstm_encoder: 0.011338
    lstm_decoder: 0.017657
    output_layer: 0.032534
  VSN output std:
    encoder: 0.108401
  Attention entropy: 2.867883
  Saved to: experiments/12b_feature_sweep/macro_heavy_daily_7q_h10_d015_s42/collapse_monitoring/collapse_monitor_latest.json
[DEBUG CollapseMonitor] on_validation_epoch_start called for epoch 67
[DEBUG CollapseMonitor] reset_temporal_state() called on loss function
Epoch 67: val_loss=0.41111448407173157
Epoch 67: train_loss=0.42016786336898804

[CollapseMonitor] Epoch 67
  [DEBUG] Processed 20 batches, 10 horizon(s)
  Multi-horizon metrics (10 horizons):
    h1: std=0.0392, dir_acc=54.1%, pos=93%, unique=1231, sharpe=20.43
    h2: std=0.0383, dir_acc=53.7%, pos=94%, unique=1230, sharpe=21.44
    h3: std=0.0378, dir_acc=53.5%, pos=94%, unique=1230, sharpe=22.11
    h4: std=0.0378, dir_acc=53.9%, pos=94%, unique=1225, sharpe=22.48
    h5: std=0.0379, dir_acc=54.1%, pos=94%, unique=1223, sharpe=22.64
    ... (5 more horizons)
  Aggregate: std_avg=0.0382, dir_acc_avg=54.1%, composite_avg=0.4352
  H1 detail: range=0.2965, mean=0.0505, dist_match=0.6154
  Collapse penalty: 0.000000 (threshold: 0.005000)
  Saved validation predictions to: experiments/12b_feature_sweep/macro_heavy_daily_7q_h10_d015_s42/collapse_monitoring/val_predictions_epoch67.npz
  Gradient norms:
    lstm_encoder: 0.011101
    lstm_decoder: 0.017015
    output_layer: 0.030175
  VSN output std:
    encoder: 0.108428
  Attention entropy: 2.866622
  Saved to: experiments/12b_feature_sweep/macro_heavy_daily_7q_h10_d015_s42/collapse_monitoring/collapse_monitor_latest.json
[DEBUG CollapseMonitor] on_validation_epoch_start called for epoch 68
[DEBUG CollapseMonitor] reset_temporal_state() called on loss function
Epoch 68: val_loss=0.4114269018173218
Epoch 68: train_loss=0.4191582500934601

[CollapseMonitor] Epoch 68
  [DEBUG] Processed 20 batches, 10 horizon(s)
  Multi-horizon metrics (10 horizons):
    h1: std=0.0389, dir_acc=54.2%, pos=93%, unique=1233, sharpe=19.72
    h2: std=0.0380, dir_acc=54.1%, pos=93%, unique=1227, sharpe=20.75
    h3: std=0.0375, dir_acc=53.7%, pos=93%, unique=1226, sharpe=21.44
    h4: std=0.0375, dir_acc=53.8%, pos=93%, unique=1237, sharpe=21.81
    h5: std=0.0376, dir_acc=54.1%, pos=93%, unique=1230, sharpe=21.96
    ... (5 more horizons)
  Aggregate: std_avg=0.0379, dir_acc_avg=54.1%, composite_avg=0.4376
  H1 detail: range=0.2933, mean=0.0483, dist_match=0.6179
  Collapse penalty: 0.000000 (threshold: 0.005000)
  Saved validation predictions to: experiments/12b_feature_sweep/macro_heavy_daily_7q_h10_d015_s42/collapse_monitoring/val_predictions_epoch68.npz
  Gradient norms:
    lstm_encoder: 0.011644
    lstm_decoder: 0.015439
    output_layer: 0.029670
  VSN output std:
    encoder: 0.108418
  Attention entropy: 2.868687
  Saved to: experiments/12b_feature_sweep/macro_heavy_daily_7q_h10_d015_s42/collapse_monitoring/collapse_monitor_latest.json
[DEBUG CollapseMonitor] on_validation_epoch_start called for epoch 69
[DEBUG CollapseMonitor] reset_temporal_state() called on loss function
Epoch 69: val_loss=0.4112630784511566
Epoch 69: train_loss=0.4200506806373596

[CollapseMonitor] Epoch 69
  [DEBUG] Processed 20 batches, 10 horizon(s)
  Multi-horizon metrics (10 horizons):
    h1: std=0.0382, dir_acc=54.3%, pos=93%, unique=1230, sharpe=19.98
    h2: std=0.0373, dir_acc=54.1%, pos=93%, unique=1229, sharpe=20.98
    h3: std=0.0368, dir_acc=53.6%, pos=93%, unique=1227, sharpe=21.66
    h4: std=0.0368, dir_acc=54.1%, pos=93%, unique=1224, sharpe=22.02
    h5: std=0.0369, dir_acc=54.3%, pos=93%, unique=1223, sharpe=22.17
    ... (5 more horizons)
  Aggregate: std_avg=0.0372, dir_acc_avg=54.2%, composite_avg=0.4382
  H1 detail: range=0.2881, mean=0.0481, dist_match=0.6171
  Collapse penalty: 0.000000 (threshold: 0.005000)
  Saved validation predictions to: experiments/12b_feature_sweep/macro_heavy_daily_7q_h10_d015_s42/collapse_monitoring/val_predictions_epoch69.npz
  Gradient norms:
    lstm_encoder: 0.011481
    lstm_decoder: 0.018776
    output_layer: 0.031017
  VSN output std:
    encoder: 0.108422
  Attention entropy: 2.869480
  Saved to: experiments/12b_feature_sweep/macro_heavy_daily_7q_h10_d015_s42/collapse_monitoring/collapse_monitor_latest.json
[DEBUG CollapseMonitor] on_validation_epoch_start called for epoch 70
[DEBUG CollapseMonitor] reset_temporal_state() called on loss function
Epoch 70: val_loss=0.41104409098625183
Epoch 70: train_loss=0.4197944700717926

[CollapseMonitor] Epoch 70
  [DEBUG] Processed 20 batches, 10 horizon(s)
  Multi-horizon metrics (10 horizons):
    h1: std=0.0395, dir_acc=54.2%, pos=93%, unique=1230, sharpe=19.42
    h2: std=0.0386, dir_acc=53.9%, pos=93%, unique=1232, sharpe=20.45
    h3: std=0.0382, dir_acc=53.7%, pos=93%, unique=1227, sharpe=21.16
    h4: std=0.0381, dir_acc=53.8%, pos=93%, unique=1228, sharpe=21.56
    h5: std=0.0382, dir_acc=54.2%, pos=93%, unique=1225, sharpe=21.75
    ... (5 more horizons)
  Aggregate: std_avg=0.0385, dir_acc_avg=54.1%, composite_avg=0.4371
  H1 detail: range=0.2977, mean=0.0484, dist_match=0.6179
  Collapse penalty: 0.000000 (threshold: 0.005000)
  Saved validation predictions to: experiments/12b_feature_sweep/macro_heavy_daily_7q_h10_d015_s42/collapse_monitoring/val_predictions_epoch70.npz
  Gradient norms:
    lstm_encoder: 0.011063
    lstm_decoder: 0.015537
    output_layer: 0.030311
  VSN output std:
    encoder: 0.108601
  Attention entropy: 2.869942
  Saved to: experiments/12b_feature_sweep/macro_heavy_daily_7q_h10_d015_s42/collapse_monitoring/collapse_monitor_latest.json
[DEBUG CollapseMonitor] on_validation_epoch_start called for epoch 71
[DEBUG CollapseMonitor] reset_temporal_state() called on loss function
Epoch 71: val_loss=0.41094130277633667
Epoch 71: train_loss=0.42007315158843994

[CollapseMonitor] Epoch 71
  [DEBUG] Processed 20 batches, 10 horizon(s)
  Multi-horizon metrics (10 horizons):
    h1: std=0.0391, dir_acc=54.1%, pos=93%, unique=1224, sharpe=20.48
    h2: std=0.0382, dir_acc=53.7%, pos=94%, unique=1235, sharpe=21.50
    h3: std=0.0378, dir_acc=53.7%, pos=94%, unique=1230, sharpe=22.18
    h4: std=0.0378, dir_acc=54.0%, pos=94%, unique=1224, sharpe=22.55
    h5: std=0.0379, dir_acc=54.0%, pos=94%, unique=1221, sharpe=22.71
    ... (5 more horizons)
  Aggregate: std_avg=0.0382, dir_acc_avg=54.1%, composite_avg=0.4348
  H1 detail: range=0.2960, mean=0.0505, dist_match=0.6146
  Collapse penalty: 0.000000 (threshold: 0.005000)
  Saved validation predictions to: experiments/12b_feature_sweep/macro_heavy_daily_7q_h10_d015_s42/collapse_monitoring/val_predictions_epoch71.npz
  Gradient norms:
    lstm_encoder: 0.011689
    lstm_decoder: 0.016969
    output_layer: 0.030752
  VSN output std:
    encoder: 0.108566
  Attention entropy: 2.869061
  Saved to: experiments/12b_feature_sweep/macro_heavy_daily_7q_h10_d015_s42/collapse_monitoring/collapse_monitor_latest.json
[DEBUG CollapseMonitor] on_validation_epoch_start called for epoch 72
[DEBUG CollapseMonitor] reset_temporal_state() called on loss function
Epoch 72: val_loss=0.41102880239486694
Epoch 72: train_loss=0.4194076359272003

[CollapseMonitor] Epoch 72
  [DEBUG] Processed 20 batches, 10 horizon(s)
  Multi-horizon metrics (10 horizons):
    h1: std=0.0390, dir_acc=54.0%, pos=93%, unique=1226, sharpe=20.59
    h2: std=0.0382, dir_acc=53.7%, pos=94%, unique=1231, sharpe=21.69
    h3: std=0.0378, dir_acc=53.7%, pos=94%, unique=1227, sharpe=22.43
    h4: std=0.0377, dir_acc=54.1%, pos=94%, unique=1235, sharpe=22.84
    h5: std=0.0379, dir_acc=54.1%, pos=94%, unique=1229, sharpe=23.01
    ... (5 more horizons)
  Aggregate: std_avg=0.0381, dir_acc_avg=54.1%, composite_avg=0.4344
  H1 detail: range=0.2961, mean=0.0506, dist_match=0.6122
  Collapse penalty: 0.000000 (threshold: 0.005000)
  Saved validation predictions to: experiments/12b_feature_sweep/macro_heavy_daily_7q_h10_d015_s42/collapse_monitoring/val_predictions_epoch72.npz
  Gradient norms:
    lstm_encoder: 0.011340
    lstm_decoder: 0.018417
    output_layer: 0.030272
  VSN output std:
    encoder: 0.108551
  Attention entropy: 2.869190
  Saved to: experiments/12b_feature_sweep/macro_heavy_daily_7q_h10_d015_s42/collapse_monitoring/collapse_monitor_latest.json
[DEBUG CollapseMonitor] on_validation_epoch_start called for epoch 73
[DEBUG CollapseMonitor] reset_temporal_state() called on loss function
Epoch 73: val_loss=0.41103705763816833
Epoch 73: train_loss=0.42055466771125793

[CollapseMonitor] Epoch 73
  [DEBUG] Processed 20 batches, 10 horizon(s)
  Multi-horizon metrics (10 horizons):
    h1: std=0.0398, dir_acc=54.3%, pos=93%, unique=1231, sharpe=19.04
    h2: std=0.0389, dir_acc=53.9%, pos=93%, unique=1226, sharpe=20.14
    h3: std=0.0385, dir_acc=53.8%, pos=93%, unique=1231, sharpe=20.90
    h4: std=0.0385, dir_acc=54.3%, pos=93%, unique=1227, sharpe=21.35
    h5: std=0.0387, dir_acc=54.1%, pos=93%, unique=1227, sharpe=21.57
    ... (5 more horizons)
  Aggregate: std_avg=0.0390, dir_acc_avg=54.2%, composite_avg=0.4372
  H1 detail: range=0.3023, mean=0.0477, dist_match=0.6187
  Collapse penalty: 0.000000 (threshold: 0.005000)
  Saved validation predictions to: experiments/12b_feature_sweep/macro_heavy_daily_7q_h10_d015_s42/collapse_monitoring/val_predictions_epoch73.npz
  Gradient norms:
    lstm_encoder: 0.011793
    lstm_decoder: 0.016722
    output_layer: 0.030658
  VSN output std:
    encoder: 0.108616
  Attention entropy: 2.868925
  Saved to: experiments/12b_feature_sweep/macro_heavy_daily_7q_h10_d015_s42/collapse_monitoring/collapse_monitor_latest.json
[DEBUG CollapseMonitor] on_validation_epoch_start called for epoch 74
[DEBUG CollapseMonitor] reset_temporal_state() called on loss function
Epoch 74: val_loss=0.41114309430122375
Epoch 74: train_loss=0.4204959273338318

[CollapseMonitor] Epoch 74
  [DEBUG] Processed 20 batches, 10 horizon(s)
  Multi-horizon metrics (10 horizons):
    h1: std=0.0380, dir_acc=54.2%, pos=93%, unique=1229, sharpe=20.50
    h2: std=0.0372, dir_acc=53.7%, pos=94%, unique=1233, sharpe=21.63
    h3: std=0.0368, dir_acc=53.9%, pos=94%, unique=1234, sharpe=22.43
    h4: std=0.0367, dir_acc=54.0%, pos=94%, unique=1225, sharpe=22.91
    h5: std=0.0368, dir_acc=54.1%, pos=94%, unique=1229, sharpe=23.15
    ... (5 more horizons)
  Aggregate: std_avg=0.0371, dir_acc_avg=54.2%, composite_avg=0.4348
  H1 detail: range=0.2889, mean=0.0491, dist_match=0.6130
  Collapse penalty: 0.000000 (threshold: 0.005000)
  Saved validation predictions to: experiments/12b_feature_sweep/macro_heavy_daily_7q_h10_d015_s42/collapse_monitoring/val_predictions_epoch74.npz
  Gradient norms:
    lstm_encoder: 0.011405
    lstm_decoder: 0.016659
    output_layer: 0.030255
  VSN output std:
    encoder: 0.108685
  Attention entropy: 2.870748
  Saved to: experiments/12b_feature_sweep/macro_heavy_daily_7q_h10_d015_s42/collapse_monitoring/collapse_monitor_latest.json
[DEBUG CollapseMonitor] on_validation_epoch_start called for epoch 75
[DEBUG CollapseMonitor] reset_temporal_state() called on loss function
Epoch 75: val_loss=0.4109291136264801
Epoch 75: train_loss=0.4203529357910156

[CollapseMonitor] Epoch 75
  [DEBUG] Processed 20 batches, 10 horizon(s)
  Multi-horizon metrics (10 horizons):
    h1: std=0.0390, dir_acc=54.1%, pos=93%, unique=1227, sharpe=19.88
    h2: std=0.0381, dir_acc=54.0%, pos=93%, unique=1232, sharpe=20.91
    h3: std=0.0377, dir_acc=53.4%, pos=93%, unique=1232, sharpe=21.63
    h4: std=0.0377, dir_acc=54.4%, pos=93%, unique=1232, sharpe=22.04
    h5: std=0.0378, dir_acc=54.1%, pos=93%, unique=1233, sharpe=22.23
    ... (5 more horizons)
  Aggregate: std_avg=0.0380, dir_acc_avg=54.1%, composite_avg=0.4360
  H1 detail: range=0.2952, mean=0.0488, dist_match=0.6154
  Collapse penalty: 0.000000 (threshold: 0.005000)
  Saved validation predictions to: experiments/12b_feature_sweep/macro_heavy_daily_7q_h10_d015_s42/collapse_monitoring/val_predictions_epoch75.npz
  Gradient norms:
    lstm_encoder: 0.011405
    lstm_decoder: 0.017593
    output_layer: 0.029834
  VSN output std:
    encoder: 0.108687
  Attention entropy: 2.871405
  Saved to: experiments/12b_feature_sweep/macro_heavy_daily_7q_h10_d015_s42/collapse_monitoring/collapse_monitor_latest.json
[DEBUG CollapseMonitor] on_validation_epoch_start called for epoch 76
[DEBUG CollapseMonitor] reset_temporal_state() called on loss function
Epoch 76: val_loss=0.4112128019332886
Epoch 76: train_loss=0.4193779230117798

[CollapseMonitor] Epoch 76
  [DEBUG] Processed 20 batches, 10 horizon(s)
  Multi-horizon metrics (10 horizons):
    h1: std=0.0389, dir_acc=54.3%, pos=93%, unique=1224, sharpe=19.82
    h2: std=0.0381, dir_acc=54.1%, pos=93%, unique=1225, sharpe=20.83
    h3: std=0.0377, dir_acc=53.6%, pos=93%, unique=1223, sharpe=21.51
    h4: std=0.0377, dir_acc=54.4%, pos=93%, unique=1223, sharpe=21.89
    h5: std=0.0378, dir_acc=54.2%, pos=93%, unique=1234, sharpe=22.05
    ... (5 more horizons)
  Aggregate: std_avg=0.0380, dir_acc_avg=54.2%, composite_avg=0.4374
  H1 detail: range=0.2941, mean=0.0486, dist_match=0.6171
  Collapse penalty: 0.000000 (threshold: 0.005000)
  Saved validation predictions to: experiments/12b_feature_sweep/macro_heavy_daily_7q_h10_d015_s42/collapse_monitoring/val_predictions_epoch76.npz
  Gradient norms:
    lstm_encoder: 0.012489
    lstm_decoder: 0.019199
    output_layer: 0.029633
  VSN output std:
    encoder: 0.108659
  Attention entropy: 2.871713
  Saved to: experiments/12b_feature_sweep/macro_heavy_daily_7q_h10_d015_s42/collapse_monitoring/collapse_monitor_latest.json
[DEBUG CollapseMonitor] on_validation_epoch_start called for epoch 77
[DEBUG CollapseMonitor] reset_temporal_state() called on loss function
Epoch 77: val_loss=0.41113319993019104
Epoch 77: train_loss=0.4196513891220093

[CollapseMonitor] Epoch 77
  [DEBUG] Processed 20 batches, 10 horizon(s)
  Multi-horizon metrics (10 horizons):
    h1: std=0.0392, dir_acc=54.1%, pos=93%, unique=1227, sharpe=20.01
    h2: std=0.0383, dir_acc=54.0%, pos=93%, unique=1232, sharpe=21.07
    h3: std=0.0379, dir_acc=53.4%, pos=93%, unique=1229, sharpe=21.79
    h4: std=0.0379, dir_acc=54.3%, pos=94%, unique=1224, sharpe=22.20
    h5: std=0.0380, dir_acc=54.3%, pos=93%, unique=1226, sharpe=22.40
    ... (5 more horizons)
  Aggregate: std_avg=0.0382, dir_acc_avg=54.1%, composite_avg=0.4357
  H1 detail: range=0.2959, mean=0.0494, dist_match=0.6154
  Collapse penalty: 0.000000 (threshold: 0.005000)
  Saved validation predictions to: experiments/12b_feature_sweep/macro_heavy_daily_7q_h10_d015_s42/collapse_monitoring/val_predictions_epoch77.npz
  Gradient norms:
    lstm_encoder: 0.011727
    lstm_decoder: 0.017240
    output_layer: 0.029567
  VSN output std:
    encoder: 0.108768
  Attention entropy: 2.871669
  Saved to: experiments/12b_feature_sweep/macro_heavy_daily_7q_h10_d015_s42/collapse_monitoring/collapse_monitor_latest.json
[DEBUG CollapseMonitor] on_validation_epoch_start called for epoch 78
[DEBUG CollapseMonitor] reset_temporal_state() called on loss function
Epoch 78: val_loss=0.41121500730514526
Epoch 78: train_loss=0.4195619523525238

[CollapseMonitor] Epoch 78
  [DEBUG] Processed 20 batches, 10 horizon(s)
  Multi-horizon metrics (10 horizons):
    h1: std=0.0380, dir_acc=54.2%, pos=93%, unique=1231, sharpe=20.58
    h2: std=0.0371, dir_acc=53.9%, pos=94%, unique=1230, sharpe=21.67
    h3: std=0.0367, dir_acc=54.1%, pos=94%, unique=1228, sharpe=22.43
    h4: std=0.0367, dir_acc=54.1%, pos=94%, unique=1224, sharpe=22.85
    h5: std=0.0368, dir_acc=54.3%, pos=94%, unique=1230, sharpe=23.05
    ... (5 more horizons)
  Aggregate: std_avg=0.0370, dir_acc_avg=54.3%, composite_avg=0.4363
  H1 detail: range=0.2873, mean=0.0492, dist_match=0.6130
  Collapse penalty: 0.000000 (threshold: 0.005000)
  Saved validation predictions to: experiments/12b_feature_sweep/macro_heavy_daily_7q_h10_d015_s42/collapse_monitoring/val_predictions_epoch78.npz
  Gradient norms:
    lstm_encoder: 0.011675
    lstm_decoder: 0.018036
    output_layer: 0.029735
  VSN output std:
    encoder: 0.108769
  Attention entropy: 2.872300
  Saved to: experiments/12b_feature_sweep/macro_heavy_daily_7q_h10_d015_s42/collapse_monitoring/collapse_monitor_latest.json
[DEBUG CollapseMonitor] on_validation_epoch_start called for epoch 79
[DEBUG CollapseMonitor] reset_temporal_state() called on loss function
Epoch 79: val_loss=0.4112071990966797
Epoch 79: train_loss=0.41951456665992737

[CollapseMonitor] Epoch 79
  [DEBUG] Processed 20 batches, 10 horizon(s)
  Multi-horizon metrics (10 horizons):
    h1: std=0.0384, dir_acc=54.2%, pos=93%, unique=1227, sharpe=20.24
    h2: std=0.0376, dir_acc=54.0%, pos=93%, unique=1229, sharpe=21.30
    h3: std=0.0371, dir_acc=53.7%, pos=94%, unique=1234, sharpe=22.04
    h4: std=0.0371, dir_acc=54.2%, pos=94%, unique=1221, sharpe=22.46
    h5: std=0.0372, dir_acc=54.4%, pos=94%, unique=1232, sharpe=22.65
    ... (5 more horizons)
  Aggregate: std_avg=0.0374, dir_acc_avg=54.2%, composite_avg=0.4358
  H1 detail: range=0.2910, mean=0.0489, dist_match=0.6130
  Collapse penalty: 0.000000 (threshold: 0.005000)
  Saved validation predictions to: experiments/12b_feature_sweep/macro_heavy_daily_7q_h10_d015_s42/collapse_monitoring/val_predictions_epoch79.npz
  Gradient norms:
    lstm_encoder: 0.011593
    lstm_decoder: 0.016546
    output_layer: 0.027753
  VSN output std:
    encoder: 0.108784
  Attention entropy: 2.872375
  Saved to: experiments/12b_feature_sweep/macro_heavy_daily_7q_h10_d015_s42/collapse_monitoring/collapse_monitor_latest.json
[DEBUG CollapseMonitor] on_validation_epoch_start called for epoch 80
[DEBUG CollapseMonitor] reset_temporal_state() called on loss function
Epoch 80: val_loss=0.41118648648262024
Epoch 80: train_loss=0.4200047254562378

[CollapseMonitor] Epoch 80
  [DEBUG] Processed 20 batches, 10 horizon(s)
  Multi-horizon metrics (10 horizons):
    h1: std=0.0389, dir_acc=54.1%, pos=93%, unique=1230, sharpe=19.81
    h2: std=0.0381, dir_acc=54.1%, pos=93%, unique=1226, sharpe=20.86
    h3: std=0.0377, dir_acc=53.5%, pos=93%, unique=1233, sharpe=21.60
    h4: std=0.0376, dir_acc=54.3%, pos=93%, unique=1230, sharpe=22.01
    h5: std=0.0377, dir_acc=54.1%, pos=93%, unique=1231, sharpe=22.20
    ... (5 more horizons)
  Aggregate: std_avg=0.0379, dir_acc_avg=54.1%, composite_avg=0.4362
  H1 detail: range=0.2946, mean=0.0486, dist_match=0.6154
  Collapse penalty: 0.000000 (threshold: 0.005000)
  Saved validation predictions to: experiments/12b_feature_sweep/macro_heavy_daily_7q_h10_d015_s42/collapse_monitoring/val_predictions_epoch80.npz
  Gradient norms:
    lstm_encoder: 0.011799
    lstm_decoder: 0.016465
    output_layer: 0.029579
  VSN output std:
    encoder: 0.108825
  Attention entropy: 2.872000
  Saved to: experiments/12b_feature_sweep/macro_heavy_daily_7q_h10_d015_s42/collapse_monitoring/collapse_monitor_latest.json
[DEBUG CollapseMonitor] on_validation_epoch_start called for epoch 81
[DEBUG CollapseMonitor] reset_temporal_state() called on loss function
Epoch 81: val_loss=0.41117948293685913
Epoch 81: train_loss=0.41956043243408203

[CollapseMonitor] Epoch 81
  [DEBUG] Processed 20 batches, 10 horizon(s)
  Multi-horizon metrics (10 horizons):
    h1: std=0.0390, dir_acc=54.2%, pos=93%, unique=1230, sharpe=20.20
    h2: std=0.0382, dir_acc=53.7%, pos=94%, unique=1234, sharpe=21.28
    h3: std=0.0378, dir_acc=53.6%, pos=94%, unique=1231, sharpe=22.02
    h4: std=0.0378, dir_acc=54.0%, pos=94%, unique=1231, sharpe=22.44
    h5: std=0.0379, dir_acc=54.1%, pos=94%, unique=1230, sharpe=22.63
    ... (5 more horizons)
  Aggregate: std_avg=0.0381, dir_acc_avg=54.1%, composite_avg=0.4350
  H1 detail: range=0.2955, mean=0.0497, dist_match=0.6146
  Collapse penalty: 0.000000 (threshold: 0.005000)
  Saved validation predictions to: experiments/12b_feature_sweep/macro_heavy_daily_7q_h10_d015_s42/collapse_monitoring/val_predictions_epoch81.npz
  Gradient norms:
    lstm_encoder: 0.011538
    lstm_decoder: 0.016724
    output_layer: 0.030385
  VSN output std:
    encoder: 0.108809
  Attention entropy: 2.872204
  Saved to: experiments/12b_feature_sweep/macro_heavy_daily_7q_h10_d015_s42/collapse_monitoring/collapse_monitor_latest.json
[DEBUG CollapseMonitor] on_validation_epoch_start called for epoch 82
[DEBUG CollapseMonitor] reset_temporal_state() called on loss function
Epoch 82: val_loss=0.41133496165275574
Epoch 82: train_loss=0.41983363032341003

[CollapseMonitor] Epoch 82
  [DEBUG] Processed 20 batches, 10 horizon(s)
  Multi-horizon metrics (10 horizons):
    h1: std=0.0384, dir_acc=54.2%, pos=93%, unique=1234, sharpe=20.44
    h2: std=0.0376, dir_acc=53.7%, pos=94%, unique=1229, sharpe=21.47
    h3: std=0.0372, dir_acc=53.9%, pos=94%, unique=1234, sharpe=22.19
    h4: std=0.0372, dir_acc=54.0%, pos=94%, unique=1224, sharpe=22.58
    h5: std=0.0373, dir_acc=54.1%, pos=94%, unique=1227, sharpe=22.75
    ... (5 more horizons)
  Aggregate: std_avg=0.0375, dir_acc_avg=54.2%, composite_avg=0.4352
  H1 detail: range=0.2911, mean=0.0495, dist_match=0.6130
  Collapse penalty: 0.000000 (threshold: 0.005000)
  Saved validation predictions to: experiments/12b_feature_sweep/macro_heavy_daily_7q_h10_d015_s42/collapse_monitoring/val_predictions_epoch82.npz
  Gradient norms:
    lstm_encoder: 0.011917
    lstm_decoder: 0.018463
    output_layer: 0.030778
  VSN output std:
    encoder: 0.108881
  Attention entropy: 2.873375
  Saved to: experiments/12b_feature_sweep/macro_heavy_daily_7q_h10_d015_s42/collapse_monitoring/collapse_monitor_latest.json
[DEBUG CollapseMonitor] on_validation_epoch_start called for epoch 83
[DEBUG CollapseMonitor] reset_temporal_state() called on loss function
Epoch 83: val_loss=0.4112544059753418
Epoch 83: train_loss=0.42000874876976013

[CollapseMonitor] Epoch 83
  [DEBUG] Processed 20 batches, 10 horizon(s)
  Multi-horizon metrics (10 horizons):
    h1: std=0.0391, dir_acc=54.0%, pos=93%, unique=1229, sharpe=20.50
    h2: std=0.0383, dir_acc=53.7%, pos=94%, unique=1236, sharpe=21.57
    h3: std=0.0379, dir_acc=53.9%, pos=94%, unique=1228, sharpe=22.31
    h4: std=0.0378, dir_acc=54.1%, pos=94%, unique=1229, sharpe=22.73
    h5: std=0.0379, dir_acc=54.1%, pos=94%, unique=1234, sharpe=22.92
    ... (5 more horizons)
  Aggregate: std_avg=0.0382, dir_acc_avg=54.1%, composite_avg=0.4344
  H1 detail: range=0.2954, mean=0.0505, dist_match=0.6122
  Collapse penalty: 0.000000 (threshold: 0.005000)
  Saved validation predictions to: experiments/12b_feature_sweep/macro_heavy_daily_7q_h10_d015_s42/collapse_monitoring/val_predictions_epoch83.npz
  Gradient norms:
    lstm_encoder: 0.011910
    lstm_decoder: 0.017900
    output_layer: 0.029293
  VSN output std:
    encoder: 0.108929
  Attention entropy: 2.873239
  Saved to: experiments/12b_feature_sweep/macro_heavy_daily_7q_h10_d015_s42/collapse_monitoring/collapse_monitor_latest.json
[DEBUG CollapseMonitor] on_validation_epoch_start called for epoch 84
[DEBUG CollapseMonitor] reset_temporal_state() called on loss function
Epoch 84: val_loss=0.4111233651638031
Epoch 84: train_loss=0.42034998536109924

[CollapseMonitor] Epoch 84
  [DEBUG] Processed 20 batches, 10 horizon(s)
  Multi-horizon metrics (10 horizons):
    h1: std=0.0388, dir_acc=54.1%, pos=93%, unique=1231, sharpe=20.15
    h2: std=0.0380, dir_acc=53.8%, pos=94%, unique=1234, sharpe=21.19
    h3: std=0.0376, dir_acc=53.5%, pos=94%, unique=1229, sharpe=21.92
    h4: std=0.0375, dir_acc=54.0%, pos=94%, unique=1224, sharpe=22.34
    h5: std=0.0376, dir_acc=54.1%, pos=94%, unique=1230, sharpe=22.54
    ... (5 more horizons)
  Aggregate: std_avg=0.0378, dir_acc_avg=54.1%, composite_avg=0.4348
  H1 detail: range=0.2939, mean=0.0493, dist_match=0.6138
  Collapse penalty: 0.000000 (threshold: 0.005000)
  Saved validation predictions to: experiments/12b_feature_sweep/macro_heavy_daily_7q_h10_d015_s42/collapse_monitoring/val_predictions_epoch84.npz
  Gradient norms:
    lstm_encoder: 0.012466
    lstm_decoder: 0.019116
    output_layer: 0.030986
  VSN output std:
    encoder: 0.108857
  Attention entropy: 2.874044
  Saved to: experiments/12b_feature_sweep/macro_heavy_daily_7q_h10_d015_s42/collapse_monitoring/collapse_monitor_latest.json
[DEBUG CollapseMonitor] on_validation_epoch_start called for epoch 85
[DEBUG CollapseMonitor] reset_temporal_state() called on loss function
Epoch 85: val_loss=0.41114965081214905
Epoch 85: train_loss=0.4200122654438019

[CollapseMonitor] Epoch 85
  [DEBUG] Processed 20 batches, 10 horizon(s)
  Multi-horizon metrics (10 horizons):
    h1: std=0.0386, dir_acc=54.1%, pos=93%, unique=1236, sharpe=20.01
    h2: std=0.0378, dir_acc=53.8%, pos=94%, unique=1230, sharpe=21.04
    h3: std=0.0374, dir_acc=53.5%, pos=94%, unique=1229, sharpe=21.76
    h4: std=0.0373, dir_acc=54.0%, pos=94%, unique=1226, sharpe=22.17
    h5: std=0.0374, dir_acc=54.3%, pos=94%, unique=1221, sharpe=22.36
    ... (5 more horizons)
  Aggregate: std_avg=0.0376, dir_acc_avg=54.1%, composite_avg=0.4354
  H1 detail: range=0.2920, mean=0.0487, dist_match=0.6154
  Collapse penalty: 0.000000 (threshold: 0.005000)
  Saved validation predictions to: experiments/12b_feature_sweep/macro_heavy_daily_7q_h10_d015_s42/collapse_monitoring/val_predictions_epoch85.npz
  Gradient norms:
    lstm_encoder: 0.011116
    lstm_decoder: 0.017696
    output_layer: 0.029391
  VSN output std:
    encoder: 0.108879
  Attention entropy: 2.874918
  Saved to: experiments/12b_feature_sweep/macro_heavy_daily_7q_h10_d015_s42/collapse_monitoring/collapse_monitor_latest.json
[DEBUG CollapseMonitor] on_validation_epoch_start called for epoch 86
[DEBUG CollapseMonitor] reset_temporal_state() called on loss function
Epoch 86: val_loss=0.4112262427806854
Epoch 86: train_loss=0.418198823928833

[CollapseMonitor] Epoch 86
  [DEBUG] Processed 20 batches, 10 horizon(s)
  Multi-horizon metrics (10 horizons):
    h1: std=0.0384, dir_acc=54.0%, pos=93%, unique=1229, sharpe=20.37
    h2: std=0.0376, dir_acc=53.7%, pos=94%, unique=1233, sharpe=21.39
    h3: std=0.0372, dir_acc=53.7%, pos=94%, unique=1233, sharpe=22.10
    h4: std=0.0371, dir_acc=54.1%, pos=94%, unique=1223, sharpe=22.50
    h5: std=0.0372, dir_acc=54.1%, pos=94%, unique=1232, sharpe=22.67
    ... (5 more horizons)
  Aggregate: std_avg=0.0374, dir_acc_avg=54.1%, composite_avg=0.4348
  H1 detail: range=0.2904, mean=0.0493, dist_match=0.6122
  Collapse penalty: 0.000000 (threshold: 0.005000)
  Saved validation predictions to: experiments/12b_feature_sweep/macro_heavy_daily_7q_h10_d015_s42/collapse_monitoring/val_predictions_epoch86.npz
  Gradient norms:
    lstm_encoder: 0.011631
    lstm_decoder: 0.016062
    output_layer: 0.030799
  VSN output std:
    encoder: 0.108888
  Attention entropy: 2.875414
  Saved to: experiments/12b_feature_sweep/macro_heavy_daily_7q_h10_d015_s42/collapse_monitoring/collapse_monitor_latest.json
[DEBUG CollapseMonitor] on_validation_epoch_start called for epoch 87
[DEBUG CollapseMonitor] reset_temporal_state() called on loss function
Epoch 87: val_loss=0.41120317578315735
Epoch 87: train_loss=0.4202120900154114

[CollapseMonitor] Epoch 87
  [DEBUG] Processed 20 batches, 10 horizon(s)
  Multi-horizon metrics (10 horizons):
    h1: std=0.0383, dir_acc=54.0%, pos=93%, unique=1231, sharpe=20.80
    h2: std=0.0374, dir_acc=53.7%, pos=94%, unique=1236, sharpe=21.85
    h3: std=0.0371, dir_acc=54.0%, pos=94%, unique=1226, sharpe=22.58
    h4: std=0.0370, dir_acc=54.2%, pos=94%, unique=1236, sharpe=22.98
    h5: std=0.0371, dir_acc=54.2%, pos=94%, unique=1224, sharpe=23.16
    ... (5 more horizons)
  Aggregate: std_avg=0.0373, dir_acc_avg=54.2%, composite_avg=0.4347
  H1 detail: range=0.2893, mean=0.0502, dist_match=0.6106
  Collapse penalty: 0.000000 (threshold: 0.005000)
  Saved validation predictions to: experiments/12b_feature_sweep/macro_heavy_daily_7q_h10_d015_s42/collapse_monitoring/val_predictions_epoch87.npz
  Gradient norms:
    lstm_encoder: 0.012275
    lstm_decoder: 0.016420
    output_layer: 0.029152
  VSN output std:
    encoder: 0.108884
  Attention entropy: 2.875822
  Saved to: experiments/12b_feature_sweep/macro_heavy_daily_7q_h10_d015_s42/collapse_monitoring/collapse_monitor_latest.json
[DEBUG CollapseMonitor] on_validation_epoch_start called for epoch 88
[DEBUG CollapseMonitor] reset_temporal_state() called on loss function
Epoch 88: val_loss=0.41120171546936035
Epoch 88: train_loss=0.4202767610549927

[CollapseMonitor] Epoch 88
  [DEBUG] Processed 20 batches, 10 horizon(s)
  Multi-horizon metrics (10 horizons):
    h1: std=0.0389, dir_acc=54.1%, pos=93%, unique=1231, sharpe=19.78
    h2: std=0.0380, dir_acc=53.8%, pos=93%, unique=1235, sharpe=20.81
    h3: std=0.0376, dir_acc=53.6%, pos=94%, unique=1228, sharpe=21.53
    h4: std=0.0376, dir_acc=54.2%, pos=94%, unique=1231, sharpe=21.93
    h5: std=0.0377, dir_acc=54.2%, pos=93%, unique=1233, sharpe=22.11
    ... (5 more horizons)
  Aggregate: std_avg=0.0379, dir_acc_avg=54.1%, composite_avg=0.4358
  H1 detail: range=0.2934, mean=0.0484, dist_match=0.6154
  Collapse penalty: 0.000000 (threshold: 0.005000)
  Saved validation predictions to: experiments/12b_feature_sweep/macro_heavy_daily_7q_h10_d015_s42/collapse_monitoring/val_predictions_epoch88.npz
  Gradient norms:
    lstm_encoder: 0.011772
    lstm_decoder: 0.015851
    output_layer: 0.029024
  VSN output std:
    encoder: 0.108909
  Attention entropy: 2.875852
  Saved to: experiments/12b_feature_sweep/macro_heavy_daily_7q_h10_d015_s42/collapse_monitoring/collapse_monitor_latest.json
[DEBUG CollapseMonitor] on_validation_epoch_start called for epoch 89
[DEBUG CollapseMonitor] reset_temporal_state() called on loss function
Epoch 89: val_loss=0.4111424684524536
Epoch 89: train_loss=0.41954150795936584

[CollapseMonitor] Epoch 89
  [DEBUG] Processed 20 batches, 10 horizon(s)
  Multi-horizon metrics (10 horizons):
    h1: std=0.0393, dir_acc=54.1%, pos=93%, unique=1229, sharpe=19.51
    h2: std=0.0385, dir_acc=53.7%, pos=93%, unique=1229, sharpe=20.52
    h3: std=0.0381, dir_acc=53.6%, pos=93%, unique=1228, sharpe=21.21
    h4: std=0.0380, dir_acc=54.2%, pos=93%, unique=1228, sharpe=21.60
    h5: std=0.0381, dir_acc=54.1%, pos=93%, unique=1232, sharpe=21.77
    ... (5 more horizons)
  Aggregate: std_avg=0.0384, dir_acc_avg=54.1%, composite_avg=0.4359
  H1 detail: range=0.2972, mean=0.0483, dist_match=0.6154
  Collapse penalty: 0.000000 (threshold: 0.005000)
  Saved validation predictions to: experiments/12b_feature_sweep/macro_heavy_daily_7q_h10_d015_s42/collapse_monitoring/val_predictions_epoch89.npz
  Gradient norms:
    lstm_encoder: 0.011795
    lstm_decoder: 0.016954
    output_layer: 0.030220
  VSN output std:
    encoder: 0.108892
  Attention entropy: 2.875818
  Saved to: experiments/12b_feature_sweep/macro_heavy_daily_7q_h10_d015_s42/collapse_monitoring/collapse_monitor_latest.json
[DEBUG CollapseMonitor] on_validation_epoch_start called for epoch 90
[DEBUG CollapseMonitor] reset_temporal_state() called on loss function
Epoch 90: val_loss=0.41109952330589294
Epoch 90: train_loss=0.4199238717556

[CollapseMonitor] Epoch 90
  [DEBUG] Processed 20 batches, 10 horizon(s)
  Multi-horizon metrics (10 horizons):
    h1: std=0.0392, dir_acc=54.1%, pos=93%, unique=1235, sharpe=19.77
    h2: std=0.0383, dir_acc=53.8%, pos=93%, unique=1235, sharpe=20.80
    h3: std=0.0379, dir_acc=53.5%, pos=94%, unique=1232, sharpe=21.52
    h4: std=0.0379, dir_acc=54.1%, pos=94%, unique=1232, sharpe=21.93
    h5: std=0.0380, dir_acc=54.1%, pos=93%, unique=1230, sharpe=22.12
    ... (5 more horizons)
  Aggregate: std_avg=0.0382, dir_acc_avg=54.1%, composite_avg=0.4355
  H1 detail: range=0.2963, mean=0.0488, dist_match=0.6154
  Collapse penalty: 0.000000 (threshold: 0.005000)
  Saved validation predictions to: experiments/12b_feature_sweep/macro_heavy_daily_7q_h10_d015_s42/collapse_monitoring/val_predictions_epoch90.npz
  Gradient norms:
    lstm_encoder: 0.012333
    lstm_decoder: 0.018417
    output_layer: 0.031161
  VSN output std:
    encoder: 0.108902
  Attention entropy: 2.875588
  Saved to: experiments/12b_feature_sweep/macro_heavy_daily_7q_h10_d015_s42/collapse_monitoring/collapse_monitor_latest.json
[DEBUG CollapseMonitor] on_validation_epoch_start called for epoch 91
[DEBUG CollapseMonitor] reset_temporal_state() called on loss function
Epoch 91: val_loss=0.4111313819885254
Epoch 91: train_loss=0.42017582058906555

[CollapseMonitor] Epoch 91
  [DEBUG] Processed 20 batches, 10 horizon(s)
  Multi-horizon metrics (10 horizons):
    h1: std=0.0392, dir_acc=54.1%, pos=93%, unique=1225, sharpe=19.84
    h2: std=0.0383, dir_acc=53.7%, pos=94%, unique=1230, sharpe=20.89
    h3: std=0.0379, dir_acc=53.5%, pos=94%, unique=1227, sharpe=21.62
    h4: std=0.0379, dir_acc=53.9%, pos=94%, unique=1229, sharpe=22.04
    h5: std=0.0380, dir_acc=54.1%, pos=94%, unique=1228, sharpe=22.22
    ... (5 more horizons)
  Aggregate: std_avg=0.0383, dir_acc_avg=54.1%, composite_avg=0.4350
  H1 detail: range=0.2967, mean=0.0490, dist_match=0.6154
  Collapse penalty: 0.000000 (threshold: 0.005000)
  Saved validation predictions to: experiments/12b_feature_sweep/macro_heavy_daily_7q_h10_d015_s42/collapse_monitoring/val_predictions_epoch91.npz
  Gradient norms:
    lstm_encoder: 0.012166
    lstm_decoder: 0.017500
    output_layer: 0.032037
  VSN output std:
    encoder: 0.108938
  Attention entropy: 2.875582
  Saved to: experiments/12b_feature_sweep/macro_heavy_daily_7q_h10_d015_s42/collapse_monitoring/collapse_monitor_latest.json
[DEBUG CollapseMonitor] on_validation_epoch_start called for epoch 92
[DEBUG CollapseMonitor] reset_temporal_state() called on loss function
Epoch 92: val_loss=0.4111940562725067
Epoch 92: train_loss=0.4192335903644562

[CollapseMonitor] Epoch 92
  [DEBUG] Processed 20 batches, 10 horizon(s)
  Multi-horizon metrics (10 horizons):
    h1: std=0.0390, dir_acc=53.9%, pos=93%, unique=1227, sharpe=20.19
    h2: std=0.0382, dir_acc=53.7%, pos=94%, unique=1230, sharpe=21.25
    h3: std=0.0378, dir_acc=53.7%, pos=94%, unique=1229, sharpe=21.98
    h4: std=0.0378, dir_acc=54.0%, pos=94%, unique=1230, sharpe=22.40
    h5: std=0.0379, dir_acc=54.1%, pos=94%, unique=1228, sharpe=22.58
    ... (5 more horizons)
  Aggregate: std_avg=0.0381, dir_acc_avg=54.1%, composite_avg=0.4345
  H1 detail: range=0.2956, mean=0.0496, dist_match=0.6130
  Collapse penalty: 0.000000 (threshold: 0.005000)
  Saved validation predictions to: experiments/12b_feature_sweep/macro_heavy_daily_7q_h10_d015_s42/collapse_monitoring/val_predictions_epoch92.npz
  Gradient norms:
    lstm_encoder: 0.011785
    lstm_decoder: 0.019384
    output_layer: 0.030252
  VSN output std:
    encoder: 0.108932
  Attention entropy: 2.876224
  Saved to: experiments/12b_feature_sweep/macro_heavy_daily_7q_h10_d015_s42/collapse_monitoring/collapse_monitor_latest.json
[DEBUG CollapseMonitor] on_validation_epoch_start called for epoch 93
[DEBUG CollapseMonitor] reset_temporal_state() called on loss function
Epoch 93: val_loss=0.4112388789653778
Epoch 93: train_loss=0.41943609714508057

[CollapseMonitor] Epoch 93
  [DEBUG] Processed 20 batches, 10 horizon(s)
  Multi-horizon metrics (10 horizons):
    h1: std=0.0388, dir_acc=53.9%, pos=93%, unique=1232, sharpe=20.41
    h2: std=0.0379, dir_acc=53.8%, pos=94%, unique=1225, sharpe=21.48
    h3: std=0.0375, dir_acc=53.8%, pos=94%, unique=1232, sharpe=22.23
    h4: std=0.0375, dir_acc=54.1%, pos=94%, unique=1231, sharpe=22.65
    h5: std=0.0376, dir_acc=54.2%, pos=94%, unique=1229, sharpe=22.84
    ... (5 more horizons)
  Aggregate: std_avg=0.0379, dir_acc_avg=54.2%, composite_avg=0.4346
  H1 detail: range=0.2935, mean=0.0498, dist_match=0.6130
  Collapse penalty: 0.000000 (threshold: 0.005000)
  Saved validation predictions to: experiments/12b_feature_sweep/macro_heavy_daily_7q_h10_d015_s42/collapse_monitoring/val_predictions_epoch93.npz
  Gradient norms:
    lstm_encoder: 0.012635
    lstm_decoder: 0.018933
    output_layer: 0.033410
  VSN output std:
    encoder: 0.108923
  Attention entropy: 2.876682
  Saved to: experiments/12b_feature_sweep/macro_heavy_daily_7q_h10_d015_s42/collapse_monitoring/collapse_monitor_latest.json
[DEBUG CollapseMonitor] on_validation_epoch_start called for epoch 94
[DEBUG CollapseMonitor] reset_temporal_state() called on loss function
Epoch 94: val_loss=0.41119736433029175
Epoch 94: train_loss=0.41933852434158325

[CollapseMonitor] Epoch 94
  [DEBUG] Processed 20 batches, 10 horizon(s)
  Multi-horizon metrics (10 horizons):
    h1: std=0.0390, dir_acc=53.8%, pos=93%, unique=1234, sharpe=20.46
    h2: std=0.0381, dir_acc=53.8%, pos=94%, unique=1231, sharpe=21.55
    h3: std=0.0377, dir_acc=53.8%, pos=94%, unique=1229, sharpe=22.32
    h4: std=0.0377, dir_acc=54.1%, pos=94%, unique=1234, sharpe=22.76
    h5: std=0.0378, dir_acc=54.2%, pos=94%, unique=1229, sharpe=22.96
    ... (5 more horizons)
  Aggregate: std_avg=0.0380, dir_acc_avg=54.2%, composite_avg=0.4343
  H1 detail: range=0.2953, mean=0.0502, dist_match=0.6122
  Collapse penalty: 0.000000 (threshold: 0.005000)
  Saved validation predictions to: experiments/12b_feature_sweep/macro_heavy_daily_7q_h10_d015_s42/collapse_monitoring/val_predictions_epoch94.npz
  Gradient norms:
    lstm_encoder: 0.011373
    lstm_decoder: 0.018200
    output_layer: 0.030626
  VSN output std:
    encoder: 0.108934
  Attention entropy: 2.876338
  Saved to: experiments/12b_feature_sweep/macro_heavy_daily_7q_h10_d015_s42/collapse_monitoring/collapse_monitor_latest.json
[DEBUG CollapseMonitor] on_validation_epoch_start called for epoch 95
[DEBUG CollapseMonitor] reset_temporal_state() called on loss function
Epoch 95: val_loss=0.41118746995925903
Epoch 95: train_loss=0.4201982617378235

[CollapseMonitor] Epoch 95
  [DEBUG] Processed 20 batches, 10 horizon(s)
  Multi-horizon metrics (10 horizons):
    h1: std=0.0394, dir_acc=53.9%, pos=93%, unique=1235, sharpe=20.08
    h2: std=0.0386, dir_acc=53.7%, pos=94%, unique=1233, sharpe=21.15
    h3: std=0.0382, dir_acc=53.7%, pos=94%, unique=1227, sharpe=21.90
    h4: std=0.0381, dir_acc=54.0%, pos=94%, unique=1229, sharpe=22.32
    h5: std=0.0383, dir_acc=54.1%, pos=94%, unique=1232, sharpe=22.52
    ... (5 more horizons)
  Aggregate: std_avg=0.0385, dir_acc_avg=54.1%, composite_avg=0.4345
  H1 detail: range=0.2987, mean=0.0499, dist_match=0.6130
  Collapse penalty: 0.000000 (threshold: 0.005000)
  Saved validation predictions to: experiments/12b_feature_sweep/macro_heavy_daily_7q_h10_d015_s42/collapse_monitoring/val_predictions_epoch95.npz
  Gradient norms:
    lstm_encoder: 0.012002
    lstm_decoder: 0.017949
    output_layer: 0.029571
  VSN output std:
    encoder: 0.108914
  Attention entropy: 2.876494
  Saved to: experiments/12b_feature_sweep/macro_heavy_daily_7q_h10_d015_s42/collapse_monitoring/collapse_monitor_latest.json
[DEBUG CollapseMonitor] on_validation_epoch_start called for epoch 96
[DEBUG CollapseMonitor] reset_temporal_state() called on loss function
Epoch 96: val_loss=0.4112052619457245
Epoch 96: train_loss=0.4199230372905731

[CollapseMonitor] Epoch 96
  [DEBUG] Processed 20 batches, 10 horizon(s)
  Multi-horizon metrics (10 horizons):
    h1: std=0.0393, dir_acc=53.9%, pos=93%, unique=1235, sharpe=19.97
    h2: std=0.0384, dir_acc=53.7%, pos=94%, unique=1234, sharpe=21.05
    h3: std=0.0380, dir_acc=53.5%, pos=94%, unique=1233, sharpe=21.80
    h4: std=0.0380, dir_acc=54.0%, pos=94%, unique=1231, sharpe=22.23
    h5: std=0.0381, dir_acc=54.1%, pos=94%, unique=1228, sharpe=22.42
    ... (5 more horizons)
  Aggregate: std_avg=0.0384, dir_acc_avg=54.1%, composite_avg=0.4344
  H1 detail: range=0.2976, mean=0.0494, dist_match=0.6130
  Collapse penalty: 0.000000 (threshold: 0.005000)
  Saved validation predictions to: experiments/12b_feature_sweep/macro_heavy_daily_7q_h10_d015_s42/collapse_monitoring/val_predictions_epoch96.npz
  Gradient norms:
    lstm_encoder: 0.011232
    lstm_decoder: 0.015096
    output_layer: 0.028840
  VSN output std:
    encoder: 0.108914
  Attention entropy: 2.876610
  Saved to: experiments/12b_feature_sweep/macro_heavy_daily_7q_h10_d015_s42/collapse_monitoring/collapse_monitor_latest.json
[DEBUG CollapseMonitor] on_validation_epoch_start called for epoch 97
[DEBUG CollapseMonitor] reset_temporal_state() called on loss function
Epoch 97: val_loss=0.41122403740882874
Epoch 97: train_loss=0.4194255471229553

[CollapseMonitor] Epoch 97
  [DEBUG] Processed 20 batches, 10 horizon(s)
  Multi-horizon metrics (10 horizons):
    h1: std=0.0392, dir_acc=53.9%, pos=93%, unique=1229, sharpe=20.11
    h2: std=0.0383, dir_acc=53.7%, pos=94%, unique=1232, sharpe=21.17
    h3: std=0.0380, dir_acc=53.7%, pos=94%, unique=1230, sharpe=21.90
    h4: std=0.0379, dir_acc=54.0%, pos=94%, unique=1230, sharpe=22.31
    h5: std=0.0380, dir_acc=54.1%, pos=94%, unique=1224, sharpe=22.49
    ... (5 more horizons)
  Aggregate: std_avg=0.0383, dir_acc_avg=54.1%, composite_avg=0.4345
  H1 detail: range=0.2965, mean=0.0496, dist_match=0.6130
  Collapse penalty: 0.000000 (threshold: 0.005000)
  Saved validation predictions to: experiments/12b_feature_sweep/macro_heavy_daily_7q_h10_d015_s42/collapse_monitoring/val_predictions_epoch97.npz
  Gradient norms:
    lstm_encoder: 0.011610
    lstm_decoder: 0.017154
    output_layer: 0.029903
  VSN output std:
    encoder: 0.108930
  Attention entropy: 2.876932
  Saved to: experiments/12b_feature_sweep/macro_heavy_daily_7q_h10_d015_s42/collapse_monitoring/collapse_monitor_latest.json
[DEBUG CollapseMonitor] on_validation_epoch_start called for epoch 98
[DEBUG CollapseMonitor] reset_temporal_state() called on loss function
Epoch 98: val_loss=0.4112013578414917
Epoch 98: train_loss=0.4195026755332947

[CollapseMonitor] Epoch 98
  [DEBUG] Processed 20 batches, 10 horizon(s)
  Multi-horizon metrics (10 horizons):
    h1: std=0.0392, dir_acc=53.9%, pos=93%, unique=1237, sharpe=20.05
    h2: std=0.0384, dir_acc=53.7%, pos=94%, unique=1231, sharpe=21.15
    h3: std=0.0380, dir_acc=53.7%, pos=94%, unique=1233, sharpe=21.91
    h4: std=0.0380, dir_acc=54.0%, pos=94%, unique=1224, sharpe=22.34
    h5: std=0.0381, dir_acc=54.1%, pos=94%, unique=1228, sharpe=22.54
    ... (5 more horizons)
  Aggregate: std_avg=0.0383, dir_acc_avg=54.1%, composite_avg=0.4344
  H1 detail: range=0.2971, mean=0.0496, dist_match=0.6130
  Collapse penalty: 0.000000 (threshold: 0.005000)
  Saved validation predictions to: experiments/12b_feature_sweep/macro_heavy_daily_7q_h10_d015_s42/collapse_monitoring/val_predictions_epoch98.npz
  Gradient norms:
    lstm_encoder: 0.011824
    lstm_decoder: 0.016824
    output_layer: 0.030576
  VSN output std:
    encoder: 0.108946
  Attention entropy: 2.876609
  Saved to: experiments/12b_feature_sweep/macro_heavy_daily_7q_h10_d015_s42/collapse_monitoring/collapse_monitor_latest.json
[DEBUG CollapseMonitor] on_validation_epoch_start called for epoch 99
[DEBUG CollapseMonitor] reset_temporal_state() called on loss function
Epoch 99: val_loss=0.4112175703048706
Epoch 99: train_loss=0.4202054738998413

[CollapseMonitor] Epoch 99
  [DEBUG] Processed 20 batches, 10 horizon(s)
  Multi-horizon metrics (10 horizons):
    h1: std=0.0392, dir_acc=53.9%, pos=93%, unique=1235, sharpe=20.16
    h2: std=0.0384, dir_acc=53.7%, pos=94%, unique=1226, sharpe=21.26
    h3: std=0.0380, dir_acc=53.8%, pos=94%, unique=1229, sharpe=22.03
    h4: std=0.0380, dir_acc=54.0%, pos=94%, unique=1227, sharpe=22.48
    h5: std=0.0381, dir_acc=54.1%, pos=94%, unique=1234, sharpe=22.68
    ... (5 more horizons)
  Aggregate: std_avg=0.0384, dir_acc_avg=54.2%, composite_avg=0.4347
  H1 detail: range=0.2976, mean=0.0498, dist_match=0.6130
  Collapse penalty: 0.000000 (threshold: 0.005000)
  Saved validation predictions to: experiments/12b_feature_sweep/macro_heavy_daily_7q_h10_d015_s42/collapse_monitoring/val_predictions_epoch99.npz
  Gradient norms:
    lstm_encoder: 0.010594
    lstm_decoder: 0.015409
    output_layer: 0.027162
  VSN output std:
    encoder: 0.108946
  Attention entropy: 2.876400
  Saved to: experiments/12b_feature_sweep/macro_heavy_daily_7q_h10_d015_s42/collapse_monitoring/collapse_monitor_latest.json


======================================================================
Training complete
======================================================================

Best val_loss checkpoint: experiments/12b_feature_sweep/macro_heavy_daily_7q_h10_d015_s42/checkpoints/tft-epoch=epoch=43-valloss=val_loss=0.4100.ckpt
Best validation loss: 0.409979
Checkpoints saved:
  - Best val_loss: experiments/12b_feature_sweep/macro_heavy_daily_7q_h10_d015_s42/checkpoints/tft-epoch=epoch=43-valloss=val_loss=0.4100.ckpt
  - Best pred_std: experiments/12b_feature_sweep/macro_heavy_daily_7q_h10_d015_s42/checkpoints/tft-epoch=epoch=54-predstd=val_pred_std=0.0426.ckpt
  - Best unique: experiments/12b_feature_sweep/macro_heavy_daily_7q_h10_d015_s42/checkpoints/tft-epoch=epoch=98-unique=val_num_unique=1237.ckpt
  - Best dir_acc: experiments/12b_feature_sweep/macro_heavy_daily_7q_h10_d015_s42/checkpoints/tft-epoch=epoch=56-diracc=val_dir_acc=0.5479.ckpt
  - Best sharpe: experiments/12b_feature_sweep/macro_heavy_daily_7q_h10_d015_s42/checkpoints/tft-epoch=epoch=02-sharpe=val_sharpe=149.8849.ckpt
  - Best composite: experiments/12b_feature_sweep/macro_heavy_daily_7q_h10_d015_s42/checkpoints/tft-epoch=epoch=56-composite=val_composite=0.4487.ckpt
Completed at: 2025-12-13 20:18:17
Log saved to: experiments/12b_feature_sweep/macro_heavy_daily_7q_h10_d015_s42/training_20251213_193844.log
======================================================================
