{
  "evaluation_timestamp": "2025-10-16T23:54:46.900191",
  "statistical_metrics": {
    "mse": 1.1784346103668213,
    "rmse": 1.085557222366333,
    "mae": 0.7724215388298035,
    "mape": 153.96728515625,
    "r2": -0.0014213323593139648,
    "mean_error": -0.018209118396043777,
    "std_error": 1.0854045152664185
  },
  "financial_metrics": {
    "directional_accuracy": 0.53671875,
    "sharpe_ratio": 0.8329736080938573,
    "max_drawdown": -0.2524605989456177,
    "total_return": 0.9216080904006958,
    "hit_rate": 0.53671875,
    "num_trades": 1280,
    "precision": 0.53671875,
    "recall": 1.0,
    "f1_score": 0.6985256736146417,
    "confusion_matrix": [
      [
        0,
        593
      ],
      [
        0,
        687
      ]
    ],
    "auc_roc": 0.5004136075661957,
    "alpha": 0.0
  },
  "residual_diagnostics": {
    "normality_p_value": 2.0026137121636944e-40,
    "acf_lag1": -0.03566400028841295,
    "skewness": 0.10026754033237859,
    "kurtosis": 6.568710189537139
  },
  "checkpoint_used": "experiments/sweep2_hidden_12/checkpoints/tft-epoch=03-val_loss=0.1119.ckpt"
}