{
  "period_statistics": {
    "2020": {
      "n_samples": 92,
      "entropy_mean": 2.7077763080596924,
      "entropy_std": 0.16899356245994568,
      "attention_concentration": 0.06159519404172897,
      "top_features": [
        [
          "t-20",
          0.1467399299144745
        ],
        [
          "t-19",
          0.07946371287107468
        ],
        [
          "t-18",
          0.05621187761425972
        ],
        [
          "t-1",
          0.05128467082977295
        ],
        [
          "t-2",
          0.048940423876047134
        ]
      ],
      "mean_attention": [
        0.1467399299144745,
        0.07946371287107468,
        0.05621187761425972,
        0.04649529606103897,
        0.041539516299963,
        0.03901585564017296,
        0.03791743889451027,
        0.03762355446815491,
        0.03815360367298126,
        0.038334839046001434,
        0.03858014941215515,
        0.0389968641102314,
        0.0395309217274189,
        0.04129486903548241,
        0.042933572083711624,
        0.044409170746803284,
        0.04552895948290825,
        0.0470048189163208,
        0.048940423876047134,
        0.05128467082977295
      ],
      "std_attention": [
        0.08621148020029068,
        0.052219655364751816,
        0.03837745264172554,
        0.03119857795536518,
        0.026748888194561005,
        0.024307088926434517,
        0.02340875379741192,
        0.023393778130412102,
        0.02455950900912285,
        0.024963153526186943,
        0.025530340149998665,
        0.026092182844877243,
        0.02673487551510334,
        0.028882183134555817,
        0.03080062009394169,
        0.033684853464365005,
        0.03594699501991272,
        0.03939137980341911,
        0.044309329241514206,
        0.05053440108895302
      ]
    },
    "2021": {
      "n_samples": 250,
      "entropy_mean": 2.5530149936676025,
      "entropy_std": 0.28923845291137695,
      "attention_concentration": 0.05582268536090851,
      "top_features": [
        [
          "t-20",
          0.12227001041173935
        ],
        [
          "t-19",
          0.05965752899646759
        ],
        [
          "t-1",
          0.05293961614370346
        ],
        [
          "t-2",
          0.04950886592268944
        ],
        [
          "t-18",
          0.04942967742681503
        ]
      ],
      "mean_attention": [
        0.12227001041173935,
        0.05965752899646759,
        0.04942967742681503,
        0.04620080813765526,
        0.04495537653565407,
        0.04406335577368736,
        0.04360584169626236,
        0.04330119863152504,
        0.04299788922071457,
        0.042949751019477844,
        0.04303337633609772,
        0.04326886683702469,
        0.04369556903839111,
        0.04402778670191765,
        0.044761888682842255,
        0.04524100571870804,
        0.04640126973390579,
        0.04769037291407585,
        0.04950886592268944,
        0.05293961614370346
      ],
      "std_attention": [
        0.0979664996266365,
        0.06349498778581619,
        0.05396584793925285,
        0.05078955367207527,
        0.04935290291905403,
        0.048402879387140274,
        0.048383597284555435,
        0.04831380024552345,
        0.04843471571803093,
        0.04882751777768135,
        0.04948125034570694,
        0.0500195175409317,
        0.05098112300038338,
        0.05230173468589783,
        0.05497661605477333,
        0.056438904255628586,
        0.059384748339653015,
        0.06484335660934448,
        0.07301085442304611,
        0.08539299666881561
      ]
    },
    "2022": {
      "n_samples": 249,
      "entropy_mean": 2.6761395931243896,
      "entropy_std": 0.21069307625293732,
      "attention_concentration": 0.05960054695606232,
      "top_features": [
        [
          "t-20",
          0.13808007538318634
        ],
        [
          "t-19",
          0.07764109969139099
        ],
        [
          "t-18",
          0.05769054591655731
        ],
        [
          "t-17",
          0.04895700514316559
        ],
        [
          "t-1",
          0.04889199882745743
        ]
      ],
      "mean_attention": [
        0.13808007538318634,
        0.07764109969139099,
        0.05769054591655731,
        0.04895700514316559,
        0.044548459351062775,
        0.04235750436782837,
        0.041452378034591675,
        0.04141532629728317,
        0.041175585240125656,
        0.04068781062960625,
        0.04028644785284996,
        0.04017169773578644,
        0.040486544370651245,
        0.040781132876873016,
        0.041305843740701675,
        0.041994258761405945,
        0.04272330552339554,
        0.043745607137680054,
        0.04560744762420654,
        0.04889199882745743
      ],
      "std_attention": [
        0.09202926605939865,
        0.05545292794704437,
        0.041457876563072205,
        0.03361767902970314,
        0.028597326949238777,
        0.026723256334662437,
        0.02638418786227703,
        0.027078762650489807,
        0.027685292065143585,
        0.02731853537261486,
        0.026954051107168198,
        0.027767827734351158,
        0.029040485620498657,
        0.02974577434360981,
        0.03134917467832565,
        0.0332425981760025,
        0.03559277579188347,
        0.03892181068658829,
        0.04547542333602905,
        0.06017053499817848
      ]
    },
    "2023": {
      "n_samples": 249,
      "entropy_mean": 2.864360809326172,
      "entropy_std": 0.1386762410402298,
      "attention_concentration": 0.05423711612820625,
      "top_features": [
        [
          "t-20",
          0.1131327673792839
        ],
        [
          "t-19",
          0.05196463689208031
        ],
        [
          "t-1",
          0.048545967787504196
        ],
        [
          "t-2",
          0.04771576076745987
        ],
        [
          "t-3",
          0.047180552035570145
        ]
      ],
      "mean_attention": [
        0.1131327673792839,
        0.05196463689208031,
        0.04595976322889328,
        0.04538297280669212,
        0.04522867873311043,
        0.04537941515445709,
        0.04568730667233467,
        0.04573369398713112,
        0.045987825840711594,
        0.04632670059800148,
        0.046399567276239395,
        0.04638521745800972,
        0.04637366160750389,
        0.04644306004047394,
        0.04658348113298416,
        0.046685267239809036,
        0.04690370708703995,
        0.047180552035570145,
        0.04771576076745987,
        0.048545967787504196
      ],
      "std_attention": [
        0.05908258631825447,
        0.028486840426921844,
        0.02129192277789116,
        0.02112535946071148,
        0.02058509737253189,
        0.020859383046627045,
        0.021203234791755676,
        0.02064717747271061,
        0.020705480128526688,
        0.02084450051188469,
        0.020822972059249878,
        0.02086375653743744,
        0.021069983020424843,
        0.021359601989388466,
        0.021857833489775658,
        0.022949907928705215,
        0.024138959124684334,
        0.025596441701054573,
        0.028424784541130066,
        0.032207928597927094
      ]
    },
    "2024": {
      "n_samples": 250,
      "entropy_mean": 2.794167995452881,
      "entropy_std": 0.3354372978210449,
      "attention_concentration": 0.05572163313627243,
      "top_features": [
        [
          "t-20",
          0.12047463655471802
        ],
        [
          "t-1",
          0.05573859438300133
        ],
        [
          "t-2",
          0.0531906932592392
        ],
        [
          "t-19",
          0.05257115885615349
        ],
        [
          "t-3",
          0.05190965533256531
        ]
      ],