{
  "period_statistics": {
    "2020": {
      "n_samples": 92,
      "entropy_mean": 2.994140863418579,
      "entropy_std": 0.001219353056512773,
      "attention_concentration": 0.05007193982601166,
      "top_features": [
        [
          "t-19",
          0.05323203653097153
        ],
        [
          "t-18",
          0.05284276604652405
        ],
        [
          "t-17",
          0.05230873450636864
        ],
        [
          "t-20",
          0.05230140686035156
        ],
        [
          "t-16",
          0.05179690197110176
        ]
      ],
      "mean_attention": [
        0.05230140686035156,
        0.05323203653097153,
        0.05284276604652405,
        0.05230873450636864,
        0.05179690197110176,
        0.05135578289628029,
        0.050973955541849136,
        0.05063258484005928,
        0.05032956227660179,
        0.05005583167076111,
        0.04980957508087158,
        0.049584198743104935,
        0.04937068372964859,
        0.04905112832784653,
        0.04872029274702072,
        0.04841672256588936,
        0.048071712255477905,
        0.047642551362514496,
        0.04709288477897644,
        0.046410705894231796
      ],
      "std_attention": [
        0.0021165222860872746,
        0.0020513003692030907,
        0.001996584702283144,
        0.0019266188610345125,
        0.0018572744447737932,
        0.0017988892504945397,
        0.001749085378833115,
        0.0017104086000472307,
        0.0016896341694518924,
        0.0016944808885455132,
        0.0017164136515930295,
        0.001756506972014904,
        0.0018036457477137446,
        0.0020420949440449476,
        0.002263569738715887,
        0.002340100472792983,
        0.0024165131617337465,
        0.0024985827039927244,
        0.002584509551525116,
        0.002684191334992647
      ]
    },
    "2021": {
      "n_samples": 250,
      "entropy_mean": 2.9876527786254883,
      "entropy_std": 0.006645723711699247,
      "attention_concentration": 0.05039862543344498,
      "top_features": [
        [
          "t-19",
          0.055090293288230896
        ],
        [
          "t-18",
          0.05480605363845825
        ],
        [
          "t-20",
          0.054715175181627274
        ],
        [
          "t-17",
          0.05441147834062576
        ],
        [
          "t-16",
          0.05402989313006401
        ]
      ],
      "mean_attention": [
        0.054715175181627274,
        0.055090293288230896,
        0.05480605363845825,
        0.05441147834062576,
        0.05402989313006401,
        0.05364317074418068,
        0.05321253091096878,
        0.05275305360555649,
        0.052242692559957504,
        0.051662903279066086,
        0.051019009202718735,
        0.05027804896235466,
        0.04942132905125618,
        0.04850265383720398,
        0.04744558036327362,
        0.04622529819607735,
        0.0448712483048439,
        0.04341009631752968,
        0.04188700392842293,
        0.04037254676222801
      ],
      "std_attention": [
        0.004612627439200878,
        0.004492425359785557,
        0.004333172459155321,
        0.004216635599732399,
        0.004183317068964243,
        0.004220315255224705,
        0.004279132466763258,
        0.00436153681948781,
        0.004438492935150862,
        0.00450140330940485,
        0.004539875313639641,
        0.004534738138318062,
        0.0044998908415436745,
        0.0044227964244782925,
        0.004356511402875185,
        0.004323205444961786,
        0.0043373615480959415,
        0.004374098964035511,
        0.004421933088451624,
        0.004463821649551392
      ]
    },
    "2022": {
      "n_samples": 249,
      "entropy_mean": 2.9773130416870117,
      "entropy_std": 0.017588619142770767,
      "attention_concentration": 0.05092478170990944,
      "top_features": [
        [
          "t-20",
          0.060407526791095734
        ],
        [
          "t-19",
          0.06020765379071236
        ],
        [
          "t-18",
          0.05957792326807976
        ],
        [
          "t-17",
          0.05837926268577576
        ],
        [
          "t-16",
          0.05702472850680351
        ]
      ],
      "mean_attention": [
        0.060407526791095734,
        0.06020765379071236,
        0.05957792326807976,
        0.05837926268577576,
        0.05702472850680351,
        0.05565553158521652,
        0.05429784581065178,
        0.05289250239729881,
        0.051525089889764786,
        0.050194643437862396,
        0.04885662719607353,
        0.04756314679980278,
        0.046329718083143234,
        0.04515745863318443,
        0.04408898577094078,
        0.0431075245141983,
        0.042243149131536484,
        0.041464101523160934,
        0.04078627750277519,
        0.040240317583084106
      ],
      "std_attention": [
        0.008593050763010979,
        0.00810079462826252,
        0.007554676383733749,
        0.007081111427396536,
        0.0066511197946965694,
        0.006251277402043343,
        0.005924427881836891,
        0.005737730301916599,
        0.005623950622975826,
        0.005615223199129105,
        0.005665860138833523,
        0.005778936203569174,
        0.005954558029770851,
        0.006163794081658125,
        0.006424643099308014,
        0.006688121240586042,
        0.006952875759452581,
        0.007198516279459,
        0.007428890094161034,
        0.007661427836865187
      ]
    },
    "2023": {
      "n_samples": 249,
      "entropy_mean": 2.9889180660247803,
      "entropy_std": 0.006502237170934677,
      "attention_concentration": 0.05015647038817406,
      "top_features": [
        [
          "t-20",
          0.0535707026720047
        ],
        [
          "t-19",
          0.05275445803999901
        ],
        [
          "t-18",
          0.05247516557574272
        ],
        [
          "t-17",
          0.052267204970121384
        ],
        [
          "t-16",
          0.05216841772198677
        ]
      ],
      "mean_attention": [
        0.0535707026720047,
        0.05275445803999901,
        0.05247516557574272,
        0.052267204970121384,
        0.05216841772198677,
        0.05208573490381241,
        0.05196920037269592,
        0.051835980266332626,
        0.05160260200500488,
        0.05129137635231018,
        0.05092991143465042,
        0.05048027262091637,
        0.049942318350076675,
        0.04929719120264053,
        0.048563797026872635,
        0.04774452745914459,
        0.046810731291770935,
        0.045807644724845886,
        0.04475052282214165,
        0.04365214705467224
      ],
      "std_attention": [
        0.006567252799868584,
        0.006190922576934099,
        0.00576742272824049,
        0.005369372665882111,
        0.005050650332123041,
        0.004802872892469168,
        0.0046355039812624454,
        0.004486831370741129,
        0.0044250087812542915,
        0.004411732312291861,
        0.004444533493369818,
        0.004517409484833479,
        0.004617840982973576,
        0.004741443786770105,
        0.0048876116052269936,
        0.005036382470279932,
        0.0051810708828270435,
        0.005305312108248472,
        0.005368658807128668,
        0.005387745797634125
      ]
    },
    "2024": {
      "n_samples": 250,
      "entropy_mean": 2.9880599975585938,
      "entropy_std": 0.007897807285189629,
      "attention_concentration": 0.05006985738873482,
      "top_features": [
        [
          "t-20",
          0.05180033668875694
        ],
        [
          "t-12",
          0.05138090252876282
        ],
        [
          "t-11",
          0.05137580260634422
        ],
        [
          "t-13",
          0.051309820264577866
        ],
        [
          "t-10",
          0.05129995942115784
        ]
      ],