{
  "evaluation_timestamp": "2025-10-27T12:01:16.428703",
  "statistical_metrics": {
    "mse": 1.198538064956665,
    "rmse": 1.0947775840759277,
    "mae": 0.7834668755531311,
    "mape": 334.68146324157715,
    "r2": -0.027190566062927246,
    "mean_error": -0.17975732684135437,
    "std_error": 1.0799190998077393
  },
  "financial_metrics": {
    "directional_accuracy": 0.5349206349206349,
    "sharpe_ratio": 0.8491509303396099,
    "max_drawdown": -0.25245988368988037,
    "total_return": 0.9240425825119019,
    "hit_rate": 0.5349206349206349,
    "num_trades": 1260,
    "precision": 0.5349206349206349,
    "recall": 1.0,
    "f1_score": 0.6970010341261634,
    "confusion_matrix": [
      [
        0,
        586
      ],
      [
        0,
        674
      ]
    ],
    "auc_roc": 0.5305217690726244,
    "alpha": 0.0
  },
  "residual_diagnostics": {
    "normality_p_value": 1.5916049097477211e-40,
    "acf_lag1": -0.033784959404973725,
    "skewness": 0.1255099057921685,
    "kurtosis": 6.675292638267825
  },
  "mode_stats": {
    "healthy_days": 29,
    "degraded_days": 1,
    "unidirectional_days": 1053,
    "weak_collapse_days": 117,
    "strong_collapse_days": 60,
    "total_days": 1260,
    "healthy_pct": 2.301587301587302,
    "degraded_pct": 0.07936507936507936,
    "unidirectional_pct": 83.57142857142857,
    "weak_collapse_pct": 9.285714285714286,
    "strong_collapse_pct": 4.761904761904762
  },
  "collapse_detected": true,
  "degradation_detected": true,
  "checkpoint_used": "experiments/00_baseline_exploration/sweep_encoder_40/checkpoints/tft-epoch=00-val_loss=0.1533.ckpt"
}