{
  "evaluation_timestamp": "2025-10-30T03:20:55.088006",
  "statistical_metrics": {
    "mse": 1.1674351692199707,
    "rmse": 1.0804791450500488,
    "mae": 0.7732592225074768,
    "mape": 122.06810712814331,
    "r2": -0.0005341768264770508,
    "mean_error": 0.040469929575920105,
    "std_error": 1.0797208547592163
  },
  "financial_metrics": {
    "directional_accuracy": 0.5071428571428571,
    "sharpe_ratio": 0.7648537022503901,
    "max_drawdown": -0.1825484186410904,
    "total_return": 0.68099045753479,
    "hit_rate": 0.346031746031746,
    "num_trades": 819,
    "precision": 0.5323565323565324,
    "recall": 0.6468842729970327,
    "f1_score": 0.5840589417280643,
    "confusion_matrix": [
      [
        203,
        383
      ],
      [
        238,
        436
      ]
    ],
    "auc_roc": 0.4865506729727267,
    "alpha": -0.24305212497711182
  },
  "residual_diagnostics": {
    "normality_p_value": 6.856745340061264e-39,
    "acf_lag1": -0.021891218784477973,
    "skewness": 0.010205025691665436,
    "kurtosis": 6.447819075160243
  },
  "mode_stats": {
    "healthy_days": 745,
    "degraded_days": 238,
    "unidirectional_days": 277,
    "weak_collapse_days": 0,
    "strong_collapse_days": 0,
    "total_days": 1260,
    "healthy_pct": 59.12698412698413,
    "degraded_pct": 18.88888888888889,
    "unidirectional_pct": 21.984126984126984,
    "weak_collapse_pct": 0.0,
    "strong_collapse_pct": 0.0
  },
  "collapse_detected": false,
  "degradation_detected": true,
  "checkpoint_used": "experiments/00_baseline_exploration/sweep_encoder_40/checkpoints/tft-epoch=56-val_loss=0.3964.ckpt"
}