{
  "experiment": "sweep2_combo2",
  "collapsed": true,
  "collapse_type": "always_negative",
  "predictions": {
    "mean": -0.04957910254597664,
    "std": 0.009558452293276787,
    "min": -0.0971781462430954,
    "max": -0.03750905394554138,
    "range": 0.059669092297554016,
    "pct_positive": 0.0,
    "pct_negative": 100.0,
    "num_unique": 1188
  },
  "hidden_size": 10,
  "total_params": 10354,
  "diagnosed_at": "2025-10-21T13:20:36.566968"
}