{
  "evaluation_timestamp": "2025-10-22T23:16:57.416377",
  "statistical_metrics": {
    "mse": 1.178210973739624,
    "rmse": 1.0854542255401611,
    "mae": 0.7737387418746948,
    "mape": 162.39244937896729,
    "r2": -0.0012313127517700195,
    "mean_error": -0.0029336470179259777,
    "std_error": 1.085450291633606
  },
  "financial_metrics": {
    "directional_accuracy": 0.5296875,
    "sharpe_ratio": 0.7161639575965391,
    "max_drawdown": -0.25245991349220276,
    "total_return": 0.714536190032959,
    "hit_rate": 0.5015625,
    "num_trades": 1199,
    "precision": 0.5354462051709759,
    "recall": 0.9344978165938864,
    "f1_score": 0.6808059384941676,
    "confusion_matrix": [
      [
        36,
        557
      ],
      [
        45,
        642
      ]
    ],
    "auc_roc": 0.5073430684526659,
    "alpha": -0.20707190036773682
  },
  "residual_diagnostics": {
    "normality_p_value": 5.745637789299917e-40,
    "acf_lag1": -0.034807673490637035,
    "skewness": 0.09839576495334425,
    "kurtosis": 6.461729057317303
  },
  "checkpoint_used": "experiments/sweep_stale_h22_drop0.25_lr3/checkpoints/tft-epoch=02-val_loss=0.1241.ckpt"
}