{
  "evaluation_timestamp": "2025-10-27T12:05:36.984596",
  "statistical_metrics": {
    "mse": 1.178210973739624,
    "rmse": 1.0854542255401611,
    "mae": 0.7737387418746948,
    "mape": 162.3924970626831,
    "r2": -0.0012313127517700195,
    "mean_error": -0.002933720126748085,
    "std_error": 1.085450291633606
  },
  "financial_metrics": {
    "directional_accuracy": 0.5296875,
    "sharpe_ratio": 0.7161639575965391,
    "max_drawdown": -0.25245991349220276,
    "total_return": 0.714536190032959,
    "hit_rate": 0.5015625,
    "num_trades": 1199,
    "precision": 0.5354462051709759,
    "recall": 0.9344978165938864,
    "f1_score": 0.6808059384941676,
    "confusion_matrix": [
      [
        36,
        557
      ],
      [
        45,
        642
      ]
    ],
    "auc_roc": 0.5073430684526659,
    "alpha": -0.20707190036773682
  },
  "residual_diagnostics": {
    "normality_p_value": 5.745751584424978e-40,
    "acf_lag1": -0.034807666362741976,
    "skewness": 0.09839569176134326,
    "kurtosis": 6.461727142661635
  },
  "mode_stats": {
    "healthy_days": 115,
    "degraded_days": 34,
    "unidirectional_days": 940,
    "weak_collapse_days": 191,
    "strong_collapse_days": 0,
    "total_days": 1280,
    "healthy_pct": 8.984375,
    "degraded_pct": 2.65625,
    "unidirectional_pct": 73.4375,
    "weak_collapse_pct": 14.921875000000002,
    "strong_collapse_pct": 0.0
  },
  "collapse_detected": true,
  "degradation_detected": true,
  "checkpoint_used": "experiments/01_staleness_features_fixed/sweep_stale_h22_drop0.25_lr3/checkpoints/tft-epoch=02-val_loss=0.1241.ckpt"
}