{
  "experiment": "sweep2_h16_lr_0.0003",
  "collapsed": true,
  "collapse_type": "low_diversity",
  "predictions": {
    "mean": 0.0388045534491539,
    "std": 0.04924609884619713,
    "min": -0.11085072159767151,
    "max": 0.09965310990810394,
    "range": 0.21050383150577545,
    "pct_positive": 83.984375,
    "pct_negative": 16.015625,
    "num_unique": 1271
  },
  "hidden_size": 16,
  "total_params": 22615,
  "diagnosed_at": "2025-10-21T13:20:50.701185"
}