{
  "experiment": "sweep2_h16_enc_60",
  "collapsed": true,
  "collapse_type": "low_diversity",
  "predictions": {
    "mean": 0.04241590574383736,
    "std": 0.0490693673491478,
    "min": -0.09713472425937653,
    "max": 0.10081838816404343,
    "range": 0.19795310497283936,
    "pct_positive": 86.29032258064517,
    "pct_negative": 13.709677419354838,
    "num_unique": 1234
  },
  "hidden_size": 16,
  "total_params": 22615,
  "diagnosed_at": "2025-10-21T13:20:48.847700"
}