{
  "evaluation_timestamp": "2025-10-27T12:03:38.725836",
  "statistical_metrics": {
    "mse": 1.205917239189148,
    "rmse": 1.0981426239013672,
    "mae": 0.7850198149681091,
    "mape": 307.2011470794678,
    "r2": -0.02477586269378662,
    "mean_error": -0.17196965217590332,
    "std_error": 1.0845937728881836
  },
  "financial_metrics": {
    "directional_accuracy": 0.53671875,
    "sharpe_ratio": 0.8329736080938573,
    "max_drawdown": -0.2524605989456177,
    "total_return": 0.9216080904006958,
    "hit_rate": 0.53671875,
    "num_trades": 1280,
    "precision": 0.53671875,
    "recall": 1.0,
    "f1_score": 0.6985256736146417,
    "confusion_matrix": [
      [
        0,
        593
      ],
      [
        0,
        687
      ]
    ],
    "auc_roc": 0.4750325854032121,
    "alpha": 0.0
  },
  "residual_diagnostics": {
    "normality_p_value": 1.081856830193498e-39,
    "acf_lag1": -0.035947884089905714,
    "skewness": 0.056865478254088817,
    "kurtosis": 6.4678697641497
  },
  "mode_stats": {
    "healthy_days": 29,
    "degraded_days": 1,
    "unidirectional_days": 351,
    "weak_collapse_days": 814,
    "strong_collapse_days": 85,
    "total_days": 1280,
    "healthy_pct": 2.265625,
    "degraded_pct": 0.078125,
    "unidirectional_pct": 27.421875,
    "weak_collapse_pct": 63.59375000000001,
    "strong_collapse_pct": 6.640625
  },
  "collapse_detected": true,
  "degradation_detected": true,
  "checkpoint_used": "experiments/01_staleness_features_fixed/sweep_stale_h14_drop0.15_lr3/checkpoints/tft-epoch=05-val_loss=0.1541.ckpt"
}