{
  "evaluation_timestamp": "2025-10-30T03:25:58.465860",
  "statistical_metrics": {
    "mse": 1.1754271984100342,
    "rmse": 1.084171175956726,
    "mae": 0.773638129234314,
    "mape": 121.65533304214478,
    "r2": 0.001134335994720459,
    "mean_error": 0.01229985523968935,
    "std_error": 1.0841014385223389
  },
  "financial_metrics": {
    "directional_accuracy": 0.52734375,
    "sharpe_ratio": 0.7582330617427756,
    "max_drawdown": -0.18871672451496124,
    "total_return": 0.7096853256225586,
    "hit_rate": 0.41640625,
    "num_trades": 984,
    "precision": 0.5416666666666666,
    "recall": 0.7758369723435226,
    "f1_score": 0.6379413524835428,
    "confusion_matrix": [
      [
        142,
        451
      ],
      [
        154,
        533
      ]
    ],
    "auc_roc": 0.5000650480742088,
    "alpha": -0.2119227647781372
  },
  "residual_diagnostics": {
    "normality_p_value": 1.9344707681717994e-38,
    "acf_lag1": -0.025322264220312803,
    "skewness": -0.04319380583811059,
    "kurtosis": 6.185569885060209
  },
  "mode_stats": {
    "healthy_days": 630,
    "degraded_days": 397,
    "unidirectional_days": 252,
    "weak_collapse_days": 1,
    "strong_collapse_days": 0,
    "total_days": 1280,
    "healthy_pct": 49.21875,
    "degraded_pct": 31.015625000000004,
    "unidirectional_pct": 19.6875,
    "weak_collapse_pct": 0.078125,
    "strong_collapse_pct": 0.0
  },
  "collapse_detected": true,
  "degradation_detected": true,
  "checkpoint_used": "experiments/01_staleness_features_fixed/sweep_stale_h14_drop0.15_lr3/checkpoints/tft-epoch=76-val_loss=0.3997.ckpt"
}