{
  "evaluation_timestamp": "2025-10-22T23:15:29.663033",
  "statistical_metrics": {
    "mse": 1.2059173583984375,
    "rmse": 1.0981427431106567,
    "mae": 0.7850198149681091,
    "mape": 307.2011470794678,
    "r2": -0.02477586269378662,
    "mean_error": -0.1719696819782257,
    "std_error": 1.0845937728881836
  },
  "financial_metrics": {
    "directional_accuracy": 0.53671875,
    "sharpe_ratio": 0.8329736080938573,
    "max_drawdown": -0.2524605989456177,
    "total_return": 0.9216080904006958,
    "hit_rate": 0.53671875,
    "num_trades": 1280,
    "precision": 0.53671875,
    "recall": 1.0,
    "f1_score": 0.6985256736146417,
    "confusion_matrix": [
      [
        0,
        593
      ],
      [
        0,
        687
      ]
    ],
    "auc_roc": 0.47503135808105723,
    "alpha": 0.0
  },
  "residual_diagnostics": {
    "normality_p_value": 1.0818562892003065e-39,
    "acf_lag1": -0.035947889814004354,
    "skewness": 0.05686551913182364,
    "kurtosis": 6.4678697641497
  },
  "checkpoint_used": "experiments/sweep_stale_h14_drop0.15_lr3/checkpoints/tft-epoch=05-val_loss=0.1541.ckpt"
}