{
  "evaluation_timestamp": "2025-10-22T23:15:21.197677",
  "statistical_metrics": {
    "mse": 1.1770503520965576,
    "rmse": 1.0849195718765259,
    "mae": 0.7718808054924011,
    "mape": 161.43293380737305,
    "r2": -0.00024497509002685547,
    "mean_error": -0.014342566952109337,
    "std_error": 1.0848246812820435
  },
  "financial_metrics": {
    "directional_accuracy": 0.53671875,
    "sharpe_ratio": 0.8329736080938573,
    "max_drawdown": -0.2524605989456177,
    "total_return": 0.9216080904006958,
    "hit_rate": 0.53671875,
    "num_trades": 1280,
    "precision": 0.53671875,
    "recall": 1.0,
    "f1_score": 0.6985256736146417,
    "confusion_matrix": [
      [
        0,
        593
      ],
      [
        0,
        687
      ]
    ],
    "auc_roc": 0.5438141736071734,
    "alpha": 0.0
  },
  "residual_diagnostics": {
    "normality_p_value": 3.0363933480775543e-40,
    "acf_lag1": -0.035906094403221046,
    "skewness": 0.09471854178653547,
    "kurtosis": 6.536869695700373
  },
  "checkpoint_used": "experiments/sweep_stale_h12_drop0.30_lr3/checkpoints/tft-epoch=04-val_loss=0.1421.ckpt"
}