{
  "evaluation_timestamp": "2025-10-27T12:03:27.767787",
  "statistical_metrics": {
    "mse": 1.1770503520965576,
    "rmse": 1.0849195718765259,
    "mae": 0.7718808054924011,
    "mape": 161.43295764923096,
    "r2": -0.00024497509002685547,
    "mean_error": -0.014342591166496277,
    "std_error": 1.0848246812820435
  },
  "financial_metrics": {
    "directional_accuracy": 0.53671875,
    "sharpe_ratio": 0.8329736080938573,
    "max_drawdown": -0.2524605989456177,
    "total_return": 0.9216080904006958,
    "hit_rate": 0.53671875,
    "num_trades": 1280,
    "precision": 0.53671875,
    "recall": 1.0,
    "f1_score": 0.6985256736146417,
    "confusion_matrix": [
      [
        0,
        593
      ],
      [
        0,
        687
      ]
    ],
    "auc_roc": 0.5438117189628637,
    "alpha": 0.0
  },
  "residual_diagnostics": {
    "normality_p_value": 3.0363803412541715e-40,
    "acf_lag1": -0.03590609378719743,
    "skewness": 0.09471869080121939,
    "kurtosis": 6.536869829388234
  },
  "mode_stats": {
    "healthy_days": 29,
    "degraded_days": 1,
    "unidirectional_days": 649,
    "weak_collapse_days": 519,
    "strong_collapse_days": 82,
    "total_days": 1280,
    "healthy_pct": 2.265625,
    "degraded_pct": 0.078125,
    "unidirectional_pct": 50.70312500000001,
    "weak_collapse_pct": 40.546875,
    "strong_collapse_pct": 6.406249999999999
  },
  "collapse_detected": true,
  "degradation_detected": true,
  "checkpoint_used": "experiments/01_staleness_features_fixed/sweep_stale_h12_drop0.30_lr3/checkpoints/tft-epoch=04-val_loss=0.1421.ckpt"
}