{
  "evaluation_timestamp": "2025-10-30T03:25:11.760008",
  "statistical_metrics": {
    "mse": 1.1761279106140137,
    "rmse": 1.0844943523406982,
    "mae": 0.773583710193634,
    "mape": 141.45456552505493,
    "r2": 0.0005388259887695312,
    "mean_error": -0.022523943334817886,
    "std_error": 1.0842604637145996
  },
  "financial_metrics": {
    "directional_accuracy": 0.53671875,
    "sharpe_ratio": 0.8329736080938573,
    "max_drawdown": -0.2524605989456177,
    "total_return": 0.9216080904006958,
    "hit_rate": 0.53671875,
    "num_trades": 1280,
    "precision": 0.53671875,
    "recall": 1.0,
    "f1_score": 0.6985256736146417,
    "confusion_matrix": [
      [
        0,
        593
      ],
      [
        0,
        687
      ]
    ],
    "auc_roc": 0.4677582469912197,
    "alpha": 0.0
  },
  "residual_diagnostics": {
    "normality_p_value": 1.2108894388569193e-38,
    "acf_lag1": -0.030744372087534794,
    "skewness": -0.03314028136322651,
    "kurtosis": 6.241672924542629
  },
  "mode_stats": {
    "healthy_days": 30,
    "degraded_days": 0,
    "unidirectional_days": 1028,
    "weak_collapse_days": 33,
    "strong_collapse_days": 189,
    "total_days": 1280,
    "healthy_pct": 2.34375,
    "degraded_pct": 0.0,
    "unidirectional_pct": 80.3125,
    "weak_collapse_pct": 2.578125,
    "strong_collapse_pct": 14.765624999999998
  },
  "collapse_detected": true,
  "degradation_detected": true,
  "checkpoint_used": "experiments/01_staleness_features_fixed/sweep_stale_h12_drop0.30_lr3/checkpoints/tft-epoch=99-val_loss=0.4022.ckpt"
}