{
  "evaluation_timestamp": "2025-10-30T03:28:28.405774",
  "statistical_metrics": {
    "mse": 1.1759411096572876,
    "rmse": 1.084408164024353,
    "mae": 0.7728388905525208,
    "mape": 145.34000158309937,
    "r2": 0.0006976127624511719,
    "mean_error": -0.007585509214550257,
    "std_error": 1.0843816995620728
  },
  "financial_metrics": {
    "directional_accuracy": 0.53671875,
    "sharpe_ratio": 0.8329736080938573,
    "max_drawdown": -0.2524605989456177,
    "total_return": 0.9216080904006958,
    "hit_rate": 0.53671875,
    "num_trades": 1280,
    "precision": 0.53671875,
    "recall": 1.0,
    "f1_score": 0.6985256736146417,
    "confusion_matrix": [
      [
        0,
        593
      ],
      [
        0,
        687
      ]
    ],
    "auc_roc": 0.4814588442061803,
    "alpha": 0.0
  },
  "residual_diagnostics": {
    "normality_p_value": 1.499135542571279e-39,
    "acf_lag1": -0.035508564989428,
    "skewness": 0.0384930403455258,
    "kurtosis": 6.453447609413228
  },
  "mode_stats": {
    "healthy_days": 30,
    "degraded_days": 0,
    "unidirectional_days": 1203,
    "weak_collapse_days": 46,
    "strong_collapse_days": 1,
    "total_days": 1280,
    "healthy_pct": 2.34375,
    "degraded_pct": 0.0,
    "unidirectional_pct": 93.984375,
    "weak_collapse_pct": 3.5937499999999996,
    "strong_collapse_pct": 0.078125
  },
  "collapse_detected": true,
  "degradation_detected": true,
  "checkpoint_used": "experiments/01_staleness_features_fixed/sweep_stale_h16_drop0.25_lr3/checkpoints/tft-epoch=99-val_loss=0.3995.ckpt"
}