{
  "evaluation_timestamp": "2025-10-27T12:04:16.606371",
  "statistical_metrics": {
    "mse": 1.1784470081329346,
    "rmse": 1.0855629444122314,
    "mae": 0.7724112272262573,
    "mape": 152.8159737586975,
    "r2": -0.0014318227767944336,
    "mean_error": -0.014194639399647713,
    "std_error": 1.085470199584961
  },
  "financial_metrics": {
    "directional_accuracy": 0.5296875,
    "sharpe_ratio": 0.722048754544868,
    "max_drawdown": -0.2524605989456177,
    "total_return": 0.7346844673156738,
    "hit_rate": 0.5265625,
    "num_trades": 1263,
    "precision": 0.5336500395882818,
    "recall": 0.9810771470160117,
    "f1_score": 0.6912820512820512,
    "confusion_matrix": [
      [
        4,
        589
      ],
      [
        13,
        674
      ]
    ],
    "auc_roc": 0.5200679445544943,
    "alpha": -0.18692362308502197
  },
  "residual_diagnostics": {
    "normality_p_value": 1.252644562779035e-40,
    "acf_lag1": -0.035263802870558636,
    "skewness": 0.11420287759732818,
    "kurtosis": 6.584679037368854
  },
  "mode_stats": {
    "healthy_days": 41,
    "degraded_days": 63,
    "unidirectional_days": 903,
    "weak_collapse_days": 270,
    "strong_collapse_days": 3,
    "total_days": 1280,
    "healthy_pct": 3.2031249999999996,
    "degraded_pct": 4.921875,
    "unidirectional_pct": 70.546875,
    "weak_collapse_pct": 21.09375,
    "strong_collapse_pct": 0.234375
  },
  "collapse_detected": true,
  "degradation_detected": true,
  "checkpoint_used": "experiments/01_staleness_features_fixed/sweep_stale_h16_drop0.25_lr3/checkpoints/tft-epoch=01-val_loss=0.1392.ckpt"
}