{
  "evaluation_timestamp": "2025-10-22T23:15:57.256361",
  "statistical_metrics": {
    "mse": 1.1784470081329346,
    "rmse": 1.0855629444122314,
    "mae": 0.7724112272262573,
    "mape": 152.81589031219482,
    "r2": -0.0014318227767944336,
    "mean_error": -0.014194557443261147,
    "std_error": 1.085470199584961
  },
  "financial_metrics": {
    "directional_accuracy": 0.5296875,
    "sharpe_ratio": 0.722048754544868,
    "max_drawdown": -0.2524605989456177,
    "total_return": 0.7346844673156738,
    "hit_rate": 0.5265625,
    "num_trades": 1263,
    "precision": 0.5336500395882818,
    "recall": 0.9810771470160117,
    "f1_score": 0.6912820512820512,
    "confusion_matrix": [
      [
        4,
        589
      ],
      [
        13,
        674
      ]
    ],
    "auc_roc": 0.5200703991988042,
    "alpha": -0.18692362308502197
  },
  "residual_diagnostics": {
    "normality_p_value": 1.2526226954797054e-40,
    "acf_lag1": -0.03526380917975423,
    "skewness": 0.11420306401473058,
    "kurtosis": 6.584680411279718
  },
  "checkpoint_used": "experiments/sweep_stale_h16_drop0.25_lr3/checkpoints/tft-epoch=01-val_loss=0.1392.ckpt"
}