{
  "experiment": "sweep2_h16_enc_40",
  "collapsed": true,
  "collapse_type": "low_diversity",
  "predictions": {
    "mean": 0.05153116583824158,
    "std": 0.04633248969912529,
    "min": -0.08700897544622421,
    "max": 0.10841317474842072,
    "range": 0.19542214274406433,
    "pct_positive": 90.07936507936508,
    "pct_negative": 9.920634920634921,
    "num_unique": 1253
  },
  "hidden_size": 16,
  "total_params": 22615,
  "diagnosed_at": "2025-10-21T13:20:46.846825"
}