{
  "evaluation_timestamp": "2025-10-27T12:04:46.213286",
  "statistical_metrics": {
    "mse": 1.2025392055511475,
    "rmse": 1.096603512763977,
    "mae": 0.7835491895675659,
    "mape": 295.50979137420654,
    "r2": -0.021905183792114258,
    "mean_error": -0.16253662109375,
    "std_error": 1.0844911336898804
  },
  "financial_metrics": {
    "directional_accuracy": 0.53671875,
    "sharpe_ratio": 0.8329736080938573,
    "max_drawdown": -0.2524605989456177,
    "total_return": 0.9216080904006958,
    "hit_rate": 0.53671875,
    "num_trades": 1280,
    "precision": 0.53671875,
    "recall": 1.0,
    "f1_score": 0.6985256736146417,
    "confusion_matrix": [
      [
        0,
        593
      ],
      [
        0,
        687
      ]
    ],
    "auc_roc": 0.5179078575619,
    "alpha": 0.0
  },
  "residual_diagnostics": {
    "normality_p_value": 3.4778813463406462e-40,
    "acf_lag1": -0.036815784235512836,
    "skewness": 0.08371564136230455,
    "kurtosis": 6.544745498214617
  },
  "mode_stats": {
    "healthy_days": 29,
    "degraded_days": 0,
    "unidirectional_days": 222,
    "weak_collapse_days": 1029,
    "strong_collapse_days": 0,
    "total_days": 1280,
    "healthy_pct": 2.265625,
    "degraded_pct": 0.0,
    "unidirectional_pct": 17.34375,
    "weak_collapse_pct": 80.390625,
    "strong_collapse_pct": 0.0
  },
  "collapse_detected": true,
  "degradation_detected": true,
  "checkpoint_used": "experiments/01_staleness_features_fixed/sweep_stale_h18_drop0.25_lr5/checkpoints/tft-epoch=00-val_loss=0.0740.ckpt"
}