{
  "evaluation_timestamp": "2025-10-22T23:16:19.903968",
  "statistical_metrics": {
    "mse": 1.2025392055511475,
    "rmse": 1.096603512763977,
    "mae": 0.7835492491722107,
    "mape": 295.50976753234863,
    "r2": -0.021905183792114258,
    "mean_error": -0.16253662109375,
    "std_error": 1.0844911336898804
  },
  "financial_metrics": {
    "directional_accuracy": 0.53671875,
    "sharpe_ratio": 0.8329736080938573,
    "max_drawdown": -0.2524605989456177,
    "total_return": 0.9216080904006958,
    "hit_rate": 0.53671875,
    "num_trades": 1280,
    "precision": 0.53671875,
    "recall": 1.0,
    "f1_score": 0.6985256736146417,
    "confusion_matrix": [
      [
        0,
        593
      ],
      [
        0,
        687
      ]
    ],
    "auc_roc": 0.5179103122062098,
    "alpha": 0.0
  },
  "residual_diagnostics": {
    "normality_p_value": 3.4778791592263448e-40,
    "acf_lag1": -0.03681578516556857,
    "skewness": 0.08371567641031444,
    "kurtosis": 6.544745498214617
  },
  "checkpoint_used": "experiments/sweep_stale_h18_drop0.25_lr5/checkpoints/tft-epoch=00-val_loss=0.0740.ckpt"
}