{
  "evaluation_timestamp": "2025-10-30T03:30:22.288953",
  "statistical_metrics": {
    "mse": 1.175355315208435,
    "rmse": 1.084138035774231,
    "mae": 0.7732530832290649,
    "mape": 124.68332052230835,
    "r2": 0.001195371150970459,
    "mean_error": 0.0047744037583470345,
    "std_error": 1.08412766456604
  },
  "financial_metrics": {
    "directional_accuracy": 0.52890625,
    "sharpe_ratio": 0.8305074115212557,
    "max_drawdown": -0.21163783967494965,
    "total_return": 0.8968192338943481,
    "hit_rate": 0.5015625,
    "num_trades": 1200,
    "precision": 0.535,
    "recall": 0.9344978165938864,
    "f1_score": 0.6804451510333864,
    "confusion_matrix": [
      [
        35,
        558
      ],
      [
        45,
        642
      ]
    ],
    "auc_roc": 0.4899101845647057,
    "alpha": -0.024788856506347656
  },
  "residual_diagnostics": {
    "normality_p_value": 3.617562461991657e-39,
    "acf_lag1": -0.028297636388402183,
    "skewness": -0.018254924137984175,
    "kurtosis": 6.3745304563788245
  },
  "mode_stats": {
    "healthy_days": 549,
    "degraded_days": 101,
    "unidirectional_days": 601,
    "weak_collapse_days": 29,
    "strong_collapse_days": 0,
    "total_days": 1280,
    "healthy_pct": 42.890625,
    "degraded_pct": 7.890625,
    "unidirectional_pct": 46.953125,
    "weak_collapse_pct": 2.265625,
    "strong_collapse_pct": 0.0
  },
  "collapse_detected": true,
  "degradation_detected": true,
  "checkpoint_used": "experiments/01_staleness_features_fixed/sweep_stale_h18_drop0.25_lr5/checkpoints/tft-epoch=96-val_loss=0.3930.ckpt"
}