{
  "period_statistics": {
    "2020": {
      "n_samples": 92,
      "entropy_mean": 2.221370220184326,
      "entropy_std": 0.4469395577907562,
      "attention_concentration": 0.14305627346038818,
      "top_features": [
        [
          "t-1",
          0.2819420099258423
        ],
        [
          "t-2",
          0.17646995186805725
        ],
        [
          "t-3",
          0.11903277784585953
        ],
        [
          "t-4",
          0.08510924875736237
        ],
        [
          "t-5",
          0.06304909288883209
        ]
      ],
      "mean_attention": [
        0.006106674671173096,
        0.0072053223848342896,
        0.008266234770417213,
        0.009371627122163773,
        0.010502028279006481,
        0.011671791784465313,
        0.012913307175040245,
        0.0143027538433671,
        0.015942392870783806,
        0.01801356114447117,
        0.020750002935528755,
        0.024515490978956223,
        0.02971980907022953,
        0.037233866751194,
        0.04788213595747948,
        0.06304909288883209,
        0.08510924875736237,
        0.11903277784585953,
        0.17646995186805725,
        0.2819420099258423
      ],
      "std_attention": [
        0.0035189753398299217,
        0.004355644341558218,
        0.005442890804260969,
        0.006787626072764397,
        0.008250326849520206,
        0.009695990942418575,
        0.011020607315003872,
        0.012194905430078506,
        0.013266059570014477,
        0.014337318949401379,
        0.015513530932366848,
        0.017031216993927956,
        0.019055083394050598,
        0.02192610502243042,
        0.025541547685861588,
        0.029661277309060097,
        0.034256305545568466,
        0.03886352851986885,
        0.05966167524456978,
        0.15387433767318726
      ]
    },
    "2021": {
      "n_samples": 250,
      "entropy_mean": 2.380763292312622,
      "entropy_std": 0.3656364381313324,
      "attention_concentration": 0.12102556228637695,
      "top_features": [
        [
          "t-1",
          0.24177268147468567
        ],
        [
          "t-2",
          0.1658795326948166
        ],
        [
          "t-3",
          0.11910660564899445
        ],
        [
          "t-4",
          0.0884166806936264
        ],
        [
          "t-5",
          0.06691601872444153
        ]
      ],
      "mean_attention": [
        0.012849603779613972,
        0.013216100633144379,
        0.013133803382515907,
        0.013258309103548527,
        0.013630024157464504,
        0.014200998470187187,
        0.014909172430634499,
        0.01590035669505596,
        0.01727985218167305,
        0.01915591210126877,
        0.021896740421652794,
        0.02581055648624897,
        0.03156030923128128,
        0.03981786593794823,
        0.05128888785839081,
        0.06691601872444153,
        0.0884166806936264,
        0.11910660564899445,
        0.1658795326948166,
        0.24177268147468567
      ],
      "std_attention": [
        0.009941264055669308,
        0.010137155652046204,
        0.009817229583859444,
        0.009511537849903107,
        0.009382897987961769,
        0.009369474835693836,
        0.009405265562236309,
        0.009536045603454113,
        0.009792758151888847,
        0.01024058647453785,
        0.011092521250247955,
        0.01248758751899004,
        0.014930536039173603,
        0.019040139392018318,
        0.025016717612743378,
        0.03086247853934765,
        0.03678238391876221,
        0.04390660300850868,
        0.060662854462862015,
        0.11042498052120209
      ]
    },
    "2022": {
      "n_samples": 249,
      "entropy_mean": 1.7408736944198608,
      "entropy_std": 0.44305479526519775,
      "attention_concentration": 0.23423942923545837,
      "top_features": [
        [
          "t-1",
          0.394819974899292
        ],
        [
          "t-2",
          0.22457492351531982
        ],
        [
          "t-3",
          0.13196592032909393
        ],
        [
          "t-4",
          0.0792696475982666
        ],
        [
          "t-5",
          0.04880921170115471
        ]
      ],
      "mean_attention": [
        0.002835526829585433,
        0.0030546318739652634,
        0.003213288728147745,
        0.0033654996659606695,
        0.0035787399392575026,
        0.00380707741715014,
        0.004127776715904474,
        0.004513139370828867,
        0.005025815684348345,
        0.00586797297000885,
        0.007248728070408106,
        0.009569564834237099,
        0.013475987128913403,
        0.020037205889821053,
        0.030839530751109123,
        0.04880921170115471,
        0.0792696475982666,
        0.13196592032909393,
        0.22457492351531982,
        0.394819974899292
      ],
      "std_attention": [
        0.004686689469963312,
        0.0050156982615590096,
        0.005009561311453581,
        0.00511997239664197,
        0.005470659118145704,
        0.005872775800526142,
        0.006378211546689272,
        0.006795995868742466,
        0.007171445991843939,
        0.007772255223244429,
        0.008735298179090023,
        0.010361176915466785,
        0.01300638448446989,
        0.017146142199635506,
        0.022668559104204178,
        0.02931145392358303,
        0.03643208369612694,
        0.04314393177628517,
        0.0543767549097538,
        0.13992427289485931
      ]
    },
    "2023": {
      "n_samples": 249,
      "entropy_mean": 2.2968735694885254,
      "entropy_std": 0.18951097130775452,
      "attention_concentration": 0.14762970805168152,
      "top_features": [
        [
          "t-1",
          0.28407222032546997
        ],
        [
          "t-2",
          0.185501828789711
        ],
        [
          "t-3",
          0.12431678175926208
        ],
        [
          "t-4",
          0.08576837927103043
        ],
        [
          "t-5",
          0.060917045921087265
        ]
      ],
      "mean_attention": [
        0.010218163952231407,
        0.010041583329439163,
        0.009806233458220959,
        0.009823210537433624,
        0.010127266868948936,
        0.010696563869714737,
        0.011484741233289242,
        0.012510734610259533,
        0.013879022561013699,
        0.01570962555706501,
        0.018212078139185905,
        0.021692100912332535,
        0.026652593165636063,
        0.033896204084157944,
        0.04467366635799408,
        0.060917045921087265,
        0.08576837927103043,
        0.12431678175926208,
        0.185501828789711,
        0.28407222032546997
      ],
      "std_attention": [
        0.00738020334392786,
        0.007077341433614492,
        0.006484228651970625,
        0.0059596821665763855,
        0.0055631413124501705,
        0.005315294023603201,
        0.005230044946074486,
        0.005269239190965891,
        0.005474241450428963,
        0.005760728847235441,
        0.0061166551895439625,
        0.006680582650005817,
        0.007488870527595282,
        0.008657296188175678,
        0.010107915848493576,
        0.011907556094229221,
        0.014099227264523506,
        0.016687309369444847,
        0.02682064287364483,
        0.053742870688438416
      ]
    },
    "2024": {
      "n_samples": 250,
      "entropy_mean": 2.3568294048309326,
      "entropy_std": 0.17597314715385437,
      "attention_concentration": 0.131212055683136,
      "top_features": [
        [
          "t-1",
          0.2553132176399231
        ],
        [
          "t-2",
          0.17506471276283264
        ],
        [
          "t-3",
          0.12329394370317459
        ],
        [
          "t-4",
          0.08886810392141342
        ],
        [
          "t-5",
          0.06595350801944733
        ]
      ],