{
  "period_statistics": {
    "2020": {
      "n_samples": 92,
      "entropy_mean": 2.9708633422851562,
      "entropy_std": 0.00756037887185812,
      "attention_concentration": 0.05220615491271019,
      "top_features": [
        [
          "t-20",
          0.07011179625988007
        ],
        [
          "t-19",
          0.06494218111038208
        ],
        [
          "t-18",
          0.06178140267729759
        ],
        [
          "t-17",
          0.05991005524992943
        ],
        [
          "t-16",
          0.05864068120718002
        ]
      ],
      "mean_attention": [
        0.07011179625988007,
        0.06494218111038208,
        0.06178140267729759,
        0.05991005524992943,
        0.05864068120718002,
        0.05759277194738388,
        0.05647719278931618,
        0.05520764738321304,
        0.05369705706834793,
        0.05198899656534195,
        0.0500757209956646,
        0.048002418130636215,
        0.045840632170438766,
        0.043642688542604446,
        0.041501641273498535,
        0.0394708514213562,
        0.03758780658245087,
        0.03589750826358795,
        0.0344327874481678,
        0.03319817781448364
      ],
      "std_attention": [
        0.00531097874045372,
        0.0047883824445307255,
        0.004333269316703081,
        0.004030484240502119,
        0.003843388520181179,
        0.0037207689601927996,
        0.003650856437161565,
        0.003599699353799224,
        0.0035591700579971075,
        0.0035075643099844456,
        0.0034426222555339336,
        0.0033633799757808447,
        0.0032716654241085052,
        0.0031698967795819044,
        0.0030436087399721146,
        0.0029121171683073044,
        0.002766059711575508,
        0.002618140308186412,
        0.0024906108155846596,
        0.002379444194957614
      ]
    },
    "2021": {
      "n_samples": 250,
      "entropy_mean": 2.9672632217407227,
      "entropy_std": 0.01260402612388134,
      "attention_concentration": 0.052464958280324936,
      "top_features": [
        [
          "t-20",
          0.07414087653160095
        ],
        [
          "t-19",
          0.06756483018398285
        ],
        [
          "t-18",
          0.06365374475717545
        ],
        [
          "t-17",
          0.06106194108724594
        ],
        [
          "t-16",
          0.05908765643835068
        ]
      ],
      "mean_attention": [
        0.07414087653160095,
        0.06756483018398285,
        0.06365374475717545,
        0.06106194108724594,
        0.05908765643835068,
        0.05733572691679001,
        0.05559511482715607,
        0.05381419137120247,
        0.05196354165673256,
        0.050039373338222504,
        0.04809092357754707,
        0.046159084886312485,
        0.044274937361478806,
        0.042486522346735,
        0.04080760106444359,
        0.03925789147615433,
        0.03785715997219086,
        0.036618735641241074,
        0.03554781898856163,
        0.03464232012629509
      ],
      "std_attention": [
        0.008649780414998531,
        0.007213837932795286,
        0.006435822695493698,
        0.005919495597481728,
        0.005522548221051693,
        0.005167911760509014,
        0.00480868062004447,
        0.004439269658178091,
        0.004090189468115568,
        0.0037708876188844442,
        0.0035045791883021593,
        0.003324171295389533,
        0.0032389480620622635,
        0.003228500485420227,
        0.003295514266937971,
        0.003383742878213525,
        0.0034799701534211636,
        0.0035533772315829992,
        0.003595636459067464,
        0.003619301598519087
      ]
    },
    "2022": {
      "n_samples": 249,
      "entropy_mean": 2.9773993492126465,
      "entropy_std": 0.008584456518292427,
      "attention_concentration": 0.051672253757715225,
      "top_features": [
        [
          "t-20",
          0.07236791402101517
        ],
        [
          "t-19",
          0.0651806890964508
        ],
        [
          "t-18",
          0.061175599694252014
        ],
        [
          "t-17",
          0.058658625930547714
        ],
        [
          "t-16",
          0.05677393078804016
        ]
      ],
      "mean_attention": [
        0.07236791402101517,
        0.0651806890964508,
        0.061175599694252014,
        0.058658625930547714,
        0.05677393078804016,
        0.055120714008808136,
        0.05356957018375397,
        0.052043039351701736,
        0.050568968057632446,
        0.049144066870212555,
        0.04775732755661011,
        0.046426039189100266,
        0.04515925422310829,
        0.04394460842013359,
        0.042799949645996094,
        0.0417211651802063,
        0.04070885106921196,
        0.039773374795913696,
        0.038925621658563614,
        0.03818071261048317
      ],
      "std_attention": [
        0.005122216884046793,
        0.004828424192965031,
        0.004428757354617119,
        0.003972119651734829,
        0.0035623160656541586,
        0.0032028036657720804,
        0.002924757543951273,
        0.002717965515330434,
        0.0025806475896388292,
        0.002498988062143326,
        0.002462399424985051,
        0.0024694802705198526,
        0.0025140075013041496,
        0.0025942272040992975,
        0.0027028650511056185,
        0.0028279435355216265,
        0.002962650265544653,
        0.003105518873780966,
        0.003257355885580182,
        0.003416102845221758
      ]
    },
    "2023": {
      "n_samples": 249,
      "entropy_mean": 2.9734888076782227,
      "entropy_std": 0.00934678502380848,
      "attention_concentration": 0.05209856480360031,
      "top_features": [
        [
          "t-20",
          0.0729457437992096
        ],
        [
          "t-19",
          0.06696783006191254
        ],
        [
          "t-18",
          0.06326493620872498
        ],
        [
          "t-17",
          0.06058822572231293
        ],
        [
          "t-16",
          0.0583965927362442
        ]
      ],
      "mean_attention": [
        0.0729457437992096,
        0.06696783006191254,
        0.06326493620872498,
        0.06058822572231293,
        0.0583965927362442,
        0.056416481733322144,
        0.05453212186694145,
        0.0527084618806839,
        0.050907351076602936,
        0.0491437129676342,
        0.04744537174701691,
        0.045818768441677094,
        0.04428122192621231,
        0.04284236952662468,
        0.04151130095124245,
        0.04030713438987732,
        0.039237868040800095,
        0.03830674663186073,
        0.037515413016080856,
        0.03686238080263138
      ],
      "std_attention": [
        0.007275634445250034,
        0.005475576035678387,
        0.004508028272539377,
        0.0038282398600131273,
        0.0032596031669527292,
        0.002773280255496502,
        0.002400920959189534,
        0.002138284267857671,
        0.002005454385653138,
        0.0019481866620481014,
        0.001965348608791828,
        0.0020234626717865467,
        0.0020918045192956924,
        0.0021485895849764347,
        0.002200349932536483,
        0.0022513826843351126,
        0.0022784650791436434,
        0.0022846285719424486,
        0.00227750395424664,
        0.0022646591532975435
      ]
    },
    "2024": {
      "n_samples": 250,
      "entropy_mean": 2.975778579711914,
      "entropy_std": 0.015380767174065113,
      "attention_concentration": 0.05162106454372406,
      "top_features": [
        [
          "t-20",
          0.06936516612768173
        ],
        [
          "t-19",
          0.06453957408666611
        ],
        [
          "t-18",
          0.06158553808927536
        ],
        [
          "t-17",
          0.059417784214019775
        ],
        [
          "t-16",
          0.05760670453310013
        ]
      ],