{
  "experiment": "sweep2_h16_drop_0.3",
  "collapsed": false,
  "collapse_type": null,
  "predictions": {
    "mean": 0.10342748463153839,
    "std": 0.05129643902182579,
    "min": -0.04990813881158829,
    "max": 0.16580355167388916,
    "range": 0.21571168303489685,
    "pct_positive": 92.265625,
    "pct_negative": 7.734375,
    "num_unique": 1275
  },
  "hidden_size": 16,
  "total_params": 22615,
  "diagnosed_at": "2025-10-21T13:20:43.118044"
}