{
  "evaluation_timestamp": "2025-10-30T03:26:43.189295",
  "statistical_metrics": {
    "mse": 1.1740367412567139,
    "rmse": 1.0835297107696533,
    "mae": 0.7725237607955933,
    "mape": 126.9149899482727,
    "r2": 0.0023158788681030273,
    "mean_error": -0.0032514811027795076,
    "std_error": 1.0835249423980713
  },
  "financial_metrics": {
    "directional_accuracy": 0.53125,
    "sharpe_ratio": 0.8614027876957208,
    "max_drawdown": -0.22871913015842438,
    "total_return": 0.9461504220962524,
    "hit_rate": 0.51328125,
    "num_trades": 1227,
    "precision": 0.5354523227383863,
    "recall": 0.9563318777292577,
    "f1_score": 0.6865203761755486,
    "confusion_matrix": [
      [
        23,
        570
      ],
      [
        30,
        657
      ]
    ],
    "auc_roc": 0.49716611314437475,
    "alpha": 0.02454233169555664
  },
  "residual_diagnostics": {
    "normality_p_value": 1.353918822190104e-38,
    "acf_lag1": -0.02790361212135756,
    "skewness": -0.014442888605125293,
    "kurtosis": 6.240068550353552
  },
  "mode_stats": {
    "healthy_days": 338,
    "degraded_days": 92,
    "unidirectional_days": 805,
    "weak_collapse_days": 45,
    "strong_collapse_days": 0,
    "total_days": 1280,
    "healthy_pct": 26.406249999999996,
    "degraded_pct": 7.187499999999999,
    "unidirectional_pct": 62.890625,
    "weak_collapse_pct": 3.515625,
    "strong_collapse_pct": 0.0
  },
  "collapse_detected": true,
  "degradation_detected": true,
  "checkpoint_used": "experiments/01_staleness_features_fixed/sweep_stale_h14_drop0.25_lr3/checkpoints/tft-epoch=93-val_loss=0.3990.ckpt"
}