{
  "evaluation_timestamp": "2025-10-22T23:15:37.371526",
  "statistical_metrics": {
    "mse": 1.2176008224487305,
    "rmse": 1.1034494638442993,
    "mae": 0.7903162837028503,
    "mape": 338.5552644729614,
    "r2": -0.03470444679260254,
    "mean_error": -0.20270998775959015,
    "std_error": 1.0846701860427856
  },
  "financial_metrics": {
    "directional_accuracy": 0.53671875,
    "sharpe_ratio": 0.8329736080938573,
    "max_drawdown": -0.2524605989456177,
    "total_return": 0.9216080904006958,
    "hit_rate": 0.53671875,
    "num_trades": 1280,
    "precision": 0.53671875,
    "recall": 1.0,
    "f1_score": 0.6985256736146417,
    "confusion_matrix": [
      [
        0,
        593
      ],
      [
        0,
        687
      ]
    ],
    "auc_roc": 0.4738138545034132,
    "alpha": 0.0
  },
  "residual_diagnostics": {
    "normality_p_value": 1.0240583747134393e-39,
    "acf_lag1": -0.03590150723861817,
    "skewness": 0.05848854137380942,
    "kurtosis": 6.4715177092441625
  },
  "checkpoint_used": "experiments/sweep_stale_h14_drop0.25_lr3/checkpoints/tft-epoch=05-val_loss=0.1607.ckpt"
}