{
  "evaluation_timestamp": "2025-10-27T12:03:49.633051",
  "statistical_metrics": {
    "mse": 1.2176008224487305,
    "rmse": 1.1034494638442993,
    "mae": 0.7903162240982056,
    "mape": 338.5551929473877,
    "r2": -0.03470444679260254,
    "mean_error": -0.20270995795726776,
    "std_error": 1.0846701860427856
  },
  "financial_metrics": {
    "directional_accuracy": 0.53671875,
    "sharpe_ratio": 0.8329736080938573,
    "max_drawdown": -0.2524605989456177,
    "total_return": 0.9216080904006958,
    "hit_rate": 0.53671875,
    "num_trades": 1280,
    "precision": 0.53671875,
    "recall": 1.0,
    "f1_score": 0.6985256736146417,
    "confusion_matrix": [
      [
        0,
        593
      ],
      [
        0,
        687
      ]
    ],
    "auc_roc": 0.47381017253694846,
    "alpha": 0.0
  },
  "residual_diagnostics": {
    "normality_p_value": 1.0240576977863106e-39,
    "acf_lag1": -0.03590151140131077,
    "skewness": 0.05848859391978616,
    "kurtosis": 6.4715177092441625
  },
  "mode_stats": {
    "healthy_days": 29,
    "degraded_days": 1,
    "unidirectional_days": 260,
    "weak_collapse_days": 934,
    "strong_collapse_days": 56,
    "total_days": 1280,
    "healthy_pct": 2.265625,
    "degraded_pct": 0.078125,
    "unidirectional_pct": 20.3125,
    "weak_collapse_pct": 72.96875,
    "strong_collapse_pct": 4.375
  },
  "collapse_detected": true,
  "degradation_detected": true,
  "checkpoint_used": "experiments/01_staleness_features_fixed/sweep_stale_h14_drop0.25_lr3/checkpoints/tft-epoch=05-val_loss=0.1607.ckpt"
}