{
  "period_statistics": {
    "2020": {
      "n_samples": 92,
      "entropy_mean": 2.980664014816284,
      "entropy_std": 0.004919069819152355,
      "attention_concentration": 0.05001629516482353,
      "top_features": [
        [
          "t-1",
          0.05185931548476219
        ],
        [
          "t-2",
          0.051565103232860565
        ],
        [
          "t-3",
          0.05129353329539299
        ],
        [
          "t-4",
          0.051059748977422714
        ],
        [
          "t-5",
          0.05085832625627518
        ]
      ],
      "mean_attention": [
        0.04934065416455269,
        0.048846665769815445,
        0.048736874014139175,
        0.04902784898877144,
        0.04926205798983574,
        0.04940123111009598,
        0.04949019104242325,
        0.04954495653510094,
        0.04960641264915466,
        0.049645308405160904,
        0.049691177904605865,
        0.04975668340921402,
        0.049831707030534744,
        0.05049789324402809,
        0.050684329122304916,
        0.05085832625627518,
        0.051059748977422714,
        0.05129353329539299,
        0.051565103232860565,
        0.05185931548476219
      ],
      "std_attention": [
        0.009363239631056786,
        0.008504911325871944,
        0.008583271875977516,
        0.008700935170054436,
        0.00882604718208313,
        0.008905175141990185,
        0.008941107429564,
        0.008979331701993942,
        0.00900168064981699,
        0.009023692458868027,
        0.00904428493231535,
        0.009077059105038643,
        0.009059354662895203,
        0.010328606702387333,
        0.010362019762396812,
        0.010442251339554787,
        0.01049367431551218,
        0.010598479770123959,
        0.01071453932672739,
        0.010868515819311142
      ]
    },
    "2021": {
      "n_samples": 250,
      "entropy_mean": 2.970900535583496,
      "entropy_std": 0.00914384052157402,
      "attention_concentration": 0.050037238746881485,
      "top_features": [
        [
          "t-1",
          0.05255555734038353
        ],
        [
          "t-2",
          0.052202820777893066
        ],
        [
          "t-3",
          0.05185173451900482
        ],
        [
          "t-4",
          0.05151810124516487
        ],
        [
          "t-5",
          0.051201701164245605
        ]
      ],
      "mean_attention": [
        0.04778451472520828,
        0.0480198934674263,
        0.0482100173830986,
        0.04857974871993065,
        0.048870477825403214,
        0.04910334199666977,
        0.04927888512611389,
        0.049435798078775406,
        0.04958990588784218,
        0.04974771663546562,
        0.049929339438676834,
        0.05014469102025032,
        0.05038773640990257,
        0.05066470056772232,
        0.05092339590191841,
        0.051201701164245605,
        0.05151810124516487,
        0.05185173451900482,
        0.052202820777893066,
        0.05255555734038353
      ],
      "std_attention": [
        0.011317264288663864,
        0.011825990863144398,
        0.011836986057460308,
        0.011941403150558472,
        0.012008396908640862,
        0.012066107243299484,
        0.012121510691940784,
        0.01214114110916853,
        0.01216877531260252,
        0.012202122248709202,
        0.01226832251995802,
        0.012359371408820152,
        0.012468856759369373,
        0.012696773745119572,
        0.01280622836202383,
        0.012919466011226177,
        0.01311211846768856,
        0.013284832239151001,
        0.013533757999539375,
        0.013697311282157898
      ]
    },
    "2022": {
      "n_samples": 249,
      "entropy_mean": 2.978285312652588,
      "entropy_std": 0.007495144847780466,
      "attention_concentration": 0.0500568151473999,
      "top_features": [
        [
          "t-1",
          0.053161367774009705
        ],
        [
          "t-2",
          0.052699554711580276
        ],
        [
          "t-3",
          0.05225792154669762
        ],
        [
          "t-4",
          0.05184837058186531
        ],
        [
          "t-5",
          0.05147036537528038
        ]
      ],
      "mean_attention": [
        0.0469919815659523,
        0.04739925637841225,
        0.047860193997621536,
        0.048354219645261765,
        0.04872460663318634,
        0.04897771403193474,
        0.04918955639004707,
        0.049382418394088745,
        0.04956366866827011,
        0.04976770654320717,
        0.0499936081469059,
        0.050228483974933624,
        0.05048380047082901,
        0.050542864948511124,
        0.05110235884785652,
        0.05147036537528038,
        0.05184837058186531,
        0.05225792154669762,
        0.052699554711580276,
        0.053161367774009705
      ],
      "std_attention": [
        0.009092293679714203,
        0.009698706679046154,
        0.009867078624665737,
        0.009989163838326931,
        0.010048161260783672,
        0.010064954869449139,
        0.010056651197373867,
        0.010043068788945675,
        0.010028732009232044,
        0.010062279179692268,
        0.010096675716340542,
        0.010108311660587788,
        0.010139541700482368,
        0.009650690481066704,
        0.010437076911330223,
        0.01058953907340765,
        0.010759483091533184,
        0.010950474068522453,
        0.011172080412507057,
        0.01140251662582159
      ]
    },
    "2023": {
      "n_samples": 249,
      "entropy_mean": 2.915742874145508,
      "entropy_std": 0.04220890626311302,
      "attention_concentration": 0.050007931888103485,
      "top_features": [
        [
          "t-1",
          0.051239851862192154
        ],
        [
          "t-2",
          0.051175717264413834
        ],
        [
          "t-3",
          0.05096960440278053
        ],
        [
          "t-4",
          0.050797197967767715
        ],
        [
          "t-5",
          0.050637513399124146
        ]
      ],
      "mean_attention": [
        0.04902195557951927,
        0.049081820994615555,
        0.04927343502640724,
        0.04949992522597313,
        0.04963358864188194,
        0.04970806464552879,
        0.04974475875496864,
        0.04975663125514984,
        0.049783263355493546,
        0.04983502998948097,
        0.04987560957670212,
        0.04992074519395828,
        0.049992889165878296,
        0.05009448155760765,
        0.049957938492298126,
        0.050637513399124146,
        0.050797197967767715,
        0.05096960440278053,
        0.051175717264413834,
        0.051239851862192154
      ],
      "std_attention": [
        0.021631291136145592,
        0.0234982892870903,
        0.023730067536234856,
        0.02402898296713829,
        0.024215316399931908,
        0.02434348501265049,
        0.024452801793813705,
        0.024539301171898842,
        0.024612203240394592,
        0.02471705712378025,
        0.024784578010439873,
        0.024859046563506126,
        0.024964550510048866,
        0.0251451525837183,
        0.025041906163096428,
        0.026647763326764107,
        0.02684377320110798,
        0.027069753035902977,
        0.027417950332164764,
        0.026902347803115845
      ]
    },
    "2024": {
      "n_samples": 250,
      "entropy_mean": 2.908806800842285,
      "entropy_std": 0.03839041665196419,
      "attention_concentration": 0.05001717805862427,
      "top_features": [
        [
          "t-1",
          0.05161895602941513
        ],
        [
          "t-2",
          0.05138787254691124
        ],
        [
          "t-6",
          0.05114511027932167
        ],
        [
          "t-3",
          0.05113693326711655
        ],
        [
          "t-4",
          0.050936467945575714
        ]
      ],