{
  "period_statistics": {
    "2020": {
      "n_samples": 92,
      "entropy_mean": 2.98561692237854,
      "entropy_std": 0.010526705533266068,
      "attention_concentration": 0.05003857612609863,
      "top_features": [
        [
          "t-1",
          0.05117051675915718
        ],
        [
          "t-2",
          0.05100260674953461
        ],
        [
          "t-3",
          0.050847478210926056
        ],
        [
          "t-4",
          0.05074271932244301
        ],
        [
          "t-5",
          0.050665631890296936
        ]
      ],
      "mean_attention": [
        0.04534374177455902,
        0.04708128049969673,
        0.04860555753111839,
        0.04973161220550537,
        0.05033436417579651,
        0.050563517957925797,
        0.05058932676911354,
        0.05051243305206299,
        0.05045204237103462,
        0.050363343209028244,
        0.050305191427469254,
        0.050284888595342636,
        0.050284188240766525,
        0.05051296576857567,
        0.05060667544603348,
        0.050665631890296936,
        0.05074271932244301,
        0.050847478210926056,
        0.05100260674953461,
        0.05117051675915718
      ],
      "std_attention": [
        0.006968236528337002,
        0.00703147379681468,
        0.007181302644312382,
        0.0071114469319581985,
        0.006907276343554258,
        0.006669773254543543,
        0.006480854470282793,
        0.006349956151098013,
        0.006313125602900982,
        0.006300750188529491,
        0.006351557560265064,
        0.006463188678026199,
        0.00660088611766696,
        0.006969556678086519,
        0.00718244444578886,
        0.007469679228961468,
        0.007845147512853146,
        0.008336585946381092,
        0.008977928198873997,
        0.00970563106238842
      ]
    },
    "2021": {
      "n_samples": 250,
      "entropy_mean": 2.981106996536255,
      "entropy_std": 0.02184833399951458,
      "attention_concentration": 0.05004623904824257,
      "top_features": [
        [
          "t-1",
          0.05151740461587906
        ],
        [
          "t-2",
          0.05126228556036949
        ],
        [
          "t-3",
          0.05102613568305969
        ],
        [
          "t-4",
          0.05082017555832863
        ],
        [
          "t-5",
          0.05068833380937576
        ]
      ],
      "mean_attention": [
        0.04503495246171951,
        0.04690266773104668,
        0.04830429330468178,
        0.0493568554520607,
        0.050021469593048096,
        0.0503898561000824,
        0.050519783049821854,
        0.05054464563727379,
        0.0505216084420681,
        0.05046715587377548,
        0.050447527319192886,
        0.05046703666448593,
        0.0505431592464447,
        0.05055886507034302,
        0.050605859607458115,
        0.05068833380937576,
        0.05082017555832863,
        0.05102613568305969,
        0.05126228556036949,
        0.05151740461587906
      ],
      "std_attention": [
        0.007094922941178083,
        0.007944204844534397,
        0.008309046737849712,
        0.008363782428205013,
        0.008308951742947102,
        0.008178921416401863,
        0.00808343943208456,
        0.007986982353031635,
        0.007937979884445667,
        0.007941034622490406,
        0.007996875792741776,
        0.008080069907009602,
        0.008236757479608059,
        0.008373727090656757,
        0.008634660392999649,
        0.009038519114255905,
        0.009512213990092278,
        0.01047291699796915,
        0.011751656420528889,
        0.01309810671955347
      ]
    },
    "2022": {
      "n_samples": 249,
      "entropy_mean": 2.942331314086914,
      "entropy_std": 0.0404229573905468,
      "attention_concentration": 0.05029742047190666,
      "top_features": [
        [
          "t-1",
          0.05740705505013466
        ],
        [
          "t-2",
          0.0559815987944603
        ],
        [
          "t-3",
          0.054814163595438004
        ],
        [
          "t-4",
          0.05377267673611641
        ],
        [
          "t-5",
          0.052879463881254196
        ]
      ],
      "mean_attention": [
        0.04088431969285011,
        0.04393470659852028,
        0.04603962600231171,
        0.04733912646770477,
        0.04801312834024429,
        0.04832557961344719,
        0.048587966710329056,
        0.048877403140068054,
        0.0491224080324173,
        0.049439165741205215,
        0.049861256033182144,
        0.0503397136926651,
        0.050838273018598557,
        0.051431573927402496,
        0.05211078003048897,
        0.052879463881254196,
        0.05377267673611641,
        0.054814163595438004,
        0.0559815987944603,
        0.05740705505013466
      ],
      "std_attention": [
        0.01668688654899597,
        0.017403295263648033,
        0.01719416119158268,
        0.016286496073007584,
        0.015204929746687412,
        0.014228584244847298,
        0.013534055091440678,
        0.013156154192984104,
        0.012934964150190353,
        0.012884951196610928,
        0.01310748141258955,
        0.013536510989069939,
        0.01408679224550724,
        0.014963450841605663,
        0.015764903277158737,
        0.016869131475687027,
        0.018478481099009514,
        0.02047319896519184,
        0.022673707455396652,
        0.025759417563676834
      ]
    },
    "2023": {
      "n_samples": 249,
      "entropy_mean": 2.9876365661621094,
      "entropy_std": 0.007907787337899208,
      "attention_concentration": 0.05001673102378845,
      "top_features": [
        [
          "t-14",
          0.0512176975607872
        ],
        [
          "t-15",
          0.05118182301521301
        ],
        [
          "t-13",
          0.051075924187898636
        ],
        [
          "t-16",
          0.05092981085181236
        ],
        [
          "t-12",
          0.05090860277414322
        ]
      ],
      "mean_attention": [
        0.047450944781303406,
        0.04870246350765228,
        0.049625214189291,
        0.05042506381869316,
        0.05092981085181236,
        0.05118182301521301,
        0.0512176975607872,
        0.051075924187898636,
        0.05090860277414322,
        0.05073080584406853,
        0.050506096333265305,
        0.05027876794338226,
        0.05006556585431099,
        0.049882810562849045,
        0.04972561448812485,
        0.049637239426374435,
        0.04954439774155617,
        0.049452610313892365,
        0.049368858337402344,
        0.049289725720882416
      ],
      "std_attention": [
        0.006173128727823496,
        0.006352233700454235,
        0.0064301872625947,
        0.0064667752012610435,
        0.00638757087290287,
        0.006291623692959547,
        0.006184138357639313,
        0.006029164884239435,
        0.005998744163662195,
        0.0059997038915753365,
        0.0060037910006940365,
        0.00603061867877841,
        0.006098979618400335,
        0.006199204362928867,
        0.006363361142575741,
        0.006603522691875696,
        0.006848196964710951,
        0.0071266526356339455,
        0.007527934852987528,
        0.007925217039883137
      ]
    },
    "2024": {
      "n_samples": 250,
      "entropy_mean": 2.978731393814087,
      "entropy_std": 0.04495987296104431,
      "attention_concentration": 0.050022345036268234,
      "top_features": [
        [
          "t-1",
          0.05146633833646774
        ],
        [
          "t-2",
          0.05126842111349106
        ],
        [
          "t-3",
          0.051102761179208755
        ],
        [
          "t-4",
          0.05099207162857056
        ],
        [
          "t-5",
          0.05088119953870773
        ]
      ],