
[INFO] Using AUTO device selection.

[INFO] Patched matplotlib.Axes.errorbar to abs() negative yerr for robustness.
======================================================================
Training TFT: 12c_h1_rolling/macro_heavy_daily_h1_h18/fold_2021
======================================================================
Logging to: experiments/12c_h1_rolling/macro_heavy_daily_h1_h18/fold_2021/training_20251214_022934.log
Started at: 2025-12-14 02:29:34
======================================================================

Loading data splits...
Train: 2467 samples
Val: 221 samples
Test: 220 samples

Preparing TimeSeriesDataSet...

Dropping source columns (used for staleness only): ['CPI']

Final features for TFT: ['SP500_Returns', 'VIX', 'Inflation_YoY', 'Unemployment', 'Fed_Rate', 'Consumer_Sentiment', 'Industrial_Production', 'cumret_5', 'cumret_10', 'cumret_20', 'cumret_30']

======================================================================
FEATURE STATISTICS - BEFORE NORMALIZATION
======================================================================
VIX                             mean= 16.8970  std=  5.6491  min=  9.1400  max= 48.0000
Inflation_YoY                   mean=  1.7937  std=  0.8734  min= -0.2176  max=  3.9849
Unemployment                    mean=  6.3265  std=  2.0680  min=  3.5000  max= 10.0000
Fed_Rate                        mean=  0.5891  std=  0.7504  min=  0.0700  max=  2.4200
Consumer_Sentiment              mean= 85.1742  std= 11.1820  min= 55.8000  max=100.7000
Industrial_Production           mean=102.2722  std=  5.2183  min= 92.5354  max=110.4750

======================================================================
TARGET CONFIGURATION
======================================================================
Target variable: SP500_Returns
  Mode: Point return prediction (single-step)
  Target stats: mean=0.0457, std=0.9334
  Dropping unused cumret columns: ['cumret_5', 'cumret_10', 'cumret_20', 'cumret_30']
======================================================================

======================================================================
FEATURES AFTER GROUPNORMALIZER (first batch, last timestep)
======================================================================
VIX                             normalized_value=  1.0000
Inflation_YoY                   normalized_value= -0.0500
Unemployment                    normalized_value= -0.9042
Fed_Rate                        normalized_value=  1.1972
Consumer_Sentiment              normalized_value= -0.7867
Industrial_Production           normalized_value=  0.2678
======================================================================

Configuration saved to: experiments/12c_h1_rolling/macro_heavy_daily_h1_h18/fold_2021/config.json
[DEBUG] VIX train values: [20.04 19.35 19.16 19.06 18.13]
[DEBUG] VIX val values: [12.47 14.02 13.85 13.79 13.45]
Batches per epoch: 38
[DEBUG] Validation batches: 4
[DEBUG] Validation dataset size: 201
[DEBUG] Batch size: 64

Initializing model...

Quantile configuration: 7q
  Quantiles: [0.02, 0.1, 0.25, 0.5, 0.75, 0.9, 0.98]
  Output size: 7
  Median index: 3

Using standard QuantileLoss (no penalties)

[REGIME OUTPUT] Disabled (using baseline output layer)

[STALENESS ATTENTION] Disabled

================================================================================
BASELINE MODEL FEATURE CONFIGURATION (after from_dataset)
================================================================================
tft.hparams.time_varying_reals_encoder: ['relative_time_idx', 'VIX', 'Inflation_YoY', 'Unemployment', 'Fed_Rate', 'Consumer_Sentiment', 'Industrial_Production']
  Count: 7

tft.hparams.time_varying_reals_decoder: ['relative_time_idx']
  Count: 1

tft.hparams.x_reals (all reals passed to model): ['encoder_length', 'relative_time_idx', 'VIX', 'Inflation_YoY', 'Unemployment', 'Fed_Rate', 'Consumer_Sentiment', 'Industrial_Production']
  Count: 8

Encoder VSN configuration:
  num_inputs: 7
  input_sizes: {'relative_time_idx': 16, 'VIX': 16, 'Inflation_YoY': 16, 'Unemployment': 16, 'Fed_Rate': 16, 'Consumer_Sentiment': 16, 'Industrial_Production': 16}
  flattened_grn.fc1: in_features=112, out_features=7
  -> Params in fc1: 784 (should be 5*16*5=400 if 5 features)
================================================================================

Model parameters: 30,120

Starting training...
Checkpoints will be saved to: experiments/12c_h1_rolling/macro_heavy_daily_h1_h18/fold_2021/checkpoints/
Logs will be saved to: experiments/12c_h1_rolling/macro_heavy_daily_h1_h18/fold_2021/logs/

[DEBUG CollapseMonitor] on_validation_epoch_start called for epoch 0
[DEBUG CollapseMonitor] reset_temporal_state() called on loss function
Epoch 0: val_loss=N/A
[DEBUG CollapseMonitor] on_validation_epoch_start called for epoch 0
[DEBUG CollapseMonitor] reset_temporal_state() called on loss function
Epoch 0: val_loss=1.4218701124191284
Epoch 0: train_loss=0.5790794491767883

[CollapseMonitor] Epoch 0
  [DEBUG] Processed 4 batches from val_dataloader
  [DEBUG] Predictions shape after concat: (201,)
  Pred std: 0.007108, range: 0.029120, mean: 0.263514
  Pos: 100.0%, Neg: 0.0%, Unique: 199
  Dir Acc: 57.21%, Pred Sharpe: 588.5043
  Composite: 0.4497 (dist_match: 0.5721, actual_pos: 57.2%, pred_pos: 100.0%)
  Collapse penalty: 0.000000 (threshold: 0.005000)
  Saved validation predictions to: experiments/12c_h1_rolling/macro_heavy_daily_h1_h18/fold_2021/collapse_monitoring/val_predictions_epoch0.npy
  Gradient norms:
    lstm_encoder: 0.011704
    lstm_decoder: 0.011237
    output_layer: 0.552080
  VSN output std:
    encoder: 0.161064
  Attention entropy: 2.979759
  Saved to: experiments/12c_h1_rolling/macro_heavy_daily_h1_h18/fold_2021/collapse_monitoring/collapse_monitor_latest.json
[DEBUG CollapseMonitor] on_validation_epoch_start called for epoch 1
[DEBUG CollapseMonitor] reset_temporal_state() called on loss function
Epoch 1: val_loss=1.394276738166809
Epoch 1: train_loss=0.5560029149055481

[CollapseMonitor] Epoch 1
  [DEBUG] Processed 4 batches from val_dataloader
  [DEBUG] Predictions shape after concat: (201,)
  Pred std: 0.006114, range: 0.022875, mean: 0.221997
  Pos: 100.0%, Neg: 0.0%, Unique: 199
  Dir Acc: 57.21%, Pred Sharpe: 576.3786
  Composite: 0.4497 (dist_match: 0.5721, actual_pos: 57.2%, pred_pos: 100.0%)
  Collapse penalty: 0.000000 (threshold: 0.005000)
  Saved validation predictions to: experiments/12c_h1_rolling/macro_heavy_daily_h1_h18/fold_2021/collapse_monitoring/val_predictions_epoch1.npy
  Gradient norms:
    lstm_encoder: 0.010838
    lstm_decoder: 0.010381
    output_layer: 0.509293
  VSN output std:
    encoder: 0.161797
  Attention entropy: 2.977747
  Saved to: experiments/12c_h1_rolling/macro_heavy_daily_h1_h18/fold_2021/collapse_monitoring/collapse_monitor_latest.json
[DEBUG CollapseMonitor] on_validation_epoch_start called for epoch 2
[DEBUG CollapseMonitor] reset_temporal_state() called on loss function
Epoch 2: val_loss=1.3655325174331665
Epoch 2: train_loss=0.5238929390907288

[CollapseMonitor] Epoch 2
  [DEBUG] Processed 4 batches from val_dataloader
  [DEBUG] Predictions shape after concat: (201,)
  Pred std: 0.006542, range: 0.023178, mean: 0.187210
  Pos: 100.0%, Neg: 0.0%, Unique: 200
  Dir Acc: 57.21%, Pred Sharpe: 454.2765
  Composite: 0.4497 (dist_match: 0.5721, actual_pos: 57.2%, pred_pos: 100.0%)
  Collapse penalty: 0.000000 (threshold: 0.005000)
  Saved validation predictions to: experiments/12c_h1_rolling/macro_heavy_daily_h1_h18/fold_2021/collapse_monitoring/val_predictions_epoch2.npy
  Gradient norms:
    lstm_encoder: 0.009611
    lstm_decoder: 0.009198
    output_layer: 0.438481
  VSN output std:
    encoder: 0.162893
  Attention entropy: 2.976949
  Saved to: experiments/12c_h1_rolling/macro_heavy_daily_h1_h18/fold_2021/collapse_monitoring/collapse_monitor_latest.json
[DEBUG CollapseMonitor] on_validation_epoch_start called for epoch 3
[DEBUG CollapseMonitor] reset_temporal_state() called on loss function
Epoch 3: val_loss=1.328108549118042
Epoch 3: train_loss=0.4947289526462555

[CollapseMonitor] Epoch 3
  [DEBUG] Processed 4 batches from val_dataloader
  [DEBUG] Predictions shape after concat: (201,)
  Pred std: 0.006926, range: 0.024122, mean: 0.157501
  Pos: 100.0%, Neg: 0.0%, Unique: 197
  Dir Acc: 57.21%, Pred Sharpe: 361.0008
  Composite: 0.4497 (dist_match: 0.5721, actual_pos: 57.2%, pred_pos: 100.0%)
  Collapse penalty: 0.000000 (threshold: 0.005000)
  Saved validation predictions to: experiments/12c_h1_rolling/macro_heavy_daily_h1_h18/fold_2021/collapse_monitoring/val_predictions_epoch3.npy
  Gradient norms:
    lstm_encoder: 0.007936
    lstm_decoder: 0.007764
    output_layer: 0.375747
  VSN output std:
    encoder: 0.164246
  Attention entropy: 2.977839
  Saved to: experiments/12c_h1_rolling/macro_heavy_daily_h1_h18/fold_2021/collapse_monitoring/collapse_monitor_latest.json
[DEBUG CollapseMonitor] on_validation_epoch_start called for epoch 4
[DEBUG CollapseMonitor] reset_temporal_state() called on loss function
Epoch 4: val_loss=1.289445400238037
Epoch 4: train_loss=0.46652546525001526

[CollapseMonitor] Epoch 4
  [DEBUG] Processed 4 batches from val_dataloader
  [DEBUG] Predictions shape after concat: (201,)
  Pred std: 0.007012, range: 0.025599, mean: 0.137691
  Pos: 100.0%, Neg: 0.0%, Unique: 200
  Dir Acc: 57.21%, Pred Sharpe: 311.7057
  Composite: 0.4497 (dist_match: 0.5721, actual_pos: 57.2%, pred_pos: 100.0%)
  Collapse penalty: 0.000000 (threshold: 0.005000)
  Saved validation predictions to: experiments/12c_h1_rolling/macro_heavy_daily_h1_h18/fold_2021/collapse_monitoring/val_predictions_epoch4.npy
  Gradient norms:
    lstm_encoder: 0.005571
    lstm_decoder: 0.005885
    output_layer: 0.307532
  VSN output std:
    encoder: 0.164833
  Attention entropy: 2.979057
  Saved to: experiments/12c_h1_rolling/macro_heavy_daily_h1_h18/fold_2021/collapse_monitoring/collapse_monitor_latest.json
[DEBUG CollapseMonitor] on_validation_epoch_start called for epoch 5
[DEBUG CollapseMonitor] reset_temporal_state() called on loss function
Epoch 5: val_loss=1.2590060234069824
Epoch 5: train_loss=0.44497400522232056

[CollapseMonitor] Epoch 5
  [DEBUG] Processed 4 batches from val_dataloader
  [DEBUG] Predictions shape after concat: (201,)
  Pred std: 0.006870, range: 0.026246, mean: 0.111831
  Pos: 100.0%, Neg: 0.0%, Unique: 199
  Dir Acc: 57.21%, Pred Sharpe: 258.4041
  Composite: 0.4497 (dist_match: 0.5721, actual_pos: 57.2%, pred_pos: 100.0%)
  Collapse penalty: 0.000000 (threshold: 0.005000)
  Saved validation predictions to: experiments/12c_h1_rolling/macro_heavy_daily_h1_h18/fold_2021/collapse_monitoring/val_predictions_epoch5.npy
  Gradient norms:
    lstm_encoder: 0.004441
    lstm_decoder: 0.004758
    output_layer: 0.254653
  VSN output std:
    encoder: 0.165248
  Attention entropy: 2.980373
  Saved to: experiments/12c_h1_rolling/macro_heavy_daily_h1_h18/fold_2021/collapse_monitoring/collapse_monitor_latest.json
[DEBUG CollapseMonitor] on_validation_epoch_start called for epoch 6
[DEBUG CollapseMonitor] reset_temporal_state() called on loss function
Epoch 6: val_loss=1.2252106666564941
Epoch 6: train_loss=0.4269886016845703

[CollapseMonitor] Epoch 6
  [DEBUG] Processed 4 batches from val_dataloader
  [DEBUG] Predictions shape after concat: (201,)
  Pred std: 0.006695, range: 0.026237, mean: 0.084685
  Pos: 100.0%, Neg: 0.0%, Unique: 200
  Dir Acc: 57.21%, Pred Sharpe: 200.8017
  Composite: 0.4497 (dist_match: 0.5721, actual_pos: 57.2%, pred_pos: 100.0%)
  Collapse penalty: 0.000000 (threshold: 0.005000)
  Saved validation predictions to: experiments/12c_h1_rolling/macro_heavy_daily_h1_h18/fold_2021/collapse_monitoring/val_predictions_epoch6.npy
  Gradient norms:
    lstm_encoder: 0.003217
    lstm_decoder: 0.003528
    output_layer: 0.206129
  VSN output std:
    encoder: 0.165386
  Attention entropy: 2.981358
  Saved to: experiments/12c_h1_rolling/macro_heavy_daily_h1_h18/fold_2021/collapse_monitoring/collapse_monitor_latest.json
[DEBUG CollapseMonitor] on_validation_epoch_start called for epoch 7
[DEBUG CollapseMonitor] reset_temporal_state() called on loss function
Epoch 7: val_loss=1.1941498517990112
Epoch 7: train_loss=0.41315773129463196

[CollapseMonitor] Epoch 7
  [DEBUG] Processed 4 batches from val_dataloader
  [DEBUG] Predictions shape after concat: (201,)
  Pred std: 0.006326, range: 0.024733, mean: 0.089293
  Pos: 100.0%, Neg: 0.0%, Unique: 198
  Dir Acc: 57.21%, Pred Sharpe: 224.0635
  Composite: 0.4497 (dist_match: 0.5721, actual_pos: 57.2%, pred_pos: 100.0%)
  Collapse penalty: 0.000000 (threshold: 0.005000)
  Saved validation predictions to: experiments/12c_h1_rolling/macro_heavy_daily_h1_h18/fold_2021/collapse_monitoring/val_predictions_epoch7.npy
  Gradient norms:
    lstm_encoder: 0.002700
    lstm_decoder: 0.002943
    output_layer: 0.173180
  VSN output std:
    encoder: 0.164966
  Attention entropy: 2.981355
  Saved to: experiments/12c_h1_rolling/macro_heavy_daily_h1_h18/fold_2021/collapse_monitoring/collapse_monitor_latest.json
[DEBUG CollapseMonitor] on_validation_epoch_start called for epoch 8
[DEBUG CollapseMonitor] reset_temporal_state() called on loss function
Epoch 8: val_loss=1.172927975654602
Epoch 8: train_loss=0.4035241901874542

[CollapseMonitor] Epoch 8
  [DEBUG] Processed 4 batches from val_dataloader
  [DEBUG] Predictions shape after concat: (201,)
  Pred std: 0.005479, range: 0.022124, mean: 0.071128
  Pos: 100.0%, Neg: 0.0%, Unique: 197
  Dir Acc: 57.21%, Pred Sharpe: 206.1010
  Composite: 0.4497 (dist_match: 0.5721, actual_pos: 57.2%, pred_pos: 100.0%)
  Collapse penalty: 0.000000 (threshold: 0.005000)
  Saved validation predictions to: experiments/12c_h1_rolling/macro_heavy_daily_h1_h18/fold_2021/collapse_monitoring/val_predictions_epoch8.npy
  Gradient norms:
    lstm_encoder: 0.002222
    lstm_decoder: 0.002186
    output_layer: 0.137217
  VSN output std:
    encoder: 0.165493
  Attention entropy: 2.982699
  Saved to: experiments/12c_h1_rolling/macro_heavy_daily_h1_h18/fold_2021/collapse_monitoring/collapse_monitor_latest.json
[DEBUG CollapseMonitor] on_validation_epoch_start called for epoch 9
[DEBUG CollapseMonitor] reset_temporal_state() called on loss function
Epoch 9: val_loss=1.152072548866272
Epoch 9: train_loss=0.3972198963165283

[CollapseMonitor] Epoch 9
  [DEBUG] Processed 4 batches from val_dataloader
  [DEBUG] Predictions shape after concat: (201,)
  Pred std: 0.004439, range: 0.019975, mean: 0.063105
  Pos: 100.0%, Neg: 0.0%, Unique: 200
  Dir Acc: 57.21%, Pred Sharpe: 225.6741
  Composite: 0.4497 (dist_match: 0.5721, actual_pos: 57.2%, pred_pos: 100.0%)
  Collapse penalty: 0.000000 (threshold: 0.005000)
  Saved validation predictions to: experiments/12c_h1_rolling/macro_heavy_daily_h1_h18/fold_2021/collapse_monitoring/val_predictions_epoch9.npy
  Gradient norms:
    lstm_encoder: 0.002180
    lstm_decoder: 0.002099
    output_layer: 0.125981
  VSN output std:
    encoder: 0.167040
  Attention entropy: 2.982829
  Saved to: experiments/12c_h1_rolling/macro_heavy_daily_h1_h18/fold_2021/collapse_monitoring/collapse_monitor_latest.json
[DEBUG CollapseMonitor] on_validation_epoch_start called for epoch 10
[DEBUG CollapseMonitor] reset_temporal_state() called on loss function
Epoch 10: val_loss=1.1346083879470825
Epoch 10: train_loss=0.3923908472061157

[CollapseMonitor] Epoch 10
  [DEBUG] Processed 4 batches from val_dataloader
  [DEBUG] Predictions shape after concat: (201,)
  Pred std: 0.004130, range: 0.019201, mean: 0.074830
  Pos: 100.0%, Neg: 0.0%, Unique: 199
  Dir Acc: 57.21%, Pred Sharpe: 287.5964
  Composite: 0.4497 (dist_match: 0.5721, actual_pos: 57.2%, pred_pos: 100.0%)
  Collapse penalty: 0.000000 (threshold: 0.005000)
  Saved validation predictions to: experiments/12c_h1_rolling/macro_heavy_daily_h1_h18/fold_2021/collapse_monitoring/val_predictions_epoch10.npy
  Gradient norms:
    lstm_encoder: 0.002387
    lstm_decoder: 0.002090
    output_layer: 0.119983
  VSN output std:
    encoder: 0.170756
  Attention entropy: 2.980530
  Saved to: experiments/12c_h1_rolling/macro_heavy_daily_h1_h18/fold_2021/collapse_monitoring/collapse_monitor_latest.json
[DEBUG CollapseMonitor] on_validation_epoch_start called for epoch 11
[DEBUG CollapseMonitor] reset_temporal_state() called on loss function
Epoch 11: val_loss=1.122770071029663
Epoch 11: train_loss=0.3879956305027008

[CollapseMonitor] Epoch 11
  [DEBUG] Processed 4 batches from val_dataloader
  [DEBUG] Predictions shape after concat: (201,)
  Pred std: 0.004002, range: 0.018782, mean: 0.074140
  Pos: 100.0%, Neg: 0.0%, Unique: 197
  Dir Acc: 57.21%, Pred Sharpe: 294.1179
  Composite: 0.4497 (dist_match: 0.5721, actual_pos: 57.2%, pred_pos: 100.0%)
  Collapse penalty: 0.000000 (threshold: 0.005000)
  Saved validation predictions to: experiments/12c_h1_rolling/macro_heavy_daily_h1_h18/fold_2021/collapse_monitoring/val_predictions_epoch11.npy
  Gradient norms:
    lstm_encoder: 0.002116
    lstm_decoder: 0.001841
    output_layer: 0.108553
  VSN output std:
    encoder: 0.175437
  Attention entropy: 2.979584
  Saved to: experiments/12c_h1_rolling/macro_heavy_daily_h1_h18/fold_2021/collapse_monitoring/collapse_monitor_latest.json
[DEBUG CollapseMonitor] on_validation_epoch_start called for epoch 12
[DEBUG CollapseMonitor] reset_temporal_state() called on loss function
Epoch 12: val_loss=1.1114609241485596
Epoch 12: train_loss=0.3852563798427582

[CollapseMonitor] Epoch 12
  [DEBUG] Processed 4 batches from val_dataloader
  [DEBUG] Predictions shape after concat: (201,)
  Pred std: 0.004143, range: 0.018786, mean: 0.058547
  Pos: 100.0%, Neg: 0.0%, Unique: 198
  Dir Acc: 57.21%, Pred Sharpe: 224.3072
  Composite: 0.4497 (dist_match: 0.5721, actual_pos: 57.2%, pred_pos: 100.0%)
  Collapse penalty: 0.000000 (threshold: 0.005000)
  Saved validation predictions to: experiments/12c_h1_rolling/macro_heavy_daily_h1_h18/fold_2021/collapse_monitoring/val_predictions_epoch12.npy
  Gradient norms:
    lstm_encoder: 0.002313
    lstm_decoder: 0.001901
    output_layer: 0.097720
  VSN output std:
    encoder: 0.182012
  Attention entropy: 2.977042
  Saved to: experiments/12c_h1_rolling/macro_heavy_daily_h1_h18/fold_2021/collapse_monitoring/collapse_monitor_latest.json
[DEBUG CollapseMonitor] on_validation_epoch_start called for epoch 13
[DEBUG CollapseMonitor] reset_temporal_state() called on loss function
Epoch 13: val_loss=1.1012929677963257
Epoch 13: train_loss=0.3833811283111572

[CollapseMonitor] Epoch 13
  [DEBUG] Processed 4 batches from val_dataloader
  [DEBUG] Predictions shape after concat: (201,)
  Pred std: 0.005313, range: 0.021949, mean: 0.052606
  Pos: 100.0%, Neg: 0.0%, Unique: 197
  Dir Acc: 57.21%, Pred Sharpe: 157.1802
  Composite: 0.4497 (dist_match: 0.5721, actual_pos: 57.2%, pred_pos: 100.0%)
  Collapse penalty: 0.000000 (threshold: 0.005000)
  Saved validation predictions to: experiments/12c_h1_rolling/macro_heavy_daily_h1_h18/fold_2021/collapse_monitoring/val_predictions_epoch13.npy
  Gradient norms:
    lstm_encoder: 0.002079
    lstm_decoder: 0.001785
    output_layer: 0.090675
  VSN output std:
    encoder: 0.189301
  Attention entropy: 2.975495
  Saved to: experiments/12c_h1_rolling/macro_heavy_daily_h1_h18/fold_2021/collapse_monitoring/collapse_monitor_latest.json
[DEBUG CollapseMonitor] on_validation_epoch_start called for epoch 14
[DEBUG CollapseMonitor] reset_temporal_state() called on loss function
Epoch 14: val_loss=1.0925089120864868
Epoch 14: train_loss=0.3805982172489166

[CollapseMonitor] Epoch 14
  [DEBUG] Processed 4 batches from val_dataloader
  [DEBUG] Predictions shape after concat: (201,)
  Pred std: 0.005676, range: 0.022338, mean: 0.072357
  Pos: 100.0%, Neg: 0.0%, Unique: 200
  Dir Acc: 57.21%, Pred Sharpe: 202.3653
  Composite: 0.4497 (dist_match: 0.5721, actual_pos: 57.2%, pred_pos: 100.0%)
  Collapse penalty: 0.000000 (threshold: 0.005000)
  Saved validation predictions to: experiments/12c_h1_rolling/macro_heavy_daily_h1_h18/fold_2021/collapse_monitoring/val_predictions_epoch14.npy
  Gradient norms:
    lstm_encoder: 0.002474
    lstm_decoder: 0.001889
    output_layer: 0.094224
  VSN output std:
    encoder: 0.194754
  Attention entropy: 2.971171
  Saved to: experiments/12c_h1_rolling/macro_heavy_daily_h1_h18/fold_2021/collapse_monitoring/collapse_monitor_latest.json
[DEBUG CollapseMonitor] on_validation_epoch_start called for epoch 15
[DEBUG CollapseMonitor] reset_temporal_state() called on loss function
Epoch 15: val_loss=1.084362268447876
Epoch 15: train_loss=0.37990832328796387

[CollapseMonitor] Epoch 15
  [DEBUG] Processed 4 batches from val_dataloader
  [DEBUG] Predictions shape after concat: (201,)
  Pred std: 0.007465, range: 0.031250, mean: 0.081964
  Pos: 100.0%, Neg: 0.0%, Unique: 198
  Dir Acc: 57.21%, Pred Sharpe: 174.2896
  Composite: 0.4497 (dist_match: 0.5721, actual_pos: 57.2%, pred_pos: 100.0%)
  Collapse penalty: 0.000000 (threshold: 0.005000)
  Saved validation predictions to: experiments/12c_h1_rolling/macro_heavy_daily_h1_h18/fold_2021/collapse_monitoring/val_predictions_epoch15.npy
  Gradient norms:
    lstm_encoder: 0.002423
    lstm_decoder: 0.001784
    output_layer: 0.080111
  VSN output std:
    encoder: 0.202805
  Attention entropy: 2.963934
  Saved to: experiments/12c_h1_rolling/macro_heavy_daily_h1_h18/fold_2021/collapse_monitoring/collapse_monitor_latest.json
[DEBUG CollapseMonitor] on_validation_epoch_start called for epoch 16
[DEBUG CollapseMonitor] reset_temporal_state() called on loss function
Epoch 16: val_loss=1.0773664712905884
Epoch 16: train_loss=0.37667590379714966

[CollapseMonitor] Epoch 16
  [DEBUG] Processed 4 batches from val_dataloader
  [DEBUG] Predictions shape after concat: (201,)
  Pred std: 0.010161, range: 0.043135, mean: 0.082292
  Pos: 100.0%, Neg: 0.0%, Unique: 200
  Dir Acc: 57.21%, Pred Sharpe: 128.5629
  Composite: 0.4497 (dist_match: 0.5721, actual_pos: 57.2%, pred_pos: 100.0%)
  Collapse penalty: 0.000000 (threshold: 0.005000)
  Saved validation predictions to: experiments/12c_h1_rolling/macro_heavy_daily_h1_h18/fold_2021/collapse_monitoring/val_predictions_epoch16.npy
  Gradient norms:
    lstm_encoder: 0.002923
    lstm_decoder: 0.002080
    output_layer: 0.091039
  VSN output std:
    encoder: 0.209643
  Attention entropy: 2.957088
  Saved to: experiments/12c_h1_rolling/macro_heavy_daily_h1_h18/fold_2021/collapse_monitoring/collapse_monitor_latest.json
[DEBUG CollapseMonitor] on_validation_epoch_start called for epoch 17
[DEBUG CollapseMonitor] reset_temporal_state() called on loss function
Epoch 17: val_loss=1.070482611656189
Epoch 17: train_loss=0.3757946193218231

[CollapseMonitor] Epoch 17
  [DEBUG] Processed 4 batches from val_dataloader
  [DEBUG] Predictions shape after concat: (201,)
  Pred std: 0.013276, range: 0.056686, mean: 0.092563
  Pos: 100.0%, Neg: 0.0%, Unique: 200
  Dir Acc: 57.21%, Pred Sharpe: 110.6770
  Composite: 0.4497 (dist_match: 0.5721, actual_pos: 57.2%, pred_pos: 100.0%)
  Collapse penalty: 0.000000 (threshold: 0.005000)
  Saved validation predictions to: experiments/12c_h1_rolling/macro_heavy_daily_h1_h18/fold_2021/collapse_monitoring/val_predictions_epoch17.npy
  Gradient norms:
    lstm_encoder: 0.002971
    lstm_decoder: 0.002115
    output_layer: 0.086260
  VSN output std:
    encoder: 0.216786
  Attention entropy: 2.948287
  Saved to: experiments/12c_h1_rolling/macro_heavy_daily_h1_h18/fold_2021/collapse_monitoring/collapse_monitor_latest.json
[DEBUG CollapseMonitor] on_validation_epoch_start called for epoch 18
[DEBUG CollapseMonitor] reset_temporal_state() called on loss function
Epoch 18: val_loss=1.063785195350647
Epoch 18: train_loss=0.3755205273628235

[CollapseMonitor] Epoch 18
  [DEBUG] Processed 4 batches from val_dataloader
  [DEBUG] Predictions shape after concat: (201,)
  Pred std: 0.014867, range: 0.064462, mean: 0.110663
  Pos: 100.0%, Neg: 0.0%, Unique: 198
  Dir Acc: 57.21%, Pred Sharpe: 118.1651
  Composite: 0.4497 (dist_match: 0.5721, actual_pos: 57.2%, pred_pos: 100.0%)
  Collapse penalty: 0.000000 (threshold: 0.005000)
  Saved validation predictions to: experiments/12c_h1_rolling/macro_heavy_daily_h1_h18/fold_2021/collapse_monitoring/val_predictions_epoch18.npy
  Gradient norms:
    lstm_encoder: 0.003123
    lstm_decoder: 0.002191
    output_layer: 0.085420
  VSN output std:
    encoder: 0.222307
  Attention entropy: 2.936579
  Saved to: experiments/12c_h1_rolling/macro_heavy_daily_h1_h18/fold_2021/collapse_monitoring/collapse_monitor_latest.json
[DEBUG CollapseMonitor] on_validation_epoch_start called for epoch 19
[DEBUG CollapseMonitor] reset_temporal_state() called on loss function
Epoch 19: val_loss=1.058952808380127
Epoch 19: train_loss=0.37423163652420044

[CollapseMonitor] Epoch 19
  [DEBUG] Processed 4 batches from val_dataloader
  [DEBUG] Predictions shape after concat: (201,)
  Pred std: 0.018537, range: 0.081223, mean: 0.108822
  Pos: 100.0%, Neg: 0.0%, Unique: 198
  Dir Acc: 57.21%, Pred Sharpe: 93.1895
  Composite: 0.4497 (dist_match: 0.5721, actual_pos: 57.2%, pred_pos: 100.0%)
  Collapse penalty: 0.000000 (threshold: 0.005000)
  Saved validation predictions to: experiments/12c_h1_rolling/macro_heavy_daily_h1_h18/fold_2021/collapse_monitoring/val_predictions_epoch19.npy
  Gradient norms:
    lstm_encoder: 0.003645
    lstm_decoder: 0.002550
    output_layer: 0.090440
  VSN output std:
    encoder: 0.227944
  Attention entropy: 2.923439
  Saved to: experiments/12c_h1_rolling/macro_heavy_daily_h1_h18/fold_2021/collapse_monitoring/collapse_monitor_latest.json
[DEBUG CollapseMonitor] on_validation_epoch_start called for epoch 20
[DEBUG CollapseMonitor] reset_temporal_state() called on loss function
Epoch 20: val_loss=1.0534132719039917
Epoch 20: train_loss=0.37205302715301514

[CollapseMonitor] Epoch 20
  [DEBUG] Processed 4 batches from val_dataloader
  [DEBUG] Predictions shape after concat: (201,)
  Pred std: 0.017594, range: 0.079167, mean: 0.104451
  Pos: 100.0%, Neg: 0.0%, Unique: 197
  Dir Acc: 57.21%, Pred Sharpe: 94.2439
  Composite: 0.4497 (dist_match: 0.5721, actual_pos: 57.2%, pred_pos: 100.0%)
  Collapse penalty: 0.000000 (threshold: 0.005000)
  Saved validation predictions to: experiments/12c_h1_rolling/macro_heavy_daily_h1_h18/fold_2021/collapse_monitoring/val_predictions_epoch20.npy
  Gradient norms:
    lstm_encoder: 0.003956
    lstm_decoder: 0.002693
    output_layer: 0.090536
  VSN output std:
    encoder: 0.231199
  Attention entropy: 2.919913
  Saved to: experiments/12c_h1_rolling/macro_heavy_daily_h1_h18/fold_2021/collapse_monitoring/collapse_monitor_latest.json
[DEBUG CollapseMonitor] on_validation_epoch_start called for epoch 21
[DEBUG CollapseMonitor] reset_temporal_state() called on loss function
Epoch 21: val_loss=1.0484864711761475
Epoch 21: train_loss=0.37256988883018494

[CollapseMonitor] Epoch 21
  [DEBUG] Processed 4 batches from val_dataloader
  [DEBUG] Predictions shape after concat: (201,)
  Pred std: 0.018516, range: 0.084988, mean: 0.106048
  Pos: 100.0%, Neg: 0.0%, Unique: 198
  Dir Acc: 57.21%, Pred Sharpe: 90.9196
  Composite: 0.4497 (dist_match: 0.5721, actual_pos: 57.2%, pred_pos: 100.0%)
  Collapse penalty: 0.000000 (threshold: 0.005000)
  Saved validation predictions to: experiments/12c_h1_rolling/macro_heavy_daily_h1_h18/fold_2021/collapse_monitoring/val_predictions_epoch21.npy
  Gradient norms:
    lstm_encoder: 0.003926
    lstm_decoder: 0.002524
    output_layer: 0.082920
  VSN output std:
    encoder: 0.233068
  Attention entropy: 2.915208
  Saved to: experiments/12c_h1_rolling/macro_heavy_daily_h1_h18/fold_2021/collapse_monitoring/collapse_monitor_latest.json
[DEBUG CollapseMonitor] on_validation_epoch_start called for epoch 22
[DEBUG CollapseMonitor] reset_temporal_state() called on loss function
Epoch 22: val_loss=1.04574716091156
Epoch 22: train_loss=0.3712335526943207

[CollapseMonitor] Epoch 22
  [DEBUG] Processed 4 batches from val_dataloader
  [DEBUG] Predictions shape after concat: (201,)
  Pred std: 0.015082, range: 0.072696, mean: 0.096492
  Pos: 100.0%, Neg: 0.0%, Unique: 197
  Dir Acc: 57.21%, Pred Sharpe: 101.5620
  Composite: 0.4497 (dist_match: 0.5721, actual_pos: 57.2%, pred_pos: 100.0%)
  Collapse penalty: 0.000000 (threshold: 0.005000)
  Saved validation predictions to: experiments/12c_h1_rolling/macro_heavy_daily_h1_h18/fold_2021/collapse_monitoring/val_predictions_epoch22.npy
  Gradient norms:
    lstm_encoder: 0.004560
    lstm_decoder: 0.003016
    output_layer: 0.089698
  VSN output std:
    encoder: 0.232576
  Attention entropy: 2.901493
  Saved to: experiments/12c_h1_rolling/macro_heavy_daily_h1_h18/fold_2021/collapse_monitoring/collapse_monitor_latest.json
[DEBUG CollapseMonitor] on_validation_epoch_start called for epoch 23
[DEBUG CollapseMonitor] reset_temporal_state() called on loss function
Epoch 23: val_loss=1.0411888360977173
Epoch 23: train_loss=0.37035372853279114

[CollapseMonitor] Epoch 23
  [DEBUG] Processed 4 batches from val_dataloader
  [DEBUG] Predictions shape after concat: (201,)
  Pred std: 0.019166, range: 0.089756, mean: 0.115015
  Pos: 100.0%, Neg: 0.0%, Unique: 199
  Dir Acc: 57.21%, Pred Sharpe: 95.2608
  Composite: 0.4497 (dist_match: 0.5721, actual_pos: 57.2%, pred_pos: 100.0%)
  Collapse penalty: 0.000000 (threshold: 0.005000)
  Saved validation predictions to: experiments/12c_h1_rolling/macro_heavy_daily_h1_h18/fold_2021/collapse_monitoring/val_predictions_epoch23.npy
  Gradient norms:
    lstm_encoder: 0.004619
    lstm_decoder: 0.002918
    output_layer: 0.083787
  VSN output std:
    encoder: 0.230380
  Attention entropy: 2.895396
  Saved to: experiments/12c_h1_rolling/macro_heavy_daily_h1_h18/fold_2021/collapse_monitoring/collapse_monitor_latest.json
[DEBUG CollapseMonitor] on_validation_epoch_start called for epoch 24
[DEBUG CollapseMonitor] reset_temporal_state() called on loss function
Epoch 24: val_loss=1.0363529920578003
Epoch 24: train_loss=0.3694908618927002

[CollapseMonitor] Epoch 24
  [DEBUG] Processed 4 batches from val_dataloader
  [DEBUG] Predictions shape after concat: (201,)
  Pred std: 0.024943, range: 0.111288, mean: 0.120337
  Pos: 100.0%, Neg: 0.0%, Unique: 199
  Dir Acc: 57.21%, Pred Sharpe: 76.5851
  Composite: 0.4497 (dist_match: 0.5721, actual_pos: 57.2%, pred_pos: 100.0%)
  Collapse penalty: 0.000000 (threshold: 0.005000)
  Saved validation predictions to: experiments/12c_h1_rolling/macro_heavy_daily_h1_h18/fold_2021/collapse_monitoring/val_predictions_epoch24.npy
  Gradient norms:
    lstm_encoder: 0.005229
    lstm_decoder: 0.003358
    output_layer: 0.085363
  VSN output std:
    encoder: 0.228534
  Attention entropy: 2.884680
  Saved to: experiments/12c_h1_rolling/macro_heavy_daily_h1_h18/fold_2021/collapse_monitoring/collapse_monitor_latest.json
[DEBUG CollapseMonitor] on_validation_epoch_start called for epoch 25
[DEBUG CollapseMonitor] reset_temporal_state() called on loss function
Epoch 25: val_loss=1.0336523056030273
Epoch 25: train_loss=0.3680145740509033

[CollapseMonitor] Epoch 25
  [DEBUG] Processed 4 batches from val_dataloader
  [DEBUG] Predictions shape after concat: (201,)
  Pred std: 0.028501, range: 0.118666, mean: 0.125633
  Pos: 100.0%, Neg: 0.0%, Unique: 200
  Dir Acc: 57.21%, Pred Sharpe: 69.9741
  Composite: 0.4497 (dist_match: 0.5721, actual_pos: 57.2%, pred_pos: 100.0%)
  Collapse penalty: 0.000000 (threshold: 0.005000)
  Saved validation predictions to: experiments/12c_h1_rolling/macro_heavy_daily_h1_h18/fold_2021/collapse_monitoring/val_predictions_epoch25.npy
  Gradient norms:
    lstm_encoder: 0.005191
    lstm_decoder: 0.003236
    output_layer: 0.089920
  VSN output std:
    encoder: 0.226189
  Attention entropy: 2.864874
  Saved to: experiments/12c_h1_rolling/macro_heavy_daily_h1_h18/fold_2021/collapse_monitoring/collapse_monitor_latest.json
[DEBUG CollapseMonitor] on_validation_epoch_start called for epoch 26
[DEBUG CollapseMonitor] reset_temporal_state() called on loss function
Epoch 26: val_loss=1.03335702419281
Epoch 26: train_loss=0.36838868260383606

[CollapseMonitor] Epoch 26
  [DEBUG] Processed 4 batches from val_dataloader
  [DEBUG] Predictions shape after concat: (201,)
  Pred std: 0.027490, range: 0.101652, mean: 0.095477
  Pos: 100.0%, Neg: 0.0%, Unique: 199
  Dir Acc: 57.21%, Pred Sharpe: 55.1350
  Composite: 0.4497 (dist_match: 0.5721, actual_pos: 57.2%, pred_pos: 100.0%)
  Collapse penalty: 0.000000 (threshold: 0.005000)
  Saved validation predictions to: experiments/12c_h1_rolling/macro_heavy_daily_h1_h18/fold_2021/collapse_monitoring/val_predictions_epoch26.npy
  Gradient norms:
    lstm_encoder: 0.005867
    lstm_decoder: 0.003649
    output_layer: 0.088827
  VSN output std:
    encoder: 0.222953
  Attention entropy: 2.838093
  Saved to: experiments/12c_h1_rolling/macro_heavy_daily_h1_h18/fold_2021/collapse_monitoring/collapse_monitor_latest.json
[DEBUG CollapseMonitor] on_validation_epoch_start called for epoch 27
[DEBUG CollapseMonitor] reset_temporal_state() called on loss function
Epoch 27: val_loss=1.0352072715759277
Epoch 27: train_loss=0.3678249418735504

[CollapseMonitor] Epoch 27
  [DEBUG] Processed 4 batches from val_dataloader
  [DEBUG] Predictions shape after concat: (201,)
  Pred std: 0.033020, range: 0.099610, mean: 0.077449
  Pos: 100.0%, Neg: 0.0%, Unique: 200
  Dir Acc: 57.21%, Pred Sharpe: 37.2342
  Composite: 0.4497 (dist_match: 0.5721, actual_pos: 57.2%, pred_pos: 100.0%)
  Collapse penalty: 0.000000 (threshold: 0.005000)
  Saved validation predictions to: experiments/12c_h1_rolling/macro_heavy_daily_h1_h18/fold_2021/collapse_monitoring/val_predictions_epoch27.npy
  Gradient norms:
    lstm_encoder: 0.005474
    lstm_decoder: 0.003727
    output_layer: 0.087922
  VSN output std:
    encoder: 0.216496
  Attention entropy: 2.816323
  Saved to: experiments/12c_h1_rolling/macro_heavy_daily_h1_h18/fold_2021/collapse_monitoring/collapse_monitor_latest.json
[DEBUG CollapseMonitor] on_validation_epoch_start called for epoch 28
[DEBUG CollapseMonitor] reset_temporal_state() called on loss function
Epoch 28: val_loss=1.031518578529358
Epoch 28: train_loss=0.36642083525657654

[CollapseMonitor] Epoch 28
  [DEBUG] Processed 4 batches from val_dataloader
  [DEBUG] Predictions shape after concat: (201,)
  Pred std: 0.045198, range: 0.122975, mean: 0.108508
  Pos: 100.0%, Neg: 0.0%, Unique: 201
  Dir Acc: 57.21%, Pred Sharpe: 38.1103
  Composite: 0.4497 (dist_match: 0.5721, actual_pos: 57.2%, pred_pos: 100.0%)
  Collapse penalty: 0.000000 (threshold: 0.005000)
  Saved validation predictions to: experiments/12c_h1_rolling/macro_heavy_daily_h1_h18/fold_2021/collapse_monitoring/val_predictions_epoch28.npy
  Gradient norms:
    lstm_encoder: 0.006094
    lstm_decoder: 0.003946
    output_layer: 0.091290
  VSN output std:
    encoder: 0.213243
  Attention entropy: 2.794797
  Saved to: experiments/12c_h1_rolling/macro_heavy_daily_h1_h18/fold_2021/collapse_monitoring/collapse_monitor_latest.json
[DEBUG CollapseMonitor] on_validation_epoch_start called for epoch 29
[DEBUG CollapseMonitor] reset_temporal_state() called on loss function
Epoch 29: val_loss=1.0311768054962158
Epoch 29: train_loss=0.36446109414100647

[CollapseMonitor] Epoch 29
  [DEBUG] Processed 4 batches from val_dataloader
  [DEBUG] Predictions shape after concat: (201,)
  Pred std: 0.045366, range: 0.120271, mean: 0.095997
  Pos: 100.0%, Neg: 0.0%, Unique: 201
  Dir Acc: 57.21%, Pred Sharpe: 33.5912
  Composite: 0.4497 (dist_match: 0.5721, actual_pos: 57.2%, pred_pos: 100.0%)
  Collapse penalty: 0.000000 (threshold: 0.005000)
  Saved validation predictions to: experiments/12c_h1_rolling/macro_heavy_daily_h1_h18/fold_2021/collapse_monitoring/val_predictions_epoch29.npy
  Gradient norms:
    lstm_encoder: 0.006412
    lstm_decoder: 0.003932
    output_layer: 0.078268
  VSN output std:
    encoder: 0.210130
  Attention entropy: 2.783179
  Saved to: experiments/12c_h1_rolling/macro_heavy_daily_h1_h18/fold_2021/collapse_monitoring/collapse_monitor_latest.json
[DEBUG CollapseMonitor] on_validation_epoch_start called for epoch 30
[DEBUG CollapseMonitor] reset_temporal_state() called on loss function
Epoch 30: val_loss=1.026440978050232
Epoch 30: train_loss=0.3647371530532837

[CollapseMonitor] Epoch 30
  [DEBUG] Processed 4 batches from val_dataloader
  [DEBUG] Predictions shape after concat: (201,)
  Pred std: 0.047647, range: 0.129859, mean: 0.099228
  Pos: 100.0%, Neg: 0.0%, Unique: 201
  Dir Acc: 57.21%, Pred Sharpe: 33.0594
  Composite: 0.4497 (dist_match: 0.5721, actual_pos: 57.2%, pred_pos: 100.0%)
  Collapse penalty: 0.000000 (threshold: 0.005000)
  Saved validation predictions to: experiments/12c_h1_rolling/macro_heavy_daily_h1_h18/fold_2021/collapse_monitoring/val_predictions_epoch30.npy
  Gradient norms:
    lstm_encoder: 0.006208
    lstm_decoder: 0.003727
    output_layer: 0.076643
  VSN output std:
    encoder: 0.216346
  Attention entropy: 2.784542
  Saved to: experiments/12c_h1_rolling/macro_heavy_daily_h1_h18/fold_2021/collapse_monitoring/collapse_monitor_latest.json
[DEBUG CollapseMonitor] on_validation_epoch_start called for epoch 31
[DEBUG CollapseMonitor] reset_temporal_state() called on loss function
Epoch 31: val_loss=1.023948073387146
Epoch 31: train_loss=0.36328956484794617

[CollapseMonitor] Epoch 31
  [DEBUG] Processed 4 batches from val_dataloader
  [DEBUG] Predictions shape after concat: (201,)
  Pred std: 0.049612, range: 0.129918, mean: 0.110431
  Pos: 100.0%, Neg: 0.0%, Unique: 200
  Dir Acc: 57.21%, Pred Sharpe: 35.3351
  Composite: 0.4497 (dist_match: 0.5721, actual_pos: 57.2%, pred_pos: 100.0%)
  Collapse penalty: 0.000000 (threshold: 0.005000)
  Saved validation predictions to: experiments/12c_h1_rolling/macro_heavy_daily_h1_h18/fold_2021/collapse_monitoring/val_predictions_epoch31.npy
  Gradient norms:
    lstm_encoder: 0.007440
    lstm_decoder: 0.004634
    output_layer: 0.081463
  VSN output std:
    encoder: 0.211209
  Attention entropy: 2.786198
  Saved to: experiments/12c_h1_rolling/macro_heavy_daily_h1_h18/fold_2021/collapse_monitoring/collapse_monitor_latest.json
[DEBUG CollapseMonitor] on_validation_epoch_start called for epoch 32
[DEBUG CollapseMonitor] reset_temporal_state() called on loss function
Epoch 32: val_loss=1.0221434831619263
Epoch 32: train_loss=0.3627462089061737

[CollapseMonitor] Epoch 32
  [DEBUG] Processed 4 batches from val_dataloader
  [DEBUG] Predictions shape after concat: (201,)
  Pred std: 0.056674, range: 0.147930, mean: 0.104477
  Pos: 100.0%, Neg: 0.0%, Unique: 200
  Dir Acc: 57.21%, Pred Sharpe: 29.2645
  Composite: 0.4497 (dist_match: 0.5721, actual_pos: 57.2%, pred_pos: 100.0%)
  Collapse penalty: 0.000000 (threshold: 0.005000)
  Saved validation predictions to: experiments/12c_h1_rolling/macro_heavy_daily_h1_h18/fold_2021/collapse_monitoring/val_predictions_epoch32.npy
  Gradient norms:
    lstm_encoder: 0.008274
    lstm_decoder: 0.005020
    output_layer: 0.086278
  VSN output std:
    encoder: 0.213856
  Attention entropy: 2.779871
  Saved to: experiments/12c_h1_rolling/macro_heavy_daily_h1_h18/fold_2021/collapse_monitoring/collapse_monitor_latest.json
[DEBUG CollapseMonitor] on_validation_epoch_start called for epoch 33
[DEBUG CollapseMonitor] reset_temporal_state() called on loss function
Epoch 33: val_loss=1.0183671712875366
Epoch 33: train_loss=0.36173591017723083

[CollapseMonitor] Epoch 33
  [DEBUG] Processed 4 batches from val_dataloader
  [DEBUG] Predictions shape after concat: (201,)
  Pred std: 0.049773, range: 0.134108, mean: 0.108383
  Pos: 100.0%, Neg: 0.0%, Unique: 200
  Dir Acc: 57.21%, Pred Sharpe: 34.5674
  Composite: 0.4497 (dist_match: 0.5721, actual_pos: 57.2%, pred_pos: 100.0%)
  Collapse penalty: 0.000000 (threshold: 0.005000)
  Saved validation predictions to: experiments/12c_h1_rolling/macro_heavy_daily_h1_h18/fold_2021/collapse_monitoring/val_predictions_epoch33.npy
  Gradient norms:
    lstm_encoder: 0.007152
    lstm_decoder: 0.004341
    output_layer: 0.085008
  VSN output std:
    encoder: 0.215904
  Attention entropy: 2.774811
  Saved to: experiments/12c_h1_rolling/macro_heavy_daily_h1_h18/fold_2021/collapse_monitoring/collapse_monitor_latest.json
[DEBUG CollapseMonitor] on_validation_epoch_start called for epoch 34
[DEBUG CollapseMonitor] reset_temporal_state() called on loss function
Epoch 34: val_loss=1.0146913528442383
Epoch 34: train_loss=0.3616185486316681

[CollapseMonitor] Epoch 34
  [DEBUG] Processed 4 batches from val_dataloader
  [DEBUG] Predictions shape after concat: (201,)
  Pred std: 0.048736, range: 0.131726, mean: 0.099908
  Pos: 100.0%, Neg: 0.0%, Unique: 201
  Dir Acc: 57.21%, Pred Sharpe: 32.5427
  Composite: 0.4497 (dist_match: 0.5721, actual_pos: 57.2%, pred_pos: 100.0%)
  Collapse penalty: 0.000000 (threshold: 0.005000)
  Saved validation predictions to: experiments/12c_h1_rolling/macro_heavy_daily_h1_h18/fold_2021/collapse_monitoring/val_predictions_epoch34.npy
  Gradient norms:
    lstm_encoder: 0.008588
    lstm_decoder: 0.005472
    output_layer: 0.082077
  VSN output std:
    encoder: 0.216373
  Attention entropy: 2.765943
  Saved to: experiments/12c_h1_rolling/macro_heavy_daily_h1_h18/fold_2021/collapse_monitoring/collapse_monitor_latest.json
[DEBUG CollapseMonitor] on_validation_epoch_start called for epoch 35
[DEBUG CollapseMonitor] reset_temporal_state() called on loss function
Epoch 35: val_loss=1.0126979351043701
Epoch 35: train_loss=0.36105212569236755

[CollapseMonitor] Epoch 35
  [DEBUG] Processed 4 batches from val_dataloader
  [DEBUG] Predictions shape after concat: (201,)
  Pred std: 0.051110, range: 0.136121, mean: 0.110180
  Pos: 100.0%, Neg: 0.0%, Unique: 200
  Dir Acc: 57.21%, Pred Sharpe: 34.2215
  Composite: 0.4497 (dist_match: 0.5721, actual_pos: 57.2%, pred_pos: 100.0%)
  Collapse penalty: 0.000000 (threshold: 0.005000)
  Saved validation predictions to: experiments/12c_h1_rolling/macro_heavy_daily_h1_h18/fold_2021/collapse_monitoring/val_predictions_epoch35.npy
  Gradient norms:
    lstm_encoder: 0.008410
    lstm_decoder: 0.005312
    output_layer: 0.091290
  VSN output std:
    encoder: 0.214763
  Attention entropy: 2.761915
  Saved to: experiments/12c_h1_rolling/macro_heavy_daily_h1_h18/fold_2021/collapse_monitoring/collapse_monitor_latest.json
[DEBUG CollapseMonitor] on_validation_epoch_start called for epoch 36
[DEBUG CollapseMonitor] reset_temporal_state() called on loss function
Epoch 36: val_loss=1.0090978145599365
Epoch 36: train_loss=0.3595143258571625

[CollapseMonitor] Epoch 36
  [DEBUG] Processed 4 batches from val_dataloader
  [DEBUG] Predictions shape after concat: (201,)
  Pred std: 0.058713, range: 0.152573, mean: 0.096250
  Pos: 100.0%, Neg: 0.0%, Unique: 201
  Dir Acc: 57.21%, Pred Sharpe: 26.0234
  Composite: 0.4497 (dist_match: 0.5721, actual_pos: 57.2%, pred_pos: 100.0%)
  Collapse penalty: 0.000000 (threshold: 0.005000)
  Saved validation predictions to: experiments/12c_h1_rolling/macro_heavy_daily_h1_h18/fold_2021/collapse_monitoring/val_predictions_epoch36.npy
  Gradient norms:
    lstm_encoder: 0.008368
    lstm_decoder: 0.005126
    output_layer: 0.082209
  VSN output std:
    encoder: 0.213219
  Attention entropy: 2.747887
  Saved to: experiments/12c_h1_rolling/macro_heavy_daily_h1_h18/fold_2021/collapse_monitoring/collapse_monitor_latest.json
[DEBUG CollapseMonitor] on_validation_epoch_start called for epoch 37
[DEBUG CollapseMonitor] reset_temporal_state() called on loss function
Epoch 37: val_loss=1.0061951875686646
Epoch 37: train_loss=0.36003637313842773

[CollapseMonitor] Epoch 37
  [DEBUG] Processed 4 batches from val_dataloader
  [DEBUG] Predictions shape after concat: (201,)
  Pred std: 0.058648, range: 0.152941, mean: 0.090290
  Pos: 100.0%, Neg: 0.0%, Unique: 201
  Dir Acc: 57.21%, Pred Sharpe: 24.4392
  Composite: 0.4497 (dist_match: 0.5721, actual_pos: 57.2%, pred_pos: 100.0%)
  Collapse penalty: 0.000000 (threshold: 0.005000)
  Saved validation predictions to: experiments/12c_h1_rolling/macro_heavy_daily_h1_h18/fold_2021/collapse_monitoring/val_predictions_epoch37.npy
  Gradient norms:
    lstm_encoder: 0.009383
    lstm_decoder: 0.005581
    output_layer: 0.079605
  VSN output std:
    encoder: 0.212876
  Attention entropy: 2.743982
  Saved to: experiments/12c_h1_rolling/macro_heavy_daily_h1_h18/fold_2021/collapse_monitoring/collapse_monitor_latest.json
[DEBUG CollapseMonitor] on_validation_epoch_start called for epoch 38
[DEBUG CollapseMonitor] reset_temporal_state() called on loss function
Epoch 38: val_loss=1.0034382343292236
Epoch 38: train_loss=0.3593464195728302

[CollapseMonitor] Epoch 38
  [DEBUG] Processed 4 batches from val_dataloader
  [DEBUG] Predictions shape after concat: (201,)
  Pred std: 0.051998, range: 0.137878, mean: 0.084287
  Pos: 100.0%, Neg: 0.0%, Unique: 201
  Dir Acc: 57.21%, Pred Sharpe: 25.7317
  Composite: 0.4497 (dist_match: 0.5721, actual_pos: 57.2%, pred_pos: 100.0%)
  Collapse penalty: 0.000000 (threshold: 0.005000)
  Saved validation predictions to: experiments/12c_h1_rolling/macro_heavy_daily_h1_h18/fold_2021/collapse_monitoring/val_predictions_epoch38.npy
  Gradient norms:
    lstm_encoder: 0.009592
    lstm_decoder: 0.005681
    output_layer: 0.084201
  VSN output std:
    encoder: 0.213056
  Attention entropy: 2.747350
  Saved to: experiments/12c_h1_rolling/macro_heavy_daily_h1_h18/fold_2021/collapse_monitoring/collapse_monitor_latest.json
[DEBUG CollapseMonitor] on_validation_epoch_start called for epoch 39
[DEBUG CollapseMonitor] reset_temporal_state() called on loss function
Epoch 39: val_loss=0.9988577365875244
Epoch 39: train_loss=0.3585015833377838

[CollapseMonitor] Epoch 39
  [DEBUG] Processed 4 batches from val_dataloader
  [DEBUG] Predictions shape after concat: (201,)
  Pred std: 0.043341, range: 0.121877, mean: 0.090152
  Pos: 100.0%, Neg: 0.0%, Unique: 201
  Dir Acc: 57.21%, Pred Sharpe: 33.0195
  Composite: 0.4497 (dist_match: 0.5721, actual_pos: 57.2%, pred_pos: 100.0%)
  Collapse penalty: 0.000000 (threshold: 0.005000)
  Saved validation predictions to: experiments/12c_h1_rolling/macro_heavy_daily_h1_h18/fold_2021/collapse_monitoring/val_predictions_epoch39.npy
  Gradient norms:
    lstm_encoder: 0.009499
    lstm_decoder: 0.005739
    output_layer: 0.090410
  VSN output std:
    encoder: 0.213957
  Attention entropy: 2.725977
  Saved to: experiments/12c_h1_rolling/macro_heavy_daily_h1_h18/fold_2021/collapse_monitoring/collapse_monitor_latest.json
[DEBUG CollapseMonitor] on_validation_epoch_start called for epoch 40
[DEBUG CollapseMonitor] reset_temporal_state() called on loss function
Epoch 40: val_loss=0.993998646736145
Epoch 40: train_loss=0.359322190284729

[CollapseMonitor] Epoch 40
  [DEBUG] Processed 4 batches from val_dataloader
  [DEBUG] Predictions shape after concat: (201,)
  Pred std: 0.051150, range: 0.135690, mean: 0.070882
  Pos: 91.5%, Neg: 8.5%, Unique: 201
  Dir Acc: 54.73%, Pred Sharpe: 21.9983
  Composite: 0.4533 (dist_match: 0.6567, actual_pos: 57.2%, pred_pos: 91.5%)
  Collapse penalty: 0.000000 (threshold: 0.005000)
  Saved validation predictions to: experiments/12c_h1_rolling/macro_heavy_daily_h1_h18/fold_2021/collapse_monitoring/val_predictions_epoch40.npy
  Gradient norms:
    lstm_encoder: 0.009570
    lstm_decoder: 0.005876
    output_layer: 0.086464
  VSN output std:
    encoder: 0.212177
  Attention entropy: 2.723254
  Saved to: experiments/12c_h1_rolling/macro_heavy_daily_h1_h18/fold_2021/collapse_monitoring/collapse_monitor_latest.json
[DEBUG CollapseMonitor] on_validation_epoch_start called for epoch 41
[DEBUG CollapseMonitor] reset_temporal_state() called on loss function
Epoch 41: val_loss=0.9920092821121216
Epoch 41: train_loss=0.3574831783771515

[CollapseMonitor] Epoch 41
  [DEBUG] Processed 4 batches from val_dataloader
  [DEBUG] Predictions shape after concat: (201,)
  Pred std: 0.053371, range: 0.144261, mean: 0.097432
  Pos: 100.0%, Neg: 0.0%, Unique: 201
  Dir Acc: 57.21%, Pred Sharpe: 28.9801
  Composite: 0.4497 (dist_match: 0.5721, actual_pos: 57.2%, pred_pos: 100.0%)
  Collapse penalty: 0.000000 (threshold: 0.005000)
  Saved validation predictions to: experiments/12c_h1_rolling/macro_heavy_daily_h1_h18/fold_2021/collapse_monitoring/val_predictions_epoch41.npy
  Gradient norms:
    lstm_encoder: 0.009345
    lstm_decoder: 0.005581
    output_layer: 0.078258
  VSN output std:
    encoder: 0.214925
  Attention entropy: 2.690903
  Saved to: experiments/12c_h1_rolling/macro_heavy_daily_h1_h18/fold_2021/collapse_monitoring/collapse_monitor_latest.json
[DEBUG CollapseMonitor] on_validation_epoch_start called for epoch 42
[DEBUG CollapseMonitor] reset_temporal_state() called on loss function
Epoch 42: val_loss=0.9912533164024353
Epoch 42: train_loss=0.3578428626060486

[CollapseMonitor] Epoch 42
  [DEBUG] Processed 4 batches from val_dataloader
  [DEBUG] Predictions shape after concat: (201,)
  Pred std: 0.050993, range: 0.136486, mean: 0.105674
  Pos: 100.0%, Neg: 0.0%, Unique: 201
  Dir Acc: 57.21%, Pred Sharpe: 32.8970
  Composite: 0.4497 (dist_match: 0.5721, actual_pos: 57.2%, pred_pos: 100.0%)
  Collapse penalty: 0.000000 (threshold: 0.005000)
  Saved validation predictions to: experiments/12c_h1_rolling/macro_heavy_daily_h1_h18/fold_2021/collapse_monitoring/val_predictions_epoch42.npy
  Gradient norms:
    lstm_encoder: 0.008891
    lstm_decoder: 0.005050
    output_layer: 0.082294
  VSN output std:
    encoder: 0.213418
  Attention entropy: 2.731294
  Saved to: experiments/12c_h1_rolling/macro_heavy_daily_h1_h18/fold_2021/collapse_monitoring/collapse_monitor_latest.json
[DEBUG CollapseMonitor] on_validation_epoch_start called for epoch 43
[DEBUG CollapseMonitor] reset_temporal_state() called on loss function
Epoch 43: val_loss=0.9872570633888245
Epoch 43: train_loss=0.3558674454689026

[CollapseMonitor] Epoch 43
  [DEBUG] Processed 4 batches from val_dataloader
  [DEBUG] Predictions shape after concat: (201,)
  Pred std: 0.065824, range: 0.172788, mean: 0.114658
  Pos: 100.0%, Neg: 0.0%, Unique: 201
  Dir Acc: 57.21%, Pred Sharpe: 27.6516
  Composite: 0.4497 (dist_match: 0.5721, actual_pos: 57.2%, pred_pos: 100.0%)
  Collapse penalty: 0.000000 (threshold: 0.005000)
  Saved validation predictions to: experiments/12c_h1_rolling/macro_heavy_daily_h1_h18/fold_2021/collapse_monitoring/val_predictions_epoch43.npy
  Gradient norms:
    lstm_encoder: 0.009813
    lstm_decoder: 0.005503
    output_layer: 0.081313
  VSN output std:
    encoder: 0.214079
  Attention entropy: 2.691408
  Saved to: experiments/12c_h1_rolling/macro_heavy_daily_h1_h18/fold_2021/collapse_monitoring/collapse_monitor_latest.json
[DEBUG CollapseMonitor] on_validation_epoch_start called for epoch 44
[DEBUG CollapseMonitor] reset_temporal_state() called on loss function
Epoch 44: val_loss=0.9861857295036316
Epoch 44: train_loss=0.3571499288082123

[CollapseMonitor] Epoch 44
  [DEBUG] Processed 4 batches from val_dataloader
  [DEBUG] Predictions shape after concat: (201,)
  Pred std: 0.064260, range: 0.166826, mean: 0.110752
  Pos: 100.0%, Neg: 0.0%, Unique: 200
  Dir Acc: 57.21%, Pred Sharpe: 27.3596
  Composite: 0.4497 (dist_match: 0.5721, actual_pos: 57.2%, pred_pos: 100.0%)
  Collapse penalty: 0.000000 (threshold: 0.005000)
  Saved validation predictions to: experiments/12c_h1_rolling/macro_heavy_daily_h1_h18/fold_2021/collapse_monitoring/val_predictions_epoch44.npy
  Gradient norms:
    lstm_encoder: 0.011430
    lstm_decoder: 0.006380
    output_layer: 0.091595
  VSN output std:
    encoder: 0.213598
  Attention entropy: 2.713696
  Saved to: experiments/12c_h1_rolling/macro_heavy_daily_h1_h18/fold_2021/collapse_monitoring/collapse_monitor_latest.json
[DEBUG CollapseMonitor] on_validation_epoch_start called for epoch 45
[DEBUG CollapseMonitor] reset_temporal_state() called on loss function
Epoch 45: val_loss=0.9823783040046692
Epoch 45: train_loss=0.35604482889175415

[CollapseMonitor] Epoch 45
  [DEBUG] Processed 4 batches from val_dataloader
  [DEBUG] Predictions shape after concat: (201,)
  Pred std: 0.058834, range: 0.154338, mean: 0.105534
  Pos: 100.0%, Neg: 0.0%, Unique: 201
  Dir Acc: 57.21%, Pred Sharpe: 28.4752
  Composite: 0.4497 (dist_match: 0.5721, actual_pos: 57.2%, pred_pos: 100.0%)
  Collapse penalty: 0.000000 (threshold: 0.005000)
  Saved validation predictions to: experiments/12c_h1_rolling/macro_heavy_daily_h1_h18/fold_2021/collapse_monitoring/val_predictions_epoch45.npy
  Gradient norms:
    lstm_encoder: 0.010542
    lstm_decoder: 0.005855
    output_layer: 0.078779
  VSN output std:
    encoder: 0.213457
  Attention entropy: 2.709455
  Saved to: experiments/12c_h1_rolling/macro_heavy_daily_h1_h18/fold_2021/collapse_monitoring/collapse_monitor_latest.json
[DEBUG CollapseMonitor] on_validation_epoch_start called for epoch 46
[DEBUG CollapseMonitor] reset_temporal_state() called on loss function
Epoch 46: val_loss=0.9813261032104492
Epoch 46: train_loss=0.355577677488327

[CollapseMonitor] Epoch 46
  [DEBUG] Processed 4 batches from val_dataloader
  [DEBUG] Predictions shape after concat: (201,)
  Pred std: 0.058258, range: 0.157855, mean: 0.109806
  Pos: 100.0%, Neg: 0.0%, Unique: 201
  Dir Acc: 57.21%, Pred Sharpe: 29.9206
  Composite: 0.4497 (dist_match: 0.5721, actual_pos: 57.2%, pred_pos: 100.0%)
  Collapse penalty: 0.000000 (threshold: 0.005000)
  Saved validation predictions to: experiments/12c_h1_rolling/macro_heavy_daily_h1_h18/fold_2021/collapse_monitoring/val_predictions_epoch46.npy
  Gradient norms:
    lstm_encoder: 0.011525
    lstm_decoder: 0.006447
    output_layer: 0.086545
  VSN output std:
    encoder: 0.215675
  Attention entropy: 2.693035
  Saved to: experiments/12c_h1_rolling/macro_heavy_daily_h1_h18/fold_2021/collapse_monitoring/collapse_monitor_latest.json
[DEBUG CollapseMonitor] on_validation_epoch_start called for epoch 47
[DEBUG CollapseMonitor] reset_temporal_state() called on loss function
Epoch 47: val_loss=0.9800797700881958
Epoch 47: train_loss=0.3569885492324829

[CollapseMonitor] Epoch 47
  [DEBUG] Processed 4 batches from val_dataloader
  [DEBUG] Predictions shape after concat: (201,)
  Pred std: 0.053290, range: 0.146204, mean: 0.092933
  Pos: 100.0%, Neg: 0.0%, Unique: 201
  Dir Acc: 57.21%, Pred Sharpe: 27.6838
  Composite: 0.4497 (dist_match: 0.5721, actual_pos: 57.2%, pred_pos: 100.0%)
  Collapse penalty: 0.000000 (threshold: 0.005000)
  Saved validation predictions to: experiments/12c_h1_rolling/macro_heavy_daily_h1_h18/fold_2021/collapse_monitoring/val_predictions_epoch47.npy
  Gradient norms:
    lstm_encoder: 0.011751
    lstm_decoder: 0.006441
    output_layer: 0.083425
  VSN output std:
    encoder: 0.216811
  Attention entropy: 2.662770
  Saved to: experiments/12c_h1_rolling/macro_heavy_daily_h1_h18/fold_2021/collapse_monitoring/collapse_monitor_latest.json
[DEBUG CollapseMonitor] on_validation_epoch_start called for epoch 48
[DEBUG CollapseMonitor] reset_temporal_state() called on loss function
Epoch 48: val_loss=0.9770249724388123
Epoch 48: train_loss=0.3546634614467621

[CollapseMonitor] Epoch 48
  [DEBUG] Processed 4 batches from val_dataloader
  [DEBUG] Predictions shape after concat: (201,)
  Pred std: 0.059490, range: 0.158511, mean: 0.133521
  Pos: 100.0%, Neg: 0.0%, Unique: 201
  Dir Acc: 57.21%, Pred Sharpe: 35.6288
  Composite: 0.4497 (dist_match: 0.5721, actual_pos: 57.2%, pred_pos: 100.0%)
  Collapse penalty: 0.000000 (threshold: 0.005000)
  Saved validation predictions to: experiments/12c_h1_rolling/macro_heavy_daily_h1_h18/fold_2021/collapse_monitoring/val_predictions_epoch48.npy
  Gradient norms:
    lstm_encoder: 0.011326
    lstm_decoder: 0.006423
    output_layer: 0.076289
  VSN output std:
    encoder: 0.215607
  Attention entropy: 2.663929
  Saved to: experiments/12c_h1_rolling/macro_heavy_daily_h1_h18/fold_2021/collapse_monitoring/collapse_monitor_latest.json
[DEBUG CollapseMonitor] on_validation_epoch_start called for epoch 49
[DEBUG CollapseMonitor] reset_temporal_state() called on loss function
Epoch 49: val_loss=0.9777985215187073
Epoch 49: train_loss=0.35591593384742737

[CollapseMonitor] Epoch 49
  [DEBUG] Processed 4 batches from val_dataloader
  [DEBUG] Predictions shape after concat: (201,)
  Pred std: 0.059693, range: 0.164628, mean: 0.112751
  Pos: 100.0%, Neg: 0.0%, Unique: 201
  Dir Acc: 57.21%, Pred Sharpe: 29.9848
  Composite: 0.4497 (dist_match: 0.5721, actual_pos: 57.2%, pred_pos: 100.0%)
  Collapse penalty: 0.000000 (threshold: 0.005000)
  Saved validation predictions to: experiments/12c_h1_rolling/macro_heavy_daily_h1_h18/fold_2021/collapse_monitoring/val_predictions_epoch49.npy
  Gradient norms:
    lstm_encoder: 0.013722
    lstm_decoder: 0.007378
    output_layer: 0.088332
  VSN output std:
    encoder: 0.217384
  Attention entropy: 2.659077
  Saved to: experiments/12c_h1_rolling/macro_heavy_daily_h1_h18/fold_2021/collapse_monitoring/collapse_monitor_latest.json
[DEBUG CollapseMonitor] on_validation_epoch_start called for epoch 50
[DEBUG CollapseMonitor] reset_temporal_state() called on loss function
Epoch 50: val_loss=0.9756483435630798
Epoch 50: train_loss=0.3547055125236511

[CollapseMonitor] Epoch 50
  [DEBUG] Processed 4 batches from val_dataloader
  [DEBUG] Predictions shape after concat: (201,)
  Pred std: 0.056987, range: 0.160217, mean: 0.100973
  Pos: 100.0%, Neg: 0.0%, Unique: 201
  Dir Acc: 57.21%, Pred Sharpe: 28.1273
  Composite: 0.4497 (dist_match: 0.5721, actual_pos: 57.2%, pred_pos: 100.0%)
  Collapse penalty: 0.000000 (threshold: 0.005000)
  Saved validation predictions to: experiments/12c_h1_rolling/macro_heavy_daily_h1_h18/fold_2021/collapse_monitoring/val_predictions_epoch50.npy
  Gradient norms:
    lstm_encoder: 0.013373
    lstm_decoder: 0.006945
    output_layer: 0.083094
  VSN output std:
    encoder: 0.217648
  Attention entropy: 2.648431
  Saved to: experiments/12c_h1_rolling/macro_heavy_daily_h1_h18/fold_2021/collapse_monitoring/collapse_monitor_latest.json
[DEBUG CollapseMonitor] on_validation_epoch_start called for epoch 51
[DEBUG CollapseMonitor] reset_temporal_state() called on loss function
Epoch 51: val_loss=0.9741895794868469
Epoch 51: train_loss=0.35438939929008484

[CollapseMonitor] Epoch 51
  [DEBUG] Processed 4 batches from val_dataloader
  [DEBUG] Predictions shape after concat: (201,)
  Pred std: 0.055086, range: 0.152119, mean: 0.092372
  Pos: 100.0%, Neg: 0.0%, Unique: 201
  Dir Acc: 57.21%, Pred Sharpe: 26.6194
  Composite: 0.4497 (dist_match: 0.5721, actual_pos: 57.2%, pred_pos: 100.0%)
  Collapse penalty: 0.000000 (threshold: 0.005000)
  Saved validation predictions to: experiments/12c_h1_rolling/macro_heavy_daily_h1_h18/fold_2021/collapse_monitoring/val_predictions_epoch51.npy
  Gradient norms:
    lstm_encoder: 0.011750
    lstm_decoder: 0.005996
    output_layer: 0.080719
  VSN output std:
    encoder: 0.217225
  Attention entropy: 2.647293
  Saved to: experiments/12c_h1_rolling/macro_heavy_daily_h1_h18/fold_2021/collapse_monitoring/collapse_monitor_latest.json
[DEBUG CollapseMonitor] on_validation_epoch_start called for epoch 52
[DEBUG CollapseMonitor] reset_temporal_state() called on loss function
Epoch 52: val_loss=0.9716010689735413
Epoch 52: train_loss=0.355025053024292

[CollapseMonitor] Epoch 52
  [DEBUG] Processed 4 batches from val_dataloader
  [DEBUG] Predictions shape after concat: (201,)
  Pred std: 0.052973, range: 0.151468, mean: 0.106329
  Pos: 100.0%, Neg: 0.0%, Unique: 201
  Dir Acc: 57.21%, Pred Sharpe: 31.8640
  Composite: 0.4497 (dist_match: 0.5721, actual_pos: 57.2%, pred_pos: 100.0%)
  Collapse penalty: 0.000000 (threshold: 0.005000)
  Saved validation predictions to: experiments/12c_h1_rolling/macro_heavy_daily_h1_h18/fold_2021/collapse_monitoring/val_predictions_epoch52.npy
  Gradient norms:
    lstm_encoder: 0.014016
    lstm_decoder: 0.006940
    output_layer: 0.081390
  VSN output std:
    encoder: 0.219074
  Attention entropy: 2.620185
  Saved to: experiments/12c_h1_rolling/macro_heavy_daily_h1_h18/fold_2021/collapse_monitoring/collapse_monitor_latest.json
[DEBUG CollapseMonitor] on_validation_epoch_start called for epoch 53
[DEBUG CollapseMonitor] reset_temporal_state() called on loss function
Epoch 53: val_loss=0.970611035823822
Epoch 53: train_loss=0.35460367798805237

[CollapseMonitor] Epoch 53
  [DEBUG] Processed 4 batches from val_dataloader
  [DEBUG] Predictions shape after concat: (201,)
  Pred std: 0.052383, range: 0.148823, mean: 0.106236
  Pos: 100.0%, Neg: 0.0%, Unique: 201
  Dir Acc: 57.21%, Pred Sharpe: 32.1944
  Composite: 0.4497 (dist_match: 0.5721, actual_pos: 57.2%, pred_pos: 100.0%)
  Collapse penalty: 0.000000 (threshold: 0.005000)
  Saved validation predictions to: experiments/12c_h1_rolling/macro_heavy_daily_h1_h18/fold_2021/collapse_monitoring/val_predictions_epoch53.npy
  Gradient norms:
    lstm_encoder: 0.013638
    lstm_decoder: 0.006813
    output_layer: 0.075493
  VSN output std:
    encoder: 0.217310
  Attention entropy: 2.631399
  Saved to: experiments/12c_h1_rolling/macro_heavy_daily_h1_h18/fold_2021/collapse_monitoring/collapse_monitor_latest.json
[DEBUG CollapseMonitor] on_validation_epoch_start called for epoch 54
[DEBUG CollapseMonitor] reset_temporal_state() called on loss function
Epoch 54: val_loss=0.9685996770858765
Epoch 54: train_loss=0.35444822907447815

[CollapseMonitor] Epoch 54
  [DEBUG] Processed 4 batches from val_dataloader
  [DEBUG] Predictions shape after concat: (201,)
  Pred std: 0.054703, range: 0.151100, mean: 0.096530
  Pos: 100.0%, Neg: 0.0%, Unique: 200
  Dir Acc: 57.21%, Pred Sharpe: 28.0122
  Composite: 0.4497 (dist_match: 0.5721, actual_pos: 57.2%, pred_pos: 100.0%)
  Collapse penalty: 0.000000 (threshold: 0.005000)
  Saved validation predictions to: experiments/12c_h1_rolling/macro_heavy_daily_h1_h18/fold_2021/collapse_monitoring/val_predictions_epoch54.npy
  Gradient norms:
    lstm_encoder: 0.013677
    lstm_decoder: 0.007043
    output_layer: 0.084907
  VSN output std:
    encoder: 0.215514
  Attention entropy: 2.615910
  Saved to: experiments/12c_h1_rolling/macro_heavy_daily_h1_h18/fold_2021/collapse_monitoring/collapse_monitor_latest.json
[DEBUG CollapseMonitor] on_validation_epoch_start called for epoch 55
[DEBUG CollapseMonitor] reset_temporal_state() called on loss function
Epoch 55: val_loss=0.9698169231414795
Epoch 55: train_loss=0.35368064045906067

[CollapseMonitor] Epoch 55
  [DEBUG] Processed 4 batches from val_dataloader
  [DEBUG] Predictions shape after concat: (201,)
  Pred std: 0.064649, range: 0.173473, mean: 0.115619
  Pos: 100.0%, Neg: 0.0%, Unique: 200
  Dir Acc: 57.21%, Pred Sharpe: 28.3900
  Composite: 0.4497 (dist_match: 0.5721, actual_pos: 57.2%, pred_pos: 100.0%)
  Collapse penalty: 0.000000 (threshold: 0.005000)
  Saved validation predictions to: experiments/12c_h1_rolling/macro_heavy_daily_h1_h18/fold_2021/collapse_monitoring/val_predictions_epoch55.npy
  Gradient norms:
    lstm_encoder: 0.014581
    lstm_decoder: 0.007038
    output_layer: 0.086284
  VSN output std:
    encoder: 0.215357
  Attention entropy: 2.650514
  Saved to: experiments/12c_h1_rolling/macro_heavy_daily_h1_h18/fold_2021/collapse_monitoring/collapse_monitor_latest.json
[DEBUG CollapseMonitor] on_validation_epoch_start called for epoch 56
[DEBUG CollapseMonitor] reset_temporal_state() called on loss function
Epoch 56: val_loss=0.9684369564056396
Epoch 56: train_loss=0.3525432348251343

[CollapseMonitor] Epoch 56
  [DEBUG] Processed 4 batches from val_dataloader
  [DEBUG] Predictions shape after concat: (201,)
  Pred std: 0.056330, range: 0.158650, mean: 0.110963
  Pos: 100.0%, Neg: 0.0%, Unique: 200
  Dir Acc: 57.21%, Pred Sharpe: 31.2706
  Composite: 0.4497 (dist_match: 0.5721, actual_pos: 57.2%, pred_pos: 100.0%)
  Collapse penalty: 0.000000 (threshold: 0.005000)
  Saved validation predictions to: experiments/12c_h1_rolling/macro_heavy_daily_h1_h18/fold_2021/collapse_monitoring/val_predictions_epoch56.npy
  Gradient norms:
    lstm_encoder: 0.016707
    lstm_decoder: 0.007949
    output_layer: 0.099443
  VSN output std:
    encoder: 0.216676
  Attention entropy: 2.650728
  Saved to: experiments/12c_h1_rolling/macro_heavy_daily_h1_h18/fold_2021/collapse_monitoring/collapse_monitor_latest.json
[DEBUG CollapseMonitor] on_validation_epoch_start called for epoch 57
[DEBUG CollapseMonitor] reset_temporal_state() called on loss function
Epoch 57: val_loss=0.9665281176567078
Epoch 57: train_loss=0.35373806953430176

[CollapseMonitor] Epoch 57
  [DEBUG] Processed 4 batches from val_dataloader
  [DEBUG] Predictions shape after concat: (201,)
  Pred std: 0.063651, range: 0.180419, mean: 0.107482
  Pos: 97.5%, Neg: 2.5%, Unique: 200
  Dir Acc: 57.71%, Pred Sharpe: 26.8060
  Composite: 0.4608 (dist_match: 0.5970, actual_pos: 57.2%, pred_pos: 97.5%)
  Collapse penalty: 0.000000 (threshold: 0.005000)
  Saved validation predictions to: experiments/12c_h1_rolling/macro_heavy_daily_h1_h18/fold_2021/collapse_monitoring/val_predictions_epoch57.npy
  Gradient norms:
    lstm_encoder: 0.016780
    lstm_decoder: 0.007556
    output_layer: 0.081156
  VSN output std:
    encoder: 0.217886
  Attention entropy: 2.623517
  Saved to: experiments/12c_h1_rolling/macro_heavy_daily_h1_h18/fold_2021/collapse_monitoring/collapse_monitor_latest.json
[DEBUG CollapseMonitor] on_validation_epoch_start called for epoch 58
[DEBUG CollapseMonitor] reset_temporal_state() called on loss function
Epoch 58: val_loss=0.9644947648048401
Epoch 58: train_loss=0.35377374291419983

[CollapseMonitor] Epoch 58
  [DEBUG] Processed 4 batches from val_dataloader
  [DEBUG] Predictions shape after concat: (201,)
  Pred std: 0.067659, range: 0.188288, mean: 0.118949
  Pos: 100.0%, Neg: 0.0%, Unique: 201
  Dir Acc: 57.21%, Pred Sharpe: 27.9086
  Composite: 0.4497 (dist_match: 0.5721, actual_pos: 57.2%, pred_pos: 100.0%)
  Collapse penalty: 0.000000 (threshold: 0.005000)
  Saved validation predictions to: experiments/12c_h1_rolling/macro_heavy_daily_h1_h18/fold_2021/collapse_monitoring/val_predictions_epoch58.npy
  Gradient norms:
    lstm_encoder: 0.016888
    lstm_decoder: 0.007726
    output_layer: 0.085679
  VSN output std:
    encoder: 0.216437
  Attention entropy: 2.612280
  Saved to: experiments/12c_h1_rolling/macro_heavy_daily_h1_h18/fold_2021/collapse_monitoring/collapse_monitor_latest.json
[DEBUG CollapseMonitor] on_validation_epoch_start called for epoch 59
[DEBUG CollapseMonitor] reset_temporal_state() called on loss function
Epoch 59: val_loss=0.9647207856178284
Epoch 59: train_loss=0.3528599739074707

[CollapseMonitor] Epoch 59
  [DEBUG] Processed 4 batches from val_dataloader
  [DEBUG] Predictions shape after concat: (201,)
  Pred std: 0.061621, range: 0.174698, mean: 0.108676
  Pos: 100.0%, Neg: 0.0%, Unique: 201
  Dir Acc: 57.21%, Pred Sharpe: 27.9964
  Composite: 0.4497 (dist_match: 0.5721, actual_pos: 57.2%, pred_pos: 100.0%)
  Collapse penalty: 0.000000 (threshold: 0.005000)
  Saved validation predictions to: experiments/12c_h1_rolling/macro_heavy_daily_h1_h18/fold_2021/collapse_monitoring/val_predictions_epoch59.npy
  Gradient norms:
    lstm_encoder: 0.017047
    lstm_decoder: 0.007992
    output_layer: 0.086395
  VSN output std:
    encoder: 0.216379
  Attention entropy: 2.609065
  Saved to: experiments/12c_h1_rolling/macro_heavy_daily_h1_h18/fold_2021/collapse_monitoring/collapse_monitor_latest.json
[DEBUG CollapseMonitor] on_validation_epoch_start called for epoch 60
[DEBUG CollapseMonitor] reset_temporal_state() called on loss function
Epoch 60: val_loss=0.9635276794433594
Epoch 60: train_loss=0.35380926728248596

[CollapseMonitor] Epoch 60
  [DEBUG] Processed 4 batches from val_dataloader
  [DEBUG] Predictions shape after concat: (201,)
  Pred std: 0.064407, range: 0.185557, mean: 0.104224
  Pos: 94.0%, Neg: 6.0%, Unique: 201
  Dir Acc: 56.22%, Pred Sharpe: 25.6881
  Composite: 0.4587 (dist_match: 0.6318, actual_pos: 57.2%, pred_pos: 94.0%)
  Collapse penalty: 0.000000 (threshold: 0.005000)
  Saved validation predictions to: experiments/12c_h1_rolling/macro_heavy_daily_h1_h18/fold_2021/collapse_monitoring/val_predictions_epoch60.npy
  Gradient norms:
    lstm_encoder: 0.017639
    lstm_decoder: 0.007587
    output_layer: 0.080016
  VSN output std:
    encoder: 0.217486
  Attention entropy: 2.568784
  Saved to: experiments/12c_h1_rolling/macro_heavy_daily_h1_h18/fold_2021/collapse_monitoring/collapse_monitor_latest.json
[DEBUG CollapseMonitor] on_validation_epoch_start called for epoch 61
[DEBUG CollapseMonitor] reset_temporal_state() called on loss function
Epoch 61: val_loss=0.9625335335731506
Epoch 61: train_loss=0.35323473811149597

[CollapseMonitor] Epoch 61
  [DEBUG] Processed 4 batches from val_dataloader
  [DEBUG] Predictions shape after concat: (201,)
  Pred std: 0.050606, range: 0.155112, mean: 0.094479
  Pos: 98.5%, Neg: 1.5%, Unique: 201
  Dir Acc: 56.72%, Pred Sharpe: 29.6370
  Composite: 0.4501 (dist_match: 0.5871, actual_pos: 57.2%, pred_pos: 98.5%)
  Collapse penalty: 0.000000 (threshold: 0.005000)
  Saved validation predictions to: experiments/12c_h1_rolling/macro_heavy_daily_h1_h18/fold_2021/collapse_monitoring/val_predictions_epoch61.npy
  Gradient norms:
    lstm_encoder: 0.017426
    lstm_decoder: 0.008132
    output_layer: 0.081653
  VSN output std:
    encoder: 0.218749
  Attention entropy: 2.588991
  Saved to: experiments/12c_h1_rolling/macro_heavy_daily_h1_h18/fold_2021/collapse_monitoring/collapse_monitor_latest.json
[DEBUG CollapseMonitor] on_validation_epoch_start called for epoch 62
[DEBUG CollapseMonitor] reset_temporal_state() called on loss function
Epoch 62: val_loss=0.9626632332801819
Epoch 62: train_loss=0.3524909019470215

[CollapseMonitor] Epoch 62
  [DEBUG] Processed 4 batches from val_dataloader
  [DEBUG] Predictions shape after concat: (201,)
  Pred std: 0.063673, range: 0.182521, mean: 0.101892
  Pos: 94.5%, Neg: 5.5%, Unique: 201
  Dir Acc: 56.72%, Pred Sharpe: 25.4028
  Composite: 0.4613 (dist_match: 0.6269, actual_pos: 57.2%, pred_pos: 94.5%)
  Collapse penalty: 0.000000 (threshold: 0.005000)
  Saved validation predictions to: experiments/12c_h1_rolling/macro_heavy_daily_h1_h18/fold_2021/collapse_monitoring/val_predictions_epoch62.npy
  Gradient norms:
    lstm_encoder: 0.018054
    lstm_decoder: 0.007897
    output_layer: 0.080532
  VSN output std:
    encoder: 0.216510
  Attention entropy: 2.579320
  Saved to: experiments/12c_h1_rolling/macro_heavy_daily_h1_h18/fold_2021/collapse_monitoring/collapse_monitor_latest.json
[DEBUG CollapseMonitor] on_validation_epoch_start called for epoch 63
[DEBUG CollapseMonitor] reset_temporal_state() called on loss function
Epoch 63: val_loss=0.9627028703689575
Epoch 63: train_loss=0.3531903326511383

[CollapseMonitor] Epoch 63
  [DEBUG] Processed 4 batches from val_dataloader
  [DEBUG] Predictions shape after concat: (201,)
  Pred std: 0.060285, range: 0.178848, mean: 0.092283
  Pos: 86.1%, Neg: 13.9%, Unique: 201
  Dir Acc: 52.24%, Pred Sharpe: 24.3002
  Composite: 0.4470 (dist_match: 0.7114, actual_pos: 57.2%, pred_pos: 86.1%)
  Collapse penalty: 0.000000 (threshold: 0.005000)
  Saved validation predictions to: experiments/12c_h1_rolling/macro_heavy_daily_h1_h18/fold_2021/collapse_monitoring/val_predictions_epoch63.npy
  Gradient norms:
    lstm_encoder: 0.019833
    lstm_decoder: 0.008880
    output_layer: 0.083207
  VSN output std:
    encoder: 0.217621
  Attention entropy: 2.580643
  Saved to: experiments/12c_h1_rolling/macro_heavy_daily_h1_h18/fold_2021/collapse_monitoring/collapse_monitor_latest.json
[DEBUG CollapseMonitor] on_validation_epoch_start called for epoch 64
[DEBUG CollapseMonitor] reset_temporal_state() called on loss function
Epoch 64: val_loss=0.9613588452339172
Epoch 64: train_loss=0.35317158699035645

[CollapseMonitor] Epoch 64
  [DEBUG] Processed 4 batches from val_dataloader
  [DEBUG] Predictions shape after concat: (201,)
  Pred std: 0.061862, range: 0.185537, mean: 0.079865
  Pos: 83.1%, Neg: 16.9%, Unique: 200
  Dir Acc: 54.23%, Pred Sharpe: 20.4943
  Composite: 0.4721 (dist_match: 0.7413, actual_pos: 57.2%, pred_pos: 83.1%)
  Collapse penalty: 0.000000 (threshold: 0.005000)
  Saved validation predictions to: experiments/12c_h1_rolling/macro_heavy_daily_h1_h18/fold_2021/collapse_monitoring/val_predictions_epoch64.npy
  Gradient norms:
    lstm_encoder: 0.020486
    lstm_decoder: 0.008576
    output_layer: 0.086511
  VSN output std:
    encoder: 0.217947
  Attention entropy: 2.601004
  Saved to: experiments/12c_h1_rolling/macro_heavy_daily_h1_h18/fold_2021/collapse_monitoring/collapse_monitor_latest.json
[DEBUG CollapseMonitor] on_validation_epoch_start called for epoch 65
[DEBUG CollapseMonitor] reset_temporal_state() called on loss function
Epoch 65: val_loss=0.9599629044532776
Epoch 65: train_loss=0.35105016827583313

[CollapseMonitor] Epoch 65
  [DEBUG] Processed 4 batches from val_dataloader
  [DEBUG] Predictions shape after concat: (201,)
  Pred std: 0.063136, range: 0.189718, mean: 0.087585
  Pos: 84.1%, Neg: 15.9%, Unique: 201
  Dir Acc: 54.23%, Pred Sharpe: 22.0219
  Composite: 0.4694 (dist_match: 0.7313, actual_pos: 57.2%, pred_pos: 84.1%)
  Collapse penalty: 0.000000 (threshold: 0.005000)
  Saved validation predictions to: experiments/12c_h1_rolling/macro_heavy_daily_h1_h18/fold_2021/collapse_monitoring/val_predictions_epoch65.npy
  Gradient norms:
    lstm_encoder: 0.021867
    lstm_decoder: 0.009175
    output_layer: 0.082845
  VSN output std:
    encoder: 0.217312
  Attention entropy: 2.596038
  Saved to: experiments/12c_h1_rolling/macro_heavy_daily_h1_h18/fold_2021/collapse_monitoring/collapse_monitor_latest.json
[DEBUG CollapseMonitor] on_validation_epoch_start called for epoch 66
[DEBUG CollapseMonitor] reset_temporal_state() called on loss function
Epoch 66: val_loss=0.958239734172821
Epoch 66: train_loss=0.35057058930397034

[CollapseMonitor] Epoch 66
  [DEBUG] Processed 4 batches from val_dataloader
  [DEBUG] Predictions shape after concat: (201,)
  Pred std: 0.063527, range: 0.194091, mean: 0.111261
  Pos: 98.0%, Neg: 2.0%, Unique: 201
  Dir Acc: 57.21%, Pred Sharpe: 27.8025
  Composite: 0.4554 (dist_match: 0.5920, actual_pos: 57.2%, pred_pos: 98.0%)
  Collapse penalty: 0.000000 (threshold: 0.005000)
  Saved validation predictions to: experiments/12c_h1_rolling/macro_heavy_daily_h1_h18/fold_2021/collapse_monitoring/val_predictions_epoch66.npy
  Gradient norms:
    lstm_encoder: 0.020697
    lstm_decoder: 0.008721
    output_layer: 0.084762
  VSN output std:
    encoder: 0.218832
  Attention entropy: 2.619695
  Saved to: experiments/12c_h1_rolling/macro_heavy_daily_h1_h18/fold_2021/collapse_monitoring/collapse_monitor_latest.json
[DEBUG CollapseMonitor] on_validation_epoch_start called for epoch 67
[DEBUG CollapseMonitor] reset_temporal_state() called on loss function
Epoch 67: val_loss=0.9586064219474792
Epoch 67: train_loss=0.35240405797958374

[CollapseMonitor] Epoch 67
  [DEBUG] Processed 4 batches from val_dataloader
  [DEBUG] Predictions shape after concat: (201,)
  Pred std: 0.075234, range: 0.216731, mean: 0.136540
  Pos: 100.0%, Neg: 0.0%, Unique: 201
  Dir Acc: 57.21%, Pred Sharpe: 28.8101
  Composite: 0.4497 (dist_match: 0.5721, actual_pos: 57.2%, pred_pos: 100.0%)
  Collapse penalty: 0.000000 (threshold: 0.005000)
  Saved validation predictions to: experiments/12c_h1_rolling/macro_heavy_daily_h1_h18/fold_2021/collapse_monitoring/val_predictions_epoch67.npy
  Gradient norms:
    lstm_encoder: 0.021522
    lstm_decoder: 0.008466
    output_layer: 0.079326
  VSN output std:
    encoder: 0.217410
  Attention entropy: 2.612644
  Saved to: experiments/12c_h1_rolling/macro_heavy_daily_h1_h18/fold_2021/collapse_monitoring/collapse_monitor_latest.json
[DEBUG CollapseMonitor] on_validation_epoch_start called for epoch 68
[DEBUG CollapseMonitor] reset_temporal_state() called on loss function
Epoch 68: val_loss=0.9577154517173767
Epoch 68: train_loss=0.35295724868774414

[CollapseMonitor] Epoch 68
  [DEBUG] Processed 4 batches from val_dataloader
  [DEBUG] Predictions shape after concat: (201,)
  Pred std: 0.077515, range: 0.227252, mean: 0.116058
  Pos: 87.6%, Neg: 12.4%, Unique: 201
  Dir Acc: 53.73%, Pred Sharpe: 23.7679
  Composite: 0.4558 (dist_match: 0.6965, actual_pos: 57.2%, pred_pos: 87.6%)
  Collapse penalty: 0.000000 (threshold: 0.005000)
  Saved validation predictions to: experiments/12c_h1_rolling/macro_heavy_daily_h1_h18/fold_2021/collapse_monitoring/val_predictions_epoch68.npy
  Gradient norms:
    lstm_encoder: 0.022712
    lstm_decoder: 0.008814
    output_layer: 0.084304
  VSN output std:
    encoder: 0.217388
  Attention entropy: 2.615339
  Saved to: experiments/12c_h1_rolling/macro_heavy_daily_h1_h18/fold_2021/collapse_monitoring/collapse_monitor_latest.json
[DEBUG CollapseMonitor] on_validation_epoch_start called for epoch 69
[DEBUG CollapseMonitor] reset_temporal_state() called on loss function
Epoch 69: val_loss=0.9562458395957947
Epoch 69: train_loss=0.35236382484436035

[CollapseMonitor] Epoch 69
  [DEBUG] Processed 4 batches from val_dataloader
  [DEBUG] Predictions shape after concat: (201,)
  Pred std: 0.078107, range: 0.236017, mean: 0.133212
  Pos: 91.5%, Neg: 8.5%, Unique: 201
  Dir Acc: 54.73%, Pred Sharpe: 27.0741
  Composite: 0.4533 (dist_match: 0.6567, actual_pos: 57.2%, pred_pos: 91.5%)
  Collapse penalty: 0.000000 (threshold: 0.005000)
  Saved validation predictions to: experiments/12c_h1_rolling/macro_heavy_daily_h1_h18/fold_2021/collapse_monitoring/val_predictions_epoch69.npy
  Gradient norms:
    lstm_encoder: 0.022993
    lstm_decoder: 0.008537
    output_layer: 0.080813
  VSN output std:
    encoder: 0.221316
  Attention entropy: 2.636441
  Saved to: experiments/12c_h1_rolling/macro_heavy_daily_h1_h18/fold_2021/collapse_monitoring/collapse_monitor_latest.json
[DEBUG CollapseMonitor] on_validation_epoch_start called for epoch 70
[DEBUG CollapseMonitor] reset_temporal_state() called on loss function
Epoch 70: val_loss=0.9561846256256104
Epoch 70: train_loss=0.3518602252006531

[CollapseMonitor] Epoch 70
  [DEBUG] Processed 4 batches from val_dataloader
  [DEBUG] Predictions shape after concat: (201,)
  Pred std: 0.081336, range: 0.239653, mean: 0.122081
  Pos: 88.1%, Neg: 11.9%, Unique: 199
  Dir Acc: 54.23%, Pred Sharpe: 23.8267
  Composite: 0.4587 (dist_match: 0.6915, actual_pos: 57.2%, pred_pos: 88.1%)
  Collapse penalty: 0.000000 (threshold: 0.005000)
  Saved validation predictions to: experiments/12c_h1_rolling/macro_heavy_daily_h1_h18/fold_2021/collapse_monitoring/val_predictions_epoch70.npy
  Gradient norms:
    lstm_encoder: 0.022577
    lstm_decoder: 0.008269
    output_layer: 0.077853
  VSN output std:
    encoder: 0.218204
  Attention entropy: 2.590362
  Saved to: experiments/12c_h1_rolling/macro_heavy_daily_h1_h18/fold_2021/collapse_monitoring/collapse_monitor_latest.json
[DEBUG CollapseMonitor] on_validation_epoch_start called for epoch 71
[DEBUG CollapseMonitor] reset_temporal_state() called on loss function
Epoch 71: val_loss=0.9550747275352478
Epoch 71: train_loss=0.35114040970802307

[CollapseMonitor] Epoch 71
  [DEBUG] Processed 4 batches from val_dataloader
  [DEBUG] Predictions shape after concat: (201,)
  Pred std: 0.076266, range: 0.230359, mean: 0.132370
  Pos: 94.0%, Neg: 6.0%, Unique: 200
  Dir Acc: 55.22%, Pred Sharpe: 27.5524
  Composite: 0.4506 (dist_match: 0.6318, actual_pos: 57.2%, pred_pos: 94.0%)
  Collapse penalty: 0.000000 (threshold: 0.005000)
  Saved validation predictions to: experiments/12c_h1_rolling/macro_heavy_daily_h1_h18/fold_2021/collapse_monitoring/val_predictions_epoch71.npy
  Gradient norms:
    lstm_encoder: 0.024515
    lstm_decoder: 0.009366
    output_layer: 0.086600
  VSN output std:
    encoder: 0.218943
  Attention entropy: 2.577267
  Saved to: experiments/12c_h1_rolling/macro_heavy_daily_h1_h18/fold_2021/collapse_monitoring/collapse_monitor_latest.json
[DEBUG CollapseMonitor] on_validation_epoch_start called for epoch 72
[DEBUG CollapseMonitor] reset_temporal_state() called on loss function
Epoch 72: val_loss=0.9551270008087158
Epoch 72: train_loss=0.35097038745880127

[CollapseMonitor] Epoch 72
  [DEBUG] Processed 4 batches from val_dataloader
  [DEBUG] Predictions shape after concat: (201,)
  Pred std: 0.069696, range: 0.216333, mean: 0.116682
  Pos: 90.0%, Neg: 10.0%, Unique: 200
  Dir Acc: 55.22%, Pred Sharpe: 26.5765
  Composite: 0.4616 (dist_match: 0.6716, actual_pos: 57.2%, pred_pos: 90.0%)
  Collapse penalty: 0.000000 (threshold: 0.005000)
  Saved validation predictions to: experiments/12c_h1_rolling/macro_heavy_daily_h1_h18/fold_2021/collapse_monitoring/val_predictions_epoch72.npy
  Gradient norms:
    lstm_encoder: 0.024662
    lstm_decoder: 0.007990
    output_layer: 0.084306
  VSN output std:
    encoder: 0.220491
  Attention entropy: 2.564651
  Saved to: experiments/12c_h1_rolling/macro_heavy_daily_h1_h18/fold_2021/collapse_monitoring/collapse_monitor_latest.json
[DEBUG CollapseMonitor] on_validation_epoch_start called for epoch 73
[DEBUG CollapseMonitor] reset_temporal_state() called on loss function
Epoch 73: val_loss=0.9562930464744568
Epoch 73: train_loss=0.3497995436191559

[CollapseMonitor] Epoch 73
  [DEBUG] Processed 4 batches from val_dataloader
  [DEBUG] Predictions shape after concat: (201,)
  Pred std: 0.061086, range: 0.188350, mean: 0.094168
  Pos: 86.1%, Neg: 13.9%, Unique: 201
  Dir Acc: 52.24%, Pred Sharpe: 24.4717
  Composite: 0.4470 (dist_match: 0.7114, actual_pos: 57.2%, pred_pos: 86.1%)
  Collapse penalty: 0.000000 (threshold: 0.005000)
  Saved validation predictions to: experiments/12c_h1_rolling/macro_heavy_daily_h1_h18/fold_2021/collapse_monitoring/val_predictions_epoch73.npy
  Gradient norms:
    lstm_encoder: 0.022946
    lstm_decoder: 0.007599
    output_layer: 0.075730
  VSN output std:
    encoder: 0.219006
  Attention entropy: 2.557085
  Saved to: experiments/12c_h1_rolling/macro_heavy_daily_h1_h18/fold_2021/collapse_monitoring/collapse_monitor_latest.json
[DEBUG CollapseMonitor] on_validation_epoch_start called for epoch 74
[DEBUG CollapseMonitor] reset_temporal_state() called on loss function
Epoch 74: val_loss=0.9549462795257568
Epoch 74: train_loss=0.3499011695384979

[CollapseMonitor] Epoch 74
  [DEBUG] Processed 4 batches from val_dataloader
  [DEBUG] Predictions shape after concat: (201,)
  Pred std: 0.059559, range: 0.186578, mean: 0.082467
  Pos: 83.6%, Neg: 16.4%, Unique: 200
  Dir Acc: 54.73%, Pred Sharpe: 21.9804
  Composite: 0.4751 (dist_match: 0.7363, actual_pos: 57.2%, pred_pos: 83.6%)
  Collapse penalty: 0.000000 (threshold: 0.005000)
  Saved validation predictions to: experiments/12c_h1_rolling/macro_heavy_daily_h1_h18/fold_2021/collapse_monitoring/val_predictions_epoch74.npy
  Gradient norms:
    lstm_encoder: 0.024471
    lstm_decoder: 0.009360
    output_layer: 0.085742
  VSN output std:
    encoder: 0.217814
  Attention entropy: 2.569289
  Saved to: experiments/12c_h1_rolling/macro_heavy_daily_h1_h18/fold_2021/collapse_monitoring/collapse_monitor_latest.json
[DEBUG CollapseMonitor] on_validation_epoch_start called for epoch 75
[DEBUG CollapseMonitor] reset_temporal_state() called on loss function
Epoch 75: val_loss=0.9539336562156677
Epoch 75: train_loss=0.35108813643455505

[CollapseMonitor] Epoch 75
  [DEBUG] Processed 4 batches from val_dataloader
  [DEBUG] Predictions shape after concat: (201,)
  Pred std: 0.065567, range: 0.204871, mean: 0.080352
  Pos: 82.6%, Neg: 17.4%, Unique: 201
  Dir Acc: 53.73%, Pred Sharpe: 19.4542
  Composite: 0.4691 (dist_match: 0.7463, actual_pos: 57.2%, pred_pos: 82.6%)
  Collapse penalty: 0.000000 (threshold: 0.005000)
  Saved validation predictions to: experiments/12c_h1_rolling/macro_heavy_daily_h1_h18/fold_2021/collapse_monitoring/val_predictions_epoch75.npy
  Gradient norms:
    lstm_encoder: 0.025630
    lstm_decoder: 0.008923
    output_layer: 0.091106
  VSN output std:
    encoder: 0.218344
  Attention entropy: 2.576396
  Saved to: experiments/12c_h1_rolling/macro_heavy_daily_h1_h18/fold_2021/collapse_monitoring/collapse_monitor_latest.json
[DEBUG CollapseMonitor] on_validation_epoch_start called for epoch 76
[DEBUG CollapseMonitor] reset_temporal_state() called on loss function
Epoch 76: val_loss=0.952690601348877
Epoch 76: train_loss=0.3514401912689209

[CollapseMonitor] Epoch 76
  [DEBUG] Processed 4 batches from val_dataloader
  [DEBUG] Predictions shape after concat: (201,)
  Pred std: 0.062201, range: 0.198113, mean: 0.078900
  Pos: 83.6%, Neg: 16.4%, Unique: 201
  Dir Acc: 54.73%, Pred Sharpe: 20.1365
  Composite: 0.4751 (dist_match: 0.7363, actual_pos: 57.2%, pred_pos: 83.6%)
  Collapse penalty: 0.000000 (threshold: 0.005000)
  Saved validation predictions to: experiments/12c_h1_rolling/macro_heavy_daily_h1_h18/fold_2021/collapse_monitoring/val_predictions_epoch76.npy
  Gradient norms:
    lstm_encoder: 0.027711
    lstm_decoder: 0.008826
    output_layer: 0.079655
  VSN output std:
    encoder: 0.218840
  Attention entropy: 2.564977
  Saved to: experiments/12c_h1_rolling/macro_heavy_daily_h1_h18/fold_2021/collapse_monitoring/collapse_monitor_latest.json
[DEBUG CollapseMonitor] on_validation_epoch_start called for epoch 77
[DEBUG CollapseMonitor] reset_temporal_state() called on loss function
Epoch 77: val_loss=0.9517883658409119
Epoch 77: train_loss=0.3493339717388153

[CollapseMonitor] Epoch 77
  [DEBUG] Processed 4 batches from val_dataloader
  [DEBUG] Predictions shape after concat: (201,)
  Pred std: 0.053835, range: 0.177125, mean: 0.069833
  Pos: 82.1%, Neg: 17.9%, Unique: 201
  Dir Acc: 53.23%, Pred Sharpe: 20.5918
  Composite: 0.4661 (dist_match: 0.7512, actual_pos: 57.2%, pred_pos: 82.1%)
  Collapse penalty: 0.000000 (threshold: 0.005000)
  Saved validation predictions to: experiments/12c_h1_rolling/macro_heavy_daily_h1_h18/fold_2021/collapse_monitoring/val_predictions_epoch77.npy
  Gradient norms:
    lstm_encoder: 0.028700
    lstm_decoder: 0.009995
    output_layer: 0.086202
  VSN output std:
    encoder: 0.218317
  Attention entropy: 2.581453
  Saved to: experiments/12c_h1_rolling/macro_heavy_daily_h1_h18/fold_2021/collapse_monitoring/collapse_monitor_latest.json
[DEBUG CollapseMonitor] on_validation_epoch_start called for epoch 78
[DEBUG CollapseMonitor] reset_temporal_state() called on loss function
Epoch 78: val_loss=0.9509257674217224
Epoch 78: train_loss=0.3507978022098541

[CollapseMonitor] Epoch 78
  [DEBUG] Processed 4 batches from val_dataloader
  [DEBUG] Predictions shape after concat: (201,)
  Pred std: 0.056116, range: 0.182352, mean: 0.093665
  Pos: 88.1%, Neg: 11.9%, Unique: 201
  Dir Acc: 53.23%, Pred Sharpe: 26.4968
  Composite: 0.4502 (dist_match: 0.6915, actual_pos: 57.2%, pred_pos: 88.1%)
  Collapse penalty: 0.000000 (threshold: 0.005000)
  Saved validation predictions to: experiments/12c_h1_rolling/macro_heavy_daily_h1_h18/fold_2021/collapse_monitoring/val_predictions_epoch78.npy
  Gradient norms:
    lstm_encoder: 0.025332
    lstm_decoder: 0.008607
    output_layer: 0.084088
  VSN output std:
    encoder: 0.217573
  Attention entropy: 2.570436
  Saved to: experiments/12c_h1_rolling/macro_heavy_daily_h1_h18/fold_2021/collapse_monitoring/collapse_monitor_latest.json
[DEBUG CollapseMonitor] on_validation_epoch_start called for epoch 79
[DEBUG CollapseMonitor] reset_temporal_state() called on loss function
Epoch 79: val_loss=0.952751100063324
Epoch 79: train_loss=0.349687397480011

[CollapseMonitor] Epoch 79
  [DEBUG] Processed 4 batches from val_dataloader
  [DEBUG] Predictions shape after concat: (201,)
  Pred std: 0.064571, range: 0.205845, mean: 0.079273
  Pos: 82.6%, Neg: 17.4%, Unique: 201
  Dir Acc: 53.73%, Pred Sharpe: 19.4888
  Composite: 0.4691 (dist_match: 0.7463, actual_pos: 57.2%, pred_pos: 82.6%)
  Collapse penalty: 0.000000 (threshold: 0.005000)
  Saved validation predictions to: experiments/12c_h1_rolling/macro_heavy_daily_h1_h18/fold_2021/collapse_monitoring/val_predictions_epoch79.npy
  Gradient norms:
    lstm_encoder: 0.028721
    lstm_decoder: 0.009690
    output_layer: 0.077128
  VSN output std:
    encoder: 0.218565
  Attention entropy: 2.545886
  Saved to: experiments/12c_h1_rolling/macro_heavy_daily_h1_h18/fold_2021/collapse_monitoring/collapse_monitor_latest.json
[DEBUG CollapseMonitor] on_validation_epoch_start called for epoch 80
[DEBUG CollapseMonitor] reset_temporal_state() called on loss function
Epoch 80: val_loss=0.9501500725746155
Epoch 80: train_loss=0.3508678078651428

[CollapseMonitor] Epoch 80
  [DEBUG] Processed 4 batches from val_dataloader
  [DEBUG] Predictions shape after concat: (201,)
  Pred std: 0.057162, range: 0.191569, mean: 0.079256
  Pos: 83.1%, Neg: 16.9%, Unique: 201
  Dir Acc: 54.23%, Pred Sharpe: 22.0102
  Composite: 0.4721 (dist_match: 0.7413, actual_pos: 57.2%, pred_pos: 83.1%)
  Collapse penalty: 0.000000 (threshold: 0.005000)
  Saved validation predictions to: experiments/12c_h1_rolling/macro_heavy_daily_h1_h18/fold_2021/collapse_monitoring/val_predictions_epoch80.npy
  Gradient norms:
    lstm_encoder: 0.027744
    lstm_decoder: 0.010133
    output_layer: 0.076950
  VSN output std:
    encoder: 0.219369
  Attention entropy: 2.548249
  Saved to: experiments/12c_h1_rolling/macro_heavy_daily_h1_h18/fold_2021/collapse_monitoring/collapse_monitor_latest.json
[DEBUG CollapseMonitor] on_validation_epoch_start called for epoch 81
[DEBUG CollapseMonitor] reset_temporal_state() called on loss function
Epoch 81: val_loss=0.9461824297904968
Epoch 81: train_loss=0.34977731108665466

[CollapseMonitor] Epoch 81
  [DEBUG] Processed 4 batches from val_dataloader
  [DEBUG] Predictions shape after concat: (201,)
  Pred std: 0.056904, range: 0.190981, mean: 0.116252
  Pos: 94.5%, Neg: 5.5%, Unique: 201
  Dir Acc: 53.73%, Pred Sharpe: 32.4309
  Composite: 0.4371 (dist_match: 0.6269, actual_pos: 57.2%, pred_pos: 94.5%)
  Collapse penalty: 0.000000 (threshold: 0.005000)
  Saved validation predictions to: experiments/12c_h1_rolling/macro_heavy_daily_h1_h18/fold_2021/collapse_monitoring/val_predictions_epoch81.npy
  Gradient norms:
    lstm_encoder: 0.028181
    lstm_decoder: 0.009700
    output_layer: 0.083627
  VSN output std:
    encoder: 0.221108
  Attention entropy: 2.580995
  Saved to: experiments/12c_h1_rolling/macro_heavy_daily_h1_h18/fold_2021/collapse_monitoring/collapse_monitor_latest.json
[DEBUG CollapseMonitor] on_validation_epoch_start called for epoch 82
[DEBUG CollapseMonitor] reset_temporal_state() called on loss function
Epoch 82: val_loss=0.9464472532272339
Epoch 82: train_loss=0.35061004757881165

[CollapseMonitor] Epoch 82
  [DEBUG] Processed 4 batches from val_dataloader
  [DEBUG] Predictions shape after concat: (201,)
  Pred std: 0.060309, range: 0.203422, mean: 0.110727
  Pos: 90.5%, Neg: 9.5%, Unique: 201
  Dir Acc: 54.73%, Pred Sharpe: 29.1455
  Composite: 0.4561 (dist_match: 0.6667, actual_pos: 57.2%, pred_pos: 90.5%)
  Collapse penalty: 0.000000 (threshold: 0.005000)
  Saved validation predictions to: experiments/12c_h1_rolling/macro_heavy_daily_h1_h18/fold_2021/collapse_monitoring/val_predictions_epoch82.npy
  Gradient norms:
    lstm_encoder: 0.028855
    lstm_decoder: 0.009368
    output_layer: 0.081600
  VSN output std:
    encoder: 0.223741
  Attention entropy: 2.587292
  Saved to: experiments/12c_h1_rolling/macro_heavy_daily_h1_h18/fold_2021/collapse_monitoring/collapse_monitor_latest.json
[DEBUG CollapseMonitor] on_validation_epoch_start called for epoch 83
[DEBUG CollapseMonitor] reset_temporal_state() called on loss function
Epoch 83: val_loss=0.9458116888999939
Epoch 83: train_loss=0.3494349420070648

[CollapseMonitor] Epoch 83
  [DEBUG] Processed 4 batches from val_dataloader
  [DEBUG] Predictions shape after concat: (201,)
  Pred std: 0.054685, range: 0.196003, mean: 0.107619
  Pos: 92.0%, Neg: 8.0%, Unique: 201
  Dir Acc: 55.22%, Pred Sharpe: 31.2409
  Composite: 0.4561 (dist_match: 0.6517, actual_pos: 57.2%, pred_pos: 92.0%)
  Collapse penalty: 0.000000 (threshold: 0.005000)
  Saved validation predictions to: experiments/12c_h1_rolling/macro_heavy_daily_h1_h18/fold_2021/collapse_monitoring/val_predictions_epoch83.npy
  Gradient norms:
    lstm_encoder: 0.028842
    lstm_decoder: 0.009975
    output_layer: 0.090904
  VSN output std:
    encoder: 0.226241
  Attention entropy: 2.619297
  Saved to: experiments/12c_h1_rolling/macro_heavy_daily_h1_h18/fold_2021/collapse_monitoring/collapse_monitor_latest.json
[DEBUG CollapseMonitor] on_validation_epoch_start called for epoch 84
[DEBUG CollapseMonitor] reset_temporal_state() called on loss function
Epoch 84: val_loss=0.9454687237739563
Epoch 84: train_loss=0.3501611351966858

[CollapseMonitor] Epoch 84
  [DEBUG] Processed 4 batches from val_dataloader
  [DEBUG] Predictions shape after concat: (201,)
  Pred std: 0.062063, range: 0.209977, mean: 0.121011
  Pos: 93.0%, Neg: 7.0%, Unique: 201
  Dir Acc: 54.23%, Pred Sharpe: 30.9523
  Composite: 0.4452 (dist_match: 0.6418, actual_pos: 57.2%, pred_pos: 93.0%)
  Collapse penalty: 0.000000 (threshold: 0.005000)
  Saved validation predictions to: experiments/12c_h1_rolling/macro_heavy_daily_h1_h18/fold_2021/collapse_monitoring/val_predictions_epoch84.npy
  Gradient norms:
    lstm_encoder: 0.028512
    lstm_decoder: 0.008826
    output_layer: 0.079584
  VSN output std:
    encoder: 0.223907
  Attention entropy: 2.598412
  Saved to: experiments/12c_h1_rolling/macro_heavy_daily_h1_h18/fold_2021/collapse_monitoring/collapse_monitor_latest.json
[DEBUG CollapseMonitor] on_validation_epoch_start called for epoch 85
[DEBUG CollapseMonitor] reset_temporal_state() called on loss function
Epoch 85: val_loss=0.9449005126953125
Epoch 85: train_loss=0.3504674434661865

[CollapseMonitor] Epoch 85
  [DEBUG] Processed 4 batches from val_dataloader
  [DEBUG] Predictions shape after concat: (201,)
  Pred std: 0.061378, range: 0.218106, mean: 0.109038
  Pos: 91.5%, Neg: 8.5%, Unique: 201
  Dir Acc: 54.73%, Pred Sharpe: 28.2009
  Composite: 0.4533 (dist_match: 0.6567, actual_pos: 57.2%, pred_pos: 91.5%)
  Collapse penalty: 0.000000 (threshold: 0.005000)
  Saved validation predictions to: experiments/12c_h1_rolling/macro_heavy_daily_h1_h18/fold_2021/collapse_monitoring/val_predictions_epoch85.npy
  Gradient norms:
    lstm_encoder: 0.027913
    lstm_decoder: 0.008716
    output_layer: 0.080827
  VSN output std:
    encoder: 0.226030
  Attention entropy: 2.586163
  Saved to: experiments/12c_h1_rolling/macro_heavy_daily_h1_h18/fold_2021/collapse_monitoring/collapse_monitor_latest.json
[DEBUG CollapseMonitor] on_validation_epoch_start called for epoch 86
[DEBUG CollapseMonitor] reset_temporal_state() called on loss function
Epoch 86: val_loss=0.9450553059577942
Epoch 86: train_loss=0.3497557044029236

[CollapseMonitor] Epoch 86
  [DEBUG] Processed 4 batches from val_dataloader
  [DEBUG] Predictions shape after concat: (201,)
  Pred std: 0.057106, range: 0.195486, mean: 0.090684
  Pos: 87.6%, Neg: 12.4%, Unique: 201
  Dir Acc: 53.73%, Pred Sharpe: 25.2087
  Composite: 0.4558 (dist_match: 0.6965, actual_pos: 57.2%, pred_pos: 87.6%)
  Collapse penalty: 0.000000 (threshold: 0.005000)
  Saved validation predictions to: experiments/12c_h1_rolling/macro_heavy_daily_h1_h18/fold_2021/collapse_monitoring/val_predictions_epoch86.npy
  Gradient norms:
    lstm_encoder: 0.033308
    lstm_decoder: 0.010864
    output_layer: 0.092997
  VSN output std:
    encoder: 0.222300
  Attention entropy: 2.546038
  Saved to: experiments/12c_h1_rolling/macro_heavy_daily_h1_h18/fold_2021/collapse_monitoring/collapse_monitor_latest.json
[DEBUG CollapseMonitor] on_validation_epoch_start called for epoch 87
[DEBUG CollapseMonitor] reset_temporal_state() called on loss function
Epoch 87: val_loss=0.9453990459442139
Epoch 87: train_loss=0.349597692489624

[CollapseMonitor] Epoch 87
  [DEBUG] Processed 4 batches from val_dataloader
  [DEBUG] Predictions shape after concat: (201,)
  Pred std: 0.060615, range: 0.212333, mean: 0.122447
  Pos: 92.0%, Neg: 8.0%, Unique: 201
  Dir Acc: 55.22%, Pred Sharpe: 32.0679
  Composite: 0.4561 (dist_match: 0.6517, actual_pos: 57.2%, pred_pos: 92.0%)
  Collapse penalty: 0.000000 (threshold: 0.005000)
  Saved validation predictions to: experiments/12c_h1_rolling/macro_heavy_daily_h1_h18/fold_2021/collapse_monitoring/val_predictions_epoch87.npy
  Gradient norms:
    lstm_encoder: 0.029346
    lstm_decoder: 0.009337
    output_layer: 0.083242
  VSN output std:
    encoder: 0.225858
  Attention entropy: 2.592309
  Saved to: experiments/12c_h1_rolling/macro_heavy_daily_h1_h18/fold_2021/collapse_monitoring/collapse_monitor_latest.json
[DEBUG CollapseMonitor] on_validation_epoch_start called for epoch 88
[DEBUG CollapseMonitor] reset_temporal_state() called on loss function
Epoch 88: val_loss=0.9459360837936401
Epoch 88: train_loss=0.3500576913356781

[CollapseMonitor] Epoch 88
  [DEBUG] Processed 4 batches from val_dataloader
  [DEBUG] Predictions shape after concat: (201,)
  Pred std: 0.066733, range: 0.226504, mean: 0.101299
  Pos: 86.1%, Neg: 13.9%, Unique: 201
  Dir Acc: 54.23%, Pred Sharpe: 24.0971
  Composite: 0.4640 (dist_match: 0.7114, actual_pos: 57.2%, pred_pos: 86.1%)
  Collapse penalty: 0.000000 (threshold: 0.005000)
  Saved validation predictions to: experiments/12c_h1_rolling/macro_heavy_daily_h1_h18/fold_2021/collapse_monitoring/val_predictions_epoch88.npy
  Gradient norms:
    lstm_encoder: 0.030589
    lstm_decoder: 0.009380
    output_layer: 0.083012
  VSN output std:
    encoder: 0.221364
  Attention entropy: 2.547290
  Saved to: experiments/12c_h1_rolling/macro_heavy_daily_h1_h18/fold_2021/collapse_monitoring/collapse_monitor_latest.json
[DEBUG CollapseMonitor] on_validation_epoch_start called for epoch 89
[DEBUG CollapseMonitor] reset_temporal_state() called on loss function
Epoch 89: val_loss=0.9455116391181946
Epoch 89: train_loss=0.3492773473262787

[CollapseMonitor] Epoch 89
  [DEBUG] Processed 4 batches from val_dataloader
  [DEBUG] Predictions shape after concat: (201,)
  Pred std: 0.065903, range: 0.224248, mean: 0.111469
  Pos: 88.1%, Neg: 11.9%, Unique: 201
  Dir Acc: 53.23%, Pred Sharpe: 26.8503
  Composite: 0.4502 (dist_match: 0.6915, actual_pos: 57.2%, pred_pos: 88.1%)
  Collapse penalty: 0.000000 (threshold: 0.005000)
  Saved validation predictions to: experiments/12c_h1_rolling/macro_heavy_daily_h1_h18/fold_2021/collapse_monitoring/val_predictions_epoch89.npy
  Gradient norms:
    lstm_encoder: 0.031247
    lstm_decoder: 0.009134
    output_layer: 0.079298
  VSN output std:
    encoder: 0.224128
  Attention entropy: 2.566581
  Saved to: experiments/12c_h1_rolling/macro_heavy_daily_h1_h18/fold_2021/collapse_monitoring/collapse_monitor_latest.json
[DEBUG CollapseMonitor] on_validation_epoch_start called for epoch 90
[DEBUG CollapseMonitor] reset_temporal_state() called on loss function
Epoch 90: val_loss=0.9445381164550781
Epoch 90: train_loss=0.35080087184906006

[CollapseMonitor] Epoch 90
  [DEBUG] Processed 4 batches from val_dataloader
  [DEBUG] Predictions shape after concat: (201,)
  Pred std: 0.061455, range: 0.208156, mean: 0.088297
  Pos: 85.6%, Neg: 14.4%, Unique: 200
  Dir Acc: 54.73%, Pred Sharpe: 22.8081
  Composite: 0.4697 (dist_match: 0.7164, actual_pos: 57.2%, pred_pos: 85.6%)
  Collapse penalty: 0.000000 (threshold: 0.005000)
  Saved validation predictions to: experiments/12c_h1_rolling/macro_heavy_daily_h1_h18/fold_2021/collapse_monitoring/val_predictions_epoch90.npy
  Gradient norms:
    lstm_encoder: 0.029396
    lstm_decoder: 0.009588
    output_layer: 0.086270
  VSN output std:
    encoder: 0.224930
  Attention entropy: 2.598878
  Saved to: experiments/12c_h1_rolling/macro_heavy_daily_h1_h18/fold_2021/collapse_monitoring/collapse_monitor_latest.json
[DEBUG CollapseMonitor] on_validation_epoch_start called for epoch 91
[DEBUG CollapseMonitor] reset_temporal_state() called on loss function
Epoch 91: val_loss=0.9430736899375916
Epoch 91: train_loss=0.3503597676753998

[CollapseMonitor] Epoch 91
  [DEBUG] Processed 4 batches from val_dataloader
  [DEBUG] Predictions shape after concat: (201,)
  Pred std: 0.058229, range: 0.202810, mean: 0.107217
  Pos: 90.0%, Neg: 10.0%, Unique: 201
  Dir Acc: 55.22%, Pred Sharpe: 29.2298
  Composite: 0.4616 (dist_match: 0.6716, actual_pos: 57.2%, pred_pos: 90.0%)
  Collapse penalty: 0.000000 (threshold: 0.005000)
  Saved validation predictions to: experiments/12c_h1_rolling/macro_heavy_daily_h1_h18/fold_2021/collapse_monitoring/val_predictions_epoch91.npy
  Gradient norms:
    lstm_encoder: 0.032320
    lstm_decoder: 0.010267
    output_layer: 0.084786
  VSN output std:
    encoder: 0.227108
  Attention entropy: 2.610382
  Saved to: experiments/12c_h1_rolling/macro_heavy_daily_h1_h18/fold_2021/collapse_monitoring/collapse_monitor_latest.json
[DEBUG CollapseMonitor] on_validation_epoch_start called for epoch 92
[DEBUG CollapseMonitor] reset_temporal_state() called on loss function
Epoch 92: val_loss=0.9424267411231995
Epoch 92: train_loss=0.3494151830673218

[CollapseMonitor] Epoch 92
  [DEBUG] Processed 4 batches from val_dataloader
  [DEBUG] Predictions shape after concat: (201,)
  Pred std: 0.058374, range: 0.204760, mean: 0.114050
  Pos: 92.0%, Neg: 8.0%, Unique: 200
  Dir Acc: 54.23%, Pred Sharpe: 31.0156
  Composite: 0.4479 (dist_match: 0.6517, actual_pos: 57.2%, pred_pos: 92.0%)
  Collapse penalty: 0.000000 (threshold: 0.005000)
  Saved validation predictions to: experiments/12c_h1_rolling/macro_heavy_daily_h1_h18/fold_2021/collapse_monitoring/val_predictions_epoch92.npy
  Gradient norms:
    lstm_encoder: 0.030783
    lstm_decoder: 0.009844
    output_layer: 0.082059
  VSN output std:
    encoder: 0.227020
  Attention entropy: 2.608933
  Saved to: experiments/12c_h1_rolling/macro_heavy_daily_h1_h18/fold_2021/collapse_monitoring/collapse_monitor_latest.json
[DEBUG CollapseMonitor] on_validation_epoch_start called for epoch 93
[DEBUG CollapseMonitor] reset_temporal_state() called on loss function
Epoch 93: val_loss=0.9438849091529846
Epoch 93: train_loss=0.3503340780735016

[CollapseMonitor] Epoch 93
  [DEBUG] Processed 4 batches from val_dataloader
  [DEBUG] Predictions shape after concat: (201,)
  Pred std: 0.071308, range: 0.254588, mean: 0.132648
  Pos: 91.5%, Neg: 8.5%, Unique: 201
  Dir Acc: 54.73%, Pred Sharpe: 29.5302
  Composite: 0.4533 (dist_match: 0.6567, actual_pos: 57.2%, pred_pos: 91.5%)
  Collapse penalty: 0.000000 (threshold: 0.005000)
  Saved validation predictions to: experiments/12c_h1_rolling/macro_heavy_daily_h1_h18/fold_2021/collapse_monitoring/val_predictions_epoch93.npy
  Gradient norms:
    lstm_encoder: 0.035023
    lstm_decoder: 0.011284
    output_layer: 0.088391
  VSN output std:
    encoder: 0.228928
  Attention entropy: 2.602874
  Saved to: experiments/12c_h1_rolling/macro_heavy_daily_h1_h18/fold_2021/collapse_monitoring/collapse_monitor_latest.json
[DEBUG CollapseMonitor] on_validation_epoch_start called for epoch 94
[DEBUG CollapseMonitor] reset_temporal_state() called on loss function
Epoch 94: val_loss=0.9411340355873108
Epoch 94: train_loss=0.35087403655052185

[CollapseMonitor] Epoch 94
  [DEBUG] Processed 4 batches from val_dataloader
  [DEBUG] Predictions shape after concat: (201,)
  Pred std: 0.069156, range: 0.233464, mean: 0.111130
  Pos: 88.1%, Neg: 11.9%, Unique: 201
  Dir Acc: 53.23%, Pred Sharpe: 25.5095
  Composite: 0.4502 (dist_match: 0.6915, actual_pos: 57.2%, pred_pos: 88.1%)
  Collapse penalty: 0.000000 (threshold: 0.005000)
  Saved validation predictions to: experiments/12c_h1_rolling/macro_heavy_daily_h1_h18/fold_2021/collapse_monitoring/val_predictions_epoch94.npy
  Gradient norms:
    lstm_encoder: 0.034028
    lstm_decoder: 0.010700
    output_layer: 0.074883
  VSN output std:
    encoder: 0.225205
  Attention entropy: 2.575679
  Saved to: experiments/12c_h1_rolling/macro_heavy_daily_h1_h18/fold_2021/collapse_monitoring/collapse_monitor_latest.json
[DEBUG CollapseMonitor] on_validation_epoch_start called for epoch 95
[DEBUG CollapseMonitor] reset_temporal_state() called on loss function
Epoch 95: val_loss=0.9408020973205566
Epoch 95: train_loss=0.3481518030166626

[CollapseMonitor] Epoch 95
  [DEBUG] Processed 4 batches from val_dataloader
  [DEBUG] Predictions shape after concat: (201,)
  Pred std: 0.069868, range: 0.239269, mean: 0.096273
  Pos: 86.6%, Neg: 13.4%, Unique: 201
  Dir Acc: 53.73%, Pred Sharpe: 21.8741
  Composite: 0.4585 (dist_match: 0.7065, actual_pos: 57.2%, pred_pos: 86.6%)
  Collapse penalty: 0.000000 (threshold: 0.005000)
  Saved validation predictions to: experiments/12c_h1_rolling/macro_heavy_daily_h1_h18/fold_2021/collapse_monitoring/val_predictions_epoch95.npy
  Gradient norms:
    lstm_encoder: 0.030719
    lstm_decoder: 0.010251
    output_layer: 0.093267
  VSN output std:
    encoder: 0.226102
  Attention entropy: 2.587178
  Saved to: experiments/12c_h1_rolling/macro_heavy_daily_h1_h18/fold_2021/collapse_monitoring/collapse_monitor_latest.json
[DEBUG CollapseMonitor] on_validation_epoch_start called for epoch 96
[DEBUG CollapseMonitor] reset_temporal_state() called on loss function
Epoch 96: val_loss=0.940574586391449
Epoch 96: train_loss=0.34911832213401794

[CollapseMonitor] Epoch 96
  [DEBUG] Processed 4 batches from val_dataloader
  [DEBUG] Predictions shape after concat: (201,)
  Pred std: 0.069961, range: 0.247115, mean: 0.129556
  Pos: 92.0%, Neg: 8.0%, Unique: 200
  Dir Acc: 55.22%, Pred Sharpe: 29.3968
  Composite: 0.4561 (dist_match: 0.6517, actual_pos: 57.2%, pred_pos: 92.0%)
  Collapse penalty: 0.000000 (threshold: 0.005000)
  Saved validation predictions to: experiments/12c_h1_rolling/macro_heavy_daily_h1_h18/fold_2021/collapse_monitoring/val_predictions_epoch96.npy
  Gradient norms:
    lstm_encoder: 0.031652
    lstm_decoder: 0.009887
    output_layer: 0.083246
  VSN output std:
    encoder: 0.227374
  Attention entropy: 2.617326
  Saved to: experiments/12c_h1_rolling/macro_heavy_daily_h1_h18/fold_2021/collapse_monitoring/collapse_monitor_latest.json
[DEBUG CollapseMonitor] on_validation_epoch_start called for epoch 97
[DEBUG CollapseMonitor] reset_temporal_state() called on loss function
Epoch 97: val_loss=0.9394544363021851
Epoch 97: train_loss=0.34909841418266296

[CollapseMonitor] Epoch 97
  [DEBUG] Processed 4 batches from val_dataloader
  [DEBUG] Predictions shape after concat: (201,)
  Pred std: 0.074281, range: 0.261696, mean: 0.121237
  Pos: 90.5%, Neg: 9.5%, Unique: 200
  Dir Acc: 54.73%, Pred Sharpe: 25.9096
  Composite: 0.4561 (dist_match: 0.6667, actual_pos: 57.2%, pred_pos: 90.5%)
  Collapse penalty: 0.000000 (threshold: 0.005000)
  Saved validation predictions to: experiments/12c_h1_rolling/macro_heavy_daily_h1_h18/fold_2021/collapse_monitoring/val_predictions_epoch97.npy
  Gradient norms:
    lstm_encoder: 0.034469
    lstm_decoder: 0.010474
    output_layer: 0.083787
  VSN output std:
    encoder: 0.226971
  Attention entropy: 2.609878
  Saved to: experiments/12c_h1_rolling/macro_heavy_daily_h1_h18/fold_2021/collapse_monitoring/collapse_monitor_latest.json
[DEBUG CollapseMonitor] on_validation_epoch_start called for epoch 98
[DEBUG CollapseMonitor] reset_temporal_state() called on loss function
Epoch 98: val_loss=0.9407626390457153
Epoch 98: train_loss=0.34908270835876465

[CollapseMonitor] Epoch 98
  [DEBUG] Processed 4 batches from val_dataloader
  [DEBUG] Predictions shape after concat: (201,)
  Pred std: 0.079514, range: 0.285496, mean: 0.137831
  Pos: 91.5%, Neg: 8.5%, Unique: 201
  Dir Acc: 54.73%, Pred Sharpe: 27.5171
  Composite: 0.4533 (dist_match: 0.6567, actual_pos: 57.2%, pred_pos: 91.5%)
  Collapse penalty: 0.000000 (threshold: 0.005000)
  Saved validation predictions to: experiments/12c_h1_rolling/macro_heavy_daily_h1_h18/fold_2021/collapse_monitoring/val_predictions_epoch98.npy
  Gradient norms:
    lstm_encoder: 0.033626
    lstm_decoder: 0.009858
    output_layer: 0.078929
  VSN output std:
    encoder: 0.229521
  Attention entropy: 2.626309
  Saved to: experiments/12c_h1_rolling/macro_heavy_daily_h1_h18/fold_2021/collapse_monitoring/collapse_monitor_latest.json
[DEBUG CollapseMonitor] on_validation_epoch_start called for epoch 99
[DEBUG CollapseMonitor] reset_temporal_state() called on loss function
Epoch 99: val_loss=0.9384591579437256
Epoch 99: train_loss=0.3500998318195343

[CollapseMonitor] Epoch 99
  [DEBUG] Processed 4 batches from val_dataloader
  [DEBUG] Predictions shape after concat: (201,)
  Pred std: 0.078617, range: 0.275418, mean: 0.116032
  Pos: 89.1%, Neg: 10.9%, Unique: 201
  Dir Acc: 55.22%, Pred Sharpe: 23.4293
  Composite: 0.4643 (dist_match: 0.6816, actual_pos: 57.2%, pred_pos: 89.1%)
  Collapse penalty: 0.000000 (threshold: 0.005000)
  Saved validation predictions to: experiments/12c_h1_rolling/macro_heavy_daily_h1_h18/fold_2021/collapse_monitoring/val_predictions_epoch99.npy
  Gradient norms:
    lstm_encoder: 0.032481
    lstm_decoder: 0.010128
    output_layer: 0.080140
  VSN output std:
    encoder: 0.226405
  Attention entropy: 2.602480
  Saved to: experiments/12c_h1_rolling/macro_heavy_daily_h1_h18/fold_2021/collapse_monitoring/collapse_monitor_latest.json


======================================================================
Training complete
======================================================================

Best val_loss checkpoint: experiments/12c_h1_rolling/macro_heavy_daily_h1_h18/fold_2021/checkpoints/tft-epoch=epoch=99-valloss=val_loss=0.9385.ckpt
Best validation loss: 0.938459
Checkpoints saved:
  - Best val_loss: experiments/12c_h1_rolling/macro_heavy_daily_h1_h18/fold_2021/checkpoints/tft-epoch=epoch=99-valloss=val_loss=0.9385.ckpt
  - Best pred_std: experiments/12c_h1_rolling/macro_heavy_daily_h1_h18/fold_2021/checkpoints/tft-epoch=epoch=70-predstd=val_pred_std=0.0813.ckpt
  - Best unique: experiments/12c_h1_rolling/macro_heavy_daily_h1_h18/fold_2021/checkpoints/tft-epoch=epoch=28-unique=val_num_unique=201.ckpt
  - Best dir_acc: experiments/12c_h1_rolling/macro_heavy_daily_h1_h18/fold_2021/checkpoints/tft-epoch=epoch=57-diracc=val_dir_acc=0.5771.ckpt
  - Best sharpe: experiments/12c_h1_rolling/macro_heavy_daily_h1_h18/fold_2021/checkpoints/tft-epoch=epoch=00-sharpe=val_sharpe=588.5043.ckpt
  - Best composite: experiments/12c_h1_rolling/macro_heavy_daily_h1_h18/fold_2021/checkpoints/tft-epoch=epoch=74-composite=val_composite=0.4751.ckpt
Completed at: 2025-12-14 02:45:03
Log saved to: experiments/12c_h1_rolling/macro_heavy_daily_h1_h18/fold_2021/training_20251214_022934.log
======================================================================
