{
  "evaluation_timestamp": "2025-10-27T12:04:11.270060",
  "statistical_metrics": {
    "mse": 1.1784740686416626,
    "rmse": 1.0855754613876343,
    "mae": 0.7723425626754761,
    "mape": 158.8136076927185,
    "r2": -0.0014548301696777344,
    "mean_error": -0.020895272493362427,
    "std_error": 1.085374355316162
  },
  "financial_metrics": {
    "directional_accuracy": 0.5296875,
    "sharpe_ratio": 0.7291849527274684,
    "max_drawdown": -0.2524605989456177,
    "total_return": 0.7500259876251221,
    "hit_rate": 0.528125,
    "num_trades": 1267,
    "precision": 0.5335438042620363,
    "recall": 0.9839883551673945,
    "f1_score": 0.6919140225179119,
    "confusion_matrix": [
      [
        2,
        591
      ],
      [
        11,
        676
      ]
    ],
    "auc_roc": 0.520880431821027,
    "alpha": -0.17158210277557373
  },
  "residual_diagnostics": {
    "normality_p_value": 1.294600101293554e-40,
    "acf_lag1": -0.03543342285676451,
    "skewness": 0.11360363964671899,
    "kurtosis": 6.582722709433304
  },
  "mode_stats": {
    "healthy_days": 38,
    "degraded_days": 62,
    "unidirectional_days": 896,
    "weak_collapse_days": 284,
    "strong_collapse_days": 0,
    "total_days": 1280,
    "healthy_pct": 2.96875,
    "degraded_pct": 4.84375,
    "unidirectional_pct": 70.0,
    "weak_collapse_pct": 22.1875,
    "strong_collapse_pct": 0.0
  },
  "collapse_detected": true,
  "degradation_detected": true,
  "checkpoint_used": "experiments/01_staleness_features_fixed/sweep_stale_h16_drop0.20_lr3/checkpoints/tft-epoch=01-val_loss=0.1304.ckpt"
}