{
  "evaluation_timestamp": "2025-10-30T03:28:07.719266",
  "statistical_metrics": {
    "mse": 1.1753780841827393,
    "rmse": 1.0841485261917114,
    "mae": 0.772454559803009,
    "mape": 141.362464427948,
    "r2": 0.0011760592460632324,
    "mean_error": 0.0036092191003262997,
    "std_error": 1.0841425657272339
  },
  "financial_metrics": {
    "directional_accuracy": 0.53671875,
    "sharpe_ratio": 0.8329736080938573,
    "max_drawdown": -0.2524605989456177,
    "total_return": 0.9216080904006958,
    "hit_rate": 0.53671875,
    "num_trades": 1280,
    "precision": 0.53671875,
    "recall": 1.0,
    "f1_score": 0.6985256736146417,
    "confusion_matrix": [
      [
        0,
        593
      ],
      [
        0,
        687
      ]
    ],
    "auc_roc": 0.5156103104879588,
    "alpha": 0.0
  },
  "residual_diagnostics": {
    "normality_p_value": 1.6481562940223668e-39,
    "acf_lag1": -0.03620796483040592,
    "skewness": 0.059318818267390445,
    "kurtosis": 6.420625453420449
  },
  "mode_stats": {
    "healthy_days": 29,
    "degraded_days": 1,
    "unidirectional_days": 1155,
    "weak_collapse_days": 60,
    "strong_collapse_days": 35,
    "total_days": 1280,
    "healthy_pct": 2.265625,
    "degraded_pct": 0.078125,
    "unidirectional_pct": 90.234375,
    "weak_collapse_pct": 4.6875,
    "strong_collapse_pct": 2.734375
  },
  "collapse_detected": true,
  "degradation_detected": true,
  "checkpoint_used": "experiments/01_staleness_features_fixed/sweep_stale_h16_drop0.20_lr3/checkpoints/tft-epoch=98-val_loss=0.3978.ckpt"
}