{
  "period_statistics": {
    "2020": {
      "n_samples": 97,
      "entropy_mean": 2.528843402862549,
      "entropy_std": 0.24421757459640503,
      "attention_concentration": 0.06781511008739471,
      "top_features": [
        [
          "t-1",
          0.08825545012950897
        ],
        [
          "t-2",
          0.08060287684202194
        ],
        [
          "t-3",
          0.0749647319316864
        ],
        [
          "t-4",
          0.07153961807489395
        ],
        [
          "t-5",
          0.06931795179843903
        ]
      ],
      "mean_attention": [
        0.05622931569814682,
        0.05792359262704849,
        0.058734066784381866,
        0.0592050738632679,
        0.060142043977975845,
        0.06161078065633774,
        0.06333087384700775,
        0.0646042451262474,
        0.06606248766183853,
        0.06747687608003616,
        0.06931795179843903,
        0.07153961807489395,
        0.0749647319316864,
        0.08060287684202194,
        0.08825545012950897
      ],
      "std_attention": [
        0.03635573759675026,
        0.03631832078099251,
        0.03375983610749245,
        0.031564462929964066,
        0.030816931277513504,
        0.03163319081068039,
        0.033202607184648514,
        0.03444085642695427,
        0.0355389267206192,
        0.03690354898571968,
        0.039080746471881866,
        0.042826153337955475,
        0.04972042143344879,
        0.06426701694726944,
        0.08624477684497833
      ]
    },
    "2021": {
      "n_samples": 250,
      "entropy_mean": 2.531306266784668,
      "entropy_std": 0.30890312790870667,
      "attention_concentration": 0.06697048991918564,
      "top_features": [
        [
          "t-1",
          0.07879599183797836
        ],
        [
          "t-2",
          0.07466341555118561
        ],
        [
          "t-3",
          0.07064754515886307
        ],
        [
          "t-4",
          0.06761964410543442
        ],
        [
          "t-5",
          0.06650006771087646
        ]
      ],
      "mean_attention": [
        0.06643933802843094,
        0.0644514262676239,
        0.06345413625240326,
        0.06281633675098419,
        0.06275041401386261,
        0.06312603503465652,
        0.06359945982694626,
        0.06444579362869263,
        0.0650542676448822,
        0.06563606858253479,
        0.06650006771087646,
        0.06761964410543442,
        0.07064754515886307,
        0.07466341555118561,
        0.07879599183797836
      ],
      "std_attention": [
        0.03749784827232361,
        0.036881331354379654,
        0.03508476912975311,
        0.03373927250504494,
        0.033863816410303116,
        0.03472394496202469,
        0.035726092755794525,
        0.03803621232509613,
        0.039912570267915726,
        0.04206601157784462,
        0.045209530740976334,
        0.04888918995857239,
        0.06064489483833313,
        0.08031321316957474,
        0.09272752702236176
      ]
    },
    "2022": {
      "n_samples": 249,
      "entropy_mean": 2.3801064491271973,
      "entropy_std": 0.33770954608917236,
      "attention_concentration": 0.07003580033779144,
      "top_features": [
        [
          "t-1",
          0.10283295810222626
        ],
        [
          "t-2",
          0.08768545091152191
        ],
        [
          "t-3",
          0.07921034097671509
        ],
        [
          "t-4",
          0.07427819818258286
        ],
        [
          "t-5",
          0.07142499834299088
        ]
      ],
      "mean_attention": [
        0.04444783553481102,
        0.049301810562610626,
        0.05209634080529213,
        0.052973706275224686,
        0.05541638284921646,
        0.06009802594780922,
        0.06472797691822052,
        0.06728073954582214,
        0.06856600940227509,
        0.06965922564268112,
        0.07142499834299088,
        0.07427819818258286,
        0.07921034097671509,
        0.08768545091152191,
        0.10283295810222626
      ],
      "std_attention": [
        0.04095857962965965,
        0.042794112116098404,
        0.04249471798539162,
        0.04029346629977226,
        0.0398997999727726,
        0.04238753393292427,
        0.04545452073216438,
        0.04681707173585892,
        0.04742977023124695,
        0.048649124801158905,
        0.051328662782907486,
        0.05754157528281212,
        0.06831768900156021,
        0.08361957222223282,
        0.12247433513402939
      ]
    },
    "2023": {
      "n_samples": 249,
      "entropy_mean": 2.672995090484619,
      "entropy_std": 0.09826786816120148,
      "attention_concentration": 0.06674028187990189,
      "top_features": [
        [
          "t-1",
          0.07172641903162003
        ],
        [
          "t-2",
          0.07020891457796097
        ],
        [
          "t-3",
          0.06898774951696396
        ],
        [
          "t-4",
          0.06805817782878876
        ],
        [
          "t-15",
          0.0676712617278099
        ]
      ],
      "mean_attention": [
        0.0676712617278099,
        0.06530536711215973,
        0.06448379904031754,
        0.06422925740480423,
        0.06437812000513077,
        0.06462801992893219,
        0.06498242914676666,
        0.06543684750795364,
        0.06597661972045898,
        0.0666603222489357,
        0.06726667284965515,
        0.06805817782878876,
        0.06898774951696396,
        0.07020891457796097,
        0.07172641903162003
      ],
      "std_attention": [
        0.01781921274960041,
        0.016878586262464523,
        0.015558694489300251,
        0.014860563911497593,
        0.014321922324597836,
        0.014308330602943897,
        0.014560981653630733,
        0.015125224366784096,
        0.015774238854646683,
        0.01673766039311886,
        0.018191510811448097,
        0.02021333947777748,
        0.023062612861394882,
        0.028487402945756912,
        0.03404006361961365
      ]
    },
    "2024": {
      "n_samples": 250,
      "entropy_mean": 2.6369638442993164,
      "entropy_std": 0.2774782180786133,
      "attention_concentration": 0.06678885966539383,
      "top_features": [
        [
          "t-1",
          0.07239364832639694
        ],
        [
          "t-2",
          0.0709625780582428
        ],
        [
          "t-3",
          0.07011353969573975
        ],
        [
          "t-4",
          0.06922898441553116
        ],
        [
          "t-5",
          0.06806349754333496
        ]
      ],
      "mean_attention": [
        0.06687289476394653,
        0.06452570110559464,
        0.06373436003923416,
        0.0634283497929573,
        0.0634746178984642,
        0.06375189125537872,
        0.0641452744603157,
        0.06549546867609024,
        0.06651519984006882,
        0.06729397177696228,
        0.06806349754333496,
        0.06922898441553116,
        0.07011353969573975,
        0.0709625780582428,
        0.07239364832639694
      ],
      "std_attention": [
        0.02075563184916973,
        0.020258832722902298,
        0.018884163349866867,
        0.018396984785795212,
        0.018374361097812653,
        0.01919867843389511,
        0.020679421722888947,
        0.02623073011636734,
        0.030274756252765656,
        0.03550516441464424,
        0.04003099352121353,
        0.04826248437166214,
        0.052568428218364716,
        0.05653815716505051,
        0.06065544858574867
      ]
    },
    "2025": {
      "n_samples": 190,
      "entropy_mean": 2.5841498374938965,
      "entropy_std": 0.31452417373657227,
      "attention_concentration": 0.06684887409210205,