{
  "period_statistics": {
    "2020": {
      "n_samples": 97,
      "entropy_mean": 2.7028443813323975,
      "entropy_std": 0.0029645711183547974,
      "attention_concentration": 0.067245252430439,
      "top_features": [
        [
          "t-1",
          0.08170577883720398
        ],
        [
          "t-2",
          0.07694454491138458
        ],
        [
          "t-3",
          0.07281038165092468
        ],
        [
          "t-15",
          0.07114986330270767
        ],
        [
          "t-4",
          0.06940367072820663
        ]
      ],
      "mean_attention": [
        0.07114986330270767,
        0.06425867229700089,
        0.06309892982244492,
        0.06175107881426811,
        0.061027999967336655,
        0.06085816025733948,
        0.061133481562137604,
        0.061802882701158524,
        0.06290137767791748,
        0.06448306143283844,
        0.06667014211416245,
        0.06940367072820663,
        0.07281038165092468,
        0.07694454491138458,
        0.08170577883720398
      ],
      "std_attention": [
        0.0038124939892441034,
        0.002968998160213232,
        0.0026898477226495743,
        0.002521736780181527,
        0.0024118958972394466,
        0.0023786977399140596,
        0.0024302038364112377,
        0.0024914774112403393,
        0.0025586234405636787,
        0.00262759393081069,
        0.0026900528464466333,
        0.0028824161272495985,
        0.0031974108424037695,
        0.003785457694903016,
        0.004756523296236992
      ]
    },
    "2021": {
      "n_samples": 250,
      "entropy_mean": 2.6718907356262207,
      "entropy_std": 0.024002544581890106,
      "attention_concentration": 0.06704540550708771,
      "top_features": [
        [
          "t-1",
          0.07654071599245071
        ],
        [
          "t-2",
          0.0743870809674263
        ],
        [
          "t-15",
          0.07250245660543442
        ],
        [
          "t-3",
          0.07216643542051315
        ],
        [
          "t-4",
          0.06989099085330963
        ]
      ],
      "mean_attention": [
        0.07250245660543442,
        0.06540535390377045,
        0.06381899863481522,
        0.06222965195775032,
        0.06126953661441803,
        0.06103213503956795,
        0.061415914446115494,
        0.06235482171177864,
        0.06377505511045456,
        0.06557034701108932,
        0.067640520632267,
        0.06989099085330963,
        0.07216643542051315,
        0.0743870809674263,
        0.07654071599245071
      ],
      "std_attention": [
        0.02458961308002472,
        0.021050766110420227,
        0.01938428170979023,
        0.01780601218342781,
        0.016430770978331566,
        0.015538068488240242,
        0.014943595975637436,
        0.014668156392872334,
        0.014950803481042385,
        0.015490038320422173,
        0.01607089303433895,
        0.016674678772687912,
        0.017325200140476227,
        0.01827336847782135,
        0.019837167114019394
      ]
    },
    "2022": {
      "n_samples": 249,
      "entropy_mean": 2.696937084197998,
      "entropy_std": 0.006741625722497702,
      "attention_concentration": 0.06756851077079773,
      "top_features": [
        [
          "t-15",
          0.08851703256368637
        ],
        [
          "t-14",
          0.0797496885061264
        ],
        [
          "t-13",
          0.07413318753242493
        ],
        [
          "t-12",
          0.06890148669481277
        ],
        [
          "t-11",
          0.06545032560825348
        ]
      ],
      "mean_attention": [
        0.08851703256368637,
        0.0797496885061264,
        0.07413318753242493,
        0.06890148669481277,
        0.06545032560825348,
        0.06338020414113998,
        0.062229007482528687,
        0.06169501692056656,
        0.061615828424692154,
        0.061858393251895905,
        0.062253210693597794,
        0.0625234916806221,
        0.06264525651931763,
        0.06262395530939102,
        0.06242399662733078
      ],
      "std_attention": [
        0.012511119246482849,
        0.009925216436386108,
        0.007684456650167704,
        0.006047389004379511,
        0.005117195192724466,
        0.00462941313162446,
        0.004355334211140871,
        0.00416939752176404,
        0.00430695666000247,
        0.004684797488152981,
        0.005098484922200441,
        0.005591270048171282,
        0.006122078746557236,
        0.006662475876510143,
        0.007238512393087149
      ]
    },
    "2023": {
      "n_samples": 249,
      "entropy_mean": 2.64941668510437,
      "entropy_std": 0.04884941875934601,
      "attention_concentration": 0.06803736835718155,
      "top_features": [
        [
          "t-1",
          0.08412513136863708
        ],
        [
          "t-2",
          0.08151302486658096
        ],
        [
          "t-3",
          0.07837862521409988
        ],
        [
          "t-4",
          0.07481948286294937
        ],
        [
          "t-15",
          0.07313840091228485
        ]
      ],
      "mean_attention": [
        0.07313840091228485,
        0.06395190954208374,
        0.05939791724085808,
        0.05626535788178444,
        0.055034857243299484,
        0.05540301650762558,
        0.05711296945810318,
        0.05979066342115402,
        0.06315020471811295,
        0.06696169078350067,
        0.07095672190189362,
        0.07481948286294937,
        0.07837862521409988,
        0.08151302486658096,
        0.08412513136863708
      ],
      "std_attention": [
        0.03839101269841194,
        0.02976304292678833,
        0.024871021509170532,
        0.020736895501613617,
        0.017049886286258698,
        0.014008390717208385,
        0.012146156281232834,
        0.011322153732180595,
        0.011706567369401455,
        0.013183548115193844,
        0.015650449320673943,
        0.018576284870505333,
        0.021746058017015457,
        0.025014154613018036,
        0.028146658092737198
      ]
    },
    "2024": {
      "n_samples": 250,
      "entropy_mean": 2.547055244445801,
      "entropy_std": 0.12240532040596008,
      "attention_concentration": 0.0747898742556572,
      "top_features": [
        [
          "t-1",
          0.11562783271074295
        ],
        [
          "t-2",
          0.10605660825967789
        ],
        [
          "t-3",
          0.09624526649713516
        ],
        [
          "t-4",
          0.08643361181020737
        ],
        [
          "t-5",
          0.07693960517644882
        ]
      ],
      "mean_attention": [
        0.05942711979150772,
        0.05042761191725731,
        0.0461915023624897,
        0.04416292533278465,
        0.04380745440721512,
        0.045102473348379135,
        0.0479564443230629,
        0.05320833995938301,
        0.06029123812913895,
        0.06812191009521484,
        0.07693960517644882,
        0.08643361181020737,
        0.09624526649713516,
        0.10605660825967789,
        0.11562783271074295
      ],
      "std_attention": [
        0.06073847785592079,
        0.045870836824178696,
        0.03685920313000679,
        0.03167657554149628,
        0.027474071830511093,
        0.02490507997572422,
        0.023066191002726555,
        0.024256739765405655,
        0.02709062770009041,
        0.027260523289442062,
        0.02772257849574089,
        0.028953861445188522,
        0.03129447624087334,
        0.03489350900053978,
        0.0403534360229969
      ]
    },
    "2025": {
      "n_samples": 190,
      "entropy_mean": 2.5357816219329834,
      "entropy_std": 0.13073210418224335,
      "attention_concentration": 0.0699600875377655,