evaluation_timestamp,collapse_detected,degradation_detected,multi_horizon,checkpoint_used,frequency,max_prediction_length,fold_id,test_year,test_start,test_end,train_years,pred_min,pred_max,pred_mean,pred_std,pred_range,pred_num_unique,pred_pct_positive,pred_pct_negative,pred_num_predictions,mse,rmse,mae,mape,r2,mean_error,std_error,directional_accuracy,sharpe_ratio,max_drawdown,total_return,hit_rate,num_trades,precision,recall,f1_score,confusion_matrix,auc_roc,alpha,healthy_periods,degraded_periods,unidirectional_periods,weak_collapse_periods,strong_collapse_periods,total_periods,healthy_pct,degraded_pct,unidirectional_pct,weak_collapse_pct,strong_collapse_pct,experiment
2025-12-14T17:50:18.462549,True,True,"{'n_horizons': 5, 'metrics_by_horizon': {'h1': {'statistical': {'mse': 0.612378716468811, 'rmse': 0.7825462818145752, 'mae': 0.5476945638656616, 'mape': 126.22299194335938, 'r2': 0.00022482872009277344, 'mean_error': 0.05402761697769165, 'std_error': 0.7806790471076965}, 'financial': {'directional_accuracy': 0.5459183673469388, 'sharpe_ratio': 1.8452220782313955, 'max_drawdown': -0.045091308653354645, 'total_return': 0.1257878541946411, 'hit_rate': 0.17346938775510204, 'num_trades': 57, 'precision': 0.5964912280701754, 'recall': 0.34, 'f1_score': 0.4331210191082803, 'confusion_matrix': [[73, 23], [66, 34]], 'auc_roc': 0.5484374999999999, 'alpha': 0.01546323299407959}}, 'h2': {'statistical': {'mse': 0.591738224029541, 'rmse': 0.7692452073097229, 'mae': 0.5380479693412781, 'mape': 121.22244834899902, 'r2': 0.002939879894256592, 'mean_error': 0.05342252925038338, 'std_error': 0.7673879265785217}, 'financial': {'directional_accuracy': 0.5816326530612245, 'sharpe_ratio': 2.315398968662898, 'max_drawdown': -0.05336635932326317, 'total_return': 0.19300484657287598, 'hit_rate': 0.2755102040816326, 'num_trades': 89, 'precision': 0.6067415730337079, 'recall': 0.5346534653465347, 'f1_score': 0.5684210526315789, 'confusion_matrix': [[60, 35], [47, 54]], 'auc_roc': 0.5608129233976029, 'alpha': 0.05926406383514404}}, 'h3': {'statistical': {'mse': 0.5897615551948547, 'rmse': 0.7679593563079834, 'mae': 0.5363914966583252, 'mape': 136.66976690292358, 'r2': 0.004713714122772217, 'mean_error': 0.03329208865761757, 'std_error': 0.7672373652458191}, 'financial': {'directional_accuracy': 0.5102040816326531, 'sharpe_ratio': 1.3286492549259636, 'max_drawdown': -0.055957116186618805, 'total_return': 0.12797987461090088, 'hit_rate': 0.5102040816326531, 'num_trades': 196, 'precision': 0.5102040816326531, 'recall': 1.0, 'f1_score': 0.6756756756756758, 'confusion_matrix': [[0, 96], [0, 100]], 'auc_roc': 0.5617708333333333, 'alpha': 0.0}}, 'h4': {'statistical': {'mse': 0.591710090637207, 'rmse': 0.7692269682884216, 'mae': 0.541033923625946, 'mape': 157.90048837661743, 'r2': 0.0053460001945495605, 'mean_error': 0.017390569671988487, 'std_error': 0.7690302729606628}, 'financial': {'directional_accuracy': 0.5102040816326531, 'sharpe_ratio': 1.3885614565633078, 'max_drawdown': -0.055957332253456116, 'total_return': 0.13468527793884277, 'hit_rate': 0.5102040816326531, 'num_trades': 196, 'precision': 0.5102040816326531, 'recall': 1.0, 'f1_score': 0.6756756756756758, 'confusion_matrix': [[0, 96], [0, 100]], 'auc_roc': 0.5657291666666667, 'alpha': 0.0}}, 'h5': {'statistical': {'mse': 0.5721593499183655, 'rmse': 0.756412148475647, 'mae': 0.5341821312904358, 'mape': 181.12748861312866, 'r2': 0.007277965545654297, 'mean_error': 0.007343861740082502, 'std_error': 0.7563765048980713}, 'financial': {'directional_accuracy': 0.5102040816326531, 'sharpe_ratio': 1.5909989210281648, 'max_drawdown': -0.05595728009939194, 'total_return': 0.1542215347290039, 'hit_rate': 0.5102040816326531, 'num_trades': 196, 'precision': 0.5102040816326531, 'recall': 1.0, 'f1_score': 0.6756756756756758, 'confusion_matrix': [[0, 96], [0, 100]], 'auc_roc': 0.5721875, 'alpha': 0.0}}}, 'aggregate': {'statistical': {'mse': 0.5915495872497558, 'rmse': 0.76907799243927, 'mae': 0.5394700169563293, 'mape': 144.62863683700562, 'r2': 0.004100477695465088, 'mean_error': 0.03309533325955272, 'std_error': 0.7681422233581543}}}",experiments/12c_multi_horizon/macro_heavy_daily_3q_h5_d025/fold_2016/checkpoints/tft-epoch=epoch=11-valloss=val_loss=0.4578.ckpt,daily,5,fold_2016,2016,2016-01-01,2016-12-31,10,-0.023978885263204575,0.09497591108083725,0.002448153682053089,0.03405717387795448,0.11895479261875153,195,29.081632653061224,70.91836734693877,196,0.612378716468811,0.7825462818145752,0.5476945638656616,126.22299194335938,0.00022482872009277344,0.05402761697769165,0.7806790471076965,0.5459183673469388,1.8452220782313955,-0.045091308653354645,0.1257878541946411,0.17346938775510204,57,0.5964912280701754,0.34,0.4331210191082803,"[[73, 23], [66, 34]]",0.5484374999999999,0.01546323299407959,95,61,18,4,18,196,48.46938775510204,31.122448979591837,9.183673469387756,2.0408163265306123,9.183673469387756,macro_heavy_daily_3q_h5_d025
2025-12-14T18:05:07.143400,True,False,"{'n_horizons': 5, 'metrics_by_horizon': {'h1': {'statistical': {'mse': 0.18561165034770966, 'rmse': 0.43082669377326965, 'mae': 0.2956808805465698, 'mape': 99.32520985603333, 'r2': -0.019262075424194336, 'mean_error': 0.05917609483003616, 'std_error': 0.4267432987689972}, 'financial': {'directional_accuracy': 0.6020408163265306, 'sharpe_ratio': 2.4584760993755874, 'max_drawdown': -0.027967534959316254, 'total_return': 0.13621771335601807, 'hit_rate': 0.6020408163265306, 'num_trades': 196, 'precision': 0.6020408163265306, 'recall': 1.0, 'f1_score': 0.7515923566878981, 'confusion_matrix': [[0, 78], [0, 118]], 'auc_roc': 0.414819643633203, 'alpha': 0.0}}, 'h2': {'statistical': {'mse': 0.1855534166097641, 'rmse': 0.43075910210609436, 'mae': 0.2959901988506317, 'mape': 99.56445693969727, 'r2': -0.018288850784301758, 'mean_error': 0.05810721963644028, 'std_error': 0.4268219470977783}, 'financial': {'directional_accuracy': 0.5969387755102041, 'sharpe_ratio': 2.4349958121838187, 'max_drawdown': -0.027967818081378937, 'total_return': 0.13485944271087646, 'hit_rate': 0.5969387755102041, 'num_trades': 196, 'precision': 0.5969387755102041, 'recall': 1.0, 'f1_score': 0.7476038338658146, 'confusion_matrix': [[0, 79], [0, 117]], 'auc_roc': 0.42680947744238884, 'alpha': 0.0}}, 'h3': {'statistical': {'mse': 0.18457145988941193, 'rmse': 0.4296177923679352, 'mae': 0.29455792903900146, 'mape': 101.0475754737854, 'r2': -0.012871623039245605, 'mean_error': 0.04880411922931671, 'std_error': 0.426836758852005}, 'financial': {'directional_accuracy': 0.5969387755102041, 'sharpe_ratio': 2.442803571843494, 'max_drawdown': -0.027967652305960655, 'total_return': 0.13532757759094238, 'hit_rate': 0.5969387755102041, 'num_trades': 196, 'precision': 0.5969387755102041, 'recall': 1.0, 'f1_score': 0.7476038338658146, 'confusion_matrix': [[0, 79], [0, 117]], 'auc_roc': 0.428215947203289, 'alpha': 0.0}}, 'h4': {'statistical': {'mse': 0.18136250972747803, 'rmse': 0.4258667826652527, 'mae': 0.29028603434562683, 'mape': 104.34631109237671, 'r2': -0.005205750465393066, 'mean_error': 0.030876189470291138, 'std_error': 0.42474600672721863}, 'financial': {'directional_accuracy': 0.5918367346938775, 'sharpe_ratio': 2.2724154859010803, 'max_drawdown': -0.027967827394604683, 'total_return': 0.1245352029800415, 'hit_rate': 0.5918367346938775, 'num_trades': 196, 'precision': 0.5918367346938775, 'recall': 1.0, 'f1_score': 0.7435897435897436, 'confusion_matrix': [[0, 80], [0, 116]], 'auc_roc': 0.42898706896551736, 'alpha': 0.0}}, 'h5': {'statistical': {'mse': 0.1821678876876831, 'rmse': 0.4268113076686859, 'mae': 0.2908904552459717, 'mape': 111.06321811676025, 'r2': -0.0011349916458129883, 'mean_error': 0.015059896744787693, 'std_error': 0.42654553055763245}, 'financial': {'directional_accuracy': 0.5918367346938775, 'sharpe_ratio': 2.1980391652577573, 'max_drawdown': -0.027967749163508415, 'total_return': 0.12069344520568848, 'hit_rate': 0.5918367346938775, 'num_trades': 196, 'precision': 0.5918367346938775, 'recall': 1.0, 'f1_score': 0.7435897435897436, 'confusion_matrix': [[0, 80], [0, 116]], 'auc_roc': 0.4352370689655172, 'alpha': 0.0}}}, 'aggregate': {'statistical': {'mse': 0.18385338485240937, 'rmse': 0.42877633571624757, 'mae': 0.2934810996055603, 'mape': 103.06935429573059, 'r2': -0.01135265827178955, 'mean_error': 0.0424047039821744, 'std_error': 0.4263387084007263}}}",experiments/12c_multi_horizon/macro_heavy_daily_3q_h5_d025/fold_2017/checkpoints/tft-epoch=epoch=20-valloss=val_loss=0.3647.ckpt,daily,5,fold_2017,2017,2017-01-01,2017-12-31,10,0.003863684833049774,0.010058297775685787,0.006912339478731155,0.0018450567731633782,0.006194612942636013,195,100.0,0.0,196,0.18561165034770966,0.43082669377326965,0.2956808805465698,99.32520985603333,-0.019262075424194336,0.05917609483003616,0.4267432987689972,0.6020408163265306,2.4584760993755874,-0.027967534959316254,0.13621771335601807,0.6020408163265306,196,0.6020408163265306,1.0,0.7515923566878981,"[[0, 78], [0, 118]]",0.414819643633203,0.0,29,0,0,166,1,196,14.795918367346939,0.0,0.0,84.6938775510204,0.5102040816326531,macro_heavy_daily_3q_h5_d025
2025-12-14T18:18:30.590544,True,True,"{'n_horizons': 5, 'metrics_by_horizon': {'h1': {'statistical': {'mse': 0.984443724155426, 'rmse': 0.9921913743019104, 'mae': 0.7065446972846985, 'mape': 215.56603908538818, 'r2': -0.0039255619049072266, 'mean_error': 0.10339726507663727, 'std_error': 0.9867890477180481}, 'financial': {'directional_accuracy': 0.4666666666666667, 'sharpe_ratio': 0.0, 'max_drawdown': 0.0, 'total_return': 0.0, 'hit_rate': 0.0, 'num_trades': 0, 'precision': 0.0, 'recall': 0.0, 'f1_score': 0.0, 'confusion_matrix': [[91, 0], [104, 0]], 'auc_roc': 0.5159551986475064, 'alpha': 0.0026310086250305176}}, 'h2': {'statistical': {'mse': 0.9794777035713196, 'rmse': 0.9896856546401978, 'mae': 0.6999439597129822, 'mape': 168.55915784835815, 'r2': 0.0014638304710388184, 'mean_error': 0.06216433271765709, 'std_error': 0.987731397151947}, 'financial': {'directional_accuracy': 0.48205128205128206, 'sharpe_ratio': 1.6895857543932784, 'max_drawdown': -0.002508941339328885, 'total_return': 0.036708831787109375, 'hit_rate': 0.020512820512820513, 'num_trades': 6, 'precision': 0.6666666666666666, 'recall': 0.038834951456310676, 'f1_score': 0.07339449541284404, 'confusion_matrix': [[90, 2], [99, 4]], 'auc_roc': 0.5167792317433516, 'alpha': 0.042327702045440674}}, 'h3': {'statistical': {'mse': 0.9817970395088196, 'rmse': 0.9908567070960999, 'mae': 0.6992524266242981, 'mape': 123.3142614364624, 'r2': 0.003484666347503662, 'mean_error': 0.012027104385197163, 'std_error': 0.99078369140625}, 'financial': {'directional_accuracy': 0.5282051282051282, 'sharpe_ratio': 1.4530526477365737, 'max_drawdown': -0.03667076304554939, 'total_return': 0.09426844120025635, 'hit_rate': 0.1641025641025641, 'num_trades': 53, 'precision': 0.6037735849056604, 'recall': 0.3106796116504854, 'f1_score': 0.4102564102564102, 'confusion_matrix': [[71, 21], [71, 32]], 'auc_roc': 0.5111861544955678, 'alpha': 0.10839635133743286}}, 'h4': {'statistical': {'mse': 0.9605066776275635, 'rmse': 0.9800544381141663, 'mae': 0.6875757575035095, 'mape': 119.43647861480713, 'r2': 0.0017818808555603027, 'mean_error': -0.024007515981793404, 'std_error': 0.9797603487968445}, 'financial': {'directional_accuracy': 0.5282051282051282, 'sharpe_ratio': 0.1258525930278374, 'max_drawdown': -0.09842362999916077, 'total_return': 0.005741715431213379, 'hit_rate': 0.5282051282051282, 'num_trades': 195, 'precision': 0.5282051282051282, 'recall': 1.0, 'f1_score': 0.691275167785235, 'confusion_matrix': [[0, 92], [0, 103]], 'auc_roc': 0.5011608273533137, 'alpha': 0.0}}, 'h5': {'statistical': {'mse': 0.8813761472702026, 'rmse': 0.9388163685798645, 'mae': 0.6712535619735718, 'mape': 166.12650156021118, 'r2': -0.0032968521118164062, 'mean_error': -0.051637373864650726, 'std_error': 0.9373952746391296}, 'financial': {'directional_accuracy': 0.5282051282051282, 'sharpe_ratio': 0.42191612666482153, 'max_drawdown': -0.0984238013625145, 'total_return': 0.04078102111816406, 'hit_rate': 0.5282051282051282, 'num_trades': 195, 'precision': 0.5282051282051282, 'recall': 1.0, 'f1_score': 0.691275167785235, 'confusion_matrix': [[0, 92], [0, 103]], 'auc_roc': 0.4740396791895314, 'alpha': 0.0}}}, 'aggregate': {'statistical': {'mse': 0.9575202584266662, 'rmse': 0.9783209085464477, 'mae': 0.692914080619812, 'mape': 158.6004877090454, 'r2': -9.840726852416992e-05, 'mean_error': 0.020388762466609478, 'std_error': 0.9764919519424439}}}",experiments/12c_multi_horizon/macro_heavy_daily_3q_h5_d025/fold_2018/checkpoints/tft-epoch=epoch=02-valloss=val_loss=0.2116.ckpt,daily,5,fold_2018,2018,2018-01-01,2018-12-31,10,-0.12966980040073395,-0.018082568421959877,-0.09981423616409302,0.026556383818387985,0.11158723384141922,195,0.0,100.0,195,0.984443724155426,0.9921913743019104,0.7065446972846985,215.56603908538818,-0.0039255619049072266,0.10339726507663727,0.9867890477180481,0.4666666666666667,0.0,0.0,0.0,0.0,0,0.0,0.0,0.0,"[[91, 0], [104, 0]]",0.5159551986475064,0.0026310086250305176,30,0,107,38,20,195,15.384615384615385,0.0,54.871794871794876,19.48717948717949,10.256410256410255,macro_heavy_daily_3q_h5_d025
2025-12-14T18:31:20.598660,True,True,"{'n_horizons': 5, 'metrics_by_horizon': {'h1': {'statistical': {'mse': 0.6132352352142334, 'rmse': 0.7830933928489685, 'mae': 0.5717757344245911, 'mape': 133.60321521759033, 'r2': 0.00041735172271728516, 'mean_error': 0.03041570447385311, 'std_error': 0.7825025320053101}, 'financial': {'directional_accuracy': 0.576530612244898, 'sharpe_ratio': 1.5555821549020217, 'max_drawdown': -0.06836147606372833, 'total_return': 0.15528416633605957, 'hit_rate': 0.576530612244898, 'num_trades': 196, 'precision': 0.576530612244898, 'recall': 1.0, 'f1_score': 0.7313915857605179, 'confusion_matrix': [[0, 83], [0, 113]], 'auc_roc': 0.5962256104062267, 'alpha': 0.0}}, 'h2': {'statistical': {'mse': 0.6105117201805115, 'rmse': 0.7813525199890137, 'mae': 0.5688194036483765, 'mape': 126.50669813156128, 'r2': -0.0002110004425048828, 'mean_error': 0.03375520929694176, 'std_error': 0.7806230187416077}, 'financial': {'directional_accuracy': 0.576530612244898, 'sharpe_ratio': 1.4866310764132311, 'max_drawdown': -0.06836137175559998, 'total_return': 0.14722895622253418, 'hit_rate': 0.576530612244898, 'num_trades': 196, 'precision': 0.576530612244898, 'recall': 1.0, 'f1_score': 0.7313915857605179, 'confusion_matrix': [[0, 83], [0, 113]], 'auc_roc': 0.5966520951060881, 'alpha': 0.0}}, 'h3': {'statistical': {'mse': 0.6108307838439941, 'rmse': 0.7815566658973694, 'mae': 0.5690966844558716, 'mape': 125.45874118804932, 'r2': -0.000736236572265625, 'mean_error': 0.03447020426392555, 'std_error': 0.7807961106300354}, 'financial': {'directional_accuracy': 0.576530612244898, 'sharpe_ratio': 1.484693388551498, 'max_drawdown': -0.06836145371198654, 'total_return': 0.14701485633850098, 'hit_rate': 0.576530612244898, 'num_trades': 196, 'precision': 0.576530612244898, 'recall': 1.0, 'f1_score': 0.7313915857605179, 'confusion_matrix': [[0, 83], [0, 113]], 'auc_roc': 0.5994775562426697, 'alpha': 0.0}}, 'h4': {'statistical': {'mse': 0.6089795231819153, 'rmse': 0.7803714275360107, 'mae': 0.5661489367485046, 'mape': 128.11628580093384, 'r2': -0.0007746219635009766, 'mean_error': 0.028575211763381958, 'std_error': 0.779848039150238}, 'financial': {'directional_accuracy': 0.576530612244898, 'sharpe_ratio': 1.4253122385224783, 'max_drawdown': -0.0683613270521164, 'total_return': 0.14024865627288818, 'hit_rate': 0.576530612244898, 'num_trades': 196, 'precision': 0.576530612244898, 'recall': 1.0, 'f1_score': 0.7313915857605179, 'confusion_matrix': [[0, 83], [0, 113]], 'auc_roc': 0.5836443117603156, 'alpha': 0.0}}, 'h5': {'statistical': {'mse': 0.6106992959976196, 'rmse': 0.7814725041389465, 'mae': 0.5671947002410889, 'mape': 132.68146514892578, 'r2': -0.0008466243743896484, 'mean_error': 0.024698447436094284, 'std_error': 0.7810821533203125}, 'financial': {'directional_accuracy': 0.576530612244898, 'sharpe_ratio': 1.4543263436764506, 'max_drawdown': -0.06836125999689102, 'total_return': 0.14363884925842285, 'hit_rate': 0.576530612244898, 'num_trades': 196, 'precision': 0.576530612244898, 'recall': 1.0, 'f1_score': 0.7313915857605179, 'confusion_matrix': [[0, 83], [0, 113]], 'auc_roc': 0.5675445143405481, 'alpha': 0.0}}}, 'aggregate': {'statistical': {'mse': 0.6108513116836548, 'rmse': 0.7815693020820618, 'mae': 0.5686070919036865, 'mape': 129.2732810974121, 'r2': -0.00043022632598876953, 'mean_error': 0.030382955446839333, 'std_error': 0.7809703707695007}}}",experiments/12c_multi_horizon/macro_heavy_daily_3q_h5_d025/fold_2019/checkpoints/tft-epoch=epoch=98-valloss=val_loss=0.4576.ckpt,daily,5,fold_2019,2019,2019-01-01,2019-12-31,10,0.04073786363005638,0.05828271433711052,0.046337567269802094,0.003576071234419942,0.017544850707054138,196,100.0,0.0,196,0.6132352352142334,0.7830933928489685,0.5717757344245911,133.60321521759033,0.00041735172271728516,0.03041570447385311,0.7825025320053101,0.576530612244898,1.5555821549020217,-0.06836147606372833,0.15528416633605957,0.576530612244898,196,0.576530612244898,1.0,0.7313915857605179,"[[0, 83], [0, 113]]",0.5962256104062267,0.0,29,1,60,106,0,196,14.795918367346939,0.5102040816326531,30.612244897959183,54.08163265306123,0.0,macro_heavy_daily_3q_h5_d025
2025-12-14T18:44:09.781039,True,True,"{'n_horizons': 5, 'metrics_by_horizon': {'h1': {'statistical': {'mse': 5.879167079925537, 'rmse': 2.424699306488037, 'mae': 1.5656204223632812, 'mape': 106.75054788589478, 'r2': 0.0005192160606384277, 'mean_error': -0.030553139746189117, 'std_error': 2.424506902694702}, 'financial': {'directional_accuracy': 0.5736040609137056, 'sharpe_ratio': 0.3952195177194049, 'max_drawdown': -0.3392496705055237, 'total_return': 0.06231081485748291, 'hit_rate': 0.5736040609137056, 'num_trades': 197, 'precision': 0.5736040609137056, 'recall': 1.0, 'f1_score': 0.7290322580645162, 'confusion_matrix': [[0, 84], [0, 113]], 'auc_roc': 0.5624736620311841, 'alpha': 0.0}}, 'h2': {'statistical': {'mse': 5.8686933517456055, 'rmse': 2.4225385189056396, 'mae': 1.5604536533355713, 'mape': 108.87860059738159, 'r2': 0.0003713369369506836, 'mean_error': -0.0400712750852108, 'std_error': 2.4222071170806885}, 'financial': {'directional_accuracy': 0.5736040609137056, 'sharpe_ratio': 0.42129994712885954, 'max_drawdown': -0.3392496407032013, 'total_return': 0.07066810131072998, 'hit_rate': 0.5736040609137056, 'num_trades': 197, 'precision': 0.5736040609137056, 'recall': 1.0, 'f1_score': 0.7290322580645162, 'confusion_matrix': [[0, 84], [0, 113]], 'auc_roc': 0.5739570164348924, 'alpha': 0.0}}, 'h3': {'statistical': {'mse': 5.8775739669799805, 'rmse': 2.424370765686035, 'mae': 1.5621005296707153, 'mape': 111.5639328956604, 'r2': -6.699562072753906e-05, 'mean_error': -0.0546279139816761, 'std_error': 2.423755168914795}, 'financial': {'directional_accuracy': 0.5736040609137056, 'sharpe_ratio': 0.4421996369310664, 'max_drawdown': -0.33924955129623413, 'total_return': 0.0774240493774414, 'hit_rate': 0.5736040609137056, 'num_trades': 197, 'precision': 0.5736040609137056, 'recall': 1.0, 'f1_score': 0.7290322580645162, 'confusion_matrix': [[0, 84], [0, 113]], 'auc_roc': 0.567425200168563, 'alpha': 0.0}}, 'h4': {'statistical': {'mse': 5.876195430755615, 'rmse': 2.424086570739746, 'mae': 1.5586620569229126, 'mape': 114.34422731399536, 'r2': -0.0005608797073364258, 'mean_error': -0.0751885324716568, 'std_error': 2.422919988632202}, 'financial': {'directional_accuracy': 0.5736040609137056, 'sharpe_ratio': 0.43128016913635403, 'max_drawdown': -0.33924952149391174, 'total_return': 0.07388639450073242, 'hit_rate': 0.5736040609137056, 'num_trades': 197, 'precision': 0.5736040609137056, 'recall': 1.0, 'f1_score': 0.7290322580645162, 'confusion_matrix': [[0, 84], [0, 113]], 'auc_roc': 0.5718499789296249, 'alpha': 0.0}}, 'h5': {'statistical': {'mse': 5.87665319442749, 'rmse': 2.4241809844970703, 'mae': 1.5552501678466797, 'mape': 117.40058660507202, 'r2': -0.0013641119003295898, 'mean_error': -0.10219977796077728, 'std_error': 2.422025680541992}, 'financial': {'directional_accuracy': 0.5685279187817259, 'sharpe_ratio': 0.3780738246399869, 'max_drawdown': -0.3392496407032013, 'total_return': 0.05684971809387207, 'hit_rate': 0.5685279187817259, 'num_trades': 197, 'precision': 0.5685279187817259, 'recall': 1.0, 'f1_score': 0.7249190938511327, 'confusion_matrix': [[0, 85], [0, 112]], 'auc_roc': 0.5823529411764706, 'alpha': 0.0}}}, 'aggregate': {'statistical': {'mse': 5.875656604766846, 'rmse': 2.4239752292633057, 'mae': 1.560417366027832, 'mape': 111.78757905960083, 'r2': -0.00022028684616088868, 'mean_error': -0.06052812784910202, 'std_error': 2.423082971572876}}}",experiments/12c_multi_horizon/macro_heavy_daily_3q_h5_d025/fold_2020/checkpoints/tft-epoch=epoch=05-valloss=val_loss=0.3766.ckpt,daily,5,fold_2020,2020,2020-01-01,2020-12-31,10,0.07111912220716476,0.11324199289083481,0.09093533456325531,0.012316785752773285,0.042122870683670044,197,100.0,0.0,197,5.879167079925537,2.424699306488037,1.5656204223632812,106.75054788589478,0.0005192160606384277,-0.030553139746189117,2.424506902694702,0.5736040609137056,0.3952195177194049,-0.3392496705055237,0.06231081485748291,0.5736040609137056,197,0.5736040609137056,1.0,0.7290322580645162,"[[0, 84], [0, 113]]",0.5624736620311841,0.0,29,0,138,21,9,197,14.720812182741117,0.0,70.05076142131979,10.65989847715736,4.568527918781726,macro_heavy_daily_3q_h5_d025
2025-12-14T18:57:45.871739,True,True,"{'n_horizons': 5, 'metrics_by_horizon': {'h1': {'statistical': {'mse': 0.5615516901016235, 'rmse': 0.7493675351142883, 'mae': 0.5651407837867737, 'mape': 117.65168905258179, 'r2': 0.0021252036094665527, 'mean_error': 0.012387197464704514, 'std_error': 0.7492651343345642}, 'financial': {'directional_accuracy': 0.576530612244898, 'sharpe_ratio': 2.3815758051639686, 'max_drawdown': -0.05212545022368431, 'total_return': 0.23980093002319336, 'hit_rate': 0.576530612244898, 'num_trades': 196, 'precision': 0.576530612244898, 'recall': 1.0, 'f1_score': 0.7313915857605179, 'confusion_matrix': [[0, 83], [0, 113]], 'auc_roc': 0.464015353449195, 'alpha': 0.0}}, 'h2': {'statistical': {'mse': 0.554551362991333, 'rmse': 0.7446820735931396, 'mae': 0.5605625510215759, 'mape': 117.85174608230591, 'r2': 0.0031597018241882324, 'mean_error': 0.0024573425762355328, 'std_error': 0.7446780800819397}, 'financial': {'directional_accuracy': 0.576530612244898, 'sharpe_ratio': 2.3228287236588305, 'max_drawdown': -0.052125316113233566, 'total_return': 0.23163866996765137, 'hit_rate': 0.576530612244898, 'num_trades': 196, 'precision': 0.576530612244898, 'recall': 1.0, 'f1_score': 0.7313915857605179, 'confusion_matrix': [[0, 83], [0, 113]], 'auc_roc': 0.4629491416995415, 'alpha': 0.0}}, 'h3': {'statistical': {'mse': 0.5571437478065491, 'rmse': 0.7464206218719482, 'mae': 0.5617831945419312, 'mape': 160.02023220062256, 'r2': -0.0013899803161621094, 'mean_error': -0.00010830650717252865, 'std_error': 0.7464206218719482}, 'financial': {'directional_accuracy': 0.5714285714285714, 'sharpe_ratio': 2.3116307494554986, 'max_drawdown': -0.05212530866265297, 'total_return': 0.2303837537765503, 'hit_rate': 0.5714285714285714, 'num_trades': 196, 'precision': 0.5714285714285714, 'recall': 1.0, 'f1_score': 0.7272727272727273, 'confusion_matrix': [[0, 84], [0, 112]], 'auc_roc': 0.47225765306122447, 'alpha': 0.0}}, 'h4': {'statistical': {'mse': 0.5541918873786926, 'rmse': 0.7444406747817993, 'mae': 0.5577820539474487, 'mape': 160.50482988357544, 'r2': -0.004180908203125, 'mean_error': -0.003791282419115305, 'std_error': 0.7444310188293457}, 'financial': {'directional_accuracy': 0.5714285714285714, 'sharpe_ratio': 2.2448194896076457, 'max_drawdown': -0.05212528631091118, 'total_return': 0.22187817096710205, 'hit_rate': 0.5714285714285714, 'num_trades': 196, 'precision': 0.5714285714285714, 'recall': 1.0, 'f1_score': 0.7272727272727273, 'confusion_matrix': [[0, 84], [0, 112]], 'auc_roc': 0.4269770408163266, 'alpha': 0.0}}, 'h5': {'statistical': {'mse': 0.552426815032959, 'rmse': 0.7432541847229004, 'mae': 0.556719958782196, 'mape': 160.45454740524292, 'r2': -0.0005183219909667969, 'mean_error': -0.0059439255855977535, 'std_error': 0.7432304620742798}, 'financial': {'directional_accuracy': 0.5663265306122449, 'sharpe_ratio': 2.173459873267647, 'max_drawdown': -0.05212530866265297, 'total_return': 0.21396827697753906, 'hit_rate': 0.5663265306122449, 'num_trades': 196, 'precision': 0.5663265306122449, 'recall': 1.0, 'f1_score': 0.7231270358306189, 'confusion_matrix': [[0, 85], [0, 111]], 'auc_roc': 0.4487546369899311, 'alpha': 0.0}}}, 'aggregate': {'statistical': {'mse': 0.5559731006622315, 'rmse': 0.7456330180168151, 'mae': 0.5603977084159851, 'mape': 143.29660892486572, 'r2': -0.00016086101531982423, 'mean_error': 0.0010002051058108918, 'std_error': 0.7456050634384155}}}",experiments/12c_multi_horizon/macro_heavy_daily_3q_h5_d025/fold_2021/checkpoints/tft-epoch=epoch=99-valloss=val_loss=1.0793.ckpt,daily,5,fold_2021,2021,2021-01-01,2021-12-31,10,0.04192834347486496,0.2251221388578415,0.10015646368265152,0.043959155678749084,0.18319380283355713,196,100.0,0.0,196,0.5615516901016235,0.7493675351142883,0.5651407837867737,117.65168905258179,0.0021252036094665527,0.012387197464704514,0.7492651343345642,0.576530612244898,2.3815758051639686,-0.05212545022368431,0.23980093002319336,0.576530612244898,196,0.576530612244898,1.0,0.7313915857605179,"[[0, 83], [0, 113]]",0.464015353449195,0.0,30,0,147,6,13,196,15.306122448979592,0.0,75.0,3.061224489795918,6.63265306122449,macro_heavy_daily_3q_h5_d025
2025-12-14T19:11:29.682759,True,True,"{'n_horizons': 5, 'metrics_by_horizon': {'h1': {'statistical': {'mse': 2.4644274711608887, 'rmse': 1.5698494911193848, 'mae': 1.260385274887085, 'mape': 107.79252052307129, 'r2': -0.009511351585388184, 'mean_error': -0.1477484256029129, 'std_error': 1.5628812313079834}, 'financial': {'directional_accuracy': 0.4461538461538462, 'sharpe_ratio': -0.8058895621092493, 'max_drawdown': -0.2258353978395462, 'total_return': -0.16358596086502075, 'hit_rate': 0.4461538461538462, 'num_trades': 195, 'precision': 0.4461538461538462, 'recall': 1.0, 'f1_score': 0.6170212765957447, 'confusion_matrix': [[0, 108], [0, 87]], 'auc_roc': 0.5113878246062155, 'alpha': 0.0}}, 'h2': {'statistical': {'mse': 2.6221611499786377, 'rmse': 1.6193088293075562, 'mae': 1.288209080696106, 'mape': 110.47787666320801, 'r2': -0.00863504409790039, 'mean_error': -0.14454196393489838, 'std_error': 1.6128450632095337}, 'financial': {'directional_accuracy': 0.4461538461538462, 'sharpe_ratio': -0.5356997291890917, 'max_drawdown': -0.22583533823490143, 'total_return': -0.1232374906539917, 'hit_rate': 0.4461538461538462, 'num_trades': 195, 'precision': 0.4461538461538462, 'recall': 1.0, 'f1_score': 0.6170212765957447, 'confusion_matrix': [[0, 108], [0, 87]], 'auc_roc': 0.4986164325244785, 'alpha': 0.0}}, 'h3': {'statistical': {'mse': 2.6307899951934814, 'rmse': 1.6219710111618042, 'mae': 1.2920727729797363, 'mape': 113.5918378829956, 'r2': -0.012566208839416504, 'mean_error': -0.1768365055322647, 'std_error': 1.6123024225234985}, 'financial': {'directional_accuracy': 0.441025641025641, 'sharpe_ratio': -0.6285802415250216, 'max_drawdown': -0.2258351445198059, 'total_return': -0.13918262720108032, 'hit_rate': 0.441025641025641, 'num_trades': 195, 'precision': 0.441025641025641, 'recall': 1.0, 'f1_score': 0.6120996441281139, 'confusion_matrix': [[0, 109], [0, 86]], 'auc_roc': 0.49050565393641987, 'alpha': 0.0}}, 'h4': {'statistical': {'mse': 2.607692241668701, 'rmse': 1.6148350238800049, 'mae': 1.2857085466384888, 'mape': 116.47087335586548, 'r2': -0.01332390308380127, 'mean_error': -0.1821896731853485, 'std_error': 1.6045244932174683}, 'financial': {'directional_accuracy': 0.4461538461538462, 'sharpe_ratio': -0.4635996861606714, 'max_drawdown': -0.2258354127407074, 'total_return': -0.10997384786605835, 'hit_rate': 0.4461538461538462, 'num_trades': 195, 'precision': 0.4461538461538462, 'recall': 1.0, 'f1_score': 0.6170212765957447, 'confusion_matrix': [[0, 108], [0, 87]], 'auc_roc': 0.49286930608769697, 'alpha': 0.0}}, 'h5': {'statistical': {'mse': 2.62017822265625, 'rmse': 1.6186964511871338, 'mae': 1.2918766736984253, 'mape': 119.76670026779175, 'r2': -0.017607808113098145, 'mean_error': -0.2105499505996704, 'std_error': 1.6049445867538452}, 'financial': {'directional_accuracy': 0.441025641025641, 'sharpe_ratio': -0.5314982120825615, 'max_drawdown': -0.2258353978395462, 'total_return': -0.12184673547744751, 'hit_rate': 0.441025641025641, 'num_trades': 195, 'precision': 0.441025641025641, 'recall': 1.0, 'f1_score': 0.6120996441281139, 'confusion_matrix': [[0, 109], [0, 86]], 'auc_roc': 0.49093236611905267, 'alpha': 0.0}}}, 'aggregate': {'statistical': {'mse': 2.589049816131592, 'rmse': 1.6089321613311767, 'mae': 1.2836504697799682, 'mape': 113.61996173858643, 'r2': -0.012328863143920898, 'mean_error': -0.17237330377101898, 'std_error': 1.599499559402466}}}",experiments/12c_multi_horizon/macro_heavy_daily_3q_h5_d025/fold_2022/checkpoints/tft-epoch=epoch=05-valloss=val_loss=0.3659.ckpt,daily,5,fold_2022,2022,2022-01-01,2022-12-31,10,0.04905499145388603,0.08717980980873108,0.06842935085296631,0.013357803225517273,0.03812481835484505,193,100.0,0.0,195,2.4644274711608887,1.5698494911193848,1.260385274887085,107.79252052307129,-0.009511351585388184,-0.1477484256029129,1.5628812313079834,0.4461538461538462,-0.8058895621092493,-0.2258353978395462,-0.16358596086502075,0.4461538461538462,195,0.4461538461538462,1.0,0.6170212765957447,"[[0, 108], [0, 87]]",0.5113878246062155,0.0,29,0,51,27,88,195,14.871794871794872,0.0,26.153846153846157,13.846153846153847,45.12820512820513,macro_heavy_daily_3q_h5_d025
2025-12-14T19:25:15.660881,True,True,"{'n_horizons': 5, 'metrics_by_horizon': {'h1': {'statistical': {'mse': 0.6799289584159851, 'rmse': 0.824578046798706, 'mae': 0.6549837589263916, 'mape': 133.41318368911743, 'r2': 0.0021678805351257324, 'mean_error': -0.017388392239809036, 'std_error': 0.824394702911377}, 'financial': {'directional_accuracy': 0.517948717948718, 'sharpe_ratio': 0.6377731706526022, 'max_drawdown': -0.1083863377571106, 'total_return': 0.05973482131958008, 'hit_rate': 0.517948717948718, 'num_trades': 195, 'precision': 0.517948717948718, 'recall': 1.0, 'f1_score': 0.6824324324324326, 'confusion_matrix': [[0, 94], [0, 101]], 'auc_roc': 0.5155887929218453, 'alpha': 0.0}}, 'h2': {'statistical': {'mse': 0.6872431039810181, 'rmse': 0.829001247882843, 'mae': 0.6580773591995239, 'mape': 134.949791431427, 'r2': 0.0012848377227783203, 'mean_error': -0.016202488914132118, 'std_error': 0.8288428783416748}, 'financial': {'directional_accuracy': 0.517948717948718, 'sharpe_ratio': 0.6853299066467771, 'max_drawdown': -0.10838639736175537, 'total_return': 0.06515121459960938, 'hit_rate': 0.517948717948718, 'num_trades': 195, 'precision': 0.517948717948718, 'recall': 1.0, 'f1_score': 0.6824324324324326, 'confusion_matrix': [[0, 94], [0, 101]], 'auc_roc': 0.5160101116494628, 'alpha': 0.0}}, 'h3': {'statistical': {'mse': 0.6779305338859558, 'rmse': 0.8233653903007507, 'mae': 0.6519652009010315, 'mape': 138.80746364593506, 'r2': -0.0005031824111938477, 'mean_error': -0.028879234567284584, 'std_error': 0.8228588104248047}, 'financial': {'directional_accuracy': 0.5128205128205128, 'sharpe_ratio': 0.5370000959836854, 'max_drawdown': -0.10838633030653, 'total_return': 0.048844099044799805, 'hit_rate': 0.5128205128205128, 'num_trades': 195, 'precision': 0.5128205128205128, 'recall': 1.0, 'f1_score': 0.6779661016949152, 'confusion_matrix': [[0, 95], [0, 100]], 'auc_roc': 0.5126315789473684, 'alpha': 0.0}}, 'h4': {'statistical': {'mse': 0.689749538898468, 'rmse': 0.8305116295814514, 'mae': 0.6561363935470581, 'mape': 142.83363819122314, 'r2': -9.751319885253906e-05, 'mean_error': -0.019962128251791, 'std_error': 0.8302717208862305}, 'financial': {'directional_accuracy': 0.517948717948718, 'sharpe_ratio': 0.8207582383593875, 'max_drawdown': -0.1083870604634285, 'total_return': 0.08003318309783936, 'hit_rate': 0.517948717948718, 'num_trades': 195, 'precision': 0.517948717948718, 'recall': 1.0, 'f1_score': 0.6824324324324326, 'confusion_matrix': [[0, 94], [0, 101]], 'auc_roc': 0.5178007162418369, 'alpha': 0.0}}, 'h5': {'statistical': {'mse': 0.6876746416091919, 'rmse': 0.8292614817619324, 'mae': 0.6535320281982422, 'mape': 147.84141778945923, 'r2': -0.0002205371856689453, 'mean_error': -0.023069625720381737, 'std_error': 0.8289405107498169}, 'financial': {'directional_accuracy': 0.5230769230769231, 'sharpe_ratio': 0.8980125866889397, 'max_drawdown': -0.1083865612745285, 'total_return': 0.08844137191772461, 'hit_rate': 0.5230769230769231, 'num_trades': 195, 'precision': 0.5230769230769231, 'recall': 1.0, 'f1_score': 0.686868686868687, 'confusion_matrix': [[0, 93], [0, 102]], 'auc_roc': 0.5125448028673836, 'alpha': 0.0}}}, 'aggregate': {'statistical': {'mse': 0.6845053553581237, 'rmse': 0.8273435592651367, 'mae': 0.6549389481544494, 'mape': 139.56909894943237, 'r2': 0.0005262970924377441, 'mean_error': -0.021100373938679695, 'std_error': 0.8270617246627807}}}",experiments/12c_multi_horizon/macro_heavy_daily_3q_h5_d025/fold_2023/checkpoints/tft-epoch=epoch=22-valloss=val_loss=0.8656.ckpt,daily,5,fold_2023,2023,2023-01-01,2023-12-31,10,0.019877418875694275,0.12507224082946777,0.05055255442857742,0.03297024592757225,0.1051948219537735,195,100.0,0.0,195,0.6799289584159851,0.824578046798706,0.6549837589263916,133.41318368911743,0.0021678805351257324,-0.017388392239809036,0.824394702911377,0.517948717948718,0.6377731706526022,-0.1083863377571106,0.05973482131958008,0.517948717948718,195,0.517948717948718,1.0,0.6824324324324326,"[[0, 94], [0, 101]]",0.5155887929218453,0.0,30,0,123,2,40,195,15.384615384615385,0.0,63.07692307692307,1.0256410256410255,20.51282051282051,macro_heavy_daily_3q_h5_d025
2025-12-14T19:40:38.268877,True,True,"{'n_horizons': 5, 'metrics_by_horizon': {'h1': {'statistical': {'mse': 0.6675366163253784, 'rmse': 0.8170291185379028, 'mae': 0.6101088523864746, 'mape': 207.46371746063232, 'r2': 0.0033805370330810547, 'mean_error': 0.029458913952112198, 'std_error': 0.8164978623390198}, 'financial': {'directional_accuracy': 0.5714285714285714, 'sharpe_ratio': 1.936531375625056, 'max_drawdown': -0.08485137671232224, 'total_return': 0.20806431770324707, 'hit_rate': 0.5714285714285714, 'num_trades': 196, 'precision': 0.5714285714285714, 'recall': 1.0, 'f1_score': 0.7272727272727273, 'confusion_matrix': [[0, 84], [0, 112]], 'auc_roc': 0.5078656462585034, 'alpha': 0.0}}, 'h2': {'statistical': {'mse': 0.655153214931488, 'rmse': 0.809415340423584, 'mae': 0.6039544939994812, 'mape': 199.9942421913147, 'r2': 0.000684201717376709, 'mean_error': 0.03731217607855797, 'std_error': 0.8085548877716064}, 'financial': {'directional_accuracy': 0.5714285714285714, 'sharpe_ratio': 2.089558686672965, 'max_drawdown': -0.08485125005245209, 'total_return': 0.22428929805755615, 'hit_rate': 0.5714285714285714, 'num_trades': 196, 'precision': 0.5714285714285714, 'recall': 1.0, 'f1_score': 0.7272727272727273, 'confusion_matrix': [[0, 84], [0, 112]], 'auc_roc': 0.499468537414966, 'alpha': 0.0}}, 'h3': {'statistical': {'mse': 0.6479959487915039, 'rmse': 0.8049819469451904, 'mae': 0.5979679226875305, 'mape': 203.9647340774536, 'r2': 0.0014470219612121582, 'mean_error': 0.02677214704453945, 'std_error': 0.8045365810394287}, 'financial': {'directional_accuracy': 0.5714285714285714, 'sharpe_ratio': 1.9769865086694667, 'max_drawdown': -0.08485148847103119, 'total_return': 0.20946240425109863, 'hit_rate': 0.5714285714285714, 'num_trades': 196, 'precision': 0.5714285714285714, 'recall': 1.0, 'f1_score': 0.7272727272727273, 'confusion_matrix': [[0, 84], [0, 112]], 'auc_roc': 0.5041454081632654, 'alpha': 0.0}}, 'h4': {'statistical': {'mse': 0.6456458568572998, 'rmse': 0.803520917892456, 'mae': 0.5961127877235413, 'mape': 211.0301971435547, 'r2': 0.0015036463737487793, 'mean_error': 0.01173960417509079, 'std_error': 0.8034351468086243}, 'financial': {'directional_accuracy': 0.5663265306122449, 'sharpe_ratio': 1.811976828258669, 'max_drawdown': -0.0848512053489685, 'total_return': 0.18943655490875244, 'hit_rate': 0.5663265306122449, 'num_trades': 196, 'precision': 0.5663265306122449, 'recall': 1.0, 'f1_score': 0.7231270358306189, 'confusion_matrix': [[0, 85], [0, 111]], 'auc_roc': 0.5019607843137255, 'alpha': 0.0}}, 'h5': {'statistical': {'mse': 0.6553915143013, 'rmse': 0.8095625638961792, 'mae': 0.6009782552719116, 'mape': 219.99921798706055, 'r2': 0.000785529613494873, 'mean_error': -0.0009593817521817982, 'std_error': 0.8095619678497314}, 'financial': {'directional_accuracy': 0.5663265306122449, 'sharpe_ratio': 1.6989238652244714, 'max_drawdown': -0.08485128730535507, 'total_return': 0.17748475074768066, 'hit_rate': 0.5663265306122449, 'num_trades': 196, 'precision': 0.5663265306122449, 'recall': 1.0, 'f1_score': 0.7231270358306189, 'confusion_matrix': [[0, 85], [0, 111]], 'auc_roc': 0.5023847376788553, 'alpha': 0.0}}}, 'aggregate': {'statistical': {'mse': 0.654344630241394, 'rmse': 0.8089019775390625, 'mae': 0.6018244624137878, 'mape': 208.49042177200317, 'r2': 0.0015601873397827148, 'mean_error': 0.02086469189962372, 'std_error': 0.8085172891616821}}}",experiments/12c_multi_horizon/macro_heavy_daily_3q_h5_d025/fold_2024/checkpoints/tft-epoch=epoch=17-valloss=val_loss=0.4134.ckpt,daily,5,fold_2024,2024,2024-01-01,2024-12-31,10,0.04001208394765854,0.12838158011436462,0.0703793615102768,0.027721228078007698,0.08836949616670609,196,100.0,0.0,196,0.6675366163253784,0.8170291185379028,0.6101088523864746,207.46371746063232,0.0033805370330810547,0.029458913952112198,0.8164978623390198,0.5714285714285714,1.936531375625056,-0.08485137671232224,0.20806431770324707,0.5714285714285714,196,0.5714285714285714,1.0,0.7272727272727273,"[[0, 84], [0, 112]]",0.5078656462585034,0.0,29,0,141,4,22,196,14.795918367346939,0.0,71.93877551020408,2.0408163265306123,11.224489795918368,macro_heavy_daily_3q_h5_d025
2025-12-14T17:50:18.984893,True,True,"{'n_horizons': 10, 'metrics_by_horizon': {'h1': {'statistical': {'mse': 0.5974492430686951, 'rmse': 0.7729483842849731, 'mae': 0.545802891254425, 'mape': 181.97994232177734, 'r2': -0.002624034881591797, 'mean_error': -0.03304506465792656, 'std_error': 0.7722417116165161}, 'financial': {'directional_accuracy': 0.5078534031413613, 'sharpe_ratio': 0.858213698599716, 'max_drawdown': -0.05595732107758522, 'total_return': 0.07679808139801025, 'hit_rate': 0.5078534031413613, 'num_trades': 191, 'precision': 0.5078534031413613, 'recall': 1.0, 'f1_score': 0.6736111111111112, 'confusion_matrix': [[0, 94], [0, 97]], 'auc_roc': 0.4871682386488265, 'alpha': 0.0}}, 'h2': {'statistical': {'mse': 0.5782623291015625, 'rmse': 0.7604356408119202, 'mae': 0.5369659662246704, 'mape': 168.59577894210815, 'r2': -0.0007390975952148438, 'mean_error': -0.013803831301629543, 'std_error': 0.7603102922439575}, 'financial': {'directional_accuracy': 0.5078534031413613, 'sharpe_ratio': 1.0280813776208315, 'max_drawdown': -0.05595732107758522, 'total_return': 0.09251236915588379, 'hit_rate': 0.5078534031413613, 'num_trades': 191, 'precision': 0.5078534031413613, 'recall': 1.0, 'f1_score': 0.6736111111111112, 'confusion_matrix': [[0, 94], [0, 97]], 'auc_roc': 0.4707172625575784, 'alpha': 0.0}}, 'h3': {'statistical': {'mse': 0.5772890448570251, 'rmse': 0.7597953677177429, 'mae': 0.5354652404785156, 'mape': 165.679931640625, 'r2': -0.0004889965057373047, 'mean_error': -0.014214607886970043, 'std_error': 0.759662389755249}, 'financial': {'directional_accuracy': 0.5026178010471204, 'sharpe_ratio': 0.955968886222305, 'max_drawdown': -0.055957116186618805, 'total_return': 0.08527541160583496, 'hit_rate': 0.5026178010471204, 'num_trades': 191, 'precision': 0.5026178010471204, 'recall': 1.0, 'f1_score': 0.6689895470383275, 'confusion_matrix': [[0, 95], [0, 96]], 'auc_roc': 0.46085526315789477, 'alpha': 0.0}}, 'h4': {'statistical': {'mse': 0.6018184423446655, 'rmse': 0.7757695913314819, 'mae': 0.5465294718742371, 'mape': 168.57905387878418, 'r2': -0.00030672550201416016, 'mean_error': -0.005131068639457226, 'std_error': 0.775752604007721}, 'financial': {'directional_accuracy': 0.5026178010471204, 'sharpe_ratio': 1.1579696228333227, 'max_drawdown': -0.055957332253456116, 'total_return': 0.10770249366760254, 'hit_rate': 0.5026178010471204, 'num_trades': 191, 'precision': 0.5026178010471204, 'recall': 1.0, 'f1_score': 0.6689895470383275, 'confusion_matrix': [[0, 95], [0, 96]], 'auc_roc': 0.4559210526315789, 'alpha': 0.0}}, 'h5': {'statistical': {'mse': 0.5833189487457275, 'rmse': 0.7637531757354736, 'mae': 0.5386697053909302, 'mape': 173.50469827651978, 'r2': -0.00047469139099121094, 'mean_error': 0.002352554816752672, 'std_error': 0.7637495994567871}, 'financial': {'directional_accuracy': 0.5078534031413613, 'sharpe_ratio': 1.4185069718321035, 'max_drawdown': -0.05595728009939194, 'total_return': 0.13281679153442383, 'hit_rate': 0.5078534031413613, 'num_trades': 191, 'precision': 0.5078534031413613, 'recall': 1.0, 'f1_score': 0.6736111111111112, 'confusion_matrix': [[0, 94], [0, 97]], 'auc_roc': 0.44296994955033997, 'alpha': 0.0}}, 'h6': {'statistical': {'mse': 0.57757169008255, 'rmse': 0.7599813938140869, 'mae': 0.5369696617126465, 'mape': 179.71413135528564, 'r2': -0.0009899139404296875, 'mean_error': 0.010280597023665905, 'std_error': 0.759911835193634}, 'financial': {'directional_accuracy': 0.5130890052356021, 'sharpe_ratio': 1.7019799548697943, 'max_drawdown': -0.05595733970403671, 'total_return': 0.1618098020553589, 'hit_rate': 0.5130890052356021, 'num_trades': 191, 'precision': 0.5130890052356021, 'recall': 1.0, 'f1_score': 0.6782006920415224, 'confusion_matrix': [[0, 93], [0, 98]], 'auc_roc': 0.4396532806671055, 'alpha': 0.0}}, 'h7': {'statistical': {'mse': 0.5776106119155884, 'rmse': 0.7600069642066956, 'mae': 0.5375683903694153, 'mape': 185.91159582138062, 'r2': -0.0011419057846069336, 'mean_error': 0.005938775837421417, 'std_error': 0.7599837779998779}, 'financial': {'directional_accuracy': 0.518324607329843, 'sharpe_ratio': 1.7306579244623284, 'max_drawdown': -0.05595710501074791, 'total_return': 0.16484928131103516, 'hit_rate': 0.518324607329843, 'num_trades': 191, 'precision': 0.518324607329843, 'recall': 1.0, 'f1_score': 0.6827586206896552, 'confusion_matrix': [[0, 92], [0, 99]], 'auc_roc': 0.4319279754062363, 'alpha': 0.0}}, 'h8': {'statistical': {'mse': 0.5776914954185486, 'rmse': 0.76006019115448, 'mae': 0.538264811038971, 'mape': 194.78462934494019, 'r2': -0.0012950897216796875, 'mean_error': 0.00019271959899924695, 'std_error': 0.76006019115448}, 'financial': {'directional_accuracy': 0.518324607329843, 'sharpe_ratio': 1.7314729526656611, 'max_drawdown': -0.05595716834068298, 'total_return': 0.16493356227874756, 'hit_rate': 0.518324607329843, 'num_trades': 191, 'precision': 0.518324607329843, 'recall': 1.0, 'f1_score': 0.6827586206896552, 'confusion_matrix': [[0, 92], [0, 99]], 'auc_roc': 0.43159859464207284, 'alpha': 0.0}}, 'h9': {'statistical': {'mse': 0.5710936784744263, 'rmse': 0.7557073831558228, 'mae': 0.5355368256568909, 'mape': 202.16338634490967, 'r2': -0.0016930103302001953, 'mean_error': 0.004874002188444138, 'std_error': 0.7556917667388916}, 'financial': {'directional_accuracy': 0.5235602094240838, 'sharpe_ratio': 1.9595379742441434, 'max_drawdown': -0.05595739930868149, 'total_return': 0.18826580047607422, 'hit_rate': 0.5235602094240838, 'num_trades': 191, 'precision': 0.5235602094240838, 'recall': 1.0, 'f1_score': 0.6872852233676976, 'confusion_matrix': [[0, 91], [0, 100]], 'auc_roc': 0.4238461538461538, 'alpha': 0.0}}, 'h10': {'statistical': {'mse': 0.553253710269928, 'rmse': 0.74381023645401, 'mae': 0.5276342034339905, 'mape': 209.5696210861206, 'r2': -0.001814723014831543, 'mean_error': -0.011647125706076622, 'std_error': 0.7437191009521484}, 'financial': {'directional_accuracy': 0.518324607329843, 'sharpe_ratio': 1.7550146242192832, 'max_drawdown': -0.05595732107758522, 'total_return': 0.16367292404174805, 'hit_rate': 0.518324607329843, 'num_trades': 191, 'precision': 0.518324607329843, 'recall': 1.0, 'f1_score': 0.6827586206896552, 'confusion_matrix': [[0, 92], [0, 99]], 'auc_roc': 0.42731664470794906, 'alpha': 0.0}}}, 'aggregate': {'statistical': {'mse': 0.5795359194278717, 'rmse': 0.7612268328666687, 'mae': 0.5379407167434692, 'mape': 183.04827690124512, 'r2': -0.0011568188667297364, 'mean_error': -0.005420304872677662, 'std_error': 0.7611083269119263}}}",experiments/12c_multi_horizon/macro_heavy_daily_3q_h10_d025/fold_2016/checkpoints/tft-epoch=epoch=17-valloss=val_loss=0.4590.ckpt,daily,10,fold_2016,2016,2016-01-01,2016-12-31,10,0.06194581091403961,0.08026212453842163,0.07477777451276779,0.00373453414067626,0.01831631362438202,190,100.0,0.0,191,0.5974492430686951,0.7729483842849731,0.545802891254425,181.97994232177734,-0.002624034881591797,-0.03304506465792656,0.7722417116165161,0.5078534031413613,0.858213698599716,-0.05595732107758522,0.07679808139801025,0.5078534031413613,191,0.5078534031413613,1.0,0.6736111111111112,"[[0, 94], [0, 97]]",0.4871682386488265,0.0,29,1,3,132,26,191,15.18324607329843,0.5235602094240838,1.5706806282722512,69.10994764397905,13.612565445026178,macro_heavy_daily_3q_h10_d025
2025-12-14T18:04:42.931667,True,True,"{'n_horizons': 10, 'metrics_by_horizon': {'h1': {'statistical': {'mse': 0.18547426164150238, 'rmse': 0.4306672215461731, 'mae': 0.29268190264701843, 'mape': 127.00692415237427, 'r2': -0.00015115737915039062, 'mean_error': -0.004406653344631195, 'std_error': 0.430644690990448}, 'financial': {'directional_accuracy': 0.6020942408376964, 'sharpe_ratio': 2.464079226077764, 'max_drawdown': -0.027967534959316254, 'total_return': 0.13412082195281982, 'hit_rate': 0.6020942408376964, 'num_trades': 191, 'precision': 0.6020942408376964, 'recall': 1.0, 'f1_score': 0.7516339869281046, 'confusion_matrix': [[0, 76], [0, 115]], 'auc_roc': 0.5445080091533181, 'alpha': 0.0}}, 'h2': {'statistical': {'mse': 0.18583598732948303, 'rmse': 0.4310869872570038, 'mae': 0.2934296429157257, 'mape': 116.96633100509644, 'r2': -0.00048601627349853516, 'mean_error': 0.011058439500629902, 'std_error': 0.43094515800476074}, 'financial': {'directional_accuracy': 0.6020942408376964, 'sharpe_ratio': 2.5160638561892337, 'max_drawdown': -0.027967818081378937, 'total_return': 0.13729417324066162, 'hit_rate': 0.6020942408376964, 'num_trades': 191, 'precision': 0.6020942408376964, 'recall': 1.0, 'f1_score': 0.7516339869281046, 'confusion_matrix': [[0, 76], [0, 115]], 'auc_roc': 0.547025171624714, 'alpha': 0.0}}, 'h3': {'statistical': {'mse': 0.18603992462158203, 'rmse': 0.43132346868515015, 'mae': 0.29406192898750305, 'mape': 113.65830898284912, 'r2': -0.0014907121658325195, 'mean_error': 0.01750928908586502, 'std_error': 0.43096795678138733}, 'financial': {'directional_accuracy': 0.6020942408376964, 'sharpe_ratio': 2.5294631516696566, 'max_drawdown': -0.027967652305960655, 'total_return': 0.1380903720855713, 'hit_rate': 0.6020942408376964, 'num_trades': 191, 'precision': 0.6020942408376964, 'recall': 1.0, 'f1_score': 0.7516339869281046, 'confusion_matrix': [[0, 76], [0, 115]], 'auc_roc': 0.5225400457665904, 'alpha': 0.0}}, 'h4': {'statistical': {'mse': 0.18372434377670288, 'rmse': 0.4286307692527771, 'mae': 0.29092520475387573, 'mape': 114.44989442825317, 'r2': -0.0010998249053955078, 'mean_error': 0.014670232310891151, 'std_error': 0.428379625082016}, 'financial': {'directional_accuracy': 0.5968586387434555, 'sharpe_ratio': 2.4002449303683364, 'max_drawdown': -0.027967827394604683, 'total_return': 0.12966763973236084, 'hit_rate': 0.5968586387434555, 'num_trades': 191, 'precision': 0.5968586387434555, 'recall': 1.0, 'f1_score': 0.7475409836065573, 'confusion_matrix': [[0, 77], [0, 114]], 'auc_roc': 0.5506949191159719, 'alpha': 0.0}}, 'h5': {'statistical': {'mse': 0.18335095047950745, 'rmse': 0.4281949996948242, 'mae': 0.28995126485824585, 'mape': 115.29577970504761, 'r2': -0.0010836124420166016, 'mean_error': 0.014634395949542522, 'std_error': 0.4279448390007019}, 'financial': {'directional_accuracy': 0.6020942408376964, 'sharpe_ratio': 2.4717864525821884, 'max_drawdown': -0.027967749163508415, 'total_return': 0.1336979866027832, 'hit_rate': 0.6020942408376964, 'num_trades': 191, 'precision': 0.6020942408376964, 'recall': 1.0, 'f1_score': 0.7516339869281046, 'confusion_matrix': [[0, 76], [0, 115]], 'auc_roc': 0.5784897025171625, 'alpha': 0.0}}, 'h6': {'statistical': {'mse': 0.18422843515872955, 'rmse': 0.4292184114456177, 'mae': 0.2918616831302643, 'mape': 117.2603964805603, 'r2': -0.00034618377685546875, 'mean_error': 0.009027527645230293, 'std_error': 0.4291234612464905}, 'financial': {'directional_accuracy': 0.5968586387434555, 'sharpe_ratio': 2.387735057626132, 'max_drawdown': -0.027967587113380432, 'total_return': 0.12917649745941162, 'hit_rate': 0.5968586387434555, 'num_trades': 191, 'precision': 0.5968586387434555, 'recall': 1.0, 'f1_score': 0.7475409836065573, 'confusion_matrix': [[0, 77], [0, 114]], 'auc_roc': 0.5911369332421964, 'alpha': 0.0}}, 'h7': {'statistical': {'mse': 0.18429748713970184, 'rmse': 0.4292988181114197, 'mae': 0.29247990250587463, 'mape': 120.7249641418457, 'r2': -4.851818084716797e-05, 'mean_error': 0.0038627563044428825, 'std_error': 0.42928144335746765}, 'financial': {'directional_accuracy': 0.5916230366492147, 'sharpe_ratio': 2.3561297991012964, 'max_drawdown': -0.027967577800154686, 'total_return': 0.1273808479309082, 'hit_rate': 0.5916230366492147, 'num_trades': 191, 'precision': 0.5916230366492147, 'recall': 1.0, 'f1_score': 0.743421052631579, 'confusion_matrix': [[0, 78], [0, 113]], 'auc_roc': 0.569434989788972, 'alpha': 0.0}}, 'h8': {'statistical': {'mse': 0.18293339014053345, 'rmse': 0.42770713567733765, 'mae': 0.2900106906890869, 'mape': 123.53910207748413, 'r2': -8.106231689453125e-05, 'mean_error': -0.003311488078907132, 'std_error': 0.42769429087638855}, 'financial': {'directional_accuracy': 0.5916230366492147, 'sharpe_ratio': 2.2722626755050994, 'max_drawdown': -0.027967695146799088, 'total_return': 0.12203490734100342, 'hit_rate': 0.5916230366492147, 'num_trades': 191, 'precision': 0.5916230366492147, 'recall': 1.0, 'f1_score': 0.743421052631579, 'confusion_matrix': [[0, 78], [0, 113]], 'auc_roc': 0.5612661674608578, 'alpha': 0.0}}, 'h9': {'statistical': {'mse': 0.1830311268568039, 'rmse': 0.4278213679790497, 'mae': 0.29022249579429626, 'mape': 127.08637714385986, 'r2': -0.000720977783203125, 'mean_error': -0.011142715811729431, 'std_error': 0.427676260471344}, 'financial': {'directional_accuracy': 0.5863874345549738, 'sharpe_ratio': 2.158195155522971, 'max_drawdown': -0.02796764113008976, 'total_return': 0.11546635627746582, 'hit_rate': 0.5863874345549738, 'num_trades': 191, 'precision': 0.5863874345549738, 'recall': 1.0, 'f1_score': 0.7392739273927392, 'confusion_matrix': [[0, 79], [0, 112]], 'auc_roc': 0.5559448462929476, 'alpha': 0.0}}, 'h10': {'statistical': {'mse': 0.18415145576000214, 'rmse': 0.4291287064552307, 'mae': 0.29141008853912354, 'mape': 130.56851625442505, 'r2': -0.002560853958129883, 'mean_error': -0.021460335701704025, 'std_error': 0.4285918176174164}, 'financial': {'directional_accuracy': 0.581151832460733, 'sharpe_ratio': 1.9447106348619583, 'max_drawdown': -0.027967700734734535, 'total_return': 0.10351324081420898, 'hit_rate': 0.581151832460733, 'num_trades': 191, 'precision': 0.581151832460733, 'recall': 1.0, 'f1_score': 0.7350993377483444, 'confusion_matrix': [[0, 80], [0, 111]], 'auc_roc': 0.5439189189189189, 'alpha': 0.0}}}, 'aggregate': {'statistical': {'mse': 0.18430673629045485, 'rmse': 0.4293077886104584, 'mae': 0.29170348048210143, 'mape': 120.65565943717957, 'r2': -0.000806891918182373, 'mean_error': 0.003044144785962999, 'std_error': 0.4291249543428421}}}",experiments/12c_multi_horizon/macro_heavy_daily_3q_h10_d025/fold_2017/checkpoints/tft-epoch=epoch=99-valloss=val_loss=0.3591.ckpt,daily,10,fold_2017,2017,2017-01-01,2017-12-31,10,0.06976675987243652,0.07228042185306549,0.0712508112192154,0.0005432988982647657,0.0025136619806289673,175,100.0,0.0,191,0.18547426164150238,0.4306672215461731,0.29268190264701843,127.00692415237427,-0.00015115737915039062,-0.004406653344631195,0.430644690990448,0.6020942408376964,2.464079226077764,-0.027967534959316254,0.13412082195281982,0.6020942408376964,191,0.6020942408376964,1.0,0.7516339869281046,"[[0, 76], [0, 115]]",0.5445080091533181,0.0,29,1,0,161,0,191,15.18324607329843,0.5235602094240838,0.0,84.29319371727748,0.0,macro_heavy_daily_3q_h10_d025
2025-12-14T18:18:06.030956,True,True,"{'n_horizons': 10, 'metrics_by_horizon': {'h1': {'statistical': {'mse': 0.9812182784080505, 'rmse': 0.9905646443367004, 'mae': 0.7070091366767883, 'mape': 263.62719535827637, 'r2': -0.010727524757385254, 'mean_error': 0.12197107076644897, 'std_error': 0.9830266237258911}, 'financial': {'directional_accuracy': 0.47368421052631576, 'sharpe_ratio': 0.0, 'max_drawdown': 0.0, 'total_return': 0.0, 'hit_rate': 0.0, 'num_trades': 0, 'precision': 0.0, 'recall': 0.0, 'f1_score': 0.0, 'confusion_matrix': [[90, 0], [100, 0]], 'auc_roc': 0.504, 'alpha': 0.03883761167526245}}, 'h2': {'statistical': {'mse': 0.9801693558692932, 'rmse': 0.9900350570678711, 'mae': 0.7023488879203796, 'mape': 209.82379913330078, 'r2': -0.0034502744674682617, 'mean_error': 0.08506449311971664, 'std_error': 0.9863739013671875}, 'financial': {'directional_accuracy': 0.47368421052631576, 'sharpe_ratio': 0.0, 'max_drawdown': 0.0, 'total_return': 0.0, 'hit_rate': 0.0, 'num_trades': 0, 'precision': 0.0, 'recall': 0.0, 'f1_score': 0.0, 'confusion_matrix': [[90, 0], [100, 0]], 'auc_roc': 0.514, 'alpha': 0.029163897037506104}}, 'h3': {'statistical': {'mse': 0.9771968126296997, 'rmse': 0.9885326623916626, 'mae': 0.6976678371429443, 'mape': 154.42875623703003, 'r2': 0.0016425848007202148, 'mean_error': 0.03401314467191696, 'std_error': 0.9879472255706787}, 'financial': {'directional_accuracy': 0.48947368421052634, 'sharpe_ratio': 2.0619825604619795, 'max_drawdown': -0.0012740312376990914, 'total_return': 0.039343833923339844, 'hit_rate': 0.02631578947368421, 'num_trades': 7, 'precision': 0.7142857142857143, 'recall': 0.05, 'f1_score': 0.09345794392523366, 'confusion_matrix': [[88, 2], [95, 5]], 'auc_roc': 0.5102222222222221, 'alpha': 0.07401514053344727}}, 'h4': {'statistical': {'mse': 0.9549784064292908, 'rmse': 0.9772299528121948, 'mae': 0.685196578502655, 'mape': 112.47118711471558, 'r2': 0.0020783543586730957, 'mean_error': -5.1660284952959046e-05, 'std_error': 0.9772299528121948}, 'financial': {'directional_accuracy': 0.5052631578947369, 'sharpe_ratio': 0.49441667604261585, 'max_drawdown': -0.07345587760210037, 'total_return': 0.03495466709136963, 'hit_rate': 0.19473684210526315, 'num_trades': 67, 'precision': 0.5522388059701493, 'recall': 0.36633663366336633, 'f1_score': 0.4404761904761905, 'confusion_matrix': [[59, 30], [64, 37]], 'auc_roc': 0.5088441428412505, 'alpha': 0.04318559169769287}}, 'h5': {'statistical': {'mse': 0.8702417612075806, 'rmse': 0.9328674674034119, 'mae': 0.664718508720398, 'mape': 136.16398572921753, 'r2': -0.0002732276916503906, 'mean_error': -0.021683165803551674, 'std_error': 0.9326154589653015}, 'financial': {'directional_accuracy': 0.5368421052631579, 'sharpe_ratio': 0.43107824533717537, 'max_drawdown': -0.0984238013625145, 'total_return': 0.04062056541442871, 'hit_rate': 0.5368421052631579, 'num_trades': 190, 'precision': 0.5368421052631579, 'recall': 1.0, 'f1_score': 0.6986301369863014, 'confusion_matrix': [[0, 88], [0, 102]], 'auc_roc': 0.49376114081996436, 'alpha': 0.0}}, 'h6': {'statistical': {'mse': 0.8812509775161743, 'rmse': 0.9387496709823608, 'mae': 0.667061984539032, 'mape': 184.0928554534912, 'r2': -0.0042008161544799805, 'mean_error': -0.06379655748605728, 'std_error': 0.9365793466567993}, 'financial': {'directional_accuracy': 0.5368421052631579, 'sharpe_ratio': 0.4628228605563337, 'max_drawdown': -0.09842387586832047, 'total_return': 0.04447352886199951, 'hit_rate': 0.5368421052631579, 'num_trades': 190, 'precision': 0.5368421052631579, 'recall': 1.0, 'f1_score': 0.6986301369863014, 'confusion_matrix': [[0, 88], [0, 102]], 'auc_roc': 0.4942067736185383, 'alpha': 0.0}}, 'h7': {'statistical': {'mse': 0.8875598907470703, 'rmse': 0.9421039819717407, 'mae': 0.6690273284912109, 'mape': 232.64343738555908, 'r2': -0.012611627578735352, 'mean_error': -0.1038169264793396, 'std_error': 0.9363663196563721}, 'financial': {'directional_accuracy': 0.5368421052631579, 'sharpe_ratio': 0.48534734355884346, 'max_drawdown': -0.0984235480427742, 'total_return': 0.04709160327911377, 'hit_rate': 0.5368421052631579, 'num_trades': 190, 'precision': 0.5368421052631579, 'recall': 1.0, 'f1_score': 0.6986301369863014, 'confusion_matrix': [[0, 88], [0, 102]], 'auc_roc': 0.47983511586452765, 'alpha': 0.0}}, 'h8': {'statistical': {'mse': 0.8234109878540039, 'rmse': 0.9074199795722961, 'mae': 0.6589566469192505, 'mape': 279.46760654449463, 'r2': -0.021948933601379395, 'mean_error': -0.12729565799236298, 'std_error': 0.8984468579292297}, 'financial': {'directional_accuracy': 0.5368421052631579, 'sharpe_ratio': 0.7699790007793745, 'max_drawdown': -0.09842373430728912, 'total_return': 0.07792055606842041, 'hit_rate': 0.5368421052631579, 'num_trades': 190, 'precision': 0.5368421052631579, 'recall': 1.0, 'f1_score': 0.6986301369863014, 'confusion_matrix': [[0, 88], [0, 102]], 'auc_roc': 0.4674688057040998, 'alpha': 0.0}}, 'h9': {'statistical': {'mse': 0.8253965973854065, 'rmse': 0.9085134267807007, 'mae': 0.6596139073371887, 'mape': 323.8746404647827, 'r2': -0.038524508476257324, 'mean_error': -0.17108161747455597, 'std_error': 0.8922598361968994}, 'financial': {'directional_accuracy': 0.531578947368421, 'sharpe_ratio': 0.6213974432681049, 'max_drawdown': -0.09842369705438614, 'total_return': 0.06048297882080078, 'hit_rate': 0.531578947368421, 'num_trades': 190, 'precision': 0.531578947368421, 'recall': 1.0, 'f1_score': 0.6941580756013745, 'confusion_matrix': [[0, 89], [0, 101]], 'auc_roc': 0.4697964178440316, 'alpha': 0.0}}, 'h10': {'statistical': {'mse': 0.8352852463722229, 'rmse': 0.9139394164085388, 'mae': 0.6655759215354919, 'mape': 364.42883014678955, 'r2': -0.05965280532836914, 'mean_error': -0.21430358290672302, 'std_error': 0.8884588479995728}, 'financial': {'directional_accuracy': 0.5263157894736842, 'sharpe_ratio': 0.4218046235682184, 'max_drawdown': -0.09842352569103241, 'total_return': 0.03801441192626953, 'hit_rate': 0.5263157894736842, 'num_trades': 190, 'precision': 0.5263157894736842, 'recall': 1.0, 'f1_score': 0.6896551724137931, 'confusion_matrix': [[0, 90], [0, 100]], 'auc_roc': 0.47866666666666663, 'alpha': 0.0}}}, 'aggregate': {'statistical': {'mse': 0.9016708314418793, 'rmse': 0.9489956259727478, 'mae': 0.677717673778534, 'mape': 226.10222935676575, 'r2': -0.014766877889633179, 'mean_error': -0.04609804598694609, 'std_error': 0.9419304370880127}}}",experiments/12c_multi_horizon/macro_heavy_daily_3q_h10_d025/fold_2018/checkpoints/tft-epoch=epoch=02-valloss=val_loss=0.2144.ckpt,daily,10,fold_2018,2018,2018-01-01,2018-12-31,10,-0.16580334305763245,-0.05285431444644928,-0.13793042302131653,0.025189928710460663,0.11294902861118317,189,0.0,100.0,190,0.9812182784080505,0.9905646443367004,0.7070091366767883,263.62719535827637,-0.010727524757385254,0.12197107076644897,0.9830266237258911,0.47368421052631576,0.0,0.0,0.0,0.0,0,0.0,0.0,0.0,"[[90, 0], [100, 0]]",0.504,0.03883761167526245,30,0,102,38,20,190,15.789473684210526,0.0,53.68421052631579,20.0,10.526315789473683,macro_heavy_daily_3q_h10_d025
2025-12-14T18:30:47.484320,True,True,"{'n_horizons': 10, 'metrics_by_horizon': {'h1': {'statistical': {'mse': 0.6264048218727112, 'rmse': 0.7914574146270752, 'mae': 0.5816146731376648, 'mape': 118.31834316253662, 'r2': 0.00337141752243042, 'mean_error': 0.04347293823957443, 'std_error': 0.7902626395225525}, 'financial': {'directional_accuracy': 0.5706806282722513, 'sharpe_ratio': 1.4878671611256145, 'max_drawdown': -0.06836147606372833, 'total_return': 0.1455094814300537, 'hit_rate': 0.5706806282722513, 'num_trades': 191, 'precision': 0.5706806282722513, 'recall': 1.0, 'f1_score': 0.7266666666666666, 'confusion_matrix': [[0, 82], [0, 109]], 'auc_roc': 0.5799955247258894, 'alpha': 0.0}}, 'h2': {'statistical': {'mse': 0.6242964267730713, 'rmse': 0.7901242971420288, 'mae': 0.579658567905426, 'mape': 115.09802341461182, 'r2': 0.002317190170288086, 'mean_error': 0.04486171901226044, 'std_error': 0.7888497710227966}, 'financial': {'directional_accuracy': 0.5706806282722513, 'sharpe_ratio': 1.4397528209426989, 'max_drawdown': -0.06836137175559998, 'total_return': 0.1399521827697754, 'hit_rate': 0.5706806282722513, 'num_trades': 191, 'precision': 0.5706806282722513, 'recall': 1.0, 'f1_score': 0.7266666666666666, 'confusion_matrix': [[0, 82], [0, 109]], 'auc_roc': 0.5735063772656075, 'alpha': 0.0}}, 'h3': {'statistical': {'mse': 0.6241374015808105, 'rmse': 0.790023684501648, 'mae': 0.5800140500068665, 'mape': 117.65294075012207, 'r2': 0.002868950366973877, 'mean_error': 0.041810523718595505, 'std_error': 0.7889165282249451}, 'financial': {'directional_accuracy': 0.5654450261780105, 'sharpe_ratio': 1.4176421501483463, 'max_drawdown': -0.06836145371198654, 'total_return': 0.13757860660552979, 'hit_rate': 0.5654450261780105, 'num_trades': 191, 'precision': 0.5654450261780105, 'recall': 1.0, 'f1_score': 0.7224080267558529, 'confusion_matrix': [[0, 83], [0, 108]], 'auc_roc': 0.5679384203480589, 'alpha': 0.0}}, 'h4': {'statistical': {'mse': 0.6224278807640076, 'rmse': 0.788940966129303, 'mae': 0.5771663784980774, 'mape': 123.07959794998169, 'r2': 0.0025101304054260254, 'mean_error': 0.03379201516509056, 'std_error': 0.7882169485092163}, 'financial': {'directional_accuracy': 0.5654450261780105, 'sharpe_ratio': 1.3559382111358327, 'max_drawdown': -0.0683613270521164, 'total_return': 0.1307159662246704, 'hit_rate': 0.5654450261780105, 'num_trades': 191, 'precision': 0.5654450261780105, 'recall': 1.0, 'f1_score': 0.7224080267558529, 'confusion_matrix': [[0, 83], [0, 108]], 'auc_roc': 0.5524319500223115, 'alpha': 0.0}}, 'h5': {'statistical': {'mse': 0.622111976146698, 'rmse': 0.7887407541275024, 'mae': 0.576596736907959, 'mape': 131.57286643981934, 'r2': 0.0020059943199157715, 'mean_error': 0.026472995057702065, 'std_error': 0.7882963418960571}, 'financial': {'directional_accuracy': 0.5654450261780105, 'sharpe_ratio': 1.3357996460245996, 'max_drawdown': -0.06836125999689102, 'total_return': 0.12848973274230957, 'hit_rate': 0.5654450261780105, 'num_trades': 191, 'precision': 0.5654450261780105, 'recall': 1.0, 'f1_score': 0.7224080267558529, 'confusion_matrix': [[0, 83], [0, 108]], 'auc_roc': 0.5406068719321732, 'alpha': 0.0}}, 'h6': {'statistical': {'mse': 0.6217800974845886, 'rmse': 0.7885303497314453, 'mae': 0.5759763717651367, 'mape': 140.08718729019165, 'r2': 0.002130270004272461, 'mean_error': 0.022058971226215363, 'std_error': 0.7882217168807983}, 'financial': {'directional_accuracy': 0.5706806282722513, 'sharpe_ratio': 1.3864551095493538, 'max_drawdown': -0.0683613121509552, 'total_return': 0.13390111923217773, 'hit_rate': 0.5706806282722513, 'num_trades': 191, 'precision': 0.5706806282722513, 'recall': 1.0, 'f1_score': 0.7266666666666666, 'confusion_matrix': [[0, 82], [0, 109]], 'auc_roc': 0.5452002685164465, 'alpha': 0.0}}, 'h7': {'statistical': {'mse': 0.6160749793052673, 'rmse': 0.784904420375824, 'mae': 0.5708766579627991, 'mape': 147.11164236068726, 'r2': 0.0028412938117980957, 'mean_error': 0.02069445326924324, 'std_error': 0.784631609916687}, 'financial': {'directional_accuracy': 0.5759162303664922, 'sharpe_ratio': 1.5078487762403563, 'max_drawdown': -0.06836105138063431, 'total_return': 0.14640271663665771, 'hit_rate': 0.5759162303664922, 'num_trades': 191, 'precision': 0.5759162303664922, 'recall': 1.0, 'f1_score': 0.7308970099667774, 'confusion_matrix': [[0, 81], [0, 110]], 'auc_roc': 0.5435465768799103, 'alpha': 0.0}}, 'h8': {'statistical': {'mse': 0.6156236529350281, 'rmse': 0.7846168875694275, 'mae': 0.5702517628669739, 'mape': 154.3445348739624, 'r2': 0.0035715699195861816, 'mean_error': 0.013733137398958206, 'std_error': 0.7844966650009155}, 'financial': {'directional_accuracy': 0.5759162303664922, 'sharpe_ratio': 1.5082226413035889, 'max_drawdown': -0.06836159527301788, 'total_return': 0.14644229412078857, 'hit_rate': 0.5759162303664922, 'num_trades': 191, 'precision': 0.5759162303664922, 'recall': 1.0, 'f1_score': 0.7308970099667774, 'confusion_matrix': [[0, 81], [0, 110]], 'auc_roc': 0.5451178451178451, 'alpha': 0.0}}, 'h9': {'statistical': {'mse': 0.6156623363494873, 'rmse': 0.7846415042877197, 'mae': 0.5697821378707886, 'mape': 160.51510572433472, 'r2': 0.0035094618797302246, 'mean_error': 0.007080450188368559, 'std_error': 0.7846096158027649}, 'financial': {'directional_accuracy': 0.5759162303664922, 'sharpe_ratio': 1.509574989653162, 'max_drawdown': -0.06836125999689102, 'total_return': 0.1465895175933838, 'hit_rate': 0.5759162303664922, 'num_trades': 191, 'precision': 0.5759162303664922, 'recall': 1.0, 'f1_score': 0.7308970099667774, 'confusion_matrix': [[0, 81], [0, 110]], 'auc_roc': 0.5344556677890011, 'alpha': 0.0}}, 'h10': {'statistical': {'mse': 0.6112181544303894, 'rmse': 0.7818044424057007, 'mae': 0.5670900344848633, 'mape': 166.58493280410767, 'r2': 0.0023061037063598633, 'mean_error': -0.002011597389355302, 'std_error': 0.7818018794059753}, 'financial': {'directional_accuracy': 0.5759162303664922, 'sharpe_ratio': 1.4608067108639153, 'max_drawdown': -0.0683610662817955, 'total_return': 0.14070844650268555, 'hit_rate': 0.5759162303664922, 'num_trades': 191, 'precision': 0.5759162303664922, 'recall': 1.0, 'f1_score': 0.7308970099667774, 'confusion_matrix': [[0, 81], [0, 110]], 'auc_roc': 0.5286195286195287, 'alpha': 0.0}}}, 'aggregate': {'statistical': {'mse': 0.619973772764206, 'rmse': 0.7873784720897674, 'mae': 0.5749027371406555, 'mape': 137.43651747703552, 'r2': 0.0027432382106781007, 'mean_error': 0.025196560588665307, 'std_error': 0.7868303716182709}}}",experiments/12c_multi_horizon/macro_heavy_daily_3q_h10_d025/fold_2019/checkpoints/tft-epoch=epoch=13-valloss=val_loss=0.4483.ckpt,daily,10,fold_2019,2019,2019-01-01,2019-12-31,10,0.01119522750377655,0.11633320152759552,0.030833208933472633,0.01918737404048443,0.10513797402381897,191,100.0,0.0,191,0.6264048218727112,0.7914574146270752,0.5816146731376648,118.31834316253662,0.00337141752243042,0.04347293823957443,0.7902626395225525,0.5706806282722513,1.4878671611256145,-0.06836147606372833,0.1455094814300537,0.5706806282722513,191,0.5706806282722513,1.0,0.7266666666666666,"[[0, 82], [0, 109]]",0.5799955247258894,0.0,30,0,155,2,4,191,15.706806282722512,0.0,81.15183246073299,1.0471204188481675,2.094240837696335,macro_heavy_daily_3q_h10_d025
2025-12-14T18:43:26.977107,True,True,"{'n_horizons': 10, 'metrics_by_horizon': {'h1': {'statistical': {'mse': 5.981771469116211, 'rmse': 2.445765972137451, 'mae': 1.5820022821426392, 'mape': 101.06689929962158, 'r2': 0.0006456971168518066, 'mean_error': -0.018659336492419243, 'std_error': 2.4456946849823}, 'financial': {'directional_accuracy': 0.5729166666666666, 'sharpe_ratio': 0.2278862943264488, 'max_drawdown': -0.3392496705055237, 'total_return': 0.009466886520385742, 'hit_rate': 0.5729166666666666, 'num_trades': 192, 'precision': 0.5729166666666666, 'recall': 1.0, 'f1_score': 0.728476821192053, 'confusion_matrix': [[0, 82], [0, 110]], 'auc_roc': 0.5646341463414635, 'alpha': 0.0}}, 'h2': {'statistical': {'mse': 5.989015579223633, 'rmse': 2.447246551513672, 'mae': 1.5824260711669922, 'mape': 102.20345258712769, 'r2': 0.0006216168403625488, 'mean_error': -0.009138616733253002, 'std_error': 2.4472293853759766}, 'financial': {'directional_accuracy': 0.578125, 'sharpe_ratio': 0.3620136235201016, 'max_drawdown': -0.3392496407032013, 'total_return': 0.05031991004943848, 'hit_rate': 0.578125, 'num_trades': 192, 'precision': 0.578125, 'recall': 1.0, 'f1_score': 0.7326732673267327, 'confusion_matrix': [[0, 81], [0, 111]], 'auc_roc': 0.5742409075742408, 'alpha': 0.0}}, 'h3': {'statistical': {'mse': 6.0065836906433105, 'rmse': 2.450833320617676, 'mae': 1.5872286558151245, 'mape': 104.30176258087158, 'r2': 0.00039774179458618164, 'mean_error': -0.018574675545096397, 'std_error': 2.4507627487182617}, 'financial': {'directional_accuracy': 0.578125, 'sharpe_ratio': 0.4026920584434693, 'max_drawdown': -0.33924955129623413, 'total_return': 0.06304740905761719, 'hit_rate': 0.578125, 'num_trades': 192, 'precision': 0.578125, 'recall': 1.0, 'f1_score': 0.7326732673267327, 'confusion_matrix': [[0, 81], [0, 111]], 'auc_roc': 0.5690134579023467, 'alpha': 0.0}}, 'h4': {'statistical': {'mse': 5.9973883628845215, 'rmse': 2.4489564895629883, 'mae': 1.5787721872329712, 'mape': 108.20890665054321, 'r2': 0.0001379251480102539, 'mean_error': -0.043704111129045486, 'std_error': 2.448566436767578}, 'financial': {'directional_accuracy': 0.5729166666666666, 'sharpe_ratio': 0.35150959420517547, 'max_drawdown': -0.33924952149391174, 'total_return': 0.047055959701538086, 'hit_rate': 0.5729166666666666, 'num_trades': 192, 'precision': 0.5729166666666666, 'recall': 1.0, 'f1_score': 0.728476821192053, 'confusion_matrix': [[0, 82], [0, 110]], 'auc_roc': 0.5799334811529933, 'alpha': 0.0}}, 'h5': {'statistical': {'mse': 5.999632358551025, 'rmse': 2.4494147300720215, 'mae': 1.5774054527282715, 'mape': 110.78540086746216, 'r2': -0.00015091896057128906, 'mean_error': -0.06085415557026863, 'std_error': 2.4486587047576904}, 'financial': {'directional_accuracy': 0.5729166666666666, 'sharpe_ratio': 0.3530113229960214, 'max_drawdown': -0.3392496407032013, 'total_return': 0.04752075672149658, 'hit_rate': 0.5729166666666666, 'num_trades': 192, 'precision': 0.5729166666666666, 'recall': 1.0, 'f1_score': 0.728476821192053, 'confusion_matrix': [[0, 82], [0, 110]], 'auc_roc': 0.5884700665188469, 'alpha': 0.0}}, 'h6': {'statistical': {'mse': 6.0020928382873535, 'rmse': 2.4499168395996094, 'mae': 1.57614004611969, 'mape': 113.93762826919556, 'r2': -0.0005964040756225586, 'mean_error': -0.08034268021583557, 'std_error': 2.448599338531494}, 'financial': {'directional_accuracy': 0.5677083333333334, 'sharpe_ratio': 0.3370652861444958, 'max_drawdown': -0.3392495810985565, 'total_return': 0.042587995529174805, 'hit_rate': 0.5677083333333334, 'num_trades': 192, 'precision': 0.5677083333333334, 'recall': 1.0, 'f1_score': 0.7242524916943521, 'confusion_matrix': [[0, 83], [0, 109]], 'auc_roc': 0.6008621642533437, 'alpha': 0.0}}, 'h7': {'statistical': {'mse': 6.009266376495361, 'rmse': 2.451380491256714, 'mae': 1.577237606048584, 'mape': 116.36420488357544, 'r2': -0.0011398792266845703, 'mean_error': -0.09911976009607315, 'std_error': 2.449375867843628}, 'financial': {'directional_accuracy': 0.5677083333333334, 'sharpe_ratio': 0.3215071889979379, 'max_drawdown': -0.33924946188926697, 'total_return': 0.037789106369018555, 'hit_rate': 0.5677083333333334, 'num_trades': 192, 'precision': 0.5677083333333334, 'recall': 1.0, 'f1_score': 0.7242524916943521, 'confusion_matrix': [[0, 83], [0, 109]], 'auc_roc': 0.5993146899524704, 'alpha': 0.0}}, 'h8': {'statistical': {'mse': 6.01835298538208, 'rmse': 2.453233242034912, 'mae': 1.5793355703353882, 'mape': 118.84405612945557, 'r2': -0.0015664100646972656, 'mean_error': -0.11146564036607742, 'std_error': 2.4506995677948}, 'financial': {'directional_accuracy': 0.5677083333333334, 'sharpe_ratio': 0.3425277551350463, 'max_drawdown': -0.3392496109008789, 'total_return': 0.044263243675231934, 'hit_rate': 0.5677083333333334, 'num_trades': 192, 'precision': 0.5677083333333334, 'recall': 1.0, 'f1_score': 0.7242524916943521, 'confusion_matrix': [[0, 83], [0, 109]], 'auc_roc': 0.6039571128550901, 'alpha': 0.0}}, 'h9': {'statistical': {'mse': 6.026908874511719, 'rmse': 2.4549763202667236, 'mae': 1.583560824394226, 'mape': 121.68277502059937, 'r2': -0.0019325017929077148, 'mean_error': -0.12106224149465561, 'std_error': 2.4519896507263184}, 'financial': {'directional_accuracy': 0.5677083333333334, 'sharpe_ratio': 0.3759217941775439, 'max_drawdown': -0.3392496109008789, 'total_return': 0.054645538330078125, 'hit_rate': 0.5677083333333334, 'num_trades': 192, 'precision': 0.5677083333333334, 'recall': 1.0, 'f1_score': 0.7242524916943521, 'confusion_matrix': [[0, 83], [0, 109]], 'auc_roc': 0.6042887144909914, 'alpha': 0.0}}, 'h10': {'statistical': {'mse': 6.03173303604126, 'rmse': 2.455958604812622, 'mae': 1.5837634801864624, 'mape': 124.3358850479126, 'r2': -0.002790212631225586, 'mean_error': -0.1408606320619583, 'std_error': 2.451915979385376}, 'financial': {'directional_accuracy': 0.5625, 'sharpe_ratio': 0.3379909895243299, 'max_drawdown': -0.3392493724822998, 'total_return': 0.04285323619842529, 'hit_rate': 0.5625, 'num_trades': 192, 'precision': 0.5625, 'recall': 1.0, 'f1_score': 0.72, 'confusion_matrix': [[0, 84], [0, 108]], 'auc_roc': 0.6129850088183422, 'alpha': 0.0}}}, 'aggregate': {'statistical': {'mse': 6.006274557113647, 'rmse': 2.450768256187439, 'mae': 1.580787217617035, 'mape': 112.17309713363647, 'r2': -0.0006373345851898194, 'mean_error': -0.07037818497046829, 'std_error': 2.4493492364883425}}}",experiments/12c_multi_horizon/macro_heavy_daily_3q_h10_d025/fold_2020/checkpoints/tft-epoch=epoch=05-valloss=val_loss=0.3814.ckpt,daily,10,fold_2020,2020,2020-01-01,2020-12-31,10,0.035207077860832214,0.07553666085004807,0.05378081277012825,0.01194410864263773,0.04032958298921585,191,100.0,0.0,192,5.981771469116211,2.445765972137451,1.5820022821426392,101.06689929962158,0.0006456971168518066,-0.018659336492419243,2.4456946849823,0.5729166666666666,0.2278862943264488,-0.3392496705055237,0.009466886520385742,0.5729166666666666,192,0.5729166666666666,1.0,0.728476821192053,"[[0, 82], [0, 110]]",0.5646341463414635,0.0,29,0,126,23,14,192,15.104166666666666,0.0,65.625,11.979166666666668,7.291666666666667,macro_heavy_daily_3q_h10_d025
2025-12-14T18:56:36.217881,True,True,"{'n_horizons': 10, 'metrics_by_horizon': {'h1': {'statistical': {'mse': 0.5685045719146729, 'rmse': 0.7539924383163452, 'mae': 0.5644050240516663, 'mape': 126.233971118927, 'r2': 0.004219174385070801, 'mean_error': -0.019841410219669342, 'std_error': 0.753731369972229}, 'financial': {'directional_accuracy': 0.5759162303664922, 'sharpe_ratio': 2.458522462901303, 'max_drawdown': -0.05212545022368431, 'total_return': 0.24349892139434814, 'hit_rate': 0.5759162303664922, 'num_trades': 191, 'precision': 0.5759162303664922, 'recall': 1.0, 'f1_score': 0.7308970099667774, 'confusion_matrix': [[0, 81], [0, 110]], 'auc_roc': 0.5123456790123457, 'alpha': 0.0}}, 'h2': {'statistical': {'mse': 0.5619423985481262, 'rmse': 0.7496281862258911, 'mae': 0.5590794682502747, 'mape': 128.14265489578247, 'r2': 0.001666724681854248, 'mean_error': -0.03387546166777611, 'std_error': 0.7488623261451721}, 'financial': {'directional_accuracy': 0.5759162303664922, 'sharpe_ratio': 2.3683664582098194, 'max_drawdown': -0.052125316113233566, 'total_return': 0.23158299922943115, 'hit_rate': 0.5759162303664922, 'num_trades': 191, 'precision': 0.5759162303664922, 'recall': 1.0, 'f1_score': 0.7308970099667774, 'confusion_matrix': [[0, 81], [0, 110]], 'auc_roc': 0.5114478114478114, 'alpha': 0.0}}, 'h3': {'statistical': {'mse': 0.5623257160186768, 'rmse': 0.7498838305473328, 'mae': 0.5603629946708679, 'mape': 129.68225479125977, 'r2': 0.0016151666641235352, 'mean_error': -0.03477445989847183, 'std_error': 0.7490770220756531}, 'financial': {'directional_accuracy': 0.5759162303664922, 'sharpe_ratio': 2.3977874269568065, 'max_drawdown': -0.05212530866265297, 'total_return': 0.23493385314941406, 'hit_rate': 0.5759162303664922, 'num_trades': 191, 'precision': 0.5759162303664922, 'recall': 1.0, 'f1_score': 0.7308970099667774, 'confusion_matrix': [[0, 81], [0, 110]], 'auc_roc': 0.4924803591470258, 'alpha': 0.0}}, 'h4': {'statistical': {'mse': 0.5584150552749634, 'rmse': 0.747271716594696, 'mae': 0.5556623339653015, 'mape': 129.01169061660767, 'r2': -0.0002683401107788086, 'mean_error': -0.038575053215026855, 'std_error': 0.7462754249572754}, 'financial': {'directional_accuracy': 0.5759162303664922, 'sharpe_ratio': 2.2975844935524616, 'max_drawdown': -0.05212528631091118, 'total_return': 0.22275948524475098, 'hit_rate': 0.5759162303664922, 'num_trades': 191, 'precision': 0.5759162303664922, 'recall': 1.0, 'f1_score': 0.7308970099667774, 'confusion_matrix': [[0, 81], [0, 110]], 'auc_roc': 0.4918069584736252, 'alpha': 0.0}}, 'h5': {'statistical': {'mse': 0.5604901909828186, 'rmse': 0.7486589550971985, 'mae': 0.5574074983596802, 'mape': 128.15313339233398, 'r2': -0.0027855634689331055, 'mean_error': -0.03914977237582207, 'std_error': 0.7476345896720886}, 'financial': {'directional_accuracy': 0.5706806282722513, 'sharpe_ratio': 2.213986798812337, 'max_drawdown': -0.05212530866265297, 'total_return': 0.21375107765197754, 'hit_rate': 0.5706806282722513, 'num_trades': 191, 'precision': 0.5706806282722513, 'recall': 1.0, 'f1_score': 0.7266666666666666, 'confusion_matrix': [[0, 82], [0, 109]], 'auc_roc': 0.4790780935332289, 'alpha': 0.0}}, 'h6': {'statistical': {'mse': 0.5634848475456238, 'rmse': 0.7506563067436218, 'mae': 0.5593762993812561, 'mape': 126.57312154769897, 'r2': -0.0039844512939453125, 'mean_error': -0.04307543486356735, 'std_error': 0.7494193315505981}, 'financial': {'directional_accuracy': 0.5654450261780105, 'sharpe_ratio': 2.0360691343645416, 'max_drawdown': -0.05212520435452461, 'total_return': 0.19492506980895996, 'hit_rate': 0.5654450261780105, 'num_trades': 191, 'precision': 0.5654450261780105, 'recall': 1.0, 'f1_score': 0.7224080267558529, 'confusion_matrix': [[0, 83], [0, 108]], 'auc_roc': 0.47423025435073624, 'alpha': 0.0}}, 'h7': {'statistical': {'mse': 0.5634932518005371, 'rmse': 0.7506618499755859, 'mae': 0.5602620840072632, 'mape': 124.0233302116394, 'r2': -0.0007748603820800781, 'mean_error': -0.033919889479875565, 'std_error': 0.7498951554298401}, 'financial': {'directional_accuracy': 0.5706806282722513, 'sharpe_ratio': 2.125130155583894, 'max_drawdown': -0.052125293761491776, 'total_return': 0.20489811897277832, 'hit_rate': 0.5706806282722513, 'num_trades': 191, 'precision': 0.5706806282722513, 'recall': 1.0, 'f1_score': 0.7266666666666666, 'confusion_matrix': [[0, 82], [0, 109]], 'auc_roc': 0.5007831729693444, 'alpha': 0.0}}, 'h8': {'statistical': {'mse': 0.5624037981033325, 'rmse': 0.7499358654022217, 'mae': 0.5597758889198303, 'mape': 174.8163938522339, 'r2': 0.0010866522789001465, 'mean_error': -0.028684990480542183, 'std_error': 0.7493870854377747}, 'financial': {'directional_accuracy': 0.5706806282722513, 'sharpe_ratio': 2.1289128042559295, 'max_drawdown': -0.05212532356381416, 'total_return': 0.205299973487854, 'hit_rate': 0.5706806282722513, 'num_trades': 191, 'precision': 0.5706806282722513, 'recall': 1.0, 'f1_score': 0.7266666666666666, 'confusion_matrix': [[0, 82], [0, 109]], 'auc_roc': 0.5256209442828373, 'alpha': 0.0}}, 'h9': {'statistical': {'mse': 0.5622807741165161, 'rmse': 0.7498538494110107, 'mae': 0.5620293617248535, 'mape': 173.3452558517456, 'r2': 0.0020212531089782715, 'mean_error': -0.022482965141534805, 'std_error': 0.7495167255401611}, 'financial': {'directional_accuracy': 0.5706806282722513, 'sharpe_ratio': 2.1525397515800644, 'max_drawdown': -0.05212532728910446, 'total_return': 0.20795106887817383, 'hit_rate': 0.5706806282722513, 'num_trades': 191, 'precision': 0.5706806282722513, 'recall': 1.0, 'f1_score': 0.7266666666666666, 'confusion_matrix': [[0, 82], [0, 109]], 'auc_roc': 0.5089505482210785, 'alpha': 0.0}}, 'h10': {'statistical': {'mse': 0.5621337890625, 'rmse': 0.7497557997703552, 'mae': 0.5625380277633667, 'mape': 170.5903172492981, 'r2': 0.0022063255310058594, 'mean_error': -0.02157505415380001, 'std_error': 0.7494453191757202}, 'financial': {'directional_accuracy': 0.5654450261780105, 'sharpe_ratio': 2.0716481728306895, 'max_drawdown': -0.05212549492716789, 'total_return': 0.19916021823883057, 'hit_rate': 0.5654450261780105, 'num_trades': 191, 'precision': 0.5654450261780105, 'recall': 1.0, 'f1_score': 0.7224080267558529, 'confusion_matrix': [[0, 83], [0, 108]], 'auc_roc': 0.5118250780901383, 'alpha': 0.0}}}, 'aggregate': {'statistical': {'mse': 0.5625474393367768, 'rmse': 0.750029879808426, 'mae': 0.560089898109436, 'mape': 141.05721235275269, 'r2': 0.0005002081394195557, 'mean_error': -0.031595449149608615, 'std_error': 0.7493244349956513}}}",experiments/12c_multi_horizon/macro_heavy_daily_3q_h10_d025/fold_2021/checkpoints/tft-epoch=epoch=91-valloss=val_loss=1.0997.ckpt,daily,10,fold_2021,2021,2021-01-01,2021-12-31,10,0.05630643665790558,0.18995216488838196,0.13686111569404602,0.0264038797467947,0.13364572823047638,191,100.0,0.0,191,0.5685045719146729,0.7539924383163452,0.5644050240516663,126.233971118927,0.004219174385070801,-0.019841410219669342,0.753731369972229,0.5759162303664922,2.458522462901303,-0.05212545022368431,0.24349892139434814,0.5759162303664922,191,0.5759162303664922,1.0,0.7308970099667774,"[[0, 81], [0, 110]]",0.5123456790123457,0.0,29,1,153,8,0,191,15.18324607329843,0.5235602094240838,80.10471204188482,4.18848167539267,0.0,macro_heavy_daily_3q_h10_d025
2025-12-14T19:09:53.133224,True,True,"{'n_horizons': 10, 'metrics_by_horizon': {'h1': {'statistical': {'mse': 2.4716732501983643, 'rmse': 1.5721555948257446, 'mae': 1.256014347076416, 'mape': 101.74273252487183, 'r2': -0.004500269889831543, 'mean_error': -0.09944452345371246, 'std_error': 1.569007396697998}, 'financial': {'directional_accuracy': 0.4421052631578947, 'sharpe_ratio': -0.810338627326297, 'max_drawdown': -0.2258353978395462, 'total_return': -0.16110485792160034, 'hit_rate': 0.4421052631578947, 'num_trades': 190, 'precision': 0.4421052631578947, 'recall': 1.0, 'f1_score': 0.6131386861313868, 'confusion_matrix': [[0, 106], [0, 84]], 'auc_roc': 0.5137017070979335, 'alpha': 0.0}}, 'h2': {'statistical': {'mse': 2.4797277450561523, 'rmse': 1.5747151374816895, 'mae': 1.2609076499938965, 'mape': 104.00407314300537, 'r2': -0.007010698318481445, 'mean_error': -0.12716662883758545, 'std_error': 1.5695720911026}, 'financial': {'directional_accuracy': 0.4368421052631579, 'sharpe_ratio': -0.902935399615819, 'max_drawdown': -0.22583533823490143, 'total_return': -0.17564332485198975, 'hit_rate': 0.4368421052631579, 'num_trades': 190, 'precision': 0.4368421052631579, 'recall': 1.0, 'f1_score': 0.6080586080586081, 'confusion_matrix': [[0, 107], [0, 83]], 'auc_roc': 0.5033216980069812, 'alpha': 0.0}}, 'h3': {'statistical': {'mse': 2.4901204109191895, 'rmse': 1.5780115127563477, 'mae': 1.2659810781478882, 'mape': 106.56124353408813, 'r2': -0.008986473083496094, 'mean_error': -0.14516881108283997, 'std_error': 1.5713199377059937}, 'financial': {'directional_accuracy': 0.4368421052631579, 'sharpe_ratio': -0.8796156697867007, 'max_drawdown': -0.2258351445198059, 'total_return': -0.17221605777740479, 'hit_rate': 0.4368421052631579, 'num_trades': 190, 'precision': 0.4368421052631579, 'recall': 1.0, 'f1_score': 0.6080586080586081, 'confusion_matrix': [[0, 107], [0, 83]], 'auc_roc': 0.4900349059790564, 'alpha': 0.0}}, 'h4': {'statistical': {'mse': 2.4668891429901123, 'rmse': 1.5706334114074707, 'mae': 1.2601295709609985, 'mape': 109.07152891159058, 'r2': -0.009245514869689941, 'mean_error': -0.14747574925422668, 'std_error': 1.5636942386627197}, 'financial': {'directional_accuracy': 0.4421052631578947, 'sharpe_ratio': -0.7021366255815495, 'max_drawdown': -0.2258354127407074, 'total_return': -0.1433638334274292, 'hit_rate': 0.4421052631578947, 'num_trades': 190, 'precision': 0.4421052631578947, 'recall': 1.0, 'f1_score': 0.6131386861313868, 'confusion_matrix': [[0, 106], [0, 84]], 'auc_roc': 0.49191374663072784, 'alpha': 0.0}}, 'h5': {'statistical': {'mse': 2.473276376724243, 'rmse': 1.5726653337478638, 'mae': 1.2630606889724731, 'mape': 111.78289651870728, 'r2': -0.011741995811462402, 'mean_error': -0.16701170802116394, 'std_error': 1.563772201538086}, 'financial': {'directional_accuracy': 0.4421052631578947, 'sharpe_ratio': -0.6997396194746205, 'max_drawdown': -0.2258353978395462, 'total_return': -0.14298778772354126, 'hit_rate': 0.4421052631578947, 'num_trades': 190, 'precision': 0.4421052631578947, 'recall': 1.0, 'f1_score': 0.6131386861313868, 'confusion_matrix': [[0, 106], [0, 84]], 'auc_roc': 0.48899371069182396, 'alpha': 0.0}}, 'h6': {'statistical': {'mse': 2.503941297531128, 'rmse': 1.582384705543518, 'mae': 1.274598479270935, 'mape': 114.27743434906006, 'r2': -0.015693187713623047, 'mean_error': -0.19499571621418, 'std_error': 1.570324182510376}, 'financial': {'directional_accuracy': 0.4421052631578947, 'sharpe_ratio': -0.7876655030968915, 'max_drawdown': -0.22583530843257904, 'total_return': -0.1576763391494751, 'hit_rate': 0.4421052631578947, 'num_trades': 190, 'precision': 0.4421052631578947, 'recall': 1.0, 'f1_score': 0.6131386861313868, 'confusion_matrix': [[0, 106], [0, 84]], 'auc_roc': 0.49247529200359386, 'alpha': 0.0}}, 'h7': {'statistical': {'mse': 2.66272234916687, 'rmse': 1.6317850351333618, 'mae': 1.3018465042114258, 'mape': 116.84751510620117, 'r2': -0.013783693313598633, 'mean_error': -0.18827801942825317, 'std_error': 1.6208865642547607}, 'financial': {'directional_accuracy': 0.4421052631578947, 'sharpe_ratio': -0.5206293361198003, 'max_drawdown': -0.22583533823490143, 'total_return': -0.11838918924331665, 'hit_rate': 0.4421052631578947, 'num_trades': 190, 'precision': 0.4421052631578947, 'recall': 1.0, 'f1_score': 0.6131386861313868, 'confusion_matrix': [[0, 106], [0, 84]], 'auc_roc': 0.49225067385444743, 'alpha': 0.0}}, 'h8': {'statistical': {'mse': 2.666245222091675, 'rmse': 1.6328641176223755, 'mae': 1.3030190467834473, 'mape': 119.49191093444824, 'r2': -0.0183640718460083, 'mean_error': -0.21761317551136017, 'std_error': 1.6182984113693237}, 'financial': {'directional_accuracy': 0.4368421052631579, 'sharpe_ratio': -0.6425600272712925, 'max_drawdown': -0.2258351594209671, 'total_return': -0.1387697458267212, 'hit_rate': 0.4368421052631579, 'num_trades': 190, 'precision': 0.4368421052631579, 'recall': 1.0, 'f1_score': 0.6080586080586081, 'confusion_matrix': [[0, 107], [0, 83]], 'auc_roc': 0.49273730435761737, 'alpha': 0.0}}, 'h9': {'statistical': {'mse': 2.6552839279174805, 'rmse': 1.6295042037963867, 'mae': 1.2988917827606201, 'mape': 121.75706624984741, 'r2': -0.01870131492614746, 'mean_error': -0.21941982209682465, 'std_error': 1.6146637201309204}, 'financial': {'directional_accuracy': 0.4421052631578947, 'sharpe_ratio': -0.5051508967144911, 'max_drawdown': -0.22583533823490143, 'total_return': -0.11523747444152832, 'hit_rate': 0.4421052631578947, 'num_trades': 190, 'precision': 0.4421052631578947, 'recall': 1.0, 'f1_score': 0.6131386861313868, 'confusion_matrix': [[0, 106], [0, 84]], 'auc_roc': 0.5024707996406109, 'alpha': 0.0}}, 'h10': {'statistical': {'mse': 2.644477367401123, 'rmse': 1.6261849403381348, 'mae': 1.2955724000930786, 'mape': 124.1154670715332, 'r2': -0.020351767539978027, 'mean_error': -0.22866366803646088, 'std_error': 1.6100281476974487}, 'financial': {'directional_accuracy': 0.4421052631578947, 'sharpe_ratio': -0.45097053378661944, 'max_drawdown': -0.22583505511283875, 'total_return': -0.10557162761688232, 'hit_rate': 0.4421052631578947, 'num_trades': 190, 'precision': 0.4421052631578947, 'recall': 1.0, 'f1_score': 0.6131386861313868, 'confusion_matrix': [[0, 106], [0, 84]], 'auc_roc': 0.5110062893081762, 'alpha': 0.0}}}, 'aggregate': {'statistical': {'mse': 2.551435708999634, 'rmse': 1.5970903992652894, 'mae': 1.2780021548271179, 'mape': 112.96518683433533, 'r2': -0.01283789873123169, 'mean_error': -0.17352378219366074, 'std_error': 1.5871566891670228}}}",experiments/12c_multi_horizon/macro_heavy_daily_3q_h10_d025/fold_2022/checkpoints/tft-epoch=epoch=05-valloss=val_loss=0.3695.ckpt,daily,10,fold_2022,2022,2022-01-01,2022-12-31,10,0.0016546957194805145,0.03667709231376648,0.019371407106518745,0.012058916501700878,0.035022396594285965,189,100.0,0.0,190,2.4716732501983643,1.5721555948257446,1.256014347076416,101.74273252487183,-0.004500269889831543,-0.09944452345371246,1.569007396697998,0.4421052631578947,-0.810338627326297,-0.2258353978395462,-0.16110485792160034,0.4421052631578947,190,0.4421052631578947,1.0,0.6131386861313868,"[[0, 106], [0, 84]]",0.5137017070979335,0.0,29,0,39,38,84,190,15.263157894736842,0.0,20.526315789473685,20.0,44.21052631578947,macro_heavy_daily_3q_h10_d025
2025-12-14T19:23:17.392808,True,True,"{'n_horizons': 10, 'metrics_by_horizon': {'h1': {'statistical': {'mse': 0.6910287737846375, 'rmse': 0.8312814235687256, 'mae': 0.6629230976104736, 'mape': 154.25007343292236, 'r2': -0.0003032684326171875, 'mean_error': -0.04237683117389679, 'std_error': 0.8302005529403687}, 'financial': {'directional_accuracy': 0.5105263157894737, 'sharpe_ratio': 0.5806414795408937, 'max_drawdown': -0.1083863377571106, 'total_return': 0.05252659320831299, 'hit_rate': 0.5105263157894737, 'num_trades': 190, 'precision': 0.5105263157894737, 'recall': 1.0, 'f1_score': 0.6759581881533101, 'confusion_matrix': [[0, 93], [0, 97]], 'auc_roc': 0.5201197206518126, 'alpha': 0.0}}, 'h2': {'statistical': {'mse': 0.6898540258407593, 'rmse': 0.8305745124816895, 'mae': 0.6619073152542114, 'mape': 148.25544357299805, 'r2': -0.00015485286712646484, 'mean_error': -0.03616756573319435, 'std_error': 0.8297866582870483}, 'financial': {'directional_accuracy': 0.5105263157894737, 'sharpe_ratio': 0.5704432779979555, 'max_drawdown': -0.10838639736175537, 'total_return': 0.051424384117126465, 'hit_rate': 0.5105263157894737, 'num_trades': 190, 'precision': 0.5105263157894737, 'recall': 1.0, 'f1_score': 0.6759581881533101, 'confusion_matrix': [[0, 93], [0, 97]], 'auc_roc': 0.5162398847134464, 'alpha': 0.0}}, 'h3': {'statistical': {'mse': 0.6797743439674377, 'rmse': 0.8244842886924744, 'mae': 0.6551474928855896, 'mape': 146.4893102645874, 'r2': -0.0012922286987304688, 'mean_error': -0.04115154221653938, 'std_error': 0.8234566450119019}, 'financial': {'directional_accuracy': 0.5105263157894737, 'sharpe_ratio': 0.44370529834239714, 'max_drawdown': -0.10838633030653, 'total_return': 0.03800976276397705, 'hit_rate': 0.5105263157894737, 'num_trades': 190, 'precision': 0.5105263157894737, 'recall': 1.0, 'f1_score': 0.6759581881533101, 'confusion_matrix': [[0, 93], [0, 97]], 'auc_roc': 0.5124709012304622, 'alpha': 0.0}}, 'h4': {'statistical': {'mse': 0.6735385060310364, 'rmse': 0.8206939101219177, 'mae': 0.6505227088928223, 'mape': 146.27605676651, 'r2': -0.0003387928009033203, 'mean_error': -0.03435777127742767, 'std_error': 0.819974422454834}, 'financial': {'directional_accuracy': 0.5157894736842106, 'sharpe_ratio': 0.5798928623571764, 'max_drawdown': -0.1083870604634285, 'total_return': 0.051848411560058594, 'hit_rate': 0.5157894736842106, 'num_trades': 190, 'precision': 0.5157894736842106, 'recall': 1.0, 'f1_score': 0.6805555555555556, 'confusion_matrix': [[0, 92], [0, 98]], 'auc_roc': 0.5188553682342502, 'alpha': 0.0}}, 'h5': {'statistical': {'mse': 0.67112135887146, 'rmse': 0.8192199468612671, 'mae': 0.6471922993659973, 'mape': 146.9992756843567, 'r2': 2.7000904083251953e-05, 'mean_error': -0.031876783818006516, 'std_error': 0.8185995221138}, 'financial': {'directional_accuracy': 0.5210526315789473, 'sharpe_ratio': 0.653702826513537, 'max_drawdown': -0.1083865612745285, 'total_return': 0.05941057205200195, 'hit_rate': 0.5210526315789473, 'num_trades': 190, 'precision': 0.5210526315789473, 'recall': 1.0, 'f1_score': 0.6851211072664359, 'confusion_matrix': [[0, 91], [0, 99]], 'auc_roc': 0.5238095238095237, 'alpha': 0.0}}, 'h6': {'statistical': {'mse': 0.6676718592643738, 'rmse': 0.8171119093894958, 'mae': 0.6456825137138367, 'mape': 148.78368377685547, 'r2': -0.0017877817153930664, 'mean_error': -0.044836003333330154, 'std_error': 0.8158808350563049}, 'financial': {'directional_accuracy': 0.5157894736842106, 'sharpe_ratio': 0.44151264065780277, 'max_drawdown': -0.10838663578033447, 'total_return': 0.037491679191589355, 'hit_rate': 0.5157894736842106, 'num_trades': 190, 'precision': 0.5157894736842106, 'recall': 1.0, 'f1_score': 0.6805555555555556, 'confusion_matrix': [[0, 92], [0, 98]], 'auc_roc': 0.52273735581189, 'alpha': 0.0}}, 'h7': {'statistical': {'mse': 0.6722433567047119, 'rmse': 0.8199045062065125, 'mae': 0.6475955247879028, 'mape': 150.8578062057495, 'r2': -0.00033545494079589844, 'mean_error': -0.033075202256441116, 'std_error': 0.8192371129989624}, 'financial': {'directional_accuracy': 0.5210526315789473, 'sharpe_ratio': 0.7117853247253171, 'max_drawdown': -0.10838665813207626, 'total_return': 0.06549954414367676, 'hit_rate': 0.5210526315789473, 'num_trades': 190, 'precision': 0.5210526315789473, 'recall': 1.0, 'f1_score': 0.6851211072664359, 'confusion_matrix': [[0, 91], [0, 99]], 'auc_roc': 0.5295815295815296, 'alpha': 0.0}}, 'h8': {'statistical': {'mse': 0.6676830649375916, 'rmse': 0.817118763923645, 'mae': 0.643649697303772, 'mape': 153.58701944351196, 'r2': -8.809566497802734e-05, 'mean_error': -0.031337589025497437, 'std_error': 0.8165175914764404}, 'financial': {'directional_accuracy': 0.5210526315789473, 'sharpe_ratio': 0.7958650463762943, 'max_drawdown': -0.10838641971349716, 'total_return': 0.07409465312957764, 'hit_rate': 0.5210526315789473, 'num_trades': 190, 'precision': 0.5210526315789473, 'recall': 1.0, 'f1_score': 0.6851211072664359, 'confusion_matrix': [[0, 91], [0, 99]], 'auc_roc': 0.5306915306915306, 'alpha': 0.0}}, 'h9': {'statistical': {'mse': 0.6855729818344116, 'rmse': 0.8279933333396912, 'mae': 0.6529651880264282, 'mape': 156.1439871788025, 'r2': 0.00020587444305419922, 'mean_error': -0.024988599121570587, 'std_error': 0.8276162147521973}, 'financial': {'directional_accuracy': 0.5210526315789473, 'sharpe_ratio': 0.9556074399606035, 'max_drawdown': -0.10838694870471954, 'total_return': 0.09218466281890869, 'hit_rate': 0.5210526315789473, 'num_trades': 190, 'precision': 0.5210526315789473, 'recall': 1.0, 'f1_score': 0.6851211072664359, 'confusion_matrix': [[0, 91], [0, 99]], 'auc_roc': 0.5266955266955267, 'alpha': 0.0}}, 'h10': {'statistical': {'mse': 0.6799573302268982, 'rmse': 0.8245952725410461, 'mae': 0.6482025980949402, 'mape': 158.18123817443848, 'r2': -0.0007613897323608398, 'mean_error': -0.032707057893276215, 'std_error': 0.8239463567733765}, 'financial': {'directional_accuracy': 0.5210526315789473, 'sharpe_ratio': 0.8601526874787525, 'max_drawdown': -0.10838627070188522, 'total_return': 0.08154726028442383, 'hit_rate': 0.5210526315789473, 'num_trades': 190, 'precision': 0.5210526315789473, 'recall': 1.0, 'f1_score': 0.6851211072664359, 'confusion_matrix': [[0, 91], [0, 99]], 'auc_roc': 0.5244755244755244, 'alpha': 0.0}}}, 'aggregate': {'statistical': {'mse': 0.6778445601463318, 'rmse': 0.8232977867126465, 'mae': 0.6515788435935974, 'mape': 150.98238945007324, 'r2': -0.0004828989505767822, 'mean_error': -0.03528749458491802, 'std_error': 0.8225215911865235}}}",experiments/12c_multi_horizon/macro_heavy_daily_3q_h10_d025/fold_2023/checkpoints/tft-epoch=epoch=19-valloss=val_loss=0.8688.ckpt,daily,10,fold_2023,2023,2023-01-01,2023-12-31,10,0.046788498759269714,0.12886159121990204,0.07277798652648926,0.026486890390515327,0.08207309246063232,189,100.0,0.0,190,0.6910287737846375,0.8312814235687256,0.6629230976104736,154.25007343292236,-0.0003032684326171875,-0.04237683117389679,0.8302005529403687,0.5105263157894737,0.5806414795408937,-0.1083863377571106,0.05252659320831299,0.5105263157894737,190,0.5105263157894737,1.0,0.6759581881533101,"[[0, 93], [0, 97]]",0.5201197206518126,0.0,30,0,98,28,34,190,15.789473684210526,0.0,51.578947368421055,14.736842105263156,17.894736842105264,macro_heavy_daily_3q_h10_d025
2025-12-14T19:38:18.256501,True,True,"{'n_horizons': 10, 'metrics_by_horizon': {'h1': {'statistical': {'mse': 0.6457810997962952, 'rmse': 0.8036050796508789, 'mae': 0.6007362008094788, 'mape': 204.03895378112793, 'r2': 0.00032967329025268555, 'mean_error': 0.0035962408874183893, 'std_error': 0.8035970330238342}, 'financial': {'directional_accuracy': 0.5654450261780105, 'sharpe_ratio': 1.5484828583011134, 'max_drawdown': -0.08485137671232224, 'total_return': 0.15431761741638184, 'hit_rate': 0.5654450261780105, 'num_trades': 191, 'precision': 0.5654450261780105, 'recall': 1.0, 'f1_score': 0.7224080267558529, 'confusion_matrix': [[0, 83], [0, 108]], 'auc_roc': 0.47657295850066933, 'alpha': 0.0}}, 'h2': {'statistical': {'mse': 0.631738007068634, 'rmse': 0.7948194742202759, 'mae': 0.5938662886619568, 'mape': 202.05142498016357, 'r2': -8.0108642578125e-05, 'mean_error': 0.01124950684607029, 'std_error': 0.7947397828102112}, 'financial': {'directional_accuracy': 0.5654450261780105, 'sharpe_ratio': 1.704934446891164, 'max_drawdown': -0.08485125005245209, 'total_return': 0.16991519927978516, 'hit_rate': 0.5654450261780105, 'num_trades': 191, 'precision': 0.5654450261780105, 'recall': 1.0, 'f1_score': 0.7224080267558529, 'confusion_matrix': [[0, 83], [0, 108]], 'auc_roc': 0.46497099509147694, 'alpha': 0.0}}, 'h3': {'statistical': {'mse': 0.6312626600265503, 'rmse': 0.794520378112793, 'mae': 0.5934291481971741, 'mape': 205.6551218032837, 'r2': 0.00023680925369262695, 'mean_error': 0.007808892522007227, 'std_error': 0.7944819927215576}, 'financial': {'directional_accuracy': 0.5654450261780105, 'sharpe_ratio': 1.702920708654341, 'max_drawdown': -0.08485148847103119, 'total_return': 0.16965138912200928, 'hit_rate': 0.5654450261780105, 'num_trades': 191, 'precision': 0.5654450261780105, 'recall': 1.0, 'f1_score': 0.7224080267558529, 'confusion_matrix': [[0, 83], [0, 108]], 'auc_roc': 0.46921017402945114, 'alpha': 0.0}}, 'h4': {'statistical': {'mse': 0.6572282314300537, 'rmse': 0.8106961250305176, 'mae': 0.6006795167922974, 'mape': 212.30266094207764, 'r2': 0.00052642822265625, 'mean_error': 0.010202544741332531, 'std_error': 0.8106318712234497}, 'financial': {'directional_accuracy': 0.5654450261780105, 'sharpe_ratio': 1.8184582599148362, 'max_drawdown': -0.0848512053489685, 'total_return': 0.1865605115890503, 'hit_rate': 0.5654450261780105, 'num_trades': 191, 'precision': 0.5654450261780105, 'recall': 1.0, 'f1_score': 0.7224080267558529, 'confusion_matrix': [[0, 83], [0, 108]], 'auc_roc': 0.4772423025435074, 'alpha': 0.0}}, 'h5': {'statistical': {'mse': 0.6584908366203308, 'rmse': 0.8114745020866394, 'mae': 0.6015991568565369, 'mape': 220.49543857574463, 'r2': 0.0005761384963989258, 'mean_error': 0.009459969587624073, 'std_error': 0.8114193081855774}, 'financial': {'directional_accuracy': 0.5706806282722513, 'sharpe_ratio': 1.925384732468052, 'max_drawdown': -0.08485128730535507, 'total_return': 0.19920039176940918, 'hit_rate': 0.5706806282722513, 'num_trades': 191, 'precision': 0.5706806282722513, 'recall': 1.0, 'f1_score': 0.7266666666666666, 'confusion_matrix': [[0, 82], [0, 109]], 'auc_roc': 0.48623853211009177, 'alpha': 0.0}}, 'h6': {'statistical': {'mse': 0.6587253212928772, 'rmse': 0.8116189241409302, 'mae': 0.6020560264587402, 'mape': 229.65829372406006, 'r2': 0.0006900429725646973, 'mean_error': 0.0034134748857468367, 'std_error': 0.8116117715835571}, 'financial': {'directional_accuracy': 0.5706806282722513, 'sharpe_ratio': 1.939738974649057, 'max_drawdown': -0.08485148847103119, 'total_return': 0.20092952251434326, 'hit_rate': 0.5706806282722513, 'num_trades': 191, 'precision': 0.5706806282722513, 'recall': 1.0, 'f1_score': 0.7266666666666666, 'confusion_matrix': [[0, 82], [0, 109]], 'auc_roc': 0.49854553591407474, 'alpha': 0.0}}, 'h7': {'statistical': {'mse': 0.6568545699119568, 'rmse': 0.8104656338691711, 'mae': 0.6001919507980347, 'mape': 239.53545093536377, 'r2': 0.0005025863647460938, 'mean_error': -0.00938956905156374, 'std_error': 0.810411274433136}, 'financial': {'directional_accuracy': 0.5654450261780105, 'sharpe_ratio': 1.8285307358765608, 'max_drawdown': -0.08485133945941925, 'total_return': 0.1876676082611084, 'hit_rate': 0.5654450261780105, 'num_trades': 191, 'precision': 0.5654450261780105, 'recall': 1.0, 'f1_score': 0.7224080267558529, 'confusion_matrix': [[0, 83], [0, 108]], 'auc_roc': 0.498661311914324, 'alpha': 0.0}}, 'h8': {'statistical': {'mse': 0.6570879817008972, 'rmse': 0.8106096386909485, 'mae': 0.6003643870353699, 'mape': 250.92263221740723, 'r2': 0.0001760721206665039, 'mean_error': -0.01650518737733364, 'std_error': 0.8104415535926819}, 'financial': {'directional_accuracy': 0.5654450261780105, 'sharpe_ratio': 1.825035375479942, 'max_drawdown': -0.08485138416290283, 'total_return': 0.18726587295532227, 'hit_rate': 0.5654450261780105, 'num_trades': 191, 'precision': 0.5654450261780105, 'recall': 1.0, 'f1_score': 0.7224080267558529, 'confusion_matrix': [[0, 83], [0, 108]], 'auc_roc': 0.5046854082998662, 'alpha': 0.0}}, 'h9': {'statistical': {'mse': 0.6590645909309387, 'rmse': 0.8118279576301575, 'mae': 0.6019701361656189, 'mape': 261.01834774017334, 'r2': -0.000847935676574707, 'mean_error': -0.029456188902258873, 'std_error': 0.8112933039665222}, 'financial': {'directional_accuracy': 0.5602094240837696, 'sharpe_ratio': 1.7024547079111785, 'max_drawdown': -0.08485131710767746, 'total_return': 0.17334532737731934, 'hit_rate': 0.5602094240837696, 'num_trades': 191, 'precision': 0.5602094240837696, 'recall': 1.0, 'f1_score': 0.7181208053691275, 'confusion_matrix': [[0, 84], [0, 107]], 'auc_roc': 0.5017801513128615, 'alpha': 0.0}}, 'h10': {'statistical': {'mse': 0.6702765822410583, 'rmse': 0.8187041878700256, 'mae': 0.6087432503700256, 'mape': 270.0702428817749, 'r2': -0.002414703369140625, 'mean_error': -0.042412348091602325, 'std_error': 0.8176048398017883}, 'financial': {'directional_accuracy': 0.5602094240837696, 'sharpe_ratio': 1.5649218032991186, 'max_drawdown': -0.08485149592161179, 'total_return': 0.15895235538482666, 'hit_rate': 0.5602094240837696, 'num_trades': 191, 'precision': 0.5602094240837696, 'recall': 1.0, 'f1_score': 0.7181208053691275, 'confusion_matrix': [[0, 84], [0, 107]], 'auc_roc': 0.49810858923008455, 'alpha': 0.0}}}, 'aggregate': {'statistical': {'mse': 0.6526509881019592, 'rmse': 0.8078341901302337, 'mae': 0.6003636062145233, 'mape': 229.57485675811768, 'r2': -3.0499696731567382e-05, 'mean_error': -0.005203266395255923, 'std_error': 0.8076232731342315}}}",experiments/12c_multi_horizon/macro_heavy_daily_3q_h10_d025/fold_2024/checkpoints/tft-epoch=epoch=10-valloss=val_loss=0.4122.ckpt,daily,10,fold_2024,2024,2024-01-01,2024-12-31,10,0.06082464009523392,0.08628030121326447,0.07480453699827194,0.006837157998234034,0.025455661118030548,189,100.0,0.0,191,0.6457810997962952,0.8036050796508789,0.6007362008094788,204.03895378112793,0.00032967329025268555,0.0035962408874183893,0.8035970330238342,0.5654450261780105,1.5484828583011134,-0.08485137671232224,0.15431761741638184,0.5654450261780105,191,0.5654450261780105,1.0,0.7224080267558529,"[[0, 83], [0, 108]]",0.47657295850066933,0.0,29,0,60,76,26,191,15.18324607329843,0.0,31.413612565445025,39.79057591623037,13.612565445026178,macro_heavy_daily_3q_h10_d025
2025-12-14T17:50:06.027761,True,True,"{'n_horizons': 20, 'metrics_by_horizon': {'h1': {'statistical': {'mse': 0.624024510383606, 'rmse': 0.7899522185325623, 'mae': 0.5563998818397522, 'mape': 148.704195022583, 'r2': -0.0076923370361328125, 'mean_error': 0.08657915145158768, 'std_error': 0.7851933240890503}, 'financial': {'directional_accuracy': 0.49171270718232046, 'sharpe_ratio': 0.8552773025462914, 'max_drawdown': -0.045091308653354645, 'total_return': 0.04269909858703613, 'hit_rate': 0.08839779005524862, 'num_trades': 28, 'precision': 0.5714285714285714, 'recall': 0.16666666666666666, 'f1_score': 0.25806451612903225, 'confusion_matrix': [[73, 12], [80, 16]], 'auc_roc': 0.5545343137254902, 'alpha': -0.05788874626159668}}, 'h2': {'statistical': {'mse': 0.6032244563102722, 'rmse': 0.776675283908844, 'mae': 0.5462036728858948, 'mape': 147.90265560150146, 'r2': -0.007408499717712402, 'mean_error': 0.09499169141054153, 'std_error': 0.7708443999290466}, 'financial': {'directional_accuracy': 0.49171270718232046, 'sharpe_ratio': 1.2623773258874558, 'max_drawdown': -0.045091256499290466, 'total_return': 0.06127595901489258, 'hit_rate': 0.08839779005524862, 'num_trades': 28, 'precision': 0.5714285714285714, 'recall': 0.16666666666666666, 'f1_score': 0.25806451612903225, 'confusion_matrix': [[73, 12], [80, 16]], 'auc_roc': 0.5528186274509804, 'alpha': -0.05879175662994385}}, 'h3': {'statistical': {'mse': 0.6010439395904541, 'rmse': 0.7752702236175537, 'mae': 0.5432014465332031, 'mape': 144.25004720687866, 'r2': -0.005472898483276367, 'mean_error': 0.08536112308502197, 'std_error': 0.7705565690994263}, 'financial': {'directional_accuracy': 0.49171270718232046, 'sharpe_ratio': 1.2349827507274231, 'max_drawdown': -0.04509121552109718, 'total_return': 0.059967756271362305, 'hit_rate': 0.08839779005524862, 'num_trades': 29, 'precision': 0.5517241379310345, 'recall': 0.16842105263157894, 'f1_score': 0.25806451612903225, 'confusion_matrix': [[73, 13], [79, 16]], 'auc_roc': 0.5518971848225214, 'alpha': -0.05444347858428955}}, 'h4': {'statistical': {'mse': 0.6011936068534851, 'rmse': 0.7753667831420898, 'mae': 0.5443814396858215, 'mape': 137.7690553665161, 'r2': -0.004227042198181152, 'mean_error': 0.07881034910678864, 'std_error': 0.7713510990142822}, 'financial': {'directional_accuracy': 0.5027624309392266, 'sharpe_ratio': 1.438891784036551, 'max_drawdown': -0.02711106278002262, 'total_return': 0.07107996940612793, 'hit_rate': 0.09944751381215469, 'num_trades': 31, 'precision': 0.5806451612903226, 'recall': 0.18947368421052632, 'f1_score': 0.2857142857142857, 'confusion_matrix': [[73, 13], [77, 18]], 'auc_roc': 0.5505507955936353, 'alpha': -0.046917080879211426}}, 'h5': {'statistical': {'mse': 0.5805041790008545, 'rmse': 0.761908233165741, 'mae': 0.5346372723579407, 'mape': 130.03898859024048, 'r2': -0.001776576042175293, 'mean_error': 0.07845371961593628, 'std_error': 0.7578583359718323}, 'financial': {'directional_accuracy': 0.5082872928176796, 'sharpe_ratio': 2.010432943226995, 'max_drawdown': -0.013143062591552734, 'total_return': 0.0978165864944458, 'hit_rate': 0.11602209944751381, 'num_trades': 36, 'precision': 0.5833333333333334, 'recall': 0.22105263157894736, 'f1_score': 0.3206106870229008, 'confusion_matrix': [[71, 15], [74, 21]], 'auc_roc': 0.5567931456548347, 'alpha': -0.03690612316131592}}, 'h6': {'statistical': {'mse': 0.5672799348831177, 'rmse': 0.7531799077987671, 'mae': 0.5264432430267334, 'mape': 123.41169118881226, 'r2': 0.0004386305809020996, 'mean_error': 0.07721951603889465, 'std_error': 0.7492109537124634}, 'financial': {'directional_accuracy': 0.5248618784530387, 'sharpe_ratio': 2.6241400732156173, 'max_drawdown': -0.014893078245222569, 'total_return': 0.14141499996185303, 'hit_rate': 0.1712707182320442, 'num_trades': 53, 'precision': 0.5849056603773585, 'recall': 0.3263157894736842, 'f1_score': 0.4189189189189189, 'confusion_matrix': [[64, 22], [64, 31]], 'auc_roc': 0.5574051407588739, 'alpha': -0.007596135139465332}}, 'h7': {'statistical': {'mse': 0.5666215419769287, 'rmse': 0.7527427077293396, 'mae': 0.5266786813735962, 'mape': 118.39168071746826, 'r2': 0.002778351306915283, 'mean_error': 0.06841208785772324, 'std_error': 0.7496274709701538}, 'financial': {'directional_accuracy': 0.569060773480663, 'sharpe_ratio': 2.2348792443136505, 'max_drawdown': -0.05823812633752823, 'total_return': 0.15997111797332764, 'hit_rate': 0.2596685082872928, 'num_trades': 77, 'precision': 0.6103896103896104, 'recall': 0.49473684210526314, 'f1_score': 0.5465116279069767, 'confusion_matrix': [[56, 30], [48, 47]], 'auc_roc': 0.5663402692778458, 'alpha': 0.013630867004394531}}, 'h8': {'statistical': {'mse': 0.5663917660713196, 'rmse': 0.7525900602340698, 'mae': 0.527644157409668, 'mape': 118.1104063987732, 'r2': 0.004552483558654785, 'mean_error': 0.059890735894441605, 'std_error': 0.7502032518386841}, 'financial': {'directional_accuracy': 0.5138121546961326, 'sharpe_ratio': 1.334028724926282, 'max_drawdown': -0.07102050632238388, 'total_return': 0.11376309394836426, 'hit_rate': 0.4696132596685083, 'num_trades': 163, 'precision': 0.5214723926380368, 'recall': 0.8947368421052632, 'f1_score': 0.6589147286821705, 'confusion_matrix': [[8, 78], [10, 85]], 'auc_roc': 0.578702570379437, 'alpha': -0.029228687286376953}}, 'h9': {'statistical': {'mse': 0.5564019680023193, 'rmse': 0.7459235787391663, 'mae': 0.5205286145210266, 'mape': 124.37474727630615, 'r2': 0.005617260932922363, 'mean_error': 0.06031128764152527, 'std_error': 0.743481457233429}, 'financial': {'directional_accuracy': 0.5248618784530387, 'sharpe_ratio': 1.7708511982058859, 'max_drawdown': -0.05595739930868149, 'total_return': 0.15708625316619873, 'hit_rate': 0.5248618784530387, 'num_trades': 181, 'precision': 0.5248618784530387, 'recall': 1.0, 'f1_score': 0.6884057971014492, 'confusion_matrix': [[0, 86], [0, 95]], 'auc_roc': 0.5859241126070992, 'alpha': 0.0}}, 'h10': {'statistical': {'mse': 0.5393684506416321, 'rmse': 0.7344170808792114, 'mae': 0.5141255259513855, 'mape': 130.3596019744873, 'r2': 0.007157683372497559, 'mean_error': 0.04003123939037323, 'std_error': 0.7333253026008606}, 'financial': {'directional_accuracy': 0.5193370165745856, 'sharpe_ratio': 1.4841935613584512, 'max_drawdown': -0.05595732107758522, 'total_return': 0.12723195552825928, 'hit_rate': 0.5193370165745856, 'num_trades': 181, 'precision': 0.5193370165745856, 'recall': 1.0, 'f1_score': 0.6836363636363636, 'confusion_matrix': [[0, 87], [0, 94]], 'auc_roc': 0.5835167522621668, 'alpha': 0.0}}, 'h11': {'statistical': {'mse': 0.5281033515930176, 'rmse': 0.7267072200775146, 'mae': 0.5094395875930786, 'mape': 135.8776092529297, 'r2': 0.007567465305328369, 'mean_error': 0.022068945690989494, 'std_error': 0.7263720035552979}, 'financial': {'directional_accuracy': 0.5138121546961326, 'sharpe_ratio': 1.2225945822402224, 'max_drawdown': -0.05595734715461731, 'total_return': 0.10167992115020752, 'hit_rate': 0.5138121546961326, 'num_trades': 181, 'precision': 0.5138121546961326, 'recall': 1.0, 'f1_score': 0.6788321167883212, 'confusion_matrix': [[0, 88], [0, 93]], 'auc_roc': 0.5793010752688171, 'alpha': 0.0}}, 'h12': {'statistical': {'mse': 0.5159081220626831, 'rmse': 0.7182674407958984, 'mae': 0.5038294792175293, 'mape': 141.3818597793579, 'r2': 0.006665170192718506, 'mean_error': 0.005760244093835354, 'std_error': 0.7182444334030151}, 'financial': {'directional_accuracy': 0.5082872928176796, 'sharpe_ratio': 0.9831269719188978, 'max_drawdown': -0.0559573620557785, 'total_return': 0.07902371883392334, 'hit_rate': 0.5082872928176796, 'num_trades': 181, 'precision': 0.5082872928176796, 'recall': 1.0, 'f1_score': 0.673992673992674, 'confusion_matrix': [[0, 89], [0, 92]], 'auc_roc': 0.5764533463605276, 'alpha': 0.0}}, 'h13': {'statistical': {'mse': 0.5145118832588196, 'rmse': 0.7172948122024536, 'mae': 0.502342164516449, 'mape': 146.75573110580444, 'r2': 0.007059156894683838, 'mean_error': 0.003097470849752426, 'std_error': 0.7172881364822388}, 'financial': {'directional_accuracy': 0.5082872928176796, 'sharpe_ratio': 1.0208114112045974, 'max_drawdown': -0.055957257747650146, 'total_return': 0.08227670192718506, 'hit_rate': 0.5082872928176796, 'num_trades': 181, 'precision': 0.5082872928176796, 'recall': 1.0, 'f1_score': 0.673992673992674, 'confusion_matrix': [[0, 89], [0, 92]], 'auc_roc': 0.5795065950170982, 'alpha': 0.0}}, 'h14': {'statistical': {'mse': 0.5410359501838684, 'rmse': 0.7355514764785767, 'mae': 0.5144423246383667, 'mape': 131.42013549804688, 'r2': 0.005754053592681885, 'mean_error': 0.011482066474854946, 'std_error': 0.7354618310928345}, 'financial': {'directional_accuracy': 0.5138121546961326, 'sharpe_ratio': 1.260659983047172, 'max_drawdown': -0.055957190692424774, 'total_return': 0.10635757446289062, 'hit_rate': 0.5138121546961326, 'num_trades': 181, 'precision': 0.5138121546961326, 'recall': 1.0, 'f1_score': 0.6788321167883212, 'confusion_matrix': [[0, 88], [0, 93]], 'auc_roc': 0.5794232649071359, 'alpha': 0.0}}, 'h15': {'statistical': {'mse': 0.5317185521125793, 'rmse': 0.7291903495788574, 'mae': 0.5093923211097717, 'mape': 135.84308624267578, 'r2': 0.004397332668304443, 'mean_error': 0.00202196859754622, 'std_error': 0.729187548160553}, 'financial': {'directional_accuracy': 0.5138121546961326, 'sharpe_ratio': 1.1443253812769887, 'max_drawdown': -0.055957239121198654, 'total_return': 0.09470677375793457, 'hit_rate': 0.5138121546961326, 'num_trades': 181, 'precision': 0.5138121546961326, 'recall': 1.0, 'f1_score': 0.6788321167883212, 'confusion_matrix': [[0, 88], [0, 93]], 'auc_roc': 0.5706256109481916, 'alpha': 0.0}}, 'h16': {'statistical': {'mse': 0.5280312299728394, 'rmse': 0.7266575694084167, 'mae': 0.5083023905754089, 'mape': 139.8447036743164, 'r2': 0.005099177360534668, 'mean_error': 0.011776234954595566, 'std_error': 0.7265621423721313}, 'financial': {'directional_accuracy': 0.5193370165745856, 'sharpe_ratio': 1.4311978042537592, 'max_drawdown': -0.055957112461328506, 'total_return': 0.12079155445098877, 'hit_rate': 0.5193370165745856, 'num_trades': 181, 'precision': 0.5193370165745856, 'recall': 1.0, 'f1_score': 0.6836363636363636, 'confusion_matrix': [[0, 87], [0, 94]], 'auc_roc': 0.5759354365370507, 'alpha': 0.0}}, 'h17': {'statistical': {'mse': 0.5274787545204163, 'rmse': 0.7262773513793945, 'mae': 0.5075756907463074, 'mape': 143.41720342636108, 'r2': 0.004827558994293213, 'mean_error': 0.007452400866895914, 'std_error': 0.7262390851974487}, 'financial': {'directional_accuracy': 0.5193370165745856, 'sharpe_ratio': 1.4021577970280223, 'max_drawdown': -0.05595719441771507, 'total_return': 0.11801409721374512, 'hit_rate': 0.5193370165745856, 'num_trades': 181, 'precision': 0.5193370165745856, 'recall': 1.0, 'f1_score': 0.6836363636363636, 'confusion_matrix': [[0, 87], [0, 94]], 'auc_roc': 0.5671313279530448, 'alpha': 0.0}}, 'h18': {'statistical': {'mse': 0.521643340587616, 'rmse': 0.7222487926483154, 'mae': 0.5025579333305359, 'mape': 149.1245150566101, 'r2': 0.003922641277313232, 'mean_error': -0.0015416573733091354, 'std_error': 0.7222471833229065}, 'financial': {'directional_accuracy': 0.5138121546961326, 'sharpe_ratio': 1.2716855133206741, 'max_drawdown': -0.05595728009939194, 'total_return': 0.10534131526947021, 'hit_rate': 0.5138121546961326, 'num_trades': 181, 'precision': 0.5138121546961326, 'recall': 1.0, 'f1_score': 0.6788321167883212, 'confusion_matrix': [[0, 88], [0, 93]], 'auc_roc': 0.5613391984359726, 'alpha': 0.0}}, 'h19': {'statistical': {'mse': 0.5239074230194092, 'rmse': 0.7238144874572754, 'mae': 0.5051054358482361, 'mape': 151.84814929962158, 'r2': 0.003922522068023682, 'mean_error': 0.0012214460875838995, 'std_error': 0.723813533782959}, 'financial': {'directional_accuracy': 0.5193370165745856, 'sharpe_ratio': 1.3820172212536839, 'max_drawdown': -0.05595728009939194, 'total_return': 0.11569690704345703, 'hit_rate': 0.5193370165745856, 'num_trades': 181, 'precision': 0.5193370165745856, 'recall': 1.0, 'f1_score': 0.6836363636363636, 'confusion_matrix': [[0, 87], [0, 94]], 'auc_roc': 0.5613842015162631, 'alpha': 0.0}}, 'h20': {'statistical': {'mse': 0.5195444822311401, 'rmse': 0.7207943201065063, 'mae': 0.501520574092865, 'mape': 154.73628044128418, 'r2': 0.004696369171142578, 'mean_error': 0.0026644601020962, 'std_error': 0.7207894325256348}, 'financial': {'directional_accuracy': 0.5193370165745856, 'sharpe_ratio': 1.4666430744862735, 'max_drawdown': -0.055957186967134476, 'total_return': 0.12305200099945068, 'hit_rate': 0.5193370165745856, 'num_trades': 181, 'precision': 0.5193370165745856, 'recall': 1.0, 'f1_score': 0.6836363636363636, 'confusion_matrix': [[0, 87], [0, 94]], 'auc_roc': 0.5616287600880411, 'alpha': 0.0}}}, 'aggregate': {'statistical': {'mse': 0.5528968721628189, 'rmse': 0.7432414948940277, 'mae': 0.5202375918626785, 'mape': 137.67811715602875, 'r2': 0.002393925189971924, 'mean_error': 0.03980322409188375, 'std_error': 0.7413928747177124}}}",experiments/12c_multi_horizon/macro_heavy_daily_3q_h20_d025/fold_2016/checkpoints/tft-epoch=epoch=10-valloss=val_loss=0.4671.ckpt,daily,20,fold_2016,2016,2016-01-01,2016-12-31,10,-0.054422907531261444,0.06805789470672607,-0.030508799478411674,0.034419167786836624,0.12248080223798752,180,15.469613259668508,84.5303867403315,181,0.624024510383606,0.7899522185325623,0.5563998818397522,148.704195022583,-0.0076923370361328125,0.08657915145158768,0.7851933240890503,0.49171270718232046,0.8552773025462914,-0.045091308653354645,0.04269909858703613,0.08839779005524862,28,0.5714285714285714,0.16666666666666666,0.25806451612903225,"[[73, 12], [80, 16]]",0.5545343137254902,-0.05788874626159668,80,6,86,5,4,181,44.19889502762431,3.314917127071823,47.51381215469613,2.7624309392265194,2.209944751381215,macro_heavy_daily_3q_h20_d025
2025-12-14T18:04:15.397019,True,True,"{'n_horizons': 20, 'metrics_by_horizon': {'h1': {'statistical': {'mse': 0.18791869282722473, 'rmse': 0.4334959089756012, 'mae': 0.2931045889854431, 'mape': 129.22990322113037, 'r2': -0.0003571510314941406, 'mean_error': -0.005283315200358629, 'std_error': 0.4334636926651001}, 'financial': {'directional_accuracy': 0.5966850828729282, 'sharpe_ratio': 2.442327162961906, 'max_drawdown': -0.027967534959316254, 'total_return': 0.1263178586959839, 'hit_rate': 0.5966850828729282, 'num_trades': 181, 'precision': 0.5966850828729282, 'recall': 1.0, 'f1_score': 0.7474048442906575, 'confusion_matrix': [[0, 73], [0, 108]], 'auc_roc': 0.4790715372907154, 'alpha': 0.0}}, 'h2': {'statistical': {'mse': 0.18900999426841736, 'rmse': 0.43475279211997986, 'mae': 0.2947492003440857, 'mape': 120.5004096031189, 'r2': -0.0004177093505859375, 'mean_error': 0.008817106485366821, 'std_error': 0.4346633851528168}, 'financial': {'directional_accuracy': 0.5966850828729282, 'sharpe_ratio': 2.532565486566395, 'max_drawdown': -0.027967818081378937, 'total_return': 0.1317434310913086, 'hit_rate': 0.5966850828729282, 'num_trades': 181, 'precision': 0.5966850828729282, 'recall': 1.0, 'f1_score': 0.7474048442906575, 'confusion_matrix': [[0, 73], [0, 108]], 'auc_roc': 0.48439878234398787, 'alpha': 0.0}}, 'h3': {'statistical': {'mse': 0.19020913541316986, 'rmse': 0.43612971901893616, 'mae': 0.2972109913825989, 'mape': 118.65119934082031, 'r2': -0.00043332576751708984, 'mean_error': 0.009959903545677662, 'std_error': 0.4360159933567047}, 'financial': {'directional_accuracy': 0.5911602209944752, 'sharpe_ratio': 2.4332153108671775, 'max_drawdown': -0.027967652305960655, 'total_return': 0.12660467624664307, 'hit_rate': 0.5911602209944752, 'num_trades': 181, 'precision': 0.5911602209944752, 'recall': 1.0, 'f1_score': 0.7430555555555557, 'confusion_matrix': [[0, 74], [0, 107]], 'auc_roc': 0.5123137155847437, 'alpha': 0.0}}, 'h4': {'statistical': {'mse': 0.18780635297298431, 'rmse': 0.4333662986755371, 'mae': 0.2940891683101654, 'mape': 118.2281494140625, 'r2': -0.00023186206817626953, 'mean_error': 0.007231751922518015, 'std_error': 0.4333059787750244}, 'financial': {'directional_accuracy': 0.5911602209944752, 'sharpe_ratio': 2.3341906260423717, 'max_drawdown': -0.027967827394604683, 'total_return': 0.12028801441192627, 'hit_rate': 0.5911602209944752, 'num_trades': 181, 'precision': 0.5911602209944752, 'recall': 1.0, 'f1_score': 0.7430555555555557, 'confusion_matrix': [[0, 74], [0, 107]], 'auc_roc': 0.5165445819651427, 'alpha': 0.0}}, 'h5': {'statistical': {'mse': 0.18890641629695892, 'rmse': 0.43463367223739624, 'mae': 0.29547467827796936, 'mape': 118.76040697097778, 'r2': -6.413459777832031e-05, 'mean_error': 0.0048456378281116486, 'std_error': 0.4346066117286682}, 'financial': {'directional_accuracy': 0.5911602209944752, 'sharpe_ratio': 2.275778024258468, 'max_drawdown': -0.027967749163508415, 'total_return': 0.11742901802062988, 'hit_rate': 0.5911602209944752, 'num_trades': 181, 'precision': 0.5911602209944752, 'recall': 1.0, 'f1_score': 0.7430555555555557, 'confusion_matrix': [[0, 74], [0, 107]], 'auc_roc': 0.5458449103308917, 'alpha': 0.0}}, 'h6': {'statistical': {'mse': 0.18891450762748718, 'rmse': 0.4346429705619812, 'mae': 0.29563701152801514, 'mape': 119.13142204284668, 'r2': -3.1948089599609375e-05, 'mean_error': 0.0039043643046170473, 'std_error': 0.4346254765987396}, 'financial': {'directional_accuracy': 0.5911602209944752, 'sharpe_ratio': 2.296761540971009, 'max_drawdown': -0.027967587113380432, 'total_return': 0.11859500408172607, 'hit_rate': 0.5911602209944752, 'num_trades': 181, 'precision': 0.5911602209944752, 'recall': 1.0, 'f1_score': 0.7430555555555557, 'confusion_matrix': [[0, 74], [0, 107]], 'auc_roc': 0.5483708007072493, 'alpha': 0.0}}, 'h7': {'statistical': {'mse': 0.19198882579803467, 'rmse': 0.4381653070449829, 'mae': 0.2997143566608429, 'mape': 120.65623998641968, 'r2': -0.00018513202667236328, 'mean_error': 0.006293975282460451, 'std_error': 0.4381200671195984}, 'financial': {'directional_accuracy': 0.5911602209944752, 'sharpe_ratio': 2.4262004621166797, 'max_drawdown': -0.027967577800154686, 'total_return': 0.12684381008148193, 'hit_rate': 0.5911602209944752, 'num_trades': 181, 'precision': 0.5911602209944752, 'recall': 1.0, 'f1_score': 0.7430555555555557, 'confusion_matrix': [[0, 74], [0, 107]], 'auc_roc': 0.5454660267744379, 'alpha': 0.0}}, 'h8': {'statistical': {'mse': 0.19132009148597717, 'rmse': 0.43740153312683105, 'mae': 0.2989906966686249, 'mape': 121.93645238876343, 'r2': 2.8431415557861328e-05, 'mean_error': -0.0003485052438918501, 'std_error': 0.4374013841152191}, 'financial': {'directional_accuracy': 0.585635359116022, 'sharpe_ratio': 2.250821673799017, 'max_drawdown': -0.027967695146799088, 'total_return': 0.1168215274810791, 'hit_rate': 0.585635359116022, 'num_trades': 181, 'precision': 0.585635359116022, 'recall': 1.0, 'f1_score': 0.7386759581881532, 'confusion_matrix': [[0, 75], [0, 106]], 'auc_roc': 0.5477987421383648, 'alpha': 0.0}}, 'h9': {'statistical': {'mse': 0.19085465371608734, 'rmse': 0.43686914443969727, 'mae': 0.29757779836654663, 'mape': 122.76618480682373, 'r2': -2.562999725341797e-05, 'mean_error': -0.0034550668206065893, 'std_error': 0.4368554949760437}, 'financial': {'directional_accuracy': 0.585635359116022, 'sharpe_ratio': 2.200994366924929, 'max_drawdown': -0.02796764113008976, 'total_return': 0.11390483379364014, 'hit_rate': 0.585635359116022, 'num_trades': 181, 'precision': 0.585635359116022, 'recall': 1.0, 'f1_score': 0.7386759581881532, 'confusion_matrix': [[0, 75], [0, 106]], 'auc_roc': 0.5481132075471697, 'alpha': 0.0}}, 'h10': {'statistical': {'mse': 0.18975214660167694, 'rmse': 0.4356054961681366, 'mae': 0.2956138253211975, 'mape': 123.69738817214966, 'r2': -0.00022280216217041016, 'mean_error': -0.007079876493662596, 'std_error': 0.43554797768592834}, 'financial': {'directional_accuracy': 0.585635359116022, 'sharpe_ratio': 2.13402461951468, 'max_drawdown': -0.027967700734734535, 'total_return': 0.1098557710647583, 'hit_rate': 0.585635359116022, 'num_trades': 181, 'precision': 0.585635359116022, 'recall': 1.0, 'f1_score': 0.7386759581881532, 'confusion_matrix': [[0, 75], [0, 106]], 'auc_roc': 0.5522012578616352, 'alpha': 0.0}}, 'h11': {'statistical': {'mse': 0.18917298316955566, 'rmse': 0.4349402189254761, 'mae': 0.29409223794937134, 'mape': 125.69279670715332, 'r2': -0.0005593299865722656, 'mean_error': -0.01075256522744894, 'std_error': 0.43480730056762695}, 'financial': {'directional_accuracy': 0.585635359116022, 'sharpe_ratio': 2.060650555292057, 'max_drawdown': -0.027967654168605804, 'total_return': 0.10563671588897705, 'hit_rate': 0.585635359116022, 'num_trades': 181, 'precision': 0.585635359116022, 'recall': 1.0, 'f1_score': 0.7386759581881532, 'confusion_matrix': [[0, 75], [0, 106]], 'auc_roc': 0.5573584905660377, 'alpha': 0.0}}, 'h12': {'statistical': {'mse': 0.18850475549697876, 'rmse': 0.4341713488101959, 'mae': 0.29313740134239197, 'mape': 126.75210237503052, 'r2': -0.0008891820907592773, 'mean_error': -0.013320732861757278, 'std_error': 0.4339669346809387}, 'financial': {'directional_accuracy': 0.585635359116022, 'sharpe_ratio': 2.0263387076792703, 'max_drawdown': -0.02796783670783043, 'total_return': 0.10355150699615479, 'hit_rate': 0.585635359116022, 'num_trades': 181, 'precision': 0.585635359116022, 'recall': 1.0, 'f1_score': 0.7386759581881532, 'confusion_matrix': [[0, 75], [0, 106]], 'auc_roc': 0.5593710691823899, 'alpha': 0.0}}, 'h13': {'statistical': {'mse': 0.1884271204471588, 'rmse': 0.43408194184303284, 'mae': 0.29268503189086914, 'mape': 127.08818912506104, 'r2': -0.0009237527847290039, 'mean_error': -0.013621216639876366, 'std_error': 0.4338681995868683}, 'financial': {'directional_accuracy': 0.5911602209944752, 'sharpe_ratio': 2.0699551944962664, 'max_drawdown': -0.02796749770641327, 'total_return': 0.10590934753417969, 'hit_rate': 0.5911602209944752, 'num_trades': 181, 'precision': 0.5911602209944752, 'recall': 1.0, 'f1_score': 0.7430555555555557, 'confusion_matrix': [[0, 74], [0, 107]], 'auc_roc': 0.558537509472089, 'alpha': 0.0}}, 'h14': {'statistical': {'mse': 0.18846218287944794, 'rmse': 0.43412232398986816, 'mae': 0.292738676071167, 'mape': 130.47091960906982, 'r2': -0.001312255859375, 'mean_error': -0.016104254871606827, 'std_error': 0.43382349610328674}, 'financial': {'directional_accuracy': 0.585635359116022, 'sharpe_ratio': 2.032407835124609, 'max_drawdown': -0.02796759083867073, 'total_return': 0.10384857654571533, 'hit_rate': 0.585635359116022, 'num_trades': 181, 'precision': 0.585635359116022, 'recall': 1.0, 'f1_score': 0.7386759581881532, 'confusion_matrix': [[0, 75], [0, 106]], 'auc_roc': 0.5635220125786163, 'alpha': 0.0}}, 'h15': {'statistical': {'mse': 0.18697717785835266, 'rmse': 0.43240857124328613, 'mae': 0.29029810428619385, 'mape': 131.34931325912476, 'r2': -0.0020989179611206055, 'mean_error': -0.02007521316409111, 'std_error': 0.431942343711853}, 'financial': {'directional_accuracy': 0.585635359116022, 'sharpe_ratio': 1.947775831628404, 'max_drawdown': -0.027967974543571472, 'total_return': 0.09879529476165771, 'hit_rate': 0.585635359116022, 'num_trades': 181, 'precision': 0.585635359116022, 'recall': 1.0, 'f1_score': 0.7386759581881532, 'confusion_matrix': [[0, 75], [0, 106]], 'auc_roc': 0.5640251572327043, 'alpha': 0.0}}, 'h16': {'statistical': {'mse': 0.1879722774028778, 'rmse': 0.4335576891899109, 'mae': 0.2918846309185028, 'mape': 132.15831518173218, 'r2': -0.0027464628219604492, 'mean_error': -0.022960439324378967, 'std_error': 0.43294933438301086}, 'financial': {'directional_accuracy': 0.585635359116022, 'sharpe_ratio': 1.888958968286092, 'max_drawdown': -0.027967805042862892, 'total_return': 0.09584760665893555, 'hit_rate': 0.585635359116022, 'num_trades': 181, 'precision': 0.585635359116022, 'recall': 1.0, 'f1_score': 0.7386759581881532, 'confusion_matrix': [[0, 75], [0, 106]], 'auc_roc': 0.570377358490566, 'alpha': 0.0}}, 'h17': {'statistical': {'mse': 0.18818257749080658, 'rmse': 0.4338001608848572, 'mae': 0.29273295402526855, 'mape': 133.8074803352356, 'r2': -0.0032836198806762695, 'mean_error': -0.02506934478878975, 'std_error': 0.4330751299858093}, 'financial': {'directional_accuracy': 0.580110497237569, 'sharpe_ratio': 1.861745825902712, 'max_drawdown': -0.027967704460024834, 'total_return': 0.09440529346466064, 'hit_rate': 0.580110497237569, 'num_trades': 181, 'precision': 0.580110497237569, 'recall': 1.0, 'f1_score': 0.7342657342657343, 'confusion_matrix': [[0, 76], [0, 105]], 'auc_roc': 0.5741854636591479, 'alpha': 0.0}}, 'h18': {'statistical': {'mse': 0.18822652101516724, 'rmse': 0.43385079503059387, 'mae': 0.2925805449485779, 'mape': 134.72412824630737, 'r2': -0.0037385225296020508, 'mean_error': -0.026707449927926064, 'std_error': 0.4330279529094696}, 'financial': {'directional_accuracy': 0.580110497237569, 'sharpe_ratio': 1.8516267498666712, 'max_drawdown': -0.02796771377325058, 'total_return': 0.09384846687316895, 'hit_rate': 0.580110497237569, 'num_trades': 181, 'precision': 0.580110497237569, 'recall': 1.0, 'f1_score': 0.7342657342657343, 'confusion_matrix': [[0, 76], [0, 105]], 'auc_roc': 0.574937343358396, 'alpha': 0.0}}, 'h19': {'statistical': {'mse': 0.1888255774974823, 'rmse': 0.43454065918922424, 'mae': 0.2942864000797272, 'mape': 136.37326955795288, 'r2': -0.004683971405029297, 'mean_error': -0.02987094782292843, 'std_error': 0.43351274728775024}, 'financial': {'directional_accuracy': 0.574585635359116, 'sharpe_ratio': 1.7822391209354917, 'max_drawdown': -0.027967533096671104, 'total_return': 0.09021258354187012, 'hit_rate': 0.574585635359116, 'num_trades': 181, 'precision': 0.574585635359116, 'recall': 1.0, 'f1_score': 0.7298245614035088, 'confusion_matrix': [[0, 77], [0, 104]], 'auc_roc': 0.5769230769230769, 'alpha': 0.0}}, 'h20': {'statistical': {'mse': 0.19048313796520233, 'rmse': 0.4364437460899353, 'mae': 0.2960493266582489, 'mape': 137.29681968688965, 'r2': -0.005608677864074707, 'mean_error': -0.03278524801135063, 'std_error': 0.43521061539649963}, 'financial': {'directional_accuracy': 0.574585635359116, 'sharpe_ratio': 1.7158916146190955, 'max_drawdown': -0.027967628091573715, 'total_return': 0.0869913101196289, 'hit_rate': 0.574585635359116, 'num_trades': 181, 'precision': 0.574585635359116, 'recall': 1.0, 'f1_score': 0.7298245614035088, 'confusion_matrix': [[0, 77], [0, 104]], 'auc_roc': 0.5771728271728271, 'alpha': 0.0}}}, 'aggregate': {'statistical': {'mse': 0.18909575641155243, 'rmse': 0.434849014878273, 'mae': 0.2946323812007904, 'mape': 126.46355450153351, 'r2': -0.0013892978429794311, 'mean_error': -0.009319071851496118, 'std_error': 0.43453950583934786}}}",experiments/12c_multi_horizon/macro_heavy_daily_3q_h20_d025/fold_2017/checkpoints/tft-epoch=epoch=39-valloss=val_loss=0.3558.ckpt,daily,20,fold_2017,2017,2017-01-01,2017-12-31,10,0.0699404776096344,0.07371772825717926,0.07196568697690964,0.0008038945379666984,0.003777250647544861,177,100.0,0.0,181,0.18791869282722473,0.4334959089756012,0.2931045889854431,129.22990322113037,-0.0003571510314941406,-0.005283315200358629,0.4334636926651001,0.5966850828729282,2.442327162961906,-0.027967534959316254,0.1263178586959839,0.5966850828729282,181,0.5966850828729282,1.0,0.7474048442906575,"[[0, 73], [0, 108]]",0.4790715372907154,0.0,29,1,0,151,0,181,16.022099447513813,0.5524861878453038,0.0,83.42541436464089,0.0,macro_heavy_daily_3q_h20_d025
2025-12-14T18:17:14.549081,True,True,"{'n_horizons': 20, 'metrics_by_horizon': {'h1': {'statistical': {'mse': 0.9455612301826477, 'rmse': 0.9723997116088867, 'mae': 0.7071471214294434, 'mape': 384.4938039779663, 'r2': -0.051406264305114746, 'mean_error': 0.22442816197872162, 'std_error': 0.9461464881896973}, 'financial': {'directional_accuracy': 0.46111111111111114, 'sharpe_ratio': 0.0, 'max_drawdown': 0.0, 'total_return': 0.0, 'hit_rate': 0.0, 'num_trades': 0, 'precision': 0.0, 'recall': 0.0, 'f1_score': 0.0, 'confusion_matrix': [[83, 0], [97, 0]], 'auc_roc': 0.5128555458949199, 'alpha': 0.004289984703063965}}, 'h2': {'statistical': {'mse': 0.9382554888725281, 'rmse': 0.9686359167098999, 'mae': 0.6981061100959778, 'mape': 325.4342317581177, 'r2': -0.030154705047607422, 'mean_error': 0.17510242760181427, 'std_error': 0.9526776075363159}, 'financial': {'directional_accuracy': 0.4666666666666667, 'sharpe_ratio': 0.0, 'max_drawdown': 0.0, 'total_return': 0.0, 'hit_rate': 0.0, 'num_trades': 0, 'precision': 0.0, 'recall': 0.0, 'f1_score': 0.0, 'confusion_matrix': [[84, 0], [96, 0]], 'auc_roc': 0.5142609126984127, 'alpha': 0.019099175930023193}}, 'h3': {'statistical': {'mse': 0.9245603084564209, 'rmse': 0.9615405797958374, 'mae': 0.6844107508659363, 'mape': 262.73250579833984, 'r2': -0.015133857727050781, 'mean_error': 0.12729819118976593, 'std_error': 0.9530768990516663}, 'financial': {'directional_accuracy': 0.4666666666666667, 'sharpe_ratio': 0.0, 'max_drawdown': 0.0, 'total_return': 0.0, 'hit_rate': 0.0, 'num_trades': 0, 'precision': 0.0, 'recall': 0.0, 'f1_score': 0.0, 'confusion_matrix': [[84, 0], [96, 0]], 'auc_roc': 0.5162450396825397, 'alpha': 0.018818140029907227}}, 'h4': {'statistical': {'mse': 0.8930813074111938, 'rmse': 0.9450297951698303, 'mae': 0.6639280915260315, 'mape': 200.65200328826904, 'r2': -0.007039308547973633, 'mean_error': 0.0879678800702095, 'std_error': 0.9409266710281372}, 'financial': {'directional_accuracy': 0.4666666666666667, 'sharpe_ratio': 0.0, 'max_drawdown': 0.0, 'total_return': 0.0, 'hit_rate': 0.0, 'num_trades': 0, 'precision': 0.0, 'recall': 0.0, 'f1_score': 0.0, 'confusion_matrix': [[84, 0], [96, 0]], 'auc_roc': 0.5099206349206349, 'alpha': 0.001867532730102539}}, 'h5': {'statistical': {'mse': 0.7988132238388062, 'rmse': 0.893763542175293, 'mae': 0.6367876529693604, 'mape': 144.45817470550537, 'r2': -0.005164623260498047, 'mean_error': 0.060266196727752686, 'std_error': 0.8917293548583984}, 'financial': {'directional_accuracy': 0.4722222222222222, 'sharpe_ratio': 0.6272018728293833, 'max_drawdown': -0.030016513541340828, 'total_return': 0.01668238639831543, 'hit_rate': 0.05, 'num_trades': 17, 'precision': 0.5294117647058824, 'recall': 0.09375, 'f1_score': 0.1592920353982301, 'confusion_matrix': [[76, 8], [87, 9]], 'auc_roc': 0.4861111111111111, 'alpha': -0.0183638334274292}}, 'h6': {'statistical': {'mse': 0.8319858312606812, 'rmse': 0.9121325612068176, 'mae': 0.6403511166572571, 'mape': 107.19660520553589, 'r2': -0.0008805990219116211, 'mean_error': -0.011808515526354313, 'std_error': 0.9120560884475708}, 'financial': {'directional_accuracy': 0.48333333333333334, 'sharpe_ratio': -0.2227020951959174, 'max_drawdown': -0.07345575839281082, 'total_return': -0.021090686321258545, 'hit_rate': 0.22777777777777777, 'num_trades': 80, 'precision': 0.5125, 'recall': 0.43157894736842106, 'f1_score': 0.4685714285714286, 'confusion_matrix': [[46, 39], [54, 41]], 'auc_roc': 0.47826625386996907, 'alpha': -0.006995081901550293}}, 'h7': {'statistical': {'mse': 0.8517940044403076, 'rmse': 0.9229268431663513, 'mae': 0.6462470889091492, 'mape': 142.4206256866455, 'r2': -0.003219008445739746, 'mean_error': -0.04131161421537399, 'std_error': 0.922001838684082}, 'financial': {'directional_accuracy': 0.5333333333333333, 'sharpe_ratio': 0.16226302590362157, 'max_drawdown': -0.09335456043481827, 'total_return': 0.009316444396972656, 'hit_rate': 0.5333333333333333, 'num_trades': 180, 'precision': 0.5333333333333333, 'recall': 1.0, 'f1_score': 0.6956521739130436, 'confusion_matrix': [[0, 84], [0, 96]], 'auc_roc': 0.4744543650793651, 'alpha': 0.0}}, 'h8': {'statistical': {'mse': 0.7937762141227722, 'rmse': 0.8909412026405334, 'mae': 0.6358107924461365, 'mape': 188.84304761886597, 'r2': -0.008448481559753418, 'mean_error': -0.06985319405794144, 'std_error': 0.8881985545158386}, 'financial': {'directional_accuracy': 0.5333333333333333, 'sharpe_ratio': 0.3694138099409605, 'max_drawdown': -0.0933547392487526, 'total_return': 0.030509352684020996, 'hit_rate': 0.5333333333333333, 'num_trades': 180, 'precision': 0.5333333333333333, 'recall': 1.0, 'f1_score': 0.6956521739130436, 'confusion_matrix': [[0, 84], [0, 96]], 'auc_roc': 0.4680059523809524, 'alpha': 0.0}}, 'h9': {'statistical': {'mse': 0.7929074764251709, 'rmse': 0.8904535174369812, 'mae': 0.6354811787605286, 'mape': 234.66970920562744, 'r2': -0.0198514461517334, 'mean_error': -0.11850567907094955, 'std_error': 0.8825325965881348}, 'financial': {'directional_accuracy': 0.5277777777777778, 'sharpe_ratio': 0.15670098473651017, 'max_drawdown': -0.09842369705438614, 'total_return': 0.008682966232299805, 'hit_rate': 0.5277777777777778, 'num_trades': 180, 'precision': 0.5277777777777778, 'recall': 1.0, 'f1_score': 0.6909090909090909, 'confusion_matrix': [[0, 85], [0, 95]], 'auc_roc': 0.47256965944272444, 'alpha': 0.0}}, 'h10': {'statistical': {'mse': 0.8040618896484375, 'rmse': 0.8966949582099915, 'mae': 0.6409002542495728, 'mape': 277.2684335708618, 'r2': -0.030405879020690918, 'mean_error': -0.15088599920272827, 'std_error': 0.8839090466499329}, 'financial': {'directional_accuracy': 0.5277777777777778, 'sharpe_ratio': 0.17390665767046526, 'max_drawdown': -0.09842352569103241, 'total_return': 0.010426044464111328, 'hit_rate': 0.5277777777777778, 'num_trades': 180, 'precision': 0.5277777777777778, 'recall': 1.0, 'f1_score': 0.6909090909090909, 'confusion_matrix': [[0, 85], [0, 95]], 'auc_roc': 0.4843343653250774, 'alpha': 0.0}}, 'h11': {'statistical': {'mse': 0.8184183835983276, 'rmse': 0.9046648144721985, 'mae': 0.6504988074302673, 'mape': 316.3672208786011, 'r2': -0.040731072425842285, 'mean_error': -0.17648427188396454, 'std_error': 0.8872832655906677}, 'financial': {'directional_accuracy': 0.5277777777777778, 'sharpe_ratio': 0.2551677844711119, 'max_drawdown': -0.09842371940612793, 'total_return': 0.01872849464416504, 'hit_rate': 0.5277777777777778, 'num_trades': 180, 'precision': 0.5277777777777778, 'recall': 1.0, 'f1_score': 0.6909090909090909, 'confusion_matrix': [[0, 85], [0, 95]], 'auc_roc': 0.4848297213622291, 'alpha': 0.0}}, 'h12': {'statistical': {'mse': 0.825438916683197, 'rmse': 0.9085366725921631, 'mae': 0.654774010181427, 'mape': 352.41103172302246, 'r2': -0.05467987060546875, 'mean_error': -0.20522698760032654, 'std_error': 0.8850541114807129}, 'financial': {'directional_accuracy': 0.5277777777777778, 'sharpe_ratio': 0.2274198500546603, 'max_drawdown': -0.09842381626367569, 'total_return': 0.015869617462158203, 'hit_rate': 0.5277777777777778, 'num_trades': 180, 'precision': 0.5277777777777778, 'recall': 1.0, 'f1_score': 0.6909090909090909, 'confusion_matrix': [[0, 85], [0, 95]], 'auc_roc': 0.49684210526315786, 'alpha': 0.0}}, 'h13': {'statistical': {'mse': 0.8348003625869751, 'rmse': 0.9136741161346436, 'mae': 0.6602376103401184, 'mape': 385.5189800262451, 'r2': -0.07449567317962646, 'mean_error': -0.23990103602409363, 'std_error': 0.8816165924072266}, 'financial': {'directional_accuracy': 0.5222222222222223, 'sharpe_ratio': 0.04429650860261445, 'max_drawdown': -0.09842376410961151, 'total_return': -0.0025850534439086914, 'hit_rate': 0.5222222222222223, 'num_trades': 180, 'precision': 0.5222222222222223, 'recall': 1.0, 'f1_score': 0.6861313868613139, 'confusion_matrix': [[0, 86], [0, 94]], 'auc_roc': 0.5106382978723404, 'alpha': 0.0}}, 'h14': {'statistical': {'mse': 0.845937967300415, 'rmse': 0.919748842716217, 'mae': 0.66706383228302, 'mape': 412.68134117126465, 'r2': -0.08643734455108643, 'mean_error': -0.25906240940093994, 'std_error': 0.8825104236602783}, 'financial': {'directional_accuracy': 0.5222222222222223, 'sharpe_ratio': 0.09648757541703347, 'max_drawdown': -0.09842383116483688, 'total_return': 0.0026259422302246094, 'hit_rate': 0.5222222222222223, 'num_trades': 180, 'precision': 0.5222222222222223, 'recall': 1.0, 'f1_score': 0.6861313868613139, 'confusion_matrix': [[0, 86], [0, 94]], 'auc_roc': 0.498144482929243, 'alpha': 0.0}}, 'h15': {'statistical': {'mse': 0.8531500697135925, 'rmse': 0.9236612319946289, 'mae': 0.6701370477676392, 'mape': 438.98138999938965, 'r2': -0.09546971321105957, 'mean_error': -0.272327184677124, 'std_error': 0.8826030492782593}, 'financial': {'directional_accuracy': 0.5277777777777778, 'sharpe_ratio': 0.21740494410860428, 'max_drawdown': -0.09842398017644882, 'total_return': 0.014829039573669434, 'hit_rate': 0.5277777777777778, 'num_trades': 180, 'precision': 0.5277777777777778, 'recall': 1.0, 'f1_score': 0.6909090909090909, 'confusion_matrix': [[0, 85], [0, 95]], 'auc_roc': 0.4915170278637771, 'alpha': 0.0}}, 'h16': {'statistical': {'mse': 0.8775506019592285, 'rmse': 0.9367766976356506, 'mae': 0.6811251044273376, 'mape': 462.81867027282715, 'r2': -0.09484291076660156, 'mean_error': -0.2756179869174957, 'std_error': 0.8953129649162292}, 'financial': {'directional_accuracy': 0.5333333333333333, 'sharpe_ratio': 0.4773666373035615, 'max_drawdown': -0.09842389822006226, 'total_return': 0.04208052158355713, 'hit_rate': 0.5333333333333333, 'num_trades': 180, 'precision': 0.5333333333333333, 'recall': 1.0, 'f1_score': 0.6956521739130436, 'confusion_matrix': [[0, 84], [0, 96]], 'auc_roc': 0.4930555555555556, 'alpha': 0.0}}, 'h17': {'statistical': {'mse': 0.8882414102554321, 'rmse': 0.942465603351593, 'mae': 0.6880967617034912, 'mape': 484.87391471862793, 'r2': -0.10763156414031982, 'mean_error': -0.294016569852829, 'std_error': 0.8954303860664368}, 'financial': {'directional_accuracy': 0.5277777777777778, 'sharpe_ratio': 0.44295197975524303, 'max_drawdown': -0.09842384606599808, 'total_return': 0.03845524787902832, 'hit_rate': 0.5277777777777778, 'num_trades': 180, 'precision': 0.5277777777777778, 'recall': 1.0, 'f1_score': 0.6909090909090909, 'confusion_matrix': [[0, 85], [0, 95]], 'auc_roc': 0.5121981424148607, 'alpha': 0.0}}, 'h18': {'statistical': {'mse': 0.8967052698135376, 'rmse': 0.9469452500343323, 'mae': 0.6930216550827026, 'mape': 505.33862113952637, 'r2': -0.1309741735458374, 'mean_error': -0.3230099081993103, 'std_error': 0.8901516199111938}, 'financial': {'directional_accuracy': 0.5222222222222223, 'sharpe_ratio': 0.19561491494235153, 'max_drawdown': -0.0984237939119339, 'total_return': 0.012670755386352539, 'hit_rate': 0.5222222222222223, 'num_trades': 180, 'precision': 0.5222222222222223, 'recall': 1.0, 'f1_score': 0.6861313868613139, 'confusion_matrix': [[0, 86], [0, 94]], 'auc_roc': 0.5248639287481445, 'alpha': 0.0}}, 'h19': {'statistical': {'mse': 0.902860164642334, 'rmse': 0.9501895308494568, 'mae': 0.6961677670478821, 'mape': 525.3053188323975, 'r2': -0.14953839778900146, 'mean_error': -0.34401729702949524, 'std_error': 0.8857269883155823}, 'financial': {'directional_accuracy': 0.5166666666666667, 'sharpe_ratio': 0.06479607275085139, 'max_drawdown': -0.0984238013625145, 'total_return': -0.000579833984375, 'hit_rate': 0.5166666666666667, 'num_trades': 180, 'precision': 0.5166666666666667, 'recall': 1.0, 'f1_score': 0.6813186813186815, 'confusion_matrix': [[0, 87], [0, 93]], 'auc_roc': 0.5450500556173526, 'alpha': 0.0}}, 'h20': {'statistical': {'mse': 0.9037011861801147, 'rmse': 0.9506319761276245, 'mae': 0.6982915997505188, 'mape': 542.383623123169, 'r2': -0.15919554233551025, 'mean_error': -0.3536319136619568, 'std_error': 0.8824089765548706}, 'financial': {'directional_accuracy': 0.5166666666666667, 'sharpe_ratio': 0.11637234605626501, 'max_drawdown': -0.09842387586832047, 'total_return': 0.004623055458068848, 'hit_rate': 0.5166666666666667, 'num_trades': 180, 'precision': 0.5166666666666667, 'recall': 1.0, 'f1_score': 0.6813186813186815, 'confusion_matrix': [[0, 87], [0, 93]], 'auc_roc': 0.5565443084909157, 'alpha': 0.0}}}, 'aggregate': {'statistical': {'mse': 0.861080065369606, 'rmse': 0.9275906682014465, 'mae': 0.6674292176961899, 'mape': 334.7424626350403, 'r2': -0.05828502178192139, 'mean_error': -0.12302988548763097, 'std_error': 0.9020676761865616}}}",experiments/12c_multi_horizon/macro_heavy_daily_3q_h20_d025/fold_2018/checkpoints/tft-epoch=epoch=02-valloss=val_loss=0.2311.ckpt,daily,20,fold_2018,2018,2018-01-01,2018-12-31,10,-0.25017592310905457,-0.13134747743606567,-0.2222893387079239,0.02682190015912056,0.11882844567298889,180,0.0,100.0,180,0.9455612301826477,0.9723997116088867,0.7071471214294434,384.4938039779663,-0.051406264305114746,0.22442816197872162,0.9461464881896973,0.46111111111111114,0.0,0.0,0.0,0.0,0,0.0,0.0,0.0,"[[83, 0], [97, 0]]",0.5128555458949199,0.004289984703063965,30,0,96,30,24,180,16.666666666666664,0.0,53.333333333333336,16.666666666666664,13.333333333333334,macro_heavy_daily_3q_h20_d025
2025-12-14T18:29:42.579849,True,True,"{'n_horizons': 20, 'metrics_by_horizon': {'h1': {'statistical': {'mse': 0.6509495973587036, 'rmse': 0.8068144917488098, 'mae': 0.5920540690422058, 'mape': 128.7448287010193, 'r2': 0.0018273591995239258, 'mean_error': 0.02524466998875141, 'std_error': 0.8064194917678833}, 'financial': {'directional_accuracy': 0.56353591160221, 'sharpe_ratio': 1.250478339906275, 'max_drawdown': -0.06836147606372833, 'total_return': 0.11536383628845215, 'hit_rate': 0.56353591160221, 'num_trades': 181, 'precision': 0.56353591160221, 'recall': 1.0, 'f1_score': 0.7208480565371024, 'confusion_matrix': [[0, 79], [0, 102]], 'auc_roc': 0.5840158848349466, 'alpha': 0.0}}, 'h2': {'statistical': {'mse': 0.6497477293014526, 'rmse': 0.8060693144798279, 'mae': 0.5913217663764954, 'mape': 125.73810815811157, 'r2': 0.0015965700149536133, 'mean_error': 0.027324581518769264, 'std_error': 0.8056060671806335}, 'financial': {'directional_accuracy': 0.56353591160221, 'sharpe_ratio': 1.2330165587593187, 'max_drawdown': -0.06836137175559998, 'total_return': 0.11345553398132324, 'hit_rate': 0.56353591160221, 'num_trades': 181, 'precision': 0.56353591160221, 'recall': 1.0, 'f1_score': 0.7208480565371024, 'confusion_matrix': [[0, 79], [0, 102]], 'auc_roc': 0.5811615785554729, 'alpha': 0.0}}, 'h3': {'statistical': {'mse': 0.6505377292633057, 'rmse': 0.8065592050552368, 'mae': 0.5933809280395508, 'mape': 126.41259431838989, 'r2': 0.0018584132194519043, 'mean_error': 0.024867191910743713, 'std_error': 0.8061757683753967}, 'financial': {'directional_accuracy': 0.5580110497237569, 'sharpe_ratio': 1.1835745895555914, 'max_drawdown': -0.06836145371198654, 'total_return': 0.10848617553710938, 'hit_rate': 0.5580110497237569, 'num_trades': 181, 'precision': 0.5580110497237569, 'recall': 1.0, 'f1_score': 0.7163120567375887, 'confusion_matrix': [[0, 80], [0, 101]], 'auc_roc': 0.5637376237623761, 'alpha': 0.0}}, 'h4': {'statistical': {'mse': 0.6489638090133667, 'rmse': 0.8055828809738159, 'mae': 0.5915009379386902, 'mape': 128.16592454910278, 'r2': 0.0014660954475402832, 'mean_error': 0.0215305145829916, 'std_error': 0.8052951693534851}, 'financial': {'directional_accuracy': 0.5580110497237569, 'sharpe_ratio': 1.1424967423201275, 'max_drawdown': -0.0683613270521164, 'total_return': 0.10416030883789062, 'hit_rate': 0.5580110497237569, 'num_trades': 181, 'precision': 0.5580110497237569, 'recall': 1.0, 'f1_score': 0.7163120567375887, 'confusion_matrix': [[0, 80], [0, 101]], 'auc_roc': 0.5568069306930693, 'alpha': 0.0}}, 'h5': {'statistical': {'mse': 0.6484306454658508, 'rmse': 0.8052518963813782, 'mae': 0.5903217792510986, 'mape': 131.10920190811157, 'r2': 0.0009878873825073242, 'mean_error': 0.018301721662282944, 'std_error': 0.8050438761711121}, 'financial': {'directional_accuracy': 0.5580110497237569, 'sharpe_ratio': 1.1128896098244758, 'max_drawdown': -0.06836125999689102, 'total_return': 0.10109663009643555, 'hit_rate': 0.5580110497237569, 'num_trades': 181, 'precision': 0.5580110497237569, 'recall': 1.0, 'f1_score': 0.7163120567375887, 'confusion_matrix': [[0, 80], [0, 101]], 'auc_roc': 0.5459158415841585, 'alpha': 0.0}}, 'h6': {'statistical': {'mse': 0.6488072276115417, 'rmse': 0.805485725402832, 'mae': 0.5907055139541626, 'mape': 133.85913372039795, 'r2': 0.0007741451263427734, 'mean_error': 0.01986069791018963, 'std_error': 0.8052407503128052}, 'financial': {'directional_accuracy': 0.56353591160221, 'sharpe_ratio': 1.1812248340316303, 'max_drawdown': -0.0683613121509552, 'total_return': 0.10804522037506104, 'hit_rate': 0.56353591160221, 'num_trades': 181, 'precision': 0.56353591160221, 'recall': 1.0, 'f1_score': 0.7208480565371024, 'confusion_matrix': [[0, 79], [0, 102]], 'auc_roc': 0.5497642094812608, 'alpha': 0.0}}, 'h7': {'statistical': {'mse': 0.6446118354797363, 'rmse': 0.8028772473335266, 'mae': 0.5878897309303284, 'mape': 136.1941695213318, 'r2': 0.0008119940757751465, 'mean_error': 0.02609914168715477, 'std_error': 0.8024528622627258}, 'financial': {'directional_accuracy': 0.569060773480663, 'sharpe_ratio': 1.3481582459367265, 'max_drawdown': -0.06836105138063431, 'total_return': 0.12475454807281494, 'hit_rate': 0.569060773480663, 'num_trades': 181, 'precision': 0.569060773480663, 'recall': 1.0, 'f1_score': 0.7253521126760564, 'confusion_matrix': [[0, 78], [0, 103]], 'auc_roc': 0.5491660443116754, 'alpha': 0.0}}, 'h8': {'statistical': {'mse': 0.6445494890213013, 'rmse': 0.8028383851051331, 'mae': 0.5884779691696167, 'mape': 139.7913932800293, 'r2': 0.0011038780212402344, 'mean_error': 0.023210788145661354, 'std_error': 0.8025028109550476}, 'financial': {'directional_accuracy': 0.56353591160221, 'sharpe_ratio': 1.3315553727585125, 'max_drawdown': -0.06836159527301788, 'total_return': 0.12305819988250732, 'hit_rate': 0.56353591160221, 'num_trades': 181, 'precision': 0.56353591160221, 'recall': 1.0, 'f1_score': 0.7208480565371024, 'confusion_matrix': [[0, 79], [0, 102]], 'auc_roc': 0.5409530900967983, 'alpha': 0.0}}, 'h9': {'statistical': {'mse': 0.6449280977249146, 'rmse': 0.8030741810798645, 'mae': 0.5899091958999634, 'mape': 142.5212025642395, 'r2': 0.0010828971862792969, 'mean_error': 0.022553814575076103, 'std_error': 0.8027573227882385}, 'financial': {'directional_accuracy': 0.56353591160221, 'sharpe_ratio': 1.3589493565470439, 'max_drawdown': -0.06836125999689102, 'total_return': 0.12591373920440674, 'hit_rate': 0.56353591160221, 'num_trades': 181, 'precision': 0.56353591160221, 'recall': 1.0, 'f1_score': 0.7208480565371024, 'confusion_matrix': [[0, 79], [0, 102]], 'auc_roc': 0.5337552742616034, 'alpha': 0.0}}, 'h10': {'statistical': {'mse': 0.6374993324279785, 'rmse': 0.7984355688095093, 'mae': 0.585107684135437, 'mape': 144.84862089157104, 'r2': 0.0009168386459350586, 'mean_error': 0.011708220466971397, 'std_error': 0.7983496785163879}, 'financial': {'directional_accuracy': 0.5580110497237569, 'sharpe_ratio': 1.1922401927153068, 'max_drawdown': -0.0683610662817955, 'total_return': 0.10822486877441406, 'hit_rate': 0.5580110497237569, 'num_trades': 181, 'precision': 0.5580110497237569, 'recall': 1.0, 'f1_score': 0.7163120567375887, 'confusion_matrix': [[0, 80], [0, 101]], 'auc_roc': 0.5289603960396039, 'alpha': 0.0}}, 'h11': {'statistical': {'mse': 0.6418970227241516, 'rmse': 0.8011847734451294, 'mae': 0.5888919234275818, 'mape': 147.19727039337158, 'r2': 0.0006021261215209961, 'mean_error': 0.013342062011361122, 'std_error': 0.8010737299919128}, 'financial': {'directional_accuracy': 0.5580110497237569, 'sharpe_ratio': 1.260982990161278, 'max_drawdown': -0.06836128234863281, 'total_return': 0.11555910110473633, 'hit_rate': 0.5580110497237569, 'num_trades': 181, 'precision': 0.5580110497237569, 'recall': 1.0, 'f1_score': 0.7163120567375887, 'confusion_matrix': [[0, 80], [0, 101]], 'auc_roc': 0.5202970297029703, 'alpha': 0.0}}, 'h12': {'statistical': {'mse': 0.6417879462242126, 'rmse': 0.8011167049407959, 'mae': 0.5886494517326355, 'mape': 149.20097589492798, 'r2': 0.000631868839263916, 'mean_error': 0.014851296320557594, 'std_error': 0.8009790778160095}, 'financial': {'directional_accuracy': 0.56353591160221, 'sharpe_ratio': 1.3306305860045058, 'max_drawdown': -0.06836144626140594, 'total_return': 0.12266802787780762, 'hit_rate': 0.56353591160221, 'num_trades': 181, 'precision': 0.56353591160221, 'recall': 1.0, 'f1_score': 0.7208480565371024, 'confusion_matrix': [[0, 79], [0, 102]], 'auc_roc': 0.528294862248697, 'alpha': 0.0}}, 'h13': {'statistical': {'mse': 0.6363955140113831, 'rmse': 0.7977440357208252, 'mae': 0.583960235118866, 'mape': 152.9752492904663, 'r2': 0.00029605627059936523, 'mean_error': 0.006222807802259922, 'std_error': 0.7977197170257568}, 'financial': {'directional_accuracy': 0.5580110497237569, 'sharpe_ratio': 1.2038630082052986, 'max_drawdown': -0.06836141645908356, 'total_return': 0.10926926136016846, 'hit_rate': 0.5580110497237569, 'num_trades': 181, 'precision': 0.5580110497237569, 'recall': 1.0, 'f1_score': 0.7163120567375887, 'confusion_matrix': [[0, 80], [0, 101]], 'auc_roc': 0.5148514851485149, 'alpha': 0.0}}, 'h14': {'statistical': {'mse': 0.636529803276062, 'rmse': 0.797828197479248, 'mae': 0.583680272102356, 'mape': 154.4469714164734, 'r2': 1.6450881958007812e-05, 'mean_error': 0.0038697407580912113, 'std_error': 0.7978188395500183}, 'financial': {'directional_accuracy': 0.5580110497237569, 'sharpe_ratio': 1.195151278068468, 'max_drawdown': -0.0683613270521164, 'total_return': 0.10838842391967773, 'hit_rate': 0.5580110497237569, 'num_trades': 181, 'precision': 0.5580110497237569, 'recall': 1.0, 'f1_score': 0.7163120567375887, 'confusion_matrix': [[0, 80], [0, 101]], 'auc_roc': 0.5070544554455445, 'alpha': 0.0}}, 'h15': {'statistical': {'mse': 0.6367970705032349, 'rmse': 0.7979956865310669, 'mae': 0.5842934250831604, 'mape': 156.5840721130371, 'r2': -0.00013053417205810547, 'mean_error': 0.002541670808568597, 'std_error': 0.7979916334152222}, 'financial': {'directional_accuracy': 0.5580110497237569, 'sharpe_ratio': 1.205462786391089, 'max_drawdown': -0.06836142390966415, 'total_return': 0.10944211483001709, 'hit_rate': 0.5580110497237569, 'num_trades': 181, 'precision': 0.5580110497237569, 'recall': 1.0, 'f1_score': 0.7163120567375887, 'confusion_matrix': [[0, 80], [0, 101]], 'auc_roc': 0.497029702970297, 'alpha': 0.0}}, 'h16': {'statistical': {'mse': 0.6359915733337402, 'rmse': 0.7974907755851746, 'mae': 0.58280348777771, 'mape': 157.60380029678345, 'r2': -3.337860107421875e-05, 'mean_error': 0.0041076610796153545, 'std_error': 0.7974801659584045}, 'financial': {'directional_accuracy': 0.56353591160221, 'sharpe_ratio': 1.2731117831079317, 'max_drawdown': -0.06836099922657013, 'total_return': 0.11622035503387451, 'hit_rate': 0.56353591160221, 'num_trades': 181, 'precision': 0.56353591160221, 'recall': 1.0, 'f1_score': 0.7208480565371024, 'confusion_matrix': [[0, 79], [0, 102]], 'auc_roc': 0.5057086125589477, 'alpha': 0.0}}, 'h17': {'statistical': {'mse': 0.6343618631362915, 'rmse': 0.7964683771133423, 'mae': 0.5801501274108887, 'mape': 158.36222171783447, 'r2': -0.00030231475830078125, 'mean_error': -0.00031071132980287075, 'std_error': 0.7964683175086975}, 'financial': {'directional_accuracy': 0.56353591160221, 'sharpe_ratio': 1.2215418226932964, 'max_drawdown': -0.06836149096488953, 'total_return': 0.11084461212158203, 'hit_rate': 0.56353591160221, 'num_trades': 181, 'precision': 0.56353591160221, 'recall': 1.0, 'f1_score': 0.7208480565371024, 'confusion_matrix': [[0, 79], [0, 102]], 'auc_roc': 0.5023579051873914, 'alpha': 0.0}}, 'h18': {'statistical': {'mse': 0.6344690918922424, 'rmse': 0.7965356707572937, 'mae': 0.5799862146377563, 'mape': 159.23575162887573, 'r2': -0.0005041360855102539, 'mean_error': -0.0022777030244469643, 'std_error': 0.7965324521064758}, 'financial': {'directional_accuracy': 0.56353591160221, 'sharpe_ratio': 1.2158310663778515, 'max_drawdown': -0.0683610662817955, 'total_return': 0.11026716232299805, 'hit_rate': 0.56353591160221, 'num_trades': 181, 'precision': 0.56353591160221, 'recall': 1.0, 'f1_score': 0.7208480565371024, 'confusion_matrix': [[0, 79], [0, 102]], 'auc_roc': 0.494415487714073, 'alpha': 0.0}}, 'h19': {'statistical': {'mse': 0.6344099640846252, 'rmse': 0.7964985370635986, 'mae': 0.5790934562683105, 'mape': 158.9468240737915, 'r2': -0.000578761100769043, 'mean_error': -0.0029940453823655844, 'std_error': 0.796492874622345}, 'financial': {'directional_accuracy': 0.569060773480663, 'sharpe_ratio': 1.2338591448746206, 'max_drawdown': -0.06836134195327759, 'total_return': 0.11207544803619385, 'hit_rate': 0.569060773480663, 'num_trades': 181, 'precision': 0.569060773480663, 'recall': 1.0, 'f1_score': 0.7253521126760564, 'confusion_matrix': [[0, 78], [0, 103]], 'auc_roc': 0.5043564849390092, 'alpha': 0.0}}, 'h20': {'statistical': {'mse': 0.6369832158088684, 'rmse': 0.7981122732162476, 'mae': 0.5820037722587585, 'mape': 159.0333342552185, 'r2': -0.00042247772216796875, 'mean_error': 1.720499676594045e-05, 'std_error': 0.7981122732162476}, 'financial': {'directional_accuracy': 0.574585635359116, 'sharpe_ratio': 1.3218314511597573, 'max_drawdown': -0.06836175918579102, 'total_return': 0.12124311923980713, 'hit_rate': 0.574585635359116, 'num_trades': 181, 'precision': 0.574585635359116, 'recall': 1.0, 'f1_score': 0.7298245614035088, 'confusion_matrix': [[0, 77], [0, 104]], 'auc_roc': 0.5077422577422577, 'alpha': 0.0}}}, 'aggregate': {'statistical': {'mse': 0.6419324278831482, 'rmse': 0.8011981964111328, 'mae': 0.5867090970277786, 'mape': 144.54858243465424, 'r2': 0.0006000488996505737, 'mean_error': 0.013003566324459825, 'std_error': 0.8010256439447403}}}",experiments/12c_multi_horizon/macro_heavy_daily_3q_h20_d025/fold_2019/checkpoints/tft-epoch=epoch=15-valloss=val_loss=0.4277.ckpt,daily,20,fold_2019,2019,2019-01-01,2019-12-31,10,0.027528099715709686,0.08298289775848389,0.038368456065654755,0.008338303305208683,0.0554547980427742,180,100.0,0.0,181,0.6509495973587036,0.8068144917488098,0.5920540690422058,128.7448287010193,0.0018273591995239258,0.02524466998875141,0.8064194917678833,0.56353591160221,1.250478339906275,-0.06836147606372833,0.11536383628845215,0.56353591160221,181,0.56353591160221,1.0,0.7208480565371024,"[[0, 79], [0, 102]]",0.5840158848349466,0.0,30,0,74,77,0,181,16.574585635359114,0.0,40.88397790055249,42.5414364640884,0.0,macro_heavy_daily_3q_h20_d025
2025-12-14T18:42:07.733623,True,True,"{'n_horizons': 20, 'metrics_by_horizon': {'h1': {'statistical': {'mse': 6.179937839508057, 'rmse': 2.485948085784912, 'mae': 1.6092132329940796, 'mape': 100.539231300354, 'r2': 0.0002509951591491699, 'mean_error': 0.04884806647896767, 'std_error': 2.4854679107666016}, 'financial': {'directional_accuracy': 0.5439560439560439, 'sharpe_ratio': 1.748674648626269, 'max_drawdown': -0.07124444097280502, 'total_return': 0.2058868408203125, 'hit_rate': 0.2802197802197802, 'num_trades': 80, 'precision': 0.6375, 'recall': 0.4857142857142857, 'f1_score': 0.5513513513513513, 'confusion_matrix': [[48, 29], [54, 51]], 'auc_roc': 0.5760049474335189, 'alpha': 0.17426002025604248}}, 'h2': {'statistical': {'mse': 6.16234016418457, 'rmse': 2.4824061393737793, 'mae': 1.599537968635559, 'mape': 99.70333576202393, 'r2': 0.00020968914031982422, 'mean_error': 0.05029585212469101, 'std_error': 2.4818966388702393}, 'financial': {'directional_accuracy': 0.6098901098901099, 'sharpe_ratio': 3.036346116374818, 'max_drawdown': -0.07124442607164383, 'total_return': 0.5572534799575806, 'hit_rate': 0.38461538461538464, 'num_trades': 106, 'precision': 0.660377358490566, 'recall': 0.6666666666666666, 'f1_score': 0.6635071090047393, 'confusion_matrix': [[41, 36], [35, 70]], 'auc_roc': 0.5767470624613482, 'alpha': 0.5093371868133545}}, 'h3': {'statistical': {'mse': 6.160712718963623, 'rmse': 2.4820783138275146, 'mae': 1.5966711044311523, 'mape': 98.94687533378601, 'r2': 0.00026786327362060547, 'mean_error': 0.03724101185798645, 'std_error': 2.4817988872528076}, 'financial': {'directional_accuracy': 0.5769230769230769, 'sharpe_ratio': 0.35630410908480986, 'max_drawdown': -0.33924955129623413, 'total_return': 0.045798420906066895, 'hit_rate': 0.5769230769230769, 'num_trades': 182, 'precision': 0.5769230769230769, 'recall': 1.0, 'f1_score': 0.7317073170731707, 'confusion_matrix': [[0, 77], [0, 105]], 'auc_roc': 0.5788497217068647, 'alpha': 0.0}}, 'h4': {'statistical': {'mse': 6.148400783538818, 'rmse': 2.4795968532562256, 'mae': 1.5884379148483276, 'mape': 99.29637908935547, 'r2': 0.00047975778579711914, 'mean_error': 0.0172384362667799, 'std_error': 2.479537010192871}, 'financial': {'directional_accuracy': 0.5769230769230769, 'sharpe_ratio': 0.3160581441404709, 'max_drawdown': -0.33924952149391174, 'total_return': 0.033913373947143555, 'hit_rate': 0.5769230769230769, 'num_trades': 182, 'precision': 0.5769230769230769, 'recall': 1.0, 'f1_score': 0.7317073170731707, 'confusion_matrix': [[0, 77], [0, 105]], 'auc_roc': 0.5856524427952999, 'alpha': 0.0}}, 'h5': {'statistical': {'mse': 6.16108512878418, 'rmse': 2.4821534156799316, 'mae': 1.591074824333191, 'mape': 100.60505867004395, 'r2': 0.0005919933319091797, 'mean_error': -0.013329909183084965, 'std_error': 2.4821174144744873}, 'financial': {'directional_accuracy': 0.5714285714285714, 'sharpe_ratio': 0.2108882371423741, 'max_drawdown': -0.3392496407032013, 'total_return': 0.00340425968170166, 'hit_rate': 0.5714285714285714, 'num_trades': 182, 'precision': 0.5714285714285714, 'recall': 1.0, 'f1_score': 0.7272727272727273, 'confusion_matrix': [[0, 78], [0, 104]], 'auc_roc': 0.5967702169625246, 'alpha': 0.0}}, 'h6': {'statistical': {'mse': 6.1617889404296875, 'rmse': 2.482295036315918, 'mae': 1.5899587869644165, 'mape': 102.20030546188354, 'r2': 0.000496208667755127, 'mean_error': -0.03088494762778282, 'std_error': 2.482102870941162}, 'financial': {'directional_accuracy': 0.5659340659340659, 'sharpe_ratio': 0.18857471113872806, 'max_drawdown': -0.3392495810985565, 'total_return': -0.002946794033050537, 'hit_rate': 0.5659340659340659, 'num_trades': 182, 'precision': 0.5659340659340659, 'recall': 1.0, 'f1_score': 0.7228070175438597, 'confusion_matrix': [[0, 79], [0, 103]], 'auc_roc': 0.6093154725328745, 'alpha': 0.0}}, 'h7': {'statistical': {'mse': 6.231588840484619, 'rmse': 2.4963150024414062, 'mae': 1.6054189205169678, 'mape': 104.05497550964355, 'r2': 0.00012439489364624023, 'mean_error': -0.06094738095998764, 'std_error': 2.495570659637451}, 'financial': {'directional_accuracy': 0.5659340659340659, 'sharpe_ratio': 0.08313013425462737, 'max_drawdown': -0.33924946188926697, 'total_return': -0.03290778398513794, 'hit_rate': 0.5659340659340659, 'num_trades': 182, 'precision': 0.5659340659340659, 'recall': 1.0, 'f1_score': 0.7228070175438597, 'confusion_matrix': [[0, 79], [0, 103]], 'auc_roc': 0.6088238908688706, 'alpha': 0.0}}, 'h8': {'statistical': {'mse': 6.237753868103027, 'rmse': 2.497549533843994, 'mae': 1.6069633960723877, 'mape': 105.88216781616211, 'r2': -9.131431579589844e-05, 'mean_error': -0.07146396487951279, 'std_error': 2.4965269565582275}, 'financial': {'directional_accuracy': 0.5659340659340659, 'sharpe_ratio': 0.0992364771359153, 'max_drawdown': -0.3392496109008789, 'total_return': -0.028471291065216064, 'hit_rate': 0.5659340659340659, 'num_trades': 182, 'precision': 0.5659340659340659, 'recall': 1.0, 'f1_score': 0.7228070175438597, 'confusion_matrix': [[0, 79], [0, 103]], 'auc_roc': 0.6125107533489001, 'alpha': 0.0}}, 'h9': {'statistical': {'mse': 6.248861789703369, 'rmse': 2.499772310256958, 'mae': 1.612747311592102, 'mape': 107.9230785369873, 'r2': -0.0005717277526855469, 'mean_error': -0.09145303815603256, 'std_error': 2.498098850250244}, 'financial': {'directional_accuracy': 0.5604395604395604, 'sharpe_ratio': 0.0509442191407089, 'max_drawdown': -0.3392496109008789, 'total_return': -0.04187369346618652, 'hit_rate': 0.5604395604395604, 'num_trades': 182, 'precision': 0.5604395604395604, 'recall': 1.0, 'f1_score': 0.7183098591549296, 'confusion_matrix': [[0, 80], [0, 102]], 'auc_roc': 0.6200980392156863, 'alpha': 0.0}}, 'h10': {'statistical': {'mse': 6.256479263305664, 'rmse': 2.501295566558838, 'mae': 1.61517333984375, 'mape': 109.61393117904663, 'r2': -0.0008330345153808594, 'mean_error': -0.09995254129171371, 'std_error': 2.499297618865967}, 'financial': {'directional_accuracy': 0.5604395604395604, 'sharpe_ratio': 0.07134717536203612, 'max_drawdown': -0.3392493724822998, 'total_return': -0.03629845380783081, 'hit_rate': 0.5604395604395604, 'num_trades': 182, 'precision': 0.5604395604395604, 'recall': 1.0, 'f1_score': 0.7183098591549296, 'confusion_matrix': [[0, 80], [0, 102]], 'auc_roc': 0.6215686274509804, 'alpha': 0.0}}, 'h11': {'statistical': {'mse': 6.273520469665527, 'rmse': 2.50469970703125, 'mae': 1.6221017837524414, 'mape': 110.75838804244995, 'r2': -0.0008522272109985352, 'mean_error': -0.1003873348236084, 'std_error': 2.502687454223633}, 'financial': {'directional_accuracy': 0.5659340659340659, 'sharpe_ratio': 0.13894103407851002, 'max_drawdown': -0.33924949169158936, 'total_return': -0.017543435096740723, 'hit_rate': 0.5659340659340659, 'num_trades': 182, 'precision': 0.5659340659340659, 'recall': 1.0, 'f1_score': 0.7228070175438597, 'confusion_matrix': [[0, 79], [0, 103]], 'auc_roc': 0.6123878579328992, 'alpha': 0.0}}, 'h12': {'statistical': {'mse': 6.299411773681641, 'rmse': 2.5098628997802734, 'mae': 1.6323577165603638, 'mape': 112.55204677581787, 'r2': -0.0008454322814941406, 'mean_error': -0.0998212993144989, 'std_error': 2.5078771114349365}, 'financial': {'directional_accuracy': 0.5659340659340659, 'sharpe_ratio': 0.2088954038881282, 'max_drawdown': -0.33924955129623413, 'total_return': 0.0022684335708618164, 'hit_rate': 0.5659340659340659, 'num_trades': 182, 'precision': 0.5659340659340659, 'recall': 1.0, 'f1_score': 0.7228070175438597, 'confusion_matrix': [[0, 79], [0, 103]], 'auc_roc': 0.6134939166769079, 'alpha': 0.0}}, 'h13': {'statistical': {'mse': 6.318381309509277, 'rmse': 2.513638973236084, 'mae': 1.6392178535461426, 'mape': 113.67424726486206, 'r2': -0.0007785558700561523, 'mean_error': -0.09743231534957886, 'std_error': 2.5117502212524414}, 'financial': {'directional_accuracy': 0.5714285714285714, 'sharpe_ratio': 0.2862633990359763, 'max_drawdown': -0.3392496109008789, 'total_return': 0.024765491485595703, 'hit_rate': 0.5714285714285714, 'num_trades': 182, 'precision': 0.5714285714285714, 'recall': 1.0, 'f1_score': 0.7272727272727273, 'confusion_matrix': [[0, 78], [0, 104]], 'auc_roc': 0.6053994082840237, 'alpha': 0.0}}, 'h14': {'statistical': {'mse': 6.319655418395996, 'rmse': 2.513892412185669, 'mae': 1.6375032663345337, 'mape': 117.87347793579102, 'r2': -0.0011343955993652344, 'mean_error': -0.10940992832183838, 'std_error': 2.5115103721618652}, 'financial': {'directional_accuracy': 0.5659340659340659, 'sharpe_ratio': 0.2689499634301649, 'max_drawdown': -0.336718887090683, 'total_return': 0.01967167854309082, 'hit_rate': 0.5659340659340659, 'num_trades': 182, 'precision': 0.5659340659340659, 'recall': 1.0, 'f1_score': 0.7228070175438597, 'confusion_matrix': [[0, 79], [0, 103]], 'auc_roc': 0.6168120929089345, 'alpha': 0.0}}, 'h15': {'statistical': {'mse': 6.325719833374023, 'rmse': 2.5150983333587646, 'mae': 1.6396182775497437, 'mape': 119.02215480804443, 'r2': -0.0011557340621948242, 'mean_error': -0.10948117077350616, 'std_error': 2.512714385986328}, 'financial': {'directional_accuracy': 0.5714285714285714, 'sharpe_ratio': 0.3226617235802678, 'max_drawdown': -0.329668253660202, 'total_return': 0.035553574562072754, 'hit_rate': 0.5714285714285714, 'num_trades': 182, 'precision': 0.5714285714285714, 'recall': 1.0, 'f1_score': 0.7272727272727273, 'confusion_matrix': [[0, 78], [0, 104]], 'auc_roc': 0.6107001972386588, 'alpha': 0.0}}, 'h16': {'statistical': {'mse': 6.3199334144592285, 'rmse': 2.5139477252960205, 'mae': 1.6340097188949585, 'mape': 120.86480855941772, 'r2': -0.0012712478637695312, 'mean_error': -0.11246425658464432, 'std_error': 2.5114309787750244}, 'financial': {'directional_accuracy': 0.5714285714285714, 'sharpe_ratio': 0.35448457724907123, 'max_drawdown': -0.3064238727092743, 'total_return': 0.045096397399902344, 'hit_rate': 0.5714285714285714, 'num_trades': 182, 'precision': 0.5714285714285714, 'recall': 1.0, 'f1_score': 0.7272727272727273, 'confusion_matrix': [[0, 78], [0, 104]], 'auc_roc': 0.6118096646942801, 'alpha': 0.0}}, 'h17': {'statistical': {'mse': 6.261270046234131, 'rmse': 2.5022530555725098, 'mae': 1.620590329170227, 'mape': 122.19686508178711, 'r2': -0.0011544227600097656, 'mean_error': -0.10696709901094437, 'std_error': 2.4999656677246094}, 'financial': {'directional_accuracy': 0.5714285714285714, 'sharpe_ratio': 0.43820563208440383, 'max_drawdown': -0.2852032780647278, 'total_return': 0.07054531574249268, 'hit_rate': 0.5714285714285714, 'num_trades': 182, 'precision': 0.5714285714285714, 'recall': 1.0, 'f1_score': 0.7272727272727273, 'confusion_matrix': [[0, 78], [0, 104]], 'auc_roc': 0.6124260355029585, 'alpha': 0.0}}, 'h18': {'statistical': {'mse': 6.214335918426514, 'rmse': 2.492856979370117, 'mae': 1.6090689897537231, 'mape': 123.2715368270874, 'r2': -0.0007081031799316406, 'mean_error': -0.08977283537387848, 'std_error': 2.4912400245666504}, 'financial': {'directional_accuracy': 0.5769230769230769, 'sharpe_ratio': 0.5933815140714723, 'max_drawdown': -0.2852032780647278, 'total_return': 0.11899900436401367, 'hit_rate': 0.5769230769230769, 'num_trades': 182, 'precision': 0.5769230769230769, 'recall': 1.0, 'f1_score': 0.7317073170731707, 'confusion_matrix': [[0, 77], [0, 105]], 'auc_roc': 0.6076685219542364, 'alpha': 0.0}}, 'h19': {'statistical': {'mse': 6.219078063964844, 'rmse': 2.4938080310821533, 'mae': 1.6108962297439575, 'mape': 124.02814626693726, 'r2': -0.000662684440612793, 'mean_error': -0.08774787187576294, 'std_error': 2.4922637939453125}, 'financial': {'directional_accuracy': 0.5824175824175825, 'sharpe_ratio': 0.647115243672855, 'max_drawdown': -0.28520330786705017, 'total_return': 0.13632678985595703, 'hit_rate': 0.5824175824175825, 'num_trades': 182, 'precision': 0.5824175824175825, 'recall': 1.0, 'f1_score': 0.736111111111111, 'confusion_matrix': [[0, 76], [0, 106]], 'auc_roc': 0.6026564051638529, 'alpha': 0.0}}, 'h20': {'statistical': {'mse': 6.106489658355713, 'rmse': 2.4711313247680664, 'mae': 1.588762879371643, 'mape': 125.23237466812134, 'r2': -0.0003764629364013672, 'mean_error': -0.07213563472032547, 'std_error': 2.470078229904175}, 'financial': {'directional_accuracy': 0.5824175824175825, 'sharpe_ratio': 0.7919538335398383, 'max_drawdown': -0.28520315885543823, 'total_return': 0.18313276767730713, 'hit_rate': 0.5824175824175825, 'num_trades': 182, 'precision': 0.5824175824175825, 'recall': 1.0, 'f1_score': 0.736111111111111, 'confusion_matrix': [[0, 76], [0, 106]], 'auc_roc': 0.6037735849056604, 'alpha': 0.0}}}, 'aggregate': {'statistical': {'mse': 6.2303372621536255, 'rmse': 2.4960299849510195, 'mae': 1.6124661922454835, 'mape': 110.91196924448013, 'r2': -0.00040072202682495117, 'mean_error': -0.06000140807591379, 'std_error': 2.494696652889252}}}",experiments/12c_multi_horizon/macro_heavy_daily_3q_h20_d025/fold_2020/checkpoints/tft-epoch=epoch=05-valloss=val_loss=0.3889.ckpt,daily,20,fold_2020,2020,2020-01-01,2020-12-31,10,-0.019549578428268433,0.023159971460700035,-0.0005337799084372818,0.01315052155405283,0.04270955175161362,182,43.956043956043956,56.043956043956044,182,6.179937839508057,2.485948085784912,1.6092132329940796,100.539231300354,0.0002509951591491699,0.04884806647896767,2.4854679107666016,0.5439560439560439,1.748674648626269,-0.07124444097280502,0.2058868408203125,0.2802197802197802,80,0.6375,0.4857142857142857,0.5513513513513513,"[[48, 29], [54, 51]]",0.5760049474335189,0.17426002025604248,45,110,4,6,17,182,24.725274725274726,60.43956043956044,2.197802197802198,3.296703296703297,9.340659340659341,macro_heavy_daily_3q_h20_d025
2025-12-14T18:54:58.575863,True,True,"{'n_horizons': 20, 'metrics_by_horizon': {'h1': {'statistical': {'mse': 0.5951409339904785, 'rmse': 0.7714537978172302, 'mae': 0.5798335671424866, 'mape': 108.27549695968628, 'r2': -0.0036808252334594727, 'mean_error': 0.039038874208927155, 'std_error': 0.7704653739929199}, 'financial': {'directional_accuracy': 0.56353591160221, 'sharpe_ratio': 2.2363259755548595, 'max_drawdown': -0.05212545022368431, 'total_return': 0.2103128433227539, 'hit_rate': 0.56353591160221, 'num_trades': 181, 'precision': 0.56353591160221, 'recall': 1.0, 'f1_score': 0.7208480565371024, 'confusion_matrix': [[0, 79], [0, 102]], 'auc_roc': 0.5552246214941673, 'alpha': 0.0}}, 'h2': {'statistical': {'mse': 0.5846608281135559, 'rmse': 0.7646311521530151, 'mae': 0.5733411908149719, 'mape': 107.85950422286987, 'r2': -0.001040816307067871, 'mean_error': 0.031282614916563034, 'std_error': 0.7639910578727722}, 'financial': {'directional_accuracy': 0.56353591160221, 'sharpe_ratio': 2.128193696510136, 'max_drawdown': -0.052125316113233566, 'total_return': 0.19729912281036377, 'hit_rate': 0.56353591160221, 'num_trades': 181, 'precision': 0.56353591160221, 'recall': 1.0, 'f1_score': 0.7208480565371024, 'confusion_matrix': [[0, 79], [0, 102]], 'auc_roc': 0.5637875403325887, 'alpha': 0.0}}, 'h3': {'statistical': {'mse': 0.5847066044807434, 'rmse': 0.7646611332893372, 'mae': 0.5743847489356995, 'mape': 109.47359800338745, 'r2': -0.0007051229476928711, 'mean_error': 0.02798505686223507, 'std_error': 0.7641487717628479}, 'financial': {'directional_accuracy': 0.5580110497237569, 'sharpe_ratio': 2.1038729521404704, 'max_drawdown': -0.05212530866265297, 'total_return': 0.19480884075164795, 'hit_rate': 0.5580110497237569, 'num_trades': 181, 'precision': 0.5580110497237569, 'recall': 1.0, 'f1_score': 0.7163120567375887, 'confusion_matrix': [[0, 80], [0, 101]], 'auc_roc': 0.5514851485148514, 'alpha': 0.0}}, 'h4': {'statistical': {'mse': 0.5809606313705444, 'rmse': 0.7622077465057373, 'mae': 0.5713742971420288, 'mape': 109.96031761169434, 'r2': -0.002167344093322754, 'mean_error': 0.023069104179739952, 'std_error': 0.7618585824966431}, 'financial': {'directional_accuracy': 0.5580110497237569, 'sharpe_ratio': 2.0418605537527874, 'max_drawdown': -0.05212528631091118, 'total_return': 0.1875932216644287, 'hit_rate': 0.5580110497237569, 'num_trades': 181, 'precision': 0.5580110497237569, 'recall': 1.0, 'f1_score': 0.7163120567375887, 'confusion_matrix': [[0, 80], [0, 101]], 'auc_roc': 0.5323019801980198, 'alpha': 0.0}}, 'h5': {'statistical': {'mse': 0.5805733799934387, 'rmse': 0.7619536519050598, 'mae': 0.5703752636909485, 'mape': 110.48909425735474, 'r2': -0.0022475719451904297, 'mean_error': 0.020998511463403702, 'std_error': 0.7616642713546753}, 'financial': {'directional_accuracy': 0.5580110497237569, 'sharpe_ratio': 2.0186811563809695, 'max_drawdown': -0.05212530866265297, 'total_return': 0.18513572216033936, 'hit_rate': 0.5580110497237569, 'num_trades': 181, 'precision': 0.5580110497237569, 'recall': 1.0, 'f1_score': 0.7163120567375887, 'confusion_matrix': [[0, 80], [0, 101]], 'auc_roc': 0.5146039603960396, 'alpha': 0.0}}, 'h6': {'statistical': {'mse': 0.579616904258728, 'rmse': 0.7613257765769958, 'mae': 0.5701395273208618, 'mape': 111.43478155136108, 'r2': -0.0011680126190185547, 'mean_error': 0.013689741492271423, 'std_error': 0.7612026929855347}, 'financial': {'directional_accuracy': 0.5524861878453039, 'sharpe_ratio': 1.875739686290718, 'max_drawdown': -0.05212520435452461, 'total_return': 0.17048776149749756, 'hit_rate': 0.5524861878453039, 'num_trades': 181, 'precision': 0.5524861878453039, 'recall': 1.0, 'f1_score': 0.7117437722419929, 'confusion_matrix': [[0, 81], [0, 100]], 'auc_roc': 0.5191358024691358, 'alpha': 0.0}}, 'h7': {'statistical': {'mse': 0.5828062295913696, 'rmse': 0.7634174823760986, 'mae': 0.5738013386726379, 'mape': 111.87885999679565, 'r2': 0.0004805326461791992, 'mean_error': 0.01965436153113842, 'std_error': 0.7631644010543823}, 'financial': {'directional_accuracy': 0.5580110497237569, 'sharpe_ratio': 1.9947450400358633, 'max_drawdown': -0.052125293761491776, 'total_return': 0.1833113431930542, 'hit_rate': 0.5580110497237569, 'num_trades': 181, 'precision': 0.5580110497237569, 'recall': 1.0, 'f1_score': 0.7163120567375887, 'confusion_matrix': [[0, 80], [0, 101]], 'auc_roc': 0.5423267326732673, 'alpha': 0.0}}, 'h8': {'statistical': {'mse': 0.5823809504508972, 'rmse': 0.7631388902664185, 'mae': 0.5739138722419739, 'mape': 110.47013998031616, 'r2': 0.0011386275291442871, 'mean_error': 0.021059473976492882, 'std_error': 0.7628482580184937}, 'financial': {'directional_accuracy': 0.56353591160221, 'sharpe_ratio': 2.0211713034993806, 'max_drawdown': -0.05212532356381416, 'total_return': 0.1860259771347046, 'hit_rate': 0.56353591160221, 'num_trades': 181, 'precision': 0.56353591160221, 'recall': 1.0, 'f1_score': 0.7208480565371024, 'confusion_matrix': [[0, 79], [0, 102]], 'auc_roc': 0.5382228840903449, 'alpha': 0.0}}, 'h9': {'statistical': {'mse': 0.5823917984962463, 'rmse': 0.7631459832191467, 'mae': 0.574169933795929, 'mape': 110.71778535842896, 'r2': 0.0011397600173950195, 'mean_error': 0.021382877603173256, 'std_error': 0.7628463506698608}, 'financial': {'directional_accuracy': 0.56353591160221, 'sharpe_ratio': 2.0227318146174733, 'max_drawdown': -0.05212532728910446, 'total_return': 0.1861894130706787, 'hit_rate': 0.56353591160221, 'num_trades': 181, 'precision': 0.56353591160221, 'recall': 1.0, 'f1_score': 0.7208480565371024, 'confusion_matrix': [[0, 79], [0, 102]], 'auc_roc': 0.5374782824522214, 'alpha': 0.0}}, 'h10': {'statistical': {'mse': 0.5822200775146484, 'rmse': 0.7630334496498108, 'mae': 0.5737241506576538, 'mape': 110.20132303237915, 'r2': 0.0008047819137573242, 'mean_error': 0.02108127251267433, 'std_error': 0.7627422213554382}, 'financial': {'directional_accuracy': 0.56353591160221, 'sharpe_ratio': 2.011527453601925, 'max_drawdown': -0.05212549492716789, 'total_return': 0.18497371673583984, 'hit_rate': 0.56353591160221, 'num_trades': 181, 'precision': 0.56353591160221, 'recall': 1.0, 'f1_score': 0.7208480565371024, 'confusion_matrix': [[0, 79], [0, 102]], 'auc_roc': 0.5067014147431124, 'alpha': 0.0}}, 'h11': {'statistical': {'mse': 0.5842000246047974, 'rmse': 0.7643297910690308, 'mae': 0.576404869556427, 'mape': 109.49758291244507, 'r2': 1.9073486328125e-05, 'mean_error': 0.025185242295265198, 'std_error': 0.7639147043228149}, 'financial': {'directional_accuracy': 0.569060773480663, 'sharpe_ratio': 2.089577847109613, 'max_drawdown': -0.05212543159723282, 'total_return': 0.19330787658691406, 'hit_rate': 0.569060773480663, 'num_trades': 181, 'precision': 0.569060773480663, 'recall': 1.0, 'f1_score': 0.7253521126760564, 'confusion_matrix': [[0, 78], [0, 103]], 'auc_roc': 0.4910380881254668, 'alpha': 0.0}}, 'h12': {'statistical': {'mse': 0.5855604410171509, 'rmse': 0.7652192115783691, 'mae': 0.5779227614402771, 'mape': 107.63108730316162, 'r2': -0.0015316009521484375, 'mean_error': 0.027800701558589935, 'std_error': 0.7647140622138977}, 'financial': {'directional_accuracy': 0.574585635359116, 'sharpe_ratio': 2.1404095393418068, 'max_drawdown': -0.052125267684459686, 'total_return': 0.19868266582489014, 'hit_rate': 0.574585635359116, 'num_trades': 181, 'precision': 0.574585635359116, 'recall': 1.0, 'f1_score': 0.7298245614035088, 'confusion_matrix': [[0, 77], [0, 104]], 'auc_roc': 0.4861388611388611, 'alpha': 0.0}}, 'h13': {'statistical': {'mse': 0.585222601890564, 'rmse': 0.7649984359741211, 'mae': 0.5773696303367615, 'mape': 107.31806755065918, 'r2': -0.0031087398529052734, 'mean_error': 0.032313305884599686, 'std_error': 0.7643157243728638}, 'financial': {'directional_accuracy': 0.580110497237569, 'sharpe_ratio': 2.236278429286141, 'max_drawdown': -0.05212533473968506, 'total_return': 0.20849406719207764, 'hit_rate': 0.580110497237569, 'num_trades': 181, 'precision': 0.580110497237569, 'recall': 1.0, 'f1_score': 0.7342657342657343, 'confusion_matrix': [[0, 76], [0, 105]], 'auc_roc': 0.4790726817042607, 'alpha': 0.0}}, 'h14': {'statistical': {'mse': 0.5853263139724731, 'rmse': 0.7650662064552307, 'mae': 0.5765816569328308, 'mape': 107.18220472335815, 'r2': -0.004104018211364746, 'mean_error': 0.03371145948767662, 'std_error': 0.7643231749534607}, 'financial': {'directional_accuracy': 0.585635359116022, 'sharpe_ratio': 2.2686950495110003, 'max_drawdown': -0.0521252416074276, 'total_return': 0.2118145227432251, 'hit_rate': 0.585635359116022, 'num_trades': 181, 'precision': 0.585635359116022, 'recall': 1.0, 'f1_score': 0.7386759581881532, 'confusion_matrix': [[0, 75], [0, 106]], 'auc_roc': 0.4607547169811321, 'alpha': 0.0}}, 'h15': {'statistical': {'mse': 0.5817238688468933, 'rmse': 0.7627082467079163, 'mae': 0.5735674500465393, 'mape': 106.94324970245361, 'r2': -0.0033344030380249023, 'mean_error': 0.03581323102116585, 'std_error': 0.7618669271469116}, 'financial': {'directional_accuracy': 0.585635359116022, 'sharpe_ratio': 2.323605076165967, 'max_drawdown': -0.05212540552020073, 'total_return': 0.21698534488677979, 'hit_rate': 0.585635359116022, 'num_trades': 181, 'precision': 0.585635359116022, 'recall': 1.0, 'f1_score': 0.7386759581881532, 'confusion_matrix': [[0, 75], [0, 106]], 'auc_roc': 0.4831446540880503, 'alpha': 0.0}}, 'h16': {'statistical': {'mse': 0.5852349400520325, 'rmse': 0.7650064826011658, 'mae': 0.5776045918464661, 'mape': 107.14242458343506, 'r2': -0.001116633415222168, 'mean_error': 0.030234243720769882, 'std_error': 0.7644088268280029}, 'financial': {'directional_accuracy': 0.580110497237569, 'sharpe_ratio': 2.205294110837854, 'max_drawdown': -0.052125442773103714, 'total_return': 0.2054595947265625, 'hit_rate': 0.580110497237569, 'num_trades': 181, 'precision': 0.580110497237569, 'recall': 1.0, 'f1_score': 0.7342657342657343, 'confusion_matrix': [[0, 76], [0, 105]], 'auc_roc': 0.5121553884711779, 'alpha': 0.0}}, 'h17': {'statistical': {'mse': 0.5807182192802429, 'rmse': 0.7620487213134766, 'mae': 0.5752893090248108, 'mape': 107.41192102432251, 'r2': 0.00018274784088134766, 'mean_error': 0.02753140963613987, 'std_error': 0.7615511417388916}, 'financial': {'directional_accuracy': 0.580110497237569, 'sharpe_ratio': 2.164900598703897, 'max_drawdown': -0.052125316113233566, 'total_return': 0.20053839683532715, 'hit_rate': 0.580110497237569, 'num_trades': 181, 'precision': 0.580110497237569, 'recall': 1.0, 'f1_score': 0.7342657342657343, 'confusion_matrix': [[0, 76], [0, 105]], 'auc_roc': 0.5177944862155389, 'alpha': 0.0}}, 'h18': {'statistical': {'mse': 0.5448082089424133, 'rmse': 0.7381112575531006, 'mae': 0.5618282556533813, 'mape': 138.48247528076172, 'r2': -0.00015091896057128906, 'mean_error': 0.04057091847062111, 'std_error': 0.7369953393936157}, 'financial': {'directional_accuracy': 0.580110497237569, 'sharpe_ratio': 2.52624135972962, 'max_drawdown': -0.05212540924549103, 'total_return': 0.23064959049224854, 'hit_rate': 0.580110497237569, 'num_trades': 181, 'precision': 0.580110497237569, 'recall': 1.0, 'f1_score': 0.7342657342657343, 'confusion_matrix': [[0, 76], [0, 105]], 'auc_roc': 0.5196741854636592, 'alpha': 0.0}}, 'h19': {'statistical': {'mse': 0.5445088148117065, 'rmse': 0.7379084229469299, 'mae': 0.5608659386634827, 'mape': 139.87385034561157, 'r2': -0.0024760961532592773, 'mean_error': 0.04481961205601692, 'std_error': 0.736545979976654}, 'financial': {'directional_accuracy': 0.585635359116022, 'sharpe_ratio': 2.6323970386678135, 'max_drawdown': -0.05212540924549103, 'total_return': 0.24130332469940186, 'hit_rate': 0.585635359116022, 'num_trades': 181, 'precision': 0.585635359116022, 'recall': 1.0, 'f1_score': 0.7386759581881532, 'confusion_matrix': [[0, 75], [0, 106]], 'auc_roc': 0.500377358490566, 'alpha': 0.0}}, 'h20': {'statistical': {'mse': 0.5166248679161072, 'rmse': 0.7187662124633789, 'mae': 0.550047755241394, 'mape': 140.8086061477661, 'r2': -0.0019515752792358398, 'mean_error': 0.02971782721579075, 'std_error': 0.7181515693664551}, 'financial': {'directional_accuracy': 0.580110497237569, 'sharpe_ratio': 2.3794397713006403, 'max_drawdown': -0.05212544649839401, 'total_return': 0.2093031406402588, 'hit_rate': 0.580110497237569, 'num_trades': 181, 'precision': 0.580110497237569, 'recall': 1.0, 'f1_score': 0.7342657342657343, 'confusion_matrix': [[0, 76], [0, 105]], 'auc_roc': 0.49097744360902257, 'alpha': 0.0}}}, 'aggregate': {'statistical': {'mse': 0.5764693319797516, 'rmse': 0.7591566026210785, 'mae': 0.5721270054578781, 'mape': 113.65261852741241, 'r2': -0.0012509077787399292, 'mean_error': 0.02834699200466275, 'std_error': 0.7585859715938568}}}",experiments/12c_multi_horizon/macro_heavy_daily_3q_h20_d025/fold_2021/checkpoints/tft-epoch=epoch=50-valloss=val_loss=1.1701.ckpt,daily,20,fold_2021,2021,2021-01-01,2021-12-31,10,0.015303846448659897,0.09657355397939682,0.06944044679403305,0.01883426122367382,0.08126971125602722,180,100.0,0.0,181,0.5951409339904785,0.7714537978172302,0.5798335671424866,108.27549695968628,-0.0036808252334594727,0.039038874208927155,0.7704653739929199,0.56353591160221,2.2363259755548595,-0.05212545022368431,0.2103128433227539,0.56353591160221,181,0.56353591160221,1.0,0.7208480565371024,"[[0, 79], [0, 102]]",0.5552246214941673,0.0,29,1,123,28,0,181,16.022099447513813,0.5524861878453038,67.95580110497238,15.469613259668508,0.0,macro_heavy_daily_3q_h20_d025
2025-12-14T19:07:53.394204,True,True,"{'n_horizons': 20, 'metrics_by_horizon': {'h1': {'statistical': {'mse': 2.4658100605010986, 'rmse': 1.5702898502349854, 'mae': 1.2455240488052368, 'mape': 98.19179773330688, 'r2': -0.0022706985473632812, 'mean_error': -0.06680893152952194, 'std_error': 1.5688680410385132}, 'financial': {'directional_accuracy': 0.5555555555555556, 'sharpe_ratio': 0.0, 'max_drawdown': 0.0, 'total_return': 0.0, 'hit_rate': 0.0, 'num_trades': 0, 'precision': 0.0, 'recall': 0.0, 'f1_score': 0.0, 'confusion_matrix': [[100, 0], [80, 0]], 'auc_roc': 0.51325, 'alpha': 0.1755034327507019}}, 'h2': {'statistical': {'mse': 2.4683523178100586, 'rmse': 1.571099042892456, 'mae': 1.247685432434082, 'mape': 99.0558385848999, 'r2': -0.0036029815673828125, 'mean_error': -0.08851829916238785, 'std_error': 1.5686033964157104}, 'financial': {'directional_accuracy': 0.5611111111111111, 'sharpe_ratio': 0.0, 'max_drawdown': 0.0, 'total_return': 0.0, 'hit_rate': 0.0, 'num_trades': 0, 'precision': 0.0, 'recall': 0.0, 'f1_score': 0.0, 'confusion_matrix': [[101, 0], [79, 0]], 'auc_roc': 0.501065296403058, 'alpha': 0.18763446807861328}}, 'h3': {'statistical': {'mse': 2.4977145195007324, 'rmse': 1.580415964126587, 'mae': 1.2576342821121216, 'mape': 99.97302293777466, 'r2': -0.004145383834838867, 'mean_error': -0.09598947316408157, 'std_error': 1.5774980783462524}, 'financial': {'directional_accuracy': 0.5111111111111111, 'sharpe_ratio': -1.342731821039191, 'max_drawdown': -0.2083144336938858, 'total_return': -0.17967349290847778, 'hit_rate': 0.2388888888888889, 'num_trades': 95, 'precision': 0.45263157894736844, 'recall': 0.5443037974683544, 'f1_score': 0.4942528735632184, 'confusion_matrix': [[49, 52], [36, 43]], 'auc_roc': 0.4897856874295024, 'alpha': -0.0035495758056640625}}, 'h4': {'statistical': {'mse': 2.474838972091675, 'rmse': 1.5731620788574219, 'mae': 1.2524638175964355, 'mape': 101.19091272354126, 'r2': -0.0037382841110229492, 'mean_error': -0.09161828458309174, 'std_error': 1.5704920291900635}, 'financial': {'directional_accuracy': 0.4444444444444444, 'sharpe_ratio': -0.7576552326486843, 'max_drawdown': -0.2258354127407074, 'total_return': -0.14549267292022705, 'hit_rate': 0.4444444444444444, 'num_trades': 180, 'precision': 0.4444444444444444, 'recall': 1.0, 'f1_score': 0.6153846153846153, 'confusion_matrix': [[0, 100], [0, 80]], 'auc_roc': 0.48787499999999995, 'alpha': 0.0}}, 'h5': {'statistical': {'mse': 2.4907870292663574, 'rmse': 1.5782227516174316, 'mae': 1.2606000900268555, 'mape': 103.28044891357422, 'r2': -0.004458308219909668, 'mean_error': -0.10111048072576523, 'std_error': 1.5749804973602295}, 'financial': {'directional_accuracy': 0.4444444444444444, 'sharpe_ratio': -0.6932766386092993, 'max_drawdown': -0.2258353978395462, 'total_return': -0.1360478401184082, 'hit_rate': 0.4444444444444444, 'num_trades': 180, 'precision': 0.4444444444444444, 'recall': 1.0, 'f1_score': 0.6153846153846153, 'confusion_matrix': [[0, 100], [0, 80]], 'auc_roc': 0.48300000000000004, 'alpha': 0.0}}, 'h6': {'statistical': {'mse': 2.496417284011841, 'rmse': 1.5800055265426636, 'mae': 1.2644461393356323, 'mape': 105.2453875541687, 'r2': -0.005923628807067871, 'mean_error': -0.1183350682258606, 'std_error': 1.5755678415298462}, 'financial': {'directional_accuracy': 0.4444444444444444, 'sharpe_ratio': -0.7136346025475799, 'max_drawdown': -0.22583530843257904, 'total_return': -0.13924384117126465, 'hit_rate': 0.4444444444444444, 'num_trades': 180, 'precision': 0.4444444444444444, 'recall': 1.0, 'f1_score': 0.6153846153846153, 'confusion_matrix': [[0, 100], [0, 80]], 'auc_roc': 0.49274999999999997, 'alpha': 0.0}}, 'h7': {'statistical': {'mse': 2.4991307258605957, 'rmse': 1.5808639526367188, 'mae': 1.2656254768371582, 'mape': 107.26064443588257, 'r2': -0.008264303207397461, 'mean_error': -0.1408623307943344, 'std_error': 1.574575662612915}, 'financial': {'directional_accuracy': 0.4388888888888889, 'sharpe_ratio': -0.7952103389870112, 'max_drawdown': -0.22583533823490143, 'total_return': -0.15160709619522095, 'hit_rate': 0.4388888888888889, 'num_trades': 180, 'precision': 0.4388888888888889, 'recall': 1.0, 'f1_score': 0.61003861003861, 'confusion_matrix': [[0, 101], [0, 79]], 'auc_roc': 0.4922922672014036, 'alpha': 0.0}}, 'h8': {'statistical': {'mse': 2.524390935897827, 'rmse': 1.588833212852478, 'mae': 1.2731046676635742, 'mape': 109.10680294036865, 'r2': -0.009157180786132812, 'mean_error': -0.14892980456352234, 'std_error': 1.581837773323059}, 'financial': {'directional_accuracy': 0.4388888888888889, 'sharpe_ratio': -0.7352025717150287, 'max_drawdown': -0.2258351594209671, 'total_return': -0.14315319061279297, 'hit_rate': 0.4388888888888889, 'num_trades': 180, 'precision': 0.4388888888888889, 'recall': 1.0, 'f1_score': 0.61003861003861, 'confusion_matrix': [[0, 101], [0, 79]], 'auc_roc': 0.48878305552074197, 'alpha': 0.0}}, 'h9': {'statistical': {'mse': 2.511986494064331, 'rmse': 1.5849248170852661, 'mae': 1.2689034938812256, 'mape': 110.92714071273804, 'r2': -0.009976983070373535, 'mean_error': -0.15585406124591827, 'std_error': 1.5772430896759033}, 'financial': {'directional_accuracy': 0.4388888888888889, 'sharpe_ratio': -0.6776956553856343, 'max_drawdown': -0.22583533823490143, 'total_return': -0.1338493824005127, 'hit_rate': 0.4388888888888889, 'num_trades': 180, 'precision': 0.4388888888888889, 'recall': 1.0, 'f1_score': 0.61003861003861, 'confusion_matrix': [[0, 101], [0, 79]], 'auc_roc': 0.5031958892091741, 'alpha': 0.0}}, 'h10': {'statistical': {'mse': 2.4949841499328613, 'rmse': 1.5795519351959229, 'mae': 1.2623345851898193, 'mape': 112.7936601638794, 'r2': -0.010458827018737793, 'mean_error': -0.15961095690727234, 'std_error': 1.5714670419692993}, 'financial': {'directional_accuracy': 0.4388888888888889, 'sharpe_ratio': -0.5967157848710892, 'max_drawdown': -0.22583505511283875, 'total_return': -0.12072217464447021, 'hit_rate': 0.4388888888888889, 'num_trades': 180, 'precision': 0.4388888888888889, 'recall': 1.0, 'f1_score': 0.61003861003861, 'confusion_matrix': [[0, 101], [0, 79]], 'auc_roc': 0.507081087855621, 'alpha': 0.0}}, 'h11': {'statistical': {'mse': 2.5351345539093018, 'rmse': 1.5922105312347412, 'mae': 1.2756853103637695, 'mape': 114.32156562805176, 'r2': -0.01342916488647461, 'mean_error': -0.18267996609210968, 'std_error': 1.5816961526870728}, 'financial': {'directional_accuracy': 0.4388888888888889, 'sharpe_ratio': -0.710837178797002, 'max_drawdown': -0.22583530843257904, 'total_return': -0.13940083980560303, 'hit_rate': 0.4388888888888889, 'num_trades': 180, 'precision': 0.4388888888888889, 'recall': 1.0, 'f1_score': 0.61003861003861, 'confusion_matrix': [[0, 101], [0, 79]], 'auc_roc': 0.5152274721143, 'alpha': 0.0}}, 'h12': {'statistical': {'mse': 2.5351452827453613, 'rmse': 1.5922139883041382, 'mae': 1.2757171392440796, 'mape': 115.9888744354248, 'r2': -0.017449259757995605, 'mean_error': -0.2079659402370453, 'std_error': 1.5785738229751587}, 'financial': {'directional_accuracy': 0.43333333333333335, 'sharpe_ratio': -0.8594783465556204, 'max_drawdown': -0.2258351594209671, 'total_return': -0.16172796487808228, 'hit_rate': 0.43333333333333335, 'num_trades': 180, 'precision': 0.43333333333333335, 'recall': 1.0, 'f1_score': 0.6046511627906976, 'confusion_matrix': [[0, 102], [0, 78]], 'auc_roc': 0.510432378079437, 'alpha': 0.0}}, 'h13': {'statistical': {'mse': 2.5477371215820312, 'rmse': 1.596163272857666, 'mae': 1.2838280200958252, 'mape': 117.6505446434021, 'r2': -0.01783764362335205, 'mean_error': -0.21084174513816833, 'std_error': 1.5821765661239624}, 'financial': {'directional_accuracy': 0.43333333333333335, 'sharpe_ratio': -0.7865125652176156, 'max_drawdown': -0.2258351743221283, 'total_return': -0.15105986595153809, 'hit_rate': 0.43333333333333335, 'num_trades': 180, 'precision': 0.43333333333333335, 'recall': 1.0, 'f1_score': 0.6046511627906976, 'confusion_matrix': [[0, 102], [0, 78]], 'auc_roc': 0.504524886877828, 'alpha': 0.0}}, 'h14': {'statistical': {'mse': 2.5269551277160645, 'rmse': 1.5896399021148682, 'mae': 1.2772291898727417, 'mape': 118.8927173614502, 'r2': -0.016594409942626953, 'mean_error': -0.20295478403568268, 'std_error': 1.576630711555481}, 'financial': {'directional_accuracy': 0.4388888888888889, 'sharpe_ratio': -0.6170424061197917, 'max_drawdown': -0.22583508491516113, 'total_return': -0.12435764074325562, 'hit_rate': 0.4388888888888889, 'num_trades': 180, 'precision': 0.4388888888888889, 'recall': 1.0, 'f1_score': 0.61003861003861, 'confusion_matrix': [[0, 101], [0, 79]], 'auc_roc': 0.5113422734678531, 'alpha': 0.0}}, 'h15': {'statistical': {'mse': 2.527188539505005, 'rmse': 1.5897133350372314, 'mae': 1.275904655456543, 'mape': 119.89357471466064, 'r2': -0.016808271408081055, 'mean_error': -0.2044009268283844, 'std_error': 1.576517939567566}, 'financial': {'directional_accuracy': 0.4444444444444444, 'sharpe_ratio': -0.5456756341846255, 'max_drawdown': -0.22583548724651337, 'total_return': -0.11310100555419922, 'hit_rate': 0.4444444444444444, 'num_trades': 180, 'precision': 0.4444444444444444, 'recall': 1.0, 'f1_score': 0.6153846153846153, 'confusion_matrix': [[0, 100], [0, 80]], 'auc_roc': 0.516375, 'alpha': 0.0}}, 'h16': {'statistical': {'mse': 2.5505318641662598, 'rmse': 1.5970385074615479, 'mae': 1.2828413248062134, 'mape': 121.00933790206909, 'r2': -0.018987298011779785, 'mean_error': -0.21822458505630493, 'std_error': 1.5820587873458862}, 'financial': {'directional_accuracy': 0.4444444444444444, 'sharpe_ratio': -0.6030378419076089, 'max_drawdown': -0.22583536803722382, 'total_return': -0.12262946367263794, 'hit_rate': 0.4444444444444444, 'num_trades': 180, 'precision': 0.4444444444444444, 'recall': 1.0, 'f1_score': 0.6153846153846153, 'confusion_matrix': [[0, 100], [0, 80]], 'auc_roc': 0.523, 'alpha': 0.0}}, 'h17': {'statistical': {'mse': 2.692052125930786, 'rmse': 1.6407474279403687, 'mae': 1.3026200532913208, 'mape': 122.07416296005249, 'r2': -0.012756943702697754, 'mean_error': -0.18456146121025085, 'std_error': 1.6303341388702393}, 'financial': {'directional_accuracy': 0.45, 'sharpe_ratio': -0.18571956952960622, 'max_drawdown': -0.2258349359035492, 'total_return': -0.05662268400192261, 'hit_rate': 0.45, 'num_trades': 180, 'precision': 0.45, 'recall': 1.0, 'f1_score': 0.6206896551724138, 'confusion_matrix': [[0, 99], [0, 81]], 'auc_roc': 0.5276218979922683, 'alpha': 0.0}}, 'h18': {'statistical': {'mse': 2.6912667751312256, 'rmse': 1.6405080556869507, 'mae': 1.3021295070648193, 'mape': 123.30033779144287, 'r2': -0.015776515007019043, 'mean_error': -0.2046964019536972, 'std_error': 1.6276873350143433}, 'financial': {'directional_accuracy': 0.4444444444444444, 'sharpe_ratio': -0.3154765598373452, 'max_drawdown': -0.22583556175231934, 'total_return': -0.0788312554359436, 'hit_rate': 0.4444444444444444, 'num_trades': 180, 'precision': 0.4444444444444444, 'recall': 1.0, 'f1_score': 0.6153846153846153, 'confusion_matrix': [[0, 100], [0, 80]], 'auc_roc': 0.519625, 'alpha': 0.0}}, 'h19': {'statistical': {'mse': 2.6731438636779785, 'rmse': 1.6349751949310303, 'mae': 1.2954936027526855, 'mape': 124.22271966934204, 'r2': -0.01821279525756836, 'mean_error': -0.21868720650672913, 'std_error': 1.6202839612960815}, 'financial': {'directional_accuracy': 0.4444444444444444, 'sharpe_ratio': -0.39127202424133334, 'max_drawdown': -0.2258356362581253, 'total_return': -0.09113872051239014, 'hit_rate': 0.4444444444444444, 'num_trades': 180, 'precision': 0.4444444444444444, 'recall': 1.0, 'f1_score': 0.6153846153846153, 'confusion_matrix': [[0, 100], [0, 80]], 'auc_roc': 0.513125, 'alpha': 0.0}}, 'h20': {'statistical': {'mse': 2.6804068088531494, 'rmse': 1.6371947526931763, 'mae': 1.2995617389678955, 'mape': 124.84098672866821, 'r2': -0.019742608070373535, 'mean_error': -0.22789590060710907, 'std_error': 1.6212557554244995}, 'financial': {'directional_accuracy': 0.4444444444444444, 'sharpe_ratio': -0.4226365354279185, 'max_drawdown': -0.2258356362581253, 'total_return': -0.09643155336380005, 'hit_rate': 0.4444444444444444, 'num_trades': 180, 'precision': 0.4444444444444444, 'recall': 1.0, 'f1_score': 0.6153846153846153, 'confusion_matrix': [[0, 100], [0, 80]], 'auc_roc': 0.519125, 'alpha': 0.0}}}, 'aggregate': {'statistical': {'mse': 2.544198727607727, 'rmse': 1.5948887050151825, 'mae': 1.2734666287899017, 'mape': 112.46102392673492, 'r2': -0.01147957444190979, 'mean_error': -0.1615273304283619, 'std_error': 1.5859174311161042}}}",experiments/12c_multi_horizon/macro_heavy_daily_3q_h20_d025/fold_2022/checkpoints/tft-epoch=epoch=05-valloss=val_loss=0.3741.ckpt,daily,20,fold_2022,2022,2022-01-01,2022-12-31,10,-0.044890906661748886,-0.010491639375686646,-0.02800213173031807,0.011851143091917038,0.03439926728606224,179,0.0,100.0,180,2.4658100605010986,1.5702898502349854,1.2455240488052368,98.19179773330688,-0.0022706985473632812,-0.06680893152952194,1.5688680410385132,0.5555555555555556,0.0,0.0,0.0,0.0,0,0.0,0.0,0.0,"[[100, 0], [80, 0]]",0.51325,0.1755034327507019,29,0,37,28,86,180,16.11111111111111,0.0,20.555555555555554,15.555555555555555,47.77777777777778,macro_heavy_daily_3q_h20_d025
2025-12-14T19:21:05.503301,True,True,"{'n_horizons': 20, 'metrics_by_horizon': {'h1': {'statistical': {'mse': 0.6613309979438782, 'rmse': 0.8132225871086121, 'mae': 0.6439415812492371, 'mape': 131.46592378616333, 'r2': -0.0007109642028808594, 'mean_error': -0.016803307458758354, 'std_error': 0.8130489587783813}, 'financial': {'directional_accuracy': 0.5111111111111111, 'sharpe_ratio': 0.5195396749911823, 'max_drawdown': -0.07834208756685257, 'total_return': 0.04282951354980469, 'hit_rate': 0.5111111111111111, 'num_trades': 180, 'precision': 0.5111111111111111, 'recall': 1.0, 'f1_score': 0.676470588235294, 'confusion_matrix': [[0, 88], [0, 92]], 'auc_roc': 0.49135375494071143, 'alpha': 0.0}}, 'h2': {'statistical': {'mse': 0.6650805473327637, 'rmse': 0.815524697303772, 'mae': 0.6455775499343872, 'mape': 135.2014660835266, 'r2': -0.0014640092849731445, 'mean_error': -0.03363547846674919, 'std_error': 0.8148307800292969}, 'financial': {'directional_accuracy': 0.5055555555555555, 'sharpe_ratio': 0.26895487181362715, 'max_drawdown': -0.08526112884283066, 'total_return': 0.019054293632507324, 'hit_rate': 0.5055555555555555, 'num_trades': 180, 'precision': 0.5055555555555555, 'recall': 1.0, 'f1_score': 0.6715867158671587, 'confusion_matrix': [[0, 89], [0, 91]], 'auc_roc': 0.49611063094209157, 'alpha': 0.0}}, 'h3': {'statistical': {'mse': 0.6541163921356201, 'rmse': 0.8087746500968933, 'mae': 0.6389749050140381, 'mape': 138.00702095031738, 'r2': -0.002583622932434082, 'mean_error': -0.04565418139100075, 'std_error': 0.807485044002533}, 'financial': {'directional_accuracy': 0.5, 'sharpe_ratio': 0.09245311336752622, 'max_drawdown': -0.0868028774857521, 'total_return': 0.002599477767944336, 'hit_rate': 0.5, 'num_trades': 180, 'precision': 0.5, 'recall': 1.0, 'f1_score': 0.6666666666666666, 'confusion_matrix': [[0, 90], [0, 90]], 'auc_roc': 0.4961728395061729, 'alpha': 0.0}}, 'h4': {'statistical': {'mse': 0.6504549384117126, 'rmse': 0.8065078854560852, 'mae': 0.6368133425712585, 'mape': 139.29781913757324, 'r2': -0.0019036531448364258, 'mean_error': -0.03772389143705368, 'std_error': 0.8056251406669617}, 'financial': {'directional_accuracy': 0.5055555555555555, 'sharpe_ratio': 0.2855441730158823, 'max_drawdown': -0.08680368959903717, 'total_return': 0.020449519157409668, 'hit_rate': 0.5055555555555555, 'num_trades': 180, 'precision': 0.5055555555555555, 'recall': 1.0, 'f1_score': 0.6715867158671587, 'confusion_matrix': [[0, 89], [0, 91]], 'auc_roc': 0.493394246203235, 'alpha': 0.0}}, 'h5': {'statistical': {'mse': 0.6605883836746216, 'rmse': 0.812765896320343, 'mae': 0.6415160894393921, 'mape': 139.84649181365967, 'r2': -0.0029288530349731445, 'mean_error': -0.04345707967877388, 'std_error': 0.811603307723999}, 'financial': {'directional_accuracy': 0.5055555555555555, 'sharpe_ratio': 0.19439274224454045, 'max_drawdown': -0.09335800260305405, 'total_return': 0.012030839920043945, 'hit_rate': 0.5055555555555555, 'num_trades': 180, 'precision': 0.5055555555555555, 'recall': 1.0, 'f1_score': 0.6715867158671587, 'confusion_matrix': [[0, 89], [0, 91]], 'auc_roc': 0.4693171996542783, 'alpha': 0.0}}, 'h6': {'statistical': {'mse': 0.6605578660964966, 'rmse': 0.8127471208572388, 'mae': 0.6414175033569336, 'mape': 140.264630317688, 'r2': -0.0049315690994262695, 'mean_error': -0.05788341537117958, 'std_error': 0.8106832504272461}, 'financial': {'directional_accuracy': 0.5, 'sharpe_ratio': -0.07414498350408993, 'max_drawdown': -0.1040860116481781, 'total_return': -0.012653231620788574, 'hit_rate': 0.5, 'num_trades': 180, 'precision': 0.5, 'recall': 1.0, 'f1_score': 0.6666666666666666, 'confusion_matrix': [[0, 90], [0, 90]], 'auc_roc': 0.48333333333333334, 'alpha': 0.0}}, 'h7': {'statistical': {'mse': 0.6548169851303101, 'rmse': 0.8092076182365417, 'mae': 0.6379402875900269, 'mape': 140.40968418121338, 'r2': -0.004644989967346191, 'mean_error': -0.05476055666804314, 'std_error': 0.8073526620864868}, 'financial': {'directional_accuracy': 0.5, 'sharpe_ratio': -0.005852226700876225, 'max_drawdown': -0.10838665813207626, 'total_return': -0.006383299827575684, 'hit_rate': 0.5, 'num_trades': 180, 'precision': 0.5, 'recall': 1.0, 'f1_score': 0.6666666666666666, 'confusion_matrix': [[0, 90], [0, 90]], 'auc_roc': 0.4945679012345679, 'alpha': 0.0}}, 'h8': {'statistical': {'mse': 0.6572962403297424, 'rmse': 0.8107380867004395, 'mae': 0.6391087770462036, 'mape': 140.53353071212769, 'r2': -0.0029785633087158203, 'mean_error': -0.04332979395985603, 'std_error': 0.8095793724060059}, 'financial': {'directional_accuracy': 0.5055555555555555, 'sharpe_ratio': 0.22119556151162204, 'max_drawdown': -0.10838641971349716, 'total_return': 0.014509081840515137, 'hit_rate': 0.5055555555555555, 'num_trades': 180, 'precision': 0.5055555555555555, 'recall': 1.0, 'f1_score': 0.6715867158671587, 'confusion_matrix': [[0, 89], [0, 91]], 'auc_roc': 0.4932707741696506, 'alpha': 0.0}}, 'h9': {'statistical': {'mse': 0.6589539647102356, 'rmse': 0.8117597699165344, 'mae': 0.6413958072662354, 'mape': 140.71016311645508, 'r2': -0.0024455785751342773, 'mean_error': -0.04097270965576172, 'std_error': 0.8107251524925232}, 'financial': {'directional_accuracy': 0.5055555555555555, 'sharpe_ratio': 0.2674109782347261, 'max_drawdown': -0.10838694870471954, 'total_return': 0.018841028213500977, 'hit_rate': 0.5055555555555555, 'num_trades': 180, 'precision': 0.5055555555555555, 'recall': 1.0, 'f1_score': 0.6715867158671587, 'confusion_matrix': [[0, 89], [0, 91]], 'auc_roc': 0.5005556241511298, 'alpha': 0.0}}, 'h10': {'statistical': {'mse': 0.6575247049331665, 'rmse': 0.8108789920806885, 'mae': 0.6407654881477356, 'mape': 140.45937061309814, 'r2': -0.0020023584365844727, 'mean_error': -0.041465964168310165, 'std_error': 0.8098180294036865}, 'financial': {'directional_accuracy': 0.5055555555555555, 'sharpe_ratio': 0.2573800461209801, 'max_drawdown': -0.10838627070188522, 'total_return': 0.01789224147796631, 'hit_rate': 0.5055555555555555, 'num_trades': 180, 'precision': 0.5055555555555555, 'recall': 1.0, 'f1_score': 0.6715867158671587, 'confusion_matrix': [[0, 89], [0, 91]], 'auc_roc': 0.5179651808865292, 'alpha': 0.0}}, 'h11': {'statistical': {'mse': 0.6760278344154358, 'rmse': 0.8222091197967529, 'mae': 0.6505165100097656, 'mape': 139.51139450073242, 'r2': -0.0006744861602783203, 'mean_error': -0.03081384301185608, 'std_error': 0.8216314911842346}, 'financial': {'directional_accuracy': 0.5111111111111111, 'sharpe_ratio': 0.45902270728785466, 'max_drawdown': -0.10838685929775238, 'total_return': 0.03737747669219971, 'hit_rate': 0.5111111111111111, 'num_trades': 180, 'precision': 0.5111111111111111, 'recall': 1.0, 'f1_score': 0.676470588235294, 'confusion_matrix': [[0, 88], [0, 92]], 'auc_roc': 0.5158102766798419, 'alpha': 0.0}}, 'h12': {'statistical': {'mse': 0.680171549320221, 'rmse': 0.8247251510620117, 'mae': 0.654224157333374, 'mape': 139.5768404006958, 'r2': -0.00046002864837646484, 'mean_error': -0.02717806026339531, 'std_error': 0.8242772221565247}, 'financial': {'directional_accuracy': 0.5111111111111111, 'sharpe_ratio': 0.5283861786931989, 'max_drawdown': -0.10838644206523895, 'total_return': 0.0442274808883667, 'hit_rate': 0.5111111111111111, 'num_trades': 180, 'precision': 0.5111111111111111, 'recall': 1.0, 'f1_score': 0.676470588235294, 'confusion_matrix': [[0, 88], [0, 92]], 'auc_roc': 0.5066082015810276, 'alpha': 0.0}}, 'h13': {'statistical': {'mse': 0.6691024899482727, 'rmse': 0.8179868459701538, 'mae': 0.6470258235931396, 'mape': 139.1978621482849, 'r2': -0.0002753734588623047, 'mean_error': -0.018681004643440247, 'std_error': 0.8177735209465027}, 'financial': {'directional_accuracy': 0.5166666666666667, 'sharpe_ratio': 0.7002768213465604, 'max_drawdown': -0.10838674008846283, 'total_return': 0.06068313121795654, 'hit_rate': 0.5166666666666667, 'num_trades': 180, 'precision': 0.5166666666666667, 'recall': 1.0, 'f1_score': 0.6813186813186815, 'confusion_matrix': [[0, 87], [0, 93]], 'auc_roc': 0.48794957360029667, 'alpha': 0.0}}, 'h14': {'statistical': {'mse': 0.6689481139183044, 'rmse': 0.8178924918174744, 'mae': 0.6465924382209778, 'mape': 138.88051509857178, 'r2': -0.00036144256591796875, 'mean_error': -0.015814486891031265, 'std_error': 0.8177395462989807}, 'financial': {'directional_accuracy': 0.5222222222222223, 'sharpe_ratio': 0.7608633639070367, 'max_drawdown': -0.10838679224252701, 'total_return': 0.06664717197418213, 'hit_rate': 0.5222222222222223, 'num_trades': 180, 'precision': 0.5222222222222223, 'recall': 1.0, 'f1_score': 0.6861313868613139, 'confusion_matrix': [[0, 86], [0, 94]], 'auc_roc': 0.45806531420089064, 'alpha': 0.0}}, 'h15': {'statistical': {'mse': 0.6456630825996399, 'rmse': 0.8035316467285156, 'mae': 0.6355071067810059, 'mape': 138.5962963104248, 'r2': -0.00041484832763671875, 'mean_error': -0.004485911689698696, 'std_error': 0.803519070148468}, 'financial': {'directional_accuracy': 0.5277777777777778, 'sharpe_ratio': 1.005522565502661, 'max_drawdown': -0.10838649421930313, 'total_return': 0.08955574035644531, 'hit_rate': 0.5277777777777778, 'num_trades': 180, 'precision': 0.5277777777777778, 'recall': 1.0, 'f1_score': 0.6909090909090909, 'confusion_matrix': [[0, 85], [0, 95]], 'auc_roc': 0.4391331269349845, 'alpha': 0.0}}, 'h16': {'statistical': {'mse': 0.6495835185050964, 'rmse': 0.8059674501419067, 'mae': 0.6391862034797668, 'mape': 138.69160413742065, 'r2': -0.0005241632461547852, 'mean_error': -0.008577111177146435, 'std_error': 0.8059217929840088}, 'financial': {'directional_accuracy': 0.5277777777777778, 'sharpe_ratio': 0.9312819646189263, 'max_drawdown': -0.10838598012924194, 'total_return': 0.08245193958282471, 'hit_rate': 0.5277777777777778, 'num_trades': 180, 'precision': 0.5277777777777778, 'recall': 1.0, 'f1_score': 0.6909090909090909, 'confusion_matrix': [[0, 85], [0, 95]], 'auc_roc': 0.4398761609907121, 'alpha': 0.0}}, 'h17': {'statistical': {'mse': 0.660865068435669, 'rmse': 0.8129360675811768, 'mae': 0.6448667645454407, 'mape': 139.15650844573975, 'r2': -0.0003393888473510742, 'mean_error': -0.0034359984565526247, 'std_error': 0.8129287958145142}, 'financial': {'directional_accuracy': 0.5277777777777778, 'sharpe_ratio': 1.0348316467615692, 'max_drawdown': -0.10838665068149567, 'total_return': 0.09352755546569824, 'hit_rate': 0.5277777777777778, 'num_trades': 180, 'precision': 0.5277777777777778, 'recall': 1.0, 'f1_score': 0.6909090909090909, 'confusion_matrix': [[0, 85], [0, 95]], 'auc_roc': 0.46204334365325084, 'alpha': 0.0}}, 'h18': {'statistical': {'mse': 0.6542733907699585, 'rmse': 0.8088716864585876, 'mae': 0.6395925283432007, 'mape': 139.70460891723633, 'r2': -0.0005548000335693359, 'mean_error': 0.001300422358326614, 'std_error': 0.8088706731796265}, 'financial': {'directional_accuracy': 0.5277777777777778, 'sharpe_ratio': 1.1459510615345438, 'max_drawdown': -0.10838638246059418, 'total_return': 0.10425007343292236, 'hit_rate': 0.5277777777777778, 'num_trades': 180, 'precision': 0.5277777777777778, 'recall': 1.0, 'f1_score': 0.6909090909090909, 'confusion_matrix': [[0, 85], [0, 95]], 'auc_roc': 0.4476780185758514, 'alpha': 0.0}}, 'h19': {'statistical': {'mse': 0.6728097200393677, 'rmse': 0.8202497959136963, 'mae': 0.6484123468399048, 'mape': 139.96134996414185, 'r2': -0.00048553943634033203, 'mean_error': 0.00948258489370346, 'std_error': 0.8201949596405029}, 'financial': {'directional_accuracy': 0.5277777777777778, 'sharpe_ratio': 1.3021083836654603, 'max_drawdown': -0.10838673263788223, 'total_return': 0.12186622619628906, 'hit_rate': 0.5277777777777778, 'num_trades': 180, 'precision': 0.5277777777777778, 'recall': 1.0, 'f1_score': 0.6909090909090909, 'confusion_matrix': [[0, 85], [0, 95]], 'auc_roc': 0.45684210526315794, 'alpha': 0.0}}, 'h20': {'statistical': {'mse': 0.6720893383026123, 'rmse': 0.8198105692863464, 'mae': 0.6469801664352417, 'mape': 139.77551460266113, 'r2': -0.0004903078079223633, 'mean_error': 0.011318943463265896, 'std_error': 0.8197323679924011}, 'financial': {'directional_accuracy': 0.5333333333333333, 'sharpe_ratio': 1.3526610668232584, 'max_drawdown': -0.10838639736175537, 'total_return': 0.12707984447479248, 'hit_rate': 0.5333333333333333, 'num_trades': 180, 'precision': 0.5333333333333333, 'recall': 1.0, 'f1_score': 0.6956521739130436, 'confusion_matrix': [[0, 84], [0, 96]], 'auc_roc': 0.4547371031746032, 'alpha': 0.0}}}, 'aggregate': {'statistical': {'mse': 0.6615127563476563, 'rmse': 0.8133154064416885, 'mae': 0.6430177688598633, 'mape': 138.9624297618866, 'r2': -0.0015587270259857177, 'mean_error': -0.02512854218366556, 'std_error': 0.8126670569181442}}}",experiments/12c_multi_horizon/macro_heavy_daily_3q_h20_d025/fold_2023/checkpoints/tft-epoch=epoch=76-valloss=val_loss=0.8347.ckpt,daily,20,fold_2023,2023,2023-01-01,2023-12-31,10,0.021552372723817825,0.054682426154613495,0.04340894892811775,0.008441880345344543,0.03313005343079567,180,100.0,0.0,180,0.6613309979438782,0.8132225871086121,0.6439415812492371,131.46592378616333,-0.0007109642028808594,-0.016803307458758354,0.8130489587783813,0.5111111111111111,0.5195396749911823,-0.07834208756685257,0.04282951354980469,0.5111111111111111,180,0.5111111111111111,1.0,0.676470588235294,"[[0, 88], [0, 92]]",0.49135375494071143,0.0,29,1,0,150,0,180,16.11111111111111,0.5555555555555556,0.0,83.33333333333334,0.0,macro_heavy_daily_3q_h20_d025
2025-12-14T19:35:45.447888,True,False,"{'n_horizons': 20, 'metrics_by_horizon': {'h1': {'statistical': {'mse': 0.6538059115409851, 'rmse': 0.8085826635360718, 'mae': 0.6096084117889404, 'mape': 183.5282802581787, 'r2': -0.0016717910766601562, 'mean_error': 0.03477701544761658, 'std_error': 0.8078343868255615}, 'financial': {'directional_accuracy': 0.574585635359116, 'sharpe_ratio': 1.8774480402841793, 'max_drawdown': -0.08485137671232224, 'total_return': 0.1816948652267456, 'hit_rate': 0.574585635359116, 'num_trades': 181, 'precision': 0.574585635359116, 'recall': 1.0, 'f1_score': 0.7298245614035088, 'confusion_matrix': [[0, 77], [0, 104]], 'auc_roc': 0.48064435564435565, 'alpha': 0.0}}, 'h2': {'statistical': {'mse': 0.6386392712593079, 'rmse': 0.7991490960121155, 'mae': 0.6016373634338379, 'mape': 184.29325819015503, 'r2': -0.0025784969329833984, 'mean_error': 0.04199449345469475, 'std_error': 0.7980449795722961}, 'financial': {'directional_accuracy': 0.574585635359116, 'sharpe_ratio': 2.0574237958314083, 'max_drawdown': -0.08485125005245209, 'total_return': 0.19885051250457764, 'hit_rate': 0.574585635359116, 'num_trades': 181, 'precision': 0.574585635359116, 'recall': 1.0, 'f1_score': 0.7298245614035088, 'confusion_matrix': [[0, 77], [0, 104]], 'auc_roc': 0.48076923076923067, 'alpha': 0.0}}, 'h3': {'statistical': {'mse': 0.6307407021522522, 'rmse': 0.794191837310791, 'mae': 0.5954786539077759, 'mape': 188.51685523986816, 'r2': -0.0014677047729492188, 'mean_error': 0.0321616530418396, 'std_error': 0.7935404181480408}, 'financial': {'directional_accuracy': 0.569060773480663, 'sharpe_ratio': 1.925799283890586, 'max_drawdown': -0.08485148847103119, 'total_return': 0.18349456787109375, 'hit_rate': 0.569060773480663, 'num_trades': 181, 'precision': 0.569060773480663, 'recall': 1.0, 'f1_score': 0.7253521126760564, 'confusion_matrix': [[0, 78], [0, 103]], 'auc_roc': 0.4813293502613891, 'alpha': 0.0}}, 'h4': {'statistical': {'mse': 0.6303573250770569, 'rmse': 0.7939504384994507, 'mae': 0.5951400995254517, 'mape': 193.39957237243652, 'r2': -0.00029647350311279297, 'mean_error': 0.01766764186322689, 'std_error': 0.7937538027763367}, 'financial': {'directional_accuracy': 0.56353591160221, 'sharpe_ratio': 1.7056657368898882, 'max_drawdown': -0.0848512053489685, 'total_return': 0.16021990776062012, 'hit_rate': 0.56353591160221, 'num_trades': 181, 'precision': 0.56353591160221, 'recall': 1.0, 'f1_score': 0.7208480565371024, 'confusion_matrix': [[0, 79], [0, 102]], 'auc_roc': 0.4852320675105486, 'alpha': 0.0}}, 'h5': {'statistical': {'mse': 0.6294991970062256, 'rmse': 0.7934098839759827, 'mae': 0.5935419201850891, 'mape': 198.73359203338623, 'r2': -0.000232696533203125, 'mean_error': 0.01664125919342041, 'std_error': 0.7932353019714355}, 'financial': {'directional_accuracy': 0.569060773480663, 'sharpe_ratio': 1.7657221148992919, 'max_drawdown': -0.08485128730535507, 'total_return': 0.1664271354675293, 'hit_rate': 0.569060773480663, 'num_trades': 181, 'precision': 0.569060773480663, 'recall': 1.0, 'f1_score': 0.7253521126760564, 'confusion_matrix': [[0, 78], [0, 103]], 'auc_roc': 0.4859347771969131, 'alpha': 0.0}}, 'h6': {'statistical': {'mse': 0.6293027400970459, 'rmse': 0.7932860255241394, 'mae': 0.5929790139198303, 'mape': 206.113600730896, 'r2': 1.9669532775878906e-05, 'mean_error': 0.011030785739421844, 'std_error': 0.7932092547416687}, 'financial': {'directional_accuracy': 0.56353591160221, 'sharpe_ratio': 1.7369209034858506, 'max_drawdown': -0.08485148847103119, 'total_return': 0.16338837146759033, 'hit_rate': 0.56353591160221, 'num_trades': 181, 'precision': 0.56353591160221, 'recall': 1.0, 'f1_score': 0.7208480565371024, 'confusion_matrix': [[0, 79], [0, 102]], 'auc_roc': 0.48833457433606353, 'alpha': 0.0}}, 'h7': {'statistical': {'mse': 0.6263490915298462, 'rmse': 0.7914221882820129, 'mae': 0.5896906852722168, 'mape': 212.09888458251953, 'r2': 0.00020503997802734375, 'mean_error': 0.00373603287152946, 'std_error': 0.791413426399231}, 'financial': {'directional_accuracy': 0.56353591160221, 'sharpe_ratio': 1.6789083053855447, 'max_drawdown': -0.08485133945941925, 'total_return': 0.1569385528564453, 'hit_rate': 0.56353591160221, 'num_trades': 181, 'precision': 0.56353591160221, 'recall': 1.0, 'f1_score': 0.7208480565371024, 'confusion_matrix': [[0, 79], [0, 102]], 'auc_roc': 0.48895507570116653, 'alpha': 0.0}}, 'h8': {'statistical': {'mse': 0.6263552308082581, 'rmse': 0.7914260625839233, 'mae': 0.5898016095161438, 'mape': 218.21866035461426, 'r2': 0.00024169683456420898, 'mean_error': 0.00015632848953828216, 'std_error': 0.7914261221885681}, 'financial': {'directional_accuracy': 0.56353591160221, 'sharpe_ratio': 1.6904323618347903, 'max_drawdown': -0.08485138416290283, 'total_return': 0.15814483165740967, 'hit_rate': 0.56353591160221, 'num_trades': 181, 'precision': 0.56353591160221, 'recall': 1.0, 'f1_score': 0.7208480565371024, 'confusion_matrix': [[0, 79], [0, 102]], 'auc_roc': 0.4833705634152395, 'alpha': 0.0}}, 'h9': {'statistical': {'mse': 0.6260176301002502, 'rmse': 0.7912127375602722, 'mae': 0.5892355442047119, 'mape': 224.4555950164795, 'r2': 0.00013774633407592773, 'mean_error': -0.008900015614926815, 'std_error': 0.7911626696586609}, 'financial': {'directional_accuracy': 0.5580110497237569, 'sharpe_ratio': 1.5907477064143383, 'max_drawdown': -0.08485131710767746, 'total_return': 0.14773201942443848, 'hit_rate': 0.5580110497237569, 'num_trades': 181, 'precision': 0.5580110497237569, 'recall': 1.0, 'f1_score': 0.7163120567375887, 'confusion_matrix': [[0, 80], [0, 101]], 'auc_roc': 0.48527227722772276, 'alpha': 0.0}}, 'h10': {'statistical': {'mse': 0.6469639539718628, 'rmse': 0.8043407201766968, 'mae': 0.5989190936088562, 'mape': 229.957914352417, 'r2': -0.0004845857620239258, 'mean_error': -0.02264210395514965, 'std_error': 0.8040220141410828}, 'financial': {'directional_accuracy': 0.5580110497237569, 'sharpe_ratio': 1.372599275269792, 'max_drawdown': -0.08485149592161179, 'total_return': 0.12743675708770752, 'hit_rate': 0.5580110497237569, 'num_trades': 181, 'precision': 0.5580110497237569, 'recall': 1.0, 'f1_score': 0.7163120567375887, 'confusion_matrix': [[0, 80], [0, 101]], 'auc_roc': 0.48861386138613866, 'alpha': 0.0}}, 'h11': {'statistical': {'mse': 0.6358487606048584, 'rmse': 0.7974012494087219, 'mae': 0.5925371050834656, 'mape': 235.6971263885498, 'r2': -0.00010192394256591797, 'mean_error': -0.016716057434678078, 'std_error': 0.797226071357727}, 'financial': {'directional_accuracy': 0.56353591160221, 'sharpe_ratio': 1.5797025426069873, 'max_drawdown': -0.08485125005245209, 'total_return': 0.14774620532989502, 'hit_rate': 0.56353591160221, 'num_trades': 181, 'precision': 0.56353591160221, 'recall': 1.0, 'f1_score': 0.7208480565371024, 'confusion_matrix': [[0, 79], [0, 102]], 'auc_roc': 0.4892032762472078, 'alpha': 0.0}}, 'h12': {'statistical': {'mse': 0.6327136158943176, 'rmse': 0.795432984828949, 'mae': 0.5898339748382568, 'mape': 241.7454481124878, 'r2': -0.0008280277252197266, 'mean_error': -0.02733926847577095, 'std_error': 0.7949629426002502}, 'financial': {'directional_accuracy': 0.5580110497237569, 'sharpe_ratio': 1.4474969490288156, 'max_drawdown': -0.08485133945941925, 'total_return': 0.13365864753723145, 'hit_rate': 0.5580110497237569, 'num_trades': 181, 'precision': 0.5580110497237569, 'recall': 1.0, 'f1_score': 0.7163120567375887, 'confusion_matrix': [[0, 80], [0, 101]], 'auc_roc': 0.4938118811881188, 'alpha': 0.0}}, 'h13': {'statistical': {'mse': 0.6386309266090393, 'rmse': 0.7991438508033752, 'mae': 0.5933881998062134, 'mape': 247.38450050354004, 'r2': -0.000830531120300293, 'mean_error': -0.02742859348654747, 'std_error': 0.7986729741096497}, 'financial': {'directional_accuracy': 0.5580110497237569, 'sharpe_ratio': 1.5115326658716453, 'max_drawdown': -0.08485143631696701, 'total_return': 0.1409214735031128, 'hit_rate': 0.5580110497237569, 'num_trades': 181, 'precision': 0.5580110497237569, 'recall': 1.0, 'f1_score': 0.7163120567375887, 'confusion_matrix': [[0, 80], [0, 101]], 'auc_roc': 0.49430693069306936, 'alpha': 0.0}}, 'h14': {'statistical': {'mse': 0.6693816781044006, 'rmse': 0.8181574940681458, 'mae': 0.6035457849502563, 'mape': 252.5430679321289, 'r2': -1.3589859008789062e-05, 'mean_error': -0.01431315764784813, 'std_error': 0.8180322647094727}, 'financial': {'directional_accuracy': 0.56353591160221, 'sharpe_ratio': 1.7984626884326596, 'max_drawdown': -0.0848514512181282, 'total_return': 0.17542922496795654, 'hit_rate': 0.56353591160221, 'num_trades': 181, 'precision': 0.56353591160221, 'recall': 1.0, 'f1_score': 0.7208480565371024, 'confusion_matrix': [[0, 79], [0, 102]], 'auc_roc': 0.49478778853313476, 'alpha': 0.0}}, 'h15': {'statistical': {'mse': 0.6689403653144836, 'rmse': 0.8178877234458923, 'mae': 0.6031582951545715, 'mape': 257.57670402526855, 'r2': 8.893013000488281e-05, 'mean_error': -0.010263974778354168, 'std_error': 0.8178234100341797}, 'financial': {'directional_accuracy': 0.569060773480663, 'sharpe_ratio': 1.9430413113875944, 'max_drawdown': -0.08485130965709686, 'total_return': 0.19131827354431152, 'hit_rate': 0.569060773480663, 'num_trades': 181, 'precision': 0.569060773480663, 'recall': 1.0, 'f1_score': 0.7253521126760564, 'confusion_matrix': [[0, 78], [0, 103]], 'auc_roc': 0.48904655215334825, 'alpha': 0.0}}, 'h16': {'statistical': {'mse': 0.6694278717041016, 'rmse': 0.8181857466697693, 'mae': 0.6046316027641296, 'mape': 262.957501411438, 'r2': -2.110004425048828e-05, 'mean_error': -0.01211111806333065, 'std_error': 0.8180961012840271}, 'financial': {'directional_accuracy': 0.569060773480663, 'sharpe_ratio': 1.9691605347675458, 'max_drawdown': -0.08485119044780731, 'total_return': 0.19428396224975586, 'hit_rate': 0.569060773480663, 'num_trades': 181, 'precision': 0.569060773480663, 'recall': 1.0, 'f1_score': 0.7253521126760564, 'confusion_matrix': [[0, 78], [0, 103]], 'auc_roc': 0.49054020413243715, 'alpha': 0.0}}, 'h17': {'statistical': {'mse': 0.6484223008155823, 'rmse': 0.8052467107772827, 'mae': 0.5959346890449524, 'mape': 268.03691387176514, 'r2': -0.0010495185852050781, 'mean_error': -0.02845248579978943, 'std_error': 0.8047438859939575}, 'financial': {'directional_accuracy': 0.56353591160221, 'sharpe_ratio': 1.7401245994579417, 'max_drawdown': -0.08485154062509537, 'total_return': 0.16619598865509033, 'hit_rate': 0.56353591160221, 'num_trades': 181, 'precision': 0.56353591160221, 'recall': 1.0, 'f1_score': 0.7208480565371024, 'confusion_matrix': [[0, 79], [0, 102]], 'auc_roc': 0.49429138744105233, 'alpha': 0.0}}, 'h18': {'statistical': {'mse': 0.6486237645149231, 'rmse': 0.8053718209266663, 'mae': 0.5961188077926636, 'mape': 273.3259677886963, 'r2': -0.0013486146926879883, 'mean_error': -0.03144314885139465, 'std_error': 0.8047577738761902}, 'financial': {'directional_accuracy': 0.56353591160221, 'sharpe_ratio': 1.7388532690040706, 'max_drawdown': -0.08485142886638641, 'total_return': 0.166060209274292, 'hit_rate': 0.56353591160221, 'num_trades': 181, 'precision': 0.56353591160221, 'recall': 1.0, 'f1_score': 0.7208480565371024, 'confusion_matrix': [[0, 79], [0, 102]], 'auc_roc': 0.4977661950856292, 'alpha': 0.0}}, 'h19': {'statistical': {'mse': 0.6503742933273315, 'rmse': 0.8064578771591187, 'mae': 0.5974904894828796, 'mape': 277.41644382476807, 'r2': -0.0018105506896972656, 'mean_error': -0.035472575575113297, 'std_error': 0.8056773543357849}, 'financial': {'directional_accuracy': 0.56353591160221, 'sharpe_ratio': 1.712279399213785, 'max_drawdown': -0.08485129475593567, 'total_return': 0.1634126901626587, 'hit_rate': 0.56353591160221, 'num_trades': 181, 'precision': 0.56353591160221, 'recall': 1.0, 'f1_score': 0.7208480565371024, 'confusion_matrix': [[0, 79], [0, 102]], 'auc_roc': 0.5008687019111442, 'alpha': 0.0}}, 'h20': {'statistical': {'mse': 0.6621086001396179, 'rmse': 0.8137005567550659, 'mae': 0.6053316593170166, 'mape': 281.8608045578003, 'r2': -0.003143906593322754, 'mean_error': -0.0463426299393177, 'std_error': 0.8123798370361328}, 'financial': {'directional_accuracy': 0.5580110497237569, 'sharpe_ratio': 1.5372096616427937, 'max_drawdown': -0.08485133945941925, 'total_return': 0.1460956335067749, 'hit_rate': 0.5580110497237569, 'num_trades': 181, 'precision': 0.5580110497237569, 'recall': 1.0, 'f1_score': 0.7163120567375887, 'confusion_matrix': [[0, 80], [0, 101]], 'auc_roc': 0.5037128712871287, 'alpha': 0.0}}}, 'aggregate': {'statistical': {'mse': 0.6431251615285873, 'rmse': 0.8018978834152222, 'mae': 0.596900150179863, 'mape': 231.8930345773697, 'r2': -0.0007593214511871337, 'mean_error': -0.006162995976046659, 'std_error': 0.8015007495880127}}}",experiments/12c_multi_horizon/macro_heavy_daily_3q_h20_d025/fold_2024/checkpoints/tft-epoch=epoch=08-valloss=val_loss=0.4084.ckpt,daily,20,fold_2024,2024,2024-01-01,2024-12-31,10,0.04923336207866669,0.06912672519683838,0.06077267974615097,0.005392281338572502,0.019893363118171692,181,100.0,0.0,181,0.6538059115409851,0.8085826635360718,0.6096084117889404,183.5282802581787,-0.0016717910766601562,0.03477701544761658,0.8078343868255615,0.574585635359116,1.8774480402841793,-0.08485137671232224,0.1816948652267456,0.574585635359116,181,0.574585635359116,1.0,0.7298245614035088,"[[0, 77], [0, 104]]",0.48064435564435565,0.0,29,0,0,128,24,181,16.022099447513813,0.0,0.0,70.71823204419888,13.259668508287293,macro_heavy_daily_3q_h20_d025
2025-12-14T20:01:02.928243,True,True,"{'n_horizons': 5, 'metrics_by_horizon': {'h1': {'statistical': {'mse': 0.6110374927520752, 'rmse': 0.7816888689994812, 'mae': 0.5512276291847229, 'mape': 186.29271984100342, 'r2': 0.0024145841598510742, 'mean_error': -0.01654677651822567, 'std_error': 0.7815136909484863}, 'financial': {'directional_accuracy': 0.5102040816326531, 'sharpe_ratio': 1.1455221989216742, 'max_drawdown': -0.05595732107758522, 'total_return': 0.11032462120056152, 'hit_rate': 0.5102040816326531, 'num_trades': 196, 'precision': 0.5102040816326531, 'recall': 1.0, 'f1_score': 0.6756756756756758, 'confusion_matrix': [[0, 96], [0, 100]], 'auc_roc': 0.5744791666666667, 'alpha': 0.0}}, 'h2': {'statistical': {'mse': 0.5901802778244019, 'rmse': 0.7682319283485413, 'mae': 0.539124071598053, 'mape': 147.89562225341797, 'r2': 0.005564868450164795, 'mean_error': 0.02455751597881317, 'std_error': 0.7678393125534058}, 'financial': {'directional_accuracy': 0.5153061224489796, 'sharpe_ratio': 1.3813069840804122, 'max_drawdown': -0.05595732107758522, 'total_return': 0.13374078273773193, 'hit_rate': 0.5153061224489796, 'num_trades': 196, 'precision': 0.5153061224489796, 'recall': 1.0, 'f1_score': 0.68013468013468, 'confusion_matrix': [[0, 95], [0, 101]], 'auc_roc': 0.5588327253778009, 'alpha': 0.0}}, 'h3': {'statistical': {'mse': 0.5895532369613647, 'rmse': 0.7678236961364746, 'mae': 0.5382151007652283, 'mape': 155.95757961273193, 'r2': 0.005065321922302246, 'mean_error': 0.015331677161157131, 'std_error': 0.7676706314086914}, 'financial': {'directional_accuracy': 0.5102040816326531, 'sharpe_ratio': 1.3286492549259636, 'max_drawdown': -0.055957116186618805, 'total_return': 0.12797987461090088, 'hit_rate': 0.5102040816326531, 'num_trades': 196, 'precision': 0.5102040816326531, 'recall': 1.0, 'f1_score': 0.6756756756756758, 'confusion_matrix': [[0, 96], [0, 100]], 'auc_roc': 0.5486458333333334, 'alpha': 0.0}}, 'h4': {'statistical': {'mse': 0.5922253727912903, 'rmse': 0.7695618271827698, 'mae': 0.5441068410873413, 'mape': 183.44316482543945, 'r2': 0.004479825496673584, 'mean_error': -0.00272102071903646, 'std_error': 0.769556999206543}, 'financial': {'directional_accuracy': 0.5102040816326531, 'sharpe_ratio': 1.3885614565633078, 'max_drawdown': -0.055957332253456116, 'total_return': 0.13468527793884277, 'hit_rate': 0.5102040816326531, 'num_trades': 196, 'precision': 0.5102040816326531, 'recall': 1.0, 'f1_score': 0.6756756756756758, 'confusion_matrix': [[0, 96], [0, 100]], 'auc_roc': 0.5297395833333334, 'alpha': 0.0}}, 'h5': {'statistical': {'mse': 0.5720003843307495, 'rmse': 0.756307065486908, 'mae': 0.5378100872039795, 'mape': 216.3839340209961, 'r2': 0.007553815841674805, 'mean_error': -0.019535766914486885, 'std_error': 0.756054699420929}, 'financial': {'directional_accuracy': 0.5102040816326531, 'sharpe_ratio': 1.5909989210281648, 'max_drawdown': -0.05595728009939194, 'total_return': 0.1542215347290039, 'hit_rate': 0.5102040816326531, 'num_trades': 196, 'precision': 0.5102040816326531, 'recall': 1.0, 'f1_score': 0.6756756756756758, 'confusion_matrix': [[0, 96], [0, 100]], 'auc_roc': 0.5338541666666667, 'alpha': 0.0}}}, 'aggregate': {'statistical': {'mse': 0.5909993529319764, 'rmse': 0.768722677230835, 'mae': 0.542096745967865, 'mape': 177.99460411071777, 'r2': 0.005015683174133301, 'mean_error': 0.00021712579764425753, 'std_error': 0.7685270667076111}}}",experiments/12c_multi_horizon/market_only_daily_3q_h5_d025/fold_2016/checkpoints/tft-epoch=epoch=10-valloss=val_loss=0.4557.ckpt,daily,5,fold_2016,2016,2016-01-01,2016-12-31,10,0.03934498876333237,0.18653836846351624,0.07302253693342209,0.040265314280986786,0.14719337224960327,196,100.0,0.0,196,0.6110374927520752,0.7816888689994812,0.5512276291847229,186.29271984100342,0.0024145841598510742,-0.01654677651822567,0.7815136909484863,0.5102040816326531,1.1455221989216742,-0.05595732107758522,0.11032462120056152,0.5102040816326531,196,0.5102040816326531,1.0,0.6756756756756758,"[[0, 96], [0, 100]]",0.5744791666666667,0.0,30,0,158,1,7,196,15.306122448979592,0.0,80.61224489795919,0.5102040816326531,3.571428571428571,market_only_daily_3q_h5_d025
2025-12-14T20:14:26.413743,True,True,"{'n_horizons': 5, 'metrics_by_horizon': {'h1': {'statistical': {'mse': 0.18119391798973083, 'rmse': 0.42566877603530884, 'mae': 0.28961044549942017, 'mape': 109.28633213043213, 'r2': 0.004997372627258301, 'mean_error': 0.017655959352850914, 'std_error': 0.4253024160861969}, 'financial': {'directional_accuracy': 0.6020408163265306, 'sharpe_ratio': 2.4584760993755874, 'max_drawdown': -0.027967534959316254, 'total_return': 0.13621771335601807, 'hit_rate': 0.6020408163265306, 'num_trades': 196, 'precision': 0.6020408163265306, 'recall': 1.0, 'f1_score': 0.7515923566878981, 'confusion_matrix': [[0, 78], [0, 118]], 'auc_roc': 0.4955454150369404, 'alpha': 0.0}}, 'h2': {'statistical': {'mse': 0.1823403537273407, 'rmse': 0.4270133078098297, 'mae': 0.2911522388458252, 'mape': 105.80867528915405, 'r2': -0.0006560087203979492, 'mean_error': 0.027234671637415886, 'std_error': 0.4261438846588135}, 'financial': {'directional_accuracy': 0.5969387755102041, 'sharpe_ratio': 2.4349958121838187, 'max_drawdown': -0.027967818081378937, 'total_return': 0.13485944271087646, 'hit_rate': 0.5969387755102041, 'num_trades': 196, 'precision': 0.5969387755102041, 'recall': 1.0, 'f1_score': 0.7476038338658146, 'confusion_matrix': [[0, 79], [0, 117]], 'auc_roc': 0.4852320675105485, 'alpha': 0.0}}, 'h3': {'statistical': {'mse': 0.18264497816562653, 'rmse': 0.4273698329925537, 'mae': 0.291289359331131, 'mape': 108.07864665985107, 'r2': -0.002299785614013672, 'mean_error': 0.0247834213078022, 'std_error': 0.42665064334869385}, 'financial': {'directional_accuracy': 0.5969387755102041, 'sharpe_ratio': 2.442803571843494, 'max_drawdown': -0.027967652305960655, 'total_return': 0.13532757759094238, 'hit_rate': 0.5969387755102041, 'num_trades': 196, 'precision': 0.5969387755102041, 'recall': 1.0, 'f1_score': 0.7476038338658146, 'confusion_matrix': [[0, 79], [0, 117]], 'auc_roc': 0.4723574596992318, 'alpha': 0.0}}, 'h4': {'statistical': {'mse': 0.18055686354637146, 'rmse': 0.42491984367370605, 'mae': 0.2887102961540222, 'mape': 113.01320791244507, 'r2': -0.0007404088973999023, 'mean_error': 0.01155095361173153, 'std_error': 0.4247628152370453}, 'financial': {'directional_accuracy': 0.5918367346938775, 'sharpe_ratio': 2.2724154859010803, 'max_drawdown': -0.027967827394604683, 'total_return': 0.1245352029800415, 'hit_rate': 0.5918367346938775, 'num_trades': 196, 'precision': 0.5918367346938775, 'recall': 1.0, 'f1_score': 0.7435897435897436, 'confusion_matrix': [[0, 80], [0, 116]], 'auc_roc': 0.48340517241379305, 'alpha': 0.0}}, 'h5': {'statistical': {'mse': 0.18188020586967468, 'rmse': 0.4264741539955139, 'mae': 0.2902618646621704, 'mape': 120.05928754806519, 'r2': 0.00044602155685424805, 'mean_error': -0.0013700906420126557, 'std_error': 0.4264719784259796}, 'financial': {'directional_accuracy': 0.5918367346938775, 'sharpe_ratio': 2.1980391652577573, 'max_drawdown': -0.027967749163508415, 'total_return': 0.12069344520568848, 'hit_rate': 0.5918367346938775, 'num_trades': 196, 'precision': 0.5918367346938775, 'recall': 1.0, 'f1_score': 0.7435897435897436, 'confusion_matrix': [[0, 80], [0, 116]], 'auc_roc': 0.4894396551724138, 'alpha': 0.0}}}, 'aggregate': {'statistical': {'mse': 0.18172326385974885, 'rmse': 0.42628918290138246, 'mae': 0.2902048408985138, 'mape': 111.2492299079895, 'r2': 0.0003494381904602051, 'mean_error': 0.015970983053557576, 'std_error': 0.42586634755134584}}}",experiments/12c_multi_horizon/market_only_daily_3q_h5_d025/fold_2017/checkpoints/tft-epoch=epoch=56-valloss=val_loss=0.3571.ckpt,daily,5,fold_2017,2017,2017-01-01,2017-12-31,10,0.03694787248969078,0.09700891375541687,0.048432476818561554,0.01180314738303423,0.06006104126572609,194,100.0,0.0,196,0.18119391798973083,0.42566877603530884,0.28961044549942017,109.28633213043213,0.004997372627258301,0.017655959352850914,0.4253024160861969,0.6020408163265306,2.4584760993755874,-0.027967534959316254,0.13621771335601807,0.6020408163265306,196,0.6020408163265306,1.0,0.7515923566878981,"[[0, 78], [0, 118]]",0.4955454150369404,0.0,29,0,160,7,0,196,14.795918367346939,0.0,81.63265306122449,3.571428571428571,0.0,market_only_daily_3q_h5_d025
2025-12-14T20:28:38.154858,False,True,"{'n_horizons': 5, 'metrics_by_horizon': {'h1': {'statistical': {'mse': 0.984083890914917, 'rmse': 0.9920099973678589, 'mae': 0.6885083913803101, 'mape': 141.5166735649109, 'r2': -0.003558635711669922, 'mean_error': -0.06939677894115448, 'std_error': 0.9895796775817871}, 'financial': {'directional_accuracy': 0.5333333333333333, 'sharpe_ratio': 0.05743880511671203, 'max_drawdown': -0.09842368215322495, 'total_return': -0.0026310086250305176, 'hit_rate': 0.5333333333333333, 'num_trades': 195, 'precision': 0.5333333333333333, 'recall': 1.0, 'f1_score': 0.6956521739130436, 'confusion_matrix': [[0, 91], [0, 104]], 'auc_roc': 0.5526204564666103, 'alpha': 0.0}}, 'h2': {'statistical': {'mse': 0.9792649745941162, 'rmse': 0.9895781874656677, 'mae': 0.6898558139801025, 'mape': 125.94655752182007, 'r2': 0.0016807317733764648, 'mean_error': -0.05207369849085808, 'std_error': 0.9882071614265442}, 'financial': {'directional_accuracy': 0.5282051282051282, 'sharpe_ratio': 0.03278795717492331, 'max_drawdown': -0.09842389076948166, 'total_return': -0.005618870258331299, 'hit_rate': 0.5282051282051282, 'num_trades': 195, 'precision': 0.5282051282051282, 'recall': 1.0, 'f1_score': 0.691275167785235, 'confusion_matrix': [[0, 92], [0, 103]], 'auc_roc': 0.556775010552976, 'alpha': 0.0}}, 'h3': {'statistical': {'mse': 0.9832552671432495, 'rmse': 0.991592288017273, 'mae': 0.6943243741989136, 'mape': 124.15497303009033, 'r2': 0.0020046234130859375, 'mean_error': -0.054527971893548965, 'std_error': 0.990091860294342}, 'financial': {'directional_accuracy': 0.5282051282051282, 'sharpe_ratio': -0.037414984557124276, 'max_drawdown': -0.09842381626367569, 'total_return': -0.014127910137176514, 'hit_rate': 0.5282051282051282, 'num_trades': 195, 'precision': 0.5282051282051282, 'recall': 1.0, 'f1_score': 0.691275167785235, 'confusion_matrix': [[0, 92], [0, 103]], 'auc_roc': 0.5698607007176024, 'alpha': 0.0}}, 'h4': {'statistical': {'mse': 0.9583810567855835, 'rmse': 0.978969395160675, 'mae': 0.6848554611206055, 'mape': 132.20890760421753, 'r2': 0.003990888595581055, 'mean_error': -0.050608571618795395, 'std_error': 0.9776604771614075}, 'financial': {'directional_accuracy': 0.5282051282051282, 'sharpe_ratio': 0.1258525930278374, 'max_drawdown': -0.09842362999916077, 'total_return': 0.005741715431213379, 'hit_rate': 0.5282051282051282, 'num_trades': 195, 'precision': 0.5282051282051282, 'recall': 1.0, 'f1_score': 0.691275167785235, 'confusion_matrix': [[0, 92], [0, 103]], 'auc_roc': 0.5633178556352891, 'alpha': 0.0}}, 'h5': {'statistical': {'mse': 0.876213014125824, 'rmse': 0.9360625147819519, 'mae': 0.6693022847175598, 'mape': 144.91740465164185, 'r2': 0.0025804638862609863, 'mean_error': -0.043818939477205276, 'std_error': 0.935036301612854}, 'financial': {'directional_accuracy': 0.5282051282051282, 'sharpe_ratio': 0.42191612666482153, 'max_drawdown': -0.0984238013625145, 'total_return': 0.04078102111816406, 'hit_rate': 0.5282051282051282, 'num_trades': 195, 'precision': 0.5282051282051282, 'recall': 1.0, 'f1_score': 0.691275167785235, 'confusion_matrix': [[0, 92], [0, 103]], 'auc_roc': 0.5462220346137611, 'alpha': 0.0}}}, 'aggregate': {'statistical': {'mse': 0.956239640712738, 'rmse': 0.9776424765586853, 'mae': 0.6853692650794982, 'mape': 133.74890327453613, 'r2': 0.0013396143913269043, 'mean_error': -0.054085192084312436, 'std_error': 0.976115095615387}}}",experiments/12c_multi_horizon/market_only_daily_3q_h5_d025/fold_2018/checkpoints/tft-epoch=epoch=97-valloss=val_loss=0.2143.ckpt,daily,5,fold_2018,2018,2018-01-01,2018-12-31,10,0.022939693182706833,0.12897557020187378,0.07297981530427933,0.03203950822353363,0.10603587329387665,194,100.0,0.0,195,0.984083890914917,0.9920099973678589,0.6885083913803101,141.5166735649109,-0.003558635711669922,-0.06939677894115448,0.9895796775817871,0.5333333333333333,0.05743880511671203,-0.09842368215322495,-0.0026310086250305176,0.5333333333333333,195,0.5333333333333333,1.0,0.6956521739130436,"[[0, 91], [0, 104]]",0.5526204564666103,0.0,30,0,165,0,0,195,15.384615384615385,0.0,84.61538461538461,0.0,0.0,market_only_daily_3q_h5_d025
2025-12-14T20:41:23.965584,False,True,"{'n_horizons': 5, 'metrics_by_horizon': {'h1': {'statistical': {'mse': 0.6113632321357727, 'rmse': 0.7818971872329712, 'mae': 0.5688311457633972, 'mape': 153.7787914276123, 'r2': 0.003468751907348633, 'mean_error': -0.005204310640692711, 'std_error': 0.7818799018859863}, 'financial': {'directional_accuracy': 0.576530612244898, 'sharpe_ratio': 1.5555821549020217, 'max_drawdown': -0.06836147606372833, 'total_return': 0.15528416633605957, 'hit_rate': 0.576530612244898, 'num_trades': 196, 'precision': 0.576530612244898, 'recall': 1.0, 'f1_score': 0.7313915857605179, 'confusion_matrix': [[0, 83], [0, 113]], 'auc_roc': 0.5364111312506663, 'alpha': 0.0}}, 'h2': {'statistical': {'mse': 0.6077781915664673, 'rmse': 0.7796012759208679, 'mae': 0.5662047266960144, 'mape': 134.078049659729, 'r2': 0.004267394542694092, 'mean_error': 0.01722433976829052, 'std_error': 0.7794109582901001}, 'financial': {'directional_accuracy': 0.576530612244898, 'sharpe_ratio': 1.4866310764132311, 'max_drawdown': -0.06836137175559998, 'total_return': 0.14722895622253418, 'hit_rate': 0.576530612244898, 'num_trades': 196, 'precision': 0.576530612244898, 'recall': 1.0, 'f1_score': 0.7313915857605179, 'confusion_matrix': [[0, 83], [0, 113]], 'auc_roc': 0.5449408252478942, 'alpha': 0.0}}, 'h3': {'statistical': {'mse': 0.607749342918396, 'rmse': 0.7795827984809875, 'mae': 0.5666728019714355, 'mape': 131.36359453201294, 'r2': 0.004312276840209961, 'mean_error': 0.021738674491643906, 'std_error': 0.7792796492576599}, 'financial': {'directional_accuracy': 0.576530612244898, 'sharpe_ratio': 1.484693388551498, 'max_drawdown': -0.06836145371198654, 'total_return': 0.14701485633850098, 'hit_rate': 0.576530612244898, 'num_trades': 196, 'precision': 0.576530612244898, 'recall': 1.0, 'f1_score': 0.7313915857605179, 'confusion_matrix': [[0, 83], [0, 113]], 'auc_roc': 0.5363045100757011, 'alpha': 0.0}}, 'h4': {'statistical': {'mse': 0.6054327487945557, 'rmse': 0.7780956029891968, 'mae': 0.5636844635009766, 'mape': 136.76916360855103, 'r2': 0.005054056644439697, 'mean_error': 0.014019886031746864, 'std_error': 0.777969241142273}, 'financial': {'directional_accuracy': 0.576530612244898, 'sharpe_ratio': 1.4253122385224783, 'max_drawdown': -0.0683613270521164, 'total_return': 0.14024865627288818, 'hit_rate': 0.576530612244898, 'num_trades': 196, 'precision': 0.576530612244898, 'recall': 1.0, 'f1_score': 0.7313915857605179, 'confusion_matrix': [[0, 83], [0, 113]], 'auc_roc': 0.5290542701780574, 'alpha': 0.0}}, 'h5': {'statistical': {'mse': 0.6075728535652161, 'rmse': 0.7794696092605591, 'mae': 0.5653241872787476, 'mape': 147.0341444015503, 'r2': 0.004277288913726807, 'mean_error': 0.006324434652924538, 'std_error': 0.7794439196586609}, 'financial': {'directional_accuracy': 0.576530612244898, 'sharpe_ratio': 1.4543263436764506, 'max_drawdown': -0.06836125999689102, 'total_return': 0.14363884925842285, 'hit_rate': 0.576530612244898, 'num_trades': 196, 'precision': 0.576530612244898, 'recall': 1.0, 'f1_score': 0.7313915857605179, 'confusion_matrix': [[0, 83], [0, 113]], 'auc_roc': 0.513914063332978, 'alpha': 0.0}}}, 'aggregate': {'statistical': {'mse': 0.6079792737960815, 'rmse': 0.7797292947769165, 'mae': 0.5661434650421142, 'mape': 140.6047487258911, 'r2': 0.004275953769683838, 'mean_error': 0.010820604860782623, 'std_error': 0.7795967340469361}}}",experiments/12c_multi_horizon/market_only_daily_3q_h5_d025/fold_2019/checkpoints/tft-epoch=epoch=93-valloss=val_loss=0.4500.ckpt,daily,5,fold_2019,2019,2019-01-01,2019-12-31,10,0.037909746170043945,0.1206207424402237,0.08195758610963821,0.024837644770741463,0.08271099627017975,195,100.0,0.0,196,0.6113632321357727,0.7818971872329712,0.5688311457633972,153.7787914276123,0.003468751907348633,-0.005204310640692711,0.7818799018859863,0.576530612244898,1.5555821549020217,-0.06836147606372833,0.15528416633605957,0.576530612244898,196,0.576530612244898,1.0,0.7313915857605179,"[[0, 83], [0, 113]]",0.5364111312506663,0.0,30,0,166,0,0,196,15.306122448979592,0.0,84.6938775510204,0.0,0.0,market_only_daily_3q_h5_d025
2025-12-14T20:53:11.541819,False,True,"{'n_horizons': 5, 'metrics_by_horizon': {'h1': {'statistical': {'mse': 5.896881580352783, 'rmse': 2.428349494934082, 'mae': 1.5615029335021973, 'mape': 111.91767454147339, 'r2': -0.0024923086166381836, 'mean_error': -0.06582892686128616, 'std_error': 2.427457332611084}, 'financial': {'directional_accuracy': 0.5736040609137056, 'sharpe_ratio': 0.3952195177194049, 'max_drawdown': -0.3392496705055237, 'total_return': 0.06231081485748291, 'hit_rate': 0.5736040609137056, 'num_trades': 197, 'precision': 0.5736040609137056, 'recall': 1.0, 'f1_score': 0.7290322580645162, 'confusion_matrix': [[0, 84], [0, 113]], 'auc_roc': 0.5330804888327012, 'alpha': 0.0}}, 'h2': {'statistical': {'mse': 5.87747859954834, 'rmse': 2.424351215362549, 'mae': 1.5570685863494873, 'mape': 113.41193914413452, 'r2': -0.0011250972747802734, 'mean_error': -0.06353947520256042, 'std_error': 2.423518180847168}, 'financial': {'directional_accuracy': 0.5736040609137056, 'sharpe_ratio': 0.42129994712885954, 'max_drawdown': -0.3392496407032013, 'total_return': 0.07066810131072998, 'hit_rate': 0.5736040609137056, 'num_trades': 197, 'precision': 0.5736040609137056, 'recall': 1.0, 'f1_score': 0.7290322580645162, 'confusion_matrix': [[0, 84], [0, 113]], 'auc_roc': 0.5391908975979773, 'alpha': 0.0}}, 'h3': {'statistical': {'mse': 5.883172988891602, 'rmse': 2.425525188446045, 'mae': 1.559577465057373, 'mape': 114.93045091629028, 'r2': -0.0010197162628173828, 'mean_error': -0.06658141314983368, 'std_error': 2.4246110916137695}, 'financial': {'directional_accuracy': 0.5736040609137056, 'sharpe_ratio': 0.4421996369310664, 'max_drawdown': -0.33924955129623413, 'total_return': 0.0774240493774414, 'hit_rate': 0.5736040609137056, 'num_trades': 197, 'precision': 0.5736040609137056, 'recall': 1.0, 'f1_score': 0.7290322580645162, 'confusion_matrix': [[0, 84], [0, 113]], 'auc_roc': 0.5450906026127265, 'alpha': 0.0}}, 'h4': {'statistical': {'mse': 5.879393100738525, 'rmse': 2.424746036529541, 'mae': 1.5572153329849243, 'mape': 116.04030132293701, 'r2': -0.0011054277420043945, 'mean_error': -0.07731372863054276, 'std_error': 2.423513174057007}, 'financial': {'directional_accuracy': 0.5736040609137056, 'sharpe_ratio': 0.43128016913635403, 'max_drawdown': -0.33924952149391174, 'total_return': 0.07388639450073242, 'hit_rate': 0.5736040609137056, 'num_trades': 197, 'precision': 0.5736040609137056, 'recall': 1.0, 'f1_score': 0.7290322580645162, 'confusion_matrix': [[0, 84], [0, 113]], 'auc_roc': 0.5343447113358618, 'alpha': 0.0}}, 'h5': {'statistical': {'mse': 5.883453369140625, 'rmse': 2.4255831241607666, 'mae': 1.5547758340835571, 'mape': 118.02772283554077, 'r2': -0.0025228261947631836, 'mean_error': -0.09506208449602127, 'std_error': 2.423719644546509}, 'financial': {'directional_accuracy': 0.5685279187817259, 'sharpe_ratio': 0.3780738246399869, 'max_drawdown': -0.3392496407032013, 'total_return': 0.05684971809387207, 'hit_rate': 0.5685279187817259, 'num_trades': 197, 'precision': 0.5685279187817259, 'recall': 1.0, 'f1_score': 0.7249190938511327, 'confusion_matrix': [[0, 85], [0, 112]], 'auc_roc': 0.5298319327731092, 'alpha': 0.0}}}, 'aggregate': {'statistical': {'mse': 5.884075927734375, 'rmse': 2.4257110118865968, 'mae': 1.5580280303955079, 'mape': 114.8656177520752, 'r2': -0.0016530752182006836, 'mean_error': -0.07366512566804886, 'std_error': 2.4245638847351074}}}",experiments/12c_multi_horizon/market_only_daily_3q_h5_d025/fold_2020/checkpoints/tft-epoch=epoch=97-valloss=val_loss=0.3641.ckpt,daily,5,fold_2020,2020,2020-01-01,2020-12-31,10,0.0402831993997097,0.21889697015285492,0.12621109187602997,0.0516820028424263,0.17861376702785492,197,100.0,0.0,197,5.896881580352783,2.428349494934082,1.5615029335021973,111.91767454147339,-0.0024923086166381836,-0.06582892686128616,2.427457332611084,0.5736040609137056,0.3952195177194049,-0.3392496705055237,0.06231081485748291,0.5736040609137056,197,0.5736040609137056,1.0,0.7290322580645162,"[[0, 84], [0, 113]]",0.5330804888327012,0.0,30,0,167,0,0,197,15.228426395939088,0.0,84.77157360406092,0.0,0.0,market_only_daily_3q_h5_d025
2025-12-14T21:05:03.086667,False,True,"{'n_horizons': 5, 'metrics_by_horizon': {'h1': {'statistical': {'mse': 0.5598236918449402, 'rmse': 0.7482136487960815, 'mae': 0.561936616897583, 'mape': 112.72158622741699, 'r2': 0.005195796489715576, 'mean_error': 0.017273565754294395, 'std_error': 0.7480142712593079}, 'financial': {'directional_accuracy': 0.576530612244898, 'sharpe_ratio': 2.3815758051639686, 'max_drawdown': -0.05212545022368431, 'total_return': 0.23980093002319336, 'hit_rate': 0.576530612244898, 'num_trades': 196, 'precision': 0.576530612244898, 'recall': 1.0, 'f1_score': 0.7313915857605179, 'confusion_matrix': [[0, 83], [0, 113]], 'auc_roc': 0.485766073142126, 'alpha': 0.0}}, 'h2': {'statistical': {'mse': 0.5526042580604553, 'rmse': 0.7433735728263855, 'mae': 0.5591750741004944, 'mape': 110.25454998016357, 'r2': 0.00665968656539917, 'mean_error': 0.023391660302877426, 'std_error': 0.7430054545402527}, 'financial': {'directional_accuracy': 0.576530612244898, 'sharpe_ratio': 2.3228287236588305, 'max_drawdown': -0.052125316113233566, 'total_return': 0.23163866996765137, 'hit_rate': 0.576530612244898, 'num_trades': 196, 'precision': 0.576530612244898, 'recall': 1.0, 'f1_score': 0.7313915857605179, 'confusion_matrix': [[0, 83], [0, 113]], 'auc_roc': 0.49674805416355694, 'alpha': 0.0}}, 'h3': {'statistical': {'mse': 0.5555462837219238, 'rmse': 0.7453497648239136, 'mae': 0.5606931447982788, 'mape': 142.94224977493286, 'r2': 0.0014813542366027832, 'mean_error': 0.026087505742907524, 'std_error': 0.7448930740356445}, 'financial': {'directional_accuracy': 0.5714285714285714, 'sharpe_ratio': 2.3116307494554986, 'max_drawdown': -0.05212530866265297, 'total_return': 0.2303837537765503, 'hit_rate': 0.5714285714285714, 'num_trades': 196, 'precision': 0.5714285714285714, 'recall': 1.0, 'f1_score': 0.7272727272727273, 'confusion_matrix': [[0, 84], [0, 112]], 'auc_roc': 0.4806547619047619, 'alpha': 0.0}}, 'h4': {'statistical': {'mse': 0.5545368790626526, 'rmse': 0.7446723580360413, 'mae': 0.5577307939529419, 'mape': 137.7979874610901, 'r2': -0.004805922508239746, 'mean_error': 0.021475164219737053, 'std_error': 0.7443626523017883}, 'financial': {'directional_accuracy': 0.5714285714285714, 'sharpe_ratio': 2.2448194896076457, 'max_drawdown': -0.05212528631091118, 'total_return': 0.22187817096710205, 'hit_rate': 0.5714285714285714, 'num_trades': 196, 'precision': 0.5714285714285714, 'recall': 1.0, 'f1_score': 0.7272727272727273, 'confusion_matrix': [[0, 84], [0, 112]], 'auc_roc': 0.484906462585034, 'alpha': 0.0}}, 'h5': {'statistical': {'mse': 0.5538497567176819, 'rmse': 0.7442108392715454, 'mae': 0.5581371188163757, 'mape': 135.5075716972351, 'r2': -0.0030955076217651367, 'mean_error': 0.015503689646720886, 'std_error': 0.7440493702888489}, 'financial': {'directional_accuracy': 0.5663265306122449, 'sharpe_ratio': 2.173459873267647, 'max_drawdown': -0.05212530866265297, 'total_return': 0.21396827697753906, 'hit_rate': 0.5663265306122449, 'num_trades': 196, 'precision': 0.5663265306122449, 'recall': 1.0, 'f1_score': 0.7231270358306189, 'confusion_matrix': [[0, 85], [0, 111]], 'auc_roc': 0.4732379438261791, 'alpha': 0.0}}}, 'aggregate': {'statistical': {'mse': 0.5552721738815307, 'rmse': 0.7451640367507935, 'mae': 0.5595345497131348, 'mape': 127.84478902816772, 'r2': 0.0010870814323425293, 'mean_error': 0.020746317133307456, 'std_error': 0.7448649644851685}}}",experiments/12c_multi_horizon/market_only_daily_3q_h5_d025/fold_2021/checkpoints/tft-epoch=epoch=95-valloss=val_loss=1.0797.ckpt,daily,5,fold_2021,2021,2021-01-01,2021-12-31,10,0.06358134001493454,0.15937621891498566,0.09527009725570679,0.024203628301620483,0.09579487890005112,194,100.0,0.0,196,0.5598236918449402,0.7482136487960815,0.561936616897583,112.72158622741699,0.005195796489715576,0.017273565754294395,0.7480142712593079,0.576530612244898,2.3815758051639686,-0.05212545022368431,0.23980093002319336,0.576530612244898,196,0.576530612244898,1.0,0.7313915857605179,"[[0, 83], [0, 113]]",0.485766073142126,0.0,30,0,166,0,0,196,15.306122448979592,0.0,84.6938775510204,0.0,0.0,market_only_daily_3q_h5_d025
2025-12-14T21:17:45.962775,False,True,"{'n_horizons': 5, 'metrics_by_horizon': {'h1': {'statistical': {'mse': 2.564653158187866, 'rmse': 1.601453423500061, 'mae': 1.2934834957122803, 'mape': 139.68640565872192, 'r2': -0.0505671501159668, 'mean_error': -0.3675893545150757, 'std_error': 1.5586953163146973}, 'financial': {'directional_accuracy': 0.4461538461538462, 'sharpe_ratio': -0.8058895621092493, 'max_drawdown': -0.2258353978395462, 'total_return': -0.16358596086502075, 'hit_rate': 0.4461538461538462, 'num_trades': 195, 'precision': 0.4461538461538462, 'recall': 1.0, 'f1_score': 0.6170212765957447, 'confusion_matrix': [[0, 108], [0, 87]], 'auc_roc': 0.5210727969348659, 'alpha': 0.0}}, 'h2': {'statistical': {'mse': 2.6677772998809814, 'rmse': 1.6333332061767578, 'mae': 1.3071845769882202, 'mape': 130.2841305732727, 'r2': -0.026181578636169434, 'mean_error': -0.2831350862979889, 'std_error': 1.6086055040359497}, 'financial': {'directional_accuracy': 0.4461538461538462, 'sharpe_ratio': -0.5356997291890917, 'max_drawdown': -0.22583533823490143, 'total_return': -0.1232374906539917, 'hit_rate': 0.4461538461538462, 'num_trades': 195, 'precision': 0.4461538461538462, 'recall': 1.0, 'f1_score': 0.6170212765957447, 'confusion_matrix': [[0, 108], [0, 87]], 'auc_roc': 0.5310770540655597, 'alpha': 0.0}}, 'h3': {'statistical': {'mse': 2.667539358139038, 'rmse': 1.6332603693008423, 'mae': 1.308026671409607, 'mape': 129.4950008392334, 'r2': -0.02671074867248535, 'mean_error': -0.28473085165023804, 'std_error': 1.6082499027252197}, 'financial': {'directional_accuracy': 0.441025641025641, 'sharpe_ratio': -0.6285802415250216, 'max_drawdown': -0.2258351445198059, 'total_return': -0.13918262720108032, 'hit_rate': 0.441025641025641, 'num_trades': 195, 'precision': 0.441025641025641, 'recall': 1.0, 'f1_score': 0.6120996441281139, 'confusion_matrix': [[0, 109], [0, 86]], 'auc_roc': 0.5316833795604865, 'alpha': 0.0}}, 'h4': {'statistical': {'mse': 2.638777732849121, 'rmse': 1.6244314908981323, 'mae': 1.2993561029434204, 'mape': 130.84089756011963, 'r2': -0.025403499603271484, 'mean_error': -0.2769714295864105, 'std_error': 1.6006449460983276}, 'financial': {'directional_accuracy': 0.4461538461538462, 'sharpe_ratio': -0.4635996861606714, 'max_drawdown': -0.2258354127407074, 'total_return': -0.10997384786605835, 'hit_rate': 0.4461538461538462, 'num_trades': 195, 'precision': 0.4461538461538462, 'recall': 1.0, 'f1_score': 0.6170212765957447, 'confusion_matrix': [[0, 108], [0, 87]], 'auc_roc': 0.5291613452532993, 'alpha': 0.0}}, 'h5': {'statistical': {'mse': 2.653128147125244, 'rmse': 1.6288425922393799, 'mae': 1.306257724761963, 'mape': 133.78452062606812, 'r2': -0.03040468692779541, 'mean_error': -0.2995031774044037, 'std_error': 1.6010704040527344}, 'financial': {'directional_accuracy': 0.441025641025641, 'sharpe_ratio': -0.5314982120825615, 'max_drawdown': -0.2258353978395462, 'total_return': -0.12184673547744751, 'hit_rate': 0.441025641025641, 'num_trades': 195, 'precision': 0.441025641025641, 'recall': 1.0, 'f1_score': 0.6120996441281139, 'confusion_matrix': [[0, 109], [0, 86]], 'auc_roc': 0.53147002346917, 'alpha': 0.0}}}, 'aggregate': {'statistical': {'mse': 2.6383751392364503, 'rmse': 1.6242642164230348, 'mae': 1.302861714363098, 'mape': 132.81819105148315, 'r2': -0.031853532791137694, 'mean_error': -0.3023859798908234, 'std_error': 1.5954532146453857}}}",experiments/12c_multi_horizon/market_only_daily_3q_h5_d025/fold_2022/checkpoints/tft-epoch=epoch=12-valloss=val_loss=0.3689.ckpt,daily,5,fold_2022,2022,2022-01-01,2022-12-31,10,0.1949695646762848,0.3173764646053314,0.2882702648639679,0.032103948295116425,0.12240689992904663,195,100.0,0.0,195,2.564653158187866,1.601453423500061,1.2934834957122803,139.68640565872192,-0.0505671501159668,-0.3675893545150757,1.5586953163146973,0.4461538461538462,-0.8058895621092493,-0.2258353978395462,-0.16358596086502075,0.4461538461538462,195,0.4461538461538462,1.0,0.6170212765957447,"[[0, 108], [0, 87]]",0.5210727969348659,0.0,30,0,165,0,0,195,15.384615384615385,0.0,84.61538461538461,0.0,0.0,market_only_daily_3q_h5_d025
2025-12-14T21:30:32.385552,False,True,"{'n_horizons': 5, 'metrics_by_horizon': {'h1': {'statistical': {'mse': 0.6885601282119751, 'rmse': 0.829795241355896, 'mae': 0.6632366180419922, 'mape': 222.66888618469238, 'r2': -0.010498762130737305, 'mean_error': -0.10595393925905228, 'std_error': 0.8230029344558716}, 'financial': {'directional_accuracy': 0.517948717948718, 'sharpe_ratio': 0.6377731706526022, 'max_drawdown': -0.1083863377571106, 'total_return': 0.05973482131958008, 'hit_rate': 0.517948717948718, 'num_trades': 195, 'precision': 0.517948717948718, 'recall': 1.0, 'f1_score': 0.6824324324324326, 'confusion_matrix': [[0, 94], [0, 101]], 'auc_roc': 0.5155887929218453, 'alpha': 0.0}}, 'h2': {'statistical': {'mse': 0.6915526390075684, 'rmse': 0.8315964341163635, 'mae': 0.663335382938385, 'mape': 216.67113304138184, 'r2': -0.004977822303771973, 'mean_error': -0.08906811475753784, 'std_error': 0.8268128633499146}, 'financial': {'directional_accuracy': 0.517948717948718, 'sharpe_ratio': 0.6853299066467771, 'max_drawdown': -0.10838639736175537, 'total_return': 0.06515121459960938, 'hit_rate': 0.517948717948718, 'num_trades': 195, 'precision': 0.517948717948718, 'recall': 1.0, 'f1_score': 0.6824324324324326, 'confusion_matrix': [[0, 94], [0, 101]], 'auc_roc': 0.5249631346113335, 'alpha': 0.0}}, 'h3': {'statistical': {'mse': 0.6842068433761597, 'rmse': 0.8271679878234863, 'mae': 0.6575310826301575, 'mape': 216.07658863067627, 'r2': -0.009765863418579102, 'mean_error': -0.09516462683677673, 'std_error': 0.8216754794120789}, 'financial': {'directional_accuracy': 0.5128205128205128, 'sharpe_ratio': 0.5370000959836854, 'max_drawdown': -0.10838633030653, 'total_return': 0.048844099044799805, 'hit_rate': 0.5128205128205128, 'num_trades': 195, 'precision': 0.5128205128205128, 'recall': 1.0, 'f1_score': 0.6779661016949152, 'confusion_matrix': [[0, 95], [0, 100]], 'auc_roc': 0.5230526315789473, 'alpha': 0.0}}, 'h4': {'statistical': {'mse': 0.6962578892707825, 'rmse': 0.8344206809997559, 'mae': 0.6605546474456787, 'mape': 208.46130847930908, 'r2': -0.009534239768981934, 'mean_error': -0.0840390995144844, 'std_error': 0.830177903175354}, 'financial': {'directional_accuracy': 0.517948717948718, 'sharpe_ratio': 0.8207582383593875, 'max_drawdown': -0.1083870604634285, 'total_return': 0.08003318309783936, 'hit_rate': 0.517948717948718, 'num_trades': 195, 'precision': 0.517948717948718, 'recall': 1.0, 'f1_score': 0.6824324324324326, 'confusion_matrix': [[0, 94], [0, 101]], 'auc_roc': 0.5301242890246471, 'alpha': 0.0}}, 'h5': {'statistical': {'mse': 0.694463312625885, 'rmse': 0.8333446383476257, 'mae': 0.6584049463272095, 'mape': 202.91154384613037, 'r2': -0.010094642639160156, 'mean_error': -0.08674822747707367, 'std_error': 0.8288173079490662}, 'financial': {'directional_accuracy': 0.5230769230769231, 'sharpe_ratio': 0.8980125866889397, 'max_drawdown': -0.1083865612745285, 'total_return': 0.08844137191772461, 'hit_rate': 0.5230769230769231, 'num_trades': 195, 'precision': 0.5230769230769231, 'recall': 1.0, 'f1_score': 0.686868686868687, 'confusion_matrix': [[0, 93], [0, 102]], 'auc_roc': 0.5111743622180056, 'alpha': 0.0}}}, 'aggregate': {'statistical': {'mse': 0.6910081624984741, 'rmse': 0.8312649965286255, 'mae': 0.6606125354766845, 'mape': 213.357892036438, 'r2': -0.008974266052246094, 'mean_error': -0.09219480156898499, 'std_error': 0.8260972976684571}}}",experiments/12c_multi_horizon/market_only_daily_3q_h5_d025/fold_2023/checkpoints/tft-epoch=epoch=42-valloss=val_loss=0.8106.ckpt,daily,5,fold_2023,2023,2023-01-01,2023-12-31,10,0.0379079133272171,0.29404640197753906,0.13911809027194977,0.0633728951215744,0.25613850355148315,195,100.0,0.0,195,0.6885601282119751,0.829795241355896,0.6632366180419922,222.66888618469238,-0.010498762130737305,-0.10595393925905228,0.8230029344558716,0.517948717948718,0.6377731706526022,-0.1083863377571106,0.05973482131958008,0.517948717948718,195,0.517948717948718,1.0,0.6824324324324326,"[[0, 94], [0, 101]]",0.5155887929218453,0.0,30,0,165,0,0,195,15.384615384615385,0.0,84.61538461538461,0.0,0.0,market_only_daily_3q_h5_d025
2025-12-14T21:43:06.653129,True,True,"{'n_horizons': 5, 'metrics_by_horizon': {'h1': {'statistical': {'mse': 0.6657006144523621, 'rmse': 0.8159047961235046, 'mae': 0.6095772981643677, 'mape': 258.2827568054199, 'r2': 0.006121575832366943, 'mean_error': -0.01082563679665327, 'std_error': 0.8158330321311951}, 'financial': {'directional_accuracy': 0.5714285714285714, 'sharpe_ratio': 1.936531375625056, 'max_drawdown': -0.08485137671232224, 'total_return': 0.20806431770324707, 'hit_rate': 0.5714285714285714, 'num_trades': 196, 'precision': 0.5714285714285714, 'recall': 1.0, 'f1_score': 0.7272727272727273, 'confusion_matrix': [[0, 84], [0, 112]], 'auc_roc': 0.4980867346938775, 'alpha': 0.0}}, 'h2': {'statistical': {'mse': 0.6528334617614746, 'rmse': 0.8079810738563538, 'mae': 0.6047007441520691, 'mape': 199.9398708343506, 'r2': 0.004222571849822998, 'mean_error': 0.03546644747257233, 'std_error': 0.8072023391723633}, 'financial': {'directional_accuracy': 0.5714285714285714, 'sharpe_ratio': 2.089558686672965, 'max_drawdown': -0.08485125005245209, 'total_return': 0.22428929805755615, 'hit_rate': 0.5714285714285714, 'num_trades': 196, 'precision': 0.5714285714285714, 'recall': 1.0, 'f1_score': 0.7272727272727273, 'confusion_matrix': [[0, 84], [0, 112]], 'auc_roc': 0.49702380952380953, 'alpha': 0.0}}, 'h3': {'statistical': {'mse': 0.6455788612365723, 'rmse': 0.8034791946411133, 'mae': 0.5990824103355408, 'mape': 187.2361421585083, 'r2': 0.005171656608581543, 'mean_error': 0.03609326481819153, 'std_error': 0.8026681542396545}, 'financial': {'directional_accuracy': 0.5714285714285714, 'sharpe_ratio': 1.9769865086694667, 'max_drawdown': -0.08485148847103119, 'total_return': 0.20946240425109863, 'hit_rate': 0.5714285714285714, 'num_trades': 196, 'precision': 0.5714285714285714, 'recall': 1.0, 'f1_score': 0.7272727272727273, 'confusion_matrix': [[0, 84], [0, 112]], 'auc_roc': 0.5046768707482994, 'alpha': 0.0}}, 'h4': {'statistical': {'mse': 0.6434469223022461, 'rmse': 0.8021514415740967, 'mae': 0.5969319343566895, 'mape': 196.6835856437683, 'r2': 0.004904270172119141, 'mean_error': 0.017191195860505104, 'std_error': 0.801967203617096}, 'financial': {'directional_accuracy': 0.5663265306122449, 'sharpe_ratio': 1.811976828258669, 'max_drawdown': -0.0848512053489685, 'total_return': 0.18943655490875244, 'hit_rate': 0.5663265306122449, 'num_trades': 196, 'precision': 0.5663265306122449, 'recall': 1.0, 'f1_score': 0.7231270358306189, 'confusion_matrix': [[0, 85], [0, 111]], 'auc_roc': 0.5050344462109168, 'alpha': 0.0}}, 'h5': {'statistical': {'mse': 0.6558651328086853, 'rmse': 0.8098549842834473, 'mae': 0.6028159260749817, 'mape': 216.0733938217163, 'r2': 6.347894668579102e-05, 'mean_error': -0.005203346721827984, 'std_error': 0.8098382353782654}, 'financial': {'directional_accuracy': 0.5663265306122449, 'sharpe_ratio': 1.6989238652244714, 'max_drawdown': -0.08485128730535507, 'total_return': 0.17748475074768066, 'hit_rate': 0.5663265306122449, 'num_trades': 196, 'precision': 0.5663265306122449, 'recall': 1.0, 'f1_score': 0.7231270358306189, 'confusion_matrix': [[0, 85], [0, 111]], 'auc_roc': 0.5060943296237413, 'alpha': 0.0}}}, 'aggregate': {'statistical': {'mse': 0.652684998512268, 'rmse': 0.8078742980957031, 'mae': 0.6026216626167298, 'mape': 211.64314985275269, 'r2': 0.004096710681915283, 'mean_error': 0.014544384926557541, 'std_error': 0.8075017929077148}}}",experiments/12c_multi_horizon/market_only_daily_3q_h5_d025/fold_2024/checkpoints/tft-epoch=epoch=13-valloss=val_loss=0.4091.ckpt,daily,5,fold_2024,2024,2024-01-01,2024-12-31,10,0.03730818256735802,0.25222671031951904,0.11066392064094543,0.07065433263778687,0.21491852402687073,196,100.0,0.0,196,0.6657006144523621,0.8159047961235046,0.6095772981643677,258.2827568054199,0.006121575832366943,-0.01082563679665327,0.8158330321311951,0.5714285714285714,1.936531375625056,-0.08485137671232224,0.20806431770324707,0.5714285714285714,196,0.5714285714285714,1.0,0.7272727272727273,"[[0, 84], [0, 112]]",0.4980867346938775,0.0,29,0,144,4,19,196,14.795918367346939,0.0,73.46938775510205,2.0408163265306123,9.693877551020408,market_only_daily_3q_h5_d025
2025-12-14T20:02:40.599287,True,True,"{'n_horizons': 10, 'metrics_by_horizon': {'h1': {'statistical': {'mse': 0.5955223441123962, 'rmse': 0.771700918674469, 'mae': 0.5458701848983765, 'mape': 216.80729389190674, 'r2': 0.0006096959114074707, 'mean_error': -0.05515226721763611, 'std_error': 0.7697275876998901}, 'financial': {'directional_accuracy': 0.5078534031413613, 'sharpe_ratio': 0.858213698599716, 'max_drawdown': -0.05595732107758522, 'total_return': 0.07679808139801025, 'hit_rate': 0.5078534031413613, 'num_trades': 191, 'precision': 0.5078534031413613, 'recall': 1.0, 'f1_score': 0.6736111111111112, 'confusion_matrix': [[0, 94], [0, 97]], 'auc_roc': 0.5923448124588726, 'alpha': 0.0}}, 'h2': {'statistical': {'mse': 0.5722059607505798, 'rmse': 0.7564429640769958, 'mae': 0.5325734615325928, 'mape': 157.10989236831665, 'r2': 0.00974196195602417, 'mean_error': -0.0006580602494068444, 'std_error': 0.756442666053772}, 'financial': {'directional_accuracy': 0.5078534031413613, 'sharpe_ratio': 1.0280813776208315, 'max_drawdown': -0.05595732107758522, 'total_return': 0.09251236915588379, 'hit_rate': 0.5078534031413613, 'num_trades': 191, 'precision': 0.5078534031413613, 'recall': 1.0, 'f1_score': 0.6736111111111112, 'confusion_matrix': [[0, 94], [0, 97]], 'auc_roc': 0.5933318710243475, 'alpha': 0.0}}, 'h3': {'statistical': {'mse': 0.5717988610267639, 'rmse': 0.756173849105835, 'mae': 0.5311364531517029, 'mape': 148.17222356796265, 'r2': 0.009025931358337402, 'mean_error': 0.003791559487581253, 'std_error': 0.7561643719673157}, 'financial': {'directional_accuracy': 0.5026178010471204, 'sharpe_ratio': 0.955968886222305, 'max_drawdown': -0.055957116186618805, 'total_return': 0.08527541160583496, 'hit_rate': 0.5026178010471204, 'num_trades': 191, 'precision': 0.5026178010471204, 'recall': 1.0, 'f1_score': 0.6689895470383275, 'confusion_matrix': [[0, 95], [0, 96]], 'auc_roc': 0.5733552631578948, 'alpha': 0.0}}, 'h4': {'statistical': {'mse': 0.5972372889518738, 'rmse': 0.7728112936019897, 'mae': 0.5429257154464722, 'mape': 157.1397066116333, 'r2': 0.007307827472686768, 'mean_error': 0.007416367996484041, 'std_error': 0.7727757096290588}, 'financial': {'directional_accuracy': 0.5026178010471204, 'sharpe_ratio': 1.1579696228333227, 'max_drawdown': -0.055957332253456116, 'total_return': 0.10770249366760254, 'hit_rate': 0.5026178010471204, 'num_trades': 191, 'precision': 0.5026178010471204, 'recall': 1.0, 'f1_score': 0.6689895470383275, 'confusion_matrix': [[0, 95], [0, 96]], 'auc_roc': 0.5537280701754386, 'alpha': 0.0}}, 'h5': {'statistical': {'mse': 0.5765678286552429, 'rmse': 0.7593206167221069, 'mae': 0.5353277325630188, 'mape': 172.1464991569519, 'r2': 0.011104404926300049, 'mean_error': 0.006704970728605986, 'std_error': 0.7592910528182983}, 'financial': {'directional_accuracy': 0.5078534031413613, 'sharpe_ratio': 1.4185069718321035, 'max_drawdown': -0.05595728009939194, 'total_return': 0.13281679153442383, 'hit_rate': 0.5078534031413613, 'num_trades': 191, 'precision': 0.5078534031413613, 'recall': 1.0, 'f1_score': 0.6736111111111112, 'confusion_matrix': [[0, 94], [0, 97]], 'auc_roc': 0.5483658697082693, 'alpha': 0.0}}, 'h6': {'statistical': {'mse': 0.5690129399299622, 'rmse': 0.7543294429779053, 'mae': 0.534494936466217, 'mape': 190.08368253707886, 'r2': 0.013843178749084473, 'mean_error': 0.005946937017142773, 'std_error': 0.7543060183525085}, 'financial': {'directional_accuracy': 0.5130890052356021, 'sharpe_ratio': 1.7019799548697943, 'max_drawdown': -0.05595733970403671, 'total_return': 0.1618098020553589, 'hit_rate': 0.5130890052356021, 'num_trades': 191, 'precision': 0.5130890052356021, 'recall': 1.0, 'f1_score': 0.6782006920415224, 'confusion_matrix': [[0, 93], [0, 98]], 'auc_roc': 0.5452051788457317, 'alpha': 0.0}}, 'h7': {'statistical': {'mse': 0.5688116550445557, 'rmse': 0.754196047782898, 'mae': 0.5356789827346802, 'mape': 206.6662311553955, 'r2': 0.01410895586013794, 'mean_error': -0.006950018927454948, 'std_error': 0.7541639804840088}, 'financial': {'directional_accuracy': 0.518324607329843, 'sharpe_ratio': 1.7306579244623284, 'max_drawdown': -0.05595710501074791, 'total_return': 0.16484928131103516, 'hit_rate': 0.518324607329843, 'num_trades': 191, 'precision': 0.518324607329843, 'recall': 1.0, 'f1_score': 0.6827586206896552, 'confusion_matrix': [[0, 92], [0, 99]], 'auc_roc': 0.5505050505050504, 'alpha': 0.0}}, 'h8': {'statistical': {'mse': 0.5689430236816406, 'rmse': 0.7542831301689148, 'mae': 0.5368214845657349, 'mape': 223.1611728668213, 'r2': 0.013868451118469238, 'mean_error': -0.021009577438235283, 'std_error': 0.7539904713630676}, 'financial': {'directional_accuracy': 0.518324607329843, 'sharpe_ratio': 1.7314729526656611, 'max_drawdown': -0.05595716834068298, 'total_return': 0.16493356227874756, 'hit_rate': 0.518324607329843, 'num_trades': 191, 'precision': 0.518324607329843, 'recall': 1.0, 'f1_score': 0.6827586206896552, 'confusion_matrix': [[0, 92], [0, 99]], 'auc_roc': 0.5561045234958277, 'alpha': 0.0}}, 'h9': {'statistical': {'mse': 0.5609437823295593, 'rmse': 0.7489618062973022, 'mae': 0.5348386168479919, 'mape': 243.1896209716797, 'r2': 0.016109824180603027, 'mean_error': -0.024449093267321587, 'std_error': 0.7485626339912415}, 'financial': {'directional_accuracy': 0.5235602094240838, 'sharpe_ratio': 1.9595379742441434, 'max_drawdown': -0.05595739930868149, 'total_return': 0.18826580047607422, 'hit_rate': 0.5235602094240838, 'num_trades': 191, 'precision': 0.5235602094240838, 'recall': 1.0, 'f1_score': 0.6872852233676976, 'confusion_matrix': [[0, 91], [0, 100]], 'auc_roc': 0.5586813186813187, 'alpha': 0.0}}, 'h10': {'statistical': {'mse': 0.5468701124191284, 'rmse': 0.7395066618919373, 'mae': 0.5291354060173035, 'mape': 263.13226222991943, 'r2': 0.009744465351104736, 'mean_error': -0.048982903361320496, 'std_error': 0.7378826141357422}, 'financial': {'directional_accuracy': 0.518324607329843, 'sharpe_ratio': 1.7550146242192832, 'max_drawdown': -0.05595732107758522, 'total_return': 0.16367292404174805, 'hit_rate': 0.518324607329843, 'num_trades': 191, 'precision': 0.518324607329843, 'recall': 1.0, 'f1_score': 0.6827586206896552, 'confusion_matrix': [[0, 92], [0, 99]], 'auc_roc': 0.5551163812033377, 'alpha': 0.0}}}, 'aggregate': {'statistical': {'mse': 0.5727913796901702, 'rmse': 0.7567726731300354, 'mae': 0.5358802974224091, 'mape': 197.7608585357666, 'r2': 0.010546469688415527, 'mean_error': -0.013334208523156121, 'std_error': 0.7563307106494903}}}",experiments/12c_multi_horizon/market_only_daily_3q_h10_d025/fold_2016/checkpoints/tft-epoch=epoch=10-valloss=val_loss=0.4583.ckpt,daily,10,fold_2016,2016,2016-01-01,2016-12-31,10,0.0649755522608757,0.19733771681785583,0.09688500314950943,0.03988669440150261,0.13236215710639954,191,100.0,0.0,191,0.5955223441123962,0.771700918674469,0.5458701848983765,216.80729389190674,0.0006096959114074707,-0.05515226721763611,0.7697275876998901,0.5078534031413613,0.858213698599716,-0.05595732107758522,0.07679808139801025,0.5078534031413613,191,0.5078534031413613,1.0,0.6736111111111112,"[[0, 94], [0, 97]]",0.5923448124588726,0.0,30,0,147,0,14,191,15.706806282722512,0.0,76.96335078534031,0.0,7.329842931937172,market_only_daily_3q_h10_d025
2025-12-14T20:16:21.321443,True,True,"{'n_horizons': 10, 'metrics_by_horizon': {'h1': {'statistical': {'mse': 0.184712216258049, 'rmse': 0.42978158593177795, 'mae': 0.29172462224960327, 'mape': 122.29727506637573, 'r2': 0.0039580464363098145, 'mean_error': -0.0008895718492567539, 'std_error': 0.4297806918621063}, 'financial': {'directional_accuracy': 0.6020942408376964, 'sharpe_ratio': 2.464079226077764, 'max_drawdown': -0.027967534959316254, 'total_return': 0.13412082195281982, 'hit_rate': 0.6020942408376964, 'num_trades': 191, 'precision': 0.6020942408376964, 'recall': 1.0, 'f1_score': 0.7516339869281046, 'confusion_matrix': [[0, 76], [0, 115]], 'auc_roc': 0.527116704805492, 'alpha': 0.0}}, 'h2': {'statistical': {'mse': 0.1854204535484314, 'rmse': 0.4306047558784485, 'mae': 0.2931199073791504, 'mape': 120.25727033615112, 'r2': 0.0017511248588562012, 'mean_error': 0.004646419081836939, 'std_error': 0.43057969212532043}, 'financial': {'directional_accuracy': 0.6020942408376964, 'sharpe_ratio': 2.5160638561892337, 'max_drawdown': -0.027967818081378937, 'total_return': 0.13729417324066162, 'hit_rate': 0.6020942408376964, 'num_trades': 191, 'precision': 0.6020942408376964, 'recall': 1.0, 'f1_score': 0.7516339869281046, 'confusion_matrix': [[0, 76], [0, 115]], 'auc_roc': 0.5291189931350115, 'alpha': 0.0}}, 'h3': {'statistical': {'mse': 0.18565420806407928, 'rmse': 0.43087610602378845, 'mae': 0.29360947012901306, 'mape': 119.92850303649902, 'r2': 0.0005857348442077637, 'mean_error': 0.006399182137101889, 'std_error': 0.4308285713195801}, 'financial': {'directional_accuracy': 0.6020942408376964, 'sharpe_ratio': 2.5294631516696566, 'max_drawdown': -0.027967652305960655, 'total_return': 0.1380903720855713, 'hit_rate': 0.6020942408376964, 'num_trades': 191, 'precision': 0.6020942408376964, 'recall': 1.0, 'f1_score': 0.7516339869281046, 'confusion_matrix': [[0, 76], [0, 115]], 'auc_roc': 0.5306636155606407, 'alpha': 0.0}}, 'h4': {'statistical': {'mse': 0.18344144523143768, 'rmse': 0.4283006489276886, 'mae': 0.29064705967903137, 'mape': 121.87907695770264, 'r2': 0.0004417300224304199, 'mean_error': 0.002537354128435254, 'std_error': 0.4282931089401245}, 'financial': {'directional_accuracy': 0.5968586387434555, 'sharpe_ratio': 2.4002449303683364, 'max_drawdown': -0.027967827394604683, 'total_return': 0.12966763973236084, 'hit_rate': 0.5968586387434555, 'num_trades': 191, 'precision': 0.5968586387434555, 'recall': 1.0, 'f1_score': 0.7475409836065573, 'confusion_matrix': [[0, 77], [0, 114]], 'auc_roc': 0.5267714741398952, 'alpha': 0.0}}, 'h5': {'statistical': {'mse': 0.18301750719547272, 'rmse': 0.42780545353889465, 'mae': 0.28970927000045776, 'mape': 122.13624715805054, 'r2': 0.0007369518280029297, 'mean_error': 0.003741142340004444, 'std_error': 0.4277891218662262}, 'financial': {'directional_accuracy': 0.6020942408376964, 'sharpe_ratio': 2.4717864525821884, 'max_drawdown': -0.027967749163508415, 'total_return': 0.1336979866027832, 'hit_rate': 0.6020942408376964, 'num_trades': 191, 'precision': 0.6020942408376964, 'recall': 1.0, 'f1_score': 0.7516339869281046, 'confusion_matrix': [[0, 76], [0, 115]], 'auc_roc': 0.5114416475972541, 'alpha': 0.0}}, 'h6': {'statistical': {'mse': 0.18391449749469757, 'rmse': 0.42885252833366394, 'mae': 0.2917763888835907, 'mape': 122.74516820907593, 'r2': 0.0013583898544311523, 'mean_error': 0.0005190314841456711, 'std_error': 0.42885226011276245}, 'financial': {'directional_accuracy': 0.5968586387434555, 'sharpe_ratio': 2.387735057626132, 'max_drawdown': -0.027967587113380432, 'total_return': 0.12917649745941162, 'hit_rate': 0.5968586387434555, 'num_trades': 191, 'precision': 0.5968586387434555, 'recall': 1.0, 'f1_score': 0.7475409836065573, 'confusion_matrix': [[0, 77], [0, 114]], 'auc_roc': 0.5089428115743905, 'alpha': 0.0}}, 'h7': {'statistical': {'mse': 0.18406957387924194, 'rmse': 0.4290333092212677, 'mae': 0.2926204204559326, 'mape': 124.69018697738647, 'r2': 0.0011882185935974121, 'mean_error': -0.0018438732950016856, 'std_error': 0.42902928590774536}, 'financial': {'directional_accuracy': 0.5916230366492147, 'sharpe_ratio': 2.3561297991012964, 'max_drawdown': -0.027967577800154686, 'total_return': 0.1273808479309082, 'hit_rate': 0.5916230366492147, 'num_trades': 191, 'precision': 0.5916230366492147, 'recall': 1.0, 'f1_score': 0.743421052631579, 'confusion_matrix': [[0, 78], [0, 113]], 'auc_roc': 0.49614250056727927, 'alpha': 0.0}}, 'h8': {'statistical': {'mse': 0.18283437192440033, 'rmse': 0.42759135365486145, 'mae': 0.29022854566574097, 'mape': 125.72296857833862, 'r2': 0.0004603266716003418, 'mean_error': -0.006234671920537949, 'std_error': 0.4275459051132202}, 'financial': {'directional_accuracy': 0.5916230366492147, 'sharpe_ratio': 2.2722626755050994, 'max_drawdown': -0.027967695146799088, 'total_return': 0.12203490734100342, 'hit_rate': 0.5916230366492147, 'num_trades': 191, 'precision': 0.5916230366492147, 'recall': 1.0, 'f1_score': 0.743421052631579, 'confusion_matrix': [[0, 78], [0, 113]], 'auc_roc': 0.47390515089630136, 'alpha': 0.0}}, 'h9': {'statistical': {'mse': 0.1829475611448288, 'rmse': 0.4277237057685852, 'mae': 0.29037994146347046, 'mape': 127.67436504364014, 'r2': -0.00026404857635498047, 'mean_error': -0.01155523769557476, 'std_error': 0.42756763100624084}, 'financial': {'directional_accuracy': 0.5863874345549738, 'sharpe_ratio': 2.158195155522971, 'max_drawdown': -0.02796764113008976, 'total_return': 0.11546635627746582, 'hit_rate': 0.5863874345549738, 'num_trades': 191, 'precision': 0.5863874345549738, 'recall': 1.0, 'f1_score': 0.7392739273927392, 'confusion_matrix': [[0, 79], [0, 112]], 'auc_roc': 0.4689195298372513, 'alpha': 0.0}}, 'h10': {'statistical': {'mse': 0.18402603268623352, 'rmse': 0.42898255586624146, 'mae': 0.2914060056209564, 'mape': 129.88346815109253, 'r2': -0.0018780231475830078, 'mean_error': -0.019810257479548454, 'std_error': 0.4285248816013336}, 'financial': {'directional_accuracy': 0.581151832460733, 'sharpe_ratio': 1.9447106348619583, 'max_drawdown': -0.027967700734734535, 'total_return': 0.10351324081420898, 'hit_rate': 0.581151832460733, 'num_trades': 191, 'precision': 0.581151832460733, 'recall': 1.0, 'f1_score': 0.7350993377483444, 'confusion_matrix': [[0, 80], [0, 111]], 'auc_roc': 0.46052927927927934, 'alpha': 0.0}}}, 'aggregate': {'statistical': {'mse': 0.18400378674268722, 'rmse': 0.4289552003145218, 'mae': 0.2915221631526947, 'mape': 123.72145295143127, 'r2': 0.0008338451385498047, 'mean_error': -0.0022490483068395408, 'std_error': 0.428879114985466}}}",experiments/12c_multi_horizon/market_only_daily_3q_h10_d025/fold_2017/checkpoints/tft-epoch=epoch=75-valloss=val_loss=0.3548.ckpt,daily,10,fold_2017,2017,2017-01-01,2017-12-31,10,0.0502685084939003,0.09458188712596893,0.06773372739553452,0.009420962072908878,0.044313378632068634,191,100.0,0.0,191,0.184712216258049,0.42978158593177795,0.29172462224960327,122.29727506637573,0.0039580464363098145,-0.0008895718492567539,0.4297806918621063,0.6020942408376964,2.464079226077764,-0.027967534959316254,0.13412082195281982,0.6020942408376964,191,0.6020942408376964,1.0,0.7516339869281046,"[[0, 76], [0, 115]]",0.527116704805492,0.0,29,1,156,5,0,191,15.18324607329843,0.5235602094240838,81.67539267015707,2.6178010471204187,0.0,market_only_daily_3q_h10_d025
2025-12-14T20:30:01.512030,False,True,"{'n_horizons': 10, 'metrics_by_horizon': {'h1': {'statistical': {'mse': 0.9777131676673889, 'rmse': 0.9887937903404236, 'mae': 0.682836651802063, 'mape': 152.65313386917114, 'r2': -0.007116913795471191, 'mean_error': -0.0878676176071167, 'std_error': 0.9848819375038147}, 'financial': {'directional_accuracy': 0.5263157894736842, 'sharpe_ratio': -0.2571277374698757, 'max_drawdown': -0.09842368215322495, 'total_return': -0.03883761167526245, 'hit_rate': 0.5263157894736842, 'num_trades': 190, 'precision': 0.5263157894736842, 'recall': 1.0, 'f1_score': 0.6896551724137931, 'confusion_matrix': [[0, 90], [0, 100]], 'auc_roc': 0.5504444444444444, 'alpha': 0.0}}, 'h2': {'statistical': {'mse': 0.9789237380027771, 'rmse': 0.9894057512283325, 'mae': 0.6875452399253845, 'mape': 137.29790449142456, 'r2': -0.0021750926971435547, 'mean_error': -0.0651460811495781, 'std_error': 0.9872586727142334}, 'financial': {'directional_accuracy': 0.5263157894736842, 'sharpe_ratio': -0.17121894811769858, 'max_drawdown': -0.09842389076948166, 'total_return': -0.029163897037506104, 'hit_rate': 0.5263157894736842, 'num_trades': 190, 'precision': 0.5263157894736842, 'recall': 1.0, 'f1_score': 0.6896551724137931, 'confusion_matrix': [[0, 90], [0, 100]], 'auc_roc': 0.5544444444444445, 'alpha': 0.0}}, 'h3': {'statistical': {'mse': 0.9803884625434875, 'rmse': 0.9901456832885742, 'mae': 0.6906002759933472, 'mape': 130.68324327468872, 'r2': -0.0016181468963623047, 'mean_error': -0.06344188749790192, 'std_error': 0.988111138343811}, 'financial': {'directional_accuracy': 0.5263157894736842, 'sharpe_ratio': -0.21891475990473283, 'max_drawdown': -0.09842381626367569, 'total_return': -0.03467130661010742, 'hit_rate': 0.5263157894736842, 'num_trades': 190, 'precision': 0.5263157894736842, 'recall': 1.0, 'f1_score': 0.6896551724137931, 'confusion_matrix': [[0, 90], [0, 100]], 'auc_roc': 0.5597777777777778, 'alpha': 0.0}}, 'h4': {'statistical': {'mse': 0.9565427899360657, 'rmse': 0.9780300259590149, 'mae': 0.6820958256721497, 'mape': 129.568350315094, 'r2': 0.00044357776641845703, 'mean_error': -0.04923861473798752, 'std_error': 0.9767897725105286}, 'financial': {'directional_accuracy': 0.531578947368421, 'sharpe_ratio': 0.007570596125125783, 'max_drawdown': -0.09842362999916077, 'total_return': -0.008230924606323242, 'hit_rate': 0.531578947368421, 'num_trades': 190, 'precision': 0.531578947368421, 'recall': 1.0, 'f1_score': 0.6941580756013745, 'confusion_matrix': [[0, 89], [0, 101]], 'auc_roc': 0.5589053287351207, 'alpha': 0.0}}, 'h5': {'statistical': {'mse': 0.8684786558151245, 'rmse': 0.9319220185279846, 'mae': 0.6636857390403748, 'mape': 131.248140335083, 'r2': 0.0017533302307128906, 'mean_error': -0.02609148435294628, 'std_error': 0.9315567016601562}, 'financial': {'directional_accuracy': 0.5368421052631579, 'sharpe_ratio': 0.43107824533717537, 'max_drawdown': -0.0984238013625145, 'total_return': 0.04062056541442871, 'hit_rate': 0.5368421052631579, 'num_trades': 190, 'precision': 0.5368421052631579, 'recall': 1.0, 'f1_score': 0.6986301369863014, 'confusion_matrix': [[0, 88], [0, 102]], 'auc_roc': 0.5505793226381461, 'alpha': 0.0}}, 'h6': {'statistical': {'mse': 0.8763660788536072, 'rmse': 0.936144232749939, 'mae': 0.6656051874160767, 'mape': 133.4743618965149, 'r2': 0.0013655424118041992, 'mean_error': -0.026687420904636383, 'std_error': 0.9357637763023376}, 'financial': {'directional_accuracy': 0.5368421052631579, 'sharpe_ratio': 0.4628228605563337, 'max_drawdown': -0.09842387586832047, 'total_return': 0.04447352886199951, 'hit_rate': 0.5368421052631579, 'num_trades': 190, 'precision': 0.5368421052631579, 'recall': 1.0, 'f1_score': 0.6986301369863014, 'confusion_matrix': [[0, 88], [0, 102]], 'auc_roc': 0.5375445632798573, 'alpha': 0.0}}, 'h7': {'statistical': {'mse': 0.8749167919158936, 'rmse': 0.9353698492050171, 'mae': 0.6641095876693726, 'mape': 136.5364909172058, 'r2': 0.0018128156661987305, 'mean_error': -0.028495976701378822, 'std_error': 0.9349356889724731}, 'financial': {'directional_accuracy': 0.5368421052631579, 'sharpe_ratio': 0.48534734355884346, 'max_drawdown': -0.0984235480427742, 'total_return': 0.04709160327911377, 'hit_rate': 0.5368421052631579, 'num_trades': 190, 'precision': 0.5368421052631579, 'recall': 1.0, 'f1_score': 0.6986301369863014, 'confusion_matrix': [[0, 88], [0, 102]], 'auc_roc': 0.5274064171122994, 'alpha': 0.0}}, 'h8': {'statistical': {'mse': 0.8056017160415649, 'rmse': 0.8975532054901123, 'mae': 0.6496208906173706, 'mape': 140.50039052963257, 'r2': 0.00015437602996826172, 'mean_error': -0.01712554693222046, 'std_error': 0.897389829158783}, 'financial': {'directional_accuracy': 0.5368421052631579, 'sharpe_ratio': 0.7699790007793745, 'max_drawdown': -0.09842373430728912, 'total_return': 0.07792055606842041, 'hit_rate': 0.5368421052631579, 'num_trades': 190, 'precision': 0.5368421052631579, 'recall': 1.0, 'f1_score': 0.6986301369863014, 'confusion_matrix': [[0, 88], [0, 102]], 'auc_roc': 0.5225044563279858, 'alpha': 0.0}}, 'h9': {'statistical': {'mse': 0.796543300151825, 'rmse': 0.8924927711486816, 'mae': 0.6438084840774536, 'mape': 144.85641717910767, 'r2': -0.0022209882736206055, 'mean_error': -0.029681580141186714, 'std_error': 0.8919990658760071}, 'financial': {'directional_accuracy': 0.531578947368421, 'sharpe_ratio': 0.6213974432681049, 'max_drawdown': -0.09842369705438614, 'total_return': 0.06048297882080078, 'hit_rate': 0.531578947368421, 'num_trades': 190, 'precision': 0.531578947368421, 'recall': 1.0, 'f1_score': 0.6941580756013745, 'confusion_matrix': [[0, 89], [0, 101]], 'auc_roc': 0.5066192012459673, 'alpha': 0.0}}, 'h10': {'statistical': {'mse': 0.7906764149665833, 'rmse': 0.8891998529434204, 'mae': 0.6410545110702515, 'mape': 147.88403511047363, 'r2': -0.003061532974243164, 'mean_error': -0.0452636182308197, 'std_error': 0.8880470395088196}, 'financial': {'directional_accuracy': 0.5263157894736842, 'sharpe_ratio': 0.4218046235682184, 'max_drawdown': -0.09842352569103241, 'total_return': 0.03801441192626953, 'hit_rate': 0.5263157894736842, 'num_trades': 190, 'precision': 0.5263157894736842, 'recall': 1.0, 'f1_score': 0.6896551724137931, 'confusion_matrix': [[0, 90], [0, 100]], 'auc_roc': 0.4988888888888889, 'alpha': 0.0}}}, 'aggregate': {'statistical': {'mse': 0.8906151115894317, 'rmse': 0.94290571808815, 'mae': 0.6670962393283844, 'mape': 138.4702467918396, 'r2': -0.001066303253173828, 'mean_error': -0.04390398282557726, 'std_error': 0.9416733622550965}}}",experiments/12c_multi_horizon/market_only_daily_3q_h10_d025/fold_2018/checkpoints/tft-epoch=epoch=70-valloss=val_loss=0.2168.ckpt,daily,10,fold_2018,2018,2018-01-01,2018-12-31,10,0.03559129312634468,0.10947707295417786,0.07190829515457153,0.023505060002207756,0.07388578355312347,190,100.0,0.0,190,0.9777131676673889,0.9887937903404236,0.682836651802063,152.65313386917114,-0.007116913795471191,-0.0878676176071167,0.9848819375038147,0.5263157894736842,-0.2571277374698757,-0.09842368215322495,-0.03883761167526245,0.5263157894736842,190,0.5263157894736842,1.0,0.6896551724137931,"[[0, 90], [0, 100]]",0.5504444444444444,0.0,30,0,160,0,0,190,15.789473684210526,0.0,84.21052631578947,0.0,0.0,market_only_daily_3q_h10_d025
2025-12-14T20:42:32.269763,True,True,"{'n_horizons': 10, 'metrics_by_horizon': {'h1': {'statistical': {'mse': 0.6276693940162659, 'rmse': 0.7922558784484863, 'mae': 0.5807815194129944, 'mape': 158.92263650894165, 'r2': 0.0013594627380371094, 'mean_error': 0.0040348065085709095, 'std_error': 0.7922456860542297}, 'financial': {'directional_accuracy': 0.5706806282722513, 'sharpe_ratio': 1.4878671611256145, 'max_drawdown': -0.06836147606372833, 'total_return': 0.1455094814300537, 'hit_rate': 0.5706806282722513, 'num_trades': 191, 'precision': 0.5706806282722513, 'recall': 1.0, 'f1_score': 0.7266666666666666, 'confusion_matrix': [[0, 82], [0, 109]], 'auc_roc': 0.5486686059521146, 'alpha': 0.0}}, 'h2': {'statistical': {'mse': 0.6278296113014221, 'rmse': 0.7923569679260254, 'mae': 0.5818164348602295, 'mape': 105.23428916931152, 'r2': -0.003329157829284668, 'mean_error': 0.05826592445373535, 'std_error': 0.7902117967605591}, 'financial': {'directional_accuracy': 0.5706806282722513, 'sharpe_ratio': 1.4397528209426989, 'max_drawdown': -0.06836137175559998, 'total_return': 0.1399521827697754, 'hit_rate': 0.5706806282722513, 'num_trades': 191, 'precision': 0.5706806282722513, 'recall': 1.0, 'f1_score': 0.7266666666666666, 'confusion_matrix': [[0, 82], [0, 109]], 'auc_roc': 0.5426269859028866, 'alpha': 0.0}}, 'h3': {'statistical': {'mse': 0.6296849250793457, 'rmse': 0.7935268878936768, 'mae': 0.5838454365730286, 'mape': 104.21007871627808, 'r2': -0.005993843078613281, 'mean_error': 0.07334163039922714, 'std_error': 0.7901303768157959}, 'financial': {'directional_accuracy': 0.4869109947643979, 'sharpe_ratio': 1.7515663369941818, 'max_drawdown': -0.026439273729920387, 'total_return': 0.07344639301300049, 'hit_rate': 0.1099476439790576, 'num_trades': 32, 'precision': 0.65625, 'recall': 0.19444444444444445, 'f1_score': 0.3, 'confusion_matrix': [[72, 11], [87, 21]], 'auc_roc': 0.5553324408746095, 'alpha': -0.0641322135925293}}, 'h4': {'statistical': {'mse': 0.6280069351196289, 'rmse': 0.7924689054489136, 'mae': 0.5809746384620667, 'mape': 103.90534400939941, 'r2': -0.0064307451248168945, 'mean_error': 0.06930970400571823, 'std_error': 0.7894321084022522}, 'financial': {'directional_accuracy': 0.4973821989528796, 'sharpe_ratio': 1.8515134430869886, 'max_drawdown': -0.02643929049372673, 'total_return': 0.07906568050384521, 'hit_rate': 0.12041884816753927, 'num_trades': 34, 'precision': 0.6764705882352942, 'recall': 0.21296296296296297, 'f1_score': 0.32394366197183094, 'confusion_matrix': [[72, 11], [85, 23]], 'auc_roc': 0.53603302097278, 'alpha': -0.051650285720825195}}, 'h5': {'statistical': {'mse': 0.6271758079528809, 'rmse': 0.7919443249702454, 'mae': 0.5798877477645874, 'mape': 104.76868152618408, 'r2': -0.006117463111877441, 'mean_error': 0.06094822660088539, 'std_error': 0.7895955443382263}, 'financial': {'directional_accuracy': 0.4397905759162304, 'sharpe_ratio': -0.4957205910662183, 'max_drawdown': -0.09002406895160675, 'total_return': -0.03800588846206665, 'hit_rate': 0.193717277486911, 'num_trades': 73, 'precision': 0.5068493150684932, 'recall': 0.3425925925925926, 'f1_score': 0.40883977900552493, 'confusion_matrix': [[47, 36], [71, 37]], 'auc_roc': 0.5180722891566265, 'alpha': -0.16649562120437622}}, 'h6': {'statistical': {'mse': 0.6258361339569092, 'rmse': 0.7910980582237244, 'mae': 0.5788200497627258, 'mape': 113.18773031234741, 'r2': -0.0043790340423583984, 'mean_error': 0.05348792299628258, 'std_error': 0.7892877459526062}, 'financial': {'directional_accuracy': 0.5706806282722513, 'sharpe_ratio': 1.3864551095493538, 'max_drawdown': -0.0683613121509552, 'total_return': 0.13390111923217773, 'hit_rate': 0.5706806282722513, 'num_trades': 191, 'precision': 0.5706806282722513, 'recall': 1.0, 'f1_score': 0.7266666666666666, 'confusion_matrix': [[0, 82], [0, 109]], 'auc_roc': 0.5287536361602149, 'alpha': 0.0}}, 'h7': {'statistical': {'mse': 0.6185402870178223, 'rmse': 0.7864733338356018, 'mae': 0.5732969641685486, 'mape': 123.19133281707764, 'r2': -0.0011490583419799805, 'mean_error': 0.04808681458234787, 'std_error': 0.7850018739700317}, 'financial': {'directional_accuracy': 0.5759162303664922, 'sharpe_ratio': 1.5078487762403563, 'max_drawdown': -0.06836105138063431, 'total_return': 0.14640271663665771, 'hit_rate': 0.5759162303664922, 'num_trades': 191, 'precision': 0.5759162303664922, 'recall': 1.0, 'f1_score': 0.7308970099667774, 'confusion_matrix': [[0, 81], [0, 110]], 'auc_roc': 0.540628507295174, 'alpha': 0.0}}, 'h8': {'statistical': {'mse': 0.6169666647911072, 'rmse': 0.7854722738265991, 'mae': 0.5722157955169678, 'mape': 135.92523336410522, 'r2': 0.0013977289199829102, 'mean_error': 0.0364336334168911, 'std_error': 0.784626841545105}, 'financial': {'directional_accuracy': 0.5759162303664922, 'sharpe_ratio': 1.5082226413035889, 'max_drawdown': -0.06836159527301788, 'total_return': 0.14644229412078857, 'hit_rate': 0.5759162303664922, 'num_trades': 191, 'precision': 0.5759162303664922, 'recall': 1.0, 'f1_score': 0.7308970099667774, 'confusion_matrix': [[0, 81], [0, 110]], 'auc_roc': 0.5372053872053871, 'alpha': 0.0}}, 'h9': {'statistical': {'mse': 0.6162158250808716, 'rmse': 0.7849941849708557, 'mae': 0.5710766911506653, 'mape': 145.89920043945312, 'r2': 0.002613663673400879, 'mean_error': 0.024529382586479187, 'std_error': 0.7846108078956604}, 'financial': {'directional_accuracy': 0.5759162303664922, 'sharpe_ratio': 1.509574989653162, 'max_drawdown': -0.06836125999689102, 'total_return': 0.1465895175933838, 'hit_rate': 0.5759162303664922, 'num_trades': 191, 'precision': 0.5759162303664922, 'recall': 1.0, 'f1_score': 0.7308970099667774, 'confusion_matrix': [[0, 81], [0, 110]], 'auc_roc': 0.5180695847362514, 'alpha': 0.0}}, 'h10': {'statistical': {'mse': 0.6118079423904419, 'rmse': 0.7821815013885498, 'mae': 0.5679654479026794, 'mape': 156.9273591041565, 'r2': 0.0013434290885925293, 'mean_error': 0.009665334597229958, 'std_error': 0.7821218371391296}, 'financial': {'directional_accuracy': 0.5759162303664922, 'sharpe_ratio': 1.4608067108639153, 'max_drawdown': -0.0683610662817955, 'total_return': 0.14070844650268555, 'hit_rate': 0.5759162303664922, 'num_trades': 191, 'precision': 0.5759162303664922, 'recall': 1.0, 'f1_score': 0.7308970099667774, 'confusion_matrix': [[0, 81], [0, 110]], 'auc_roc': 0.5022446689113356, 'alpha': 0.0}}}, 'aggregate': {'statistical': {'mse': 0.6229733526706696, 'rmse': 0.7892772316932678, 'mae': 0.5770680725574493, 'mape': 125.21718859672546, 'r2': -0.0020685017108917235, 'mean_error': 0.04381033801473677, 'std_error': 0.7877264618873596}}}",experiments/12c_multi_horizon/market_only_daily_3q_h10_d025/fold_2019/checkpoints/tft-epoch=epoch=12-valloss=val_loss=0.4470.ckpt,daily,10,fold_2019,2019,2019-01-01,2019-12-31,10,0.0494011826813221,0.1795974224805832,0.07027134299278259,0.014924437738955021,0.1301962435245514,187,100.0,0.0,191,0.6276693940162659,0.7922558784484863,0.5807815194129944,158.92263650894165,0.0013594627380371094,0.0040348065085709095,0.7922456860542297,0.5706806282722513,1.4878671611256145,-0.06836147606372833,0.1455094814300537,0.5706806282722513,191,0.5706806282722513,1.0,0.7266666666666666,"[[0, 82], [0, 109]]",0.5486686059521146,0.0,30,0,154,7,0,191,15.706806282722512,0.0,80.6282722513089,3.664921465968586,0.0,market_only_daily_3q_h10_d025
2025-12-14T20:54:25.574383,False,True,"{'n_horizons': 10, 'metrics_by_horizon': {'h1': {'statistical': {'mse': 5.996518611907959, 'rmse': 2.4487791061401367, 'mae': 1.5762475728988647, 'mape': 109.14955139160156, 'r2': -0.0018180608749389648, 'mean_error': -0.07880651950836182, 'std_error': 2.4475104808807373}, 'financial': {'directional_accuracy': 0.5729166666666666, 'sharpe_ratio': 0.2278862943264488, 'max_drawdown': -0.3392496705055237, 'total_return': 0.009466886520385742, 'hit_rate': 0.5729166666666666, 'num_trades': 192, 'precision': 0.5729166666666666, 'recall': 1.0, 'f1_score': 0.728476821192053, 'confusion_matrix': [[0, 82], [0, 110]], 'auc_roc': 0.5200665188470066, 'alpha': 0.0}}, 'h2': {'statistical': {'mse': 5.996133327484131, 'rmse': 2.448700428009033, 'mae': 1.577902913093567, 'mape': 108.3168625831604, 'r2': -0.0005661249160766602, 'mean_error': -0.05026186630129814, 'std_error': 2.4481842517852783}, 'financial': {'directional_accuracy': 0.578125, 'sharpe_ratio': 0.3620136235201016, 'max_drawdown': -0.3392496407032013, 'total_return': 0.05031991004943848, 'hit_rate': 0.578125, 'num_trades': 192, 'precision': 0.578125, 'recall': 1.0, 'f1_score': 0.7326732673267327, 'confusion_matrix': [[0, 81], [0, 111]], 'auc_roc': 0.5200756311867423, 'alpha': 0.0}}, 'h3': {'statistical': {'mse': 6.0074238777160645, 'rmse': 2.45100474357605, 'mae': 1.583806037902832, 'mape': 107.81174898147583, 'r2': 0.00025784969329833984, 'mean_error': -0.04060565307736397, 'std_error': 2.4506683349609375}, 'financial': {'directional_accuracy': 0.578125, 'sharpe_ratio': 0.4026920584434693, 'max_drawdown': -0.33924955129623413, 'total_return': 0.06304740905761719, 'hit_rate': 0.578125, 'num_trades': 192, 'precision': 0.578125, 'recall': 1.0, 'f1_score': 0.7326732673267327, 'confusion_matrix': [[0, 81], [0, 111]], 'auc_roc': 0.5305305305305306, 'alpha': 0.0}}, 'h4': {'statistical': {'mse': 5.994292736053467, 'rmse': 2.44832444190979, 'mae': 1.5768200159072876, 'mape': 109.29981470108032, 'r2': 0.0006539821624755859, 'mean_error': -0.047559354454278946, 'std_error': 2.447862386703491}, 'financial': {'directional_accuracy': 0.5729166666666666, 'sharpe_ratio': 0.35150959420517547, 'max_drawdown': -0.33924952149391174, 'total_return': 0.047055959701538086, 'hit_rate': 0.5729166666666666, 'num_trades': 192, 'precision': 0.5729166666666666, 'recall': 1.0, 'f1_score': 0.728476821192053, 'confusion_matrix': [[0, 82], [0, 110]], 'auc_roc': 0.5429046563192905, 'alpha': 0.0}}, 'h5': {'statistical': {'mse': 5.995326519012451, 'rmse': 2.448535680770874, 'mae': 1.5767675638198853, 'mape': 109.57940816879272, 'r2': 0.0005668997764587402, 'mean_error': -0.047348812222480774, 'std_error': 2.448077917098999}, 'financial': {'directional_accuracy': 0.5729166666666666, 'sharpe_ratio': 0.3530113229960214, 'max_drawdown': -0.3392496407032013, 'total_return': 0.04752075672149658, 'hit_rate': 0.5729166666666666, 'num_trades': 192, 'precision': 0.5729166666666666, 'recall': 1.0, 'f1_score': 0.728476821192053, 'confusion_matrix': [[0, 82], [0, 110]], 'auc_roc': 0.5395787139689578, 'alpha': 0.0}}, 'h6': {'statistical': {'mse': 5.9989190101623535, 'rmse': 2.4492690563201904, 'mae': 1.5769811868667603, 'mape': 110.4617714881897, 'r2': -6.73532485961914e-05, 'mean_error': -0.050372038036584854, 'std_error': 2.4487509727478027}, 'financial': {'directional_accuracy': 0.5677083333333334, 'sharpe_ratio': 0.3370652861444958, 'max_drawdown': -0.3392495810985565, 'total_return': 0.042587995529174805, 'hit_rate': 0.5677083333333334, 'num_trades': 192, 'precision': 0.5677083333333334, 'recall': 1.0, 'f1_score': 0.7242524916943521, 'confusion_matrix': [[0, 83], [0, 109]], 'auc_roc': 0.5366419807671051, 'alpha': 0.0}}, 'h7': {'statistical': {'mse': 6.0072455406188965, 'rmse': 2.4509682655334473, 'mae': 1.5799850225448608, 'mape': 110.595703125, 'r2': -0.0008032321929931641, 'mean_error': -0.05366998538374901, 'std_error': 2.450380563735962}, 'financial': {'directional_accuracy': 0.5677083333333334, 'sharpe_ratio': 0.3215071889979379, 'max_drawdown': -0.33924946188926697, 'total_return': 0.037789106369018555, 'hit_rate': 0.5677083333333334, 'num_trades': 192, 'precision': 0.5677083333333334, 'recall': 1.0, 'f1_score': 0.7242524916943521, 'confusion_matrix': [[0, 83], [0, 109]], 'auc_roc': 0.5150878744335139, 'alpha': 0.0}}, 'h8': {'statistical': {'mse': 6.0164337158203125, 'rmse': 2.4528419971466064, 'mae': 1.5832699537277222, 'mape': 110.64658164978027, 'r2': -0.0012469291687011719, 'mean_error': -0.051560014486312866, 'std_error': 2.4523000717163086}, 'financial': {'directional_accuracy': 0.5677083333333334, 'sharpe_ratio': 0.3425277551350463, 'max_drawdown': -0.3392496109008789, 'total_return': 0.044263243675231934, 'hit_rate': 0.5677083333333334, 'num_trades': 192, 'precision': 0.5677083333333334, 'recall': 1.0, 'f1_score': 0.7242524916943521, 'confusion_matrix': [[0, 83], [0, 109]], 'auc_roc': 0.5198408312147673, 'alpha': 0.0}}, 'h9': {'statistical': {'mse': 6.019567012786865, 'rmse': 2.4534804821014404, 'mae': 1.5873990058898926, 'mape': 110.37323474884033, 'r2': -0.0007119178771972656, 'mean_error': -0.047698114067316055, 'std_error': 2.453016757965088}, 'financial': {'directional_accuracy': 0.5677083333333334, 'sharpe_ratio': 0.3759217941775439, 'max_drawdown': -0.3392496109008789, 'total_return': 0.054645538330078125, 'hit_rate': 0.5677083333333334, 'num_trades': 192, 'precision': 0.5677083333333334, 'recall': 1.0, 'f1_score': 0.7242524916943521, 'confusion_matrix': [[0, 83], [0, 109]], 'auc_roc': 0.5401790648833869, 'alpha': 0.0}}, 'h10': {'statistical': {'mse': 6.021340847015381, 'rmse': 2.4538421630859375, 'mae': 1.5871645212173462, 'mape': 110.24709939956665, 'r2': -0.0010623931884765625, 'mean_error': -0.05497847869992256, 'std_error': 2.453226089477539}, 'financial': {'directional_accuracy': 0.5625, 'sharpe_ratio': 0.3379909895243299, 'max_drawdown': -0.3392493724822998, 'total_return': 0.04285323619842529, 'hit_rate': 0.5625, 'num_trades': 192, 'precision': 0.5625, 'recall': 1.0, 'f1_score': 0.72, 'confusion_matrix': [[0, 84], [0, 108]], 'auc_roc': 0.5494929453262787, 'alpha': 0.0}}}, 'aggregate': {'statistical': {'mse': 6.005320119857788, 'rmse': 2.4505746364593506, 'mae': 1.5806343793869018, 'mape': 109.64817762374878, 'r2': -0.00047972798347473145, 'mean_error': -0.052286083623766896, 'std_error': 2.4499977827072144}}}",experiments/12c_multi_horizon/market_only_daily_3q_h10_d025/fold_2020/checkpoints/tft-epoch=epoch=93-valloss=val_loss=0.3745.ckpt,daily,10,fold_2020,2020,2020-01-01,2020-12-31,10,0.04793117940425873,0.16693611443042755,0.11392799764871597,0.03722475841641426,0.11900493502616882,191,100.0,0.0,192,5.996518611907959,2.4487791061401367,1.5762475728988647,109.14955139160156,-0.0018180608749389648,-0.07880651950836182,2.4475104808807373,0.5729166666666666,0.2278862943264488,-0.3392496705055237,0.009466886520385742,0.5729166666666666,192,0.5729166666666666,1.0,0.728476821192053,"[[0, 82], [0, 110]]",0.5200665188470066,0.0,30,0,162,0,0,192,15.625,0.0,84.375,0.0,0.0,market_only_daily_3q_h10_d025
2025-12-14T21:06:23.872587,False,True,"{'n_horizons': 10, 'metrics_by_horizon': {'h1': {'statistical': {'mse': 0.5760276317596436, 'rmse': 0.7589648365974426, 'mae': 0.5696645379066467, 'mape': 139.3601655960083, 'r2': -0.008958101272583008, 'mean_error': -0.055102910846471786, 'std_error': 0.7569618821144104}, 'financial': {'directional_accuracy': 0.5759162303664922, 'sharpe_ratio': 2.458522462901303, 'max_drawdown': -0.05212545022368431, 'total_return': 0.24349892139434814, 'hit_rate': 0.5759162303664922, 'num_trades': 191, 'precision': 0.5759162303664922, 'recall': 1.0, 'f1_score': 0.7308970099667774, 'confusion_matrix': [[0, 81], [0, 110]], 'auc_roc': 0.4356902356902357, 'alpha': 0.0}}, 'h2': {'statistical': {'mse': 0.5659458041191101, 'rmse': 0.7522937059402466, 'mae': 0.5635733604431152, 'mape': 133.33865404129028, 'r2': -0.005445718765258789, 'mean_error': -0.04516816884279251, 'std_error': 0.7509365081787109}, 'financial': {'directional_accuracy': 0.5759162303664922, 'sharpe_ratio': 2.3683664582098194, 'max_drawdown': -0.052125316113233566, 'total_return': 0.23158299922943115, 'hit_rate': 0.5759162303664922, 'num_trades': 191, 'precision': 0.5759162303664922, 'recall': 1.0, 'f1_score': 0.7308970099667774, 'confusion_matrix': [[0, 81], [0, 110]], 'auc_roc': 0.44994388327721657, 'alpha': 0.0}}, 'h3': {'statistical': {'mse': 0.5660091042518616, 'rmse': 0.752335786819458, 'mae': 0.5649290680885315, 'mape': 129.8876166343689, 'r2': -0.004924416542053223, 'mean_error': -0.03155709430575371, 'std_error': 0.7516736388206482}, 'financial': {'directional_accuracy': 0.5759162303664922, 'sharpe_ratio': 2.3977874269568065, 'max_drawdown': -0.05212530866265297, 'total_return': 0.23493385314941406, 'hit_rate': 0.5759162303664922, 'num_trades': 191, 'precision': 0.5759162303664922, 'recall': 1.0, 'f1_score': 0.7308970099667774, 'confusion_matrix': [[0, 81], [0, 110]], 'auc_roc': 0.4411896745230079, 'alpha': 0.0}}, 'h4': {'statistical': {'mse': 0.5620718598365784, 'rmse': 0.7497144937515259, 'mae': 0.5602210164070129, 'mape': 127.50017642974854, 'r2': -0.0068187713623046875, 'mean_error': -0.02922017127275467, 'std_error': 0.7491449117660522}, 'financial': {'directional_accuracy': 0.5759162303664922, 'sharpe_ratio': 2.2975844935524616, 'max_drawdown': -0.05212528631091118, 'total_return': 0.22275948524475098, 'hit_rate': 0.5759162303664922, 'num_trades': 191, 'precision': 0.5759162303664922, 'recall': 1.0, 'f1_score': 0.7308970099667774, 'confusion_matrix': [[0, 81], [0, 110]], 'auc_roc': 0.4359147025813692, 'alpha': 0.0}}, 'h5': {'statistical': {'mse': 0.5614001154899597, 'rmse': 0.7492663860321045, 'mae': 0.5604206323623657, 'mape': 126.50130987167358, 'r2': -0.004413485527038574, 'mean_error': -0.028015051037073135, 'std_error': 0.7487425208091736}, 'financial': {'directional_accuracy': 0.5706806282722513, 'sharpe_ratio': 2.213986798812337, 'max_drawdown': -0.05212530866265297, 'total_return': 0.21375107765197754, 'hit_rate': 0.5706806282722513, 'num_trades': 191, 'precision': 0.5706806282722513, 'recall': 1.0, 'f1_score': 0.7266666666666666, 'confusion_matrix': [[0, 82], [0, 109]], 'auc_roc': 0.44831058402327145, 'alpha': 0.0}}, 'h6': {'statistical': {'mse': 0.562120258808136, 'rmse': 0.7497467994689941, 'mae': 0.5613574981689453, 'mape': 126.09684467315674, 'r2': -0.001553177833557129, 'mean_error': -0.032060664147138596, 'std_error': 0.7490609884262085}, 'financial': {'directional_accuracy': 0.5654450261780105, 'sharpe_ratio': 2.0360691343645416, 'max_drawdown': -0.05212520435452461, 'total_return': 0.19492506980895996, 'hit_rate': 0.5654450261780105, 'num_trades': 191, 'precision': 0.5654450261780105, 'recall': 1.0, 'f1_score': 0.7224080267558529, 'confusion_matrix': [[0, 83], [0, 108]], 'auc_roc': 0.45961624274877283, 'alpha': 0.0}}, 'h7': {'statistical': {'mse': 0.5625013113021851, 'rmse': 0.7500008940696716, 'mae': 0.5625223517417908, 'mape': 124.54205751419067, 'r2': 0.0009868741035461426, 'mean_error': -0.02394879423081875, 'std_error': 0.7496184706687927}, 'financial': {'directional_accuracy': 0.5706806282722513, 'sharpe_ratio': 2.125130155583894, 'max_drawdown': -0.052125293761491776, 'total_return': 0.20489811897277832, 'hit_rate': 0.5706806282722513, 'num_trades': 191, 'precision': 0.5706806282722513, 'recall': 1.0, 'f1_score': 0.7266666666666666, 'confusion_matrix': [[0, 82], [0, 109]], 'auc_roc': 0.4777355113000671, 'alpha': 0.0}}, 'h8': {'statistical': {'mse': 0.5617430806159973, 'rmse': 0.7494952082633972, 'mae': 0.5609251260757446, 'mape': 135.70703268051147, 'r2': 0.002260267734527588, 'mean_error': -0.02016269974410534, 'std_error': 0.7492239475250244}, 'financial': {'directional_accuracy': 0.5706806282722513, 'sharpe_ratio': 2.1289128042559295, 'max_drawdown': -0.05212532356381416, 'total_return': 0.205299973487854, 'hit_rate': 0.5706806282722513, 'num_trades': 191, 'precision': 0.5706806282722513, 'recall': 1.0, 'f1_score': 0.7266666666666666, 'confusion_matrix': [[0, 82], [0, 109]], 'auc_roc': 0.5017901096442157, 'alpha': 0.0}}, 'h9': {'statistical': {'mse': 0.5626370310783386, 'rmse': 0.7500913739204407, 'mae': 0.5628527998924255, 'mape': 139.21841382980347, 'r2': 0.0013889074325561523, 'mean_error': -0.015313485637307167, 'std_error': 0.7499350309371948}, 'financial': {'directional_accuracy': 0.5706806282722513, 'sharpe_ratio': 2.1525397515800644, 'max_drawdown': -0.05212532728910446, 'total_return': 0.20795106887817383, 'hit_rate': 0.5706806282722513, 'num_trades': 191, 'precision': 0.5706806282722513, 'recall': 1.0, 'f1_score': 0.7266666666666666, 'confusion_matrix': [[0, 82], [0, 109]], 'auc_roc': 0.49518908033117026, 'alpha': 0.0}}, 'h10': {'statistical': {'mse': 0.5623208284378052, 'rmse': 0.7498805522918701, 'mae': 0.5623641610145569, 'mape': 143.41809749603271, 'r2': 0.001874387264251709, 'mean_error': -0.01510667521506548, 'std_error': 0.7497283816337585}, 'financial': {'directional_accuracy': 0.5654450261780105, 'sharpe_ratio': 2.0716481728306895, 'max_drawdown': -0.05212549492716789, 'total_return': 0.19916021823883057, 'hit_rate': 0.5654450261780105, 'num_trades': 191, 'precision': 0.5654450261780105, 'recall': 1.0, 'f1_score': 0.7224080267558529, 'confusion_matrix': [[0, 83], [0, 108]], 'auc_roc': 0.5130522088353413, 'alpha': 0.0}}}, 'aggregate': {'statistical': {'mse': 0.5642777025699616, 'rmse': 0.7511790037155152, 'mae': 0.5628830552101135, 'mape': 132.55703687667847, 'r2': -0.0025603234767913817, 'mean_error': -0.029565571527928113, 'std_error': 0.7505026280879974}}}",experiments/12c_multi_horizon/market_only_daily_3q_h10_d025/fold_2021/checkpoints/tft-epoch=epoch=89-valloss=val_loss=1.1229.ckpt,daily,10,fold_2021,2021,2021-01-01,2021-12-31,10,0.06664646416902542,0.2093556970357895,0.17212261259555817,0.028429880738258362,0.14270922541618347,191,100.0,0.0,191,0.5760276317596436,0.7589648365974426,0.5696645379066467,139.3601655960083,-0.008958101272583008,-0.055102910846471786,0.7569618821144104,0.5759162303664922,2.458522462901303,-0.05212545022368431,0.24349892139434814,0.5759162303664922,191,0.5759162303664922,1.0,0.7308970099667774,"[[0, 81], [0, 110]]",0.4356902356902357,0.0,30,0,161,0,0,191,15.706806282722512,0.0,84.29319371727748,0.0,0.0,market_only_daily_3q_h10_d025
2025-12-14T21:19:04.828705,False,True,"{'n_horizons': 10, 'metrics_by_horizon': {'h1': {'statistical': {'mse': 2.550402879714966, 'rmse': 1.5969980955123901, 'mae': 1.2887381315231323, 'mape': 133.3012819290161, 'r2': -0.03649628162384033, 'mean_error': -0.32095155119895935, 'std_error': 1.564414620399475}, 'financial': {'directional_accuracy': 0.4421052631578947, 'sharpe_ratio': -0.810338627326297, 'max_drawdown': -0.2258353978395462, 'total_return': -0.16110485792160034, 'hit_rate': 0.4421052631578947, 'num_trades': 190, 'precision': 0.4421052631578947, 'recall': 1.0, 'f1_score': 0.6131386861313868, 'confusion_matrix': [[0, 106], [0, 84]], 'auc_roc': 0.5176325247079965, 'alpha': 0.0}}, 'h2': {'statistical': {'mse': 2.5271317958831787, 'rmse': 1.5896954536437988, 'mae': 1.2823749780654907, 'mape': 124.36549663543701, 'r2': -0.026261329650878906, 'mean_error': -0.27220630645751953, 'std_error': 1.5662169456481934}, 'financial': {'directional_accuracy': 0.4368421052631579, 'sharpe_ratio': -0.902935399615819, 'max_drawdown': -0.22583533823490143, 'total_return': -0.17564332485198975, 'hit_rate': 0.4368421052631579, 'num_trades': 190, 'precision': 0.4368421052631579, 'recall': 1.0, 'f1_score': 0.6080586080586081, 'confusion_matrix': [[0, 107], [0, 83]], 'auc_roc': 0.519423488345907, 'alpha': 0.0}}, 'h3': {'statistical': {'mse': 2.5246427059173584, 'rmse': 1.5889124870300293, 'mae': 1.2824149131774902, 'mape': 122.80535697937012, 'r2': -0.022974848747253418, 'mean_error': -0.25879186391830444, 'std_error': 1.5676956176757812}, 'financial': {'directional_accuracy': 0.4368421052631579, 'sharpe_ratio': -0.8796156697867007, 'max_drawdown': -0.2258351445198059, 'total_return': -0.17221605777740479, 'hit_rate': 0.4368421052631579, 'num_trades': 190, 'precision': 0.4368421052631579, 'recall': 1.0, 'f1_score': 0.6080586080586081, 'confusion_matrix': [[0, 107], [0, 83]], 'auc_roc': 0.5309086814547912, 'alpha': 0.0}}, 'h4': {'statistical': {'mse': 2.493509292602539, 'rmse': 1.5790849924087524, 'mae': 1.2733367681503296, 'mape': 123.26806783676147, 'r2': -0.020136237144470215, 'mean_error': -0.24395273625850677, 'std_error': 1.5601270198822021}, 'financial': {'directional_accuracy': 0.4421052631578947, 'sharpe_ratio': -0.7021366255815495, 'max_drawdown': -0.2258354127407074, 'total_return': -0.1433638334274292, 'hit_rate': 0.4421052631578947, 'num_trades': 190, 'precision': 0.4421052631578947, 'recall': 1.0, 'f1_score': 0.6131386861313868, 'confusion_matrix': [[0, 106], [0, 84]], 'auc_roc': 0.5286388140161725, 'alpha': 0.0}}, 'h5': {'statistical': {'mse': 2.497225046157837, 'rmse': 1.5802611112594604, 'mae': 1.274736762046814, 'mape': 124.5873212814331, 'r2': -0.021538615226745605, 'mean_error': -0.25203049182891846, 'std_error': 1.560033917427063}, 'financial': {'directional_accuracy': 0.4421052631578947, 'sharpe_ratio': -0.6997396194746205, 'max_drawdown': -0.2258353978395462, 'total_return': -0.14298778772354126, 'hit_rate': 0.4421052631578947, 'num_trades': 190, 'precision': 0.4421052631578947, 'recall': 1.0, 'f1_score': 0.6131386861313868, 'confusion_matrix': [[0, 106], [0, 84]], 'auc_roc': 0.5353773584905661, 'alpha': 0.0}}, 'h6': {'statistical': {'mse': 2.5278244018554688, 'rmse': 1.5899133682250977, 'mae': 1.2854317426681519, 'mape': 126.0047435760498, 'r2': -0.025381088256835938, 'mean_error': -0.27119892835617065, 'std_error': 1.5666128396987915}, 'financial': {'directional_accuracy': 0.4421052631578947, 'sharpe_ratio': -0.7876655030968915, 'max_drawdown': -0.22583530843257904, 'total_return': -0.1576763391494751, 'hit_rate': 0.4421052631578947, 'num_trades': 190, 'precision': 0.4421052631578947, 'recall': 1.0, 'f1_score': 0.6131386861313868, 'confusion_matrix': [[0, 106], [0, 84]], 'auc_roc': 0.5321203953279425, 'alpha': 0.0}}, 'h7': {'statistical': {'mse': 2.6799511909484863, 'rmse': 1.6370556354522705, 'mae': 1.3116532564163208, 'mape': 127.7178168296814, 'r2': -0.020343303680419922, 'mean_error': -0.2571283280849457, 'std_error': 1.6167362928390503}, 'financial': {'directional_accuracy': 0.4421052631578947, 'sharpe_ratio': -0.5206293361198003, 'max_drawdown': -0.22583533823490143, 'total_return': -0.11838918924331665, 'hit_rate': 0.4421052631578947, 'num_trades': 190, 'precision': 0.4421052631578947, 'recall': 1.0, 'f1_score': 0.6131386861313868, 'confusion_matrix': [[0, 106], [0, 84]], 'auc_roc': 0.5367250673854447, 'alpha': 0.0}}, 'h8': {'statistical': {'mse': 2.683706521987915, 'rmse': 1.63820219039917, 'mae': 1.3128505945205688, 'mape': 129.66605424880981, 'r2': -0.02503335475921631, 'mean_error': -0.2801256775856018, 'std_error': 1.614074468612671}, 'financial': {'directional_accuracy': 0.4368421052631579, 'sharpe_ratio': -0.6425600272712925, 'max_drawdown': -0.2258351594209671, 'total_return': -0.1387697458267212, 'hit_rate': 0.4368421052631579, 'num_trades': 190, 'precision': 0.4368421052631579, 'recall': 1.0, 'f1_score': 0.6080586080586081, 'confusion_matrix': [[0, 107], [0, 83]], 'auc_roc': 0.5346244792253125, 'alpha': 0.0}}, 'h9': {'statistical': {'mse': 2.670241594314575, 'rmse': 1.6340874433517456, 'mae': 1.3074400424957275, 'mape': 131.15577697753906, 'r2': -0.02443981170654297, 'mean_error': -0.27643701434135437, 'std_error': 1.6105353832244873}, 'financial': {'directional_accuracy': 0.4421052631578947, 'sharpe_ratio': -0.5051508967144911, 'max_drawdown': -0.22583533823490143, 'total_return': -0.11523747444152832, 'hit_rate': 0.4421052631578947, 'num_trades': 190, 'precision': 0.4421052631578947, 'recall': 1.0, 'f1_score': 0.6131386861313868, 'confusion_matrix': [[0, 106], [0, 84]], 'auc_roc': 0.540318957771788, 'alpha': 0.0}}, 'h10': {'statistical': {'mse': 2.6587910652160645, 'rmse': 1.630579948425293, 'mae': 1.3037716150283813, 'mape': 132.77162313461304, 'r2': -0.025874614715576172, 'mean_error': -0.2809623181819916, 'std_error': 1.606191635131836}, 'financial': {'directional_accuracy': 0.4421052631578947, 'sharpe_ratio': -0.45097053378661944, 'max_drawdown': -0.22583505511283875, 'total_return': -0.10557162761688232, 'hit_rate': 0.4421052631578947, 'num_trades': 190, 'precision': 0.4421052631578947, 'recall': 1.0, 'f1_score': 0.6131386861313868, 'confusion_matrix': [[0, 106], [0, 84]], 'auc_roc': 0.5344788858939803, 'alpha': 0.0}}}, 'aggregate': {'statistical': {'mse': 2.581342649459839, 'rmse': 1.6064790725708007, 'mae': 1.2922748804092408, 'mape': 127.5643539428711, 'r2': -0.02484794855117798, 'mean_error': -0.2713785216212273, 'std_error': 1.583263874053955}}}",experiments/12c_multi_horizon/market_only_daily_3q_h10_d025/fold_2022/checkpoints/tft-epoch=epoch=08-valloss=val_loss=0.3720.ckpt,daily,10,fold_2022,2022,2022-01-01,2022-12-31,10,0.14592710137367249,0.27852797508239746,0.24087846279144287,0.03847192972898483,0.13260087370872498,189,100.0,0.0,190,2.550402879714966,1.5969980955123901,1.2887381315231323,133.3012819290161,-0.03649628162384033,-0.32095155119895935,1.564414620399475,0.4421052631578947,-0.810338627326297,-0.2258353978395462,-0.16110485792160034,0.4421052631578947,190,0.4421052631578947,1.0,0.6131386861313868,"[[0, 106], [0, 84]]",0.5176325247079965,0.0,30,0,160,0,0,190,15.789473684210526,0.0,84.21052631578947,0.0,0.0,market_only_daily_3q_h10_d025
2025-12-14T21:32:15.659877,False,True,"{'n_horizons': 10, 'metrics_by_horizon': {'h1': {'statistical': {'mse': 0.6977256536483765, 'rmse': 0.8352997303009033, 'mae': 0.6698907017707825, 'mape': 223.82056713104248, 'r2': -0.009997367858886719, 'mean_error': -0.10372451692819595, 'std_error': 0.8288346529006958}, 'financial': {'directional_accuracy': 0.5105263157894737, 'sharpe_ratio': 0.5806414795408937, 'max_drawdown': -0.1083863377571106, 'total_return': 0.05252659320831299, 'hit_rate': 0.5105263157894737, 'num_trades': 190, 'precision': 0.5105263157894737, 'recall': 1.0, 'f1_score': 0.6759581881533101, 'confusion_matrix': [[0, 93], [0, 97]], 'auc_roc': 0.5286553597162178, 'alpha': 0.0}}, 'h2': {'statistical': {'mse': 0.6925919651985168, 'rmse': 0.8322210907936096, 'mae': 0.6664829254150391, 'mape': 212.40787506103516, 'r2': -0.004124283790588379, 'mean_error': -0.08805879205465317, 'std_error': 0.827549159526825}, 'financial': {'directional_accuracy': 0.5105263157894737, 'sharpe_ratio': 0.5704432779979555, 'max_drawdown': -0.10838639736175537, 'total_return': 0.051424384117126465, 'hit_rate': 0.5105263157894737, 'num_trades': 190, 'precision': 0.5105263157894737, 'recall': 1.0, 'f1_score': 0.6759581881533101, 'confusion_matrix': [[0, 93], [0, 97]], 'auc_roc': 0.5337545726637845, 'alpha': 0.0}}, 'h3': {'statistical': {'mse': 0.6838794946670532, 'rmse': 0.8269700407981873, 'mae': 0.6597415208816528, 'mape': 206.7124605178833, 'r2': -0.007339119911193848, 'mean_error': -0.08859187364578247, 'std_error': 0.8222110271453857}, 'financial': {'directional_accuracy': 0.5105263157894737, 'sharpe_ratio': 0.44370529834239714, 'max_drawdown': -0.10838633030653, 'total_return': 0.03800976276397705, 'hit_rate': 0.5105263157894737, 'num_trades': 190, 'precision': 0.5105263157894737, 'recall': 1.0, 'f1_score': 0.6759581881533101, 'confusion_matrix': [[0, 93], [0, 97]], 'auc_roc': 0.5227801795809777, 'alpha': 0.0}}, 'h4': {'statistical': {'mse': 0.6771156191825867, 'rmse': 0.8228703737258911, 'mae': 0.6538006663322449, 'mape': 197.96268939971924, 'r2': -0.0056514739990234375, 'mean_error': -0.07916832715272903, 'std_error': 0.819053053855896}, 'financial': {'directional_accuracy': 0.5157894736842106, 'sharpe_ratio': 0.5798928623571764, 'max_drawdown': -0.1083870604634285, 'total_return': 0.051848411560058594, 'hit_rate': 0.5157894736842106, 'num_trades': 190, 'precision': 0.5157894736842106, 'recall': 1.0, 'f1_score': 0.6805555555555556, 'confusion_matrix': [[0, 92], [0, 98]], 'auc_roc': 0.5295031055900621, 'alpha': 0.0}}, 'h5': {'statistical': {'mse': 0.6740334033966064, 'rmse': 0.8209953904151917, 'mae': 0.6497423648834229, 'mape': 188.1991147994995, 'r2': -0.004312038421630859, 'mean_error': -0.07428917288780212, 'std_error': 0.8176273703575134}, 'financial': {'directional_accuracy': 0.5210526315789473, 'sharpe_ratio': 0.653702826513537, 'max_drawdown': -0.1083865612745285, 'total_return': 0.05941057205200195, 'hit_rate': 0.5210526315789473, 'num_trades': 190, 'precision': 0.5210526315789473, 'recall': 1.0, 'f1_score': 0.6851211072664359, 'confusion_matrix': [[0, 91], [0, 99]], 'auc_roc': 0.5187035187035187, 'alpha': 0.0}}, 'h6': {'statistical': {'mse': 0.670322835445404, 'rmse': 0.8187324404716492, 'mae': 0.6477009057998657, 'mape': 186.13022565841675, 'r2': -0.005765438079833984, 'mean_error': -0.08482332527637482, 'std_error': 0.8143266439437866}, 'financial': {'directional_accuracy': 0.5157894736842106, 'sharpe_ratio': 0.44151264065780277, 'max_drawdown': -0.10838663578033447, 'total_return': 0.037491679191589355, 'hit_rate': 0.5157894736842106, 'num_trades': 190, 'precision': 0.5157894736842106, 'recall': 1.0, 'f1_score': 0.6805555555555556, 'confusion_matrix': [[0, 92], [0, 98]], 'auc_roc': 0.5342724046140195, 'alpha': 0.0}}, 'h7': {'statistical': {'mse': 0.6724991798400879, 'rmse': 0.8200604915618896, 'mae': 0.6483427286148071, 'mape': 184.01858806610107, 'r2': -0.000716090202331543, 'mean_error': -0.07074393332004547, 'std_error': 0.8170032501220703}, 'financial': {'directional_accuracy': 0.5210526315789473, 'sharpe_ratio': 0.7117853247253171, 'max_drawdown': -0.10838665813207626, 'total_return': 0.06549954414367676, 'hit_rate': 0.5210526315789473, 'num_trades': 190, 'precision': 0.5210526315789473, 'recall': 1.0, 'f1_score': 0.6851211072664359, 'confusion_matrix': [[0, 91], [0, 99]], 'auc_roc': 0.5526695526695526, 'alpha': 0.0}}, 'h8': {'statistical': {'mse': 0.6671209931373596, 'rmse': 0.8167747259140015, 'mae': 0.6441820859909058, 'mape': 188.00100088119507, 'r2': 0.0007538795471191406, 'mean_error': -0.06694534420967102, 'std_error': 0.8140265941619873}, 'financial': {'directional_accuracy': 0.5210526315789473, 'sharpe_ratio': 0.7958650463762943, 'max_drawdown': -0.10838641971349716, 'total_return': 0.07409465312957764, 'hit_rate': 0.5210526315789473, 'num_trades': 190, 'precision': 0.5210526315789473, 'recall': 1.0, 'f1_score': 0.6851211072664359, 'confusion_matrix': [[0, 91], [0, 99]], 'auc_roc': 0.5441225441225441, 'alpha': 0.0}}, 'h9': {'statistical': {'mse': 0.6838734149932861, 'rmse': 0.826966404914856, 'mae': 0.6537448167800903, 'mape': 193.50605010986328, 'r2': 0.002684473991394043, 'mean_error': -0.05888116732239723, 'std_error': 0.8248675465583801}, 'financial': {'directional_accuracy': 0.5210526315789473, 'sharpe_ratio': 0.9556074399606035, 'max_drawdown': -0.10838694870471954, 'total_return': 0.09218466281890869, 'hit_rate': 0.5210526315789473, 'num_trades': 190, 'precision': 0.5210526315789473, 'recall': 1.0, 'f1_score': 0.6851211072664359, 'confusion_matrix': [[0, 91], [0, 99]], 'auc_roc': 0.5410145410145409, 'alpha': 0.0}}, 'h10': {'statistical': {'mse': 0.6784164309501648, 'rmse': 0.8236603736877441, 'mae': 0.6494842767715454, 'mape': 191.31784439086914, 'r2': 0.0015064477920532227, 'mean_error': -0.06526139378547668, 'std_error': 0.8210709691047668}, 'financial': {'directional_accuracy': 0.5210526315789473, 'sharpe_ratio': 0.8601526874787525, 'max_drawdown': -0.10838627070188522, 'total_return': 0.08154726028442383, 'hit_rate': 0.5210526315789473, 'num_trades': 190, 'precision': 0.5210526315789473, 'recall': 1.0, 'f1_score': 0.6851211072664359, 'confusion_matrix': [[0, 91], [0, 99]], 'auc_roc': 0.5316905316905317, 'alpha': 0.0}}}, 'aggregate': {'statistical': {'mse': 0.6797578990459442, 'rmse': 0.8244551062583924, 'mae': 0.6543112993240356, 'mape': 197.2076416015625, 'r2': -0.0032961010932922364, 'mean_error': -0.0780487846583128, 'std_error': 0.8206570267677307}}}",experiments/12c_multi_horizon/market_only_daily_3q_h10_d025/fold_2023/checkpoints/tft-epoch=epoch=43-valloss=val_loss=0.8076.ckpt,daily,10,fold_2023,2023,2023-01-01,2023-12-31,10,0.028893230482935905,0.26197758316993713,0.13412566483020782,0.06271594762802124,0.23308435082435608,190,100.0,0.0,190,0.6977256536483765,0.8352997303009033,0.6698907017707825,223.82056713104248,-0.009997367858886719,-0.10372451692819595,0.8288346529006958,0.5105263157894737,0.5806414795408937,-0.1083863377571106,0.05252659320831299,0.5105263157894737,190,0.5105263157894737,1.0,0.6759581881533101,"[[0, 93], [0, 97]]",0.5286553597162178,0.0,30,0,160,0,0,190,15.789473684210526,0.0,84.21052631578947,0.0,0.0,market_only_daily_3q_h10_d025
2025-12-14T21:44:38.464940,True,True,"{'n_horizons': 10, 'metrics_by_horizon': {'h1': {'statistical': {'mse': 0.6468502879142761, 'rmse': 0.8042700290679932, 'mae': 0.6013005375862122, 'mape': 232.47463703155518, 'r2': -0.001325368881225586, 'mean_error': -0.01348959468305111, 'std_error': 0.8041569590568542}, 'financial': {'directional_accuracy': 0.5654450261780105, 'sharpe_ratio': 1.5484828583011134, 'max_drawdown': -0.08485137671232224, 'total_return': 0.15431761741638184, 'hit_rate': 0.5654450261780105, 'num_trades': 191, 'precision': 0.5654450261780105, 'recall': 1.0, 'f1_score': 0.7224080267558529, 'confusion_matrix': [[0, 83], [0, 108]], 'auc_roc': 0.4815930388219545, 'alpha': 0.0}}, 'h2': {'statistical': {'mse': 0.6336682438850403, 'rmse': 0.7960327863693237, 'mae': 0.5975990295410156, 'mape': 167.14807748794556, 'r2': -0.00313568115234375, 'mean_error': 0.040670979768037796, 'std_error': 0.7949932217597961}, 'financial': {'directional_accuracy': 0.5654450261780105, 'sharpe_ratio': 1.704934446891164, 'max_drawdown': -0.08485125005245209, 'total_return': 0.16991519927978516, 'hit_rate': 0.5654450261780105, 'num_trades': 191, 'precision': 0.5654450261780105, 'recall': 1.0, 'f1_score': 0.7224080267558529, 'confusion_matrix': [[0, 83], [0, 108]], 'auc_roc': 0.4820392681838465, 'alpha': 0.0}}, 'h3': {'statistical': {'mse': 0.6332676410675049, 'rmse': 0.795781135559082, 'mae': 0.5981508493423462, 'mape': 144.06901597976685, 'r2': -0.0029386281967163086, 'mean_error': 0.05627235770225525, 'std_error': 0.7937890291213989}, 'financial': {'directional_accuracy': 0.5235602094240838, 'sharpe_ratio': 2.520271109599328, 'max_drawdown': -0.04248633235692978, 'total_return': 0.17029595375061035, 'hit_rate': 0.25654450261780104, 'num_trades': 81, 'precision': 0.6049382716049383, 'recall': 0.4537037037037037, 'f1_score': 0.5185185185185186, 'confusion_matrix': [[51, 32], [59, 49]], 'auc_roc': 0.4885095939312807, 'alpha': 0.0006445646286010742}}, 'h4': {'statistical': {'mse': 0.6574931740760803, 'rmse': 0.8108595013618469, 'mae': 0.604656457901001, 'mape': 143.09513568878174, 'r2': 0.00012350082397460938, 'mean_error': 0.06296811252832413, 'std_error': 0.8084110021591187}, 'financial': {'directional_accuracy': 0.5235602094240838, 'sharpe_ratio': 2.751632672475633, 'max_drawdown': -0.042486321181058884, 'total_return': 0.1962902545928955, 'hit_rate': 0.25654450261780104, 'num_trades': 81, 'precision': 0.6049382716049383, 'recall': 0.4537037037037037, 'f1_score': 0.5185185185185186, 'confusion_matrix': [[51, 32], [59, 49]], 'auc_roc': 0.501227130745203, 'alpha': 0.009729743003845215}}, 'h5': {'statistical': {'mse': 0.6596207618713379, 'rmse': 0.8121703863143921, 'mae': 0.6058312058448792, 'mape': 148.6505150794983, 'r2': -0.0011388063430786133, 'mean_error': 0.06140444427728653, 'std_error': 0.8098458051681519}, 'financial': {'directional_accuracy': 0.5340314136125655, 'sharpe_ratio': 2.8681316755232262, 'max_drawdown': -0.042486321181058884, 'total_return': 0.20898795127868652, 'hit_rate': 0.28272251308900526, 'num_trades': 88, 'precision': 0.6136363636363636, 'recall': 0.4954128440366973, 'f1_score': 0.5482233502538072, 'confusion_matrix': [[48, 34], [55, 54]], 'auc_roc': 0.5041396285522488, 'alpha': 0.009787559509277344}}, 'h6': {'statistical': {'mse': 0.6589754223823547, 'rmse': 0.8117730021476746, 'mae': 0.6046450734138489, 'mape': 154.50947284698486, 'r2': 0.00031059980392456055, 'mean_error': 0.052905041724443436, 'std_error': 0.8100472092628479}, 'financial': {'directional_accuracy': 0.5706806282722513, 'sharpe_ratio': 1.939738974649057, 'max_drawdown': -0.08485148847103119, 'total_return': 0.20092952251434326, 'hit_rate': 0.5706806282722513, 'num_trades': 191, 'precision': 0.5706806282722513, 'recall': 1.0, 'f1_score': 0.7266666666666666, 'confusion_matrix': [[0, 82], [0, 109]], 'auc_roc': 0.5146565227120161, 'alpha': 0.0}}, 'h7': {'statistical': {'mse': 0.6570088863372803, 'rmse': 0.8105608224868774, 'mae': 0.6022570729255676, 'mape': 161.17384433746338, 'r2': 0.0002677440643310547, 'mean_error': 0.03717714920639992, 'std_error': 0.8097078204154968}, 'financial': {'directional_accuracy': 0.5654450261780105, 'sharpe_ratio': 1.8285307358765608, 'max_drawdown': -0.08485133945941925, 'total_return': 0.1876676082611084, 'hit_rate': 0.5654450261780105, 'num_trades': 191, 'precision': 0.5654450261780105, 'recall': 1.0, 'f1_score': 0.7224080267558529, 'confusion_matrix': [[0, 83], [0, 108]], 'auc_roc': 0.5163989290495314, 'alpha': 0.0}}, 'h8': {'statistical': {'mse': 0.657515287399292, 'rmse': 0.8108731508255005, 'mae': 0.6027280688285828, 'mape': 176.77321434020996, 'r2': -0.00047409534454345703, 'mean_error': 0.027013523504137993, 'std_error': 0.8104231953620911}, 'financial': {'directional_accuracy': 0.5654450261780105, 'sharpe_ratio': 1.825035375479942, 'max_drawdown': -0.08485138416290283, 'total_return': 0.18726587295532227, 'hit_rate': 0.5654450261780105, 'num_trades': 191, 'precision': 0.5654450261780105, 'recall': 1.0, 'f1_score': 0.7224080267558529, 'confusion_matrix': [[0, 83], [0, 108]], 'auc_roc': 0.5239848282016957, 'alpha': 0.0}}, 'h9': {'statistical': {'mse': 0.6598460078239441, 'rmse': 0.8123090863227844, 'mae': 0.6044619083404541, 'mape': 191.53709411621094, 'r2': -0.0020345449447631836, 'mean_error': 0.01096718106418848, 'std_error': 0.8122351169586182}, 'financial': {'directional_accuracy': 0.5602094240837696, 'sharpe_ratio': 1.7024547079111785, 'max_drawdown': -0.08485131710767746, 'total_return': 0.17334532737731934, 'hit_rate': 0.5602094240837696, 'num_trades': 191, 'precision': 0.5602094240837696, 'recall': 1.0, 'f1_score': 0.7181208053691275, 'confusion_matrix': [[0, 84], [0, 107]], 'auc_roc': 0.5180240320427236, 'alpha': 0.0}}, 'h10': {'statistical': {'mse': 0.6722947359085083, 'rmse': 0.8199357986450195, 'mae': 0.6117259860038757, 'mape': 205.1208257675171, 'r2': -0.0054329633712768555, 'mean_error': -0.005135718267410994, 'std_error': 0.819919764995575}, 'financial': {'directional_accuracy': 0.5602094240837696, 'sharpe_ratio': 1.5649218032991186, 'max_drawdown': -0.08485149592161179, 'total_return': 0.15895235538482666, 'hit_rate': 0.5602094240837696, 'num_trades': 191, 'precision': 0.5602094240837696, 'recall': 1.0, 'f1_score': 0.7181208053691275, 'confusion_matrix': [[0, 84], [0, 107]], 'auc_roc': 0.5109034267912773, 'alpha': 0.0}}}, 'aggregate': {'statistical': {'mse': 0.6536540448665619, 'rmse': 0.8084565699100494, 'mae': 0.6033356189727783, 'mape': 172.45518326759338, 'r2': -0.001577824354171753, 'mean_error': 0.03307534768246114, 'std_error': 0.8073529124259948}}}",experiments/12c_multi_horizon/market_only_daily_3q_h10_d025/fold_2024/checkpoints/tft-epoch=epoch=13-valloss=val_loss=0.4073.ckpt,daily,10,fold_2024,2024,2024-01-01,2024-12-31,10,0.04854971915483475,0.2060202807188034,0.0918903648853302,0.05101068317890167,0.15747055411338806,191,100.0,0.0,191,0.6468502879142761,0.8042700290679932,0.6013005375862122,232.47463703155518,-0.001325368881225586,-0.01348959468305111,0.8041569590568542,0.5654450261780105,1.5484828583011134,-0.08485137671232224,0.15431761741638184,0.5654450261780105,191,0.5654450261780105,1.0,0.7224080267558529,"[[0, 83], [0, 108]]",0.4815930388219545,0.0,29,0,132,1,29,191,15.18324607329843,0.0,69.10994764397905,0.5235602094240838,15.18324607329843,market_only_daily_3q_h10_d025
2025-12-14T20:04:48.638232,True,True,"{'n_horizons': 20, 'metrics_by_horizon': {'h1': {'statistical': {'mse': 0.6182817220687866, 'rmse': 0.7863089442253113, 'mae': 0.5560503602027893, 'mape': 219.00277137756348, 'r2': 0.0015811920166015625, 'mean_error': -0.04790272191166878, 'std_error': 0.7848484516143799}, 'financial': {'directional_accuracy': 0.5303867403314917, 'sharpe_ratio': 1.1310888312337717, 'max_drawdown': -0.05595732107758522, 'total_return': 0.10058784484863281, 'hit_rate': 0.5303867403314917, 'num_trades': 181, 'precision': 0.5303867403314917, 'recall': 1.0, 'f1_score': 0.6931407942238267, 'confusion_matrix': [[0, 85], [0, 96]], 'auc_roc': 0.5705882352941177, 'alpha': 0.0}}, 'h2': {'statistical': {'mse': 0.5936002731323242, 'rmse': 0.7704545855522156, 'mae': 0.5420972108840942, 'mape': 163.26677799224854, 'r2': 0.008664369583129883, 'mean_error': 0.0075425049290061, 'std_error': 0.7704176902770996}, 'financial': {'directional_accuracy': 0.5303867403314917, 'sharpe_ratio': 1.3471047767439988, 'max_drawdown': -0.05595732107758522, 'total_return': 0.12006771564483643, 'hit_rate': 0.5303867403314917, 'num_trades': 181, 'precision': 0.5303867403314917, 'recall': 1.0, 'f1_score': 0.6931407942238267, 'confusion_matrix': [[0, 85], [0, 96]], 'auc_roc': 0.5827205882352942, 'alpha': 0.0}}, 'h3': {'statistical': {'mse': 0.5932058691978455, 'rmse': 0.7701985836029053, 'mae': 0.5397892594337463, 'mape': 152.15609073638916, 'r2': 0.007639288902282715, 'mean_error': 0.016297638416290283, 'std_error': 0.7700260877609253}, 'financial': {'directional_accuracy': 0.5248618784530387, 'sharpe_ratio': 1.29066652785492, 'max_drawdown': -0.055957116186618805, 'total_return': 0.11441123485565186, 'hit_rate': 0.5248618784530387, 'num_trades': 181, 'precision': 0.5248618784530387, 'recall': 1.0, 'f1_score': 0.6884057971014492, 'confusion_matrix': [[0, 86], [0, 95]], 'auc_roc': 0.5667074663402694, 'alpha': 0.0}}, 'h4': {'statistical': {'mse': 0.5942896604537964, 'rmse': 0.7709018588066101, 'mae': 0.5418339371681213, 'mape': 153.41358184814453, 'r2': 0.00730520486831665, 'mean_error': 0.01746424101293087, 'std_error': 0.770703911781311}, 'financial': {'directional_accuracy': 0.5248618784530387, 'sharpe_ratio': 1.3262407170747559, 'max_drawdown': -0.055957332253456116, 'total_return': 0.11799705028533936, 'hit_rate': 0.5248618784530387, 'num_trades': 181, 'precision': 0.5248618784530387, 'recall': 1.0, 'f1_score': 0.6884057971014492, 'confusion_matrix': [[0, 86], [0, 95]], 'auc_roc': 0.556548347613219, 'alpha': 0.0}}, 'h5': {'statistical': {'mse': 0.5730063319206238, 'rmse': 0.7569718360900879, 'mae': 0.5331082940101624, 'mape': 158.41667652130127, 'r2': 0.01116257905960083, 'mean_error': 0.021296890452504158, 'std_error': 0.7566721439361572}, 'financial': {'directional_accuracy': 0.5248618784530387, 'sharpe_ratio': 1.5171943383524678, 'max_drawdown': -0.05595728009939194, 'total_return': 0.13472270965576172, 'hit_rate': 0.5248618784530387, 'num_trades': 181, 'precision': 0.5248618784530387, 'recall': 1.0, 'f1_score': 0.6884057971014492, 'confusion_matrix': [[0, 86], [0, 95]], 'auc_roc': 0.5581395348837209, 'alpha': 0.0}}, 'h6': {'statistical': {'mse': 0.5592620968818665, 'rmse': 0.7478382587432861, 'mae': 0.5262845754623413, 'mape': 165.33427238464355, 'r2': 0.014566302299499512, 'mean_error': 0.022946400567889214, 'std_error': 0.7474861741065979}, 'financial': {'directional_accuracy': 0.5248618784530387, 'sharpe_ratio': 1.6775972347667745, 'max_drawdown': -0.05595733970403671, 'total_return': 0.14901113510131836, 'hit_rate': 0.5248618784530387, 'num_trades': 181, 'precision': 0.5248618784530387, 'recall': 1.0, 'f1_score': 0.6884057971014492, 'confusion_matrix': [[0, 86], [0, 95]], 'auc_roc': 0.5587515299877601, 'alpha': 0.0}}, 'h7': {'statistical': {'mse': 0.5593833327293396, 'rmse': 0.7479193210601807, 'mae': 0.5274734497070312, 'mape': 170.56344747543335, 'r2': 0.015517115592956543, 'mean_error': 0.01641663908958435, 'std_error': 0.7477391958236694}, 'financial': {'directional_accuracy': 0.5248618784530387, 'sharpe_ratio': 1.6495762789123793, 'max_drawdown': -0.05595710501074791, 'total_return': 0.1463402509689331, 'hit_rate': 0.5248618784530387, 'num_trades': 181, 'precision': 0.5248618784530387, 'recall': 1.0, 'f1_score': 0.6884057971014492, 'confusion_matrix': [[0, 86], [0, 95]], 'auc_roc': 0.5656058751529989, 'alpha': 0.0}}, 'h8': {'statistical': {'mse': 0.5597109198570251, 'rmse': 0.7481383085250854, 'mae': 0.5290597081184387, 'mape': 172.65766859054565, 'r2': 0.01629418134689331, 'mean_error': 0.009786408394575119, 'std_error': 0.7480742931365967}, 'financial': {'directional_accuracy': 0.5248618784530387, 'sharpe_ratio': 1.6144990783023834, 'max_drawdown': -0.05595716834068298, 'total_return': 0.1429917812347412, 'hit_rate': 0.5248618784530387, 'num_trades': 181, 'precision': 0.5248618784530387, 'recall': 1.0, 'f1_score': 0.6884057971014492, 'confusion_matrix': [[0, 86], [0, 95]], 'auc_roc': 0.5626682986536107, 'alpha': 0.0}}, 'h9': {'statistical': {'mse': 0.5486870408058167, 'rmse': 0.7407341003417969, 'mae': 0.5224269032478333, 'mape': 182.7120304107666, 'r2': 0.019405066967010498, 'mean_error': 0.011765395291149616, 'std_error': 0.7406406998634338}, 'financial': {'directional_accuracy': 0.5248618784530387, 'sharpe_ratio': 1.7708511982058859, 'max_drawdown': -0.05595739930868149, 'total_return': 0.15708625316619873, 'hit_rate': 0.5248618784530387, 'num_trades': 181, 'precision': 0.5248618784530387, 'recall': 1.0, 'f1_score': 0.6884057971014492, 'confusion_matrix': [[0, 86], [0, 95]], 'auc_roc': 0.5675642594859241, 'alpha': 0.0}}, 'h10': {'statistical': {'mse': 0.5343857407569885, 'rmse': 0.7310169339179993, 'mae': 0.5174301862716675, 'mape': 190.15246629714966, 'r2': 0.016329705715179443, 'mean_error': -0.007287294138222933, 'std_error': 0.7309805750846863}, 'financial': {'directional_accuracy': 0.5193370165745856, 'sharpe_ratio': 1.4841935613584512, 'max_drawdown': -0.05595732107758522, 'total_return': 0.12723195552825928, 'hit_rate': 0.5193370165745856, 'num_trades': 181, 'precision': 0.5193370165745856, 'recall': 1.0, 'f1_score': 0.6836363636363636, 'confusion_matrix': [[0, 87], [0, 94]], 'auc_roc': 0.5582049400831499, 'alpha': 0.0}}, 'h11': {'statistical': {'mse': 0.5255679488182068, 'rmse': 0.7249606251716614, 'mae': 0.5141269564628601, 'mape': 196.7679738998413, 'r2': 0.012332141399383545, 'mean_error': -0.02437002770602703, 'std_error': 0.7245509624481201}, 'financial': {'directional_accuracy': 0.5138121546961326, 'sharpe_ratio': 1.2225945822402224, 'max_drawdown': -0.05595734715461731, 'total_return': 0.10167992115020752, 'hit_rate': 0.5138121546961326, 'num_trades': 181, 'precision': 0.5138121546961326, 'recall': 1.0, 'f1_score': 0.6788321167883212, 'confusion_matrix': [[0, 88], [0, 93]], 'auc_roc': 0.5507086999022482, 'alpha': 0.0}}, 'h12': {'statistical': {'mse': 0.515753448009491, 'rmse': 0.7181597352027893, 'mae': 0.5096743106842041, 'mape': 203.29926013946533, 'r2': 0.006962895393371582, 'mean_error': -0.04017854481935501, 'std_error': 0.7170349955558777}, 'financial': {'directional_accuracy': 0.5082872928176796, 'sharpe_ratio': 0.9831269719188978, 'max_drawdown': -0.0559573620557785, 'total_return': 0.07902371883392334, 'hit_rate': 0.5082872928176796, 'num_trades': 181, 'precision': 0.5082872928176796, 'recall': 1.0, 'f1_score': 0.673992673992674, 'confusion_matrix': [[0, 89], [0, 92]], 'auc_roc': 0.5403028822667318, 'alpha': 0.0}}, 'h13': {'statistical': {'mse': 0.5141498446464539, 'rmse': 0.7170424461364746, 'mae': 0.5079353451728821, 'mape': 208.99038314819336, 'r2': 0.007757842540740967, 'mean_error': -0.0427343025803566, 'std_error': 0.7157678604125977}, 'financial': {'directional_accuracy': 0.5082872928176796, 'sharpe_ratio': 1.0208114112045974, 'max_drawdown': -0.055957257747650146, 'total_return': 0.08227670192718506, 'hit_rate': 0.5082872928176796, 'num_trades': 181, 'precision': 0.5082872928176796, 'recall': 1.0, 'f1_score': 0.673992673992674, 'confusion_matrix': [[0, 89], [0, 92]], 'auc_roc': 0.5384709330727895, 'alpha': 0.0}}, 'h14': {'statistical': {'mse': 0.5398154258728027, 'rmse': 0.734721302986145, 'mae': 0.519352376461029, 'mape': 173.81938695907593, 'r2': 0.007996976375579834, 'mean_error': -0.03465299308300018, 'std_error': 0.7339036464691162}, 'financial': {'directional_accuracy': 0.5138121546961326, 'sharpe_ratio': 1.260659983047172, 'max_drawdown': -0.055957190692424774, 'total_return': 0.10635757446289062, 'hit_rate': 0.5138121546961326, 'num_trades': 181, 'precision': 0.5138121546961326, 'recall': 1.0, 'f1_score': 0.6788321167883212, 'confusion_matrix': [[0, 88], [0, 93]], 'auc_roc': 0.5438660801564027, 'alpha': 0.0}}, 'h15': {'statistical': {'mse': 0.532230019569397, 'rmse': 0.7295409440994263, 'mae': 0.5147642493247986, 'mape': 179.7412872314453, 'r2': 0.003439664840698242, 'mean_error': -0.04480678215622902, 'std_error': 0.7281637191772461}, 'financial': {'directional_accuracy': 0.5138121546961326, 'sharpe_ratio': 1.1443253812769887, 'max_drawdown': -0.055957239121198654, 'total_return': 0.09470677375793457, 'hit_rate': 0.5138121546961326, 'num_trades': 181, 'precision': 0.5138121546961326, 'recall': 1.0, 'f1_score': 0.6788321167883212, 'confusion_matrix': [[0, 88], [0, 93]], 'auc_roc': 0.5441104594330402, 'alpha': 0.0}}, 'h16': {'statistical': {'mse': 0.5269575715065002, 'rmse': 0.7259184122085571, 'mae': 0.5130805969238281, 'mape': 185.65515279769897, 'r2': 0.007122159004211426, 'mean_error': -0.03611225634813309, 'std_error': 0.725019633769989}, 'financial': {'directional_accuracy': 0.5193370165745856, 'sharpe_ratio': 1.4311978042537592, 'max_drawdown': -0.055957112461328506, 'total_return': 0.12079155445098877, 'hit_rate': 0.5193370165745856, 'num_trades': 181, 'precision': 0.5193370165745856, 'recall': 1.0, 'f1_score': 0.6836363636363636, 'confusion_matrix': [[0, 87], [0, 94]], 'auc_roc': 0.5464661286378089, 'alpha': 0.0}}, 'h17': {'statistical': {'mse': 0.5272032022476196, 'rmse': 0.7260875701904297, 'mae': 0.5129929780960083, 'mape': 191.71297550201416, 'r2': 0.00534743070602417, 'mean_error': -0.041854627430438995, 'std_error': 0.7248803377151489}, 'financial': {'directional_accuracy': 0.5193370165745856, 'sharpe_ratio': 1.4021577970280223, 'max_drawdown': -0.05595719441771507, 'total_return': 0.11801409721374512, 'hit_rate': 0.5193370165745856, 'num_trades': 181, 'precision': 0.5193370165745856, 'recall': 1.0, 'f1_score': 0.6836363636363636, 'confusion_matrix': [[0, 87], [0, 94]], 'auc_roc': 0.5436537050623624, 'alpha': 0.0}}, 'h18': {'statistical': {'mse': 0.5230409502983093, 'rmse': 0.7232156991958618, 'mae': 0.509026050567627, 'mape': 202.5561809539795, 'r2': 0.0012540221214294434, 'mean_error': -0.052617352455854416, 'std_error': 0.7212991118431091}, 'financial': {'directional_accuracy': 0.5138121546961326, 'sharpe_ratio': 1.2716855133206741, 'max_drawdown': -0.05595728009939194, 'total_return': 0.10534131526947021, 'hit_rate': 0.5138121546961326, 'num_trades': 181, 'precision': 0.5138121546961326, 'recall': 1.0, 'f1_score': 0.6788321167883212, 'confusion_matrix': [[0, 88], [0, 93]], 'auc_roc': 0.5356793743890518, 'alpha': 0.0}}, 'h19': {'statistical': {'mse': 0.5250239968299866, 'rmse': 0.7245854139328003, 'mae': 0.5110376477241516, 'mape': 208.16190242767334, 'r2': 0.0017996430397033691, 'mean_error': -0.05193989723920822, 'std_error': 0.7227214574813843}, 'financial': {'directional_accuracy': 0.5193370165745856, 'sharpe_ratio': 1.3820172212536839, 'max_drawdown': -0.05595728009939194, 'total_return': 0.11569690704345703, 'hit_rate': 0.5193370165745856, 'num_trades': 181, 'precision': 0.5193370165745856, 'recall': 1.0, 'f1_score': 0.6836363636363636, 'confusion_matrix': [[0, 87], [0, 94]], 'auc_roc': 0.5441428222059183, 'alpha': 0.0}}, 'h20': {'statistical': {'mse': 0.5204382538795471, 'rmse': 0.7214140892028809, 'mae': 0.5078065395355225, 'mape': 215.1139259338379, 'r2': 0.0029841065406799316, 'mean_error': -0.052871573716402054, 'std_error': 0.7194740176200867}, 'financial': {'directional_accuracy': 0.5193370165745856, 'sharpe_ratio': 1.4666430744862735, 'max_drawdown': -0.055957186967134476, 'total_return': 0.12305200099945068, 'hit_rate': 0.5193370165745856, 'num_trades': 181, 'precision': 0.5193370165745856, 'recall': 1.0, 'f1_score': 0.6836363636363636, 'confusion_matrix': [[0, 87], [0, 94]], 'auc_roc': 0.5424309122034727, 'alpha': 0.0}}}, 'aggregate': {'statistical': {'mse': 0.5491996824741363, 'rmse': 0.7408064484596253, 'mae': 0.5227675467729569, 'mape': 184.67471063137054, 'r2': 0.008773094415664673, 'mean_error': -0.01769061277154833, 'std_error': 0.7400202482938767}}}",experiments/12c_multi_horizon/market_only_daily_3q_h20_d025/fold_2016/checkpoints/tft-epoch=epoch=10-valloss=val_loss=0.4668.ckpt,daily,20,fold_2016,2016,2016-01-01,2016-12-31,10,0.07393449544906616,0.19180959463119507,0.10397308319807053,0.03419812396168709,0.1178750991821289,181,100.0,0.0,181,0.6182817220687866,0.7863089442253113,0.5560503602027893,219.00277137756348,0.0015811920166015625,-0.04790272191166878,0.7848484516143799,0.5303867403314917,1.1310888312337717,-0.05595732107758522,0.10058784484863281,0.5303867403314917,181,0.5303867403314917,1.0,0.6931407942238267,"[[0, 85], [0, 96]]",0.5705882352941177,0.0,30,0,137,3,11,181,16.574585635359114,0.0,75.69060773480662,1.6574585635359116,6.077348066298343,market_only_daily_3q_h20_d025
2025-12-14T20:18:22.931830,True,False,"{'n_horizons': 20, 'metrics_by_horizon': {'h1': {'statistical': {'mse': 0.19009047746658325, 'rmse': 0.43599367141723633, 'mae': 0.29883044958114624, 'mape': 167.18547344207764, 'r2': -0.011918306350708008, 'mean_error': -0.04951731115579605, 'std_error': 0.4331725835800171}, 'financial': {'directional_accuracy': 0.5966850828729282, 'sharpe_ratio': 2.442327162961906, 'max_drawdown': -0.027967534959316254, 'total_return': 0.1263178586959839, 'hit_rate': 0.5966850828729282, 'num_trades': 181, 'precision': 0.5966850828729282, 'recall': 1.0, 'f1_score': 0.7474048442906575, 'confusion_matrix': [[0, 73], [0, 108]], 'auc_roc': 0.5254946727549468, 'alpha': 0.0}}, 'h2': {'statistical': {'mse': 0.18905974924564362, 'rmse': 0.43481001257896423, 'mae': 0.29601773619651794, 'mape': 137.87469863891602, 'r2': -0.0006810426712036133, 'mean_error': -0.013860365375876427, 'std_error': 0.43458905816078186}, 'financial': {'directional_accuracy': 0.5966850828729282, 'sharpe_ratio': 2.532565486566395, 'max_drawdown': -0.027967818081378937, 'total_return': 0.1317434310913086, 'hit_rate': 0.5966850828729282, 'num_trades': 181, 'precision': 0.5966850828729282, 'recall': 1.0, 'f1_score': 0.7474048442906575, 'confusion_matrix': [[0, 73], [0, 108]], 'auc_roc': 0.5338660578386606, 'alpha': 0.0}}, 'h3': {'statistical': {'mse': 0.1901417374610901, 'rmse': 0.43605244159698486, 'mae': 0.29757803678512573, 'mape': 129.70712184906006, 'r2': -7.87973403930664e-05, 'mean_error': -0.005506492219865322, 'std_error': 0.4360176622867584}, 'financial': {'directional_accuracy': 0.5911602209944752, 'sharpe_ratio': 2.4332153108671775, 'max_drawdown': -0.027967652305960655, 'total_return': 0.12660467624664307, 'hit_rate': 0.5911602209944752, 'num_trades': 181, 'precision': 0.5911602209944752, 'recall': 1.0, 'f1_score': 0.7430555555555557, 'confusion_matrix': [[0, 74], [0, 107]], 'auc_roc': 0.5424349583228087, 'alpha': 0.0}}, 'h4': {'statistical': {'mse': 0.18776673078536987, 'rmse': 0.4333205819129944, 'mae': 0.29425448179244995, 'mape': 126.91754102706909, 'r2': -2.086162567138672e-05, 'mean_error': -0.005153693724423647, 'std_error': 0.43328994512557983}, 'financial': {'directional_accuracy': 0.5911602209944752, 'sharpe_ratio': 2.3341906260423717, 'max_drawdown': -0.027967827394604683, 'total_return': 0.12028801441192627, 'hit_rate': 0.5911602209944752, 'num_trades': 181, 'precision': 0.5911602209944752, 'recall': 1.0, 'f1_score': 0.7430555555555557, 'confusion_matrix': [[0, 74], [0, 107]], 'auc_roc': 0.5496337458954281, 'alpha': 0.0}}, 'h5': {'statistical': {'mse': 0.18890899419784546, 'rmse': 0.4346366226673126, 'mae': 0.2956285774707794, 'mape': 126.08240842819214, 'r2': -7.772445678710938e-05, 'mean_error': -0.005581233184784651, 'std_error': 0.4346008002758026}, 'financial': {'directional_accuracy': 0.5911602209944752, 'sharpe_ratio': 2.275778024258468, 'max_drawdown': -0.027967749163508415, 'total_return': 0.11742901802062988, 'hit_rate': 0.5911602209944752, 'num_trades': 181, 'precision': 0.5911602209944752, 'recall': 1.0, 'f1_score': 0.7430555555555557, 'confusion_matrix': [[0, 74], [0, 107]], 'auc_roc': 0.5515281636776964, 'alpha': 0.0}}, 'h6': {'statistical': {'mse': 0.18891894817352295, 'rmse': 0.4346480667591095, 'mae': 0.29571592807769775, 'mape': 125.2260684967041, 'r2': -5.53131103515625e-05, 'mean_error': -0.004982497077435255, 'std_error': 0.4346194863319397}, 'financial': {'directional_accuracy': 0.5911602209944752, 'sharpe_ratio': 2.296761540971009, 'max_drawdown': -0.027967587113380432, 'total_return': 0.11859500408172607, 'hit_rate': 0.5911602209944752, 'num_trades': 181, 'precision': 0.5911602209944752, 'recall': 1.0, 'f1_score': 0.7430555555555557, 'confusion_matrix': [[0, 74], [0, 107]], 'auc_roc': 0.5522859307906037, 'alpha': 0.0}}, 'h7': {'statistical': {'mse': 0.19193647801876068, 'rmse': 0.4381055533885956, 'mae': 0.2998082637786865, 'mape': 125.99316835403442, 'r2': 8.761882781982422e-05, 'mean_error': -0.0013369087828323245, 'std_error': 0.4381035268306732}, 'financial': {'directional_accuracy': 0.5911602209944752, 'sharpe_ratio': 2.4262004621166797, 'max_drawdown': -0.027967577800154686, 'total_return': 0.12684381008148193, 'hit_rate': 0.5911602209944752, 'num_trades': 181, 'precision': 0.5911602209944752, 'recall': 1.0, 'f1_score': 0.7430555555555557, 'confusion_matrix': [[0, 74], [0, 107]], 'auc_roc': 0.5525385198282394, 'alpha': 0.0}}, 'h8': {'statistical': {'mse': 0.1913548856973648, 'rmse': 0.43744128942489624, 'mae': 0.299190491437912, 'mape': 126.66337490081787, 'r2': -0.00015342235565185547, 'mean_error': -0.0069902376271784306, 'std_error': 0.4373854696750641}, 'financial': {'directional_accuracy': 0.585635359116022, 'sharpe_ratio': 2.250821673799017, 'max_drawdown': -0.027967695146799088, 'total_return': 0.1168215274810791, 'hit_rate': 0.585635359116022, 'num_trades': 181, 'precision': 0.585635359116022, 'recall': 1.0, 'f1_score': 0.7386759581881532, 'confusion_matrix': [[0, 75], [0, 106]], 'auc_roc': 0.5452830188679245, 'alpha': 0.0}}, 'h9': {'statistical': {'mse': 0.19092006981372833, 'rmse': 0.43694400787353516, 'mae': 0.29779016971588135, 'mape': 127.02165842056274, 'r2': -0.00036835670471191406, 'mean_error': -0.00937024224549532, 'std_error': 0.43684354424476624}, 'financial': {'directional_accuracy': 0.585635359116022, 'sharpe_ratio': 2.200994366924929, 'max_drawdown': -0.02796764113008976, 'total_return': 0.11390483379364014, 'hit_rate': 0.585635359116022, 'num_trades': 181, 'precision': 0.585635359116022, 'recall': 1.0, 'f1_score': 0.7386759581881532, 'confusion_matrix': [[0, 75], [0, 106]], 'auc_roc': 0.5483018867924528, 'alpha': 0.0}}, 'h10': {'statistical': {'mse': 0.18984781205654144, 'rmse': 0.43571528792381287, 'mae': 0.29584476351737976, 'mape': 127.66344547271729, 'r2': -0.0007270574569702148, 'mean_error': -0.012519706040620804, 'std_error': 0.43553537130355835}, 'financial': {'directional_accuracy': 0.585635359116022, 'sharpe_ratio': 2.13402461951468, 'max_drawdown': -0.027967700734734535, 'total_return': 0.1098557710647583, 'hit_rate': 0.585635359116022, 'num_trades': 181, 'precision': 0.585635359116022, 'recall': 1.0, 'f1_score': 0.7386759581881532, 'confusion_matrix': [[0, 75], [0, 106]], 'auc_roc': 0.5466666666666667, 'alpha': 0.0}}, 'h11': {'statistical': {'mse': 0.18930083513259888, 'rmse': 0.4350871443748474, 'mae': 0.29441648721694946, 'mape': 129.7222375869751, 'r2': -0.0012356042861938477, 'mean_error': -0.015943577513098717, 'std_error': 0.43479493260383606}, 'financial': {'directional_accuracy': 0.585635359116022, 'sharpe_ratio': 2.060650555292057, 'max_drawdown': -0.027967654168605804, 'total_return': 0.10563671588897705, 'hit_rate': 0.585635359116022, 'num_trades': 181, 'precision': 0.585635359116022, 'recall': 1.0, 'f1_score': 0.7386759581881532, 'confusion_matrix': [[0, 75], [0, 106]], 'auc_roc': 0.5499371069182389, 'alpha': 0.0}}, 'h12': {'statistical': {'mse': 0.18865317106246948, 'rmse': 0.43434223532676697, 'mae': 0.2934766709804535, 'mape': 130.77235221862793, 'r2': -0.0016772747039794922, 'mean_error': -0.018478427082300186, 'std_error': 0.43394899368286133}, 'financial': {'directional_accuracy': 0.585635359116022, 'sharpe_ratio': 2.0263387076792703, 'max_drawdown': -0.02796783670783043, 'total_return': 0.10355150699615479, 'hit_rate': 0.585635359116022, 'num_trades': 181, 'precision': 0.585635359116022, 'recall': 1.0, 'f1_score': 0.7386759581881532, 'confusion_matrix': [[0, 75], [0, 106]], 'auc_roc': 0.5524528301886793, 'alpha': 0.0}}, 'h13': {'statistical': {'mse': 0.18858742713928223, 'rmse': 0.4342665374279022, 'mae': 0.2930154502391815, 'mape': 131.21473789215088, 'r2': -0.0017752647399902344, 'mean_error': -0.018949871882796288, 'std_error': 0.4338529109954834}, 'financial': {'directional_accuracy': 0.5911602209944752, 'sharpe_ratio': 2.0699551944962664, 'max_drawdown': -0.02796749770641327, 'total_return': 0.10590934753417969, 'hit_rate': 0.5911602209944752, 'num_trades': 181, 'precision': 0.5911602209944752, 'recall': 1.0, 'f1_score': 0.7430555555555557, 'confusion_matrix': [[0, 74], [0, 107]], 'auc_roc': 0.5544329376105077, 'alpha': 0.0}}, 'h14': {'statistical': {'mse': 0.1886688619852066, 'rmse': 0.4343602955341339, 'mae': 0.29320597648620605, 'mape': 135.14039516448975, 'r2': -0.002410292625427246, 'mean_error': -0.021809730678796768, 'std_error': 0.43381237983703613}, 'financial': {'directional_accuracy': 0.585635359116022, 'sharpe_ratio': 2.032407835124609, 'max_drawdown': -0.02796759083867073, 'total_return': 0.10384857654571533, 'hit_rate': 0.585635359116022, 'num_trades': 181, 'precision': 0.585635359116022, 'recall': 1.0, 'f1_score': 0.7386759581881532, 'confusion_matrix': [[0, 75], [0, 106]], 'auc_roc': 0.5522012578616352, 'alpha': 0.0}}, 'h15': {'statistical': {'mse': 0.18726001679897308, 'rmse': 0.43273550271987915, 'mae': 0.2908526659011841, 'mape': 136.5216851234436, 'r2': -0.00361478328704834, 'mean_error': -0.02640780620276928, 'std_error': 0.43192899227142334}, 'financial': {'directional_accuracy': 0.585635359116022, 'sharpe_ratio': 1.947775831628404, 'max_drawdown': -0.027967974543571472, 'total_return': 0.09879529476165771, 'hit_rate': 0.585635359116022, 'num_trades': 181, 'precision': 0.585635359116022, 'recall': 1.0, 'f1_score': 0.7386759581881532, 'confusion_matrix': [[0, 75], [0, 106]], 'auc_roc': 0.5594339622641509, 'alpha': 0.0}}, 'h16': {'statistical': {'mse': 0.1883520483970642, 'rmse': 0.43399545550346375, 'mae': 0.2925635874271393, 'mape': 138.029944896698, 'r2': -0.004772305488586426, 'mean_error': -0.030173907056450844, 'std_error': 0.43294522166252136}, 'financial': {'directional_accuracy': 0.585635359116022, 'sharpe_ratio': 1.888958968286092, 'max_drawdown': -0.027967805042862892, 'total_return': 0.09584760665893555, 'hit_rate': 0.585635359116022, 'num_trades': 181, 'precision': 0.585635359116022, 'recall': 1.0, 'f1_score': 0.7386759581881532, 'confusion_matrix': [[0, 75], [0, 106]], 'auc_roc': 0.5568553459119497, 'alpha': 0.0}}, 'h17': {'statistical': {'mse': 0.1886720359325409, 'rmse': 0.4343639314174652, 'mae': 0.293567419052124, 'mape': 140.54691791534424, 'r2': -0.005893111228942871, 'mean_error': -0.03340572863817215, 'std_error': 0.43307745456695557}, 'financial': {'directional_accuracy': 0.580110497237569, 'sharpe_ratio': 1.861745825902712, 'max_drawdown': -0.027967704460024834, 'total_return': 0.09440529346466064, 'hit_rate': 0.580110497237569, 'num_trades': 181, 'precision': 0.580110497237569, 'recall': 1.0, 'f1_score': 0.7342657342657343, 'confusion_matrix': [[0, 76], [0, 105]], 'auc_roc': 0.5547619047619048, 'alpha': 0.0}}, 'h18': {'statistical': {'mse': 0.18884189426898956, 'rmse': 0.4345594346523285, 'mae': 0.2935965657234192, 'mape': 142.54745244979858, 'r2': -0.007019996643066406, 'mean_error': -0.0364014096558094, 'std_error': 0.4330321252346039}, 'financial': {'directional_accuracy': 0.580110497237569, 'sharpe_ratio': 1.8516267498666712, 'max_drawdown': -0.02796771377325058, 'total_return': 0.09384846687316895, 'hit_rate': 0.580110497237569, 'num_trades': 181, 'precision': 0.580110497237569, 'recall': 1.0, 'f1_score': 0.7342657342657343, 'confusion_matrix': [[0, 76], [0, 105]], 'auc_roc': 0.5532581453634086, 'alpha': 0.0}}, 'h19': {'statistical': {'mse': 0.18963487446308136, 'rmse': 0.4354708790779114, 'mae': 0.29565930366516113, 'mape': 145.57980298995972, 'r2': -0.008990049362182617, 'mean_error': -0.04114926978945732, 'std_error': 0.4335223436355591}, 'financial': {'directional_accuracy': 0.574585635359116, 'sharpe_ratio': 1.7822391209354917, 'max_drawdown': -0.027967533096671104, 'total_return': 0.09021258354187012, 'hit_rate': 0.574585635359116, 'num_trades': 181, 'precision': 0.574585635359116, 'recall': 1.0, 'f1_score': 0.7298245614035088, 'confusion_matrix': [[0, 77], [0, 104]], 'auc_roc': 0.5405844155844155, 'alpha': 0.0}}, 'h20': {'statistical': {'mse': 0.19152721762657166, 'rmse': 0.43763822317123413, 'mae': 0.2977214455604553, 'mape': 147.99551963806152, 'r2': -0.01112067699432373, 'mean_error': -0.04586353525519371, 'std_error': 0.4352284371852875}, 'financial': {'directional_accuracy': 0.574585635359116, 'sharpe_ratio': 1.7158916146190955, 'max_drawdown': -0.027967628091573715, 'total_return': 0.0869913101196289, 'hit_rate': 0.574585635359116, 'num_trades': 181, 'precision': 0.574585635359116, 'recall': 1.0, 'f1_score': 0.7298245614035088, 'confusion_matrix': [[0, 77], [0, 104]], 'auc_roc': 0.5290334665334665, 'alpha': 0.0}}}, 'aggregate': {'statistical': {'mse': 0.18942221328616143, 'rmse': 0.43522435873746873, 'mae': 0.2954367235302925, 'mape': 134.92030024528503, 'r2': -0.003125131130218506, 'mean_error': -0.020170097559457645, 'std_error': 0.43451506197452544}}}",experiments/12c_multi_horizon/market_only_daily_3q_h20_d025/fold_2017/checkpoints/tft-epoch=epoch=16-valloss=val_loss=0.3560.ckpt,daily,20,fold_2017,2017,2017-01-01,2017-12-31,10,0.1082092672586441,0.1272684931755066,0.11619967967271805,0.004743492230772972,0.019059225916862488,181,100.0,0.0,181,0.19009047746658325,0.43599367141723633,0.29883044958114624,167.18547344207764,-0.011918306350708008,-0.04951731115579605,0.4331725835800171,0.5966850828729282,2.442327162961906,-0.027967534959316254,0.1263178586959839,0.5966850828729282,181,0.5966850828729282,1.0,0.7474048442906575,"[[0, 73], [0, 108]]",0.5254946727549468,0.0,29,0,0,144,8,181,16.022099447513813,0.0,0.0,79.55801104972376,4.41988950276243,market_only_daily_3q_h20_d025
2025-12-14T20:31:38.126545,True,True,"{'n_horizons': 20, 'metrics_by_horizon': {'h1': {'statistical': {'mse': 0.9054679274559021, 'rmse': 0.9515607953071594, 'mae': 0.651135265827179, 'mape': 189.97552394866943, 'r2': -0.006824970245361328, 'mean_error': -0.09851577877998352, 'std_error': 0.9464473128318787}, 'financial': {'directional_accuracy': 0.5388888888888889, 'sharpe_ratio': 0.03580265081514312, 'max_drawdown': -0.08598671108484268, 'total_return': -0.004289984703063965, 'hit_rate': 0.5388888888888889, 'num_trades': 180, 'precision': 0.5388888888888889, 'recall': 1.0, 'f1_score': 0.700361010830325, 'confusion_matrix': [[0, 83], [0, 97]], 'auc_roc': 0.5629114395727238, 'alpha': 0.0}}, 'h2': {'statistical': {'mse': 0.91487056016922, 'rmse': 0.9564886689186096, 'mae': 0.6589699387550354, 'mape': 166.9981598854065, 'r2': -0.0044792890548706055, 'mean_error': -0.0825176015496254, 'std_error': 0.952922523021698}, 'financial': {'directional_accuracy': 0.5333333333333333, 'sharpe_ratio': -0.10193761082176546, 'max_drawdown': -0.08539387583732605, 'total_return': -0.019099175930023193, 'hit_rate': 0.5333333333333333, 'num_trades': 180, 'precision': 0.5333333333333333, 'recall': 1.0, 'f1_score': 0.6956521739130436, 'confusion_matrix': [[0, 84], [0, 96]], 'auc_roc': 0.5625, 'alpha': 0.0}}, 'h3': {'statistical': {'mse': 0.9142313599586487, 'rmse': 0.956154465675354, 'mae': 0.6589673161506653, 'mape': 163.8181209564209, 'r2': -0.0037931203842163086, 'mean_error': -0.07708349078893661, 'std_error': 0.953042209148407}, 'financial': {'directional_accuracy': 0.5333333333333333, 'sharpe_ratio': -0.09928702461500388, 'max_drawdown': -0.07345590740442276, 'total_return': -0.018818140029907227, 'hit_rate': 0.5333333333333333, 'num_trades': 180, 'precision': 0.5333333333333333, 'recall': 1.0, 'f1_score': 0.6956521739130436, 'confusion_matrix': [[0, 84], [0, 96]], 'auc_roc': 0.560763888888889, 'alpha': 0.0}}, 'h4': {'statistical': {'mse': 0.8887557983398438, 'rmse': 0.9427384734153748, 'mae': 0.6498027443885803, 'mape': 163.8129472732544, 'r2': -0.002161860466003418, 'mean_error': -0.06656911969184875, 'std_error': 0.9403852224349976}, 'financial': {'directional_accuracy': 0.5333333333333333, 'sharpe_ratio': 0.05773405103489536, 'max_drawdown': -0.07345589250326157, 'total_return': -0.001867532730102539, 'hit_rate': 0.5333333333333333, 'num_trades': 180, 'precision': 0.5333333333333333, 'recall': 1.0, 'f1_score': 0.6956521739130436, 'confusion_matrix': [[0, 84], [0, 96]], 'auc_roc': 0.5543154761904763, 'alpha': 0.0}}, 'h5': {'statistical': {'mse': 0.7957080602645874, 'rmse': 0.8920246958732605, 'mae': 0.6305264830589294, 'mape': 164.1536831855774, 'r2': -0.0012573003768920898, 'mean_error': -0.04649582505226135, 'std_error': 0.8908121585845947}, 'financial': {'directional_accuracy': 0.5333333333333333, 'sharpe_ratio': 0.41186440784279865, 'max_drawdown': -0.07345589995384216, 'total_return': 0.03504621982574463, 'hit_rate': 0.5333333333333333, 'num_trades': 180, 'precision': 0.5333333333333333, 'recall': 1.0, 'f1_score': 0.6956521739130436, 'confusion_matrix': [[0, 84], [0, 96]], 'auc_roc': 0.532862103174603, 'alpha': 0.0}}, 'h6': {'statistical': {'mse': 0.836000382900238, 'rmse': 0.9143305420875549, 'mae': 0.6389939785003662, 'mape': 164.19885158538818, 'r2': -0.005710124969482422, 'mean_error': -0.07303870469331741, 'std_error': 0.9114086627960205}, 'financial': {'directional_accuracy': 0.5277777777777778, 'sharpe_ratio': -0.06454836940531478, 'max_drawdown': -0.09335483610630035, 'total_return': -0.014095604419708252, 'hit_rate': 0.5277777777777778, 'num_trades': 180, 'precision': 0.5277777777777778, 'recall': 1.0, 'f1_score': 0.6909090909090909, 'confusion_matrix': [[0, 85], [0, 95]], 'auc_roc': 0.5192569659442725, 'alpha': 0.0}}, 'h7': {'statistical': {'mse': 0.8523499965667725, 'rmse': 0.9232280254364014, 'mae': 0.6459392309188843, 'mape': 163.87577056884766, 'r2': -0.0038738250732421875, 'mean_error': -0.059656307101249695, 'std_error': 0.9212985634803772}, 'financial': {'directional_accuracy': 0.5333333333333333, 'sharpe_ratio': 0.16226302590362157, 'max_drawdown': -0.09335456043481827, 'total_return': 0.009316444396972656, 'hit_rate': 0.5333333333333333, 'num_trades': 180, 'precision': 0.5333333333333333, 'recall': 1.0, 'f1_score': 0.6956521739130436, 'confusion_matrix': [[0, 84], [0, 96]], 'auc_roc': 0.5069444444444444, 'alpha': 0.0}}, 'h8': {'statistical': {'mse': 0.7900575995445251, 'rmse': 0.8888518214225769, 'mae': 0.6348296403884888, 'mape': 163.7625813484192, 'r2': -0.003724217414855957, 'mean_error': -0.04827836528420448, 'std_error': 0.8875397443771362}, 'financial': {'directional_accuracy': 0.5333333333333333, 'sharpe_ratio': 0.3694138099409605, 'max_drawdown': -0.0933547392487526, 'total_return': 0.030509352684020996, 'hit_rate': 0.5333333333333333, 'num_trades': 180, 'precision': 0.5333333333333333, 'recall': 1.0, 'f1_score': 0.6956521739130436, 'confusion_matrix': [[0, 84], [0, 96]], 'auc_roc': 0.49032738095238093, 'alpha': 0.0}}, 'h9': {'statistical': {'mse': 0.7817668318748474, 'rmse': 0.8841757774353027, 'mae': 0.6308358907699585, 'mape': 163.6099934577942, 'r2': -0.005522251129150391, 'mean_error': -0.06023448333144188, 'std_error': 0.8821216821670532}, 'financial': {'directional_accuracy': 0.5277777777777778, 'sharpe_ratio': 0.15670098473651017, 'max_drawdown': -0.09842369705438614, 'total_return': 0.008682966232299805, 'hit_rate': 0.5277777777777778, 'num_trades': 180, 'precision': 0.5277777777777778, 'recall': 1.0, 'f1_score': 0.6909090909090909, 'confusion_matrix': [[0, 85], [0, 95]], 'auc_roc': 0.48080495356037156, 'alpha': 0.0}}, 'h10': {'statistical': {'mse': 0.7844316959381104, 'rmse': 0.8856815099716187, 'mae': 0.6316496729850769, 'mape': 163.39455842971802, 'r2': -0.005249738693237305, 'mean_error': -0.0594758577644825, 'std_error': 0.8836822509765625}, 'financial': {'directional_accuracy': 0.5277777777777778, 'sharpe_ratio': 0.17390665767046526, 'max_drawdown': -0.09842352569103241, 'total_return': 0.010426044464111328, 'hit_rate': 0.5277777777777778, 'num_trades': 180, 'precision': 0.5277777777777778, 'recall': 1.0, 'f1_score': 0.6909090909090909, 'confusion_matrix': [[0, 85], [0, 95]], 'auc_roc': 0.48359133126934983, 'alpha': 0.0}}, 'h11': {'statistical': {'mse': 0.790148913860321, 'rmse': 0.8889032006263733, 'mae': 0.636151909828186, 'mape': 163.84589672088623, 'r2': -0.004782557487487793, 'mean_error': -0.05533101409673691, 'std_error': 0.887179434299469}, 'financial': {'directional_accuracy': 0.5277777777777778, 'sharpe_ratio': 0.2551677844711119, 'max_drawdown': -0.09842371940612793, 'total_return': 0.01872849464416504, 'hit_rate': 0.5277777777777778, 'num_trades': 180, 'precision': 0.5277777777777778, 'recall': 1.0, 'f1_score': 0.6909090909090909, 'confusion_matrix': [[0, 85], [0, 95]], 'auc_roc': 0.4917647058823529, 'alpha': 0.0}}, 'h12': {'statistical': {'mse': 0.7867196202278137, 'rmse': 0.886972188949585, 'mae': 0.6346135139465332, 'mape': 164.72598314285278, 'r2': -0.005207419395446777, 'mean_error': -0.05756349116563797, 'std_error': 0.8851022720336914}, 'financial': {'directional_accuracy': 0.5277777777777778, 'sharpe_ratio': 0.2274198500546603, 'max_drawdown': -0.09842381626367569, 'total_return': 0.015869617462158203, 'hit_rate': 0.5277777777777778, 'num_trades': 180, 'precision': 0.5277777777777778, 'recall': 1.0, 'f1_score': 0.6909090909090909, 'confusion_matrix': [[0, 85], [0, 95]], 'auc_roc': 0.5031578947368421, 'alpha': 0.0}}, 'h13': {'statistical': {'mse': 0.7824166417121887, 'rmse': 0.8845431804656982, 'mae': 0.6322120428085327, 'mape': 165.7143473625183, 'r2': -0.007071018218994141, 'mean_error': -0.06864508241415024, 'std_error': 0.8818755745887756}, 'financial': {'directional_accuracy': 0.5222222222222223, 'sharpe_ratio': 0.04429650860261445, 'max_drawdown': -0.09842376410961151, 'total_return': -0.0025850534439086914, 'hit_rate': 0.5222222222222223, 'num_trades': 180, 'precision': 0.5222222222222223, 'recall': 1.0, 'f1_score': 0.6861313868613139, 'confusion_matrix': [[0, 86], [0, 94]], 'auc_roc': 0.5054428500742206, 'alpha': 0.0}}, 'h14': {'statistical': {'mse': 0.7840250730514526, 'rmse': 0.8854519128799438, 'mae': 0.6348432302474976, 'mape': 167.17805862426758, 'r2': -0.006922721862792969, 'mean_error': -0.06681901961565018, 'std_error': 0.8829271197319031}, 'financial': {'directional_accuracy': 0.5222222222222223, 'sharpe_ratio': 0.09648757541703347, 'max_drawdown': -0.09842383116483688, 'total_return': 0.0026259422302246094, 'hit_rate': 0.5222222222222223, 'num_trades': 180, 'precision': 0.5222222222222223, 'recall': 1.0, 'f1_score': 0.6861313868613139, 'confusion_matrix': [[0, 86], [0, 94]], 'auc_roc': 0.5134834240475012, 'alpha': 0.0}}, 'h15': {'statistical': {'mse': 0.783357560634613, 'rmse': 0.8850749135017395, 'mae': 0.634271502494812, 'mape': 168.06433200836182, 'r2': -0.005854129791259766, 'mean_error': -0.061392806470394135, 'std_error': 0.8829430937767029}, 'financial': {'directional_accuracy': 0.5277777777777778, 'sharpe_ratio': 0.21740494410860428, 'max_drawdown': -0.09842398017644882, 'total_return': 0.014829039573669434, 'hit_rate': 0.5277777777777778, 'num_trades': 180, 'precision': 0.5277777777777778, 'recall': 1.0, 'f1_score': 0.6909090909090909, 'confusion_matrix': [[0, 85], [0, 95]], 'auc_roc': 0.5061300309597523, 'alpha': 0.0}}, 'h16': {'statistical': {'mse': 0.8047032952308655, 'rmse': 0.8970525860786438, 'mae': 0.642271876335144, 'mape': 168.7859296798706, 'r2': -0.0039577484130859375, 'mean_error': -0.04807987064123154, 'std_error': 0.8957631587982178}, 'financial': {'directional_accuracy': 0.5333333333333333, 'sharpe_ratio': 0.4773666373035615, 'max_drawdown': -0.09842389822006226, 'total_return': 0.04208052158355713, 'hit_rate': 0.5333333333333333, 'num_trades': 180, 'precision': 0.5333333333333333, 'recall': 1.0, 'f1_score': 0.6956521739130436, 'confusion_matrix': [[0, 84], [0, 96]], 'auc_roc': 0.5022321428571428, 'alpha': 0.0}}, 'h17': {'statistical': {'mse': 0.8054044842720032, 'rmse': 0.8974432945251465, 'mae': 0.6439418196678162, 'mape': 170.49319744110107, 'r2': -0.004334449768066406, 'mean_error': -0.051749683916568756, 'std_error': 0.8959500193595886}, 'financial': {'directional_accuracy': 0.5277777777777778, 'sharpe_ratio': 0.44295197975524303, 'max_drawdown': -0.09842384606599808, 'total_return': 0.03845524787902832, 'hit_rate': 0.5277777777777778, 'num_trades': 180, 'precision': 0.5277777777777778, 'recall': 1.0, 'f1_score': 0.6909090909090909, 'confusion_matrix': [[0, 85], [0, 95]], 'auc_roc': 0.5157894736842106, 'alpha': 0.0}}, 'h18': {'statistical': {'mse': 0.7978714108467102, 'rmse': 0.8932364583015442, 'mae': 0.6409870386123657, 'mape': 172.0361351966858, 'r2': -0.006319403648376465, 'mean_error': -0.06769419461488724, 'std_error': 0.8906676173210144}, 'financial': {'directional_accuracy': 0.5222222222222223, 'sharpe_ratio': 0.19561491494235153, 'max_drawdown': -0.0984237939119339, 'total_return': 0.012670755386352539, 'hit_rate': 0.5222222222222223, 'num_trades': 180, 'precision': 0.5222222222222223, 'recall': 1.0, 'f1_score': 0.6861313868613139, 'confusion_matrix': [[0, 86], [0, 94]], 'auc_roc': 0.5261009401286493, 'alpha': 0.0}}, 'h19': {'statistical': {'mse': 0.7919211387634277, 'rmse': 0.889899492263794, 'mae': 0.6362688541412354, 'mape': 174.09144639968872, 'r2': -0.008288741111755371, 'mean_error': -0.07715530693531036, 'std_error': 0.8865484595298767}, 'financial': {'directional_accuracy': 0.5166666666666667, 'sharpe_ratio': 0.06479607275085139, 'max_drawdown': -0.0984238013625145, 'total_return': -0.000579833984375, 'hit_rate': 0.5166666666666667, 'num_trades': 180, 'precision': 0.5166666666666667, 'recall': 1.0, 'f1_score': 0.6813186813186815, 'confusion_matrix': [[0, 87], [0, 93]], 'auc_roc': 0.521196391051786, 'alpha': 0.0}}, 'h20': {'statistical': {'mse': 0.786704957485199, 'rmse': 0.8869639039039612, 'mae': 0.6338398456573486, 'mape': 176.2030005455017, 'r2': -0.009122133255004883, 'mean_error': -0.07656686753034592, 'std_error': 0.8836528658866882}, 'financial': {'directional_accuracy': 0.5166666666666667, 'sharpe_ratio': 0.11637234605626501, 'max_drawdown': -0.09842387586832047, 'total_return': 0.004623055458068848, 'hit_rate': 0.5166666666666667, 'num_trades': 180, 'precision': 0.5166666666666667, 'recall': 1.0, 'f1_score': 0.6813186813186815, 'confusion_matrix': [[0, 87], [0, 93]], 'auc_roc': 0.5019157088122606, 'alpha': 0.0}}}, 'aggregate': {'statistical': {'mse': 0.8188456654548645, 'rmse': 0.9045387953519821, 'mae': 0.6400525897741318, 'mape': 167.93692588806152, 'r2': -0.005222851037979126, 'mean_error': -0.06514314357191324, 'std_error': 0.9021134972572327}}}",experiments/12c_multi_horizon/market_only_daily_3q_h20_d025/fold_2018/checkpoints/tft-epoch=epoch=71-valloss=val_loss=0.2339.ckpt,daily,20,fold_2018,2018,2018-01-01,2018-12-31,10,0.07528136670589447,0.14747732877731323,0.10065459460020065,0.022472135722637177,0.07219596207141876,180,100.0,0.0,180,0.9054679274559021,0.9515607953071594,0.651135265827179,189.97552394866943,-0.006824970245361328,-0.09851577877998352,0.9464473128318787,0.5388888888888889,0.03580265081514312,-0.08598671108484268,-0.004289984703063965,0.5388888888888889,180,0.5388888888888889,1.0,0.700361010830325,"[[0, 83], [0, 97]]",0.5629114395727238,0.0,30,0,138,10,2,180,16.666666666666664,0.0,76.66666666666667,5.555555555555555,1.1111111111111112,market_only_daily_3q_h20_d025
2025-12-14T20:43:48.622863,True,True,"{'n_horizons': 20, 'metrics_by_horizon': {'h1': {'statistical': {'mse': 0.6524884700775146, 'rmse': 0.8077675700187683, 'mae': 0.5912854075431824, 'mape': 183.15385580062866, 'r2': -0.0005323886871337891, 'mean_error': -0.02697240188717842, 'std_error': 0.8073171377182007}, 'financial': {'directional_accuracy': 0.56353591160221, 'sharpe_ratio': 1.250478339906275, 'max_drawdown': -0.06836147606372833, 'total_return': 0.11536383628845215, 'hit_rate': 0.56353591160221, 'num_trades': 181, 'precision': 0.56353591160221, 'recall': 1.0, 'f1_score': 0.7208480565371024, 'confusion_matrix': [[0, 79], [0, 102]], 'auc_roc': 0.5114172251178953, 'alpha': 0.0}}, 'h2': {'statistical': {'mse': 0.6514464616775513, 'rmse': 0.8071223497390747, 'mae': 0.5916193127632141, 'mape': 134.03087854385376, 'r2': -0.001013636589050293, 'mean_error': 0.018596164882183075, 'std_error': 0.8069080710411072}, 'financial': {'directional_accuracy': 0.56353591160221, 'sharpe_ratio': 1.2330165587593187, 'max_drawdown': -0.06836137175559998, 'total_return': 0.11345553398132324, 'hit_rate': 0.56353591160221, 'num_trades': 181, 'precision': 0.56353591160221, 'recall': 1.0, 'f1_score': 0.7208480565371024, 'confusion_matrix': [[0, 79], [0, 102]], 'auc_roc': 0.5013651030032266, 'alpha': 0.0}}, 'h3': {'statistical': {'mse': 0.6530818343162537, 'rmse': 0.8081347942352295, 'mae': 0.5942179560661316, 'mape': 119.99425888061523, 'r2': -0.0020450353622436523, 'mean_error': 0.03076498582959175, 'std_error': 0.8075489401817322}, 'financial': {'directional_accuracy': 0.5580110497237569, 'sharpe_ratio': 1.1835745895555914, 'max_drawdown': -0.06836145371198654, 'total_return': 0.10848617553710938, 'hit_rate': 0.5580110497237569, 'num_trades': 181, 'precision': 0.5580110497237569, 'recall': 1.0, 'f1_score': 0.7163120567375887, 'confusion_matrix': [[0, 80], [0, 101]], 'auc_roc': 0.503960396039604, 'alpha': 0.0}}, 'h4': {'statistical': {'mse': 0.6518424153327942, 'rmse': 0.8073675632476807, 'mae': 0.5926889777183533, 'mape': 115.86226224899292, 'r2': -0.0029630661010742188, 'mean_error': 0.032675642520189285, 'std_error': 0.8067061305046082}, 'financial': {'directional_accuracy': 0.5580110497237569, 'sharpe_ratio': 1.1424967423201275, 'max_drawdown': -0.0683613270521164, 'total_return': 0.10416030883789062, 'hit_rate': 0.5580110497237569, 'num_trades': 181, 'precision': 0.5580110497237569, 'recall': 1.0, 'f1_score': 0.7163120567375887, 'confusion_matrix': [[0, 80], [0, 101]], 'auc_roc': 0.5236386138613861, 'alpha': 0.0}}, 'h5': {'statistical': {'mse': 0.6516618728637695, 'rmse': 0.807255744934082, 'mae': 0.5920966267585754, 'mape': 115.40030241012573, 'r2': -0.003990292549133301, 'mean_error': 0.03172919154167175, 'std_error': 0.8066319823265076}, 'financial': {'directional_accuracy': 0.5580110497237569, 'sharpe_ratio': 1.1128896098244758, 'max_drawdown': -0.06836125999689102, 'total_return': 0.10109663009643555, 'hit_rate': 0.5580110497237569, 'num_trades': 181, 'precision': 0.5580110497237569, 'recall': 1.0, 'f1_score': 0.7163120567375887, 'confusion_matrix': [[0, 80], [0, 101]], 'auc_roc': 0.514480198019802, 'alpha': 0.0}}, 'h6': {'statistical': {'mse': 0.6516146063804626, 'rmse': 0.8072264790534973, 'mae': 0.5923095941543579, 'mape': 115.70146083831787, 'r2': -0.0035495758056640625, 'mean_error': 0.03450901433825493, 'std_error': 0.806488573551178}, 'financial': {'directional_accuracy': 0.56353591160221, 'sharpe_ratio': 1.1812248340316303, 'max_drawdown': -0.0683613121509552, 'total_return': 0.10804522037506104, 'hit_rate': 0.56353591160221, 'num_trades': 181, 'precision': 0.56353591160221, 'recall': 1.0, 'f1_score': 0.7208480565371024, 'confusion_matrix': [[0, 79], [0, 102]], 'auc_roc': 0.5223380491437082, 'alpha': 0.0}}, 'h7': {'statistical': {'mse': 0.6459724307060242, 'rmse': 0.8037241101264954, 'mae': 0.5890971422195435, 'mape': 117.05093383789062, 'r2': -0.0012969970703125, 'mean_error': 0.041477397084236145, 'std_error': 0.8026530742645264}, 'financial': {'directional_accuracy': 0.569060773480663, 'sharpe_ratio': 1.3481582459367265, 'max_drawdown': -0.06836105138063431, 'total_return': 0.12475454807281494, 'hit_rate': 0.569060773480663, 'num_trades': 181, 'precision': 0.569060773480663, 'recall': 1.0, 'f1_score': 0.7253521126760564, 'confusion_matrix': [[0, 78], [0, 103]], 'auc_roc': 0.5415733134179735, 'alpha': 0.0}}, 'h8': {'statistical': {'mse': 0.6458005309104919, 'rmse': 0.8036171793937683, 'mae': 0.5890458822250366, 'mape': 118.99199485778809, 'r2': -0.0008349418640136719, 'mean_error': 0.03901638463139534, 'std_error': 0.8026694655418396}, 'financial': {'directional_accuracy': 0.56353591160221, 'sharpe_ratio': 1.3315553727585125, 'max_drawdown': -0.06836159527301788, 'total_return': 0.12305819988250732, 'hit_rate': 0.56353591160221, 'num_trades': 181, 'precision': 0.56353591160221, 'recall': 1.0, 'f1_score': 0.7208480565371024, 'confusion_matrix': [[0, 79], [0, 102]], 'auc_roc': 0.533507073715562, 'alpha': 0.0}}, 'h9': {'statistical': {'mse': 0.6458237767219543, 'rmse': 0.803631603717804, 'mae': 0.5899068713188171, 'mape': 120.65589427947998, 'r2': -0.00030434131622314453, 'mean_error': 0.038543637841939926, 'std_error': 0.802706778049469}, 'financial': {'directional_accuracy': 0.56353591160221, 'sharpe_ratio': 1.3589493565470439, 'max_drawdown': -0.06836125999689102, 'total_return': 0.12591373920440674, 'hit_rate': 0.56353591160221, 'num_trades': 181, 'precision': 0.56353591160221, 'recall': 1.0, 'f1_score': 0.7208480565371024, 'confusion_matrix': [[0, 79], [0, 102]], 'auc_roc': 0.5168776371308017, 'alpha': 0.0}}, 'h10': {'statistical': {'mse': 0.6387819051742554, 'rmse': 0.7992383241653442, 'mae': 0.5851233601570129, 'mape': 122.74973392486572, 'r2': -0.0010932683944702148, 'mean_error': 0.02766822651028633, 'std_error': 0.7987592220306396}, 'financial': {'directional_accuracy': 0.5580110497237569, 'sharpe_ratio': 1.1922401927153068, 'max_drawdown': -0.0683610662817955, 'total_return': 0.10822486877441406, 'hit_rate': 0.5580110497237569, 'num_trades': 181, 'precision': 0.5580110497237569, 'recall': 1.0, 'f1_score': 0.7163120567375887, 'confusion_matrix': [[0, 80], [0, 101]], 'auc_roc': 0.4998762376237624, 'alpha': 0.0}}, 'h11': {'statistical': {'mse': 0.6430513858795166, 'rmse': 0.8019048571586609, 'mae': 0.5890589952468872, 'mape': 124.98682737350464, 'r2': -0.0011951923370361328, 'mean_error': 0.029076430946588516, 'std_error': 0.801377534866333}, 'financial': {'directional_accuracy': 0.5580110497237569, 'sharpe_ratio': 1.260982990161278, 'max_drawdown': -0.06836128234863281, 'total_return': 0.11555910110473633, 'hit_rate': 0.5580110497237569, 'num_trades': 181, 'precision': 0.5580110497237569, 'recall': 1.0, 'f1_score': 0.7163120567375887, 'confusion_matrix': [[0, 80], [0, 101]], 'auc_roc': 0.4957920792079208, 'alpha': 0.0}}, 'h12': {'statistical': {'mse': 0.6426039338111877, 'rmse': 0.8016257882118225, 'mae': 0.588346540927887, 'mape': 126.70081853866577, 'r2': -0.0006387233734130859, 'mean_error': 0.030175525695085526, 'std_error': 0.8010576963424683}, 'financial': {'directional_accuracy': 0.56353591160221, 'sharpe_ratio': 1.3306305860045058, 'max_drawdown': -0.06836144626140594, 'total_return': 0.12266802787780762, 'hit_rate': 0.56353591160221, 'num_trades': 181, 'precision': 0.56353591160221, 'recall': 1.0, 'f1_score': 0.7208480565371024, 'confusion_matrix': [[0, 79], [0, 102]], 'auc_roc': 0.4828741623231571, 'alpha': 0.0}}, 'h13': {'statistical': {'mse': 0.6376428604125977, 'rmse': 0.7985254526138306, 'mae': 0.5837119221687317, 'mape': 130.1488161087036, 'r2': -0.0016633272171020508, 'mean_error': 0.020957650616765022, 'std_error': 0.7982503771781921}, 'financial': {'directional_accuracy': 0.5580110497237569, 'sharpe_ratio': 1.2038630082052986, 'max_drawdown': -0.06836141645908356, 'total_return': 0.10926926136016846, 'hit_rate': 0.5580110497237569, 'num_trades': 181, 'precision': 0.5580110497237569, 'recall': 1.0, 'f1_score': 0.7163120567375887, 'confusion_matrix': [[0, 80], [0, 101]], 'auc_roc': 0.46868811881188116, 'alpha': 0.0}}, 'h14': {'statistical': {'mse': 0.637654185295105, 'rmse': 0.7985325455665588, 'mae': 0.5838732719421387, 'mape': 132.85163640975952, 'r2': -0.001749873161315918, 'mean_error': 0.01781683787703514, 'std_error': 0.7983337044715881}, 'financial': {'directional_accuracy': 0.5580110497237569, 'sharpe_ratio': 1.195151278068468, 'max_drawdown': -0.0683613270521164, 'total_return': 0.10838842391967773, 'hit_rate': 0.5580110497237569, 'num_trades': 181, 'precision': 0.5580110497237569, 'recall': 1.0, 'f1_score': 0.7163120567375887, 'confusion_matrix': [[0, 80], [0, 101]], 'auc_roc': 0.44554455445544555, 'alpha': 0.0}}, 'h15': {'statistical': {'mse': 0.6380674242973328, 'rmse': 0.798791229724884, 'mae': 0.5849981904029846, 'mape': 136.1629605293274, 'r2': -0.0021257400512695312, 'mean_error': 0.015471176244318485, 'std_error': 0.7986414432525635}, 'financial': {'directional_accuracy': 0.5580110497237569, 'sharpe_ratio': 1.205462786391089, 'max_drawdown': -0.06836142390966415, 'total_return': 0.10944211483001709, 'hit_rate': 0.5580110497237569, 'num_trades': 181, 'precision': 0.5580110497237569, 'recall': 1.0, 'f1_score': 0.7163120567375887, 'confusion_matrix': [[0, 80], [0, 101]], 'auc_roc': 0.4311881188118812, 'alpha': 0.0}}, 'h16': {'statistical': {'mse': 0.6366806626319885, 'rmse': 0.7979227304458618, 'mae': 0.5833589434623718, 'mape': 138.8497829437256, 'r2': -0.0011169910430908203, 'mean_error': 0.015766389667987823, 'std_error': 0.797766923904419}, 'financial': {'directional_accuracy': 0.56353591160221, 'sharpe_ratio': 1.2731117831079317, 'max_drawdown': -0.06836099922657013, 'total_return': 0.11622035503387451, 'hit_rate': 0.56353591160221, 'num_trades': 181, 'precision': 0.56353591160221, 'recall': 1.0, 'f1_score': 0.7208480565371024, 'confusion_matrix': [[0, 79], [0, 102]], 'auc_roc': 0.44043186895011166, 'alpha': 0.0}}, 'h17': {'statistical': {'mse': 0.6353891491889954, 'rmse': 0.7971130013465881, 'mae': 0.5814774632453918, 'mape': 142.23939180374146, 'r2': -0.0019222497940063477, 'mean_error': 0.009837609715759754, 'std_error': 0.7970523238182068}, 'financial': {'directional_accuracy': 0.56353591160221, 'sharpe_ratio': 1.2215418226932964, 'max_drawdown': -0.06836149096488953, 'total_return': 0.11084461212158203, 'hit_rate': 0.56353591160221, 'num_trades': 181, 'precision': 0.56353591160221, 'recall': 1.0, 'f1_score': 0.7208480565371024, 'confusion_matrix': [[0, 79], [0, 102]], 'auc_roc': 0.43348225366095805, 'alpha': 0.0}}, 'h18': {'statistical': {'mse': 0.6353208422660828, 'rmse': 0.7970701456069946, 'mae': 0.5815159678459167, 'mape': 145.9148406982422, 'r2': -0.0018472671508789062, 'mean_error': 0.006130233872681856, 'std_error': 0.7970465421676636}, 'financial': {'directional_accuracy': 0.56353591160221, 'sharpe_ratio': 1.2158310663778515, 'max_drawdown': -0.0683610662817955, 'total_return': 0.11026716232299805, 'hit_rate': 0.56353591160221, 'num_trades': 181, 'precision': 0.56353591160221, 'recall': 1.0, 'f1_score': 0.7208480565371024, 'confusion_matrix': [[0, 79], [0, 102]], 'auc_roc': 0.4373293621245966, 'alpha': 0.0}}, 'h19': {'statistical': {'mse': 0.6349673867225647, 'rmse': 0.7968484163284302, 'mae': 0.5803938508033752, 'mape': 148.26228618621826, 'r2': -0.0014579296112060547, 'mean_error': 0.0034563392400741577, 'std_error': 0.7968409061431885}, 'financial': {'directional_accuracy': 0.569060773480663, 'sharpe_ratio': 1.2338591448746206, 'max_drawdown': -0.06836134195327759, 'total_return': 0.11207544803619385, 'hit_rate': 0.569060773480663, 'num_trades': 181, 'precision': 0.569060773480663, 'recall': 1.0, 'f1_score': 0.7253521126760564, 'confusion_matrix': [[0, 78], [0, 103]], 'auc_roc': 0.44523276076674134, 'alpha': 0.0}}, 'h20': {'statistical': {'mse': 0.6375166177749634, 'rmse': 0.7984463572502136, 'mae': 0.583046019077301, 'mape': 150.46794414520264, 'r2': -0.0012601613998413086, 'mean_error': 0.004296817351132631, 'std_error': 0.7984347939491272}, 'financial': {'directional_accuracy': 0.574585635359116, 'sharpe_ratio': 1.3218314511597573, 'max_drawdown': -0.06836175918579102, 'total_return': 0.12124311923980713, 'hit_rate': 0.574585635359116, 'num_trades': 181, 'precision': 0.574585635359116, 'recall': 1.0, 'f1_score': 0.7298245614035088, 'confusion_matrix': [[0, 77], [0, 104]], 'auc_roc': 0.4572927072927073, 'alpha': 0.0}}}, 'aggregate': {'statistical': {'mse': 0.6433704376220704, 'rmse': 0.8020933121442795, 'mae': 0.5873586148023605, 'mape': 132.00884401798248, 'r2': -0.0016300499439239502, 'mean_error': 0.02104966272599995, 'std_error': 0.8016595810651779}}}",experiments/12c_multi_horizon/market_only_daily_3q_h20_d025/fold_2019/checkpoints/tft-epoch=epoch=14-valloss=val_loss=0.4293.ckpt,daily,20,fold_2019,2019,2019-01-01,2019-12-31,10,0.068146713078022,0.208275705575943,0.09058552235364914,0.015950419008731842,0.1401289999485016,179,100.0,0.0,181,0.6524884700775146,0.8077675700187683,0.5912854075431824,183.15385580062866,-0.0005323886871337891,-0.02697240188717842,0.8073171377182007,0.56353591160221,1.250478339906275,-0.06836147606372833,0.11536383628845215,0.56353591160221,181,0.56353591160221,1.0,0.7208480565371024,"[[0, 79], [0, 102]]",0.5114172251178953,0.0,30,0,112,39,0,181,16.574585635359114,0.0,61.87845303867403,21.54696132596685,0.0,market_only_daily_3q_h20_d025
2025-12-14T20:55:05.542819,False,True,"{'n_horizons': 20, 'metrics_by_horizon': {'h1': {'statistical': {'mse': 6.180848598480225, 'rmse': 2.486131191253662, 'mae': 1.5876139402389526, 'mape': 121.26895189285278, 'r2': 0.0001035928726196289, 'mean_error': -0.14926275610923767, 'std_error': 2.4816465377807617}, 'financial': {'directional_accuracy': 0.5769230769230769, 'sharpe_ratio': 0.3084817290121724, 'max_drawdown': -0.3392496705055237, 'total_return': 0.03162682056427002, 'hit_rate': 0.5769230769230769, 'num_trades': 182, 'precision': 0.5769230769230769, 'recall': 1.0, 'f1_score': 0.7317073170731707, 'confusion_matrix': [[0, 77], [0, 105]], 'auc_roc': 0.5118119975262833, 'alpha': 0.0}}, 'h2': {'statistical': {'mse': 6.155938148498535, 'rmse': 2.48111629486084, 'mae': 1.5840651988983154, 'mape': 116.43346548080444, 'r2': 0.0012483596801757812, 'mean_error': -0.098729707300663, 'std_error': 2.4791512489318848}, 'financial': {'directional_accuracy': 0.5769230769230769, 'sharpe_ratio': 0.36341928401053286, 'max_drawdown': -0.3392496407032013, 'total_return': 0.047916293144226074, 'hit_rate': 0.5769230769230769, 'num_trades': 182, 'precision': 0.5769230769230769, 'recall': 1.0, 'f1_score': 0.7317073170731707, 'confusion_matrix': [[0, 77], [0, 105]], 'auc_roc': 0.5097093382807668, 'alpha': 0.0}}, 'h3': {'statistical': {'mse': 6.149410247802734, 'rmse': 2.4798004627227783, 'mae': 1.5830212831497192, 'mape': 114.3440842628479, 'r2': 0.0021020174026489258, 'mean_error': -0.08545596897602081, 'std_error': 2.478327512741089}, 'financial': {'directional_accuracy': 0.5769230769230769, 'sharpe_ratio': 0.35630410908480986, 'max_drawdown': -0.33924955129623413, 'total_return': 0.045798420906066895, 'hit_rate': 0.5769230769230769, 'num_trades': 182, 'precision': 0.5769230769230769, 'recall': 1.0, 'f1_score': 0.7317073170731707, 'confusion_matrix': [[0, 77], [0, 105]], 'auc_roc': 0.5181199752628324, 'alpha': 0.0}}, 'h4': {'statistical': {'mse': 6.13609504699707, 'rmse': 2.477114200592041, 'mae': 1.5760209560394287, 'mape': 113.74269723892212, 'r2': 0.0024802088737487793, 'mean_error': -0.08808077126741409, 'std_error': 2.4755475521087646}, 'financial': {'directional_accuracy': 0.5769230769230769, 'sharpe_ratio': 0.3160581441404709, 'max_drawdown': -0.33924952149391174, 'total_return': 0.033913373947143555, 'hit_rate': 0.5769230769230769, 'num_trades': 182, 'precision': 0.5769230769230769, 'recall': 1.0, 'f1_score': 0.7317073170731707, 'confusion_matrix': [[0, 77], [0, 105]], 'auc_roc': 0.5264069264069263, 'alpha': 0.0}}, 'h5': {'statistical': {'mse': 6.14977502822876, 'rmse': 2.4798738956451416, 'mae': 1.5805565118789673, 'mape': 113.98190259933472, 'r2': 0.002426624298095703, 'mean_error': -0.1045311763882637, 'std_error': 2.4776699542999268}, 'financial': {'directional_accuracy': 0.5714285714285714, 'sharpe_ratio': 0.2108882371423741, 'max_drawdown': -0.3392496407032013, 'total_return': 0.00340425968170166, 'hit_rate': 0.5714285714285714, 'num_trades': 182, 'precision': 0.5714285714285714, 'recall': 1.0, 'f1_score': 0.7272727272727273, 'confusion_matrix': [[0, 78], [0, 104]], 'auc_roc': 0.5337771203155818, 'alpha': 0.0}}, 'h6': {'statistical': {'mse': 6.147576808929443, 'rmse': 2.479430675506592, 'mae': 1.5808135271072388, 'mape': 114.85704183578491, 'r2': 0.00280153751373291, 'mean_error': -0.10937070101499557, 'std_error': 2.477017402648926}, 'financial': {'directional_accuracy': 0.5659340659340659, 'sharpe_ratio': 0.18857471113872806, 'max_drawdown': -0.3392495810985565, 'total_return': -0.002946794033050537, 'hit_rate': 0.5659340659340659, 'num_trades': 182, 'precision': 0.5659340659340659, 'recall': 1.0, 'f1_score': 0.7228070175438597, 'confusion_matrix': [[0, 79], [0, 103]], 'auc_roc': 0.5459014378763672, 'alpha': 0.0}}, 'h7': {'statistical': {'mse': 6.217148780822754, 'rmse': 2.4934210777282715, 'mae': 1.5973546504974365, 'mape': 115.36734104156494, 'r2': 0.0024413466453552246, 'mean_error': -0.12753234803676605, 'std_error': 2.4901576042175293}, 'financial': {'directional_accuracy': 0.5659340659340659, 'sharpe_ratio': 0.08313013425462737, 'max_drawdown': -0.33924946188926697, 'total_return': -0.03290778398513794, 'hit_rate': 0.5659340659340659, 'num_trades': 182, 'precision': 0.5659340659340659, 'recall': 1.0, 'f1_score': 0.7228070175438597, 'confusion_matrix': [[0, 79], [0, 103]], 'auc_roc': 0.5416000983163328, 'alpha': 0.0}}, 'h8': {'statistical': {'mse': 6.2165093421936035, 'rmse': 2.493292808532715, 'mae': 1.5985125303268433, 'mape': 115.79833030700684, 'r2': 0.0033148527145385742, 'mean_error': -0.1268000304698944, 'std_error': 2.4900665283203125}, 'financial': {'directional_accuracy': 0.5659340659340659, 'sharpe_ratio': 0.0992364771359153, 'max_drawdown': -0.3392496109008789, 'total_return': -0.028471291065216064, 'hit_rate': 0.5659340659340659, 'num_trades': 182, 'precision': 0.5659340659340659, 'recall': 1.0, 'f1_score': 0.7228070175438597, 'confusion_matrix': [[0, 79], [0, 103]], 'auc_roc': 0.5510630453484087, 'alpha': 0.0}}, 'h9': {'statistical': {'mse': 6.2228851318359375, 'rmse': 2.4945712089538574, 'mae': 1.6043800115585327, 'mape': 116.42401218414307, 'r2': 0.003587663173675537, 'mean_error': -0.13617637753486633, 'std_error': 2.490851402282715}, 'financial': {'directional_accuracy': 0.5604395604395604, 'sharpe_ratio': 0.0509442191407089, 'max_drawdown': -0.3392496109008789, 'total_return': -0.04187369346618652, 'hit_rate': 0.5604395604395604, 'num_trades': 182, 'precision': 0.5604395604395604, 'recall': 1.0, 'f1_score': 0.7183098591549296, 'confusion_matrix': [[0, 80], [0, 102]], 'auc_roc': 0.5669117647058824, 'alpha': 0.0}}, 'h10': {'statistical': {'mse': 6.224599838256836, 'rmse': 2.4949147701263428, 'mae': 1.6063599586486816, 'mape': 116.88379049301147, 'r2': 0.004266619682312012, 'mean_error': -0.13471528887748718, 'std_error': 2.4912750720977783}, 'financial': {'directional_accuracy': 0.5604395604395604, 'sharpe_ratio': 0.07134717536203612, 'max_drawdown': -0.3392493724822998, 'total_return': -0.03629845380783081, 'hit_rate': 0.5604395604395604, 'num_trades': 182, 'precision': 0.5604395604395604, 'recall': 1.0, 'f1_score': 0.7183098591549296, 'confusion_matrix': [[0, 80], [0, 102]], 'auc_roc': 0.5773284313725491, 'alpha': 0.0}}, 'h11': {'statistical': {'mse': 6.238244533538818, 'rmse': 2.497647762298584, 'mae': 1.6139050722122192, 'mape': 116.94520711898804, 'r2': 0.004775583744049072, 'mean_error': -0.1258125603199005, 'std_error': 2.4944770336151123}, 'financial': {'directional_accuracy': 0.5659340659340659, 'sharpe_ratio': 0.13894103407851002, 'max_drawdown': -0.33924949169158936, 'total_return': -0.017543435096740723, 'hit_rate': 0.5659340659340659, 'num_trades': 182, 'precision': 0.5659340659340659, 'recall': 1.0, 'f1_score': 0.7228070175438597, 'confusion_matrix': [[0, 79], [0, 103]], 'auc_roc': 0.5742902789725943, 'alpha': 0.0}}, 'h12': {'statistical': {'mse': 6.260888576507568, 'rmse': 2.5021767616271973, 'mae': 1.6240345239639282, 'mape': 117.28982925415039, 'r2': 0.005275070667266846, 'mean_error': -0.11653627455234528, 'std_error': 2.4994614124298096}, 'financial': {'directional_accuracy': 0.5659340659340659, 'sharpe_ratio': 0.2088954038881282, 'max_drawdown': -0.33924955129623413, 'total_return': 0.0022684335708618164, 'hit_rate': 0.5659340659340659, 'num_trades': 182, 'precision': 0.5659340659340659, 'recall': 1.0, 'f1_score': 0.7228070175438597, 'confusion_matrix': [[0, 79], [0, 103]], 'auc_roc': 0.5825242718446602, 'alpha': 0.0}}, 'h13': {'statistical': {'mse': 6.278828144073486, 'rmse': 2.5057590007781982, 'mae': 1.631931185722351, 'mape': 117.46370792388916, 'r2': 0.00548630952835083, 'mean_error': -0.10613975673913956, 'std_error': 2.503509998321533}, 'financial': {'directional_accuracy': 0.5714285714285714, 'sharpe_ratio': 0.2862633990359763, 'max_drawdown': -0.3392496109008789, 'total_return': 0.024765491485595703, 'hit_rate': 0.5714285714285714, 'num_trades': 182, 'precision': 0.5714285714285714, 'recall': 1.0, 'f1_score': 0.7272727272727273, 'confusion_matrix': [[0, 78], [0, 104]], 'auc_roc': 0.5784023668639053, 'alpha': 0.0}}, 'h14': {'statistical': {'mse': 6.2794976234436035, 'rmse': 2.505892515182495, 'mae': 1.6302037239074707, 'mape': 120.74829339981079, 'r2': 0.005227267742156982, 'mean_error': -0.11088467389345169, 'std_error': 2.5034379959106445}, 'financial': {'directional_accuracy': 0.5659340659340659, 'sharpe_ratio': 0.2689499634301649, 'max_drawdown': -0.336718887090683, 'total_return': 0.01967167854309082, 'hit_rate': 0.5659340659340659, 'num_trades': 182, 'precision': 0.5659340659340659, 'recall': 1.0, 'f1_score': 0.7228070175438597, 'confusion_matrix': [[0, 79], [0, 103]], 'auc_roc': 0.5881774609807053, 'alpha': 0.0}}, 'h15': {'statistical': {'mse': 6.286007881164551, 'rmse': 2.5071911811828613, 'mae': 1.6331008672714233, 'mape': 120.85256576538086, 'r2': 0.005129396915435791, 'mean_error': -0.10448867827653885, 'std_error': 2.5050132274627686}, 'financial': {'directional_accuracy': 0.5714285714285714, 'sharpe_ratio': 0.3226617235802678, 'max_drawdown': -0.329668253660202, 'total_return': 0.035553574562072754, 'hit_rate': 0.5714285714285714, 'num_trades': 182, 'precision': 0.5714285714285714, 'recall': 1.0, 'f1_score': 0.7272727272727273, 'confusion_matrix': [[0, 78], [0, 104]], 'auc_roc': 0.585552268244576, 'alpha': 0.0}}, 'h16': {'statistical': {'mse': 6.282238483428955, 'rmse': 2.506439447402954, 'mae': 1.6283878087997437, 'mape': 121.7322587966919, 'r2': 0.004700839519500732, 'mean_error': -0.10171984881162643, 'std_error': 2.5043745040893555}, 'financial': {'directional_accuracy': 0.5714285714285714, 'sharpe_ratio': 0.35448457724907123, 'max_drawdown': -0.3064238727092743, 'total_return': 0.045096397399902344, 'hit_rate': 0.5714285714285714, 'num_trades': 182, 'precision': 0.5714285714285714, 'recall': 1.0, 'f1_score': 0.7272727272727273, 'confusion_matrix': [[0, 78], [0, 104]], 'auc_roc': 0.5835798816568047, 'alpha': 0.0}}, 'h17': {'statistical': {'mse': 6.227870941162109, 'rmse': 2.495570182800293, 'mae': 1.615541696548462, 'mape': 122.06907272338867, 'r2': 0.004185974597930908, 'mean_error': -0.09113515913486481, 'std_error': 2.493905544281006}, 'financial': {'directional_accuracy': 0.5714285714285714, 'sharpe_ratio': 0.43820563208440383, 'max_drawdown': -0.2852032780647278, 'total_return': 0.07054531574249268, 'hit_rate': 0.5714285714285714, 'num_trades': 182, 'precision': 0.5714285714285714, 'recall': 1.0, 'f1_score': 0.7272727272727273, 'confusion_matrix': [[0, 78], [0, 104]], 'auc_roc': 0.5817307692307692, 'alpha': 0.0}}, 'h18': {'statistical': {'mse': 6.185081958770752, 'rmse': 2.486982583999634, 'mae': 1.6046802997589111, 'mape': 122.34213352203369, 'r2': 0.004002749919891357, 'mean_error': -0.06946662068367004, 'std_error': 2.4860122203826904}, 'financial': {'directional_accuracy': 0.5769230769230769, 'sharpe_ratio': 0.5933815140714723, 'max_drawdown': -0.2852032780647278, 'total_return': 0.11899900436401367, 'hit_rate': 0.5769230769230769, 'num_trades': 182, 'precision': 0.5769230769230769, 'recall': 1.0, 'f1_score': 0.7317073170731707, 'confusion_matrix': [[0, 77], [0, 105]], 'auc_roc': 0.5809523809523809, 'alpha': 0.0}}, 'h19': {'statistical': {'mse': 6.190975189208984, 'rmse': 2.4881670475006104, 'mae': 1.6072394847869873, 'mape': 122.53961563110352, 'r2': 0.003859102725982666, 'mean_error': -0.06352943181991577, 'std_error': 2.4873557090759277}, 'financial': {'directional_accuracy': 0.5824175824175825, 'sharpe_ratio': 0.647115243672855, 'max_drawdown': -0.28520330786705017, 'total_return': 0.13632678985595703, 'hit_rate': 0.5824175824175825, 'num_trades': 182, 'precision': 0.5824175824175825, 'recall': 1.0, 'f1_score': 0.736111111111111, 'confusion_matrix': [[0, 76], [0, 106]], 'auc_roc': 0.5806852035749751, 'alpha': 0.0}}, 'h20': {'statistical': {'mse': 6.0844197273254395, 'rmse': 2.4666616916656494, 'mae': 1.5858087539672852, 'mape': 123.30057621002197, 'r2': 0.0032390952110290527, 'mean_error': -0.04451677203178406, 'std_error': 2.4662601947784424}, 'financial': {'directional_accuracy': 0.5824175824175825, 'sharpe_ratio': 0.7919538335398383, 'max_drawdown': -0.28520315885543823, 'total_return': 0.18313276767730713, 'hit_rate': 0.5824175824175825, 'num_trades': 182, 'precision': 0.5824175824175825, 'recall': 1.0, 'f1_score': 0.736111111111111, 'confusion_matrix': [[0, 76], [0, 106]], 'auc_roc': 0.576837140019861, 'alpha': 0.0}}}, 'aggregate': {'statistical': {'mse': 6.205742001533508, 'rmse': 2.491107738018036, 'mae': 1.6036765992641449, 'mape': 118.21924388408661, 'r2': 0.003532710671424866, 'mean_error': -0.10474424511194229, 'std_error': 2.488775932788849}}}",experiments/12c_multi_horizon/market_only_daily_3q_h20_d025/fold_2020/checkpoints/tft-epoch=epoch=10-valloss=val_loss=0.3907.ckpt,daily,20,fold_2020,2020,2020-01-01,2020-12-31,10,0.05653626471757889,0.2648165225982666,0.19757699966430664,0.07406377792358398,0.2082802653312683,182,100.0,0.0,182,6.180848598480225,2.486131191253662,1.5876139402389526,121.26895189285278,0.0001035928726196289,-0.14926275610923767,2.4816465377807617,0.5769230769230769,0.3084817290121724,-0.3392496705055237,0.03162682056427002,0.5769230769230769,182,0.5769230769230769,1.0,0.7317073170731707,"[[0, 77], [0, 105]]",0.5118119975262833,0.0,30,0,152,0,0,182,16.483516483516482,0.0,83.51648351648352,0.0,0.0,market_only_daily_3q_h20_d025
2025-12-14T21:06:58.505202,True,True,"{'n_horizons': 20, 'metrics_by_horizon': {'h1': {'statistical': {'mse': 0.5890671610832214, 'rmse': 0.7675071358680725, 'mae': 0.5825979113578796, 'mape': 124.03638362884521, 'r2': 0.006562411785125732, 'mean_error': 0.0027670070994645357, 'std_error': 0.7675021886825562}, 'financial': {'directional_accuracy': 0.56353591160221, 'sharpe_ratio': 2.2363259755548595, 'max_drawdown': -0.05212545022368431, 'total_return': 0.2103128433227539, 'hit_rate': 0.56353591160221, 'num_trades': 181, 'precision': 0.56353591160221, 'recall': 1.0, 'f1_score': 0.7208480565371024, 'confusion_matrix': [[0, 79], [0, 102]], 'auc_roc': 0.4951600893521966, 'alpha': 0.0}}, 'h2': {'statistical': {'mse': 0.5824856162071228, 'rmse': 0.7632074356079102, 'mae': 0.5777983069419861, 'mape': 116.73016548156738, 'r2': 0.0026835203170776367, 'mean_error': 0.022932300344109535, 'std_error': 0.7628628015518188}, 'financial': {'directional_accuracy': 0.56353591160221, 'sharpe_ratio': 2.128193696510136, 'max_drawdown': -0.052125316113233566, 'total_return': 0.19729912281036377, 'hit_rate': 0.56353591160221, 'num_trades': 181, 'precision': 0.56353591160221, 'recall': 1.0, 'f1_score': 0.7208480565371024, 'confusion_matrix': [[0, 79], [0, 102]], 'auc_roc': 0.47257383966244726, 'alpha': 0.0}}, 'h3': {'statistical': {'mse': 0.5839248299598694, 'rmse': 0.7641497254371643, 'mae': 0.5786330103874207, 'mape': 115.27339220046997, 'r2': 0.0006328225135803223, 'mean_error': 0.029249876737594604, 'std_error': 0.7635897397994995}, 'financial': {'directional_accuracy': 0.5580110497237569, 'sharpe_ratio': 2.1038729521404704, 'max_drawdown': -0.05212530866265297, 'total_return': 0.19480884075164795, 'hit_rate': 0.5580110497237569, 'num_trades': 181, 'precision': 0.5580110497237569, 'recall': 1.0, 'f1_score': 0.7163120567375887, 'confusion_matrix': [[0, 80], [0, 101]], 'auc_roc': 0.4695544554455445, 'alpha': 0.0}}, 'h4': {'statistical': {'mse': 0.5798686146736145, 'rmse': 0.761491060256958, 'mae': 0.5756648182868958, 'mape': 115.34428596496582, 'r2': -0.0002834796905517578, 'mean_error': 0.027732590213418007, 'std_error': 0.7609858512878418}, 'financial': {'directional_accuracy': 0.5580110497237569, 'sharpe_ratio': 2.0418605537527874, 'max_drawdown': -0.05212528631091118, 'total_return': 0.1875932216644287, 'hit_rate': 0.5580110497237569, 'num_trades': 181, 'precision': 0.5580110497237569, 'recall': 1.0, 'f1_score': 0.7163120567375887, 'confusion_matrix': [[0, 80], [0, 101]], 'auc_roc': 0.45878712871287125, 'alpha': 0.0}}, 'h5': {'statistical': {'mse': 0.5791452527046204, 'rmse': 0.7610159516334534, 'mae': 0.574857234954834, 'mape': 116.08039140701294, 'r2': 0.00021791458129882812, 'mean_error': 0.026796557009220123, 'std_error': 0.7605440020561218}, 'financial': {'directional_accuracy': 0.5580110497237569, 'sharpe_ratio': 2.0186811563809695, 'max_drawdown': -0.05212530866265297, 'total_return': 0.18513572216033936, 'hit_rate': 0.5580110497237569, 'num_trades': 181, 'precision': 0.5580110497237569, 'recall': 1.0, 'f1_score': 0.7163120567375887, 'confusion_matrix': [[0, 80], [0, 101]], 'auc_roc': 0.46188118811881185, 'alpha': 0.0}}, 'h6': {'statistical': {'mse': 0.5787709951400757, 'rmse': 0.7607700228691101, 'mae': 0.5743034482002258, 'mape': 116.70613288879395, 'r2': 0.0002931356430053711, 'mean_error': 0.019634807482361794, 'std_error': 0.7605166435241699}, 'financial': {'directional_accuracy': 0.5524861878453039, 'sharpe_ratio': 1.875739686290718, 'max_drawdown': -0.05212520435452461, 'total_return': 0.17048776149749756, 'hit_rate': 0.5524861878453039, 'num_trades': 181, 'precision': 0.5524861878453039, 'recall': 1.0, 'f1_score': 0.7117437722419929, 'confusion_matrix': [[0, 81], [0, 100]], 'auc_roc': 0.4723456790123457, 'alpha': 0.0}}, 'h7': {'statistical': {'mse': 0.5837007761001587, 'rmse': 0.7640030980110168, 'mae': 0.5780959129333496, 'mape': 116.24821424484253, 'r2': -0.0010536909103393555, 'mean_error': 0.02523059770464897, 'std_error': 0.7635864019393921}, 'financial': {'directional_accuracy': 0.5580110497237569, 'sharpe_ratio': 1.9947450400358633, 'max_drawdown': -0.052125293761491776, 'total_return': 0.1833113431930542, 'hit_rate': 0.5580110497237569, 'num_trades': 181, 'precision': 0.5580110497237569, 'recall': 1.0, 'f1_score': 0.7163120567375887, 'confusion_matrix': [[0, 80], [0, 101]], 'auc_roc': 0.47995049504950493, 'alpha': 0.0}}, 'h8': {'statistical': {'mse': 0.5827075242996216, 'rmse': 0.7633528113365173, 'mae': 0.5771322250366211, 'mape': 114.03778791427612, 'r2': 0.0005785226821899414, 'mean_error': 0.02596311643719673, 'std_error': 0.7629112005233765}, 'financial': {'directional_accuracy': 0.56353591160221, 'sharpe_ratio': 2.0211713034993806, 'max_drawdown': -0.05212532356381416, 'total_return': 0.1860259771347046, 'hit_rate': 0.56353591160221, 'num_trades': 181, 'precision': 0.56353591160221, 'recall': 1.0, 'f1_score': 0.7208480565371024, 'confusion_matrix': [[0, 79], [0, 102]], 'auc_roc': 0.48485976669148667, 'alpha': 0.0}}, 'h9': {'statistical': {'mse': 0.5826762318611145, 'rmse': 0.7633323073387146, 'mae': 0.5773605704307556, 'mape': 114.408278465271, 'r2': 0.0006519556045532227, 'mean_error': 0.025429148226976395, 'std_error': 0.7629086971282959}, 'financial': {'directional_accuracy': 0.56353591160221, 'sharpe_ratio': 2.0227318146174733, 'max_drawdown': -0.05212532728910446, 'total_return': 0.1861894130706787, 'hit_rate': 0.56353591160221, 'num_trades': 181, 'precision': 0.56353591160221, 'recall': 1.0, 'f1_score': 0.7208480565371024, 'confusion_matrix': [[0, 79], [0, 102]], 'auc_roc': 0.4925539836187639, 'alpha': 0.0}}, 'h10': {'statistical': {'mse': 0.5823922157287598, 'rmse': 0.7631462812423706, 'mae': 0.5769831538200378, 'mape': 114.49382305145264, 'r2': 0.0005093216896057129, 'mean_error': 0.02416657656431198, 'std_error': 0.7627635598182678}, 'financial': {'directional_accuracy': 0.56353591160221, 'sharpe_ratio': 2.011527453601925, 'max_drawdown': -0.05212549492716789, 'total_return': 0.18497371673583984, 'hit_rate': 0.56353591160221, 'num_trades': 181, 'precision': 0.56353591160221, 'recall': 1.0, 'f1_score': 0.7208480565371024, 'confusion_matrix': [[0, 79], [0, 102]], 'auc_roc': 0.4899478778853314, 'alpha': 0.0}}, 'h11': {'statistical': {'mse': 0.5835618376731873, 'rmse': 0.7639122009277344, 'mae': 0.5789536237716675, 'mape': 113.49748373031616, 'r2': 0.0011113882064819336, 'mean_error': 0.027264943346381187, 'std_error': 0.7634254693984985}, 'financial': {'directional_accuracy': 0.569060773480663, 'sharpe_ratio': 2.089577847109613, 'max_drawdown': -0.05212543159723282, 'total_return': 0.19330787658691406, 'hit_rate': 0.569060773480663, 'num_trades': 181, 'precision': 0.569060773480663, 'recall': 1.0, 'f1_score': 0.7253521126760564, 'confusion_matrix': [[0, 78], [0, 103]], 'auc_roc': 0.4997510580034852, 'alpha': 0.0}}, 'h12': {'statistical': {'mse': 0.583820104598999, 'rmse': 0.7640812397003174, 'mae': 0.5796192288398743, 'mape': 111.49715185165405, 'r2': 0.001444995403289795, 'mean_error': 0.028868841007351875, 'std_error': 0.7635356783866882}, 'financial': {'directional_accuracy': 0.574585635359116, 'sharpe_ratio': 2.1404095393418068, 'max_drawdown': -0.052125267684459686, 'total_return': 0.19868266582489014, 'hit_rate': 0.574585635359116, 'num_trades': 181, 'precision': 0.574585635359116, 'recall': 1.0, 'f1_score': 0.7298245614035088, 'confusion_matrix': [[0, 77], [0, 104]], 'auc_roc': 0.4942557442557442, 'alpha': 0.0}}, 'h13': {'statistical': {'mse': 0.5828690528869629, 'rmse': 0.7634586095809937, 'mae': 0.5781368613243103, 'mape': 111.40906810760498, 'r2': 0.0009253621101379395, 'mean_error': 0.03239254653453827, 'std_error': 0.7627710700035095}, 'financial': {'directional_accuracy': 0.580110497237569, 'sharpe_ratio': 2.236278429286141, 'max_drawdown': -0.05212533473968506, 'total_return': 0.20849406719207764, 'hit_rate': 0.580110497237569, 'num_trades': 181, 'precision': 0.580110497237569, 'recall': 1.0, 'f1_score': 0.7342657342657343, 'confusion_matrix': [[0, 76], [0, 105]], 'auc_roc': 0.4893483709273183, 'alpha': 0.0}}, 'h14': {'statistical': {'mse': 0.5822041630744934, 'rmse': 0.7630230188369751, 'mae': 0.5764395594596863, 'mape': 111.05737686157227, 'r2': 0.0012519359588623047, 'mean_error': 0.03282460942864418, 'std_error': 0.7623166441917419}, 'financial': {'directional_accuracy': 0.585635359116022, 'sharpe_ratio': 2.2686950495110003, 'max_drawdown': -0.0521252416074276, 'total_return': 0.2118145227432251, 'hit_rate': 0.585635359116022, 'num_trades': 181, 'precision': 0.585635359116022, 'recall': 1.0, 'f1_score': 0.7386759581881532, 'confusion_matrix': [[0, 75], [0, 106]], 'auc_roc': 0.4972955974842767, 'alpha': 0.0}}, 'h15': {'statistical': {'mse': 0.5783327221870422, 'rmse': 0.7604818940162659, 'mae': 0.5731655955314636, 'mape': 111.30406856536865, 'r2': 0.0025146007537841797, 'mean_error': 0.03397495299577713, 'std_error': 0.7597226500511169}, 'financial': {'directional_accuracy': 0.585635359116022, 'sharpe_ratio': 2.323605076165967, 'max_drawdown': -0.05212540552020073, 'total_return': 0.21698534488677979, 'hit_rate': 0.585635359116022, 'num_trades': 181, 'precision': 0.585635359116022, 'recall': 1.0, 'f1_score': 0.7386759581881532, 'confusion_matrix': [[0, 75], [0, 106]], 'auc_roc': 0.5133962264150943, 'alpha': 0.0}}, 'h16': {'statistical': {'mse': 0.5825551748275757, 'rmse': 0.7632530331611633, 'mae': 0.5776457190513611, 'mape': 112.27493286132812, 'r2': 0.003467381000518799, 'mean_error': 0.027426496148109436, 'std_error': 0.7627601027488708}, 'financial': {'directional_accuracy': 0.580110497237569, 'sharpe_ratio': 2.205294110837854, 'max_drawdown': -0.052125442773103714, 'total_return': 0.2054595947265625, 'hit_rate': 0.580110497237569, 'num_trades': 181, 'precision': 0.580110497237569, 'recall': 1.0, 'f1_score': 0.7342657342657343, 'confusion_matrix': [[0, 76], [0, 105]], 'auc_roc': 0.518107769423559, 'alpha': 0.0}}, 'h17': {'statistical': {'mse': 0.5794674158096313, 'rmse': 0.761227548122406, 'mae': 0.5756981372833252, 'mape': 112.59424686431885, 'r2': 0.00233614444732666, 'mean_error': 0.02370675839483738, 'std_error': 0.7608583569526672}, 'financial': {'directional_accuracy': 0.580110497237569, 'sharpe_ratio': 2.164900598703897, 'max_drawdown': -0.052125316113233566, 'total_return': 0.20053839683532715, 'hit_rate': 0.580110497237569, 'num_trades': 181, 'precision': 0.580110497237569, 'recall': 1.0, 'f1_score': 0.7342657342657343, 'confusion_matrix': [[0, 76], [0, 105]], 'auc_roc': 0.5042606516290727, 'alpha': 0.0}}, 'h18': {'statistical': {'mse': 0.5438539385795593, 'rmse': 0.7374645471572876, 'mae': 0.5618208646774292, 'mape': 145.9779143333435, 'r2': 0.0016008615493774414, 'mean_error': 0.03566400334239006, 'std_error': 0.7366016507148743}, 'financial': {'directional_accuracy': 0.580110497237569, 'sharpe_ratio': 2.52624135972962, 'max_drawdown': -0.05212540924549103, 'total_return': 0.23064959049224854, 'hit_rate': 0.580110497237569, 'num_trades': 181, 'precision': 0.580110497237569, 'recall': 1.0, 'f1_score': 0.7342657342657343, 'confusion_matrix': [[0, 76], [0, 105]], 'auc_roc': 0.4992481203007519, 'alpha': 0.0}}, 'h19': {'statistical': {'mse': 0.5427638292312622, 'rmse': 0.7367250919342041, 'mae': 0.5599610209465027, 'mape': 148.5568881034851, 'r2': 0.0007365942001342773, 'mean_error': 0.03874882683157921, 'std_error': 0.7357053160667419}, 'financial': {'directional_accuracy': 0.585635359116022, 'sharpe_ratio': 2.6323970386678135, 'max_drawdown': -0.05212540924549103, 'total_return': 0.24130332469940186, 'hit_rate': 0.585635359116022, 'num_trades': 181, 'precision': 0.585635359116022, 'recall': 1.0, 'f1_score': 0.7386759581881532, 'confusion_matrix': [[0, 75], [0, 106]], 'auc_roc': 0.49924528301886795, 'alpha': 0.0}}, 'h20': {'statistical': {'mse': 0.5147169828414917, 'rmse': 0.7174378037452698, 'mae': 0.5490370988845825, 'mape': 149.71487522125244, 'r2': 0.0017486214637756348, 'mean_error': 0.02238689921796322, 'std_error': 0.7170884013175964}, 'financial': {'directional_accuracy': 0.580110497237569, 'sharpe_ratio': 2.3794397713006403, 'max_drawdown': -0.05212544649839401, 'total_return': 0.2093031406402588, 'hit_rate': 0.580110497237569, 'num_trades': 181, 'precision': 0.580110497237569, 'recall': 1.0, 'f1_score': 0.7342657342657343, 'confusion_matrix': [[0, 76], [0, 105]], 'auc_roc': 0.49373433583959897, 'alpha': 0.0}}}, 'aggregate': {'statistical': {'mse': 0.5749442219734192, 'rmse': 0.7581520408391953, 'mae': 0.5741952151060105, 'mape': 119.56214308738708, 'r2': 0.001396515965461731, 'mean_error': 0.026658072753343733, 'std_error': 0.7576478213071823}}}",experiments/12c_multi_horizon/market_only_daily_3q_h20_d025/fold_2021/checkpoints/tft-epoch=epoch=20-valloss=val_loss=1.2146.ckpt,daily,20,fold_2021,2021,2021-01-01,2021-12-31,10,0.06100107729434967,0.17844906449317932,0.10571230947971344,0.04342883080244064,0.11744798719882965,181,100.0,0.0,181,0.5890671610832214,0.7675071358680725,0.5825979113578796,124.03638362884521,0.006562411785125732,0.0027670070994645357,0.7675021886825562,0.56353591160221,2.2363259755548595,-0.05212545022368431,0.2103128433227539,0.56353591160221,181,0.56353591160221,1.0,0.7208480565371024,"[[0, 79], [0, 102]]",0.4951600893521966,0.0,29,0,108,14,30,181,16.022099447513813,0.0,59.66850828729282,7.734806629834254,16.574585635359114,market_only_daily_3q_h20_d025
2025-12-14T21:19:34.093972,False,True,"{'n_horizons': 20, 'metrics_by_horizon': {'h1': {'statistical': {'mse': 2.578758716583252, 'rmse': 1.605851411819458, 'mae': 1.2871061563491821, 'mape': 138.22325468063354, 'r2': -0.048180580139160156, 'mean_error': -0.35680991411209106, 'std_error': 1.5657092332839966}, 'financial': {'directional_accuracy': 0.4444444444444444, 'sharpe_ratio': -0.9595596939792619, 'max_drawdown': -0.2258353978395462, 'total_return': -0.1755034327507019, 'hit_rate': 0.4444444444444444, 'num_trades': 180, 'precision': 0.4444444444444444, 'recall': 1.0, 'f1_score': 0.6153846153846153, 'confusion_matrix': [[0, 100], [0, 80]], 'auc_roc': 0.521375, 'alpha': 0.0}}, 'h2': {'statistical': {'mse': 2.5460903644561768, 'rmse': 1.5956473350524902, 'mae': 1.2789572477340698, 'mape': 128.47497463226318, 'r2': -0.035210371017456055, 'mean_error': -0.30632492899894714, 'std_error': 1.5659677982330322}, 'financial': {'directional_accuracy': 0.4388888888888889, 'sharpe_ratio': -1.0430084222381653, 'max_drawdown': -0.22583533823490143, 'total_return': -0.18763446807861328, 'hit_rate': 0.4388888888888889, 'num_trades': 180, 'precision': 0.4388888888888889, 'recall': 1.0, 'f1_score': 0.61003861003861, 'confusion_matrix': [[0, 101], [0, 79]], 'auc_roc': 0.5236245143501692, 'alpha': 0.0}}, 'h3': {'statistical': {'mse': 2.558844566345215, 'rmse': 1.5996389389038086, 'mae': 1.2839090824127197, 'mape': 125.91732740402222, 'r2': -0.028721332550048828, 'mean_error': -0.2817448377609253, 'std_error': 1.5746314525604248}, 'financial': {'directional_accuracy': 0.4388888888888889, 'sharpe_ratio': -0.9571636932038854, 'max_drawdown': -0.2258351445198059, 'total_return': -0.17612391710281372, 'hit_rate': 0.4388888888888889, 'num_trades': 180, 'precision': 0.4388888888888889, 'recall': 1.0, 'f1_score': 0.61003861003861, 'confusion_matrix': [[0, 101], [0, 79]], 'auc_roc': 0.533274846471989, 'alpha': 0.0}}, 'h4': {'statistical': {'mse': 2.5239338874816895, 'rmse': 1.5886893272399902, 'mae': 1.2742067575454712, 'mape': 125.10885000228882, 'r2': -0.023650050163269043, 'mean_error': -0.2574758529663086, 'std_error': 1.5676862001419067}, 'financial': {'directional_accuracy': 0.4444444444444444, 'sharpe_ratio': -0.7576552326486843, 'max_drawdown': -0.2258354127407074, 'total_return': -0.14549267292022705, 'hit_rate': 0.4444444444444444, 'num_trades': 180, 'precision': 0.4444444444444444, 'recall': 1.0, 'f1_score': 0.6153846153846153, 'confusion_matrix': [[0, 100], [0, 80]], 'auc_roc': 0.534875, 'alpha': 0.0}}, 'h5': {'statistical': {'mse': 2.534294366836548, 'rmse': 1.5919467210769653, 'mae': 1.2802067995071411, 'mape': 125.24590492248535, 'r2': -0.022003531455993652, 'mean_error': -0.2515932619571686, 'std_error': 1.5719399452209473}, 'financial': {'directional_accuracy': 0.4444444444444444, 'sharpe_ratio': -0.6932766386092993, 'max_drawdown': -0.2258353978395462, 'total_return': -0.1360478401184082, 'hit_rate': 0.4444444444444444, 'num_trades': 180, 'precision': 0.4444444444444444, 'recall': 1.0, 'f1_score': 0.6153846153846153, 'confusion_matrix': [[0, 100], [0, 80]], 'auc_roc': 0.546125, 'alpha': 0.0}}, 'h6': {'statistical': {'mse': 2.5379958152770996, 'rmse': 1.593108892440796, 'mae': 1.282663106918335, 'mape': 125.47951936721802, 'r2': -0.02267754077911377, 'mean_error': -0.25546231865882874, 'std_error': 1.5724931955337524}, 'financial': {'directional_accuracy': 0.4444444444444444, 'sharpe_ratio': -0.7136346025475799, 'max_drawdown': -0.22583530843257904, 'total_return': -0.13924384117126465, 'hit_rate': 0.4444444444444444, 'num_trades': 180, 'precision': 0.4444444444444444, 'recall': 1.0, 'f1_score': 0.6153846153846153, 'confusion_matrix': [[0, 100], [0, 80]], 'auc_roc': 0.535875, 'alpha': 0.0}}, 'h7': {'statistical': {'mse': 2.540010452270508, 'rmse': 1.5937410593032837, 'mae': 1.2836906909942627, 'mape': 126.09366178512573, 'r2': -0.024757027626037598, 'mean_error': -0.2657841444015503, 'std_error': 1.5714226961135864}, 'financial': {'directional_accuracy': 0.4388888888888889, 'sharpe_ratio': -0.7952103389870112, 'max_drawdown': -0.22583533823490143, 'total_return': -0.15160709619522095, 'hit_rate': 0.4388888888888889, 'num_trades': 180, 'precision': 0.4388888888888889, 'recall': 1.0, 'f1_score': 0.61003861003861, 'confusion_matrix': [[0, 101], [0, 79]], 'auc_roc': 0.5313949116430631, 'alpha': 0.0}}, 'h8': {'statistical': {'mse': 2.559849977493286, 'rmse': 1.5999531745910645, 'mae': 1.289297342300415, 'mape': 126.4327883720398, 'r2': -0.02333223819732666, 'mean_error': -0.2625012695789337, 'std_error': 1.5782721042633057}, 'financial': {'directional_accuracy': 0.4388888888888889, 'sharpe_ratio': -0.7352025717150287, 'max_drawdown': -0.2258351594209671, 'total_return': -0.14315319061279297, 'hit_rate': 0.4388888888888889, 'num_trades': 180, 'precision': 0.4388888888888889, 'recall': 1.0, 'f1_score': 0.61003861003861, 'confusion_matrix': [[0, 101], [0, 79]], 'auc_roc': 0.5436771525253791, 'alpha': 0.0}}, 'h9': {'statistical': {'mse': 2.5443711280822754, 'rmse': 1.5951085090637207, 'mae': 1.2839568853378296, 'mape': 126.89640522003174, 'r2': -0.022997617721557617, 'mean_error': -0.2588377594947815, 'std_error': 1.573967695236206}, 'financial': {'directional_accuracy': 0.4388888888888889, 'sharpe_ratio': -0.6776956553856343, 'max_drawdown': -0.22583533823490143, 'total_return': -0.1338493824005127, 'hit_rate': 0.4388888888888889, 'num_trades': 180, 'precision': 0.4388888888888889, 'recall': 1.0, 'f1_score': 0.61003861003861, 'confusion_matrix': [[0, 101], [0, 79]], 'auc_roc': 0.5370347161298409, 'alpha': 0.0}}, 'h10': {'statistical': {'mse': 2.5240328311920166, 'rmse': 1.5887205600738525, 'mae': 1.2762255668640137, 'mape': 127.40907669067383, 'r2': -0.022223353385925293, 'mean_error': -0.25275081396102905, 'std_error': 1.5684864521026611}, 'financial': {'directional_accuracy': 0.4388888888888889, 'sharpe_ratio': -0.5967157848710892, 'max_drawdown': -0.22583505511283875, 'total_return': -0.12072217464447021, 'hit_rate': 0.4388888888888889, 'num_trades': 180, 'precision': 0.4388888888888889, 'recall': 1.0, 'f1_score': 0.61003861003861, 'confusion_matrix': [[0, 101], [0, 79]], 'auc_roc': 0.5295149768141371, 'alpha': 0.0}}, 'h11': {'statistical': {'mse': 2.5643272399902344, 'rmse': 1.6013517379760742, 'mae': 1.2885218858718872, 'mape': 127.5324821472168, 'r2': -0.02509915828704834, 'mean_error': -0.26662102341651917, 'std_error': 1.5789998769760132}, 'financial': {'directional_accuracy': 0.4388888888888889, 'sharpe_ratio': -0.710837178797002, 'max_drawdown': -0.22583530843257904, 'total_return': -0.13940083980560303, 'hit_rate': 0.4388888888888889, 'num_trades': 180, 'precision': 0.4388888888888889, 'recall': 1.0, 'f1_score': 0.61003861003861, 'confusion_matrix': [[0, 101], [0, 79]], 'auc_roc': 0.519112670760747, 'alpha': 0.0}}, 'h12': {'statistical': {'mse': 2.563267946243286, 'rmse': 1.6010209321975708, 'mae': 1.2880386114120483, 'mape': 128.04388999938965, 'r2': -0.028735876083374023, 'mean_error': -0.28333747386932373, 'std_error': 1.5757499933242798}, 'financial': {'directional_accuracy': 0.43333333333333335, 'sharpe_ratio': -0.8594783465556204, 'max_drawdown': -0.2258351594209671, 'total_return': -0.16172796487808228, 'hit_rate': 0.43333333333333335, 'num_trades': 180, 'precision': 0.43333333333333335, 'recall': 1.0, 'f1_score': 0.6046511627906976, 'confusion_matrix': [[0, 102], [0, 78]], 'auc_roc': 0.5157114127702362, 'alpha': 0.0}}, 'h13': {'statistical': {'mse': 2.571967601776123, 'rmse': 1.6037355661392212, 'mae': 1.2944543361663818, 'mape': 128.49600315093994, 'r2': -0.02751779556274414, 'mean_error': -0.2783235013484955, 'std_error': 1.5793997049331665}, 'financial': {'directional_accuracy': 0.43333333333333335, 'sharpe_ratio': -0.7865125652176156, 'max_drawdown': -0.2258351743221283, 'total_return': -0.15105986595153809, 'hit_rate': 0.43333333333333335, 'num_trades': 180, 'precision': 0.43333333333333335, 'recall': 1.0, 'f1_score': 0.6046511627906976, 'confusion_matrix': [[0, 102], [0, 78]], 'auc_roc': 0.5165912518853696, 'alpha': 0.0}}, 'h14': {'statistical': {'mse': 2.5482263565063477, 'rmse': 1.5963164567947388, 'mae': 1.2863328456878662, 'mape': 128.53878736495972, 'r2': -0.025151848793029785, 'mean_error': -0.26330143213272095, 'std_error': 1.5744519233703613}, 'financial': {'directional_accuracy': 0.4388888888888889, 'sharpe_ratio': -0.6170424061197917, 'max_drawdown': -0.22583508491516113, 'total_return': -0.12435764074325562, 'hit_rate': 0.4388888888888889, 'num_trades': 180, 'precision': 0.4388888888888889, 'recall': 1.0, 'f1_score': 0.61003861003861, 'confusion_matrix': [[0, 101], [0, 79]], 'auc_roc': 0.509337009650332, 'alpha': 0.0}}, 'h15': {'statistical': {'mse': 2.5457961559295654, 'rmse': 1.595555067062378, 'mae': 1.283587098121643, 'mape': 128.52532863616943, 'r2': -0.02429509162902832, 'mean_error': -0.25834423303604126, 'std_error': 1.5745012760162354}, 'financial': {'directional_accuracy': 0.4444444444444444, 'sharpe_ratio': -0.5456756341846255, 'max_drawdown': -0.22583548724651337, 'total_return': -0.11310100555419922, 'hit_rate': 0.4444444444444444, 'num_trades': 180, 'precision': 0.4444444444444444, 'recall': 1.0, 'f1_score': 0.6153846153846153, 'confusion_matrix': [[0, 100], [0, 80]], 'auc_roc': 0.5117499999999999, 'alpha': 0.0}}, 'h16': {'statistical': {'mse': 2.568587303161621, 'rmse': 1.602681279182434, 'mae': 1.290037751197815, 'mape': 128.86741161346436, 'r2': -0.02620077133178711, 'mean_error': -0.2664465308189392, 'std_error': 1.5803775787353516}, 'financial': {'directional_accuracy': 0.4444444444444444, 'sharpe_ratio': -0.6030378419076089, 'max_drawdown': -0.22583536803722382, 'total_return': -0.12262946367263794, 'hit_rate': 0.4444444444444444, 'num_trades': 180, 'precision': 0.4444444444444444, 'recall': 1.0, 'f1_score': 0.6153846153846153, 'confusion_matrix': [[0, 100], [0, 80]], 'auc_roc': 0.506875, 'alpha': 0.0}}, 'h17': {'statistical': {'mse': 2.704401731491089, 'rmse': 1.644506573677063, 'mae': 1.3086832761764526, 'mape': 129.0591597557068, 'r2': -0.01740288734436035, 'mean_error': -0.22767570614814758, 'std_error': 1.6286698579788208}, 'financial': {'directional_accuracy': 0.45, 'sharpe_ratio': -0.18571956952960622, 'max_drawdown': -0.2258349359035492, 'total_return': -0.05662268400192261, 'hit_rate': 0.45, 'num_trades': 180, 'precision': 0.45, 'recall': 1.0, 'f1_score': 0.6206896551724138, 'confusion_matrix': [[0, 99], [0, 81]], 'auc_roc': 0.5176455917196657, 'alpha': 0.0}}, 'h18': {'statistical': {'mse': 2.7024099826812744, 'rmse': 1.6439008712768555, 'mae': 1.3075648546218872, 'mape': 129.42389249801636, 'r2': -0.019982218742370605, 'mean_error': -0.2432674616575241, 'std_error': 1.6258015632629395}, 'financial': {'directional_accuracy': 0.4444444444444444, 'sharpe_ratio': -0.3154765598373452, 'max_drawdown': -0.22583556175231934, 'total_return': -0.0788312554359436, 'hit_rate': 0.4444444444444444, 'num_trades': 180, 'precision': 0.4444444444444444, 'recall': 1.0, 'f1_score': 0.6153846153846153, 'confusion_matrix': [[0, 100], [0, 80]], 'auc_roc': 0.528375, 'alpha': 0.0}}, 'h19': {'statistical': {'mse': 2.6815645694732666, 'rmse': 1.6375483274459839, 'mae': 1.29949951171875, 'mape': 129.54859733581543, 'r2': -0.02142035961151123, 'mean_error': -0.25323739647865295, 'std_error': 1.6178489923477173}, 'financial': {'directional_accuracy': 0.4444444444444444, 'sharpe_ratio': -0.39127202424133334, 'max_drawdown': -0.2258356362581253, 'total_return': -0.09113872051239014, 'hit_rate': 0.4444444444444444, 'num_trades': 180, 'precision': 0.4444444444444444, 'recall': 1.0, 'f1_score': 0.6153846153846153, 'confusion_matrix': [[0, 100], [0, 80]], 'auc_roc': 0.5495000000000001, 'alpha': 0.0}}, 'h20': {'statistical': {'mse': 2.687987804412842, 'rmse': 1.6395083665847778, 'mae': 1.3032346963882446, 'mape': 129.68297004699707, 'r2': -0.022626757621765137, 'mean_error': -0.25889965891838074, 'std_error': 1.618937611579895}, 'financial': {'directional_accuracy': 0.4444444444444444, 'sharpe_ratio': -0.4226365354279185, 'max_drawdown': -0.2258356362581253, 'total_return': -0.09643155336380005, 'hit_rate': 0.4444444444444444, 'num_trades': 180, 'precision': 0.4444444444444444, 'recall': 1.0, 'f1_score': 0.6153846153846153, 'confusion_matrix': [[0, 100], [0, 80]], 'auc_roc': 0.5378750000000001, 'alpha': 0.0}}}, 'aggregate': {'statistical': {'mse': 2.579335939884186, 'rmse': 1.6059265553951263, 'mae': 1.2885087251663208, 'mape': 128.1500142812729, 'r2': -0.025609320402145384, 'mean_error': -0.26743697598576543, 'std_error': 1.58326575756073}}}",experiments/12c_multi_horizon/market_only_daily_3q_h20_d025/fold_2022/checkpoints/tft-epoch=epoch=09-valloss=val_loss=0.3755.ckpt,daily,20,fold_2022,2022,2022-01-01,2022-12-31,10,0.20075175166130066,0.2875466048717499,0.26199886202812195,0.0247199684381485,0.08679485321044922,179,100.0,0.0,180,2.578758716583252,1.605851411819458,1.2871061563491821,138.22325468063354,-0.048180580139160156,-0.35680991411209106,1.5657092332839966,0.4444444444444444,-0.9595596939792619,-0.2258353978395462,-0.1755034327507019,0.4444444444444444,180,0.4444444444444444,1.0,0.6153846153846153,"[[0, 100], [0, 80]]",0.521375,0.0,30,0,150,0,0,180,16.666666666666664,0.0,83.33333333333334,0.0,0.0,market_only_daily_3q_h20_d025
2025-12-14T21:32:06.026382,False,True,"{'n_horizons': 20, 'metrics_by_horizon': {'h1': {'statistical': {'mse': 0.6638911962509155, 'rmse': 0.814795196056366, 'mae': 0.6461286544799805, 'mape': 195.11549472808838, 'r2': -0.004584908485412598, 'mean_error': -0.08818275481462479, 'std_error': 0.810009241104126}, 'financial': {'directional_accuracy': 0.5111111111111111, 'sharpe_ratio': 0.5195396749911823, 'max_drawdown': -0.07834208756685257, 'total_return': 0.04282951354980469, 'hit_rate': 0.5111111111111111, 'num_trades': 180, 'precision': 0.5111111111111111, 'recall': 1.0, 'f1_score': 0.676470588235294, 'confusion_matrix': [[0, 88], [0, 92]], 'auc_roc': 0.5221096837944664, 'alpha': 0.0}}, 'h2': {'statistical': {'mse': 0.6681943535804749, 'rmse': 0.8174315690994263, 'mae': 0.6477847695350647, 'mape': 188.1878137588501, 'r2': -0.006152629852294922, 'mean_error': -0.09065607190132141, 'std_error': 0.8123889565467834}, 'financial': {'directional_accuracy': 0.5055555555555555, 'sharpe_ratio': 0.26895487181362715, 'max_drawdown': -0.08526112884283066, 'total_return': 0.019054293632507324, 'hit_rate': 0.5055555555555555, 'num_trades': 180, 'precision': 0.5055555555555555, 'recall': 1.0, 'f1_score': 0.6715867158671587, 'confusion_matrix': [[0, 89], [0, 91]], 'auc_roc': 0.5266082232374367, 'alpha': 0.0}}, 'h3': {'statistical': {'mse': 0.65911865234375, 'rmse': 0.8118612170219421, 'mae': 0.6419288516044617, 'mape': 185.7813835144043, 'r2': -0.01025080680847168, 'mean_error': -0.09642091393470764, 'std_error': 0.8061152100563049}, 'financial': {'directional_accuracy': 0.5, 'sharpe_ratio': 0.09245311336752622, 'max_drawdown': -0.0868028774857521, 'total_return': 0.002599477767944336, 'hit_rate': 0.5, 'num_trades': 180, 'precision': 0.5, 'recall': 1.0, 'f1_score': 0.6666666666666666, 'confusion_matrix': [[0, 90], [0, 90]], 'auc_roc': 0.5206172839506172, 'alpha': 0.0}}, 'h4': {'statistical': {'mse': 0.6543467044830322, 'rmse': 0.8089169859886169, 'mae': 0.6390233635902405, 'mape': 179.5181155204773, 'r2': -0.007898211479187012, 'mean_error': -0.08496060967445374, 'std_error': 0.8044429421424866}, 'financial': {'directional_accuracy': 0.5055555555555555, 'sharpe_ratio': 0.2855441730158823, 'max_drawdown': -0.08680368959903717, 'total_return': 0.020449519157409668, 'hit_rate': 0.5055555555555555, 'num_trades': 180, 'precision': 0.5055555555555555, 'recall': 1.0, 'f1_score': 0.6715867158671587, 'confusion_matrix': [[0, 89], [0, 91]], 'auc_roc': 0.5108038029386344, 'alpha': 0.0}}, 'h5': {'statistical': {'mse': 0.6643868088722229, 'rmse': 0.8150992393493652, 'mae': 0.643789529800415, 'mape': 180.1424503326416, 'r2': -0.008695721626281738, 'mean_error': -0.08826467394828796, 'std_error': 0.8103062510490417}, 'financial': {'directional_accuracy': 0.5055555555555555, 'sharpe_ratio': 0.19439274224454045, 'max_drawdown': -0.09335800260305405, 'total_return': 0.012030839920043945, 'hit_rate': 0.5055555555555555, 'num_trades': 180, 'precision': 0.5055555555555555, 'recall': 1.0, 'f1_score': 0.6715867158671587, 'confusion_matrix': [[0, 89], [0, 91]], 'auc_roc': 0.5006790961847142, 'alpha': 0.0}}, 'h6': {'statistical': {'mse': 0.6657364964485168, 'rmse': 0.8159267902374268, 'mae': 0.6444227695465088, 'mape': 179.3439745903015, 'r2': -0.012809991836547852, 'mean_error': -0.10093849152326584, 'std_error': 0.8096591234207153}, 'financial': {'directional_accuracy': 0.5, 'sharpe_ratio': -0.07414498350408993, 'max_drawdown': -0.1040860116481781, 'total_return': -0.012653231620788574, 'hit_rate': 0.5, 'num_trades': 180, 'precision': 0.5, 'recall': 1.0, 'f1_score': 0.6666666666666666, 'confusion_matrix': [[0, 90], [0, 90]], 'auc_roc': 0.5066666666666666, 'alpha': 0.0}}, 'h7': {'statistical': {'mse': 0.658793568611145, 'rmse': 0.8116610050201416, 'mae': 0.6408277153968811, 'mape': 179.62666749954224, 'r2': -0.010746002197265625, 'mean_error': -0.09660986065864563, 'std_error': 0.8058909177780151}, 'financial': {'directional_accuracy': 0.5, 'sharpe_ratio': -0.005852226700876225, 'max_drawdown': -0.10838665813207626, 'total_return': -0.006383299827575684, 'hit_rate': 0.5, 'num_trades': 180, 'precision': 0.5, 'recall': 1.0, 'f1_score': 0.6666666666666666, 'confusion_matrix': [[0, 90], [0, 90]], 'auc_roc': 0.5141975308641975, 'alpha': 0.0}}, 'h8': {'statistical': {'mse': 0.6600318551063538, 'rmse': 0.8124234676361084, 'mae': 0.6416038274765015, 'mape': 181.52180910110474, 'r2': -0.007152915000915527, 'mean_error': -0.08443264663219452, 'std_error': 0.8080241084098816}, 'financial': {'directional_accuracy': 0.5055555555555555, 'sharpe_ratio': 0.22119556151162204, 'max_drawdown': -0.10838641971349716, 'total_return': 0.014509081840515137, 'hit_rate': 0.5055555555555555, 'num_trades': 180, 'precision': 0.5055555555555555, 'recall': 1.0, 'f1_score': 0.6715867158671587, 'confusion_matrix': [[0, 89], [0, 91]], 'auc_roc': 0.5317940486479813, 'alpha': 0.0}}, 'h9': {'statistical': {'mse': 0.6617233157157898, 'rmse': 0.8134637475013733, 'mae': 0.644357442855835, 'mape': 183.21797847747803, 'r2': -0.006658434867858887, 'mean_error': -0.08170227706432343, 'std_error': 0.8093504309654236}, 'financial': {'directional_accuracy': 0.5055555555555555, 'sharpe_ratio': 0.2674109782347261, 'max_drawdown': -0.10838694870471954, 'total_return': 0.018841028213500977, 'hit_rate': 0.5055555555555555, 'num_trades': 180, 'precision': 0.5055555555555555, 'recall': 1.0, 'f1_score': 0.6715867158671587, 'confusion_matrix': [[0, 89], [0, 91]], 'auc_roc': 0.5214223978268921, 'alpha': 0.0}}, 'h10': {'statistical': {'mse': 0.660819947719574, 'rmse': 0.8129083514213562, 'mae': 0.6443424224853516, 'mape': 184.47643518447876, 'r2': -0.007023930549621582, 'mean_error': -0.08211156725883484, 'std_error': 0.808750569820404}, 'financial': {'directional_accuracy': 0.5055555555555555, 'sharpe_ratio': 0.2573800461209801, 'max_drawdown': -0.10838627070188522, 'total_return': 0.01789224147796631, 'hit_rate': 0.5055555555555555, 'num_trades': 180, 'precision': 0.5055555555555555, 'recall': 1.0, 'f1_score': 0.6715867158671587, 'confusion_matrix': [[0, 89], [0, 91]], 'auc_roc': 0.5117915792073096, 'alpha': 0.0}}, 'h11': {'statistical': {'mse': 0.6787914037704468, 'rmse': 0.8238880038261414, 'mae': 0.6541677117347717, 'mape': 183.6064338684082, 'r2': -0.00476527214050293, 'mean_error': -0.07157264649868011, 'std_error': 0.8207732439041138}, 'financial': {'directional_accuracy': 0.5111111111111111, 'sharpe_ratio': 0.45902270728785466, 'max_drawdown': -0.10838685929775238, 'total_return': 0.03737747669219971, 'hit_rate': 0.5111111111111111, 'num_trades': 180, 'precision': 0.5111111111111111, 'recall': 1.0, 'f1_score': 0.676470588235294, 'confusion_matrix': [[0, 88], [0, 92]], 'auc_roc': 0.516798418972332, 'alpha': 0.0}}, 'h12': {'statistical': {'mse': 0.6835753321647644, 'rmse': 0.8267861604690552, 'mae': 0.6589076519012451, 'mape': 185.25739908218384, 'r2': -0.0054666996002197266, 'mean_error': -0.06816975772380829, 'std_error': 0.8239710927009583}, 'financial': {'directional_accuracy': 0.5111111111111111, 'sharpe_ratio': 0.5283861786931989, 'max_drawdown': -0.10838644206523895, 'total_return': 0.0442274808883667, 'hit_rate': 0.5111111111111111, 'num_trades': 180, 'precision': 0.5111111111111111, 'recall': 1.0, 'f1_score': 0.676470588235294, 'confusion_matrix': [[0, 88], [0, 92]], 'auc_roc': 0.4982707509881423, 'alpha': 0.0}}, 'h13': {'statistical': {'mse': 0.6719025373458862, 'rmse': 0.8196966052055359, 'mae': 0.6516751050949097, 'mape': 186.36362552642822, 'r2': -0.004461407661437988, 'mean_error': -0.059978846460580826, 'std_error': 0.8174992799758911}, 'financial': {'directional_accuracy': 0.5166666666666667, 'sharpe_ratio': 0.7002768213465604, 'max_drawdown': -0.10838674008846283, 'total_return': 0.06068313121795654, 'hit_rate': 0.5166666666666667, 'num_trades': 180, 'precision': 0.5166666666666667, 'recall': 1.0, 'f1_score': 0.6813186813186815, 'confusion_matrix': [[0, 87], [0, 93]], 'auc_roc': 0.5008033617599803, 'alpha': 0.0}}, 'h14': {'statistical': {'mse': 0.6720467209815979, 'rmse': 0.8197845816612244, 'mae': 0.6511979699134827, 'mape': 187.41490840911865, 'r2': -0.004995107650756836, 'mean_error': -0.057456597685813904, 'std_error': 0.8177685737609863}, 'financial': {'directional_accuracy': 0.5222222222222223, 'sharpe_ratio': 0.7608633639070367, 'max_drawdown': -0.10838679224252701, 'total_return': 0.06664717197418213, 'hit_rate': 0.5222222222222223, 'num_trades': 180, 'precision': 0.5222222222222223, 'recall': 1.0, 'f1_score': 0.6861313868613139, 'confusion_matrix': [[0, 86], [0, 94]], 'auc_roc': 0.5064324591786245, 'alpha': 0.0}}, 'h15': {'statistical': {'mse': 0.647560179233551, 'rmse': 0.8047112226486206, 'mae': 0.6399253606796265, 'mape': 188.14539909362793, 'r2': -0.003354310989379883, 'mean_error': -0.046493254601955414, 'std_error': 0.8033670783042908}, 'financial': {'directional_accuracy': 0.5277777777777778, 'sharpe_ratio': 1.005522565502661, 'max_drawdown': -0.10838649421930313, 'total_return': 0.08955574035644531, 'hit_rate': 0.5277777777777778, 'num_trades': 180, 'precision': 0.5277777777777778, 'recall': 1.0, 'f1_score': 0.6909090909090909, 'confusion_matrix': [[0, 85], [0, 95]], 'auc_roc': 0.5081114551083591, 'alpha': 0.0}}, 'h16': {'statistical': {'mse': 0.6520413160324097, 'rmse': 0.8074907660484314, 'mae': 0.643834114074707, 'mape': 189.40260410308838, 'r2': -0.004309654235839844, 'mean_error': -0.050967026501894, 'std_error': 0.8058806657791138}, 'financial': {'directional_accuracy': 0.5277777777777778, 'sharpe_ratio': 0.9312819646189263, 'max_drawdown': -0.10838598012924194, 'total_return': 0.08245193958282471, 'hit_rate': 0.5277777777777778, 'num_trades': 180, 'precision': 0.5277777777777778, 'recall': 1.0, 'f1_score': 0.6909090909090909, 'confusion_matrix': [[0, 85], [0, 95]], 'auc_roc': 0.5078637770897833, 'alpha': 0.0}}, 'h17': {'statistical': {'mse': 0.6637611389160156, 'rmse': 0.8147153854370117, 'mae': 0.6502317190170288, 'mape': 190.30646085739136, 'r2': -0.004723072052001953, 'mean_error': -0.04623112082481384, 'std_error': 0.8134026527404785}, 'financial': {'directional_accuracy': 0.5277777777777778, 'sharpe_ratio': 1.0348316467615692, 'max_drawdown': -0.10838665068149567, 'total_return': 0.09352755546569824, 'hit_rate': 0.5277777777777778, 'num_trades': 180, 'precision': 0.5277777777777778, 'recall': 1.0, 'f1_score': 0.6909090909090909, 'confusion_matrix': [[0, 85], [0, 95]], 'auc_roc': 0.49721362229102173, 'alpha': 0.0}}, 'h18': {'statistical': {'mse': 0.656738817691803, 'rmse': 0.8103942275047302, 'mae': 0.6450991034507751, 'mape': 190.317702293396, 'r2': -0.0043250322341918945, 'mean_error': -0.0419347770512104, 'std_error': 0.8093084692955017}, 'financial': {'directional_accuracy': 0.5277777777777778, 'sharpe_ratio': 1.1459510615345438, 'max_drawdown': -0.10838638246059418, 'total_return': 0.10425007343292236, 'hit_rate': 0.5277777777777778, 'num_trades': 180, 'precision': 0.5277777777777778, 'recall': 1.0, 'f1_score': 0.6909090909090909, 'confusion_matrix': [[0, 85], [0, 95]], 'auc_roc': 0.4840866873065015, 'alpha': 0.0}}, 'h19': {'statistical': {'mse': 0.6744473576545715, 'rmse': 0.8212474584579468, 'mae': 0.6541463136672974, 'mape': 188.5900378227234, 'r2': -0.0029207468032836914, 'mean_error': -0.03424416109919548, 'std_error': 0.8205332159996033}, 'financial': {'directional_accuracy': 0.5277777777777778, 'sharpe_ratio': 1.3021083836654603, 'max_drawdown': -0.10838673263788223, 'total_return': 0.12186622619628906, 'hit_rate': 0.5277777777777778, 'num_trades': 180, 'precision': 0.5277777777777778, 'recall': 1.0, 'f1_score': 0.6909090909090909, 'confusion_matrix': [[0, 85], [0, 95]], 'auc_roc': 0.486687306501548, 'alpha': 0.0}}, 'h20': {'statistical': {'mse': 0.6728805303573608, 'rmse': 0.8202929496765137, 'mae': 0.6519442200660706, 'mape': 185.67774295806885, 'r2': -0.001668095588684082, 'mean_error': -0.03296986222267151, 'std_error': 0.8196300864219666}, 'financial': {'directional_accuracy': 0.5333333333333333, 'sharpe_ratio': 1.3526610668232584, 'max_drawdown': -0.10838639736175537, 'total_return': 0.12707984447479248, 'hit_rate': 0.5333333333333333, 'num_trades': 180, 'precision': 0.5333333333333333, 'recall': 1.0, 'f1_score': 0.6956521739130436, 'confusion_matrix': [[0, 84], [0, 96]], 'auc_roc': 0.501984126984127, 'alpha': 0.0}}}, 'aggregate': {'statistical': {'mse': 0.6645394116640091, 'rmse': 0.8151747465133667, 'mae': 0.6467669308185577, 'mape': 185.6007218360901, 'r2': -0.006148147583007813, 'mean_error': -0.07021489590406418, 'std_error': 0.8118536055088044}}}",experiments/12c_multi_horizon/market_only_daily_3q_h20_d025/fold_2023/checkpoints/tft-epoch=epoch=84-valloss=val_loss=0.8113.ckpt,daily,20,fold_2023,2023,2023-01-01,2023-12-31,10,0.04780206084251404,0.2642901837825775,0.11478839814662933,0.05772535875439644,0.21648812294006348,179,100.0,0.0,180,0.6638911962509155,0.814795196056366,0.6461286544799805,195.11549472808838,-0.004584908485412598,-0.08818275481462479,0.810009241104126,0.5111111111111111,0.5195396749911823,-0.07834208756685257,0.04282951354980469,0.5111111111111111,180,0.5111111111111111,1.0,0.676470588235294,"[[0, 88], [0, 92]]",0.5221096837944664,0.0,30,0,150,0,0,180,16.666666666666664,0.0,83.33333333333334,0.0,0.0,market_only_daily_3q_h20_d025
2025-12-14T21:44:29.705984,True,True,"{'n_horizons': 20, 'metrics_by_horizon': {'h1': {'statistical': {'mse': 0.6506283283233643, 'rmse': 0.8066153526306152, 'mae': 0.606516420841217, 'mape': 280.37102222442627, 'r2': 0.003196418285369873, 'mean_error': -0.025293223559856415, 'std_error': 0.8062187433242798}, 'financial': {'directional_accuracy': 0.574585635359116, 'sharpe_ratio': 1.8774480402841793, 'max_drawdown': -0.08485137671232224, 'total_return': 0.1816948652267456, 'hit_rate': 0.574585635359116, 'num_trades': 181, 'precision': 0.574585635359116, 'recall': 1.0, 'f1_score': 0.7298245614035088, 'confusion_matrix': [[0, 77], [0, 104]], 'auc_roc': 0.4993756243756244, 'alpha': 0.0}}, 'h2': {'statistical': {'mse': 0.634671151638031, 'rmse': 0.7966625094413757, 'mae': 0.6009647846221924, 'mape': 210.69753170013428, 'r2': 0.003650844097137451, 'mean_error': 0.028978951275348663, 'std_error': 0.7961353063583374}, 'financial': {'directional_accuracy': 0.574585635359116, 'sharpe_ratio': 2.0574237958314083, 'max_drawdown': -0.08485125005245209, 'total_return': 0.19885051250457764, 'hit_rate': 0.574585635359116, 'num_trades': 181, 'precision': 0.574585635359116, 'recall': 1.0, 'f1_score': 0.7298245614035088, 'confusion_matrix': [[0, 77], [0, 104]], 'auc_roc': 0.5002497502497503, 'alpha': 0.0}}, 'h3': {'statistical': {'mse': 0.6276373863220215, 'rmse': 0.7922356724739075, 'mae': 0.5961564779281616, 'mape': 187.6050353050232, 'r2': 0.0034595131874084473, 'mean_error': 0.03726597875356674, 'std_error': 0.7913587689399719}, 'financial': {'directional_accuracy': 0.569060773480663, 'sharpe_ratio': 1.925799283890586, 'max_drawdown': -0.08485148847103119, 'total_return': 0.18349456787109375, 'hit_rate': 0.569060773480663, 'num_trades': 181, 'precision': 0.569060773480663, 'recall': 1.0, 'f1_score': 0.7253521126760564, 'confusion_matrix': [[0, 78], [0, 103]], 'auc_roc': 0.4924072691062982, 'alpha': 0.0}}, 'h4': {'statistical': {'mse': 0.62851881980896, 'rmse': 0.7927917838096619, 'mae': 0.5962054133415222, 'mape': 181.77392482757568, 'r2': 0.002620995044708252, 'mean_error': 0.028893284499645233, 'std_error': 0.7922651171684265}, 'financial': {'directional_accuracy': 0.56353591160221, 'sharpe_ratio': 1.7056657368898882, 'max_drawdown': -0.0848512053489685, 'total_return': 0.16021990776062012, 'hit_rate': 0.56353591160221, 'num_trades': 181, 'precision': 0.56353591160221, 'recall': 1.0, 'f1_score': 0.7208480565371024, 'confusion_matrix': [[0, 79], [0, 102]], 'auc_roc': 0.5012410027302059, 'alpha': 0.0}}, 'h5': {'statistical': {'mse': 0.62929767370224, 'rmse': 0.7932828664779663, 'mae': 0.5950062870979309, 'mape': 179.63578701019287, 'r2': 8.749961853027344e-05, 'mean_error': 0.03064538910984993, 'std_error': 0.7926907539367676}, 'financial': {'directional_accuracy': 0.569060773480663, 'sharpe_ratio': 1.7657221148992919, 'max_drawdown': -0.08485128730535507, 'total_return': 0.1664271354675293, 'hit_rate': 0.569060773480663, 'num_trades': 181, 'precision': 0.569060773480663, 'recall': 1.0, 'f1_score': 0.7253521126760564, 'confusion_matrix': [[0, 78], [0, 103]], 'auc_roc': 0.5034851879512073, 'alpha': 0.0}}, 'h6': {'statistical': {'mse': 0.6294040679931641, 'rmse': 0.7933499217033386, 'mae': 0.5945253968238831, 'mape': 180.43115139007568, 'r2': -0.00014138221740722656, 'mean_error': 0.027005616575479507, 'std_error': 0.792890191078186}, 'financial': {'directional_accuracy': 0.56353591160221, 'sharpe_ratio': 1.7369209034858506, 'max_drawdown': -0.08485148847103119, 'total_return': 0.16338837146759033, 'hit_rate': 0.56353591160221, 'num_trades': 181, 'precision': 0.56353591160221, 'recall': 1.0, 'f1_score': 0.7208480565371024, 'confusion_matrix': [[0, 79], [0, 102]], 'auc_roc': 0.50620501365103, 'alpha': 0.0}}, 'h7': {'statistical': {'mse': 0.6270403265953064, 'rmse': 0.7918587923049927, 'mae': 0.5910620093345642, 'mape': 178.59729528427124, 'r2': -0.0008983612060546875, 'mean_error': 0.021552614867687225, 'std_error': 0.7915654182434082}, 'financial': {'directional_accuracy': 0.56353591160221, 'sharpe_ratio': 1.6789083053855447, 'max_drawdown': -0.08485133945941925, 'total_return': 0.1569385528564453, 'hit_rate': 0.56353591160221, 'num_trades': 181, 'precision': 0.56353591160221, 'recall': 1.0, 'f1_score': 0.7208480565371024, 'confusion_matrix': [[0, 79], [0, 102]], 'auc_roc': 0.5171258376768428, 'alpha': 0.0}}, 'h8': {'statistical': {'mse': 0.6277133822441101, 'rmse': 0.7922836542129517, 'mae': 0.591253936290741, 'mape': 181.1084270477295, 'r2': -0.0019261837005615234, 'mean_error': 0.01981688104569912, 'std_error': 0.792035698890686}, 'financial': {'directional_accuracy': 0.56353591160221, 'sharpe_ratio': 1.6904323618347903, 'max_drawdown': -0.08485138416290283, 'total_return': 0.15814483165740967, 'hit_rate': 0.56353591160221, 'num_trades': 181, 'precision': 0.56353591160221, 'recall': 1.0, 'f1_score': 0.7208480565371024, 'confusion_matrix': [[0, 79], [0, 102]], 'auc_roc': 0.5215934475055846, 'alpha': 0.0}}, 'h9': {'statistical': {'mse': 0.6280194520950317, 'rmse': 0.7924767732620239, 'mae': 0.5915120244026184, 'mape': 185.71335077285767, 'r2': -0.0030596256256103516, 'mean_error': 0.012592112645506859, 'std_error': 0.792376697063446}, 'financial': {'directional_accuracy': 0.5580110497237569, 'sharpe_ratio': 1.5907477064143383, 'max_drawdown': -0.08485131710767746, 'total_return': 0.14773201942443848, 'hit_rate': 0.5580110497237569, 'num_trades': 181, 'precision': 0.5580110497237569, 'recall': 1.0, 'f1_score': 0.7163120567375887, 'confusion_matrix': [[0, 80], [0, 101]], 'auc_roc': 0.5176980198019802, 'alpha': 0.0}}, 'h10': {'statistical': {'mse': 0.6507408618927002, 'rmse': 0.8066850900650024, 'mae': 0.6020537614822388, 'mape': 188.8864040374756, 'r2': -0.006325244903564453, 'mean_error': 0.0006606223178096116, 'std_error': 0.8066849112510681}, 'financial': {'directional_accuracy': 0.5580110497237569, 'sharpe_ratio': 1.372599275269792, 'max_drawdown': -0.08485149592161179, 'total_return': 0.12743675708770752, 'hit_rate': 0.5580110497237569, 'num_trades': 181, 'precision': 0.5580110497237569, 'recall': 1.0, 'f1_score': 0.7163120567375887, 'confusion_matrix': [[0, 80], [0, 101]], 'auc_roc': 0.5099009900990099, 'alpha': 0.0}}, 'h11': {'statistical': {'mse': 0.639894425868988, 'rmse': 0.7999340295791626, 'mae': 0.5958693027496338, 'mape': 192.63761043548584, 'r2': -0.00646519660949707, 'mean_error': 0.008323706686496735, 'std_error': 0.7998906970024109}, 'financial': {'directional_accuracy': 0.56353591160221, 'sharpe_ratio': 1.5797025426069873, 'max_drawdown': -0.08485125005245209, 'total_return': 0.14774620532989502, 'hit_rate': 0.56353591160221, 'num_trades': 181, 'precision': 0.56353591160221, 'recall': 1.0, 'f1_score': 0.7208480565371024, 'confusion_matrix': [[0, 79], [0, 102]], 'auc_roc': 0.5078183172002978, 'alpha': 0.0}}, 'h12': {'statistical': {'mse': 0.6360641121864319, 'rmse': 0.7975362539291382, 'mae': 0.5933022499084473, 'mape': 196.8753695487976, 'r2': -0.00612795352935791, 'mean_error': -0.0006977892480790615, 'std_error': 0.7975359559059143}, 'financial': {'directional_accuracy': 0.5580110497237569, 'sharpe_ratio': 1.4474969490288156, 'max_drawdown': -0.08485133945941925, 'total_return': 0.13365864753723145, 'hit_rate': 0.5580110497237569, 'num_trades': 181, 'precision': 0.5580110497237569, 'recall': 1.0, 'f1_score': 0.7163120567375887, 'confusion_matrix': [[0, 80], [0, 101]], 'auc_roc': 0.5011757425742573, 'alpha': 0.0}}, 'h13': {'statistical': {'mse': 0.6404140591621399, 'rmse': 0.8002587556838989, 'mae': 0.5959842205047607, 'mape': 199.83845949172974, 'r2': -0.0036249160766601562, 'mean_error': 0.0006386430468410254, 'std_error': 0.800258457660675}, 'financial': {'directional_accuracy': 0.5580110497237569, 'sharpe_ratio': 1.5115326658716453, 'max_drawdown': -0.08485143631696701, 'total_return': 0.1409214735031128, 'hit_rate': 0.5580110497237569, 'num_trades': 181, 'precision': 0.5580110497237569, 'recall': 1.0, 'f1_score': 0.7163120567375887, 'confusion_matrix': [[0, 80], [0, 101]], 'auc_roc': 0.5086633663366337, 'alpha': 0.0}}, 'h14': {'statistical': {'mse': 0.6694464683532715, 'rmse': 0.8181970715522766, 'mae': 0.6058856844902039, 'mape': 199.83574151992798, 'r2': -0.00011026859283447266, 'mean_error': 0.014989112503826618, 'std_error': 0.8180597424507141}, 'financial': {'directional_accuracy': 0.56353591160221, 'sharpe_ratio': 1.7984626884326596, 'max_drawdown': -0.0848514512181282, 'total_return': 0.17542922496795654, 'hit_rate': 0.56353591160221, 'num_trades': 181, 'precision': 0.56353591160221, 'recall': 1.0, 'f1_score': 0.7208480565371024, 'confusion_matrix': [[0, 79], [0, 102]], 'auc_roc': 0.4996276991809382, 'alpha': 0.0}}, 'h15': {'statistical': {'mse': 0.6688692569732666, 'rmse': 0.8178442716598511, 'mae': 0.6054787635803223, 'mape': 201.84571743011475, 'r2': 0.0001952052116394043, 'mean_error': 0.020052174106240273, 'std_error': 0.8175984621047974}, 'financial': {'directional_accuracy': 0.569060773480663, 'sharpe_ratio': 1.9430413113875944, 'max_drawdown': -0.08485130965709686, 'total_return': 0.19131827354431152, 'hit_rate': 0.569060773480663, 'num_trades': 181, 'precision': 0.569060773480663, 'recall': 1.0, 'f1_score': 0.7253521126760564, 'confusion_matrix': [[0, 78], [0, 103]], 'auc_roc': 0.49502116006970376, 'alpha': 0.0}}, 'h16': {'statistical': {'mse': 0.6687844395637512, 'rmse': 0.8177924156188965, 'mae': 0.6057431101799011, 'mape': 201.93719863891602, 'r2': 0.0009400248527526855, 'mean_error': 0.018964486196637154, 'std_error': 0.8175725340843201}, 'financial': {'directional_accuracy': 0.569060773480663, 'sharpe_ratio': 1.9691605347675458, 'max_drawdown': -0.08485119044780731, 'total_return': 0.19428396224975586, 'hit_rate': 0.569060773480663, 'num_trades': 181, 'precision': 0.569060773480663, 'recall': 1.0, 'f1_score': 0.7253521126760564, 'confusion_matrix': [[0, 78], [0, 103]], 'auc_roc': 0.4957679860592482, 'alpha': 0.0}}, 'h17': {'statistical': {'mse': 0.6463704705238342, 'rmse': 0.8039717078208923, 'mae': 0.5965304374694824, 'mape': 202.3247480392456, 'r2': 0.0021181702613830566, 'mean_error': 0.003119290806353092, 'std_error': 0.8039656281471252}, 'financial': {'directional_accuracy': 0.56353591160221, 'sharpe_ratio': 1.7401245994579417, 'max_drawdown': -0.08485154062509537, 'total_return': 0.16619598865509033, 'hit_rate': 0.56353591160221, 'num_trades': 181, 'precision': 0.56353591160221, 'recall': 1.0, 'f1_score': 0.7208480565371024, 'confusion_matrix': [[0, 79], [0, 102]], 'auc_roc': 0.4910647803425168, 'alpha': 0.0}}, 'h18': {'statistical': {'mse': 0.6463264226913452, 'rmse': 0.8039442896842957, 'mae': 0.596981942653656, 'mape': 203.12368869781494, 'r2': 0.0021979808807373047, 'mean_error': 0.00036349482252262533, 'std_error': 0.8039441704750061}, 'financial': {'directional_accuracy': 0.56353591160221, 'sharpe_ratio': 1.7388532690040706, 'max_drawdown': -0.08485142886638641, 'total_return': 0.166060209274292, 'hit_rate': 0.56353591160221, 'num_trades': 181, 'precision': 0.56353591160221, 'recall': 1.0, 'f1_score': 0.7208480565371024, 'confusion_matrix': [[0, 79], [0, 102]], 'auc_roc': 0.4898237776123108, 'alpha': 0.0}}, 'h19': {'statistical': {'mse': 0.6485121250152588, 'rmse': 0.8053025007247925, 'mae': 0.598334789276123, 'mape': 205.3086757659912, 'r2': 0.001057744026184082, 'mean_error': -0.0036934884265065193, 'std_error': 0.8052940964698792}, 'financial': {'directional_accuracy': 0.56353591160221, 'sharpe_ratio': 1.712279399213785, 'max_drawdown': -0.08485129475593567, 'total_return': 0.1634126901626587, 'hit_rate': 0.56353591160221, 'num_trades': 181, 'precision': 0.56353591160221, 'recall': 1.0, 'f1_score': 0.7208480565371024, 'confusion_matrix': [[0, 79], [0, 102]], 'auc_roc': 0.4887068751551253, 'alpha': 0.0}}, 'h20': {'statistical': {'mse': 0.6605265736579895, 'rmse': 0.8127278685569763, 'mae': 0.6056442856788635, 'mape': 209.16986465454102, 'r2': -0.0007470846176147461, 'mean_error': -0.014850126579403877, 'std_error': 0.8125921487808228}, 'financial': {'directional_accuracy': 0.5580110497237569, 'sharpe_ratio': 1.5372096616427937, 'max_drawdown': -0.08485133945941925, 'total_return': 0.1460956335067749, 'hit_rate': 0.5580110497237569, 'num_trades': 181, 'precision': 0.5580110497237569, 'recall': 1.0, 'f1_score': 0.7163120567375887, 'confusion_matrix': [[0, 80], [0, 101]], 'auc_roc': 0.48787128712871286, 'alpha': 0.0}}}, 'aggregate': {'statistical': {'mse': 0.6429439902305603, 'rmse': 0.8017875790596009, 'mae': 0.5982505649328231, 'mape': 198.38585019111633, 'r2': -0.0004950910806655884, 'mean_error': 0.011466386572283226, 'std_error': 0.8015466749668121}}}",experiments/12c_multi_horizon/market_only_daily_3q_h20_d025/fold_2024/checkpoints/tft-epoch=epoch=14-valloss=val_loss=0.4056.ckpt,daily,20,fold_2024,2024,2024-01-01,2024-12-31,10,0.0866025760769844,0.23308323323726654,0.12084292620420456,0.04490232467651367,0.14648064970970154,180,100.0,0.0,181,0.6506283283233643,0.8066153526306152,0.606516420841217,280.37102222442627,0.003196418285369873,-0.025293223559856415,0.8062187433242798,0.574585635359116,1.8774480402841793,-0.08485137671232224,0.1816948652267456,0.574585635359116,181,0.574585635359116,1.0,0.7298245614035088,"[[0, 77], [0, 104]]",0.4993756243756244,0.0,29,0,87,32,33,181,16.022099447513813,0.0,48.06629834254144,17.67955801104972,18.23204419889503,market_only_daily_3q_h20_d025
