{
  "evaluation_timestamp": "2025-10-27T12:03:08.813210",
  "statistical_metrics": {
    "mse": 1.1785494089126587,
    "rmse": 1.0856101512908936,
    "mae": 0.7723703980445862,
    "mape": 168.73804330825806,
    "r2": -0.001518845558166504,
    "mean_error": -0.03100704215466976,
    "std_error": 1.0851672887802124
  },
  "financial_metrics": {
    "directional_accuracy": 0.53671875,
    "sharpe_ratio": 0.8329736080938573,
    "max_drawdown": -0.2524605989456177,
    "total_return": 0.9216080904006958,
    "hit_rate": 0.53671875,
    "num_trades": 1280,
    "precision": 0.53671875,
    "recall": 1.0,
    "f1_score": 0.6985256736146417,
    "confusion_matrix": [
      [
        0,
        593
      ],
      [
        0,
        687
      ]
    ],
    "auc_roc": 0.5213517235285021,
    "alpha": 0.0
  },
  "residual_diagnostics": {
    "normality_p_value": 1.7825594746034671e-40,
    "acf_lag1": -0.035742665981928476,
    "skewness": 0.10530633745946348,
    "kurtosis": 6.569323581249302
  },
  "mode_stats": {
    "healthy_days": 29,
    "degraded_days": 1,
    "unidirectional_days": 880,
    "weak_collapse_days": 370,
    "strong_collapse_days": 0,
    "total_days": 1280,
    "healthy_pct": 2.265625,
    "degraded_pct": 0.078125,
    "unidirectional_pct": 68.75,
    "weak_collapse_pct": 28.90625,
    "strong_collapse_pct": 0.0
  },
  "collapse_detected": true,
  "degradation_detected": true,
  "checkpoint_used": "experiments/01_staleness_features_fixed/staleness_fixed_h16_drop0.25/checkpoints/tft-epoch=01-val_loss=0.1476.ckpt"
}