{
  "evaluation_timestamp": "2025-10-22T22:04:19.223940",
  "statistical_metrics": {
    "mse": 1.1785494089126587,
    "rmse": 1.0856101512908936,
    "mae": 0.7723703980445862,
    "mape": 168.738055229187,
    "r2": -0.001518845558166504,
    "mean_error": -0.031007070094347,
    "std_error": 1.0851672887802124
  },
  "financial_metrics": {
    "directional_accuracy": 0.53671875,
    "sharpe_ratio": 0.8329736080938573,
    "max_drawdown": -0.2524605989456177,
    "total_return": 0.9216080904006958,
    "hit_rate": 0.53671875,
    "num_trades": 1280,
    "precision": 0.53671875,
    "recall": 1.0,
    "f1_score": 0.6985256736146417,
    "confusion_matrix": [
      [
        0,
        593
      ],
      [
        0,
        687
      ]
    ],
    "auc_roc": 0.521352950850657,
    "alpha": 0.0
  },
  "residual_diagnostics": {
    "normality_p_value": 1.7825159484291156e-40,
    "acf_lag1": -0.035742668113100694,
    "skewness": 0.10530655901553927,
    "kurtosis": 6.569325644417377
  },
  "checkpoint_used": "experiments/staleness_fixed_h16_drop0.25/checkpoints/tft-epoch=01-val_loss=0.1476.ckpt"
}