{
  "period_statistics": {
    "2020": {
      "n_samples": 92,
      "entropy_mean": 2.994551181793213,
      "entropy_std": 0.00037658680230379105,
      "attention_concentration": 0.0500061921775341,
      "top_features": [
        [
          "t-20",
          0.05178771913051605
        ],
        [
          "t-19",
          0.051197540014982224
        ],
        [
          "t-18",
          0.05032302066683769
        ],
        [
          "t-11",
          0.04999927803874016
        ],
        [
          "t-12",
          0.049994081258773804
        ]
      ],
      "mean_attention": [
        0.05178771913051605,
        0.051197540014982224,
        0.05032302066683769,
        0.049961596727371216,
        0.049879591912031174,
        0.049902502447366714,
        0.04994487762451172,
        0.04997968301177025,
        0.049994081258773804,
        0.04999927803874016,
        0.049992721527814865,
        0.04997846856713295,
        0.04995960742235184,
        0.04986303299665451,
        0.04975876584649086,
        0.04966942220926285,
        0.04958214610815048,
        0.049496639519929886,
        0.04940883070230484,
        0.049320489168167114
      ],
      "std_attention": [
        0.002728621242567897,
        0.0026276996359229088,
        0.002508050063624978,
        0.0024130619131028652,
        0.002347034402191639,
        0.002293866593390703,
        0.002256344072520733,
        0.0022295040544122458,
        0.0022076726891100407,
        0.0021973159164190292,
        0.0022002398036420345,
        0.0022138303611427546,
        0.0022350791841745377,
        0.0022764524910598993,
        0.002328180242329836,
        0.002366573316976428,
        0.0023909304291009903,
        0.0024112288374453783,
        0.002428540727123618,
        0.0024386290460824966
      ]
    },
    "2021": {
      "n_samples": 250,
      "entropy_mean": 2.9934897422790527,
      "entropy_std": 0.0028674397617578506,
      "attention_concentration": 0.050031162798404694,
      "top_features": [
        [
          "t-20",
          0.05406659096479416
        ],
        [
          "t-19",
          0.05241077393293381
        ],
        [
          "t-18",
          0.051075279712677
        ],
        [
          "t-17",
          0.05046224594116211
        ],
        [
          "t-16",
          0.05020491033792496
        ]
      ],
      "mean_attention": [
        0.05406659096479416,
        0.05241077393293381,
        0.051075279712677,
        0.05046224594116211,
        0.05020491033792496,
        0.0500798374414444,
        0.05000952258706093,
        0.04993787780404091,
        0.04986080527305603,
        0.049784328788518906,
        0.049698732793331146,
        0.0496029369533062,
        0.04950345680117607,
        0.04941446706652641,
        0.049288127571344376,
        0.0491650365293026,
        0.04903753101825714,
        0.04891464486718178,
        0.04879948869347572,
        0.048683445900678635
      ],
      "std_attention": [
        0.004157708492130041,
        0.0036435765214264393,
        0.003284551901742816,
        0.0030791519675403833,
        0.002959689125418663,
        0.0028694975189864635,
        0.0028155201580375433,
        0.002767167752608657,
        0.0027330766897648573,
        0.0027334908954799175,
        0.002752776490524411,
        0.0027869835030287504,
        0.0028333987575024366,
        0.002878764644265175,
        0.0029948533046990633,
        0.0030931904911994934,
        0.0031996110919862986,
        0.0033022346906363964,
        0.0033951266668736935,
        0.0034940000623464584
      ]
    },
    "2022": {
      "n_samples": 249,
      "entropy_mean": 2.99159574508667,
      "entropy_std": 0.0018168168608099222,
      "attention_concentration": 0.05003552511334419,
      "top_features": [
        [
          "t-20",
          0.05408838391304016
        ],
        [
          "t-19",
          0.052098240703344345
        ],
        [
          "t-18",
          0.05109483003616333
        ],
        [
          "t-17",
          0.050748296082019806
        ],
        [
          "t-16",
          0.05060005933046341
        ]
      ],
      "mean_attention": [
        0.05408838391304016,
        0.052098240703344345,
        0.05109483003616333,
        0.050748296082019806,
        0.05060005933046341,
        0.05050034821033478,
        0.05037565529346466,
        0.05024002119898796,
        0.050093263387680054,
        0.04992997273802757,
        0.04976130649447441,
        0.049596723169088364,
        0.04943063482642174,
        0.04927879571914673,
        0.049137815833091736,
        0.048953454941511154,
        0.0487804189324379,
        0.048606738448143005,
        0.048429735004901886,
        0.04825514182448387
      ],
      "std_attention": [
        0.006052028853446245,
        0.0052270968444645405,
        0.004675874020904303,
        0.004412180744111538,
        0.0042709787376224995,
        0.004191294778138399,
        0.004127085208892822,
        0.004093955270946026,
        0.004080276004970074,
        0.004069999326020479,
        0.00406602444127202,
        0.00407318864017725,
        0.004082178231328726,
        0.00410033855587244,
        0.004062687046825886,
        0.004089056048542261,
        0.004091659095138311,
        0.004099130630493164,
        0.0041090864688158035,
        0.004108564928174019
      ]
    },
    "2023": {
      "n_samples": 249,
      "entropy_mean": 2.9845333099365234,
      "entropy_std": 0.004175369627773762,
      "attention_concentration": 0.05000913143157959,
      "top_features": [
        [
          "t-20",
          0.05258547142148018
        ],
        [
          "t-19",
          0.05097460001707077
        ],
        [
          "t-18",
          0.05012105405330658
        ],
        [
          "t-14",
          0.05000780150294304
        ],
        [
          "t-13",
          0.0499967485666275
        ]
      ],
      "mean_attention": [
        0.05258547142148018,
        0.05097460001707077,
        0.05012105405330658,
        0.04992038756608963,
        0.04994048550724983,
        0.04998642951250076,
        0.05000780150294304,
        0.0499967485666275,
        0.04996529966592789,
        0.04992452263832092,
        0.04988561198115349,
        0.049843981862068176,
        0.049793411046266556,
        0.0497424490749836,
        0.04971754178404808,
        0.049699388444423676,
        0.04960622265934944,
        0.04951527342200279,
        0.04942943528294563,
        0.04934387654066086
      ],
      "std_attention": [
        0.009183086454868317,
        0.008546923287212849,
        0.00801869947463274,
        0.007688744459301233,
        0.007464067544788122,
        0.007295635528862476,
        0.007164201699197292,
        0.007061348762363195,
        0.0069839502684772015,
        0.00693577341735363,
        0.006920485757291317,
        0.006929763592779636,
        0.006952045951038599,
        0.00699110422283411,
        0.0070541431196033955,
        0.007078820839524269,
        0.007176087237894535,
        0.007277363445609808,
        0.007383347023278475,
        0.007520701736211777
      ]
    },
    "2024": {
      "n_samples": 250,
      "entropy_mean": 2.9845306873321533,
      "entropy_std": 0.007205291651189327,
      "attention_concentration": 0.05002335086464882,
      "top_features": [
        [
          "t-20",
          0.0529574416577816
        ],
        [
          "t-19",
          0.05160370469093323
        ],
        [
          "t-18",
          0.05082405358552933
        ],
        [
          "t-17",
          0.05059681832790375
        ],
        [
          "t-16",
          0.050560105592012405
        ]
      ],