{
  "period_statistics": {
    "2020": {
      "n_samples": 92,
      "entropy_mean": 2.8048038482666016,
      "entropy_std": 0.19061841070652008,
      "attention_concentration": 0.05120445042848587,
      "top_features": [
        [
          "t-1",
          0.0652245357632637
        ],
        [
          "t-2",
          0.06102845445275307
        ],
        [
          "t-3",
          0.05771871656179428
        ],
        [
          "t-4",
          0.05553903430700302
        ],
        [
          "t-5",
          0.05400838702917099
        ]
      ],
      "mean_attention": [
        0.030706986784934998,
        0.036340951919555664,
        0.04004969447851181,
        0.043111834675073624,
        0.04594995081424713,
        0.04835321009159088,
        0.05006653815507889,
        0.05092685669660568,
        0.051407840102910995,
        0.05136825889348984,
        0.05122010037302971,
        0.05112067610025406,
        0.05116650462150574,
        0.0518326535820961,
        0.052858803421258926,
        0.05400838702917099,
        0.05553903430700302,
        0.05771871656179428,
        0.06102845445275307,
        0.0652245357632637
      ],
      "std_attention": [
        0.026181966066360474,
        0.028957398608326912,
        0.029967214912176132,
        0.03027205541729927,
        0.030444301664829254,
        0.03041471168398857,
        0.030113201588392258,
        0.029601819813251495,
        0.029351329430937767,
        0.02909364178776741,
        0.029020139947533607,
        0.029154527932405472,
        0.029482943937182426,
        0.030138352885842323,
        0.03108682669699192,
        0.03243313729763031,
        0.03490724042057991,
        0.0389605276286602,
        0.0461508110165596,
        0.05615256354212761
      ]
    },
    "2021": {
      "n_samples": 250,
      "entropy_mean": 2.8059966564178467,
      "entropy_std": 0.2030080258846283,
      "attention_concentration": 0.050477396696805954,
      "top_features": [
        [
          "t-1",
          0.05905834585428238
        ],
        [
          "t-2",
          0.05644146725535393
        ],
        [
          "t-3",
          0.05430715158581734
        ],
        [
          "t-4",
          0.05285204201936722
        ],
        [
          "t-5",
          0.052149247378110886
        ]
      ],
      "mean_attention": [
        0.03750064596533775,
        0.04089249670505524,
        0.04333486780524254,
        0.04552970454096794,
        0.04774091765284538,
        0.049486249685287476,
        0.050571855157613754,
        0.05105741322040558,
        0.05120103806257248,
        0.05114594101905823,
        0.05109637603163719,
        0.051068760454654694,
        0.051291294395923615,
        0.051542434841394424,
        0.05173175409436226,
        0.052149247378110886,
        0.05285204201936722,
        0.05430715158581734,
        0.05644146725535393,
        0.05905834585428238
      ],
      "std_attention": [
        0.024247825145721436,
        0.028042936697602272,
        0.02923116646707058,
        0.03009335696697235,
        0.03122004121541977,
        0.031822964549064636,
        0.03211692348122597,
        0.03181369602680206,
        0.03161211311817169,
        0.03148742392659187,
        0.03151293843984604,
        0.03148145601153374,
        0.031939465552568436,
        0.032999757677316666,
        0.03419289365410805,
        0.03583555668592453,
        0.03769765421748161,
        0.0425795242190361,
        0.05070274695754051,
        0.05967890843749046
      ]
    },
    "2022": {
      "n_samples": 249,
      "entropy_mean": 2.842600107192993,
      "entropy_std": 0.15039461851119995,
      "attention_concentration": 0.05147862806916237,
      "top_features": [
        [
          "t-1",
          0.06268306821584702
        ],
        [
          "t-2",
          0.05963804945349693
        ],
        [
          "t-3",
          0.05735139176249504
        ],
        [
          "t-4",
          0.05574239417910576
        ],
        [
          "t-5",
          0.05467726290225983
        ]
      ],
      "mean_attention": [
        0.027942746877670288,
        0.033610209822654724,
        0.037509750574827194,
        0.041016582399606705,
        0.04463306814432144,
        0.047939054667949677,
        0.050555817782878876,
        0.05229128152132034,
        0.053070537745952606,
        0.05338636785745621,
        0.0535014383494854,
        0.05351046472787857,
        0.05345951020717621,
        0.05354545637965202,
        0.05393557995557785,
        0.05467726290225983,
        0.05574239417910576,
        0.05735139176249504,
        0.05963804945349693,
        0.06268306821584702
      ],
      "std_attention": [
        0.020190220326185226,
        0.02184995263814926,
        0.023077266290783882,
        0.02400684356689453,
        0.024765582755208015,
        0.02531716227531433,
        0.025276733562350273,
        0.024897726252675056,
        0.024102147668600082,
        0.02326950989663601,
        0.02280604839324951,
        0.022859280928969383,
        0.023311031982302666,
        0.02424931526184082,
        0.0254757609218359,
        0.02721257507801056,
        0.02980535477399826,
        0.03383079543709755,
        0.04008067026734352,
        0.04986385628581047
      ]
    },
    "2023": {
      "n_samples": 249,
      "entropy_mean": 2.954047679901123,
      "entropy_std": 0.04783829301595688,
      "attention_concentration": 0.0500919371843338,
      "top_features": [
        [
          "t-12",
          0.05188707262277603
        ],
        [
          "t-11",
          0.05183054506778717
        ],
        [
          "t-13",
          0.05179024115204811
        ],
        [
          "t-10",
          0.051581792533397675
        ],
        [
          "t-14",
          0.05151331424713135
        ]
      ],
      "mean_attention": [
        0.043736036866903305,
        0.045576680451631546,
        0.04694686084985733,
        0.04828990250825882,
        0.049615614116191864,
        0.05074285715818405,
        0.05151331424713135,
        0.05179024115204811,
        0.05188707262277603,
        0.05183054506778717,
        0.051581792533397675,
        0.051280129700899124,
        0.05098932608962059,
        0.05076076462864876,
        0.050589919090270996,
        0.05047222226858139,
        0.05045154318213463,
        0.050486717373132706,
        0.0506286695599556,
        0.050829749554395676
      ],
      "std_attention": [
        0.013575391843914986,
        0.013528249226510525,
        0.013394072651863098,
        0.01339098159223795,
        0.013532415963709354,
        0.013749387115240097,
        0.013881266117095947,
        0.013707409612834454,
        0.013655686751008034,
        0.013579643331468105,
        0.013572921976447105,
        0.013624250888824463,
        0.01382975559681654,
        0.014144369401037693,
        0.014600277878344059,
        0.01520277839154005,
        0.015951653942465782,
        0.0169204194098711,
        0.018390508368611336,
        0.020059162750840187
      ]
    },
    "2024": {
      "n_samples": 250,
      "entropy_mean": 2.8887224197387695,
      "entropy_std": 0.2783026695251465,
      "attention_concentration": 0.050089891999959946,
      "top_features": [
        [
          "t-1",
          0.05445808172225952
        ],
        [
          "t-2",
          0.053346287459135056
        ],
        [
          "t-3",
          0.05261653661727905
        ],
        [
          "t-4",
          0.0521307997405529
        ],
        [
          "t-5",
          0.051622435450553894
        ]
      ],