{
  "period_statistics": {
    "2020": {
      "n_samples": 92,
      "entropy_mean": 2.7670347690582275,
      "entropy_std": 0.30376526713371277,
      "attention_concentration": 0.05377507954835892,
      "top_features": [
        [
          "t-1",
          0.0799771174788475
        ],
        [
          "t-2",
          0.07252790778875351
        ],
        [
          "t-3",
          0.06692815572023392
        ],
        [
          "t-4",
          0.06320108473300934
        ],
        [
          "t-5",
          0.060534533113241196
        ]
      ],
      "mean_attention": [
        0.030056258663535118,
        0.032461296766996384,
        0.03404984995722771,
        0.035134583711624146,
        0.036317888647317886,
        0.03804492577910423,
        0.04041397571563721,
        0.04317975416779518,
        0.04620807245373726,
        0.04873210936784744,
        0.050903674215078354,
        0.052686356008052826,
        0.05424046516418457,
        0.05616338178515434,
        0.05823861062526703,
        0.060534533113241196,
        0.06320108473300934,
        0.06692815572023392,
        0.07252790778875351,
        0.0799771174788475
      ],
      "std_attention": [
        0.020625412464141846,
        0.022063514217734337,
        0.022126467898488045,
        0.02176792174577713,
        0.021357398480176926,
        0.02152959816157818,
        0.022441890090703964,
        0.024040475487709045,
        0.02613368257880211,
        0.027649423107504845,
        0.029117880389094353,
        0.03027583658695221,
        0.03128942847251892,
        0.03291815146803856,
        0.035361338406801224,
        0.038995854556560516,
        0.04361158236861229,
        0.05133555456995964,
        0.06587612628936768,
        0.08724450320005417
      ]
    },
    "2021": {
      "n_samples": 250,
      "entropy_mean": 2.75712513923645,
      "entropy_std": 0.43553733825683594,
      "attention_concentration": 0.05105257034301758,
      "top_features": [
        [
          "t-1",
          0.0677318349480629
        ],
        [
          "t-2",
          0.06343095749616623
        ],
        [
          "t-3",
          0.0586184486746788
        ],
        [
          "t-4",
          0.055139124393463135
        ],
        [
          "t-5",
          0.05387764796614647
        ]
      ],
      "mean_attention": [
        0.03928832709789276,
        0.04068881273269653,
        0.04154258593916893,
        0.04232846200466156,
        0.04356730356812477,
        0.04483478143811226,
        0.04626452550292015,
        0.047415707260370255,
        0.04838604852557182,
        0.049131836742162704,
        0.04997837543487549,
        0.050642553716897964,
        0.0517168752849102,
        0.052443694323301315,
        0.05297212302684784,
        0.05387764796614647,
        0.055139124393463135,
        0.0586184486746788,
        0.06343095749616623,
        0.0677318349480629
      ],
      "std_attention": [
        0.02003476209938526,
        0.021941080689430237,
        0.022011661902070045,
        0.022171666845679283,
        0.023761646822094917,
        0.025357626378536224,
        0.028392178937792778,
        0.030787581577897072,
        0.032317496836185455,
        0.0332038588821888,
        0.03529713675379753,
        0.03633207827806473,
        0.040053509175777435,
        0.0426519438624382,
        0.04479207471013069,
        0.0475805290043354,
        0.05175082013010979,
        0.06551676243543625,
        0.09059340506792068,
        0.10511209070682526
      ]
    },
    "2022": {
      "n_samples": 249,
      "entropy_mean": 2.5443756580352783,
      "entropy_std": 0.4203723073005676,
      "attention_concentration": 0.05704571679234505,
      "top_features": [
        [
          "t-1",
          0.0928228572010994
        ],
        [
          "t-2",
          0.07753217220306396
        ],
        [
          "t-3",
          0.0690009817481041
        ],
        [
          "t-4",
          0.06420346349477768
        ],
        [
          "t-5",
          0.06112866848707199
        ]
      ],
      "mean_attention": [
        0.01978313736617565,
        0.023771127685904503,
        0.026110457256436348,
        0.027546476572752,
        0.029590081423521042,
        0.0333709679543972,
        0.039339691400527954,
        0.04617774486541748,
        0.050869446247816086,
        0.05349044129252434,
        0.055183667689561844,
        0.056301821023225784,
        0.056987080723047256,
        0.0577794685959816,
        0.05901027470827103,
        0.06112866848707199,
        0.06420346349477768,
        0.0690009817481041,
        0.07753217220306396,
        0.0928228572010994
      ],
      "std_attention": [
        0.022636577486991882,
        0.02526281215250492,
        0.025964220985770226,
        0.025451958179473877,
        0.025817858055233955,
        0.028534401208162308,
        0.033562418073415756,
        0.0393248088657856,
        0.041840169578790665,
        0.042549166828393936,
        0.043167583644390106,
        0.04410316422581673,
        0.04522675648331642,
        0.046849336475133896,
        0.049346815794706345,
        0.052870042622089386,
        0.05937125161290169,
        0.06956758350133896,
        0.08558551967144012,
        0.12684744596481323
      ]
    },
    "2023": {
      "n_samples": 249,
      "entropy_mean": 2.9241013526916504,
      "entropy_std": 0.17942766845226288,
      "attention_concentration": 0.05027509480714798,
      "top_features": [
        [
          "t-1",
          0.05699775740504265
        ],
        [
          "t-2",
          0.0552816167473793
        ],
        [
          "t-3",
          0.05403018370270729
        ],
        [
          "t-4",
          0.053212836384773254
        ],
        [
          "t-5",
          0.05261861905455589
        ]
      ],
      "mean_attention": [
        0.042959682643413544,
        0.04391464591026306,
        0.04480544850230217,
        0.04558678716421127,
        0.04654732346534729,
        0.04767924174666405,
        0.04880962520837784,
        0.049448464065790176,
        0.05003383383154869,
        0.050589997321367264,
        0.05090929940342903,
        0.05112263932824135,
        0.051406070590019226,
        0.051774654537439346,
        0.05227130651473999,
        0.05261861905455589,
        0.053212836384773254,
        0.05403018370270729,
        0.0552816167473793,
        0.05699775740504265
      ],
      "std_attention": [
        0.014133952558040619,
        0.014149046503007412,
        0.013995133340358734,
        0.013753494247794151,
        0.013701156713068485,
        0.014201609417796135,
        0.01524636335670948,
        0.015348736196756363,
        0.016045138239860535,
        0.01653205417096615,
        0.017222806811332703,
        0.017774784937500954,
        0.018685808405280113,
        0.019787555560469627,
        0.02126384899020195,
        0.023068655282258987,
        0.025512829422950745,
        0.029091892763972282,
        0.03633494675159454,
        0.04527447372674942
      ]
    },
    "2024": {
      "n_samples": 250,
      "entropy_mean": 2.9236836433410645,
      "entropy_std": 0.35016030073165894,
      "attention_concentration": 0.050112996250391006,
      "top_features": [
        [
          "t-1",
          0.05496737360954285
        ],
        [
          "t-2",
          0.05450426787137985
        ],
        [
          "t-3",
          0.053969040513038635
        ],
        [
          "t-4",
          0.05326901376247406
        ],
        [
          "t-5",
          0.052077773958444595
        ]
      ],