{
  "period_statistics": {
    "2020": {
      "n_samples": 92,
      "entropy_mean": 2.990553140640259,
      "entropy_std": 0.003045222256332636,
      "attention_concentration": 0.05041704326868057,
      "top_features": [
        [
          "t-1",
          0.06129292771220207
        ],
        [
          "t-2",
          0.058644987642765045
        ],
        [
          "t-3",
          0.05625513941049576
        ],
        [
          "t-20",
          0.05445043370127678
        ],
        [
          "t-4",
          0.0541711263358593
        ]
      ],
      "mean_attention": [
        0.05445043370127678,
        0.0490945465862751,
        0.04807152599096298,
        0.04688599333167076,
        0.04610353335738182,
        0.04575140401721001,
        0.04565521329641342,
        0.04574669525027275,
        0.045997537672519684,
        0.04636489972472191,
        0.04687655344605446,
        0.04755137115716934,
        0.04841578006744385,
        0.049498528242111206,
        0.05080210790038109,
        0.05236971378326416,
        0.0541711263358593,
        0.05625513941049576,
        0.058644987642765045,
        0.06129292771220207
      ],
      "std_attention": [
        0.0030316829215735197,
        0.002350517548620701,
        0.0022297678515315056,
        0.0020822996739298105,
        0.0020854249596595764,
        0.001999282743781805,
        0.0019527460681274533,
        0.001958350418135524,
        0.0020238624420017004,
        0.002066531451418996,
        0.002122620353475213,
        0.0021796897053718567,
        0.0022150424774736166,
        0.002244312549009919,
        0.0022843778133392334,
        0.0023599215783178806,
        0.002498942194506526,
        0.0027190865948796272,
        0.003097739303484559,
        0.003661927068606019
      ]
    },
    "2021": {
      "n_samples": 250,
      "entropy_mean": 2.95141339302063,
      "entropy_std": 0.02804456651210785,
      "attention_concentration": 0.05028712749481201,
      "top_features": [
        [
          "t-1",
          0.057554617524147034
        ],
        [
          "t-2",
          0.05636673420667648
        ],
        [
          "t-20",
          0.055475808680057526
        ],
        [
          "t-3",
          0.05513366311788559
        ],
        [
          "t-4",
          0.05386848747730255
        ]
      ],
      "mean_attention": [
        0.055475808680057526,
        0.050108056515455246,
        0.048893287777900696,
        0.04754716530442238,
        0.04661024734377861,
        0.0460900142788887,
        0.0458131767809391,
        0.04582986608147621,
        0.04609760642051697,
        0.046514030545949936,
        0.047136541455984116,
        0.04795912280678749,
        0.04897095263004303,
        0.05011400952935219,
        0.05133703723549843,
        0.05257958918809891,
        0.05386848747730255,
        0.05513366311788559,
        0.05636673420667648,
        0.057554617524147034
      ],
      "std_attention": [
        0.020930899307131767,
        0.018486235290765762,
        0.017399579286575317,
        0.016184426844120026,
        0.015068990178406239,
        0.014277067966759205,
        0.013600746169686317,
        0.013096305541694164,
        0.012840638868510723,
        0.01268087886273861,
        0.01262469869107008,
        0.012642123736441135,
        0.012781959027051926,
        0.013025921769440174,
        0.01349166501313448,
        0.013959277421236038,
        0.014446558430790901,
        0.014951864257454872,
        0.015703924000263214,
        0.016671620309352875
      ]
    },
    "2022": {
      "n_samples": 249,
      "entropy_mean": 2.9835338592529297,
      "entropy_std": 0.008088269270956516,
      "attention_concentration": 0.05063265934586525,
      "top_features": [
        [
          "t-20",
          0.06814166903495789
        ],
        [
          "t-19",
          0.06136433407664299
        ],
        [
          "t-18",
          0.057144325226545334
        ],
        [
          "t-17",
          0.053191836923360825
        ],
        [
          "t-16",
          0.050521496683359146
        ]
      ],
      "mean_attention": [
        0.06814166903495789,
        0.06136433407664299,
        0.057144325226545334,
        0.053191836923360825,
        0.050521496683359146,
        0.04878338426351547,
        0.04776407405734062,
        0.0471503883600235,
        0.04677923023700714,
        0.04664909467101097,
        0.04666399210691452,
        0.046766772866249084,
        0.046933602541685104,
        0.047150980681180954,
        0.047354068607091904,
        0.04752243310213089,
        0.04759220778942108,
        0.047597989439964294,
        0.047538913786411285,
        0.04738927632570267
      ],
      "std_attention": [
        0.01102420687675476,
        0.00922298151999712,
        0.007449815981090069,
        0.00612484198063612,
        0.005265998654067516,
        0.004698086529970169,
        0.0043250140734016895,
        0.004123929888010025,
        0.0039693331345915794,
        0.003924167715013027,
        0.003930723760277033,
        0.003969138953834772,
        0.00405836571007967,
        0.0042833127081394196,
        0.004583867732435465,
        0.004902624990791082,
        0.0052651939913630486,
        0.005633100401610136,
        0.005970932077616453,
        0.006298249587416649
      ]
    },
    "2023": {
      "n_samples": 249,
      "entropy_mean": 2.935136079788208,
      "entropy_std": 0.0518086813390255,
      "attention_concentration": 0.050963617861270905,
      "top_features": [
        [
          "t-1",
          0.06215834245085716
        ],
        [
          "t-2",
          0.06088181212544441
        ],
        [
          "t-3",
          0.05939970910549164
        ],
        [
          "t-20",
          0.05854036659002304
        ],
        [
          "t-4",
          0.05772024020552635
        ]
      ],
      "mean_attention": [
        0.05854036659002304,
        0.051081765443086624,
        0.04717026650905609,
        0.04407605528831482,
        0.04221858084201813,
        0.041366010904312134,
        0.04133191332221031,
        0.041893232613801956,
        0.0429290235042572,
        0.04430907219648361,
        0.0459357351064682,
        0.04776455834507942,
        0.04973149299621582,
        0.0517868734896183,
        0.05385301262140274,
        0.05585194379091263,
        0.05772024020552635,
        0.05939970910549164,
        0.06088181212544441,
        0.06215834245085716
      ],
      "std_attention": [
        0.03198231756687164,
        0.02539435774087906,
        0.02190553769469261,
        0.018913406878709793,
        0.016163719817996025,
        0.01380801573395729,
        0.012323678471148014,
        0.011293260380625725,
        0.010530717670917511,
        0.010020877234637737,
        0.009794913232326508,
        0.009939217008650303,
        0.010508684441447258,
        0.011526240035891533,
        0.012828262522816658,
        0.01440140139311552,
        0.016031235456466675,
        0.017691832035779953,
        0.019393060356378555,
        0.021065769717097282
      ]
    },
    "2024": {
      "n_samples": 250,
      "entropy_mean": 2.8262293338775635,
      "entropy_std": 0.131285160779953,
      "attention_concentration": 0.055369067937135696,
      "top_features": [
        [
          "t-1",
          0.08505944162607193
        ],
        [
          "t-2",
          0.08011933416128159
        ],
        [
          "t-3",
          0.07515672594308853
        ],
        [
          "t-4",
          0.07013913989067078
        ],
        [
          "t-5",
          0.06497836858034134
        ]
      ],