Date,SP500_Returns,VIX,Treasury_10Y,Yield_Spread,Inflation_YoY,CPI
1991-01-11,-1.797504365629865,31.318,8.2,1.06,6.279809220985677,133.7
1991-01-18,5.392887544814795,31.68,8.03,0.89,6.597774244833077,134.1
1991-01-25,1.1558246428401864,23.47,8.06,0.96,6.175771971496435,134.1
1991-02-01,2.0769423979022816,21.908,7.91,1.08,6.175771971496435,134.1
1991-02-08,4.751499457969355,22.596,7.77,0.97,6.175771971496435,134.1
1991-02-15,2.7020985919452123,21.346,7.78,0.96,6.175771971496435,134.1
1991-02-22,-0.923970000722707,20.9725,7.91,0.93,6.730007917656389,134.8
1991-03-01,0.3883531933372319,21.4325,8.02,0.98,5.5599060297572445,134.8
1991-03-08,2.1467307940123748,20.744,8.13,1.05,5.5599060297572445,134.8
1991-03-15,-0.3627192491967967,17.125999999999998,8.1,1.09,5.5599060297572445,134.8
1991-03-22,-1.6354788435063885,16.258,8.13,1.0,5.794831636648379,135.1
1991-03-29,2.1062343537001205,16.625,8.05,1.03,5.300077942322679,135.1
1991-04-05,0.0373072145418484,17.613999999999997,7.99,1.07,5.300077942322679,135.1
1991-04-12,1.342713326302314,18.59,7.98,1.1,5.222135619641466,135.0
1991-04-19,0.9989533048154976,15.946000000000002,8.1,1.07,5.222135619641466,135.0
1991-04-26,-1.3482621105613268,16.988,8.06,1.17,4.732350659425899,135.0
1991-05-03,0.469631900926637,17.808,8.04,1.24,4.732350659425899,135.0
1991-05-10,-1.3287809140752227,17.574,8.12,1.25,4.732350659425899,135.0
1991-05-17,-0.891567486294953,17.584,8.08,1.22,4.965089216446872,135.3
1991-05-24,1.369525332399757,16.134,8.1,1.41,4.802478698683199,135.3
1991-05-31,3.268959881619371,15.88,8.06,1.38,4.802478698683199,135.3
1991-06-07,-2.667828092941349,16.669999999999998,8.29,1.31,4.802478698683199,135.3
1991-06-14,0.7537664191940907,17.095999999999997,8.29,1.27,5.112316034082109,135.7
1991-06-21,-1.187582317989977,16.468,8.32,1.38,4.949729311678253,135.7
1991-06-28,-1.744539070255624,18.306,8.24,1.34,4.949729311678253,135.7
1991-07-05,0.7867180949848507,18.5225,8.34,1.3,4.949729311678253,135.7
1991-07-12,1.6493834605456614,18.984,8.26,1.38,4.949729311678253,135.7
1991-07-19,1.044050288153353,16.812,8.28,1.39,5.181747873163167,136.0
1991-07-26,-0.8562824773487132,16.216,8.2,1.35,4.615384615384621,136.0
1991-08-02,1.640721423928282,15.41,8.06,1.37,4.615384615384621,136.0
1991-08-09,-0.0154960379484259,15.69,7.98,1.49,4.615384615384621,136.0
1991-08-16,-0.3978116770888329,15.256,7.84,1.53,4.846153846153856,136.3
1991-08-23,2.2278196884212065,16.934,7.88,1.42,4.444444444444451,136.3
1991-08-30,0.3196537547567324,14.972,7.82,1.46,4.444444444444451,136.3
1991-09-06,-1.600785648410763,16.955,7.76,1.5,4.444444444444451,136.3
1991-09-13,-1.4160908967344343,17.6,7.66,1.48,4.674329501915708,136.6
1991-09-20,1.128813871889811,17.54,7.57,1.39,4.674329501915708,136.6
1991-09-27,-0.5207309397111892,15.951999999999998,7.49,1.47,3.878326996197723,136.6
1991-10-04,-1.2049738196502011,15.828,7.39,1.48,3.878326996197723,136.6
1991-10-11,0.0524622182377143,18.066,7.49,1.58,3.878326996197723,136.6
1991-10-18,2.896837708572786,15.815,7.53,1.58,4.258555133079844,137.1
1991-10-25,-2.1146465714570017,16.168,7.68,1.75,3.471698113207533,137.1
1991-11-01,1.8532001277893784,15.508,7.48,1.83,3.471698113207533,137.1
1991-11-08,0.4012080381359029,16.14,7.41,1.78,3.471698113207533,137.1
1991-11-15,-2.613968069521877,15.7825,7.33,1.79,3.547169811320749,137.2
1991-11-22,-1.6935812428635175,19.866,7.44,1.95,2.925731432858192,137.2
1991-11-29,-0.244593340752186,20.455,7.38,2.0,2.925731432858192,137.2
1991-12-06,1.0340613160784828,19.73,7.26,2.07,2.925731432858192,137.2
1991-12-13,1.4165114826511394,19.432,7.22,2.13,3.3758439609902435,137.8
1991-12-20,0.6684545780057949,17.826,6.97,2.17,3.3758439609902435,137.8
1991-12-27,5.017564717189238,15.855,6.82,1.97,3.0665669409125185,137.8
1992-01-03,3.1688247683870685,18.66,6.85,2.05,3.0665669409125185,137.8
1992-01-10,-1.011110380932645,18.864,6.85,2.0,3.0665669409125185,137.8
1992-01-17,0.9058008173358668,17.274,7.09,2.07,3.365744203440535,138.2
1992-01-24,-0.8069461116934962,16.8425,7.25,2.12,3.05741983594332,138.2
1992-01-31,-1.6125955593208396,17.369999999999997,7.31,2.2,3.05741983594332,138.2
1992-02-07,0.5650955441782513,18.336,7.2,2.23,3.05741983594332,138.2
1992-02-14,0.3381290376365697,17.622,7.41,2.14,3.05741983594332,138.2
1992-02-21,-0.2545622290971328,17.2425,7.45,1.99,3.1319910514541416,138.3
1992-02-28,0.3086842364092845,16.662,7.27,2.0,2.596439169139475,138.3
1992-03-06,-2.001456147639113,18.05,7.48,1.88,2.596439169139475,138.3
1992-03-13,0.3461561388669043,19.244,7.71,1.85,2.596439169139475,138.3
1992-03-20,1.3453556831131808,17.056,7.64,1.78,2.664692820133241,138.7
1992-03-27,-1.89642305481782,16.31,7.54,1.86,2.664692820133241,138.7
1992-04-03,-0.4832744007512435,16.482,7.42,2.05,2.664692820133241,138.7
1992-04-10,0.6823610597059382,18.084,7.37,2.21,3.182827535159149,139.4
1992-04-17,2.906329553453313,15.7425,7.45,2.11,3.259259259259273,139.4
1992-04-24,-1.687342415889792,15.992,7.55,2.22,3.259259259259273,139.4
1992-05-01,0.8581511563992672,16.163999999999998,7.56,2.23,3.259259259259273,139.4
1992-05-08,0.8532686166067283,16.516,7.41,2.12,3.259259259259273,139.4
1992-05-15,-1.432518118001702,15.27,7.28,2.17,3.2520325203251765,139.7
1992-05-22,0.958324443628511,13.892,7.35,2.11,3.2520325203251765,139.7
1992-05-29,0.3212446560882931,14.135,7.33,2.14,3.2520325203251765,139.7
1992-06-05,-0.450221521538019,14.332,7.31,2.18,3.2520325203251765,139.7
1992-06-12,-0.8996810297623115,15.803999999999998,7.29,2.23,3.3998521803399795,139.9
1992-06-19,-1.4862349162315769,16.514,7.24,2.24,3.095062638172452,139.9
1992-06-26,-0.0545002634292801,14.932,7.15,2.27,3.095062638172452,139.9
1992-07-03,2.0622075981921784,13.445,6.93,2.38,3.095062638172452,139.9
1992-07-10,0.6921354590076811,14.906,6.93,2.55,3.095062638172452,139.9
1992-07-17,0.2411847020830082,12.98,6.9,2.63,3.389830508474589,140.3
1992-07-24,-0.9672270489629377,13.106,6.73,2.48,3.161764705882364,140.3
1992-07-31,3.0636504287104183,13.412,6.72,2.3,3.161764705882364,140.3
1992-08-07,-1.2564500317362337,13.88,6.57,2.39,3.161764705882364,140.3
1992-08-14,0.2458935177832133,14.896,6.53,2.39,3.308823529411775,140.5
1992-08-21,-1.205019531438789,14.457999999999998,6.53,2.4,3.0814380044020373,140.5
1992-08-28,-0.0024128638008269,14.622,6.63,2.47,3.0814380044020373,140.5
1992-09-04,0.5399648669725865,13.114,6.4,2.51,3.0814380044020373,140.5
1992-09-11,0.5994054091508882,13.1,6.37,2.5,3.0814380044020373,140.5
1992-09-18,0.7984189453084545,13.88,6.41,2.55,3.1478770131771583,140.9
1992-09-25,-2.0287013739512805,13.88,6.41,2.63,3.1478770131771583,140.9
1992-10-02,-0.9364075843269482,15.707999999999998,6.26,2.55,3.1478770131771583,140.9
1992-10-09,-1.9026963079804784,20.15,6.52,2.52,3.1478770131771583,140.9
1992-10-16,2.252522535570689,17.61,6.6,2.56,3.367496339677878,141.2
1992-10-23,0.5756187438243909,16.619999999999997,6.83,2.46,2.9905178701677526,141.2
1992-10-30,1.1060097813958336,16.026,6.8,2.4,2.9905178701677526,141.2
1992-11-06,-0.2627319486860346,16.07,6.97,2.49,2.9905178701677526,141.2
1992-11-13,1.1614555916166447,14.395,6.82,2.28,3.428154631655733,141.8
1992-11-20,0.9989823861635828,14.484,6.84,2.18,3.352769679300316,141.8
1992-11-27,0.822690686942007,12.785,6.93,2.16,3.352769679300316,141.8
1992-12-04,0.4416946904196139,12.442,6.84,2.14,3.352769679300316,141.8
1992-12-11,0.3865235007107781,12.28,6.8,2.02,3.352769679300316,141.8
1992-12-18,1.7407114107229171,12.29,6.76,2.1,3.12046444121914,142.1
1992-12-25,-0.3421885809014924,11.62,6.69,2.09,3.12046444121914,142.1
1993-01-01,-0.9232093276077435,12.42,6.7,2.14,3.12046444121914,142.1
1993-01-08,-1.52854049544926,13.714,6.75,2.25,3.12046444121914,142.1
1993-01-15,1.8878933303744017,12.324,6.6,2.29,3.1930333817126177,142.2
1993-01-22,-0.2379065674122271,11.8,6.57,2.27,2.894356005788712,142.2
1993-01-29,0.6122339587299352,11.86,6.39,2.19,2.894356005788712,142.2
1993-02-05,2.313230759087026,12.378,6.32,2.25,2.894356005788712,142.2
1993-02-12,-0.9689720389560176,13.04,6.35,2.15,2.894356005788712,142.2
1993-02-19,-2.33028603726374,15.56,6.15,2.16,3.400868306801752,142.9
1993-02-26,2.109530568918583,14.276,6.03,2.11,3.3261026753434564,142.9
1993-03-05,0.6157202486998914,13.348,5.9,1.99,3.3261026753434564,142.9
1993-03-12,0.833875354251834,14.844,6.11,2.0,3.3261026753434564,142.9
1993-03-19,0.0778085307701959,14.236,5.95,2.0,3.388608507570301,143.4
1993-03-26,-0.5331187381783176,12.682,6.09,2.07,3.388608507570301,143.4
1993-04-02,-1.4270365242483485,12.982,6.16,2.17,3.388608507570301,143.4
1993-04-09,0.1019465041164346,13.7075,5.97,2.12,3.388608507570301,143.4
1993-04-16,1.6069179255754795,11.528,5.89,2.09,3.012912482065988,143.6
1993-04-23,-2.652916558413354,12.43,5.89,2.14,3.012912482065988,143.6
1993-04-30,0.7230633299626588,13.504,6.05,2.22,3.012912482065988,143.6
1993-05-07,0.4816091018490898,12.73,5.92,2.13,3.012912482065988,143.6
1993-05-14,-0.621735890027153,13.956,6.03,2.06,3.443328550932545,144.2
1993-05-21,1.428701158926482,14.22,6.16,2.02,3.2211882605583497,144.2
1993-05-28,0.9756877218837224,13.518,6.16,1.92,3.2211882605583497,144.2
1993-06-04,-0.028877780960812,13.3875,6.11,1.8,3.2211882605583497,144.2
1993-06-11,-0.6221365613824026,13.758,5.97,1.82,3.2211882605583497,144.2
1993-06-18,-0.8004330840398088,12.018,5.97,1.81,3.216583273766971,144.4
1993-06-25,0.8835226948353592,11.888,5.84,1.74,3.216583273766971,144.4
1993-07-02,-0.3932103980396229,11.3,5.76,1.83,3.216583273766971,144.4
1993-07-09,0.5091488050236626,12.49,5.76,1.78,3.216583273766971,144.4
1993-07-16,-0.526653149608125,10.842,5.71,1.72,2.9223093371347098,144.4
1993-07-23,0.302861716997338,11.498,5.95,1.7,2.9223093371347098,144.4
1993-07-30,0.2303732420568138,11.402,5.83,1.7,2.9223093371347098,144.4
1993-08-06,0.1227295175453724,11.806,5.86,1.77,2.9223093371347098,144.4
1993-08-13,0.3254038505147383,12.268,5.72,1.72,2.9935851746258013,144.5
1993-08-20,1.3373592255230935,11.674,5.61,1.68,2.8469750889679624,144.5
1993-08-27,0.9601904699336306,12.02,5.48,1.61,2.8469750889679624,144.5
1993-09-03,0.1737064702578949,11.62,5.31,1.6,2.8469750889679624,144.5
1993-09-10,0.0823698109483128,12.6275,5.29,1.49,2.8469750889679624,144.5
1993-09-17,-0.625923642206716,12.952000000000002,5.38,1.49,2.838892831795592,144.9
1993-09-24,-0.2615307901773556,14.296,5.42,1.52,2.838892831795592,144.9
1993-10-01,0.7975862285120483,12.426,5.34,1.5,2.838892831795592,144.9
1993-10-08,-0.2102846911355538,12.736,5.26,1.48,2.838892831795592,144.9
1993-10-15,1.9964811735892152,11.415,5.19,1.38,2.838892831795592,144.9
1993-10-22,-1.3269458969815018,11.388,5.42,1.51,2.620396600566588,144.9
1993-10-29,0.9843067038083352,11.802,5.43,1.44,2.620396600566588,144.9
1993-11-05,-1.7655942297685412,13.286,5.75,1.55,2.620396600566588,144.9
1993-11-12,1.2664027746512208,13.825,5.66,1.55,3.045325779036845,145.5
1993-11-19,-0.5994990131082845,14.964,5.84,1.62,2.6093088857545688,145.5
1993-11-26,0.0994361108968888,14.3625,5.78,1.62,2.6093088857545688,145.5
1993-12-03,0.395200859390199,13.582,5.8,1.56,2.6093088857545688,145.5
1993-12-10,-0.2065051823886277,12.548,5.73,1.52,2.8208744710860323,145.8
1993-12-17,0.5280995507318753,11.024,5.81,1.61,2.603800140745971,145.8
1993-12-24,0.2144174256036635,9.905,5.72,1.54,2.603800140745971,145.8
1993-12-31,-0.1989799876043974,10.466,5.83,1.58,2.603800140745971,145.8
1994-01-07,0.7396251686497601,11.53,5.7,1.61,2.603800140745971,145.8
1994-01-14,1.066186386614132,11.382,5.78,1.61,2.814919071076716,146.1
1994-01-21,-0.0400080941528102,11.41,5.73,1.64,2.742616033755274,146.1
1994-01-28,0.8383912571818808,10.878,5.68,1.6,2.742616033755274,146.1
1994-02-04,-1.8571160271023124,11.578,5.94,1.52,2.742616033755274,146.1
1994-02-11,0.0787542025734167,13.924,5.88,1.44,2.742616033755274,146.1
1994-02-18,-0.5295823457320159,13.86,6.09,1.52,2.379286214135768,146.3
1994-02-25,-0.3463822422397067,14.5475,6.21,1.49,2.379286214135768,146.3
1994-03-04,-0.2853685216690049,15.828,6.38,1.5,2.379286214135768,146.3
1994-03-11,0.3657985632297134,15.264,6.46,1.51,2.379286214135768,146.3
1994-03-18,0.9904800388058188,14.396,6.49,1.46,2.3012552301255207,146.7
1994-03-25,-2.224772012194598,13.428,6.61,1.51,2.3012552301255207,146.7
1994-04-01,-3.215510441261882,17.607499999999998,6.77,1.56,2.3012552301255207,146.7
1994-04-08,0.2983639820138162,18.656,6.94,1.51,2.3012552301255207,146.7
1994-04-15,-0.2057735216226652,16.46,6.97,1.46,2.506963788300842,147.2
1994-04-22,0.324983690625702,16.206,6.93,1.31,2.506963788300842,147.2
1994-04-29,0.7327477478091593,14.085,7.06,1.33,2.506963788300842,147.2
1994-05-06,-0.6852800587245578,14.37,7.35,1.23,2.506963788300842,147.2
1994-05-13,-0.8217570933843898,15.38,7.29,1.24,2.646239554317553,147.4
1994-05-20,2.4271622514872693,13.284,7.02,1.22,2.2191400832177743,147.4
1994-05-27,0.5297575559212175,12.728,7.12,1.15,2.2191400832177743,147.4
1994-06-03,0.6122533821876219,12.6675,6.98,1.14,2.2191400832177743,147.4
1994-06-10,-0.3172997717134196,13.06,7.03,1.18,2.2191400832177743,147.4
1994-06-17,-0.0479650324334501,11.714,7.14,1.26,2.285318559556781,147.7
1994-06-24,-3.413681753158093,14.704,7.22,1.16,2.285318559556781,147.7
1994-07-01,0.767846546475548,14.864,7.34,1.15,2.285318559556781,147.7
1994-07-08,0.7507789095225537,14.2225,7.42,1.17,2.285318559556781,147.7
1994-07-15,1.0254734722100922,12.514,7.25,1.21,2.5623268698060864,148.1
1994-07-22,-0.2312000841289574,11.532,7.29,1.14,2.5623268698060864,148.1
1994-07-29,1.13659477401864,11.642,7.12,1.13,2.5623268698060864,148.1
1994-08-05,-0.2553165021605852,11.662,7.28,1.1,2.5623268698060864,148.1
1994-08-12,1.0610615288833447,12.016,7.27,1.05,2.908587257617712,148.6
1994-08-19,0.3766701790663074,11.978,7.27,1.04,2.837370242214532,148.6
1994-08-26,2.182538663958211,12.03,7.24,1.03,2.837370242214532,148.6
1994-09-02,-0.5930767477819399,11.656,7.21,1.04,2.837370242214532,148.6
1994-09-09,-0.5966151334119485,12.12,7.44,1.09,2.837370242214532,148.6
1994-09-16,0.642917214044525,13.11,7.52,1.1,2.898550724637672,149.1
1994-09-23,-2.444871273580218,14.084,7.57,1.05,2.898550724637672,149.1
1994-09-30,0.6613392082452263,14.038,7.62,1.0,2.898550724637672,149.1
1994-10-07,-1.6446555060614654,15.836,7.7,1.05,2.898550724637672,149.1
1994-10-14,3.0762469374293167,14.07,7.61,1.04,3.105590062111796,149.4
1994-10-21,-0.8974613942232867,15.276,7.81,1.01,3.105590062111796,149.4
1994-10-28,1.91012370354946,15.806,7.82,1.0,3.105590062111796,149.4
1994-11-04,-2.425225426012245,15.413999999999998,8.04,0.99,3.105590062111796,149.4
1994-11-11,0.4521061571795215,16.5225,7.98,0.92,3.105590062111796,149.4
1994-11-18,-0.6245007056824403,16.162,8.01,0.78,2.7491408934707806,149.5
1994-11-25,-1.9892934863583456,17.305,7.8,0.61,2.7491408934707806,149.5
1994-12-02,0.2233034621516694,16.434,7.81,0.37,2.7491408934707806,149.5
1994-12-09,-1.3986314821579526,16.524,7.79,0.26,2.7491408934707806,149.5
1994-12-16,2.649005853822728,13.726,7.81,0.22,2.8120713305898493,149.9
1994-12-23,0.2244984321494003,12.458,7.85,0.11,2.8120713305898493,149.9
1994-12-30,-0.1217836102356373,12.735,7.84,0.15,2.8120713305898493,149.9
1995-01-06,0.3070097537044569,13.6025,7.87,0.23,2.8120713305898493,149.9
1995-01-13,1.1483043824403572,12.386,7.69,0.3,3.0178326474622708,150.2
1995-01-20,-0.2553817709914363,11.8425,7.82,0.32,2.806297056810392,150.2
1995-01-27,1.2070260948997102,11.738,7.66,0.37,2.806297056810392,150.2
1995-02-03,1.7559852443339574,11.612,7.49,0.35,2.806297056810392,150.2
1995-02-10,0.587067292264809,11.344,7.62,0.29,2.806297056810392,150.2
1995-02-17,0.105929833148477,11.536,7.43,0.36,3.0800821355236208,150.6
1995-02-24,1.273934916137609,11.3575,7.33,0.44,2.939166097060819,150.6
1995-03-03,-0.5510995481665226,11.876,7.36,0.47,2.939166097060819,150.6
1995-03-10,0.8549284705382743,13.169999999999998,7.23,0.4,2.939166097060819,150.6
1995-03-17,1.2153484895803146,12.084,7.12,0.43,3.2125768967874224,151.0
1995-03-24,1.0998571859592188,11.356,7.09,0.45,2.9311520109066125,151.0
1995-03-31,-0.0519012645450733,12.332,7.2,0.4,2.9311520109066125,151.0
1995-04-07,1.1403850672248028,12.948,7.11,0.46,2.9311520109066125,151.0
1995-04-14,0.5548749030620082,12.26,7.03,0.52,3.135650988411731,151.3
1995-04-21,-0.1453215120844508,12.468,7.01,0.57,2.785326086956541,151.3
1995-04-28,1.2232358272016963,12.058,7.07,0.47,2.785326086956541,151.3
1995-05-05,1.0510720432054477,12.082,6.69,0.53,2.785326086956541,151.3
1995-05-12,1.0439884501186825,12.574000000000002,6.67,0.47,3.192934782608714,151.9
1995-05-19,-1.2101580247905752,12.576,6.61,0.42,3.0529172320217013,151.9
1995-05-26,0.8590346408219984,11.664,6.4,0.43,3.0529172320217013,151.9
1995-06-02,1.6919669509184887,12.64,6.1,0.56,3.0529172320217013,151.9
1995-06-09,-0.8582012056881583,12.988,6.4,0.39,3.0529172320217013,151.9
1995-06-16,2.2521526297407446,11.294,6.21,0.44,3.114421123899813,152.3
1995-06-23,1.8302066521002969,11.25,6.06,0.42,3.114421123899813,152.3
1995-06-30,-0.9022978978729612,11.776,6.21,0.42,3.114421123899813,152.3
1995-07-07,2.1330876763997253,11.74,6.04,0.5,3.114421123899813,152.3
1995-07-14,0.6326760181430302,12.278,6.15,0.45,3.2498307379823954,152.5
1995-07-21,-1.1198662893080913,12.716,6.53,0.58,2.970965563808248,152.5
1995-07-28,1.6816584734485662,12.972,6.49,0.57,2.970965563808248,152.5
1995-08-04,-0.7087897760446826,13.54,6.5,0.59,2.970965563808248,152.5
1995-08-11,-0.6852286601629065,12.962,6.59,0.54,3.1735313977042656,152.8
1995-08-18,0.7385989676436999,12.44,6.57,0.44,2.826379542395707,152.8
1995-08-25,0.1591447896698739,12.892,6.38,0.48,2.826379542395707,152.8
1995-09-01,0.6677470866908397,11.994,6.22,0.44,2.826379542395707,152.8
1995-09-08,1.5678145217204564,11.5775,6.24,0.39,2.826379542395707,152.8
1995-09-15,1.863166698089458,11.4,6.11,0.4,2.6156941649899457,153.0
1995-09-22,-0.2777055258398442,12.464,6.25,0.4,2.6156941649899457,153.0
1995-09-29,0.4606935804858825,12.844,6.17,0.34,2.6156941649899457,153.0
1995-10-06,-0.3285335634888975,14.606,6.06,0.33,2.6156941649899457,153.0
1995-10-13,0.3450719839522387,14.3625,5.97,0.3,2.749832327297108,153.2
1995-10-20,0.5064194991712956,13.942000000000002,6.04,0.32,2.5435073627844584,153.2
1995-10-27,-1.3209426131785662,14.546,6.05,0.41,2.5435073627844584,153.2
1995-11-03,1.8751069326018,13.39,5.94,0.45,2.5435073627844584,153.2
1995-11-10,0.3640488599560676,12.676,6.0,0.48,2.5435073627844584,153.2
1995-11-17,1.2400521299079204,12.918,5.92,0.46,2.809364548494986,153.7
1995-11-24,-0.0166708250492031,11.9475,5.91,0.42,2.809364548494986,153.7
1995-12-01,1.1683934376598426,11.668,5.71,0.39,2.809364548494986,153.7
1995-12-08,1.7298758341076192,11.774,5.73,0.34,2.809364548494986,153.7
1995-12-15,-0.184613857831617,10.912,5.75,0.39,2.535023348899257,153.7
1995-12-22,-0.712271547709642,12.438,5.71,0.43,2.535023348899257,153.7
1995-12-29,0.6503767283860373,12.06,5.58,0.4,2.535023348899257,153.7
1996-01-05,0.1266425253114045,12.9125,5.69,0.49,2.535023348899257,153.7
1996-01-12,-2.4160503126578248,14.728,5.75,0.58,2.330226364846877,153.7
1996-01-19,1.664980570595187,13.655,5.54,0.51,2.330226364846877,153.7
1996-01-26,1.600114043751821,12.876,5.65,0.57,2.330226364846877,153.7
1996-02-02,2.287576308674,12.604,5.66,0.76,2.5299600532623145,154.0
1996-02-09,3.228794570113691,14.136,5.66,0.81,2.5299600532623145,154.0
1996-02-16,-1.2782446959568206,15.344,5.76,0.86,2.257636122177953,154.0
1996-02-23,1.7130215370332769,15.1525,5.97,0.84,2.257636122177953,154.0
1996-03-01,-2.231902286706866,16.698,5.99,0.73,2.722443559096943,154.7
1996-03-08,-1.6869182611786049,17.304,6.41,0.68,2.722443559096943,154.7
1996-03-15,1.251774692309593,18.018,6.46,0.59,2.921646746347939,155.0
1996-03-22,1.4327366269652142,17.822,6.32,0.58,2.649006622516548,155.0
1996-03-29,-0.7869409418112538,18.114,6.34,0.55,2.649006622516548,155.0
1996-04-05,1.6049551280499674,16.715,6.33,0.5,2.649006622516548,155.0
1996-04-12,-2.9198249331587545,18.658,6.52,0.56,3.0463576158940464,155.6
1996-04-19,1.312997292811824,16.375999999999998,6.53,0.58,2.842035690680756,155.6
1996-04-26,1.300636295778146,14.954,6.54,0.62,2.842035690680756,155.6
1996-05-03,-1.8103658513234588,16.534,6.9,0.7,2.842035690680756,155.6
1996-05-10,1.6302264378310394,16.434,6.75,0.71,2.842035690680756,155.6
1996-05-17,2.579390206314347,15.298000000000002,6.65,0.61,2.8308097432521384,156.2
1996-05-24,1.435176183121345,15.802,6.65,0.62,2.8308097432521384,156.2
1996-05-31,-1.3839168933824642,16.54,6.85,0.58,2.8308097432521384,156.2
1996-06-07,0.6261959696290953,16.404,6.93,0.53,2.8308097432521384,156.2
1996-06-14,-1.1079624541008082,17.244,6.95,0.66,2.8890347997373444,156.7
1996-06-21,0.1486898409300163,17.044,6.96,0.61,2.8890347997373444,156.7
1996-06-28,0.5683489104899131,14.888,6.73,0.62,2.8890347997373444,156.7
1996-07-05,-1.9668076801471317,14.5675,7.06,0.62,2.8890347997373444,156.7
1996-07-12,-1.7111827631758114,16.464,6.85,0.59,2.8890347997373444,156.7
1996-07-19,-1.1544626107601652,18.924,6.78,0.6,2.8196721311475548,156.8
1996-07-26,-0.4430598439438604,20.048,6.85,0.6,2.8196721311475548,156.8
1996-08-02,4.181469539148597,19.006,6.51,0.6,2.8196721311475548,156.8
1996-08-09,-0.0588710251002488,16.468,6.5,0.57,2.8196721311475548,156.8
1996-08-16,0.4697245886418288,15.642,6.56,0.61,2.8795811518324443,157.2
1996-08-23,0.273598903218808,14.482,6.72,0.63,2.8795811518324443,157.2
1996-08-30,-2.2547769068738788,15.764,6.96,0.62,2.8795811518324443,157.2
1996-09-06,0.5659599835389884,18.68,6.94,0.61,2.8795811518324443,157.2
1996-09-13,3.791481458830348,15.968,6.74,0.64,2.8758169934640643,157.4
1996-09-20,0.953662015322565,15.742,6.85,0.59,2.8758169934640643,157.4
1996-09-27,-0.122269306965872,16.268,6.68,0.61,2.8758169934640643,157.4
1996-10-04,2.2253340149114065,16.47,6.48,0.63,2.8758169934640643,157.4
1996-10-11,-0.1140548004254116,15.622,6.55,0.63,2.8758169934640643,157.4
1996-10-18,1.4500663044999973,15.48,6.5,0.61,3.0026109660574507,157.8
1996-10-25,-1.3927610804498558,16.601999999999997,6.54,0.64,3.0026109660574507,157.8
1996-11-01,0.4066136920880314,18.22,6.38,0.59,3.0026109660574507,157.8
1996-11-08,3.843583421042229,17.13,6.29,0.53,3.0026109660574507,157.8
1996-11-15,0.9304599935442192,14.6,6.19,0.51,3.328981723237612,158.3
1996-11-22,1.5061936261363762,15.396,6.15,0.46,2.9928432010410067,158.3
1996-11-29,1.1072134519456434,16.745,6.06,0.47,2.9928432010410067,158.3
1996-12-06,-2.301133853249881,18.3,6.26,0.53,2.9928432010410067,158.3
1996-12-13,-1.4818768657769543,19.37,6.33,0.56,3.253090435914108,158.7
1996-12-20,2.7764026216033244,19.96,6.35,0.52,3.253090435914108,158.7
1996-12-27,1.0575911655956949,18.975,6.3,0.49,3.253090435914108,158.7
1997-01-03,-1.1575138393484674,20.175,6.52,0.57,3.253090435914108,158.7
1997-01-10,1.5333569848668294,20.004,6.63,0.57,3.253090435914108,158.7
1997-01-17,2.194862792647312,19.35,6.56,0.56,3.513337670787253,159.1
1997-01-24,-0.7279286114263761,18.175,6.64,0.57,3.513337670787253,159.1
1997-01-31,1.7715261165063945,20.15,6.61,0.6,3.513337670787253,159.1
1997-02-07,0.6873528400608286,19.826,6.43,0.57,3.31168831168831,159.1
1997-02-14,2.3962691839326755,19.702,6.28,0.49,3.31168831168831,159.1
1997-02-21,-0.829947691915589,20.5675,6.36,0.51,3.506493506493502,159.4
1997-02-28,-1.365729815319494,20.548,6.56,0.47,3.506493506493502,159.4
1997-03-07,1.789277363730779,20.16,6.57,0.47,3.0381383322559907,159.4
1997-03-14,-1.4658916757679386,19.492,6.71,0.53,3.0381383322559907,159.4
1997-03-21,-1.1435136880673102,20.972,6.74,0.45,3.0967741935483906,159.8
1997-03-28,-1.303401482124511,19.535,6.9,0.45,3.0967741935483906,159.8
1997-04-04,-2.06491708894454,20.94,6.92,0.48,3.0967741935483906,159.8
1997-04-11,-2.671856359373437,18.856,6.98,0.45,3.0967741935483906,159.8
1997-04-18,3.889378633749186,18.488,6.84,0.42,2.7634961439588768,159.9
1997-04-25,-0.1265798084776559,20.416,6.94,0.4,2.7634961439588768,159.9
1997-05-02,6.2192110860903815,19.718,6.68,0.42,2.7634961439588768,159.9
1997-05-09,1.4527053912625654,20.738,6.67,0.43,2.7634961439588768,159.9
1997-05-16,0.6025813582515971,20.726,6.7,0.42,2.827763496143953,160.0
1997-05-23,2.0825585172491667,19.374,6.74,0.49,2.432778489116516,160.0
1997-05-30,0.1475744609713114,19.2125,6.67,0.45,2.432778489116516,160.0
1997-06-06,1.1470245830041526,20.052,6.51,0.39,2.432778489116516,160.0
1997-06-13,4.109510304577535,19.026,6.43,0.4,2.432778489116516,160.0
1997-06-20,0.6078780835643283,20.138,6.37,0.35,2.169751116783658,160.1
1997-06-27,-1.2685016422850914,21.294,6.46,0.43,2.169751116783658,160.1
1997-07-04,3.338216558625562,20.0125,6.31,0.38,2.169751116783658,160.1
1997-07-11,-0.0261735199197366,19.454,6.23,0.34,2.169751116783658,160.1
1997-07-18,-0.1505437986907831,20.152,6.24,0.33,2.2973835354180183,160.3
1997-07-25,2.5663706487111027,21.672,6.18,0.31,2.2321428571428603,160.3
1997-08-01,0.8894467150831087,21.804,6.2,0.31,2.2321428571428603,160.3
1997-08-08,-1.4359056117106306,20.972,6.38,0.36,2.2321428571428603,160.3
1997-08-15,-3.5060073739864306,23.72,6.27,0.4,2.423469387755084,160.6
1997-08-22,2.5232824380672536,23.334,6.38,0.4,2.1628498727735312,160.6
1997-08-29,-2.606276706681565,24.472,6.34,0.37,2.1628498727735312,160.6
1997-09-05,3.288605295707736,24.765,6.37,0.39,2.1628498727735312,160.6
1997-09-12,-0.5532549072680193,24.818,6.29,0.36,2.1628498727735312,160.6
1997-09-19,2.879072354913581,23.966,6.09,0.28,2.223634053367207,160.9
1997-09-26,-0.5565474332884124,22.388,6.08,0.28,2.223634053367207,160.9
1997-10-03,2.095814647146499,22.254,6.01,0.29,2.223634053367207,160.9
1997-10-10,0.2020611911212499,20.946,6.15,0.29,2.223634053367207,160.9
1997-10-17,-2.3599255191567248,20.565,6.17,0.26,2.477763659466325,161.3
1997-10-24,-0.2668995263272022,21.254,6.01,0.22,2.217997465145749,161.3
1997-10-31,-2.8694638196039235,33.876,5.84,0.21,2.217997465145749,161.3
1997-11-07,1.4093300733914127,33.07000000000001,5.9,0.19,2.217997465145749,161.3
1997-11-14,0.0905613752378631,36.1925,5.86,0.16,2.217997465145749,161.3
1997-11-21,3.742128742730322,29.406,5.82,0.14,2.0846493998736504,161.6
1997-11-28,-0.798471817480495,28.72666666666667,5.86,0.1,2.0846493998736504,161.6
1997-12-05,2.9715253179622314,24.416,5.92,0.12,2.0846493998736504,161.6
1997-12-12,-3.0900867113795027,25.336,5.74,0.11,2.0846493998736504,161.6
1997-12-19,-0.6933138851889398,27.236,5.72,0.06,1.953371140516702,161.8
1997-12-26,-1.090011090736975,29.49,5.75,0.06,1.953371140516702,161.8
1998-01-02,4.1197654090367575,24.65,5.67,0.08,1.953371140516702,161.8
1998-01-09,-4.85620863277153,25.958,5.4,0.23,1.953371140516702,161.8
1998-01-16,3.645615155409088,24.408,5.54,0.19,2.0163831127914422,161.9
1998-01-23,-0.4076902861481102,22.665,5.7,0.28,1.7598994343180463,161.9
1998-01-30,2.369490262541229,22.284,5.53,0.21,1.7598994343180463,161.9
1998-02-06,3.2827346996819884,20.876,5.62,0.24,1.7598994343180463,161.9
1998-02-13,0.7536104850783598,20.432,5.49,0.13,1.7598994343180463,161.9
1998-02-20,1.3841850925214283,19.825,5.54,0.13,1.7598994343180463,161.9
1998-02-27,1.462952925835026,18.828,5.62,0.07,1.5683814303638632,161.9
1998-03-06,0.6051399730089724,19.576,5.73,0.15,1.5683814303638632,161.9
1998-03-13,1.223848351543655,19.102,5.58,0.08,1.5683814303638632,161.9
1998-03-20,2.858858633823669,18.382,5.57,0.05,1.6311166875784044,162.0
1998-03-27,-0.3384486933437181,21.862,5.68,0.05,1.3767209011263937,162.0
1998-04-03,2.488498797170968,23.21,5.47,0.05,1.3767209011263937,162.0
1998-04-10,-1.0715157878118386,22.7025,5.59,0.09,1.3767209011263937,162.0
1998-04-17,1.0849240801533488,21.618,5.59,0.05,1.3767209011263937,162.0
1998-04-24,-1.3200038011064508,20.462,5.67,0.06,1.31332082551594,162.0
1998-05-01,1.182414955976352,22.712,5.67,0.08,1.31332082551594,162.0
1998-05-08,-1.1471887021911265,21.706,5.71,0.1,1.31332082551594,162.0
1998-05-15,0.0532392849742713,20.51,5.68,0.05,1.563477173233263,162.4
1998-05-22,0.1569354364927777,20.068,5.64,0.01,1.5000000000000124,162.4
1998-05-29,-1.7695232588433307,21.68,5.56,0.03,1.5000000000000124,162.4
1998-06-05,2.11217617911017,21.736,5.58,0.0,1.5000000000000124,162.4
1998-06-12,-1.3484656715187835,21.786,5.43,0.0,1.5000000000000124,162.4
1998-06-19,0.1647244958367322,23.59,5.47,-0.05,1.812499999999995,162.9
1998-06-26,2.957336667951349,20.348000000000003,5.46,-0.05,1.7489069331667828,162.9
1998-07-03,1.1666160733387,18.7375,5.42,-0.02,1.7489069331667828,162.9
1998-07-10,1.5622469446486154,18.23,5.42,0.01,1.7489069331667828,162.9
1998-07-17,1.92557477618136,17.446,5.51,0.05,1.8113678950655965,163.0
1998-07-24,-3.871914992363601,20.756,5.45,-0.03,1.6843418590143378,163.0
1998-07-31,-1.764551544636661,24.126,5.5,0.01,1.6843418590143378,163.0
1998-08-07,-2.7858416437658406,28.418,5.4,0.06,1.6843418590143378,163.0
1998-08-14,-2.450773543397289,30.694,5.4,0.06,1.6843418590143378,163.0
1998-08-21,1.7398250044107222,30.418,5.32,0.07,1.681195516811962,163.3
1998-08-28,-5.0035122705931805,34.284,5.09,0.16,1.681195516811962,163.3
1998-09-04,-5.184298074321059,40.452,5.02,0.11,1.681195516811962,163.3
1998-09-11,3.611288993742501,41.6475,4.85,0.17,1.681195516811962,163.3
1998-09-18,1.093099451327184,37.79,4.7,0.09,1.8679950186799577,163.6
1998-09-25,2.417431059545616,35.376,4.6,0.17,1.678060907395884,163.6
1998-10-02,-4.034460341140223,39.17,4.31,0.14,1.678060907395884,163.6
1998-10-09,-1.8162738261446432,43.092,4.77,0.58,1.678060907395884,163.6
1998-10-16,7.31722470006968,36.8375,4.44,0.58,1.678060907395884,163.6
1998-10-23,1.348895269610928,32.65,4.7,0.5,1.4259144451332917,163.6
1998-10-30,2.6151847768919323,31.06,4.64,0.52,1.4259144451332917,163.6
1998-11-06,3.8537471785678346,26.82,4.93,0.34,1.4259144451332917,163.6
1998-11-13,-1.3400442530421608,28.6425,4.82,0.28,1.4259144451332917,163.6
1998-11-20,3.3605229639278145,26.39,4.82,0.16,1.673899566026038,164.0
1998-11-27,2.4734567503605254,22.34,4.81,0.19,1.4851485148514865,164.0
1998-12-04,-1.3075211053069855,26.084,4.62,0.16,1.4851485148514865,164.0
1998-12-11,-0.873602442526622,26.134,4.61,0.15,1.4851485148514865,164.0
1998-12-18,1.849190635059505,28.738,4.58,0.13,1.5451174289246028,164.3
1998-12-25,3.2187730353084643,22.0825,4.86,0.08,1.5451174289246028,164.3
1999-01-01,0.2413792142314186,23.36,4.65,0.11,1.5451174289246028,164.3
1999-01-08,3.7307896878722815,24.324,4.86,0.15,1.5451174289246028,164.3
1999-01-15,-2.496290999687234,29.178,4.66,0.1,1.6059295861643008,164.5
1999-01-22,-1.453442418917783,30.1775,4.64,0.05,1.6059295861643008,164.5
1999-01-29,4.4442148439196805,28.89,4.66,0.08,1.6059295861643008,164.5
1999-02-05,-3.144633629281301,28.572000000000003,4.94,0.14,1.6059295861643008,164.5
1999-02-12,-0.7479441139782494,29.852,5.06,0.15,1.6059295861643008,164.5
1999-02-19,0.7389435087536533,30.0125,5.07,0.12,1.6676961087090714,164.6
1999-02-26,-0.0718205540161331,27.092,5.29,0.16,1.6676961087090714,164.6
1999-03-05,2.9992018255591057,27.476,5.34,0.2,1.6676961087090714,164.6
1999-03-12,1.499054901829422,24.712,5.16,0.16,1.6676961087090714,164.6
1999-03-19,0.3630549723293574,24.882,5.17,0.13,1.729462631253842,164.7
1999-03-26,-1.269153902409148,25.448,5.21,0.22,1.6666666666666607,164.7
1999-04-02,0.8512567398929916,22.8975,5.27,0.26,1.6666666666666607,164.7
1999-04-09,4.222707086536004,22.402,5.05,0.17,1.6666666666666607,164.7
1999-04-16,-2.17673275613649,23.486,5.23,0.21,1.85185185185186,165.0
1999-04-23,2.869596329487312,24.026,5.26,0.22,1.85185185185186,165.0
1999-04-30,-1.597075746391352,24.284,5.36,0.28,1.85185185185186,165.0
1999-05-07,0.7354773059835118,25.552,5.54,0.35,1.85185185185186,165.0
1999-05-14,-0.5353123547862437,26.05,5.62,0.32,2.592592592592591,166.2
1999-05-21,-0.5613701219553402,25.696,5.52,0.22,2.339901477832496,166.2
1999-05-28,-2.138636869162547,27.52,5.64,0.22,2.339901477832496,166.2
1999-06-04,1.9902626175223537,25.615,5.82,0.26,2.339901477832496,166.2
1999-06-11,-2.569006616574088,24.584,6.02,0.32,2.339901477832496,166.2
1999-06-18,3.80321809891182,23.704,5.84,0.28,2.025782688766098,166.2
1999-06-25,-2.050125698317673,21.93,6.02,0.29,2.025782688766098,166.2
1999-07-02,5.771256109037393,20.916,5.82,0.24,2.025782688766098,166.2
1999-07-09,0.8668692836298897,19.82,5.84,0.23,2.025782688766098,166.2
1999-07-16,1.104555019411646,19.098000000000003,5.68,0.18,1.9631901840490684,166.2
1999-07-23,-4.358680458821507,21.738,5.84,0.26,1.9631901840490684,166.2
1999-07-30,-2.0796772091386417,24.044,5.92,0.29,1.9631901840490684,166.2
1999-08-06,-2.139648102495262,26.574,6.02,0.33,1.9631901840490684,166.2
1999-08-13,2.106454239100808,25.768,5.98,0.27,1.9631901840490684,166.2
1999-08-20,0.6725966557729945,23.076,5.88,0.23,2.082057562767892,166.7
1999-08-27,0.8723587514289477,21.79,5.85,0.2,2.082057562767892,166.7
1999-09-03,0.6652948276817394,23.504,5.89,0.25,2.082057562767892,166.7
1999-09-10,-0.4111252317082092,23.075000000000003,5.89,0.25,2.082057562767892,166.7
1999-09-17,-1.201484827819954,23.954,5.87,0.24,2.388242498469051,167.2
1999-09-24,-4.347700100578066,26.1,5.75,0.2,2.2004889975550057,167.2
1999-10-01,0.426666977569945,25.858,6.0,0.27,2.2004889975550057,167.2
1999-10-08,4.147922023298611,23.076,6.04,0.24,2.2004889975550057,167.2
1999-10-15,-6.632384549346182,25.9,6.09,0.27,2.2004889975550057,167.2
1999-10-22,4.348208588048097,24.862,6.21,0.25,2.6283618581907087,167.9
1999-10-29,4.707872941842428,23.12,6.02,0.23,2.6283618581907087,167.9
1999-11-05,0.5356053847324294,22.602,5.92,0.2,2.6283618581907087,167.9
1999-11-12,1.885090714199933,22.12,5.93,0.15,2.6283618581907087,167.9
1999-11-19,1.8580820536030047,20.66,6.07,0.15,2.5609756097561,168.2
1999-11-26,-0.3783407090585444,20.8925,6.12,0.13,2.5609756097561,168.2
1999-12-03,1.1774543468559218,22.214,6.17,0.18,2.5609756097561,168.2
1999-12-10,-1.1344456297841643,21.118,6.08,0.15,2.5609756097561,168.2
1999-12-17,0.2815721591758802,22.014,6.3,0.15,2.495435179549599,168.4
1999-12-24,2.6255558119273825,22.4975,6.41,0.17,2.495435179549599,168.4
1999-12-31,0.7481132270520163,23.706,6.45,0.21,2.495435179549599,168.4
2000-01-07,-1.8907625861408928,25.016,6.52,0.21,2.495435179549599,168.4
2000-01-14,1.6427712121804827,21.684,6.69,0.25,2.738892270237381,168.8
2000-01-21,-1.623727172377043,21.4475,6.79,0.31,2.6139817629179385,168.8
2000-01-28,-5.633564966219695,23.96,6.66,0.08,2.6139817629179385,168.8
2000-02-04,4.7207651543904605,23.014,6.53,-0.1,2.6139817629179385,168.8
2000-02-11,-2.615191286512275,22.886000000000003,6.63,-0.02,2.6139817629179385,168.8
2000-02-18,-2.95792933857959,23.996,6.49,-0.17,2.7963525835866143,169.1
2000-02-25,-0.9457005692032115,24.8325,6.36,-0.09,2.733900364520059,169.1
2000-03-03,5.685640744180676,21.992,6.39,-0.11,2.733900364520059,169.1
2000-03-10,-1.0005958980488503,22.616,6.39,-0.16,2.733900364520059,169.1
2000-03-17,4.974662711261835,22.548,6.2,-0.3,3.280680437424066,170.0
2000-03-24,4.301214193154945,22.344,6.2,-0.44,3.217972070431085,170.0
2000-03-31,-1.8907209106212464,24.614,6.03,-0.47,3.217972070431085,170.0
2000-04-07,1.1857905518790623,26.22,5.86,-0.52,3.217972070431085,170.0
2000-04-14,-10.537799292042893,29.022,5.85,-0.42,3.75757575757576,171.2
2000-04-21,5.748361819644488,26.985,5.99,-0.39,3.75757575757576,171.2
2000-04-28,1.2470906465691156,26.394,6.23,-0.45,3.75757575757576,171.2
2000-05-05,-1.363235962897913,28.862,6.51,-0.33,3.75757575757576,171.2
2000-05-12,-0.8145888265314594,28.162,6.51,-0.4,3.75757575757576,171.2
2000-05-19,-0.9859538727876372,24.516,6.51,-0.35,3.0084235860409203,171.2
2000-05-26,-2.0562161160408543,25.048,6.33,-0.36,3.0084235860409203,171.2
2000-06-02,7.201636320794003,22.7775,6.15,-0.37,3.0084235860409203,171.2
2000-06-09,-1.3748465713203983,22.630000000000003,6.13,-0.43,3.0084235860409203,171.2
2000-06-16,0.5154610671138427,21.33,5.99,-0.39,3.0685920577617543,171.3
2000-06-23,-1.5691777912479776,21.292,6.19,-0.36,3.0685920577617543,171.3
2000-06-30,0.9101753263975888,20.756,6.03,-0.35,3.0685920577617543,171.3
2000-07-07,1.6705657387582784,20.2875,6.01,-0.28,3.0685920577617543,171.3
2000-07-14,2.1015589655562605,19.964,6.1,-0.31,3.0685920577617543,171.3
2000-07-21,-1.9728764253716835,19.346,6.01,-0.31,3.6702767749699374,172.3
2000-07-28,-4.073796549416131,19.884,6.04,-0.26,3.6702767749699374,172.3
2000-08-04,3.0312234481877587,19.98,5.91,-0.24,3.6702767749699374,172.3
2000-08-11,0.6090456674106681,18.948,5.79,-0.46,3.6702767749699374,172.3
2000-08-18,1.3506906555382558,17.682,5.78,-0.49,3.5992801439711952,172.7
2000-08-25,0.9874494381010956,17.154,5.73,-0.46,3.5992801439711952,172.7
2000-09-01,0.9505837447991716,17.098000000000003,5.68,-0.41,3.5992801439711952,172.7
2000-09-08,-1.7274156640296745,19.6225,5.73,-0.38,3.5992801439711952,172.7
2000-09-15,-1.9197016665272624,18.418,5.84,-0.23,3.229665071770338,172.6
2000-09-22,-1.1659142185871385,20.128,5.85,-0.24,3.229665071770338,172.6
2000-09-29,-0.8428102866266163,21.0,5.8,-0.18,3.289473684210531,172.7
2000-10-06,-1.9157555007737197,21.672,5.82,-0.16,3.289473684210531,172.7
2000-10-13,-2.4712699543926853,27.385,5.73,-0.11,3.289473684210531,172.7
2000-10-20,1.656273171279432,26.536,5.64,-0.2,3.394877903513982,173.6
2000-10-27,-1.242016206191543,26.142000000000003,5.72,-0.22,3.394877903513982,173.6
2000-11-03,3.41480645212382,24.192,5.83,-0.11,3.394877903513982,173.6
2000-11-10,-4.255301672461487,26.164,5.82,-0.1,3.394877903513982,173.6
2000-11-17,0.1273803612976687,26.376,5.71,-0.17,3.388822829964333,173.9
2000-11-24,-1.8973146351394243,26.94,5.63,-0.23,3.388822829964333,173.9
2000-12-01,-1.977987186788677,27.838,5.52,-0.1,3.388822829964333,173.9
2000-12-08,4.155929760680066,25.118,5.35,-0.15,3.388822829964333,173.9
2000-12-15,-4.214936207794251,24.686,5.2,-0.18,3.444180522565321,174.2
2000-12-22,-0.4725125272894148,28.764,5.02,-0.08,3.444180522565321,174.2
2000-12-29,1.0972915242380532,27.5725,5.12,0.01,3.444180522565321,174.2
2001-01-05,-1.6610153319229215,28.0575,4.93,0.37,3.444180522565321,174.2
2001-01-12,1.555826519969794,26.996,5.25,0.35,3.444180522565321,174.2
2001-01-19,1.819422042848995,24.205,5.19,0.44,3.376777251184837,174.5
2001-01-26,0.9243606706911268,22.412,5.29,0.51,3.376777251184837,174.5
2001-02-02,-0.4044415414761637,22.162,5.17,0.52,3.376777251184837,174.5
2001-02-09,-2.572118067911866,21.866000000000003,5.03,0.36,3.376777251184837,174.5
2001-02-16,-1.006265810526774,21.44,5.11,0.36,3.376777251184837,174.5
2001-02-23,-4.277276950374098,26.1025,5.1,0.57,3.903015966883494,175.7
2001-03-02,-0.9374995407151698,27.156,4.95,0.47,3.903015966883494,175.7
2001-03-09,-0.0615801368155199,25.408,4.95,0.48,3.903015966883494,175.7
2001-03-16,-6.72033951899299,29.19,4.78,0.52,3.903015966883494,175.7
2001-03-23,-0.9300125133393178,31.192,4.8,0.56,3.6470588235294032,176.2
2001-03-30,1.7985138828038094,28.494,4.93,0.75,3.6470588235294032,176.2
2001-04-06,-2.749209582782375,32.326,4.89,0.82,3.6470588235294032,176.2
2001-04-13,4.880226834437851,28.9825,5.17,0.81,3.6470588235294032,176.2
2001-04-20,5.025769367870714,25.122,5.29,1.03,2.978971962616828,176.3
2001-04-27,0.8101553136501405,26.806,5.34,1.06,2.978971962616828,176.3
2001-05-04,1.0821544228116764,24.72,5.21,1.07,2.978971962616828,176.3
2001-05-11,-1.6532272481996846,24.238,5.51,1.15,2.978971962616828,176.3
2001-05-18,3.716065680248448,22.512,5.41,1.04,3.2710280373831946,176.8
2001-05-25,-1.0890388800325337,21.072,5.52,1.21,3.2710280373831946,176.8
2001-06-01,-1.3475315172458258,22.2825,5.39,1.17,3.2710280373831946,176.8
2001-06-08,0.3402886435503793,20.188,5.38,1.21,3.2710280373831946,176.8
2001-06-15,-4.000124679712103,21.756,5.27,1.26,3.6193812025685945,177.5
2001-06-22,0.9050026653499632,21.324,5.14,1.21,3.6193812025685945,177.5
2001-06-29,-0.0791586667034605,20.364,5.42,1.17,3.6193812025685945,177.5
2001-07-06,-2.7597673049009064,19.85,5.41,1.25,3.6193812025685945,177.5
2001-07-13,2.1073659791293498,22.594,5.27,1.15,3.6193812025685945,177.5
2001-07-20,-0.3973149111277996,22.794,5.15,1.17,3.2501450957632017,177.9
2001-07-27,-0.4154130898372354,23.598,5.13,1.26,3.2501450957632017,177.9
2001-08-03,0.7074048926729359,20.97,5.2,1.29,3.2501450957632017,177.9
2001-08-10,-1.9920074025264525,21.504,4.99,1.26,3.2501450957632017,177.9
2001-08-17,-2.368594362689413,21.438,4.84,1.17,2.7214823393167498,177.4
2001-08-24,1.9759618223110345,22.33,4.93,1.17,2.7214823393167498,177.4
2001-08-31,-4.333597371037468,23.184,4.85,1.21,2.7214823393167498,177.4
2001-09-07,-4.2167230024228175,27.95,4.8,1.27,2.7214823393167498,177.4
2001-09-14,0.6225947782446006,31.84,4.84,1.31,2.7214823393167498,177.4
2001-09-21,-11.600494877815724,41.518,4.7,1.79,2.7793862188766782,177.5
2001-09-28,7.78007398664291,34.95,4.6,1.74,2.8389339513325678,177.5
2001-10-05,2.924286240322349,32.04,4.52,1.81,2.7793862188766782,177.5
2001-10-12,1.8919542495537955,33.3,4.68,1.87,2.7793862188766782,177.5
2001-10-19,-1.6644568807723137,34.466,4.63,1.86,3.1847133757961776,178.2
2001-10-26,2.899914805045478,30.616000000000003,4.53,1.9,2.6497695852534475,178.2
2001-11-02,-1.5761250043513253,32.336,4.37,1.89,2.6497695852534475,178.2
2001-11-09,3.0454478393037165,28.898000000000003,4.34,1.89,2.6497695852534475,178.2
2001-11-16,1.6370437522745585,25.915,4.91,1.82,2.304147465437789,177.6
2001-11-23,1.0266492034956445,24.005000000000003,5.04,1.84,2.304147465437789,177.6
2001-11-30,-0.9466779362631071,24.542,4.78,1.94,2.127659574468077,177.6
2001-12-07,1.655194017295636,24.014,5.2,2.01,2.127659574468077,177.6
2001-12-14,-3.0406446453721148,25.266,5.24,2.04,2.127659574468077,177.6
2001-12-21,1.9410776956058085,23.26,5.12,1.95,2.127659574468077,177.6
2001-12-28,1.40886938277347,21.975,5.15,1.99,1.9517795637198576,177.6
2002-01-04,0.989646176731207,22.075,5.18,1.99,1.9517795637198576,177.6
2002-01-11,-2.2950792705869194,22.172,4.92,2.16,1.9517795637198576,177.6
2002-01-18,-1.5729765987497757,22.9,4.94,2.03,1.7795637198622316,177.3
2002-01-25,0.5055138849870744,21.9125,5.1,1.93,1.6045845272206316,177.3
2002-02-01,-0.9776999363409256,22.184,5.02,1.94,1.6045845272206316,177.3
2002-02-08,-2.315093708712068,24.956,4.9,1.95,1.6045845272206316,177.3
2002-02-15,0.7261392075083917,21.678,4.86,1.89,1.6045845272206316,177.3
2002-02-22,-1.2987091953373664,23.4375,4.84,1.87,1.776504297994275,177.6
2002-03-01,3.848277250962684,21.312,4.98,1.8,1.081388730791133,177.6
2002-03-08,2.8742360224437213,20.01,5.33,1.73,1.081388730791133,177.6
2002-03-15,0.1588902863359109,19.302,5.35,1.72,1.081388730791133,177.6
2002-03-22,-1.4972287247088212,18.294,5.4,1.63,1.309049516220839,178.0
2002-03-29,-0.1140364393766302,17.9275,5.42,1.7,1.309049516220839,178.0
2002-04-05,-2.1492285852987347,19.4,5.22,1.73,1.0215664018161208,178.0
2002-04-12,-1.0438815126529222,19.398000000000003,5.18,1.77,1.0215664018161208,178.0
2002-04-19,1.2745190462032596,18.79,5.21,1.85,1.3620885357548351,178.6
2002-04-26,-4.341574673012206,20.782,5.08,1.86,1.3045944412932498,178.6
2002-05-03,-0.2684975399823042,21.256,5.08,1.91,1.3045944412932498,178.6
2002-05-10,-1.717863535943831,21.772,5.15,1.96,1.3045944412932498,178.6
2002-05-17,4.891039352370918,19.092,5.27,1.86,1.8150879183210344,179.5
2002-05-24,-2.05767449864509,19.2,5.16,1.88,1.527149321266963,179.5
2002-05-31,-1.538994710121011,20.3225,5.08,1.86,1.527149321266963,179.5
2002-06-07,-3.711788969380159,23.508000000000003,5.1,1.94,1.527149321266963,179.5
2002-06-14,-1.9717194814723449,24.66,4.83,1.91,1.527149321266963,179.5
2002-06-21,-1.7999150705636624,25.93,4.79,1.91,1.527149321266963,179.5
2002-06-28,0.0687458464637025,26.986,4.86,1.96,1.1267605633802802,179.5
2002-07-05,-0.0798102707056047,28.15,4.9,2.0,1.1267605633802802,179.5
2002-07-12,-6.839025372821528,31.872000000000003,4.63,2.07,1.1267605633802802,179.5
2002-07-19,-7.992274007498912,36.084,4.61,2.13,1.2394366197183038,179.7
2002-07-26,0.6004160254165392,40.286,4.43,2.23,1.0118043844856484,179.7
2002-08-02,1.3367059495248412,34.704,4.33,2.34,1.0118043844856484,179.7
2002-08-09,5.137464699130812,39.5,4.27,2.17,1.0118043844856484,179.7
2002-08-16,2.215399339484403,32.694,4.32,2.04,1.1242270938729648,179.9
2002-08-23,1.3017179243591803,28.7,4.25,2.06,1.1242270938729648,179.9
2002-08-30,-2.6348211650302766,31.926,4.14,2.0,1.4092446448703555,179.9
2002-09-06,-2.4179401396145828,38.15,4.05,1.97,1.4092446448703555,179.9
2002-09-13,-0.4597710567094015,35.932,3.92,1.85,1.4092446448703555,179.9
2002-09-20,-4.992075053329714,38.38,3.79,1.85,1.6901408450704205,180.5
2002-09-27,-2.131562854896485,37.82,3.69,1.87,1.6901408450704205,180.5
2002-10-04,-3.237968283288939,37.482,3.69,1.91,1.6901408450704205,180.5
2002-10-11,4.339352655922757,39.80800000000001,3.83,1.98,1.6901408450704205,180.5
2002-10-18,5.874396266576287,34.4125,4.14,2.05,1.8591549295774668,180.8
2002-10-25,1.499339606507899,32.886,4.12,2.14,1.4590347923681302,180.8
2002-11-01,0.3687403184503113,31.002,4.01,2.25,1.4590347923681302,180.8
2002-11-08,-0.6903782173000805,30.722,3.85,1.98,1.4590347923681302,180.8
2002-11-15,1.6865264792194967,29.285,4.05,2.14,1.4590347923681302,180.8
2002-11-22,2.277345252841778,25.472,4.18,2.08,2.083333333333348,181.3
2002-11-29,0.6189898276487416,26.1975,4.22,2.14,2.083333333333348,181.3
2002-12-06,-2.571799633949423,28.738,4.09,2.2,2.083333333333348,181.3
2002-12-13,-2.493888656050302,28.554,4.07,2.2,2.083333333333348,181.3
2002-12-20,0.7060337989355903,27.622000000000003,3.97,2.21,2.195945945945943,181.5
2002-12-27,-2.2729285890860096,27.4025,3.83,2.23,2.195945945945943,181.5
2003-01-03,3.791409814458424,27.0775,4.05,2.26,2.195945945945943,181.5
2003-01-10,2.088948800641988,24.828,4.16,2.37,2.195945945945943,181.5
2003-01-17,-2.780380760880863,25.138,4.05,2.35,2.2522522522522515,181.6
2003-01-24,-4.477810948452376,28.91,3.94,2.28,2.425267907501394,181.6
2003-01-31,-0.6617148880287638,32.074,4.0,2.28,2.425267907501394,181.6
2003-02-07,-3.039617785973814,32.836,3.96,2.33,2.425267907501394,181.6
2003-02-14,0.626741577183032,33.664,3.95,2.33,2.425267907501394,181.6
2003-02-21,1.5906248761773378,30.9575,3.9,2.27,2.7636773829667005,182.2
2003-02-28,-0.8276593887474704,31.164,3.71,2.18,2.5900900900900803,182.2
2003-03-07,-1.4575295024410462,31.018,3.63,2.24,2.5900900900900803,182.2
2003-03-14,0.5284181019685974,32.634,3.72,2.16,2.5900900900900803,182.2
2003-03-21,7.502965069025747,30.566000000000003,4.11,2.31,3.209459459459474,183.3
2003-03-28,-3.60463711577248,28.616000000000003,3.92,2.36,2.977528089887649,183.3
2003-04-04,1.7776462751520006,28.574,3.96,2.41,2.977528089887649,183.3
2003-04-11,-1.200431027597737,26.546,4.0,2.35,2.977528089887649,183.3
2003-04-18,2.911439554563544,22.4975,3.98,2.27,2.9675251959686566,183.9
2003-04-25,0.5852839554070011,20.916,3.91,2.34,2.9675251959686566,183.9
2003-05-02,3.4790466968755984,21.006,3.94,2.38,2.9675251959686566,183.9
2003-05-09,0.3580289860550589,20.772,3.69,2.24,2.9675251959686566,183.9
2003-05-16,1.1666914819594698,19.414,3.46,2.08,2.631578947368429,183.3
2003-05-23,-1.1733577499815628,20.392000000000003,3.34,1.96,2.116991643454047,183.3
2003-05-30,3.254329858528604,19.98,3.37,2.04,2.116991643454047,183.3
2003-06-06,2.5083263874192907,20.878,3.37,2.1,2.116991643454047,183.3
2003-06-13,0.0860508197876086,20.814,3.13,2.03,2.116991643454047,183.3
2003-06-20,0.71615876784068,19.786,3.4,2.18,2.116991643454047,183.3
2003-06-27,-1.9554310769959728,20.14,3.58,2.2,2.116991643454047,183.3
2003-07-04,0.9710968622244298,19.35,3.67,2.35,2.116991643454047,183.3
2003-07-11,1.2620475081006166,19.226,3.66,2.37,2.116991643454047,183.3
2003-07-18,-0.4828989173344067,19.646,4.0,2.49,2.284122562674096,183.6
2003-07-25,0.5396030797769846,18.788,4.22,2.7,2.17028380634392,183.6
2003-08-01,-1.8554460285192145,19.224,4.44,2.59,2.17028380634392,183.6
2003-08-08,-0.2611842569839373,21.06,4.27,2.55,2.17028380634392,183.6
2003-08-15,1.33797969449021,18.64,4.55,2.7,2.33722871452422,183.9
2003-08-22,0.2412523534241595,18.05,4.48,2.51,2.2234574763757564,183.9
2003-08-29,1.5054490407211407,19.052,4.45,2.5,2.2234574763757564,183.9
2003-09-05,1.327368255591388,18.835,4.35,2.63,2.2234574763757564,183.9
2003-09-12,-0.2702209465573202,19.01,4.27,2.61,2.2234574763757564,183.9
2003-09-19,1.7346871641922057,18.114,4.17,2.47,2.55697609783212,184.5
2003-09-26,-3.806819587319199,20.966,4.04,2.44,2.216066481994461,184.5
2003-10-03,3.3104279287967,21.152,4.21,2.56,2.216066481994461,184.5
2003-10-10,0.797211555318178,19.074,4.29,2.64,2.216066481994461,184.5
2003-10-17,0.1213694414771371,17.4675,4.41,2.51,2.4930747922437657,185.0
2003-10-24,-1.001608036730561,17.330000000000002,4.24,2.48,2.3230088495575174,185.0
2003-10-31,2.118739834741024,16.746000000000002,4.33,2.48,2.3230088495575174,185.0
2003-11-07,0.2379343580001247,16.726,4.48,2.44,2.3230088495575174,185.0
2003-11-14,-0.2715494020790188,16.945,4.22,2.38,2.3230088495575174,185.0
2003-11-21,-1.4347547616836651,18.994,4.15,2.31,2.0408163265306145,185.0
2003-11-28,2.2138862169075457,16.675,4.34,2.28,2.0408163265306145,185.0
2003-12-05,0.3118549405025428,16.612000000000002,4.23,2.35,2.0408163265306145,185.0
2003-12-12,1.1907691614166271,17.036,4.26,2.42,2.0408163265306145,185.0
2003-12-19,1.3517808975771484,16.264,4.15,2.33,1.7079889807162465,184.6
2003-12-26,0.6641173774876163,16.884999999999998,4.17,2.35,1.7079889807162465,184.6
2004-01-02,1.1488347965604273,17.825,4.38,2.44,1.7079889807162465,184.6
2004-01-09,1.2070587758521656,16.416,4.11,2.43,1.7079889807162465,184.6
2004-01-16,1.6018015561445995,16.434,4.04,2.34,1.9283746556473915,185.0
2004-01-23,0.1509078406213504,14.775,4.09,2.38,1.8722466960352515,185.0
2004-01-30,-0.9127978187210783,16.09,4.16,2.32,1.8722466960352515,185.0
2004-02-06,1.0281757916957843,17.206,4.12,2.35,1.8722466960352515,185.0
2004-02-13,0.2669019568466213,15.722,4.05,2.35,1.8722466960352515,185.0
2004-02-20,-0.1483730422365159,15.7075,4.1,2.35,2.312775330396488,185.8
2004-02-27,0.0725416319509175,15.3,3.99,2.33,1.975850713501659,185.8
2004-03-05,1.0411064820283975,14.546,3.85,2.28,1.975850713501659,185.8
2004-03-12,-3.136943063293152,18.006,3.78,2.24,1.975850713501659,185.8
2004-03-19,-0.9628954469036,19.452,3.8,2.24,2.250274423710219,186.3
2004-03-26,-0.1549830288633646,19.454,3.85,2.26,1.6366612111292866,186.3
2004-04-02,3.0458637813217893,16.362000000000002,4.15,2.29,1.6366612111292866,186.3
2004-04-09,-0.218084635526361,15.5775,4.21,2.33,1.6366612111292866,186.3
2004-04-16,-0.413401077795672,15.768,4.37,2.34,2.127659574468077,187.2
2004-04-23,0.5279338549553536,15.262,4.48,2.19,1.7944535073409318,187.2
2004-04-30,-2.919509685304522,15.984,4.53,2.22,1.7944535073409318,187.2
2004-05-07,-0.7766727424379338,16.824,4.79,2.15,1.7944535073409318,187.2
2004-05-14,-0.2730499802789832,18.762,4.79,2.2,2.0119630233822683,187.6
2004-05-21,-0.1952991396811043,19.076,4.76,2.16,2.345881069285305,187.6
2004-05-28,2.479973084611564,16.157999999999998,4.66,2.12,2.345881069285305,187.6
2004-06-04,0.1623965986577547,16.5475,4.78,2.08,2.345881069285305,187.6
2004-06-11,1.2445408198775043,15.2075,4.81,2.0,2.345881069285305,187.6
2004-06-18,-0.1275837645739019,15.21,4.72,1.91,3.000545553737033,188.8
2004-06-25,-0.0519784506141318,14.71,4.66,1.92,3.000545553737033,188.8
2004-07-02,-0.7977617305289564,15.232,4.48,1.94,3.000545553737033,188.8
2004-07-09,-1.1169512728610664,16.009999999999998,4.49,1.94,3.000545553737033,188.8
2004-07-16,-1.026234787969471,14.446000000000002,4.38,1.84,3.327877795962908,189.4
2004-07-23,-1.3791720711587518,15.6,4.45,1.76,3.159041394335516,189.4
2004-07-30,1.428836331147476,16.2,4.5,1.82,3.159041394335516,189.4
2004-08-06,-3.4264605347861354,17.054,4.24,1.84,3.159041394335516,189.4
2004-08-13,0.0780170632495913,18.292,4.22,1.75,3.159041394335516,189.4
2004-08-20,3.150819423302642,16.756,4.24,1.78,2.9363784665579207,189.3
2004-08-27,0.8576541316247743,15.162,4.23,1.75,2.9363784665579207,189.3
2004-09-03,0.5289893432972814,14.766,4.3,1.69,2.9363784665579207,189.3
2004-09-10,0.9240087836518862,13.975,4.19,1.69,2.9363784665579207,189.3
2004-09-17,0.4119514468804874,13.958000000000002,4.14,1.61,2.990755845568249,189.4
2004-09-24,-1.6339606290133537,14.382,4.04,1.42,2.655826558265595,189.4
2004-10-01,1.9268374242813024,13.55,4.21,1.58,2.655826558265595,189.4
2004-10-08,-0.8272192091526742,14.038,4.15,1.54,2.655826558265595,189.4
2004-10-15,-1.2422748760928748,15.485,4.07,1.54,2.655826558265595,189.4
2004-10-22,-1.1243423106384487,14.902,4.0,1.45,2.540540540540537,189.7
2004-10-29,3.1449031015222007,16.07,4.05,1.49,2.540540540540537,189.7
2004-11-05,3.1826308907676903,14.86,4.21,1.41,2.540540540540537,189.7
2004-11-12,1.5435141807539132,13.455,4.2,1.34,2.540540540540537,189.7
2004-11-19,-1.167913189133052,13.256,4.2,1.25,3.189189189189201,190.9
2004-11-26,1.0518361290961842,12.7875,4.24,1.21,3.189189189189201,190.9
2004-12-03,0.7204176514917116,13.09,4.27,1.33,3.189189189189201,190.9
2004-12-10,-0.26612858184486,13.138,4.16,1.21,3.189189189189201,190.9
2004-12-17,0.5218814117739834,12.368,4.21,1.18,3.3513513513513398,191.2
2004-12-24,1.3339519646860865,11.515,4.23,1.21,3.5752979414951147,191.2
2004-12-31,0.1479212196439538,12.322,4.24,1.16,3.5752979414951147,191.2
2005-01-07,-2.1230858147456733,13.844,4.29,1.09,3.5752979414951147,191.2
2005-01-14,-0.1407803098566362,12.85,4.23,0.99,3.5752979414951147,191.2
2005-01-21,-1.4056346992473268,13.46,4.16,1.0,3.297297297297286,191.1
2005-01-28,0.2988337956250753,13.726,4.16,0.91,3.297297297297286,191.1
2005-02-04,2.703698635890084,11.902,4.09,0.8,3.297297297297286,191.1
2005-02-11,0.188691842761135,11.654,4.1,0.76,3.297297297297286,191.1
2005-02-18,-0.3078140593638645,11.368,4.27,0.82,3.3513513513513398,191.2
2005-02-25,0.8139240152690741,12.1475,4.27,0.73,2.960172228202373,191.3
2005-03-04,0.8874249852094174,12.297999999999998,4.32,0.75,2.960172228202373,191.3
2005-03-11,-1.8034267625567035,12.53,4.56,0.83,2.960172228202373,191.3
2005-03-18,-0.8691030616754802,13.092000000000002,4.51,0.79,2.960172228202373,191.3
2005-03-25,-1.532381800919036,13.84,4.6,0.72,3.059581320450877,192.0
2005-04-01,0.1280497126332269,13.998,4.46,0.71,3.059581320450877,192.0
2005-04-08,0.7059225621817822,13.178,4.5,0.73,3.059581320450877,192.0
2005-04-15,-3.2661664112339395,13.772,4.27,0.73,3.059581320450877,192.0
2005-04-22,0.8314225237258999,15.646,4.26,0.64,3.205128205128216,193.2
2005-04-29,0.4105458189074262,15.313999999999998,4.21,0.55,3.205128205128216,193.2
2005-05-06,1.253403665644348,14.306,4.28,0.55,3.205128205128216,193.2
2005-05-13,-1.4769221085405015,15.11,4.12,0.51,3.205128205128216,193.2
2005-05-20,3.052725529930367,14.068,4.13,0.44,3.518123667377404,194.2
2005-05-27,0.7988026172117468,12.522,4.08,0.44,3.518123667377404,194.2
2005-06-03,-0.2302348803094323,12.41,3.98,0.41,3.518123667377404,194.2
2005-06-10,0.1747433810624254,12.282,4.05,0.34,3.518123667377404,194.2
2005-06-17,1.573309280149804,11.506,4.09,0.37,2.8072033898304927,194.1
2005-06-24,-2.086347576207681,11.582,3.92,0.33,2.8072033898304927,194.1
2005-07-01,0.2408583001044739,11.862,4.06,0.3,2.8072033898304927,194.1
2005-07-08,1.4584277820451463,11.9725,4.11,0.33,2.8072033898304927,194.1
2005-07-15,1.3252404393145234,10.842,4.18,0.32,2.8072033898304927,194.1
2005-07-22,0.4690867124473419,10.588,4.23,0.31,2.48152059134108,194.1
2005-07-29,0.0405291467991286,10.908,4.28,0.26,2.48152059134108,194.1
2005-08-05,-0.6287583195249469,12.132,4.4,0.29,2.48152059134108,194.1
2005-08-12,0.3237039970705124,12.63,4.24,0.19,2.48152059134108,194.1
2005-08-19,-0.8680218129037076,13.184,4.21,0.18,3.063919704173257,195.1
2005-08-26,-1.1978245500539275,13.675999999999998,4.2,0.14,3.063919704173257,195.1
2005-09-02,1.072113866654978,13.297999999999998,4.03,0.28,3.063919704173257,195.1
2005-09-09,1.9260735095740331,12.59,4.14,0.26,3.063919704173257,195.1
2005-09-16,-0.287555687181884,12.132,4.26,0.29,3.59218172213418,196.1
2005-09-23,-1.827272943318281,12.972,4.25,0.23,3.5374868004223847,196.1
2005-09-30,1.11249324002356,12.518,4.34,0.16,3.5374868004223847,196.1
2005-10-07,-2.67820351481739,13.952000000000002,4.35,0.17,3.5374868004223847,196.1
2005-10-14,-0.7801720824925362,15.7975,4.48,0.21,4.804646251319955,198.5
2005-10-21,-0.5882485470476984,15.148,4.39,0.17,4.638903531892469,198.5
2005-10-28,1.5954754537342186,14.826,4.58,0.18,4.638903531892469,198.5
2005-11-04,1.8132341893836168,13.964,4.66,0.19,4.638903531892469,198.5
2005-11-11,0.8867790711855283,12.72,4.55,0.11,4.638903531892469,198.5
2005-11-18,1.406224340600537,11.808,4.5,0.1,4.190675746464123,198.9
2005-11-25,1.6006136617983335,10.815,4.43,0.1,4.190675746464123,198.9
2005-12-02,-0.2499541845308539,11.608,4.52,0.09,4.190675746464123,198.9
2005-12-09,-0.4513517829582314,11.84,4.54,0.11,4.190675746464123,198.9
2005-12-16,0.6312641402207886,10.894,4.45,0.08,3.6144578313253017,197.8
2005-12-23,0.1057418763548145,10.788,4.38,0.01,3.451882845188292,197.8
2005-12-30,-1.6056307102287448,11.65,4.39,-0.02,3.451882845188292,197.8
2006-01-06,2.9768652273539864,11.205,4.38,0.02,3.451882845188292,197.8
2006-01-13,0.168037205782956,11.072,4.36,0.02,3.451882845188292,197.8
2006-01-20,-2.0285641936875654,12.675,4.37,0.0,3.399581589958167,197.7
2006-01-27,1.7622003060539404,12.9,4.52,0.01,3.4536891679748827,197.7
2006-02-03,-1.5338190458675571,12.778,4.54,-0.05,3.4536891679748827,197.7
2006-02-10,0.2341685615765421,13.09,4.59,-0.1,3.4536891679748827,197.7
2006-02-17,1.5982762418078833,12.28,4.54,-0.12,3.4536891679748827,197.7
2006-02-24,0.1701363765247654,11.905,4.58,-0.16,4.079497907949792,199.0
2006-03-03,-0.170623698110317,11.83,4.68,-0.08,4.0250914793517945,199.0
2006-03-10,-0.4513518649807868,12.45,4.76,0.02,4.0250914793517945,199.0
2006-03-17,2.0157290481551016,11.512,4.68,0.03,4.077365394668053,199.1
2006-03-24,-0.3289385219449214,11.396,4.67,-0.05,4.077365394668053,199.1
2006-03-31,-0.620127891130462,11.39,4.86,0.04,3.697916666666656,199.1
2006-04-07,0.0486539100595484,11.51,4.97,0.08,3.697916666666656,199.1
2006-04-14,-0.4924743251881525,12.5825,5.05,0.09,3.697916666666656,199.1
2006-04-21,1.7190047678744549,11.706,5.01,0.11,4.062500000000013,199.8
2006-04-28,-0.0510984633596334,11.738,5.07,0.2,3.4161490683229934,199.8
2006-05-05,1.1559521584141308,12.0,5.12,0.18,3.4161490683229934,199.8
2006-05-12,-2.603790978531073,12.49,5.19,0.18,3.4161490683229934,199.8
2006-05-19,-1.8749389052848064,15.47,5.05,0.09,4.037267080745344,201.0
2006-05-26,1.036282059557725,16.619999999999997,5.06,0.1,3.501544799176104,201.0
2006-06-02,0.6296038236033752,15.985,5.0,0.08,3.501544799176104,201.0
2006-06-09,-2.7883376047488584,17.652,4.98,-0.03,3.501544799176104,201.0
2006-06-16,-0.0606891109152463,19.876,5.13,-0.03,3.964984552008244,201.9
2006-06-23,-0.5625100949845363,16.362000000000002,5.23,-0.04,4.0185471406491535,201.9
2006-06-30,2.0650824565588533,14.783999999999995,5.15,-0.01,4.0185471406491535,201.9
2006-07-07,-0.3715927322127776,13.705,5.14,-0.03,4.0185471406491535,201.9
2006-07-14,-2.313748913359281,15.498,5.07,-0.01,4.0185471406491535,201.9
2006-07-21,0.3308597356558529,17.107999999999997,5.05,-0.03,4.224626481195259,202.3
2006-07-28,3.0847631248046348,14.744,5.0,0.02,4.224626481195259,202.3
2006-08-04,0.0633480499398375,14.628,4.91,0.0,4.224626481195259,202.3
2006-08-11,-0.9864303449915734,14.884,4.97,0.01,4.224626481195259,202.3
2006-08-18,2.8072105458019525,12.794,4.84,-0.03,4.151717068170169,203.2
2006-08-25,-0.5536422281716469,12.304,4.79,-0.07,4.151717068170169,203.2
2006-09-01,1.2292616239389045,12.19,4.73,-0.04,4.151717068170169,203.2
2006-09-08,-0.922187148096132,13.3525,4.78,-0.02,4.151717068170169,203.2
2006-09-15,1.596710308001703,11.88,4.8,-0.07,4.407995899538686,203.7
2006-09-22,-0.3697925796355528,11.998,4.6,-0.07,3.87557368689444,203.7
2006-09-29,1.6025453550835067,11.786,4.64,-0.07,3.87557368689444,203.7
2006-10-06,1.0285578834066555,12.042,4.7,-0.04,3.87557368689444,203.7
2006-10-13,1.187770337869365,11.245,4.81,-0.06,3.87557368689444,203.7
2006-10-20,0.2182144725036972,11.138,4.79,-0.08,2.115869017632233,202.7
2006-10-27,0.638608095154547,10.776,4.68,-0.08,2.115869017632233,202.7
2006-11-03,-0.9467464326733066,11.278,4.72,-0.1,2.115869017632233,202.7
2006-11-10,1.21673935291553,10.96,4.59,-0.14,2.115869017632233,202.7
2006-11-17,1.4700504307997295,10.376,4.61,-0.15,1.4077425842131674,201.7
2006-11-24,-0.0178418504647281,10.185,4.55,-0.18,1.4077425842131674,201.7
2006-12-01,-0.3026510854886921,11.464,4.43,-0.09,1.4077425842131674,201.7
2006-12-08,0.940066674544182,11.714,4.56,-0.12,1.4077425842131674,201.7
2006-12-15,1.2235431267521912,10.312,4.6,-0.13,1.4077425842131674,201.7
2006-12-22,-1.144283573271487,10.61,4.63,-0.08,1.9716885743174872,201.7
2006-12-29,0.5344664585263281,11.1125,4.71,-0.11,1.9716885743174872,201.7
2007-01-05,-0.6056608330319513,11.896666666666668,4.65,-0.11,1.9716885743174872,201.7
2007-01-12,1.4910882460723365,11.28,4.77,-0.11,1.9716885743174872,201.7
2007-01-19,-0.0160743446974254,10.645,4.78,-0.15,2.5278058645096024,202.8
2007-01-26,-0.5816110652962281,10.67,4.88,-0.11,2.579666160849792,202.8
2007-02-02,1.8429425211744064,10.644,4.83,-0.11,2.579666160849792,202.8
2007-02-09,-0.713202656067391,10.612,4.79,-0.13,2.579666160849792,202.8
2007-02-16,1.2155250654721117,10.484,4.69,-0.14,2.579666160849792,202.8
2007-02-23,-0.2988648569950625,10.3,4.68,-0.14,2.758219524532124,203.153
2007-03-02,-4.411545011047979,15.862,4.52,-0.04,2.086934673366825,203.153
2007-03-09,1.1296323722816526,15.842,4.59,-0.07,2.086934673366825,203.153
2007-03-16,-1.1327033044104762,16.522,4.55,-0.03,2.465326633165832,203.906
2007-03-23,3.544470666598376,13.185999999999998,4.62,0.02,2.4138623807132165,203.906
2007-03-30,-1.0618963836719453,14.28,4.65,0.07,2.4138623807132165,203.906
2007-04-06,1.6117016912399196,13.615,4.68,0.05,2.4138623807132165,203.906
2007-04-13,0.6296036570363261,12.844,4.76,0.0,2.4138623807132165,203.906
2007-04-20,2.16815228890348,12.23,4.68,0.04,3.036664992466087,205.146
2007-04-27,0.65483011843539,12.922,4.71,0.04,2.6756756756756594,205.146
2007-05-04,0.77305944456032,13.362,4.65,-0.03,2.6756756756756594,205.146
2007-05-11,0.0152748017093085,13.158,4.67,-0.04,2.6756756756756594,205.146
2007-05-18,1.1222913761702369,13.547999999999998,4.81,-0.01,3.1026026026026,205.999
2007-05-25,-0.4610093272861548,13.404,4.86,0.01,2.4870646766169235,205.999
2007-06-01,1.3597399020364165,13.0475,4.95,-0.02,2.4870646766169235,205.999
2007-06-08,-1.866118340525757,14.738,5.12,0.11,2.4870646766169235,205.999
2007-06-15,1.674105706068563,14.738,5.16,0.11,3.177611940298508,207.387
2007-06-22,-1.9798928123122892,14.18,5.14,0.22,2.717682020802381,207.387
2007-06-29,0.0525714088877693,16.568,5.03,0.16,2.717682020802381,207.387
2007-07-06,1.8019733435492349,15.13,5.19,0.2,2.717682020802381,207.387
2007-07-13,1.441419424370216,16.012,5.11,0.17,2.717682020802381,207.387
2007-07-20,-1.1851867577496011,15.88,4.96,0.17,2.914314016840014,207.784
2007-07-27,-4.8986393070868495,19.674,4.8,0.24,2.7108255066732534,207.784
2007-08-03,-1.7745565951271636,22.888,4.71,0.25,2.7108255066732534,207.784
2007-08-10,1.4360846868401556,24.146,4.81,0.34,2.7108255066732534,207.784
2007-08-17,-0.5297097744003554,29.148000000000003,4.68,0.5,2.831438457736035,208.028
2007-08-24,2.3119946239554823,23.562,4.63,0.33,2.3759842519684997,208.028
2007-08-31,-0.3636686495312013,24.254,4.54,0.39,2.3759842519684997,208.028
2007-09-07,-1.386708291214378,24.395,4.38,0.48,2.3759842519684997,208.028
2007-09-14,2.112067018031194,25.458,4.47,0.42,2.3759842519684997,208.028
2007-09-21,2.79602492841502,21.262,4.64,0.58,1.982326951399127,207.738
2007-09-28,0.065541536949043,18.12,4.59,0.62,1.982326951399127,207.738
2007-10-05,2.0199748367651926,18.096,4.65,0.57,1.982326951399127,207.738
2007-10-12,0.2702946924542537,17.35,4.7,0.47,1.982326951399127,207.738
2007-10-19,-3.916637343635032,19.854,4.41,0.61,2.2542955326460445,208.292
2007-10-26,2.3090318267205534,20.716,4.41,0.64,2.758756783423788,208.292
2007-11-02,-1.669402610190307,21.138,4.31,0.65,2.758756783423788,208.292
2007-11-09,-3.706161847935807,25.37,4.23,0.81,2.758756783423788,208.292
2007-11-16,0.3467042190128167,25.8975,4.15,0.82,3.0601874691662534,208.903
2007-11-23,-1.2366863994454191,25.835,4.01,0.94,3.5711452652454234,208.903
2007-11-30,2.806973335680918,25.228,3.97,0.93,3.5711452652454234,208.903
2007-12-07,1.5879673291274043,22.348000000000003,4.12,1.0,3.5711452652454234,208.903
2007-12-14,-2.4397592927246303,22.526,4.24,0.93,4.39514129895886,210.565
2007-12-21,1.1246984103541855,21.578,4.18,0.99,4.39514129895886,210.565
2007-12-28,-0.402164481375078,19.565,4.11,0.99,4.39514129895886,210.565
2008-01-04,-4.522180453921343,23.025,3.88,1.14,4.39514129895886,210.565
2008-01-11,-0.7516123428138122,24.094,3.82,1.23,4.39514129895886,210.565
2008-01-18,-5.412490690202343,25.252,3.66,1.3,4.690133862171542,211.16
2008-01-25,0.4090012892461914,29.2225,3.61,1.38,4.122287968441807,211.16
2008-02-01,4.870702858631137,26.588,3.62,1.53,4.122287968441807,211.16
2008-02-08,-4.595749155322137,27.774,3.64,1.71,4.122287968441807,211.16
2008-02-15,1.4046489212105495,25.874,3.76,1.85,4.378698224852062,211.68
2008-02-22,0.2311124630372862,24.7925,3.79,1.81,4.790927021696234,212.516
2008-02-29,-1.661356483368892,23.538,3.53,1.88,4.608841611987025,212.516
2008-03-07,-2.800178083231064,26.288,3.56,2.03,4.608841611987025,212.516
2008-03-14,-0.404368470622829,28.282,3.44,1.97,4.635914803128682,212.571
2008-03-21,3.2116070183937584,28.6225,3.34,1.75,4.249507125832497,212.571
2008-03-28,-1.0748350112098182,25.824,3.47,1.8,4.249507125832497,212.571
2008-04-04,4.195499987841411,23.476,3.5,1.67,4.249507125832497,212.571
2008-04-11,-2.741540257592945,22.606,3.49,1.73,4.249507125832497,212.571
2008-04-18,4.314128725783295,21.526,3.77,1.58,3.9752176498688794,213.301
2008-04-25,0.5401602499406799,20.256,3.91,1.47,3.9752176498688794,213.301
2008-05-02,1.1489196894098883,19.546,3.89,1.42,3.9752176498688794,213.301
2008-05-09,-1.8120089592476465,19.130000000000003,3.77,1.52,3.9752176498688794,213.301
2008-05-16,2.6702066951029613,17.240000000000002,3.85,1.38,3.759241549716253,213.743
2008-05-23,-3.4672131561713004,18.156,3.85,1.39,3.759241549716253,213.743
2008-05-30,1.776976315469847,18.67,4.06,1.4,3.759241549716253,213.743
2008-06-06,-2.8349413040353437,20.612,3.94,1.54,3.759241549716253,213.743
2008-06-13,-0.0477720248995838,22.994,4.27,1.22,4.433516667556647,215.132
2008-06-20,-3.095518089972093,21.754,4.16,1.28,3.734563882982056,215.132
2008-06-27,-3.0009216890352186,22.714,3.99,1.34,3.734563882982056,215.132
2008-07-04,-1.2109060224364976,24.5775,3.99,1.45,3.734563882982056,215.132
2008-07-11,-1.8536727949268084,25.448,3.96,1.37,3.734563882982056,215.132
2008-07-18,1.7095792336778493,26.236,4.11,1.45,4.82961805706239,217.403
2008-07-25,-0.2316245058940236,22.378,4.13,1.43,4.62932660840103,217.403
2008-08-01,0.2027452620790626,22.596,3.97,1.46,4.62932660840103,217.403
2008-08-08,2.857224494065558,21.334,3.94,1.43,4.62932660840103,217.403
2008-08-15,0.1450263022021891,20.552,3.84,1.44,5.485022908404891,219.181
2008-08-22,-0.4621784182462729,20.262,3.87,1.45,5.361297517641872,219.181
2008-08-29,-0.725119600003854,20.26,3.83,1.47,5.361297517641872,219.181
2008-09-05,-3.158633556200652,22.6275,3.66,1.43,5.361297517641872,219.181
2008-09-12,0.7558413065377634,24.536,3.74,1.51,5.361297517641872,219.181
2008-09-19,0.2700331560808955,32.678,3.78,1.62,5.216605456957724,218.88
2008-09-26,-3.3312568113083363,34.464,3.85,1.74,5.3634866995927455,218.88
2008-10-03,-9.3993947947844,43.264,3.63,2.03,5.3634866995927455,218.88
2008-10-10,-18.19546530930076,59.426,3.89,2.27,5.3634866995927455,218.88
2008-10-17,4.596207650673811,65.58,3.98,2.34,5.331234535809526,218.813
2008-10-24,-6.781135409015371,64.532,3.76,2.19,5.051082134695517,218.813
2008-10-31,10.490776192133657,67.954,4.01,2.45,5.051082134695517,218.813
2008-11-07,-3.897807459677416,55.15,3.83,2.5,5.051082134695517,218.813
2008-11-14,-6.197704896108003,63.145,3.72,2.5,5.051082134695517,218.813
2008-11-21,-8.38896020494293,72.91600000000001,3.2,2.11,3.737141161208801,216.71
2008-11-28,12.02579370952568,59.09,2.93,1.93,3.737141161208801,216.71
2008-12-05,-2.250511373062214,63.15599999999999,2.67,1.74,3.737141161208801,216.71
2008-12-12,0.4177717664036739,56.638,2.6,1.82,3.737141161208801,216.71
2008-12-19,0.926423402067056,50.248000000000005,2.13,1.39,1.1849072732885269,213.06
2008-12-26,-1.6984296309087488,44.2925,2.16,1.27,1.1849072732885269,213.06
2009-01-02,6.75985344009824,41.18,2.46,1.58,1.1849072732885269,213.06
2009-01-09,-4.448380848899602,41.282,2.43,1.68,1.1849072732885269,213.06
2009-01-16,-4.518445731665766,47.072,2.36,1.63,0.4392942796761057,211.49
2009-01-23,-2.1373433179455503,49.4075,2.65,1.82,0.1562795984088039,211.49
2009-01-30,-0.7296120241787052,43.014,2.87,1.93,0.1562795984088039,211.49
2009-02-06,5.172660731650325,43.906,3.05,2.06,0.1562795984088039,211.49
2009-02-13,-4.807730820196998,43.804,2.89,1.92,0.1562795984088039,211.49
2009-02-20,-6.86832243456773,48.375,2.78,1.82,0.2333711262282767,212.174
2009-02-27,-4.539959936587801,46.758,3.02,2.02,-0.1609290594590473,212.174
2009-03-06,-7.034515512862938,50.128,2.83,1.92,-0.1609290594590473,212.174
2009-03-13,10.70707108597706,44.24,2.89,1.91,-0.1609290594590473,212.174
2009-03-20,1.5848245889676926,42.834,2.65,1.76,0.205107940405802,213.007
2009-03-27,6.167541802539267,41.962,2.78,1.88,0.205107940405802,213.007
2009-04-03,3.25514100045623,42.74,2.91,1.95,0.205107940405802,213.007
2009-04-10,1.6688424401891666,39.175,2.96,2.0,0.205107940405802,213.007
2009-04-17,1.5223659830614134,36.276,2.98,1.99,0.0672716410046625,212.714
2009-04-24,-0.387533947999108,37.678,3.03,2.04,-0.275197959690765,212.714
2009-05-01,1.3033535339414648,36.83,3.21,2.29,-0.275197959690765,212.714
2009-05-08,5.892738602718395,33.166,3.29,2.29,-0.275197959690765,212.714
2009-05-15,-4.987998295379603,32.562,3.14,2.26,-0.295357265085483,212.671
2009-05-22,0.4666540293586596,30.410000000000004,3.45,2.53,-0.5015368924362495,212.671
2009-05-29,3.623451482349216,30.8925,3.47,2.55,-0.5015368924362495,212.671
2009-06-05,2.279305859080072,30.098000000000003,3.84,2.52,-0.5015368924362495,212.671
2009-06-12,0.6510009618609036,28.552,3.81,2.51,-0.5015368924362495,212.671
2009-06-19,-2.6400102433736583,30.610000000000003,3.79,2.54,-1.0486584980384128,212.876
2009-06-26,-0.2529179579568108,28.618,3.52,2.42,-1.0486584980384128,212.876
2009-07-03,-2.446407759999858,26.4675,3.51,2.53,-1.0486584980384128,212.876
2009-07-10,-1.9287809684042532,29.99,3.32,2.41,-1.0486584980384128,212.876
2009-07-17,6.967115177483296,25.396,3.67,2.65,-0.3128311920123416,214.459
2009-07-24,4.134499317396445,23.652,3.7,2.65,-1.35416714580755,214.459
2009-07-31,0.8394063498102344,25.244,3.52,2.39,-1.35416714580755,214.459
2009-08-07,2.329161143001812,25.156,3.89,2.57,-1.35416714580755,214.459
2009-08-14,-0.6323681554103677,25.082,3.55,2.48,-1.3495673932742425,214.469
2009-08-21,2.1950201115299217,26.086,3.56,2.43,-2.149821380502881,214.469
2009-08-28,0.272874666445877,24.89,3.46,2.45,-2.149821380502881,214.469
2009-09-04,-1.2177727000668548,27.284,3.45,2.51,-2.149821380502881,214.469
2009-09-11,2.5905111592127605,24.41,3.34,2.44,-2.149821380502881,214.469
2009-09-18,2.452223378854046,23.708,3.49,2.46,-1.577119883040934,215.428
2009-09-25,-2.239075433119342,24.238,3.34,2.36,-1.577119883040934,215.428
2009-10-02,-1.835542987771344,26.526,3.24,2.36,-1.577119883040934,215.428
2009-10-09,4.514200120973699,24.904,3.4,2.42,-1.577119883040934,215.428
2009-10-16,1.510985975055279,22.25,3.43,2.46,-1.411275584795324,215.791
2009-10-23,-0.7428726947260378,21.514,3.51,2.47,-1.3810879609529536,215.791
2009-10-30,-4.020936936028308,26.5,3.41,2.51,-1.3810879609529536,215.791
2009-11-06,3.1953704720333542,27.186,3.54,2.68,-1.3810879609529536,215.791
2009-11-13,2.261285938135371,23.3975,3.43,2.61,-1.3810879609529536,215.791
2009-11-20,-0.1920451790107136,22.35,3.36,2.61,-1.1096232856365962,216.385
2009-11-27,0.0100776403333835,21.74,3.21,2.53,-0.1499700059988118,216.385
2009-12-04,1.327542200479881,22.252,3.48,2.64,-0.1499700059988118,216.385
2009-12-11,0.0388844028402113,22.472,3.55,2.72,-0.1499700059988118,216.385
2009-12-18,-0.3561124135577631,21.474,3.55,2.73,1.966582183422516,217.25
2009-12-25,2.177837982318209,19.8025,3.82,2.82,1.966582183422516,217.25
2010-01-01,-1.0102269973832123,20.395,3.85,2.71,1.966582183422516,217.25
2010-01-08,2.679580803246973,19.148,3.83,2.87,1.966582183422516,217.25
2010-01-15,-0.7816687911181619,17.838,3.7,2.81,2.103163428142296,217.541
2010-01-22,-3.8969057498110415,21.46,3.62,2.78,2.861128185729811,217.541
2010-01-29,-1.6386398556838544,24.29,3.63,2.81,2.861128185729811,217.541
2010-02-05,-0.7151753700036512,23.572,3.59,2.82,2.861128185729811,217.541
2010-02-12,0.8741470911911131,24.92,3.69,2.85,2.861128185729811,217.541
2010-02-19,3.129681162802256,21.155,3.78,2.83,2.882878623102747,217.587
2010-02-26,-0.4219419498826871,20.236,3.61,2.8,2.551207970816405,217.587
2010-03-05,3.097353641950207,18.658,3.69,2.78,2.551207970816405,217.587
2010-03-12,0.9914849869696596,17.984,3.71,2.74,2.551207970816405,217.587
2010-03-19,0.8617496033741734,17.238,3.7,2.68,2.5530932159454123,217.591
2010-03-26,0.5767687960545942,17.387999999999998,3.86,2.82,2.152041951672956,217.591
2010-04-02,0.9866371306846976,17.445,3.89,2.84,2.152041951672956,217.591
2010-04-09,1.3810389498699394,16.498,3.9,2.82,2.152041951672956,217.591
2010-04-16,-0.1875457557986681,16.324,3.79,2.81,2.216828554930128,217.729
2010-04-23,2.109671286776704,16.496000000000002,3.84,2.74,2.3576257322038163,217.729
2010-04-30,-2.5129869179152164,20.37,3.69,2.72,2.3576257322038163,217.729
2010-05-07,-6.3883524986822815,28.538,3.45,2.62,2.3576257322038163,217.729
2010-05-14,2.2324687382181407,28.12,3.44,2.65,2.3576257322038163,217.729
2010-05-21,-4.225671847266799,37.12,3.2,2.44,2.3077899666621216,217.579
2010-05-28,0.1581418295744763,33.94,3.31,2.55,2.3077899666621216,217.579
2010-06-04,-2.2516801321135094,32.6625,3.2,2.48,2.3077899666621216,217.579
2010-06-11,2.5092001521866747,32.672000000000004,3.24,2.49,2.3077899666621216,217.579
2010-06-18,2.373583250199296,25.874,3.24,2.5,2.1408654682584904,217.224
2010-06-25,-3.6464997757421846,27.422000000000004,3.12,2.47,2.04250361712921,217.224
2010-07-02,-5.031761226679887,32.13,3.0,2.37,2.04250361712921,217.224
2010-07-09,5.41570761428154,26.795,3.07,2.44,2.04250361712921,217.224
2010-07-16,-1.2133990619940915,25.054,2.96,2.35,1.903925289840092,216.929
2010-07-23,3.5478203293931365,24.728,3.02,2.42,1.1517352967233885,216.929
2010-07-30,-0.0961364845819101,23.56,2.94,2.39,1.1517352967233885,216.929
2010-08-06,1.8191756995855848,22.138,2.86,2.36,1.1517352967233885,216.929
2010-08-13,-3.779288728543096,24.374,2.68,2.14,1.4632167453918932,217.597
2010-08-20,-0.7004918780403102,25.39,2.62,2.13,1.45848584177668,217.597
2010-08-27,-0.6625027735747024,26.328,2.66,2.1,1.45848584177668,217.597
2010-09-03,3.74980464094008,24.33,2.72,2.2,1.45848584177668,217.597
2010-09-10,0.4563144759158311,22.9625,2.81,2.23,1.45848584177668,217.597
2010-09-17,1.445623566879961,21.72,2.75,2.27,1.7163319640600694,218.15
2010-09-24,2.050487195679618,22.388,2.62,2.17,1.263531203000534,218.15
2010-10-01,-0.2115536766843062,22.918,2.54,2.12,1.263531203000534,218.15
2010-10-08,1.6497447603290194,21.81,2.41,2.06,1.263531203000534,218.15
2010-10-15,0.9475103429482656,19.2275,2.59,2.22,1.3665818742224944,218.372
2010-10-22,0.5857909854423582,19.512,2.59,2.24,1.1960647107618128,218.372
2010-10-29,0.0152190652893846,20.572,2.63,2.29,1.1960647107618128,218.372
2010-11-05,3.599375071312383,19.948,2.58,2.2,1.1960647107618128,218.372
2010-11-12,-2.1731871908472256,19.1125,2.76,2.25,1.1960647107618128,218.372
2010-11-19,0.0433635099931439,20.266,2.88,2.36,1.4310142684356597,218.879
2010-11-26,-0.8610234155065011,20.195,2.87,2.36,1.1525752709291348,218.879
2010-12-03,2.968718328455755,20.766,3.03,2.54,1.1525752709291348,218.879
2010-12-10,1.2811248358388427,17.722,3.32,2.68,1.1525752709291348,218.879
2010-12-17,0.2829740161673255,17.32,3.33,2.72,1.2759664486909903,219.146
2010-12-24,1.0338356471288668,16.205,3.41,2.74,0.8727272727272695,219.146
2010-12-31,0.0692246873864821,17.548000000000002,3.3,2.69,0.8727272727272695,219.146
2011-01-07,1.1020630061168155,17.31,3.34,2.74,0.8727272727272695,219.146
2011-01-14,1.7097908167027054,16.503999999999998,3.35,2.76,1.3818181818181952,220.252
2011-01-21,-0.7647470479663299,17.409999999999997,3.44,2.81,1.246201865395502,220.252
2011-01-28,-0.5462274437200487,17.613999999999997,3.36,2.82,1.246201865395502,220.252
2011-02-04,2.7053943480240594,17.416,3.68,2.91,1.246201865395502,220.252
2011-02-11,1.3944959732822948,15.948,3.64,2.79,1.246201865395502,220.252
2011-02-18,1.042770574952412,16.412,3.59,2.81,1.766839759879213,221.062
2011-02-25,-1.7222511161215426,20.8675,3.42,2.7,1.5970623244955018,221.062
2011-03-04,0.0962223479825219,19.544,3.49,2.81,1.5970623244955018,221.062
2011-03-11,-1.276917443548431,20.532,3.4,2.76,1.5970623244955018,221.062
2011-03-18,-1.9221384822467933,25.132,3.28,2.67,2.152242551255368,222.27
2011-03-25,2.704019586063477,19.18,3.46,2.67,2.1503646750095307,222.27
2011-04-01,1.416500583034841,18.09,3.46,2.66,2.1503646750095307,222.27
2011-04-08,-0.3182196265119952,17.326,3.59,2.76,2.1503646750095307,222.27
2011-04-15,-0.6392246439436033,16.438,3.43,2.72,2.645949781609236,223.49
2011-04-22,1.341230484017908,15.6375,3.42,2.74,2.645949781609236,223.49
2011-04-29,1.9612959946300637,15.222,3.32,2.71,2.645949781609236,223.49
2011-05-06,-1.7167690491538878,17.274,3.19,2.62,2.645949781609236,223.49
2011-05-13,-0.1813111273806789,16.624000000000002,3.18,2.61,3.0790569928672795,224.433
2011-05-20,-0.3363806883321274,16.994,3.15,2.6,3.150120186231198,224.433
2011-05-27,-0.1627610246629163,17.046,3.07,2.59,3.150120186231198,224.433
2011-06-03,-2.3243889996039213,17.447499999999998,2.99,2.57,3.150120186231198,224.433
2011-06-10,-2.2443432303584143,18.396,2.99,2.58,3.150120186231198,224.433
2011-06-17,0.0409148483250021,20.754,2.94,2.56,3.320632965497583,224.804
2011-06-24,-0.2398780045713699,19.552,2.88,2.53,3.4894855080469966,224.804
2011-07-01,5.614734164926238,17.878,3.22,2.72,3.4894855080469966,224.804
2011-07-08,0.3082852304922445,16.075,3.03,2.63,3.4894855080469966,224.804
2011-07-15,-2.0583444838991327,19.7,2.94,2.57,3.2593083637167286,224.304
2011-07-22,2.194295786267597,18.866,2.99,2.59,3.3997298655320307,224.304
2011-07-29,-3.921130501295833,22.31,2.82,2.46,3.3997298655320307,224.304
2011-08-05,-7.1888462491066285,27.098000000000003,2.58,2.3,3.3997298655320307,224.304
2011-08-12,-1.7150482920608945,40.282,2.24,2.04,3.3997298655320307,224.304
2011-08-19,-4.6894772312021775,36.404,2.07,1.87,3.597476068144334,225.425
2011-08-26,4.74130803291366,37.992,2.19,1.99,3.597476068144334,225.425
2011-09-02,-0.2404892936415326,32.506,2.02,1.82,3.597476068144334,225.425
2011-09-09,-1.6814731830450569,35.805,1.93,1.76,3.597476068144334,225.425
2011-09-16,5.352488701756397,34.61,2.08,1.9,3.984889497557398,226.268
2011-09-23,-6.544350409584688,37.102,1.84,1.61,3.721292688517064,226.268
2011-09-30,-0.4408550926003007,39.922,1.92,1.67,3.721292688517064,226.268
2011-10-07,2.124756152309204,39.31,2.1,1.8,3.721292688517064,226.268
2011-10-14,5.982032909310497,30.765,2.26,1.98,3.721292688517064,226.268
2011-10-21,1.116304727814943,33.098,2.23,1.93,3.9304489586577054,226.955
2011-10-28,3.782755164168172,28.266,2.34,2.06,3.9304489586577054,226.955
2011-11-04,-2.4792027172374054,31.626,2.06,1.84,3.9304489586577054,226.955
2011-11-11,-1.0796126415531735,31.575,2.04,1.8,3.9304489586577054,226.955
2011-11-18,-1.9399796487108325,32.474000000000004,2.01,1.72,3.601990140671329,226.763
2011-11-25,-4.687202675475133,33.3325,1.97,1.69,3.601990140671329,226.763
2011-12-02,7.388642331690698,29.1,2.05,1.8,3.601990140671329,226.763
2011-12-09,0.8768052088355072,28.322000000000003,2.07,1.85,3.601990140671329,226.763
2011-12-16,-2.830639893971476,25.304,1.86,1.62,3.456143392989164,226.72
2011-12-23,3.744479657867639,22.292,2.03,1.75,3.456143392989164,226.72
2011-12-30,-0.6109063040641294,22.87,1.89,1.64,3.456143392989164,226.72
2012-01-06,1.6070358937782414,21.825,1.98,1.73,3.456143392989164,226.72
2012-01-13,0.8827530469572409,20.838,1.89,1.65,3.456143392989164,226.72
2012-01-20,2.039426243285547,20.31,2.05,1.79,2.9488949022029365,226.747
2012-01-27,0.0722187632736348,18.598000000000003,1.93,1.71,2.9488949022029365,226.747
2012-02-03,2.170433653656678,18.494,1.97,1.74,2.9488949022029365,226.747
2012-02-10,-0.1680429566955799,18.598,1.96,1.69,2.9488949022029365,226.747
2012-02-17,1.3845830317503305,19.344,2.01,1.72,3.3240078842433185,227.505
2012-02-24,0.3313187213281887,17.622500000000002,1.98,1.67,2.914566954067177,227.505
2012-03-02,0.2848283477274504,17.826,1.99,1.71,2.914566954067177,227.505
2012-03-09,0.0905346867368761,18.61,2.04,1.71,2.914566954067177,227.505
2012-03-16,2.42911792852234,15.128,2.31,1.94,3.334358686703265,228.433
2012-03-23,-0.5027922810483365,15.228,2.25,1.88,2.772753857920529,228.433
2012-03-30,0.8131060167538617,15.26,2.23,1.9,2.772753857920529,228.433
2012-04-06,-0.7376809491543956,16.11,2.19,1.84,2.772753857920529,228.433
2012-04-13,-1.9898680449985884,19.194,2.02,1.75,3.0719395330004007,229.098
2012-04-20,0.6035365165961926,18.49,1.99,1.7,2.509284531746392,229.098
2012-04-27,1.801190799401886,17.29,1.96,1.7,2.509284531746392,229.098
2012-05-04,-2.441284497437224,17.47,1.91,1.64,2.509284531746392,229.098
2012-05-11,-1.147466307621292,19.358,1.84,1.57,2.509284531746392,229.098
2012-05-18,-4.298099093070595,23.14,1.71,1.39,2.1137711477367427,229.177
2012-05-25,1.7448754726711702,22.024,1.75,1.45,2.1137711477367427,229.177
2012-06-01,-3.018614746163273,23.9725,1.47,1.22,2.1137711477367427,229.177
2012-06-08,3.7260174690707526,23.182,1.65,1.37,2.1137711477367427,229.177
2012-06-15,1.2959530496260196,22.542,1.6,1.31,1.82415241965308,228.527
2012-06-22,-0.5823438747807441,18.426,1.69,1.38,1.6561093218981693,228.527
2012-06-29,2.032929413145945,19.268,1.67,1.34,1.6561093218981693,228.527
2012-07-06,-0.5491264081356362,17.015,1.57,1.3,1.6561093218981693,228.527
2012-07-13,0.1550163509224988,17.944,1.52,1.27,1.6561093218981693,228.527
2012-07-20,0.4333793802861141,16.294,1.49,1.27,1.9232826877808584,228.618
2012-07-27,1.7106201061712234,18.532,1.58,1.33,1.9232826877808584,228.618
2012-08-03,0.3622026189141314,17.826,1.6,1.36,1.9232826877808584,228.618
2012-08-10,1.0697420533058777,15.456,1.65,1.38,1.9232826877808584,228.618
2012-08-17,0.8741945631662418,14.184,1.81,1.52,1.9700941579285256,228.723
2012-08-24,-0.4957148084448359,15.057999999999998,1.68,1.4,1.4630143063103065,228.723
2012-08-31,-0.3224400878998334,17.04,1.57,1.35,1.4630143063103065,228.723
2012-09-07,2.228105679717673,16.425,1.67,1.42,1.4630143063103065,228.723
2012-09-14,1.936823657421427,15.41,1.88,1.61,2.0747476987911684,230.102
2012-09-21,-0.3834158866876547,14.14,1.77,1.5,1.6944508282213944,230.102
2012-09-28,-1.3341081493709606,15.392,1.65,1.42,1.6944508282213944,230.102
2012-10-05,1.406290763854745,15.268,1.75,1.48,1.6944508282213944,230.102
2012-10-12,-2.213664357747813,16.0975,1.69,1.42,1.6944508282213944,230.102
2012-10-19,0.3219941127961201,15.53,1.79,1.49,2.2742941997984545,231.414
2012-10-26,-1.4827064707940596,17.942,1.78,1.48,1.9647066599105532,231.414
2012-11-02,0.1600641570755456,17.62666666666667,1.75,1.47,1.9647066599105532,231.414
2012-11-09,-2.428933444487358,18.436,1.61,1.34,1.9647066599105532,231.414
2012-11-16,-1.4472566624241123,17.2425,1.58,1.34,2.113194245555272,231.751
2012-11-23,3.6231152273980216,15.1925,1.7,1.41,2.1996533826065034,231.751
2012-11-30,0.4988843753381156,15.572,1.62,1.37,2.1996533826065034,231.751
2012-12-07,0.1334500209329236,16.54,1.64,1.39,2.1996533826065034,231.751
2012-12-14,-0.3166268523019488,16.226,1.72,1.48,1.8794953321308985,231.025
2012-12-21,1.172205950459437,16.956,1.77,1.51,1.898817925194085,231.025
2012-12-28,-1.9382561430561829,19.8775,1.73,1.46,1.898817925194085,231.025
2013-01-04,4.566353724574923,15.2725,1.93,1.66,1.898817925194085,231.025
2013-01-11,0.3805109028127251,13.614,1.89,1.63,1.898817925194085,231.025
2013-01-18,0.946294703207573,13.303999999999998,1.87,1.61,1.8785285815102304,230.979
2013-01-25,1.1426789520672775,12.6175,1.98,1.7,1.8663973503508344,230.979
2013-02-01,0.6793316703822105,13.675999999999998,2.04,1.77,1.8663973503508344,230.979
2013-02-08,0.3145720327118129,13.663999999999998,1.99,1.74,1.8663973503508344,230.979
2013-02-15,0.1225343254134259,12.736,2.01,1.72,1.8663973503508344,230.979
2013-02-22,-0.2757001538940984,14.095,1.97,1.7,1.8345350675893048,231.198
2013-03-01,0.1715476133425264,16.291999999999998,1.86,1.61,1.6232610272301828,231.198
2013-03-08,2.1723161375157174,13.334,2.06,1.79,1.6232610272301828,231.198
2013-03-15,0.613719692834036,11.652,2.01,1.76,2.3142348519812783,232.77
2013-03-22,-0.244117168106317,13.596,1.93,1.67,1.8985873319529167,232.77
2013-03-29,0.7900318353952551,13.09,1.87,1.62,1.8985873319529167,232.77
2013-04-05,-1.0138933273506123,13.675999999999998,1.72,1.48,1.8985873319529167,232.77
2013-04-12,2.2899892883554207,12.538,1.75,1.53,1.8985873319529167,232.77
2013-04-19,-2.114735569892079,16.054,1.73,1.49,1.4151149289823417,232.34
2013-04-26,1.7354116852194237,13.742,1.7,1.48,1.4151149289823417,232.34
2013-05-03,2.0338288698019014,13.632,1.78,1.56,1.4151149289823417,232.34
2013-05-10,1.194231160525372,12.774,1.9,1.64,1.4151149289823417,232.34
2013-05-17,2.067088237777459,12.73,1.95,1.69,1.0419121947812693,231.485
2013-05-24,-1.0716831745792854,13.654,2.01,1.75,1.0070818624905664,231.485
2013-05-31,-1.1433065973987633,15.035,2.16,1.86,1.0070818624905664,231.485
2013-06-07,0.7751091359831541,16.363999999999997,2.17,1.85,1.0070818624905664,231.485
2013-06-14,-1.013157295609779,16.932,2.14,1.85,1.0070818624905664,231.485
2013-06-21,-2.1085199860845227,17.887999999999998,2.52,2.14,1.4457810236864876,231.831
2013-06-28,0.8697383947045001,17.901999999999997,2.52,2.16,1.4457810236864876,231.831
2013-07-05,1.5943661680692722,15.975,2.73,2.33,1.4457810236864876,231.831
2013-07-12,2.959753802293963,14.238,2.61,2.24,1.4457810236864876,231.831
2013-07-19,0.7082547110181192,13.66,2.5,2.18,1.932813190563909,232.944
2013-07-26,-0.025999882697536,12.764,2.58,2.27,1.892239456210798,232.944
2013-08-02,1.0652333089695487,13.03,2.63,2.33,1.892239456210798,232.944
2013-08-09,-1.0674574351133503,12.736,2.57,2.25,1.892239456210798,232.944
2013-08-16,-2.104154318025553,13.452000000000002,2.84,2.48,2.0558311244084138,233.318
2013-08-23,0.4632144694125317,14.938,2.82,2.42,2.00898029494192,233.318
2013-08-30,-1.8352888065449324,16.413999999999998,2.78,2.39,2.00898029494192,233.318
2013-09-06,1.3594905993665307,16.0275,2.94,2.48,2.00898029494192,233.318
2013-09-13,1.9828745940104089,14.486,2.9,2.45,2.00898029494192,233.318
2013-09-20,1.2985885030200262,13.756,2.75,2.41,1.488035740671534,233.526
2013-09-27,-1.0620461788447,14.384,2.64,2.3,1.488035740671534,233.526
2013-10-04,-0.0738879858135033,16.630000000000003,2.66,2.33,1.488035740671534,233.526
2013-10-11,0.7512541361653247,18.31,2.7,2.35,1.488035740671534,233.526
2013-10-18,2.424850282534874,14.9725,2.6,2.27,1.488035740671534,233.526
2013-10-25,0.8753235615505783,13.24,2.53,2.21,0.9126500557442574,233.526
2013-11-01,0.1062636081097467,13.48,2.65,2.32,1.094575090530392,233.947
2013-11-08,0.5091829561395977,13.136,2.77,2.45,1.094575090530392,233.947
2013-11-15,1.5570943678994809,12.475,2.71,2.4,1.094575090530392,233.947
2013-11-22,0.3659230921346568,12.962,2.75,2.44,0.8875905605585155,233.808
2013-11-29,0.058182186132405,13.07,2.75,2.47,0.8875905605585155,233.808
2013-12-06,-0.0398764404933138,14.47,2.88,2.58,0.8875905605585155,233.808
2013-12-13,-1.6492263596247558,14.824000000000002,2.88,2.54,0.8875905605585155,233.808
2013-12-20,2.422098624525826,14.796,2.89,2.52,1.2388269667784837,233.887
2013-12-27,1.2693078669737456,12.5775,3.02,2.62,1.2388269667784837,233.887
2014-01-03,-0.5446958381607803,13.8175,3.01,2.6,1.2388269667784837,233.887
2014-01-10,0.6006432359014546,12.874,2.88,2.49,1.2388269667784837,233.887
2014-01-17,-0.199202329338799,12.562,2.84,2.44,1.5396602099339909,234.582
2014-01-24,-2.632833708323179,14.405,2.75,2.38,1.5598820672009015,234.582
2014-01-31,-0.4301019987923093,17.254,2.67,2.33,1.5598820672009015,234.582
2014-02-07,0.8094993233229042,18.604,2.71,2.41,1.5598820672009015,234.582
2014-02-14,2.315499265412546,14.356,2.75,2.43,1.5598820672009015,234.582
2014-02-21,-0.1294444709643571,14.71,2.73,2.4,1.6423160290217398,234.933
2014-02-28,1.2634418609598352,14.057999999999998,2.66,2.33,1.6154984039654208,234.933
2014-03-07,0.999762745908228,14.462,2.8,2.42,1.6154984039654208,234.933
2014-03-14,-1.9653486300597045,15.502,2.65,2.29,1.6154984039654208,234.933
2014-03-21,1.3790451831810602,14.96,2.75,2.3,1.0306310950723985,235.169
2014-03-28,-0.4768244819735479,14.614,2.73,2.28,1.0306310950723985,235.169
2014-04-04,0.4021258773462932,13.48,2.74,2.31,1.0306310950723985,235.169
2014-04-11,-2.6486671055749977,15.44,2.63,2.26,1.0306310950723985,235.169
2014-04-18,2.707512613172991,14.815,2.73,2.3,1.420332271670821,235.64
2014-04-25,-0.0777516256458832,13.418,2.68,2.25,1.420332271670821,235.64
2014-05-02,0.952022646879236,13.45,2.6,2.18,1.420332271670821,235.64
2014-05-09,-0.1414054328212621,13.368,2.62,2.22,1.420332271670821,235.64
2014-05-16,-0.0330051490371907,12.428,2.52,2.14,1.684600154945337,236.254
2014-05-23,1.2072275953560083,12.136,2.54,2.17,2.0601766853143744,236.254
2014-05-30,1.212289026588631,11.54,2.48,2.11,2.0601766853143744,236.254
2014-06-06,1.344894952590403,11.588,2.6,2.19,2.0601766853143744,236.254
2014-06-13,-0.6812165352979682,11.696000000000002,2.6,2.15,2.0601766853143744,236.254
2014-06-20,1.3795327073165442,11.358,2.63,2.13,2.265443361759223,237.083
2014-06-27,-0.0973082366350741,11.518,2.54,2.09,2.265443361759223,237.083
2014-07-04,1.2483671750771697,10.965,2.65,2.13,2.265443361759223,237.083
2014-07-11,-0.900052161967213,11.926,2.53,2.05,2.265443361759223,237.083
2014-07-18,0.541278058965533,12.276,2.5,1.99,1.7768218971083272,237.083
2014-07-25,0.0060658126479706,12.22,2.48,1.95,2.038687409849582,237.693
2014-08-01,-2.688614814703749,14.63,2.52,2.05,2.038687409849582,237.693
2014-08-08,0.3345163402634021,16.157999999999998,2.44,1.99,2.038687409849582,237.693
2014-08-15,1.2150659916826625,13.366,2.34,1.92,2.038687409849582,237.693
2014-08-22,1.705316707472071,11.908,2.4,1.87,1.9677007346196929,237.909
2014-08-29,0.7528651438000411,11.828,2.35,1.87,1.9677007346196929,237.909
2014-09-05,0.2166332644938373,12.335,2.46,1.94,1.9677007346196929,237.909
2014-09-12,-1.1042392729200712,13.03,2.62,2.04,1.9677007346196929,237.909
2014-09-19,1.252051576018598,12.728,2.59,2.0,1.6709060233121686,237.428
2014-09-26,-1.3703764670493612,14.476,2.54,1.95,1.6709060233121686,237.428
2014-10-03,-0.753962798797081,15.942000000000002,2.45,1.88,1.6709060233121686,237.428
2014-10-10,-3.1388799616302587,17.554,2.31,1.86,1.6709060233121686,237.428
2014-10-17,-1.016194859089814,24.0575,2.22,1.83,1.6709060233121686,237.428
2014-10-24,4.124528073855527,17.032,2.29,1.88,1.7586906811233094,237.633
2014-10-31,2.721706113749489,14.826,2.35,1.85,1.7586906811233094,237.633
2014-11-07,0.6872968846952876,14.116,2.32,1.81,1.575570535206694,237.633
2014-11-14,0.3887900199267102,13.1975,2.32,1.78,1.575570535206694,237.633
2014-11-21,1.1608894085979091,13.658,2.31,1.78,1.579417560387597,237.642
2014-11-28,0.1967559289435483,12.5675,2.18,1.71,1.639807021145567,237.642
2014-12-05,0.3777427679204637,12.762,2.31,1.66,1.639807021145567,237.642
2014-12-12,-3.5193800145776,17.758,2.1,1.54,1.639807021145567,237.642
2014-12-19,3.412022383347724,19.346,2.17,1.5,1.3446664414866971,237.032
2014-12-26,0.8750932336263118,14.73,2.25,1.52,1.3446664414866971,237.032
2015-01-02,-1.4635440030987934,16.9925,2.12,1.46,1.3446664414866971,237.032
2015-01-09,-0.6505632540949824,18.982,1.98,1.39,1.3446664414866971,237.032
2015-01-16,-1.2416808368938992,20.996,1.83,1.34,0.9671337013173132,236.149
2015-01-23,1.604422245446413,17.95,1.81,1.29,0.6679966919883151,236.149
2015-01-30,-2.7697398520154404,18.582,1.68,1.21,0.6679966919883151,236.149
2015-02-06,3.03159317915398,17.845999999999997,1.95,1.3,0.6679966919883151,236.149
2015-02-13,2.019976945566704,16.554,2.02,1.36,0.6679966919883151,236.149
2015-02-20,0.6347220852619406,15.21,2.13,1.46,0.7203935309513465,236.284
2015-02-27,-0.2748447469043902,13.868,2.0,1.37,-0.1089672374677053,234.677
2015-03-06,-1.5794720947671648,14.074000000000002,2.24,1.51,-0.1089672374677053,234.677
2015-03-13,-0.8622822503050243,16.008000000000003,2.13,1.45,-0.1089672374677053,234.677
2015-03-20,2.663884187881038,14.466,1.93,1.33,-0.2092112480811758,234.677
2015-03-27,-2.233294243349393,14.668,1.95,1.37,0.0072288439377565,235.186
2015-04-03,0.2882039645399015,14.895,1.92,1.37,0.0072288439377565,235.186
2015-04-10,1.698150826314504,13.834,1.96,1.39,0.0072288439377565,235.186
2015-04-17,-0.993317334952526,13.388,1.87,1.36,0.242804111086059,235.74
2015-04-24,1.754293764347592,12.806,1.93,1.39,0.0424376167034612,235.74
2015-05-01,-0.4438752888209829,13.234,2.12,1.52,0.0424376167034612,235.74
2015-05-08,0.3704451687882137,14.06,2.16,1.57,0.0424376167034612,235.74
2015-05-15,0.3133066729614109,13.318,2.14,1.59,0.0424376167034612,235.74
2015-05-22,0.1568771419653059,12.54,2.21,1.57,-0.1151303258357439,235.982
2015-05-29,-0.8781579777183746,13.62,2.12,1.51,-0.1151303258357439,235.982
2015-06-05,-0.6908932468738804,14.158,2.41,1.68,-0.1151303258357439,235.982
2015-06-12,0.0611626003589327,13.922,2.39,1.65,-0.1151303258357439,235.982
2015-06-19,0.7583117409260876,14.37,2.26,1.61,-0.0219332470063227,237.031
2015-06-26,-0.402845512980643,13.228,2.49,1.77,-0.0219332470063227,237.031
2015-07-03,-1.1758305322569829,17.490000000000002,2.4,1.76,-0.0219332470063227,237.031
2015-07-10,-0.0077000022688511,17.912,2.42,1.77,-0.0219332470063227,237.031
2015-07-17,2.408710913307055,12.912,2.34,1.66,0.2965206277970145,237.786
2015-07-24,-2.209588487377101,12.594,2.27,1.57,0.0391260996327247,237.786
2015-07-31,1.1631854726900317,13.157999999999998,2.2,1.53,0.0391260996327247,237.786
2015-08-07,-1.2486699765089648,13.046,2.18,1.45,0.0391260996327247,237.786
2015-08-14,0.6724187509187907,13.174,2.2,1.47,0.0391260996327247,237.786
2015-08-21,-5.76847787566821,17.846,2.05,1.41,0.0798624684227977,238.099
2015-08-28,0.9122772115701894,31.846000000000004,2.19,1.47,0.0798624684227977,238.099
2015-09-04,-3.40143018800364,27.866,2.13,1.42,0.0798624684227977,238.099
2015-09-11,2.0731659431180605,24.675,2.2,1.49,0.0798624684227977,238.099
2015-09-18,-0.1540001252418155,22.312,2.13,1.44,0.0092472331858051,237.931
2015-09-25,-1.3631079747100094,22.36,2.17,1.47,0.2118536988055419,237.931
2015-10-02,1.036587026911473,24.49,1.99,1.41,0.2118536988055419,237.931
2015-10-09,3.255679616973861,18.368,2.12,1.47,0.2118536988055419,237.931
2015-10-16,0.9042662661814748,16.700000000000003,2.04,1.43,0.0581228835689229,237.566
2015-10-23,2.067764031217334,15.268,2.09,1.43,0.0581228835689229,237.566
2015-10-30,0.2028867925815802,14.946000000000002,2.16,1.41,-0.0281947372629209,237.566
2015-11-06,0.9541321716803886,14.716,2.34,1.44,-0.0281947372629209,237.566
2015-11-13,-3.628044678014541,17.564999999999998,2.28,1.42,-0.0281947372629209,237.566
2015-11-20,3.2688370736915884,17.262,2.26,1.33,0.1721141423960404,238.042
2015-11-27,0.0450028280146508,15.465,2.22,1.3,0.1683204147415073,238.042
2015-12-04,0.0755861606891006,15.925999999999998,2.28,1.32,0.1683204147415073,238.042
2015-12-11,-3.792146470606228,19.356,2.13,1.25,0.1683204147415073,238.042
2015-12-18,-0.3389012112887002,20.236,2.19,1.22,0.1973556862844061,238.111
2015-12-25,2.764325998179129,16.6525,2.25,1.22,0.4552127982719645,238.111
2016-01-01,-0.8272747033665206,17.1225,2.27,1.21,0.4552127982719645,238.111
2016-01-08,-5.964456667229657,22.526,2.13,1.19,0.4552127982719645,238.111
2016-01-15,-2.1695848975597065,24.592,2.03,1.18,0.4552127982719645,238.111
2016-01-22,1.4130535055200788,25.6675,2.07,1.19,0.7190375567967644,237.847
2016-01-29,1.7483856202978876,22.476,1.94,1.18,0.7190375567967644,237.847
2016-02-05,-3.1021905387579984,21.766,1.86,1.12,0.7190375567967644,237.847
2016-02-12,-0.8122134589325536,26.474,1.74,1.03,0.7190375567967644,237.847
2016-02-19,2.842158279654239,22.1475,1.76,1.0,0.8291375360471642,238.107
2016-02-26,1.5783885048770818,20.0,1.76,0.96,0.7715291767534049,238.107
2016-03-04,2.666252924943846,17.78,1.88,1.0,1.4615833677778411,238.107
2016-03-11,1.1100031140292677,17.782,1.98,1.01,1.4615833677778411,238.107
2016-03-18,1.3544789318703954,15.442000000000002,1.88,1.04,1.2911363278037546,237.707
2016-03-25,-0.6655088456572145,14.41,1.91,1.02,1.2911363278037546,237.707
2016-04-01,1.8094879490982985,13.934,1.79,1.03,1.071917546112422,237.707
2016-04-08,-1.2147962328389994,15.03,1.72,1.02,1.071917546112422,237.707
2016-04-15,1.6179920530294156,14.458000000000002,1.76,1.02,1.162484161472177,237.92
2016-04-22,0.5214563041863629,13.407999999999998,1.89,1.05,0.9247476032917534,237.92
2016-04-29,-1.256467757162505,14.546,1.83,1.06,0.9247476032917534,237.92
2016-05-06,-0.3951075416199323,15.392,1.79,1.05,0.9247476032917534,237.92
2016-05-13,-0.5118712278417648,14.468,1.71,0.95,0.9247476032917534,237.92
2016-05-20,0.2790020105775781,15.545999999999998,1.85,0.96,1.3362178671417535,238.89
2016-05-27,2.277422072461577,14.138,1.85,0.95,1.2322973786136115,238.89
2016-06-03,0.003326451687946,13.8725,1.71,0.93,1.2322973786136115,238.89
2016-06-10,-0.1457658469911082,14.69,1.64,0.91,1.2322973786136115,238.89
2016-06-17,-1.1855566295882691,20.078,1.62,0.92,1.4526531684619923,239.41
2016-06-24,-1.6323682178460253,20.206,1.57,0.93,1.0036661871231978,239.41
2016-07-01,3.216825081485153,17.928,1.46,0.87,1.0036661871231978,239.41
2016-07-08,1.2815307923451646,14.625,1.37,0.76,1.0036661871231978,239.41
2016-07-15,1.4949100591810982,13.124,1.6,0.89,1.22178111723783,239.927
2016-07-22,0.6147843460609259,12.188,1.57,0.86,0.9003894257862077,239.927
2016-07-29,-0.0657430757904142,12.668,1.46,0.79,0.9003894257862077,239.927
2016-08-05,0.4264822927292577,12.496,1.59,0.87,0.9003894257862077,239.927
2016-08-12,0.0540541386926607,11.688,1.51,0.8,0.9003894257862077,239.927
2016-08-19,-0.0082384394405998,11.882,1.58,0.82,0.8587553514504576,239.828
2016-08-26,-0.6790732657718235,13.076,1.62,0.78,0.7261685265372853,239.828
2016-09-02,0.5043678866794243,12.988,1.6,0.8,0.7261685265372853,239.828
2016-09-09,-2.393137659171629,13.4925,1.67,0.88,0.7261685265372853,239.828
2016-09-16,0.533405388783903,16.564,1.7,0.93,0.9265053612153018,240.305
2016-09-23,1.1934605333782766,13.812,1.62,0.85,0.9977682605461168,240.305
2016-09-30,0.1653852617190088,13.46,1.6,0.83,0.9977682605461168,240.305
2016-10-07,-0.6701208413155246,13.302,1.73,0.9,0.9977682605461168,240.305
2016-10-14,-0.9639051073832672,16.02,1.8,0.96,0.9977682605461168,240.305
2016-10-21,0.3834978159910962,14.598,1.74,0.9,1.446334913245173,241.002
2016-10-28,-0.688878953719485,14.454000000000002,1.86,1.0,1.446334913245173,241.002
2016-11-04,-1.938947906231792,19.906,1.79,0.99,1.446334913245173,241.002
2016-11-11,3.946903937607482,16.6425,2.15,1.23,1.446334913245173,241.002
2016-11-18,0.6652851239660196,13.553999999999998,2.34,1.27,1.6051789180060672,241.863
2016-11-25,1.441413296673999,12.4,2.36,1.24,1.6051789180060672,241.863
2016-12-02,-0.9668667648663364,13.514,2.4,1.29,1.6051789180060672,241.863
2016-12-09,3.083103156113109,12.108,2.47,1.32,1.6051789180060672,241.863
2016-12-16,-0.0646134779609175,12.708,2.6,1.32,1.7794222022502248,242.348
2016-12-23,0.253312365425451,11.46,2.55,1.33,1.7794222022502248,242.348
2016-12-30,-1.1025740243930326,13.0875,2.45,1.25,1.7794222022502248,242.348
2017-01-06,1.7040106221772875,11.9225,2.42,1.2,1.7794222022502248,242.348
2017-01-13,-0.1027715619240199,11.416,2.4,1.19,1.7794222022502248,242.348
2017-01-20,-0.1463895008277926,12.1675,2.48,1.28,2.066683185573126,243.032
2017-01-27,1.0293567240650336,10.972,2.49,1.27,2.179972839682653,243.032
2017-02-03,0.1189694703188193,11.716,2.49,1.28,2.179972839682653,243.032
2017-02-10,0.8130936623029106,11.168,2.41,1.21,2.179972839682653,243.032
2017-02-17,1.5137434901282276,11.406,2.42,1.21,2.653386420682202,244.158
2017-02-24,0.6881784474937591,11.6225,2.31,1.19,2.541294460053667,244.158
2017-03-03,0.6665721320562534,12.064,2.49,1.17,2.541294460053667,244.158
2017-03-10,-0.4414389125994011,11.702,2.58,1.22,2.541294460053667,244.158
2017-03-17,0.2381312531062995,11.554,2.5,1.17,2.66644827745508,244.456
2017-03-24,-1.440976328445287,12.54,2.4,1.14,2.8392096151985458,244.456
2017-03-31,0.7994944662721659,11.872,2.4,1.13,2.8392096151985458,244.456
2017-04-07,-0.3038841559581118,12.464,2.38,1.09,2.8392096151985458,244.456
2017-04-14,-1.128831921753615,15.2125,2.24,1.03,2.8392096151985458,244.456
2017-04-21,0.8475918610634903,14.558000000000002,2.24,1.04,2.451244115669149,243.752
2017-04-28,1.5119070908254484,10.726,2.29,1.01,2.451244115669149,243.752
2017-05-05,0.6329204009591471,10.482,2.36,1.04,2.451244115669149,243.752
2017-05-12,-0.3496924749468166,10.188,2.33,1.04,2.6218897108271744,244.158
2017-05-19,-0.383534328058277,12.672,2.23,0.95,2.205199045585826,244.158
2017-05-26,1.4313162352650677,10.294,2.25,0.95,2.205199045585826,244.158
2017-06-02,0.962406112297498,10.1075,2.15,0.87,2.205199045585826,244.158
2017-06-09,-0.2992963967220263,10.354,2.21,0.86,2.205199045585826,244.158
2017-06-16,0.05674396844344,10.760000000000002,2.16,0.84,2.0745950018837167,243.846
2017-06-23,0.2116658114411418,10.496,2.15,0.81,1.852888350528392,243.846
2017-06-30,-0.6106769643016818,10.722,2.31,0.93,1.852888350528392,243.846
2017-07-07,0.0730383878684959,11.505,2.39,0.99,1.852888350528392,243.846
2017-07-14,1.405672521278167,10.342,2.33,0.98,1.8294975147236991,243.79
2017-07-21,0.5395918067500061,9.688,2.24,0.88,1.6100730638902716,243.79
2017-07-28,-0.0177930953310978,9.772,2.3,0.96,1.6100730638902716,243.79
2017-08-04,0.1913345043444758,10.22,2.27,0.91,1.6100730638902716,243.79
2017-08-11,-1.433687764019187,12.71,2.19,0.89,1.7176057717555704,244.048
2017-08-18,-0.6459628024869324,13.184,2.19,0.86,1.759594375969442,244.048
2017-08-25,0.721485834046387,12.06,2.17,0.82,1.759594375969442,244.048
2017-09-01,1.3712367462987096,10.992,2.16,0.81,1.759594375969442,244.048
2017-09-08,-0.6105314606766998,11.8825,2.06,0.79,1.759594375969442,244.048
2017-09-15,1.576321484083998,10.484,2.2,0.81,2.1690544890504926,245.03
2017-09-22,0.0795922875063581,9.874,2.26,0.8,1.9662512224048576,245.03
2017-09-29,0.6849971992643589,9.862,2.33,0.86,1.9662512224048576,245.03
2017-10-06,1.189586618238314,9.486,2.37,0.83,1.9662512224048576,245.03
2017-10-13,0.1506216783361491,9.8625,2.28,0.77,2.525124321175176,246.373
2017-10-20,0.8632421553170344,10.062,2.39,0.79,2.228612210687042,246.373
2017-10-27,0.2275584325458934,10.912,2.42,0.83,2.228612210687042,246.373
2017-11-03,0.2622950695621018,9.99,2.34,0.71,2.228612210687042,246.373
2017-11-10,-0.2140796523101951,10.172,2.4,0.73,2.228612210687042,246.373
2017-11-17,-0.1335999344243776,11.882,2.35,0.62,2.3389847387158547,246.639
2017-11-24,0.9139664317895368,9.9825,2.34,0.59,1.9746716116148424,246.639
2017-12-01,1.529347684959692,10.662,2.37,0.59,1.9746716116148424,246.639
2017-12-08,0.3512209202780836,10.754,2.38,0.58,1.9746716116148424,246.639
2017-12-15,0.9168417346313352,9.87,2.35,0.51,2.3686963280865614,247.592
2017-12-22,0.2814112037844873,9.76,2.48,0.57,2.1638305247000167,247.592
2017-12-29,-0.3626070550154847,10.485,2.4,0.51,2.1638305247000167,247.592
2018-01-05,2.600969929341379,9.34,2.47,0.51,2.1638305247000167,247.592
2018-01-12,1.5708251252988026,9.892,2.55,0.56,2.3169161701354968,247.963
2018-01-19,0.8635314502009495,11.765,2.64,0.58,2.028950920043449,247.963
2018-01-26,2.226455085657708,11.252,2.66,0.53,2.028950920043449,247.963
2018-02-02,-3.854689904443476,14.589999999999998,2.84,0.69,2.028950920043449,247.963
2018-02-09,-5.161952552325133,31.51,2.83,0.78,2.028950920043449,247.963
2018-02-16,4.301117358891604,21.686,2.87,0.66,2.083486922402722,249.245
2018-02-23,0.551934993766956,18.9575,2.88,0.63,2.083486922402722,249.245
2018-03-02,-2.0401866498722443,19.26,2.86,0.61,2.083486922402722,249.245
2018-03-09,3.541851123432416,17.206,2.9,0.63,2.083486922402722,249.245
2018-03-16,-1.2402364823396517,16.35,2.85,0.54,2.112036521909877,249.619
2018-03-23,-5.950196380788086,20.658,2.82,0.54,2.112036521909877,249.619
2018-03-30,2.032643831121095,21.5925,2.74,0.47,2.112036521909877,249.619
2018-04-06,-1.3783391408563772,21.042,2.77,0.5,2.112036521909877,249.619
2018-04-13,1.9900432221534592,19.676,2.82,0.45,2.047812285237427,249.462
2018-04-20,0.5210195947594753,16.05,2.96,0.5,2.342544881683017,249.462
2018-04-27,-0.0086130494282077,16.77,2.96,0.47,2.342544881683017,249.462
2018-05-04,-0.2430789969706359,15.612,2.95,0.44,2.342544881683017,249.462
2018-05-11,2.414191179544045,13.752,2.97,0.43,2.5685943089697627,250.013
2018-05-18,-0.540744657018366,13.566,3.06,0.51,2.398037336478853,250.013
2018-05-25,0.308153334248229,12.925999999999998,2.93,0.45,2.398037336478853,250.013
2018-06-01,0.4883655668722397,15.2125,2.89,0.42,2.398037336478853,250.013
2018-06-08,1.6239883496158125,12.218,2.93,0.43,2.398037336478853,250.013
2018-06-15,0.0226655633749794,12.346,2.93,0.38,2.7431247590692376,250.535
2018-06-22,-0.891477018066944,13.372,2.9,0.34,2.7431247590692376,250.535
2018-06-29,-1.325276134643183,16.82,2.85,0.33,2.7431247590692376,250.535
2018-07-06,1.5248089621717975,15.02,2.82,0.29,2.7431247590692376,250.535
2018-07-13,1.5033585236243097,12.744,2.83,0.24,2.875175315568024,250.857
2018-07-20,0.0185634406892898,12.544,2.89,0.29,2.8988063497272343,250.857
2018-07-27,0.6063890300494146,12.498,2.96,0.29,2.8988063497272343,250.857
2018-08-03,0.7637958001840861,12.813999999999998,2.95,0.32,2.8988063497272343,250.857
2018-08-10,-0.2489153842411551,11.496,2.87,0.26,3.0747774724147803,251.286
2018-08-17,0.5947119007437607,13.764,2.87,0.26,2.9658100045892644,251.286
2018-08-24,0.8617171709211391,12.4,2.82,0.19,2.9658100045892644,251.286
2018-08-31,0.9333207640429996,12.66,2.86,0.24,2.9658100045892644,251.286
2018-09-07,-1.0284295021147472,14.15,2.94,0.23,2.9658100045892644,251.286
2018-09-14,1.159601683363798,12.992,2.99,0.21,3.195273061037174,251.846
2018-09-21,0.8499177816112091,12.34,3.07,0.26,2.781700199975523,251.846
2018-09-28,-0.5355532133192842,12.408,3.05,0.24,2.781700199975523,251.846
2018-10-05,-0.9749522062538318,12.94,3.23,0.35,2.781700199975523,251.846
2018-10-12,-4.10456799665293,21.3,3.15,0.3,2.8421009672285003,251.994
2018-10-19,0.0234953367535428,19.254,3.2,0.28,2.2815000020294463,251.994
2018-10-26,-3.941429114160422,22.792,3.08,0.27,2.2815000020294463,251.994
2018-11-02,2.4211216277988834,21.626,3.22,0.31,2.2815000020294463,251.994
2018-11-09,2.128118731314421,18.062,3.19,0.25,2.2815000020294463,251.994
2018-11-16,-1.6087676807084006,19.8475,3.08,0.27,2.619605232716249,252.827
2018-11-23,-3.790194688288351,21.225,3.05,0.24,2.5089300556683902,252.827
2018-11-30,4.847367598117258,18.654,3.01,0.21,2.5089300556683902,252.827
2018-12-07,-4.604421008387305,20.4,2.85,0.13,2.5089300556683902,252.827
2018-12-14,-1.2582270941306373,21.628,2.89,0.16,2.5287971488693994,252.876
2018-12-21,-7.0512831949608445,26.834,2.79,0.16,2.134156192445636,252.876
2018-12-28,2.8601877703194,31.195,2.72,0.2,2.134156192445636,252.876
2019-01-04,1.8585995057157636,23.8675,2.67,0.17,2.134156192445636,252.876
2019-01-11,2.5403473165975354,19.908,2.71,0.16,2.0763998836796027,252.733
2019-01-18,2.867584559783598,18.514,2.79,0.17,1.9236740965385968,252.733
2019-01-25,-0.2227853738856144,19.1575,2.76,0.16,1.9236740965385968,252.733
2019-02-01,1.5674964866694951,17.674,2.7,0.18,1.9236740965385968,252.733
2019-02-08,0.0498739530326197,15.754,2.63,0.18,1.9236740965385968,252.733
2019-02-15,2.5008574151898166,15.636,2.66,0.14,1.899476938091582,252.673
2019-02-22,0.6149958069667116,14.2175,2.65,0.17,1.375353567774673,252.673
2019-03-01,0.3946051570552722,14.614,2.76,0.21,1.375353567774673,252.673
2019-03-08,-2.162146111508667,15.55,2.62,0.17,1.375353567774673,252.673
2019-03-15,2.8949283150054628,13.578,2.59,0.16,1.5518866978274426,253.113
2019-03-22,-0.7713081999481397,14.136,2.44,0.13,1.399733193386732,253.113
2019-03-29,1.2029071869681385,14.86,2.41,0.14,1.399733193386732,253.113
2019-04-05,2.058287111934476,13.38,2.5,0.15,1.399733193386732,253.113
2019-04-12,0.5071289477977414,13.157999999999998,2.56,0.16,1.814365092400827,254.148
2019-04-19,-0.0818557714406864,12.2975,2.57,0.19,1.878442408062142,254.148
2019-04-26,1.199638322639296,12.764,2.51,0.23,1.878442408062142,254.148
2019-05-03,0.1959267043289747,13.663999999999998,2.54,0.21,1.878442408062142,254.148
2019-05-10,-2.1808500895250327,17.86,2.47,0.21,2.203141159775845,254.958
2019-05-17,-0.7590016585023784,17.259999999999998,2.39,0.19,1.97789714934824,254.958
2019-05-24,-1.1704710340585178,15.756,2.32,0.16,1.97789714934824,254.958
2019-05-31,-2.618486460504399,17.8525,2.14,0.19,1.97789714934824,254.958
2019-06-07,4.406881634656146,16.830000000000002,2.09,0.24,1.97789714934824,254.958
2019-06-14,0.4747051222933507,15.788,2.09,0.25,2.0566930519613003,255.155
2019-06-21,2.19883687792124,14.996,2.07,0.3,1.8440537250284492,255.155
2019-06-28,-0.2948676235928538,15.73,2.0,0.25,1.8440537250284492,255.155
2019-07-05,1.65376856651287,13.21,2.04,0.17,1.8440537250284492,255.155
2019-07-12,0.7811674020768988,13.28,2.12,0.28,1.9039255992176816,255.305
2019-07-19,-1.23300423949253,13.498,2.05,0.25,1.773121738679806,255.305
2019-07-26,1.654566712556682,12.622,2.08,0.22,1.773121738679806,255.305
2019-08-02,-3.1002774504892416,15.674,1.86,0.14,1.773121738679806,255.305
2019-08-09,-0.4570231156091897,19.826,1.74,0.11,1.773121738679806,255.305
2019-08-16,-1.0268436333887965,20.072,1.55,0.07,1.9400205343711896,256.161
2019-08-23,-1.4390595428528608,17.346,1.52,0.01,1.9400205343711896,256.161
2019-08-30,2.787031429124398,19.168,1.5,0.0,1.9400205343711896,256.161
2019-09-06,1.7854336193706688,17.064999999999998,1.55,0.02,1.9400205343711896,256.161
2019-09-13,0.9628306218709026,14.608,1.9,0.11,1.9953359916589088,256.3
2019-09-20,-0.5094059887797542,14.486,1.74,0.05,1.768541092572451,256.3
2019-09-27,-1.0120093649236717,16.242,1.69,0.06,1.768541092572451,256.3
2019-10-04,-0.3302067049955615,18.304,1.52,0.12,1.768541092572451,256.3
2019-10-11,0.6185619190049785,17.986,1.76,0.13,1.7915710394447393,256.358
2019-10-18,0.5363125754856091,13.815,1.76,0.18,1.7317872647761412,256.358
2019-10-25,1.217269380839192,13.766,1.8,0.17,1.7317872647761412,256.358
2019-11-01,1.4676303970036386,12.832,1.73,0.17,1.7317872647761412,256.358
2019-11-08,0.8533072951472986,12.67,1.94,0.26,1.7317872647761412,256.358
2019-11-15,0.8851979942626542,12.695,1.84,0.23,2.094097478511392,257.271
2019-11-22,-0.3259109875566102,12.714,1.77,0.16,1.7577236608431912,257.271
2019-11-29,0.986722814297436,11.945,1.78,0.17,1.7577236608431912,257.271
2019-12-06,0.1569552073327429,14.762,1.84,0.23,1.7577236608431912,257.271
2019-12-13,0.7276157728052013,14.62,1.82,0.21,2.0207493661673626,257.936
2019-12-20,1.6542514853338908,12.404,1.92,0.29,2.000980717822154,257.936
2019-12-27,0.5836313259917292,12.84,1.88,0.29,2.000980717822154,257.936
2020-01-03,-0.1595645040411764,13.7725,1.8,0.27,2.000980717822154,257.936
2020-01-10,0.9428566727743616,13.238,1.83,0.27,2.000980717822154,257.936
2020-01-17,1.9682428410166648,12.31,1.84,0.26,2.282250438209488,258.501
2020-01-24,-1.025646929152424,13.325,1.7,0.21,2.282250438209488,258.501
2020-01-31,-2.122609272538767,17.046,1.51,0.18,2.282250438209488,258.501
2020-02-07,3.168169497862894,15.919999999999998,1.59,0.18,2.282250438209488,258.501
2020-02-14,1.576157531382294,14.358,1.59,0.17,2.412522801644479,258.82
2020-02-21,-1.254671767375326,15.4625,1.46,0.12,2.4327886240318453,258.82
2020-02-28,-11.490675733559286,31.942,1.13,0.27,2.4327886240318453,258.82
2020-03-06,0.6143803326891462,36.758,0.74,0.25,2.4327886240318453,258.82
2020-03-13,-8.792649883842296,57.792,0.94,0.45,2.345592679949271,259.05
2020-03-20,-14.979605267779128,74.61800000000001,0.92,0.55,2.345592679949271,259.05
2020-03-27,10.262831544954354,62.75,0.72,0.47,2.345592679949271,259.05
2020-04-03,-2.0783274627778403,53.078,0.62,0.39,2.345592679949271,259.05
2020-04-10,12.101749054054988,44.24,0.73,0.5,2.345592679949271,259.05
2020-04-17,3.037471527122837,39.606,0.65,0.45,1.4971591356217615,257.953
2020-04-24,-1.3156819683175058,41.706,0.6,0.38,1.4971591356217615,257.953
2020-05-01,-0.2125689812120135,33.886,0.64,0.44,1.4971591356217615,257.953
2020-05-08,3.500538354618543,32.624,0.69,0.53,1.4971591356217615,257.953
2020-05-15,-2.25612999367274,32.078,0.64,0.48,0.3702570619474432,255.902
2020-05-22,3.203897110884624,29.102,0.66,0.49,0.3702570619474432,255.902
2020-05-29,3.006652418073963,27.9325,0.65,0.49,0.3702570619474432,255.902
2020-06-05,4.914738320576606,26.212,0.91,0.69,0.3702570619474432,255.902
2020-06-12,-4.778435229118472,31.565999999999995,0.71,0.52,0.3176993857811894,255.768
2020-06-19,1.8554481638980656,33.92,0.7,0.51,0.2402461249044751,255.768
2020-06-26,-2.8630531189139496,32.786,0.64,0.47,0.2402461249044751,255.768
2020-07-03,4.019872018566395,29.6275,0.68,0.52,0.2402461249044751,255.768
2020-07-10,1.7581422783052192,28.4,0.65,0.49,0.2402461249044751,255.768
2020-07-17,1.2461363411284676,28.630000000000003,0.64,0.5,0.7477331035428136,257.214
2020-07-24,-0.2821971982574278,25.108,0.59,0.45,0.7477331035428136,257.214
2020-07-31,1.7256412086351869,24.7,0.55,0.44,0.7477331035428136,257.214
2020-08-07,2.4505340445369006,23.178,0.57,0.44,0.7477331035428136,257.214
2020-08-14,0.6436367051040115,22.524,0.71,0.57,1.000152248000297,258.723
2020-08-21,0.7207499221509206,22.132,0.64,0.48,1.000152248000297,258.723
2020-08-28,3.263022657871306,23.02,0.74,0.6,1.000152248000297,258.723
2020-09-04,-2.3104280946319222,28.69,0.72,0.58,1.000152248000297,258.723
2020-09-11,-2.5092207441738235,29.2125,0.67,0.54,1.37413579740866,259.681
2020-09-18,-0.6435256883040807,25.954,0.7,0.56,1.3191572376121563,259.681
2020-09-25,-0.6329326654873957,27.622000000000003,0.66,0.54,1.3191572376121563,259.681
2020-10-02,1.5146450625188157,26.632,0.7,0.57,1.3191572376121563,259.681
2020-10-09,3.844200360361194,27.372000000000003,0.79,0.63,1.3191572376121563,259.681
2020-10-16,0.1918290957997559,26.7125,0.76,0.62,1.5021961475748746,260.209
2020-10-23,-0.5287362314769894,28.568,0.85,0.67,1.5021961475748746,260.209
2020-10-30,-5.639478895554584,36.34,0.88,0.74,1.5021961475748746,260.209
2020-11-06,7.323636476579076,30.938,0.83,0.67,1.5021961475748746,260.209
2020-11-13,2.1573231684131056,24.75,0.89,0.72,1.5474453693662626,260.325
2020-11-20,-0.7701174018748924,23.162,0.83,0.67,1.1870751075713892,260.325
2020-11-27,2.271515083637543,21.5975,0.84,0.68,1.1870751075713892,260.325
2020-12-04,1.6702631110292687,20.916,0.97,0.81,1.1870751075713892,260.325
2020-12-11,-0.964017256003924,22.016,0.9,0.79,1.378313140618248,260.817
2020-12-18,1.2542774224865827,22.722,0.95,0.82,1.116943737981524,260.817
2020-12-25,-0.1711823084015518,23.5575,0.94,0.81,1.116943737981524,260.817
2021-01-01,1.4315190390337795,22.575,0.93,0.8,1.116943737981524,260.817
2021-01-08,1.8266396002356355,24.262,1.13,0.99,1.116943737981524,260.817
2021-01-15,-1.4754157903199785,23.442,1.11,0.98,1.2665328180548665,261.775
2021-01-22,1.9430762476779773,22.0125,1.1,0.97,1.2665328180548665,261.775
2021-01-29,-3.312012886709159,29.344,1.11,1.0,1.2665328180548665,261.775
2021-02-05,4.646713414976023,24.27,1.19,1.1,1.2665328180548665,261.775
2021-02-12,1.2349395017328568,21.216,1.2,1.09,1.465307764931656,262.231
2021-02-19,-0.7146462904161655,21.875,1.34,1.23,1.3179043350591169,262.231
2021-02-26,-2.446049477674006,24.948,1.44,1.3,1.3179043350591169,262.231
2021-03-05,0.8078936764876365,25.47,1.56,1.42,1.3179043350591169,262.231
2021-03-12,2.6392954609087305,22.932,1.64,1.5,1.6772274167375034,263.161
2021-03-19,-0.766862344113739,20.316,1.74,1.58,1.586952325805835,263.161
2021-03-26,1.57010911739901,19.81,1.67,1.53,1.586952325805835,263.161
2021-04-02,1.140511296388702,19.27,1.69,1.52,1.586952325805835,263.161
2021-04-09,2.709781269654865,17.366,1.67,1.51,1.586952325805835,263.161
2021-04-16,1.3725637676089475,16.674,1.59,1.43,2.6516458424596934,264.793
2021-04-23,-0.1266355438381272,17.901999999999997,1.58,1.42,2.6516458424596934,264.793
2021-04-30,0.0239224724996711,17.740000000000002,1.65,1.49,2.6516458424596934,264.793
2021-05-07,1.23004270915128,18.404,1.6,1.46,2.6516458424596934,264.793
2021-05-14,-1.3880356906983082,22.206,1.63,1.47,4.27116630585147,266.832
2021-05-21,-0.4310225320526495,20.812,1.63,1.46,4.27116630585147,266.832
2021-05-28,1.1610112368395376,17.619999999999997,1.58,1.44,4.27116630585147,266.832
2021-06-04,0.6132159785514846,17.46,1.56,1.42,4.27116630585147,266.832
2021-06-11,0.4148997756503014,16.626,1.47,1.31,4.942907831904408,268.551
2021-06-18,-1.9067896712139487,18.002,1.45,1.19,4.997888711644927,268.551
2021-06-25,2.742142462870145,16.492,1.54,1.26,4.997888711644927,268.551
2021-07-02,1.6735497738418426,15.632,1.44,1.2,4.997888711644927,268.551
2021-07-09,0.3954185921904329,16.955,1.37,1.14,4.997888711644927,268.551
2021-07-16,-0.970114779147857,17.016,1.31,1.06,5.352352515803949,270.981
2021-07-23,1.955783464364358,19.006,1.3,1.08,5.352352515803949,270.981
2021-07-30,-0.3746840464106227,18.238,1.24,1.05,5.352352515803949,270.981
2021-08-06,0.9387443770432656,17.78,1.31,1.1,5.352352515803949,270.981
2021-08-13,0.7095647113089409,16.122,1.29,1.06,5.8515477384590175,272.265
2021-08-20,-0.5893034495299876,19.166,1.26,1.03,5.2341693626001495,272.265
2021-08-27,1.5242059068612868,17.278,1.31,1.09,5.2341693626001495,272.265
2021-09-03,0.5779090630512185,16.32,1.33,1.12,5.2341693626001495,272.265
2021-09-10,-1.6944389986780497,18.9625,1.35,1.12,5.2341693626001495,272.265
2021-09-17,-0.5739460389093565,19.302,1.37,1.14,5.133606232261889,273.012
2021-09-24,0.507326768269345,21.464,1.47,1.18,5.133606232261889,273.012
2021-10-01,-2.209412719567272,21.772,1.48,1.21,5.133606232261889,273.012
2021-10-08,0.7872272088387922,20.714,1.61,1.29,5.133606232261889,273.012
2021-10-15,1.822456841991027,17.9125,1.59,1.18,5.353004700068009,274.138
2021-10-22,1.6444575874765777,15.588,1.66,1.18,5.353004700068009,274.138
2021-10-29,1.3307219469797626,16.198,1.55,1.07,5.353004700068009,274.138
