{
  "period_statistics": {
    "2020": {
      "n_samples": 92,
      "entropy_mean": 2.82438063621521,
      "entropy_std": 0.13433799147605896,
      "attention_concentration": 0.062007226049900055,
      "top_features": [
        [
          "t-1",
          0.11042984575033188
        ],
        [
          "t-2",
          0.09742826968431473
        ],
        [
          "t-3",
          0.08596397191286087
        ],
        [
          "t-4",
          0.07632522284984589
        ],
        [
          "t-5",
          0.06791877001523972
        ]
      ],
      "mean_attention": [
        0.027035534381866455,
        0.028772007673978806,
        0.028950968757271767,
        0.029381707310676575,
        0.03001454658806324,
        0.030910072848200798,
        0.032111793756484985,
        0.0336165651679039,
        0.035607896745204926,
        0.03791861608624458,
        0.040749672800302505,
        0.044174615293741226,
        0.04835653677582741,
        0.053844913840293884,
        0.06048855558037758,
        0.06791877001523972,
        0.07632522284984589,
        0.08596397191286087,
        0.09742826968431473,
        0.11042984575033188
      ],
      "std_attention": [
        0.01564835011959076,
        0.014812646433711052,
        0.01329613383859396,
        0.012340583838522434,
        0.011915484443306923,
        0.011625243350863457,
        0.011608623899519444,
        0.011683523654937744,
        0.012071572244167328,
        0.012503459118306637,
        0.013180328533053398,
        0.014077081345021725,
        0.015328403562307358,
        0.016911938786506653,
        0.019016342237591743,
        0.021767955273389816,
        0.025245947763323784,
        0.030451428145170212,
        0.0390283428132534,
        0.05084524676203728
      ]
    },
    "2021": {
      "n_samples": 250,
      "entropy_mean": 2.579925298690796,
      "entropy_std": 0.351724773645401,
      "attention_concentration": 0.0690716877579689,
      "top_features": [
        [
          "t-1",
          0.12310858815908432
        ],
        [
          "t-2",
          0.10745089501142502
        ],
        [
          "t-3",
          0.09446963667869568
        ],
        [
          "t-4",
          0.08335947245359421
        ],
        [
          "t-5",
          0.07412809878587723
        ]
      ],
      "mean_attention": [
        0.0189215075224638,
        0.020236045122146606,
        0.020997118204832077,
        0.02176232449710369,
        0.0228784941136837,
        0.024438273161649704,
        0.026445504277944565,
        0.029286706820130348,
        0.032811883836984634,
        0.0367053784430027,
        0.04113318398594856,
        0.04596604034304619,
        0.051694102585315704,
        0.05838920921087265,
        0.06581752002239227,
        0.07412809878587723,
        0.08335947245359421,
        0.09446963667869568,
        0.10745089501142502,
        0.12310858815908432
      ],
      "std_attention": [
        0.017728036269545555,
        0.019413867965340614,
        0.019660132005810738,
        0.019788846373558044,
        0.02028089202940464,
        0.0213701743632555,
        0.0230446495115757,
        0.025970542803406715,
        0.028913067653775215,
        0.03174099698662758,
        0.034512072801589966,
        0.03693021088838577,
        0.03959641605615616,
        0.0433347187936306,
        0.04812677577137947,
        0.05249212309718132,
        0.05629337579011917,
        0.06486206501722336,
        0.07858140021562576,
        0.09909926354885101
      ]
    },
    "2022": {
      "n_samples": 249,
      "entropy_mean": 2.5463690757751465,
      "entropy_std": 0.3251311182975769,
      "attention_concentration": 0.08131781220436096,
      "top_features": [
        [
          "t-1",
          0.14944295585155487
        ],
        [
          "t-2",
          0.12619861960411072
        ],
        [
          "t-3",
          0.1074095368385315
        ],
        [
          "t-4",
          0.09175056219100952
        ],
        [
          "t-5",
          0.07814275473356247
        ]
      ],
      "mean_attention": [
        0.01413725595921278,
        0.015256066806614399,
        0.01574452966451645,
        0.016677187755703926,
        0.017937706783413887,
        0.019451256841421127,
        0.02133258245885372,
        0.023686079308390617,
        0.02655481919646263,
        0.030376583337783813,
        0.03511284664273262,
        0.04090404510498047,
        0.04774783179163933,
        0.05607287958264351,
        0.06606386601924896,
        0.07814275473356247,
        0.09175056219100952,
        0.1074095368385315,
        0.12619861960411072,
        0.14944295585155487
      ],
      "std_attention": [
        0.013489306904375553,
        0.013143850490450859,
        0.01277638878673315,
        0.013064026832580566,
        0.013468102551996708,
        0.014203553088009357,
        0.015263590961694717,
        0.016818776726722717,
        0.01886209286749363,
        0.021327296271920204,
        0.023527203127741814,
        0.025868374854326248,
        0.028134247288107872,
        0.03135821595788002,
        0.034913286566734314,
        0.03923802077770233,
        0.044809117913246155,
        0.053391315042972565,
        0.06908179074525833,
        0.09656451642513275
      ]
    },
    "2023": {
      "n_samples": 249,
      "entropy_mean": 2.686335325241089,
      "entropy_std": 0.2259177565574646,
      "attention_concentration": 0.06644459068775177,
      "top_features": [
        [
          "t-1",
          0.11655386537313461
        ],
        [
          "t-2",
          0.10332540422677994
        ],
        [
          "t-3",
          0.09207800775766373
        ],
        [
          "t-4",
          0.08209893852472305
        ],
        [
          "t-5",
          0.07293938845396042
        ]
      ],
      "mean_attention": [
        0.022631706669926643,
        0.022677548229694366,
        0.02296026237308979,
        0.02342187985777855,
        0.024262161925435066,
        0.025716381147503853,
        0.027807189151644707,
        0.030438968911767006,
        0.033727504312992096,
        0.03752351552248001,
        0.04166790843009949,
        0.04624499753117561,
        0.05147749185562134,
        0.057619042694568634,
        0.06482792645692825,
        0.07293938845396042,
        0.08209893852472305,
        0.09207800775766373,
        0.10332540422677994,
        0.11655386537313461
      ],
      "std_attention": [
        0.017603997141122818,
        0.018530992791056633,
        0.018666397780179977,
        0.018631350249052048,
        0.018418515101075172,
        0.018554452806711197,
        0.0193672813475132,
        0.02085007168352604,
        0.02291208505630493,
        0.024979155510663986,
        0.026547173038125038,
        0.027890577912330627,
        0.029218221083283424,
        0.031226081773638725,
        0.03371686488389969,
        0.03742075711488724,
        0.041891321539878845,
        0.04739798605442047,
        0.056155625730752945,
        0.071867935359478
      ]
    },
    "2024": {
      "n_samples": 250,
      "entropy_mean": 2.6143062114715576,
      "entropy_std": 0.4022044837474823,
      "attention_concentration": 0.067500539124012,
      "top_features": [
        [
          "t-1",
          0.12412337958812714
        ],
        [
          "t-2",
          0.10695119202136993
        ],
        [
          "t-3",
          0.09331396222114563
        ],
        [
          "t-4",
          0.08139227330684662
        ],
        [
          "t-5",
          0.0709104910492897
        ]
      ],