{
  "period_statistics": {
    "2020": {
      "n_samples": 92,
      "entropy_mean": 2.9912805557250977,
      "entropy_std": 0.004938100464642048,
      "attention_concentration": 0.05000792071223259,
      "top_features": [
        [
          "t-20",
          0.05167336389422417
        ],
        [
          "t-19",
          0.05129057914018631
        ],
        [
          "t-18",
          0.05090320110321045
        ],
        [
          "t-17",
          0.0505162738263607
        ],
        [
          "t-16",
          0.05022290349006653
        ]
      ],
      "mean_attention": [
        0.05167336389422417,
        0.05129057914018631,
        0.05090320110321045,
        0.0505162738263607,
        0.05022290349006653,
        0.05003522336483002,
        0.04992016404867172,
        0.04986122250556946,
        0.04982835426926613,
        0.04982895776629448,
        0.04984348267316818,
        0.04985650256276131,
        0.04986978694796562,
        0.04976405203342438,
        0.04966560751199722,
        0.0495854914188385,
        0.0494929775595665,
        0.04939257726073265,
        0.049282949417829514,
        0.049166351556777954
      ],
      "std_attention": [
        0.0041064126417040825,
        0.004599269013851881,
        0.0046912869438529015,
        0.004650808870792389,
        0.004570628050714731,
        0.004451259505003691,
        0.004350494593381882,
        0.004254219587892294,
        0.004200066439807415,
        0.004157369490712881,
        0.004158510826528072,
        0.004184718709439039,
        0.004251456819474697,
        0.004390645772218704,
        0.004551352933049202,
        0.004741807002574205,
        0.004937230609357357,
        0.005167300812900066,
        0.005436317063868046,
        0.005758396815508604
      ]
    },
    "2021": {
      "n_samples": 250,
      "entropy_mean": 2.9927563667297363,
      "entropy_std": 0.002053929725661874,
      "attention_concentration": 0.050024714320898056,
      "top_features": [
        [
          "t-20",
          0.05298975482583046
        ],
        [
          "t-19",
          0.05211159586906433
        ],
        [
          "t-18",
          0.05143052339553833
        ],
        [
          "t-17",
          0.05092274025082588
        ],
        [
          "t-16",
          0.050560224801301956
        ]
      ],
      "mean_attention": [
        0.05298975482583046,
        0.05211159586906433,
        0.05143052339553833,
        0.05092274025082588,
        0.050560224801301956,
        0.05030159279704094,
        0.05012764781713486,
        0.04999812692403793,
        0.04989517852663994,
        0.04980875551700592,
        0.04971888288855553,
        0.04962139576673508,
        0.04950999096035957,
        0.049378011375665665,
        0.04926983267068863,
        0.04914824664592743,
        0.04901518672704697,
        0.048874225467443466,
        0.04873308166861534,
        0.04858499392867088
      ],
      "std_attention": [
        0.0028425098862499,
        0.0028470419347286224,
        0.0028653217013925314,
        0.002899467945098877,
        0.0029321557376533747,
        0.002980825025588274,
        0.003034592140465975,
        0.0030783747788518667,
        0.0031345305033028126,
        0.0032091429457068443,
        0.003295294241979718,
        0.0034048319794237614,
        0.0035361656919121742,
        0.0037549228873103857,
        0.003905143588781357,
        0.004066793248057365,
        0.0042576477862894535,
        0.004461928270757198,
        0.004697180353105068,
        0.0049490551464259624
      ]
    },
    "2022": {
      "n_samples": 249,
      "entropy_mean": 2.9890120029449463,
      "entropy_std": 0.0052542840130627155,
      "attention_concentration": 0.0501585491001606,
      "top_features": [
        [
          "t-20",
          0.05745592713356018
        ],
        [
          "t-19",
          0.055591799318790436
        ],
        [
          "t-18",
          0.05383351817727089
        ],
        [
          "t-17",
          0.05245108902454376
        ],
        [
          "t-16",
          0.05144072696566582
        ]
      ],
      "mean_attention": [
        0.05745592713356018,
        0.055591799318790436,
        0.05383351817727089,
        0.05245108902454376,
        0.05144072696566582,
        0.050726406276226044,
        0.05020483210682869,
        0.04981567710638046,
        0.04953047260642052,
        0.04928802698850632,
        0.04906930774450302,
        0.048860736191272736,
        0.04865152761340141,
        0.04848465323448181,
        0.04819158837199211,
        0.04790909215807915,
        0.04761518910527229,
        0.047298382967710495,
        0.04696206375956535,
        0.04661906510591507
      ],
      "std_attention": [
        0.005627905949950218,
        0.005521875806152821,
        0.005286401137709618,
        0.00507311848923564,
        0.004880852531641722,
        0.004719723481684923,
        0.004588449373841286,
        0.004492661915719509,
        0.004443408455699682,
        0.004427244421094656,
        0.00444815494120121,
        0.004511105827987194,
        0.004609661642462015,
        0.004689482972025871,
        0.004904572851955891,
        0.0050780740566551685,
        0.005260689649730921,
        0.005445810966193676,
        0.005638659931719303,
        0.005839437246322632
      ]
    },
    "2023": {
      "n_samples": 249,
      "entropy_mean": 2.993405342102051,
      "entropy_std": 0.0014894959749653935,
      "attention_concentration": 0.0500437468290329,
      "top_features": [
        [
          "t-20",
          0.05474501848220825
        ],
        [
          "t-19",
          0.05289106443524361
        ],
        [
          "t-18",
          0.05171862989664078
        ],
        [
          "t-17",
          0.050908707082271576
        ],
        [
          "t-16",
          0.050358179956674576
        ]
      ],
      "mean_attention": [
        0.05474501848220825,
        0.05289106443524361,
        0.05171862989664078,
        0.050908707082271576,
        0.050358179956674576,
        0.049990199506282806,
        0.049747250974178314,
        0.049596529453992844,
        0.0494866669178009,
        0.04940744489431381,
        0.04935150966048241,
        0.04929995909333229,
        0.04924996197223663,
        0.04919317364692688,
        0.04919828847050667,
        0.0491194911301136,
        0.04905112832784653,
        0.048977870494127274,
        0.048901524394750595,
        0.048807449638843536
      ],
      "std_attention": [
        0.0023080110549926758,
        0.002282416680827737,
        0.002353062154725194,
        0.0024326893035322428,
        0.0024987985379993916,
        0.0025500194169580936,
        0.0026021208614110947,
        0.0026491873431950808,
        0.0027019972912967205,
        0.002758275717496872,
        0.0028350537177175283,
        0.0029248304199427366,
        0.0030266058165580034,
        0.003138755215331912,
        0.0031520421616733074,
        0.003312099725008011,
        0.003458484774455428,
        0.003609543899074197,
        0.003774487879127264,
        0.003958168905228376
      ]
    },
    "2024": {
      "n_samples": 250,
      "entropy_mean": 2.9947147369384766,
      "entropy_std": 0.0008092338684946299,
      "attention_concentration": 0.05003144219517708,
      "top_features": [
        [
          "t-20",
          0.053988728672266006
        ],
        [
          "t-19",
          0.05237070843577385
        ],
        [
          "t-18",
          0.05145556479692459
        ],
        [
          "t-17",
          0.05082142725586891
        ],
        [
          "t-16",
          0.050382521003484726
        ]
      ],