{
  "evaluation_timestamp": "2025-10-22T23:15:43.132502",
  "statistical_metrics": {
    "mse": 1.1919050216674805,
    "rmse": 1.091744065284729,
    "mae": 0.7786340713500977,
    "mape": 258.8744640350342,
    "r2": -0.012868404388427734,
    "mean_error": -0.1243196502327919,
    "std_error": 1.0846425294876099
  },
  "financial_metrics": {
    "directional_accuracy": 0.53671875,
    "sharpe_ratio": 0.8329736080938573,
    "max_drawdown": -0.2524605989456177,
    "total_return": 0.9216080904006958,
    "hit_rate": 0.53671875,
    "num_trades": 1280,
    "precision": 0.53671875,
    "recall": 1.0,
    "f1_score": 0.6985256736146417,
    "confusion_matrix": [
      [
        0,
        593
      ],
      [
        0,
        687
      ]
    ],
    "auc_roc": 0.4737414424962751,
    "alpha": 0.0
  },
  "residual_diagnostics": {
    "normality_p_value": 1.1086527963124744e-39,
    "acf_lag1": -0.03589066097086981,
    "skewness": 0.05544032552438097,
    "kurtosis": 6.46710930356816
  },
  "checkpoint_used": "experiments/sweep_stale_h14_drop0.30_lr5/checkpoints/tft-epoch=04-val_loss=0.1606.ckpt"
}