{
  "evaluation_timestamp": "2025-10-30T03:27:14.745804",
  "statistical_metrics": {
    "mse": 1.1741024255752563,
    "rmse": 1.0835601091384888,
    "mae": 0.7735410928726196,
    "mape": 122.17226028442383,
    "r2": 0.0022600889205932617,
    "mean_error": 0.010412337258458138,
    "std_error": 1.083509922027588
  },
  "financial_metrics": {
    "directional_accuracy": 0.52109375,
    "sharpe_ratio": 0.8607623323596232,
    "max_drawdown": -0.2025950700044632,
    "total_return": 0.9208978414535522,
    "hit_rate": 0.4671875,
    "num_trades": 1122,
    "precision": 0.5329768270944741,
    "recall": 0.8704512372634643,
    "f1_score": 0.6611387506909895,
    "confusion_matrix": [
      [
        69,
        524
      ],
      [
        89,
        598
      ]
    ],
    "auc_roc": 0.4933000483564929,
    "alpha": -0.0007102489471435547
  },
  "residual_diagnostics": {
    "normality_p_value": 2.8988355242653547e-38,
    "acf_lag1": -0.025192435147480974,
    "skewness": -0.03780402330195149,
    "kurtosis": 6.149386113092188
  },
  "mode_stats": {
    "healthy_days": 716,
    "degraded_days": 141,
    "unidirectional_days": 385,
    "weak_collapse_days": 38,
    "strong_collapse_days": 0,
    "total_days": 1280,
    "healthy_pct": 55.93749999999999,
    "degraded_pct": 11.015625,
    "unidirectional_pct": 30.078125,
    "weak_collapse_pct": 2.96875,
    "strong_collapse_pct": 0.0
  },
  "collapse_detected": true,
  "degradation_detected": true,
  "checkpoint_used": "experiments/01_staleness_features_fixed/sweep_stale_h14_drop0.30_lr5/checkpoints/tft-epoch=94-val_loss=0.3972.ckpt"
}