{
  "evaluation_timestamp": "2025-10-27T12:03:57.720489",
  "statistical_metrics": {
    "mse": 1.1919050216674805,
    "rmse": 1.091744065284729,
    "mae": 0.7786340117454529,
    "mape": 258.87439250946045,
    "r2": -0.012868404388427734,
    "mean_error": -0.12431959807872772,
    "std_error": 1.0846425294876099
  },
  "financial_metrics": {
    "directional_accuracy": 0.53671875,
    "sharpe_ratio": 0.8329736080938573,
    "max_drawdown": -0.2524605989456177,
    "total_return": 0.9216080904006958,
    "hit_rate": 0.53671875,
    "num_trades": 1280,
    "precision": 0.53671875,
    "recall": 1.0,
    "f1_score": 0.6985256736146417,
    "confusion_matrix": [
      [
        0,
        593
      ],
      [
        0,
        687
      ]
    ],
    "auc_roc": 0.4737389878519653,
    "alpha": 0.0
  },
  "residual_diagnostics": {
    "normality_p_value": 1.1086214247463283e-39,
    "acf_lag1": -0.03589065971632121,
    "skewness": 0.05544049485213975,
    "kurtosis": 6.467112059785569
  },
  "mode_stats": {
    "healthy_days": 29,
    "degraded_days": 1,
    "unidirectional_days": 375,
    "weak_collapse_days": 813,
    "strong_collapse_days": 62,
    "total_days": 1280,
    "healthy_pct": 2.265625,
    "degraded_pct": 0.078125,
    "unidirectional_pct": 29.296875,
    "weak_collapse_pct": 63.515625,
    "strong_collapse_pct": 4.84375
  },
  "collapse_detected": true,
  "degradation_detected": true,
  "checkpoint_used": "experiments/01_staleness_features_fixed/sweep_stale_h14_drop0.30_lr5/checkpoints/tft-epoch=04-val_loss=0.1606.ckpt"
}