{
  "evaluation_timestamp": "2025-11-01T23:54:48.190773",
  "statistical_metrics": {
    "mse": 1.171048641204834,
    "rmse": 1.0821499824523926,
    "mae": 0.7721704840660095,
    "mape": 154.09696102142334,
    "r2": 0.0033502578735351562,
    "mean_error": 0.010627512820065022,
    "std_error": 1.0820978879928589
  },
  "financial_metrics": {
    "directional_accuracy": 0.5327613104524181,
    "sharpe_ratio": 0.7229074851021601,
    "max_drawdown": -0.19763636589050293,
    "total_return": 0.6831138134002686,
    "hit_rate": 0.43837753510140404,
    "num_trades": 1034,
    "precision": 0.5435203094777563,
    "recall": 0.8156748911465893,
    "f1_score": 0.6523505513639002,
    "confusion_matrix": [
      [
        121,
        472
      ],
      [
        127,
        562
      ]
    ],
    "auc_roc": 0.5102061545314592,
    "alpha": -0.24814188480377197
  },
  "residual_diagnostics": {
    "normality_p_value": 5.092138704846043e-39,
    "acf_lag1": -0.028936545752507814,
    "skewness": 0.0019595818359634865,
    "kurtosis": 6.329366217538748
  },
  "mode_stats": {
    "healthy_days": 784,
    "degraded_days": 166,
    "unidirectional_days": 332,
    "weak_collapse_days": 0,
    "strong_collapse_days": 0,
    "total_days": 1282,
    "healthy_pct": 61.15444617784711,
    "degraded_pct": 12.948517940717629,
    "unidirectional_pct": 25.897035881435258,
    "weak_collapse_pct": 0.0,
    "strong_collapse_pct": 0.0
  },
  "collapse_detected": false,
  "degradation_detected": true,
  "checkpoint_used": "experiments/02_vintage_baseline/baseline_vintage_h16_drop0.10_lr5/checkpoints/tft-epoch=46-val_loss=0.4029.ckpt"
}