Date,SP500_Returns,VIX,Treasury_10Y,Yield_Spread,Inflation_YoY,CPI,cumret_5,cumret_10,cumret_20,cumret_30
1991-01-07,-1.7320864668516345,28.95,8.13,0.93,6.279809220985677,133.7,-0.9352054857339143,4.447847306183972,11.7491155846416,16.16487094204697
1991-01-08,-0.1711921572224106,30.38,8.16,1.01,6.279809220985677,133.7,-0.3715411028368587,5.232457053804551,14.110982838408237,16.309896651354073
1991-01-09,-1.0828846389975944,33.3,8.25,1.15,6.279809220985677,133.7,1.502463430634804,7.856807524097809,14.860827928048437,17.802261654466346
1991-01-10,0.9759570580853972,31.33,8.16,1.02,6.279809220985677,133.7,4.273043109899666,7.225933345828883,14.65361074338869,17.177363256121446
1991-01-11,0.2225581692519185,32.63,8.2,1.06,6.279809220985677,133.7,5.392887544814773,6.975086492479687,17.33736894384197,15.500494033743205
1991-01-14,-0.8692131638671774,36.2,8.23,1.05,6.279809220985677,133.7,5.433870648308581,7.852063585417124,17.377113120288755,18.096466299847116
1991-01-15,0.3968193512448481,36.16,8.22,1.06,6.279809220985677,133.7,5.624896960843162,9.047530182410002,18.03912457132033,17.415380225740627
1991-01-16,0.777739570956304,33.2,8.24,1.03,6.597774244833077,134.1,6.260285591793036,9.16452410110904,15.604640328197883,16.150718138737098
1991-01-17,3.7321653831241086,27.45,8.05,0.86,6.597774244833077,134.1,2.8318826686749787,4.9676416383818145,12.926275893563922,14.21221761098912
1991-01-18,1.2989022623316917,25.39,8.03,0.89,6.597774244833077,134.1,1.50123882599964,5.219597325780301,11.577966946326601,12.583130047067037
1991-01-22,-0.8306651423548361,24.9,8.07,0.94,6.175771971496435,134.1,2.2935636548664817,6.9903482616106905,11.21806139432917,13.447682627016766
1991-01-23,0.5787194756825098,23.92,8.04,0.96,6.175771971496435,134.1,3.2403659743551083,8.437060231392412,10.526637795680948,12.506863074199327
1991-01-24,1.3839700319426829,22.86,8.0,0.96,6.175771971496435,134.1,2.7331363671210696,6.493813941587079,9.220979517817174,10.382085842629806
1991-01-25,0.3853302316821905,22.2,8.06,0.96,6.175771971496435,134.1,2.076942397902304,6.92712776265032,9.280805118475266,9.094544297729845
1991-01-28,-0.0119048246049802,23.05,8.06,0.94,6.175771971496435,134.1,3.663362676937343,9.68663152433229,7.9695261960483155,10.446206264175984
1991-01-29,-0.0565432973533508,23.17,8.03,0.95,6.175771971496435,134.1,4.59147617790594,8.831587656482775,9.498569034162818,10.193009254540474
1991-01-30,1.5096496484944488,21.37,8.05,0.98,6.175771971496435,134.1,5.033587597246769,8.245573626353186,7.673580528906321,8.580377420404584
1991-01-31,0.8858610721981464,20.91,8.03,0.98,6.175771971496435,134.1,3.6606276294603335,5.8994588948364735,6.399692661287437,7.200578120010048
1991-02-01,-0.2558674444081088,21.04,7.91,1.08,6.175771971496435,134.1,4.751499457969355,7.581988249864624,8.807072187498788,5.881248846629372
1991-02-04,1.5420518096955549,21.86,7.88,1.06,6.175771971496435,134.1,5.810412369282503,6.042951866523039,6.998252139748984,4.65161219333412
1991-02-05,0.8382653322709377,21.46,7.85,1.05,6.175771971496435,134.1,4.0539742180945915,3.9514902058090273,6.035436345731626,3.403656335631222
1991-02-06,1.938734091346661,22.68,7.79,0.97,6.175771971496435,134.1,3.058056096705797,1.9269957704769913,3.7531475255068836,1.6861089512038019
1991-02-07,-0.4328813580701252,23.6,7.82,1.02,6.175771971496435,134.1,2.1597701235023914,2.5608675990569596,3.6511716100011915,2.7812963400484447
1991-02-08,0.7937891779008277,23.38,7.77,0.97,6.175771971496435,134.1,2.70209859194519,2.201197586686776,2.0270034185250196,3.755804306675592
1991-02-11,2.568521027405013,22.56,7.78,1.0,6.175771971496435,134.1,0.2197699565038791,-1.5654645460628003,0.6924952742989321,0.9021757662298402
1991-02-12,-0.835635868596396,22.26,7.78,1.0,6.175771971496435,134.1,-0.09849120425786673,0.6128564252736002,1.2509434323010105,1.7172131680463387
1991-02-13,0.9630612896503132,20.86,7.78,1.0,6.175771971496435,134.1,-1.097498215149173,-0.5284216973354239,0.3093002169373138,-0.3055694446800761
1991-02-14,-1.3007392379470573,21.48,7.8,1.03,6.175771971496435,134.1,0.39261783290005514,0.4723666878673649,1.2286363299228054,3.2390126561928856
1991-02-15,1.328866158274966,19.57,7.78,0.96,6.175771971496435,134.1,-0.48772226870318347,1.1387444660241997,-1.580877459975183,1.7347524705034312
1991-02-19,0.0894209862967843,19.84,7.8,0.93,6.175771971496435,134.1,-1.7813196970433043,0.9008616380543621,-1.3120529452444796,1.8664905439502055
1991-02-20,-1.1505454482966693,22.26,7.84,0.97,6.730007917656389,134.8,0.7120489351025494,2.0047294519748293,-0.5270091550329981,1.855479715563435
1991-02-21,-0.0465611603532645,20.78,7.88,0.98,6.730007917656389,134.8,0.5753914284713391,1.791627175142163,-0.23633269817507907,2.7988176131298337
1991-02-22,0.1863146761396539,21.01,7.91,0.93,6.730007917656389,134.8,0.07943697125223359,1.063079941178513,0.2149248013903593,1.2256669912484641
1991-02-25,0.4403161208848427,22.86,7.91,0.92,5.5599060297572445,134.8,1.634438254060644,-0.17044239429195862,1.5211237800517807,0.6712940414248747
1991-02-26,-1.21167894371923,20.38,7.96,0.96,5.5599060297572445,134.8,2.7308260779155713,2.293869534659798,2.5068847035372377,3.129545069044548
1991-02-27,1.358835949658488,21.26,7.98,0.96,5.5599060297572445,134.8,1.2835410763068378,0.6342002699240901,1.097629847725301,2.493304333217372
1991-02-28,-0.1821892989471329,21.23,8.02,0.98,5.5599060297572445,134.8,1.2092776666306149,0.8421721345607036,0.22403610806021046,2.8936219357519777
1991-03-04,-0.3077211770672772,20.86,8.12,0.96,5.5599060297572445,134.8,0.9828622139519627,0.7527140715266833,2.753638696419425,4.952213253700499
1991-03-05,2.000924624892741,20.45,8.08,0.95,5.5599060297572445,134.8,-1.775855388545422,-2.689001075065778,0.5892974128024697,3.644619595943377
1991-03-06,-0.1459937861506111,20.55,8.11,0.96,5.5599060297572445,134.8,-0.4253412144514357,-2.193157270784152,0.9570075916295551,3.267133899205543
1991-03-07,-0.0691202797521661,21.05,8.07,0.95,5.5599060297572445,134.8,-0.6411118721585285,-2.481981591059279,-0.14631648670924147,2.205317353664582
1991-03-08,-0.2553780015764118,20.81,8.13,1.05,5.5599060297572445,134.8,-0.36271924919678566,-1.9922658961212591,0.9894629508718555,1.6002133096842952
1991-03-11,-0.5307429489705751,20.88,8.06,1.01,5.5599060297572445,134.8,-0.22790811963487867,-0.839233417665286,0.16087680106777746,2.3595073230815222
1991-03-12,-0.7856050897979916,18.82,8.09,1.02,5.5599060297572445,134.8,-0.9296550152027128,1.6944542427252074,0.8431735609221169,3.440264580797092
1991-03-13,1.2269298597138212,16.09,8.02,1.02,5.5599060297572445,134.8,-1.775367425702179,0.20823845050190748,0.8169360863816033,1.249430703011467
1991-03-14,-0.2856628409365846,14.94,8.02,1.07,5.5599060297572445,134.8,-1.8527479056852592,0.46050902830068186,1.8473879240921587,1.4779087051329798
1991-03-15,0.0240954050577224,14.9,8.1,1.09,5.5599060297572445,134.8,-1.6354788435064105,-0.6129737325329176,2.034317347363257,0.018739078911345075
1991-03-18,-0.3961591586594704,15.79,8.15,1.06,5.5599060297572445,134.8,-0.6127217406280638,1.9859759048001857,4.168125117892574,0.8680258830668919
1991-03-19,-1.4834294243559976,16.11,8.25,1.03,5.794831636648379,135.1,2.6487333402650526,3.3688879202619093,6.508638017265644,3.7371484066368144
1991-03-20,0.3628077970294185,16.04,8.2,1.0,5.794831636648379,135.1,2.0194586879250354,3.2208021182476454,5.582729201377923,3.424650773560667
1991-03-21,-0.3642168967608938,16.86,8.16,1.03,5.794831636648379,135.1,2.3569248090237194,2.3951113265606727,4.806597817715841,3.8790991711435963
1991-03-22,0.2455192446478626,16.49,8.13,1.0,5.794831636648379,135.1,1.0395060118747024,3.0423403563567764,3.6655058283440622,3.4287512814966448
1991-03-25,0.6394839217594761,16.76,8.13,0.99,5.300077942322679,135.1,2.614718594714316,1.0085745130889556,3.225812840092157,2.02526053156844
1991-03-26,1.7494528447165036,16.31,8.13,0.97,5.300077942322679,135.1,0.7015718134676163,-0.8370964652322788,1.716721281481992,0.5873032273048917
1991-03-27,-0.2524532873425911,16.55,8.08,1.01,5.300077942322679,135.1,1.177563031379636,0.6074327273803304,1.0390285954621215,2.1047006175632044
1991-03-28,-0.0346356415874549,16.88,8.05,1.03,5.300077942322679,135.1,0.03730721454187069,1.3805214697855117,1.01273593641229,0.13858243483295674
1991-04-01,-1.044724005911568,17.42,8.07,1.06,5.300077942322679,135.1,1.9822289553223182,2.6636183607826602,0.6356089272096632,1.470514988462801
1991-04-02,2.208460133751333,17.4,8.03,1.06,5.300077942322679,135.1,-1.5652180346261702,2.1396561573616246,-1.096180148118464,-2.076417623929605
1991-04-03,-0.1475619390233884,17.61,8.05,1.06,5.300077942322679,135.1,-1.5279486218447547,3.0374227295796308,0.3562585356039927,-2.7365796828987765
1991-04-04,0.2190284918240914,18.01,8.0,1.06,5.300077942322679,135.1,-0.563494797579267,2.2882277938747864,0.19748795894791726,-1.9959414360129601
1991-04-05,-1.161230162910687,17.63,7.99,1.07,5.300077942322679,135.1,1.3427133263023139,2.3550797102650955,1.4492760692941031,-0.7912326350779209
1991-04-08,0.8791609226689534,17.41,7.98,1.07,5.300077942322679,135.1,0.6681452371067875,0.6047664191556112,0.37500208535974355,-1.684890091668012
1991-04-09,-1.3468562969926268,20.12,8.03,1.09,5.300077942322679,135.1,3.76378564366715,2.1950991167744016,1.00653436936462,0.4791756495932109
1991-04-10,-0.109755772777853,19.73,8.1,1.08,5.300077942322679,135.1,4.6362102622319545,2.575376129258733,1.4364239466200912,0.814688086465587
1991-04-11,1.2005925390878858,17.24,8.09,1.14,5.300077942322679,135.1,2.867882962749868,0.4289900421684756,1.488227906818862,-0.707044830445358
1991-04-12,0.73351931198673,18.45,7.98,1.1,5.222135619641466,135.0,0.9989533048154753,-0.36277731465688134,-1.225027270472956,-0.7649852021031633
1991-04-15,0.2076783800203818,16.5,7.95,1.05,5.222135619641466,135.0,-0.06295816596394443,-1.9753925158239927,-1.1621481800174527,0.19675227450783872
1991-04-16,1.686820912038378,15.82,7.97,1.05,5.222135619641466,135.0,-1.511786137294302,-3.1680509091344344,-4.127754037859377,-1.2460622860297366
1991-04-17,0.73010090436334,15.47,7.95,1.05,5.222135619641466,135.0,-1.9695229097159483,-2.6021266089043205,-5.603791573506434,-0.893845727453213
1991-04-18,-0.5096736303590976,16.26,8.02,1.03,5.222135619641466,135.0,-2.370898331274651,-2.043969164408632,-4.188330683097741,0.3526734148491917
1991-04-19,-1.0966326885015865,15.68,8.1,1.07,5.222135619641466,135.0,-1.3482621105613268,-0.8849620786139822,-3.073919100301803,1.0046812152318285
1991-04-22,-0.8459135597967404,16.78,8.15,1.08,4.732350659425899,135.0,-1.9136391419670051,-0.22838314920246017,-2.275892676182034,1.7823803149410677
1991-04-23,0.2126256812281068,17.02,8.12,1.07,4.732350659425899,135.0,-1.681688302469353,-1.163034976903965,-1.6790662977101078,0.8722722357195067
1991-04-24,0.2619446705834694,16.72,8.06,1.11,4.732350659425899,135.0,-0.64531329232006,-1.1103563307468978,-1.716482170705813,0.2272951967265735
1991-04-25,-0.917026250410613,17.15,8.07,1.14,4.732350659425899,135.0,0.334868559966206,1.0547132498351708,-1.1311822135588678,0.0474601650048978
1991-04-26,-0.060648908721983,17.27,8.06,1.17,4.732350659425899,135.0,0.4696319009266592,-0.8653893922144995,-0.40367231904535616,-0.11872241636233793
1991-04-29,-1.4141695707160062,18.27,8.07,1.17,4.732350659425899,135.0,1.7181348946197605,0.8296328408535558,2.2159178660138723,1.9777295023370334
1991-04-30,0.4496046296944334,18.24,8.02,1.22,4.732350659425899,135.0,0.5275246458268823,-0.9911017362920327,1.9848703254966793,0.349016244305167
1991-05-01,1.3188075492426732,17.77,8.01,1.21,4.732350659425899,135.0,-0.4680635145024037,-3.08185883335369,1.753920103154183,-0.699467144111221
1991-05-02,0.0604750226359973,17.52,7.97,1.21,4.732350659425899,135.0,0.7174422015002291,-2.1891061738589457,2.4466513790052824,0.46515809480547343
1991-05-03,0.0735831986179436,17.24,8.04,1.24,4.732350659425899,135.0,-1.328780914075245,-2.208501421776221,1.9065152306600996,-0.17594089591216333
1991-05-06,-0.1890759568759725,17.92,8.05,1.23,4.732350659425899,135.0,-0.8734942443515026,-2.0521963977405577,2.0153662209869694,-0.3920201765455711
1991-05-07,-0.7261574788342884,17.46,8.06,1.24,4.732350659425899,135.0,-1.5106572925865147,-0.5221035679166763,2.0592570928780196,-0.5910131832505328
1991-05-08,0.315382809897935,17.78,8.04,1.2,4.732350659425899,135.0,-2.6260870743051723,-0.6129315643872646,1.3526709955062444,-0.8163578923061632
1991-05-09,1.2522760593068671,17.17,8.02,1.18,4.732350659425899,135.0,-2.8858441118313816,-2.1630811597969757,-0.9967403324772084,-1.4350945857795283
1991-05-10,-1.9595589734181296,17.54,8.12,1.25,4.732350659425899,135.0,-0.8915674862949641,0.4657476035245356,0.7531849585875161,-1.2774758922985296
1991-05-13,0.2714695155588087,17.66,8.07,1.23,4.732350659425899,135.0,-1.1890887754024249,1.3748785809310382,1.1386500467532201,-1.6217262211404737
1991-05-14,-1.364267574903988,18.0,8.14,1.28,4.965089216446872,135.3,1.003716440271707,3.005762223373387,1.353532868356777,-0.008072434123784777
1991-05-15,-0.8207275800665603,18.38,8.13,1.29,4.965089216446872,135.3,2.0674485079531957,4.98954981832862,2.4581483513453906,1.5817854020708122
1991-05-16,0.9821730051960298,17.24,8.12,1.28,4.965089216446872,135.3,0.7442405748413483,4.739510469155195,2.713669372434513,-0.27674004474607106
1991-05-17,0.05373927448864,16.64,8.08,1.22,4.965089216446872,135.3,1.369525332399757,4.207949271934663,2.0784634200469165,1.4850018963364464
1991-05-20,-0.0295431845143578,17.1,8.1,1.24,4.965089216446872,135.3,2.594822094602045,4.152785942240045,1.6949601319663055,1.394112619110377
1991-05-21,0.8246500844217408,16.07,8.06,1.22,4.802478698683199,135.3,1.9821506115426546,2.594908772077842,-0.06927128317492093,-0.538169574637759
1991-05-22,0.2237901489893667,16.16,8.06,1.29,4.802478698683199,135.3,2.8629120773483008,1.9777246585826136,-0.20468088164879994,-0.5608910006770551
1991-05-23,-0.3269653574910491,16.11,8.1,1.36,4.802478698683199,135.3,3.9657551354966403,1.192127512953256,0.7440816643116799,0.7947543882651953
1991-05-24,0.6747383286091146,15.23,8.1,1.41,4.802478698683199,135.3,2.8000761868297586,0.2861048286798784,-1.7351421130138989,-0.36557390090151687
1991-05-28,1.1788424387805252,15.67,8.07,1.41,4.802478698683199,135.3,1.5185599193314525,-0.23302472711639322,-2.955963887719182,-1.623294802167885
1991-05-29,0.222549640802816,15.9,8.07,1.46,4.802478698683199,135.3,0.6008484395168878,-1.6040164349579666,-2.9258893798208563,-1.5204177732700441
1991-05-30,1.0893656618696346,16.02,8.02,1.42,4.802478698683199,135.3,-0.8605506113807504,-2.411098505864173,-3.245812961532435,-1.7340271871122526
1991-05-31,0.7416774810221405,15.93,8.06,1.38,4.802478698683199,135.3,-2.667828092941338,-1.9341708660336576,-4.7892628974798175,-1.9085170920910999
1991-06-03,-0.4540412678960881,16.87,8.14,1.35,4.802478698683199,135.3,-2.445495617708471,-2.0434965535410132,-2.61299391708838,-1.680149733209091
1991-06-04,-0.0824633629418203,16.17,8.14,1.35,4.802478698683199,135.3,-1.7253836617064922,-2.359827236533807,-2.64867933984938,-1.6918547799592565
1991-06-05,-0.6834461142072423,16.4,8.19,1.36,4.802478698683199,135.3,-2.191696102643159,-2.5967955789808594,-3.0538341368146704,0.07270995921981882
1991-06-06,-0.3791299355896727,16.93,8.23,1.37,4.802478698683199,135.3,-1.5640069659913047,-2.140080637745212,-2.4893825271733117,0.1537930637284024
1991-06-07,-1.0948080581742348,16.98,8.29,1.31,4.802478698683199,135.3,0.7537664191940907,-0.4427674955091776,-0.3926917384330819,0.9092618595334168
1991-06-10,-0.2266519168655612,17.47,8.29,1.28,4.802478698683199,135.3,0.41207637383111617,-2.0154805545062437,-0.6498195644298543,0.22453075707806747
1991-06-11,0.6550916397944029,17.32,8.29,1.3,4.802478698683199,135.3,-0.6455823471682054,-2.729299102388316,-1.3935173149720148,-0.6324559038801691
1991-06-12,-1.1547025423013446,17.72,8.36,1.28,4.802478698683199,135.3,-0.4141769770006909,-1.3434216489020878,0.08496145742842298,1.1442977906374718
1991-06-13,0.2601914249857895,16.99,8.34,1.26,4.802478698683199,135.3,-0.5852266574431386,-0.8553374849888828,0.6937995083310389,0.8738680057991832
1991-06-14,1.2340130820789774,15.98,8.29,1.27,5.112316034082109,135.7,-1.187582317989977,-2.911403550716818,0.026159748170262453,0.22495627202909763
1991-06-17,-0.5650170325745107,15.5,8.3,1.28,5.112316034082109,135.7,-2.417594592207828,-0.5813777988294855,0.3709266945512546,1.7257247453055236
1991-06-18,-0.40512680534035,16.14,8.32,1.32,5.112316034082109,135.7,-2.097256271483694,-0.29583325709112707,0.684116422236114,2.435352573995142
1991-06-19,-0.9244829588355707,17.44,8.33,1.38,5.112316034082109,135.7,-0.9331093961906456,-0.46922332848344794,2.740675272511428,3.2072299706067398
1991-06-20,0.0879834421247727,16.75,8.3,1.43,4.949729311678253,135.7,-0.2717008936036325,-0.35694070841717496,2.344038004959126,3.1324859696939544
1991-06-21,0.6206346196069523,16.51,8.32,1.38,4.949729311678253,135.7,-1.744539070255624,0.050298462317965864,1.3580423250330487,1.9351416435720914
1991-06-24,-1.8027789698461305,18.28,8.33,1.37,4.949729311678253,135.7,1.8817088856386333,1.3937517863075177,2.286086949510824,5.30543822350078
1991-06-25,-0.0781820626012619,17.85,8.33,1.29,4.949729311678253,135.7,1.8400127981988978,1.3732622208843193,2.155678101585101,5.371645484950327
1991-06-26,0.2536091884217883,17.98,8.33,1.32,4.949729311678253,135.7,0.46825540286954404,1.4478336165756778,2.521595093929041,4.771390823504773
1991-06-27,0.7562091515613822,17.87,8.32,1.32,4.949729311678253,135.7,-0.08547204311850631,1.562501655684545,1.7441236340143051,3.3974362788637746
1991-06-28,-0.8653820211521723,19.55,8.24,1.34,4.949729311678253,135.7,1.8267051170387072,3.0256522458037782,3.230410097013059,4.542511365775037
1991-07-01,1.8213195653966616,18.64,8.26,1.29,4.949729311678253,135.7,-0.4789447533500524,0.9578733564158393,2.320593962232409,3.095888355669296
1991-07-02,-0.1190760454704786,17.63,8.27,1.27,4.949729311678253,135.7,-0.4583174770798948,0.9828572980846939,2.7392895606145995,3.292974974324725
1991-07-03,-1.0967797798630552,19.47,8.26,1.29,4.949729311678253,135.7,0.975012664227215,3.225031199734918,3.6937854019000405,4.285752705509682
1991-07-05,0.2008946580707604,18.35,8.34,1.3,4.949729311678253,135.7,1.649383460545617,2.710654141471558,3.5019264792945037,3.0742088357561093
1991-07-08,1.0318691209626918,20.29,8.34,1.34,4.949729311678253,135.7,1.177438794063912,1.3070864183454933,1.8838956107302574,-0.388950947559763
1991-07-09,-0.4842083605922309,19.76,8.36,1.36,4.949729311678253,135.7,1.4437327922266485,0.88006918324115,3.857916654901339,0.8827224624507801
1991-07-10,-0.0983741808507576,19.19,8.35,1.38,4.949729311678253,135.7,1.4478103430015432,0.7718168120070645,3.9442187974121357,3.9522027171642105
1991-07-11,0.3273569538235321,17.39,8.3,1.38,4.949729311678253,135.7,2.2282924023883988,1.0584370696486767,3.27612437687983,3.8093177985149884
1991-07-12,0.8700954369513791,18.29,8.26,1.38,4.949729311678253,135.7,1.044050288153353,0.17882779113247427,1.8067048302925492,3.6607530381944198
1991-07-15,0.5627914920282695,17.78,8.26,1.38,4.949729311678253,135.7,0.12813886754485804,0.19874453278956317,1.472312076561555,2.996937947141287
1991-07-16,-0.2222877352843766,17.49,8.27,1.37,4.949729311678253,135.7,-0.5556416285863452,1.349791314448212,2.117729829456194,3.0193397168505554
1991-07-17,-0.0943586153687059,17.52,8.3,1.36,5.181747873163167,136.0,-0.6663461031923057,1.7393370612847736,2.2876335033984896,4.055832485889677
1991-07-18,1.099218878722774,15.77,8.31,1.4,5.181747873163167,136.0,-1.14435574071311,0.45410904382108264,1.0275816761172285,2.8803503760431726
1991-07-19,-0.2984129307043393,15.5,8.28,1.39,5.181747873163167,136.0,-0.8562824773487021,0.7703897365243906,0.3539600612257665,2.917597058836807
1991-07-22,-0.3487575695261369,16.9,8.28,1.37,5.181747873163167,136.0,0.07051530772794745,0.5693670727068945,-1.6741547169775273,2.42112121172513
1991-07-23,-0.9036751491207085,16.58,8.31,1.37,4.615384615384621,136.0,1.9160794782525414,2.951868982416306,0.0026301322264554727,2.78055648611113
1991-07-24,-0.2055766042097451,16.41,8.24,1.36,4.615384615384621,136.0,2.421820873493896,3.148104386490602,3.156027156968144,2.7730825041692775
1991-07-25,0.6127130564355987,15.74,8.2,1.33,4.615384615384621,136.0,1.6169686581998244,2.194460325665526,2.7220693379320426,2.136711158918958
1991-07-26,-0.0078745222516163,15.45,8.2,1.35,4.615384615384621,136.0,1.6407214239282597,1.624971139165332,3.475709712157493,2.0056217140506982
1991-07-29,0.5827845702327306,15.67,8.2,1.38,4.615384615384621,136.0,0.49850024599644716,1.2710414184433416,2.792643188693855,0.368003049607335
1991-07-30,0.9239223806116748,15.47,8.21,1.37,4.615384615384621,136.0,1.016316080314672,0.7577109977714436,1.6473131130801955,-0.4137697104693028
1991-07-31,0.2896364297282794,15.18,8.2,1.39,4.615384615384621,136.0,0.7091101357139529,0.5389227588375567,2.2768925879765645,-0.1211936834175864
1991-08-01,-0.1779228090431073,15.47,8.2,1.36,4.615384615384621,136.0,0.5683023958411582,0.570880213616709,2.4152733574728025,-0.9118616511215039
1991-08-02,0.0154984395924984,15.26,8.06,1.37,4.615384615384621,136.0,-0.015496037948437014,-0.4132460699888152,2.1307919200536762,-0.3615873554852711
1991-08-05,-0.5475476928795575,15.92,8.04,1.35,4.615384615384621,136.0,0.7687091554161585,-2.230820233821762,1.8412705507825589,0.11426854105747175
1991-08-06,1.44393019109903,15.54,7.97,1.4,4.615384615384621,136.0,-0.25600328004201645,-2.864677328678278,-0.16640056950729676,-0.9420901955306094
1991-08-07,-0.0153595717945154,15.56,7.93,1.39,4.615384615384621,136.0,-0.16898905833547806,0.0076809656606835475,-0.36357612633977077,-0.7681278212702258
1991-08-08,-0.3174903323756251,15.98,7.98,1.46,4.615384615384621,136.0,0.0025632507600681365,0.5162794642538993,-0.0565090970318316,-0.3595997817082197
1991-08-09,-0.5650909703181828,15.45,7.98,1.49,4.615384615384621,136.0,-0.397811677088844,1.8211454844673236,0.3745640177000409,-0.3099766750849331
1991-08-12,0.2324844771223855,15.26,7.95,1.46,4.615384615384621,136.0,-2.9766476264092123,1.5025043180541875,-0.8917044361227644,-0.07989216209751682
1991-08-13,0.4123514635374192,14.73,7.91,1.43,4.615384615384621,136.0,-2.615369480291041,0.8829121925253203,-1.1626710220388747,-0.7032468222147426
1991-08-14,0.0718645815938279,15.09,7.82,1.45,4.846153846153856,136.3,0.17696908238202802,1.7286537208160535,-0.6565779940158945,-0.8745841794022935
1991-08-15,-0.1461932118855258,15.19,7.84,1.51,4.846153846153856,136.3,0.5137030459966052,1.8339236366814449,-1.4743252336946622,-0.8809988426474624
1991-08-16,-0.9631932112436848,16.01,7.84,1.53,4.846153846153856,136.3,2.2278196884211843,2.554594752461181,0.05187307795961882,0.5913166810253001
1991-08-19,-2.362670695787039,21.19,7.83,1.59,4.846153846153856,136.3,4.616570995420077,4.165004548819051,2.398597165781413,3.3814144407393165
1991-08-20,0.7862489562197039,18.86,7.81,1.64,4.846153846153856,136.3,3.5922318071621717,2.7778532926700628,1.979287328517132,2.3271795219913516
1991-08-21,2.9412550081789224,15.62,7.8,1.53,4.444444444444451,136.3,1.5489434873578345,-0.37122857806083376,-0.775749201901077,-1.56685915526954
1991-08-22,0.1894544768972661,14.59,7.78,1.51,4.444444444444451,136.3,1.313473238649543,-0.5698465605160297,-0.8713804874499131,-2.5758277970359456
1991-08-23,0.7257370896478266,14.41,7.88,1.42,4.444444444444451,136.3,0.3196537547567546,-1.420708301683693,-2.0930054846783452,-3.7217477047943204
1991-08-26,-0.0811851011790376,14.81,7.91,1.43,4.444444444444451,136.3,-0.43163950252281813,-2.3587681607094346,-1.5589728458259233,-3.3464497833007756
1991-08-27,-0.2005861451514712,15.46,7.89,1.48,4.444444444444451,136.3,-0.7861385938745746,-2.027680575537316,-1.5722771877491493,-4.136775521961111
1991-08-28,0.9108067755763116,15.31,7.82,1.52,4.444444444444451,136.3,-1.89088335090134,-2.3446999715320826,-2.559001623439028,-4.056581852874808
1991-08-29,-0.0428634079910117,14.82,7.74,1.49,4.444444444444451,136.3,-1.8589035978751944,-3.2486707299810624,-2.6660295335521944,-3.78843013782284
1991-08-30,-0.2623170836935307,14.46,7.82,1.46,4.444444444444451,136.3,-1.7348166498809547,-2.4403798586913217,-1.9143735843086152,-2.4021808663705624
1991-09-03,-0.829476478782476,16.57,7.81,1.48,4.444444444444451,136.3,-1.9354829672378004,-1.6957781461140797,-0.7522585070425136,-1.1353353344604633
1991-09-04,-0.5559078693640584,17.18,7.81,1.5,4.444444444444451,136.3,-1.251379559334509,-0.7769825293771571,-0.43849307632001233,-0.8053872967142883
1991-09-05,-0.2128334409486787,17.31,7.83,1.52,4.444444444444451,136.3,-0.4625631502257699,-0.4060279154974644,-1.200085638058379,-0.4467105108173164
1991-09-06,-0.0102812723996037,16.76,7.76,1.5,4.444444444444451,136.3,-1.4160908967344232,-0.30326205532548167,-2.017477764168174,-1.0655661849397369
1991-09-09,-0.1362114548915882,17.73,7.73,1.5,4.444444444444451,136.3,-0.7180195311868087,-0.6819862178073954,-2.3342015990057585,-1.486907111849023
1991-09-10,-1.031991581964553,18.22,7.73,1.52,4.444444444444451,136.3,0.24443583507747224,0.8191163710428606,-1.0115415424264085,-0.4314225302584407
1991-09-11,0.1378195295042683,17.96,7.74,1.51,4.444444444444451,136.3,0.4804087670697177,0.464828627579128,-2.1527457539166517,-1.3040569952071368
1991-09-12,0.5842790052706937,16.21,7.67,1.47,4.444444444444451,136.3,0.056797961166732414,-0.21944702626942592,-1.7529840990132661,-2.0990570479533233
1991-09-13,-0.968141693461666,17.88,7.66,1.48,4.674329501915708,136.6,1.1288138718898555,0.6022048490959664,-0.5578831959356045,0.22690538118907977
1991-09-16,0.57092272017365,17.82,7.63,1.46,4.674329501915708,136.6,0.03629391074722044,0.5391639221440592,0.03915451112397328,0.15940341412907788
1991-09-17,-0.0725799108774016,17.68,7.62,1.44,4.674329501915708,136.6,0.5732792360773509,0.9597956438472943,0.5701106230072694,0.6110769837468277
1991-09-18,0.3735414893401456,17.56,7.62,1.44,4.674329501915708,136.6,-0.015505648993419108,0.3411400516592389,-0.02862719564594718,0.10656545524097005
1991-09-19,0.1602302975333813,17.56,7.61,1.41,4.674329501915708,136.6,-0.27608817498173677,-0.79729496267823,-0.04084845143571547,-0.34136072329463696
1991-09-20,0.092892938231115,17.08,7.57,1.39,4.674329501915708,136.6,-0.5207309397111781,-1.7194300878670354,-0.7646229408601601,-0.6984669287129264
1991-09-23,-0.51557020281775,16.38,7.55,1.38,3.878326996197723,136.6,0.5026875664201347,-1.663560635457051,-0.8104480379629964,-0.5853821764445599
1991-09-24,0.4638209901179246,16.04,7.56,1.45,3.878326996197723,136.6,0.38431321987888456,-1.815784525160813,-1.2403787558492474,-0.7235928886848653
1991-09-25,-0.2140740735493196,15.68,7.58,1.46,3.878326996197723,136.6,0.3567010094591261,-2.605463441538425,-1.7607013787317438,0.44609041835930174
1991-09-26,-0.1008102366405916,15.35,7.56,1.51,3.878326996197723,136.6,-0.5226497618856296,-1.536909775542683,-1.8837438415265861,0.33549217739190507
1991-09-27,-0.1526550112029623,16.31,7.49,1.47,3.878326996197723,136.6,-1.2049738196501902,-1.1531437574074377,-0.3730529251022352,1.4142326124967353
1991-09-30,0.5079013957185685,15.85,7.47,1.48,3.878326996197723,136.6,-2.155413207677215,-0.49732799788078097,-0.3777239567150814,1.0721538156769572
1991-10-01,0.3454924215124055,14.81,7.45,1.46,3.878326996197723,136.6,-2.1916748488587934,-0.385980397795882,-0.34540349242646595,0.6582596142870933
1991-10-02,-0.2415216885723548,15.81,7.47,1.48,3.878326996197723,136.6,-2.951635935818908,-0.36851011171969983,-0.23377708913560058,-2.789606111031062
1991-10-03,-0.9761521788478112,17.04,7.47,1.49,3.878326996197723,136.6,-1.0195888925763175,0.7625260933741052,0.4595985958367521,-1.1591193344025141
1991-10-04,-0.8375168961114121,15.63,7.39,1.48,3.878326996197723,136.6,0.05246221823773656,0.971511609935205,1.0388250292675982,-1.8301596137023757
1991-10-07,-0.4590163934426239,18.58,7.4,1.47,3.878326996197723,136.6,1.694611080851871,0.8675447301192962,1.0964180378908894,-1.6088072643746898
1991-10-08,0.3083039335268545,17.81,7.43,1.54,3.878326996197723,136.6,1.8461561919934866,0.5860471222678632,1.1123902464300617,-1.5147490283576537
1991-10-09,-1.016635274188804,18.54,7.51,1.58,3.878326996197723,136.6,2.6616891989966085,0.8673608321957627,3.1331879258607254,-1.5294509974921988
1991-10-10,0.9952229621781328,17.8,7.58,1.6,3.878326996197723,136.6,1.8004724025810326,-0.3522477968071702,1.9016282636125093,-2.707170191412167
1991-10-11,0.236506225971067,17.6,7.49,1.58,3.878326996197723,136.6,0.9185674908157804,0.7891913430111197,2.597327287378004,-2.2591977129826635
1991-10-15,1.1747376330845327,16.22,7.46,1.61,3.878326996197723,136.6,-0.8132843441183146,0.12020183856287225,1.5773262988599601,-3.754458555606499
1991-10-16,0.4577831724606351,14.85,7.45,1.59,3.878326996197723,136.6,-1.2372671849786299,0.04073413113079294,1.0482861912941788,-4.53143988230843
1991-10-17,-0.2240260673577632,16.32,7.55,1.62,4.258555133079844,137.1,-1.7478071720822386,0.1352313638340208,-2.430050982903287,-2.741157193827648
1991-10-18,0.147985954377039,15.87,7.53,1.58,4.258555133079844,137.1,-2.1146465714570017,-0.30063507663218303,-1.907103267732535,-2.9969108913294074
1991-10-21,-0.6318499328224481,16.66,7.62,1.63,4.258555133079844,137.1,-0.12819855753150033,0.06666575379441486,-2.7747145496452297,-2.6081554861004386
1991-10-22,-0.5615103079574468,16.55,7.67,1.65,4.258555133079844,137.1,0.9411403296383236,0.22690480707543426,-2.455053308891042,-2.748820491497428
1991-10-23,0.0283670352859921,16.26,7.69,1.68,3.471698113207533,137.1,1.2940116982213201,0.5232764774247167,-2.0885562269604474,-2.3358702036490486
1991-10-24,-0.7398038611965418,15.62,7.65,1.72,3.471698113207533,137.1,1.9165358876155336,2.246343192655176,-2.376201587821203,-1.8259756934861926
1991-10-25,-0.2259316749265716,15.75,7.68,1.75,3.471698113207533,137.1,1.853200127789334,2.2618433538006633,-2.36324687967171,-1.6973177166307973
1991-10-28,1.3846893903204371,15.45,7.65,1.77,3.471698113207533,137.1,0.1951144452302378,1.7939780250972648,-3.0245198075053104,-3.091224255037861
1991-10-29,0.5031890603661493,15.55,7.51,1.73,3.471698113207533,137.1,-0.7075762372313887,1.4553750727017034,-3.8700085727124467,-2.5935513353782413
1991-10-30,0.3780475189579135,15.46,7.48,1.75,3.471698113207533,137.1,-0.760889225211836,1.007141809697898,-4.570312336419091,-2.217760212288289
1991-10-31,-0.1297789238437485,15.48,7.47,1.77,3.471698113207533,137.1,0.3236052934563194,-2.5618179653637996,-2.8725040312839956,-2.0932436608256277
1991-11-01,-0.2879360039913514,15.6,7.48,1.83,3.471698113207533,137.1,0.4012080381358807,-1.6113123612524372,-2.704406208374277,-2.2498019400400193
1991-11-04,-0.2657693257324789,16.35,7.5,1.87,3.471698113207533,137.1,1.595750041027233,-2.8394873378019936,-2.67303923813752,-1.799817762556033
1991-11-05,-0.4022771674514147,16.48,7.56,1.86,3.471698113207533,137.1,2.1783649023422447,-2.6758864010905214,-2.9689885208974087,-1.6500172121725276
1991-11-06,0.3241516280320766,16.47,7.51,1.88,3.471698113207533,137.1,1.781586937958446,-2.5982367426829467,-2.844263320163387,-0.8093997643346063
1991-11-07,0.9616124287154416,15.97,7.43,1.81,3.471698113207533,137.1,-2.8761159952137016,-4.520987877059291,-3.9828503973664886,0.7284011655787515
1991-11-08,-0.2108063013543382,15.43,7.41,1.78,3.471698113207533,137.1,-2.0044782714406018,-4.5227917684514285,-3.871591730195767,1.5796681756741648
1991-11-12,0.9208371902091672,14.04,7.37,1.72,3.471698113207533,137.1,-4.3655737341750545,-4.733578474961031,-4.799107348895126,2.0416409494617094
1991-11-13,0.1688797308631695,13.95,7.41,1.76,3.471698113207533,137.1,-4.750762363512329,-5.248991136840253,-3.990844649855696,2.2772420697953155
1991-11-14,-0.065426074640551,13.96,7.35,1.75,3.547169811320749,137.2,-4.303159159142544,-5.521841372984449,-3.192746536737001,4.52977993917385
1991-11-15,-3.6585670408153295,21.18,7.33,1.79,3.547169811320749,137.2,-1.6935812428635177,-0.31885453877794623,0.4808939316742089,9.00893880628113
1991-11-18,0.6847512285355295,18.28,7.33,1.78,3.547169811320749,137.2,-2.569825082401589,-1.11099545420843,-0.6489461279653552,8.311707076871588
1991-11-19,-1.5107405654069872,20.34,7.37,1.87,3.547169811320749,137.2,-0.3848036268478072,0.17131249630515377,1.0700536120683557,10.521317141263431
1991-11-20,-0.2345724044435559,20.4,7.38,1.86,3.547169811320749,137.2,-0.5230790142692565,-0.3011608418185374,1.0540750395588105,10.416609727878168
1991-11-21,0.4041948548941576,19.11,7.39,1.89,2.925731432858192,137.2,-1.2734821788616402,-0.2525894493618841,1.8365550258290453,9.82476361041764
1991-11-22,-1.0314116022041795,21.2,7.44,1.95,2.925731432858192,137.2,1.3984099120544657,0.563618608663341,5.497950728563139,11.155418147759843
1991-11-25,-0.2126916252966681,21.92,7.45,1.95,2.925731432858192,137.2,1.4973078201152568,0.6820476324322255,6.391535799126102,11.26178649386973
1991-11-26,0.6980324886103784,19.8,7.42,1.97,2.925731432858192,137.2,0.5582643445983582,-0.06878485922435784,7.111865141950413,9.82644075777841
1991-11-27,-0.3730563271210574,19.84,7.42,1.99,2.925731432858192,137.2,0.22308508370756375,1.3278449507609702,7.943169467994804,10.035854407117695
1991-11-29,-0.3532031909125654,20.26,7.38,2.0,2.925731432858192,137.2,1.034061316078505,2.4652203960095376,10.639095276867593,12.05159668290312
1991-12-02,1.647031782867625,20.18,7.32,1.99,2.925731432858192,137.2,-0.8232784953089323,0.8023066616577257,9.357630574869047,10.322494952077221
1991-12-03,-0.1153650887382173,19.7,7.28,1.99,2.925731432858192,137.2,-0.803233312481455,0.46724034523892843,9.528564448959308,9.777929660729923
1991-12-04,-0.2336161672673475,19.54,7.17,1.95,2.925731432858192,137.2,-0.6235680457589265,0.8972040930344649,10.332304116849865,10.20600870361601
1991-12-05,-0.7051313242654955,20.19,7.21,1.99,2.925731432858192,137.2,1.1023007983946176,1.3593296499943675,10.750145799282485,9.996995752696613
1991-12-06,0.4531098833314706,19.04,7.26,2.07,2.925731432858192,137.2,1.4165114826511394,2.09443479651068,10.102871848150441,10.957696135641527
1991-12-09,-0.2215764506374729,19.74,7.22,2.13,2.925731432858192,137.2,1.6390793447329077,4.9066771742785065,10.532436765540186,10.361014785341816
1991-12-10,-0.0951768254232598,19.89,7.21,2.14,2.925731432858192,137.2,1.2807611579947142,5.670810537681925,10.50806882679014,10.604586928258875
1991-12-11,-0.0529192094953834,20.57,7.22,2.18,2.925731432858192,137.2,1.5303146922135857,7.185592600929724,9.902036719020234,10.532631907936185
1991-12-12,1.0193210117841245,19.08,7.19,2.13,2.925731432858192,137.2,0.2542265107421171,6.528634375327402,8.593895844314359,9.409408638479256
1991-12-13,0.7653029802529465,17.88,7.22,2.13,3.3758439609902435,137.8,0.6684545780057949,7.977218854619683,9.355736756183198,7.3695863105109005
1991-12-16,-0.0026035231860066,17.62,7.21,2.15,3.3758439609902435,137.8,3.2149030182207383,8.487230299131166,9.44441511876699,7.707315047357843
1991-12-17,-0.4473810692741775,18.12,7.18,2.16,3.3758439609902435,137.8,4.334534347385932,9.019182842668538,9.26738833822478,7.444870108441748
1991-12-18,0.1933481660748137,17.78,7.19,2.08,3.3758439609902435,137.8,5.570038786799758,9.351200668668213,9.226028306986711,7.434279981199099
1991-12-19,-0.2503447233630274,17.96,7.11,2.06,3.3758439609902435,137.8,6.258497105768379,9.26487594355223,8.521826389863785,8.840046819196324
1991-12-20,1.1816427013147337,17.65,6.97,2.17,3.3758439609902435,137.8,7.260232917304266,7.844146517488237,8.681434357119077,7.566364219550081
1991-12-23,2.526870236507284,16.61,6.88,2.09,3.0665669409125185,137.8,5.1081066074146975,5.362632525206901,5.199228264567135,4.910223412847015
1991-12-24,0.6325233611510273,15.67,6.88,2.04,3.0665669409125185,137.8,4.490026743863074,4.577667441457978,4.669005911351087,3.5630598801632107
1991-12-26,1.3798136756323576,15.44,6.85,2.0,3.0665669409125185,137.8,3.581661923516588,2.5343369870653554,3.122657836550924,2.819494455738547
1991-12-27,0.4001568846560888,15.7,6.82,1.97,3.0665669409125185,137.8,2.8293067563258667,1.9386913960715013,2.704225281816841,2.4072251075699436
1991-12-30,2.1355172405249423,17.63,6.76,1.96,3.0665669409125185,137.8,0.5443896440483709,1.2766747617565022,-0.5627414287516341,1.0826741812500096
1991-12-31,0.4697166306901312,19.31,6.71,1.94,3.0665669409125185,137.8,0.24215631506223634,0.882301831281529,-0.7189005098783507,-0.2196230074758443
1992-01-02,0.040761809016554,18.95,6.78,2.01,3.0665669409125185,137.8,0.08387470108484063,0.22767139606469922,-1.4440694684886402,-0.5520049175544939
1992-01-03,0.4984869202859787,18.75,6.85,2.05,3.0665669409125185,137.8,-1.0111103809326338,-0.11446820969142069,-1.7529946408886277,-2.2687821595064883
1992-01-06,-0.3290897350274546,18.96,6.82,2.06,3.0665669409125185,137.8,-0.8661104390841223,-0.6800442935315787,-0.38880666882873394,-1.7342849767229218
1992-01-07,-0.1339835319271065,19.23,6.76,2.09,3.0665669409125185,137.8,0.7283202178665737,0.7763869126593104,-0.25757753842768905,-0.2431171143776334
1992-01-08,0.1677077664751669,18.72,6.77,2.11,3.0665669409125185,137.8,0.6385991081509834,-0.15508748853695353,-0.42938288605464114,-1.004452310549253
1992-01-09,-0.1172018045442979,18.96,6.79,2.02,3.0665669409125185,137.8,0.14367618700747986,0.08734032047925666,-0.9701952492512378,-0.6859401096688811
1992-01-10,-0.6010342990084072,18.45,6.85,2.0,3.0665669409125185,137.8,0.9058008173358889,0.5737793472637698,0.2781092432569521,-0.5264947776750128
1992-01-13,-0.1830907623343813,18.01,6.92,1.99,3.0665669409125185,137.8,0.18769176350961203,0.7509748018747375,0.45962303918343217,0.8456691262102023
1992-01-14,1.4722223674832335,17.01,7.03,2.03,3.0665669409125185,137.8,0.04771914660022247,-1.8162288550993777,-0.19155504558467928,-0.9739863273533489
1992-01-15,0.0784860075990545,17.39,7.05,1.98,3.0665669409125185,137.8,-0.7886502830141584,-1.5871984600804967,-1.0922875655635433,-1.3289809080098025
1992-01-16,-0.6084078297966644,17.64,7.13,2.06,3.365744203440535,138.2,-0.05625504142969806,-1.6679434344505584,-0.7779052458858349,-0.7851214542901608
1992-01-17,0.1554228520994627,16.32,7.09,2.07,3.365744203440535,138.2,-0.32904101387905005,-1.6404041724851548,-2.1567827804508055,-0.8430155085828006
1992-01-21,-0.8934505797870917,17.92,7.03,2.06,3.365744203440535,138.2,0.5622277831240474,0.2932317303519394,-1.0614590750594566,-0.8021587724573398
1992-01-22,1.3304551278315424,16.75,7.09,2.14,3.05741983594332,138.2,-1.863058965860409,-1.0259987312137842,-1.0116497110781664,-2.7790388112529985
1992-01-23,-0.7581406239006494,16.46,7.2,2.18,3.05741983594332,138.2,-0.8048959915818998,-0.2747214561244493,-0.8506841266597065,-2.535181518773144
1992-01-24,0.125317992567564,16.24,7.25,2.12,3.05741983594332,138.2,-1.6125955593208396,-1.0566127207939258,-0.7726056339114495,-2.4718444352760716
1992-01-27,-0.1179408729651831,16.67,7.24,2.09,3.05741983594332,138.2,-1.3156923259750375,-0.293983288612365,-1.0939969961154095,-1.951848424431346
1992-01-28,-0.0072287958752803,17.67,7.16,2.06,3.05741983594332,138.2,-0.267492137656522,-0.2891800930603705,0.09398849442565638,-2.633987107396729
1992-01-29,-1.1133591701183665,17.62,7.25,2.1,3.05741983594332,138.2,0.8529512188029331,1.6547274468781348,0.8578225483955038,-1.5718627837930987
1992-01-30,0.3119361482478711,17.49,7.31,2.14,3.05741983594332,138.2,0.5344765155067321,0.5028928013153244,0.26238207634601274,-1.4042074845395325
1992-01-31,-0.6899558747339496,17.4,7.31,2.2,3.05741983594332,138.2,0.5650955441782513,0.905135333940077,0.8977967216336147,-0.5846626884868145
1992-02-03,0.18347277318842,18.2,7.36,2.21,3.05741983594332,138.2,1.035330805316681,-0.52499057526747,0.8106872107330299,0.01220613706389706
1992-02-04,1.0548695668438413,17.96,7.29,2.17,3.05741983594332,138.2,-0.0217461245773376,-1.3507300363534203,-1.0921878614445157,-1.1356801105992242
1992-02-05,-0.0024186940865922,18.22,7.21,2.14,3.05741983594332,138.2,0.7949953059239068,0.014497767041543597,-1.7712126998669087,-0.9762247681887382
1992-02-06,-0.0048301309319431,18.79,7.2,2.15,3.05741983594332,138.2,-0.03141580409636857,-0.5775493224437156,-2.2666871385615184,-0.608965126540062
1992-02-07,-0.6597097622177639,18.51,7.2,2.23,3.05741983594332,138.2,0.33812903763656976,0.2870399879084884,-1.4303449208672436,-0.2870399879084551
1992-02-10,0.6519235932898937,18.56,7.21,2.27,3.05741983594332,138.2,-1.5443324311875783,-0.8023725487086852,-1.6627533528071115,-1.181812180848607
1992-02-11,-0.0024117863334338,17.7,7.23,2.22,3.05741983594332,138.2,-1.3292729771336553,0.3842798483089993,-2.3516073947890015,-1.508125629513557
1992-02-12,0.8144806258817638,17.37,7.3,2.22,3.05741983594332,138.2,-0.7743415598299053,-0.7839329448785626,-3.1740680553763,-2.2223334266865624
1992-02-13,-0.8246835281898957,17.45,7.4,2.18,3.05741983594332,138.2,-0.5463051445013134,-0.23930726595579044,-1.8975576052572052,-2.4631976555560042
1992-02-14,-0.2924874780481312,17.03,7.41,2.14,3.05741983594332,138.2,-0.05091688495498792,-0.007272783770795321,-1.4764342939499464,-2.2982958528485753
1992-02-18,-1.236425030953725,18.22,7.47,2.23,3.05741983594332,138.2,0.7535979398650028,1.3427269760764915,0.5400318285346595,-0.9057887960082001
1992-02-19,0.2160157278866981,17.16,7.42,2.14,3.1319910514541416,138.3,1.7366374781504712,0.2620821978755572,0.21799444216208386,-0.9871157308819711
1992-02-20,1.3814686709328283,16.72,7.41,2.11,3.1319910514541416,138.3,-0.00966623472139494,-1.7854516162924994,-0.990578923405594,-3.2374955530527827
1992-02-21,-0.5967628067471975,16.87,7.45,1.99,3.1319910514541416,138.3,0.30868423640930676,-1.6989500908561883,-0.031598299863100365,-2.4013817803016146
1992-02-24,0.2041650712986786,17.13,7.47,2.01,3.1319910514541416,138.3,0.04366633472161485,-1.712469436711661,-0.5724368531429103,-1.6202956445514616
1992-02-25,-0.4414526536347662,16.35,7.44,2.01,2.596439169139475,138.3,0.5847225789029187,-0.8673401029887673,-0.3825087775675362,-3.018641559252322
1992-02-26,1.1938101475832852,16.64,7.33,1.96,2.596439169139475,138.3,-1.4493847219902545,-2.7254140262122695,-1.8851611832870208,-5.019864162062726
1992-02-27,-0.3587385891555161,16.51,7.35,2.01,2.596439169139475,138.3,-1.7759570497480892,-2.409020213600932,-1.449765672538561,-3.194309952892671
1992-02-28,-0.280281541001337,16.68,7.27,2.0,2.596439169139475,138.3,-2.0014561476391135,-1.6622281720940046,-2.2292250872084196,-2.0378006816948235
1992-03-02,-0.0605766882978864,16.88,7.38,1.93,2.596439169139475,138.3,-1.755369266013973,-1.469268366890475,-2.2911897023506045,-1.5444357973659728
1992-03-03,0.0969799696074691,17.26,7.43,1.95,2.596439169139475,138.3,-1.4436215010213083,-0.7920599449937171,-2.2187243615572783,-0.11141854142614482
1992-03-04,-0.8526146249753008,17.89,7.43,1.93,2.596439169139475,138.3,-1.2947958778566249,-0.04397251158864135,-1.245932561316776,1.6978996005718061
1992-03-05,-0.6889250480413445,18.47,7.51,1.89,2.596439169139475,138.3,-0.644509373507951,0.809322759171538,-1.4784407815911504,2.3443454159446597
1992-03-06,-0.5092143549951467,19.75,7.48,1.88,2.596439169139475,138.3,0.3461561388668821,1.6961688532667551,-0.7145719095519532,1.4192439421732317
1992-03-09,0.1903839899673132,19.68,7.42,1.88,2.596439169139475,138.3,0.29121275838284166,1.1598954384500093,0.09377974157245283,1.2462719125983401
1992-03-10,0.414605569652049,18.68,7.43,1.87,2.596439169139475,138.3,0.6611054159567642,0.4890732538851861,-2.170123810355251,0.7176344478935448
1992-03-11,-0.7028965484964678,19.79,7.51,1.93,2.596439169139475,138.3,1.2672314265417484,0.8637948283343633,-2.358735442439941,1.8736250642502172
1992-03-12,-0.0346469646517078,19.72,7.62,1.88,2.596439169139475,138.3,1.4632629998727609,0.982933610423764,-0.8046745109133169,1.2701414194900673
1992-03-13,0.4828001730001752,18.35,7.71,1.85,2.596439169139475,138.3,1.3453556831131586,-0.5765810070485378,-0.381920906503852,0.6431145014518025
1992-03-16,0.1355259007268738,18.46,7.69,1.82,2.596439169139475,138.3,0.8661603107342541,-0.8341776437027493,-0.07628831048916984,0.6693005745916025
1992-03-17,0.7849533228782013,16.79,7.62,1.79,2.8931750741839624,138.7,-0.17090231759396834,-1.4380546716044496,0.6860755330573287,0.5957328290931319
1992-03-18,-0.1049838102148981,16.69,7.62,1.78,2.8931750741839624,138.7,-0.3983880990170219,-1.2024888142613488,1.742638394030216,1.417577513642665
1992-03-19,0.1588644522010796,16.52,7.57,1.78,2.8931750741839624,138.7,-0.4734022692031936,-2.26939679599677,1.5226991063517215,0.6661813244629222
1992-03-20,0.3660322217378331,16.82,7.64,1.78,2.664692820133241,138.7,-1.8964230548178418,-2.3705325284151924,-0.27230613917529345,1.363971805407549
1992-03-23,-0.3379489842239014,16.73,7.62,1.75,2.664692820133241,138.7,-1.685736771578128,-1.0538916556376177,0.08538608484511823,1.6906132111607741
1992-03-24,-0.2512743700068154,16.32,7.53,1.75,2.664692820133241,138.7,-1.2693216541351138,-2.646254939103687,0.22744880274780943,1.9345537976053206
1992-03-25,-0.3326198035852656,16.19,7.53,1.81,2.664692820133241,138.7,-0.8073169699740479,-3.194932608136447,1.001182076913265,2.0440757053427516
1992-03-26,0.0834305916412869,16.29,7.57,1.88,2.664692820133241,138.7,-1.804537247069815,-1.7702081504518241,0.28441222570774194,2.008042645896513
1992-03-27,-1.068990709594697,16.02,7.54,1.86,2.664692820133241,138.7,-0.4832744007512546,0.19578898263241662,1.2267688245430675,3.714991383983901
1992-03-30,-0.123915737298641,15.97,7.54,1.93,2.664692820133241,138.7,0.6426789920324083,0.7642646581304202,1.516125397410062,3.2977688697076957
1992-03-31,0.1712164867013088,16.18,7.54,1.94,2.664692820133241,138.7,-1.3946356978780217,2.155122037805235,2.0634612008938236,3.1608436395393236
1992-04-01,0.1337681244658162,16.48,7.46,1.93,2.664692820133241,138.7,-2.407048146323132,2.980973076087645,2.6519557997552123,2.204191529562327
1992-04-02,-0.9227446960770712,17.06,7.47,1.92,2.664692820133241,138.7,0.034959962156677626,3.880151946297561,3.0037450135572463,2.394505952032566
1992-04-03,0.262169236696308,16.72,7.42,2.05,2.664692820133241,138.7,0.6823610597059382,2.1491732399857133,3.8251815056858707,2.8041364980517347
1992-04-06,1.0061035158105414,16.72,7.41,2.05,2.664692820133241,138.7,0.12080925042510238,1.151412379471961,2.7737370501189185,2.657856179055318
1992-04-07,-1.856554364576524,18.81,7.41,2.07,2.664692820133241,138.7,3.599964120417387,2.9518163272033826,4.7053235947355,4.353619352894844
1992-04-08,-0.8943369292137238,20.15,7.44,2.11,2.664692820133241,138.7,5.520912238098075,4.334602307608559,5.411915362107922,4.588087732196655
1992-04-09,1.5564042201362538,17.89,7.35,2.26,2.664692820133241,138.7,3.8438481762731236,2.091646879702669,3.846339002871102,3.339650028960617
1992-04-10,0.911040775516958,16.85,7.37,2.21,3.182827535159149,139.4,1.4568710594797807,1.0289652413329575,3.5123256546854,1.7611108280447096
1992-04-13,0.442746046034137,16.99,7.33,2.22,3.182827535159149,139.4,1.0293595674692124,0.7461581165014497,2.5142883939786476,1.4997111546607211
1992-04-14,1.5538879740011335,15.98,7.35,2.2,3.259259259259273,139.4,-0.6256254996967359,-0.08972710822812147,0.9845043319137714,1.0548207840691104
1992-04-15,0.9432779632590148,15.15,7.37,2.15,3.259259259259273,139.4,-1.1242415416317986,-0.319493268032478,-0.7542961804715476,-0.22340556320460392
1992-04-16,-0.0576511566923065,14.85,7.45,2.11,3.259259259259273,139.4,-1.687342415889781,-0.8436712079448738,-1.4301538517512147,0.30285050047313966
1992-04-20,-1.4085221970924655,15.93,7.59,2.14,3.259259259259273,139.4,-0.42176129982951505,1.6407457961139071,0.6411831219889308,0.8094025509535419
1992-04-21,0.0195077993253134,16.53,7.58,2.17,3.259259259259273,139.4,-0.2803159914902431,1.6038576550575279,1.4892958626538277,1.0554249668982996
1992-04-22,-0.1096895130696107,15.96,7.57,2.16,3.259259259259273,139.4,0.5392722159644814,1.7032310163029418,1.3616107764784724,0.8418565256056665
1992-04-23,0.4367898673984793,15.83,7.59,2.18,3.259259259259273,139.4,0.8138984581728126,1.0325558641831822,0.24295432098433434,0.4567553097508892
1992-04-24,-0.626826300190797,15.71,7.55,2.22,3.259259259259273,139.4,0.8581511563992672,1.7187421075066212,1.222434143636164,1.061071941338687
1992-04-27,-0.1393518219036438,16.49,7.6,2.18,3.259259259259273,139.4,2.0712427964844737,2.4580677505904314,0.7246887909450495,0.39416949527386613
1992-04-28,0.1615799056940092,16.24,7.57,2.17,3.259259259259273,139.4,1.8894701334863706,1.7550349418113953,0.7479719844877941,-0.45464188559566354
1992-04-29,0.7113010599359315,15.95,7.6,2.21,3.259259259259273,139.4,1.1577155619728385,1.0751961825843592,1.145575784321129,-0.7208391097269229
1992-04-30,0.7111361757893064,15.53,7.61,2.15,3.259259259259273,139.4,0.2168921243543176,-0.4361965309910065,0.09639568254424802,-1.2507536543502562
1992-05-01,-0.5832060143492579,16.61,7.56,2.23,3.259259259259273,139.4,0.8532686166067727,-0.591472728923037,1.1562768835689186,-0.542988447143955
1992-05-04,1.061742151061318,16.92,7.58,2.26,3.259259259259273,139.4,0.37897545234875096,-0.983427134753645,-0.8179232045659846,-2.060395831818973
1992-05-05,-0.016791951165429,16.66,7.56,2.26,3.259259259259273,139.4,-0.13194218352382547,-0.11275338855012418,-0.5397754581535574,-3.497741747518668
1992-05-06,-0.011992081711909,16.81,7.46,2.21,3.259259259259273,139.4,-0.08157497322874852,-0.3358991021334523,-0.8469489927603324,-3.7980797920537324
1992-05-07,-0.2255338233005943,16.54,7.49,2.15,3.259259259259273,139.4,-0.6516752231100265,-0.7815317908618447,-0.5699158548520988,-2.928938919565427
1992-05-08,0.0480898608916646,15.65,7.41,2.12,3.259259259259273,139.4,-1.4325181180017132,-0.48792184565739083,-0.6465575099943832,-3.0404985621052427
1992-05-11,0.5864685766125755,15.17,7.4,2.16,3.259259259259273,139.4,-1.3572589090124154,-1.6917935285143737,-2.0143833478693196,-3.452885857881638
1992-05-12,-0.5256951757008688,15.68,7.36,2.17,3.259259259259273,139.4,0.019214146538204524,-0.9896934907441701,-2.1715651010985715,-2.9907064670008032
1992-05-13,0.0384356239220506,15.19,7.34,2.2,3.481481481481463,139.7,-0.2545317631223232,0.06963093260750064,-1.7769298108181397,-3.2008684593859416
1992-05-14,-0.7948126933775335,15.49,7.34,2.21,3.481481481481463,139.7,-0.13070836175996803,0.5349255401849273,-0.8181257595415214,-2.3454524127012877
1992-05-15,-0.7382529414736827,14.82,7.28,2.17,3.2520325203251765,139.7,0.958324443628511,1.7581485818877418,0.04877275934971337,-0.2804247620653788
1992-05-18,0.6632693420938862,14.62,7.28,2.16,3.2520325203251765,139.7,-0.33913759472011806,0.16714770608439178,-1.0876650907025942,-1.1312669115998153
1992-05-19,0.862381623421915,13.57,7.2,2.2,3.2520325203251765,139.7,-1.0087138215305491,-0.4275040949566655,-3.3888093563493316,-0.8381944605284963
1992-05-20,-0.2353628936384244,13.62,7.25,2.12,3.2520325203251765,139.7,0.3249898982478072,-0.5127722881387298,-3.4738493185909047,-0.8714763251662205
1992-05-21,-0.6716599933879408,13.92,7.39,2.05,3.2520325203251765,139.7,0.6665050798157379,0.21328280896626417,-2.164321993136553,0.300530832775614
1992-05-22,0.3441548446802445,13.73,7.35,2.11,3.2520325203251765,139.7,0.792231985492009,-0.1594134775187328,-2.5650923624455313,-1.1738528284927718
1992-05-26,-0.6304008069224709,14.92,7.46,2.11,3.2520325203251765,139.7,0.5080081474166276,-0.3281412925059679,-1.7913991034696708,-0.2746663602620214
1992-05-27,0.1847329328066527,13.99,7.44,2.16,3.2520325203251765,139.7,0.5871322103301546,-1.1936854374285821,-2.0210148284608764,0.49979316580124333
1992-05-28,1.1087601372635758,13.77,7.36,2.14,3.2520325203251765,139.7,-0.8350483635594763,-1.8452758606346875,-3.2682236973532675,-0.5087093072098203
1992-05-29,-0.3335374966241256,13.86,7.33,2.14,3.2520325203251765,139.7,-0.450221521538019,-1.3458519936791702,-2.8650520576900096,-0.11556782936666954
1992-06-01,0.4694791527141806,14.43,7.39,2.1,3.2520325203251765,139.7,-0.9441654820658507,-1.6798417093471518,-2.003351448864654,0.09106275914896322
1992-06-02,-0.910612965283386,14.57,7.35,2.12,3.2520325203251765,139.7,-0.8319232022747758,-1.2527189058721189,-1.2962479689389128,0.8706181628816978
1992-06-03,0.263602500094473,14.35,7.34,2.14,3.2520325203251765,139.7,-1.7704229245098624,-2.9740193157522965,-0.41245362169435307,0.7115492976408344
1992-06-04,-0.3207956255610433,13.66,7.34,2.12,3.2520325203251765,139.7,-1.0187344221967765,-2.976338871385731,-0.36055285213734134,0.5710655025394251
1992-06-05,0.0532355455413968,14.65,7.31,2.18,3.2520325203251765,139.7,-0.8996810297623226,-2.37254457239483,0.08706233481610148,0.06529675111208721
1992-06-08,-0.0290281589379159,15.19,7.31,2.2,3.2520325203251765,139.7,-0.7426884351250607,-2.4095199845256543,-1.0160590860968544,0.09677386013118294
1992-06-09,-0.7983326664195878,15.97,7.33,2.22,3.2520325203251765,139.7,-0.4243257681155077,-1.4680751718074259,0.05365098327394513,0.21216288405783157
1992-06-10,-0.685264979594169,16.62,7.35,2.22,3.2520325203251765,139.7,-1.2252891919889541,-0.8373244105855049,1.7139376270909779,1.1860003860688861
1992-06-11,0.441985952846835,16.29,7.33,2.24,3.2520325203251765,139.7,-1.9777524946376857,-1.4496987783269688,1.3616935559078724,0.6234001678635082
1992-06-12,0.1735782896577387,14.95,7.29,2.23,3.3998521803399795,139.9,-1.4862349162315547,-1.5399251777162948,1.2470678518592626,0.43440031649619737
1992-06-15,0.1293437052581225,14.76,7.28,2.23,3.3998521803399795,139.9,-1.6793035426021286,-0.32903704097091424,1.8011611243149428,1.7621634254246343
1992-06-16,-0.4801484753893081,15.22,7.24,2.22,3.3998521803399795,139.9,-1.0481971744035645,-0.044081277564822496,2.1502739571429563,3.406642685295669
1992-06-17,-1.4841294695074558,18.08,7.23,2.23,3.095062638172452,139.9,0.3927774409358209,2.640082250128506,3.798537863159601,5.384577918826516
1992-06-18,-0.3231786105967416,18.2,7.19,2.25,3.095062638172452,139.9,0.5387080277687417,2.696028977695386,3.656226051110112,5.798583523414935
1992-06-19,0.6758833874725534,16.31,7.24,2.24,3.095062638172452,139.9,-0.05450026342926906,2.5193803284515814,2.4970857970529003,5.306310153749072
1992-06-22,-0.0668911542269778,16.66,7.24,2.25,3.095062638172452,139.9,1.3733288618599682,1.4278656055465966,2.568174523026623,5.195833359495894
1992-06-23,0.1586550962124455,14.53,7.25,2.15,3.095062638172452,139.9,1.014752503911942,1.5443990947449304,1.7052727415962199,4.492127886505237
1992-06-24,-0.0495030696963771,14.4,7.2,2.24,3.095062638172452,139.9,2.2385124373263343,2.572804759968439,2.0404096446853037,4.147682288008303
1992-06-25,-0.1782887349525141,14.4,7.14,2.25,3.095062638172452,139.9,2.145761560145365,2.8527485957765775,2.103594733340608,3.909508324200961
1992-06-26,0.0818657208377482,14.67,7.15,2.27,3.095062638172452,139.9,2.5752841285149985,2.830581872506177,2.005204137591954,3.9583593351108837
1992-06-29,1.3607609538397458,13.21,7.12,2.29,3.095062638172452,139.9,0.05379792130624228,2.137230445101146,2.098104005732493,2.435563015507447
1992-06-30,-0.1956247342379757,13.35,7.14,2.31,3.095062638172452,139.9,0.5243259798240585,2.195322961115709,3.452245756894845,2.3619306573415155
1992-07-01,1.1613637634765972,13.34,7.1,2.28,3.095062638172452,139.9,0.3269729915593267,1.1286581105888205,2.6739024448653836,1.1746769148803793
1992-07-02,-0.2688470877769133,13.88,6.93,2.38,3.095062638172452,139.9,0.6921354590076589,0.9349894859355112,3.021104687887566,1.9768353366245384
1992-07-06,0.5027096144566423,14.87,6.9,2.44,3.095062638172452,139.9,0.24888816654053958,-0.02174665056229319,2.718441933972593,1.667309577987397
1992-07-07,-1.130870074713641,15.83,6.87,2.47,3.095062638172452,139.9,2.0823122830714524,1.124256051995287,3.7149236370633387,2.9768287630184576
1992-07-08,0.2737303517360345,15.53,6.91,2.51,3.095062638172452,139.9,1.6622812090548722,0.15842690319254338,2.9028964847287453,1.927952541104605
1992-07-09,0.9627601196216418,14.6,6.91,2.51,3.095062638172452,139.9,0.7990723682024692,-0.5190411986188637,1.5353753187555386,0.9728891370523352
1992-07-10,0.0941467591714984,13.7,6.93,2.55,3.095062638172452,139.9,0.24118470208303044,-0.7283751505564151,1.027449186193019,0.05547513121335612
1992-07-13,0.0602961755207465,14.01,6.97,2.57,3.095062638172452,139.9,-0.26996291136240913,-0.8026578473878221,1.0967335223319052,-1.0003118917559006
1992-07-14,0.6773200259517553,13.5,6.97,2.65,3.389830508474589,140.3,-0.9385134502238657,-0.038307715216245875,0.2920899353802575,-1.4532674369515775
1992-07-15,-0.1388590745154072,12.52,6.9,2.65,3.389830508474589,140.3,-1.479264765631072,1.2299220349422102,0.1630286899618305,-0.8607039763503632
1992-07-16,0.1054908738833848,12.27,6.87,2.62,3.389830508474589,140.3,-1.3076643820753353,1.5279984557757809,0.04550520609227782,-0.9603893479811498
1992-07-17,-0.4598393898647912,12.6,6.9,2.63,3.389830508474589,140.3,-0.9672270489629486,2.066790924115347,1.0321949365579508,-0.18767113913198408
1992-07-20,-0.4499290551842283,12.66,6.9,2.6,3.161764705882364,140.3,-0.5341369075717695,2.740784613387426,1.6894236216011604,0.06767342097806495
1992-07-21,0.0024192787009047,12.6,6.89,2.55,3.161764705882364,140.3,0.9087343289112537,2.5618656553932695,1.8319766031906548,0.5582940603424014
1992-07-22,-0.6839754986101232,13.57,6.85,2.56,3.161764705882364,140.3,2.7498645783839093,2.7401284808405535,1.7667266675647886,1.7156251517784105
1992-07-23,0.2798515360234788,13.33,6.72,2.52,3.161764705882364,140.3,2.8732351099978404,2.0651354210167394,1.4997144716407007,1.4317667943885892
1992-07-24,-0.1164775005800589,13.37,6.73,2.48,3.161764705882364,140.3,3.0636504287104183,1.7687071601903748,0.7896015431988701,1.3313849337922123
1992-07-27,-0.0145766661088564,13.9,6.69,2.42,3.161764705882364,140.3,3.2925080214867064,1.9147603438784966,-0.1992533671557939,0.704668765191907
1992-07-28,1.4530739040156335,13.05,6.63,2.36,3.161764705882364,140.3,1.6382440404947296,0.330524266891441,-1.415501968198174,-0.27783188652826807
1992-07-29,1.1280949646945038,13.44,6.6,2.35,3.161764705882364,140.3,-0.0094755332119556,-1.053930817621429,-2.0652253496460937,-0.5399897496558004
1992-07-30,0.4002563525644209,13.5,6.69,2.36,3.161764705882364,140.3,-0.7855295773647963,-1.4601816959183056,-2.4509375163549896,-1.023784373937886
1992-07-31,0.0684039484239118,13.17,6.72,2.3,3.161764705882364,140.3,-1.2564500317362337,-1.01364604313523,-2.2088105669193503,0.24987567005623212
1992-08-03,0.2074455813249498,13.83,6.72,2.32,3.161764705882364,140.3,-1.333831179045042,-1.0233141548826041,-2.6018014194345684,-1.2515014161824434
1992-08-04,-0.1717309258314925,13.58,6.66,2.35,3.161764705882364,140.3,-1.2866414467789133,-0.7116573470446141,-1.9535249112792474,-1.0462748791335574
1992-08-05,-0.5113542711522423,13.82,6.64,2.35,3.161764705882364,140.3,-1.044554261495434,-0.947440720260806,-0.9971793341227331,-0.5353063200350228
1992-08-06,-0.378977733784136,14.23,6.65,2.36,3.161764705882364,140.3,-0.6799936699552034,-0.5539805018077049,-0.6205533593969914,0.5563604361171759
1992-08-07,-0.4065696925669049,13.94,6.57,2.39,3.161764705882364,140.3,0.24589351778321333,-0.9620890785714153,-0.42972170778370344,0.778268174088903
1992-08-10,0.1289172408869054,14.51,6.52,2.4,3.161764705882364,140.3,0.31471478813160925,-2.0742959154309126,-1.1873565463957458,-0.5436075309481425
1992-08-11,-0.1239853880600772,15.09,6.5,2.35,3.161764705882364,140.3,0.5824785096581353,-1.7402742065265597,-0.6063520128743227,-0.3485298344117149
1992-08-12,-0.2673657516128469,14.88,6.48,2.29,3.161764705882364,140.3,0.09813865271373068,-1.022066404841826,0.5194153463725204,0.1651592808230573
1992-08-13,-0.0119650996014186,15.34,6.55,2.36,3.308823529411775,140.5,0.12687591634736872,-1.005437027881806,0.4428639401725887,-0.8091362348689568
1992-08-14,0.5218664253099581,14.66,6.53,2.39,3.308823529411775,140.5,-1.2050195314388001,-1.2074033197595369,1.2764605045884059,-0.7835032545615128
1992-08-17,0.1976582041454566,14.61,6.56,2.43,3.0814380044020373,140.5,-2.3815157214055804,-1.594807151880251,-0.23054647602254175,-0.9364459126434244
1992-08-18,0.1426073388415938,13.84,6.48,2.44,3.0814380044020373,140.5,-2.309301531043162,-1.2507687519524247,-0.33701593072057445,-0.8401786148217516
1992-08-19,-0.7476133108327732,14.35,6.47,2.41,3.0814380044020373,140.5,-1.1191067812380329,-0.050214365205314415,0.4160764782077164,-0.4543374746866835
1992-08-20,0.0167405542480736,14.48,6.46,2.42,3.0814380044020373,140.5,-1.1308781322361128,-0.06694371270484778,1.1165262757903083,-1.862479884052748
1992-08-21,-0.8152832167770963,15.01,6.53,2.4,3.0814380044020373,140.5,-0.002412863800793641,0.5375389745549741,1.7572636947492004,-1.7548508309483513
1992-08-24,-0.9955417191875316,16.19,6.68,2.41,3.0814380044020373,140.5,0.8059012341147698,0.9057268235408422,1.563111951853724,-0.8619031297234958
1992-08-25,0.2166887729388111,15.62,6.73,2.41,3.0814380044020373,140.5,1.0835553391269181,1.1540050458064277,1.416393502908897,-1.7880968911082262
1992-08-26,0.4616079496807312,14.5,6.68,2.42,3.0814380044020373,140.5,1.080989846711744,1.5573994073460273,1.1994852211412166,-1.3929553407642237
1992-08-27,0.0048339854416656,13.66,6.64,2.41,3.0814380044020373,140.5,1.076103842567,1.463010618534999,0.19829451953652377,-2.6285868375389265
1992-08-28,0.3167841661936954,13.14,6.63,2.47,3.0814380044020373,140.5,0.5399648669725865,2.5142206074281193,0.42908080103423174,-2.4929679792197734
1992-08-31,-0.1952554155202568,13.58,6.62,2.47,3.0814380044020373,140.5,0.09902752537696013,1.386370613554222,0.6690309933673255,-2.2854973624397923
1992-09-01,0.492719984285328,13.4,6.56,2.44,3.0814380044020373,140.5,0.06969452790135389,0.9253265161493607,0.41579071749862084,-2.7099623865004197
1992-09-02,0.4590582422397515,12.73,6.54,2.44,3.0814380044020373,140.5,0.47131469661776393,0.46652510603357733,-0.40432613928551575,-2.650922998421079
1992-09-03,0.0,12.88,6.54,2.45,3.0814380044020373,140.5,0.3827875840669792,1.1842627779669268,-1.7967389751254337,-1.8824958937336822
1992-09-04,-0.2153271425441305,12.98,6.4,2.51,3.0814380044020373,140.5,1.9636527057351971,1.213203279725139,-2.2801332008768105,-1.5522917019880955
1992-09-08,-0.632968307243853,13.65,6.29,2.46,3.0814380044020373,140.5,1.2860695253516852,0.6514844588181523,-1.7517637590139246,-0.8798717537847889
1992-09-09,0.4632716192563224,13.36,6.31,2.46,3.0814380044020373,140.5,0.8550360748922348,0.25939502542058346,-2.9085372700590195,-1.519720789170731
1992-09-10,0.8622410850642748,12.92,6.31,2.48,3.0814380044020373,140.5,-0.0047671224355450015,-0.3524255133486198,-2.905110573259573,-2.549860294566242
1992-09-11,-0.0881118285533499,12.47,6.37,2.5,3.0814380044020373,140.5,0.7984189453084545,-1.2464799647561864,-4.032600088575022,-1.5076377922032203
1992-09-14,1.3561186480533616,13.0,6.32,2.52,3.0814380044020373,140.5,-0.735997000986055,-2.0340005455231736,-4.88438438782326,-2.7487558372211396
1992-09-15,-1.2932960571133023,13.63,6.4,2.51,3.374908290535572,140.9,-0.6265274874495241,-0.7075306235402645,-3.621658368647762,-1.0884197104231053
1992-09-16,0.0357396712459046,14.72,6.41,2.54,3.1478770131771583,140.9,-0.5905912809642255,-0.5048641567378942,-3.6019590207301055,-0.951959204312558
1992-09-17,0.0023764640235679,14.31,6.4,2.54,3.1478770131771583,140.9,-0.3476749650043187,-0.8668073713110069,-3.1029719612224227,-1.467355045616292
1992-09-18,0.7144047942096554,13.74,6.41,2.55,3.1478770131771583,140.9,-2.0287013739512805,-2.946112044749216,-3.0308652625459342,-1.2152377825994098
1992-09-21,-0.1867869484369566,13.45,6.42,2.51,3.1478770131771583,140.9,-1.307627644786813,-3.451463215670969,-2.7323460695836466,-1.6929010674145428
1992-09-22,-1.184441139550363,13.88,6.5,2.52,3.1478770131771583,140.9,-0.08151384272147011,-2.3876927705078987,-1.5214442398308603,-1.1802929640281956
1992-09-23,0.0719153719217269,13.83,6.54,2.57,3.1478770131771583,140.9,0.08623642905736251,-3.159736097226984,-1.7745128166195667,-0.96010953705854
1992-09-24,0.2467417528921212,13.44,6.48,2.57,3.1478770131771583,140.9,-0.5209435967744702,-2.561713190774062,-2.205206491515743,-1.3833664375702104
1992-09-25,-0.984537745876457,14.8,6.41,2.63,3.1478770131771583,140.9,-0.936407584326937,-2.821286899772779,-0.26445419601630604,-0.16189643383153207
1992-09-28,0.547843364362044,15.19,6.37,2.6,3.1478770131771583,140.9,-2.1722403866917595,-2.9095643980283192,-0.7295952633342817,-0.6987566826377023
1992-09-29,0.0432030814389028,14.97,6.37,2.57,3.1478770131771583,140.9,-2.308060316442684,-2.934893011935069,-0.38360319697429146,-0.5841277390938759
1992-09-30,0.2399232315948962,14.28,6.37,2.57,3.1478770131771583,140.9,-3.2431757273490236,-3.1128103276035213,-0.4493637239502579,-0.925274697129641
1992-10-01,-0.3614119895080314,16.31,6.23,2.56,3.1478770131771583,140.9,-2.051456525409334,-2.255717313863903,-0.6057987828099853,-0.9778334079424855
1992-10-02,-1.3980655804259334,17.79,6.26,2.55,3.1478770131771583,140.9,-1.9026963079804782,-0.08732593776751285,1.7834156864976247,0.08958961958280831
1992-10-05,-0.7065056856432994,20.01,6.24,2.56,3.1478770131771583,140.9,-0.7536961024672939,0.7448244893588196,1.8214280680241668,1.6624749127597482
1992-10-06,-0.0956926764552723,19.95,6.3,2.56,3.1478770131771583,140.9,-0.6416421841175635,0.8874378193319821,1.2369339899332754,1.9427424374819147
1992-10-07,-0.7195816907718866,21.02,6.46,2.58,3.1478770131771583,140.9,0.13473509566430675,1.4304208030640808,2.2713967016620984,3.418508317113078
1992-10-08,0.8658008658008587,19.26,6.41,2.58,3.1478770131771583,140.9,-0.20853887276797156,0.36587948221658007,1.2093262225668644,2.16311269926992
1992-10-09,-1.248313019715663,20.51,6.52,2.52,3.1478770131771583,140.9,1.8505813125225146,2.631062526131034,2.7365977394642416,4.055633392290003
1992-10-13,0.4565053358573934,17.9,6.51,2.52,3.1478770131771583,140.9,1.5099006542080184,2.2452975117249974,2.277060249738616,3.9703706042530484
1992-10-14,0.0171041598599153,18.42,6.51,2.49,3.1478770131771583,140.9,1.5389545852630082,2.628431466391401,2.4218437972053586,4.1875309471328
1992-10-15,0.0561865767085167,17.11,6.53,2.51,3.367496339677878,141.2,1.293942312986518,2.749018330141628,2.2578171973720806,4.4170888360018035
1992-10-16,0.5200207155939829,17.01,6.6,2.56,3.367496339677878,141.2,0.5756187438243909,1.6879949248304493,1.3073745806952086,3.739639293566288
1992-10-19,0.789352224341,17.31,6.69,2.54,3.367496339677878,141.2,0.7663002052130219,1.8723766947723819,0.17707018555033205,2.714535497315307
1992-10-20,0.1204877311588026,16.87,6.86,2.52,2.9905178701677526,141.2,0.7244582575468339,1.0686440560319532,0.9108660698474713,2.595696288140803
1992-10-21,0.0457308261245126,16.62,6.8,2.51,2.9905178701677526,141.2,1.0729644455946596,0.34642189171973925,1.0460218248775632,3.0616497548555444
1992-10-22,-0.185247794253951,15.84,6.74,2.5,2.9905178701677526,141.2,1.4364886822738843,0.8291160501353145,1.9600505433266413,4.029602690814316
1992-10-23,-0.1928146070709124,16.46,6.83,2.46,2.9905178701677526,141.2,1.1060097813958336,0.8403719916584729,1.79068148092274,4.6328317115198026
1992-10-26,0.9804389033452044,16.32,6.83,2.44,2.9905178701677526,141.2,1.0976650798002918,0.1028296996401945,1.3880503924396992,3.2991976260805522
1992-10-27,0.0789139490567469,16.24,6.78,2.46,2.9905178701677526,141.2,0.34171025035949487,0.031065231151572448,1.687190643002645,2.9784519192453063
1992-10-28,0.3918886202078697,15.95,6.76,2.43,2.9905178701677526,141.2,-0.7188297660607246,-0.2012967227835616,1.5191691604991453,2.3617025768236433
1992-10-29,0.1737510913921935,15.47,6.71,2.38,2.9905178701677526,141.2,-0.5987713494707392,-0.4780591977932791,1.6234417933809864,1.9744744436955841
1992-10-30,-0.5179852567737453,16.15,6.8,2.4,2.9905178701677526,141.2,-0.26273194868603467,-0.37430214295854913,2.0175875925693365,2.441498530961317
1992-11-02,0.972104565639098,16.67,6.88,2.41,2.9905178701677526,141.2,-0.9840339827579703,-1.6641474011168556,0.8266802344920166,1.208975469351814
1992-11-03,-0.6694231986435595,17.33,6.87,2.43,2.9905178701677526,141.2,-0.30958712825686074,-0.1561097288462876,1.510906024683778,2.8142929690465612
1992-11-04,-0.6691817456458193,16.28,6.89,2.45,2.9905178701677526,141.2,0.5212801602334949,0.6971847326182834,2.70585419185716,4.897559293864107
1992-11-05,0.2948888853119724,15.38,6.87,2.48,2.9905178701677526,141.2,0.12143929538521725,1.1216348387195652,3.1741690952517887,4.451673140375201
1992-11-06,-0.1816727475923985,14.69,6.97,2.49,2.9905178701677526,141.2,-0.11186409699444066,0.9423899084216814,3.760854551563031,4.549171915293981
1992-11-09,0.2418721677529989,14.23,7.0,2.43,2.9905178701677526,141.2,-0.6868724769502843,1.2839004618109051,3.1930844872527953,3.993711445421133
1992-11-10,0.0071666259488623,14.37,6.91,2.41,2.9905178701677526,141.2,0.1539540212437851,1.6556110924382361,2.9464713599549386,4.161529203846914
1992-11-12,0.158688510370708,14.37,6.79,2.35,2.9905178701677526,141.2,0.17499237186830996,1.7239361101753614,2.568168939517923,3.8498826985313483
1992-11-13,-0.1040514688880445,14.61,6.82,2.28,3.428154631655733,141.8,0.9989823861636049,2.1115956684876425,2.4643145237320363,3.6810876547967997
1992-11-16,-0.4142698270345413,14.86,6.9,2.22,3.428154631655733,141.8,1.0554346578655283,2.4008762668444428,2.8263798743576762,4.312069735728596
1992-11-17,-0.3351725032466834,15.01,6.86,2.19,3.352769679300316,141.8,1.984403258576073,2.532980159097309,2.9217450141895585,3.921101646240288
1992-11-18,0.853869149629749,14.55,6.78,2.2,3.352769679300316,141.8,1.4993487634805902,1.6696221962133384,2.9750470357533754,2.963225398707814
1992-11-19,0.1797278555225601,14.33,6.81,2.22,3.352769679300316,141.8,1.5462379398613502,1.9947622811625987,4.171292943689631,2.5329929315578203
1992-11-20,0.7176432685832346,13.67,6.84,2.18,3.352769679300316,141.8,1.1016084083600441,2.0297676751427796,3.293101725428804,1.8446021867509765
1992-11-23,-0.3586074771322001,13.4,6.86,2.17,3.352769679300316,141.8,1.3313896610647857,2.792151687411315,3.5731093846148587,1.3196311473409716
1992-11-24,0.5810127138391241,12.66,6.82,2.21,3.352769679300316,141.8,0.5379027410008286,1.8849827235491778,2.6754607309302347,0.3414465884567619
1992-11-25,0.3741916595848771,12.5,6.84,2.14,3.352769679300316,141.8,0.16775815294101104,1.2698367100886454,2.465105550474722,0.41007706507918407
1992-11-27,0.2260074128440425,12.58,6.93,2.16,3.352769679300316,141.8,0.44169469041965836,0.8299254449102955,2.089917741733327,0.20457617521869587
1992-11-30,0.2766418149700911,13.01,6.95,2.16,3.352769679300316,141.8,0.9180459949101882,0.34542487847271097,1.537036000695391,0.3894732008832724
1992-12-01,-0.13214496723154,12.8,6.94,2.13,3.352769679300316,141.8,1.44156912407154,0.4155273109230251,1.8663839007625471,1.1978280506828032
1992-12-02,-0.2065982945775868,12.56,6.93,2.12,3.352769679300316,141.8,1.3398727701915636,0.3791607875720082,1.3538292605843383,1.6887992278639574
1992-12-03,0.004649797155265,12.03,6.91,2.13,3.352769679300316,141.8,1.1002328268792105,1.2839871058247132,1.2723596041283036,1.2860331836979322
1992-12-04,0.5001032490916879,11.81,6.84,2.14,3.352769679300316,141.8,0.3865235007107781,2.133963170115716,0.5277042059391057,0.37437686598706943
1992-12-07,0.7522103454067786,12.0,6.78,2.16,3.352769679300316,141.8,-0.5674120131758942,1.23820143774942,-0.18148182889264897,0.11234114163658493
1992-12-08,0.3859301842832341,11.73,6.73,2.14,3.352769679300316,141.8,-1.0114609050393963,0.7597444789154473,-1.4325223432896883,-0.1305579943088664
1992-12-09,-0.3066423414348485,12.58,6.76,2.15,3.352769679300316,141.8,-0.9480098566910233,0.7758533065917339,-1.5149790418874542,1.0724809021193327
1992-12-10,-0.2318327240208528,12.75,6.77,2.1,3.352769679300316,141.8,0.18175455565976328,1.1802811964710447,-0.8489789980314799,1.293530716948288
1992-12-11,-0.2093695084299685,12.34,6.8,2.02,3.352769679300316,141.8,1.7407114107229171,1.2496213710992299,-0.6202020550270415,1.081519156025612
1992-12-14,-0.2052001535272074,12.66,6.83,2.03,3.571428571428581,142.1,1.8159171831719556,1.1875091701149199,0.04389669231446014,1.416527233646936
1992-12-15,-0.0623761703992586,12.41,6.83,2.06,3.571428571428581,142.1,1.7893034892208393,1.4448528317211107,0.7790635180727534,1.507586194046051
1992-12-16,-0.2427395086964212,12.58,6.77,2.1,3.12046444121914,142.1,1.740361966265036,0.9709868715429337,1.3046915614920218,2.621901320019915
1992-12-17,0.9061002413924156,12.14,6.77,2.08,3.12046444121914,142.1,0.9967150657722801,-0.011480098709215625,0.002020139541980548,1.7072881562036457
1992-12-18,1.3435009535210265,11.66,6.76,2.1,3.12046444121914,142.1,-0.48268783736055143,-1.5726981645676652,-1.722821918892814,1.4134705510918444
1992-12-21,-0.1314327805180482,11.65,6.71,2.07,3.12046444121914,142.1,-0.6172001691312046,-1.4023197236618379,-1.1120903770747925,2.0828248767119195
1992-12-22,-0.0884988966722066,11.75,6.65,2.01,3.12046444121914,142.1,-0.33839573087971475,-2.175736782127169,-0.8835894511528664,2.0300634159379216
1992-12-23,-0.290704000907116,11.51,6.68,2.05,3.12046444121914,142.1,-0.7562142298817465,-2.273195684594931,0.29434391850315933,2.081365285246739
1992-12-24,0.1685511779223603,11.57,6.69,2.09,3.12046444121914,142.1,-0.9982455011778635,-2.005588609268738,0.11192845002812035,1.336157552815087
1992-12-28,-0.1409816796680507,12.22,6.72,2.08,3.12046444121914,142.1,-1.0952971935433098,-1.8467460922871326,-0.16602749995237032,1.6843170323010304
1992-12-29,-0.2664198853278399,12.29,6.69,2.08,3.12046444121914,142.1,-0.7899954075220039,-1.1301913518573237,0.22633036963775055,2.2826768926764496
1992-12-30,0.1917887384857985,12.6,6.68,2.14,3.12046444121914,142.1,-1.8435796460651077,-0.6563066484534086,0.06183986725178947,1.3845014548050871
1992-12-31,-0.7087224413728332,12.57,6.7,2.14,3.12046444121914,142.1,-1.528540495449271,0.33049562085949447,1.6350384398810425,-0.3424455470532495
1993-01-04,-0.0757353695662654,13.36,6.6,2.12,3.12046444121914,142.1,-1.017500258647308,0.013501788269798531,1.7189655938598225,-0.40712288811154407
1993-01-05,-0.2388737501167082,13.35,6.61,2.13,3.12046444121914,142.1,-0.7597706452991626,-0.1525224724499341,3.033882530532339,-0.49120746565054496
1993-01-06,0.0414405022099773,13.37,6.63,2.11,3.12046444121914,142.1,-0.342904877116712,0.2943571753144969,3.534712571944909,0.0018757530035884429
1993-01-07,-0.8722217902901841,14.72,6.76,2.12,3.12046444121914,142.1,1.2095724287118914,1.3208863409443383,4.299342575878096,1.118761465691409
1993-01-08,-0.3900408958066981,13.77,6.75,2.25,3.12046444121914,142.1,1.8878933303744017,2.627262419030485,4.455851186730331,1.4120848541347986
1993-01-11,0.4428445328331643,12.86,6.71,2.23,3.12046444121914,142.1,1.0416003329994705,2.160854919423616,3.410139532099765,2.374484281862599
1993-01-12,0.0208832429148264,12.78,6.72,2.24,3.12046444121914,142.1,0.6118971880635593,1.7123411862790094,3.5974998117822787,2.694387556023048
1993-01-13,0.4616718158234834,12.42,6.71,2.25,3.12046444121914,142.1,0.6394547740383283,1.3720282663059136,3.4518811062733246,2.4627958155869267
1993-01-14,0.6720097153344096,11.99,6.65,2.25,3.12046444121914,142.1,0.10998358115863471,0.7228908967214398,2.054290548708204,1.4643468543225957
1993-01-15,0.2775591705972857,11.57,6.6,2.29,3.1930333817126177,142.2,0.7256692277056276,1.30024556437085,-0.6707244529676193,2.5318188928009855
1993-01-19,-0.3914457168330054,12.06,6.59,2.2,3.1930333817126177,142.2,1.1077166065615263,1.7052335685640685,-0.4205678921950451,3.247306488693602
1993-01-20,-0.4044790627800942,12.15,6.61,2.2,2.894356005788712,142.2,1.0937513643724417,3.191272410565471,-0.33920235301605484,3.2235737079410853
1993-01-21,0.4891882550877247,11.69,6.6,2.24,2.894356005788712,142.2,0.7279187808721499,3.230845172043173,-0.29162300905895,2.4386312786366826
1993-01-22,0.1423672486372984,11.3,6.57,2.27,2.894356005788712,142.2,0.6122339587299352,2.9396271020678766,-0.19948984118906,4.264980561846499
1993-01-25,0.8942754224988914,11.38,6.48,2.22,2.894356005788712,142.2,0.5704368519670044,1.7817768150471425,-1.1840689659381565,3.2703765395074136
1993-01-26,-0.0136354985709741,11.45,6.5,2.2,2.894356005788712,142.2,0.5909706816223048,1.2228603741241795,0.20911078182292986,3.723144427946079
1993-01-27,-0.4182354368484242,12.01,6.48,2.24,2.894356005788712,142.2,2.0748275911069314,1.8534217220020022,0.9655134846866975,3.5630358565359677
1993-01-28,0.1255434317721571,12.04,6.44,2.24,2.894356005788712,142.2,2.4848387829951912,2.0517028962896866,1.0760044638896904,2.5463873653637226
1993-01-29,0.027354925497125,12.42,6.39,2.19,2.894356005788712,142.2,2.313230759087004,1.3218441608789266,0.7361345082533832,2.882992372413762
1993-02-01,0.8523611479055004,12.33,6.38,2.19,2.894356005788712,142.2,1.204469226740179,-1.9456715098346788,1.2157653928365875,1.9999110375197082
1993-02-02,0.0067790789211041,12.25,6.46,2.21,2.894356005788712,142.2,0.6281773485433684,-2.090159361687116,1.5162178641377366,1.3015500902735733
1993-02-03,1.05073427687854,12.12,6.45,2.18,2.894356005788712,142.2,-0.2169054548804561,-3.4212920154089055,0.03130235398889347,1.0487482811684323
1993-02-04,0.5277247958727527,12.29,6.39,2.2,2.894356005788712,142.2,-0.4226341104196396,-3.4122244908792565,-0.7674197494810575,0.1379115402959208
1993-02-05,-0.1401381097592802,12.9,6.32,2.25,2.894356005788712,142.2,-0.9689720389560286,-3.0494737853911325,1.2875055963282867,-0.011134874876783663
1993-02-08,-0.2405690396911408,13.22,6.37,2.21,2.894356005788712,142.2,-3.1126498272692094,-2.9139261209545353,1.4625405166243777,0.20319384832134801
1993-02-09,-0.5626927535795412,13.48,6.41,2.21,2.894356005788712,142.2,-2.7013673325464893,-1.0015026136926064,2.4700784433286493,0.6152787448792996
1993-02-10,0.2021028094222998,13.43,6.4,2.13,2.894356005788712,142.2,-3.2113521585357296,-0.8717510146480367,1.6785043699368174,1.0420621163973909
1993-02-11,0.3204608924936458,12.69,6.37,2.17,2.894356005788712,142.2,-3.002279035754696,-0.9560824608595975,0.4847390636653959,0.026804967208526875
1993-02-12,-0.6880259716408599,12.38,6.35,2.15,2.894356005788712,142.2,-2.1008584776616823,-0.5780684880701048,1.5407814814898169,1.3923259319726045
1993-02-16,-2.400014222957348,15.76,6.34,2.2,2.894356005788712,142.2,0.20510800012634167,3.2241686331964114,4.023873915724385,4.162152844177713
1993-02-17,-0.1405858044276953,15.9,6.28,2.22,2.894356005788712,142.2,1.747059205511814,3.683365433253094,3.4641149754189193,4.239562924599594
1993-02-18,-0.3231003775502783,15.56,6.17,2.22,3.400868306801752,142.9,2.417226809201689,3.5749022133829467,4.628391070721816,4.260244074209085
1993-02-19,0.5371630833536978,15.02,6.15,2.16,3.400868306801752,142.9,2.109530568918583,2.7382396244837848,3.675554191472097,1.6512397880284801
1993-02-22,0.2349014349418254,14.7,6.09,2.1,3.3261026753434564,142.9,1.5554681746051013,4.4733943703607615,3.1339065698196444,1.6198002179787396
1993-02-23,-0.1010942126823621,15.04,5.92,2.02,3.3261026753434564,142.9,3.012880973159837,4.507821217522245,3.210676716785743,1.462745181163383
1993-02-24,1.396045881930652,14.72,6.01,2.04,3.3261026753434564,142.9,1.9030586661283877,3.5067007567545216,1.6331372710263636,0.42189667923437923
1993-02-25,0.3334319044126399,13.76,6.03,2.08,3.3261026753434564,142.9,1.130352227109177,2.57268277276006,1.9306435356567508,-0.11303522271094435
1993-02-26,0.2351151949929963,13.16,6.03,2.11,3.3261026753434564,142.9,0.6157202486998692,1.454729942356714,0.9923753547810499,1.1254432268982484
1993-03-01,-0.3089889264513812,13.6,5.94,2.06,3.3261026753434564,142.9,2.873233955988286,2.1311695893835303,1.981850875434188,1.6311828455878308
1993-03-02,1.3325454176891904,12.49,5.95,2.07,3.3261026753434564,142.9,1.4512168092375877,0.7747267845475525,0.9086866219425227,0.1696829149322454
1993-03-03,0.3036427523271934,13.13,5.88,2.07,3.3261026753434564,142.9,1.5736937748652258,-0.2114615559766886,0.536438501028913,-0.1914294284927731
1993-03-04,-0.4273724315538407,13.44,5.83,2.08,3.3261026753434564,142.9,1.426209356427277,1.01712754231571,0.6616871907966448,0.35767114870428607
1993-03-05,-0.2749611026059639,14.08,5.9,1.99,3.3261026753434564,142.9,0.8338753542517896,0.9123327111835611,-1.0580284813409002,0.302617324840071
1993-03-08,1.9277770921756645,16.22,5.85,1.88,3.3261026753434564,142.9,-0.7213386204250716,-1.282132937877556,-2.731407522058671,-2.1134317547786052
1993-03-09,-0.0681747849000991,14.17,5.91,1.89,3.3261026753434564,142.9,-0.666813120597709,-1.24119370744189,-2.913730284378313,-2.370156064774398
1993-03-10,0.4247343093540801,13.91,5.97,1.92,3.3261026753434564,142.9,-1.7574976989599644,-1.8100890783207202,-2.980294082379753,-3.6968850642288387
1993-03-11,-0.5719513133834342,14.26,5.96,1.95,3.3261026753434564,142.9,-0.40332949117125594,-0.6259358922352742,-2.6183560016861063,-3.678480648087601
1993-03-12,-0.8573601864523717,15.66,6.11,2.0,3.3261026753434564,142.9,0.07780853077017369,-0.45572501926557374,-0.32456516876594455,-3.621363295825264
1993-03-15,0.3556912947728863,14.74,6.17,2.07,3.3261026753434564,142.9,-0.5648689352371394,-0.14620288257706227,-0.4895535278856,-2.972771665128282
1993-03-16,-0.0132905565795704,14.51,6.06,2.04,3.3261026753434564,142.9,-0.5782363426449999,0.1329299931334349,-0.6003924683505857,-2.957663612542427
1993-03-17,-0.6779355277701349,14.53,6.02,2.04,3.6876355748373113,143.4,-0.053532206661011106,0.7494849294993777,0.0200745774978639,-2.1012207984331677
1993-03-18,0.7985583880216307,14.17,5.93,2.02,3.6876355748373113,143.4,-0.22350787423589535,-0.3518614715808055,-0.6528164180229279,-2.5891282895758705
1993-03-19,-0.3784155252880783,13.23,5.95,2.0,3.388608507570301,143.4,-0.5331187381783176,-1.9525474633152462,-0.6042030443281221,-1.7148699067715212
1993-03-22,-0.2887706726462657,13.66,5.96,2.04,3.388608507570301,143.4,0.4210444016887749,-1.4680975463834733,-0.8420956019824843,-1.0760152016806024
1993-03-23,-0.0267321145700938,13.02,5.91,2.03,3.388608507570301,143.4,0.7153024746466841,-1.6935568985937066,-1.143151076561344,-0.9448303457715745
1993-03-24,-0.1537575600300544,12.44,5.95,2.02,3.388608507570301,143.4,0.803447239196875,-1.1917772336023869,-1.9215782641998191,-1.073492418588351
1993-03-25,0.6271335980228887,12.08,5.98,2.06,3.388608507570301,143.4,-0.12864112037845876,-2.0049699359082074,-3.071772079827606,-1.900729070131646
1993-03-26,-0.6875457039443034,12.21,6.09,2.07,3.388608507570301,143.4,-1.4270365242483374,0.13176031522155185,-3.1801309288478685,-1.1121557461039155
1993-03-29,0.6677364425669019,12.63,6.06,2.11,3.388608507570301,143.4,-1.8812211716456417,-0.3438533688456591,-2.8307073583063835,-1.4220120723065333
1993-03-30,0.2662138643384493,12.23,6.02,2.11,3.388608507570301,143.4,-2.3917511183037643,-0.7323489500749902,-3.0864907337554426,-1.5863914437615922
1993-03-31,-0.0663733858792703,12.53,6.03,2.07,3.388608507570301,143.4,-1.9793216675068503,-0.7239841995340113,-2.829499058905671,-2.754223674713019
1993-04-01,-0.3033244612296593,13.02,6.06,2.12,3.388608507570301,143.4,-1.8787456549893888,-0.30201763011988847,-2.245166694565992,-2.385074511552665
1993-04-02,-1.978674969146954,14.5,6.16,2.17,3.388608507570301,143.4,1.5813634738224724,1.3751957690921524,0.24241074132427265,-0.23109257060615063
1993-04-05,0.2038999222039983,14.12,6.13,2.17,3.388608507570301,143.4,1.566843596259404,0.6353291967499786,0.3979242610153033,-0.4454093881035126
1993-04-06,-0.2554895794571687,14.24,6.08,2.15,3.388608507570301,143.4,1.700063454923817,0.5598878411912755,0.7616251073694347,1.4529883962506762
1993-04-07,0.3558816101155937,13.64,6.07,2.14,3.388608507570301,143.4,1.2806863708029415,-0.7386035394268853,0.11971150953062892,1.7753450537612903
1993-04-08,-0.2010287593684268,12.83,5.97,2.12,3.388608507570301,143.4,1.6069179255754795,-1.088628824565585,0.10637362497707414,0.9053050953180763
1993-04-12,1.4779102918295317,11.93,5.92,2.1,3.532804614275409,143.6,-0.2029581979212658,-3.307533227862358,-1.2422792302957397,-0.08252004398526802
1993-04-13,0.1895769370770406,11.7,5.93,2.11,3.532804614275409,143.6,-0.9171441845848283,-2.4954346254878246,-1.0818787800930818,-0.08236390102446256
1993-04-14,-0.1246599788682689,11.76,5.9,2.12,3.532804614275409,143.6,-1.1211159314938768,-2.3715095086680904,-0.8603432081384144,1.065394450203061
1993-04-15,-0.0579525171628181,10.96,5.88,2.09,3.012912482065988,143.6,-1.9937561469883014,-2.1208696203154687,-2.0450452798786323,0.8942930018305928
1993-04-16,0.1204300964032789,11.29,5.89,2.09,3.012912482065988,143.6,-2.652916558413365,-1.9490354952590772,-2.0893671385491364,0.2784336421798983
1993-04-19,-0.3296678795116525,12.06,5.87,2.09,3.012912482065988,143.6,-3.110888833857617,-1.1174183380598168,-1.584498384947175,1.4235898714593853
1993-04-20,-0.5274181818777035,11.94,5.87,2.09,3.012912482065988,143.6,-1.5928996272001283,-0.23590615505465484,-1.073915684958493,1.9658503437461228
1993-04-21,-0.330263132003028,12.11,5.86,2.09,3.012912482065988,143.6,-1.2645708828063817,0.2006140524905664,0.8881280341818121,1.9971564713940237
1993-04-22,-0.9399755160465096,12.68,5.85,2.1,3.012912482065988,143.6,-0.12969936233635515,0.8647017668126589,2.5326548717121034,2.4120525894560707
1993-04-23,-0.5529496934943756,13.36,5.89,2.14,3.012912482065988,143.6,0.723063329962681,1.208154770620995,2.0158793637054195,2.4391926622622684
1993-04-26,-0.7985699480866693,15.25,5.94,2.15,3.012912482065988,143.6,2.057476296154137,2.1358995860903507,3.335330343238696,2.5764595400655343
1993-04-27,1.0310469928036523,13.93,6.02,2.14,3.012912482065988,143.6,1.3789589033766037,1.4497329842611206,2.474828450539568,1.7739295542194666
1993-04-28,0.0022783150668725,13.12,6.03,2.17,3.012912482065988,143.6,1.4839505417633347,1.547874286414208,3.5203903507821765,1.6802922363688744
1993-04-29,0.198626924932066,12.8,5.99,2.2,3.012912482065988,143.6,0.9956925360190994,0.07746732132039025,3.080495924360882,1.9070826033470212
1993-04-30,0.296198990539831,12.42,6.05,2.22,3.012912482065988,143.6,0.4816091018490898,-0.14312112481388306,2.2717462787745113,1.7083507058234026
1993-05-03,0.5156839094668131,12.9,5.96,2.21,3.012912482065988,143.6,0.07684227827526868,-0.4723582647591318,2.5697227629092767,0.8610942530790533
1993-05-04,0.3593536971923106,12.14,5.92,2.17,3.012912482065988,143.6,0.06981141022761594,-0.8399911206593558,2.206962860027395,0.7611766638282891
1993-05-05,0.105844214305506,12.38,5.93,2.13,3.012912482065988,143.6,0.06298901876564678,0.6861374934599596,1.7929455182403187,0.9043506772709486
1993-05-06,-0.2834471518013415,13.22,5.89,2.09,3.012912482065988,143.6,-0.9091726504783737,1.6536539301484687,1.5340855577213652,0.09474865787650888
1993-05-07,-0.214323915106529,13.01,5.92,2.13,3.012912482065988,143.6,-0.6217358900271308,0.7980825210330833,1.21634259060579,0.8839962206803609
1993-05-10,0.1107798234450063,13.72,5.89,2.1,3.012912482065988,143.6,-0.5487788488642398,1.1743478659404616,0.4313468190524361,0.7068665241870331
1993-05-11,0.3523029813910394,13.35,5.89,2.1,3.012912482065988,143.6,-0.9091678280049198,1.0104466873633422,0.31956374888504335,-0.26329618973915947
1993-05-12,0.0990193662595784,13.56,5.96,2.14,3.012912482065988,143.6,0.6227562066704273,1.9424493897376216,0.13039952917304198,0.409174319731731
1993-05-13,-1.2522430214708449,14.76,6.02,2.11,3.443328550932545,144.2,2.5863408845977265,3.0007040380015226,1.8281990252134284,1.905606381128666
1993-05-14,0.0751284211032432,14.39,6.03,2.06,3.443328550932545,144.2,1.428701158926482,2.4183285426002676,1.8541254758737802,2.79597975547885
1993-05-17,0.1842746298782005,14.13,6.07,2.02,3.2211882605583497,144.2,1.7326350494842435,3.056518746581771,1.3397810845205749,2.3434855777292762
1993-05-18,-0.0113513167388834,14.19,6.15,2.07,3.2211882605583497,144.2,1.9372271614757963,3.072764933285077,1.6147313847420408,2.318766189418353
1993-05-19,1.6465297691234948,14.29,6.11,2.08,3.2211882605583497,144.2,1.311525576139716,1.0992655516776306,0.21672614447563188,0.32396757283219557
1993-05-20,0.6747523212573547,13.98,6.09,2.06,3.2211882605583497,144.2,0.4039164959299235,-0.11762329026485663,-1.5335457329877622,-1.0541734256430568
1993-05-21,-1.0541734256430455,14.51,6.16,2.02,3.2211882605583497,144.2,0.9756877218837445,0.4149484386128721,0.08523346625111117,-0.9891449170852606
1993-05-24,0.4844795621414821,14.1,6.16,1.97,3.2211882605583497,144.2,1.3013362884521484,-0.7343769073486439,-0.4620552062988392,-1.1540208544050023
1993-05-25,0.1897335052490234,14.04,6.17,1.98,3.2211882605583497,144.2,1.1139578772438874,-0.6839717684020474,-1.2610011329273085,-0.0467843271076962
1993-05-26,1.022612515422816,12.88,6.12,1.92,3.2211882605583497,144.2,-0.20951221813606535,-1.7775223877904867,-1.5040594758950587,-1.1754624781990852
1993-05-27,-0.2271521642888019,13.1,6.11,1.89,3.2211882605583497,144.2,-0.5194416755803566,-1.1383466003839215,-1.0631943413404676,-0.7581602192738068
1993-05-28,-0.4907055995077347,13.47,6.16,1.92,3.2211882605583497,144.2,-0.5553210836407807,-0.5508809553475214,0.36873401299604147,-0.46647106602264454
1993-06-01,0.8085439727935961,13.67,6.07,1.91,3.2211882605583497,144.2,-2.009562035790091,-1.6658215151655775,-0.6918855570949733,-0.8263006215881608
1993-06-02,0.0044112402975304,13.48,6.06,1.88,3.2211882605583497,144.2,-1.7781221142868175,-1.4145672229582518,-0.7315208283728669,-1.0201619082398583
1993-06-03,-0.2996619700012526,13.54,6.02,1.88,3.2211882605583497,144.2,-1.5713022398307186,-0.8729434406730796,-0.7668680624086099,-1.4895335542967514
1993-06-04,-0.5370268355599617,12.86,6.11,1.8,3.2211882605583497,144.2,-0.6221365613824137,-1.4175898585570335,-0.9376530337277811,-0.8954358976932197
1993-06-07,-0.5265953717379479,14.07,6.08,1.78,3.2211882605583497,144.2,0.004464922951785688,-0.32835247887750274,-1.3982911683279031,-0.08488125281785885
1993-06-08,-0.6656416203348559,14.74,6.09,1.76,3.2211882605583497,144.2,0.3507898604862447,0.27433636395515215,-0.42274851452318574,0.5554184228291126
1993-06-09,0.2406078893612662,13.96,6.07,1.78,3.2211882605583497,144.2,0.37013636793992166,-0.581003262816393,0.6415756375280246,-0.2848914301111005
1993-06-10,-0.0897289913364685,13.31,6.07,1.78,3.2211882605583497,144.2,0.7095073033062782,0.2784117429567523,0.612955327769682,0.38618734605202487
1993-06-11,0.4221125470837306,12.71,5.97,1.82,3.2211882605583497,144.2,-0.800433084039831,0.07601760284108305,0.38456405293296747,0.40915497301550197
1993-06-14,0.1006085229235953,12.33,5.97,1.84,3.2211882605583497,144.2,-0.332802542452193,0.9247090141951464,0.08487746310448241,0.1183799310741751
1993-06-15,-0.3216373252529325,11.99,5.96,1.85,3.3643521832498413,144.4,-0.07618624291588771,0.990434834639764,0.8537427235505213,0.2061562395822225
1993-06-16,0.25993315496593,11.87,5.96,1.87,3.216583273766971,144.4,-0.9476320997209853,0.6928471837519323,0.4000644959487598,0.628030665040824
1993-06-17,0.2480870498873688,11.66,5.93,1.85,3.216583273766971,144.4,-0.4280584543534749,0.10700951076962895,-0.622019996381773,-0.0914084929546366
1993-06-18,-1.083518922850757,12.24,5.97,1.81,3.216583273766971,144.4,0.8835226948353592,0.48683819369061965,0.5296624013499285,1.4582585033152684
1993-06-21,0.5724866090092151,12.25,5.92,1.76,3.216583273766971,144.4,1.2617105614743274,-1.073463433243249,0.24427330350698107,0.6835166027127748
1993-06-22,-0.0649922782771983,11.65,5.91,1.76,3.216583273766971,144.4,1.0674343156563015,-0.6951777531074566,0.28031305822231456,0.5852972242300636
1993-06-23,-0.6144440336775303,12.04,5.91,1.71,3.216583273766971,144.4,1.656173717244691,1.2297236347861729,0.2978423062224955,1.114646633316041
1993-06-24,0.7739327730513779,12.25,5.88,1.73,3.216583273766971,144.4,0.5373682151992965,0.33361476213893404,0.10747637624293205,0.46124167773844427
1993-06-25,0.2194283724513912,11.25,5.84,1.74,3.216583273766971,144.4,-0.3932103980396229,0.3083120786404381,0.3328843194944753,0.6970498379452295
1993-06-28,0.9495084767753736,11.11,5.8,1.74,3.216583273766971,144.4,-2.306077965471409,-0.8321367079418884,-0.7989412018096997,-0.5311483598684608
1993-06-29,-0.2567231706186224,11.29,5.79,1.76,3.216583273766971,144.4,-1.7439960563941037,-0.13535154226542723,-0.7765870068206948,-0.05103529811665286
1993-06-30,-0.0355019328679651,11.26,5.8,1.77,3.216583273766971,144.4,-0.41950239406481904,-0.2907681091476988,-0.06437052931161924,-0.34848008533784336
1993-07-01,-0.3351629790949162,11.51,5.8,1.81,3.216583273766971,144.4,-0.20266439899663258,-0.7282502101643051,-0.19820590455548182,0.24943781171653523
1993-07-02,-0.7082073746352613,11.33,5.76,1.83,3.216583273766971,144.4,0.7042918253699737,0.04261673312557779,0.966713976762068,1.4668958816260291
1993-07-06,-0.9891449170852606,13.87,5.8,1.8,3.216583273766971,144.4,1.5087338360809888,1.332035652396435,1.7760452320802145,2.6504796686128707
1993-07-07,0.3171496997741663,13.05,5.8,1.8,3.216583273766971,144.4,1.6371971681770736,0.982319679203969,1.2894388694981496,2.9830911124399284
1993-07-08,1.3120222777017745,12.24,5.78,1.78,3.216583273766971,144.4,0.12927660336319313,-0.9205609727096609,-0.11367906316260834,1.7363538188737149
1993-07-09,-0.1181413337128067,10.8,5.76,1.78,3.216583273766971,144.4,-0.5266531496081139,-0.2253864633822822,0.12720254911786633,1.7964380562132565
1993-07-12,0.194154485105491,10.85,5.75,1.76,3.216583273766971,144.4,-0.6570475599906089,0.024496714524313568,0.3875429176796841,1.3920441549880591
1993-07-13,-0.198230350273787,11.02,5.78,1.74,3.216583273766971,144.4,-0.17407190199991707,0.033474056040172506,0.30351399947685653,2.6066175927243584
1993-07-14,0.4441050348453768,10.78,5.72,1.75,3.216583273766971,144.4,-0.6443285600344573,-0.642104562984247,0.08443052216262625,2.2329405017730286
1993-07-15,-0.1910738929122413,10.6,5.72,1.73,3.216583273766971,144.4,-1.0484821339831751,0.22705779148304295,-0.057880273567179064,2.6312290842124275
1993-07-16,-0.7724502941262146,10.96,5.71,1.72,2.9223093371347098,144.4,0.302861716997338,0.5339326714105308,0.9848602688587116,3.3180052820912964
1993-07-19,0.0628152056751263,11.46,5.71,1.72,2.9223093371347098,144.4,0.6860519621927574,0.9237035913420844,1.4236724258221312,3.5580555479722387
1993-07-20,0.286975939465961,11.05,5.75,1.66,2.9223093371347098,144.4,0.20790786721893717,0.4381729596422135,1.3011127307648085,3.6328273655165333
1993-07-21,-0.0290637105188951,11.97,5.83,1.68,2.9223093371347098,144.4,0.0022384198284930434,0.30413164529181635,1.9813086484762543,3.571269171758784
1993-07-22,-0.5970711914412674,11.69,5.9,1.68,2.9223093371347098,144.4,1.2890554414671573,0.8143787626056387,2.6816005597807058,3.7771878379514012
1993-07-23,0.5826632203977278,11.32,5.95,1.7,2.9223093371347098,144.4,0.23037324205681387,0.35338549557071275,2.0263917322551173,3.184967577718645
1993-07-26,0.4450883934710159,11.32,5.93,1.71,2.9223093371347098,144.4,0.2360323247539542,0.362957290544097,1.3672125183162187,2.0998002076818123
1993-07-27,-0.1892729988303032,11.34,5.92,1.67,2.9223093371347098,144.4,0.22978734645211496,0.26994958036286043,2.572282489402178,1.8762278791126796
1993-07-28,-0.2342467909701051,11.37,5.9,1.69,2.9223093371347098,144.4,0.3018864679767752,0.7312303485810245,2.893625163970781,2.3055071674918715
1993-07-29,0.6820339847307677,11.25,5.81,1.69,2.9223093371347098,144.4,-0.4686357048080403,-0.2842925566497567,2.398724801172092,2.5497537391896197
1993-07-30,-0.4686357048080403,11.73,5.83,1.7,2.9223093371347098,144.4,0.12272951754535022,0.44853273463592025,2.769286485370359,3.1084713194832636
1993-08-02,0.4507595991480428,11.47,5.85,1.66,2.9223093371347098,144.4,0.12662608729254732,0.49539287272342136,2.610241066159391,2.1659447144726673
1993-08-03,-0.1954914794500384,11.49,5.83,1.66,2.9223093371347098,144.4,0.04007015775850942,0.8591750981664426,3.180717362469321,2.7444559822286774
1993-08-04,-0.1624814669576757,11.71,5.87,1.71,2.9223093371347098,144.4,0.4280516505951848,1.6720916433586863,3.257231255458737,2.4278735282025288
1993-08-05,-0.0914084929546033,12.03,5.86,1.74,2.9223093371347098,144.4,0.18521111356573083,1.8521383755901732,2.938875497435234,2.3876958857622643
1993-08-06,0.1227295175453724,12.33,5.86,1.77,2.9223093371347098,144.4,0.3254038505147605,1.6671148944529035,2.8216109184207916,1.4197190026680406
1993-08-09,0.4546689351481836,12.39,5.82,1.76,2.9223093371347098,144.4,0.3683004210182528,1.0006233922191798,1.7305617172177046,0.49476636942857866
1993-08-10,-0.281768949732053,12.31,5.82,1.72,2.9223093371347098,144.4,0.818776855230352,2.2961345035823033,1.6019538311051074,1.5018355360263191
1993-08-11,0.2247144778319887,12.07,5.75,1.65,2.9223093371347098,144.4,1.2387375562076253,2.146697511692053,1.5628487942250358,1.6161254978008577
1993-08-12,-0.3329929468663062,12.38,5.77,1.71,2.9223093371347098,144.4,1.663845634995842,2.690666723039681,2.84212624921647,1.9311327496320363
1993-08-13,0.2628348217699638,12.19,5.72,1.72,2.9935851746258013,144.5,1.3373592255230715,2.3103908912889715,2.6480611636950258,2.5902991880510706
1993-08-16,0.497620776087726,12.01,5.68,1.7,2.9935851746258013,144.5,0.6300026687195981,2.1044230317248447,1.6623168425889956,2.022634466095541
1993-08-17,0.1657898209259434,11.59,5.7,1.68,2.8469750889679624,144.5,1.4653596229136534,2.301766063467503,1.8692210026774791,1.5403924687253934
1993-08-18,0.6422006114695344,11.52,5.69,1.71,2.8469750889679624,144.5,0.8968503335793798,1.5590705241516067,0.7433523522806018,0.6337128490283783
1993-08-19,0.0855153327673274,11.63,5.64,1.71,2.8469750889679624,144.5,1.0100159812274523,1.066975263531167,0.5258186216936966,1.06259583755286
1993-08-20,-0.0591523383660863,11.62,5.61,1.68,2.8469750889679624,144.5,0.9601904699336083,1.1355648531645945,-0.24333914859462347,1.1355648531645945
1993-08-23,-0.2038742257793657,12.15,5.6,1.63,2.8469750889679624,144.5,1.4651896292392275,0.7227067521791142,-0.5008454460980416,1.3114252304606167
1993-08-24,0.9972932183243356,11.8,5.54,1.65,2.8469750889679624,144.5,0.824327084299803,-0.6785991238533517,-0.7764701681158059,0.21097532328806512
1993-08-25,0.0783034729850307,12.1,5.51,1.66,2.8469750889679624,144.5,0.6563338581758282,-0.5715786527510147,-0.5194216032588073,-0.20646604154249681
1993-08-26,0.1977709891666679,12.14,5.42,1.6,2.8469750889679624,144.5,0.056389736948747604,0.1474910340053759,-0.7396329166467375,-0.15834005136167173
1993-08-27,-0.1084504578199307,11.91,5.48,1.61,2.8469750889679624,144.5,0.1737064702579172,0.33004494408082063,0.273587359332339,0.0021024086216847593
1993-08-30,0.295302324733826,11.74,5.44,1.58,2.8469750889679624,144.5,-0.7317611880224284,-0.43299416030048166,-0.08010286254094279,-0.2123328463242924
1993-08-31,0.3593859458853821,11.85,5.45,1.57,2.8469750889679624,144.5,-1.4906384715035692,-0.42281289701455727,-0.7442428650446864,0.5808574690052914
1993-09-01,-0.0884467305782843,11.48,5.46,1.58,2.8469750889679624,144.5,-1.2199058557576414,-0.8031957831644898,-0.9111521702073966,1.2456737158429876
1993-09-02,-0.3994399498856715,11.87,5.41,1.58,2.8469750889679624,144.5,0.09104995422692941,-0.5354435911694932,-0.0043331918926803326,1.4243778078401048
1993-09-03,0.0086729993454603,11.16,5.31,1.6,2.8469750889679624,144.5,0.15606737469511245,-1.3634214667819555,0.0,0.9306359310923495
1993-09-07,-0.6112644354714369,12.9,5.23,1.53,2.8469750889679624,144.5,0.30096940501569414,-1.2147729521284956,0.5844942985199886,1.5208916209738854
1993-09-08,-0.4078328452397639,13.24,5.23,1.45,2.8469750889679624,144.5,1.0839838548543534,-0.09853973403425309,0.8956523360466484,1.7813300093865836
1993-09-09,0.1861395192985115,12.67,5.35,1.47,2.8469750889679624,144.5,0.4218563225751426,0.05245688183062036,0.3672115138320109,1.1359619243918484
1993-09-10,0.92240463840505,11.7,5.29,1.49,2.8469750889679624,144.5,-0.6259236422066938,-0.8858174493366899,-0.3053806762499778,0.41278210545758753
1993-09-13,0.0736369091639321,12.16,5.26,1.44,2.8469750889679624,144.5,-1.5171211103891302,-0.05627186231197401,-0.3268637382171313,0.3605058112296611
1993-09-14,-0.4674725519461242,13.15,5.37,1.46,3.1316725978647764,144.9,-1.5111941251770067,0.3544259413883699,0.22162091961617225,0.8991891757488935
1993-09-15,0.3696482343102492,12.7,5.39,1.5,3.1316725978647764,144.9,-1.1698426830768716,-0.3227947860163116,1.0079320326469965,1.2026701759930702
1993-09-16,-0.4701068888737669,13.36,5.37,1.49,3.1316725978647764,144.9,-0.3678476521664309,-0.10883050910279746,2.065459180044593,1.7024119226674905
1993-09-17,-0.1305979394207845,13.39,5.38,1.49,2.838892831795592,144.9,-0.2615307901773778,0.5339695047688942,1.9703716276118444,2.1118597639188774
1993-09-20,-0.8238342937295196,14.6,5.42,1.5,2.838892831795592,144.9,1.4833535174318069,1.3822675999682899,2.3257674100097825,2.815219780596223
1993-09-21,-0.4614823958401959,17.3,5.47,1.57,2.838892831795592,144.9,1.8942457977777716,1.821393040658359,2.7693053454001637,2.0967706228480543
1993-09-22,0.7175184705623838,13.75,5.45,1.55,2.838892831795592,144.9,0.857074318261275,0.9951727106231489,1.8817239892350734,0.1587381383562514
1993-09-23,0.3375664151987978,13.36,5.42,1.55,2.838892831795592,144.9,0.25997344929311605,0.3145896081024002,1.082936967595849,0.2756215257030181
1993-09-24,-0.0240279097105333,12.47,5.42,1.52,2.838892831795592,144.9,0.7975862285120705,0.5856243356393787,1.31020558448387,0.43939599371107807
1993-09-27,0.911212740786982,12.49,5.3,1.49,2.838892831795592,144.9,-0.0996083731566344,-0.2707442287247397,0.417012334148148,-0.44160423278505334
1993-09-28,-0.0584644912968057,12.19,5.28,1.49,2.838892831795592,144.9,-0.07149840165069365,-0.13233598869847318,0.5428392711634533,0.35024433294839064
1993-09-29,-0.3076752175351971,12.63,5.35,1.51,2.838892831795592,144.9,0.1369248446827731,1.3350362460570198,1.530405029650006,1.258287537859304
1993-09-30,-0.2564588279647228,12.99,5.4,1.51,2.838892831795592,144.9,0.05447453947007297,2.176658557737232,1.8132157637171131,1.1608936748726206
1993-10-01,0.5120620009631427,11.83,5.34,1.5,2.838892831795592,144.9,-0.2102846911355316,1.4287729112047343,1.569509556742621,1.2944299864527276
1993-10-04,0.0130067548457679,12.85,5.34,1.49,2.838892831795592,144.9,-0.1713064911770812,0.9306359310923495,1.4134150029885273,0.862453634696414
1993-10-05,-0.0303429427256585,12.97,5.35,1.49,2.838892831795592,144.9,-0.060881116072686314,0.9309559380741295,0.2704515956482023,0.6347620219040895
1993-10-06,-0.0997445707893285,12.68,5.35,1.5,2.838892831795592,144.9,1.1964731323960365,0.8778154983229758,-0.8281926252688532,0.5136169894316645
1993-10-07,-0.3385852306417303,13.14,5.33,1.5,2.838892831795592,144.9,2.1210285977065535,0.7659377987740079,-0.03884587730614841,0.098574957734332
1993-10-08,0.2460919249176463,12.04,5.26,1.48,2.838892831795592,144.9,1.6425115526857104,0.7203626299784549,-0.14537697896109814,0.2660610214547887
1993-10-12,0.0520721731974482,12.41,5.27,1.45,2.838892831795592,144.9,1.1038333604677097,0.6896236791841925,-0.17132385350613344,0.5029760433243435
1993-10-13,0.0802383590183364,11.38,5.27,1.43,2.838892831795592,144.9,0.9924412634643831,0.6760699437062367,0.4832197953406281,0.5744380940940541
1993-10-14,1.157120728702821,11.0,5.23,1.41,2.838892831795592,144.9,-0.3148900591190995,0.1927949017737518,-0.07573758399940234,-0.825082732109006
1993-10-15,0.5719455700220033,10.87,5.19,1.38,2.838892831795592,144.9,-1.3269458969814907,-0.3557004105930739,-0.9941261509257893,-1.4125642463365562
1993-10-18,-0.223639572517309,11.33,5.27,1.43,2.838892831795592,144.9,-0.9072472813004828,0.13875416363464677,-0.13245050777621614,-1.170191406346921
1993-10-19,-0.4781771146508462,11.61,5.27,1.41,2.620396600566588,144.9,-0.40968741492394267,0.4783275835354983,-0.06755361815264926,-0.4330500137120552
1993-10-20,-0.0300259825883331,11.32,5.26,1.4,2.620396600566588,144.9,-0.31326237468883855,-0.6544120545446619,-0.2934619150458895,-0.020330358825582096
1993-10-21,-0.1523423437462923,11.2,5.35,1.46,2.620396600566588,144.9,0.5092886602562352,-1.691162834131954,-0.36102933741397614,0.4639077889955434
1993-10-22,-0.4491138911119963,11.48,5.42,1.51,2.620396600566588,144.9,0.9843067038083131,-0.798666388325886,-0.6622901107439794,0.9885434297385087
1993-10-25,0.2007518758854631,11.83,5.47,1.52,2.620396600566588,144.9,1.0555781489938854,-0.8595477481748937,-0.45105239562398536,0.6847271370379993
1993-10-26,0.0215371786532525,11.83,5.43,1.5,2.620396600566588,144.9,0.8916680502441876,-0.8550508992202221,-0.1853692853739375,0.20753530135553255
1993-10-27,0.06676665232479,12.01,5.44,1.45,2.620396600566588,144.9,-0.34222173177951287,-0.19155510189605707,-0.10094936132190035,0.08674054220147998
1993-10-28,0.6715365001044304,11.88,5.41,1.44,2.620396600566588,144.9,-2.1893016294505796,-0.2680157650421955,-1.0159189938564683,-0.20158401822037986
1993-10-29,0.0213746357063282,11.46,5.43,1.44,2.620396600566588,144.9,-1.76559422976853,-0.6407047296869028,-1.0606365242150306,-0.7885390290140015
1993-11-01,0.2714703135118235,11.78,5.56,1.45,2.620396600566588,144.9,-1.8951214096713853,-0.2708288850565399,-1.307131870087641,-1.3178193722425458
1993-11-02,-0.1406957266088193,11.74,5.63,1.47,2.620396600566588,144.9,-1.731281664006712,-0.5432825314835132,-0.9070389796146272,-0.8578228745350192
1993-11-03,-1.1570347108458834,13.26,5.67,1.54,2.620396600566588,144.9,0.1511840144358345,0.3633278004222307,0.638258536521219,0.9608079948857373
1993-11-04,-1.194332622891059,14.68,5.67,1.54,2.620396600566588,144.9,1.9642900995653134,1.3530151866955276,2.192143336505392,2.0650715961436417
1993-11-05,0.4546584918236451,14.97,5.75,1.55,2.620396600566588,144.9,1.1451074511640291,0.13747423811434345,1.8015985803784496,1.4831639080218784
1993-11-08,0.1392571579215129,14.31,5.7,1.57,2.620396600566588,144.9,1.655669471237653,0.4120370073694035,1.5576637488906142,1.7819968200967207
1993-11-09,0.0260739921808417,13.94,5.64,1.52,2.620396600566588,144.9,1.2089291003687164,0.6754571159903744,1.0717502103870125,1.7685291314146534
1993-11-10,0.7364314181833809,13.72,5.72,1.55,3.045325779036845,145.5,0.2118235426511017,0.09077963359376273,0.27882975672210986,1.707589842285362
1993-11-12,0.5944146448485954,13.33,5.66,1.55,3.045325779036845,145.5,-0.5994990131082956,-0.7499131141844084,0.06661027285419507,1.1925455248886552
1993-11-15,-0.3523957534147803,14.46,5.69,1.58,3.045325779036845,145.5,-0.9962253621967898,-0.42263966686324483,-0.1487875884434109,1.4727733848551416
1993-11-16,0.6447418295148166,15.11,5.66,1.56,3.045325779036845,145.5,-1.2233773781010204,-1.0391172145978511,-1.0498337401995461,0.40708412688363893
1993-11-17,-0.4135048884095216,15.57,5.65,1.56,2.6093088857545688,145.5,-0.527099722445723,-0.3657434685055527,-0.3162585203468793,0.35283549343854137
1993-11-18,-0.2560191148333168,14.65,5.72,1.57,2.6093088857545688,145.5,-0.12078805152747618,0.2739354524450288,0.5953172414246977,0.392564458691802
1993-11-19,-0.2200053976131988,15.03,5.84,1.62,2.6093088857545688,145.5,-0.1513212705999467,0.8279261828216811,0.7025507905576545,0.9273688906873856
1993-11-22,-0.7501083387203122,15.9,5.89,1.63,2.6093088857545688,145.5,0.5793574006970115,1.6618397407417884,1.3438422330361188,1.8338995100755984
1993-11-23,0.4138248156901225,14.27,5.82,1.63,2.6093088857545688,145.5,0.18654227955179348,1.1409257053884403,1.3643382342963362,1.3209544615351732
1993-11-24,0.2884815686152953,13.51,5.84,1.66,2.6093088857545688,145.5,0.16221126908930739,0.3936342637511858,1.0857383186896774,1.6307658066881947
1993-11-26,0.1513998246407411,13.77,5.78,1.62,2.6093088857545688,145.5,0.395200859390199,0.1878795667461075,1.6153438055037217,2.6368054937704555
1993-11-29,-0.2505082857999663,14.12,5.76,1.59,2.6093088857545688,145.5,0.9807315088019131,0.8226928687508073,1.9571354545087738,2.647761668745363
1993-11-30,-0.0238115074725819,13.76,5.83,1.61,2.6093088857545688,145.5,1.0762470232656973,0.27501439835686536,1.903457819505583,2.6808732657125134
1993-12-01,0.0216561860727049,13.83,5.82,1.62,2.6093088857545688,145.5,0.9526064121202937,-0.010829052146732465,1.4613868639567817,2.2905856885256037
1993-12-02,0.26412580147539,13.51,5.81,1.59,2.6093088857545688,145.5,0.2310482084307397,0.049666600506004244,0.7212167651563739,2.547994792552144
1993-12-03,0.3843642661955915,12.69,5.8,1.56,2.6093088857545688,145.5,-0.2065051823886277,0.32050381540285056,0.11830492710946938,2.360393321862375
1993-12-06,0.331256421695425,12.84,5.72,1.53,2.6093088857545688,145.5,-0.1565037583801887,-0.12434590000063306,0.09862615609630421,2.033191007624624
1993-12-07,0.0707538312342492,12.41,5.71,1.54,2.6093088857545688,145.5,-0.7927012018208668,-0.31279928488076036,0.16924715288706427,2.107235364657778
1993-12-08,-0.1006944063051018,12.46,5.71,1.53,2.6093088857545688,145.5,-0.9543443190896839,0.22089231174200474,0.17799793198562952,2.1542042064860434
1993-12-09,-0.4525114908048411,12.43,5.68,1.5,2.6093088857545688,145.5,-0.18096349501159903,0.6893903781989064,1.2322808632337034,2.0241071074659
1993-12-10,-0.0538584178432333,12.6,5.73,1.52,2.8208744710860323,145.8,0.5280995507318753,1.4247873544489753,2.4443335237899877,1.8519907834552152
1993-12-13,0.3815272905813183,10.98,5.78,1.55,2.8208744710860323,145.8,0.03220826552559064,1.125185762727754,1.8101766061439317,1.9561253049694471
1993-12-14,-0.5668916854706607,11.13,5.82,1.57,2.8208744710860323,145.8,0.48373650200517204,1.623977249885522,2.3992605553743385,3.3716500004115746
1993-12-15,-0.263465042788269,11.03,5.83,1.61,2.8208744710860323,145.8,1.1865605035902727,1.4723753603990364,2.301663989065883,4.003204800077742
1993-12-16,0.3247878078759036,10.9,5.84,1.61,2.603800140745971,145.8,0.8719317513819158,0.6712167940867042,2.497087973338119,4.29668774682046
1993-12-17,0.6561075169312591,11.08,5.81,1.61,2.603800140745971,145.8,0.8919772757313593,-0.20155290354748612,2.033372470111394,3.188709764691633
1993-12-20,-0.1136409738299204,10.75,5.83,1.61,2.603800140745971,145.8,1.09262558145371,0.22324965789328743,2.1602230564267577,3.8187408402199363
1993-12-21,-0.1180676834475868,10.08,5.85,1.59,2.603800140745971,145.8,1.1347515404720232,0.4835590068833495,2.42762825335463,3.663276692819184
1993-12-22,0.4341327281849771,9.31,5.74,1.55,2.603800140745971,145.8,0.28246325933634076,-0.04279983820432154,1.9290507699037507,0.874804032313925
1993-12-23,0.0128386453936091,9.48,5.72,1.54,2.603800140745971,145.8,-0.1989799876043974,0.5391734749764732,1.3255783198742321,1.2804959935124316
1993-12-27,0.6761101521451929,9.7,5.72,1.52,2.603800140745971,145.8,-1.0838623732095987,1.0052238668029068,0.4212021934177468,0.4489185393767192
1993-12-28,0.0850074147193735,9.82,5.72,1.52,2.603800140745971,145.8,-0.8599795668181032,0.6773691818212191,0.8216939588039818,0.7300716729256251
1993-12-29,-0.0764462282401678,10.46,5.74,1.54,2.603800140745971,145.8,-0.6438860269786573,0.7628940792018701,1.719744491232289,-0.011654418160023106
1993-12-30,-0.4122512599736727,10.69,5.82,1.57,2.603800140745971,145.8,-0.32434693661195224,0.8172555591819952,2.4941068253206744,0.6698917224974288
1993-12-31,-0.4673101683493996,11.66,5.83,1.58,2.603800140745971,145.8,0.7396251686497823,1.8136973381240429,3.6012984328473108,1.153300766208054
1994-01-03,-0.2165311907370459,12.57,5.92,1.62,2.603800140745971,145.8,2.111977165843859,2.239439028043111,3.397109641357998,1.8664809832259266
1994-01-04,0.3115357939638574,11.91,5.88,1.59,2.603800140745971,145.8,1.5506843169105888,1.932658744498128,3.587482140720488,1.6081464034402249
1994-01-05,0.1413551637055699,10.94,5.9,1.59,2.603800140745971,145.8,1.4158968682717488,1.9347137638089595,3.164415867990922,0.9389275115281981
1994-01-06,-0.0919672092840828,11.27,5.84,1.6,2.603800140745971,145.8,1.1453172973624026,1.9726949183414,0.9179967716512305,0.4626091436653823
1994-01-07,0.5951358983465216,10.96,5.7,1.61,2.603800140745971,145.8,1.066186386614132,0.7821874973872767,0.7373469394200471,0.6732824828911133
1994-01-10,1.1427953153730908,10.74,5.67,1.59,2.603800140745971,145.8,0.12482557456725552,-0.5782093747500938,-0.5507688673210054,-0.6267698594867199
1994-01-11,-0.2398603230187479,11.29,5.67,1.59,2.603800140745971,145.8,0.3761416578892618,0.14335374290732616,0.05234790254522448,-1.7486196380242736
1994-01-12,0.0084383069010263,11.65,5.6,1.55,2.603800140745971,145.8,0.5115735417802636,0.9496059246554722,-0.7686842507253377,-1.373892093882878
1994-01-13,-0.3585237697217525,12.08,5.71,1.58,2.814919071076716,146.1,0.8180088244189365,1.6632581960677406,-0.146169260279172,-0.7917804222244973
1994-01-14,0.5164354213182065,11.15,5.78,1.61,2.814919071076716,146.1,-0.2810028748294502,1.755756977164502,-0.6486323443522957,-1.8719597676047584
1994-01-18,0.2007209447566715,11.63,5.74,1.6,2.814919071076716,146.1,-0.7021584759653421,1.1323131506984607,-0.3647888215768669,-1.9905118484779272
1994-01-19,0.0105403886070165,11.76,5.76,1.64,2.742616033755274,146.1,-0.23191558385988742,1.6234476924322339,-0.3183595376152315,-2.380345418071539
1994-01-20,0.1433740693360885,11.16,5.71,1.64,2.742616033755274,146.1,0.43580293038905094,1.2063624439376586,-0.9768862986048954,-2.1558845667398074
1994-01-21,-0.0547412016528969,11.09,5.73,1.64,2.742616033755274,146.1,0.838391257181903,-1.0342946683273735,-1.4808726746755485,-1.6451797983044858
1994-01-24,-0.5792888424605236,11.6,5.74,1.65,2.742616033755274,146.1,2.0424993338404196,-0.044492542859697615,-0.1080597843731157,-1.290335470928139
1994-01-25,-0.2224691802981238,11.38,5.78,1.67,2.742616033755274,146.1,1.8474436085499146,0.027600093758617383,-0.04884289895733529,-0.8196754775921633
1994-01-26,0.4841583951170847,11.17,5.77,1.64,2.742616033755274,146.1,1.8596761551051388,-0.09087556683562426,-1.8892650487707052,-1.9653461687735518
1994-01-27,0.8136042871133897,10.3,5.73,1.62,2.742616033755274,146.1,0.7672159638955289,-1.7021266795863577,-2.3016414945419172,-2.2240825119079877
1994-01-28,0.345880820937916,9.94,5.68,1.6,2.742616033755274,146.1,-1.8571160271023346,-1.779824381446904,-2.414873044455723,-2.3626482703540175
1994-01-31,0.6078907604607942,10.63,5.7,1.58,2.742616033755274,146.1,-2.0452183064159857,-2.3629024960783007,-3.5651218688131148,-3.0314935383409902
1994-02-01,-0.4131953852498204,10.65,5.77,1.57,2.742616033755274,146.1,-1.7868327866783051,-1.480339889036708,-3.087860745875537,-2.126679828467337
1994-02-02,0.496227202168864,10.61,5.77,1.57,2.742616033755274,146.1,-1.9149400386572868,-1.9107866089373426,-3.9398319988329877,-2.3029058306049177
1994-02-03,-0.2676366275771502,10.75,5.81,1.53,2.742616033755274,146.1,-2.450541696385311,-2.1572247928107857,-3.3221696042479154,-2.007446083505504
1994-02-04,-2.267478124074518,15.25,5.94,1.52,2.742616033755274,146.1,0.0787542025734389,-0.4512452115119081,-0.6172695156668517,-0.2703197080248465
1994-02-07,0.4150640082511314,13.96,5.96,1.55,2.742616033755274,146.1,-0.3243171840820014,-0.06359553678487728,-1.2463974820023038,-0.627442324780092
1994-02-08,-0.1505049088431631,13.66,6.01,1.57,2.742616033755274,146.1,0.3120690497393941,-0.07642190019986339,-0.8470417870234392,-0.5328477471801318
1994-02-09,0.3651419733098571,13.3,5.92,1.49,2.742616033755274,146.1,0.004234518204482285,-1.8000252650979376,-1.8761755871375851,-1.7809892983526088
1994-02-10,-0.8122335230926758,14.24,5.91,1.46,2.742616033755274,146.1,0.3006853227842443,-0.6098960177921442,-0.5309940232585353,-1.7806508932963316
1994-02-11,0.2665643101366521,14.46,5.88,1.44,2.742616033755274,146.1,-0.5295823457320159,-0.6465562284016846,-0.5933851016216685,-2.1651267247352
1994-02-14,0.0106381197256366,14.28,5.9,1.46,2.742616033755274,146.1,0.2615699636375979,-1.2313141249273185,-0.6847715257367826,-3.7747484391242425
1994-02-15,0.4869910413715317,13.4,5.88,1.44,2.742616033755274,146.1,-0.3872823615537535,-1.631675195619109,-0.6560517349559203,-5.707695303430427
1994-02-16,0.0571445732515218,13.13,5.89,1.45,2.742616033755274,146.1,-1.8041833848285393,-2.0685713747200962,-0.3997577390128293,-5.715014920558092
1994-02-17,-0.518203042101395,13.79,6.0,1.5,2.883263009845294,146.3,-0.9078515641702589,-1.1906293632516607,0.1530810108238967,-6.680270262957677
1994-02-18,-0.5634209119184996,14.7,6.09,1.52,2.379286214135768,146.3,-0.11759665378728856,-0.1667768768255251,0.1817456219030289,-4.148045456437788
1994-02-22,0.8060871504611988,13.52,6.05,1.48,2.379286214135768,146.3,-1.4889893396905052,-1.1835546331395164,-0.5642055975735749,-4.965427414075707
1994-02-23,-0.1633201178525167,13.91,6.13,1.46,2.379286214135768,146.3,-1.249230884937813,-0.7712092595942854,-0.45677492305610246,-4.208714324893692
1994-02-24,-1.366078022144035,15.96,6.22,1.5,2.379286214135768,146.3,-0.2692456756357431,-0.07754617274110531,0.01938489984005809,-3.696205423933119
1994-02-25,0.3898672124500901,14.8,6.21,1.49,2.379286214135768,146.3,-0.28536852166902715,0.07938616760854167,-1.1779390790392585,-3.475875287499841
1994-02-28,0.2295808156293599,14.87,6.15,1.48,2.379286214135768,146.3,-0.04923812542613204,0.05351714521566464,-1.5284528031303424,-4.189323695369351
1994-03-01,-0.5779877814713119,15.83,6.28,1.47,2.379286214135768,146.3,0.3100513379202141,0.5533561516469776,-2.575142406383657,-3.9143899277010785
1994-03-02,0.0796647823707141,16.08,6.3,1.51,2.379286214135768,146.3,0.48406876182052194,0.9918065216657501,-4.143630702176759,-3.965059437745422
1994-03-03,-0.3872523832153307,16.36,6.35,1.52,2.379286214135768,146.3,0.1922170389598854,1.704063403478706,-3.723466099724293,-3.6349143074386747
1994-03-04,0.3736378117668915,16.0,6.38,1.5,2.379286214135768,146.3,0.3657985632297134,1.359901763786553,-5.5557897639966995,-4.7940782475079935
1994-03-07,0.4669306436573261,14.26,6.32,1.45,2.379286214135768,146.3,0.10280589033502263,0.3491047246852341,-3.9879195072167417,-5.21942021504076
1994-03-08,-0.2205989957846932,16.23,6.38,1.46,2.379286214135768,146.3,0.242552775600835,0.6267671674149211,-3.827169421947707,-5.134372193919545
1994-03-09,0.2532825327152821,14.41,6.38,1.42,2.379286214135768,146.3,0.5052918000849616,0.3168781300184831,-3.464221461987149,-3.924546454005884
1994-03-10,-0.6765733907051041,16.55,6.48,1.52,2.379286214135768,146.3,1.5089459133646788,0.09700629725200027,-3.62146756068239,-3.5072190618097965
1994-03-11,0.5475336448244716,14.87,6.46,1.51,2.379286214135768,146.3,0.9904800388058188,-1.2563278960784907,-3.5524413080973205,-2.9435749323521665
1994-03-14,0.2036729701695216,16.61,6.5,1.51,2.379286214135768,146.3,0.24604588468781774,-1.581123776038762,-4.240571407826732,-3.3205714809555587
1994-03-15,-0.0813035946217954,14.78,6.47,1.48,2.379286214135768,146.3,0.3832847240773596,-3.111282087205991,-4.4431595824709795,-3.8350363563080303
1994-03-16,0.5160496802453673,14.51,6.4,1.44,2.6592022393281844,146.7,-0.1874664176302443,-5.085003824286282,-4.908186248106949,-3.9431658719584095
1994-03-17,0.315278519537987,12.76,6.4,1.46,2.6592022393281844,146.7,-1.3909509190625502,-5.336590615530268,-5.249522518816841,-3.796985583895107
1994-03-18,0.033978268036372,13.32,6.49,1.46,2.3012552301255207,146.7,-2.224772012194587,-6.8229066992387954,-6.071414735223435,-3.8275376539597117
1994-03-21,-0.5349613694078159,14.34,6.55,1.46,2.3012552301255207,146.7,-1.8226850192459287,-4.321936148609284,-5.5491525858687,-3.5898764283661233
1994-03-22,0.0554870967912179,13.39,6.44,1.41,2.3012552301255207,146.7,-3.4812238122002293,-4.426194654502325,-5.725255340608859,-3.7158667584798133
1994-03-23,-0.0554563256860984,12.31,6.44,1.44,2.3012552301255207,146.7,-4.906735888649072,-3.769155961078652,-4.228026891473968,-4.422248013579533
1994-03-24,-0.8942678031740647,13.43,6.58,1.5,2.3012552301255207,146.7,-4.001295756568113,-3.71487019990574,-3.6007324218653824,-4.744265853285223
1994-03-25,-0.8118917802726555,13.67,6.61,1.51,2.3012552301255207,146.7,-4.702760383865002,-2.3253271456244007,-1.7087140880257645,-3.163397722743777
1994-03-28,-0.1259252657897724,14.9,6.63,1.51,2.3012552301255207,146.7,-2.545650316321335,-2.702172320822016,-1.7673923658288238,-4.02391516644024
1994-03-29,-1.634780220363452,16.49,6.71,1.52,2.3012552301255207,146.7,-0.9790538997960785,-1.3746466296145732,-0.7469954032764514,-1.929369425026839
1994-03-30,-1.5315644945846585,18.59,6.78,1.59,2.3012552301255207,146.7,1.1962781362077957,0.1862904528300513,1.2030111134536225,-0.316456779971086
1994-03-31,0.0493774496084897,20.45,6.77,1.56,2.3012552301255207,146.7,0.2983639820138162,0.09197650631806997,1.6263993042783031,-0.2871433274655999
1994-04-04,-1.5366614520403332,23.87,7.16,1.59,2.3012552301255207,146.7,2.4947556170746177,0.8065200763342384,3.2147053950378757,2.380839644983168
1994-04-05,2.1347842045325693,18.13,6.97,1.52,2.3012552301255207,146.7,-0.16061058845368015,-1.2826518303772905,0.7651280667428706,1.2045760096264235
1994-04-06,-0.0535414011862966,17.38,6.93,1.53,2.3012552301255207,146.7,-0.39950409019336997,-1.3592225206587316,0.7432244572188607,1.881491669017632
1994-04-07,0.6316297660857062,16.98,6.86,1.49,2.3012552301255207,146.7,-0.9980482503697874,-0.4768439214870912,-0.6786722687756375,0.8960274354973707
1994-04-08,-0.8383602595726791,16.92,6.94,1.51,2.3012552301255207,146.7,-0.20577352162267637,0.11854143861815825,-1.0691117678469086,1.3643493670861817
1994-04-11,0.6195457338084909,16.61,6.92,1.49,2.3012552301255207,146.7,-1.6471433397506674,0.6312926775991823,-0.8580224050188545,1.098095559833756
1994-04-12,-0.5112561001917038,16.42,6.87,1.47,2.3012552301255207,146.7,-1.123846258011929,0.9607408277145346,-1.3584505195495478,1.9594675403079576
1994-04-13,-0.2926910957294804,17.02,6.93,1.5,2.506963788300842,147.2,-0.9635679237324557,0.6363994702062392,-0.562454558037373,2.4201110466163245
1994-04-14,0.0268890589704584,16.27,6.97,1.48,2.506963788300842,147.2,0.5264586401294347,1.0148301289808481,-0.5018124042009409,2.4530627648360115
1994-04-15,-0.0448076089527682,15.98,6.97,1.46,2.506963788300842,147.2,0.324983690625702,1.5330127863578902,-0.3787714530342434,2.3129695400120553
1994-04-18,-0.8337445160626622,17.22,7.14,1.44,2.506963788300842,147.2,2.3165936351198235,2.3889182137029286,1.561723951443672,3.4285616147679665
1994-04-19,0.0180845932715056,16.93,7.1,1.4,2.506963788300842,147.2,2.1082809219764576,2.074387060723626,2.519544827855391,3.4143772449510834
1994-04-20,-0.1310654581832881,17.01,7.05,1.38,2.506963788300842,147.2,1.6155341629296105,2.1314176870898427,3.2853696741746763,4.111234903393157
1994-04-21,1.5318172825917742,14.93,6.91,1.32,2.506963788300842,147.2,0.4858138797067424,-0.20279536465798165,1.3794491765327432,2.2619378352195074
1994-04-22,-0.2451376276567218,14.94,6.93,1.31,2.506963788300842,147.2,1.2041159153909575,-1.1862470121912216,1.2443328783728447,2.3635561639876013
1994-04-25,1.134862836908246,14.26,6.86,1.25,2.506963788300842,147.2,0.07068704695254446,-1.4799721269500687,0.46387447663036596,0.9608813999298027
1994-04-26,-0.1855484424345799,13.8,6.86,1.27,2.506963788300842,147.2,-0.033194037688966116,-2.2971219587440084,0.9892228448458606,1.325600349459255
1994-04-28,-0.6130057413866408,14.51,7.04,1.29,2.506963788300842,147.2,0.5076817520174526,-1.191272774617258,1.7724318296365338,2.1309301256195123
1994-04-29,0.4030277296804385,13.77,7.06,1.33,2.506963788300842,147.2,-0.6852800587245578,-1.5014058146168074,1.423783650399435,1.8163275099001286
1994-05-02,0.4679393525151454,14.11,7.09,1.28,2.506963788300842,147.2,-2.36192264115086,-1.882918852624682,0.7681804491464161,2.0639279348076967
1994-05-03,0.0022095637869812,13.81,7.13,1.27,2.506963788300842,147.2,-1.549563832988432,-0.807894327521641,1.0153866445733017,1.673175417232886
1994-05-04,-0.2891635348925225,14.29,7.14,1.25,2.506963788300842,147.2,-2.2646796596748175,0.4361111341936619,1.3127584919322643,2.26024781446188
1994-05-05,-0.0752670541423583,14.56,7.11,1.23,2.506963788300842,147.2,-1.690372812325469,1.129869743530132,1.93849969102462,1.5663093729760158
1994-05-06,-0.7886919048436747,15.08,7.35,1.23,2.506963788300842,147.2,-0.8217570933843676,1.585459780133358,2.469741721607943,1.7105094763137263
1994-05-09,-1.2281720133191842,16.16,7.49,1.23,2.506963788300842,147.2,0.49059117250507267,2.459758704705761,3.5924181288983448,2.0392450859815003
1994-05-10,0.8342381941365495,15.19,7.33,1.2,2.506963788300842,147.2,0.7533430367018479,1.9730471514738168,2.477520134307176,1.5874053086803785
1994-05-11,-1.0134345490643182,15.55,7.4,1.2,2.506963788300842,147.2,2.7633723248299935,3.3636110516644724,3.7078972296738844,1.8437597292107366
1994-05-12,0.5119050976501782,15.46,7.36,1.23,2.506963788300842,147.2,2.8687348701584625,2.9994360695422717,3.3622565470950994,-0.21408725792252392
1994-05-13,0.0878906250000088,14.54,7.29,1.24,2.646239554317553,147.4,2.4271622514872693,2.9697778828301935,3.3683052554766446,0.713735039763419
1994-05-16,0.0787984811984499,14.67,7.24,1.21,2.646239554317553,147.4,1.9595541326056898,2.7019753041665373,4.0225888716604485,0.35546741761511846
1994-05-17,1.0978885891759438,14.08,7.03,1.15,2.2191400832177743,147.4,1.210584262526826,1.838131129220355,2.5012774231719437,-0.3872065899551691
1994-05-18,0.9613475245698444,12.55,7.03,1.2,2.2191400832177743,147.4,0.584097926386784,0.8728408018181089,1.816215960244616,-2.0763105594223563
1994-05-19,0.6149592298503981,12.33,6.96,1.23,2.2191400832177743,147.4,0.12705629125193685,0.7995955592004833,0.43156352376674256,-2.2520151007454747
1994-05-20,-0.3417449879619116,12.79,7.02,1.22,2.2191400832177743,147.4,0.5297575559212175,0.8704808182080859,0.12309802648036161,-1.8794553016307725
1994-05-23,-0.3780887122866394,13.49,7.19,1.25,2.2191400832177743,147.4,0.7281526266732063,1.1054675889457855,-0.41041831841138743,-1.5600192263430013
1994-05-24,0.3552483027796205,12.73,7.17,1.23,2.2191400832177743,147.4,0.6200407509413752,0.49471208022646707,-0.3781801697271381,-1.4137755788784734
1994-05-25,0.3364039461555057,12.43,7.14,1.19,2.2191400832177743,147.4,0.287066128129565,0.33308257568254174,-1.4703930203194049,-1.487927553887769
1994-05-26,0.1577773647896574,12.5,7.09,1.17,2.2191400832177743,147.4,0.6716858488201582,0.3522548194418107,-3.1199426424967203,-1.9691069111438142
1994-05-27,0.0590708036393605,12.49,7.12,1.15,2.2191400832177743,147.4,0.3389277668329749,0.3870333420549432,-2.1909757304069855,-2.0510298123108672
1994-05-31,-0.181485272480486,13.03,7.17,1.16,2.2191400832177743,147.4,0.3745873943216349,1.2858696861308916,-2.284773861069278,-1.7020786448350589
1994-06-01,0.2475366665525724,12.72,7.12,1.14,2.2191400832177743,147.4,-0.12455637046013823,0.6511768102952953,-2.1851714033831127,-0.922142598972242
1994-06-02,0.0043679421057651,12.73,7.07,1.14,2.2191400832177743,147.4,0.04588472804081256,0.9352122443740285,-2.9236327021210373,-0.762589376361833
1994-06-03,0.5419012388076405,12.19,6.98,1.14,2.2191400832177743,147.4,-0.3172997717134196,-0.3651126112084624,-3.027403674604756,-1.0670905200716452
1994-06-06,-0.2716623534077866,13.03,6.91,1.13,2.2191400832177743,147.4,0.047943082802071046,-0.7409331111196904,-2.7262050280050354,-1.0939721665432
1994-06-07,-0.1460105954944501,13.05,6.95,1.15,2.2191400832177743,147.4,0.9078814822215175,-1.4993115046163186,-2.636342899006805,-1.442566830673453
1994-06-08,-0.2509752990833891,13.32,6.96,1.18,2.2191400832177743,147.4,0.7767006108456487,-0.8685952045484613,-1.899092618506515,-0.9736166435044491
1994-06-09,0.175029054662823,13.21,6.98,1.18,2.2191400832177743,147.4,0.8889196379748387,-1.7974884750915021,-1.8149647980731598,-1.0374350569973823
1994-06-10,0.1769161101837557,12.69,7.03,1.18,2.2191400832177743,147.4,-0.047965032433461285,-3.460009412031506,-2.3132133251637765,-0.9636586867109553
1994-06-13,0.0937477190993574,11.92,7.07,1.16,2.2191400832177743,147.4,-0.7884981635942978,-2.568069786142302,-2.4286634171750587,-1.2502767753523436
1994-06-14,0.7122607210191534,11.6,7.0,1.19,2.4271844660194164,147.7,-2.3855351549144754,-3.5253126208670826,-2.9500149825687494,-2.119512056677686
1994-06-15,-0.3806496494606959,11.52,7.1,1.22,2.4271844660194164,147.7,-1.6326152825219875,-2.817998063772542,-1.5631406001669235,-1.3829476823707276
1994-06-16,0.2865780956119002,11.22,7.07,1.24,2.4271844660194164,147.7,-2.662738507564677,-3.8230909319855733,-1.6820706896868654,-0.7944889849861303
1994-06-17,-0.7533566825985494,12.31,7.14,1.26,2.285318559556781,147.7,-3.4136817531581154,-2.6720470441318422,-0.7045503109005868,0.5584027681162729
1994-06-20,-0.6478353455385943,13.96,7.16,1.24,2.285318559556781,147.7,-1.7937150326405082,-2.0000912552481043,-0.3556743645583227,1.1153039540121368
1994-06-21,-0.9089344314962222,14.7,7.22,1.18,2.285318559556781,147.7,-1.1676317313847329,-1.1543385246934212,0.05760840336210826,2.2399999891814515
1994-06-22,0.3877343054458304,14.02,7.13,1.16,2.285318559556781,147.7,-1.2050567214479835,-1.0395266929631441,-0.10594164298660669,1.1719520628377778
1994-06-23,-0.7636433121551045,14.12,7.1,1.16,2.285318559556781,147.7,-1.1920947914803137,-0.0177962077652416,0.7739653561724902,1.6591400427162561
1994-06-24,-1.5190305397042805,16.72,7.22,1.16,2.285318559556781,147.7,0.767846546475548,1.1878974504588857,2.5858203529094625,3.4078652374588625
1994-06-27,1.0185207520226225,15.53,7.18,1.13,2.285318559556781,147.7,-0.21014563647957507,0.14308078333382657,1.3525268440207183,2.3719603691063185
1994-06-28,-0.2772104896252791,15.04,7.26,1.13,2.285318559556781,147.7,0.01345025615007156,0.5963197745720406,1.4571703753387677,3.1900778431863897
1994-06-29,0.3497203427667017,14.42,7.24,1.12,2.285318559556781,147.7,0.16754909005627372,1.2912447146633976,1.4766627079194627,2.513236350844106
1994-06-30,-0.7506234685988655,14.97,7.34,1.15,2.285318559556781,147.7,1.1884662277141578,2.226127105815623,3.1489907258900107,3.977314215385963
1994-07-01,0.4344257413480212,14.36,7.34,1.15,2.285318559556781,147.7,0.4168501346206721,2.021512498185807,3.3191387614131207,3.368444277926841
1994-07-05,0.0380956758193384,14.92,7.31,1.17,2.285318559556781,147.7,0.3539702728963423,1.6779779815640383,3.178977663514515,4.175911206474314
1994-07-06,-0.0537648670386081,14.7,7.32,1.21,2.285318559556781,147.7,0.5827911315219758,1.2261002758915396,3.433978247717895,4.267816182846329
1994-07-07,0.5043372952668879,14.01,7.3,1.19,2.285318559556781,147.7,1.12181603205328,0.9433918601823743,2.2347091539665076,3.298543285574773
1994-07-08,0.2609355674684899,13.26,7.42,1.17,2.285318559556781,147.7,1.02547347221007,0.7919024925506335,1.6772347346596161,3.1431443146473503
1994-07-11,-0.3314403903534768,13.83,7.47,1.18,2.285318559556781,147.7,1.5980010938541733,1.3815119571339851,2.1939064284707266,3.182611668822344
1994-07-12,-0.0245470142752779,13.4,7.43,1.19,2.285318559556781,147.7,1.3193376456031025,1.2077180482430006,2.2256950438690914,3.696840519548883
1994-07-13,0.1741262993729675,12.42,7.41,1.19,2.5623268698060864,148.1,0.6395817188333597,0.8557476085564675,2.5783826629311335,4.52387567043897
1994-07-14,1.0429417603459168,11.64,7.25,1.2,2.5623268698060864,148.1,-0.17644478597413915,0.18305431410023942,1.206413880709012,3.2354784393086478
1994-07-15,0.1654132008430231,11.28,7.25,1.21,2.5623268698060864,148.1,-0.23120008412896853,0.9027668818159418,1.7130523860672264,4.324463619097418
1994-07-18,0.2333973819901524,11.44,7.2,1.21,2.5623268698060864,148.1,-0.21308405125036733,1.271914355563375,1.3202429044218311,4.255084369150297
1994-07-19,-0.2987601303751308,11.65,7.15,1.21,2.5623268698060864,148.1,-0.11016613408046938,1.4762288862811612,2.456710169200238,4.893584517139615
1994-07-20,-0.4979463537188144,11.7,7.25,1.19,2.5623268698060864,148.1,0.214792118599072,2.1811350687311215,3.0048731489849434,5.290076131084787
1994-07-21,0.2236446488920851,11.65,7.27,1.16,2.5623268698060864,148.1,0.36013453869039314,1.2792489631938908,2.333140765325692,4.542548494638754
1994-07-22,0.1104703864656553,11.22,7.29,1.14,2.5623268698060864,148.1,1.13659477401864,0.8783763578372961,2.3327685696482137,3.9460628679237164
1994-07-25,0.2515977765427113,11.46,7.27,1.14,2.5623268698060864,148.1,1.4881694585855865,0.8013240833103952,1.7765563729705836,3.876716643161826
1994-07-26,-0.1959305775316444,11.66,7.28,1.12,2.5623268698060864,148.1,1.588144617890741,1.005829412279402,2.4594196167127436,3.8887430413914847
1994-07-27,-0.1742496146260319,11.93,7.34,1.12,2.5623268698060864,148.1,1.9621284528585248,1.7080187249819634,3.6370044829962422,4.545154780768046
1994-07-28,0.3689999078882566,12.03,7.29,1.08,2.5623268698060864,148.1,0.9158162538624115,1.0214896856710842,3.0468467408053534,3.0688628788965833
1994-07-29,0.8849990352403303,11.13,7.12,1.13,2.5623268698060864,148.1,-0.2553165021606074,0.8030359615414318,3.3910831615640236,1.7348189935925573
1994-08-01,0.6000960025742685,11.17,7.13,1.1,2.5623268698060864,148.1,-0.6767738337772,0.04772157134180777,2.945703191817839,1.40994769360967
1994-08-02,-0.0976144112922905,11.27,7.11,1.13,2.5623268698060864,148.1,-0.5732117736785391,0.9662176981545478,3.367641533750887,1.789124170152645
1994-08-03,0.1932461901066995,11.35,7.09,1.13,2.5623268698060864,148.1,-0.24921971690111677,0.8061547561589721,3.0425783196305733,2.895218333111349
1994-08-04,-0.6609639678974544,12.18,7.12,1.14,2.5623268698060864,148.1,0.1047144399475064,1.040580190829421,3.222081092476081,2.7901415172815636
1994-08-05,-0.2857760855227154,12.34,7.28,1.1,2.5623268698060864,148.1,1.0610615288833447,1.4417284103105166,3.040975301986104,3.0103502320915743
1994-08-08,0.1750242440124338,12.41,7.28,1.06,2.5623268698060864,148.1,0.7294320100985408,0.9674796422854071,3.05094460595543,1.1946036227335144
1994-08-09,0.006551525112397,12.54,7.33,1.07,2.5623268698060864,148.1,1.548304535724232,1.4391151608687425,2.8542051937861634,0.7730559756157884
1994-08-10,0.5197358262241547,11.91,7.3,1.09,2.5623268698060864,148.1,1.0580112456914037,1.8965916180416764,2.789491026717994,0.21073240200468746
1994-08-11,-0.3084907555537253,12.13,7.36,1.1,2.5623268698060864,148.1,0.9348867894162227,2.0048774388857327,2.0266709584227494,0.17216015875949342
1994-08-12,0.666840465052565,11.09,7.27,1.05,2.908587257617712,148.6,0.3766701790663296,2.567429815318256,0.9243600881293057,-0.24245467187689052
1994-08-15,-0.153697764065841,12.06,7.3,1.04,2.908587257617712,148.6,0.23632381066438501,2.8965993177661353,1.3615763566354522,0.1777804538102945
1994-08-16,0.8195474468830621,11.39,7.19,0.98,2.908587257617712,148.6,-0.10752456710597658,2.3784428993621765,0.8150314934626701,-0.036561240438670595
1994-08-17,0.0344086490073669,11.54,7.15,1.01,2.837370242214532,148.6,0.8298009846161802,2.2185387081585572,2.072357171053363,-0.6298822169917062
1994-08-18,-0.4299503283245687,12.07,7.28,1.05,2.837370242214532,148.6,1.0600801006512839,2.159034417188188,1.7315432305988754,-0.09932032716276629
1994-08-19,0.1101062748585013,12.83,7.27,1.04,2.837370242214532,148.6,2.182538663958189,1.5765177868489744,1.546327972090844,-0.4183925276160738
1994-08-22,-0.2933025735517236,12.62,7.31,1.04,2.837370242214532,148.6,2.6540034649781274,2.0635010114657515,0.224947657654484,-1.6720044263425216
1994-08-23,0.4736983921767468,11.75,7.28,1.02,2.837370242214532,148.6,2.488643369477983,1.3950141724652365,-0.6566098138736765,-2.3659384127153738
1994-08-24,0.9730660090516708,11.57,7.22,1.04,2.837370242214532,148.6,1.3773088015459622,0.8762799564713264,-1.6544804779696887,-3.554146530311453
1994-08-25,-0.2025482825200431,12.02,7.29,1.05,2.837370242214532,148.6,1.0874267222452438,0.021365173984055907,-1.7966957327351207,-2.7730261581576543
1994-08-26,1.2220136268996429,12.19,7.24,1.03,2.837370242214532,148.6,-0.5930767477819399,-1.601941015922359,-2.739548502145972,-2.534385428707986
1994-08-29,0.16673882762257,11.82,7.24,1.04,2.837370242214532,148.6,-0.5752356786687063,-1.4918111689874003,-2.6422825263248573,-2.763477350148258
1994-08-30,0.311850438852157,11.23,7.2,1.02,2.837370242214532,148.6,-1.0670735420608146,-1.5270904319538148,-2.3588990723122927,-2.5826251316563575
1994-08-31,-0.1218344110992752,11.97,7.19,1.02,2.837370242214532,148.6,-0.49422188357302055,-0.14300883083702143,-2.7865991444885774,-2.190652401742099
1994-09-01,-0.4879128592164661,11.86,7.19,1.04,2.837370242214532,148.6,-1.0545936154754298,-0.418456565323011,-2.210626556167783,-1.7404249497129487
1994-09-02,-0.4607272505640969,11.4,7.21,1.04,2.837370242214532,148.6,-1.0148833050397377,-0.029721253903891576,-1.9639483198776952,-1.5592636253832115
1994-09-06,0.1847162647245603,11.69,7.27,1.05,2.837370242214532,148.6,-0.9218784641584765,-1.8013818217001099,-3.659981678845803,-1.19028176652215
1994-09-07,-0.1843756928316953,11.81,7.29,1.07,2.837370242214532,148.6,-0.4649785530084216,-2.0233973071390743,-3.709208599530911,-1.7297651767350763
1994-09-08,0.4564904687236693,11.86,7.3,1.08,2.837370242214532,148.6,0.35295744567220844,-2.5087765285685015,-4.391940789940452,-2.5870172582270756
1994-09-09,-1.0483201207029058,13.12,7.44,1.09,2.837370242214532,148.6,0.6429172140445472,-1.8176725578147424,-2.7937944331003384,-2.4147491018714606
1994-09-12,-0.4207786004361336,14.01,7.46,1.09,2.837370242214532,148.6,0.9952628072074754,-1.1561279744427333,-0.9476248031848766,-1.8535353592419979
1994-09-13,0.2788482302769735,13.77,7.44,1.09,3.183391003460212,149.1,-0.8876867505239194,-1.1678941324472336,-1.2909243345670673,-1.8953058572883763
1994-09-14,0.2759252209360019,13.09,7.41,1.08,3.183391003460212,149.1,-1.565698918305436,-0.844708096883906,-1.071903637591931,-1.482174795506852
1994-09-15,1.281998703523679,11.88,7.35,1.07,3.183391003460212,149.1,-2.851668796896145,-2.647376295539672,-2.050576075776489,-1.0754702777927116
1994-09-16,-0.7624092027971208,12.8,7.52,1.1,2.898550724637672,149.1,-2.444871273580207,-1.799700957658279,-1.3275234936051095,-0.6142405977307752
1994-09-19,-0.072156950726665,13.06,7.49,1.1,2.898550724637672,149.1,-2.1301897948986626,-1.9348021134224513,-1.5299971058038597,-1.3699702417687143
1994-09-20,-1.5907445375091367,14.45,7.53,1.09,2.898550724637672,149.1,-0.2827170234822374,-1.8926945120256389,0.6223102386923918,-0.18432624407280773
1994-09-21,-0.4100470382747412,14.49,7.56,1.04,2.898550724637672,149.1,0.7324589228536738,-1.7206264006484617,0.2996961747331994,0.5274297758533164
1994-09-22,-0.041174196013638,13.89,7.56,1.06,2.898550724637672,149.1,0.21028925440766955,-1.9316244009633943,-0.08025412634342644,-0.6412300865777376
1994-09-23,-0.3468631439384806,14.53,7.57,1.05,2.898550724637672,149.1,0.6613392082452263,-0.9941930495183993,-0.6081303627766488,-0.12500240441871702
1994-09-26,0.2501781414691262,14.56,7.57,1.03,2.898550724637672,149.1,0.19964040092315116,0.21094192991946148,-0.7055646146874595,0.18081891408290307
1994-09-27,0.2669112558484565,14.13,7.61,1.09,2.898550724637672,149.1,-1.6145420738374217,-0.12448404396513402,-0.7360075134045907,-0.13950545803849135
1994-09-28,0.6038326195502375,13.25,7.57,1.06,2.898550724637672,149.1,-2.435248131271006,-0.22913102906299,-0.6428973042062025,-0.9585559961304169
1994-09-29,-0.5593335607949057,13.97,7.64,1.04,2.898550724637672,149.1,-2.1374188931171823,0.6130294151854843,1.6146519302026263,0.39342511232409727
1994-09-30,0.1016790478177487,14.28,7.62,1.0,2.898550724637672,149.1,-1.6446555060614765,0.4808309838746805,1.2071860997249662,0.07409640009554685
1994-10-03,-0.2096348120023905,15.44,7.66,0.97,2.898550724637672,149.1,0.011279011532461247,0.4127917103545764,0.5759758648598678,0.41156074270027876
1994-10-04,-1.5484892033837294,16.66,7.7,1.02,2.898550724637672,149.1,1.5145104381082186,2.5635244370525223,1.7413262544063945,1.5418426653887929
1994-10-05,-0.235378546126963,15.92,7.77,1.04,2.898550724637672,149.1,2.261182506953241,2.055693378366197,2.2874140261274656,1.320337013337336
1994-10-06,-0.2557778466682814,16.24,7.78,1.07,2.898550724637672,149.1,2.81052091329852,1.8878361789018028,1.3158108375951105,0.8823637157576725
1994-10-07,0.6057168716688377,14.92,7.7,1.05,2.898550724637672,149.1,2.16102795518871,0.3899394375269871,0.8779188533198479,-1.5213459751665326
1994-10-11,1.470460063251644,13.55,7.65,1.02,2.898550724637672,149.1,0.4014674172657884,-0.9145773175626593,-0.030059607520327436,-2.9829513624884063
1994-10-12,-0.0687020585131148,14.51,7.69,1.02,2.898550724637672,149.1,1.0333635993682755,-0.6122856673988375,-0.015040136643651447,-2.407019865267912
1994-10-13,0.49842252307013,14.9,7.64,1.01,2.898550724637672,149.1,-0.20094538665547113,-0.41471651937174947,-0.7311001443516374,-2.4895353588878955
1994-10-14,0.2800396619561329,13.32,7.61,1.04,3.105590062111796,149.4,-0.8974613942232978,0.9955196865048865,-0.21826626644466662,-2.545592115258999
1994-10-17,-0.0298475051408564,14.76,7.62,1.01,3.105590062111796,149.4,-1.7336244095337072,0.7228792882563617,-0.4047882365188271,-2.8334688369833216
1994-10-18,-0.2772065456874473,14.59,7.64,1.03,3.105590062111796,149.4,-1.3107823706988375,0.16251331302090666,-0.001225907210988808,-3.5877937389833914
1994-10-19,0.5602350204574114,15.13,7.68,1.02,3.105590062111796,149.4,-1.6288176579893787,-0.8016477467588934,-0.9961453423832034,-3.189495871835457
1994-10-20,-0.729351170512138,15.99,7.8,1.03,3.105590062111796,149.4,-0.21420156087099684,0.22705313157018736,-0.7205441859108985,-2.4739126752835072
1994-10-21,-0.4198332289715223,15.91,7.81,1.01,3.105590062111796,149.4,1.91012370354946,-0.5614265281895681,-0.9868424935226661,-2.10811358860743
1994-10-24,-0.8733308843473786,16.97,7.86,1.02,3.105590062111796,149.4,2.4998415612963676,0.48608398264504693,-1.9038615058462938,-1.6553977858160929
1994-10-25,0.1519024862592033,16.13,7.88,1.01,3.105590062111796,149.4,1.4928638802810035,0.8926819769212058,-2.087465531185939,-3.0623866282602275
1994-10-26,0.2361702036213442,15.7,7.88,0.98,3.105590062111796,149.4,0.8408660865278916,0.6009249078377188,-1.805790796096729,-2.9629616450930762
1994-10-27,0.6981996066793172,15.67,7.88,0.99,3.105590062111796,149.4,0.4422018958042173,-0.3177011842733002,-2.0834592893635095,-3.0946201385883554
1994-10-28,1.700114372950412,14.56,7.82,1.0,3.105590062111796,149.4,-2.4252254260122563,-1.2018215824991074,-3.506206822595348,-4.570426151867735
1994-10-31,-0.2997198942703116,14.56,7.81,0.97,3.105590062111796,149.4,-1.9646445769841203,-1.1195743536559721,-3.5308245260363025,-3.2586553660769235
1994-11-01,-0.8320086006138427,14.84,7.91,0.98,3.105590062111796,149.4,-0.5913537961326543,-0.16347355394344953,-3.744222192472424,-2.3676730744910612
1994-11-02,-0.4077544954009582,15.34,7.96,1.0,3.105590062111796,149.4,-0.23794041840567992,-0.19606938140240837,-2.4071449483159535,-1.2230268869022676
1994-11-03,0.3000994334907636,15.58,7.96,0.98,3.105590062111796,149.4,-0.7565575681682146,-0.9454506421905262,-2.694847072185247,-1.7096042230270059
1994-11-04,-1.2032238761191527,16.75,8.04,0.99,3.105590062111796,149.4,1.2538116012612122,-0.4278178482253647,-1.5554195986694386,-0.6885309150888697
1994-11-07,0.170893948907147,17.37,8.05,0.99,3.105590062111796,149.4,0.862005568992652,-2.3783845421860517,-2.131122722257728,-0.3135603643174001
1994-11-08,0.5571482781132175,16.3,8.01,0.99,3.105590062111796,149.4,0.43042558019721344,-2.9537796495377577,-3.9200748039249667,-0.8507843751177413
1994-11-09,-0.0536883932732434,16.42,7.94,0.93,3.105590062111796,149.4,0.04197090274484783,-2.3923395397600355,-3.542598197974589,-0.7651543239328706
1994-11-10,-0.2213147384625857,16.0,7.98,0.92,3.105590062111796,149.4,-0.1903330531405789,-1.7713858188146303,-2.7857693766156877,0.025953307148984806
1994-11-14,0.7980971975114715,16.68,7.94,0.88,3.105590062111796,149.4,-1.6608060703026561,-2.3324167277238628,-3.409581657602656,-1.1114975320536291
1994-11-15,-0.2167216863587451,16.66,7.92,0.82,2.6804123711340333,149.4,-3.212696488532718,-2.4385515703627902,-2.163300773068666,-0.8300508271928408
1994-11-16,0.126872747874196,15.56,7.97,0.82,2.7491408934707806,149.5,-3.369701173906281,-3.586611800305095,-2.2078087039001715,-1.3637743589420492
1994-11-17,-0.4402705670861095,15.91,8.03,0.82,2.7491408934707806,149.5,-2.4332891690742264,-2.215419325881285,-1.0289750104376272,-0.9621032211294511
1994-11-18,-0.4530073279842006,16.0,8.01,0.78,2.7491408934707806,149.5,-1.5840677702249284,-1.7660939768404327,-0.7714472336612599,-0.16469321160953454
1994-11-21,-0.6869381366825356,16.13,8.03,0.73,2.7491408934707806,149.5,-0.6829531853813409,-1.1324465589448662,-0.2618332361804865,0.4451251580315674
1994-11-22,-1.791401194360687,17.24,8.0,0.71,2.7491408934707806,149.5,0.7998413945670135,0.2532859334162252,2.115130105341212,2.3528619662856354
1994-11-23,-0.0355492597949758,18.41,7.81,0.63,2.7491408934707806,149.5,-0.22447475484805857,-0.9957061191024685,2.1670037914155227,2.42259775385516
1994-11-25,0.5245295729465305,17.44,7.8,0.61,2.7491408934707806,149.5,0.2233034621516694,-1.178451212528675,1.6670671217347444,2.0760980683760977
1994-11-28,0.4134504591873478,16.83,7.88,0.53,2.7491408934707806,149.5,-0.18495603556396567,-1.0326762382394827,1.8297510770623138,1.6514003742126082
1994-11-29,0.222390733988198,16.15,7.95,0.51,2.7491408934707806,149.5,-0.4525843125425699,-1.1028888949528581,1.2500761816400585,1.421447158168343
1994-11-30,-0.3251556435325486,15.95,7.91,0.51,2.7491408934707806,149.5,-0.5422185725584172,0.2821306999072126,1.648705271457751,2.70669371447807
1994-12-01,-1.0513762674961955,16.69,7.92,0.5,2.7491408934707806,149.5,-0.7729664788628465,1.4300950543809643,2.3055277725112733,3.946160297482293
1994-12-02,0.9756692137182776,16.55,7.81,0.37,2.7491408934707806,149.5,-1.3986314821579304,1.2133245418290306,1.281711386510631,2.8673291478374052
1994-12-05,0.0044163979239231,16.1,7.83,0.25,2.7491408934707806,149.5,-0.8492910176722157,1.0125289560863449,1.630191478748011,2.258372614106907
1994-12-06,-0.0463297382120697,16.05,7.73,0.29,2.7491408934707806,149.5,-0.6532611398491817,0.8805854827624859,1.595641504284795,1.8303345028263251
1994-12-07,-0.414904642583791,16.28,7.81,0.33,2.7491408934707806,149.5,0.828843415401348,1.8571402967893835,2.0942715376569776,2.4834021377358795
1994-12-08,-1.2809428979829065,18.15,7.79,0.28,2.7491408934707806,149.5,2.220223113668429,3.1945179209325936,3.4526824433190217,3.8220993696781225
1994-12-09,0.3389783829089055,16.04,7.79,0.26,2.7491408934707806,149.5,2.6490058538227057,2.8794512625814894,3.29335992082469,3.8222887047326237
1994-12-12,0.5615737009152966,15.46,7.85,0.23,2.7491408934707806,149.5,1.8777676860489256,2.8922953622474212,2.7120836559280104,3.436870800431935
1994-12-13,0.1512876663480211,14.48,7.83,0.12,2.7491408934707806,149.5,1.5439325338810095,2.379205065043455,2.5524871504486013,3.737127554709696
1994-12-14,1.070755834626791,13.03,7.8,0.21,2.8120713305898493,149.9,1.019843971780543,1.362729892167902,2.4177418226446923,2.2279106956853756
1994-12-15,0.0813229699089479,12.87,7.79,0.25,2.8120713305898493,149.9,0.9531331253119557,0.8630897148040217,2.4805904418726765,2.5612636607093897
1994-12-16,0.7598698736999587,12.79,7.81,0.22,2.8120713305898493,149.9,0.22449843214942256,0.06756703723667101,1.6341767385823713,1.7834770118482224
1994-12-19,-0.1939808532124387,13.02,7.81,0.22,2.8120713305898493,149.9,0.9958283335427032,0.6114711997065037,1.2333555756852466,2.4994491839497757
1994-12-20,-0.1768901207913842,12.98,7.81,0.25,2.8120713305898493,149.9,0.8225725657057481,0.7088143056469765,0.9414586716747886,3.9537602822755202
1994-12-21,0.5491094321881107,12.05,7.8,0.22,2.8120713305898493,149.9,0.33942432190166016,0.2328076757079911,0.6148433375624984,3.923889992107976
1994-12-22,0.0152318980113586,12.42,7.84,0.14,2.8120713305898493,149.9,-0.08919327981248282,0.25017271032186095,0.6081538645553941,3.8367916005629166
1994-12-23,0.0326300684985847,11.82,7.85,0.11,2.8120713305898493,149.9,-0.15657987554710262,0.40232393657189114,0.916448747130949,3.88496056260601
1994-12-27,0.5741284225757148,12.07,7.76,0.09,2.8120713305898493,149.9,-0.3805673364714046,-0.17514596762074897,0.5292674599854941,3.0772728734256294
1994-12-28,-0.3481341200274435,12.81,7.8,0.09,2.8120713305898493,149.9,-0.11283015019737386,0.16925515811054836,1.32636553370733,3.710941059184081
1994-12-29,0.067271641285016,12.86,7.82,0.13,2.8120713305898493,149.9,-0.10625598752852516,1.0408282527504475,0.8535492329753813,3.6821206804137807
1994-12-30,-0.4120008584123202,13.2,7.84,0.15,2.8120713305898493,149.9,0.3396689520131613,1.6036597050935741,1.6836425997925009,4.3055973272535075
1995-01-03,-0.0348386931297239,14.25,7.88,0.15,2.8120713305898493,149.9,0.5597803154402836,1.5655519043075605,1.7147513679162785,4.772251565548058
1995-01-04,0.3485016999337231,13.53,7.82,0.2,2.8120713305898493,149.9,0.20620612199677701,0.6181048428805624,1.8765037045286759,4.554910972014636
1995-01-05,-0.0803097662412155,13.5,7.88,0.22,2.8120713305898493,149.9,0.2824039451033489,0.23100695567890295,3.2221072197119893,3.9380753725598794
1995-01-06,0.073857657512999,13.13,7.87,0.23,2.8120713305898493,149.9,1.148304382440335,0.38114831931133075,3.68250915243451,4.022985868675488
1995-01-09,0.0325592382714789,13.33,7.89,0.21,2.8120713305898493,149.9,1.25971190286156,0.35708781796111033,3.577668539888501,4.495373832459548
1995-01-10,0.1844511269412319,12.52,7.84,0.21,2.8120713305898493,149.9,1.0001728183099745,0.5120646518937066,3.4686812909173748,4.69863407523492
1995-01-11,-0.004329625279198,12.15,7.79,0.21,3.0178326474622708,150.2,0.4110511083338375,0.7056493439777434,3.2581253161576784,4.961206562499343
1995-01-12,-0.004329812743864,12.83,7.8,0.24,3.0178326474622708,150.2,-0.05125225104553044,1.1551552158098,3.5357015438351347,4.041059278388426
1995-01-13,0.9379573769321414,11.1,7.69,0.3,3.0178326474622708,150.2,-0.7584467854531929,-0.18534984620930395,2.6140842997210756,3.8369784776241422
1995-01-17,0.1427378463476625,11.79,7.7,0.26,3.0178326474622708,150.2,-0.8913950750386257,0.07872048598553949,2.6592916337879524,3.3187972574496127
1995-01-18,-0.0723319533496913,11.57,7.71,0.23,3.0178326474622708,150.2,-0.48327458537550383,0.14689967298089357,3.1572709458239645,3.2828795870331273
1995-01-19,-0.5875921948130025,11.86,7.74,0.25,2.806297056810392,150.2,0.293392243574897,1.2506684195783047,3.9126220229267483,3.95545577424965
1995-01-20,-0.4647207133538389,12.15,7.82,0.32,2.806297056810392,150.2,1.207026094899688,2.9842065393553163,3.698524567871697,4.48599469819615
1995-01-23,0.2237636188418879,12.79,7.83,0.33,2.806297056810392,150.2,0.5774767934203062,3.288825529890893,3.6280094523122086,3.499203026207365
1995-01-24,0.0085822907378796,11.94,7.86,0.29,2.806297056810392,150.2,0.9788409006046495,3.2091213405566865,4.123561279503196,3.709275284468716
1995-01-25,0.3391613659738057,11.46,7.8,0.3,2.806297056810392,150.2,0.6332345198567069,2.941553980871192,4.16524069806008,3.3629987032770092
1995-01-26,0.1882604993616921,11.25,7.76,0.37,2.806297056810392,150.2,0.9544758179866442,2.534590649886437,4.225738323761741,4.537495658452251
1995-01-27,0.4420070233697393,11.25,7.66,0.37,2.806297056810392,150.2,1.7559852443339352,2.353361351625205,2.8529480839821764,4.179504779501908
1995-01-30,-0.3996693858855815,12.26,7.65,0.42,2.806297056810392,150.2,2.695781225491989,2.8046325280077777,4.0297975473901015,5.203731910660503
1995-01-31,0.4076761696222508,11.96,7.6,0.34,2.806297056810392,150.2,2.2086611611509044,2.5785413075537944,3.23752817355194,4.561878925751639
1995-02-01,-0.0042556716718156,11.73,7.66,0.33,2.806297056810392,150.2,2.2937943632916458,3.0059555339936983,3.1313799271794673,5.316753845691702
1995-02-02,0.5080813519235283,11.13,7.68,0.28,2.806297056810392,150.2,1.5651756092009306,2.6290726223331395,2.671377282629739,4.8076270771255425
1995-02-03,1.2394477983148189,10.98,7.49,0.35,2.806297056810392,150.2,0.5870672922647868,0.6936190048164148,1.4582703594136603,3.654031332910712
1995-02-06,0.5202174414926652,11.22,7.53,0.35,2.806297056810392,150.2,0.10599393783938815,0.3283839473256389,0.20367885416183729,2.8952056057860442
1995-02-07,-0.0685906554841242,11.17,7.52,0.33,2.806297056810392,150.2,0.3618872825461361,0.8860069023638895,0.4846024628594625,3.0906212317953097
1995-02-08,0.079034313916515,11.42,7.53,0.35,2.806297056810392,150.2,0.6961919587935794,1.1887198802306154,0.40940194324654566,3.067397429443197
1995-02-09,-0.2078181165290904,11.63,7.58,0.35,2.806297056810392,150.2,1.047501770907977,1.6493435660652978,1.953394455345192,4.327453440022944
1995-02-10,0.2644763546127526,11.28,7.62,0.29,2.806297056810392,150.2,0.10592983314845483,0.4880999761606608,1.7841557949456188,4.515436617329249
1995-02-13,0.039463806916129,11.41,7.61,0.29,2.806297056810392,150.2,0.22215453914209427,1.1917410619103341,2.3336491008798754,4.619537066740209
1995-02-14,0.1868564118943538,11.43,7.51,0.3,2.806297056810392,150.2,0.5222297368145723,0.6424217556597833,1.9334819865018282,4.26277232298764
1995-02-15,0.4123968090963714,11.52,7.45,0.33,3.0800821355236208,150.6,0.4891226886102773,0.12176421502578805,2.2433637935967754,3.648819986790075
1995-02-16,0.1403377768170788,11.61,7.4,0.38,3.0800821355236208,150.6,0.5956028448103279,0.041220932057184356,2.122745922891922,3.1923643286356107
1995-02-17,-0.6697992646271245,11.71,7.43,0.36,3.0800821355236208,150.6,0.381765739201656,0.7593841220074671,2.940019792071169,4.124739056883575
1995-02-21,0.155611344710338,12.05,7.44,0.35,3.0800821355236208,150.6,0.9674373168554906,-0.12429692202481357,2.5584202171621273,4.665228073567151
1995-02-22,0.4868259234282579,11.39,7.34,0.42,3.0800821355236208,150.6,0.11956760127573851,-0.39787920230890395,2.185252838448659,4.2261940937317055
1995-02-23,0.3793259344234689,11.15,7.34,0.42,2.939166097060819,150.6,-0.36557038588429513,-0.7701628579810937,1.8566076845682344,3.9370690201427028
1995-02-24,0.2464483539931228,10.84,7.33,0.44,2.939166097060819,150.6,-0.5510995481665226,0.2991174154334697,2.6346553553659113,3.751209486727536
1995-02-27,-0.8809464919820598,12.51,7.24,0.45,2.939166097060819,150.6,0.3761822478664856,1.289760498101189,4.007774693843369,4.795273418098733
1995-02-28,0.739963437694402,11.75,7.22,0.43,2.939166097060819,150.6,-1.0812735946285956,1.1284597211059566,3.3874266504938078,3.721862078759264
1995-03-01,-0.3570078786304664,11.65,7.23,0.42,2.939166097060819,150.6,-0.5168288437334634,1.2828191217183704,3.5972411078475153,4.431178791662305
1995-03-02,-0.1070707341103593,12.02,7.3,0.42,2.939166097060819,150.6,-0.4060769692402544,2.1190193712673056,3.5227663030281686,4.967741813730386
1995-03-03,0.0597795522855548,11.45,7.36,0.47,2.939166097060819,150.6,0.8549284705382743,2.080667320372287,3.149845001110596,4.266406592681893
1995-03-06,0.0432597439885773,12.17,7.41,0.45,2.939166097060819,150.6,0.9101544109126669,2.1642010707639825,3.339991569223022,4.064820961616333
1995-03-07,-0.7227744847586148,14.22,7.44,0.44,2.939166097060819,150.6,2.2338877541538738,2.6860558238999133,4.795485636634433,4.729116929698085
1995-03-08,0.2115696385921683,13.72,7.36,0.43,2.939166097060819,150.6,1.8089973857236652,2.593450842281131,4.64254501712158,4.584591055369791
1995-03-09,0.0041373128008004,13.36,7.3,0.47,2.939166097060819,150.6,2.535391983432267,2.647157970026548,4.7437666065971,5.242566930266812
1995-03-10,1.3266834203006894,12.38,7.23,0.4,2.939166097060819,150.6,1.2153484895803368,2.328572773236681,3.4417970568930034,4.763365192993763
1995-03-13,0.0980412324221857,12.15,7.19,0.43,2.939166097060819,150.6,1.2427358447443915,2.6834047018929663,3.4608759096268704,4.499538484282994
1995-03-14,0.5795381953296985,12.1,7.09,0.4,2.939166097060819,150.6,0.4422878555038645,2.2337598492231603,2.5644634208861428,4.011028405636319
1995-03-15,-0.2049158505159409,12.42,7.09,0.38,2.939166097060819,150.6,0.7705148628321945,2.285108181425821,3.108483449853705,4.40554255002068
1995-03-16,0.7176544572365495,11.95,7.05,0.37,3.2125768967874224,151.0,0.10900234975679268,1.3746184994759547,2.7896100648069577,3.895766772547904
1995-03-17,0.0222008741748158,11.8,7.12,0.43,3.2125768967874224,151.0,1.0998571859592632,1.0473850816264951,2.141188267754801,3.7818899675984285
1995-03-20,0.1251262610010517,11.34,7.12,0.43,3.2125768967874224,151.0,1.4229849135624528,1.1508830746345788,1.8603580030307487,3.773122536062745
1995-03-21,-0.215666403157777,11.53,7.16,0.45,2.9311520109066125,151.0,1.783583420856072,2.0542514714481985,1.9896188332542364,5.132602009535692
1995-03-22,0.1211962135938327,11.29,7.21,0.46,2.9311520109066125,151.0,1.5030123847787014,1.9972953029824048,1.940806354344815,5.017443848907566
1995-03-23,0.0564889486375452,11.43,7.21,0.46,2.9311520109066125,151.0,1.264238100483106,2.042539392257492,2.5284762009661677,4.873471582871214
1995-03-24,1.012196570241497,11.19,7.09,0.45,2.9311520109066125,151.0,-0.051901264545062276,1.0878919284091682,2.379386669598804,4.5891012826982935
1995-03-27,0.4451386272420032,11.83,7.05,0.43,2.9311520109066125,151.0,-0.26828419530325887,0.7571537094928305,1.7686731246032705,4.0461019192475245
1995-03-28,0.1391060557377699,11.33,7.16,0.43,2.9311520109066125,151.0,0.26592505539222433,0.3234778532558158,1.7384360694884693,4.060327783865958
1995-03-29,-0.1547923772067139,12.51,7.16,0.43,2.9311520109066125,151.0,0.48696379209904883,0.8049805910821384,2.0730626444993128,4.223644499569201
1995-03-30,-0.178882553907389,12.62,7.18,0.42,2.9311520109066125,151.0,0.7685845530206459,1.3958045773936334,2.486962032892892,4.64537185208862
1995-03-31,-0.3006669909511261,13.37,7.2,0.4,2.9311520109066125,151.0,1.1403850672248028,1.082465602889937,2.7061609597943237,5.398334213532818
1995-04-03,0.2276796285060278,13.5,7.14,0.39,2.9311520109066125,151.0,1.0281963932157412,0.7014026045355282,2.5924039234470397,5.248579459508318
1995-04-04,0.6754974772601896,12.62,7.12,0.41,2.9311520109066125,151.0,0.0574001564657145,-0.06333164690551785,3.0163863765623633,4.32072233231513
1995-04-05,0.0653188774092594,12.96,7.12,0.42,2.9311520109066125,151.0,0.3164756770251964,-0.05538279075905095,2.9610084629733135,2.771131507538249
1995-04-06,0.1008721325748807,12.81,7.09,0.43,2.9311520109066125,151.0,0.6224360768340098,0.4762100312309281,2.774266700411565,2.59050273019803
1995-04-07,0.0671883624111968,12.85,7.11,0.46,2.9311520109066125,151.0,-0.05726640678336281,1.277595878747051,3.463529892154371,3.4023163637838083
1995-04-10,0.1165033612904098,12.79,7.12,0.46,2.9311520109066125,151.0,-0.32346790336459375,1.0039182111345912,3.264232948895618,4.256329593930319
1995-04-11,-0.2919096187099512,12.73,7.09,0.44,2.9311520109066125,151.0,-0.1206625428828434,1.4103958978598508,3.7248010242189267,4.565502863924276
1995-04-12,0.3244149016670805,12.04,7.06,0.45,3.135650988411731,151.3,-0.37068533884848653,1.2579557537550246,3.391364085823234,4.223438464542917
1995-04-13,0.4061749519990609,11.48,7.03,0.52,3.135650988411731,151.3,-0.14532151208446198,1.0761366903167646,3.2048340542675913,2.8317289076902563
1995-04-17,-0.6087634343292625,12.33,7.04,0.56,3.135650988411731,151.3,1.335627151207941,1.6063076293401535,4.269651106056349,3.4477331987205817
1995-04-18,-0.1501609780674817,12.96,7.04,0.6,2.785326086956541,151.3,1.3316937162423548,1.8778301691960042,4.515504985397256,5.546437178245034
1995-04-19,-0.0890400486377895,13.09,7.06,0.55,2.785326086956541,151.3,1.532908086620055,3.0816696956383227,4.3868322323203035,5.658317366485011
1995-04-20,0.073277966281382,12.1,7.02,0.59,2.785326086956541,151.3,1.634700688389401,3.0180627411052097,2.828080568240865,5.387005632485842
1995-04-21,0.6332960548078193,11.86,7.01,0.57,2.785326086956541,151.3,1.2232358272016741,2.2871649602093314,2.1042719448811864,5.33146883364739
1995-04-24,0.8653119035901602,11.92,7.01,0.55,2.785326086956541,151.3,0.26711284643092803,2.1583589089381405,2.0979175765393876,4.418095984977155
1995-04-25,-0.1540367408091492,12.41,7.01,0.53,2.785326086956541,151.3,0.5389591675857952,2.2378485684448224,3.220084369397469,4.106625717529577
1995-04-26,0.109353170336135,12.28,7.01,0.51,2.785326086956541,151.3,1.5253789517158278,2.282216833755535,3.1112263571500653,3.840752832844063
1995-04-27,0.1736072045918302,11.93,7.04,0.49,2.785326086956541,151.3,1.3611119463589505,2.1069044068560583,2.9286416940901727,2.802066982861784
1995-04-28,0.225885348507715,11.75,7.07,0.47,2.785326086956541,151.3,1.0510720432054477,2.1060335640575856,1.7369007906904654,3.1415714130033745
1995-05-01,-0.0874302399060611,12.14,7.09,0.47,2.785326086956541,151.3,1.8862077592718185,2.6212383255103555,1.8123142276736948,4.237151949122864
1995-05-02,0.1166677506600155,11.88,7.04,0.49,2.785326086956541,151.3,1.6897821649687117,2.5890567278678,3.6009865963540166,4.1972547811822025
1995-05-03,1.0915579530520247,11.69,6.96,0.49,2.785326086956541,151.3,0.7454666900575058,1.2661441559257858,2.4996177093897343,3.19705181233898
1995-05-04,0.0115273518377589,12.64,6.85,0.5,2.785326086956541,151.3,0.7357777022925172,-0.18441637108029818,2.299541292417784,3.705774748675794
1995-05-05,-0.0806821623476117,12.06,6.69,0.53,2.785326086956541,151.3,1.0439884501186603,-0.17880348467890217,2.976232525969724,4.8258047799685455
1995-05-08,0.738296333830335,12.22,6.7,0.52,2.785326086956541,151.3,0.7214230290867318,-0.05916435330824976,2.2119942999996978,4.011748533209802
1995-05-09,-0.0763463617999837,12.75,6.61,0.53,2.785326086956541,151.3,0.884331290473428,0.9607359844775232,1.8278721385981633,3.9002183141142455
1995-05-10,0.1527977302886229,13.08,6.66,0.55,2.785326086956541,151.3,0.516824709810626,0.8105118847218096,1.5237604808875593,5.0938330000043885
1995-05-11,0.0019089491770207,12.98,6.68,0.48,2.785326086956541,151.3,-0.9134729431407029,0.8047813142584959,0.6808183834815074,4.832470791889221
1995-05-12,0.2250305484236436,11.84,6.67,0.47,3.192934782608714,151.9,-1.2101580247905752,-0.3615190606102159,1.0141789008933477,3.5353472593292024
1995-05-15,0.4167067818996894,12.38,6.62,0.46,3.192934782608714,151.9,-0.7749963800348092,-0.7882618754519011,1.5746385933162577,2.783568180020324
1995-05-16,0.0852715760333744,12.2,6.57,0.46,3.192934782608714,151.9,0.07573494617723053,0.9863916296360298,1.56761169720121,3.131444735964828
1995-05-17,-0.2120439826597708,12.36,6.53,0.42,3.0529172320217013,151.9,0.2921771313002308,1.2180512685115108,1.9067652595125884,3.187430049047424
1995-05-18,-1.4210617432776185,13.13,6.61,0.43,3.0529172320217013,151.9,1.734094743691239,2.488546951478643,3.8973785237969905,4.844293868561955
1995-05-19,-0.075063442705503,12.81,6.61,0.42,3.0529172320217013,151.9,0.8590346408219984,3.160687429913156,5.013572707355163,5.373759949703816
1995-05-22,0.8590346408219984,11.68,6.63,0.44,3.0529172320217013,151.9,-0.013369105500771195,2.2725031651094962,4.073322841635463,4.508733744065219
1995-05-23,0.9433786328824968,11.55,6.57,0.42,3.0529172320217013,151.9,0.9099675200472612,0.8588845412675905,2.9115104015175586,4.805229400563649
1995-05-24,0.0037757988383679,11.26,6.44,0.43,3.0529172320217013,151.9,0.9231768256452888,0.7075141102163895,4.248883410274384,5.251510666633097
1995-05-25,-0.0037756562771829,11.63,6.39,0.4,3.0529172320217013,151.9,0.7415922947839215,-0.12297326491936822,3.9955341652638587,5.410615814315656
1995-05-26,-0.9345621730311172,12.2,6.4,0.43,3.0529172320217013,151.9,2.2820491959770983,1.3806894169135386,3.9110053497402486,5.94481112029841
1995-05-30,-0.0133691055007711,12.52,6.3,0.41,3.0529172320217013,151.9,2.2861779121472914,2.381674299266723,3.600209131492349,7.125939940559567
1995-05-31,1.8755504418981104,12.85,6.3,0.41,3.0529172320217013,151.9,-0.05062233200058275,0.5755429599829442,2.124101150376423,5.174348391951322
1995-06-01,0.0168664822262298,12.21,6.2,0.49,3.0529172320217013,151.9,-0.21368997906346943,0.6804260528332939,1.9456794078277495,4.94855103138192
1995-06-02,-0.1836923816170288,12.98,6.1,0.56,3.0529172320217013,151.9,-0.8582012056881694,1.3746234230301857,2.298546508029453,5.673125459331052
1995-06-05,0.5802643637952354,13.45,6.08,0.54,3.0529172320217013,151.9,-0.8812492379151715,1.7961156750732732,2.1452673251079357,4.26811938550038
1995-06-06,-0.009333046162685,13.0,6.08,0.51,3.0529172320217013,151.9,0.09336196646378969,1.7608053198998164,2.186541357402305,2.881148917465026
1995-06-07,-0.4518687266018117,12.84,6.2,0.46,3.0529172320217013,151.9,0.626482432000186,2.0351463032590944,3.9127389493201603,3.828329480164494
1995-06-08,-0.1463112729973681,12.89,6.22,0.4,3.0529172320217013,151.9,0.8960307598398609,3.5164896396729928,4.512073003255468,3.9954955399104097
1995-06-09,-0.82839736015341,12.76,6.4,0.39,3.0529172320217013,151.9,2.2521526297407446,4.123578329086008,5.540402292824198,5.434330095982842
1995-06-12,0.5568819236675626,11.91,6.37,0.41,3.0529172320217013,151.9,2.7011689437197672,2.4958559143557713,4.501963568836653,5.6924296310228994
1995-06-13,0.973851503655232,11.29,6.14,0.51,3.3242876526458742,152.3,1.6658880475956872,1.1901884205016255,4.633901207187785,4.768211573668579
1995-06-14,0.0783477137804578,11.29,6.15,0.48,3.3242876526458742,152.3,1.3998937826440017,1.5396965751501623,4.572488794615026,5.359107046069833
1995-06-15,0.121166971044162,11.23,6.18,0.45,3.3242876526458742,152.3,2.597187282887825,1.2567024242930103,4.239279814240082,4.805257259686058
1995-06-16,0.5045468419147214,10.75,6.21,0.44,3.114421123899813,152.3,1.830206652100319,0.911394838078694,4.240215047076856,4.117959314042752
1995-06-19,0.9984538544814292,11.21,6.13,0.48,3.114421123899813,152.3,-0.1999130404021776,0.3429911325390389,2.428387069618254,2.6448121345804543
1995-06-20,-0.0440171393695454,11.16,6.16,0.44,3.114421123899813,152.3,-0.4679048560234267,0.41836936742405406,1.1009578727715796,2.535874310893349
1995-06-21,-0.1834929787952743,11.32,6.13,0.45,3.114421123899813,152.3,0.13787272085887814,1.8401430429478616,1.75741716641038,2.7151770398834207
1995-06-22,1.3033617247015572,11.44,6.04,0.43,3.114421123899813,152.3,-1.306551275035217,0.9617630650420317,0.46273391022508825,1.4281298224523953
1995-06-23,-0.2467899420195318,11.12,6.06,0.42,3.114421123899813,152.3,-0.9022978978729723,1.3607138618116243,1.2588424139191146,1.8773547710089877
1995-06-26,-1.0150837472126972,11.8,6.11,0.4,3.114421123899813,152.3,0.5439916832547409,1.957257331610629,3.1187345948289202,2.9882582507330113
1995-06-27,-0.3124275801326903,12.37,6.15,0.45,3.114421123899813,152.3,0.8904406384347308,3.403208196802243,3.5359388187896634,3.1856699537636146
1995-06-28,0.4240156009115647,11.74,6.1,0.43,3.114421123899813,152.3,1.6999265870508262,2.9868044929800552,3.761494863334458,2.335107703698447
1995-06-29,-0.1578736956652338,11.59,6.28,0.39,3.114421123899813,152.3,2.298343374744638,2.9455604602342422,3.504513528915454,2.0666685669896045
1995-06-30,0.161804271372401,11.38,6.21,0.42,3.114421123899813,152.3,2.283616785939646,3.298755521454777,3.1776039575206694,2.7517191802432173
1995-07-03,0.4295597715408439,11.57,6.21,0.42,3.114421123899813,152.3,1.405619196826935,2.078267663283695,2.2939529468491093,2.0983713658122793
1995-07-05,0.0310703726648542,12.1,6.19,0.41,3.114421123899813,152.3,2.490590329932907,0.679744661905457,2.108682860325617,2.322472081039373
1995-07-06,1.2297592275438252,11.52,6.05,0.49,3.114421123899813,152.3,1.265367585912358,-0.08123110795575927,0.8592230635089848,0.9115666134747569
1995-07-07,0.4296115317544924,11.77,6.04,0.5,3.114421123899813,152.3,0.632676018143008,-0.49427539661278663,0.4619241416276232,0.510456509228252
1995-07-10,0.1473852528740327,12.19,6.04,0.48,3.114421123899813,152.3,0.9924744229954596,-0.1005038776970224,0.5097052788141765,0.16511116605197884
1995-07-11,-0.4325226823833183,12.25,6.09,0.5,3.114421123899813,152.3,0.6633246478690236,1.139180568030218,1.0112089576606476,0.8543909268656114
1995-07-12,1.10133476853993,12.31,6.1,0.51,3.114421123899813,152.3,-1.7668408994407026,0.1283621894350162,-0.210378620578755,-0.6685802745750036
1995-07-13,0.0196090764124967,12.56,6.09,0.48,3.114421123899813,152.3,-1.3297721876392554,0.7522229417334936,-0.632796398033697,-0.6310121260862833
1995-07-14,-0.1978583514371634,12.08,6.15,0.45,3.2498307379823954,152.5,-1.1198662893080802,0.5429598577950445,-0.8537443376046561,0.03750038972061276
1995-07-17,0.5054485667983277,12.26,6.22,0.45,2.970965563808248,152.5,-1.0822373715834055,-0.1172826945712524,-0.5295672135159135,-0.6521863628850322
1995-07-18,-0.7570281760474695,12.68,6.25,0.48,2.970965563808248,152.5,0.4727202502259775,0.21129402810482478,0.019694400178149607,0.2757543900642645
1995-07-19,-1.3394050083449849,13.49,6.43,0.54,2.970965563808248,152.5,1.9292905839825458,1.419290646016913,1.631636457412955,1.804058730582092
1995-07-20,0.4646262385823663,12.78,6.43,0.52,2.970965563808248,152.5,2.1100540411562285,0.9412187338705413,0.9936048376487872,1.5066710963117513
1995-07-21,0.0144555213751562,12.37,6.53,0.58,2.970965563808248,152.5,1.681658473448544,0.9609492740760617,1.0097227168041734,1.8460373231493854
1995-07-24,0.5436959994531643,12.55,6.46,0.49,2.970965563808248,152.5,0.9755120327953559,0.6108230573697027,0.26588226573616147,2.2528390344288773
1995-07-25,0.8030416369785964,12.77,6.43,0.49,2.970965563808248,152.5,-0.2601962218899412,-0.126530202885633,-0.2815819147091947,1.6164690284912409
1995-07-26,0.0908946333659121,13.18,6.48,0.51,2.970965563808248,152.5,-0.5003467943745288,-0.3383065523162143,-0.7959208026415476,1.5455552611564505
1995-07-27,0.6427922305018541,13.18,6.43,0.52,2.970965563808248,152.5,-1.1446819005840214,-1.3746786912762765,-1.3729077408244583,1.319844018139671
1995-07-28,-0.4051481097695597,13.18,6.49,0.57,2.970965563808248,152.5,-0.7087897760446826,-1.389161605521838,-0.5027298468131325,1.950505500081512
1995-07-31,-0.1545476575252502,13.49,6.45,0.57,2.970965563808248,152.5,-0.3611657599787099,-0.4127686251105267,-0.5355317543856097,2.5709020869297383
1995-08-01,-0.4305559763491229,13.56,6.5,0.56,2.970965563808248,152.5,0.13401472024314742,-0.19119564295116964,0.06432444824162609,3.4182696701609894
1995-08-02,-0.150101285376536,13.66,6.44,0.58,2.970965563808248,152.5,0.16285508224178624,0.20937418319870726,0.3793835296168169,4.439870812557323
1995-08-03,-0.0089455608555333,13.78,6.53,0.59,2.970965563808248,152.5,-0.23266000769019968,0.05189763352904109,0.5601798447985917,4.402680194351172
1995-08-04,0.0340049112136364,13.21,6.5,0.59,2.970965563808248,152.5,-0.6852286601629176,0.04830921567080537,0.8766637550827072,4.263430240411492
1995-08-07,0.1950167908375766,13.1,6.48,0.58,2.970965563808248,152.5,-0.05178991256311605,-0.3428466055156232,1.6320470573259138,4.315836945476259
1995-08-08,0.0642796515776922,13.06,6.47,0.57,2.970965563808248,152.5,-0.32477511673020265,-0.15524814761973538,1.7452074458989664,4.7074366411332225
1995-08-09,-0.1213427537976152,12.75,6.47,0.54,2.970965563808248,152.5,0.046443465413137375,-0.4591676445529824,1.8902566756620276,4.161079329124706
1995-08-10,-0.403782258116403,13.0,6.51,0.56,2.970965563808248,152.5,0.28522123697107826,0.0017956346588299255,2.7320800314367233,4.355541793889328
1995-08-11,-0.4197733974754425,12.9,6.59,0.54,3.1735313977042656,152.8,0.7385989676436777,0.8989191990871115,3.3867140366899084,4.809859831673058
1995-08-14,0.8340698248978873,13.24,6.59,0.54,3.1735313977042656,152.8,-0.29120750906683757,-0.12327195723811357,2.996037414483821,3.871437325941729
1995-08-15,-0.2090225695088099,12.35,6.57,0.46,3.1735313977042656,152.8,0.17007934450008477,0.2560095703368015,3.6163796734803855,4.022767139031491
1995-08-16,0.2506334677031097,12.45,6.54,0.47,2.826379542395707,152.8,-0.5053763956545998,0.1696541344597735,4.221657568307413,4.62525238300564
1995-08-17,-0.1660790264544909,12.13,6.57,0.45,2.826379542395707,152.8,-0.2826195114457919,0.5080185616581634,4.348525778849499,4.538136110893021
1995-08-18,0.0304171350880011,12.03,6.57,0.44,2.826379542395707,152.8,0.15914478966985168,0.8279545610573313,4.213085716075682,4.025312109225632
1995-08-21,-0.1967126084781667,13.42,6.54,0.46,2.826379542395707,152.8,0.16842602104925053,1.9816878122377535,4.674710637731039,4.341445618222184
1995-08-22,0.2526444995961219,12.6,6.57,0.47,2.826379542395707,152.8,0.08578432442007955,1.903410603221789,4.870245755072244,3.922996569499726
1995-08-23,-0.4253654560575692,13.17,6.6,0.49,2.826379542395707,152.8,0.6784593032873376,2.3602618790905083,4.641559513164828,4.575149794340194
1995-08-24,0.0574375050804265,12.94,6.5,0.5,2.826379542395707,152.8,0.7928789035876127,2.730235371725276,4.353667983259291,4.49000238136299
1995-08-25,0.4735682397348117,12.33,6.38,0.48,2.826379542395707,152.8,0.6677470866908397,2.465630808883157,3.8760976466647223,3.844667958338155
1995-08-28,-0.1874643525685448,12.48,6.34,0.49,2.826379542395707,152.8,1.8102129215921359,3.123159351382032,3.999639717341874,4.3891949905374705
1995-08-29,0.1699333204141062,12.65,6.36,0.43,2.826379542395707,152.8,1.8160683768136288,3.351789202008959,3.7571389334542626,4.866725808295769
1995-08-30,0.1642826625279037,12.03,6.33,0.45,2.826379542395707,152.8,1.6704691226321344,4.045140685430093,4.448051944519071,4.946102811910458
1995-08-31,0.1711513231665407,11.52,6.28,0.43,2.826379542395707,152.8,1.9221164125997836,3.8210953435872774,4.009747288732535,4.503312962758943
1995-09-01,0.3488328389733341,11.29,6.22,0.44,2.826379542395707,152.8,1.7859580394145924,3.357333955404651,3.171102262351355,4.809858258198263
1995-09-05,0.945295793278933,11.65,6.18,0.41,2.826379542395707,152.8,1.2896018897446737,2.640692543205936,2.3139034630698996,3.9451526170792173
1995-09-06,0.1756944375188363,11.65,6.17,0.41,2.826379542395707,152.8,1.5083285474270403,2.911418895882023,1.9818629762467177,4.329851386408601
1995-09-07,0.0210454988484487,11.85,6.21,0.41,2.826379542395707,152.8,2.335655164464412,2.2286946049132395,2.1638161866623484,3.7445496714943127
1995-09-08,0.4190876116576092,11.16,6.24,0.39,2.826379542395707,152.8,1.8631666980894357,1.580287055373386,1.7129981288080076,2.8895117992078667
1995-09-11,0.2147762248516871,11.51,6.24,0.41,2.826379542395707,152.8,1.5438042204029445,1.3765267696564054,1.3458533740227319,2.928716928998476
1995-09-12,0.4530391076579043,11.46,6.16,0.39,2.826379542395707,152.8,1.3338887983111336,0.8499355251261331,1.2276928355555494,1.7535102413903658
1995-09-13,0.3920157026490845,11.35,6.18,0.38,2.960969044414541,153.0,1.3822416037511775,0.39220388401113304,1.4658058829787324,0.35561489673936464
1995-09-14,0.8362502646962255,11.1,6.08,0.4,2.960969044414541,153.0,-0.10451934800176366,0.38724658973465775,0.8659338826830121,0.03761009934124537
1995-09-15,-0.0445519734328048,11.58,6.11,0.4,2.6156941649899457,153.0,-0.2777055258398553,0.18170868311584432,0.6571088630051181,0.6950856633387348
1995-09-18,-0.0994182015872979,12.34,6.17,0.4,2.6156941649899457,153.0,-0.1647342760405679,-0.18018236919078445,1.4053422695871287,0.4928654446948011
1995-09-19,0.2453785589264567,12.67,6.14,0.39,2.6156941649899457,153.0,-0.47758284905876636,-0.3183816009410423,1.2708995248879251,0.7157866465017593
1995-09-20,0.4399190808828557,12.35,6.1,0.37,2.6156941649899457,153.0,-0.9765395833419843,-0.903258287183617,1.3783042792964162,1.218671223838519
1995-09-21,-0.6425037758850949,12.5,6.21,0.38,2.6156941649899457,153.0,0.4922804660699054,-0.06346399951759896,1.4828078089419217,2.0200529557034663
1995-09-22,-0.2178421151372234,12.46,6.25,0.4,2.6156941649899457,153.0,0.4606935804858825,0.13064648396021727,1.2888571018909722,1.877488333655264
1995-09-25,0.0137550225242533,13.22,6.26,0.37,2.6156941649899457,153.0,-0.01547358344587968,-0.03025690128777292,1.531113965729869,1.4930366455730537
1995-09-26,-0.0687551633249849,12.9,6.28,0.4,2.6156941649899457,153.0,0.1599652145468644,0.3745736756919138,0.8959596370184286,2.4965294291558804
1995-09-27,-0.0636375594292637,12.9,6.3,0.38,2.6156941649899457,153.0,0.07400397426027272,1.0694077402743085,-0.0364460444697956,2.8304584694054613
1995-09-28,0.8312710437312631,12.46,6.28,0.36,2.6156941649899457,153.0,-0.553022046081586,0.4768407434309285,-0.3482877579283561,1.88987185934808
1995-09-29,-0.2492057939175063,12.74,6.17,0.34,2.6156941649899457,153.0,-0.3285335634889308,0.47453790331426493,0.5124458216686723,2.0720453205585354
1995-10-02,-0.4602937261546369,13.95,6.15,0.33,2.6156941649899457,153.0,-0.014785605704947802,1.5883866314423623,0.6742627164225912,2.0229304627338074
1995-10-03,0.1065901436380523,14.5,6.13,0.33,2.6156941649899457,153.0,0.21426571054150578,1.5943572660172212,1.037471365385212,2.7219570053715003
1995-10-04,-0.149406894978854,14.86,6.12,0.37,2.6156941649899457,153.0,0.994667672405769,2.3023588132614847,2.141270716217347,3.4610873359619765
1995-10-05,0.1995002731241202,15.74,6.06,0.34,2.6156941649899457,153.0,1.035589829577055,1.547253757576783,2.084840078118222,3.7269925218838207
1995-10-06,-0.0240314860656121,13.98,6.06,0.33,2.6156941649899457,153.0,0.8057185225770924,1.156699430794439,1.7445626399454683,3.1951831223550498
1995-10-10,-0.1469605258075823,14.97,6.07,0.33,2.6156941649899457,153.0,1.603409310925863,1.561843432443255,1.523754587782311,3.9340576836740526
1995-10-11,0.3359195137479176,14.57,6.09,0.34,2.6156941649899457,153.0,1.377140814923461,0.519440274796179,2.114037126892243,3.268560681188748
1995-10-12,0.6281630268279326,14.24,6.07,0.35,2.6156941649899457,153.0,1.294812063838302,-1.0941528296929626,1.7424171848880565,2.893156546651432
1995-10-13,0.2401002354108561,13.67,5.97,0.3,2.749832327297108,153.2,0.5064194991712956,-0.8212126249732332,1.4063251844525393,2.877674478052783
1995-10-16,-0.2514919936911886,14.62,5.97,0.3,2.749832327297108,153.2,0.348175592973643,0.03772888051589707,1.5899624428048043,4.0169428216932035
1995-10-17,0.643191570170476,14.03,5.97,0.32,2.749832327297108,153.2,-0.040909924937082565,-0.8998311178384677,0.4277495151762789,3.554992383867983
1995-10-18,0.1124736888748811,14.05,5.99,0.32,2.5435073627844584,153.2,-0.8460492505831585,-0.5481464872836073,1.1099039057865356,3.052225350889204
1995-10-19,0.5464425233752124,13.55,5.98,0.31,2.5435073627844584,153.2,-2.3584276873189536,-0.15746273977725878,1.132650836346416,2.764743143943349
1995-10-20,-0.540083350469811,13.46,6.04,0.32,2.5435073627844584,153.2,-1.320942613178555,0.5293952329078255,2.1465265515802967,4.46327745249453
1995-10-23,-0.4085425942693677,14.17,6.07,0.31,2.5435073627844584,153.2,-0.30936956314679964,0.5811411527451016,2.0151741832533876,5.575495718953261
1995-10-24,0.2529621705339435,13.85,6.02,0.34,2.5435073627844584,153.2,-0.8592727207264339,-0.03750310488038755,2.33573374710232,5.735331931094567
1995-10-25,-0.6939010939897128,14.49,6.0,0.36,2.5435073627844584,153.2,0.3004446732056243,1.5863566766157744,2.734914160760482,5.785708088324282
1995-10-26,-0.9871753548185368,15.59,6.06,0.45,2.5435073627844584,153.2,2.2541269004696884,2.8679497681231014,4.03141926430155,7.067556498161687
1995-10-27,0.5167224398824111,14.63,6.05,0.41,2.5435073627844584,153.2,1.8751069326017777,2.245982097968935,3.7295143456829827,6.869071327533005
1995-10-30,0.6123835981050263,14.26,6.04,0.42,2.5435073627844584,153.2,0.8932742344888611,1.5516481428150541,3.9777131945188504,6.091732412666073
1995-10-31,-0.3000428632661811,13.83,6.03,0.42,2.5435073627844584,153.2,0.8288920591949633,1.3396350863875472,4.4952733703245595,6.911436361376766
1995-11-01,0.4677507657996571,13.41,5.98,0.46,2.5435073627844584,153.2,1.2820601220661532,1.6671890311809712,3.6202159245956267,5.597208901927053
1995-11-02,0.941426222280728,13.19,5.92,0.46,2.5435073627844584,153.2,0.6002915346887683,1.2921482281256447,2.9268145260615164,4.514016393340703
1995-11-03,0.1441424173036276,12.26,5.94,0.45,2.5435073627844584,153.2,0.3640488599560454,1.6086153855057628,3.913166104772259,2.7498840159451365
1995-11-06,-0.3572794631279241,12.74,5.96,0.45,2.5435073627844584,153.2,0.6525448929291633,1.4257474254846025,4.96549801381112,3.9883713127100817
1995-11-07,-0.363663557171423,13.05,5.99,0.45,2.5435073627844584,153.2,0.5065443215350962,2.374127223405309,5.775000840597055,3.346294663681504
1995-11-08,0.9192957056055162,12.16,5.92,0.45,2.5435073627844584,153.2,0.38025382644337746,1.130621789893449,4.133774996062201,3.173846574223882
1995-11-09,0.2619505729852811,12.46,5.97,0.48,2.5435073627844584,153.2,0.6877283185589445,1.1310320647014427,4.082522048417436,3.150389733633019
1995-11-10,-0.0910290688080128,12.97,6.0,0.48,2.5435073627844584,153.2,1.2400521299078981,1.45094429851782,4.52153633297232,3.640845282173255
1995-11-13,-0.0708568853615698,13.2,5.98,0.49,2.5435073627844584,153.2,0.7681897495765533,2.3889962359763484,4.470714511167939,3.753172710122743
1995-11-14,-0.5081900772682668,13.38,5.97,0.5,2.5435073627844584,153.2,1.8581704449966319,3.113923077823366,5.498146179665575,4.213548170794068
1995-11-15,0.7924865718818896,12.95,6.0,0.47,2.878179384203472,153.7,0.7475254692496325,1.9210001889750972,3.8655734541266584,3.698897213680885
1995-11-16,0.5690626907155938,12.57,5.93,0.47,2.878179384203472,153.7,0.44027584448020907,1.6138134362145617,3.1807679287825685,3.915684963623023
1995-11-17,0.4570228590106806,12.49,5.92,0.46,2.809364548494986,153.7,0.2083090280705413,2.26806625651077,1.1232006519421134,3.541253477199424
1995-11-20,-0.5366093454061693,12.37,5.93,0.47,2.809364548494986,153.7,1.608450534268524,3.4899921155888913,2.526600939379975,3.4933463138076437
1995-11-21,0.5679843825258546,11.74,5.92,0.43,2.809364548494986,153.7,1.2328442846956778,3.3220049923065265,0.9496222010808353,2.743907771264964
1995-11-22,-0.3065383596974391,11.81,5.93,0.42,2.809364548494986,153.7,1.1647677838833248,2.9695785045285694,2.020381906259172,3.352272182514615
1995-11-24,0.262357323698259,11.87,5.91,0.42,2.809364548494986,153.7,1.1683934376598204,2.918481027492792,1.9967735201591008,1.5800859987702864
1995-11-27,0.2250173653710607,12.43,5.88,0.42,2.809364548494986,153.7,2.0554754874301695,3.0266766422788027,2.1585811731941407,-0.4722987462376316
1995-11-28,0.8531239307403515,11.57,5.88,0.43,2.809364548494986,153.7,1.851756986182762,2.033146482258541,1.33234676019518,-0.6200032467542305
1995-11-29,0.1962243247511041,11.65,5.85,0.42,2.809364548494986,153.7,2.0637182748076466,2.3122222786953417,1.0664176671280057,-0.9594524635143653
1995-11-30,-0.3735796650198186,11.58,5.76,0.4,2.809364548494986,153.7,1.7840309034276025,1.9079220784196549,1.7443873405964982,0.8405761251611299
1995-12-01,0.2659506359000918,11.11,5.71,0.39,2.809364548494986,153.7,1.729875834107597,1.5420683857629403,2.2653135922837686,0.23093602200821017
1995-12-04,1.103827543349456,10.66,5.63,0.36,2.809364548494986,153.7,0.951640419301425,-1.119475166076822,1.2449509092068656,-0.5576322722347538
1995-12-05,0.6518055090176667,11.65,5.65,0.36,2.809364548494986,153.7,0.17809167111408897,-0.9309027438449302,0.003241084621063983,-0.61846594357583
1995-12-06,0.404740323410846,12.7,5.67,0.35,2.809364548494986,153.7,0.24347927754166943,-2.2961060341427975,-0.5595102621988368,-0.7650882645102275
1995-12-07,-0.6465880571741356,12.74,5.72,0.33,2.809364548494986,153.7,0.12171965866589751,-0.9218223596278996,0.3716570306921074,-0.21860605336082584
1995-12-08,0.2126032742469252,11.12,5.73,0.34,2.809364548494986,153.7,-0.1846138578316059,-0.8955704535587805,-1.3004418792043615,0.7347362365824672
1995-12-11,0.330381409442837,11.06,5.71,0.33,2.809364548494986,153.7,-2.0515918084895945,-0.8425929063972548,-3.3961838841656267,-0.07149135324272526
1995-12-12,-0.1194457339627086,10.63,5.72,0.33,2.809364548494986,153.7,-1.1070228993778963,-0.6868353532400229,-2.6002821832747047,0.7922493385565055
1995-12-13,0.4702758665042772,10.36,5.74,0.35,2.809364548494986,153.7,-2.533416966357671,-1.2176498406747727,-3.197735978500982,0.7400648088660366
1995-12-14,-0.7672665657350031,11.07,5.74,0.36,2.809364548494986,153.7,-1.0422733667094786,-0.16047303731434592,-1.0473630817800506,2.483410557571042
1995-12-15,-0.0940083107620726,11.44,5.75,0.39,2.535023348899257,153.7,-0.7122715477096309,0.7122616448713481,-1.2912208551569826,3.535399418099283
1995-12-18,-1.5462291724742672,14.55,5.85,0.42,2.535023348899257,153.7,1.2343221543003269,2.3911949084563178,0.5682037942109419,5.56487346295782
1995-12-19,0.8437558935724621,13.16,5.81,0.45,2.535023348899257,153.7,0.42489118889639244,0.9429215106812272,0.31537261257288396,4.252042943862833
1995-12-20,-0.9788685480478954,12.2,5.76,0.43,2.535023348899257,153.7,1.349967429584309,1.777406919473279,1.5669976983390344,6.208209971915268
1995-12-21,0.7508974113998645,10.77,5.77,0.44,2.535023348899257,153.7,0.8910879012639761,1.305513909445355,0.709759023646539,6.221939987345926
1995-12-22,0.2391557594737525,11.51,5.71,0.43,2.535023348899257,153.7,1.4347525266080519,-0.4085301005197661,1.6450391749414317,6.55874124962994
1995-12-26,0.3840143049367972,11.49,5.69,0.42,2.535023348899257,153.7,1.1427673239049252,-2.5752901902303726,0.7776540106848806,7.153935895551533
1995-12-27,0.0374477467812939,11.98,5.66,0.43,2.535023348899257,153.7,0.51583856915558,-1.9266799490686326,1.4893138256720118,7.162801942439012
1995-12-28,-0.0667232128845896,12.25,5.63,0.43,2.535023348899257,153.7,0.42174605550411304,-2.0044938540463186,1.9818466015267155,8.064299198073943
1995-12-29,0.2947302763278925,12.52,5.58,0.4,2.535023348899257,153.7,0.4107657245077112,-0.888315551412,2.6481331345585613,7.593615476209159
1996-01-02,0.7793073644808635,12.19,5.6,0.42,2.535023348899257,153.7,-1.8172101584654654,-1.9893133837992405,2.8031718552630425,5.964754397879579
1996-01-03,0.0950537067700763,12.1,5.58,0.41,2.535023348899257,153.7,-3.6760488293032467,-1.7804178531906634,3.0995619861052814,5.176213320980261
1996-01-04,-0.5826297358067389,13.78,5.65,0.48,2.535023348899257,153.7,-2.4299837249467604,-0.6216868787990881,3.278210481387167,5.250078611028708
1996-01-05,-0.1602703925547621,13.58,5.69,0.49,2.535023348899257,153.7,-2.4160503126578137,-0.2067347041968981,4.353424975690023,4.226532936945282
1996-01-08,0.2837638335116299,13.11,5.68,0.48,2.535023348899257,153.7,-1.2937669248374473,-0.588077452853486,4.853068592391985,5.140206083595333
1996-01-09,-1.4568459472750428,15.21,5.7,0.52,2.535023348899257,153.7,-0.17528858734973118,2.0619931381010037,6.995851509353113,8.465967031155387
1996-01-10,-1.799988763402427,16.4,5.8,0.58,2.535023348899257,153.7,1.9679746865380654,3.4415747375200922,9.986404993947717,10.491016010183628
1996-01-11,0.7034524311671841,14.69,5.78,0.56,2.535023348899257,153.7,1.8533325248711874,3.483102002630911,9.268047504445875,8.284195056724908
1996-01-12,-0.1460128555721418,14.23,5.75,0.58,2.330226364846877,153.7,2.264015358611271,4.067880877757624,10.274749779978553,7.905702099150669
1996-01-16,1.4370969644112108,14.09,5.66,0.58,2.330226364846877,153.7,0.7149391178230768,3.568145073555873,8.557952651910483,5.967720303217616
1996-01-17,-0.3402155209901947,14.25,5.58,0.53,2.330226364846877,153.7,2.241210311345032,4.889757846334786,8.115510722648134,5.617032147511081
1996-01-18,0.3083917628256216,13.58,5.53,0.52,2.330226364846877,153.7,1.4451596744095685,4.968438810910225,7.0827334245556095,5.94009033652827
1996-01-19,0.5902319665113342,12.7,5.54,0.51,2.330226364846877,153.7,1.6001140437518213,3.924294182202459,5.908497845668448,6.371047411854303
1996-01-22,0.2566084174304484,13.34,5.61,0.53,2.330226364846877,153.7,1.7639298758421518,4.569606642662594,4.442451730586439,6.910654047295428
1996-01-23,-0.0994532706941941,13.56,5.66,0.57,2.330226364846877,153.7,2.832952073172512,5.473333485392562,5.762169556405294,6.398606925472139
1996-01-24,1.1700654714350778,12.54,5.62,0.55,2.330226364846877,153.7,2.5904892234006383,4.834177953565999,6.274592231791076,5.434221763882174
1996-01-25,-0.4726099380502391,12.94,5.7,0.59,2.330226364846877,153.7,3.4730874768285513,6.327079100482513,6.814901349434521,2.6692332497809446
1996-01-26,0.7438804600066184,12.0,5.65,0.57,2.330226364846877,153.7,2.287576308674022,5.590232018429386,4.6394947205699255,2.9600116725000403
1996-01-29,0.4182580364789245,12.19,5.69,0.59,2.330226364846877,153.7,2.757044436317968,5.964250304579322,3.687805679353695,2.0617821851881324
1996-01-30,0.9499942310813748,12.42,5.63,0.61,2.330226364846877,153.7,2.56764136299541,4.817897988624575,2.3169047084482752,1.3330100854501703
1996-01-31,0.9315234293048924,12.53,5.6,0.67,2.330226364846877,153.7,2.1870338538687584,3.0753745099108,0.6933701784703761,0.7625507746614524
1996-02-01,0.383636106801255,12.65,5.63,0.7,2.5299600532623145,154.0,2.758197028085285,2.0142193573575717,0.9256606429751457,0.46517723912435915
1996-02-02,-0.4103616557059375,13.23,5.66,0.76,2.5299600532623145,154.0,3.228794570113669,1.9092779788210335,2.3543611711830392,2.643746358927279
1996-02-05,0.879146575272638,13.46,5.7,0.75,2.5299600532623145,154.0,3.121154258430381,-0.12159834598085562,2.2387455397367084,1.5995525439688851
1996-02-06,0.7639219353653193,14.59,5.68,0.75,2.5299600532623145,154.0,2.1939245123764994,0.2738474849215855,0.8772581746529173,0.5647213161072973
1996-02-07,0.556987218719418,14.11,5.66,0.74,2.5299600532623145,154.0,0.8693281549911669,1.3739930110035825,0.5723742218705752,-0.1138569142390411
1996-02-08,0.9447193878772796,13.89,5.66,0.76,2.5299600532623145,154.0,-0.72400810080816,0.4587939902787497,-3.4401827659018447,-0.8307058920829391
1996-02-09,0.0457249667900949,14.63,5.66,0.81,2.5299600532623145,154.0,-1.2782446959568206,-0.9004026979441693,-2.490969378181007,-0.9643976929069598
1996-02-12,0.7739563245783065,14.69,5.61,0.78,2.5299600532623145,154.0,-3.144604642694959,-2.1483138121416445,-3.6828157686899954,-1.2820381506398748
1996-02-13,-0.1421123930846701,14.94,5.58,0.78,2.5299600532623145,154.0,-1.8788563377095446,-2.3860364767548603,-3.324706915561848,-1.7562241979057425
1996-02-14,-0.7463918188810759,15.59,5.62,0.8,2.5299600532623145,154.0,0.5003154727440728,-2.310934442650381,-2.2438179305639405,-1.0128457969040716
1996-02-15,-0.6498077510866507,16.13,5.7,0.83,2.5299600532623145,154.0,1.191428127243488,-1.067065671079781,-1.5184570621540883,-0.8935710954325549
1996-02-16,-0.5128088831771627,15.37,5.76,0.86,2.257636122177953,154.0,0.3827342786288046,0.4367445253164126,0.7207080598283566,0.8873730938168789
1996-02-20,-1.131201005528748,16.8,6.01,0.83,2.257636122177953,154.0,1.0286374103145812,2.3632175191327542,1.7232463289829525,2.2804939974715444
1996-02-21,1.1628737825599478,14.47,5.98,0.82,2.257636122177953,154.0,-0.516891793262142,0.6017627774999257,0.29007945589143436,1.2004365977395404
1996-02-22,1.660239187001511,14.56,5.92,0.81,2.257636122177953,154.0,-2.7972548167342626,-0.79075388600508,-1.4676840489859733,-0.4553319471054973
1996-02-23,0.0333958266055312,14.78,5.97,0.84,2.257636122177953,154.0,-2.231902286706866,-3.8811701806393595,-1.283610753366693,-2.251627491453112
1996-02-26,-1.3078829419300164,16.38,6.01,0.83,2.257636122177953,154.0,0.05380431911496952,-1.6050183083880842,-0.06457644299782128,-1.2714108864323337
1996-02-27,-0.4950391460670889,16.63,6.06,0.78,2.257636122177953,154.0,1.3209918920295216,-1.5681916340229307,0.8852945669619361,-2.122858667833505
1996-02-28,-0.3847089598826181,16.72,6.11,0.68,2.722443559096943,154.7,1.1244668476153796,-0.9616149216023495,0.6452071569648998,-2.1046928769629436
1996-02-29,-0.6700282782813094,17.04,6.13,0.69,2.722443559096943,154.7,2.0642430694175706,0.06870422160711875,1.3287962561011835,-0.5808551669453821
1996-03-01,0.6152120429189445,16.72,5.99,0.73,2.722443559096943,154.7,-1.686918261178616,-0.45625998474240204,0.1753658443712336,-0.29175860096822825
1996-03-04,0.9994261821944406,16.67,5.92,0.71,2.722443559096943,154.7,-1.6579305892381102,0.2827287322523242,0.44866903107052547,-0.8927332985647185
1996-03-05,0.7651972906734139,16.1,5.96,0.68,2.722443559096943,154.7,-2.8515152409199107,-0.6251964383887865,-0.08081371772606927,-2.162276513958883
1996-03-06,-0.5779255789703064,16.56,6.05,0.69,2.722443559096943,154.7,-2.062885307826867,-0.3098189465107426,0.5950927734374556,-1.2868120626438495
1996-03-07,0.2530712291506809,16.49,6.07,0.67,2.722443559096943,154.7,-1.9551791967469034,-0.6823256798091704,0.3380954417436355,-1.31263164834039
1996-03-08,-3.0826931326324303,20.7,6.41,0.68,2.722443559096943,154.7,1.2517746923096151,2.7024459537786205,1.695341789167304,2.271509810329486
1996-03-11,1.0292059244277896,19.4,6.33,0.62,2.722443559096943,154.7,1.9733765347000665,1.5655695431890049,0.3390492240766596,1.8061931198745995
1996-03-12,-0.4577970354626037,19.09,6.36,0.58,2.722443559096943,154.7,2.2916660080208207,2.4925745464947857,-0.5635038541080717,2.053078137048736
1996-03-13,0.2291608526201694,18.13,6.35,0.62,2.722443559096943,154.7,1.7899918399946646,1.6224235454720848,-1.1541766906394746,2.2425820371108296
1996-03-14,0.3633243079742998,16.93,6.36,0.66,2.722443559096943,154.7,1.2982363642562333,1.259226892459342,-0.6491134202297522,1.964521190162194
1996-03-15,0.0873808358731631,16.54,6.46,0.59,2.921646746347939,155.0,1.4327366269652142,0.6345208940480296,0.16525537793636857,1.9846250743040361
1996-03-18,1.7492215621966567,17.31,6.43,0.54,2.649006622516548,155.0,-0.3999151595929451,0.16547246062803556,-1.1721480315473376,0.23289028410871104
1996-03-19,-0.1470959835661034,18.35,6.41,0.56,2.649006622516548,155.0,0.19640753378502573,0.5478075942310978,-1.5467503033775754,0.4434646285213395
1996-03-20,-0.2623980675244386,18.66,6.34,0.58,2.649006622516548,155.0,-0.16462158164428642,0.9077240209471205,-0.9800294329978865,-1.0154121333364907
1996-03-21,-0.12153882443795,17.74,6.28,0.56,2.649006622516548,155.0,-0.038509527112229325,1.027431550866842,-0.6346362546701734,-1.1645277238039098
1996-03-22,0.2202733668730916,17.05,6.32,0.58,2.649006622516548,155.0,-0.7869409418112538,-0.9806038748722101,-0.4195967675813983,-1.5077922031625723
1996-03-25,-0.0891483652818436,17.84,6.26,0.57,2.649006622516548,155.0,0.5676577696965834,-1.2076142777802223,0.23691451519236573,-1.8121913512868848
1996-03-26,0.4507403813335919,17.8,6.25,0.53,2.649006622516548,155.0,0.3507112371544441,-2.9817559117090053,-0.4288080491593793,-1.2557929981136584
1996-03-27,-0.6217740081097323,17.89,6.34,0.53,2.649006622516548,155.0,1.074113825760059,-2.732271224440086,0.6102575297874724,-0.5347383838639308
1996-03-28,0.0046276522349453,18.16,6.41,0.53,2.649006622516548,155.0,1.0663517249856813,-1.8846088117143722,0.6965234866466385,0.48541073168728577
1996-03-29,-0.5300956064450468,18.88,6.34,0.55,2.649006622516548,155.0,-0.19519903417895001,-0.46630670265299656,1.341591501863837,2.4802493827459138
1996-04-01,1.2749776094113097,17.9,6.31,0.52,2.649006622516548,155.0,-1.7652514604071246,-1.3354107551393546,0.0673064498419862,1.8157336319004624
1996-04-02,0.2340460652849207,16.45,6.25,0.51,2.649006622516548,155.0,-3.3208206576513244,-2.0831462641745624,-0.10377448122073085,1.5505254392322199
1996-04-03,0.0946181833085146,16.33,6.27,0.5,2.649006622516548,155.0,-3.7659346257162385,-1.8707720070597844,-1.9058364193055954,1.367623747689617
1996-04-04,-0.0030523161402951,16.18,6.33,0.5,2.649006622516548,155.0,-2.9198249331587434,-1.6451648626741533,-2.169667426977151,1.9897520941110303
1996-04-08,-1.7717188693801456,18.72,6.63,0.52,2.649006622516548,155.0,-0.27163790303723623,0.5665628444975646,-0.5324091530755637,4.4874634636031585
1996-04-09,-0.3182025059051296,17.32,6.56,0.5,2.649006622516548,155.0,0.4375648247264996,1.4621863642753308,-0.6119672777278651,4.76027456173429
1996-04-10,-1.353182455094215,20.22,6.63,0.53,2.649006622516548,155.0,1.2801871115331487,2.631410088422448,1.7790086079321643,7.09076289031676
1996-04-11,-0.3662205720945111,19.65,6.68,0.56,2.649006622516548,155.0,1.9693261541904095,3.4364210990679878,2.2592620062578783,7.1009866986138315
1996-04-12,0.8761414114904609,17.38,6.52,0.56,3.0463576158940464,155.6,1.3129972928118239,2.630710907942868,2.4155430811599876,6.5649960500801186
1996-04-15,0.9077866002189294,16.83,6.47,0.54,2.842035690680756,155.6,0.8404838201592213,1.8163680504811097,2.9603604445747056,4.6288643693152
1996-04-16,0.3906690849314831,16.45,6.48,0.57,2.842035690680756,155.6,1.020157688347867,1.4217027767684076,3.193794664486438,3.555037624152191
1996-04-17,-0.5255836664244229,17.07,6.52,0.56,2.842035690680756,155.6,1.33414344446392,2.021482214179482,3.7109767775118874,4.6897691031073
1996-04-18,0.3117158469571057,16.41,6.58,0.56,2.842035690680756,155.6,1.4387610472772483,-0.03573289320926154,3.3001337328185443,3.963582036672575
1996-04-19,0.2268488690178927,15.12,6.53,0.58,2.842035690680756,155.6,1.3006362957781459,-0.5332758308940089,3.6957176042336837,3.505043653378004
1996-04-22,0.437162988853923,15.38,6.48,0.56,2.842035690680756,155.6,0.9677504444170593,-1.0927807081091312,3.8988114023229548,3.8077424180619657
1996-04-23,0.5695414897555651,15.01,6.52,0.59,2.842035690680756,155.6,0.39749006298261946,-2.0442627113873124,3.2505589674737934,4.122285006763615
1996-04-24,-0.2164023055809982,14.91,6.57,0.62,2.842035690680756,155.6,0.6782894159383268,-0.8305463987641759,4.3450175711824635,3.516010733746522
1996-04-25,0.4152778931666434,14.72,6.56,0.57,2.842035690680756,155.6,-1.4535803920153523,-1.1380508725090999,3.54281940597696,3.1307921323199484
1996-04-26,0.0903743256515987,14.75,6.54,0.62,2.842035690680756,155.6,-1.81036585132347,-0.20965247622215522,3.8334384584612025,2.8616825120263645
1996-04-29,0.1071146127290312,15.45,6.59,0.61,2.842035690680756,155.6,-2.040781480677345,1.1235839737736342,2.762322377713966,2.5697074490492966
1996-04-30,0.0015301709116899,15.83,6.66,0.63,2.842035690680756,155.6,-2.432085476278467,1.7472511693265913,2.103430320115285,2.273108749355446
1996-05-01,0.0626800664046633,16.07,6.68,0.65,2.842035690680756,155.6,-1.4986704913796833,1.6560184450031823,2.6154167054015076,2.0379427223611746
1996-05-02,-1.7110226274282936,18.62,6.85,0.69,2.842035690680756,155.6,0.3201836462059404,3.337059053775815,4.000744511645715,3.4924881924513373
1996-05-03,-0.2720009926821976,16.7,6.9,0.7,2.842035690680756,155.6,1.6302264378310616,4.251666545223598,4.059970324755424,3.667217568171033
1996-05-06,-0.1278006511507334,16.92,6.86,0.71,2.842035690680756,155.6,3.2302885856799746,5.046741932660304,4.954666768771365,3.3161155539021214
1996-05-07,-0.3979319615305399,16.87,6.87,0.67,2.842035690680756,155.6,4.283515401560578,5.405320632992328,6.295238940402337,3.7132221734735404
1996-05-08,1.0199620320902714,15.78,6.78,0.63,2.842035690680756,155.6,3.202686656231135,5.21890943430805,4.382959646009943,2.6877732415794275
1996-05-09,0.103910369567628,16.99,6.84,0.7,2.842035690680756,155.6,3.0072466954499832,4.734754189854917,4.31798385779758,3.3155714447688833
1996-05-10,1.0303086869280609,15.61,6.75,0.71,2.842035690680756,155.6,2.579390206314347,4.051585183346518,3.077787646261787,2.5701893972047474
1996-05-13,1.4445831897754502,15.16,6.72,0.66,2.842035690680756,155.6,1.759612776314845,1.6205303842527163,1.4300555997409425,1.0536455382730736
1996-05-14,0.6182772384293322,14.9,6.66,0.65,2.8308097432521384,156.2,1.0757263284729701,0.35006267657882173,0.5168273088318687,-0.18178500328742686
1996-05-15,-0.0270421698292278,15.59,6.65,0.64,2.8308097432521384,156.2,1.9536533819056068,0.9437692672543241,0.37570257344339275,0.47038035574522574
1996-05-16,-0.0856612874362228,15.71,6.7,0.62,2.8308097432521384,156.2,1.677073749493041,0.642253092885614,0.1504098724105063,0.8693734690718546
1996-05-17,0.610663714775006,15.13,6.65,0.61,2.8308097432521384,156.2,1.435176183121345,-0.18387832714885644,-0.5606135579607652,1.0419984778393232
1996-05-20,0.633874727506134,15.8,6.62,0.6,2.8308097432521384,156.2,-0.13667739908548304,-0.08765161317230152,-1.6474822035581038,0.06832963244718382
1996-05-21,-0.0579387408887077,16.0,6.65,0.62,2.8308097432521384,156.2,-0.7179405760943336,0.8442821501474462,-1.6053254706282272,-0.05350873213874063
1996-05-22,0.8413064186890473,15.5,6.63,0.6,2.8308097432521384,156.2,-0.9905325421428413,-0.7944862694286181,-2.405590598055851,-3.0924767838874767
1996-05-23,-0.3567086717840229,16.17,6.68,0.63,2.8308097432521384,156.2,-1.0177522015994866,-0.39792935523760287,-1.35502561309635,-3.4704174515763575
1996-05-24,0.3713032197670163,15.54,6.65,0.62,2.8308097432521384,156.2,-1.596146988838787,-0.9358795787385854,-1.4237128473645222,-3.5017920772948075
1996-05-28,-0.9255617760221768,16.92,6.67,0.62,2.8308097432521384,156.2,0.049092884791246405,-0.1874373060163581,-0.557844801474805,-2.4054242416978733
1996-05-29,-0.639660223123395,17.15,6.77,0.61,2.8308097432521384,156.2,1.5735196623707592,0.16618288798737613,-0.5299923743748103,-3.332686061371426
1996-05-30,0.5644333347192498,16.02,6.78,0.6,2.8308097432521384,156.2,0.19800760245241023,-0.5627555796009154,-0.46896298300076467,-3.797827795447817
1996-05-31,-0.384102581949719,16.07,6.85,0.58,2.8308097432521384,156.2,0.6261959696291397,-0.4887045007042512,0.22567099722685668,-5.876376077706624
1996-06-03,-0.2152084008719579,16.86,6.87,0.61,2.8308097432521384,156.2,0.6709771923517405,-0.3774292413871172,1.2281350792270107,-5.887550621526838
1996-06-04,0.730889787973954,16.18,6.86,0.62,2.8308097432521384,156.2,-0.23641412829197295,-1.5611990064998138,0.15611808563997798,-5.722908048961317
1996-06-05,0.8742721696439082,16.04,6.82,0.58,2.8308097432521384,156.2,-1.3855351070449662,-2.4290991700733566,-0.890274453983908,-5.141206998009307
1996-06-06,-0.7974136438097856,16.84,6.76,0.6,2.8308097432521384,156.2,-0.7592597899468756,-1.6240068399855034,-2.3163939463081262,-5.096362321894976
1996-06-07,0.0415981827751821,16.1,6.93,0.53,2.8308097432521384,156.2,-1.1079624541008082,-0.9609200407813767,-3.0847632749493648,-5.872477487444828
1996-06-10,-0.1708016245462684,16.78,6.97,0.57,2.8308097432521384,156.2,-1.0414187514398265,-0.49244193210566944,-2.590153213539781,-6.737976052853279
1996-06-11,-0.1770415509628087,16.68,6.99,0.62,2.8308097432521384,156.2,-1.3279242788159729,-0.37110308107614065,-2.2221520776714687,-6.605354669243746
1996-06-12,-0.2876421837118559,17.0,7.03,0.64,3.159973666886096,156.7,-1.0582261579588526,-0.6950202576259668,-3.4930640746003827,-5.660348613074905
1996-06-13,-0.16740331728603,17.12,7.01,0.65,2.8890347997373444,156.7,-0.8713629586078242,0.09432340683499518,-3.253380797812211,-4.79398121262683
1996-06-14,-0.3099184598729376,18.64,6.95,0.66,2.8890347997373444,156.7,0.14868984093001636,0.7178838285108791,-5.4141306772963365,-5.24742865848411
1996-06-17,-0.1036273134648824,17.46,6.9,0.63,2.8890347997373444,156.7,0.5547541328985606,1.611647148219486,-5.530996980082792,-4.495153735356993
1996-06-18,-0.4660496288257376,17.45,6.93,0.65,2.8890347997373444,156.7,0.9696980536251232,1.7445530368184858,-4.227712040840759,-3.3395742731919698
1996-06-19,-0.0151006836700884,17.54,6.96,0.65,2.8890347997373444,156.7,0.36709054854096035,1.5771348865290635,-2.779627742356683,-1.803734673556956
1996-06-20,0.0211423059755411,16.97,6.98,0.6,2.8890347997373444,156.7,0.9741749652419252,-0.70381714489679,-3.5296776890084702,0.05890570349176283
1996-06-21,0.7159117118734848,15.8,6.96,0.61,2.8890347997373444,156.7,0.5683489104899353,-2.1444496809163938,-4.959211503868833,-0.9912491932868028
1996-06-24,0.3014139298066487,15.91,6.94,0.62,2.8890347997373444,156.7,1.0510622043031992,-2.108092412440521,-6.276441952767331,-0.9673276428629585
1996-06-25,-0.0553181028172033,15.43,6.91,0.61,2.8890347997373444,156.7,0.7674133904825853,-1.8579438835919837,-6.257473264248747,-0.6462433356925867
1996-06-26,-0.6118307114365007,15.23,6.91,0.61,2.8890347997373444,156.7,1.2056186259607804,-2.817626894676739,-5.000079923816935,-0.27092336628823377
1996-06-27,0.6261342062361619,14.19,6.83,0.62,2.8890347997373444,156.7,-1.6618032390126714,-3.3445495116045776,-4.883698148988158,-0.9647763555158728
1996-06-28,0.3111236448766208,13.68,6.73,0.62,2.8890347997373444,156.7,-2.697467563896072,-6.0883075306149115,-5.922793708763696,-0.7246895182406066
1996-07-01,0.7828459749452232,13.78,6.74,0.59,2.8890347997373444,156.7,-3.1262953083626033,-7.029355717345442,-6.0099418275038285,-2.3199373501957
1996-07-02,-0.3358613237335772,14.19,6.8,0.58,2.8890347997373444,156.7,-2.6053633667275866,-5.869862218076738,-4.996952817877787,-1.7161262169474112
1996-07-03,-0.1796233672023861,14.21,6.78,0.58,2.8890347997373444,156.7,-3.9753183422619576,-4.2891174610827925,-3.328376572013736,-1.5050557331561798
1996-07-05,-2.224869338113511,16.09,7.06,0.62,2.8890347997373444,156.7,-1.7111827631757892,-2.8458904087333092,0.7681290724957046,1.1818598659035118
1996-07-08,-0.7453188725763948,16.42,7.05,0.62,2.8890347997373444,156.7,-3.4848424617781704,-2.8764457547621802,1.1784722316406704,2.151598298228974
1996-07-09,0.3386799348811253,15.49,7.0,0.59,2.8890347997373444,156.7,-4.029019455183258,-4.258114529639146,1.1653310244845283,1.6708671159077593
1996-07-10,0.2000759921487294,15.51,6.95,0.61,2.8890347997373444,156.7,-3.351826100693023,-4.482817616372737,1.2346394561595364,1.3733514921126178
1996-07-11,-1.583698851797399,17.81,6.9,0.62,2.8890347997373444,156.7,-0.3267900641830024,-2.245729301933108,2.620540584688591,3.873497363606715
1996-07-12,0.0805395240624617,17.09,6.85,0.59,2.8890347997373444,156.7,-1.1544626107601652,-1.592407494462389,2.462119977780697,3.225061789370298
1996-07-15,-2.536407958419884,20.11,6.89,0.57,2.8890347997373444,156.7,0.6303638957176894,0.17624410496615006,5.71134208248123,5.411244482438304
1996-07-16,-0.2270550497773804,20.1,6.84,0.61,2.8196721311475548,156.8,-0.23871286211243348,1.0964900778167586,5.06548965373621,6.052171426451158
1996-07-17,0.9071108186774924,19.22,6.83,0.6,2.8196721311475548,156.8,-1.1702150905179454,0.92734316635259,4.412758866615585,4.848043572364746
1996-07-18,1.4966786198298276,17.93,6.72,0.56,2.8196721311475548,156.8,-1.9252307003916003,1.003794828324156,2.9088246331806067,2.150541815521767
1996-07-19,-0.750515431065768,17.26,6.78,0.6,2.8196721311475548,156.8,-0.44305984394386044,3.7198832827900263,4.145733301022259,2.075996144081649
1996-07-22,-0.7765348565382801,20.41,6.84,0.61,2.8196721311475548,156.8,-0.45127511535401066,4.1750098808823966,5.17695639545408,3.3056077956116647
1996-07-23,-1.088726856970279,21.55,6.8,0.57,2.8196721311475548,156.8,1.338397867785801,5.6646529650835165,6.192672743406913,4.584681107444277
1996-07-24,-0.035090322529141,21.44,6.87,0.61,2.8196721311475548,156.8,2.122394841587183,5.985789079884252,6.131011156678778,3.6367952029768613
1996-07-25,0.7212891279019917,19.39,6.87,0.59,2.8196721311475548,156.8,2.986522986118767,4.978063722302362,6.259804939305691,3.8832660660786944
1996-07-26,0.7494085004006834,17.45,6.85,0.6,2.8196721311475548,156.8,4.181469539148597,4.120136840066402,4.895424388683844,4.381189539540209
1996-07-29,-0.7847226101507454,20.09,6.93,0.61,2.8196721311475548,156.8,4.647256910218789,5.525359856489831,5.225790230253402,5.214693984006136
1996-07-30,0.689486108360704,20.53,6.89,0.59,2.8196721311475548,156.8,4.269117322085658,3.925951902844882,4.901932148999322,5.040458873377429
1996-07-31,0.7382807620987419,19.46,6.8,0.58,2.8196721311475548,156.8,3.783101879161732,3.4533909155997744,3.8846761274097474,4.875382703631792
1996-08-01,1.5735615488918775,18.76,6.65,0.57,2.8196721311475548,156.8,1.9337877213817523,1.8860972581222324,1.1353503986129443,4.695233620358663
1996-08-02,1.918397945976724,16.19,6.51,0.6,2.8196721311475548,156.8,-0.058871025100248886,0.4105770318610924,-1.5849296072059094,3.2438211220025215
1996-08-05,-0.3411387038203317,17.36,6.53,0.6,2.8196721311475548,156.8,0.8391074665477394,0.9617916194271103,-0.8345591579638767,3.43971383373598
1996-08-06,0.3256478011701258,16.93,6.54,0.61,2.8196721311475548,156.8,-0.3291151091082356,0.49971278332585634,-1.0220748635743626,2.8820262809246655
1996-08-07,0.2687231269962176,16.24,6.55,0.58,2.8196721311475548,156.8,-0.3176923387256614,0.13702032890945404,-2.2163290921360046,2.8366700218727336
1996-08-08,-0.2363807444807908,16.04,6.56,0.59,2.8196721311475548,156.8,-0.04678572662271119,1.220961000379961,-1.0428823102697993,3.688555735949417
1996-08-09,-0.0739599525602541,15.77,6.5,0.57,2.8196721311475548,156.8,0.46972458864182887,0.7446086531833096,0.25072258584790674,3.6822241023701796
1996-08-12,0.5543035916992123,15.57,6.49,0.57,2.8196721311475548,156.8,0.1216632673192386,-0.28388401294611176,-0.2943992542704388,2.9800028896286523
1996-08-13,-0.8366263365449322,16.41,6.57,0.6,2.8795811518324443,157.2,0.8315646974955682,0.939111192425579,1.072404871089816,3.882157589960089
1996-08-14,0.2802144125615857,15.96,6.58,0.61,2.8795811518324443,157.2,0.45616185891301786,0.41688842481903965,1.374524097708929,3.5964048029012208
1996-08-15,0.0347468481455726,15.46,6.62,0.62,2.8795811518324443,157.2,1.2683401291481378,-0.7368491675633693,2.757134130989103,3.6102512663587216
1996-08-16,0.442409939326116,14.81,6.56,0.61,2.8795811518324443,157.2,0.273598903218808,-1.9873470485423206,2.821659006343924,3.325264861703614
1996-08-19,0.2059492599231882,15.27,6.59,0.62,2.8795811518324443,157.2,-0.4050544777533083,-1.7792382133651752,2.4543168010026983,3.3754387205051195
1996-08-20,-0.1335195513845644,14.73,6.59,0.62,2.8795811518324443,157.2,0.10665955175115371,-1.5142208915374211,2.370467966147327,4.254233535182417
1996-08-21,-0.0931357110537489,14.52,6.61,0.62,2.8795811518324443,157.2,-0.03909509717195947,-2.350129266195111,2.695955685615581,4.166481974452929
1996-08-22,0.8435180191230129,13.71,6.62,0.62,2.8795811518324443,157.2,-1.9800752082578588,-2.236536077385476,2.437829784643286,4.5893763990294545
1996-08-23,-0.544218318537304,14.18,6.72,0.63,2.8795811518324443,157.2,-2.25477690687389,-0.4902357296712845,2.915903380298701,5.44353266926656
1996-08-26,-0.4722462671407745,15.38,6.8,0.62,2.8795811518324443,157.2,-1.3797725661739868,-0.010545177397103256,3.2731789342843376,5.53714669748393
1996-08-27,0.3795896114832997,15.11,6.78,0.61,2.8795811518324443,157.2,-1.6191534614644176,0.13205354900553967,2.9156650606166234,4.552815832650858
1996-08-28,-0.2385994593662843,15.1,6.79,0.62,2.8795811518324443,157.2,-2.3119380234399745,0.9536599748426688,3.166316371635758,4.482481897445045
1996-08-29,-1.1146001371434178,16.22,6.86,0.63,2.8795811518324443,157.2,-0.26164156896927304,3.5199197982850317,4.379369783717957,6.580460469107274
1996-08-30,-0.8229440186756087,17.01,6.96,0.62,2.8795811518324443,157.2,1.8052454343691515,4.906515546791668,5.420332732833066,7.316674118443012
1996-09-03,0.4187150891332925,18.47,6.92,0.57,2.8795811518324443,157.2,1.38838392934717,4.310244532173768,5.248052285592908,7.149077200775444
1996-09-04,0.1359382160714739,18.64,6.94,0.56,2.8795811518324443,157.2,1.780028401955236,3.944416029248754,5.857144532884262,7.39553669782389
1996-09-05,-0.9411056951561968,20.51,6.98,0.6,2.8795811518324443,157.2,3.342883390466067,5.167528552665912,6.673445844503378,9.00317170457534
1996-09-06,0.9608262827847548,17.1,6.94,0.61,2.8795811518324443,157.2,3.7914814588303702,4.781301392643766,6.982068967828314,7.81847060320926
1996-09-09,1.2323110633389645,16.36,6.9,0.58,2.8795811518324443,157.2,3.0462773300043766,3.4229194842798183,5.963001161190751,6.0138586820539075
1996-09-10,0.0075310040124954,16.25,6.94,0.6,2.8795811518324443,157.2,2.881849467945674,3.2840704227333317,5.548276950527997,6.110897391560033
1996-09-11,0.5227447237980076,16.06,6.94,0.6,2.8795811518324443,157.2,2.126534705557148,2.779940501518552,4.414932208977174,4.815828351733797
1996-09-12,0.5799656736715786,15.97,6.88,0.61,2.8795811518324443,157.2,1.7656224621734884,2.191754511272248,3.4954868634596847,4.008146885646258
1996-09-13,1.399084149848462,15.2,6.74,0.64,2.8758169934640643,157.4,0.953662015322565,0.8302266724197649,2.95647511781878,2.037460681864145
1996-09-16,0.5054813166711636,15.43,6.73,0.59,2.8758169934640643,157.4,0.36550777382209354,0.48978577103937493,2.2974345864879675,2.1416365832780393
1996-09-17,-0.1520480214393105,15.74,6.81,0.59,2.8758169934640643,157.4,0.39095424204342866,0.899056231365547,2.7215281503113253,2.20968517382214
1996-09-18,-0.2152504953621292,15.86,6.83,0.57,2.8758169934640643,157.4,0.639800222190301,1.8401455092087904,3.32015975500215,3.068801673168675
1996-09-19,0.2245189608716558,16.03,6.87,0.58,2.8758169934640643,157.4,0.4187387044747304,1.4319222982247082,3.647174374729767,2.619190769051305
1996-09-20,0.5900482133052609,15.65,6.85,0.59,2.8758169934640643,157.4,-0.12226930696587202,2.1003438074678193,2.8985793936501025,2.446310496960047
1996-09-23,-0.0800618320407231,16.46,6.83,0.59,2.8758169934640643,157.4,0.12382540573336875,2.4560142853992772,2.5051886087666064,3.6034025443925533
1996-09-24,-0.1267327732694334,16.45,6.77,0.61,2.8758169934640643,157.4,0.5061232788933223,2.19221271830925,2.7369438067813556,5.2528211521559065
1996-09-25,0.0320928433048539,16.22,6.71,0.63,2.8758169934640643,157.4,1.1927142982879557,1.5907692682838759,1.9808221723820685,5.6634012519124255
1996-09-26,0.0043696340159993,16.11,6.66,0.61,2.8758169934640643,157.4,1.0089586931894656,1.2757705926691454,1.7774353548002608,6.119083297657202
1996-09-27,0.0481172683772568,16.1,6.68,0.61,2.8758169934640643,157.4,2.2253340149113843,2.1087411142164614,1.1972937573238474,5.733264214042677
1996-09-30,0.1661368781797234,16.95,6.72,0.62,2.8758169934640643,157.4,2.3293046087833114,1.798838361111832,1.6437997151295125,5.785053374168347
1996-10-01,0.2546084059313225,17.05,6.65,0.62,2.8758169934640643,157.4,1.6775987217586774,1.8062328697770358,1.2989506457336875,6.201917915072586
1996-10-02,0.715445601891318,16.78,6.61,0.63,2.8758169934640643,157.4,0.3933632700300782,1.4532719276796113,1.2064556249567149,5.696829316573648
1996-10-03,-0.1772280588813624,16.77,6.61,0.61,2.8758169934640643,157.4,0.26414676770416534,2.1839791914737727,1.17050770992575,5.798360543744696
1996-10-04,1.2529218956543575,14.8,6.48,0.63,2.8758169934640643,157.4,-0.1140548004254005,0.7818147877028947,0.33884968119661796,5.217896797461918
1996-10-07,0.2680131189124024,15.11,6.53,0.64,2.8758169934640643,157.4,-0.5183913344271263,0.04799554590362298,1.119883754014861,5.189752826198646
1996-10-08,-0.3838843381490209,15.58,6.53,0.63,2.8758169934640643,157.4,0.1265117878819666,0.533045595141024,2.9949526998531484,5.424788058507146
1996-10-09,-0.5566374075878899,16.09,6.55,0.59,2.8758169934640643,157.4,1.0557557024946318,0.3839452215074646,4.008860266500647,6.868447004998823
1996-10-10,-0.3057101519457816,16.26,6.61,0.6,2.8758169934640643,157.4,1.9147746085323547,0.49534529255652604,4.782301508687481,8.384479907820786
1996-10-11,0.870990616397016,15.07,6.55,0.63,2.8758169934640643,157.4,0.8968925371215519,-0.8926242229086778,3.5496697542984013,7.296741713739308
1996-10-15,-0.1378700192481874,15.83,6.56,0.63,2.741514360313335,157.4,0.5693382806411629,-0.15229903256099853,3.9157765228284847,7.308427708845944
1996-10-16,0.2618907441438001,15.6,6.57,0.63,3.0026109660574507,157.8,0.40602014391581953,-0.4982820891646145,4.317697376071483,7.3144871189489535
1996-10-17,0.3662664056737208,15.41,6.51,0.62,3.0026109660574507,157.8,-0.6647919025661309,-0.24328077156434702,4.18277036143202,6.857890257937127
1996-10-18,0.5417356883050228,15.08,6.5,0.61,3.0026109660574507,157.8,-1.3927610804498447,-0.9918105456129922,3.537131144108474,5.1189458531972765
1996-10-21,-0.1364665777955243,15.98,6.52,0.61,3.0026109660574507,157.8,-1.7736093897756544,-0.43952880531016314,4.401669109753215,4.815247277771451
1996-10-22,-0.4620649960593859,16.4,6.56,0.61,3.0026109660574507,157.8,-0.7175520148978265,1.071373996313052,5.139290649692141,5.20005968548003
1996-10-23,0.0990718824426473,16.45,6.56,0.62,3.0026109660574507,157.8,-0.9006454312045054,2.448853598473999,4.865805501472398,4.421066561681153
1996-10-24,-0.7041216743792988,16.89,6.57,0.63,3.0026109660574507,157.8,0.4243320561510666,3.61105058881126,6.459700073734553,6.606156891109283
1996-10-25,-0.1950754189936843,17.29,6.54,0.64,3.0026109660574507,157.8,0.40661369208803144,4.265825649587018,7.850248777490898,6.498249053938743
1996-10-28,-0.5221670424254921,18.34,6.56,0.64,3.0026109660574507,157.8,1.3581692009424495,4.482304109432289,8.263124588292193,6.081988241267355
1996-10-29,0.6080931324026873,18.28,6.4,0.63,3.0026109660574507,157.8,1.8018552599340598,4.074280645396233,7.472106687604141,3.8137829077541374
1996-10-30,-0.0855275247238052,18.48,6.4,0.61,3.0026109660574507,157.8,3.3799403076366863,4.840096800692173,7.85189378852198,3.8086225494943893
1996-10-31,0.6234833735154544,18.11,6.37,0.6,3.0026109660574507,157.8,3.17325340125576,4.436845124047273,7.118488944328982,2.080847938227204
1996-11-01,-0.2126844979171149,17.89,6.38,0.59,3.0026109660574507,157.8,3.8435834210422293,4.574310180480534,6.1719706546351505,3.0163738482296365
1996-11-04,0.420586392621769,18.04,6.36,0.58,3.0026109660574507,157.8,3.082272433607458,4.862570312264247,5.277974300469057,3.3620313112541877
1996-11-05,1.048495802424099,17.65,6.28,0.54,3.0026109660574507,157.8,2.2322042949609155,4.024796035252698,4.084920908780321,4.277883774707814
1996-11-06,1.4633001922145006,16.97,6.3,0.54,3.0026109660574507,157.8,1.4124176205851713,2.359179061652661,1.9250707977043646,3.202582193334469
1996-11-07,0.4223074352642353,17.21,6.26,0.51,3.0026109660574507,157.8,1.224727999879227,2.749368401087282,2.890720907931321,2.5009796483936197
1996-11-08,0.4356466438256268,15.78,6.29,0.53,3.0026109660574507,157.8,0.7036802230480754,3.4377736958131067,2.1410883100415834,2.6179559631515303
1996-11-12,-0.3156294934900105,15.36,6.19,0.46,3.0026109660574507,157.8,1.7270650293467638,3.618622800373883,1.531057479513076,3.5994311439089266
1996-11-13,0.2151992062986885,14.89,6.2,0.49,3.0026109660574507,157.8,1.7534511288828325,3.264808578197176,-0.25029982050004396,3.509632072704272
1996-11-14,0.6496792592667999,13.79,6.15,0.49,3.328981723237612,158.3,0.933575456813962,2.872752963549252,-0.9838547298927858,2.4419702375235275
1996-11-15,0.2364502667322909,14.36,6.19,0.51,3.328981723237612,158.3,1.5061936261363762,2.567718143052433,-2.2559061249137535,0.42298136409553155
1996-11-18,-0.081339387477175,15.12,6.2,0.5,2.9928432010410067,158.3,2.7149886346847785,1.5277752933748667,-1.4897887727512993,-0.0013581402620754801
1996-11-19,0.6973967432458927,15.23,6.17,0.49,2.9928432010410067,158.3,1.8594439645746919,0.3961413371499356,-1.4309576777888244,0.7909421640556191
1996-11-20,0.2411931560948543,15.94,6.14,0.49,2.9928432010410067,158.3,1.4853132080994813,0.057798597852798395,0.24329558826463593,0.4973468843766593
1996-11-21,-0.1613028009061046,15.77,6.15,0.48,2.9928432010410067,158.3,1.9212412697744874,-0.42410291673675715,0.823964337554739,1.4109701068663938
1996-11-22,0.8051134929316639,14.92,6.15,0.46,2.9928432010410067,158.3,1.0457731484108557,0.1375701953634234,-0.24174236451173226,-0.04274001743834743
1996-11-25,1.1085503512132222,15.91,6.13,0.46,2.9928432010410067,158.3,-1.1558326171191569,-1.25358980519511,-0.7925709374530965,-0.28797453556261843
1996-11-26,-0.1413427846729598,16.97,6.13,0.47,2.9928432010410067,158.3,-1.4365900406187682,-2.014662291818514,-0.018521435574303524,0.4682758247065433
1996-11-27,-0.1269937489751238,16.96,6.14,0.48,2.9928432010410067,158.3,-1.4066218698261523,-3.4039751267590956,0.23708318242963156,0.597352286837749
1996-11-29,0.2675522557947118,17.14,6.06,0.47,2.9928432010410067,158.3,-2.3011338532498815,-3.7489107488049456,-0.41875298717665155,1.5640228150959556
1996-12-02,-0.0607674778457134,17.93,6.08,0.47,2.9928432010410067,158.3,-0.898803507311019,-4.7028678762635945,-2.0910446461972154,1.4063675957984412
1996-12-03,-1.0944232167228063,18.68,6.06,0.45,2.9928432010410067,158.3,-0.09890031011874356,-2.972156198051823,-1.5061232546644154,2.869242778442116
1996-12-04,-0.4249817697160263,17.93,6.11,0.47,2.9928432010410067,158.3,-0.5864978204771831,-1.8198896796272401,0.3932430287134858,4.169911198800613
1996-12-05,-0.0966273958818542,18.14,6.22,0.51,2.9928432010410067,158.3,-2.025849296182758,0.18538983768510153,0.4392943805314964,5.078834491039186
1996-12-06,-0.6421490724522472,18.82,6.26,0.53,2.9928432010410067,158.3,-1.4818768657769321,1.2533828876760245,1.842888768623152,6.232216568975946
1996-12-09,1.3737201886247163,17.75,6.21,0.51,2.9928432010410067,158.3,-3.8385655305717803,-0.3787914557294658,-0.18006250046805894,3.637080035839513
1996-12-10,-0.2960989795888435,17.88,6.23,0.52,2.9928432010410067,158.3,-2.8761003601085466,0.4668715215393915,0.9778737958448414,3.0037496545076703
1996-12-11,-0.910987740958602,19.68,6.38,0.56,2.9928432010410067,158.3,-1.2406683519938566,2.0371832183597727,2.5339894463799473,3.2087239558016067
1996-12-12,-1.5430714264526024,20.45,6.4,0.56,3.253090435914108,158.7,2.2569617781659668,3.7693666110658164,4.142331342151739,4.826268146994428
1996-12-13,-0.0904940567088785,21.09,6.33,0.56,3.253090435914108,158.7,2.7764026216033244,3.459865012994623,5.5198685077062715,5.947082416784544
1996-12-16,-1.0512782753749006,21.99,6.39,0.57,3.253090435914108,158.7,3.597881098521105,2.740715456867182,6.410723319700362,8.69023790469521
1996-12-17,0.701822199737645,20.77,6.42,0.55,3.253090435914108,158.7,3.441966286406073,1.5109404537318571,6.020332666999484,8.010998874869335
1996-12-18,0.757534043089958,19.42,6.46,0.57,3.253090435914108,158.7,3.319029721704081,2.25415585816624,6.1008292401408815,7.543669391088947
1996-12-19,1.943848889383548,18.77,6.36,0.53,3.253090435914108,158.7,1.4790238303586722,0.25343470066616636,4.8843894916036135,4.0254521698974255
1996-12-20,0.4170222740342399,18.85,6.35,0.52,3.253090435914108,158.7,0.6649993324903791,0.5822085782566822,4.91720230900643,3.842351288280055
1996-12-23,-0.2603939561934387,19.5,6.34,0.49,3.253090435914108,158.7,-0.8273968855007419,0.19948458582801365,4.031141109660741,5.369246731101351
1996-12-24,0.5502659562949708,18.68,6.36,0.51,3.253090435914108,158.7,-1.8667721641404733,0.5086276367189724,2.5250892105507905,4.244462894718004
1996-12-26,0.6377878167971751,18.59,6.35,0.5,3.253090435914108,158.7,-1.0306657606117264,0.4868874388241462,1.1481508019823394,4.132450172459645
1996-12-27,0.1283335574244537,19.13,6.3,0.49,3.253090435914108,158.7,-1.2077265659761416,0.35941698717671944,1.0185101542441233,5.73495616666615
1996-12-30,-0.388483268379125,19.51,6.31,0.51,3.253090435914108,158.7,-0.08224383329128448,1.9911136501607585,2.4040408360067156,7.343967276061303
1996-12-31,-1.739070873003956,20.92,6.43,0.55,3.253090435914108,158.7,1.035448741970768,3.5721065855083722,5.790812747771623,8.794338488112551
1997-01-02,-0.5035478734676913,21.14,6.54,0.57,3.253090435914108,158.7,2.420586638434652,4.4422721266413445,6.403308246464512,10.401225715070183
1997-01-03,1.495233359822956,19.13,6.52,0.57,3.253090435914108,158.7,1.5333569848668294,3.761874859453407,5.172908121465136,8.268421097257228
1997-01-06,-0.0508007523668085,19.89,6.54,0.57,3.253090435914108,158.7,1.5863017406917423,4.6192480135612835,3.762482034150416,7.031551851125695
1997-01-07,0.7463326252226787,19.35,6.57,0.59,3.253090435914108,158.7,2.075064095707635,4.3099011167337276,3.241271747862684,6.102357079183962
1997-01-08,-0.639911773190327,20.24,6.6,0.59,3.253090435914108,158.7,2.510661233381395,3.824028177061778,5.159469798315253,7.919117650966512
1997-01-09,0.8604912644800677,20.91,6.52,0.58,3.253090435914108,158.7,1.9739053978900634,2.006257195273009,3.7169299251621934,7.2294952205590235
1997-01-10,0.6160196813218333,19.63,6.63,0.57,3.253090435914108,158.7,2.194862792647312,0.6580593548196179,3.6278989493578884,5.7395889345597695
1997-01-13,0.001317941491119,19.84,6.63,0.56,3.253090435914108,158.7,2.9855858722088513,0.6567327579749316,5.356287771357149,4.345730971539585
1997-01-14,1.231053635332957,19.27,6.53,0.55,3.513337670787253,159.1,2.1894054545297026,0.4048658467073807,5.248352953828239,2.5258092962565426
1997-01-15,-0.215900576978556,19.4,6.53,0.55,3.513337670787253,159.1,1.2812003433382513,2.142185029742061,5.042121932986565,3.331006031388273
1997-01-16,0.3323758801349719,19.61,6.57,0.57,3.513337670787253,159.1,0.031725564747864254,1.8776268266600837,5.705499762781185,2.424099986832684
1997-01-17,0.8340348048270441,18.63,6.56,0.56,3.513337670787253,159.1,-1.5037971536258743,1.3598764131074415,4.34316192137818,2.994710600939854
1997-01-21,0.7750686753548175,17.81,6.52,0.53,3.513337670787253,159.1,-2.2613388995268546,-0.8189372373426096,2.305793516362975,1.7654652004372995
1997-01-22,0.4484374868411578,17.09,6.56,0.56,3.513337670787253,159.1,-1.746305891383615,-1.0244754883576457,1.7183948438838081,2.124363998195955
1997-01-23,-1.1027286068367892,18.47,6.6,0.54,3.513337670787253,159.1,0.8500932882757217,1.2862548725002032,3.9442598652798866,4.37656923431331
1997-01-24,-0.9053935451216688,19.33,6.64,0.57,3.513337670787253,159.1,1.845315825045346,1.6770272500189698,5.120507475621827,5.031183923310811
1997-01-27,-0.7138036469637732,20.16,6.69,0.58,3.513337670787253,159.1,2.9073948883083567,2.9504240530503267,5.04830871200066,4.863164728697256
1997-01-28,0.0,20.74,6.64,0.6,3.513337670787253,159.1,1.475773911719025,4.668892864506269,3.6649294214970984,2.946508693506611
1997-01-29,0.9777496376282002,20.23,6.63,0.59,3.513337670787253,159.1,0.734659810579763,4.823956554571462,2.112391099438682,2.4158250336878906
1997-01-30,1.5106773993729838,19.47,6.61,0.6,3.513337670787253,159.1,0.4324850577755779,2.8391177478728657,1.1638883594472071,1.214771694611505
1997-02-03,0.0725052589409802,19.58,6.47,0.58,3.513337670787253,159.1,-0.16523938647846625,3.757324405125795,0.5364015409412115,0.37242672181312386
1997-02-04,0.3215880110946756,19.43,6.45,0.57,3.513337670787253,159.1,0.04181348171203858,2.943260798890379,1.612900731221667,-0.4421851089872475
1997-02-05,-1.391174053276889,21.06,6.47,0.56,3.31168831168831,159.1,3.146681054696998,3.1505316304011988,2.605741827917707,0.5614939292654775
1997-02-06,0.2402727870169041,20.16,6.49,0.58,3.31168831168831,159.1,4.05947342422277,2.771261224201771,3.1814324825156337,0.5063066138902839
1997-02-07,1.2061748189521104,18.9,6.43,0.57,3.31168831168831,159.1,2.3962691839326977,2.6242504435824987,3.0510698274935244,0.16845041465580746
1997-02-10,-0.5230767637143363,20.65,6.43,0.56,3.31168831168831,159.1,3.9290561398641843,3.3866846019558805,3.2988343227660755,0.46344227778176705
1997-02-11,0.5296505377284211,19.97,6.43,0.55,3.31168831168831,159.1,2.900234628102516,2.03776203764765,1.8579240379440254,0.11524628143486648
1997-02-12,1.6692197504406758,19.48,6.39,0.49,3.31168831168831,159.1,0.003733106741621306,-0.9591803405323174,-1.645554972315677,-3.5987909295998155
1997-02-13,1.1273450144853705,19.23,6.32,0.49,3.31168831168831,159.1,-1.237957638675835,-2.5867802974229193,-2.2973102714644478,-6.737948278378136
1997-02-14,-0.4114245553614282,19.18,6.28,0.49,3.31168831168831,159.1,0.22264606070780957,-1.6289807080343999,-1.5795021280167743,-6.040961681202706
1997-02-18,0.9660100122782956,19.7,6.28,0.48,3.31168831168831,159.1,-0.5218670870814179,-3.1042848132901812,-3.2623216748497774,-8.107412127699087
1997-02-19,-0.4655193491597043,20.61,6.3,0.48,3.506493506493502,159.4,-0.8381638716101869,-1.292323613361801,-3.2886522940937524,-7.651784472104339
1997-02-20,-1.1926303779583811,21.41,6.38,0.53,3.506493506493502,159.4,-0.9628775020289693,-0.5281502614407296,-2.509960598567207,-5.592920286700965
1997-02-21,-0.1282969951893364,20.55,6.36,0.51,3.506493506493502,159.4,-1.3657298153195052,0.39911085397603685,-2.203879356282623,-4.944062971026586
1997-02-24,1.0614028410042442,19.84,6.39,0.5,3.506493506493502,159.4,-1.8475133530406085,0.41590499522887736,-2.393001671935968,-5.449971933531117
1997-02-25,0.2159747169776071,19.98,6.4,0.5,3.506493506493502,159.4,-2.595965214254037,-0.08497252767899477,-2.8274843471659317,-6.333516231594261
1997-02-26,-0.781995294754323,20.74,6.56,0.5,3.506493506493502,159.4,-0.45799851987774476,-0.17624651512569978,-1.884121836681829,-5.875777759242751
1997-02-27,-1.3168982037552124,21.08,6.58,0.49,3.506493506493502,159.4,0.43895382824468143,-0.6930219622003908,-2.665174418127092,-7.222003393562925
1997-02-28,-0.5345441232657233,21.1,6.56,0.47,3.506493506493502,159.4,1.7892773637307569,0.2971568200314634,-4.261401064074876,-5.954582132386898
1997-03-03,0.5677638644433269,20.89,6.58,0.47,3.506493506493502,159.4,2.3060224204106916,0.05029792348778539,-4.485041432856884,-5.103673659336582
1997-03-04,-0.5482120638426013,20.62,6.6,0.49,3.0381383322559907,159.4,2.5779144489223027,-0.16309994849106335,-5.163414403586697,-3.4667150245872524
1997-03-05,1.3957870733876554,19.49,6.6,0.47,3.0381383322559907,159.4,0.2830483620608115,-2.0224654796981767,-6.44272167225628,-5.0150215330456716
1997-03-06,-0.4276852227019567,20.48,6.62,0.47,3.0381383322559907,159.4,-1.1270286550184139,-1.9923328482733926,-5.091661649574119,-4.034758916252912
1997-03-07,0.8026914901983817,19.32,6.57,0.47,3.0381383322559907,159.4,-1.4658916757679386,-2.5926426918705947,-5.321933411117485,-5.540576320751411
1997-03-10,1.0783077663575114,19.0,6.56,0.46,3.0381383322559907,159.4,-2.204879481731148,-2.797272670398454,-5.841581499503146,-4.798136531810904
1997-03-11,-0.283905547751595,19.25,6.57,0.48,3.0381383322559907,159.4,-2.6721291928568425,-2.744844182970041,-6.253857764935578,-4.646635314313996
1997-03-12,-0.8726325406727353,19.61,6.6,0.48,3.0381383322559907,159.4,-2.299006541399873,-1.7108907068044688,-5.709594204931056,-4.1130998294299665
1997-03-13,-1.8277686355827936,19.79,6.72,0.51,3.0381383322559907,159.4,-0.8751675826913496,-1.9859152850024708,-6.574544468443522,-3.063732017351961
1997-03-14,0.4572148237910856,19.81,6.71,0.53,3.0381383322559907,159.4,-1.1435136880673102,-4.545051952256252,-6.233216524408758,-2.5479987106103996
1997-03-17,0.3202389295142716,20.95,6.72,0.5,3.0381383322559907,159.4,-0.6057492291311584,-4.533059321635413,-5.15138054537908,-0.20862300760919883
1997-03-18,-0.7603333703308457,21.26,6.72,0.5,3.0381383322559907,159.4,-0.07471137456329657,-5.008483288759768,-3.3090120730829287,1.4791244469979148
1997-03-19,-0.4926112181919184,21.74,6.74,0.5,3.296703296703307,159.8,0.6019548151724674,-4.511499716950118,-3.054328798942596,1.6238860542474143
1997-03-20,-0.3970621224577586,21.22,6.75,0.48,3.0967741935483906,159.8,-1.1205544314415117,-3.162333000440287,-2.0839451925915187,3.874010776625525
1997-03-21,0.1852617551453494,19.69,6.74,0.45,3.0967741935483906,159.8,-3.4408852581060745,-2.801934879121404,-3.02639729723454,5.8908307460270315
1997-03-24,0.8659659831548927,20.06,6.72,0.43,3.0967741935483906,159.8,-3.9512447269790196,-3.1319170899205995,-2.0584441572588985,4.661835961296967
1997-03-25,-0.23012141897224,19.26,6.75,0.42,3.0967741935483906,159.8,-4.937460758998036,-3.6080489023812556,-1.9554656155421402,3.364718915499232
1997-03-26,0.1812250703369766,18.32,6.8,0.42,3.0967741935483906,159.8,-5.082858023501746,-4.06830779816969,-2.4440236969283435,3.7647071177261626
1997-03-27,-2.102466175482287,20.5,6.9,0.45,3.0967741935483906,159.8,-2.06491708894454,-4.681601829761217,-1.0996549480449813,6.577250231677811
1997-03-31,-2.1657116943036847,22.14,6.92,0.47,3.0967741935483906,159.8,0.6617193837087365,-1.768545902207319,2.092142191148638,10.637676794532203
1997-04-01,0.332842818509893,20.84,6.9,0.48,3.0967741935483906,159.8,0.853033060896502,-0.6476809871040379,4.529773640275758,9.674317942346278
1997-04-02,-1.2545454574671822,21.3,6.88,0.46,3.0967741935483906,159.8,1.3984602843886584,1.789076829716274,6.829670648884401,11.455652418159401
1997-04-03,0.0279988237402051,21.19,6.86,0.46,3.0967741935483906,159.8,1.0688798716498082,1.526017178705441,6.425261422067452,12.202793030285065
1997-04-04,1.010237900609301,19.23,6.92,0.48,3.0967741935483906,159.8,-2.671856359373437,1.1136036640098324,7.2661227754462265,9.480138972351337
1997-04-07,0.5581185291582802,18.51,6.87,0.46,3.0967741935483906,159.8,-2.41428946455029,-0.23093301068696226,8.94335253931018,9.334367390426635
1997-04-08,0.5235314459228757,18.44,6.91,0.47,3.0967741935483906,159.8,-1.488020739142648,1.1081802183059652,8.04573892357543,9.860071334620235
1997-04-09,-0.7205163116002056,18.56,6.91,0.47,3.0967741935483906,159.8,0.38522926702442284,1.7144411623803535,7.233765618893839,10.3536684890549
1997-04-10,-0.2971271105718598,19.01,6.91,0.45,3.0967741935483906,159.8,0.4523027341711394,1.6931673610260045,8.16520040052664,10.19594687750789
1997-04-11,-2.728327888374737,19.76,6.98,0.45,3.0967741935483906,159.8,3.8893786337492076,3.757875657245968,11.811835152045491,14.828170712757194
1997-04-14,0.8242331530480262,19.09,6.98,0.44,3.0967741935483906,159.8,2.2373731173173983,3.9301954031063513,12.629582663398974,14.24980090719361
1997-04-15,1.4776855206843242,18.25,6.88,0.43,3.161290322580657,159.9,2.6354165015545217,5.211206621868336,10.389288374950256,12.254883249394389
1997-04-16,1.167328139673085,17.64,6.9,0.41,3.161290322580657,159.9,1.324111032132258,4.951998756802345,9.49667281550699,10.549681702387815
1997-04-17,-0.2305095671542578,18.71,6.86,0.42,2.7634961439588768,159.9,1.235277433249693,4.825604686864038,10.516295377554696,11.356447162210248
1997-04-18,0.5999195566965154,18.75,6.84,0.42,2.7634961439588768,159.9,-0.12657980847765593,6.084759012131147,8.274391382728897,10.441834654577642
1997-04-21,-0.7790316999071734,20.1,6.87,0.41,2.7634961439588768,159.9,1.6557763899571531,9.195521043591448,9.587440967186978,11.193233017887017
1997-04-22,1.8727711937371216,19.52,6.84,0.41,2.7634961439588768,159.9,2.5096503800661862,6.861520690304501,8.655967397907638,8.45586827418343
1997-04-23,-0.1252205266479733,20.48,6.89,0.42,2.7634961439588768,159.9,3.5804782175879124,5.426293841306373,8.493609391101664,9.020988664741969
1997-04-24,-0.3179801879526822,20.83,6.93,0.41,2.7634961439588768,159.9,3.546517918105807,6.364275208897685,8.361210233816152,11.259371082562364
1997-04-25,-0.7533905980152134,21.15,6.94,0.4,2.7634961439588768,159.9,6.219211086090359,7.762263292094551,10.669353998804754,12.744160164314922
1997-04-28,0.9916807431556762,21.34,6.92,0.41,2.7634961439588768,159.9,7.416936765807991,8.370413647882536,9.929362168579935,11.942402573811162
1997-04-29,2.7284678664867057,19.81,6.77,0.43,2.7634961439588768,159.9,4.245327434152113,4.9216066608684494,6.694796926758229,9.510738705651868
1997-04-30,0.9180831401764068,20.06,6.72,0.43,2.7634961439588768,159.9,1.7820111042942344,4.330240598119217,5.33356487908021,10.247833923813076
1997-05-01,-0.3506623236605888,19.87,6.69,0.42,2.7634961439588768,159.9,2.7212477516824096,5.428722026159494,6.230197760227751,11.864298994215105
1997-05-02,1.8083153890862125,17.51,6.68,0.42,2.7634961439588768,159.9,1.4527053912625432,2.0640404813922153,4.107164575778732,9.954863848284855
1997-05-05,2.1304608962664284,20.13,6.67,0.39,2.7634961439588768,159.9,0.8876411027744169,0.3589157502522644,1.8294816080396181,7.723808136908605
1997-05-06,-0.3047089966965011,20.85,6.67,0.38,2.7634961439588768,159.9,0.6487381673231596,1.6792262509567335,1.4919753841979189,7.40552661034275
1997-05-07,-1.4666104311894523,21.34,6.76,0.4,2.7634961439588768,159.9,2.5036148000788128,2.909440745789982,3.4096757957236434,10.099065203195746
1997-05-08,0.5688941757455046,21.26,6.72,0.39,2.7634961439588768,159.9,2.6357490137017603,1.8774490034332514,4.60219924786851,9.56282172817604
1997-05-09,0.5510471652203863,20.11,6.67,0.43,2.7634961439588768,159.9,0.6025813582515749,2.6976889849003705,4.623044023042344,6.5277969771177835
1997-05-12,1.5616216918632686,20.25,6.65,0.42,2.7634961439588768,159.9,-0.5240734610729381,1.4385370215183935,3.296092361089209,7.005235488411321
1997-05-13,-0.540788435278039,20.81,6.71,0.41,2.7634961439588768,159.9,1.0238460038321184,1.6900144043935583,4.3738674910084985,6.7048341824419655
1997-05-14,0.3492820001051999,21.09,6.68,0.42,2.7634961439588768,159.9,0.3959137894821607,0.9616811724088681,5.671982822783317,5.698293849636826
1997-05-15,0.6985344013390904,19.91,6.67,0.42,2.827763496143953,160.0,-0.7388264006991219,0.7602062499338258,6.104197076825746,5.39506611948557
1997-05-16,-1.440823491763643,21.57,6.7,0.42,2.827763496143953,160.0,2.0825585172491445,2.001806008021978,7.7312472930475495,6.675506435485068
1997-05-19,0.4242265177764492,21.48,6.71,0.43,2.432778489116516,160.0,1.9729501909422353,1.4653066414616278,7.338553163511863,6.931727820727063
1997-05-20,1.0068709321860547,19.26,6.7,0.45,2.432778489116516,160.0,0.659416986100636,-0.18415843005791244,5.63173085646107,7.410362633656309
1997-05-21,-0.2744573381532444,19.28,6.74,0.49,2.432778489116516,160.0,0.5635362651442488,0.48609247733584215,6.986360440113404,9.241676247154018
1997-05-22,-0.4396262046508448,18.77,6.76,0.49,2.432778489116516,160.0,1.5101903355326796,2.6745371729355094,7.543742800709263,9.159232405793528
1997-05-23,1.3606079646915514,18.08,6.74,0.49,2.432778489116516,160.0,-0.0791050992452691,1.8747793228580223,3.7294977424277675,8.467228813913463
1997-05-27,0.3163987796283907,19.36,6.79,0.49,2.432778489116516,160.0,-0.4978217738430324,1.8312126674074225,5.487755078439416,6.8058460603338755
1997-05-28,-0.2942180197187838,19.28,6.8,0.46,2.432778489116516,160.0,-0.8380491775300425,2.639249391726839,4.931477104630733,7.857556638578944
1997-05-29,-0.3694485194502994,19.02,6.75,0.45,2.432778489116516,160.0,-0.07700980960357873,4.665435039983978,4.691495448792571,8.601077399775692
1997-05-30,0.497584603591461,19.19,6.67,0.45,2.432778489116516,160.0,1.1470245830041303,5.303671981016267,4.599891209090101,8.263777663614459
1997-06-02,-0.2263455320177687,20.85,6.66,0.43,2.432778489116516,160.0,1.9554312679484598,5.616999844664505,4.58197811428509,9.381353772423594
1997-06-03,-0.103975246708643,20.01,6.63,0.43,2.432778489116516,160.0,2.340686890247601,5.788428297766801,5.387478104788657,10.776132905737846
1997-06-04,-0.6351416049153902,20.1,6.62,0.42,2.432778489116516,160.0,3.5066863251634883,5.826619497511043,7.608532818302827,10.891431073957536
1997-06-05,0.3951872233525888,20.36,6.62,0.42,2.432778489116516,160.0,4.746099812016369,6.468823498379761,8.713229417088675,8.52115714893895
1997-06-06,1.7286576498884765,18.94,6.51,0.39,2.432778489116516,160.0,4.109510304577535,4.742369200625229,6.315777418052404,6.402022359947357
1997-06-09,0.5710846404046954,19.46,6.55,0.4,2.432778489116516,160.0,3.591342345552051,1.8205864414114536,6.471130082316989,8.236085980700004
1997-06-10,0.2734985641802856,19.04,6.57,0.4,2.432778489116516,160.0,3.368886326917697,3.5907874562729702,4.885175441418066,8.239044046153854
1997-06-11,0.496953285784496,18.85,6.56,0.37,2.432778489116516,160.0,2.2413365307237587,2.2332857327857836,5.0841245213477215,8.133902948929329
1997-06-12,1.5973428857302574,18.51,6.48,0.41,2.432778489116516,160.0,1.6446661875287871,0.024898772740611363,3.7602121065930083,6.262870382198238
1997-06-13,1.1104065056265044,19.27,6.43,0.4,2.432778489116516,160.0,0.6078780835643283,-0.6683345021938569,2.8110184829374774,4.8339238675490614
1997-06-16,0.0705279332158914,19.77,6.4,0.38,2.432778489116516,160.0,-1.7093666942106456,-0.9799764544549228,3.564155328494012,5.413351861691762
1997-06-17,0.0581674104366047,20.17,6.43,0.38,2.169751116783658,160.1,0.21466916907038058,-0.37901139040423804,4.71479223978255,6.470114288915707
1997-06-18,-0.5992694096706996,20.45,6.4,0.38,2.169751116783658,160.1,-0.00787430819192414,1.6838044428260979,4.785952344027722,7.3392122218049805
1997-06-19,1.0044308258501555,20.1,6.4,0.36,2.169751116783658,160.1,-1.5935586937732782,2.108040499520558,1.9276381414981891,5.473337670638645
1997-06-20,0.0790679161658536,20.2,6.37,0.35,2.169751116783658,160.1,-1.2685016422850803,1.50216978041946,1.5845098521145573,5.741623999672396
1997-06-23,-2.23434036019774,21.19,6.4,0.36,2.169751116783658,160.1,0.7420750230457074,4.567390351440848,6.3007882428374185,8.393844939775574
1997-06-24,2.016802694766562,20.74,6.42,0.39,2.169751116783658,160.1,-0.5924088403395644,1.2495203646284425,4.487133174697577,7.1379140227848525
1997-06-25,-0.8200053998346002,21.5,6.45,0.4,2.169751116783658,160.1,1.6918119695065181,2.7885622262140863,5.771718255800207,6.9967055749000195
1997-06-26,-0.5973067882568461,21.82,6.5,0.45,2.169751116783658,160.1,3.7615415659377316,3.7343835181869345,6.236418817709044,5.642312348906553
1997-06-27,0.4096500030770444,21.22,6.46,0.43,2.169751116783658,160.1,2.806268990941563,3.5027631598587794,5.539279284373255,5.601263709092641
1997-06-30,-0.2434321170119546,21.53,6.51,0.43,2.169751116783658,160.1,3.7971377178007026,4.589103920843662,6.456601490511682,4.676098014264651
1997-07-01,0.6654331010870429,21.0,6.45,0.43,2.169751116783658,160.1,1.8529059838193307,5.113183176839264,6.875183407545715,3.4779961634771484
1997-07-02,1.4589856203004237,19.7,6.42,0.4,2.169751116783658,160.1,1.0785039969948063,3.0507787530176023,5.561758639901027,2.294170499016057
1997-07-03,1.425832460820642,17.82,6.31,0.38,2.169751116783658,160.1,-0.0261735199197477,-0.17667791599941252,3.2958199517440168,-1.7569674182945305
1997-07-07,-0.5147636425312241,19.13,6.27,0.35,2.169751116783658,160.1,0.6774821961281319,0.08112148919889872,4.176712900250457,0.031788864663773175
1997-07-08,0.7180429407275923,18.76,6.27,0.35,2.169751116783658,160.1,0.7629942602040751,1.6576849489795764,3.65931919642859,0.7902051445578095
1997-07-09,-1.2201384460034048,20.4,6.25,0.35,2.169751116783658,160.1,3.20096629696347,3.1976574292989834,5.815724990054849,3.5050794817585773
1997-07-10,0.6875786654704452,19.92,6.26,0.35,2.169751116783658,160.1,1.9512306554135384,2.902225661081692,4.093980164276223,1.2333338587806608
1997-07-11,0.3173590236085211,19.06,6.23,0.34,2.169751116783658,160.1,-0.15054379869080536,2.4119633381572303,1.8392443913113343,0.7483511592238701
1997-07-14,0.18545318111165,19.58,6.26,0.32,2.169751116783658,160.1,-0.5923476570137698,1.9675959001878018,2.0274826344420793,0.19381609489041995
1997-07-15,0.8035894557345324,19.0,6.26,0.34,2.169751116783658,160.1,0.8879159411093962,1.7855565251629013,0.08317701381861387,-1.3761655396629768
1997-07-16,1.1698514707483954,19.36,6.2,0.33,2.2973835354180183,160.3,-0.0032062370956209563,1.6762885277122663,-1.5556440818760287,-2.4439737763692126
1997-07-17,-0.531720535251301,20.54,6.19,0.32,2.2973835354180183,160.3,0.9327940423617065,2.4366432910726044,-0.7342091570359588,-2.9991093784662026
1997-07-18,-1.7507323681635767,22.28,6.24,0.33,2.2973835354180183,160.3,2.5663706487110804,3.4786438632260275,-1.5830864664725275,-1.7294894898900126
1997-07-21,-0.2578373629451347,23.51,6.27,0.33,2.2321428571428603,160.3,2.575197680324437,4.092271699307015,-0.0492926376134184,1.6036119141769278
1997-07-22,2.3046397321924816,21.77,6.15,0.25,2.2321428571428603,160.3,0.8897404368799267,1.968994521617895,-0.8533342116310849,-0.6552597748525568
1997-07-23,0.2762390140898851,21.3,6.14,0.29,2.2321428571428603,160.3,1.6795486151185868,2.5369447582175297,0.2978963477637375,-0.6075427582044379
1997-07-24,0.3993326902840488,20.96,6.16,0.29,2.2321428571428603,160.3,1.4899510738598076,1.1581425917061239,-1.6218228435580517,-1.1964266878706886
1997-07-25,-0.1605880873368104,20.82,6.18,0.31,2.2321428571428603,160.3,0.8894467150831309,-0.5592305119225371,-1.624431487013156,-0.808483899270096
1997-07-28,-0.2492533873475477,21.84,6.16,0.3,2.2321428571428603,160.3,1.478987175545643,0.058731142698431604,-1.7395524427521236,-0.30220695744066495
1997-07-29,0.6236281428998902,22.02,6.11,0.32,2.2321428571428603,160.3,1.0697362091175,-1.6725157964071702,-3.106258071148116,-2.468449126368011
1997-07-30,1.0612444399477503,21.39,6.05,0.29,2.2321428571428603,160.3,0.8432336244374783,-3.178649276431289,-4.05233350247487,-4.168893098519522
1997-07-31,0.2121223133561001,21.48,6.02,0.28,2.2321428571428603,160.3,-0.3269372766888323,-3.095427911571258,-5.306453330468042,-3.1855502396322732
1997-08-01,-0.7513263958775607,22.29,6.2,0.31,2.2321428571428603,160.3,-1.4359056117106306,-4.891570029067016,-5.033051418802847,-2.889751746720026
1997-08-04,0.3336331583144281,21.94,6.23,0.32,2.2321428571428603,160.3,-1.3995567677378973,-3.97874334886672,-2.390820898134627,-0.4903686419436948
1997-08-05,0.2178267232251896,20.64,6.23,0.3,2.2321428571428603,160.3,-2.71322762716113,-2.7678303061531406,-2.5735806347625623,-0.9838608067482046
1997-08-06,0.8347608857682376,20.05,6.21,0.3,2.2321428571428603,160.3,-3.9882526138017016,-2.183650405942439,-3.0666873523847227,-1.3568424272635715
1997-08-07,-0.9507252596196336,19.77,6.24,0.31,2.2321428571428603,160.3,-2.7775715516715427,-2.7481380777073516,-2.3276122111892783,-0.07148862730222971
1997-08-08,-1.8555729526971927,22.46,6.38,0.36,2.2321428571428603,160.3,-3.5060073739864417,-1.0711914042643267,-0.2506551272991042,2.3448395530626387
1997-08-11,0.370634579567497,22.77,6.36,0.37,2.2321428571428603,160.3,-2.6157961329375867,-1.7972280528782303,-0.3607262414955015,1.5933823560065008
1997-08-12,-1.1173928178361825,23.75,6.39,0.39,2.2321428571428603,160.3,-0.056125491328617994,-1.4581297247189595,-0.809471874936607,1.9373307506823867
1997-08-13,-0.4867634747950378,24.52,6.36,0.41,2.2321428571428603,160.3,1.8795639668971464,-0.9023673182767311,-1.0227535710748747,1.7233848806623264
1997-08-14,0.298258165955878,23.11,6.27,0.35,2.423469387755084,160.6,0.03027436614571055,-2.28165232170795,-0.09300111039010073,2.2113553359180527
1997-08-15,-2.5909168189515053,24.45,6.27,0.4,2.423469387755084,160.6,2.5232824380672314,-0.14875799104145937,2.1047748164476854,5.831421658201363
1997-08-18,1.2966100184763407,24.37,6.21,0.39,2.1628498727735312,160.6,0.8405552929064086,1.6537197138560389,3.63291923953577,3.812648843804234
1997-08-19,1.4816622292785242,22.64,6.21,0.36,2.1628498727735312,160.6,-1.4027915570440586,0.1997792212209193,1.8347523304499624,3.1749077298146577
1997-08-20,1.4405854882377334,21.09,6.24,0.36,2.1628498727735312,160.6,-2.7306077655355865,-0.9027498471440798,0.8452656249289259,2.2473036605500374
1997-08-21,-1.5223280102869885,23.83,6.3,0.35,2.1628498727735312,160.6,-2.3112269785357076,0.43240906467589824,2.752286071955967,4.321933088101848
1997-08-22,-0.1632354776013422,24.74,6.38,0.4,2.1628498727735312,160.6,-2.606276706681554,0.8294209630263394,3.4530194043742135,5.321916276872596
1997-08-25,-0.3659836025758256,24.1,6.39,0.38,2.1628498727735312,160.6,0.8063862982385039,1.4627915107694234,3.4526626302467722,6.8422908853009945
1997-08-26,-0.7759469898349636,24.73,6.38,0.39,2.1628498727735312,160.6,1.625371350338134,0.658256077310404,3.445703299436076,6.661410048318994
1997-08-27,0.0744773018372946,24.26,6.38,0.37,2.1628498727735312,160.6,1.8791706994380375,-0.12148247091309239,2.6496618818053097,6.229613894024899
1997-08-28,-1.0977376778892212,24.51,6.3,0.36,2.1628498727735312,160.6,2.8085479614006204,2.239754624713175,4.597916117470491,7.005875901146097
1997-08-29,-0.4647727916673339,24.76,6.34,0.37,2.1628498727735312,160.6,3.527637668559702,2.2568901118795948,5.989088897568551,7.747622893666306
1997-09-02,3.1251789723168777,24.53,6.31,0.37,2.1628498727735312,160.6,0.6511543927275598,1.9470015767754756,2.123807309782011,3.9913227152654995
1997-09-03,0.0301826534164773,24.95,6.33,0.37,2.1628498727735312,160.6,-0.9516474677310205,1.6317132851354499,2.969196670608687,2.8328504393296816
1997-09-04,0.3244034459018552,25.27,6.33,0.35,2.1628498727735312,160.6,-1.9637509381121854,1.7639394326045554,3.178749665439984,1.3103525915842074
1997-09-05,-0.1955168104854077,24.31,6.37,0.39,2.1628498727735312,160.6,-0.5532549072680193,2.309888838558205,3.872777781245107,2.7398366556005582
1997-09-08,0.2314218225404785,24.4,6.33,0.35,2.1628498727735312,160.6,-1.227447650982194,2.6020167688059592,4.455540129992053,4.290720097041012
1997-09-09,0.2598778864296491,23.89,6.34,0.36,2.1628498727735312,160.6,1.2874638069144018,1.9611830995859503,5.301943002386822,3.614912809115012
1997-09-10,-1.5627306502236094,24.64,6.37,0.37,2.1628498727735312,160.6,2.6081814455468644,2.769218671923701,5.963896261423307,3.325258006340559
1997-09-11,-0.7007390657662538,25.99,6.39,0.39,2.1628498727735312,160.6,3.8023592358817693,2.7745149019771764,6.358821218074673,3.0638735235706926
1997-09-12,1.2404196798060374,25.17,6.29,0.36,2.1628498727735312,160.6,2.879072354913581,2.3065015183314053,4.661710402110919,-5.188229833487535
1997-09-15,-0.4480905860547057,25.74,6.28,0.35,2.1628498727735312,160.6,3.877053218445292,3.649826218659258,5.369547984276979,0.11018706341610063
1997-09-16,2.812659096060965,23.77,6.11,0.3,2.3536895674300284,160.9,0.6651556543619819,0.1734290663500504,2.0052783376374617,-2.912674748603594
1997-09-17,-0.2791775525086026,24.1,6.1,0.31,2.3536895674300284,160.9,0.15694384610287493,1.316009877468849,1.1818527065703632,-4.28053817032662
1997-09-18,0.4549287409696401,23.48,6.11,0.3,2.223634053367207,160.9,-0.9901936155120805,1.390286422404463,-0.4457245302702417,-3.560483886261012
1997-09-19,0.339920384778769,22.74,6.09,0.28,2.223634053367207,160.9,-0.5565474332884013,1.5276030112329142,0.42024072347564,-1.3262708618726249
1997-09-22,0.5176150550344483,22.08,6.06,0.27,2.223634053367207,160.9,-0.21874609718490756,1.80651747359184,1.6458773242637115,-1.6493462142149973
1997-09-23,-0.366327206266348,22.0,6.1,0.3,2.223634053367207,160.9,-0.4884774526155655,3.2765017051027634,1.6219208715083866,-1.0778799169210207
1997-09-24,-0.7826218592073109,22.64,6.04,0.26,2.223634053367207,160.9,1.1572497990223862,3.1085938287593207,0.5410563022688386,-0.7978102782577268
1997-09-25,-0.6956216606050281,22.96,6.13,0.28,2.223634053367207,160.9,2.404287135632166,3.487543891125222,0.2815470565533884,-1.2232517280374777
1997-09-26,0.7793922410362697,22.26,6.08,0.28,2.223634053367207,160.9,2.095814647146499,2.3021106663074553,-7.3257625278839384,-2.661351023644587
1997-09-29,0.8590652339162341,22.23,6.1,0.3,2.223634053367207,160.9,2.029703467897215,1.6591651219846737,-3.414997674743736,-5.352131114827474
1997-09-30,-0.6356596164940553,22.91,6.12,0.32,2.223634053367207,160.9,3.7834605092345264,1.8286778124307457,-3.0807608801228015,-3.6216426358616216
1997-10-01,0.8582408154102827,22.32,6.04,0.29,2.223634053367207,160.9,1.9290204445196357,-0.13241458192121414,-5.523853588948013,-3.223125137770322
1997-10-02,0.5285740122121352,22.27,6.01,0.28,2.223634053367207,160.9,1.0578236378505412,-1.8108351573498993,-4.882884232163931,-1.880959980381569
1997-10-03,0.4758144243039552,21.54,6.01,0.29,2.223634053367207,160.9,0.20206119112124998,-1.0907007108546751,-2.8109339612693462,-3.1681760427694328
1997-10-06,0.7937549000534672,21.61,5.96,0.28,2.223634053367207,160.9,-0.3631671300790229,-0.15778965169863657,-3.3945407166129815,-3.2794989778385464
1997-10-07,1.072283322497647,20.29,5.94,0.27,2.223634053367207,160.9,-1.8835204445990072,-1.6020883804903074,-4.216236559268161,-2.847798637952881
1997-10-08,-0.943930375519686,20.77,6.08,0.29,2.223634053367207,160.9,-2.022422090834153,-2.490129514087469,-3.7886309588362255,-1.5016629465083753
1997-10-09,-0.330653048702334,22.31,6.09,0.29,2.223634053367207,160.9,-2.8386310845961993,-3.0979543180044256,-4.552041184897304,-2.8597969920765687
1997-10-10,-0.3750195407831058,19.75,6.15,0.29,2.223634053367207,160.9,-1.2901549994168149,-9.411216573620774,-4.851768607337947,-2.066683408909864
1997-10-14,0.2251889025839615,19.99,6.07,0.26,2.223634053367207,160.9,0.20612606047858417,-4.991348090100633,-6.8968658442148945,-1.9006494861469547
1997-10-15,-0.46997345674058,20.05,6.1,0.26,2.223634053367207,160.9,0.2868346534485644,-4.8212731403591285,-5.352441537473284,0.560848118428936
1997-10-16,-1.0841621816624514,20.53,6.09,0.25,2.477763659466325,161.3,-0.47736169155653263,-5.39858752412653,-3.0948085336302,1.3407679020936314
1997-10-17,-1.1609554415565326,21.69,6.17,0.26,2.477763659466325,161.3,-0.26689952632718006,-3.128704760588441,-0.07141808685717788,3.068205061191387
1997-10-20,1.2127195107516586,20.72,6.15,0.25,2.477763659466325,161.3,-8.227205274363447,-1.7392027471409444,-2.100384237726327,1.450632541377872
1997-10-21,1.7444401168725363,19.53,6.14,0.22,2.217997465145749,161.3,-5.18678283944668,-3.2418663946069404,-3.126642844994898,0.8066088595843679
1997-10-22,-0.3898094117227524,19.86,6.12,0.21,2.217997465145749,161.3,-5.093497876824293,-2.6567110376146785,-1.2659925774436531,1.0550286155591948
1997-10-23,-1.837911384986146,22.99,6.04,0.25,2.217997465145749,161.3,-4.944830559372826,-1.3316615418296096,1.0137092405654524,2.25651211868374
1997-10-24,-0.951938883308756,23.17,6.01,0.22,2.217997465145749,161.3,-2.8694638196039235,-1.5005739627672932,0.24577120560425048,2.605528806733415
1997-10-27,-6.865683637945197,31.12,5.91,0.29,2.217997465145749,161.3,7.069635992473611,5.033126391401721,8.107552488194901,8.482435425069479
1997-10-28,5.115222049407175,31.22,5.98,0.24,2.217997465145749,161.3,2.051313628084439,-2.0056255044239024,3.2530706854831726,3.0358426395283855
1997-10-29,-0.2918047960782877,33.75,5.91,0.24,2.217997465145749,161.3,2.5675657459665047,-0.5580747028665844,5.654752313219169,4.42128023967816
1997-10-30,-1.6841443188383765,38.2,5.84,0.23,2.217997465145749,161.3,3.801128375032836,2.4352479843616104,7.123947993840907,6.722650506154393
1997-10-31,1.2106058040538326,35.09,5.84,0.21,2.217997465145749,161.3,1.4093300733913905,3.156029519555159,6.3970547791939225,5.1737951406179095
1997-11-03,2.664494024544584,32.09,5.91,0.22,2.217997465145749,161.3,-1.9020421449971514,-0.36757435384522363,3.2462949392831897,1.35770914574036
1997-11-04,0.188502492002951,32.24,5.95,0.22,2.217997465145749,161.3,-3.9753913872127455,0.11908409693182076,4.184118795327496,0.2647366291504527
1997-11-05,0.2125940706704021,32.18,5.95,0.22,2.217997465145749,161.3,-3.0473965391501157,1.428674205479541,3.813041137954687,0.7833088272468203
1997-11-06,-0.5017162819545007,32.57,5.9,0.2,2.217997465145749,161.3,-1.3158627580003635,2.3770247062479655,3.636600875806306,-0.2559608063851804
1997-11-07,-1.1215013595178402,36.27,5.9,0.19,2.217997465145749,161.3,1.7224247955288208,1.7729495882660595,4.1686565442001555,0.1846888828398674
1997-11-10,-0.6878637228319162,36.63,5.91,0.18,2.217997465145749,161.3,1.5642199131402856,2.927101384506514,3.2840201488567144,1.2852697873627639
1997-11-12,-1.929031453275976,37.84,5.89,0.19,2.217997465145749,161.3,4.263985600457132,5.3663245640130475,5.144650567854647,5.140234858469284
1997-11-13,1.181062178502823,36.64,5.87,0.17,2.217997465145749,161.3,4.616761783438972,6.247693814778588,5.00729941387037,5.81933363735796
1997-11-14,1.275282305750136,33.66,5.86,0.16,2.217997465145749,161.3,3.742128742730322,4.577233034272643,4.185475806577177,4.442701560661888
1997-11-17,1.9227701934098285,31.58,5.85,0.15,2.217997465145749,161.3,0.049669276797925654,3.1418670093582346,1.956032653118167,2.9591835658162813
1997-11-18,-0.8423199783828994,31.55,5.85,0.14,2.408111533586798,161.6,1.3418913398161036,3.627201957285542,1.7316485957221683,4.049977921771664
1997-11-19,0.6778771217203161,29.93,5.82,0.12,2.0846493998736504,161.6,1.0572576496165498,4.060199646313234,0.14547928952042266,2.239819269342469
1997-11-20,1.5234073200185438,27.32,5.84,0.11,2.0846493998736504,161.6,1.5589586253068166,2.350781917591438,-0.6362750802847761,0.43685603079548496
1997-11-21,0.4285852124576994,26.65,5.82,0.14,2.0846493998736504,161.6,0.8049808709953421,1.230330900094545,-2.571851956225535,-0.8165224583946751
1997-11-24,-1.7049334420920823,29.8,5.86,0.15,2.0846493998736504,161.6,3.0906626227873657,2.3539722152361664,-1.5605921925734512,-2.0893607011859383
1997-11-25,0.4383813249581259,28.95,5.85,0.14,2.0846493998736504,161.6,2.2550502928807337,0.34676849882018246,-1.5951402255178326,-1.306165407554094
1997-11-28,0.3951084136593508,27.43,5.86,0.1,2.0846493998736504,161.6,2.9715253179622314,-0.21038410239292427,-0.21457491895943148,-0.3433147595831354
1997-12-01,2.0274225059881967,26.01,5.86,0.08,2.0846493998736504,161.6,0.7796685816817028,-1.1674553643211905,-0.4031712708676416,-1.7265628561223934
1997-12-02,-0.3170006046097628,25.66,5.86,0.08,2.0846493998736504,161.6,0.4219533850648993,-0.374610435109779,-0.1286431756773565,-2.156060880634114
1997-12-03,0.5238377751765722,23.92,5.83,0.09,2.0846493998736504,161.6,-0.7146043965657212,-1.1497119362135377,-0.17711861229482428,-1.5622930127347168
1997-12-04,-0.3757326568104235,23.84,5.84,0.13,2.0846493998736504,161.6,-1.8661980885978702,-1.8292044229320292,0.4079777862384004,0.5652040014376469
1997-12-05,1.098551300956463,22.65,5.92,0.12,2.0846493998736504,161.6,-3.090086711379514,-3.761976596334071,-1.7493531466958534,-1.3193853117691612
1997-12-08,-0.144338013384071,23.22,5.96,0.11,2.0846493998736504,161.6,-1.9320602790281582,-2.9184505891526102,-1.8699670397603896,-1.9676921308592554
1997-12-09,-0.6708231982926582,23.36,5.95,0.14,2.0846493998736504,161.6,-0.7932168149729857,-3.7559719725429597,-2.0219763585572426,-1.8641499001074147
1997-12-10,-0.6138731158340627,24.55,5.9,0.15,2.0846493998736504,161.6,-0.4382392163553739,-3.8245358954685504,-4.3411436022027345,-1.3239944844996354
1997-12-11,-1.5312568620418188,27.63,5.82,0.14,2.0846493998736504,161.6,0.03769716952293223,-1.9351980670517133,-1.647221859858683,1.4744399704533118
1997-12-12,-0.1623125839326111,27.92,5.74,0.11,2.0846493998736504,161.6,-0.6933138851889176,-0.0041996519665965515,-0.13321091177129762,2.524675836162915
1997-12-15,1.0488886863040614,27.37,5.78,0.1,2.0846493998736504,161.6,-1.0058234249959552,0.773312167839979,-0.5657119260281673,2.293980137836793
1997-12-16,0.4826667609382662,26.11,5.77,0.09,2.210991787744798,161.8,-2.986444134615529,0.24689214316420127,-1.7881490384175303,1.2644158864672184
1997-12-17,-0.2582537970275189,26.33,5.81,0.11,2.210991787744798,161.8,-3.401202080457233,0.9839054017638293,-0.4173797412253877,3.7005242990461484
1997-12-18,-1.0605454426957928,27.19,5.76,0.08,1.953371140516702,161.8,-1.9721517911706843,2.2788673515578672,2.4390231435885035,5.307234675482753
1997-12-19,-0.8918620961963386,29.18,5.72,0.06,1.953371140516702,161.8,0.6939253137755674,2.0912975749682428,2.5380729966985927,6.349943308567241
1997-12-22,0.7308965859044836,28.56,5.72,0.03,1.953371140516702,161.8,1.7972123759097736,1.0800029004018885,0.9793400126627327,5.225958391777108
1997-12-23,-1.5277348367125576,29.86,5.73,0.04,1.953371140516702,161.8,3.3328705962146987,1.8016656716518975,1.9656513876329162,7.808292431141539
1997-12-24,-0.6846754594518112,30.27,5.76,0.09,1.953371140516702,161.8,4.539505228495089,-0.5371512490677466,2.599978522849722,8.36710378535097
1997-12-26,0.403131737580642,29.27,5.75,0.06,1.953371140516702,161.8,4.336542340164984,0.2936590922703708,3.4769233917755216,8.815110720805407
1997-12-29,1.8035957987509788,26.79,5.76,0.07,1.953371140516702,161.8,1.3877423656275756,-0.12901667805615968,2.5289816965590406,6.992189215583444
1997-12-30,1.8345887362908544,24.38,5.8,0.09,1.953371140516702,161.8,-0.7045472648695261,-1.3287487183491375,1.508998699441455,5.490089645933338
1997-12-31,-0.0422349891171625,24.01,5.75,0.09,1.953371140516702,161.8,-1.4818178530490722,-2.030029198985517,1.0150177442407537,5.117322687312931
1998-01-02,0.4750456381558576,23.42,5.67,0.08,1.953371140516702,161.8,-4.8562086327715415,-1.387632155257057,2.690150362549626,4.8941615537474
1998-01-05,0.208199596182923,24.36,5.52,0.05,1.953371140516702,161.8,-3.8748487895197137,0.15658737349930618,2.9608925111730633,5.630092861116198
1998-01-06,-1.0736170546369217,25.66,5.49,0.1,1.953371140516702,161.8,-1.4959984395489845,0.4376234138882218,4.171409155096462,6.383332069371361
1998-01-07,-0.2669222458800302,25.07,5.55,0.13,1.953371140516702,161.8,-0.6286304521362585,-0.09958734156185756,4.101657471716158,7.28319096862029
1998-01-08,-0.824690062970046,26.01,5.49,0.18,1.953371140516702,161.8,-0.5564570254846135,0.16108352933044134,5.900322671402347,8.58637392433559
1998-01-09,-2.966370557362929,28.69,5.4,0.23,1.953371140516702,161.8,3.6456151554090876,3.1540719085708657,8.952342654809886,11.088839578050846
1998-01-12,1.2417962359120738,28.02,5.39,0.19,1.953371140516702,161.8,4.193945197747051,3.1739437251726565,8.496500881172642,11.040129472173032
1998-01-13,1.374556578667674,25.17,5.41,0.16,2.0163831127914422,161.9,1.9629881251580938,2.661432065855296,7.130405305696996,10.140533685172915
1998-01-14,0.6112682596800756,23.75,5.45,0.16,2.0163831127914422,161.9,0.53238987545563,2.8759617223161005,6.910663719889976,9.54130354155418
1998-01-15,-0.7526590344156037,23.45,5.48,0.19,2.0163831127914422,161.9,0.7215557022127728,3.1081431568567464,7.295451685716392,10.199528014811786
1998-01-16,1.1338686607484494,21.65,5.54,0.19,2.0163831127914422,161.9,-0.47425377918898226,4.1351633744631355,6.370188492882134,9.413319554279731
1998-01-20,1.7774090385682229,21.65,5.57,0.2,2.0163831127914422,161.9,-0.9789450535139688,2.799920815209167,5.464948068972597,7.023296769203169
1998-01-21,-0.796032926802348,22.53,5.54,0.21,1.7598994343180463,161.9,0.684997520708075,3.717517016329497,5.919802214934666,6.617160044816495
1998-01-22,-0.8003645976854545,23.16,5.56,0.26,1.7598994343180463,161.9,2.331160981812741,4.205432892096428,7.390137952106457,9.62057292457239
1998-01-23,-0.5659112078647555,23.32,5.7,0.28,1.7598994343180463,161.9,2.3694902625412295,5.730009041277273,8.411740466583485,9.891501486217713
1998-01-26,-0.0668359768260296,23.97,5.63,0.24,1.7598994343180463,161.9,4.631381656185263,5.620980964646982,7.69215167435453,11.21270561933545
1998-01-27,1.261299667720528,22.27,5.7,0.24,1.7598994343180463,161.9,3.8162246107813713,5.158819139624882,7.624197993200488,10.262940823449917
1998-01-28,0.8709832894359559,22.06,5.69,0.23,1.7598994343180463,161.9,3.011888136559504,4.353117962522601,7.2852106860538335,9.459212642380855
1998-01-29,0.8215137275397799,21.65,5.58,0.22,1.7598994343180463,161.9,1.831574949703585,3.921909384880795,6.479008028356814,8.434382483927628
1998-01-30,-0.5286670579232267,21.47,5.53,0.21,1.7598994343180463,161.9,3.2827346996820106,4.061084217654454,6.877618625298143,10.098133928667053
1998-02-02,2.1412238959341634,21.36,5.57,0.21,1.7598994343180463,161.9,0.9457958910582542,2.146273214535599,5.068562826215306,7.907949913220569
1998-02-03,0.4723980920715354,20.67,5.56,0.22,1.7598994343180463,161.9,1.2932415273981146,2.592440959710518,4.108345532275148,7.904574506088524
1998-02-04,0.0894656475211252,20.55,5.57,0.25,1.7598994343180463,161.9,1.302014602610746,2.1233493260915948,2.795711960623226,8.227228504490181
1998-02-05,-0.3337020861305495,21.29,5.62,0.26,1.7598994343180463,161.9,2.0527370181691484,3.056179482798904,5.196600486352043,9.528275728516956
1998-02-06,0.8888578572471717,20.51,5.62,0.24,1.7598994343180463,161.9,0.7536104850783598,2.536395721161133,3.935961495393281,8.20674644452415
1998-02-09,-0.1698863857290899,21.55,5.65,0.24,1.7598994343180463,161.9,1.1892296384218959,1.9609462919121912,5.294141943786812,9.390153263618162
1998-02-10,0.8182143391132879,20.66,5.64,0.23,1.7598994343180463,161.9,1.2826121592337092,2.344433756242714,4.853726701750061,8.137313976374362
1998-02-11,0.0981344629018998,20.38,5.53,0.14,1.7598994343180463,161.9,0.8107782719848133,2.809779698757353,4.8930925875086295,7.9205143370175035
1998-02-12,0.4048984660220522,19.73,5.52,0.13,1.7598994343180463,161.9,0.9832587483186161,2.460596286780703,4.342176857369551,6.96193154627287
1998-02-13,-0.3954525489719307,19.84,5.49,0.13,1.7598994343180463,161.9,1.7694504717990167,2.706616434778475,5.801448021034927,7.206221685851655
1998-02-17,0.2617399288165511,20.76,5.44,0.1,1.7598994343180463,161.9,0.7626470289850751,2.860887156932357,5.6406137173343085,7.72321849506763
1998-02-18,0.9112544683085756,19.66,5.49,0.12,1.7598994343180463,161.9,1.048375011635394,1.477598698679894,5.177899557399357,7.370559607626426
1998-02-19,-0.3681814316342735,19.88,5.51,0.12,1.7598994343180463,161.9,1.9829243073387293,0.6583828663753399,5.976967283856061,8.92071982876821
1998-02-20,0.5766845092459727,19.0,5.54,0.13,1.7598994343180463,161.9,1.462952925835026,2.0769458117845696,6.28016318691329,8.556288720537818
1998-02-23,0.3800054011638965,18.99,5.58,0.12,1.7598994343180463,161.9,0.9208715961762426,1.364945358561398,5.530085862178158,8.018185317956728
1998-02-24,-0.7301477592359662,19.35,5.69,0.12,1.5683814303638632,161.9,2.082359078303808,3.269090542109865,7.28632603157322,7.664763404683117
1998-02-25,1.1974038502085005,18.62,5.63,0.08,1.5683814303638632,161.9,0.424770499273297,2.451811841065843,5.6601810255053175,5.6333300052426205
1998-02-26,0.5532667941485325,18.63,5.65,0.07,1.5683814303638632,161.9,-1.2987874685488454,2.0263761821643467,4.971058836265474,5.91225050796178
1998-02-27,0.0638829991252087,18.55,5.62,0.07,1.5683814303638632,161.9,0.6051399730090168,1.8363943201368915,4.393235470632217,5.751231969780135
1998-03-02,-0.1562901158687291,19.19,5.72,0.12,1.5683814303638632,161.9,0.44002172728161426,3.0132738217715227,4.3810276370369605,6.4951848811303
1998-03-03,0.4123383182888407,19.04,5.77,0.13,1.5683814303638632,161.9,1.1625235491430574,2.7024135579941655,4.727094498725282,6.397209702130935
1998-03-04,-0.4458150405400318,19.58,5.76,0.13,1.5683814303638632,161.9,2.0184674873687802,3.6464213838039328,5.807154470066478,5.809065952797821
1998-03-05,-1.1724965141664767,20.93,5.78,0.16,1.5683814303638632,161.9,3.368918745201488,5.283796804625029,8.20829495478903,8.470114268798824
1998-03-06,1.994096092405706,19.14,5.73,0.15,1.5683814303638632,161.9,1.223848351543677,4.117695079630357,6.347508594840168,6.437504075987022
1998-03-09,-0.3201586640105502,20.23,5.67,0.1,1.5683814303638632,161.9,2.5619788309852343,4.10905415958478,6.563649727093179,7.066356987115863
1998-03-10,1.1346410032615273,19.43,5.67,0.12,1.5683814303638632,161.9,1.5221941434695907,3.890065718962865,4.2565232631547545,6.228803294573537
1998-03-11,0.3965206204486815,18.89,5.63,0.1,1.5683814303638632,161.9,1.5957443162305074,3.131588526142015,3.105380087481735,4.783474197026583
1998-03-12,0.1357149271339119,18.25,5.56,0.06,1.5683814303638632,161.9,1.8524698552217833,2.8861974366741316,3.8086958208329857,3.549796144457562
1998-03-13,-0.1224445322959955,18.71,5.58,0.08,1.5683814303638632,161.9,2.858858633823669,2.5107341707892195,3.8442422041538693,1.677885660504841
1998-03-16,0.997560786986318,18.51,5.54,0.07,1.5683814303638632,161.9,1.5084296795296437,1.3277452162444803,3.380060578778332,0.5411033119263164
1998-03-17,0.109326824545497,18.66,5.56,0.06,1.5683814303638632,161.9,2.332368400299778,1.9714054135522074,3.5975747951145554,1.3114947092128126
1998-03-18,0.4692552722017185,18.29,5.58,0.06,1.5683814303638632,161.9,1.5117210078514853,2.084715571858764,2.0865598060404666,2.41635160999385
1998-03-19,0.38875107111771,17.76,5.58,0.06,1.6311166875784044,162.0,1.0149263762790905,2.7777286143954028,3.026408204186115,2.8685750771522356
1998-03-20,0.8644304173224482,18.69,5.57,0.05,1.6311166875784044,162.0,-0.3384486933437403,2.141627812164315,2.2280641101230847,2.0843108734818205
1998-03-23,-0.3284312783676357,19.98,5.57,0.05,1.6311166875784044,162.0,-0.17799946650303156,2.3577157503955615,2.840581783595808,1.820998610991209
1998-03-24,0.9219090991544387,20.51,5.58,0.08,1.3767209011263937,162.0,-0.3527358863967267,0.3527358863966823,2.2511657485493552,-0.06602274251635842
1998-03-25,-0.3364510126155351,22.54,5.64,0.06,1.3767209011263937,162.0,0.5644614812145399,-0.025412619969122918,1.601726197076725,-0.61619510599914
1998-03-26,-0.1025477868587976,22.81,5.68,0.06,1.3767209011263937,162.0,1.745090850781672,0.8966201561940945,0.6449832186594895,0.6667846561349222
1998-03-27,-0.4869283415803949,23.47,5.68,0.05,1.3767209011263937,162.0,2.4884987971709682,1.3008472177586494,-0.8124500492765474,1.0224269554941934
1998-03-30,-0.1679659240789166,24.66,5.72,0.07,1.3767209011263937,162.0,2.540236824894837,2.0254229067804053,-0.7763341645858013,2.029084123257463
1998-03-31,0.7452473112662394,24.22,5.67,0.07,1.3767209011263937,162.0,0.7079690336396549,1.5947307727762539,-0.6471527009587308,1.5529825597060842
1998-04-01,0.5808962481563373,23.37,5.62,0.07,1.3767209011263937,162.0,-0.5865631779809921,0.0018065722879212487,0.3248635569755409,0.8320146640793835
1998-04-02,1.0702508767107988,21.98,5.56,0.04,1.3767209011263937,162.0,-0.8339180667025436,0.24195863553639896,0.08839119523420536,-1.0071364718638565
1998-04-03,0.2401711933639694,21.82,5.47,0.05,1.3767209011263937,162.0,-1.1588144946514944,0.08462396753430301,-0.05611516079213619,-1.5035188043959424
1998-04-06,-0.1175689272707947,22.47,5.51,0.06,1.3767209011263937,162.0,-0.5020603950755209,0.47174365865856327,-0.5243543542072793,-1.0576241149227839
1998-04-07,-1.054946227253606,23.66,5.53,0.08,1.3767209011263937,162.0,0.8805278744528966,1.8917569564837367,-0.4172867089414334,0.8571050738692465
1998-04-08,-0.7120025295304422,23.17,5.58,0.09,1.3767209011263937,162.0,0.5918412732498934,1.6275524207573389,-0.5909326575005536,1.1791394677527656
1998-04-09,0.8187735970003329,21.51,5.59,0.09,1.3767209011263937,162.0,1.0849240801533488,-0.2494007600502557,-0.22779306155483736,-0.018013742540246014
1998-04-13,-0.0882442579959175,22.77,5.66,0.07,1.3767209011263937,162.0,1.2580165401987253,-2.0861595189746396,-0.2748449493872429,-1.4120991179881526
1998-04-14,0.5461037689564296,21.61,5.63,0.06,1.3767209011263937,162.0,0.9787178082287573,-2.7461361997255462,0.0035885334976004657,-2.1080008542460615
1998-04-15,0.3199593357886998,20.89,5.6,0.05,1.3767209011263937,162.0,1.0024026473070435,-2.2066926667182574,-0.04109289207483435,-1.9404613287858363
1998-04-16,-0.9961318370780292,22.06,5.59,0.06,1.3767209011263937,162.0,1.029617446502451,0.32305114853510286,0.8301930937530955,-1.5656530106589517
1998-04-17,1.3129687846471505,20.76,5.59,0.05,1.3767209011263937,162.0,-1.3200038011064508,-0.15319676749385724,-1.2460801089708706,-2.827062051323226
1998-04-20,0.0828393308399899,20.39,5.65,0.08,1.31332082551594,162.0,-3.3026284470481726,-0.1406201299932519,-1.5867999588482062,-2.708143376475758
1998-04-21,0.2687686971594827,19.91,5.68,0.08,1.31332082551594,162.0,-3.6887515397336146,-0.9914210469462947,-1.522186953156912,-3.899993943452662
1998-04-22,0.3434896612353189,19.44,5.68,0.08,1.31332082551594,162.0,-3.177246510888665,-2.266173176708808,-1.0154421844510764,-3.1586747725826148
1998-04-23,-0.9694555370989956,20.6,5.69,0.08,1.31332082551594,162.0,-0.6993655086752204,-2.182956319830409,-0.441231676177789,-0.510903278697683
1998-04-24,-1.0432422961361487,21.97,5.67,0.06,1.31332082551594,162.0,1.1824149559763297,0.021661722997223798,0.23196554133313452,0.7058350136960767
1998-04-27,-1.9279704739477044,26.09,5.8,0.09,1.31332082551594,162.0,3.27000441301899,1.8499065716234275,0.6884219816881698,2.933163433598396
1998-04-28,-0.1316153716867552,24.17,5.8,0.11,1.31332082551594,162.0,2.8006391111211837,2.8273681124588723,0.6561542344373894,2.5038976981222705
1998-04-29,0.876409755140517,22.78,5.81,0.1,1.31332082551594,162.0,0.9409702795555086,2.2144662387406644,0.27223881182900644,-0.0036578047796553825
1998-04-30,1.564927094263302,21.18,5.68,0.09,1.31332082551594,162.0,-1.4940396088655272,0.505508892933415,-1.8826223261468766,-1.161235365836577
1998-05-01,0.8320215875871284,19.34,5.67,0.08,1.31332082551594,162.0,-1.1471887021911265,-1.094560172279213,-2.6779678440008947,-3.924173972736411
1998-05-04,0.0954456992919183,20.32,5.67,0.08,1.31332082551594,162.0,-1.3751309971054226,-1.448216312516204,-2.5711387851845457,-3.0728904720051853
1998-05-05,-0.5855202085031097,21.46,5.7,0.09,1.31332082551594,162.0,0.026000812415949426,-0.5360807233303566,-2.9376978512998697,-0.7521304032664822
1998-05-06,-0.9484496687303888,22.79,5.67,0.11,1.31332082551594,162.0,1.261624448089016,1.2797319340816848,-0.9131962032833063,0.1312267959858282
1998-05-07,-0.8851345715436221,23.39,5.67,0.11,1.31332082551594,162.0,2.0298756479906643,1.7805942381038609,1.7093677934080453,0.5031329046444766
1998-05-08,1.187062825402574,20.57,5.71,0.1,1.31332082551594,162.0,0.053239284974249124,0.21025827277130205,0.6840251190723512,-0.4448944759477991
1998-05-11,-0.1353619560860219,21.05,5.79,0.13,1.31332082551594,162.0,-0.07410434726015103,-1.1403884687105514,1.0635815961335338,1.1611703368614945
1998-05-12,0.8268293476600297,20.98,5.7,0.11,1.31332082551594,162.0,-0.561935427969773,-2.1115136153702974,-0.31457618752127603,1.5316471040260682
1998-05-13,0.2751365563042673,20.44,5.64,0.05,1.31332082551594,162.0,0.017881883775161533,-1.9001492629969086,-2.1700686068638064,0.931309018262727
1998-05-14,-0.1331703925319005,19.64,5.67,0.04,1.563477173233263,162.4,-0.24432197756157903,-2.376119722575909,-1.658361095952976,1.4167156916565782
1998-05-15,-0.7732456291285494,20.44,5.68,0.05,1.563477173233263,162.4,0.15693543649277775,-1.6009308228948305,-2.8609283830960064,2.684153066109274
1998-05-18,-0.2624655444472767,21.69,5.64,0.05,1.563477173233263,162.4,-1.06707487031783,-1.139423793920591,-1.6485487108391483,2.533868160479469
1998-05-19,0.3345999730430149,20.39,5.65,0.06,1.563477173233263,162.4,-1.5583350239867566,-2.4145611247121335,-0.21721412297780462,3.5186421493316855
1998-05-20,0.8598347839212872,19.89,5.61,0.04,1.5000000000000124,162.4,-1.917688227991965,-2.1652191366306583,-1.133993066691097,2.4449076831447147
1998-05-21,-0.3949782597787332,19.38,5.65,0.02,1.5000000000000124,162.4,-2.137018951978664,-0.06998037811525304,-1.2551128660841737,3.829930815799232
1998-05-22,-0.3741157584969512,18.99,5.64,0.01,1.5000000000000124,162.4,-1.755111866918313,0.4727728023726785,-0.6537781261232944,3.9794019327314523
1998-05-26,-1.481350383699187,22.07,5.59,-0.02,1.5000000000000124,162.4,-0.07312926764062588,2.229393814830538,2.328108283981667,6.614137224158512
1998-05-27,-0.1636203205190867,22.59,5.56,0.03,1.5000000000000124,162.4,-0.8697801900587554,1.8356984505699225,3.7217458906060097,6.072903995597478
1998-05-28,0.4916542498570653,20.74,5.58,0.01,1.5000000000000124,162.4,-0.2523705897288564,-0.2751475581655449,2.886302333782864,6.0796266356626605
1998-05-29,-0.6177140531782199,21.32,5.56,0.03,1.5000000000000124,162.4,2.1121761791101923,0.7352285368940947,3.88515125956288,6.8178066756289235
1998-06-01,0.0146709986585724,22.83,5.53,0.01,1.5000000000000124,162.4,2.267685079220705,-1.2804974383785694,4.354801244401552,7.93781527950026
1998-06-02,0.2053190960857653,22.0,5.56,0.03,1.5000000000000124,162.4,2.304208133003738,-0.5149928681957627,3.7156287120387876,7.463281871639116
1998-06-03,-0.959549817556682,22.85,5.57,0.02,1.5000000000000124,162.4,2.7292168279418716,2.2517160624163424,6.080008802979631,9.352286497302508
1998-06-04,1.1175432290790654,21.22,5.59,0.01,1.5000000000000124,162.4,-0.0228345962418941,1.0540485304297853,4.712155308257526,8.395828360100243
1998-06-05,1.738172141859473,19.78,5.58,0.0,1.5000000000000124,162.4,-1.3484656715187837,-1.185962428960996,3.9026422777369785,6.305998164769844
1998-06-08,0.1669855615627824,20.58,5.58,0.0,1.5000000000000124,162.4,-3.4695050688305917,-1.1212499636213735,3.490128750856969,4.423150690297084
1998-06-09,0.241105613164505,20.52,5.59,-0.01,1.5000000000000124,162.4,-2.755703848989577,0.0965617279604647,4.289121988994715,4.0834685383073
1998-06-10,-0.5480999539948406,21.48,5.51,-0.04,1.5000000000000124,162.4,-0.4648149574870031,1.8520493979343744,4.1608253387530825,2.469699174630513
1998-06-11,-1.5913324680814966,23.57,5.44,-0.01,1.5000000000000124,162.4,1.0771290847491732,3.1701725442936812,6.372307442154113,4.222632848132335
1998-06-12,0.3891912821955667,22.78,5.43,0.0,1.5000000000000124,162.4,0.1647244958367322,3.126932621704537,6.038183689142174,4.407380075112477
1998-06-15,-1.9866365197584448,25.94,5.38,-0.05,1.5000000000000124,162.4,2.432656236646902,5.708394528489946,9.337884084378034,4.942384934782007
1998-06-16,0.9823451925938808,24.8,5.45,-0.05,1.812499999999995,162.9,2.9330929317651355,4.252521764037787,8.019574979036538,3.45902374051541
1998-06-17,1.7947958462936953,22.89,5.54,-0.01,1.812499999999995,162.9,2.32768377778354,3.743988744625515,6.944206619037896,3.237254319310656
1998-06-18,-0.0668398121384528,22.4,5.5,-0.03,1.812499999999995,162.9,2.070738928278759,3.619950740247879,7.265201084407447,1.2925195812645285
1998-06-19,-0.5170034191427142,21.92,5.47,-0.05,1.812499999999995,162.9,2.957336667951349,5.149677952426246,7.581878828040756,1.0711776432717146
1998-06-22,0.2325840609325613,21.94,5.46,-0.06,1.7489069331667828,162.9,3.1979433241243083,4.663670113934226,5.60727219132382,-2.8181367936427892
1998-06-23,1.4756963654534383,20.17,5.45,-0.04,1.7489069331667828,162.9,1.281831522489374,4.1885157578426035,3.9830606981110517,-3.3997567513282645
1998-06-24,1.1960816769459592,20.02,5.46,-0.03,1.7489069331667828,162.9,1.384087780113985,2.2667937998953613,0.606418604581016,-3.8177035355543953
1998-06-25,-0.3177720120772997,20.25,5.46,-0.07,1.7489069331667828,162.9,1.5177824989174304,3.1037409542818084,1.020120716951256,-3.5270328963311837
1998-06-26,0.3471169039835686,19.36,5.46,-0.05,1.7489069331667828,162.9,2.1293686835989645,2.822978433884815,1.2416227467028307,-4.417573127466912
1998-06-29,0.4668230930498618,19.57,5.47,-0.04,1.7489069331667828,162.9,1.4203062024272572,3.4334922709566618,-0.7246440522767794,-6.105456381861996
1998-06-30,-0.4084378829808832,19.71,5.44,-0.05,1.7489069331667828,162.9,2.8698969910588845,3.613392895689338,-0.761130771798868,-4.376278541327316
1998-07-01,1.2982513597311618,18.0,5.44,-0.02,1.7489069331667828,162.9,0.8706553849907817,3.0847260772766116,-0.48844702372323745,-6.412379036080784
1998-07-02,-0.1863215277621344,17.67,5.42,-0.02,1.7489069331667828,162.9,1.5622469446486376,3.517903953937851,-2.2461226263440492,-7.298375877777563
1998-07-06,0.9516505025356504,18.63,5.39,-0.04,1.7489069331667828,162.9,0.6791481815918043,2.3130844744145618,-3.878756824152929,-6.364642315185531
1998-07-07,-0.2306966877537397,18.62,5.42,-0.02,1.7489069331667828,162.9,1.984993088574627,0.9015564582843139,-7.148427815910319,-4.629941404856275
1998-07-08,1.0150148404028947,17.82,5.43,-0.01,1.7489069331667828,162.9,0.7227536202307094,-0.19719549533566694,-7.283213945390776,-5.857434627055902
1998-07-09,-0.6704458458071882,18.16,5.41,-0.02,1.7489069331667828,162.9,2.194960153510861,-1.6235721622046895,-5.949631458433369,-5.779595327072496
1998-07-10,0.4980231640249188,17.92,5.42,0.01,1.7489069331667828,162.9,1.9255747761813602,-2.02089683463037,-6.431167083988976,-7.136290309137228
1998-07-13,0.07386096587918,18.26,5.46,0.02,1.7489069331667828,162.9,1.6229142998664736,-1.537939973406599,-7.0417640800080505,-6.612649493422662
1998-07-14,1.063347202730247,17.88,5.49,0.03,1.8113678950655965,163.0,-1.0623490745832687,-4.020106284665226,-9.222301638844622,-7.1952634751550555
1998-07-15,-0.2352194809953856,17.89,5.48,0.02,1.8113678950655965,163.0,-0.9133478608368883,-4.221967397489035,-7.711041221341053,-7.713597319380517
1998-07-16,0.7813970925319991,16.97,5.5,0.04,1.8113678950655965,163.0,-3.7365172509285838,-3.4662488197536034,-9.212912013985397,-11.94267059521945
1998-07-17,0.2331109036723067,16.23,5.51,0.05,1.8113678950655965,163.0,-3.871914992363601,-5.568144601195479,-10.44870444491256,-13.449335188671785
1998-07-20,-0.2233009828575993,17.34,5.48,0.02,1.8113678950655965,163.0,-3.110375543793298,-6.051856739902995,-8.48154156839065,-19.155472592322564
1998-07-21,-1.607130283695701,20.1,5.45,-0.01,1.6843418590143378,163.0,-2.9895163089243226,-7.97805758082899,-5.482073872098725,-14.660916888938292
1998-07-22,-0.0849726007891904,20.32,5.46,-0.02,1.6843418590143378,163.0,-3.3391172930187785,-7.1000193684176205,-5.671422922244373,-14.913062859900506
1998-07-23,-2.0900588424481503,23.01,5.45,-0.01,1.6843418590143378,163.0,0.2807590411822991,-4.397455153953722,-4.224612802286676,-13.817941674435186
1998-07-24,0.0921297502193496,23.01,5.45,-0.03,1.6843418590143378,163.0,-1.76455154463665,-4.501235576646301,-5.220902528443283,-14.630963099199
1998-07-27,0.5671432701787937,23.13,5.47,-0.01,1.6843418590143378,163.0,-3.0359093789647518,-5.589791748329187,-5.153974554915308,-10.791705130513218
1998-07-28,-1.4843959143840513,25.25,5.5,0.04,1.6843418590143378,163.0,-5.1422702805919425,-5.420088679831759,-3.3081482668724127,-10.974658399905124
1998-07-29,-0.4450408179091147,24.79,5.52,0.03,1.6843418590143378,163.0,-3.8908211575096607,-3.6428748106906883,-3.645543583445765,-12.888257616850984
1998-07-30,1.5765937780709338,22.66,5.5,0.01,1.6843418590143378,163.0,-4.665116458895968,-5.953009309150037,-8.780785654582923,-11.71441964505997
1998-07-31,-1.949333582255175,24.8,5.5,0.01,1.6843418590143378,163.0,-2.7858416437658517,-5.168340517196768,-8.345902507360957,-8.115687015421457
1998-08-03,-0.734391231703535,25.98,5.46,0.0,1.6843418590143378,163.0,-2.6338434703067293,-2.5861978152788345,-13.947711362577964,-6.72035270513639
1998-08-04,-3.624460502388427,31.06,5.43,0.0,1.6843418590143378,163.0,-0.2928790305878115,2.7123788556437933,-7.262245430191028,-2.4847978556286066
1998-08-05,0.8683784125052441,29.83,5.43,0.04,1.6843418590143378,163.0,0.257984044609616,1.5377790570686,-8.41016697567184,-5.784938043757382
1998-08-06,0.7582507203065747,28.2,5.44,0.05,1.6843418590143378,163.0,-1.3509145890955976,0.1807926263316162,-9.853803092429981,-6.381980829797618
1998-08-07,-0.0165242981682411,27.02,5.4,0.06,1.6843418590143378,163.0,-2.4507735433972777,-0.7535877098960531,-10.6071817616894,-6.017709804192217
1998-08-10,-0.5791855345580688,28.75,5.41,0.07,1.6843418590143378,163.0,0.04893451351688505,0.4616208368613428,-5.509905632574386,-4.940267097693118
1998-08-11,-1.3073133656024585,31.91,5.37,0.06,1.6843418590143378,163.0,3.0140855106562725,2.232969330886836,-5.872885312051357,-0.27035255114600254
1998-08-12,1.4256572164889514,28.55,5.4,0.08,1.6843418590143378,163.0,1.2765018413790852,-0.0027696683040701053,-9.594913492900758,-3.8276365609726803
1998-08-13,-0.8586759859625093,29.92,5.44,0.07,1.6843418590143378,163.0,1.552682631620117,-3.0067696208678663,-6.126097489763149,-2.8058193914529794
1998-08-14,-1.1312606444284778,34.34,5.4,0.06,1.6843418590143378,163.0,1.7398250044107222,-3.350739623765009,-3.1079773509174236,-1.3229883409785814
1998-08-17,1.9684821402317088,31.86,5.4,0.06,1.6843418590143378,163.0,0.41248447607273864,-11.663145563043342,-4.243910818734031,-3.197469987073942
1998-08-18,1.617642503315997,28.4,5.41,0.05,1.8714909544603973,163.3,-0.7582615288941663,-9.71121922884639,-5.059932180693371,-7.645291058781567
1998-08-19,-0.2851337375000429,28.69,5.42,0.08,1.681195516811962,163.3,-1.2631474097384965,-9.797285429248204,-7.211815315273229,-10.169757389074363
1998-08-20,-0.588317820801687,30.0,5.38,0.06,1.681195516811962,163.3,-4.489740826470612,-10.016486649481838,-6.55092985798984,-8.1531698415647
1998-08-21,-0.949064271094513,33.14,5.32,0.07,1.681195516811962,163.3,-5.003512270593169,-9.928413354621446,-5.304093087928241,-8.571639368951889
1998-08-24,0.6381584547725527,31.8,5.3,0.08,1.681195516811962,163.3,-12.0260245547391,-5.944087323787873,-5.377066276211595,-9.516237469350319
1998-08-25,0.4328451186515369,30.33,5.25,0.07,1.681195516811962,163.3,-9.021363226681945,-7.928806818378542,-2.4486444034806487,-11.179025999854531
1998-08-26,-0.7924266251682299,31.14,5.26,0.14,1.681195516811962,163.3,-8.643315839653843,-9.592409502522269,-3.824972831728779,-11.506280790895095
1998-08-27,-3.836963801008908,38.55,5.12,0.14,1.681195516811962,163.3,-5.786546776058765,-3.216026372873948,0.207179644011668,-5.582247391579553
1998-08-28,-1.481881821078046,39.6,5.09,0.16,1.681195516811962,163.3,-5.184298074321047,0.2511786141999872,2.0980515266157296,-4.441573970963908
1998-08-31,-6.801408216529636,44.28,5.05,0.14,1.681195516811962,163.3,6.913336813721149,8.398798883657532,9.583401661659895,3.637973213447565
1998-09-01,3.863026422468252,36.48,5.05,0.19,1.681195516811962,163.3,1.2008933603012695,5.15156701466839,2.2881338660460493,3.9471950312210957
1998-09-02,-0.380185188959381,36.76,5.1,0.14,1.681195516811962,163.3,-1.0388880371387077,2.8662885881854727,-0.41292766143306014,5.233446847755352
1998-09-03,-0.8298977127467855,41.43,5.03,0.12,1.681195516811962,163.3,2.7284005789224075,3.8513241620077965,2.0707313357046786,6.713750075893676
1998-09-04,-0.852116041982065,43.31,5.02,0.11,1.681195516811962,163.3,5.732675683592592,5.134049969497756,1.506328506248411,7.7869117431794255
1998-09-08,5.089897891818196,37.9,5.04,0.13,1.681195516811962,163.3,1.389407640063256,0.6028552926047759,-3.797900678354571,3.1438422891665985
1998-09-09,-1.6864371245647105,39.66,4.95,0.16,1.681195516811962,163.3,3.9037932603042558,5.952092316309643,-3.530115195818695,5.752497958080038
1998-09-10,-2.584974105553206,45.29,4.76,0.19,1.681195516811962,163.3,3.9461729439638438,6.379372173351339,-2.1169365070360713,7.772572194175176
1998-09-11,2.9453468251338544,43.74,4.85,0.17,1.681195516811962,163.3,1.093099451327162,3.5369554365208833,-2.4448479743369944,4.850440585478344
1998-09-14,2.0474474455946856,38.57,4.87,0.15,1.681195516811962,163.3,-0.5661690770847883,1.8422455854839814,-4.680994926975535,2.0779522040519582
1998-09-15,0.7730337600791781,36.58,4.9,0.17,1.681195516811962,163.3,-0.7757736885600441,1.0928190996597253,-4.391954264474551,1.5563845201232773
1998-09-16,0.7516697203457268,35.94,4.88,0.13,1.681195516811962,163.3,1.9713419421309109,-2.7231483371264686,-1.1453676037745386,2.4823313524827473
1998-09-17,-2.545241023135769,39.23,4.8,0.1,1.8679950186799577,163.6,2.340826180006861,-3.1878434564180047,2.301199248129304,6.392588552038836
1998-09-18,0.119743612445955,38.63,4.7,0.09,1.8679950186799577,163.6,2.4174310595456383,-1.7145595789663792,2.7562729093569382,7.5159488346110415
1998-09-21,0.3725149440665154,38.58,4.69,0.06,1.678060907395884,163.6,2.422128002325308,-3.4505675985105344,2.523313592933296,7.043685597682692
1998-09-22,0.5606061346682623,36.62,4.73,0.07,1.678060907395884,163.6,1.8832021751973516,-4.3743847609093,2.525760316813397,7.197259690742475
1998-09-23,3.541074052290249,32.47,4.69,0.17,1.678060907395884,163.6,-4.603734921838642,-8.94952360527258,-0.18838170522741393,4.936023863449068
1998-09-24,-2.1921222285593123,34.66,4.64,0.21,1.678060907395884,163.6,-5.402213215184048,-7.986800924658755,1.3096524188482839,7.96540740957401
1998-09-25,0.1946859515413512,34.55,4.6,0.17,1.678060907395884,163.6,-4.0344603411402336,-5.7774573200825685,1.268614808519053,6.734733330213261
1998-09-28,0.3771181054079919,34.87,4.61,0.16,1.678060907395884,163.6,-5.733815255920605,-6.405240256592803,0.23144287246699147,6.151212141032514
1998-09-29,0.0314752828235675,36.08,4.59,0.12,1.678060907395884,163.6,-6.141922125048815,-5.425482653448677,0.4585542520152419,5.807303807383302
1998-09-30,-3.051420294145435,40.95,4.44,0.14,1.678060907395884,163.6,-4.555512398596817,1.6219488052717113,5.351200825916402,9.921646476246648
1998-10-01,-3.010786012248201,43.48,4.33,0.16,1.678060907395884,163.6,-2.732186235343892,5.669786626513518,9.895897736916993,14.355759306861483
1998-10-02,1.6433622296224693,40.47,4.31,0.14,1.678060907395884,163.6,-1.8162738261446543,4.548824799656215,9.391531822043975,12.848578445225867
1998-10-05,-1.400356908959477,42.81,4.16,0.12,1.678060907395884,163.6,-0.7122649574659468,6.187380953833221,10.869305945325557,14.969660605306089
1998-10-06,-0.4015912754844919,41.2,4.24,0.14,1.678060907395884,163.6,0.7633221218898978,7.215791564289975,12.100988237011002,16.25322963848317
1998-10-07,-1.4127742309266167,43.51,4.34,0.22,1.678060907395884,163.6,6.4723079971542585,9.62229111472559,15.250384202850519,19.038397610652822
1998-10-08,-1.1579501297220296,45.74,4.56,0.46,1.678060907395884,163.6,8.637978522048773,10.103391075333668,17.336869595383785,22.985369039574888
1998-10-09,2.600476542935781,42.2,4.77,0.58,1.678060907395884,163.6,6.482844839815982,7.478117155612907,13.279402459771038,19.3416263049077
1998-10-13,-0.2916713389260916,40.23,4.73,0.6,1.678060907395884,163.6,6.949142216149262,7.090870415453221,13.41576433557734,20.083294986702604
1998-10-14,1.0786129509019693,38.96,4.58,0.5,1.678060907395884,163.6,6.403589427703427,6.221588087944352,11.877180847427905,19.348407086407484
1998-10-15,4.172919725414959,33.34,4.58,0.45,1.678060907395884,163.6,2.958499892437305,3.669730864727616,8.167229391436791,11.809896724406155
1998-10-16,0.8525192406792836,34.82,4.44,0.58,1.678060907395884,163.6,1.348895269610928,3.9993561502499553,8.21992071494211,11.974708492269492
1998-10-19,0.5651133502569294,33.13,4.47,0.57,1.678060907395884,163.6,0.934678555305446,4.632005220209523,7.938638871813475,10.963677227271251
1998-10-20,0.144959858551541,33.11,4.57,0.59,1.678060907395884,163.6,0.13251924827739625,4.409116176928718,8.27054926167845,8.806002061144325
1998-10-21,0.563006018439105,33.21,4.59,0.47,1.4259144451332917,163.6,-0.17104812040454886,4.556415245781897,8.429204263976441,10.699180458509572
1998-10-22,0.8000538518628808,31.53,4.62,0.46,1.4259144451332917,163.6,0.690793837355197,5.134077230911771,8.589591040450717,10.843407300280594
1998-10-23,-0.7241614740074231,32.27,4.7,0.5,1.4259144451332917,163.6,2.6151847768919323,6.569714565013607,11.699892109069744,11.057829359640902
1998-10-26,0.1540999818833377,32.38,4.73,0.5,1.4259144451332917,163.6,3.6630885616564246,5.397643220488058,11.038069388690674,11.085000499818133
1998-10-27,-0.6509233081885113,32.95,4.63,0.51,1.4259144451332917,163.6,4.270937114892237,5.906100021026073,12.132149566854732,10.067825133248554
1998-10-28,0.2581335618890845,32.42,4.6,0.59,1.4259144451332917,163.6,4.735563458472702,5.324334592701718,12.357957769935624,9.92012602367689
1998-10-29,1.6702795140410842,29.5,4.54,0.54,1.4259144451332917,163.6,4.4128000428060865,4.338294784017238,7.852017934048794,5.77306969024054
1998-10-30,1.173187001394682,28.05,4.64,0.52,1.4259144451332917,163.6,3.8537471785678346,4.058260282491211,7.6686554967681175,6.528091024125304
1998-11-02,1.1768712282528293,27.26,4.77,0.51,1.4259144451332917,163.6,1.6732616043944493,3.160250675350018,6.05137213392406,5.208388579162548
1998-11-03,-0.068370797257744,27.76,4.78,0.53,1.4259144451332917,163.6,1.5681866408586043,3.6983677538331428,4.211208795949184,6.914930837578237
1998-11-04,0.7048790434198926,27.37,4.83,0.4,1.4259144451332917,163.6,0.562150156820862,3.7040185521766134,5.875072513042712,6.890873551791454
1998-11-05,1.3569623789235097,26.01,4.82,0.35,1.4259144451332917,163.6,-0.07135644169898869,3.286768572619292,5.430522833076301,6.774481514315811
1998-11-06,0.6314798548183065,25.7,4.93,0.34,1.4259144451332917,163.6,0.19692414523255763,4.813916941596408,4.211435502991101,6.168846021295882
1998-11-09,-0.9474113724883492,28.09,4.88,0.31,1.4259144451332917,163.6,1.462517330014812,5.351567640277355,5.396095306829918,9.408042411617945
1998-11-10,-0.1716458582606161,28.17,4.81,0.31,1.4259144451332917,163.6,2.0972916652600704,5.87883941018752,3.9296368305473006,9.393654743674883
1998-11-12,-0.2926063483054464,29.28,4.77,0.3,1.4259144451332917,163.6,3.1243051092843643,6.678060872099101,4.36346590628609,9.644897465257118
1998-11-13,0.7184487396184158,29.03,4.82,0.28,1.4259144451332917,163.6,3.3605229639278367,3.3676256232719526,1.3751182240358872,10.3125191798912
1998-11-16,0.9016473615301336,28.9,4.85,0.29,1.4259144451332917,163.6,4.607918691866875,3.469590212709295,2.3735076244106867,8.456958895532662
1998-11-17,0.3037276437185099,27.95,4.87,0.29,1.673899566026038,164.0,3.832992136015223,2.802553735229396,1.985394461921275,7.891552717262473
1998-11-18,0.4529047522159546,27.13,4.85,0.22,1.673899566026038,164.0,3.7038668541039987,0.49455073712776354,3.101845432495942,7.3063746456219825
1998-11-19,0.710366718645683,25.5,4.85,0.19,1.673899566026038,164.0,3.4460894151467913,2.0935099634290077,3.073029419791906,7.996637641239923
1998-11-20,0.949155708834648,22.47,4.82,0.16,1.673899566026038,164.0,0.0068717331728196385,2.075536189274607,3.3767277163331944,9.349827031656766
1998-11-23,2.119368404840971,21.84,4.84,0.21,1.4851485148514865,164.0,-1.0881857639387982,-0.5748105367925249,1.2926995948968178,6.860741974165108
1998-11-24,-0.4393138312867251,23.28,4.85,0.21,1.4851485148514865,164.0,-0.9923997946972407,0.04226578450599039,3.8504170960145467,7.785355442246034
1998-11-25,0.3279829005183643,22.15,4.83,0.17,1.4851485148514865,164.0,-3.0946928155449194,-1.8409746371404578,3.3196579723267616,6.488495798397964
1998-11-27,0.4600302442527404,22.09,4.81,0.19,1.4851485148514865,164.0,-1.3075211053069968,-2.1697010115210857,2.7811122257979104,3.956962875197112
1998-11-30,-2.407047732562262,26.01,4.74,0.2,1.4851485148514865,164.0,2.06852231276784,-1.9275932742208957,6.7186350801268,6.081831787964065
1998-12-01,1.0011794440824673,24.97,4.67,0.23,1.4851485148514865,164.0,0.519023163321064,-1.0593282393844494,4.820129926648575,3.1405206579964373
1998-12-02,-0.342899495985316,25.43,4.59,0.23,1.4851485148514865,164.0,1.0450365194770495,-0.7948822705442726,4.950265141408794,6.1481331710245835
1998-12-03,-1.8023466682230536,28.7,4.58,0.22,1.4851485148514865,164.0,1.2937559508666263,2.594463755739662,6.778301767140094,8.856311758068669
1998-12-04,2.312759772475892,25.31,4.62,0.16,1.4851485148514865,164.0,-0.8736024425266109,0.959433617978056,5.782079272154994,6.78824596306129
1998-12-07,0.9313834006199784,24.9,4.69,0.15,1.4851485148514865,164.0,-3.915130244311249,1.2747339623529585,7.126380241484864,3.9959657286325223
1998-12-08,-0.5321164055641092,25.58,4.6,0.14,1.4851485148514865,164.0,-1.5702016922120698,1.8783068373034562,7.478539946568796,3.7083695629149815
1998-12-09,0.1786034419781534,25.66,4.56,0.14,1.4851485148514865,164.0,-1.8208898263564754,3.806542446480954,7.739818362789608,4.2661949531466625
1998-12-10,-1.5606359880971366,26.81,4.53,0.14,1.4851485148514865,164.0,1.284094752596543,5.257420385329015,8.485689833153188,7.492578462095567
1998-12-11,0.12359799678201,27.72,4.61,0.15,1.4851485148514865,164.0,1.8491906350595055,5.060613417834925,6.262542331021281,6.576315139540667
1998-12-14,-2.1655273744092485,31.31,4.58,0.16,1.4851485148514865,164.0,5.401333446004841,8.81616822000042,8.166848688214735,10.880656261666054
1998-12-15,1.8953738002355447,29.42,4.62,0.15,1.6707920792079278,164.3,3.503520873559185,5.942407769636149,4.244815425897186,10.045325886690248
1998-12-16,-0.0765386756510166,29.96,4.58,0.18,1.6707920792079278,164.3,5.731802073663661,5.7911804788345345,6.998646441308876,9.558158269293916
1998-12-17,1.5525793046297087,27.96,4.58,0.16,1.6707920792079278,164.3,3.9229512219445484,4.078034874631653,6.103495035792017,6.950118741255751
1998-12-18,0.6822191021348623,25.04,4.58,0.13,1.5451174289246028,164.3,3.153115663218564,4.776815282488012,5.773420210674884,7.073888278895235
1998-12-21,1.2465961430455197,23.86,4.64,0.08,1.5451174289246028,164.3,3.239840201589983,5.777992249584307,2.6869799206691525,3.7951868670185407
1998-12-22,0.0606880790041008,22.78,4.7,0.11,1.5451174289246028,164.3,2.3563323020250992,5.496982903542702,1.796322281380358,2.9769834512297644
1998-12-23,2.07466901698794,20.21,4.81,0.08,1.5451174289246028,164.3,0.056159456290627574,3.789044335366931,0.4427972417082593,1.2396812463981721
1998-12-24,-0.1847737525088932,21.48,4.86,0.08,1.5451174289246028,164.3,0.14922945399800103,3.0670231476375376,2.1235159180075236,-0.8260827323076092
1998-12-28,-0.063609913351148,23.5,4.78,0.05,1.5451174289246028,164.3,1.5740674518941677,1.1440337859119465,1.4426926251398076,-0.1582992453392995
1998-12-29,1.3317178018119824,22.18,4.71,0.11,1.5451174289246028,164.3,2.458500558542376,-0.5967123658249585,1.8972254541180122,0.9848511359781043
1998-12-30,-0.7956132110896852,23.34,4.65,0.09,1.5451174289246028,164.3,3.0683500775022132,-1.6023728169650586,3.872781639979017,-0.1461161551097767
1998-12-31,-0.2191742326647539,24.42,4.65,0.11,1.5451174289246028,164.3,3.7307896878722824,1.1413673209894393,3.5607673280600105,1.0282872081933236
1999-01-04,-0.0919278654740951,26.17,4.69,0.11,1.5451174289246028,164.3,2.9134459741198215,1.9460976214627612,2.7595485157687394,-0.3314018703664767
1999-01-05,1.3581999871776995,24.46,4.74,0.1,1.5451174289246028,164.3,-0.4233695437921958,0.9511693264391274,2.1923485555597866,-0.6025160930833162
1999-01-06,2.2140407039631604,23.34,4.73,0.11,1.5451174289246028,164.3,-2.9819028267173087,-2.922169596131019,-1.874497086206095,-2.6030774798333156
1999-01-07,-0.2051327020824778,24.37,4.77,0.14,1.5451174289246028,164.3,-4.531675233915311,-3.507835504211454,-2.3886933853046743,0.18980682639297974
1999-01-08,0.4221358425815724,23.28,4.86,0.15,1.5451174289246028,164.3,-2.496290999687245,-3.2240850805468346,-2.456293056067893,-0.3066381364596249
1999-01-11,-0.8791505884283457,25.46,4.9,0.16,1.5451174289246028,164.3,-0.9399630373861267,-0.9154307564296804,-3.777256547293917,-0.8283991093043008
1999-01-12,-1.9281889912837968,28.1,4.82,0.14,1.5451174289246028,164.3,1.3803829914046384,0.29528072793698623,-1.2876024244868889,0.44453128431509725
1999-01-13,-0.4122584982213073,30.11,4.74,0.13,1.5451174289246028,164.3,0.06156916320425587,2.5089087889337724,1.5910575388849324,0.3183677546094277
1999-01-14,-1.799261387600426,32.98,4.63,0.16,1.6687268232385533,164.5,1.0724391909174624,5.564315536551923,1.4799713199856068,1.977420530781715
1999-01-15,2.5631353056214,29.24,4.66,0.1,1.6059295861643008,164.5,-0.7464270726944888,2.3920973891842223,-0.11180401826802466,-1.4285032596659475
1999-01-19,0.7029897339031033,29.24,4.71,0.09,1.6059295861643008,164.5,0.024765063398568543,0.7979225426817393,-2.2340232190994347,-1.9408984687000697
1999-01-20,0.3690091946635387,28.6,4.76,0.1,1.6059295861643008,164.5,-1.0703276427350361,1.2294847473308224,-1.539046481471018,-0.794192397664284
1999-01-21,-1.7077526237753935,30.92,4.7,0.07,1.6059295861643008,164.5,2.4458337463585167,1.0792088220001883,0.3286972061182336,3.263539574465679
1999-01-22,-0.8071903638024458,31.95,4.64,0.05,1.6059295861643008,164.5,4.4442148439196805,1.1598269400989514,3.8320648623918263,4.696417846563206
1999-01-25,0.7174429666318538,31.13,4.67,0.08,1.6059295861643008,164.5,3.162127437142659,0.7933709798745081,3.0146415526171477,3.716428635587943
1999-01-26,1.4854437199246062,29.23,4.69,0.06,1.6059295861643008,164.5,0.7729660537498573,-2.888265864919215,0.08783572234276615,2.7572969640870193
1999-01-27,-0.7298523704825199,29.73,4.68,0.11,1.6059295861643008,164.5,2.3246942350729105,-1.5782229641668089,0.14881114574369914,4.384758950001122
1999-01-28,1.7857533874787943,28.11,4.67,0.09,1.6059295861643008,164.5,-1.3339975618158473,-0.8953868116367225,-2.136927473137673,2.309203696616735
1999-01-29,1.1277349381062507,26.25,4.66,0.08,1.6059295861643008,164.5,-3.1446336292812904,-3.8690576411231525,-3.397829074663261,2.158419149214863
1999-02-01,-0.5188970782741387,27.67,4.75,0.1,1.6059295861643008,164.5,-2.296149290553806,-2.445404939733886,-3.731343283582067,2.622152779482545
1999-02-02,-0.8648868629713258,28.16,4.79,0.09,1.6059295861643008,164.5,-3.6331489109055815,-3.007944693004283,-2.71714033612358,2.8391632526366672
1999-02-03,0.7987350242623981,27.88,4.83,0.11,1.6059295861643008,164.5,-3.8142476050536334,-2.734905976961255,-1.9990985334423006,3.496671127937745
1999-02-04,-1.8536681983153505,29.48,4.89,0.12,1.6059295861643008,164.5,0.4445409151484725,-0.7424985064966139,2.161008953198329,4.068919192422893
1999-02-05,-0.7280767880730954,29.67,4.94,0.14,1.6059295861643008,164.5,-0.7479441139782494,2.6415999346017127,3.496042859541859,4.648215605675743
1999-02-08,0.3525895619740149,30.27,4.94,0.14,1.6059295861643008,164.5,-0.15276332314060337,2.2037863712150108,2.90004950454239,1.4769607587189704
1999-02-09,-2.221472173225858,31.36,4.91,0.12,1.6059295861643008,164.5,0.6487751865247304,3.0646158404732837,5.813471337205622,4.312821759017393
1999-02-10,0.6093076529374519,30.45,4.9,0.13,1.6059295861643008,164.5,1.1221429382394232,1.754727624234742,6.058600132770353,5.430095930271439
1999-02-11,2.4919283247609947,27.42,4.93,0.13,1.6059295861643008,164.5,-1.1817858997910546,-1.2527576886266822,3.2335432278643106,2.293388478020675
1999-02-12,-1.9066404129777448,29.76,5.06,0.15,1.6059295861643008,164.5,3.4150869907142223,0.4901944731808605,6.270069389142363,6.506632530284939
1999-02-16,0.9543698786124156,29.65,5.03,0.1,1.6059295861643008,164.5,2.360155145787579,-1.3181730117928003,5.194586391431222,4.741237417307653
1999-02-17,-1.4365405308491286,30.65,4.98,0.09,1.6059295861643008,164.5,2.400268308751352,0.2998228627698163,6.028440089380438,5.093009511876367
1999-02-18,1.0824897823471955,30.45,5.04,0.11,1.6059295861643008,164.5,0.6255649530505503,0.7564969230838825,6.406796978392837,4.561614191600927
1999-02-19,0.1567908121294481,29.3,5.07,0.12,1.6676961087090714,164.6,-0.07182055401613319,2.9252272281757863,4.847409643123468,6.608998107704256
1999-02-22,2.656513349008893,25.87,5.03,0.12,1.6676961087090714,164.6,-2.828303492889772,0.8324528509732421,1.954973102867208,3.5963022523620713
1999-02-23,-0.0754603209117132,26.49,5.1,0.1,1.6676961087090714,164.6,-3.59351561390413,0.6812498421520985,-0.7111533127120429,4.382538946773651
1999-02-24,-1.3979152268299266,27.21,5.18,0.13,1.6676961087090714,164.6,-2.0512108812531626,2.667118558892323,1.211090642860535,7.225883295910984
1999-02-25,-0.669375098303604,28.01,5.32,0.17,1.6676961087090714,164.6,0.13011799744371277,4.229653608261974,3.6119877590447436,8.29946140894917
1999-02-26,-0.5373458556177546,27.88,5.29,0.16,1.6676961087090714,164.6,2.9992018255591057,4.543216409370343,3.591134378685279,9.714700693456614
1999-03-01,-0.1752297006456515,28.37,5.4,0.2,1.6676961087090714,164.6,3.7673072257158324,5.751680496054834,5.987089674415658,9.194595276233741
1999-03-02,-0.8623506572724149,29.22,5.35,0.17,1.6676961087090714,164.6,4.434105738091576,6.599755600392654,6.140350877192979,8.399832020093822
1999-03-03,0.1795145795083552,29.04,5.39,0.2,1.6676961087090714,164.6,4.817139121980629,5.711492865195278,4.7788585386282945,7.750267019497592
1999-03-04,1.542727395116672,26.67,5.41,0.21,1.6676961087090714,164.6,4.094208308955483,5.607876641068876,3.7765478006066333,5.80440098996573
1999-03-05,2.3126127603739555,24.08,5.34,0.2,1.6676961087090714,164.6,1.4990549018294441,1.867552267517869,3.5790748087074276,1.0984194130342573
1999-03-08,0.5692027199686089,24.54,5.29,0.17,1.6676961087090714,164.6,1.9123299268261507,1.1132529460063711,2.7410316056415196,1.8273575759098382
1999-03-09,-0.2253018711998455,25.02,5.18,0.16,1.6676961087090714,164.6,2.0736998196090317,-1.382981594931687,3.6762446934502924,4.397427084627914
1999-03-10,0.546943382527787,24.79,5.2,0.16,1.6676961087090714,164.6,0.8532514345519937,-1.4182027668347974,4.440335718980637,5.593545614109474
1999-03-11,0.8423804185872408,24.37,5.21,0.16,1.6676961087090714,164.6,1.4541330941495234,-0.5926008845223985,3.904654443142719,4.559669519909315
1999-03-12,-0.2381240184580413,24.84,5.16,0.16,1.6676961087090714,164.6,0.36305497232933526,-0.9107066564290056,4.946743042452106,5.055660477077351
1999-03-15,0.9786916537147804,25.24,5.15,0.16,1.6676961087090714,164.6,-0.7840827320830801,0.2226056146404698,3.2556596396663418,4.248583957866026
1999-03-16,-0.0673167446597178,25.15,5.11,0.14,1.6676961087090714,164.6,-3.386456472773658,-0.4309622668572044,1.688630906855959,3.408658210508153
1999-03-17,-0.6552502764704982,25.57,5.14,0.13,1.6676961087090714,164.6,-2.2522369572396395,-0.8822449681571198,1.9286210978991747,3.4681243645795945
1999-03-18,1.4431973088885552,24.13,5.11,0.12,1.729462631253842,164.7,-2.0173983220304503,-1.734083572844114,0.18608872287502187,1.4150624125071953
1999-03-19,-1.3110029338412432,24.32,5.17,0.13,1.729462631253842,164.7,-1.2691539024091258,1.6801449559668002,-0.7550322328976122,4.259246523604721
1999-03-22,-0.1754827042713347,25.0,5.21,0.13,1.729462631253842,164.7,1.0146439950811104,1.6098568804866709,0.7062423659585315,2.6977424978160247
1999-03-23,-2.6884908254091733,27.27,5.2,0.17,1.6666666666666607,164.7,3.0590889206786986,5.130175673737436,5.861471755125081,6.748066217442239
1999-03-24,0.5110329358879895,26.6,5.17,0.19,1.6666666666666607,164.7,1.40155840546774,5.942819719505499,7.112619751048066,5.00241092217506
1999-03-25,1.6869142111040292,24.33,5.21,0.19,1.6666666666666607,164.7,0.2891480164177507,4.524064976733588,5.182984818309722,4.264374931748938
1999-03-26,-0.5573641238056148,24.04,5.21,0.22,1.6666666666666607,164.7,2.9872111654555056,5.911284157181029,6.021202626624134,4.482382118127282
1999-03-29,2.133613507591514,23.54,5.28,0.26,1.6666666666666607,164.7,0.5892342554160379,3.026317272859669,4.017036195113088,3.4682476229891845
1999-03-30,-0.7189939953859636,22.73,5.21,0.24,1.6666666666666607,164.7,2.0096109666298156,2.1287673577743638,3.8562394141600898,4.862579281183921
1999-03-31,-1.105516423817987,23.26,5.25,0.26,1.6666666666666607,164.7,4.478492624224661,2.8358855233891367,4.38909187495129,6.311563841254353
1999-04-01,0.5713733695466017,22.06,5.27,0.26,1.6666666666666607,164.7,4.222707086535982,1.9540572820511803,3.2047184821054175,3.4072348826030607
1999-04-05,2.117925442487434,22.19,5.2,0.24,1.6666666666666607,164.7,2.839258349299123,-2.3949387463196636,2.5364849437958803,1.390486495176968
1999-04-06,-0.2444880465580667,22.65,5.13,0.2,1.6666666666666607,164.7,2.422807008606287,-0.8892980880693346,1.0706496896348394,1.1708057174058206
1999-04-07,0.6829097952002261,22.81,5.14,0.21,1.6666666666666607,164.7,0.11680898497250514,0.6956100631441586,1.5389402075440595,1.306812594027007
1999-04-08,1.2879715448639084,22.59,5.03,0.17,1.6666666666666607,164.7,-1.572196400979342,1.1041805708397856,-0.887656945341142,-0.38319204816327224
1999-04-09,0.3251532895351072,21.77,5.05,0.17,1.6666666666666607,164.7,-2.1767327561365013,0.6304001300779349,-0.2484500053098193,-1.3394101568912076
1999-04-12,0.7624155065829807,21.93,5.06,0.13,1.6666666666666607,164.7,-5.0896877122942,0.10378353007218788,-1.3491499517021666,-3.8259114167903174
1999-04-13,-0.6484516433530318,22.73,5.12,0.18,1.85185185185186,165.0,-3.233757395847725,0.9616173308704568,0.4289489926724954,-4.846566540585906
1999-04-14,-1.5839153171199327,24.94,5.13,0.18,1.85185185185186,165.0,0.5781257753216362,1.691464707817425,2.676828472659931,-1.7825368616633752
1999-04-15,-0.420791760777317,23.93,5.18,0.21,1.85185185185186,165.0,2.7191269884699,1.5103738774232323,3.3798302024391047,-3.1326259342368323
1999-04-16,-0.291036448349502,23.9,5.23,0.21,1.85185185185186,165.0,2.8695963294872895,1.2266909560983308,1.425325915703124,-1.3009881864812778
1999-04-19,-2.238060616470816,26.42,5.18,0.19,1.85185185185186,165.0,5.471977825363372,5.052426202877469,3.878308350893911,0.37069433952257036
1999-04-20,1.2943251333374928,25.02,5.16,0.21,1.85185185185186,165.0,4.335576760875681,1.9775339493062871,2.0785886546396792,-0.8697171860755581
1999-04-21,2.2929595813888426,23.31,5.17,0.18,1.85185185185186,165.0,1.1069394303318436,0.8375043796557291,0.6069803147322306,-2.7377747648690165
1999-04-22,1.6989455479172078,22.62,5.25,0.2,1.85185185185186,165.0,-1.1767556310932625,-1.9700842288962739,-1.4711287017067698,-2.286538873227062
1999-04-23,-0.1449765812243875,22.76,5.26,0.22,1.85185185185186,165.0,-1.5970757463913632,-0.8733445700819242,-1.9574703910775648,-1.645720341708734
1999-04-26,0.235108046870458,23.53,5.23,0.19,1.85185185185186,165.0,-0.39778491987757514,-1.4514271394526324,-3.9256207990200354,-3.140354826410363
1999-04-27,0.2029359199989144,23.36,5.22,0.18,1.85185185185186,165.0,-2.260056334354421,-0.5275948942579878,-5.752863340552339,-3.2403898295762956
1999-04-28,-0.8724694909324149,24.4,5.27,0.25,1.85185185185186,165.0,-0.26648522069225855,0.9689739130749109,-3.4162174568557413,-3.5598290540366007
1999-04-29,-0.5981211124770791,25.06,5.22,0.27,1.85185185185186,165.0,-0.8027753013668981,1.841640665488331,-4.5739165706025435,-3.663154905388988
1999-04-30,-0.5696851123448199,25.07,5.36,0.28,1.85185185185186,165.0,0.7354773059835118,0.1962278503116588,-2.49704807961757,-3.0842322424218693
1999-05-03,1.4567287099456427,24.15,5.38,0.3,1.85185185185186,165.0,-1.0578501880981972,-1.1176494388773883,-4.456567099472308,-3.9472011184154
1999-05-04,-1.6705672250903802,25.62,5.42,0.3,1.85185185185186,165.0,1.7725214227899633,0.099095066746413,-2.7920376431118776,-0.1193668033267703
1999-05-05,1.1494037983295735,25.19,5.4,0.31,1.85185185185186,165.0,1.2387602467445635,-0.22860945076107475,-3.5455847172335075,-0.5499872974615516
1999-05-06,-1.1326279105755788,27.44,5.52,0.33,1.85185185185186,165.0,2.6658164831618203,0.5089829194126372,-0.3228143591081811,0.810023392265169
1999-05-07,0.9721820274897208,25.36,5.54,0.35,1.85185185185186,165.0,-0.5353123547862437,-1.0936773931226829,-0.779180703996285,0.29739776951671626
1999-05-10,-0.3494387488382933,26.62,5.54,0.39,1.85185185185186,165.0,-0.06043860062961981,-2.510633678144225,-1.713802278342147,-0.32978018236863305
1999-05-11,1.1422768011404294,25.62,5.59,0.4,1.85185185185186,165.0,-1.6442811209242625,-5.252982915955151,-2.727183415776979,-1.663452394234466
1999-05-12,0.6189106556530488,26.13,5.51,0.32,1.85185185185186,165.0,-1.4494149216458974,-4.343107788443934,-4.485341181153791,-3.535188467971062
1999-05-13,0.2610013631781482,25.02,5.41,0.29,1.85185185185186,165.0,-2.1008293097273922,-6.299542303293782,-5.405250283583429,-3.820673152280296
1999-05-14,-2.176139144940148,26.86,5.62,0.32,2.592592592592591,166.2,-0.5613701219553402,-2.6880013227172928,-3.2740355232078744,-0.48214030548420217
1999-05-17,0.1263224207332269,27.28,5.66,0.35,2.592592592592591,166.2,-2.451676836686645,-3.376656846897086,-2.861533593691201,0.8928742300946535
1999-05-18,-0.4606263570684055,27.26,5.68,0.3,2.339901477832496,166.2,-3.6690309787350994,-2.8882705762030003,-0.2182455994507615,2.9542807604483245
1999-05-19,0.8182607790465202,25.08,5.6,0.23,2.339901477832496,166.2,-2.9362513317372496,-3.3245755604011995,-0.32211423027312946,2.732417889976091
1999-05-20,-0.4017187901269259,24.46,5.6,0.25,2.339901477832496,166.2,-4.288813647717227,-0.8275850121652661,0.29951598763457987,3.9131193929079933
1999-05-21,-0.6378642002717982,24.4,5.52,0.22,2.339901477832496,166.2,-2.138636869162547,0.31797430218534206,1.4064572678214926,4.347168989962702
1999-05-24,-1.777057179582986,27.62,5.5,0.22,2.339901477832496,166.2,-0.9482274837895988,0.8173521173287401,2.2370167927603157,6.827379885253038
1999-05-25,-1.702827810375429,28.9,5.49,0.19,2.339901477832496,166.2,0.8104978185776934,2.6658353771049637,3.788541984954086,8.565868688879895
1999-05-26,1.5851747870256006,27.57,5.55,0.22,2.339901477832496,166.2,-0.40007132837115433,-0.14869121233344051,0.844601263739686,7.55081538320197
1999-05-27,-1.7895992681544404,28.12,5.62,0.19,2.339901477832496,166.2,3.616326123899727,0.9544158499257493,2.645525125434478,9.184409226324664
1999-05-28,1.5943321103852215,25.39,5.64,0.22,2.339901477832496,166.2,2.5102973152575814,-0.6022219340433566,2.266792427672204,7.045419958024057
1999-06-01,-0.5822494510614673,26.62,5.78,0.24,2.339901477832496,166.2,1.7824815813663575,0.5331250569437174,4.418736650652333,8.028528533343525
1999-06-02,0.0424990978609152,26.21,5.8,0.25,2.339901477832496,166.2,1.8404209865784171,2.7494361315513194,6.016318905365492,8.86693270271075
1999-06-03,0.3653030371023824,26.2,5.8,0.26,2.339901477832496,166.2,0.2523898554852355,3.1057131091303924,6.265287673147579,9.175553399677971
1999-06-04,2.170765046827716,23.43,5.82,0.26,2.339901477832496,166.2,-2.569006616574099,1.1365065577339184,4.780265163104858,6.017700953798699
1999-06-07,0.5098866150442527,23.78,5.81,0.25,2.339901477832496,166.2,-3.0362991141551166,1.085032840034561,4.016423493202015,3.1906569726577905
1999-06-08,-1.2881083254637549,24.02,5.83,0.26,2.339901477832496,166.2,-1.2274769734552993,1.4081550899883277,5.9613029321877065,4.703459655117759
1999-06-09,0.0994480227014316,23.9,5.87,0.26,2.339901477832496,166.2,0.8925877722881115,1.093554251738471,5.7468322252513415,3.2101222156505793
1999-06-10,-1.1997260953432232,25.32,5.92,0.26,2.339901477832496,166.2,2.846139885301735,0.9947716140459528,7.710972133483329,4.154065592205747
1999-06-11,-0.7046201331790347,25.9,6.02,0.32,2.339901477832496,166.2,3.8032180989118203,1.6751216489852894,8.152187605773786,4.18354368327849
1999-06-14,0.0278273203894618,26.51,5.98,0.32,2.339901477832496,166.2,4.250386398763539,2.88639687681127,7.693976707399552,5.319935534800058
1999-06-15,0.5533256707640932,25.91,5.98,0.32,2.339901477832496,166.2,2.6683858857541765,3.8650062767945803,7.45565550872338,4.937132139543077
1999-06-16,2.2479940385227604,22.4,5.94,0.33,2.339901477832496,166.2,0.1991885468374699,3.179465403227666,5.953800625559769,0.7982497759599472
1999-06-17,0.7133131884581978,21.95,5.79,0.3,2.339901477832496,166.2,-1.80013394116737,3.0644029983799115,5.887006750172041,-0.8343946195408347
1999-06-18,0.2194149826615365,21.75,5.84,0.28,2.025782688766098,166.2,-2.050125698317662,3.602812406112621,4.826342694839236,-1.101390885633391
1999-06-21,0.458731817378144,21.81,5.9,0.28,2.025782688766098,166.2,-1.308378385030573,2.8999255090576215,2.083022652775135,-1.9881353809535818
1999-06-22,-0.9725719138018896,21.7,5.94,0.29,2.025782688766098,166.2,1.1655198245465348,4.48992276623017,3.2495459188713216,-2.2868857020436617
1999-06-23,-0.2110927836897924,21.32,6.0,0.3,2.025782688766098,166.2,2.9743522872913264,4.602942302261459,2.093672519062495,-1.4515548291696656
1999-06-24,-1.2962678752151513,23.06,6.05,0.3,2.025782688766098,166.2,4.953710361104635,6.650047732276199,3.1281757735272864,-1.1772477077838461
1999-06-25,-0.0357180298120263,21.76,6.02,0.29,2.025782688766098,166.2,5.771256109037348,6.370354765002739,2.467095188686419,-1.3312457888709162
1999-06-28,1.2194780148899964,22.63,5.96,0.28,2.025782688766098,166.2,4.26409438331683,4.6727069627528595,2.3652676465116595,-3.7495716971812643
1999-06-29,1.5097439407013358,22.51,5.93,0.25,2.025782688766098,166.2,3.28610276253134,3.4570346266190155,1.0322301044216164,-3.664205057538217
1999-06-30,1.57312594130401,21.09,5.81,0.28,2.025782688766098,166.2,1.581549171027019,2.6888443465857392,-2.3078386944165086,-5.430857856301918
1999-07-01,0.6010009568492958,19.69,5.85,0.27,2.025782688766098,166.2,1.6162719405870662,2.738679572845837,-3.782875080528092,-3.8581790011052997
1999-07-02,0.742962146321724,18.66,5.82,0.24,2.025782688766098,166.2,0.5664097014672631,1.180981732359232,-4.540613505071656,-4.34510375388899
1999-07-06,-0.2228242586519768,20.73,5.88,0.24,2.025782688766098,166.2,0.3919015283763816,-0.7938809015080595,-4.750305567112257,-3.1668703780748375
1999-07-07,0.5575879795407523,20.35,5.92,0.28,2.025782688766098,166.2,0.16549357514310525,-1.1870779636174555,-6.485609606043264,-4.51478086574546
1999-07-08,-0.1031580116459429,20.24,5.85,0.26,2.025782688766098,166.2,1.0900554132074136,-2.3988520092945054,-5.788075362102163,-5.0795367172574935
1999-07-09,0.6353885538316284,17.96,5.84,0.23,2.025782688766098,166.2,1.1045550194116682,-3.302269463197871,-7.339232945970098,-4.751014947367105
1999-07-12,-0.2978773746984742,19.73,5.74,0.21,2.025782688766098,166.2,0.6111106409350198,-3.6694994436556883,-7.2403636999128,-2.7789297091889154
1999-07-13,-0.3959629110755536,19.95,5.71,0.21,2.025782688766098,166.2,-1.1811534713776717,-2.204432638837095,-8.046298700320397,-2.157069471701434
1999-07-14,0.3308063633952418,19.71,5.74,0.19,2.025782688766098,166.2,-1.3503368180838526,-2.3437792615539577,-6.883282233883947,-1.1715316712544777
1999-07-15,0.8189240801902642,18.68,5.72,0.19,2.025782688766098,166.2,-3.451286487321581,-4.865847963132097,-7.907092785544235,-3.3775049670463853
1999-07-16,0.6498229460008442,17.42,5.68,0.18,1.9631901840490684,166.2,-4.358680458821507,-6.347711183838866,-6.421007746428842,-4.969763339604405
1999-07-19,-0.7844771319714949,19.07,5.66,0.2,1.9631901840490684,166.2,-4.254609711910939,-5.654812929731678,-5.461585163173921,-5.941107763460119
1999-07-20,-2.170287237471657,21.79,5.65,0.22,1.9631901840490684,166.2,-1.0355101313219817,-3.9880853132418514,-2.391978940543815,-4.116617704689752
1999-07-21,0.1590344575840063,21.46,5.66,0.21,1.9631901840490684,166.2,-1.0070408873451009,-5.362184958435822,-3.367679887963204,-3.496008193187039
1999-07-22,-1.3282245097504752,23.05,5.78,0.26,1.9631901840490684,166.2,-1.4651272133468285,-3.4725240661415024,-2.746570878672694,-3.075746434723714
1999-07-23,-0.2961144906667545,23.32,5.84,0.26,1.9631901840490684,166.2,-2.0796772091386417,-4.17482753769055,-1.498220771187453,0.022112167161547625
1999-07-26,-0.6765171663464686,24.98,5.86,0.25,1.9631901840490684,166.2,-1.4624236358613762,-3.7068885094897697,0.9244940380496391,0.19958608259331712
1999-07-27,1.1188903028299446,23.23,5.82,0.26,1.9631901840490684,166.2,-2.983469308878195,-5.973548923653215,0.04843079130649741,-1.3713966331329153
1999-07-28,0.1878473377620038,22.85,5.81,0.27,1.9631901840490684,166.2,-4.399448314434673,-4.648452436520367,1.20038189214704,-1.2992522277116336
1999-07-29,-1.7848245701947651,24.52,5.88,0.26,1.9631901840490684,166.2,-2.0372450849366674,-3.196796058300455,1.564467611493403,0.7926746344662838
1999-07-30,-0.917955476373966,24.64,5.92,0.29,1.9631901840490684,166.2,-2.139648102495273,-0.07826457155131195,1.471344546569897,1.1597653771647343
1999-08-02,-0.050418590054424,25.59,5.92,0.27,1.9631901840490684,166.2,-2.277775602409926,0.20480935229250097,-0.30345462510473764,0.6204578089241464
1999-08-03,-0.4420010467502511,26.27,5.95,0.3,1.9631901840490684,166.2,-3.0820310657106,1.6624044816785366,-0.13387129281533516,-0.3184197943385314
1999-08-04,-1.274417777590664,27.4,5.96,0.32,1.9631901840490684,166.2,-0.2604630597788482,2.1075138617651312,1.9719144661457078,1.0074099926280944
1999-08-05,0.6419836489572894,27.01,5.88,0.33,1.9631901840490684,166.2,-1.1836651331101788,0.7520689632102728,0.4110514934521081,1.6525780920713995
1999-08-06,-1.0215285164940968,26.6,6.02,0.33,1.9631901840490684,166.2,2.106454239100808,2.793218835641409,4.379788313454713,2.710163823125389
1999-08-09,-0.1914949864701198,27.66,6.13,0.34,1.9631901840490684,166.2,2.540450721426324,4.8096717157133595,4.056857787244805,0.7535758097245937
1999-08-10,-1.261364963884004,28.45,6.16,0.37,1.9631901840490684,166.2,4.895310538962949,6.404559191615133,4.89452939873638,2.2693361975141935
1999-08-11,1.5997751840323593,25.39,6.05,0.29,1.9631901840490684,166.2,2.3741607332338432,6.1339689581583645,3.512475984282326,-1.6529320810983905
1999-08-12,-0.2895715880053773,25.03,6.08,0.3,1.9631901840490684,166.2,1.9589211631133363,4.918498020645434,4.121217615038297,-1.6022715443761326
1999-08-13,2.2739892427749764,22.31,5.98,0.27,1.9631901840490684,166.2,0.672596655773039,1.5508228629904641,1.2389996464809094,-3.341919236729496
1999-08-16,0.2327342202419924,23.07,5.98,0.23,1.9631901840490684,166.2,2.213000799510678,-0.5072251328878896,0.4147989096714433,-3.6497717596977064
1999-08-17,1.006185475470356,21.67,5.89,0.21,2.269938650306736,166.7,1.4388142281075433,-1.7669027047433339,-1.9484334313321305,-5.638468421563592
1999-08-18,-0.8421667116656484,23.3,5.88,0.22,2.269938650306736,166.7,3.672614454658918,-0.1328006044716945,-1.0773975660854695,-3.7611420851984656
1999-08-19,-0.6940068003068123,24.39,5.9,0.24,2.269938650306736,166.7,2.9027149598781943,-0.33847192744268506,0.8937872324884077,-3.0810075838924145
1999-08-20,0.9836898032980156,22.95,5.88,0.23,2.082057562767892,166.7,0.8723587514289477,1.5434573367627769,-0.08079814355146375,-2.3948653770685113
1999-08-23,1.7664079731794402,22.55,5.89,0.23,2.082057562767892,166.7,-2.6613306635368983,-0.7182676141859412,-3.8699633722644844,-4.327976091010955
1999-08-24,0.2411396220847628,22.4,5.85,0.2,2.082057562767892,166.7,-3.160246851508064,-1.4191401236477774,-3.886321249312452,-2.794277637399145
1999-08-25,1.3414036716171696,20.96,5.73,0.2,2.082057562767892,166.7,-3.670607786972435,-2.4699848687553705,-7.33686030560734,-4.642530529282595
1999-08-26,-1.4314786427535031,21.21,5.75,0.19,2.082057562767892,166.7,-3.1497583796351702,-0.7599045169806473,-6.215080932380889,-1.9082084601453775
1999-08-27,-1.0088024416751051,21.83,5.85,0.2,2.082057562767892,166.7,0.6652948276817394,-0.30706124058715867,-4.818023096003032,-2.5538928884521472
1999-08-30,-1.7986011443339,24.63,5.95,0.22,2.082057562767892,166.7,1.9961882185121516,0.9267246227586234,-3.158567675901247,-2.846636737193986
1999-08-31,-0.2726533812412168,24.45,5.98,0.25,2.082057562767892,166.7,1.7979256155171264,-0.18479589017047493,-3.94120293813357,-2.7424323604362533
1999-09-01,0.807318320327477,22.93,5.99,0.25,2.082057562767892,166.7,1.2463723590842912,-0.945853060195101,-3.633166347597805,-6.228306866099054
1999-09-02,-0.8985223481939197,24.53,6.03,0.29,2.082057562767892,166.7,2.4675765621962054,1.2364441763666134,-2.751849895832481,-4.86836677687813
1999-09-03,2.89058572114822,20.98,5.89,0.25,2.082057562767892,166.7,-0.9659297873546135,-1.5995668484356407,-3.878460333264089,-7.010905541589551
1999-09-07,-0.5002828616424315,23.44,5.95,0.26,2.082057562767892,166.7,-1.0485329054281345,-3.1744971429697677,-3.6358234189523664,-4.460558721852359
1999-09-08,-0.4665057562737273,23.82,5.93,0.26,2.082057562767892,166.7,-1.9477032500408553,-2.502697915963803,-1.39493357582412,-4.4460279414424875
1999-09-09,0.2611322919221726,23.01,5.97,0.26,2.082057562767892,166.7,-2.1652384852904882,-4.990130915393265,-2.22756620882677,-3.3554687758372226
1999-09-10,0.2968107607668857,22.03,5.89,0.25,2.082057562767892,166.7,-1.2014848278199541,-5.496947971330468,-1.1570967738148141,-4.235177145217072
1999-09-13,-0.557094913399947,22.89,5.92,0.26,2.082057562767892,166.7,-0.6398172464490925,-4.524855934182126,-2.2537520468598027,-4.571153714390408
1999-09-14,-0.5832743701749354,23.77,5.96,0.25,2.082057562767892,166.7,-2.1484918818937437,-4.047780519906663,-3.7387137787900704,-2.903065649226122
1999-09-15,-1.370964971962807,24.56,5.94,0.27,2.388242498469051,167.2,-0.5660190371044815,-3.7633615855053537,-2.562371627724702,1.918436399622614
1999-09-16,0.0386966150186962,25.25,5.9,0.27,2.388242498469051,167.2,-2.8874117812185296,-2.7129740353382448,-5.3328951579524215,3.434026303852078
1999-09-17,1.2848176481633056,23.3,5.87,0.24,2.388242498469051,167.2,-4.347700100578078,-3.9395833236210542,-6.030250274900373,1.4618233703811656
1999-09-20,0.0082360117373614,24.03,5.91,0.24,2.388242498469051,167.2,-3.910055899725262,-2.315938468805623,-5.499303732554606,0.9754645039445453
1999-09-21,-2.092807546746256,25.65,5.94,0.27,2.2004889975550057,167.2,-1.9409906648760966,-0.4764512059015735,-1.3282260777736865,3.684066890972848
1999-09-22,0.2240821830718609,25.19,5.92,0.25,2.2004889975550057,167.2,-3.2155431346895247,1.1361999937032463,-1.9932141545862425,4.0409233521691235
1999-09-23,-2.2968138634302138,27.84,5.87,0.24,2.2004889975550057,167.2,0.17962423726913812,2.90766078638256,1.7205182527937124,7.079861041403013
1999-09-24,-0.238208757093894,27.79,5.75,0.2,2.2004889975550057,167.2,0.426666977569945,4.592286814397339,1.3351641021398963,7.866650265683561
1999-09-27,0.4658102109367235,26.4,5.83,0.21,2.2004889975550057,167.2,1.6589846584322165,2.3787383716925348,-0.04849197208475209,6.451930455433885
1999-09-28,-0.0865034458696123,26.06,5.89,0.24,2.2004889975550057,167.2,1.4935287118487572,0.32210483800296785,1.1930050986658447,7.18244250200577
1999-09-29,-1.0786114944122072,26.49,5.97,0.29,2.2004889975550057,167.2,4.496324378251004,1.2479550175141352,5.9039863390242475,9.496249995490814
1999-09-30,1.1305822335372806,25.41,5.9,0.27,2.2004889975550057,167.2,2.723145120461057,-2.692980997862804,6.31841736165637,8.142623264042491
1999-10-01,0.0078036079315113,24.93,6.0,0.27,2.2004889975550057,167.2,4.147922023298634,-2.1764083725793637,5.622926571512998,10.125649584698992
1999-10-04,1.6986082114194057,24.46,5.95,0.25,2.2004889975550057,167.2,0.7080079696631048,-3.258837945361681,3.3694370618476466,7.572551631974567
1999-10-05,-0.2491185084179004,24.79,6.02,0.24,2.2004889975550057,167.2,-1.154185777865313,-0.8558525918667903,4.18043583381662,8.929009653318442
1999-10-06,1.848084625912905,22.06,6.04,0.23,2.2004889975550057,167.2,-3.108596766503058,-3.0942571981984246,2.8720906645165023,6.7317734184709765
1999-10-07,-0.5854843536052923,23.58,6.05,0.23,2.2004889975550057,167.2,-5.272547011652051,-1.1535997655734764,4.054314540956416,7.280317537977821
1999-10-08,1.394918542126744,20.49,6.04,0.24,2.2004889975550057,167.2,-6.072449908758792,-3.1141136803303215,3.1305974379321366,4.590725084015412
1999-10-12,-1.660407166183342,22.84,6.07,0.25,2.2004889975550057,167.2,-3.938957780020569,-2.3708343962640543,3.978552723470141,7.298607783651123
1999-10-13,-2.0936140114967583,25.96,6.12,0.25,2.2004889975550057,167.2,0.3018167115585335,0.8681040555012176,6.838311133005748,9.557491404135199
1999-10-14,-0.1656882114200231,26.05,6.17,0.27,2.2004889975550057,167.2,0.01479962909618493,4.5986423337683435,8.146628716155169,9.058390873448996
1999-10-15,-2.805785209254485,28.75,6.09,0.27,2.2004889975550057,167.2,4.348208588048097,9.260789665462088,11.135480639549055,10.69871599200285
1999-10-18,0.5387138566304905,28.19,6.12,0.27,2.2004889975550057,167.2,3.1495937300129118,7.972856868512435,12.575757803018561,10.803968008409548
1999-10-19,0.5733011233489904,26.56,6.18,0.26,2.6283618581907087,167.9,1.6324238708190775,6.851556117824753,11.196257464034653,11.06462937045125
1999-10-20,2.228626250189558,23.9,6.19,0.25,2.6283618581907087,167.9,0.564583337080693,5.079763715099794,9.869329154554363,10.513931335608383
1999-10-21,-0.4513675125397465,24.02,6.2,0.27,2.6283618581907087,167.9,4.583164413338103,6.156856848946202,10.139781536751947,10.242792134021128
1999-10-22,1.405414360153889,21.64,6.21,0.25,2.6283618581907087,167.9,4.707872941842384,5.26869394755769,8.532346431988614,7.6333537641948945
1999-10-25,-0.616142540684872,23.6,6.22,0.24,2.6283618581907087,167.9,4.675988497951877,6.445429107866518,7.952488290114834,7.894078345596367
1999-10-26,-0.9059754844034208,24.26,6.24,0.22,2.6283618581907087,167.9,5.13530234567614,6.503576139844847,9.90425568027713,9.208573020037125
1999-10-27,1.1545214845972485,24.2,6.19,0.25,2.6283618581907087,167.9,4.48983153729654,5.918825513186521,8.614603625198281,8.646809090871855
1999-10-28,3.5266159624229187,21.34,6.12,0.25,2.6283618581907087,167.9,1.5047282652382643,3.3920004153260574,4.2636772716895255,4.810980658028208
1999-10-29,1.526333631225496,22.2,6.02,0.23,2.6283618581907087,167.9,0.5356053847324516,1.7157948243161636,1.316049729224411,2.356266750484992
1999-11-01,-0.646405776273129,22.09,6.06,0.23,2.6283618581907087,167.9,1.690397803073318,4.263016713646328,2.6220581931483133,3.76815960023944
1999-11-02,-0.4711550605425052,23.1,6.04,0.23,2.6283618581907087,167.9,1.3014408706125913,4.066109567388065,3.9429217558429652,4.661427273619423
1999-11-03,0.5334904008682084,23.16,6.01,0.22,2.6283618581907087,167.9,1.3675914247980536,4.558028368278766,5.171469204329493,4.2711301704178695
1999-11-04,0.5690301810328702,23.0,5.95,0.21,2.6283618581907087,167.9,1.8592948154654065,3.7519240923581387,3.8489603086957924,3.4666402882727265
1999-11-05,0.5570044721070921,21.66,5.92,0.2,2.6283618581907087,167.9,1.173901957487944,3.1003068073180318,2.246308686811682,4.006562147988313
1999-11-08,0.4948095862386203,21.87,5.95,0.21,2.6283618581907087,167.9,2.52985430891417,1.4158045064773361,1.3609313710050364,3.6893996342081126
1999-11-09,-0.8518442411864946,22.7,5.97,0.2,2.6283618581907087,167.9,2.729150417817494,3.1930191113648254,2.5398178899086465,6.197609613183275
1999-11-10,0.599139477989552,22.26,6.0,0.19,2.6283618581907087,167.9,3.147393460411463,2.5451359557193687,2.5755417551771798,5.475367856271873
1999-11-12,1.0568599937085257,21.65,5.93,0.15,2.6283618581907087,167.9,1.8580820536030052,0.8430795930651769,1.372427496326667,4.412415870416564
1999-11-15,-0.119625508589849,22.74,5.94,0.15,2.6283618581907087,167.9,1.904053132832173,-0.3930019873336188,0.6296681132709647,4.9534165881471415
1999-11-16,1.8416606093596852,20.73,5.97,0.12,2.6283618581907087,167.9,-1.0865613824830644,-1.573864417336801,-0.4746238206074227,3.1266082723663935
1999-11-17,-0.6591214310268323,20.96,6.04,0.14,2.8117359413202925,168.2,0.4515453419605908,-0.11837457175749577,0.5720572323748341,4.149686376609751
1999-11-18,1.0087105686340525,19.76,6.06,0.16,2.8117359413202925,168.2,-0.5838804883840809,0.5866989322809157,-0.2743913617521798,2.1250038978479546
1999-11-19,-0.2063203732887597,19.11,6.07,0.15,2.5609756097561,168.2,-0.9964869159854173,0.09352714871220247,-0.2749672418908333,-1.5879012696686012
1999-11-22,-0.0745470178445839,19.98,6.09,0.14,2.5609756097561,168.2,-2.2541351884910688,-0.8283177295508537,0.8790035342610025,-1.3251760687402747
1999-11-23,-1.14712285036348,21.0,6.08,0.15,2.5609756097561,168.2,-0.49265604518923256,-0.05410708492560312,2.2418548457952436,-0.08472373449084358
1999-11-24,0.8856319965627302,20.26,6.09,0.12,2.5609756097561,168.2,-0.5673580349390916,-0.6329897381442517,2.9116218593971954,1.7211459765715365
1999-11-26,-0.0324583616848728,22.33,6.12,0.13,2.5609756097561,168.2,1.1774543468559218,0.029651137691133478,2.8575045254391807,2.892799805875934
1999-11-29,-0.620493787522236,23.57,6.21,0.17,2.5609756097561,168.2,1.10098523854667,0.5249223897143995,3.539495512983981,2.1827993080343555
1999-11-30,-1.343906754763291,24.18,6.18,0.17,2.5609756097561,168.2,1.4586984950102133,1.0267050719413362,5.367513008273628,3.1204300317341893
1999-12-01,0.634305772629884,22.23,6.21,0.17,2.5609756097561,168.2,0.440720194946409,1.1168177946051294,4.775634705027576,3.7174887743554264
1999-12-02,0.8098953006788978,21.77,6.24,0.18,2.5609756097561,168.2,-0.06600619465406687,0.6912500684405964,4.273119234962319,3.982142721004278
1999-12-03,1.721740269479244,19.32,6.17,0.18,2.5609756097561,168.2,-1.1344456297841865,-0.8560677536627703,1.5293323887710653,1.5237539298327496
1999-12-06,-0.6956040210554071,20.58,6.16,0.18,2.5609756097561,168.2,-0.5697895499960359,-0.36815007033925706,-1.6798572957496427,2.2883006305618903
1999-12-07,-0.9948439607513572,21.09,6.11,0.16,2.5609756097561,168.2,-0.4257825395721504,1.7215814280087116,-0.501008279595827,2.583073810016545
1999-12-08,-0.3754010444111721,21.25,6.15,0.17,2.5609756097561,168.2,0.6731309755112269,2.2972048813169055,-0.03063322430987281,2.669742452231838
1999-12-09,0.3013064118042585,21.19,6.14,0.18,2.5609756097561,168.2,0.7577564292784,3.5671915540183674,2.36913207765046,-0.46728992217490717
1999-12-10,0.63418722996329,21.48,6.08,0.15,2.5609756097561,168.2,0.2815721591758802,2.827015145594669,2.8622999636814583,-0.4946938387331956
1999-12-13,-0.1284415619320911,21.72,6.11,0.15,2.5609756097561,168.2,0.2027949842851262,2.9988315848508584,1.6492197943637432,-0.7864505245274933
1999-12-14,-0.8514525661919348,23.06,6.22,0.15,2.682926829268295,168.4,2.1565461646075645,4.296693565568854,2.0724470409105633,-0.3285407475347668
1999-12-15,0.7240684871527181,22.03,6.25,0.15,2.682926829268295,168.4,1.6132148569023341,3.6184059093458787,2.571947017787868,-3.762031763865137
1999-12-16,0.3856193112471429,21.91,6.31,0.16,2.682926829268295,168.4,2.7883065525698747,3.557279469752439,3.2683005229618756,-1.714153558492515
1999-12-17,0.1585869517147786,21.35,6.3,0.15,2.495435179549599,168.4,2.5382958519821086,2.4059971078280062,2.4003704811530913,-0.8268650033956382
1999-12-20,-0.2068966465133215,23.78,6.36,0.15,2.495435179549599,168.4,2.790377854234749,-1.3165541203304598,2.6662665631286497,-0.6325389022787786
1999-12-21,1.081742926073903,22.66,6.38,0.17,2.495435179549599,168.4,2.0949684394309775,-2.1849736077663273,0.8469121005728386,-0.590198523179386
1999-12-22,0.1883559762742015,22.43,6.39,0.15,2.495435179549599,168.4,1.973356571059548,-2.2755637442171683,0.36417179858150295,-0.8188680499425893
1999-12-23,1.546514651318942,21.12,6.41,0.17,2.495435179549599,168.4,0.7481132270519941,-1.1567944040879574,-3.8955207876705145,-2.338273405731961
1999-12-27,-0.0850275150813373,23.07,6.4,0.19,2.495435179549599,168.4,-0.12902373991574567,0.034314735322071854,-3.230385497064725,-1.0555215936110862
1999-12-28,0.0384365248187412,22.97,6.43,0.2,2.495435179549599,168.4,-3.9954439902820105,-1.3103175732389616,-3.675072863579043,-3.1523175613472842
1999-12-29,0.3978929669342657,23.09,6.4,0.19,2.495435179549599,168.4,-4.192118487931595,-2.1326146099348353,-4.4346893031616545,-3.1862849772083868
1999-12-30,0.069015196355493,24.76,6.39,0.2,2.495435179549599,168.4,-4.166696535399295,-1.0099160302403876,-7.122709144616701,-5.281772732342127
1999-12-31,0.326399953054679,24.64,6.45,0.21,2.495435179549599,168.4,-1.8907625861408817,-0.27905227741616967,-5.090354879190007,-5.3979961608813465
2000-01-03,-0.9549109611621588,24.21,6.58,0.2,2.495435179549599,168.4,0.1635494929101755,-0.005494430828123509,-3.1569070196344584,-3.6537377816021177
2000-01-04,-3.834466807849768,27.01,6.49,0.19,2.495435179549599,168.4,2.7968739491605277,4.035956231519955,0.693140791704594,-0.83963353610923
2000-01-05,0.1922182991367149,26.41,6.62,0.24,2.495435179549599,168.4,2.1496184296041942,3.099611399358504,1.6303988695888005,-0.9877952322309258
2000-01-06,0.0955678109643143,25.73,6.57,0.22,2.495435179549599,168.4,3.2940328581336775,2.701203142159314,1.4906156024905082,-4.087070244554569
2000-01-07,2.7090399268961063,21.72,6.52,0.21,2.495435179549599,168.4,1.642771212180505,-2.770778595322887,-1.1953062373088907,-6.195059805113557
2000-01-10,1.1189969413615053,21.71,6.57,0.19,2.495435179549599,168.4,-0.16876790468597358,-3.263580343429906,-1.0894624827657462,-6.648602895367739
2000-01-11,-1.3062511876438363,22.5,6.67,0.22,2.495435179549599,168.4,1.2053696136443248,-2.396152497597692,-1.8664564955665708,-5.917723377224138
2000-01-12,-0.4386371327394056,22.84,6.72,0.23,2.495435179549599,168.4,0.9300014864069173,-2.3522388833129293,-1.0766307519854301,-6.904521881545589
2000-01-13,1.2169700618563484,21.71,6.63,0.23,2.495435179549599,168.4,-0.5739244558188306,-6.17515701496294,-4.315439012463873,-7.010512741942998
2000-01-14,1.0671299962722536,19.66,6.69,0.25,2.738892270237381,168.8,-4.342217114771563,-4.8247662217957625,-5.133268385801637,-6.7385577465511215
2000-01-18,-0.683207152771137,21.5,6.75,0.28,2.6139817629179385,168.8,-3.1000443185847604,-3.1515857505053924,-3.64844381199555,-5.219434039172954
2000-01-19,0.0522293221253189,21.72,6.73,0.27,2.6139817629179385,168.8,-3.558627496733602,-3.213134728512834,-4.686446824960367,-5.092383639341946
2000-01-20,-0.7095321074094607,21.75,6.79,0.3,2.6139817629179385,168.8,-3.2519967515921344,-1.425041772542368,-3.9645218600841803,-2.5180312054212117
2000-01-21,-0.2912319081001535,20.82,6.79,0.31,2.6139817629179385,168.8,-5.633564966219695,-1.178747183704476,-6.60973112195925,-3.4744932954740904
2000-01-24,-2.763359359179973,24.07,6.69,0.26,2.6139817629179385,168.8,-0.5044535765617475,1.6203692010005044,-3.5218642711726367,-3.2757082060324128
2000-01-25,0.6064800483985611,23.02,6.7,0.26,2.6139817629179385,168.8,-0.053190356546783946,2.2474657097943274,-3.4992224892705703,-3.072989739559384
2000-01-26,-0.421272125638672,23.03,6.69,0.24,2.6139817629179385,168.8,0.35824123947330033,0.5426999197117643,-3.6080246524500703,-0.17093095688204274
2000-01-27,-0.393842799334565,23.54,6.68,0.17,2.6139817629179385,168.8,1.8883645322983478,1.3063362812826274,-4.6619430350202995,-0.24955040602233636
2000-01-28,-2.745682902790292,26.14,6.66,0.08,2.6139817629179385,168.8,4.720765154390483,1.9821168289039015,-0.8903353316703888,1.7247941674488398
2000-01-31,2.521756697438837,24.95,6.68,0.07,2.6139817629179385,168.8,2.1355958672957476,-0.3241412201043792,-2.010808325635649,-2.532158506702298
2000-02-01,1.062781920924527,23.45,6.62,0.02,2.6139817629179385,168.8,2.301880444756965,-0.5130265325875016,-2.135139025963284,-1.2162249015185256
2000-02-02,-0.0113557402617425,23.12,6.6,-0.03,2.6139817629179385,168.8,0.18380023200914586,-1.5222231780261497,-1.9416363011218518,3.50218404088678
2000-02-03,1.1248137590027962,22.01,6.49,-0.07,2.6139817629179385,168.8,-0.5712411360094038,-2.576191898232494,-1.108790155768391,2.7719882391985307
2000-02-04,-0.0421044371651913,21.54,6.53,-0.1,2.6139817629179385,168.8,-2.615191286512264,-5.495765114768137,-2.323129940517288,2.2648616494460594
2000-02-07,-0.0091271848787988,22.79,6.64,-0.04,2.6139817629179385,168.8,-2.4083054164544593,-5.060238919228944,-4.818007891064391,4.888923591546912
2000-02-08,1.2273198750635703,21.25,6.59,-0.1,2.6139817629179385,168.8,-2.751569145265631,-5.620372259763917,-5.203508382745248,4.0867883599183585
2000-02-09,-2.081542211764542,22.9,6.56,-0.13,2.6139817629179385,168.8,-1.7028934878537516,-4.128320181849487,-0.7097789070351967,8.191485350974158
2000-02-10,0.3626803847007975,23.07,6.67,0.0,2.6139817629179385,168.8,-2.0164696664530246,-5.891318880323226,-1.5358236655454105,7.808276809086823
2000-02-11,-2.096932014356223,24.42,6.63,-0.02,2.6139817629179385,168.8,-2.957929338579579,-2.816623394269613,-0.2523213573677574,9.857834269256816
2000-02-14,0.2032950501030139,24.38,6.56,-0.06,2.6139817629179385,168.8,-2.7173762215023767,-1.6921520678901625,-2.2151976553055452,8.474469691354368
2000-02-15,0.8712683952101452,22.92,6.56,-0.1,2.6139817629179385,168.8,-2.949973680072604,-1.6304772744012874,-0.7068245664960449,7.593878035389379
2000-02-16,-1.025641338184169,23.51,6.56,-0.07,2.6139817629179385,168.8,-2.46744464822678,-0.4258962139792266,5.102072143643088,7.224339852071626
2000-02-17,0.042514848748576,23.17,6.58,-0.11,2.6139817629179385,168.8,-3.954592369431653,1.5062044597264013,5.48960284106772,7.9466343129547035
2000-02-18,-3.03761857639564,26.0,6.49,-0.17,2.7963525835866143,169.1,0.14561307621205888,3.357135453351656,8.211935447801789,11.877363990703405
2000-02-22,0.4516843806420256,25.86,6.36,-0.21,2.733900364520059,169.1,1.0538615364101833,0.2551418135110728,10.47944759657813,10.543047981412323
2000-02-23,0.6300906826835595,23.89,6.44,-0.17,2.733900364520059,169.1,1.3596043769443122,0.4416884098823015,10.285228763986654,9.309986783617763
2000-02-24,-0.5335445992795007,24.38,6.36,-0.16,2.733900364520059,169.1,2.093196909364514,3.565746716129925,12.8503073652114,10.928522807944564
2000-02-25,-1.482903996726348,25.2,6.36,-0.09,2.733900364520059,169.1,5.68564074418072,4.628154558067821,14.557207184731924,13.723974938855488
2000-02-28,1.10173273819143,24.68,6.37,-0.1,2.733900364520059,169.1,3.2068527801568436,2.638622083800546,13.041795938976563,11.602678420237012
2000-02-29,1.3627086867551208,23.37,6.42,-0.11,2.733900364520059,169.1,-0.7903901055887119,-0.5320486598146212,10.341617656268332,9.819083265758199
2000-03-01,0.9345513861218402,21.64,6.39,-0.13,2.733900364520059,169.1,-0.9056033443543998,0.93896227440462,9.377249227407546,6.37911428279101
2000-03-02,0.1863462226787016,21.06,6.4,-0.12,2.733900364520059,169.1,1.4423584052056793,5.551612464925215,7.682957491127218,4.25182373095061
2000-03-03,1.9837044049593635,19.21,6.39,-0.11,2.733900364520059,169.1,-1.0005958980488394,3.9242905421823515,6.344863240141718,-3.7334021949734453
2000-03-06,-1.2695426449990443,21.5,6.42,-0.13,2.733900364520059,169.1,-0.5505745801266504,4.69711159578452,8.243483625953552,0.7302564469720441
2000-03-07,-2.563109757114057,24.31,6.39,-0.09,2.733900364520059,169.1,0.2603996185944313,10.198285692005381,10.261724218632317,6.343222329568943
2000-03-08,0.8173349533495022,23.82,6.38,-0.12,2.733900364520059,169.1,1.861422725211126,9.800253769067302,8.829300377295212,4.446478503137596
2000-03-09,2.5601808359159595,22.21,6.35,-0.13,2.733900364520059,169.1,4.050826621464543,8.964895193127997,7.109277270983916,2.343606577021773
2000-03-10,-0.4722866963392746,21.24,6.39,-0.16,2.733900364520059,169.1,4.974662711261857,9.489847803015161,8.693473013269637,2.493784570088642
2000-03-13,-0.8207438775620024,22.85,6.36,-0.16,2.733900364520059,169.1,5.2767385570661185,10.135730238742102,8.733609390349816,6.780759646445911
2000-03-14,-1.7685470569578254,24.41,6.31,-0.17,2.733900364520059,169.1,9.912075067739767,10.93182896558762,10.406499567053018,7.492915718720372
2000-03-15,2.427251564712085,22.34,6.29,-0.21,2.733900364520059,169.1,7.793756293069398,8.359791663067906,5.389546202780648,5.227924528500383
2000-03-16,4.764603801108192,20.77,6.26,-0.24,2.733900364520059,169.1,4.7227578398207015,2.0192444022683276,-1.2314248012142426,-0.4141269353167609
2000-03-17,0.4113900265706238,22.37,6.2,-0.3,3.280680437424066,170.0,4.301214193154945,2.3291693263730817,-7.3685302032902245,0.25811586256425656
2000-03-20,-0.5353449355160467,22.96,6.18,-0.34,3.217972070431085,170.0,4.615446629781483,3.387268259950571,-3.7888869027521643,-0.7098553363347193
2000-03-21,2.556585413560186,21.7,6.13,-0.37,3.217972070431085,170.0,0.9277905973655631,0.05756761661812604,-3.4982970363177657,-5.272883168462794
2000-03-22,0.4531866597078826,21.49,6.13,-0.37,3.217972070431085,170.0,0.5251096069604833,-0.8842906627649416,-4.875922488475992,-6.068748498667098
2000-03-23,1.7799046191472767,22.26,6.08,-0.44,3.217972070431085,170.0,-2.5815911396141145,-1.7029502197521418,-6.076533735356405,-6.201589171911126
2000-03-24,0.007201057604389,23.31,6.2,-0.44,3.217972070431085,170.0,-1.8907209106212686,-0.7273503486627475,-6.389691257506636,-6.762201277524305
2000-03-27,-0.235683793880137,24.53,6.21,-0.45,3.217972070431085,170.0,-1.173993334060175,-1.273084443488881,-3.0462145073389513,-7.331380295897116
2000-03-28,-1.058496517912777,24.86,6.17,-0.43,3.217972070431085,170.0,-0.8622233535449553,-0.47356056727199114,-3.10002393265697,-8.269380675302552
2000-03-29,0.052399240761547,24.1,6.18,-0.41,3.217972070431085,170.0,-1.4020380333192306,-2.741095580474062,-2.8902483905706156,-6.676077190463426
2000-03-30,-1.3655752206946925,25.47,6.06,-0.46,3.217972070431085,170.0,0.9019249340452618,-3.1863294249317775,-2.385208155424201,-4.500247394360224
2000-03-31,0.7164304394414511,24.11,6.03,-0.47,3.217972070431085,170.0,1.1857905518791068,-9.47696496854482,-2.023913100675434,-3.084251228396806
2000-04-03,0.4931344916619062,24.03,6.0,-0.45,3.217972070431085,170.0,-0.10026825202363865,-6.941043402616498,-3.96288988503275,-2.6514427523400164
2000-04-04,-0.7463621754109195,27.12,5.9,-0.45,3.217972070431085,170.0,0.3920430732061053,-3.5538188041514207,-5.3273839371202225,-3.139692938112326
2000-04-05,-0.4923956465537893,28.41,5.9,-0.45,3.217972070431085,170.0,-1.3580986061429656,-4.02724437165638,-5.230712538476034,-3.3723978797713827
2000-04-06,0.9392397822321596,27.15,5.93,-0.45,3.217972070431085,170.0,-4.051710967505673,-4.449353795848232,-4.57657575910585,-6.287051353945983
2000-04-07,0.999774208863058,24.39,5.86,-0.52,3.217972070431085,170.0,-10.537799292042893,-5.703827719649879,-6.0790670442030015,-7.625548636167023
2000-04-10,-0.7841207399263528,25.99,5.8,-0.51,3.217972070431085,170.0,-6.847641160689532,-1.7959945916016573,-6.136417630651591,-8.680854191995568
2000-04-11,-0.2572348362648302,27.25,5.89,-0.47,3.217972070431085,170.0,-3.930452809372742,-2.638960441421434,-7.832913698575439,-6.766666398217591
2000-04-12,-2.227118842336828,28.98,5.97,-0.43,3.030303030303028,170.0,-2.7058944807400565,-0.1533564571663315,-4.0458831337600305,-5.8377708001551625
2000-04-13,-1.8171059509909937,29.4,5.94,-0.46,3.030303030303028,170.0,-0.41443451712607215,0.8274877553438031,-1.3571616091238692,-4.338046234371051
2000-04-14,-5.827793670488546,33.49,5.85,-0.42,3.75757575757576,171.2,5.403367605692089,8.233320795397049,7.061974598980947,4.8571305163169765
2000-04-17,3.308359444035513,28.95,6.01,-0.32,3.75757575757576,171.2,5.422993719141411,3.2002868143779173,4.609551629549524,1.3671676975655078
2000-04-18,2.866340737013995,26.12,6.05,-0.28,3.75757575757576,171.2,1.3443306497413543,-1.8389169078320333,0.4293854467894098,0.49944668220591737
2000-04-19,-0.980848828193237,27.02,5.99,-0.34,3.75757575757576,171.2,2.6235279207828643,-1.2539685444483029,0.6823254032851667,3.4879920477749016
2000-04-20,0.495286661329386,25.85,5.99,-0.39,3.75757575757576,171.2,1.2470906465690934,-0.13314610451278241,-1.9232706748747441,2.306660317542386
2000-04-24,-0.3262407171288117,27.37,6.0,-0.36,3.75757575757576,171.2,2.6848792917999242,-0.3979369633769436,-2.0379628038386444,1.9568335889804445
2000-04-25,3.327595466837896,25.24,6.14,-0.34,3.75757575757576,171.2,-2.1083701252926246,-4.419802452048193,-7.0107726988955505,-0.41151967564247993
2000-04-26,-1.1134091282396064,26.97,6.14,-0.36,3.75757575757576,171.2,-3.14102183828624,-5.334734798131436,-4.2395869800801345,0.046547458605683545
2000-04-27,0.2689993591473483,26.19,6.23,-0.4,3.75757575757576,171.2,-3.778369876568921,-3.8985052861830183,-5.693145148690193,-0.5440633300348607
2000-04-28,-0.8526055934586774,26.2,6.23,-0.45,3.75757575757576,171.2,-1.3632359628979018,-2.1667200215963356,-5.123140628326361,-0.44271004269765823
2000-05-01,1.0892053802276314,25.88,6.29,-0.44,3.75757575757576,171.2,-3.0022105264558285,-1.0822417604929524,-3.1193631076536943,0.081044876979397
2000-05-02,-1.495655435893073,28.5,6.32,-0.4,3.75757575757576,171.2,-2.3612154887133863,1.365562886183036,-1.7762732773306755,1.676703796958945
2000-05-03,-2.156556612723426,31.63,6.4,-0.33,3.75757575757576,171.2,-2.2648524705501383,2.3107959724645966,2.3821697116385154,4.496502436618699
2000-05-04,-0.3907871805725382,30.77,6.46,-0.31,3.75757575757576,171.2,-0.12485281059984032,1.9608828012547264,4.8021783987924005,3.89409655001125
2000-05-05,1.6359641218557153,27.53,6.51,-0.33,3.75757575757576,171.2,-0.8145888265314705,-1.7925112292366263,2.4430592602912027,3.725316022649716
2000-05-08,-0.5905195974303279,28.2,6.57,-0.3,3.75757575757576,171.2,1.9793943515450163,-1.6465781836854654,2.3641784924590903,3.6357952792715142
2000-05-09,-0.8447045595446401,28.93,6.53,-0.33,3.75757575757576,171.2,3.8169036961593905,-2.710781431004594,4.193633073832848,4.743863182083441
2000-05-10,-2.059991609794776,29.87,6.47,-0.37,3.75757575757576,171.2,4.681681624960943,1.1568634131177147,5.68453724316067,4.998373337348583
2000-05-11,1.790246837893128,27.76,6.43,-0.39,3.75757575757576,171.2,2.088342966743517,-1.8674421952035725,3.4905200654135715,2.39165231626719
2000-05-12,0.9340679350512192,26.05,6.51,-0.4,3.75757575757576,171.2,-0.9859538727876371,-3.0218966463995134,1.7621917401514642,2.417386738581051
2000-05-15,2.209775453021612,24.86,6.47,-0.41,3.75757575757576,171.2,-3.555593321853834,-2.0594091328154707,1.1760139515654355,-0.12462037936128434
2000-05-16,0.9419189353131464,24.34,6.43,-0.46,3.0084235860409203,171.2,-6.287690053123274,-3.099510399840122,0.3069493247181754,-0.7653333111292127
2000-05-17,-1.244167263401552,23.98,6.48,-0.42,3.0084235860409203,171.2,-3.3671776734266023,0.06976168887702361,2.136340005352233,-0.3736727446629895
2000-05-18,-0.731460666767958,23.96,6.56,-0.37,3.0084235860409203,171.2,-3.8748646975646617,2.786652605858664,1.8960347298334401,1.2099842835137764
2000-05-19,-2.1054689703017493,25.44,6.51,-0.35,3.0084235860409203,171.2,-2.0562161160408654,4.312879335927744,5.618540216180601,4.448636416561436
2000-05-22,-0.4428004324930623,26.0,6.44,-0.37,3.0084235860409203,171.2,1.5513436606348963,4.07790252954805,5.370808016036666,3.249044114276467
2000-05-23,-1.917584236203862,25.87,6.45,-0.38,3.0084235860409203,171.2,3.4020926974166477,7.096793053118189,7.662354290369144,6.027547164681368
2000-05-24,1.8335247947494748,24.32,6.47,-0.32,3.0084235860409203,171.2,3.556699762621429,4.475893851663093,3.7975771436708383,5.707442392988127
2000-05-25,-1.2529951527866068,24.58,6.39,-0.32,3.0084235860409203,171.2,6.930047258154115,5.459923169714109,4.340144195510454,6.811336372661958
2000-05-26,-0.2533441391017632,24.47,6.33,-0.36,3.0084235860409203,171.2,6.502807222063756,4.9331634885736,5.608774761399449,7.464331714611228
2000-05-30,3.224186224503356,23.62,6.38,-0.36,3.0084235860409203,171.2,2.487962027717172,3.303454732847566,1.9754718001220084,4.954135132514215
2000-05-31,-0.1300555836367678,23.65,6.29,-0.4,3.0084235860409203,171.2,3.5731388594941293,3.5154205501069846,2.408839313756239,5.296353056978109
2000-06-01,1.9857865333396951,22.36,6.2,-0.41,3.0084235860409203,171.2,0.8876239694280308,2.0651376415788514,-0.44312530184558163,4.222080148613316
2000-06-02,1.963677088181548,21.48,6.15,-0.37,3.0084235860409203,171.2,-1.3748465713203761,-0.8664723030142651,-1.5339232112079326,2.249433427364078
2000-06-05,-0.6518828655180609,22.71,6.12,-0.37,3.0084235860409203,171.2,-1.4738050333428232,1.2516775383489165,0.1301441217018473,1.779057750570212
2000-06-06,-0.6670645210256287,23.05,6.14,-0.37,3.0084235860409203,171.2,0.7956960885902697,1.2422478307742457,-0.7963827048073191,1.6545022555761513
2000-06-07,0.9274008017500446,22.48,6.13,-0.39,3.0084235860409203,171.2,-0.05572710262788938,0.5280841947997716,-0.9983920694119242,1.6454138469529367
2000-06-08,-0.6585704044367313,22.77,6.13,-0.43,3.0084235860409203,171.2,1.1671537358314943,-0.6492566686774004,1.178787274195181,1.2670368074965355
2000-06-09,-0.322924643149769,22.14,6.13,-0.43,3.0084235860409203,171.2,0.5154610671138427,-1.0618052247218235,1.2814471719015286,0.5037982179635581
2000-06-12,-0.7515667345379673,22.32,6.09,-0.43,3.0084235860409203,171.2,2.7662517289073207,0.6438491420297288,2.4121718452843943,1.9688776419864995
2000-06-13,1.62101946101314,21.67,6.11,-0.38,3.0084235860409203,171.2,0.44302659688117974,-1.2855164777981654,1.5978946724826582,-1.1582574409029323
2000-06-14,0.074865098276633,21.48,6.06,-0.38,3.0685920577617543,171.3,0.5841368199527963,-1.0690013434424772,1.7204514046378128,-1.422609612088488
2000-06-15,0.556934268275433,20.68,6.05,-0.39,3.0685920577617543,171.3,-1.7954546880422417,-2.4575119393192124,2.1132999542008424,-3.9790879063438367
2000-06-16,-0.965018611898738,20.5,5.99,-0.39,3.0685920577617543,171.3,-1.5691777912479887,-0.6732847339336212,3.14314016939099,-2.2964099927514914
2000-06-19,1.470852029898495,20.63,6.0,-0.4,3.0685920577617543,171.3,-2.0652719654273177,-1.1076689729138445,0.5208607156376166,-3.223420216289541
2000-06-20,-0.676315533521199,20.88,6.03,-0.4,3.0685920577617543,171.3,-1.7209189460376417,-2.0136164291700953,0.40719604081784766,-2.5237983151410015
2000-06-21,0.2154580992677068,20.61,6.11,-0.39,3.0685920577617543,171.3,-1.6435376548037839,-1.5184575299910574,1.111460206471282,-1.7963225816089001
2000-06-22,-1.8220136893247751,22.0,6.12,-0.38,3.0685920577617543,171.3,-0.674161515817695,1.8399902019618164,1.9288164455733003,0.7402663307851443
2000-06-23,-0.7368282751745725,22.34,6.19,-0.36,3.0685920577617543,171.3,0.9101753263976109,2.368400193621545,1.582405507035367,2.6250774435318425
2000-06-26,0.9594360180085636,22.45,6.11,-0.39,3.0685920577617543,171.3,0.9777971632038529,1.7570102081043926,1.3165518918964114,1.8889438763955546
2000-06-27,-0.3270787374495709,21.8,6.1,-0.4,3.0685920577617543,171.3,-0.2978227716351478,2.920960579844656,0.12891627687701135,1.5387229352819887
2000-06-28,0.2943640217300425,20.29,6.11,-0.32,3.0685920577617543,171.3,0.12717021518500182,2.8195942484761316,-0.35742919150505426,0.3732457562730662
2000-06-29,-0.8543965644911,19.7,6.04,-0.33,3.0685920577617543,171.3,2.5312162033043206,4.685970169918741,-1.5599109652381093,2.0417467448326176
2000-06-30,0.846508975623772,19.54,6.03,-0.35,3.0685920577617543,171.3,1.4450721768218378,3.8422944855284635,-1.6341275904171337,2.5409104652929893
2000-07-03,1.0270908653456037,19.83,6.0,-0.31,3.0685920577617543,171.3,0.7716677000203953,1.646770453924673,-2.1394492590089964,1.0132432089387855
2000-07-05,-1.5862145960052088,21.16,5.99,-0.3,3.0685920577617543,171.3,3.2283982566472025,2.4705600735208666,-0.5206661041858851,2.3246645119534115
2000-07-06,0.721881278742309,20.94,6.05,-0.29,3.0685920577617543,171.3,2.689004420583152,2.6704676536349448,-0.2821493699719846,2.704792516844634
2000-07-07,1.5260820774855244,19.22,6.01,-0.28,3.0685920577617543,171.3,2.1015589655562605,0.08722137878780511,-1.0798546513955287,0.8668568583019454
2000-07-10,-0.2217884402412218,20.33,6.04,-0.27,3.0685920577617543,171.3,2.363074181196523,-0.7678098759964058,0.2507387528034366,1.616946465249569
2000-07-11,0.3564609982942945,20.11,6.06,-0.26,3.0685920577617543,171.3,0.8684015794095279,-0.4328530440381617,0.12965560605733284,1.1648479244181331
2000-07-12,0.8130327253255576,20.03,6.09,-0.25,3.0685920577617543,171.3,-0.7341373071024226,-2.7128043570887828,-1.3430088844636812,0.8741209424267815
2000-07-13,0.1955846119718218,20.03,6.01,-0.3,3.0685920577617543,171.3,-0.018051364946791715,-3.0899007754334407,-2.379262931432291,0.833651530803925
2000-07-14,0.9452892670027911,19.32,6.1,-0.31,3.0685920577617543,171.3,-1.9728764253717057,-5.966302003046808,-2.525862272465196,-0.233779874073492
2000-07-17,0.0337759289673833,19.45,6.17,-0.29,3.0685920577617543,171.3,-3.058606907067729,-5.2737876248572295,-1.2532311874299595,0.2383316413357317
2000-07-18,-1.1089116848368552,19.75,6.16,-0.28,3.6702767749699374,172.3,-1.2900517932994848,-3.724879497917666,-0.62326352539952,1.077829856012058
2000-07-19,-0.7886264928226638,19.65,6.16,-0.3,3.6702767749699374,172.3,-1.9933006134322584,-2.919107864308179,-0.14237802688187307,1.3920757258355287
2000-07-20,0.9183773995454336,18.94,6.01,-0.31,3.6702767749699374,172.3,-3.0724040213491843,-2.8758192020394535,0.0334320705789537,1.4783733436699587
2000-07-21,-1.028370817491664,18.94,6.01,-0.31,3.6702767749699374,172.3,-4.0737965494161426,-1.1660589774657115,0.7789560632955883,2.7415453240040355
2000-07-24,-1.074179866986824,19.92,6.04,-0.31,3.6702767749699374,172.3,-2.285072090583573,1.0264296570770437,2.4032084127800557,2.9222296027899164
2000-07-25,0.6952127904347849,19.39,6.04,-0.31,3.6702767749699374,172.3,-2.466648751065703,0.5649540709891765,1.6046467306760848,1.2058590307130856
2000-07-26,-1.495447665665084,19.67,6.04,-0.25,3.6702767749699374,172.3,-0.9446367000119693,1.4079915281481226,3.6869449014454325,3.448724494620037
2000-07-27,-0.1927850582755019,19.6,6.02,-0.25,3.6702767749699374,172.3,0.20281615088546534,0.7332959616049628,4.0486516241670545,3.095984122320594
2000-07-28,-2.0508809597612254,20.84,6.04,-0.26,3.6702767749699374,172.3,3.031223448187781,3.658730650679165,6.096242358945703,4.885589334492524
2000-07-31,0.7704780858649007,20.74,6.04,-0.26,3.6702767749699374,172.3,3.388941504137888,4.244396916773918,5.819001021980474,3.5755495587158848
2000-08-01,0.508098079753383,20.55,6.0,-0.27,3.6702767749699374,172.3,3.1082729991686042,3.2216173361747202,4.9885259336817755,3.2549933515351626
2000-08-02,0.0417200192005529,20.0,5.98,-0.25,3.6702767749699374,172.3,2.3750639539175777,2.8602228269031915,4.440815793202546,2.931121524746283
2000-08-03,0.9633772080540836,19.99,5.95,-0.27,3.6702767749699374,172.3,0.5294060896659181,2.99539337033925,4.483118941066877,0.9121825924931937
2000-08-04,0.7139116249160082,18.62,5.91,-0.24,3.6702767749699374,172.3,0.6090456674106681,1.9679626458666055,3.9537068551974475,-1.2591199352687044
2000-08-07,1.120346973291686,19.03,5.97,-0.23,3.6702767749699374,172.3,0.8274148087702438,1.3627906681215274,1.8765385970264337,-1.312760091129428
2000-08-08,0.2352501598989809,18.79,5.93,-0.23,3.6702767749699374,172.3,0.10992749050020567,1.033851871451108,0.6373044821075924,-2.121667249247494
2000-08-09,-0.6696825859147548,19.18,5.81,-0.37,3.6702767749699374,172.3,0.4739033649873825,2.247311418907927,2.0123985651617993,-1.6172470325304111
2000-08-10,-0.8568302130551153,19.19,5.76,-0.4,3.6702767749699374,172.3,2.4530009442946588,3.2912212699024224,2.345488786166783,-0.7895928297808164
2000-08-11,0.7936973682802551,18.55,5.79,-0.46,3.6702767749699374,172.3,1.3506906555383003,2.3514774809280103,1.183555573285755,-2.229178258870712
2000-08-14,1.3398258799452334,17.88,5.78,-0.47,3.6702767749699374,172.3,0.530982432076299,1.5104927955635672,-0.6416146841849546,-4.314281365037342
2000-08-15,-0.4780233180509463,17.98,5.81,-0.47,3.6702767749699374,172.3,0.9229098493139798,1.7117621706629116,0.03233432707387962,-3.89779951417919
2000-08-16,-0.3085411881516564,18.02,5.83,-0.47,3.910950661853185,172.7,1.7650434536004678,1.5366415926973298,0.06892722560247755,-1.456900150631868
2000-08-17,1.0960550711704986,17.48,5.81,-0.49,3.5992801439711952,172.7,0.8181510720837837,1.4444583607523098,-2.0226251967944697,-3.981093041215955
2000-08-18,-0.2907601744642663,17.05,5.78,-0.49,3.5992801439711952,172.7,0.9874494381011178,1.947419716747012,-3.1648004896821846,-3.7198664175702723
2000-08-21,0.5202055290556507,17.35,5.79,-0.49,3.5992801439711952,172.7,0.974336806216991,0.5068407504554839,-2.639578825341471,-4.869689524525922
2000-08-22,-0.0900295838238141,17.47,5.78,-0.49,3.5992801439711952,172.7,0.7816385026222061,-0.3924896279793755,-3.123229553509921,-4.2593138369684365
2000-08-23,0.5233167879129308,17.38,5.73,-0.47,3.5992801439711952,172.7,-0.22444039048364894,-0.22974966332725,-3.7796186499273188,-4.627578422012801
2000-08-24,0.1553874204764049,17.04,5.73,-0.46,3.5992801439711952,172.7,0.6212247318647224,-0.915598123546657,-3.95078502268843,-6.584857522728093
2000-08-25,-0.1233239420022958,16.53,5.73,-0.46,3.5992801439711952,172.7,0.9505837447991716,-1.141089446275867,-4.475417309586294,-7.470841188129906
2000-08-28,0.5071535660706283,16.54,5.78,-0.45,3.5992801439711952,172.7,-0.46298502228212524,-2.1200837671852546,-5.73810056496491,-9.426513769995303
2000-08-29,-0.2806966624138041,16.89,5.81,-0.45,3.5992801439711952,172.7,-1.1650218710931748,-1.6511638455059874,-5.515155342043732,-11.488544689589709
2000-08-30,-0.4801833415544188,17.69,5.81,-0.43,3.5992801439711952,172.7,-0.0053212158011128885,-1.445502179383129,-2.948237893604444,-8.092577902932607
2000-08-31,1.0042718395491868,16.84,5.73,-0.45,3.5992801439711952,172.7,-1.5273346746739414,-3.417716071998045,-5.3482974719764265,-8.976606517465346
2000-09-01,0.2035979726265235,17.53,5.68,-0.41,3.5992801439711952,172.7,-2.071977311555462,-5.014565567851658,-5.559028516919229,-10.790489189994613
2000-09-05,-0.9002060338342388,19.82,5.69,-0.4,3.5992801439711952,172.7,-1.6648065498790388,-3.130552659205643,-5.349417248454347,-10.502916281763063
2000-09-06,-0.9840191952064758,20.79,5.72,-0.39,3.5992801439711952,172.7,-0.49187239539706384,-2.74150002879463,-3.8820608953551883,-6.473171677710743
2000-09-07,0.6875530082509629,19.42,5.76,-0.38,3.5992801439711952,172.7,-1.440257602797157,-3.5580435797455623,-4.407956022807557,-6.565368069926391
2000-09-08,-0.5331085792150247,18.46,5.73,-0.38,3.5992801439711952,172.7,-1.9197016665272626,-3.0632338104299106,-5.721646688900983,-6.141922785619047
2000-09-11,-0.3506182826614301,18.4,5.77,-0.35,3.5992801439711952,172.7,-3.004848025634055,-3.3728146958471705,-6.402813571786425,-5.653103145460847
2000-09-12,-0.4881632141854219,18.59,5.78,-0.34,3.5992801439711952,172.7,-1.4905610676101078,-3.6963832183651624,-7.464687633601086,-7.44366199986265
2000-09-13,0.1970353352285903,18.32,5.74,-0.35,3.5992801439711952,172.7,-2.2607476269038806,-3.928863469688526,-10.002539154230972,-7.656809774740603
2000-09-14,-0.2720729855348991,18.26,5.79,-0.32,3.5992801439711952,172.7,-2.148733271251435,-1.5247763901719558,-6.74456860979401,-6.377435233713136
2000-09-15,-1.016965471182074,18.52,5.84,-0.23,3.229665071770338,172.6,-1.1659142185871496,-1.998898060246268,-5.755600529814764,-4.107407536309005
2000-09-18,-1.4531247553697058,20.25,5.88,-0.16,3.229665071770338,172.6,-0.3793660432743762,-0.5732067788314366,-6.080851929217501,-0.5548008779765246
2000-09-19,1.0654141919677285,19.54,5.86,-0.19,3.229665071770338,172.6,-2.239198775935558,-2.2905721568149295,-7.6106180276025555,-2.1662325837388474
2000-09-20,-0.5863455339817247,19.93,5.91,-0.2,3.229665071770338,172.6,-1.7067000230541862,-1.1727107316051977,-3.836859143438276,-1.0975753784759013
2000-09-21,-0.1577795035013207,20.18,5.88,-0.23,3.229665071770338,172.6,0.6376584605788826,-0.8812683551942979,-3.118274039439939,-1.0543272608198317
2000-09-22,-0.0227789319814708,20.74,5.85,-0.24,3.229665071770338,172.6,-0.8428102866266274,-2.7424196029732006,-3.17597656308074,-0.6502532331731037
2000-09-25,-0.6688622785773424,21.41,5.84,-0.27,3.229665071770338,172.6,-0.19457890183800508,-3.1357623285845793,-2.359882927807555,-0.0036094875739856036
2000-09-26,-0.8213913621490154,21.88,5.81,-0.26,3.229665071770338,172.6,-0.05255008166473729,-3.912941736944753,-3.8911090847130847,-0.7661087390407384
2000-09-27,-0.0448437627227016,21.67,5.83,-0.17,3.229665071770338,172.6,0.5432611292674361,-6.322060822738496,-3.880402001776928,-1.36546779000829
2000-09-28,2.223521731685918,19.47,5.82,-0.2,3.289473684210531,172.7,-1.5093026199215265,-5.300614741738063,-4.927796724552847,-5.865023768025579
2000-09-29,-1.4935320624473891,20.57,5.8,-0.18,3.289473684210531,172.7,-1.9157555007737082,-3.8333267638948954,-2.1515160894404306,-5.467561742349714
2000-10-02,-0.0194937240235892,21.23,5.83,-0.15,3.289473684210531,172.7,-2.946917506468716,-5.539397351511344,0.01851201296811933,-3.231709848810149
2000-10-03,-0.6802545319421149,21.85,5.87,-0.13,3.289473684210531,172.7,-3.8624213608593805,-5.4447620748796055,0.12725442756216232,-2.085624877649661
2000-10-04,0.5510133874628176,21.54,5.9,-0.13,3.289473684210531,172.7,-6.8282268497132375,-2.6957619009439604,0.07602692908559305,-3.847644040145981
2000-10-05,0.1366559122937483,21.03,5.87,-0.15,3.289473684210531,172.7,-3.849411388758639,-2.256894985563418,-0.17459757883679927,-4.3007225940600025
2000-10-06,-1.900050025471689,22.71,5.82,-0.16,3.289473684210531,172.7,-1.9550247574535828,-0.44578217794197794,2.151160209064873,-4.237429508516433
2000-10-10,-1.0705911750800825,24.86,5.8,-0.18,3.289473684210531,172.7,-2.6711978418773374,0.8009967552823571,3.233549260600732,-2.860091663184472
2000-10-11,-1.6171398678526572,26.57,5.77,-0.16,3.289473684210531,172.7,-1.6459128016523494,0.02272174070714339,3.2749811002528384,-3.0947010843190736
2000-10-12,-2.5509447816078445,30.51,5.73,-0.13,3.289473684210531,172.7,4.435318561667345,2.6064395122327833,5.291099565449553,0.9016521507481112
2000-10-13,3.338147187539642,27.6,5.73,-0.11,3.289473684210531,172.7,1.6562731712794099,0.3936857838817698,-0.5960007287779678,-1.83383951303705
2000-10-16,0.0327434857030572,26.79,5.74,-0.15,3.289473684210531,172.7,1.5393369989415318,1.7488498019738286,-1.6993776777975311,-2.8029585946471536
2000-10-17,-1.7932246367448723,27.84,5.68,-0.15,3.289473684210531,172.7,3.5674892941954583,5.883838561947208,2.4430158584618944,-0.5955626544788539
2000-10-18,-0.5807511270957466,28.72,5.66,-0.16,3.827751196172247,173.6,1.696558414491145,5.8928692103279445,3.5525659613802274,-2.0251431390442054
2000-10-19,3.4743284713975253,25.09,5.66,-0.2,3.394877903513982,173.6,-1.75120742161059,2.8485797578599037,-1.1837944181110172,-5.294653415984052
2000-10-20,0.5882977539575895,24.24,5.64,-0.2,3.394877903513982,173.6,-1.242016206191543,2.130377796386851,-2.091019727882304,-5.151301800448116
2000-10-23,-0.0823251250846479,24.69,5.59,-0.23,3.394877903513982,173.6,0.20633658759707796,2.6085709313176553,-3.808625504297136,-1.3784399998950203
2000-10-24,0.1683628893244249,24.28,5.63,-0.23,3.394877903513982,173.6,2.2365602212986557,2.4132226700336767,-3.6319962463813638,-3.3380332145310443
2000-10-25,-2.3767446770113,26.65,5.67,-0.2,3.394877903513982,173.6,4.126305610789327,3.2515205574755957,-3.1167146532041223,-1.5642153420798999
2000-10-26,-0.0337081837191721,28.62,5.69,-0.21,3.394877903513982,173.6,4.681774766647151,2.6164635143554937,-1.6614818422594269,0.39943665358919134
2000-10-27,1.1096138561315971,26.47,5.72,-0.22,3.394877903513982,173.6,3.4148064521238197,-0.9858055364062257,-2.21879023518875,0.044940861489495276
2000-10-30,1.3830353247205052,25.46,5.74,-0.23,3.394877903513982,173.6,2.3972878617517512,-3.3889596653744802,-4.473572335687159,-1.9647362330523221
2000-10-31,2.1978171595075318,23.63,5.77,-0.17,3.394877903513982,173.6,0.17279772358600454,-3.2496202916484362,-6.119348622439002,-4.855885895772227
2000-11-01,-0.572271832322846,24.28,5.74,-0.14,3.394877903513982,173.6,-0.8401191689097143,-2.210066897233043,-7.477380118622645,-5.649365942449114
2000-11-02,0.4995690837657607,23.92,5.74,-0.13,3.394877903513982,173.6,-1.972942526906507,-3.9206901888820034,-7.917691418798212,-8.133326302473243
2000-11-03,-0.1141204312834376,23.67,5.83,-0.11,3.394877903513982,173.6,-4.255301672461487,-4.1333417298084925,-7.1297881726749,-7.286092664914623
2000-11-06,0.3855077294915743,24.52,5.87,-0.12,3.394877903513982,173.6,-5.650782015768163,-6.254054975495416,-3.8856509695290753,-8.838909013424267
2000-11-07,-0.0223396548050258,24.91,5.87,-0.12,3.394877903513982,173.6,-3.4165143562009392,-5.902771887075731,-5.6157356780918155,-11.672149388753306
2000-11-08,-1.5776548078628938,25.66,5.87,-0.12,3.394877903513982,173.6,-1.3815544319349282,-6.167691455095614,-4.664082304603734,-9.538206825536166
2000-11-09,-0.6485591549181047,27.2,5.82,-0.12,3.394877903513982,173.6,-1.9869490242631405,-4.168868435050321,-2.1604982132872985,-6.72718888762085
2000-11-10,-2.439758440034645,28.53,5.82,-0.1,3.394877903513982,173.6,0.12738036129769092,-1.2452605461895305,1.041008719486891,-3.718212549869959
2000-11-13,-1.0776124770198847,29.06,5.77,-0.13,3.394877903513982,173.6,-0.6394043030945484,-1.1226591355977145,1.474182896063625,-1.6532692197549381
2000-11-14,2.3452141835934803,26.81,5.76,-0.16,3.394877903513982,173.6,-2.574205635986393,-2.9661158327659254,-1.6602163308979234,-3.523625741297276
2000-11-15,0.4960488567255838,26.15,5.72,-0.18,3.394877903513982,173.6,-4.853186435449719,-5.386355276318888,-3.5170277104103698,-5.002844012168673
2000-11-16,-1.258453426534023,25.05,5.68,-0.19,3.388822829964333,173.9,-2.226151914531571,-4.160106101692351,-4.384540357203703,-6.489006226180393
2000-11-17,-0.3351970215383359,24.81,5.71,-0.17,3.388822829964333,173.9,-1.3708946569202407,-3.1256398177781253,-3.288683460959241,-1.473979509051937
2000-11-20,-1.8351691957114613,27.43,5.68,-0.19,3.388822829964333,173.9,-0.4863646691262935,2.526406881222698,-2.7572969020187132,-0.6911880748554644
2000-11-21,0.3522948031424944,26.62,5.67,-0.19,3.388822829964333,173.9,-0.4022653336704929,0.30504215133675405,-6.131293787691439,-3.6367685373424385
2000-11-22,-1.854751229242224,27.71,5.62,-0.23,3.388822829964333,173.9,-0.5603643683847137,1.6024428832765336,-3.5920627156130647,-2.003992883447292
2000-11-24,1.4678328439080124,26.0,5.63,-0.23,3.388822829964333,173.9,-1.9779871867886545,2.095738815733217,-2.6696131108883026,-3.0534271974147598
2000-11-27,0.5366009872832311,26.93,5.64,-0.22,3.388822829964333,173.9,-1.779135230674589,2.3150982710513635,-2.5041350089703984,-2.646460035968534
2000-11-28,-0.9548029357613564,27.64,5.59,-0.2,3.388822829964333,173.9,3.0274962223335367,2.6263267286107173,-0.5366346622173723,-0.6938170159491053
2000-11-29,0.4371028927711018,27.49,5.55,-0.14,3.388822829964333,173.9,0.7101642295147093,1.3458180233384631,-0.5745517798406374,-1.7422670293550713
2000-11-30,-2.010544622981836,29.65,5.48,-0.13,3.388822829964333,173.9,2.1749951494930864,1.975748393762733,0.40534456237286687,0.8897732747744858
2000-12-01,0.0212958140821672,27.48,5.52,-0.1,3.388822829964333,173.9,4.155929760680066,-0.23417623536760024,-2.429990299195428,1.0826996377697906
2000-12-04,0.7405541524307058,27.78,5.53,-0.06,3.388822829964333,173.9,4.168394883654658,-0.16830422711896498,1.7049509339926328,1.7358883981192896
2000-12-05,3.892168841532939,24.99,5.43,-0.06,3.388822829964333,173.9,-0.38938099869680887,-5.153505271439629,-3.13830851383079,-2.469960846409991
2000-12-06,-1.821965029225081,25.07,5.32,-0.1,3.388822829964333,173.9,0.6311714400297541,-6.416762109842155,-3.929823071837124,-0.6333843969376529
2000-12-07,-0.5852864559811266,25.34,5.32,-0.13,3.388822829964333,173.9,-0.19500539778721793,-5.112579433603958,-3.5495561567028378,1.2541382883826335
2000-12-08,1.960475223329916,22.41,5.35,-0.15,3.388822829964333,173.9,-4.214936207794273,-4.667532633484594,-5.043468094629744,-0.40805946174788943
2000-12-11,0.7526105317355203,23.51,5.37,-0.15,3.388822829964333,173.9,-4.1631620758074135,-4.710187803616961,-4.849292421999952,-1.6439604556560572
2000-12-12,-0.6535210679640358,24.88,5.36,-0.18,3.388822829964333,173.9,-4.782747382265007,-3.0820175403845074,-3.2351774153816737,-1.1836594687282265
2000-12-13,-0.8160900128526438,23.63,5.29,-0.16,3.266033254156775,173.9,-7.003728018879385,-1.8948683237594355,-3.047076942022797,0.30735915271093983
2000-12-14,-1.401476235876764,24.86,5.23,-0.2,3.266033254156775,173.9,-4.927182307274746,-1.5399777458126929,-1.0649346889762157,2.446057992886397
2000-12-15,-2.146273716308178,26.55,5.2,-0.18,3.444180522565321,174.2,-0.47251252728941484,-2.200968208319698,1.3199669219833954,4.1047124451804695
2000-12-18,0.8070697422759565,27.7,5.17,-0.16,3.444180522565321,174.2,-0.570788581570536,1.876413243919317,1.9074028648880192,3.835219381230104
2000-12-19,-1.295796209004041,27.17,5.19,-0.16,3.444180522565321,174.2,1.786157230043539,2.124692919201787,2.829355404972622,3.3601406202155237
2000-12-20,-3.129594524787349,31.74,5.08,-0.16,3.444180522565321,174.2,5.493617740028456,2.657462056318294,6.179929059189715,7.0820934777887645
2000-12-21,0.800164080785648,29.66,5.03,-0.11,3.444180522565321,174.2,3.5627476324615603,1.6472397158350915,6.709759506563473,6.071256867688013
2000-12-22,2.438696498246351,27.55,5.02,-0.08,3.444180522565321,174.2,-1.7366616247639133,-0.39434147833373734,4.468019437030546,2.6754519532092624
2000-12-26,0.7075301948657131,28.73,5.04,-0.06,3.444180522565321,174.2,2.4612503615172754,-0.14598057775189188,3.2177913643503864,1.3184474230455656
2000-12-27,1.0439634692143152,28.14,5.11,0.01,3.444180522565321,174.2,0.332595019176507,-0.15803039963298016,1.958726361691765,-1.0655294307736485
2000-12-28,0.398814569917838,26.57,5.13,-0.05,3.444180522565321,174.2,-2.6884618657209924,-1.1744631484373436,2.244762775241904,-0.29304853736483727
2000-12-29,-1.0448008358699412,26.85,5.12,0.01,3.444180522565321,174.2,-1.8496109464230415,0.4824730341926209,4.048379888040876,-0.11209595206388423
2001-01-02,-2.803193939495918,29.99,4.92,0.05,3.444180522565321,174.2,1.3660437032011696,3.600173811334839,6.447590060944308,2.5442832698599815
2001-01-03,5.009860597069338,26.6,5.14,0.22,3.444180522565321,174.2,-2.5446019154265587,0.030418837866319492,1.9227278178913565,-1.554667126602871
2001-01-04,-1.0552474216456775,26.97,5.03,0.26,3.444180522565321,174.2,-0.48899903238396325,0.6900020608417767,1.2097443485006965,-2.385733371748666
2001-01-05,-2.6242362136687403,28.67,4.93,0.37,3.444180522565321,174.2,1.5558265199698162,3.4312819860469412,4.310092352607664,-1.4949770512320715
2001-01-08,-0.1917811284473769,29.84,4.94,0.4,3.444180522565321,174.2,2.376031315925453,4.9804793567254535,4.352323943297121,-3.1322802061289234
2001-01-09,0.3812189227544005,27.99,4.98,0.34,3.444180522565321,174.2,2.204022201631095,4.8816111328721545,3.0819468262189176,-3.6885071293076166
2001-01-10,0.9586385482041716,26.8,5.1,0.34,3.444180522565321,174.2,2.642255640942781,3.3686895746059875,1.4665689065604282,-5.132991172961354
2001-01-11,1.0317700515731554,25.79,5.14,0.37,3.444180522565321,174.2,1.184794727981342,2.1201071751663525,-0.9089354254257831,-4.459529120020356
2001-01-12,-0.6232870921233369,24.56,5.25,0.35,3.444180522565321,174.2,1.8467236497832662,3.4598607127376724,0.8918895248669401,-4.596724066389579
2001-01-16,0.6143093008214917,25.28,5.24,0.35,3.444180522565321,174.2,2.5440017622512023,3.548784923550641,-0.5917141251630897,-6.5360178956096355
2001-01-17,0.2125614319653079,24.93,5.19,0.35,3.376777251184837,174.5,2.619846923400515,2.7484666722614293,-1.0191976544341896,-6.6372307896287115
2001-01-18,1.3915319945297933,23.37,5.12,0.4,3.376777251184837,174.5,0.7077337974764841,1.891733536667628,-1.584603946363916,-8.441576553284202
2001-01-19,-0.4028228935836542,23.24,5.19,0.44,3.376777251184837,174.5,0.9243606706911267,0.516180630669627,-3.0546582278665024,-7.532736599307066
2001-01-22,0.0268137516266531,23.25,5.25,0.5,3.376777251184837,174.5,1.5838870462848043,0.8496562642230865,-4.762832812942975,-6.634892692388905
2001-01-23,1.3031498757798854,21.57,5.3,0.48,3.376777251184837,174.5,0.9798556171320971,-0.5983544914991534,-7.727874374898846,-7.241253160668948
2001-01-24,0.286682177600106,22.03,5.33,0.52,3.376777251184837,174.5,0.12533613401017885,-1.7159007067246823,-8.17123056140171,-7.297519242872374
2001-01-25,-0.4976939690306659,22.64,5.29,0.51,3.376777251184837,174.5,1.1756790611257006,-1.8401323223438126,-8.22461886917053,-9.140998219360197
2001-01-26,-0.1885848778523602,22.57,5.29,0.51,3.376777251184837,174.5,-0.40444154147616374,-2.9661568954255757,-6.443037005337948,-12.900101353634085
2001-01-29,0.6804747854681326,22.61,5.32,0.55,3.376777251184837,174.5,-0.7227827201839343,-2.482094186266981,-7.787159893339579,-12.205957058260964
2001-01-30,0.7007877475295743,22.57,5.24,0.54,3.376777251184837,174.5,-1.5628959845368273,-3.99859742610269,-9.739180258470215,-15.069920761328138
2001-01-31,-0.5619714800495723,22.02,5.19,0.57,3.376777251184837,174.5,-1.8389319944659421,-3.6668813158189484,-9.134635061589623,-14.088472983070922
2001-02-01,0.5461131971338906,21.66,5.1,0.55,3.376777251184837,174.5,-2.980767128479067,-3.4117954051498423,-10.141460677213054,-16.231875917324878
2001-02-02,-1.7473989611664795,21.95,5.17,0.52,3.376777251184837,174.5,-2.572118067911855,-3.552501533714847,-8.007583634271898,-13.239265488529984
2001-02-05,0.3586658462731984,22.19,5.18,0.5,3.376777251184837,174.5,-1.7721200435386497,-5.56520397299275,-7.421491786747092,-15.630841854366118
2001-02-06,-0.1513721924397137,21.98,5.22,0.5,3.376777251184837,174.5,-2.4743733228714704,-7.172436479223054,-6.6828860178192,-17.017436991061487
2001-02-07,-0.8408142690811471,21.67,5.1,0.4,3.376777251184837,174.5,-1.8621937989203197,-6.568030740572395,-5.67906566401184,-16.653868412339456
2001-02-08,-0.623465404338508,21.46,5.1,0.37,3.376777251184837,174.5,-0.44427095938964767,-6.5041719165642276,-7.437729970247576,-14.46121805929338
2001-02-09,-1.3335549023706816,22.03,5.03,0.36,3.376777251184837,174.5,-1.006265810526763,-3.58316232632907,-10.237607973027107,-12.326969724936054
2001-02-12,1.182729069383326,21.92,5.05,0.38,3.376777251184837,174.5,-3.8615146037309755,-5.440093963057091,-9.971361454959183,-11.135750924489995
2001-02-13,-0.8652125638884511,21.37,5.07,0.32,3.376777251184837,174.5,-4.817260156558778,-5.979686419631958,-11.532459983283372,-12.550045771737384
2001-02-14,-0.2183807079300326,21.52,5.13,0.29,3.376777251184837,174.5,-4.795131584671896,-5.675881587199716,-10.818285351498025,-12.76446038999749
2001-02-15,0.8123549341341407,20.27,5.19,0.3,3.376777251184837,174.5,-6.086943479367868,-6.967377952920373,-13.272925577145012,-12.534206069073816
2001-02-16,-1.890529720989631,22.12,5.11,0.36,3.376777251184837,174.5,-2.603090525780294,-4.619178487158393,-10.043561635972665,-11.959772780946064
2001-02-20,-1.7356562954470411,24.69,5.11,0.38,3.376777251184837,174.5,-1.6419848438629314,-1.9656820280773202,-10.658823129659456,-13.48616732378385
2001-02-21,-1.8507453797223627,25.75,5.14,0.46,3.903015966883494,175.7,-1.2212574096786444,0.5273761831465995,-10.60568664999474,-12.110543322624546
2001-02-22,-0.195182964945062,26.76,5.15,0.52,3.903015966883494,175.7,-0.9251102566368519,0.9514570693594404,-10.794846508867018,-8.092144859531182
2001-02-23,-0.5555435925262753,27.21,5.1,0.57,3.903015966883494,175.7,-0.9374995407151476,-0.9985023640308732,-8.510589515960309,-9.425612269543116
2001-02-26,1.7489958196507338,25.43,5.05,0.59,3.903015966883494,175.7,-2.069971185186059,-6.901746424437216,-9.068755633949477,-10.259934215980993
2001-02-27,-0.765990835073016,26.49,4.96,0.52,3.903015966883494,175.7,-0.32910097230055557,-4.791954308977231,-6.023331875147719,-7.119571735938212
2001-02-28,-1.4309109209043602,28.35,4.92,0.51,3.903015966883494,175.7,1.7702529380005938,-5.905929636051432,-6.988233820863798,-5.9720575396442825
2001-03-01,0.1040404473975575,28.08,4.87,0.46,3.903015966883494,175.7,1.8940897444924776,-5.451843972496107,-7.515128603455723,-4.651030137617851
2001-03-02,-0.5679790908007298,27.43,4.95,0.47,3.903015966883494,175.7,-0.06158013681551999,-6.777781261538229,-5.98373774022658,-4.415887279666286
2001-03-05,0.5858124547557519,27.12,4.98,0.49,3.903015966883494,175.7,-4.933905664817151,-5.687079501704629,-7.696090448119497,-3.995454702338752
2001-03-06,0.998059811609675,25.89,4.99,0.5,3.903015966883494,175.7,-4.477589126026038,-8.867446911878218,-11.75148206672485,-1.2474089997886684
2001-03-07,0.6452357238200701,24.12,4.92,0.49,3.903015966883494,175.7,-7.5426584413899604,-11.074657725929782,-12.57161977723027,-0.6498247190323769
2001-03-08,0.2258497612988463,24.29,4.89,0.46,3.903015966883494,175.7,-7.209381560215212,-11.635595878676696,-8.95836691359212,-1.720512511159844
2001-03-09,-2.4763940834399034,25.62,4.95,0.48,3.903015966883494,175.7,-6.720339518992957,-7.587852033866738,-8.512103459786925,-0.7345477024005898
2001-03-12,-4.318075583988678,30.32,4.92,0.46,3.903015966883494,175.7,-0.7922633638781318,-2.3276582817457703,-3.6071437030965603,2.483556100407247
2001-03-13,1.4828497401341068,27.55,4.95,0.49,3.903015966883494,175.7,-4.595631271957612,-1.2933545240143451,-2.444769672633318,2.5958924012695617
2001-03-14,-2.584211909800105,29.61,4.84,0.52,3.903015966883494,175.7,-3.8201393475074563,-1.1502363333056875,-0.07027850249976542,5.812075054134458
2001-03-15,0.5871294396720295,28.56,4.81,0.59,3.903015966883494,175.7,-4.770109729717797,-2.182257928287268,0.846990431675132,6.773406239611313
2001-03-16,-1.9624073883761304,29.91,4.78,0.52,3.903015966883494,175.7,-0.9300125133393067,0.8517749653002671,2.5336170001470926,8.598639680972497
2001-03-19,1.7626684032983286,29.78,4.82,0.5,3.903015966883494,175.7,-1.5476564327832953,-2.130154527927264,1.7936299612272277,8.167839190531057
2001-03-20,-2.4077401171648027,30.96,4.78,0.54,3.3529411764705808,175.7,3.461347516859159,-3.1646596711253028,8.361488462548872,10.92314672656769
2001-03-21,-1.7923702154931664,31.93,4.77,0.56,3.6470588235294032,176.2,2.7759480998297503,-1.6833919476934134,11.723129470525695,11.267750882750892
2001-03-22,-0.406371623346724,32.84,4.73,0.56,3.6470588235294032,176.2,2.7174785081508057,3.029759541419841,11.220675866159379,13.335066407506613
2001-03-23,1.9909090065061363,30.45,4.8,0.56,3.6470588235294032,176.2,1.7985138828037872,-1.0001406159922954,7.416021034353282,10.85074603048981
2001-03-26,1.1282371798750468,29.04,4.85,0.58,3.6470588235294032,176.2,-0.5916548799534294,-1.3099772144724242,4.925871846127605,9.413633785443354
2001-03-27,2.557504969905233,27.04,5.0,0.59,3.6470588235294032,176.2,-6.4043310347419835,-1.1665021570397838,3.9402077808733837,6.206382532949872
2001-03-28,-2.442965378011941,28.58,4.97,0.67,3.6470588235294032,176.2,-4.338894585717313,1.092524443910059,7.043326285448681,8.834725975025638
2001-03-29,-0.463030782349072,29.17,4.98,0.71,3.6470588235294032,176.2,0.3040193721696838,3.096829159828274,9.155459917826558,8.512574322049616
2001-03-30,1.0784446543313564,28.64,4.93,0.75,3.6470588235294032,176.2,-2.749209582782375,1.6676375159737855,7.681436165439504,7.634904832746581
2001-04-02,-1.2461938832180277,31.21,4.98,0.76,3.6470588235294032,176.2,-0.7225976185918248,4.009186353803096,10.522131376407362,9.038542481293543
2001-04-03,-3.4393111214729988,34.72,4.94,0.79,3.6470588235294032,176.2,5.596229970476996,11.902832266121788,14.548207658327605,16.13524534097084
2001-04-04,-0.2901108987965695,34.07,4.94,0.82,3.6470588235294032,176.2,5.677771552090416,13.63606992125539,13.172894271895586,16.790391138397975
2001-04-05,4.367998314638566,29.94,4.98,0.79,3.6470588235294032,176.2,2.784344839957109,7.950048957890288,10.00226236764512,12.20385141057665
2001-04-06,-1.9983576101425315,31.69,4.89,0.82,3.6470588235294032,176.2,4.5417081751288,8.501185458961459,11.970609574821744,16.34127890668413
2001-04-09,0.8117394675240863,31.91,4.93,0.83,3.6470588235294032,176.2,4.766224597835622,6.3186215633486364,10.86595250182505,15.101226647918221
2001-04-10,2.706602553433868,29.44,5.09,0.85,3.6470588235294032,176.2,5.972374484778498,5.166982904953299,7.459904638511006,10.327979205482606
2001-04-11,-0.2131147592366322,28.46,5.12,0.83,3.6470588235294032,176.2,7.530721221957459,5.886490494003227,7.658530216456594,10.916984252177153
2001-04-12,1.5104328135851386,26.12,5.17,0.81,3.6470588235294032,176.2,5.025769367870736,5.876641219106471,5.253066662045902,7.975497646678309
2001-04-16,-0.322766902328897,26.33,5.28,0.79,3.6470588235294032,176.2,3.787461820692384,5.915155300545671,5.869387213640298,7.480841921704973
2001-04-17,1.0282453148762638,25.61,5.21,0.8,3.705882352941181,176.3,1.4817723664971139,6.261894021985204,4.835492232755567,4.721381318708784
2001-04-18,3.889040476854766,24.13,5.14,0.88,2.978971962616828,176.3,-0.7600014473025385,2.3639932418463516,3.782221583796619,1.4263028705392644
2001-04-19,1.254273017853591,24.16,5.27,0.98,2.978971962616828,176.3,-1.5290799775817931,-0.40759562494618873,2.7758098457015823,0.5567646599471843
2001-04-20,-0.8542750949638078,25.38,5.29,1.03,2.978971962616828,176.3,0.8101553136501405,1.901076868020124,3.940528507167018,1.9413027773555136
2001-04-23,-1.4980124708175555,28.16,5.2,1.05,2.978971962616828,176.3,2.0500486692016873,3.197590976711062,7.225813630108302,4.835992816320167
2001-04-24,-1.2161467890639988,28.49,5.22,1.06,2.978971962616828,176.3,4.710325355990919,4.277078532067846,8.260646117704361,5.007156858846495
2001-04-25,1.5940891269641488,27.4,5.28,1.08,2.978971962616828,176.3,3.147918918489334,2.180267675483205,4.907430219989806,3.9234963123092603
2001-04-26,0.4695844989827114,25.96,5.2,1.06,2.978971962616828,176.3,1.1388990296630652,1.6735276749527683,4.750836234825306,2.46573088525599
2001-04-27,1.50099058773554,24.02,5.34,1.06,2.978971962616828,176.3,1.0821544228116986,-0.5889632971734726,1.9823602292297737,0.10693633678606762
2001-04-30,-0.2865079406830118,25.48,5.35,1.05,2.978971962616828,176.3,1.1244897209497617,-0.0432120283215931,1.4782460703725908,0.5114221222137338
2001-05-01,1.3589855617309743,24.2,5.3,1.07,2.978971962616828,176.3,-0.4137574995113025,-1.342345534453282,-1.4497320205469566,-1.9614010114629266
2001-05-02,0.0781807547532098,24.23,5.31,1.04,2.978971962616828,176.3,-0.9381199864737622,1.3854757879555812,-0.9160353573660185,-3.752479945895104
2001-05-03,-1.487269265949498,25.78,5.22,1.0,2.978971962616828,176.3,0.5286083301469402,3.1964339957688326,0.968307062114615,-2.7407112005269463
2001-05-04,1.44404282716879,23.91,5.21,1.07,2.978971962616828,176.3,-1.6532272481996735,2.001403421661907,0.039475450674086865,-4.593358043397688
2001-05-07,-0.2447458666668511,24.86,5.21,1.09,2.978971962616828,176.3,-1.1547170744629742,3.903407642825951,1.5876357423680876,-4.030838957926819
2001-05-08,-0.1828286737655893,24.44,5.24,1.14,2.978971962616828,176.3,-0.932446100612172,3.820175672078796,0.70013308490815,-3.0177559464757087
2001-05-09,-0.4487719892564135,24.35,5.2,1.13,2.978971962616828,176.3,2.345600319832508,2.6689718147616004,1.7060325603788673,-1.4734695369662543
2001-05-10,-0.0286717540152081,24.0,5.31,1.14,2.978971962616828,176.3,2.6537974711243084,3.0266566236499814,0.7791636903126786,-2.376557692803327
2001-05-11,-0.7576610015040175,23.54,5.51,1.15,2.978971962616828,176.3,3.716065680248426,2.5865574001504354,0.7000225096131407,-2.1731331254975172
2001-05-14,0.2609037614572873,24.26,5.46,1.17,2.978971962616828,176.3,5.117214061797326,1.522115835820248,0.5548739228119937,-2.5750274675787166
2001-05-15,0.0416277617977245,23.71,5.5,1.22,2.978971962616828,176.3,4.797354517824992,-0.10884759695064528,-0.6274784053637017,-3.070975550373589
2001-05-16,2.845278724491007,21.89,5.48,1.23,3.2710280373831946,176.8,0.3159603284543566,-2.2700600134629823,-5.067743376375244,-4.575135955088394
2001-05-17,0.2723756625809592,21.47,5.46,1.13,3.2710280373831946,176.8,0.3632200285922371,-2.1591123330342854,-5.753246470259999,-4.975590484789172
2001-05-18,0.2693052122580974,21.23,5.41,1.04,3.2710280373831946,176.8,-1.0890388800325335,-1.923432330511643,-6.465363459557194,-4.27567354287749
2001-05-21,1.615374759914645,20.76,5.41,1.04,3.2710280373831946,176.8,-3.4200851478650596,-2.228773774598858,-7.636175541063284,-5.97030898947184
2001-05-22,-0.2627873591674268,21.35,5.42,1.08,3.2710280373831946,176.8,-4.681608746088273,-3.0052372450470655,-6.586322527667853,-6.884175282369975
2001-05-23,-1.552639873747497,22.08,5.41,1.12,3.2710280373831946,176.8,-2.5778752787195547,-0.9379067865996293,-4.034754881155111,-7.63818930826794
2001-05-24,0.3196148296129353,20.57,5.52,1.2,3.2710280373831946,176.8,-2.513203901696204,-2.1814674056125583,-5.244481858894911,-7.299118556788143
2001-05-25,-1.1815947460596443,20.6,5.52,1.21,3.2710280373831946,176.8,-0.8435803686783427,-1.8389689042577761,-4.639682475241136,-7.541337205275822
2001-05-29,-0.7794067426248774,22.14,5.54,1.21,3.2710280373831946,176.8,1.2334980571168552,-0.9527401049958861,-4.035715045601263,-6.920728769160112
2001-05-30,-1.5655514748746049,22.76,5.54,1.2,3.2710280373831946,176.8,1.7587072956106065,-0.5191959407179314,-2.9653556718127083,-3.200110795185307
2001-05-31,0.6201517937073353,22.64,5.43,1.21,3.2710280373831946,176.8,1.683363503733637,-2.862667636240923,-2.35861798538195,-3.196309526436336
2001-06-01,0.386209637024959,21.59,5.39,1.17,3.2710280373831946,176.8,0.34028864355037935,-3.673448006174662,-2.8786310293317685,-4.618186420233772
2001-06-04,0.5108348086146242,21.38,5.35,1.16,3.2710280373831946,176.8,-1.0038568751074672,-4.6310053838257925,-2.3983722802094154,-4.156706564876355
2001-06-05,1.2990159597655817,19.58,5.29,1.17,3.2710280373831946,176.8,-2.1595995436997195,-5.5306678408617245,-3.8268265207672347,-5.910078026591503
2001-06-06,-1.0548639777156588,20.39,5.27,1.15,3.2710280373831946,176.8,-2.238533975978285,-3.6920398389632902,-3.9991211145313565,-4.331394415617096
2001-06-07,0.5456510067294751,19.67,5.33,1.19,3.2710280373831946,176.8,-4.470771799172091,-3.1261686424132296,-6.763719909728227,-5.177138467444731
2001-06-08,-0.939731891921658,19.92,5.38,1.21,3.2710280373831946,176.8,-4.000124679712103,-3.1313232493308973,-5.231780742813186,-5.844448355964838
2001-06-11,-0.8355953243949998,20.7,5.32,1.21,3.2710280373831946,176.8,-3.663929113018405,-2.853182713873148,-5.809197639189623,-6.596033870499518
2001-06-12,0.1163881185636706,20.7,5.27,1.18,3.2710280373831946,176.8,-3.4454767983780554,-3.1126302170029874,-6.025395018994606,-5.204442140556431
2001-06-13,-1.134689674485312,21.45,5.28,1.2,3.2710280373831946,176.8,-1.486788120206628,-2.4589263770295355,-2.6949067006633243,-3.1145234081331408
2001-06-14,-1.7501595438172537,23.12,5.26,1.22,3.2710280373831946,176.8,1.4075306396615472,0.5189041520837989,-0.34347442129252226,-1.1517660803498142
2001-06-15,-0.4516882772492181,22.81,5.27,1.26,3.6193812025685945,177.5,0.9050026653499188,0.8251276106029604,-0.9807663562168001,-0.810300564824995
2001-06-18,-0.4883174439339166,23.17,5.27,1.29,3.6193812025685945,177.5,0.8415813429804464,2.3410471218679785,0.49733020764066715,0.2316995302471092
2001-06-19,0.3434127056842095,22.34,5.26,1.27,3.6193812025685945,177.5,0.3447239656292789,1.803592002983856,-0.401622597575535,0.2762784952466735
2001-06-20,0.8708752392797781,21.71,5.24,1.26,3.6193812025685945,177.5,-0.9868100311348327,-0.31885347281221943,-0.6638647268457865,-0.19539992313341026
2001-06-21,1.1364213620349783,19.38,5.22,1.23,3.6193812025685945,177.5,-0.8762924035053965,-3.7549369281037914,-2.117155682075633,-1.834222236958305
2001-06-22,-0.9450028380182384,20.02,5.14,1.21,3.6193812025685945,177.5,-0.0791586667034494,-2.1683557202796133,-2.8008280877184655,-2.0296238309626125
2001-06-25,-0.5508630297048178,20.67,5.16,1.2,3.6193812025685945,177.5,1.4869518693757522,-3.0428324961075393,-3.8527779511320137,-1.1652676396162631
2001-06-26,-0.1509901409137759,21.2,5.24,1.21,3.6193812025685945,177.5,1.4538562464472937,-3.0063410829661685,-2.159014047175145,-2.731021746445317
2001-06-27,-0.4676405725775434,20.88,5.26,1.2,3.6193812025685945,177.5,0.6746137141250053,-0.2419291841567639,-0.672124067075297,-2.2822705379501818
2001-06-28,1.2493089213528652,20.01,5.35,1.13,3.6193812025685945,177.5,-2.904092869807251,-0.8579267558185388,-1.6620458077277633,-2.9391549851020216
2001-06-29,-0.1484216572772756,19.06,5.42,1.17,3.6193812025685945,177.5,-2.0908521442562833,-1.791114982561015,-1.622044240543008,-2.7025895300763825
2001-07-02,1.0078542422369496,18.76,5.37,1.16,3.6193812025685945,177.5,-4.463415524897818,-1.801541967839948,-2.0610963547295635,-4.0421430411569315
2001-07-03,-0.1835516192044139,18.92,5.41,1.17,3.6193812025685945,177.5,-4.396281713115924,-2.1661461616155786,-1.500255028027364,-4.57126119913206
2001-07-05,-1.2321245525637623,20.09,5.44,1.2,3.6193812025685945,177.5,-0.9104012068865464,-0.3461148532630798,0.12384844474593315,-3.0822443781115427
2001-07-06,-2.349826502045349,21.63,5.41,1.25,3.6193812025685945,177.5,2.1073659791293498,1.7016781887344568,1.9956500934606103,-2.4038498508147543
2001-07-09,0.6878995885808203,22.48,5.37,1.22,3.6193812025685945,177.5,0.30613805579935427,-0.6464905829758338,0.14180676440473938,-2.2831540773364356
2001-07-10,-1.4397979065223998,23.25,5.32,1.24,3.6193812025685945,177.5,2.7862347933859555,-0.8353641879976892,1.936488972221584,-2.053288083535787
2001-07-11,-0.1134103356830174,24.01,5.31,1.24,3.6193812025685945,177.5,2.332687045506132,0.8735901349136377,0.28385292357757663,-1.2599768205224793
2001-07-12,2.3691267149943185,22.09,5.27,1.2,3.6193812025685945,177.5,0.5694708228677126,-0.43123817391447217,-2.0452895060089626,-3.8116483412334645
2001-07-13,0.6241030816857895,21.14,5.27,1.15,3.6193812025685945,177.5,-0.3973149111277996,-0.8110775028163153,-2.099238155084293,-2.5294484273336137
2001-07-16,-1.0882881971022609,22.91,5.21,1.14,3.6193812025685945,177.5,-0.9497211808167538,0.17215422208280984,-0.9280978471078005,-1.932719961585605
2001-07-17,0.9971300861786324,22.61,5.22,1.13,3.6193812025685945,177.5,-3.523428004405005,-0.2643161533194216,-2.2817069821841507,-4.358381986295267
2001-07-18,-0.5541633010651026,23.6,5.12,1.16,3.852889667250437,177.9,-1.4258366048217175,0.6806346754859138,-2.4583668568239903,-4.89769102325146
2001-07-19,0.6052826282955781,22.51,5.13,1.15,3.2501450957632017,177.9,-0.995042519955891,0.4715955602905053,-2.7456325669788173,-7.077248839698114
2001-07-20,-0.3432078384125181,22.34,5.15,1.17,3.2501450957632017,177.9,-0.41541308983722436,0.28905315031342305,-4.036834113917287,-6.381469305795595
2001-07-23,-1.6368622611130257,23.74,5.13,1.15,3.2501450957632017,177.9,1.1326322512908549,0.7934267767752301,-1.6473132191948126,-4.87729834359577
2001-07-24,-1.6271634136927229,25.24,5.13,1.16,3.2501450957632017,177.9,3.37813811547365,2.795203287464476,-1.2281837023503828,-3.4063101905918325
2001-07-25,1.6079857831039934,24.0,5.2,1.22,3.2501450957632017,177.9,2.13694056105036,-0.5846299418384437,-2.1150897401218782,-7.063475250535934
2001-07-26,1.0449532191457944,23.01,5.19,1.25,3.2501450957632017,177.9,1.4813784254611884,-1.6210418835113427,-3.39505092292246,-9.738722883567885
2001-07-27,0.240237790153297,22.0,5.13,1.26,3.2501450957632017,177.9,0.7074048926729581,-1.2986940676813719,-1.732422211327178,-9.394429705295904
2001-07-30,-0.1078043833835251,22.69,5.11,1.25,3.2501450957632017,177.9,-0.3354065517376936,-1.098361194021369,-2.1012567814024052,-13.760667926839709
2001-07-31,0.5570651237587043,21.62,5.07,1.28,3.2501450957632017,177.9,-0.5638859807651331,-2.0227372501561036,-4.1049157884849645,-14.736259266411055
2001-08-01,0.3880413561401896,20.56,5.11,1.28,3.2501450957632017,177.9,-2.6646289657188515,-3.1177808348422986,-5.540614356194151,-16.434339912491815
2001-08-02,0.3963999634972737,20.09,5.17,1.28,3.2501450957632017,177.9,-3.0571326061079263,-3.2021270383217115,-7.513411484998988,-19.34958197605212
2001-08-03,-0.5242698680370639,19.89,5.2,1.29,3.2501450957632017,177.9,-1.9920074025264412,-4.313419190175272,-6.651296673537443,-20.46773934944419
2001-08-06,-1.142174446908939,21.89,5.19,1.31,3.2501450957632017,177.9,-0.7655222540788653,-2.421526952720321,-5.626086245613838,-16.412599249242334
2001-08-07,0.3265397182035334,21.01,5.2,1.3,3.2501450957632017,177.9,-1.4671241769451782,-3.913983202663174,-6.032882157656594,-15.952341496861344
2001-08-08,-1.7328125783906967,22.32,4.99,1.22,3.2501450957632017,177.9,-0.46555724225251227,-1.5394599420472277,-6.516945322345125,-14.912173489538105
2001-08-09,-0.0084472369490162,21.75,5.04,1.27,3.2501450957632017,177.9,-0.1495668903877867,-1.8032403202629443,-8.25144030336704,-13.927318124340415
2001-08-10,0.5686842621282606,20.55,4.99,1.26,3.2501450957632017,177.9,-2.3685943626894135,-0.43943506071053573,-8.202257874040587,-12.537817477318235
2001-08-13,0.0949456249882629,20.42,4.97,1.27,3.2501450957632017,177.9,-1.668779577680135,-1.0140333360385445,-12.802929138170072,-12.821394054010204
2001-08-14,-0.3827832386929519,20.48,4.97,1.23,3.2501450957632017,177.9,-2.483292003079318,-2.1251650432867253,-12.97599224497137,-11.40950567041209
2001-08-15,-0.7339463130492052,20.91,5.0,1.2,3.2501450957632017,177.9,-1.0789257166069044,-2.5008030805132475,-13.745101208869348,-8.976077526802207
2001-08-16,0.30899429450153,21.54,4.95,1.2,2.9599535693557666,177.4,-1.6561504826521967,-4.453904114591511,-16.681621655181477,-9.4807327028409
2001-08-17,-1.6663052745311324,23.84,4.84,1.17,2.7214823393167498,177.4,1.975961822311012,-2.4432657783108214,-16.882534648589154,-7.7962398430568065
2001-08-20,0.8124188847023373,22.87,4.91,1.17,2.7214823393167498,177.4,0.6658579430109279,-3.2840842788560587,-14.338277551999523,-9.029105650431779
2001-08-21,-1.2079480285459132,24.4,4.87,1.18,2.7214823393167498,177.4,0.36724676944992485,-2.2052105245059295,-12.52873070968199,-5.8045610548347
2001-08-22,0.6956128061277544,22.44,4.91,1.15,2.7214823393167498,177.4,-1.4373856877381797,-5.055309850391055,-13.581799916616188,-5.0326101039881665
2001-08-23,-0.2763292695957098,22.23,4.89,1.17,2.7214823393167498,177.4,-2.8448689426640805,-6.566611774293307,-12.346718815997038,-5.271027804877293
2001-08-24,1.9654319856812648,19.71,4.93,1.17,2.7214823393167498,177.4,-4.333597371037468,-7.7970859426758965,-12.151781605483148,-7.2390998627917424
2001-08-27,-0.4827367451372688,20.56,4.94,1.16,2.7214823393167498,177.4,-3.92381518677678,-11.909663762897404,-11.928317837270209,-6.142629867000737
2001-08-28,-1.5010008190401547,22.0,4.85,1.14,2.7214823393167498,177.4,-2.5630445954794023,-11.086432182985128,-9.485932345358773,-6.48782231429662
2001-08-29,-1.1149237684562108,23.03,4.78,1.11,2.7214823393167498,177.4,-3.6706860789941342,-11.532708456708086,-6.641361827458036,-6.178004402616755
2001-08-30,-1.7003925176352408,25.41,4.79,1.18,2.7214823393167498,177.4,-3.83072184775588,-12.79771551864879,-5.261155405322082,-4.120093004287662
2001-08-31,0.4029943083662779,24.92,4.85,1.21,2.7214823393167498,177.4,-3.6203813214043534,-14.800894049473168,-5.487036961058811,-3.0442317640625216
2001-09-04,-0.0564595946690005,25.85,4.99,1.16,2.7214823393167498,177.4,-8.311995934940075,-11.42954930501353,-5.9400992367585665,-3.4451839076317103
2001-09-05,-0.1059148087219519,26.35,4.97,1.18,2.7214823393167498,177.4,-8.747592278637939,-10.556309022745003,-3.6805136036728525,-3.305393316795202
2001-09-06,-2.239027165158736,28.61,4.86,1.21,2.7214823393167498,177.4,-8.161609439221317,-8.980481217843305,0.023908389576177136,0.26634279735715527
2001-09-07,-1.8637016144416372,30.99,4.8,1.27,2.7214823393167498,177.4,-9.324176954616847,-6.186339970611742,1.386639181152538,2.590291316897586
2001-09-10,0.6225947782446006,31.84,4.84,1.31,2.7214823393167498,177.4,-11.600494877815725,-4.722947975483571,0.6051718490559521,-0.47288605195703326
2001-09-17,-4.921560547784553,41.76,4.63,1.67,2.7214823393167498,177.4,-3.4001758483708344,-0.021176073528172967,6.54672707840982,2.882041687391501
2001-09-18,-0.5804970478062166,38.87,4.72,1.76,2.7793862188766782,177.5,-1.982103036261762,1.8000625516683577,5.172000158797441,3.4817786317542065
2001-09-19,-1.6112491823485176,40.56,4.69,1.88,2.7793862188766782,177.5,-0.8916443043283317,5.528988786614364,6.052750073704938,7.590033166216759
2001-09-20,-3.105993338932478,43.74,4.75,1.84,2.7793862188766782,177.5,3.460500140632461,8.64261774579822,9.951141264214126,11.356408678946362
2001-09-21,-1.9034260317110752,42.66,4.7,1.79,2.7793862188766782,177.5,7.7800739866429325,10.931871860043607,13.799044196822386,15.150134141779281
2001-09-24,3.8983252112168474,37.75,4.73,1.79,2.8389339513325678,177.5,3.497935741103153,6.197834633538424,9.014705621040452,12.439562528931546
2001-09-25,0.8789682811224164,35.81,4.72,1.84,2.8389339513325678,177.5,3.8586479664314277,7.687289448755696,8.106682122268062,11.155037429197655
2001-09-26,-0.5166646648616657,35.26,4.65,1.83,2.8389339513325678,177.5,6.478397351943022,9.89281170445464,10.15916601067901,12.006691889782694
2001-09-27,1.1489124142700646,34.0,4.58,1.8,2.8389339513325678,177.5,5.008788473013159,8.072362968667823,9.355387354847867,10.909680375612506
2001-09-28,2.1921988175857665,31.93,4.6,1.74,2.8389339513325678,177.5,2.9242862403223713,5.592238331606314,4.46074037054891,10.545171536068976
2001-10-01,-0.2295898623023706,32.32,4.55,1.73,2.8389339513325678,177.5,2.6086499920046524,6.569294270522996,2.9038326786628765,11.005768521377203
2001-10-02,1.2305528501956209,31.18,4.53,1.76,2.8389339513325678,177.5,3.6863964217614065,3.3123138852863443,1.651979417234939,9.755361984707921
2001-10-03,1.992721040766932,31.34,4.5,1.73,2.8389339513325678,177.5,3.20667331348532,0.49631981990239105,1.9530599158586792,7.2727630392161124
2001-10-04,-0.2471392119277049,31.97,4.53,1.78,2.8389339513325678,177.5,2.917445806397456,1.204429298157783,2.4979064288546127,8.710584773384467
2001-10-05,0.1636079758431829,33.39,4.52,1.81,2.7793862188766782,177.5,2.592150199666632,2.5846244985355593,3.8025701820461055,7.740980988387358
2001-10-09,-0.5355541696520527,34.83,4.62,1.88,2.7793862188766782,177.5,3.8599516501064635,2.652474974863961,5.877453073249317,7.78738982511642
2001-10-10,2.2938244839720845,31.6,4.61,1.83,2.7793862188766782,177.5,-0.36078265749869276,0.38945420175324763,3.2202017510081005,6.603831241357261
2001-10-11,1.520834015585848,31.5,4.69,1.81,2.7793862188766782,177.5,-2.6261417082501404,0.24237645947280395,1.9235836744382118,5.653144365511675
2001-10-12,-0.5266877171196449,35.27,4.68,1.87,2.7793862188766782,177.5,-1.6644568807723137,1.1871900927640233,2.6253866659390557,5.4857569841652465
2001-10-15,-0.1529834569654165,35.31,4.62,1.84,2.7793862188766782,177.5,-0.007335552589982086,-1.0715730426170023,4.690622419527002,3.7191677590989736
2001-10-16,0.6935960961869103,32.88,4.59,1.82,2.7793862188766782,177.5,-1.1626008447513714,-3.4395100548901825,4.162994867538794,4.070807061934212
2001-10-17,-1.863264438138912,35.08,4.59,1.79,2.7793862188766782,177.5,0.7529533844822245,-1.6071021987707712,6.23647642484868,5.976982866908309
2001-10-18,-0.7873047505638664,34.95,4.58,1.81,2.7793862188766782,177.5,2.9458811821221564,1.4495457132827516,6.7429764905398315,5.922705973466025
2001-10-19,0.4557317621906032,34.11,4.63,1.86,3.1847133757961776,178.2,2.899914805045456,1.2780835183469064,7.41682506119643,6.832641491577118
2001-10-22,1.5296087718508211,32.25,4.63,1.84,3.1847133757961776,178.2,-1.0643155634548984,1.1872594840252715,5.026441842583762,7.571534813141589
2001-10-23,-0.4697674100833326,32.0,4.66,1.85,3.1847133757961776,178.2,-2.3036919522359645,3.141646705717549,5.002231900896459,7.7791255555382355
2001-10-24,0.0387103250114373,30.95,4.61,1.89,3.1847133757961776,178.2,-2.342418265643098,2.8197658526620373,6.190268777749242,6.926004576680089
2001-10-25,1.3720987208263535,29.46,4.56,1.93,2.6497695852534475,178.2,-1.4535165969314034,1.6771422170394512,5.3976851877872045,3.805001101915928
2001-10-26,0.410877262013698,28.42,4.53,1.9,2.6497695852534475,178.2,-1.5761250043513253,1.4213227700626385,4.248133471697857,3.09274399594206
2001-10-29,-2.381830408229002,31.64,4.5,1.95,2.6497695852534475,178.2,2.2757967060148765,5.824610417212317,4.8426331531378874,5.636945012069616
2001-10-30,-1.7165917580863832,33.46,4.44,1.96,2.6497695852534475,178.2,5.573740468566379,7.873308147825897,7.777836588332954,5.809823200317821
2001-10-31,-0.0009445045958234,33.56,4.3,1.86,2.6497695852534475,178.2,5.286004452114157,7.9716918587608765,7.707959858038027,6.161511377600637
2001-11-01,2.2948107736279866,32.31,4.24,1.75,2.6497695852534475,178.2,3.1768346326129127,5.217796432738497,4.40924622060439,4.821372204847263
2001-11-02,0.2859492349182924,30.71,4.37,1.89,2.6497695852534475,178.2,3.045447839303672,6.061273406439827,5.484461968737708,5.311234072944826
2001-11-05,1.4385591750238236,30.5,4.31,1.85,2.6497695852534475,178.2,3.469847046411445,3.7941361176646593,6.309366773713454,4.420903530390863
2001-11-06,1.4526150690715944,28.8,4.3,1.93,2.6497695852534475,178.2,2.1781625516472003,1.8039126333589728,4.496223395630161,2.063566138083339
2001-11-07,-0.2734869924297167,29.13,4.22,1.9,2.6497695852534475,178.2,2.550849394107435,3.2780690532956847,3.993627771825703,2.7887698459395427
2001-11-08,0.2455628351381245,28.62,4.32,1.9,2.6497695852534475,178.2,1.9781201927670633,3.6591734283856425,2.092760318080522,2.515483480904246
2001-11-09,0.1582437346394405,27.44,4.34,1.89,2.6497695852534475,178.2,2.926694609391456,2.787195655142427,1.6479978570864473,2.7755707422882914
2001-11-13,1.856340309336213,26.47,4.41,1.87,2.6497695852534475,178.2,0.3134140819864184,-0.927929014057316,-0.17733625893150418,1.583723814958593
2001-11-14,0.1861130534725363,26.56,4.54,1.84,2.6497695852534475,178.2,-0.36627192047913315,-0.08850341306125831,-1.9128781558087615,1.7358820262553865
2001-11-15,0.0902576504001828,25.56,4.79,1.81,2.6497695852534475,178.2,0.7091308004612662,-0.24426032062905279,-1.6765324780944613,0.5112731011207572
2001-11-16,-0.3142917294968739,25.07,4.91,1.82,2.304147465437789,177.6,1.6484450119701233,-0.7684538543353159,-0.3767653774659485,1.406930943464757
2001-11-19,1.0898901254644544,24.46,4.8,1.88,2.304147465437789,177.6,-0.13553233665806186,-0.5438473621674378,-0.7071754933779983,1.2345108173469788
2001-11-20,-0.7297642161543494,24.12,4.88,1.92,2.304147465437789,177.6,-1.237464707391145,2.423287817721631,0.603856283379689,2.6123234114306726
2001-11-21,-0.4927104050553632,24.19,4.98,1.87,2.304147465437789,177.6,0.2787896355701758,2.644604409230711,0.2550525790295799,2.450241825960453
2001-11-23,1.1705879511087591,23.25,5.04,1.84,2.304147465437789,177.6,-0.9466779362631073,0.6928467244684544,-0.4737687408772562,0.901472210416765
2001-11-26,0.6154770185656577,23.79,5.05,1.83,2.304147465437789,177.6,-2.377703727805014,-1.5111186579037317,-1.1033176415125023,-0.19699238049336598
2001-11-27,-0.6842843258801135,24.0,4.98,1.87,2.127659574468077,177.6,-0.4088691754567275,-1.1083071104284414,-0.011309689674876555,0.6133143826120291
2001-11-28,-1.825139666702913,25.9,4.98,1.86,2.127659574468077,177.6,3.706620647461989,0.7576229583737382,2.5351774763770596,1.5134827702730114
2001-11-29,1.0349777973346352,25.18,4.79,1.92,2.127659574468077,177.6,2.359237464132069,-1.8259908069338304,1.8260015129782037,-0.15698272836687233
2001-11-30,-0.0657779365127342,23.84,4.78,1.94,2.127659574468077,177.6,1.6551940172956137,-1.4357791963339417,0.7573834088927311,0.591512617771639
2001-12-03,-0.8381172642107582,25.77,4.75,1.93,2.127659574468077,177.6,0.8876917497259385,0.3947217312268769,2.1922310820460034,-0.20621984907102098
2001-12-04,1.3187029022137864,24.08,4.7,1.89,2.127659574468077,177.6,-0.7023094618776704,-0.16422124411482608,1.7880826196748467,-0.5171247111120603
2001-12-05,2.23182439448415,23.02,4.92,1.85,2.127659574468077,177.6,-2.843596359303835,-1.7763846221963808,0.18456309862404652,-3.654464085397857
2001-12-06,-0.277694712504517,23.71,5.04,1.85,2.127659574468077,177.6,-4.088764604691841,-2.3279858146993293,-0.1893548953585289,-4.094757774987956
2001-12-07,-0.7531417338754176,23.49,5.2,2.01,2.127659574468077,177.6,-3.0406446453721148,-1.158588224780266,0.2071899769793495,-2.601203767443072
2001-12-10,-1.586794895412269,25.62,5.17,2.07,2.127659574468077,177.6,-0.48863246839069285,0.4140579229189978,1.3342889669401448,-0.6825005860270128
2001-12-11,-0.2780910929572111,25.3,5.13,2.1,2.127659574468077,177.6,0.5418939905317055,1.1092917804315094,1.7409161909716087,-0.306131499951956
2001-12-12,0.0272649038297378,24.87,5.02,2.05,2.127659574468077,177.6,1.098447139989056,1.7641886199892598,0.7501763039919451,-0.35265092604017667
2001-12-13,-1.5557478644108724,25.91,5.13,2.04,2.127659574468077,177.6,1.835842049928016,3.7199176746771423,1.7000508508160372,-1.674140162646287
2001-12-14,0.3314299809999088,24.63,5.24,2.04,2.127659574468077,177.6,1.9410776956058085,2.2251102756601027,2.056823254499074,-0.8476631277082203
2001-12-17,1.0034832359149704,24.26,5.26,2.05,2.127659574468077,177.6,0.9071228882699511,1.7904420868173565,-0.5985788594610852,-0.36672963022392757
2001-12-18,0.7546157043874402,23.29,5.16,2.03,2.127659574468077,177.6,0.5643396671572987,1.955515235237848,-0.35348396275857175,-1.8129083380069577
2001-12-19,0.5809693060869314,22.58,5.08,1.97,2.127659574468077,177.6,0.658508116428691,1.9964116707350987,-1.912044731786422,-4.794887990013197
2001-12-20,-0.8377122022309003,23.67,5.08,1.93,2.127659574468077,177.6,1.8501105178915234,2.1896046039180384,-1.808882488014174,-4.378341812921793
2001-12-21,0.4351109896044258,22.5,5.12,1.95,2.127659574468077,177.6,0.2786242665615113,1.3817874281941922,-1.459525432460973,-5.3612140989508505
2001-12-24,-0.0209618593318472,22.62,5.18,1.96,2.127659574468077,177.6,0.8753784403559672,0.9164364662242352,-1.092036843872768,-5.633161149125643
2001-12-26,0.4123505527849902,22.29,5.22,1.96,1.9517795637198576,177.6,1.3833686699330938,0.624694723321495,-1.3998943672330677,-4.6242745712744675
2001-12-27,0.6751533273525068,21.59,5.13,1.94,1.9517795637198576,177.6,1.329150987176253,-0.996433352192172,-2.0801419190145776,-3.9053575039858512
2001-12-28,0.3361778393112802,21.4,5.15,1.99,1.9517795637198576,177.6,0.33332716508625015,-1.9474242451643087,-5.200599805952577,-4.609741316334781
2001-12-31,-1.114542665835072,23.8,5.07,2.0,1.9517795637198576,177.6,1.1000980215885692,-0.16462395658682905,-3.00588905708421,-2.575599907751891
2002-01-02,0.5740094891362402,22.71,5.2,1.98,1.9517795637198576,177.6,0.04070173168424507,-2.346999283332396,-2.1192281640760258,-3.3074438604186795
2002-01-03,0.9180090573510656,21.34,5.16,1.97,1.9517795637198576,177.6,-0.7483218959527527,-2.264712401942126,-3.696144896673881,-5.242558788639096
2002-01-04,0.6213143831922618,20.45,5.18,1.99,1.9517795637198576,177.6,-2.2950792705869416,-3.8319548094876255,-6.658371161793397,-7.6050560935626565
2002-01-07,-0.6498874255845943,21.94,5.09,2.01,1.9517795637198576,177.6,-2.2731743027895934,-3.9128119806609907,-6.427215803698272,-5.743892842954823
2002-01-08,-0.358836770714277,21.83,5.1,2.03,1.9517795637198576,177.6,-1.250960189875716,-2.802587064927775,-6.651097498079627,-6.871657214107374
2002-01-09,-0.4798740836654547,22.13,5.1,2.07,1.9517795637198576,177.6,-2.3867295747490913,-1.990234079231712,-6.490119790884585,-5.6529985975768415
2002-01-10,0.1220660839211351,22.36,5.0,2.06,1.9517795637198576,177.6,-1.5278235441014254,-2.012020107113255,-5.216382826331623,-4.0741855629102925
2002-01-11,-0.9467876684872144,22.6,4.92,2.16,1.9517795637198576,177.6,-1.5729765987497757,-1.0946156825617614,-2.9382013702009213,-3.161659521212834
2002-01-14,-0.627613613781075,23.58,4.91,2.12,1.9517795637198576,177.6,-1.677776461246716,-3.3177869482208355,-2.7151934058593175,-2.505250188856667
2002-01-15,0.6834011465972845,22.7,4.88,2.09,1.9517795637198576,177.6,-1.5712829998504874,-2.845950216346027,-2.414951539939769,-3.4427069643524155
2002-01-16,-1.624512172419068,23.45,4.88,2.04,1.7795637198622316,177.3,0.4061901561028147,0.23324538681328555,-0.9835279715294409,0.37337666028334215
2002-01-17,1.003047183988226,22.25,4.98,2.02,1.7795637198622316,177.3,-0.4917090090201137,-1.4646015066928753,-3.0468487481651096,1.3135677923364453
2002-01-18,-0.9922071491006434,22.52,4.94,2.03,1.7795637198622316,177.3,0.48600567167200737,-2.9390389985639365,-3.923445960246308,1.6460082049250424
2002-01-22,-0.7334200485323628,23.61,4.96,1.99,1.7795637198622316,177.3,-1.6679957266504508,-2.616794054303284,-1.9056451750105508,3.882745500572149
2002-01-23,0.7924520153362424,21.88,5.05,1.98,1.7795637198622316,177.3,-1.295015576088021,-3.9594782586678923,-4.186397586423151,2.6024201770797672
2002-01-24,0.3518915877006145,21.15,5.07,1.92,1.7795637198622316,177.3,-0.17224512654113733,-4.591262584272071,-3.737142399978921,2.840615950728953
2002-01-25,0.0998105249697234,21.01,5.1,1.93,1.6045845272206316,177.3,-0.9776999363409367,-3.270158975336712,-2.1045085918203976,3.0866140375254814
2002-01-28,-0.0194100926018681,21.14,5.12,1.93,1.6045845272206316,177.3,-3.408479267677278,-1.8639892058071705,-2.0899204354909884,2.870094768083087
2002-01-29,-2.8612820387958315,24.35,5.02,1.97,1.6045845272206316,177.3,-0.9648926965988736,0.6232723924500805,0.8404201080182361,4.856260944587598
2002-01-30,1.1747648157926616,23.22,5.02,1.96,1.6045845272206316,177.3,-2.699420599811553,0.44362399443567124,-0.6142376456104937,3.5444646207425823
2002-01-31,1.4933956271208082,21.09,5.07,1.91,1.6045845272206316,177.3,-4.426642133074576,-1.2139418948743375,0.13980518432707978,3.1817452275172187
2002-02-01,-0.7078393510550951,21.12,5.02,1.94,1.6045845272206316,177.3,-2.3150937087120793,-1.605765304313167,2.819463199530281,3.862956651439986
2002-02-04,-2.473713328594973,24.87,4.94,1.95,1.6045845272206316,177.3,1.5989913505453979,-1.014215140181629,4.723883996389833,6.930494290878242
2002-02-05,-0.4038523913263647,25.45,4.92,1.93,1.6045845272206316,177.3,1.6036384796186631,0.730258233323422,6.674189344823711,5.672368850736964
2002-02-06,-0.5972376331605855,26.09,4.92,1.94,1.6045845272206316,177.3,3.2302424236552163,-0.2362745679021061,6.832426893120158,6.46786420273564
2002-02-07,-0.3082542653237707,25.11,4.93,1.94,1.6045845272206316,177.3,3.3615018974990196,0.89522218554412,7.789515652657486,6.344362872373077
2002-02-08,1.4858703819622845,23.26,4.9,1.95,1.6045845272206316,177.3,0.7261392075084361,1.2050576855792805,6.571677308185975,3.252086749632621
2002-02-11,1.434016084658829,21.78,4.91,1.96,1.6045845272206316,177.3,-2.5720791673125243,-0.23022255322527885,4.82400286661171,2.3877232788803493
2002-02-12,-0.3992968721525436,21.62,4.97,1.93,1.6045845272206316,177.3,-0.8595954430022368,0.2158026770598287,4.20676892282732,3.348077296134311
2002-02-13,0.9941318072799188,20.85,5.01,1.92,1.6045845272206316,177.3,-3.3580440287360735,-1.053189438987967,3.087145308973227,2.5820068332570667
2002-02-14,-0.1814940661371777,21.77,4.95,1.88,1.6045845272206316,177.3,-2.38607186106935,1.3703827292721682,4.449703942750438,2.692395664911884
2002-02-15,-1.1016701573680177,22.37,4.86,1.89,1.6045845272206316,177.3,0.47546593350928923,4.49744694649008,5.557969908162597,2.9506017560444464
2002-02-19,-1.8873813034917089,24.43,4.88,1.9,1.6045845272206316,177.3,2.4036811974145422,5.796892093847217,8.026111468743657,3.8824431776503854
2002-02-20,1.3513776940142774,22.66,4.88,1.88,1.776504297994275,177.6,1.084722343899469,5.900839743438646,4.906282088512137,2.5829237195613253
2002-02-21,-1.5510327692499937,23.8,4.88,1.88,1.776504297994275,177.6,2.3849419918957837,7.085442559814381,6.720016460492673,3.865121530518656
2002-02-22,0.8224261112921738,22.86,4.84,1.87,1.776504297994275,177.6,3.8482772509626617,6.833121844397039,5.400791602210986,3.252777871428547
2002-02-25,1.7975196822479944,21.84,4.86,1.85,1.776504297994275,177.6,4.002948357206293,5.30271880213693,2.022654905660004,0.7544409933002205
2002-02-26,-0.0045112197887164,21.68,4.93,1.85,1.776504297994275,177.6,3.313563396115815,5.065888237079874,2.6239868416086054,1.9010587650297062
2002-02-27,0.0459725038652436,21.49,4.84,1.75,1.776504297994275,177.6,4.764436492345792,3.982372179992577,3.1255296424337997,-0.558620508370955
2002-02-28,-0.2847159752751182,21.59,4.88,1.82,1.776504297994275,177.6,4.5910076974899905,4.184404453752588,3.6738892862074213,0.38672751008890227
2002-03-01,2.2634291353989644,19.96,4.98,1.8,1.081388730791133,177.6,2.8742360224437435,3.037693190625723,1.3041412097362315,-2.582655614351903
2002-03-04,1.9491364003959568,20.5,5.02,1.78,1.081388730791133,177.6,1.249743844248008,1.0148793034298498,-1.4802707966996786,-2.207409299175822
2002-03-05,-0.6673326804381263,20.3,5.02,1.77,1.081388730791133,177.6,1.6961227387400246,2.1070745376140287,-1.8095511865307334,-1.751100921603399
2002-03-06,1.4509575331346891,19.94,5.06,1.8,1.081388730791133,177.6,-0.7464978942642864,-0.9391404802227887,-3.133040334633286,-3.293862774649503
2002-03-07,-0.4497863189539708,20.04,5.22,1.86,1.081388730791133,177.6,-0.38875545105502285,-0.3412472233259911,-3.0072444510811813,-2.796447122762502
2002-03-08,0.5848626658938816,19.27,5.33,1.73,1.081388730791133,177.6,0.15889028633593316,-1.3407173893806745,-3.3513426465093143,-4.850950322225922
2002-03-11,0.339252516348254,19.84,5.33,1.74,1.081388730791133,177.6,-0.23196556544323732,-3.1148900368281995,-4.319240624150389,-5.7607080842924985
2002-03-12,-0.2294055851038812,19.59,5.32,1.76,1.081388730791133,177.6,0.40409780413137586,-2.3241619487013088,-3.0122331092930166,-6.214926829339785
2002-03-13,-0.9857745214894464,19.46,5.28,1.79,1.081388730791133,177.6,-0.19409147473030686,-0.8240267264489787,-4.3670793358158155,-5.425052396765273
2002-03-14,-0.0909744291092806,19.2,5.4,1.77,1.081388730791133,177.6,0.04769363935182014,-0.49001112039929184,-3.645149159872052,-6.653723216395502
2002-03-15,1.1378611906534442,18.42,5.35,1.72,1.081388730791133,177.6,-1.4972287247088323,-1.6824444794997007,-5.454653176852164,-8.636043086372347
2002-03-18,-0.0523071734310987,18.93,5.32,1.65,1.081388730791133,177.6,-2.8896274119502796,-2.470081751654185,-3.189914817327588,-7.604135487096686
2002-03-19,0.4066741054269407,18.16,5.33,1.69,1.081388730791133,177.6,-2.7172792869022078,-3.8358025062230072,-3.778558416925548,-7.1631882120567925
2002-03-20,-1.5756831948543717,18.46,5.4,1.69,1.081388730791133,177.6,-0.6311602800140537,-2.214698989132524,-2.377046096553015,-5.841899415586438
2002-03-21,0.151060491492383,18.15,5.39,1.66,1.309049516220839,178.0,-0.5374484310347039,-2.675126021022378,-2.463606889540715,-6.948735207866785
2002-03-22,-0.4238953868639261,17.77,5.4,1.63,1.309049516220839,178.0,-0.18803100907001102,-2.0379483855198943,-3.557934783186234,-8.359877366460678
2002-03-25,-1.465130736491982,18.48,5.41,1.63,1.309049516220839,178.0,0.43202970920090955,-1.2430708782598443,-2.7308820194042904,-7.278221459902145
2002-03-26,0.5848723922133869,18.13,5.35,1.67,1.309049516220839,178.0,-1.149765560751037,-0.7044435699956497,-3.9833442520299633,-4.360162590293704
2002-03-27,0.5349160618494997,17.7,5.35,1.69,1.309049516220839,178.0,-1.5935968595193195,-3.5724908890929385,-4.639254366201772,-6.252944227309431
2002-03-28,0.2455100300232437,17.4,5.42,1.7,1.309049516220839,178.0,-2.1492285852987125,-3.170674698085052,-6.194063696915708,-8.053061577529396
2002-04-01,-0.0740790468006569,18.73,5.44,1.7,1.0215664018161208,178.0,-1.853402347586186,-3.836760055091004,-7.072591024115482,-6.278017166117111
2002-04-02,-0.8530037298018711,19.16,5.36,1.73,1.0215664018161208,178.0,-1.6678947864650073,-0.7380638460502409,-5.264080835553864,-3.4730268596350755
2002-04-03,-0.9993301359980666,20.2,5.3,1.75,1.0215664018161208,178.0,0.45050170420088964,0.059527444505702576,-3.460108639755566,-3.050477819464581
2002-04-04,0.083520649178892,19.78,5.28,1.71,1.0215664018161208,178.0,-2.010940311220022,-0.16602404015960692,-3.709351394286531,-2.4956927929916772
2002-04-05,-0.3205058384777581,19.13,5.22,1.73,1.0215664018161208,178.0,-1.0438815126529222,0.21733306485178794,-4.391076003620132,-1.4375686878602023
2002-04-08,0.2280208632783775,19.61,5.25,1.74,1.0215664018161208,178.0,-2.020811474819406,-1.5516073547010567,-6.45344689780496,-2.9690153666980024
2002-04-09,-0.6656053083536673,19.47,5.22,1.74,1.0215664018161208,178.0,0.9456025968279436,-1.506538482287556,-6.1111160860445874,-3.392381668355371
2002-04-10,1.1334694329529604,18.19,5.24,1.76,1.0215664018161208,178.0,-0.3892208132981634,-3.3021625538154464,-3.6816541965551175,-3.931988670537445
2002-04-11,-2.368928851795904,20.3,5.22,1.75,1.0215664018161208,178.0,1.8827778089921532,-1.1062854230548091,-2.779760011360999,-0.5988987580280547
2002-04-12,0.6632359401634425,19.42,5.18,1.77,1.0215664018161208,178.0,1.2745190462032596,-3.122389822921623,-5.042260559206635,-2.4473283982651584
2002-04-15,-0.7614657710675932,19.82,5.15,1.77,1.0215664018161208,178.0,0.4788814106148287,-3.3649354689778144,-2.5386593800549195,-2.5395672540907466
2002-04-16,2.341838932074425,18.11,5.2,1.77,1.3620885357548351,178.6,-2.429170777165224,-4.559670267245242,-2.755298878457313,-5.3803239363162225
2002-04-17,-0.2038381770233188,18.43,5.24,1.83,1.3620885357548351,178.6,-2.9243238174630926,-3.5175421812913332,-3.1081550586925744,-5.453472256474878
2002-04-18,-0.1420849203204621,19.29,5.23,1.85,1.3620885357548351,178.6,-2.933825810728097,-3.5492199124196655,-2.33354299519154,-5.098398138532745
2002-04-19,0.0622580647262394,18.3,5.21,1.85,1.3620885357548351,178.6,-4.341574673012206,-4.598415191800964,-1.651312903767932,-7.50908635446057
2002-04-22,-1.5411082070602822,19.77,5.19,1.82,1.3620885357548351,178.6,-3.825497284234869,-4.979095555947588,-1.439747235999822,-6.06049820926885
2002-04-23,-0.6201308314187082,20.28,5.18,1.79,1.3620885357548351,178.6,-2.1835414406639164,-4.675008404419801,-1.9146887082739816,-4.637765071852307
2002-04-24,-0.7102843487971744,20.77,5.11,1.83,1.3620885357548351,178.6,-0.6110885724996407,-0.3924510131375736,-0.6513342318255066,-5.85377805010231
2002-04-25,-0.1518592456082879,20.95,5.1,1.85,1.3045944412932498,178.6,-0.6339943928268976,-1.692195095982707,0.5130626018016393,-5.859012745649372
2002-04-26,-1.3889429445308576,22.14,5.08,1.86,1.3045944412932498,178.6,-0.2684975399822931,-1.981748654591875,0.6968188247238327,-4.23479618786573
2002-04-29,-1.0099222963083632,24.05,5.13,1.87,1.3045944412932498,178.6,-1.199484519428251,0.8550478989514998,0.8541084117785758,-4.866486269853265
2002-04-30,1.0765491857052112,21.91,5.11,1.87,1.3045944412932498,178.6,-2.5470835894600974,1.8905753928558422,-0.8598604713216274,-5.261303705715492
2002-05-01,0.88585192984596,20.06,5.08,1.87,1.3045944412932498,178.6,0.21998184326783576,0.4243124935395137,-2.0065099075534887,-7.07803012938919
2002-05-02,-0.1748709029378847,20.07,5.13,1.88,1.3045944412932498,178.6,-1.0649524419238832,1.2604117002726456,-1.6061852736767968,-7.126395486361126
2002-05-03,-1.0262230103922243,20.19,5.08,1.91,1.3045944412932498,178.6,-1.7178635359438532,3.0891544348640165,-3.0509673067919962,-3.471116691470899
2002-05-06,-1.933988124690189,22.56,5.1,1.91,1.3045944412932498,178.6,2.079475403935249,3.724810177987403,-1.138068154211258,-1.4752988732034678
2002-05-07,-0.3020940634939073,21.94,5.09,1.95,1.3045944412932498,178.6,4.5536441040116005,2.895693616063011,0.039069851404271994,-2.8108891246701795
2002-05-08,3.750391687182497,20.39,5.24,1.92,1.3045944412932498,178.6,0.20388214656754666,-0.25990321147455475,-5.482844515815799,-7.582311558960752
2002-05-09,-1.4547427263143953,21.56,5.2,1.93,1.3045944412932498,178.6,2.3503947282498716,2.243217311115253,-4.238542050384475,-7.8163292377400495
2002-05-10,-1.6793896950864529,22.41,5.15,1.96,1.3045944412932498,178.6,4.891039352370896,2.732723184253394,-2.298600008006968,-5.902427521365983
2002-05-13,1.8550003829920003,20.72,5.23,1.95,1.3045944412932498,178.6,1.6118174270993046,-0.0009315222118111421,-5.673027070035475,-9.159101267370051
2002-05-14,2.1143509403148686,19.35,5.32,1.92,1.3045944412932498,178.6,-1.5857414652130641,-2.699401640998411,-7.019176279058293,-11.2778868379932
2002-05-15,-0.56595243164973,19.19,5.28,1.91,1.8150879183210344,179.5,-0.46284170643581257,-2.420551697826556,-7.470643748157446,-9.204719824077856
2002-05-16,0.6562397034250766,18.5,5.2,1.92,1.8150879183210344,179.5,-0.10471617370815256,-2.8309157802305474,-8.282414663154258,-9.871336156590738
2002-05-17,0.7612235597496797,17.7,5.27,1.86,1.8150879183210344,179.5,-2.057674498645101,-5.9561277569073585,-6.363687006939179,-12.465316482785527
2002-05-20,-1.329305469220976,19.24,5.21,1.88,1.8150879183210344,179.5,-1.587166719528621,-4.688249921936849,-5.013370515952431,-13.169027492428176
2002-05-21,-1.099021865620475,20.05,5.18,1.9,1.8150879183210344,179.5,-1.1316044975248074,-2.7762325752113126,-5.545987922513362,-11.657778093789151
2002-05-22,0.5685830481789278,19.58,5.13,1.9,1.8150879183210344,179.5,-1.966813223275754,-5.23655126926057,-7.341489113462152,-8.930773695703909
2002-05-23,1.018391588049283,18.23,5.16,1.88,1.8150879183210344,179.5,-2.729057370979593,-6.339549489895669,-9.838839987052827,-10.947239982201529
2002-05-24,-1.208663934879506,18.9,5.16,1.88,1.527149321266963,179.5,-3.9803560292310247,-4.8974883915386735,-8.40545294426982,-12.085949298840736
2002-05-28,-0.8552986584789424,20.31,5.16,1.86,1.527149321266963,179.5,-3.151096355055971,-5.672148385145759,-9.158255056338295,-14.339032257551498
2002-05-29,-0.6411999753712316,20.39,5.11,1.87,1.527149321266963,179.5,-1.6634517727612375,-4.439617752525626,-8.816477330739026,-13.13995415874951
2002-05-30,-0.2809883206225883,20.61,5.06,1.89,1.527149321266963,179.5,-3.335337913100611,-5.175364421709294,-6.952455915965872,-13.456879654700149
2002-05-31,0.2329363730329881,19.98,5.08,1.86,1.527149321266963,179.5,-3.7117889693801476,-5.6103223846320605,-7.245535380817969,-13.982234751248857
2002-06-03,-2.479521016388564,23.37,5.06,1.87,1.527149321266963,179.5,-0.9551507633030143,-0.43337140454864365,-6.921438442105677,-13.427763006625826
2002-06-04,0.0009501186533977,23.89,5.04,1.91,1.527149321266963,179.5,-2.6030775106470783,-0.3411128153132159,-8.897935001240997,-12.938528376372894
2002-06-05,0.8849977924613395,22.61,5.08,1.92,1.527149321266963,179.5,-2.823127341575127,-2.848845936200428,-9.135158772209163,-16.03391017629677
2002-06-06,-1.976378656775468,24.16,5.04,1.91,1.527149321266963,179.5,-1.903515171815895,-2.221255001158262,-3.898362159591817,-17.626198329766464
2002-06-07,-0.1574109778707755,23.51,5.1,1.94,1.527149321266963,179.5,-1.9717194814723338,-3.7361452759397507,-4.919569004004276,-20.21157998205174
2002-06-10,0.3123958274676042,23.72,5.07,1.92,1.527149321266963,179.5,0.5268111999518821,-3.6886139949421026,-7.558644651675516,-22.608997442153566
2002-06-11,-1.6628844141906352,24.45,5.02,1.93,1.527149321266963,179.5,2.3224190636836006,-3.6957341988731907,-9.188043323400464,-16.788672751475264
2002-06-12,0.6570673184791209,24.15,4.98,1.93,1.527149321266963,179.5,-0.02646575663709516,-4.580203087591861,-9.104543328104786,-17.79742569068805
2002-06-13,-1.0487534652553143,25.02,4.94,1.94,1.527149321266963,179.5,-0.3239054181185752,-1.8740820709923334,-8.733505995025226,-15.523591572776196
2002-06-14,-0.2268293150364142,25.96,4.83,1.91,1.527149321266963,179.5,-1.7999150705636624,-1.7324065909508635,-8.869521093960964,-10.752826497208567
2002-06-17,2.869143710592281,24.64,4.89,1.93,1.527149321266963,179.5,-4.193334240463809,-6.516306848069231,-13.050950690391105,-12.873371067604245
2002-06-18,0.0936111508716974,24.24,4.88,1.95,1.527149321266963,179.5,-5.881558819295707,-8.586110509211654,-12.640534042603036,-12.102514391347475
2002-06-19,-1.6535881531748564,26.06,4.76,1.95,1.527149321266963,179.5,-4.5549428310393765,-6.470651735007172,-13.571701095220812,-13.267778937590135
2002-06-20,-1.3431516326825157,27.48,4.85,1.92,1.527149321266963,179.5,-1.5552140755277555,-1.7152062633381426,-15.754899828987078,-14.116208140265229
2002-06-21,-1.704276476302169,27.23,4.79,1.91,1.527149321266963,179.5,0.06874584646370252,-1.2293541864252133,-17.114871156301326,-15.623676807517217
2002-06-24,0.361926117806477,26.98,4.87,1.94,1.527149321266963,179.5,-2.424646123721508,-4.018248326869866,-19.645012113331894,-13.412640755539428
2002-06-25,-1.6701543782728812,27.84,4.88,1.96,1.1267605633802802,179.5,-2.8735619247276967,-5.70307979489627,-13.595387954713923,-10.179891575592926
2002-06-26,-0.2673781744827352,28.42,4.75,1.98,1.1267605633802802,179.5,-2.0071326486572505,-4.741511077272698,-13.85165660667791,-6.992080909243481
2002-06-27,1.7575200391014123,26.29,4.84,1.99,1.1267605633802802,179.5,-0.16251971732980097,-6.990430325447294,-13.910198029086462,-8.277477064067584
2002-06-28,-0.0827755099827798,25.4,4.86,1.96,1.1267605633802802,179.5,-1.2972082560928744,-7.262938121727602,-9.179445220266313,-8.690470883063705
2002-07-01,-2.138770963761893,27.11,4.85,1.97,1.1267605633802802,179.5,-1.6332015615018736,-6.9901430099704065,-6.8001851501560235,-8.717286978079052
2002-07-02,-2.1225413761828515,28.96,4.77,1.99,1.1267605633802802,179.5,-2.9132313778208685,-4.4352379665454915,-3.846684460888361,-3.002882736010659
2002-07-03,0.6222999094795512,29.42,4.78,2.0,1.1267605633802802,179.5,-2.7903851601888685,-7.592322080652725,-7.267373641185804,-2.48849468835024
2002-07-05,3.672998608076728,27.11,4.9,2.0,1.1267605633802802,179.5,-6.839025372821517,-14.28470573308217,-12.617416596664555,-6.092839244574377
2002-07-08,-1.2183703700778037,28.25,4.84,2.0,1.1267605633802802,179.5,-6.044134882337793,-16.08323691621831,-14.573482336301257,-2.6899188097089133
2002-07-09,-2.471899512958209,30.22,4.78,2.04,1.1267605633802802,179.5,-5.445883706195698,-16.280973741424976,-9.787685955828952,-1.6162404770893035
2002-07-10,-3.3962034997127355,34.1,4.66,2.05,1.1267605633802802,179.5,-1.5676766363989736,-8.369635129812536,-4.74756945503546,3.138615660255417
2002-07-11,0.7496197196734,33.85,4.66,2.05,1.1267605633802802,179.5,-4.939775688214398,-9.563604915878166,-2.362592412941178,3.8097002572720307
2002-07-12,-0.6448322137049933,32.94,4.63,2.07,1.1267605633802802,179.5,-7.992274007498934,-7.43984487601862,-1.3837788338595614,2.113108498419458
2002-07-15,-0.3755219741529814,35.03,4.66,2.11,1.1267605633802802,179.5,-10.684912561135407,-2.066603210973361,-1.5393336088325826,3.2704040363405795
2002-07-16,-1.8509026145718253,36.65,4.75,2.09,1.1267605633802802,179.5,-11.459141558218178,0.20423411664287627,-1.856947235489037,3.7605173253492996
2002-07-17,0.5660727209489291,35.45,4.71,2.08,1.1267605633802802,179.5,-6.910289487212118,0.6158687502942684,1.4988319962889518,1.3056837862276183
2002-07-18,-2.7018653770718326,35.12,4.66,2.11,1.1267605633802802,179.5,-4.864105109302264,0.351646580439513,5.523163775154161,4.110893227317303
2002-07-19,-3.835246341965115,38.17,4.61,2.13,1.2394366197183038,179.7,0.600416025416517,1.9451477716750043,9.557065117222031,8.058980515979751
2002-07-22,-3.2910674625847847,41.87,4.51,2.11,1.2394366197183038,179.7,9.649332041533532,1.7991096467933732,15.960241570730794,7.0952059129767875
2002-07-23,-2.701709341770231,44.92,4.47,2.13,1.2394366197183038,179.7,13.172873947828357,7.75604790903901,17.516607537983187,11.99699269682264
2002-07-24,5.732729067187403,39.86,4.49,2.11,1.2394366197183038,179.7,8.084844389404932,3.9529098022347497,12.559429187444259,4.235091477475161
2002-07-25,-0.5631765577757797,39.27,4.43,2.15,1.2394366197183038,179.7,5.48242248179216,7.962516082423221,14.787525708771,6.586539647635314
2002-07-26,1.688371524699228,35.51,4.43,2.23,1.0118043844856484,179.7,1.3367059495248412,6.542843444943647,10.320805277003075,5.876834287666632
2002-07-29,5.407813149581853,31.33,4.62,2.21,1.0118043844856484,179.7,-7.159389162322127,0.5383961135103421,5.4496294648200605,1.1813645610049939
2002-07-30,0.4249362853574023,31.92,4.65,2.21,1.0118043844856484,179.7,-4.786328958374286,-2.0569802965936024,3.549034868693046,0.7388270335743741
2002-07-31,0.979193771842457,32.03,4.51,2.28,1.0118043844856484,179.7,-3.822862132533378,0.8775586365864507,0.6855926848331473,-2.7105616490432527
2002-08-01,-2.9573750155831746,36.95,4.47,2.32,1.0118043844856484,179.7,2.3511913570805065,5.153395455817722,3.746073706787123,0.5821473300930302
2002-08-02,-2.3082295492101057,41.29,4.33,2.34,1.0118043844856484,179.7,5.137464699130789,7.466679397625953,5.997178755381061,3.1079313217475812
2002-08-05,-3.429604621790228,45.08,4.29,2.36,1.0118043844856484,179.7,8.291398781607807,13.910860294428451,5.202497629457636,4.663317167962844
2002-08-06,2.991856274708238,42.03,4.42,2.31,1.0118043844856484,179.7,2.8665512335801724,9.058015599443149,3.9356907292698917,1.1505769819987854
2002-08-07,2.0010019033323,38.73,4.35,2.37,1.0118043844856484,179.7,4.887253741733355,8.279248172641784,0.2714514444831062,-3.8151409676296266
2002-08-08,3.272238078663414,36.33,4.4,2.3,1.0118043844856484,179.7,2.7378324195181714,6.321647432834254,-1.2744945974929256,-6.634197630652816
2002-08-09,0.3512018861808297,35.33,4.27,2.17,1.0118043844856484,179.7,2.2153993394843807,3.545955514141741,-0.6251092384456758,-8.247490891142595
2002-08-12,-0.5326671484241707,37.05,4.22,2.12,1.0118043844856484,179.7,5.1892039220524655,4.884933061558727,0.6395252683051966,-9.350521233353149
2002-08-13,-2.167511184432536,35.82,4.12,2.12,1.0118043844856484,179.7,6.018928691216585,5.7237516080910655,2.8545243332647408,-5.038401253215252
2002-08-14,4.004701627960761,32.36,4.06,1.94,1.0118043844856484,179.7,3.2339434105698173,-0.1902959928331227,-3.5569063467881357,-7.032250631078907
2002-08-15,1.1559127617117415,29.43,4.17,1.95,1.0118043844856484,179.7,3.4883109064263618,-1.338351218170486,-4.3472187520995025,-11.059393161280529
2002-08-16,-0.1590949173609246,28.81,4.32,2.04,1.1242270938729648,179.9,1.3017179243591803,-1.3674011800510866,-4.05590653801724,-12.21938562268119
2002-08-19,2.361186538606108,28.61,4.29,2.04,1.1242270938729648,179.9,-0.2892605411475624,-7.644892367999034,-8.118227798967748,-10.812037208653734
2002-08-20,-1.3958156475084027,29.59,4.17,2.05,1.1242270938729648,179.9,-0.27841922831086663,-4.69688068503552,-7.250671648462237,-11.68300783919215
2002-08-21,1.2726275848853996,28.23,4.2,2.08,1.1242270938729648,179.9,-3.3169704559133706,-7.39550455262763,-11.16962792444587,-13.736619949937968
2002-08-22,1.4051600089852956,27.75,4.3,2.08,1.1242270938729648,179.9,-4.663968406017482,-7.144492409342929,-12.185519483858243,-16.8401363936332
2002-08-23,-2.2686222684675683,29.32,4.25,2.06,1.1242270938729648,179.9,-2.6348211650302655,-4.028225662582974,-11.389577069162904,-16.535930794904953
2002-08-26,0.7535687526151413,29.89,4.22,2.03,1.4092446448703555,179.9,-7.37697049161582,-4.04768127254449,-13.572449234969586,-15.760327284159958
2002-08-27,-1.3850946477908743,30.11,4.29,2.03,1.4092446448703555,179.9,-4.430797649347995,-2.713890900752647,-10.179503373282362,-16.90806746969573
2002-08-28,-1.8131845782321296,33.32,4.22,1.99,1.4092446448703555,179.9,-4.2184591400856615,-3.3730290931563767,-6.85499942746498,-12.41461348700943
2002-08-29,-0.0076271503144376,33.67,4.16,2.02,1.4092446448703555,179.9,-2.601874613251698,-3.0496830035574796,-9.85290846355731,-8.986705335123125
2002-08-30,-0.1884920997776484,32.64,4.14,2.0,1.4092446448703555,179.9,-1.431111732372481,-2.7257776740466366,-11.002431825242798,-4.498529135958407
2002-09-03,-4.1536113494328175,39.97,3.98,1.97,1.4092446448703555,179.9,3.5944507934389858,-0.5125167877609527,-3.429312056323419,-2.762480524576416
2002-09-04,1.751669044063875,37.44,3.96,1.94,1.4092446448703555,179.9,1.796506307854151,-2.6796509723745365,-7.330428641132269,-2.3051986093991395
2002-09-05,-1.5950301780376486,38.86,3.91,1.96,1.4092446448703555,179.9,0.8826649053033986,-4.075529328879157,-6.847524374142322,-0.13562993780483756
2002-09-06,1.6800270813775775,36.33,4.05,1.97,1.4092446448703555,179.9,-0.45977105670939045,-5.428893993814688,-10.44164663557966,-0.08321679089222656
2002-09-09,1.011280565970818,36.45,4.05,1.92,1.4092446448703555,179.9,-1.313463065707876,-7.670329591593172,-13.03269134979984,-2.134579108483692
2002-09-10,0.7331437667334573,35.08,4.0,1.88,1.4092446448703555,179.9,-3.9644667737936623,-9.926563619040197,-12.206735769340026,-2.194182315199933
2002-09-11,-0.0142928472888437,34.81,4.07,1.89,1.4092446448703555,179.9,-4.397161987752163,-7.673873013991761,-14.590136968539657,-3.6691017752075172
2002-09-12,-2.478425285607544,37.5,3.98,1.86,1.4092446448703555,179.9,-4.914812905504351,-3.603518046390486,-9.357205663178537,0.4748201392910323
2002-09-13,0.3269806972381328,35.82,3.92,1.85,1.4092446448703555,179.9,-4.992075053329725,-7.0172286907008825,-6.123778153075532,-0.6804681275096591
2002-09-16,0.144972300927515,36.74,3.9,1.83,1.4092446448703555,179.9,-6.441472893225408,-8.508579100701652,-1.8224267637642844,-1.724390132634468
2002-09-17,-1.9728376766173672,38.01,3.87,1.81,1.4092446448703555,179.9,-6.2082196505361615,-2.931821345143504,-2.261554583721437,1.2262632115895844
2002-09-18,-0.4647858626952161,37.52,3.86,1.82,1.747463359639223,180.5,-3.427420246478252,-4.778833733361898,0.3847626593171505,1.1337660587962484
2002-09-19,-3.006465390913582,40.65,3.79,1.86,1.747463359639223,180.5,1.3790737539493891,-2.8897684041093274,4.10729333558939,6.057856531128225
2002-09-20,0.2454592925865251,38.98,3.79,1.85,1.6901408450704205,180.5,-2.131562854896474,-5.300511809005492,5.652548044191064,6.665954476406144
2002-09-23,-1.382794004997523,39.68,3.7,1.77,1.6901408450704205,180.5,-2.2094257695155495,-5.807842413481024,5.995635485995865,8.999898049159194
2002-09-24,-1.728443561076631,40.52,3.69,1.76,1.6901408450704205,180.5,3.4932680595090027,-2.5314590426593453,8.584530150639157,11.931221676002357
2002-09-25,2.4862985833457474,37.33,3.77,1.77,1.6901408450704205,180.5,-1.3993759826369079,-7.491123239249542,4.337635910354121,6.719965554432572
2002-09-26,1.820979867033401,34.6,3.79,1.82,1.6901408450704205,180.5,-4.21077249967714,-5.968773445027786,4.2307956711990835,3.892896523725442
2002-09-27,-3.225921597292769,36.97,3.69,1.87,1.6901408450704205,180.5,-3.237968283288928,0.9608775099349876,6.814983543685216,8.184398265712488
2002-09-30,-1.4612526308257157,39.69,3.63,1.91,1.6901408450704205,180.5,-3.6797172654741805,7.307955512349729,7.4151094183293464,9.736466411119205
2002-10-01,4.002298924922454,34.12,3.72,1.92,1.6901408450704205,180.5,-5.821371008116305,0.6905113196831847,4.283674232230017,8.112689854716315
2002-10-02,-2.358740978812724,36.83,3.71,1.96,1.6901408450704205,180.5,-6.17820355329588,5.422740127147718,6.209333516879689,11.40519179975399
2002-10-03,-1.082238555898618,37.31,3.7,1.95,1.6901408450704205,180.5,-1.8352804289445968,7.205277574474223,9.2138848689721,11.45179709823736
2002-10-04,-2.243115555695674,39.46,3.69,1.91,1.6901408450704205,180.5,4.339352655922757,11.566123600484413,12.636252332512221,13.550767982462464
2002-10-07,-1.911112876459886,42.64,3.64,1.87,1.6901408450704205,180.5,11.407434099947288,12.531274579452067,15.720778504344924,18.010651017805436
2002-10-08,1.6898377650040874,41.02,3.65,1.85,1.6901408450704205,180.5,6.914394908382748,11.404694359961386,14.838306366965703,18.539051250047113
2002-10-09,-2.7286930512098406,42.13,3.61,1.89,1.6901408450704205,180.5,12.36487055226403,12.786620661491321,15.361865035325506,21.445417762119277
2002-10-10,3.496572017491784,37.55,3.68,1.93,1.6901408450704205,180.5,9.20957961569373,10.847002096972558,10.487654293212834,17.63500751415119
2002-10-11,3.905864399637848,35.7,3.83,1.98,1.6901408450704205,180.5,6.9262179231580845,5.798390602512504,7.154772159212497,10.839258560624888
2002-10-15,4.733554023374031,34.02,4.07,1.99,1.6901408450704205,180.5,1.0087661461591013,0.09985644164771657,2.2631228851339946,8.79151359906485
2002-10-16,-2.4112927399144835,36.0,4.06,2.04,1.6901408450704205,180.5,4.199901664716421,3.56852186512282,7.37127901900152,11.175644248670324
2002-10-17,2.2301797911908228,34.1,4.16,2.06,1.6901408450704205,180.5,0.3753398256540752,0.7461325599991797,5.674726027222388,8.543577322320207
2002-10-18,0.590309641645459,33.53,4.14,2.05,1.8591549295774668,180.8,1.4993396065078546,1.8736085945978642,3.961110516050015,6.315467218677551
2002-10-21,1.7333931637368627,33.11,4.24,2.01,1.8591549295774668,180.8,-1.0547715448573247,0.9591878766532336,1.7788951681112941,4.144212798329794
2002-10-22,-1.062552557449925,34.09,4.27,2.06,1.8591549295774668,180.8,-0.8998324988904294,2.834326667686504,4.869203213800577,3.997344368354838
2002-10-23,0.6717940240315912,33.2,4.26,2.06,1.4590347923681302,180.8,-0.6059312816102058,3.0821071111330145,6.4040002363220605,3.950606196703954
2002-10-24,-1.522085212743074,34.03,4.16,2.07,1.4590347923681302,180.8,0.36940620573655547,2.2832888854461775,7.677149159930741,3.2163970884143467
2002-10-25,1.7167166474858275,30.0,4.12,2.14,1.4590347923681302,180.8,0.3687403184503335,-0.3241836016867228,6.1237609396420645,2.890689356192455
2002-10-28,-0.8266076693036251,31.07,4.1,2.22,1.4590347923681302,180.8,2.0354285425937313,1.2820436577300809,4.764597957875472,3.8067831550623987
2002-10-29,-0.9076256958267082,32.27,3.97,2.18,1.4590347923681302,180.8,3.7680654440217065,2.1611084375004586,8.682986635933787,4.366322769075182
2002-10-30,0.9703562117202802,31.23,3.99,2.25,1.4590347923681302,180.8,3.710521603851835,3.6717306430529506,7.345013954581936,1.9760989038932752
2002-10-31,-0.5557377917527417,31.14,3.93,2.25,1.4590347923681302,180.8,1.9068386992213249,4.892091976124235,7.739696367676729,4.95780673553643
2002-11-01,1.716041821650216,29.3,4.01,2.25,1.4590347923681302,180.8,-0.6903782173000694,2.0491096273611786,4.3601661758698285,2.347201125176679
2002-11-04,0.8202310239139088,30.82,4.07,2.28,1.4590347923681302,180.8,-0.7383561725809451,0.8119194584444545,3.1547648001763573,0.18011703937013124
2002-11-05,0.7750359720061439,31.23,4.1,2.28,1.4590347923681302,180.8,-1.5486045727508668,1.9787911411039083,1.1309625281319402,-1.3567317636731024
2002-11-06,0.9143638212398608,30.73,4.09,2.22,1.4590347923681302,180.8,-0.03740311031033006,3.222570064082686,0.8425313664131906,-0.978142775846802
2002-11-07,-2.2852239898237703,31.42,3.88,2.02,1.4590347923681302,180.8,2.929394449879763,5.273452128162881,0.9122782549681796,1.520920126882408
2002-11-08,-0.8763124096542452,29.41,3.85,1.98,1.4590347923681302,180.8,2.758532149740267,6.468915705252121,3.225328945420669,1.8580408605846088
2002-11-12,0.7715232708418229,30.58,3.84,2.05,1.4590347923681302,180.8,1.5618073318640402,3.4384715931623955,2.4927809571697823,0.7599479975913814
2002-11-13,-0.0475658762500552,31.24,3.84,2.08,1.4590347923681302,180.8,3.58288036299228,6.383914875417851,2.1585653927431947,-0.8079050736090387
2002-11-14,2.4633711616244502,28.67,4.03,2.14,1.4590347923681302,180.8,3.2611929619940305,3.543187027692518,-1.635577730440152,-2.751391105027401
2002-11-15,0.6148603225257787,26.65,4.05,2.14,1.4590347923681302,180.8,2.277345252841778,2.7147941640830675,0.06264987014188428,-3.2984193972423803
2002-11-18,-1.0408572546959705,27.66,4.02,2.11,1.4590347923681302,180.8,3.610779054439095,2.264651359475489,0.29210592714044026,0.9629530505986805
2002-11-19,-0.4020608618866994,27.41,3.99,2.08,1.7396184062850928,181.3,1.8478051056792788,2.3239765241228616,-0.6267140061099408,1.321457362238987
2002-11-20,1.9414807379268595,25.32,4.08,2.1,2.083333333333348,181.3,2.704148120432359,-0.8313773908134592,-3.2708005924112604,1.6255521473170331
2002-11-21,2.145160512808797,23.81,4.14,2.09,2.083333333333348,181.3,0.2730881346705738,-2.3057347789266824,-4.069568154834369,-1.1598287543458263
2002-11-22,-0.3437737683221198,23.16,4.18,2.08,2.083333333333348,181.3,0.42770851175288893,-4.142710042305198,-3.564556804608332,-2.2158933305768014
2002-11-25,0.2493157116385758,24.07,4.19,2.1,2.083333333333348,181.3,-1.2992158800932407,-3.0465105597684117,-4.3307239621301346,-0.568137877808228
2002-11-26,-2.09675492415603,25.97,4.08,2.11,2.083333333333348,181.3,0.46753233213960854,-0.9142542628744144,-2.5894848931121373,1.5613548306428138
2002-11-27,2.7986113835301474,27.25,4.26,2.13,2.083333333333348,181.3,-3.442436918029812,-3.9717935626102374,-6.760251263030581,-1.3431023908681228
2002-11-29,-0.272667948907479,27.5,4.22,2.14,2.083333333333348,181.3,-2.571799633949423,-5.0015504706723,-6.079181367129838,-0.4966329982791118
2002-12-02,-0.190104587835227,27.46,4.22,2.15,2.083333333333348,181.3,-4.550953737556595,-2.582047031807755,-5.854281859066502,-1.7452685395268897
2002-12-03,-1.4745410917659685,28.33,4.24,2.16,2.083333333333348,181.3,-1.770294628614577,-1.928863401099612,-1.2728721914878949,-0.6679364012014521
2002-12-04,-0.3442826945594612,28.92,4.18,2.16,2.083333333333348,181.3,-1.3753563593519091,-2.8836746092810173,-0.9797500018458583,-1.7219193420405343
2002-12-05,-1.202078193884104,30.1,4.13,2.16,2.083333333333348,181.3,-0.5482290849977756,-2.459874038193821,2.477527138612179,-2.088135561268578
2002-12-06,0.6265504111482523,28.88,4.09,2.2,2.083333333333348,181.3,-2.4938886560502804,-1.8054625539342228,1.1729511675919069,-3.7128789715706323
2002-12-09,-2.217640386950981,30.78,4.06,2.18,2.083333333333348,181.3,2.06278300606082,0.6031395608534273,2.0100888649979165,-0.522418513960865
2002-12-10,1.3957412788151655,28.76,4.06,2.16,2.083333333333348,181.3,-0.1614264970922319,-1.3245664594190965,2.556249080119999,-4.759797358830076
2002-12-11,0.0563889389951555,27.76,4.01,2.16,2.083333333333348,181.3,-1.5293522939609838,-1.6906878156643268,2.498451290950565,-6.351666383959154
2002-12-12,-0.3734977016382035,27.29,4.01,2.16,2.083333333333348,181.3,-1.922182919024995,-2.903790254833505,2.737415671150778,-4.773845720474867
2002-12-13,-1.3420923702535892,28.18,4.07,2.2,2.083333333333348,181.3,0.7060337989355681,-1.1343668257710937,4.742095786523781,-2.8241214719581964
2002-12-16,2.3519409547911208,26.24,4.15,2.21,2.083333333333348,181.3,-1.4301427045358195,-3.3589648802486716,0.8589571704037846,-7.226497945762123
2002-12-17,-0.8139316762932447,26.66,4.13,2.24,2.195945945945943,181.5,-1.1650206142949093,0.6688932466385467,1.2857269158154105,-5.2370434377760455
2002-12-18,-1.3145212289791377,28.29,4.06,2.25,2.195945945945943,181.5,-0.16384123133320605,1.960457832166984,1.1962512611206177,-3.456323274276718
2002-12-19,-0.7709393970319445,30.21,3.96,2.22,2.195945945945943,181.5,-1.000845415429763,5.061917983107134,0.3811133861676641,-4.076899948314239
2002-12-20,1.3016691846904127,26.71,3.97,2.21,2.195945945945943,181.5,-1.827497872055106,3.0331765890358575,-1.9424872984244002,-5.824102699539624
2002-12-23,0.1808514668578897,26.2,3.98,2.19,2.195945945945943,181.5,-1.956807312737796,1.398514311070187,-1.1188100885594188,-6.600323179307422
2002-12-24,-0.5471521710948668,26.49,3.95,2.22,2.195945945945943,181.5,1.8555311817050057,3.9329095401877234,-3.4813436091955308,-7.034406794915238
2002-12-26,-0.3148562585674308,27.37,3.93,2.23,2.195945945945943,181.5,2.1277852530589225,4.2611823982249275,-4.741136383453892,-6.034890189747166
2002-12-27,-1.6028538049280283,29.55,3.83,2.23,2.195945945945943,181.5,6.12405572954442,5.809913631839936,-1.925981941570476,-5.277588635887276
2002-12-30,0.4557905098352854,29.62,3.82,2.21,2.195945945945943,181.5,4.95115674525255,5.943888107143214,-1.709142592764601,-6.90365150404022
2002-12-31,0.0488966975538351,28.62,3.83,2.22,2.195945945945943,181.5,3.4222892297181673,4.364524909554057,-4.001957409418355,-7.098044109835556
2003-01-02,3.3199997419349536,25.39,4.07,2.27,2.195945945945943,181.5,2.0395341660697675,0.6127351253039315,-5.8666947593682846,-8.155947796992347
2003-01-03,-0.0484035100299817,24.68,4.05,2.26,2.195945945945943,181.5,2.0889488006419876,-0.7495126907965943,-5.312629250213929,-6.319686794718282
2003-01-06,2.247436391177171,24.91,4.09,2.25,2.195945945945943,181.5,-0.2960140333357342,-4.455281882148887,-8.698506658607563,-9.028966749666534
2003-01-07,-0.6544619569145094,25.13,4.04,2.27,2.195945945945943,181.5,0.9458984471227394,-4.82918614390242,-8.596531313310972,-9.299732132553462
2003-01-08,-1.408557539918065,25.53,4.0,2.29,2.195945945945943,181.5,0.9110566850275781,-2.4826048159906744,-7.888515472562818,-6.787336417388601
2003-01-09,1.938612287805186,24.25,4.19,2.32,2.195945945945943,181.5,-1.398280629587867,-7.133691515213836,-10.552303773293502,-10.240735414504654
2003-01-10,0.0,24.32,4.16,2.37,2.195945945945943,181.5,-2.780380760880863,-8.634391606354985,-9.875269348707615,-9.594963107608434
2003-01-13,-0.1412289690535306,24.9,4.15,2.34,2.195945945945943,181.5,-4.1716164188298155,-7.311125496545678,-10.4786989112434,-10.656837273762143
2003-01-14,0.5829856975335224,24.57,4.1,2.34,2.195945945945943,181.5,-5.720970024403971,-7.223664183598899,-12.126739768310602,-10.13029931178705
2003-01-15,-1.44258665487621,25.51,4.1,2.35,2.195945945945943,181.5,-3.3630224600767367,-8.016595990086762,-10.983204330516983,-8.393407761546069
2003-01-16,-0.394240512370414,25.01,4.1,2.35,2.2522522522522515,181.6,-5.8167453085478655,-6.4399699268712585,-8.715281332304182,-8.72403019431811
2003-01-17,-1.4016998284795967,25.7,4.05,2.35,2.2522522522522515,181.6,-6.021429513188825,-4.597575974817591,-5.6122385440470985,-8.848060111146216
2003-01-21,-1.5702315109737075,27.59,4.01,2.34,2.425267907501394,181.6,-3.2761786856777997,-4.441087754557804,-4.786957309221595,-6.508417999711957
2003-01-22,-1.0432403299344806,29.01,3.95,2.29,2.425267907501394,181.6,-1.593879529290787,-3.958508934372418,-4.697391781697647,-6.405119848794872
2003-01-23,1.0223645946612736,27.53,3.98,2.29,2.425267907501394,181.6,-4.815520568291265,-5.543534716418074,-4.414321766157925,-6.587104203353123
2003-01-24,-2.923344113454651,31.51,3.94,2.28,2.425267907501394,181.6,-0.6617148880287749,-3.6812190705736048,-3.345717031273876,-6.2595823562913715
2003-01-27,-1.6159790516352857,34.69,3.98,2.28,2.425267907501394,181.6,1.5150832056666008,-1.3581453286080847,-1.0513490996687413,-5.516354495376008
2003-01-28,1.3050452887956476,31.93,4.0,2.3,2.425267907501394,181.6,-1.2043662595736637,-3.4174256960900484,-3.609615280301781,-6.330511912889147
2003-01-29,0.6778959015503627,31.26,4.06,2.29,2.425267907501394,181.6,-2.4029292017313852,-5.284834264649763,-3.1329488307667464,-3.755375247304782
2003-01-30,-2.284927615195776,31.32,4.0,2.3,2.425267907501394,181.6,-0.7648454374845071,-3.225156072839519,-0.4096519100540208,-1.3426274868857946
2003-01-31,1.3130352526974365,31.17,4.0,2.28,2.425267907501394,181.6,-3.0396177859738027,-2.431926757242908,-2.4412778252225764,0.8285574055358902
2003-02-03,0.5399082682342904,31.02,4.01,2.29,2.425267907501394,181.6,-2.8303464308388704,-1.0635605746890486,-4.455320899610138,0.7125261333719823
2003-02-04,-1.408777549517104,32.76,3.96,2.28,2.425267907501394,181.6,-2.2400376947132594,-0.36194379627871864,-2.1634091437167657,3.04409419389593
2003-02-05,-0.5435021557671615,33.04,4.02,2.29,2.425267907501394,181.6,-2.9528602030231443,-0.7693371262013526,-2.547452030654762,3.80278986633682
2003-02-06,-0.6448632947551713,33.35,3.97,2.29,2.425267907501394,181.6,-2.4792732436417664,1.1954850807406325,-1.1048153070326583,6.8770449125235
2003-02-07,-1.0093684574632666,34.01,3.96,2.33,2.425267907501394,181.6,0.626741577183032,0.3483246320834965,-2.676906062180062,4.162997978245886
2003-02-10,0.7569053795079661,33.99,3.99,2.31,2.425267907501394,181.6,1.8182485902271006,0.31102033711893906,-4.215461256907915,4.637728733083701
2003-02-11,-0.809832737221361,33.68,3.98,2.33,2.425267907501394,181.6,1.921127887273122,-0.19898991675970645,-3.016161287679797,4.914375229148682
2003-02-12,-1.2686950526266227,34.33,3.93,2.31,2.425267907501394,181.6,2.24996128828705,2.271954461755099,1.61479843852943,6.087852066907273
2003-02-13,-0.1600133837779682,33.7,3.89,2.32,2.425267907501394,181.6,3.7681818487297125,2.90933474912618,1.945266465498685,5.643711557603592
2003-02-14,2.143462524427276,32.62,3.95,2.33,2.425267907501394,181.6,-0.27668285858782893,-0.009584147425356626,3.3417531518393773,1.591823808425863
2003-02-18,1.9499536437232567,31.11,3.94,2.28,2.425267907501394,181.6,-1.4803124920897859,-3.4282215376081004,1.7951795297847184,0.8588175928856634
2003-02-19,-0.7096089087508695,31.31,3.88,2.27,2.425267907501394,181.6,-2.08015535932623,-1.8080093250261164,3.4184107156914,4.232487229726245
2003-02-20,-0.9501531421770348,31.16,3.85,2.26,2.425267907501394,181.6,0.0215092242490611,-1.791900661507051,4.60757477590672,4.700757110111042
2003-02-21,1.3224235631437151,30.25,3.9,2.27,2.7636773829667005,182.2,-0.8276593887474593,-2.273125511417784,5.614440038752444,3.61719859155063
2003-02-24,-1.838070921446877,31.98,3.86,2.26,2.5900900900900803,182.2,0.2678397779164454,-3.014729648307779,3.801432022057649,5.687138126548175
2003-02-25,0.7194491954433557,31.74,3.81,2.23,2.5900900900900803,182.2,-1.977177450305967,-4.512446966260086,4.313293176984767,4.736631450708173
2003-02-26,-1.3141442497345723,31.94,3.78,2.21,2.5900900900900803,182.2,0.277927355071661,-2.8227884352777566,5.123560514711789,4.645036917216783
2003-02-27,1.175764805441637,30.53,3.76,2.18,2.5900900900900803,182.2,-1.813019919236003,-0.6425574114469645,3.731128074392176,4.096596908178096
2003-02-28,0.4622103695029578,29.63,3.71,2.18,2.5900900900900803,182.2,-1.457529502441035,-0.9368132502048709,2.6570736417093066,3.22771950197811
2003-03-03,-0.7537331833147309,30.43,3.68,2.16,2.5900900900900803,182.2,-3.273800885203859,3.351658527159218,1.6015614518619214,6.039695626263519
2003-03-04,-1.5356796590494717,31.83,3.65,2.16,2.5900900900900803,182.2,-2.5864073794332865,5.408827662241911,4.43922561927681,8.37236561780954
2003-03-05,0.9562142416504882,30.38,3.63,2.17,2.5900900900900803,182.2,-3.092121937632575,5.322654123611303,6.151720230163216,6.032415380050771
2003-03-06,-0.9339037450146191,31.37,3.67,2.2,2.5900900900900803,182.2,1.1920750661913226,6.516239984806904,6.611122519783175,8.694811291407767
2003-03-07,0.825938360801004,31.08,3.63,2.24,2.5900900900900803,182.2,0.5284181019685974,8.071030196603468,6.027332945817898,7.615002473393218
2003-03-10,-2.5829764867861598,33.31,3.59,2.24,2.5900900900900803,182.2,6.849705119188942,7.028038016132121,8.972360177273163,12.865955461598965
2003-03-11,-0.8359340371610902,33.61,3.6,2.22,2.5900900900900803,182.2,8.207514810399452,9.242817375502677,9.686161309108222,14.7727750862098
2003-03-12,0.4321084581634826,33.51,3.6,2.15,2.5900900900900803,182.2,8.683273464958496,8.177173250847058,7.684749574771255,13.335155859785575
2003-03-13,3.445705851668457,31.76,3.74,2.15,2.5900900900900803,182.2,5.261444550013383,4.401970674658928,4.769803042586673,8.04303055426141
2003-03-14,0.1646826634188913,30.98,3.72,2.16,2.5900900900900803,182.2,7.502965069025747,3.627873289591732,4.203915590461871,9.78914462446463
2003-03-17,3.5426641789776614,31.75,3.82,2.19,2.5900900900900803,182.2,0.16690069171858557,-1.6933420326655013,2.6008649860203903,6.380469202248928
2003-03-18,0.4242091671087467,30.43,3.91,2.19,2.5900900900900803,182.2,0.9567751065323815,-0.919848996017647,2.8114703685574005,5.824914304584872
2003-03-19,0.8736807914557332,31.54,3.98,2.26,2.5900900900900803,182.2,-0.4656652288584473,0.787167882779416,0.6738923001374797,4.837414168658771
2003-03-20,0.188778671201506,30.44,4.01,2.26,2.5900900900900803,182.2,-0.8165134717926903,0.08907799880073508,2.045294977471568,6.213531951713547
2003-03-21,2.2976687005213714,28.67,4.11,2.31,3.209459459459474,183.3,-3.60463711577248,-1.8910685380417513,-0.4219703674339659,3.4338416950547623
2003-03-24,-3.5231469800648285,30.39,3.98,2.27,3.209459459459474,183.3,-1.8571431396378402,1.816647485258005,5.454568310956942,8.118213411392361
2003-03-25,1.216112609276121,28.75,3.97,2.28,2.977528089887649,183.3,-1.8588391918915703,0.4058334856758439,5.062078993897479,6.27386486218704
2003-03-26,-0.5475887784735178,28.23,3.96,2.28,2.977528089887649,183.3,1.2586944138607947,-0.4552010939812168,4.76808780811635,5.784241234339316
2003-03-27,-0.1643764188419716,27.96,3.95,2.33,2.977528089887649,183.3,0.9130466192432962,0.352323203815752,3.487539417190577,7.4713250304009104
2003-03-28,-0.5779969854879496,27.75,3.92,2.36,2.977528089887649,183.3,1.7776462751520228,0.5558758301064115,5.945573463285347,9.451069525369116
2003-03-31,-1.7741757179176365,29.15,3.83,2.32,2.977528089887649,183.3,3.7433092355594555,4.368175164812138,8.212883442337326,11.096700692062257
2003-04-01,1.2143634466636133,28.36,3.84,2.34,2.977528089887649,183.3,2.3075666304736675,3.7659605145586417,6.807380925702722,9.411989873544368
2003-04-02,2.611597760622275,28.02,3.94,2.34,2.977528089887649,183.3,-1.6925909599792455,-0.11239087774910228,4.018613054580489,7.466222803188249
2003-04-03,-0.5051665437279529,28.21,3.93,2.38,2.977528089887649,183.3,-0.5556500712373014,1.9544759705891979,6.119003267255829,7.741454120706881
2003-04-04,0.2738277534919398,29.13,3.96,2.41,2.977528089887649,183.3,-1.2004310275977592,1.4974153206198215,5.427548902783874,4.769874848931255
2003-04-07,0.1228898128060596,28.45,4.03,2.38,2.977528089887649,183.3,0.6023192568822333,3.5730117967453623,6.189131229297962,4.523085714119213
2003-04-08,-0.1863801282020571,27.13,3.95,2.36,2.977528089887649,183.3,1.4254995325541975,4.63742528354778,5.8443131965517425,5.138394609053254
2003-04-09,-1.4004472441544569,27.11,3.93,2.38,2.977528089887649,183.3,1.6074069062148144,5.247174095985585,6.267974215519967,7.60747879602881
2003-04-10,0.645507098061926,25.6,3.95,2.35,2.977528089887649,183.3,2.524151491386517,3.12420890048275,7.094007990354556,7.072208220088938
2003-04-11,-0.3763314018862873,24.44,4.0,2.35,2.977528089887649,183.3,2.730625625473304,5.359903226625029,8.846020803688859,9.579637664997186
2003-04-14,1.94978612389638,23.41,4.04,2.3,2.977528089887649,183.3,2.9529066146851246,3.6837937153292977,6.446913071561244,7.68048888249051
2003-04-15,0.6303466006527536,22.56,3.98,2.29,2.977528089887649,183.3,3.1667832702787724,2.931038652812701,5.441118967133374,6.604103821362162
2003-04-16,-1.2236082266628978,22.52,3.96,2.29,3.314606741573045,183.9,3.5821868706189086,4.135652027944436,7.587140935230496,9.510069923618403
2003-04-17,1.553573020255694,21.5,3.98,2.27,2.9675251959686566,183.9,0.5852839554070011,4.084692954400548,5.676041287080991,8.21638594261156
2003-04-21,-0.1756985713861292,21.95,4.0,2.29,2.9675251959686566,183.9,2.5593902355246057,3.8721513939533825,3.22418016062187,8.918059990590233
2003-04-22,2.1703775898937794,20.7,4.01,2.31,2.9675251959686566,183.9,0.7099237162673022,2.5258698063995277,0.9172987256934384,8.21510424068328
2003-04-23,0.8393983184709519,20.8,4.02,2.32,2.9675251959686566,183.9,-0.2285082562363594,1.153399856440962,0.47876686964341,7.738677461396559
2003-04-24,-0.8258826460973201,20.33,3.93,2.31,2.9675251959686566,183.9,0.5343246498713761,0.9699073902007971,2.2426299996337384,8.374753706069505
2003-04-25,-1.3846368035506096,20.8,3.91,2.34,2.9675251959686566,183.9,3.479046696875576,3.8495316785438716,3.8283923452117063,8.580233344829868
2003-04-28,1.7834725181536504,20.84,3.92,2.33,2.9675251959686566,183.9,1.2800009393718836,3.308770671101824,4.005066737101792,7.6516109860876425
2003-04-29,0.3279261851180326,20.76,3.96,2.34,2.9675251959686566,183.9,1.8031451351788519,2.664948163276337,3.854696113969669,8.676888268441353
2003-04-30,-0.1002401201072644,21.21,3.89,2.38,2.9675251959686566,183.9,1.3850731191094257,2.438603891666946,3.5684718784765757,8.898271209720509
2003-05-01,-0.0676171453063645,21.59,3.88,2.38,2.9675251959686566,183.9,0.43326768429228224,3.3144161870325206,5.160977812125056,7.8915200831511045
2003-05-02,1.5038774943199495,20.63,3.94,2.38,2.9675251959686566,183.9,0.35802898605508116,1.5288975616978062,3.9695490959666513,8.67236922226442
2003-05-05,-0.3795403870647806,21.13,3.92,2.37,2.9675251959686566,183.9,2.0031296533501886,-0.6238161284192523,4.857806956841859,9.185687385771013
2003-05-06,0.8461526046903867,20.8,3.84,2.39,2.9675251959686566,183.9,0.8465387065921703,-1.5689416571091463,5.549072097634222,8.101543362009544
2003-05-07,-0.5104955592922011,21.0,3.72,2.27,2.9675251959686566,183.9,1.0391379521123456,-0.6669404960732872,6.510189093299479,7.000711842653495
2003-05-08,-1.0057846899860223,21.24,3.7,2.21,2.9675251959686566,183.9,2.8687192691937646,1.2604969563005275,7.3337160618088815,8.195418878099737
2003-05-09,1.427836758169554,19.69,3.69,2.24,2.9675251959686566,183.9,1.1666914819594476,-0.02035573294406623,4.555342320588829,5.167080156795989
2003-05-12,1.253469808943164,19.52,3.64,2.18,2.9675251959686566,183.9,-2.575358021559626,0.6739951133642785,4.203747936186231,4.0566735564863565
2003-05-13,-0.2973196349786211,19.91,3.63,2.16,2.9675251959686566,183.9,-2.395204034447862,1.1588648043742822,5.8558838364226595,3.5041939890700924
2003-05-14,-0.3204880118025888,20.0,3.53,2.12,2.9675251959686566,183.9,-1.6885322685494808,1.1029708956249884,6.305891600089497,4.954856547113251
2003-05-15,0.7867678842073511,19.24,3.53,2.07,2.9675251959686566,183.9,-1.5633735156017292,1.7873223246498648,4.430266428484231,3.121466649035276
2003-05-16,-0.250350719888881,18.4,3.46,2.08,2.631578947368429,183.3,-1.173357749981574,2.403898390392434,7.035899957670311,3.198137519583688
2003-05-19,-2.491789533611377,20.51,3.46,2.11,2.116991643454047,183.3,3.335247704213229,5.51603298869352,9.871080908949658,6.684621185244799
2003-05-20,-0.1129531848820919,21.29,3.38,2.07,2.116991643454047,183.3,3.641285045128817,7.231471320716021,9.824627695692346,8.048016385583544
2003-05-21,0.4012049753478353,21.21,3.39,2.01,2.116991643454047,183.3,2.839448162649516,7.225318162166339,7.719134371798586,6.7444965941281465
2003-05-22,0.9150779020831834,19.78,3.34,1.98,2.116991643454047,183.3,3.4039116941727787,5.997619296821433,6.848595582927075,7.785419444033592
2003-05-23,0.1448673734545602,19.17,3.34,1.96,2.116991643454047,183.3,3.619728505319486,4.576629660044351,5.188492045324611,7.99597720740175
2003-05-27,1.9566672744762537,19.99,3.41,2.08,2.116991643454047,183.3,2.110398274480918,3.5061217336684214,3.360031991690593,5.331698253799733
2003-05-28,0.1828719752482666,20.03,3.44,2.09,2.116991643454047,183.3,3.4640503290015445,4.643210499773476,2.318461352083512,3.7221252800373694
2003-05-29,-0.3755645249487127,20.43,3.34,2.04,2.116991643454047,183.3,4.264773953843282,5.146160056795779,3.809863960837334,5.107198438553029
2003-05-30,1.4689789806504372,19.47,3.37,2.04,2.116991643454047,183.3,2.5083263874192463,2.5965356426261854,1.3107175765270096,4.17915891341345
2003-06-02,0.3538821541832604,20.85,3.43,2.1,2.116991643454047,183.3,0.9234739064923669,4.5232668287874755,0.7755946225439514,3.456047870750356
2003-06-03,0.4715612780345157,20.84,3.34,2.14,2.116991643454047,183.3,1.3668769124136615,4.127380263360347,1.1074982288961754,2.3189539867316755
2003-06-04,1.5109712948937926,20.62,3.3,2.1,2.116991643454047,183.3,1.1396810457568352,2.418279207622298,0.7614789341325201,-0.4572933373501842
2003-06-05,0.3954437512857067,20.83,3.34,2.09,2.116991643454047,183.3,0.8453344974810761,0.46054068022014505,-0.4484216752903003,0.321165959231573
2003-06-06,-0.2403705382675203,21.25,3.37,2.1,2.116991643454047,183.3,0.08605081978760865,0.802825848118971,1.6866417935348155,-0.9071051555107235
2003-06-09,-1.1976610687702172,22.15,3.29,2.1,2.116991643454047,183.3,3.5668539567220936,0.5850852023720154,3.2697052472173027,1.248039589641703
2003-06-10,0.9129788249726988,20.64,3.2,2.07,2.116991643454047,183.3,2.723279472575557,-0.14114116105491403,1.7637377283139966,0.38279907328007123
2003-06-11,1.2834524662487468,20.21,3.21,2.05,2.116991643454047,183.3,1.2641904232296053,-2.221595779207286,-0.8802149851260932,-1.5920123905995287
2003-06-12,0.1032631548545826,20.41,3.18,2.05,2.116991643454047,183.3,-0.3815682888835603,-1.2708938635862976,-0.037054722894003245,0.017023656096948336
2003-06-13,-0.9914797365312644,20.66,3.13,2.03,2.116991643454047,183.3,0.71615876784068,-1.2532763002622849,1.5425698936853305,0.8001167595808489
2003-06-16,2.238497001923645,20.22,3.18,2.0,2.116991643454047,183.3,-2.8790763071707137,-3.585490886332854,-1.0210348283366089,-2.1231930214341
2003-06-17,0.0910207292721176,20.01,3.27,2.02,2.116991643454047,183.3,-2.788482463116071,-2.900180554649756,-1.736744237735366,-2.3891409714500544
2003-06-18,-0.1551851739456156,19.76,3.37,2.1,2.116991643454047,183.3,-3.4422693628104906,-1.6176802483970132,-2.807675121296571,-1.9582441931886518
2003-06-19,-1.523628017232137,19.8,3.35,2.18,2.116991643454047,183.3,-0.8927319567544445,-0.9047954045995121,-0.13873578625486216,-1.4627513435618966
2003-06-20,0.0995265127401001,19.14,3.4,2.18,2.116991643454047,183.3,-1.9554310769959837,0.8767769534035574,-1.6963125678699065,-1.2925704873636201
2003-06-23,-1.4110805329488607,20.58,3.32,2.15,2.116991643454047,183.3,-0.727355704931687,2.669004096824068,0.6590981018069098,-1.64826132129261
2003-06-24,0.1843850629135168,20.75,3.29,2.15,2.116991643454047,183.3,-0.11490211691358443,1.9075712575897574,0.5246807748723992,-1.6645477567742262
2003-06-25,-0.8266820663886509,20.81,3.38,2.08,2.116991643454047,183.3,1.8896354568121332,1.3718579319951019,0.643887976721369,-0.12303779252138547
2003-06-26,1.076569733128574,19.4,3.55,2.14,2.116991643454047,183.3,-0.012172112180341976,1.2497217780818248,1.3044962828932194,-0.8348360154597056
2003-06-27,-0.9738123135835774,19.16,3.58,2.2,2.116991643454047,183.3,2.8886944595816644,2.8313305892041063,2.0794543686197153,0.44765076350525845
2003-06-30,-0.1761867975192288,19.52,3.54,2.22,2.116991643454047,183.3,3.4212444182112334,2.6598237978610495,1.5166782244099286,1.6264726101526294
2003-07-01,0.8024635530239799,19.46,3.56,2.26,2.116991643454047,183.3,2.0247999124660465,1.1981858705403692,0.5263033300358932,0.17407992913778259
2003-07-02,1.1635711978335683,19.03,3.56,2.26,2.116991643454047,183.3,-0.5081748722484347,-1.2095617138364934,-0.3461637676886564,-0.32603675314460956
2003-07-03,-0.810061664701256,19.39,3.67,2.35,2.116991643454047,183.3,1.2620475081006166,0.7730541770133437,-0.5630503930442399,0.5042072275110332
2003-07-07,1.8991549631018008,20.06,3.74,2.38,2.116991643454047,183.3,-0.05575332710635594,-2.5507253492664694,-2.1504924188539554,-0.46593982152974833
2003-07-08,0.3404993930331335,19.48,3.75,2.36,2.116991643454047,183.3,-0.7362323134221582,-1.9576560741951687,-4.205032917281626,-0.5447343946697991
2003-07-09,-0.5586208855366204,18.93,3.73,2.36,2.116991643454047,183.3,-0.810208932176204,-1.3570046520114287,-3.5052538003626843,-0.1905822270592883
2003-07-10,-1.3480218187234994,19.19,3.7,2.37,2.116991643454047,183.3,-0.704969318521842,-0.7181183911634137,-1.4746654101173928,1.473652993256791
2003-07-11,0.9547893521649532,18.47,3.66,2.37,2.116991643454047,183.3,-0.4828989173344067,0.054098425012427676,-2.0588281695335553,-0.5089483454515653
2003-07-14,0.5730629590217973,19.59,3.74,2.39,2.116991643454047,183.3,-2.4963638280509293,-0.7311742600978222,-2.3180482174457895,-1.0110935316693048
2003-07-15,-0.3426775139564464,19.55,3.94,2.49,2.116991643454047,183.3,-1.2304829740390377,-1.11352769872467,-1.006577986869639,-0.36884533540322284
2003-07-16,-0.6327298697367145,19.76,3.97,2.48,2.284122562674096,183.6,-0.551262094565097,-0.6639274555415464,-1.0119805336359367,0.27160026747434785
2003-07-17,-1.243352820449917,20.22,3.98,2.51,2.284122562674096,183.6,-0.013242427693860304,0.8739691422836149,0.8943425862051324,2.1502904878833995
2003-07-18,1.180571754560744,19.11,4.0,2.49,2.284122562674096,183.6,0.5396030797770068,-1.325854992655684,-0.2667845603151142,1.4788791460043749
2003-07-21,-1.4617665429254467,19.78,4.19,2.58,2.284122562674096,183.6,1.8103833223616084,0.410708988698949,2.139354587511022,4.412546279122087
2003-07-22,0.9511644538928056,19.17,4.17,2.6,2.284122562674096,183.6,0.11841231873557234,-2.29225123869663,1.4411341293458113,3.8619217238363035
2003-07-23,0.0506016544121967,18.64,4.12,2.58,2.17028380634392,183.6,-0.11328988517034233,-2.1778020231165485,1.1824685785718936,3.981346125850238
2003-07-24,-0.709077378288081,18.6,4.2,2.66,2.17028380634392,183.6,0.8873290738885098,-0.762019219110599,2.2076247437126773,4.053590062362122
2003-07-25,1.740018084214845,17.75,4.22,2.7,2.17028380634392,183.6,-1.855446028519192,-2.1117841525797987,-0.5627423357235095,3.3003586949155395
2003-07-28,-0.2162828093455582,18.36,4.31,2.7,2.17028380634392,183.6,-1.3747854472081267,-1.5985622329267701,-0.2819810443863924,2.674302859609612
2003-07-29,-0.7265273243362014,18.67,4.42,2.75,2.17028380634392,183.6,-2.407812410925625,0.10815403701447401,0.7530679839125476,2.1874447044748946
2003-07-30,-0.1809436165179923,18.85,4.34,2.7,2.17028380634392,183.6,-2.066853674100222,-0.3503793427494295,0.9417804620745818,2.929649207777385
2003-07-31,0.2855732566513946,19.49,4.49,2.69,2.17028380634392,183.6,-1.6348418658116426,0.020196928994420382,1.2652633344877096,2.8597113423106
2003-08-01,-1.0259386625984357,20.75,4.44,2.59,2.17028380634392,183.6,-0.2611842569839262,1.0733008451826231,2.8424205129431446,3.5361906117638897
2003-08-04,0.2724055342193443,21.27,4.35,2.64,2.17028380634392,183.6,-0.22689612056444597,1.7215749358035604,3.9854686125894823,4.731277204199658
2003-08-05,-1.7663443175954474,22.68,4.47,2.59,2.17028380634392,183.6,2.5780408351270268,3.8209716377387792,6.298551589360013,6.267473261796375
2003-08-06,0.1677951526027454,21.5,4.32,2.54,2.17028380634392,183.6,1.7527000772942891,3.4350798399383153,6.2962684097757515,7.496788030323764
2003-08-07,0.7279623095231225,20.26,4.3,2.56,2.17028380634392,183.6,1.6825457572571256,2.992446983962771,4.852586926476565,6.383202687822664
2003-08-08,0.356222206265655,19.59,4.27,2.55,2.17028380634392,183.6,1.3379796944902322,1.5824599554157048,5.528901309153822,4.626681863177096
2003-08-11,0.3068771077431975,19.75,4.38,2.57,2.17028380634392,183.6,1.9529021155065163,1.3379694630650585,4.342279126704196,4.939883245268439
2003-08-12,0.9953138889008172,17.94,4.37,2.66,2.17028380634392,183.6,1.211692865736702,0.6442171999891055,2.077044260242311,1.9215458944819686
2003-08-13,-0.638152819191351,18.77,4.58,2.72,2.17028380634392,183.6,1.6534006088939623,1.2967031849207444,3.291561502084006,1.9552238917061482
2003-08-14,0.6585145042149021,18.47,4.55,2.69,2.17028380634392,183.6,1.288226230913514,1.244814991093457,2.8389410344112687,0.6400708481293149
2003-08-15,0.0161505833312203,18.27,4.55,2.7,2.33722871452422,183.9,0.24125235342415952,1.7503333253856557,2.4367362557534245,1.605987306989065
2003-08-18,0.9155427620381796,18.18,4.49,2.62,2.33722871452422,183.9,-0.603153652011601,2.2255786721889326,2.9587649132403637,-0.37710000280839484
2003-08-19,0.2610664149736097,17.86,4.38,2.57,2.33722871452422,183.9,-0.560681922888473,2.3863964212030853,2.356461883822636,1.583278845087066
2003-08-20,-0.2045181665984885,17.82,4.45,2.61,2.2234574763757564,183.9,-0.3508957121322487,2.7661684742400716,3.926818828458156,1.9934022477998248
2003-08-21,0.2969141032215905,17.84,4.53,2.55,2.2234574763757564,183.9,-0.042859117427018756,1.8060935505332498,3.2922372495798324,2.6493322373079664
2003-08-22,-1.0176743821595058,18.55,4.48,2.51,2.2234574763757564,183.9,1.505449040721163,3.88496336421682,2.9967987673241714,4.157853314890758
2003-08-25,0.0654567111413761,19.53,4.53,2.51,2.2234574763757564,183.9,2.845897458654889,2.9646436370862173,3.5543575633969704,4.582823662877034
2003-08-26,0.3039074206073522,19.49,4.5,2.54,2.2234574763757564,183.9,2.9636952475943223,1.4236556258429456,1.269152595180656,3.717160068838399
2003-08-27,0.006019439544258,19.13,4.54,2.49,2.2234574763757564,183.9,3.1280403458195494,1.9693220553501867,0.650090956645677,4.207506432238173
2003-08-28,0.6069532159721502,18.48,4.42,2.49,2.2234574763757564,183.9,1.849745452535867,1.5745261063078164,-0.5973087540505961,3.512028917385557
2003-08-29,0.5155341601558616,18.63,4.45,2.5,2.2234574763757564,183.9,2.344223237258025,0.6745952646392661,-0.14186294401121735,3.3879874330200455
2003-09-02,1.3868890520244426,19.02,4.61,2.57,2.2234574763757564,183.9,0.11546029677951264,0.7172238597960012,-2.5460151058116054,1.7094364528786432
2003-09-03,0.418793661168193,19.44,4.6,2.58,2.2234574763757564,183.9,-1.495711297120872,-0.02923683069899763,-0.7843987132939656,1.6055320698801667
2003-09-04,0.165643655131964,18.71,4.52,2.61,2.2234574763757564,183.9,-1.1235724896777266,1.1294089985548261,-0.7519655913161394,0.39904959234855486
2003-09-05,-0.6400922441525014,18.17,4.35,2.63,2.2234574763757564,183.9,-0.2702209465573202,1.4597787295599796,0.8282791897482822,1.5669620467439582
2003-09-08,1.0035343848087352,18.26,4.41,2.66,2.2234574763757564,183.9,-1.6313846740017235,-0.8549500987730108,0.2626847445834857,0.6877743293248084
2003-09-09,-0.8210259022540578,18.85,4.37,2.66,2.2234574763757564,183.9,0.6010695663113852,0.5727343925836736,1.5715880409341354,0.0004515934502791197
2003-09-10,-1.197259517441851,20.01,4.28,2.64,2.2234574763757564,183.9,1.4887417448850693,-0.15233431462207125,2.2613111594560698,1.5471921208686679
2003-09-11,0.5440588862599238,19.25,4.35,2.64,2.2234574763757564,183.9,2.2785830202020074,-1.2937529367787692,2.194958573592487,0.5228922054796747
2003-09-12,0.2174319680658509,18.68,4.27,2.61,2.2234574763757564,183.9,1.7346871641921835,-2.138168833872167,1.9074692103903779,0.5212145966768222
2003-09-15,-0.3750142157513014,19.28,4.28,2.65,2.2234574763757564,183.9,0.7893112784556067,-0.81098732654874,2.695210406605719,2.43199042734239
2003-09-16,1.4298192533948706,18.03,4.29,2.66,2.55697609783212,184.5,-0.028165877211727697,-3.2400009060517987,0.9851468845724298,1.115384457239199
2003-09-17,-0.3254552287668133,18.15,4.2,2.57,2.55697609783212,184.5,-1.617003059937805,-0.7553827325656348,1.6352469949745485,1.332296872000005
2003-09-18,1.3265481193601714,17.57,4.19,2.51,2.55697609783212,184.5,-3.4927507318664897,-1.860363477351934,-0.7222027829874578,0.36579285166180586
2003-09-19,-0.3155031229161165,17.54,4.17,2.47,2.55697609783212,184.5,-3.806819587319177,-0.6224136773400168,0.10564118956895019,1.4797570903939183
2003-09-22,-1.300785570660723,19.65,4.26,2.56,2.216066481994461,184.5,-1.58776618741161,1.1272724603698547,1.5560276883563429,2.2569937448743804
2003-09-23,0.6071470960860692,19.47,4.24,2.56,2.216066481994461,184.5,-3.212739925222552,0.993165448253075,-0.569023804105262,1.500934028366685
2003-09-24,-1.9095676369609071,21.22,4.16,2.5,2.216066481994461,184.5,0.875781744986992,2.4173278939575438,1.7021193473325535,4.090784515265389
2003-09-25,-0.605320624740513,22.26,4.12,2.47,2.216066481994461,184.5,1.6914659436403356,3.5344384111136273,1.840456097064247,4.245637834954374
2003-09-26,-0.6399118702173578,22.23,4.04,2.44,2.216066481994461,184.5,3.3104279287967,4.134030598093696,2.7174879101071303,4.309356484224636
2003-09-29,0.9760788225115836,21.67,4.09,2.48,2.216066481994461,184.5,2.7588426180345182,3.53486504064473,3.2694929271729345,4.481569541870933
2003-09-30,-1.0540688476405324,22.72,3.96,2.46,2.216066481994461,184.5,4.3455154843996535,4.366626529752127,4.501225097224526,5.582639204409712
2003-10-01,2.2340030979339787,21.07,3.96,2.49,2.216066481994461,184.5,1.528162778324349,2.4088255800293945,2.1035696061380005,2.488993562275388
2003-10-02,0.198387341573647,20.8,4.03,2.55,2.216066481994461,184.5,1.812317730275148,1.159735999329703,2.2683559954901344,1.631661066650958
2003-10-03,0.9419338041586568,19.5,4.21,2.56,2.216066481994461,184.5,0.797211555318178,0.7326147613860412,2.1153369140085587,-0.23128170429029815
2003-10-06,0.4369568487332165,19.51,4.17,2.57,2.216066481994461,184.5,0.7551879749120527,0.4239758648237224,1.1171282058925147,0.1309517291375295
2003-10-07,0.4737298332014417,19.41,4.27,2.6,2.216066481994461,184.5,0.020231866462561143,-1.5468267039899453,0.5027751906378164,-1.1814913027161644
2003-10-08,-0.5263382923382243,19.18,4.27,2.62,2.216066481994461,184.5,0.8674074046113756,-0.6983276769000457,1.6339584870252777,-0.5019641028056965
2003-10-09,0.4788205451445648,18.82,4.32,2.63,2.216066481994461,184.5,-0.6409654013321497,-1.6361534770903075,0.686920636993027,0.630791688698662
2003-10-10,-0.0644943236063788,18.45,4.29,2.64,2.216066481994461,184.5,-0.06408589378156249,-1.3603071732176786,0.1683656006820966,0.8689774291067875
2003-10-14,0.3950834628850153,17.37,4.37,2.64,2.216066481994461,184.5,-0.3287295838014792,-0.2563118359864558,0.9143823202498735,0.9067481159306334
2003-10-15,-0.2591731861250057,17.69,4.43,2.64,2.216066481994461,184.5,-1.5667415893863224,0.1289670577155455,1.165135556346586,1.1450553650435458
2003-10-16,0.3162077737550062,17.19,4.47,2.51,2.4930747922437657,185.0,-1.5522705716334628,-0.2980758466494149,0.0782822982218434,1.9619873886000283
2003-10-17,-1.0237413267554565,17.62,4.41,2.51,2.4930747922437657,185.0,-1.0016080367305613,1.0959103295482997,0.46651472807759387,2.6796785712727367
2003-10-20,0.5157321805487891,17.04,4.41,2.53,2.4930747922437657,185.0,-1.297052507128127,1.3726658003446968,-0.956886176299121,1.97183209159848
2003-10-21,0.1292238308888915,16.55,4.38,2.49,2.4930747922437657,185.0,0.07265659152595472,0.690225949629597,-0.2917870291060831,2.3175172223366403
2003-10-22,-1.4980491483447822,17.67,4.29,2.49,2.3230088495575174,185.0,1.7226988870247872,2.0818037916009446,0.3710752929978023,3.075406479009102
2003-10-23,0.3309556104824862,17.68,4.34,2.5,2.3230088495575174,185.0,1.2739701893242916,2.348687700179597,0.19774447851730326,3.4903118300400493
2003-10-24,-0.4701224895036326,17.71,4.24,2.48,2.3230088495575174,185.0,2.1187398347410236,2.3617154027646414,2.304652823088782,3.092309382637115
2003-10-27,0.2157594570350252,18.05,4.3,2.47,2.3230088495575174,185.0,2.704800996612189,1.5497541913316981,2.2600279242953603,2.7607113276590267
2003-10-28,1.5187254861686703,16.82,4.23,2.52,2.3230088495575174,185.0,0.6171209790347021,1.1737024946493868,1.1660486726785102,2.385643201058296
2003-10-29,0.1260946550699637,16.43,4.31,2.52,2.3230088495575174,185.0,0.35302337482707724,1.0348339037931087,1.0147795759665845,2.5364031563955614
2003-10-30,-0.1116336989118615,16.33,4.36,2.5,2.3230088495575174,185.0,1.0611981626139855,0.3774833315075554,2.266820078390075,2.0680475177555335
2003-10-31,0.3600989304301638,16.1,4.33,2.48,2.3230088495575174,185.0,0.23793435800014695,-0.6225727622601651,1.5665997136399712,2.3769471282592436
2003-11-03,0.7908993825789246,16.55,4.4,2.5,2.3230088495575174,185.0,-1.1246278597225379,-2.2980080066473785,0.5910531073868297,1.7011419521580473
2003-11-04,-0.5448451799621279,16.55,4.33,2.47,2.3230088495575174,185.0,0.5531678010650687,-0.975281333887279,1.616136280716196,3.464712077292331
2003-11-05,-0.1367141140517391,16.86,4.38,2.44,2.3230088495575174,185.0,0.679412045633554,-1.6758407816691467,0.9733396653497817,3.556890637133181
2003-11-06,0.5932620802959088,16.74,4.45,2.44,2.3230088495575174,185.0,-0.6765354493485143,-2.1015835864581556,1.115426250705509,3.3508678530674407
2003-11-07,-0.4574535860553785,16.93,4.48,2.44,2.3230088495575174,185.0,-0.858464538172754,-0.05574601739656293,0.713737530675207,4.118420440998571
2003-11-10,-0.5791794430530905,17.62,4.49,2.43,2.3230088495575174,185.0,-1.186726402667937,0.6994342217957694,1.1924766790136543,4.535778324397488
2003-11-12,1.1427886927405817,16.75,4.44,2.39,2.3230088495575174,185.0,-1.5200407589109899,-0.007565031013145873,1.1978811455210403,3.5294213973673827
2003-11-13,-0.0113360144602836,16.47,4.3,2.38,2.3230088495575174,185.0,-2.3393589408678306,-0.019848924427012804,1.4861896581453093,4.825157041207051
2003-11-14,-0.7615251493715225,16.94,4.22,2.38,2.3230088495575174,185.0,-1.4347547616836542,1.8822316361954972,1.6842065871134793,5.644788921847277
2003-11-17,-0.6397839633762281,18.6,4.18,2.38,2.3230088495575174,185.0,0.8096692441133868,2.2028870506608955,3.0183110731410556,6.543510510716688
2003-11-18,-0.9083660324440856,19.11,4.17,2.34,2.3230088495575174,185.0,1.908813012460131,2.9570135215163162,4.093212305310545,7.18754090798408
2003-11-19,0.8016164769598655,18.8,4.24,2.34,2.3230088495575174,185.0,1.5358208305053633,2.6169401433404627,4.483722318010508,7.65320150619444
2003-11-20,-0.8432060824847043,19.48,4.16,2.33,2.3230088495575174,185.0,2.3750714630640157,2.6943331812645965,5.3219182959733935,8.708945717123084
2003-11-21,0.1576940786836012,18.98,4.15,2.31,2.0408163265306145,185.0,3.365269766091661,3.286069330860708,5.569499118855448,8.794714877254183
2003-11-24,1.6227422805810798,17.44,4.23,2.29,2.0408163265306145,185.0,1.3820279512809508,0.7699127437638564,4.176494687850374,7.588785189865832
2003-11-25,0.1720457255490082,16.71,4.19,2.3,2.0408163265306145,185.0,1.028567086664034,0.4896179020548841,3.8096977726329584,6.4494368253217305
2003-11-26,0.43267669871212,16.23,4.25,2.28,2.0408163265306145,185.0,1.0647664085365882,1.2055373758105281,3.5372540227443627,6.498184370524562
2003-11-28,-0.0236194446155191,16.32,4.34,2.28,2.0408163265306145,185.0,0.3118549405025428,1.5063375743790353,4.845967838127985,5.955398075898644
2003-12-01,1.1264453312544551,16.77,4.4,2.28,2.0408163265306145,185.0,-0.07662190154408277,-0.19436661908734942,3.693045612788759,5.644229122870326
2003-12-02,-0.3270661249177631,16.27,4.38,2.31,2.0408163265306145,185.0,-0.603770924577729,0.7978483250438151,4.247065406189732,6.134335940678515
2003-12-03,-0.1771966264545676,16.63,4.41,2.32,2.0408163265306145,185.0,-0.5334621683259266,1.1035661825571363,4.109023020159475,7.053429222766372
2003-12-04,0.4686625084209694,16.3,4.38,2.32,2.0408163265306145,185.0,0.1392878767511263,1.8191754422441697,4.907826481494215,6.454964917850248
2003-12-05,-0.7684226646457737,17.09,4.23,2.35,2.0408163265306145,185.0,1.1907691614166493,2.5586466490520765,5.85681054595506,8.113047114195737
2003-12-08,0.7348138321361386,16.54,4.29,2.35,2.0408163265306145,185.0,-0.1178350049647614,2.210781960033792,5.333386759783965,6.980257099952891
2003-12-09,-0.8528939213256703,17.63,4.32,2.35,2.0408163265306145,185.0,1.4101332240260556,3.380554623232346,6.766774189277003,7.6751109240707605
2003-12-10,-0.1065861292954162,17.87,4.3,2.36,2.0408163265306145,185.0,1.6458081145373615,3.30390336822064,5.930780758939425,9.094938090569338
2003-12-11,1.1481905055224173,16.73,4.27,2.44,2.0408163265306145,185.0,1.6775509404067357,2.303941767806039,5.2296021857585195,6.799795609338566
2003-12-12,0.2735274892676775,16.41,4.26,2.42,2.0408163265306145,185.0,1.3517808975771484,3.290070692681457,4.383037165792247,5.058927614580799
2003-12-15,-0.5678938967685676,17.23,4.28,2.4,2.0408163265306145,185.0,2.3313641280346076,3.8949827782161606,5.849966123329398,6.186092643779295
2003-12-16,0.6638295907460456,15.93,4.24,2.41,1.8201875344732388,184.6,1.943022197647104,3.421915386549923,5.2942475502315345,5.208672415956261
2003-12-17,0.1255639392265584,15.58,4.19,2.36,1.8201875344732388,184.6,1.6312480410553887,2.9726516591665364,5.884919063552996,5.460392237975387
2003-12-18,1.179777931091408,16.16,4.16,2.31,1.8201875344732388,184.6,0.6160561713041357,3.0334669533854663,4.552963089193041,4.301398600379724
2003-12-19,-0.0477441291252267,16.42,4.15,2.33,1.7079889807162465,184.6,1.9124378258957853,3.2158808688155016,5.415828549444868,3.477668341163098
2003-12-22,0.3931353307910612,16.94,4.18,2.34,1.7079889807162465,184.6,1.5279955109610333,3.0550639960578163,4.666313131019795,3.2618466087160236
2003-12-23,0.2818158627304834,16.49,4.28,2.32,1.7079889807162465,184.6,1.4507056559845521,3.2754898427326706,4.1541238741558795,4.2645197534225465
2003-12-24,-0.1806518524722578,16.66,4.2,2.37,1.7079889807162465,184.6,1.319873212192868,2.542863633482928,5.6058237235304675,4.183578104734709
2003-12-26,0.169095784421458,17.45,4.17,2.35,1.7079889807162465,184.6,2.402609358853791,2.8597729152926465,4.394604708131911,4.5305663661868945
2003-12-29,1.2400848295594846,17.09,4.24,2.38,1.7079889807162465,184.6,1.278983282831958,1.0581525075752163,1.7125140006557515,4.351590848577258
2003-12-30,0.0144242512262193,17.68,4.29,2.43,1.7079889807162465,184.6,1.5040861167518127,1.8816917745551498,2.205217041571572,3.8273647437435443
2003-12-31,0.2054746824894815,18.31,4.27,2.43,1.7079889807162465,184.6,1.7986904821893468,1.8103824094569898,1.727638695075484,3.047882339470087
2004-01-02,-0.3093804716710058,18.22,4.38,2.44,1.7079889807162465,184.6,1.2070587758521656,2.828195018251911,2.4159235862383666,4.376263948863701
2004-01-05,1.2395343602475073,17.49,4.41,2.46,1.7079889807162465,184.6,0.4464374094578005,1.4747597850852223,1.2306017495925747,2.6376268787474455
2004-01-06,0.1292147065676374,16.73,4.29,2.45,1.7079889807162465,184.6,-0.21804205383858521,2.13140425883247,0.25363100149320417,2.0815732139937815
2004-01-07,0.2367164741738481,15.5,4.27,2.43,1.7079889807162465,184.6,0.37201030249069955,1.5634837071409002,0.20065254888022022,1.5785808768822296
2004-01-08,0.4963099720978636,15.61,4.27,2.42,1.7079889807162465,184.6,0.011485341522821102,0.8507672369902242,0.957661795839404,0.8012886013971432
2004-01-09,-0.8887605310606284,16.75,4.11,2.43,1.7079889807162465,184.6,1.6018015561445997,2.987004635442414,1.6000279425745223,1.535840541041411
2004-01-12,0.4786689236896846,16.82,4.11,2.43,1.7079889807162465,184.6,1.0237519638806036,1.4921594218404666,1.6243409872877868,1.4584480329139504
2004-01-13,-0.533166245554062,18.04,4.05,2.42,1.7079889807162465,184.6,2.35458028789004,0.6475098513516686,3.2589536413257125,2.1128827612397094
2004-01-14,0.8294580074499347,16.75,4.01,2.36,1.7079889807162465,184.6,1.1870574287188962,0.3175499556213879,1.909737593967109,1.2755122975159017
2004-01-15,0.1353385407106166,15.56,3.99,2.32,1.9283746556473915,185.0,0.8391855121453462,-0.08127237362562933,1.2154948255043374,2.112973883068303
2004-01-16,0.6872405716174868,15.0,4.04,2.34,1.9283746556473915,185.0,1.36336468259608,-0.4009322850998198,1.5054907171491383,0.8132809180886547
2004-01-20,-0.0929907586484479,15.21,4.08,2.39,1.9283746556473915,185.0,0.4636607222104905,-0.24060962155488808,1.1459668356201602,1.0766010305287121
2004-01-21,0.7771521408317827,14.34,4.05,2.36,1.8722466960352515,185.0,-1.6678007293244201,-1.838585566277351,-0.04879110906218509,0.6317422170097675
2004-01-22,-0.3206683158706869,14.71,3.99,2.33,1.8722466960352515,185.0,-0.8593070054537688,-1.3418515282426324,0.014864761615340782,1.1294337646283958
2004-01-23,-0.2089176618124799,14.84,4.09,2.38,1.8722466960352515,185.0,-0.9127978187210783,0.10599280677550116,-0.04906123864868439,0.49493251299410623
2004-01-26,1.2106299065248738,14.55,4.16,2.41,1.8722466960352515,185.0,-1.7405666960844668,-1.3467492309127471,-1.4090749600281005,-1.2801127885443409
2004-01-27,-0.9797680688353294,15.35,4.11,2.41,1.8722466960352515,185.0,-0.7010199894196045,0.1302382038182115,-0.03321575688070011,-1.7621636571177435
2004-01-28,-1.360960420859536,16.78,4.22,2.35,1.8722466960352515,185.0,-0.17368149824738,2.5946432195202096,1.455945519220747,-1.9229362990436205
2004-01-29,0.498901618128289,17.14,4.22,2.34,1.8722466960352515,185.0,-0.4867270020145975,1.5871476516821525,0.9549299622232166,-1.1938911778739847
2004-01-30,-0.2627593890575097,16.63,4.16,2.32,1.8722466960352515,185.0,1.0281757916958068,1.2978219698503102,2.19603102323207,-2.35516824179699
2004-02-02,0.3651220341591488,17.11,4.18,2.35,1.8722466960352515,185.0,0.40079354412074775,1.9140972360364161,1.2191009725754265,-2.163386218353658
2004-02-03,0.0678275923247762,17.34,4.13,2.35,1.8722466960352515,185.0,0.8371266181679271,1.3899207402079616,1.3203876317674945,-1.0809599200890085
2004-02-04,-0.8371266181679271,17.87,4.15,2.35,1.8722466960352515,185.0,2.773141150866909,1.8233177135233536,2.5165975832133203,-0.37283609428752085
2004-02-05,0.1837469599451857,17.71,4.2,2.35,1.8722466960352515,185.0,2.0840181326753804,1.3751690163193997,2.504897295511843,-1.6666758604188647
2004-02-06,1.2555528911700975,16.0,4.12,2.35,1.8722466960352515,185.0,0.26690195684664353,-0.1548898733000459,0.38852789459800086,-4.144350952679532
2004-02-09,-0.2581426674599929,16.39,4.09,2.33,1.8722466960352515,185.0,1.5072626803996902,-0.06317655893699481,0.0675461192093385,-4.0234868148518625
2004-02-10,0.5027136254455833,15.94,4.13,2.31,1.8722466960352515,185.0,0.5482049524608845,-0.1632413580862191,-1.8899404364582373,-4.732273090356321
2004-02-11,1.0667432203527172,15.39,4.05,2.32,1.8722466960352515,185.0,-0.9241942269228032,-1.109899761396893,-4.403328845247478,-4.195175852481514
2004-02-12,-0.4880134368439814,15.31,4.1,2.35,1.8722466960352515,185.0,-0.694378149804753,-0.6223402310956083,-2.7375892461235174,-3.8234133301405793
2004-02-13,-0.5468164357494087,15.58,4.05,2.35,1.8722466960352515,185.0,-0.4206690562038262,0.8867012497555171,-3.606188307518121,-2.0369945014507618
2004-02-17,0.9757229443723148,15.4,4.05,2.35,1.8722466960352515,185.0,-1.5471200758129688,-0.6819432073772114,-4.000902294160968,-2.592069982238998
2004-02-18,-0.4468529536945431,15.59,4.05,2.33,1.8722466960352515,185.0,-0.7075673910672764,-0.06857990215680676,-2.437008178187794,-2.2234365218342655
2004-02-19,-0.4132492852418457,15.8,4.05,2.35,1.8722466960352515,185.0,-0.18743782402277365,0.6808655279141984,-2.156827981179843,-1.2981024434494448
2004-02-20,-0.2571855954782487,16.04,4.1,2.35,2.312775330396488,185.8,0.07254163195091756,1.1144033496117478,-3.0005818054405387,-0.20102322217785407
2004-02-23,-0.2727006281855626,16.29,4.05,2.36,2.312775330396488,185.8,1.3128932415676031,0.5442607727193627,-3.995649936503609,0.8396178876836524
2004-02-24,-0.1665241965595365,15.9,4.04,2.35,2.312775330396488,185.8,0.8787725347414455,0.13080531644416027,-3.9628138253268053,0.7962556629881767
2004-02-25,0.4020822114521705,14.93,4.02,2.35,1.975850713501659,185.8,0.643540974997725,-1.729522374184056,-4.576502477066513,-0.27455599323081836
2004-02-26,0.1084220261726276,14.83,4.05,2.36,1.975850713501659,185.8,0.8699339371792902,-3.3303931090211902,-3.119903896993137,-0.48825564662206
2004-02-27,0.0026121900996267,14.55,3.99,2.33,1.975850713501659,185.8,1.0411064820283977,-2.1284954988342375,-3.2211194210940985,0.02270946765168258
2004-03-01,0.9633718676394176,14.44,4.0,2.33,1.975850713501659,185.8,-0.7586719165304623,-4.453401193236606,-2.8979991564680008,-2.295044851445238
2004-03-02,-0.5943056732701124,14.86,4.05,2.31,1.975850713501659,185.8,-0.7414515457547899,-3.3417479096613523,-1.9232421943676692,-1.821419553155279
2004-03-03,0.1679622097244815,14.55,4.07,2.33,1.975850713501659,185.8,-2.357889364973076,-2.3700536565096963,-2.156335432407186,-1.92784401030075
2004-03-04,0.3336112631794785,14.4,4.04,2.31,1.975850713501659,185.8,-4.164102108777412,-2.8185032917771857,-1.9655849808074444,-1.754310861939834
2004-03-05,0.1723129220422059,14.48,3.85,2.28,1.975850713501659,185.8,-3.1369430632931516,-4.06963302826836,-1.3009289757082598,-1.8187195796305566
2004-03-08,-0.835021895649013,15.79,3.78,2.26,1.975850713501659,185.8,-3.72297443822861,-4.515335509289253,0.2937583037503355,-2.5322461640743255
2004-03-09,-0.5770567816382077,16.6,3.73,2.22,1.975850713501659,185.8,-2.619720320718988,-4.0882714653436185,0.6645810392126972,-1.4457548676740206
2004-03-10,-1.4632855257233457,18.67,3.74,2.2,1.975850713501659,185.8,-0.01245803829669212,-2.897085850872616,1.4805732261659488,1.4271893916165457
2004-03-11,-1.522389658112111,20.67,3.74,2.22,1.975850713501659,185.8,1.404065539749566,0.21774083788861365,2.940052777502622,3.0557062283232295
2004-03-12,1.2459492064514466,18.3,3.78,2.24,1.975850713501659,185.8,-0.9628954469036222,-1.1163861512385909,2.1979890647949585,1.3350423199689265
2004-03-15,-1.4349801284550543,21.13,3.78,2.22,1.975850713501659,185.8,-0.8230011951836369,1.6278989060765303,2.2589567485876927,3.043938416323133
2004-03-16,0.5622469187051893,20.34,3.7,2.19,1.975850713501659,185.8,-1.5080580477497607,1.4675474515801534,1.5728903881741418,1.0542976071492127
2004-03-17,1.1749391736585624,18.11,3.71,2.18,2.250274423710219,186.3,-2.884987225389324,0.21890642380422154,0.45294467811456407,-0.877418051307044
2004-03-18,-0.1272572823971085,18.53,3.76,2.21,2.250274423710219,186.3,-1.169898559339233,0.8776550473703404,1.0950566372037729,-1.3382901649926393
2004-03-19,-1.1173210485700302,19.15,3.8,2.24,2.250274423710219,186.3,-0.15498302886336468,2.886160180515085,2.346403458772439,0.6947287511007927
2004-03-22,-1.2957527170427865,21.58,3.74,2.22,2.250274423710219,186.3,2.471238423017419,5.036509096711983,2.076866851648007,2.2046762712991663
2004-03-23,-0.1323784197433397,20.67,3.73,2.21,2.250274423710219,186.3,3.0211664430096485,4.955444529225539,2.75515480540498,2.5211462458090583
2004-03-24,-0.2394986273714705,19.81,3.73,2.23,1.6366612111292866,186.3,3.1961007474685665,4.508267455614656,4.453290903142282,2.076368751170987
2004-03-25,1.6365339604649698,17.88,3.75,2.24,1.6366612111292866,186.3,2.0717914652136127,2.716397233517376,2.8317994066791696,-0.9457343456501066
2004-03-26,-0.1018655840917093,17.33,3.85,2.26,1.6366612111292866,186.3,3.0458637813217893,3.3517941821005426,2.4791048544776206,-1.889794990276772
2004-03-29,1.300463092917803,16.5,3.91,2.28,1.6366612111292866,186.3,2.5034055537659805,0.6209494137966898,1.3933570658144712,-2.4071930863615365
2004-03-30,0.4035768809064199,16.28,3.91,2.28,1.6366612111292866,186.3,1.8775540532109503,0.10381933853704783,-0.407272921056967,-2.6370870189107998
2004-03-31,-0.0701010703194282,16.74,3.86,2.26,1.6366612111292866,186.3,1.2715274110570052,0.23352704859962437,-1.093929792523518,-2.6433809470543856
2004-04-01,0.5292159734452184,16.65,3.91,2.26,1.6366612111292866,186.3,0.6315219504337444,0.21551015408847185,-2.1966660617977696,-3.221255761753694
2004-04-02,0.8514634970242296,15.64,4.15,2.29,1.6366612111292866,186.3,0.296887608636065,-0.5246154786957113,-2.1299574457530723,-5.054262972502488
2004-04-05,0.7671930746608657,14.97,4.24,2.33,1.6366612111292866,186.3,-1.8364815586364824,-2.8177271603142207,-2.6960462126606077,-5.134842626929236
2004-04-06,-0.2094537682952424,15.32,4.19,2.33,1.6366612111292866,186.3,-1.7410456416606546,-2.096403606015762,-2.3193635111884436,-5.180460797979791
2004-04-07,-0.6645419328032753,15.76,4.19,2.32,1.6366612111292866,186.3,-1.0249676182370382,-0.052604979310133526,-2.326991695156133,-4.501423598839905
2004-04-08,-0.1060983031335394,16.26,4.21,2.33,1.6366612111292866,186.3,-0.41340107779566093,0.11235029291325471,-3.5652842952054953,-4.01642118566955
2004-04-12,0.5160977741120565,15.28,4.25,2.34,1.6366612111292866,186.3,-0.8190713659404159,-0.84438720636556,-5.0715995923030555,-4.347705127059953
2004-04-13,-1.3761797448120672,17.26,4.35,2.34,1.6366612111292866,186.3,-0.9996031287976437,0.767640989791607,-3.009455305082842,-1.4511522018353817
2004-04-14,-0.1124360326195228,15.62,4.4,2.27,2.127659574468077,187.2,-0.36165453487236876,-0.5105621972980146,-2.7380637178073597,-1.1727046476784908
2004-04-15,0.0593812855247621,15.74,4.42,2.32,2.127659574468077,187.2,0.9824322513746209,-1.3243640927446454,-2.870205289951644,-0.6697084398446629
2004-04-16,0.5111459290916498,14.94,4.37,2.34,2.127659574468077,187.2,0.5279338549553758,-2.4069889103765507,-3.4293752639265485,-1.2277286310245938
2004-04-19,0.1066411324702976,15.42,4.39,2.32,2.127659574468077,187.2,-0.02552490763477744,-1.613808254959348,-4.553536048746476,-1.287175415870645
2004-04-20,-1.555697444188309,16.67,4.43,2.32,1.7944535073409318,187.2,1.7850879132216058,0.1252089955277702,-2.38429849283045,0.611721653710684
2004-04-21,0.5312293767880227,15.6,4.45,2.23,1.7944535073409318,187.2,-0.14944814843171894,-0.22773413172224588,-3.1500959163473063,-0.6627539964240592
2004-04-22,1.4091476992293517,14.61,4.4,2.25,1.7944535073409318,187.2,-2.2843541125816547,-2.275583786225932,-4.451160151406485,-1.5290458966491838
2004-04-23,0.0587686825888278,14.01,4.48,2.19,1.7944535073409318,187.2,-2.919509685304522,-3.673507391803865,-4.124137997462485,-0.015775174862042718
2004-04-26,-0.4444981937210768,14.77,4.46,2.18,1.7944535073409318,187.2,-1.5886888586883585,-4.2632103890430155,-3.533151399089818,0.5856317527929811
2004-04-27,0.227202802931159,15.07,4.43,2.22,1.7944535073409318,187.2,-1.6307682704061688,-3.748322633906953,-2.201890577007526,-0.5957270724394226
2004-04-28,-1.3794757425861004,16.29,4.5,2.2,1.7944535073409318,187.2,-0.0784031553545006,-2.2389326643162843,-0.6655404483173033,1.2526559898150325
2004-04-29,-0.7590826232658276,16.6,4.55,2.21,1.7944535073409318,187.2,0.00897535525257176,-1.5665885332220353,0.6634420410680519,1.0234425539455083
2004-04-30,-0.5916172812081788,17.19,4.53,2.22,1.7944535073409318,187.2,-0.7766727424379671,-1.0476020179469026,1.2083450097353454,2.231550604883492
2004-05-03,0.9202511475578934,16.62,4.53,2.19,1.7944535073409318,187.2,-2.7176972843235947,-2.9879475378061016,0.3319905296620407,1.438050318106554
2004-05-04,0.184346939279334,16.55,4.56,2.24,1.7944535073409318,187.2,-2.1526592474786277,-2.506369288547805,0.4859042623368115,1.116519981673303
2004-05-05,0.1768550205345942,15.77,4.61,2.27,1.7944535073409318,187.2,-2.1622247614005774,-2.9290321906523142,-0.4360128146995601,1.202820243951197
2004-05-06,-0.6722993469222671,17.05,4.63,2.24,1.7944535073409318,187.2,-1.575422488709488,-2.2262362360102816,0.7639215648458819,1.464111772702581
2004-05-07,-1.3725472577435949,18.13,4.79,2.15,1.7944535073409318,187.2,-0.2730499802789943,-0.46781585569772854,3.7972235030080848,3.25021248701467
2004-05-10,-1.0539689241213068,19.77,4.81,2.2,1.7944535073409318,187.2,-0.2778000170003736,0.7625689068120334,5.064763672920458,5.237698113576217
2004-05-11,0.7662407178693709,18.57,4.79,2.18,1.7944535073409318,187.2,-0.3614917261408168,1.6066546570586704,3.2753668795575175,4.1261650697810515
2004-05-12,0.1670617743003477,18.14,4.83,2.21,1.7944535073409318,187.2,-0.7837539512541958,1.60942618455302,3.5715533282203227,3.3856466373371807
2004-05-13,-0.076560938702519,18.86,4.85,2.18,1.7944535073409318,187.2,-0.6612309280434991,2.2655219818757955,2.6312519789499556,3.36635257306912
2004-05-14,-0.0674902661267462,18.47,4.79,2.2,2.0119630233822683,187.6,-0.19529913968112655,2.279830578831832,3.3138687790315924,3.696267391148811
2004-05-17,-1.058681765343794,19.96,4.7,2.19,2.0119630233822683,187.6,1.0432671200492516,3.4221913496387035,4.562317509607894,5.233833734172677
2004-05-18,0.6816727990832439,19.33,4.74,2.16,2.0119630233822683,187.6,1.9752868818448954,3.069199012334134,3.7160266201836434,3.4310851686173427
2004-05-19,-0.2574404299240607,18.93,4.79,2.18,2.345881069285305,187.6,2.4120849468860506,2.568244071542791,4.256527495140117,3.371050204031678
2004-05-20,0.0468354034387274,18.67,4.72,2.17,2.345881069285305,187.6,2.946234322472119,3.058241480888424,3.774374501549116,2.4807444968106163
2004-05-21,0.401226362948015,18.49,4.76,2.16,2.345881069285305,187.6,2.479973084611564,4.285085668895161,3.735503620941283,2.2650696929064518
2004-05-24,0.1691700031835941,18.08,4.75,2.16,2.345881069285305,187.6,2.354361945524852,4.269635850677056,4.441261527286877,1.250668767347407
2004-05-25,1.6103572267938349,15.96,4.73,2.15,2.345881069285305,187.6,1.0727227781734294,1.642325719836979,2.4796706684480085,-0.021561495336896996
2004-05-26,0.1697940339802972,15.97,4.67,2.15,2.345881069285305,187.6,0.15248114979566907,1.9310483459512362,1.748086294236173,-0.05291458296564633
2004-05-27,0.5686483778335472,15.28,4.6,2.14,2.345881069285305,187.6,0.10880160809516592,0.3576278593082183,1.0764435264784877,-0.547589762415357
2004-05-28,-0.0535080952359212,15.5,4.66,2.12,2.345881069285305,187.6,1.7614296041952082,1.0109893557193494,1.3848642535883693,-0.8218298324588424
2004-06-01,0.0463912478156469,16.3,4.71,2.11,2.345881069285305,187.6,1.8712186454462598,1.1023999250941774,1.7516959956972444,-1.294150053294174
2004-06-02,0.3380341801244801,16.08,4.74,2.09,2.345881069285305,187.6,0.5635575316533803,0.627566347704045,0.3511098948580038,-2.0977942729090926
2004-06-03,-0.7422266560965451,17.03,4.71,2.08,2.345881069285305,187.6,1.775859345406916,1.6460098726266192,0.7827043738108275,-1.409585007512948
2004-06-04,0.5247873329532693,16.78,4.78,2.08,2.345881069285305,187.6,0.24855581848552966,0.6948818555122749,-0.5603598273941968,-1.232067354537869
2004-06-07,1.5964404405623522,15.39,4.78,2.11,2.345881069285305,187.6,-0.7374505757188232,-0.526999661005001,-1.937013296802792,-4.080955899502936
2004-06-08,0.154329957191579,15.01,4.78,2.05,2.345881069285305,187.6,-0.754696695077195,0.1645979437921996,-2.8953463380777977,-3.96960949749694
2004-06-09,-0.949946343485697,15.39,4.82,2.03,2.345881069285305,187.6,0.06365011105589069,0.8238152193792203,-1.6370023052799887,-3.989110748927438
2004-06-10,0.4543338237380734,15.04,4.81,2.0,2.345881069285305,187.6,-0.12758376457390197,-0.17949589912396036,-1.9463774395641842,-4.610770699171507
2004-06-14,-0.9837419314923102,16.07,4.89,1.92,2.345881069285305,187.6,0.44521941825763633,0.7162541428121338,-0.9019918475879019,-2.7068650703768404
2004-06-15,0.5971767695307717,15.05,4.69,1.92,3.000545553737033,188.8,0.21201441624703055,0.37013289371155,-1.8144750386750452,-3.2323005542935657
2004-06-16,0.136928897691102,14.79,4.74,1.9,3.000545553737033,188.8,0.926285283289352,0.6422162788263241,-2.3704184867658795,-2.922651043643265
2004-06-17,-0.1332095070020633,15.15,4.71,1.9,3.000545553737033,188.8,0.7596815701602644,-0.27473232522664537,-2.708363840576322,-2.6792170678670457
2004-06-18,0.2623533037430237,14.99,4.72,1.91,3.000545553737033,188.8,-0.05197845061410966,-0.8493255169559566,-3.0061139477767673,-2.502160660196251
2004-06-21,-0.4158491147208343,15.26,4.7,1.9,3.000545553737033,188.8,0.26983337397661344,-1.2465794286423026,-1.9136515923571684,-2.7081399716483934
2004-06-22,0.3636189661164524,14.31,4.72,1.92,3.000545553737033,188.8,0.15778395273819967,-1.4174837704629129,-3.5727848022944486,-3.154064951721669
2004-06-23,0.8506645854063244,13.98,4.71,1.93,3.000545553737033,188.8,-0.28146186463284817,-3.054915953026738,-4.127413803037561,-5.538180180833885
2004-06-24,-0.2980642628044427,14.81,4.66,1.92,3.000545553737033,188.8,-1.0266148912614903,-2.440710579444705,-4.773600322338856,-6.722487359812879
2004-06-25,-0.5453005365357422,15.19,4.66,1.92,3.000545553737033,188.8,-0.7977617305289786,-1.7700587232605813,-4.439243059291121,-6.100868253746761
2004-06-28,-0.095208877926578,16.07,4.76,1.9,3.000545553737033,188.8,-1.5123320260872042,-1.6067376653081777,-3.3987753439828516,-4.791982855548216
2004-06-29,0.2514647414594062,15.47,4.7,1.87,3.000545553737033,188.8,-1.5727861190942938,-2.17655179823264,-3.5891488275899164,-5.316838118771994
2004-06-30,0.4083801133464071,14.34,4.62,1.92,3.000545553737033,188.8,-2.7812823375217843,-2.9934105954560586,-3.542119255992149,-6.802881006693862
2004-07-01,-1.0430932269721027,15.2,4.57,1.93,3.000545553737033,188.8,-1.428763587937909,-2.4403359069301245,-2.4111088380148193,-5.681426462618555
2004-07-02,-0.3153344471985897,15.08,4.48,1.94,3.000545553737033,188.8,-0.9801159829584516,-2.1752634987769692,-1.6669933430689343,-4.0910660277187265
2004-07-06,-0.8148397790546658,16.25,4.49,1.93,3.000545553737033,188.8,-0.0958552894621989,-0.6754927169665192,-1.4800100437533437,-3.090816352420267
2004-07-07,0.1899279876885318,15.81,4.5,1.94,3.000545553737033,188.8,-0.613413359306203,-2.186291356991943,-1.7615508790781331,-2.070937292163799
2004-07-08,-0.8244410026940319,16.2,4.49,1.94,3.000545553737033,188.8,-0.21819693062682388,-1.1062942082665561,-2.5615164009800573,-1.6121038597578852
2004-07-09,0.3336074231641284,15.78,4.49,1.94,3.000545553737033,188.8,-1.026234787969471,-2.3912533155480364,-4.38889705511325,-1.2994205880997978
2004-07-12,0.1383809375459455,14.96,4.46,1.93,3.000545553737033,188.8,-1.2069772931796452,-2.7172818199196147,-4.408848742243632,-1.6754091877808408
2004-07-13,0.0708968528567055,14.46,4.5,1.92,3.000545553737033,188.8,-0.5801935737338781,-1.8213012112342941,-3.2372594572636304,-1.699344745346787
2004-07-14,-0.3291105957191842,13.76,4.5,1.88,3.000545553737033,188.8,-1.5825857903461915,-1.444027025548822,-3.210157051571416,-0.5857117094676956
2004-07-15,-0.4300637374711202,14.71,4.5,1.86,3.000545553737033,188.8,-0.8900393161088704,-0.5656406063796582,-3.927022313248507,-0.14457306659034774
2004-07-16,-0.4788989724690218,14.34,4.38,1.84,3.327877795962908,189.4,-1.379172071158763,0.029958148366948656,-3.322162479563795,0.579268451498427
2004-07-19,-0.0444883490732794,15.17,4.38,1.82,3.327877795962908,189.4,-1.5287562677598898,0.5195722205719067,-1.9584029535493208,-0.15896084668830524
2004-07-20,0.7057879334125161,14.17,4.47,1.8,3.159041394335516,189.4,-1.2483504868025186,-0.8099887417455487,-2.431749929119764,-0.39958270137547824
2004-07-21,-1.3340343362997498,16.41,4.5,1.79,3.159041394335516,189.4,0.1407868372788057,0.43423410052263467,0.11793241093553952,1.0997576738926096
2004-07-22,0.2705928369005184,15.75,4.48,1.79,3.159041394335516,189.4,0.32731191445416474,-1.4715013266649701,-0.5114679922669341,1.957449896291874
2004-07-23,-0.970060809233908,16.5,4.45,1.76,3.159041394335516,189.4,1.428836331147454,-2.046582716632128,1.1185808285991916,2.5253226794333283
2004-07-26,-0.1960969414990798,17.3,4.49,1.74,3.159041394335516,189.4,2.080128584443952,-1.7388154381056231,1.0709740143261204,3.4342897030313457
2004-07-27,0.9925567812721026,16.55,4.62,1.8,3.159041394335516,189.4,0.44390321297709256,-1.4422255168362041,0.12421886559108586,1.958300771548438
2004-07-28,0.0538976749185238,16.15,4.61,1.83,3.159041394335516,189.4,0.2930347089449725,-1.792007092741521,0.8708912206707664,2.0959960578050385
2004-07-29,0.4573596944219327,15.68,4.6,1.85,3.159041394335516,189.4,-1.792944719432854,-3.380503205700258,0.4234628174376587,2.1346191114247404
2004-07-30,0.1172193532735343,15.32,4.5,1.82,3.159041394335516,189.4,-3.4264605347861354,-3.3511166954191873,0.5491457892211837,2.187486496278823
2004-08-02,0.4447613317688503,15.37,4.48,1.82,3.159041394335516,189.4,-3.741123836252236,-2.4651668519676373,-0.6750258206145832,1.9618261944744253
2004-08-03,-0.626236082983811,16.03,4.45,1.79,3.159041394335516,189.4,-1.8777931457064523,-1.6350045400758573,0.4137574289628132,1.8805349519240844
2004-08-04,-0.0963850339562144,16.21,4.45,1.79,3.159041394335516,189.4,-2.0789497573160287,-0.3149341381650239,0.6626461378734572,2.2637280073049215
2004-08-05,-1.63203750409584,18.32,4.43,1.79,3.159041394335516,189.4,-1.6165421941752633,0.9743712198244214,3.480161850760899,4.427694995670506
2004-08-06,-1.5480689575870343,19.34,4.24,1.84,3.159041394335516,189.4,0.07801706324959135,3.231294663334605,4.667428174393873,5.472896986958142
2004-08-09,0.1174845187758455,18.89,4.28,1.83,3.159041394335516,189.4,1.3255473522400418,2.859511072413179,5.264647647188081,6.0156662367775615
2004-08-10,1.2973910309109993,17.47,4.32,1.77,3.159041394335516,189.4,0.24743492162901948,1.589366633572764,3.450287210945091,3.1991416705206
2004-08-11,-0.3011936427144701,18.04,4.3,1.76,3.159041394335516,189.4,1.801467217497299,2.71148837745514,3.958947775481114,3.027537447497264
2004-08-12,-1.1675195100984137,19.08,4.27,1.75,3.159041394335516,189.4,2.633484807083364,3.937058408859717,5.708084289516191,4.4092064505314665
2004-08-13,0.1476696846605785,17.98,4.22,1.75,3.159041394335516,189.4,3.15081942330262,4.03549668789136,5.730643751199427,3.6363607182154256
2004-08-16,1.3655067923963315,17.57,4.26,1.75,3.159041394335516,189.4,1.5138963077501177,1.8353863676950244,4.538884113046104,2.8461924644928693
2004-08-17,0.219578185950553,17.02,4.21,1.77,3.104575163398704,189.3,1.3386194998334489,2.082816106948737,3.5739741313079776,3.0590536359623055
2004-08-18,1.2443338319771735,16.23,4.23,1.79,3.104575163398704,189.3,0.8939175287263845,0.9806687366725964,2.5868088897528896,1.772319487433327
2004-08-19,-0.3597672798251961,16.96,4.22,1.79,2.9363784665579207,189.3,1.2701250515137819,2.4816105321233906,3.4200002774249727,3.690332950158859
2004-08-20,0.6524742945688722,16.0,4.24,1.78,2.9363784665579207,189.3,0.8576541316247521,1.3911803738806627,2.171436802118931,3.3523074773805117
2004-08-23,-0.2430848030542942,15.88,4.28,1.78,2.9363784665579207,189.3,0.3166956166969159,2.338273388332257,3.068413539456216,3.5411730483184023
2004-08-24,0.0465361848639656,15.33,4.28,1.78,2.9363784665579207,189.3,0.7343662374604376,1.831806456756957,1.584590090766258,4.18359133664763
2004-08-25,0.8000456125331068,14.98,4.26,1.75,2.9363784665579207,189.3,0.08598259446266354,1.214527622695627,0.30770566665403454,2.32497686656139
2004-08-26,0.0117655740848876,14.91,4.22,1.74,2.9363784665579207,189.3,1.1962910878142274,1.7039407385282646,0.4542634252880706,1.5428652286666233
2004-08-27,0.2425190521884834,14.71,4.23,1.75,2.9363784665579207,189.3,0.5289893432972814,1.6293929642048566,-0.3836536397507917,1.0674642701147485
2004-08-30,-0.7781394120807694,15.44,4.19,1.72,2.9363784665579207,189.3,2.015195735074493,2.6547724143644924,0.9925882670569042,1.116452837270443
2004-08-31,0.4630819912892159,15.29,4.13,1.72,2.9363784665579207,189.3,1.0894397416563173,1.460733629053701,0.956319159525143,-0.28596395303689404
2004-09-01,0.1512392197422718,14.91,4.13,1.72,2.9363784665579207,189.3,1.127575509555312,1.5905422029523386,0.783962673910521,0.006538930223332073
2004-09-02,1.1212507374761538,14.28,4.2,1.74,2.9363784665579207,189.3,0.5016484747188077,0.9156664697491435,1.1794529884525673,-0.5829588825257859
2004-09-03,-0.4184933932207091,13.91,4.3,1.69,2.9363784665579207,189.3,1.0946132335517333,0.7695505914430134,1.9342186334828648,-1.1321247929424794
2004-09-07,0.6887425726392449,14.07,4.26,1.68,2.9363784665579207,189.3,0.626942559568211,0.7134575627960382,1.1754152382673189,-1.7701356756451014
2004-09-08,-0.448589055367643,14.06,4.18,1.68,2.9363784665579207,189.3,0.3672924573983938,-0.24276930223724458,2.3094796819591146,-1.074490008379625
2004-09-09,0.189021053566285,14.01,4.22,1.72,2.9363784665579207,189.3,0.45780460083635344,-0.8959405110519625,1.097124365392732,-2.220415548000032
2004-09-10,0.4953628496854767,13.76,4.19,1.69,2.9363784665579207,189.3,0.41195144688048746,-1.2287403065855518,-0.15837686198981737,-2.785855030249773
2004-09-13,0.1690424825133263,13.17,4.16,1.66,2.9363784665579207,189.3,-0.3215429899887323,-1.9807720436396448,-0.5529194632580725,-1.5058683225797953
2004-09-14,0.2229494844089963,13.56,4.15,1.68,2.9363784665579207,189.3,0.08597598319814992,-1.6191981222248408,-1.4985368345902472,-0.4592586351374828
2004-09-15,-0.7054639376351202,14.64,4.18,1.67,2.9363784665579207,189.3,-0.6078292486515147,-0.4971523972739367,-1.7215503176594482,0.42966548080860534
2004-09-16,0.2793724302198042,14.39,4.08,1.64,2.990755845568249,189.4,-1.347575847657978,-0.7939513970015577,-1.5592034832972335,0.39504450333849306
2004-09-17,0.4494925525700965,14.03,4.14,1.61,2.990755845568249,189.4,-1.6339606290133646,0.2613930303700718,-1.4850274538137809,-0.02678531566093767
2004-09-20,-0.5626775403398288,14.43,4.07,1.61,2.655826558265595,189.4,-1.664581398450271,1.155773778094793,-1.8871527889367745,0.5433755930105422
2004-09-21,0.6326945255019423,13.66,4.05,1.56,2.655826558265595,189.4,-1.703709324580338,0.4586851515680168,-2.465999379370487,1.0282707482255127
2004-09-22,-1.3937828348372427,14.74,4.0,1.5,2.655826558265595,189.4,0.1113536916850899,2.558460140026342,-0.83374478253333,4.111622403348991
2004-09-23,-0.4669773490937112,14.8,4.02,1.45,2.655826558265595,189.4,0.5611868693682354,2.011082983605683,-1.3364488233660654,5.005273912513841
2004-09-24,0.1578909400491213,14.28,4.04,1.42,2.655826558265595,189.4,1.926837424281258,1.083679045825825,-1.5764856381274228,4.724665667924155
2004-09-27,-0.5936317939006286,14.62,4.01,1.42,2.655826558265595,189.4,2.868096985454449,1.4567066178252874,0.48450057296032245,5.276797207676109
2004-09-28,0.5926525071360267,13.83,4.02,1.47,2.655826558265595,189.4,2.1998739334821105,0.12264718860952595,1.1790303239532784,4.551365789739226
2004-09-29,0.4270030434551097,13.21,4.1,1.49,2.655826558265595,189.4,2.444384535921529,-1.2305154574812072,0.9314485971124498,5.055209573678732
2004-09-30,-0.0197428026370127,13.34,4.14,1.51,2.655826558265595,189.4,1.441804894487686,-0.7713764403197265,1.198511499130639,5.044011629621981
2004-10-01,1.5180646173832857,12.75,4.21,1.58,2.655826558265595,189.4,-0.8272192091526409,-1.7418673642952798,-0.2874270318024785,2.7407506390216385
2004-10-04,0.3243520941504707,13.41,4.19,1.54,2.655826558265595,189.4,-1.372038959589894,-3.0081590534879465,-0.6054011177133778,2.9757560168826247
2004-10-05,-0.0607894368110817,13.95,4.18,1.53,2.655826558265595,189.4,-2.032513999209573,-2.9113306893534197,0.566984921013125,3.178757374336305
2004-10-06,0.667272097322269,13.28,4.23,1.53,2.655826558265595,189.4,-3.5872146726735887,-3.3075817615906167,1.5144165202968685,1.3508513868709215
2004-10-07,-0.998207077330826,14.5,4.26,1.54,2.655826558265595,189.4,-2.1817251153106065,-3.2815373673758086,2.935162377787237,2.97630680720824
2004-10-08,-0.7526652440515536,15.05,4.15,1.54,2.655826558265595,189.4,-0.922277411048511,-2.6316460867508162,3.6019530120660948,3.730806467418346
2004-10-12,-0.2267939767254478,15.05,4.12,1.56,2.655826558265595,189.4,-1.6588805817730479,-0.9582471945666193,3.765242059591567,4.392383764697194
2004-10-13,-0.7300454303445503,15.42,4.09,1.56,2.655826558265595,189.4,-0.8970493436330051,1.0550890982274241,4.423293555939356,5.23929911782357
2004-10-14,-0.9302729874237968,16.43,4.03,1.55,2.655826558265595,189.4,0.29003716688986714,2.1888987925850367,6.364035471354579,5.861025799054587
2004-10-15,0.4450246023744775,15.04,4.07,1.54,2.655826558265595,189.4,-1.1243423106384598,1.9852013146847591,5.86059532151435,4.967243192745241
2004-10-18,0.5251821526630174,14.71,4.07,1.52,2.655826558265595,189.4,-1.7252805484781475,1.4802238689851643,4.562083445994669,5.980044028321663
2004-10-19,-0.9685677881300704,15.13,4.07,1.5,2.8184281842818404,189.7,0.7124521170302822,2.4772784105619783,6.169503549964039,6.9231490261814965
2004-10-20,0.0389813292378748,14.85,4.01,1.48,2.540540540540537,189.7,1.9698085969501733,3.5826174517206155,6.272707316858828,6.956917935283102
2004-10-21,0.256415559777956,14.54,4.01,1.44,2.540540540540537,189.7,1.8933701485575494,4.986945584500857,4.8177853376005775,6.600964370752727
2004-10-22,-0.971540646086,15.28,4.0,1.45,2.540540540540537,189.7,3.144903101522223,6.427624649883645,6.470165058716737,6.454786200476437
2004-10-25,-0.0857814275856627,16.58,3.99,1.45,2.540540540540537,189.7,3.261779260580422,6.402079164623431,6.534415237046987,7.065767330677231
2004-10-26,1.487935354919312,16.39,4.01,1.47,2.540540540540537,189.7,1.7523416980066653,4.76918988240993,5.402399298985561,6.069546504510104
2004-10-27,1.2879297837223191,15.72,4.11,1.48,2.540540540540537,189.7,1.5816533118594878,3.3330379377905173,4.14052380432719,4.611626200098029
2004-10-28,0.1812615023933039,15.39,4.09,1.5,2.540540540540537,189.7,3.0360909953542237,4.085704737110274,3.593469593916332,5.361099770044597
2004-10-29,0.2448032630618435,16.27,4.05,1.49,2.540540540540537,189.7,3.182630890767646,3.7999572064104203,2.923994696896348,5.515907812329002
2004-11-01,0.0274339592236216,16.27,4.11,1.5,2.540540540540537,189.7,3.0411057474794,3.036906561211672,4.434184304861133,5.692087392276601
2004-11-02,0.0044271017233477,16.18,4.1,1.5,2.540540540540537,189.7,2.9648931258575484,3.6029695525379157,4.338396456829896,5.467393546244503
2004-11-03,1.1180204432347685,14.04,4.09,1.49,2.540540540540537,189.7,1.7241151023150048,2.5970475851240016,3.2575933748103747,3.52024347246358
2004-11-04,1.6156484921560743,13.97,4.1,1.47,2.540540540540537,189.7,1.018685522341256,-0.16112502936300732,1.5373518843375678,1.9127073367470215
2004-11-05,0.3873733357810272,13.84,4.21,1.41,2.540540540540537,189.7,0.5982851089505026,0.039971209517308814,0.025521147053830795,2.437208564194049
2004-11-08,-0.1097635206392833,13.8,4.22,1.42,2.540540540540537,189.7,-0.00407525349934712,0.12437357753019018,0.6237548845515972,2.900266113575589
2004-11-09,-0.0695394915883551,13.61,4.22,1.42,2.540540540540537,189.7,0.6197028980551744,0.6043851415538315,1.2411631926901867,3.019550565707574
2004-11-10,-0.1005018485985331,13.08,4.25,1.43,2.540540540540537,189.7,0.8581372095800788,0.7814401692349371,1.237347016814927,2.67921600707699
2004-11-12,0.9109710991654252,13.33,4.2,1.34,2.540540540540537,189.7,-1.1679131891330297,-0.47291330201121307,1.2253316016407778,2.4802177075291754
2004-11-15,-0.0303998022414986,13.38,4.2,1.31,2.540540540540537,189.7,-0.5549934562289027,-0.843894865748529,1.6531322864674847,2.503770969249408
2004-11-16,-0.7078842439273703,13.21,4.21,1.3,2.540540540540537,189.7,0.12845406585835217,1.356094423137022,2.576922114298541,3.2430679304854992
2004-11-17,0.5538302917098559,13.21,4.14,1.29,3.189189189189201,190.9,-0.015223416547782698,0.7098511823244946,1.7995854769019548,2.536516576586223
2004-11-18,0.136225823789271,12.98,4.12,1.26,3.189189189189201,190.9,-0.07604447441437179,0.6438253392606619,0.8998269531816483,1.5656209253600784
2004-11-19,-1.1161406330803092,13.5,4.2,1.25,3.189189189189201,190.9,0.703212802186215,1.7012180017053735,2.077179221740977,1.5132426068521276
2004-11-22,0.5895743643366202,12.97,4.18,1.23,3.189189189189201,190.9,-0.2905137417759107,-0.014444288906501068,2.3962795327640896,0.5521389057388415
2004-11-23,-0.0254874817890993,12.67,4.19,1.21,3.189189189189201,190.9,1.2260654263883675,0.4987609801470727,2.772444347824954,0.9303850482891507
2004-11-24,0.4095424235170286,12.72,4.2,1.19,3.189189189189201,190.9,0.7251849968050728,0.6329525797910129,2.4006562146923427,0.3748588210818804
2004-11-26,0.0753126388676861,12.79,4.24,1.21,3.189189189189201,190.9,0.7204176514916893,0.4523718323675707,1.883060843995965,0.642622536595483
2004-11-29,-0.3449945495939466,13.3,4.34,1.27,3.189189189189201,190.9,0.9910361067422491,1.70631429090784,2.9671631186207525,0.3750345034021496
2004-11-30,-0.403030809919791,13.24,4.36,1.34,3.189189189189201,190.9,0.2768738093329226,2.518278777524796,3.376157051011064,1.1824645616810958
2004-12-01,1.4951227301604586,12.97,4.38,1.37,3.189189189189201,190.9,-0.7184952247009768,1.2044936203489343,1.8617267349221533,-1.1684064566309105
2004-12-02,-0.0872977384660189,12.98,4.4,1.36,3.189189189189201,190.9,-0.09156837688308883,1.0820533262477117,1.813790183201336,-0.48809462400616344
2004-12-03,0.0705760521569454,12.96,4.27,1.33,3.189189189189201,190.9,-0.26612858184486,0.254363954329051,0.9158987975586896,0.40379931881979747
2004-12-06,-0.0772386738559283,13.19,4.24,1.31,3.189189189189201,190.9,0.7082590809441403,0.36967228851609857,-0.18483101633063326,-0.4721693020111717
2004-12-07,-1.1073349053507653,13.67,4.23,1.28,3.189189189189201,190.9,2.235216239841775,2.4110720838880884,0.5666650453815647,-0.14102068569581405
2004-12-08,0.4876611048293622,13.19,4.14,1.23,3.189189189189201,190.9,1.936905417985102,2.262399402244464,0.4294819796111238,-1.2630991229753752
2004-12-09,0.5436148935247909,12.88,4.19,1.26,3.189189189189201,190.9,1.1746973544315198,1.756585283036105,-0.2564704225532233,-2.1433848881379003
2004-12-10,-0.1042674518648367,12.76,4.16,1.21,3.189189189189201,190.9,0.5218814117739834,1.4242461233427983,0.18939393939390037,-1.6489870219118852
2004-12-13,0.8989944201125866,12.54,4.16,1.18,3.189189189189201,190.9,-0.3362055858357693,1.2396957224371619,-1.3089450707041372,-2.0531006039256616
2004-12-14,0.3920938833781973,12.73,4.14,1.15,3.189189189189201,190.9,0.17201102566630766,0.836805186076095,-1.303001017742933,-2.3957483037534533
2004-12-15,0.194449451612777,12.35,4.09,1.12,3.189189189189201,190.9,0.3193092657901353,0.649411000502309,-2.344658811180278,-2.8497483815853375
2004-12-16,-0.208175183841508,12.27,4.19,1.18,3.189189189189201,190.9,0.5751318697461816,0.7239038314664104,-1.5533399832967087,-1.8234507790441001
2004-12-17,-0.7488310484568106,11.95,4.21,1.18,3.3513513513513398,191.2,0.8976798871007885,0.6598564063815093,0.14905621919747425,-0.40109840797495355
2004-12-20,0.0376882649966381,11.83,4.21,1.15,3.5752979414951147,191.2,1.5812174496629083,-0.5524610095894,-0.8387409974871085,-0.12221847218640836
2004-12-21,0.904024319851282,11.55,4.18,1.13,3.5752979414951147,191.2,0.6636526047574698,-1.8009840156694157,-2.4920086448205203,-1.290799050455116
2004-12-22,0.341780686388704,11.45,4.21,1.17,3.5752979414951147,191.2,0.3290510442387484,-1.792366924057498,-3.447502254814616,-0.540681174515989
2004-12-23,0.0463022907826182,11.23,4.23,1.21,3.5752979414951147,191.2,0.14792121964393168,-1.9783050895330057,-3.8326464673771987,-0.6949694781348992
2004-12-27,-0.4305290271688244,12.14,4.3,1.23,3.5752979414951147,191.2,-0.23570758117075208,-1.2175118190646095,-3.0300773855565843,-0.2174414086937526
2004-12-28,0.7153997612125984,12.0,4.31,1.23,3.5752979414951147,191.2,-2.1004655317402587,-2.5174322926935444,-3.252475526388865,-1.7758003967280223
2004-12-29,-0.0074235614586415,11.62,4.33,1.21,3.5752979414951147,191.2,-2.448387830813148,-2.122048789497466,-3.205727793402857,-1.354810010118146
2004-12-30,0.0082490139913238,12.56,4.27,1.17,3.5752979414951147,191.2,-2.114460314551214,-2.974751448538171,-3.476582075646917,-0.6798236305101013
2004-12-31,-0.1343170711736618,13.29,4.24,1.16,3.5752979414951147,191.2,-2.1230858147456844,-2.2608772378138187,-2.529046744229446,-0.476931570341832
2005-01-03,-0.811942003912347,14.08,4.23,1.13,3.5752979414951147,191.2,-0.9841238925166307,-0.5074517344052731,-1.0539999283062707,0.6688439501884469
2005-01-04,-1.16713594265474,13.98,4.29,1.09,3.5752979414951147,191.2,-0.4259129149265517,-0.28787035939152883,0.4326326641873601,1.8761765982985068
2005-01-05,-0.3627842613197485,14.09,4.29,1.07,3.5752979414951147,191.2,0.3345296239181561,-0.7036981198074055,0.5195418305369737,1.4369717932952941
2005-01-06,0.3505858083953761,13.58,4.29,1.11,3.5752979414951147,191.2,-0.8788745883727689,-1.6853428587136565,1.2745300037662277,1.1533013160254013
2005-01-07,-0.1431170580797114,13.49,4.29,1.09,3.5752979414951147,191.2,-0.14078030985665846,-1.8917662865735818,1.3092362997500606,-0.1711283459507884
2005-01-10,0.3422772738181034,13.23,4.29,1.06,3.5752979414951147,191.2,0.48140982724216297,-1.8349057610008712,1.012396456889264,0.0462128820100105
2005-01-11,-0.6099567120878002,13.19,4.26,1.02,3.5752979414951147,191.2,0.13863301143508533,-0.7540253103532457,0.760784121107938,1.454785000682035
2005-01-12,0.3981403880320977,12.56,4.25,1.03,3.5752979414951147,191.2,-1.0347661444341405,-1.1071737715215968,0.7838729457354532,1.9929312889132689
2005-01-13,-0.8630125807352784,12.84,4.2,0.99,3.5752979414951147,191.2,-0.8136189606320898,-0.5172165334290102,2.3652892956113725,2.2209032654029626
2005-01-14,0.600455955884871,12.43,4.23,0.99,3.5752979414951147,191.2,-1.7534544953887177,-0.274372737177242,1.8252114578648504,2.1856966722000104
2005-01-18,0.9674771847279606,12.47,4.21,0.95,3.5752979414951147,191.2,-2.3052180420492396,-0.5493358079863397,1.1822952624086058,1.1789474586699322
2005-01-19,-0.9490104994474112,13.18,4.2,0.94,3.297297297297286,191.1,-0.8914225159099121,0.7225831262212656,2.170294592533417,2.181268895250432
2005-01-20,-0.7782996095930472,13.83,4.17,0.96,3.297297297297286,191.1,-0.07316471074391151,1.2319088698996339,2.1558405223244037,3.9739290612827327
2005-01-21,-0.6414815973357024,14.36,4.16,1.0,3.297297297297286,191.1,0.2988337956250531,3.0106119967709954,2.887305166166265,4.918361094703694
2005-01-24,-0.3527785741917366,14.65,4.14,0.94,3.297297297297286,191.1,1.5054796589688557,3.262725731740068,1.753816041219114,4.784537375805575
2005-01-25,0.4004325825724963,14.06,4.2,0.97,3.297297297297286,191.1,1.7973142463419078,2.9005241017320493,1.9162805858781162,3.3036326680502492
2005-01-26,0.4844114603439475,13.44,4.21,0.94,3.297297297297286,191.1,1.6285226597972713,1.52631825743883,2.2255918367897864,2.9964188949842985
2005-01-27,0.0408921581358967,13.24,4.22,0.94,3.297297297297286,191.1,1.306029133080977,1.912218296692303,3.1348128865005265,2.1735904103902692
2005-01-28,-0.2715987692261667,13.24,4.16,0.91,3.297297297297286,191.1,2.7036986358900617,2.89749213742998,2.7523554362067992,3.0281016209103173
2005-01-31,0.8460280617075266,12.82,4.14,0.85,3.297297297297286,191.1,1.7311834579523122,2.1053607309069466,2.466837739605121,1.39510697776708
2005-02-01,0.6890900906523889,12.03,4.15,0.86,3.297297297297286,191.1,1.0837317895445286,1.7411960839714746,1.7378297879633964,-0.11266828529397088
2005-02-02,0.3177968167360712,11.66,4.15,0.83,3.297297297297286,191.1,-0.10056665164815959,1.437325594100325,1.4482211672443013,-0.24974904374716056
2005-02-03,-0.2765634073250145,11.79,4.18,0.84,3.297297297297286,191.1,0.5983742219478172,0.9126881659538011,2.708652066323314,-0.02016911070946703
2005-02-04,1.104304976651127,11.21,4.09,0.8,3.297297297297286,191.1,0.18869184276113504,-0.11970303662361959,1.8519927810860315,-1.6001263086716344
2005-02-07,-0.1088965829486143,11.73,4.07,0.76,3.297297297297286,191.1,0.36780981036090843,-1.4612336444041474,1.4737279432453843,-2.4972548095432145
2005-02-08,0.0482706569868041,11.6,4.05,0.72,3.297297297297286,191.1,0.6504155345152363,-0.9565000027413451,0.3917458825765774,-2.476089022891248
2005-02-09,-0.857527919407397,12.0,4.0,0.76,3.297297297297286,191.1,1.5394404094223546,0.6887608960445712,1.4479995559552927,-1.7256811263169913
2005-02-10,0.421146114680293,11.51,4.07,0.78,3.297297297297286,191.1,0.31244435751272004,1.199654575518072,0.25646788782189844,-1.8988964405736608
2005-02-11,0.692562217096504,11.43,4.1,0.76,3.297297297297286,191.1,-0.3078140593638534,-0.14104979451716737,0.12693164893260445,-3.3137029667753115
2005-02-14,0.0696893542092791,11.52,4.08,0.7,3.297297297297286,191.1,-1.8223407068669983,0.35402353618907423,-0.6956086811266915,-2.0503407704252186
2005-02-15,0.3299766544856863,11.27,4.1,0.73,3.297297297297286,191.1,-1.5965314487008109,-0.0033086853090558144,-1.8221373844822697,-2.4402562899570435
2005-02-16,0.0181775942892148,11.1,4.16,0.75,3.297297297297286,191.1,-0.8377823532882522,0.010741187309637468,-1.6631694772773375,-3.091686875731481
2005-02-17,-0.7923365410653749,11.77,4.19,0.81,3.297297297297286,191.1,0.8844468138403005,1.7797206010566224,-0.9244202028680037,-2.0512183954038976
2005-02-18,0.0699534307984528,11.18,4.27,0.82,3.3513513513513398,191.2,0.16727917366159417,1.9740588260691583,-1.4821975074732485,-1.6811018522515986
2005-02-22,-1.4505723363565035,13.14,4.29,0.83,3.3513513513513398,191.2,2.216761184495164,2.9784842008861334,-1.0513843469486805,-0.007607746252558112
2005-02-23,0.5607362566527829,12.39,4.27,0.81,2.960172228202373,191.3,1.6190717531071597,1.3612663984564177,-1.534264257818052,0.028549362308760706
2005-02-24,0.7893770539395328,11.57,4.29,0.77,2.960172228202373,191.3,0.8556923803589633,0.7540450921772246,-2.3979260454444873,-1.583069552823091
2005-02-25,0.9306819196589712,11.49,4.27,0.73,2.960172228202373,191.3,0.8874249852093952,-0.9320058370281714,-3.061819755303108,-2.489745849844116
2005-02-28,-0.6414241365205964,12.08,4.36,0.77,2.960172228202373,191.3,1.8037623336809583,0.2683599646284174,-3.1771345139616547,-1.3160490313736561
2005-03-01,0.565807471908153,12.04,4.38,0.79,2.960172228202373,191.3,0.7452036315415356,-1.045929381134647,-2.3958823193045764,-3.0254206494582547
2005-03-02,-0.0272699428853995,12.5,4.38,0.81,2.960172228202373,191.3,-0.25369780514932216,-1.8188888804823944,-2.4370282382432995,-3.969151541288052
2005-03-03,0.0322304858026978,12.93,4.39,0.8,2.960172228202373,191.3,-0.1007848796460542,-1.673730886017466,-3.1020948612215826,-5.605258885234887
2005-03-04,0.9624381187494756,11.94,4.32,0.75,2.960172228202373,191.3,-1.8034267625566813,-2.656856187023704,-3.763951181863179,-6.230158654849283
2005-03-07,0.2610270259310043,12.26,4.31,0.7,2.960172228202373,191.3,-1.5081980605195833,-3.389348598389663,-3.584402465096681,-5.91932048449152
2005-03-08,-0.4798789368921641,12.4,4.38,0.76,2.960172228202373,191.3,-1.7778841553856228,-3.9133111922423858,-2.899724122287106,-6.718716949907044
2005-03-09,-1.018512206380029,12.7,4.52,0.86,2.960172228202373,191.3,-1.5691720303330436,-2.8566441197488635,-1.3148188489562451,-3.8988954700456824
2005-03-10,0.1855817446625884,12.49,4.48,0.8,2.960172228202373,191.3,-1.5745328974571038,-3.128381728731644,-2.3196236368099754,-4.724416364094464
2005-03-11,-0.7583249076131948,12.8,4.56,0.83,2.960172228202373,191.3,-0.8691030616754802,-2.1498506518374594,-1.5723948243601127,-3.164787502460309
2005-03-14,0.562462523096463,12.39,4.52,0.77,2.960172228202373,191.3,-1.9099564642202305,-3.4362728978568513,-1.580168456491149,-4.557394330830434
2005-03-15,-0.7523807317785902,13.15,4.54,0.79,2.960172228202373,191.3,-2.1740796545606345,-1.3642217341108043,-2.0004141880609283,-3.453975797719666
2005-03-16,-0.8081864922510951,13.49,4.52,0.8,2.960172228202373,191.3,-1.3079968095082495,-0.6295909169416691,-2.1900981118334273,-3.7750282065484586
2005-03-17,0.1801253078677511,13.29,4.47,0.77,2.960172228202373,191.3,-1.5787060778240325,-1.4526778937867801,-3.9984513138191735,-2.8028655822444515
2005-03-18,-0.0470451888166412,13.14,4.51,0.79,2.960172228202373,191.3,-1.2919761948273378,-1.1373117319556703,-3.6708311729595544,-2.310762801683175
2005-03-21,-0.4934220146028734,13.61,4.53,0.81,2.683843263553398,191.3,-1.5560360446571386,-0.20189685492977283,-2.618729766746686,-1.909981989220766
2005-03-22,-1.0196208806246054,14.27,4.63,0.77,2.683843263553398,191.3,0.8278561730777234,1.054867310479568,-2.919661185616973,0.3362661074767903
2005-03-23,0.0699890234541422,14.06,4.61,0.77,3.059581320450877,192.0,0.6873970237053051,1.587164924272555,-1.0729002934401488,0.008526484050652705
2005-03-24,-0.0946658357422247,13.42,4.6,0.72,3.059581320450877,192.0,0.12804971263322695,0.8348762066273219,-1.6475771374991344,-0.005981488855144601
2005-03-28,0.2441468682685466,13.75,4.64,0.74,3.059581320450877,192.0,0.1566888454548776,0.590143021062417,-1.0372358727952502,0.38831764227202914
2005-03-29,-0.7596181253847534,14.49,4.6,0.73,3.059581320450877,192.0,1.3755431367449278,1.9221549302900431,-1.161017150661281,0.07379568222449784
2005-03-30,1.3772610206178593,13.64,4.56,0.7,3.059581320450877,192.0,0.22514724205993097,-0.6449915691192354,-2.118657246233302,-0.8718436893315529
2005-03-31,-0.0694143722881457,14.02,4.5,0.7,3.059581320450877,192.0,0.8936251478975255,-1.5703942544781135,-3.165366147358506,-1.798251813363394
2005-04-01,-0.6496685637735977,14.09,4.46,0.71,3.059581320450877,192.0,0.7059225621818044,-2.5833004546674254,-1.3700906930808832,-1.6088048980487102
2005-04-04,0.2728192077877223,14.11,4.47,0.73,3.059581320450877,192.0,0.43277606378975264,-2.5626649299023696,-1.1869503958317873,-0.8868188411250144
2005-04-05,0.4480851914030248,13.68,4.48,0.73,3.059581320450877,192.0,0.5391949346281733,-2.4217222929615256,-1.711540681096957,-0.6424606375712183
2005-04-06,0.2268456316200096,13.15,4.44,0.74,3.059581320450877,192.0,-0.8681841185801731,-3.9330401413375182,-0.7111000411241464,0.1258466452389584
2005-04-07,0.5970988776071051,12.33,4.49,0.77,3.059581320450877,192.0,-2.442195330739383,-2.6185052212999937,-1.5539743051188437,-0.005042110332276195
2005-04-08,-0.8345000045604456,12.62,4.5,0.73,3.059581320450877,192.0,-3.2661664112339395,-2.4618995307134295,-0.8338956987058443,0.6840567608374482
2005-04-11,0.000847423470951,11.98,4.45,0.7,3.059581320450877,192.0,-2.9825333034601997,-1.6178313749060869,-0.2006413081131586,1.0709378376746903
2005-04-12,0.5545202838389773,11.3,4.38,0.67,3.059581320450877,192.0,-2.9450377333088196,-3.02502638710892,-1.8135009501415111,0.5312467562098355
2005-04-13,-1.1761610584853477,13.31,4.38,0.72,3.059581320450877,192.0,-3.0916976507557314,-1.4832324010513154,-0.22832479589607324,1.3818459999950017
2005-04-14,-1.0001780423824047,14.53,4.37,0.77,3.059581320450877,192.0,-0.18072351172551127,-1.6204188575173362,-0.23149291024735508,3.060965087083223
2005-04-15,-1.6720496445511768,17.74,4.27,0.73,3.059581320450877,192.0,0.8314225237258555,1.2453817130418932,1.000337273965246,4.915022878969233
2005-04-18,0.2940597369134767,16.56,4.27,0.72,2.564102564102577,192.0,1.4066559095206488,1.4118967160594575,1.7199219247649777,3.9721478827780654
2005-04-19,0.593382863926073,14.96,4.21,0.71,2.564102564102577,192.0,-0.08241583112496009,0.7278070781252977,1.823419819657257,4.288757625026296
2005-04-20,-1.32549392846395,16.92,4.22,0.7,3.205128205128216,193.2,1.6597806490384448,3.3538483001373187,4.225060096153843,5.871651785714294
2005-04-21,1.9736220810439464,14.41,4.32,0.67,3.205128205128216,193.2,-1.4423019244794277,1.0931552433039782,2.683736901869116,3.1096228180305774
2005-04-22,-0.6750253359446234,15.38,4.26,0.64,3.205128205128216,193.2,0.41054581890742625,1.6690952808950943,3.225361449951003,3.939695070027871
2005-04-25,0.8662275206615888,14.62,4.26,0.62,3.205128205128216,193.2,0.0051681090277533315,1.4404948443385246,2.732984289893947,3.025560185728393
2005-04-26,-0.883746643749117,14.91,4.28,0.61,3.205128205128216,193.2,0.810891211982101,1.249317624775692,3.667207126567318,3.719306627287522
2005-04-27,0.395027825436145,14.87,4.25,0.61,3.205128205128216,193.2,1.6664089183384467,1.2738010348287254,2.908213972985485,3.8525440287805246
2005-04-28,-1.1380371611511175,16.86,4.19,0.6,3.205128205128216,193.2,2.5725612684668997,1.4118030704546536,4.758491437181966,4.801351975567547
2005-04-29,1.1922469194121543,15.31,4.21,0.55,3.205128205128216,193.2,1.253403665644326,-0.2420302387433404,3.624502277376118,3.8008360315566536
2005-05-02,0.4590101314615458,15.12,4.21,0.57,3.205128205128216,193.2,1.4352525598936516,0.3037367593744511,2.5246063328121515,3.5924484384346256
2005-05-03,-0.085185362192719,14.53,4.21,0.53,3.205128205128216,193.2,0.4348998481440658,1.0876964100709374,3.5352209585374217,3.910703031494478
2005-05-04,1.247016364593012,13.85,4.2,0.57,3.205128205128216,193.2,-0.38617266773440795,0.8429408390159709,2.4361003745746013,3.0034394411751375
2005-05-05,-0.2568808292038427,13.98,4.19,0.61,3.205128205128216,193.2,-1.1316459135442214,1.573382149105007,1.9946628135935507,3.780387323375489
2005-05-06,-0.109158838810619,14.05,4.28,0.55,3.205128205128216,193.2,-1.4769221085405015,1.5307170431252848,2.2333234921187106,3.8203782757253446
2005-05-09,0.6394323123307677,13.75,4.29,0.53,3.205128205128216,193.2,-1.1155054795679464,1.274135588098968,1.5625567913703176,2.9495114298279113
2005-05-10,-1.0705435413708386,14.91,4.23,0.54,3.205128205128216,193.2,0.6499698440620705,2.3880551084326296,2.4395117522327148,4.086710515765946
2005-05-11,0.4193046570356129,14.45,4.21,0.53,3.205128205128216,193.2,1.2338784079148235,1.613855628460792,2.5463080950866246,2.5292240257258625
2005-05-12,-1.0033216475797246,16.12,4.18,0.52,3.205128205128216,193.2,2.7359897791803034,3.3000974890489365,3.342361345018219,2.7782536351495413
2005-05-13,-0.4580058472371084,16.32,4.12,0.51,3.205128205128216,193.2,3.052725529930367,3.875913398571451,4.052674969203385,3.1748963240658012
2005-05-16,1.008612459220859,15.68,4.13,0.52,3.205128205128216,193.2,2.4165983547330905,2.2141444029802226,3.2787529012499705,3.0780058751753048
2005-05-17,0.6957345288654659,14.57,4.12,0.51,3.205128205128216,193.2,1.7268611874036388,2.4211893587305244,2.7926312713386414,2.2192814511994285
2005-05-18,1.0018750448482103,13.63,4.07,0.51,3.518123667377404,194.2,0.37534590842689397,1.5798423987871901,2.1424391079670757,0.486681161288538
2005-05-19,0.4655940811201908,13.32,4.11,0.47,3.518123667377404,194.2,0.5490848057055242,0.4147549836138964,2.1728184368526193,0.2820957010049918
2005-05-20,-0.1511172065874144,13.14,4.13,0.44,3.518123667377404,194.2,0.7988026172117468,0.6920136776882968,2.255141398861138,1.3209639908598358
2005-05-23,0.3851032508630725,12.95,4.07,0.42,3.518123667377404,194.2,-0.19767689515681752,0.28479255991320507,1.654297844163266,0.09045918850929535
2005-05-24,0.017586730443786,12.69,4.04,0.43,3.518123667377404,194.2,0.6825416249182981,0.0502564910971115,1.659036696745897,0.31824340273651774
2005-05-25,-0.3400082663544967,12.58,4.08,0.47,3.518123667377404,194.2,1.1999923681051738,0.9176430328903917,0.90083029681709,1.83611695755741
2005-05-26,0.639489188251563,12.24,4.08,0.44,3.518123667377404,194.2,-0.13359626529790836,0.04091366513354622,-0.5051726635153408,1.8219423838967241
2005-05-27,0.0968616242561948,12.15,4.08,0.44,3.518123667377404,194.2,-0.10594266672887542,0.17016608070985484,-0.6748600821596118,1.9544813116687099
2005-05-31,-0.6072865011894635,13.29,4.0,0.4,3.518123667377404,194.2,0.4834250747482116,1.0415471405528454,0.845148660433237,2.668068742131746
2005-06-01,0.899703793799822,12.36,3.91,0.41,3.518123667377404,194.2,-0.62799878073867,0.36266119826739995,-0.1971348983499155,2.0195995648512044
2005-06-02,0.1721871545824038,11.84,3.89,0.37,3.518123667377404,194.2,-0.279001340422802,0.5538468025685583,-1.0761596116748318,1.9621523151687636
2005-06-03,-0.6867132719695968,12.15,3.98,0.41,3.518123667377404,194.2,0.1747433810624477,1.7508019150428877,-0.13211134422479454,2.099461960628668
2005-06-06,0.1245790379795552,12.28,3.96,0.37,3.518123667377404,194.2,0.2764015746377968,1.5523850046105458,0.6246278033378072,2.658847572100398
2005-06-07,-0.0208766522167835,12.39,3.92,0.35,3.518123667377404,194.2,0.5554369443412588,1.3656161111684773,-0.1937814961204487,3.1688974071452103
2005-06-08,-0.216324424033798,12.7,3.95,0.35,3.518123667377404,194.2,0.9969206283973797,1.6079720952959065,0.2678522984729259,2.709534342243014
2005-06-09,0.5239948718352094,12.08,3.98,0.34,3.518123667377404,194.2,0.8351783016478764,-0.016659858046697007,0.9101222512376994,2.7270530784703206
2005-06-10,-0.23482369773834,11.96,4.05,0.34,3.518123667377404,194.2,1.5733092801497817,-0.5458629960905514,1.7803003326467115,2.580735017932412
2005-06-13,0.2261863243468997,11.65,4.09,0.38,3.518123667377404,194.2,1.2724663130467828,-0.8435906577100027,1.7812840896372029,2.5266142509029477
2005-06-14,0.2573314925500947,11.79,4.13,0.42,3.518123667377404,194.2,0.8057039892091389,-0.19437398345298895,1.6097552418870897,2.731101490088972
2005-06-15,0.2217708798165407,11.46,4.12,0.4,3.4648187633262277,194.1,0.6050198987222366,-0.5577732693949344,1.6509510078758227,3.078122959201113
2005-06-16,0.3630099158230981,11.15,4.09,0.39,2.8072033898304927,194.1,-0.8447827177399336,-1.6210284002796893,1.4005486188562566,1.9174946755019961
2005-06-17,0.4954746807115606,11.48,4.09,0.37,2.8072033898304927,194.1,-2.086347576207692,-1.8505144174095545,0.3426607348774313,1.5111437712601816
2005-06-20,-0.0706666923454113,11.47,4.11,0.39,2.8072033898304927,194.1,-2.0894691793283404,-0.9135749999673926,1.089548578735533,2.3040884872766787
2005-06-21,-0.2047520996927287,11.08,4.06,0.35,2.8072033898304927,194.1,-0.9920847066046679,-1.538389117645922,1.7789871606946672,2.5897985423902536
2005-06-22,0.0222492839140331,11.05,3.95,0.33,2.8072033898304927,194.1,-1.1558003460341415,-1.3189120589535142,1.0841297431996688,1.8107210251702588
2005-06-23,-1.0833051340467523,12.13,3.96,0.33,2.8072033898304927,194.1,-0.7828591412694541,0.9269365355954129,2.744170111362143,2.1395371061305513
2005-06-24,-0.76287211352144,12.18,3.92,0.33,2.8072033898304927,194.1,0.24085830010447395,2.338930685855578,3.143758629065463,2.648611497129405
2005-06-27,-0.0738525577582027,12.52,3.9,0.3,2.8072033898304927,194.1,1.200988463145669,2.6472063326598683,3.398877521854393,3.417351743855912
2005-06-28,0.9137563444907348,11.58,3.97,0.32,2.8072033898304927,194.1,-0.5517785213660642,1.8076428126816646,2.9311729110911067,2.293670766222644
2005-06-29,-0.1431436187661838,11.77,3.99,0.34,2.8072033898304927,194.1,-0.16501900312855255,2.2211130521587075,3.6562900370743723,3.1637357819901846
2005-06-30,-0.7100904033514155,12.04,3.94,0.28,2.8072033898304927,194.1,1.7232865834133637,3.07136471341658,3.5968286903618196,3.2786935638808856
2005-07-01,0.2610515529939183,11.4,4.06,0.3,2.8072033898304927,194.1,2.0930311465109375,2.2345253663520026,3.4250390297166033,3.3011332210237443
2005-07-05,0.8832632317790745,11.68,4.11,0.32,2.8072033898304927,194.1,1.429055082837305,2.0215923409309555,3.2473302848932573,1.190879235697806
2005-07-06,-0.8340358766109057,12.27,4.08,0.31,2.8072033898304927,194.1,2.3725123475985432,3.369207804556762,4.19268750840236,2.1172653077736747
2005-07-07,0.245205102734225,12.49,4.05,0.34,2.8072033898304927,194.1,2.390076135099428,2.4351594133100507,3.1714618772681336,1.765636045670682
2005-07-08,1.1679055566465202,11.45,4.11,0.33,2.8072033898304927,194.1,1.3252404393145456,1.8005436785707207,1.2014637639451875,0.6477625865054515
2005-07-11,0.6254811732634646,11.28,4.11,0.3,2.8072033898304927,194.1,0.13859341646735857,0.7864338016980277,0.3026031337227897,0.18779432957223285
2005-07-12,0.22715506005615,10.95,4.15,0.33,2.8072033898304927,194.1,0.5841888772499582,0.7322860660800679,0.7502838496160624,-0.3780033926121362
2005-07-13,0.0883709149426037,10.84,4.17,0.33,2.8072033898304927,194.1,0.9735967537594536,1.103581290529121,0.47739829752790897,-1.1199366302930613
2005-07-14,0.2624039136262412,10.81,4.19,0.33,2.8072033898304927,194.1,0.04403090603346538,1.4039927193742807,0.9221409371178879,-1.1520591017376125
2005-07-15,0.1157801830666604,10.33,4.18,0.32,2.8072033898304927,194.1,0.4690867124473641,0.5098059760887841,0.20115077649427437,-1.8584327596815164
2005-07-18,-0.5529707814430296,10.77,4.22,0.33,2.8072033898304927,194.1,0.6469437637658393,1.164492776875936,1.0432951596827111,-0.7247365596250721
2005-07-19,0.6731446013329201,10.45,4.2,0.32,2.48152059134108,194.1,0.1472370463819761,1.2014495322383745,-0.8142522442280309,-1.7033344305611986
2005-07-20,0.4758592509955806,10.23,4.17,0.27,2.48152059134108,194.1,0.12873121385053032,0.7966392713413706,-1.2111367818066432,-1.2038532792266077
2005-07-21,-0.660614672274995,10.97,4.28,0.32,2.48152059134108,194.1,1.359363273375247,0.7187985728486224,-0.6536069953656409,-0.4441642545219393
2005-07-22,0.54114082972474,10.52,4.23,0.31,2.48152059134108,194.1,0.04052914679912867,-0.5884840031081362,-1.1323918816239953,-1.2693756482956453
2005-07-25,-0.3769230441940885,11.1,4.25,0.3,2.48152059134108,194.1,0.5142222841111543,-0.4800553504325622,-0.5939683046069621,0.35475010761589765
2005-07-26,0.1733077981854514,10.99,4.24,0.29,2.48152059134108,194.1,1.052662576570329,0.017866946377242954,-1.102218069352523,0.4223619210754981
2005-07-27,0.4572926935988208,10.36,4.27,0.28,2.48152059134108,194.1,0.6670493567569213,-0.6193479845207905,-2.19924743756873,-0.4139744787294841
2005-07-28,0.5603159325149543,10.52,4.2,0.24,2.48152059134108,194.1,-0.6319738797085472,-0.47518028564209613,-2.5206619113958717,-0.18010406579775928
2005-07-29,-0.767047021589129,11.57,4.28,0.26,2.48152059134108,194.1,-0.6287583195249469,-0.30708963826663327,-2.3562265519979753,0.5169427964444306
2005-08-01,0.0947934518535031,12.08,4.32,0.28,2.48152059134108,194.1,-0.9891909940200727,-0.1198025254380286,-1.8674826360943197,-0.33593916672031154
2005-08-02,0.7099218605715496,11.75,4.34,0.28,2.48152059134108,194.1,-1.0240161949310211,-1.99177164535006,-2.8702987716338613,-1.3632094174246046
2005-08-03,0.0739513832205496,11.83,4.3,0.28,2.48152059134108,194.1,-1.277873295678722,-1.9919077338909519,-1.9846817959701335,-1.3903214395245334
2005-08-04,-0.7373299992705418,12.52,4.32,0.28,2.48152059134108,194.1,0.157790790647927,-1.3626111387951223,-1.1546631253046336,0.16588034667550655
2005-08-05,-0.7638358323871608,12.48,4.4,0.29,2.48152059134108,194.1,0.32370399707053465,-0.5471276371369904,-0.6849223033765894,0.3750734186583671
2005-08-08,-0.2682636408906202,13.21,4.42,0.26,2.48152059134108,194.1,0.8780743004832336,-0.11446243722853522,0.8388323174696399,-0.14634904346669808
2005-08-09,0.6744990284814678,12.4,4.41,0.28,2.48152059134108,194.1,-0.9777679526025485,-1.1198849264904664,0.4044227167082859,-1.7200257943893793
2005-08-10,-0.1827218235701422,12.38,4.4,0.27,2.48152059134108,194.1,-0.7232770018729462,-1.589745509822038,0.2066534095180872,-1.180510581304084
2005-08-11,0.7061949245771748,12.42,4.32,0.22,2.48152059134108,194.1,-1.5180066547404558,-2.0552477579204975,0.29648505839168227,-1.819343717147881
2005-08-12,-0.5994493172678084,12.74,4.24,0.19,2.48152059134108,194.1,-0.8680218129037076,-2.0554489845828527,0.8265707478305906,-1.1996204122188159
2005-08-15,0.2828355584261199,12.26,4.27,0.19,2.48152059134108,194.1,-0.983897387608057,-1.7497763869573801,-0.21639588902228057,-1.4758411347680855
2005-08-16,-1.177598073895536,13.52,4.23,0.2,3.0095036958817323,195.1,-0.1435202690844961,-0.8963809886500362,0.6413361801123285,-0.2009243722464804
2005-08-17,0.0738124263364836,13.3,4.28,0.21,3.0095036958817323,195.1,-0.8727811331619262,0.007372797239257878,0.6138128806068455,0.6097213282718839
2005-08-18,-0.0999779316272597,13.42,4.21,0.2,3.063919704173257,195.1,-0.5455221659624643,0.2108206795529588,1.5496065975767248,0.8031073243788489
2005-08-19,0.0565980373739227,13.42,4.21,0.18,3.063919704173257,195.1,-1.1978245500539386,-0.13855272649828665,0.9272744304766212,0.5730862629835798
2005-08-22,0.1656147441558397,13.42,4.22,0.19,3.063919704173257,195.1,-0.7734893407665533,0.9543871695130157,-0.03192314624936854,-0.5942401252066465
2005-08-23,-0.3388649468067495,13.34,4.2,0.19,3.063919704173257,195.1,-0.7539427802725429,1.5415714697192051,-0.606937873659219,-1.7411404304397582
2005-08-24,-0.6570356379875575,14.17,4.19,0.2,3.063919704173257,195.1,0.8879033836140859,1.8254184268158724,0.41584581874927196,-1.4963728285942501
2005-08-25,0.2298323709216232,13.73,4.18,0.18,3.063919704173257,195.1,0.7604914951919506,2.40108097930527,0.24085419113584194,-1.3584937576364586
2005-08-26,-0.5996535348556931,13.72,4.2,0.14,3.063919704173257,195.1,1.072113866655,2.942501346460591,0.8737888565432339,-0.9690206771038046
2005-08-29,0.5958056473651885,13.52,4.2,0.14,3.063919704173257,195.1,1.741345633137814,1.56068906669804,0.27881387147601355,-2.1529315790685177
2005-08-30,-0.3192327699592767,13.65,4.16,0.19,3.063919704173257,195.1,2.312952589048023,1.5516256460687439,0.7017469425853129,-1.909593217246719
2005-08-31,0.9864136789539124,12.6,4.02,0.18,3.063919704173257,195.1,0.9292640760280468,0.606395375066171,0.602304124370856,-2.064640549139507
2005-09-01,0.1032515640031261,13.15,4.02,0.3,3.063919704173257,195.1,1.6282071075363502,1.335969418217653,0.5910406089975506,-1.8746002095364478
2005-09-02,-0.2922376893187084,13.57,4.03,0.28,3.063919704173257,195.1,1.8505475034124919,1.0673059384527006,0.7126263527232668,-2.576006010072296
2005-09-06,1.2618836201971906,12.93,4.09,0.29,3.063919704173257,195.1,-0.17756455383555192,-0.9769860859105362,-1.533987118478941,-2.351169428494926
2005-09-07,0.2407973688656417,12.52,4.15,0.28,3.063919704173257,195.1,-0.7441158951176585,-2.1158913657537193,-3.2328748242171246,-4.0488737092211124
2005-09-08,-0.3793346162781597,12.93,4.15,0.28,3.063919704173257,195.1,-0.31989602214743673,-1.3843032808941391,-3.2622416943934085,-3.537138595892253
2005-09-09,0.7964743943933206,11.98,4.14,0.26,3.063919704173257,195.1,-0.28755568718188407,-2.1095742032313125,-3.671420946915116,-2.6937954139161557
2005-09-12,-0.0740988086374683,11.65,4.18,0.26,3.063919704173257,195.1,-0.7690106574375966,-2.0095805550274903,-3.7997153482796087,-2.8522176868790883
2005-09-13,-0.7545065921665484,12.39,4.14,0.26,3.063919704173257,195.1,-0.8008435463449759,-1.2621765438989963,-3.6565532194526074,-2.535789976104308
2005-09-14,-0.328128423684737,12.91,4.17,0.27,3.063919704173257,195.1,-1.3820595957681592,-0.8368932531375162,-3.4083342746068834,-3.239250544582861
2005-09-15,0.0464443327021779,12.49,4.22,0.32,3.59218172213418,196.1,-1.0678231826315,-0.004066591075124748,-2.6549365119860835,-1.6835870259981789
2005-09-16,0.8291769259435089,11.22,4.26,0.29,3.59218172213418,196.1,-1.827272943318281,-0.7351079912659042,-3.1682428718907807,-1.7923682762213011
2005-09-19,-0.5565844413728538,12.14,4.25,0.32,3.5374868004223847,196.1,-1.2501839453673225,-0.35093404581835186,-3.604837305887687,-1.590434598788626
2005-09-20,-0.7863441339177824,12.64,4.26,0.26,3.5374868004223847,196.1,-0.4650573795650814,-0.5624965455521824,-1.3877413828028207,0.17915573570341792
2005-09-21,-0.9121141500479156,13.79,4.19,0.23,3.5374868004223847,196.1,0.5528064573200764,-1.1411284978209424,-1.974766252089144,1.5324273706251335
2005-09-22,0.3652325337670348,13.33,4.19,0.24,3.5374868004223847,196.1,1.0752382346949751,-1.9042996966784465,-2.18305542284023,1.1795383544503935
2005-09-23,0.0551649032624279,12.96,4.25,0.23,3.5374868004223847,196.1,1.1124932400235599,-1.5955051078502702,-0.5968113898061622,1.3450436008503042
2005-09-26,0.0279740481189838,13.04,4.3,0.23,3.5374868004223847,196.1,0.9106345059432419,-1.8268467503166463,-0.8599178742415892,0.9670427608151622
2005-09-27,0.0024702661792108,12.76,4.3,0.22,3.5374868004223847,196.1,-0.09789443126384523,-2.4249842580519654,-1.2898941739095005,1.1352319098084873
2005-09-28,0.1011779966575865,12.63,4.26,0.17,3.5374868004223847,196.1,-1.6846222545364942,-2.593142859101427,-2.4226321363427616,1.8863605448906418
2005-09-29,0.8866897527807671,12.24,4.29,0.16,3.5374868004223847,196.1,-2.947841611270774,-2.6509777253345246,-1.6795887369287055,0.9123670738139911
2005-09-30,0.0920439229583403,11.92,4.34,0.16,3.5374868004223847,196.1,-2.678203514817412,-2.4511535059251077,-1.0650898455240032,0.43141148961653997
2005-10-03,-0.1717195759521894,12.46,4.39,0.18,3.5374868004223847,196.1,-2.7127777658544683,-3.265362528902671,-1.2438657012000642,0.7842519064702014
2005-10-04,-0.9969822251208682,13.2,4.38,0.16,3.5374868004223847,196.1,-2.3293701504489284,-0.8299130695981871,0.7458476485135979,2.7574657366798982
2005-10-05,-1.488711659475617,14.55,4.36,0.15,3.5374868004223847,196.1,-0.9240879966072812,-0.8432604394536747,2.7044167385494866,4.769450070726089
2005-10-06,-0.4095674783362701,14.96,4.37,0.17,3.5374868004223847,196.1,0.3058807664505503,-0.28416711976146924,3.1437035890393705,5.754854592712455
2005-10-07,0.3701276734032754,14.59,4.35,0.17,3.5374868004223847,196.1,0.2332982097457137,1.0148862804881809,2.9882260072808586,5.900574237148759
2005-10-11,-0.2071842729946871,15.63,4.39,0.17,3.5374868004223847,196.1,-0.567993155070512,0.9849218896085254,2.8458793658446613,6.4889746132059445
2005-10-12,-0.606812682900193,16.22,4.45,0.21,3.5374868004223847,196.1,1.5352179904649432,1.1632999241776965,3.648696483202185,7.362596445858949
2005-10-13,-0.0713341359546593,16.47,4.48,0.24,3.5374868004223847,196.1,0.08158144146162005,0.17505001984821078,4.598755709274616,6.5251639150171625
2005-10-14,0.8267887521960393,14.87,4.48,0.21,4.804646251319955,198.5,-0.5882485470476762,0.9978415455114575,3.660380675518926,5.653330011885549
2005-10-17,0.2974986268542423,14.67,4.5,0.21,4.804646251319955,198.5,0.7797688838961925,1.4208919020742172,2.9549964957471087,4.6697797320611745
2005-10-18,-1.0049543049197696,15.33,4.49,0.22,4.804646251319955,198.5,1.5617858815832886,2.089734226074502,4.186312722351193,7.017740977945697
2005-10-19,1.4955773420908258,13.5,4.47,0.22,4.804646251319955,198.5,-0.36629464499911,1.5889476019292692,3.6174000823410823,5.474968452304552
2005-10-20,-1.5019703611780957,16.11,4.46,0.19,4.638903531892469,198.5,0.09339238753063306,3.5778477526854147,5.660442784882558,6.830239080009504
2005-10-21,0.1519712105606085,16.13,4.39,0.17,4.638903531892469,198.5,1.5954754537342186,3.4376393495281654,6.056231531182155,6.804205454797407
2005-10-24,1.6777049344208097,14.74,4.45,0.2,4.638903531892469,198.5,0.636162421563613,1.9535137834172822,4.836601947058061,4.5157502752060985
2005-10-25,-0.2367861569102958,14.53,4.54,0.2,4.638903531892469,198.5,0.5198297173572453,1.8428072641086368,5.450370828245199,4.636334755131188
2005-10-26,-0.4312462609885159,14.59,4.6,0.22,4.638903531892469,198.5,1.962430524852743,2.456816415525531,6.12800939305822,5.384924637202859
2005-10-27,-1.0475230755595533,16.02,4.57,0.21,4.638903531892469,198.5,3.48120418545117,4.4159755233962095,6.339017443875283,6.590187864449981
2005-10-28,1.6549333583500303,14.25,4.58,0.18,4.638903531892469,198.5,1.8132341893835946,2.6362336949623533,4.609493029884448,5.437237513806581
2005-10-31,0.7176154521957301,15.32,4.57,0.17,4.638903531892469,198.5,1.3090238440684132,1.512612012083392,3.2033713853787615,5.124579779104899
2005-11-01,-0.3521097559766928,14.85,4.58,0.16,4.638903531892469,198.5,1.3161358813194912,2.0536624100067735,4.827132511637555,5.346837532815818
2005-11-02,0.9977052697601962,13.48,4.61,0.18,4.638903531892469,198.5,0.48487064120374956,1.9967255575480403,3.8252397943942196,4.00907601921785
2005-11-03,0.4264160491770141,13.0,4.65,0.18,4.638903531892469,198.5,0.9033247586390791,2.0106567933037,3.140045287569415,2.9627157417216443
2005-11-04,0.0164002534384533,13.17,4.66,0.19,4.638903531892469,198.5,0.8083423654413391,2.5315660702633247,3.254681880251775,2.9213159066901584
2005-11-07,0.218830946715709,13.1,4.65,0.18,4.638903531892469,198.5,0.20095758530684904,2.82784580604587,2.513141918023387,2.9550370931312964
2005-11-08,-0.3451143326618222,13.08,4.57,0.14,4.638903531892469,198.5,0.7279457731700578,3.5422860593199212,2.742979662548084,3.7476353787564642
2005-11-09,0.1690526470372821,12.8,4.64,0.15,4.638903531892469,198.5,1.5045597478476225,3.5831612829387183,2.8578949884623617,3.616650450347403
2005-11-10,0.8446267412632436,11.9,4.55,0.11,4.638903531892469,198.5,1.097418779126813,1.8417123537270985,2.0822602385844657,1.7672078590378781
2005-11-14,-0.0777472593201267,12.18,4.61,0.11,4.638903531892469,198.5,1.7094058531139211,1.9225757453129821,2.729059434476966,1.9785074882047171
2005-11-15,-0.3850019422255712,12.23,4.56,0.09,4.638903531892469,198.5,2.62161987673879,1.6655658245638527,3.5581468109515235,2.0675205228420923
2005-11-16,0.1790018921240976,12.26,4.49,0.07,4.849762783342126,198.9,2.794001470542784,2.717658569163528,3.226905380013201,1.387259579348643
2005-11-17,0.941357547318722,11.25,4.46,0.09,4.849762783342126,198.9,2.047791291597778,1.7927185670431278,1.9729559460557322,2.092050127010925
2005-11-18,0.4401328040084085,11.12,4.5,0.1,4.190675746464123,198.9,0.7362142214792033,1.107127950910236,0.9332936169081263,2.0179881766053676
2005-11-21,0.5271260185483184,10.82,4.46,0.07,4.190675746464123,198.9,0.20958719639649903,0.7052616454652716,0.38012667841216263,1.4846400163584628
2005-11-22,0.5084277010750649,10.6,4.43,0.11,4.190675746464123,198.9,-0.9316302484050465,-0.3060492861205022,0.12369342767848401,1.9203453040439022
2005-11-23,0.3472804286799968,10.96,4.47,0.11,4.190675746464123,198.9,-0.07426785637983935,-0.7719613185997343,0.19832411206268663,1.9389890524357245
2005-11-25,0.208596224665869,10.88,4.43,0.1,4.190675746464123,198.9,-0.24995418453084284,-0.7001777948206334,0.03233070606643018,1.6905138108614493
2005-11-28,-0.8507817120047334,11.84,4.41,0.08,4.190675746464123,198.9,0.36820296682533726,0.23619780078114605,-0.07315715041247284,2.920179879609175
2005-11-29,0.0015920611289299,11.89,4.48,0.08,4.190675746464123,198.9,0.49463775167273294,0.7912709066333345,0.054876696828687344,2.272805815512635
2005-11-30,-0.6361930308439456,12.06,4.49,0.07,4.190675746464123,198.9,0.6314638707118458,1.8615752256309737,0.3953695580387828,3.0516699329994124
2005-12-01,1.215710832826944,11.24,4.52,0.07,4.190675746464123,198.9,-0.6982120093121824,0.4957733830223576,-1.295199879307063,1.4438556406903391
2005-12-02,0.0324125736461899,11.01,4.52,0.09,4.190675746464123,198.9,-0.4513517829582314,0.17706313531049567,0.2940598936559846,1.01575379443406
2005-12-05,-0.2363479256836553,11.6,4.57,0.1,4.190675746464123,198.9,-0.13152090218039314,-0.17193083962040445,0.900886262081757,1.8184181685709788
2005-12-06,0.1275650227134273,11.52,4.49,0.07,4.190675746464123,198.9,0.2951731172897043,-0.32285797359602464,0.773920208496115,-0.17488019489523277
2005-12-07,-0.5009065679568603,12.18,4.52,0.1,4.190675746464123,198.9,1.2223923886266475,0.4310619758989498,2.233229372717016,0.5129716151111463
2005-12-08,-0.1216848901132272,12.21,4.47,0.1,4.190675746464123,198.9,1.2023805577866087,0.9778339303649686,2.7320406682023846,0.8775018976284299
2005-12-09,0.281089103146126,11.69,4.54,0.11,4.190675746464123,198.9,0.6312641402207886,0.7376735271222179,2.407548727269848,0.4216440453828074
2005-12-12,0.0841737216116023,11.47,4.56,0.11,4.190675746464123,198.9,-0.04046315494646846,-0.3086259834081617,2.6776575106753464,1.0631214563869174
2005-12-13,0.5553660022141527,11.11,4.54,0.11,4.190675746464123,198.9,-0.6162121981313828,-0.7306130810542544,1.4699039862803742,1.2852714786502073
2005-12-14,0.4189530229214977,10.48,4.45,0.08,4.190675746464123,198.9,-0.7817740660480688,-1.4394099682283779,1.1683450847214338,0.9782006747177219
2005-12-15,-0.1414309946993541,10.73,4.47,0.1,3.6144578313253017,197.8,-0.22187879987015657,-1.7821378969873902,0.9434051062570781,0.7191539388024859
2005-12-16,-0.2848281810375774,10.68,4.45,0.08,3.6144578313253017,197.8,0.10574187635481458,0.11678996636930172,0.8372082719082297,1.1946481780524154
2005-12-19,-0.5839016710356582,11.38,4.45,0.07,3.6144578313253017,197.8,-0.26827137952567526,1.07466478188476,1.993776925599744,0.866715465594603
2005-12-20,-0.0238149102847362,11.19,4.47,0.05,3.451882845188292,197.8,-0.11511020605385891,1.100330687452522,0.14845708423461002,0.3501083022484641
2005-12-21,0.251666689763641,10.81,4.49,0.06,3.451882845188292,197.8,-0.6628176385839346,1.7944322815689917,0.08155807336964749,0.17659154726989978
2005-12-22,0.4220777714278201,10.29,4.44,0.04,3.451882845188292,197.8,-1.5637286795446403,1.7372196149969987,-0.09936045251843773,-1.051948228217936
2005-12-23,0.0425858013894053,10.27,4.38,0.01,3.451882845188292,197.8,0.01103641989701476,1.6576471757590028,-0.3137152871157678,-0.23725897281623443
2005-12-27,-0.9553382932114052,11.57,4.34,-0.01,3.451882845188292,197.8,1.3465485658239462,2.9955284732924303,1.3759941151646027,0.5761846029018081
2005-12-28,0.1297216827271796,11.35,4.38,0.01,3.451882845188292,197.8,1.2168416023822237,2.2167126599979214,2.0307212749791637,0.7010138519436548
2005-12-29,-0.2980519221583821,11.61,4.37,-0.01,3.451882845188292,197.8,2.473645680036274,2.6458395309009175,2.4529181919129783,0.6728162107251467
2005-12-30,-0.4886724277406218,12.07,4.39,-0.02,3.451882845188292,197.8,3.3533861555925304,2.7749972814373303,2.5466771341108085,2.1821843787869
2006-01-03,1.6430484201434892,11.14,4.37,0.03,3.451882845188292,197.8,1.6464290490388445,0.7195779107389999,1.0766008499126123,0.8827199512026818
2006-01-04,0.3672692252556953,11.37,4.36,0.05,3.451882845188292,197.8,1.6270706114846378,0.9093397892522059,-0.20573831903271111,1.250140910091302
2006-01-05,0.0015720581615585,11.31,4.36,0.04,3.451882845188292,197.8,0.9878504819816447,-0.9415138375368226,-0.7420573010025855,1.0805045997315466
2006-01-06,0.9399418040885844,11.0,4.38,0.02,3.451882845188292,197.8,0.168037205782956,-1.6826796611640438,-1.5893214373690956,-0.18825484981301877
2006-01-09,0.3656364246544807,11.13,4.38,0.02,3.451882845188292,197.8,-0.5596225684221579,-1.8052194412876421,-2.741541250851909,0.19532763504730433
2006-01-10,-0.0356612021165103,10.86,4.43,0.02,3.451882845188292,197.8,-0.9118383665526419,-1.9392170856230795,-1.8640074812070528,-0.147314659341935
2006-01-11,0.3481544021186611,10.94,4.46,0.02,3.451882845188292,197.8,-0.7062398019679894,-1.5724317182835401,-2.3489795200360986,-0.3670277552477841
2006-01-12,-0.6274239116809244,11.2,4.42,0.03,3.451882845188292,197.8,-1.910491519831603,-0.1819579011872796,-1.4828287553092512,0.6267154064523384
2006-01-13,0.1205174476460513,11.23,4.36,0.02,3.451882845188292,197.8,-1.847612191047454,-0.18794852267720596,-1.9221658950743792,-0.5397559238387917
2006-01-17,-0.3634587875106621,11.91,4.34,0.01,3.451882845188292,197.8,-1.2526067428922927,-0.2221553426085765,-0.576806536931429,0.6477310668185021
2006-01-18,-0.3897328607695538,12.25,4.34,0.01,3.399581589958167,197.7,-1.03683295979492,0.35447223526892113,0.16197649339659836,0.8771967530575964
2006-01-19,0.5563673325403196,11.98,4.38,0.01,3.399581589958167,197.7,-0.8723528191379115,-1.1050296341386656,0.3377300075006806,0.17041814571374658
2006-01-20,-1.8326315221513176,14.56,4.37,0.0,3.399581589958167,197.7,1.7622003060539404,0.20135229626578877,2.041236965757931,1.3293818945114166
2006-01-23,0.1846987350454298,13.93,4.36,0.01,3.4536891679748827,197.7,1.6909050359535716,0.09495602959197491,1.5200015685952195,0.9542544908522466
2006-01-24,0.2405436843615493,13.31,4.4,0.03,3.4536891679748827,197.7,1.0435226351755533,-0.9535352126016527,2.037325268158008,0.9164379241436205
2006-01-25,-0.1720736044891424,12.87,4.49,0.03,3.4536891679748827,197.7,1.4058818413709595,0.07669692427574315,1.8273384864220255,0.5969831449194718
2006-01-26,0.7234954261278626,12.42,4.53,0.04,3.4536891679748827,197.7,-0.23472444027266004,-0.7889535577369267,1.2246609197797964,0.5958478095563713
2006-01-27,0.7763999112620157,11.97,4.52,0.01,3.4536891679748827,197.7,-1.5338190458675682,-1.3032422062879245,0.8101474349086812,0.03194109221984487
2006-01-30,0.1145086729717137,12.39,4.54,0.02,3.4536891679748827,197.7,-1.5694117441450217,-1.7374829459258168,-0.35246986306212147,0.9562819211806239
2006-01-31,-0.3976054579116317,12.95,4.53,-0.01,3.4536891679748827,197.7,-1.9764333187271554,-0.35544082510564623,0.8718232112689961,1.7920805156003583
2006-02-01,0.1859262674612782,12.36,4.57,-0.02,3.4536891679748827,197.7,-1.3107572193637118,-0.19181580808976806,0.5208781493695858,1.7832911602533752
2006-02-02,-0.9060707913791766,13.23,4.57,-0.02,3.4536891679748827,197.7,-0.5555330893988852,1.4588807057647868,1.2896993397479184,2.865036917231789
2006-02-03,-0.5358610609197956,12.96,4.54,-0.05,3.4536891679748827,197.7,0.23416856157651988,1.8361874638698428,1.1257628488987814,3.2475436347541464
2006-02-06,0.0783201515335507,13.04,4.55,-0.07,3.4536891679748827,197.7,-0.1707509878371649,1.4236936560338975,0.8584832796232122,2.5462016758782458
2006-02-07,-0.8094725835381955,13.59,4.57,-0.04,3.4536891679748827,197.7,1.6536763030590818,3.01965394441841,1.8879756493673572,4.00548371763525
2006-02-08,0.8662869079354651,12.83,4.56,-0.08,3.4536891679748827,197.7,1.1338028135053246,1.7492999029243395,0.5198874829345446,2.845969962978101
2006-02-09,-0.1477497792530147,13.12,4.54,-0.12,3.4536891679748827,197.7,2.0256670458845827,2.029627294263614,1.395813689052483,3.0994256094388106
2006-02-10,0.2539968082329924,12.87,4.59,-0.1,3.4536891679748827,197.7,1.5982762418078833,2.1412959133002785,1.3528137381153549,2.7324600339409866
2006-02-13,-0.3259698114938203,13.35,4.58,-0.1,3.4536891679748827,197.7,1.597171830549149,1.4095029563526262,2.7413961578289348,2.4048584537843753
2006-02-14,1.0032817645881265,12.25,4.62,-0.07,3.4536891679748827,197.7,1.3437562624758925,1.231641794130045,2.155181736452594,2.144989512057549
2006-02-15,0.3504402562430453,12.31,4.61,-0.1,3.4536891679748827,197.7,0.6085968017577992,0.7140636444091575,1.9789028167724654,1.5820312500000266
2006-02-16,0.7328128814697354,11.48,4.59,-0.1,3.4536891679748827,197.7,0.003881619688161919,-0.16674870138521092,1.3859370433475737,0.4257852776982096
2006-02-17,-0.1659723774475652,12.01,4.54,-0.12,3.4536891679748827,197.7,0.5344772486099769,-0.6976150940677162,1.3859082964835068,0.8211420123336977
2006-02-21,-0.3270533054782976,12.41,4.57,-0.14,3.4536891679748827,197.7,-0.18471860073974167,-0.5572764667076124,1.1067512721940176,1.784839317175746
2006-02-22,0.7513475466915054,11.88,4.53,-0.15,4.133961276818421,199.0,-0.1106278990246734,-1.098507179670416,0.956933687380368,1.4613175834711667
2006-02-23,-0.3775135739912727,11.87,4.56,-0.16,4.079497907949792,199.0,0.10482885757681082,-1.2082760482506893,1.0778158288067718,1.6501137107311603
2006-02-24,0.1273510897499497,11.46,4.58,-0.16,4.079497907949792,199.0,-0.17062369811035039,-0.6212054498476172,1.0485173214341614,0.47074645666844717
2006-02-27,0.36372204857118,11.59,4.59,-0.15,4.0250914793517945,199.0,-1.225542098986454,-0.7719523902009029,0.5787709225292481,0.1931814676716881
2006-02-28,-1.0400860034838644,12.34,4.55,-0.14,4.0250914793517945,199.0,-0.3732473232005651,1.3133810566546167,0.9815209308935868,0.4614739237303045
2006-03-01,0.8261330698481784,11.54,4.59,-0.12,4.0250914793517945,199.0,-0.9889733610970453,0.9123036295318743,0.9022354095421736,-0.24162782602643595
2006-03-02,-0.1626324774495535,11.72,4.64,-0.08,4.0250914793517945,199.0,-1.3117298344275774,1.2558714509118163,0.861813707225001,-0.0015529369209232868
2006-03-03,-0.1481634390356312,11.96,4.68,-0.08,4.0250914793517945,199.0,-0.45135186498078683,1.5552791525225151,0.5935236720990611,-0.14760566820936072
2006-03-06,-0.6968428982565,12.74,4.74,-0.03,4.0250914793517945,199.0,0.45921761397071936,2.098160474720645,1.5294266173366156,2.2702751638589813
2006-03-07,-0.1861909834172892,12.66,4.74,-0.03,4.0250914793517945,199.0,1.6929472601870055,1.673352941047046,2.355240987641749,2.668750093881478
2006-03-08,0.2029944673794359,12.32,4.73,0.01,4.0250914793517945,199.0,1.9202679289075153,2.078270821235084,2.58825695158309,2.580427463324164
2006-03-09,-0.4880826595358489,12.68,4.74,0.02,4.0250914793517945,199.0,2.6017289400570576,2.314052013277945,2.8933494068570598,3.0694174345535563
2006-03-10,0.7223586629499623,11.85,4.76,0.02,4.0250914793517945,199.0,2.0157290481551238,1.6801600168727893,1.0987775726792437,2.082840949176634
2006-03-13,0.2114810791593591,11.37,4.77,0.03,4.0250914793517945,199.0,1.6314509506214048,1.3612313708334822,0.9726421925259077,1.3713553366560882
2006-03-14,1.039612464094386,10.74,4.71,0.05,4.0250914793517945,199.0,-0.019268120029847235,-0.3275580405074141,-0.8408633924159026,0.6111889069820853
2006-03-15,0.4269845505052494,11.35,4.73,0.04,4.0250914793517945,199.0,0.15502597818695119,-0.009977197653410208,-1.143499270212489,0.5141863571892946
2006-03-16,0.1772755973671547,11.98,4.65,0.03,4.077365394668053,199.1,-0.2803821434112397,-0.3891702654278517,-1.2418286167655168,0.40449767297410233
2006-03-17,0.1470926133585237,12.12,4.68,0.03,4.077365394668053,199.1,-0.32893852194493256,-0.9470265735561423,-1.67680580954771,-0.15758719401409715
2006-03-20,-0.1660006842847616,11.79,4.66,0.01,4.077365394668053,199.1,-0.2658818478535774,-0.5570461355421052,0.16857765932125623,0.6229507123372224
2006-03-21,-0.601493843309675,11.62,4.71,-0.01,4.077365394668053,199.1,-0.3083493335972798,0.6706654466191342,0.9790147802164473,0.8394821899277316
2006-03-22,0.6020565906847075,11.21,4.7,-0.04,4.077365394668053,199.1,-0.16474777399219098,0.4996030264277529,0.49193294326908,0.5524704776628919
2006-03-23,-0.2582292509284545,11.17,4.73,-0.04,4.077365394668053,199.1,-0.10909400211809306,0.5661953389393348,0.7382812100703573,1.850696797730511
2006-03-24,0.0983280849487178,11.19,4.67,-0.05,4.077365394668053,199.1,-0.620127891130462,-0.5717756975373134,0.3960270442503466,1.666225397858656
2006-03-27,-0.1028409279348996,11.46,4.7,-0.02,3.697916666666656,199.1,-0.2919405044965129,-0.38337061719969645,0.009988005952243917,1.8077634284988653
2006-03-28,-0.643818423116127,11.58,4.79,-0.02,3.697916666666656,199.1,0.9820429029633315,-0.5149922504328108,0.9418319939136,2.290388837602708
2006-03-29,0.7469695510914587,10.95,4.81,-0.01,3.697916666666656,199.1,0.6654471097202963,-1.1336351775814046,0.5242158568949273,0.23256217046789818
2006-03-30,-0.2026275908753372,11.57,4.86,0.02,3.697916666666656,199.1,0.6760268457988827,-0.8559896083685903,0.7967687253653377,-0.6929444157373066
2006-03-31,-0.4137669588781034,11.39,4.86,0.04,3.697916666666656,199.1,0.048653910059548444,-0.7367565159803302,0.7969870587763772,-0.028573920052421542
2006-04-03,0.2270547226863817,11.57,4.88,0.02,3.697916666666656,199.1,-0.09169781576916503,0.7296884964341777,1.1866067951758597,-0.44152089137539097
2006-04-04,0.6256689924245107,11.14,4.87,0.03,3.697916666666656,199.1,-1.4824765971853893,0.30629511807567233,0.16769209040154998,-2.726800514367911
2006-04-05,0.4311107525869495,11.13,4.84,0.03,3.697916666666656,199.1,-1.7871894865184368,-0.007631953687070592,0.05260463687726258,-3.7931926696015306
2006-04-06,-0.1921390877023143,11.45,4.9,0.06,3.697916666666656,199.1,-1.5217291565488456,0.17111701457039885,1.27726961774981,-3.2092226755501274
2006-04-07,-1.0343487333051349,12.26,4.97,0.08,3.697916666666656,199.1,-0.7850284789897799,0.9733682247443198,2.25087102892223,-2.580475006633498
2006-04-10,0.086452730002895,12.19,4.97,0.08,3.697916666666656,199.1,0.8221401968063979,0.3948724480933974,2.1995665375091678,-3.08803189934459
2006-04-11,-0.7750959314195005,13.0,4.93,0.05,3.697916666666656,199.1,1.8156888779544467,1.4643656137753647,2.819903371870347,-2.1763294005709755
2006-04-12,0.1204791727488885,12.76,4.98,0.07,3.697916666666656,199.1,1.8119403400914669,1.6768605151550764,1.3818626289165081,-1.1831188314865182
2006-04-13,0.077632519003723,12.38,5.05,0.09,3.697916666666656,199.1,1.7190047678744547,1.6670279194933801,0.16445289230002658,-0.6950447569998963
2006-04-17,-0.294002038356056,12.58,5.01,0.1,3.697916666666656,199.1,1.772309840719677,1.5451274015679806,0.7134389035372779,-1.9808112942181322
2006-04-18,1.7077384012400332,11.4,4.99,0.15,3.697916666666656,199.1,-0.4237836529546013,0.45360837064223336,-1.1627251163901287,-2.8448429290674038
2006-04-19,0.2027128354043395,11.32,5.04,0.18,4.062500000000013,199.8,-0.3450580829445937,-0.13817978972403555,-3.023833777205276,-1.8489607673954356
2006-04-20,0.1167930472492306,11.64,5.04,0.15,4.062500000000013,199.8,-0.13267581826371666,0.060241188143894675,-3.78584965020643,-1.7720701299764774
2006-04-21,-0.0137199492157069,11.59,5.01,0.11,4.062500000000013,199.8,-0.051098463359622315,1.1042630212644067,-3.374565234835969,-3.5072592586523843
2006-04-24,-0.2417518664577178,11.75,4.99,0.1,3.4161490683229934,199.8,-0.22322617960350843,1.2651878674924566,-3.5195847121467727,-3.383508287625292
2006-04-25,-0.4869617378140844,11.75,5.07,0.12,3.4161490683229934,199.8,0.8811260919363795,1.7975958785632962,-3.4692054111017723,-3.5022328700298533
2006-04-26,0.2819337173971092,11.76,5.12,0.13,3.4161490683229934,199.8,0.20759461522013023,1.3359742111381578,-3.5881513596651815,-3.637169871961743
2006-04-27,0.330159598179125,11.84,5.09,0.18,3.4161490683229934,199.8,0.19317330066495053,-0.29013276446965275,-2.8128124060393223,-4.3841373086930595
2006-04-28,0.0679545756609112,11.59,5.07,0.2,3.4161490683229934,199.8,1.155952158414153,-1.4779373981338328,-2.323341918054056,-5.582899929278728
2006-05-01,-0.4135512475787029,12.54,5.14,0.2,3.4161490683229934,199.8,1.4917440102595103,-0.8190333887136858,-3.4722874312250296,-6.244301876260961
2006-05-02,0.6144714479341618,11.99,5.12,0.2,3.4161490683229934,199.8,0.9084650639126002,-1.6090347706262942,-3.283556811159427,-6.33333011087005
2006-05-03,-0.3875972595181021,11.99,5.15,0.21,3.4161490683229934,199.8,1.1260419933746713,-2.889646895485176,-1.7131482022549105,-3.972109678886515
2006-05-04,0.3157206447595539,11.86,5.16,0.19,3.4161490683229934,199.8,-0.4823742468803238,-3.8437753024385124,-1.8312081765573862,-4.626402052771905
2006-05-05,1.0295301783673103,11.62,5.12,0.18,3.4161490683229934,199.8,-2.603790978531062,-4.429910393747072,-4.5611551304685305,-6.458937081527328
2006-05-08,-0.0829694347268761,12.0,5.12,0.15,3.4161490683229934,199.8,-2.2768131748131193,-4.724992547192253,-4.590616235463562,-6.3820177918217595
2006-05-09,0.0362342379452318,11.99,5.13,0.16,3.4161490683229934,199.8,-2.494835128989803,-5.1737973222353295,-5.20624156479631,-5.504328800750413
2006-05-10,-0.1728148751969804,11.78,5.13,0.12,3.4161490683229934,199.8,-3.970974053471743,-4.859207807627852,-4.9075800788555,-5.839664468813499
2006-05-11,-1.2798073820219913,12.49,5.14,0.15,3.4161490683229934,199.8,-3.3776941824326334,-2.5300200587076493,-4.105917155172567,-4.703200952468478
2006-05-12,-1.1241158123729833,14.19,5.19,0.18,3.4161490683229934,199.8,-1.8749389052847953,-0.8580865012302263,-4.16654140477476,-3.1504547526630566
2006-05-15,0.2524712516867922,13.57,5.15,0.16,3.4161490683229934,199.8,-2.505218517646768,-2.675164533241614,-5.470070188779452,-4.27192343206838
2006-05-16,-0.1869481610901946,13.35,5.1,0.14,3.4161490683229934,199.8,-2.74750798769432,-1.7019063047398753,-4.801554013857123,-3.566339361488946
2006-05-17,-1.684107060376383,16.26,5.16,0.19,4.037267080745344,201.0,-0.9249638277604721,1.2115069666815304,-1.11467289407996,0.2007406744713336
2006-05-18,-0.6699011316142922,16.99,5.08,0.14,4.037267080745344,201.0,0.8773068667244033,2.093018036233407,-0.813911686731672,0.6649093119035054
2006-05-19,0.4136891022205491,17.18,5.05,0.09,4.037267080745344,201.0,1.036282059557725,-0.13732825538008697,-2.1230771009421834,1.038642479269214
2006-05-22,-0.3914732005653398,17.72,5.04,0.1,3.501544799176104,201.0,-0.1743129355345041,0.1410404630986628,-1.739202429819009,0.7004435781565066
2006-05-23,-0.4349988881771183,18.26,5.07,0.1,3.501544799176104,201.0,1.0751412753743361,-0.03421442770542571,-0.34856555380402554,1.3926690391390162
2006-05-24,0.1583655878630185,17.36,5.03,0.09,3.501544799176104,201.0,2.1564168704695907,-0.05084282999223699,-1.0305323705978808,0.5490385496699668
2006-05-25,1.1370093999100828,15.5,5.07,0.09,3.501544799176104,201.0,1.205138407506423,-1.6168025246482087,-2.229589967156842,-0.4352365534259661
2006-05-26,0.5719336676629716,14.26,5.06,0.1,3.501544799176104,201.0,-1.161573140870309,-3.3370900225620503,-2.3122090047831168,-0.6038292293434333
2006-05-30,-1.5849611392923737,18.66,5.09,0.1,3.501544799176104,201.0,0.3159040602740637,-2.87172913484397,-1.6406489578625116,-0.10080560186147558
2006-05-31,0.8111924835684681,16.44,5.12,0.08,3.501544799176104,201.0,-1.097555431614372,-3.1533141616425175,-1.8967133406769143,-2.1896036715379985
2006-06-01,1.2298337548946048,14.52,5.11,0.07,3.501544799176104,201.0,-2.1606667188225015,-2.298335367664528,-0.9986673674792113,-3.85079149029256
2006-06-02,0.1952236384475725,14.32,5.0,0.08,3.501544799176104,201.0,-2.7883376047488584,-2.847334498362475,-1.3988309404499133,-4.170870013715399
2006-06-05,-1.7799702040102394,16.65,5.02,0.03,3.501544799176104,201.0,-2.2010840832102807,-1.9884795898914454,1.1775878955619046,-2.246919902412392
2006-06-06,-0.1138129149921618,17.34,5.01,0.02,3.501544799176104,201.0,-3.1775950433569955,-1.8775947246229552,0.5586152415342438,-0.3196516256064652
2006-06-07,-0.609245663695579,17.8,5.02,0.0,3.501544799176104,201.0,-2.0785722122436567,-0.31445871634880884,1.4273718339485653,-0.5588519997462238
2006-06-08,0.1417051516362732,18.35,5.0,-0.01,3.501544799176104,201.0,-0.14070889919740592,-0.9801878958711319,0.6001865314800403,-1.402304889401329
2006-06-09,-0.447561044129896,18.12,4.98,-0.03,3.501544799176104,201.0,-0.060689110915246314,-0.6228578235243365,1.2009835028163884,0.6875337391881287
2006-06-12,-1.1866251571083786,20.96,4.99,-0.03,3.501544799176104,201.0,0.2173894171789259,1.0602629467891367,2.8276210532628854,2.540734497452335
2006-06-13,-1.111165038391615,23.81,4.97,-0.05,3.501544799176104,201.0,1.3426647678460135,1.2674787330359871,2.852849647482514,3.6537101021220764
2006-06-14,0.5189302813874974,21.46,5.05,-0.06,3.964984552008244,201.9,1.8015602261422625,1.297515562962026,0.9950887650538531,2.6958400585600506
2006-06-15,2.1235077141956493,15.9,5.1,-0.04,3.964984552008244,201.9,-0.8406618827549228,1.3302414089628511,-1.5889761228430666,1.7824173703360202
2006-06-16,-0.3677871442713476,17.25,5.13,-0.03,3.964984552008244,201.9,-0.5625100949845363,1.4909560642864417,-1.362325478687565,2.0071267664760084
2006-06-19,-0.9116795167204206,17.83,5.14,-0.05,4.0185471406491535,201.9,0.8410451863813284,3.230301368865196,-0.2636836072327009,2.4828073622336966
2006-06-20,-0.0008071545390841,16.69,5.15,-0.04,4.0185471406491535,201.9,-0.0741899129870438,2.482827402487797,1.5877546974558454,3.006970229439454
2006-06-21,0.9740957409162698,15.52,5.16,-0.04,4.0185471406491535,201.9,-0.4951246936300224,1.7473251665866663,-0.24516422366807067,2.2416602343024783
2006-06-22,-0.5270704235182944,15.88,5.2,-0.03,4.0185471406491535,201.9,2.1893079693118933,1.5960184065884286,-0.4262954903270111,2.710341235334779
2006-06-23,-0.0883088959134026,15.89,5.23,-0.04,4.0185471406491535,201.9,2.0650824565588755,1.8352724644686624,1.3186045945912106,2.512657254419426
2006-06-26,0.4869472554238641,15.62,5.25,-0.02,4.0185471406491535,201.9,2.369329054521274,1.7488160578053247,1.464939341630922,1.6728442373670882
2006-06-27,-0.908401587257579,16.4,5.21,-0.03,4.0185471406491535,201.9,2.5589157728601597,1.565528177734099,2.3563649445414114,2.1586508274717087
2006-06-28,0.5487450852216691,15.79,5.25,-0.04,4.0185471406491535,201.9,2.2536080300712413,-0.2985530259329572,1.3804134166834237,2.071433273976786
2006-06-29,2.1565004106891994,13.03,5.22,0.01,4.0185471406491535,201.9,-0.5805789025419839,-2.880894677852508,0.446239893526168,-0.4815892358471463
2006-06-30,-0.2097656442177853,13.08,5.15,-0.01,4.0185471406491535,201.9,-0.22516024732356366,-2.8113653212278877,0.508587880345357,-0.15666747841854844
2006-07-03,0.7864895778934899,13.05,5.15,-0.02,4.0185471406491535,201.9,-0.6061512783633205,-3.384650562641589,-0.7241032882007281,0.4210324166831647
2006-07-05,-0.7248851851131444,14.15,5.23,-0.01,4.0185471406491535,201.9,-0.9686018886219228,-0.8733879887180329,0.5114445417212288,1.929327715716389
2006-07-06,0.2494214216387069,13.65,5.19,-0.03,4.0185471406491535,201.9,-2.495912961089486,-1.9582720105835838,0.48584576243790867,1.8366213441205703
2006-07-07,-0.6749949675504019,13.97,5.14,-0.03,4.0185471406491535,201.9,-2.3137489133592704,-1.9905444412419038,1.0968174208233261,2.9095733577497285
2006-07-10,0.1469786468588418,14.02,5.13,-0.04,4.0185471406491535,201.9,-2.5920413205524073,-0.5073564958130938,0.6651769799969287,2.3813699973868285
2006-07-11,0.4016355538295046,13.14,5.1,-0.07,4.0185471406491535,201.9,-2.795443903233652,-0.27899756200912007,-0.07466604859074355,2.073975893697333
2006-07-12,-1.086902819111013,14.49,5.1,-0.07,4.0185471406491535,201.9,0.09614516377607352,0.7786468312589223,0.5839802739957989,2.7324022974358764
2006-07-13,-1.2966746071534585,17.79,5.08,-0.04,4.0185471406491535,201.9,0.5514035019797081,1.6839940578325496,2.3770831535936843,4.32913900477927
2006-07-14,-0.489428951734927,18.05,5.07,-0.01,4.0185471406491535,201.9,0.3308597356558529,3.4258290995808682,2.470477290793416,4.7637936397434855
2006-07-17,-0.1383239771105771,18.64,5.07,-0.05,4.0185471406491535,201.9,2.140158620508248,3.4159891355057592,2.7314900055789737,5.4508371550039625
2006-07-18,0.1919817200573215,17.74,5.13,-0.06,4.0185471406491535,201.9,2.588815218413676,2.753752162502776,3.9390045179024336,5.4509034768514875
2006-07-19,1.8555110128867456,15.55,5.06,-0.06,4.224626481195259,202.3,0.6818461054280744,1.3970340581010543,2.827409963447036,3.6164131420171053
2006-07-20,-0.8477511064532206,16.21,5.03,-0.03,4.224626481195259,202.3,1.1263796589677355,2.4929362457640325,3.8706920334103723,4.378242552213818
2006-07-21,-0.7076898149718125,17.4,5.05,-0.03,4.224626481195259,202.3,3.0847631248046348,3.1500653120293043,4.9996378115312545,5.701889757703715
2006-07-24,1.6625139659086186,14.98,5.05,-0.05,4.224626481195259,202.3,1.2490978398983277,1.1785127367338166,2.9034573727838797,4.150967507714598
2006-07-25,0.6320808374175702,14.85,5.07,-0.04,4.224626481195259,202.3,0.16077478206368845,0.2049031883182728,2.359556560985898,2.4730474719483864
2006-07-26,-0.037827096880949,14.62,5.04,-0.02,4.224626481195259,202.3,0.7103444963892258,-0.19316250355004838,1.9386601503473821,2.0198671258321976
2006-07-27,-0.4099710771126585,14.94,5.07,0.0,4.224626481195259,202.3,1.3513354195065608,0.6816108102195129,2.6013385601694194,2.82774652898774
2006-07-28,1.215175605572938,14.33,5.0,0.02,4.224626481195259,202.3,0.06334804993983756,-0.9237071794393037,1.2936464245061785,1.641702665735556
2006-07-31,-0.1478248466041498,14.95,4.99,0.02,4.224626481195259,202.3,-0.0697143033078107,-0.6618890711666436,1.9676338605937982,2.846487306517975
2006-08-01,-0.4496099259552077,15.05,4.99,0.02,4.224626481195259,202.3,0.04405757278793665,1.1534881505107286,2.6248689294413152,3.7099031184828046
2006-08-02,0.5106529136347682,14.34,4.96,-0.01,4.224626481195259,202.3,-0.8971342561256535,1.4106683875253712,2.1888007913962504,3.042875355378638
2006-08-03,0.2238893757711135,14.46,4.96,-0.02,4.224626481195259,202.3,-0.6607950517030226,1.344244626129809,1.8394499909038409,3.0766958569301783
2006-08-04,-0.0710814254652802,14.34,4.91,0.0,4.224626481195259,202.3,-0.9864303449915623,1.7930890241388164,2.4738951332267556,3.2688272916307826
2006-08-07,-0.2806063861162555,15.23,4.93,-0.03,4.224626481195259,202.3,-0.5925878863753176,1.7048527294904803,2.937832046133293,3.2819391015766364
2006-08-08,-0.3362705657620202,15.23,4.93,0.02,4.224626481195259,202.3,1.1089420047918797,2.15024744709178,2.263506287080075,4.223430495727509
2006-08-09,-0.4349285385394918,15.2,4.92,0.01,4.224626481195259,202.3,2.3286941566507346,2.135948505505181,2.2173126460007575,4.113912882321236
2006-08-10,0.4629019825349578,14.46,4.93,0.0,4.224626481195259,202.3,2.0183770132611745,1.9067312635357991,2.131606458714308,3.378646867334689
2006-08-11,-0.3986498082096501,14.3,4.97,0.01,4.224626481195259,202.3,2.8072105458019303,2.2380264146150575,2.589327650582507,4.707359469387162
2006-08-14,0.1160436012486609,14.26,5.0,-0.01,4.224626481195259,202.3,2.311136128601521,2.647043422885531,3.5317526625788576,5.372928517141373
2006-08-15,1.3696466399260254,13.42,4.93,-0.01,4.224626481195259,202.3,1.029884619157162,1.4546021158867495,2.5272632854422605,3.9678597605215638
2006-08-16,0.7661987579892671,12.41,4.87,0.0,4.688304997424009,203.2,-0.18835933824237205,0.7673082292459776,1.609502228716253,3.3540947307349134
2006-08-17,0.1582429519787709,12.24,4.87,-0.02,4.688304997424009,203.2,-0.10943690048202948,0.4886368896437343,1.709471748683522,2.9572706858510545
2006-08-18,0.3714946228020821,11.64,4.84,-0.03,4.151717068170169,203.2,-0.5536422281716358,0.6688136843224113,1.4497430833855685,2.2283572427914455
2006-08-21,-0.3670451599211977,12.22,4.82,-0.03,4.151717068170169,203.2,0.32831938632933433,1.2123111961257482,1.5506500720086969,2.8199923908328595
2006-08-22,0.1001854875643637,12.19,4.82,-0.05,4.151717068170169,203.2,0.42038798552586076,0.11087475832791682,2.029542855204114,3.9558989704165493
2006-08-23,-0.4488656084582487,12.4,4.82,-0.05,4.151717068170169,203.2,0.9574710536288444,0.07966258862437403,1.9365996064641733,4.658193870304639
2006-08-24,0.2374394529395029,12.4,4.81,-0.07,4.151717068170169,203.2,0.5987290206082019,0.2206676559931564,1.4443752493565665,4.130202676305217
2006-08-25,-0.0748493688240037,12.31,4.79,-0.07,4.151717068170169,203.2,1.229261623938882,0.3436111281557741,2.415278484306871,4.421146379230989
2006-08-28,0.5165713311912734,12.18,4.8,-0.08,4.151717068170169,203.2,0.8810989909961986,0.8618945175541626,2.6555904616031745,3.6181547591036978
2006-08-29,0.1920447344203157,12.28,4.79,-0.08,4.151717068170169,203.2,-0.30821751778390416,1.0572819243135578,2.47722389346523,4.40627897501471
2006-08-30,0.0835683899031991,12.22,4.76,-0.07,4.151717068170169,203.2,-0.8694834130087759,0.8357809832076235,2.567089016215429,4.532667346795893
2006-08-31,-0.1187440215358881,12.31,4.74,-0.05,4.151717068170169,203.2,-0.3758112734581265,1.2148984172016375,2.4566297967782535,4.920577154867423
2006-09-01,0.551461380616769,11.96,4.73,-0.04,4.151717068170169,203.2,-0.8748957382236577,0.7757411361894118,1.5491824144858057,3.9633078312286463
2006-09-05,0.1708598880015843,12.63,4.78,-0.02,4.151717068170169,203.2,-0.01903674090995011,0.3342862858128903,1.588424546092737,3.919130835945972
2006-09-06,-0.98914831405863,13.74,4.8,-0.02,4.151717068170169,203.2,1.3697211626656047,1.91654313430778,3.8407657723205757,5.046449833633226
2006-09-07,-0.4799032645401269,13.88,4.8,-0.02,4.151717068170169,203.2,1.720221436271796,1.8554589112402375,4.574886808422041,5.6796396935032245
2006-09-08,0.3786668165951079,13.16,4.78,-0.02,4.151717068170169,203.2,1.5967103080017253,1.2210132121289075,3.900926936279814,5.92869620667027
2006-09-11,0.0477315844094938,12.99,4.8,-0.03,4.151717068170169,203.2,1.6652056880101185,2.064573252705837,4.063572364231072,5.905837919568491
2006-09-12,1.035748074927345,11.92,4.78,-0.04,4.151717068170169,203.2,0.3533903007187922,1.7783682852960947,2.7327071881143583,5.188491911526327
2006-09-13,0.386134523157855,11.18,4.77,-0.03,4.151717068170169,203.2,0.5394332403901192,1.4050862462490876,3.313959159528368,5.303929673376362
2006-09-14,-0.1357983312818,11.55,4.79,-0.04,4.151717068170169,203.2,0.13295043311829513,1.7169580243506344,3.6662445885195627,4.555924992896032
2006-09-15,0.2567846360639558,11.76,4.8,-0.07,4.407995899538686,203.7,-0.3697925796355528,1.226826681639559,3.6611988902969683,4.332808818749045
2006-09-18,0.11518266007009,11.78,4.81,-0.07,4.407995899538686,203.7,0.39282620046163785,0.7674875615661936,3.1630297719483336,4.213521579633328
2006-09-19,-0.2679452397541637,11.98,4.74,-0.05,3.87557368689444,203.7,1.4199599837207533,1.2499598160366832,3.572900832643855,3.7253261765339607
2006-09-20,0.5722381666218412,11.39,4.73,-0.08,3.87557368689444,203.7,0.8610084401303508,1.8880375833362217,3.071048725819514,3.099701724379589
2006-09-21,-0.5395511646919315,12.25,4.65,-0.06,3.87557368689444,203.7,1.5819044424246087,2.669889200098341,3.7545172572394536,3.4285368152134232
2006-09-22,-0.2465801178850091,12.59,4.6,-0.07,3.87557368689444,203.7,1.6025453550835067,2.647586345075048,4.650894952686824,4.8606504304242515
2006-09-25,0.8815136800115919,12.12,4.56,-0.07,3.87557368689444,203.7,0.37319535198305775,1.9585631407832427,3.7635631487449306,4.1748839168115115
2006-09-26,0.7524280936307193,11.53,4.59,-0.09,3.87557368689444,203.7,-0.16762003032870787,0.9376637874004334,3.3505387084525218,3.6122386499572112
2006-09-27,0.0179586364918993,11.58,4.6,-0.06,3.87557368689444,203.7,1.0182618229675144,1.8824232431929655,3.844820384708725,3.041172031516526
2006-09-28,0.1713344496862667,11.72,4.63,-0.05,3.87557368689444,203.7,1.0710418983042036,1.9163830712497942,2.791045882305787,3.0567334796564705
2006-09-29,-0.2263107437428746,11.98,4.64,-0.07,3.87557368689444,203.7,1.0285578834066333,2.404868638541391,3.0683389363551195,3.5537863009501347
2006-10-02,-0.339112129330843,12.57,4.62,-0.04,3.87557368689444,203.7,1.5794732679782486,2.3772967534975376,3.41978757380621,4.566613597581726
2006-10-03,0.2095693879053728,12.24,4.62,-0.05,3.87557368689444,203.7,1.1071396054715965,2.2942636429958085,2.4448072522644138,4.59883524250464
2006-10-04,1.2060449286025232,11.86,4.57,-0.03,3.87557368689444,203.7,0.8554506924103311,1.1610893393797062,1.1892113831835749,3.588438175231734
2006-10-05,0.2236720219570998,11.98,4.61,-0.04,3.87557368689444,203.7,0.8363831588835469,1.0564227404854964,0.7389192888253238,3.4635811307460296
2006-10-06,-0.2682494318293593,11.56,4.7,-0.04,3.87557368689444,203.7,1.3622987242113416,1.9516373243080087,2.155982584831029,3.6900452044975163
2006-10-10,0.2043452605230422,11.52,4.75,-0.07,3.87557368689444,203.7,0.7854180178849202,1.7703270351793643,2.173746576801028,3.649274655668777
2006-10-11,-0.2563943683974057,11.62,4.78,-0.07,3.87557368689444,203.7,1.174124836442303,2.3904604391619344,2.6497293103495023,4.1586737789577555
2006-10-12,0.9541098076733424,11.09,4.79,-0.06,3.87557368689444,203.7,0.3030462358465158,1.9261390522990807,1.1373392499289814,2.797120429282529
2006-10-13,0.2047239312655602,10.75,4.81,-0.06,3.87557368689444,203.7,0.2182144725036972,0.8582161029444757,1.1189078478280878,1.1965236214127817
2006-10-16,0.2519048848773852,11.09,4.79,-0.06,3.87557368689444,203.7,0.5814179507710016,0.6478894086135556,1.1219365618875932,1.2899296855913622
2006-10-17,-0.3659452143225272,11.73,4.78,-0.05,3.87557368689444,203.7,0.9772336481450594,1.0182832066945036,2.1384788556739753,2.5974070138454985
2006-10-18,0.1282944127675822,11.34,4.77,-0.08,2.115869017632233,202.7,1.2022200386570647,0.1471672055766371,2.252884489742013,2.55015044732001
2006-10-19,0.084925469900976,10.9,4.79,-0.06,2.115869017632233,202.7,1.618188955733335,0.027799269449824138,2.399488629179003,2.1763622088533108
2006-10-20,0.119975324464705,10.63,4.79,-0.08,2.115869017632233,202.7,0.638608095154547,-0.3141843368783759,2.3819944591173092,2.9606912358669746
2006-10-23,0.6152304614580828,11.08,4.83,-0.07,2.115869017632233,202.7,0.06608721491190295,0.20043352503797962,1.7051299280850918,2.7407001858421154
2006-10-24,0.0261423469852806,10.78,4.83,-0.08,2.115869017632233,202.7,0.0406522906861051,0.39640193106798005,1.846262732200854,2.578810452114233
2006-10-25,0.3513892900401272,10.66,4.78,-0.1,2.115869017632233,202.7,-1.0425194552821315,0.25321584655007,1.7269317202127654,1.8137538807677656
2006-10-26,0.4963019994619788,10.56,4.73,-0.08,2.115869017632233,202.7,-1.5650639935890776,-0.7738935367358035,0.8545220932350883,1.4945151051338756
2006-10-27,-0.8451630291836709,10.8,4.68,-0.08,2.115869017632233,202.7,-0.9467464326733066,0.2584734838235736,0.33542881436945393,2.5919579862714315
2006-10-30,0.0428425737485582,11.2,4.68,-0.1,2.115869017632233,202.7,0.13425758302865187,0.47099562252068683,0.6379073428665949,2.4406177071356394
2006-10-31,0.0007175759964006,11.1,4.61,-0.1,2.115869017632233,202.7,0.3556050787715481,1.1089038671221907,1.5632059435418677,2.5596195067293603
2006-11-01,-0.7351469035843494,11.51,4.57,-0.09,2.115869017632233,202.7,1.3093859046327205,2.1026229127807827,2.399452035233929,4.216954779519999
2006-11-02,-0.0343682787302235,11.42,4.6,-0.07,2.115869017632233,202.7,0.8037496532752986,2.3710302306466424,2.1479658205973973,4.369798403731662
2006-11-03,-0.222323421254178,11.16,4.72,-0.1,2.115869017632233,202.7,1.2167393529155301,2.704676465814515,3.285197147618768,4.264452800584384
2006-11-06,1.1346463325312195,11.16,4.71,-0.11,2.115869017632233,202.7,0.3362865492989142,1.501686519820411,2.5351852995419755,3.317196840033554
2006-11-07,0.2217698805944357,11.09,4.66,-0.11,2.115869017632233,202.7,0.750629511684342,1.4441362172803007,2.1737915692882526,2.9424998179326867
2006-11-08,0.2082674028808684,10.75,4.64,-0.11,2.115869017632233,202.7,0.7829847166330728,1.469993616881471,1.5565964852502168,2.3511300128314483
2006-11-09,-0.5332978382845854,11.01,4.62,-0.13,2.115869017632233,202.7,1.5547840063114382,1.641116121566033,2.286100626864318,2.352851258037303
2006-11-10,0.1864624902103706,10.79,4.59,-0.14,2.115869017632233,202.7,1.470050430799752,0.0767569342239316,2.327468613238337,2.606995391666822
2006-11-13,0.2549076304596109,10.86,4.61,-0.15,2.115869017632233,202.7,1.1614940223534376,0.16612925880921114,1.9603887394676667,3.064093304667259
2006-11-14,0.6356399415263114,10.5,4.57,-0.17,2.115869017632233,202.7,0.6883398237383043,0.44931955450402405,1.43480503113127,2.261667965448555
2006-11-15,0.2404484328664136,10.31,4.61,-0.19,2.115869017632233,202.7,0.6816715164568832,0.2907164517278904,2.070790941918643,1.555962348810569
2006-11-16,0.2284213178895155,10.16,4.66,-0.19,1.6120906801007528,201.7,0.08501038734842759,-0.21789798300035912,1.9524744144722161,1.203060932075961
2006-11-17,0.1028705918303174,10.05,4.61,-0.15,1.4077425842131674,201.7,-1.3731081148185886,0.5652329589855176,1.518700402399964,1.2232383132830593
2006-11-20,-0.0499536965648306,9.97,4.6,-0.16,1.4077425842131674,201.7,-0.9839364010621243,1.018208480230265,1.788650398295255,0.657619488575456
2006-11-21,0.1649452762406245,9.9,4.58,-0.17,1.4077425842131674,201.7,-0.23738624517266604,0.7192681402945711,1.4770332288532417,0.714986834113307
2006-11-22,0.2338097881797729,10.14,4.57,-0.17,1.4077425842131674,201.7,-0.3883080791572846,0.08534825447585881,0.8683713919179326,0.42813900088800594
2006-11-24,-0.3655537535565023,10.73,4.55,-0.18,1.4077425842131674,201.7,-0.30265108548870323,0.6345704670606578,0.7002433302877087,0.9921856524877981
2006-11-27,-1.3555081120842472,12.3,4.54,-0.17,1.4077425842131674,201.7,1.9653271402496175,2.2489854267497167,2.528297813553193,3.029030256648335
2006-11-28,0.3444390503467121,11.62,4.51,-0.16,1.4077425842131674,201.7,2.0220404735559416,1.791283634433416,2.8931576644738666,3.173676783735213
2006-11-29,0.9201576407062984,10.83,4.52,-0.17,1.4077425842131674,201.7,0.9589307551807646,0.9810773044535592,1.8042416006224693,2.316577900203587
2006-11-30,0.0821751243399226,10.91,4.46,-0.16,1.4077425842131674,201.7,0.4755027492249875,1.7749145216721551,1.2615782814670462,2.141178621750539
2006-12-01,-0.2798771932377986,11.66,4.43,-0.09,1.4077425842131674,201.7,0.9400666745441821,2.1751119224796778,1.4240619172707136,2.1235643053464592
2006-12-04,0.888519057411008,11.23,4.43,-0.09,1.4077425842131674,201.7,0.2781909247541847,0.9481084221256264,0.6543069955059044,1.5172593502963627
2006-12-05,0.400250842226435,11.27,4.45,-0.07,1.4077425842131674,201.7,-0.2261833208308972,0.7626762834699763,-0.35695445116250557,0.5788926284116425
2006-12-06,-0.1314700259212653,11.33,4.48,-0.11,1.4077425842131674,201.7,0.02193619633958921,0.7523536484629334,-0.004250732020139036,1.068013699452619
2006-12-07,-0.3970546574156186,12.67,4.49,-0.09,1.4077425842131674,201.7,1.2932622747759304,0.7823554107552644,0.34249842998061997,2.3335605958093364
2006-12-08,0.1811941168510689,12.07,4.56,-0.12,1.4077425842131674,201.7,1.2235431267522134,0.06525875046941021,0.35536017470678694,0.9972804669052593
2006-12-11,0.2269813113380925,10.71,4.52,-0.15,1.4077425842131674,201.7,0.6680590178119283,0.2731688589747039,0.762887598975226,0.6468333802134074
2006-12-12,-0.1047373342465185,10.65,4.49,-0.12,1.4077425842131674,201.7,0.991101310156961,1.082483677087387,1.3580663293984996,0.6418385436934404
2006-12-13,0.1168850261598963,10.18,4.58,-0.12,1.4077425842131674,201.7,0.7302572614566794,0.81516687892631,1.3225255972695749,1.1045765160900611
2006-12-14,0.8689458492585622,9.97,4.6,-0.13,1.4077425842131674,201.7,-0.5043838578668303,-0.5043838578668414,0.35987659807898975,0.8944292900929351
2006-12-15,0.1122403943134342,10.05,4.6,-0.13,1.4077425842131674,201.7,-1.1442835732714762,-0.735061592864994,-0.0504502673530971,1.3208680627995184
2006-12-18,-0.323033968563613,10.6,4.6,-0.11,1.9716885743174872,201.7,-0.39226956662327117,-0.29104203259673334,0.5638054412974158,1.8214691619876877
2006-12-19,0.2158250661892236,10.3,4.6,-0.11,1.9716885743174872,201.7,0.09048556332678093,-1.1111562097484096,-0.1823925900313439,1.503976757874903
2006-12-20,-0.1417010600862855,10.26,4.6,-0.11,1.9716885743174872,201.7,0.0842940540191961,-0.7509545465537504,0.3133029051520797,1.7189641384109944
2006-12-21,-0.3673951628075822,10.53,4.55,-0.11,1.9716885743174872,201.7,0.0,-0.43644244965493906,1.5391634564719814,2.236478150679999
2006-12-22,-0.5316251006780903,11.36,4.63,-0.08,1.9716885743174872,201.7,0.41395884345223344,0.2899122311378566,0.931413887371213,2.6616893424957766
2006-12-26,0.4352274381138388,11.26,4.61,-0.1,1.9716885743174872,201.7,0.10162618261264633,0.48838462529219306,0.3726465668639767,1.493403473433963
2006-12-27,0.7015273650207154,10.64,4.66,-0.11,1.9716885743174872,201.7,-1.200555443718887,0.2726314612445657,-0.4359263023270832,0.4576567417019728
2006-12-28,-0.1478782065337913,10.99,4.7,-0.12,1.9716885743174872,201.7,-0.8345451286513761,0.503256339348801,0.2870695413432989,1.3707881187738247
2006-12-29,-0.4513087903512458,11.56,4.71,-0.11,1.9716885743174872,201.7,-0.43644244965493906,0.8686417446887473,1.405904302317773,2.608756872748552
2007-01-03,-0.1198669663441287,12.04,4.67,-0.09,1.9716885743174872,201.7,-0.12353522731609612,0.6896809049576014,2.071153912605217,2.8384924255826727
2007-01-04,0.1228286223607488,11.51,4.62,-0.09,1.9716885743174872,201.7,0.38636579387230086,0.8573427015189372,2.1186774364596372,2.6227896088841574
2007-01-05,-0.6084581335068839,12.14,4.65,-0.11,1.9716885743174872,201.7,1.491088246072314,0.9391995943314191,2.64451769015539,3.5447073623715797
2007-01-08,0.222031834174663,12.0,4.66,-0.12,1.9716885743174872,201.7,1.349059982365608,1.0723100124978124,2.4886069923193643,3.170213197960714
2007-01-09,-0.051667597633831,11.91,4.66,-0.13,1.9716885743174872,201.7,1.3108051042508784,1.9842660856387528,2.6846374979955234,3.135026307474753
2007-01-10,0.1940351858423339,11.47,4.69,-0.12,1.9716885743174872,201.7,0.8142219832515396,0.6396472406466014,2.364920916364688,2.5684677843856196
2007-01-11,0.6339874091180642,10.87,4.74,-0.12,1.9716885743174872,201.7,0.469164217592799,-0.11517555870734775,1.0001343457648915,1.7944718989726827
2007-01-12,0.4853165737491727,10.15,4.77,-0.11,1.9716885743174872,201.7,-0.543780406022254,-0.7066312644298023,0.18452221484677178,-2.2149491405685673
2007-01-16,0.0817795084526729,10.74,4.75,-0.11,1.9716885743174872,201.7,-0.273066143796441,-0.21510427211985927,0.8631877324410508,-1.751524386995007
2007-01-17,-0.0893937617885587,10.59,4.79,-0.12,1.9716885743174872,201.7,0.6647474380396812,0.5326358602001369,1.7251299293433942,-1.9187451081044027
2007-01-18,-0.2970739969038294,10.85,4.75,-0.14,2.5278058645096024,202.8,-0.17316479676245944,1.3720105131245663,2.1340930881023734,-2.7482316163454423
2007-01-19,0.2895465339954217,10.4,4.78,-0.15,2.5278058645096024,202.8,-0.5816110652962392,1.250612698247977,1.7504396408598133,-3.94127961431755
2007-01-22,-0.5277909002534109,10.77,4.76,-0.15,2.579666160849792,202.8,-0.1637412512483949,1.6894507809429582,2.58126454193377,-1.93541009432594
2007-01-23,0.3541965097471733,10.34,4.81,-0.13,2.579666160849792,202.8,0.05812057930121295,1.4012710104740256,2.075645827431405,-2.522428012631772
2007-01-24,0.8501470410478884,9.89,4.81,-0.12,2.579666160849792,202.8,-0.13123916882706865,0.6867445727055888,1.1283703516282273,-2.6553151524321583
2007-01-25,-1.1269802319041844,11.22,4.87,-0.11,2.579666160849792,202.8,1.5478556509792352,1.7143081509344515,1.916561312190268,-1.4790405388479644
2007-01-26,-0.1207929400684371,11.13,4.88,-0.11,2.579666160849792,202.8,1.8429425211744066,1.1165959500961886,1.91184944095526,-1.0955067246476102
2007-01-29,-0.1096948722968838,11.45,4.9,-0.09,2.579666160849792,202.8,1.8562314487916565,0.8974954628136356,-1.5190519722980578,-3.0036212422727138
2007-01-30,0.5772093311412707,10.96,4.88,-0.1,2.579666160849792,202.8,1.3423702378142277,1.080616456724548,-1.5397321444971857,-2.91498606608368
2007-01-31,0.6592883847806208,10.42,4.83,-0.11,2.579666160849792,202.8,0.8190586673198608,1.186176070029199,-2.4383932116465945,-3.195569671930054
2007-02-01,0.5353731800087358,10.31,4.84,-0.12,2.579666160849792,202.8,0.16391532729878033,0.7517682357490285,-4.064477076674445,-4.079698509262009
2007-02-02,0.1694450213336473,10.08,4.83,-0.11,2.579666160849792,202.8,-0.7132026560673799,0.4936532523526216,-5.127763846761734,-3.198721034122365
2007-02-05,-0.0966607336355007,10.55,4.81,-0.11,2.579666160849792,202.8,-0.9412639485489094,0.8769973228706762,-3.564638069564907,-2.4913820462770797
2007-02-06,0.0698007430902425,10.65,4.77,-0.13,2.579666160849792,202.8,-0.25828661839606415,0.6650555858295881,-3.869477161386392,-0.8950249266229449
2007-02-07,0.139504111274169,10.32,4.74,-0.13,2.579666160849792,202.8,0.36413492405311665,0.43861362366697243,-3.319264853899828,-1.0675701204286736
2007-02-08,-0.1179267123534444,10.44,4.73,-0.14,2.579666160849792,202.8,0.5868909043035719,0.198844356248995,-3.1395275137139578,-0.8423661197266896
2007-02-09,-0.7077213846013231,11.1,4.79,-0.13,2.579666160849792,202.8,1.215525065472134,0.7864717788280462,-2.1876751822574536,-0.03894542445587179
2007-02-12,-0.3261382199258644,11.61,4.8,-0.14,2.579666160849792,202.8,1.835538533900949,-2.3950519525058556,-3.8664157987192693,-0.33208521050672735
2007-02-13,0.7597490309923183,10.34,4.82,-0.13,2.579666160849792,202.8,0.925733249330718,-2.592335398294243,-3.952886975633796,-1.8715486902709078
2007-02-14,0.7644080004882037,10.23,4.74,-0.13,2.579666160849792,202.8,0.07420848061929775,-3.5820795116986437,-4.330379812877561,-2.25177066115253
2007-02-15,0.103759342744536,10.22,4.7,-0.13,2.579666160849792,202.8,-0.385782426085457,-4.780308471761952,-4.795416328283098,-2.4677254958611505
2007-02-16,-0.0871781138356508,10.02,4.69,-0.14,2.579666160849792,202.8,-0.42390066777460156,-5.593803108140838,-3.674236299483502,-2.129105995210967
2007-02-20,0.2844315193901492,10.24,4.68,-0.13,2.579666160849792,202.8,-4.154336047428531,-4.403021015999819,-3.3390955902134922,-1.5010162072151445
2007-02-21,-0.1404450806129165,10.2,4.69,-0.13,2.758219524532124,203.153,-3.485799443174531,-4.504574820752705,-1.5497736561843722,-1.2527191196982312
2007-02-22,-0.0857556441492546,10.18,4.73,-0.14,2.758219524532124,203.153,-3.6535767285394316,-3.7414678896775633,-1.4996062667085308,-0.8665317482303148
2007-02-23,-0.3563673944411261,10.58,4.68,-0.14,2.758219524532124,203.153,-4.411545011047968,-3.3317468793289007,-1.0391441963878867,-0.4534179756174317
2007-02-26,-0.1254106190468062,11.15,4.63,-0.14,2.086934673366825,203.153,-5.1919109857048955,-2.9509386613038036,-0.8189761867001821,-0.06761423736186822
2007-02-27,-3.4725402225963764,18.31,4.5,-0.09,2.086934673366825,203.153,-0.2594639739721072,-1.5074684999550114,2.113588279351686,2.8469489751971278
2007-02-28,0.5560889616694542,15.42,4.56,-0.09,2.086934673366825,203.153,-1.0555704463182436,-1.3967602887337005,0.739969191306078,2.912960016465571
2007-03-01,-0.2594434599379802,15.82,4.56,-0.07,2.086934673366825,203.153,-0.09122410376407597,-0.7761008507435219,1.379731945896423,3.5405496187004726
2007-03-02,-1.1402751982227732,18.61,4.52,-0.04,2.086934673366825,203.153,1.1296323722816304,-0.01586631533738725,2.428681440555769,5.85075438037459
2007-03-05,-0.9407677800631232,19.63,4.51,-0.02,2.086934673366825,203.153,2.363693169749692,2.033305939499086,3.669989075927549,7.085260799458726
2007-03-06,1.549358071940743,15.96,4.53,-0.05,2.086934673366825,203.153,-1.25125107173798,1.112927873970171,3.0356658124838676,5.524538589521533
2007-03-07,-0.2465270703449373,15.24,4.5,-0.04,2.086934673366825,203.153,-0.3448297634889519,3.0941808563311968,3.4052476283033206,5.658168740942138
2007-03-08,0.7126622092502144,14.29,4.51,-0.05,2.086934673366825,203.153,-0.6855020901174513,2.3290004260605457,2.9866818851468357,5.882056372174027
2007-03-09,0.0677621754880064,14.09,4.59,-0.07,2.086934673366825,203.153,-1.1327033044104984,2.3716190258234793,2.9775327584728783,5.566571369027251
2007-03-12,0.2680284178691927,13.99,4.56,-0.06,2.086934673366825,203.153,-0.3227582163362719,2.1967883513712483,2.9709967146197114,5.247409346996723
2007-03-13,-2.0368281609082217,18.13,4.5,-0.02,2.086934673366825,203.153,2.394135592974078,3.6764785351314,4.4210636165343375,8.524989799051541
2007-03-14,0.6691166660731218,17.27,4.53,-0.01,2.086934673366825,203.153,3.4509103859421852,2.1669972369027457,4.370769477574066,7.719310009761848
2007-03-15,0.3683748343518811,16.43,4.54,-0.03,2.086934673366825,203.153,3.0353096271133806,2.17269510180913,4.350414070052522,7.311023274792916
2007-03-16,-0.3828308970065253,16.79,4.55,-0.03,2.465326633165832,203.906,3.5444706665983983,2.444935677097515,5.867551659960957,6.87984767328409
2007-03-19,1.0894486429815275,14.59,4.58,-0.03,2.465326633165832,203.906,2.5277049430961096,1.6040675359465073,4.9512801858593525,6.008301122197834
2007-03-20,0.6333453947334089,13.27,4.56,-0.04,2.4138623807132165,203.906,1.2523597515923468,1.9015747827125118,4.363053081649615,6.022942582117707
2007-03-21,1.7080881296924757,12.19,4.53,0.02,2.4138623807132165,203.906,-1.2410844372945262,0.30173067906287265,2.487034538044419,4.693247139636436
2007-03-22,-0.0348422334143783,12.93,4.6,0.02,2.4138623807132165,203.906,-0.8372028272890852,0.642712678075541,3.4721886574869743,4.95489523604653
2007-03-23,0.1094390010953239,12.95,4.62,0.02,2.4138623807132165,203.906,-1.0618963836719564,0.5918766728663094,3.1209356397868593,5.108939835080029
2007-03-26,0.0967902641591411,13.16,4.6,0.04,2.4138623807132165,203.906,-0.900866168478287,0.757566236413032,2.985045855978319,4.884867527173986
2007-03-27,-0.6184358016304348,13.48,4.62,0.04,2.4138623807132165,203.906,0.641185087155427,0.7181813000628035,4.676577881912891,5.87773931052713
2007-03-28,-0.7965788423361819,14.98,4.62,0.09,2.4138623807132165,203.906,1.5622033793777135,2.157029471622085,5.434546304600163,5.238386941957063
2007-03-29,0.3739723898849467,15.14,4.64,0.06,2.4138623807132165,203.906,1.49241000411382,2.1314099291140254,5.029061989471573,5.857166075449838
2007-03-30,-0.117399556488662,14.64,4.65,0.07,2.4138623807132165,203.906,1.6715228977416619,3.3409323362273646,4.329069042676048,5.79156566522212
2007-04-02,0.2597063408502853,14.53,4.65,0.05,2.4138623807132165,203.906,1.6735084765834518,3.294368750275267,4.334702038078442,5.379936818728925
2007-04-03,0.9280102663995704,13.46,4.67,0.04,2.4138623807132165,203.906,0.07650566996075803,2.415544906136824,4.0444593797428485,5.3116975649614595
2007-04-04,0.1112817463295723,13.24,4.66,0.05,2.4138623807132165,203.906,0.5856766321053808,2.1787299622713974,4.378305768845769,5.098064092744914
2007-04-05,0.3049955649575775,13.23,4.68,0.05,2.4138623807132165,203.906,0.6296036570363261,2.8114067120408537,4.2846446038912855,5.47113022248058
2007-04-09,0.0588723596850027,13.14,4.75,0.02,2.4138623807132165,203.906,1.6419636402660531,2.5141781330368262,4.490485028829516,5.571745388066618
2007-04-10,0.2616643478312364,12.68,4.73,0.02,2.4138623807132165,203.906,1.594181510973569,2.210731861405635,4.096269337309,5.2285627284673675
2007-04-11,-0.6572828751212234,13.49,4.74,0.01,2.4138623807132165,203.906,2.337251106558358,3.9301708298893123,5.122767254000449,5.796912470392823
2007-04-12,0.6206296427920366,12.71,4.74,0.01,2.4138623807132165,203.906,1.5837775153540568,3.2083125849783345,3.016295096159727,4.124185586665163
2007-04-13,0.3488000129506785,12.2,4.76,0.0,2.4138623807132165,203.906,2.168152288903502,2.8371801215401726,3.6480022638693876,4.328045286124871
2007-04-16,1.065490637634969,11.98,4.74,0.0,2.4138623807132165,203.906,0.8581244021000467,0.9561910117413364,2.37140625074046,3.3902481585700084
2007-04-17,0.2145311005250061,12.14,4.69,0.01,3.036664992466087,205.146,0.6068756510090534,1.0071539236744753,2.019053016816197,3.9925789531493283
2007-04-18,0.0693192938258757,12.42,4.66,0.02,3.036664992466087,205.146,1.5565394869482496,1.5904953443336645,2.8278447978566046,3.9470285308787156
2007-04-19,-0.1202050615449867,12.54,4.68,0.04,3.036664992466087,205.146,1.5992071857917622,2.1526748349548708,2.857085942985771,4.461049018029195
2007-04-20,0.9260704070808812,12.07,4.68,0.04,3.036664992466087,205.146,0.6548301184354122,1.4329517890721455,2.5869926261092857,3.6938780629114376
2007-04-23,-0.2303986210293818,13.04,4.66,0.04,2.6756756756756594,205.146,0.09723223609663378,1.9278376238143213,2.982579883791203,3.377600267858516
2007-04-24,-0.0351143884173899,13.12,4.63,0.05,2.6756756756756594,205.146,0.39786373453634116,1.8447548917466472,2.952557732542016,2.4972791219704416
2007-04-25,1.0139089454322958,13.21,4.66,0.03,2.6756756756756594,205.146,0.03343542184179871,1.1474978002904423,1.7961498817883115,-0.31429786307984875
2007-04-26,-0.0782418257699424,12.79,4.69,0.02,2.6756756756756594,205.146,0.5447558740798275,-0.18604847226866283,0.8874023600887293,0.8981123604024033
2007-04-27,-0.0120497715199952,12.45,4.71,0.04,2.6756756756756594,205.146,0.7730594445603423,0.7884523295669021,1.449733610764814,1.0073188919639486
2007-04-30,-0.7830925989064319,14.22,4.63,0.03,2.6756756756756594,205.146,1.8288271781580212,1.4018112458646037,2.411003349507923,0.7170952540746844
2007-05-01,0.2651196208694806,13.51,4.64,0.01,2.6756756756756594,205.146,1.4411573148966905,1.00180933115519,2.9556570138890015,1.9760475107528208
2007-05-02,0.6472444863856675,13.08,4.65,0.0,2.6756756756756594,205.146,1.113690011495283,1.2179775768678125,2.3196394294148215,1.8082468289194686
2007-05-03,0.4325077887225248,13.09,4.68,-0.03,2.6756756756756594,205.146,-0.7268448165150931,0.6895669733259613,2.2597295536352036,2.0314312018634872
2007-05-04,0.2149894792468965,12.91,4.65,-0.03,2.6756756756756594,205.146,0.015274801709308505,1.1377376056618482,2.2289859793697575,1.6890087667145615
2007-05-07,0.256371817861134,13.15,4.64,-0.04,2.6756756756756594,205.146,-0.41934680397166524,1.0347931287128853,1.422342196049331,1.6045241418572775
2007-05-08,-0.1165970922700432,13.21,4.63,-0.05,2.6756756756756594,205.146,-0.43310624146138954,1.0877367636388469,0.6407047971369817,0.33958528219264483
2007-05-09,0.3223400529274611,12.88,4.67,-0.06,2.6756756756756594,205.146,0.10313891754980542,0.6412932554976214,-1.4452118887374854,0.6353373461742917
2007-05-10,-1.3956277330703482,13.6,4.65,-0.05,2.6756756756756594,205.146,1.426782282907335,1.0754516938036973,1.086181657050056,0.743567628478381
2007-05-11,0.964149809602488,12.95,4.67,-0.04,2.6756756756756594,205.146,1.1222913761702369,0.6561081809606018,0.21715440344429737,-0.5385652942224595
2007-05-14,-0.1792974875086339,13.96,4.69,-0.04,2.6756756756756594,205.146,1.4602635010055875,0.9952407074824032,-0.6752502577391795,-0.6825672487099088
2007-05-15,-0.1303983618386017,14.01,4.71,-0.04,3.1026026026026,205.999,1.5274585233003846,1.9344680017837623,0.9645749774673806,0.3430628111748213
2007-05-16,0.8626538777668946,13.5,4.71,-0.02,3.1026026026026,205.999,0.5375998632681123,1.0884053198063404,0.5831664158705285,-0.5567552293303191
2007-05-17,-0.0918022530934981,13.51,4.76,-0.02,3.1026026026026,205.999,-0.3463883810527202,1.559409408052348,1.3326745450131572,-0.6213865089448767
2007-05-18,0.6610477607007059,12.76,4.81,-0.01,3.1026026026026,205.999,-0.46100932728615485,1.0789724978452098,0.5450696981201819,-0.2180230693851648
2007-05-21,0.1543244515473718,13.3,4.79,-0.02,2.4870646766169235,205.999,-0.45832996828220063,0.38357980982131057,0.5638958575573394,-0.0150796978841794
2007-05-22,-0.0642568018121902,13.06,4.83,0.0,2.4870646766169235,205.999,0.4008861094360494,-0.44222175786475804,-0.7401011293739268,0.08398481097122712
2007-05-23,-0.1207231600010017,13.24,4.86,0.01,2.4870646766169235,205.999,0.5478601610614753,-2.0732097896815627,-0.0059179578587365,0.5360322642571358
2007-05-24,-0.9702564079535404,14.08,4.86,0.01,2.4870646766169235,205.999,1.9124221973935374,0.010615795493928992,-0.3283527896869698,1.6145807100873766
2007-05-25,0.545268067865301,13.34,4.86,0.01,2.4870646766169235,205.999,1.5471141657391607,-0.43609253869337783,-1.1868862176106276,-0.3701177270260425
2007-05-29,0.1570203739109654,13.53,4.88,0.0,2.4870646766169235,205.999,0.8457862700467444,-1.654029391404599,-1.6612742783116197,0.04281800530487878
2007-05-30,0.7983608061428171,12.83,4.88,-0.01,2.4870646766169235,205.999,-0.8397414604307762,-0.9514868163135959,-1.5612041950138988,1.1416565435329318
2007-05-31,0.0254873223904494,13.05,4.9,-0.02,2.4870646766169235,205.999,-2.606788395640147,-0.4997990643312744,-1.6274473258649058,1.4294864141727759
2007-06-01,0.3737028603684855,12.78,4.95,-0.02,2.4870646766169235,205.999,-1.8661183405257686,-0.223253428077963,-2.1473105541950033,0.8578865358032983
2007-06-04,0.1848606398199503,13.29,4.93,-0.04,2.4870646766169235,205.999,-1.9529916932899294,-0.5282036278479341,-1.283150723814508,0.6620369970155249
2007-06-05,-0.5347069382311664,13.63,4.98,-0.01,2.4870646766169235,205.999,-2.478849889431467,0.17962703469791563,-0.3971361735264023,0.9941600482619606
2007-06-06,-0.8863742592418067,14.87,4.97,0.0,2.4870646766169235,205.999,-0.11269167459685425,-0.2992025101089313,0.5285439049836915,2.3527363651158595
2007-06-07,-1.7569780868271323,17.06,5.11,0.08,2.4870646766169235,205.999,2.163384179041228,2.1110585033808027,2.664482363135501,2.910003604657563
2007-06-08,1.1370393887050856,14.84,5.12,0.11,2.4870646766169235,205.999,1.6741057060685405,-0.338932604788722,1.603794659032265,2.2484961135819104
2007-06-11,0.096171650932364,14.71,5.14,0.13,2.4870646766169235,205.999,1.4531683220613933,-0.7540821750180893,0.06626378308123293,0.12722937549862756
2007-06-12,-1.068171859715883,16.67,5.26,0.18,2.4870646766169235,205.999,2.726051652503325,-0.007366734866898206,1.7253857847036258,1.6805067528675721
2007-06-13,1.5184222334435615,14.73,5.2,0.12,2.4870646766169235,205.999,-0.18672125482095403,-0.6155744888058479,2.1132506612843605,-2.17791529874789
2007-06-14,0.4816303381447451,13.64,5.23,0.13,2.4870646766169235,205.999,-0.05121764131141848,-1.1333125470396777,1.938976464732356,-4.203629799850428
2007-06-15,0.6526762620259197,13.94,5.16,0.11,3.177611940298508,207.387,-1.9798928123122894,-1.9283622609704065,1.0835590465980038,-3.8488886291081936
2007-06-18,-0.1213368893209554,13.42,5.15,0.14,2.717682020802381,207.387,-2.175634860483233,-0.7589559287158321,1.1965609029622737,-4.949546185957665
2007-06-19,0.1730774474536733,12.85,5.09,0.15,2.717682020802381,207.387,-2.660881386366043,-0.5757290432160778,0.8130725155144791,-4.426543309612252
2007-06-20,-1.3601086272203244,14.67,5.14,0.17,2.717682020802381,207.387,-0.4296554921111806,0.8302304855450915,2.659897354876928,-2.686339306643082
2007-06-21,0.6180412864005502,14.21,5.16,0.18,2.717682020802381,207.387,-1.0826494132213926,0.5419822963997678,0.7824275969584349,-5.855371947219579
2007-06-22,-1.28958169270027,15.75,5.14,0.22,2.717682020802381,207.387,0.052571408887769344,1.9493341929772923,2.5962281821747535,-2.3220379411050818
2007-06-25,-0.3207903958185931,16.65,5.09,0.22,2.717682020802381,207.387,1.4481861750361702,0.82657904332748,0.8880078594979413,-1.4041174992986738
2007-06-26,-0.3238195960287182,18.89,5.1,0.2,2.717682020802381,207.387,2.142152479751225,1.7328801762586554,1.6879978380597294,0.30812555116599416
2007-06-27,0.9009338290096648,15.53,5.09,0.18,2.717682020802381,207.387,1.265322505293165,2.7457271459327526,-1.5720177501716392,-3.5350585663443734
2007-06-28,-0.0418235522596233,15.54,5.12,0.16,2.717682020802381,207.387,1.6424132874403252,3.107506775964164,-3.10551241465592,-3.4581657583404812
2007-06-29,-0.1567357202108876,16.23,5.03,0.16,2.717682020802381,207.387,1.8957661531135983,3.0711440912032373,-1.958289279565506,-3.3545037722151116
2007-07-02,1.0696164157472765,15.4,5.0,0.14,2.717682020802381,207.387,-0.6127336083034618,1.970471844566113,-4.2226382203634945,-6.113477512279719
2007-07-03,0.358025128762196,14.92,5.05,0.16,2.717682020802381,207.387,-0.40068893552416274,1.3968435929836875,-3.8731129022509636,-7.74951597996597
2007-07-05,0.0347589826393157,15.48,5.16,0.17,2.717682020802381,207.387,1.4619068048316253,1.8146014945330302,-3.487614552951346,-7.481972142137138
2007-07-06,0.3303996926395269,14.72,5.19,0.2,2.717682020802381,207.387,1.4414194243702605,0.2391491544793789,-6.362868622144169,-5.521288206994745
2007-07-09,0.0921326045889792,15.16,5.16,0.19,2.717682020802381,207.387,1.153510084337972,0.6345249768605399,-4.189700862584555,-5.633706180972653
2007-07-10,-1.4185449499020453,17.57,5.03,0.18,2.717682020802381,207.387,2.599131203275973,0.060925221061092216,-2.2124092315654043,-4.171853905895184
2007-07-11,0.572140934255172,16.64,5.09,0.2,2.717682020802381,207.387,1.8047640182412783,-0.04411782908452233,-1.4004858828573163,-3.6009681006153538
2007-07-12,1.905497986526261,15.54,5.13,0.19,2.717682020802381,207.387,0.3476129128736183,-4.202359568658087,-6.112941030974839,-5.504939837167077
2007-07-13,0.3101407882381002,15.15,5.11,0.17,2.717682020802381,207.387,-1.18518675774959,-6.025768040458923,-6.3677929372987,-4.71046730324074
2007-07-16,-0.1919472121578058,15.59,5.05,0.16,2.717682020802381,207.387,-0.5130668298556462,-4.879574603652792,-6.234186997800828,-5.33907141733978
2007-07-17,-0.009681992628141,15.63,5.08,0.17,2.717682020802381,207.387,-2.473905921470254,-6.073434743314509,-7.9277355597297205,-7.552102476127764
2007-07-18,-0.2065324087829001,16.0,5.02,0.18,2.914314016840014,207.784,-1.8161054299919765,-5.197357539440517,-9.020359262526934,-5.329946373130134
2007-07-19,0.4469050565578891,15.23,5.04,0.17,2.914314016840014,207.784,-4.5342109786729035,-5.207716741659151,-9.13088447060253,-6.145204632522461
2007-07-20,-1.2220864994591183,16.95,4.96,0.17,2.914314016840014,207.784,-4.89863930708686,-6.586266775318627,-5.746694190906054,-3.9182573696740053
2007-07-23,0.4869285458577677,16.81,4.97,0.17,2.7108255066732534,207.784,-4.38902641247314,-4.793807930781558,-6.2287084470011305,-3.3829086036146316
2007-07-24,-1.9804425546862456,18.55,4.94,0.17,2.7108255066732534,207.784,-3.6908366482367727,-2.2719502619070076,-4.230201867117389,-2.5644588494188603
2007-07-25,0.4665612144987507,18.1,4.92,0.18,2.7108255066732534,207.784,-3.443795058503829,-1.3569667180301836,-3.558420169259202,-2.6045832514821843
2007-07-26,-2.333849273648292,20.74,4.79,0.23,2.7108255066732534,207.784,-0.7054943659825508,-1.9943930285903688,-1.3597206180068322,-1.9633621113736233
2007-07-27,-1.599158435597181,24.17,4.8,0.24,2.7108255066732534,207.784,-1.7745565951271636,-0.3639560438089662,1.399639784004214,-0.4969327422217229
2007-07-30,1.0254006997153065,20.87,4.82,0.23,2.7108255066732534,207.784,-0.4233630336771599,-1.4241025400208662,-0.48306850160976245,-0.1641921073330277
2007-07-31,-1.2646643428824822,23.52,4.78,0.22,2.7108255066732534,207.784,1.4732620832218934,-1.9742027309821442,-1.5742806401706777,1.1193825780692945
2007-08-01,0.7242669003718616,23.67,4.76,0.2,2.7108255066732534,207.784,2.1612576237208803,-4.032589834905586,-0.13985774051052946,1.2375336403085635
2007-08-02,0.4359290987711706,21.22,4.77,0.18,2.7108255066732534,207.784,-1.29805637721635,-4.1386994743563665,-0.9889917814389304,0.8185062646234309
2007-08-03,-2.6585989591270898,25.16,4.71,0.25,2.7108255066732534,207.784,1.4360846868401556,0.8987678314849479,2.8561211649977603,3.041740334531906
2007-08-06,2.4151105980530163,22.94,4.72,0.26,2.7108255066732534,207.784,-1.0049942806184209,-1.5071504122088686,1.481940718877972,3.5505245587409417
2007-08-07,0.6159366016551537,21.56,4.77,0.21,2.7108255066732534,207.784,-3.3974120309413602,-2.003776408572988,-0.2993087330564359,3.5430158760599406
2007-08-08,1.4071842031649018,21.45,4.84,0.2,2.7108255066732534,207.784,-6.062814419767204,-2.231737384774246,-1.2647791657883434,1.419709641083955
2007-08-09,-2.964963018358036,26.48,4.79,0.3,2.7108255066732534,207.784,-2.878001174927536,0.6475878576709393,0.03166238970981894,5.000380973566765
2007-08-10,0.0378537352168972,28.3,4.81,0.34,2.7108255066732534,207.784,-0.5297097744003665,1.770037988048423,-0.13346244304037747,4.408929664461203
2007-08-13,-0.0495288170296537,26.57,4.78,0.32,2.7108255066732534,207.784,-0.5072540053322583,0.9546289332979407,1.2781120589840933,4.424876458969584
2007-08-14,-1.81565427448982,27.68,4.73,0.34,2.7108255066732534,207.784,1.4426483303063842,0.4079763714790019,3.15588895498764,6.931456683669035
2007-08-15,-1.3907838088907498,30.67,4.69,0.42,2.831438457736035,208.028,4.0783391702966965,4.056306289498002,5.491576219622818,8.863301204146001
2007-08-16,0.3248786889889166,30.83,4.6,0.52,2.831438457736035,208.028,3.6300622673020255,3.2856926368059147,5.1712272958926775,8.182699190839893
2007-08-17,2.4566469488606746,29.99,4.68,0.5,2.831438457736035,208.028,2.3119946239554823,1.9399179747981332,2.123883719398889,6.991998406097366
2007-08-20,-0.0269646454157612,26.33,4.64,0.53,2.3759842519684997,208.028,1.469336205383831,3.0348305928772357,5.13506817207241,6.992490930122464
2007-08-21,0.1086054606227682,25.25,4.6,0.55,2.3759842519684997,208.028,-1.0199575581449793,1.7393197544253614,5.66021024214054,6.389931105584323
2007-08-22,1.1712885751746116,22.89,4.63,0.48,2.3759842519684997,208.028,-0.021169516130215005,0.9890307888475558,3.7347979069943804,5.380208761945138
2007-08-23,-0.1072316451165344,22.62,4.62,0.42,2.3759842519684997,208.028,-0.33230669070513086,-0.611962473290617,4.324786324786278,6.5018780048076374
2007-08-24,1.1535039396367577,20.72,4.63,0.33,2.3759842519684997,208.028,-0.36366864953119027,-1.8703937511670543,2.5929946854521324,6.139816383387364
2007-08-27,-0.8503590106740622,22.72,4.6,0.32,2.3759842519684997,208.028,1.5428250997175263,0.3204242629626375,3.437432797622897,6.866821613544927
2007-08-28,-2.3473062124790167,26.3,4.53,0.4,2.3759842519684997,208.028,2.7877107793636835,2.7367473011727927,6.496974192623073,8.871091440696354
2007-08-29,2.19218804875756,23.81,4.57,0.43,2.3759842519684997,208.028,1.0104142047758335,1.3793204672590154,4.619609407693415,7.042124418993878
2007-08-30,-0.4181009917170408,25.06,4.51,0.43,2.3759842519684997,208.028,-0.28058819593386186,1.8255526113545084,4.741224490069373,6.590616820900941
2007-08-31,1.1216744478492524,23.38,4.54,0.39,2.3759842519684997,208.028,-1.5122245883743113,0.18046487407041845,4.955939274493204,4.715412701234611
2007-09-04,1.046822150297233,22.78,4.56,0.43,2.3759842519684997,208.028,-1.2038278780942657,2.038376311301815,3.8410897698111013,3.813119302812251
2007-09-05,-1.1501124180816724,24.58,4.48,0.45,2.3759842519684997,208.028,-0.04958129508333409,3.853859547301197,4.5711052151563125,4.9419332238799685
2007-09-06,0.4251886244921676,23.99,4.51,0.43,2.3759842519684997,208.028,0.3652160674594507,2.7188765915456825,4.348173201383521,1.820860166036753
2007-09-07,-1.6908457052106307,26.23,4.38,0.48,2.3759842519684997,208.028,2.112067018031172,4.967145866775158,7.157642564565658,3.9655100439287327
2007-09-10,-0.127281317746275,27.38,4.34,0.47,2.3759842519684997,208.028,1.7186797603765624,4.548462596803993,8.16288828698899,5.014367409656928
2007-09-11,1.3632320540153398,25.27,4.37,0.42,2.3759842519684997,208.028,3.2817103332662523,3.1070527836783324,6.5254881034221945,3.3490949932895253
2007-09-12,0.0047617285771517,24.96,4.41,0.46,2.3759842519684997,208.028,3.9053771789677727,3.660060290235956,5.970934744060674,3.2432772786867625
2007-09-13,0.8419562970447103,24.76,4.49,0.41,2.3759842519684997,208.028,2.3450958572183156,3.1962030574873346,5.585758442288702,3.792868002688321
2007-09-14,0.0202196056469539,24.92,4.47,0.42,2.3759842519684997,208.028,2.7960249284150196,2.863399023075597,4.679635010411953,4.157154007179709
2007-09-17,-0.5120414745452218,26.48,4.48,0.4,2.3759842519684997,208.028,2.7819696864860077,4.766871871103517,4.52677858189694,4.016553163496672
2007-09-18,2.920800742879237,20.35,4.5,0.5,2.3759842519684997,208.028,-0.1691079175822674,1.7667014349675103,1.7392897218356573,2.27662285224024
2007-09-19,0.6086407125825533,20.03,4.53,0.53,1.982326951399127,207.738,-0.2360964325352377,0.6906297666562811,1.0476969092161559,-1.028267132669547
2007-09-20,-0.672323571146749,20.45,4.69,0.59,1.982326951399127,207.738,0.8316052597736601,1.5861705889917532,-0.8742467356607442,-0.27841949804393584
2007-09-21,0.4609053497942383,19.0,4.64,0.58,1.982326951399127,207.738,0.06554153694904308,2.0868402962682,-0.954237456468221,-1.2277642925581533
2007-09-24,-0.5256444064394517,19.37,4.63,0.58,1.982326951399127,207.738,1.9311774143578209,3.4571772749296237,0.4456352597452806,0.49058714054357466
2007-09-25,-0.0342629807635108,18.6,4.63,0.63,1.982326951399127,207.738,1.939088504740205,3.3154233657670895,0.234748451319855,-2.4273698815999833
2007-09-26,0.5411303128236344,17.63,4.63,0.66,1.982326951399127,207.738,0.9289193446253119,2.229281410173356,-0.402067112812976,-3.0084237576924466
2007-09-27,0.3907094941590916,17.0,4.58,0.63,1.982326951399127,207.738,0.7483420771434712,2.3155458379319205,0.5781849792173555,-4.766231695070422
2007-09-28,-0.302341996633737,18.0,4.59,0.62,1.982326951399127,207.738,2.0199748367651704,1.7656775924047796,1.257740845034605,-1.6983932776144073
2007-10-01,1.3289693179957318,17.84,4.56,0.54,1.982326951399127,207.738,1.4970884269966733,-0.22916909221264437,-0.7161793553691065,-3.673473817255013
2007-10-02,-0.0265044322922625,18.49,4.54,0.56,1.982326951399127,207.738,1.350154176592322,-0.026935837307651145,0.5010690236418425,-4.920980945076803
2007-10-03,-0.4551857289897487,18.8,4.55,0.53,1.982326951399127,207.738,1.2883939251423948,0.3546180447846492,-1.707107109479078,-3.986649041895274
2007-10-04,0.2110951663853111,18.44,4.54,0.54,1.982326951399127,207.738,1.5555628295981228,-2.4220002687246223,-1.8354763017690567,-5.861787749747672
2007-10-05,0.956029162244154,16.91,4.65,0.57,1.982326951399127,207.738,-0.24926221043208852,-2.978912604122985,-3.246848055250795,-6.334930564397412
2007-10-09,0.8096245420633474,16.12,4.67,0.52,1.982326951399127,207.738,-1.7007951124144327,-2.9109068065731436,-2.86745706052135,-8.566987210127241
2007-10-10,-0.171233023616435,16.67,4.65,0.5,1.982326951399127,207.738,-1.3587448633778476,-2.9818151192593234,-5.558505265023072,-6.863158321444008
2007-10-11,-0.5158458514124553,18.88,4.66,0.53,1.982326951399127,207.738,-0.9218981999535525,-2.5739675430453413,-5.123488197917236,-8.555825592254674
2007-10-12,0.4754224745041169,17.73,4.7,0.47,1.982326951399127,207.738,-3.916637343635032,-1.69804191971622,-6.921506868780114,-7.629699227638365
2007-10-15,-0.838141086014621,19.25,4.69,0.47,1.982326951399127,207.738,-2.736471382747374,-0.49912382974995895,-3.4039677737847995,-4.188582107758676
2007-10-16,-0.6573168570868315,20.02,4.66,0.54,1.982326951399127,207.738,-1.2310493208389395,-0.48812890373397533,-3.452216137425712,-3.508676637588093
2007-10-17,0.1761396193702191,18.54,4.57,0.57,2.2542955326460445,208.292,-1.6454274163821947,0.5281471217989608,-4.895363714975054,-2.9298969710501166
2007-10-18,-0.0752662912354762,18.5,4.52,0.59,2.2542955326460445,208.292,-1.6674414558586204,-2.0544397402256664,-4.325926570456973,-3.4286957602904233
2007-10-19,-2.561552146483115,22.96,4.41,0.61,2.2542955326460445,208.292,2.3090318267205534,0.6010821789448562,-3.5251670361106546,-1.5381451110308864
2007-10-22,0.3798372119262039,21.64,4.42,0.57,2.758756783423788,208.292,2.300294452406426,-0.27616207807952264,-3.4590603448720225,-0.4207358461395194
2007-10-23,0.8802858704579641,20.41,4.41,0.6,2.758756783423788,208.292,0.752180125430546,0.0447524481099304,-5.82565993513372,0.19462903477605042
2007-10-24,-0.2441422371131096,20.8,4.36,0.62,2.758756783423788,208.292,2.2099374549498174,-2.6558836870954727,-4.000634733535535,0.26127099232080564
2007-10-25,-0.0976317692682027,21.17,4.37,0.63,2.758756783423788,208.292,-0.39356067827048813,-2.6168782517119737,-6.139897005302242,1.112946825460881
2007-10-26,1.3787641670760742,19.56,4.41,0.64,2.758756783423788,208.292,-1.669402610190296,-5.3136936954987775,-6.034119181102904,-2.782683471914249
2007-10-29,0.3712645942828718,19.87,4.39,0.6,2.758756783423788,208.292,-2.5185230837088457,-2.9194154421962604,-3.7079656180071585,-2.5562822851305955
2007-10-30,-0.6463394115263088,21.07,4.4,0.58,2.758756783423788,208.292,-0.7021462726066297,-2.9786267718997506,-3.0353642239649314,-1.802289057429074
2007-10-31,1.1991995609034412,18.53,4.48,0.54,2.758756783423788,208.292,-4.760614538278096,-5.395017208665898,-3.4398764842043406,-4.299777739914035
2007-11-01,-2.6423513500588247,23.21,4.36,0.59,2.758756783423788,208.292,-2.2321022501970544,-2.3191319996606174,-1.4030814836526795,-3.1789281352428866
2007-11-02,0.0802208277967286,23.01,4.31,0.65,2.758756783423788,208.292,-3.706161847935807,-4.101595256913759,-2.126445604402716,-2.6490074035643296
2007-11-05,-0.4954777827830159,24.31,4.35,0.66,2.758756783423788,208.292,-0.41124977910591554,-3.1917125665425927,-0.14497413163457873,-2.297390837362745
2007-11-06,1.2049218834373487,21.39,4.38,0.68,2.758756783423788,208.292,-2.2925777485008125,-5.867786405177444,0.14980954322802997,-2.987552418763806
2007-11-07,-2.936979868078282,26.49,4.34,0.73,2.758756783423788,208.292,-0.6661137798319672,-1.3814404993081397,2.996744733949086,1.6140125950796502
2007-11-08,-0.0576012515925539,26.16,4.28,0.81,2.758756783423788,208.292,-0.08901669307267435,-3.617689277507863,3.830052898502867,2.4937871670765777
2007-11-09,-1.4287019725334529,28.5,4.23,0.81,2.758756783423788,208.292,-0.41065286893383623,-0.7608549891969907,2.6730477957868537,4.0634234971474115
2007-11-13,2.9092951232353004,24.1,4.26,0.72,2.758756783423788,208.292,-2.7919446536575965,-0.8122635225186192,0.37405332767590505,-0.32274596666450606
2007-11-14,-0.7069371343474851,25.94,4.28,0.71,2.758756783423788,208.292,-3.659096283877028,-0.05847933313805065,1.2124521384634601,0.5378853524502736
2007-11-15,-1.3212427900045731,28.06,4.17,0.82,3.0601874691662534,208.903,-0.7201235617528279,2.0666360975657216,1.1576974451414923,1.185953254174965
2007-11-16,0.5230310920731451,25.49,4.15,0.82,3.0601874691662534,208.903,-3.531816490680595,0.9377993201337587,-0.880209352336303,-0.7938327688423175
2007-11-19,-1.7460253968243356,26.01,4.07,0.89,3.0601874691662534,208.903,-0.3516461653295666,2.0596272250852365,1.514715346142581,0.9691135975188558
2007-11-20,0.4486196985218349,24.88,4.06,0.92,3.0601874691662534,208.903,2.0365402065554816,3.1471876175913627,0.9238069930681991,-1.9497080809243839
2007-11-21,-1.5926882279853285,26.84,4.0,1.01,3.5711452652454234,208.903,3.737370952371921,6.3927062995748685,3.0597750508781107,-0.04164160817768936
2007-11-23,1.689048420755146,25.61,4.01,0.94,3.5711452652454234,208.903,2.806973335680918,4.439514484316254,3.037413149770085,-3.505935411779504
2007-11-26,-2.3238690638891946,28.91,3.83,0.91,3.5711452652454234,208.903,4.633253833770556,7.727291574752337,6.340869396855275,0.13573103135631204
2007-11-27,1.4930153212029174,26.28,3.95,0.9,3.5711452652454234,208.903,2.419782462654063,3.460230118478025,4.8612656687230915,-0.5531339155525394
2007-11-28,2.8559853539212643,24.11,4.03,0.86,3.5711452652454234,208.903,1.0884800766348457,1.1960317800616904,0.49352628988088565,-4.628936236124126
2007-11-29,0.0476474903383872,23.97,3.94,0.88,3.5711452652454234,208.903,2.5596709486902736,1.2716751387422898,0.5967136397455386,-3.638106018083498
2007-11-30,0.7770217574065486,22.87,3.97,0.93,3.5711452652454234,208.903,1.5879673291273821,-0.8905345440750612,-0.8628508561298043,-6.764388409312105
2007-12-03,-0.5887337197621245,23.61,3.89,0.99,3.5711452652454234,208.903,2.957030989304088,-1.8011178019683882,-1.7155437315251931,-6.738572541268805
2007-12-04,-0.6540256581273551,23.79,3.89,0.99,3.5711452652454234,208.903,1.015865910673397,-0.5339152157992522,-1.068506379277101,-8.855682333297965
2007-12-05,1.5190129895446658,22.53,3.92,1.02,3.5711452652454234,208.903,0.10639362996192059,-2.1555416835659424,-4.941381162433611,-10.762221621967283
2007-12-06,1.5036906086721702,20.96,4.02,0.99,3.5711452652454234,208.903,-1.2558501777880648,-3.132668924984472,-6.047734033228814,-13.058763801382355
2007-12-07,-0.1777921173321095,20.85,4.12,1.0,3.5711452652454234,208.903,-2.439759292724608,-1.3425008163521435,-7.607704742144216,-11.036383955282126
2007-12-10,0.7509953412149439,20.74,4.15,0.98,3.5711452652454234,208.903,-4.621489902682585,-1.28697394841214,-7.0470169930227815,-10.810972510585582
2007-12-11,-2.5271074111842595,23.59,3.98,1.04,3.5711452652454234,208.903,-1.5341957547966634,1.3541778794041504,-3.8791369683158994,-9.950938086358196
2007-12-12,0.6050107439882435,22.47,4.05,0.98,3.5711452652454234,208.903,-2.259531316140484,-0.6942026063903595,-5.7561229563287135,-8.921761072807033
2007-12-13,0.1224324394232478,22.56,4.18,0.97,3.5711452652454234,208.903,-1.900688547701923,-0.6664859627058095,-4.848128709334942,-8.472798654643988
2007-12-14,-1.374626785493871,23.27,4.24,0.93,4.39514129895886,210.565,1.124698410354208,0.02793243593628425,-5.926632575623369,-7.639217705522105
2007-12-17,-1.5020898185397868,24.52,4.2,0.96,4.39514129895886,210.565,3.496087274657733,0.08714362987414237,-5.028015216449555,-4.657996711303037
2007-12-18,0.6279795215002659,22.64,4.14,0.95,4.39514129895886,210.565,2.9333773855216405,-0.5374607481914095,-8.366436796575872,-4.093522751031209
2007-12-19,-0.1360830042563265,21.68,4.06,0.94,4.39514129895886,210.565,1.6015154529421816,-2.8472123274045025,-8.79628758387817,-4.967656828006717
2007-12-20,0.4900203108869627,20.58,4.04,0.95,4.39514129895886,210.565,1.2581154411020368,-3.009337695065495,-10.24710267769321,-8.45683785453809
2007-12-21,1.6669839397931874,18.47,4.18,0.99,4.39514129895886,210.565,-1.0845678569713524,-6.350458888208399,-9.825794510445796,-10.644275623697864
2007-12-24,0.8077004803014542,18.6,4.23,0.99,4.39514129895886,210.565,-3.293789876072273,-5.835139773347042,-9.648167970452182,-10.661226382295697
2007-12-26,0.0808635802931334,18.66,4.3,0.99,4.39514129895886,210.565,-3.371926795633584,-5.163393317586651,-11.154070016939654,-11.108662267823243
2007-12-27,-1.4282289812289406,20.26,4.21,0.97,4.39514129895886,210.565,-4.378603764436151,-5.097305980913546,-8.28507366373168,-9.289629460332904
2007-12-28,0.1503770092025513,20.74,4.11,0.99,4.39514129895886,210.565,-4.2144307323690455,-4.209699804900846,-7.858689756014591,-8.767729625431075
2007-12-31,-0.6851588410961562,22.5,4.04,0.99,4.39514129895886,210.565,-5.323629404583419,-5.952902220960432,-7.665009117697064,-6.888639395185125
2008-01-02,-1.4437843160646446,23.17,3.91,1.03,4.39514129895886,210.565,-2.627907653518924,-5.110705192306952,-4.741008853969186,-6.792617713758609
2008-01-03,0.0,22.49,3.91,1.08,4.39514129895886,210.565,-1.8539814181787073,-7.871281094648008,-3.5752777172086136,-6.714533406831702
2008-01-04,-2.455155508562324,23.94,3.88,1.14,4.39514129895886,210.565,-0.7516123428138122,-6.123422084934937,-2.182587398056035,-4.452298078713268
2008-01-07,0.3223258794716965,23.79,3.86,1.1,4.39514129895886,210.565,0.004939081642851839,-7.462331744753426,-5.616520219591747,-3.964893042161377
2008-01-08,-1.8352265474000595,25.43,3.86,1.1,4.39514129895886,210.565,-0.6646566745424853,-3.7110012296684203,-4.5849842770333,-3.4283021830214255
2008-01-09,1.3624083236714934,24.12,3.82,1.13,4.39514129895886,210.565,-2.5498040341512263,-4.049311163344016,-5.1251460442168995,-3.9755039873633713
2008-01-10,0.7948131920451518,23.45,3.91,1.2,4.39514129895886,210.565,-6.130966659083448,-6.316839993457856,-6.26896001260987,-3.4168051599338223
2008-01-11,-1.3595387776707546,23.68,3.82,1.23,4.39514129895886,210.565,-5.412490690202343,-3.3589854490084448,-4.417496808442767,-1.4082582828010226
2008-01-14,1.087063729028337,22.9,3.81,1.23,4.39514129895886,210.565,-7.466902030008815,-3.809352245145625,-4.758341722749304,-2.5581627868490497
2008-01-15,-2.4925012411738723,23.34,3.72,1.19,4.39514129895886,210.565,-3.066727765912103,-1.8204781829197825,-0.9949665607153491,-0.9609252999847495
2008-01-16,-0.5612078839948742,24.38,3.74,1.23,4.690133862171542,211.16,-1.5387420356940962,0.38960805756540484,-1.7724997586506586,-3.1000544569444455
2008-01-17,-2.909259582902124,28.46,3.66,1.22,4.690133862171542,211.16,-0.1980134744749451,4.663044736194433,1.2555777411869418,-0.14326151732139136
2008-01-18,-0.6045421784173999,27.18,3.66,1.3,4.690133862171542,211.16,2.171011009993018,4.197889158725365,1.7801288067121446,0.11772339534161791
2008-01-22,-1.1085159151345114,31.01,3.52,1.44,4.122287968441807,211.16,3.952693538964125,1.994659645054364,3.779475718952696,1.7703129471098533
2008-01-23,2.1442179004912187,29.02,3.51,1.42,4.122287968441807,211.16,1.2856778217315679,-0.9076665647438253,0.2935943360687032,-2.5593911841085393
2008-01-24,1.006273042641359,27.78,3.68,1.43,4.122287968441807,211.16,1.9584861428020517,-1.1212372666801307,0.07692198656990001,-4.341487756087226
2008-01-25,-1.587193103167461,29.08,3.61,1.38,4.122287968441807,211.16,4.870702858631137,0.05110841782518527,3.095577511819103,-4.301785712156059
2008-01-28,1.7548324334698329,27.78,3.61,1.41,4.122287968441807,211.16,1.9838094276409812,-1.09530240793968,2.0185292706939473,-2.46018623035007
2008-01-29,0.6159774388638573,27.32,3.69,1.4,4.122287968441807,211.16,-1.883581682446589,-0.9865714596519082,1.300739196065348,-3.929386139486879
2008-01-30,-0.4763994716110997,27.62,3.78,1.48,4.122287968441807,211.16,-2.1655029947430293,0.8408185402883461,0.8754910056869791,-2.974611220013401
2008-01-31,1.6772253672436177,26.2,3.67,1.5,4.122287968441807,211.16,-3.020566042113215,-2.1537167621734965,-3.476119273728817,-6.558342532180328
2008-02-01,1.223749194418322,24.02,3.62,1.53,4.122287968441807,211.16,-4.595749155322149,-3.2556543750433597,-4.592171253597909,-8.515003699060497
2008-02-04,-1.0462869384454845,25.99,3.68,1.6,4.122287968441807,211.16,-3.0192163372415814,-2.320354444349837,-3.9157854312848572,-3.6268273926138628
2008-02-05,-3.199543268429605,28.24,3.61,1.68,4.122287968441807,211.16,0.9142305010477747,1.7499112993852872,-0.21995925936239002,-2.859406443340484
2008-02-06,-0.7623640894248274,28.97,3.61,1.65,4.122287968441807,211.16,3.0728645079759476,1.2122642177937903,-1.6668540966833345,0.23069536781592515
2008-02-07,0.7885772846967454,27.66,3.74,1.75,4.122287968441807,211.16,0.8938485661982298,1.211745798722741,-3.256766569877345,0.9701453629288981
2008-02-08,-0.4203719751894819,28.01,3.64,1.71,4.122287968441807,211.16,1.4046489212105717,3.0429139088393287,-4.3506705710875675,1.6299942563347436
2008-02-11,0.5888999083801139,27.6,3.62,1.69,4.122287968441807,211.16,0.7206189375845495,3.1483152513916757,-1.379998984517361,0.14935069729653527
2008-02-12,0.7265896838448915,26.33,3.66,1.72,4.122287968441807,211.16,0.8281099644601886,2.310101457384861,-2.9721369345731996,-1.7125554792046693
2008-02-13,1.3604062530741423,24.88,3.7,1.79,4.122287968441807,211.16,-1.8051310585611824,0.034383363701873115,-3.7836164120160998,-3.8026339567278744
2008-02-14,-1.3421475932895444,25.54,3.85,1.92,4.122287968441807,211.16,0.31508088653784405,-1.351510213567375,-4.501576988163025,-1.9394180614579537
2008-02-15,0.0837748094749679,25.02,3.76,1.85,4.378698224852062,211.68,1.615571874719124,-1.3814935332094325,-5.436337689859194,1.4955713466480836
2008-02-19,-0.0896274006661257,25.59,3.89,1.83,4.378698224852062,211.68,2.410327040694149,-1.633330032945357,-1.3375078716063693,1.3901451380307295
2008-02-20,0.8340870828184466,24.4,3.93,1.79,4.790927021696234,212.516,1.4698197689583026,-1.9359924088303226,-4.530045956662776,0.6823400290413284
2008-02-21,-1.2867362942748706,25.12,3.77,1.79,4.790927021696234,212.516,1.8733304928184369,-2.844633836351773,-0.9698121641322888,2.0759308551022926
2008-02-22,0.7880610357913875,24.06,3.79,1.81,4.790927021696234,212.516,-1.661356483368881,-4.415013626468323,-0.23870790281033116,1.4359552380281526
2008-02-25,1.3812671311938196,23.03,3.91,1.78,4.608841611987025,212.516,-2.949415480949724,-7.175247864659462,-1.3711953582315917,-0.4563354383149698
2008-02-26,0.6917910698780005,21.9,3.88,1.84,4.608841611987025,212.516,-3.9484856561708748,-4.390100046590851,-2.9074295074874357,-1.9402187860787734
2008-02-27,-0.0919444501396693,22.69,3.85,1.84,4.608841611987025,212.516,-3.356478000595131,-5.162968579557381,-3.9318277269669966,-1.4108469752300068
2008-02-28,-0.894187449867867,23.53,3.71,1.84,4.608841611987025,212.516,-4.631206525149201,-3.816687470183744,-3.835698478271443,-2.5481177093788165
2008-02-29,-2.7089704735838493,26.54,3.53,1.88,4.608841611987025,212.516,-2.800178083231075,-3.1932235165640366,-0.5959623397817193,-0.1736063808325805
2008-03-03,0.0533552478821919,26.28,3.54,1.93,4.608841611987025,212.516,-4.354257529361172,-4.111646284174075,2.917368131940168,0.23210359261771618
2008-03-04,-0.3447628658457935,25.52,3.63,1.98,4.608841611987025,212.516,-0.45976827480215254,0.30073414240625596,3.0736784847842813,2.8611238694177255
2008-03-05,0.5238327621537531,24.6,3.7,2.04,4.608841611987025,212.516,-1.8692309030018173,-2.645265690799725,2.6700238978479174,2.3888512100401993
2008-03-06,-2.201393598744972,27.55,3.62,2.09,4.608841611987025,212.516,0.854072936531658,1.9297149979977002,5.0646350127134365,6.5926056463581295
2008-03-07,-0.8410361554953893,27.49,3.56,2.03,4.608841611987025,212.516,-0.4043684706228623,4.369206799211756,6.12122163373201,7.329692909687058
2008-03-10,-1.546347918654778,29.38,3.46,1.99,4.608841611987025,212.516,0.25365608433804976,6.252699170115106,7.238276722299397,8.05499946459971
2008-03-11,3.7129844018763736,26.36,3.6,1.86,4.608841611987025,212.516,0.7640151163279763,1.5507500162911247,2.5623719528060196,4.4887008822171115
2008-03-12,-0.8995573894062803,27.22,3.49,1.86,4.608841611987025,212.516,-0.7908169832347323,1.2981646875178443,3.956388710326686,6.116424242853835
2008-03-13,0.5126921336342294,27.29,3.56,1.93,4.608841611987025,212.516,1.0665330909768622,-0.01976539130090771,1.3189083713577299,6.260831527228161
2008-03-14,-2.078326255529206,31.16,3.44,1.97,4.635914803128682,212.571,4.792956474628696,2.682933231669704,3.1192208287692313,8.402035433880094
2008-03-17,-0.895868378535658,32.24,3.34,1.99,4.635914803128682,212.571,5.983864649016302,7.330415158597248,4.530007773065892,8.956600971877094
2008-03-18,4.240953758720556,25.79,3.48,1.9,4.635914803128682,212.571,0.7807697014206028,2.7646301555888764,2.55271284792018,4.121765032121449
2008-03-19,-2.428719849575589,29.84,3.38,1.84,4.249507125832497,212.571,2.105633377103344,5.459713517132281,5.170900970107373,8.54268404067171
2008-03-20,2.39444592412823,26.62,3.34,1.75,4.249507125832497,212.571,-1.0748350112098182,3.0755702738669566,4.5746136427949,6.3474523718188625
2008-03-24,1.5321430427423843,25.73,3.56,1.72,4.249507125832497,212.571,-2.0135162838638365,1.6786702594097758,2.8365513174501533,4.267785665627644
2008-03-25,0.2303897635577145,25.72,3.51,1.72,4.249507125832497,212.571,1.270524068961132,0.9275788378856564,1.6962395389118923,4.824131738028892
2008-03-26,-0.8765759863092581,26.08,3.51,1.8,4.249507125832497,212.571,1.9684910723005933,0.9961737715897367,2.8930863292045528,3.835567112730809
2008-03-27,-1.1460481132498757,25.88,3.56,1.83,4.249507125832497,212.571,3.2849119378570046,2.6241581286382987,4.756512193680229,5.424816212251549
2008-03-28,-0.795018629681199,25.71,3.47,1.8,4.249507125832497,212.571,4.195499987841389,1.3389384090744638,6.281838548499041,5.55496876729229
2008-03-31,0.568724672326204,25.61,3.45,1.83,4.249507125832497,212.571,3.768056984236523,0.4248881322032494,5.569671631124096,6.1147658477764155
2008-04-01,3.589635162305438,22.68,3.57,1.77,4.249507125832497,212.571,-0.33864269413868,-2.609146141280938,1.5151211433188871,2.3982238876245843
2008-04-02,-0.1934070202587845,23.43,3.6,1.72,4.249507125832497,212.571,-0.9535468167528927,-0.2062161926217554,1.3206244935420441,3.0076125570683176
2008-04-03,0.1301638178863307,23.21,3.61,1.7,4.249507125832497,212.571,-0.6397389481401672,-0.2738605457883847,2.923363264246537,3.962571322307862
2008-04-04,0.0795996358510464,22.45,3.5,1.67,4.249507125832497,212.571,-2.7415402575929337,1.4543148924086369,3.1742556352186035,4.009774532466892
2008-04-07,0.1561598518908802,22.42,3.57,1.62,4.249507125832497,212.571,-3.221770696295423,1.1387649495083974,2.546370246200458,3.940866151872613
2008-04-08,-0.5100033369358936,22.36,3.58,1.71,4.249507125832497,212.571,-2.278218467539106,0.7615962949639954,3.8607414791967276,3.5048394029090657
2008-04-09,-0.8092072375784243,22.81,3.49,1.72,4.249507125832497,212.571,0.7545253768436178,1.8782023979490914,2.811387040822555,2.6740670631946184
2008-04-10,0.4474051958627933,21.98,3.55,1.71,4.249507125832497,212.571,0.3682341395629063,2.0778285580370204,2.729043662509434,2.484283969334733
2008-04-11,-2.03741808670056,23.46,3.49,1.73,4.249507125832497,212.571,4.314128725783273,4.877592184231894,4.16032615340709,3.233728163180749
2008-04-14,-0.3383784814512292,23.82,3.53,1.75,4.249507125832497,212.571,4.5056989337134645,5.123016410183134,5.6658043851467665,4.293395537438105
2008-04-15,0.4599876286541349,22.78,3.6,1.76,4.249507125832497,212.571,3.110682915142471,4.234758317842369,5.141519794219596,4.227266311374245
2008-04-16,2.2691265939609684,20.53,3.72,1.74,4.607515227604875,213.301,1.1152620856509365,1.5299957852193513,3.2204698800612386,2.458401403114041
2008-04-17,0.0622914524391671,20.37,3.75,1.62,4.607515227604875,213.301,1.7033222046099805,3.2060037895108584,4.248065643853938,2.5498656078825066
2008-04-18,1.813900260560164,20.13,3.77,1.58,3.9752176498688794,213.301,0.5401602499406577,1.6952859468164716,2.5188279500663047,-0.33516591432712906
2008-04-21,-0.1553524830540276,20.5,3.75,1.55,3.9752176498688794,213.301,0.5907022131503181,1.3917564619211342,2.7705511371066027,-0.7578336369621685
2008-04-22,-0.8810233726340488,20.87,3.74,1.5,3.9752176498688794,213.301,1.0901638617067277,3.0757206100233248,2.722508583443495,0.09157447412548869
2008-04-23,0.2899917492481085,20.26,3.77,1.55,3.9752176498688794,213.301,0.4101593478708754,0.9159806719285513,0.7811922928682602,1.7479143274199638
2008-04-24,0.6442277675030139,20.06,3.87,1.46,3.9752176498688794,213.301,1.4775147481197681,0.6379594018323997,0.39818187459439436,-2.026172842153895
2008-04-25,0.6494736452591576,19.59,3.91,1.47,3.9752176498688794,213.301,1.1489196894099107,-0.6839077975443919,-1.5674120532472524,-2.5811220838512616
2008-04-28,-0.1051601570328797,19.64,3.86,1.5,3.9752176498688794,213.301,0.7963501905706938,0.5163359971004811,-0.7891905132439425,-2.716332622698192
2008-04-29,-0.3888692631555557,20.24,3.85,1.5,3.9752176498688794,213.301,1.9641443563519045,0.8699223665988853,-0.007187627801963359,-3.9865093755100722
2008-04-30,-0.384630236480854,20.79,3.77,1.48,3.9752176498688794,213.301,0.5037551253207928,1.664999670065992,0.9144151053239069,-3.299675360744725
2008-05-01,1.7140713043443112,18.88,3.78,1.41,3.9752176498688794,213.301,-0.8273314027952061,1.0096911188115953,-0.635755825762363,-3.498796438000429
2008-05-02,0.3235598723049016,18.18,3.89,1.42,3.9752176498688794,213.301,-1.812008959247624,0.8098133513096295,-1.9966037188837937,-3.8022497232719
2008-05-05,-0.453358375345092,18.9,3.88,1.46,3.9752176498688794,213.301,-0.2778019173718005,1.3598686158507123,-2.120083697031727,-4.018496537514926
2008-05-06,0.7651933303949532,18.21,3.93,1.55,3.9752176498688794,213.301,-1.0731438945133953,-0.34267238151667323,-2.8951009202138556,-5.672440216739217
2008-05-07,-1.8113789643415144,19.73,3.87,1.56,3.9752176498688794,213.301,1.1554240369399116,-0.13356494993442825,0.8243824713907388,-3.5718127026167057
2008-05-08,0.3669551705817397,19.4,3.79,1.54,3.9752176498688794,213.301,1.8523475747818985,-0.23825754085555761,-2.647243902620122,-5.705883817133872
2008-05-09,-0.6725447922866779,19.41,3.77,1.52,3.9752176498688794,213.301,2.670206695102939,-0.8895882188979409,-1.9102788321951336,-5.06238135057454
2008-05-12,1.1020778542468523,17.79,3.78,1.48,3.9752176498688794,213.301,1.6422326871150528,-1.2988202339389687,-3.2160629292057763,-6.361583934496484
2008-05-13,-0.0384671346907228,17.98,3.9,1.43,3.9752176498688794,213.301,0.7383955598647463,-0.8695456225426113,-4.814548904339288,-5.778172119275049
2008-05-14,0.4005584274660245,17.66,3.92,1.39,4.1906739590340525,213.743,-1.2742658133720774,-0.7382920052898645,-4.88336698659575,-8.909886468008843
2008-05-15,1.058446448937378,16.3,3.83,1.38,4.1906739590340525,213.743,-2.052584123407164,-1.6289990854823189,-4.46342079346519,-10.1990029913689
2008-05-16,0.1250398198918922,16.47,3.85,1.38,3.759241549716253,213.743,-3.4672131561713004,-2.783872895799744,-4.575014000382138,-10.197493813839408
2008-05-19,0.0898045616024134,17.01,3.83,1.41,3.759241549716253,213.743,-2.893534354078442,-3.4332644274345903,-5.306207700159293,-9.933898082759452
2008-05-20,-0.927358910402054,17.58,3.78,1.44,3.759241549716253,213.743,-1.5961552429647474,-2.561205081144269,-5.348094277248139,-10.745719701382905
2008-05-21,-1.6053532676263305,18.59,3.81,1.4,3.759241549716253,213.743,0.5428916913081894,0.9592286145439388,-3.4428461884702277,-9.190265412155297
2008-05-22,0.2617378713519525,18.05,3.92,1.36,3.759241549716253,213.743,0.43246167766031185,-2.414739661099141,-5.480684420199933,-10.186819627726484
2008-05-23,-1.3210400686713863,19.55,3.85,1.39,3.759241549716253,213.743,0.7078841114129153,-1.0298520558581714,-4.210246992912047,-7.429890950004636
2008-05-27,0.6846221470047986,19.64,3.93,1.38,3.759241549716253,213.743,-0.555812704917269,-1.9424719135181512,-5.129385193325076,-10.153393486017503
2008-05-28,0.3962890483361736,19.07,4.03,1.41,3.759241549716253,213.743,-0.9807033867043513,-3.979607787103834,-4.951683645110705,-9.882513772230272
2008-05-29,0.5334937252062799,18.14,4.08,1.41,3.759241549716253,213.743,0.41408886917038146,-4.175905356702902,-8.232373417506034,-11.354828030722485
2008-05-30,0.1516166594468293,17.83,4.06,1.4,3.759241549716253,213.743,-2.8349413040353544,-2.881359020069274,-8.711921019624214,-12.28809005089213
2008-06-02,-1.0504263761414556,19.83,3.98,1.47,3.759241549716253,213.743,-1.7255214749111736,-1.8424320716485476,-7.625916747427586,-12.323280748671838
2008-06-03,-0.5787827748960472,20.24,3.92,1.47,3.759241549716253,213.743,-1.394409513837369,-1.9395325539583008,-6.731752519934742,-9.602586775895105
2008-06-04,-0.0326696355541278,20.8,3.98,1.51,3.759241549716253,213.743,-3.0286060424275063,-2.860143332462939,-8.399646800901472,-8.486785436156751
2008-06-05,1.9496150601372664,18.63,4.06,1.54,3.759241549716253,213.743,-4.571065950569531,-4.360250036993641,-10.05306217765327,-10.21117411283521
2008-06-06,-3.088920879521761,23.56,3.94,1.54,3.759241549716253,213.743,-0.047772024899583876,-3.141811323198962,-7.964399479630313,-7.399245210977867
2008-06-09,0.0793688458754271,23.12,4.02,1.29,3.759241549716253,213.743,-0.11896333462357855,-3.2134891208294936,-6.466635674586008,-6.224298639832515
2008-06-10,-0.2438071565889488,23.18,4.11,1.2,3.759241549716253,213.743,-0.5528317790434389,-3.2500444810277584,-8.373575933158083,-5.613056394754357
2008-06-11,-1.689434363076614,24.12,4.1,1.27,3.759241549716253,213.743,0.17372412944611781,-1.0123639735313716,-6.14755454449567,-6.211199767758513
2008-06-12,0.3279698773364758,23.33,4.23,1.2,3.759241549716253,213.743,0.22091404004018766,-4.233244337870601,-7.4917719815073225,-6.128205396851327
2008-06-13,1.5046261393385496,21.22,4.27,1.22,4.433516667556647,215.132,-3.0955180899721046,-6.003545705257352,-9.685814109329161,-9.23950438393284
2008-06-16,0.0080869796396543,20.95,4.25,1.23,4.433516667556647,215.132,-3.098211521946115,-5.8920415387640706,-10.677575757249402,-7.127212083501533
2008-06-17,-0.6771332979186417,21.13,4.23,1.29,4.433516667556647,215.132,-2.7122066422157975,-4.887005019238133,-7.814621346929062,-4.935121826786926
2008-06-18,-0.971182414748084,22.24,4.16,1.27,3.734563882982056,215.132,-1.184031155160814,-5.702606178839254,-5.792310485850449,-5.264577976411033
2008-06-19,0.3752324501292925,21.58,4.22,1.23,3.734563882982056,215.132,-4.444340206407671,-5.952349460199979,-6.117669774444945,-6.145223160152469
2008-06-20,-1.8542855877975328,22.87,4.16,1.28,3.734563882982056,215.132,-3.0009216890352297,-4.979019556646358,-4.395533249114547,-5.229415912570823
2008-06-23,0.005307283862721,22.64,4.19,1.21,3.734563882982056,215.132,-2.8831562974203417,-3.361156967232548,-3.1107738998482737,-2.512897960332916
2008-06-24,-0.2814841378983357,22.42,4.1,1.23,3.734563882982056,215.132,-2.2354277982483683,-5.295642178487226,-2.442390697805763,-1.90978375474522
2008-06-25,0.5843407020038827,21.14,4.12,1.3,3.734563882982056,215.132,-4.5727174225994816,-5.187709068626689,-5.252005202788168,-4.228539653161045
2008-06-26,-2.9365225496321257,23.93,4.07,1.39,3.734563882982056,215.132,-1.578147497541993,-3.4025666016430534,-1.9787253372832825,1.0263742839433876
2008-06-27,-0.37174293266512,23.44,3.99,1.34,3.734563882982056,215.132,-2.0392955294581627,-3.9174545802817207,-3.4426390899049752,2.1073500292050795
2008-06-30,0.1267225012124617,23.95,3.99,1.36,3.734563882982056,215.132,-0.4921913146972545,-5.085153579711898,-1.3125038146972634,0.7492160797119007
2008-07-01,0.3835964202880904,23.65,4.01,1.38,3.734563882982056,215.132,-3.1301874608765767,-3.078040312244479,-0.050589099374409585,0.07159426345255682
2008-07-02,-1.820362050746238,25.92,3.99,1.39,3.734563882982056,215.132,-0.6444610277237972,-0.0951291476637417,0.4645178245954007,2.4898561809076902
2008-07-03,0.1093922301229399,24.79,3.99,1.45,3.734563882982056,215.132,-1.8536727949268084,-0.17578356641135828,-0.20508082747994205,2.795148157051419
2008-07-07,-0.8385434805281422,25.78,3.95,1.48,3.734563882982056,215.132,-1.9172575993349872,0.6140604999120836,-0.26351691463940563,2.0993137291980712
2008-07-08,1.7080348777318122,23.15,3.91,1.44,3.734563882982056,215.132,-4.615680242281361,0.259091540757983,0.8777619643190571,-0.5503658659306798
2008-07-09,-2.2776172472122824,25.23,3.85,1.44,3.734563882982056,215.132,0.053832197322600805,3.0127985092923693,3.5751875643602604,2.3981954592261268
2008-07-10,0.6989751385279241,25.59,3.83,1.39,3.734563882982056,215.132,0.5528950733318938,-0.0678141341485139,1.011650922093943,1.9411321113413038
2008-07-11,-1.1089943474586694,27.49,3.96,1.37,3.734563882982056,215.132,1.7095792336778493,1.4739949233309346,4.5849467524897936,4.252552368537654
2008-07-14,-0.902785943768214,28.48,3.9,1.43,3.734563882982056,215.132,2.580798657634076,0.4941745540800957,6.270446503231741,3.1376630676645867
2008-07-15,-1.0901257116461394,28.54,3.87,1.48,3.734563882982056,215.132,5.1106636766101055,3.9747730806086734,6.1469515881519055,4.6587791682989765
2008-07-16,2.506354406105049,25.1,3.97,1.53,4.82961805706239,217.403,2.957374292405124,3.1235967809806198,3.249660433862389,2.9148237662282472
2008-07-17,1.2012559511679566,25.01,4.07,1.49,4.82961805706239,217.403,-0.6172962071631094,0.560179866591648,2.587446744605826,3.2023699649213144
2008-07-18,0.0285726987766299,24.05,4.11,1.45,4.82961805706239,217.403,-0.2316245058940236,-0.029348851526467268,2.9761633295056544,1.7569804708616354
2008-07-21,-0.0539434021293305,23.05,4.09,1.43,4.62932660840103,217.403,-2.034127371651806,-0.8722214471726719,1.4761885385663698,1.3952346075147615
2008-07-22,1.3492063492063444,21.18,4.14,1.4,4.62932660840103,217.403,-1.0806616153582693,0.6170716431332934,-0.8073655907401056,-0.15818477143708654
2008-07-23,0.4064167115309214,21.31,4.16,1.35,4.62932660840103,217.403,0.16144787075029754,0.5459409541399562,-0.5966278549463855,-3.537696240372501
2008-07-24,-2.3124422822433988,23.44,4.03,1.42,4.62932660840103,217.403,1.1847897358570503,1.0801975828804045,2.010309519484199,-0.8167387987378927
2008-07-25,0.416750805589583,22.91,4.13,1.43,4.62932660840103,217.403,0.20274526207904042,3.065762643433234,2.738196566820972,0.7974517570123352
2008-07-28,-1.8596564103509736,24.23,4.06,1.47,4.62932660840103,217.403,1.1860313120335864,5.7478674508074645,2.630489304792394,-0.7987868621699312
2008-07-29,2.335600846482855,22.03,4.09,1.44,4.62932660840103,217.403,1.7162804424449618,2.0891399357603424,0.6578577355105031,-2.466744245870889
2008-07-30,1.667199129814123,21.21,4.07,1.43,4.62932660840103,217.403,0.38387332807507946,0.12224520557551077,-0.20244931448208936,-2.7416536113996526
2008-07-31,-1.3143759639368535,22.94,3.99,1.47,4.62932660840103,217.403,-0.10336746585104528,2.015973798678239,2.627471531808112,-1.2372022322056697
2008-08-01,-0.5578395005305659,22.57,3.97,1.46,4.62932660840103,217.403,2.8572244940655356,3.0063945232970513,1.786853743440231,-5.364561439533022
2008-08-04,-0.896608636190177,23.49,3.98,1.45,4.62932660840103,217.403,4.508365512139001,2.3690735533708374,2.287407311845513,-2.835048070297974
2008-08-05,2.8718741112345736,21.14,4.04,1.5,4.62932660840103,217.403,0.36656815575002444,-1.415701342338327,-0.770501866045159,-10.000154858514932
2008-08-06,0.3354349438903892,20.23,4.06,1.5,4.62932660840103,217.403,-0.2606276424944598,-1.136364927558342,-4.0614639992031965,-6.413324288773026
2008-08-07,-1.7933738369047658,21.15,3.92,1.49,4.62932660840103,217.403,2.121534240711087,0.9201722581133165,-1.876664694944763,-0.8680397371873538
2008-08-08,2.389283474318682,20.66,3.94,1.43,4.62932660840103,217.403,0.14502630220216695,-0.3178223963136717,-2.2008384047653373,-6.883330054759007
2008-08-11,0.6942730477737413,20.12,3.99,1.43,4.62932660840103,217.403,-2.0470054701215767,-2.947934763285154,-6.1908145013163445,-8.97097879480394
2008-08-12,-1.2050670422580567,21.17,3.91,1.46,4.62932660840103,217.403,-1.7757601269404955,-1.4019926126819238,-4.462653113247939,-8.042864278735994
2008-08-13,-0.2915663013268954,21.55,3.94,1.44,4.62932660840103,217.403,-0.8780256626489291,-0.32429808120157944,-2.860402112532423,-5.961122773880256
2008-08-14,0.5521801403690407,20.34,3.89,1.44,5.485022908404891,219.181,-1.1764041654192425,0.5994137097947272,-3.188888866859041,-6.161202143228817
2008-08-15,0.4075933919094776,19.58,3.84,1.44,5.485022908404891,219.181,-0.46217841824629513,-1.1839466719524627,-8.126637187496922,-14.772755695564822
2008-08-18,-1.5097809523290096,20.98,3.82,1.47,5.361297517641872,219.181,-0.9197567644435467,-0.07977628270975368,-5.083685377845637,-8.778350725600447
2008-08-19,-0.9314902555218274,21.28,3.83,1.51,5.361297517641872,219.181,0.38052472051870456,0.6544647424369776,-8.707728951834914,-8.339048046377673
2008-08-20,0.6197331643397197,20.42,3.79,1.54,5.361297517641872,219.181,0.5586325183180918,-2.9587209386964908,-5.337614136227153,-12.573948628832877
2008-08-21,0.249496409933414,19.82,3.84,1.51,5.361297517641872,219.181,1.7969573564055041,-2.771335889028115,-1.7719073950122954,-13.969413825171163
2008-08-22,1.1332671321386378,18.81,3.87,1.45,5.361297517641872,219.181,-0.7251196000038762,-1.8890197362442573,-6.586440842562958,-18.210025183025213
2008-08-25,-1.9625434383095277,20.97,3.79,1.46,5.361297517641872,219.181,0.8477779770249105,-3.341381484383321,-6.205992646141334,-21.36102370091677
2008-08-26,0.3686372447437414,20.49,3.79,1.44,5.361297517641872,219.181,0.27290156400454624,-3.104180887290131,-6.735300075555339,-22.53777045585682
2008-08-27,0.7982653959549557,19.76,3.77,1.46,5.361297517641872,219.181,-3.4978135331880766,-2.544355326834713,-5.6551642819338,-29.004575422175783
2008-08-28,1.4840144050698667,19.43,3.79,1.42,5.361297517641872,219.181,-4.48765205175966,-3.7657302731228026,-6.720333254154276,-30.865398593790772
2008-08-29,-1.372366525136015,20.65,3.83,1.47,5.361297517641872,219.181,-1.1724014489373547,-7.025873106362834,-13.751620881376937,-30.276480153007935
2008-09-02,-0.4092514347066145,21.99,3.74,1.48,5.361297517641872,219.181,-4.153943245395664,-5.0079042149602575,-8.705519382644745,-36.31535437265649
2008-09-03,-0.2035078566797854,21.43,3.71,1.45,5.361297517641872,219.181,-3.367891422927527,-9.301319835368139,-8.935036127635298,-33.47289450724206
2008-09-04,-2.992205759970956,24.03,3.64,1.44,5.361297517641872,219.181,0.988017205891234,-2.451423992492785,-9.908389278404107,-31.846935930471677
2008-09-05,0.4430764724152825,23.06,3.66,1.43,5.361297517641872,219.181,0.7558413065377634,1.027915484753672,-11.517259892990129,-28.9120375950912
2008-09-08,2.051016192977806,22.64,3.66,1.36,5.361297517641872,219.181,-5.9229119631001526,-4.787864817669152,-16.635248575546314,-32.48624439946922
2008-09-09,-3.413816796421554,25.47,3.62,1.39,5.361297517641872,219.181,-0.890971416540387,-2.9636375997813325,-18.64256130830395,-34.3647584715182
2008-09-10,0.6149422411268146,24.52,3.65,1.43,5.361297517641872,219.181,-6.140224506958969,-3.7474467128880695,-20.056169344067776,-33.94174025291564
2008-09-11,1.3806377411702098,24.39,3.64,1.46,5.361297517641872,219.181,-3.4057913934202655,-3.1920254240087376,-27.151039002491917,-37.090048634131946
2008-09-12,0.2121534158087801,25.66,3.74,1.51,5.361297517641872,219.181,0.2700331560808955,-3.070219153132181,-28.16010179905727,-39.21729542336729
2008-09-15,-4.713589702129706,31.7,3.47,1.69,5.361297517641872,219.181,1.2065075238997691,-7.233999392872359,-25.007609991588186,-29.32827048926829
2008-09-16,1.752328772507061,30.3,3.48,1.59,5.216605456957724,218.88,-2.0912990601008263,-3.8925503612973533,-32.95795286856574,-31.31483788734902
2008-09-17,-4.714070706031325,36.22,3.41,1.77,5.216605456957724,218.88,2.549311226776063,0.40384678924543227,-26.65041500934614,-26.056752157954687
2008-09-18,4.3341774386062015,33.1,3.54,1.76,5.216605456957724,218.88,0.2213030910395153,-7.644360985174625,-30.134229674164224,-28.039481280551048
2008-09-19,4.02565630586833,32.07,3.78,1.62,5.216605456957724,218.88,-3.3312568113083474,-12.417533626769728,-29.63532696501411,-30.99920741813128
2008-09-22,-3.8236599989398554,33.85,3.83,1.7,5.3634866995927455,218.88,-8.339885569886818,-12.443144705440613,-29.091228264924197,-25.326948239266244
2008-09-23,-1.563263356626765,35.72,3.85,1.74,5.3634866995927455,218.88,-1.839725462502284,-16.15778180539801,-32.36015870238978,-28.137100728320906
2008-09-24,-0.1977727730452905,35.19,3.8,1.77,5.3634866995927455,218.88,-2.0921295441821197,-16.943677932919254,-31.36986241805031,-31.61396721541304
2008-09-25,1.9656504245599395,32.82,3.88,1.72,5.3634866995927455,218.88,-7.848295555555785,-24.749008212826617,-35.01573435307679,-30.997069365622
2008-09-26,0.3382429116127516,34.74,3.85,1.74,5.3634866995927455,218.88,-9.39939479478442,-25.884596484915967,-37.29202310623319,-32.09984217737444
2008-09-29,-8.806776221769596,46.72,3.61,1.91,5.3634866995927455,218.88,-4.476602676164399,-19.159617189910627,-23.817207761243452,-29.406428486710677
2008-09-30,5.41746705821724,39.39,3.85,1.85,5.3634866995927455,218.88,-14.58640617129301,-30.242611386041517,-28.532946851821006,-28.399395398445513
2008-10-01,-0.4543988840816637,39.81,3.77,1.95,5.3634866995927455,218.88,-15.168901457660722,-26.945443490208454,-26.35416848394542,-31.071869721025923
2008-10-02,-4.02907919798171,45.26,3.66,2.04,5.3634866995927455,218.88,-18.340097732494808,-24.351375756687045,-22.08324311643006,-30.03186176689492
2008-10-03,-1.3506522985628489,45.14,3.63,2.03,5.3634866995927455,218.88,-18.19546530930075,-19.65895007440327,-21.216202923740745,-28.376099322625937
2008-10-06,-3.8517841191210263,52.05,3.48,2.05,5.3634866995927455,218.88,-15.371118411931128,-19.014026375748617,-14.714785599005175,-30.062457040290404
2008-10-07,-5.739484084336377,53.68,3.5,2.03,5.3634866995927455,218.88,-18.329875272718652,-19.32484283679763,-14.287931761440653,-30.78424250966181
2008-10-08,-1.133270253725105,57.53,3.72,2.07,5.3634866995927455,218.88,-13.88234059785286,-17.369158814279928,-17.66306154352141,-25.56293865704967
2008-10-09,-7.616709580816616,63.92,3.84,2.19,5.3634866995927455,218.88,-7.361358337780299,-13.64331006996794,-8.30296186722206,-14.210875166510528
2008-10-10,-1.1759289177065702,69.95,3.89,2.27,5.3634866995927455,218.88,-1.7890020041503973,-15.391438324957052,-8.385902791709832,-12.621379297195912
2008-10-14,-0.5322136791994336,55.13,4.08,2.26,5.3634866995927455,218.88,-4.304568246038443,-5.761465259602305,-12.675362165060378,-9.050410672346676
2008-10-15,-9.03497780862258,69.25,4.04,2.4,5.3634866995927455,218.88,-1.2182760432917772,2.45087232792196,2.642323665234181,0.9471818822117894
2008-10-16,4.2507451399756535,67.61,3.99,2.38,5.331234535809526,218.813,-4.048900354042995,0.8093608865913593,-5.648417330771682,-11.815422939395681
2008-10-17,-0.6212826018106576,70.33,3.98,2.34,5.331234535809526,218.813,-6.781135409015359,2.998247044072966,-7.509040735410366,-7.7199519158762
2008-10-20,4.768490479313692,52.97,3.91,2.2,5.051082134695517,218.813,-13.850216980160912,-1.9383028361960042,-10.850180892950211,-9.644388374315172
2008-10-21,-3.079971165937456,53.11,3.76,2.18,5.051082134695517,218.813,-1.5224310992290935,5.308623931213741,-13.642400245507824,-9.505360425568677
2008-10-22,-6.101246975642627,69.65,3.65,2.12,5.051082134695517,218.813,3.714400016770081,6.243447490492637,-14.204372294785028,-0.10768174443692713
2008-10-23,1.2634041442215027,67.8,3.63,2.09,5.051082134695517,218.813,5.063267913093772,-0.35568163778085804,-9.916127834585996,2.432779530234397
2008-10-24,-3.4511200543819176,79.13,3.76,2.19,5.051082134695517,218.813,10.490776192133655,6.184058475461196,-0.6572335009626395,3.6415807045918402
2008-10-27,-3.176435781413156,80.06,3.79,2.2,5.051082134695517,218.813,13.826981016564787,8.279936917204012,3.273970119478098,8.314865224764812
2008-10-28,10.789005877973532,66.96,3.89,2.24,5.051082134695517,218.813,6.936660913437054,-7.336592111182572,-3.490021806689325,-5.021905261631099
2008-10-29,-1.1079077098555157,69.96,3.93,2.35,5.051082134695517,218.813,2.4384728382111476,0.18687135888844075,-1.467718538205498,-3.2828226921031045
2008-10-30,2.5803953710955563,62.9,4.0,2.41,5.051082134695517,218.813,-5.1577964958762434,-6.405931116484231,-12.523424129421578,-6.911789736451879
2008-10-31,1.536539816147986,59.89,4.01,2.45,5.051082134695517,218.813,-3.8978074596773937,-10.201423889269911,-10.406195510650583,-3.6117977371823873
2008-11-03,-0.2529044858870954,53.68,3.96,2.51,5.051082134695517,218.813,-4.87322430044379,-9.088031631624371,-7.858405229563581,-4.29439269791475
2008-11-04,4.082584363592434,47.73,3.81,2.42,5.051082134695517,218.813,-13.347389849935098,-17.995700132878135,-14.067209126632152,-9.994337262698483
2008-11-05,-5.267708721725084,54.56,3.73,2.37,5.051082134695517,218.813,-2.198003754779554,-19.24619378254593,-5.977902058852013,-4.710422590481311
2008-11-06,-5.026398151360678,63.68,3.75,2.47,5.051082134695517,218.813,-1.3160118328057746,-9.594572328802286,2.798414614949629,-1.5035930192093816
2008-11-07,2.885463841688485,56.1,3.83,2.5,5.051082134695517,218.813,-6.5592847186578425,-6.442861644815379,-2.3944062860028037,-5.196255900265556
2008-11-10,-1.265316317606502,59.98,3.82,2.55,5.051082134695517,218.813,-4.430726575336063,-4.623171143472026,0.03225741402816951,-3.42621807383382
2008-11-12,-5.189390264262972,66.46,3.75,2.56,5.051082134695517,218.813,-5.3643049815730866,4.151121129829982,2.497951351334682,2.4052563995787812
2008-11-13,6.921270805966984,59.83,3.84,2.6,5.051082134695517,218.813,-17.431331345242885,-1.6515037096695773,-3.4632222804547252,-4.59458527216804
2008-11-14,-4.169913081043431,66.31,3.72,2.5,5.051082134695517,218.813,-8.38896020494293,-6.536197310270763,-0.540481492045386,1.9867440435175077
2008-11-17,-2.5810416464710606,69.15,3.68,2.46,5.051082134695517,218.813,0.12459565778357717,-0.22803437454083086,7.338230111758004,6.171025565677368
2008-11-18,0.983837216243022,67.64,3.53,2.38,4.743828475416811,218.813,-0.20136657027916005,1.3525462314030623,5.272835931002828,8.459818545588327
2008-11-19,-6.115557585198217,74.26,3.38,2.29,3.737141161208801,216.71,10.05479603605204,4.790591484363227,9.75724795302797,14.985493386420433
2008-11-20,-6.712293077105446,80.86,3.1,2.1,3.737141161208801,216.71,19.111156680451312,16.43054655277183,18.00010658683091,24.222530590379844
2008-11-21,6.324760339835156,72.67,3.2,2.11,3.737141161208801,216.71,2.022423169540466,13.708233303010186,8.949661008208022,13.326999139131402
2008-11-24,6.472253086203117,64.7,3.35,2.04,3.737141161208801,216.71,-0.35219121736048686,4.327254370952227,1.3324539062077312,6.799636430208933
2008-11-25,0.6550776705881445,60.9,3.11,1.96,3.737141161208801,216.71,1.5570481761921995,4.881089687415763,1.2549726007757611,3.84422029349325
2008-11-26,3.532812081997916,54.92,2.99,1.9,3.737141161208801,216.71,-4.7832577418655875,-1.5872798684850697,-1.6762803043424257,-1.9624169806560454
2008-11-28,0.9643111965147444,55.84,2.93,1.93,3.737141161208801,216.71,-2.250511373062214,-1.8421416077749164,-2.992502858213797,-2.7280653032049296
2008-12-01,-8.92952436107991,68.51,2.72,1.82,3.737141161208801,216.71,11.454158576541818,6.415013776113154,9.118975591097843,3.235683516933796
2008-12-02,3.994067054843109,62.98,2.68,1.78,3.737141161208801,216.71,4.6959844330545675,7.583557604450086,6.413685347485321,-0.5973076823791112
2008-12-03,2.583616208439788,60.72,2.67,1.8,3.737141161208801,216.71,3.2730781082339844,3.8679735688624595,7.012426010450956,-2.368100161752973
2008-12-04,-2.930842710506598,63.64,2.55,1.73,3.737141161208801,216.71,3.3565293220347403,4.739601521770065,9.728833245090062,-4.732495845634688
2008-12-05,3.649941753675101,59.93,2.67,1.74,3.737141161208801,216.71,0.41777176640365177,1.3480655038819345,6.6923880960022775,-4.089857749985038
2008-12-08,3.83873487297306,58.49,2.77,1.8,3.737141161208801,216.71,-4.521271224678413,-4.184896868568433,-0.33527401913178156,-9.035947136859445
2008-12-09,-2.3117543162227583,58.91,2.67,1.83,3.737141161208801,216.71,2.7580553227826154,-2.870583034895202,2.369833342364913,-6.382568534314936
2008-12-10,1.189418741207482,55.73,2.69,1.83,3.737141161208801,216.71,0.5760411827804957,-3.4573602328572095,-0.9886142459167524,-6.969216626344876
2008-12-11,-2.85240465920793,55.78,2.64,1.85,3.737141161208801,216.71,1.338156581696004,-0.09043590679986835,-0.3811876266296532,-3.191428934138374
2008-12-12,0.7028415417449585,54.28,2.6,1.82,3.737141161208801,216.71,0.9264234020670781,-1.171950233309127,-0.9025499434696771,-0.6411005352206289
2008-12-15,-1.2685680143110334,56.76,2.53,1.78,3.737141161208801,216.71,0.35230292697083776,2.5409589483994965,-2.987670767837647,-2.6975364654785894
2008-12-16,5.136026454446818,52.37,2.37,1.72,1.9899187661259088,213.06,-5.477564109205046,-1.0874080417250909,-7.604196653272566,-9.559997863856406
2008-12-17,-0.9592862125632596,49.84,2.2,1.47,1.1849072732885269,213.06,-4.010300433587021,3.0273551447538516,-6.003846533581414,-8.732666455977245
2008-12-18,-2.116268323892456,47.34,2.08,1.4,1.1849072732885269,213.06,-1.4097281188889532,4.76346257846223,-9.04347279327392,-5.283076312971513
2008-12-19,0.2936896236101161,44.93,2.13,1.39,1.1849072732885269,213.06,-2.079112252909987,5.27323591777451,-5.36559156490134,-6.26774159886706
2008-12-22,-1.8302022695223077,44.56,2.16,1.29,1.1849072732885269,213.06,2.180972391855751,4.017762047551177,-5.062928609111561,-2.957680340563895
2008-12-23,-0.9717462330154693,45.02,2.18,1.28,1.1849072732885269,213.06,4.644565098335018,5.395292735199719,-3.6157794509169228,0.6302426677164075
2008-12-24,0.5781143038123382,44.21,2.2,1.3,1.1849072732885269,213.06,7.331677888492272,2.55715608449798,-3.637622093158155,0.20042506311614972
2008-12-26,0.5356174910027267,43.38,2.16,1.27,1.1849072732885269,213.06,6.2614602633364935,-0.291014901795128,-3.103799976992916,-5.229149322497828
2008-12-29,-0.3872599599089699,43.9,2.13,1.35,1.1849072732885269,213.06,7.508457429097426,0.27259496719349574,0.5371447674437757,-4.1038845870958625
2008-12-30,2.440711296656972,41.63,2.11,1.36,1.1849072732885269,213.06,1.7975848269005335,-5.3916305961399065,-5.108685804776059,-6.225861323883941
2008-12-31,1.415834135471683,40.0,2.25,1.49,1.1849072732885269,213.06,0.7174071927760428,-6.588431748200996,-8.565734305805472,-8.459449005760511
2009-01-02,3.1608068411811407,39.19,2.46,1.58,1.1849072732885269,213.06,-4.448380848899602,-8.765828905970041,-11.414465201215906,-15.306933542748968
2009-01-05,-0.4668357633531128,39.08,2.49,1.71,1.1849072732885269,213.06,-6.166370336802585,-13.17915142542706,-9.589735432722446,-14.990568490697253
2009-01-06,0.78171328961949,38.56,2.51,1.71,1.1849072732885269,213.06,-6.7305053341278125,-10.10591855558185,-10.96287904140787,-16.66417114918419
2009-01-07,-3.0009615306130777,43.39,2.52,1.7,1.1849072732885269,213.06,-7.062265215098352,-8.72994234629999,-6.706010830079457,-15.066457060912109
2009-01-08,0.339707270915035,42.56,2.47,1.64,1.1849072732885269,213.06,-7.2537996604633115,-8.54978619278235,-4.521122285276313,-18.291137694853887
2009-01-09,-2.130302979882748,42.82,2.43,1.68,1.1849072732885269,213.06,-4.518445731665787,-6.040317822924235,-2.297968383054716,-13.164481850001142
2009-01-12,-2.256412239141281,45.84,2.34,1.6,1.1849072732885269,213.06,-7.473632975507671,-2.820994589833037,-4.952547070696878,-12.10672490626541
2009-01-13,0.1758058792257655,43.27,2.33,1.57,1.1849072732885269,213.06,-3.6189895029946184,0.26383061128203433,-4.364581923626498,-13.645483882101828
2009-01-14,-3.345987410426654,49.14,2.24,1.51,1.1849072732885269,213.06,-1.7944026019801051,0.2990695148290978,-0.8817726518284386,-12.761383409464955
2009-01-15,0.1329181747024233,51.0,2.23,1.5,1.1849072732885269,213.06,-1.3973473064929243,-2.1167641167038953,-2.002982384918295,-16.938865594180907
2009-01-16,0.7561576974726814,46.11,2.36,1.63,0.4392942796761057,211.49,-1.5938912001594474,-2.9031187147149806,-7.16957753694869,-18.090384758700328
2009-01-20,-5.281610204671527,56.65,2.4,1.67,0.1562795984088039,211.49,5.028445982800833,4.134278864622654,-2.086384889125259,-11.468912712795355
2009-01-21,4.349124562903017,46.42,2.56,1.78,0.1562795984088039,211.49,4.0286152783149065,-0.9533002307341776,-7.295533241148167,-18.767257482879472
2009-01-22,-1.5162323124874533,47.29,2.62,1.87,0.1562795984088039,211.49,2.131723824584597,2.217519708270399,-6.942599662481108,-17.416313609327794
2009-01-23,0.5377658256231044,47.27,2.65,1.82,0.1562795984088039,211.49,-0.7296120241786941,4.405308352803505,-10.652081713670825,-18.681408814196853
2009-01-26,0.5553212391849582,45.69,2.7,1.85,0.1562795984088039,211.49,-1.3304331718049456,3.982931139354773,-7.582149983916242,-13.982097220101375
2009-01-27,1.0925582519593302,42.25,2.59,1.72,0.1562795984088039,211.49,-0.8513570869406073,-2.1934289941197838,-9.555284371598328,-14.703625757093686
2009-01-28,3.3557607389604893,39.66,2.71,1.82,0.1562795984088039,211.49,-4.7889856994833835,-4.61623349785294,-13.872714027164568,-14.111822905112492
2009-01-29,-3.3120172199171183,42.63,2.87,1.92,0.1562795984088039,211.49,0.0840051263926167,-1.1773211579823584,-13.021509558832989,-10.482289954324397
2009-01-30,-2.2789134855526583,44.84,2.87,1.93,0.1562795984088039,211.49,5.172660731650303,0.11624230723352724,-15.14263534886513,-8.716761491833203
2009-02-02,-0.0532768003589922,45.52,2.76,1.87,0.1562795984088039,211.49,5.385008247184708,-4.394022512111606,-15.641353092858779,-5.7327010060404415
2009-02-03,1.5833988279658762,43.06,2.89,1.93,0.1562795984088039,211.49,-1.353595841302635,-5.973694562032694,-14.983722696829338,-5.26648861258453
2009-02-04,-0.7489510230927809,43.85,2.95,1.97,0.1562795984088039,211.49,0.18144140454714464,-6.403275450053913,-17.985412228417307,-5.790467007000144
2009-02-05,1.6365662661559144,43.73,2.95,1.97,0.1562795984088039,211.49,-1.2602675949889286,-8.96139859086248,-19.207894472134846,-9.139918400427916
2009-02-06,2.6896022529575125,43.37,3.05,2.06,0.1562795984088039,211.49,-4.807730820196998,-14.422054112031201,-22.112589418333386,-5.259036836256692
2009-02-09,0.148519352839016,43.64,3.07,2.02,0.1562795984088039,211.49,-9.279337660969011,-11.122095709892843,-17.27690127851843,-7.330814063548308
2009-02-10,-4.912120013376109,46.67,2.9,1.98,0.1562795984088039,211.49,-4.6834943048684075,-7.526953763705658,-12.790752844429832,-1.6054897109242683
2009-02-11,0.7954951041488467,44.53,2.78,1.85,0.1562795984088039,211.49,-6.572791090129149,-9.70446111404424,-9.955142007362216,-0.10554907922375456
2009-02-12,0.17391659558319,41.25,2.75,1.86,0.1562795984088039,211.49,-7.799424616916129,-11.985293800611574,-9.415823275968215,-2.3048647545742873
2009-02-13,-0.9997695807575592,42.93,2.89,1.92,0.1562795984088039,211.49,-10.099899261435063,-15.241160978927581,-8.82274803319154,-4.75424462795937
2009-02-17,-4.55590473632177,48.66,2.64,1.77,0.1562795984088039,211.49,-2.0312440423299383,-11.764254575161903,-1.4002037624670893,1.1024256364830842
2009-02-18,-0.0950365594538094,48.46,2.74,1.77,0.1974805834438431,211.577,-2.983176353455519,-9.582454710762711,0.752136273093007,2.8741070331634866
2009-02-19,-1.202402358417931,47.08,2.85,1.84,-0.0486583522297801,211.577,-3.351989276417544,-12.374510789833037,0.6547327868581254,7.117364914838387
2009-02-20,-1.141296456796903,49.3,2.78,1.82,0.2333711262282767,212.174,-4.539959936587801,-11.255111263433704,-0.19609243420065647,9.408481703204629
2009-02-23,-3.469900802116344,52.62,2.78,1.82,-0.1609290594590473,212.174,-5.718860908113577,-8.98658553498115,10.707218057991152,12.396911366458108
2009-02-24,4.010331464253336,45.49,2.8,1.77,-0.1609290594590473,212.174,-9.93481078501941,-6.925012035089884,4.265718995768997,5.485419502419009
2009-02-25,-1.0657824039959851,44.67,2.95,1.86,-0.1609290594590473,212.174,-6.802199978583023,-5.692252277786647,6.403448673736145,7.878147052829498
2009-02-26,-1.577984957375933,44.66,2.98,1.9,-0.1609290594590473,212.174,-9.335444615844501,-0.27762267816420216,10.630549585560377,13.778672225335885
2009-02-27,-2.356440342662092,46.35,3.02,2.02,-0.1609290594590473,212.174,-7.034515512862938,2.9193649965977952,10.998649503080982,16.819702226430856
2009-03-02,-4.662016661802437,52.65,2.91,2.02,-0.1609290594590473,212.174,-3.465936727475105,7.572558826744102,12.372652188358813,20.07362678084885
2009-03-03,-0.6406766626880556,50.93,2.93,2.02,-0.1609290594590473,212.174,3.341800285063856,11.745864176467169,14.58216298813415,22.36439283769336
2009-03-04,2.375307342984989,47.56,3.01,2.04,-0.1609290594590473,212.174,1.1909591219334992,11.429851309053296,13.776708606807242,21.382579393136524
2009-03-05,-4.253230958224652,50.17,2.83,1.93,-0.1609290594590473,212.174,9.990477424503252,14.869239183864579,22.244527112334602,27.404584446305
2009-03-06,0.121605318978557,49.33,2.83,1.92,-0.1609290594590473,212.174,10.707071085977038,12.461583970273526,23.284262632833897,21.804853624767272
2009-03-09,-1.0023669901070842,49.68,2.89,1.93,-0.1609290594590473,212.174,11.434819150890263,21.638352663432524,23.49488482234461,25.652961476572035
2009-03-10,6.366302222212594,44.37,2.99,1.98,-0.1609290594590473,212.174,8.13229870993255,12.023349425602836,13.333798702383714,17.224849418054045
2009-03-11,0.2445816877900686,43.61,2.95,1.92,-0.1609290594590473,212.174,10.118386341987428,12.82577650687946,14.389485125430213,18.099146086536
2009-03-12,4.072863130673077,41.18,2.89,1.86,-0.1609290594590473,212.174,4.435621949827495,10.93854013179052,14.095427005451278,15.383487190860802
2009-03-13,0.7739027671590959,42.36,2.89,1.91,-0.1609290594590473,212.174,1.5848245889676926,7.850111110528446,13.50604643770652,13.344791963737968
2009-03-16,-0.3515925170114675,43.74,2.97,1.97,-0.1609290594590473,212.174,9.156503856057775,4.462191300427931,11.621056606303192,13.432988437089088
2009-03-17,3.2139940837456527,40.8,3.02,1.97,-0.1609290594590473,212.174,3.5984167192340433,2.538168935888252,9.50239075019148,12.275744117957599
2009-03-18,2.085794038271138,40.06,2.51,1.69,0.205107940405802,213.007,2.4586177248219654,2.1061297939318546,8.931832868087696,9.877261205274412
2009-03-19,-1.2979162680767709,43.68,2.61,1.74,0.205107940405802,213.007,6.226724235038428,6.420594391388645,10.91270852971855,11.92286670624927
2009-03-20,-1.976940007446848,45.89,2.65,1.76,0.205107940405802,213.007,6.167541802539245,9.623444984930195,8.307965551119567,18.04720849565178
2009-03-23,7.0757548647492285,43.23,2.68,1.75,0.205107940405802,213.007,-4.300533994584632,1.526272033664422,3.3004465493279067,9.828416682359675
2009-03-24,-2.041509276947884,42.93,2.68,1.75,0.205107940405802,213.007,-1.023420836844613,1.1698001206892794,4.64322841543463,14.068629343848627
2009-03-25,0.9626370531222062,42.25,2.81,1.85,0.205107940405802,213.007,-0.3440295591697229,1.3859497953071065,4.673904973598808,11.489409889003177
2009-03-26,2.332036707485252,40.36,2.76,1.86,0.205107940405802,213.007,0.18250601037199665,2.845617825789426,4.006675276049143,11.570971929514462
2009-03-27,-2.0315519064124654,41.04,2.78,1.88,0.205107940405802,213.007,3.2551410004562076,5.24425544761995,5.094738240536767,11.434662783268678
2009-03-30,-3.4818703654097893,45.54,2.73,1.89,0.205107940405802,213.007,6.0886505133887825,6.853068288876618,8.587601911261466,15.3416303879782
2009-03-31,1.3129614663131228,44.14,2.71,1.9,0.205107940405802,213.007,2.215898928895599,6.7918336035994065,9.496537029208785,10.784963505280132
2009-04-01,1.655660953977356,42.28,2.68,1.85,0.205107940405802,213.007,1.7359515409104187,6.684910188968329,7.610837299411899,10.10874248000282
2009-04-02,2.8727113604116505,42.04,2.77,1.89,0.205107940405802,213.007,2.658260330542861,4.221094764617694,5.1703078208947595,5.8126992157263135
2009-04-03,0.973177097925304,39.7,2.91,1.95,0.205107940405802,213.007,1.926407177299705,-1.199998261313051,7.684271837908052,7.977450679247089
2009-04-06,-0.8332367396142404,40.93,2.95,2.01,0.205107940405802,213.007,0.7205462335402091,1.747502868100148,8.177336252376467,8.6956032594943
2009-04-07,-2.385454246862917,40.39,2.93,2.02,0.205107940405802,213.007,4.476734757170209,3.433265945570474,12.74968341122731,10.780452973592048
2009-04-08,1.1783441230339475,38.85,2.86,1.93,0.205107940405802,213.007,4.86451305865836,3.2430087057722323,9.965345409392889,7.65549057167465
2009-04-09,3.80532568665477,36.53,2.96,2.0,0.205107940405802,213.007,1.5223659830614356,1.1289323500651927,8.4839337719814,3.5537501784075998
2009-04-13,0.2533369426941823,37.81,2.88,1.99,0.205107940405802,213.007,-3.0673164346648907,-0.14206685813611397,5.881943208510476,6.008877970340221
2009-04-14,-2.006449158715151,37.67,2.8,1.94,0.205107940405802,213.007,1.0196098740159032,1.6232885495581328,7.9441444546568984,6.127153601734303
2009-04-15,1.2549016706588034,36.17,2.82,1.96,0.0672716410046625,212.714,-0.9987571051344513,2.5326875045979413,3.7391715891898825,6.4279533939138656
2009-04-16,1.5538800404093056,35.79,2.86,1.95,0.0672716410046625,212.714,-1.546285111703205,0.8679082250746317,3.2092938776158153,6.222122687507814
2009-04-17,0.4969360746134077,33.94,2.98,1.99,0.0672716410046625,212.714,-0.3875339479990969,0.9107686485359201,1.5271423263239159,8.42571545403743
2009-04-20,-4.278974468970964,39.18,2.88,1.95,-0.275197959690765,212.714,3.017815528192891,8.992176055541812,9.288915768274242,13.497275749203808
2009-04-21,2.1252059887909347,37.14,2.94,1.98,-0.275197959690765,212.714,0.5975856334181628,6.319401659037838,6.8287674837595125,9.608506379835081
2009-04-22,-0.7681664273476052,38.1,2.98,1.98,-0.275197959690765,212.714,3.567070984636622,9.007177120907484,7.103311454834893,11.725450253217563
2009-04-23,0.9922346320087704,37.15,2.96,1.99,-0.275197959690765,212.714,2.452109947823655,6.511178614310209,4.273879579078654,10.349568705281875
2009-04-24,1.6797349335216705,36.82,3.03,2.04,-0.275197959690765,212.714,1.3033535339414648,7.272895353484321,2.3977488657239476,8.416937282663973
2009-04-27,-1.00665768903615,38.32,2.95,2.05,-0.275197959690765,212.714,5.7993469350103855,6.032580364034357,6.159695714648916,9.90308940339557
2009-04-28,-0.2740535497347762,37.95,3.05,2.1,-0.275197959690765,212.714,5.687826392245876,6.219889156624103,4.431922167112079,9.821560165016674
2009-04-29,2.1610040324914648,36.08,3.12,2.18,-0.275197959690765,212.714,5.252737269240604,1.1766823965653206,3.799047878405837,8.15553303481309
2009-04-30,-0.0950067620446359,36.5,3.16,2.25,-0.275197959690765,212.714,3.961918079143256,2.321239424650945,5.308144638516654,8.409622325520495
2009-05-01,0.5396388659423046,35.3,3.21,2.29,-0.275197959690765,212.714,5.892738602718417,0.6108106062840513,7.447120764361137,5.264831587153296
2009-05-04,3.386813980494785,34.53,3.19,2.25,-0.275197959690765,212.714,0.22044883619860567,0.27225781103885627,4.133415678723806,0.5213593447890297
2009-05-05,-0.3791722673641806,33.36,3.2,2.22,-0.275197959690765,212.714,0.503428618546442,0.4790901912288925,3.0936072527433023,0.7645534712344304
2009-05-06,1.740433914180306,32.45,3.18,2.22,-0.275197959690765,212.714,-3.8726355042421057,-1.746550746801645,2.493664366058246,-0.12615511649736177
2009-05-07,-1.3202412386380091,33.44,3.29,2.29,-0.275197959690765,212.714,-1.5781535054434914,-2.1005297888337604,3.6037438895226037,1.5252499583296553
2009-05-08,2.4068995104353563,32.05,3.29,2.29,-0.275197959690765,212.714,-4.987998295379614,-4.544620961050693,1.0664780934734441,-3.8946227739176775
2009-05-11,-2.151242496964101,32.87,3.17,2.25,-0.275197959690765,212.714,0.051695013783992216,0.1198832945290551,3.650301658294919,-1.5551465839940715
2009-05-12,-0.0978855591479255,31.8,3.17,2.27,-0.275197959690765,212.714,-0.024216514453379023,-1.6832694928494818,3.390768938839561,-0.8157619137658445
2009-05-13,-2.689491201893024,33.65,3.11,2.22,-0.275197959690765,212.714,2.21173728063071,2.591867434002326,6.897686772228795,4.111234903393046
2009-05-14,1.0351643351174775,31.37,3.1,2.23,-0.275197959690765,212.714,-0.5307523705310291,2.9191448722288404,5.95026304910331,2.892272372603144
2009-05-15,-1.141008247711417,33.12,3.14,2.26,-0.295357265085483,212.671,0.46665402935868183,6.794806757724436,4.625766309628143,5.023329936192633
2009-05-18,3.0389200051489373,30.24,3.22,2.29,-0.5015368924362495,212.671,0.0681530490169946,3.850674106651941,0.2484251768017698,1.056378969061389
2009-05-19,-0.1736835971552275,28.8,3.25,2.34,-0.5015368924362495,212.671,-1.6594548405173937,2.6020508909252227,0.28410217435514973,1.673770509211625
2009-05-20,-0.5131461524926495,29.03,3.19,2.32,-0.5015368924362495,212.671,0.37190460067022535,4.315589065919623,1.6491997406915981,-0.7803234220925437
2009-05-21,-1.6757561517510733,31.35,3.35,2.46,-0.5015368924362495,212.671,3.4683053556522347,5.826664501914447,3.703574431345391,1.1696051482440906
2009-05-22,-0.149721056843366,32.63,3.45,2.53,-0.5015368924362495,212.671,6.298759314226321,5.8782429141417625,0.6809445352134791,-0.6730519394729462
2009-05-26,2.630216131887675,30.62,3.5,2.54,-0.5015368924362495,212.671,3.779944909927635,3.526191049764016,-1.6730242019915242,-3.3800950153897724
2009-05-27,-1.8971163431981573,32.36,3.71,2.75,-0.5015368924362495,212.671,4.333416826733627,5.160910463067103,0.8823600770780926,-1.162296476293856
2009-05-28,1.5418918738823617,31.67,3.67,2.7,-0.5015368924362495,212.671,3.9290720654742373,4.197037685269156,1.4809823696484647,-3.054598070752601
2009-05-29,1.3574757481119135,28.92,3.47,2.55,-0.5015368924362495,212.671,2.2793058590800497,2.94514512400732,-0.026110302081361336,-1.96814702517204
2009-06-01,2.58175904547322,30.04,3.71,2.74,-0.5015368924362495,212.671,-0.3955985966322406,-2.031035510010315,-1.6587668214528173,-3.9273673415725296
2009-06-02,0.1983301119848457,29.63,3.65,2.69,-0.5015368924362495,212.671,-0.2445114616161037,-3.4686813165514807,-2.690685603755405,-1.2765414487855287
2009-06-03,-1.3739209309357014,31.02,3.56,2.65,-0.5015368924362495,212.671,0.7931242563518293,-2.2591641165479626,-0.9047386223306586,0.9637653875066876
2009-06-04,1.148365683747543,30.18,3.72,2.76,-0.5015368924362495,212.671,0.2578350931740303,-2.5560794403826304,-4.8850919921392455,-0.2207008298866775
2009-06-05,-0.2514690344346815,29.62,3.84,2.52,-0.5015368924362495,212.671,0.6510009618609036,-2.006195773590347,-4.4006483390451105,1.1743532759592723
2009-06-08,-0.1010554499986549,29.77,3.91,2.49,-0.5015368924362495,212.671,-1.641932374810462,-4.908750122669526,-6.187574210999369,1.6440575633640986
2009-06-09,0.3503181608735195,28.27,3.86,2.53,-0.5015368924362495,212.671,-3.232072642995265,-5.022125511462427,-6.6710520256984545,1.235106558460486
2009-06-10,-0.3480330939390152,28.46,3.98,2.6,-0.5015368924362495,212.671,-3.028270425606383,-4.068574879343235,-6.012887214001106,3.954634791864353
2009-06-11,0.6111899148334876,28.11,3.88,2.53,-0.5015368924362495,212.671,-2.806677932893298,-2.6066531025811024,-6.959541189573515,3.6374598719804974
2009-06-12,0.1396995738927264,28.15,3.81,2.51,-0.5015368924362495,212.671,-2.6400102433736694,-2.886251141333107,-4.7727283722421525,3.8014785161686104
2009-06-15,-2.3768561680042266,30.81,3.76,2.5,-0.5015368924362495,212.671,-3.3213521033250037,0.37998634618163774,-1.9356454785800836,6.051620208179775
2009-06-16,-1.2720305257724385,32.68,3.67,2.44,-0.5015368924362495,212.671,-1.8498410758175488,0.8059516055585414,2.270910516569824,6.927865581168846
2009-06-17,-0.1381568221481388,31.54,3.68,2.49,-1.0486584980384128,212.876,-1.072791480880786,1.385731441699889,3.29742371744981,8.349526873838098
2009-06-18,0.8410990281999098,30.03,3.86,2.58,-1.0486584980384128,212.876,0.20580100161005088,-2.390105548279675,2.3966385969323767,7.5252878163493575
2009-06-19,0.3114197291689047,27.99,3.79,2.54,-1.0486584980384128,212.876,-0.2529179579568219,-2.443473426057119,3.245663411740929,8.836015559615573
2009-06-22,-3.0600396251826645,31.17,3.72,2.55,-1.0486584980384128,212.876,3.8284962916138587,-1.3448388679080048,6.891073252782798,12.609743030257746
2009-06-23,0.2306724905131396,30.58,3.65,2.51,-1.0486584980384128,212.876,2.705846542161572,-1.7361164619819403,6.588094441593406,12.0232374095127
2009-06-24,0.6524440861084724,29.05,3.72,2.53,-1.0486584980384128,212.876,2.4851837622665185,-2.0267731165386604,8.36348429215603,10.671078472252638
2009-06-25,2.1444277390130884,26.36,3.55,2.43,-1.0486584980384128,212.876,-2.5905751203445515,-4.469389568855386,6.411231540423734,9.803747826236918
2009-06-26,-0.1477827284822375,25.93,3.52,2.42,-1.0486584980384128,212.876,-2.1961098242222032,-1.942543927178142,6.886491085041491,9.598427340135874
2009-06-29,0.9065138571521024,25.35,3.51,2.4,-1.0486584980384128,212.876,-4.982577369696262,-2.3068660487517656,5.650164010222425,7.238764549357657
2009-06-30,-0.8530756458643096,26.35,3.53,2.42,-1.0486584980384128,212.876,-4.324936849938776,1.4532464479314555,6.072968786173072,9.408039588533912
2009-07-01,0.4361930267673175,26.22,3.55,2.5,-1.0486584980384128,212.876,-4.402545532114677,1.8855634304410396,6.868614876189483,9.682341278222207
2009-07-02,-2.9144546025377416,27.95,3.51,2.53,-1.0486584980384128,212.876,-1.9287809684042645,4.903953817488915,10.158184700766526,12.011115994510746
2009-07-06,0.2565748016350566,29.0,3.52,2.56,-1.0486584980384128,212.876,0.259259520851729,5.831631196387432,11.562003467931415,9.01393230443588
2009-07-07,-1.9683485382449015,30.85,3.47,2.49,-1.0486584980384128,212.876,2.8160217851364022,8.348181713132629,14.144806757227514,12.331015970021442
2009-07-08,-0.1668537608706111,31.3,3.33,2.42,-1.0486584980384128,212.876,6.039382789648617,8.471282228892086,14.00245275892351,13.290739089833936
2009-07-09,0.3547222617954038,29.78,3.44,2.5,-1.0486584980384128,212.876,6.577694978968451,10.60520076679099,12.960532170585104,14.126297579649204
2009-07-10,-0.402182877421664,29.02,3.32,2.41,-1.0486584980384128,212.876,6.967115177483296,11.389669824335002,14.940904628030127,16.721076425959968
2009-07-13,2.4933721734452963,26.31,3.38,2.46,-1.0486584980384128,212.876,5.55796212954951,9.003940511839147,11.76960093554056,13.81942846490607
2009-07-14,0.5316063622877065,25.02,3.5,2.53,-1.0486584980384128,212.876,5.380639935240117,8.144922511079455,9.771035293916363,13.485821946795372
2009-07-15,2.962991811422233,25.89,3.63,2.6,-0.3128311920123416,214.459,2.2933926766319113,4.553548062764645,7.840846319969708,10.232877641944116
2009-07-16,0.8641760970416357,25.42,3.59,2.59,-0.3128311920123416,214.459,3.778938725046843,4.890831711551025,7.652485381900198,9.592447559489091
2009-07-17,-0.0382661899461567,24.34,3.67,2.65,-0.3128311920123416,214.459,4.134499317396467,5.0086109170097926,6.774923078101414,9.41641127717945
2009-07-20,1.143154888894049,24.4,3.61,2.62,-1.35416714580755,214.459,3.2645366704412204,5.414612065187163,3.0069470460519776,7.306045427821073
2009-07-21,0.3627277227424175,23.87,3.5,2.54,-1.35416714580755,214.459,2.6231408136618395,5.3499975287469415,3.6759585568624242,4.5527834397784295
2009-07-22,-0.053427659965044,23.47,3.58,2.6,-1.35416714580755,214.459,2.2094832588820834,5.099202679617787,4.443071716228109,4.263837282745353
2009-07-23,2.3289664838582524,23.43,3.72,2.64,-1.35416714580755,214.459,1.0714052390245365,2.129494261992493,3.1834821404848723,2.760451588521451
2009-07-24,0.3042161453180592,23.09,3.7,2.65,-1.35416714580755,214.459,0.8394063498102566,3.1881186193437383,4.786266634987579,3.7926612215408495
2009-07-27,0.298182595126617,24.28,3.75,2.67,-1.35416714580755,214.459,2.0821043352062807,2.5372114170505666,4.417719148918198,4.399399529096293
2009-07-28,-0.2606444417198372,25.01,3.72,2.6,-1.35416714580755,214.459,2.6571557774054178,1.5036422839642238,4.9386502035439594,5.486821447899293
2009-07-29,-0.4562963930304753,25.61,3.69,2.52,-1.35416714580755,214.459,2.827251766273431,3.1441288393500244,5.431981682506026,7.074807825168139
2009-07-30,1.189558047020256,25.4,3.67,2.48,-1.35416714580755,214.459,1.0468727732296568,2.632883756650628,4.4823897105396915,5.673167516468269
2009-07-31,0.0739782588041526,25.92,3.52,2.39,-1.35416714580755,214.459,2.3291611430018344,1.6820641142349269,4.197560868273165,6.264429312500908
2009-08-03,1.5342107904679605,25.56,3.66,2.48,-1.35416714580755,214.459,0.44582454957029505,-2.283995522030924,1.794280058123543,4.986884469495223
2009-08-04,0.3012097699592653,24.89,3.7,2.5,-1.35416714580755,214.459,-1.1236561978615445,-1.5890261140515949,-0.7567291007776089,6.275541572062671
2009-08-05,-0.2913591845875696,24.9,3.8,2.57,-1.35416714580755,214.459,0.3081644871700373,-0.6242968040298336,-0.7948351420123845,6.259975004510454
2009-08-06,-0.5624654717235167,25.67,3.79,2.57,-1.35416714580755,214.459,1.5695794831575904,1.032011257970722,0.6178012836432156,7.142860203552104
2009-08-07,1.3439205629671047,24.76,3.89,2.57,-1.35416714580755,214.459,-0.6323681554103566,1.5487713479294118,0.5858645455366851,5.361813668570026
2009-08-10,-0.334494987346956,24.99,3.8,2.56,-1.35416714580755,214.459,-2.7177038805172526,1.8339758862946365,1.8161095726229703,6.410491526046225
2009-08-11,-1.2660113503211945,25.99,3.71,2.5,-1.35416714580755,214.459,-0.47065849959146977,3.3841228179478655,3.924173629939176,6.689799483532144
2009-08-12,1.1525139291026054,25.45,3.72,2.54,-1.35416714580755,214.459,-0.9295966045906101,2.218112527489935,3.810860618097056,4.471026520658672
2009-08-13,0.68800100684554,24.71,3.59,2.47,-1.35416714580755,214.459,-0.529261052297636,1.8020598137672206,2.962290104822851,3.1252184713059794
2009-08-14,-0.8531349698250423,24.27,3.55,2.48,-1.3495673932742425,214.469,2.1950201115298995,2.473884431783535,4.506561937135656,5.865007323865989
2009-08-17,-2.426081898553223,27.89,3.48,2.44,-1.3495673932742425,214.469,4.678836693185651,4.173600427014934,7.44082817381817,8.255336316656914
2009-08-18,1.014565506778764,26.18,3.51,2.45,-2.149821380502881,214.469,3.8730099681444363,0.8457359788335728,7.9915555913802505,6.81135876692045
2009-08-19,0.6860912404894393,26.26,3.45,2.44,-2.149821380502881,214.469,3.177244690846215,-0.17160969180387564,6.927520095092543,3.3508573226230576
2009-08-20,1.0948731413161106,25.09,3.42,2.39,-2.149821380502881,214.469,2.3437252912040574,-0.4099789454550917,6.0484284827095225,1.7709447280328305
2009-08-21,1.8622760114512584,25.01,3.56,2.43,-2.149821380502881,214.469,0.272874666445877,-0.9482210268143665,3.754887695860276,1.3965049249606842
2009-08-24,-0.054579691762735,25.14,3.48,2.43,-2.149821380502881,214.469,-0.4826536883014265,-0.017544550839876383,4.494095020763611,2.842324360180326
2009-08-25,0.236946657780912,24.92,3.45,2.4,-2.149821380502881,214.469,-2.914399024577452,0.5223730658743042,3.1974703421389306,2.8774276317789838
2009-08-26,0.0116726767692032,24.95,3.44,2.38,-2.149821380502881,214.469,-3.245729610908299,1.5581857766927554,2.2040262116587828,3.633815656634942
2009-08-27,0.2781762211750971,24.68,3.47,2.43,-2.149821380502881,214.469,-2.690642957175815,1.139692353158761,1.2997366261147114,3.9292722005335623
2009-08-28,-0.1988328383331405,24.76,3.46,2.45,-2.149821380502881,214.469,-1.2177727000668548,1.983605400169286,3.3092557297756287,3.846037738038821
2009-08-31,-0.8076407685613796,26.01,3.4,2.43,-2.149821380502881,214.469,0.46736489134746595,3.1363298699580655,3.9182056422266687,6.528476830855667
2009-09-01,-2.2123823948061228,29.15,3.38,2.46,-2.149821380502881,214.469,3.5399400693021166,7.085891677211342,5.915592494003952,9.391524468821256
2009-09-02,-0.3296439120451411,28.9,3.29,2.4,-2.149821380502881,214.469,4.965068072222922,7.111333524440799,3.5285223006722877,8.8645310647121
2009-09-03,0.8534797923473336,27.1,3.33,2.42,-2.149821380502881,214.469,3.9362456260489953,6.484994540394129,2.1899018098344047,8.958498202553567
2009-09-04,1.3117533499250822,25.26,3.45,2.51,-2.149821380502881,214.469,3.240844216354599,4.748131503976127,2.367171974175042,6.876735571954451
2009-09-08,0.8844933115342624,25.62,3.47,2.54,-2.149821380502881,214.469,2.6565492003269187,4.512431257399596,2.8603707502206976,5.001736345835139
2009-09-09,0.7782385584753415,24.32,3.48,2.55,-2.149821380502881,214.469,3.424718621177325,2.6611959056234813,2.342816324442909,5.299850773255921
2009-09-10,1.042222977456264,23.55,3.36,2.46,-2.149821380502881,214.469,2.0447425906884753,0.6359314416920725,2.043783929447218,2.9445397156711905
2009-09-11,-0.135042634120508,24.15,3.34,2.44,-2.149821380502881,214.469,2.452223378854046,0.15824081449355987,2.7581454743150324,1.875880899862259
2009-09-14,0.6339115087676817,23.86,3.42,2.48,-2.149821380502881,214.469,1.459971873595678,1.2998661151512048,1.8262075855835613,0.8982722546627686
2009-09-15,0.3135341423813997,23.42,3.47,2.51,-2.149821380502881,214.469,1.8078554866003183,0.7580992781635931,3.288993282168029,-1.382573905234319
2009-09-16,1.5323527552882463,23.69,3.48,2.47,-1.7122834552265045,215.428,-0.7382400703940584,-1.092860287081543,2.153068677393799,-0.6835916575903989
2009-09-17,-0.3059638741504833,23.65,3.42,2.44,-1.7122834552265045,215.428,-1.3805818048336693,-3.3449412922779143,1.6367992840564005,-3.1746249868679133
2009-09-18,0.2637339270669114,23.92,3.49,2.46,-1.577119883040934,215.428,-2.239075433119353,-4.0335192287871635,2.3228659332100055,-2.805815046786564
2009-09-21,-0.340729615469959,24.06,3.49,2.47,-1.577119883040934,215.428,-0.15780189515913756,-2.2730329368316426,2.0321165040519285,-2.236913942752028
2009-09-22,0.6574868761175523,23.08,3.46,2.44,-1.577119883040934,215.428,-1.0311151368617932,-1.5807311028006477,0.4681788401137421,-2.774230828090418
2009-09-23,-1.0068528001755062,23.49,3.44,2.48,-1.577119883040934,215.428,-0.35725763570884084,-0.31012650726697233,2.570255337818317,0.10385899139899735
2009-09-24,-0.951102950102567,24.95,3.4,2.47,-1.577119883040934,215.428,-1.9918587266016696,1.3989560861478845,2.294019880281728,1.3180834812860809
2009-09-25,-0.6090736629573268,25.61,3.34,2.36,-1.577119883040934,215.428,-1.8355429877713325,2.5957970494278726,1.7149263719097974,4.205963106888544
2009-09-28,1.7809586069224448,24.88,3.31,2.33,-1.577119883040934,215.428,-2.118574191897682,0.519587528214549,-0.39644066264802325,2.3760204105939486
2009-09-29,-0.2229576436747593,25.19,3.31,2.31,-1.577119883040934,215.428,-0.5553421832517502,2.511851674590848,-2.1245668573879217,1.5521252668976526
2009-09-30,-0.3328301020761093,25.61,3.31,2.36,-1.577119883040934,215.428,0.0473001117026417,3.281794392090176,0.41379078464820473,2.4760338846380625
2009-10-01,-2.5759622356647194,28.27,3.21,2.34,-1.577119883040934,215.428,3.459727700876103,5.154143655738386,0.17621044121962637,6.707360978336463
2009-10-02,-0.4505524841904806,28.68,3.24,2.36,-1.577119883040934,215.428,4.514200120973699,6.6235472124387185,1.279305203373582,7.288861027612992
2009-10-05,1.4875001786029074,26.84,3.24,2.36,-1.577119883040934,215.428,2.6952628635430464,4.405282973839575,0.03695908628400524,5.6668296902419035
2009-10-06,1.3705486324313787,25.7,3.27,2.36,-1.577119883040934,215.428,3.084322401203954,2.0818178857379355,-1.2126687575137018,2.8387067271991695
2009-10-07,0.2711606332490124,24.68,3.21,2.34,-1.577119883040934,215.428,3.2329650842913393,2.8893424619454544,0.4152733714684498,2.230878282298998
2009-10-08,0.7469907470196047,24.18,3.27,2.37,-1.577119883040934,215.428,1.6377541218368652,0.8827149989329541,-0.07975684167108588,2.8545172639029337
2009-10-09,0.5640659492242017,23.12,3.4,2.42,-1.577119883040934,215.428,2.0182397119467677,-0.8585835900214001,1.5694269197840338,2.2230587363289755
2009-10-13,-0.2787612004698681,22.99,3.34,2.43,-1.577119883040934,215.428,1.6651402047324515,-0.9112932249203731,1.8468369479315516,2.9705255402396658
2009-10-14,1.75458950913443,22.86,3.45,2.49,-1.577119883040934,215.428,-0.972509196465654,-4.5228121980435905,-0.9362101962021585,-0.54897176637273
2009-10-15,0.4157468710554335,21.72,3.49,2.52,-1.411275584795324,215.791,-0.3328613317125084,-2.776872365863603,-0.7801573473764645,-0.58506910811017
2009-10-16,-0.8098056110305896,21.43,3.43,2.46,-1.411275584795324,215.791,-0.7428726947260267,-4.733939188184422,1.4770861790126544,1.4368298395465828
2009-10-19,0.9405321384581278,21.49,3.41,2.42,-1.411275584795324,215.791,-2.819910743501375,-5.012253061152805,0.6239839440425499,0.5261117216526445
2009-10-20,-0.6239104637617676,20.9,3.35,2.4,-1.3810879609529536,215.791,-2.5342348660164493,-4.184006558988129,1.2083169361443824,0.30730898740061185
2009-10-21,-0.8853806079326398,22.22,3.42,2.42,-1.3810879609529536,215.791,-3.585169100791985,-3.227300131879729,0.7414531374317468,1.7609168772791062
2009-10-22,1.0643618925255227,20.69,3.44,2.47,-1.3810879609529536,215.791,-2.452173371090005,-2.404592187370669,-0.6399731632942607,0.44067979728654727
2009-10-23,-1.2178549173757158,22.27,3.51,2.47,-1.3810879609529536,215.791,-4.020936936028308,-0.9540502955478813,1.9545491663173653,0.6366117890770795
2009-10-26,-1.171732558366989,24.31,3.59,2.53,-1.3810879609529536,215.791,-2.255958328938057,2.4490375442740353,3.1083299371141404,2.2037413872249445
2009-10-27,-0.331779104380614,24.83,3.49,2.5,-1.3810879609529536,215.791,-1.6926678723588662,2.7834959831623873,3.9175188490160995,3.142787303185801
2009-10-28,-1.9540937765275768,27.91,3.44,2.49,-1.3810879609529536,215.791,0.37117626569960205,3.7565015103722343,4.162083659097293,5.585919772606096
2009-10-29,2.251995469034007,24.76,3.53,2.55,-1.3810879609529536,215.791,0.048777287371382094,2.053744892882925,2.2544052131314274,3.9791292557012747
2009-10-30,-2.806468784310845,30.69,3.41,2.51,-1.3810879609529536,215.791,3.1953704720333542,6.519662211567723,6.477405463337504,6.388109511044093
2009-11-02,0.6456406503505763,29.78,3.45,2.53,-1.3810879609529536,215.791,4.81358842214219,5.933646377383739,5.830609695765321,5.824891258930798
2009-11-03,0.2426002306141983,28.81,3.5,2.58,-1.3810879609529536,215.791,4.55323500154543,5.627790623965345,4.687438271100142,4.321949010113979
2009-11-04,0.1042620392645909,27.72,3.57,2.66,-1.3810879609529536,215.791,3.372806188612465,4.101108344316184,5.154570468692832,4.820845106784599
2009-11-05,1.923555172748448,25.43,3.57,2.67,-1.3810879609529536,215.791,2.003990113494969,1.8080963680834117,2.9153748607923413,3.9228446760304125
2009-11-06,0.250325223656711,24.19,3.54,2.68,-1.3810879609529536,215.791,3.221357435249761,2.9366162579533617,1.6059839795280695,4.032758474781861
2009-11-09,2.2238760067974983,23.15,3.52,2.65,-1.3810879609529536,215.791,1.0686190331834045,0.6435320512944598,-0.23943236845251903,2.0034637101041364
2009-11-10,-0.0063990093931431,22.84,3.5,2.65,-1.3810879609529536,215.791,1.02775932509791,1.1033122146764551,0.3495612954070415,2.546173494503967
2009-11-12,-1.0259368991689557,24.24,3.45,2.63,-1.3810879609529536,215.791,0.7045394069837618,0.3908980572986165,1.763184220365166,3.7287111793745
2009-11-13,0.5739294259246241,23.36,3.43,2.61,-1.3810879609529536,215.791,-0.1920451790107247,0.19662220182037338,1.886637638667077,2.9922788974242387
2009-11-16,1.4467634197192325,22.89,3.33,2.55,-1.3810879609529536,215.791,-0.27585490480980246,-0.03967037385668171,-0.12350086152387307,1.5433150963324538
2009-11-17,0.091940630672016,22.41,3.33,2.55,-1.3810879609529536,215.791,-0.4205924509064318,-0.09726530251907839,-0.10266343335855188,0.4305091800656857
2009-11-18,-0.0468241125159529,21.63,3.36,2.59,-1.1096232856365962,216.385,0.07478428709422058,-0.8902508963885114,-1.2362670904479622,2.0895603159088783
2009-11-19,-1.3425863902056911,22.63,3.35,2.62,-1.1096232856365962,216.385,-0.311447082258709,1.0119605267720155,0.691382420336839,3.8012598583565316
2009-11-20,-0.321492323752004,22.19,3.36,2.61,-1.1096232856365962,216.385,0.3894152340143231,1.0876133944255129,2.077190698371467,4.192857626206714
2009-11-23,1.3615775701478094,21.16,3.37,2.6,-0.1499700059988118,216.385,0.2368378598058385,-1.2926714776506532,1.064871040720483,3.2045443560908105
2009-11-24,-0.0533307262005178,20.47,3.32,2.59,-0.1499700059988118,216.385,0.3246927817158962,-0.877318593406462,1.3512360219199993,3.557179504023522
2009-11-25,0.4504120073066664,20.48,3.28,2.55,-0.1499700059988118,216.385,-0.9643140281114682,-0.7455254459606042,1.4271157375772558,3.272914960529394
2009-11-27,-1.7233475202623416,24.85,3.21,2.53,-0.1499700059988118,216.385,1.3275422004798587,1.366942810177152,3.3248164790505186,4.098066026161629
2009-11-30,0.3792993692547375,24.51,3.21,2.54,-0.1499700059988118,216.385,0.695489817112338,1.6866990121109815,2.790170600734143,4.568152442436846
2009-12-01,1.2075226499629332,21.92,3.28,2.61,-0.1499700059988118,216.385,-1.5258954393550406,-0.08386375673301583,1.5836136956626223,3.5712331682148823
2009-12-02,0.0342698706628841,21.12,3.32,2.6,-0.1499700059988118,216.385,-1.1981211621924892,-0.005403386459656989,0.5282883238211022,2.4151706842844733
2009-12-03,-0.8402100871871099,22.46,3.39,2.65,-0.1499700059988118,216.385,0.22091893442626187,-0.34912427605656715,3.00657729360434,4.573963062167774
2009-12-04,0.5509433669106611,21.25,3.48,2.64,-0.1499700059988118,216.385,0.03888440284021133,-0.3173664829030032,2.761355503881391,2.8987919455976563
2009-12-07,-0.2468381450804302,22.1,3.44,2.66,-0.1499700059988118,216.385,0.9843630502209377,0.978930326591887,3.0718345477849907,1.1991824580784405
2009-12-08,-1.0251582681849114,23.69,3.4,2.67,-0.1499700059988118,216.385,1.46437653742153,2.3884169024362967,4.556111386119799,-0.016478162745225955
2009-12-09,0.3672372090776976,22.66,3.45,2.69,-0.1499700059988118,216.385,1.2071812699946616,2.248279186662727,4.473747112671367,0.07574051389047654
2009-12-10,0.5839705004064388,22.32,3.49,2.71,-0.1499700059988118,216.385,-0.5687866530697194,2.18896044062471,4.04862392808516,-0.9234754720444327
2009-12-11,0.3683094011583732,21.59,3.55,2.72,-0.1499700059988118,216.385,-0.35611241355775203,1.9314715572904095,2.6942937611317053,-0.805310319360264
2009-12-14,0.6959401066516824,21.15,3.56,2.69,-0.1499700059988118,216.385,-0.005379767188662399,1.0851680695148858,2.8336581463644706,-2.6550301535403054
2009-12-15,-0.5546967284989268,21.49,3.6,2.72,-0.1499700059988118,216.385,0.9107042260038778,1.6688770353727733,3.6581647993761512,-3.0742065782643935
2009-12-16,0.1128230068146551,20.54,3.61,2.76,0.2491809330441574,217.25,1.0286798857589874,0.5337205492646824,2.420704870783341,-1.802242317449465
2009-12-17,-1.1810614167124256,22.51,3.5,2.73,0.2491809330441574,217.25,2.7735225196058533,3.3674581836661277,4.940335247893302,0.6605348628430097
2009-12-18,0.5829880031232637,21.68,3.55,2.73,1.966582183422516,217.25,2.2957594552537097,3.0885239265436626,3.2263979341486726,-0.47075580688515917
2009-12-21,1.0503758317892853,20.49,3.69,2.8,1.966582183422516,217.25,1.090606508794667,2.072614766688541,0.21811691882078765,-4.572511219773856
2009-12-22,0.3563547892036833,19.54,3.76,2.81,1.966582183422516,217.25,0.7513304115595476,2.1171286257399835,-2.3487960239419348,-4.635881041444179
2009-12-23,0.22986585608189,19.71,3.77,2.81,1.966582183422516,217.25,-0.48991963178574016,2.1765333790565666,-2.124767957029483,-5.697889284524937
2009-12-24,0.5256172933982839,19.47,3.82,2.82,1.966582183422516,217.25,0.5779072756282977,1.8198281687588969,-3.0457653148136976,-4.967683572522397
2009-12-28,0.1154080721065264,19.93,3.85,2.76,1.966582183422516,217.25,0.7749729563684804,0.7483676946747009,-2.684923345889756,-5.289154166992205
2009-12-29,-0.1401051697984989,20.01,3.82,2.73,1.966582183422516,217.25,0.9714139540832889,1.7297197108553375,-3.70004649988126,-4.238144427113799
2009-12-30,0.0195429571106409,19.96,3.8,2.72,1.966582183422516,217.25,1.3556130808410005,1.9566339493562568,-4.665226716320436,-4.519631415770419
2009-12-31,-1.004959776792158,21.68,3.85,2.71,1.966582183422516,217.25,2.6795808032469948,1.8769665652570655,-2.3235615412934174,-1.8141853566196797
2010-01-04,1.604341766668682,20.04,3.85,2.76,1.966582183422516,217.25,1.2347849808877154,1.5216365884052507,-2.6187384002549385,-2.9550111437281146
2010-01-05,0.3115675625823266,19.35,3.77,2.76,1.966582183422516,217.25,-0.02640066368989613,0.13374331337139278,-3.4526439974686074,-2.619401244117825
2010-01-06,0.0545520630110152,19.16,3.85,2.84,1.966582183422516,217.25,0.7510103375564237,-1.8168417181304242,-6.5101947291655415,-2.4596769388835815
2010-01-07,0.400120187417663,19.06,3.85,2.82,1.966582183422516,217.25,0.5929823225832687,-4.373335511664833,-6.6130038692470805,-2.9500068643103394
2010-01-08,0.288172729142877,18.13,3.83,2.87,1.966582183422516,217.25,-0.7816687911181397,-4.209676325706768,-7.706684111476758,-4.400077358748855
2010-01-11,0.1746755431637492,17.55,3.85,2.9,1.966582183422516,217.25,0.2833528095818938,-4.778630617514135,-6.6661983852806195,-3.6391210784094463
2010-01-12,-0.9381166148364262,18.25,3.74,2.82,1.966582183422516,217.25,0.16018626729901175,-3.407788254167343,-5.992674620758165,-2.9290128808667215
2010-01-13,0.8325925658531075,17.85,3.8,2.83,1.966582183422516,217.25,-2.5487109728066115,-5.337443400187802,-5.866391999242204,-3.5952501174429163
2010-01-14,0.2426425438374568,17.63,3.76,2.82,1.966582183422516,217.25,-4.937042047647033,-6.49478156464628,-6.3519803609283,-2.851644908305362
2010-01-15,-1.0823130159869354,17.91,3.7,2.81,2.103163428142296,217.541,-3.455014303124826,-4.123138181445429,-3.6231466702656423,-1.5598153434458584
2010-01-19,1.2499626599363545,17.58,3.73,2.8,2.103163428142296,217.541,-5.047680682064703,-4.078317812631749,-4.409550399864859,-2.733361322527661
2010-01-20,-1.0597829662970737,18.68,3.68,2.76,2.103163428142296,217.541,-3.562268256914436,-3.5815971641210975,-2.749467328783639,-1.324212491837251
2010-01-21,-1.894490338978838,22.27,3.62,2.75,2.861128185729811,217.541,-2.861668075630064,-4.7802017099115695,-0.6547306401650577,1.990180844424616
2010-01-22,-2.2140988764300484,27.31,3.62,2.78,2.861128185729811,217.541,-1.6386398556838544,-2.3420960770365817,1.4884223505757799,4.2811597618792385
2010-01-25,0.4598098012701168,25.41,3.66,2.8,2.861128185729811,217.541,-0.6920337431281287,-3.650690019234648,-0.1987685454425181,3.981648161755502
2010-01-26,-0.4203199573680982,24.55,3.65,2.78,2.861128185729811,217.541,1.0208943566582862,-1.9822942896194795,1.1966951814434301,4.893005599494882
2010-01-27,0.4880152210944954,23.14,3.66,2.76,2.861128185729811,217.541,-0.02004288866743753,-2.67608155965261,0.49566664293851925,4.805466080580878
2010-01-28,-1.1817740959567224,23.73,3.68,2.81,2.861128185729811,217.541,-1.9750530982714953,-0.5587727799182263,1.84042492123897,6.035790542373376
2010-01-29,-0.9829173828039272,24.62,3.63,2.81,2.861128185729811,217.541,-0.715175370003629,0.15272003649371424,3.896185386551121,7.136805665202917
2010-02-01,1.4266108894671836,22.59,3.68,2.82,2.861128185729811,217.541,-2.9792738564936583,0.5214934048696884,2.6735572998317414,6.451585426920503
2010-02-02,1.297294837718499,21.48,3.67,2.81,2.861128185729811,217.541,-2.9728390996766274,-0.34531565719010393,1.4021402246437775,5.700070488162856
2010-02-03,-0.547431142933863,21.6,3.73,2.85,2.861128185729811,217.541,-2.6565711245780554,0.8630404682743675,2.341238400439294,6.247259125069338
2010-02-04,-3.1140677888039425,26.08,3.62,2.82,2.861128185729811,217.541,1.4448162055860303,4.332576989060843,7.1102676921349195,9.104423850415833
2010-02-05,0.2897118921960873,26.11,3.59,2.82,2.861128185729811,217.541,0.8741470911911131,3.922384439700899,6.782099116258489,9.343561903811093
2010-02-08,-0.886329049344714,26.51,3.62,2.83,2.861128185729811,217.541,3.6082674295647266,3.5827153038057613,7.921528636285813,11.112483183767141
2010-02-09,1.3040132316577413,26.0,3.67,2.83,2.861128185729811,217.541,2.708028780916094,3.243280841989993,7.01434484645993,9.079694858432962
2010-02-10,-0.2232573520188796,25.4,3.72,2.81,2.861128185729811,217.541,3.6156642862424038,3.2589606475155852,7.687265124676501,9.137462213379631
2010-02-11,0.9680437561949252,23.96,3.73,2.82,2.861128185729811,217.541,2.8466321804186956,2.412679095207948,6.631619004154654,8.170834377496504
2010-02-12,-0.2744592819371894,22.73,3.69,2.85,2.861128185729811,217.541,3.0218221778412158,3.737757046132484,6.973435795018235,9.084988521751946
2010-02-16,1.800074864554846,22.25,3.66,2.84,2.861128185729811,217.541,-0.02466224597023059,2.140899246586203,5.899327418630995,7.1606697382980755
2010-02-17,0.4237959455579698,21.72,3.74,2.87,2.711239302094648,217.224,0.5211394546531967,1.7535110299709222,6.066334146979968,6.359200309619406
2010-02-18,0.6584742448973557,20.63,3.79,2.89,2.711239302094648,217.224,-0.34425648012198495,1.4655496456403405,5.338148276908727,6.446801498616428
2010-02-19,0.2186622042297248,20.02,3.78,2.83,2.882878623102747,217.587,-0.4219419498826871,2.6623426577159437,4.5736882947454705,7.056618404742698
2010-02-22,-0.1045857833990249,19.94,3.8,2.89,2.8405734082627143,217.587,0.6949351634019774,2.7517793129706813,5.216563778187422,7.349205415377935
2010-02-23,-1.210280959693144,21.37,3.69,2.82,2.8405734082627143,217.587,2.1660957004060455,4.188742609956142,7.269328534086772,8.025760784336967
2010-02-24,0.972045942422195,20.27,3.7,2.83,2.551207970816405,217.587,1.2259824968196886,3.652599930683542,5.6530691090448615,7.346816247089993
2010-02-25,-0.2081040179913507,20.1,3.64,2.82,2.551207970816405,217.587,1.8160580231899592,4.288542562690889,5.692969916606949,8.28966748582558
2010-02-26,0.1405379177898513,19.5,3.61,2.8,2.551207970816405,217.587,3.097353641950229,4.119548425273201,5.622502343616542,8.328730096943215
2010-03-01,1.015850827289455,19.26,3.61,2.81,2.551207970816405,217.587,2.042649062965296,3.1190945717544327,5.154566310163733,7.312840321159042
2010-03-02,0.2330442271990751,19.06,3.62,2.82,2.551207970816405,217.587,1.9797633409436743,3.6796505609092645,4.914554824501005,8.257098745622216
2010-03-03,0.0429201602061501,18.83,3.63,2.81,2.551207970816405,217.587,2.397227840134919,4.238500542491064,4.526319763346476,8.301826226540454
2010-03-04,0.3736118033485169,18.72,3.61,2.75,2.551207970816405,217.587,2.4283836827956984,3.8166635323940934,4.9093035718750455,6.158671735129673
2010-03-05,1.4007480947064943,17.42,3.69,2.78,2.551207970816405,217.587,0.9914849869696374,1.8617787082865656,4.2803189887042015,5.165545875262478
2010-03-08,-0.0175596013391565,17.79,3.72,2.82,2.551207970816405,217.587,1.0548976517896325,2.398775458388225,4.474303153820847,6.031624413290526
2010-03-09,0.1712737085529214,17.92,3.71,2.82,2.551207970816405,217.587,1.6668868060444764,2.9567358689250645,3.682756964200218,5.742469467167766
2010-03-10,0.452455995494172,18.57,3.73,2.81,2.551207970816405,217.587,1.798166553132452,1.9299749159202406,3.5640363279617837,5.504496242182988
2010-03-11,0.4041519314613495,18.06,3.73,2.76,2.551207970816405,217.587,1.355366354210652,1.3466746388481,3.836591081642071,5.828352311837137
2010-03-12,-0.0217345947039371,17.58,3.71,2.74,2.551207970816405,217.587,0.8617496033741956,1.4434887022411802,4.042643034214599,5.396573806794747
2010-03-15,0.0452194832708086,18.0,3.71,2.75,2.551207970816405,217.587,1.3298492580035681,1.9739038117648766,4.066895434663098,2.885672518280713
2010-03-16,0.7779116301385613,17.69,3.66,2.73,2.551207970816405,217.587,1.2687012491503724,1.1910767994596005,4.414991910127863,2.7512829669658068
2010-03-17,0.5821675803744153,16.91,3.65,2.7,2.551207970816405,217.587,0.12948009502604663,0.27611604096136055,3.8981045035207718,3.478796247526539
2010-03-18,-0.0325846027337206,16.62,3.68,2.7,2.5530932159454123,217.591,-0.008575486109108077,1.0524707713613246,2.2559077926876947,1.7892819826105022
2010-03-19,-0.5086446449439896,16.97,3.7,2.68,2.5530932159454123,217.591,0.5767687960545942,2.374335409303896,3.2433825610264755,3.6520376291017786
2010-03-22,0.5095296193887933,16.87,3.67,2.66,2.152041951672956,217.591,0.6356020052111555,2.0269067536613505,3.5477464829436034,0.6681977852879051
2010-03-23,0.7170966908320198,16.35,3.69,2.67,2.152041951672956,217.591,-0.07665196525015183,0.7051710499053065,2.7057322425112718,-0.7068864404202069
2010-03-24,-0.5493304207041971,17.55,3.84,2.76,2.152041951672956,217.591,0.14644632709184258,1.603121567909227,3.5068401902495605,-3.388650299886231
2010-03-25,-0.1704167338318907,18.4,3.91,2.81,2.152041951672956,217.591,1.0611372551483589,2.456830923823472,4.422126023334849,-4.7052041643367515
2010-03-26,0.0737722599547963,17.77,3.86,2.82,2.152041951672956,217.591,1.7872582652702862,2.5621697017957468,3.896834735403032,-0.5880374041053238
2010-03-29,0.5683234964352302,17.59,3.88,2.84,2.152041951672956,217.591,1.38251743987996,2.052477687587295,0.8941196447660227,-1.4856490748430984
2010-03-30,0.0042659372815556,17.13,3.88,2.82,2.152041951672956,217.591,0.7824227575756737,3.1859677875129666,1.5418416493365728,-0.13636891417179164
2010-03-31,-0.327287474868454,17.59,3.84,2.82,2.152041951672956,217.591,1.4545451129236442,3.612015109440314,3.193861442795587,-1.0252953792866615
2010-04-01,0.7413801148249854,17.47,3.89,2.84,2.152041951672956,217.591,1.3810389498699172,1.1909031141348558,0.7291372547597375,-3.6007064556556334
2010-04-05,0.7927990844467381,17.02,4.01,2.83,2.152041951672956,217.591,0.7613049508671477,0.8488916174625327,1.2480688784835436,-4.2528466694656375
2010-04-06,0.1684295710679517,16.23,3.98,2.84,2.152041951672956,217.591,0.6608242373786322,1.4906261276294464,-1.3317163203369287,-5.770774142406387
2010-04-07,-0.5876707172041695,16.62,3.89,2.83,2.152041951672956,217.591,2.384885145814386,1.9865525987882382,-1.4021697948615741,-5.700021576131242
2010-04-08,0.3374341747336196,16.48,3.91,2.82,2.152041951672956,217.591,2.126538534193134,1.8736812343584708,-4.913010339410739,-9.680218237579696
2010-04-09,0.668390656297202,16.14,3.9,2.82,2.152041951672956,217.591,-0.18754575579865707,1.9181689320183937,-6.990295350326814,-8.93191005693934
2010-04-12,0.1766609476283376,15.58,3.87,2.8,2.152041951672956,217.591,0.086924903005281,1.301322931728044,-3.0715098121075535,-10.265943271910505
2010-04-13,0.0685400819705916,16.2,3.84,2.77,2.152041951672956,217.591,0.8243543568588363,-1.1350611656557263,-3.4669680174367223,-10.295666458203423
2010-04-14,1.1150066851666862,15.59,3.88,2.81,2.216828554930128,217.729,-0.3890540546672261,-1.593362133853382,-3.2197563030336718,-11.787062351999955
2010-04-15,0.0842538727691799,15.89,3.86,2.82,2.216828554930128,217.729,-0.24759215720407957,-0.40357642518875636,-4.475649357681933,-8.963660189032863
2010-04-16,-1.6126534744455467,18.36,3.79,2.81,2.216828554930128,217.729,2.1096712867767042,-0.45633139458625127,-4.735217714566664,-8.616507451569678
2010-04-19,0.4521331252766547,17.34,3.83,2.82,2.3576257322038163,217.729,1.2133433312089936,0.39581720197297,-5.058794603593631,-10.589389448653087
2010-04-20,0.8058340784849571,15.73,3.82,2.77,2.3576257322038163,217.729,-1.9433950606610018,-2.7808897783497155,-7.154749701617047,-9.011989620530104
2010-04-21,-0.1018996905392199,16.32,3.77,2.74,2.3576257322038163,217.729,-1.2090117885709906,-3.322714914172009,-7.536850672027528,-8.550175826445084
2010-04-22,0.2263879356942943,16.47,3.8,2.73,2.3576257322038163,217.729,-0.15637143138490517,-6.66186937738763,-11.341397829100385,-11.896550244030601
2010-04-23,0.7123520099379554,16.62,3.84,2.74,2.3576257322038163,217.729,-2.5129869179152386,-8.740800954035311,-10.645873157508278,-13.703507375382085
2010-04-26,-0.4296448099761374,17.47,3.83,2.74,2.3576257322038163,217.729,-0.807725644000068,-4.316659069479933,-11.418672401183038,-12.379855846151067
2010-04-27,-2.338194525714987,22.81,3.71,2.68,2.3576257322038163,217.729,-0.8540931212199676,-2.3586793045897614,-9.265777535044052,-10.815150987650624
2010-04-28,0.6462752419523099,21.08,3.8,2.77,2.3576257322038163,217.729,-2.1395707886607496,-1.6527281131101468,-10.358752660579773,-8.773168548245913
2010-04-29,1.2943228020842137,18.44,3.76,2.75,2.3576257322038163,217.729,-6.515686618432515,-4.0885734510682,-8.594770230292692,-9.544411650402207
2010-04-30,-1.6647680109796337,22.05,3.69,2.72,2.3576257322038163,217.729,-6.3883524986822815,-4.298501732884407,-8.197584207319075,-8.17904771388054
2010-05-03,1.3120586781854904,20.19,3.72,2.72,2.3576257322038163,217.729,-3.537506774858634,-5.433106634904106,-10.94189674110262,-7.238869178875995
2010-05-04,-2.383846584506677,23.84,3.63,2.67,2.3576257322038163,217.729,-1.5175474517665655,-4.498971357889747,-6.409336423645573,-5.026413723715672
2010-05-05,-0.6586554728659322,24.91,3.58,2.7,2.3576257322038163,217.729,0.4974867568782404,-4.358971969593773,-5.407124235679806,-4.27405767910507
2010-05-06,-3.2353496411350324,32.8,3.41,2.66,2.3576257322038163,217.729,2.5962785408261357,-5.013522791272928,-5.608298378942267,-0.9431382722315362
2010-05-07,-1.5308264998017185,40.95,3.45,2.62,2.3576257322038163,217.729,2.2324687382181185,-2.087539912018588,-5.438034163380301,0.2088386035273615
2010-05-10,4.397412445198401,28.84,3.57,2.7,2.3576257322038163,217.729,-1.9651159706407295,-7.422413622513668,-8.426959905722974,-5.554734546826401
2010-05-11,-0.3397292018489928,28.32,3.56,2.71,2.3576257322038163,217.729,-3.027365615882671,-7.073950025728159,-8.660751025112246,-5.515707684391402
2010-05-12,1.3739523915341278,25.52,3.56,2.67,2.3576257322038163,217.729,-4.832418086454904,-8.85232948554232,-7.2400995965857255,-8.362431304391704
2010-05-13,-1.2145144968583543,26.68,3.55,2.68,2.3576257322038163,217.729,-7.417229396942404,-4.6982898090099035,-5.688413149136662,-6.970550155941735
2010-05-14,-1.880001451209212,31.24,3.44,2.65,2.3576257322038163,217.729,-4.225671847266788,-4.074212572463409,-4.054843499069383,-5.380926364092852
2010-05-17,0.1109368515538999,30.84,3.47,2.66,2.3576257322038163,217.729,-5.566689557401416,-5.825283997572662,-1.9095081584211138,-8.417326868955543
2010-05-18,-1.4195906037184347,33.55,3.38,2.62,2.3576257322038163,217.729,-4.1729137663895965,-2.00036072167864,-0.5522897222421719,-8.038016056906915
2010-05-19,-0.5130263873571406,35.32,3.36,2.56,2.3077899666621216,217.579,-4.224034401482745,-1.0959232535150076,0.08878437657708904,-7.863328987168449
2010-05-20,-3.8975903416611057,45.79,3.25,2.49,2.3077899666621216,217.579,2.9367662797538996,-0.6261686980582937,4.285225264325776,-4.573572942422189
2010-05-21,1.5024380686144978,40.1,3.2,2.44,2.3077899666621216,217.579,0.1581418295744541,-3.42192837188553,2.3453383905199354,-5.482250091915574
2010-05-24,-1.2908014000787449,38.32,3.23,2.46,2.3077899666621216,217.579,-0.27383816045336573,-1.0850858426069143,2.0174203592560724,-1.2462166049048262
2010-05-25,0.0353937385713543,34.61,3.18,2.37,2.3077899666621216,217.579,2.267159662367968,-1.707595448018473,1.6768627761195365,-0.35194819453508996
2010-05-26,-0.5660994533812413,35.02,3.21,2.39,2.3077899666621216,217.579,3.266071115461733,1.768810853702374,0.5374774565115148,0.9373107564301542
2010-05-27,3.2876173067238,29.68,3.34,2.47,2.3077899666621216,217.579,-3.461285123460278,-1.0389355428590874,-2.3842807672371125,-2.203874431347097
2010-05-28,-1.237468831159061,32.07,3.31,2.55,2.3077899666621216,217.579,-3.5744175521463917,0.02019172728571217,-1.362213255342326,0.5443250433332159
2010-06-01,-1.716532127985071,35.54,3.29,2.51,2.3077899666621216,217.579,-0.813475287917742,4.157990600205896,-2.7523766265630245,2.284473284099686
2010-06-02,2.5842707133391096,30.17,3.35,2.53,2.3077899666621216,217.579,-3.8866388032179455,1.477628907718631,-6.160895468279437,-0.17298425004244056
2010-06-03,0.4051376711240895,29.46,3.39,2.57,2.3077899666621216,217.579,-1.4499053228095526,1.1978349822007628,-6.842393110852196,-3.4411425771964876
2010-06-04,-3.4411425771964765,35.48,3.2,2.48,2.3077899666621216,217.579,2.5092001521866747,4.94234135691225,-3.972277402055624,0.5981890060832384
2010-06-07,-1.353207320412908,36.57,3.17,2.43,2.3077899666621216,217.579,3.7278585082709093,5.971611013950473,-2.133322487493361,3.1424039416881655
2010-06-08,1.0976067492112662,33.7,3.18,2.44,2.3077899666621216,217.579,5.01223921551317,3.1365403572269246,-0.1628983492231839,0.71468604711038
2010-06-09,-0.5941674758709992,33.73,3.2,2.46,2.3077899666621216,217.579,5.581188342746435,3.443255091341424,1.3791983822783127,3.597656949205219
2010-06-10,2.950679284920388,30.57,3.33,2.54,2.3077899666621216,217.579,2.686694836451653,-1.2099319888496551,-0.817048062463388,1.4556023754090042
2010-06-11,0.4379678623643857,28.79,3.24,2.49,2.3077899666621216,217.579,2.373583250199296,-1.3594692334384817,-1.17716891474281,2.1445616254362143
2010-06-14,-0.1804663564661246,28.58,3.28,2.51,2.3077899666621216,217.579,2.1631146520783906,-1.3821259075340486,0.5240275058426391,2.2218515302452557
2010-06-15,2.3494191121040897,25.87,3.32,2.53,2.3077899666621216,217.579,-1.7861716617972756,-6.634505127209356,-1.7987264398152458,-0.8159730051475966
2010-06-16,-0.0555934765066989,25.92,3.27,2.52,2.3077899666621216,217.579,-2.0249187236505373,-7.527298832478991,-1.6265783656239208,-1.1735007066675407
2010-06-17,0.1283008164049803,25.05,3.21,2.49,2.1408654682584904,217.224,-3.794675475247722,-7.945059392295395,-4.584067989412189,-1.2938660774834188
2010-06-18,0.1317130794303622,23.95,3.24,2.5,2.1408654682584904,217.224,-3.6464997757421735,-8.494777840575306,-4.1395611100903835,0.7471947018790948
2010-06-21,-0.3856841152281021,24.88,3.26,2.52,2.04250361712921,217.224,-3.470176659830637,-7.648212029518808,-2.6697782974063555,0.6521748189067367
2010-06-22,-1.6070691127224812,27.05,3.18,2.47,2.04250361712921,217.224,-4.936507971888315,-3.199097715535193,-2.3482020065130227,2.9151500426846777
2010-06-23,-0.2985473844226649,26.91,3.13,2.47,2.04250361712921,217.224,-5.616101601700507,-1.995351661392042,0.1492623735858345,3.0923792464826683
2010-06-24,-1.680350261882635,29.74,3.14,2.47,2.04250361712921,217.224,-4.314089617752748,0.39769577478365736,2.6981805134072445,4.4659143569311555
2010-06-25,0.2859362131449217,28.53,3.12,2.47,2.04250361712921,217.224,-5.031761226679887,0.1848127917388087,3.5523236053617513,4.7392203308128655
2010-06-28,-0.203393834902843,29.0,3.05,2.43,2.04250361712921,217.224,-4.328232690289779,1.9328680839230117,3.6544870500860194,4.32639238285395
2010-06-29,-3.101701864061035,34.13,2.97,2.36,2.04250361712921,217.224,1.8276314274667582,5.179406689787092,6.231994089454029,4.631975425559154
2010-06-30,-1.01129704925228,34.54,2.97,2.36,2.04250361712921,217.224,3.836194522320868,6.381040450159969,6.870998733238132,5.132387036014108
2010-07-01,-0.3240451675925015,32.86,2.96,2.33,2.04250361712921,217.224,4.92422068590217,3.65107117629484,7.225243176415996,5.0497878202968804
2010-07-02,-0.4662369010297373,30.12,3.0,2.37,2.04250361712921,217.224,5.492967002231319,4.759528065946972,10.099940008180774,5.554576350378526
2010-07-06,0.535903441522545,29.65,2.95,2.33,2.04250361712921,217.224,6.544355717757644,5.390728042757287,8.987792257014737,6.2720052130952775
2010-07-07,3.133081639370272,26.84,3.0,2.37,2.04250361712921,217.224,3.29161664209765,0.8790162993746575,6.3163127759410465,3.196356967956171
2010-07-08,0.941267817151159,25.71,3.04,2.41,2.04250361712921,217.224,2.4508274205793157,2.188277873890465,5.191315916257877,0.5026867444814176
2010-07-09,0.7203887818266752,24.98,3.07,2.44,2.04250361712921,217.224,-1.2133990619940915,2.2913720488009215,4.0521035375885806,-0.5816560687279648
2010-07-12,0.0732902047505534,24.43,3.08,2.43,2.04250361712921,217.224,-0.6952491309385911,3.3612987036500286,4.546005938586317,-1.0558530380938347
2010-07-13,1.5378879091830775,24.56,3.15,2.48,2.04250361712921,217.224,-1.0827675170859363,1.6889733395371254,2.3481378910679362,-3.9686281939479873
2010-07-14,-0.0155131630637406,24.89,3.07,2.45,2.04250361712921,217.224,-2.335717477520527,1.0007542662523239,-0.5204738089487404,-3.6377992724401564
2010-07-15,0.1196103318091612,25.14,3.0,2.39,2.04250361712921,217.224,-0.2562688396952173,0.46056917755723514,-1.1737555948523326,-4.492558974452621
2010-07-16,-2.8819473359129044,26.25,2.96,2.35,1.903925289840092,216.929,3.5478203293931143,3.4482730950672558,1.34944736038769,-0.027236783597228698
2010-07-19,0.5981890060832162,25.97,2.99,2.38,1.1517352967233885,216.929,4.084948402858779,5.097781596411877,0.7589269435530843,-2.0844766445449636
2010-07-20,1.1416551196032687,23.93,2.98,2.37,1.1517352967233885,216.929,2.8020808781743956,3.4130746423899128,0.8361999074344206,-3.1518832862318047
2010-07-21,-1.2819816608358736,25.64,2.9,2.32,1.1517352967233885,216.929,3.41626606738743,5.389918216916767,2.297148360075685,1.000390204107937
2010-07-22,2.2513373250030444,24.63,2.96,2.36,1.1517352967233885,216.929,0.7186797695590386,2.938730454067784,-1.6494955825453572,-0.32643011291558777
2010-07-23,0.8220020548377116,23.47,3.02,2.42,1.1517352967233885,216.929,-0.09613648458189905,1.7212903234377297,-2.8086710149495153,0.16777388574837904
2010-07-26,1.1200166146517754,22.73,3.03,2.41,1.1517352967233885,216.929,0.9730832450749238,1.1461806786435602,-4.2735064256578585,-2.0780121920324746
2010-07-27,-0.1049357346629031,23.19,3.08,2.43,1.1517352967233885,216.929,0.5943398800843047,0.6482163501935423,-5.5636332511633135,-1.3439965491003014
2010-07-28,-0.6921964711350426,24.25,3.03,2.42,1.1517352967233885,216.929,1.9084542737631605,-1.506155163149403,-4.592592968627285,-0.1762858943584633
2010-07-29,-0.4158621107493432,24.13,3.03,2.44,1.1517352967233885,216.929,2.2042094769194165,-1.6268320852542817,-4.930420156445203,0.7280799722154674
2010-07-30,0.0063499212188622,23.5,2.94,2.39,1.1517352967233885,216.929,1.8191756995855846,-2.0288649311243523,-3.3596596392387768,1.8427786200092333
2010-08-02,2.2022522061804883,22.01,2.99,2.43,1.1517352967233885,216.929,0.17142928392954726,-4.128397942328155,-6.833881868732073,-0.4227887861330104
2010-08-03,-0.4796355216742376,22.63,2.94,2.41,1.1517352967233885,216.929,0.05355815264902475,-2.4918268254439657,-6.34828618269383,0.4114368663120649
2010-08-04,0.6051112519185553,22.21,2.98,2.42,1.1517352967233885,216.929,-3.350663555095934,-2.934597454070953,-4.165035979792853,-0.2288737160710319
2010-08-05,-0.1268524584838171,22.1,2.94,2.41,1.1517352967233885,216.929,-3.7484185649308888,-4.457239773964838,-3.171945634632012,-0.019549725262968387
2010-08-06,-0.3704038628435491,21.74,2.86,2.36,1.1517352967233885,216.929,-3.7792887285430843,-4.453306995992257,-1.5272284029721916,1.8784945271113962
2010-08-09,0.5483064382283187,22.14,2.86,2.32,1.1517352967233885,216.929,-4.292468677940198,-5.358271630167188,-3.1876565670035273,1.0631402849010874
2010-08-10,-0.5967405488298549,22.37,2.79,2.27,1.1517352967233885,216.929,-2.544022446667593,-6.171842707816566,-1.9793822201102707,1.17923840045715
2010-08-11,-2.8178764954173263,25.39,2.72,2.18,1.1517352967233885,216.929,0.43049038547944285,-3.1336352140485357,1.350205458009901,3.2456135829739052
2010-08-12,-0.5378748849571791,25.73,2.74,2.19,1.1517352967233885,216.929,-0.7364255199402647,-3.358220682751545,2.393856076192069,6.004010619433542
2010-08-13,-0.4023574358396065,26.24,2.68,2.14,1.4632167453918932,217.597,-0.7004918780403102,-1.3583538734943224,3.951820654534366,5.829051116950401
2010-08-16,0.012045854325926,26.1,2.58,2.07,1.4632167453918932,217.597,-1.113604057595552,-2.8219867701558154,3.8651791319456397,6.329554557245998
2010-08-17,1.2192216013040102,24.33,2.64,2.12,1.4632167453918932,217.597,-3.7225220578836815,-3.955011392066743,2.9774567579670563,4.776936271464582
2010-08-18,0.1482778716812571,24.59,2.64,2.13,1.45848584177668,217.597,-3.548848149449324,-1.2676386162821185,2.7875264172727787,4.299180697771865
2010-08-19,-1.6935392189468268,26.44,2.58,2.09,1.45848584177668,217.597,-2.641245972194939,1.3452553979935944,4.644716185928854,6.564523584413662
2010-08-20,-0.3663028605260798,25.49,2.62,2.13,1.45848584177668,217.597,-0.6625027735746913,3.062459307615528,6.626918550533278,6.096920887853696
2010-08-23,-0.4040306703826823,25.66,2.6,2.11,1.45848584177668,217.597,-1.7276215765364533,2.2935074206184236,6.784968983211281,8.74962673607036
2010-08-24,-1.4512432962598854,27.46,2.5,2.0,1.45848584177668,217.597,-0.24147842169571776,4.468232787148185,7.834621632163463,10.276933089425588
2010-08-25,0.3289342745359525,26.7,2.54,2.01,1.45848584177668,217.597,2.3651449354403775,4.62889330260976,6.585618043083241,9.734405997827933
2010-08-26,-0.7684786454732473,27.37,2.5,1.99,1.45848584177668,217.597,4.094651179543685,5.951956596392072,9.687560978623399,11.261249499640114
2010-08-27,1.658676839931239,24.45,2.66,2.1,1.45848584177668,217.597,3.74980464094008,5.38329877546706,7.286379812870414,9.863843011590001
2010-08-30,-1.471920868888299,27.21,2.54,2.04,1.45848584177668,217.597,4.091820165201998,6.8813568829454,9.417296179699331,12.299140147252885
2010-08-31,0.0390794428747121,26.05,2.47,2.0,1.45848584177668,217.597,4.721111674802692,7.217938437509663,9.091518245867181,11.846506616496043
2010-09-01,2.950462133399623,23.89,2.58,2.08,1.45848584177668,217.597,2.2114444995873006,4.107229865388007,5.638292486917074,8.86136055984732
2010-09-02,0.9080835857702364,23.19,2.63,2.13,1.45848584177668,217.597,1.7842467367942705,3.255663794992647,5.149987698904557,8.663172023133558
2010-09-03,1.3219002387319545,21.31,2.72,2.2,1.45848584177668,217.597,1.5744551425231235,3.4585427777138023,2.9442937812895753,5.542730047504496
2010-09-07,-1.1471189788493708,23.8,2.61,2.12,1.45848584177668,217.597,2.679880814185198,4.390759175090708,6.311367630503795,7.891109063775703
2010-09-08,0.6438699367075529,23.25,2.66,2.14,1.45848584177668,217.597,2.38426304187882,3.2224043187120577,5.560255158247429,7.391039398599819
2010-09-09,0.4832290095593716,22.81,2.77,2.2,1.45848584177668,217.597,1.85476819653827,1.8701571609041068,4.879639394112556,7.1299414001324335
2010-09-10,0.4863332840635781,21.99,2.81,2.23,1.45848584177668,217.597,1.4456235668799833,3.525753088696204,5.011038091040687,6.840346177226553
2010-09-13,1.1130616053760978,21.21,2.74,2.21,1.45848584177668,217.597,1.8548833292258982,1.8058658815170547,4.251664436571967,5.666022282937377
2010-09-14,-0.0713119538920503,21.56,2.68,2.18,1.45848584177668,217.597,1.6662255033209172,2.37266757338348,5.068969390275324,5.456922417317855
2010-09-15,0.354113887216001,22.1,2.74,2.24,1.45848584177668,217.597,0.8186231476710493,1.747449946959656,4.316971811283343,5.2030071158736035
2010-09-16,-0.036434366656679,21.72,2.77,2.29,1.45848584177668,217.597,0.01510873240233579,1.4706592649797123,4.566571121531515,5.195119946775484
2010-09-17,0.0826855771845158,22.01,2.75,2.27,1.7163319640600694,218.15,2.050487195679618,1.834595637942904,5.237008827793854,5.207699047860492
2010-09-20,1.5209797205957498,21.5,2.72,2.25,1.263531203000534,218.15,-0.048124789020043135,-0.4970580317655404,2.014514426584091,4.43559135015501
2010-09-21,-0.2564020390809607,22.35,2.61,2.18,1.263531203000534,218.15,0.6948640677522322,1.8398261211912015,3.3531223609688077,5.089161842636236
2010-09-22,-0.4825492514895946,22.51,2.56,2.12,1.263531203000534,218.15,0.9212849474527829,2.2648676466757944,4.038498335125618,7.634973499035302
2010-09-23,-0.8331340584428193,23.87,2.56,2.11,1.263531203000534,218.15,1.4553306505638242,2.954233425256203,5.163223838872133,8.965023636543501
2010-09-24,2.119439277225821,21.71,2.62,2.17,1.263531203000534,218.15,-0.21155367668430625,1.4347009879483341,3.201708743611409,6.47719399177713
2010-09-27,-0.5667432349210744,22.54,2.54,2.1,1.263531203000534,218.15,-0.4491493949442149,2.402414177097967,3.7916836795168773,6.221812653688108
2010-09-28,0.4850385958537151,22.6,2.48,2.11,1.263531203000534,218.15,1.1370610249481938,2.633810255026403,3.0127717847378888,6.171674288135054
2010-09-29,-0.2587758847678367,23.25,2.52,2.08,1.263531203000534,218.15,1.3313174717529686,2.525391904822305,3.396210097368768,5.1901536477912735
2010-09-30,-0.3083722237648967,23.7,2.53,2.11,1.263531203000534,218.15,1.4774016949931745,3.0510414330384483,3.6704804214090503,5.387075875973779
2010-10-01,0.4416438203773465,22.5,2.54,2.12,1.263531203000534,218.15,1.6497447603290194,3.3411171994512934,3.312335448269632,3.2233551505556957
2010-10-04,-0.8034932488803492,23.53,2.5,2.09,1.263531203000534,218.15,2.864429138184943,2.524118793544239,4.957289989973601,4.081543490073658
2010-10-05,2.086134059079603,21.76,2.5,2.09,1.263531203000534,218.15,1.479921618158353,1.4859572108624208,3.190633610841309,3.520382426497304
2010-10-06,-0.0672004563321171,21.49,2.41,2.03,1.263531203000534,218.15,1.1783863694481367,1.7343499573848842,5.251173717755364,3.8531526247209458
2010-10-07,-0.1646518580319167,21.56,2.41,2.05,1.263531203000534,218.15,1.5507292379983495,2.145604255525524,5.838312822416469,3.860554159592078
2010-10-08,0.612227817348443,20.71,2.41,2.06,1.263531203000534,218.15,1.6639219735476551,1.7420150485512487,4.971171556396481,1.7540400596413042
2010-10-12,0.3818756605307172,18.93,2.44,2.07,1.263531203000534,218.15,-0.3308338436249336,1.3566765135207604,3.7297933913792214,2.8796399870359757
2010-10-13,0.7121020299379444,19.07,2.46,2.09,1.263531203000534,218.15,0.005947573281317453,0.36923653985936333,3.447074628056468,1.3892818758795444
2010-10-14,-0.3641386199039531,19.88,2.52,2.14,1.263531203000534,218.15,0.5494884904634567,0.8493683139050079,2.5991236838604825,1.6195162800502372
2010-10-15,0.2027485447987365,19.03,2.59,2.22,1.3665818742224944,218.372,0.5857909854423582,0.6010992026442841,2.2668712615129483,0.7982966906939781
2010-10-18,0.7243744595420987,19.09,2.52,2.14,1.3665818742224944,218.372,0.0768149344306579,-0.02785120962655041,-0.11395468917592133,2.2366726050800256
2010-10-19,-1.5877250249970554,20.63,2.5,2.13,1.1960647107618128,218.372,1.693111743804554,2.373267115154709,1.5190812804405596,5.217768627766062
2010-10-20,1.052407519882892,19.79,2.51,2.16,1.1960647107618128,218.372,0.363267360985553,1.6797165310634687,2.0046371651280204,4.39303521774832
2010-10-21,0.1773908470218632,19.27,2.57,2.2,1.1960647107618128,218.372,0.2982410233444144,3.456869544891772,2.0826816785319613,4.072892358171543
2010-10-22,0.238925852416405,18.78,2.59,2.24,1.1960647107618128,218.372,0.015219065289362455,3.6151419278438457,1.6789267796355478,3.8783061152633413
2010-10-25,0.2146971596890701,19.85,2.59,2.22,1.1960647107618128,218.372,-0.10458580653850413,3.173867262511254,0.011819120236933323,4.039468931135204
2010-10-26,0.0016885284772838,20.22,2.67,2.27,1.1960647107618128,218.372,0.6688313098960563,2.3413523010908266,1.5025783459978737,4.437502941844285
2010-10-27,-0.2690583513671685,20.71,2.75,2.35,1.1960647107618128,218.372,1.3116842493209768,3.0665153928662203,1.0162928116077552,5.347746340818804
2010-10-28,0.1124849405830463,20.88,2.69,2.32,1.1960647107618128,218.372,3.1492362072553126,1.7350186711226234,0.7636616659293827,5.23446385326829
2010-10-29,-0.0439287298636736,21.2,2.63,2.29,1.1960647107618128,218.372,3.599375071312383,1.655818944396703,0.1960192180927134,5.376618466799732
2010-11-01,0.0946533397515381,21.83,2.66,2.32,1.1960647107618128,218.372,3.2818854554229837,-0.08612746709077967,2.2651546876869766,4.7376940418591085
2010-11-02,0.7759284493458862,21.57,2.63,2.29,1.1960647107618128,218.372,1.6614089678324673,-0.8343836811941396,2.778558888241567,4.574086530733146
2010-11-03,0.3678053944041082,19.56,2.67,2.33,1.1960647107618128,218.372,1.732111312281348,0.3195530486803211,2.6684955262004983,4.278054276142629
2010-11-04,1.928286287479275,18.52,2.53,2.2,1.1960647107618128,218.372,-1.371040240463972,-1.3282712616425218,0.595439255014818,2.566024974047121
2010-11-05,0.392275298702649,18.26,2.58,2.2,1.1960647107618128,218.372,-1.8760307439864898,-1.8686604218103975,0.2539823644721606,2.781322841152045
2010-11-08,-0.2120957407283685,18.29,2.6,2.19,1.1960647107618128,218.372,-3.260990935305319,-3.0647762133689693,0.8389737552645604,3.347874464831202
2010-11-09,-0.8052299681943542,19.08,2.72,2.26,1.1960647107618128,218.372,-2.4550049761914328,-0.8195845923798739,2.048195175872336,4.0155006036576735
2010-11-10,0.4376080778473401,18.47,2.65,2.21,1.1960647107618128,218.372,-1.388507763556568,-1.9892227591507217,2.2133579846539186,3.6257559358314317
2010-11-12,-1.1808492232419865,20.61,2.76,2.25,1.1960647107618128,218.372,0.043363509993121774,-0.9547911996097946,3.4397646236820734,4.944926306463127
2010-11-15,-0.1217435632671626,20.2,2.92,2.39,1.1960647107618128,218.372,0.007511235258794713,-1.4360218052076879,3.660193347552676,5.1788795071487925
2010-11-16,-1.6205413633636034,22.58,2.85,2.34,1.1960647107618128,218.372,0.20282895579915028,2.353309000212489,4.82797972559923,6.750177484400921
2010-11-17,0.0212162879348554,21.76,2.89,2.39,1.4310142684356597,218.879,1.676580518982429,3.6433420207065526,5.45397730856596,6.707171376018395
2010-11-18,1.5357313493959523,18.75,2.9,2.38,1.4310142684356597,218.879,-0.6091734157655848,2.3414602698442755,3.9458920092491745,6.282333552715635
2010-11-19,0.2540373205550228,18.04,2.88,2.36,1.4310142684356597,218.879,-0.9977220622967242,1.949606580582297,3.9467193749244345,5.873819263530522
2010-11-22,-0.1575366690177326,18.37,2.8,2.31,1.1525752709291348,218.879,-1.4434246214473756,2.1630630901469328,4.738530303315991,6.571837225311472
2010-11-23,-1.4284032792181156,20.63,2.77,2.32,1.1525752709291348,218.879,2.146127077272375,4.027173834380626,6.615397816912627,7.886646113637186
2010-11-24,1.4922967493543604,19.56,2.93,2.4,1.1525752709291348,218.879,1.9343308869016917,2.891477875411197,4.875040275003828,6.104228806638545
2010-11-26,-0.7468562068020934,22.22,2.87,2.36,1.1525752709291348,218.879,2.968718328455755,4.287876152106551,5.728940074808375,6.755504787005595
2010-11-29,-0.1378858764733426,21.53,2.84,2.32,1.1525752709291348,218.879,2.9770311393578774,4.436919136743311,5.9565905080404935,7.3011357504986885
2010-11-30,-0.6070216944686235,23.54,2.81,2.36,1.1525752709291348,218.879,3.659307050536098,5.170464145317588,6.711276709310043,8.928881262934208
2010-12-01,2.161695515261708,21.36,2.97,2.44,1.1525752709291348,218.879,1.8415252843460905,2.4177730544906906,4.295775610126373,6.441588542655041
2010-12-02,1.2818562518186694,19.39,3.01,2.46,1.1525752709291348,218.879,0.9389839322842652,1.7469865912830507,2.9561275192184766,5.870503321050302
2010-12-03,0.2603236567549238,18.01,3.03,2.54,1.1525752709291348,218.879,1.2811248358388205,1.5677241024062427,3.85071042809082,5.7409558863984245
2010-12-06,-0.1298238661417761,18.02,2.95,2.53,1.1525752709291348,218.879,1.4176831291725422,1.9589215312602715,3.849169030237043,4.807381864646154
2010-12-07,0.0515080192726502,17.99,3.15,2.61,1.1525752709291348,218.879,1.4578113029877215,2.520937739402429,4.315428689989731,4.61777403600605
2010-12-08,0.3701760406026544,17.74,3.26,2.63,1.1525752709291348,218.879,0.5658279061862892,2.4880268175435205,3.7100616473548786,4.483500909852567
2010-12-09,0.3842748062774292,17.25,3.23,2.59,1.1525752709291348,218.879,0.8004862219941344,1.9278199133211826,3.1224655312246608,4.6909947948347686
2010-12-10,0.6001641860553519,17.61,3.32,2.68,1.1525752709291348,218.879,0.28297401616734774,1.3818134723541764,2.3661701877023322,4.093842977862194
2010-12-13,0.0048320317847405,17.55,3.29,2.68,1.1525752709291348,218.879,0.5336726154534288,1.455109346252792,2.7425326574457953,4.528162594047891
2010-12-14,0.091095635360805,17.61,3.49,2.83,1.1525752709291348,218.879,1.0478507497464706,1.4650620556960314,3.573643178396102,4.667408310109966
2010-12-15,-0.5122452280258649,17.94,3.53,2.85,1.2759664486909903,219.146,1.9113837686001833,1.833668610072725,3.9288254061368377,3.328123993231036
2010-12-16,0.6185094896691501,17.39,3.47,2.81,1.2759664486909903,219.146,1.1183812038806362,1.1883800871592909,4.052716319090011,3.479849072703911
2010-12-17,0.0836804385483613,16.11,3.33,2.72,1.2759664486909903,219.146,1.0957388000974566,2.247747841019554,4.108816871572807,5.1193357952626695
2010-12-20,0.2548353006164516,16.41,3.36,2.74,0.8727272727272695,219.146,0.9165453791028844,1.8539304560976966,2.7937332904336643,4.5666737698485615
2010-12-21,0.6030102155631267,16.49,3.35,2.72,0.8727272727272695,219.146,0.41288488854929195,1.75036533039592,2.045276158060072,4.184600750966849
2010-12-22,0.3379555489306352,15.45,3.36,2.71,0.8727272727272695,219.146,-0.07625758345497502,1.1923683846376543,1.9470314282286738,4.1331726597169105
2010-12-23,-0.1644328385867255,16.47,3.41,2.74,0.8727272727272695,219.146,0.06922468738648213,1.1720505931740899,2.710913354041522,4.955562937450164
2010-12-27,0.0612697247136084,17.67,3.36,2.65,0.8727272727272695,219.146,1.1395228469520902,0.970940133771192,2.6750650956224087,5.330240401453401
2010-12-28,0.0771323912555521,17.52,3.5,2.75,0.8727272727272695,219.146,0.928871547746124,1.2689585763484557,3.0289783014349148,4.955860075264917
2010-12-29,0.1009145355535645,17.28,3.35,2.71,0.8727272727272695,219.146,1.3319808940169153,2.07813515310582,3.1561073235790715,4.928635505911894
2010-12-30,-0.1508219188966597,17.52,3.38,2.72,0.8727272727272695,219.146,1.269594129895757,2.0574303417139506,1.4675454626707163,5.665883808836725
2010-12-31,-0.0190789450061568,17.75,3.3,2.69,0.8727272727272695,219.146,1.1020630061167935,2.8306967948923623,2.2645574359138942,5.938100789636636
2011-01-03,1.13148280135853,17.61,3.36,2.75,0.8727272727272695,219.146,-0.1666833186824479,1.8201565020746546,2.8084608364264296,4.41397429485435
2011-01-04,-0.131306183157398,17.38,3.36,2.73,0.8727272727272695,219.146,0.3369571296964802,0.922696679575874,2.663366353760943,5.205479267747193
2011-01-05,0.5007170261664085,17.02,3.5,2.79,0.8727272727272695,219.146,0.7363462674921051,0.2898376106135414,2.3923603740062527,5.003289479975326
2011-01-06,-0.2122957701494954,17.4,3.44,2.76,0.8727272727272695,219.146,0.7779592863852658,0.7457707094298938,2.9061522346241153,5.429213447829695
2011-01-07,-0.1844782063018524,17.14,3.34,2.74,0.8727272727272695,219.146,1.7097908167027054,1.5210354557855021,3.7396813864038814,3.4557563040700012
2011-01-10,-0.1376327172630698,17.54,3.32,2.73,0.8727272727272695,219.146,1.990157080626087,1.687738035907671,4.317381082028926,2.9651525429464476
2011-01-11,0.3725127362669722,16.89,3.37,2.77,0.8727272727272695,219.146,0.5837724868636984,1.7379656607800165,3.6407024923998277,2.481011518561349
2011-01-12,0.900758006769764,16.24,3.4,2.79,0.8727272727272695,219.146,-0.44324484004305553,1.0560265122951273,2.7924690713937883,2.6377216224199973
2011-01-13,-0.1710746243041017,16.39,3.34,2.75,0.8727272727272695,219.146,-0.031940096012350594,-0.5779930741624195,3.5357087230598827,3.385364912982025
2011-01-14,0.7384542591010179,15.46,3.35,2.76,1.3818181818181952,220.252,-0.1855822919323291,-0.550554821297855,3.0218641821929237,1.0121838111378123
2011-01-18,0.137641065101346,15.87,3.39,2.79,1.3818181818181952,220.252,-0.29651787326826495,0.9706372179182576,2.5474502121068054,1.0362713836544746
2011-01-19,-1.0115654884377157,17.31,3.37,2.77,1.246201865395502,220.252,1.147494417220285,1.7247554132561849,4.243626784735044,3.8262859676376104
2011-01-20,-0.129495921959255,17.99,3.47,2.82,1.246201865395502,220.252,1.5059463819700802,2.096446473027469,4.69982999440306,3.1938836124330017
2011-01-21,0.2413545527270022,18.47,3.44,2.81,1.246201865395502,220.252,-0.5462274437200265,2.144389297914273,4.6487735469390445,2.0867284689547017
2011-01-24,0.583628034196626,17.65,3.43,2.78,1.246201865395502,220.252,-0.3656511130816553,2.185405143532715,1.9057339590741185,2.3999861554536928
2011-01-25,0.0263462473761411,17.59,3.35,2.73,1.246201865395502,220.252,1.270923606836405,2.5859981713751257,1.256212923713318,2.233613022244607
2011-01-26,0.4220907189676159,16.64,3.45,2.83,1.246201865395502,220.252,0.5707121064756793,1.8702328273046298,0.7303525807257127,-0.11722847115412938
2011-01-27,0.2244305753167141,16.15,3.42,2.83,1.246201865395502,220.252,0.5817394074977056,1.7182968883972416,1.5651665365374656,0.3647436856039299
2011-01-28,-1.7852526697772375,20.04,3.36,2.82,1.246201865395502,220.252,2.7053943480240816,4.137616936550992,3.986399097838489,1.5709019042774885
2011-01-31,0.7662558220206783,19.53,3.42,2.84,1.246201865395502,220.252,2.5604184551953235,3.5921960118243668,1.5713899958190725,-0.33045128107286326
2011-02-01,1.669359840810869,17.63,3.48,2.87,1.246201865395502,220.252,1.2985707226727872,1.561654989643646,0.06500322028737404,-3.878124049819165
2011-02-02,-0.272251746839014,17.3,3.52,2.85,1.246201865395502,220.252,1.2921462855439492,2.4761636056493286,2.0658988520974475,-2.324337470210913
2011-02-03,0.2354199075245144,16.69,3.58,2.87,1.246201865395502,220.252,1.129983919143518,2.5499256940969106,1.074902386240728,-2.1337323211206294
2011-02-04,0.2884262567260709,15.93,3.68,2.91,1.246201865395502,220.252,1.3944959732822948,2.451807941912998,-0.05645031445764559,-0.9528015959552327
2011-02-07,0.6240171597036381,16.28,3.68,2.9,1.246201865395502,220.252,1.006019253987156,-0.27368995020937703,0.20999183946042166,-1.9165329867001257
2011-02-08,0.4184752099316791,15.81,3.75,2.89,1.246201865395502,220.252,0.2597117265268567,-1.2962638872415,-0.34350218880917494,-2.0406553313616294
2011-02-09,-0.278576561138788,15.87,3.65,2.84,1.246201865395502,220.252,1.1689132509519862,-1.1189532162072302,-1.950973550662205,-0.8494314897377842
2011-02-10,0.0749492937068829,16.09,3.7,2.85,1.246201865395502,220.252,1.4040759425895555,-0.15054356644191857,-1.3306880317495273,-0.6104947021168483
2011-02-11,0.5507371620330659,15.69,3.64,2.79,1.246201865395502,220.252,1.0427705749524119,-0.1452096208468423,-2.4647337895559507,-1.4264817860700774
2011-02-14,0.2384924061824778,15.95,3.62,2.75,1.246201865395502,220.252,-1.2669633093633892,-1.950731902405689,-3.7866243249149223,-0.9667351238482835
2011-02-15,-0.3234911055292722,16.37,3.61,2.77,1.2158627569055946,220.186,-1.551945030534796,-1.4736386183435979,-5.356134694750225,0.018825159310642547
2011-02-16,0.6257435156610036,16.72,3.62,2.76,1.2158627569055946,220.186,-2.2614322855125546,-0.40035139794134533,-4.684505066303657,-0.7849909195403182
2011-02-17,0.3075691142146564,16.59,3.58,2.78,1.766839759879213,221.062,-1.533093709084854,-1.4383465398659756,-4.567197863398508,-0.5983168990464693
2011-02-18,0.1924722627297814,16.43,3.59,2.81,1.766839759879213,221.062,-1.1757201322167177,-2.448232302345277,-3.323132706255938,-0.7550215243896319
2011-02-22,-2.052856505826517,20.8,3.46,2.72,1.5970623244955018,221.062,-0.6925428569413583,0.48500921113829865,-1.64735167246286,1.3067919663580785
2011-02-23,-0.6111960522950599,22.13,3.49,2.75,1.5970623244955018,221.062,0.07954084234116365,0.9652741992905778,-0.7541674443506063,2.1523645497137034
2011-02-24,-0.0994377240208232,21.32,3.46,2.73,1.5970623244955018,221.062,1.904141764188494,-0.8414356052219518,0.27257167600454046,2.0986168510867875
2011-02-25,1.055051646463201,19.22,3.42,2.7,1.5970623244955018,221.062,0.09622234798252194,-1.1819237755118839,-0.46064460649417605,0.6280903591107556
2011-02-28,0.5561085699577806,18.35,3.42,2.73,1.5970623244955018,221.062,-1.2876513462390493,-2.322897238982524,-1.2831354012743823,-0.20795420703041412
2011-03-01,-1.5739677754675885,21.01,3.41,2.75,1.5970623244955018,221.062,1.1857639919057972,-1.8724182833081748,1.003573813093639,0.5993951289801069
2011-03-02,0.161520092361278,20.7,3.46,2.77,1.5970623244955018,221.062,0.8850293971119694,-3.9405657754549517,1.5147862528618106,0.4562756443387883
2011-03-03,1.7219001487115193,18.6,3.58,2.79,1.5970623244955018,221.062,-2.6942745622291153,-4.301374280424675,-0.3861856211318182,-1.2359370634925204
2011-03-04,-0.737803745029264,19.06,3.49,2.81,1.5970623244955018,221.062,-1.2769174435484199,-3.1745118042262543,0.8522885030122662,-0.11126447988200061
2011-03-07,-0.8341232507744434,20.66,3.51,2.81,1.5970623244955018,221.062,-1.0487501380142983,-0.8968575604106799,1.7357048651372775,-0.3808774866447262
2011-03-08,0.8922733898683255,19.82,3.56,2.83,1.5970623244955018,221.062,-3.022344403565125,-2.1220686551569723,0.8178162709753245,-0.6960063810282691
2011-03-09,-0.1361703432351535,20.22,3.48,2.78,1.5970623244955018,221.062,-4.783261898623259,-1.7030029951161874,1.175741223739979,0.7833188639050581
2011-03-10,-1.887095181218024,21.88,3.37,2.72,1.5970623244955018,221.062,-1.6515983113689958,1.1234604776964252,2.9650010306760732,3.2638169737974065
2011-03-11,0.7080513662183874,20.08,3.4,2.76,1.5970623244955018,221.062,-1.9221384822468046,0.7299061027854492,1.8316629950483998,2.3744878406073644
2011-03-14,-0.6049325659529536,21.13,3.36,2.75,1.5970623244955018,221.062,0.15350243459830715,1.0644888190961987,2.1652393162465255,3.9224288224501747
2011-03-15,-1.120034817237281,24.32,3.33,2.7,1.5970623244955018,221.062,0.9283331741433143,2.9308702467622183,2.518979240133268,5.756437028994776
2011-03-16,-1.9494949042855536,29.4,3.22,2.64,1.5970623244955018,221.062,3.23499729661767,5.679142368842682,4.577209365522417,8.242630575986976
2011-03-17,1.3398228752857344,26.37,3.25,2.65,2.152242551255368,222.27,2.8216612994395263,4.091164977400541,3.2032196845906746,7.0572823474547075
2011-03-18,0.4310201897316901,24.44,3.28,2.67,2.152242551255368,222.27,2.7040195860634553,4.158822622300251,3.1636786774062564,6.4109889908550155
2011-03-21,1.4985846366661448,20.61,3.34,2.67,2.1503646750095307,222.27,0.9095901414858387,2.6563864280617633,0.5206495586963955,4.48558896589224
2011-03-22,-0.3550567117658776,20.21,3.34,2.66,2.1503646750095307,222.27,1.9841178484179656,3.0036238871606002,1.4569803984766594,4.139060725585142
2011-03-23,0.291397966743423,19.17,3.36,2.67,2.1503646750095307,222.27,2.367554740377842,2.928618682738726,2.529397575490222,2.8947034690794515
2011-03-24,0.9340748456551972,18.0,3.42,2.7,2.1503646750095307,222.27,1.2346655966430253,1.821081422926385,2.11657758347088,2.3318965376626144
2011-03-25,0.3161136890789118,17.91,3.46,2.67,2.1503646750095307,222.27,1.416500583034841,1.0937733736579691,1.63266481767963,2.472978309245377
2011-03-28,-0.2747836267090409,19.44,3.47,2.66,2.1503646750095307,222.27,1.7310508189823492,1.0891565474799636,2.827837984190129,3.5849834660632407
2011-03-29,0.7060045042073693,18.16,3.5,2.69,2.1503646750095307,222.27,0.9996713804574453,-0.4001627554896414,2.7451111366868286,1.715880650415058
2011-03-30,0.6684706201916635,17.71,3.47,2.67,2.1503646750095307,222.27,0.5480876668235712,-1.0427156945259197,2.425727678785572,1.5350921128789885
2011-03-31,-0.1829501523098797,17.74,3.47,2.67,2.1503646750095307,222.27,0.5792638547549078,-0.85304578251445,2.8495380666535786,0.9005727636516303
2011-04-01,0.4962987972138233,17.4,3.46,2.66,2.1503646750095307,222.27,-0.3182196265119952,-0.9554101321810782,2.162242536785941,-0.22065756044626905
2011-04-04,0.0345209752028896,17.5,3.45,2.68,2.1503646750095307,222.27,-0.6309718284976507,-2.0804715066237156,1.7818692060745045,-0.29185251845176285
2011-04-05,-0.0180055245638466,17.25,3.5,2.66,2.1503646750095307,222.27,-1.3859789015293167,-1.5015427907451806,1.10232707896607,0.6040723080396937
2011-04-06,0.2183677516658821,16.9,3.56,2.71,2.1503646750095307,222.27,-1.582131891578864,-0.38786210517313124,-0.032950227150929656,0.6034964349773686
2011-04-07,-0.152000631766902,17.11,3.58,2.77,2.1503646750095307,222.27,-1.4240605691225983,0.29021117868226476,0.5016791293096956,-0.017996882859350194
2011-04-08,-0.400444374710851,17.87,3.59,2.76,2.1503646750095307,222.27,-0.6392246439436255,0.5330609651198026,1.364282773865444,-0.8131525686307373
2011-04-11,-0.2793379526006889,16.59,3.59,2.74,2.1503646750095307,222.27,-1.4587036874551762,1.7199485049551821,2.4689363368177064,-0.6176050527669341
2011-04-12,-0.7776699229565143,17.09,3.52,2.75,2.1503646750095307,222.27,-0.11718809143831388,3.157910674547648,2.124545043893966,0.48014978079713444
2011-04-13,0.0190235582804065,16.92,3.49,2.74,2.1503646750095307,222.27,1.21346845787198,3.5049904589182557,2.6049702409449704,0.8581726351170715
2011-04-14,0.0083676591552395,16.27,3.51,2.74,2.0856201975850697,222.27,1.7390366834971527,3.73444033494581,1.7687064217014603,1.26129353743889
2011-04-15,0.3925413156908419,15.32,3.43,2.72,2.645949781609236,223.49,1.1798273562807493,3.147726365597281,0.7418401880560976,1.9337942851509027
2011-04-18,-1.1017851653977395,16.96,3.4,2.71,2.645949781609236,223.49,3.2257056801126227,3.9444028909509488,1.8266213243592233,0.7209980595241694
2011-04-19,0.573117089721964,15.83,3.39,2.71,2.645949781609236,223.49,3.2789412947086483,2.6435641161155266,2.137713786025741,0.02437463167204168
2011-04-20,1.351494743365622,15.07,3.43,2.74,2.645949781609236,223.49,2.264048486788184,0.356293806681407,0.9952186160256726,-2.2700585934936734
2011-04-21,0.527678193011405,14.69,3.42,2.74,2.645949781609236,223.49,1.9612959946300634,0.21085602287809202,-0.3073161955881143,-3.829125659911925
2011-04-25,-0.1592669903120902,15.77,3.39,2.72,2.645949781609236,223.49,1.944951934328798,0.826814384010488,-1.3390754452583864,-3.767838127223344
2011-04-26,0.8979584523029382,15.62,3.34,2.69,2.645949781609236,223.49,0.6962386026843737,0.7363234477316238,-2.2980286483415324,-5.023598774621485
2011-04-27,0.6249847099511818,15.35,3.39,2.74,2.645949781609236,223.49,-0.6152049688233019,-1.0017318341332904,-2.5957882204483806,-4.917164517579353
2011-04-28,0.3555424049938249,14.62,3.34,2.72,2.645949781609236,223.49,-1.8655184381373924,-0.8695428249235415,-2.5571886071056094,-6.578560602498717
2011-04-29,0.2300662213150728,14.75,3.32,2.71,2.645949781609236,223.49,-1.7167690491538878,-1.894967483217025,-2.384113501284102,-6.73066568027606
2011-05-02,-0.175271131343413,15.99,3.31,2.7,2.645949781609236,223.49,-1.096805216052843,-2.3324665141079004,-1.176886901165175,-5.388546830388408
2011-05-03,-0.3379303628319063,16.7,3.28,2.67,2.645949781609236,223.49,0.03980768855271766,-2.0374176075777073,-3.101085524353353,-6.722586391187379
2011-05-04,-0.6855308680100647,17.08,3.25,2.65,2.645949781609236,223.49,-0.388919517506392,-0.4928222577282537,-2.5517327920146493,-5.913957695058869
2011-05-05,-0.9069835815006422,18.2,3.18,2.6,2.645949781609236,223.49,1.0149089263654876,0.6366564418720522,-2.6170280911671506,-4.763686371728482
2011-05-06,0.3819920364914519,18.4,3.19,2.62,2.645949781609236,223.49,-0.1813111273806789,-0.5170819200944976,-4.031481062159282,-4.614234298862607
2011-05-09,0.4544163641626575,17.16,3.17,2.6,2.645949781609236,223.49,-1.2493643918726316,-2.1481287914342118,-4.556974788209168,-3.7711056353506134
2011-05-10,0.8074036650198346,15.91,3.23,2.64,2.645949781609236,223.49,-2.0763987297909514,-3.012172761742271,-5.717820568805765,-5.159304560097278
2011-05-11,-1.1111495877577091,16.95,3.19,2.63,2.645949781609236,223.49,-0.10430841601013485,-1.6101861334021694,-3.9550516953346437,-4.364863344423631
2011-05-12,0.4895437361786658,16.03,3.22,2.65,2.645949781609236,223.49,-0.3744521363368003,-1.7024493079876524,-5.759095579971341,-5.946692751296389
2011-05-13,-0.8067330060324229,17.07,3.18,2.61,3.0790569928672795,224.433,-0.3363806883321274,-0.4985942163399204,-4.929103097979981,-4.31090868410402
2011-05-16,-0.6204391417766519,18.24,3.15,2.61,3.0790569928672795,224.433,-0.9101353059925321,1.183176815978082,-3.1290647026751883,-2.467143108201686
2011-05-17,-0.0368560588183797,17.55,3.12,2.57,3.0790569928672795,224.433,-0.9556164395640887,-1.0857899932800508,-4.782610532704856,-1.6230452381573612
2011-05-18,0.880379946585852,16.23,3.18,2.6,3.0790569928672795,224.433,-1.5074501147288477,-2.069107556862937,-5.447984316640541,-1.49476670492934
2011-05-19,0.2177940864352967,15.52,3.17,2.62,3.0790569928672795,224.433,-1.332988575850258,-3.233100788596388,-5.366178691280132,-0.2924926847301723
2011-05-20,-0.7688267521873571,17.43,3.15,2.6,3.150120186231198,224.433,-0.1627610246628941,-3.532665918828415,-4.118448129433904,0.34576532015491157
2011-05-23,-1.192558460112425,18.27,3.13,2.58,3.150120186231198,224.433,2.112539086045606,-2.461727064616537,-1.658605833359239,1.6586058333591502
2011-05-24,-0.0827380177438663,17.82,3.12,2.56,3.150120186231198,224.433,-0.13142951577513884,-2.789677719469741,-2.213815753476367,2.806389262471942
2011-05-25,0.3183168712578732,17.07,3.13,2.59,3.150120186231198,224.433,-0.5702537326816581,-2.3832401645883627,-2.7997585347162235,1.7668011119235327
2011-05-26,0.3953115798873918,16.09,3.07,2.59,3.150120186231198,224.433,-1.9257826758103946,-4.126904733052861,-4.317750964728395,-0.4676773186721883
2011-05-27,0.4080919686204165,15.98,3.07,2.59,3.150120186231198,224.433,-3.3753987277212127,-4.452709835349533,-3.8314176947942036,-1.31169418208541
2011-05-31,1.0592724697279676,15.45,3.05,2.6,3.150120186231198,224.433,-4.479632170156512,-4.26181669161857,-3.6076352206440454,-2.042817533914665
2011-06-01,-2.278464425831217,18.3,2.96,2.52,3.150120186231198,224.433,-2.6617465242626204,-3.7374008640150835,-0.5431527430091787,-0.432091095808973
2011-06-02,-0.1224835390109646,18.09,3.04,2.59,3.150120186231198,224.433,-1.8233843492192592,-3.450266484336939,0.5864756642211422,0.24373340632468654
2011-06-03,-0.9733809463420172,17.95,2.99,2.57,3.150120186231198,224.433,-2.2443432303584254,-2.204346651662037,3.03885742731298,0.40609671792390944
2011-06-06,-1.0760206333523925,18.49,3.01,2.58,3.150120186231198,224.433,-1.1149449451207105,-0.6072337503517877,4.020460683323002,3.1535438657099846
2011-06-07,-0.0956407393293945,18.07,3.01,2.62,3.150120186231198,224.433,0.22803040177352685,0.8233908670797652,4.224324230863985,3.183030046470492
2011-06-08,-0.4186874918536865,18.79,2.98,2.59,3.150120186231198,224.433,-1.105068461106673,0.592387672917627,5.756659221633376,5.020474795452334
2011-06-09,0.7377489898070522,17.77,3.01,2.58,3.150120186231198,224.433,-1.6570973895704166,-0.4266873545384464,4.2513614296450175,4.346006169996053
2011-06-10,-1.3979844477308043,18.86,2.99,2.58,3.150120186231198,224.433,0.040914848324979936,-0.19906130196812866,3.816740665555862,5.2282549106461795
2011-06-13,0.0668756077199628,19.61,3.0,2.6,3.150120186231198,224.433,0.5134357203797402,0.6502456945505442,3.2873937584744217,4.726259596686
2011-06-14,1.2611779574887017,18.26,3.11,2.66,3.150120186231198,224.433,0.5940059511492901,0.6833025741331822,2.3177786344203755,1.3215634804583543
2011-06-15,-1.743184580508239,21.32,2.98,2.6,3.320632965497583,224.804,1.7164237920087144,3.318264985234376,3.433638607177958,2.7856362927599188
2011-06-16,0.1754335023968378,22.73,2.93,2.55,3.320632965497583,224.804,1.2511426878522025,4.180997711302026,3.8260073395876892,1.9437706575767155
2011-06-17,0.3045016966140013,21.85,2.94,2.56,3.320632965497583,224.804,-0.2398780045713922,5.361387648078031,2.669283633995234,1.2143091943569884
2011-06-20,0.5395190996116739,19.99,2.97,2.59,3.4894855080469966,224.804,0.13611113100482353,4.655967036928299,3.7837538464476683,-1.901650302105773
2011-06-21,1.342347568472135,18.86,2.99,2.59,3.4894855080469966,224.804,0.08876932789341208,3.3731590799875644,2.3403687964646647,-2.715516022953268
2011-06-22,-0.6468448774604507,18.52,3.01,2.62,3.4894855080469966,224.804,1.5748107665494837,5.133859199671931,4.40201015700401,-6.76461514430946
2011-06-23,-0.2827986549257977,19.29,2.93,2.58,3.4894855080469966,224.804,2.893651316590362,4.69809496128748,4.793145269283161,-6.553953651514465
2011-06-24,-1.1725787945559007,21.1,2.88,2.53,3.4894855080469966,224.804,5.614734164926216,4.023811819721046,5.438141447783074,-11.745831208927793
2011-06-27,0.9184457300265958,20.56,2.95,2.54,3.4894855080469966,224.804,4.513712241141743,2.620110905567974,4.0496810256233085,-8.403245710541063
2011-06-28,1.2944354874931063,19.17,3.05,2.57,3.4894855080469966,224.804,3.2814768071874223,1.6233834394573377,0.6339292514319528,-13.56629120886106
2011-06-29,0.8282747245164312,17.27,3.14,2.67,3.4894855080469966,224.804,3.5038691248977516,0.11166817596099943,-0.5155222966147899,-10.30816775211687
2011-06-30,1.011922818616795,16.52,3.18,2.73,3.4894855080469966,224.804,1.7536977467589976,-0.3407438779748251,-2.147442530666699,-10.739486497570983
2011-07-01,1.4409702179091433,15.87,3.22,2.72,3.4894855080469966,224.804,-1.5063450737099138,-2.555114424911342,-3.9360514760614973,-10.090548364643182
2011-07-05,-0.1336179061844467,16.06,3.16,2.72,3.4894855080469966,224.804,-1.8118209514984218,-0.833409900242843,-6.26588003025208,-10.847011285582331
2011-07-06,0.1001559045222366,16.34,3.12,2.69,3.4894855080469966,224.804,-1.6054121406741007,-0.9990894084254021,-5.889996162572064,-10.851836086224598
2011-07-07,1.0453846497412655,15.95,3.17,2.68,3.4894855080469966,224.804,-3.2773663222612437,-0.6961116506509879,-11.317452278988094,-15.708454714765496
2011-07-08,-0.6961116506509657,15.95,3.03,2.63,3.4894855080469966,224.804,-2.0583444838991327,0.09078513609137584,-10.747137870046641,-16.39157698523225
2011-07-11,-1.8090532601892528,18.39,2.94,2.57,3.4894855080469966,224.804,-1.0648090498685536,1.3596210361076944,-15.159647346877192,-14.829217757882162
2011-07-12,-0.4433512667192274,19.87,2.92,2.55,3.4894855080469966,224.804,0.9964652168284793,1.393070137461505,-10.74190674599138,-11.516856777767192
2011-07-13,0.3105840267646931,19.91,2.92,2.55,3.4894855080469966,224.804,0.6162155311992823,-0.9736481452764068,-14.947027085914478,-10.6335183675194
2011-07-14,-0.6716127692301121,20.8,2.98,2.6,3.4894855080469966,224.804,2.6687183479830567,-0.626490881635744,-10.408213266173405,-11.429704718117861
2011-07-15,0.5554424471774233,19.53,2.94,2.57,3.2593083637167286,224.304,2.194295786267597,-1.8128759163922314,-10.434296847313085,-10.587016903177492
2011-07-18,-0.8129889770918997,20.95,2.94,2.57,3.2593083637167286,224.304,2.4505234817794097,-1.417146772763156,-7.733021487233637,-7.304815972524869
2011-07-19,1.630870818887753,19.21,2.91,2.52,3.3997298655320307,224.304,0.39269188261348287,-5.478125369183717,-10.097757092652104,-8.578229044257169
2011-07-20,-0.0670833298063389,19.09,2.96,2.56,3.3997298655320307,224.304,-1.5801266903968325,-4.9402644126415485,-9.952177832430664,-8.066580728368988
2011-07-21,1.3546192203295335,17.56,3.03,2.63,3.3997298655320307,224.304,-3.209555240039208,-10.695795305589096,-15.117578287872668,-10.372079164929405
2011-07-22,0.090785136091398,17.52,2.99,2.59,3.3997298655320307,224.304,-3.921130501295833,-10.828092707437486,-16.467412158784544,-12.717286459999123
2011-07-25,-0.5643013271250497,19.35,3.03,2.61,3.3997298655320307,224.304,-3.7751590944583358,-16.297681674539966,-15.97168441289144,-12.87469673638565
2011-07-26,-0.4104971538103408,20.23,2.99,2.58,3.3997298655320307,224.304,-5.847853206946363,-11.968250756191857,-12.732553514482126,-10.009456293374974
2011-07-27,-2.0308668519432915,22.98,3.01,2.57,3.3997298655320307,224.304,-3.4140845839890632,-14.110768173241073,-9.754848120038261,-9.118775444567518
2011-07-28,-0.3233966583966796,23.74,2.98,2.56,3.3997298655320307,224.304,-7.734482555706479,-9.84339032738253,-10.87132167549234,-11.25881726562773
2011-07-29,-0.6450532698506817,25.25,2.82,2.46,3.3997298655320307,224.304,-7.188846249106639,-8.78060235635335,-8.936142155782035,-10.060513729084219
2011-08-01,-0.4132299323336696,23.66,2.77,2.39,3.3997298655320307,224.304,-13.01381479276672,-6.406666583195908,-5.972305534909205,-8.863657317560413
2011-08-02,-2.5556664705103427,24.79,2.66,2.33,3.3997298655320307,224.304,-6.500539560396989,-4.887367862213631,-3.2797737954117,-5.212710224625705
2011-08-03,0.5015682586245518,23.38,2.64,2.31,3.3997298655320307,224.304,-11.074786156117788,-5.272383085037324,-3.2887913020275383,-4.06477473206256
2011-08-04,-4.782044620161063,31.66,2.47,2.2,3.3997298655320307,224.304,-2.2856944068506913,-4.95137154786206,0.3624870091698762,1.328261200595282
2011-08-05,-0.0574917660744245,32.0,2.58,2.3,3.3997298655320307,224.304,-1.7150482920609056,-6.3240987241027895,-2.1185974483683756,0.3926996380066994
2011-08-08,-6.663446415643826,48.0,2.4,2.13,3.3997298655320307,224.304,7.595629344855337,0.38947220121305914,4.08947446932677,7.381238076046315
2011-08-09,4.74068481332115,35.06,2.2,2.01,3.3997298655320307,224.304,1.7253272806054376,-0.8682126219865194,2.2251000118058917,-0.4920999366396006
2011-08-10,-4.415240397919251,42.99,2.17,1.98,3.3997298655320307,224.304,6.525036961133668,5.071555491366864,5.8121287412868705,0.7851858338490336
2011-08-11,4.629002144148742,39.0,2.34,2.15,3.3997298655320307,224.304,-2.728031606866632,-1.1401619380348227,-1.5699646907586406,-3.0879008463953417
2011-08-12,0.526166928318772,36.36,2.24,2.04,3.3997298655320307,224.304,-4.689477231202199,-0.1705117589531624,-1.4031131599123947,-1.3454336689996627
2011-08-15,2.1784622088531824,31.87,2.29,2.1,3.3997298655320307,224.304,-6.697444113223005,0.46409400373885745,-2.625177076899976,-2.416789312287959
2011-08-16,-0.973854541245922,32.85,2.23,2.03,3.0823035244051944,224.304,-2.5495517900254727,1.690200376825901,-0.3420600976963839,-3.4960889726734723
2011-08-17,0.0947386627285107,31.58,2.17,1.98,3.0823035244051944,224.304,-1.3644505660177497,2.093995233502466,1.274821844255647,-2.805115196832997
2011-08-18,-4.45937143129993,42.67,2.08,1.88,3.597476068144334,225.425,1.632402114465581,5.5906735779019945,6.606757878278557,-0.8091860142195317
2011-08-19,-1.5008981502439234,43.05,2.07,1.87,3.597476068144334,225.425,4.74130803291366,4.489416401074386,7.170252189329807,-2.1628303823203465
2011-08-22,0.0258041160118294,42.44,2.1,1.88,3.597476068144334,225.425,7.675607649647254,3.6856476949074013,6.964640536031008,0.011568123812111253
2011-08-23,3.428487759458632,36.27,2.15,1.93,3.597476068144334,225.425,4.350674876031424,3.120404378463215,0.37940674257461726,-1.5761127606879088
2011-08-24,1.3119972745138542,35.9,2.29,2.06,3.597476068144334,225.425,3.506287357211879,0.7048275305878038,-4.079476731330967,-1.072520817311362
2011-08-25,-1.556552007023193,39.76,2.23,2.01,3.597476068144334,225.425,3.894694389864317,-0.4347597175451634,-1.9702024062994261,-0.328660150746507
2011-08-26,1.5121610152536658,35.59,2.19,1.99,3.597476068144334,225.425,-0.2404892936415437,-1.2347067211073148,-1.1769287118947647,-1.7599857840355004
2011-08-29,2.828000156840837,32.28,2.28,2.08,3.597476068144334,225.425,-3.705537439567841,-3.0750001891460377,-2.867575072064643,-3.526037717424757
2011-08-30,0.2347024984931334,32.89,2.19,1.99,3.597476068144334,225.425,-1.178977039707474,-1.9984821221626814,-5.100087648840212,-4.038144534011323
2011-08-31,0.4921982065451136,31.62,2.23,2.03,3.597476068144334,225.425,-2.7065600536476775,-0.8023717627792304,-4.798627401279109,-2.848480768193151
2011-09-01,-1.187143263889856,31.82,2.15,1.96,3.597476068144334,225.425,-4.167156112094849,0.9622860295771307,-6.061008397109902,-3.585718701384044
2011-09-02,-2.5281938303220453,33.92,2.02,1.82,3.597476068144334,225.425,-0.9966141778624427,2.565652944184582,-6.366431177929622,0.934763636629099
2011-09-06,-0.7436289416773878,37.0,1.98,1.77,3.597476068144334,225.425,0.6548011522740316,3.162436570557925,-3.5434794041178996,0.4046640879388219
2011-09-07,2.8646463529026667,33.38,2.05,1.84,3.597476068144334,225.425,-0.8292821283427787,-2.6580555539996387,-4.554401398499586,-1.946948297516371
2011-09-08,-1.0612179635699603,34.32,2.0,1.81,3.597476068144334,225.425,1.9571600016593083,-4.750819180406829,-1.764908784893482,0.9688076485968589
2011-09-09,-2.6705492278710663,38.52,1.93,1.76,3.597476068144334,225.425,5.352488701756397,-1.542147324104659,0.10656285918428932,5.074645086628937
2011-09-12,0.6965716710316983,38.59,1.94,1.73,3.597476068144334,225.425,3.59812656149634,0.05850031655290078,-0.5318457987513181,2.2561652337075744
2011-09-13,0.912006281484623,36.91,2.0,1.79,3.597476068144334,225.425,2.4913222117346256,0.2140057957040975,-0.46534694780384633,2.3997010485215187
2011-09-14,1.3479804803234297,34.6,2.03,1.84,3.597476068144334,225.425,-1.8440659348897603,-3.164854579644183,-2.0812559397204167,4.502461254591017
2011-09-15,1.7187073659429952,31.97,2.09,1.88,3.984889497557398,226.268,-6.579213448037358,-4.028579825460388,-2.0626592004002853,2.776705856084849
2011-09-16,0.5706697072769717,30.98,2.08,1.9,3.984889497557398,226.268,-6.544350409584688,-6.956354400126729,-4.504657045531646,-0.33449407288307365
2011-09-19,-0.98025870260805,32.73,1.97,1.81,3.984889497557398,226.268,-3.4166894348637733,-8.708650377310011,-1.5900930386929635,-2.1602899849916812
2011-09-20,-0.1661005453722386,32.86,1.95,1.77,3.721292688517064,226.268,-2.2219602273506167,-6.500346635462884,-2.673233178951595,-0.41920972519319255
2011-09-21,-2.939044252863232,37.32,1.88,1.67,3.721292688517064,226.268,-1.3456024409877365,-1.9481281736178246,0.7305250172784161,4.5230769988910735
2011-09-22,-3.188312151643557,41.35,1.72,1.52,3.721292688517064,226.268,2.730263484945361,3.1348410241646363,6.004909207394582,7.287325092327568
2011-09-23,0.6082009597382809,41.25,1.84,1.61,3.721292688517064,226.268,-0.44085509260031186,1.674533964006053,6.720431363168999,7.310117420268036
2011-09-26,2.3336145831710957,39.02,1.91,1.66,3.721292688517064,226.268,-5.479167064663127,-0.5900009628732494,2.1963800278856693,6.093653241021557
2011-09-27,1.0688382331855315,37.71,2.0,1.75,3.721292688517064,226.268,-4.375610738423729,-0.6779019939517017,2.1810277270756018,1.1197251889650817
2011-09-28,-2.069113494191799,41.08,2.03,1.76,3.721292688517064,226.268,-0.6107439176947782,1.1190137994009586,7.917906046355183,4.146713282790304
2011-09-29,0.8114229792425487,38.84,1.99,1.72,3.721292688517064,226.268,0.3938250769487617,2.048443819508705,7.090950273705077,2.321834540489376
2011-09-30,-2.4974129488995245,42.96,1.92,1.67,3.721292688517064,226.268,2.124756152309182,2.634997090654001,7.116939888319118,5.4482128889397075
2011-10-03,-2.84510281118181,45.45,1.8,1.56,3.721292688517064,226.268,5.172580424819806,7.797625260266439,7.173034925415034,6.73271982924859
2011-10-04,2.248844294856611,40.82,1.81,1.56,3.721292688517064,226.268,3.8669096587452545,4.0931846469955735,6.50391385576643,2.6315905816318264
2011-10-05,1.7865633700204997,37.81,1.92,1.67,3.721292688517064,226.268,1.740387024995238,2.731873589970024,6.599777293356768,0.790399728698099
2011-10-06,1.8303664125949304,36.27,2.01,1.72,3.721292688517064,226.268,1.6481280011910515,2.782830859803731,4.026266998550065,-2.867077962284359
2011-10-07,-0.8163308930517088,36.2,2.1,1.8,3.721292688517064,226.268,0.49962512280947724,4.9627937325478655,5.54276792481494,-2.4731482087988033
2011-10-11,0.0544003553543559,32.86,2.18,1.86,3.721292688517064,226.268,2.4959403152831294,2.802918235335916,6.723321867650944,-4.679879444177903
2011-10-12,0.979470411269756,31.26,2.24,1.95,3.721292688517064,226.268,0.21785089110064604,2.8784427417685166,1.8098965074290652,-5.857955749610733
2011-10-13,-0.2973672247100878,30.7,2.19,1.9,3.721292688517064,226.268,0.9745260402157063,6.723653634955151,2.9941940389130783,-2.8162095954660016
2011-10-14,1.738025794738407,28.24,2.26,1.98,3.721292688517064,226.268,1.1163047278149651,4.94128696672238,0.2679028809730921,-4.264977740097475
2011-10-17,-1.9369883187983272,33.39,2.18,1.9,3.721292688517064,226.268,4.440980356179902,4.366875748733512,2.7409907712092174,1.854728353802737
2011-10-18,2.0418716445174567,31.56,2.19,1.91,3.6158481856648272,226.268,0.2995025160104303,-0.5794101060606405,-0.9878746664842786,-0.37391306458863793
2011-10-19,-1.264913736003248,34.44,2.18,1.9,3.9304489586577054,226.955,2.6548083270703016,2.3159337635275445,-1.4041208080244116,0.878099345443073
2011-10-20,0.455417871473851,34.78,2.2,1.92,3.9304489586577054,226.955,5.693641574955,3.7650473686721586,-1.8898456666144647,1.4537951063477106
2011-10-21,1.880876515031682,31.32,2.23,1.93,3.9304489586577054,226.955,3.78275516416815,1.2097702781142416,-5.496938326007572,-0.30908548063417474
2011-10-24,1.2872958939026846,29.26,2.25,1.95,3.9304489586577054,226.955,-0.07095357319861773,0.5525521679090151,-7.084359778279092,-1.3774380231913685
2011-10-25,-2.004472508361621,32.22,2.14,1.88,3.9304489586577054,226.955,-0.8762881171128445,3.813513954283354,-7.278779443190753,-1.4878485075057624
2011-10-26,1.0536553156824224,29.86,2.23,1.95,3.9304489586577054,226.955,-0.3301107557115768,-1.0386493087007231,-8.491962221189686,-0.8691307952662819
2011-10-27,3.4291437858544604,25.46,2.42,2.11,3.9304489586577054,226.955,-1.8247022030319249,-3.494501424022245,-8.93884617467463,-5.585193415374756
2011-10-28,0.0389229258598966,24.53,2.34,2.06,3.9304489586577054,226.955,-2.4792027172374165,-4.453332163947321,-8.772776638177904,-6.441696975847943
2011-10-31,-2.473750308360323,29.96,2.17,1.92,3.9304489586577054,226.955,0.6239484548312468,-1.557855369206096,-2.4070351602541673,-5.157258360263572
2011-11-01,-2.7942247001422227,34.77,2.01,1.78,3.9304489586577054,226.955,4.731261554185062,-0.41084503809456496,0.2066946511696255,-2.114533960238152
2011-11-02,1.6104667765514558,32.74,2.03,1.8,3.9304489586577054,226.955,-0.7108852616987682,-3.635850678106256,-1.405288858925513,-3.3561369395183394
2011-11-03,1.878180753005876,30.5,2.09,1.85,3.9304489586577054,226.955,-1.700834383455141,-5.449708913248075,-2.2273899746922177,-6.250821565202647
2011-11-04,-0.6280017279460592,30.16,2.06,1.84,3.9304489586577054,226.955,-2.024316352732314,-6.6265426605479405,-1.5007007273850514,-2.8445748861845255
2011-11-07,0.6295743615618132,29.85,2.04,1.79,3.9304489586577054,226.955,-2.1682749062632123,-7.594945907922379,-1.9193845899381667,-3.264193638701529
2011-11-08,1.1735638864999398,27.48,2.1,1.85,3.9304489586577054,226.955,-4.9098106104825785,-10.68482606451301,-5.106620766274905,-3.5959817614898415
2011-11-09,-3.669514291397225,36.16,2.0,1.76,3.9304489586577054,226.955,-2.9459074382090056,-7.531539192243741,0.17129769576731402,0.9805285479920434
2011-11-10,0.8624176874533207,32.81,2.04,1.8,3.9304489586577054,226.955,-3.8137399298147745,-5.641486579509348,-2.166396756871336,0.12502101954523503
2011-11-14,-0.9550141648312916,31.13,2.04,1.8,3.9304489586577054,226.955,-4.697314819853215,-4.520769349740439,-2.0810404558664786,-0.17095772406910958
2011-11-15,0.4817163683512371,31.22,2.06,1.8,3.9304489586577054,226.955,-5.546943996397513,-0.8626181339637662,-3.656363851637945,0.41420887851097987
2011-11-16,-1.6616200730203312,33.51,2.01,1.75,3.842525598519964,226.763,-6.073197972478805,0.6200872871151564,-1.7107173193660286,1.67271190583973
2011-11-17,-1.6799952076269054,34.51,1.96,1.69,3.842525598519964,226.763,-4.724820595396539,2.314721641686268,0.29026742886875123,5.010159560762495
2011-11-18,-0.0394678584380692,32.0,2.01,1.72,3.601990140671329,226.763,-1.9002159438997857,3.4080476130943893,-0.8472873459686281,5.071362906752519
2011-11-21,-1.8648495446902504,32.91,1.97,1.7,3.601990140671329,226.763,0.18524711006733252,5.48961351460755,4.050367076603312,7.383198340880059
2011-11-22,-0.4140841830647446,31.97,1.94,1.68,3.601990140671329,226.763,4.959422236433597,6.1420464213231885,4.686704977095091,7.556144286356603
2011-11-23,-2.209521492281885,33.98,1.89,1.63,3.601990140671329,226.763,7.1260653137458885,6.2455292336633494,7.936886858825876,10.235060390544227
2011-11-25,-0.2685506857766806,34.47,1.97,1.69,3.601990140671329,226.763,7.388642331690698,8.330231541352706,9.205374098237185,11.514055516194176
2011-11-28,2.9240425313361795,32.13,1.97,1.71,3.601990140671329,226.763,5.411085873500521,3.682857748247814,6.111274319633653,8.37951679586293
2011-11-29,0.2213653490450218,30.64,2.0,1.73,3.601990140671329,226.763,5.294558388135373,2.5552456563152415,4.5557673601337,8.392813152002088
2011-11-30,4.33153072475978,27.8,2.08,1.83,3.601990140671329,226.763,1.1267441833145542,-2.81805476913779,1.287936990508931,3.378617293464492
2011-12-01,-0.1908645792462415,27.41,2.11,1.84,3.601990140671329,226.763,-0.8219624957788274,-2.316440652481544,1.0461376521379462,3.9443096967622715
2011-12-02,-0.0240986331455417,27.52,2.05,1.8,3.601990140671329,226.763,0.8768052088355072,-1.9786538831696898,2.634457559798564,5.1242492256067695
2011-12-05,1.0287014543699955,27.84,2.04,1.77,3.601990140671329,226.763,-1.6395126859111153,-4.1150907083987835,1.6084969516893644,4.567732041923844
2011-12-06,0.1105748796440986,28.13,2.08,1.83,3.601990140671329,226.763,-2.601571034395289,-1.364348953468253,1.7950438561520343,4.522160679598142
2011-12-07,0.2018354924337773,28.67,2.02,1.78,3.601990140671329,226.763,-3.900846392623425,-1.3711262344153319,1.3322692681279724,4.360789352068273
2011-12-08,-2.114181011508598,30.59,1.99,1.77,3.601990140671329,226.763,-1.5068640137582023,1.5919329851920239,3.7550108561338336,6.505452296056191
2011-12-09,1.688335256005491,26.38,2.07,1.85,3.601990140671329,226.763,-2.830639893971476,0.8078470288789275,2.938998587505237,5.646166755296034
2011-12-12,-1.491405410893598,25.67,2.03,1.79,3.601990140671329,226.763,-2.5168419658013197,2.342158216049861,4.529831786676897,6.6285542673717
2011-12-13,-0.868600976072853,25.41,1.96,1.72,3.601990140671329,226.763,1.2702690321257037,1.9506771116541977,5.692119850455812,7.391511754594493
2011-12-14,-1.134836742295231,26.04,1.92,1.67,3.601990140671329,226.763,2.6324062837676188,4.2250561561539834,6.376361419687204,8.350255645356807
2011-12-15,0.3243100365670992,25.11,1.92,1.66,3.601990140671329,226.763,3.1462060456508567,3.442317547681495,6.409216034983545,7.9506505597110255
2011-12-16,0.3216149849629923,24.29,1.86,1.62,3.456143392989164,226.72,3.7444796578676387,4.706231474795208,7.246281947924493,8.562216413925693
2011-12-19,-1.1732825699560243,24.92,1.82,1.58,3.456143392989164,226.72,4.984450934741513,5.9692267556741285,9.055463278289967,9.971383076366314
2011-12-20,2.9825423296426123,23.22,1.94,1.68,3.456143392989164,226.72,0.6718734787923397,3.203094191703415,5.967933065387698,8.34608648277606
2011-12-21,0.1949505985506583,21.43,1.98,1.7,3.456143392989164,226.72,1.5518001867586007,2.7409777677971148,5.8115999581491495,8.089440366120693
2011-12-22,0.8265549753183832,21.16,1.97,1.69,3.456143392989164,226.72,0.28707939281795714,2.1291827090809345,4.8365250728917175,7.42025907720294
2011-12-23,0.9035052675189448,20.73,2.03,1.75,3.456143392989164,226.72,0.9270390290637698,2.114073082044654,4.7995467307530015,6.688374402095776
2011-12-27,0.0079107947907886,21.91,2.02,1.72,3.456143392989164,226.72,0.9380206422613391,2.1376074227482444,4.18829945160335,6.837193190347679
2011-12-28,-1.24780022540123,23.52,1.93,1.65,3.456143392989164,226.72,2.5143276125126457,3.6698557035615087,5.336732228842034,7.442143250043354
2011-12-29,1.070708742195392,22.65,1.91,1.63,3.456143392989164,226.72,1.1710059091532887,2.0640960464536118,3.957972911064944,7.02680865129417
2011-12-30,-0.4291336527923017,23.4,1.89,1.64,3.456143392989164,226.72,1.836830155405722,2.8681670689894245,4.358306270498513,7.387088598723834
2012-01-03,1.5473984880403524,22.97,1.97,1.7,3.456143392989164,226.72,1.1761308608677856,2.4258828126582976,3.6826699660742257,5.181425997134648
2012-01-04,0.0187923999940275,22.22,2.0,1.75,3.456143392989164,226.72,1.1884389775567605,2.91238939558518,3.7767156024641757,6.3211451615029945
2012-01-05,0.2943716919978634,21.48,2.02,1.75,3.456143392989164,226.72,1.1271869190973893,2.679027111869847,4.983370248104624,6.258092377261737
2012-01-06,-0.2536961462655807,20.63,1.98,1.73,3.456143392989164,226.72,0.8827530469572187,2.9887025187669725,5.205773503938715,6.605042883809564
2012-01-09,0.226159792583358,21.07,1.98,1.72,3.456143392989164,226.72,1.0127346972700124,2.6508998623074875,5.180768344336828,6.009220421800721
2012-01-10,0.8885769748331329,20.69,2.0,1.76,3.456143392989164,226.72,1.2352240999501163,2.6298761450350705,4.479599316713068,5.524426297948937
2012-01-11,0.0309597259974481,21.05,1.93,1.69,3.456143392989164,226.72,1.7037029481310695,2.007773709019145,4.601229543343233,5.668173656280162
2012-01-12,0.2336608362904613,20.47,1.94,1.72,3.456143392989164,226.72,1.5345430245320202,1.6078700157998504,3.6387506482776555,5.5646442161568554
2012-01-13,-0.4947922948427274,20.91,1.89,1.65,3.456143392989164,226.72,2.087521809431103,1.855575993882641,4.862349050327963,6.445639179089424
2012-01-17,0.3552954600872571,22.2,1.87,1.66,3.456143392989164,226.72,1.6217412289123434,1.4485911861438217,4.392925098688405,5.56633510242035
2012-01-18,1.1107929092462498,20.89,1.92,1.68,3.456143392989164,226.72,1.3776351635355955,1.2270210604038878,2.690280140925272,5.0495340192454385
2012-01-19,0.4938656879440728,19.87,2.01,1.75,2.9488949022029365,226.747,0.29897707956918484,0.8398660374667077,3.3122890119817505,4.193990481765919
2012-01-20,0.0669459781523329,18.28,2.05,1.79,2.9488949022029365,226.747,0.07221876327363486,2.2442198772726574,3.4856828761071545,3.721354360729867
2012-01-23,0.0471342969245336,18.67,2.09,1.83,2.9488949022029365,226.747,-0.22720290534766763,2.152732223000542,3.5113952080166655,2.079026242519899
2012-01-24,-0.102581731454221,18.91,2.08,1.84,2.9488949022029365,226.747,-0.17038680962816466,2.4645360980009023,3.2715938817856838,2.8889803189770857
2012-01-25,0.8679141952454561,18.31,2.01,1.79,2.9488949022029365,226.747,-0.14856738657271773,1.802324275500422,2.8203777122592477,3.005141081482998
2012-01-26,-0.5753890884025226,18.57,1.96,1.74,2.9488949022029365,226.747,0.5392766443354846,2.5424099948716083,3.5883539206555515,3.977453430968847
2012-01-27,-0.1592877567026751,18.53,1.93,1.71,2.9488949022029365,226.747,2.170433653656656,1.9987434360763556,3.894161150845621,4.160051931793141
2012-01-30,-0.2522123175721869,19.4,1.87,1.65,2.9488949022029365,226.747,2.3853547235830552,2.9519965177221996,4.506442715990788,6.316779064087719
2012-01-31,-0.0456946696121951,19.44,1.83,1.61,2.9488949022029365,226.747,2.639420131383652,2.902291572627358,4.0589463768117895,6.238141509513895
2012-02-01,0.8899605562620927,18.55,1.87,1.64,2.9488949022029365,226.747,1.9537943632976784,1.445522218467965,3.7761784539333654,5.929356145901021
2012-02-02,0.1095147066754842,17.98,1.86,1.63,2.9488949022029365,226.747,1.9923888627350284,2.4518308796606325,3.326188913274586,5.931922278139923
2012-02-03,1.4605356896842503,17.1,1.97,1.74,2.9488949022029365,226.747,-0.1680429566955577,1.2142133807903077,1.444711970251511,4.821917942502196
2012-02-06,-0.0423874153488323,17.76,1.93,1.69,2.9488949022029365,226.747,0.5534402802714888,1.3300309795436283,-0.07215272550880059,4.551714644233806
2012-02-07,0.202338180532724,17.65,2.0,1.75,2.9488949022029365,226.747,0.2561115806258618,0.7876459646612766,0.4142352438606167,4.145351976260336
2012-02-08,0.2160210833967557,18.16,2.01,1.74,2.9488949022029365,226.747,-0.4985318574986852,1.0000296594444347,1.1815219490739715,3.1719509910232757
2012-02-09,0.1474110560281349,18.63,2.04,1.77,2.9488949022029365,226.747,0.4504669633181413,1.0200110625801395,1.39946334025991,3.340362869242508
2012-02-10,-0.6886302644093845,20.79,1.96,1.69,2.9488949022029365,226.747,1.3845830317503527,1.858275554107336,2.1189560017190967,5.501846683493183
2012-02-13,0.6800039312997219,19.04,1.99,1.7,2.9488949022029365,226.747,0.7723163892827012,1.50987474827744,3.2683023740935457,4.49410766049283
2012-02-14,-0.0939523375204309,19.54,1.92,1.63,2.9488949022029365,226.747,0.5301765405173686,1.124032114841711,3.241764479590925,4.075530474824163
2012-02-15,-0.5383205872824925,21.14,1.93,1.64,3.0787461634854463,227.033,1.506069754465278,2.2974461410392832,4.419942674036292,4.470570914979777
2012-02-16,1.102570580548079,19.22,1.99,1.7,3.0787461634854463,227.033,0.5669899966417979,0.853433292608452,3.3968074251078617,3.7134348170940967
2012-02-17,0.234893030727723,17.78,2.01,1.72,3.3240078842433185,227.505,0.46722342607914413,0.22773341980537598,3.5644248383761123,4.246898718307857
2012-02-21,0.0719922777789872,18.19,2.05,1.74,3.3240078842433185,227.505,0.7319057310795296,-1.3837790154584084,3.179396703570103,3.756399190481341
2012-02-22,-0.3340106803125353,18.19,2.01,1.72,2.914566954067177,227.505,0.5907236958695439,-0.370492551171997,3.331465855226323,3.0419932617937517
2012-02-23,0.4272002277298181,16.8,1.99,1.68,2.914566954067177,227.505,0.7796345464742283,0.17969528349794928,2.150416528492327,2.5391281085645367
2012-02-24,0.167223780836756,17.31,1.98,1.67,2.914566954067177,227.505,0.28482834772745047,0.3756209029166735,2.2969229385898293,1.2052045817795287
2012-02-27,0.1354559139489008,18.19,1.92,1.62,2.914566954067177,227.505,-0.23837625656090156,0.2559246621775868,3.5770987772617557,-0.6580919884565772
2012-02-28,0.3356333407924516,17.96,1.94,1.64,2.914566954067177,227.505,-2.100312439423213,1.7322724810533652,2.9398449358899237,-0.25288902604679864
2012-02-29,-0.4736987673316872,18.43,1.98,1.68,2.914566954067177,227.505,-0.9555714599963849,2.094192963294983,2.9186913320767394,1.602856578203915
2012-03-01,0.6158039788692005,17.26,2.03,1.73,2.914566954067177,227.505,-0.5952981132310131,2.0748284664610983,2.124319673576558,-0.2787267318702713
2012-03-02,-0.3245756135652589,17.29,1.99,1.71,2.914566954067177,227.505,0.09053468673687615,2.5218518095663,2.835799864331623,-0.004385023220632167
2012-03-05,-0.3869693865664492,18.05,2.0,1.69,2.914566954067177,227.505,0.4954820302541352,3.3291099226947285,4.010033112959066,1.9386859553149893
2012-03-06,-1.5370160722531612,20.87,1.96,1.66,2.914566954067177,227.505,3.914808122451996,4.627206025004549,5.212304988593641,3.1101141728544945
2012-03-07,0.6900622046460692,19.07,1.98,1.68,2.914566954067177,227.505,3.079188267575894,3.715724890339067,3.425175834296379,1.7957637324927278
2012-03-08,0.9817931917032618,17.95,2.03,1.71,2.914566954067177,227.505,2.6861169834135668,1.9671863039885107,2.355200640598576,0.9239257931629385
2012-03-09,0.363125009216203,17.11,2.04,1.71,2.914566954067177,227.505,2.429117928522362,1.9141122300318392,0.8264792500414009,-0.28668318111394475
2012-03-12,0.0160460659222705,15.64,2.04,1.71,2.914566954067177,227.505,2.8196569986972175,3.312696108758839,-0.911683427901222,0.0641828694505131
2012-03-13,1.813154933030892,14.8,2.14,1.79,2.914566954067177,227.505,0.6855595611677368,1.1870102037300656,-1.9513586580599096,-0.3768050395510314
2012-03-14,-0.1196261996068037,15.31,2.29,1.89,2.914566954067177,227.505,0.6175219590504044,0.807585960426005,-0.4812579156854624,0.40880964025202804
2012-03-15,0.5967198922915307,15.42,2.29,1.92,2.914566954067177,227.505,-0.7001245158984593,0.04848522192884008,-2.3057155556275966,0.05418578203710833
2012-03-16,0.1119398536078675,14.47,2.31,1.94,3.334358686703265,228.433,-0.5027922810483365,0.3062255014165238,-2.4640959836341847,-0.4458156469452246
2012-03-19,0.3973846386160939,15.04,2.39,2.0,3.334358686703265,228.433,0.47951833769284136,0.6589848599042103,-1.345626579402437,-0.2787766420243587
2012-03-20,-0.3000518154814724,15.58,2.38,1.97,2.772753857920529,228.433,0.4980363070413052,0.5592225825558295,-1.449997481331522,-0.22838244157997734
2012-03-21,-0.1871197027623727,15.13,2.31,1.92,2.772753857920529,228.433,0.1888975177235297,-0.28013983062835646,-1.8511765307299588,-0.8069106088984923
2012-03-22,-0.72065416718331,15.57,2.29,1.92,2.772753857920529,228.433,0.7538878917800584,0.38052862952724364,-1.023133567415846,-1.7002005494645034
2012-03-23,0.3108858515779689,14.82,2.25,1.88,2.772753857920529,228.433,0.8131060167538617,-1.0672054695776478,-2.159460905844224,-1.9704983562870648
2012-03-26,1.388582475071254,14.26,2.26,1.9,2.772753857920529,228.433,0.1786100542482849,-4.088925849164749,-3.1443504638467124,-3.726767809514786
2012-03-27,-0.2816775177631903,15.59,2.2,1.87,2.772753857920529,228.433,0.060883055791860485,-3.101553109901334,-1.545470352501277,-4.101893259947587
2012-03-28,-0.494150905632218,15.47,2.21,1.87,2.772753857920529,228.433,-0.4681530189199923,-1.2785187382797214,-0.39558165824000735,-3.38304477329876
2012-03-29,-0.1607929836799582,15.48,2.18,1.85,2.772753857920529,228.433,-0.3705656129655788,-2.3530598912460343,0.0056977975184890894,-3.555242974093764
2012-03-30,0.3698436019823115,15.5,2.23,1.9,2.772753857920529,228.433,-1.8651458730167936,-2.761863953311239,-0.7497452372496438,-4.978451552089758
2012-04-02,0.7504645877610239,15.64,2.22,1.89,2.772753857920529,228.433,-4.2599272450497105,-1.9914878359806876,-0.9316222523341633,-6.228154417771126
2012-04-03,-0.3988635996082901,15.66,2.3,1.94,2.772753857920529,228.433,-3.1605119494396927,-1.9980465364455746,-0.7832250527684881,-6.2672427619373305
2012-04-04,-1.0202524371008104,16.44,2.25,1.9,2.772753857920529,228.433,-0.8141773150394438,-1.5754501635213414,-0.5282506186585323,-6.7264237872024175
2012-04-05,-0.0629042222354048,16.7,2.19,1.84,2.772753857920529,228.433,-1.9898680449986106,-1.3983411086860853,-2.0728414239290283,-7.357231959882227
2012-04-09,-1.1358438273891824,18.81,2.06,1.74,2.772753857920529,228.433,-0.9137610569371568,-1.104037787925538,-0.9130368660835164,-4.790186895996129
2012-04-10,-1.7081454337735449,20.39,2.01,1.73,2.772753857920529,228.433,2.369372973921946,0.9848449656944869,0.37759773087349124,-3.0884933639388823
2012-04-11,0.7448895819775148,20.02,2.05,1.75,2.772753857920529,228.433,1.2004043354578497,1.6058902978754341,-1.0323593227256067,-3.6421138888908633
2012-04-12,1.3779387810288313,17.2,2.08,1.79,2.772753857920529,228.433,-0.7675218371680947,0.894371790977222,-2.1317812578599327,-4.820650141422867
2012-04-13,-1.247500104029453,19.55,2.02,1.75,3.0719395330004007,229.098,0.6035365165961482,2.4155981602060006,-1.2311528466829702,-3.8270155374039216
2012-04-16,-0.0503600390907243,19.55,2.0,1.73,3.0719395330004007,229.098,-0.1920314394995959,2.0692691138129993,-2.2795455454989733,-2.712523186158544
2012-04-17,1.5486673802446171,18.46,2.03,1.76,3.0719395330004007,229.098,-1.3524826498450437,1.0814015642567787,-4.32275369582219,-5.569542370188707
2012-04-18,-0.4055288780130728,18.64,2.0,1.73,3.0719395330004007,229.098,0.40067622761017496,1.2395890497518103,-4.356235844910383,-5.400902277213982
2012-04-19,-0.5934396967956612,18.36,1.98,1.71,2.509284531746392,229.098,1.6747476823246288,1.06396173170471,-5.233423604414611,-7.181245223178678
2012-04-20,0.1169265680053044,17.44,1.99,1.7,2.509284531746392,229.098,1.8011907994019083,-0.684065889790364,-6.043398172199577,-7.279491447648834
2012-04-23,-0.8407570124922548,18.97,1.96,1.69,2.509284531746392,229.098,2.265651316149042,0.19313318518747735,-3.727299907518955,-5.957828792570641
2012-04-24,0.3679773444691614,18.1,2.0,1.73,2.509284531746392,229.098,2.467253388103674,-0.6013251147014009,-4.033613490239207,-4.142945329275827
2012-04-25,1.3644592157896265,16.82,2.01,1.75,2.509284531746392,229.098,0.8355649121723152,-2.5965518464200588,-5.165059005320305,-5.4433377935650835
2012-04-26,0.6680165568110796,16.24,1.98,1.72,2.509284531746392,229.098,-0.6007253172914062,-2.999327906125837,-5.664361481173474,-5.308643503900489
2012-04-27,0.2414323726029899,16.32,1.96,1.7,2.509284531746392,229.098,-2.4412844974372128,-3.5607378879772167,-6.09537395645996,-6.728845957295004
2012-04-30,-0.3883501901694619,17.15,1.95,1.68,2.509284531746392,229.098,-2.026602387300569,-4.260650337823801,-4.6848501429353595,-5.274300825232703
2012-05-01,0.5658384242170911,16.6,1.98,1.71,2.509284531746392,229.098,-2.9946918662712485,-5.346339857232374,-6.579789982648343,-6.468818545810495
2012-05-02,-0.2496683664631072,16.88,1.96,1.69,2.509284531746392,229.098,-3.403676829283131,-5.527308977827106,-6.559184395446804,-5.220677307358679
2012-05-03,-0.7658871330822326,17.56,1.96,1.68,2.509284531746392,229.098,-2.4130986835578017,-6.231088934388951,-8.158404651474093,-3.5017988566582225
2012-05-04,-1.6147208958519288,19.16,1.91,1.64,2.509284531746392,229.098,-1.147466307621292,-5.396246161730733,-6.640853370557453,-1.7763455352231672
2012-05-07,0.0350581022064977,18.94,1.92,1.65,2.509284531746392,229.098,-2.2802597490338194,-3.912876030596113,-6.13910532809594,-0.8469732296136234
2012-05-08,-0.4278673417828948,19.05,1.88,1.61,2.509284531746392,229.098,-2.4242467100039633,-3.4530524471261814,-3.5630457032362672,-0.5888327126818194
2012-05-09,-0.6702266480503982,20.08,1.87,1.6,2.509284531746392,229.098,-2.1984606440876964,-2.6369776507813025,-2.9226747113268448,-2.146048755492469
2012-05-10,0.2517410777005402,18.83,1.89,1.62,2.509284531746392,229.098,-3.9124003317316802,-2.747438257405599,-2.3807212341166006,-1.6914683369028682
2012-05-11,-0.3387341305176816,19.89,1.84,1.57,2.509284531746392,229.098,-4.2980990930706175,-2.6282200972655323,-3.285081200266504,-2.931161270287419
2012-05-14,-1.111286391927968,21.87,1.78,1.49,2.509284531746392,229.098,-1.6707128747675326,-0.4430778009338443,-1.0587605733542116,-1.3718373883127244
2012-05-15,-0.5745837446504476,21.97,1.76,1.47,2.5446328694796128,229.177,-1.0543661744169097,-1.303119312613521,-1.1858798559771122,0.08942490010106496
2012-05-16,-0.4403818556987793,22.27,1.76,1.46,2.1137711477367427,229.177,-0.4483743400988671,-1.0922473007332067,0.32457175417652806,0.32004756024321956
2012-05-17,-1.5051375861739211,24.49,1.7,1.38,2.1137711477367427,229.177,1.2123958537292978,-2.0553888225667727,2.910655617852975,4.391279483728439
2012-05-18,-0.7387777046316768,25.1,1.71,1.39,2.1137711477367427,229.177,1.7448754726711702,-1.3156002360693253,3.8263815965442705,5.426880425904956
2012-05-21,1.603590123766763,22.01,1.75,1.45,2.1137711477367427,229.177,1.248493820839136,-2.3168861815540565,3.190753010735059,4.409610234690331
2012-05-22,0.0486337018660298,22.48,1.79,1.49,2.1137711477367427,229.177,-0.25140385540922683,-0.11392722286727164,2.9666600623243777,3.8697242948226407
2012-05-23,0.1693703212352737,22.33,1.73,1.45,2.1137711477367427,229.177,-0.6467729244663545,-0.29343487255442113,0.5042252011528303,2.7159871978242434
2012-05-24,0.1380031526917458,21.54,1.77,1.48,2.1137711477367427,229.177,-3.228640769475144,0.3770769805114149,1.085801650446605,2.406329007337149
2012-05-25,-0.2165632329979128,21.76,1.75,1.45,2.1137711477367427,229.177,-3.007990028512586,-0.67459083489807,-0.3111180398719937,1.7946324519264145
2012-05-29,1.107897759277621,21.03,1.74,1.44,2.1137711477367427,229.177,-3.521415349350465,-0.6184228668593361,-0.9328930292981652,0.6777072491212621
2012-05-30,-1.4334892170861036,24.14,1.63,1.36,2.1137711477367427,229.177,0.13782312519232676,0.1187873981628007,1.4109303181782717,1.632508783342801
2012-05-31,-0.227666551690131,24.06,1.59,1.32,2.1137711477367427,229.177,0.3556382236515887,1.4324651164784319,1.4278909614604096,3.544914242977848
2012-06-01,-2.464258474972991,26.66,1.47,1.22,2.1137711477367427,229.177,3.7260174690707526,5.070257955716806,6.5819530332471565,5.9153057240204365
2012-06-04,0.0109554195610428,26.12,1.53,1.28,2.1137711477367427,229.177,2.4057643452285005,5.21053159862559,6.832367302332898,6.688415296903694
2012-06-05,0.5726850663809513,24.68,1.57,1.32,2.1137711477367427,229.177,3.008950113647413,5.638271526157168,6.8860380809996125,6.789578319476819
2012-06-06,2.304940092011853,22.16,1.66,1.4,2.1137711477367427,229.177,-0.01900952750463203,3.0841009157153154,3.988195157675589,4.667219564219582
2012-06-07,-0.0106464492421021,21.72,1.66,1.39,2.1137711477367427,229.177,1.0730108560786933,0.8000075749151181,3.01827875279026,3.625125993302558
2012-06-08,0.8114163624478143,21.23,1.65,1.37,2.1137711477367427,229.177,1.2959530496260419,0.7060622716407616,2.02162892950124,1.8752911538851613
2012-06-11,-1.2620113782869202,23.56,1.6,1.33,2.1137711477367427,229.177,2.73887634288017,0.36594140218628723,2.4859935716147197,2.2445817329594497
2012-06-12,1.1650737147309576,22.09,1.67,1.37,2.1137711477367427,229.177,2.552517436211965,-0.31642701948425556,1.3041955595494814,1.035354738887584
2012-06-13,-0.7023250955987548,24.27,1.61,1.31,2.1137711477367427,229.177,3.1037004420091385,1.2906098381682662,1.5119254083252986,3.4330139998181908
2012-06-14,1.0814652782245693,21.68,1.64,1.34,1.82415241965308,228.527,-0.27010502492335053,-0.004509557184473323,2.082616373439783,4.278835013304039
2012-06-15,1.033781542905965,21.11,1.6,1.31,1.82415241965308,228.527,-0.5823438747807552,1.4387468984490948,0.8042692430237919,3.1619615209972585
2012-06-18,0.1444746601191093,18.32,1.59,1.3,1.6561093218981693,228.527,-2.309675777233988,1.5415145984572831,1.404691788761414,2.568443629419881
2012-06-19,0.9815695418065262,18.38,1.64,1.34,1.6561093218981693,228.527,-2.7975368400690037,1.1811690373346284,1.0898576592429432,1.2768940683739904
2012-06-20,-0.1686357012206873,17.24,1.65,1.33,1.6561093218981693,228.527,-1.7585116693853875,0.877045280435107,1.5357544320036665,0.6867395198117299
2012-06-21,-2.226167703901349,20.08,1.63,1.31,1.6561093218981693,228.527,0.26631479738874475,2.200665685691061,2.802696633021351,4.939983854239416
2012-06-22,0.7174604262178752,18.11,1.69,1.38,1.6561093218981693,228.527,2.032929413145923,1.30634306235895,1.1610312784254617,4.435136557599306
2012-06-25,-1.5954853497705423,20.38,1.63,1.32,1.6561093218981693,228.527,3.9422434169727127,2.1123223075574904,1.8717906737357293,6.670371680192311
2012-06-26,0.4772721486371312,19.72,1.66,1.35,1.6561093218981693,228.527,4.093215077129586,1.6257669449212697,1.3560727389216432,6.229591214865926
2012-06-27,0.8984905521485453,19.45,1.65,1.34,1.6561093218981693,228.527,2.682733124879988,0.21849564388110032,2.1151063904865097,5.327182080772452
2012-06-28,-0.2109799583246085,19.71,1.6,1.29,1.6561093218981693,228.527,1.9292131083216812,2.0872200550061892,4.283537739072396,5.780860906860474
2012-06-29,2.492023877666627,17.08,1.67,1.34,1.6561093218981693,228.527,-0.7121096639741697,-0.625478601446483,1.6987735704911522,3.079663924888121
2012-07-02,0.2459311315762491,16.8,1.61,1.31,1.6561093218981693,228.527,-1.7605172346284337,-0.13474568528639708,1.011339091231389,2.8136039773086097
2012-07-03,0.6232110863167994,16.66,1.65,1.35,1.6561093218981693,228.527,-2.37042167482292,-0.09024542704973992,0.09460755588233116,2.2932715184437624
2012-07-05,-0.4687023030974124,17.5,1.62,1.34,1.6561093218981693,228.527,-2.399855755691571,0.6529822019839759,-0.18865120414098824,3.5047350247227937
2012-07-06,-0.943264946713962,17.1,1.57,1.3,1.6561093218981693,228.527,0.15501635092247668,0.5890675401095669,2.68033299995607,4.6859758726686795
2012-07-09,-0.1638831816675789,17.98,1.53,1.26,1.6561093218981693,228.527,0.08725239526641282,-0.14343799168038407,3.0884477720357406,4.8555998581866655
2012-07-10,-0.8125926498228409,18.72,1.53,1.26,1.6561093218981693,228.527,1.6549064628372578,-0.23555593329598334,4.463760366654057,5.344888428967676
2012-07-11,-0.0014923577632885,17.95,1.54,1.27,1.6561093218981693,228.527,2.3355383551678877,-0.2653797497496946,4.530174195329639,5.370311355974722
2012-07-12,-0.4987097282612596,18.33,1.5,1.25,1.6561093218981693,228.527,3.1279031207513297,1.8924757694875893,5.0975485154403755,5.043599283505884
2012-07-13,1.649736234989274,16.74,1.52,1.27,1.6561093218981693,228.527,0.4333793802861363,2.1514129612725474,3.61812266987398,4.005805982721045
2012-07-16,-0.2314313728559835,17.11,1.5,1.26,1.6561093218981693,228.527,-0.23048927952956655,2.338881374448021,3.728463266227644,4.19608803988889
2012-07-17,0.7409672577889825,16.48,1.53,1.28,1.6965890286649632,228.618,-1.8596863269205288,1.14763115998886,2.9523277969168316,3.3461177126688835
2012-07-18,0.6680490923747229,16.16,1.52,1.3,1.9232826877808584,228.618,-2.541559019204831,0.18501995498054757,2.3856699034858764,2.746977675426643
2012-07-19,0.2717099891568653,15.45,1.54,1.32,1.9232826877808584,228.618,-1.1979564345618532,-0.8361733430173324,2.833252190199498,1.6687107641909504
2012-07-20,-1.0061659913606968,16.27,1.49,1.27,1.9232826877808584,228.618,1.7106201061712234,2.0790186359095575,4.0729161058437935,3.223101931028638
2012-07-23,-0.890905606969361,18.62,1.47,1.25,1.9232826877808584,228.618,2.575306459281257,3.2365281747301466,5.006218669385554,4.029553141603093
2012-07-24,-0.9040932945028056,20.47,1.44,1.22,1.9232826877808584,228.618,3.064303928075107,4.710411954792271,5.593620467160143,4.866576500286945
2012-07-25,-0.0313861457302278,19.34,1.43,1.21,1.9232826877808584,228.618,2.797683758067415,4.808314237369649,5.650686884437506,7.043178395610616
2012-07-26,1.6540974699349675,17.53,1.45,1.22,1.9232826877808584,228.618,0.3661696443605589,3.145544086301011,3.0925968676501325,5.727858656147711
2012-07-27,1.9080565579335351,16.7,1.58,1.33,1.9232826877808584,228.618,0.3622026189141314,1.4358193059527347,1.8153376127568288,3.1104559451380576
2012-07-30,-0.0483359588707488,18.03,1.53,1.3,1.9232826877808584,228.618,0.6446207554947625,1.357823999165375,1.8147615456588273,3.483722519641197
2012-07-31,-0.4316828360845903,18.93,1.51,1.28,1.9232826877808584,228.618,1.597166006055728,1.7842203680216828,2.173542303924636,4.149879254533184
2012-08-01,-0.2899979813067777,18.96,1.56,1.32,1.9232826877808584,228.618,1.9559102946659968,2.1965858263981897,2.55722634142046,6.156388858735995
2012-08-02,-0.7503669467536,17.57,1.51,1.27,1.9232826877808584,228.618,2.7692343463828095,3.7003670157967683,2.5260058951466213,7.382419013278496
2012-08-03,1.904028588598905,15.64,1.6,1.36,1.9232826877808584,228.618,1.0697420533058999,1.9532882433420662,1.1207820278912317,5.046761778641384
2012-08-06,0.2329269266581279,15.95,1.59,1.35,1.9232826877808584,228.618,0.7086352338723234,1.7142096174138866,0.7681631500922936,4.668524327559531
2012-08-07,0.5106758007594747,15.99,1.66,1.39,1.9232826877808584,228.618,0.18411375958535814,0.8434772587363915,0.14913946242722798,4.260182986568095
2012-08-08,0.0620826440464128,15.32,1.68,1.39,1.9232826877808584,228.618,0.23605844039509272,0.8037269306326866,2.1323348004429032,4.13915364744073
2012-08-09,0.0413685539444319,15.28,1.69,1.4,1.9232826877808584,228.618,0.9060422366051313,-0.05133253124982584,2.503563864752234,4.08825018461092
2012-08-10,0.2188441817939201,14.74,1.65,1.38,1.9232826877808584,228.618,0.874194563166264,0.3741462428171971,1.6509322354209433,3.6290709459943837
2012-08-13,-0.1251900795761873,13.7,1.65,1.38,1.9232826877808584,228.618,0.9984986701551124,0.45081625518839097,2.0974192584218843,2.6693051726547345
2012-08-14,-0.0128146400568462,14.85,1.73,1.46,1.9232826877808584,228.618,0.6581517512180612,0.3824973404475296,2.324190211368693,2.0934014839586013
2012-08-15,0.1139640526754526,14.63,1.8,1.53,1.9700941579285256,228.723,0.5663316166558685,0.35288900515215715,3.8746920949632724,2.9611601495280304
2012-08-16,0.7100510313353237,14.29,1.83,1.54,1.9700941579285256,228.723,-0.9487784345065031,-1.1324560890621282,3.5506643837825758,1.77745363904942
2012-08-17,0.1872133998191527,13.45,1.81,1.52,1.9700941579285256,228.723,-0.49571480844482485,-0.8165565130805796,3.034206731925848,1.8566279841554012
2012-08-20,-0.0021174829462955,14.02,1.82,1.53,1.9700941579285256,228.723,-0.542267877421998,-0.9301025597898138,2.904525062189456,1.947634915140939
2012-08-21,-0.3497536135912971,15.02,1.8,1.49,1.4630143063103065,228.723,-0.2738520487161722,-0.6885302006471861,3.3881276416771744,2.676248796180003
2012-08-22,0.0226403248804629,15.11,1.71,1.45,1.4630143063103065,228.723,-0.21224062573678149,1.3180146312690377,3.3088327370111026,3.3894852111222784
2012-08-23,-0.8072242646582573,15.96,1.68,1.42,1.4630143063103065,228.723,-0.18543704121223303,2.5562085625612685,4.14170875980413,4.197342484079747
2012-08-24,0.6454730908207917,15.18,1.68,1.4,1.4630143063103065,228.723,-0.3224400878998446,1.2720267523023354,3.242791919049637,2.5050898607948957
2012-08-27,-0.0489014813783827,16.35,1.65,1.37,1.4630143063103065,228.723,-0.3899492518991132,1.6392131638337304,2.208532493982318,1.9206259491323818
2012-08-28,-0.0808182287427627,16.49,1.64,1.37,1.4630143063103065,228.723,-0.41581687496201614,1.9342942468704383,1.704384916534285,2.02299334775764
2012-08-29,0.0844349226581941,17.06,1.66,1.39,1.4630143063103065,228.723,1.5335099882004988,3.5094187369436813,2.5990992090342058,1.6345640809653617
2012-08-30,-0.780580496271055,17.83,1.63,1.36,1.4630143063103065,228.723,2.746739075444804,4.736762225087077,2.9432406359086283,3.2616001260963756
2012-08-31,0.5073295570515723,17.47,1.57,1.35,1.4630143063103065,228.723,1.599624671398714,3.882465772136956,2.6951922652176385,3.795504595915755
2012-09-04,-0.1165959063598176,17.98,1.59,1.36,1.4630143063103065,228.723,2.037106095713459,3.870628436143786,2.9047546724952467,4.344498123804441
2012-09-05,-0.1067661296965227,17.74,1.6,1.35,1.4630143063103065,228.723,2.359924084411724,4.1049214663329,3.3881071377005245,4.200759555665701
2012-09-06,2.0435540463669577,15.6,1.68,1.41,1.4630143063103065,228.723,1.9460656378104124,1.9649201704033947,2.0445234614910657,0.4218424101770202
2012-09-07,0.4049974057970251,14.38,1.67,1.42,1.4630143063103065,228.723,1.936823657421427,1.5459816811340898,1.6002287375097346,0.060742659281531886
2012-09-10,-0.6147829935223559,16.28,1.68,1.43,1.4630143063103065,228.723,2.2468991476312983,1.9460113813734026,1.2175752258898331,-0.7745038552211647
2012-09-11,0.313495582950507,16.41,1.7,1.45,1.4630143063103065,228.723,1.7969172300030145,0.5601374827950645,0.2768742265301327,-1.389791151028652
2012-09-12,0.2092692232889659,15.8,1.77,1.52,1.4630143063103065,228.723,1.7047661939277425,-0.22554659551509149,0.08701595625160152,-1.3009468070609098
2012-09-13,1.630974737217783,14.05,1.75,1.51,1.4630143063103065,228.723,0.018494615240949308,-0.8794557432719952,-1.8112889424517609,-2.9556651983459914
2012-09-14,0.3958951318527193,14.51,1.88,1.61,2.0747476987911684,230.102,-0.3834158866876436,-1.7124088534683168,-1.4084472993546315,-3.323276398993502
2012-09-17,-0.3124690820504483,14.59,1.85,1.6,2.0747476987911684,230.102,-0.29427568832522955,-1.14290077550101,-0.08371112061580366,-1.9605977525634644
2012-09-18,-0.127977552007219,14.18,1.82,1.57,1.6944508282213944,230.102,-1.214948134837468,-0.9298815056677512,0.4562114380119331,-2.7557029613266226
2012-09-19,0.1185553958514828,13.88,1.79,1.52,1.6944508282213944,230.102,-1.8979570591236339,-0.6885498961393455,0.09205913417245082,-2.6606858845663384
2012-09-20,-0.0540733743606969,14.07,1.8,1.53,1.6944508282213944,230.102,-0.8977843167578548,0.07806929182569977,-1.5133418019134703,-1.8431855527764496
2012-09-21,-0.0075319019097297,13.98,1.77,1.5,1.6944508282213944,230.102,-1.3341081493709495,0.05342117479938402,-1.4626270752065684,-4.162774477161369
2012-09-24,-0.2232653981520282,14.15,1.74,1.47,1.6944508282213944,230.102,-0.8511297551212049,-0.7145312951563398,-2.66858428273109,-5.120619905717271
2012-09-25,-1.05018557847808,15.43,1.7,1.43,1.6944508282213944,230.102,0.2885726370411401,-0.2816854305845995,-1.939067191666577,-3.9507536883669037
2012-09-26,-0.573673494358995,16.81,1.64,1.38,1.6944508282213944,230.102,1.2328052777791365,0.3132691196007231,-1.0778312231751408,-3.781570700176695
2012-09-27,0.9648981834660786,14.84,1.66,1.41,1.6944508282213944,230.102,0.984694037217726,-0.940100971163238,-2.0946308059977214,-6.021191634415446
2012-09-28,-0.4477753072888002,15.73,1.65,1.42,1.6944508282213944,230.102,1.4062907638547673,0.30925730355986225,-1.6389327754747662,-5.748918014510784
2012-10-01,0.2651506710448004,16.32,1.64,1.39,1.6944508282213944,230.102,0.13777107054018245,1.0714350948937357,-0.8271504863859191,-5.543200362653245
2012-10-02,0.0872286948434108,15.71,1.64,1.41,1.6944508282213944,230.102,-0.5686171939943585,1.3991029431936974,-1.8429587885910648,-3.7510510321401846
2012-10-03,0.3624409638163683,15.43,1.64,1.41,1.6944508282213944,230.102,-0.9083381179206151,0.7860211783187632,-1.9858092761353308,-4.035017198962687
2012-10-04,0.7174435557619541,14.55,1.7,1.47,1.6944508282213944,230.102,-1.9060264792915893,-1.590169659547136,-1.919756104606507,-4.4975373212829295
2012-10-05,-0.0321589363126983,14.33,1.75,1.48,1.6944508282213944,230.102,-1.0818199265857809,-1.5152387916424481,-4.213944513296363,-3.222369517630752
2012-10-09,-0.989094181235195,16.37,1.74,1.49,1.6944508282213944,230.102,0.9323794751691095,-1.9681157908250757,-4.437798066562348,-2.4539654912072217
2012-10-10,-0.6188030354815854,16.29,1.72,1.45,1.6944508282213944,230.102,1.9789729174612525,-1.6620635519548732,-3.6794326835801083,-2.359596575950884
2012-10-11,0.019538952303133,15.59,1.7,1.42,1.6944508282213944,230.102,1.7098908869402907,-1.386756064262351,-4.082052011379722,-1.6117547983891423
2012-10-12,-0.296613725285566,16.14,1.69,1.42,1.6944508282213944,230.102,0.3219941127961201,-1.16548658554394,-5.129311369248468,-0.8977211914875993
2012-10-15,0.8077922524027725,15.27,1.7,1.43,1.6944508282213944,230.102,-0.4381589559522725,-1.9421837339887338,-6.0394977302415604,-1.6758710203884086
2012-10-16,1.026993327849146,15.22,1.75,1.48,2.2742941997984545,231.414,-2.873701463372069,-1.87845911111989,-6.544515224639536,-3.1372154543695907
2012-10-17,0.4117058019306618,15.07,1.83,1.53,2.2742941997984545,231.414,-3.5703796236142504,-3.197327824094287,-5.079092246229344,-3.699308179380989
2012-10-18,-0.2443729097514002,15.03,1.86,1.57,2.2742941997984545,231.414,-3.044587821497946,-2.7502131962823917,-4.783439529527289,-3.3104016659562197
2012-10-19,-1.6571304555192734,17.06,1.79,1.49,2.2742941997984545,231.414,-1.4827064707940485,-0.3349121159127555,-2.9543467879963203,-1.3560294699958675
2012-10-22,0.0439582266530846,16.62,1.83,1.51,1.9647066599105532,231.414,-1.510643799134903,-2.74022669958498,-1.7333958117405235,-1.1113680523858527
2012-10-23,-1.444390628760639,18.83,1.79,1.5,1.9647066599105532,231.414,1.024688850751243,-2.51926431452405,-0.49560375616718444,0.37187367436721797
2012-10-24,-0.3085382876604425,18.33,1.8,1.51,1.9647066599105532,231.414,0.3868643245341641,-2.0514657969166072,-0.7093224132932008,1.3418757271074444
2012-10-25,0.2995542646406335,18.12,1.86,1.55,1.9647066599105532,231.414,0.30361855888310085,-2.73319874648259,-0.2281627955302179,1.08449826007615
2012-10-26,-0.0728981732260325,17.81,1.78,1.48,1.9647066599105532,231.414,1.1650689069539366,-4.010567408858967,0.2709229648690803,0.5187765207709916
2012-10-31,0.0155879699258454,18.6,1.72,1.42,1.9647066599105532,231.414,-1.2484424184298404,-4.178467512612782,0.2715874406971075,0.08748943789735897
2012-11-01,1.0926475234507071,16.69,1.75,1.45,1.9647066599105532,231.414,-3.5080070085748427,-4.75538405863788,-1.282854235519193,0.18096227133064247
2012-11-02,-0.9379454163327194,17.59,1.75,1.47,1.9647066599105532,231.414,-2.428933444487369,-1.9439178483787956,-0.5185604322725079,2.291141639246308
2012-11-05,0.2163809008205897,18.42,1.72,1.44,1.9647066599105532,231.414,-3.027624874353796,-2.090725748683242,-0.5760305375316244,1.295649162610668
2012-11-06,0.7853184882181896,17.58,1.78,1.48,1.9647066599105532,231.414,-5.116031029023615,-2.6282369560843843,-1.0245486917853208,1.0579440578649013
2012-11-07,-2.3705000038029778,19.08,1.68,1.41,1.9647066599105532,231.414,-2.9670672199400006,1.0351976502501081,1.6747506105817767,2.540884847422409
2012-11-08,-1.220484261628385,18.49,1.62,1.35,1.9647066599105532,231.414,-1.2927259676084102,2.075959464325572,2.9658557340185965,3.5545213101142448
2012-11-09,0.1698692425988746,18.61,1.61,1.34,1.9647066599105532,231.414,0.49708957094634076,1.3702536689733869,3.4644127670031333,2.8839899069508235
2012-11-13,-0.3985420522191307,16.65,1.59,1.32,1.9647066599105532,231.414,0.9661505397352554,2.575427503186023,3.9249743564695017,3.169806796534669
2012-11-14,-1.3852035718884714,17.92,1.59,1.34,1.9647066599105532,231.414,2.621932977635244,4.460376791646059,4.718586001984426,3.462959063861848
2012-11-15,-0.1593544913831457,17.99,1.58,1.34,2.113194245555272,231.751,4.124645886218703,4.644107475421189,4.451981553385886,5.383756195271694
2012-11-16,0.4839949635948359,16.41,1.58,1.34,2.113194245555272,231.751,3.41280363069143,3.645906688580225,5.182808793105509,7.540374054645804
2012-11-19,1.9862053761098288,15.24,1.61,1.36,2.113194245555272,231.751,0.8688451593522384,1.4536144875769486,4.319017642451395,5.226079912841719
2012-11-20,0.0663386379305519,15.08,1.66,1.39,2.113194245555272,231.751,1.5938777053973396,1.5470395656939306,3.4586865618079,5.667916270118423
2012-11-21,0.2320181125065268,15.31,1.69,1.42,2.1996533826065034,231.751,1.7914726030462624,1.6469746609967695,3.785677591445924,5.094065825982219
2012-11-23,1.302631484263972,15.14,1.7,1.41,2.1996533826065034,231.751,0.4988843753381378,0.6330001575743927,1.4902600600480875,3.4063087086812605
2012-11-26,-0.2029581877026731,15.5,1.66,1.39,2.1996533826065034,231.751,0.22541024873599103,0.8717980946376214,1.448491744332303,3.891798914058686
2012-11-27,-0.5226587298556074,15.92,1.64,1.37,2.1996533826065034,231.751,0.5797323517493291,2.0658516894593637,1.4932745881455434,5.231107608334851
2012-11-28,0.7856028682432292,15.51,1.63,1.36,2.1996533826065034,231.751,-0.046103309334488696,1.315662908879034,0.5794558285708629,4.405891976959242
2012-11-29,0.4269642628790704,15.06,1.62,1.37,2.1996533826065034,231.751,-0.14195485963054422,0.2471838780109037,-0.9548287670583466,3.865256854154042
2012-11-30,0.0162507536987543,15.87,1.62,1.37,2.1996533826065034,231.751,0.13345002093292369,-0.18359936996971138,0.706823095628395,3.965591236948529
2012-12-03,-0.4745224843287543,16.64,1.63,1.38,2.1996533826065034,231.751,0.6449340983463392,1.4828391719734046,3.7574733923328774,4.4818615424374375
2012-12-04,-0.1709812393515641,17.12,1.62,1.37,2.1996533826065034,231.751,1.4775534821595437,2.8243480228349105,3.7184140203567972,5.251404712978336
2012-12-05,0.1584862223349636,16.46,1.6,1.35,2.1996533826065034,231.751,1.362394327084493,1.8825236110179944,4.058096348302276,5.442491880775613
2012-12-06,0.3306590608326498,16.58,1.59,1.34,2.1996533826065034,231.751,0.3896919242655228,2.1040497639815747,3.391238329012536,5.560357613867639
2012-12-07,0.292091959627716,15.9,1.64,1.39,2.1996533826065034,231.751,-0.3166268523019711,0.8518675793540043,2.7558639280994113,5.411588652979171
2012-12-10,0.03385605486661,16.05,1.63,1.39,2.1996533826065034,231.751,0.8325357665874167,0.5717094971912751,2.9939000557793527,5.376609554519618
2012-12-11,0.6548882078472928,15.57,1.66,1.42,2.1996533826065034,231.751,1.3271846772618057,-0.5609879228323456,3.101189934225901,5.261093463932354
2012-12-12,0.044823976338959,15.95,1.72,1.47,2.1996533826065034,231.751,0.5131383166178338,-0.7266468571303641,3.050100033258918,5.019326432468341
2012-12-13,-0.6321425165448868,16.56,1.74,1.47,2.1996533826065034,231.751,1.7077030588054765,-1.1990487897714397,3.6091517349214453,6.227061022860503
2012-12-14,-0.4135401260425775,17.0,1.72,1.48,1.8794953321308985,231.025,1.1722059504594151,0.8920602826568258,4.156822506851565,6.252211238866234
2012-12-17,1.187059085338782,16.34,1.78,1.53,1.8794953321308985,231.025,-0.2586727264301869,2.2413978943817803,2.9552014852302744,4.736569863099627
2012-12-18,1.1486656421599406,15.57,1.84,1.56,1.8794953321308985,231.025,-1.8634412927865052,0.8695080637159291,2.3603910326807753,4.5880883259208805
2012-12-19,-0.7589201039747917,17.36,1.82,1.54,1.8794953321308985,231.025,-1.2334558392186001,2.1353738209219264,3.494189330595465,4.171854207680936
2012-12-20,0.548810949285139,17.67,1.81,1.53,1.8794953321308985,231.025,-2.8579466069509785,1.2606635760348261,3.3850839980152925,4.682452631788947
2012-12-21,-0.9378687628036508,17.84,1.77,1.51,1.898817925194085,231.025,-0.2768998315008875,1.8879138229614512,4.521206382259013,5.731564472525075
2012-12-24,-0.2440296594621194,17.84,1.79,1.53,1.898817925194085,231.025,2.5065543934008394,2.40842138479882,4.7775861436088585,5.798857365224919
2012-12-26,-0.478746019469678,19.48,1.77,1.51,1.898817925194085,231.025,2.784843276047688,3.6828381342086214,5.854926819110551,6.909284963168538
2012-12-27,-0.1218442012279497,19.47,1.74,1.48,1.898817925194085,231.025,3.4109016254091573,3.8043913807907614,5.788031841061514,6.974828001024336
2012-12-28,-1.1049941573072375,22.72,1.73,1.46,1.898817925194085,231.025,4.239780856105013,4.866552867959761,7.516233114831716,8.342662059359629
2012-12-31,1.6941941334216226,18.02,1.78,1.53,1.898817925194085,231.025,2.170824664299986,3.2358960804727888,5.312757952600533,6.6008048377913076
2013-01-02,2.5403420320955883,14.68,1.86,1.59,1.898817925194085,231.025,-0.0957333988862441,0.6981551558850052,2.440471296465896,4.0316707352039405
2013-01-03,-0.2085617494613001,14.56,1.92,1.65,1.898817925194085,231.025,0.8736646664423198,1.4780313670441192,3.6865256246278566,4.140145689404906
2013-01-04,0.4865096315322947,13.83,1.93,1.66,1.898817925194085,231.025,0.38051090281270294,1.3304063605387384,1.9939031019063913,4.396269408245335
2013-01-07,-0.3123116153883165,13.79,1.92,1.65,1.898817925194085,231.025,0.601279095856877,2.097972052479502,3.379188852722481,3.4243298758338314
2013-01-08,-0.3242371304872038,13.62,1.89,1.64,1.898817925194085,231.025,1.0424418317776185,2.5844994371688523,3.772430414310235,3.1067507650390347
2013-01-09,0.2655865938542279,13.81,1.88,1.64,1.898817925194085,231.025,0.7946492995549281,2.3134472016787644,3.310700364852326,3.7357432016706937
2013-01-10,0.7597415119266371,13.49,1.91,1.65,1.898817925194085,231.025,0.5991322934486787,2.0949355978183926,3.1118426993516524,1.0685256990547565
2013-01-11,-0.0047513986152325,13.36,1.89,1.63,1.898817925194085,231.025,0.9462947032075508,1.9109407934333467,3.054241326461149,1.6908319522110915
2013-01-14,-0.093067156125437,13.52,1.89,1.63,1.898817925194085,231.025,1.4877474422531733,2.5267162640582264,3.314793035846919,3.08088332394989
2013-01-15,0.1128669764158818,13.55,1.86,1.6,1.898817925194085,231.025,1.5261483960953282,2.0117633022808334,3.259436770612778,2.8757005089538046
2013-01-16,0.0196991910314858,13.42,1.84,1.58,1.8785285815102304,230.979,1.5068239362687752,1.7302364059041286,3.310403824338759,3.094459989132803
2013-01-17,0.5642922184040833,13.57,1.89,1.61,1.8785285815102304,230.979,1.4868948372302127,2.17632745514702,2.6233405265144727,2.988643126445556
2013-01-18,0.3403270397119629,12.46,1.87,1.61,1.8785285815102304,230.979,0.9556032671253156,0.6547854343017967,3.0256101379856792,3.6211832797892862
2013-01-22,0.4428106846314561,12.43,1.86,1.6,1.8785285815102304,230.979,1.0237381831695647,1.254889567820583,1.2991030053687735,3.276243529511502
2013-01-23,0.1507477027169024,12.46,1.86,1.6,1.8785285815102304,230.979,0.4783151078389114,1.1580024113378995,0.5090938014373103,3.308109340553611
2013-01-24,0.0006614683421224,12.69,1.88,1.65,1.8663973503508344,230.979,0.22009601026982129,0.9747039030048699,1.3901359390114054,3.7703609429210028
2013-01-25,0.5445481690718124,12.89,1.98,1.7,1.8663973503508344,230.979,0.6793316703822105,0.9960406905384023,-1.0053484952544878,3.543674558862042
2013-01-28,-0.1849621612560081,13.57,2.0,1.71,1.8663973503508344,230.979,-0.29797041777616107,1.1218624066528848,-0.21598156145802294,3.486243309824122
2013-01-29,0.5105995170664235,13.31,2.03,1.73,1.8663973503508344,230.979,0.22880897975872116,0.7686550398814607,0.5405099081339904,3.0958228173467273
2013-01-30,-0.3899621323283808,14.32,2.03,1.76,1.8663973503508344,230.979,0.6764517326644182,1.2230682305086837,0.8468995914842736,4.0793377403353315
2013-01-31,-0.2563301077303292,14.28,2.02,1.75,1.8663973503508344,230.979,0.7529506783327422,1.5532917982513217,1.341020753933364,4.177928618880711
2013-02-01,1.005270556968885,12.9,2.04,1.77,1.8663973503508344,230.979,0.3145720327118129,0.4374918168434716,0.7950135726449536,2.572740043090116
2013-02-04,-1.1538744820964395,14.67,2.0,1.75,1.8663973503508344,230.979,1.424076150082887,2.3554018752852457,2.9471006596339944,3.5187306534901097
2013-02-05,1.0416510240551349,13.72,2.04,1.77,1.8663973503508344,230.979,0.5386136636939876,0.04366548394532099,1.9963025690101333,3.1377115344725537
2013-02-06,0.0549170598121762,13.41,2.0,1.73,1.8663973503508344,230.979,0.5429437454706365,-0.6414802531014563,2.1254936613642306,2.227340013999779
2013-02-07,-0.1805399358229098,13.5,1.99,1.74,1.8663973503508344,230.979,0.7943599810528612,0.41142189077927327,2.7686706985559306,3.146966624862979
2013-02-08,0.5657940611518475,13.02,1.99,1.74,1.8663973503508344,230.979,0.12253432541344811,-1.9816511341521847,2.5225086556906584,2.2240740021438388
2013-02-11,-0.0606117484177382,12.94,1.99,1.72,1.8663973503508344,230.979,0.9182491579457164,-1.3230017092949686,2.3381500764523944,3.0823797776291073
2013-02-12,0.1595272232703504,12.64,2.02,1.73,1.8663973503508344,230.979,-0.49229660297908096,-0.22640485938528743,2.3094163324341332,2.8576453235840127
2013-02-13,0.0592263093356804,12.98,2.05,1.76,1.8663973503508344,230.979,-1.178027969392359,-0.37162343090387795,2.8217574904193743,3.2137750859264624
2013-02-14,0.0690671668964526,12.66,2.0,1.73,1.8663973503508344,230.979,-0.3799201565896748,-0.2090242872083814,2.584492116556447,2.6811210172070776
2013-02-15,-0.1045081317757268,12.46,2.01,1.72,1.8663973503508344,230.979,-2.1016102656038704,0.3559644405033868,2.125947380426818,3.3201928977390827
2013-02-19,0.7336475471722448,12.31,2.03,1.74,1.9360785368714768,231.137,-2.2208578586544236,0.5780826155806329,1.1365582635514349,1.4860151848349101
2013-02-20,-1.24041379552301,14.68,2.02,1.75,1.9360785368714768,231.137,0.2672071955403421,1.9517848287737616,3.092695610022167,3.1766943912162837
2013-02-21,-0.6303057332801343,15.22,1.99,1.73,1.8345350675893048,231.198,0.8160174523118569,2.7848381009642598,2.887341995844128,3.3852041282679934
2013-02-22,0.8772467921830174,14.17,1.97,1.7,1.8345350675893048,231.198,0.17154761334252644,2.3475903073464144,2.7243362185023434,3.132091017933236
2013-02-25,-1.8309580659152336,18.99,1.88,1.63,1.6232610272301828,231.198,2.5103321032907466,4.5952210396926985,4.290752889596394,5.427967274309409
2013-02-26,0.6109463971145868,16.87,1.88,1.63,1.6232610272301828,231.198,2.862512815042928,3.7102383019003815,4.464446186279081,6.065042193824377
2013-02-27,1.2725994077109837,14.73,1.91,1.64,1.6232610272301828,231.198,1.6800883163606617,2.541575442125321,3.0910484669043115,5.104255660081813
2013-02-28,-0.086407992920523,15.51,1.89,1.64,1.6232610272301828,231.198,1.9528847681209882,3.2052925394287834,3.59877239828732,4.89673853519661
2013-03-01,0.2323855425648391,15.36,1.86,1.61,1.6232610272301828,231.198,2.1723161375157174,2.7993677622762947,2.8961990638649127,2.2500352574323257
2013-03-04,0.461072337316093,14.01,1.88,1.64,1.6232610272301828,231.198,2.033832974320249,1.7637047780780346,2.9537142847080755,3.236952314301722
2013-03-05,0.956601649469957,13.48,1.9,1.65,1.6232610272301828,231.198,0.8241345303140024,0.5552657531813665,0.902714135766991,0.7936127909077939
2013-03-06,0.1084512714484509,13.53,1.95,1.7,1.6232610272301828,231.198,0.8472525349154658,1.1190689630049766,1.2014596551691126,0.00973261828809413
2013-03-07,0.1816491442581558,13.06,2.0,1.75,1.6232610272301828,231.198,1.2284181797859395,0.09972666861546298,0.5840997937011316,0.711667087464285
2013-03-08,0.4481139122655131,12.59,2.06,1.79,1.6232610272301828,231.198,0.6137196928340138,0.36810432959344386,0.7665062833730696,0.7297635282235593
2013-03-11,0.3249085739679413,11.56,2.07,1.8,1.6232610272301828,231.198,-0.26474375054614807,-0.291091836768298,0.7961608822459221,1.4496702920189897
2013-03-12,-0.2403252949314871,12.27,2.03,1.76,1.6232610272301828,231.198,-0.2666710489360069,0.7272260643960804,2.2705606799101163,1.694711617846778
2013-03-13,0.131405176760091,11.83,2.04,1.77,1.6232610272301828,231.198,0.26953280457033824,0.5358538938082802,2.4991621270758824,1.971027343711973
2013-03-14,0.5602990523162488,11.3,2.04,1.77,1.6232610272301828,231.198,-1.1149947134073246,0.3812593803832476,1.6389140073622022,1.2160724911330467
2013-03-15,-0.1618462624492611,11.3,2.01,1.76,2.3142348519812783,232.77,-0.244117168106317,0.09419445245277824,-0.5343734273875245,2.1086714428982134
2013-03-18,-0.5510332450180511,13.36,1.96,1.7,2.3142348519812783,232.77,-0.026418026295793595,1.1693850073807965,1.4477141328890664,2.929577438203368
2013-03-19,-0.2422530651870924,14.39,1.92,1.68,2.3142348519812783,232.77,0.9965546360332311,0.3455297740831087,0.23703088638986625,2.2191499354186295
2013-03-20,0.6697492376419811,12.67,1.96,1.7,2.3142348519812783,232.77,0.26560519610381306,0.08147888722584984,-1.097059492431307,2.494370720478889
2013-03-21,-0.8282433828555424,13.99,1.95,1.68,2.3142348519812783,232.77,1.5131253615793927,0.483890557153277,0.6113307590486228,4.439124915878301
2013-03-22,0.7174256352702191,13.57,1.93,1.67,1.8985873319529167,232.77,0.339139518347209,0.3969407975180639,0.360332797999785,3.8930165124893668
2013-03-25,-0.3340038919423471,13.74,1.93,1.69,1.8985873319529167,232.77,1.1961190247150366,1.0904268625971936,1.7458441385573176,4.786395629009554
2013-03-26,0.7785110802517758,12.77,1.92,1.67,1.8985873319529167,232.77,-0.6446010602007779,1.5321921150964313,0.9605005431522873,4.40729269740443
2013-03-27,-0.0588349906841312,13.15,1.87,1.62,1.8985873319529167,232.77,-0.18363855533296558,1.9528438434922357,1.4275240069275164,4.083569719188662
2013-03-28,0.405666949441863,12.7,1.87,1.62,1.8985873319529167,232.77,-1.0138933273506123,1.2528779124131306,0.8316423961034491,4.111038954775137
2013-04-01,-0.4473580460658932,13.58,1.86,1.63,1.8985873319529167,232.77,0.057605914749014886,-0.6279763609456257,2.0125812505562557,4.583366315558668
2013-04-02,0.5172264111710456,12.78,1.88,1.63,1.8985873319529167,232.77,-0.10444290071245366,0.2751120069455215,1.7398469217679624,5.1004595332151625
2013-04-03,-1.0546128701639843,14.21,1.83,1.59,1.8985873319529167,232.77,2.1909158420431174,-0.10812528264840804,1.8671685381040692,6.763903471982791
2013-04-04,0.4048451943253761,13.89,1.78,1.56,1.8985873319529167,232.77,2.1404130223776408,-1.1775789014720206,2.410927436406074,5.800714840403565
2013-04-05,-0.429489561132812,13.92,1.72,1.48,1.8985873319529167,232.77,2.2899892883553985,0.1268265004357394,3.936187519008638,7.351536056118624
2013-04-08,0.6302737952936344,13.19,1.76,1.52,1.8985873319529167,232.77,-0.6851875671288532,-0.036463261955499426,3.4822532312236865,6.603677143079567
2013-04-09,0.3544332149468365,12.84,1.78,1.54,1.8985873319529167,232.77,0.3799517402768515,0.6483475204343225,3.656101651876398,6.410136985427117
2013-04-10,1.218913260513399,12.36,1.84,1.6,1.8985873319529167,232.77,-2.2497509741914334,-0.5630643444555106,2.831713294487659,4.258910264906857
2013-04-11,0.3552250519809563,12.24,1.82,1.58,1.8985873319529167,232.77,-3.248461432325289,-0.5152576590910396,2.0899131356917566,3.5861108734029257
2013-04-12,-0.2836767069231527,12.06,1.75,1.53,1.8985873319529167,232.77,-2.114735569892079,-0.4160232528640395,2.8227948689364846,3.823520214839493
2013-04-15,-2.2966290584432447,17.27,1.72,1.5,1.8985873319529167,232.77,0.6531999500194008,2.6572444786805427,5.244275486864658,6.9378284842737115
2013-04-16,1.4307223290395576,13.96,1.75,1.51,1.7103483297071786,232.34,0.2673798657045978,1.460716308869392,4.812108837071638,4.686361456117427
2013-04-17,-1.4327681394279534,16.51,1.73,1.49,1.7103483297071786,232.34,1.7255062227929274,1.9774319246100847,6.879467197983669,6.597897163661015
2013-04-18,-0.6701003439812281,17.56,1.72,1.48,1.7103483297071786,232.34,2.824971895741446,3.631267376358105,7.061447862037373,5.781618290600665
2013-04-19,0.8847902373522176,14.97,1.73,1.49,1.4151149289823417,232.34,1.7354116852194235,3.8045358588852274,7.215558315584247,5.476292811143635
2013-04-22,0.4661629963028435,14.39,1.72,1.48,1.4151149289823417,232.34,1.9910390624999996,3.520000000000012,6.642562500000038,4.408320312500003
2013-04-23,1.041921875000007,13.48,1.74,1.51,1.4151149289823417,232.34,1.1901542104352236,2.9883790499704466,5.7246736851025215,1.9078018823560194
2013-04-24,0.000634019017176,13.61,1.73,1.5,1.4151149289823417,232.34,0.24765244349380655,3.4140006593756045,4.84927917133926,2.7723774820140212
2013-04-25,0.4034732269384111,13.62,1.74,1.51,1.4151149289823417,232.34,0.784143643077484,2.6186636598560575,4.122610599361698,3.672813435096045
2013-04-26,-0.1842113024773328,13.61,1.7,1.48,1.4151149289823417,232.34,2.0338288698019014,3.252348648442216,4.257254636926722,3.8281214438526723
2013-04-29,0.7186011722218666,13.71,1.7,1.5,1.4151149289823417,232.34,1.4991130118432006,2.5200666755880174,4.1697826854121045,2.0406510896752383
2013-04-30,0.2484899676771457,13.52,1.7,1.48,1.4151149289823417,232.34,1.7770749076986503,3.3031429799882828,3.179205967192744,0.9358008566018761
2013-05-01,-0.9307883608932754,14.49,1.66,1.46,1.4151149289823417,232.34,3.1585260489432,4.806980506233516,4.530870362049089,3.3904110592759773
2013-05-02,0.9407983261396248,13.59,1.66,1.46,1.4151149289823417,232.34,1.82024666824121,3.309986042361013,2.0750020420315485,1.8239983520099257
2013-05-03,1.0534666895180678,12.85,1.78,1.56,1.4151149289823417,232.34,1.194231160525372,3.2860052101538972,1.6104854555980763,1.5250055405048757
2013-05-06,0.1907778626905942,12.66,1.8,1.58,1.4151149289823417,232.34,1.005874468701684,3.01638572256564,0.8581146759079727,2.1211782747294627
2013-05-07,0.5230269513137653,12.83,1.82,1.6,1.4151149289823417,232.34,1.4994222163229098,2.6568964968410658,-1.049222424493268,0.1826670302339073
2013-05-08,0.4139081299929126,12.66,1.81,1.59,1.4151149289823417,232.34,1.597981786312297,1.3878957421743943,-0.6204413070479142,-2.7255634319442446
2013-05-09,-0.3687103906423572,13.13,1.81,1.59,1.4151149289823417,232.34,1.4631072138076462,1.4655686264739343,1.0272495642061008,-2.1049130622292744
2013-05-10,0.4321655306021466,12.59,1.9,1.64,1.4151149289823417,232.34,2.0670882377774147,0.9732524263501574,0.5576365118539206,-3.7099826873402963
2013-05-13,0.0042889368592202,12.55,1.92,1.68,1.4151149289823417,232.34,1.9904894288964803,1.6091640040035937,-0.46763097358282213,-2.799659051614811
2013-05-14,1.0142153479971716,12.77,1.96,1.7,1.4151149289823417,232.34,1.1403752408080559,-0.11997409683803806,-2.2916457864646023,-2.8527428911464425
2013-05-15,0.5114136269715353,12.81,1.94,1.68,1.4151149289823417,232.34,-0.20678171007350032,-0.2634463304360013,-1.3515983764776918,-2.747807263168034
2013-05-16,-0.5009741163373271,13.07,1.87,1.64,1.0419121947812693,231.485,0.002425918872250854,-1.1954159008627396,-1.438377592793194,-2.6774156567916263
2013-05-17,1.03000965190283,12.45,1.95,1.69,1.0419121947812693,231.485,-1.0716831745792743,-1.6222137269678139,-1.7049741308766575,-3.1490827833908663
2013-05-20,-0.0707617924973758,13.02,1.97,1.71,1.0419121947812693,231.485,-0.37388331699172994,-2.095075488738385,-0.8689952006732837,-3.133313035777796
2013-05-21,0.1722386289245481,13.37,1.94,1.68,1.0070818624905664,231.485,-1.2461386806656316,-3.610199653218993,-2.4101931297750845,-3.2201825408799456
2013-05-22,-0.8273657594813577,13.82,2.03,1.77,1.0070818624905664,231.485,-0.05678203522594405,-1.9808449860024946,-4.057150159797185,-1.4172206049174685
2013-05-23,-0.2923832356719225,14.07,2.02,1.76,1.0070818624905664,231.485,-1.197812761769157,-0.4319879819344563,-3.5189096528372654,-0.6089056575641627
2013-05-24,-0.0551365441168516,13.99,2.01,1.75,1.0070818624905664,231.485,-0.5564944093409241,-0.41160991104983724,-4.638094744057497,0.16488668424954334
2013-05-28,0.6340981548631053,14.48,2.15,1.86,1.0070818624905664,231.485,-1.7276515727529196,-2.0439051909772465,-4.339001406846221,-0.4481803798631945
2013-05-29,-0.7047981897774669,14.83,2.13,1.83,1.0070818624905664,231.485,-2.393892189095115,-2.174280262734507,-2.7360513472012404,1.6173672266134753
2013-05-30,0.367034439193481,14.53,2.13,1.82,1.0070818624905664,231.485,-1.9251560935877543,-1.0910263148321997,-2.4909231784395747,1.5582538000832091
2013-05-31,-1.4307241527974024,16.3,2.16,1.86,1.0070818624905664,231.485,0.7751091359831541,-0.24590123438675837,-1.4999301595580938,3.174019774800829
2013-06-03,0.5935988427895333,16.28,2.13,1.83,1.0070818624905664,231.485,0.14569528440346868,-0.08412509271060742,-1.5520465689128793,2.1848041879636515
2013-06-04,-0.5510807488524838,16.27,2.14,1.82,1.0070818624905664,231.485,-0.3218134330619571,1.2523172804490335,-1.0604548772416234,3.0360816700357507
2013-06-05,-1.3779732742503992,17.5,2.1,1.8,1.0070818624905664,231.485,0.22499813924148349,1.2449517678495559,0.40462487829198146,5.001551959851036
2013-06-06,0.8490293972530871,16.63,2.08,1.78,1.0070818624905664,231.485,0.8505032947608182,-2.1182647141756994,0.575014527522244,4.285197756366754
2013-06-07,1.2831541229424204,15.14,2.17,1.85,1.0070818624905664,231.485,-1.0131572956097457,-3.10031465762588,-0.17768525457508844,3.1733393529867815
2013-06-10,-0.0346813449944027,15.44,2.22,1.9,1.0070818624905664,231.485,-0.22948602679467855,-4.243953365681142,0.5788793199533293,3.0179968642952915
2013-06-11,-1.0153367167240024,17.07,2.2,1.86,1.0070818624905664,231.485,1.5792128325427424,-2.342984599726594,1.6290204445421175,3.6780538052827882
2013-06-12,-0.8369555515669425,18.59,2.25,1.91,1.0070818624905664,231.485,1.0176639037608792,-0.5742570419880244,3.8759208718641913,4.820404058694794
2013-06-13,1.47842913771965,16.41,2.19,1.87,1.0070818624905664,231.485,-2.9437314757463806,-1.4153385799587137,2.678503290660128,3.3788432592734674
2013-06-14,-0.5885016114436148,17.15,2.14,1.85,1.0070818624905664,231.485,-2.108519986084545,-1.2571201992590209,3.4283513675194888,3.602317304624303
2013-06-17,0.7567364431436019,16.8,2.19,1.92,1.0070818624905664,231.485,-4.023701170833505,-1.4691574062323354,2.2708396266154285,2.8626464733489065
2013-06-18,0.7791157767295331,16.61,2.2,1.93,1.158056873071911,231.831,-3.86122054197765,-2.2841671379083106,1.761702287411393,2.053500140559561
2013-06-19,-1.3851474486292426,16.64,2.33,2.02,1.158056873071911,231.831,-1.5758837457036323,-0.8299938662466921,3.710407409364147,4.784732237500999
2013-06-20,-2.501035094286319,20.49,2.41,2.08,1.4457810236864876,231.831,1.5747492861893253,2.7515646650862147,6.5420401996794775,7.648965616259917
2013-06-21,0.2669776576555538,18.9,2.52,2.14,1.4457810236864876,231.831,0.8697383947045223,3.016139209043134,6.474380167950011,7.203453656892678
2013-06-24,-1.2145015629135836,20.11,2.57,2.15,1.4457810236864876,231.831,2.66164021301567,5.03658291580511,7.5838033056115695,7.900376456350178
2013-06-25,0.9497272121224088,18.47,2.6,2.17,1.4457810236864876,231.831,1.6403925793107454,4.06730128704873,6.165495003436794,6.478467219436879
2013-06-26,0.9590486444071455,17.21,2.55,2.16,1.4457810236864876,231.831,0.7578324376616985,4.475880975545232,5.425819249810315,5.87677420563224
2013-06-27,0.6199831185025984,16.86,2.49,2.13,1.4457810236864876,231.831,1.1585707935947598,4.152615439004381,4.863009894415038,4.848753728055533
2013-06-28,-0.4289562412875813,16.86,2.52,2.16,1.4457810236864876,231.831,2.12789370578097,4.7451234724301905,4.921304213214617,5.179043497332425
2013-07-01,0.5403747467634501,16.37,2.5,2.16,1.4457810236864876,231.831,2.3133691394971123,3.795762762597499,4.396393825069356,4.904150886577363
2013-07-02,-0.0544908173637725,16.44,2.48,2.14,1.4457810236864876,231.831,2.387740391541926,4.140444088553896,4.439062894331269,4.4180003801084
2013-07-03,0.0824047235089331,16.2,2.52,2.16,1.4457810236864876,231.831,3.69008388522436,4.578401729134773,5.661718016004702,2.8419974581058716
2013-07-05,1.0201732142340214,14.89,2.73,2.33,1.4457810236864876,231.831,2.9597538022939407,3.688971109051331,4.766254379810686,1.4670070403860702
2013-07-08,0.5251546496476855,14.78,2.65,2.28,1.4457810236864876,231.831,2.5626982714332724,3.356989482870598,4.064716926881307,0.341373626275443
2013-07-09,0.7229670722828763,14.35,2.65,2.28,1.4457810236864876,231.831,1.4488757779829164,2.4250792620017725,2.726472492770071,0.0018174020680605807
2013-07-10,0.0181592450541279,14.21,2.7,2.32,1.4457810236864876,231.831,1.7118296490472806,2.016189226047671,2.3169294317889833,-0.5942047366047198
2013-07-11,1.3554249906357896,14.01,2.6,2.26,1.4457810236864876,231.831,0.8567047210548129,0.9092416980789997,1.3408771641896244,-1.0781995667612843
2013-07-12,0.3086483632862347,13.84,2.61,2.24,1.4457810236864876,231.831,0.7082547110181192,0.6820706829265166,0.6683829168542044,-0.9933365862363042
2013-07-15,0.1374879432867404,13.79,2.57,2.23,1.4457810236864876,231.831,0.7744445347325213,0.16819946833208643,0.4142627460995252,-1.528675821879677
2013-07-16,-0.3708760911961373,14.42,2.55,2.21,1.932813190563909,232.944,0.962261510078477,0.578666263906813,1.0678548858637171,-2.73108163591379
2013-07-17,0.2774047216405728,13.78,2.52,2.2,1.932813190563909,232.944,0.29923714680051283,0.28674623811228983,0.2665211330560968,-2.733642628566524
2013-07-18,0.5032964742594626,13.77,2.56,2.24,1.932813190563909,232.944,0.052090713423091906,1.0358891214227839,-1.6603851677961967,-3.03071271064711
2013-07-19,0.1610050321117606,12.54,2.5,2.18,1.932813190563909,232.944,-0.025999882697513854,1.0389564668612516,-2.1429126404662546,-3.4939037705673415
2013-07-22,0.203302634378244,12.29,2.5,2.18,1.932813190563909,232.944,-0.6015861156064117,0.6847407684296147,-2.9176699821494845,-3.288647726796601
2013-07-23,-0.1851936913048746,12.66,2.53,2.2,1.892239456210798,232.944,-0.37993923713105504,0.29425725900329436,-2.365887219608631,-2.322754108302638
2013-07-24,-0.3811221518892793,13.18,2.61,2.27,1.892239456210798,232.944,-0.012453642762932926,0.294796549472065,-2.558803639359908,-1.8304320689989995
2013-07-25,0.2556472201586723,12.97,2.61,2.29,1.892239456210798,232.944,0.9832862071993853,0.4277462191243808,-1.969533445496252,-2.0754300283797322
2013-07-26,0.0828294284314523,12.72,2.58,2.27,1.892239456210798,232.944,1.0652333089695043,-0.01359503830175024,-1.6640572226996664,-1.178734560268735
2013-07-29,-0.3736037754951127,13.39,2.61,2.28,1.892239456210798,232.944,1.2941120826456043,0.2456500956126595,-1.6940259475745512,-0.07950762493120767
2013-07-30,0.0373816937478066,13.39,2.63,2.3,1.892239456210798,232.944,0.6767678025605406,0.4863741388987375,-3.290705696112739,0.18802605155279206
2013-07-31,-0.0136409211415777,13.45,2.6,2.29,1.892239456210798,232.944,0.3072884608421589,-0.020167276150495628,-3.0117527788841136,-0.1370288569463307
2013-08-01,1.254056989753427,12.94,2.74,2.39,1.892239456210798,232.944,-0.5501306294737884,-2.668630238883407,-4.024908245408499,-1.1061185056168599
2013-08-02,0.1640458169711145,11.98,2.63,2.33,1.892239456210798,232.944,-1.0674574351133392,-3.1491508014248826,-4.486250052389707,-0.7059881760296705
2013-08-05,-0.1479834840550031,11.84,2.67,2.35,1.892239456210798,232.944,-1.0350670591569022,-3.577911333023609,-3.9463661175478615,-0.13941474409778776
2013-08-06,-0.5723033522392118,12.72,2.67,2.35,1.892239456210798,232.944,-0.18911380233738173,-2.6523397762867718,-2.6093332149094706,1.6584495127780707
2013-08-07,-0.3805864929911196,12.98,2.61,2.29,1.892239456210798,232.944,-0.326452585866166,-2.845212600261282,-2.1189819328491177,1.858758361196422
2013-08-08,0.3885449938943575,12.73,2.58,2.28,1.892239456210798,232.944,-2.130218594372002,-2.387069066938896,-2.4925146104965434,0.7322651138133018
2013-08-09,-0.3569960525698801,13.41,2.57,2.25,1.892239456210798,232.944,-2.104154318025564,-1.6506865958728967,-1.1652979446689415,0.6160457842685929
2013-08-12,-0.1152920736140039,12.81,2.61,2.29,1.892239456210798,232.944,-2.56943969778336,-1.9349229032253779,-0.32436092761504165,0.47056611718754304
2013-08-13,0.2776056134700333,12.31,2.71,2.37,1.892239456210798,232.944,-2.4678931004292304,-3.7587980135401655,-0.2969040229608977,-0.08204742293492773
2013-08-14,-0.5176618120080079,13.04,2.71,2.37,1.892239456210798,232.944,-2.5270095022603134,-2.9921889457412587,-0.11688515334751237,0.7879499214693331
2013-08-15,-1.428160138019796,14.73,2.77,2.41,2.0558311244084138,233.318,-0.2624410404089561,-1.393464419388979,1.6053526597863632,1.8316793089079964
2013-08-16,-0.3304595389129083,14.37,2.84,2.48,2.0558311244084138,233.318,0.46321446941253175,-1.3805756604398534,2.5226032044240787,1.5533051977583368
2013-08-19,-0.5900302398330837,15.1,2.88,2.52,2.0558311244084138,233.318,0.6512502777257678,-0.3821269478996858,3.5660880576874554,2.9731564866509075
2013-08-20,0.3821195319908987,14.91,2.82,2.46,2.0558311244084138,233.318,-1.3235691857248488,0.044178320545640304,4.428241294303592,2.5127860407735625
2013-08-21,-0.5779602928505545,15.94,2.87,2.49,2.00898029494192,233.318,-0.477239326612966,0.747498591525031,4.841728428783942,2.1828575776549064
2013-08-22,0.8619376484360286,14.76,2.9,2.48,2.00898029494192,233.318,-1.1339994589583569,-0.10802415474031601,3.1956157354718018,2.0241912812137164
2013-08-23,0.3947010921615534,13.98,2.82,2.42,2.00898029494192,233.318,-1.8352888065449324,0.4935353734595749,2.304777025567306,0.7586411251690794
2013-08-26,-0.4039657771641169,14.99,2.79,2.38,2.00898029494192,233.318,-1.0266908982989098,1.6423399881906775,2.4529517455424976,-0.0802809124615389
2013-08-27,-1.5874194741040235,16.77,2.72,2.34,2.00898029494192,233.318,1.386093411551137,3.5971017808633876,3.8203498238961187,1.589718626159442
2013-08-28,0.2747645185721348,16.49,2.78,2.38,2.00898029494192,233.318,1.2306108772015767,2.9639920343997206,3.896736588661165,3.523028027134134
2013-08-29,0.1963401602796288,16.81,2.75,2.36,2.00898029494192,233.318,1.0377433077128906,3.0411950501229468,3.270720048429543,3.9696677073856046
2013-08-30,-0.3174318356880645,17.01,2.78,2.39,2.00898029494192,233.318,2.3723639092820603,3.957819558370912,2.9749523259194888,3.563999837538012
2013-09-03,0.4164221602432238,16.61,2.86,2.43,2.00898029494192,233.318,2.6967178431378747,3.9633600724663376,3.3681540588562875,4.560620804323601
2013-09-04,0.8116953209842404,15.88,2.9,2.44,2.00898029494192,233.318,2.1807807115490796,4.382127023634763,2.4675176123876374,4.4182149661507575
2013-09-05,0.1209862833721153,15.77,2.98,2.46,2.00898029494192,233.318,1.7123092927897599,4.06385259633959,1.4247093041479975,4.9750189416559065
2013-09-06,0.0054431141103039,15.85,2.94,2.48,2.00898029494192,233.318,1.9828745940104087,3.307212478537558,2.1345212344753506,4.978934850566374
2013-09-09,0.9992880823750604,15.63,2.9,2.45,2.00898029494192,233.318,1.5487145051117812,1.8023464348992047,0.26380378670556315,4.536630769363081
2013-09-10,0.7345789391592916,14.53,2.96,2.46,2.00898029494192,233.318,1.2333814126982645,0.7975138681832528,-1.6947867403017236,3.284038677823098
2013-09-11,0.3052283373562225,13.82,2.93,2.46,2.00898029494192,233.318,2.154364349886828,0.2154964175590246,-1.9376827345518932,3.3052351432462324
2013-09-12,-0.3380415314981122,14.29,2.92,2.47,2.00898029494192,233.318,2.311955475104477,0.9058939303264957,0.542943199548529,4.1111845286763815
2013-09-13,0.2714679741101511,14.16,2.9,2.45,2.00898029494192,233.318,1.2985885030199817,0.2227507146000729,0.9010693798835012,3.967383000212732
2013-09-16,0.5693153044247667,14.38,2.88,2.47,2.00898029494192,233.318,0.24976380156409572,-0.9454481025350514,-0.3788264533691854,3.956119047889106
2013-09-17,0.4217739327674108,14.53,2.86,2.47,2.099919990556254,233.526,-0.4305571328671598,-0.5725151757265068,0.5744915626436864,3.0147476017683195
2013-09-18,1.2177672896303449,13.59,2.69,2.35,2.099919990556254,233.526,-1.8979785588866593,-1.834231075607018,0.034572913529395954,1.3846061436813217
2013-09-19,-0.1842953819684689,13.16,2.76,2.42,2.099919990556254,233.526,-1.3742886041506086,-2.5360807103968597,0.8755839060184512,1.8667039896061999
2013-09-20,-0.7216886263627376,13.12,2.75,2.41,1.488035740671534,233.526,-1.0620461788447,-1.135149440128247,1.6182048977229746,2.973573603588009
2013-09-23,-0.4719586526811925,14.31,2.72,2.37,1.488035740671534,233.526,-1.1922341348005294,-1.511303719485002,2.6858755522028988,3.171599491633015
2013-09-24,-0.2597143070893537,14.08,2.67,2.32,1.488035740671534,233.526,-0.14257189632846945,-2.472581428689047,2.4668513281900672,3.8814771700091732
2013-09-25,-0.273946595048713,14.01,2.63,2.27,1.488035740671534,233.526,0.06498080502641557,-2.148549105758557,3.083094766914485,2.7936309963837447
2013-09-26,0.3485425867653546,14.06,2.66,2.32,1.488035740671534,233.526,-1.1779809643990613,-0.3596923000638186,3.176514744087311,3.8120693227377433
2013-09-27,-0.4073801130465626,15.46,2.64,2.3,1.488035740671534,233.526,-0.07388798581350331,0.6768110638022851,3.736309629213852,3.9896271241007586
2013-09-30,-0.6029230779887707,16.6,2.64,2.31,1.488035740671534,233.526,-0.32291954168842674,0.5720298949536406,4.948351243361282,5.467345921863775
2013-10-01,0.7998543475556064,15.54,2.66,2.33,1.488035740671534,233.526,-2.3333362140486646,1.1536113383511903,3.6079186593475088,5.136579265101493
2013-10-02,-0.0666669547382037,16.6,2.63,2.32,1.488035740671534,233.526,-2.212092475286598,1.903722661792373,3.2789813135039925,5.650903723045331
2013-10-03,-0.8979414583967338,17.67,2.62,2.29,1.488035740671534,233.526,0.828042851502997,3.500438563606223,4.517348298831125,6.213924712813901
2013-10-04,0.7053224345153541,16.74,2.66,2.33,1.488035740671534,233.526,0.7512541361653469,2.7849678852079007,4.155898704593697,5.254549370786754
2013-10-07,-0.8506361953748875,19.41,2.65,2.28,1.488035740671534,233.526,0.897848765761533,4.261584760685189,4.754762107704447,5.771616416416792
2013-10-08,-1.2332078852067665,20.34,2.66,2.26,1.488035740671534,233.526,3.5702535719269735,5.064660614663397,6.515151012689002,7.962793479177233
2013-10-09,0.0573906351874375,19.6,2.68,2.31,1.488035740671534,233.526,4.208920347374034,5.346516403039803,5.05069680314072,8.43621410962141
2013-10-10,2.183049604365883,16.48,2.71,2.36,1.488035740671534,233.526,2.6504488597870024,3.548972424694141,4.1868212966229335,5.985505907994315
2013-10-11,0.6286271807078414,15.72,2.7,2.35,1.488035740671534,233.526,2.018549313831852,3.0389307459020243,3.2905452857451944,5.339192214752231
2013-10-15,-0.7063723409320266,18.66,2.75,2.38,1.488035740671534,233.526,3.3338034815119766,4.351429868700718,4.86747262834728,6.35221128503658
2013-10-16,1.3827532394934838,14.71,2.69,2.35,1.488035740671534,233.526,1.4428921347562573,2.4263170523757704,3.9375439730249706,4.819259744575333
2013-10-17,0.6743953139704439,13.48,2.61,2.28,1.488035740671534,233.526,1.0916494018685219,1.3495666456425415,3.6771777942690598,3.8340024045749432
2013-10-18,0.6548755402622897,13.04,2.6,2.27,1.488035740671534,233.526,0.8753235615505561,0.9825173200594284,2.621714638957884,2.8290737676553768
2013-10-21,0.0091736417132448,13.16,2.63,2.3,1.488035740671534,233.526,1.0001920620643645,1.3337853263882815,2.4026679546536034,2.6856167603536374
2013-10-22,0.5737513079636436,13.33,2.54,2.23,0.9126500557442574,233.526,0.9847952488952982,0.47301923153313385,1.4483106689751946,1.656748155593779
2013-10-23,-0.4724557241463034,13.42,2.51,2.2,0.9126500557442574,233.526,0.9694369875743902,1.3805692509162748,2.7584278553405284,3.287139542169082
2013-10-24,0.3258134764679621,13.2,2.53,2.2,0.9126500557442574,233.526,0.2551320957765002,-0.2808062477997031,2.9328902483693797,3.138782568666798
2013-10-25,0.4394843515520774,13.09,2.53,2.21,0.9126500557442574,233.526,0.10626360810974678,0.6159876404304265,2.3530252654821115,2.360975935117482
2013-10-28,0.1329699787098182,13.31,2.54,2.22,0.9126500557442574,233.526,0.3302897326362908,0.24419366352279592,2.232419777843697,1.0681792713233884
2013-10-29,0.558419502875096,13.41,2.53,2.22,0.9126500557442574,233.526,-0.5067852205877243,0.49452389899768967,1.917349305949445,0.12796138196993212
2013-10-30,-0.4875923596155185,13.65,2.55,2.22,1.094575090530392,233.947,0.40718486267530274,1.4754283509739174,2.336257673870934,0.6083660971966776
2013-10-31,-0.3839381224110538,13.75,2.57,2.26,1.094575090530392,233.947,-0.5345744725209545,2.2966167746574673,2.451353114926391,1.6344282939848354
2013-11-01,0.2903421198789946,13.28,2.65,2.32,1.094575090530392,233.947,0.50918295613962,1.6232486200587815,1.8285902318551317,1.025940303863404
2013-11-04,0.3570558689741876,12.93,2.63,2.31,1.094575090530392,233.947,-0.08581263877829315,1.0548136782047246,1.3340382278341334,2.3423970161805086
2013-11-05,-0.2805587810106646,13.27,2.69,2.37,1.094575090530392,233.947,1.0064094539566693,0.9706998405159428,1.1781560195108787,2.570817105445089
2013-11-06,0.4265540341705787,12.67,2.67,2.37,1.094575090530392,233.947,1.0639114021169238,1.3590953519052151,1.880607206430307,2.627317048603195
2013-11-07,-1.3182771972194418,13.91,2.63,2.34,1.094575090530392,233.947,2.8464074146008267,3.2227461687617476,3.429218275635204,4.551378432584197
2013-11-08,1.342755951674368,12.9,2.77,2.45,1.094575090530392,233.947,1.108421769188328,1.7264031947480385,1.7343051890750028,3.4669156173789073
2013-11-12,-0.2370391619945344,12.82,2.8,2.46,1.094575090530392,233.947,1.1416059591810024,1.9833828191531122,0.8219783886599163,4.204927367854294
2013-11-13,0.8095344244797742,12.52,2.75,2.43,1.094575090530392,233.947,-0.035353809360971766,1.41582381979517,-0.3647586980919937,3.333334703370494
2013-11-14,0.483725876385388,12.37,2.69,2.4,1.094575090530392,233.947,0.2920765144481363,0.8483130713375031,-0.8544553768999874,2.817457155032632
2013-11-15,0.4222034052096646,12.19,2.71,2.4,1.094575090530392,233.947,0.3659230921346346,0.15126242210903307,-0.6473219755950166,2.7905954988805437
2013-11-18,-0.369819718572606,13.1,2.67,2.36,1.094575090530392,233.947,0.6112066776894798,0.20206164886935607,-0.5877673901457547,2.2578438826252434
2013-11-19,-0.2042965576817046,13.39,2.71,2.42,0.9475687267800348,233.947,0.8322755526660508,0.2763099940182423,1.2741434980781063,2.433062813224751
2013-11-20,-0.3635611100220925,13.4,2.8,2.52,0.8875905605585155,233.808,1.4516908571743148,0.2054617619989152,1.584734252071729,2.548601612158352
2013-11-21,0.8128564255848181,12.66,2.79,2.5,0.8875905605585155,233.808,0.5546166519039275,0.5145190500314367,1.2512164717876084,2.3403975759813234
2013-11-22,0.4961457973002625,12.26,2.75,2.44,0.8875905605585155,233.808,-0.21387804088501827,0.2000257835960806,1.28715066507743,1.8135364420557742
2013-11-25,-0.1263342097862163,12.79,2.74,2.44,0.8875905605585155,233.808,-0.4066594988079375,0.007767889238996517,1.710974110918695,1.9778319204849293
2013-11-26,0.0149804455070734,12.81,2.71,2.42,0.8875905605585155,233.808,-0.551376586118435,-1.1388173233601306,2.17833973270003,2.197753161402649
2013-11-27,0.2485081386076837,12.98,2.74,2.46,0.8875905605585155,233.808,-1.2283965744147918,-1.755724551477389,1.8907413176296295,0.6623379886614877
2013-11-29,-0.0785689641244036,13.7,2.75,2.47,0.8875905605585155,233.808,-0.03987644049331385,-1.6884451473501483,1.9525800915502156,1.831308123004649
2013-12-02,-0.2719020284730922,14.23,2.81,2.51,0.8875905605585155,233.808,0.41479097128422904,-0.7973782640285587,2.635346787389836,2.6364584277350778
2013-12-03,-0.3192847977150137,14.55,2.79,2.51,0.8875905605585155,233.808,0.41611957783660447,-0.7882363157185601,2.0516366628860583,2.8265041664657042
2013-12-04,-0.1303493183571813,14.7,2.84,2.54,0.8875905605585155,233.808,-0.590697706087806,0.995083987553369,2.1508099164549987,2.5596628241877806
2013-12-05,-0.4339572538419101,15.08,2.88,2.58,0.8875905605585155,233.808,-0.5338862170642944,1.3764444231081363,2.3383354649117782,3.292382680777539
2013-12-06,1.1237870620775636,13.79,2.88,2.58,0.8875905605585155,233.808,-1.6492263596247447,0.7329263759292992,1.8165321221315534,2.20321536789303
2013-12-09,0.1817100177267105,13.49,2.86,2.56,0.8875905605585155,233.808,-1.2071620361779445,1.0849546923562992,1.6102896639412112,1.1109433287743276
2013-12-10,-0.3179659038540561,13.91,2.81,2.51,0.8875905605585155,233.808,-1.1993651005619888,1.7030739287832386,1.9699110107405104,-0.6840019575999334
2013-12-11,-1.131687458772268,15.42,2.86,2.55,0.8875905605585155,233.808,1.595204530208516,3.3553685746508632,3.3750056335823952,-0.03702753421149785
2013-12-12,-0.377056189111935,15.54,2.89,2.55,0.8875905605585155,233.808,1.9205843754400043,3.711631901664969,2.4612757629892235,0.9574767671077566
2013-12-13,-0.0101410144149549,15.76,2.88,2.54,0.8875905605585155,233.808,2.422098624525826,3.7035577805249353,3.580203034760454,-0.06308694494927547
2013-12-16,0.6320039831068547,16.03,2.89,2.55,0.8875905605585155,233.808,2.3201243893546497,3.460316865974211,3.461437441545545,0.4281965238105423
2013-12-17,-0.3100987910356179,16.21,2.85,2.51,0.9216788708570788,233.887,2.937672447448758,2.8624357365945707,3.6434595535337566,0.08927376868677062
2013-12-18,1.664796429762072,13.8,2.89,2.57,1.2388269667784837,233.887,1.7325267000362743,1.1443387967715823,1.5491633600970278,-3.7975317614390103
2013-12-19,-0.0579929204410856,14.15,2.94,2.59,1.2388269667784837,233.887,1.7572971516994107,0.9488309116357563,1.8899244973250795,-3.0061906027849306
2013-12-20,0.4818728349231804,13.79,2.89,2.52,1.2388269667784837,233.887,1.2511549491842189,1.0757214996001352,1.4595912626192753,-3.667117647623619
2013-12-23,0.531812014989308,13.04,2.94,2.56,1.2388269667784837,233.887,1.114338438722795,0.5196965000219045,0.025709697844833457,-2.984695584489716
2013-12-24,0.2915746849359912,12.48,2.99,2.61,1.2388269667784837,233.887,-0.07308957844622821,0.2623687482092407,-2.3471029873243565,-1.9800104630558923
2013-12-26,0.4745529147706984,12.33,3.0,2.58,1.2388269667784837,233.887,-0.5781709374023447,0.018999553871634767,-3.2822640523139546,-2.2898803087749164
2013-12-27,-0.0336584353380353,12.46,3.02,2.62,1.2388269667784837,233.887,-0.794504436235588,-1.2056083929537498,-2.6555894300926752,-1.1757371634093072
2013-12-30,-0.0179253894115216,13.56,2.99,2.6,1.2388269667784837,233.887,-0.17326562810283663,-0.11894938650564013,-3.63212681038948,-1.1846337814269137
2013-12-31,0.3959675229718407,13.72,3.04,2.66,1.2388269667784837,233.887,-0.5880886409213137,0.0010830969837227755,-2.930708540252769,-1.0025119264498117
2014-01-02,-0.8861912729460575,14.23,3.0,2.61,1.2388269667784837,233.887,0.33570369106810105,0.759289638969074,-2.695990959235295,0.3629965657354184
2014-01-03,-0.033296507498215,13.76,3.01,2.6,1.2388269667784837,233.887,0.6006432359014102,0.4002444112456649,-4.8859586379226165,0.5127317075998672
2014-01-06,-0.2511767473641013,13.55,2.98,2.58,1.2388269667784837,233.887,-0.41439635413536013,0.932248127284474,-3.917847763767268,0.10838695881691951
2014-01-07,0.6081764662643874,12.92,2.96,2.56,1.2388269667784837,233.887,0.05441051632004701,0.37978434120862214,-4.692362396089889,0.10338130938978285
2014-01-08,-0.0212208983938699,12.87,3.01,2.58,1.2388269667784837,233.887,0.5926570869127623,-0.4914328428926029,-3.486274040342796,-0.06748282934686545
2014-01-09,0.0348309189077911,12.89,2.97,2.53,1.2388269667784837,233.887,0.4221687119524198,-2.602643213114997,-2.236511304551836,0.5157404777445862
2014-01-10,0.2306686808393188,12.14,2.88,2.49,1.2388269667784837,233.887,-0.199202329338799,-3.300636499975673,-2.3084412691040557,0.14926426327435127
2014-01-13,-1.2576216507389826,13.28,2.84,2.45,1.2388269667784837,233.887,1.352248148445856,-1.4676754556131044,0.03023575433640513,1.4270054806833743
2014-01-14,1.0817971767347556,12.28,2.88,2.49,1.2388269667784837,233.887,0.32519688358518817,-3.5173613035756057,-1.066953529599013,0.8380119495980498
2014-01-15,0.5166188100786506,12.28,2.9,2.49,1.2388269667784837,233.887,-1.0777028475037698,-2.9317598834336045,-1.0035841536438328,0.5988999155920105
2014-01-16,-0.1347120304156734,12.53,2.86,2.45,1.5396602099339909,234.582,-3.012095799029868,-3.4292427135850234,-0.39330673593831467,-0.008669757050372429
2014-01-17,-0.3895174370902032,12.44,2.84,2.44,1.5396602099339909,234.582,-3.107624631289485,-5.265129661951473,0.11203886705044575,1.9149444685290895
2014-01-21,0.2773751994173734,12.87,2.85,2.45,1.5598820672009015,234.582,-2.782300003773741,-4.80529858498282,-0.8162516774902429,1.627617364729872
2014-01-22,0.0574865221481646,12.84,2.87,2.43,1.5598820672009015,234.582,-3.8301028121774827,-5.052956400122721,-0.2753572680324168,1.7437661503174606
2014-01-23,-0.8889576739850691,13.77,2.79,2.4,1.5598820672009015,234.582,-1.8742559456253471,-3.009631515165756,0.4260437323716726,2.7115758170377813
2014-01-24,-2.087544856898549,18.14,2.75,2.38,1.5598820672009015,234.582,-0.43010199879230937,0.3759156517607831,3.20171285313513,4.8528452366471075
2014-01-27,-0.4876293940238585,17.42,2.78,2.41,1.5598820672009015,234.582,-2.2267025887763525,1.026061801194178,3.5676561234544435,4.831156035065209
2014-01-28,0.614065260021901,15.8,2.77,2.39,1.5598820672009015,234.582,-2.0808953321129864,1.5202231520223153,2.9377982805962377,4.223149298291462
2014-01-29,-1.0209232261157553,17.35,2.69,2.33,1.5598820672009015,234.582,-1.2715554697505627,2.5397395915824905,4.514152299334961,4.066058879146528
2014-01-30,1.1267044743841437,17.29,2.72,2.36,1.5598820672009015,234.582,-1.1570618704417335,1.9864125768369378,3.637296601633788,2.6162259855147196
2014-01-31,-0.6465299642046674,18.41,2.67,2.33,1.5598820672009015,234.582,0.8094993233229042,3.1437425396205088,3.542038037860351,4.2769224384862525
2014-02-03,-2.283191982018462,21.44,2.61,2.31,1.5598820672009015,234.582,3.326843295761761,5.676018249472681,7.579124882801236,7.483824136730721
2014-02-04,0.7641088938743268,19.11,2.64,2.33,1.5598820672009015,234.582,3.6776464576031787,4.1904085502634025,6.757640765810402,6.014703241581687
2014-02-05,-0.2028222779439259,19.95,2.7,2.38,1.5598820672009015,234.582,3.8603819592896604,5.031856654983269,7.158435157899934,6.871845476842808
2014-02-06,1.2439792925644788,17.23,2.73,2.4,1.5598820672009015,234.582,3.1802721638630294,3.5422849724245253,5.8987375979483225,5.249147866053128
2014-02-07,1.3301886798946505,15.29,2.71,2.41,1.5598820672009015,234.582,2.3154992654125683,2.8152143699272214,4.460163133573203,3.3622286462207107
2014-02-10,0.1569234765563809,15.26,2.7,2.38,1.5598820672009015,234.582,2.2735379101698205,2.5157808558961214,3.7664481481609613,3.6547710099822606
2014-02-11,1.1062113608869106,14.51,2.75,2.4,1.5598820672009015,234.582,0.49457343041630075,1.3963475301380868,2.6624509505082994,1.8029981367632786
2014-02-12,-0.0269262390094837,14.3,2.8,2.45,1.5598820672009015,234.582,1.1279322043633355,1.925509773690215,1.4885148856856212,1.6369309025107803
2014-02-13,0.5810025082904069,14.14,2.73,2.41,1.5598820672009015,234.582,0.35085467499695877,1.618729380791839,0.6175463895283784,1.5187224895158113
2014-02-14,0.4809216724759979,13.57,2.75,2.43,1.5598820672009015,234.582,0.4884060656522582,0.3861557554854844,1.0986414405415923,1.8334281964276
2014-02-18,0.1158473905655821,13.87,2.71,2.4,1.565077344693666,234.594,0.23685789176381977,1.8008879070706696,1.71070590773994,2.4316048549600566
2014-02-19,-0.6524484290135191,15.5,2.73,2.4,1.565077344693666,234.594,0.8973361137218028,2.4639813311688297,1.7509238294599827,3.3984975756151226
2014-02-20,0.6031458262132583,14.79,2.76,2.42,1.711843933864099,234.933,0.7886817736123763,2.0246985730264733,1.7518388043959332,2.662817807251483
2014-02-21,-0.1918723565134117,14.68,2.73,2.4,1.6423160290217398,234.933,1.2634418609598352,2.2758360279101275,1.6484694094622165,1.5705903782335051
2014-02-24,0.618651346579302,14.23,2.75,2.4,1.6423160290217398,234.933,-0.10175334067888953,1.5999079258129045,0.5320363135414619,-0.1390957133506232
2014-02-25,-0.134768173700972,13.67,2.7,2.36,1.6154984039654208,234.933,1.5603342405203113,1.2199753850803408,1.1110388513620117,0.3707057447978057
2014-02-26,0.0021699977565736,14.35,2.67,2.34,1.6154984039654208,234.933,1.5527121703998947,1.2486676800600893,0.40105054721457645,1.4643726847932692
2014-02-27,0.4948082937896281,14.04,2.65,2.32,1.6154984039654208,234.933,1.2263448411701239,-0.4287394676513512,-0.28312722871851603,-1.1438384805506407
2014-02-28,0.2782688792301258,14.0,2.66,2.33,1.6154984039654208,234.933,0.9997627459082059,-0.98523470758205,-0.09841383757245303,-2.3533846521680335
2014-03-03,-0.7378510346287226,16.0,2.6,2.28,1.6154984039654208,234.933,1.7033945273282836,0.7097449640282694,1.4417052132839059,-0.8191878160503596
2014-03-04,1.526770113133269,14.1,2.7,2.37,1.6154984039654208,234.933,-0.33512971179667783,-0.08858665300943702,0.6195593779743325,-1.6505623614144094
2014-03-05,-0.0053351326431916,13.89,2.7,2.37,1.6154984039654208,234.933,-0.29939573630454186,-0.6959103993862792,0.9120436589574954,-0.6137228235732484
2014-03-06,0.1718408271082383,14.21,2.74,2.37,1.6154984039654208,234.933,-1.6350331639637616,-0.26744481723237623,0.6254556427513602,-0.6489003117068459
2014-03-07,0.0538089295248678,14.11,2.8,2.42,1.6154984039654208,234.933,-1.9653486300596934,-0.6134064924941951,-0.6895525639939226,-0.32747035665613433
2014-03-10,-0.0463246309499232,14.2,2.79,2.42,1.6154984039654208,234.933,-0.9770072748486403,-1.0510556889984701,-1.7116193062235108,0.1267868561235952
2014-03-11,-0.5082138985368356,14.8,2.77,2.4,1.6154984039654208,234.933,0.24737207611298384,-0.10762355286485503,-0.8390336364453521,0.4155003799112267
2014-03-12,0.030517087837123,14.47,2.73,2.36,1.6154984039654208,234.933,-0.3977053760206184,-0.8371637397974641,0.2130447833790905,0.5572226984138728
2014-03-13,-1.1701095130556172,16.22,2.66,2.32,1.6154984039654208,234.933,1.390320548789492,0.146239224204181,-0.7181781259733233,0.9239933549382906
2014-03-14,-0.2821777697470384,17.82,2.65,2.29,1.6154984039654208,234.933,1.3790451831810602,0.8956450761566259,-1.381763558743454,1.5371021466746626
2014-03-17,0.9613634629240364,15.64,2.7,2.32,1.6154984039654208,234.933,-0.07477901052270752,0.7268018100106355,-1.5181577320295125,1.0490470059664636
2014-03-18,0.721961893372769,14.52,2.68,2.32,1.717575411551997,235.169,-0.3541196358826326,0.7087739100680945,-1.5633606372680187,0.624913936273197
2014-03-19,-0.6131649335692324,15.12,2.78,2.31,1.0306310950723985,235.169,-0.4412130919632995,1.6192223953824358,0.08276353586602614,1.231212559274697
2014-03-20,0.6040504799839086,14.52,2.79,2.34,1.0306310950723985,235.169,-1.2270217885213763,0.8952948797385396,-0.3824784131674974,0.48771132820784047
2014-03-21,-0.2932671409733745,15.0,2.75,2.3,1.0306310950723985,235.169,-0.4768244819735479,-0.07661603925881444,0.28770091191068214,0.9718628495070991
2014-03-24,-0.4864709743258144,15.09,2.74,2.27,1.0306310950723985,235.169,0.8021806833109046,-0.6675802575001444,1.1903538267371783,0.5534515042834753
2014-03-25,0.4403939814465518,14.02,2.75,2.28,1.0306310950723985,235.169,1.0666708368341826,-0.7321981011910172,0.5236875439167399,0.6748408493295832
2014-03-26,-0.7000319763734719,14.93,2.71,2.26,1.0306310950723985,235.169,2.0695666865135687,1.0590747126482114,1.406158285501724,1.2453008571594593
2014-03-27,-0.1900083894673887,14.62,2.69,2.24,1.0306310950723985,235.169,2.1486814579144475,-0.8631550788864684,0.7766184099962992,1.5921743599006444
2014-03-28,0.4640221884561146,14.41,2.73,2.28,1.0306310950723985,235.169,0.40212587734627103,-2.257192204064995,0.6357628914844149,2.1010771524566874
2014-03-31,0.7924102207026662,13.88,2.73,2.29,1.0306310950723985,235.169,-1.4580646280149323,-2.22876086771282,0.31992001152152394,1.3411018196452407
2014-04-01,0.7039348596697304,13.1,2.77,2.33,1.0306310950723985,235.169,-1.779883440436425,-2.2561435901951588,-0.08326977932412438,0.15963817591138074
2014-04-02,0.2853326841976367,13.09,2.82,2.35,1.0306310950723985,235.169,-0.9900031974945822,-1.5119765958632514,-0.38182720450083973,-1.0603442048364942
2014-04-03,-0.1126450291031422,13.37,2.8,2.34,1.0306310950723985,235.169,-2.9484830286740538,-1.2664349655046703,-0.4039668569446153,-0.5776263953192196
2014-04-04,-1.2537288005457836,13.96,2.74,2.31,1.0306310950723985,235.169,-2.6486671055749866,0.36459629040650476,1.0492828076938299,1.0717976398303408
2014-04-07,-1.0750112394172897,15.57,2.71,2.3,1.0306310950723985,235.169,-0.782099759649113,1.8704206431834347,1.2292379113977958,1.506195876719696
2014-04-08,0.3750553770375697,14.89,2.69,2.29,1.0306310950723985,235.169,-0.4848906379274265,1.265149042373248,1.4174172527310347,1.947669988562506
2014-04-09,1.0918212704340349,13.82,2.71,2.34,1.0306310950723985,235.169,-0.5271926221852463,0.34344622077773224,0.18427453946194827,1.0848281650677416
2014-04-10,-2.0884795550912827,15.89,2.65,2.28,1.0306310950723985,235.169,1.73314968756888,1.654050509866023,2.4767072633195886,3.679603446614421
2014-04-11,-0.9486773662544356,17.03,2.63,2.26,1.0306310950723985,235.169,3.0952461629357275,2.9597626268208277,4.458915653027651,5.299368057241849
2014-04-14,0.8217286225508769,16.11,2.65,2.28,1.0306310950723985,235.169,2.6734292868594522,2.6067797665793035,3.6512400978450765,4.324790347415686
2014-04-15,0.6757307791485534,15.61,2.64,2.25,1.2329767581732876,235.64,1.7585668061051773,2.2230285264794203,2.471543332583548,4.180731730386356
2014-04-16,1.0488490558689278,14.18,2.65,2.26,1.2329767581732876,235.64,0.8752531127991015,1.147499312403677,0.45856579857790347,3.289456952274117
2014-04-17,0.1363852909705754,13.36,2.73,2.3,1.420332271670821,235.64,-0.07775162564588323,0.8735308081488924,0.6976437748852815,3.223851564697444
2014-04-21,0.3775123551313042,13.25,2.73,2.31,1.420332271670821,235.64,-0.13141589079750382,0.6821992441499614,0.7046322862471754,2.796637365244381
2014-04-22,0.4092139025126506,13.19,2.73,2.28,1.420332271670821,235.64,-0.06491408803920296,-0.6294101150631892,-0.3575373147220451,2.5713577611206073
2014-04-23,-0.2213313863220212,13.27,2.7,2.27,1.420332271670821,235.64,0.4564350058695599,0.15036585814345305,0.673993918582716,3.469675415823348
2014-04-24,0.1716960567121672,13.32,2.7,2.27,1.420332271670821,235.64,0.26988403122036875,-0.15862688328001084,0.7388444110827175,3.7703385272612966
2014-04-25,-0.8096390978489132,14.06,2.68,2.25,1.420332271670821,235.64,0.9520226468792581,0.8092710023136274,1.9925944186078848,4.7155733586951465
2014-04-28,0.3236035858039221,13.97,2.7,2.26,1.420332271670821,235.64,0.8146857614981684,1.4560571896815144,2.2723492855174943,4.352127815109097
2014-04-29,0.4760757069291355,13.71,2.71,2.27,1.420332271670821,235.64,-0.5648627024959829,1.0179252615098555,1.6743636090565284,3.4903377003822733
2014-04-30,0.2992016977140688,13.41,2.67,2.25,1.420332271670821,235.64,-0.3046784884494613,0.24311039272306711,1.9151293325258667,2.450173060647076
2014-05-01,-0.0143261481426071,13.25,2.63,2.22,1.420332271670821,235.64,-0.4273575447309108,-0.681117692982125,2.117657534226125,2.7860347284222264
2014-05-02,-0.1348445059709546,12.91,2.6,2.18,1.420332271670821,235.64,-0.14140543282127327,-0.174363910784614,2.3299677702554256,3.010940929828787
2014-05-05,0.1871216126306141,13.29,2.63,2.2,1.420332271670821,235.64,0.6361884911298299,0.022281041003902047,2.100111178508346,3.0419256001064765
2014-05-06,-0.8988392160571124,13.8,2.61,2.18,1.420332271670821,235.64,1.5917793317569817,0.27359483389999273,3.2210414367973783,4.779089540495884
2014-05-07,0.5616468420812426,13.4,2.62,2.21,1.420332271670821,235.64,0.5494629766644277,0.5228418847525118,3.31432594303398,4.326993319249817
2014-05-08,-0.1373624945210982,13.43,2.61,2.21,1.420332271670821,235.64,-0.25484926581635925,0.8988971869542839,3.9352077078788295,4.651236651539126
2014-05-09,0.1519476431128819,12.92,2.62,2.22,1.420332271670821,235.64,-0.033005149037212966,1.1738239990517263,3.8749435617799977,4.478621319233822
2014-05-12,0.9672737603931392,12.23,2.66,2.25,1.420332271670821,235.64,-0.6100265315394315,0.8045769946587233,2.8545073656993214,2.8117973990042344
2014-05-13,0.0421757703063629,12.13,2.61,2.22,1.420332271670821,235.64,-1.297530672784386,0.6498236286751391,2.4474987310142637,3.2717636682147555
2014-05-14,-0.4701005088166399,12.17,2.54,2.15,1.420332271670821,235.64,-0.026475618192123296,1.6679639461029794,2.2017100818973345,3.6372173246207007
2014-05-15,-0.9361807033335888,13.17,2.5,2.12,1.684600154945337,236.254,1.1566942796500612,2.81796891205095,3.4909297616606105,4.8165265268446555
2014-05-16,0.374696520677964,12.44,2.52,2.14,1.684600154945337,236.254,1.2072275953560085,2.5087059588600136,3.19086856382933,4.386375755366445
2014-05-19,0.3844786490710294,12.42,2.54,2.18,1.684600154945337,236.254,1.4232859481012605,2.077367278449338,3.018971900735501,4.680968038037747
2014-05-20,-0.649839809746755,12.96,2.52,2.17,2.0601766853143744,236.254,1.9729539845692257,2.9394045439177674,4.4932015393075675,5.435092424350807
2014-05-21,0.8116098951240547,11.91,2.54,2.17,2.0601766853143744,236.254,1.6948882964492595,2.7769649225415804,3.784365188221317,5.159341249760363
2014-05-22,0.2362229873621668,12.03,2.56,2.19,2.0601766853143744,236.254,1.6422784910391286,3.0092603641630244,3.7189102846508115,4.499893506392705
2014-05-23,0.4248391856225497,11.36,2.54,2.17,2.0601766853143744,236.254,1.2859539722869684,2.669781032249574,3.266454888779391,3.3243321950561233
2014-05-27,0.5987805879090757,11.51,2.52,2.13,2.0601766853143744,236.254,0.6449025233542516,2.0335687447497808,1.991199669883903,3.186338310167347
2014-05-28,-0.1114071710872299,11.68,2.44,2.07,2.0601766853143744,236.254,0.9477518514318994,1.7860688052184104,2.605012055672007,2.8746778985994537
2014-05-29,0.5367110265454889,11.57,2.45,2.08,2.0601766853143744,236.254,1.0640422977190145,0.5249895002100491,1.9369458205750423,2.4759986180840743
2014-05-30,0.1843677931164355,11.4,2.48,2.11,2.0601766853143744,236.254,1.3448949525904252,0.6545167704929966,1.9437824301929307,2.782848078914202
2014-06-02,0.0727826101028172,11.58,2.54,2.15,2.0601766853143744,236.254,1.3662576158795403,0.6654679703430144,1.8317173931158282,2.509652583105204
2014-06-03,-0.03792165487565,11.87,2.6,2.19,2.0601766853143744,236.254,1.3797680623450548,0.9224421116951431,2.550615115774102,2.979355815576068
2014-06-04,0.1891663548679423,12.08,2.61,2.2,2.0601766853143744,236.254,0.8304463828182174,1.509428777321986,2.42442424403988,1.56856184813301
2014-06-05,0.6525279593556643,11.68,2.59,2.19,2.0601766853143744,236.254,-0.5333774359836396,0.980180983588097,2.3180061106244265,1.9459308888488014
2014-06-06,0.4627758701298612,10.73,2.6,2.19,2.0601766853143744,236.254,-0.6812165352979793,0.6889185671065112,1.447086540530429,1.2408724661255421
2014-06-09,0.0938771226611789,11.15,2.62,2.19,2.0601766853143744,236.254,-0.6913441040628299,0.5811582050052388,0.6375304945873017,1.6532827052493815
2014-06-10,-0.0245983622945922,10.99,2.64,2.19,2.0601766853143744,236.254,-0.4511017921925653,-0.041524642710344395,1.1297944192282028,1.8566821635265462
2014-06-11,-0.3537041032554366,11.6,2.65,2.21,2.0601766853143744,236.254,0.6733902495342559,0.8045730226803327,1.0695069631426968,2.2681306806489943
2014-06-12,-0.708889350376507,12.56,2.58,2.16,2.0601766853143744,236.254,1.5216746890120092,1.404582410189703,1.9408200165690337,2.4988203177429558
2014-06-13,0.3134561695468774,12.18,2.6,2.15,2.0601766853143744,236.254,1.3795327073165664,1.2808820717302272,2.114491606247637,2.207978640469843
2014-06-16,0.0836705173430596,12.65,2.61,2.12,2.0601766853143744,236.254,1.2813609222558364,1.1585397120653207,1.8319932842367992,1.6601431219555707
2014-06-17,0.2172569060394202,12.06,2.66,2.15,2.418299241851507,237.083,0.41143313171303486,1.6132913255081593,2.0381132886226228,1.445937218826665
2014-06-18,0.7718881307192449,10.61,2.61,2.13,2.418299241851507,237.083,0.1303053098945961,0.9013896322134229,0.058253771618277383,-1.3444152104783336
2014-06-19,0.1277478576659385,10.62,2.64,2.16,2.418299241851507,237.083,-0.11533722151548798,1.324839304114267,0.9563756925902611,-1.7519932021185736
2014-06-20,0.173005832273243,10.85,2.63,2.13,2.265443361759223,237.083,-0.09730823663506305,0.7529805506040432,0.5481774031082409,-1.2165861693447244
2014-06-23,-0.0132464078757998,10.98,2.63,2.15,2.265443361759223,237.083,-0.12126733791105737,0.056046570339884916,1.065929761972817,-2.1603897223863022
2014-06-24,-0.6435310620591883,12.13,2.59,2.1,2.265443361759223,237.083,1.1969336123493157,1.171805650048019,1.8989953572740248,-1.5251433620988575
2014-06-25,0.4897511217437866,11.59,2.57,2.09,2.265443361759223,237.083,0.7700808660598968,0.2628193667392198,1.4518762533118013,-2.549595171334984
2014-06-26,-0.117888399729138,11.63,2.53,2.07,2.265443361759223,237.083,1.4418395032515186,0.5288100336631851,1.079081321125086,-1.3095106971346526
2014-06-27,0.1910868625069062,11.26,2.54,2.09,2.265443361759223,237.083,0.8511169941778807,0.8230670166626819,0.9153717362799352,-1.2259259480593698
2014-06-30,-0.0372256692278916,11.57,2.53,2.06,2.265443361759223,237.083,0.17752919317750582,0.6657407017621297,0.49585869005026595,-1.35086090574017
2014-07-01,0.6677770440579822,11.15,2.58,2.11,2.265443361759223,237.083,-0.02483075465264939,0.4180771605493794,-0.16469706324677702,-1.3479808804426785
2014-07-02,0.0658812997136992,10.82,2.64,2.15,2.265443361759223,237.083,-0.5033850275409479,-0.8356038144453515,-2.225742232964001,-0.9844902540398048
2014-07-03,0.5479508115899812,10.32,2.65,2.13,2.265443361759223,237.083,-0.900052161967202,-0.3636458878736537,-3.036602404074007,-1.5301335577535657
2014-07-07,-0.3923521850109468,11.33,2.63,2.11,2.265443361759223,237.083,-0.027813254182229574,-0.20327254476895096,-1.9548471014805835,-0.29884125637646974
2014-07-08,-0.704880201475111,11.98,2.58,2.07,2.265443361759223,237.083,0.4873463265830935,1.0093175037882096,-2.2151947520413273,0.9110314152450449
2014-07-09,0.4644267890169251,11.65,2.57,2.06,2.265443361759223,237.083,0.4430179198947837,0.7187671531151407,-2.6657120477572183,0.6934228502031736
2014-07-10,-0.4131071874054703,12.59,2.55,2.09,2.265443361759223,237.083,-0.3338995874345718,1.1859400065574288,-2.805042343550146,1.4093868034109613
2014-07-11,0.1470922745241187,12.08,2.53,2.05,2.265443361759223,237.083,0.5412780589655108,0.5473767045264477,-1.8286506427184657,1.058670273160356
2014-07-14,0.4843552990250188,11.82,2.55,2.07,2.265443361759223,237.083,-0.1755081051020957,0.09155119195292105,-2.0322660531477577,1.0530609790333934
2014-07-15,-0.1932095663463084,11.96,2.56,2.07,2.265443361759223,237.083,0.5194397068748691,-0.1687585175727202,-2.0032650566560006,1.3551036769932079
2014-07-16,0.4201084929208676,11.0,2.55,2.05,2.265443361759223,237.083,0.2745330028218529,-0.5803479216838214,-1.7587052958287885,0.9361288943074753
2014-07-17,-1.183402645755216,14.54,2.47,2.0,2.265443361759223,237.083,1.5249313334229742,-1.4018523502300928,-0.1501410237156886,1.9722997167431533
2014-07-18,1.0264935568841116,12.06,2.5,1.99,1.7768218971083272,237.083,0.006065812647992885,-2.6827120883932576,-1.170745036061016,1.2713461994382502
2014-07-21,-0.232025047178197,12.81,2.49,1.98,1.7768218971083272,237.083,0.2675288318383817,-1.755142279086641,-0.0957633722512341,1.4516411051301858
2014-07-22,0.5016150134305564,12.24,2.48,1.99,2.038687409849582,237.693,-0.6846419224524558,-3.192291894961674,-0.09730398241671878,0.866633786852411
2014-07-23,0.1754438005651781,11.52,2.48,1.98,2.038687409849582,237.693,-0.8525404196912278,-3.3603262793389765,-0.025163436396546945,0.5354786637281617
2014-07-24,0.0488155921891664,11.84,2.52,1.99,2.038687409849582,237.693,-2.8828226182601946,-3.9442064281350997,0.22082791031940996,0.9924637402081826
2014-07-25,-0.4849150767687549,12.69,2.48,1.95,2.038687409849582,237.693,-2.6886148147037603,-2.3630923303222806,0.508510102791071,1.172704067198449
2014-07-28,0.0288154902202908,12.56,2.5,1.96,2.038687409849582,237.693,-2.0172743205004062,-2.12187464357273,0.9606303185735632,0.4815735461421333
2014-07-29,-0.4527786939807376,13.28,2.47,1.93,2.038687409849582,237.693,-2.5249367480014384,-1.8376076585265966,1.526438189025403,1.3066316846812587
2014-07-30,0.0060912774517918,13.33,2.57,2.01,2.038687409849582,237.693,-2.5293495872342087,-1.1852358658595241,1.5253290313234524,1.3897986177794142
2014-07-31,-1.9999240340662028,16.95,2.58,2.05,2.038687409849582,237.693,-1.0928898867220038,1.2695079535983034,3.422125209652571,2.842018256266199
2014-08-01,-0.2859121137017251,17.03,2.52,2.05,2.038687409849582,237.693,0.33451634026342436,1.5536469262332764,4.063058447973789,3.063656323963726
2014-08-04,0.7189032358413172,15.12,2.51,2.04,2.038687409849582,237.693,-0.1067538408907609,1.689023675467305,3.264072500696602,3.0938782838752177
2014-08-05,-0.9685469956760784,16.87,2.49,2.02,2.038687409849582,237.693,0.7051332582343806,3.1970469843029647,4.192771176247723,4.237035897462005
2014-08-06,0.001563854864095,16.37,2.49,2.01,2.038687409849582,237.693,1.3789932822676931,3.4511321432880493,4.031268725438775,4.745239948162205
2014-08-07,-0.5556620005611967,16.66,2.43,1.99,2.038687409849582,237.693,2.388501532007825,4.336057392871839,5.139377839453196,5.280250577934997
2014-08-08,1.1531402436471216,15.77,2.44,1.99,2.038687409849582,237.693,1.2150659916826623,2.941103422517699,3.62137277993575,3.246034321552238
2014-08-11,0.2759425250346226,14.23,2.44,1.97,2.038687409849582,237.693,1.7976966265544903,3.1493297924549024,2.6598876717696784,2.3671589196085474
2014-08-12,-0.163664161317445,14.13,2.46,2.01,2.038687409849582,237.693,2.4744654472365957,3.4270210488041464,3.2030997495151814,3.338076216063346
2014-08-13,0.6707160027472625,12.9,2.43,2.0,2.038687409849582,237.693,2.0439528880020763,2.7430768275714,2.6059207914956195,0.9898711587311482
2014-08-14,0.434581405396317,12.42,2.4,1.98,2.038687409849582,237.693,1.902123609314832,2.125632186383908,1.5527974159689206,1.41521093274668
2014-08-15,-0.0061372924176295,13.15,2.34,1.92,2.038687409849582,237.693,1.705316707472071,2.4710205863540446,1.4869080958040959,1.1631351238760024
2014-08-18,0.8531672245722488,12.32,2.39,1.95,2.038687409849582,237.693,1.327763997312137,1.5488877445179572,1.3815204017410654,0.027896620794298777
2014-08-19,0.5000651911710952,12.21,2.4,1.94,1.9677007346196929,237.909,0.9295541063915502,0.9648766326581182,1.007770031750277,-1.7884508398710142
2014-08-20,0.2477812999687634,11.78,2.43,1.94,1.9677007346196929,237.909,0.6851204013398338,0.5607832124516543,1.250936338793962,-2.0306953210405654
2014-08-21,0.2949889667182681,11.76,2.41,1.92,1.9677007346196929,237.909,0.21933652523864478,0.7699355971986677,0.9049538660520939,-1.2281840603450056
2014-08-22,-0.1992587076122598,11.47,2.4,1.87,1.9677007346196929,237.909,0.7528651438000411,0.6608335589972647,0.2962187978334141,-1.185882007416883
2014-08-25,0.4787778824361766,11.7,2.39,1.86,1.9677007346196929,237.909,0.2182262180498773,-0.47449859506600855,-0.7582898254599679,-3.1442733932096956
2014-08-26,0.1051080894003408,11.63,2.39,1.87,1.9677007346196929,237.909,0.03499720827990771,-0.21650173911830217,-0.08599767433966621,-1.5564846640939156
2014-08-27,0.0049987292607633,11.78,2.37,1.86,1.9677007346196929,237.909,-0.12349112599019385,-0.13349418794026402,-1.7063978644348055,-3.5952860006019383
2014-08-28,-0.1689901051468934,12.05,2.34,1.84,1.9677007346196929,237.909,0.5493940501405614,-0.560911847644241,-0.6956346202495745,-4.537896060314173
2014-08-29,0.332041473363498,11.98,2.35,1.87,1.9677007346196929,237.909,-0.09134388850523534,-0.960381271620725,-1.2763466734244888,-4.703597884467192
2014-09-02,-0.0544066160004907,12.25,2.42,1.89,1.9677007346196929,237.909,-0.6912163977126018,-0.16481455040446846,-1.4977920068905526,-5.424073191411027
2014-09-03,-0.0779141064648047,12.36,2.41,1.89,1.9677007346196929,237.909,-0.2514109605807002,0.04248348586430861,-2.7270151406677545,-5.336605652389547
2014-09-04,-0.1534420775528899,12.64,2.45,1.91,1.9677007346196929,237.909,-0.010015430117482627,0.686304446221575,-2.577026998703147,-3.969601275214507
2014-09-05,0.5035885365550108,12.09,2.46,1.94,1.9677007346196929,237.909,-1.104239272920049,0.13398665787893727,-1.9828529667128336,-3.5772024135524827
2014-09-08,-0.3073114142502442,12.66,2.48,1.94,1.9677007346196929,237.909,-0.8698319214159755,-0.36222108269171605,-1.834591967025423,-1.3867257503738628
2014-09-09,-0.6545009043329442,13.5,2.5,1.94,1.9677007346196929,237.909,0.5300657486816629,-0.2851442357866829,-2.6825032383221203,-1.4616018945508014
2014-09-10,0.3646074416948641,12.88,2.54,1.96,1.9677007346196929,237.909,0.2946351916104373,0.130787221387485,-1.3428903058422037,-0.6116242342394607
2014-09-11,0.0881905414818584,12.8,2.54,1.96,1.9677007346196929,237.909,0.6963896227550892,-1.5750062182555924,-3.466419280931332,0.001215031432777458
2014-09-12,-0.5962558462297207,13.31,2.62,2.04,1.9677007346196929,237.909,1.2520515760186202,-0.13548271118385413,-3.9994174188087483,0.4499953371944754
2014-09-15,-0.0710151471109754,14.12,2.6,2.02,1.9677007346196929,237.909,0.5120649430573776,-0.31902929944662706,-3.7795143609270165,1.7215128524143308
2014-09-16,0.7484376300642026,12.73,2.6,2.05,1.9677007346196929,237.909,-0.8109116197201338,-1.3351780241437017,-5.2679409742388605,0.8259728734026472
2014-09-17,0.1295643701096471,12.65,2.62,2.03,1.7615443300559752,237.428,-0.16336663462600542,-2.768322546614288,-5.376804884110953,1.3228528949320806
2014-09-18,0.4891180086237234,12.03,2.63,2.04,1.7615443300559752,237.428,-2.255687467564771,-3.241087715825075,-4.624169838235437,2.012549406790254
2014-09-19,-0.0477269581025452,12.11,2.59,2.0,1.6709060233121686,237.428,-1.3703764670493945,-2.114007137081453,-3.706223226796257,2.049122828335048
2014-09-22,-0.8013323296818919,13.69,2.57,1.99,1.6709060233121686,237.428,-0.8268601813870236,-1.4777235104323938,-1.0282291303707503,2.5823656273877393
2014-09-23,-0.5776501564770165,14.93,2.54,1.97,1.6709060233121686,237.428,-0.5285524980465528,-2.404214481545508,-1.1798218527698245,3.7665437394252876
2014-09-24,0.783249148610099,13.27,2.57,1.98,1.6709060233121686,237.428,-2.60921850444904,-1.4717526628163058,-0.7414417445710253,3.348836790521603
2014-09-25,-1.6168772358634451,15.64,2.52,1.96,1.6709060233121686,237.428,-1.0081407528783948,-1.9216796364447064,1.6014440937467178,5.0840461400524894
2014-09-26,0.8575824615237426,14.85,2.54,1.95,1.6709060233121686,237.428,-0.753962798797081,-3.8691767732177307,0.5862723460476671,4.515620144478172
2014-09-29,-0.2546802239196233,15.98,2.5,1.92,1.6709060233121686,237.428,-0.6562899291439162,-3.471560356164516,2.0470729142384236,4.709015655234028
2014-09-30,-0.2785928622506484,16.31,2.52,1.94,1.6709060233121686,237.428,-1.8856285201460654,-3.9859829180632467,2.1903965914773726,5.057176973427047
2014-10-01,-1.3248560995234304,16.71,2.42,1.89,1.6709060233121686,237.428,1.1679399468467189,-2.6827494966825016,4.2076569577931044,6.493302091620201
2014-10-02,0.0005143341477165,16.16,2.44,1.91,1.6709060233121686,237.428,-0.9228424342306307,-1.4294105728972495,5.429615731092263,6.571064770678525
2014-10-03,1.11655096821337,14.55,2.45,1.88,1.6709060233121686,237.428,-3.1388799616302587,-1.626602584441883,4.25303952450744,5.935376368251921
2014-10-06,-0.156515985913308,15.46,2.43,1.89,1.6709060233121686,237.428,-2.8338688227091846,0.4562362909968476,4.120985915555919,5.942166950899175
2014-10-07,-1.5126053030587785,17.2,2.36,1.84,1.6709060233121686,237.428,-2.1407204329372487,1.2545548173739096,6.322771201840394,7.78086445782904
2014-10-08,1.7461650296527242,15.11,2.35,1.89,1.6709060233121686,237.428,-3.80623490559594,0.741219840992402,4.892596370704583,6.485880421276513
2014-10-09,-2.066141501469354,18.76,2.34,1.88,1.6709060233121686,237.428,-0.5112865075184825,3.5921534107965725,7.1429911835036775,9.04385888876773
2014-10-10,-1.1451012338901223,21.24,2.31,1.86,1.6709060233121686,237.428,1.5612842145427575,4.634776827776221,8.722277242872867,10.180129234331092
2014-10-14,0.1578864777472377,22.79,2.21,1.82,1.6709060233121686,237.428,3.38606165938915,5.717106057826338,8.474783226148341,10.315120024162638
2014-10-15,-0.8100314924121665,26.25,2.15,1.81,1.6709060233121686,237.428,3.4695485858184494,6.432789396020966,9.418583001035108,10.933246093502014
2014-10-16,0.0144977708694149,25.2,2.17,1.82,1.6709060233121686,237.428,4.727390327351788,7.080354632749053,9.429008259938376,10.159672042734758
2014-10-17,1.2884107385910504,21.99,2.22,1.83,1.6709060233121686,237.428,4.124528073855505,6.958491720354432,8.116493357780396,9.452780801862627
2014-10-20,0.914265720638352,18.57,2.2,1.83,1.6709060233121686,237.428,3.026244338089379,5.976861899068098,7.687016156156323,8.869485973464775
2014-10-21,1.9574487182363989,16.08,2.23,1.85,1.6709060233121686,237.428,2.254698903336627,3.6481056426832525,5.4610155252192705,6.655268739767561
2014-10-22,-0.7299330200416732,17.87,2.25,1.84,1.7586906811233094,237.633,2.8638771993334533,5.005420638713676,6.445447962539763,7.618415205013784
2014-10-23,1.2303377138681793,16.53,2.29,1.88,1.7586906811233094,237.633,2.246751588139917,4.120832104539374,5.702393309661469,5.538989170500708
2014-10-24,0.7053449392805167,16.11,2.29,1.88,1.7586906811233094,237.633,2.721706113749489,3.4277091997751308,5.262662565138765,4.774865304285947
2014-10-27,-0.1501568395210095,16.04,2.27,1.86,1.7586906811233094,237.633,2.8639475115641577,3.906445389399038,5.299722114075189,3.216681655690734
2014-10-28,1.1939073060167391,14.39,2.3,1.88,1.7586906811233094,237.633,1.3626823552273626,2.6085439444526903,4.349356634697599,2.461544578583763
2014-10-29,-0.1385355498529361,15.15,2.34,1.86,1.7586906811233094,237.633,2.081919812559896,2.8053324750368036,4.228449449666716,0.9401133179881338
2014-10-30,0.6230124240393486,14.52,2.32,1.84,1.7586906811233094,237.633,1.8328998107914884,2.1933562278948937,2.8757071458595185,-0.32111990050908146
2014-10-31,1.1731393541549506,14.03,2.35,1.85,1.7586906811233094,237.633,0.6872968846953098,1.0826645166739812,2.3320159450542333,-2.3132973476317376
2014-11-03,-0.0118921844636243,14.73,2.36,1.84,1.575570535206694,237.633,1.0134725557928492,1.6137053187298411,2.729486439362261,-0.3132820352935939
2014-11-04,-0.2829841680832889,14.89,2.35,1.83,1.575570535206694,237.633,1.2291126875068503,1.7491008362332527,2.901319882730191,2.370406950932713
2014-11-05,0.5700497411807115,14.17,2.36,1.84,1.575570535206694,237.633,0.7086589513649821,1.371383796252501,2.488437787693387,2.2553384280409317
2014-11-06,0.3775513004849795,13.67,2.39,1.85,1.575570535206694,237.633,0.35396852861220296,1.518967120368564,1.3620300926307394,2.2588989018441863
2014-11-07,0.0349586217805342,13.12,2.32,1.81,1.575570535206694,237.633,0.3926688313337756,1.7741409720477774,1.302509854403433,2.4016817145039893
2014-11-10,0.3120184693883088,12.67,2.38,1.83,1.575570535206694,237.633,0.5942106015665027,1.340895378967799,-0.6638315179807397,2.0689435592991856
2014-11-12,-0.0701116681675495,13.02,2.37,1.82,1.575570535206694,237.633,0.513674510149631,1.696557248865438,-0.14326230566971132,2.4785977937568537
2014-11-13,0.0529844746565588,13.79,2.35,1.82,1.575570535206694,237.633,0.6580614336326063,1.3842832276968586,-1.8143214093505944,2.512595480322233
2014-11-14,0.0240270208810677,13.31,2.32,1.78,1.575570535206694,237.633,1.1608894085979093,0.6677057522633367,-2.460508413870488,1.9869474970533707
2014-11-17,0.0735359021627912,13.99,2.34,1.8,1.575570535206694,237.633,1.3760687476442657,1.2359700195419432,-3.3595887885855436,0.861205323871217
2014-11-18,0.5133983312177293,13.86,2.32,1.79,1.575570535206694,237.633,0.742274105970897,1.0980616415202205,-1.8963852838346118,0.31191647292363456
2014-11-19,-0.1501159007554986,13.96,2.36,1.82,1.575570535206694,237.633,1.176837623816418,1.1324120184132758,0.6106256562399492,-1.3735412867957986
2014-11-20,0.196709621349167,13.58,2.34,1.81,1.579417560387597,237.642,0.7214740515771645,1.1019421355498604,0.8719962169650097,-2.4425777444130214
2014-11-21,0.5236877359639402,12.9,2.31,1.78,1.579417560387597,237.642,-0.48752404137387684,-0.15458887357646667,0.7288606281802279,-1.822145654758367
2014-11-24,0.2864023314453678,12.62,2.3,1.77,1.639807021145567,237.642,-0.13819704179994785,-0.46340957844476227,0.6166013650054536,-0.3513088194228686
2014-11-25,-0.1150029676853181,12.25,2.27,1.76,1.639807021145567,237.642,0.3531660752218446,-1.978201287300474,0.7184149869692957,-1.0749708706788041
2014-11-26,0.2805981889918651,12.07,2.24,1.71,1.639807021145567,237.642,-0.04390886930893956,-1.8091266846259835,0.768994119415134,-2.1502036674270975
2014-11-28,-0.2542427180532325,13.33,2.18,1.71,1.639807021145567,237.642,0.3777427679204637,-3.1549314501378434,1.1129064749526796,-2.1537478010269506
2014-12-01,-0.6829362527492333,14.29,2.22,1.73,1.639807021145567,237.642,0.3345662587431075,-3.1074654406371027,1.3104915175444987,-2.0536233383149582
2014-12-02,0.6384461097458161,12.85,2.28,1.73,1.639807021145567,237.642,-0.3256625927142265,-4.539452535734512,-0.37018926731123836,-3.575040678289354
2014-12-03,0.3764742741791727,12.47,2.29,1.72,1.639807021145567,237.642,-2.3231627398529575,-2.961923183030679,-0.7776065691389555,-2.647121340944958
2014-12-04,-0.1161896207077406,12.38,2.25,1.7,1.639807021145567,237.642,-1.7659932429821112,-0.5159437531049194,-2.477893343187332,-2.3828079707924887
2014-12-05,0.1665216534709301,11.82,2.31,1.66,1.639807021145567,237.642,-3.5193800145776,-0.2274396650823296,-3.5058870335157644,-2.08397151487002
2014-12-08,-0.7256565211683386,14.21,2.26,1.62,1.639807021145567,237.642,-3.4305542224639662,0.884817330901777,-1.670138629676643,0.1378357465253499
2014-12-09,-0.0237823541331172,14.89,2.22,1.58,1.639807021145567,237.642,-4.227557516436786,1.0850391186559172,0.11262266323084358,-0.38838343809188824
2014-12-10,-1.635096881921505,18.53,2.18,1.59,1.639807021145567,237.642,-0.6539528316999998,2.7510373301488755,0.9214587249811723,1.5275387198528945
2014-12-11,0.4535689211905058,20.08,2.19,1.57,1.639807021145567,237.642,1.2725221449728652,2.6256216255054587,-0.3473611867220838,-0.2839788806413224
2014-12-12,-1.6213587335965784,21.08,2.1,1.54,1.639807021145567,237.642,3.4120223833477015,4.406871706526916,1.0337993086301456,-0.008486207504720955
2014-12-15,-0.6342586611898127,20.42,2.12,1.52,1.639807021145567,237.642,4.468671761156129,4.559646394093275,1.0876401439126715,1.5892399611781238
2014-12-16,-0.8489022887163578,23.57,2.07,1.49,1.639807021145567,237.642,5.547103631615613,4.367524992441507,1.0102727074828177,1.1278729133156862
2014-12-17,2.035241573284696,19.44,2.14,1.52,1.378909190446875,237.032,3.427403765829329,2.2509891843917496,0.3244106359191923,0.39544937277111725
2014-12-18,2.401520473971619,16.81,2.22,1.55,1.378909190446875,237.032,1.3360973459272563,-1.972124643986528,-1.8765461402724615,-0.5433625203397963
2014-12-19,0.4570048934014581,16.49,2.17,1.5,1.3446664414866971,237.032,0.9620248209548654,-3.2859208558228103,-1.860763965117973,-1.4072824452430188
2014-12-22,0.3810463907886641,15.25,2.17,1.46,1.3446664414866971,237.032,0.08708317182892777,-2.532547541022112,-0.7404301302606386,-0.770734228361325
2014-12-23,0.1746361746361779,14.8,2.26,1.53,1.3446664414866971,237.032,-1.1175850388951747,-0.9619786111806916,-1.4576069511317846,-1.2823137483338187
2014-12-24,-0.0139296538410715,14.37,2.27,1.54,1.3446664414866971,237.032,-1.1374302540756887,-1.7805938048966796,-1.1907408840698963,-1.68789241244085
2014-12-26,0.3309574570383944,14.5,2.25,1.52,1.3446664414866971,237.032,-3.2646037064370304,-2.89692063749577,-2.8351599338071187,-0.9661155345935923
2014-12-29,0.0861774542574522,15.06,2.22,1.5,1.3446664414866971,237.032,-4.207468782753654,-3.2306996108245056,-4.228991676374161,-1.0542597636919115
2014-12-30,-0.4888604719738176,15.92,2.2,1.51,1.3446664414866971,237.032,-2.6173514401990117,-3.3205986916734043,-2.8408726840176035,0.3907939736518484
2014-12-31,-1.0310858415930158,19.2,2.17,1.5,1.3446664414866971,237.032,0.1573651167153356,-3.2167595094372836,-3.10408058384104,1.8500213559322187
2015-01-02,-0.0339963672385534,17.79,2.12,1.46,1.3446664414866971,237.032,-0.6505632540949713,-1.8841661717309055,-1.8146913065793746,2.047426767003757
2015-01-05,-1.8278105145113743,19.92,2.04,1.36,1.3446664414866971,237.032,0.38009155183016397,0.097501351903162,1.4575059578286753,3.9147164332159035
2015-01-06,-0.8893471722946522,21.12,1.97,1.32,1.3446664414866971,237.032,1.0196715333828266,1.4735774804620627,1.9424663163872813,4.735818083103327
2015-01-07,1.162984267174294,19.31,1.96,1.34,1.3446664414866971,237.032,-0.7221484133721812,1.8386829300947705,1.8075914248423475,4.166050811834787
2015-01-08,1.7888280629516196,17.01,2.03,1.41,1.3446664414866971,237.032,-3.3688232734763734,-0.5004424896629223,-0.32344662449941275,2.304403290110457
2015-01-09,-0.8403811034715436,17.55,1.98,1.39,1.3446664414866971,237.032,-1.2416808368938992,0.6005462094273994,0.09438195163968821,3.4560629031530787
2015-01-12,-0.8093685160912578,19.6,1.92,1.36,1.3446664414866971,237.032,-0.2815201655610111,0.06360323904670562,1.9884076957993546,4.220371019696945
2015-01-13,-0.2578555236295576,20.56,1.91,1.37,1.3446664414866971,237.032,0.44932431494713043,-1.0316206292024566,2.2491015625613286,4.335573850477381
2015-01-14,-0.5813067327385291,21.48,1.86,1.35,1.3446664414866971,237.032,2.579458864732209,0.49620291516481174,3.838865999479002,4.635378619648356
2015-01-15,-0.9247875921837956,22.39,1.77,1.33,1.3446664414866971,237.032,2.9683802691664374,0.11642400587654755,5.235184149329575,6.258931277246438
2015-01-16,1.3424199395820402,20.95,1.83,1.34,0.9671337013173132,236.149,1.8653892268850392,0.07080902484417617,4.00709323391788,4.375512940781512
2015-01-20,0.1549952369838569,19.89,1.82,1.29,0.9671337013173132,236.149,0.3460977395370657,1.3586798746796136,3.813496870309363,3.7566427843293226
2015-01-21,0.4731623968765364,18.85,1.87,1.34,0.6679966919883151,236.149,-1.4743204638253848,0.4620797330374238,3.2148670458272077,3.391534166826493
2015-01-22,1.5269721916580492,16.4,1.9,1.37,0.6679966919883151,236.149,-2.0308704809161804,-0.03053015254897984,2.285347585786801,0.39309346415703494
2015-01-23,-0.5491522439307173,16.66,1.81,1.29,0.6679966919883151,236.149,-2.7697398520154293,0.1778860827045481,2.8189530184412837,1.3456278992010517
2015-01-26,0.2568460857030219,15.52,1.83,1.29,0.6679966919883151,236.149,-1.7617173170013434,-0.503142653653188,2.8384703675277567,-0.628560401270295
2015-01-27,-1.338786241041101,17.22,1.83,1.29,0.6679966919883151,236.149,1.0090896985061049,1.9235809969328832,4.154125622200389,0.5267148456093773
2015-01-28,-1.3495609366348305,20.44,1.73,1.23,0.6679966919883151,236.149,1.9653761394782698,3.3149195860549874,5.423140718078234,3.1860548559157875
2015-01-29,0.9534685287099888,18.76,1.77,1.26,0.6679966919883151,236.149,2.0418067795300088,3.326158588435413,4.118738404452715,1.5905950448361406
2015-01-30,-1.2991965252009852,20.97,1.68,1.21,0.6679966919883151,236.149,3.0315931791539796,5.112807608022996,6.135364234552898,4.320821236889905
2015-02-02,1.296246371066978,19.43,1.68,1.19,0.6679966919883151,236.149,1.2811448133813519,3.9334989368342343,4.301657953888061,2.6439396470015364
2015-02-03,1.4439495293299576,17.33,1.79,1.27,0.6679966919883151,236.149,0.9053554498475336,2.42191097858111,2.3658190029847592,2.4131339539495533
2015-02-04,-0.4156046208831476,18.33,1.81,1.29,0.6679966919883151,236.149,1.3235310824829982,2.7401257470528906,2.915980279896302,2.3394452898669815
2015-02-05,1.0291406686777416,16.85,1.83,1.31,0.6679966919883151,236.149,1.2586525556925299,2.3165849952687223,0.4237529891399916,2.209921731346798
2015-02-06,-0.3418172314141876,17.29,1.95,1.3,0.6679966919883151,236.149,2.0199769455667704,2.636377187632366,1.165668254900587,2.381448129603725
2015-02-09,-0.4247194360987749,18.55,1.96,1.31,0.6679966919883151,236.149,2.6188034587682596,3.3585111231693165,-0.12605196883808123,2.1868928138986554
2015-02-10,1.0675561019232394,17.23,2.01,1.34,0.6679966919883151,236.149,1.5029485025572553,2.1884480543659546,-1.3705034082010625,-0.36450136286734214
2015-02-11,-0.0029033588675453,16.96,2.0,1.33,0.6679966919883151,236.149,1.3980905022118684,2.040577624674267,-0.12473002994678462,-0.5984987782523765
2015-02-12,0.9644506431775834,15.34,1.99,1.38,0.6679966919883151,236.149,1.0447822609473745,0.7670659848821648,-1.6796942490742595,-1.3148299813406372
2015-02-13,0.4074738491730789,14.69,2.02,1.36,0.6679966919883151,236.149,0.6041956296407136,0.9728182985493827,-0.7534632450181711,-0.5126395476403478
2015-02-17,0.1597574462372852,15.8,2.14,1.44,0.6679966919883151,236.149,0.7208305295610451,0.3542255584771725,-1.240754235183028,-1.5449971887690706
2015-02-18,-0.0314309217733899,15.45,2.07,1.45,0.6679966919883151,236.149,0.6753493981422887,-0.05476560148156562,-0.008569479467535057,-1.9045755322874003
2015-02-19,-0.1062057333189647,15.29,2.11,1.44,0.6679966919883151,236.149,0.6336284236519774,0.17116441270117466,-0.389994127681359,-1.453669500783128
2015-02-20,0.6126533626735764,14.3,2.13,1.46,0.7203935309513465,236.284,-0.2748447469044124,-1.8499757455903043,-0.10424826427396505,-1.4064318321514335
2015-02-23,-0.0303339195345975,14.56,2.06,1.42,0.7203935309513465,236.284,0.3664088426944989,-1.4329314547445127,-0.24838080319478095,-1.5798676266759348
2015-02-24,0.2758770892866691,13.69,1.99,1.39,0.575057569604942,236.284,-0.3639812828750588,-3.3713363845333966,-1.1335479744619015,-1.5873503145872325
2015-02-25,-0.0765723647508154,13.84,1.96,1.35,0.575057569604942,236.284,-0.7252172492955178,-3.4827336458555846,-2.4982759459025505,-1.072926997468715
2015-02-26,-0.1476028227480719,13.91,2.03,1.37,-0.1089672374677053,234.677,-0.4595521578571127,-2.1220064654920767,-2.5863009249454394,-0.4112269479321973
2015-02-27,-0.2956304548757837,13.34,2.0,1.37,-0.1089672374677053,234.677,-1.5794720947671648,-2.4281348375504996,-2.0660480146709292,-0.5735361539261019
2015-03-02,0.6124919257840311,13.04,2.08,1.42,-0.1089672374677053,234.677,-1.7927714244106552,-1.7096497578817815,-1.4711462661145425,-1.0177532613637297
2015-03-03,-0.45385421527393,13.86,2.12,1.44,-0.1089672374677053,234.677,-3.018341299040117,-1.5893499100650854,-1.8925189613859472,-0.05456672273141949
2015-03-04,-0.438850348301556,14.23,2.12,1.46,-0.1089672374677053,234.677,-2.777660469411092,0.04622143546115787,-1.8508235454528732,0.30783266607168347
2015-03-05,0.1196079984838727,14.04,2.11,1.46,-0.1089672374677053,234.677,-1.6701294234393926,-0.5601996778939133,-1.6220575282424265,-0.9452512590258366
2015-03-06,-1.4173946589881803,15.2,2.24,1.51,-0.1089672374677053,234.677,-0.8622822503050243,1.7786317370552363,0.45190402835681986,1.4068679181143295
2015-03-09,0.3944421191197644,15.06,2.2,1.5,-0.1089672374677053,234.677,0.08463905125364324,1.2017712092207145,-0.14907227545672974,0.8588944089972017
2015-03-10,-1.696133008584244,16.69,2.14,1.44,-0.1089672374677053,234.677,1.4734656100090726,2.3158639748726895,1.846228648101289,3.1210827768392457
2015-03-11,-0.1917679574870323,16.87,2.11,1.41,-0.1089672374677053,234.677,2.904560740367468,1.0199809185859054,2.4967622265063882,3.5628132844264027
2015-03-12,1.2601439566208406,15.42,2.1,1.43,-0.1089672374677053,234.677,1.128781863575501,-0.4743604181972616,1.7478694196532585,2.5044164407286518
2015-03-13,-0.6074710968194674,16.0,2.13,1.45,-0.1089672374677053,234.677,2.6638841878810604,0.37109757231421625,1.900751492796271,2.70380939766679
2015-03-16,1.3533671171787054,15.61,2.1,1.44,-0.1089672374677053,234.677,1.1161874275182226,0.24265199094288814,0.7039312555237487,1.6130228044775041
2015-03-17,-0.3320173700583018,15.66,2.06,1.36,-0.1089672374677053,234.677,0.8301661521063819,-0.3080652866776168,1.5595702151455004,1.5701866623290428
2015-03-18,1.2158421402569175,13.97,1.93,1.36,-0.1089672374677053,234.677,-1.831386100113097,-1.8961685445939236,0.2614903660097978,-0.6663486656048656
2015-03-19,-0.4872579408787825,14.07,1.98,1.35,-0.1089672374677053,234.677,-1.585248286620733,-1.067839885949995,-0.38722079075443894,0.9103667478806088
2015-03-20,0.9012754669798452,13.02,1.93,1.33,-0.2092112480811758,234.677,-2.233294243349393,-1.303542488295606,-0.36526706303275924,0.30311144073420504
