Date,SP500_Returns,VIX,Inflation_YoY,Unemployment,Fed_Rate,Consumer_Sentiment,Industrial_Production,CPI,cumret_5,cumret_10,cumret_20,cumret_30
1991-01-11,-1.797504365629865,31.318,6.279809220985677,6.1,6.91,66.8,107.5,133.7,17.076415536654068,16.575198483327846,23.66525171652296,22.80556470683792
1991-01-18,5.392887544814795,31.68,6.597774244833077,6.1,6.91,66.8,107.1,134.1,10.059290794031117,12.939827472763765,14.20701927237853,16.05814460516417
1991-01-25,1.1558246428401864,23.47,6.175771971496435,6.1,6.91,66.8,107.1,134.1,9.224268552502291,11.691009959552655,13.753087217959603,17.288066425833826
1991-02-01,2.0769423979022816,21.908,6.175771971496435,6.2,6.25,70.4,107.1,134.1,9.298943462815167,10.887627877152518,10.115147483396125,15.268913204108303
1991-02-08,4.751499457969355,22.596,6.175771971496435,6.2,6.25,70.4,107.1,134.1,3.9627076645361248,6.915265251549019,3.286488759705697,8.27883664803113
1991-02-15,2.7020985919452123,21.346,6.175771971496435,6.2,6.25,70.4,106.5,134.1,-0.4281110341726513,2.6987458735613146,1.3602094637402917,3.9370289046267715
1991-02-22,-0.923970000722707,20.9725,6.730007917656389,6.2,6.25,70.4,106.5,134.8,2.6172589864524864,4.143304840522766,3.9928911109591514,6.090529168053083
1991-03-01,0.3883531933372319,21.4325,5.5599060297572445,6.2,6.25,70.4,106.5,134.8,2.258418792582395,2.3619426096282314,4.672131624563991,5.129807992085156
1991-03-08,2.1467307940123748,20.744,5.5599060297572445,6.5,6.12,87.7,106.5,134.8,1.4535222061664577,-0.6827570276702111,1.5948740562909736,1.680220719526182
1991-03-15,-0.3627192491967967,17.125999999999998,5.5599060297572445,6.5,6.12,87.7,105.7,134.8,2.8400160531987018,1.0439235350822695,3.637676723441796,2.103914972613885
1991-03-22,-1.6354788435063885,16.258,5.794831636648379,6.5,6.12,87.7,105.7,135.1,3.1403008823173817,6.081956818807432,5.344504066532707,6.808530604567364
1991-03-29,2.1062343537001205,16.625,5.300077942322679,6.5,6.12,87.7,105.7,135.1,1.4871239683684756,1.1220061407658521,2.761042939570979,2.393265539447076
1991-04-05,0.0373072145418484,17.613999999999997,5.300077942322679,6.8,5.91,81.8,105.7,135.1,0.10123745141785712,1.8462338724967164,5.0111969336727125,4.25192417825464
1991-04-12,1.342713326302314,18.59,5.222135619641466,6.8,5.91,81.8,105.7,135.0,-2.105672811926129,-0.696633527603463,3.9511038434419055,3.283391417548742
1991-04-19,0.9989533048154976,15.946000000000002,5.222135619641466,6.8,5.91,81.8,105.3,135.0,-1.7464918686781683,-3.394067707081483,1.2753757784483843,-0.4112485787721609
1991-04-26,-1.3482621105613268,16.988,4.732350659425899,6.8,5.91,81.8,105.3,135.0,2.852091676411228,-1.3033619821112064,1.205743089199962,-0.7598476198389492
1991-05-03,0.469631900926637,17.808,4.732350659425899,6.6,5.78,78.3,105.3,135.0,-0.3597676368446767,-0.14442957211117102,1.8697546909157037,-1.46533265523614
1991-05-10,-1.3287809140752227,17.574,4.732350659425899,6.6,5.78,78.3,105.3,135.0,1.7432316178166651,2.2568827398538494,2.703998489958903,0.8942396222038296
1991-05-17,-0.891567486294953,17.584,4.965089216446872,6.6,5.78,78.3,105.1,135.3,1.4393472275626928,2.2932886735446356,2.379222052966967,3.243907220141251
1991-05-24,1.369525332399757,16.134,4.802478698683199,6.6,5.78,78.3,105.1,135.3,-1.6768620986043925,2.566956129191622,1.049040259371492,2.529873256935189
1991-05-31,3.268959881619371,15.88,4.802478698683199,6.6,5.78,78.3,105.1,135.3,-4.040222800325877,-0.6951726517774537,0.6849174049465612,4.2659634855282125
1991-06-07,-2.667828092941349,16.669999999999998,4.802478698683199,6.9,5.9,82.1,105.1,135.3,0.21611557864364972,1.6208507538147066,1.2571540530076808,10.518410360936414
1991-06-14,0.7537664191940907,17.095999999999997,5.112316034082109,6.9,5.9,82.1,105.8,135.7,0.5048504100662488,3.1075896877426734,2.362080770477659,8.58248890246327
1991-06-21,-1.187582317989977,16.468,4.949729311678253,6.9,5.9,82.1,105.8,135.7,0.8418246659910533,4.680342204045296,4.007945638236254,10.882855155939719
1991-06-28,-1.744539070255624,18.306,4.949729311678253,6.9,5.9,82.1,105.8,135.7,4.316194863565048,4.833495598770954,3.0876148674443327,11.940943767358636
1991-07-05,0.7867180949848507,18.5225,4.949729311678253,7.0,5.82,82.9,105.8,135.7,3.4858877814899714,2.542239656487988,0.5506918707542496,9.276094271974067
1991-07-12,1.6493834605456614,18.984,4.949729311678253,7.0,5.82,82.9,105.8,135.7,1.4017058704183016,2.0170975483850606,-1.3228136171721139,8.110452685835746
1991-07-19,1.044050288153353,16.812,5.181747873163167,7.0,5.82,82.9,106.9,136.0,2.5896653415801163,0.4372475848325674,-1.3325686067671594,7.355163623923855
1991-07-26,-0.8562824773487132,16.216,4.615384615384621,7.0,5.82,82.9,106.9,136.0,3.8064737035136353,0.08400685962552945,0.929306857686818,8.00672054877003
1991-08-02,1.640721423928282,15.41,4.615384615384621,6.8,5.66,82.0,106.9,136.0,0.4958968603892,-1.4799267981670416,-0.0361547945419427,6.591254717187844
1991-08-09,-0.0154960379484259,15.69,4.615384615384621,6.8,5.66,82.0,106.9,136.0,-0.9118616511214594,1.3897512271831447,4.995866031677343,4.474066837848456
1991-08-16,-0.3978116770888329,15.256,4.846153846153856,6.8,5.66,82.0,107.6,136.3,0.6068849361895223,-0.35789574492754994,8.755643690365055,5.254424625544685
1991-08-23,2.2278196884212065,16.934,4.444444444444451,6.8,5.66,82.0,107.6,136.3,-2.0980843924004566,-0.723039806790915,5.309889632083475,4.345833975616453
1991-08-30,0.3196537547567324,14.972,4.444444444444451,6.8,5.66,82.0,107.6,136.3,-3.5859679180703097,-0.6423331751231665,5.925193614484314,2.0408182165472244
1991-09-06,-1.600785648410763,16.955,4.444444444444451,6.8,5.45,83.0,107.6,136.3,-1.9660739595180554,-1.6653844473608514,6.779749285276093,3.199686839927951
1991-09-13,-1.4160908967344343,17.6,4.674329501915708,6.8,5.45,83.0,107.6,136.6,2.3227935418474566,-1.9421730912113189,6.566908074218203,5.396390000952356
1991-09-20,1.128813871889811,17.54,4.674329501915708,6.8,5.45,83.0,108.2,136.6,-0.9589608919200687,-3.2738739346834356,5.972876394136506,7.248915792901212
1991-09-27,-0.5207309397111892,15.951999999999998,3.878326996197723,6.8,5.45,83.0,108.2,136.6,1.4045124419432842,-1.7621114020521689,6.88779930299086,5.991188256766189
1991-10-04,-1.2049738196502011,15.828,3.878326996197723,6.7,5.21,78.3,108.2,136.6,3.0531185963114993,0.8445904841188678,7.916063652663929,8.20458984375001
1991-10-11,0.0524622182377143,18.066,3.878326996197723,6.7,5.21,78.3,108.2,136.6,0.3067198512819225,1.465459734959107,8.192423384440485,9.070644770921765
1991-10-18,2.896837708572786,15.815,4.258555133079844,6.7,5.21,78.3,108.1,137.1,-4.16814913415603,3.556685721038999,3.042038838574812,4.4815277293988265
1991-10-25,-2.1146465714570017,16.168,3.471698113207533,6.7,5.21,78.3,108.1,137.1,-2.337327095525743,9.146273559180319,5.632478772332328,7.761576225711209
1991-11-01,1.8532001277893784,15.508,3.471698113207533,6.8,4.81,69.1,108.1,137.1,-3.12276423182688,6.076867610705738,5.105790681485889,6.140753942945554
1991-11-08,0.4012080381359029,16.14,3.471698113207533,6.8,4.81,69.1,108.1,137.1,-2.143096824506663,6.609984915590994,2.7004975835429157,5.240651472477542
1991-11-15,-2.613968069521877,15.7825,3.547169811320749,6.8,4.81,69.1,108.2,137.2,1.1551966661806468,8.588159607047263,4.947465610097912,7.093203438080931
1991-11-22,-1.6935812428635175,19.866,2.925731432858192,6.8,4.81,69.1,108.2,137.2,8.060821934879602,8.677615478206047,7.483913649228446,7.319082710470992
1991-11-29,-0.244593340752186,20.455,2.925731432858192,6.8,4.81,69.1,108.2,137.2,11.758433711862871,9.559723628935423,10.878952931991591,7.523589066277725
1991-12-06,1.0340613160784828,19.73,2.925731432858192,6.8,4.43,68.2,108.2,137.2,9.496174998786433,8.805065772987032,7.892372046542828,8.617774303394565
1991-12-13,1.4165114826511394,19.432,3.3758439609902435,6.8,4.43,68.2,108.2,137.8,8.944776971329382,7.012248385954467,7.298358121440485,7.841962650078571
1991-12-20,0.6684545780057949,17.826,3.3758439609902435,6.8,4.43,68.2,107.8,137.8,7.348078186626372,6.62980650465006,7.495343790713016,7.384246057587718
1991-12-27,5.017564717189238,15.855,3.0665669409125185,6.8,4.43,68.2,107.8,137.8,0.5707836867075988,-0.4969711794857612,0.8930780296031893,1.26458071064679
1992-01-03,3.1688247683870685,18.66,3.0665669409125185,6.8,4.03,67.5,107.8,137.8,-1.9673773243782056,-3.2193447126188657,-1.2686620333568377,1.1613476319257021
1992-01-10,-1.011110380932645,18.864,3.0665669409125185,7.1,4.03,67.5,107.8,137.8,-0.6311720256959363,-0.9154464598102652,0.06022645057195408,0.9106236385731048
1992-01-17,0.9058008173358668,17.274,3.365744203440535,7.1,4.03,67.5,107.8,138.2,-1.773860701815455,-3.6670930355570674,-1.2844326393982919,0.2506847985647598
1992-01-24,-0.8069461116934962,16.8425,3.05741983594332,7.1,4.03,67.5,107.8,138.2,-0.6691053012868986,-3.352754121742274,-1.3767211585279715,-0.15163301871418122
1992-01-31,-1.6125955593208396,17.369999999999997,3.05741983594332,7.1,4.03,67.5,107.8,138.2,-1.0616948849872299,-1.0983879465196522,-1.250057577871233,1.482459410120418
1992-02-07,0.5650955441782513,18.336,3.05741983594332,7.1,4.06,68.8,107.8,138.2,-1.2770926188349296,1.2041188671890302,-1.858469969816523,1.457099488612057
1992-02-14,0.3381290376365697,17.622,3.05741983594332,7.1,4.06,68.8,106.7,138.2,-0.2860800916237527,-0.8388338538836138,-0.17213488017475687,1.7212896132736244
1992-02-21,-0.2545622290971328,17.2425,3.1319910514541416,7.1,4.06,68.8,106.7,138.3,-1.9274221172373873,0.2673616710249238,0.7753451372516373,2.7951292333377564
1992-02-28,0.3086842364092845,16.662,2.596439169139475,7.1,4.06,68.8,106.7,138.3,-2.701726213778022,0.811721707499502,0.707531578334808,0.3998046638429953
1992-03-06,-2.001456147639113,18.05,2.596439169139475,7.3,3.98,76.0,106.7,138.3,-0.037086810300379636,1.396991855993024,1.77035001950554,1.4909501391793478
1992-03-13,0.3461561388669043,19.244,2.596439169139475,7.3,3.98,76.0,106.7,138.3,2.5133087667729592,2.015570852945414,4.526413188189848,-0.7835582260191654
1992-03-20,1.3453556831131808,17.056,2.664692820133241,7.3,3.98,76.0,107.2,138.7,-0.5543396175456516,0.9846871944439117,1.8429412387094501,0.10455220182878922
1992-03-27,-1.89642305481782,16.31,2.664692820133241,7.3,3.98,76.0,107.2,138.7,2.2379179130847193,2.4733608392386586,4.066915405727234,2.627015143374356
1992-04-03,-0.4832744007512435,16.482,2.664692820133241,7.3,3.73,77.2,107.2,138.7,3.6110074563060257,2.044582797220551,3.312170019889038,4.265970714372025
1992-04-10,0.6823610597059382,18.084,3.182827535159149,7.3,3.73,77.2,107.2,139.4,1.4346107176488099,-0.1533540537939304,2.6095098988321075,3.287238800477854
1992-04-17,2.906329553453313,15.7425,3.259259259259273,7.3,3.73,77.2,107.2,139.4,-0.4855349220655225,-3.0261503892193953,0.24997067733487643,1.5359061627770343
1992-04-24,-1.687342415889792,15.992,3.259259259259273,7.3,3.73,77.2,107.2,139.4,1.5476058040850615,0.6723387789999036,2.581780314467874,4.310303984244435
1992-05-01,0.8581511563992672,16.163999999999998,3.259259259259273,7.3,3.82,79.2,107.2,139.4,0.23028924195631628,0.5066289346411512,2.521027301592249,4.273629780859789
1992-05-08,0.8532686166067283,16.516,3.259259259259273,7.2,3.82,79.2,107.2,139.4,-1.5118322826327635,-0.10335120499876949,-0.4086003459515153,3.848097640995851
1992-05-15,-1.432518118001702,15.27,3.2520325203251765,7.2,3.82,79.2,108.2,139.7,-1.5655058566380053,0.36821424055926144,0.0926637777575623,5.764591884596859
1992-05-22,0.958324443628511,13.892,3.2520325203251765,7.2,3.82,79.2,108.2,139.7,-2.5530112282311945,2.4612344118171814,-2.7438253352515263,6.584225517846898
1992-05-29,0.3212446560882931,14.135,3.2520325203251765,7.2,3.82,79.2,108.2,139.7,-0.8619277807236925,0.8498853322316036,-0.8715529225935215,5.879374636164103
1992-06-05,-0.450221521538019,14.332,3.2520325203251765,7.5,3.76,80.4,108.2,139.7,0.2757047742501628,1.5550915412919197,0.14994560818273328,5.376313214203954
1992-06-12,-0.8996810297623115,15.803999999999998,3.3998521803399795,7.5,3.76,80.4,108.2,139.9,1.4301018186021475,1.2421896272410748,2.1768798070993967,4.7076282623034205
1992-06-19,-1.4862349162315769,16.514,3.095062638172452,7.5,3.76,80.4,108.8,139.9,1.9644740535578187,2.767107424033588,3.445877246718343,8.293898321665516
1992-06-26,-0.0545002634292801,14.932,3.095062638172452,7.5,3.76,80.4,108.8,139.9,5.145613736502708,3.3783551748264973,4.704419356668743,8.09517217904354
1992-07-03,2.0622075981921784,13.445,3.095062638172452,7.8,3.25,76.6,108.8,139.9,1.7266959853416086,1.896689357401038,3.613669106496875,6.559489638942173
1992-07-10,0.6921354590076811,14.906,3.095062638172452,7.8,3.25,76.6,108.8,139.9,1.2758691349235685,2.0042442854799836,3.748012331274486,8.27504653963842
1992-07-17,0.2411847020830082,12.98,3.389830508474589,7.8,3.25,76.6,108.2,140.3,-0.18526274546892818,-0.30556494600646467,3.9555369410874786,6.967901399188636
1992-07-24,-0.9672270489629377,13.106,3.161764705882364,7.8,3.25,76.6,108.2,140.3,0.7871696273882067,-0.2745395690126551,5.376580309682222,5.495625554363692
1992-07-31,3.0636504287104183,13.412,3.161764705882364,7.8,3.25,76.6,108.2,140.3,-1.6807725009861163,-5.080028341400067,4.023952209533599,4.518991493335589
1992-08-07,-1.2564500317362337,13.88,3.161764705882364,7.7,3.3,76.1,108.2,140.3,0.16710792620642234,-1.7069312961082383,4.987104633152328,6.500663710689203
1992-08-14,0.2458935177832133,14.896,3.308823529411775,7.7,3.3,76.1,108.9,140.5,0.7191991110794937,-1.3836292319601262,3.7627081172570964,7.125332249581806
1992-08-21,-1.205019531438789,14.457999999999998,3.0814380044020373,7.7,3.3,76.1,108.9,140.5,-0.12052548936813956,0.9232220117914247,3.422919484279796,8.516327841983928
1992-08-28,-0.0024128638008269,14.622,3.0814380044020373,7.7,3.3,76.1,108.9,140.5,-1.0534170175886648,0.660493264526818,5.377976510351257,7.940411419388949
1992-09-04,0.5399648669725865,13.114,3.0814380044020373,7.6,3.22,75.6,108.9,140.5,-3.457366302484477,1.282729038975039,4.562673681778229,5.828624930187143
1992-09-11,0.5994054091508882,13.1,3.0814380044020373,7.6,3.22,75.6,108.9,140.5,-1.8709127787689295,1.6850201512176088,4.576007631795043,5.3053078025663725
1992-09-18,0.7984189453084545,13.88,3.1478770131771583,7.6,3.22,75.6,108.6,140.9,-2.0878128118557493,1.709505381868448,6.1475895420668,6.1499563086235165
1992-09-25,-2.0287013739512805,13.88,3.1478770131771583,7.6,3.22,75.6,108.6,140.9,1.0450070009613954,4.274162228599998,7.2957596291667315,5.473631553444536
1992-10-02,-0.9364075843269482,15.707999999999998,3.1478770131771583,7.5,3.1,73.3,108.6,140.9,1.7321571199888197,5.66667714971909,5.786050120439956,7.240480700737861
1992-10-09,-1.9026963079804784,20.15,3.1478770131771583,7.5,3.1,73.3,108.6,140.9,4.909846727727585,9.59121709778643,10.112750422282634,9.847015729368724
1992-10-16,2.252522535570689,17.61,3.367496339677878,7.5,3.1,73.3,108.6,141.2,3.623729753003535,6.810282777340415,8.350125919379714,6.759280555137814
1992-10-23,0.5756187438243909,16.619999999999997,2.9905178701677526,7.5,3.1,73.3,108.6,141.2,3.8782896213189533,5.21854263053565,8.628345796212944,7.664812790763631
1992-10-30,1.1060097813958336,16.026,2.9905178701677526,7.5,3.1,73.3,108.6,141.2,3.195759319020941,2.476830825116072,7.523645875381746,7.526036666869285
1992-11-06,-0.2627319486860346,16.07,2.9905178701677526,7.4,3.09,85.3,108.6,141.2,3.8675283618429868,4.68652903719371,7.232150289320716,7.778153175620961
1992-11-13,1.1614555916166447,14.395,3.428154631655733,7.4,3.09,85.3,108.6,141.8,4.462279296059157,3.238404685502694,4.488322870390515,5.877901077185288
1992-11-20,0.9989823861635828,14.484,3.352769679300316,7.4,3.09,85.3,109.0,141.8,3.0751190214175272,2.8430809929310907,3.5602959471955353,3.991561941385835
1992-11-27,0.822690686942007,12.785,3.352769679300316,7.4,3.09,85.3,109.0,141.8,1.290214744680962,4.363490062738551,4.365817049334231,4.054305907786238
1992-12-04,0.4416946904196139,12.442,3.352769679300316,7.2,2.92,91.0,109.0,141.8,-0.6966647647626223,2.897743157065613,1.1503034876606977,3.189371581993816
1992-12-11,0.3865235007107781,12.28,3.352769679300316,7.2,2.92,91.0,109.0,141.8,0.7885050200651555,0.1129712544587047,1.4894038437385904,3.315420653630463
1992-12-18,1.7407114107229171,12.29,3.12046444121914,7.2,2.92,91.0,109.7,142.1,-1.1715947792866443,0.47588970932850305,0.2334116166937239,1.0129625709455192
1992-12-25,-0.3421885809014924,11.62,3.12046444121914,7.2,2.92,91.0,109.7,142.1,-0.22511546015120398,1.4416618905965128,-0.04775029227188643,1.666784290188561
1993-01-01,-0.9232093276077435,12.42,3.12046444121914,7.2,2.92,91.0,109.7,142.1,3.0341285442076593,3.240686556219008,2.3249420673102206,2.850522978887282
1993-01-08,-1.52854049544926,13.714,3.12046444121914,7.3,3.02,89.3,109.7,142.1,3.6196245708298935,4.924835213608869,4.927168220463463,4.575225601051591
1993-01-15,1.8878933303744017,12.324,3.1930333817126177,7.3,3.02,89.3,110.5,142.2,-0.6702488200137302,2.431660764321042,2.953220597588868,2.971524861791308
1993-01-22,-0.2379065674122271,11.8,2.894356005788712,7.3,3.02,89.3,110.5,142.2,1.6670151510952858,1.210710479976429,2.5567000959801467,4.597468295614382
1993-01-29,0.6122339587299352,11.86,2.894356005788712,7.3,3.02,89.3,110.5,142.2,1.6705379900309847,0.6973876583041383,1.1167313711008653,4.959207308027325
1993-02-05,2.313230759087026,12.378,2.894356005788712,7.1,3.03,86.6,110.5,142.2,0.2004753327172759,0.0022296941145194538,-0.29625700977082836,2.7643516504970655
1993-02-12,-0.9689720389560176,13.04,2.894356005788712,7.1,3.03,86.6,110.5,142.2,1.2596172280925133,-1.6982293447754149,0.28341576402024504,3.8553275374782148
1993-02-19,-2.33028603726374,15.56,3.400868306801752,7.1,3.03,86.6,111.0,142.9,3.1228403851672804,1.374879370807447,3.1988356344275326,5.6676305288511974
1993-02-26,2.109530568918583,14.276,3.3261026753434564,7.1,3.03,86.6,111.0,142.9,-0.4488227282375523,-0.24132962976114447,0.5345290926716428,3.2139473686384035
1993-03-05,0.6157202486998914,13.348,3.3261026753434564,7.0,3.07,85.9,111.0,142.9,-0.9571606002736766,-1.4682450534719393,0.22192301998642527,3.400509723130174
1993-03-12,0.833875354251834,14.844,3.3261026753434564,7.0,3.07,85.9,111.0,142.9,-0.19784900016140972,-0.8869996117375489,-0.37791648849538895,2.3297715357276205
1993-03-19,0.0778085307701959,14.236,3.388608507570301,7.0,3.07,85.9,111.8,143.4,-2.9210524924316195,0.002223502996101523,-0.3332000587330186,4.291618383434659
1993-03-26,-0.5331187381783176,12.682,3.388608507570301,7.0,3.07,85.9,111.8,143.4,-1.6950279955741498,0.5091783432740193,0.5270480761923935,3.4592858717679587
1993-04-02,-1.4270365242483485,12.982,3.388608507570301,7.0,2.96,85.6,111.8,143.4,0.20842857328544628,1.3298885163641083,3.346244482996741,5.990160865983141
1993-04-09,0.1019465041164346,13.7075,3.388608507570301,7.0,2.96,85.6,111.8,143.4,-0.5160236280540853,0.41643951501473264,4.232304083383798,4.0127673214919835
1993-04-16,1.6069179255754795,11.528,3.012912482065988,7.0,2.96,85.6,112.0,143.6,-0.6905167921453459,-0.2984800486932615,2.762060370885022,3.664189450165556
1993-04-23,-2.652916558413354,12.43,3.012912482065988,7.0,2.96,85.6,112.0,143.6,3.011235773028753,2.015879363705375,5.649498320566049,5.8508586128275475
1993-04-30,0.7230633299626588,13.504,3.012912482065988,7.0,2.96,85.6,112.0,143.6,2.2422124678993294,1.7992191704105265,4.234531458569535,5.195482630306114
1993-05-07,0.4816091018490898,12.73,3.012912482065988,7.0,3.0,80.3,112.0,143.6,1.1191273618849973,0.7777356289466297,3.4636357777983795,5.105020735338939
1993-05-14,-0.621735890027153,13.956,3.443328550932545,7.0,3.0,80.3,110.0,144.2,0.9372998316659276,1.7153536688508053,4.94130524646017,5.544179464133059
1993-05-21,1.428701158926482,14.22,3.2211882605583497,7.0,3.0,80.3,110.0,144.2,0.39476264581053133,0.5136391000654994,3.245559245370333,4.607035867942888
1993-05-28,0.9756877218837224,13.518,3.2211882605583497,7.0,3.0,80.3,110.0,144.2,-0.9662600412992939,-0.33541610374200337,4.289299507735511,3.8183883134196517
1993-06-04,-0.028877780960812,13.3875,3.2211882605583497,6.9,3.04,81.5,110.0,144.2,-0.43327827792056794,0.017779205056633884,2.9351623176326447,3.6417399318640298
1993-06-11,-0.6221365613824026,13.758,3.2211882605583497,6.9,3.04,81.5,110.0,144.2,-0.33761340890196,1.9898926132806194,4.599109322879014,5.061928998016829
1993-06-18,-0.8004330840398088,12.018,3.216583273766971,6.9,3.04,81.5,110.4,144.4,0.770828859581596,3.800039701465896,3.5814133859421116,7.038859426133559
1993-06-25,0.8835226948353592,11.888,3.216583273766971,6.9,3.04,81.5,110.4,144.4,0.11840901967599127,3.0697028701999862,3.974532685955201,6.058980059735575
1993-07-02,-0.3932103980396229,11.3,3.216583273766971,7.0,3.06,77.0,110.4,144.4,0.6369990044003071,3.5618170225305557,3.75919834543581,7.370360698692635
1993-07-09,0.5091488050236626,12.49,3.216583273766971,7.0,3.06,77.0,110.4,144.4,0.45302032162535255,2.392270105807359,3.3362372399049267,4.842563860746529
1993-07-16,-0.526653149608125,10.842,2.9223093371347098,7.0,3.06,77.0,110.1,144.4,2.3353906140458625,2.665172155426254,4.293889994040945,5.480648945772537
1993-07-23,0.302861716997338,11.498,2.9223093371347098,7.0,3.06,77.0,110.1,144.4,3.0060394224853626,3.171548307359684,3.7642555004503198,4.60523284652401
1993-07-30,0.2303732420568138,11.402,2.9223093371347098,7.0,3.06,77.0,110.1,144.4,2.947803385433345,2.717959641860279,4.0724789237829295,4.0033031142597375
1993-08-06,0.1227295175453724,11.806,2.9223093371347098,6.8,3.03,77.3,110.1,144.4,2.9063048849482964,4.640279857377871,4.1677838353144425,3.5793879425773056
1993-08-13,0.3254038505147383,12.268,2.9935851746258013,6.8,3.03,77.3,110.1,144.5,1.9305042078107792,2.91686451725226,3.623316529931664,3.621092829460837
1993-08-20,1.3373592255230935,11.674,2.8469750889679624,6.8,3.03,77.3,110.6,144.5,0.3222556140173971,2.5583091056796237,3.0120988521721737,3.2663963909297378
1993-08-27,0.9601904699336306,12.02,2.8469750889679624,6.8,3.03,77.3,110.6,144.5,0.16067881631238734,-0.21062257408818175,3.120249023008692,0.008680684978812359
1993-09-03,0.1737064702578949,11.62,2.8469750889679624,6.7,3.09,77.9,110.6,144.5,-0.2232624067874056,0.8778814632799614,2.900248187675558,-3.374952843415646
1993-09-10,0.0823698109483128,12.6275,2.8469750889679624,6.7,3.09,77.9,110.6,144.5,1.6850036296300885,0.19059275762061123,3.6775558653373785,-3.166420141760229
1993-09-17,-0.625923642206716,12.952000000000002,2.838892831795592,6.7,3.09,77.9,111.1,144.9,0.9676792213551,0.9219124970293979,2.393045639487301,-2.7570111515569873
1993-09-24,-0.2615307901773556,14.296,2.838892831795592,6.7,3.09,77.9,111.1,144.9,2.2288708302824256,1.5864365728125884,2.7423874438001983,-2.1851714033832015
1993-10-01,0.7975862285120483,12.426,2.838892831795592,6.7,2.99,82.7,111.1,144.9,-0.3707057447978168,0.5744870585104644,1.3896123133610772,-2.2480912124155705
1993-10-08,-0.2102846911355538,12.736,2.838892831795592,6.7,2.99,82.7,111.1,144.9,1.103607811428664,1.3186781422113603,1.2513327531826102,-2.7133866960570407
1993-10-15,1.9964811735892152,11.415,2.838892831795592,6.7,2.99,82.7,111.0,144.9,-1.4696472622970136,-0.45154315595051786,-1.0138465954473652,-5.401487827808915
1993-10-22,-1.3269458969815018,11.388,2.620396600566588,6.7,2.99,82.7,111.0,144.9,-0.04532809378076097,0.6864297858209412,0.6842691093552622,-1.8023994180403347
1993-10-29,0.9843067038083352,11.802,2.620396600566588,6.7,2.99,82.7,111.0,144.9,-0.628427421972011,0.44246999628760886,0.6904241025663671,-2.244405083336465
1993-11-05,-1.7655942297685412,13.286,2.620396600566588,6.8,3.02,81.2,111.0,144.9,0.9487097247594223,3.3379019721511805,0.2197661361599712,0.1218525033550133
1993-11-12,1.2664027746512208,13.825,3.045325779036845,6.8,3.02,81.2,111.0,145.5,0.21272270637837654,2.0047672443753273,-4.215824366061494,-1.4439504521341795
1993-11-19,-0.5994990131082845,14.964,2.6093088857545688,6.8,3.02,81.2,112.2,145.5,1.033289821926009,3.480329851079289,-3.350626847275029,-0.8971019977799255
1993-11-26,0.0994361108968888,14.3625,2.6093088857545688,6.8,3.02,81.2,112.2,145.5,0.7320897219174061,1.4576944749250753,-3.6453170154644665,-4.375245081078627
1993-12-03,0.395200859390199,13.582,2.6093088857545688,6.4,2.96,88.2,112.2,145.5,1.0776697907429522,1.1378988278214486,-3.712708215227578,-4.020306277290187
1993-12-10,-0.2065051823886277,12.548,2.8208744710860323,6.4,2.96,88.2,112.2,145.8,2.366738766553822,0.8104692141024161,-2.806455547005593,-3.0996066453634508
1993-12-17,0.5280995507318753,11.024,2.603800140745971,6.4,2.96,88.2,113.2,145.8,1.7882405443145233,-0.06646887845712657,-3.97958689572413,-2.6201812026169113
1993-12-24,0.2144174256036635,9.905,2.603800140745971,6.4,2.96,88.2,113.2,145.8,2.4220136090453703,-0.5648539990707468,-4.972397191061317,-3.053194270650983
1993-12-31,-0.1989799876043974,10.466,2.603800140745971,6.4,2.96,88.2,113.2,145.8,0.7203312817303686,-0.0021459460527895047,-2.471861609509318,-1.7558156773659794
1994-01-07,0.7396251686497601,11.53,2.603800140745971,6.4,3.05,94.3,113.2,145.8,0.05958688719591709,0.24686181680708685,-2.6750388353884436,-2.7261114545610976
1994-01-14,1.066186386614132,11.382,2.814919071076716,6.4,3.05,94.3,114.0,146.1,-1.5202882998944345,-3.0174174010534127,-3.112168340385768,-2.7310440126949387
1994-01-21,-0.0400080941528102,11.41,2.742616033755274,6.4,3.05,94.3,114.0,146.1,-1.8221254369400364,-6.0983342038651855,-3.3809377636707105,-2.3255831893608025
1994-01-28,0.8383912571818808,10.878,2.742616033755274,6.4,3.05,94.3,114.0,146.1,-2.916235975907755,-6.601212721475569,-4.230206702238847,-1.0236106724691996
1994-02-04,-1.8571160271023124,11.578,2.742616033755274,6.7,3.25,93.2,114.0,146.1,-0.717310217896594,-5.02969392001188,-5.749134736592387,0.2511638070524347
1994-02-11,0.0787542025734167,13.924,2.742616033755274,6.7,3.25,93.2,114.0,146.1,0.18716340476427895,-4.796033039312775,-5.100170326746722,-0.4253690142403288
1994-02-18,-0.5295823457320159,13.86,2.379286214135768,6.7,3.25,93.2,114.4,146.3,-1.520241149484769,-3.587846370823189,-3.8786406709025445,0.7483589518120226
1994-02-25,-0.3463822422397067,14.5475,2.379286214135768,6.7,3.25,93.2,114.4,146.3,-4.3555727662229256,-3.9157207529349813,-2.555410877109776,-1.373182954472385
1994-03-04,-0.2853685216690049,15.828,2.379286214135768,6.5,3.34,91.5,114.4,146.3,-3.795667362725419,-4.432580801912223,-2.502475605111465,-0.43680312044447334
1994-03-11,0.3657985632297134,15.264,2.379286214135768,6.5,3.34,91.5,114.4,146.3,-4.343540360942788,-2.4697686633596616,-1.7537073649271484,-2.431180061430338
1994-03-18,0.9904800388058188,14.396,2.3012552301255207,6.5,3.34,91.5,115.1,146.7,-4.973887147542588,-2.9147053575952153,-2.9656522084462233,-0.41608106509495313
1994-03-25,-2.224772012194598,13.428,2.3012552301255207,6.5,3.34,91.5,115.1,146.7,-2.0995230344510674,-0.09769892365537602,0.2952833185961845,0.9357827525785067
1994-04-01,-3.215510441261882,17.607499999999998,2.3012552301255207,6.5,3.34,91.5,115.1,146.7,0.4598825315905275,2.8938745837524094,4.017767930438221,6.281266278592179
1994-04-08,0.2983639820138162,18.656,2.3012552301255207,6.5,3.56,92.6,115.1,146.7,-0.6620423651689245,2.538583303192321,5.971814208222459,3.395211914237062
1994-04-15,-0.2057735216226652,16.46,2.506963788300842,6.5,3.56,92.6,115.6,147.2,1.9588553712456935,-0.757542906068498,5.560535650602816,4.0768305930347415
1994-04-22,0.324983690625702,16.206,2.506963788300842,6.5,3.56,92.6,115.6,147.2,2.1669641408405216,-0.31945862881901377,4.5908423405059295,3.0918383903943303
1994-04-29,0.7327477478091593,14.085,2.506963788300842,6.5,3.56,92.6,115.6,147.2,2.044754196141585,-0.30161581204567467,4.497571270229317,0.30604885045903973
1994-05-06,-0.6852800587245578,14.37,2.506963788300842,6.4,4.01,92.8,115.6,147.2,2.4228497892146317,1.4157465575897366,2.6461537916363076,1.2237015718644884
1994-05-13,-0.8217570933843898,15.38,2.646239554317553,6.4,4.01,92.8,115.6,147.4,3.2219563846146437,2.0196267859866612,4.181108703150671,0.6349296874033517
1994-05-20,2.4271622514872693,13.284,2.2191400832177743,6.4,4.01,92.8,116.0,147.4,-2.664210251697552,0.7341941966290566,0.03956578529598076,0.8528915525170433
1994-05-27,0.5297575559212175,12.728,2.2191400832177743,6.4,4.01,92.8,116.0,147.4,-2.433685673807373,-0.05247638279175515,2.5736382648921197,0.5466512307092719
1994-06-03,0.6122533821876219,12.6675,2.2191400832177743,6.0,4.25,91.2,116.0,147.4,-2.299353873377219,0.3933665571439482,1.0344923641389503,-0.18690714798305086
1994-06-10,-0.3172997717134196,13.06,2.2191400832177743,6.0,4.25,91.2,116.0,147.4,-0.9832798381391505,1.0922840171316617,3.292121818274607,0.4382190222172788
1994-06-17,-0.0479650324334501,11.714,2.285318559556781,6.0,4.25,91.2,116.1,147.7,-1.1648002428359172,3.3482332156653305,0.8354207591418028,1.6403072992559942
1994-06-24,-3.413681753158093,14.704,2.285318559556781,6.0,4.25,91.2,116.1,147.7,3.491423305974539,6.36630605658155,4.871275501096806,4.963868923276649
1994-07-01,0.767846546475548,14.864,2.285318559556781,6.0,4.26,89.0,116.1,147.7,2.4406059688332205,4.926037621565893,3.4222296270549624,5.421336122730236
1994-07-08,0.7507789095225537,14.2225,2.285318559556781,6.0,4.26,89.0,116.1,147.7,2.7560927560615234,4.813705980658001,0.6095030199878115,6.473141339938571
1994-07-15,1.0254734722100922,12.514,2.5623268698060864,6.0,4.26,89.0,116.8,148.1,2.096175122623656,1.213230958515732,-0.18936407041700853,6.011094674307738
1994-07-22,-0.2312000841289574,11.532,2.5623268698060864,6.0,4.26,89.0,116.8,148.1,4.566220809579624,2.118692241149156,-1.3572850070193376,6.369318002724755
1994-07-29,1.13659477401864,11.642,2.5623268698060864,6.0,4.26,89.0,116.8,148.1,2.7778946880528954,-0.6895656602734501,0.11783223843160329,6.513764009476675
1994-08-05,-0.2553165021605852,11.662,2.5623268698060864,6.1,4.47,91.7,116.8,148.1,2.4262172497191647,2.627493461210406,0.5994421790735505,6.197907921157353
1994-08-12,1.0610615288833447,12.016,2.908587257617712,6.1,4.47,91.7,116.8,148.6,2.0024245467187507,0.6386137142139647,-0.5780000462447754,5.981297297654442
1994-08-19,0.3766701790663074,11.978,2.837370242214532,6.1,4.47,91.7,117.2,148.6,-0.8648161040777813,2.1760689478240725,-0.6469979398265102,6.866804011566319
1994-08-26,2.182538663958211,12.03,2.837370242214532,6.1,4.47,91.7,117.2,148.6,-2.340649350699542,-2.4314034002688945,-1.6525932406074695,5.734490107164514
1994-09-02,-0.5930767477819399,11.656,2.837370242214532,6.1,4.73,91.5,117.2,148.6,-3.3737413661280025,-1.4055490041079644,-1.3184975442870561,6.310113131260819
1994-09-09,-0.5966151334119485,12.12,2.837370242214532,6.1,4.73,91.5,117.2,148.6,0.1965084886426549,-1.433207646642165,0.47204536871077174,8.167803270148543
1994-09-16,0.642917214044525,13.11,2.898550724637672,6.1,4.73,91.5,118.5,149.1,-1.3370376621588353,-4.011119463179735,1.583223628775099,8.073178197292608
1994-09-23,-2.444871273580218,14.084,2.898550724637672,6.1,4.73,91.5,118.5,149.1,3.067412529434921,-1.3857822891827576,4.740352294215855,10.620657293390344
1994-09-30,0.6613392082452263,14.038,2.898550724637672,6.1,4.73,91.5,118.5,149.1,-0.09292919619673379,-3.403859931891906,4.16243654152757,11.238147322917058
1994-10-07,-1.6446555060614654,15.836,2.898550724637672,5.9,4.76,92.7,118.5,149.1,2.036912522379386,0.8130040957660567,7.253346254743587,14.286967291071196
1994-10-14,3.0762469374293167,14.07,3.105590062111796,5.9,4.76,92.7,118.7,149.4,-1.6265198856400875,-1.9761286315576054,3.4790038609842755,12.033677457892967
1994-10-21,-0.8974613942232867,15.276,3.105590062111796,5.9,4.76,92.7,118.7,149.4,-2.7103197974781335,-1.208893600138028,5.308780980044303,11.680179414916436
1994-10-28,1.91012370354946,15.806,3.105590062111796,5.9,4.76,92.7,118.7,149.4,-4.320662282412391,-2.7629433356769373,4.590835321857534,10.528323143522588
1994-11-04,-2.425225426012245,15.413999999999998,3.105590062111796,5.8,5.29,91.6,118.7,149.4,-3.3140104189393726,0.7982180607316147,8.369387069215994,15.192093789863016
1994-11-11,0.4521061571795215,16.5225,3.105590062111796,5.8,5.29,91.6,118.7,149.4,-1.199476146776679,0.08829245352208748,7.82565555914525,13.68951654772108
1994-11-18,-0.6245007056824403,16.162,2.7491408934707806,5.8,5.29,91.6,119.8,149.5,-0.35538922228947056,1.9329562927468347,9.740614143525583,16.98052217085817
1994-11-25,-1.9892934863583456,17.305,2.7491408934707806,5.8,5.29,91.6,119.8,149.5,1.5432532969732016,5.828115778273779,12.58926824949993,21.53928045882505
1994-12-02,0.2233034621516694,16.434,2.7491408934707806,5.6,5.45,95.1,119.8,149.5,1.6280620078426011,6.212222462042227,12.175160804683905,20.174280756609807
1994-12-09,-1.3986314821579526,16.524,2.7491408934707806,5.6,5.45,95.1,119.8,149.5,4.2531792842884775,7.832918031801905,15.157963086811899,24.478701842177287
1994-12-16,2.649005853822728,13.726,2.8120713305898493,5.6,5.45,95.1,120.2,149.9,1.3034026036257362,6.388404171409867,13.36530273664469,22.033572263538392
1994-12-23,0.2244984321494003,12.458,2.8120713305898493,5.6,5.45,95.1,120.2,149.9,2.296507053593899,5.565106148519372,14.292239118767247,20.39667078784182
1994-12-30,-0.1217836102356373,12.735,2.8120713305898493,5.6,5.45,95.1,120.2,149.9,4.2197411863189815,6.5974304952125085,13.04679488342333,22.57060250871823
1995-01-06,0.3070097537044569,13.6025,2.8120713305898493,5.4,5.53,97.6,120.2,149.9,4.510723085367752,7.562732676001116,13.668931305770581,21.329341696586134
1995-01-13,1.1483043824403572,12.386,3.0178326474622708,5.4,5.53,97.6,120.2,150.2,3.4336974393383457,7.511213148552587,14.279891059640493,19.12998345329937
1995-01-20,-0.2553817709914363,11.8425,2.806297056810392,5.4,5.53,97.6,121.4,150.2,5.019576279861426,7.730537624284239,13.589225833296137,20.317144335249225
1995-01-27,1.2070260948997102,11.738,2.806297056810392,5.4,5.53,97.6,121.4,150.2,3.195220627829487,7.659601109140324,14.762218643885294,19.071399932787216
1995-02-03,1.7559852443339574,11.612,2.806297056810392,5.7,5.92,95.1,121.4,150.2,2.2814193182871145,6.388805490397087,14.84592687397801,17.797980579815544
1995-02-10,0.587067292264809,11.344,2.806297056810392,5.7,5.92,95.1,121.4,150.2,2.9202836804988586,5.614173401533584,13.145434650477505,18.946538204559047
1995-02-17,0.105929833148477,11.536,3.0800821355236208,5.7,5.92,95.1,121.9,150.6,3.9421540659953846,6.7929582067413286,15.43664412889778,21.034498850232474
1995-02-24,1.273934916137609,11.3575,2.939166097060819,5.7,5.92,95.1,121.9,150.6,2.5813866713749745,6.557950201033025,14.70570802709048,19.18010242092414
1995-03-03,-0.5510995481665226,11.876,2.939166097060819,5.7,5.98,90.3,121.9,150.6,4.326150430368747,8.26706218432598,14.049684768427074,20.392640801476446
1995-03-10,0.8549284705382743,13.169999999999998,2.939166097060819,5.4,5.98,90.3,121.9,150.6,4.015769628038024,6.050206236913458,14.984575087129404,18.979917380563684
1995-03-17,1.2153484895803146,12.084,3.2125768967874224,5.4,5.98,90.3,122.6,151.0,2.617452677644705,5.67687197773461,12.798679131788738,17.95689638342184
1995-03-24,1.0998571859592188,11.356,2.9311520109066125,5.4,5.98,90.3,122.6,151.0,2.7426833380188587,6.295787865155389,10.80703115933841,17.264510956984402
1995-03-31,-0.0519012645450733,12.332,2.9311520109066125,5.4,5.98,90.3,122.6,151.0,3.876496174103372,5.438279932700585,11.683415852672564,15.775603063642873
1995-04-07,1.1403850672248028,12.948,2.9311520109066125,5.5,6.05,92.5,122.6,151.0,3.777491777181563,6.597291334513389,10.599889564961495,16.61664066688642
1995-04-14,0.5548749030620082,12.26,3.135650988411731,5.5,6.05,92.5,122.6,151.3,1.9558924729881078,7.949258706870466,10.724037211272375,16.395333722591275
1995-04-21,-0.1453215120844508,12.468,2.785326086956541,5.5,6.05,92.5,121.9,151.3,2.981383010646854,7.130919086315157,12.62365113850512,18.010190731115962
1995-04-28,1.2232358272016963,12.058,2.785326086956541,5.5,6.05,92.5,121.9,151.3,3.45825552895771,8.093872543003332,13.33565516175781,16.564656814667234
1995-05-05,1.0510720432054477,12.082,2.785326086956541,5.8,6.01,89.8,121.9,151.3,1.5035006147873675,7.646316216374194,11.845340677141468,16.69998964988688
1995-05-12,1.0439884501186825,12.574000000000002,3.192934782608714,5.8,6.01,89.8,121.9,151.9,2.7171590959108594,5.341072776368616,11.199693029913881,17.492150092484682
1995-05-19,-1.2101580247905752,12.576,3.0529172320217013,5.8,6.01,89.8,121.1,151.9,5.878391222430057,8.424659571389071,12.192066005761104,18.711844210641694
1995-05-26,0.8590346408219984,11.664,3.0529172320217013,5.8,6.01,89.8,121.1,151.9,4.029404106215284,6.739229711071126,11.620351904695436,16.862404979694645
1995-06-02,1.6919669509184887,12.64,3.0529172320217013,5.7,6.0,92.7,121.1,151.9,4.480664196728257,4.244047092351266,10.319057144337362,15.66543001639953
1995-06-09,-0.8582012056881583,12.988,3.0529172320217013,5.7,6.0,92.7,121.1,151.9,6.051826355131573,5.923025227610124,9.80414621477177,16.81441435025608
1995-06-16,2.2521526297407446,11.294,3.114421123899813,5.7,6.0,92.7,120.9,152.3,2.5545037494735467,3.754877990180394,9.399253214541092,11.481388308652463
1995-06-23,1.8302066521002969,11.25,3.114421123899813,5.7,6.0,92.7,120.9,152.3,2.4048989784986263,2.570447020795874,7.824115808572318,11.300502562108573
1995-06-30,-0.9022978978729612,11.776,3.114421123899813,5.7,6.0,92.7,120.9,152.3,2.6048650649667104,5.127121188762018,10.155118370668891,14.111059222980726
1995-07-07,2.1330876763997253,11.74,3.114421123899813,5.6,5.85,94.4,120.9,152.3,-0.22646975514194478,4.849287471562347,7.836507354562472,14.283665984097937
1995-07-14,0.6326760181430302,12.278,3.2498307379823954,5.6,5.85,94.4,121.0,152.5,-0.12145111682485554,3.9007600151658384,8.410574325009335,17.231952337876777
1995-07-21,-1.1198662893080913,12.716,2.970965563808248,5.6,5.85,94.4,121.0,152.5,1.1704744275679912,5.561572612785826,11.534985353635019,17.04417943423251
1995-07-28,1.6816584734485662,12.972,2.970965563808248,5.6,5.85,94.4,121.0,152.5,0.16166027597175336,3.47467674721309,9.487864365835819,17.08028097011347
1995-08-04,-0.7087897760446826,13.54,2.970965563808248,5.7,5.74,96.2,121.0,152.5,2.4582227384620348,4.572941182765522,9.484025035617648,15.28428673965534
1995-08-11,-0.6852286601629065,12.962,3.1735313977042656,5.7,5.74,96.2,121.0,152.8,5.0872783735803395,5.827680545253733,10.95638863093058,14.121528474900646
1995-08-18,0.7385989676436999,12.44,2.826379542395707,5.7,5.74,96.2,121.3,152.8,4.027102092457668,3.6640956759134813,10.2823622146764,14.702878609558478
1995-08-25,0.1591447896698739,12.892,2.826379542395707,5.7,5.74,96.2,121.3,152.8,4.340296128947774,5.440105885811852,7.446888732502122,16.161403941600703
1995-09-01,0.6677470866908397,11.994,2.826379542395707,5.6,5.8,88.9,121.3,152.8,3.3076692839487,5.122010228454288,8.511277658312943,14.482826556310346
1995-09-08,1.5678145217204564,11.5775,2.826379542395707,5.6,5.8,88.9,121.3,152.8,2.0639811893883753,4.782778340214233,8.545785267045902,14.52468983369446
1995-09-15,1.863166698089458,11.4,2.6156941649899457,5.6,5.8,88.9,123.0,153.0,0.7045592798029077,2.849060737594744,8.998037793146118,9.147175558398235
1995-09-22,-0.2777055258398442,12.464,2.6156941649899457,5.6,5.8,88.9,123.0,153.0,-0.3489536949914718,4.340501753004666,12.83069760102331,10.888217726793116
1995-09-29,0.4606935804858825,12.844,2.6156941649899457,5.6,5.8,88.9,123.0,153.0,1.0540604135385268,5.658700029754682,10.877639028329433,11.815344022380092
1995-10-06,-0.3285335634888975,14.606,2.6156941649899457,5.6,5.76,90.2,123.0,153.0,1.7562500026196082,5.811264946797401,13.148728414140054,10.152966684395981
1995-10-13,0.3450719839522387,14.3625,2.749832327297108,5.6,5.76,90.2,123.0,153.2,2.663816479763703,4.696323730886465,10.242941850673649,11.563734278095605
1995-10-20,0.5064194991712956,13.942000000000002,2.5435073627844584,5.6,5.76,90.2,122.6,153.2,2.1294978828450217,4.846282238495925,7.837125303053671,13.86476494151394
1995-10-27,-1.3209426131785662,14.546,2.5435073627844584,5.6,5.76,90.2,122.6,153.2,4.705876778897866,6.384338276054313,10.648607757266015,17.045022507832066
1995-11-03,1.8751069326018,13.39,2.5435073627844584,5.5,5.8,88.2,122.6,153.2,4.5566101919832125,1.903244339363197,10.168140448758312,13.300707252111653
1995-11-10,0.3640488599560676,12.676,2.5435073627844584,5.5,5.8,88.2,122.6,153.2,3.985027891724968,3.224127299785251,8.904715870171142,13.596644425506277
1995-11-17,1.2400521299079204,12.918,2.809364548494986,5.5,5.8,88.2,122.5,153.7,1.9797698164897293,3.5912456096685696,9.297244879162992,10.962049004088591
1995-11-24,-0.0166708250492031,11.9475,2.809364548494986,5.5,5.8,88.2,122.5,153.7,2.6601367988388303,5.978641916078975,6.1236483596794455,11.145567181300176
1995-12-01,1.1683934376598426,11.668,2.809364548494986,5.5,5.6,91.0,122.5,153.7,1.6030251107115756,8.137008836814585,6.2753349502652656,10.486346578499628
1995-12-08,1.7298758341076192,11.774,2.809364548494986,5.6,5.6,91.0,122.5,153.7,-2.5377313282708536,4.939431392876337,5.826916279389738,6.471468425959492
1995-12-15,-0.184613857831617,10.912,2.535023348899257,5.6,5.6,91.0,122.8,153.7,-0.7317405278113753,6.9344823266520805,4.103250953271953,4.843101905652647
1995-12-22,-0.712271547709642,12.438,2.535023348899257,5.6,5.6,91.0,122.8,153.7,1.5801916361241508,5.29781555085389,6.559361687676191,4.37616925035027
1995-12-29,0.6503767283860373,12.06,2.535023348899257,5.6,5.6,91.0,122.8,153.7,3.232515775566047,2.8525981090626207,8.601623739508057,3.2422567460184126
1996-01-05,0.1266425253114045,12.9125,2.535023348899257,5.6,5.56,89.3,122.8,153.7,6.430894866548753,4.008362086293604,10.020915112631146,7.4232567382776615
1996-01-12,-2.4160503126578248,14.728,2.330226364846877,5.6,5.56,89.3,122.8,153.7,7.671853757408065,8.110532851997299,11.184592783711667,10.01810841825932
1996-01-19,1.664980570595187,13.655,2.330226364846877,5.6,5.56,89.3,122.8,153.7,7.722733223313205,5.503159696267779,10.048539422955827,8.724646289293503
1996-01-26,1.600114043751821,12.876,2.330226364846877,5.6,5.56,89.3,122.8,153.7,3.6597921847271397,5.508186754501065,7.115276345062171,7.305111569187339
1996-02-02,2.287576308674,12.604,2.5299600532623145,5.8,5.22,88.5,122.8,154.0,-0.36802131929964954,0.13682610097542902,4.875440156435218,2.5399412897573193
1996-02-09,3.228794570113691,14.136,2.5299600532623145,5.8,5.22,88.5,122.8,154.0,-2.276155606220076,-1.7215881099122088,2.17255661771667,-0.10512400727319404
1996-02-16,-1.2782446959568206,15.344,2.257636122177953,5.8,5.22,88.5,121.9,154.0,0.4074222550097595,0.8457115449681085,1.4599250374699668,5.024846220563783
1996-02-23,1.7130215370332769,15.1525,2.257636122177953,5.8,5.22,88.5,121.9,154.0,-2.0604504366262155,-2.647631813217677,-1.955758680919062,4.240761589229192
1996-03-01,-2.231902286706866,16.698,2.722443559096943,5.8,5.31,93.7,121.9,154.7,1.7831355155333295,1.198074366711821,-0.8752758029044849,6.490061244489365
1996-03-08,-1.6869182611786049,17.304,2.722443559096943,5.5,5.31,93.7,121.9,154.7,0.5067122293064275,5.5895774498076145,0.37885152550314327,10.72770670444456
1996-03-15,1.251774692309593,18.018,2.921646746347939,5.5,5.31,93.7,123.7,155.0,0.5674843225295545,5.780836180603477,3.2832885582322113,9.23405221849183
1996-03-22,1.4327366269652142,17.822,2.649006622516548,5.5,5.31,93.7,123.7,155.0,0.43651084761962,2.8434416616212266,1.7644678237536127,9.252714742679968
1996-03-29,-0.7869409418112538,18.114,2.649006622516548,5.5,5.31,93.7,123.7,155.0,-0.5995344875580733,4.308287770502539,3.053450344330977,8.585589916368153
1996-04-05,1.6049551280499674,16.715,2.649006622516548,5.5,5.22,92.7,123.7,155.0,-0.5748114811537031,1.5231894699323734,1.7031141089244972,7.304918008377426
1996-04-12,-2.9198249331587545,18.658,3.0463576158940464,5.6,5.22,92.7,123.7,155.6,5.05723956913906,4.732139253826051,2.399831592783541,14.78066656780288
1996-04-19,1.312997292811824,16.375999999999998,2.842035690680756,5.6,5.22,92.7,123.5,155.6,5.18393384620639,3.962360250574637,1.644780447253047,14.34727808488121
1996-04-26,1.300636295778146,14.954,2.842035690680756,5.6,5.22,92.7,123.5,155.6,2.396469962654657,0.6090625799471505,4.1440876479235556,14.579309413373798
1996-05-03,-1.8103658513234588,16.534,2.842035690680756,5.4,5.24,89.4,123.5,155.6,4.937423816638242,0.7106895755952802,7.075732753856245,17.983886939563078
1996-05-10,1.6302264378310394,16.434,2.842035690680756,5.4,5.24,89.4,123.5,155.6,2.1101302218686557,-2.0488039743751463,5.229335549015479,13.419918282213693
1996-05-17,2.579390206314347,15.298000000000002,2.8308097432521384,5.4,5.24,89.4,124.5,156.2,-0.30945065437308905,-4.93488661490421,4.866132982755178,8.929458955906512
1996-05-24,1.435176183121345,15.802,2.8308097432521384,5.4,5.24,89.4,124.5,156.2,-1.161368995209744,-2.361058687517925,3.264500605754872,10.36977853515635
1996-05-31,-1.3839168933824642,16.54,2.8308097432521384,5.4,5.24,89.4,124.5,156.2,-1.7455751974256417,-1.0491420944640062,6.232067866949387,13.102281137900018
1996-06-07,0.6261959696290953,16.404,2.8308097432521384,5.6,5.27,92.4,124.5,156.2,-4.027861641075281,-1.2030083639494205,4.100634990075314,11.097419020839606
1996-06-14,-1.1079624541008082,17.244,2.8890347997373444,5.6,5.27,92.4,125.3,156.7,-4.072988828049795,0.17722516395664023,5.694983154717925,14.064733475683067
1996-06-21,0.1486898409300163,17.044,2.8890347997373444,5.6,5.27,92.4,125.3,156.7,-4.639793832908612,-2.2269264025916446,9.594502113265824,16.395229987953975
1996-06-28,0.5683489104899131,14.888,2.8890347997373444,5.6,5.27,92.4,125.3,156.7,-1.2137862292427415,-2.2292489298392892,9.989113184114284,14.894951600904394
1996-07-05,-1.9668076801471317,14.5675,2.8890347997373444,5.3,5.4,94.7,125.3,156.7,0.7088058419363552,3.5136248935500713,13.885674386763558,19.27628072495411
1996-07-12,-1.7111827631758114,16.464,2.8890347997373444,5.3,5.4,94.7,125.3,156.7,2.943409749360004,6.320126696663353,17.1513048284732,22.186972032299135
1996-07-19,-1.1544626107601652,18.924,2.8196721311475548,5.3,5.4,94.7,125.7,156.8,4.430674885083086,7.430373307015659,15.792275014734948,26.576175409118076
1996-07-26,-0.4430598439438604,20.048,2.8196721311475548,5.3,5.4,94.7,125.7,156.8,2.530266583200458,10.309796358162249,14.58405200091455,26.084288213391016
1996-08-02,4.181469539148597,19.006,2.8196721311475548,5.4,5.22,95.3,125.7,156.8,-1.0279396910109595,5.761593906747575,13.038688305653245,19.3708612932316
1996-08-09,-0.0588710251002488,16.468,2.8196721311475548,5.4,5.22,95.3,125.7,156.8,2.7850782542451213,7.358410139672,14.301465931577638,21.578311491516477
1996-08-16,0.4697245886418288,15.642,2.8795811518324443,5.4,5.22,95.3,126.2,157.2,3.280168157946939,5.368223532111505,12.450204384867746,19.236024219545023
1996-08-23,0.273598903218808,14.482,2.8795811518324443,5.4,5.22,95.3,126.2,157.2,2.872430370897705,5.507996435048557,13.862939694124332,17.550925917453576
1996-08-30,-2.2547769068738788,15.764,2.8795811518324443,5.4,5.22,95.3,126.2,157.2,7.587544667748358,12.090679039643915,19.046303553087075,18.695074537052548
1996-09-06,0.5659599835389884,18.68,2.8795811518324443,5.1,5.3,94.7,126.2,157.2,6.860050782576121,12.496950243519777,17.51464557989881,15.589926927788312
1996-09-13,3.791481458830348,15.968,2.8758169934640643,5.1,5.3,94.7,126.2,157.4,4.449412271803177,10.01998481251114,15.227614575002878,8.39187237056407
1996-09-20,0.953662015322565,15.742,2.8758169934640643,5.1,5.3,94.7,126.9,157.4,2.021738937306239,10.18732620843441,14.923651643968338,11.543890976608683
1996-09-27,-0.122269306965872,16.268,2.8758169934640643,5.1,5.3,94.7,126.9,157.4,2.5619751129126955,7.783554548230565,17.821591336546284,11.53907698947323
1996-10-04,2.2253340149114065,16.47,2.8758169934640643,5.2,5.24,96.5,126.9,157.4,4.185553621287785,3.8747743027956805,14.300173126973203,15.896835919013474
1996-10-11,-0.1140548004254116,15.622,2.8758169934640643,5.2,5.24,96.5,126.9,157.4,5.275029741856296,6.880658781789961,12.867872810694948,17.71473480856891
1996-10-18,1.4500663044999973,15.48,3.0026109660574507,5.2,5.24,96.5,127.1,157.8,5.333273227246127,6.467174563103928,13.24526074235315,16.73137945616876
1996-10-25,-1.3927610804498558,16.601999999999997,3.0026109660574507,5.2,5.24,96.5,127.1,157.8,8.003771898208933,6.721173248781187,13.161274075392605,20.84546737847073
1996-11-01,0.4066136920880314,18.22,3.0026109660574507,5.2,5.31,99.2,127.1,157.8,5.091145553280674,7.918777288334833,11.414233886830228,20.53369790629569
1996-11-08,3.843583421042229,17.13,3.0026109660574507,5.2,5.31,99.2,127.1,157.8,-0.2982940606350959,6.2053549617476556,5.892011319757295,17.40373842624976
1996-11-15,0.9304599935442192,14.6,3.328981723237612,5.2,5.31,99.2,126.6,158.3,1.5251755747500706,4.4602945462230315,2.7493871412274773,21.10165470627372
1996-11-22,1.5061936261363762,15.396,2.9928432010410067,5.2,5.31,99.2,126.6,158.3,1.076489224265842,4.733348919622404,-1.4798333636581007,20.029922088119314
1996-11-29,1.1072134519456434,16.745,2.9928432010410067,5.2,5.31,99.2,126.6,158.3,-1.1875498669033258,4.298430317271218,1.231144102369952,17.209580314981498
1996-12-06,-2.301133853249881,18.3,2.9928432010410067,5.4,5.31,96.9,126.6,158.3,2.690646980930067,9.313143206669716,3.4843186022057937,23.97512346910773
1996-12-13,-1.4818768657769543,19.37,3.253090435914108,5.4,5.31,96.9,126.6,158.7,6.523107063321487,10.036506836383019,11.573610336974971,25.806979337810798
1996-12-20,2.7764026216033244,19.96,3.253090435914108,5.4,5.31,96.9,128.0,158.7,2.8910257528310668,5.601775005081722,10.136610449696093,22.224150221125782
1996-12-27,1.0575911655956949,18.975,3.253090435914108,5.4,5.31,96.9,128.0,158.7,3.617913249086846,6.366362408943083,9.640722537425074,24.048944262502413
1997-01-03,-1.1575138393484674,20.175,3.253090435914108,5.4,5.31,97.4,128.0,158.7,5.5519119066323785,6.034510894664447,13.23476279328748,26.617913392958314
1997-01-10,1.5333569848668294,20.004,3.253090435914108,5.3,5.29,97.4,128.0,158.7,6.448977020243585,3.238969794066837,11.68927311347927,22.915072814660142
1997-01-17,2.194862792647312,19.35,3.513337670787253,5.3,5.29,97.4,129.1,159.1,3.2982513089606202,-0.29503563365819163,10.544085529901558,16.05833997613706
1997-01-24,-0.7279286114263761,18.175,3.513337670787253,5.3,5.29,97.4,129.1,159.1,2.6345827854438397,-1.6378542798751616,15.930799575418654,19.859309896864797
1997-01-31,1.7715261165063945,20.15,3.513337670787253,5.3,5.29,97.4,117.656,159.1,2.6524845691972665,-5.932381946507592,14.605255466657763,14.703443169945807
1997-02-07,0.6873528400608286,19.826,3.31168831168831,5.4,5.25,99.7,117.656,159.1,0.4572148237911078,-2.94087476251631,12.3790453590098,17.66680058079102
1997-02-14,2.3962691839326755,19.702,3.31168831168831,5.4,5.25,99.7,117.689,159.1,-3.0155360023481403,-5.332226696147469,13.412824690913627,14.277408898715827
1997-02-21,-0.829947691915589,20.5675,3.506493506493502,5.4,5.25,99.7,117.689,159.4,-3.478555442213105,1.396903214019285,14.33203666204841,18.551453236095682
1997-02-28,-1.365729815319494,20.548,3.506493506493502,5.4,5.25,99.7,117.689,159.4,-4.162765560464599,4.294279565278303,15.740621040928726,19.52403352835328
1997-03-07,1.789277363730779,20.16,3.0381383322559907,5.3,5.19,100.0,117.689,159.4,-8.363038217470386,3.0783793431735207,16.624223535609616,19.883978833886285
1997-03-14,-1.4658916757679386,19.492,3.0381383322559907,5.3,5.19,100.0,118.13,159.4,-3.3826237291845085,6.790479663527482,19.411984197052192,21.913335262749236
1997-03-21,-1.1435136880673102,20.972,3.0967741935483906,5.3,5.19,100.0,118.13,159.8,-2.3887235112784677,8.18518756654436,19.058794426021187,20.41321292466374
1997-03-28,-1.303401482124511,19.535,3.0967741935483906,5.3,5.19,100.0,118.13,159.8,5.051166275607777,10.87119506279941,16.401766666009344,21.677780625825548
1997-04-04,-2.06491708894454,20.94,3.0967741935483906,5.2,5.19,101.4,118.13,159.8,8.824383524003432,17.861194188751096,21.855119181628034,20.678185203158694
1997-04-11,-2.671856359373437,18.856,3.0967741935483906,5.2,5.39,101.4,118.13,159.8,12.485592426990744,21.83284517897164,21.937225097714965,25.738491027960553
1997-04-18,3.889378633749186,18.488,2.7634961439588768,5.2,5.39,101.4,119.59,159.9,10.529268942469617,15.78411106018256,21.23208435361903,21.140739495918748
1997-04-25,-0.1265798084776559,20.416,2.7634961439588768,5.2,5.39,101.4,119.59,159.9,10.832673701428952,19.800879151235186,20.71416165237434,25.833261429069765
1997-05-02,6.2192110860903815,19.718,2.7634961439588768,4.9,5.39,103.2,119.59,159.9,5.540184838997875,12.75693146242034,16.918218878803582,17.51971891258812
1997-05-09,1.4527053912625654,20.738,2.7634961439588768,4.9,5.51,103.2,119.59,159.9,8.304031111514988,10.975042469597863,14.602674304435425,19.279073581112872
1997-05-16,0.6025813582515971,20.726,2.827763496143953,4.9,5.51,103.2,118.994,160.0,8.309733318111645,13.141304974672362,16.30370946633022,14.900875522559453
1997-05-23,2.0825585172491667,19.374,2.432778489116516,4.9,5.51,103.2,118.994,160.0,4.754253934718489,11.818941700882156,14.161239510179646,11.776441985510665
1997-05-30,0.1475744609713114,19.2125,2.432778489116516,4.9,5.51,103.2,118.994,160.0,8.091662097736263,10.050920189779667,11.302864683391034,10.395151321536078
1997-06-06,1.1470245830041526,20.052,2.432778489116516,4.8,5.5,104.5,118.994,160.0,6.837913572381593,4.988285370314038,9.746973104154888,13.639697314683662
1997-06-13,4.109510304577535,19.026,2.432778489116516,4.8,5.5,104.5,118.994,160.0,2.4662160130795474,3.3886683571869636,2.3900920347847965,3.8532562559546957
1997-06-20,0.6078780835643283,20.138,2.169751116783658,4.8,5.5,104.5,119.737,160.1,4.460884085431283,0.08567469518585558,3.2057413115909705,6.988983721536313
1997-06-27,-1.2685016422850914,21.294,2.169751116783658,4.8,5.5,104.5,119.737,160.1,6.744058117741236,4.705285762918487,4.626393368388859,7.921789702413573
1997-07-04,3.338216558625562,20.0125,2.169751116783658,5.0,5.5,107.1,119.737,160.1,1.812589476394466,0.7623337220975301,5.035340575605751,6.910095490080237
1997-07-11,-0.0261735199197366,19.454,2.169751116783658,5.0,5.56,107.1,119.737,160.1,-1.7312470266600988,3.690493668471384,4.223942056950314,10.448578572910105
1997-07-18,-0.1505437986907831,20.152,2.2973835354180183,5.0,5.56,107.1,119.886,160.3,0.9002502288068204,3.2688717698228453,7.482791559904078,11.448709762924537
1997-07-25,2.5663706487111027,21.672,2.2321428571428603,5.0,5.56,107.1,119.886,160.3,-4.188371014232706,2.795092819873135,1.5551973245147233,10.164145883902599
1997-08-01,0.8894467150831087,21.804,2.2321428571428603,4.8,5.56,104.4,119.886,160.3,-1.909963318589536,2.0947236431222427,-0.038007617247171055,10.790374135951852
1997-08-08,-1.4359056117106306,20.972,2.2321428571428603,4.8,5.52,104.4,119.886,160.3,-1.031557845349207,1.1376047482860363,0.3127925974293122,13.08459908026871
1997-08-15,-3.5060073739864306,23.72,2.423469387755084,4.8,5.52,104.4,119.811,160.6,5.517258061270414,4.532589247510876,8.240359306616373,18.627678228233123
1997-08-22,2.5232824380672536,23.334,2.1628498727735312,4.8,5.52,104.4,119.811,160.6,2.347488272471887,-0.9658469716935292,0.4493605596724848,19.015966859113554
1997-08-29,-2.606276706681565,24.472,2.1628498727735312,4.8,5.52,104.4,119.811,160.6,7.28874345215782,3.117395797058209,6.897399700181528,21.787272180963836
1997-09-05,3.288605295707736,24.765,2.1628498727735312,4.9,5.54,106.0,119.811,160.6,4.082664353280574,-0.07534709824326136,3.071959468004448,20.843869105357538
1997-09-12,-0.5532549072680193,24.818,2.1628498727735312,4.9,5.54,106.0,119.811,160.6,2.191771989545588,4.240678729507397,6.101249882657767,20.214098367738465
1997-09-19,2.879072354913581,23.966,2.223634053367207,4.9,5.54,106.0,121.315,160.9,-0.9331827151798922,0.5144621937904104,6.517554951610327,18.117637812142885
1997-09-26,-0.5565474332884124,22.388,2.223634053367207,4.9,5.54,106.0,121.315,160.9,-3.2373390887176168,4.080532417816762,7.9209134881746746,17.210814281666597
1997-10-03,2.095814647146499,22.254,2.223634053367207,4.9,5.54,105.6,121.315,160.9,-3.8879639381364295,-1.2061816000604852,7.168681755015482,16.16218832244689
1997-10-10,0.2020611911212499,20.946,2.223634053367207,4.9,5.54,105.6,121.315,160.9,-3.99491257968817,-2.0889730480338042,8.517237896863005,14.598030676008378
1997-10-17,-2.3599255191567248,20.565,2.477763659466325,4.9,5.54,105.6,122.387,161.3,2.004962532767718,-0.8155345906298184,11.812613480135937,17.430309693824174
1997-10-24,-0.2668995263272022,21.254,2.217997465145749,4.9,5.54,105.6,122.387,161.3,1.4612813337974595,3.5469991567187664,13.483918347557665,17.9293523457285
1997-10-31,-2.8694638196039235,33.876,2.217997465145749,4.9,5.54,105.6,122.387,161.3,7.56270180833889,1.4290095770915778,20.176689778016076,19.26482606028086
1997-11-07,1.4093300733914127,33.07000000000001,2.217997465145749,4.7,5.5,107.2,122.387,161.3,2.7902669092867427,3.6657286327930416,18.105457609353426,20.091424741930997
1997-11-14,0.0905613752378631,36.1925,2.217997465145749,4.7,5.5,107.2,122.387,161.3,1.9852484726253339,3.149679758549717,20.93499011116704,18.364840277694693
1997-11-21,3.742128742730322,29.406,2.0846493998736504,4.7,5.5,107.2,122.694,161.6,-2.7650587318156283,1.7848801214910726,15.323595196152006,14.283191988575883
1997-11-28,-0.798471817480495,28.72666666666667,2.0846493998736504,4.7,5.5,107.2,122.694,161.6,2.055678575612996,5.972367186570726,17.51307745587285,18.609998138408667
1997-12-05,2.9715253179622314,24.416,2.0846493998736504,4.6,5.56,102.1,122.694,161.6,-5.70243414132221,3.6898168957680166,12.615502206637608,16.530974044284164
1997-12-12,-3.0900867113795027,25.336,2.0846493998736504,4.6,5.52,102.1,126.307,161.6,0.8516971011262253,8.477112729029912,17.580421734684172,22.125251803065503
1997-12-19,-0.6933138851889398,27.236,1.953371140516702,4.6,5.52,102.1,127.327,161.8,1.1417644251138226,10.832498927929834,17.04302798522237,25.345905413883596
1997-12-26,-1.090011090736975,29.49,1.953371140516702,4.6,5.52,102.1,127.327,161.8,4.679324936040707,12.731981786305813,18.39586895906209,21.820475200321532
1998-01-02,4.1197654090367575,24.65,1.953371140516702,4.6,5.52,106.6,127.327,161.8,3.8377958636136356,9.59653034058412,13.889686138795776,14.935804602863655
1998-01-09,-4.85620863277153,25.958,1.953371140516702,4.7,5.5,106.6,127.327,161.8,9.960226387143667,18.483548522353676,17.584531839121542,17.43685372320114
1998-01-16,3.645615155409088,24.408,2.0163831127914422,4.7,5.5,106.6,128.135,161.9,7.561018651235507,13.92912505125885,15.84486630805575,10.529270543845183
1998-01-23,-0.4076902861481102,22.665,1.7598994343180463,4.7,5.5,106.6,128.135,161.9,9.581338191891152,17.24223516180443,14.750564960318124,12.912620214409266
1998-01-30,2.369490262541229,22.284,1.7598994343180463,4.7,5.5,106.6,128.135,161.9,7.692690849110151,13.301302765696699,12.279143869076425,4.7802652253534195
1998-02-06,3.2827346996819884,20.876,1.7598994343180463,4.7,5.56,110.4,128.135,161.9,5.545894372155535,10.890301477350217,11.925402147135756,-3.8095338568598702
1998-02-13,0.7536104850783598,20.432,1.7598994343180463,4.7,5.56,110.4,128.135,161.9,7.75127736205401,8.608063528400201,12.384202743288109,-1.081279985735828
1998-02-20,1.3841850925214283,19.825,1.7598994343180463,4.7,5.56,110.4,127.925,161.9,5.920459363323638,8.391916761643415,12.581584014065662,-1.3652869934874245
1998-02-27,1.462952925835026,18.828,1.5683814303638632,4.7,5.56,110.4,127.925,161.9,6.991059879646722,5.6035270497068135,13.094901429039574,-0.4374145624696735
1998-03-06,0.6051399730089724,19.576,1.5683814303638632,4.6,5.51,106.5,127.925,161.9,5.207978250301903,5.02420615960848,8.06203640706309,-5.02893546087908
1998-03-13,1.223848351543655,19.102,1.5683814303638632,4.6,5.51,106.5,127.925,161.9,5.063585975547524,3.9172369644094873,4.871754831733366,-7.88126368437565
1998-03-20,2.858858633823669,18.382,1.6311166875784044,4.6,5.51,106.5,128.103,162.0,0.7951517488440807,-0.758769208420984,-0.8834093949803612,-3.888422877954467
1998-03-27,-0.3384486933437181,21.862,1.3767209011263937,4.6,5.51,106.5,128.103,162.0,2.3333144636791037,1.6815202047193667,-2.9841838124220255,-2.2611826102615806
1998-04-03,2.488498797170968,23.21,1.3767209011263937,4.7,5.51,108.7,128.103,162.0,-1.2968680107485309,-2.125232599026783,-3.6928799092067477,-2.14036770924233
1998-04-10,-1.0715157878118386,22.7025,1.3767209011263937,4.7,5.49,108.7,128.103,162.0,-0.17467505197771294,-0.9021598796035812,-7.5206880524264825,2.731681293261423
1998-04-17,1.0849240801533488,21.618,1.3767209011263937,4.7,5.49,108.7,127.693,162.0,-1.091100213736118,0.9334456268901059,-13.256195662172088,0.26720821560888286
1998-04-24,-1.3200038011064508,20.462,1.31332082551594,4.7,5.49,108.7,127.693,162.0,-1.5416624017165481,3.4768497772731832,-8.921385023684113,5.02301861068144
1998-05-01,1.182414955976352,22.712,1.31332082551594,4.7,5.49,106.5,127.693,162.0,-0.636932618058661,3.865294920132678,-9.001781725649504,6.363064768482407
1998-05-08,-1.1471887021911265,21.706,1.31332082551594,4.3,5.45,106.5,127.693,162.0,-0.839248534046988,7.093867590053726,-5.7203975860891765,6.190551255176979
1998-05-15,0.0532392849742713,20.51,1.563477173233263,4.3,5.45,106.5,127.808,162.4,-0.728757785666756,2.8925048410629373,-9.572213862021018,5.206856627466938
1998-05-22,0.1569354364927777,20.068,1.5000000000000124,4.3,5.45,106.5,127.808,162.4,2.046879345540331,0.9185366116410076,-11.353747456570662,6.984435476867623
1998-05-29,-1.7695232588433307,21.68,1.5000000000000124,4.3,5.45,106.5,127.808,162.4,5.097092131969161,-0.1255931486995987,-3.1535820793135994,12.417271402396368
1998-06-05,2.11217617911017,21.736,1.5000000000000124,4.3,5.49,105.6,127.808,162.4,4.531087512511323,-4.588546677653637,-3.877501838134334,10.357674809619244
1998-06-12,-1.3484656715187835,21.786,1.5000000000000124,4.3,5.49,105.6,127.808,162.4,8.000258173542175,-1.601686881929032,-0.015463750890498673,16.0396423030013
1998-06-19,0.1647244958367322,23.59,1.812499999999995,4.3,5.49,105.6,128.763,162.9,3.6478465927837878,-6.6787814595977935,3.6669226780827957,12.956887492687109
1998-06-26,2.957336667951349,20.348000000000003,1.7489069331667828,4.3,5.49,105.6,128.763,162.9,-1.1057101805912573,-14.058413641713486,-0.6600759610882911,8.117719219741026
1998-07-03,1.1666160733387,18.7375,1.7489069331667828,4.5,5.49,105.2,128.763,162.9,-4.969390850615241,-11.981650801743227,1.4942171478318889,11.620520018531732
1998-07-10,1.5622469446486154,18.23,1.7489069331667828,4.5,5.56,105.2,128.763,162.9,-8.724327285960198,-12.388234834047662,2.4048165946771283,6.447490934077571
1998-07-17,1.92557477618136,17.446,1.8113678950655965,4.5,5.56,105.2,128.072,163.0,-8.890668613071417,-11.965451864335353,-0.8434809155782541,3.655361692253023
1998-07-24,-3.871914992363601,20.756,1.6843418590143378,4.5,5.56,105.2,128.072,163.0,-9.963186300390102,-12.114311652085908,2.2492909371571113,8.627271884858478
1998-07-31,-1.764551544636661,24.126,1.6843418590143378,4.5,5.56,105.2,128.072,163.0,-13.097524118708181,-12.160584646048145,6.010688490826599,10.499068190950656
1998-08-07,-2.7858416437658406,28.418,1.6843418590143378,4.5,5.54,105.2,128.072,163.0,-7.378948755453085,-3.0317966595008294,12.558637339164003,17.07467326343506
1998-08-14,-2.450773543397289,30.694,1.6843418590143378,4.5,5.54,105.2,126.788,163.0,-4.01411179906197,0.7452405500176784,15.665018157492394,21.8150991127088
1998-08-21,1.7398250044107222,30.418,1.681195516811962,4.5,5.54,105.2,126.788,163.3,-3.3748280274451425,1.612043012500819,17.92848741600077,20.166665198986934
1998-08-28,-5.0035122705931805,34.284,1.681195516811962,4.5,5.54,104.4,126.788,163.3,-2.3891620141874514,11.086121998290777,21.040947878090364,24.890475547016177
1998-09-04,-5.184298074321059,40.452,1.681195516811962,4.5,5.54,104.4,126.788,163.3,1.0781504935945652,15.590051625028334,25.803727626114824,32.84045952254084
1998-09-11,3.611288993742501,41.6475,1.681195516811962,4.5,5.55,104.4,126.788,163.3,4.69348170587538,15.31029390158347,26.81505735481622,33.624361172601326
1998-09-18,1.093099451327184,37.79,1.8679950186799577,4.5,5.55,104.4,129.096,163.6,4.9583875695522694,16.884777290703035,21.49908260887905,29.30231305818678
1998-09-25,2.417431059545616,35.376,1.678060907395884,4.5,5.55,104.4,129.096,163.6,5.161047518096451,12.63364347780569,17.743958352028045,29.873173063980673
1998-10-02,-4.034460341140223,39.17,1.678060907395884,4.6,5.55,100.9,129.096,163.6,13.805110467791337,16.34350581903814,23.60063842799347,33.17176204105081
1998-10-09,-1.8162738261446432,43.092,1.678060907395884,4.6,5.51,100.9,129.096,163.6,14.357109880392427,20.68692404617336,25.796679936553524,36.63283657751746
1998-10-16,7.31722470006968,36.8375,1.678060907395884,4.6,5.51,100.9,128.658,163.6,10.140853110162862,16.077882709572066,20.73511649208648,26.635239126282407
1998-10-23,1.348895269610928,32.65,1.4259144451332917,4.6,5.51,100.9,128.658,163.6,11.362969646658861,14.809411865037303,20.91399896179753,24.248366393115226
1998-10-30,2.6151847768919323,31.06,1.4259144451332917,4.6,5.51,97.4,128.658,163.6,7.1058591903274015,16.057589159478457,18.26025895789085,18.492351092546254
1998-11-06,3.8537471785678346,26.82,1.4259144451332917,4.6,5.07,97.4,128.658,163.6,2.2304757148539522,8.961358719456225,12.42671298664817,16.366200877828764
1998-11-13,-1.3400442530421608,28.6425,1.4259144451332917,4.6,5.07,97.4,128.658,163.6,5.5351295362408015,8.836120286734928,14.923782501172788,14.916679841828673
1998-11-20,3.3605229639278145,26.39,1.673899566026038,4.6,5.07,97.4,128.289,164.0,5.390397324661156,9.97722151593161,15.882421812790493,15.408870222020976
1998-11-27,2.4734567503605254,22.34,1.4851485148514865,4.6,5.07,102.7,132.041,164.0,3.0947829689829565,3.9477384695697726,10.623740794406622,10.314267616490325
1998-12-04,-1.3075211053069855,26.084,1.4851485148514865,4.4,5.07,102.7,132.041,164.0,8.357834050183776,4.537112284065725,15.305843843693111,18.226624594106955
1998-12-11,-0.873602442526622,26.134,1.4851485148514865,4.4,4.83,102.7,132.041,164.0,6.584027862079367,6.237677434478495,14.464284966784025,20.302460117794308
1998-12-18,1.849190635059505,28.738,1.5451174289246028,4.4,4.83,102.7,131.811,164.3,3.1278596662550617,4.2338935479250495,13.212626518879,19.422909716900616
1998-12-25,3.2187730353084643,22.0825,1.5451174289246028,4.4,4.83,100.5,131.811,164.3,4.352222126215599,4.012162932164198,9.095062875263672,10.655884902490719
1999-01-01,0.2413792142314186,23.36,1.5451174289246028,4.4,4.83,100.5,131.811,164.3,0.8273507892668341,5.317148653227477,8.221411794334198,8.093683998533429
1999-01-08,3.7307896878722815,24.324,1.5451174289246028,4.3,4.68,100.5,131.811,164.3,-3.5260226448865173,1.8979110408589017,2.0978911854890647,1.9763368795687741
1999-01-15,-2.496290999687234,29.178,1.6059295861643008,4.3,4.68,100.5,132.774,164.5,-0.32495528133825724,3.180351555742078,6.795842347595715,6.790216308914121
1999-01-22,-1.453442418917783,30.1775,1.6059295861643008,4.3,4.68,100.5,132.774,164.5,1.0724879632423079,5.593420822425066,5.586894809438392,9.094103712394697
1999-01-29,4.4442148439196805,28.89,1.6059295861643008,4.3,4.68,103.9,132.774,164.5,-0.3258763322166236,5.369475801862644,4.9388851902414155,5.363227477820587
1999-02-05,-3.144633629281301,28.572000000000003,1.6059295861643008,4.3,4.63,103.9,132.774,164.5,4.452956294909027,6.42246038550538,6.1247404134572525,9.507823422548501
1999-02-12,-0.7479441139782494,29.852,1.6059295861643008,4.3,4.63,103.9,132.774,164.5,5.622172770777678,10.301347841295595,13.095361074105206,9.879445978431555
1999-02-19,0.7389435087536533,30.0125,1.6676961087090714,4.3,4.63,103.9,132.506,164.6,3.516734652062836,7.743587520895523,13.238977943573937,7.762953754498048
1999-02-26,-0.0718205540161331,27.092,1.6676961087090714,4.3,4.63,108.1,132.506,164.6,4.472960892015365,8.614024349791416,14.57205104018482,3.1518279200177357
1999-03-05,2.9992018255591057,27.476,1.6676961087090714,4.4,4.76,108.1,132.506,164.6,5.713972618472241,4.886832270197594,6.387447182171857,0.5754810430055102
1999-03-12,1.499054901829422,24.712,1.6676961087090714,4.4,4.76,108.1,132.506,164.6,1.8855417409496367,2.7576355591143686,2.6363563586858207,3.2002452363119716
1999-03-19,0.3630549723293574,24.882,1.729462631253842,4.4,4.76,108.1,132.593,164.7,4.4301068116376685,0.19625539187941854,0.07696510940093937,-3.9929502515271165
1999-03-26,-1.269153902409148,25.448,1.6666666666666607,4.4,4.76,105.7,132.593,164.7,4.083255604071967,3.5040496929305442,3.4985970669249467,1.4694398868441816
1999-04-02,0.8512567398929916,22.8975,1.6666666666666607,4.4,4.76,105.7,132.593,164.7,3.9637657652455083,-0.006180321591853222,3.3152471647420967,5.349695805514787
1999-04-09,4.222707086536004,22.402,1.6666666666666607,4.2,4.81,105.7,132.593,164.7,-0.7824323765221131,-0.40864833799774125,-0.005929918502978193,1.6227244616743297
1999-04-16,-2.17673275613649,23.486,1.85185185185186,4.2,4.81,105.7,132.755,165.0,0.8559544399165953,-0.27975294967780284,2.8991652944939217,5.842309218631492
1999-04-23,2.869596329487312,24.026,1.85185185185186,4.2,4.81,105.7,132.755,165.0,-4.054244076753566,2.5330726119772606,-0.3824992813968753,4.801564328136432
1999-04-30,-1.597075746391352,24.284,1.85185185185186,4.2,4.81,104.6,132.755,165.0,-0.556483276565356,5.100433862583809,0.01797437234829502,6.099547486490531
1999-05-07,0.7354773059835118,25.552,1.85185185185186,4.3,4.74,104.6,132.755,165.0,-3.8185862714916308,5.48550403694239,-5.02899737163105,6.565059392425643
1999-05-14,-0.5353123547862437,26.05,2.592592592592591,4.3,4.74,104.6,133.966,166.2,0.37673170939125367,1.4306990491509408,-4.110479012356505,5.923156476469438
1999-05-21,-0.5613701219553402,25.696,2.339901477832496,4.3,4.74,104.6,133.966,166.2,-1.126068754097187,-0.1180245144495995,0.43073166756837367,6.821068155807741
1999-05-28,-2.138636869162547,27.52,2.339901477832496,4.3,4.74,106.8,133.966,166.2,6.865667611186943,-0.11905662742778267,-4.181000205069585,12.02144688355653
1999-06-04,1.9902626175223537,25.615,2.339901477832496,4.2,4.74,106.8,133.966,166.2,5.688573097109795,-0.005268031561822539,-1.965729661904525,10.65712671813217
1999-06-11,-2.569006616574088,24.584,2.339901477832496,4.2,4.74,106.8,133.966,166.2,9.673480507051725,3.321632773921479,5.356207157934123,11.427441512379444
1999-06-18,3.80321809891182,23.704,2.025782688766098,4.2,4.74,106.8,134.126,166.2,1.050011613060997,0.4043708743521446,2.039708032647458,9.10831236088756
1999-06-25,-2.050125698317673,21.93,2.025782688766098,4.2,4.74,107.3,134.126,166.2,1.0195247897452075,3.187836310280656,6.139236864525532,9.58328615631341
1999-07-02,5.771256109037393,20.916,2.025782688766098,4.3,4.74,107.3,134.126,166.2,-6.535985218402873,-2.8435428872864765,2.2124487820080807,-2.232568334088858
1999-07-09,0.8668692836298897,19.82,2.025782688766098,4.3,4.76,107.3,134.126,166.2,-5.387376290377155,-4.835812092727099,0.9506274971358364,1.5029050068416927
1999-07-16,1.104555019411646,19.098000000000003,1.9631901840490684,4.3,4.76,107.3,134.184,166.2,-5.791598574025225,-9.967721635847814,1.0234158383555458,-2.2314970274410983
1999-07-23,-4.358680458821507,21.738,1.9631901840490684,4.3,4.76,107.3,134.184,166.2,-0.6389318797717092,-5.463018704842348,4.4290904720488244,-0.7995914376795588
1999-07-30,-2.0796772091386417,24.044,1.9631901840490684,4.3,4.76,106.0,134.184,166.2,2.1464281534173013,0.5494046141461872,6.947292178117959,0.34920937072855374
1999-08-06,-2.139648102495262,26.574,1.9631901840490684,4.3,4.99,106.0,134.184,166.2,3.950656666894492,-4.066785355130342,12.154974814062648,8.37351680101417
1999-08-13,2.106454239100808,25.768,1.9631901840490684,4.3,4.99,106.0,134.184,166.2,0.5829710413093325,-1.9605649135211456,10.662956477606711,5.075762973900733
1999-08-20,0.6725966557729945,23.076,2.082057562767892,4.3,4.99,106.0,135.148,166.7,-4.43285630433291,1.9691659233304293,7.845219360977707,9.56599058460057
1999-08-27,0.8723587514289477,21.79,2.082057562767892,4.3,4.99,104.5,135.148,166.7,-4.855107655680024,1.628750963782033,8.66888703224651,13.290360151191937
1999-09-03,0.6652948276817394,23.504,2.082057562767892,4.2,4.99,104.5,135.148,166.7,-1.5634648887306035,2.8602213785839936,6.197871837143665,10.413778464920242
1999-09-10,-0.4111252317082092,23.075000000000003,2.082057562767892,4.2,5.07,104.5,135.148,166.7,-7.7127382155135376,5.203968752616173,0.628856353303231,12.184272468054335
1999-09-17,-1.201484827819954,23.954,2.388242498469051,4.2,5.07,104.5,135.63,167.2,-2.528793819170294,6.0804801859930535,6.660821932033034,1.5830236145012222
1999-09-24,-4.347700100578066,26.1,2.2004889975550057,4.2,5.07,104.5,135.63,167.2,6.6989783100042555,12.20799659178644,8.592723353191367,12.305071046019766
1999-10-01,0.426666977569945,25.858,2.2004889975550057,4.2,5.07,107.2,135.63,167.2,6.814720643119343,10.463745553717917,4.932913240166736,13.22253391925603
1999-10-08,4.147922023298611,23.076,2.2004889975550057,4.2,5.22,107.2,135.63,167.2,4.493947559525724,6.36292933660163,-0.19910137129690586,7.2311779718284175
1999-10-15,-6.632384549346182,25.9,2.2004889975550057,4.2,5.22,107.2,135.043,167.2,13.996197003106904,16.90943040868953,12.967669437740238,13.91282112556842
1999-10-22,4.348208588048097,24.862,2.6283618581907087,4.2,5.22,107.2,135.043,167.9,8.83263308467872,12.875963004063484,7.177038383804701,8.089726484291626
1999-10-29,4.707872941842428,23.12,2.6283618581907087,4.2,5.22,103.2,135.043,167.9,5.163140612064887,5.7625787015512575,7.450119447855608,1.1071709644398853
1999-11-05,0.5356053847324294,22.602,2.6283618581907087,4.1,5.2,103.2,135.043,167.9,3.416219120949071,6.927307481101885,11.474714661765194,7.81109965644311
1999-11-12,1.885090714199933,22.12,2.6283618581907087,4.1,5.2,103.2,135.043,167.9,1.7886029006715543,3.2448408275101537,7.343516264207528,4.361552513683309
1999-11-19,1.8580820536030047,20.66,2.5609756097561,4.1,5.2,103.2,136.133,168.2,2.555553151920731,-4.348802097068372,6.635019380164353,2.9859325553797333
1999-11-26,-0.3783407090585444,20.8925,2.5609756097561,4.1,5.2,107.2,136.133,168.2,3.7151815634551166,0.5470768467699783,-4.239664605218962,1.7548803092748644
1999-12-03,1.1774543468559218,22.214,2.5609756097561,4.1,5.2,107.2,138.502,168.2,0.570007785995652,-3.2219390314466967,0.08651295556629801,1.4860759109878385
1999-12-10,-1.1344456297841643,21.118,2.5609756097561,4.1,5.42,107.2,138.502,168.2,3.39510416257478,-5.0069208551882465,2.4974604579169224,4.365436659961075
1999-12-17,0.2815721591758802,22.014,2.495435179549599,4.1,5.42,107.2,139.542,168.4,1.4306492921016378,-6.169471590174047,0.8163075618941473,6.259540568321897
1999-12-24,2.6255558119273825,22.4975,2.495435179549599,4.1,5.42,105.4,139.542,168.4,-6.7323075511682156,-3.371636451541793,-2.5631886774622026,1.4982772260271338
1999-12-31,0.7481132270520163,23.706,2.495435179549599,4.1,5.42,105.4,139.542,168.4,-3.054620036264255,-5.048838095010211,-4.240261958694935,-3.359536181831757
2000-01-07,-1.8907625861408928,25.016,2.495435179549599,4.1,5.3,105.4,139.542,168.4,-3.7704549307694957,1.5955934197353194,-4.401753242277106,1.4887637927929687
2000-01-14,1.6427712121804827,21.684,2.738892270237381,4.1,5.3,105.4,140.492,168.8,-8.126134294088017,4.252802476548845,0.8265355185319789,0.45660453160250025
2000-01-21,-1.623727172377043,21.4475,2.6139817629179385,4.1,5.3,105.4,140.492,168.8,-7.4929234263193205,3.9698598049513922,1.0816150010234837,3.4939214258316476
2000-01-28,-5.633564966219695,23.96,2.6139817629179385,4.1,5.3,112.0,140.492,168.8,3.60325318595196,11.483203261478558,7.668209926541203,10.755345938422312
2000-02-04,4.7207651543904605,23.014,2.6139817629179385,4.0,5.3,112.0,140.492,168.8,-2.057053218515348,-4.760696782148843,1.2012318014432033,6.767906144086622
2000-02-11,-2.615191286512275,22.886000000000003,2.6139817629179385,4.0,5.45,112.0,140.492,168.8,5.576300237774512,3.4185971013492855,4.864754362008106,7.741219596055227
2000-02-18,-2.95792933857959,23.996,2.7963525835866143,4.0,5.45,112.0,141.485,169.1,13.473839024322555,7.8999242688671645,9.866358264754972,8.893914657515435
2000-02-25,-0.9457005692032115,24.8325,2.733900364520059,4.0,5.45,112.0,141.485,169.1,12.391250113866437,7.445102644585178,13.24623485461942,8.651825959899728
2000-03-03,5.685640744180676,21.992,2.733900364520059,4.1,5.45,111.3,141.485,169.1,7.605890580852037,0.8366567997130314,5.039838716844991,1.9401466797979605
2000-03-10,-1.0005958980488503,22.616,2.733900364520059,4.1,5.73,111.3,141.485,169.1,-2.76042701641952,0.8515705548968189,1.779127163150318,0.9978025820382985
2000-03-17,4.974662711261835,22.548,3.280680437424066,4.1,5.73,111.3,142.075,170.0,-2.0437381605206473,-5.9031562887130296,-0.10515183124232275,-6.166048370009181
2000-03-24,4.301214193154945,22.344,3.217972070431085,4.1,5.73,111.3,142.075,170.0,-4.912070309228412,-3.286498661546866,-3.6413389901919335,-8.545553439348296
2000-03-31,-1.8907209106212464,24.614,3.217972070431085,4.1,5.73,107.1,142.075,170.0,-4.400829659132876,-2.777963545729789,-0.4577657217318398,-7.940850904832031
2000-04-07,1.1857905518790623,26.22,3.217972070431085,4.1,5.85,107.1,142.075,170.0,-6.2907650729890126,-3.4220341928904885,-0.6528851896632437,-5.9128852588956065
2000-04-14,-10.537799292042893,29.022,3.75757575757576,4.1,5.85,107.1,142.017,171.2,3.714534587606866,6.259945612952111,12.104879536828218,0.6943977021382164
2000-04-21,5.748361819644488,26.985,3.75757575757576,4.1,5.85,107.1,142.017,171.2,-3.9399401893436825,1.3983531987400655,4.179734221756881,-4.657943768724914
2000-04-28,1.2470906465691156,26.394,3.75757575757576,4.1,5.85,109.2,142.017,171.2,1.7095457362127142,1.8224609602021324,0.9212150938784358,-7.618957890395728
2000-05-05,-1.363235962897913,28.862,3.75757575757576,3.9,6.02,109.2,142.017,171.2,1.6975734283222632,5.399159261100683,1.1231068570024094,-8.194720480091156
2000-05-12,-0.8145888265314594,28.162,3.75757575757576,3.9,6.02,109.2,142.017,171.2,3.0613107473697054,4.168307489091516,1.0943340597623363,-3.5940454124667176
2000-05-19,-0.9859538727876372,24.516,3.0084235860409203,3.9,6.02,109.2,143.683,171.2,2.454247165516743,0.9197245051811853,0.14499727305867793,-6.737974345061271
2000-05-26,-2.0562161160408543,25.048,3.0084235860409203,3.9,6.02,110.7,143.683,171.2,5.557245538474609,6.161741700136569,-0.27938459030865115,-5.229972521291215
2000-06-02,7.201636320794003,22.7775,3.0084235860409203,4.1,6.02,110.7,143.683,171.2,0.11101733192502294,-0.3668984409977094,-5.43776691467015,-10.62642861994597
2000-06-09,-1.3748465713203983,22.630000000000003,3.0084235860409203,4.1,6.27,110.7,143.683,171.2,3.639797595944927,2.386493750405294,-5.310408573400682,-10.88575317624132
2000-06-16,0.5154610671138427,21.33,3.0685920577617543,4.1,6.27,110.7,144.159,171.3,1.0741147513981808,2.8672678908540306,-2.579109059907103,-9.963393742493952
2000-06-23,-1.5691777912479776,21.292,3.0685920577617543,4.1,6.27,110.7,144.159,171.3,-1.4977638338960375,5.500599393459171,-5.237672463231091,-6.8637749220823
2000-06-30,0.9101753263975888,20.756,3.0685920577617543,4.1,6.27,106.4,144.159,171.3,0.5726714055281468,2.743023861112759,-5.9727764568273,-6.850682392863517
2000-07-07,1.6705657387582784,20.2875,3.0685920577617543,4.0,6.53,106.4,144.159,171.3,-0.4773857919535329,-0.8851149911569545,-9.272432390224871,-8.751778455221704
2000-07-14,2.1015589655562605,19.964,3.0685920577617543,4.0,6.53,106.4,144.602,171.3,-1.2092882026128793,-4.057008076796342,-12.897521988307636,-12.928646288576795
2000-07-21,-1.9728764253716835,19.346,3.6702767749699374,4.0,6.53,106.4,144.602,172.3,1.7740972986667325,-2.9509680088169787,-7.451741406445644,-12.070066625344067
2000-07-28,-4.073796549416131,19.884,3.6702767749699374,4.0,6.53,108.3,144.602,172.3,7.10477599265249,-0.7676668123313468,-7.587910973587054,-12.256585193323255
2000-08-04,3.0312234481877587,19.98,3.6702767749699374,4.0,6.53,108.3,144.602,172.3,2.1579942396412255,-6.067276390998478,-10.730526872481683,-15.636427689741039
2000-08-11,0.6090456674106681,18.948,3.6702767749699374,4.0,6.54,108.3,144.602,172.3,-0.4096849770757638,-5.089541923644214,-10.297310851928664,-16.1987666738021
2000-08-18,1.3506906555382558,17.682,3.5992801439711952,4.0,6.54,108.3,145.319,172.7,-2.88257855659948,-7.51749771075202,-12.962888404989513,-22.87225136802522
2000-08-25,0.9874494381010956,17.154,3.5992801439711952,4.0,6.54,108.3,145.319,172.7,-4.642699304536702,-5.294567516403692,-12.47302654811615,-24.33668605000735
2000-09-01,0.9505837447991716,17.098000000000003,3.5992801439711952,4.1,6.54,107.3,145.319,172.7,-7.350225731786142,-10.178398908088127,-11.719719496027869,-23.701155259995343
2000-09-08,-1.7274156640296745,19.6225,3.5992801439711952,4.1,6.5,107.3,145.319,172.7,-8.051519307774358,-8.483106677609598,-9.337574361199453,-24.49447616520999
2000-09-15,-1.9197016665272624,18.418,3.229665071770338,4.1,6.5,107.3,145.681,172.6,-4.6991084881006895,-8.46221775701964,-7.936914282211882,-19.259661709825437
2000-09-22,-1.1659142185871385,20.128,3.229665071770338,4.1,6.5,107.3,145.681,172.6,-4.772489925356737,-9.21434044769791,-9.246780858034553,-14.201501628677137
2000-09-29,-0.8428102866266163,21.0,3.289473684210531,4.1,6.5,106.8,145.681,172.7,-0.6836059820409801,-4.637628325893628,-9.396382868976549,-12.771227467285994
2000-10-06,-1.9157555007737197,21.672,3.289473684210531,3.9,6.52,106.8,145.681,172.7,-3.052541896232397,-6.873005946919763,-11.577797288373748,-10.105111169677594
2000-10-13,-2.4712699543926853,27.385,3.289473684210531,3.9,6.52,106.8,145.681,172.7,-0.4693795553619484,-4.9644578612392465,-10.18723926134042,-9.351098909933341
2000-10-20,1.656273171279432,26.536,3.394877903513982,3.9,6.52,106.8,145.96,173.6,-3.9486611397009708,-5.48703381464537,-11.7049532531183,-7.514341358365462
2000-10-27,-1.242016206191543,26.142000000000003,3.394877903513982,3.9,6.52,105.8,145.96,173.6,-4.664461476373239,-5.888022663148229,-16.60287435697807,-7.371079940669977
2000-11-03,3.41480645212382,24.192,3.394877903513982,3.9,6.52,105.8,145.96,173.6,-3.9812383272168184,-7.579775355501206,-20.106680297248925,-11.636718858289285
2000-11-10,-4.255301672461487,26.164,3.394877903513982,3.9,6.51,105.8,145.96,173.6,-3.9407573188748546,-1.7159798636438683,-15.05512726061269,-7.3954246018000935
2000-11-17,0.1273803612976687,26.376,3.388822829964333,3.9,6.51,105.8,146.316,173.9,-4.516276785773277,-0.933672082355097,-17.495534328505315,-11.212820506870502
2000-11-24,-1.8973146351394243,26.94,3.388822829964333,3.9,6.51,107.6,146.316,173.9,-1.6016150250460104,0.5738651974475095,-11.79561454104795,-8.676601969835673
2000-12-01,-1.977987186788677,27.838,3.388822829964333,3.9,6.51,107.6,146.316,173.9,-1.2834261029236016,-0.03573296762580114,-5.49333584794428,-6.9075353310877885
2000-12-08,4.155929760680066,25.118,3.388822829964333,4.0,6.51,107.6,148.814,173.9,-3.7477436342572723,-4.990180570745039,-8.529149389434586,-13.088645578173674
2000-12-15,-4.214936207794251,24.686,3.444180522565321,4.0,6.51,107.6,148.602,174.2,2.3160472570205926,-5.0520167533512295,-3.4706427020672725,-7.352053416773286
2000-12-22,-0.4725125272894148,28.764,3.444180522565321,4.0,6.51,98.4,148.602,174.2,3.7520580291787287,-5.495608571870292,-4.615789998113707,-7.282053611671757
2000-12-29,1.0972915242380532,27.5725,3.444180522565321,4.0,6.51,98.4,148.602,174.2,2.2108901716702656,-6.578906248988748,-2.145004675595763,-8.669379258032784
2001-01-05,-1.6610153319229215,28.0575,3.444180522565321,4.0,6.4,98.4,148.602,174.2,1.263914544480338,-11.385215779154779,-1.5758432874207196,-6.4697501890498055
2001-01-12,1.555826519969794,26.996,3.444180522565321,4.0,6.4,98.4,148.602,174.2,-1.2908133101490193,-13.554289648108298,-4.389670679111058,-9.737212080993462
2001-01-19,1.819422042848995,24.205,3.376777251184837,4.0,6.4,98.4,147.306,174.5,-7.2012789859473685,-13.572040885652104,-5.778604426514833,-13.449883288804344
2001-01-26,0.9243606706911268,22.412,3.376777251184837,4.0,6.4,98.4,147.306,174.5,-8.913236784612266,-16.717953107051954,-10.376026487083024,-12.548057388679911
2001-02-02,-0.4044415414761637,22.162,3.376777251184837,4.2,6.4,94.7,147.306,174.5,-8.599667223224394,-12.298900628122023,-9.197684854929822,-15.998134033019685
2001-02-09,-2.572118067911866,21.866000000000003,3.376777251184837,4.2,5.98,94.7,147.306,174.5,-12.49125157815124,-5.459553740889234,-6.874258740112138,-17.416104746718688
2001-02-16,-1.006265810526774,21.44,3.376777251184837,4.2,5.98,94.7,146.997,174.5,-12.423844982627308,-3.7248453264609016,-8.523818965321583,-16.05725457961793
2001-02-23,-4.277276950374098,26.1025,3.903015966883494,4.2,5.98,94.7,146.997,175.7,-6.865139767109518,1.6655162092026554,-2.422417606751237,-22.479251348582707
2001-03-02,-0.9374995407151698,27.156,3.903015966883494,4.2,5.98,90.6,146.997,175.7,-8.568441831646078,0.9309816829259576,-1.890330187629563,-15.657367960505686
2001-03-09,-0.0615801368155199,25.408,3.903015966883494,4.2,5.49,90.6,146.997,175.7,-4.047286582568743,4.746146074044444,-2.2376884332093283,-13.137457904785299
2001-03-16,-6.72033951899299,29.19,3.903015966883494,4.2,5.49,90.6,146.001,175.7,8.035422702384754,11.069679374591935,5.54700396025869,-5.117641728899114
2001-03-23,-0.9300125133393178,31.192,3.6470588235294032,4.2,5.49,90.6,146.001,176.2,9.933068715383486,10.601589057098536,4.415577767337209,-5.821041571463493
2001-03-30,1.7985138828038094,28.494,3.6470588235294032,4.2,5.49,91.5,146.001,176.2,9.159466127914563,9.017263092868145,0.14134036959743135,-4.802079823275617
2001-04-06,-2.749209582782375,32.326,3.6470588235294032,4.3,5.31,91.5,146.001,176.2,10.38965506535574,7.614998497960701,5.006956329654222,-3.653757927084056
2001-04-13,4.880226834437851,28.9825,3.6470588235294032,4.3,5.31,91.5,146.001,176.2,9.164339749683137,3.5361196101341363,-4.21800117831117,-5.339243042353203
2001-04-20,5.025769367870714,25.122,2.978971962616828,4.3,5.31,91.5,146.466,176.3,2.80857573961264,-1.4964018631195786,-12.647021966724846,-8.393534706435336
2001-04-27,0.8101553136501405,26.806,2.978971962616828,4.3,5.31,88.4,146.466,176.3,0.6081157831096862,-4.984643914760345,-12.809544991098875,-8.196806113520283
2001-05-04,1.0821544228116764,24.72,2.978971962616828,4.5,5.31,88.4,146.466,176.3,-0.13027091473658547,-4.020964008624062,-23.749220441768447,-10.039399313940567
2001-05-11,-1.6532272481996846,24.238,2.978971962616828,4.5,4.8,88.4,146.466,176.3,-2.513511402633084,-2.7952882489725717,-16.43533964183942,-7.013091932023519
2001-05-18,3.716065680248448,22.512,3.2710280373831946,4.5,4.8,88.4,144.866,176.8,-5.155731397684149,-6.667390418657448,-17.073281117367245,-13.070838123702266
2001-05-25,-1.0890388800325337,21.072,3.2710280373831946,4.5,4.8,92.0,144.866,176.8,-4.187372086192109,-4.972261957926049,-14.574023437033578,-10.40778145813982
2001-06-01,-1.3475315172458258,22.2825,3.2710280373831946,4.4,4.8,92.0,144.866,176.8,-5.558954816256434,-5.593058239486782,-14.848458117616914,-7.904528618940143
2001-06-08,0.3402886435503793,20.188,3.2710280373831946,4.4,4.21,92.0,144.866,176.8,-3.8957681466881833,-8.141758902633233,-12.676288620795317,-7.308527860704572
2001-06-15,-4.000124679712103,21.756,3.6193812025685945,4.4,4.21,92.0,143.12,177.5,-0.2890419486779039,-2.423493197703208,-10.471362340127977,-5.662242711803344
2001-06-22,0.9050026653499632,21.324,3.6193812025685945,4.4,4.21,92.0,143.12,177.5,-1.5938327568445154,-7.489290517785941,-8.572238061371761,-7.978946544190246
2001-06-29,-0.0791586667034605,20.364,3.6193812025685945,4.4,4.21,92.6,143.12,177.5,-0.8191925102398856,-11.320012988876194,-7.0019095482497296,-7.440498474544832
2001-07-06,-2.7597673049009064,19.85,3.6193812025685945,4.5,3.97,92.6,143.12,177.5,-0.036110806656164396,-8.235406779214404,-3.380676904350355,-5.744212248699487
2001-07-13,2.1073659791293498,22.594,3.6193812025685945,4.5,3.97,92.6,143.12,177.5,-4.418110081173021,-20.554755764495315,-6.270572779932149,-9.8266054989677
2001-07-20,-0.3973149111277996,22.794,3.2501450957632017,4.5,3.97,92.6,142.501,177.9,-2.140638592527311,-14.032294471283869,-4.33909386394159,-8.809507703328979
2001-07-27,-0.4154130898372354,23.598,3.2501450957632017,4.5,3.97,92.4,142.501,177.9,-5.99094337895929,-11.149255062498497,-6.86089002950675,-9.618349806343895
2001-08-03,0.7074048926729359,20.97,3.2501450957632017,4.5,3.97,92.4,142.501,177.9,-10.58755291916782,-10.104167137869059,-5.719929372418786,-6.799518091909363
2001-08-10,-1.9920074025264525,21.504,3.2501450957632017,4.5,3.77,92.4,142.501,177.9,-8.202257874040587,-9.80372810042801,-2.4484114582558836,-2.1719747633564768
2001-08-17,-2.368594362689413,21.438,2.7214823393167498,4.5,3.77,92.4,142.849,177.4,-16.882534648589143,-4.936443006083291,0.9070836018354012,0.3605999795353254
2001-08-24,1.9759618223110345,22.33,2.7214823393167498,4.5,3.77,92.4,142.849,177.4,-12.151781605483158,-8.24775287224705,-3.3191898544413734,-3.0575730968758985
2001-08-31,-4.333597371037468,23.184,2.7214823393167498,4.5,3.77,91.5,142.849,177.4,-5.487036961058822,-1.1706185690793403,-0.5292965853844644,1.2182694762718382
2001-09-07,-4.2167230024228175,27.95,2.7214823393167498,4.9,3.65,91.5,142.849,177.4,0.5406247083940885,4.869309960639523,4.374735095354443,3.403078908699686
2001-09-14,0.6225947782446006,31.84,2.7214823393167498,4.9,3.65,91.5,142.849,177.4,-1.7445638523330809,5.29041725623256,2.7147666034121887,1.6905532102030385
2001-09-21,-11.600494877815724,41.518,2.7793862188766782,4.9,3.65,91.5,141.499,177.5,14.372540827609681,17.97990946093593,13.50382942209285,16.501352057016838
2001-09-28,7.78007398664291,34.95,2.8389339513325678,4.9,3.65,81.8,141.499,177.5,4.444061364686469,11.275397601607985,6.075289244762128,3.3988516988805006
2001-10-05,2.924286240322349,32.04,2.7793862188766782,4.9,3.07,81.8,141.499,177.5,4.567012030086337,4.826481799345883,1.7230077893341633,0.19134656413049012
2001-10-12,1.8919542495537955,33.3,2.7793862188766782,4.9,3.07,81.8,141.499,177.5,4.305409146601447,4.877020019575529,3.676087022885577,-3.3582222653605776
2001-10-19,-1.6644568807723137,34.466,3.1847133757961776,4.9,3.07,81.8,140.3,178.2,7.159889960686594,8.154790089729902,8.461273594067166,3.0843598347408685
2001-10-26,2.899914805045478,30.616000000000003,2.6497695852534475,4.9,3.07,82.7,140.3,178.2,3.1540513196812725,6.146968189179591,5.57210686526024,-1.8821157999838078
2001-11-02,-1.5761250043513253,32.336,2.6497695852534475,5.4,3.07,82.7,140.3,178.2,6.5406650676562705,5.371599249164216,5.65673314588635,-1.8451009404310437
2001-11-09,3.0454478393037165,28.898000000000003,2.6497695852534475,5.4,2.49,82.7,140.3,178.2,0.24813730852795146,0.6489183423080913,2.417184050697463,-8.281638514728307
2001-11-16,1.6370437522745585,25.915,2.304147465437789,5.4,2.49,82.7,139.307,177.6,0.5480165196137143,-0.4716106794931285,-1.3981507578244234,-11.538225272547642
2001-11-23,1.0266492034956445,24.005000000000003,2.304147465437789,5.4,2.49,83.9,139.307,177.6,0.9284258591608197,-2.4462346336346474,-3.4189854498049455,-14.01324442873918
2001-11-30,-0.9466779362631071,24.542,2.127659574468077,5.4,2.49,83.9,136.891,177.6,2.90140506476384,-3.7939341192028575,-1.2532281222072728,-13.131769736245891
2001-12-07,1.655194017295636,24.014,2.127659574468077,5.7,2.09,83.9,136.891,177.6,-1.0972954014785374,-4.673187846484661,-7.07842530558942,-14.6143969001176
2001-12-14,-3.0406446453721148,25.266,2.127659574468077,5.7,2.09,83.9,137.139,177.6,0.3997890080956745,-2.960582055927641,-4.421721644810816,-17.959376123937865
2001-12-21,1.9410776956058085,23.26,2.127659574468077,5.7,2.09,88.8,137.139,177.6,-1.0140699283789023,-1.1450868802963865,-7.852284784025154,-25.953586007969566
2001-12-28,1.40886938277347,21.975,1.9517795637198576,5.7,2.09,88.8,137.139,177.6,-3.343617483447703,0.2833748778792389,-4.688123615035766,-26.543899975144758
2002-01-04,0.989646176731207,22.075,1.9517795637198576,5.8,2.09,88.8,137.139,177.6,-6.506557592437911,-0.5415711194829642,-7.564119942506153,-26.29146164755306
2002-01-11,-2.2950792705869194,22.172,1.9517795637198576,5.8,1.82,88.8,137.139,177.6,-3.615565883179672,0.2705984333101874,-6.848809585332816,-20.684354572921727
2002-01-18,-1.5729765987497757,22.9,1.7795637198622316,5.8,1.82,88.8,136.737,177.3,-3.3469901652406264,1.7568650885799508,-8.872978472221105,-17.631560002100223
2002-01-25,0.5055138849870744,21.9125,1.6045845272206316,5.8,1.82,88.8,136.737,177.3,-0.13235916642161394,-0.9309304457320144,-11.119053235571974,-16.97903774627496
2002-02-01,-0.9776999363409256,22.184,1.6045845272206316,5.6,1.82,93.0,136.737,177.3,3.7524602792845085,-0.9971432804435021,-11.857061336038033,-18.368379327801797
2002-02-08,-2.315093708712068,24.956,1.6045845272206316,5.6,1.73,93.0,136.737,177.3,6.3801121440710595,2.6409000032738383,-9.706077814898817,-18.45432424143958
2002-02-15,0.7261392075083917,21.678,1.6045845272206316,5.6,1.73,93.0,136.518,177.3,4.031941829714691,-2.5231489491449155,-10.428555019361706,-19.41441121236407
2002-02-22,-1.2987091953373664,23.4375,1.776504297994275,5.6,1.73,93.0,136.518,177.6,5.280596292393014,-1.5057175937775336,-15.456393273767022,-22.429894189820843
2002-03-01,3.848277250962684,21.312,1.081388730791133,5.6,1.73,90.7,136.518,177.6,-0.7996296624660837,-6.784890798100241,-25.095868626815253,-26.89657232852959
2002-03-08,2.8742360224437213,20.01,1.081388730791133,5.5,1.74,90.7,136.518,177.6,-4.577822585549152,-4.9574503241131325,-26.751467913493233,-31.23996385835731
2002-03-15,0.1588902863359109,19.302,1.081388730791133,5.5,1.74,90.7,137.634,177.6,-3.5149541257610273,-7.060788011702512,-25.89010385334397,-28.3700364580057
2002-03-22,-1.4972287247088212,18.294,1.309049516220839,5.5,1.74,90.7,137.634,178.0,-6.3010366465996785,-7.100195002205078,-20.898402257137228,-23.009484439674168
2002-03-29,-0.1140364393766302,17.9275,1.309049516220839,5.5,1.74,95.7,137.634,178.0,-6.4459303282468845,-10.446315883992419,-19.053677679439552,-21.765919787169842
2002-04-05,-2.1492285852987347,19.4,1.0215664018161208,5.7,1.73,95.7,137.634,178.0,-6.033506846062209,-10.283858358293296,-16.19890786574124,-19.752742186817084
2002-04-12,-1.0438815126529222,19.398000000000003,1.0215664018161208,5.7,1.73,95.7,137.634,178.0,-0.3978401550355892,-10.969297670225043,-17.546196769417964,-19.466072999366947
2002-04-19,1.2745190462032596,18.79,1.3620885357548351,5.7,1.73,95.7,138.845,178.6,-3.675008757899345,-12.02929613612007,-20.552454473840942,-19.138442941512913
2002-04-26,-4.341574673012206,20.782,1.3045944412932498,5.7,1.73,93.0,138.845,178.6,-0.8528998902487817,-8.110034315832005,-17.32848576982319,-13.543366821239333
2002-05-03,-0.2684975399823042,21.256,1.3045944412932498,6.0,1.73,93.0,138.845,178.6,-4.276014469259771,-14.163944687116292,-21.24405202501517,-12.774009417596243
2002-05-10,-1.717863535943831,21.772,1.3045944412932498,6.0,1.75,93.0,138.845,178.6,-4.523262888259616,-19.64378734895249,-21.575559694800518,-13.531882869704749
2002-05-17,4.891039352370918,19.092,1.8150879183210344,6.0,1.75,93.0,139.151,179.5,-10.613683008123932,-22.93080064003106,-27.653417994227357,-19.619731974581878
2002-05-24,-2.05767449864509,19.2,1.527149321266963,6.0,1.75,93.0,139.151,179.5,-8.67302168470827,-20.259818690965847,-22.928157007600134,-17.35158475052465
2002-05-31,-1.538994710121011,20.3225,1.527149321266963,6.0,1.75,96.9,139.151,179.5,-7.319562970122096,-14.852783873184316,-17.125212951573744,-17.96765069272964
2002-06-07,-3.711788969380159,23.508000000000003,1.527149321266963,5.8,1.75,96.9,139.151,179.5,-10.329626543476078,-9.611398883709999,-12.640020357525483,-11.575331041448521
2002-06-14,-1.9717194814723449,24.66,1.527149321266963,5.8,1.75,96.9,139.334,179.5,-15.83686761624109,-6.593071658242378,-10.55427000677206,-7.912477355785985
2002-06-21,-1.7999150705636624,25.93,1.527149321266963,5.8,1.75,96.9,139.334,179.5,-13.779645527879358,-7.387225897456917,-9.543646300429408,-8.831912980753497
2002-06-28,0.0687458464637025,26.986,1.1267605633802802,5.8,1.75,92.4,139.334,179.5,-12.687156873028293,-9.688632650830032,-8.081266254721642,-12.974074272080472
2002-07-05,-0.0798102707056047,28.15,1.1267605633802802,5.9,1.75,92.4,139.334,179.5,-8.128167221129633,-10.032054517982536,-5.912868140665173,-13.480886640482638
2002-07-12,-6.839025372821528,31.872000000000003,1.1267605633802802,5.9,1.75,92.4,139.334,179.5,0.8009642784796656,-8.248407166535054,1.6192907100093468,-9.95235576131357
2002-07-19,-7.992274007498912,36.084,1.2394366197183038,5.9,1.75,92.4,140.57,179.7,10.983189071254817,-2.404011192310529,7.606013620613372,-1.5169549220363177
2002-07-26,0.6004160254165392,40.286,1.0118043844856484,5.9,1.75,88.1,140.57,179.7,7.41404935013279,-6.127762314148688,4.296228185768602,-0.5475873315341384
2002-08-02,1.3367059495248412,34.704,1.0118043844856484,5.9,1.75,88.1,140.57,179.7,3.4342304233957455,-3.3462907568432954,3.6471373562223075,-2.6717076369089154
2002-08-09,5.137464699130812,39.5,1.0118043844856484,5.9,1.73,88.1,140.57,179.7,-2.0723297220329173,-2.6688236935485166,-3.6582133406524164,-8.776853177752297
2002-08-16,2.215399339484403,32.694,1.1242270938729648,5.9,1.73,88.1,140.687,179.9,-8.977465156002173,-3.3506674917105905,-2.1727652972655442,-10.282416313157828
2002-08-23,1.3017179243591803,28.7,1.1242270938729648,5.9,1.73,88.1,140.687,179.9,-12.062367621253268,-4.240797143051777,-1.412535152334915,-4.790299090823613
2002-08-30,-2.6348211650302766,31.926,1.4092446448703555,5.9,1.73,87.6,140.687,179.9,-12.607114009955856,-2.3284265306477647,-1.5599220488709098,-5.7386451803800975
2002-09-06,-2.4179401396145828,38.15,1.4092446448703555,5.7,1.74,87.6,140.687,179.9,-6.555393850260005,1.7798051821027672,-3.6379048592498187,-1.6858340357442825
2002-09-13,-0.4597710567094015,35.932,1.4092446448703555,5.7,1.74,87.6,140.687,179.9,-0.609116881696925,4.57850443871779,-3.833401000792458,-2.417371104465338
2002-09-20,-4.992075053329714,38.38,1.6901408450704205,5.7,1.74,87.6,140.542,180.5,6.181763311618682,10.754797352079692,-1.8571324400561195,5.700327849441922
2002-09-27,-2.131562854896485,37.82,1.6901408450704205,5.7,1.74,86.1,140.542,180.5,8.894451973091622,10.256594492472871,0.9089064838742056,8.634589465779108
2002-10-04,-3.237968283288939,37.482,1.6901408450704205,5.6,1.74,86.1,140.542,180.5,11.761469326552554,11.104444462911145,5.944435884535926,16.175772219589014
2002-10-11,4.339352655922757,39.80800000000001,1.6901408450704205,5.6,1.75,86.1,140.542,180.5,8.919935966133874,7.2355506765621636,0.6979381600734413,11.742800957746024
2002-10-18,5.874396266576287,34.4125,1.8591549295774668,5.6,1.75,86.1,140.493,180.8,5.21941365008296,-1.0165187400887565,-6.2755118308366225,6.774157572136996
2002-10-25,1.499339606507899,32.886,1.4590347923681302,5.6,1.75,80.6,140.493,180.8,4.306797982851562,1.2187380542374893,-7.172060728771923,3.9625628387054412
2002-11-01,0.3687403184503113,31.002,1.4590347923681302,5.7,1.75,80.6,140.493,180.8,1.2508833046130263,2.953514551433689,-0.5738372202124031,6.95147435573038
2002-11-08,-0.6903782173000805,30.722,1.4590347923681302,5.7,1.75,80.6,140.493,180.8,-0.5878813759343959,0.7868251267785009,-3.4915160354230146,10.396318544662652
2002-11-15,1.6865264792194967,29.285,1.4590347923681302,5.7,1.75,80.6,139.293,180.8,-1.5464435180125746,-5.322971518425835,-3.4050362069827367,8.65875677675505
2002-11-22,2.277345252841778,25.472,2.083333333333348,5.7,1.75,80.6,139.293,181.3,-5.926598689201867,-8.043627593125102,-6.689592264424348,7.0001628609907
2002-11-29,0.6189898276487416,26.1975,2.083333333333348,5.7,1.75,84.2,139.293,181.3,-2.9605548136198867,-11.387253729555047,-4.563657397674692,4.2624743139125565
2002-12-06,-2.571799633949423,28.738,2.083333333333348,6.0,1.34,84.2,110.448,181.3,1.6815964377301151,-8.478121468949261,-1.4711183799573258,8.053893569747373
2002-12-13,-2.493888656050302,28.554,2.083333333333348,6.0,1.34,84.2,110.448,181.3,1.3828359376500954,-4.644286376948459,4.56446884838233,12.216130386928326
2002-12-20,0.7060337989355903,27.622000000000003,2.195945945945943,6.0,1.34,84.2,110.796,181.5,-3.835847210968124,-6.096497360476205,4.203130634147967,10.891309781078483
2002-12-27,-2.2729285890860096,27.4025,2.195945945945943,6.0,1.34,86.7,110.796,181.5,-2.2504011489167253,-5.313000738920016,7.870683282768165,14.082701030792656
2003-01-03,3.791409814458424,27.0775,2.195945945945943,6.0,1.34,86.7,110.796,181.5,-8.683787195763848,-8.289768223066806,2.7107873870129806,7.875939141248844
2003-01-10,2.088948800641988,24.828,2.195945945945943,6.0,1.24,86.7,110.796,181.5,-9.991697871208395,-3.4261596478902923,3.883266949861497,5.392586989260595
2003-01-17,-2.780380760880863,25.138,2.2522522522522515,6.0,1.24,86.7,110.602,181.6,-5.944913908607963,-4.244940900578875,9.534473782457663,9.857165908030696
2003-01-24,-4.477810948452376,28.91,2.425267907501394,6.0,1.24,86.7,110.602,181.6,-2.350824172982169,2.025766273195151,14.767814874863717,15.284417159621988
2003-01-31,-0.6617148880287638,32.074,2.425267907501394,6.0,1.24,82.4,110.602,181.6,-3.133107067445895,1.4724757983161973,16.35970412964125,17.799461889191015
2003-02-07,-3.039617785973814,32.836,2.425267907501394,5.7,1.24,82.4,110.602,181.6,0.4314885173148042,7.700468182144826,17.6608091974769,23.10501652941983
2003-02-14,0.626741577183032,33.664,2.425267907501394,5.7,1.24,82.4,111.129,181.6,7.294369594844219,7.656096226887055,18.063456852109773,22.007688079937736
2003-02-21,1.5906248761773378,30.9575,2.7636773829667005,5.7,1.24,82.4,111.129,182.2,1.8074227335002968,9.65726632987478,17.681600947927766,22.180703126568503
2003-02-28,-0.8276593887474704,31.164,2.5900900900900803,5.7,1.24,79.9,111.129,182.2,4.481953287481177,10.96831077128435,18.090706591390315,18.510366361854903
2003-03-07,-1.4575295024410462,31.018,2.5900900900900803,5.8,1.26,79.9,111.129,182.2,4.75454794340191,13.9234362949203,20.48401778604576,24.24446638107156
2003-03-14,0.5284181019685974,32.634,2.5900900900900803,5.8,1.26,79.9,111.108,182.2,7.237749606366561,11.994905472310258,17.6269398202324,24.576671938551577
2003-03-21,7.502965069025747,30.566000000000003,3.209459459459474,5.8,1.26,79.9,111.108,183.3,0.33713477548615867,7.568743845229187,9.131610180352734,16.022725391256554
2003-03-28,-3.60463711577248,28.616000000000003,2.977528089887649,5.8,1.26,77.6,111.108,183.3,7.710482581336842,14.390273279169108,14.727270748136224,19.155765394289247
2003-04-04,1.7776462751520006,28.574,2.977528089887649,5.8,1.26,77.6,111.108,183.3,6.208112769442575,12.489049646095363,12.995394566235351,19.55509929177408
2003-04-11,-1.200431027597737,26.546,2.977528089887649,5.8,1.25,77.6,111.108,183.3,8.752735352809982,14.671198484320524,16.090063795551668,21.295632355648465
2003-04-18,2.911439554563544,22.4975,2.9675251959686566,5.8,1.25,77.6,110.14,183.9,4.436083266765278,9.24818729523713,14.303139630946227,17.544031367963253
2003-04-25,0.5852839554070011,20.916,2.9675251959686566,5.8,1.25,86.0,110.14,183.9,7.207310718932214,9.667228322387778,13.330960675747017,15.183412746739599
2003-05-02,3.4790466968755984,21.006,2.9675251959686566,6.0,1.25,86.0,110.14,183.9,6.201616163763846,7.317649697662443,11.420526168343702,13.775151785639883
2003-05-09,0.3580289860550589,20.772,2.9675251959686566,6.0,1.26,86.0,110.14,183.9,5.9138014157990915,6.418405192078547,6.796585023372503,13.72280461327735
2003-05-16,1.1666914819594698,19.414,2.631578947368429,6.0,1.26,86.0,109.656,183.3,5.4421280644668,5.758763696472191,9.059619707601364,13.749870648514273
2003-05-23,-1.1733577499815628,20.392000000000003,2.116991643454047,6.0,1.26,86.0,109.656,183.3,4.607702508509548,5.02883084205521,11.234231068976651,16.656315590787017
2003-05-30,3.254329858528604,19.98,2.116991643454047,6.0,1.26,92.1,109.656,183.3,2.294542776009756,1.4529000518702873,7.859143133800095,13.729904223345901
2003-06-06,2.5083263874192907,20.878,2.116991643454047,6.1,1.26,92.1,109.656,183.3,1.0508630416486975,0.29460325542249866,4.165994169355591,12.22158920280334
2003-06-13,0.0860508197876086,20.814,2.116991643454047,6.1,1.26,92.1,109.656,183.3,0.4764287274502177,0.4501281873507068,6.281544441800646,13.478520546463457
2003-06-20,0.71615876784068,19.786,2.116991643454047,6.1,1.26,92.1,109.583,183.3,0.30029328677034783,1.2373336373781463,5.776894249721964,14.476388560681897
2003-06-27,-1.9554310769959728,20.14,2.116991643454047,6.1,1.26,89.7,109.583,183.3,0.40257870448059396,4.627035432678017,7.5935759467633535,16.935740210878937
2003-07-04,0.9710968622244298,19.35,2.116991643454047,6.4,1.26,89.7,109.583,183.3,-0.8227640510426681,3.340772270261949,5.029929641456721,14.753981016004625
2003-07-11,1.2620475081006166,19.226,2.116991643454047,6.4,1.22,89.7,109.583,183.3,-0.7483951778961995,3.8231143546657576,6.017185529285807,14.488948744142283
2003-07-18,-0.4828989173344067,19.646,2.284122562674096,6.4,1.22,89.7,109.678,183.6,-0.026175830921326693,0.3553706998440598,6.863849733525762,15.351553391167961
2003-07-25,0.5396030797769846,18.788,2.17028380634392,6.4,1.22,89.7,109.678,183.6,0.93423490590272,3.121118189886052,7.555976141113563,14.562221506623763
2003-08-01,-1.8554460285192145,19.224,2.17028380634392,6.2,1.22,90.9,109.678,183.6,4.207518156113754,5.90828268502126,11.070755196939675,16.812723857319646
2003-08-08,-0.2611842569839373,21.06,2.17028380634392,6.2,1.01,90.9,109.678,183.6,4.198076586291877,6.314499712333932,12.101186033320555,18.33794878950803
2003-08-15,1.33797969449021,18.64,2.33722871452422,6.2,1.01,90.9,110.037,183.9,4.605980468281423,3.860019171793083,11.891951870038419,13.112334644208822
2003-08-22,0.2412523534241595,18.05,2.2234574763757564,6.2,1.01,90.9,110.037,183.9,0.38164642988958164,5.80528503017308,12.970010685116605,11.75357299913733
2003-08-29,1.5054490407211407,19.052,2.2234574763757564,6.2,1.01,89.3,110.037,183.9,2.16664176037209,4.484077611727755,13.077245762640022,9.925501518718804
2003-09-05,1.327368255591388,18.835,2.2234574763757564,6.1,1.03,89.3,110.037,183.9,1.6320938824774478,2.835347959365797,11.764363510156972,11.789819972614612
2003-09-12,-0.2702209465573202,19.01,2.2234574763757564,6.1,1.03,89.3,110.037,183.9,2.0311537365945043,1.634550752898556,11.044245649620542,11.848260980701642
2003-09-19,1.7346871641922057,18.114,2.55697609783212,6.1,1.03,89.3,110.213,184.5,-0.7131153430702142,2.113278134891039,10.273082690470513,9.48662857196705
2003-09-26,-3.806819587319199,20.966,2.216066481994461,6.1,1.03,87.7,110.213,184.5,5.403018174314966,6.485431709627321,14.943079365604106,14.420424689834043
2003-10-03,3.3104279287967,21.152,2.216066481994461,6.1,1.03,87.7,110.213,184.5,2.268290130149486,4.300630199782374,11.09482084520279,7.520519986235996
2003-10-10,0.797211555318178,19.074,2.216066481994461,6.1,1.01,87.7,110.213,184.5,1.1839312080687003,4.874474763481906,10.296117447894959,5.841655506934074
2003-10-17,0.1213694414771371,17.4675,2.4930747922437657,6.1,1.01,87.7,110.602,185.0,-0.3887077320715471,5.442988808341509,11.309321973679154,5.424701516036423
2003-10-24,-1.001608036730561,17.330000000000002,2.3230088495575174,6.1,1.01,87.7,110.602,185.0,2.846693687416435,7.733421158877163,8.908447683907706,6.283350561898748
2003-10-31,2.118739834741024,16.746000000000002,2.3230088495575174,6.1,1.01,89.6,110.602,185.0,1.0269284068528783,6.7716141522612405,5.621919516844498,6.659315641302754
2003-11-07,0.2379343580001247,16.726,2.3230088495575174,6.0,1.01,89.6,110.602,185.0,1.987263175170395,8.224380544225362,5.207897730802502,6.578938828191716
2003-11-14,-0.2715494020790188,16.945,2.3230088495575174,6.0,1.01,89.6,111.751,185.0,3.6473613066329014,8.682827187320186,8.707581771189243,8.199171430374431
2003-11-21,-1.4347547616836651,18.994,2.0408163265306145,6.0,1.01,89.6,111.751,185.0,5.854453252877545,9.258362266587428,10.049446917550187,9.6341074310218
2003-11-28,2.2138862169075457,16.675,2.0408163265306145,6.0,1.01,93.7,111.751,185.0,4.751467739267379,7.990933896765506,7.220755783920452,7.203752226093241
2003-12-05,0.3118549405025428,16.612000000000002,2.0408163265306145,5.9,1.0,93.7,111.751,185.0,5.686291601654481,7.942539669689053,7.451716965231903,6.017899659238046
2003-12-12,1.1907691614166271,17.036,2.0408163265306145,5.9,1.0,93.7,111.751,185.0,6.1155846081899945,6.51404563175364,3.0871239994294752,3.600093415937833
2003-12-19,1.3517808975771484,16.264,1.7079889807162465,5.9,1.0,93.7,112.946,184.6,4.858267318345177,5.169649427699374,0.9222270200956117,1.1693255992759388
2003-12-26,0.6641173774876163,16.884999999999998,1.7079889807162465,5.9,1.0,92.6,112.946,184.6,3.2156502717729074,5.563511838611279,-0.017343298508243343,-0.8842186119992435
2004-01-02,1.1488347965604273,17.825,1.7079889807162465,5.9,1.0,92.6,112.946,184.6,3.092525792155354,1.0906796724646117,-1.3459802736979443,-0.6098450025923796
2004-01-09,1.2070587758521656,16.416,1.7079889807162465,5.7,0.98,92.6,112.946,184.6,2.134854041940182,-1.0767792962062095,-0.10517637281231007,-5.160181787774231
2004-01-16,1.6018015561445995,16.434,1.9283746556473915,5.7,0.98,92.6,113.187,185.0,0.3754971760603132,-2.7872488604268164,-1.5203983684261457,-6.582552671827058
2004-01-23,0.1509078406213504,14.775,1.8722466960352515,5.7,0.98,92.6,113.187,185.0,0.29695523044341865,0.022776904603660775,-0.44501580374998184,-3.7843345796827688
2004-01-30,-0.9127978187210783,16.09,1.8722466960352515,5.7,0.98,103.8,113.187,185.0,2.2747146974865684,0.7240495231225275,0.3439051772691881,-2.0651901417806484
2004-02-06,1.0281757916957843,17.206,1.8722466960352515,5.6,1.0,103.8,113.187,185.0,-1.9417955902318984,-0.713187751095179,-0.7289331078706551,-2.549092078290971
2004-02-13,0.2669019568466213,15.722,1.8722466960352515,5.6,1.0,103.8,113.187,185.0,-3.1445027931675362,-0.454707389652953,-1.7830227233308849,-1.910440084223286
2004-02-20,-0.1483730422365159,15.7075,2.312775330396488,5.6,1.0,103.8,113.795,185.8,-3.1509144417383173,-3.2173424753501045,-2.735744566392795,-1.3600035593305582
2004-02-27,0.0725416319509175,15.3,1.975850713501659,5.6,1.0,94.4,113.795,185.8,-0.27336654957251794,-4.038638933111338,-3.8036865675524667,-3.0420771251903567
2004-03-05,1.0411064820283975,14.546,1.975850713501659,5.6,1.01,94.4,113.795,185.8,-1.5161764850194714,-5.286727430640759,-6.107915830299426,-2.1921395564438617
2004-03-12,-3.136943063293152,18.006,1.975850713501659,5.6,1.01,94.4,113.795,185.8,1.252937320780001,-2.4103705248172735,-1.6821775069340572,0.14011337396426793
2004-03-19,-0.9628954469036,19.452,2.250274423710219,5.6,1.01,94.4,114.59,186.3,2.777122085048611,0.9821788215966132,-4.12785032929216,-0.14237759585565835
2004-03-26,-0.1549830288633646,19.454,1.6366612111292866,5.6,1.01,95.8,114.59,186.3,-0.0685892212909045,1.3031731713690542,-3.9041213903628025,-1.111859259236403
2004-04-02,3.0458637813217893,16.362000000000002,1.6366612111292866,5.7,1.01,95.8,114.59,186.3,-3.7755935934711715,-0.46768618391765937,-3.8062445395986466,-1.01681600494693
2004-04-09,-0.218084635526361,15.5775,1.6366612111292866,5.7,1.0,95.8,114.59,186.3,-3.828599267419519,-0.3774116982519282,-2.7691893625294117,2.356677572766519
2004-04-16,-0.413401077795672,15.768,2.127659574468077,5.7,1.0,95.8,114.523,187.2,-3.6179768632208065,-0.015858457350825805,-1.8490918235881115,4.368025950202958
2004-04-23,0.5279338549553536,15.262,1.7944535073409318,5.7,1.0,95.8,114.523,187.2,-1.7464424251602328,-1.3343828711995576,-1.4623822547476517,2.6073988138652915
2004-04-30,-2.919509685304522,15.984,1.7944535073409318,5.7,1.0,94.2,114.523,187.2,1.3727039195890578,0.49760765128263884,1.919082368188274,6.804838098371091
2004-05-07,-0.7766727424379338,16.824,1.7944535073409318,5.6,1.0,94.2,114.523,187.2,3.4377010293815236,0.2448405930748354,1.0385032025820529,8.41631900272759
2004-05-14,-0.2730499802789832,18.762,2.0119630233822683,5.6,1.0,94.2,115.423,187.6,3.5885799134445007,-0.8670256843435586,3.267322298393527,8.423843473699932
2004-05-21,-0.1952991396811043,19.076,2.345881069285305,5.6,1.0,94.2,115.423,187.6,3.7373342960005163,0.7461786890670119,2.6134784120993126,9.20295979971526
2004-05-28,2.479973084611564,16.157999999999998,2.345881069285305,5.6,1.0,90.2,115.423,187.6,0.419383851466959,-5.060327684072464,-1.113618690520679,7.981756334082779
2004-06-04,0.1623965986577547,16.5475,2.345881069285305,5.6,1.0,90.2,115.423,187.6,-0.8632464504454429,-5.1403074540645965,-2.383965235244989,7.966150908268355
2004-06-11,1.2445408198775043,15.2075,2.345881069285305,5.6,1.0,90.2,115.423,187.6,-3.0867472928460926,-3.354245699391667,-0.5517100929090524,4.374948039530113
2004-06-18,-0.1275837645739019,15.21,3.000545553737033,5.6,1.0,90.2,116.947,188.8,-4.301251741756696,-2.400838710426789,2.7444471355603905,4.3611565565551125
2004-06-25,-0.0519784506141318,14.71,3.000545553737033,5.6,1.0,95.6,116.947,188.8,-2.883393550868274,-1.8335241348802267,4.3845797342609405,2.9477305627493067
2004-07-02,-0.7977617305289564,15.232,3.000545553737033,5.6,1.0,95.6,116.947,188.8,-5.4568264864526705,-0.12973048491757844,3.9950915017529676,4.085729288707096
2004-07-09,-1.1169512728610664,16.009999999999998,3.000545553737033,5.6,1.03,95.6,116.947,188.8,-4.3143040804551225,1.414436373289596,6.276000587968178,8.10740072004168
2004-07-16,-1.026234787969471,14.446000000000002,3.327877795962908,5.6,1.03,95.6,116.19,189.4,-0.27601839694091357,0.7917241474091785,8.151520179301164,9.434444910312333
2004-07-23,-1.3791720711587518,15.6,3.159041394335516,5.6,1.03,95.6,116.19,189.4,1.9858285149160215,4.1705073526519865,9.372127914229411,10.623275624708594
2004-07-30,1.428836331147476,16.2,3.159041394335516,5.6,1.03,96.7,116.19,189.4,1.0810400552226263,1.8534695284029956,8.394145783681184,9.95262202100986
2004-08-06,-3.4264605347861354,17.054,3.159041394335516,5.5,1.26,96.7,116.19,189.4,5.634564404347775,4.157070376668703,13.73723302388865,14.864143610138747
2004-08-13,0.0780170632495913,18.292,3.159041394335516,5.5,1.26,96.7,116.19,189.4,5.987039545139083,2.9057043564471474,13.816678096427747,12.70472398789293
2004-08-20,3.150819423302642,16.756,2.9363784665579207,5.5,1.26,96.7,116.213,189.3,1.0706978674398737,2.899802093494497,7.997447787391487,8.31247333341263
2004-08-27,0.8576541316247743,15.162,2.9363784665579207,5.5,1.26,95.9,116.213,189.3,2.1421396183651353,5.271854571292178,6.928333376676554,5.745779655690275
2004-09-03,0.5289893432972814,14.766,2.9363784665579207,5.4,1.26,95.9,116.213,189.3,0.7641685055460368,6.334243757191427,4.870557545733734,5.324033907360359
2004-09-10,0.9240087836518862,13.975,2.9363784665579207,5.4,1.43,95.9,116.213,189.3,-1.3986842621166118,4.130180089328395,4.220935613864607,5.096439692052512
2004-09-17,0.4119514468804874,13.958000000000002,2.990755845568249,5.4,1.43,95.9,116.62,189.4,-2.9072754573729043,4.793759536151221,6.5996169639166435,1.2467277196676285
2004-09-24,-1.6339606290133537,14.382,2.655826558265595,5.4,1.43,95.9,116.62,189.4,1.8097275121753187,7.301984457700295,8.574831749343904,3.784310592641038
2004-10-01,1.9268374242813024,13.55,2.655826558265595,5.4,1.43,94.2,116.62,189.4,3.0640781215477197,4.993371630578891,6.194429148945035,2.2403867066670635
2004-10-08,-0.8272192091526742,14.038,2.655826558265595,5.4,1.61,94.2,116.62,189.4,5.52783329059956,6.421652876001738,7.951768879457188,4.38536727102794
2004-10-15,-1.2422748760928748,15.485,2.655826558265595,5.4,1.61,94.2,116.666,189.4,5.607292671573139,9.197803483311006,10.27973731859917,4.137348824800613
2004-10-22,-1.1243423106384487,14.902,2.540540540540537,5.4,1.61,94.2,116.666,189.7,7.931629305698484,10.602885241606153,9.522328905600563,8.536700302641375
2004-10-29,3.1449031015222007,16.07,2.540540540540537,5.4,1.61,91.7,116.666,189.7,5.394628862814876,4.95398979413515,5.260137657991049,6.067959749413587
2004-11-05,3.1826308907676903,14.86,2.540540540540537,5.5,1.76,91.7,116.666,189.7,1.8719359297580507,1.573524862965714,0.4501916360532654,2.5596589228918276
2004-11-12,1.5435141807539132,13.455,2.540540540540537,5.5,1.76,91.7,116.666,189.7,0.8469988983293097,-1.376495623366536,-0.9500324769673996,1.1771908500409767
2004-11-19,-1.167913189133052,13.256,3.189189189189201,5.5,1.76,91.7,117.592,190.9,3.399870142400041,0.0871558317274701,0.9279342472040097,3.9834574977118287
2004-11-26,1.0518361290961842,12.7875,3.189189189189201,5.5,1.76,92.8,117.592,190.9,2.4749519238163042,1.723249013833117,-3.3847738951096495,0.7542317415009991
2004-12-03,0.7204176514917116,13.09,3.189189189189201,5.4,1.76,92.8,117.592,190.9,-0.41808493794620594,1.1862290320878266,-3.2782933911589818,0.27451139134655467
2004-12-10,-0.26612858184486,13.138,3.189189189189201,5.4,1.93,92.8,117.592,190.9,-0.2929276488846777,1.1439365168613325,-2.622055927109612,2.0084162753840618
2004-12-17,0.5218814117739834,12.368,3.3513513513513398,5.4,1.93,92.8,117.6,191.2,-2.2048197229324606,1.4377863546606084,-1.9134128722342103,2.8236555143339004
2004-12-24,1.3339519646860865,11.515,3.5752979414951147,5.4,1.93,97.1,116.956,191.2,-3.2037896238267582,0.9908018300510246,-4.63420920301183,1.9460759367260216
2004-12-31,0.1479212196439538,12.322,3.5752979414951147,5.4,1.93,97.1,116.956,191.2,-0.7335479508612242,-0.9769693924757905,-1.8681112472349826,1.8367556405090468
2005-01-07,-2.1230858147456733,13.844,3.5752979414951147,5.4,2.16,97.1,116.956,191.2,1.6110495254427537,0.29169721366129053,1.0613888595024878,3.391539679671318
2005-01-14,-0.1407803098566362,12.85,3.5752979414951147,5.4,2.16,97.1,117.813,191.2,1.4410855036302017,-1.105931125682602,0.970857377703993,3.872454189110308
2005-01-21,-1.4056346992473268,13.46,3.297297297297286,5.4,2.16,97.1,117.813,191.1,3.7247296515769523,0.43241532441444797,2.589328466422347,4.438847306382798
2005-01-28,0.2988337956250753,13.726,3.297297297297286,5.4,2.16,97.1,117.813,191.1,4.333425283465719,0.8400462661663166,3.8929087689683506,2.880411714273179
2005-02-04,2.703698635890084,11.902,3.297297297297286,5.2,2.16,95.5,117.813,191.1,-0.2452202497315481,-5.021490129801231,-0.9526015750837225,1.2460196228964326
2005-02-11,0.188691842761135,11.654,3.297297297297286,5.2,2.28,95.5,117.813,191.1,-1.2984338986195776,-4.412183817850401,-0.9010293687811144,3.001736511651343
2005-02-18,-0.3078140593638645,11.368,3.3513513513513398,5.2,2.28,95.5,117.667,191.2,-2.510833373546306,-3.7233991217487827,0.8547025044636669,3.0226674150512167
2005-02-25,0.8139240152690741,12.1475,2.960172228202373,5.2,2.28,95.5,117.667,191.3,-3.1740881255817643,-3.3036990921488485,1.3662257522338628,0.3236041804827172
2005-03-04,0.8874249852094174,12.297999999999998,2.960172228202373,5.4,2.28,94.1,117.667,191.3,-3.3482836471707356,-5.569825104001791,0.9459020914424743,0.5474146158553461
2005-03-11,-1.8034267625567035,12.53,2.960172228202373,5.4,2.5,94.1,117.667,191.3,-4.788011052730356,-0.8999339338453427,2.841485476380745,-0.3483044291787585
2005-03-18,-0.8691030616754802,13.092000000000002,2.960172228202373,5.4,2.5,94.1,118.393,191.3,-3.154711766207008,0.7674530068041863,3.0908266109068494,-0.2589062381196938
2005-03-25,-1.532381800919036,13.84,3.059581320450877,5.4,2.5,94.1,118.393,192.0,-1.2437953776429644,2.1000132030424723,5.034058535016639,0.6974374322197496
2005-04-01,0.1280497126332269,13.998,3.059581320450877,5.2,2.5,92.6,118.393,192.0,-0.13385979440626583,2.1476264760144526,3.9891821470457334,2.1732078299757873
2005-04-08,0.7059225621817822,13.178,3.059581320450877,5.2,2.63,92.6,118.393,192.0,-2.2985018173099614,3.0274306843771415,2.023368218932897,3.296652987322757
2005-04-15,-3.2661664112339395,13.772,3.059581320450877,5.2,2.63,92.6,118.527,192.0,4.0836003552433775,4.284009677850453,6.59887143024569,7.731351297703504
2005-04-22,0.8314225237258999,15.646,3.205128205128216,5.2,2.63,92.6,118.527,193.2,4.049928338839548,3.673223836789541,7.756135274995679,8.345486999753216
2005-04-29,0.4105458189074262,15.313999999999998,3.205128205128216,5.2,2.63,87.7,118.527,193.2,3.3859225285865824,4.755155026714908,7.006963764051899,9.629599927824595
2005-05-06,1.253403665644348,14.306,3.205128205128216,5.2,2.79,87.7,118.527,193.2,2.284544356799856,4.829476205954397,3.751232713739805,8.001876674122443
2005-05-13,-1.4769221085405015,15.11,3.205128205128216,5.2,2.79,87.7,118.527,193.2,5.451229101654387,6.900047789406782,6.478056115637254,9.126116011693686
2005-05-20,3.052725529930367,14.068,3.518123667377404,5.2,2.79,87.7,118.277,194.2,0.19254649332181017,3.7753954752446806,0.5566388868988081,6.561946309510169
2005-05-27,0.7988026172117468,12.522,3.518123667377404,5.2,2.79,86.9,118.277,194.2,-0.36204205813893386,2.3056786043265554,-1.0185424105683016,5.82926001226427
2005-06-03,-0.2302348803094323,12.41,3.518123667377404,5.1,2.79,86.9,118.277,194.2,1.3243896892729978,2.8736973090683016,-1.3737273158167418,4.370329817032292
2005-06-10,0.1747433810624254,12.282,3.518123667377404,5.1,3.0,86.9,118.277,194.2,2.4880903221087047,1.8028374564960759,0.025043512848865745,7.289812027957021
2005-06-17,1.573309280149804,11.506,2.8072033898304927,5.1,3.0,86.9,118.641,194.1,1.373922997479493,-0.974558385834301,0.26131128492410394,5.805451837514508
2005-06-24,-2.086347576207681,11.582,2.8072033898304927,5.1,3.0,86.9,118.641,194.1,3.5759635894289543,2.219766730821071,3.305724080328676,5.867892536486519
2005-07-01,0.2408583001044739,11.862,2.8072033898304927,5.1,3.0,96.0,118.641,194.1,2.677414027314895,3.938250675636179,4.5067212053896855,7.474635283190767
2005-07-08,1.4584277820451463,11.9725,2.8072033898304927,5.0,3.04,96.0,118.641,194.1,1.5290569472429238,2.1495922914368526,4.653179024809395,4.304956395616744
2005-07-15,1.3252404393145234,10.842,2.8072033898304927,5.0,3.04,96.0,119.657,194.1,-0.6686170690262117,-1.0285689972314827,3.026248516147656,3.1817988868013236
2005-07-22,0.4690867124473419,10.588,2.48152059134108,5.0,3.04,96.0,119.657,194.1,-2.316652363717031,-0.39475349403099713,2.0823828130295263,4.341477059820198
2005-07-29,0.0405291467991286,10.908,2.48152059134108,5.0,3.04,96.5,119.657,194.1,-1.30937411693679,-3.101656778666484,2.685174863949502,4.4766563706708284
2005-08-05,-0.6287583195249469,12.132,2.48152059134108,5.0,3.26,96.5,119.657,194.1,1.2279590991509215,-3.249302541407839,3.444169919018214,4.958328659389433
2005-08-12,0.3237039970705124,12.63,2.48152059134108,5.0,3.26,96.5,119.657,194.1,0.6111899025284862,-4.12877609728003,1.4548252343527412,4.147467769514979
2005-08-19,-0.8680218129037076,13.184,3.063919704173257,5.0,3.26,96.5,119.444,195.1,-0.3623748281601835,-1.7463107984656112,5.38980514546632,7.177119304265944
2005-08-26,-1.1978245500539275,13.675999999999998,3.063919704173257,5.0,3.26,89.1,119.444,195.1,1.9674785070246337,1.2480324759103212,6.846735659878078,8.119656258258633
2005-09-02,1.072113866654978,13.297999999999998,3.063919704173257,4.9,3.26,89.1,119.444,195.1,-1.8160617036245719,1.0623751004708248,3.5689044519854107,6.309418100985953
2005-09-09,1.9260735095740331,12.59,3.063919704173257,4.9,3.5,89.1,119.444,195.1,-4.422949628149042,0.5469310153463969,3.4023899618925935,4.35125981740383
2005-09-16,-0.287555687181884,12.132,3.59218172213418,4.9,3.5,89.1,119.678,196.1,-4.711171793515778,2.4509023259042584,2.1100075446513378,4.136807968556022
2005-09-23,-1.827272943318281,12.972,3.5374868004223847,4.9,3.5,89.1,119.678,196.1,-1.3889692452210056,4.096957548553304,4.254124489636846,7.8985252202366185
2005-09-30,1.11249324002356,12.518,3.5374868004223847,4.9,3.5,76.9,119.678,196.1,-0.7055642069885404,2.486953643463008,4.755001086782484,6.656840590271895
2005-10-07,-2.67820351481739,13.952000000000002,3.5374868004223847,5.1,3.62,76.9,119.678,196.1,2.9316778834096002,5.972064588759585,7.820890324230878,10.858766008905052
2005-10-14,-0.7801720824925362,15.7975,4.804646251319955,5.1,3.62,76.9,118.016,198.5,5.199868194466828,6.918267915629994,8.48327858753677,8.821228303705265
2005-10-21,-0.5882485470476984,15.148,4.638903531892469,5.1,3.62,76.9,118.016,198.5,7.516173988308816,5.824063889388165,8.632667373885706,7.412750702381055
2005-10-28,1.5954754537342186,14.826,4.638903531892469,5.1,3.62,74.2,118.016,198.5,5.563197901679406,7.262949617387515,9.082030583531742,6.821538344007427
2005-11-04,1.8132341893836168,13.964,4.638903531892469,5.0,3.62,74.2,118.016,198.5,3.2152031732237907,5.529690846387436,6.786920806568042,5.579683908186772
2005-11-11,0.8867790711855283,12.72,4.638903531892469,5.0,3.78,74.2,107.055,198.5,2.9537910659474864,2.4801805311054137,5.191885699597676,1.7336134860448382
2005-11-18,1.406224340600537,11.808,4.190675746464123,5.0,3.78,74.2,107.877,198.9,1.63346185756299,2.8399265076627156,3.78363492912257,0.26196411674435094
2005-11-25,1.6006136617983335,10.815,4.190675746464123,5.0,3.78,81.6,107.877,198.9,-1.5738191159077486,-0.3327396572540886,1.6455742256800354,-1.8726591760299671
2005-12-02,-0.2499541845308539,11.608,4.190675746464123,5.0,3.78,81.6,107.877,198.9,1.6101745205665985,0.15098130126451892,3.651948876517519,0.4047171163121588
2005-12-09,-0.4513517829582314,11.84,4.190675746464123,5.0,4.0,81.6,107.877,198.9,2.2423902700450693,2.2130108884001354,4.068700257513047,0.4851620552539959
2005-12-16,0.6312641402207886,10.894,3.6144578313253017,5.0,4.0,81.6,108.96,197.8,-0.4600224333057179,1.7446350060706717,4.611310951720227,-2.455575264029608
2005-12-23,0.1057418763548145,10.788,3.451882845188292,5.0,4.0,91.5,108.96,197.8,1.1870742450853067,1.4637448795389751,1.779827175630011,-2.2362172964273563
2005-12-30,-1.6056307102287448,11.65,3.451882845188292,5.0,4.0,91.5,108.96,197.8,1.2609241235471247,2.6540310221248253,1.5012528857836216,2.424116897412043
2006-01-06,2.9768652273539864,11.205,3.451882845188292,4.9,4.16,91.5,108.96,197.8,-1.4360699862854154,1.6959080210203092,-0.4115225946654033,-0.4737614105286947
2006-01-13,0.168037205782956,11.072,3.451882845188292,4.9,4.16,91.5,108.96,197.8,-0.02873503012532641,1.1913518840974469,0.047373456132060454,-1.6208320341263405
2006-01-20,-2.0285641936875654,12.675,3.399581589958167,4.9,4.16,91.5,109.762,197.7,2.2148462288925197,2.646077665397173,-0.7284989557897692,3.235067968012051
2006-01-27,1.7622003060539404,12.9,3.4536891679748827,4.9,4.16,91.5,109.762,197.7,0.27342487814556726,0.9176478956250289,-2.5067719109331144,0.8857068034051396
2006-02-03,-1.5338190458675571,12.778,3.4536891679748827,4.7,4.16,91.2,109.762,197.7,1.3757596137261796,1.9849184939276343,-1.5450605479474744,3.7166823081634215
2006-02-10,0.2341685615765421,13.09,3.4536891679748827,4.7,4.29,91.2,109.762,197.7,3.1776107211532123,3.4956897373993545,0.2533532989401843,2.520150431893464
2006-02-17,1.5982762418078833,12.28,3.4536891679748827,4.7,4.29,91.2,110.269,197.7,1.2204376073368994,1.8155118932353886,-1.6904392289477599,2.5185702892441597
2006-02-24,0.1701363765247654,11.905,4.079497907949792,4.7,4.29,91.2,110.269,199.0,0.4218872819502062,2.817520496759851,-4.1281884492972765,1.9659829948108554
2006-03-03,-0.170623698110317,11.83,4.0250914793517945,4.7,4.29,86.7,110.269,199.0,0.6424663546321874,0.3115224028704233,-3.6465854679019083,3.7771024490497185
2006-03-10,-0.4513518649807868,12.45,4.0250914793517945,4.8,4.49,86.7,110.269,199.0,0.6008920500547132,-1.1229740565109947,-0.2239698942394397,5.3198732294771345
2006-03-17,2.0157290481551016,11.512,4.077365394668053,4.8,4.49,86.7,110.878,199.1,0.3082829831229539,-2.072286542001356,-2.1334874468110554,4.465098115677013
2006-03-24,-0.3289385219449214,11.396,4.077365394668053,4.8,4.49,86.7,110.878,199.1,0.5878993412446798,-1.1305100748882912,-2.7790753516612754,5.038568392824061
2006-03-31,-0.620127891130462,11.39,3.697916666666656,4.8,4.49,88.9,110.878,199.1,2.3855688034258415,-3.2875845798874925,0.5738069257111178,6.3689768868002705
2006-04-07,0.0486539100595484,11.51,3.697916666666656,4.7,4.59,88.9,110.878,199.1,-0.32883132115981706,-3.3932814309147297,-0.03165065068991835,5.31069462200886
2006-04-14,-0.4924743251881525,12.5825,3.697916666666656,4.7,4.59,88.9,110.878,199.1,-1.7135694042434202,-3.4612755434866305,1.698058732418306,7.119587753235668
2006-04-21,1.7190047678744549,11.706,4.062500000000013,4.7,4.59,88.9,111.2088,199.8,-2.3732531893949638,-3.13282267762649,-0.9425893078070957,6.857415644712961
2006-04-28,-0.0510984633596334,11.738,3.4161490683229934,4.7,4.59,87.4,111.2088,199.8,-1.7083659440021437,-3.443435147543661,0.690521888988771,6.892970970008272
2006-05-05,1.1559521584141308,12.0,3.4161490683229934,4.7,4.79,87.4,111.2088,199.8,-5.540969737840151,-6.755374874339648,-0.8282027205429587,5.351643634538239
2006-05-12,-2.603790978531073,12.49,3.4161490683229934,4.7,4.79,87.4,111.2088,199.8,-3.0745602267684524,-3.945815770670713,3.4548175156398298,9.184967665415233
2006-05-19,-1.8749389052848064,15.47,4.037267080745344,4.7,4.79,87.4,112.2624,201.0,-1.778176426440159,0.9092144041481731,6.516020505784947,12.632686899477896
2006-05-26,1.036282059557725,16.619999999999997,3.501544799176104,4.7,4.79,79.1,112.2624,201.0,-0.7780342099333426,-0.06249600102828934,6.675724804380612,10.201847589283997
2006-06-02,0.6296038236033752,15.985,3.501544799176104,4.6,4.79,79.1,112.2624,201.0,-1.7652257185520104,-1.6674155778710453,6.2396179775835,10.09766042161273
2006-06-09,-2.7883376047488584,17.652,3.501544799176104,4.6,4.94,79.1,112.2624,201.0,-1.2856421806671792,3.992653361851173,9.984820898889012,12.56966429544395
2006-06-16,-0.0606891109152463,19.876,3.964984552008244,4.6,4.94,79.1,112.0991,201.9,-0.8988925363048628,3.4797070328197455,9.00970054862098,14.31755563653223
2006-06-23,-0.5625100949845363,16.362000000000002,4.0185471406491535,4.6,4.94,79.1,112.0991,201.9,2.736042493220192,5.344315770640828,10.96022695171255,14.945761349939746
2006-06-30,2.0650824565588533,14.783999999999995,4.0185471406491535,4.6,4.94,84.9,112.0991,201.9,0.7211489947891003,2.2610686409600955,10.313336878901701,11.965053407445602
2006-07-07,-0.3715927322127776,13.705,4.0185471406491535,4.6,4.99,84.9,112.0991,201.9,0.09956773596357937,4.281383707932629,10.705026771972005,14.453807014152531
2006-07-14,-2.313748913359281,15.498,4.0185471406491535,4.6,4.99,84.9,112.0991,201.9,5.347039335634118,6.356583176573416,12.98414626318889,16.329082300199026
2006-07-21,0.3308597356558529,17.107999999999997,4.224626481195259,4.6,4.99,84.9,113.2096,202.3,4.4183154771793465,7.704644358481527,13.67018370041655,17.35481163443837
2006-07-28,3.0847631248046348,14.744,4.224626481195259,4.6,4.99,84.7,113.2096,202.3,2.538810347491016,5.556287535032389,11.617841407798934,13.502787218721735
2006-08-04,0.0633480499398375,14.628,4.224626481195259,4.8,4.99,84.7,113.2096,202.3,1.5288940421546382,6.74243455737924,10.270762406091283,8.426874361255333
2006-08-11,-0.9864303449915734,14.884,4.224626481195259,4.8,5.24,84.7,113.2096,202.3,4.177656374100991,8.041112314826048,11.964575190028404,10.744112969920216
2006-08-18,2.8072105458019525,12.794,4.151717068170169,4.8,5.24,84.7,113.5293,203.2,0.9583030024440609,5.76210659438372,8.247708522012909,6.500030651148481
2006-08-25,-0.5536422281716469,12.304,4.151717068170169,4.8,5.24,84.7,113.5293,203.2,3.1472724553006426,5.344036695085874,10.473404800300745,10.888820333182657
2006-09-01,1.2292616239389045,12.19,4.151717068170169,4.7,5.24,82.0,113.5293,203.2,2.942765941320702,5.33100541779481,9.114346141089879,8.379034085756242
2006-09-08,-0.922187148096132,13.3525,4.151717068170169,4.7,5.25,82.0,113.5293,203.2,5.135031327200257,7.874226570243681,9.489422412116877,11.150799196259854
2006-09-15,1.596710308001703,11.88,4.407995899538686,4.7,5.25,82.0,113.7063,203.7,3.7085264491374614,6.159913529753758,9.754783590818494,10.09274646170837
2006-09-22,-0.3697925796355528,11.998,3.87557368689444,4.7,5.25,82.0,113.7063,203.7,4.758205565146434,6.231455438552724,9.376475649908024,12.89721037060061
2006-09-29,1.6025453550835067,11.786,3.87557368689444,4.7,5.25,85.4,113.7063,203.7,2.129735656109766,5.538794893634735,8.959843220722629,11.844142201202267
2006-10-06,1.0285578834066555,12.042,3.87557368689444,4.6,5.25,85.4,113.7063,203.7,2.3199682412219813,5.742484900063216,7.528210653535972,11.56129144766096
2006-10-13,1.187770337869365,11.245,3.87557368689444,4.6,5.25,85.4,113.7063,203.7,2.605406788265019,3.305459411098033,1.5780413954963768,10.268594555597144
2006-10-20,0.2182144725036972,11.138,2.115869017632233,4.6,5.25,85.4,113.1336,202.7,2.3637276167630894,3.631453611630353,2.501826015283659,11.26333677947542
2006-10-27,0.638608095154547,10.776,2.115869017632233,4.6,5.25,93.6,113.1336,202.7,1.4063336284336758,2.3501819391343215,0.6977206492254417,10.047629349520548
2006-11-03,-0.9467464326733066,11.278,2.115869017632233,4.4,5.25,93.6,113.1336,202.7,3.3379693148369194,4.869158488829917,5.263500253123854,12.610123201268063
2006-11-10,1.21673935291553,10.96,2.115869017632233,4.4,5.25,93.6,113.1336,202.7,3.3449156774292277,3.5918585494256305,2.8937620559790656,9.180246019985393
2006-11-17,1.4700504307997295,10.376,1.4077425842131674,4.4,5.25,93.6,113.6615,201.7,0.6822765434551181,1.497295408946897,3.0374008047998613,9.39980642289191
2006-11-24,-0.0178418504647281,10.185,1.4077425842131674,4.4,5.25,92.1,113.6615,201.7,1.2384523545424964,3.386278249046626,3.7046308735475098,7.252943428627057
2006-12-01,-0.3026510854886921,11.464,1.4077425842131674,4.4,5.25,92.1,113.6615,201.7,0.9307587375745552,2.9605357456243153,6.274746876553539,7.635086569931748
2006-12-08,0.940066674544182,11.714,1.4077425842131674,4.5,5.25,92.1,113.6615,201.7,1.48172949802019,3.2415078555101617,5.974435575015091,8.554160650124976
2006-12-15,1.2235431267521912,10.312,1.4077425842131674,4.5,5.25,92.1,112.3227,201.7,0.2389501896418622,1.6887495647188944,5.502808594953268,8.787815567577105
2006-12-22,-1.144283573271487,10.61,1.9716885743174872,4.5,5.25,91.7,112.3227,201.7,0.8094958650840756,-1.6721459112121972,6.740336071484632,8.742802813130712
2006-12-29,0.5344664585263281,11.1125,1.9716885743174872,4.5,5.25,91.7,112.3227,201.7,2.1215514901218757,-1.090043183780931,7.3644467021048765,2.8661003274544683
2007-01-05,-0.6056608330319513,11.896666666666668,1.9716885743174872,4.5,5.24,91.7,112.3227,201.7,2.011058901605267,-1.614517198310017,7.520697339809068,1.6563760137384032
2007-01-12,1.4910882460723365,11.28,1.9716885743174872,4.5,5.24,91.7,112.3227,201.7,1.7340839244607942,0.37603216234061154,7.381545560187441,1.601282876044885
2007-01-19,-0.0160743446974254,10.645,2.5278058645096024,4.5,5.24,91.7,112.4425,202.8,1.4463433349353405,-0.6738912721731882,5.3946203387146285,1.0793387910695396
2007-01-26,-0.5816110652962281,10.67,2.579666160849792,4.5,5.24,91.7,112.4425,202.8,-2.4617143008209386,1.5173856501768501,7.785932602543411,4.021286985218353
2007-02-02,1.8429425211744064,10.644,2.579666160849792,4.6,5.24,96.9,112.4425,202.8,-3.1448745412113066,0.30792541321005285,3.740017771281079,1.7674780499056908
2007-02-09,-0.713202656067391,10.612,2.579666160849792,4.6,5.25,96.9,112.4425,202.8,-3.5541010346852198,3.2189140304371477,4.540138403957394,1.0771448759602897
2007-02-16,1.2155250654721117,10.484,2.579666160849792,4.6,5.25,96.9,111.9282,202.8,-1.3349034165664242,2.647121081696868,5.145849673224534,1.9724610912106533
2007-02-23,-0.2988648569950625,10.3,2.758219524532124,4.6,5.25,96.9,111.9282,203.153,-2.090005945417228,3.750718783110707,6.981171499547267,5.13785662829902
2007-03-02,-4.411545011047979,15.862,2.086934673366825,4.6,5.25,91.3,111.9282,203.153,4.079526231648023,8.55554314762177,10.592063480749259,10.062209508050056
2007-03-09,1.1296323722816526,15.842,2.086934673366825,4.5,5.26,91.3,111.9282,203.153,3.5649119631676385,8.547663104933733,3.9997424309730745,11.031194132647194
2007-03-16,-1.1327033044104762,16.522,2.465326633165832,4.5,5.26,91.3,113.1433,203.906,7.0226055620656425,9.285124469564664,3.3245689495078556,12.60680657643871
2007-03-23,3.544470666598376,13.185999999999998,2.4138623807132165,4.5,5.26,91.3,113.1433,203.906,4.035899863429404,6.9792691013295105,1.2206606371156559,4.492693469814868
2007-03-30,-1.0618963836719453,14.28,2.4138623807132165,4.5,5.26,88.4,113.1433,203.906,5.9654019846757,6.109684239736746,1.7651250871479673,8.052872564850322
2007-04-06,1.6117016912399196,13.615,2.4138623807132165,4.5,5.26,88.4,113.1433,203.906,4.300573876567748,6.174850654613651,2.466475391387468,4.563778896960402
2007-04-13,0.6296036570363261,12.844,2.4138623807132165,4.4,5.26,88.4,113.1433,203.906,4.811234854849467,3.421556516030777,1.455072099919441,0.05850401625910884
2007-04-20,2.16815228890348,12.23,3.036664992466087,4.4,5.26,88.4,112.4866,205.146,2.114057021520521,1.2800215793111525,-2.074977415326529,-1.7253333629391188
2007-04-27,0.65483011843539,12.922,2.6756756756756594,4.4,5.26,87.1,112.4866,205.146,2.8291861191799716,2.4342899880639646,-0.6572614832025647,-3.572121589738675
2007-05-04,0.77305944456032,13.362,2.6756756756756594,4.5,5.26,87.1,112.4866,205.146,0.13615977702030602,3.113667793656205,1.3369910699974064,-1.6259069717551755
2007-05-11,0.0152748017093085,13.158,2.6756756756756594,4.5,5.25,87.1,112.4866,205.146,1.7969956524533925,1.8760168979653713,1.3879220873865172,-0.07902124551204537
2007-05-18,1.1222913761702369,13.547999999999998,3.1026026026026,4.5,5.25,87.1,113.0344,205.999,-1.3258868104580546,-4.189791418691535,2.2879636066532427,-3.5987554640042885
2007-05-25,-0.4610093272861548,13.404,2.4870646766169235,4.5,5.25,87.1,113.0344,205.999,-0.8167684905845962,-5.45413252625867,3.0394640835122333,-2.063033649408963
2007-06-01,1.3597399020364165,13.0475,2.4870646766169235,4.5,5.25,88.3,113.0344,205.999,-0.3840311744355507,-5.382919992432711,-2.3243527950816523,-3.7654410399360794
2007-06-08,-1.866118340525757,14.738,2.4870646766169235,4.5,5.25,88.3,113.0344,205.999,2.9734593610001747,-4.094403996880224,1.8313015810350386,-6.370096656638468
2007-06-15,1.674105706068563,14.738,3.177611940298508,4.5,5.25,88.3,112.6889,207.387,0.0776263042003622,-3.492705890672254,-1.5173760525399982,-8.603897926665748
2007-06-22,-1.9798928123122892,14.18,2.717682020802381,4.5,5.25,88.3,112.6889,207.387,-2.9023869743143416,-1.90142604922654,-3.2517906450677203,-11.804527624240269
2007-06-29,0.0525714088877693,16.568,2.717682020802381,4.5,5.25,85.3,112.6889,207.387,-4.675552475051048,-3.312597037719256,-2.9673719410662214,-11.490337781596672
2007-07-06,1.8019733435492349,15.13,2.717682020802381,4.5,5.25,85.3,112.6889,207.387,-5.0181601172304084,-3.018082588971671,-5.8636727784246006,-8.822293107227352
2007-07-13,1.441419424370216,16.012,2.717682020802381,4.5,5.25,85.3,112.6889,207.387,-6.863771890096637,-1.7230273752012915,-4.596456383353475,-14.248628723832546
2007-07-20,-1.1851867577496011,15.88,2.914314016840014,4.5,5.25,85.3,113.3704,207.784,-3.567562827699444,-0.47910668814985513,-1.919036690878384,-12.001172562514617
2007-07-27,-4.8986393070868495,19.674,2.7108255066732534,4.5,5.25,90.4,113.3704,207.784,1.0308810833722593,6.761027996142466,0.6168820248268592,-7.254530269204851
2007-08-03,-1.7745565951271636,22.888,2.7108255066732534,4.6,5.25,90.4,113.3704,207.784,1.4298068047811752,8.983572562946573,3.586723531614444,-7.147645564237659
2007-08-10,1.4360846868401556,24.146,2.7108255066732534,4.6,5.26,90.4,113.3704,207.784,2.1057472994072457,3.232574073419392,1.7094999680473233,-11.025427060083404
2007-08-17,-0.5297097744003554,29.148000000000003,2.831438457736035,4.6,5.26,90.4,113.8604,208.028,5.519597066813908,6.1786859420825735,-2.3728465851817426,-10.913311282095407
2007-08-24,2.3119946239554823,23.562,2.3759842519684997,4.6,5.26,90.4,113.8604,208.028,3.202715009713275,2.046819213369022,-5.296171738276378,-10.129986808316415
2007-08-31,-0.3636686495312013,24.254,2.3759842519684997,4.6,5.26,83.4,113.8604,208.028,5.671678650453038,-1.376538456633225,-10.095051514187315,-10.771444893326876
2007-09-07,-1.386708291214378,24.395,2.3759842519684997,4.6,5.02,83.4,113.8604,208.028,7.447283984976849,0.3570528177157861,-8.457917467353681,-5.720478939208085
2007-09-14,2.112067018031194,25.458,2.3759842519684997,4.6,5.02,83.4,114.4254,208.028,1.1035879995157316,-2.934145112219999,-5.984837867925741,-10.20178837428417
2007-09-21,2.79602492841502,21.262,1.982326951399127,4.6,5.02,83.4,114.4254,207.738,0.6246127672865587,-2.9238070032156505,-12.745204714894331,-8.87563781388252
2007-09-28,0.065541536949043,18.12,1.982326951399127,4.6,5.02,83.4,114.4254,207.738,-1.120024600356151,-1.446862015412631,-11.577534617037799,-8.443427815928416
2007-10-05,2.0199748367651926,18.096,1.982326951399127,4.7,4.94,83.4,114.4254,207.738,-6.669920642030059,-5.755045719059215,-13.127972377573705,-9.225145549173796
2007-10-12,0.2702946924542537,17.35,1.982326951399127,4.7,4.94,83.4,114.4254,207.738,-6.598799806100642,-4.951983959064155,-14.801513427968437,-11.110258298522135
2007-10-19,-3.916637343635032,19.854,2.2542955326460445,4.7,4.94,83.4,114.357,208.292,-3.9936595640454153,-1.4753813116089476,-13.811533095515472,-5.016561647569717
2007-10-26,2.3090318267205534,20.716,2.758756783423788,4.7,4.94,80.9,114.357,208.292,-3.52639346668453,-8.05390691303992,-16.097390048226067,-10.379212426733375
2007-11-02,-1.669402610190307,21.138,2.758756783423788,4.7,4.94,80.9,114.357,208.292,-0.33053953920952894,-7.195707821418706,-11.932567928673055,-7.238102723421658
2007-11-09,-3.706161847935807,25.37,2.758756783423788,4.7,4.76,80.9,114.357,208.292,0.980257307466581,-8.840201835463246,-9.526035985425773,-6.3988374895349365
2007-11-16,0.3467042190128167,25.8975,3.0601874691662534,4.7,4.76,80.9,113.9957,208.903,1.7631634750064684,-8.78360816462057,-6.055908963332013,-6.766796111597628
2007-11-23,-1.2366863994454191,25.835,3.5711452652454234,4.7,4.76,76.1,113.9957,208.903,2.6230332715539983,-3.142910304795321,-7.487332461519491,-8.521545194825286
2007-11-30,2.806973335680918,25.228,3.5711452652454234,4.7,4.76,76.1,113.9957,208.903,-4.693007350971046,-10.117205267829178,-6.131092111187386,-13.689455943417483
2007-12-07,1.5879673291274043,22.348000000000003,3.5711452652454234,4.7,4.49,76.1,113.9957,208.903,-6.887935632911246,-10.279401355246042,-7.099282624171699,-16.067417507864334
2007-12-14,-2.4397592927246303,22.526,4.39514129895886,4.7,4.49,76.1,113.9019,210.565,-9.725127866359372,-7.823152671426914,-3.682000650952988,-15.563198238136033
2007-12-21,1.1246984103541855,21.578,4.39514129895886,4.7,4.49,75.5,113.9019,210.565,-10.364036729476666,-10.362688122456154,-6.479119287251289,-15.074836177139828
2007-12-28,-0.402164481375078,19.565,4.39514129895886,4.7,4.49,75.5,113.9019,210.565,-5.618566702361916,-12.520882545024314,-3.594208618214134,-14.929420011410377
2008-01-04,-4.522180453921343,23.025,4.39514129895886,5.0,4.49,75.5,113.9019,210.565,-5.691290603232968,-8.748042320383142,-2.5289878401839827,-10.719518979169361
2008-01-11,-0.7516123428138122,24.094,4.39514129895886,5.0,4.24,75.5,113.9019,210.565,-3.6423483308931304,-5.104139039322986,-0.04568204875842197,-7.47313184555477
2008-01-18,-5.412490690202343,25.252,4.690133862171542,5.0,4.24,75.5,113.9673,211.16,2.106871103751695,-0.7523427692595619,2.67811512869065,-2.0366884316775136
2008-01-25,0.4090012892461914,29.2225,4.122287968441807,5.0,4.24,75.5,113.9673,211.16,0.0015045378788602903,2.990360774422296,2.21101932716512,-2.8866485749045268
2008-02-01,4.870702858631137,26.588,4.122287968441807,4.9,4.24,78.4,113.9673,211.16,-7.313213628463866,-4.485394069133619,-5.553165913776381,-8.068544548944212
2008-02-08,-4.595749155322137,27.774,4.122287968441807,4.9,3.94,78.4,113.9673,211.16,-3.2412189040675776,4.434789960102448,-3.9743431278841834,-6.683741172690638
2008-02-15,1.4046489212105495,25.874,4.378698224852062,4.9,3.94,78.4,114.2334,211.68,-1.5170468386357605,3.5444689169606747,-6.451156412292535,-7.2807976187612695
2008-02-22,0.2311124630372862,24.7925,4.790927021696234,4.9,3.94,78.4,114.2334,212.516,-2.800216912048925,4.492616248538428,-8.396951936443454,-7.244793871756494
2008-02-29,-1.661356483368892,23.538,4.608841611987025,4.9,3.94,70.8,114.2334,212.516,2.9888112687457946,4.332536031993395,-5.256904692904085,-8.819881178156486
2008-03-07,-2.800178083231064,26.288,4.608841611987025,4.8,2.98,70.8,114.2334,212.516,3.050941423295095,10.20434840509752,-2.7532713365857497,-15.01040037896092
2008-03-14,-0.404368470622829,28.282,4.635914803128682,4.8,2.98,70.8,114.2334,212.571,7.9331392740050966,6.815255955421917,-2.1604760148905444,-30.19237346271376
2008-03-21,3.2116070183937584,28.6225,4.249507125832497,4.8,2.98,70.8,113.6597,212.571,5.139484137222361,5.330534903583084,-2.4964132073299283,-29.255892706007124
2008-03-28,-1.0748350112098182,25.824,4.249507125832497,4.8,2.98,69.5,111.9137,212.571,7.5029315178496425,3.4564623424558683,-1.2940815917014237,-33.33662512267638
2008-04-04,4.195499987841411,23.476,4.249507125832497,5.1,2.98,69.5,111.9137,212.571,1.3047288794713507,-0.756712998572906,-5.706368348586643,-29.308962146712958
2008-04-11,-2.741540257592945,22.606,4.249507125832497,5.1,2.61,69.5,111.9137,212.571,6.941622155996496,-1.1179147254353983,-3.751416283289799,-30.14937982109882
2008-04-18,4.314128725783295,21.526,3.9752176498688794,5.1,2.61,69.5,112.1281,213.301,-1.0357183401710102,-8.052041940429245,-10.646386263658625,-37.188293021790145
2008-04-25,0.5401602499406799,20.256,3.9752176498688794,5.1,2.61,62.6,112.1281,213.301,0.1817117212705499,-9.653461390843965,-10.454702843088093,-42.76669369462599
2008-05-02,1.1489196894098883,19.546,3.9752176498688794,5.0,2.61,62.6,112.1281,213.301,-3.7640547269372826,-12.335386602172594,-11.232765090671249,-36.61220915490203
2008-05-09,-1.8120089592476465,19.130000000000003,3.9752176498688794,5.0,2.28,62.6,112.1281,213.301,-2.034892053752879,-9.19122748243838,-12.60624701590377,-36.89529570140662
2008-05-16,2.6702066951029613,17.240000000000002,3.759241549716253,5.0,2.28,62.6,111.1807,213.743,-7.53638921773171,-11.757811673685204,-22.879994436673357,-38.279721083440734
2008-05-23,-3.4672131561713004,18.156,3.759241549716253,5.0,2.28,62.6,111.1807,213.743,-7.089753477295502,-8.40304307659796,-34.6463893075165,-35.470556625450165
2008-05-30,1.776976315469847,18.67,3.759241549716253,5.0,2.28,59.8,111.1807,213.743,-9.817333865764144,-7.4308443587394635,-32.83608845359966,-37.674060987038516
2008-06-06,-2.8349413040353437,20.612,3.759241549716253,5.5,1.98,59.8,111.1807,213.743,-8.906580437189826,-4.591829090803701,-35.56383683731787,-31.519537950769394
2008-06-13,-0.0477720248995838,22.994,4.433516667556647,5.5,1.98,59.8,111.1807,215.132,-7.304983966957012,-4.987395620967838,-28.769955138355552,-34.534535531818975
2008-06-20,-3.095518089972093,21.754,3.734563882982056,5.5,1.98,59.8,110.9051,215.132,-4.565496004578529,-2.663274697880791,-29.35968129621469,-35.49581840679043
2008-06-27,-3.0009216890352186,22.714,3.734563882982056,5.5,1.98,56.4,110.9051,215.132,-1.4135035138256091,-2.8215355489989213,-31.68776305231734,-34.92154061942675
2008-07-04,-1.2109060224364976,24.5775,3.734563882982056,5.5,1.98,56.4,110.9051,215.132,2.6462840469502424,-0.8868535137913303,-36.65135689041906,-34.60448262593159
2008-07-11,-1.8536727949268084,25.448,3.734563882982056,5.5,2.0,56.4,110.9051,215.132,4.736622433425097,1.2577726277050782,-27.692841628764974,-29.92279224282447
2008-07-18,1.7095792336778493,26.236,4.82961805706239,5.5,2.0,56.4,111.7251,217.403,2.500229726658687,-3.7606713963730276,-30.508140844664,-34.41317450676063
2008-07-25,-0.2316245058940236,22.378,4.62932660840103,5.5,2.0,61.2,111.7251,217.403,1.9932217668244823,-12.60415564702333,-30.05581560565901,-38.77607955300928
2008-08-01,0.2027452620790626,22.596,4.62932660840103,5.7,2.0,61.2,111.7251,217.403,-1.4282199747008617,-28.650893121771016,-29.550668993826314,-41.67387446897948
2008-08-08,2.857224494065558,21.334,4.62932660840103,5.7,2.01,61.2,111.7251,217.403,-3.4420511112954633,-27.444610376824485,-32.670943597565724,-47.28307569137507
2008-08-15,0.1450263022021891,20.552,5.485022908404891,5.7,2.01,61.2,111.8419,219.181,-3.321521856341425,-32.46263653454948,-28.2236925866589,-41.72315388626866
2008-08-22,-0.4621784182462729,20.262,5.361297517641872,5.7,2.01,61.2,111.8419,219.181,-6.108182527715211,-25.03095212769071,-31.09812651064614,-40.52468603404854
2008-08-29,-0.725119600003854,20.26,5.361297517641872,5.7,2.01,63.0,111.8419,219.181,-14.312105413455933,-27.42685919982626,-33.73088996676448,-36.39531111739779
2008-09-05,-3.158633556200652,22.6275,5.361297517641872,6.1,2.0,63.0,111.8419,219.181,-27.617106173879847,-29.70434619068636,-33.03201511957743,-32.182791713553414
2008-09-12,0.7558413065377634,24.536,5.361297517641872,6.1,2.0,63.0,111.8419,219.181,-24.858190901709253,-36.08452021206317,-34.019330742195706,-31.56826468223001
2008-09-19,0.2700331560808955,32.678,5.216605456957724,6.1,2.0,63.0,110.3034,218.88,-30.142297683778253,-28.59100442877891,-30.793255728793547,-30.71357953006406
2008-09-26,-3.3312568113083363,34.464,5.3634866995927455,6.1,2.0,70.3,110.3034,218.88,-20.1538005221394,-27.79266006567187,-31.850287772303087,-28.603693611136915
2008-10-03,-9.3993947947844,43.264,5.3634866995927455,6.1,2.0,70.3,110.3034,218.88,-15.305258519480292,-19.96852377574322,-29.946416903167716,-20.16957005147867
2008-10-10,-18.19546530930076,59.426,5.3634866995927455,6.1,1.81,70.3,110.3034,218.88,-2.8836095194266997,-1.2610891872703367,-18.252479837532785,3.3373379977492457
2008-10-17,4.596207650673811,65.58,5.331234535809526,6.1,1.81,70.3,107.254,218.813,-14.940190348184302,-7.203232244888724,-27.342510897651916,-6.131517054769276
2008-10-24,-6.781135409015371,64.532,5.051082134695517,6.1,1.81,70.3,107.254,218.813,2.2206474068917625,6.276442742777588,-13.711695092238063,1.1667803689523248
2008-10-31,10.490776192133657,67.954,5.051082134695517,6.1,1.81,57.6,107.254,218.813,-9.566966985887094,-8.09290574596776,-20.6668409778226,-5.1210307459677695
2008-11-07,-3.897807459677416,55.15,5.051082134695517,6.5,0.97,57.6,107.254,218.813,-5.505967873265782,-8.686451623054358,-12.357811469487977,0.9774580518103093
2008-11-14,-6.197704896108003,63.145,5.051082134695517,6.5,0.97,57.6,107.254,218.813,1.6706967012750873,-4.733818875798201,-3.5257450333844864,8.350037877456252
2008-11-21,-8.38896020494293,72.91600000000001,3.737141161208801,6.5,0.97,57.6,107.2854,216.71,9.09590338253292,3.231125662702472,7.06598079967089,15.149425238249448
2008-11-28,12.02579370952568,59.09,3.737141161208801,6.5,0.97,55.3,107.2854,216.71,3.9676869974630824,-3.0839970264225136,-2.9724197691146315,2.528344464272525
2008-12-05,-2.250511373062214,63.15599999999999,3.737141161208801,6.7,0.39,55.3,107.2854,216.71,1.630003098192323,-5.6194116973726,-1.1232009740321347,2.3228709367750566
2008-12-12,0.4177717664036739,56.638,3.737141161208801,6.7,0.39,55.3,107.2854,216.71,-3.3658038271908497,-12.467461051780893,-0.25120900578179395,-0.06819997036106029
2008-12-19,0.926423402067056,50.248000000000005,1.1849072732885269,6.7,0.39,55.3,106.1173,213.06,-6.2992738172049645,-17.20840397205585,4.657158102281533,5.912961178456699
2008-12-26,-1.6984296309087488,44.2925,1.1849072732885269,6.7,0.39,60.1,106.1173,213.06,-5.375800133636766,-21.70256479828082,1.1549057322208567,12.197527894318604
2009-01-02,6.75985344009824,41.18,1.1849072732885269,6.7,0.39,60.1,106.1173,213.06,-6.782572766149597,-18.80768429876152,-4.807897443643516,5.9755305221309785
2009-01-09,-4.448380848899602,41.282,1.1849072732885269,7.2,0.16,60.1,106.1173,213.06,-7.133144322115903,-13.681136732601207,3.2335643120058988,13.49244770897593
2009-01-16,-4.518445731665766,47.072,0.4392942796761057,7.2,0.16,60.1,103.5966,211.49,-9.418671221017593,-4.020608016762328,10.583215576041049,18.111564558254756
2009-01-23,-2.1373433179455503,49.4075,0.1562795984088039,7.2,0.16,60.1,103.5966,211.49,-11.642524662582588,1.2681035685042419,13.733999409713515,23.34034374981888
2009-01-30,-0.7296120241787052,43.014,0.1562795984088039,7.2,0.16,61.2,103.5966,211.49,-17.25432255987599,3.714824489561841,11.545257788323294,24.58590202301081
2009-02-06,5.172660731650325,43.906,0.1562795984088039,7.6,0.15,61.2,103.5966,211.49,-12.900068033893552,0.11512779508491278,5.790933714244484,17.015893735021503
2009-02-13,-4.807730820196998,43.804,0.1562795984088039,7.6,0.15,61.2,103.5966,211.49,-7.050946608117692,4.763914703438354,8.415165424357252,26.110244618215518
2009-02-20,-6.86832243456773,48.375,0.2333711262282767,7.6,0.15,61.2,101.337,212.174,5.9593552854876775,13.95624095083745,14.165316384521564,38.73125975756031
2009-02-27,-4.539959936587801,46.758,-0.1609290594590473,7.6,0.15,56.3,101.337,212.174,14.611812053008544,26.410364243923024,27.927188579271412,42.075115527061136
2009-03-06,-7.034515512862938,50.128,-0.1609290594590473,8.1,0.22,56.3,101.337,212.174,25.34168272972497,29.193128065579053,43.296555762346436,50.02047961782334
2009-03-13,10.70707108597706,44.24,-0.1609290594590473,8.1,0.22,56.3,101.337,212.174,14.942831222925768,17.24274857073016,30.524089141744316,41.62844590879704
2009-03-20,1.5848245889676926,42.834,0.205107940405802,8.1,0.22,56.3,99.7298,213.007,12.711115261974125,19.595602171229622,31.480470679275243,41.525500924850945
2009-03-27,6.167541802539267,41.962,0.205107940405802,8.1,0.22,57.3,98.7849,213.007,7.547125634922636,15.215582523541983,23.05929649865086,32.31364712547784
2009-04-03,3.25514100045623,42.74,0.205107940405802,8.5,0.22,57.3,98.7849,213.007,10.294359699554857,12.309794892896875,21.795846276891684,22.989904024480712
2009-04-10,1.6688424401891666,39.175,0.205107940405802,8.5,0.18,57.3,98.7849,213.007,3.072757004674176,7.549965337452336,20.12352393803598,24.836561580729068
2009-04-17,1.5223659830614134,36.276,0.0672716410046625,8.5,0.18,57.3,97.3755,212.714,2.0009228268823787,5.6692790032459195,16.88133083596417,25.74517147749027
2009-04-24,-0.387533947999108,37.678,-0.275197959690765,8.5,0.18,57.3,97.3755,212.714,6.108081614891225,3.4852179123457727,20.37565126809502,25.99194549837971
2009-05-01,1.3033535339414648,36.83,-0.275197959690765,8.5,0.18,65.1,97.3755,212.714,7.130322491974894,0.18346992840381215,21.740817878865727,24.383485953679298
2009-05-08,5.892738602718395,33.166,-0.275197959690765,8.9,0.15,65.1,97.3755,212.714,1.8273238983680828,1.1999208644170256,12.391983344744784,19.021125417287866
2009-05-15,-4.987998295379603,32.562,-0.295357265085483,8.9,0.15,65.1,97.0723,212.671,4.343735884133881,10.916546342626221,16.12109859409263,25.318279727780848
2009-05-22,0.4666540293586596,30.410000000000004,-0.5015368924362495,8.9,0.15,65.1,97.0723,212.671,3.596395086140114,11.328069951381114,20.799322461598123,24.291992187500043
2009-05-29,3.623451482349216,30.8925,-0.5015368924362495,8.9,0.15,68.7,97.0723,212.671,-2.4718792976249016,9.937546441740896,18.33671000897126,22.55803931021525
2009-06-05,2.279305859080072,30.098000000000003,-0.5015368924362495,9.4,0.18,68.7,97.0723,212.671,-6.484487680032414,6.807858627548202,14.840062626461359,18.616296708929482
2009-06-12,0.6510009618609036,28.552,-0.5015368924362495,9.4,0.18,68.7,97.0723,212.671,-0.6161440858224232,8.446325979885483,9.509508179379033,21.00695975315281
2009-06-19,-2.6400102433736583,30.610000000000003,-1.0486584980384128,9.4,0.18,68.7,95.8402,212.876,6.299190270310984,11.690899723800419,16.073083974539458,23.316658530677504
2009-06-26,-0.2529179579568108,28.618,-1.0486584980384128,9.4,0.18,70.8,95.8402,212.876,7.4632663219720285,10.610512287467945,18.998797629373065,18.811620498300343
2009-07-03,-2.446407759999858,26.4675,-1.0486584980384128,9.5,0.18,70.8,95.8402,212.876,12.723946334652991,16.321590364776316,21.748736718221462,19.795410141455516
2009-07-10,-1.9287809684042532,29.99,-1.0486584980384128,9.5,0.21,70.8,95.8402,212.876,14.214054949621847,21.517869131372503,24.155697584212234,21.277846903698027
2009-07-17,6.967115177483296,25.396,-0.3128311920123416,9.5,0.21,70.8,95.3964,214.459,9.11865411373627,11.059358925114537,17.609899692260477,14.369723322610618
2009-07-24,4.134499317396445,23.652,-1.35416714580755,9.5,0.21,66.0,95.3964,214.459,5.072201810548793,4.69231365660201,12.984296626643022,13.26614309623244
2009-07-31,0.8394063498102344,25.244,-1.35416714580755,9.5,0.21,66.0,95.3964,214.459,2.9286714178837547,8.507515233447638,11.644792047307128,11.84935513427634
2009-08-07,2.329161143001812,25.156,-1.35416714580755,9.4,0.16,66.0,95.3964,214.459,3.1915525911794695,7.6399408928789825,11.479693041141603,12.689016426000377
2009-08-14,-0.6323681554103677,25.082,-1.3495673932742425,9.4,0.16,66.0,95.9709,214.469,6.3948471008863805,7.520236902157573,11.055776450456456,14.530565932999483
2009-08-21,2.1950201115299217,26.086,-2.149821380502881,9.4,0.16,66.0,95.9709,214.469,1.7785270787480822,0.9803764119134417,11.5823506788022,13.036361756766567
2009-08-28,0.272874666445877,24.89,-2.149821380502881,9.4,0.16,65.7,95.9709,214.469,-0.3615496272094232,3.9234926583774365,10.408868435679498,13.37893782117563
2009-09-04,-1.2177727000668548,27.284,-2.149821380502881,9.7,0.16,65.7,95.9709,214.469,5.420106699827265,7.583623986935928,7.414402158737277,15.909085722926065
2009-09-11,2.5905111592127605,24.41,-2.149821380502881,9.7,0.16,65.7,95.9709,214.469,4.31080664065886,4.665639746177863,2.9863929523191723,14.54259659631818
2009-09-18,2.452223378854046,23.708,-1.577119883040934,9.7,0.16,65.7,97.4422,215.428,1.057748407875514,2.1707329726034175,-0.19752010909191986,11.591308658136246
2009-09-25,-2.239075433119342,24.238,-1.577119883040934,9.7,0.16,73.5,97.4422,215.428,-0.7842033970653639,5.898233908916106,2.9807162849987634,16.555279075212038
2009-10-02,-1.835542987771344,26.526,-1.577119883040934,9.8,0.16,73.5,97.4422,215.428,4.300591056519476,7.92033596395556,8.189550063582661,15.750918018889081
2009-10-09,4.514200120973699,24.904,-1.577119883040934,9.8,0.15,73.5,97.4422,215.428,2.05228144311127,2.891299102287781,3.0798234515267753,3.6761906324315197
2009-10-16,1.510985975055279,22.25,-1.411275584795324,9.8,0.15,73.5,98.4622,215.791,0.3401690744673891,3.567218744651557,4.690708199241889,4.4130624475675395
2009-10-23,-0.7428726947260378,21.514,-1.3810879609529536,9.8,0.15,73.5,98.4622,215.791,1.1013352090883721,3.288254983586225,6.52000891443465,0.7493484626953206
2009-10-30,-4.020936936028308,26.5,-1.3810879609529536,9.8,0.15,70.6,98.4622,215.791,6.7352554076896,10.499044114909806,11.938938804976363,5.136132927637815
2009-11-06,3.1953704720333542,27.186,-1.3810879609529536,10.2,0.12,70.6,98.4622,215.791,3.470493187785073,6.240529077117429,9.098467459980908,-0.4133586218533547
2009-11-13,2.261285938135371,23.3975,-1.3810879609529536,10.2,0.12,70.6,98.4622,215.791,0.8221449313156493,-0.15729329606816167,7.738595733678877,-0.1719286055888447
2009-11-20,-0.1920451790107136,22.35,-1.1096232856365962,10.2,0.12,70.6,98.6271,216.385,3.216109460398875,-1.6043916589350449,9.436675564294749,2.394216933231985
2009-11-27,0.0100776403333835,21.74,-0.1499700059988118,10.2,0.12,67.4,98.6271,216.385,2.163096827529598,-2.317936861948877,9.220424882396472,-1.349529597205712
2009-12-04,1.327542200479881,22.252,-0.1499700059988118,10.0,0.12,67.4,98.6271,216.385,3.5262844435457685,-2.755020094505767,10.063477711500003,-7.540820345008337
2009-12-11,0.0388844028402113,22.472,-0.1499700059988118,10.0,0.12,67.4,98.6271,216.385,2.6771263999922246,0.24945632092636671,7.255891102441336,-2.5713860470617855
2009-12-18,-0.3561124135577631,21.474,1.966582183422516,10.0,0.12,67.4,99.4398,217.25,-0.9714514882132597,0.18322671682038383,0.7628356692857441,-3.409613578530324
2009-12-25,2.177837982318209,19.8025,1.966582183422516,10.0,0.12,72.5,99.4398,217.25,-4.670299185403226,1.0847925320465857,0.8167098751598489,-2.114546791959071
2010-01-01,-1.0102269973832123,20.395,1.966582183422516,10.0,0.12,72.5,99.4398,217.25,-4.3861568693862925,3.1288687483025157,-2.458078627908211,-1.2106537795327887
2010-01-08,2.679580803246973,19.148,1.966582183422516,10.0,0.12,72.5,99.4398,217.25,-6.067352433069118,1.3030833900872008,-4.8533552758113,-2.038460603543313
2010-01-15,-0.7816687911181619,17.838,2.103163428142296,10.0,0.12,72.5,100.3043,217.541,-2.3643728298438638,2.690064147542981,-6.263040815751997,-4.998109894332458
2010-01-22,-3.8969057498110415,21.46,2.861128185729811,10.0,0.12,72.5,100.3043,217.541,1.1660053816665128,7.908328299993994,-0.014658366147946023,-1.8383223583802843
2010-01-29,-1.6386398556838544,24.29,2.861128185729811,10.0,0.12,74.4,100.3043,217.541,6.03703952521859,11.221097576792815,4.063807988570778,-0.8641669232841154
2010-02-05,-0.7151753700036512,23.572,2.861128185729811,9.7,0.11,74.4,100.3043,217.541,7.859767342917978,11.812160158860042,0.9913869892106852,3.594112725245968
2010-02-12,0.8741470911911131,24.92,2.861128185729811,9.7,0.11,74.4,100.3043,217.541,7.846511318553651,13.181655051461982,-4.921385407404644,3.1650136914966653
2010-02-19,3.129681162802256,21.155,2.882878623102747,9.7,0.11,74.4,101.0516,217.587,5.176836697712961,6.989000278550583,-2.8138231083846166,1.4803791325443516
2010-02-26,-0.4219419498826871,20.236,2.551207970816405,9.7,0.11,73.6,101.0516,217.587,6.6646131700969224,0.5785488963174101,-3.5862692918708805,4.000041114140074
2010-03-05,3.097353641950207,18.658,2.551207970816405,9.7,0.13,73.6,101.0516,217.587,4.888912473213058,-0.26520572498746064,-3.1650055798366994,0.6621620607553558
2010-03-12,0.9914849869696596,17.984,2.551207970816405,9.7,0.13,73.6,101.0516,217.587,3.6643809951640627,-5.417442704473274,-4.207863986587879,1.3182753161701477
2010-03-19,0.8617496033741734,17.238,2.5530932159454123,9.7,0.13,73.6,100.9862,217.591,4.946978504617117,-6.077247068770808,-3.2985609932160376,1.4044242304775967
2010-03-26,0.5767687960545942,17.387999999999998,2.152041951672956,9.7,0.13,73.6,100.9862,217.591,1.7229683243335403,-8.718569841802193,-7.486774992008261,1.413520664287482
2010-04-02,0.9866371306846976,17.445,2.152041951672956,9.7,0.13,73.6,100.9862,217.591,-5.705795101955835,-7.342331023899651,-9.032343297245593,0.43799628950165204
2010-04-09,1.3810389498699394,16.498,2.152041951672956,9.7,0.16,73.6,100.9862,217.591,-4.9138827705137995,-6.435190574594218,-10.865982051411272,2.6356975307020303
2010-04-16,-0.1875457557986681,16.324,2.216828554930128,9.7,0.16,73.6,101.61,217.729,-8.760794799962213,-9.677635379081739,-7.3498691215142635,0.5938912724021694
2010-04-23,2.109671286776704,16.496000000000002,2.3576257322038163,9.7,0.16,73.6,101.61,217.729,-10.504566906519264,-15.994677274011792,-8.850057330766958,-1.441742935539858
2010-04-30,-2.5129869179152164,20.37,2.3576257322038163,9.7,0.16,72.2,101.61,217.729,-10.264680964523109,-9.162459095246344,-5.148773361433667,0.22837330234726227
2010-05-07,-6.3883524986822815,28.538,2.3576257322038163,9.9,0.2,72.2,101.61,217.729,-1.7355636263260643,-4.140861280949338,3.4018110773796906,10.246827339978548
2010-05-14,2.2324687382181407,28.12,2.3576257322038163,9.9,0.2,72.2,102.2666,217.729,-1.5999263072324355,-2.907510739785768,0.929833758102161,9.220904282059195
2010-05-21,-4.225671847266799,37.12,2.3077899666621216,9.9,0.2,72.2,102.2666,217.579,-1.0048756750011045,1.2788602385807923,7.121522417286097,14.362557455616788
2010-05-28,0.1581418295744763,33.94,2.3077899666621216,9.9,0.2,73.6,102.2666,217.579,-6.134514553114623,2.9584802285228307,7.965770876335521,15.362442065037719
2010-06-04,-2.2516801321135094,32.6625,2.3077899666621216,9.7,0.2,73.6,102.2666,217.579,1.2283032825023854,1.3494473603876678,11.099837599531416,18.1015709640296
2010-06-11,2.5092001521866747,32.672000000000004,2.3077899666621216,9.7,0.2,73.6,102.2666,217.579,-2.447780441620351,-1.8239313507679933,8.396851981467579,16.480398354488536
2010-06-18,2.373583250199296,25.874,2.1408654682584904,9.7,0.2,73.6,103.538,217.224,-1.3288449728564022,-4.735531984757035,9.694764688777525,15.725137039766235
2010-06-25,-3.6464997757421846,27.422000000000004,2.04250361712921,9.7,0.2,76.0,92.5537,217.224,2.3069175670555664,2.57717594898792,11.372074562699265,19.18625914285952
2010-07-02,-5.031761226679887,32.13,2.04250361712921,9.5,0.2,76.0,92.5537,217.224,9.687261231693967,8.504961008898748,17.323824093791384,24.815656915792616
2010-07-09,5.41570761428154,26.795,2.04250361712921,9.5,0.18,76.0,92.5537,217.224,0.11967411678057704,4.41853191294681,10.338052201831637,21.606557072595333
2010-07-16,-1.2133990619940915,25.054,1.903925289840092,9.5,0.18,76.0,92.5354,216.929,0.6395027131894659,7.868495856650148,15.009198719275062,24.816882495632207
2010-07-23,3.5478203293931365,24.728,1.1517352967233885,9.5,0.18,76.0,92.5354,216.929,-3.4525662651496147,3.9522567884768156,12.491609921896307,21.79728729941175
2010-07-30,-0.0961364845819101,23.56,1.1517352967233885,9.5,0.18,67.8,92.5354,216.929,0.264164328629346,5.7688861870501595,12.918487812970003,19.81481791344204
2010-08-06,1.8191756995855848,22.138,1.1517352967233885,9.5,0.18,67.8,92.5354,216.929,-1.0778828913394434,4.863407692789035,12.047537812313758,17.78734773724693
2010-08-13,-3.779288728543096,24.374,1.4632167453918932,9.5,0.18,67.8,92.5354,217.597,4.293719325486434,9.620565768328682,16.52907247147899,20.850593402536454
2010-08-20,-0.7004918780403102,25.39,1.45848584177668,9.5,0.18,67.8,93.4009,217.597,7.1830572971554485,10.410666746855446,18.644390590394355,19.363811445215838
2010-08-27,-0.6625027735747024,26.328,1.45848584177668,9.5,0.18,68.9,93.4009,217.597,7.669621829579021,15.147616917595808,21.477754981269047,23.409020468813612
2010-09-03,3.74980464094008,24.33,1.45848584177668,9.6,0.18,68.9,93.4009,217.597,5.490218659159551,8.573933267655054,16.191792219091017,20.63358615124027
2010-09-10,0.4563144759158311,22.9625,1.45848584177668,9.6,0.19,68.9,93.4009,217.597,6.006028538190611,8.127612786450733,15.03221212673973,19.7034820870035
2010-09-17,1.445623566879961,21.72,1.7163319640600694,9.6,0.19,68.9,93.2093,218.15,5.107542886852001,5.669032288080689,16.46070371299424,17.243409570480228
2010-09-24,2.050487195679618,22.388,1.263531203000534,9.6,0.19,68.9,93.2093,218.15,3.011305640173867,6.619822410534426,15.712082109224257,16.42856118101088
2010-10-01,-0.2115536766843062,22.918,1.263531203000534,9.6,0.19,68.2,93.2093,218.15,6.945315643304717,8.214687585662972,17.166563826744195,18.963742058305023
2010-10-08,1.6497447603290194,21.81,1.263531203000534,9.6,0.19,68.2,93.2093,218.15,2.9232232596455354,6.759645377446732,13.27983325980373,15.023810075088196
2010-10-15,0.9475103429482656,19.2275,1.3665818742224944,9.6,0.19,68.2,93.2093,218.372,2.001380749299364,6.850940931246097,12.324547073961512,13.737583738542769
2010-10-22,0.5857909854423582,19.512,1.1960647107618128,9.6,0.19,68.2,93.1902,218.372,0.5342046686727109,6.302199459315627,10.244453269782671,12.694836279486443
2010-10-29,0.0152190652893846,20.572,1.1960647107618128,9.6,0.19,67.7,93.1902,218.372,3.5030298353516676,7.457362668062539,8.108949037403868,12.494292429404009
2010-11-05,3.599375071312383,19.948,1.1960647107618128,9.6,0.19,67.7,93.1902,218.372,1.186935523751198,5.497411264883834,7.174619651164771,6.061921121973413
2010-11-12,-2.1731871908472256,19.1125,1.1960647107618128,9.6,0.19,67.7,93.1902,218.372,3.7274601361084736,7.016287171485791,11.107318783280974,5.9847751327167575
2010-11-19,0.0433635099931439,20.266,1.4310142684356597,9.6,0.19,67.7,93.3753,218.879,4.754406407366263,6.385602310415739,10.705747590502002,5.982181049039825
2010-11-26,-0.8610234155065011,20.195,1.1525752709291348,9.6,0.19,71.6,93.3753,218.879,5.737345622469814,10.212709619117867,10.953424131721823,6.646201877854763
2010-12-03,2.968718328455755,20.766,1.1525752709291348,9.8,0.19,71.6,93.3753,218.879,3.8204995921387486,8.527738550980256,9.19973279706694,9.386719033444635
2010-12-10,1.2811248358388427,17.722,1.1525752709291348,9.8,0.19,71.6,93.3753,218.879,4.259913316695796,8.27233016220179,9.933082756564948,8.336022442671776
2010-12-17,0.2829740161673255,17.32,1.2759664486909903,9.8,0.19,71.6,93.8961,219.146,3.1706425965330576,6.1073525106841275,7.740906845862616,5.806688464924448
2010-12-24,1.0338356471288668,16.205,0.8727272727272695,9.8,0.19,74.5,93.8961,219.146,1.5571620889207605,5.122656005656889,6.445093274122771,7.021968906683096
2010-12-31,0.0692246873864821,17.548000000000002,0.8727272727272695,9.8,0.19,74.5,93.8961,219.146,4.232529169615362,3.7085345651534096,6.013644922386963,2.754366451843593
2011-01-07,1.1020630061168155,17.31,0.8727272727272695,9.4,0.18,74.5,93.8961,219.146,4.534016863080037,0.6063673564687733,4.687375193546028,-5.672040512558974
2011-01-14,1.7097908167027054,16.503999999999998,1.3818181818181952,9.4,0.18,74.5,94.8756,220.252,3.848475140505836,1.5898099926544562,0.5350935632649323,-8.848313731768165
2011-01-21,-0.7647470479663299,17.409999999999997,1.246201865395502,9.4,0.18,74.5,94.8756,220.252,2.8464588765193755,3.822812134418019,-0.9638832237901407,-12.453340813451463
2011-01-28,-0.5462274437200487,17.613999999999997,1.246201865395502,9.4,0.18,74.2,94.8756,220.252,3.510824685721592,4.0608364160788835,-0.37920663380638375,-7.798856077362826
2011-02-04,2.7053943480240594,17.416,1.246201865395502,9.0,0.18,74.2,94.8756,220.252,-0.5027169623882499,0.6720772179214407,-3.2360221916224563,-10.443447857071785
2011-02-11,1.3944959732822948,15.948,1.246201865395502,9.0,0.17,74.2,94.8756,220.252,-3.75729319935707,0.6191912363224583,0.791484733703185,-13.160293475706354
2011-02-18,1.042770574952412,16.412,1.766839759879213,9.0,0.17,74.2,95.1452,221.062,-2.174962265739,1.5338661243137208,0.05882599956477108,-9.45637032311948
2011-02-25,-1.7222511161215426,20.8675,1.5970623244955018,9.0,0.17,77.5,95.1452,221.062,0.9493309430039787,1.5395298219451847,-0.2833583523153327,-13.89898706649193
2011-03-04,0.0962223479825219,19.544,1.5970623244955018,8.9,0.17,77.5,95.1452,221.062,0.5313567272091868,1.2579945358256017,1.806758859787605,-14.360971650656895
2011-03-11,-1.276917443548431,20.532,1.5970623244955018,8.9,0.16,77.5,95.1452,221.062,1.1807299098464785,2.2226814474805012,-0.9200478218216568,-11.410131644782062
2011-03-18,-1.9221384822467933,25.132,2.152242551255368,8.9,0.16,77.5,95.485,222.27,4.54734138426196,4.056411084417144,-6.24056710723101,-4.270605025837682
2011-03-25,2.704019586063477,19.18,2.1503646750095307,8.9,0.16,67.5,93.0238,222.27,3.7912874617310743,-1.0382108495584186,-10.274774335317073,-5.750498250895475
2011-04-01,1.416500583034841,18.09,2.1503646750095307,8.8,0.16,67.5,93.0238,222.27,0.5846486286020358,-4.610446644433875,-15.676856187248111,-3.5514644250265626
2011-04-08,-0.3182196265119952,17.326,2.1503646750095307,8.8,0.14,67.5,93.0238,222.27,0.7227971771913477,-4.266776246283532,-11.396883690249837,-5.642354592937037
2011-04-15,-0.6392246439436033,16.438,2.645949781609236,8.8,0.14,67.5,93.5904,223.49,1.029792469932178,-3.882009309377976,-11.04131888620098,-6.06056765912002
2011-04-22,1.341230484017908,15.6375,2.645949781609236,8.8,0.14,67.5,93.5904,223.49,-0.46957702926219147,0.17123323618857267,-13.694688401604417,-9.102123556828323
2011-04-29,1.9612959946300637,15.222,2.645949781609236,8.8,0.14,69.8,93.5904,223.49,-4.653086428926123,-1.4527567806223107,-10.824207593924584,-15.029219762820457
2011-05-06,-1.7167690491538878,17.274,2.645949781609236,9.0,0.1,69.8,93.5904,223.49,-5.164898763247894,-1.7952497686930857,-15.204440000371655,-7.157135156670302
2011-05-13,-0.1813111273806789,16.624000000000002,3.0790569928672795,9.0,0.1,69.8,93.5904,224.433,-4.953767730156711,0.5419466645350424,-15.424921516647705,-6.172965227157379
2011-05-20,-0.3363806883321274,16.994,3.150120186231198,9.0,0.1,69.8,93.097,224.433,-4.861735988195726,-3.0743952563177412,-13.33638767758869,-8.52115353133832
2011-05-27,-0.1627610246629163,17.046,3.150120186231198,9.0,0.1,74.3,93.097,224.433,0.6438335599549871,-9.895573068818031,-8.002405640820564,-4.941027776842888
2011-06-03,-2.3243889996039213,17.447499999999998,3.150120186231198,9.1,0.1,74.3,93.097,224.433,3.356511006429397,-9.333464527118874,-4.761724137963419,-3.273447689122566
2011-06-10,-2.2443432303584143,18.396,3.150120186231198,9.1,0.09,74.3,93.097,224.433,3.5531664442921995,-11.60128038503757,1.11016582230965,0.5373867590330095
2011-06-17,0.0409148483250021,20.754,3.320632965497583,9.1,0.09,74.3,92.9815,224.804,5.782148606468729,-7.447892345408979,-1.4368871043059395,1.383402738522399
2011-06-24,-0.2398780045713699,19.552,3.4894855080469966,9.1,0.09,74.3,92.9815,224.804,1.878677050125943,-7.448459466726587,-2.2665458714740128,3.6997954604026884
2011-07-01,5.614734164926238,17.878,3.4894855080469966,9.1,0.09,71.5,92.9815,224.804,-10.471984478308382,-13.842219157968483,-9.257504867841405,-1.7422266024467725
2011-07-08,0.3082852304922445,16.075,3.4894855080469966,9.2,0.09,71.5,92.9815,224.804,-12.277867557621857,-9.509602204133028,-13.776603524032971,0.08185559949169807
2011-07-15,-2.0583444838991327,19.7,3.2593083637167286,9.2,0.09,71.5,93.07,224.304,-14.634460103624436,-13.654319368559232,-5.459904307427155,2.0134635908838794
2011-07-22,2.194295786267597,18.866,3.3997298655320307,9.2,0.09,71.5,93.07,224.304,-12.5068748613683,-15.880802700645201,-6.678716808713858,1.205183618244532
2011-07-29,-3.921130501295833,22.31,3.3997298655320307,9.2,0.09,63.7,93.07,224.304,-9.15514098427429,-10.587493829322604,-5.619524675058207,5.6845234215582074
2011-08-05,-7.1888462491066285,27.098000000000003,3.3997298655320307,9.1,0.07,63.7,93.07,224.304,-3.764446983462433,2.1010814812055134,5.498670221563207,14.194833939776608
2011-08-12,-1.7150482920608945,40.282,3.3997298655320307,9.1,0.07,63.7,93.07,224.304,3.155720542141638,5.042368019590726,6.683851772199745,16.292695767505847
2011-08-19,-4.6894772312021775,36.404,3.597476068144334,9.1,0.07,63.7,94.1525,225.425,1.1481690811713907,14.379672310542935,13.731722808817715,24.978416894123214
2011-08-26,4.74130803291366,37.992,3.597476068144334,9.1,0.07,55.8,94.1525,225.425,-3.8562205132471328,6.494725396785572,9.54197079648389,18.721101918956062
2011-09-02,-0.2404892936415326,32.506,3.597476068144334,9.1,0.07,55.8,94.1525,225.425,-1.5767021497610223,5.59894904546685,12.045455821582296,19.97495726909875
2011-09-09,-1.6814731830450569,35.805,3.597476068144334,9.1,0.1,55.8,94.1525,225.425,6.094970393800314,5.321300346086044,14.04399282022688,21.126636780557906
2011-09-16,5.352488701756397,34.61,3.984889497557398,9.1,0.1,55.8,94.0419,226.268,1.8289315100836534,-4.715418899501033,10.599420532178039,12.684928476018943
2011-09-23,-6.544350409584688,37.102,3.721292688517064,9.1,0.1,55.8,94.0419,226.268,13.081307698959211,9.490243172798962,18.145416012550484,21.303552717158137
2011-09-30,-0.4408550926003007,39.922,3.721292688517064,9.1,0.1,59.5,94.0419,226.268,10.76611088651751,10.939341062877617,20.31163737581312,24.0352769832487
2011-10-07,2.124756152309204,39.31,3.721292688517064,9.1,0.1,59.5,94.0419,226.268,7.29060227807683,5.556235214770888,18.198815744879692,18.489607764088767
2011-10-14,5.982032909310497,30.765,3.721292688517064,9.1,0.08,59.5,94.0419,226.268,-0.7292240573163689,3.3276716476143164,11.844881839765087,10.518713617422382
2011-10-21,1.116304727814943,33.098,3.9304489586577054,9.1,0.08,59.5,94.1851,226.955,-6.4268084841257895,1.562687307566124,10.710276205708702,4.600845604936432
2011-10-28,3.782755164168172,28.266,3.9304489586577054,9.1,0.08,60.8,94.1851,226.955,-3.1756482120990692,-0.5664900839775555,9.2662833958856,2.546901877632912
2011-11-04,-2.4792027172374054,31.626,3.9304489586577054,9.0,0.08,60.8,94.1851,226.955,0.1563927585555236,2.861405002308448,11.48073435244472,1.9796892015358392
2011-11-11,-1.0796126415531735,31.575,3.9304489586577054,9.0,0.07,60.8,94.1851,226.955,-1.6165134937082049,6.104707323687308,13.613779638509582,6.933942598493692
2011-11-18,-1.9399796487108325,32.474000000000004,3.601990140671329,9.0,0.07,60.8,94.7136,226.763,4.086696881741969,8.28198326974514,15.00678056816196,10.462710389658024
2011-11-25,-4.687202675475133,33.3325,3.601990140671329,9.0,0.07,63.7,94.7136,226.763,8.538231583494206,16.07273627568986,18.261451301514732,15.220034081960065
2011-12-02,7.388642331690698,29.1,3.601990140671329,8.6,0.07,63.7,94.7136,226.763,2.694733380541514,7.9049717937805575,10.789371912997957,9.473752058001338
2011-12-09,0.8768052088355072,28.322000000000003,3.601990140671329,8.6,0.08,63.7,94.7136,226.763,2.7007884062616228,8.448126898124908,11.804591405449782,7.92629936097351
2011-12-16,-2.830639893971476,25.304,3.456143392989164,8.6,0.08,63.7,94.8263,226.72,7.848086189649051,11.97710443574036,12.252589838016581,11.242476696337
2011-12-23,3.744479657867639,22.292,3.456143392989164,8.6,0.08,69.9,94.8263,226.72,4.030569240533799,8.24291310966303,6.959454186030856,7.692070962144659
2011-12-30,-0.6109063040641294,22.87,3.456143392989164,8.6,0.08,69.9,94.8263,226.72,6.941797910535952,9.006840150301043,2.991411883549011,10.20753797783569
2012-01-06,1.6070358937782414,21.825,3.456143392989164,8.5,0.08,69.9,94.8263,226.72,5.0735205611101675,9.888792508850974,3.1311294997430794,8.857336102455005
2012-01-13,0.8827530469572409,20.838,3.456143392989164,8.5,0.07,69.9,94.8263,226.72,5.59619705072576,8.379556306802183,-0.8571881754413702,9.059106221695057
2012-01-20,2.039426243285547,20.31,2.9488949022029365,8.5,0.07,69.9,95.2915,226.747,3.8285503173700164,7.077039750851766,0.7815254343775058,7.813713825308777
2012-01-27,0.0722187632736348,18.598000000000003,2.9488949022029365,8.5,0.07,75.0,95.2915,226.747,4.049140459271783,6.21044895498859,2.01393348557386,7.20184543336384
2012-02-03,2.170433653656678,18.494,2.9488949022029365,8.3,0.07,75.0,95.2915,226.747,1.9309963738337599,1.885640931757071,-0.7346274595479318,4.586209422332144
2012-02-10,-0.1680429566955799,18.598,2.9488949022029365,8.3,0.08,75.0,95.2915,226.747,4.582764451049526,2.6730928809562515,1.4538535510846717,7.096468767305697
2012-02-17,1.3845830317503305,19.344,3.3240078842433185,8.3,0.08,75.0,95.9054,227.505,2.635851795628019,3.094995370900122,-0.48117708629639155,7.679821967078659
2012-02-24,0.3313187213281887,17.622500000000002,2.914566954067177,8.3,0.08,75.3,95.9054,227.505,3.128705373957552,0.24601940161290692,-0.6560517376343444,6.91273850474905
2012-03-02,0.2848283477274504,17.826,2.914566954067177,8.3,0.08,75.3,95.9054,227.505,2.077199759821924,-1.185720974020632,-0.5088944224554637,5.186805108623305
2012-03-09,0.0905346867368761,18.61,2.914566954067177,8.3,0.1,75.3,95.9054,227.505,-0.044496221650125456,-5.518395229563344,1.1014885174904787,6.569555020864826
2012-03-16,2.42911792852234,15.128,3.334358686703265,8.3,0.1,75.3,96.1735,228.433,-1.8259907166511158,-6.149547060100424,-0.9386365823547238,1.739100045631714
2012-03-23,-0.5027922810483365,15.228,2.772753857920529,8.3,0.1,75.3,96.1735,228.433,0.4473520385317009,-8.522589312043326,0.6270093161935941,2.5824707025916993
2012-03-30,0.8131060167538617,15.26,2.772753857920529,8.3,0.1,76.2,96.2095,228.433,-2.795231416792887,-5.879425067337262,0.6879850957507649,0.2463645498520961
2012-04-06,-0.7376809491543956,16.11,2.772753857920529,8.3,0.13,76.2,96.2095,228.433,-3.1965225746003023,-3.95113240806767,0.9334265019399712,1.1530095290599451
2012-04-13,-1.9898680449985884,19.194,3.0719395330004007,8.2,0.13,76.2,96.2095,229.098,-5.476335770415941,-2.571773968679314,2.650587919826619,0.6998646791094965
2012-04-20,0.6035365165961926,18.49,2.509284531746392,8.2,0.13,76.2,96.5685,229.098,-4.4039724719510005,-1.1874964468882143,4.3082133422025715,-1.352892140012063
2012-04-27,1.801190799401886,17.29,2.509284531746392,8.2,0.13,76.4,96.5685,229.098,-8.929992845539768,-3.468812859761705,4.447186383474699,0.412584021415463
2012-05-04,-2.441284497437224,17.47,2.509284531746392,8.1,0.13,76.4,96.5685,229.098,-3.1728830750770376,-0.8998573156638767,6.650357932345874,3.438761154374448
2012-05-11,-1.147466307621292,19.358,2.509284531746392,8.1,0.14,76.4,96.5685,229.098,-0.7795276094796466,0.6849481251461897,6.448993147001136,4.7791051316000255
2012-05-18,-4.298099093070595,23.14,2.1137711477367427,8.1,0.14,76.4,97.4133,229.177,3.0728408863645695,7.006531867381205,12.793972202100523,9.138214977283688
2012-05-25,1.7448754726711702,22.024,2.1137711477367427,8.1,0.14,79.3,97.4133,229.177,3.364654482236751,5.552355171991219,8.405550382142458,8.523932153350522
2012-06-01,-3.018614746163273,23.9725,2.1137711477367427,8.2,0.14,79.3,97.4133,229.177,5.996683382834878,10.00203062092302,12.139674626904394,9.732873059257408
2012-06-08,3.7260174690707526,23.182,2.1137711477367427,8.2,0.16,79.3,97.4133,229.177,2.3475094907303706,6.977656232748908,6.508448999139671,10.621873850980922
2012-06-15,1.2959530496260196,22.542,1.82415241965308,8.2,0.16,79.3,97.2853,228.527,1.4759814172843555,5.085493491458859,5.314109437305103,9.622150538905071
2012-06-22,-0.5823438747807441,18.426,1.6561093218981693,8.2,0.16,79.3,97.2853,228.527,3.8164185125676653,5.3602144894099535,3.357998786447247,11.307692673440584
2012-06-29,2.032929413145945,19.268,1.6561093218981693,8.2,0.16,73.2,97.2853,228.527,2.1164881754917486,5.56175543729327,-0.1673833646315126,10.336518707407482
2012-07-06,-0.5491264081356362,17.015,1.6561093218981693,8.2,0.16,73.2,97.2853,228.527,3.778747702531171,8.2004577771702,4.020873456718599,11.69944074988154
2012-07-13,0.1550163509224988,17.944,1.6561093218981693,8.2,0.16,73.2,97.2853,228.527,4.5239466647089,7.61877333724883,4.37801435246985,11.877387707244957
2012-07-20,0.4333793802861141,16.294,1.9232826877808584,8.2,0.16,73.2,97.4298,228.618,3.5570112491266626,5.7248328863322095,4.066304927092901,11.531123019792844
2012-07-27,1.7106201061712234,18.532,1.9232826877808584,8.2,0.16,72.3,97.4298,228.618,1.4870441486626529,5.408492578651125,1.9921055964549073,9.353016849062579
2012-08-03,0.3622026189141314,17.826,1.9232826877808584,8.3,0.16,72.3,97.4298,228.618,3.3738599156295512,2.703108997901671,2.815263550033764,9.14528226878646
2012-08-10,1.0697420533058777,15.456,1.9232826877808584,8.3,0.16,72.3,97.4298,228.618,4.26070864461896,1.9432768594499272,-0.2446841755068263,10.33595276223509
2012-08-17,0.8741945631662418,14.184,1.9700941579285256,8.3,0.16,72.3,98.0398,228.723,2.960878125342381,-0.4386030224745485,3.4065222089960434,10.051045972017958
2012-08-24,-0.4957148084448359,15.057999999999998,1.4630143063103065,8.3,0.16,72.3,98.0398,228.723,2.0933605663748134,0.2175523359605025,4.317110665531598,10.329311208837154
2012-08-31,-0.3224400878998334,17.04,1.4630143063103065,8.3,0.16,74.3,98.0398,228.723,3.8639892046162805,-1.900352721058618,5.644899464995312,11.560664194850755
2012-09-07,2.228105679717673,16.425,1.4630143063103065,8.1,0.13,74.3,98.0398,228.723,-0.6488593134428178,-5.427286405186827,4.52319426702843,8.022698190856392
2012-09-14,1.936823657421427,15.41,2.0747476987911684,8.1,0.13,74.3,96.8202,230.102,-2.222727828436477,-3.8628157461764956,3.2337968291384023,8.396948662795545
2012-09-21,-0.3834158866876547,14.14,1.6944508282213944,8.1,0.13,74.3,96.8202,230.102,-3.3017212068437107,-3.0113323951605375,3.9571296326253114,6.5130277023485394
2012-09-28,-1.3341081493709606,15.392,1.6944508282213944,8.1,0.13,78.3,96.8202,230.102,-1.8373459547301185,-1.568721287100483,5.491888683998369,9.826673837221577
2012-10-05,1.406290763854745,15.268,1.6944508282213944,7.8,0.14,78.3,96.8202,230.102,-5.549894597557714,-3.2410927228155195,3.7421313728286387,10.506320261157697
2012-10-12,-2.213664357747813,16.0975,1.6944508282213944,7.8,0.14,78.3,96.8202,230.102,-4.809634855446154,0.10920268454037707,6.272617580658113,14.357512670459393
2012-10-19,0.3219941127961201,15.53,2.2742941997984545,7.8,0.14,78.3,97.0328,231.414,-1.6773713167843929,-2.1462533894935576,8.232691906064836,16.346753666649306
2012-10-26,-1.4827064707940596,17.942,1.9647066599105532,7.8,0.14,82.6,97.0328,231.414,0.3003040129642143,3.8620643624944107,10.535859593111606,16.832163126073517
2012-11-02,0.1600641570755456,17.62666666666667,1.9647066599105532,7.9,0.14,82.6,97.0328,231.414,0.2736526128416905,4.090659005348751,10.08980825931458,15.3118403718699
2012-11-09,-2.428933444487358,18.436,1.9647066599105532,7.9,0.16,82.6,97.0328,231.414,2.4444672294484437,7.691416223546033,13.72177911877066,19.09845519147617
2012-11-16,-1.4472566624241123,17.2425,2.113194245555272,7.9,0.16,82.6,96.5879,231.751,5.167369126609511,10.521513335069411,14.221844848048093,19.623053109670032
2012-11-23,3.6231152273980216,15.1925,2.1996533826065034,7.9,0.16,82.7,96.5879,231.751,-0.4768811401695383,7.381756216801816,12.752364763048929,13.006424165026997
2012-11-30,0.4988843753381156,15.572,2.1996533826065034,7.9,0.16,82.7,96.5879,231.751,3.551096264942344,7.184820866059782,9.820075203336277,13.4234326410545
2012-12-07,0.1334500209329236,16.54,2.1996533826065034,7.7,0.16,82.7,96.5879,231.751,3.806589560714002,7.173136490172949,11.577006083157414,15.078245534990597
2012-12-14,-0.3166268523019488,16.226,1.8794953321308985,7.7,0.16,82.7,97.509,231.025,5.121749505852602,7.217138237867227,14.20790433752126,18.8606229318413
2012-12-21,1.172205950459437,16.956,1.898817925194085,7.7,0.16,72.9,97.509,231.025,5.091069837464612,6.156691623585875,14.232767421809944,18.31555689505837
2012-12-28,-1.9382561430561829,19.8775,1.898817925194085,7.7,0.16,72.9,97.509,231.025,7.896293290445988,10.60658958401497,18.898619313731313,20.622773302513497
2013-01-04,4.566353724574923,15.2725,1.898817925194085,7.8,0.16,72.9,97.509,231.025,3.509112633458078,6.425633142939113,12.487811447990737,16.58404727684808
2013-01-11,0.3805109028127251,13.614,1.898817925194085,7.8,0.16,72.9,97.509,231.025,3.243095591238876,5.76338867607471,10.78020013875074,14.90234624100073
2013-01-18,0.946294703207573,13.303999999999998,1.8785285815102304,7.8,0.16,72.9,98.093,230.979,1.9932970501960412,5.599669042058797,10.592338152793346,11.43016580427676
2013-01-25,1.1426789520672775,12.6175,1.8663973503508344,7.8,0.16,72.9,98.093,230.979,1.0139984184853956,3.3480644639386936,8.23508428355244,10.681591209013996
2013-02-01,0.6793316703822105,13.675999999999998,1.8663973503508344,7.9,0.16,73.8,98.093,230.979,2.5119456942539475,5.0014161953208625,5.238010763084389,7.917148983828404
2013-02-08,0.3145720327118129,13.663999999999998,1.8663973503508344,7.9,0.14,73.8,98.093,230.979,2.8176461330597036,2.458607772988275,5.820424687550307,9.04125917389007
2013-02-15,0.1225343254134259,12.736,1.8663973503508344,7.9,0.14,73.8,98.6212,230.979,2.4411250654611916,4.109117020558806,7.376017259271306,11.067315013831113
2013-02-22,-0.2757001538940984,14.095,1.8345350675893048,7.9,0.14,73.8,98.6212,231.198,3.5358911773269774,6.5201946391673316,10.859723440987912,12.820669155700482
2013-03-01,0.1715476133425264,16.291999999999998,1.6232610272301828,7.9,0.14,77.6,98.6212,231.198,2.3106362306178463,7.607693565715579,11.453696498555033,11.431303807786609
2013-03-08,2.1723161375157174,13.334,1.6232610272301828,7.7,0.15,77.6,98.6212,231.198,2.4284686864610716,7.496867737177504,9.055684436315081,8.981545756455777
2013-03-15,0.613719692834036,11.652,2.3142348519812783,7.7,0.15,77.6,99.4965,232.77,-0.34919916334864576,5.696163721111813,9.545082170444141,9.130518642805185
2013-03-22,-0.244117168106317,13.596,1.8985873319529167,7.7,0.15,77.6,99.0446,232.77,1.6282444711845478,4.74342920123445,8.640946247397775,12.050304362310804
2013-03-29,0.7900318353952551,13.09,1.8985873319529167,7.7,0.15,77.6,99.0446,232.77,2.882385449050817,4.7279211725048675,5.521321056314865,12.145124888718662
2013-04-05,-1.0138933273506123,13.675999999999998,1.8985873319529167,7.6,0.14,78.6,99.0446,232.77,5.177425857422735,4.728699898699107,7.095949772367716,13.414193282706455
2013-04-12,2.2899892883554207,12.538,1.8985873319529167,7.6,0.14,78.6,99.0446,232.77,4.948232767426242,0.22532512068542676,2.7768509170235767,11.43972134301694
2013-04-19,-2.114735569892079,16.054,1.4151149289823417,7.6,0.14,78.6,99.4765,232.34,6.066547216584928,3.2811463942693964,6.424693389828806,15.620000238607101
2013-04-26,1.7354116852194237,13.742,1.4151149289823417,7.6,0.14,76.4,99.4765,232.34,3.065274566395937,3.137957877471398,6.683562585492209,14.063607348104568
2013-05-03,2.0338288698019014,13.632,1.4151149289823417,7.5,0.14,76.4,99.4765,232.34,1.7938306109435587,4.073902433731491,5.914816939525647,11.855032113000718
2013-05-10,1.194231160525372,12.774,1.4151149289823417,7.5,0.15,76.4,99.4765,232.34,-0.4266371372616873,3.5740966146539543,3.553287051669729,10.490911414026627
2013-05-17,2.067088237777459,12.73,1.0419121947812693,7.5,0.15,76.4,98.7439,231.485,-4.5002259897097385,1.450104297874777,1.3811360745023649,6.467881130144759
2013-05-24,-1.0716831745792854,13.654,1.0070818624905664,7.5,0.15,76.4,98.7439,231.485,-2.626087956486245,3.6414930436719173,3.2492711190116985,10.22793241999147
2013-05-31,-1.1433065973987633,15.035,1.0070818624905664,7.5,0.15,84.5,98.7439,231.485,0.07052162950251795,3.721013409514562,6.975974738270474,12.918063912163614
2013-06-07,0.7751091359831541,16.363999999999997,1.0070818624905664,7.6,0.15,84.5,98.7439,231.485,2.2398919552427454,0.7575820038508763,7.082355529617024,11.439228278050106
2013-06-14,-1.013157295609779,16.932,1.0070818624905664,7.6,0.11,84.5,98.6709,231.485,4.017875500931556,2.260364041526719,8.293326845848913,13.256042320330263
2013-06-21,-2.1085199860845227,17.887999999999998,1.4457810236864876,7.6,0.11,84.5,98.6709,231.831,6.230727087315779,2.5457894930904335,11.189184179575173,15.465037028599117
2013-06-28,0.8697383947045001,17.901999999999997,1.4457810236864876,7.6,0.11,84.1,98.6709,231.831,6.436612095195815,3.0436794180799476,11.946859882088145,11.455661927526585
2013-07-05,1.5943661680692722,15.975,1.4457810236864876,7.6,0.11,84.1,98.6709,231.831,3.647919207943673,3.437730182939047,10.59323812055002,9.234687988720935
2013-07-12,2.959753802293963,14.238,1.4457810236864876,7.6,0.09,84.1,98.6709,231.831,-1.4498352091772637,1.768853154100114,7.476542627219929,6.953385164728343
2013-07-19,0.7082547110181192,13.66,1.932813190563909,7.6,0.09,84.1,99.0549,232.944,-1.68962445247125,-0.020091474282080135,6.678131912756724,8.660298330618543
2013-07-26,-0.025999882697536,12.764,1.892239456210798,7.6,0.09,85.1,99.0549,232.944,-3.468805773301864,-0.06798240755860885,4.946053892203883,8.54786590010086
2013-08-02,1.0652333089695487,13.03,1.892239456210798,7.4,0.09,85.1,99.0549,232.944,-3.1877496007494677,-0.378441021198872,6.355021703078156,8.760749347922347
2013-08-09,-1.0674574351133503,12.736,1.892239456210798,7.4,0.09,85.1,99.0549,232.944,-0.20279136003005238,3.138188899007943,8.867104360364241,11.03333236384547
2013-08-16,-2.104154318025553,13.452000000000002,2.0558311244084138,7.4,0.09,85.1,98.9462,233.318,3.2660405693985206,6.2772184484582105,10.601332487108506,11.190765582574457
2013-08-23,0.4632144694125317,14.938,2.00898029494192,7.4,0.09,85.1,98.9462,233.318,1.698226630598132,5.899610138168776,10.752629703467864,12.204389511947733
2013-08-30,-1.8352888065449324,16.413999999999998,2.00898029494192,7.4,0.09,82.1,98.9462,233.318,3.523030449366038,8.428814804792273,12.59851584289493,13.757143636715675
2013-09-06,1.3594905993665307,16.0275,2.00898029494192,7.3,0.08,82.1,98.9462,233.318,2.9018110497019967,8.640200460898972,8.163511393373945,12.68268010546092
2013-09-13,1.9828745940104089,14.486,2.00898029494192,7.3,0.08,82.1,98.9462,233.318,3.3477692458222963,6.917696207134316,5.6042971897483085,7.565207845465083
2013-09-20,1.2985885030200262,13.756,1.488035740671534,7.3,0.08,82.1,99.3579,233.526,2.9159420293993543,5.608483633471972,5.094419215649171,9.061292015903156
2013-09-27,-1.0620461788447,14.384,1.488035740671534,7.3,0.08,77.5,99.3579,233.526,4.131225928679605,6.69956942930765,8.682134173655221,10.146299655035484
2013-10-04,-0.0738879858135033,16.630000000000003,1.488035740671534,7.3,0.08,77.5,99.3579,233.526,4.738833797785391,5.01744728122222,8.621709553386502,11.277137808248238
2013-10-11,0.7512541361653247,18.31,1.488035740671534,7.3,0.08,77.5,99.3579,233.526,5.576567946336053,6.759041710750413,9.17390820100088,10.29121854872499
2013-10-18,2.424850282534874,14.9725,1.488035740671534,7.3,0.08,77.5,99.3579,233.526,3.4542854551805835,5.55460157145673,7.654917687732921,7.6445964661257415
2013-10-25,0.8753235615505783,13.24,0.9126500557442574,7.2,0.08,73.2,99.3579,233.526,2.6162531780581144,4.068712092561366,4.6233305743687225,7.998773033030737
2013-11-01,0.1062636081097467,13.48,1.094575090530392,7.2,0.08,73.2,100.0439,233.947,2.4664489231953857,4.582660463968935,5.953543516877002,9.19199894950966
2013-11-08,0.5091829561395977,13.136,1.094575090530392,7.3,0.09,73.2,100.0439,233.947,0.26600781518608674,3.8455654482708157,4.914126232511262,10.09990667251206
2013-11-15,1.5570943678994809,12.475,1.094575090530392,7.3,0.09,73.2,99.9778,233.947,1.120015347548886,-0.4387777871384002,3.720979552147319,7.673312813363675
2013-11-22,0.3659230921346568,12.962,0.8875905605585155,7.3,0.09,73.2,99.9778,233.808,2.03018763991758,-1.228420611347203,0.6056169009442947,8.760720788139341
2013-11-29,0.058182186132405,13.07,0.8875905605585155,7.3,0.09,75.1,99.9778,233.808,1.4154277412399718,-0.4867643205700656,3.269442248990706,8.591706619718998
2013-12-06,-0.0398764404933138,14.47,0.8875905605585155,7.0,0.08,75.1,99.9778,233.808,2.0652726458392,1.8580812977517125,3.2303131532422924,9.99119041160803
2013-12-13,-1.6492263596247558,14.824000000000002,0.8875905605585155,7.0,0.08,75.1,99.9778,233.808,3.570060991839541,3.4320604485011064,5.9606195818714625,10.829033966630043
2013-12-20,2.422098624525826,14.796,1.2388269667784837,7.0,0.08,75.1,101.2825,233.887,-1.5415277868874089,2.2619784250155206,3.3085505277806515,8.793833271223605
2013-12-27,1.2693078669737456,12.5775,1.2388269667784837,7.0,0.08,82.5,101.2825,233.887,-3.193768752797921,1.989791146011144,1.9800130582219522,7.4367296399827865
2014-01-03,-0.5446958381607803,13.8175,1.2388269667784837,7.0,0.08,82.5,101.2825,233.887,-1.8756436808248123,0.5329348952776813,3.7764097022492615,5.120758205437004
2014-01-10,0.6006432359014546,12.874,1.2388269667784837,6.7,0.09,82.5,101.2825,233.887,-0.20299886799540756,1.3108129462630957,4.407363959849464,4.842673889586968
2014-01-17,-0.199202329338799,12.562,1.5396602099339909,6.7,0.09,82.5,101.7629,234.582,-0.13324366329120485,1.0289902892124392,6.022733081805787,6.328390194806643
2014-01-24,-2.632833708323179,14.405,1.5598820672009015,6.7,0.09,82.5,101.7629,234.582,3.8630562981622596,4.178089869560075,8.147841519219678,11.065803921654238
2014-01-31,-0.4301019987923093,17.254,1.5598820672009015,6.7,0.09,81.2,101.7629,234.582,5.3545725642107245,1.856847408579787,10.11337619719599,12.385351288302404
2014-02-07,0.8094993233229042,18.604,1.5598820672009015,6.6,0.07,81.2,101.7629,234.582,2.4546184723678532,3.7745798776566364,9.122877854694945,11.724407024759188
2014-02-14,2.315499265412546,14.356,1.5598820672009015,6.6,0.07,81.2,101.0251,234.582,1.5168910859917784,1.3471997881830067,7.984746040995616,7.990190184514678
2014-02-21,-0.1294444709643571,14.71,1.6423160290217398,6.6,0.07,81.2,101.0251,234.933,1.1637846217665393,2.4446570264636147,7.151528729152523,9.484004052501739
2014-02-28,1.2634418609598352,14.057999999999998,1.6154984039654208,6.6,0.07,81.6,101.0251,234.933,0.3033162922660759,1.0234225064719826,6.387373828287157,6.636372457150186
2014-03-07,0.999762745908228,14.462,1.6154984039654208,6.7,0.07,81.6,101.0251,234.933,-3.3199557176307293,-0.00958732014186836,5.340670309025031,4.7847747376259075
2014-03-14,-1.9653486300597045,15.502,1.6154984039654208,6.7,0.07,81.6,101.0251,234.933,1.2883376317923245,3.22628083060561,4.563502811231301,3.5304405353024926
2014-03-21,1.3790451831810602,14.96,1.0306310950723985,6.7,0.07,81.6,101.6276,235.169,-0.16715572747892926,3.056486196817798,3.486163856169311,1.0843703803111726
2014-03-28,-0.4768244819735479,14.614,1.0306310950723985,6.7,0.07,80.0,101.6276,235.169,1.266137293583891,4.942881026820034,5.245424991800629,5.757903188954017
2014-04-04,0.4021258773462932,13.48,1.0306310950723985,6.7,0.07,80.0,101.6276,235.169,0.7179286197354084,3.8105437089795746,6.6114804568966345,8.201217411007654
2014-04-11,-2.6486671055749977,15.44,1.0306310950723985,6.7,0.08,80.0,101.6276,235.169,3.424045181258295,8.106012505469206,10.336569555789833,11.908977276791632
2014-04-18,2.707512613172991,14.815,1.420332271670821,6.7,0.08,80.0,103.2374,235.64,1.9132935184089872,5.1537650003917745,7.660669073750825,9.382522615426382
2014-04-25,-0.0777516256458832,13.418,1.420332271670821,6.7,0.08,84.1,103.2374,235.64,3.229039448677695,6.549313909693777,6.554685684671702,10.738433667717562
2014-05-02,0.952022646879236,13.45,1.420332271670821,6.3,0.08,84.1,103.2374,235.64,3.6307731602092774,4.594550696258337,6.871365701599852,9.909950481817287
2014-05-09,-0.1414054328212621,13.368,1.420332271670821,6.3,0.09,84.1,103.2374,235.64,3.0705705842307696,5.309611562082561,5.556087698690448,10.481354007808896
2014-05-16,-0.0330051490371907,12.428,1.684600154945337,6.3,0.09,84.1,102.7435,236.254,4.526962096682108,5.350770624676726,4.794821752679446,6.628288140439875
2014-05-23,1.2072275953560083,12.136,2.0601766853143744,6.3,0.09,84.1,102.7435,236.254,3.179635717883511,1.2954278405322706,0.2946533598319201,8.951180482521082
2014-05-30,1.212289026588631,11.54,2.0601766853143744,6.3,0.09,81.9,102.7435,236.254,3.2164151470835067,0.4169341253601022,-1.9136260989339404,8.58820203345816
2014-06-06,1.344894952590403,11.588,2.0601766853143744,6.3,0.09,81.9,102.7435,236.254,0.9300109481564123,0.28829393858860186,0.7766340643208469,5.579038751364118
2014-06-13,-0.6812165352979682,11.696000000000002,2.0601766853143744,6.3,0.09,81.9,102.7435,236.254,2.1723378120062087,2.698123569961397,4.229506507871483,5.61162416825185
2014-06-20,1.3795327073165442,11.358,2.265443361759223,6.3,0.09,81.9,103.6585,237.083,0.7881301737562074,2.063305267325255,3.5178106038552315,2.8809879904832414
2014-06-27,-0.0973082366350741,11.518,2.265443361759223,6.3,0.09,82.5,103.6585,237.083,-1.8261431766468994,2.3840364378296286,4.021499006734475,4.633450413665519
2014-07-04,1.2483671750771697,10.965,2.265443361759223,6.1,0.09,82.5,103.6585,237.083,-2.7122439950410415,0.005041585704135265,3.9316252768875515,0.48100416582534944
2014-07-11,-0.900052161967213,11.926,2.265443361759223,6.1,0.1,82.5,103.6585,237.083,-0.6358039631021439,2.176800789510902,5.081908904599497,4.467440894787278
2014-07-18,0.541278058965533,12.276,1.7768218971083272,6.1,0.1,82.5,103.9152,237.083,0.5146067607091798,0.23404904163242257,4.910988056087784,6.00388335423756
2014-07-25,0.0060658126479706,12.22,2.038687409849582,6.1,0.1,82.5,103.9152,237.693,1.2652036419077195,-0.5277122024839542,1.212632340692088,6.670242996030962
2014-08-01,-2.688614814703749,14.63,2.038687409849582,6.2,0.1,81.8,103.9152,237.693,4.288493648621738,-0.987975964992116,7.557846198192841,9.316155796248783
2014-08-08,0.3345163402634021,16.157999999999998,2.038687409849582,6.2,0.09,81.8,103.9152,237.693,2.793039630399785,-2.3208836682711453,8.137340558413243,7.230832962315348
2014-08-15,1.2150659916826625,13.366,2.038687409849582,6.2,0.09,81.8,104.3882,237.693,2.8306018312356684,0.48693631784306746,5.275535762942796,5.0300165111415
2014-08-22,1.705316707472071,11.908,1.9677007346196929,6.2,0.09,81.8,104.3882,237.909,-0.27912134178136316,1.4911498717567584,2.8369560192652576,6.019919119517136
2014-08-29,0.7528651438000411,11.828,1.9677007346196929,6.2,0.09,82.5,104.3882,237.909,-1.7705152213308817,1.4251011494486487,0.8011525013973175,2.87765238346247
2014-09-05,0.2166332644938373,12.335,1.9677007346196929,6.1,0.09,82.5,104.3882,237.909,-5.059493553902328,1.5993338667587453,2.1970358408381685,2.9511234766366634
2014-09-12,-1.1042392729200712,13.03,1.9677007346196929,6.1,0.09,82.5,104.3882,237.909,-4.974970403695089,3.926385739081284,0.4759385852694864,5.868429608010506
2014-09-19,1.252051576018598,12.728,1.6709060233121686,6.1,0.09,82.5,104.1152,237.428,-2.279151800782997,2.843216946157101,2.241839720540062,3.5206877420920435
2014-09-26,-1.3703764670493612,14.476,1.6709060233121686,6.1,0.09,84.6,104.1152,237.428,1.7752262488636372,4.666018243474146,5.756361603439442,6.800311041205531
2014-10-03,-0.753962798797081,15.942000000000002,1.6709060233121686,5.9,0.09,84.6,104.1152,237.428,3.2532150382137193,1.749577275953107,7.236141198608914,7.134001367281706
