Date,SP500_Returns,VIX,Treasury_10Y,Yield_Spread,SP500_Volatility
2000-11-27,0.5366009872832311,26.93,5.64,-0.22,1.339829545610064
2000-11-28,-0.9548029357613564,27.64,5.59,-0.2,1.3048273985925998
2000-11-29,0.4371028927711018,27.49,5.55,-0.14,1.1871710856937254
2000-11-30,-2.010544622981836,29.65,5.48,-0.13,1.2460886754920375
2000-12-01,0.0212958140821672,27.48,5.52,-0.1,1.2328303240316312
2000-12-04,0.7405541524307058,27.78,5.53,-0.06,1.2579765710429809
2000-12-05,3.892168841532939,24.99,5.43,-0.06,1.5726156355919716
2000-12-06,-1.821965029225081,25.07,5.32,-0.1,1.6136899850796302
2000-12-07,-0.5852864559811266,25.34,5.32,-0.13,1.5865977589686828
2000-12-08,1.960475223329916,22.41,5.35,-0.15,1.6558303597021102
2000-12-11,0.7526105317355203,23.51,5.37,-0.15,1.5696520960184608
2000-12-12,-0.6535210679640358,24.88,5.36,-0.18,1.5562336846499334
2000-12-13,-0.8160900128526438,23.63,5.29,-0.16,1.4728550288629108
2000-12-14,-1.401476235876764,24.86,5.23,-0.2,1.4951864897988638
2000-12-15,-2.146273716308178,26.55,5.2,-0.18,1.541710873299905
2000-12-18,0.8070697422759565,27.7,5.17,-0.16,1.558006118064629
2000-12-19,-1.295796209004041,27.17,5.19,-0.16,1.5318516488142022
2000-12-20,-3.129594524787349,31.74,5.08,-0.16,1.6662781720549966
2000-12-21,0.800164080785648,29.66,5.03,-0.11,1.641698369532823
2000-12-22,2.438696498246351,27.55,5.02,-0.08,1.70577839116122
2000-12-26,0.7075301948657131,28.73,5.04,-0.06,1.7096726074087245
2000-12-27,1.0439634692143152,28.14,5.11,0.01,1.7162741752640769
2000-12-28,0.398814569917838,26.57,5.13,-0.05,1.7157670269378418
2000-12-29,-1.0448008358699412,26.85,5.12,0.01,1.6696148585361104
2001-01-02,-2.803193939495918,29.99,4.92,0.05,1.7860872486724684
2001-01-03,5.009860597069338,26.6,5.14,0.22,2.1172402698178256
2001-01-04,-1.0552474216456775,26.97,5.03,0.26,1.9325155182212832
2001-01-05,-2.6242362136687403,28.67,4.93,0.37,1.977042142206518
2001-01-08,-0.1917811284473769,29.84,4.94,0.4,1.9747722859180576
2001-01-09,0.3812189227544005,27.99,4.98,0.34,1.916134031185182
2001-01-10,0.9586385482041716,26.8,5.1,0.34,1.9223014465077808
2001-01-11,1.0317700515731554,25.79,5.14,0.37,1.939655464729284
2001-01-12,-0.6232870921233369,24.56,5.25,0.35,1.936629387887208
2001-01-16,0.6143093008214917,25.28,5.24,0.35,1.919732974738572
2001-01-17,0.2125614319653079,24.93,5.19,0.35,1.8546237344045344
2001-01-18,1.3915319945297933,23.37,5.12,0.4,1.8711833863730645
2001-01-19,-0.4028228935836542,23.24,5.19,0.44,1.8463361464859684
2001-01-22,0.0268137516266531,23.25,5.25,0.5,1.6779602570746968
2001-01-23,1.3031498757798854,21.57,5.3,0.48,1.6893684857294446
2001-01-24,0.286682177600106,22.03,5.33,0.52,1.6154908686820304
2001-01-25,-0.4976939690306659,22.64,5.29,0.51,1.6192569383063142
2001-01-26,-0.1885848778523602,22.57,5.29,0.51,1.6076901188898256
2001-01-29,0.6804747854681326,22.61,5.32,0.55,1.6115896512486836
2001-01-30,0.7007877475295743,22.57,5.24,0.54,1.592151682462841
2001-01-31,-0.5619714800495723,22.02,5.19,0.57,1.440522318550265
2001-02-01,0.5461131971338906,21.66,5.1,0.55,0.9321835818223988
2001-02-02,-1.7473989611664795,21.95,5.17,0.52,0.988456797124089
2001-02-05,0.3586658462731984,22.19,5.18,0.5,0.7599987540786947
2001-02-06,-0.1513721924397137,21.98,5.22,0.5,0.7589162707180395
2001-02-07,-0.8408142690811471,21.67,5.1,0.4,0.7933262583658381
2001-02-08,-0.623465404338508,21.46,5.1,0.37,0.7878217194371446
2001-02-09,-1.3335549023706816,22.03,5.03,0.36,0.8138644734145711
2001-02-12,1.182729069383326,21.92,5.05,0.38,0.8456046650427692
2001-02-13,-0.8652125638884511,21.37,5.07,0.32,0.8580617201105223
2001-02-14,-0.2183807079300326,21.52,5.13,0.29,0.8571616530417341
2001-02-15,0.8123549341341407,20.27,5.19,0.3,0.8147104939262854
2001-02-16,-1.890529720989631,22.12,5.11,0.36,0.9085657692793906
2001-02-20,-1.7356562954470411,24.69,5.11,0.38,0.9735538086637494
2001-02-21,-1.8507453797223627,25.75,5.14,0.46,0.9659823906765994
2001-02-22,-0.195182964945062,26.76,5.15,0.52,0.9539704742206117
2001-02-23,-0.5555435925262753,27.21,5.1,0.57,0.954302985732544
2001-02-26,1.7489958196507338,25.43,5.05,0.59,1.070696862693378
2001-02-27,-0.765990835073016,26.49,4.96,0.52,1.0476685999357298
2001-02-28,-1.4309109209043602,28.35,4.92,0.51,1.038251685456741
2001-03-01,0.1040404473975575,28.08,4.87,0.46,1.0470022585530283
2001-03-02,-0.5679790908007298,27.43,4.95,0.47,1.0192189226900967
2001-03-05,0.5858124547557519,27.12,4.98,0.49,1.005777423091622
2001-03-06,0.998059811609675,25.89,4.99,0.5,1.0410928893777922
2001-03-07,0.6452357238200701,24.12,4.92,0.49,1.0652450187537357
2001-03-08,0.2258497612988463,24.29,4.89,0.46,1.0655447472062105
2001-03-09,-2.4763940834399034,25.62,4.95,0.48,1.1716550587758954
2001-03-12,-4.318075583988678,30.32,4.92,0.46,1.4553280134123523
2001-03-13,1.4828497401341068,27.55,4.95,0.49,1.47531009792702
2001-03-14,-2.584211909800105,29.61,4.84,0.52,1.5453002157674534
2001-03-15,0.5871294396720295,28.56,4.81,0.59,1.5661082803807929
2001-03-16,-1.9624073883761304,29.91,4.78,0.52,1.5611219454019447
2001-03-19,1.7626684032983286,29.78,4.82,0.5,1.6265691111913656
2001-03-20,-2.4077401171648027,30.96,4.78,0.54,1.659716650340137
2001-03-21,-1.7923702154931664,31.93,4.77,0.56,1.6573560751004397
2001-03-22,-0.406371623346724,32.84,4.73,0.56,1.655676495249389
2001-03-23,1.9909090065061363,30.45,4.8,0.56,1.7509159305106774
2001-03-26,1.1282371798750468,29.04,4.85,0.58,1.715416539224142
2001-03-27,2.557504969905233,27.04,5.0,0.59,1.840629189129573
2001-03-28,-2.442965378011941,28.58,4.97,0.67,1.886863999254276
2001-03-29,-0.463030782349072,29.17,4.98,0.71,1.8840274528477328
2001-03-30,1.0784446543313564,28.64,4.93,0.75,1.9108323119946968
2001-04-02,-1.2461938832180277,31.21,4.98,0.76,1.910521816918014
2001-04-03,-3.4393111214729988,34.72,4.94,0.79,1.9974796920198843
2001-04-04,-0.2901108987965695,34.07,4.94,0.82,1.977541633618658
2001-04-05,4.367998314638566,29.94,4.98,0.79,2.2695296223762056
2001-04-06,-1.9983576101425315,31.69,4.89,0.82,2.2494232222769592
2001-04-09,0.8117394675240863,31.91,4.93,0.83,2.0665541279223687
2001-04-10,2.706602553433868,29.44,5.09,0.85,2.134847168900746
2001-04-11,-0.2131147592366322,28.46,5.12,0.83,2.054061153864437
2001-04-12,1.5104328135851386,26.12,5.17,0.81,2.0778004361326805
2001-04-16,-0.322766902328897,26.33,5.28,0.79,2.0253807656049823
2001-04-17,1.0282453148762638,25.61,5.21,0.8,2.0010116846046797
2001-04-18,3.889040476854766,24.13,5.14,0.88,2.078247632284819
2001-04-19,1.254273017853591,24.16,5.27,0.98,2.01812648895776
2001-04-20,-0.8542750949638078,25.38,5.29,1.03,2.032027974645364
2001-04-23,-1.4980124708175555,28.16,5.2,1.05,2.051722257102757
2001-04-24,-1.2161467890639988,28.49,5.22,1.06,2.073471388029582
2001-04-25,1.5940891269641488,27.4,5.28,1.08,2.0280035682799094
2001-04-26,0.4695844989827114,25.96,5.2,1.06,1.9294354674821088
2001-04-27,1.50099058773554,24.02,5.34,1.06,1.935395744166992
2001-04-30,-0.2865079406830118,25.48,5.35,1.05,1.9363815691951585
2001-05-01,1.3589855617309743,24.2,5.3,1.07,1.9080527061027996
2001-05-02,0.0781807547532098,24.23,5.31,1.04,1.6714699472277224
2001-05-03,-1.487269265949498,25.78,5.22,1.0,1.729032695206279
2001-05-04,1.44404282716879,23.91,5.21,1.07,1.505979076029743
2001-05-07,-0.2447458666668511,24.86,5.21,1.09,1.4009575738435636
2001-05-08,-0.1828286737655893,24.44,5.24,1.14,1.4097794691752572
2001-05-09,-0.4487719892564135,24.35,5.2,1.13,1.327090110163609
2001-05-10,-0.0286717540152081,24.0,5.31,1.14,1.323470330257651
2001-05-11,-0.7576610015040175,23.54,5.51,1.15,1.3184825096532276
2001-05-14,0.2609037614572873,24.26,5.46,1.17,1.3112396013276009
2001-05-15,0.0416277617977245,23.71,5.5,1.22,1.300665713846783
2001-05-16,2.845278724491007,21.89,5.48,1.23,1.160069560311673
2001-05-17,0.2723756625809592,21.47,5.46,1.13,1.1332207825971703
2001-05-18,0.2693052122580974,21.23,5.41,1.04,1.1087627047840878
2001-05-21,1.615374759914645,20.76,5.41,1.04,1.0760030484181422
2001-05-22,-0.2627873591674268,21.35,5.42,1.08,1.0225293878737285
2001-05-23,-1.552639873747497,22.08,5.41,1.12,1.070509551539388
2001-05-24,0.3196148296129353,20.57,5.52,1.2,1.069380032165648
2001-05-25,-1.1815947460596443,20.6,5.52,1.21,1.0708283660393685
2001-05-29,-0.7794067426248774,22.14,5.54,1.21,1.0858461183166763
2001-05-30,-1.5655514748746049,22.76,5.54,1.2,1.101207798505756
2001-05-31,0.6201517937073353,22.64,5.43,1.21,1.111594642850238
2001-06-01,0.386209637024959,21.59,5.39,1.17,1.0610171395301886
2001-06-04,0.5108348086146242,21.38,5.35,1.16,1.0162214064753718
2001-06-05,1.2990159597655817,19.58,5.29,1.17,1.0540309256996732
2001-06-06,-1.0548639777156588,20.39,5.27,1.15,1.0832820974802668
2001-06-07,0.5456510067294751,19.67,5.33,1.19,1.0824672951759031
2001-06-08,-0.939731891921658,19.92,5.38,1.21,1.1066313331898527
2001-06-11,-0.8355953243949998,20.7,5.32,1.21,1.1097378420553283
2001-06-12,0.1163881185636706,20.7,5.27,1.18,1.1086986381190562
2001-06-13,-1.134689674485312,21.45,5.28,1.2,1.1390304115764178
2001-06-14,-1.7501595438172537,23.12,5.26,1.22,0.9821868009556745
2001-06-15,-0.4516882772492181,22.81,5.27,1.26,0.9750390847481922
2001-06-18,-0.4883174439339166,23.17,5.27,1.29,0.9667947273725944
2001-06-19,0.3434127056842095,22.34,5.26,1.27,0.8690381442926673
2001-06-20,0.8708752392797781,21.71,5.24,1.26,0.913783409767644
2001-06-21,1.1364213620349783,19.38,5.22,1.23,0.9231474331319908
2001-06-22,-0.9450028380182384,20.02,5.14,1.21,0.928856484879229
2001-06-25,-0.5508630297048178,20.67,5.16,1.2,0.9065331552107756
2001-06-26,-0.1509901409137759,21.2,5.24,1.21,0.8974554378530176
2001-06-27,-0.4676405725775434,20.88,5.26,1.2,0.8414885123102837
2001-06-28,1.2493089213528652,20.01,5.35,1.13,0.8824414943343756
2001-06-29,-0.1484216572772756,19.06,5.42,1.17,0.8745031789397958
2001-07-02,1.0078542422369496,18.76,5.37,1.16,0.9007097047421048
2001-07-03,-0.1835516192044139,18.92,5.41,1.17,0.8367345454493179
2001-07-05,-1.2321245525637623,20.09,5.44,1.2,0.8472330160936937
2001-07-06,-2.349826502045349,21.63,5.41,1.25,0.9537260480628114
2001-07-09,0.6878995885808203,22.48,5.37,1.22,0.9696363192582024
2001-07-10,-1.4397979065223998,23.25,5.32,1.24,0.997402479794122
2001-07-11,-0.1134103356830174,24.01,5.31,1.24,0.9937424024435288
2001-07-12,2.3691267149943185,22.09,5.27,1.2,1.1382220866802704
2001-07-13,0.6241030816857895,21.14,5.27,1.15,1.0828562722451955
2001-07-16,-1.0882881971022609,22.91,5.21,1.14,1.1055899337730477
2001-07-17,0.9971300861786324,22.61,5.22,1.13,1.123876273588275
2001-07-18,-0.5541633010651026,23.6,5.12,1.16,1.1286473547179028
2001-07-19,0.6052826282955781,22.51,5.13,1.15,1.1192101498161564
2001-07-20,-0.3432078384125181,22.34,5.15,1.17,1.0866641347741326
2001-07-23,-1.6368622611130257,23.74,5.13,1.15,1.1252621460406833
2001-07-24,-1.6271634136927229,25.24,5.13,1.16,1.1709597173521822
2001-07-25,1.6079857831039934,24.0,5.2,1.22,1.2381521277615677
2001-07-26,1.0449532191457944,23.01,5.19,1.25,1.260621495295029
2001-07-27,0.240237790153297,22.0,5.13,1.26,1.2266214362986525
2001-07-30,-0.1078043833835251,22.69,5.11,1.25,1.226529907794898
2001-07-31,0.5570651237587043,21.62,5.07,1.28,1.2096168725031753
2001-08-01,0.3880413561401896,20.56,5.11,1.28,1.2142110869173612
2001-08-02,0.3963999634972737,20.09,5.17,1.28,1.186358915683976
2001-08-03,-0.5242698680370639,19.89,5.2,1.29,1.0583253579013596
2001-08-06,-1.142174446908939,21.89,5.19,1.31,1.0840020484852515
2001-08-07,0.3265397182035334,21.01,5.2,1.3,1.0300495726620071
2001-08-08,-1.7328125783906967,22.32,4.99,1.22,1.108454030543223
2001-08-09,-0.0084472369490162,21.75,5.04,1.27,0.9609352566309156
2001-08-10,0.5686842621282606,20.55,4.99,1.26,0.9588183388531032
2001-08-13,0.0949456249882629,20.42,4.97,1.27,0.9308314723566574
2001-08-14,-0.3827832386929519,20.48,4.97,1.23,0.9003596066425034
2001-08-15,-0.7339463130492052,20.91,5.0,1.2,0.9058924519847762
2001-08-16,0.30899429450153,21.54,4.95,1.2,0.8957653832174347
2001-08-17,-1.6663052745311324,23.84,4.84,1.17,0.9585841709627824
2001-08-20,0.8124188847023373,22.87,4.91,1.17,0.9212775275732568
2001-08-21,-1.2079480285459132,24.4,4.87,1.18,0.8883810392417915
2001-08-22,0.6956128061277544,22.44,4.91,1.15,0.8190488191941675
2001-08-23,-0.2763292695957098,22.23,4.89,1.17,0.7735519876110388
2001-08-24,1.9654319856812648,19.71,4.93,1.17,0.9064440402837416
2001-08-27,-0.4827367451372688,20.56,4.94,1.16,0.910840992822226
2001-08-28,-1.5010008190401547,22.0,4.85,1.14,0.9479425044469444
2001-08-29,-1.1149237684562108,23.03,4.78,1.11,0.9579685087393688
2001-08-30,-1.7003925176352408,25.41,4.79,1.18,0.9940762877273582
2001-08-31,0.4029943083662779,24.92,4.85,1.21,1.008757636176919
2001-09-04,-0.0564595946690005,25.85,4.99,1.16,0.99232359930125
2001-09-05,-0.1059148087219519,26.35,4.97,1.18,0.9829776225685692
2001-09-06,-2.239027165158736,28.61,4.86,1.21,1.0271728158313125
2001-09-07,-1.8637016144416372,30.99,4.8,1.27,1.0789446137313286
2001-09-10,0.6225947782446006,31.84,4.84,1.31,1.08161950327115
2001-09-17,-4.921560547784553,41.76,4.63,1.67,1.4681610528603315
2001-09-18,-0.5804970478062166,38.87,4.72,1.76,1.4667743712951686
2001-09-19,-1.6112491823485176,40.56,4.69,1.88,1.4814502161514524
2001-09-20,-3.105993338932478,43.74,4.75,1.84,1.5510480060224936
2001-09-21,-1.9034260317110752,42.66,4.7,1.79,1.5581300994856877
2001-09-24,3.8983252112168474,37.75,4.73,1.79,1.8609015226622363
2001-09-25,0.8789682811224164,35.81,4.72,1.84,1.892369509545682
2001-09-26,-0.5166646648616657,35.26,4.65,1.83,1.866235941178924
2001-09-27,1.1489124142700646,34.0,4.58,1.8,1.9103797154453948
2001-09-28,2.1921988175857665,31.93,4.6,1.74,1.927251321110112
2001-10-01,-0.2295898623023706,32.32,4.55,1.73,1.929085810315384
2001-10-02,1.2305528501956209,31.18,4.53,1.76,1.9595356318192851
2001-10-03,1.992721040766932,31.34,4.5,1.73,2.028434081692469
2001-10-04,-0.2471392119277049,31.97,4.53,1.78,2.0023715769015613
2001-10-05,0.1636079758431829,33.39,4.52,1.81,1.9989710160261025
2001-10-09,-0.5355541696520527,34.83,4.62,1.88,1.999240468759396
2001-10-10,2.2938244839720845,31.6,4.61,1.83,2.080996689683926
2001-10-11,1.520834015585848,31.5,4.69,1.81,2.053575965562432
2001-10-12,-0.5266877171196449,35.27,4.68,1.87,2.0102871511199467
2001-10-15,-0.1529834569654165,35.31,4.62,1.84,2.006913886159857
2001-10-16,0.6935960961869103,32.88,4.59,1.82,1.6327901110538807
2001-10-17,-1.863264438138912,35.08,4.59,1.79,1.6944752125499485
2001-10-18,-0.7873047505638664,34.95,4.58,1.81,1.6560104143961114
2001-10-19,0.4557317621906032,34.11,4.63,1.86,1.4480946735354694
2001-10-22,1.5296087718508211,32.25,4.63,1.84,1.3501976800653324
2001-10-23,-0.4697674100833326,32.0,4.66,1.85,1.134318989752764
2001-10-24,0.0387103250114373,30.95,4.61,1.89,1.132709006077108
2001-10-25,1.3720987208263535,29.46,4.56,1.93,1.1312978648755785
2001-10-26,0.410877262013698,28.42,4.53,1.9,1.12069542034685
2001-10-29,-2.381830408229002,31.64,4.5,1.95,1.210451534171773
2001-10-30,-1.7165917580863832,33.46,4.44,1.96,1.2833432720469498
2001-10-31,-0.0009445045958234,33.56,4.3,1.86,1.2581184926066649
2001-11-01,2.2948107736279866,32.31,4.24,1.75,1.283723549350358
2001-11-02,0.2859492349182924,30.71,4.37,1.89,1.2815688243123486
2001-11-05,1.4385591750238236,30.5,4.31,1.85,1.3145486554940986
2001-11-06,1.4526150690715944,28.8,4.3,1.93,1.3314621131641762
2001-11-07,-0.2734869924297167,29.13,4.22,1.9,1.2498049957007455
2001-11-08,0.2455628351381245,28.62,4.32,1.9,1.2089087028370595
2001-11-09,0.1582437346394405,27.44,4.34,1.89,1.1998211086858117
2001-11-13,1.856340309336213,26.47,4.41,1.87,1.25706395383326
2001-11-14,0.1861130534725363,26.56,4.54,1.84,1.2524753124453936
2001-11-15,0.0902576504001828,25.56,4.79,1.81,1.1544886507395344
2001-11-16,-0.3142917294968739,25.07,4.91,1.82,1.1355313062009034
2001-11-19,1.0898901254644544,24.46,4.8,1.88,1.1479271543281733
2001-11-20,-0.7297642161543494,24.12,4.88,1.92,1.1383809185290048
2001-11-21,-0.4927104050553632,24.19,4.98,1.87,1.139157468381375
2001-11-23,1.1705879511087591,23.25,5.04,1.84,1.156071351637784
2001-11-26,0.6154770185656577,23.79,5.05,1.83,1.131505526001162
2001-11-27,-0.6842843258801135,24.0,4.98,1.87,1.150630572532022
2001-11-28,-1.825139666702913,25.9,4.98,1.86,1.089633901529936
2001-11-29,1.0349777973346352,25.18,4.79,1.92,0.9992348339387532
2001-11-30,-0.0657779365127342,23.84,4.78,1.94,1.0006396869149987
2001-12-03,-0.8381172642107582,25.77,4.75,1.93,0.9270826885732564
2001-12-04,1.3187029022137864,24.08,4.7,1.89,0.9591534165924608
2001-12-05,2.23182439448415,23.02,4.92,1.85,1.0241456903190442
2001-12-06,-0.277694712504517,23.71,5.04,1.85,0.9953419443317248
2001-12-07,-0.7531417338754176,23.49,5.2,2.01,1.013592280010449
2001-12-10,-1.586794895412269,25.62,5.17,2.07,1.0893219862514605
2001-12-11,-0.2780910929572111,25.3,5.13,2.1,1.0926531101184582
2001-12-12,0.0272649038297378,24.87,5.02,2.05,1.010241830562922
2001-12-13,-1.5557478644108724,25.91,5.13,2.04,1.066502720521713
2001-12-14,0.3314299809999088,24.63,5.24,2.04,1.0700191736879647
2001-12-17,1.0034832359149704,24.26,5.26,2.05,1.09505215963457
2001-12-18,0.7546157043874402,23.29,5.16,2.03,1.0797360945611352
2001-12-19,0.5809693060869314,22.58,5.08,1.97,1.0747910178581146
2001-12-20,-0.8377122022309003,23.67,5.08,1.93,1.0864220408125915
2001-12-21,0.4351109896044258,22.5,5.12,1.95,1.0574279340921655
2001-12-24,-0.0209618593318472,22.62,5.18,1.96,1.0468709156513605
2001-12-26,0.4123505527849902,22.29,5.22,1.96,1.04061505491535
2001-12-27,0.6751533273525068,21.59,5.13,1.94,0.955976981671256
2001-12-28,0.3361778393112802,21.4,5.15,1.99,0.9336540057065728
2001-12-31,-1.114542665835072,23.8,5.07,2.0,0.971810714256638
2002-01-02,0.5740094891362402,22.71,5.2,1.98,0.9556486800683104
2002-01-03,0.9180090573510656,21.34,5.16,1.97,0.9329684342079722
2002-01-04,0.6213143831922618,20.45,5.18,1.99,0.7984307118659244
2002-01-07,-0.6498874255845943,21.94,5.09,2.01,0.809801132292201
2002-01-08,-0.358836770714277,21.83,5.1,2.03,0.7953335763872054
2002-01-09,-0.4798740836654547,22.13,5.1,2.07,0.7123002887782125
2002-01-10,0.1220660839211351,22.36,5.0,2.06,0.7076510632487921
2002-01-11,-0.9467876684872144,22.6,4.92,2.16,0.7446542899758326
2002-01-14,-0.627613613781075,23.58,4.91,2.12,0.6645886638166627
2002-01-15,0.6834011465972845,22.7,4.88,2.09,0.6759805186501903
2002-01-16,-1.624512172419068,23.45,4.88,2.04,0.7439413784052233
2002-01-17,1.003047183988226,22.25,4.98,2.02,0.759594853149529
2002-01-18,-0.9922071491006434,22.52,4.94,2.03,0.7759154609701271
2002-01-22,-0.7334200485323628,23.61,4.96,1.99,0.770986286096998
2002-01-23,0.7924520153362424,21.88,5.05,1.98,0.787715859189067
2002-01-24,0.3518915877006145,21.15,5.07,1.92,0.7933428130015351
2002-01-25,0.0998105249697234,21.01,5.1,1.93,0.786767971403986
2002-01-28,-0.0194100926018681,21.14,5.12,1.93,0.7673504138689
2002-01-29,-2.8612820387958315,24.35,5.02,1.97,0.9759364153478386
2002-01-30,1.1747648157926616,23.22,5.02,1.96,1.0045304384437714
2002-01-31,1.4933956271208082,21.09,5.07,1.91,1.058860543904688
2002-02-01,-0.7078393510550951,21.12,5.02,1.94,1.038673466364385
2002-02-04,-2.473713328594973,24.87,4.94,1.95,1.138319197333735
2002-02-05,-0.4038523913263647,25.45,4.92,1.93,1.136095424147777
2002-02-06,-0.5972376331605855,26.09,4.92,1.94,1.1377139355782495
2002-02-07,-0.3082542653237707,25.11,4.93,1.94,1.1372294681493846
2002-02-08,1.4858703819622845,23.26,4.9,1.95,1.2045785745077169
2002-02-11,1.434016084658829,21.78,4.91,1.96,1.2499793735744182
2002-02-12,-0.3992968721525436,21.62,4.97,1.93,1.246343756412294
2002-02-13,0.9941318072799188,20.85,5.01,1.92,1.2588921501884245
2002-02-14,-0.1814940661371777,21.77,4.95,1.88,1.208127155939079
2002-02-15,-1.1016701573680177,22.37,4.86,1.89,1.2039260984775746
2002-02-19,-1.8873813034917089,24.43,4.88,1.9,1.2526311993489498
2002-02-20,1.3513776940142774,22.66,4.88,1.88,1.291387451410617
2002-02-21,-1.5510327692499937,23.8,4.88,1.88,1.3134075915198296
2002-02-22,0.8224261112921738,22.86,4.84,1.87,1.3280475502704974
2002-02-25,1.7975196822479944,21.84,4.86,1.85,1.3993400826524427
2002-02-26,-0.0045112197887164,21.68,4.93,1.85,1.3993874977241256
2002-02-27,0.0459725038652436,21.49,4.84,1.75,1.238831543479644
2002-02-28,-0.2847159752751182,21.59,4.88,1.82,1.2117266880359527
2002-03-01,2.2634291353989644,19.96,4.98,1.8,1.2731489973172787
2002-03-04,1.9491364003959568,20.5,5.02,1.78,1.331092390418284
2002-03-05,-0.6673326804381263,20.3,5.02,1.77,1.1985571257230458
2002-03-06,1.4509575331346891,19.94,5.06,1.8,1.2178941659389564
2002-03-07,-0.4497863189539708,20.04,5.22,1.86,1.2124158603300432
2002-03-08,0.5848626658938816,19.27,5.33,1.73,1.2037783251091698
2002-03-11,0.339252516348254,19.84,5.33,1.74,1.1754406696078137
2002-03-12,-0.2294055851038812,19.59,5.32,1.76,1.1514665654410683
2002-03-13,-0.9857745214894464,19.46,5.28,1.79,1.1758701955494235
2002-03-14,-0.0909744291092806,19.2,5.4,1.77,1.162883579490929
2002-03-15,1.1378611906534442,18.42,5.35,1.72,1.1798766839715562
2002-03-18,-0.0523071734310987,18.93,5.32,1.65,1.140472789848834
2002-03-19,0.4066741054269407,18.16,5.33,1.69,1.02037448725115
2002-03-20,-1.5756831948543717,18.46,5.4,1.69,1.0834457760664105
2002-03-21,0.151060491492383,18.15,5.39,1.66,0.9984292179676868
2002-03-22,-0.4238953868639261,17.77,5.4,1.63,1.004978280640647
2002-03-25,-1.465130736491982,18.48,5.41,1.63,1.0084505108932271
2002-03-26,0.5848723922133869,18.13,5.35,1.67,1.013680389001071
2002-03-27,0.5349160618494997,17.7,5.35,1.69,1.0173235947711885
2002-03-28,0.2455100300232437,17.4,5.42,1.7,1.012049690418488
2002-04-01,-0.0740790468006569,18.73,5.44,1.7,0.8866444931780604
2002-04-02,-0.8530037298018711,19.16,5.36,1.73,0.789957122137557
2002-04-03,-0.9993301359980666,20.2,5.3,1.75,0.8064512003189233
2002-04-04,0.083520649178892,19.78,5.28,1.71,0.7227133346739865
2002-04-05,-0.3205058384777581,19.13,5.22,1.73,0.7205273272807574
2002-04-08,0.2280208632783775,19.61,5.25,1.74,0.7056347323254801
2002-04-09,-0.6656053083536673,19.47,5.22,1.74,0.7033927826770855
2002-04-10,1.1334694329529604,18.19,5.24,1.76,0.7655193990127385
2002-04-11,-2.368928851795904,20.3,5.22,1.75,0.8963022371484641
2002-04-12,0.6632359401634425,19.42,5.18,1.77,0.91759328323419
2002-04-15,-0.7614657710675932,19.82,5.15,1.77,0.8709635626628951
2002-04-16,2.341838932074425,18.11,5.2,1.77,1.049598685720104
2002-04-17,-0.2038381770233188,18.43,5.24,1.83,1.0411950346057317
2002-04-18,-0.1420849203204621,19.29,5.23,1.85,0.9885979150325268
2002-04-19,0.0622580647262394,18.3,5.21,1.85,0.9875362063280462
2002-04-22,-1.5411082070602822,19.77,5.19,1.82,1.0360372408941718
2002-04-23,-0.6201308314187082,20.28,5.18,1.79,0.9971951866349482
2002-04-24,-0.7102843487971744,20.77,5.11,1.83,0.990108991579736
2002-04-25,-0.1518592456082879,20.95,5.1,1.85,0.9751345081093592
2002-04-26,-1.3889429445308576,22.14,5.08,1.86,1.0010899165768683
2002-04-29,-1.0099222963083632,24.05,5.13,1.87,1.0110851208576963
2002-04-30,1.0765491857052112,21.91,5.11,1.87,1.0528855350491404
2002-05-01,0.88585192984596,20.06,5.08,1.87,1.06793932799033
2002-05-02,-0.1748709029378847,20.07,5.13,1.88,1.066266230842854
2002-05-03,-1.0262230103922243,20.19,5.08,1.91,1.0825938099564845
2002-05-06,-1.933988124690189,22.56,5.1,1.91,1.1419537440766925
2002-05-07,-0.3020940634939073,21.94,5.09,1.95,1.139166935722322
2002-05-08,3.750391687182497,20.39,5.24,1.92,1.427362323524143
2002-05-09,-1.4547427263143953,21.56,5.2,1.93,1.3668560931535647
2002-05-10,-1.6793896950864529,22.41,5.15,1.96,1.3951966655808707
2002-05-13,1.8550003829920003,20.72,5.23,1.95,1.4655314064850211
2002-05-14,2.1143509403148686,19.35,5.32,1.92,1.446187123482752
2002-05-15,-0.56595243164973,19.19,5.28,1.91,1.4494265852378658
2002-05-16,0.6562397034250766,18.5,5.2,1.92,1.460544009881115
2002-05-17,0.7612235597496797,17.7,5.27,1.86,1.4731391874042217
2002-05-20,-1.329305469220976,19.24,5.21,1.88,1.4627544108124628
2002-05-21,-1.099021865620475,20.05,5.18,1.9,1.4762222146731754
2002-05-22,0.5685830481789278,19.58,5.13,1.9,1.475470938862551
2002-05-23,1.018391588049283,18.23,5.16,1.88,1.493165178168354
2002-05-24,-1.208663934879506,18.9,5.16,1.88,1.4846294106762077
2002-05-28,-0.8552986584789424,20.31,5.16,1.86,1.4792389442205671
2002-05-29,-0.6411999753712316,20.39,5.11,1.87,1.4664857171570729
2002-05-30,-0.2809883206225883,20.61,5.06,1.89,1.451135246377259
2002-05-31,0.2329363730329881,19.98,5.08,1.86,1.4527645134760456
2002-06-03,-2.479521016388564,23.37,5.06,1.87,1.5369642810103978
2002-06-04,0.0009501186533977,23.89,5.04,1.91,1.4781092758413228
2002-06-05,0.8849977924613395,22.61,5.08,1.92,1.4910998567776452
2002-06-06,-1.976378656775468,24.16,5.04,1.91,1.2688084441714338
2002-06-07,-0.1574109778707755,23.51,5.1,1.94,1.2380507134970749
2002-06-10,0.3123958274676042,23.72,5.07,1.92,1.1928329881095812
2002-06-11,-1.6628844141906352,24.45,5.02,1.93,1.1463808751858358
2002-06-12,0.6570673184791209,24.15,4.98,1.93,1.025800322253268
2002-06-13,-1.0487534652553143,25.02,4.94,1.94,1.0365711593897071
2002-06-14,-0.2268293150364142,25.96,4.83,1.91,1.0084295981101203
2002-06-17,2.869143710592281,24.64,4.89,1.93,1.225819331606049
2002-06-18,0.0936111508716974,24.24,4.88,1.95,1.2053449012094284
2002-06-19,-1.6535881531748564,26.06,4.76,1.95,1.2319897713164978
2002-06-20,-1.3431516326825157,27.48,4.85,1.92,1.2370282707515168
2002-06-21,-1.704276476302169,27.23,4.79,1.91,1.2255785199511755
2002-06-24,0.361926117806477,26.98,4.87,1.94,1.2287282311718415
2002-06-25,-1.6701543782728812,27.84,4.88,1.96,1.2567331679702864
2002-06-26,-0.2673781744827352,28.42,4.75,1.98,1.2568579489029477
2002-06-27,1.7575200391014123,26.29,4.84,1.99,1.3506885553144257
2002-06-28,-0.0827755099827798,25.4,4.86,1.96,1.345339281946967
2002-07-01,-2.138770963761893,27.11,4.85,1.97,1.319076351204507
2002-07-02,-2.1225413761828515,28.96,4.77,1.99,1.3736941947178782
2002-07-03,0.6222999094795512,29.42,4.78,2.0,1.3613988671696489
2002-07-05,3.672998608076728,27.11,4.9,2.0,1.5977524441009516
2002-07-08,-1.2183703700778037,28.25,4.84,2.0,1.6142606006669136
2002-07-09,-2.471899512958209,30.22,4.78,2.04,1.6827548327445978
2002-07-10,-3.3962034997127355,34.1,4.66,2.05,1.7933664932137117
2002-07-11,0.7496197196734,33.85,4.66,2.05,1.7965322681245115
2002-07-12,-0.6448322137049933,32.94,4.63,2.07,1.7918399854731908
2002-07-15,-0.3755219741529814,35.03,4.66,2.11,1.7912143387103414
2002-07-16,-1.8509026145718253,36.65,4.75,2.09,1.6353041239627732
2002-07-17,0.5660727209489291,35.45,4.71,2.08,1.6504724470038097
2002-07-18,-2.7018653770718326,35.12,4.66,2.11,1.6995841333382455
2002-07-19,-3.835246341965115,38.17,4.61,2.13,1.8342414103898288
2002-07-22,-3.2910674625847847,41.87,4.51,2.11,1.906597108706622
2002-07-23,-2.701709341770231,44.92,4.47,2.13,1.9214614938783123
2002-07-24,5.732729067187403,39.86,4.49,2.11,2.442233808254189
2002-07-25,-0.5631765577757797,39.27,4.43,2.15,2.4403716438282896
2002-07-26,1.688371524699228,35.51,4.43,2.23,2.436731046466922
2002-07-29,5.407813149581853,31.33,4.62,2.21,2.7950311814202853
2002-07-30,0.4249362853574023,31.92,4.65,2.21,2.7718885805443088
2002-07-31,0.979193771842457,32.03,4.51,2.28,2.752159807650405
2002-08-01,-2.9573750155831746,36.95,4.47,2.32,2.81428198460364
2002-08-02,-2.3082295492101057,41.29,4.33,2.34,2.6800688049001886
2002-08-05,-3.429604621790228,45.08,4.29,2.36,2.749953696580933
2002-08-06,2.991856274708238,42.03,4.42,2.31,2.839709498791354
2002-08-07,2.0010019033323,38.73,4.35,2.37,2.80379336484303
2002-08-08,3.272238078663414,36.33,4.4,2.3,2.903991063421963
2002-08-09,0.3512018861808297,35.33,4.27,2.17,2.9023307055116745
2002-08-12,-0.5326671484241707,37.05,4.22,2.12,2.903527911322079
2002-08-13,-2.167511184432536,35.82,4.12,2.12,2.9147746622241884
2002-08-14,4.004701627960761,32.36,4.06,1.94,3.051464545635594
2002-08-15,1.1559127617117415,29.43,4.17,1.95,2.985020711098912
2002-08-16,-0.1590949173609246,28.81,4.32,2.04,2.8251624245000677
2002-08-19,2.361186538606108,28.61,4.29,2.04,2.706721938352286
2002-08-20,-1.3958156475084027,29.59,4.17,2.05,2.633123350371817
2002-08-21,1.2726275848853996,28.23,4.2,2.08,2.3732378198601847
2002-08-22,1.4051600089852956,27.75,4.3,2.08,2.362383143530554
2002-08-23,-2.2686222684675683,29.32,4.25,2.06,2.4412460778687937
2002-08-26,0.7535687526151413,29.89,4.22,2.03,2.156005687682058
2002-08-27,-1.3850946477908743,30.11,4.29,2.03,2.187699679991871
2002-08-28,-1.8131845782321296,33.32,4.22,1.99,2.2239723593408627
2002-08-29,-0.0076271503144376,33.67,4.16,2.02,2.108305158605338
2002-08-30,-0.1884920997776484,32.64,4.14,2.0,2.0270212314782494
2002-09-03,-4.1536113494328175,39.97,3.98,1.97,2.102405072929812
2002-09-04,1.751669044063875,37.44,3.96,1.94,2.03526920473688
2002-09-05,-1.5950301780376486,38.86,3.91,1.96,2.027815286987531
2002-09-06,1.6800270813775775,36.33,4.05,1.97,1.9224734786521984
2002-09-09,1.011280565970818,36.45,4.05,1.92,1.9352842157974168
2002-09-10,0.7331437667334573,35.08,4.0,1.88,1.938109246437932
2002-09-11,-0.0142928472888437,34.81,4.07,1.89,1.8669575126538136
2002-09-12,-2.478425285607544,37.5,3.98,1.86,1.7209183939535186
2002-09-13,0.3269806972381328,35.82,3.92,1.85,1.6972057948576529
2002-09-16,0.144972300927515,36.74,3.9,1.83,1.699029575615195
2002-09-17,-1.9728376766173672,38.01,3.87,1.81,1.63114870111667
2002-09-18,-0.4647858626952161,37.52,3.86,1.82,1.6147267701296235
2002-09-19,-3.006465390913582,40.65,3.79,1.86,1.6691552645128582
2002-09-20,0.2454592925865251,38.98,3.79,1.85,1.6159655579872665
2002-09-23,-1.382794004997523,39.68,3.7,1.77,1.5805879942911925
2002-09-24,-1.728443561076631,40.52,3.69,1.76,1.5668592503591054
2002-09-25,2.4862985833457474,37.33,3.77,1.77,1.7121064901935574
2002-09-26,1.820979867033401,34.6,3.79,1.82,1.759962220733685
2002-09-27,-3.225921597292769,36.97,3.69,1.87,1.8715972723387
2002-09-30,-1.4612526308257157,39.69,3.63,1.91,1.8820385731722256
2002-10-01,4.002298924922454,34.12,3.72,1.92,1.945867877366928
2002-10-02,-2.358740978812724,36.83,3.71,1.96,1.9508000093383864
2002-10-03,-1.082238555898618,37.31,3.7,1.95,1.9370609799209435
2002-10-04,-2.243115555695674,39.46,3.69,1.91,1.9207071797947808
2002-10-07,-1.911112876459886,42.64,3.64,1.87,1.908210996181068
2002-10-08,1.6898377650040874,41.02,3.65,1.85,1.9568323685867797
2002-10-09,-2.7286930512098406,42.13,3.61,1.89,2.005361141364862
2002-10-10,3.496572017491784,37.55,3.68,1.93,2.174794156050277
2002-10-11,3.905864399637848,35.7,3.83,1.98,2.381072662463354
2002-10-15,4.733554023374031,34.02,4.07,1.99,2.632818157621248
2002-10-16,-2.4112927399144835,36.0,4.06,2.04,2.651350689978712
2002-10-17,2.2301797911908228,34.1,4.16,2.06,2.698886158173739
2002-10-18,0.590309641645459,33.53,4.14,2.05,2.602360568499833
2002-10-21,1.7333931637368627,33.11,4.24,2.01,2.6239033210826506
2002-10-22,-1.062552557449925,34.09,4.27,2.06,2.6140022208924134
2002-10-23,0.6717940240315912,33.2,4.26,2.06,2.5695432935758986
2002-10-24,-1.522085212743074,34.03,4.16,2.07,2.5581460596361185
2002-10-25,1.7167166474858275,30.0,4.12,2.14,2.5548660675171635
2002-10-28,-0.8266076693036251,31.07,4.1,2.22,2.4372701495315763
2002-10-29,-0.9076256958267082,32.27,3.97,2.18,2.4185911121201285
2002-10-30,0.9703562117202802,31.23,3.99,2.25,2.270465082791823
2002-10-31,-0.5557377917527417,31.14,3.93,2.25,2.196687068548124
2002-11-01,1.716041821650216,29.3,4.01,2.25,2.191489510131238
2002-11-04,0.8202310239139088,30.82,4.07,2.28,2.0973334556493946
2002-11-05,0.7750359720061439,31.23,4.1,2.28,2.011123537796429
2002-11-06,0.9143638212398608,30.73,4.09,2.22,1.9995279579332168
2002-11-07,-2.2852239898237703,31.42,3.88,2.02,1.961449516486197
2002-11-08,-0.8763124096542452,29.41,3.85,1.98,1.8794425124740517
2002-11-12,0.7715232708418229,30.58,3.84,2.05,1.7044824228332422
2002-11-13,-0.0475658762500552,31.24,3.84,2.08,1.3590484852715634
2002-11-14,2.4633711616244502,28.67,4.03,2.14,1.3175293370606225
2002-11-15,0.6148603225257787,26.65,4.05,2.14,1.2446343816554373
2002-11-18,-1.0408572546959705,27.66,4.02,2.11,1.2765214646420568
2002-11-19,-0.4020608618866994,27.41,3.99,2.08,1.2301693571218737
2002-11-20,1.9414807379268595,25.32,4.08,2.1,1.2642673374084867
2002-11-21,2.145160512808797,23.81,4.14,2.09,1.331545578441952
2002-11-22,-0.3437737683221198,23.16,4.18,2.08,1.2704519616835603
2002-11-25,0.2493157116385758,24.07,4.19,2.1,1.2308350841333766
2002-11-26,-2.09675492415603,25.97,4.08,2.11,1.3216986872144014
2002-11-27,2.7986113835301474,27.25,4.26,2.13,1.4090669984858823
2002-11-29,-0.272667948907479,27.5,4.22,2.14,1.411232827979501
2002-12-02,-0.190104587835227,27.46,4.22,2.15,1.4010162315717047
2002-12-03,-1.4745410917659685,28.33,4.24,2.16,1.4226892865945384
2002-12-04,-0.3442826945594612,28.92,4.18,2.16,1.4207975501851264
2002-12-05,-1.202078193884104,30.1,4.13,2.16,1.4446976416072923
2002-12-06,0.6265504111482523,28.88,4.09,2.2,1.4372176866507045
2002-12-09,-2.217640386950981,30.78,4.06,2.18,1.4315019382626837
2002-12-10,1.3957412788151655,28.76,4.06,2.16,1.4437958686036076
2002-12-11,0.0563889389951555,27.76,4.01,2.16,1.4369201577541149
2002-12-12,-0.3734977016382035,27.29,4.01,2.16,1.4409179813966475
2002-12-13,-1.3420923702535892,28.18,4.07,2.2,1.3639239739676503
2002-12-16,2.3519409547911208,26.24,4.15,2.21,1.461864787866329
2002-12-17,-0.8139316762932447,26.66,4.13,2.24,1.4541128754286536
2002-12-18,-1.3145212289791377,28.29,4.06,2.25,1.4822457402394134
2002-12-19,-0.7709393970319445,30.21,3.96,2.22,1.415831996401822
2002-12-20,1.3016691846904127,26.71,3.97,2.21,1.354909281775797
2002-12-23,0.1808514668578897,26.2,3.98,2.19,1.3570322153943628
2002-12-24,-0.5471521710948668,26.49,3.95,2.22,1.355684950392326
2002-12-26,-0.3148562585674308,27.37,3.93,2.23,1.2818731769024991
2002-12-27,-1.6028538049280283,29.55,3.83,2.23,1.121638921394922
2002-12-30,0.4557905098352854,29.62,3.82,2.21,1.135794983585248
2002-12-31,0.0488966975538351,28.62,3.83,2.22,1.138343809570071
2003-01-02,3.3199997419349536,25.39,4.07,2.27,1.3601179924679454
2003-01-03,-0.0484035100299817,24.68,4.05,2.26,1.358417383122108
2003-01-06,2.247436391177171,24.91,4.09,2.25,1.4207325180777288
2003-01-07,-0.6544619569145094,25.13,4.04,2.27,1.4261274346727122
2003-01-08,-1.408557539918065,25.53,4.0,2.29,1.3681801490592345
2003-01-09,1.938612287805186,24.25,4.19,2.32,1.4000779203870242
2003-01-10,0.0,24.32,4.16,2.37,1.4003024105841753
2003-01-13,-0.1412289690535306,24.9,4.15,2.34,1.3968422120915585
2003-01-14,0.5829856975335224,24.57,4.1,2.34,1.3547177516179416
2003-01-15,-1.44258665487621,25.51,4.1,2.35,1.308375925346643
2003-01-16,-0.394240512370414,25.01,4.1,2.35,1.297093215893821
2003-01-17,-1.4016998284795967,25.7,4.05,2.35,1.3021339657101905
2003-01-21,-1.5702315109737075,27.59,4.01,2.34,1.3409086839675757
2003-01-22,-1.0432403299344806,29.01,3.95,2.29,1.3260691094792934
2003-01-23,1.0223645946612736,27.53,3.98,2.29,1.348271561200557
2003-01-24,-2.923344113454651,31.51,3.94,2.28,1.4916713721350163
2003-01-27,-1.6159790516352857,34.69,3.98,2.28,1.5264504688955631
2003-01-28,1.3050452887956476,31.93,4.0,2.3,1.5274462981533845
2003-01-29,0.6778959015503627,31.26,4.06,2.29,1.5323931794510033
2003-01-30,-2.284927615195776,31.32,4.0,2.3,1.609384796779288
2003-01-31,1.3130352526974365,31.17,4.0,2.28,1.4316525987945703
2003-02-03,0.5399082682342904,31.02,4.01,2.29,1.4429222993152668
2003-02-04,-1.408777549517104,32.76,3.96,2.28,1.335803951412809
2003-02-05,-0.5435021557671615,33.04,4.02,2.29,1.335120517164116
2003-02-06,-0.6448632947551713,33.35,3.97,2.29,1.316753902822619
2003-02-07,-1.0093684574632666,34.01,3.96,2.33,1.2008860223929498
2003-02-10,0.7569053795079661,33.99,3.99,2.31,1.2306602558192268
2003-02-11,-0.809832737221361,33.68,3.98,2.33,1.2291588131056483
2003-02-12,-1.2686950526266227,34.33,3.93,2.31,1.209322779865659
2003-02-13,-0.1600133837779682,33.7,3.89,2.32,1.1983289582025984
2003-02-14,2.143462524427276,32.62,3.95,2.33,1.3437961558086906
2003-02-18,1.9499536437232567,31.11,3.94,2.28,1.4249190201391124
2003-02-19,-0.7096089087508695,31.31,3.88,2.27,1.3965766969116458
2003-02-20,-0.9501531421770348,31.16,3.85,2.26,1.3938962373695574
2003-02-21,1.3224235631437151,30.25,3.9,2.27,1.4096229940519094
2003-02-24,-1.838070921446877,31.98,3.86,2.26,1.3178183931904224
2003-02-25,0.7194491954433557,31.74,3.81,2.23,1.2852465993644608
2003-02-26,-1.3141442497345723,31.94,3.78,2.21,1.2738355750506534
2003-02-27,1.175764805441637,30.53,3.76,2.18,1.2960703155804578
2003-02-28,0.4622103695029578,29.63,3.71,2.18,1.200032857195416
2003-03-03,-0.7537331833147309,30.43,3.68,2.16,1.1683402889935282
2003-03-04,-1.5356796590494717,31.83,3.65,2.16,1.1987041158418352
2003-03-05,0.9562142416504882,30.38,3.63,2.17,1.1919779396282564
2003-03-06,-0.9339037450146191,31.37,3.67,2.2,1.2027270625206097
2003-03-07,0.825938360801004,31.08,3.63,2.24,1.2139925674922505
2003-03-10,-2.5829764867861598,33.31,3.59,2.24,1.325422141126795
2003-03-11,-0.8359340371610902,33.61,3.6,2.22,1.3173310334718522
2003-03-12,0.4321084581634826,33.51,3.6,2.15,1.3166836260655714
2003-03-13,3.445705851668457,31.76,3.74,2.15,1.5123436732210842
2003-03-14,0.1646826634188913,30.98,3.72,2.16,1.5112502041350957
2003-03-17,3.5426641789776614,31.75,3.82,2.19,1.63758274796563
2003-03-18,0.4242091671087467,30.43,3.91,2.19,1.5853550981166045
2003-03-19,0.8736807914557332,31.54,3.98,2.26,1.5822821969652896
2003-03-20,0.188778671201506,30.44,4.01,2.26,1.5598016534122894
2003-03-21,2.2976687005213714,28.67,4.11,2.31,1.6099584576414194
2003-03-24,-3.5231469800648285,30.39,3.98,2.27,1.763704287935086
2003-03-25,1.216112609276121,28.75,3.97,2.28,1.7748426043982648
2003-03-26,-0.5475887784735178,28.23,3.96,2.28,1.747897943892948
2003-03-27,-0.1643764188419716,27.96,3.95,2.33,1.736783199482714
2003-03-28,-0.5779969854879496,27.75,3.92,2.36,1.7440032329920845
2003-03-31,-1.7741757179176365,29.15,3.83,2.32,1.7861177446450678
2003-04-01,1.2143634466636133,28.36,3.84,2.34,1.7596656540849882
2003-04-02,2.611597760622275,28.02,3.94,2.34,1.832925327442898
2003-04-03,-0.5051665437279529,28.21,3.93,2.38,1.820013340864818
2003-04-04,0.2738277534919398,29.13,3.96,2.41,1.816379374632088
2003-04-07,0.1228898128060596,28.45,4.03,2.38,1.6857308770756028
2003-04-08,-0.1863801282020571,27.13,3.95,2.36,1.6659143430719938
2003-04-09,-1.4004472441544569,27.11,3.93,2.38,1.7180633134530463
2003-04-10,0.645507098061926,25.6,3.95,2.35,1.5625571161886516
2003-04-11,-0.3763314018862873,24.44,4.0,2.35,1.5686886710204293
2003-04-14,1.94978612389638,23.41,4.04,2.3,1.4248368414909731
2003-04-15,0.6303466006527536,22.56,3.98,2.29,1.4277576708708373
2003-04-16,-1.2236082266628978,22.52,3.96,2.29,1.4485562635102198
2003-04-17,1.553573020255694,21.5,3.98,2.27,1.4873828056336975
2003-04-21,-0.1756985713861292,21.95,4.0,2.29,1.3960981940976374
2003-04-22,2.1703775898937794,20.7,4.01,2.31,1.2105840954317877
2003-04-23,0.8393983184709519,20.8,4.02,2.32,1.1980002093467796
2003-04-24,-0.8258826460973201,20.33,3.93,2.31,1.2093628653953077
2003-04-25,-1.3846368035506096,20.8,3.91,2.34,1.260540415324199
2003-04-28,1.7834725181536504,20.84,3.92,2.33,1.2959943173921538
2003-04-29,0.3279261851180326,20.76,3.96,2.34,1.20092242675883
2003-04-30,-0.1002401201072644,21.21,3.89,2.38,1.190060293738149
2003-05-01,-0.0676171453063645,21.59,3.88,2.38,1.064672945142628
2003-05-02,1.5038774943199495,20.63,3.94,2.38,1.088886428788183
2003-05-05,-0.3795403870647806,21.13,3.92,2.37,1.0995567161090931
2003-05-06,0.8461526046903867,20.8,3.84,2.39,1.1063248697331272
2003-05-07,-0.5104955592922011,21.0,3.72,2.27,1.1162540538828694
2003-05-08,-1.0057846899860223,21.24,3.7,2.21,1.0879208484146938
2003-05-09,1.427836758169554,19.69,3.69,2.24,1.1143610433632314
2003-05-12,1.253469808943164,19.52,3.64,2.18,1.1181018458144836
2003-05-13,-0.2973196349786211,19.91,3.63,2.16,1.0692473867203642
2003-05-14,-0.3204880118025888,20.0,3.53,2.12,1.075760315440384
2003-05-15,0.7867678842073511,19.24,3.53,2.07,1.021327256868263
2003-05-16,-0.250350719888881,18.4,3.46,2.08,0.9906111203413456
2003-05-19,-2.491789533611377,20.51,3.46,2.11,1.1665684152130822
2003-05-20,-0.1129531848820919,21.29,3.38,2.07,1.067534455137345
2003-05-21,0.4012049753478353,21.21,3.39,2.01,1.054926198548419
2003-05-22,0.9150779020831834,19.78,3.34,1.98,1.052482040880056
2003-05-23,0.1448673734545602,19.17,3.34,1.96,0.9914875799666306
2003-05-27,1.9566672744762537,19.99,3.41,2.08,1.0067516035159771
2003-05-28,0.1828719752482666,20.03,3.44,2.09,1.006314244342314
2003-05-29,-0.3755645249487127,20.43,3.34,2.04,1.0124175370832658
2003-05-30,1.4689789806504372,19.47,3.37,2.04,1.0502088384210195
2003-06-02,0.3538821541832604,20.85,3.43,2.1,1.0090326963082152
2003-06-03,0.4715612780345157,20.84,3.34,2.14,1.0012362456281942
2003-06-04,1.5109712948937926,20.62,3.3,2.1,1.0328776764599628
2003-06-05,0.3954437512857067,20.83,3.34,2.09,1.016327342260593
2003-06-06,-0.2403705382675203,21.25,3.37,2.1,0.9774118946678652
2003-06-09,-1.1976610687702172,22.15,3.29,2.1,1.0023043678366022
2003-06-10,0.9129788249726988,20.64,3.2,2.07,0.9867361585831218
2003-06-11,1.2834524662487468,20.21,3.21,2.05,1.0070009101980295
2003-06-12,0.1032631548545826,20.41,3.18,2.05,0.9979017788514036
2003-06-13,-0.9914797365312644,20.66,3.13,2.03,1.0319173995824469
2003-06-16,2.238497001923645,20.22,3.18,2.0,1.118395980795931
2003-06-17,0.0910207292721176,20.01,3.27,2.02,0.9014971302238992
2003-06-18,-0.1551851739456156,19.76,3.37,2.1,0.9029965712545008
2003-06-19,-1.523628017232137,19.8,3.35,2.18,1.0076233113934996
2003-06-20,0.0995265127401001,19.14,3.4,2.18,1.001195546036575
2003-06-23,-1.4110805329488607,20.58,3.32,2.15,1.074629396315003
2003-06-24,0.1843850629135168,20.75,3.29,2.15,0.9975534525405584
2003-06-25,-0.8266820663886509,20.81,3.38,2.08,1.022112944329297
2003-06-26,1.076569733128574,19.4,3.55,2.14,1.036560762310787
2003-06-27,-0.9738123135835774,19.16,3.58,2.2,1.0220174363455308
2003-06-30,-0.1761867975192288,19.52,3.54,2.22,1.0211430892466211
2003-07-01,0.8024635530239799,19.46,3.56,2.26,1.0310748853901606
2003-07-02,1.1635711978335683,19.03,3.56,2.26,1.0080151594824636
2003-07-03,-0.810061664701256,19.39,3.67,2.35,1.0217642043725628
2003-07-07,1.8991549631018008,20.06,3.74,2.38,1.1057539935245202
2003-07-08,0.3404993930331335,19.48,3.75,2.36,1.0642319623902463
2003-07-09,-0.5586208855366204,18.93,3.73,2.36,1.0607616630501504
2003-07-10,-1.3480218187234994,19.19,3.7,2.37,1.0684736886582742
2003-07-11,0.9547893521649532,18.47,3.66,2.37,1.0911570654194207
2003-07-14,0.5730629590217973,19.59,3.74,2.39,1.0719628823174032
2003-07-15,-0.3426775139564464,19.55,3.94,2.49,0.946733997955562
2003-07-16,-0.6327298697367145,19.76,3.97,2.48,0.954975141719396
2003-07-17,-1.243352820449917,20.22,3.98,2.51,0.9896588438899072
2003-07-18,1.180571754560744,19.11,4.0,2.49,0.9749537393169488
2003-07-21,-1.4617665429254467,19.78,4.19,2.58,1.0274532216748418
2003-07-22,0.9511644538928056,19.17,4.17,2.6,1.0019034910789038
2003-07-23,0.0506016544121967,18.64,4.12,2.58,1.001318448593657
2003-07-24,-0.709077378288081,18.6,4.2,2.66,0.9963500689742056
2003-07-25,1.740018084214845,17.75,4.22,2.7,1.0427536651111269
2003-07-28,-0.2162828093455582,18.36,4.31,2.7,1.016265639390301
2003-07-29,-0.7265273243362014,18.67,4.42,2.75,1.0316948904373524
2003-07-30,-0.1809436165179923,18.85,4.34,2.7,1.018821370648627
2003-07-31,0.2855732566513946,19.49,4.49,2.69,0.9858414719648876
2003-08-01,-1.0259386625984357,20.75,4.44,2.59,0.996158623128914
2003-08-04,0.2724055342193443,21.27,4.35,2.64,0.8918599268460653
2003-08-05,-1.7663443175954474,22.68,4.47,2.59,0.9584280704026552
2003-08-06,0.1677951526027454,21.5,4.32,2.54,0.9582936912794442
2003-08-07,0.7279623095231225,20.26,4.3,2.56,0.9366078468803593
2003-08-08,0.356222206265655,19.59,4.27,2.55,0.9113583673693212
2003-08-11,0.3068771077431975,19.75,4.38,2.57,0.902916120035912
2003-08-12,0.9953138889008172,17.94,4.37,2.66,0.9340588468774536
2003-08-13,-0.638152819191351,18.77,4.58,2.72,0.9342387732460448
2003-08-14,0.6585145042149021,18.47,4.55,2.69,0.902269405678634
2003-08-15,0.0161505833312203,18.27,4.55,2.7,0.8620399080554847
2003-08-18,0.9155427620381796,18.18,4.49,2.62,0.8138511119928792
2003-08-19,0.2610664149736097,17.86,4.38,2.57,0.790564449693312
2003-08-20,-0.2045181665984885,17.82,4.45,2.61,0.7930253976262761
2003-08-21,0.2969141032215905,17.84,4.53,2.55,0.7732146377681787
2003-08-22,-1.0176743821595058,18.55,4.48,2.51,0.7110144385953695
2003-08-25,0.0654567111413761,19.53,4.53,2.51,0.7098319142075932
2003-08-26,0.3039074206073522,19.49,4.5,2.54,0.6923999884915436
2003-08-27,0.006019439544258,19.13,4.54,2.49,0.6905223167881168
2003-08-28,0.6069532159721502,18.48,4.42,2.49,0.6999880283516842
2003-08-29,0.5155341601558616,18.63,4.45,2.5,0.6570676083088717
2003-09-02,1.3868890520244426,19.02,4.61,2.57,0.7135159724534016
2003-09-03,0.418793661168193,19.44,4.6,2.58,0.544071485300544
2003-09-04,0.165643655131964,18.71,4.52,2.61,0.5441007276271178
2003-09-05,-0.6400922441525014,18.17,4.35,2.63,0.5736095099406241
2003-09-08,1.0035343848087352,18.26,4.41,2.66,0.5983156588748658
2003-09-09,-0.8210259022540578,18.85,4.37,2.66,0.646023366423291
2003-09-10,-1.197259517441851,20.01,4.28,2.64,0.6910575138997654
2003-09-11,0.5440588862599238,19.25,4.35,2.64,0.6744980548411182
2003-09-12,0.2174319680658509,18.68,4.27,2.61,0.664624232803453
2003-09-15,-0.3750142157513014,19.28,4.28,2.65,0.6742140564287791
2003-09-16,1.4298192533948706,18.03,4.29,2.66,0.7146423072958735
2003-09-17,-0.3254552287668133,18.15,4.2,2.57,0.7217709205889065
2003-09-18,1.3265481193601714,17.57,4.19,2.51,0.7655209802965363
2003-09-19,-0.3155031229161165,17.54,4.17,2.47,0.7734601631297705
2003-09-22,-1.300785570660723,19.65,4.26,2.56,0.7984304433717567
2003-09-23,0.6071470960860692,19.47,4.24,2.56,0.8045482428417728
2003-09-24,-1.9095676369609071,21.22,4.16,2.5,0.928925240306358
2003-09-25,-0.605320624740513,22.26,4.12,2.47,0.9410233463137136
2003-09-26,-0.6399118702173578,22.23,4.04,2.44,0.9425510398185176
2003-09-29,0.9760788225115836,21.67,4.09,2.48,0.9618975978342406
2003-09-30,-1.0540688476405324,22.72,3.96,2.46,0.9306534184691726
2003-10-01,2.2340030979339787,21.07,3.96,2.49,1.0652333041192372
2003-10-02,0.198387341573647,20.8,4.03,2.55,1.0655813752657164
2003-10-03,0.9419338041586568,19.5,4.21,2.56,1.0767530868593482
2003-10-06,0.4369568487332165,19.51,4.17,2.57,1.0575374380551343
2003-10-07,0.4737298332014417,19.41,4.27,2.6,1.0429748546722448
2003-10-08,-0.5263382923382243,19.18,4.27,2.62,1.0098890272358023
2003-10-09,0.4788205451445648,18.82,4.32,2.63,1.0085404987478288
2003-10-10,-0.0644943236063788,18.45,4.29,2.64,1.008980714479243
2003-10-14,0.3950834628850153,17.37,4.37,2.64,1.004610073739782
2003-10-15,-0.2591731861250057,17.69,4.43,2.64,0.96030163248415
2003-10-16,0.3162077737550062,17.19,4.47,2.51,0.9576932495382536
2003-10-17,-1.0237413267554565,17.62,4.41,2.51,0.9414521542797666
2003-10-20,0.5157321805487891,17.04,4.41,2.53,0.9466129694000792
2003-10-21,0.1292238308888915,16.55,4.38,2.49,0.8950327315860743
2003-10-22,-1.4980491483447822,17.67,4.29,2.49,0.9518874893506292
2003-10-23,0.3309556104824862,17.68,4.34,2.5,0.8440612028856292
2003-10-24,-0.4701224895036326,17.71,4.24,2.48,0.8387426095742252
2003-10-27,0.2157594570350252,18.05,4.3,2.47,0.8209405606072472
2003-10-28,1.5187254861686703,16.82,4.23,2.52,0.8582399322138686
2003-10-29,0.1260946550699637,16.43,4.31,2.52,0.809220572204352
2003-10-30,-0.1116336989118615,16.33,4.36,2.5,0.6584247765500533
2003-10-31,0.3600989304301638,16.1,4.33,2.48,0.6606057119412582
2003-11-03,0.7908993825789246,16.55,4.4,2.5,0.6514462934898274
2003-11-04,-0.5448451799621279,16.55,4.33,2.47,0.6621567703372656
2003-11-05,-0.1367141140517391,16.86,4.38,2.44,0.6560086252992154
2003-11-06,0.5932620802959088,16.74,4.45,2.44,0.6540607774049372
2003-11-07,-0.4574535860553785,16.93,4.48,2.44,0.6577431868494156
2003-11-10,-0.5791794430530905,17.62,4.49,2.43,0.6718120361720435
2003-11-12,1.1427886927405817,16.75,4.44,2.39,0.7138270605049671
2003-11-13,-0.0113360144602836,16.47,4.3,2.38,0.7103577844844297
2003-11-14,-0.7615251493715225,16.94,4.22,2.38,0.730517494019255
2003-11-17,-0.6397839633762281,18.6,4.18,2.38,0.7066755256653171
2003-11-18,-0.9083660324440856,19.11,4.17,2.34,0.7261725073356098
2003-11-19,0.8016164769598655,18.8,4.24,2.34,0.7498686462692061
2003-11-20,-0.8432060824847043,19.48,4.16,2.33,0.6937616457267254
2003-11-21,0.1576940786836012,18.98,4.15,2.31,0.6907601577599007
2003-11-24,1.6227422805810798,17.44,4.23,2.29,0.7680565465243803
2003-11-25,0.1720457255490082,16.71,4.19,2.3,0.7678222212253974
2003-11-26,0.43267669871212,16.23,4.25,2.28,0.6985733361906981
2003-11-28,-0.0236194446155191,16.32,4.34,2.28,0.6986332663164609
2003-12-01,1.1264453312544551,16.77,4.4,2.28,0.7370886626303474
2003-12-02,-0.3270661249177631,16.27,4.38,2.31,0.7410532211957572
2003-12-03,-0.1771966264545676,16.63,4.41,2.32,0.7236106223162433
2003-12-04,0.4686625084209694,16.3,4.38,2.32,0.7165451332870689
2003-12-05,-0.7684226646457737,17.09,4.23,2.35,0.7402531759590194
2003-12-08,0.7348138321361386,16.54,4.29,2.35,0.7463617315097534
2003-12-09,-0.8528939213256703,17.63,4.32,2.35,0.7657253077509306
2003-12-10,-0.1065861292954162,17.87,4.3,2.36,0.7528497274135645
2003-12-11,1.1481905055224173,16.73,4.27,2.44,0.7532587437345296
2003-12-12,0.2735274892676775,16.41,4.26,2.42,0.7544864111721502
2003-12-15,-0.5678938967685676,17.23,4.28,2.4,0.7443412029787703
2003-12-16,0.6638295907460456,15.93,4.24,2.41,0.734436638211979
2003-12-17,0.1255639392265584,15.58,4.19,2.36,0.6910237748158355
2003-12-18,1.179777931091408,16.16,4.16,2.31,0.7130856411265578
2003-12-19,-0.0477441291252267,16.42,4.15,2.33,0.6715208267426315
2003-12-22,0.3931353307910612,16.94,4.18,2.34,0.6716647699857137
2003-12-23,0.2818158627304834,16.49,4.28,2.32,0.592108025427327
2003-12-24,-0.1806518524722578,16.66,4.2,2.37,0.5984054668651178
2003-12-26,0.169095784421458,17.45,4.17,2.35,0.595648307580203
2003-12-29,1.2400848295594846,17.09,4.24,2.38,0.6388573011238117
2003-12-30,0.0144242512262193,17.68,4.29,2.43,0.6050354183741891
2003-12-31,0.2054746824894815,18.31,4.27,2.43,0.5929945906539785
2004-01-02,-0.3093804716710058,18.22,4.38,2.44,0.5982487937962114
2004-01-05,1.2395343602475073,17.49,4.41,2.46,0.6396493150808951
2004-01-06,0.1292147065676374,16.73,4.29,2.45,0.5949674472232528
2004-01-07,0.2367164741738481,15.5,4.27,2.43,0.5855718330237911
2004-01-08,0.4963099720978636,15.61,4.27,2.42,0.5249827596684424
2004-01-09,-0.8887605310606284,16.75,4.11,2.43,0.5848748800762548
2004-01-12,0.4786689236896846,16.82,4.11,2.43,0.5513780620220217
2004-01-13,-0.533166245554062,18.04,4.05,2.42,0.5788965901303303
2004-01-14,0.8294580074499347,16.75,4.01,2.36,0.5633859160543733
2004-01-15,0.1353385407106166,15.56,3.99,2.32,0.557099084816204
2004-01-16,0.6872405716174868,15.0,4.04,2.34,0.5640922707372402
2004-01-20,-0.0929907586484479,15.21,4.08,2.39,0.5288645426529945
2004-01-21,0.7771521408317827,14.34,4.05,2.36,0.5386167048689543
2004-01-22,-0.3206683158706869,14.71,3.99,2.33,0.5531624926049488
2004-01-23,-0.2089176618124799,14.84,4.09,2.38,0.5615513869857648
2004-01-26,1.2106299065248738,14.55,4.16,2.41,0.5963334884754639
2004-01-27,-0.9797680688353294,15.35,4.11,2.41,0.6590811017982224
2004-01-28,-1.360960420859536,16.78,4.22,2.35,0.7018798161005658
2004-01-29,0.498901618128289,17.14,4.22,2.34,0.7075703851351743
2004-01-30,-0.2627593890575097,16.63,4.16,2.32,0.7120296831823901
2004-02-02,0.3651220341591488,17.11,4.18,2.35,0.7081761549912003
2004-02-03,0.0678275923247762,17.34,4.13,2.35,0.6574963923583457
2004-02-04,-0.8371266181679271,17.87,4.15,2.35,0.6872264945056952
2004-02-05,0.1837469599451857,17.71,4.2,2.35,0.6864283077485599
2004-02-06,1.2555528911700975,16.0,4.12,2.35,0.7339560081997142
2004-02-09,-0.2581426674599929,16.39,4.09,2.33,0.7044463495441693
2004-02-10,0.5027136254455833,15.94,4.13,2.31,0.7051795228166698
2004-02-11,1.0667432203527172,15.39,4.05,2.32,0.722150297410712
2004-02-12,-0.4880134368439814,15.31,4.1,2.35,0.7182312408243136
2004-02-13,-0.5468164357494087,15.58,4.05,2.35,0.7323768015197322
2004-02-17,0.9757229443723148,15.4,4.05,2.35,0.7479931384744235
2004-02-18,-0.4468529536945431,15.59,4.05,2.33,0.7563738422661554
2004-02-19,-0.4132492852418457,15.8,4.05,2.35,0.7436760550629601
2004-02-20,-0.2571855954782487,16.04,4.1,2.35,0.7423688537283083
2004-02-23,-0.2727006281855626,16.29,4.05,2.36,0.7434649616091475
2004-02-24,-0.1665241965595365,15.9,4.04,2.35,0.6870917699737795
2004-02-25,0.4020822114521705,14.93,4.02,2.35,0.6595808204217416
2004-02-26,0.1084220261726276,14.83,4.05,2.36,0.5765729363412819
2004-02-27,0.0026121900996267,14.55,3.99,2.33,0.5679327461520638
2004-03-01,0.9633718676394176,14.44,4.0,2.33,0.5978898232354973
2004-03-02,-0.5943056732701124,14.86,4.05,2.31,0.6146290134848815
2004-03-03,0.1679622097244815,14.55,4.07,2.33,0.6150832830075915
2004-03-04,0.3336112631794785,14.4,4.04,2.31,0.57912768560034
2004-03-05,0.1723129220422059,14.48,3.85,2.28,0.5790732549882345
2004-03-08,-0.835021895649013,15.79,3.78,2.26,0.5523960955170762
2004-03-09,-0.5770567816382077,16.6,3.73,2.22,0.5653247573307966
2004-03-10,-1.4632855257233457,18.67,3.74,2.2,0.6401771279859585
2004-03-11,-1.522389658112111,20.67,3.74,2.22,0.6548427946953261
2004-03-12,1.2459492064514466,18.3,3.78,2.24,0.7285292883256808
2004-03-15,-1.4349801284550543,21.13,3.78,2.22,0.7801209164884702
2004-03-16,0.5622469187051893,20.34,3.7,2.19,0.7528680376942964
2004-03-17,1.1749391736585624,18.11,3.71,2.18,0.8101805421863908
2004-03-18,-0.1272572823971085,18.53,3.76,2.21,0.8072538528236465
2004-03-19,-1.1173210485700302,19.15,3.8,2.24,0.8380641687461743
2004-03-22,-1.2957527170427865,21.58,3.74,2.22,0.8763669173605209
2004-03-23,-0.1323784197433397,20.67,3.73,2.21,0.8764688594271715
2004-03-24,-0.2394986273714705,19.81,3.73,2.23,0.865003725423639
2004-03-25,1.6365339604649698,17.88,3.75,2.24,0.9588989214347224
2004-03-26,-0.1018655840917093,17.33,3.85,2.26,0.9582852991915034
2004-03-29,1.300463092917803,16.5,3.91,2.28,0.9817459491351757
2004-03-30,0.4035768809064199,16.28,3.91,2.28,0.9829244831726432
2004-03-31,-0.0701010703194282,16.74,3.86,2.26,0.98104446098859
2004-04-01,0.5292159734452184,16.65,3.91,2.26,0.9865998109995784
2004-04-02,0.8514634970242296,15.64,4.15,2.29,1.007730998488867
2004-04-05,0.7671930746608657,14.97,4.24,2.33,1.0066137691160482
2004-04-06,-0.2094537682952424,15.32,4.19,2.33,0.9984711674703696
2004-04-07,-0.6645419328032753,15.76,4.19,2.32,0.9500684731286048
2004-04-08,-0.1060983031335394,16.26,4.21,2.33,0.8742781584786006
2004-04-12,0.5160977741120565,15.28,4.25,2.34,0.8406499097139173
2004-04-13,-1.3761797448120672,17.26,4.35,2.34,0.8350385151222856
2004-04-14,-0.1124360326195228,15.62,4.4,2.27,0.8296328003676018
2004-04-15,0.0593812855247621,15.74,4.42,2.32,0.7887297653949481
2004-04-16,0.5111459290916498,14.94,4.37,2.34,0.795112405274265
2004-04-19,0.1066411324702976,15.42,4.39,2.32,0.7454862493897997
2004-04-20,-1.555697444188309,16.67,4.43,2.32,0.7731950639543226
2004-04-21,0.5312293767880227,15.6,4.45,2.23,0.7766728094726276
2004-04-22,1.4091476992293517,14.61,4.4,2.25,0.8206476190604584
2004-04-23,0.0587686825888278,14.01,4.48,2.19,0.7502562734350151
2004-04-26,-0.4444981937210768,14.77,4.46,2.18,0.7599763605848464
2004-04-27,0.227202802931159,15.07,4.43,2.22,0.7087953309354224
2004-04-28,-1.3794757425861004,16.29,4.5,2.2,0.773980966856594
2004-04-29,-0.7590826232658276,16.6,4.55,2.21,0.7915760024554235
2004-04-30,-0.5916172812081788,17.19,4.53,2.22,0.7879294269848046
2004-05-03,0.9202511475578934,16.62,4.53,2.19,0.7924752049934983
2004-05-04,0.184346939279334,16.55,4.56,2.24,0.7691007208076878
2004-05-05,0.1768550205345942,15.77,4.61,2.27,0.7719449142680453
2004-05-06,-0.6722993469222671,17.05,4.63,2.24,0.772237765225945
2004-05-07,-1.3725472577435949,18.13,4.79,2.15,0.8218172999449019
2004-05-10,-1.0539689241213068,19.77,4.81,2.2,0.8269840550333684
2004-05-11,0.7662407178693709,18.57,4.79,2.18,0.8129729181776174
2004-05-12,0.1670617743003477,18.14,4.83,2.21,0.8160404251672327
2004-05-13,-0.076560938702519,18.86,4.85,2.18,0.8148967060290888
2004-05-14,-0.0674902661267462,18.47,4.79,2.2,0.8006211584646242
2004-05-17,-1.058681765343794,19.96,4.7,2.19,0.8214635819743936
2004-05-18,0.6816727990832439,19.33,4.74,2.16,0.7827943645840769
2004-05-19,-0.2574404299240607,18.93,4.79,2.18,0.7681123518765473
2004-05-20,0.0468354034387274,18.67,4.72,2.17,0.6768962634859026
2004-05-21,0.401226362948015,18.49,4.76,2.16,0.6886869669587408
2004-05-24,0.1691700031835941,18.08,4.75,2.16,0.6912658980396412
2004-05-25,1.6103572267938349,15.96,4.73,2.15,0.7952451021197512
2004-05-26,0.1697940339802972,15.97,4.67,2.15,0.7383190450345392
2004-05-27,0.5686483778335472,15.28,4.6,2.14,0.7290212708371242
2004-05-28,-0.0535080952359212,15.5,4.66,2.12,0.7144389330248136
2004-06-01,0.0463912478156469,16.3,4.71,2.11,0.6853494860933553
2004-06-02,0.3380341801244801,16.08,4.74,2.09,0.6881591212394367
2004-06-03,-0.7422266560965451,17.03,4.71,2.08,0.7079910696951953
2004-06-04,0.5247873329532693,16.78,4.78,2.08,0.7004563107020451
2004-06-07,1.5964404405623522,15.39,4.78,2.11,0.6998608940445016
2004-06-08,0.154329957191579,15.01,4.78,2.05,0.6361859971450482
2004-06-09,-0.949946343485697,15.39,4.82,2.03,0.67720250508921
2004-06-10,0.4543338237380734,15.04,4.81,2.0,0.6803226225420999
2004-06-14,-0.9837419314923102,16.07,4.89,1.92,0.7268274598023191
2004-06-15,0.5971767695307717,15.05,4.69,1.92,0.7323786649053078
2004-06-16,0.136928897691102,14.79,4.74,1.9,0.6736185088002675
2004-06-17,-0.1332095070020633,15.15,4.71,1.9,0.6692019291482991
2004-06-18,0.2623533037430237,14.99,4.72,1.91,0.6611714487425951
2004-06-21,-0.4158491147208343,15.26,4.7,1.9,0.6751538786018061
2004-06-22,0.3636189661164524,14.31,4.72,1.92,0.6745796452095759
2004-06-23,0.8506645854063244,13.98,4.71,1.93,0.6907199581847718
2004-06-24,-0.2980642628044427,14.81,4.66,1.92,0.6163175325036995
2004-06-25,-0.5453005365357422,15.19,4.66,1.92,0.6340303097179109
2004-06-28,-0.095208877926578,16.07,4.76,1.9,0.6248868940269192
2004-06-29,0.2514647414594062,15.47,4.7,1.87,0.6258097422674209
2004-06-30,0.4083801133464071,14.34,4.62,1.92,0.6302898670774641
2004-07-01,-1.0430932269721027,15.2,4.57,1.93,0.6755733293932603
2004-07-02,-0.3153344471985897,15.08,4.48,1.94,0.6567142310252176
2004-07-06,-0.8148397790546658,16.25,4.49,1.93,0.6728954494402654
2004-07-07,0.1899279876885318,15.81,4.5,1.94,0.5581232979737241
2004-07-08,-0.8244410026940319,16.2,4.49,1.94,0.5775658026229553
2004-07-09,0.3336074231641284,15.78,4.49,1.94,0.5542823863215832
2004-07-12,0.1383809375459455,14.96,4.46,1.93,0.5426002169156557
2004-07-13,0.0708968528567055,14.46,4.5,1.92,0.5015653952392898
2004-07-14,-0.3291105957191842,13.76,4.5,1.88,0.4816030982206479
2004-07-15,-0.4300637374711202,14.71,4.5,1.86,0.4841974060816671
2004-07-16,-0.4788989724690218,14.34,4.38,1.84,0.490864488025705
2004-07-19,-0.0444883490732794,15.17,4.38,1.82,0.4824806782351301
2004-07-20,0.7057879334125161,14.17,4.47,1.8,0.5142634453064406
2004-07-21,-1.3340343362997498,16.41,4.5,1.79,0.5714527350225549
2004-07-22,0.2705928369005184,15.75,4.48,1.79,0.529564272199906
2004-07-23,-0.970060809233908,16.5,4.45,1.76,0.5561508785465888
2004-07-26,-0.1960969414990798,17.3,4.49,1.74,0.5516169487877072
2004-07-27,0.9925567812721026,16.55,4.62,1.8,0.6150953033854395
2004-07-28,0.0538976749185238,16.15,4.61,1.83,0.6095155830768241
2004-07-29,0.4573596944219327,15.68,4.6,1.85,0.612100457782853
2004-07-30,0.1172193532735343,15.32,4.5,1.82,0.5799722885712155
2004-08-02,0.4447613317688503,15.37,4.48,1.82,0.5913163109662073
2004-08-03,-0.626236082983811,16.03,4.45,1.79,0.5804235160657525
2004-08-04,-0.0963850339562144,16.21,4.45,1.79,0.5771207702130766
2004-08-05,-1.63203750409584,18.32,4.43,1.79,0.6544835778749721
2004-08-06,-1.5480689575870343,19.34,4.24,1.84,0.7169579244638675
2004-08-09,0.1174845187758455,18.89,4.28,1.83,0.7164205839267648
2004-08-10,1.2973910309109993,17.47,4.32,1.77,0.7914439571979807
2004-08-11,-0.3011936427144701,18.04,4.3,1.76,0.7911572091437123
2004-08-12,-1.1675195100984137,19.08,4.27,1.75,0.8210261905249112
2004-08-13,0.1476696846605785,17.98,4.22,1.75,0.8216533266496635
2004-08-16,1.3655067923963315,17.57,4.26,1.75,0.8902187993589165
2004-08-17,0.219578185950553,17.02,4.21,1.77,0.8736827831914465
2004-08-18,1.2443338319771735,16.23,4.23,1.79,0.8752456947041959
2004-08-19,-0.3597672798251961,16.96,4.22,1.79,0.8766987761342672
2004-08-20,0.6524742945688722,16.0,4.24,1.78,0.8592473946939047
2004-08-23,-0.2430848030542942,15.88,4.28,1.78,0.860045891226133
2004-08-24,0.0465361848639656,15.33,4.28,1.78,0.8314100567563121
2004-08-25,0.8000456125331068,14.98,4.26,1.75,0.8500393591052049
2004-08-26,0.0117655740848876,14.91,4.22,1.74,0.8445339663978804
2004-08-27,0.2425190521884834,14.71,4.23,1.75,0.845721718619571
2004-08-30,-0.7781394120807694,15.44,4.19,1.72,0.8583299645469197
2004-08-31,0.4630819912892159,15.29,4.13,1.72,0.8530735246389345
2004-09-01,0.1512392197422718,14.91,4.13,1.72,0.8530296304969917
2004-09-02,1.1212507374761538,14.28,4.2,1.74,0.7893774824297647
2004-09-03,-0.4184933932207091,13.91,4.3,1.69,0.6943606959242146
2004-09-07,0.6887425726392449,14.07,4.26,1.68,0.701177306648385
2004-09-08,-0.448589055367643,14.06,4.18,1.68,0.6732495451618361
2004-09-09,0.189021053566285,14.01,4.22,1.72,0.6639790813959254
2004-09-10,0.4953628496854767,13.76,4.19,1.69,0.5834250579917223
2004-09-13,0.1690424825133263,13.17,4.16,1.66,0.5831903050789559
2004-09-14,0.2229494844089963,13.56,4.15,1.68,0.5243133559653266
2004-09-15,-0.7054639376351202,14.64,4.18,1.67,0.5639777328038528
2004-09-16,0.2793724302198042,14.39,4.08,1.64,0.506200171130967
2004-09-17,0.4494925525700965,14.03,4.14,1.61,0.4973414305413979
2004-09-20,-0.5626775403398288,14.43,4.07,1.61,0.5093083694308227
2004-09-21,0.6326945255019423,13.66,4.05,1.56,0.5150869031889526
2004-09-22,-1.3937828348372427,14.74,4.0,1.5,0.6205675073365104
2004-09-23,-0.4669773490937112,14.8,4.02,1.45,0.6077838550237737
2004-09-24,0.1578909400491213,14.28,4.04,1.42,0.6085938525509728
2004-09-27,-0.5936317939006286,14.62,4.01,1.42,0.6214083276562352
2004-09-28,0.5926525071360267,13.83,4.02,1.47,0.6085466344973717
2004-09-29,0.4270030434551097,13.21,4.1,1.49,0.6073135070603167
2004-09-30,-0.0197428026370127,13.34,4.14,1.51,0.6070071778409339
2004-10-01,1.5180646173832857,12.75,4.21,1.58,0.6492001489353209
2004-10-04,0.3243520941504707,13.41,4.19,1.54,0.6415495402877553
2004-10-05,-0.0607894368110817,13.95,4.18,1.53,0.6269374690688567
2004-10-06,0.667272097322269,13.28,4.23,1.53,0.6289140077999557
2004-10-07,-0.998207077330826,14.5,4.26,1.54,0.6759408051617701
2004-10-08,-0.7526652440515536,15.05,4.15,1.54,0.6907624010578172
2004-10-12,-0.2267939767254478,15.05,4.12,1.56,0.6911640860382737
2004-10-13,-0.7300454303445503,15.42,4.09,1.56,0.7058325321750596
2004-10-14,-0.9302729874237968,16.43,4.03,1.55,0.7181161950464068
2004-10-15,0.4450246023744775,15.04,4.07,1.54,0.7234673273950648
2004-10-18,0.5251821526630174,14.71,4.07,1.52,0.7265525749524953
2004-10-19,-0.9685677881300704,15.13,4.07,1.5,0.7463703412208056
2004-10-20,0.0389813292378748,14.85,4.01,1.48,0.7275764002213437
2004-10-21,0.256415559777956,14.54,4.01,1.44,0.6668237305861259
2004-10-22,-0.971540646086,15.28,4.0,1.45,0.6928739757483893
2004-10-25,-0.0857814275856627,16.58,3.99,1.45,0.6908884227246294
2004-10-26,1.487935354919312,16.39,4.01,1.47,0.7621065313019381
2004-10-27,1.2879297837223191,15.72,4.11,1.48,0.8039781842651764
2004-10-28,0.1812615023933039,15.39,4.09,1.5,0.7999690993716972
2004-10-29,0.2448032630618435,16.27,4.05,1.49,0.8009521567707368
2004-11-01,0.0274339592236216,16.27,4.11,1.5,0.7240531541095045
2004-11-02,0.0044271017233477,16.18,4.1,1.5,0.7197546226383249
2004-11-03,1.1180204432347685,14.04,4.09,1.49,0.7638358742334306
2004-11-04,1.6156484921560743,13.97,4.1,1.47,0.8318236251150919
2004-11-05,0.3873733357810272,13.84,4.21,1.41,0.794285698665462
2004-11-08,-0.1097635206392833,13.8,4.22,1.42,0.768519422344132
2004-11-09,-0.0695394915883551,13.61,4.22,1.42,0.7649357984939824
2004-11-10,-0.1005018485985331,13.08,4.25,1.43,0.7376469646702773
2004-11-12,0.9109710991654252,13.33,4.2,1.34,0.7006013047102712
2004-11-15,-0.0303998022414986,13.38,4.2,1.31,0.7038825787971422
2004-11-16,-0.7078842439273703,13.21,4.21,1.3,0.7352719861164685
2004-11-17,0.5538302917098559,13.21,4.14,1.29,0.681982077811324
2004-11-18,0.136225823789271,12.98,4.12,1.26,0.6803530297414077
2004-11-19,-1.1161406330803092,13.5,4.2,1.25,0.7512400035254672
2004-11-22,0.5895743643366202,12.97,4.18,1.23,0.6981539044375137
2004-11-23,-0.0254874817890993,12.67,4.19,1.21,0.6964545372059151
2004-11-24,0.4095424235170286,12.72,4.2,1.19,0.6407309817718442
2004-11-26,0.0753126388676861,12.79,4.24,1.21,0.5945874195346997
2004-11-29,-0.3449945495939466,13.3,4.34,1.27,0.6071917453594633
2004-11-30,-0.403030809919791,13.24,4.36,1.34,0.6205961353704637
2004-12-01,1.4951227301604586,12.97,4.38,1.37,0.6888560225700269
2004-12-02,-0.0872977384660189,12.98,4.4,1.36,0.6906656617606621
2004-12-03,0.0705760521569454,12.96,4.27,1.33,0.6574896185729172
2004-12-06,-0.0772386738559283,13.19,4.24,1.31,0.5626981074246108
2004-12-07,-1.1073349053507653,13.67,4.23,1.28,0.6161421940218066
2004-12-08,0.4876611048293622,13.19,4.14,1.23,0.6248046314097517
2004-12-09,0.5436148935247909,12.88,4.19,1.26,0.6344792480137176
2004-12-10,-0.1042674518648367,12.76,4.16,1.21,0.6345310663125394
2004-12-13,0.8989944201125866,12.54,4.16,1.18,0.63369419522892
2004-12-14,0.3920938833781973,12.73,4.14,1.15,0.6374540458832706
2004-12-15,0.194449451612777,12.35,4.09,1.12,0.6097935562252219
2004-12-16,-0.208175183841508,12.27,4.19,1.18,0.6056480234941387
2004-12-17,-0.7488310484568106,11.95,4.21,1.18,0.6338443606706416
2004-12-20,0.0376882649966381,11.83,4.21,1.15,0.5719180590364075
2004-12-21,0.904024319851282,11.55,4.18,1.13,0.5899945083385517
2004-12-22,0.341780686388704,11.45,4.21,1.17,0.5909387573050979
2004-12-23,0.0463022907826182,11.23,4.23,1.21,0.5877428588013757
2004-12-27,-0.4305290271688244,12.14,4.3,1.23,0.6005264988317499
2004-12-28,0.7153997612125984,12.0,4.31,1.23,0.6064141258387482
2004-12-29,-0.0074235614586415,11.62,4.33,1.21,0.5938137375580729
2004-12-30,0.0082490139913238,12.56,4.27,1.17,0.5053868917817108
2004-12-31,-0.1343170711736618,13.29,4.24,1.16,0.50638051603611
2005-01-03,-0.811942003912347,14.08,4.23,1.13,0.5452275397415625
2005-01-04,-1.16713594265474,13.98,4.29,1.09,0.6090331887458179
2005-01-05,-0.3627842613197485,14.09,4.29,1.07,0.5589631802921814
2005-01-06,0.3505858083953761,13.58,4.29,1.11,0.5538700414915096
2005-01-07,-0.1431170580797114,13.49,4.29,1.09,0.541026838592236
2005-01-10,0.3422772738181034,13.23,4.29,1.06,0.5461842052052935
2005-01-11,-0.6099567120878002,13.19,4.26,1.02,0.5206710928533735
2005-01-12,0.3981403880320977,12.56,4.25,1.03,0.5209518869095524
2005-01-13,-0.8630125807352784,12.84,4.2,0.99,0.5463553012423468
2005-01-14,0.600455955884871,12.43,4.23,0.99,0.5687261220079318
2005-01-18,0.9674771847279606,12.47,4.21,0.95,0.5910215846708538
2005-01-19,-0.9490104994474112,13.18,4.2,0.94,0.6285036336015605
2005-01-20,-0.7782996095930472,13.83,4.17,0.96,0.6077114156890839
2005-01-21,-0.6414815973357024,14.36,4.16,1.0,0.6077902570975074
2005-01-24,-0.3527785741917366,14.65,4.14,0.94,0.6067441384113156
2005-01-25,0.4004325825724963,14.06,4.2,0.97,0.6180024107970489
2005-01-26,0.4844114603439475,13.44,4.21,0.94,0.6029149654554187
2005-01-27,0.0408921581358967,13.24,4.22,0.94,0.6036694160573514
2005-01-28,-0.2715987692261667,13.24,4.16,0.91,0.6027814500188821
2005-01-31,0.8460280617075266,12.82,4.14,0.85,0.6446716061486832
2005-02-01,0.6890900906523889,12.03,4.15,0.86,0.6479803125936654
2005-02-02,0.3177968167360712,11.66,4.15,0.83,0.5963750247365635
2005-02-03,-0.2765634073250145,11.79,4.18,0.84,0.593743229680998
2005-02-04,1.104304976651127,11.21,4.09,0.8,0.6376220622498829
2005-02-07,-0.1088965829486143,11.73,4.07,0.76,0.6370791064678469
2005-02-08,0.0482706569868041,11.6,4.05,0.72,0.6337760113819064
2005-02-09,-0.857527919407397,12.0,4.0,0.76,0.649611201813897
2005-02-10,0.421146114680293,11.51,4.07,0.78,0.6502989279105786
2005-02-11,0.692562217096504,11.43,4.1,0.76,0.629160357444658
2005-02-14,0.0696893542092791,11.52,4.08,0.7,0.6188862595506207
2005-02-15,0.3299766544856863,11.27,4.1,0.73,0.5870360456809912
2005-02-16,0.0181775942892148,11.1,4.16,0.75,0.5372283956783438
2005-02-17,-0.7923365410653749,11.77,4.19,0.81,0.5384560585943444
2005-02-18,0.0699534307984528,11.18,4.27,0.82,0.509027349169361
2005-02-22,-1.4505723363565035,13.14,4.29,0.83,0.6137853776990164
2005-02-23,0.5607362566527829,12.39,4.27,0.81,0.619093294791735
2005-02-24,0.7893770539395328,11.57,4.29,0.77,0.632748299335077
2005-02-25,0.9306819196589712,11.49,4.27,0.73,0.6582508821265605
2005-02-28,-0.6414241365205964,12.08,4.36,0.77,0.6758689150972935
2005-03-01,0.565807471908153,12.04,4.38,0.79,0.6632051168569824
2005-03-02,-0.0272699428853995,12.5,4.38,0.81,0.6502993076110627
2005-03-03,0.0322304858026978,12.93,4.39,0.8,0.6481240918676437
2005-03-04,0.9624381187494756,11.94,4.32,0.75,0.6716480524471212
2005-03-07,0.2610270259310043,12.26,4.31,0.7,0.6330106332891019
2005-03-08,-0.4798789368921641,12.4,4.38,0.76,0.6445894058734057
2005-03-09,-1.018512206380029,12.7,4.52,0.86,0.689503813395868
2005-03-10,0.1855817446625884,12.49,4.48,0.8,0.6582300135633343
2005-03-11,-0.7583249076131948,12.8,4.56,0.83,0.6780270607576372
2005-03-14,0.562462523096463,12.39,4.52,0.77,0.671779668229508
2005-03-15,-0.7523807317785902,13.15,4.54,0.79,0.6926630978041329
2005-03-16,-0.8081864922510951,13.49,4.52,0.8,0.7078928922374117
2005-03-17,0.1801253078677511,13.29,4.47,0.77,0.7101124174168647
2005-03-18,-0.0470451888166412,13.14,4.51,0.79,0.690116101510406
2005-03-21,-0.4934220146028734,13.61,4.53,0.81,0.6966797503510298
2005-03-22,-1.0196208806246054,14.27,4.63,0.77,0.6573635834028446
2005-03-23,0.0699890234541422,14.06,4.61,0.77,0.6423231781522707
2005-03-24,-0.0946658357422247,13.42,4.6,0.72,0.6092533738123
2005-03-28,0.2441468682685466,13.75,4.64,0.74,0.564678187083007
2005-03-29,-0.7596181253847534,14.49,4.6,0.73,0.5706366043448304
2005-03-30,1.3772610206178593,13.64,4.56,0.7,0.648478072860347
2005-03-31,-0.0694143722881457,14.02,4.5,0.7,0.6482321097444065
2005-04-01,-0.6496685637735977,14.09,4.46,0.71,0.6575976224869204
2005-04-04,0.2728192077877223,14.11,4.47,0.73,0.6124286931114582
2005-04-05,0.4480851914030248,13.68,4.48,0.73,0.6210448304108347
2005-04-06,0.2268456316200096,13.15,4.44,0.74,0.6232168490054819
2005-04-07,0.5970988776071051,12.33,4.49,0.77,0.6085935107965541
2005-04-08,-0.8345000045604456,12.62,4.5,0.73,0.6289455225915233
2005-04-11,0.000847423470951,11.98,4.45,0.7,0.6107468187163323
2005-04-12,0.5545202838389773,11.3,4.38,0.67,0.6103112764693192
2005-04-13,-1.1761610584853477,13.31,4.38,0.72,0.641521316646583
2005-04-14,-1.0001780423824047,14.53,4.37,0.77,0.6540064749988072
2005-04-15,-1.6720496445511768,17.74,4.27,0.73,0.7368548725296805
2005-04-18,0.2940597369134767,16.56,4.27,0.72,0.7445193695303519
2005-04-19,0.593382863926073,14.96,4.21,0.71,0.7602558997585096
2005-04-20,-1.32549392846395,16.92,4.22,0.7,0.7818665719506831
2005-04-21,1.9736220810439464,14.41,4.32,0.67,0.9141188574379736
2005-04-22,-0.6750253359446234,15.38,4.26,0.64,0.9247624939004904
2005-04-25,0.8662275206615888,14.62,4.26,0.62,0.9464107708171146
2005-04-26,-0.883746643749117,14.91,4.28,0.61,0.9517161320649324
2005-04-27,0.395027825436145,14.87,4.25,0.61,0.8977821483848397
2005-04-28,-1.1380371611511175,16.86,4.19,0.6,0.9269907067761955
2005-04-29,1.1922469194121543,15.31,4.21,0.55,0.9660996472429952
2005-05-02,0.4590101314615458,15.12,4.21,0.57,0.9704088909704224
2005-05-03,-0.085185362192719,14.53,4.21,0.53,0.9631512853787
2005-05-04,1.247016364593012,13.85,4.2,0.57,1.006404563165899
2005-05-05,-0.2568808292038427,13.98,4.19,0.61,0.9964260276267785
2005-05-06,-0.109158838810619,14.05,4.28,0.55,0.9803428606522908
2005-05-09,0.6394323123307677,13.75,4.29,0.53,0.9919807245189212
2005-05-10,-1.0705435413708386,14.91,4.23,0.54,1.0100956198703952
2005-05-11,0.4193046570356129,14.45,4.21,0.53,0.9821340911646582
2005-05-12,-1.0033216475797246,16.12,4.18,0.52,0.9823016673484394
2005-05-13,-0.4580058472371084,16.32,4.12,0.51,0.9087512903520176
2005-05-16,1.008612459220859,15.68,4.13,0.52,0.9324362509385864
2005-05-17,0.6957345288654659,14.57,4.12,0.51,0.9356231800532644
2005-05-18,1.0018750448482103,13.63,4.07,0.51,0.893495320705178
2005-05-19,0.4655940811201908,13.32,4.11,0.47,0.795128167483329
2005-05-20,-0.1511172065874144,13.14,4.13,0.44,0.7754052290013791
2005-05-23,0.3851032508630725,12.95,4.07,0.42,0.75970188576348
2005-05-24,0.017586730443786,12.69,4.04,0.43,0.7217063006001021
2005-05-25,-0.3400082663544967,12.58,4.08,0.47,0.7290039428908117
2005-05-26,0.639489188251563,12.24,4.08,0.44,0.670208934800131
2005-05-27,0.0968616242561948,12.15,4.08,0.44,0.6314909319910268
2005-05-31,-0.6072865011894635,13.29,4.0,0.4,0.6513996372104922
2005-06-01,0.899703793799822,12.36,3.91,0.41,0.6714532092185534
2005-06-02,0.1721871545824038,11.84,3.89,0.37,0.6224448187469847
2005-06-03,-0.6867132719695968,12.15,3.98,0.41,0.6432959562093593
2005-06-06,0.1245790379795552,12.28,3.96,0.37,0.6414018686265691
2005-06-07,-0.0208766522167835,12.39,3.92,0.35,0.6297368075623926
2005-06-08,-0.216324424033798,12.7,3.95,0.35,0.574150812678717
2005-06-09,0.5239948718352094,12.08,3.98,0.34,0.5774701906256725
2005-06-10,-0.23482369773834,11.96,4.05,0.34,0.5210886997014892
2005-06-13,0.2261863243468997,11.65,4.09,0.38,0.5000121420763277
2005-06-14,0.2573314925500947,11.79,4.13,0.42,0.4629123618137664
2005-06-15,0.2217708798165407,11.46,4.12,0.4,0.4459978401609727
2005-06-16,0.3630099158230981,11.15,4.09,0.39,0.4015938559436662
2005-06-17,0.4954746807115606,11.48,4.09,0.37,0.4030517994500392
2005-06-20,-0.0706666923454113,11.47,4.11,0.39,0.4007211555881474
2005-06-21,-0.2047520996927287,11.08,4.06,0.35,0.4012945878315508
2005-06-22,0.0222492839140331,11.05,3.95,0.33,0.4012560392952136
2005-06-23,-1.0833051340467523,12.13,3.96,0.33,0.4708856158827387
2005-06-24,-0.76287211352144,12.18,3.92,0.33,0.482121296021556
2005-06-27,-0.0738525577582027,12.52,3.9,0.3,0.4813755288177386
2005-06-28,0.9137563444907348,11.58,3.97,0.32,0.5053829670077732
2005-06-29,-0.1431436187661838,11.77,3.99,0.34,0.4645195656525739
2005-06-30,-0.7100904033514155,12.04,3.94,0.28,0.4877365327161217
2005-07-01,0.2610515529939183,11.4,4.06,0.3,0.4685861260414069
2005-07-05,0.8832632317790745,11.68,4.11,0.32,0.5086713596704133
2005-07-06,-0.8340358766109057,12.27,4.08,0.31,0.5443946663229476
2005-07-07,0.245205102734225,12.49,4.05,0.34,0.544893782912766
2005-07-08,1.1679055566465202,11.45,4.11,0.33,0.5934259772600937
2005-07-11,0.6254811732634646,11.28,4.11,0.3,0.6030262336278432
2005-07-12,0.22715506005615,10.95,4.15,0.33,0.603037787166136
2005-07-13,0.0883709149426037,10.84,4.17,0.33,0.6017530589389337
2005-07-14,0.2624039136262412,10.81,4.19,0.33,0.6023195455086264
2005-07-15,0.1157801830666604,10.33,4.18,0.32,0.5988107704174795
2005-07-18,-0.5529707814430296,10.77,4.22,0.33,0.6055739005005135
2005-07-19,0.6731446013329201,10.45,4.2,0.32,0.6223937506467131
2005-07-20,0.4758592509955806,10.23,4.17,0.27,0.6259806419767224
2005-07-21,-0.660614672274995,10.97,4.28,0.32,0.6481062762440193
2005-07-22,0.54114082972474,10.52,4.23,0.31,0.5976463649482818
2005-07-25,-0.3769230441940885,11.1,4.25,0.3,0.5727692763045324
2005-07-26,0.1733077981854514,10.99,4.24,0.29,0.570199482068614
2005-07-27,0.4572926935988208,10.36,4.27,0.28,0.5474954368585343
2005-07-28,0.5603159325149543,10.52,4.2,0.24,0.5505315139096845
2005-07-29,-0.767047021589129,11.57,4.28,0.26,0.555509258330454
2005-08-01,0.0947934518535031,12.08,4.32,0.28,0.5554497967951663
2005-08-02,0.7099218605715496,11.75,4.34,0.28,0.5449882132139312
2005-08-03,0.0739513832205496,11.83,4.3,0.28,0.4930517703325125
2005-08-04,-0.7373299992705418,12.52,4.32,0.28,0.5360866358747122
2005-08-05,-0.7638358323871608,12.48,4.4,0.29,0.5182014651191398
2005-08-08,-0.2682636408906202,13.21,4.42,0.26,0.5053386899757746
2005-08-09,0.6744990284814678,12.4,4.41,0.28,0.5246912201824058
2005-08-10,-0.1827218235701422,12.38,4.4,0.27,0.5268374865506191
2005-08-11,0.7061949245771748,12.42,4.32,0.22,0.5463416795481867
2005-08-12,-0.5994493172678084,12.74,4.24,0.19,0.5647238859574755
2005-08-15,0.2828355584261199,12.26,4.27,0.19,0.5515198907907641
2005-08-16,-1.177598073895536,13.52,4.23,0.2,0.5955602544721148
2005-08-17,0.0738124263364836,13.3,4.28,0.21,0.5839324605101784
2005-08-18,-0.0999779316272597,13.42,4.21,0.2,0.5667501582534581
2005-08-19,0.0565980373739227,13.42,4.21,0.18,0.5511352929034867
2005-08-22,0.1656147441558397,13.42,4.22,0.19,0.5478231218126204
2005-08-23,-0.3388649468067495,13.34,4.2,0.19,0.5498672809793093
2005-08-24,-0.6570356379875575,14.17,4.19,0.2,0.5517891716982276
2005-08-25,0.2298323709216232,13.73,4.18,0.18,0.5353733608638656
2005-08-26,-0.5996535348556931,13.72,4.2,0.14,0.5260549085638176
2005-08-29,0.5958056473651885,13.52,4.2,0.14,0.5481769724319472
2005-08-30,-0.3192327699592767,13.65,4.16,0.19,0.5162337201133129
2005-08-31,0.9864136789539124,12.6,4.02,0.18,0.5736581817769468
2005-09-01,0.1032515640031261,13.15,4.02,0.3,0.5548854633382789
2005-09-02,-0.2922376893187084,13.57,4.03,0.28,0.5328311395702736
2005-09-06,1.2618836201971906,12.93,4.09,0.29,0.602564941349419
2005-09-07,0.2407973688656417,12.52,4.15,0.28,0.5862443345999307
2005-09-08,-0.3793346162781597,12.93,4.15,0.28,0.5914797778798266
2005-09-09,0.7964743943933206,11.98,4.14,0.26,0.5973717567290037
2005-09-12,-0.0740988086374683,11.65,4.18,0.26,0.5801644795931469
2005-09-13,-0.7545065921665484,12.39,4.14,0.26,0.6034736427193478
2005-09-14,-0.328128423684737,12.91,4.17,0.27,0.5438529495729346
2005-09-15,0.0464443327021779,12.49,4.22,0.32,0.543780263159421
2005-09-16,0.8291769259435089,11.22,4.26,0.29,0.5709246790336934
2005-09-19,-0.5565844413728538,12.14,4.25,0.32,0.5883584940292441
2005-09-20,-0.7863441339177824,12.64,4.26,0.26,0.616174749027393
2005-09-21,-0.9121141500479156,13.79,4.19,0.23,0.6454162176348848
2005-09-22,0.3652325337670348,13.33,4.19,0.24,0.6333833013716386
2005-09-23,0.0551649032624279,12.96,4.25,0.23,0.6315779036978649
2005-09-26,0.0279740481189838,13.04,4.3,0.23,0.6148577464551729
2005-09-27,0.0024702661792108,12.76,4.3,0.22,0.6010573452080947
2005-09-28,0.1011779966575865,12.63,4.26,0.17,0.5960604238217186
2005-09-29,0.8866897527807671,12.24,4.29,0.16,0.5880607274907326
2005-09-30,0.0920439229583403,11.92,4.34,0.16,0.5879942607280825
2005-10-03,-0.1717195759521894,12.46,4.39,0.18,0.5851166265524173
2005-10-04,-0.9969822251208682,13.2,4.38,0.16,0.5534168135654343
2005-10-05,-1.488711659475617,14.55,4.36,0.15,0.6310238051520518
2005-10-06,-0.4095674783362701,14.96,4.37,0.17,0.6316070677036482
2005-10-07,0.3701276734032754,14.59,4.35,0.17,0.6040864981585079
2005-10-11,-0.2071842729946871,15.63,4.39,0.17,0.6035320126699271
2005-10-12,-0.606812682900193,16.22,4.45,0.21,0.5971539218225568
2005-10-13,-0.0713341359546593,16.47,4.48,0.24,0.5966610212935619
2005-10-14,0.8267887521960393,14.87,4.48,0.21,0.6358907328689886
2005-10-17,0.2974986268542423,14.67,4.5,0.21,0.6038777616418434
2005-10-18,-1.0049543049197696,15.33,4.49,0.22,0.627279597030641
2005-10-19,1.4955773420908258,13.5,4.47,0.22,0.7131337357274866
2005-10-20,-1.5019703611780957,16.11,4.46,0.19,0.7605278965697876
2005-10-21,0.1519712105606085,16.13,4.39,0.17,0.7551833817130784
2005-10-24,1.6777049344208097,14.74,4.45,0.2,0.8542428516263406
2005-10-25,-0.2367861569102958,14.53,4.54,0.2,0.855405565481804
2005-10-26,-0.4312462609885159,14.59,4.6,0.22,0.8597668223557172
2005-10-27,-1.0475230755595533,16.02,4.57,0.21,0.8862947095367919
2005-10-28,1.6549333583500303,14.25,4.58,0.18,0.9467531318917208
2005-10-31,0.7176154521957301,15.32,4.57,0.17,0.962945653139738
2005-11-01,-0.3521097559766928,14.85,4.58,0.16,0.9649969795021844
2005-11-02,0.9977052697601962,13.48,4.61,0.18,0.9659367625262296
2005-11-03,0.4264160491770141,13.0,4.65,0.18,0.8988454528478345
2005-11-04,0.0164002534384533,13.17,4.66,0.19,0.8902094337663554
2005-11-07,0.218830946715709,13.1,4.65,0.18,0.8889596383444508
2005-11-08,-0.3451143326618222,13.08,4.57,0.14,0.8924136030082324
2005-11-09,0.1690526470372821,12.8,4.64,0.15,0.8747381477192943
2005-11-10,0.8446267412632436,11.9,4.55,0.11,0.8846448700588331
2005-11-14,-0.0777472593201267,12.18,4.61,0.11,0.8755375214201057
2005-11-15,-0.3850019422255712,12.23,4.56,0.09,0.8841207838228073
2005-11-16,0.1790018921240976,12.26,4.49,0.07,0.8413626592902155
2005-11-17,0.941357547318722,11.25,4.46,0.09,0.8050895669076001
2005-11-18,0.4401328040084085,11.12,4.5,0.1,0.7019429055299866
2005-11-21,0.5271260185483184,10.82,4.46,0.07,0.7034085510903325
2005-11-22,0.5084277010750649,10.6,4.43,0.11,0.6270374170059229
2005-11-23,0.3472804286799968,10.96,4.47,0.11,0.6172711591672024
2005-11-25,0.208596224665869,10.88,4.43,0.1,0.5953412496744589
2005-11-28,-0.8507817120047334,11.84,4.41,0.08,0.5731232173611472
2005-11-29,0.0015920611289299,11.89,4.48,0.08,0.4805882424270041
2005-11-30,-0.6361930308439456,12.06,4.49,0.07,0.5026352853420983
2005-12-01,1.215710832826944,11.24,4.52,0.07,0.5396278855710365
2005-12-02,0.0324125736461899,11.01,4.52,0.09,0.5104217562177665
2005-12-05,-0.2363479256836553,11.6,4.57,0.1,0.5156911367247827
2005-12-06,0.1275650227134273,11.52,4.49,0.07,0.514705806973918
2005-12-07,-0.5009065679568603,12.18,4.52,0.1,0.5352398259123082
2005-12-08,-0.1216848901132272,12.21,4.47,0.1,0.5271702308126853
2005-12-09,0.281089103146126,11.69,4.54,0.11,0.5281263828180417
2005-12-12,0.0841737216116023,11.47,4.56,0.11,0.5016107140350283
2005-12-13,0.5553660022141527,11.11,4.54,0.11,0.5094343132769306
2005-12-14,0.4189530229214977,10.48,4.45,0.08,0.4977492732287094
2005-12-15,-0.1414309946993541,10.73,4.47,0.1,0.5027840383473943
2005-12-16,-0.2848281810375774,10.68,4.45,0.08,0.4765842750961573
2005-12-19,-0.5839016710356582,11.38,4.45,0.07,0.4927199396699179
2005-12-20,-0.0238149102847362,11.19,4.47,0.05,0.4797299639428833
2005-12-21,0.251666689763641,10.81,4.49,0.06,0.4692951173631994
2005-12-22,0.4220777714278201,10.29,4.44,0.04,0.4724352093436001
2005-12-23,0.0425858013894053,10.27,4.38,0.01,0.4702333985310125
2005-12-27,-0.9553382932114052,11.57,4.34,-0.01,0.4806860216538833
2005-12-28,0.1297216827271796,11.35,4.38,0.01,0.4815972881417919
2005-12-29,-0.2980519221583821,11.61,4.37,-0.01,0.4635424201815846
2005-12-30,-0.4886724277406218,12.07,4.39,-0.02,0.3817478162338351
2006-01-03,1.6430484201434892,11.14,4.37,0.03,0.540244419653673
2006-01-04,0.3672692252556953,11.37,4.36,0.05,0.5422580910906529
2006-01-05,0.0015720581615585,11.31,4.36,0.04,0.5419954241032435
2006-01-06,0.9399418040885844,11.0,4.38,0.02,0.5617217094639634
2006-01-09,0.3656364246544807,11.13,4.38,0.02,0.5616215046822497
2006-01-10,-0.0356612021165103,10.86,4.43,0.02,0.5617912840419568
2006-01-11,0.3481544021186611,10.94,4.46,0.02,0.5639892619743502
2006-01-12,-0.6274239116809244,11.2,4.42,0.03,0.5792548024087699
2006-01-13,0.1205174476460513,11.23,4.36,0.02,0.5737342042509352
2006-01-17,-0.3634587875106621,11.91,4.34,0.01,0.5799442796533114
2006-01-18,-0.3897328607695538,12.25,4.34,0.01,0.583581185956311
2006-01-19,0.5563673325403196,11.98,4.38,0.01,0.574712880941211
2006-01-20,-1.8326315221513176,14.56,4.37,0.0,0.7193895477682369
2006-01-23,0.1846987350454298,13.93,4.36,0.01,0.7183600321228737
2006-01-24,0.2405436843615493,13.31,4.4,0.03,0.7139665578364726
2006-01-25,-0.1720736044891424,12.87,4.49,0.03,0.7148653018272055
2006-01-26,0.7234954261278626,12.42,4.53,0.04,0.6967613494363194
2006-01-27,0.7763999112620157,11.97,4.52,0.01,0.7144271971492826
2006-01-30,0.1145086729717137,12.39,4.54,0.02,0.7081666546842992
2006-01-31,-0.3976054579116317,12.95,4.53,-0.01,0.7043047562162085
2006-02-01,0.1859262674612782,12.36,4.57,-0.02,0.6081551797384503
2006-02-02,-0.9060707913791766,13.23,4.57,-0.02,0.639617382888055
2006-02-03,-0.5358610609197956,12.96,4.54,-0.05,0.6503776586468176
2006-02-06,0.0783201515335507,13.04,4.55,-0.07,0.6096447721688708
2006-02-07,-0.8094725835381955,13.59,4.57,-0.04,0.6211264700170187
2006-02-08,0.8662869079354651,12.83,4.56,-0.08,0.6603786344313256
2006-02-09,-0.1477497792530147,13.12,4.54,-0.12,0.6522438606702483
2006-02-10,0.2539968082329924,12.87,4.59,-0.1,0.6456673676769404
2006-02-13,-0.3259698114938203,13.35,4.58,-0.1,0.6463543021329214
2006-02-14,1.0032817645881265,12.25,4.62,-0.07,0.6874234417686255
2006-02-15,0.3504402562430453,12.31,4.61,-0.1,0.6867723580107296
2006-02-16,0.7328128814697354,11.48,4.59,-0.1,0.6952369219578445
2006-02-17,-0.1659723774475652,12.01,4.54,-0.12,0.5453137622439307
2006-02-21,-0.3270533054782976,12.41,4.57,-0.14,0.5532029471533136
2006-02-22,0.7513475466915054,11.88,4.53,-0.15,0.5726062910200649
2006-02-23,-0.3775135739912727,11.87,4.56,-0.16,0.5795902645068066
2006-02-24,0.1273510897499497,11.46,4.58,-0.16,0.5604264328264078
2006-02-27,0.36372204857118,11.59,4.59,-0.15,0.5399774499585527
2006-02-28,-1.0400860034838644,12.34,4.55,-0.14,0.5910884909068611
2006-03-01,0.8261330698481784,11.54,4.59,-0.12,0.6124583350789164
2006-03-02,-0.1626324774495535,11.72,4.64,-0.08,0.613201704594576
2006-03-03,-0.1481634390356312,11.96,4.68,-0.08,0.5746619059549283
2006-03-06,-0.6968428982565,12.74,4.74,-0.03,0.5845726029404946
2006-03-07,-0.1861909834172892,12.66,4.74,-0.03,0.5870663055756496
2006-03-08,0.2029944673794359,12.32,4.73,0.01,0.5521783304631481
2006-03-09,-0.4880826595358489,12.68,4.74,0.02,0.5354058638119975
2006-03-10,0.7223586629499623,11.85,4.76,0.02,0.5554113913596052
2006-03-13,0.2114810791593591,11.37,4.77,0.03,0.5547542785791996
2006-03-14,1.039612464094386,10.74,4.71,0.05,0.5867412111435841
2006-03-15,0.4269845505052494,11.35,4.73,0.04,0.5552629998408346
2006-03-16,0.1772755973671547,11.98,4.65,0.03,0.5526297072229652
2006-03-17,0.1470926133585237,12.12,4.68,0.03,0.5324517037411955
2006-03-20,-0.1660006842847616,11.79,4.66,0.01,0.5324523645778378
2006-03-21,-0.601493843309675,11.62,4.71,-0.01,0.5465776585295973
2006-03-22,0.6020565906847075,11.21,4.7,-0.04,0.5375328795828496
2006-03-23,-0.2582292509284545,11.17,4.73,-0.04,0.5331956399264123
2006-03-24,0.0983280849487178,11.19,4.67,-0.05,0.5330277384297575
2006-03-27,-0.1028409279348996,11.46,4.7,-0.02,0.5289308150008437
2006-03-28,-0.643818423116127,11.58,4.79,-0.02,0.4929254981315488
2006-03-29,0.7469695510914587,10.95,4.81,-0.01,0.4866429701913243
2006-03-30,-0.2026275908753372,11.57,4.86,0.02,0.4876267904224696
2006-03-31,-0.4137669588781034,11.39,4.86,0.04,0.4966698208760186
2006-04-03,0.2270547226863817,11.57,4.88,0.02,0.4675455573960766
2006-04-04,0.6256689924245107,11.14,4.87,0.03,0.4786086682864437
2006-04-05,0.4311107525869495,11.13,4.84,0.03,0.4834457590942542
2006-04-06,-0.1921390877023143,11.45,4.9,0.06,0.4678428695705433
2006-04-07,-1.0343487333051349,12.26,4.97,0.08,0.5159305933785449
2006-04-10,0.086452730002895,12.19,4.97,0.08,0.5147024781360313
2006-04-11,-0.7750959314195005,13.0,4.93,0.05,0.4903831976761578
2006-04-12,0.1204791727488885,12.76,4.98,0.07,0.4796580322568085
2006-04-13,0.077632519003723,12.38,5.05,0.09,0.4776163398459185
2006-04-17,-0.294002038356056,12.58,5.01,0.1,0.4776674503645903
2006-04-18,1.7077384012400332,11.4,4.99,0.15,0.6224349902786911
2006-04-19,0.2027128354043395,11.32,5.04,0.18,0.6066102827117507
2006-04-20,0.1167930472492306,11.64,5.04,0.15,0.5929373125951001
2006-04-21,-0.0137199492157069,11.59,5.01,0.11,0.5892734635973844
2006-04-24,-0.2417518664577178,11.75,4.99,0.1,0.5923526608598069
2006-04-25,-0.4869617378140844,11.75,5.07,0.12,0.6027301693125473
2006-04-26,0.2819337173971092,11.76,5.12,0.13,0.585815426521652
2006-04-27,0.330159598179125,11.84,5.09,0.18,0.56676394317541
2006-04-28,0.0679545756609112,11.59,5.07,0.2,0.5642010281929594
2006-05-01,-0.4135512475787029,12.54,5.14,0.2,0.5641918751302745
2006-05-02,0.6144714479341618,11.99,5.12,0.2,0.5774046236622187
2006-05-03,-0.3875972595181021,11.99,5.15,0.21,0.5696130444299654
2006-05-04,0.3157206447595539,11.86,5.16,0.19,0.5656931723012621
2006-05-05,1.0295301783673103,11.62,5.12,0.18,0.6077755996323588
2006-05-08,-0.0829694347268761,12.0,5.12,0.15,0.551842402696571
2006-05-09,0.0362342379452318,11.99,5.13,0.16,0.5520827740557082
2006-05-10,-0.1728148751969804,11.78,5.13,0.12,0.5165279206656259
2006-05-11,-1.2798073820219913,12.49,5.14,0.15,0.6064465822654342
2006-05-12,-1.1241158123729833,14.19,5.19,0.18,0.6626240518508512
2006-05-15,0.2524712516867922,13.57,5.15,0.16,0.660679870122171
2006-05-16,-0.1869481610901946,13.35,5.1,0.14,0.5318839013399237
2006-05-17,-1.684107060376383,16.26,5.16,0.19,0.6397658151312359
2006-05-18,-0.6699011316142922,16.99,5.08,0.14,0.6465533127033926
2006-05-19,0.4136891022205491,17.18,5.05,0.09,0.6596449812151844
2006-05-22,-0.3914732005653398,17.72,5.04,0.1,0.6613564213591586
2006-05-23,-0.4349988881771183,18.26,5.07,0.1,0.6601752631037666
2006-05-24,0.1583655878630185,17.36,5.03,0.09,0.6562472431018026
2006-05-25,1.1370093999100828,15.5,5.07,0.09,0.7117447322366389
2006-05-26,0.5719336676629716,14.26,5.06,0.1,0.7282306762732336
2006-05-30,-1.5849611392923737,18.66,5.09,0.1,0.7973394889392614
2006-05-31,0.8111924835684681,16.44,5.12,0.08,0.8087041475278124
2006-06-01,1.2298337548946048,14.52,5.11,0.07,0.8641081381384703
2006-06-02,0.1952236384475725,14.32,5.0,0.08,0.86159966492054
2006-06-05,-1.7799702040102394,16.65,5.02,0.03,0.8979298670910341
2006-06-06,-0.1138129149921618,17.34,5.01,0.02,0.897691764952281
2006-06-07,-0.609245663695579,17.8,5.02,0.0,0.8991861641820036
2006-06-08,0.1417051516362732,18.35,5.0,-0.01,0.9035882511779983
2006-06-09,-0.447561044129896,18.12,4.98,-0.03,0.8721577508237522
2006-06-12,-1.1866251571083786,20.96,4.99,-0.03,0.8757265989537684
2006-06-13,-1.111165038391615,23.81,4.97,-0.05,0.8908678028189113
2006-06-14,0.5189302813874974,21.46,5.05,-0.06,0.908436311398
2006-06-15,2.1235077141956493,15.9,5.1,-0.04,0.9859375728553498
2006-06-16,-0.3677871442713476,17.25,5.13,-0.03,0.9782473146126148
2006-06-19,-0.9116795167204206,17.83,5.14,-0.05,0.9909678838157964
2006-06-20,-0.0008071545390841,16.69,5.15,-0.04,0.988821631797084
2006-06-21,0.9740957409162698,15.52,5.16,-0.04,1.0123447382137256
2006-06-22,-0.5270704235182944,15.88,5.2,-0.03,1.0178400110624115
2006-06-23,-0.0883088959134026,15.89,5.23,-0.04,0.9789645958628376
2006-06-26,0.4869472554238641,15.62,5.25,-0.02,0.976037406842426
2006-06-27,-0.908401587257579,16.4,5.21,-0.03,0.933093244702986
2006-06-28,0.5487450852216691,15.79,5.25,-0.04,0.9216978212834512
2006-06-29,2.1565004106891994,13.03,5.22,0.01,1.0106271461501328
2006-06-30,-0.2097656442177853,13.08,5.15,-0.01,1.0096101979981331
2006-07-03,0.7864895778934899,13.05,5.15,-0.02,0.941011175008358
2006-07-05,-0.7248851851131444,14.15,5.23,-0.01,0.9568326030270038
2006-07-06,0.2494214216387069,13.65,5.19,-0.03,0.9457368015433826
2006-07-07,-0.6749949675504019,13.97,5.14,-0.03,0.9602308785735804
2006-07-10,0.1469786468588418,14.02,5.13,-0.04,0.9537096720489469
2006-07-11,0.4016355538295046,13.14,5.1,-0.07,0.9091773780977812
2006-07-12,-1.086902819111013,14.49,5.1,-0.07,0.9074297946921484
2006-07-13,-1.2966746071534585,17.79,5.08,-0.04,0.9574525907300218
2006-07-14,-0.489428951734927,18.05,5.07,-0.01,0.8299620228166485
2006-07-17,-0.1383239771105771,18.64,5.07,-0.05,0.827309488034744
2006-07-18,0.1919817200573215,17.74,5.13,-0.06,0.8043748289427147
2006-07-19,1.8555110128867456,15.55,5.06,-0.06,0.9061666918415048
2006-07-20,-0.8477511064532206,16.21,5.03,-0.03,0.9034069402454736
2006-07-21,-0.7076898149718125,17.4,5.05,-0.03,0.9097451519887946
2006-07-24,1.6625139659086186,14.98,5.05,-0.05,0.9837913488801672
2006-07-25,0.6320808374175702,14.85,5.07,-0.04,0.987556046333345
2006-07-26,-0.037827096880949,14.62,5.04,-0.02,0.960639399951054
2006-07-27,-0.4099710771126585,14.94,5.07,0.0,0.96208413920013
2006-07-28,1.215175605572938,14.33,5.0,0.02,0.8737606174904246
2006-07-31,-0.1478248466041498,14.95,4.99,0.02,0.8729908528638798
2006-08-01,-0.4496099259552077,15.05,4.99,0.02,0.8602009363844869
2006-08-02,0.5106529136347682,14.34,4.96,-0.01,0.8522129450014341
2006-08-03,0.2238893757711135,14.46,4.96,-0.02,0.85188435605769
2006-08-04,-0.0710814254652802,14.34,4.91,0.0,0.8362261448233421
2006-08-07,-0.2806063861162555,15.23,4.93,-0.03,0.8392882568191643
2006-08-08,-0.3362705657620202,15.23,4.93,0.02,0.8386104078682831
2006-08-09,-0.4349285385394918,15.2,4.92,0.01,0.8061984967241195
2006-08-10,0.4629019825349578,14.46,4.93,0.0,0.747416162325758
2006-08-11,-0.3986498082096501,14.3,4.97,0.01,0.7437861393388776
2006-08-14,0.1160436012486609,14.26,5.0,-0.01,0.741222048598123
2006-08-15,1.3696466399260254,13.42,4.93,-0.01,0.790896780203388
2006-08-16,0.7661987579892671,12.41,4.87,0.0,0.7032755071307923
2006-08-17,0.1582429519787709,12.24,4.87,-0.02,0.6636303771346986
2006-08-18,0.3714946228020821,11.64,4.84,-0.03,0.6296169804452292
2006-08-21,-0.3670451599211977,12.22,4.82,-0.03,0.5475164395374004
2006-08-22,0.1001854875643637,12.19,4.82,-0.05,0.5353762811545913
2006-08-23,-0.4488656084582487,12.4,4.82,-0.05,0.5493805005161444
2006-08-24,0.2374394529395029,12.4,4.81,-0.07,0.5368370413990603
2006-08-25,-0.0748493688240037,12.31,4.79,-0.07,0.473311219992615
2006-08-28,0.5165713311912734,12.18,4.8,-0.08,0.4808181158785435
2006-08-29,0.1920447344203157,12.28,4.79,-0.08,0.4634077410934513
2006-08-30,0.0835683899031991,12.22,4.76,-0.07,0.4547343353946241
2006-08-31,-0.1187440215358881,12.31,4.74,-0.05,0.4566401373641154
2006-09-01,0.551461380616769,11.96,4.73,-0.04,0.4660477760105099
2006-09-05,0.1708598880015843,12.63,4.78,-0.02,0.4562863698207847
2006-09-06,-0.98914831405863,13.74,4.8,-0.02,0.5124880603239814
2006-09-07,-0.4799032645401269,13.88,4.8,-0.02,0.5151118225860333
2006-09-08,0.3786668165951079,13.16,4.78,-0.02,0.5124201989143164
2006-09-11,0.0477315844094938,12.99,4.8,-0.03,0.498787813807041
2006-09-12,1.035748074927345,11.92,4.78,-0.04,0.538349359484538
2006-09-13,0.386134523157855,11.18,4.77,-0.03,0.4631551575668555
2006-09-14,-0.1357983312818,11.55,4.79,-0.04,0.4409049390999448
2006-09-15,0.2567846360639558,11.76,4.8,-0.07,0.4423642115596173
2006-09-18,0.11518266007009,11.78,4.81,-0.07,0.4373334462751457
2006-09-19,-0.2679452397541637,11.98,4.74,-0.05,0.4326225271363594
2006-09-20,0.5722381666218412,11.39,4.73,-0.08,0.4465573562309714
2006-09-21,-0.5395511646919315,12.25,4.65,-0.06,0.4528553629893572
2006-09-22,-0.2465801178850091,12.59,4.6,-0.07,0.4578565008969576
2006-09-25,0.8815136800115919,12.12,4.56,-0.07,0.4904160959646143
2006-09-26,0.7524280936307193,11.53,4.59,-0.09,0.5031119205917213
2006-09-27,0.0179586364918993,11.58,4.6,-0.06,0.5035302611316378
2006-09-28,0.1713344496862667,11.72,4.63,-0.05,0.5035451862936782
2006-09-29,-0.2263107437428746,11.98,4.64,-0.07,0.506882956597089
2006-10-02,-0.339112129330843,12.57,4.62,-0.04,0.5063464581482298
2006-10-03,0.2095693879053728,12.24,4.62,-0.05,0.5067934263105746
2006-10-04,1.2060449286025232,11.86,4.57,-0.03,0.5007205702939074
2006-10-05,0.2236720219570998,11.98,4.61,-0.04,0.4752608795794759
2006-10-06,-0.2682494318293593,11.56,4.7,-0.04,0.4861407032889612
2006-10-10,0.2043452605230422,11.52,4.75,-0.07,0.4849435754172213
2006-10-11,-0.2563943683974057,11.62,4.78,-0.07,0.452815176107869
2006-10-12,0.9541098076733424,11.09,4.79,-0.06,0.4859365357096195
2006-10-13,0.2047239312655602,10.75,4.81,-0.06,0.4808082671825445
2006-10-16,0.2519048848773852,11.09,4.79,-0.06,0.4807691764250266
2006-10-17,-0.3659452143225272,11.73,4.78,-0.05,0.4960330226954048
2006-10-18,0.1282944127675822,11.34,4.77,-0.08,0.4859787415514625
2006-10-19,0.084925469900976,10.9,4.79,-0.06,0.4772468765070206
2006-10-20,0.119975324464705,10.63,4.79,-0.08,0.4488575123317384
2006-10-23,0.6152304614580828,11.08,4.83,-0.07,0.4465647734365918
2006-10-24,0.0261423469852806,10.78,4.83,-0.08,0.4209589429746201
2006-10-25,0.3513892900401272,10.66,4.78,-0.1,0.4016530823621093
2006-10-26,0.4963019994619788,10.56,4.73,-0.08,0.4066051389924444
2006-10-27,-0.8451630291836709,10.8,4.68,-0.08,0.4679158556840958
2006-10-30,0.0428425737485582,11.2,4.68,-0.1,0.4606776580770252
2006-10-31,0.0007175759964006,11.1,4.61,-0.1,0.4476851944979084
2006-11-01,-0.7351469035843494,11.51,4.57,-0.09,0.4909523060252899
2006-11-02,-0.0343682787302235,11.42,4.6,-0.07,0.4200238708192227
2006-11-03,-0.222323421254178,11.16,4.72,-0.1,0.4227057281054293
2006-11-06,1.1346463325312195,11.16,4.71,-0.11,0.4815708570256129
2006-11-07,0.2217698805944357,11.09,4.66,-0.11,0.48177041478326
2006-11-08,0.2082674028808684,10.75,4.64,-0.11,0.4743856531283809
2006-11-09,-0.5332978382845854,11.01,4.62,-0.13,0.4548960081740802
2006-11-10,0.1864624902103706,10.79,4.59,-0.14,0.4546032724366463
2006-11-13,0.2549076304596109,10.86,4.61,-0.15,0.4546716484632536
2006-11-14,0.6356399415263114,10.5,4.57,-0.17,0.4607785504839554
2006-11-15,0.2404484328664136,10.31,4.61,-0.19,0.4617345976711877
2006-11-16,0.2284213178895155,10.16,4.66,-0.19,0.462398486888343
2006-11-17,0.1028705918303174,10.05,4.61,-0.15,0.4624136581446935
2006-11-20,-0.0499536965648306,9.97,4.6,-0.16,0.4485412905924782
2006-11-21,0.1649452762406245,9.9,4.58,-0.17,0.4486478768175212
2006-11-22,0.2338097881797729,10.14,4.57,-0.17,0.4458380433073883
2006-11-24,-0.3655537535565023,10.73,4.55,-0.18,0.4458044044879837
2006-11-27,-1.3555081120842472,12.3,4.54,-0.17,0.5094148316413425
2006-11-28,0.3444390503467121,11.62,4.51,-0.16,0.5146268637508988
2006-11-29,0.9201576407062984,10.83,4.52,-0.17,0.5513430319001644
2006-11-30,0.0821751243399226,10.91,4.46,-0.16,0.517042499220644
2006-12-01,-0.2798771932377986,11.66,4.43,-0.09,0.5237684432082745
2006-12-04,0.888519057411008,11.23,4.43,-0.09,0.5453907907314018
2006-12-05,0.400250842226435,11.27,4.45,-0.07,0.4993172853172066
2006-12-06,-0.1314700259212653,11.33,4.48,-0.11,0.5020081497910883
2006-12-07,-0.3970546574156186,12.67,4.49,-0.09,0.5138034106401307
2006-12-08,0.1811941168510689,12.07,4.56,-0.12,0.4934617665257448
2006-12-11,0.2269813113380925,10.71,4.52,-0.15,0.4938568999635734
2006-12-12,-0.1047373342465185,10.65,4.49,-0.12,0.4950891827161758
2006-12-13,0.1168850261598963,10.18,4.58,-0.12,0.4787754585423429
2006-12-14,0.8689458492585622,9.97,4.6,-0.13,0.5099976193413746
2006-12-15,0.1122403943134342,10.05,4.6,-0.13,0.5091640841097138
2006-12-18,-0.323033968563613,10.6,4.6,-0.11,0.5177815951261455
2006-12-19,0.2158250661892236,10.3,4.6,-0.11,0.5177714229566622
2006-12-20,-0.1417010600862855,10.26,4.6,-0.11,0.519969538544327
2006-12-21,-0.3673951628075822,10.53,4.55,-0.11,0.5276046658614986
2006-12-22,-0.5316251006780903,11.36,4.63,-0.08,0.5356444886106806
2006-12-26,0.4352274381138388,11.26,4.61,-0.1,0.4300063186960115
2006-12-27,0.7015273650207154,10.64,4.66,-0.11,0.4466535524853322
2006-12-28,-0.1478782065337913,10.99,4.7,-0.12,0.4113828913597281
2006-12-29,-0.4513087903512458,11.56,4.71,-0.11,0.428858471841638
2007-01-03,-0.1198669663441287,12.04,4.67,-0.09,0.4235739748596348
2007-01-04,0.1228286223607488,11.51,4.62,-0.09,0.3780003139245719
2007-01-05,-0.6084581335068839,12.14,4.65,-0.11,0.3934402738475871
2007-01-08,0.222031834174663,12.0,4.66,-0.12,0.3959662392161209
2007-01-09,-0.051667597633831,11.91,4.66,-0.13,0.3850961228570738
2007-01-10,0.1940351858423339,11.47,4.69,-0.12,0.3853934689806536
2007-01-11,0.6339874091180642,10.87,4.74,-0.12,0.4071181490819627
2007-01-12,0.4853165737491727,10.15,4.77,-0.11,0.4174189245543478
2007-01-16,0.0817795084526729,10.74,4.75,-0.11,0.417277636326863
2007-01-17,-0.0893937617885587,10.59,4.79,-0.12,0.3729563487716894
2007-01-18,-0.2970739969038294,10.85,4.75,-0.14,0.3787344732524801
2007-01-19,0.2895465339954217,10.4,4.78,-0.15,0.3761534335651182
2007-01-22,-0.5277909002534109,10.77,4.76,-0.15,0.3930638056373275
2007-01-23,0.3541965097471733,10.34,4.81,-0.13,0.3997952960986882
2007-01-24,0.8501470410478884,9.89,4.81,-0.12,0.429847097145041
2007-01-25,-1.1269802319041844,11.22,4.87,-0.11,0.490561148172503
2007-01-26,-0.1207929400684371,11.13,4.88,-0.11,0.483131125214833
2007-01-29,-0.1096948722968838,11.45,4.9,-0.09,0.4561776784831783
2007-01-30,0.5772093311412707,10.96,4.88,-0.1,0.4740151735210206
2007-01-31,0.6592883847806208,10.42,4.83,-0.11,0.4814569757145264
2007-02-01,0.5353731800087358,10.31,4.84,-0.12,0.4900080266711407
2007-02-02,0.1694450213336473,10.08,4.83,-0.11,0.490214659245258
2007-02-05,-0.0966607336355007,10.55,4.81,-0.11,0.4635898908747364
2007-02-06,0.0698007430902425,10.65,4.77,-0.13,0.4632768444358203
2007-02-07,0.139504111274169,10.32,4.74,-0.13,0.4614300342183041
2007-02-08,-0.1179267123534444,10.44,4.73,-0.14,0.4645404901872263
2007-02-09,-0.7077213846013231,11.1,4.79,-0.13,0.4826258533061981
2007-02-12,-0.3261382199258644,11.61,4.8,-0.14,0.4782703985457697
2007-02-13,0.7597490309923183,10.34,4.82,-0.13,0.5067794806811465
2007-02-14,0.7644080004882037,10.23,4.74,-0.13,0.5303464331009878
2007-02-15,0.103759342744536,10.22,4.7,-0.13,0.5225896435460653
2007-02-16,-0.0871781138356508,10.02,4.69,-0.14,0.5224505230106884
2007-02-20,0.2844315193901492,10.24,4.68,-0.13,0.5032722350870006
2007-02-21,-0.1404450806129165,10.2,4.69,-0.13,0.5037618289566824
2007-02-22,-0.0857556441492546,10.18,4.73,-0.14,0.4733519988852635
2007-02-23,-0.3563673944411261,10.58,4.68,-0.14,0.3971124862882215
2007-02-26,-0.1254106190468062,11.15,4.63,-0.14,0.3972463101714864
2007-02-27,-3.4725402225963764,18.31,4.5,-0.09,0.8921159539080364
2007-02-28,0.5560889616694542,15.42,4.56,-0.09,0.8913183460676672
2007-03-01,-0.2594434599379802,15.82,4.56,-0.07,0.8750794718336704
2007-03-02,-1.1402751982227732,18.61,4.52,-0.04,0.8891670696065312
2007-03-05,-0.9407677800631232,19.63,4.51,-0.02,0.8992610308207469
2007-03-06,1.549358071940743,15.96,4.53,-0.05,0.9860311385143574
2007-03-07,-0.2465270703449373,15.24,4.5,-0.04,0.9844056849567469
2007-03-08,0.7126622092502144,14.29,4.51,-0.05,1.002750346969614
2007-03-09,0.0677621754880064,14.09,4.59,-0.07,1.0040562552759549
2007-03-12,0.2680284178691927,13.99,4.56,-0.06,0.9994566030912984
2007-03-13,-2.0368281609082217,18.13,4.5,-0.02,1.088543054877544
2007-03-14,0.6691166660731218,17.27,4.53,-0.01,1.0845569543767346
2007-03-15,0.3683748343518811,16.43,4.54,-0.03,1.0696154429210392
2007-03-16,-0.3828308970065253,16.79,4.55,-0.03,1.067500921076193
2007-03-19,1.0894486429815275,14.59,4.58,-0.03,1.1080160497487102
2007-03-20,0.6333453947334089,13.27,4.56,-0.04,1.1184294353203128
2007-03-21,1.7080881296924757,12.19,4.53,0.02,1.1942585494952085
2007-03-22,-0.0348422334143783,12.93,4.6,0.02,1.194280205976604
2007-03-23,0.1094390010953239,12.95,4.62,0.02,1.1929157263669712
2007-03-26,0.0967902641591411,13.16,4.6,0.04,1.1931659102696968
2007-03-27,-0.6184358016304348,13.48,4.62,0.04,0.8932951510743956
2007-03-28,-0.7965788423361819,14.98,4.62,0.09,0.9086919109345738
2007-03-29,0.3739723898849467,15.14,4.64,0.06,0.9087152017444728
2007-03-30,-0.117399556488662,14.64,4.65,0.07,0.8645807943860511
2007-04-02,0.2597063408502853,14.53,4.65,0.05,0.8276811997019183
2007-04-03,0.9280102663995704,13.46,4.67,0.04,0.7842413519301872
2007-04-04,0.1112817463295723,13.24,4.66,0.05,0.7787197271215115
2007-04-05,0.3049955649575775,13.23,4.68,0.05,0.7690557164090457
2007-04-09,0.0588723596850027,13.14,4.75,0.02,0.7691083601530596
2007-04-10,0.2616643478312364,12.68,4.73,0.02,0.7690581108432079
2007-04-11,-0.6572828751212234,13.49,4.74,0.01,0.6075746973148718
2007-04-12,0.6206296427920366,12.71,4.74,0.01,0.6057751835768195
2007-04-13,0.3488000129506785,12.2,4.76,0.0,0.6055315671177459
2007-04-16,1.065490637634969,11.98,4.74,0.0,0.6167866120364655
2007-04-17,0.2145311005250061,12.14,4.69,0.01,0.587217668033969
2007-04-18,0.0693192938258757,12.42,4.66,0.02,0.5810236526436643
2007-04-19,-0.1202050615449867,12.54,4.68,0.04,0.466306199276613
2007-04-20,0.9260704070808812,12.07,4.68,0.04,0.4975426812534301
2007-04-23,-0.2303986210293818,13.04,4.66,0.04,0.5055299872577875
2007-04-24,-0.0351143884173899,13.12,4.63,0.05,0.5071869666221409
2007-04-25,1.0139089454322958,13.21,4.66,0.03,0.50863007330366
2007-04-26,-0.0782418257699424,12.79,4.69,0.02,0.4548403604487811
2007-04-27,-0.0120497715199952,12.45,4.71,0.04,0.4581923676909774
2007-04-30,-0.7830925989064319,14.22,4.63,0.03,0.5075492022109027
2007-05-01,0.2651196208694806,13.51,4.64,0.01,0.5075766696204758
2007-05-02,0.6472444863856675,13.08,4.65,0.0,0.4903693638017448
2007-05-03,0.4325077887225248,13.09,4.68,-0.03,0.4925808211008502
2007-05-04,0.2149894792468965,12.91,4.65,-0.03,0.4921324230222418
2007-05-07,0.256371817861134,13.15,4.64,-0.04,0.4908962279875529
2007-05-08,-0.1165970922700432,13.21,4.63,-0.05,0.496502349340746
2007-05-09,0.3223400529274611,12.88,4.67,-0.06,0.453739588397036
2007-05-10,-1.3956277330703482,13.6,4.65,-0.05,0.5750758403592725
2007-05-11,0.964149809602488,12.95,4.67,-0.04,0.6020835616618754
2007-05-14,-0.1792974875086339,13.96,4.69,-0.04,0.5692882248894852
2007-05-15,-0.1303983618386017,14.01,4.71,-0.04,0.5714559735481844
2007-05-16,0.8626538777668946,13.5,4.71,-0.02,0.5961034910575452
2007-05-17,-0.0918022530934981,13.51,4.76,-0.02,0.5954814164737965
2007-05-18,0.6610477607007059,12.76,4.81,-0.01,0.5798744914704493
2007-05-21,0.1543244515473718,13.3,4.79,-0.02,0.5736591093859187
2007-05-22,-0.0642568018121902,13.06,4.83,0.0,0.5741871394779837
2007-05-23,-0.1207231600010017,13.24,4.86,0.01,0.5390183762252025
2007-05-24,-0.9702564079535404,14.08,4.86,0.01,0.5883564035584417
2007-05-25,0.545268067865301,13.34,4.86,0.01,0.5985797843104932
2007-05-29,0.1570203739109654,13.53,4.88,0.0,0.5636497033289518
2007-05-30,0.7983608061428171,12.83,4.88,-0.01,0.5831161494691229
2007-05-31,0.0254873223904494,13.05,4.9,-0.02,0.5715220312272296
2007-06-01,0.3737028603684855,12.78,4.95,-0.02,0.5699586597868674
2007-06-04,0.1848606398199503,13.29,4.93,-0.04,0.5697156110956126
2007-06-05,-0.5347069382311664,13.63,4.98,-0.01,0.5863702497689929
2007-06-06,-0.8863742592418067,14.87,4.97,0.0,0.6235080318414684
2007-06-07,-1.7569780868271323,17.06,5.11,0.08,0.7360595073187364
2007-06-08,1.1370393887050856,14.84,5.12,0.11,0.7135427325285967
2007-06-11,0.096171650932364,14.71,5.14,0.13,0.6810874241574163
2007-06-12,-1.068171859715883,16.67,5.26,0.18,0.7220683933708606
2007-06-13,1.5184222334435615,14.73,5.2,0.12,0.8000804556978471
2007-06-14,0.4816303381447451,13.64,5.23,0.13,0.7841149559592351
2007-06-15,0.6526762620259197,13.94,5.16,0.11,0.7955165057468419
2007-06-18,-0.1213368893209554,13.42,5.15,0.14,0.7840361352670284
2007-06-19,0.1730774474536733,12.85,5.09,0.15,0.7842037033640107
2007-06-20,-1.3601086272203244,14.67,5.14,0.17,0.8437634859903433
2007-06-21,0.6180412864005502,14.21,5.16,0.18,0.8558398144556619
2007-06-22,-1.28958169270027,15.75,5.14,0.22,0.8776564817237098
2007-06-25,-0.3207903958185931,16.65,5.09,0.22,0.8700059189681987
2007-06-26,-0.3238195960287182,18.89,5.1,0.2,0.8704508832441021
2007-06-27,0.9009338290096648,15.53,5.09,0.18,0.8761825714180081
2007-06-28,-0.0418235522596233,15.54,5.12,0.16,0.8759055369960553
2007-06-29,-0.1567357202108876,16.23,5.03,0.16,0.869504297720825
2007-07-02,1.0696164157472765,15.4,5.0,0.14,0.9067311750397308
2007-07-03,0.358025128762196,14.92,5.05,0.16,0.9041355635490994
2007-07-05,0.0347589826393157,15.48,5.16,0.17,0.880620893850077
2007-07-06,0.3303996926395269,14.72,5.19,0.2,0.7750464690568974
2007-07-09,0.0921326045889792,15.16,5.16,0.19,0.7382481814927745
2007-07-10,-1.4185449499020453,17.57,5.03,0.18,0.8108619835644849
2007-07-11,0.572140934255172,16.64,5.09,0.2,0.7787689817734221
2007-07-12,1.905497986526261,15.54,5.13,0.19,0.8199001359340183
2007-07-13,0.3101407882381002,15.15,5.11,0.17,0.8166753498575471
2007-07-16,-0.1919472121578058,15.59,5.05,0.16,0.8083457545224965
2007-07-17,-0.009681992628141,15.63,5.08,0.17,0.807434291469175
2007-07-18,-0.2065324087829001,16.0,5.02,0.18,0.8091601940393992
2007-07-19,0.4469050565578891,15.23,5.04,0.17,0.7422949602830038
2007-07-20,-1.2220864994591183,16.95,4.96,0.17,0.7915423428443783
2007-07-23,0.4869285458577677,16.81,4.97,0.17,0.731669858020403
2007-07-24,-1.9804425546862456,18.55,4.94,0.17,0.8671515305234182
2007-07-25,0.4665612144987507,18.1,4.92,0.18,0.8673346689876779
2007-07-26,-2.333849273648292,20.74,4.79,0.23,0.999209464191654
2007-07-27,-1.599158435597181,24.17,4.8,0.24,1.0556227989221532
2007-07-30,1.0254006997153065,20.87,4.82,0.23,1.0879609645671988
2007-07-31,-1.2646643428824822,23.52,4.78,0.22,1.081843633480538
2007-08-01,0.7242669003718616,23.67,4.76,0.2,1.0949825780911098
2007-08-02,0.4359290987711706,21.22,4.77,0.18,1.102992306409148
2007-08-03,-2.6585989591270898,25.16,4.71,0.25,1.2269371415351586
2007-08-06,2.4151105980530163,22.94,4.72,0.26,1.3697452564808523
2007-08-07,0.6159366016551537,21.56,4.77,0.21,1.350271754474863
2007-08-08,1.4071842031649018,21.45,4.84,0.2,1.384721092230184
2007-08-09,-2.964963018358036,26.48,4.79,0.3,1.447465241883752
2007-08-10,0.0378537352168972,28.3,4.81,0.34,1.4426486386299933
2007-08-13,-0.0495288170296537,26.57,4.78,0.32,1.4436572776574337
2007-08-14,-1.81565427448982,27.68,4.73,0.34,1.479821357416736
2007-08-15,-1.3907838088907498,30.67,4.69,0.42,1.4952151472963244
2007-08-16,0.3248786889889166,30.83,4.6,0.52,1.491560402173462
2007-08-17,2.4566469488606746,29.99,4.68,0.5,1.6152412280884791
2007-08-20,-0.0269646454157612,26.33,4.64,0.53,1.6064113563888622
2007-08-21,0.1086054606227682,25.25,4.6,0.55,1.5592167641376542
2007-08-22,1.1712885751746116,22.89,4.63,0.48,1.5829573233161385
2007-08-23,-0.1072316451165344,22.62,4.62,0.42,1.4987523308753683
2007-08-24,1.1535039396367577,20.72,4.63,0.33,1.4759670994183516
2007-08-27,-0.8503590106740622,22.72,4.6,0.32,1.4723169303930477
2007-08-28,-2.3473062124790167,26.3,4.53,0.4,1.5391118860913966
2007-08-29,2.19218804875756,23.81,4.57,0.43,1.6121494863481696
2007-08-30,-0.4181009917170408,25.06,4.51,0.43,1.6114557032495365
2007-08-31,1.1216744478492524,23.38,4.54,0.39,1.5060684567815854
2007-09-04,1.046822150297233,22.78,4.56,0.43,1.4268331570111952
2007-09-05,-1.1501124180816724,24.58,4.48,0.45,1.4466441676210349
2007-09-06,0.4251886244921676,23.99,4.51,0.43,1.412451296804013
2007-09-07,-1.6908457052106307,26.23,4.38,0.48,1.2983804492440596
2007-09-10,-0.127281317746275,27.38,4.34,0.47,1.2987162661382978
2007-09-11,1.3632320540153398,25.27,4.37,0.42,1.3337522617582729
2007-09-12,0.0047617285771517,24.96,4.41,0.46,1.2581252692022733
2007-09-13,0.8419562970447103,24.76,4.49,0.41,1.2111810098691835
2007-09-14,0.0202196056469539,24.92,4.47,0.42,1.2124309317227375
2007-09-17,-0.5120414745452218,26.48,4.48,0.4,1.1063530630882
2007-09-18,2.920800742879237,20.35,4.5,0.5,1.2710965301630586
2007-09-19,0.6086407125825533,20.03,4.53,0.53,1.2729125665514331
2007-09-20,-0.672323571146749,20.45,4.69,0.59,1.2719804920879836
2007-09-21,0.4609053497942383,19.0,4.64,0.58,1.271309488651484
2007-09-24,-0.5256444064394517,19.37,4.63,0.58,1.261796632747458
2007-09-25,-0.0342629807635108,18.6,4.63,0.63,1.241261903647604
2007-09-26,0.5411303128236344,17.63,4.63,0.66,1.0911253745707925
2007-09-27,0.3907094941590916,17.0,4.58,0.63,0.9989791728663856
2007-09-28,-0.302341996633737,18.0,4.59,0.62,0.9953505826885274
2007-10-01,1.3289693179957318,17.84,4.56,0.54,1.0060740554729497
2007-10-02,-0.0265044322922625,18.49,4.54,0.56,0.9896527813851168
2007-10-03,-0.4551857289897487,18.8,4.55,0.53,0.9514678201552712
2007-10-04,0.2110951663853111,18.44,4.54,0.54,0.9503362737621236
2007-10-05,0.956029162244154,16.91,4.65,0.57,0.8495834246397724
2007-10-09,0.8096245420633474,16.12,4.67,0.52,0.8477302239574271
2007-10-10,-0.171233023616435,16.67,4.65,0.5,0.8247573671590832
2007-10-11,-0.5158458514124553,18.88,4.66,0.53,0.8432311492789349
2007-10-12,0.4754224745041169,17.73,4.7,0.47,0.8346282798704765
2007-10-15,-0.838141086014621,19.25,4.69,0.47,0.8697705243424587
2007-10-16,-0.6573168570868315,20.02,4.66,0.54,0.8768930935963528
2007-10-17,0.1761396193702191,18.54,4.57,0.57,0.6056539968183126
2007-10-18,-0.0752662912354762,18.5,4.52,0.59,0.5939037692147666
2007-10-19,-2.561552146483115,22.96,4.41,0.61,0.8219379067418867
2007-10-22,0.3798372119262039,21.64,4.42,0.57,0.8195305931452236
2007-10-23,0.8802858704579641,20.41,4.41,0.6,0.8362348027186749
2007-10-24,-0.2441422371131096,20.8,4.36,0.62,0.8383395413876756
2007-10-25,-0.0976317692682027,21.17,4.37,0.63,0.8293634832351865
2007-10-26,1.3787641670760742,19.56,4.41,0.64,0.8826353576672306
2007-10-29,0.3712645942828718,19.87,4.39,0.6,0.8820354910148797
2007-10-30,-0.6463394115263088,21.07,4.4,0.58,0.8429241210205038
2007-10-31,1.1991995609034412,18.53,4.48,0.54,0.8868013502705107
2007-11-01,-2.6423513500588247,23.21,4.36,0.59,1.0663099619514878
2007-11-02,0.0802208277967286,23.01,4.31,0.65,1.0648261673013542
2007-11-05,-0.4954777827830159,24.31,4.35,0.66,1.039139348187247
2007-11-06,1.2049218834373487,21.39,4.38,0.68,1.0620539245814584
2007-11-07,-2.936979868078282,26.49,4.34,0.73,1.232692284372126
2007-11-08,-0.0576012515925539,26.16,4.28,0.81,1.2323022791612035
2007-11-09,-1.4287019725334529,28.5,4.23,0.81,1.2463483495380037
2007-11-13,2.9092951232353004,24.1,4.26,0.72,1.4363867653666773
2007-11-14,-0.7069371343474851,25.94,4.28,0.71,1.4373277501732538
2007-11-15,-1.3212427900045731,28.06,4.17,0.82,1.457444937581824
2007-11-16,0.5230310920731451,25.49,4.15,0.82,1.467123478992535
2007-11-19,-1.7460253968243356,26.01,4.07,0.89,1.4085058696834083
2007-11-20,0.4486196985218349,24.88,4.06,0.92,1.4100017995708487
2007-11-21,-1.5926882279853285,26.84,4.0,1.01,1.4217669820430057
2007-11-23,1.689048420755146,25.61,4.01,0.94,1.489168421669093
2007-11-26,-2.3238690638891946,28.91,3.83,0.91,1.5630071538606802
2007-11-27,1.4930153212029174,26.28,3.95,0.9,1.5696783156661076
2007-11-28,2.8559853539212643,24.11,4.03,0.86,1.7169403082489594
2007-11-29,0.0476474903383872,23.97,3.94,0.88,1.7139178120238916
2007-11-30,0.7770217574065486,22.87,3.97,0.93,1.6990910142472635
2007-12-03,-0.5887337197621245,23.61,3.89,0.99,1.6004425306819967
2007-12-04,-0.6540256581273551,23.79,3.89,0.99,1.6055069931926396
2007-12-05,1.5190129895446658,22.53,3.92,1.02,1.6418521781463222
2007-12-06,1.5036906086721702,20.96,4.02,0.99,1.6546484490198017
2007-12-07,-0.1777921173321095,20.85,4.12,1.0,1.5031802372551104
2007-12-10,0.7509953412149439,20.74,4.15,0.98,1.5079303745618968
2007-12-11,-2.5271074111842595,23.59,3.98,1.04,1.5881942421029496
2007-12-12,0.6050107439882435,22.47,4.05,0.98,1.4550239943251273
2007-12-13,0.1224324394232478,22.56,4.18,0.97,1.4447359661368502
2007-12-14,-1.374626785493871,23.27,4.24,0.93,1.4474887014969924
2007-12-17,-1.5020898185397868,24.52,4.2,0.96,1.48431138306469
2007-12-18,0.6279795215002659,22.64,4.14,0.95,1.4342521505998698
2007-12-19,-0.1360830042563265,21.68,4.06,0.94,1.4324076581311516
2007-12-20,0.4900203108869627,20.58,4.04,0.95,1.381045318605725
2007-12-21,1.6669839397931874,18.47,4.18,0.99,1.379767696019555
2007-12-24,0.8077004803014542,18.6,4.23,0.99,1.2552767631755213
2007-12-26,0.0808635802931334,18.66,4.3,0.99,1.2248965643140397
2007-12-27,-1.4282289812289406,20.26,4.21,0.97,1.113779611216998
2007-12-28,0.1503770092025513,20.74,4.11,0.99,1.1140995258782571
2007-12-31,-0.6851588410961562,22.5,4.04,0.99,1.1108609909198914
2008-01-02,-1.4437843160646446,23.17,3.91,1.03,1.1489939865023002
2008-01-03,0.0,22.49,3.91,1.08,1.1410824499675407
2008-01-04,-2.455155508562324,23.94,3.88,1.14,1.198519549587824
2008-01-07,0.3223258794716965,23.79,3.86,1.1,1.1351758435217232
2008-01-08,-1.8352265474000595,25.43,3.86,1.1,1.1847947202424534
2008-01-09,1.3624083236714934,24.12,3.82,1.13,1.2230059851683328
2008-01-10,0.7948131920451518,23.45,3.91,1.2,1.1352823008236683
2008-01-11,-1.3595387776707546,23.68,3.82,1.23,1.1476629562319045
2008-01-14,1.087063729028337,22.9,3.81,1.23,1.1855394804828254
2008-01-15,-2.4925012411738723,23.34,3.72,1.19,1.2654350899192528
2008-01-16,-0.5612078839948742,24.38,3.74,1.23,1.2354239656246129
2008-01-17,-2.909259582902124,28.46,3.66,1.22,1.3508698902247485
2008-01-18,-0.6045421784173999,27.18,3.66,1.3,1.3496176354889704
2008-01-22,-1.1085159151345114,31.01,3.52,1.44,1.3382667655158835
2008-01-23,2.1442179004912187,29.02,3.51,1.42,1.3830176997797
2008-01-24,1.006273042641359,27.78,3.68,1.43,1.3936222311244937
2008-01-25,-1.587193103167461,29.08,3.61,1.38,1.4070839718878374
2008-01-28,1.7548324334698329,27.78,3.61,1.41,1.4840215433294943
2008-01-29,0.6159774388638573,27.32,3.69,1.4,1.4970511297491234
2008-01-30,-0.4763994716110997,27.62,3.78,1.48,1.4956685743930194
2008-01-31,1.6772253672436177,26.2,3.67,1.5,1.54174120091706
2008-02-01,1.223749194418322,24.02,3.62,1.53,1.5753186411264686
2008-02-04,-1.0462869384454845,25.99,3.68,1.6,1.4973263411701412
2008-02-05,-3.199543268429605,28.24,3.61,1.68,1.6449165975278206
2008-02-06,-0.7623640894248274,28.97,3.61,1.65,1.6084708616787944
2008-02-07,0.7885772846967454,27.66,3.74,1.75,1.5836466730487433
2008-02-08,-0.4203719751894819,28.01,3.64,1.71,1.5646183361928727
2008-02-11,0.5888999083801139,27.6,3.62,1.69,1.556566005627914
2008-02-12,0.7265896838448915,26.33,3.66,1.72,1.542732581726456
2008-02-13,1.3604062530741423,24.88,3.7,1.79,1.485098079408632
2008-02-14,-1.3421475932895444,25.54,3.85,1.92,1.5096027919226087
2008-02-15,0.0837748094749679,25.02,3.76,1.85,1.3546080132457563
2008-02-19,-0.0896274006661257,25.59,3.89,1.83,1.3459553237408295
2008-02-20,0.8340870828184466,24.4,3.93,1.79,1.3243078945706863
2008-02-21,-1.2867362942748706,25.12,3.77,1.79,1.2798627906854212
2008-02-22,0.7880610357913875,24.06,3.79,1.81,1.2719403725348206
2008-02-25,1.3812671311938196,23.03,3.91,1.78,1.2485406242614012
2008-02-26,0.6917910698780005,21.9,3.88,1.84,1.1987059996010332
2008-02-27,-0.0919444501396693,22.69,3.85,1.84,1.1933206918949075
2008-02-28,-0.894187449867867,23.53,3.71,1.84,1.2069941090930068
2008-02-29,-2.7089704735838493,26.54,3.53,1.88,1.2914068587237186
2008-03-03,0.0533552478821919,26.28,3.54,1.93,1.2508668617021732
2008-03-04,-0.3447628658457935,25.52,3.63,1.98,1.2364443325107803
2008-03-05,0.5238327621537531,24.6,3.7,2.04,1.0214142126254333
2008-03-06,-2.201393598744972,27.55,3.62,2.09,1.123118574647224
2008-03-07,-0.8410361554953893,27.49,3.56,2.03,1.116033361499905
2008-03-10,-1.546347918654778,29.38,3.46,1.99,1.1575173189515044
2008-03-11,3.7129844018763736,26.36,3.6,1.86,1.4465313453940143
2008-03-12,-0.8995573894062803,27.22,3.49,1.86,1.4457193448888312
2008-03-13,0.5126921336342294,27.29,3.56,1.93,1.41140816606025
2008-03-14,-2.078326255529206,31.16,3.44,1.97,1.4522318488893506
2008-03-17,-0.895868378535658,32.24,3.34,1.99,1.4579546068264224
2008-03-18,4.240953758720556,25.79,3.48,1.9,1.7734461046475851
2008-03-19,-2.428719849575589,29.84,3.38,1.84,1.8365465949979811
2008-03-20,2.39444592412823,26.62,3.34,1.75,1.906677358590109
2008-03-24,1.5321430427423843,25.73,3.56,1.72,1.930621629395892
2008-03-25,0.2303897635577145,25.72,3.51,1.72,1.9044350239413288
2008-03-26,-0.8765759863092581,26.08,3.51,1.8,1.9044895041761265
2008-03-27,-1.1460481132498757,25.88,3.56,1.83,1.9179093236951124
2008-03-28,-0.795018629681199,25.71,3.47,1.8,1.9161013692418285
2008-03-31,0.568724672326204,25.61,3.45,1.83,1.8263087011262664
2008-04-01,3.589635162305438,22.68,3.57,1.77,1.9964509765591452
2008-04-02,-0.1934070202587845,23.43,3.6,1.72,1.9947126136290148
2008-04-03,0.1301638178863307,23.21,3.61,1.7,1.992980685200849
2008-04-04,0.0795996358510464,22.45,3.5,1.67,1.9150509554936772
2008-04-07,0.1561598518908802,22.42,3.57,1.62,1.897653787589247
2008-04-08,-0.5100033369358936,22.36,3.58,1.71,1.8579029385085823
2008-04-09,-0.8092072375784243,22.81,3.49,1.72,1.6974056796849013
2008-04-10,0.4474051958627933,21.98,3.55,1.71,1.6806224524323548
2008-04-11,-2.03741808670056,23.46,3.49,1.73,1.751487891008149
2008-04-14,-0.3383784814512292,23.82,3.53,1.75,1.6804127526353032
2008-04-15,0.4599876286541349,22.78,3.6,1.76,1.6625333796358253
2008-04-16,2.2691265939609684,20.53,3.72,1.74,1.4583860725852118
2008-04-17,0.0622914524391671,20.37,3.75,1.62,1.3283854176599166
2008-04-18,1.813900260560164,20.13,3.77,1.58,1.2849381958638488
2008-04-21,-0.1553524830540276,20.5,3.75,1.55,1.2499777520220536
2008-04-22,-0.8810233726340488,20.87,3.74,1.5,1.270624038686502
2008-04-23,0.2899917492481085,20.26,3.77,1.55,1.250449923629216
2008-04-24,0.6442277675030139,20.06,3.87,1.46,1.2163997576506802
2008-04-25,0.6494736452591576,19.59,3.91,1.47,1.1944225154850705
2008-04-28,-0.1051601570328797,19.64,3.86,1.5,1.1962967044957062
2008-04-29,-0.3888692631555557,20.24,3.85,1.5,0.9141735784577028
2008-04-30,-0.384630236480854,20.79,3.77,1.48,0.9181657767755408
2008-05-01,1.7140713043443112,18.88,3.78,1.41,0.9892228234746162
2008-05-02,0.3235598723049016,18.18,3.89,1.42,0.9898284246155102
2008-05-05,-0.453358375345092,18.9,3.88,1.46,0.9993232542061996
2008-05-06,0.7651933303949532,18.21,3.93,1.55,0.996982189304132
2008-05-07,-1.8113789643415144,19.73,3.87,1.56,1.0724046572188308
2008-05-08,0.3669551705817397,19.4,3.79,1.54,1.0713578043103302
2008-05-09,-0.6725447922866779,19.41,3.77,1.52,0.9633778532813588
2008-05-12,1.1020778542468523,17.79,3.78,1.48,0.9741332624444424
2008-05-13,-0.0384671346907228,17.98,3.9,1.43,0.9756726475576244
2008-05-14,0.4005584274660245,17.66,3.92,1.39,0.8546650148296538
2008-05-15,1.058446448937378,16.3,3.83,1.38,0.8772715070272716
2008-05-16,0.1250398198918922,16.47,3.85,1.38,0.7920982284145212
2008-05-19,0.0898045616024134,17.01,3.83,1.41,0.7893839018158845
2008-05-20,-0.927358910402054,17.58,3.78,1.44,0.7925987556045181
2008-05-21,-1.6053532676263305,18.59,3.81,1.4,0.881692788938055
2008-05-22,0.2617378713519525,18.05,3.92,1.36,0.8720521109057638
2008-05-23,-1.3210400686713863,19.55,3.85,1.39,0.9081728798557496
2008-05-27,0.6846221470047986,19.64,3.93,1.38,0.923829745358374
2008-05-28,0.3962890483361736,19.07,4.03,1.41,0.9247072989829992
2008-05-29,0.5334937252062799,18.14,4.08,1.41,0.9272001160693708
2008-05-30,0.1516166594468293,17.83,4.06,1.4,0.8414347047121713
2008-06-02,-1.0504263761414556,19.83,3.98,1.47,0.8668823660296546
2008-06-03,-0.5787827748960472,20.24,3.92,1.47,0.87004238089834
2008-06-04,-0.0326696355541278,20.8,3.98,1.51,0.8460776136514692
2008-06-05,1.9496150601372664,18.63,4.06,1.54,0.873353203464133
2008-06-06,-3.088920879521761,23.56,3.94,1.54,1.114748367776352
2008-06-09,0.0793688458754271,23.12,4.02,1.29,1.108080102233013
2008-06-10,-0.2438071565889488,23.18,4.11,1.2,1.0721260887758168
2008-06-11,-1.689434363076614,24.12,4.1,1.27,1.1247215547728733
2008-06-12,0.3279698773364758,23.33,4.23,1.2,1.122659715460488
2008-06-13,1.5046261393385496,21.22,4.27,1.22,1.1539017404728644
2008-06-16,0.0080869796396543,20.95,4.25,1.23,1.1523474788121542
2008-06-17,-0.6771332979186417,21.13,4.23,1.29,1.1539913485665176
2008-06-18,-0.971182414748084,22.24,4.16,1.27,1.1553542673299109
2008-06-19,0.3752324501292925,21.58,4.22,1.23,1.1190077046182438
2008-06-20,-1.8542855877975328,22.87,4.16,1.28,1.1747789277909977
2008-06-23,0.005307283862721,22.64,4.19,1.21,1.1497823138647674
2008-06-24,-0.2814841378983357,22.42,4.1,1.23,1.130415374066628
2008-06-25,0.5843407020038827,21.14,4.12,1.3,1.1368972881905612
2008-06-26,-2.9365225496321257,23.93,4.07,1.39,1.268599417385584
2008-06-27,-0.37174293266512,23.44,3.99,1.34,1.261545951990116
2008-06-30,0.1267225012124617,23.95,3.99,1.36,1.259373964993038
2008-07-01,0.3835964202880904,23.65,4.01,1.38,1.270050539730787
2008-07-02,-1.820362050746238,25.92,3.99,1.39,1.3095670755482514
2008-07-03,0.1093922301229399,24.79,3.99,1.45,1.193077539024381
2008-07-07,-0.8385434805281422,25.78,3.95,1.48,1.0336688652775874
2008-07-08,1.7080348777318122,23.15,3.91,1.44,1.1335003154946148
2008-07-09,-2.2776172472122824,25.23,3.85,1.44,1.2139654081292153
2008-07-10,0.6989751385279241,25.59,3.83,1.39,1.2008797265076323
2008-07-11,-1.1089943474586694,27.49,3.96,1.37,1.2036952635245426
2008-07-14,-0.902785943768214,28.48,3.9,1.43,1.122787733712367
2008-07-15,-1.0901257116461394,28.54,3.87,1.48,1.1233804050007756
2008-07-16,2.506354406105049,25.1,3.97,1.53,1.3147023679797352
2008-07-17,1.2012559511679566,25.01,4.07,1.49,1.3539916595760215
2008-07-18,0.0285726987766299,24.05,4.11,1.45,1.347240867714095
2008-07-21,-0.0539434021293305,23.05,4.09,1.43,1.2976125503258864
2008-07-22,1.3492063492063444,21.18,4.14,1.4,1.3436800431365064
2008-07-23,0.4064167115309214,21.31,4.16,1.35,1.3489120466432056
2008-07-24,-2.3124422822433988,23.44,4.03,1.42,1.4233478722065682
2008-07-25,0.416750805589583,22.91,4.13,1.43,1.281911280379868
2008-07-28,-1.8596564103509736,24.23,4.06,1.47,1.3408187303478485
2008-07-29,2.335600846482855,22.03,4.09,1.44,1.4525566610043137
2008-07-30,1.667199129814123,21.21,4.07,1.43,1.500566998263508
2008-07-31,-1.3143759639368535,22.94,3.99,1.47,1.47211140762664
2008-08-01,-0.5578395005305659,22.57,3.97,1.46,1.477849475646707
2008-08-04,-0.896608636190177,23.49,3.98,1.45,1.4796396705899957
2008-08-05,2.8718741112345736,21.14,4.04,1.5,1.5705582202708803
2008-08-06,0.3354349438903892,20.23,4.06,1.5,1.4718499860050351
2008-08-07,-1.7933738369047658,21.15,3.92,1.49,1.5304782349626052
2008-08-08,2.389283474318682,20.66,3.94,1.43,1.5884790507660913
2008-08-11,0.6942730477737413,20.12,3.99,1.43,1.5682140940364242
2008-08-12,-1.2050670422580567,21.17,3.91,1.46,1.573839633279784
2008-08-13,-0.2915663013268954,21.55,3.94,1.44,1.490521604504314
2008-08-14,0.5521801403690407,20.34,3.89,1.44,1.4738717345435148
2008-08-15,0.4075933919094776,19.58,3.84,1.44,1.4748257810869534
2008-08-18,-1.5097809523290096,20.98,3.82,1.47,1.5209923330920443
2008-08-19,-0.9314902555218274,21.28,3.83,1.51,1.5065906786929708
2008-08-20,0.6197331643397197,20.42,3.79,1.54,1.5105910042059163
2008-08-21,0.249496409933414,19.82,3.84,1.51,1.4112413055383086
2008-08-22,1.1332671321386378,18.81,3.87,1.45,1.428455285761845
2008-08-25,-1.9625434383095277,20.97,3.79,1.46,1.4362181509264125
2008-08-26,0.3686372447437414,20.49,3.79,1.44,1.342201132603644
2008-08-27,0.7982653959549557,19.76,3.77,1.46,1.3002084532397304
2008-08-28,1.4840144050698667,19.43,3.79,1.42,1.3021315883909106
2008-08-29,-1.372366525136015,20.65,3.83,1.47,1.3372966646806903
2008-09-02,-0.4092514347066145,21.99,3.74,1.48,1.3225967351584813
2008-09-03,-0.2035078566797854,21.43,3.71,1.45,1.1540256191526852
2008-09-04,-2.992205759970956,24.03,3.64,1.44,1.3253723427167383
2008-09-05,0.4430764724152825,23.06,3.66,1.43,1.2772199165479343
2008-09-08,2.051016192977806,22.64,3.66,1.36,1.2445249522463624
2008-09-09,-3.413816796421554,25.47,3.62,1.39,1.4309250264794946
2008-09-10,0.6149422411268146,24.52,3.65,1.43,1.4288250458068998
2008-09-11,1.3806377411702098,24.39,3.64,1.46,1.4725634070472184
2008-09-12,0.2121534158087801,25.66,3.74,1.51,1.4661658433511775
2008-09-15,-4.713589702129706,31.7,3.47,1.69,1.777503628300291
2008-09-16,1.752328772507061,30.3,3.48,1.59,1.8202040597830769
2008-09-17,-4.714070706031325,36.22,3.41,1.77,2.0741386213989013
2008-09-18,4.3341774386062015,33.1,3.54,1.76,2.324604867955373
2008-09-19,4.02565630586833,32.07,3.78,1.62,2.512865683738881
2008-09-22,-3.8236599989398554,33.85,3.83,1.7,2.6307535099701744
2008-09-23,-1.563263356626765,35.72,3.85,1.74,2.619017726132098
2008-09-24,-0.1977727730452905,35.19,3.8,1.77,2.614613150591099
2008-09-25,1.9656504245599395,32.82,3.88,1.72,2.653523462215796
2008-09-26,0.3382429116127516,34.74,3.85,1.74,2.626185034670544
2008-09-29,-8.806776221769596,46.72,3.61,1.91,3.238579240163042
2008-09-30,5.41746705821724,39.39,3.85,1.85,3.5150632351233213
2008-10-01,-0.4543988840816637,39.81,3.77,1.95,3.514792805178055
2008-10-02,-4.02907919798171,45.26,3.66,2.04,3.5622551871082817
2008-10-03,-1.3506522985628489,45.14,3.63,2.03,3.560926945961641
2008-10-06,-3.8517841191210263,52.05,3.48,2.05,3.5786870924016023
2008-10-07,-5.739484084336377,53.68,3.5,2.03,3.702239370663289
2008-10-08,-1.133270253725105,57.53,3.72,2.07,3.6836848358124135
2008-10-09,-7.616709580816616,63.92,3.84,2.19,3.913746729068944
2008-10-10,-1.1759289177065702,69.95,3.89,2.27,3.894092502818407
2008-10-14,-0.5322136791994336,55.13,4.08,2.26,3.827940518511888
2008-10-15,-9.03497780862258,69.25,4.04,2.4,4.115809043547882
2008-10-16,4.2507451399756535,67.61,3.99,2.38,4.277855078065762
2008-10-17,-0.6212826018106576,70.33,3.98,2.34,4.063405093930357
2008-10-20,4.768490479313692,52.97,3.91,2.2,4.121443644375609
2008-10-21,-3.079971165937456,53.11,3.76,2.18,4.104209659521131
2008-10-22,-6.101246975642627,69.65,3.65,2.12,4.224449997693034
2008-10-23,1.2634041442215027,67.8,3.63,2.09,4.2669356552504185
2008-10-24,-3.4511200543819176,79.13,3.76,2.19,4.188109872873361
2008-10-27,-3.176435781413156,80.06,3.79,2.2,4.156373818219695
2008-10-28,10.789005877973532,66.96,3.89,2.24,4.784792353590956
2008-10-29,-1.1079077098555157,69.96,3.93,2.35,4.521983064224312
2008-10-30,2.5803953710955563,62.9,4.0,2.41,4.611395469364
2008-10-31,1.536539816147986,59.89,4.01,2.45,4.613433518835131
2008-11-03,-0.2529044858870954,53.68,3.96,2.51,4.617314139213895
2008-11-04,4.082584363592434,47.73,3.81,2.42,4.707009016033982
2008-11-05,-5.267708721725084,54.56,3.73,2.37,4.681472394044618
2008-11-06,-5.026398151360678,63.68,3.75,2.47,4.781872420244142
2008-11-07,2.885463841688485,56.1,3.83,2.5,4.572760783398243
2008-11-10,-1.265316317606502,59.98,3.82,2.55,4.5736710178518045
2008-11-12,-5.189390264262972,66.46,3.75,2.56,4.70086369974917
2008-11-13,6.921270805966984,59.83,3.84,2.6,4.540033834578036
2008-11-14,-4.169913081043431,66.31,3.72,2.5,4.537688269085592
2008-11-17,-2.5810416464710606,69.15,3.68,2.46,4.56845342968107
2008-11-18,0.983837216243022,67.64,3.53,2.38,4.423898924834012
2008-11-19,-6.115557585198217,74.26,3.38,2.29,4.567491081414519
2008-11-20,-6.712293077105446,80.86,3.1,2.1,4.607858174707989
2008-11-21,6.324760339835156,72.67,3.2,2.11,4.851795668564988
2008-11-24,6.472253086203117,64.7,3.35,2.04,5.028674979370651
2008-11-25,0.6550776705881445,60.9,3.11,1.96,4.970510728964151
2008-11-26,3.532812081997916,54.92,2.99,1.9,4.394260546909856
2008-11-28,0.9643111965147444,55.84,2.93,1.93,4.393318988136408
2008-12-01,-8.92952436107991,68.51,2.72,1.82,4.777087810643944
2008-12-02,3.994067054843109,62.98,2.68,1.78,4.864592039183477
2008-12-03,2.583616208439788,60.72,2.67,1.8,4.911295458184994
2008-12-04,-2.930842710506598,63.64,2.55,1.73,4.832187842291805
2008-12-05,3.649941753675101,59.93,2.67,1.74,4.7943240527386815
2008-12-08,3.83873487297306,58.49,2.77,1.8,4.733816005141066
2008-12-09,-2.3117543162227583,58.91,2.67,1.83,4.723914692494427
2008-12-10,1.189418741207482,55.73,2.69,1.83,4.721587510149064
2008-12-11,-2.85240465920793,55.78,2.64,1.85,4.611203029743366
2008-12-12,0.7028415417449585,54.28,2.6,1.82,4.33747276999141
2008-12-15,-1.2685680143110334,56.76,2.53,1.78,4.241130321383917
2008-12-16,5.136026454446818,52.37,2.37,1.72,4.338188975112628
2008-12-17,-0.9592862125632596,49.84,2.2,1.47,4.3472434591398255
2008-12-18,-2.116268323892456,47.34,2.08,1.4,4.120333803444402
2008-12-19,0.2936896236101161,44.93,2.13,1.39,3.75192894690894
2008-12-22,-1.8302022695223077,44.56,2.16,1.29,3.569887911262754
2008-12-23,-0.9717462330154693,45.02,2.18,1.28,3.290552381657855
2008-12-24,0.5781143038123382,44.21,2.2,1.3,3.2899367905857253
2008-12-26,0.5356174910027267,43.38,2.16,1.27,3.192872106659567
2008-12-29,-0.3872599599089699,43.9,2.13,1.35,3.1848966802130696
2008-12-30,2.440711296656972,41.63,2.11,1.36,2.458302841367288
2008-12-31,1.415834135471683,40.0,2.25,1.49,2.3276703515590205
2009-01-02,3.1608068411811407,39.19,2.46,1.58,2.360342279174025
2009-01-05,-0.4668357633531128,39.08,2.49,1.71,2.2404839706552435
2009-01-06,0.78171328961949,38.56,2.51,1.71,2.1158256955988914
2009-01-07,-3.0009615306130777,43.39,2.52,1.7,2.0738234806576656
2009-01-08,0.339707270915035,42.56,2.47,1.64,2.0015177040373366
2009-01-09,-2.130302979882748,42.82,2.43,1.68,2.04670614102263
2009-01-12,-2.256412239141281,45.84,2.34,1.6,2.0074102783863843
2009-01-13,0.1758058792257655,43.27,2.33,1.57,2.0011458697888767
2009-01-14,-3.345987410426654,49.14,2.24,1.51,2.119429283022254
2009-01-15,0.1329181747024233,51.0,2.23,1.5,1.7233771242622895
2009-01-16,0.7561576974726814,46.11,2.36,1.63,1.7357004426257
2009-01-20,-5.281610204671527,56.65,2.4,1.67,2.029912782279319
2009-01-21,4.349124562903017,46.42,2.56,1.78,2.293824637051801
2009-01-22,-1.5162323124874533,47.29,2.62,1.87,2.2834936874395444
2009-01-23,0.5377658256231044,47.27,2.65,1.82,2.282791257786656
2009-01-26,0.5553212391849582,45.69,2.7,1.85,2.282409517939912
2009-01-27,1.0925582519593302,42.25,2.59,1.72,2.294710274812497
2009-01-28,3.3557607389604893,39.66,2.71,1.82,2.421935975346833
2009-01-29,-3.3120172199171183,42.63,2.87,1.92,2.4648882141669683
2009-01-30,-2.2789134855526583,44.84,2.87,1.93,2.473262333957977
2009-02-02,-0.0532768003589922,45.52,2.76,1.87,2.328709173787293
2009-02-03,1.5833988279658762,43.06,2.89,1.93,2.3784684185190184
2009-02-04,-0.7489510230927809,43.85,2.95,1.97,2.360434089307382
2009-02-05,1.6365662661559144,43.73,2.95,1.97,2.3348758537429197
2009-02-06,2.6896022529575125,43.37,3.05,2.06,2.4271455714189574
2009-02-09,0.148519352839016,43.64,3.07,2.02,2.385027900124346
2009-02-10,-4.912120013376109,46.67,2.9,1.98,2.5781572508116635
2009-02-11,0.7954951041488467,44.53,2.78,1.85,2.586895877507423
2009-02-12,0.17391659558319,41.25,2.75,1.86,2.4784000742436287
2009-02-13,-0.9997695807575592,42.93,2.89,1.92,2.487770774885088
2009-02-17,-4.55590473632177,48.66,2.64,1.77,2.6715432346002217
2009-02-18,-0.0950365594538094,48.46,2.74,1.77,2.4047154140774785
2009-02-19,-1.202402358417931,47.08,2.85,1.84,2.176399348665674
2009-02-20,-1.141296456796903,49.3,2.78,1.82,2.1674694875748
2009-02-23,-3.469900802116344,52.62,2.78,1.82,2.265427016356528
2009-02-24,4.010331464253336,45.49,2.8,1.77,2.4751257208855955
2009-02-25,-1.0657824039959851,44.67,2.95,1.86,2.455241136438374
2009-02-26,-1.577984957375933,44.66,2.98,1.9,2.2928889066289497
2009-02-27,-2.356440342662092,46.35,3.02,2.02,2.245473106463558
2009-03-02,-4.662016661802437,52.65,2.91,2.02,2.3936288366247127
2009-03-03,-0.6406766626880556,50.93,2.93,2.02,2.38770784464078
2009-03-04,2.375307342984989,47.56,3.01,2.04,2.435735891737478
2009-03-05,-4.253230958224652,50.17,2.83,1.93,2.5564393192669197
2009-03-06,0.121605318978557,49.33,2.83,1.92,2.497366381165973
2009-03-09,-1.0023669901070842,49.68,2.89,1.93,2.339333717805202
2009-03-10,6.366302222212594,44.37,2.99,1.98,2.8806719319011256
2009-03-11,0.2445816877900686,43.61,2.95,1.92,2.7299311090997533
2009-03-12,4.072863130673077,41.18,2.89,1.86,2.913269657545304
2009-03-13,0.7739027671590959,42.36,2.89,1.91,2.923460476014326
2009-03-16,-0.3515925170114675,43.74,2.97,1.97,2.920670314727463
2009-03-17,3.2139940837456527,40.8,3.02,1.97,2.8577244534333386
2009-03-18,2.085794038271138,40.06,2.51,1.69,2.89653544310568
2009-03-19,-1.2979162680767709,43.68,2.61,1.74,2.8988338087041026
2009-03-20,-1.976940007446848,45.89,2.65,1.76,2.923166281701015
2009-03-23,7.0757548647492285,43.23,2.68,1.75,3.1968369594603376
2009-03-24,-2.041509276947884,42.93,2.68,1.75,3.1387262887017737
2009-03-25,0.9626370531222062,42.25,2.81,1.85,3.1265440085220804
2009-03-26,2.332036707485252,40.36,2.76,1.86,3.1214500892002226
2009-03-27,-2.0315519064124654,41.04,2.78,1.88,3.1063257381893203
2009-03-30,-3.4818703654097893,45.54,2.73,1.89,3.011502922309523
2009-03-31,1.3129614663131228,44.14,2.71,1.9,2.9998698152642764
2009-04-01,1.655660953977356,42.28,2.68,1.85,2.983303847346234
2009-04-02,2.8727113604116505,42.04,2.77,1.89,2.780620297820199
2009-04-03,0.973177097925304,39.7,2.91,1.95,2.772238090453129
2009-04-06,-0.8332367396142404,40.93,2.95,2.01,2.7657766202220357
2009-04-07,-2.385454246862917,40.39,2.93,2.02,2.5737792580386936
2009-04-08,1.1783441230339475,38.85,2.86,1.93,2.5743390262742145
2009-04-09,3.80532568665477,36.53,2.96,2.0,2.5565540828228164
2009-04-13,0.2533369426941823,37.81,2.88,1.99,2.558326864767977
2009-04-14,-2.006449158715151,37.67,2.8,1.94,2.619014763065249
2009-04-15,1.2549016706588034,36.17,2.82,1.96,2.5512048910321683
2009-04-16,1.5538800404093056,35.79,2.86,1.95,2.5363723390691044
2009-04-17,0.4969360746134077,33.94,2.98,1.99,2.5024711120891774
2009-04-20,-4.278974468970964,39.18,2.88,1.95,2.6719470155604976
2009-04-21,2.1252059887909347,37.14,2.94,1.98,2.214342658254598
2009-04-22,-0.7681664273476052,38.1,2.98,1.98,2.164677762925929
2009-04-23,0.9922346320087704,37.15,2.96,1.99,2.1652009609695684
2009-04-24,1.6797349335216705,36.82,3.03,2.04,2.136932990647563
2009-04-27,-1.00665768903615,38.32,2.95,2.05,2.0919527436152907
2009-04-28,-0.2740535497347762,37.95,3.05,2.1,1.903681617842842
2009-04-29,2.1610040324914648,36.08,3.12,2.18,1.9335914937444176
2009-04-30,-0.0950067620446359,36.5,3.16,2.25,1.9167626644158824
2009-05-01,0.5396388659423046,35.3,3.21,2.29,1.826246735643669
2009-05-04,3.386813980494785,34.53,3.19,2.25,1.9507816051941864
2009-05-05,-0.3791722673641806,33.36,3.2,2.22,1.9384119241183009
2009-05-06,1.740433914180306,32.45,3.18,2.22,1.8422230214233808
2009-05-07,-1.3202412386380091,33.44,3.29,2.29,1.8864112741999453
2009-05-08,2.4068995104353563,32.05,3.29,2.29,1.7800980741779808
2009-05-11,-2.151242496964101,32.87,3.17,2.25,1.8710484747849845
2009-05-12,-0.0978855591479255,31.8,3.17,2.27,1.794158412897256
2009-05-13,-2.689491201893024,33.65,3.11,2.22,1.908209022914358
2009-05-14,1.0351643351174775,31.37,3.1,2.23,1.8923135702659544
2009-05-15,-1.141008247711417,33.12,3.14,2.26,1.9129857359175757
2009-05-18,3.0389200051489373,30.24,3.22,2.29,1.7231191357933862
2009-05-19,-0.1736835971552275,28.8,3.25,2.34,1.682325636302279
2009-05-20,-0.5131461524926495,29.03,3.19,2.32,1.6743985090762945
2009-05-21,-1.6757561517510733,31.35,3.35,2.46,1.7265887287151354
2009-05-22,-0.149721056843366,32.63,3.45,2.53,1.6935267437421546
2009-05-26,2.630216131887675,30.62,3.5,2.54,1.758814881516349
2009-05-27,-1.8971163431981573,32.36,3.71,2.75,1.8236236913606687
2009-05-28,1.5418918738823617,31.67,3.67,2.7,1.7941869026539303
2009-05-29,1.3574757481119135,28.92,3.47,2.55,1.8108584672605463
2009-06-01,2.58175904547322,30.04,3.71,2.74,1.8827443374995825
2009-06-02,0.1983301119848457,29.63,3.65,2.69,1.7443379884604646
2009-06-03,-1.3739209309357014,31.02,3.56,2.65,1.7761279350226065
2009-06-04,1.148365683747543,30.18,3.72,2.76,1.753317185205707
2009-06-05,-0.2514690344346815,29.62,3.84,2.52,1.7225570753145758
2009-06-08,-0.1010554499986549,29.77,3.91,2.49,1.642184001181229
2009-06-09,0.3503181608735195,28.27,3.86,2.53,1.5575152895970117
2009-06-10,-0.3480330939390152,28.46,3.98,2.6,1.560957052030378
2009-06-11,0.6111899148334876,28.11,3.88,2.53,1.4088614416127978
2009-06-12,0.1396995738927264,28.15,3.81,2.51,1.3999219591348917
2009-06-15,-2.3768561680042266,30.81,3.76,2.5,1.4911181142769463
2009-06-16,-1.2720305257724385,32.68,3.67,2.44,1.3715399871507037
2009-06-17,-0.1381568221481388,31.54,3.68,2.49,1.3712971180196964
2009-06-18,0.8410990281999098,30.03,3.86,2.58,1.3768485278176792
2009-06-19,0.3114197291689047,27.99,3.79,2.54,1.312871278542937
2009-06-22,-3.0600396251826645,31.17,3.72,2.55,1.5004180027772682
2009-06-23,0.2306724905131396,30.58,3.65,2.51,1.3733442090947758
2009-06-24,0.6524440861084724,29.05,3.72,2.53,1.31231238629299
2009-06-25,2.1444277390130884,26.36,3.55,2.43,1.3545488420400924
2009-06-26,-0.1477827284822375,25.93,3.52,2.42,1.3213782522132098
2009-06-29,0.9065138571521024,25.35,3.51,2.4,1.1967994994490925
2009-06-30,-0.8530756458643096,26.35,3.53,2.42,1.2071280800562452
2009-07-01,0.4361930267673175,26.22,3.55,2.5,1.1763666215135518
2009-07-02,-2.9144546025377416,27.95,3.51,2.53,1.3043967840452506
2009-07-06,0.2565748016350566,29.0,3.52,2.56,1.309139897603398
2009-07-07,-1.9683485382449015,30.85,3.47,2.49,1.3658278916446789
2009-07-08,-0.1668537608706111,31.3,3.33,2.42,1.357540732644489
2009-07-09,0.3547222617954038,29.78,3.44,2.5,1.3662733738227866
2009-07-10,-0.402182877421664,29.02,3.32,2.41,1.3493644248604584
2009-07-13,2.4933721734452963,26.31,3.38,2.46,1.4897720876200302
2009-07-14,0.5316063622877065,25.02,3.5,2.53,1.4093322821256895
2009-07-15,2.962991811422233,25.89,3.63,2.6,1.5346802717198245
2009-07-16,0.8641760970416357,25.42,3.59,2.59,1.5420324229055689
2009-07-17,-0.0382661899461567,24.34,3.67,2.65,1.5345188481236505
2009-07-20,1.143154888894049,24.4,3.61,2.62,1.550885726638856
2009-07-21,0.3627277227424175,23.87,3.5,2.54,1.3515889095258984
2009-07-22,-0.053427659965044,23.47,3.58,2.6,1.3543154669542503
2009-07-23,2.3289664838582524,23.43,3.72,2.64,1.4254555550380863
2009-07-24,0.3042161453180592,23.09,3.7,2.65,1.365895316637347
2009-07-27,0.298182595126617,24.28,3.75,2.67,1.361489212470986
2009-07-28,-0.2606444417198372,25.01,3.72,2.6,1.3610481355722872
2009-07-29,-0.4562963930304753,25.61,3.69,2.52,1.3464149124089295
2009-07-30,1.189558047020256,25.4,3.67,2.48,1.3607749299860843
2009-07-31,0.0739782588041526,25.92,3.52,2.39,1.128723499146433
2009-08-03,1.5342107904679605,25.56,3.66,2.48,1.1507037408778384
2009-08-04,0.3012097699592653,24.89,3.7,2.5,0.9893853236614716
2009-08-05,-0.2913591845875696,24.9,3.8,2.57,0.9952906075676328
2009-08-06,-0.5624654717235167,25.67,3.79,2.57,1.030696778463092
2009-08-07,1.3439205629671047,24.76,3.89,2.57,1.013707671690662
2009-08-10,-0.334494987346956,24.99,3.8,2.56,0.9458596238355949
2009-08-11,-1.2660113503211945,25.99,3.71,2.5,1.0305297068591062
2009-08-12,1.1525139291026054,25.45,3.72,2.54,0.8667176143075894
2009-08-13,0.68800100684554,24.71,3.59,2.47,0.8624405891384859
2009-08-14,-0.8531349698250423,24.27,3.55,2.48,0.9012607736121392
2009-08-17,-2.426081898553223,27.89,3.48,2.44,1.069830804086122
2009-08-18,1.014565506778764,26.18,3.51,2.45,1.0863362216339352
2009-08-19,0.6860912404894393,26.26,3.45,2.44,1.0903264295834196
2009-08-20,1.0948731413161106,25.09,3.42,2.39,0.995699945088372
2009-08-21,1.8622760114512584,25.01,3.56,2.43,1.065924683108339
2009-08-24,-0.054579691762735,25.14,3.48,2.43,1.0678185152181945
2009-08-25,0.236946657780912,24.92,3.45,2.4,1.0617657022165028
2009-08-26,0.0116726767692032,24.95,3.44,2.38,1.050555716117289
2009-08-27,0.2781762211750971,24.68,3.47,2.43,1.028099472339844
2009-08-28,-0.1988328383331405,24.76,3.46,2.45,1.032004258119637
2009-08-31,-0.8076407685613796,26.01,3.4,2.43,1.0064938003621076
2009-09-01,-2.2123823948061228,29.15,3.38,2.46,1.12874004487607
2009-09-02,-0.3296439120451411,28.9,3.29,2.4,1.1292355816014643
2009-09-03,0.8534797923473336,27.1,3.33,2.42,1.138693917807362
2009-09-04,1.3117533499250822,25.26,3.45,2.51,1.1367718610898383
2009-09-08,0.8844933115342624,25.62,3.47,2.54,1.148515077909885
2009-09-09,0.7782385584753415,24.32,3.48,2.55,1.111252056434198
2009-09-10,1.042222977456264,23.55,3.36,2.46,1.106532465901556
2009-09-11,-0.135042634120508,24.15,3.34,2.44,1.1024523966724586
2009-09-14,0.6339115087676817,23.86,3.42,2.48,1.081041910467479
2009-09-15,0.3135341423813997,23.42,3.47,2.51,0.8826395134532262
2009-09-16,1.5323527552882463,23.69,3.48,2.47,0.9099227214126906
2009-09-17,-0.3059638741504833,23.65,3.42,2.44,0.9198661010836476
2009-09-18,0.2637339270669114,23.92,3.49,2.46,0.902555396947773
2009-09-21,-0.340729615469959,24.06,3.49,2.47,0.8333694423231239
2009-09-22,0.6574868761175523,23.08,3.46,2.44,0.8376695485458973
2009-09-23,-1.0068528001755062,23.49,3.44,2.48,0.8816274648515312
2009-09-24,-0.951102950102567,24.95,3.4,2.47,0.9158424992063392
2009-09-25,-0.6090736629573268,25.61,3.34,2.36,0.9288202614678748
2009-09-28,1.7809586069224448,24.88,3.31,2.33,1.0014653218308252
2009-09-29,-0.2229576436747593,25.19,3.31,2.31,0.979795082963369
2009-09-30,-0.3328301020761093,25.61,3.31,2.36,0.8123788304842579
2009-10-01,-2.5759622356647194,28.27,3.21,2.34,1.029070809804938
2009-10-02,-0.4505524841904806,28.68,3.24,2.36,1.0253637968520724
2009-10-05,1.4875001786029074,26.84,3.24,2.36,1.0368629386533097
2009-10-06,1.3705486324313787,25.7,3.27,2.36,1.0610846465645631
2009-10-07,0.2711606332490124,24.68,3.21,2.34,1.0512066445173578
2009-10-08,0.7469907470196047,24.18,3.27,2.37,1.0396000361496518
2009-10-09,0.5640659492242017,23.12,3.4,2.42,1.042804533920139
2009-10-13,-0.2787612004698681,22.99,3.34,2.43,1.0400794836319476
2009-10-14,1.75458950913443,22.86,3.45,2.49,1.1039221324535138
2009-10-15,0.4157468710554335,21.72,3.49,2.52,1.0585793415327691
2009-10-16,-0.8098056110305896,21.43,3.43,2.46,1.0749162068122708
2009-10-19,0.9405321384581278,21.49,3.41,2.42,1.0913108318549938
2009-10-20,-0.6239104637617676,20.9,3.35,2.4,1.0994175220416111
2009-10-21,-0.8853806079326398,22.22,3.42,2.42,1.1127617033344004
2009-10-22,1.0643618925255227,20.69,3.44,2.47,1.1076291572182375
2009-10-23,-1.2178549173757158,22.27,3.51,2.47,1.1228692821561976
2009-10-26,-1.171732558366989,24.31,3.59,2.53,1.1488316742062386
2009-10-27,-0.331779104380614,24.83,3.49,2.5,1.0803870219666991
2009-10-28,-1.9540937765275768,27.91,3.44,2.49,1.1640876535183708
2009-10-29,2.251995469034007,24.76,3.53,2.55,1.2751665556454297
2009-10-30,-2.806468784310845,30.69,3.41,2.51,1.300729734367447
2009-11-02,0.6456406503505763,29.78,3.45,2.53,1.3030909187392123
2009-11-03,0.2426002306141983,28.81,3.5,2.58,1.260952426085513
2009-11-04,0.1042620392645909,27.72,3.57,2.66,1.2201418156261272
2009-11-05,1.923555172748448,25.43,3.57,2.67,1.296844202451939
2009-11-06,0.250325223656711,24.19,3.54,2.68,1.2870848872198484
2009-11-09,2.2238760067974983,23.15,3.52,2.65,1.3755752922753153
2009-11-10,-0.0063990093931431,22.84,3.5,2.65,1.3731108757233674
2009-11-12,-1.0259368991689557,24.24,3.45,2.63,1.3371126488381553
2009-11-13,0.5739294259246241,23.36,3.43,2.61,1.3404048945575389
2009-11-16,1.4467634197192325,22.89,3.33,2.55,1.3660916285775937
2009-11-17,0.091940630672016,22.41,3.33,2.55,1.3511262376195945
2009-11-18,-0.0468241125159529,21.63,3.36,2.59,1.3423400320365333
2009-11-19,-1.3425863902056911,22.63,3.35,2.62,1.3631737411318197
2009-11-20,-0.321492323752004,22.19,3.36,2.61,1.3437566566880577
2009-11-23,1.3615775701478094,21.16,3.37,2.6,1.3468738038617591
2009-11-24,-0.0533307262005178,20.47,3.32,2.59,1.3138687274729512
2009-11-25,0.4504120073066664,20.48,3.28,2.55,1.3100525425822984
2009-11-27,-1.7233475202623416,24.85,3.21,2.53,1.2909558725966144
2009-11-30,0.3792993692547375,24.51,3.21,2.54,1.1999106198669218
2009-12-01,1.2075226499629332,21.92,3.28,2.61,1.0047710053439354
2009-12-02,0.0342698706628841,21.12,3.32,2.6,1.0036126425207164
2009-12-03,-0.8402100871871099,22.46,3.39,2.65,1.0349378131555662
2009-12-04,0.5509433669106611,21.25,3.48,2.64,1.0368000988323811
2009-12-07,-0.2468381450804302,22.1,3.44,2.66,0.9641961752525824
2009-12-08,-1.0251582681849114,23.69,3.4,2.67,0.9986515830435015
2009-12-09,0.3672372090776976,22.66,3.45,2.69,0.8669108768981815
2009-12-10,0.5839705004064388,22.32,3.49,2.71,0.8769756750298227
2009-12-11,0.3683094011583732,21.59,3.55,2.72,0.8441655046261187
2009-12-14,0.6959401066516824,21.15,3.56,2.69,0.8482714321312089
2009-12-15,-0.5546967284989268,21.49,3.6,2.72,0.7971646696814163
2009-12-16,0.1128230068146551,20.54,3.61,2.76,0.7973094405707049
2009-12-17,-1.1810614167124256,22.51,3.5,2.73,0.8398605544880562
2009-12-18,0.5829880031232637,21.68,3.55,2.73,0.7940708567794422
2009-12-21,1.0503758317892853,20.49,3.69,2.8,0.8202527970058773
2009-12-22,0.3563547892036833,19.54,3.76,2.81,0.7684317710611653
2009-12-23,0.22986585608189,19.71,3.77,2.81,0.7689242421490805
2009-12-24,0.5256172933982839,19.47,3.82,2.82,0.7710636490257085
2009-12-28,0.1154080721065264,19.93,3.85,2.76,0.6447975946036677
2009-12-29,-0.1401051697984989,20.01,3.82,2.73,0.6461979449458713
2009-12-30,0.0195429571106409,19.96,3.8,2.72,0.5954847155756952
2009-12-31,-1.004959776792158,21.68,3.85,2.71,0.6431446167828171
2010-01-04,1.604341766668682,20.04,3.85,2.76,0.699239676431416
2010-01-05,0.3115675625823266,19.35,3.77,2.76,0.6940548559879123
2010-01-06,0.0545520630110152,19.16,3.85,2.84,0.6884958735205038
2010-01-07,0.400120187417663,19.06,3.85,2.82,0.6314604987049793
2010-01-08,0.288172729142877,18.13,3.83,2.87,0.6307696793282616
2010-01-11,0.1746755431637492,17.55,3.85,2.9,0.624985216745147
2010-01-12,-0.9381166148364262,18.25,3.74,2.82,0.6729531272382225
2010-01-13,0.8325925658531075,17.85,3.8,2.83,0.6796072264654602
2010-01-14,0.2426425438374568,17.63,3.76,2.82,0.659681106823208
2010-01-15,-1.0823130159869354,17.91,3.7,2.81,0.7178321726059586
2010-01-19,1.2499626599363545,17.58,3.73,2.8,0.6908676655267921
2010-01-20,-1.0597829662970737,18.68,3.68,2.76,0.7440134353138769
2010-01-21,-1.894490338978838,22.27,3.62,2.75,0.8435856947276179
2010-01-22,-2.2140988764300484,27.31,3.62,2.78,0.974393410109954
2010-01-25,0.4598098012701168,25.41,3.66,2.8,0.9800077489737996
2010-01-26,-0.4203199573680982,24.55,3.65,2.78,0.9708695797950035
2010-01-27,0.4880152210944954,23.14,3.66,2.76,0.9797657345023076
2010-01-28,-1.1817740959567224,23.73,3.68,2.81,1.0075455675103229
2010-01-29,-0.9829173828039272,24.62,3.63,2.81,1.021748314479822
2010-02-01,1.4266108894671836,22.59,3.68,2.82,1.0687222608213227
2010-02-02,1.297294837718499,21.48,3.67,2.81,1.0447040405308985
2010-02-03,-0.547431142933863,21.6,3.73,2.85,1.043364529405285
2010-02-04,-3.1140677888039425,26.08,3.62,2.82,1.231099893826576
2010-02-05,0.2897118921960873,26.11,3.59,2.82,1.2279028184856964
2010-02-08,-0.886329049344714,26.51,3.62,2.83,1.224647598785477
2010-02-09,1.3040132316577413,26.0,3.67,2.83,1.2771130688711212
2010-02-10,-0.2232573520188796,25.4,3.72,2.81,1.269370726389765
2010-02-11,0.9680437561949252,23.96,3.73,2.82,1.2760797066242868
2010-02-12,-0.2744592819371894,22.73,3.69,2.85,1.2698570335133623
2010-02-16,1.800074864554846,22.25,3.66,2.84,1.3403799331358257
2010-02-17,0.4237959455579698,21.72,3.74,2.87,1.3064291994113764
2010-02-18,0.6584742448973557,20.63,3.79,2.89,1.3045912267703803
2010-02-19,0.2186622042297248,20.02,3.78,2.83,1.2381437585848143
2010-02-22,-0.1045857833990249,19.94,3.8,2.89,1.1267283295882893
2010-02-23,-1.210280959693144,21.37,3.69,2.82,1.158534035477896
2010-02-24,0.972045942422195,20.27,3.7,2.83,1.1739034980007454
2010-02-25,-0.2081040179913507,20.1,3.64,2.82,1.1710512657401126
2010-02-26,0.1405379177898513,19.5,3.61,2.8,1.135755772602128
2010-03-01,1.015850827289455,19.26,3.61,2.81,1.123566414487731
2010-03-02,0.2330442271990751,19.06,3.62,2.82,1.0859035127261174
2010-03-03,0.0429201602061501,18.83,3.63,2.81,1.0510664126179097
2010-03-04,0.3736118033485169,18.72,3.61,2.75,1.0425052664656924
2010-03-05,1.4007480947064943,17.42,3.69,2.78,0.7540269098089534
2010-03-08,-0.0175596013391565,17.79,3.72,2.82,0.7583676234965903
2010-03-09,0.1712737085529214,17.92,3.71,2.82,0.7039077924796845
2010-03-10,0.452455995494172,18.57,3.73,2.81,0.6702966670778531
2010-03-11,0.4041519314613495,18.06,3.73,2.76,0.6570164023674153
2010-03-12,-0.0217345947039371,17.58,3.71,2.74,0.6470404386738767
2010-03-15,0.0452194832708086,18.0,3.71,2.75,0.6353329316752314
2010-03-16,0.7779116301385613,17.69,3.66,2.73,0.5465709979603753
2010-03-17,0.5821675803744153,16.91,3.65,2.7,0.5497733291690399
2010-03-18,-0.0325846027337206,16.62,3.68,2.7,0.5475272820986702
2010-03-19,-0.5086446449439896,16.97,3.7,2.68,0.5740527046209076
2010-03-22,0.5095296193887933,16.87,3.67,2.66,0.5718919868950474
2010-03-23,0.7170966908320198,16.35,3.69,2.67,0.46399557727462
2010-03-24,-0.5493304207041971,17.55,3.84,2.76,0.4814598546035569
2010-03-25,-0.1704167338318907,18.4,3.91,2.81,0.4795335538828455
2010-03-26,0.0737722599547963,17.77,3.86,2.82,0.4807739452467717
2010-03-29,0.5683234964352302,17.59,3.88,2.84,0.4541544898965131
2010-03-30,0.0042659372815556,17.13,3.88,2.82,0.4575414339365989
2010-03-31,-0.327287474868454,17.59,3.84,2.82,0.4732040342424227
2010-04-01,0.7413801148249854,17.47,3.89,2.84,0.4863423631310811
2010-04-05,0.7927990844467381,17.02,4.01,2.83,0.425198428661958
2010-04-06,0.1684295710679517,16.23,3.98,2.84,0.4219664261206122
2010-04-07,-0.5876707172041695,16.62,3.89,2.83,0.459067867904492
2010-04-08,0.3374341747336196,16.48,3.91,2.82,0.4562128294145396
2010-04-09,0.668390656297202,16.14,3.9,2.82,0.4668624138734232
2010-04-12,0.1766609476283376,15.58,3.87,2.8,0.4642393512383212
2010-04-13,0.0685400819705916,16.2,3.84,2.77,0.463860920277706
2010-04-14,1.1150066851666862,15.59,3.88,2.81,0.4912595456681256
2010-04-15,0.0842538727691799,15.89,3.86,2.82,0.4843689669922205
2010-04-16,-1.6126534744455467,18.36,3.79,2.81,0.6299845282843427
2010-04-19,0.4521331252766547,17.34,3.83,2.82,0.6165350933526417
2010-04-20,0.8058340784849571,15.73,3.82,2.77,0.6287760623684091
2010-04-21,-0.1018996905392199,16.32,3.77,2.74,0.6182872110991711
2010-04-22,0.2263879356942943,16.47,3.8,2.73,0.5970383576753866
2010-04-23,0.7123520099379554,16.62,3.84,2.74,0.6028245782875604
2010-04-26,-0.4296448099761374,17.47,3.83,2.74,0.6194584872803411
2010-04-27,-2.338194525714987,22.81,3.71,2.68,0.8314671714014179
2010-04-28,0.6462752419523099,21.08,3.8,2.77,0.8420229669075702
2010-04-29,1.2943228020842137,18.44,3.76,2.75,0.8780512371632437
2010-04-30,-1.6647680109796337,22.05,3.69,2.72,0.9557485036529044
2010-05-03,1.3120586781854904,20.19,3.72,2.72,0.9838931194929704
2010-05-04,-2.383846584506677,23.84,3.63,2.67,1.1253490674793198
2010-05-05,-0.6586554728659322,24.91,3.58,2.7,1.1272081237582958
2010-05-06,-3.2353496411350324,32.8,3.41,2.66,1.3257740082926237
2010-05-07,-1.5308264998017185,40.95,3.45,2.62,1.337343776188583
2010-05-10,4.397412445198401,28.84,3.57,2.7,1.7072179492945554
2010-05-11,-0.3397292018489928,28.32,3.56,2.71,1.7070080536409995
2010-05-12,1.3739523915341278,25.52,3.56,2.67,1.7181530971852583
2010-05-13,-1.2145144968583543,26.68,3.55,2.68,1.733328867005029
2010-05-14,-1.880001451209212,31.24,3.44,2.65,1.7456661485277545
2010-05-17,0.1109368515538999,30.84,3.47,2.66,1.740330347560033
2010-05-18,-1.4195906037184347,33.55,3.38,2.62,1.7407575109156443
2010-05-19,-0.5130263873571406,35.32,3.36,2.56,1.7400241980029192
2010-05-20,-3.8975903416611057,45.79,3.25,2.49,1.9016393008284271
2010-05-21,1.5024380686144978,40.1,3.2,2.44,1.9378255265476767
2010-05-24,-1.2908014000787449,38.32,3.23,2.46,1.9447195348961763
2010-05-25,0.0353937385713543,34.61,3.18,2.37,1.9041955097230057
2010-05-26,-0.5660994533812413,35.02,3.21,2.39,1.8860745602560245
2010-05-27,3.2876173067238,29.68,3.34,2.47,2.034302323648534
2010-05-28,-1.237468831159061,32.07,3.31,2.55,2.022849591235426
2010-06-01,-1.716532127985071,35.54,3.29,2.51,2.000595348148878
2010-06-02,2.5842707133391096,30.17,3.35,2.53,2.06931697529216
2010-06-03,0.4051376711240895,29.46,3.39,2.57,2.073562014356235
2010-06-04,-3.4411425771964765,35.48,3.2,2.48,2.089567054042443
2010-06-07,-1.353207320412908,36.57,3.17,2.43,2.084285956509558
2010-06-08,1.0976067492112662,33.7,3.18,2.44,1.8087061405630311
2010-06-09,-0.5941674758709992,33.73,3.2,2.46,1.808979841081852
2010-06-10,2.950679284920388,30.57,3.33,2.54,1.9228020837744535
2010-06-11,0.4379678623643857,28.79,3.24,2.49,1.9195388679783227
2010-06-14,-0.1804663564661246,28.58,3.28,2.51,1.881992707742272
2010-06-15,2.3494191121040897,25.87,3.32,2.53,1.965533851123072
2010-06-16,-0.0555934765066989,25.92,3.27,2.52,1.940031140303848
2010-06-17,0.1283008164049803,25.05,3.21,2.49,1.9365723627720577
2010-06-18,0.1317130794303622,23.95,3.24,2.5,1.7027949215087983
2010-06-21,-0.3856841152281021,24.88,3.26,2.52,1.680363826359118
2010-06-22,-1.6070691127224812,27.05,3.18,2.47,1.6958486071016672
2010-06-23,-0.2985473844226649,26.91,3.13,2.47,1.6983006467536903
2010-06-24,-1.680350261882635,29.74,3.14,2.47,1.738981978356399
2010-06-25,0.2859362131449217,28.53,3.12,2.47,1.5648578029727938
2010-06-28,-0.203393834902843,29.0,3.05,2.43,1.5425327546575938
2010-06-29,-3.101701864061035,34.13,2.97,2.36,1.6484164158846388
2010-06-30,-1.01129704925228,34.54,2.97,2.36,1.5289544830562487
2010-07-01,-0.3240451675925015,32.86,2.96,2.33,1.5197633224667724
2010-07-02,-0.4662369010297373,30.12,3.0,2.37,1.3348891653038046
2010-07-06,0.535903441522545,29.65,2.95,2.33,1.3152394010035606
2010-07-07,3.133081639370272,26.84,3.0,2.37,1.4810524257985171
2010-07-08,0.941267817151159,25.71,3.04,2.41,1.4882886098291637
2010-07-09,0.7203887818266752,24.98,3.07,2.44,1.3377349016658884
2010-07-12,0.0732902047505534,24.43,3.08,2.43,1.3334629612229378
2010-07-13,1.5378879091830775,24.56,3.15,2.48,1.379238298948213
2010-07-14,-0.0155131630637406,24.89,3.07,2.45,1.2672143348186518
2010-07-15,0.1196103318091612,25.14,3.0,2.39,1.2680197029371731
2010-07-16,-2.8819473359129044,26.25,2.96,2.35,1.413063564200609
2010-07-19,0.5981890060832162,25.97,2.99,2.38,1.4230727762021038
2010-07-20,1.1416551196032687,23.93,2.98,2.37,1.4533287614623966
2010-07-21,-1.2819816608358736,25.64,2.9,2.32,1.4376152202366264
2010-07-22,2.2513373250030444,24.63,2.96,2.36,1.5300089691634828
2010-07-23,0.8220020548377116,23.47,3.02,2.42,1.4854298655791132
2010-07-26,1.1200166146517754,22.73,3.03,2.41,1.5012569857289346
2010-07-27,-0.1049357346629031,23.19,3.08,2.43,1.5000758339802058
2010-07-28,-0.6921964711350426,24.25,3.03,2.42,1.3059645866645844
2010-07-29,-0.4158621107493432,24.13,3.03,2.44,1.2807824134197705
2010-07-30,0.0063499212188622,23.5,2.94,2.39,1.2738706661602892
2010-08-02,2.2022522061804883,22.01,2.99,2.43,1.3219356311883923
2010-08-03,-0.4796355216742376,22.63,2.94,2.41,1.339488880568207
2010-08-04,0.6051112519185553,22.21,2.98,2.42,1.1819747308774835
2010-08-05,-0.1268524584838171,22.1,2.94,2.41,1.1762273545893769
2010-08-06,-0.3704038628435491,21.74,2.86,2.36,1.1790400607358444
2010-08-09,0.5483064382283187,22.14,2.86,2.32,1.1810210990142154
2010-08-10,-0.5967405488298549,22.37,2.79,2.27,1.1526390191650002
2010-08-11,-2.8178764954173263,25.39,2.72,2.18,1.3273779981698643
2010-08-12,-0.5378748849571791,25.73,2.74,2.19,1.3319327916135977
2010-08-13,-0.4023574358396065,26.24,2.68,2.14,1.1586383834775291
2010-08-16,0.012045854325926,26.1,2.58,2.07,1.15206056307202
2010-08-17,1.2192216013040102,24.33,2.64,2.12,1.1560733722564018
2010-08-18,0.1482778716812571,24.59,2.64,2.13,1.1129037431255644
2010-08-19,-1.6935392189468268,26.44,2.58,2.09,1.0636800961591588
2010-08-20,-0.3663028605260798,25.49,2.62,2.13,1.0437794151899988
2010-08-23,-0.4040306703826823,25.66,2.6,2.11,1.0019627030063551
2010-08-24,-1.4512432962598854,27.46,2.5,2.0,1.0388416893983083
2010-08-25,0.3289342745359525,26.7,2.54,2.01,1.0426376460191873
2010-08-26,-0.7684786454732473,27.37,2.5,1.99,1.0489153269978182
2010-08-27,1.658676839931239,24.45,2.66,2.1,1.13174183100794
2010-08-30,-1.471920868888299,27.21,2.54,2.04,1.0200073721698866
2010-08-31,0.0390794428747121,26.05,2.47,2.0,1.0230831038042598
2010-09-01,2.950462133399623,23.89,2.58,2.08,1.245277183483953
2010-09-02,0.9080835857702364,23.19,2.63,2.13,1.2699596809053253
2010-09-03,1.3219002387319545,21.31,2.72,2.2,1.3104704993416172
2010-09-07,-1.1471189788493708,23.8,2.61,2.12,1.3232269058965875
2010-09-08,0.6438699367075529,23.25,2.66,2.14,1.330416236072698
2010-09-09,0.4832290095593716,22.81,2.77,2.2,1.169402070924717
2010-09-10,0.4863332840635781,21.99,2.81,2.23,1.1636293317541433
2010-09-13,1.1130616053760978,21.21,2.74,2.21,1.1767641973383964
2010-09-14,-0.0713119538920503,21.56,2.68,2.18,1.1776142117919917
2010-09-15,0.354113887216001,22.1,2.74,2.24,1.153711352846778
2010-09-16,-0.036434366656679,21.72,2.77,2.29,1.1544910776128936
2010-09-17,0.0826855771845158,22.01,2.75,2.27,1.0710071991431205
2010-09-20,1.5209797205957498,21.5,2.72,2.25,1.0982502387018531
2010-09-21,-0.2564020390809607,22.35,2.61,2.18,1.0935641314441944
2010-09-22,-0.4825492514895946,22.51,2.56,2.12,1.029912745337173
2010-09-23,-0.8331340584428193,23.87,2.56,2.11,1.065287153272864
2010-09-24,2.119439277225821,21.71,2.62,2.17,1.104312569364447
2010-09-27,-0.5667432349210744,22.54,2.54,2.1,1.090173919154407
2010-09-28,0.4850385958537151,22.6,2.48,2.11,1.0015149941577746
2010-09-29,-0.2587758847678367,23.25,2.52,2.08,1.0102135768411054
2010-09-30,-0.3083722237648967,23.7,2.53,2.11,0.8310484759758333
2010-10-01,0.4416438203773465,22.5,2.54,2.12,0.8188884378597585
2010-10-04,-0.8034932488803492,23.53,2.5,2.09,0.8109590677615827
2010-10-05,2.086134059079603,21.76,2.5,2.09,0.8599208226175067
2010-10-06,-0.0672004563321171,21.49,2.41,2.03,0.8600885423023684
2010-10-07,-0.1646518580319167,21.56,2.41,2.05,0.8640016720152035
2010-10-08,0.612227817348443,20.71,2.41,2.06,0.8663307912979906
2010-10-12,0.3818756605307172,18.93,2.44,2.07,0.843032391220496
2010-10-13,0.7121020299379444,19.07,2.46,2.09,0.8473768930806725
2010-10-14,-0.3641386199039531,19.88,2.52,2.14,0.8579278645477224
2010-10-15,0.2027485447987365,19.03,2.59,2.22,0.8559030040982156
2010-10-18,0.7243744595420987,19.09,2.52,2.14,0.8622135879519229
2010-10-19,-1.5877250249970554,20.63,2.5,2.13,0.9020378776312868
2010-10-20,1.052407519882892,19.79,2.51,2.16,0.9218033613018348
2010-10-21,0.1773908470218632,19.27,2.57,2.2,0.9089729750504836
2010-10-22,0.238925852416405,18.78,2.59,2.24,0.8757155816902388
2010-10-25,0.2146971596890701,19.85,2.59,2.22,0.7580196485635992
2010-10-26,0.0016885284772838,20.22,2.67,2.27,0.7397564250546553
2010-10-27,-0.2690583513671685,20.71,2.75,2.35,0.7430755199928433
2010-10-28,0.1124849405830463,20.88,2.69,2.32,0.7369080056640255
2010-10-29,-0.0439287298636736,21.2,2.63,2.29,0.7302206158077553
2010-11-01,0.0946533397515381,21.83,2.66,2.32,0.7278684567874535
2010-11-02,0.7759284493458862,21.57,2.63,2.29,0.7024305340842063
2010-11-03,0.3678053944041082,19.56,2.67,2.33,0.5549244071902195
2010-11-04,1.928286287479275,18.52,2.53,2.2,0.6779405723266023
2010-11-05,0.392275298702649,18.26,2.58,2.2,0.6710518472310951
2010-11-08,-0.2120957407283685,18.29,2.6,2.19,0.6752782775160522
2010-11-09,-0.8052299681943542,19.08,2.72,2.26,0.7136962416747417
2010-11-10,0.4376080778473401,18.47,2.65,2.21,0.7056338779651388
2010-11-12,-1.1808492232419865,20.61,2.76,2.25,0.7598405708762447
2010-11-15,-0.1217435632671626,20.2,2.92,2.39,0.7616927252493053
2010-11-16,-1.6205413633636034,22.58,2.85,2.34,0.8394447398019215
2010-11-17,0.0212162879348554,21.76,2.89,2.39,0.7520635473671898
2010-11-18,1.5357313493959523,18.75,2.9,2.38,0.7917379196120252
2010-11-19,0.2540373205550228,18.04,2.88,2.36,0.7923060070223222
2010-11-22,-0.1575366690177326,18.37,2.8,2.31,0.7937660240717617
2010-11-23,-1.4284032792181156,20.63,2.77,2.32,0.8618823619055813
2010-11-24,1.4922967493543604,19.56,2.93,2.4,0.9238808896281646
2010-11-26,-0.7468562068020934,22.22,2.87,2.36,0.9393924099513048
2010-11-29,-0.1378858764733426,21.53,2.84,2.32,0.9402504803951728
2010-11-30,-0.6070216944686235,23.54,2.81,2.36,0.951331713684122
2010-12-01,2.161695515261708,21.36,2.97,2.44,1.0659248574704632
2010-12-02,1.2818562518186694,19.39,3.01,2.46,1.0881462858323996
2010-12-03,0.2603236567549238,18.01,3.03,2.54,1.087241237209818
2010-12-06,-0.1298238661417761,18.02,2.95,2.53,1.0029416853253543
2010-12-07,0.0515080192726502,17.99,3.15,2.61,0.9994313167679636
2010-12-08,0.3701760406026544,17.74,3.26,2.63,1.0008735700228124
2010-12-09,0.3842748062774292,17.25,3.23,2.59,0.9827738841233236
2010-12-10,0.6001641860553519,17.61,3.32,2.68,0.9863264572936146
2010-12-13,0.0048320317847405,17.55,3.29,2.68,0.9388861933034908
2010-12-14,0.091095635360805,17.61,3.49,2.83,0.9365679584780496
2010-12-15,-0.5122452280258649,17.94,3.53,2.85,0.8532562064202547
2010-12-16,0.6185094896691501,17.39,3.47,2.81,0.8556645039543255
2010-12-17,0.0836804385483613,16.11,3.33,2.72,0.8025079941458791
2010-12-20,0.2548353006164516,16.41,3.36,2.74,0.8025110129316363
2010-12-21,0.6030102155631267,16.49,3.35,2.72,0.8028575669540166
2010-12-22,0.3379555489306352,15.45,3.36,2.71,0.7009548378148663
2010-12-23,-0.1644328385867255,16.47,3.41,2.74,0.6516743098316617
2010-12-27,0.0612697247136084,17.67,3.36,2.65,0.6110326880628992
2010-12-28,0.0771323912555521,17.52,3.5,2.75,0.6051435998148195
2010-12-29,0.1009145355535645,17.28,3.35,2.71,0.5694773648350335
2010-12-30,-0.1508219188966597,17.52,3.38,2.72,0.3808472864450697
2010-12-31,-0.0190789450061568,17.75,3.3,2.69,0.2881865545912021
2011-01-03,1.13148280135853,17.61,3.36,2.75,0.3625823451003089
2011-01-04,-0.131306183157398,17.38,3.36,2.73,0.362651246581734
2011-01-05,0.5007170261664085,17.02,3.5,2.79,0.3675233348712013
2011-01-06,-0.2122957701494954,17.4,3.44,2.76,0.3772870128069551
2011-01-07,-0.1844782063018524,17.14,3.34,2.74,0.3827120361048857
2011-01-10,-0.1376327172630698,17.54,3.32,2.73,0.3729313936854809
2011-01-11,0.3725127362669722,16.89,3.37,2.77,0.3761257529662793
2011-01-12,0.900758006769764,16.24,3.4,2.79,0.4128167102436584
2011-01-13,-0.1710746243041017,16.39,3.34,2.75,0.3892324941369353
2011-01-14,0.7384542591010179,15.46,3.35,2.76,0.3969714043246191
2011-01-18,0.137641065101346,15.87,3.39,2.79,0.3963250757314459
2011-01-19,-1.0115654884377157,17.31,3.37,2.77,0.4798499353680219
2011-01-20,-0.129495921959255,17.99,3.47,2.82,0.4704285926528327
2011-01-21,0.2413545527270022,18.47,3.44,2.81,0.4683734750345777
2011-01-24,0.583628034196626,17.65,3.43,2.78,0.4761594356288681
2011-01-25,0.0263462473761411,17.59,3.35,2.73,0.4765075950576825
2011-01-26,0.4220907189676159,16.64,3.45,2.83,0.4805984542283308
2011-01-27,0.2244305753167141,16.15,3.42,2.83,0.4807225733973578
2011-01-28,-1.7852526697772375,20.04,3.36,2.82,0.6461811083247161
2011-01-31,0.7662558220206783,19.53,3.42,2.84,0.663793476330551
2011-02-01,1.669359840810869,17.63,3.48,2.87,0.7160227486252818
2011-02-02,-0.272251746839014,17.3,3.52,2.85,0.7195291708090061
2011-02-03,0.2354199075245144,16.69,3.58,2.87,0.7148424411921304
2011-02-04,0.2884262567260709,15.93,3.68,2.91,0.7113254544150718
2011-02-07,0.6240171597036381,16.28,3.68,2.9,0.7145372311879733
2011-02-08,0.4184752099316791,15.81,3.75,2.89,0.7120895540081932
2011-02-09,-0.278576561138788,15.87,3.65,2.84,0.7193066119522017
2011-02-10,0.0749492937068829,16.09,3.7,2.85,0.6992639828364402
2011-02-11,0.5507371620330659,15.69,3.64,2.79,0.7009816140667791
2011-02-14,0.2384924061824778,15.95,3.62,2.75,0.6886830997356167
2011-02-15,-0.3234911055292722,16.37,3.61,2.77,0.6968327482896187
2011-02-16,0.6257435156610036,16.72,3.62,2.76,0.6505258326739954
2011-02-17,0.3075691142146564,16.59,3.58,2.78,0.6458440210056525
2011-02-18,0.1924722627297814,16.43,3.59,2.81,0.645898795373714
2011-02-22,-2.052856505826517,20.8,3.46,2.72,0.8163592601328509
2011-02-23,-0.6111960522950599,22.13,3.49,2.75,0.8315939318374226
2011-02-24,-0.0994377240208232,21.32,3.46,2.73,0.8280007593854868
2011-02-25,1.055051646463201,19.22,3.42,2.7,0.8580423311420877
2011-02-28,0.5561085699577806,18.35,3.42,2.73,0.7418437868414955
2011-03-01,-1.5739677754675885,21.01,3.41,2.75,0.8271914311441564
2011-03-02,0.161520092361278,20.7,3.46,2.77,0.7388235942028295
2011-03-03,1.7219001487115193,18.6,3.58,2.79,0.8284405229288077
2011-03-04,-0.737803745029264,19.06,3.49,2.81,0.8487457054925832
2011-03-07,-0.8341232507744434,20.66,3.51,2.81,0.869492995238773
2011-03-08,0.8922733898683255,19.82,3.56,2.83,0.8815978787416038
2011-03-09,-0.1361703432351535,20.22,3.48,2.78,0.8769223670034774
2011-03-10,-1.887095181218024,21.88,3.37,2.72,0.9712027559344704
2011-03-11,0.7080513662183874,20.08,3.4,2.76,0.9871841905540536
2011-03-14,-0.6049325659529536,21.13,3.36,2.75,0.9832264597580842
2011-03-15,-1.120034817237281,24.32,3.33,2.7,1.0038601070011484
2011-03-16,-1.9494949042855536,29.4,3.22,2.64,1.0784787310077697
2011-03-17,1.3398228752857344,26.37,3.25,2.65,1.1206652006284894
2011-03-18,0.4310201897316901,24.44,3.28,2.67,1.1241375071211637
2011-03-21,1.4985846366661448,20.61,3.34,2.67,1.1860497877915916
2011-03-22,-0.3550567117658776,20.21,3.34,2.66,1.1013352237040075
2011-03-23,0.291397966743423,19.17,3.36,2.67,1.0967874997322242
2011-03-24,0.9340748456551972,18.0,3.42,2.7,1.1175985893462828
2011-03-25,0.3161136890789118,17.91,3.46,2.67,1.0935191806482796
2011-03-28,-0.2747836267090409,19.44,3.47,2.66,1.0863441974199866
2011-03-29,0.7060045042073693,18.16,3.5,2.69,1.037523009081666
2011-03-30,0.6684706201916635,17.71,3.47,2.67,1.0464152168072856
2011-03-31,-0.1829501523098797,17.74,3.47,2.67,0.9732788013238004
2011-04-01,0.4962987972138233,17.4,3.46,2.66,0.9641078746793456
2011-04-04,0.0345209752028896,17.5,3.45,2.68,0.9416348029800388
2011-04-05,-0.0180055245638466,17.25,3.5,2.66,0.9226390878900996
2011-04-06,0.2183677516658821,16.9,3.56,2.71,0.9223851025744532
2011-04-07,-0.152000631766902,17.11,3.58,2.77,0.8032692328143488
2011-04-08,-0.400444374710851,17.87,3.59,2.76,0.8009240244376225
2011-04-11,-0.2793379526006889,16.59,3.59,2.74,0.7891960935636781
2011-04-12,-0.7776699229565143,17.09,3.52,2.75,0.7644331452526347
2011-04-13,0.0190235582804065,16.92,3.49,2.74,0.5897325948539509
2011-04-14,0.0083676591552395,16.27,3.51,2.74,0.5294067196845194
2011-04-15,0.3925413156908419,15.32,3.43,2.72,0.5284355378176884
2011-04-18,-1.1017851653977395,16.96,3.4,2.71,0.5001656301849547
2011-04-19,0.573117089721964,15.83,3.39,2.71,0.5058633347409894
2011-04-20,1.351494743365622,15.07,3.43,2.74,0.5799962455931562
2011-04-21,0.527678193011405,14.69,3.42,2.74,0.5568749168585768
2011-04-25,-0.1592669903120902,15.77,3.39,2.72,0.5575907750679499
2011-04-26,0.8979584523029382,15.62,3.34,2.69,0.5792844402596237
2011-04-27,0.6249847099511818,15.35,3.39,2.74,0.5753964764780884
2011-04-28,0.3555424049938249,14.62,3.34,2.72,0.5643341308606192
2011-04-29,0.2300662213150728,14.75,3.32,2.71,0.5601512698164838
2011-05-02,-0.175271131343413,15.99,3.31,2.7,0.5579237802442634
2011-05-03,-0.3379303628319063,16.7,3.28,2.67,0.5666701770447529
2011-05-04,-0.6855308680100647,17.08,3.25,2.65,0.5924311454566639
2011-05-05,-0.9069835815006422,18.2,3.18,2.6,0.6285859869589506
2011-05-06,0.3819920364914519,18.4,3.19,2.62,0.6331042853313963
2011-05-09,0.4544163641626575,17.16,3.17,2.6,0.6315878357268971
2011-05-10,0.8074036650198346,15.91,3.23,2.64,0.6465517440429198
2011-05-11,-1.1111495877577091,16.95,3.19,2.63,0.674715704853669
2011-05-12,0.4895437361786658,16.03,3.22,2.65,0.6796593954257718
2011-05-13,-0.8067330060324229,17.07,3.18,2.61,0.7111020688553562
2011-05-16,-0.6204391417766519,18.24,3.15,2.61,0.7243782991357253
2011-05-17,-0.0368560588183797,17.55,3.12,2.57,0.6734219064916986
2011-05-18,0.880379946585852,16.23,3.18,2.6,0.6882992647891448
2011-05-19,0.2177940864352967,15.52,3.17,2.62,0.6242056315246128
2011-05-20,-0.7688267521873571,17.43,3.15,2.6,0.6392781090665551
2011-05-23,-1.192558460112425,18.27,3.13,2.58,0.6913188328561979
2011-05-24,-0.0827380177438663,17.82,3.12,2.56,0.653139572880518
2011-05-25,0.3183168712578732,17.07,3.13,2.59,0.6383054542512051
2011-05-26,0.3953115798873918,16.09,3.07,2.59,0.6399557321305935
2011-05-27,0.4080919686204165,15.98,3.07,2.59,0.6463964989730125
2011-05-31,1.0592724697279676,15.45,3.05,2.6,0.6976154304122527
2011-06-01,-2.278464425831217,18.3,2.96,2.52,0.8557826843773763
2011-06-02,-0.1224835390109646,18.09,3.04,2.59,0.8465846829285067
2011-06-03,-0.9733809463420172,17.95,2.99,2.57,0.8499331456800746
2011-06-06,-1.0760206333523925,18.49,3.01,2.58,0.8661659142435735
2011-06-07,-0.0956407393293945,18.07,3.01,2.62,0.8528581837084591
2011-06-08,-0.4186874918536865,18.79,2.98,2.59,0.8177482941248567
2011-06-09,0.7377489898070522,17.77,3.01,2.58,0.8246024926213232
2011-06-10,-1.3979844477308043,18.86,2.99,2.58,0.8493750651959895
2011-06-13,0.0668756077199628,19.61,3.0,2.6,0.8439948297170202
2011-06-14,1.2611779574887017,18.26,3.11,2.66,0.903208283520401
2011-06-15,-1.743184580508239,21.32,2.98,2.6,0.9696157643542114
2011-06-16,0.1754335023968378,22.73,2.93,2.55,0.9390665483534476
2011-06-17,0.3045016966140013,21.85,2.94,2.56,0.9416603534750408
2011-06-20,0.5395190996116739,19.99,2.97,2.59,0.9506702710631928
2011-06-21,1.342347568472135,18.86,2.99,2.59,0.9806873542870648
2011-06-22,-0.6468448774604507,18.52,3.01,2.62,0.9888784119687544
2011-06-23,-0.2827986549257977,19.29,2.93,2.58,0.984389401258162
2011-06-24,-1.1725787945559007,21.1,2.88,2.53,1.002018077592937
2011-06-27,0.9184457300265958,20.56,2.95,2.54,1.0249740812983517
2011-06-28,1.2944354874931063,19.17,3.05,2.57,1.0412803858644006
2011-06-29,0.8282747245164312,17.27,3.14,2.67,0.9381233955491912
2011-06-30,1.011922818616795,16.52,3.18,2.73,0.9656836890753544
2011-07-01,1.4409702179091433,15.87,3.22,2.72,0.9839020961307268
2011-07-05,-0.1336179061844467,16.06,3.16,2.72,0.9436163576141696
2011-07-06,0.1001559045222366,16.34,3.12,2.69,0.9413841931136462
2011-07-07,1.0453846497412655,15.95,3.17,2.68,0.9467256842921796
2011-07-08,-0.6961116506509657,15.95,3.03,2.63,0.9647168696449664
2011-07-11,-1.8090532601892528,18.39,2.94,2.57,1.0044040559363012
2011-07-12,-0.4433512667192274,19.87,2.92,2.55,1.014188535518192
2011-07-13,0.3105840267646931,19.91,2.92,2.55,0.981961684709029
2011-07-14,-0.6716127692301121,20.8,2.98,2.6,0.9008818750926636
2011-07-15,0.5554424471774233,19.53,2.94,2.57,0.9049385740799026
2011-07-18,-0.8129889770918997,20.95,2.94,2.57,0.9317167029824648
2011-07-19,1.630870818887753,19.21,2.91,2.52,0.9869208888831704
2011-07-20,-0.0670833298063389,19.09,2.96,2.56,0.9499722464585912
2011-07-21,1.3546192203295335,17.56,3.03,2.63,0.970142409654717
2011-07-22,0.090785136091398,17.52,2.99,2.59,0.9635239603979816
2011-07-25,-0.5643013271250497,19.35,3.03,2.61,0.92547860775465
2011-07-26,-0.4104971538103408,20.23,2.99,2.58,0.9241165250351848
2011-07-27,-2.0308668519432915,22.98,3.01,2.57,1.012297118914777
2011-07-28,-0.3233966583966796,23.74,2.98,2.56,0.9975340667939964
2011-07-29,-0.6450532698506817,25.25,2.82,2.46,0.9757935757774404
2011-08-01,-0.4132299323336696,23.66,2.77,2.39,0.9069393008720912
2011-08-02,-2.5556664705103427,24.79,2.66,2.33,1.0487042302540264
2011-08-03,0.5015682586245518,23.38,2.64,2.31,1.0608940132440567
2011-08-04,-4.782044620161063,31.66,2.47,2.2,1.4140642062026505
2011-08-05,-0.0574917660744245,32.0,2.58,2.3,1.418722534201868
2011-08-08,-6.663446415643826,48.0,2.4,2.13,1.9572288303803311
2011-08-09,4.74068481332115,35.06,2.2,2.01,2.317109766990453
2011-08-10,-4.415240397919251,42.99,2.17,1.98,2.462156493208618
2011-08-11,4.629002144148742,39.0,2.34,2.15,2.7433215285446724
2011-08-12,0.526166928318772,36.36,2.24,2.04,2.7427297810671893
2011-08-15,2.1784622088531824,31.87,2.29,2.1,2.806361000733133
2011-08-16,-0.973854541245922,32.85,2.23,2.03,2.7691131307969816
2011-08-17,0.0947386627285107,31.58,2.17,1.98,2.7706623134588573
2011-08-18,-4.45937143129993,42.67,2.08,1.88,2.8705862763969807
2011-08-19,-1.5008981502439234,43.05,2.07,1.87,2.867333772839741
2011-08-22,0.0258041160118294,42.44,2.1,1.88,2.873525388110886
2011-08-23,3.428487759458632,36.27,2.15,1.93,3.026919267833231
2011-08-24,1.3119972745138542,35.9,2.29,2.06,3.038045825369114
2011-08-25,-1.556552007023193,39.76,2.23,2.01,3.047463295391548
2011-08-26,1.5121610152536658,35.59,2.19,1.99,3.08114034047533
2011-08-29,2.828000156840837,32.28,2.28,2.08,3.1656759514034087
2011-08-30,0.2347024984931334,32.89,2.19,1.99,3.1203106151137274
2011-08-31,0.4921982065451136,31.62,2.23,2.03,3.12021310178456
2011-09-01,-1.187143263889856,31.82,2.15,1.96,2.9356176566355416
2011-09-02,-2.5281938303220453,33.92,2.02,1.82,2.992235829805565
2011-09-06,-0.7436289416773878,37.0,1.98,1.77,2.567759402950656
2011-09-07,2.8646463529026667,33.38,2.05,1.84,2.424659781695132
2011-09-08,-1.0612179635699603,34.32,2.0,1.81,2.1986081765857173
2011-09-09,-2.6705492278710663,38.52,1.93,1.76,2.0435743464331093
2011-09-12,0.6965716710316983,38.59,1.94,1.73,2.046496509706017
2011-09-13,0.912006281484623,36.91,2.0,1.79,1.9927803994049944
2011-09-14,1.3479804803234297,34.6,2.03,1.84,2.0076277441906014
2011-09-15,1.7187073659429952,31.97,2.09,1.88,2.0440819778803685
2011-09-16,0.5706697072769717,30.98,2.08,1.9,1.7430145999071995
2011-09-19,-0.98025870260805,32.73,1.97,1.81,1.717862035343549
2011-09-20,-0.1661005453722386,32.86,1.95,1.77,1.7203658961120865
2011-09-21,-2.939044252863232,37.32,1.88,1.67,1.71007171253074
2011-09-22,-3.188312151643557,41.35,1.72,1.52,1.8251109138775488
2011-09-23,0.6082009597382809,41.25,1.84,1.61,1.804005856524036
2011-09-26,2.3336145831710957,39.02,1.91,1.66,1.8509966277829963
2011-09-27,1.0688382331855315,37.71,2.0,1.75,1.746227405467354
2011-09-28,-2.069113494191799,41.08,2.03,1.76,1.7961202280127149
2011-09-29,0.8114229792425487,38.84,1.99,1.72,1.8044247551247596
2011-09-30,-2.4974129488995245,42.96,1.92,1.67,1.8638119504362936
2011-10-03,-2.84510281118181,45.45,1.8,1.56,1.8850184802583887
2011-10-04,2.248844294856611,40.82,1.81,1.56,1.9659323166695015
2011-10-05,1.7865633700204997,37.81,1.92,1.67,1.891971665557689
2011-10-06,1.8303664125949304,36.27,2.01,1.72,1.9339748270134245
2011-10-07,-0.8163308930517088,36.2,2.1,1.8,1.8452108779874128
2011-10-11,0.0544003553543559,32.86,2.18,1.86,1.8384223428885085
2011-10-12,0.979470411269756,31.26,2.24,1.95,1.840265054152978
2011-10-13,-0.2973672247100878,30.7,2.19,1.9,1.8130737095956384
2011-10-14,1.738025794738407,28.24,2.26,1.98,1.8140925420748597
2011-10-17,-1.9369883187983272,33.39,2.18,1.9,1.852395813782783
2011-10-18,2.0418716445174567,31.56,2.19,1.91,1.9089822669345244
2011-10-19,-1.264913736003248,34.44,2.18,1.9,1.9278334227122556
2011-10-20,0.455417871473851,34.78,2.2,1.92,1.812330627095262
2011-10-21,1.880876515031682,31.32,2.23,1.93,1.685321748207282
2011-10-24,1.2872958939026846,29.26,2.25,1.95,1.6985298420820751
2011-10-25,-2.004472508361621,32.22,2.14,1.88,1.707440946530343
2011-10-26,1.0536553156824224,29.86,2.23,1.95,1.7070014082082523
2011-10-27,3.4291437858544604,25.46,2.42,2.11,1.7768959014701469
2011-10-28,0.0389229258598966,24.53,2.34,2.06,1.7758030430504628
2011-10-31,-2.473750308360323,29.96,2.17,1.92,1.7738071729335032
2011-11-01,-2.7942247001422227,34.77,2.01,1.78,1.7689996792648568
2011-11-02,1.6104667765514558,32.74,2.03,1.8,1.738658666384054
2011-11-03,1.878180753005876,30.5,2.09,1.85,1.7428142199672694
2011-11-04,-0.6280017279460592,30.16,2.06,1.84,1.7182802411321134
2011-11-07,0.6295743615618132,29.85,2.04,1.79,1.7031059516390257
2011-11-08,1.1735638864999398,27.48,2.1,1.85,1.713523297521243
2011-11-09,-3.669514291397225,36.16,2.0,1.76,1.9245258762150157
2011-11-10,0.8624176874533207,32.81,2.04,1.8,1.929155593666262
2011-11-14,-0.9550141648312916,31.13,2.04,1.8,1.9074730564248696
2011-11-15,0.4817163683512371,31.22,2.06,1.8,1.8520203022192745
2011-11-16,-1.6616200730203312,33.51,2.01,1.75,1.8381756027905995
2011-11-17,-1.6799952076269054,34.51,1.96,1.69,1.8550761346162283
2011-11-18,-0.0394678584380692,32.0,2.01,1.72,1.8512163221992963
2011-11-21,-1.8648495446902504,32.91,1.97,1.7,1.8318751201092824
2011-11-22,-0.4140841830647446,31.97,1.94,1.68,1.795066522288711
2011-11-23,-2.209521492281885,33.98,1.89,1.63,1.805559985302076
2011-11-25,-0.2685506857766806,34.47,1.97,1.69,1.7749593971476116
2011-11-28,2.9240425313361795,32.13,1.97,1.71,1.719933954030706
2011-11-29,0.2213653490450218,30.64,2.0,1.73,1.7231610213637698
2011-11-30,4.33153072475978,27.8,2.08,1.83,1.957236893521288
2011-12-01,-0.1908645792462415,27.41,2.11,1.84,1.852651368151691
2011-12-02,-0.0240986331455417,27.52,2.05,1.8,1.8147679090002515
2011-12-05,1.0287014543699955,27.84,2.04,1.77,1.7766784195228702
2011-12-06,0.1105748796440986,28.13,2.08,1.83,1.7727457654457393
2011-12-07,0.2018354924337773,28.67,2.02,1.78,1.766549083064782
2011-12-08,-2.114181011508598,30.59,1.99,1.77,1.796274958920793
2011-12-09,1.688335256005491,26.38,2.07,1.85,1.6526928164171328
2011-12-12,-1.491405410893598,25.67,2.03,1.79,1.6733324261847486
2011-12-13,-0.868600976072853,25.41,1.96,1.72,1.6711084927916604
2011-12-14,-1.134836742295231,26.04,1.92,1.67,1.68096625584164
2011-12-15,0.3243100365670992,25.11,1.92,1.66,1.6466965231569484
2011-12-16,0.3216149849629923,24.29,1.86,1.62,1.6041967700026956
2011-12-19,-1.1732825699560243,24.92,1.82,1.58,1.6265325993319977
2011-12-20,2.9825423296426123,23.22,1.94,1.68,1.6983178712564857
2011-12-21,0.1949505985506583,21.43,1.98,1.7,1.6919440834059154
2011-12-22,0.8265549753183832,21.16,1.97,1.69,1.5936929818788932
2011-12-23,0.9035052675189448,20.73,2.03,1.75,1.5895711176757916
2011-12-27,0.0079107947907886,21.91,2.02,1.72,1.4810310926505013
2011-12-28,-1.24780022540123,23.52,1.93,1.65,1.52140354747201
2011-12-29,1.070708742195392,22.65,1.91,1.63,1.19992324961059
2011-12-30,-0.4291336527923017,23.4,1.89,1.64,1.2038346254129415
2012-01-03,1.5473984880403524,22.97,1.97,1.7,1.2485858276006705
2012-01-04,0.0187923999940275,22.22,2.0,1.75,1.2309429511871468
2012-01-05,0.2943716919978634,21.48,2.02,1.75,1.2318140752836773
2012-01-06,-0.2536961462655807,20.63,1.98,1.73,1.233967216831045
2012-01-09,0.226159792583358,21.07,1.98,1.72,1.121436534142826
2012-01-10,0.8885769748331329,20.69,2.0,1.76,1.0786558510426494
2012-01-11,0.0309597259974481,21.05,1.93,1.69,1.0081048924304574
2012-01-12,0.2336608362904613,20.47,1.94,1.72,0.9746572715240908
2012-01-13,-0.4947922948427274,20.91,1.89,1.65,0.9354173588801064
2012-01-17,0.3552954600872571,22.2,1.87,1.66,0.9354615749138012
2012-01-18,1.1107929092462498,20.89,1.92,1.68,0.9522395239607804
2012-01-19,0.4938656879440728,19.87,2.01,1.75,0.8818102385687172
2012-01-20,0.0669459781523329,18.28,2.05,1.79,0.6493854987002566
2012-01-23,0.0471342969245336,18.67,2.09,1.83,0.6513892626286568
2012-01-24,-0.102581731454221,18.91,2.08,1.84,0.6438112441267384
2012-01-25,0.8679141952454561,18.31,2.01,1.79,0.6419225022518151
2012-01-26,-0.5753890884025226,18.57,1.96,1.74,0.6656721690268875
2012-01-27,-0.1592877567026751,18.53,1.93,1.71,0.5793258176369421
2012-01-30,-0.2522123175721869,19.4,1.87,1.65,0.5572178726441995
2012-01-31,-0.0456946696121951,19.44,1.83,1.61,0.540945404420205
2012-02-01,0.8899605562620927,18.55,1.87,1.64,0.4711896523187133
2012-02-02,0.1095147066754842,17.98,1.86,1.63,0.4699704865426181
2012-02-03,1.4605356896842503,17.1,1.97,1.74,0.549637767503541
2012-02-06,-0.0423874153488323,17.76,1.93,1.69,0.5415203904428075
2012-02-07,0.202338180532724,17.65,2.0,1.75,0.5416143918582669
2012-02-08,0.2160210833967557,18.16,2.01,1.74,0.5206302400796932
2012-02-09,0.1474110560281349,18.63,2.04,1.77,0.5190461553160194
2012-02-10,-0.6886302644093845,20.79,1.96,1.69,0.5578889886647749
2012-02-13,0.6800039312997219,19.04,1.99,1.7,0.544755901064701
2012-02-14,-0.0939523375204309,19.54,1.92,1.63,0.5489574781885256
2012-02-15,-0.5383205872824925,21.14,1.93,1.64,0.5311421273432402
2012-02-16,1.102570580548079,19.22,1.99,1.7,0.5689340298162274
2012-02-17,0.234893030727723,17.78,2.01,1.72,0.5686562621758827
2012-02-21,0.0719922777789872,18.19,2.05,1.74,0.5683938048015277
2012-02-22,-0.3340106803125353,18.19,2.01,1.72,0.5766220603815495
2012-02-23,0.4272002277298181,16.8,1.99,1.68,0.5563157336444625
2012-02-24,0.167223780836756,17.31,1.98,1.67,0.5301792232938035
2012-02-27,0.1354559139489008,18.19,1.92,1.62,0.524382134306967
2012-02-28,0.3356333407924516,17.96,1.94,1.64,0.5145258903061403
2012-02-29,-0.4736987673316872,18.43,1.98,1.68,0.5347445020082328
2012-03-01,0.6158039788692005,17.26,2.03,1.73,0.5194348485053198
2012-03-02,-0.3245756135652589,17.29,1.99,1.71,0.5317563497245308
2012-03-05,-0.3869693865664492,18.05,2.0,1.69,0.4488818692446711
2012-03-06,-1.5370160722531612,20.87,1.96,1.66,0.5755843276030532
2012-03-07,0.6900622046460692,19.07,1.98,1.68,0.5947127506449782
2012-03-08,0.9817931917032618,17.95,2.03,1.71,0.6313593014029266
2012-03-09,0.363125009216203,17.11,2.04,1.71,0.6347530234683687
2012-03-12,0.0160460659222705,15.64,2.04,1.71,0.6093942245684748
2012-03-13,1.813154933030892,14.8,2.14,1.79,0.7098946705438335
2012-03-14,-0.1196261996068037,15.31,2.29,1.89,0.7104074068114155
2012-03-15,0.5967198922915307,15.42,2.29,1.92,0.6967189241539243
2012-03-16,0.1119398536078675,14.47,2.31,1.94,0.6650764536703666
2012-03-19,0.3973846386160939,15.04,2.39,2.0,0.6669104310058778
2012-03-20,-0.3000518154814724,15.58,2.38,1.97,0.6751427177961827
2012-03-21,-0.1871197027623727,15.13,2.31,1.92,0.670281216753655
2012-03-22,-0.72065416718331,15.57,2.29,1.92,0.6954210441742764
2012-03-23,0.3108858515779689,14.82,2.25,1.88,0.6967976080404532
2012-03-26,1.388582475071254,14.26,2.26,1.9,0.7527422299125849
2012-03-27,-0.2816775177631903,15.59,2.2,1.87,0.7585964496746193
2012-03-28,-0.494150905632218,15.47,2.21,1.87,0.7594914628558344
2012-03-29,-0.1607929836799582,15.48,2.18,1.85,0.7540776852088795
2012-03-30,0.3698436019823115,15.5,2.23,1.9,0.7490893993410846
2012-04-02,0.7504645877610239,15.64,2.22,1.89,0.7499470409217989
2012-04-03,-0.3988635996082901,15.66,2.3,1.94,0.6474198108863696
2012-04-04,-1.0202524371008104,16.44,2.25,1.9,0.6980897131345484
2012-04-05,-0.0629042222354048,16.7,2.19,1.84,0.6728444024876813
2012-04-09,-1.1358438273891824,18.81,2.06,1.74,0.7255912893600883
2012-04-10,-1.7081454337735449,20.39,2.01,1.73,0.8247031263638757
2012-04-11,0.7448895819775148,20.02,2.05,1.75,0.7269952223006193
2012-04-12,1.3779387810288313,17.2,2.08,1.79,0.7980775355849261
2012-04-13,-1.247500104029453,19.55,2.02,1.75,0.8288851504010016
2012-04-16,-0.0503600390907243,19.55,2.0,1.73,0.8273569903140418
2012-04-17,1.5486673802446171,18.46,2.03,1.76,0.9020335163879368
2012-04-18,-0.4055288780130728,18.64,2.0,1.73,0.9037937948108228
2012-04-19,-0.5934396967956612,18.36,1.98,1.71,0.9111227523105486
2012-04-20,0.1169265680053044,17.44,1.99,1.7,0.8997611076891604
2012-04-23,-0.8407570124922548,18.97,1.96,1.69,0.9123765373170332
2012-04-24,0.3679773444691614,18.1,2.0,1.73,0.850904436367542
2012-04-25,1.3644592157896265,16.82,2.01,1.75,0.9153032145387632
2012-04-26,0.6680165568110796,16.24,1.98,1.72,0.9240655090248688
2012-04-27,0.2414323726029899,16.32,1.96,1.7,0.9251192955334951
2012-04-30,-0.3883501901694619,17.15,1.95,1.68,0.924888472817143
2012-05-01,0.5658384242170911,16.6,1.98,1.71,0.917543491844788
2012-05-02,-0.2496683664631072,16.88,1.96,1.69,0.915099431085784
2012-05-03,-0.7658871330822326,17.56,1.96,1.68,0.9023693648038594
2012-05-04,-1.6147208958519288,19.16,1.91,1.64,0.9701849977937288
2012-05-07,0.0350581022064977,18.94,1.92,1.65,0.939235753171578
2012-05-08,-0.4278673417828948,19.05,1.88,1.61,0.8599612306952513
2012-05-09,-0.6702266480503982,20.08,1.87,1.6,0.8555891155575319
2012-05-10,0.2517410777005402,18.83,1.89,1.62,0.7914293928648422
2012-05-11,-0.3387341305176816,19.89,1.84,1.57,0.747217769649252
2012-05-14,-1.111286391927968,21.87,1.78,1.49,0.783337391333478
2012-05-15,-0.5745837446504476,21.97,1.76,1.47,0.683956813114692
2012-05-16,-0.4403818556987793,22.27,1.76,1.46,0.684502659774593
2012-05-17,-1.5051375861739211,24.49,1.7,1.38,0.7388643363353382
2012-05-18,-0.7387777046316768,25.1,1.71,1.39,0.7403090912190962
2012-05-21,1.603590123766763,22.01,1.75,1.45,0.8425399124230102
2012-05-22,0.0486337018660298,22.48,1.79,1.49,0.8344686253258226
2012-05-23,0.1693703212352737,22.33,1.73,1.45,0.7554124174907784
2012-05-24,0.1380031526917458,21.54,1.77,1.48,0.7299327154760161
2012-05-25,-0.2165632329979128,21.76,1.75,1.45,0.7195394239049147
2012-05-29,1.107897759277621,21.03,1.74,1.44,0.7858566022234297
2012-05-30,-1.4334892170861036,24.14,1.63,1.36,0.8053201994448747
2012-05-31,-0.227666551690131,24.06,1.59,1.32,0.8054602900634434
2012-06-01,-2.464258474972991,26.66,1.47,1.22,0.9326967401446232
2012-06-04,0.0109554195610428,26.12,1.53,1.28,0.8931403029260339
2012-06-05,0.5726850663809513,24.68,1.57,1.32,0.9128696985117596
2012-06-06,2.304940092011853,22.16,1.66,1.4,1.0832819289297977
2012-06-07,-0.0106464492421021,21.72,1.66,1.39,1.0774575793983794
2012-06-08,0.8114163624478143,21.23,1.65,1.37,1.0953600228432323
2012-06-11,-1.2620113782869202,23.56,1.6,1.33,1.1243703500714963
2012-06-12,1.1650737147309576,22.09,1.67,1.37,1.1382278306473697
2012-06-13,-0.7023250955987548,24.27,1.61,1.31,1.1416969741257637
2012-06-14,1.0814652782245693,21.68,1.64,1.34,1.1650262302959806
2012-06-15,1.033781542905965,21.11,1.6,1.31,1.127511077547846
2012-06-18,0.1444746601191093,18.32,1.59,1.3,1.108012478121821
2012-06-19,0.9815695418065262,18.38,1.64,1.34,1.074582579540663
2012-06-20,-0.1686357012206873,17.24,1.65,1.33,1.0768918124273987
2012-06-21,-2.226167703901349,20.08,1.63,1.31,1.2009146496459924
2012-06-22,0.7174604262178752,18.11,1.69,1.38,1.210557196792624
2012-06-25,-1.5954853497705423,20.38,1.63,1.32,1.2652303889170178
2012-06-26,0.4772721486371312,19.72,1.66,1.35,1.2436320496371756
2012-06-27,0.8984905521485453,19.45,1.65,1.34,1.2150462728278697
2012-06-28,-0.2109799583246085,19.71,1.6,1.29,1.214831682055212
2012-06-29,2.492023877666627,17.08,1.67,1.34,1.1737739246378978
2012-07-02,0.2459311315762491,16.8,1.61,1.31,1.1716310190663852
2012-07-03,0.6232110863167994,16.66,1.65,1.35,1.1722191086746303
2012-07-05,-0.4687023030974124,17.5,1.62,1.34,1.088612070810567
2012-07-06,-0.943264946713962,17.1,1.57,1.3,1.11775575838245
2012-07-09,-0.1638831816675789,17.98,1.53,1.26,1.1088376438326273
2012-07-10,-0.8125926498228409,18.72,1.53,1.26,1.0839301659038822
2012-07-11,-0.0014923577632885,17.95,1.54,1.27,1.0562447620865183
2012-07-12,-0.4987097282612596,18.33,1.5,1.25,1.0493665982889524
2012-07-13,1.649736234989274,16.74,1.52,1.27,1.0849908987888943
2012-07-16,-0.2314313728559835,17.11,1.5,1.26,1.0649136309014002
2012-07-17,0.7409672577889825,16.48,1.53,1.28,1.0761270336862443
2012-07-18,0.6680490923747229,16.16,1.52,1.3,1.064450174284255
2012-07-19,0.2717099891568653,15.45,1.54,1.32,1.0640350744026386
2012-07-20,-1.0061659913606968,16.27,1.49,1.27,0.9540563722064026
2012-07-23,-0.890905606969361,18.62,1.47,1.25,0.9706915083796832
2012-07-24,-0.9040932945028056,20.47,1.44,1.22,0.9195111487826392
2012-07-25,-0.0313861457302278,19.34,1.43,1.21,0.9154581266497528
2012-07-26,1.6540974699349675,17.53,1.45,1.22,0.965609322727369
2012-07-27,1.9080565579335351,16.7,1.58,1.33,1.0418828734055134
2012-07-30,-0.0483359588707488,18.03,1.53,1.3,0.8940448782043202
2012-07-31,-0.4316828360845903,18.93,1.51,1.28,0.9005621783207854
2012-08-01,-0.2899979813067777,18.96,1.56,1.32,0.8933131364186708
2012-08-02,-0.7503669467536,17.57,1.51,1.27,0.9033955917532642
2012-08-03,1.904028588598905,15.64,1.6,1.36,0.969763196686966
2012-08-06,0.2329269266581279,15.95,1.59,1.35,0.9673443141357352
2012-08-07,0.5106758007594747,15.99,1.66,1.39,0.942498759214126
2012-08-08,0.0620826440464128,15.32,1.68,1.39,0.941809492003106
2012-08-09,0.0413685539444319,15.28,1.69,1.4,0.9275728903253884
2012-08-10,0.2188441817939201,14.74,1.65,1.38,0.8673997540667024
2012-08-13,-0.1251900795761873,13.7,1.65,1.38,0.8650604792706399
2012-08-14,-0.0128146400568462,14.85,1.73,1.46,0.856015832023847
2012-08-15,0.1139640526754526,14.63,1.8,1.53,0.8472560639527192
2012-08-16,0.7100510313353237,14.29,1.83,1.54,0.8569645221278115
2012-08-17,0.1872133998191527,13.45,1.81,1.52,0.8131460973350729
2012-08-20,-0.0021174829462955,14.02,1.82,1.53,0.7735428259729914
2012-08-21,-0.3497536135912971,15.02,1.8,1.49,0.7392859306420058
2012-08-22,0.0226403248804629,15.11,1.71,1.45,0.7382050799989335
2012-08-23,-0.8072242646582573,15.96,1.68,1.42,0.7009050335488494
2012-08-24,0.6454730908207917,15.18,1.68,1.4,0.5813337254969984
2012-08-27,-0.0489014813783827,16.35,1.65,1.37,0.5813409033897998
2012-08-28,-0.0808182287427627,16.49,1.64,1.37,0.5699013250990485
2012-08-29,0.0844349226581941,17.06,1.66,1.39,0.562198640368726
2012-08-30,-0.780580496271055,17.83,1.63,1.36,0.564717571306294
2012-08-31,0.5073295570515723,17.47,1.57,1.35,0.3938060772499262
2012-09-04,-0.1165959063598176,17.98,1.59,1.36,0.3933188669426571
2012-09-05,-0.1067661296965227,17.74,1.6,1.35,0.3782931118735863
2012-09-06,2.0435540463669577,15.6,1.68,1.41,0.59217390724733
2012-09-07,0.4049974057970251,14.38,1.67,1.42,0.5956183421316538
2012-09-10,-0.6147829935223559,16.28,1.68,1.43,0.6175006335156041
2012-09-11,0.313495582950507,16.41,1.7,1.45,0.6174811895140382
2012-09-12,0.2092692232889659,15.8,1.77,1.52,0.6172357248761042
2012-09-13,1.630974737217783,14.05,1.75,1.51,0.703990112005837
2012-09-14,0.3958951318527193,14.51,1.88,1.61,0.6952877008638065
2012-09-17,-0.3124690820504483,14.59,1.85,1.6,0.703822391068825
2012-09-18,-0.127977552007219,14.18,1.82,1.57,0.7058317941270629
2012-09-19,0.1185553958514828,13.88,1.79,1.52,0.6962362482458017
2012-09-20,-0.0540733743606969,14.07,1.8,1.53,0.6972956611154996
2012-09-21,-0.0075319019097297,13.98,1.77,1.5,0.6605608595265638
2012-09-24,-0.2232653981520282,14.15,1.74,1.47,0.6586443095369566
2012-09-25,-1.05018557847808,15.43,1.7,1.43,0.7114364203481401
2012-09-26,-0.573673494358995,16.81,1.64,1.38,0.7268242175393886
2012-09-27,0.9648981834660786,14.84,1.66,1.41,0.7528570177957185
2012-09-28,-0.4477753072888002,15.73,1.65,1.42,0.7351157611636038
2012-10-01,0.2651506710448004,16.32,1.64,1.39,0.730862291313598
2012-10-02,0.0872286948434108,15.71,1.64,1.41,0.7285782881375765
2012-10-03,0.3624409638163683,15.43,1.64,1.41,0.7275719755681193
2012-10-04,0.7174435557619541,14.55,1.7,1.47,0.5963659357285839
2012-10-05,-0.0321589363126983,14.33,1.75,1.48,0.5927120507120676
2012-10-09,-0.989094181235195,16.37,1.74,1.49,0.6210721061451617
2012-10-10,-0.6188030354815854,16.29,1.72,1.45,0.6360375160127101
2012-10-11,0.019538952303133,15.59,1.7,1.42,0.6344119793371346
2012-10-12,-0.296613725285566,16.14,1.69,1.42,0.508523743820745
2012-10-15,0.8077922524027725,15.27,1.7,1.43,0.5367978738147986
2012-10-16,1.026993327849146,15.22,1.75,1.48,0.5861794045734497
2012-10-17,0.4117058019306618,15.07,1.83,1.53,0.5924897710824152
2012-10-18,-0.2443729097514002,15.03,1.86,1.57,0.5950076085117196
2012-10-19,-1.6571304555192734,17.06,1.79,1.49,0.7019317850483662
2012-10-22,0.0439582266530846,16.62,1.83,1.51,0.7022822433399403
2012-10-23,-1.444390628760639,18.83,1.79,1.5,0.7663496235554631
2012-10-24,-0.3085382876604425,18.33,1.8,1.51,0.7369804976795707
2012-10-25,0.2995542646406335,18.12,1.86,1.55,0.7330022910416928
2012-10-26,-0.0728981732260325,17.81,1.78,1.48,0.6928913827141098
2012-10-31,0.0155879699258454,18.6,1.72,1.42,0.68850679918232
2012-11-01,1.0926475234507071,16.69,1.75,1.45,0.7337385498078914
2012-11-02,-0.9379454163327194,17.59,1.75,1.47,0.7598055282281171
2012-11-05,0.2163809008205897,18.42,1.72,1.44,0.755917761160495
2012-11-06,0.7853184882181896,17.58,1.78,1.48,0.7599109723753191
2012-11-07,-2.3705000038029778,19.08,1.68,1.41,0.9141141217278618
2012-11-08,-1.220484261628385,18.49,1.62,1.35,0.9258685837311272
2012-11-09,0.1698692425988746,18.61,1.61,1.34,0.9249008716420528
2012-11-13,-0.3985420522191307,16.65,1.59,1.32,0.924802685476358
2012-11-14,-1.3852035718884714,17.92,1.59,1.34,0.9618288030615032
2012-11-15,-0.1593544913831457,17.99,1.58,1.34,0.929154714277086
2012-11-16,0.4839949635948359,16.41,1.58,1.34,0.895449838249374
2012-11-19,1.9862053761098288,15.24,1.61,1.36,1.0243908389445653
2012-11-20,0.0663386379305519,15.08,1.66,1.39,1.0269181099725828
2012-11-21,0.2320181125065268,15.31,1.69,1.42,0.9752687580228898
2012-11-23,1.302631484263972,15.14,1.7,1.41,1.0273447053447764
2012-11-26,-0.2029581877026731,15.5,1.66,1.39,0.976989956811134
2012-11-27,-0.5226587298556074,15.92,1.64,1.37,0.9814777088562482
2012-11-28,0.7856028682432292,15.51,1.63,1.36,0.9960034143369272
2012-11-29,0.4269642628790704,15.06,1.62,1.37,1.0005161842708474
2012-11-30,0.0162507536987543,15.87,1.62,1.37,1.0005161008427952
2012-12-03,-0.4745224843287543,16.64,1.63,1.38,0.972937966713018
2012-12-04,-0.1709812393515641,17.12,1.62,1.37,0.9513901186471116
2012-12-05,0.1584862223349636,16.46,1.6,1.35,0.950715495423336
2012-12-06,0.3306590608326498,16.58,1.59,1.34,0.9356468634498616
2012-12-07,0.292091959627716,15.9,1.64,1.39,0.7607743235670628
2012-12-10,0.03385605486661,16.05,1.63,1.39,0.696395751389836
2012-12-11,0.6548882078472928,15.57,1.66,1.42,0.7055624005383241
2012-12-12,0.044823976338959,15.95,1.72,1.47,0.6935293220930839
2012-12-13,-0.6321425165448868,16.56,1.74,1.47,0.6197413352803798
2012-12-14,-0.4135401260425775,17.0,1.72,1.48,0.6307118072126625
2012-12-17,1.187059085338782,16.34,1.78,1.53,0.6648737621108274
2012-12-18,1.1486656421599406,15.57,1.84,1.56,0.5696567621331399
2012-12-19,-0.7589201039747917,17.36,1.82,1.54,0.609357979986819
2012-12-20,0.548810949285139,17.67,1.81,1.53,0.6150929287574002
2012-12-21,-0.9378687628036508,17.84,1.77,1.51,0.6053066538716743
2012-12-24,-0.2440296594621194,17.84,1.79,1.53,0.6063706272306566
2012-12-26,-0.478746019469678,19.48,1.77,1.51,0.6041732098706586
2012-12-27,-0.1218442012279497,19.47,1.74,1.48,0.5817251101942194
2012-12-28,-1.1049941573072375,22.72,1.73,1.46,0.6259514966546446
2012-12-31,1.6941941334216226,18.02,1.78,1.53,0.7372941696320436
2013-01-02,2.5403420320955883,14.68,1.86,1.59,0.9140493861040184
2013-01-03,-0.2085617494613001,14.56,1.92,1.65,0.9148656222076684
2013-01-04,0.4865096315322947,13.83,1.93,1.66,0.917271070369524
2013-01-07,-0.3123116153883165,13.79,1.92,1.65,0.9238078339461294
2013-01-08,-0.3242371304872038,13.62,1.89,1.64,0.929813082632592
2013-01-09,0.2655865938542279,13.81,1.88,1.64,0.9298633242770392
2013-01-10,0.7597415119266371,13.49,1.91,1.65,0.9331395772783636
2013-01-11,-0.0047513986152325,13.36,1.89,1.63,0.9335188059851496
2013-01-14,-0.093067156125437,13.52,1.89,1.63,0.9172527272044124
2013-01-15,0.1128669764158818,13.55,1.86,1.6,0.9067752164908264
2013-01-16,0.0196991910314858,13.42,1.84,1.58,0.8775174343031369
2013-01-17,0.5642922184040833,13.57,1.89,1.61,0.8518455422668304
2013-01-18,0.3403270397119629,12.46,1.87,1.61,0.8272498487776228
2013-01-22,0.4428106846314561,12.43,1.86,1.6,0.8250662119306711
2013-01-23,0.1507477027169024,12.46,1.86,1.6,0.782981279378728
2013-01-24,0.0006614683421224,12.69,1.88,1.65,0.7771695170494187
2013-01-25,0.5445481690718124,12.89,1.98,1.7,0.761124241100778
2013-01-28,-0.1849621612560081,13.57,2.0,1.71,0.763039865143881
2013-01-29,0.5105995170664235,13.31,2.03,1.73,0.6902469758296925
2013-01-30,-0.3899621323283808,14.32,2.03,1.76,0.6340949532549838
2013-01-31,-0.2563301077303292,14.28,2.02,1.75,0.3495003434044877
2013-02-01,1.005270556968885,12.9,2.04,1.77,0.3920259556770347
2013-02-04,-1.1538744820964395,14.67,2.0,1.75,0.4854174858206452
2013-02-05,1.0416510240551349,13.72,2.04,1.77,0.5182122639966695
2013-02-06,0.0549170598121762,13.41,2.0,1.73,0.506066114263169
2013-02-07,-0.1805399358229098,13.5,1.99,1.74,0.5121935264657598
2013-02-08,0.5657940611518475,13.02,1.99,1.74,0.5020611099017207
2013-02-11,-0.0606117484177382,12.94,1.99,1.72,0.5031480760149929
2013-02-12,0.1595272232703504,12.64,2.02,1.73,0.4998389574442695
2013-02-13,0.0592263093356804,12.98,2.05,1.76,0.5002735896636396
2013-02-14,0.0690671668964526,12.66,2.0,1.73,0.4996575356916523
2013-02-15,-0.1045081317757268,12.46,2.01,1.72,0.4938146245094366
2013-02-19,0.7336475471722448,12.31,2.03,1.74,0.5101629177672341
2013-02-20,-1.24041379552301,14.68,2.02,1.75,0.5917058624314735
2013-02-21,-0.6303057332801343,15.22,1.99,1.73,0.6112844968742798
2013-02-22,0.8772467921830174,14.17,1.97,1.7,0.640033452282184
2013-02-25,-1.8309580659152336,18.99,1.88,1.63,0.7572198339725279
2013-02-26,0.6109463971145868,16.87,1.88,1.63,0.7704297234768309
2013-02-27,1.2725994077109837,14.73,1.91,1.64,0.8149783570969892
2013-02-28,-0.086407992920523,15.51,1.89,1.64,0.8095517788136967
2013-03-01,0.2323855425648391,15.36,1.86,1.61,0.8073409394173351
2013-03-04,0.461072337316093,14.01,1.88,1.64,0.782953140516334
2013-03-05,0.956601649469957,13.48,1.9,1.65,0.7549403582010435
2013-03-06,0.1084512714484509,13.53,1.95,1.7,0.725050279784212
2013-03-07,0.1816491442581558,13.06,2.0,1.75,0.7251765590792044
2013-03-08,0.4481139122655131,12.59,2.06,1.79,0.7256485074537659
2013-03-11,0.3249085739679413,11.56,2.07,1.8,0.7201729376738809
2013-03-12,-0.2403252949314871,12.27,2.03,1.76,0.7237507282293083
2013-03-13,0.131405176760091,11.83,2.04,1.77,0.7236933764920398
2013-03-14,0.5602990523162488,11.3,2.04,1.77,0.7302419572323019
2013-03-15,-0.1618462624492611,11.3,2.01,1.76,0.733271179072052
2013-03-18,-0.5510332450180511,13.36,1.96,1.7,0.7474550676824497
2013-03-19,-0.2422530651870924,14.39,1.92,1.68,0.7362252271082504
2013-03-20,0.6697492376419811,12.67,1.96,1.7,0.6805654932392247
2013-03-21,-0.8282433828555424,13.99,1.95,1.68,0.6938894753367074
2013-03-22,0.7174256352702191,13.57,1.93,1.67,0.6858835238941031
2013-03-25,-0.3340038919423471,13.74,1.93,1.69,0.5219420928950341
2013-03-26,0.7785110802517758,12.77,1.92,1.67,0.5299733173831617
2013-03-27,-0.0588349906841312,13.15,1.87,1.62,0.4711455738558646
2013-03-28,0.405666949441863,12.7,1.87,1.62,0.4708126912393989
2013-04-01,-0.4473580460658932,13.58,1.86,1.63,0.4907898636288237
2013-04-02,0.5172264111710456,12.78,1.88,1.63,0.4928555241195743
2013-04-03,-1.0546128701639843,14.21,1.83,1.59,0.5231791417383237
2013-04-04,0.4048451943253761,13.89,1.78,1.56,0.5291972083116685
2013-04-05,-0.429489561132812,13.92,1.72,1.48,0.5394135257440635
2013-04-08,0.6302737952936344,13.19,1.76,1.52,0.5483006020733932
2013-04-09,0.3544332149468365,12.84,1.78,1.54,0.5491482363074193
2013-04-10,1.218913260513399,12.36,1.84,1.6,0.6039915912070126
2013-04-11,0.3552250519809563,12.24,1.82,1.58,0.6063987219667013
2013-04-12,-0.2836767069231527,12.06,1.75,1.53,0.6038908243534153
2013-04-15,-2.2966290584432447,17.27,1.72,1.5,0.8047233667683447
2013-04-16,1.4307223290395576,13.96,1.75,1.51,0.8567037100488256
2013-04-17,-1.4327681394279534,16.51,1.73,1.49,0.9190290077157074
2013-04-18,-0.6701003439812281,17.56,1.72,1.48,0.9176889208273852
2013-04-19,0.8847902373522176,14.97,1.73,1.49,0.9212749133134616
2013-04-22,0.4661629963028435,14.39,1.72,1.48,0.9131496904127262
2013-04-23,1.041921875000007,13.48,1.74,1.51,0.936453129151202
2013-04-24,0.000634019017176,13.61,1.73,1.5,0.9224342244676929
2013-04-25,0.4034732269384111,13.62,1.74,1.51,0.9253021803682014
2013-04-26,-0.1842113024773328,13.61,1.7,1.48,0.9236064896188104
2013-04-29,0.7186011722218666,13.71,1.7,1.5,0.9276495272083805
2013-04-30,0.2484899676771457,13.52,1.7,1.48,0.9232817600366048
2013-05-01,-0.9307883608932754,14.49,1.66,1.46,0.9155829874951292
2013-05-02,0.9407983261396248,13.59,1.66,1.46,0.9327635354339864
2013-05-03,1.0534666895180678,12.85,1.78,1.56,0.9453617848187188
2013-05-06,0.1907778626905942,12.66,1.8,1.58,0.9398642569318436
2013-05-07,0.5230269513137653,12.83,1.82,1.6,0.9423063620049243
2013-05-08,0.4139081299929126,12.66,1.81,1.59,0.9124922714821264
2013-05-09,-0.3687103906423572,13.13,1.81,1.59,0.918001419701467
2013-05-10,0.4321655306021466,12.59,1.9,1.64,0.9158999147124042
2013-05-13,0.0042889368592202,12.55,1.92,1.68,0.7159829914004426
2013-05-14,1.0142153479971716,12.77,1.96,1.7,0.6854959130353137
2013-05-15,0.5114136269715353,12.81,1.94,1.68,0.5630930286631878
2013-05-16,-0.5009741163373271,13.07,1.87,1.64,0.5482840814250285
2013-05-17,1.03000965190283,12.45,1.95,1.69,0.5567307910468092
2013-05-20,-0.0707617924973758,13.02,1.97,1.71,0.5637576959221783
2013-05-21,0.1722386289245481,13.37,1.94,1.68,0.5384048764800715
2013-05-22,-0.8273657594813577,13.82,2.03,1.77,0.5903532191537579
2013-05-23,-0.2923832356719225,14.07,2.02,1.76,0.600548620105465
2013-05-24,-0.0551365441168516,13.99,2.01,1.75,0.5968402824930361
2013-05-28,0.6340981548631053,14.48,2.15,1.86,0.5933418607815837
2013-05-29,-0.7047981897774669,14.83,2.13,1.83,0.6270906728201912
2013-05-30,0.367034439193481,14.53,2.13,1.82,0.5732822426725943
2013-05-31,-1.4307241527974024,16.3,2.16,1.86,0.6563253114599842
2013-06-03,0.5935988427895333,16.28,2.13,1.83,0.6288195961717286
2013-06-04,-0.5510807488524838,16.27,2.14,1.82,0.643755673314663
2013-06-05,-1.3779732742503992,17.5,2.1,1.8,0.7066798012005564
2013-06-06,0.8490293972530871,16.63,2.08,1.78,0.7280980596609321
2013-06-07,1.2831541229424204,15.14,2.17,1.85,0.7793711849684433
2013-06-10,-0.0346813449944027,15.44,2.22,1.9,0.7744243916304938
2013-06-11,-1.0153367167240024,17.07,2.2,1.86,0.8090397721811046
2013-06-12,-0.8369555515669425,18.59,2.25,1.91,0.79012476959224
2013-06-13,1.47842913771965,16.41,2.19,1.87,0.8570884509507811
2013-06-14,-0.5885016114436148,17.15,2.14,1.85,0.8596538947207186
2013-06-17,0.7567364431436019,16.8,2.19,1.92,0.8432839268597222
2013-06-18,0.7791157767295331,16.61,2.2,1.93,0.8650425749811721
2013-06-19,-1.3851474486292426,16.64,2.33,2.02,0.9136550189360764
2013-06-20,-2.501035094286319,20.49,2.41,2.08,1.0487167214361757
2013-06-21,0.2669776576555538,18.9,2.52,2.14,1.0536163003619807
2013-06-24,-1.2145015629135836,20.11,2.57,2.15,1.078354892966909
2013-06-25,0.9497272121224088,18.47,2.6,2.17,1.0938890918438895
2013-06-26,0.9590486444071455,17.21,2.55,2.16,1.1177552583679695
2013-06-27,0.6199831185025984,16.86,2.49,2.13,1.1251136697258195
2013-06-28,-0.4289562412875813,16.86,2.52,2.16,1.0852850116254549
2013-07-01,0.5403747467634501,16.37,2.5,2.16,1.0836363858833729
2013-07-02,-0.0544908173637725,16.44,2.48,2.14,1.0777687077922606
2013-07-03,0.0824047235089331,16.2,2.52,2.16,1.0313745033676889
2013-07-05,1.0201732142340214,14.89,2.73,2.33,1.039248785963814
2013-07-08,0.5251546496476855,14.78,2.65,2.28,1.0045312482603357
2013-07-09,0.7229670722828763,14.35,2.65,2.28,1.0175183428213153
2013-07-10,0.0181592450541279,14.21,2.7,2.32,0.9872252921952944
2013-07-11,1.3554249906357896,14.01,2.6,2.26,1.0010308950200133
2013-07-12,0.3086483632862347,13.84,2.61,2.24,0.9552277087366442
2013-07-15,0.1374879432867404,13.79,2.57,2.23,0.9398934944027372
2013-07-16,-0.3708760911961373,14.42,2.55,2.21,0.936844543270686
2013-07-17,0.2774047216405728,13.78,2.52,2.2,0.9248087524697268
2013-07-18,0.5032964742594626,13.77,2.56,2.24,0.860267192698207
2013-07-19,0.1610050321117606,12.54,2.5,2.18,0.5843564525208989
2013-07-22,0.203302634378244,12.29,2.5,2.18,0.5848279055110415
2013-07-23,-0.1851936913048746,12.66,2.53,2.2,0.4787414934290618
2013-07-24,-0.3811221518892793,13.18,2.61,2.27,0.4859556088272948
2013-07-25,0.2556472201586723,12.97,2.61,2.29,0.460593792151014
2013-07-26,0.0828294284314523,12.72,2.58,2.27,0.4544581765369816
2013-07-29,-0.3736037754951127,13.39,2.61,2.28,0.450328084900767
2013-07-30,0.0373816937478066,13.39,2.63,2.3,0.446786759485698
2013-07-31,-0.0136409211415777,13.45,2.6,2.29,0.4455754104606474
2013-08-01,1.254056989753427,12.94,2.74,2.39,0.500410271909416
2013-08-02,0.1640458169711145,11.98,2.63,2.33,0.4691243085637267
2013-08-05,-0.1479834840550031,11.84,2.67,2.35,0.4712871087859239
2013-08-06,-0.5723033522392118,12.72,2.67,2.35,0.4845175235694966
2013-08-07,-0.3805864929911196,12.98,2.61,2.29,0.4976350425260302
2013-08-08,0.3885449938943575,12.73,2.58,2.28,0.4101394921280427
2013-08-09,-0.3569960525698801,13.41,2.57,2.25,0.4164924647809973
2013-08-12,-0.1152920736140039,12.81,2.61,2.29,0.4170261348812042
2013-08-13,0.2776056134700333,12.31,2.71,2.37,0.4100651550418139
2013-08-14,-0.5176618120080079,13.04,2.71,2.37,0.4255070593845403
2013-08-15,-1.428160138019796,14.73,2.77,2.41,0.5178193682494557
2013-08-16,-0.3304595389129083,14.37,2.84,2.48,0.5173213191998834
2013-08-19,-0.5900302398330837,15.1,2.88,2.52,0.522665226077887
2013-08-20,0.3821195319908987,14.91,2.82,2.46,0.5356950621559714
2013-08-21,-0.5779602928505545,15.94,2.87,2.49,0.5425426169418378
2013-08-22,0.8619376484360286,14.76,2.9,2.48,0.5807099846495896
2013-08-23,0.3947010921615534,13.98,2.82,2.42,0.589929953792346
2013-08-26,-0.4039657771641169,14.99,2.79,2.38,0.5907577540298662
2013-08-27,-1.5874194741040235,16.77,2.72,2.34,0.6784388892366727
2013-08-28,0.2747645185721348,16.49,2.78,2.38,0.6848594038291828
2013-08-29,0.1963401602796288,16.81,2.75,2.36,0.6071107114235039
2013-08-30,-0.3174318356880645,17.01,2.78,2.39,0.6012900226787908
2013-09-03,0.4164221602432238,16.61,2.86,2.43,0.6182250781737756
2013-09-04,0.8116953209842404,15.88,2.9,2.44,0.6508709460832179
2013-09-05,0.1209862833721153,15.77,2.98,2.46,0.650374000287482
2013-09-06,0.0054431141103039,15.85,2.94,2.48,0.6406412566794766
2013-09-09,0.9992880823750604,15.63,2.9,2.45,0.6849499694597082
2013-09-10,0.7345789391592916,14.53,2.96,2.46,0.7071052826474113
2013-09-11,0.3052283373562225,13.82,2.93,2.46,0.7077312441515657
2013-09-12,-0.3380415314981122,14.29,2.92,2.47,0.702100418351199
2013-09-13,0.2714679741101511,14.16,2.9,2.45,0.6184642636769299
2013-09-16,0.5693153044247667,14.38,2.88,2.47,0.6196461819128553
2013-09-17,0.4217739327674108,14.53,2.86,2.47,0.5990302198340108
2013-09-18,1.2177672896303449,13.59,2.69,2.35,0.6417086623493063
2013-09-19,-0.1842953819684689,13.16,2.76,2.42,0.6217075541007248
2013-09-20,-0.7216886263627376,13.12,2.75,2.41,0.6387433195061887
2013-09-23,-0.4719586526811925,14.31,2.72,2.37,0.6512121079787746
2013-09-24,-0.2597143070893537,14.08,2.67,2.32,0.6459273012704765
2013-09-25,-0.273946595048713,14.01,2.63,2.27,0.5166897095317255
2013-09-26,0.3485425867653546,14.06,2.66,2.32,0.517597577032546
2013-09-27,-0.4073801130465626,15.46,2.64,2.3,0.5346893978248298
2013-09-30,-0.6029230779887707,16.6,2.64,2.31,0.5517135671835287
2013-10-01,0.7998543475556064,15.54,2.66,2.33,0.5679503206487404
2013-10-02,-0.0666669547382037,16.6,2.63,2.32,0.5491477782454527
2013-10-03,-0.8979414583967338,17.67,2.62,2.29,0.5947527846772508
2013-10-04,0.7053224345153541,16.74,2.66,2.33,0.6109721949466067
2013-10-07,-0.8506361953748875,19.41,2.65,2.28,0.6088738184491617
2013-10-08,-1.2332078852067665,20.34,2.66,2.26,0.6444163008565009
2013-10-09,0.0573906351874375,19.6,2.68,2.31,0.6389080272800746
2013-10-10,2.183049604365883,16.48,2.71,2.36,0.8134652653179866
2013-10-11,0.6286271807078414,15.72,2.7,2.35,0.8229059957982559
2013-10-15,-0.7063723409320266,18.66,2.75,2.38,0.8297879919839457
2013-10-16,1.3827532394934838,14.71,2.69,2.35,0.8825968521155845
2013-10-17,0.6743953139704439,13.48,2.61,2.28,0.8520189394264641
2013-10-18,0.6548755402622897,13.04,2.6,2.27,0.8627927550250408
2013-10-21,0.0091736417132448,13.16,2.63,2.3,0.843784785312788
2013-10-22,0.5737513079636436,13.33,2.54,2.23,0.8399335997613101
2013-10-23,-0.4724557241463034,13.42,2.51,2.2,0.8465292544557077
2013-10-24,0.3258134764679621,13.2,2.53,2.2,0.8422536707963413
2013-10-25,0.4394843515520774,13.09,2.53,2.21,0.8435962652065319
2013-10-28,0.1329699787098182,13.31,2.54,2.22,0.8330608477746396
2013-10-29,0.558419502875096,13.41,2.53,2.22,0.8154002505153838
2013-10-30,-0.4875923596155185,13.65,2.55,2.22,0.8200913243902223
2013-10-31,-0.3839381224110538,13.75,2.57,2.26,0.8281542018194576
2013-11-01,0.2903421198789946,13.28,2.65,2.32,0.7896348404961445
2013-11-04,0.3570558689741876,12.93,2.63,2.31,0.7822701097493638
2013-11-05,-0.2805587810106646,13.27,2.69,2.37,0.7514968079338343
2013-11-06,0.4265540341705787,12.67,2.67,2.37,0.6677873776926209
2013-11-07,-1.3182771972194418,13.91,2.63,2.34,0.7604789581228233
2013-11-08,1.342755951674368,12.9,2.77,2.45,0.6652804860849305
2013-11-12,-0.2370391619945344,12.82,2.8,2.46,0.6645920787822184
2013-11-13,0.8095344244797742,12.52,2.75,2.43,0.6462815931105451
2013-11-14,0.483725876385388,12.37,2.69,2.4,0.5915565835861433
2013-11-15,0.4222034052096646,12.19,2.71,2.4,0.583430898453346
2013-11-18,-0.369819718572606,13.1,2.67,2.36,0.5847415515577163
2013-11-19,-0.2042965576817046,13.39,2.71,2.42,0.5890169997582076
2013-11-20,-0.3635611100220925,13.4,2.8,2.52,0.5883385176066875
2013-11-21,0.8128564255848181,12.66,2.79,2.5,0.5957088314542605
2013-11-22,0.4961457973002625,12.26,2.75,2.44,0.5997417181705884
2013-11-25,-0.1263342097862163,12.79,2.74,2.44,0.5985302984028994
2013-11-26,0.0149804455070734,12.81,2.71,2.42,0.5989569099445954
2013-11-27,0.2485081386076837,12.98,2.74,2.46,0.5907567802037543
2013-11-29,-0.0785689641244036,13.7,2.75,2.47,0.5763709243095523
2013-12-02,-0.2719020284730922,14.23,2.81,2.51,0.5717709409375719
2013-12-03,-0.3192847977150137,14.55,2.79,2.51,0.5785736172126077
2013-12-04,-0.1303493183571813,14.7,2.84,2.54,0.5770950663010261
2013-12-05,-0.4339572538419101,15.08,2.88,2.58,0.5829591059346567
2013-12-06,1.1237870620775636,13.79,2.88,2.58,0.625328936710539
2013-12-09,0.1817100177267105,13.49,2.86,2.56,0.5295077819350908
2013-12-10,-0.3179659038540561,13.91,2.81,2.51,0.4618172019268056
2013-12-11,-1.131687458772268,15.42,2.86,2.55,0.532740616682629
2013-12-12,-0.377056189111935,15.54,2.89,2.55,0.5083107782266886
2013-12-13,-0.0101410144149549,15.76,2.88,2.54,0.4945119725716937
2013-12-16,0.6320039831068547,16.03,2.89,2.55,0.5069405127536392
2013-12-17,-0.3100987910356179,16.21,2.85,2.51,0.5050134676799404
2013-12-18,1.664796429762072,13.8,2.89,2.57,0.6285535364333492
2013-12-19,-0.0579929204410856,14.15,2.94,2.59,0.6212545394798218
2013-12-20,0.4818728349231804,13.79,2.89,2.52,0.6049117092168752
2013-12-23,0.531812014989308,13.04,2.94,2.56,0.6063039580761017
2013-12-24,0.2915746849359912,12.48,2.99,2.61,0.6065384799587483
2013-12-26,0.4745529147706984,12.33,3.0,2.58,0.6123597800215879
2013-12-27,-0.0336584353380353,12.46,3.02,2.62,0.612240974475841
2013-12-30,-0.0179253894115216,13.56,2.99,2.6,0.6114833557422781
2013-12-31,0.3959675229718407,13.72,3.04,2.66,0.6084192949106314
2014-01-02,-0.8861912729460575,14.23,3.0,2.61,0.6427808594702066
2014-01-03,-0.033296507498215,13.76,3.01,2.6,0.641286701069396
2014-01-06,-0.2511767473641013,13.55,2.98,2.58,0.6344162544249882
2014-01-07,0.6081764662643874,12.92,2.96,2.56,0.6009684486317185
2014-01-08,-0.0212208983938699,12.87,3.01,2.58,0.6010829974117683
2014-01-09,0.0348309189077911,12.89,2.97,2.53,0.5938728199130467
2014-01-10,0.2306686808393188,12.14,2.88,2.49,0.518614417298703
2014-01-13,-1.2576216507389826,13.28,2.84,2.45,0.5984936164690047
2014-01-14,1.0817971767347556,12.28,2.88,2.49,0.6344035571987304
2014-01-15,0.5166188100786506,12.28,2.9,2.49,0.630570083023608
2014-01-16,-0.1347120304156734,12.53,2.86,2.45,0.6247023638638026
2014-01-17,-0.3895174370902032,12.44,2.84,2.44,0.5295183635795182
2014-01-21,0.2773751994173734,12.87,2.85,2.45,0.5302871204142622
2014-01-22,0.0574865221481646,12.84,2.87,2.43,0.5224241345485178
2014-01-23,-0.8889576739850691,13.77,2.79,2.4,0.5525893726251169
2014-01-24,-2.087544856898549,18.14,2.75,2.38,0.7183531298396465
2014-01-27,-0.4876293940238585,17.42,2.78,2.41,0.7088627163647222
2014-01-28,0.614065260021901,15.8,2.77,2.39,0.7296388081430487
2014-01-29,-1.0209232261157553,17.35,2.69,2.33,0.7554041754047126
2014-01-30,1.1267044743841437,17.29,2.72,2.36,0.8011231564209582
2014-01-31,-0.6465299642046674,18.41,2.67,2.33,0.7911926077861134
2014-02-03,-2.283191982018462,21.44,2.61,2.31,0.9248455339647024
2014-02-04,0.7641088938743268,19.11,2.64,2.33,0.952015345140443
2014-02-05,-0.2028222779439259,19.95,2.7,2.38,0.9330743181228122
2014-02-06,1.2439792925644788,17.23,2.73,2.4,0.9895698279343564
2014-02-07,1.3301886798946505,15.29,2.71,2.41,1.0447146464288135
2014-02-10,0.1569234765563809,15.26,2.7,2.38,1.0435866124572315
2014-02-11,1.1062113608869106,14.51,2.75,2.4,1.0408062676251115
2014-02-12,-0.0269262390094837,14.3,2.8,2.45,1.0095874212726286
2014-02-13,0.5810025082904069,14.14,2.73,2.41,1.0115857309297709
2014-02-14,0.4809216724759979,13.57,2.75,2.43,1.0180751329777256
2014-02-18,0.1158473905655821,13.87,2.71,2.4,1.0145494655676568
2014-02-19,-0.6524484290135191,15.5,2.73,2.4,1.0229466795495474
2014-02-20,0.6031458262132583,14.79,2.76,2.42,1.0327998055503995
2014-02-21,-0.1918723565134117,14.68,2.73,2.4,1.0131043166541012
2014-02-24,0.618651346579302,14.23,2.75,2.4,0.8890665393128421
2014-02-25,-0.134768173700972,13.67,2.7,2.36,0.8789511744000719
2014-02-26,0.0021699977565736,14.35,2.67,2.34,0.8736479238029992
2014-02-27,0.4948082937896281,14.04,2.65,2.32,0.8315933794045255
2014-02-28,0.2782688792301258,14.0,2.66,2.33,0.8043303487123239
2014-03-03,-0.7378510346287226,16.0,2.6,2.28,0.8095230772849246
2014-03-04,1.526770113133269,14.1,2.7,2.37,0.6279603834799576
2014-03-05,-0.0053351326431916,13.89,2.7,2.37,0.6259704590458091
2014-03-06,0.1718408271082383,14.21,2.74,2.37,0.6147112942823089
2014-03-07,0.0538089295248678,14.11,2.8,2.42,0.5800478947247538
2014-03-10,-0.0463246309499232,14.2,2.79,2.42,0.5294036042670254
2014-03-11,-0.5082138985368356,14.8,2.77,2.4,0.5538833666232603
2014-03-12,0.030517087837123,14.47,2.73,2.36,0.5103932010980599
2014-03-13,-1.1701095130556172,16.22,2.66,2.32,0.5874124055464454
2014-03-14,-0.2821777697470384,17.82,2.65,2.29,0.5799832828551622
2014-03-17,0.9613634629240364,15.64,2.7,2.32,0.6087739452362618
2014-03-18,0.721961893372769,14.52,2.68,2.32,0.6267112566483292
2014-03-19,-0.6131649335692324,15.12,2.78,2.31,0.6243297687299703
2014-03-20,0.6040504799839086,14.52,2.79,2.34,0.6243690354744187
2014-03-21,-0.2932671409733745,15.0,2.75,2.3,0.6271726512384974
2014-03-24,-0.4864709743258144,15.09,2.74,2.27,0.6262382164368341
2014-03-25,0.4403939814465518,14.02,2.75,2.28,0.6315350334721292
2014-03-26,-0.7000319763734719,14.93,2.71,2.26,0.6538768421150138
2014-03-27,-0.1900083894673887,14.62,2.69,2.24,0.6456963627200076
2014-03-28,0.4640221884561146,14.41,2.73,2.28,0.6514050351197469
2014-03-31,0.7924102207026662,13.88,2.73,2.29,0.6504070334458715
2014-04-01,0.7039348596697304,13.1,2.77,2.33,0.5753408831369148
2014-04-02,0.2853326841976367,13.09,2.82,2.35,0.578000967500532
2014-04-03,-0.1126450291031422,13.37,2.8,2.34,0.5782672925335285
2014-04-04,-1.2537288005457836,13.96,2.74,2.31,0.6457398668594057
2014-04-07,-1.0750112394172897,15.57,2.71,2.3,0.6865676065588217
2014-04-08,0.3750553770375697,14.89,2.69,2.29,0.6862547903569627
2014-04-09,1.0918212704340349,13.82,2.71,2.34,0.7315246510371166
2014-04-10,-2.0884795550912827,15.89,2.65,2.28,0.8316780317740006
2014-04-11,-0.9486773662544356,17.03,2.63,2.26,0.8552192793330426
2014-04-14,0.8217286225508769,16.11,2.65,2.28,0.8469199900942241
2014-04-15,0.6757307791485534,15.61,2.64,2.25,0.8446961100159845
2014-04-16,1.0488490558689278,14.18,2.65,2.26,0.8703654331710583
2014-04-17,0.1363852909705754,13.36,2.73,2.3,0.8597190918294799
2014-04-21,0.3775123551313042,13.25,2.73,2.31,0.8614005260353137
2014-04-22,0.4092139025126506,13.19,2.73,2.28,0.8570702645987428
2014-04-23,-0.2213313863220212,13.27,2.7,2.27,0.8544907286806359
2014-04-24,0.1716960567121672,13.32,2.7,2.27,0.8373755825676226
2014-04-25,-0.8096390978489132,14.06,2.68,2.25,0.858814263591142
2014-04-28,0.3236035858039221,13.97,2.7,2.26,0.8557529011289373
2014-04-29,0.4760757069291355,13.71,2.71,2.27,0.8438614466144385
2014-04-30,0.2992016977140688,13.41,2.67,2.25,0.8313409605666833
2014-05-01,-0.0143261481426071,13.25,2.63,2.22,0.8286072714724276
2014-05-02,-0.1348445059709546,12.91,2.6,2.18,0.8287586166330719
2014-05-05,0.1871216126306141,13.29,2.63,2.2,0.7765721121352309
2014-05-06,-0.8988392160571124,13.8,2.61,2.18,0.7639758531079657
2014-05-07,0.5616468420812426,13.4,2.62,2.21,0.7690978672514627
2014-05-08,-0.1373624945210982,13.43,2.61,2.21,0.7316159815984699
2014-05-09,0.1519476431128819,12.92,2.62,2.22,0.5393774629377786
2014-05-12,0.9672737603931392,12.23,2.66,2.25,0.508112533240704
2014-05-13,0.0421757703063629,12.13,2.61,2.22,0.489032136593922
2014-05-14,-0.4701005088166399,12.17,2.54,2.15,0.4950553839127899
2014-05-15,-0.9361807033335888,13.17,2.5,2.12,0.4987040876499945
2014-05-16,0.374696520677964,12.44,2.52,2.14,0.5043441933235148
2014-05-19,0.3844786490710294,12.42,2.54,2.18,0.5045948251925754
2014-05-20,-0.649839809746755,12.96,2.52,2.17,0.5187738531202808
2014-05-21,0.8116098951240547,11.91,2.54,2.17,0.5479206919870792
2014-05-22,0.2362229873621668,12.03,2.56,2.19,0.5489568457519809
2014-05-23,0.4248391856225497,11.36,2.54,2.17,0.5170802035878627
2014-05-27,0.5987805879090757,11.51,2.52,2.13,0.5269115920927797
2014-05-28,-0.1114071710872299,11.68,2.44,2.07,0.5220009526190716
2014-05-29,0.5367110265454889,11.57,2.45,2.08,0.5297894994950034
2014-05-30,0.1843677931164355,11.4,2.48,2.11,0.5294700890287426
2014-06-02,0.0727826101028172,11.58,2.54,2.15,0.5265231700658104
2014-06-03,-0.03792165487565,11.87,2.6,2.19,0.5273395765778894
2014-06-04,0.1891663548679423,12.08,2.61,2.2,0.4714600287411409
2014-06-05,0.6525279593556643,11.68,2.59,2.19,0.4759545978168773
2014-06-06,0.4627758701298612,10.73,2.6,2.19,0.4748559891976143
2014-06-09,0.0938771226611789,11.15,2.62,2.19,0.4753055567617978
2014-06-10,-0.0245983622945922,10.99,2.64,2.19,0.4405595323274693
2014-06-11,-0.3537041032554366,11.6,2.65,2.21,0.453958240958942
2014-06-12,-0.708889350376507,12.56,2.58,2.16,0.4730864410572958
2014-06-13,0.3134561695468774,12.18,2.6,2.15,0.4053061644257598
2014-06-16,0.0836705173430596,12.65,2.61,2.12,0.4028816672278843
2014-06-17,0.2172569060394202,12.06,2.66,2.15,0.3996552116258706
2014-06-18,0.7718881307192449,10.61,2.61,2.13,0.3757014014147756
2014-06-19,0.1277478576659385,10.62,2.64,2.16,0.3492790598343033
2014-06-20,0.173005832273243,10.85,2.63,2.13,0.3490911829143857
2014-06-23,-0.0132464078757998,10.98,2.63,2.15,0.3468760122248719
2014-06-24,-0.6435310620591883,12.13,2.59,2.1,0.3745602673818111
2014-06-25,0.4897511217437866,11.59,2.57,2.09,0.380830210204869
2014-06-26,-0.117888399729138,11.63,2.53,2.07,0.3720049735040904
2014-06-27,0.1910868625069062,11.26,2.54,2.09,0.372091407684274
2014-06-30,-0.0372256692278916,11.57,2.53,2.06,0.373278829610733
2014-07-01,0.6677770440579822,11.15,2.58,2.11,0.3932258890215199
2014-07-02,0.0658812997136992,10.82,2.64,2.15,0.3931621772339123
2014-07-03,0.5479508115899812,10.32,2.65,2.13,0.3863516271974805
2014-07-07,-0.3923521850109468,11.33,2.63,2.11,0.3931373269311729
2014-07-08,-0.704880201475111,11.98,2.58,2.07,0.4297304800901556
2014-07-09,0.4644267890169251,11.65,2.57,2.06,0.4400888843818815
2014-07-10,-0.4131071874054703,12.59,2.55,2.09,0.4431968630783198
2014-07-11,0.1470922745241187,12.08,2.53,2.05,0.4053483651856916
2014-07-14,0.4843552990250188,11.82,2.55,2.07,0.4119012629272395
2014-07-15,-0.1932095663463084,11.96,2.56,2.07,0.417290677637764
2014-07-16,0.4201084929208676,11.0,2.55,2.05,0.4229317229645015
2014-07-17,-1.183402645755216,14.54,2.47,2.0,0.4817758332563345
2014-07-18,1.0264935568841116,12.06,2.5,1.99,0.5331047530597934
2014-07-21,-0.232025047178197,12.81,2.49,1.98,0.5358304420334036
2014-07-22,0.5016150134305564,12.24,2.48,1.99,0.5459806793969424
2014-07-23,0.1754438005651781,11.52,2.48,1.98,0.5210180277147455
2014-07-24,0.0488155921891664,11.84,2.52,1.99,0.5127155375211475
2014-07-25,-0.4849150767687549,12.69,2.48,1.95,0.5263087921849895
2014-07-28,0.0288154902202908,12.56,2.5,1.96,0.5253503190319901
2014-07-29,-0.4527786939807376,13.28,2.47,1.93,0.5369416038480742
2014-07-30,0.0060912774517918,13.33,2.57,2.01,0.5152713076259096
2014-07-31,-1.9999240340662028,16.95,2.58,2.05,0.6804692422464826
2014-08-01,-0.2859121137017251,17.03,2.52,2.05,0.6633471623038357
2014-08-04,0.7189032358413172,15.12,2.51,2.04,0.6882256018938135
2014-08-05,-0.9685469956760784,16.87,2.49,2.02,0.7028644956415384
2014-08-06,0.001563854864095,16.37,2.49,2.01,0.6904806007856168
2014-08-07,-0.5556620005611967,16.66,2.43,1.99,0.6942527542252446
2014-08-08,1.1531402436471216,15.77,2.44,1.99,0.7503206332048338
2014-08-11,0.2759425250346226,14.23,2.44,1.97,0.7433453921006928
2014-08-12,-0.163664161317445,14.13,2.46,2.01,0.7431796863339434
2014-08-13,0.6707160027472625,12.9,2.43,2.0,0.7544116075004184
2014-08-14,0.434581405396317,12.42,2.4,1.98,0.716324851401443
2014-08-15,-0.0061372924176295,13.15,2.34,1.92,0.674024663747951
2014-08-18,0.8531672245722488,12.32,2.39,1.95,0.7022559977378641
2014-08-19,0.5000651911710952,12.21,2.4,1.94,0.7021975333074901
2014-08-20,0.2477812999687634,11.78,2.43,1.94,0.7033477603448982
2014-08-21,0.2949889667182681,11.76,2.41,1.92,0.7063742183352262
2014-08-22,-0.1992587076122598,11.47,2.4,1.87,0.6986131314864412
2014-08-25,0.4787778824361766,11.7,2.39,1.86,0.7058588748692731
2014-08-26,0.1051080894003408,11.63,2.39,1.87,0.6958891669503604
2014-08-27,0.0049987292607633,11.78,2.37,1.86,0.6958951588645649
2014-08-28,-0.1689901051468934,12.05,2.34,1.84,0.5013999354196709
2014-08-29,0.332041473363498,11.98,2.35,1.87,0.4907816328593924
2014-09-02,-0.0544066160004907,12.25,2.42,1.89,0.4780862789305387
2014-09-03,-0.0779141064648047,12.36,2.41,1.89,0.4028100015738396
2014-09-04,-0.1534420775528899,12.64,2.45,1.91,0.4084097014291077
2014-09-05,0.5035885365550108,12.09,2.46,1.94,0.372558370150833
2014-09-08,-0.3073114142502442,12.66,2.48,1.94,0.3268689215983349
2014-09-09,-0.6545009043329442,13.5,2.5,1.94,0.3749519717404805
2014-09-10,0.3646074416948641,12.88,2.54,1.96,0.3716192176855178
2014-09-11,0.0881905414818584,12.8,2.54,1.96,0.3516455869355834
2014-09-12,-0.5962558462297207,13.31,2.62,2.04,0.3790246757741269
2014-09-15,-0.0710151471109754,14.12,2.6,2.02,0.3800566830455755
2014-09-16,0.7484376300642026,12.73,2.6,2.05,0.3693338057413037
2014-09-17,0.1295643701096471,12.65,2.62,2.03,0.3556263916919434
2014-09-18,0.4891180086237234,12.03,2.63,2.04,0.366589238566196
2014-09-19,-0.0477269581025452,12.11,2.59,2.0,0.3631592884407807
2014-09-22,-0.8013323296818919,13.69,2.57,1.99,0.4068569929877162
2014-09-23,-0.5776501564770165,14.93,2.54,1.97,0.4120986556473283
2014-09-24,0.783249148610099,13.27,2.57,1.98,0.4505337534904371
2014-09-25,-1.6168772358634451,15.64,2.52,1.96,0.577132181213509
2014-09-26,0.8575824615237426,14.85,2.54,1.95,0.6137073143004362
2014-09-29,-0.2546802239196233,15.98,2.5,1.92,0.6093417910146526
2014-09-30,-0.2785928622506484,16.31,2.52,1.94,0.6112453233672385
2014-10-01,-1.3248560995234304,16.71,2.42,1.89,0.6722529369402476
2014-10-02,0.0005143341477165,16.16,2.44,1.91,0.6729237670992029
2014-10-03,1.11655096821337,14.55,2.45,1.88,0.715809550043133
2014-10-06,-0.156515985913308,15.46,2.43,1.89,0.7142774421228629
2014-10-07,-1.5126053030587785,17.2,2.36,1.84,0.7732975397873376
2014-10-08,1.7461650296527242,15.11,2.35,1.89,0.8750953663302228
2014-10-09,-2.066141501469354,18.76,2.34,1.88,0.981504478592564
2014-10-10,-1.1451012338901223,21.24,2.31,1.86,1.0014705421731327
2014-10-14,0.1578864777472377,22.79,2.21,1.82,1.0043152555627066
2014-10-15,-0.8100314924121665,26.25,2.15,1.81,0.9881931705199536
2014-10-16,0.0144977708694149,25.2,2.17,1.82,0.9861043220528828
2014-10-17,1.2884107385910504,21.99,2.22,1.83,1.0335986006548468
2014-10-20,0.914265720638352,18.57,2.2,1.83,1.0645153633810185
2014-10-21,1.9574487182363989,16.08,2.23,1.85,1.1550976269729007
2014-10-22,-0.7299330200416732,17.87,2.25,1.84,1.1592855987018376
2014-10-23,1.2303377138681793,16.53,2.29,1.88,1.180377108549054
2014-10-24,0.7053449392805167,16.11,2.29,1.88,1.1292321675413932
2014-10-27,-0.1501568395210095,16.04,2.27,1.86,1.1153673340666608
2014-10-28,1.1939073060167391,14.39,2.3,1.88,1.1422661222516066
2014-10-29,-0.1385355498529361,15.15,2.34,1.86,1.1402015388448168
2014-10-30,0.6230124240393486,14.52,2.32,1.84,1.0929914957099285
2014-10-31,1.1731393541549506,14.03,2.35,1.85,1.1123320116708857
2014-11-03,-0.0118921844636243,14.73,2.36,1.84,1.0956579640306283
2014-11-04,-0.2829841680832889,14.89,2.35,1.83,1.0982717732163367
2014-11-05,0.5700497411807115,14.17,2.36,1.84,1.0226940480269664
2014-11-06,0.3775513004849795,13.67,2.39,1.85,0.9658900784861948
2014-11-07,0.0349586217805342,13.12,2.32,1.81,0.8017749277874184
2014-11-10,0.3120184693883088,12.67,2.38,1.83,0.7210382465900165
2014-11-12,-0.0701116681675495,13.02,2.37,1.82,0.7272008932304938
2014-11-13,0.0529844746565588,13.79,2.35,1.82,0.6747020023521219
2014-11-14,0.0240270208810677,13.31,2.32,1.78,0.6743791690110528
2014-11-17,0.0735359021627912,13.99,2.34,1.8,0.6494907166502367
2014-11-18,0.5133983312177293,13.86,2.32,1.79,0.6386510184636814
2014-11-19,-0.1501159007554986,13.96,2.36,1.82,0.5276715569247136
2014-11-20,0.196709621349167,13.58,2.34,1.81,0.473367765888156
2014-11-21,0.5236877359639402,12.9,2.31,1.78,0.4252919042569915
2014-11-24,0.2864023314453678,12.62,2.3,1.77,0.4133116086547814
2014-11-25,-0.1150029676853181,12.25,2.27,1.76,0.4115573904454747
2014-11-26,0.2805981889918651,12.07,2.24,1.71,0.3481933785879481
2014-11-28,-0.2542427180532325,13.33,2.18,1.71,0.355243316429601
2014-12-01,-0.6829362527492333,14.29,2.22,1.73,0.392945571088088
2014-12-02,0.6384461097458161,12.85,2.28,1.73,0.3327131969937346
2014-12-03,0.3764742741791727,12.47,2.29,1.72,0.3361802222432519
2014-12-04,-0.1161896207077406,12.38,2.25,1.7,0.3272074231330084
2014-12-05,0.1665216534709301,11.82,2.31,1.66,0.3115971874596898
2014-12-08,-0.7256565211683386,14.21,2.26,1.62,0.3583803422344085
2014-12-09,-0.0237823541331172,14.89,2.22,1.58,0.3589080674112205
2014-12-10,-1.635096881921505,18.53,2.18,1.59,0.5175118015440797
2014-12-11,0.4535689211905058,20.08,2.19,1.57,0.5286119723583165
2014-12-12,-1.6213587335965784,21.08,2.1,1.54,0.6397151060843973
2014-12-15,-0.6342586611898127,20.42,2.12,1.52,0.6504093013068452
2014-12-16,-0.8489022887163578,23.57,2.07,1.49,0.6682405539925416
2014-12-17,2.035241573284696,19.44,2.14,1.52,0.81950943986123
2014-12-18,2.401520473971619,16.81,2.22,1.55,0.9907882935257716
2014-12-19,0.4570048934014581,16.49,2.17,1.5,0.9947248353633508
2014-12-22,0.3810463907886641,15.25,2.17,1.46,0.991642053923401
2014-12-23,0.1746361746361779,14.8,2.26,1.53,0.9905004133435498
2014-12-24,-0.0139296538410715,14.37,2.27,1.54,0.9899504400715644
2014-12-26,0.3309574570383944,14.5,2.25,1.52,0.9906572436903316
2014-12-29,0.0861774542574522,15.06,2.22,1.5,0.9882036423091368
2014-12-30,-0.4888604719738176,15.92,2.2,1.51,0.9814544151891984
2014-12-31,-1.0310858415930158,19.2,2.17,1.5,1.0013312105121182
2015-01-02,-0.0339963672385534,17.79,2.12,1.46,0.9971087256774308
2015-01-05,-1.8278105145113743,19.92,2.04,1.36,1.0749224313335708
2015-01-06,-0.8893471722946522,21.12,1.97,1.32,1.0859865364433798
2015-01-07,1.162984267174294,19.31,1.96,1.34,1.1170425925037442
2015-01-08,1.7888280629516196,17.01,2.03,1.41,1.1926681204698988
2015-01-09,-0.8403811034715436,17.55,1.98,1.39,1.1472656911528547
2015-01-12,-0.8093685160912578,19.6,1.92,1.36,1.1587052056742675
2015-01-13,-0.2578555236295576,20.56,1.91,1.37,1.0974661182790195
2015-01-14,-0.5813067327385291,21.48,1.86,1.35,1.0957729479768108
2015-01-15,-0.9247875921837956,22.39,1.77,1.33,1.099210967482357
2015-01-16,1.3424199395820402,20.95,1.83,1.34,1.0430341918318475
2015-01-20,0.1549952369838569,19.89,1.82,1.29,0.8817075921353055
2015-01-21,0.4731623968765364,18.85,1.87,1.34,0.8822433593879188
2015-01-22,1.5269721916580492,16.4,1.9,1.37,0.9491318536140654
2015-01-23,-0.5491522439307173,16.66,1.81,1.29,0.9545860245186668
2015-01-26,0.2568460857030219,15.52,1.83,1.29,0.957325483187775
2015-01-27,-1.338786241041101,17.22,1.83,1.29,0.9939538234175732
2015-01-28,-1.3495609366348305,20.44,1.73,1.23,1.0280941714309426
2015-01-29,0.9534685287099888,18.76,1.77,1.26,1.0577228756314838
2015-01-30,-1.2991965252009852,20.97,1.68,1.21,1.0712409886090886
2015-02-02,1.296246371066978,19.43,1.68,1.19,1.1191832639337822
2015-02-03,1.4439495293299576,17.33,1.79,1.27,1.0898511471382335
2015-02-04,-0.4156046208831476,18.33,1.81,1.29,1.072733648834101
2015-02-05,1.0291406686777416,16.85,1.83,1.31,1.066161749175346
2015-02-06,-0.3418172314141876,17.29,1.95,1.3,0.9918641705789472
2015-02-09,-0.4247194360987749,18.55,1.96,1.31,0.9778383633053336
2015-02-10,1.0675561019232394,17.23,2.01,1.34,0.9851773590807096
2015-02-11,-0.0029033588675453,16.96,2.0,1.33,0.9819050416490418
2015-02-12,0.9644506431775834,15.34,1.99,1.38,0.9849726683468828
2015-02-13,0.4074738491730789,14.69,2.02,1.36,0.9498115855625024
2015-02-17,0.1597574462372852,15.8,2.14,1.44,0.9150375808680584
2015-02-18,-0.0314309217733899,15.45,2.07,1.45,0.9164751618470864
2015-02-19,-0.1062057333189647,15.29,2.11,1.44,0.91625321267424
2015-02-20,0.6126533626735764,14.3,2.13,1.46,0.8660136235639959
2015-02-23,-0.0303339195345975,14.56,2.06,1.42,0.852689511378464
2015-02-24,0.2758770892866691,13.69,1.99,1.39,0.852834379341549
2015-02-25,-0.0765723647508154,13.84,1.96,1.35,0.7810519692233159
2015-02-26,-0.1476028227480719,13.91,2.03,1.37,0.6966975307503032
2015-02-27,-0.2956304548757837,13.34,2.0,1.37,0.6878240659298299
2015-03-02,0.6124919257840311,13.04,2.08,1.42,0.5943817038140881
2015-03-03,-0.45385421527393,13.86,2.12,1.44,0.5682190607394574
2015-03-04,-0.438850348301556,14.23,2.12,1.46,0.5059905216943131
2015-03-05,0.1196079984838727,14.04,2.11,1.46,0.4901793651047009
2015-03-06,-1.4173946589881803,15.2,2.24,1.51,0.5584335670128736
2015-03-09,0.3944421191197644,15.06,2.2,1.5,0.5574110722790326
2015-03-10,-1.696133008584244,16.69,2.14,1.44,0.6755207790557036
2015-03-11,-0.1917679574870323,16.87,2.11,1.41,0.6273436069906392
2015-03-12,1.2601439566208406,15.42,2.1,1.43,0.6941606623489409
2015-03-13,-0.6074710968194674,16.0,2.13,1.45,0.6672106770468942
2015-03-16,1.3533671171787054,15.61,2.1,1.44,0.7339586828194486
2015-03-17,-0.3320173700583018,15.66,2.06,1.36,0.735318300455541
2015-03-18,1.2158421402569175,13.97,1.93,1.36,0.7888007417887057
2015-03-19,-0.4872579408787825,14.07,1.98,1.35,0.796133221089663
2015-03-20,0.9012754669798452,13.02,1.93,1.33,0.8106222436588054
2015-03-23,-0.174573104253517,13.41,1.92,1.32,0.8115278611307281
2015-03-24,-0.6139421956948832,13.62,1.88,1.3,0.8194234916372896
2015-03-25,-1.4558905652342855,15.44,1.93,1.34,0.8774325580470859
2015-03-26,-0.2377499996742527,15.8,2.01,1.4,0.8777983540670511
2015-03-27,0.2368561349514797,15.07,1.95,1.37,0.8804942554994721
2015-03-30,1.223664518739653,14.51,1.96,1.38,0.916419976229754
2015-03-31,-0.8795775050879251,15.29,1.94,1.38,0.9306371061905684
2015-04-01,-0.3965371271123064,15.11,1.87,1.32,0.9298533562600806
2015-04-02,0.35296669586522,14.67,1.92,1.37,0.9340667108506158
2015-04-06,0.660881512373579,14.74,1.92,1.41,0.8918173155836691
2015-04-07,-0.2061904057862884,14.78,1.89,1.37,0.888876905248917
2015-04-08,0.2682533127767339,13.98,1.92,1.38,0.7956675809525153
2015-04-09,0.4457481018385056,13.09,1.97,1.41,0.7963647031588552
2015-04-10,0.5202865037342352,12.58,1.96,1.39,0.7571457629001478
2015-04-13,-0.458128059365126,13.94,1.94,1.4,0.7506196697995119
2015-04-14,0.1629758874327702,13.67,1.9,1.37,0.6905332298777289
2015-04-15,0.5148195696902835,12.84,1.91,1.4,0.6926525915607524
2015-04-16,-0.0778443613424717,12.6,1.9,1.4,0.6393199026821791
2015-04-17,-1.1311245518606403,13.89,1.87,1.36,0.6808076243526558
2015-04-20,0.9235131672624686,13.3,1.9,1.35,0.6824028900393969
2015-04-21,-0.1480605325576256,13.25,1.92,1.37,0.6821044839489382
2015-04-22,0.5087480356207541,12.71,1.99,1.42,0.6763707416005642
2015-04-23,0.2357715893671175,12.48,1.96,1.41,0.577879580250376
2015-04-24,0.2252800575326619,12.29,1.93,1.39,0.571784265907504
2015-04-27,-0.4141314249916261,13.12,1.94,1.4,0.5849051493959248
2015-04-28,0.2769231695356478,12.41,2.0,1.44,0.525927626582217
2015-04-29,-0.3740335580798004,13.39,2.06,1.5,0.488761431343425
2015-04-30,-1.0128906614839228,14.55,2.05,1.47,0.5382758184965819
2015-05-01,1.0923001659165044,12.7,2.12,1.52,0.5827388195557952
2015-05-04,0.2940748690645867,12.85,2.16,1.56,0.5698077311171538
2015-05-05,-1.1837383677612334,14.31,2.19,1.57,0.6341513610724093
2015-05-06,-0.4455724813014705,15.15,2.25,1.6,0.6402978440725636
2015-05-07,0.3773813438832096,15.13,2.18,1.55,0.6379584479146554
2015-05-08,1.3457901176364917,12.86,2.16,1.57,0.6976869354002907
2015-05-11,-0.5089560528435566,13.85,2.28,1.66,0.6996698144168023
2015-05-12,-0.2949637684856787,13.86,2.28,1.67,0.7026811938319195
2015-05-13,-0.0304954782486488,13.76,2.27,1.68,0.6925758256839208
2015-05-14,1.0779286625573148,12.74,2.23,1.67,0.7342083048070316
2015-05-15,0.0768413906680365,12.38,2.14,1.59,0.6804557328717389
2015-05-18,0.3047948049283322,12.73,2.23,1.65,0.6546734698770506
2015-05-19,-0.0643374543626618,12.85,2.27,1.64,0.6534713105369283
2015-05-20,-0.09305162517933,12.88,2.26,1.66,0.6462306365063303
2015-05-21,0.2337874485413893,12.11,2.19,1.59,0.6461998382115197
2015-05-22,-0.2233886303356413,12.13,2.21,1.57,0.647367582064287
2015-05-26,-1.028198019783788,14.06,2.14,1.5,0.6827232616910048
2015-05-27,0.9162641262365544,13.27,2.14,1.5,0.71118956194685
2015-05-28,-0.1266760897673413,13.31,2.13,1.51,0.7060542965548621
2015-05-29,-0.6318469173072216,13.84,2.12,1.51,0.6809756266197174
2015-06-01,0.2059461282371222,13.97,2.19,1.55,0.6373163754546634
2015-06-02,-0.1008596189948085,14.24,2.27,1.63,0.6341644442763428
2015-06-03,0.2118871111207898,13.66,2.38,1.69,0.5719027287482901
2015-06-04,-0.8623167576889856,14.71,2.31,1.65,0.5982807640107622
2015-06-05,-0.1436182933524543,14.21,2.41,1.68,0.5941123943618548
2015-06-08,-0.6474509789282434,15.29,2.39,1.69,0.5215634317883888
2015-06-09,0.0418353004221883,14.47,2.42,1.7,0.5125427365923675
2015-06-10,1.2042424827124476,13.22,2.5,1.75,0.5812287684820855
2015-06-11,0.173862641786715,12.85,2.39,1.66,0.5821627148219592
2015-06-12,-0.6994299881765143,13.78,2.39,1.65,0.5478235942266689
2015-06-15,-0.4622572493653387,15.39,2.36,1.64,0.5538320684676075
2015-06-16,0.56898566086796,14.81,2.32,1.61,0.566732825493174
2015-06-17,0.1979641302692014,14.5,2.32,1.65,0.5700503071335574
2015-06-18,0.9902710578908236,13.19,2.35,1.69,0.6166315551838635
2015-06-19,-0.530350174982186,13.96,2.26,1.61,0.6244173631052461
2015-06-22,0.6094866554531064,12.74,2.37,1.69,0.6396400775005917
2015-06-23,0.0635868503911396,12.11,2.42,1.72,0.5926371838026363
2015-06-24,-0.735329696164333,13.26,2.38,1.7,0.5803681874893954
2015-06-25,-0.2973574300685566,14.01,2.4,1.72,0.5830574806496068
2015-06-26,-0.039007964406712,14.02,2.49,1.77,0.5663290902508847
2015-06-29,-2.086619391956246,18.85,2.33,1.69,0.7285647188445454
2015-06-30,0.2658489886146142,18.23,2.35,1.71,0.7338556603339714
2015-07-01,0.6936040108400654,16.09,2.43,1.74,0.7526002876648265
2015-07-02,-0.030802274079833,16.79,2.4,1.76,0.7300103518648785
2015-07-06,-0.3861756863082544,17.01,2.3,1.7,0.733772855456031
2015-07-07,0.608097510857486,16.09,2.27,1.69,0.7341500265582825
2015-07-08,-1.6652749054007043,19.66,2.22,1.67,0.8237242903794688
2015-07-09,0.2262202572609117,19.97,2.32,1.72,0.7709466976677914
2015-07-10,1.2338485100151564,16.83,2.42,1.77,0.827089539077209
2015-07-13,1.1066049239604414,13.9,2.44,1.75,0.8533550941587682
2015-07-14,0.4453159211633695,13.37,2.41,1.75,0.8506793445314145
2015-07-15,-0.0734986066058041,13.23,2.36,1.72,0.8426171048839364
2015-07-16,0.8014680412562258,12.11,2.36,1.69,0.859590586551183
2015-07-17,0.1106182994042637,11.95,2.34,1.66,0.8315327160184771
2015-07-20,0.077123387202227,12.25,2.38,1.67,0.8215599924985754
2015-07-21,-0.4261689361606979,12.22,2.35,1.64,0.8168249239717247
2015-07-22,-0.2387709895206202,12.12,2.33,1.58,0.8182777507591483
2015-07-23,-0.5676040278268291,12.64,2.28,1.57,0.8113967843818352
2015-07-24,-1.070332804283558,13.74,2.27,1.57,0.8434733770152253
2015-07-27,-0.5775015185050969,15.6,2.23,1.55,0.851633189658705
2015-07-28,1.2386154626733423,13.44,2.26,1.57,0.7582657637399483
2015-07-29,0.7318795346650031,12.5,2.29,1.59,0.7710532836400661
2015-07-30,0.0028367306366794,12.13,2.28,1.56,0.7590002680839713
2015-07-31,-0.2271519985995063,12.12,2.2,1.53,0.7617374110225205
2015-08-03,-0.2756886733696673,12.56,2.16,1.48,0.758668452807762
2015-08-04,-0.2249704779339723,13.0,2.23,1.49,0.7505713102398603
2015-08-05,0.3114678748749488,12.51,2.28,1.55,0.6369429699284664
2015-08-06,-0.775298528243118,13.77,2.23,1.52,0.6676280650299089
2015-08-07,-0.2874882444434012,13.39,2.18,1.45,0.6137546293971037
2015-08-10,1.280816646644478,12.23,2.24,1.51,0.6312135532929815
2015-08-11,-0.955710249815489,13.71,2.15,1.47,0.6578646545959277
2015-08-12,0.0950054654500487,13.61,2.14,1.47,0.6587242954379106
2015-08-13,-0.1275212093542199,13.49,2.19,1.47,0.6276290832594026
2015-08-14,0.3911964108786803,12.83,2.2,1.47,0.6355595501943865
2015-08-17,0.521142418513576,13.02,2.16,1.44,0.6489964545953275
2015-08-18,-0.2625530186397551,13.79,2.2,1.46,0.6451452004466252
2015-08-19,-0.8254876246131082,15.25,2.12,1.45,0.6671042907839649
2015-08-20,-2.1100170073477758,19.14,2.09,1.4,0.8019424909792506
2015-08-21,-3.1850965718637325,28.03,2.05,1.41,1.0343895838829824
2015-08-24,-3.941369286646568,40.74,2.01,1.42,1.3217705559983783
2015-08-25,-1.352199497897244,36.02,2.12,1.45,1.2756515406049156
2015-08-26,3.903385877450183,30.32,2.18,1.51,1.6005513606000272
2015-08-27,2.429774862112533,26.1,2.18,1.5,1.7203920001883397
2015-08-28,0.0608736361698447,26.05,2.19,1.47,1.7220701992739131
2015-08-31,-0.8391670369217175,28.43,2.21,1.47,1.726831478868121
2015-09-01,-2.95764466409868,31.4,2.17,1.47,1.8262737905169597
2015-09-02,1.8292975004431389,26.09,2.2,1.48,1.8892163938173772
2015-09-03,0.1164793545104458,25.61,2.18,1.47,1.8893082888196389
2015-09-04,-1.532959572393222,27.8,2.13,1.42,1.908923172377291
2015-09-08,2.508305358648033,24.9,2.2,1.46,1.983185313597567
2015-09-09,-1.389756050907287,26.23,2.21,1.46,1.992954433901332
2015-09-10,0.5277955033794246,24.37,2.23,1.48,2.000187552690256
2015-09-11,0.4487043210972707,23.2,2.2,1.49,2.0071193472270643
2015-09-14,-0.4089655710746709,24.25,2.18,1.45,2.000939297527476
2015-09-15,1.283131142251781,22.54,2.28,1.46,2.0249679852879208
2015-09-16,0.8705414349693852,21.35,2.3,1.48,2.0414094926381057
2015-09-17,-0.2561059320011938,21.14,2.21,1.51,2.036606302079449
2015-09-18,-1.6164165744279924,22.28,2.13,1.44,2.015116309208108
2015-09-21,0.4565783605198437,20.14,2.2,1.48,1.8894277597552305
2015-09-22,-1.2318429274285614,22.44,2.14,1.45,1.6765686499754235
2015-09-23,-0.2048642890328245,22.13,2.16,1.46,1.6420062284911352
2015-09-24,-0.3362984329369434,23.47,2.13,1.46,1.3935961997274016
2015-09-25,-0.0465793285829518,23.62,2.17,1.47,1.269724024088151
2015-09-28,-2.566609046896018,27.63,2.1,1.43,1.3794734189446023
2015-09-29,0.1232853252514099,26.83,2.05,1.41,1.3752557054184722
2015-09-30,1.9075555906861608,24.5,2.06,1.42,1.293215116356753
2015-10-01,0.1973884228037459,22.55,2.05,1.41,1.2228895414931
2015-10-02,1.4315289284541954,20.94,1.99,1.41,1.267286192473804
2015-10-05,1.8289840800508328,19.54,2.07,1.46,1.2750455117159525
2015-10-06,-0.3588236183088344,19.4,2.05,1.44,1.1545395585865563
2015-10-07,0.8035633639867479,18.4,2.08,1.43,1.1158060447704523
2015-10-08,0.8818435459823082,17.42,2.12,1.47,1.1250089568231718
2015-10-09,0.0725111326717931,17.08,2.12,1.47,1.1230769341186333
2015-10-13,-0.6825423947869114,17.67,2.06,1.42,1.1317670535156543
2015-10-14,-0.4716274198213854,18.03,1.99,1.42,1.105196965996542
2015-10-15,1.485277361914017,16.05,2.04,1.43,1.1375817296270847
2015-10-16,0.4570474275370051,15.05,2.04,1.43,1.137971055744056
2015-10-19,0.0270545534716726,14.98,2.04,1.43,1.063940322684357
2015-10-20,-0.1421090349352893,15.75,2.08,1.42,1.0644279802833938
2015-10-21,-0.5825414995899281,16.7,2.04,1.4,1.0290985588008068
2015-10-22,1.662757156411132,14.45,2.04,1.43,1.0749795038163428
2015-10-23,1.103034453932339,14.46,2.09,1.43,1.0793960769966628
2015-10-26,-0.1913100686673829,15.29,2.07,1.41,1.0827210352948826
2015-10-27,-0.2554118539720318,15.43,2.05,1.4,0.8543824854754112
2015-10-28,1.184003327863703,14.33,2.1,1.37,0.8649194904637832
2015-10-29,-0.044977420190484,14.61,2.19,1.44,0.8081406100469215
2015-10-30,-0.4809877003672413,15.07,2.16,1.41,0.8318758192025473
2015-11-02,1.1873817006551102,14.15,2.2,1.43,0.8173966791273067
2015-11-03,0.2728067346863705,14.54,2.23,1.43,0.7422325117476558
2015-11-04,-0.3545367230984642,15.51,2.25,1.41,0.7420339433027869
2015-11-05,-0.1132148392381848,15.05,2.26,1.41,0.7373678415308191
2015-11-06,-0.0347621345717752,14.33,2.34,1.44,0.7244488110797836
2015-11-09,-0.9822729385718598,16.52,2.36,1.47,0.7714615073458393
2015-11-10,0.1510594954300392,15.29,2.32,1.45,0.7460931137326628
2015-11-12,-1.3990375564759017,18.37,2.32,1.43,0.8152442093011805
2015-11-13,-1.1207364706699363,20.08,2.28,1.42,0.7982499488555563
2015-11-16,1.4903265264943455,18.16,2.27,1.39,0.8593200249736841
2015-11-17,-0.133937924813543,18.84,2.25,1.39,0.8604851666832557
2015-11-18,1.616245179852549,16.85,2.27,1.37,0.9259984354890826
2015-11-19,-0.112310916925773,16.99,2.24,1.33,0.9123235508910978
2015-11-20,0.3810195689989637,15.47,2.26,1.33,0.8446135369904089
2015-11-23,-0.1234860772866053,15.62,2.25,1.31,0.8124891929700041
2015-11-24,0.1221995974340028,15.93,2.24,1.31,0.8106759283756761
2015-11-25,-0.0129132276676879,15.19,2.23,1.3,0.8074784654989052
2015-11-27,0.0593617680760605,15.12,2.22,1.3,0.7641510142146078
2015-11-30,-0.4640997274763192,16.13,2.21,1.27,0.7716892740847372
2015-12-01,1.068057336863748,14.67,2.15,1.24,0.7984208602604523
2015-12-02,-1.0995693172566212,15.91,2.18,1.24,0.7944578552739556
2015-12-03,-1.4373526666262015,18.11,2.33,1.37,0.8492213348632274
2015-12-04,2.05256690573854,14.81,2.28,1.32,0.976075773255936
2015-12-07,-0.6989502964787397,15.84,2.23,1.29,0.988216762264158
2015-12-08,-0.6489901652377839,17.6,2.24,1.3,0.9977424507749332
2015-12-09,-0.7738985017979982,19.61,2.22,1.29,0.9887029466149012
2015-12-10,0.2251387153161088,19.34,2.24,1.29,0.9896507729214838
2015-12-11,-1.9422767297482932,24.39,2.13,1.25,1.0350249083731644
2015-12-14,0.4755560017433602,22.73,2.23,1.26,1.0116414871823398
2015-12-15,1.0618561082731848,20.95,2.28,1.3,0.9825869812376504
2015-12-16,1.4514969430300615,17.86,2.3,1.28,1.0353858614362947
2015-12-17,-1.5040520909943678,18.94,2.24,1.24,1.023561682378377
2015-12-18,-1.779722000676387,20.7,2.19,1.22,1.0906643251993366
2015-12-21,0.7778402536028795,18.7,2.2,1.24,1.1049122972539958
2015-12-22,0.8816736053143037,16.6,2.24,1.25,1.1292322738479068
2015-12-23,1.241806830075265,15.57,2.27,1.26,1.1683856451096033
2015-12-24,-0.1598636221499028,15.74,2.25,1.22,1.1685801862246623
2015-12-28,-0.217855994238203,16.91,2.24,1.19,1.1687255797771776
2015-12-29,1.0629762908764828,16.08,2.32,1.23,1.1915941099067682
2015-12-30,-0.7217228595965963,17.29,2.31,1.23,1.1743873479320697
2015-12-31,-0.941191309542666,18.21,2.27,1.21,1.167720012524477
2016-01-04,-1.5303731089594377,20.7,2.24,1.22,1.173582473465543
2016-01-05,0.2012225954227453,19.34,2.25,1.21,1.0640588209358548
2016-01-06,-1.3115396702646942,20.59,2.18,1.19,1.0884133372739673
2016-01-07,-2.3700443014411654,24.99,2.16,1.2,1.1885745767352682
2016-01-08,-1.0838374390218508,27.01,2.13,1.19,1.197155318253961
2016-01-11,0.0853272125533655,24.3,2.17,1.23,1.19427599681765
2016-01-12,0.780279851675636,22.47,2.12,1.19,1.1536392576581165
2016-01-13,-2.496545230421965,25.22,2.08,1.17,1.251981513644326
2016-01-14,1.669590538666221,23.95,2.1,1.2,1.2941699832618785
2016-01-15,-2.1599098001850003,27.02,2.03,1.18,1.2891217195726492
2016-01-19,0.0531821554392575,26.05,2.06,1.18,1.2708361583023808
2016-01-20,-1.16938551524135,27.59,2.01,1.16,1.2430078909003743
2016-01-21,0.5195438361131455,26.69,2.02,1.18,1.2317403749625695
2016-01-22,2.0283701024494727,22.34,2.07,1.19,1.317430270911203
2016-01-25,-1.5637982053378965,24.15,2.03,1.15,1.2908053705886409
2016-01-26,1.4144335590226431,22.5,2.01,1.16,1.3567891564304406
2016-01-27,-1.0863483795639506,23.11,2.02,1.18,1.3649454311640516
2016-01-28,0.5528577205787588,22.42,2.0,1.17,1.340099291865222
2016-01-29,2.47602174153414,20.2,1.94,1.18,1.4892506498971894
2016-02-01,-0.0443236587170159,19.98,1.97,1.16,1.4823065626216896
2016-02-02,-1.874309083027492,21.98,1.87,1.12,1.499812602314866
2016-02-03,0.4992038934619414,21.65,1.88,1.16,1.5061956923137436
2016-02-04,0.1526732563814192,21.84,1.87,1.17,1.4875600122778725
2016-02-05,-1.8481246310869337,23.38,1.86,1.12,1.451269406914511
2016-02-08,-1.4153935656373462,26.0,1.75,1.09,1.464276252745364
2016-02-09,-0.0663620353307359,26.54,1.74,1.05,1.4632693745604657
2016-02-10,-0.0188950277408284,26.29,1.71,1.0,1.4465130872349574
2016-02-11,-1.2301161792504731,28.14,1.63,0.99,1.3670991062035756
2016-02-12,1.951804956585512,25.4,1.74,1.03,1.3882223876766646
2016-02-16,1.651665412216241,24.11,1.78,1.04,1.3578368341175215
2016-02-17,1.648043921048603,22.31,1.81,1.07,1.4041294473451973
2016-02-18,-0.4665713707027619,21.64,1.75,1.04,1.3784885860631977
2016-02-19,-0.0026032942938902,20.53,1.76,1.0,1.376343704390082
2016-02-22,1.4454197186153817,19.38,1.77,0.99,1.3398913990904608
2016-02-23,-1.2454371867771763,20.98,1.74,0.98,1.3207294464214008
2016-02-24,0.4439786812972857,20.72,1.75,1.0,1.288279171952937
2016-02-25,1.1348275359951865,19.11,1.71,0.99,1.2784916014786123
2016-02-26,-0.1870114482279139,19.81,1.76,0.96,1.2780589670288605
2016-02-29,-0.8120976341902342,20.55,1.74,0.96,1.170051841151938
2016-03-01,2.386879180189472,17.7,1.83,0.98,1.2871848277928066
2016-03-02,0.4094308735004492,17.09,1.84,0.99,1.200513623032829
2016-03-03,0.3498740674582556,16.7,1.83,0.98,1.1991596035135144
2016-03-04,0.3305892314438674,16.86,1.88,1.0,1.199339848977406
2016-03-07,0.0885014195017408,17.35,1.91,1.0,1.0971477646991694
2016-03-08,-1.1240108649505087,18.67,1.83,0.95,1.0745957301136482
2016-03-09,0.5052393293786706,18.34,1.9,1.0,1.0709712337969244
2016-03-10,0.0155804933450687,18.05,1.93,1.0,1.0703518124737033
2016-03-11,1.639550053418848,16.5,1.98,1.01,1.0371384118525433
2016-03-14,-0.1260972921287129,16.92,1.97,1.0,0.9878165030475518
2016-03-15,-0.1836941687920479,16.84,1.97,0.99,0.9503791799832032
2016-03-16,0.5600351545632654,14.99,1.94,1.07,0.899697072729301
2016-03-17,0.6595236486620859,14.44,1.91,1.04,0.887106070045006
2016-03-18,0.4405643688967897,14.02,1.88,1.04,0.8843008457484357
2016-03-21,0.0985577266684689,13.79,1.92,1.05,0.8458631540553936
2016-03-22,-0.0877387766836879,14.17,1.94,1.03,0.7732494854184435
2016-03-23,-0.6386031602501285,14.94,1.88,1.01,0.8019960459804193
2016-03-24,-0.0378070292785137,14.74,1.91,1.02,0.778184271810439
2016-03-28,0.0545255485831397,15.24,1.89,1.0,0.7734874506238084
2016-03-29,0.8816651779288476,13.82,1.81,1.03,0.7460313071856091
2016-03-30,0.4350315260639448,13.56,1.83,1.07,0.5661883704345748
2016-03-31,-0.2039759217567049,13.95,1.78,1.05,0.5716064154767896
2016-04-01,0.6330915127309877,13.1,1.79,1.03,0.5794164473562071
2016-04-04,-0.3208322345054082,14.12,1.78,1.03,0.5897308042197879
2016-04-05,-1.0144492387214377,15.42,1.73,1.01,0.6460848883285841
2016-04-06,1.0507619269939372,14.09,1.76,1.03,0.6095670213410623
2016-04-07,-1.1975786526205012,16.16,1.7,1.0,0.6819631987064276
2016-04-08,0.2786577915288024,15.36,1.72,1.02,0.6821182316108112
2016-04-11,-0.2739785807018835,16.26,1.73,1.03,0.5895251581756745
2016-04-12,0.96621337827838,14.85,1.79,1.05,0.6220171457293797
2016-04-13,1.004013710204088,13.84,1.77,1.02,0.6491108758263168
2016-04-14,0.0172927380348353,13.72,1.8,1.03,0.6430159642227804
2016-04-15,-0.0984284849714578,13.62,1.76,1.02,0.6328700787594358
2016-04-18,0.6541025289023228,13.35,1.78,1.03,0.6406826025390494
2016-04-19,0.3084485167834661,13.24,1.79,1.02,0.6422020907624651
2016-04-20,0.0761544877399211,13.28,1.85,1.05,0.6404480467657746
2016-04-21,-0.5194027008290192,13.95,1.88,1.06,0.633447925125457
2016-04-22,0.0047859724780829,13.22,1.89,1.05,0.6329088891928973
2016-04-25,-0.1812045879638346,14.08,1.91,1.06,0.6367053896051857
2016-04-26,0.1872751587190579,13.96,1.94,1.08,0.6117160526582893
2016-04-27,0.1649352800310755,13.77,1.87,1.04,0.6066654537206126
2016-04-28,-0.9230768513682652,15.22,1.84,1.06,0.6443222196565069
2016-04-29,-0.5063088369821722,15.7,1.83,1.06,0.6395544329459287
2016-05-02,0.7809946463542827,14.68,1.88,1.08,0.659083604861913
2016-05-03,-0.8676638198860664,15.6,1.81,1.06,0.6474505091416527
2016-05-04,-0.5936889314214544,16.05,1.79,1.04,0.6168716134958266
2016-05-05,-0.0239008125800133,15.91,1.76,1.04,0.5530730195015596
2016-05-06,0.3174639080503638,14.72,1.79,1.05,0.5540851573890455
2016-05-09,0.0753497043986861,14.57,1.77,1.05,0.54966262012157
2016-05-10,1.2483643435067249,13.63,1.77,1.05,0.5775410836967666
2016-05-11,-0.9561518078546328,14.69,1.73,0.99,0.5745574255295293
2016-05-12,-0.0169464907164407,14.41,1.75,0.99,0.5744232891842868
2016-05-13,-0.847828902508041,15.04,1.71,0.95,0.6019796512253663
2016-05-16,0.9796652464963084,14.68,1.75,0.96,0.6267917735498663
2016-05-17,-0.9411297455333644,15.57,1.76,0.94,0.6495125904950285
2016-05-18,0.0205178732678668,15.95,1.87,0.97,0.6487148277045781
2016-05-19,-0.3706707658226005,16.33,1.85,0.96,0.6448557182882765
2016-05-20,0.6019504059596059,15.2,1.85,0.96,0.6645809459686124
2016-05-23,-0.2085458970489173,15.82,1.84,0.93,0.6648008800220113
2016-05-24,1.3681382686285826,14.42,1.86,0.94,0.7393519003914873
2016-05-25,0.6974740643369559,13.9,1.87,0.95,0.7563231545109014
2016-05-26,-0.0210443903503221,13.43,1.83,0.96,0.7251544904549925
2016-05-27,0.4286857336424754,13.12,1.85,0.95,0.718405565854593
2016-05-31,-0.1005263004855927,14.19,1.84,0.97,0.7001739840600744
2016-06-01,0.1135042327450319,14.2,1.85,0.94,0.6668493223681088
2016-06-02,0.2824678073455322,13.63,1.81,0.92,0.648190681866453
2016-06-03,-0.2911814656949452,13.47,1.71,0.93,0.6543080036449382
2016-06-06,0.4897281193053882,13.65,1.73,0.93,0.6581807313926541
2016-06-07,0.1289446251063308,14.05,1.72,0.94,0.6580659336160448
2016-06-08,0.3309566533707508,14.08,1.71,0.93,0.6059366124142865
2016-06-09,-0.1717758558953841,14.64,1.68,0.91,0.5585761758278068
2016-06-10,-0.9175181182794367,17.03,1.64,0.91,0.6048834689227113
2016-06-13,-0.8115191387155773,20.97,1.62,0.89,0.6020042202343351
2016-06-14,-0.1798885135095518,20.5,1.62,0.88,0.5655751843766756
2016-06-15,-0.1840712870085137,20.14,1.6,0.91,0.5212924964759773
2016-06-16,0.3132990699674209,19.37,1.57,0.87,0.5242198358476977
2016-06-17,-0.3257965419980912,19.41,1.62,0.92,0.5223048206973875
2016-06-20,0.580818525653326,18.37,1.67,0.93,0.5212075540397093
2016-06-21,0.2712061607464289,18.48,1.71,0.95,0.5184499581046225
2016-06-22,-0.1651563661812738,21.17,1.69,0.94,0.4262376412304068
2016-06-23,1.336407865930278,17.25,1.74,0.96,0.4974172883738647
2016-06-24,-3.5919799994431734,25.76,1.57,0.93,0.9558916835863064
2016-06-27,-1.809650217612302,23.85,1.46,0.85,1.016961776742803
2016-06-28,1.777016508725926,18.75,1.46,0.85,1.1122335922766315
2016-06-29,1.703267257002827,16.64,1.5,0.88,1.1857721331107225
2016-06-30,1.356504470592235,15.63,1.49,0.91,1.2258246595163895
2016-07-01,0.194860235588723,14.77,1.46,0.87,1.2247329117652856
2016-07-05,-0.6847477437932237,15.58,1.37,0.81,1.2289868907328525
2016-07-06,0.5352963242081676,14.96,1.38,0.8,1.2353119821220864
2016-07-07,-0.0871577841923931,14.76,1.4,0.82,1.2325570557920251
2016-07-08,1.5253349296718175,13.2,1.37,0.76,1.2807054451119495
2016-07-11,0.3408615474199461,13.54,1.43,0.77,1.2618663443371767
2016-07-12,0.7009293213798395,13.55,1.53,0.84,1.2493229050870502
2016-07-13,0.0134767755339826,13.04,1.48,0.8,1.2471345101440852
2016-07-14,0.525920411762093,12.82,1.53,0.85,1.2460295462831985
2016-07-15,-0.0928947320912754,12.67,1.6,0.89,1.247832830883037
2016-07-18,0.2382294987840705,12.44,1.59,0.91,1.2415577417722916
2016-07-19,-0.1435173652293842,11.97,1.56,0.86,1.2414554313329305
2016-07-20,0.4270300173431884,11.77,1.59,0.86,1.242432838722194
2016-07-21,-0.3612528916297486,12.74,1.57,0.87,1.246275553134746
2016-07-22,0.4553964713003289,12.02,1.57,0.86,1.2190890540466692
2016-07-25,-0.3011475124434226,12.87,1.58,0.86,0.85500020203674
2016-07-26,0.0322784244346063,13.05,1.57,0.82,0.6989882079078372
2016-07-27,-0.1198542120781409,12.83,1.52,0.79,0.6285658305907168
2016-07-28,0.1606209022175564,12.72,1.52,0.8,0.5369509668583357
2016-07-29,0.163130925730881,11.87,1.46,0.79,0.4677001782741485
2016-08-01,-0.1269787284515211,12.44,1.51,0.84,0.4725338735278079
2016-08-02,-0.6361619481225378,13.37,1.55,0.88,0.4680659760685953
2016-08-03,0.3133943280255735,12.86,1.55,0.88,0.4613452398345077
2016-08-04,0.0212571889691925,12.42,1.51,0.87,0.4590260135441416
2016-08-05,0.8603496447961101,11.39,1.59,0.87,0.3701621455854935
2016-08-08,-0.0907165567837986,11.5,1.59,0.85,0.3694060716615528
2016-08-09,0.0389793936476534,11.66,1.55,0.84,0.3415189512686671
2016-08-10,-0.2864685997403637,12.05,1.5,0.81,0.3505463132916624
2016-08-11,0.4734588012062168,11.68,1.57,0.81,0.3470066144166327
2016-08-12,-0.0796046373750192,11.55,1.51,0.8,0.3467286549197274
2016-08-15,0.2792909218769068,11.81,1.55,0.83,0.3480091009416473
2016-08-16,-0.547907701986905,12.64,1.57,0.81,0.3710709042588794
2016-08-17,0.1868589648029051,12.19,1.56,0.82,0.3614350085899929
2016-08-18,0.2199617312904633,11.43,1.53,0.82,0.3522693841940051
2016-08-19,-0.1440271380974911,11.34,1.58,0.82,0.3413658939797833
2016-08-22,-0.0563323157221185,12.27,1.55,0.79,0.3335114440322511
2016-08-23,0.1951769405530878,12.38,1.55,0.81,0.3354742842323738
2016-08-24,-0.5240276852734871,13.45,1.56,0.8,0.357160606226996
2016-08-25,-0.1365227624351317,13.63,1.58,0.8,0.3572278162180169
2016-08-26,-0.157881659441994,13.65,1.62,0.78,0.357015185947041
2016-08-29,0.5228047221710774,12.94,1.57,0.76,0.3749165944429129
2016-08-30,-0.1953680484111486,13.12,1.57,0.77,0.3459935824846691
2016-08-31,-0.2375864261715099,13.42,1.58,0.78,0.3454026363360456
2016-09-01,-0.0041384533048027,13.48,1.57,0.79,0.3454331689636453
2016-09-02,0.4201041336424849,11.98,1.6,0.8,0.2997962030539921
2016-09-06,0.2981678757711492,12.02,1.55,0.81,0.3065607709060419
2016-09-07,-0.0146385222930978,11.94,1.54,0.8,0.3065583408645517
2016-09-08,-0.2223013629666703,12.51,1.61,0.83,0.3036076149617194
2016-09-09,-2.452206896667508,17.5,1.67,0.88,0.6152941927661546
2016-09-12,1.467705274849096,15.16,1.68,0.89,0.7119776062808945
2016-09-13,-1.4830674258895948,17.85,1.73,0.93,0.7747038624009068
2016-09-14,-0.0587676650206314,18.14,1.7,0.93,0.7689566757982838
2016-09-15,1.0109273363029914,16.3,1.71,0.97,0.807318569470549
2016-09-16,-0.3772294747450777,15.37,1.7,0.93,0.8067773466841968
2016-09-19,-0.0018603060785604,15.53,1.7,0.91,0.8070644584088461
2016-09-20,0.0299138217149996,15.92,1.69,0.9,0.8075423181307996
2016-09-21,1.0917162352442444,13.3,1.66,0.87,0.8484082756654316
2016-09-22,0.6499784427785649,12.02,1.63,0.84,0.8545647189079415
2016-09-23,-0.573677446354337,12.29,1.62,0.85,0.8639808353987838
2016-09-26,-0.8587762798917709,14.5,1.59,0.83,0.884089126574069
2016-09-27,0.6444170055012188,13.1,1.56,0.81,0.8886384043641334
2016-09-28,0.5296554012835575,12.39,1.57,0.82,0.896860201677172
2016-09-29,-0.9321411497187015,14.02,1.56,0.83,0.9194187613205544
2016-09-30,0.7967969231286176,13.29,1.6,0.83,0.9383932355280484
2016-10-03,-0.3260695529472612,13.57,1.63,0.83,0.9355667500385982
2016-10-04,-0.4955562270715696,13.63,1.69,0.87,0.937341243816536
2016-10-05,0.4296690650193557,12.99,1.72,0.87,0.944181093883559
2016-10-06,0.0481559765297179,12.84,1.75,0.89,0.9436187313048736
2016-10-07,-0.325348335701181,13.48,1.73,0.9,0.7597529000584502
2016-10-11,-1.2446471596532338,15.36,1.77,0.9,0.7376318260911858
2016-10-12,0.1146589037580358,15.91,1.79,0.92,0.6591442493542631
2016-10-13,-0.3099263747961212,16.69,1.75,0.9,0.6628571073693265
2016-10-14,0.0201604478573091,16.12,1.8,0.96,0.6184752119924437
2016-10-17,-0.3037994040303138,16.21,1.77,0.96,0.616673899053278
2016-10-18,0.6160403318245855,15.28,1.75,0.93,0.6344778271751744
2016-10-19,0.2191971018971061,14.41,1.76,0.95,0.6366685290566153
2016-10-20,-0.1375723954379237,13.75,1.76,0.92,0.5816202723937385
2016-10-21,-0.0084141600051768,13.34,1.74,0.9,0.5567082266562613
2016-10-24,0.4749839541692946,13.02,1.77,0.93,0.5596050882918809
2016-10-25,-0.3797727786498339,13.46,1.77,0.91,0.5328909224254403
2016-10-26,-0.1740411645288153,14.24,1.79,0.93,0.509405903719823
2016-10-27,-0.2986726736698974,15.36,1.85,0.98,0.4914954500389892
2016-10-28,-0.3108299343522414,16.19,1.86,1.0,0.4551411369707901
2016-10-31,-0.0122276407829136,17.06,1.84,0.98,0.4064878696178459
2016-11-01,-0.6786883476427641,18.56,1.83,1.0,0.4231911918182289
2016-11-02,-0.652550029741239,19.32,1.81,1.0,0.4315492733235543
2016-11-03,-0.4423400838946101,22.08,1.82,1.01,0.4140569020822678
2016-11-04,-0.1666130732233761,22.51,1.79,0.99,0.4103432567761943
2016-11-07,2.222354396733728,18.71,1.83,1.01,0.6777245971638685
2016-11-08,0.3771974454299664,18.74,1.88,1.01,0.625094506812792
2016-11-09,1.1077020753253342,14.38,2.07,1.17,0.6716779229657469
2016-11-10,0.1950745950128452,14.74,2.15,1.23,0.66658719418043
2016-11-14,-0.0115502786222743,14.48,2.23,1.23,0.6667831149236
2016-11-15,0.7480797417763307,13.37,2.23,1.21,0.6761878027233293
2016-11-16,-0.1582263421610164,13.72,2.22,1.22,0.6692886046597601
2016-11-17,0.4676369608375141,13.35,2.29,1.25,0.6739912360278745
2016-11-18,-0.2386798421690206,12.85,2.34,1.27,0.6763059486152797
2016-11-21,0.7461400625843329,12.42,2.33,1.25,0.6906564956152831
2016-11-22,0.2165432272904111,12.41,2.31,1.24,0.6864789492374526
2016-11-23,0.0808024432903398,12.43,2.36,1.24,0.6762030633100737
2016-11-25,0.3914386891670673,12.34,2.36,1.24,0.6737208168415619
2016-11-28,-0.5254535631502799,13.15,2.32,1.21,0.6840154649890654
2016-11-29,0.1335293064226972,12.9,2.3,1.21,0.6748056055639003
2016-11-30,-0.2653404039096418,13.33,2.37,1.26,0.6811418183848881
2016-12-01,-0.351552897374574,14.07,2.45,1.31,0.6631945509735507
2016-12-02,0.0397006506315911,14.12,2.4,1.29,0.6341308204717094
2016-12-05,0.5821305253253195,12.14,2.39,1.26,0.6182841951605605
2016-12-06,0.3410888354698826,11.79,2.39,1.27,0.6093600367413785
2016-12-07,1.3163241364864575,12.22,2.34,1.24,0.479057852215263
2016-12-08,0.2159343047327233,12.64,2.4,1.28,0.4783314625467333
2016-12-09,0.5938984786955759,11.75,2.47,1.32,0.442376460738985
2016-12-12,-0.113743492055951,12.64,2.49,1.34,0.4488503400381849
2016-12-13,0.6539774750587091,12.72,2.48,1.31,0.456137790518896
2016-12-14,-0.8117171853951111,13.19,2.54,1.27,0.4968885183212322
2016-12-15,0.3883227954907253,12.79,2.6,1.31,0.4931498679330257
2016-12-16,-0.1750622620483422,12.2,2.6,1.32,0.4952507777125207
2016-12-19,0.1975120701520394,11.71,2.54,1.3,0.4862501131626057
2016-12-20,0.3637512148869648,11.45,2.57,1.32,0.4701828395605652
2016-12-21,-0.2457361456517759,11.27,2.55,1.34,0.4787284711610763
2016-12-22,-0.1862973728567585,11.43,2.55,1.33,0.4841758289181205
2016-12-23,0.125171527753487,11.44,2.55,1.33,0.4801699849950029
2016-12-27,0.2248372712209567,11.99,2.57,1.29,0.4563127709359951
2016-12-28,-0.8356529175972627,12.95,2.51,1.25,0.5069553466012526
2016-12-29,-0.0293304709629405,13.37,2.49,1.27,0.5006406587110998
2016-12-30,-0.4637050227782158,14.04,2.45,1.25,0.5067287783610362
2017-01-03,0.8486575281279274,12.85,2.45,1.23,0.5325294025949101
2017-01-04,0.5722273788525856,11.85,2.46,1.22,0.5321104182751106
2017-01-05,-0.0770670483320468,11.67,2.37,1.2,0.5323815943318695
2017-01-06,0.3516959219369786,11.32,2.42,1.2,0.4574986564871359
2017-01-09,-0.3548594275886718,11.56,2.38,1.17,0.4662841318997044
2017-01-10,0.0,11.49,2.38,1.19,0.4484847022106453
2017-01-11,0.2829638279323365,11.26,2.38,1.18,0.4509473909568351
2017-01-12,-0.2144808996759617,11.54,2.36,1.18,0.4302005046365152
2017-01-13,0.1849840242536204,11.23,2.4,1.19,0.3870199761742105
2017-01-17,-0.2967502689997014,11.87,2.33,1.16,0.3856184363958146
2017-01-18,0.1763754057500843,12.48,2.42,1.19,0.3845726792695024
2017-01-19,-0.3609308355419394,12.78,2.47,1.22,0.3920631859619043
2017-01-20,0.3366237154707852,11.54,2.48,1.28,0.3907953915424449
2017-01-23,-0.2690124758069401,11.77,2.41,1.25,0.3916056174540391
2017-01-24,0.6564593637664151,11.07,2.47,1.26,0.4150562691491111
2017-01-25,0.8026090549617448,10.81,2.53,1.3,0.4484236479443741
2017-01-26,-0.0735384407513639,10.63,2.51,1.3,0.4482020329256697
2017-01-27,-0.0866463892926328,10.58,2.49,1.27,0.3977095760867091
2017-01-30,-0.6009543517695892,11.88,2.49,1.27,0.4269089397338892
2017-01-31,-0.0889905407144064,11.99,2.45,1.26,0.410111731294292
2017-02-01,0.0298363489650732,11.81,2.48,1.26,0.3691601601224281
2017-02-02,0.0570309403293611,11.93,2.48,1.27,0.3480656576816483
2017-02-03,0.7264758098647794,10.97,2.49,1.28,0.38077475714637
2017-02-06,-0.2115356985885164,11.37,2.42,1.26,0.3791194399250329
2017-02-07,0.0226829185695942,11.29,2.4,1.24,0.3679314692986764
2017-02-08,0.0693322385540096,11.45,2.34,1.19,0.3677258433113058
2017-02-09,0.5752546449780516,10.88,2.4,1.2,0.3826779662530657
2017-02-10,0.3566050102845164,10.85,2.41,1.21,0.3815014246553751
2017-02-13,0.5245845097992419,11.07,2.43,1.23,0.3928576801609812
2017-02-14,0.4007335176634763,10.74,2.47,1.22,0.3850504302016074
2017-02-15,0.4992308919898214,11.97,2.51,1.24,0.3928090137132904
2017-02-16,-0.0864118036341343,11.76,2.45,1.23,0.3778546368999078
2017-02-17,0.1678556528755814,11.49,2.42,1.21,0.3761006356183644
2017-02-21,0.6048066160828425,11.57,2.43,1.21,0.3727191883280932
2017-02-22,-0.1082200145408052,11.74,2.42,1.2,0.3644240986735228
2017-02-23,0.0418986721685721,11.71,2.38,1.2,0.3343748620261846
2017-02-24,0.1493364191442303,11.47,2.31,1.19,0.330540453086896
2017-02-27,0.1017983061116556,12.09,2.36,1.16,0.3260304007145476
2017-02-28,-0.2578376378046254,12.92,2.36,1.14,0.2909327341145848
2017-03-01,1.3673854659866258,12.54,2.46,1.17,0.3868489868347194
2017-03-02,-0.5859880503598425,11.81,2.49,1.17,0.4277685067314225
2017-03-03,0.0503877272060027,10.96,2.49,1.17,0.427904883108954
2017-03-06,-0.3277240848005291,11.24,2.49,1.18,0.4272155354020996
2017-03-07,-0.2913373768021698,11.45,2.52,1.2,0.4312971708359766
2017-03-08,-0.228421516504873,11.86,2.57,1.21,0.4392013037014223
2017-03-09,0.0799895358561286,12.3,2.6,1.23,0.4391032499415456
2017-03-10,0.3268670195698986,11.66,2.58,1.22,0.4299094102195311
2017-03-13,0.0366632812556222,11.35,2.62,1.22,0.4273418364339695
2017-03-14,-0.3379027175504645,12.3,2.6,1.2,0.4282307290811701
2017-03-15,0.8374752796581397,11.63,2.51,1.18,0.45569353785272
2017-03-16,-0.1626710269420961,11.21,2.53,1.18,0.4493163376057282
2017-03-17,-0.1314314795001769,11.28,2.5,1.17,0.4502471621864146
2017-03-20,-0.2009893533848394,11.34,2.47,1.17,0.4534261944330888
2017-03-21,-1.24079729406269,12.47,2.43,1.16,0.5174694026622941
2017-03-22,0.1889886436000187,12.81,2.4,1.13,0.5197927249341173
2017-03-23,-0.1060269661328106,13.12,2.41,1.15,0.5197800007467057
2017-03-24,-0.0843995848914147,12.96,2.4,1.14,0.5180037108499044
2017-03-27,-0.1019587452981141,12.5,2.38,1.11,0.5168988260606422
2017-03-28,0.7251474353500598,11.53,2.42,1.12,0.543019419399521
2017-03-29,0.1085324742930105,11.42,2.39,1.13,0.4378069840032516
2017-03-30,0.2935109936855751,11.54,2.42,1.14,0.427542243511047
2017-03-31,-0.2255047489714501,12.37,2.4,1.13,0.4293167432357453
2017-04-03,-0.1642125542006267,12.38,2.35,1.11,0.4251277115697831
2017-04-04,0.0559522549038238,11.79,2.36,1.11,0.4211340202269106
2017-04-05,-0.3054861198390601,12.89,2.34,1.1,0.4235203054840983
2017-04-06,0.1929509405943275,12.39,2.34,1.1,0.425677475542837
2017-04-07,-0.0827130202016745,12.87,2.38,1.09,0.4181627719720592
2017-04-10,0.0687686483783922,14.05,2.37,1.08,0.4185148167472285
2017-04-11,-0.1433879303282093,15.07,2.32,1.08,0.4132996076917006
2017-04-12,-0.3759951034546627,15.77,2.28,1.04,0.3666248779514396
2017-04-13,-0.6814694227374907,15.96,2.24,1.03,0.3900456822145035
2017-04-17,0.8613348940219367,14.66,2.26,1.05,0.4463521413254827
2017-04-18,-0.2903379862589594,14.42,2.18,1.0,0.4482711963422814
2017-04-19,-0.1716350779320863,14.93,2.21,1.02,0.3547029937133439
2017-04-20,0.7557263417987681,14.15,2.24,1.03,0.3922473097863126
2017-04-21,-0.3035072932635718,14.63,2.24,1.04,0.3979367321196633
2017-04-24,1.084006896297951,10.84,2.28,1.03,0.4641384262595217
2017-04-25,0.6090687476747014,10.76,2.35,1.06,0.4777106796112386
2017-04-26,-0.0485703483542709,10.85,2.32,1.04,0.4552677651756584
2017-04-27,0.0552919804131191,10.36,2.3,1.05,0.4551360827354783
2017-04-28,-0.1913147068160148,10.82,2.29,1.01,0.4549101311491607
2017-05-01,0.1732290511580192,10.11,2.33,1.05,0.4516203370936701
2017-05-02,0.1189049945822251,10.59,2.29,1.02,0.4488197790551899
2017-05-03,-0.1271360531382104,10.68,2.33,1.03,0.4509628704805019
2017-05-04,0.0582102643895021,10.46,2.36,1.04,0.4427114199998441
2017-05-05,0.4088695408028586,10.57,2.36,1.04,0.448258251030515
2017-05-08,0.0037445972990823,9.77,2.39,1.06,0.4469314128859945
2017-05-09,-0.1025248629915376,9.96,2.42,1.05,0.4490602430187011
2017-05-10,0.113060136584786,10.21,2.41,1.06,0.445856779978904
2017-05-11,-0.2162809124616749,10.6,2.39,1.04,0.4382968939955438
2017-05-12,-0.147844136797226,10.4,2.33,1.04,0.4026670748996062
2017-05-15,0.4776513648450997,10.42,2.34,1.03,0.3742323801792878
2017-05-16,-0.068689701514335,10.65,2.33,1.04,0.3648252346095121
2017-05-17,-1.8178214414433456,15.59,2.22,0.96,0.5655304196100233
2017-05-18,0.3686818283279214,14.66,2.23,0.96,0.5460993096007803
2017-05-19,0.6767499942466504,12.04,2.23,0.95,0.5591475131114122
2017-05-22,0.5160131149745784,10.93,2.25,0.96,0.517911273189297
2017-05-23,0.1837871992654172,10.72,2.29,0.98,0.5019290991792366
2017-05-24,0.2489126548973042,10.02,2.26,0.97,0.5041400233214288
2017-05-25,0.444194837709877,9.99,2.25,0.95,0.5123335484447139
2017-05-26,0.0310549995971465,9.81,2.25,0.95,0.509086078019567
2017-05-30,-0.1204624586125024,10.38,2.21,0.93,0.5100995860985931
2017-05-31,-0.0459968801852062,10.41,2.21,0.93,0.5103016295921299
2017-06-01,0.7571112611303388,9.89,2.21,0.93,0.5324977723766315
2017-06-02,0.370773131049229,9.75,2.15,0.87,0.536138674640285
2017-06-05,-0.1217665183814387,10.07,2.18,0.86,0.5333828225158622
2017-06-06,-0.2779039965460916,10.45,2.14,0.84,0.5391202933714665
2017-06-07,0.1568257227550384,10.39,2.18,0.86,0.5380363492146728
2017-06-08,0.0267204728490177,10.16,2.19,0.86,0.5380731189206994
2017-06-09,-0.0829989234415684,10.7,2.21,0.86,0.5351310082481164
2017-06-12,-0.0978763178264618,11.46,2.21,0.86,0.5341331331827104
2017-06-13,0.4511505177332342,10.42,2.21,0.83,0.5331299341198864
2017-06-14,-0.099583079640253,10.64,2.15,0.8,0.533627702982609
2017-06-15,-0.223959814615271,10.9,2.16,0.81,0.3060123058554365
2017-06-16,0.0283639368100496,10.38,2.16,0.84,0.3031330736802833
2017-06-19,0.8347228657875183,10.37,2.19,0.83,0.3194453746988755
2017-06-20,-0.66966373620162,10.86,2.16,0.8,0.3557033838536996
2017-06-21,-0.0582644390069164,10.75,2.16,0.8,0.3564496193725628
2017-06-22,-0.0455782072217636,10.48,2.15,0.81,0.3550789294253416
2017-06-23,0.1560915517816896,10.02,2.15,0.81,0.3444794598284463
2017-06-26,0.0315801794623205,9.9,2.14,0.78,0.3444780850294233
2017-06-27,-0.8072824886133589,11.06,2.21,0.83,0.3930192206840066
2017-06-28,0.8808066374833778,10.03,2.22,0.88,0.4376609750621161
2017-06-29,-0.8600023246820632,11.44,2.27,0.89,0.4513477866246458
2017-06-30,0.1533231810705748,11.18,2.31,0.93,0.4439881542183578
2017-07-03,0.2310833849555216,11.22,2.35,0.94,0.4472015296327442
2017-07-05,0.1453279024245635,11.07,2.33,0.92,0.4440400050844909
2017-07-06,-0.9368823820586792,12.54,2.37,0.97,0.4896881453673025
2017-07-07,0.6403125486305727,11.19,2.39,0.99,0.5132155297472912
2017-07-10,0.0927766212578617,11.11,2.38,0.98,0.5135211801155434
2017-07-11,-0.0782680611697839,10.89,2.37,1.0,0.5133586019287084
2017-07-12,0.7305607635895495,10.3,2.33,0.98,0.530006222951034
2017-07-13,0.1874584313926064,9.9,2.35,0.98,0.53084610282358
2017-07-14,0.4673503078699292,9.51,2.33,0.98,0.5364904141257576
2017-07-17,-0.0052912836773333,9.82,2.31,0.95,0.5366350521830999
2017-07-18,0.0597857343613172,9.89,2.27,0.91,0.5043407764912818
2017-07-19,0.5372639356088893,9.79,2.27,0.9,0.4900137892160515
2017-07-20,-0.0153659281810103,9.58,2.27,0.9,0.4894882562014234
2017-07-21,-0.0367871647835027,9.36,2.24,0.88,0.4893751398241854
2017-07-24,-0.1063734827979723,9.43,2.26,0.89,0.4907076903640156
2017-07-25,0.2923171678338221,9.43,2.33,0.93,0.493214328560263
2017-07-26,0.0282663948046657,9.6,2.29,0.93,0.447494558148278
2017-07-27,-0.0972688269174515,10.11,2.32,0.96,0.4120598496165756
2017-07-28,-0.1341115577770502,10.29,2.3,0.96,0.353504017718101
2017-07-31,-0.0728145607789776,10.26,2.3,0.96,0.3555808631453864
2017-08-01,0.2449114969250487,10.09,2.26,0.92,0.3558697197512309
2017-08-02,0.0492648718886545,10.28,2.27,0.91,0.3558336376220311
2017-08-03,-0.2183654185644257,10.44,2.24,0.9,0.2731047488476349
2017-08-04,0.1889103529569169,10.03,2.27,0.91,0.2458550468703298
2017-08-07,0.1647199789928111,9.93,2.26,0.9,0.2461819340026076
2017-08-08,-0.2414432787396947,10.96,2.29,0.93,0.2552620709671217
2017-08-09,-0.0363608671050785,11.11,2.24,0.91,0.209178560981959
2017-08-10,-1.4474441722801767,16.04,2.2,0.87,0.3949031184503969
2017-08-11,0.1275569976212809,15.51,2.19,0.89,0.3799051048348839
2017-08-14,1.0043754544535322,12.33,2.22,0.89,0.4455958893862585
2017-08-15,-0.0498807880847662,12.04,2.27,0.92,0.4456847104097864
2017-08-16,0.1420102915856924,11.74,2.23,0.9,0.4294999671760386
2017-08-17,-1.543695216095864,15.55,2.19,0.87,0.549555568324481
2017-08-18,-0.1835367311071367,14.26,2.19,0.86,0.5498279111122537
2017-08-21,0.1162651069903653,13.19,2.18,0.86,0.5518239300770184
2017-08-22,0.994077978775465,11.35,2.22,0.89,0.5973951207253595
2017-08-23,-0.345359271497303,12.25,2.17,0.85,0.6007098158835185
2017-08-24,-0.2074462070318583,12.23,2.19,0.86,0.6015075499330065
2017-08-25,0.1672869356330597,11.28,2.17,0.82,0.6036522960214199
2017-08-28,0.0487072054385695,11.32,2.16,0.83,0.6040998521540983
2017-08-29,0.0842821736810162,11.7,2.13,0.8,0.6010147599753627
2017-08-30,0.4615148933961865,11.22,2.15,0.82,0.6119048552506824
2017-08-31,0.5720976220730423,10.59,2.12,0.79,0.62507524183111
2017-09-01,0.1982540682532896,10.13,2.16,0.81,0.6252266849301051
2017-09-05,-0.7550806889900619,12.23,2.07,0.77,0.6460553217951965
2017-09-06,0.3128726773688584,11.63,2.1,0.8,0.6490535226194138
2017-09-07,-0.0178436123234648,11.55,2.05,0.78,0.6490376208451424
2017-09-08,-0.1488850703918465,12.12,2.06,0.79,0.5566907869585738
2017-09-11,1.083929931877714,10.73,2.14,0.82,0.6029574633365395
2017-09-12,0.3363948010945305,10.58,2.17,0.84,0.56749040112138
2017-09-13,0.0757120719387938,10.5,2.2,0.85,0.5668666262933442
2017-09-14,-0.1100717616289714,10.44,2.2,0.83,0.5679727557314531
2017-09-15,0.1847181487880211,10.17,2.2,0.81,0.4251361700448286
2017-09-18,0.1455920754164896,10.15,2.23,0.83,0.4181273414985456
2017-09-19,0.111019542793711,10.18,2.24,0.84,0.4181577645696124
2017-09-20,0.0634347815839042,9.78,2.28,0.83,0.3693401471594507
2017-09-21,-0.3045917698414113,9.67,2.27,0.82,0.3667806384979104
2017-09-22,0.0647793722952094,9.59,2.26,0.8,0.3591529693148937
2017-09-25,-0.2222050282888465,10.21,2.22,0.78,0.3674156721033503
2017-09-26,0.0072166729788047,10.17,2.24,0.79,0.3678922191616333
2017-09-27,0.4085143947080816,9.87,2.31,0.84,0.3739255258832396
2017-09-28,0.1204615596159142,9.55,2.31,0.86,0.3653718642021073
2017-09-29,0.3705110081443807,9.51,2.33,0.86,0.3544640137873551
2017-10-02,0.3874003457017716,9.45,2.34,0.85,0.3598120802930274
2017-10-03,0.2158838127297668,9.51,2.33,0.86,0.2977017324827818
2017-10-04,0.12467201713795,9.63,2.33,0.86,0.2953891190157613
2017-10-05,0.5646787369921524,9.19,2.35,0.86,0.3069957159369068
2017-10-06,-0.1073634406964507,9.65,2.37,0.83,0.3048303153217671
2017-10-10,0.2322412261707374,10.08,2.35,0.84,0.218623091630651
2017-10-11,0.18035072962026,9.85,2.35,0.84,0.2137288793964303
2017-10-12,-0.168675295088605,9.91,2.33,0.82,0.2234969510245915
2017-10-13,0.0878107315528842,9.61,2.28,0.77,0.2173782709683401
2017-10-16,0.1750753314468944,9.91,2.3,0.76,0.2172455827673611
2017-10-17,0.0672578985314364,10.31,2.3,0.76,0.2175197723157197
2017-10-18,0.0742334905604158,10.07,2.34,0.75,0.2177455358183171
2017-10-19,0.0327997894560505,10.05,2.33,0.75,0.2182499693766985
2017-10-20,0.5116842738986938,9.97,2.39,0.79,0.2117734203890349
2017-10-23,-0.3972484039719171,11.07,2.38,0.8,0.2448994763808912
2017-10-24,0.1617908278173541,11.16,2.42,0.82,0.2301740146955821
2017-10-25,-0.4663049754275228,11.23,2.44,0.83,0.267265817701845
2017-10-26,0.1270946219078306,11.3,2.46,0.83,0.2590454016065998
2017-10-27,0.8073022498049642,9.8,2.42,0.83,0.3018398601338434
2017-10-30,-0.3192470570786421,10.5,2.37,0.79,0.3143515478356504
2017-10-31,0.0944458657135882,10.18,2.38,0.78,0.3077250622766934
2017-11-01,0.1592110171672711,10.2,2.37,0.76,0.3068607828381434
2017-11-02,0.0189965810886594,9.93,2.35,0.74,0.307270394567794
2017-11-03,0.309707538497439,9.14,2.34,0.71,0.2915032827937029
2017-11-06,0.1271251240472448,9.4,2.32,0.71,0.288308797705581
2017-11-07,-0.0189102922869777,9.89,2.32,0.69,0.2872909231887435
2017-11-08,0.1443655000098465,9.78,2.32,0.67,0.2867297986101938
2017-11-09,-0.3761887644002093,10.5,2.33,0.7,0.2995345381518197
2017-11-10,-0.0897643852551755,11.29,2.4,0.73,0.3014810653409349
2017-11-13,0.0983634362572427,11.5,2.4,0.7,0.3003880840647654
2017-11-14,-0.2309609298885795,11.59,2.38,0.7,0.3069897180360294
2017-11-15,-0.5525675723266343,13.13,2.33,0.65,0.3339521526537968
2017-11-16,0.8196058063241196,11.76,2.37,0.65,0.3802722589043534
2017-11-17,-0.2625963089974203,11.43,2.35,0.62,0.3696787594890094
2017-11-20,0.1275682880856443,10.65,2.37,0.6,0.3578582009758908
2017-11-21,0.6541139295859866,9.73,2.36,0.59,0.3831535674062308
2017-11-22,-0.0750261116606809,9.88,2.32,0.58,0.364477078174844
2017-11-24,0.2056095148923908,9.67,2.34,0.59,0.3654537360244609
2017-11-27,-0.0384257740879689,9.87,2.32,0.58,0.3236588520791841
2017-11-28,0.984851271879017,10.03,2.34,0.59,0.374839925519598
2017-11-29,-0.0369225702197995,10.7,2.37,0.59,0.3761827601587891
2017-11-30,0.8190950433802913,11.28,2.42,0.64,0.4092789991140754
2017-12-01,-0.2024530803113933,11.43,2.37,0.59,0.4154293218165
2017-12-04,-0.1052156643920554,11.68,2.37,0.57,0.4158344438793786
2017-12-05,-0.3739381560474708,11.33,2.36,0.53,0.4289741882448477
2017-12-06,-0.0114105659984264,11.02,2.33,0.55,0.4288914785698992
2017-12-07,0.2932357985382827,10.16,2.37,0.57,0.4314446675734124
2017-12-08,0.5506306319651655,9.58,2.38,0.58,0.4293708523369522
2017-12-11,0.3201957471006933,9.34,2.39,0.57,0.4281770611633914
2017-12-12,0.1548922064604108,9.92,2.4,0.57,0.4280104515506897
2017-12-13,-0.0472957090667858,10.18,2.36,0.57,0.4212783725260412
2017-12-14,-0.4070859227173984,10.49,2.35,0.53,0.4093937204280605
2017-12-15,0.8974343513216354,9.42,2.35,0.51,0.4162216799568521
2017-12-18,0.5362807225250732,9.53,2.39,0.55,0.4105776277163724
2017-12-19,-0.3230269459868706,10.03,2.46,0.59,0.4274868719356265
2017-12-20,-0.0827893180747718,9.72,2.49,0.62,0.4169871692514738
2017-12-21,0.1985655821358678,9.62,2.48,0.59,0.4135890862755375
2017-12-22,-0.045816664770526,9.9,2.48,0.57,0.4161544985084462
2017-12-26,-0.1058415183167293,10.25,2.47,0.55,0.4180641387343118
2017-12-27,0.0790940939190409,10.47,2.42,0.53,0.369139713499854
2017-12-28,0.1833998725156105,10.18,2.43,0.52,0.3679550741593959
2017-12-29,-0.5183153157965359,11.04,2.4,0.51,0.354821753653176
2018-01-02,0.8303361477520088,9.77,2.46,0.54,0.3896629670779842
2018-01-03,0.6398818768781567,9.15,2.44,0.5,0.4042386944190346
2018-01-04,0.4028636080503966,9.22,2.46,0.5,0.3894676475497761
2018-01-05,0.7033767443369587,9.22,2.47,0.51,0.4037762585640595
2018-01-08,0.1662343931643661,9.52,2.49,0.53,0.4034465363684784
2018-01-09,0.1302931596091294,10.08,2.55,0.57,0.3954535818003288
2018-01-10,-0.1112226828252849,9.82,2.55,0.57,0.3994732044535691
2018-01-11,0.7033646478779465,9.88,2.54,0.56,0.4172415125300512
2018-01-12,0.6749602987881076,10.16,2.55,0.56,0.4266371759665225
2018-01-16,-0.3524487622672101,11.66,2.54,0.51,0.4225142460307669
2018-01-17,0.9415051560751176,11.91,2.57,0.52,0.4262746916511241
2018-01-18,-0.1616389730162648,12.22,2.62,0.57,0.428660635111791
2018-01-19,0.4385235112838836,11.27,2.64,0.58,0.4135331449594846
2018-01-22,0.8066726499347698,11.03,2.66,0.58,0.4251421920321013
2018-01-23,0.2174365479718165,11.1,2.63,0.57,0.4249724110505564
2018-01-24,-0.0559975702282833,11.47,2.65,0.57,0.4253905454647236
2018-01-25,0.0602620901893891,11.58,2.63,0.55,0.4190220127601337
2018-01-26,1.1841196508761032,11.08,2.66,0.53,0.4606797535215426
2018-01-29,-0.6731974332887192,13.84,2.7,0.59,0.5132358706720648
2018-01-30,-1.089881562028394,14.79,2.73,0.6,0.5736379890676746
2018-01-31,0.0488985373083394,13.54,2.72,0.58,0.5601155845215451
2018-02-01,-0.0648088252051648,13.47,2.78,0.62,0.5553640181171755
2018-02-02,-2.120854792396809,17.31,2.84,0.69,0.7566952481412229
2018-02-05,-4.097922480422822,37.32,2.77,0.69,1.185856267235616
2018-02-06,1.7440920592313836,29.98,2.79,0.69,1.259449968145267
2018-02-07,-0.5001588416939429,27.73,2.84,0.69,1.2615632474009246
2018-02-08,-3.753641975808808,33.46,2.85,0.72,1.5004593811566964
2018-02-09,1.4936090208494734,29.06,2.83,0.78,1.538270815572073
2018-02-12,1.3914584754042505,25.61,2.86,0.77,1.5692957451375982
2018-02-13,0.2612929746329095,24.97,2.83,0.73,1.572714651752621
2018-02-14,1.3402458257245842,19.26,2.91,0.74,1.5903291230778418
2018-02-15,1.2069112762299383,19.13,2.9,0.71,1.6201681387779407
2018-02-16,0.0373469372248802,19.46,2.87,0.66,1.6155205097565415
2018-02-20,-0.5841389459353419,20.6,2.88,0.63,1.603046164493286
2018-02-21,-0.5496503128179286,20.02,2.94,0.68,1.6017658248631594
2018-02-22,0.0973551079076262,18.72,2.92,0.67,1.6030398952842768
2018-02-23,1.602837635051313,16.49,2.88,0.63,1.653962260523684
2018-02-26,1.1757015343810906,15.8,2.86,0.64,1.6536055635579168
2018-02-27,-1.2706888443829278,18.59,2.9,0.63,1.6688494662351896
2018-02-28,-1.1095788639207016,19.85,2.87,0.62,1.6694194115322885
2018-03-01,-1.3324399541987275,22.47,2.81,0.59,1.687811413863407
2018-03-02,0.5071602744632031,19.59,2.86,0.61,1.695969957979366
2018-03-05,1.1032026532745045,18.73,2.88,0.64,1.6589080780549432
2018-03-06,0.2638858606169414,18.36,2.88,0.63,1.360195442842316
2018-03-07,-0.0483874720566102,17.76,2.89,0.64,1.3081214060942448
2018-03-08,0.4463078207817217,16.54,2.86,0.61,1.3036505954465738
2018-03-09,1.737883151892694,14.64,2.9,0.63,0.9857339573916272
2018-03-12,-0.1273985129042532,15.78,2.87,0.6,0.9562897117053334
2018-03-13,-0.6363576551088879,16.35,2.84,0.58,0.9427135810176466
2018-03-14,-0.5724521948562322,17.23,2.81,0.55,0.9584463097850968
2018-03-15,-0.0781930531963182,16.59,2.82,0.53,0.9185048108170922
2018-03-16,0.1703447167811456,15.8,2.85,0.54,0.880842769271648
2018-03-19,-1.4204195388793028,19.02,2.85,0.54,0.9395724796452272
2018-03-20,0.1481805452064888,18.2,2.89,0.55,0.9311235130702188
2018-03-21,-0.1843989883350882,17.86,2.89,0.58,0.9232131287821026
2018-03-22,-2.5162888405856454,23.34,2.83,0.54,1.083325974037469
2018-03-23,-2.096688071186603,24.87,2.82,0.54,1.0918089930269848
2018-03-26,2.715725576151251,21.03,2.85,0.52,1.244412112962121
2018-03-27,-1.7276308813847896,22.5,2.78,0.52,1.26877011722082
2018-03-28,-0.291665716625622,22.87,2.77,0.49,1.2522685702289285
2018-03-29,1.3769718690019197,19.97,2.74,0.47,1.2694045978701
2018-04-02,-2.2337423560165104,23.62,2.73,0.48,1.350164663172014
2018-04-03,1.2614865848792125,21.1,2.79,0.51,1.3586340629129054
2018-04-04,1.156648273982852,20.06,2.79,0.51,1.3886871467092838
2018-04-05,0.6862863657553842,18.94,2.83,0.53,1.401066857321709
2018-04-06,-2.1920248779842444,21.49,2.77,0.5,1.468582191160812
2018-04-09,0.3336548896320623,21.77,2.78,0.49,1.4009972382718685
2018-04-10,1.67269537832615,20.47,2.8,0.48,1.469583294480468
2018-04-11,-0.5525364482924067,20.24,2.79,0.47,1.4684566766788243
2018-04-12,0.8250750063987677,18.49,2.83,0.49,1.483832532460483
2018-04-13,-0.2886625488248695,17.41,2.82,0.45,1.4840627468960923
2018-04-16,0.8109038386684864,16.56,2.83,0.44,1.498361530147749
2018-04-17,1.0661504701720004,15.25,2.82,0.41,1.488417028883297
2018-04-18,0.0831365800681771,15.6,2.87,0.45,1.488143814601406
2018-04-19,-0.5726124690152989,15.96,2.92,0.48,1.4931339439343214
2018-04-20,-0.853653230061302,16.88,2.96,0.5,1.3897870298946369
