{
  "period_statistics": {
    "2020": {
      "n_samples": 92,
      "entropy_mean": 2.7668683528900146,
      "entropy_std": 0.20099076628684998,
      "attention_concentration": 0.051370128989219666,
      "top_features": [
        [
          "t-1",
          0.06879386305809021
        ],
        [
          "t-2",
          0.06413563340902328
        ],
        [
          "t-3",
          0.060445770621299744
        ],
        [
          "t-4",
          0.057941704988479614
        ],
        [
          "t-5",
          0.056083254516124725
        ]
      ],
      "mean_attention": [
        0.034218184649944305,
        0.04076555371284485,
        0.04294547438621521,
        0.04322660341858864,
        0.04315929487347603,
        0.04347996786236763,
        0.04447108879685402,
        0.045738983899354935,
        0.047326091676950455,
        0.04852407053112984,
        0.04956160858273506,
        0.050484415143728256,
        0.05135032534599304,
        0.0528646744787693,
        0.05448353290557861,
        0.056083254516124725,
        0.057941704988479614,
        0.060445770621299744,
        0.06413563340902328,
        0.06879386305809021
      ],
      "std_attention": [
        0.03516712784767151,
        0.03860114887356758,
        0.037492331117391586,
        0.034666724503040314,
        0.032242756336927414,
        0.03079219162464142,
        0.030418584123253822,
        0.030511321499943733,
        0.03100893273949623,
        0.03116152621805668,
        0.03129644691944122,
        0.03144920989871025,
        0.031736820936203,
        0.03245486319065094,
        0.033382195979356766,
        0.034795597195625305,
        0.03732968866825104,
        0.041449300944805145,
        0.048751506954431534,
        0.05906575173139572
      ]
    },
    "2021": {
      "n_samples": 250,
      "entropy_mean": 2.7189228534698486,
      "entropy_std": 0.25646108388900757,
      "attention_concentration": 0.05050584673881531,
      "top_features": [
        [
          "t-1",
          0.06215950474143028
        ],
        [
          "t-2",
          0.05833010375499725
        ],
        [
          "t-3",
          0.055461231619119644
        ],
        [
          "t-4",
          0.053638048470020294
        ],
        [
          "t-5",
          0.052808452397584915
        ]
      ],
      "mean_attention": [
        0.04012268781661987,
        0.04400396719574928,
        0.04502473399043083,
        0.04513197019696236,
        0.04558740183711052,
        0.046338826417922974,
        0.04734579473733902,
        0.048270128667354584,
        0.04911539703607559,
        0.04977629333734512,
        0.05038366839289665,
        0.0508214607834816,
        0.05144154280424118,
        0.05193907767534256,
        0.05229966342449188,
        0.052808452397584915,
        0.053638048470020294,
        0.055461231619119644,
        0.05833010375499725,
        0.06215950474143028
      ],
      "std_attention": [
        0.03344308212399483,
        0.038987770676612854,
        0.038834791630506516,
        0.03760170936584473,
        0.037133947014808655,
        0.03697431460022926,
        0.03749077767133713,
        0.0376460924744606,
        0.03798447176814079,
        0.038321975618600845,
        0.03872327506542206,
        0.038925301283597946,
        0.03971510007977486,
        0.04127873480319977,
        0.042736925184726715,
        0.044381532818078995,
        0.046276532113552094,
        0.05206071585416794,
        0.0626903548836708,
        0.07544025033712387
      ]
    },
    "2022": {
      "n_samples": 249,
      "entropy_mean": 2.8244855403900146,
      "entropy_std": 0.17563998699188232,
      "attention_concentration": 0.051417380571365356,
      "top_features": [
        [
          "t-1",
          0.06322583556175232
        ],
        [
          "t-2",
          0.059900566935539246
        ],
        [
          "t-3",
          0.05748384818434715
        ],
        [
          "t-4",
          0.055927105247974396
        ],
        [
          "t-5",
          0.0550207681953907
        ]
      ],
      "mean_attention": [
        0.029339710250496864,
        0.03610261157155037,
        0.03910646587610245,
        0.04070908948779106,
        0.042424753308296204,
        0.04479317367076874,
        0.047711193561553955,
        0.050510186702013016,
        0.052438706159591675,
        0.05363237485289574,
        0.05425015464425087,
        0.05441441759467125,
        0.054313309490680695,
        0.05425187945365906,
        0.0544438473880291,
        0.0550207681953907,
        0.055927105247974396,
        0.05748384818434715,
        0.059900566935539246,
        0.06322583556175232
      ],
      "std_attention": [
        0.02410038933157921,
        0.02571391500532627,
        0.02616487257182598,
        0.02582106553018093,
        0.025231841951608658,
        0.02513536438345909,
        0.025354092940688133,
        0.025784187018871307,
        0.02574537880718708,
        0.025277357548475266,
        0.024791184812784195,
        0.02466053143143654,
        0.025021802634000778,
        0.025877386331558228,
        0.02698686346411705,
        0.02864738740026951,
        0.031143438071012497,
        0.035376787185668945,
        0.04266117885708809,
        0.0543627105653286
      ]
    },
    "2023": {
      "n_samples": 249,
      "entropy_mean": 2.926825523376465,
      "entropy_std": 0.07177270948886871,
      "attention_concentration": 0.050119392573833466,
      "top_features": [
        [
          "t-1",
          0.052573319524526596
        ],
        [
          "t-2",
          0.05213937535881996
        ],
        [
          "t-3",
          0.05183582007884979
        ],
        [
          "t-9",
          0.05172435939311981
        ],
        [
          "t-4",
          0.05171509459614754
        ]
      ],
      "mean_attention": [
        0.043788254261016846,
        0.046124715358018875,
        0.046762287616729736,
        0.047020237892866135,
        0.04751567542552948,
        0.04839184135198593,
        0.0494406521320343,
        0.050247035920619965,
        0.050969693809747696,
        0.05148790776729584,
        0.05168776214122772,
        0.05172435939311981,
        0.05168415233492851,
        0.051641710102558136,
        0.051609694957733154,
        0.05164036899805069,
        0.05171509459614754,
        0.05183582007884979,
        0.05213937535881996,
        0.052573319524526596
      ],
      "std_attention": [
        0.017822202295064926,
        0.0185694620013237,
        0.017970113083720207,
        0.01720605231821537,
        0.016730032861232758,
        0.01670326292514801,
        0.016993187367916107,
        0.01711886189877987,
        0.017465129494667053,
        0.017718344926834106,
        0.01792754977941513,
        0.018106888979673386,
        0.018425989896059036,
        0.018853938207030296,
        0.0194490235298872,
        0.020285675302147865,
        0.021236497908830643,
        0.02242760732769966,
        0.02444402687251568,
        0.026886597275733948
      ]
    },
    "2024": {
      "n_samples": 250,
      "entropy_mean": 2.844048261642456,
      "entropy_std": 0.3403385877609253,
      "attention_concentration": 0.05014396458864212,
      "top_features": [
        [
          "t-1",
          0.056015487760305405
        ],
        [
          "t-2",
          0.054425932466983795
        ],
        [
          "t-3",
          0.05349795147776604
        ],
        [
          "t-4",
          0.05284593999385834
        ],
        [
          "t-5",
          0.052225228399038315
        ]
      ],