{
  "period_statistics": {
    "2020": {
      "n_samples": 92,
      "entropy_mean": 2.994452714920044,
      "entropy_std": 0.00041889509884640574,
      "attention_concentration": 0.050006866455078125,
      "top_features": [
        [
          "t-20",
          0.051845766603946686
        ],
        [
          "t-19",
          0.051299892365932465
        ],
        [
          "t-18",
          0.05040215328335762
        ],
        [
          "t-17",
          0.0500047504901886
        ],
        [
          "t-11",
          0.04997849836945534
        ]
      ],
      "mean_attention": [
        0.051845766603946686,
        0.051299892365932465,
        0.05040215328335762,
        0.0500047504901886,
        0.04989396035671234,
        0.04989831894636154,
        0.04993044212460518,
        0.0499604158103466,
        0.04997297003865242,
        0.04997849836945534,
        0.049973178654909134,
        0.04996075481176376,
        0.049943696707487106,
        0.04984278604388237,
        0.04973797872662544,
        0.04964809864759445,
        0.049559928476810455,
        0.049472875893116,
        0.049382563680410385,
        0.04929092526435852
      ],
      "std_attention": [
        0.0028670772444456816,
        0.0027409961912781,
        0.0026058033108711243,
        0.002502941992133856,
        0.0024323579855263233,
        0.002376012736931443,
        0.0023358012549579144,
        0.0023068436421453953,
        0.0022829717490822077,
        0.0022709337063133717,
        0.002273768885061145,
        0.002289124531671405,
        0.002313414355739951,
        0.0023653649259358644,
        0.0024209031835198402,
        0.0024641063064336777,
        0.0024938902352005243,
        0.0025203637778759003,
        0.002545046154409647,
        0.002564419759437442
      ]
    },
    "2021": {
      "n_samples": 250,
      "entropy_mean": 2.993326425552368,
      "entropy_std": 0.003055787645280361,
      "attention_concentration": 0.050035055726766586,
      "top_features": [
        [
          "t-20",
          0.0542718768119812
        ],
        [
          "t-19",
          0.05258806794881821
        ],
        [
          "t-18",
          0.05119037628173828
        ],
        [
          "t-17",
          0.05052730068564415
        ],
        [
          "t-16",
          0.05023569241166115
        ]
      ],
      "mean_attention": [
        0.0542718768119812,
        0.05258806794881821,
        0.05119037628173828,
        0.05052730068564415,
        0.05023569241166115,
        0.0500883124768734,
        0.050003279000520706,
        0.04992150887846947,
        0.04983721673488617,
        0.04975476488471031,
        0.049664244055747986,
        0.0495636947453022,
        0.04945989325642586,
        0.04936722666025162,
        0.04923749342560768,
        0.04911079630255699,
        0.048979323357343674,
        0.04885248839855194,
        0.04873333126306534,
        0.04861313849687576
      ],
      "std_attention": [
        0.004376860335469246,
        0.0038130173925310373,
        0.003421786008402705,
        0.0031964494846761227,
        0.0030637914314866066,
        0.002964553888887167,
        0.002902302425354719,
        0.002847605152055621,
        0.00280917901545763,
        0.002806031843647361,
        0.0028240978717803955,
        0.0028587263077497482,
        0.0029071946628391743,
        0.0029538131784647703,
        0.0030704571399837732,
        0.003170701675117016,
        0.003280162811279297,
        0.0033872199710458517,
        0.003485512686893344,
        0.0035905633121728897
      ]
    },
    "2022": {
      "n_samples": 249,
      "entropy_mean": 2.991711378097534,
      "entropy_std": 0.001844734768383205,
      "attention_concentration": 0.050038523972034454,
      "top_features": [
        [
          "t-20",
          0.05426298826932907
        ],
        [
          "t-19",
          0.052259668707847595
        ],
        [
          "t-18",
          0.051183391362428665
        ],
        [
          "t-17",
          0.050784822553396225
        ],
        [
          "t-16",
          0.05060293897986412
        ]
      ],
      "mean_attention": [
        0.05426298826932907,
        0.052259668707847595,
        0.051183391362428665,
        0.050784822553396225,
        0.05060293897986412,
        0.050483476370573044,
        0.05034817010164261,
        0.050207674503326416,
        0.05005839467048645,
        0.049894269555807114,
        0.04972567409276962,
        0.04956192895770073,
        0.04939703270792961,
        0.04924837499856949,
        0.04910406470298767,
        0.048920199275016785,
        0.04874878376722336,
        0.04857689142227173,
        0.0484018437564373,
        0.04822949692606926
      ],
      "std_attention": [
        0.005951935891062021,
        0.00514433765783906,
        0.004594456870108843,
        0.004329308867454529,
        0.00418660044670105,
        0.0041063628159463406,
        0.004042123444378376,
        0.004009767435491085,
        0.003996588289737701,
        0.003986828029155731,
        0.00398282753303647,
        0.003990262281149626,
        0.0039998991414904594,
        0.004019806161522865,
        0.00398382730782032,
        0.004012179560959339,
        0.004014716017991304,
        0.004022424574941397,
        0.004032968543469906,
        0.004033756908029318
      ]
    },
    "2023": {
      "n_samples": 249,
      "entropy_mean": 2.983348846435547,
      "entropy_std": 0.004757840186357498,
      "attention_concentration": 0.05001131817698479,
      "top_features": [
        [
          "t-20",
          0.05286964774131775
        ],
        [
          "t-19",
          0.05115270987153053
        ],
        [
          "t-18",
          0.050180088728666306
        ],
        [
          "t-14",
          0.049968983978033066
        ],
        [
          "t-13",
          0.04995642602443695
        ]
      ],
      "mean_attention": [
        0.05286964774131775,
        0.05115270987153053,
        0.050180088728666306,
        0.049920886754989624,
        0.049915969371795654,
        0.04995159059762955,
        0.049968983978033066,
        0.04995642602443695,
        0.0499257855117321,
        0.04988707974553108,
        0.04985087364912033,
        0.049812331795692444,
        0.04976426064968109,
        0.04971582815051079,
        0.049697838723659515,
        0.04966903105378151,
        0.04957423359155655,
        0.04948187246918678,
        0.049395158886909485,
        0.049309372901916504
      ],
      "std_attention": [
        0.00969626009464264,
        0.009012161754071712,
        0.008440234698355198,
        0.008085111156105995,
        0.007844889536499977,
        0.007664747070521116,
        0.007523056119680405,
        0.0074117789044976234,
        0.0073287650011479855,
        0.007277976721525192,
        0.007262409199029207,
        0.007273791823536158,
        0.007299738470464945,
        0.007344090845435858,
        0.007412569131702185,
        0.007440304849296808,
        0.007546293083578348,
        0.0076586720533668995,
        0.007778586354106665,
        0.007930961437523365
      ]
    },
    "2024": {
      "n_samples": 250,
      "entropy_mean": 2.9834847450256348,
      "entropy_std": 0.0074758147820830345,
      "attention_concentration": 0.05002767592668533,
      "top_features": [
        [
          "t-20",
          0.053267039358615875
        ],
        [
          "t-19",
          0.05182427167892456
        ],
        [
          "t-18",
          0.050932276993989944
        ],
        [
          "t-17",
          0.05064714327454567
        ],
        [
          "t-16",
          0.05058325454592705
        ]
      ],