{
  "period_statistics": {
    "2020": {
      "n_samples": 92,
      "entropy_mean": 2.6197621822357178,
      "entropy_std": 0.341225266456604,
      "attention_concentration": 0.06174243986606598,
      "top_features": [
        [
          "t-1",
          0.11778677999973297
        ],
        [
          "t-2",
          0.09768340736627579
        ],
        [
          "t-3",
          0.08167129755020142
        ],
        [
          "t-4",
          0.06949231773614883
        ],
        [
          "t-5",
          0.059942204505205154
        ]
      ],
      "mean_attention": [
        0.01995597407221794,
        0.021946720778942108,
        0.024909520521759987,
        0.029758460819721222,
        0.035260189324617386,
        0.0398465171456337,
        0.04266515374183655,
        0.04358769953250885,
        0.04368498921394348,
        0.0430808924138546,
        0.042625099420547485,
        0.042715925723314285,
        0.043829333037137985,
        0.04710622876882553,
        0.05245129019021988,
        0.059942204505205154,
        0.06949231773614883,
        0.08167129755020142,
        0.09768340736627579,
        0.11778677999973297
      ],
      "std_attention": [
        0.022983377799391747,
        0.022806216031312943,
        0.023114323616027832,
        0.026232939213514328,
        0.030968667939305305,
        0.03452536091208458,
        0.035497572273015976,
        0.03457275778055191,
        0.0337677001953125,
        0.032807350158691406,
        0.03235701844096184,
        0.03233465179800987,
        0.033104877918958664,
        0.03501337766647339,
        0.03794536739587784,
        0.04213852062821388,
        0.0485595241189003,
        0.058923590928316116,
        0.07822676002979279,
        0.10856423527002335
      ]
    },
    "2021": {
      "n_samples": 250,
      "entropy_mean": 2.607253313064575,
      "entropy_std": 0.41328325867652893,
      "attention_concentration": 0.052716270089149475,
      "top_features": [
        [
          "t-1",
          0.08026691526174545
        ],
        [
          "t-2",
          0.07048337161540985
        ],
        [
          "t-3",
          0.06298570334911346
        ],
        [
          "t-4",
          0.05783240869641304
        ],
        [
          "t-5",
          0.05444012209773064
        ]
      ],
      "mean_attention": [
        0.029144559055566788,
        0.031684789806604385,
        0.03544102609157562,
        0.039974432438611984,
        0.044379282742738724,
        0.047629404813051224,
        0.04945600405335426,
        0.05000403895974159,
        0.049813274294137955,
        0.04916596785187721,
        0.048628345131874084,
        0.04824211075901985,
        0.048743028193712234,
        0.04988723248243332,
        0.051798127591609955,
        0.05444012209773064,
        0.05783240869641304,
        0.06298570334911346,
        0.07048337161540985,
        0.08026691526174545
      ],
      "std_attention": [
        0.024462183937430382,
        0.027278369292616844,
        0.030047696083784103,
        0.03496440872550011,
        0.04014549404382706,
        0.043669380247592926,
        0.04542677477002144,
        0.04569944739341736,
        0.04546095430850983,
        0.04496163874864578,
        0.04467720165848732,
        0.04453353211283684,
        0.04568438604474068,
        0.04857071489095688,
        0.05228143557906151,
        0.056675542145967484,
        0.061441902071237564,
        0.0713631883263588,
        0.09177973866462708,
        0.11458706855773926
      ]
    },
    "2022": {
      "n_samples": 249,
      "entropy_mean": 2.670133590698242,
      "entropy_std": 0.32175853848457336,
      "attention_concentration": 0.06332459300756454,
      "top_features": [
        [
          "t-1",
          0.11392465233802795
        ],
        [
          "t-2",
          0.0975150465965271
        ],
        [
          "t-3",
          0.08488836139440536
        ],
        [
          "t-4",
          0.07454047352075577
        ],
        [
          "t-5",
          0.06557439267635345
        ]
      ],
      "mean_attention": [
        0.015251670964062214,
        0.01679590530693531,
        0.0192530807107687,
        0.023886065930128098,
        0.029324520379304886,
        0.034585341811180115,
        0.03913462534546852,
        0.04255270957946777,
        0.04446077719330788,
        0.04554357752203941,
        0.046263501048088074,
        0.04718579351902008,
        0.04892918840050697,
        0.05244528502225876,
        0.057945095002651215,
        0.06557439267635345,
        0.07454047352075577,
        0.08488836139440536,
        0.0975150465965271,
        0.11392465233802795
      ],
      "std_attention": [
        0.017018025740981102,
        0.014646134339272976,
        0.015609340742230415,
        0.018717313185334206,
        0.022021770477294922,
        0.02520199678838253,
        0.027624407783150673,
        0.029116053134202957,
        0.029220465570688248,
        0.028407542034983635,
        0.027149681001901627,
        0.026295237243175507,
        0.026323027908802032,
        0.027843574061989784,
        0.030594410374760628,
        0.034779954701662064,
        0.04067869856953621,
        0.04915072023868561,
        0.0651191771030426,
        0.09733878076076508
      ]
    },
    "2023": {
      "n_samples": 249,
      "entropy_mean": 2.8971588611602783,
      "entropy_std": 0.13568133115768433,
      "attention_concentration": 0.05044461786746979,
      "top_features": [
        [
          "t-1",
          0.05698667839169502
        ],
        [
          "t-2",
          0.05538017302751541
        ],
        [
          "t-3",
          0.05418994277715683
        ],
        [
          "t-4",
          0.05336109548807144
        ],
        [
          "t-5",
          0.052597686648368835
        ]
      ],
      "mean_attention": [
        0.03884757310152054,
        0.040043819695711136,
        0.042477432638406754,
        0.0452599823474884,
        0.047583483159542084,
        0.04940153285861015,
        0.05073400214314461,
        0.05138750746846199,
        0.05176160857081413,
        0.05186254531145096,
        0.05167363956570625,
        0.05145510658621788,
        0.05138096585869789,
        0.051577307283878326,
        0.05203789845108986,
        0.052597686648368835,
        0.05336109548807144,
        0.05418994277715683,
        0.05538017302751541,
        0.05698667839169502
      ],
      "std_attention": [
        0.017422053962945938,
        0.017167922109365463,
        0.017731325700879097,
        0.018953464925289154,
        0.020017428323626518,
        0.020784026011824608,
        0.021277600899338722,
        0.021212104707956314,
        0.021208394318819046,
        0.021067289635539055,
        0.02093448117375374,
        0.02086682617664337,
        0.021126940846443176,
        0.021754341199994087,
        0.02283562161028385,
        0.02449076808989048,
        0.026681646704673767,
        0.029234403744339943,
        0.03414503112435341,
        0.04031266272068024
      ]
    },
    "2024": {
      "n_samples": 250,
      "entropy_mean": 2.8077871799468994,
      "entropy_std": 0.44868433475494385,
      "attention_concentration": 0.05054879188537598,
      "top_features": [
        [
          "t-1",
          0.06091219559311867
        ],
        [
          "t-2",
          0.058478545397520065
        ],
        [
          "t-3",
          0.05711010470986366
        ],
        [
          "t-4",
          0.055893056094646454
        ],
        [
          "t-5",
          0.05461464077234268
        ]
      ],