{
  "period_statistics": {
    "2020": {
      "n_samples": 92,
      "entropy_mean": 2.9947407245635986,
      "entropy_std": 0.0003287792205810547,
      "attention_concentration": 0.05000630021095276,
      "top_features": [
        [
          "t-20",
          0.051867157220840454
        ],
        [
          "t-19",
          0.05113896727561951
        ],
        [
          "t-18",
          0.05033397302031517
        ],
        [
          "t-17",
          0.04998980462551117
        ],
        [
          "t-11",
          0.049980536103248596
        ]
      ],
      "mean_attention": [
        0.051867157220840454,
        0.05113896727561951,
        0.05033397302031517,
        0.04998980462551117,
        0.04990144819021225,
        0.04991239681839943,
        0.04994356632232666,
        0.04996972158551216,
        0.04997972398996353,
        0.049980536103248596,
        0.0499710887670517,
        0.04995434358716011,
        0.04993352293968201,
        0.049851156771183014,
        0.04975271224975586,
        0.049667809158563614,
        0.04958539456129074,
        0.049504637718200684,
        0.0494222491979599,
        0.04933979734778404
      ],
      "std_attention": [
        0.002340461825951934,
        0.0022953276056796312,
        0.0022340991999953985,
        0.0021741939708590508,
        0.0021281165536493063,
        0.002088573994114995,
        0.002060885541141033,
        0.002042193431407213,
        0.0020260673481971025,
        0.002019220031797886,
        0.00202388153411448,
        0.002037743804976344,
        0.002058729063719511,
        0.0020873018074780703,
        0.0021409266628324986,
        0.0021806738805025816,
        0.0022095099557191133,
        0.00223529408685863,
        0.0022586225531995296,
        0.002275854581966996
      ]
    },
    "2021": {
      "n_samples": 250,
      "entropy_mean": 2.9933855533599854,
      "entropy_std": 0.002792216604575515,
      "attention_concentration": 0.05003415420651436,
      "top_features": [
        [
          "t-20",
          0.054337698966264725
        ],
        [
          "t-19",
          0.05240429937839508
        ],
        [
          "t-18",
          0.05111336335539818
        ],
        [
          "t-17",
          0.05051412433385849
        ],
        [
          "t-16",
          0.050247084349393845
        ]
      ],
      "mean_attention": [
        0.054337698966264725,
        0.05240429937839508,
        0.05111336335539818,
        0.05051412433385849,
        0.050247084349393845,
        0.05010466277599335,
        0.050015367567539215,
        0.04992818459868431,
        0.04983966425061226,
        0.04975380375981331,
        0.049662187695503235,
        0.04956246167421341,
        0.04946140944957733,
        0.04936961829662323,
        0.04924626648426056,
        0.04912586882710457,
        0.04900152236223221,
        0.048882290720939636,
        0.048770878463983536,
        0.04865928739309311
      ],
      "std_attention": [
        0.004365287255495787,
        0.0037780716083943844,
        0.0033941413275897503,
        0.003172818571329117,
        0.003040372859686613,
        0.0029416116885840893,
        0.0028776528779417276,
        0.0028240475803613663,
        0.002788516227155924,
        0.0027843196876347065,
        0.0028004662599414587,
        0.0028324874583631754,
        0.002878659637644887,
        0.002929020905867219,
        0.0030337998177856207,
        0.003126902738586068,
        0.0032279391307383776,
        0.0033265489619225264,
        0.003417056752368808,
        0.0035143846180289984
      ]
    },
    "2022": {
      "n_samples": 249,
      "entropy_mean": 2.9922847747802734,
      "entropy_std": 0.0014686872018501163,
      "attention_concentration": 0.050031084567308426,
      "top_features": [
        [
          "t-20",
          0.05400083586573601
        ],
        [
          "t-19",
          0.0519423708319664
        ],
        [
          "t-18",
          0.05098681151866913
        ],
        [
          "t-17",
          0.0506470613181591
        ],
        [
          "t-16",
          0.050495076924562454
        ]
      ],
      "mean_attention": [
        0.05400083586573601,
        0.0519423708319664,
        0.05098681151866913,
        0.0506470613181591,
        0.050495076924562454,
        0.050394609570503235,
        0.050278257578611374,
        0.050157640129327774,
        0.05002797767519951,
        0.049885574728250504,
        0.04974033683538437,
        0.04960040748119354,
        0.04945948347449303,
        0.049330078065395355,
        0.049216579645872116,
        0.04906052350997925,
        0.04891541972756386,
        0.048769328743219376,
        0.048619627952575684,
        0.04847203195095062
      ],
      "std_attention": [
        0.005226046312600374,
        0.004591768141835928,
        0.004189650062471628,
        0.0040001459419727325,
        0.0038945155683904886,
        0.00383302615955472,
        0.0037810211069881916,
        0.0037553571164608,
        0.00374435493722558,
        0.0037358314730226994,
        0.0037335886154323816,
        0.0037421926390379667,
        0.0037531405687332153,
        0.003773609409108758,
        0.0037464855704456568,
        0.003778111422434449,
        0.0037886910140514374,
        0.0038061474915593863,
        0.003827819600701332,
        0.003839269047603011
      ]
    },
    "2023": {
      "n_samples": 249,
      "entropy_mean": 2.985224962234497,
      "entropy_std": 0.004321001935750246,
      "attention_concentration": 0.0500129796564579,
      "top_features": [
        [
          "t-20",
          0.053133271634578705
        ],
        [
          "t-19",
          0.05113552510738373
        ],
        [
          "t-18",
          0.0501723475754261
        ],
        [
          "t-14",
          0.04995615407824516
        ],
        [
          "t-15",
          0.04994332417845726
        ]
      ],
      "mean_attention": [
        0.053133271634578705,
        0.05113552510738373,
        0.0501723475754261,
        0.04991963133215904,
        0.049912307411432266,
        0.04994332417845726,
        0.04995615407824516,
        0.04993981122970581,
        0.049907635897397995,
        0.049869537353515625,
        0.049832284450531006,
        0.04979312792420387,
        0.049746375530958176,
        0.049700215458869934,
        0.049673084169626236,
        0.049647409468889236,
        0.04955681785941124,
        0.04946932569146156,
        0.04938744008541107,
        0.04930435121059418
      ],
      "std_attention": [
        0.00894821435213089,
        0.008242685347795486,
        0.007717597763985395,
        0.007404638919979334,
        0.007196938619017601,
        0.007041050121188164,
        0.0069169276393949986,
        0.006817934103310108,
        0.006744653917849064,
        0.006701730657368898,
        0.0066881487146019936,
        0.006698083132505417,
        0.006722301710397005,
        0.006765046622604132,
        0.006829288322478533,
        0.006857612635940313,
        0.006958602461963892,
        0.007067394442856312,
        0.007183967158198357,
        0.0073263742960989475
      ]
    },
    "2024": {
      "n_samples": 250,
      "entropy_mean": 2.984999656677246,
      "entropy_std": 0.006850937847048044,
      "attention_concentration": 0.050029218196868896,
      "top_features": [
        [
          "t-20",
          0.05360198765993118
        ],
        [
          "t-19",
          0.051797233521938324
        ],
        [
          "t-18",
          0.05088115483522415
        ],
        [
          "t-17",
          0.05059700831770897
        ],
        [
          "t-16",
          0.05053531751036644
        ]
      ],