{
  "evaluation_timestamp": "2025-10-30T03:22:50.681001",
  "statistical_metrics": {
    "mse": 1.1742750406265259,
    "rmse": 1.0836397409439087,
    "mae": 0.7744737267494202,
    "mape": 139.58386182785034,
    "r2": 0.0021134018898010254,
    "mean_error": 0.025267940014600754,
    "std_error": 1.0833451747894287
  },
  "financial_metrics": {
    "directional_accuracy": 0.5171875,
    "sharpe_ratio": 0.6744092856776368,
    "max_drawdown": -0.21665406227111816,
    "total_return": 0.6058282852172852,
    "hit_rate": 0.4046875,
    "num_trades": 967,
    "precision": 0.5356773526370218,
    "recall": 0.7540029112081513,
    "f1_score": 0.6263603385731561,
    "confusion_matrix": [
      [
        144,
        449
      ],
      [
        169,
        518
      ]
    ],
    "auc_roc": 0.5000331376981818,
    "alpha": -0.31577980518341064
  },
  "residual_diagnostics": {
    "normality_p_value": 1.8572572029030696e-38,
    "acf_lag1": -0.02809043813963833,
    "skewness": -0.0037321981489156176,
    "kurtosis": 6.209989895177859
  },
  "mode_stats": {
    "healthy_days": 504,
    "degraded_days": 209,
    "unidirectional_days": 540,
    "weak_collapse_days": 27,
    "strong_collapse_days": 0,
    "total_days": 1280,
    "healthy_pct": 39.375,
    "degraded_pct": 16.328125,
    "unidirectional_pct": 42.1875,
    "weak_collapse_pct": 2.109375,
    "strong_collapse_pct": 0.0
  },
  "collapse_detected": true,
  "degradation_detected": true,
  "checkpoint_used": "experiments/00_baseline_exploration/sweep_lr_0.0007/checkpoints/tft-epoch=41-val_loss=0.3952.ckpt"
}