{
  "evaluation_timestamp": "2025-10-27T12:01:40.323281",
  "statistical_metrics": {
    "mse": 1.1999523639678955,
    "rmse": 1.0954233407974243,
    "mae": 0.7820845246315002,
    "mape": 300.49633979797363,
    "r2": -0.0197068452835083,
    "mean_error": -0.15281587839126587,
    "std_error": 1.0847117900848389
  },
  "financial_metrics": {
    "directional_accuracy": 0.53671875,
    "sharpe_ratio": 0.8329736080938573,
    "max_drawdown": -0.2524605989456177,
    "total_return": 0.9216080904006958,
    "hit_rate": 0.53671875,
    "num_trades": 1280,
    "precision": 0.53671875,
    "recall": 1.0,
    "f1_score": 0.6985256736146417,
    "confusion_matrix": [
      [
        0,
        593
      ],
      [
        0,
        687
      ]
    ],
    "auc_roc": 0.5314317203865573,
    "alpha": 0.0
  },
  "residual_diagnostics": {
    "normality_p_value": 4.9268793044528975e-40,
    "acf_lag1": -0.0368283496122472,
    "skewness": 0.0874921270932121,
    "kurtosis": 6.500664186027128
  },
  "mode_stats": {
    "healthy_days": 29,
    "degraded_days": 1,
    "unidirectional_days": 1052,
    "weak_collapse_days": 198,
    "strong_collapse_days": 0,
    "total_days": 1280,
    "healthy_pct": 2.265625,
    "degraded_pct": 0.078125,
    "unidirectional_pct": 82.1875,
    "weak_collapse_pct": 15.46875,
    "strong_collapse_pct": 0.0
  },
  "collapse_detected": true,
  "degradation_detected": true,
  "checkpoint_used": "experiments/00_baseline_exploration/sweep_lr_0.0007/checkpoints/tft-epoch=00-val_loss=0.1466.ckpt"
}