
[INFO] Using AUTO device selection.

[INFO] Patched matplotlib.Axes.errorbar to abs() negative yerr for robustness.
======================================================================
Training TFT: 07b_regime_attention_sweep/enc8_gs200_vix25
======================================================================
Logging to: experiments/07b_regime_attention_sweep/enc8_gs200_vix25/training_20251203_062527.log
Started at: 2025-12-03 06:25:27
======================================================================
Configuration saved to: experiments/07b_regime_attention_sweep/enc8_gs200_vix25/config.json

Loading data splits...
Train: 1269 samples
Val: 272 samples
Test: 273 samples

Preparing TimeSeriesDataSet...

Dropping source columns (used for staleness only): ['CPI']

Final features for TFT: ['SP500_Returns', 'VIX', 'Treasury_10Y', 'Yield_Spread', 'Inflation_YoY']

======================================================================
FEATURE STATISTICS - BEFORE NORMALIZATION
======================================================================
VIX                             mean= 19.7566  std=  7.9591  min=  9.9050  max= 72.9160
Treasury_10Y                    mean=  4.7641  std=  1.6888  min=  1.4700  max=  8.3400
Yield_Spread                    mean=  1.2798  std=  0.9180  min= -0.5200  max=  2.9100
Inflation_YoY                   mean=  2.5388  std=  1.1868  min= -2.1498  max=  6.7300

======================================================================
FEATURES AFTER GROUPNORMALIZER (first batch, last timestep)
======================================================================
VIX                             normalized_value=  1.0000
Treasury_10Y                    normalized_value= -0.1250
Yield_Spread                    normalized_value= -0.2401
Inflation_YoY                   normalized_value= -1.6669
======================================================================

[DEBUG] VIX train values: [31.318 31.68  23.47  21.908 22.596]
[DEBUG] VIX val values: [14.06  13.318 12.54  13.62  14.158]
Batches per epoch: 39
[DEBUG] Validation batches: 9
[DEBUG] Validation dataset size: 264
[DEBUG] Batch size: 32

Initializing model...

Using standard QuantileLoss (no penalties)

[REGIME OUTPUT] Disabled (using baseline output layer)

[REGIME ATTENTION] Replaced attention module:
  Mode: vix_threshold
  Regimes: 2
  VIX threshold: 25.0
  Gate grad scale: 200.0
  Heads: 2
  New parameters: 4 (regime gates only)
  Total attention parameters: 812
[REGIME ATTENTION] Using raw VIX values (train: 1269, val: 272)
[REGIME ATTENTION] VIX range - train: 9.9-72.9, val: 9.3-74.6

[REGIME ATTENTION] Enabled: vix_threshold=25.0

================================================================================
BASELINE MODEL FEATURE CONFIGURATION (after from_dataset)
================================================================================
tft.hparams.time_varying_reals_encoder: ['relative_time_idx', 'VIX', 'Treasury_10Y', 'Yield_Spread', 'Inflation_YoY']
  Count: 5

tft.hparams.time_varying_reals_decoder: ['relative_time_idx']
  Count: 1

tft.hparams.x_reals (all reals passed to model): ['encoder_length', 'relative_time_idx', 'VIX', 'Treasury_10Y', 'Yield_Spread', 'Inflation_YoY']
  Count: 6

Encoder VSN configuration:
  num_inputs: 5
  input_sizes: {'relative_time_idx': 16, 'VIX': 16, 'Treasury_10Y': 16, 'Yield_Spread': 16, 'Inflation_YoY': 16}
  flattened_grn.fc1: in_features=80, out_features=5
  -> Params in fc1: 400 (should be 5*16*5=400 if 5 features)
================================================================================

Model parameters: 22,619

Starting training...
Checkpoints will be saved to: experiments/07b_regime_attention_sweep/enc8_gs200_vix25/checkpoints/
Logs will be saved to: experiments/07b_regime_attention_sweep/enc8_gs200_vix25/logs/

[DEBUG CollapseMonitor] on_validation_epoch_start called for epoch 0
[DEBUG CollapseMonitor] reset_temporal_state() called on loss function
Epoch 0: val_loss=N/A
[DEBUG CollapseMonitor] on_validation_epoch_start called for epoch 0
[DEBUG CollapseMonitor] reset_temporal_state() called on loss function
Epoch 0: val_loss=1.4453916549682617
Epoch 0: train_loss=1.5030425786972046

[CollapseMonitor] Epoch 0
  [DEBUG] Processed 9 batches from val_dataloader
  [DEBUG] Predictions shape after concat: (264,)
  [DEBUG] All predictions list length: 9
  [DEBUG] First batch shape: (32,)
  Pred std: 0.037562, range: 0.169568, mean: 0.453242
  Pos: 100.0%, Neg: 0.0%, Unique: 264
  Dir Acc: 60.23%, Pred Sharpe: 191.5513
  Composite: 0.4825 (dist_match: 0.6023, actual_pos: 60.2%, pred_pos: 100.0%)
  Collapse penalty: 0.000000 (threshold: 0.005000)
  Regime distribution: {'regime_0_fraction': 0.0, 'regime_1_fraction': 1.0}
  Regime gates: {'mean': 0.502923309803009, 'std': 0.001384163391776383, 'min': 0.5015830993652344, 'max': 0.5042635202407837}
  Saved validation predictions to: experiments/07b_regime_attention_sweep/enc8_gs200_vix25/collapse_monitoring/val_predictions_epoch0.npy
  Gradient norms:
    lstm_encoder: 0.019269
    lstm_decoder: 0.027666
    output_layer: 1.326915
  Regime gate grads (epoch avg): tensor([[-0.1085, -0.2085],
        [-0.1128, -0.1336]])
  VSN output std:
    encoder: 0.176449
  Attention entropy: 2.073649
  Regime attention gates: [[0.5025350451469421, 0.4961702823638916], [0.5015830993652344, 0.5042635202407837]]
  Saved to: experiments/07b_regime_attention_sweep/enc8_gs200_vix25/collapse_monitoring/collapse_monitor_latest.json
[DEBUG CollapseMonitor] on_validation_epoch_start called for epoch 1
[DEBUG CollapseMonitor] reset_temporal_state() called on loss function
Epoch 1: val_loss=1.3605563640594482
Epoch 1: train_loss=1.4369559288024902

[CollapseMonitor] Epoch 1
  [DEBUG] Processed 9 batches from val_dataloader
  [DEBUG] Predictions shape after concat: (264,)
  [DEBUG] All predictions list length: 9
  [DEBUG] First batch shape: (32,)
  Pred std: 0.036393, range: 0.162556, mean: 0.410057
  Pos: 100.0%, Neg: 0.0%, Unique: 264
  Dir Acc: 60.23%, Pred Sharpe: 178.8661
  Composite: 0.4825 (dist_match: 0.6023, actual_pos: 60.2%, pred_pos: 100.0%)
  Collapse penalty: 0.000000 (threshold: 0.005000)
  Regime distribution: {'regime_0_fraction': 0.0, 'regime_1_fraction': 1.0}
  Regime gates: {'mean': 0.5031110048294067, 'std': 0.0013889342080801725, 'min': 0.5017662048339844, 'max': 0.5044558644294739}
  Saved validation predictions to: experiments/07b_regime_attention_sweep/enc8_gs200_vix25/collapse_monitoring/val_predictions_epoch1.npy
  Gradient norms:
    lstm_encoder: 0.019226
    lstm_decoder: 0.027317
    output_layer: 1.256136
  Regime gate grads (epoch avg): tensor([[-0.2441, -0.2242],
        [-0.1191, -0.1281]])
  VSN output std:
    encoder: 0.176963
  Attention entropy: 2.073440
  Regime attention gates: [[0.5027138590812683, 0.4963686168193817], [0.5017662048339844, 0.5044558644294739]]
  Saved to: experiments/07b_regime_attention_sweep/enc8_gs200_vix25/collapse_monitoring/collapse_monitor_latest.json
[DEBUG CollapseMonitor] on_validation_epoch_start called for epoch 2
[DEBUG CollapseMonitor] reset_temporal_state() called on loss function
Epoch 2: val_loss=1.2510089874267578
Epoch 2: train_loss=1.3445451259613037

[CollapseMonitor] Epoch 2
  [DEBUG] Processed 9 batches from val_dataloader
  [DEBUG] Predictions shape after concat: (264,)
  [DEBUG] All predictions list length: 9
  [DEBUG] First batch shape: (32,)
  Pred std: 0.033579, range: 0.148779, mean: 0.363091
  Pos: 100.0%, Neg: 0.0%, Unique: 263
  Dir Acc: 60.23%, Pred Sharpe: 171.6504
  Composite: 0.4825 (dist_match: 0.6023, actual_pos: 60.2%, pred_pos: 100.0%)
  Collapse penalty: 0.000000 (threshold: 0.005000)
  Regime distribution: {'regime_0_fraction': 0.0, 'regime_1_fraction': 1.0}
  Regime gates: {'mean': 0.5034111738204956, 'std': 0.001422422588802874, 'min': 0.5020339488983154, 'max': 0.5047884583473206}
  Saved validation predictions to: experiments/07b_regime_attention_sweep/enc8_gs200_vix25/collapse_monitoring/val_predictions_epoch2.npy
  Gradient norms:
    lstm_encoder: 0.016724
    lstm_decoder: 0.023309
    output_layer: 1.141464
  Regime gate grads (epoch avg): tensor([[-0.1887, -0.1764],
        [-0.1064, -0.1397]])
  VSN output std:
    encoder: 0.179414
  Attention entropy: 2.072845
  Regime attention gates: [[0.5029666423797607, 0.4966104030609131], [0.5020339488983154, 0.5047884583473206]]
  Saved to: experiments/07b_regime_attention_sweep/enc8_gs200_vix25/collapse_monitoring/collapse_monitor_latest.json
[DEBUG CollapseMonitor] on_validation_epoch_start called for epoch 3
[DEBUG CollapseMonitor] reset_temporal_state() called on loss function
Epoch 3: val_loss=1.1692618131637573
Epoch 3: train_loss=1.2548362016677856

[CollapseMonitor] Epoch 3
  [DEBUG] Processed 9 batches from val_dataloader
  [DEBUG] Predictions shape after concat: (264,)
  [DEBUG] All predictions list length: 9
  [DEBUG] First batch shape: (32,)
  Pred std: 0.029115, range: 0.132451, mean: 0.318461
  Pos: 100.0%, Neg: 0.0%, Unique: 264
  Dir Acc: 60.23%, Pred Sharpe: 173.6335
  Composite: 0.4825 (dist_match: 0.6023, actual_pos: 60.2%, pred_pos: 100.0%)
  Collapse penalty: 0.000000 (threshold: 0.005000)
  Regime distribution: {'regime_0_fraction': 0.0, 'regime_1_fraction': 1.0}
  Regime gates: {'mean': 0.5036227703094482, 'std': 0.0014381202636286616, 'min': 0.5022303462028503, 'max': 0.5050152540206909}
  Saved validation predictions to: experiments/07b_regime_attention_sweep/enc8_gs200_vix25/collapse_monitoring/val_predictions_epoch3.npy
  Gradient norms:
    lstm_encoder: 0.015438
    lstm_decoder: 0.019615
    output_layer: 1.004459
  Regime gate grads (epoch avg): tensor([[-0.1107, -0.1478],
        [-0.0908, -0.0890]])
  VSN output std:
    encoder: 0.181042
  Attention entropy: 2.072412
  Regime attention gates: [[0.5031915307044983, 0.4968447685241699], [0.5022303462028503, 0.5050152540206909]]
  Saved to: experiments/07b_regime_attention_sweep/enc8_gs200_vix25/collapse_monitoring/collapse_monitor_latest.json
[DEBUG CollapseMonitor] on_validation_epoch_start called for epoch 4
[DEBUG CollapseMonitor] reset_temporal_state() called on loss function
Epoch 4: val_loss=1.0926005840301514
Epoch 4: train_loss=1.1768485307693481

[CollapseMonitor] Epoch 4
  [DEBUG] Processed 9 batches from val_dataloader
  [DEBUG] Predictions shape after concat: (264,)
  [DEBUG] All predictions list length: 9
  [DEBUG] First batch shape: (32,)
  Pred std: 0.024447, range: 0.113859, mean: 0.272128
  Pos: 100.0%, Neg: 0.0%, Unique: 264
  Dir Acc: 60.23%, Pred Sharpe: 176.7023
  Composite: 0.4825 (dist_match: 0.6023, actual_pos: 60.2%, pred_pos: 100.0%)
  Collapse penalty: 0.000000 (threshold: 0.005000)
  Regime distribution: {'regime_0_fraction': 0.0, 'regime_1_fraction': 1.0}
  Regime gates: {'mean': 0.5039147138595581, 'std': 0.001432425924576819, 'min': 0.5025277733802795, 'max': 0.5053016543388367}
  Saved validation predictions to: experiments/07b_regime_attention_sweep/enc8_gs200_vix25/collapse_monitoring/val_predictions_epoch4.npy
  Gradient norms:
    lstm_encoder: 0.014780
    lstm_decoder: 0.017620
    output_layer: 0.867664
  Regime gate grads (epoch avg): tensor([[-0.0647, -0.0535],
        [-0.0484, -0.0460]])
  VSN output std:
    encoder: 0.180296
  Attention entropy: 2.071306
  Regime attention gates: [[0.5033729076385498, 0.49701374769210815], [0.5025277733802795, 0.5053016543388367]]
  Saved to: experiments/07b_regime_attention_sweep/enc8_gs200_vix25/collapse_monitoring/collapse_monitor_latest.json
[DEBUG CollapseMonitor] on_validation_epoch_start called for epoch 5
[DEBUG CollapseMonitor] reset_temporal_state() called on loss function
Epoch 5: val_loss=1.044935941696167
Epoch 5: train_loss=1.1117632389068604

[CollapseMonitor] Epoch 5
  [DEBUG] Processed 9 batches from val_dataloader
  [DEBUG] Predictions shape after concat: (264,)
  [DEBUG] All predictions list length: 9
  [DEBUG] First batch shape: (32,)
  Pred std: 0.022248, range: 0.107596, mean: 0.226399
  Pos: 100.0%, Neg: 0.0%, Unique: 263
  Dir Acc: 60.23%, Pred Sharpe: 161.5383
  Composite: 0.4825 (dist_match: 0.6023, actual_pos: 60.2%, pred_pos: 100.0%)
  Collapse penalty: 0.000000 (threshold: 0.005000)
  Regime distribution: {'regime_0_fraction': 0.0, 'regime_1_fraction': 1.0}
  Regime gates: {'mean': 0.5041406154632568, 'std': 0.0014260237803682685, 'min': 0.5027598738670349, 'max': 0.5055213570594788}
  Saved validation predictions to: experiments/07b_regime_attention_sweep/enc8_gs200_vix25/collapse_monitoring/val_predictions_epoch5.npy
  Gradient norms:
    lstm_encoder: 0.012623
    lstm_decoder: 0.013985
    output_layer: 0.704890
  Regime gate grads (epoch avg): tensor([[-0.0506, -0.1120],
        [-0.0583, -0.0346]])
  VSN output std:
    encoder: 0.179974
  Attention entropy: 2.071027
  Regime attention gates: [[0.5034676790237427, 0.49722927808761597], [0.5027598738670349, 0.5055213570594788]]
  Saved to: experiments/07b_regime_attention_sweep/enc8_gs200_vix25/collapse_monitoring/collapse_monitor_latest.json
[DEBUG CollapseMonitor] on_validation_epoch_start called for epoch 6
[DEBUG CollapseMonitor] reset_temporal_state() called on loss function
Epoch 6: val_loss=1.009145975112915
Epoch 6: train_loss=1.0466471910476685

[CollapseMonitor] Epoch 6
  [DEBUG] Processed 9 batches from val_dataloader
  [DEBUG] Predictions shape after concat: (264,)
  [DEBUG] All predictions list length: 9
  [DEBUG] First batch shape: (32,)
  Pred std: 0.020766, range: 0.105071, mean: 0.206596
  Pos: 100.0%, Neg: 0.0%, Unique: 263
  Dir Acc: 60.23%, Pred Sharpe: 157.9330
  Composite: 0.4825 (dist_match: 0.6023, actual_pos: 60.2%, pred_pos: 100.0%)
  Collapse penalty: 0.000000 (threshold: 0.005000)
  Regime distribution: {'regime_0_fraction': 0.0, 'regime_1_fraction': 1.0}
  Regime gates: {'mean': 0.5045055150985718, 'std': 0.0013587085995823145, 'min': 0.5031899213790894, 'max': 0.5058210492134094}
  Saved validation predictions to: experiments/07b_regime_attention_sweep/enc8_gs200_vix25/collapse_monitoring/val_predictions_epoch6.npy
  Gradient norms:
    lstm_encoder: 0.011097
    lstm_decoder: 0.011768
    output_layer: 0.564260
  Regime gate grads (epoch avg): tensor([[ 0.0744,  0.1242],
        [-0.0751, -0.0542]])
  VSN output std:
    encoder: 0.180201
  Attention entropy: 2.070368
  Regime attention gates: [[0.5033940672874451, 0.4970589876174927], [0.5031899213790894, 0.5058210492134094]]
  Saved to: experiments/07b_regime_attention_sweep/enc8_gs200_vix25/collapse_monitoring/collapse_monitor_latest.json
[DEBUG CollapseMonitor] on_validation_epoch_start called for epoch 7
[DEBUG CollapseMonitor] reset_temporal_state() called on loss function
Epoch 7: val_loss=0.9931640625
Epoch 7: train_loss=1.0080474615097046

[CollapseMonitor] Epoch 7
  [DEBUG] Processed 9 batches from val_dataloader
  [DEBUG] Predictions shape after concat: (264,)
  [DEBUG] All predictions list length: 9
  [DEBUG] First batch shape: (32,)
  Pred std: 0.019859, range: 0.103135, mean: 0.172388
  Pos: 100.0%, Neg: 0.0%, Unique: 263
  Dir Acc: 60.23%, Pred Sharpe: 137.8004
  Composite: 0.4825 (dist_match: 0.6023, actual_pos: 60.2%, pred_pos: 100.0%)
  Collapse penalty: 0.000000 (threshold: 0.005000)
  Regime distribution: {'regime_0_fraction': 0.0, 'regime_1_fraction': 1.0}
  Regime gates: {'mean': 0.5048976540565491, 'std': 0.0014035545755177736, 'min': 0.5035387277603149, 'max': 0.5062566995620728}
  Saved validation predictions to: experiments/07b_regime_attention_sweep/enc8_gs200_vix25/collapse_monitoring/val_predictions_epoch7.npy
  Gradient norms:
    lstm_encoder: 0.009225
    lstm_decoder: 0.009494
    output_layer: 0.418211
  Regime gate grads (epoch avg): tensor([[ 0.0667,  0.1060],
        [-0.0345, -0.0641]])
  VSN output std:
    encoder: 0.181000
  Attention entropy: 2.069891
  Regime attention gates: [[0.5031735301017761, 0.49668261408805847], [0.5035387277603149, 0.5062566995620728]]
  Saved to: experiments/07b_regime_attention_sweep/enc8_gs200_vix25/collapse_monitoring/collapse_monitor_latest.json
[DEBUG CollapseMonitor] on_validation_epoch_start called for epoch 8
[DEBUG CollapseMonitor] reset_temporal_state() called on loss function
Epoch 8: val_loss=0.981623649597168
Epoch 8: train_loss=0.9868020415306091

[CollapseMonitor] Epoch 8
  [DEBUG] Processed 9 batches from val_dataloader
  [DEBUG] Predictions shape after concat: (264,)
  [DEBUG] All predictions list length: 9
  [DEBUG] First batch shape: (32,)
  Pred std: 0.019990, range: 0.106178, mean: 0.155791
  Pos: 100.0%, Neg: 0.0%, Unique: 262
  Dir Acc: 60.23%, Pred Sharpe: 123.7153
  Composite: 0.4825 (dist_match: 0.6023, actual_pos: 60.2%, pred_pos: 100.0%)
  Collapse penalty: 0.000000 (threshold: 0.005000)
  Regime distribution: {'regime_0_fraction': 0.0, 'regime_1_fraction': 1.0}
  Regime gates: {'mean': 0.5053467750549316, 'std': 0.0014611434889957309, 'min': 0.5039320588111877, 'max': 0.5067615509033203}
  Saved validation predictions to: experiments/07b_regime_attention_sweep/enc8_gs200_vix25/collapse_monitoring/val_predictions_epoch8.npy
  Gradient norms:
    lstm_encoder: 0.009382
    lstm_decoder: 0.010072
    output_layer: 0.412003
  Regime gate grads (epoch avg): tensor([[ 0.1219,  0.0779],
        [-0.0435, -0.0373]])
  VSN output std:
    encoder: 0.178043
  Attention entropy: 2.068916
  Regime attention gates: [[0.5026516914367676, 0.4962146580219269], [0.5039320588111877, 0.5067615509033203]]
  Saved to: experiments/07b_regime_attention_sweep/enc8_gs200_vix25/collapse_monitoring/collapse_monitor_latest.json
[DEBUG CollapseMonitor] on_validation_epoch_start called for epoch 9
[DEBUG CollapseMonitor] reset_temporal_state() called on loss function
Epoch 9: val_loss=0.9755266308784485
Epoch 9: train_loss=0.9786714315414429

[CollapseMonitor] Epoch 9
  [DEBUG] Processed 9 batches from val_dataloader
  [DEBUG] Predictions shape after concat: (264,)
  [DEBUG] All predictions list length: 9
  [DEBUG] First batch shape: (32,)
  Pred std: 0.018645, range: 0.099559, mean: 0.241805
  Pos: 100.0%, Neg: 0.0%, Unique: 264
  Dir Acc: 60.23%, Pred Sharpe: 205.8694
  Composite: 0.4825 (dist_match: 0.6023, actual_pos: 60.2%, pred_pos: 100.0%)
  Collapse penalty: 0.000000 (threshold: 0.005000)
  Regime distribution: {'regime_0_fraction': 0.0, 'regime_1_fraction': 1.0}
  Regime gates: {'mean': 0.5055890083312988, 'std': 0.0013720669085159898, 'min': 0.5042604804039001, 'max': 0.5069174766540527}
  Saved validation predictions to: experiments/07b_regime_attention_sweep/enc8_gs200_vix25/collapse_monitoring/val_predictions_epoch9.npy
  Gradient norms:
    lstm_encoder: 0.008597
    lstm_decoder: 0.008668
    output_layer: 0.339018
  Regime gate grads (epoch avg): tensor([[ 0.0741,  0.0461],
        [-0.0408, -0.0097]])
  VSN output std:
    encoder: 0.175297
  Attention entropy: 2.069578
  Regime attention gates: [[0.5022528171539307, 0.49596351385116577], [0.5042604804039001, 0.5069174766540527]]
  Saved to: experiments/07b_regime_attention_sweep/enc8_gs200_vix25/collapse_monitoring/collapse_monitor_latest.json
[DEBUG CollapseMonitor] on_validation_epoch_start called for epoch 10
[DEBUG CollapseMonitor] reset_temporal_state() called on loss function
Epoch 10: val_loss=0.9682373404502869
Epoch 10: train_loss=0.9651890397071838

[CollapseMonitor] Epoch 10
  [DEBUG] Processed 9 batches from val_dataloader
  [DEBUG] Predictions shape after concat: (264,)
  [DEBUG] All predictions list length: 9
  [DEBUG] First batch shape: (32,)
  Pred std: 0.017354, range: 0.093763, mean: 0.197907
  Pos: 100.0%, Neg: 0.0%, Unique: 264
  Dir Acc: 60.23%, Pred Sharpe: 181.0360
  Composite: 0.4825 (dist_match: 0.6023, actual_pos: 60.2%, pred_pos: 100.0%)
  Collapse penalty: 0.000000 (threshold: 0.005000)
  Regime distribution: {'regime_0_fraction': 0.0, 'regime_1_fraction': 1.0}
  Regime gates: {'mean': 0.5059400200843811, 'std': 0.0012300185626372695, 'min': 0.504749059677124, 'max': 0.5071309804916382}
  Saved validation predictions to: experiments/07b_regime_attention_sweep/enc8_gs200_vix25/collapse_monitoring/val_predictions_epoch10.npy
  Gradient norms:
    lstm_encoder: 0.008460
    lstm_decoder: 0.008417
    output_layer: 0.320827
  Regime gate grads (epoch avg): tensor([[ 0.0416,  0.0431],
        [-0.0469, -0.0253]])
  VSN output std:
    encoder: 0.171393
  Attention entropy: 2.069787
  Regime attention gates: [[0.5019207000732422, 0.49573132395744324], [0.504749059677124, 0.5071309804916382]]
  Saved to: experiments/07b_regime_attention_sweep/enc8_gs200_vix25/collapse_monitoring/collapse_monitor_latest.json
[DEBUG CollapseMonitor] on_validation_epoch_start called for epoch 11
[DEBUG CollapseMonitor] reset_temporal_state() called on loss function
Epoch 11: val_loss=0.9642665386199951
Epoch 11: train_loss=0.9633345007896423

[CollapseMonitor] Epoch 11
  [DEBUG] Processed 9 batches from val_dataloader
  [DEBUG] Predictions shape after concat: (264,)
  [DEBUG] All predictions list length: 9
  [DEBUG] First batch shape: (32,)
  Pred std: 0.016642, range: 0.088943, mean: 0.191323
  Pos: 100.0%, Neg: 0.0%, Unique: 264
  Dir Acc: 60.23%, Pred Sharpe: 182.4980
  Composite: 0.4825 (dist_match: 0.6023, actual_pos: 60.2%, pred_pos: 100.0%)
  Collapse penalty: 0.000000 (threshold: 0.005000)
  Regime distribution: {'regime_0_fraction': 0.0, 'regime_1_fraction': 1.0}
  Regime gates: {'mean': 0.5064874291419983, 'std': 0.0012287258869037032, 'min': 0.5052977800369263, 'max': 0.5076771974563599}
  Saved validation predictions to: experiments/07b_regime_attention_sweep/enc8_gs200_vix25/collapse_monitoring/val_predictions_epoch11.npy
  Gradient norms:
    lstm_encoder: 0.007592
    lstm_decoder: 0.007942
    output_layer: 0.307259
  Regime gate grads (epoch avg): tensor([[ 0.0914,  0.0814],
        [-0.0477, -0.0542]])
  VSN output std:
    encoder: 0.171995
  Attention entropy: 2.069246
  Regime attention gates: [[0.5015234351158142, 0.49536266922950745], [0.5052977800369263, 0.5076771974563599]]
  Saved to: experiments/07b_regime_attention_sweep/enc8_gs200_vix25/collapse_monitoring/collapse_monitor_latest.json
[DEBUG CollapseMonitor] on_validation_epoch_start called for epoch 12
[DEBUG CollapseMonitor] reset_temporal_state() called on loss function
Epoch 12: val_loss=0.9604359865188599
Epoch 12: train_loss=0.960453987121582

[CollapseMonitor] Epoch 12
  [DEBUG] Processed 9 batches from val_dataloader
  [DEBUG] Predictions shape after concat: (264,)
  [DEBUG] All predictions list length: 9
  [DEBUG] First batch shape: (32,)
  Pred std: 0.015981, range: 0.084924, mean: 0.258479
  Pos: 100.0%, Neg: 0.0%, Unique: 263
  Dir Acc: 60.23%, Pred Sharpe: 256.7540
  Composite: 0.4825 (dist_match: 0.6023, actual_pos: 60.2%, pred_pos: 100.0%)
  Collapse penalty: 0.000000 (threshold: 0.005000)
  Regime distribution: {'regime_0_fraction': 0.0, 'regime_1_fraction': 1.0}
  Regime gates: {'mean': 0.5070536136627197, 'std': 0.0012264482211321592, 'min': 0.5058661103248596, 'max': 0.5082411170005798}
  Saved validation predictions to: experiments/07b_regime_attention_sweep/enc8_gs200_vix25/collapse_monitoring/val_predictions_epoch12.npy
  Gradient norms:
    lstm_encoder: 0.007403
    lstm_decoder: 0.007461
    output_layer: 0.280005
  Regime gate grads (epoch avg): tensor([[ 0.0298,  0.0187],
        [-0.0534, -0.0508]])
  VSN output std:
    encoder: 0.172181
  Attention entropy: 2.069137
  Regime attention gates: [[0.5012237429618835, 0.4949822723865509], [0.5058661103248596, 0.5082411170005798]]
  Saved to: experiments/07b_regime_attention_sweep/enc8_gs200_vix25/collapse_monitoring/collapse_monitor_latest.json
[DEBUG CollapseMonitor] on_validation_epoch_start called for epoch 13
[DEBUG CollapseMonitor] reset_temporal_state() called on loss function
Epoch 13: val_loss=0.9592922329902649
Epoch 13: train_loss=0.9422390460968018

[CollapseMonitor] Epoch 13
  [DEBUG] Processed 9 batches from val_dataloader
  [DEBUG] Predictions shape after concat: (264,)
  [DEBUG] All predictions list length: 9
  [DEBUG] First batch shape: (32,)
  Pred std: 0.015300, range: 0.080794, mean: 0.232420
  Pos: 100.0%, Neg: 0.0%, Unique: 264
  Dir Acc: 60.23%, Pred Sharpe: 241.1438
  Composite: 0.4825 (dist_match: 0.6023, actual_pos: 60.2%, pred_pos: 100.0%)
  Collapse penalty: 0.000000 (threshold: 0.005000)
  Regime distribution: {'regime_0_fraction': 0.0, 'regime_1_fraction': 1.0}
  Regime gates: {'mean': 0.5075448751449585, 'std': 0.00125599664170295, 'min': 0.5063287615776062, 'max': 0.5087609887123108}
  Saved validation predictions to: experiments/07b_regime_attention_sweep/enc8_gs200_vix25/collapse_monitoring/val_predictions_epoch13.npy
  Gradient norms:
    lstm_encoder: 0.007523
    lstm_decoder: 0.007751
    output_layer: 0.278366
  Regime gate grads (epoch avg): tensor([[ 0.0718,  0.0525],
        [-0.0177, -0.0253]])
  VSN output std:
    encoder: 0.173253
  Attention entropy: 2.068656
  Regime attention gates: [[0.5008646845817566, 0.4947740435600281], [0.5063287615776062, 0.5087609887123108]]
  Saved to: experiments/07b_regime_attention_sweep/enc8_gs200_vix25/collapse_monitoring/collapse_monitor_latest.json
[DEBUG CollapseMonitor] on_validation_epoch_start called for epoch 14
[DEBUG CollapseMonitor] reset_temporal_state() called on loss function
Epoch 14: val_loss=0.9568378329277039
Epoch 14: train_loss=0.9493643045425415

[CollapseMonitor] Epoch 14
  [DEBUG] Processed 9 batches from val_dataloader
  [DEBUG] Predictions shape after concat: (264,)
  [DEBUG] All predictions list length: 9
  [DEBUG] First batch shape: (32,)
  Pred std: 0.013871, range: 0.072015, mean: 0.241205
  Pos: 100.0%, Neg: 0.0%, Unique: 262
  Dir Acc: 60.23%, Pred Sharpe: 276.0414
  Composite: 0.4825 (dist_match: 0.6023, actual_pos: 60.2%, pred_pos: 100.0%)
  Collapse penalty: 0.000000 (threshold: 0.005000)
  Regime distribution: {'regime_0_fraction': 0.0, 'regime_1_fraction': 1.0}
  Regime gates: {'mean': 0.5078082084655762, 'std': 0.0012451006332412362, 'min': 0.5066026449203491, 'max': 0.5090137720108032}
  Saved validation predictions to: experiments/07b_regime_attention_sweep/enc8_gs200_vix25/collapse_monitoring/val_predictions_epoch14.npy
  Gradient norms:
    lstm_encoder: 0.007435
    lstm_decoder: 0.007757
    output_layer: 0.284250
  Regime gate grads (epoch avg): tensor([[ 0.0822,  0.0674],
        [-0.0283, -0.0155]])
  VSN output std:
    encoder: 0.174966
  Attention entropy: 2.066810
  Regime attention gates: [[0.5002084374427795, 0.49418625235557556], [0.5066026449203491, 0.5090137720108032]]
  Saved to: experiments/07b_regime_attention_sweep/enc8_gs200_vix25/collapse_monitoring/collapse_monitor_latest.json
[DEBUG CollapseMonitor] on_validation_epoch_start called for epoch 15
[DEBUG CollapseMonitor] reset_temporal_state() called on loss function
Epoch 15: val_loss=0.9565830230712891
Epoch 15: train_loss=0.9477645754814148

[CollapseMonitor] Epoch 15
  [DEBUG] Processed 9 batches from val_dataloader
  [DEBUG] Predictions shape after concat: (264,)
  [DEBUG] All predictions list length: 9
  [DEBUG] First batch shape: (32,)
  Pred std: 0.012393, range: 0.062910, mean: 0.288133
  Pos: 100.0%, Neg: 0.0%, Unique: 263
  Dir Acc: 60.23%, Pred Sharpe: 369.0885
  Composite: 0.4825 (dist_match: 0.6023, actual_pos: 60.2%, pred_pos: 100.0%)
  Collapse penalty: 0.000000 (threshold: 0.005000)
  Regime distribution: {'regime_0_fraction': 0.0, 'regime_1_fraction': 1.0}
  Regime gates: {'mean': 0.5082883834838867, 'std': 0.0011347247054800391, 'min': 0.5071896910667419, 'max': 0.5093870759010315}
  Saved validation predictions to: experiments/07b_regime_attention_sweep/enc8_gs200_vix25/collapse_monitoring/val_predictions_epoch15.npy
  Gradient norms:
    lstm_encoder: 0.008004
    lstm_decoder: 0.008096
    output_layer: 0.288446
  Regime gate grads (epoch avg): tensor([[ 0.0214,  0.0081],
        [-0.0669, -0.0652]])
  VSN output std:
    encoder: 0.172844
  Attention entropy: 2.066466
  Regime attention gates: [[0.4998261332511902, 0.4939991235733032], [0.5071896910667419, 0.5093870759010315]]
  Saved to: experiments/07b_regime_attention_sweep/enc8_gs200_vix25/collapse_monitoring/collapse_monitor_latest.json
[DEBUG CollapseMonitor] on_validation_epoch_start called for epoch 16
[DEBUG CollapseMonitor] reset_temporal_state() called on loss function
Epoch 16: val_loss=0.9558412432670593
Epoch 16: train_loss=0.9492295384407043

[CollapseMonitor] Epoch 16
  [DEBUG] Processed 9 batches from val_dataloader
  [DEBUG] Predictions shape after concat: (264,)
  [DEBUG] All predictions list length: 9
  [DEBUG] First batch shape: (32,)
  Pred std: 0.011580, range: 0.057726, mean: 0.306897
  Pos: 100.0%, Neg: 0.0%, Unique: 263
  Dir Acc: 60.23%, Pred Sharpe: 420.7016
  Composite: 0.4825 (dist_match: 0.6023, actual_pos: 60.2%, pred_pos: 100.0%)
  Collapse penalty: 0.000000 (threshold: 0.005000)
  Regime distribution: {'regime_0_fraction': 0.0, 'regime_1_fraction': 1.0}
  Regime gates: {'mean': 0.5088769197463989, 'std': 0.001128599513322115, 'min': 0.5077841877937317, 'max': 0.5099697113037109}
  Saved validation predictions to: experiments/07b_regime_attention_sweep/enc8_gs200_vix25/collapse_monitoring/val_predictions_epoch16.npy
  Gradient norms:
    lstm_encoder: 0.007098
    lstm_decoder: 0.007429
    output_layer: 0.247655
  Regime gate grads (epoch avg): tensor([[ 0.0485,  0.0351],
        [-0.0315, -0.0216]])
  VSN output std:
    encoder: 0.172743
  Attention entropy: 2.064323
  Regime attention gates: [[0.49958840012550354, 0.4937571585178375], [0.5077841877937317, 0.5099697113037109]]
  Saved to: experiments/07b_regime_attention_sweep/enc8_gs200_vix25/collapse_monitoring/collapse_monitor_latest.json
[DEBUG CollapseMonitor] on_validation_epoch_start called for epoch 17
[DEBUG CollapseMonitor] reset_temporal_state() called on loss function
Epoch 17: val_loss=0.9535171985626221
Epoch 17: train_loss=0.9459007382392883

[CollapseMonitor] Epoch 17
  [DEBUG] Processed 9 batches from val_dataloader
  [DEBUG] Predictions shape after concat: (264,)
  [DEBUG] All predictions list length: 9
  [DEBUG] First batch shape: (32,)
  Pred std: 0.010587, range: 0.049770, mean: 0.309389
  Pos: 100.0%, Neg: 0.0%, Unique: 264
  Dir Acc: 60.23%, Pred Sharpe: 463.9247
  Composite: 0.4825 (dist_match: 0.6023, actual_pos: 60.2%, pred_pos: 100.0%)
  Collapse penalty: 0.000000 (threshold: 0.005000)
  Regime distribution: {'regime_0_fraction': 0.0, 'regime_1_fraction': 1.0}
  Regime gates: {'mean': 0.5093385577201843, 'std': 0.0010881241178140044, 'min': 0.5082849860191345, 'max': 0.5103921294212341}
  Saved validation predictions to: experiments/07b_regime_attention_sweep/enc8_gs200_vix25/collapse_monitoring/val_predictions_epoch17.npy
  Gradient norms:
    lstm_encoder: 0.007295
    lstm_decoder: 0.007109
    output_layer: 0.232838
  Regime gate grads (epoch avg): tensor([[ 0.0758,  0.0624],
        [-0.0538, -0.0603]])
  VSN output std:
    encoder: 0.173577
  Attention entropy: 2.062537
  Regime attention gates: [[0.49898093938827515, 0.49332669377326965], [0.5082849860191345, 0.5103921294212341]]
  Saved to: experiments/07b_regime_attention_sweep/enc8_gs200_vix25/collapse_monitoring/collapse_monitor_latest.json
[DEBUG CollapseMonitor] on_validation_epoch_start called for epoch 18
[DEBUG CollapseMonitor] reset_temporal_state() called on loss function
Epoch 18: val_loss=0.95283043384552
Epoch 18: train_loss=0.9403685331344604

[CollapseMonitor] Epoch 18
  [DEBUG] Processed 9 batches from val_dataloader
  [DEBUG] Predictions shape after concat: (264,)
  [DEBUG] All predictions list length: 9
  [DEBUG] First batch shape: (32,)
  Pred std: 0.010332, range: 0.046698, mean: 0.222353
  Pos: 100.0%, Neg: 0.0%, Unique: 263
  Dir Acc: 60.23%, Pred Sharpe: 341.6366
  Composite: 0.4825 (dist_match: 0.6023, actual_pos: 60.2%, pred_pos: 100.0%)
  Collapse penalty: 0.000000 (threshold: 0.005000)
  Regime distribution: {'regime_0_fraction': 0.0, 'regime_1_fraction': 1.0}
  Regime gates: {'mean': 0.5098593235015869, 'std': 0.0010522350203245878, 'min': 0.5088405013084412, 'max': 0.5108781456947327}
  Saved validation predictions to: experiments/07b_regime_attention_sweep/enc8_gs200_vix25/collapse_monitoring/val_predictions_epoch18.npy
  Gradient norms:
    lstm_encoder: 0.007953
    lstm_decoder: 0.007701
    output_layer: 0.259029
  Regime gate grads (epoch avg): tensor([[ 0.0510,  0.0265],
        [-0.0357, -0.0356]])
  VSN output std:
    encoder: 0.177195
  Attention entropy: 2.061347
  Regime attention gates: [[0.4983157813549042, 0.4928613007068634], [0.5088405013084412, 0.5108781456947327]]
  Saved to: experiments/07b_regime_attention_sweep/enc8_gs200_vix25/collapse_monitoring/collapse_monitor_latest.json
[DEBUG CollapseMonitor] on_validation_epoch_start called for epoch 19
[DEBUG CollapseMonitor] reset_temporal_state() called on loss function
Epoch 19: val_loss=0.9535648226737976
Epoch 19: train_loss=0.940646231174469

[CollapseMonitor] Epoch 19
  [DEBUG] Processed 9 batches from val_dataloader
  [DEBUG] Predictions shape after concat: (264,)
  [DEBUG] All predictions list length: 9
  [DEBUG] First batch shape: (32,)
  Pred std: 0.010276, range: 0.045650, mean: 0.181435
  Pos: 100.0%, Neg: 0.0%, Unique: 260
  Dir Acc: 60.23%, Pred Sharpe: 280.2780
  Composite: 0.4825 (dist_match: 0.6023, actual_pos: 60.2%, pred_pos: 100.0%)
  Collapse penalty: 0.000000 (threshold: 0.005000)
  Regime distribution: {'regime_0_fraction': 0.0, 'regime_1_fraction': 1.0}
  Regime gates: {'mean': 0.5102881193161011, 'std': 0.0011724913492798805, 'min': 0.5091528296470642, 'max': 0.5114233493804932}
  Saved validation predictions to: experiments/07b_regime_attention_sweep/enc8_gs200_vix25/collapse_monitoring/val_predictions_epoch19.npy
  Gradient norms:
    lstm_encoder: 0.008742
    lstm_decoder: 0.007700
    output_layer: 0.282632
  Regime gate grads (epoch avg): tensor([[ 0.0507,  0.0408],
        [-0.0189, -0.0395]])
  VSN output std:
    encoder: 0.180878
  Attention entropy: 2.061180
  Regime attention gates: [[0.4978632926940918, 0.4926581084728241], [0.5091528296470642, 0.5114233493804932]]
  Saved to: experiments/07b_regime_attention_sweep/enc8_gs200_vix25/collapse_monitoring/collapse_monitor_latest.json
[DEBUG CollapseMonitor] on_validation_epoch_start called for epoch 20
[DEBUG CollapseMonitor] reset_temporal_state() called on loss function
Epoch 20: val_loss=0.9529324173927307
Epoch 20: train_loss=0.9317482113838196

[CollapseMonitor] Epoch 20
  [DEBUG] Processed 9 batches from val_dataloader
  [DEBUG] Predictions shape after concat: (264,)
  [DEBUG] All predictions list length: 9
  [DEBUG] First batch shape: (32,)
  Pred std: 0.012636, range: 0.056514, mean: 0.208629
  Pos: 100.0%, Neg: 0.0%, Unique: 262
  Dir Acc: 60.23%, Pred Sharpe: 262.1023
  Composite: 0.4825 (dist_match: 0.6023, actual_pos: 60.2%, pred_pos: 100.0%)
  Collapse penalty: 0.000000 (threshold: 0.005000)
  Regime distribution: {'regime_0_fraction': 0.0, 'regime_1_fraction': 1.0}
  Regime gates: {'mean': 0.5109276175498962, 'std': 0.0011342321522533894, 'min': 0.5098294019699097, 'max': 0.5120258331298828}
  Saved validation predictions to: experiments/07b_regime_attention_sweep/enc8_gs200_vix25/collapse_monitoring/val_predictions_epoch20.npy
  Gradient norms:
    lstm_encoder: 0.009139
    lstm_decoder: 0.008425
    output_layer: 0.301288
  Regime gate grads (epoch avg): tensor([[ 0.1107,  0.0888],
        [-0.0641, -0.0431]])
  VSN output std:
    encoder: 0.185944
  Attention entropy: 2.058131
  Regime attention gates: [[0.49722668528556824, 0.49218297004699707], [0.5098294019699097, 0.5120258331298828]]
  Saved to: experiments/07b_regime_attention_sweep/enc8_gs200_vix25/collapse_monitoring/collapse_monitor_latest.json
[DEBUG CollapseMonitor] on_validation_epoch_start called for epoch 21
[DEBUG CollapseMonitor] reset_temporal_state() called on loss function
Epoch 21: val_loss=0.9514779448509216
Epoch 21: train_loss=0.9346636533737183

[CollapseMonitor] Epoch 21
  [DEBUG] Processed 9 batches from val_dataloader
  [DEBUG] Predictions shape after concat: (264,)
  [DEBUG] All predictions list length: 9
  [DEBUG] First batch shape: (32,)
  Pred std: 0.013542, range: 0.061406, mean: 0.233332
  Pos: 100.0%, Neg: 0.0%, Unique: 263
  Dir Acc: 60.23%, Pred Sharpe: 273.5305
  Composite: 0.4825 (dist_match: 0.6023, actual_pos: 60.2%, pred_pos: 100.0%)
  Collapse penalty: 0.000000 (threshold: 0.005000)
  Regime distribution: {'regime_0_fraction': 0.0, 'regime_1_fraction': 1.0}
  Regime gates: {'mean': 0.5114187002182007, 'std': 0.0010786132188513875, 'min': 0.5103743672370911, 'max': 0.5124630928039551}
  Saved validation predictions to: experiments/07b_regime_attention_sweep/enc8_gs200_vix25/collapse_monitoring/val_predictions_epoch21.npy
  Gradient norms:
    lstm_encoder: 0.009366
    lstm_decoder: 0.008074
    output_layer: 0.255802
  Regime gate grads (epoch avg): tensor([[ 0.0137,  0.0106],
        [-0.0595, -0.0468]])
  VSN output std:
    encoder: 0.186243
  Attention entropy: 2.058551
  Regime attention gates: [[0.4968947470188141, 0.4919062554836273], [0.5103743672370911, 0.5124630928039551]]
  Saved to: experiments/07b_regime_attention_sweep/enc8_gs200_vix25/collapse_monitoring/collapse_monitor_latest.json
[DEBUG CollapseMonitor] on_validation_epoch_start called for epoch 22
[DEBUG CollapseMonitor] reset_temporal_state() called on loss function
Epoch 22: val_loss=0.9502150416374207
Epoch 22: train_loss=0.938819408416748

[CollapseMonitor] Epoch 22
  [DEBUG] Processed 9 batches from val_dataloader
  [DEBUG] Predictions shape after concat: (264,)
  [DEBUG] All predictions list length: 9
  [DEBUG] First batch shape: (32,)
  Pred std: 0.014903, range: 0.071939, mean: 0.225372
  Pos: 100.0%, Neg: 0.0%, Unique: 264
  Dir Acc: 60.23%, Pred Sharpe: 240.0711
  Composite: 0.4825 (dist_match: 0.6023, actual_pos: 60.2%, pred_pos: 100.0%)
  Collapse penalty: 0.000000 (threshold: 0.005000)
  Regime distribution: {'regime_0_fraction': 0.0, 'regime_1_fraction': 1.0}
  Regime gates: {'mean': 0.5121394395828247, 'std': 0.0010707336477935314, 'min': 0.5111027359962463, 'max': 0.5131762027740479}
  Saved validation predictions to: experiments/07b_regime_attention_sweep/enc8_gs200_vix25/collapse_monitoring/val_predictions_epoch22.npy
  Gradient norms:
    lstm_encoder: 0.009828
    lstm_decoder: 0.008518
    output_layer: 0.287651
  Regime gate grads (epoch avg): tensor([[ 0.0388,  0.0153],
        [-0.0464, -0.0533]])
  VSN output std:
    encoder: 0.186160
  Attention entropy: 2.056227
  Regime attention gates: [[0.4965149462223053, 0.49174031615257263], [0.5111027359962463, 0.5131762027740479]]
  Saved to: experiments/07b_regime_attention_sweep/enc8_gs200_vix25/collapse_monitoring/collapse_monitor_latest.json
[DEBUG CollapseMonitor] on_validation_epoch_start called for epoch 23
[DEBUG CollapseMonitor] reset_temporal_state() called on loss function
Epoch 23: val_loss=0.9493661522865295
Epoch 23: train_loss=0.934867262840271

[CollapseMonitor] Epoch 23
  [DEBUG] Processed 9 batches from val_dataloader
  [DEBUG] Predictions shape after concat: (264,)
  [DEBUG] All predictions list length: 9
  [DEBUG] First batch shape: (32,)
  Pred std: 0.016732, range: 0.084231, mean: 0.221476
  Pos: 100.0%, Neg: 0.0%, Unique: 264
  Dir Acc: 60.23%, Pred Sharpe: 210.1206
  Composite: 0.4825 (dist_match: 0.6023, actual_pos: 60.2%, pred_pos: 100.0%)
  Collapse penalty: 0.000000 (threshold: 0.005000)
  Regime distribution: {'regime_0_fraction': 0.0, 'regime_1_fraction': 1.0}
  Regime gates: {'mean': 0.5126502513885498, 'std': 0.0011131789069622755, 'min': 0.5115724205970764, 'max': 0.5137280821800232}
  Saved validation predictions to: experiments/07b_regime_attention_sweep/enc8_gs200_vix25/collapse_monitoring/val_predictions_epoch23.npy
  Gradient norms:
    lstm_encoder: 0.009202
    lstm_decoder: 0.008022
    output_layer: 0.261755
  Regime gate grads (epoch avg): tensor([[ 0.0591,  0.0463],
        [-0.0252, -0.0355]])
  VSN output std:
    encoder: 0.182998
  Attention entropy: 2.053827
  Regime attention gates: [[0.4959786534309387, 0.4914264380931854], [0.5115724205970764, 0.5137280821800232]]
  Saved to: experiments/07b_regime_attention_sweep/enc8_gs200_vix25/collapse_monitoring/collapse_monitor_latest.json
[DEBUG CollapseMonitor] on_validation_epoch_start called for epoch 24
[DEBUG CollapseMonitor] reset_temporal_state() called on loss function
Epoch 24: val_loss=0.9474374055862427
Epoch 24: train_loss=0.9319078326225281

[CollapseMonitor] Epoch 24
  [DEBUG] Processed 9 batches from val_dataloader
  [DEBUG] Predictions shape after concat: (264,)
  [DEBUG] All predictions list length: 9
  [DEBUG] First batch shape: (32,)
  Pred std: 0.021748, range: 0.106410, mean: 0.295094
  Pos: 100.0%, Neg: 0.0%, Unique: 263
  Dir Acc: 60.23%, Pred Sharpe: 215.4016
  Composite: 0.4825 (dist_match: 0.6023, actual_pos: 60.2%, pred_pos: 100.0%)
  Collapse penalty: 0.000000 (threshold: 0.005000)
  Regime distribution: {'regime_0_fraction': 0.0, 'regime_1_fraction': 1.0}
  Regime gates: {'mean': 0.513338029384613, 'std': 0.0011101624695584178, 'min': 0.5122631192207336, 'max': 0.5144129395484924}
  Saved validation predictions to: experiments/07b_regime_attention_sweep/enc8_gs200_vix25/collapse_monitoring/val_predictions_epoch24.npy
  Gradient norms:
    lstm_encoder: 0.010401
    lstm_decoder: 0.008164
    output_layer: 0.248512
  Regime gate grads (epoch avg): tensor([[ 0.0294,  0.0438],
        [-0.0560, -0.0558]])
  VSN output std:
    encoder: 0.186127
  Attention entropy: 2.050087
  Regime attention gates: [[0.4955443739891052, 0.49088630080223083], [0.5122631192207336, 0.5144129395484924]]
  Saved to: experiments/07b_regime_attention_sweep/enc8_gs200_vix25/collapse_monitoring/collapse_monitor_latest.json
[DEBUG CollapseMonitor] on_validation_epoch_start called for epoch 25
[DEBUG CollapseMonitor] reset_temporal_state() called on loss function
Epoch 25: val_loss=0.9473152756690979
Epoch 25: train_loss=0.9237677454948425

[CollapseMonitor] Epoch 25
  [DEBUG] Processed 9 batches from val_dataloader
  [DEBUG] Predictions shape after concat: (264,)
  [DEBUG] All predictions list length: 9
  [DEBUG] First batch shape: (32,)
  Pred std: 0.026751, range: 0.131681, mean: 0.196765
  Pos: 100.0%, Neg: 0.0%, Unique: 264
  Dir Acc: 60.23%, Pred Sharpe: 116.7619
  Composite: 0.4825 (dist_match: 0.6023, actual_pos: 60.2%, pred_pos: 100.0%)
  Collapse penalty: 0.000000 (threshold: 0.005000)
  Regime distribution: {'regime_0_fraction': 0.0, 'regime_1_fraction': 1.0}
  Regime gates: {'mean': 0.5139895677566528, 'std': 0.0010515886824578047, 'min': 0.5129713416099548, 'max': 0.515007734298706}
  Saved validation predictions to: experiments/07b_regime_attention_sweep/enc8_gs200_vix25/collapse_monitoring/val_predictions_epoch25.npy
  Gradient norms:
    lstm_encoder: 0.010474
    lstm_decoder: 0.008772
    output_layer: 0.283668
  Regime gate grads (epoch avg): tensor([[ 0.0074,  0.0126],
        [-0.0722, -0.0575]])
  VSN output std:
    encoder: 0.181683
  Attention entropy: 2.045922
  Regime attention gates: [[0.49529048800468445, 0.4906562268733978], [0.5129713416099548, 0.515007734298706]]
  Saved to: experiments/07b_regime_attention_sweep/enc8_gs200_vix25/collapse_monitoring/collapse_monitor_latest.json
[DEBUG CollapseMonitor] on_validation_epoch_start called for epoch 26
[DEBUG CollapseMonitor] reset_temporal_state() called on loss function
Epoch 26: val_loss=0.9463142156600952
Epoch 26: train_loss=0.9318745136260986

[CollapseMonitor] Epoch 26
  [DEBUG] Processed 9 batches from val_dataloader
  [DEBUG] Predictions shape after concat: (264,)
  [DEBUG] All predictions list length: 9
  [DEBUG] First batch shape: (32,)
  Pred std: 0.034400, range: 0.155756, mean: 0.228546
  Pos: 100.0%, Neg: 0.0%, Unique: 263
  Dir Acc: 60.23%, Pred Sharpe: 105.4662
  Composite: 0.4825 (dist_match: 0.6023, actual_pos: 60.2%, pred_pos: 100.0%)
  Collapse penalty: 0.000000 (threshold: 0.005000)
  Regime distribution: {'regime_0_fraction': 0.0, 'regime_1_fraction': 1.0}
  Regime gates: {'mean': 0.5147388577461243, 'std': 0.001103452523238957, 'min': 0.5136704444885254, 'max': 0.5158072710037231}
  Saved validation predictions to: experiments/07b_regime_attention_sweep/enc8_gs200_vix25/collapse_monitoring/val_predictions_epoch26.npy
  Gradient norms:
    lstm_encoder: 0.010919
    lstm_decoder: 0.008546
    output_layer: 0.267848
  Regime gate grads (epoch avg): tensor([[-0.0318,  0.0102],
        [-0.0366, -0.0616]])
  VSN output std:
    encoder: 0.172004
  Attention entropy: 2.041140
  Regime attention gates: [[0.4954568147659302, 0.49042627215385437], [0.5136704444885254, 0.5158072710037231]]
  Saved to: experiments/07b_regime_attention_sweep/enc8_gs200_vix25/collapse_monitoring/collapse_monitor_latest.json
[DEBUG CollapseMonitor] on_validation_epoch_start called for epoch 27
[DEBUG CollapseMonitor] reset_temporal_state() called on loss function
Epoch 27: val_loss=0.9465464949607849
Epoch 27: train_loss=0.9310283064842224

[CollapseMonitor] Epoch 27
  [DEBUG] Processed 9 batches from val_dataloader
  [DEBUG] Predictions shape after concat: (264,)
  [DEBUG] All predictions list length: 9
  [DEBUG] First batch shape: (32,)
  Pred std: 0.035677, range: 0.164144, mean: 0.217208
  Pos: 100.0%, Neg: 0.0%, Unique: 263
  Dir Acc: 60.23%, Pred Sharpe: 96.6478
  Composite: 0.4825 (dist_match: 0.6023, actual_pos: 60.2%, pred_pos: 100.0%)
  Collapse penalty: 0.000000 (threshold: 0.005000)
  Regime distribution: {'regime_0_fraction': 0.0, 'regime_1_fraction': 1.0}
  Regime gates: {'mean': 0.5154822468757629, 'std': 0.0011362021323293447, 'min': 0.5143821239471436, 'max': 0.5165823698043823}
  Saved validation predictions to: experiments/07b_regime_attention_sweep/enc8_gs200_vix25/collapse_monitoring/val_predictions_epoch27.npy
  Gradient norms:
    lstm_encoder: 0.011133
    lstm_decoder: 0.009378
    output_layer: 0.293247
  Regime gate grads (epoch avg): tensor([[ 0.0226,  0.0595],
        [-0.0383, -0.0347]])
  VSN output std:
    encoder: 0.174356
  Attention entropy: 2.035863
  Regime attention gates: [[0.49541741609573364, 0.4902665615081787], [0.5143821239471436, 0.5165823698043823]]
  Saved to: experiments/07b_regime_attention_sweep/enc8_gs200_vix25/collapse_monitoring/collapse_monitor_latest.json
[DEBUG CollapseMonitor] on_validation_epoch_start called for epoch 28
[DEBUG CollapseMonitor] reset_temporal_state() called on loss function
Epoch 28: val_loss=0.9432060122489929
Epoch 28: train_loss=0.9243699908256531

[CollapseMonitor] Epoch 28
  [DEBUG] Processed 9 batches from val_dataloader
  [DEBUG] Predictions shape after concat: (264,)
  [DEBUG] All predictions list length: 9
  [DEBUG] First batch shape: (32,)
  Pred std: 0.037637, range: 0.180766, mean: 0.233339
  Pos: 100.0%, Neg: 0.0%, Unique: 261
  Dir Acc: 60.23%, Pred Sharpe: 98.4174
  Composite: 0.4825 (dist_match: 0.6023, actual_pos: 60.2%, pred_pos: 100.0%)
  Collapse penalty: 0.000000 (threshold: 0.005000)
  Regime distribution: {'regime_0_fraction': 0.0, 'regime_1_fraction': 1.0}
  Regime gates: {'mean': 0.5158370137214661, 'std': 0.001142573426477611, 'min': 0.5147307515144348, 'max': 0.5169433355331421}
  Saved validation predictions to: experiments/07b_regime_attention_sweep/enc8_gs200_vix25/collapse_monitoring/val_predictions_epoch28.npy
  Gradient norms:
    lstm_encoder: 0.011040
    lstm_decoder: 0.009214
    output_layer: 0.274872
  Regime gate grads (epoch avg): tensor([[ 0.0596,  0.0153],
        [-0.0539, -0.0451]])
  VSN output std:
    encoder: 0.181288
  Attention entropy: 2.030999
  Regime attention gates: [[0.4950517416000366, 0.4899558126926422], [0.5147307515144348, 0.5169433355331421]]
  Saved to: experiments/07b_regime_attention_sweep/enc8_gs200_vix25/collapse_monitoring/collapse_monitor_latest.json
[DEBUG CollapseMonitor] on_validation_epoch_start called for epoch 29
[DEBUG CollapseMonitor] reset_temporal_state() called on loss function
Epoch 29: val_loss=0.9423930048942566
Epoch 29: train_loss=0.9298484921455383

[CollapseMonitor] Epoch 29
  [DEBUG] Processed 9 batches from val_dataloader
  [DEBUG] Predictions shape after concat: (264,)
  [DEBUG] All predictions list length: 9
  [DEBUG] First batch shape: (32,)
  Pred std: 0.036472, range: 0.178936, mean: 0.219491
  Pos: 100.0%, Neg: 0.0%, Unique: 263
  Dir Acc: 60.23%, Pred Sharpe: 95.5337
  Composite: 0.4825 (dist_match: 0.6023, actual_pos: 60.2%, pred_pos: 100.0%)
  Collapse penalty: 0.000000 (threshold: 0.005000)
  Regime distribution: {'regime_0_fraction': 0.0, 'regime_1_fraction': 1.0}
  Regime gates: {'mean': 0.5166943669319153, 'std': 0.0010281653376296163, 'min': 0.5156988501548767, 'max': 0.5176898837089539}
  Saved validation predictions to: experiments/07b_regime_attention_sweep/enc8_gs200_vix25/collapse_monitoring/val_predictions_epoch29.npy
  Gradient norms:
    lstm_encoder: 0.011136
    lstm_decoder: 0.008980
    output_layer: 0.262029
  Regime gate grads (epoch avg): tensor([[ 0.0513,  0.0154],
        [-0.0819, -0.0616]])
  VSN output std:
    encoder: 0.180631
  Attention entropy: 2.023854
  Regime attention gates: [[0.49454495310783386, 0.4898485839366913], [0.5156988501548767, 0.5176898837089539]]
  Saved to: experiments/07b_regime_attention_sweep/enc8_gs200_vix25/collapse_monitoring/collapse_monitor_latest.json
[DEBUG CollapseMonitor] on_validation_epoch_start called for epoch 30
[DEBUG CollapseMonitor] reset_temporal_state() called on loss function
Epoch 30: val_loss=0.9394770264625549
Epoch 30: train_loss=0.9237533211708069

[CollapseMonitor] Epoch 30
  [DEBUG] Processed 9 batches from val_dataloader
  [DEBUG] Predictions shape after concat: (264,)
  [DEBUG] All predictions list length: 9
  [DEBUG] First batch shape: (32,)
  Pred std: 0.029835, range: 0.161851, mean: 0.280570
  Pos: 100.0%, Neg: 0.0%, Unique: 263
  Dir Acc: 60.23%, Pred Sharpe: 149.2843
  Composite: 0.4825 (dist_match: 0.6023, actual_pos: 60.2%, pred_pos: 100.0%)
  Collapse penalty: 0.000000 (threshold: 0.005000)
  Regime distribution: {'regime_0_fraction': 0.0, 'regime_1_fraction': 1.0}
  Regime gates: {'mean': 0.5175150632858276, 'std': 0.0007964864489622414, 'min': 0.5167438983917236, 'max': 0.5182862877845764}
  Saved validation predictions to: experiments/07b_regime_attention_sweep/enc8_gs200_vix25/collapse_monitoring/val_predictions_epoch30.npy
  Gradient norms:
    lstm_encoder: 0.011416
    lstm_decoder: 0.008802
    output_layer: 0.263916
  Regime gate grads (epoch avg): tensor([[ 0.0344,  0.0067],
        [-0.0876, -0.0505]])
  VSN output std:
    encoder: 0.185190
  Attention entropy: 2.023868
  Regime attention gates: [[0.4940264821052551, 0.48974013328552246], [0.5167438983917236, 0.5182862877845764]]
  Saved to: experiments/07b_regime_attention_sweep/enc8_gs200_vix25/collapse_monitoring/collapse_monitor_latest.json
[DEBUG CollapseMonitor] on_validation_epoch_start called for epoch 31
[DEBUG CollapseMonitor] reset_temporal_state() called on loss function
Epoch 31: val_loss=0.93727046251297
Epoch 31: train_loss=0.9189754128456116

[CollapseMonitor] Epoch 31
  [DEBUG] Processed 9 batches from val_dataloader
  [DEBUG] Predictions shape after concat: (264,)
  [DEBUG] All predictions list length: 9
  [DEBUG] First batch shape: (32,)
  Pred std: 0.024994, range: 0.150639, mean: 0.296336
  Pos: 100.0%, Neg: 0.0%, Unique: 264
  Dir Acc: 60.23%, Pred Sharpe: 188.2133
  Composite: 0.4825 (dist_match: 0.6023, actual_pos: 60.2%, pred_pos: 100.0%)
  Collapse penalty: 0.000000 (threshold: 0.005000)
  Regime distribution: {'regime_0_fraction': 0.0, 'regime_1_fraction': 1.0}
  Regime gates: {'mean': 0.5184739232063293, 'std': 0.0005424615228548646, 'min': 0.5179487466812134, 'max': 0.5189992189407349}
  Saved validation predictions to: experiments/07b_regime_attention_sweep/enc8_gs200_vix25/collapse_monitoring/val_predictions_epoch31.npy
  Gradient norms:
    lstm_encoder: 0.012223
    lstm_decoder: 0.009638
    output_layer: 0.278359
  Regime gate grads (epoch avg): tensor([[ 0.0094, -0.0355],
        [-0.1051, -0.0565]])
  VSN output std:
    encoder: 0.187564
  Attention entropy: 2.015025
  Regime attention gates: [[0.4938979744911194, 0.4899510145187378], [0.5179487466812134, 0.5189992189407349]]
  Saved to: experiments/07b_regime_attention_sweep/enc8_gs200_vix25/collapse_monitoring/collapse_monitor_latest.json
[DEBUG CollapseMonitor] on_validation_epoch_start called for epoch 32
[DEBUG CollapseMonitor] reset_temporal_state() called on loss function
Epoch 32: val_loss=0.9353037476539612
Epoch 32: train_loss=0.9165424704551697

[CollapseMonitor] Epoch 32
  [DEBUG] Processed 9 batches from val_dataloader
  [DEBUG] Predictions shape after concat: (264,)
  [DEBUG] All predictions list length: 9
  [DEBUG] First batch shape: (32,)
  Pred std: 0.025783, range: 0.156943, mean: 0.304071
  Pos: 100.0%, Neg: 0.0%, Unique: 264
  Dir Acc: 60.23%, Pred Sharpe: 187.2127
  Composite: 0.4825 (dist_match: 0.6023, actual_pos: 60.2%, pred_pos: 100.0%)
  Collapse penalty: 0.000000 (threshold: 0.005000)
  Regime distribution: {'regime_0_fraction': 0.0, 'regime_1_fraction': 1.0}
  Regime gates: {'mean': 0.5193610787391663, 'std': 0.00047683919547125697, 'min': 0.5188993811607361, 'max': 0.5198227763175964}
  Saved validation predictions to: experiments/07b_regime_attention_sweep/enc8_gs200_vix25/collapse_monitoring/val_predictions_epoch32.npy
  Gradient norms:
    lstm_encoder: 0.012417
    lstm_decoder: 0.009191
    output_layer: 0.253858
  Regime gate grads (epoch avg): tensor([[-0.0177,  0.0090],
        [-0.0745, -0.0792]])
  VSN output std:
    encoder: 0.189690
  Attention entropy: 2.007602
  Regime attention gates: [[0.4938717484474182, 0.48987334966659546], [0.5188993811607361, 0.5198227763175964]]
  Saved to: experiments/07b_regime_attention_sweep/enc8_gs200_vix25/collapse_monitoring/collapse_monitor_latest.json
[DEBUG CollapseMonitor] on_validation_epoch_start called for epoch 33
[DEBUG CollapseMonitor] reset_temporal_state() called on loss function
Epoch 33: val_loss=0.9326965808868408
Epoch 33: train_loss=0.916579008102417

[CollapseMonitor] Epoch 33
  [DEBUG] Processed 9 batches from val_dataloader
  [DEBUG] Predictions shape after concat: (264,)
  [DEBUG] All predictions list length: 9
  [DEBUG] First batch shape: (32,)
  Pred std: 0.019234, range: 0.137018, mean: 0.318120
  Pos: 100.0%, Neg: 0.0%, Unique: 263
  Dir Acc: 60.23%, Pred Sharpe: 262.5627
  Composite: 0.4825 (dist_match: 0.6023, actual_pos: 60.2%, pred_pos: 100.0%)
  Collapse penalty: 0.000000 (threshold: 0.005000)
  Regime distribution: {'regime_0_fraction': 0.0, 'regime_1_fraction': 1.0}
  Regime gates: {'mean': 0.5201680064201355, 'std': 0.0004973692703060806, 'min': 0.5196864008903503, 'max': 0.5206495523452759}
  Saved validation predictions to: experiments/07b_regime_attention_sweep/enc8_gs200_vix25/collapse_monitoring/val_predictions_epoch33.npy
  Gradient norms:
    lstm_encoder: 0.013140
    lstm_decoder: 0.009991
    output_layer: 0.279868
  Regime gate grads (epoch avg): tensor([[ 0.0072,  0.0284],
        [-0.0748, -0.0652]])
  VSN output std:
    encoder: 0.185998
  Attention entropy: 2.008602
  Regime attention gates: [[0.49384552240371704, 0.4896087646484375], [0.5196864008903503, 0.5206495523452759]]
  Saved to: experiments/07b_regime_attention_sweep/enc8_gs200_vix25/collapse_monitoring/collapse_monitor_latest.json
[DEBUG CollapseMonitor] on_validation_epoch_start called for epoch 34
[DEBUG CollapseMonitor] reset_temporal_state() called on loss function
Epoch 34: val_loss=0.9317831993103027
Epoch 34: train_loss=0.9170476198196411

[CollapseMonitor] Epoch 34
  [DEBUG] Processed 9 batches from val_dataloader
  [DEBUG] Predictions shape after concat: (264,)
  [DEBUG] All predictions list length: 9
  [DEBUG] First batch shape: (32,)
  Pred std: 0.017034, range: 0.121585, mean: 0.284625
  Pos: 100.0%, Neg: 0.0%, Unique: 262
  Dir Acc: 60.23%, Pred Sharpe: 265.2554
  Composite: 0.4825 (dist_match: 0.6023, actual_pos: 60.2%, pred_pos: 100.0%)
  Collapse penalty: 0.000000 (threshold: 0.005000)
  Regime distribution: {'regime_0_fraction': 0.0, 'regime_1_fraction': 1.0}
  Regime gates: {'mean': 0.5209939479827881, 'std': 0.0006056214915588498, 'min': 0.5204075574874878, 'max': 0.5215803384780884}
  Saved validation predictions to: experiments/07b_regime_attention_sweep/enc8_gs200_vix25/collapse_monitoring/val_predictions_epoch34.npy
  Gradient norms:
    lstm_encoder: 0.013207
    lstm_decoder: 0.009894
    output_layer: 0.254545
  Regime gate grads (epoch avg): tensor([[ 0.0708,  0.0370],
        [-0.0292, -0.0351]])
  VSN output std:
    encoder: 0.192463
  Attention entropy: 2.013692
  Regime attention gates: [[0.49384015798568726, 0.48972445726394653], [0.5204075574874878, 0.5215803384780884]]
  Saved to: experiments/07b_regime_attention_sweep/enc8_gs200_vix25/collapse_monitoring/collapse_monitor_latest.json
[DEBUG CollapseMonitor] on_validation_epoch_start called for epoch 35
[DEBUG CollapseMonitor] reset_temporal_state() called on loss function
Epoch 35: val_loss=0.9287137985229492
Epoch 35: train_loss=0.9107005596160889

[CollapseMonitor] Epoch 35
  [DEBUG] Processed 9 batches from val_dataloader
  [DEBUG] Predictions shape after concat: (264,)
  [DEBUG] All predictions list length: 9
  [DEBUG] First batch shape: (32,)
  Pred std: 0.020922, range: 0.110755, mean: 0.314626
  Pos: 100.0%, Neg: 0.0%, Unique: 264
  Dir Acc: 60.23%, Pred Sharpe: 238.7165
  Composite: 0.4825 (dist_match: 0.6023, actual_pos: 60.2%, pred_pos: 100.0%)
  Collapse penalty: 0.000000 (threshold: 0.005000)
  Regime distribution: {'regime_0_fraction': 0.0, 'regime_1_fraction': 1.0}
  Regime gates: {'mean': 0.5215370059013367, 'std': 0.000607683730777353, 'min': 0.520948588848114, 'max': 0.5221253633499146}
  Saved validation predictions to: experiments/07b_regime_attention_sweep/enc8_gs200_vix25/collapse_monitoring/val_predictions_epoch35.npy
  Gradient norms:
    lstm_encoder: 0.015012
    lstm_decoder: 0.010195
    output_layer: 0.252114
  Regime gate grads (epoch avg): tensor([[ 0.0270, -0.0271],
        [-0.0757, -0.0686]])
  VSN output std:
    encoder: 0.189346
  Attention entropy: 2.010239
  Regime attention gates: [[0.4934215247631073, 0.4897097051143646], [0.520948588848114, 0.5221253633499146]]
  Saved to: experiments/07b_regime_attention_sweep/enc8_gs200_vix25/collapse_monitoring/collapse_monitor_latest.json
[DEBUG CollapseMonitor] on_validation_epoch_start called for epoch 36
[DEBUG CollapseMonitor] reset_temporal_state() called on loss function
Epoch 36: val_loss=0.9266504645347595
Epoch 36: train_loss=0.9072732925415039

[CollapseMonitor] Epoch 36
  [DEBUG] Processed 9 batches from val_dataloader
  [DEBUG] Predictions shape after concat: (264,)
  [DEBUG] All predictions list length: 9
  [DEBUG] First batch shape: (32,)
  Pred std: 0.023645, range: 0.116406, mean: 0.289661
  Pos: 100.0%, Neg: 0.0%, Unique: 264
  Dir Acc: 60.23%, Pred Sharpe: 194.4686
  Composite: 0.4825 (dist_match: 0.6023, actual_pos: 60.2%, pred_pos: 100.0%)
  Collapse penalty: 0.000000 (threshold: 0.005000)
  Regime distribution: {'regime_0_fraction': 0.0, 'regime_1_fraction': 1.0}
  Regime gates: {'mean': 0.5225555300712585, 'std': 0.0004956764169037342, 'min': 0.5220755338668823, 'max': 0.5230354070663452}
  Saved validation predictions to: experiments/07b_regime_attention_sweep/enc8_gs200_vix25/collapse_monitoring/val_predictions_epoch36.npy
  Gradient norms:
    lstm_encoder: 0.014994
    lstm_decoder: 0.010044
    output_layer: 0.249615
  Regime gate grads (epoch avg): tensor([[ 0.0669,  0.0467],
        [-0.1123, -0.0940]])
  VSN output std:
    encoder: 0.186978
  Attention entropy: 1.998842
  Regime attention gates: [[0.49295514822006226, 0.4896349310874939], [0.5220755338668823, 0.5230354070663452]]
  Saved to: experiments/07b_regime_attention_sweep/enc8_gs200_vix25/collapse_monitoring/collapse_monitor_latest.json
[DEBUG CollapseMonitor] on_validation_epoch_start called for epoch 37
[DEBUG CollapseMonitor] reset_temporal_state() called on loss function
Epoch 37: val_loss=0.926411509513855
Epoch 37: train_loss=0.9127572178840637

[CollapseMonitor] Epoch 37
  [DEBUG] Processed 9 batches from val_dataloader
  [DEBUG] Predictions shape after concat: (264,)
  [DEBUG] All predictions list length: 9
  [DEBUG] First batch shape: (32,)
  Pred std: 0.024271, range: 0.132148, mean: 0.220176
  Pos: 100.0%, Neg: 0.0%, Unique: 264
  Dir Acc: 60.23%, Pred Sharpe: 144.0084
  Composite: 0.4825 (dist_match: 0.6023, actual_pos: 60.2%, pred_pos: 100.0%)
  Collapse penalty: 0.000000 (threshold: 0.005000)
  Regime distribution: {'regime_0_fraction': 0.0, 'regime_1_fraction': 1.0}
  Regime gates: {'mean': 0.5232329368591309, 'std': 0.0003588298277463764, 'min': 0.5228855013847351, 'max': 0.5235803723335266}
  Saved validation predictions to: experiments/07b_regime_attention_sweep/enc8_gs200_vix25/collapse_monitoring/val_predictions_epoch37.npy
  Gradient norms:
    lstm_encoder: 0.015460
    lstm_decoder: 0.010581
    output_layer: 0.259582
  Regime gate grads (epoch avg): tensor([[ 0.0721,  0.1032],
        [-0.0818, -0.0589]])
  VSN output std:
    encoder: 0.185683
  Attention entropy: 1.999933
  Regime attention gates: [[0.49272340536117554, 0.4892476499080658], [0.5228855013847351, 0.5235803723335266]]
  Saved to: experiments/07b_regime_attention_sweep/enc8_gs200_vix25/collapse_monitoring/collapse_monitor_latest.json
[DEBUG CollapseMonitor] on_validation_epoch_start called for epoch 38
[DEBUG CollapseMonitor] reset_temporal_state() called on loss function
Epoch 38: val_loss=0.9261953234672546
Epoch 38: train_loss=0.9086890816688538

[CollapseMonitor] Epoch 38
  [DEBUG] Processed 9 batches from val_dataloader
  [DEBUG] Predictions shape after concat: (264,)
  [DEBUG] All predictions list length: 9
  [DEBUG] First batch shape: (32,)
  Pred std: 0.023600, range: 0.144220, mean: 0.278864
  Pos: 100.0%, Neg: 0.0%, Unique: 263
  Dir Acc: 60.23%, Pred Sharpe: 187.5774
  Composite: 0.4825 (dist_match: 0.6023, actual_pos: 60.2%, pred_pos: 100.0%)
  Collapse penalty: 0.000000 (threshold: 0.005000)
  Regime distribution: {'regime_0_fraction': 0.0, 'regime_1_fraction': 1.0}
  Regime gates: {'mean': 0.5240382552146912, 'std': 0.00023543398128822446, 'min': 0.5238102674484253, 'max': 0.5242661833763123}
  Saved validation predictions to: experiments/07b_regime_attention_sweep/enc8_gs200_vix25/collapse_monitoring/val_predictions_epoch38.npy
  Gradient norms:
    lstm_encoder: 0.013973
    lstm_decoder: 0.010505
    output_layer: 0.263117
  Regime gate grads (epoch avg): tensor([[-0.0102, -0.0273],
        [-0.0917, -0.0753]])
  VSN output std:
    encoder: 0.187076
  Attention entropy: 2.002305
  Regime attention gates: [[0.4926641881465912, 0.48916053771972656], [0.5238102674484253, 0.5242661833763123]]
  Saved to: experiments/07b_regime_attention_sweep/enc8_gs200_vix25/collapse_monitoring/collapse_monitor_latest.json
[DEBUG CollapseMonitor] on_validation_epoch_start called for epoch 39
[DEBUG CollapseMonitor] reset_temporal_state() called on loss function
Epoch 39: val_loss=0.9279308319091797
Epoch 39: train_loss=0.910422682762146

[CollapseMonitor] Epoch 39
  [DEBUG] Processed 9 batches from val_dataloader
  [DEBUG] Predictions shape after concat: (264,)
  [DEBUG] All predictions list length: 9
  [DEBUG] First batch shape: (32,)
  Pred std: 0.026492, range: 0.136691, mean: 0.307221
  Pos: 100.0%, Neg: 0.0%, Unique: 264
  Dir Acc: 60.23%, Pred Sharpe: 184.0898
  Composite: 0.4825 (dist_match: 0.6023, actual_pos: 60.2%, pred_pos: 100.0%)
  Collapse penalty: 0.000000 (threshold: 0.005000)
  Regime distribution: {'regime_0_fraction': 0.0, 'regime_1_fraction': 1.0}
  Regime gates: {'mean': 0.5244923233985901, 'std': 0.00023977391538210213, 'min': 0.5242601633071899, 'max': 0.5247244834899902}
  Saved validation predictions to: experiments/07b_regime_attention_sweep/enc8_gs200_vix25/collapse_monitoring/val_predictions_epoch39.npy
  Gradient norms:
    lstm_encoder: 0.016567
    lstm_decoder: 0.010873
    output_layer: 0.266100
  Regime gate grads (epoch avg): tensor([[ 0.0767,  0.0095],
        [-0.0143, -0.0227]])
  VSN output std:
    encoder: 0.192574
  Attention entropy: 2.011020
  Regime attention gates: [[0.4924226403236389, 0.4892728328704834], [0.5242601633071899, 0.5247244834899902]]
  Saved to: experiments/07b_regime_attention_sweep/enc8_gs200_vix25/collapse_monitoring/collapse_monitor_latest.json
[DEBUG CollapseMonitor] on_validation_epoch_start called for epoch 40
[DEBUG CollapseMonitor] reset_temporal_state() called on loss function
Epoch 40: val_loss=0.9271917343139648
Epoch 40: train_loss=0.9060049057006836

[CollapseMonitor] Epoch 40
  [DEBUG] Processed 9 batches from val_dataloader
  [DEBUG] Predictions shape after concat: (264,)
  [DEBUG] All predictions list length: 9
  [DEBUG] First batch shape: (32,)
  Pred std: 0.027134, range: 0.144064, mean: 0.287305
  Pos: 100.0%, Neg: 0.0%, Unique: 262
  Dir Acc: 60.23%, Pred Sharpe: 168.0849
  Composite: 0.4825 (dist_match: 0.6023, actual_pos: 60.2%, pred_pos: 100.0%)
  Collapse penalty: 0.000000 (threshold: 0.005000)
  Regime distribution: {'regime_0_fraction': 0.0, 'regime_1_fraction': 1.0}
  Regime gates: {'mean': 0.5252474546432495, 'std': 0.00030327244894579053, 'min': 0.5249537825584412, 'max': 0.5255410671234131}
  Saved validation predictions to: experiments/07b_regime_attention_sweep/enc8_gs200_vix25/collapse_monitoring/val_predictions_epoch40.npy
  Gradient norms:
    lstm_encoder: 0.016104
    lstm_decoder: 0.010563
    output_layer: 0.264894
  Regime gate grads (epoch avg): tensor([[ 0.0628,  0.0368],
        [-0.0885, -0.0991]])
  VSN output std:
    encoder: 0.191368
  Attention entropy: 2.009700
  Regime attention gates: [[0.491845965385437, 0.48921528458595276], [0.5249537825584412, 0.5255410671234131]]
  Saved to: experiments/07b_regime_attention_sweep/enc8_gs200_vix25/collapse_monitoring/collapse_monitor_latest.json
[DEBUG CollapseMonitor] on_validation_epoch_start called for epoch 41
[DEBUG CollapseMonitor] reset_temporal_state() called on loss function
Epoch 41: val_loss=0.9250940084457397
Epoch 41: train_loss=0.9112934470176697

[CollapseMonitor] Epoch 41
  [DEBUG] Processed 9 batches from val_dataloader
  [DEBUG] Predictions shape after concat: (264,)
  [DEBUG] All predictions list length: 9
  [DEBUG] First batch shape: (32,)
  Pred std: 0.031565, range: 0.184796, mean: 0.334940
  Pos: 100.0%, Neg: 0.0%, Unique: 263
  Dir Acc: 60.23%, Pred Sharpe: 168.4443
  Composite: 0.4825 (dist_match: 0.6023, actual_pos: 60.2%, pred_pos: 100.0%)
  Collapse penalty: 0.000000 (threshold: 0.005000)
  Regime distribution: {'regime_0_fraction': 0.0, 'regime_1_fraction': 1.0}
  Regime gates: {'mean': 0.5260449051856995, 'std': 0.00029967122827656567, 'min': 0.5257547497749329, 'max': 0.5263350605964661}
  Saved validation predictions to: experiments/07b_regime_attention_sweep/enc8_gs200_vix25/collapse_monitoring/val_predictions_epoch41.npy
  Gradient norms:
    lstm_encoder: 0.015669
    lstm_decoder: 0.010426
    output_layer: 0.261573
  Regime gate grads (epoch avg): tensor([[ 0.0592,  0.0448],
        [-0.0880, -0.0800]])
  VSN output std:
    encoder: 0.187394
  Attention entropy: 2.000743
  Regime attention gates: [[0.4912809133529663, 0.48887133598327637], [0.5257547497749329, 0.5263350605964661]]
  Saved to: experiments/07b_regime_attention_sweep/enc8_gs200_vix25/collapse_monitoring/collapse_monitor_latest.json
[DEBUG CollapseMonitor] on_validation_epoch_start called for epoch 42
[DEBUG CollapseMonitor] reset_temporal_state() called on loss function
Epoch 42: val_loss=0.9237402081489563
Epoch 42: train_loss=0.9085140824317932

[CollapseMonitor] Epoch 42
  [DEBUG] Processed 9 batches from val_dataloader
  [DEBUG] Predictions shape after concat: (264,)
  [DEBUG] All predictions list length: 9
  [DEBUG] First batch shape: (32,)
  Pred std: 0.031126, range: 0.186080, mean: 0.255019
  Pos: 100.0%, Neg: 0.0%, Unique: 264
  Dir Acc: 60.23%, Pred Sharpe: 130.0617
  Composite: 0.4825 (dist_match: 0.6023, actual_pos: 60.2%, pred_pos: 100.0%)
  Collapse penalty: 0.000000 (threshold: 0.005000)
  Regime distribution: {'regime_0_fraction': 0.0, 'regime_1_fraction': 1.0}
  Regime gates: {'mean': 0.5268998146057129, 'std': 0.00026842980878427625, 'min': 0.5266398787498474, 'max': 0.5271596908569336}
  Saved validation predictions to: experiments/07b_regime_attention_sweep/enc8_gs200_vix25/collapse_monitoring/val_predictions_epoch42.npy
  Gradient norms:
    lstm_encoder: 0.015575
    lstm_decoder: 0.010415
    output_layer: 0.262749
  Regime gate grads (epoch avg): tensor([[ 0.0145, -0.0039],
        [-0.0881, -0.0849]])
  VSN output std:
    encoder: 0.181785
  Attention entropy: 2.009644
  Regime attention gates: [[0.49108684062957764, 0.4888354539871216], [0.5266398787498474, 0.5271596908569336]]
  Saved to: experiments/07b_regime_attention_sweep/enc8_gs200_vix25/collapse_monitoring/collapse_monitor_latest.json
[DEBUG CollapseMonitor] on_validation_epoch_start called for epoch 43
[DEBUG CollapseMonitor] reset_temporal_state() called on loss function
Epoch 43: val_loss=0.9233587980270386
Epoch 43: train_loss=0.9076957702636719

[CollapseMonitor] Epoch 43
  [DEBUG] Processed 9 batches from val_dataloader
  [DEBUG] Predictions shape after concat: (264,)
  [DEBUG] All predictions list length: 9
  [DEBUG] First batch shape: (32,)
  Pred std: 0.030951, range: 0.172779, mean: 0.286524
  Pos: 100.0%, Neg: 0.0%, Unique: 263
  Dir Acc: 60.23%, Pred Sharpe: 146.9558
  Composite: 0.4825 (dist_match: 0.6023, actual_pos: 60.2%, pred_pos: 100.0%)
  Collapse penalty: 0.000000 (threshold: 0.005000)
  Regime distribution: {'regime_0_fraction': 0.0, 'regime_1_fraction': 1.0}
  Regime gates: {'mean': 0.5277329087257385, 'std': 0.00024143602058757097, 'min': 0.5274991393089294, 'max': 0.5279666781425476}
  Saved validation predictions to: experiments/07b_regime_attention_sweep/enc8_gs200_vix25/collapse_monitoring/val_predictions_epoch43.npy
  Gradient norms:
    lstm_encoder: 0.015512
    lstm_decoder: 0.010107
    output_layer: 0.250259
  Regime gate grads (epoch avg): tensor([[ 0.0631,  0.0661],
        [-0.0882, -0.0823]])
  VSN output std:
    encoder: 0.178239
  Attention entropy: 2.021264
  Regime attention gates: [[0.49068835377693176, 0.4884820282459259], [0.5274991393089294, 0.5279666781425476]]
  Saved to: experiments/07b_regime_attention_sweep/enc8_gs200_vix25/collapse_monitoring/collapse_monitor_latest.json
[DEBUG CollapseMonitor] on_validation_epoch_start called for epoch 44
[DEBUG CollapseMonitor] reset_temporal_state() called on loss function
Epoch 44: val_loss=0.925121545791626
Epoch 44: train_loss=0.907586932182312

[CollapseMonitor] Epoch 44
  [DEBUG] Processed 9 batches from val_dataloader
  [DEBUG] Predictions shape after concat: (264,)
  [DEBUG] All predictions list length: 9
  [DEBUG] First batch shape: (32,)
  Pred std: 0.030767, range: 0.166343, mean: 0.288583
  Pos: 100.0%, Neg: 0.0%, Unique: 264
  Dir Acc: 60.23%, Pred Sharpe: 148.8967
  Composite: 0.4825 (dist_match: 0.6023, actual_pos: 60.2%, pred_pos: 100.0%)
  Collapse penalty: 0.000000 (threshold: 0.005000)
  Regime distribution: {'regime_0_fraction': 0.0, 'regime_1_fraction': 1.0}
  Regime gates: {'mean': 0.52851402759552, 'std': 0.0002330331626581028, 'min': 0.5282883644104004, 'max': 0.5287396311759949}
  Saved validation predictions to: experiments/07b_regime_attention_sweep/enc8_gs200_vix25/collapse_monitoring/val_predictions_epoch44.npy
  Gradient norms:
    lstm_encoder: 0.016829
    lstm_decoder: 0.010752
    output_layer: 0.248259
  Regime gate grads (epoch avg): tensor([[ 0.0723,  0.0771],
        [-0.0792, -0.0873]])
  VSN output std:
    encoder: 0.177328
  Attention entropy: 2.033964
  Regime attention gates: [[0.4901944696903229, 0.4879572093486786], [0.5282883644104004, 0.5287396311759949]]
  Saved to: experiments/07b_regime_attention_sweep/enc8_gs200_vix25/collapse_monitoring/collapse_monitor_latest.json
[DEBUG CollapseMonitor] on_validation_epoch_start called for epoch 45
[DEBUG CollapseMonitor] reset_temporal_state() called on loss function
Epoch 45: val_loss=0.9249565005302429
Epoch 45: train_loss=0.9043973088264465

[CollapseMonitor] Epoch 45
  [DEBUG] Processed 9 batches from val_dataloader
  [DEBUG] Predictions shape after concat: (264,)
  [DEBUG] All predictions list length: 9
  [DEBUG] First batch shape: (32,)
  Pred std: 0.031707, range: 0.176964, mean: 0.269369
  Pos: 100.0%, Neg: 0.0%, Unique: 264
  Dir Acc: 60.23%, Pred Sharpe: 134.8610
  Composite: 0.4825 (dist_match: 0.6023, actual_pos: 60.2%, pred_pos: 100.0%)
  Collapse penalty: 0.000000 (threshold: 0.005000)
  Regime distribution: {'regime_0_fraction': 0.0, 'regime_1_fraction': 1.0}
  Regime gates: {'mean': 0.5294758677482605, 'std': 0.00019932938448619097, 'min': 0.5292828679084778, 'max': 0.5296688675880432}
  Saved validation predictions to: experiments/07b_regime_attention_sweep/enc8_gs200_vix25/collapse_monitoring/val_predictions_epoch45.npy
  Gradient norms:
    lstm_encoder: 0.016705
    lstm_decoder: 0.011219
    output_layer: 0.280140
  Regime gate grads (epoch avg): tensor([[ 0.0582,  0.0503],
        [-0.0951, -0.0672]])
  VSN output std:
    encoder: 0.179933
  Attention entropy: 2.037053
  Regime attention gates: [[0.4896658658981323, 0.48763978481292725], [0.5292828679084778, 0.5296688675880432]]
  Saved to: experiments/07b_regime_attention_sweep/enc8_gs200_vix25/collapse_monitoring/collapse_monitor_latest.json
[DEBUG CollapseMonitor] on_validation_epoch_start called for epoch 46
[DEBUG CollapseMonitor] reset_temporal_state() called on loss function
Epoch 46: val_loss=0.9236614108085632
Epoch 46: train_loss=0.9052101373672485

[CollapseMonitor] Epoch 46
  [DEBUG] Processed 9 batches from val_dataloader
  [DEBUG] Predictions shape after concat: (264,)
  [DEBUG] All predictions list length: 9
  [DEBUG] First batch shape: (32,)
  Pred std: 0.032698, range: 0.173285, mean: 0.271590
  Pos: 100.0%, Neg: 0.0%, Unique: 264
  Dir Acc: 60.23%, Pred Sharpe: 131.8551
  Composite: 0.4825 (dist_match: 0.6023, actual_pos: 60.2%, pred_pos: 100.0%)
  Collapse penalty: 0.000000 (threshold: 0.005000)
  Regime distribution: {'regime_0_fraction': 0.0, 'regime_1_fraction': 1.0}
  Regime gates: {'mean': 0.5302063226699829, 'std': 4.915520185022615e-05, 'min': 0.5301586985588074, 'max': 0.5302538871765137}
  Saved validation predictions to: experiments/07b_regime_attention_sweep/enc8_gs200_vix25/collapse_monitoring/val_predictions_epoch46.npy
  Gradient norms:
    lstm_encoder: 0.016922
    lstm_decoder: 0.010403
    output_layer: 0.251570
  Regime gate grads (epoch avg): tensor([[ 0.0455,  0.0260],
        [-0.0730, -0.0715]])
  VSN output std:
    encoder: 0.177129
  Attention entropy: 2.035012
  Regime attention gates: [[0.4892331063747406, 0.48729047179222107], [0.5301586985588074, 0.5302538871765137]]
  Saved to: experiments/07b_regime_attention_sweep/enc8_gs200_vix25/collapse_monitoring/collapse_monitor_latest.json
[DEBUG CollapseMonitor] on_validation_epoch_start called for epoch 47
[DEBUG CollapseMonitor] reset_temporal_state() called on loss function
Epoch 47: val_loss=0.9239169955253601
Epoch 47: train_loss=0.902596116065979

[CollapseMonitor] Epoch 47
  [DEBUG] Processed 9 batches from val_dataloader
  [DEBUG] Predictions shape after concat: (264,)
  [DEBUG] All predictions list length: 9
  [DEBUG] First batch shape: (32,)
  Pred std: 0.032833, range: 0.166222, mean: 0.252476
  Pos: 100.0%, Neg: 0.0%, Unique: 264
  Dir Acc: 60.23%, Pred Sharpe: 122.0692
  Composite: 0.4825 (dist_match: 0.6023, actual_pos: 60.2%, pred_pos: 100.0%)
  Collapse penalty: 0.000000 (threshold: 0.005000)
  Regime distribution: {'regime_0_fraction': 0.0, 'regime_1_fraction': 1.0}
  Regime gates: {'mean': 0.5311570167541504, 'std': 7.848885616112966e-06, 'min': 0.5311493873596191, 'max': 0.5311645865440369}
  Saved validation predictions to: experiments/07b_regime_attention_sweep/enc8_gs200_vix25/collapse_monitoring/val_predictions_epoch47.npy
  Gradient norms:
    lstm_encoder: 0.019073
    lstm_decoder: 0.011808
    output_layer: 0.270514
  Regime gate grads (epoch avg): tensor([[ 0.0881,  0.1064],
        [-0.1111, -0.0868]])
  VSN output std:
    encoder: 0.178144
  Attention entropy: 2.034872
  Regime attention gates: [[0.48879727721214294, 0.486759215593338], [0.5311645865440369, 0.5311493873596191]]
  Saved to: experiments/07b_regime_attention_sweep/enc8_gs200_vix25/collapse_monitoring/collapse_monitor_latest.json
[DEBUG CollapseMonitor] on_validation_epoch_start called for epoch 48
[DEBUG CollapseMonitor] reset_temporal_state() called on loss function
Epoch 48: val_loss=0.9229440093040466
Epoch 48: train_loss=0.9035139679908752

[CollapseMonitor] Epoch 48
  [DEBUG] Processed 9 batches from val_dataloader
  [DEBUG] Predictions shape after concat: (264,)
  [DEBUG] All predictions list length: 9
  [DEBUG] First batch shape: (32,)
  Pred std: 0.032479, range: 0.158922, mean: 0.295658
  Pos: 100.0%, Neg: 0.0%, Unique: 264
  Dir Acc: 60.23%, Pred Sharpe: 144.5066
  Composite: 0.4825 (dist_match: 0.6023, actual_pos: 60.2%, pred_pos: 100.0%)
  Collapse penalty: 0.000000 (threshold: 0.005000)
  Regime distribution: {'regime_0_fraction': 0.0, 'regime_1_fraction': 1.0}
  Regime gates: {'mean': 0.5317396521568298, 'std': 0.00022893946152180433, 'min': 0.5315179824829102, 'max': 0.5319613218307495}
  Saved validation predictions to: experiments/07b_regime_attention_sweep/enc8_gs200_vix25/collapse_monitoring/val_predictions_epoch48.npy
  Gradient norms:
    lstm_encoder: 0.018160
    lstm_decoder: 0.010995
    output_layer: 0.264910
  Regime gate grads (epoch avg): tensor([[ 0.0388,  0.0527],
        [-0.0816, -0.0332]])
  VSN output std:
    encoder: 0.178794
  Attention entropy: 2.033016
  Regime attention gates: [[0.48819249868392944, 0.48599544167518616], [0.5319613218307495, 0.5315179824829102]]
  Saved to: experiments/07b_regime_attention_sweep/enc8_gs200_vix25/collapse_monitoring/collapse_monitor_latest.json
[DEBUG CollapseMonitor] on_validation_epoch_start called for epoch 49
[DEBUG CollapseMonitor] reset_temporal_state() called on loss function
Epoch 49: val_loss=0.9248068332672119
Epoch 49: train_loss=0.9006935358047485

[CollapseMonitor] Epoch 49
  [DEBUG] Processed 9 batches from val_dataloader
  [DEBUG] Predictions shape after concat: (264,)
  [DEBUG] All predictions list length: 9
  [DEBUG] First batch shape: (32,)
  Pred std: 0.033579, range: 0.151472, mean: 0.307544
  Pos: 100.0%, Neg: 0.0%, Unique: 264
  Dir Acc: 60.23%, Pred Sharpe: 145.3934
  Composite: 0.4825 (dist_match: 0.6023, actual_pos: 60.2%, pred_pos: 100.0%)
  Collapse penalty: 0.000000 (threshold: 0.005000)
  Regime distribution: {'regime_0_fraction': 0.0, 'regime_1_fraction': 1.0}
  Regime gates: {'mean': 0.5323151350021362, 'std': 0.0003987510863225907, 'min': 0.5319290161132812, 'max': 0.5327011942863464}
  Saved validation predictions to: experiments/07b_regime_attention_sweep/enc8_gs200_vix25/collapse_monitoring/val_predictions_epoch49.npy
  Gradient norms:
    lstm_encoder: 0.017440
    lstm_decoder: 0.010851
    output_layer: 0.241001
  Regime gate grads (epoch avg): tensor([[ 0.0385,  0.0300],
        [-0.0458, -0.0200]])
  VSN output std:
    encoder: 0.179663
  Attention entropy: 2.045524
  Regime attention gates: [[0.48774197697639465, 0.4856342375278473], [0.5327011942863464, 0.5319290161132812]]
  Saved to: experiments/07b_regime_attention_sweep/enc8_gs200_vix25/collapse_monitoring/collapse_monitor_latest.json
[DEBUG CollapseMonitor] on_validation_epoch_start called for epoch 50
[DEBUG CollapseMonitor] reset_temporal_state() called on loss function
Epoch 50: val_loss=0.924050509929657
Epoch 50: train_loss=0.8994631767272949

[CollapseMonitor] Epoch 50
  [DEBUG] Processed 9 batches from val_dataloader
  [DEBUG] Predictions shape after concat: (264,)
  [DEBUG] All predictions list length: 9
  [DEBUG] First batch shape: (32,)
  Pred std: 0.033051, range: 0.151759, mean: 0.301078
  Pos: 100.0%, Neg: 0.0%, Unique: 264
  Dir Acc: 60.23%, Pred Sharpe: 144.6099
  Composite: 0.4825 (dist_match: 0.6023, actual_pos: 60.2%, pred_pos: 100.0%)
  Collapse penalty: 0.000000 (threshold: 0.005000)
  Regime distribution: {'regime_0_fraction': 0.0, 'regime_1_fraction': 1.0}
  Regime gates: {'mean': 0.5330663323402405, 'std': 0.0004624650755431503, 'min': 0.5326185822486877, 'max': 0.533514142036438}
  Saved validation predictions to: experiments/07b_regime_attention_sweep/enc8_gs200_vix25/collapse_monitoring/val_predictions_epoch50.npy
  Gradient norms:
    lstm_encoder: 0.019920
    lstm_decoder: 0.011755
    output_layer: 0.266692
  Regime gate grads (epoch avg): tensor([[ 0.0551,  0.0406],
        [-0.1162, -0.1118]])
  VSN output std:
    encoder: 0.178737
  Attention entropy: 2.040040
  Regime attention gates: [[0.48731040954589844, 0.4851849377155304], [0.533514142036438, 0.5326185822486877]]
  Saved to: experiments/07b_regime_attention_sweep/enc8_gs200_vix25/collapse_monitoring/collapse_monitor_latest.json
[DEBUG CollapseMonitor] on_validation_epoch_start called for epoch 51
[DEBUG CollapseMonitor] reset_temporal_state() called on loss function
Epoch 51: val_loss=0.9239477515220642
Epoch 51: train_loss=0.9044793248176575

[CollapseMonitor] Epoch 51
  [DEBUG] Processed 9 batches from val_dataloader
  [DEBUG] Predictions shape after concat: (264,)
  [DEBUG] All predictions list length: 9
  [DEBUG] First batch shape: (32,)
  Pred std: 0.033960, range: 0.156794, mean: 0.256231
  Pos: 100.0%, Neg: 0.0%, Unique: 264
  Dir Acc: 60.23%, Pred Sharpe: 119.7732
  Composite: 0.4825 (dist_match: 0.6023, actual_pos: 60.2%, pred_pos: 100.0%)
  Collapse penalty: 0.000000 (threshold: 0.005000)
  Regime distribution: {'regime_0_fraction': 0.0, 'regime_1_fraction': 1.0}
  Regime gates: {'mean': 0.5336463451385498, 'std': 0.00043146993266418576, 'min': 0.5332286357879639, 'max': 0.5340641736984253}
  Saved validation predictions to: experiments/07b_regime_attention_sweep/enc8_gs200_vix25/collapse_monitoring/val_predictions_epoch51.npy
  Gradient norms:
    lstm_encoder: 0.018770
    lstm_decoder: 0.012200
    output_layer: 0.281327
  Regime gate grads (epoch avg): tensor([[ 0.0331,  0.0115],
        [-0.0330, -0.0264]])
  VSN output std:
    encoder: 0.177076
  Attention entropy: 2.047713
  Regime attention gates: [[0.4870375394821167, 0.48490050435066223], [0.5340641736984253, 0.5332286357879639]]
  Saved to: experiments/07b_regime_attention_sweep/enc8_gs200_vix25/collapse_monitoring/collapse_monitor_latest.json
[DEBUG CollapseMonitor] on_validation_epoch_start called for epoch 52
[DEBUG CollapseMonitor] reset_temporal_state() called on loss function
Epoch 52: val_loss=0.9245162606239319
Epoch 52: train_loss=0.9014437794685364

[CollapseMonitor] Epoch 52
  [DEBUG] Processed 9 batches from val_dataloader
  [DEBUG] Predictions shape after concat: (264,)
  [DEBUG] All predictions list length: 9
  [DEBUG] First batch shape: (32,)
  Pred std: 0.032883, range: 0.144254, mean: 0.309066
  Pos: 100.0%, Neg: 0.0%, Unique: 264
  Dir Acc: 60.23%, Pred Sharpe: 149.2024
  Composite: 0.4825 (dist_match: 0.6023, actual_pos: 60.2%, pred_pos: 100.0%)
  Collapse penalty: 0.000000 (threshold: 0.005000)
  Regime distribution: {'regime_0_fraction': 0.0, 'regime_1_fraction': 1.0}
  Regime gates: {'mean': 0.5342726707458496, 'std': 0.0004920751671306789, 'min': 0.5337961912155151, 'max': 0.5347490906715393}
  Saved validation predictions to: experiments/07b_regime_attention_sweep/enc8_gs200_vix25/collapse_monitoring/val_predictions_epoch52.npy
  Gradient norms:
    lstm_encoder: 0.018762
    lstm_decoder: 0.011244
    output_layer: 0.265772
  Regime gate grads (epoch avg): tensor([[ 0.0082, -0.0019],
        [-0.0933, -0.0808]])
  VSN output std:
    encoder: 0.178980
  Attention entropy: 2.054801
  Regime attention gates: [[0.48684680461883545, 0.4848605990409851], [0.5347490906715393, 0.5337961912155151]]
  Saved to: experiments/07b_regime_attention_sweep/enc8_gs200_vix25/collapse_monitoring/collapse_monitor_latest.json
[DEBUG CollapseMonitor] on_validation_epoch_start called for epoch 53
[DEBUG CollapseMonitor] reset_temporal_state() called on loss function
Epoch 53: val_loss=0.9239484071731567
Epoch 53: train_loss=0.9001532196998596

[CollapseMonitor] Epoch 53
  [DEBUG] Processed 9 batches from val_dataloader
  [DEBUG] Predictions shape after concat: (264,)
  [DEBUG] All predictions list length: 9
  [DEBUG] First batch shape: (32,)
  Pred std: 0.034065, range: 0.149245, mean: 0.273868
  Pos: 100.0%, Neg: 0.0%, Unique: 264
  Dir Acc: 60.23%, Pred Sharpe: 127.6258
  Composite: 0.4825 (dist_match: 0.6023, actual_pos: 60.2%, pred_pos: 100.0%)
  Collapse penalty: 0.000000 (threshold: 0.005000)
  Regime distribution: {'regime_0_fraction': 0.0, 'regime_1_fraction': 1.0}
  Regime gates: {'mean': 0.5350254774093628, 'std': 0.0005067878519184887, 'min': 0.534534752368927, 'max': 0.5355161428451538}
  Saved validation predictions to: experiments/07b_regime_attention_sweep/enc8_gs200_vix25/collapse_monitoring/val_predictions_epoch53.npy
  Gradient norms:
    lstm_encoder: 0.021578
    lstm_decoder: 0.012042
    output_layer: 0.256227
  Regime gate grads (epoch avg): tensor([[ 0.1301,  0.0948],
        [-0.1231, -0.1062]])
  VSN output std:
    encoder: 0.177048
  Attention entropy: 2.055083
  Regime attention gates: [[0.48622947931289673, 0.48455893993377686], [0.5355161428451538, 0.534534752368927]]
  Saved to: experiments/07b_regime_attention_sweep/enc8_gs200_vix25/collapse_monitoring/collapse_monitor_latest.json
[DEBUG CollapseMonitor] on_validation_epoch_start called for epoch 54
[DEBUG CollapseMonitor] reset_temporal_state() called on loss function
Epoch 54: val_loss=0.9238173365592957
Epoch 54: train_loss=0.8921299576759338

[CollapseMonitor] Epoch 54
  [DEBUG] Processed 9 batches from val_dataloader
  [DEBUG] Predictions shape after concat: (264,)
  [DEBUG] All predictions list length: 9
  [DEBUG] First batch shape: (32,)
  Pred std: 0.034552, range: 0.148417, mean: 0.295424
  Pos: 100.0%, Neg: 0.0%, Unique: 264
  Dir Acc: 60.23%, Pred Sharpe: 135.7289
  Composite: 0.4825 (dist_match: 0.6023, actual_pos: 60.2%, pred_pos: 100.0%)
  Collapse penalty: 0.000000 (threshold: 0.005000)
  Regime distribution: {'regime_0_fraction': 0.0, 'regime_1_fraction': 1.0}
  Regime gates: {'mean': 0.5353467464447021, 'std': 0.0004615416983142495, 'min': 0.5348998308181763, 'max': 0.5357936024665833}
  Saved validation predictions to: experiments/07b_regime_attention_sweep/enc8_gs200_vix25/collapse_monitoring/val_predictions_epoch54.npy
  Gradient norms:
    lstm_encoder: 0.020039
    lstm_decoder: 0.012062
    output_layer: 0.267850
  Regime gate grads (epoch avg): tensor([[ 0.0291,  0.0119],
        [-0.0683, -0.0722]])
  VSN output std:
    encoder: 0.177054
  Attention entropy: 2.051260
  Regime attention gates: [[0.48583129048347473, 0.48428261280059814], [0.5357936024665833, 0.5348998308181763]]
  Saved to: experiments/07b_regime_attention_sweep/enc8_gs200_vix25/collapse_monitoring/collapse_monitor_latest.json
[DEBUG CollapseMonitor] on_validation_epoch_start called for epoch 55
[DEBUG CollapseMonitor] reset_temporal_state() called on loss function
Epoch 55: val_loss=0.9231856465339661
Epoch 55: train_loss=0.8981661796569824

[CollapseMonitor] Epoch 55
  [DEBUG] Processed 9 batches from val_dataloader
  [DEBUG] Predictions shape after concat: (264,)
  [DEBUG] All predictions list length: 9
  [DEBUG] First batch shape: (32,)
  Pred std: 0.035048, range: 0.149025, mean: 0.294165
  Pos: 100.0%, Neg: 0.0%, Unique: 264
  Dir Acc: 60.23%, Pred Sharpe: 133.2361
  Composite: 0.4825 (dist_match: 0.6023, actual_pos: 60.2%, pred_pos: 100.0%)
  Collapse penalty: 0.000000 (threshold: 0.005000)
  Regime distribution: {'regime_0_fraction': 0.0, 'regime_1_fraction': 1.0}
  Regime gates: {'mean': 0.535716712474823, 'std': 0.0004951839218847454, 'min': 0.5352372527122498, 'max': 0.5361961722373962}
  Saved validation predictions to: experiments/07b_regime_attention_sweep/enc8_gs200_vix25/collapse_monitoring/val_predictions_epoch55.npy
  Gradient norms:
    lstm_encoder: 0.019682
    lstm_decoder: 0.011978
    output_layer: 0.270136
  Regime gate grads (epoch avg): tensor([[ 0.0448,  0.0888],
        [-0.1236, -0.1245]])
  VSN output std:
    encoder: 0.176826
  Attention entropy: 2.048342
  Regime attention gates: [[0.485696941614151, 0.48401114344596863], [0.5361961722373962, 0.5352372527122498]]
  Saved to: experiments/07b_regime_attention_sweep/enc8_gs200_vix25/collapse_monitoring/collapse_monitor_latest.json
[DEBUG CollapseMonitor] on_validation_epoch_start called for epoch 56
[DEBUG CollapseMonitor] reset_temporal_state() called on loss function
Epoch 56: val_loss=0.9232898950576782
Epoch 56: train_loss=0.8901260495185852

[CollapseMonitor] Epoch 56
  [DEBUG] Processed 9 batches from val_dataloader
  [DEBUG] Predictions shape after concat: (264,)
  [DEBUG] All predictions list length: 9
  [DEBUG] First batch shape: (32,)
  Pred std: 0.036489, range: 0.155408, mean: 0.267133
  Pos: 100.0%, Neg: 0.0%, Unique: 262
  Dir Acc: 60.23%, Pred Sharpe: 116.2166
  Composite: 0.4825 (dist_match: 0.6023, actual_pos: 60.2%, pred_pos: 100.0%)
  Collapse penalty: 0.000000 (threshold: 0.005000)
  Regime distribution: {'regime_0_fraction': 0.0, 'regime_1_fraction': 1.0}
  Regime gates: {'mean': 0.5362731218338013, 'std': 0.0004942913074046373, 'min': 0.5357944965362549, 'max': 0.5367516875267029}
  Saved validation predictions to: experiments/07b_regime_attention_sweep/enc8_gs200_vix25/collapse_monitoring/val_predictions_epoch56.npy
  Gradient norms:
    lstm_encoder: 0.021029
    lstm_decoder: 0.012131
    output_layer: 0.264990
  Regime gate grads (epoch avg): tensor([[ 0.0769,  0.0718],
        [-0.0795, -0.0751]])
  VSN output std:
    encoder: 0.175803
  Attention entropy: 2.048811
  Regime attention gates: [[0.4854806065559387, 0.48373281955718994], [0.5367516875267029, 0.5357944965362549]]
  Saved to: experiments/07b_regime_attention_sweep/enc8_gs200_vix25/collapse_monitoring/collapse_monitor_latest.json
[DEBUG CollapseMonitor] on_validation_epoch_start called for epoch 57
[DEBUG CollapseMonitor] reset_temporal_state() called on loss function
Epoch 57: val_loss=0.9229030013084412
Epoch 57: train_loss=0.8953242897987366

[CollapseMonitor] Epoch 57
  [DEBUG] Processed 9 batches from val_dataloader
  [DEBUG] Predictions shape after concat: (264,)
  [DEBUG] All predictions list length: 9
  [DEBUG] First batch shape: (32,)
  Pred std: 0.038011, range: 0.158912, mean: 0.302259
  Pos: 100.0%, Neg: 0.0%, Unique: 264
  Dir Acc: 60.23%, Pred Sharpe: 126.2329
  Composite: 0.4825 (dist_match: 0.6023, actual_pos: 60.2%, pred_pos: 100.0%)
  Collapse penalty: 0.000000 (threshold: 0.005000)
  Regime distribution: {'regime_0_fraction': 0.0, 'regime_1_fraction': 1.0}
  Regime gates: {'mean': 0.5365619659423828, 'std': 0.0004788398800883442, 'min': 0.5360983610153198, 'max': 0.5370256304740906}
  Saved validation predictions to: experiments/07b_regime_attention_sweep/enc8_gs200_vix25/collapse_monitoring/val_predictions_epoch57.npy
  Gradient norms:
    lstm_encoder: 0.019948
    lstm_decoder: 0.012182
    output_layer: 0.263817
  Regime gate grads (epoch avg): tensor([[ 0.0770,  0.0961],
        [-0.0781, -0.0851]])
  VSN output std:
    encoder: 0.175583
  Attention entropy: 2.050204
  Regime attention gates: [[0.4852290153503418, 0.4834098517894745], [0.5370256304740906, 0.5360983610153198]]
  Saved to: experiments/07b_regime_attention_sweep/enc8_gs200_vix25/collapse_monitoring/collapse_monitor_latest.json
[DEBUG CollapseMonitor] on_validation_epoch_start called for epoch 58
[DEBUG CollapseMonitor] reset_temporal_state() called on loss function
Epoch 58: val_loss=0.9233197569847107
Epoch 58: train_loss=0.8979926705360413

[CollapseMonitor] Epoch 58
  [DEBUG] Processed 9 batches from val_dataloader
  [DEBUG] Predictions shape after concat: (264,)
  [DEBUG] All predictions list length: 9
  [DEBUG] First batch shape: (32,)
  Pred std: 0.036212, range: 0.157418, mean: 0.280278
  Pos: 100.0%, Neg: 0.0%, Unique: 264
  Dir Acc: 60.23%, Pred Sharpe: 122.8683
  Composite: 0.4825 (dist_match: 0.6023, actual_pos: 60.2%, pred_pos: 100.0%)
  Collapse penalty: 0.000000 (threshold: 0.005000)
  Regime distribution: {'regime_0_fraction': 0.0, 'regime_1_fraction': 1.0}
  Regime gates: {'mean': 0.5369967222213745, 'std': 0.0005543733132071793, 'min': 0.5364599227905273, 'max': 0.5375334620475769}
  Saved validation predictions to: experiments/07b_regime_attention_sweep/enc8_gs200_vix25/collapse_monitoring/val_predictions_epoch58.npy
  Gradient norms:
    lstm_encoder: 0.022727
    lstm_decoder: 0.012397
    output_layer: 0.257542
  Regime gate grads (epoch avg): tensor([[ 0.1044,  0.1065],
        [-0.0950, -0.0753]])
  VSN output std:
    encoder: 0.175876
  Attention entropy: 2.053485
  Regime attention gates: [[0.4848390817642212, 0.48300519585609436], [0.5375334620475769, 0.5364599227905273]]
  Saved to: experiments/07b_regime_attention_sweep/enc8_gs200_vix25/collapse_monitoring/collapse_monitor_latest.json
[DEBUG CollapseMonitor] on_validation_epoch_start called for epoch 59
[DEBUG CollapseMonitor] reset_temporal_state() called on loss function
Epoch 59: val_loss=0.9220675230026245
Epoch 59: train_loss=0.8850350975990295

[CollapseMonitor] Epoch 59
  [DEBUG] Processed 9 batches from val_dataloader
  [DEBUG] Predictions shape after concat: (264,)
  [DEBUG] All predictions list length: 9
  [DEBUG] First batch shape: (32,)
  Pred std: 0.037939, range: 0.180175, mean: 0.296286
  Pos: 100.0%, Neg: 0.0%, Unique: 264
  Dir Acc: 60.23%, Pred Sharpe: 123.9738
  Composite: 0.4825 (dist_match: 0.6023, actual_pos: 60.2%, pred_pos: 100.0%)
  Collapse penalty: 0.000000 (threshold: 0.005000)
  Regime distribution: {'regime_0_fraction': 0.0, 'regime_1_fraction': 1.0}
  Regime gates: {'mean': 0.5373459458351135, 'std': 0.0005830907612107694, 'min': 0.5367814302444458, 'max': 0.5379105806350708}
  Saved validation predictions to: experiments/07b_regime_attention_sweep/enc8_gs200_vix25/collapse_monitoring/val_predictions_epoch59.npy
  Gradient norms:
    lstm_encoder: 0.021399
    lstm_decoder: 0.011839
    output_layer: 0.245141
  Regime gate grads (epoch avg): tensor([[ 0.0218,  0.0218],
        [-0.0966, -0.0896]])
  VSN output std:
    encoder: 0.175305
  Attention entropy: 2.052088
  Regime attention gates: [[0.4846329092979431, 0.4828583896160126], [0.5379105806350708, 0.5367814302444458]]
  Saved to: experiments/07b_regime_attention_sweep/enc8_gs200_vix25/collapse_monitoring/collapse_monitor_latest.json
[DEBUG CollapseMonitor] on_validation_epoch_start called for epoch 60
[DEBUG CollapseMonitor] reset_temporal_state() called on loss function
Epoch 60: val_loss=0.9219662547111511
Epoch 60: train_loss=0.8944569826126099

[CollapseMonitor] Epoch 60
  [DEBUG] Processed 9 batches from val_dataloader
  [DEBUG] Predictions shape after concat: (264,)
  [DEBUG] All predictions list length: 9
  [DEBUG] First batch shape: (32,)
  Pred std: 0.037450, range: 0.189886, mean: 0.300613
  Pos: 100.0%, Neg: 0.0%, Unique: 264
  Dir Acc: 60.23%, Pred Sharpe: 127.4267
  Composite: 0.4825 (dist_match: 0.6023, actual_pos: 60.2%, pred_pos: 100.0%)
  Collapse penalty: 0.000000 (threshold: 0.005000)
  Regime distribution: {'regime_0_fraction': 0.0, 'regime_1_fraction': 1.0}
  Regime gates: {'mean': 0.5377910137176514, 'std': 0.0005311346030794084, 'min': 0.5372767448425293, 'max': 0.5383052825927734}
  Saved validation predictions to: experiments/07b_regime_attention_sweep/enc8_gs200_vix25/collapse_monitoring/val_predictions_epoch60.npy
  Gradient norms:
    lstm_encoder: 0.022349
    lstm_decoder: 0.012803
    output_layer: 0.267942
  Regime gate grads (epoch avg): tensor([[ 0.0402,  0.0473],
        [-0.0679, -0.0761]])
  VSN output std:
    encoder: 0.175580
  Attention entropy: 2.052391
  Regime attention gates: [[0.4845193326473236, 0.4826746881008148], [0.5383052825927734, 0.5372767448425293]]
  Saved to: experiments/07b_regime_attention_sweep/enc8_gs200_vix25/collapse_monitoring/collapse_monitor_latest.json
[DEBUG CollapseMonitor] on_validation_epoch_start called for epoch 61
[DEBUG CollapseMonitor] reset_temporal_state() called on loss function
Epoch 61: val_loss=0.9220569729804993
Epoch 61: train_loss=0.8919862508773804

[CollapseMonitor] Epoch 61
  [DEBUG] Processed 9 batches from val_dataloader
  [DEBUG] Predictions shape after concat: (264,)
  [DEBUG] All predictions list length: 9
  [DEBUG] First batch shape: (32,)
  Pred std: 0.038739, range: 0.186771, mean: 0.275774
  Pos: 100.0%, Neg: 0.0%, Unique: 264
  Dir Acc: 60.23%, Pred Sharpe: 113.0071
  Composite: 0.4825 (dist_match: 0.6023, actual_pos: 60.2%, pred_pos: 100.0%)
  Collapse penalty: 0.000000 (threshold: 0.005000)
  Regime distribution: {'regime_0_fraction': 0.0, 'regime_1_fraction': 1.0}
  Regime gates: {'mean': 0.538128674030304, 'std': 0.00042592958197928965, 'min': 0.537716269493103, 'max': 0.5385410785675049}
  Saved validation predictions to: experiments/07b_regime_attention_sweep/enc8_gs200_vix25/collapse_monitoring/val_predictions_epoch61.npy
  Gradient norms:
    lstm_encoder: 0.022340
    lstm_decoder: 0.012209
    output_layer: 0.236404
  Regime gate grads (epoch avg): tensor([[ 0.0731,  0.0664],
        [-0.0467, -0.1157]])
  VSN output std:
    encoder: 0.176029
  Attention entropy: 2.052777
  Regime attention gates: [[0.4843822717666626, 0.4825645089149475], [0.5385410785675049, 0.537716269493103]]
  Saved to: experiments/07b_regime_attention_sweep/enc8_gs200_vix25/collapse_monitoring/collapse_monitor_latest.json
[DEBUG CollapseMonitor] on_validation_epoch_start called for epoch 62
[DEBUG CollapseMonitor] reset_temporal_state() called on loss function
Epoch 62: val_loss=0.9216872453689575
Epoch 62: train_loss=0.8972089886665344

[CollapseMonitor] Epoch 62
  [DEBUG] Processed 9 batches from val_dataloader
  [DEBUG] Predictions shape after concat: (264,)
  [DEBUG] All predictions list length: 9
  [DEBUG] First batch shape: (32,)
  Pred std: 0.039668, range: 0.193788, mean: 0.286695
  Pos: 100.0%, Neg: 0.0%, Unique: 264
  Dir Acc: 60.23%, Pred Sharpe: 114.7322
  Composite: 0.4825 (dist_match: 0.6023, actual_pos: 60.2%, pred_pos: 100.0%)
  Collapse penalty: 0.000000 (threshold: 0.005000)
  Regime distribution: {'regime_0_fraction': 0.0, 'regime_1_fraction': 1.0}
  Regime gates: {'mean': 0.5384690761566162, 'std': 0.00035202750586904585, 'min': 0.5381282567977905, 'max': 0.5388099551200867}
  Saved validation predictions to: experiments/07b_regime_attention_sweep/enc8_gs200_vix25/collapse_monitoring/val_predictions_epoch62.npy
  Gradient norms:
    lstm_encoder: 0.024181
    lstm_decoder: 0.012650
    output_layer: 0.243822
  Regime gate grads (epoch avg): tensor([[ 0.0946,  0.0672],
        [-0.0605, -0.0634]])
  VSN output std:
    encoder: 0.176465
  Attention entropy: 2.053197
  Regime attention gates: [[0.48401471972465515, 0.48227518796920776], [0.5388099551200867, 0.5381282567977905]]
  Saved to: experiments/07b_regime_attention_sweep/enc8_gs200_vix25/collapse_monitoring/collapse_monitor_latest.json
[DEBUG CollapseMonitor] on_validation_epoch_start called for epoch 63
[DEBUG CollapseMonitor] reset_temporal_state() called on loss function
Epoch 63: val_loss=0.9211717844009399
Epoch 63: train_loss=0.8970279097557068

[CollapseMonitor] Epoch 63
  [DEBUG] Processed 9 batches from val_dataloader
  [DEBUG] Predictions shape after concat: (264,)
  [DEBUG] All predictions list length: 9
  [DEBUG] First batch shape: (32,)
  Pred std: 0.042648, range: 0.216525, mean: 0.305675
  Pos: 100.0%, Neg: 0.0%, Unique: 264
  Dir Acc: 60.23%, Pred Sharpe: 113.7777
  Composite: 0.4825 (dist_match: 0.6023, actual_pos: 60.2%, pred_pos: 100.0%)
  Collapse penalty: 0.000000 (threshold: 0.005000)
  Regime distribution: {'regime_0_fraction': 0.0, 'regime_1_fraction': 1.0}
  Regime gates: {'mean': 0.538865327835083, 'std': 0.0003662477247416973, 'min': 0.5385106801986694, 'max': 0.5392199158668518}
  Saved validation predictions to: experiments/07b_regime_attention_sweep/enc8_gs200_vix25/collapse_monitoring/val_predictions_epoch63.npy
  Gradient norms:
    lstm_encoder: 0.022156
    lstm_decoder: 0.011927
    output_layer: 0.247080
  Regime gate grads (epoch avg): tensor([[ 0.0957,  0.0871],
        [-0.1281, -0.1230]])
  VSN output std:
    encoder: 0.177387
  Attention entropy: 2.049721
  Regime attention gates: [[0.4836556613445282, 0.48195067048072815], [0.5392199158668518, 0.5385106801986694]]
  Saved to: experiments/07b_regime_attention_sweep/enc8_gs200_vix25/collapse_monitoring/collapse_monitor_latest.json
[DEBUG CollapseMonitor] on_validation_epoch_start called for epoch 64
[DEBUG CollapseMonitor] reset_temporal_state() called on loss function
Epoch 64: val_loss=0.9199072122573853
Epoch 64: train_loss=0.8958314061164856

[CollapseMonitor] Epoch 64
  [DEBUG] Processed 9 batches from val_dataloader
  [DEBUG] Predictions shape after concat: (264,)
  [DEBUG] All predictions list length: 9
  [DEBUG] First batch shape: (32,)
  Pred std: 0.046098, range: 0.235973, mean: 0.298421
  Pos: 100.0%, Neg: 0.0%, Unique: 264
  Dir Acc: 60.23%, Pred Sharpe: 102.7667
  Composite: 0.4825 (dist_match: 0.6023, actual_pos: 60.2%, pred_pos: 100.0%)
  Collapse penalty: 0.000000 (threshold: 0.005000)
  Regime distribution: {'regime_0_fraction': 0.0, 'regime_1_fraction': 1.0}
  Regime gates: {'mean': 0.5393915176391602, 'std': 0.0003765897126868367, 'min': 0.5390268564224243, 'max': 0.5397561192512512}
  Saved validation predictions to: experiments/07b_regime_attention_sweep/enc8_gs200_vix25/collapse_monitoring/val_predictions_epoch64.npy
  Gradient norms:
    lstm_encoder: 0.022969
    lstm_decoder: 0.013390
    output_layer: 0.285372
  Regime gate grads (epoch avg): tensor([[ 0.0376,  0.0190],
        [-0.0611, -0.0611]])
  VSN output std:
    encoder: 0.177888
  Attention entropy: 2.044026
  Regime attention gates: [[0.48329848051071167, 0.4817468523979187], [0.5397561192512512, 0.5390268564224243]]
  Saved to: experiments/07b_regime_attention_sweep/enc8_gs200_vix25/collapse_monitoring/collapse_monitor_latest.json
[DEBUG CollapseMonitor] on_validation_epoch_start called for epoch 65
[DEBUG CollapseMonitor] reset_temporal_state() called on loss function
Epoch 65: val_loss=0.9194016456604004
Epoch 65: train_loss=0.8921515345573425

[CollapseMonitor] Epoch 65
  [DEBUG] Processed 9 batches from val_dataloader
  [DEBUG] Predictions shape after concat: (264,)
  [DEBUG] All predictions list length: 9
  [DEBUG] First batch shape: (32,)
  Pred std: 0.044802, range: 0.227837, mean: 0.306763
  Pos: 100.0%, Neg: 0.0%, Unique: 262
  Dir Acc: 60.23%, Pred Sharpe: 108.6942
  Composite: 0.4825 (dist_match: 0.6023, actual_pos: 60.2%, pred_pos: 100.0%)
  Collapse penalty: 0.000000 (threshold: 0.005000)
  Regime distribution: {'regime_0_fraction': 0.0, 'regime_1_fraction': 1.0}
  Regime gates: {'mean': 0.5397038459777832, 'std': 0.0004031833668705076, 'min': 0.5393134951591492, 'max': 0.540094256401062}
  Saved validation predictions to: experiments/07b_regime_attention_sweep/enc8_gs200_vix25/collapse_monitoring/val_predictions_epoch65.npy
  Gradient norms:
    lstm_encoder: 0.024364
    lstm_decoder: 0.013552
    output_layer: 0.284115
  Regime gate grads (epoch avg): tensor([[ 0.1195,  0.0885],
        [-0.1000, -0.0937]])
  VSN output std:
    encoder: 0.178153
  Attention entropy: 2.043966
  Regime attention gates: [[0.4829886555671692, 0.4815995991230011], [0.540094256401062, 0.5393134951591492]]
  Saved to: experiments/07b_regime_attention_sweep/enc8_gs200_vix25/collapse_monitoring/collapse_monitor_latest.json
[DEBUG CollapseMonitor] on_validation_epoch_start called for epoch 66
[DEBUG CollapseMonitor] reset_temporal_state() called on loss function
Epoch 66: val_loss=0.9191625118255615
Epoch 66: train_loss=0.8961013555526733

[CollapseMonitor] Epoch 66
  [DEBUG] Processed 9 batches from val_dataloader
  [DEBUG] Predictions shape after concat: (264,)
  [DEBUG] All predictions list length: 9
  [DEBUG] First batch shape: (32,)
  Pred std: 0.044371, range: 0.230663, mean: 0.290763
  Pos: 100.0%, Neg: 0.0%, Unique: 264
  Dir Acc: 60.23%, Pred Sharpe: 104.0250
  Composite: 0.4825 (dist_match: 0.6023, actual_pos: 60.2%, pred_pos: 100.0%)
  Collapse penalty: 0.000000 (threshold: 0.005000)
  Regime distribution: {'regime_0_fraction': 0.0, 'regime_1_fraction': 1.0}
  Regime gates: {'mean': 0.5400570034980774, 'std': 0.00042599113658070564, 'min': 0.5396445393562317, 'max': 0.5404694676399231}
  Saved validation predictions to: experiments/07b_regime_attention_sweep/enc8_gs200_vix25/collapse_monitoring/val_predictions_epoch66.npy
  Gradient norms:
    lstm_encoder: 0.023197
    lstm_decoder: 0.012617
    output_layer: 0.265848
  Regime gate grads (epoch avg): tensor([[ 0.1083,  0.1064],
        [-0.0789, -0.0824]])
  VSN output std:
    encoder: 0.178959
  Attention entropy: 2.044871
  Regime attention gates: [[0.4825093150138855, 0.48115620017051697], [0.5404694676399231, 0.5396445393562317]]
  Saved to: experiments/07b_regime_attention_sweep/enc8_gs200_vix25/collapse_monitoring/collapse_monitor_latest.json
[DEBUG CollapseMonitor] on_validation_epoch_start called for epoch 67
[DEBUG CollapseMonitor] reset_temporal_state() called on loss function
Epoch 67: val_loss=0.9197316765785217
Epoch 67: train_loss=0.8923814296722412

[CollapseMonitor] Epoch 67
  [DEBUG] Processed 9 batches from val_dataloader
  [DEBUG] Predictions shape after concat: (264,)
  [DEBUG] All predictions list length: 9
  [DEBUG] First batch shape: (32,)
  Pred std: 0.044176, range: 0.222218, mean: 0.255191
  Pos: 100.0%, Neg: 0.0%, Unique: 264
  Dir Acc: 60.23%, Pred Sharpe: 91.7020
  Composite: 0.4825 (dist_match: 0.6023, actual_pos: 60.2%, pred_pos: 100.0%)
  Collapse penalty: 0.000000 (threshold: 0.005000)
  Regime distribution: {'regime_0_fraction': 0.0, 'regime_1_fraction': 1.0}
  Regime gates: {'mean': 0.5404515862464905, 'std': 0.00033069716300815344, 'min': 0.5401313900947571, 'max': 0.5407717823982239}
  Saved validation predictions to: experiments/07b_regime_attention_sweep/enc8_gs200_vix25/collapse_monitoring/val_predictions_epoch67.npy
  Gradient norms:
    lstm_encoder: 0.022309
    lstm_decoder: 0.012144
    output_layer: 0.259073
  Regime gate grads (epoch avg): tensor([[ 0.0811,  0.0620],
        [-0.0851, -0.1262]])
  VSN output std:
    encoder: 0.179298
  Attention entropy: 2.047738
  Regime attention gates: [[0.4823131263256073, 0.48095178604125977], [0.5407717823982239, 0.5401313900947571]]
  Saved to: experiments/07b_regime_attention_sweep/enc8_gs200_vix25/collapse_monitoring/collapse_monitor_latest.json
[DEBUG CollapseMonitor] on_validation_epoch_start called for epoch 68
[DEBUG CollapseMonitor] reset_temporal_state() called on loss function
Epoch 68: val_loss=0.9203183650970459
Epoch 68: train_loss=0.8950030207633972

[CollapseMonitor] Epoch 68
  [DEBUG] Processed 9 batches from val_dataloader
  [DEBUG] Predictions shape after concat: (264,)
  [DEBUG] All predictions list length: 9
  [DEBUG] First batch shape: (32,)
  Pred std: 0.043481, range: 0.209348, mean: 0.258232
  Pos: 100.0%, Neg: 0.0%, Unique: 264
  Dir Acc: 60.23%, Pred Sharpe: 94.2781
  Composite: 0.4825 (dist_match: 0.6023, actual_pos: 60.2%, pred_pos: 100.0%)
  Collapse penalty: 0.000000 (threshold: 0.005000)
  Regime distribution: {'regime_0_fraction': 0.0, 'regime_1_fraction': 1.0}
  Regime gates: {'mean': 0.5407515168190002, 'std': 0.0002804646792355925, 'min': 0.5404799580574036, 'max': 0.5410230755805969}
  Saved validation predictions to: experiments/07b_regime_attention_sweep/enc8_gs200_vix25/collapse_monitoring/val_predictions_epoch68.npy
  Gradient norms:
    lstm_encoder: 0.024039
    lstm_decoder: 0.014160
    output_layer: 0.293179
  Regime gate grads (epoch avg): tensor([[ 0.1406,  0.0688],
        [-0.0501, -0.0736]])
  VSN output std:
    encoder: 0.179364
  Attention entropy: 2.051360
  Regime attention gates: [[0.4818832278251648, 0.48069265484809875], [0.5410230755805969, 0.5404799580574036]]
  Saved to: experiments/07b_regime_attention_sweep/enc8_gs200_vix25/collapse_monitoring/collapse_monitor_latest.json
[DEBUG CollapseMonitor] on_validation_epoch_start called for epoch 69
[DEBUG CollapseMonitor] reset_temporal_state() called on loss function
Epoch 69: val_loss=0.9192179441452026
Epoch 69: train_loss=0.8950474858283997

[CollapseMonitor] Epoch 69
  [DEBUG] Processed 9 batches from val_dataloader
  [DEBUG] Predictions shape after concat: (264,)
  [DEBUG] All predictions list length: 9
  [DEBUG] First batch shape: (32,)
  Pred std: 0.044267, range: 0.218644, mean: 0.269789
  Pos: 100.0%, Neg: 0.0%, Unique: 263
  Dir Acc: 60.23%, Pred Sharpe: 96.7487
  Composite: 0.4825 (dist_match: 0.6023, actual_pos: 60.2%, pred_pos: 100.0%)
  Collapse penalty: 0.000000 (threshold: 0.005000)
  Regime distribution: {'regime_0_fraction': 0.0, 'regime_1_fraction': 1.0}
  Regime gates: {'mean': 0.5411397218704224, 'std': 0.0002817882050294429, 'min': 0.5408669114112854, 'max': 0.5414125919342041}
  Saved validation predictions to: experiments/07b_regime_attention_sweep/enc8_gs200_vix25/collapse_monitoring/val_predictions_epoch69.npy
  Gradient norms:
    lstm_encoder: 0.023474
    lstm_decoder: 0.012276
    output_layer: 0.254560
  Regime gate grads (epoch avg): tensor([[ 0.0148, -0.0081],
        [-0.0905, -0.0970]])
  VSN output std:
    encoder: 0.179898
  Attention entropy: 2.045594
  Regime attention gates: [[0.4815977215766907, 0.48059582710266113], [0.5414125919342041, 0.5408669114112854]]
  Saved to: experiments/07b_regime_attention_sweep/enc8_gs200_vix25/collapse_monitoring/collapse_monitor_latest.json
[DEBUG CollapseMonitor] on_validation_epoch_start called for epoch 70
[DEBUG CollapseMonitor] reset_temporal_state() called on loss function
Epoch 70: val_loss=0.9195680618286133
Epoch 70: train_loss=0.8867881894111633

[CollapseMonitor] Epoch 70
  [DEBUG] Processed 9 batches from val_dataloader
  [DEBUG] Predictions shape after concat: (264,)
  [DEBUG] All predictions list length: 9
  [DEBUG] First batch shape: (32,)
  Pred std: 0.044725, range: 0.228042, mean: 0.283270
  Pos: 100.0%, Neg: 0.0%, Unique: 264
  Dir Acc: 60.23%, Pred Sharpe: 100.5421
  Composite: 0.4825 (dist_match: 0.6023, actual_pos: 60.2%, pred_pos: 100.0%)
  Collapse penalty: 0.000000 (threshold: 0.005000)
  Regime distribution: {'regime_0_fraction': 0.0, 'regime_1_fraction': 1.0}
  Regime gates: {'mean': 0.5415548086166382, 'std': 0.0002643053303472698, 'min': 0.5412988662719727, 'max': 0.5418106913566589}
  Saved validation predictions to: experiments/07b_regime_attention_sweep/enc8_gs200_vix25/collapse_monitoring/val_predictions_epoch70.npy
  Gradient norms:
    lstm_encoder: 0.023158
    lstm_decoder: 0.012653
    output_layer: 0.265953
  Regime gate grads (epoch avg): tensor([[ 0.0379,  0.0121],
        [-0.0602, -0.0558]])
  VSN output std:
    encoder: 0.180343
  Attention entropy: 2.050571
  Regime attention gates: [[0.4815129339694977, 0.4805735945701599], [0.5418106913566589, 0.5412988662719727]]
  Saved to: experiments/07b_regime_attention_sweep/enc8_gs200_vix25/collapse_monitoring/collapse_monitor_latest.json
[DEBUG CollapseMonitor] on_validation_epoch_start called for epoch 71
[DEBUG CollapseMonitor] reset_temporal_state() called on loss function
Epoch 71: val_loss=0.9199578762054443
Epoch 71: train_loss=0.8965354561805725

[CollapseMonitor] Epoch 71
  [DEBUG] Processed 9 batches from val_dataloader
  [DEBUG] Predictions shape after concat: (264,)
  [DEBUG] All predictions list length: 9
  [DEBUG] First batch shape: (32,)
  Pred std: 0.045853, range: 0.230992, mean: 0.262201
  Pos: 100.0%, Neg: 0.0%, Unique: 264
  Dir Acc: 60.23%, Pred Sharpe: 90.7753
  Composite: 0.4825 (dist_match: 0.6023, actual_pos: 60.2%, pred_pos: 100.0%)
  Collapse penalty: 0.000000 (threshold: 0.005000)
  Regime distribution: {'regime_0_fraction': 0.0, 'regime_1_fraction': 1.0}
  Regime gates: {'mean': 0.5418164730072021, 'std': 0.0002756014873739332, 'min': 0.5415496230125427, 'max': 0.5420833230018616}
  Saved validation predictions to: experiments/07b_regime_attention_sweep/enc8_gs200_vix25/collapse_monitoring/val_predictions_epoch71.npy
  Gradient norms:
    lstm_encoder: 0.026394
    lstm_decoder: 0.013395
    output_layer: 0.265894
  Regime gate grads (epoch avg): tensor([[ 0.1091,  0.1309],
        [-0.0771, -0.0493]])
  VSN output std:
    encoder: 0.180315
  Attention entropy: 2.052944
  Regime attention gates: [[0.4812507629394531, 0.480277419090271], [0.5420833230018616, 0.5415496230125427]]
  Saved to: experiments/07b_regime_attention_sweep/enc8_gs200_vix25/collapse_monitoring/collapse_monitor_latest.json
[DEBUG CollapseMonitor] on_validation_epoch_start called for epoch 72
[DEBUG CollapseMonitor] reset_temporal_state() called on loss function
Epoch 72: val_loss=0.919624924659729
Epoch 72: train_loss=0.8932133316993713

[CollapseMonitor] Epoch 72
  [DEBUG] Processed 9 batches from val_dataloader
  [DEBUG] Predictions shape after concat: (264,)
  [DEBUG] All predictions list length: 9
  [DEBUG] First batch shape: (32,)
  Pred std: 0.047806, range: 0.245659, mean: 0.270887
  Pos: 100.0%, Neg: 0.0%, Unique: 264
  Dir Acc: 60.23%, Pred Sharpe: 89.9503
  Composite: 0.4825 (dist_match: 0.6023, actual_pos: 60.2%, pred_pos: 100.0%)
  Collapse penalty: 0.000000 (threshold: 0.005000)
  Regime distribution: {'regime_0_fraction': 0.0, 'regime_1_fraction': 1.0}
  Regime gates: {'mean': 0.5419777631759644, 'std': 0.0003106595831923187, 'min': 0.5416769981384277, 'max': 0.5422785878181458}
  Saved validation predictions to: experiments/07b_regime_attention_sweep/enc8_gs200_vix25/collapse_monitoring/val_predictions_epoch72.npy
  Gradient norms:
    lstm_encoder: 0.022741
    lstm_decoder: 0.012809
    output_layer: 0.252565
  Regime gate grads (epoch avg): tensor([[ 0.0561,  0.0406],
        [-0.0756, -0.0574]])
  VSN output std:
    encoder: 0.180186
  Attention entropy: 2.052547
  Regime attention gates: [[0.4811309278011322, 0.48012858629226685], [0.5422785878181458, 0.5416769981384277]]
  Saved to: experiments/07b_regime_attention_sweep/enc8_gs200_vix25/collapse_monitoring/collapse_monitor_latest.json
[DEBUG CollapseMonitor] on_validation_epoch_start called for epoch 73
[DEBUG CollapseMonitor] reset_temporal_state() called on loss function
Epoch 73: val_loss=0.9193550944328308
Epoch 73: train_loss=0.8914384245872498

[CollapseMonitor] Epoch 73
  [DEBUG] Processed 9 batches from val_dataloader
  [DEBUG] Predictions shape after concat: (264,)
  [DEBUG] All predictions list length: 9
  [DEBUG] First batch shape: (32,)
  Pred std: 0.049210, range: 0.254466, mean: 0.279924
  Pos: 100.0%, Neg: 0.0%, Unique: 263
  Dir Acc: 60.23%, Pred Sharpe: 90.2998
  Composite: 0.4825 (dist_match: 0.6023, actual_pos: 60.2%, pred_pos: 100.0%)
  Collapse penalty: 0.000000 (threshold: 0.005000)
  Regime distribution: {'regime_0_fraction': 0.0, 'regime_1_fraction': 1.0}
  Regime gates: {'mean': 0.5421875715255737, 'std': 0.0003186622925568372, 'min': 0.5418789982795715, 'max': 0.5424960851669312}
  Saved validation predictions to: experiments/07b_regime_attention_sweep/enc8_gs200_vix25/collapse_monitoring/val_predictions_epoch73.npy
  Gradient norms:
    lstm_encoder: 0.022684
    lstm_decoder: 0.013096
    output_layer: 0.252183
  Regime gate grads (epoch avg): tensor([[ 0.0474,  0.0623],
        [-0.0904, -0.0900]])
  VSN output std:
    encoder: 0.180275
  Attention entropy: 2.052165
  Regime attention gates: [[0.4810045659542084, 0.4799984395503998], [0.5424960851669312, 0.5418789982795715]]
  Saved to: experiments/07b_regime_attention_sweep/enc8_gs200_vix25/collapse_monitoring/collapse_monitor_latest.json
[DEBUG CollapseMonitor] on_validation_epoch_start called for epoch 74
[DEBUG CollapseMonitor] reset_temporal_state() called on loss function
Epoch 74: val_loss=0.9194080829620361
Epoch 74: train_loss=0.8898398280143738

[CollapseMonitor] Epoch 74
  [DEBUG] Processed 9 batches from val_dataloader
  [DEBUG] Predictions shape after concat: (264,)
  [DEBUG] All predictions list length: 9
  [DEBUG] First batch shape: (32,)
  Pred std: 0.049154, range: 0.251900, mean: 0.285268
  Pos: 100.0%, Neg: 0.0%, Unique: 264
  Dir Acc: 60.23%, Pred Sharpe: 92.1277
  Composite: 0.4825 (dist_match: 0.6023, actual_pos: 60.2%, pred_pos: 100.0%)
  Collapse penalty: 0.000000 (threshold: 0.005000)
  Regime distribution: {'regime_0_fraction': 0.0, 'regime_1_fraction': 1.0}
  Regime gates: {'mean': 0.5422967076301575, 'std': 0.0002879133680835366, 'min': 0.542017936706543, 'max': 0.542575478553772}
  Saved validation predictions to: experiments/07b_regime_attention_sweep/enc8_gs200_vix25/collapse_monitoring/val_predictions_epoch74.npy
  Gradient norms:
    lstm_encoder: 0.023240
    lstm_decoder: 0.012609
    output_layer: 0.251842
  Regime gate grads (epoch avg): tensor([[ 0.1071,  0.0913],
        [-0.0316, -0.0642]])
  VSN output std:
    encoder: 0.180288
  Attention entropy: 2.052946
  Regime attention gates: [[0.4808618426322937, 0.4798707365989685], [0.542575478553772, 0.542017936706543]]
  Saved to: experiments/07b_regime_attention_sweep/enc8_gs200_vix25/collapse_monitoring/collapse_monitor_latest.json
[DEBUG CollapseMonitor] on_validation_epoch_start called for epoch 75
[DEBUG CollapseMonitor] reset_temporal_state() called on loss function
Epoch 75: val_loss=0.9195103049278259
Epoch 75: train_loss=0.8948929905891418

[CollapseMonitor] Epoch 75
  [DEBUG] Processed 9 batches from val_dataloader
  [DEBUG] Predictions shape after concat: (264,)
  [DEBUG] All predictions list length: 9
  [DEBUG] First batch shape: (32,)
  Pred std: 0.049951, range: 0.256226, mean: 0.284136
  Pos: 100.0%, Neg: 0.0%, Unique: 264
  Dir Acc: 60.23%, Pred Sharpe: 90.2983
  Composite: 0.4825 (dist_match: 0.6023, actual_pos: 60.2%, pred_pos: 100.0%)
  Collapse penalty: 0.000000 (threshold: 0.005000)
  Regime distribution: {'regime_0_fraction': 0.0, 'regime_1_fraction': 1.0}
  Regime gates: {'mean': 0.5424208641052246, 'std': 0.0003023490426130593, 'min': 0.5421280860900879, 'max': 0.5427135825157166}
  Saved validation predictions to: experiments/07b_regime_attention_sweep/enc8_gs200_vix25/collapse_monitoring/val_predictions_epoch75.npy
  Gradient norms:
    lstm_encoder: 0.024602
    lstm_decoder: 0.012851
    output_layer: 0.246290
  Regime gate grads (epoch avg): tensor([[ 0.0436,  0.0640],
        [-0.0880, -0.0695]])
  VSN output std:
    encoder: 0.180439
  Attention entropy: 2.052881
  Regime attention gates: [[0.48076510429382324, 0.4797636568546295], [0.5427135825157166, 0.5421280860900879]]
  Saved to: experiments/07b_regime_attention_sweep/enc8_gs200_vix25/collapse_monitoring/collapse_monitor_latest.json
[DEBUG CollapseMonitor] on_validation_epoch_start called for epoch 76
[DEBUG CollapseMonitor] reset_temporal_state() called on loss function
Epoch 76: val_loss=0.9189983606338501
Epoch 76: train_loss=0.8932815194129944

[CollapseMonitor] Epoch 76
  [DEBUG] Processed 9 batches from val_dataloader
  [DEBUG] Predictions shape after concat: (264,)
  [DEBUG] All predictions list length: 9
  [DEBUG] First batch shape: (32,)
  Pred std: 0.051640, range: 0.268076, mean: 0.297851
  Pos: 100.0%, Neg: 0.0%, Unique: 264
  Dir Acc: 60.23%, Pred Sharpe: 91.5621
  Composite: 0.4825 (dist_match: 0.6023, actual_pos: 60.2%, pred_pos: 100.0%)
  Collapse penalty: 0.000000 (threshold: 0.005000)
  Regime distribution: {'regime_0_fraction': 0.0, 'regime_1_fraction': 1.0}
  Regime gates: {'mean': 0.5425887107849121, 'std': 0.00031952414428815246, 'min': 0.5422793030738831, 'max': 0.5428980588912964}
  Saved validation predictions to: experiments/07b_regime_attention_sweep/enc8_gs200_vix25/collapse_monitoring/val_predictions_epoch76.npy
  Gradient norms:
    lstm_encoder: 0.024866
    lstm_decoder: 0.013744
    output_layer: 0.279352
  Regime gate grads (epoch avg): tensor([[ 0.0461,  0.0561],
        [-0.0825, -0.0656]])
  VSN output std:
    encoder: 0.180668
  Attention entropy: 2.051177
  Regime attention gates: [[0.4806317389011383, 0.4795511066913605], [0.5428980588912964, 0.5422793030738831]]
  Saved to: experiments/07b_regime_attention_sweep/enc8_gs200_vix25/collapse_monitoring/collapse_monitor_latest.json
[DEBUG CollapseMonitor] on_validation_epoch_start called for epoch 77
[DEBUG CollapseMonitor] reset_temporal_state() called on loss function
Epoch 77: val_loss=0.9189710021018982
Epoch 77: train_loss=0.8976312279701233

[CollapseMonitor] Epoch 77
  [DEBUG] Processed 9 batches from val_dataloader
  [DEBUG] Predictions shape after concat: (264,)
  [DEBUG] All predictions list length: 9
  [DEBUG] First batch shape: (32,)
  Pred std: 0.052825, range: 0.273940, mean: 0.296611
  Pos: 100.0%, Neg: 0.0%, Unique: 264
  Dir Acc: 60.23%, Pred Sharpe: 89.1346
  Composite: 0.4825 (dist_match: 0.6023, actual_pos: 60.2%, pred_pos: 100.0%)
  Collapse penalty: 0.000000 (threshold: 0.005000)
  Regime distribution: {'regime_0_fraction': 0.0, 'regime_1_fraction': 1.0}
  Regime gates: {'mean': 0.542698860168457, 'std': 0.0002809879370033741, 'min': 0.5424267649650574, 'max': 0.5429708957672119}
  Saved validation predictions to: experiments/07b_regime_attention_sweep/enc8_gs200_vix25/collapse_monitoring/val_predictions_epoch77.npy
  Gradient norms:
    lstm_encoder: 0.024620
    lstm_decoder: 0.013998
    output_layer: 0.283467
  Regime gate grads (epoch avg): tensor([[ 0.0455,  0.0834],
        [-0.0585, -0.1011]])
  VSN output std:
    encoder: 0.180989
  Attention entropy: 2.051859
  Regime attention gates: [[0.4805319607257843, 0.4793701767921448], [0.5429708957672119, 0.5424267649650574]]
  Saved to: experiments/07b_regime_attention_sweep/enc8_gs200_vix25/collapse_monitoring/collapse_monitor_latest.json
[DEBUG CollapseMonitor] on_validation_epoch_start called for epoch 78
[DEBUG CollapseMonitor] reset_temporal_state() called on loss function
Epoch 78: val_loss=0.9184439778327942
Epoch 78: train_loss=0.8960130214691162

[CollapseMonitor] Epoch 78
  [DEBUG] Processed 9 batches from val_dataloader
  [DEBUG] Predictions shape after concat: (264,)
  [DEBUG] All predictions list length: 9
  [DEBUG] First batch shape: (32,)
  Pred std: 0.053567, range: 0.278948, mean: 0.321642
  Pos: 100.0%, Neg: 0.0%, Unique: 264
  Dir Acc: 60.23%, Pred Sharpe: 95.3179
  Composite: 0.4825 (dist_match: 0.6023, actual_pos: 60.2%, pred_pos: 100.0%)
  Collapse penalty: 0.000000 (threshold: 0.005000)
  Regime distribution: {'regime_0_fraction': 0.0, 'regime_1_fraction': 1.0}
  Regime gates: {'mean': 0.5428194999694824, 'std': 0.0002815727493725717, 'min': 0.5425468683242798, 'max': 0.5430921316146851}
  Saved validation predictions to: experiments/07b_regime_attention_sweep/enc8_gs200_vix25/collapse_monitoring/val_predictions_epoch78.npy
  Gradient norms:
    lstm_encoder: 0.025504
    lstm_decoder: 0.013355
    output_layer: 0.259983
  Regime gate grads (epoch avg): tensor([[ 0.1010,  0.1362],
        [-0.0602, -0.0586]])
  VSN output std:
    encoder: 0.180994
  Attention entropy: 2.052482
  Regime attention gates: [[0.48032641410827637, 0.4791279733181], [0.5430921316146851, 0.5425468683242798]]
  Saved to: experiments/07b_regime_attention_sweep/enc8_gs200_vix25/collapse_monitoring/collapse_monitor_latest.json
[DEBUG CollapseMonitor] on_validation_epoch_start called for epoch 79
[DEBUG CollapseMonitor] reset_temporal_state() called on loss function
Epoch 79: val_loss=0.9185066223144531
Epoch 79: train_loss=0.8871015906333923

[CollapseMonitor] Epoch 79
  [DEBUG] Processed 9 batches from val_dataloader
  [DEBUG] Predictions shape after concat: (264,)
  [DEBUG] All predictions list length: 9
  [DEBUG] First batch shape: (32,)
  Pred std: 0.056677, range: 0.296875, mean: 0.311791
  Pos: 100.0%, Neg: 0.0%, Unique: 263
  Dir Acc: 60.23%, Pred Sharpe: 87.3283
  Composite: 0.4825 (dist_match: 0.6023, actual_pos: 60.2%, pred_pos: 100.0%)
  Collapse penalty: 0.000000 (threshold: 0.005000)
  Regime distribution: {'regime_0_fraction': 0.0, 'regime_1_fraction': 1.0}
  Regime gates: {'mean': 0.5429866313934326, 'std': 0.0003108750388491899, 'min': 0.5426856279373169, 'max': 0.5432876348495483}
  Saved validation predictions to: experiments/07b_regime_attention_sweep/enc8_gs200_vix25/collapse_monitoring/val_predictions_epoch79.npy
  Gradient norms:
    lstm_encoder: 0.024890
    lstm_decoder: 0.013090
    output_layer: 0.251325
  Regime gate grads (epoch avg): tensor([[ 0.0485,  0.0308],
        [-0.0792, -0.0504]])
  VSN output std:
    encoder: 0.181014
  Attention entropy: 2.052625
  Regime attention gates: [[0.48020637035369873, 0.4789668321609497], [0.5432876348495483, 0.5426856279373169]]
  Saved to: experiments/07b_regime_attention_sweep/enc8_gs200_vix25/collapse_monitoring/collapse_monitor_latest.json
[DEBUG CollapseMonitor] on_validation_epoch_start called for epoch 80
[DEBUG CollapseMonitor] reset_temporal_state() called on loss function
Epoch 80: val_loss=0.9187835454940796
Epoch 80: train_loss=0.8913867473602295

[CollapseMonitor] Epoch 80
  [DEBUG] Processed 9 batches from val_dataloader
  [DEBUG] Predictions shape after concat: (264,)
  [DEBUG] All predictions list length: 9
  [DEBUG] First batch shape: (32,)
  Pred std: 0.054395, range: 0.289015, mean: 0.286505
  Pos: 100.0%, Neg: 0.0%, Unique: 262
  Dir Acc: 60.23%, Pred Sharpe: 83.6131
  Composite: 0.4825 (dist_match: 0.6023, actual_pos: 60.2%, pred_pos: 100.0%)
  Collapse penalty: 0.000000 (threshold: 0.005000)
  Regime distribution: {'regime_0_fraction': 0.0, 'regime_1_fraction': 1.0}
  Regime gates: {'mean': 0.5431157350540161, 'std': 0.0003293428453616798, 'min': 0.5427968502044678, 'max': 0.5434346199035645}
  Saved validation predictions to: experiments/07b_regime_attention_sweep/enc8_gs200_vix25/collapse_monitoring/val_predictions_epoch80.npy
  Gradient norms:
    lstm_encoder: 0.026729
    lstm_decoder: 0.014466
    output_layer: 0.280624
  Regime gate grads (epoch avg): tensor([[ 0.1064,  0.0485],
        [-0.0368, -0.0583]])
  VSN output std:
    encoder: 0.180590
  Attention entropy: 2.052453
  Regime attention gates: [[0.4800044596195221, 0.47881144285202026], [0.5434346199035645, 0.5427968502044678]]
  Saved to: experiments/07b_regime_attention_sweep/enc8_gs200_vix25/collapse_monitoring/collapse_monitor_latest.json
[DEBUG CollapseMonitor] on_validation_epoch_start called for epoch 81
[DEBUG CollapseMonitor] reset_temporal_state() called on loss function
Epoch 81: val_loss=0.9184757471084595
Epoch 81: train_loss=0.8908525109291077

[CollapseMonitor] Epoch 81
  [DEBUG] Processed 9 batches from val_dataloader
  [DEBUG] Predictions shape after concat: (264,)
  [DEBUG] All predictions list length: 9
  [DEBUG] First batch shape: (32,)
  Pred std: 0.054914, range: 0.291644, mean: 0.273263
  Pos: 100.0%, Neg: 0.0%, Unique: 263
  Dir Acc: 60.23%, Pred Sharpe: 78.9950
  Composite: 0.4825 (dist_match: 0.6023, actual_pos: 60.2%, pred_pos: 100.0%)
  Collapse penalty: 0.000000 (threshold: 0.005000)
  Regime distribution: {'regime_0_fraction': 0.0, 'regime_1_fraction': 1.0}
  Regime gates: {'mean': 0.5431937575340271, 'std': 0.00029890172299928963, 'min': 0.5429043173789978, 'max': 0.5434831380844116}
  Saved validation predictions to: experiments/07b_regime_attention_sweep/enc8_gs200_vix25/collapse_monitoring/val_predictions_epoch81.npy
  Gradient norms:
    lstm_encoder: 0.025002
    lstm_decoder: 0.013306
    output_layer: 0.265928
  Regime gate grads (epoch avg): tensor([[ 0.0654,  0.0517],
        [-0.0761, -0.1164]])
  VSN output std:
    encoder: 0.180779
  Attention entropy: 2.050150
  Regime attention gates: [[0.47990188002586365, 0.4787571132183075], [0.5434831380844116, 0.5429043173789978]]
  Saved to: experiments/07b_regime_attention_sweep/enc8_gs200_vix25/collapse_monitoring/collapse_monitor_latest.json
[DEBUG CollapseMonitor] on_validation_epoch_start called for epoch 82
[DEBUG CollapseMonitor] reset_temporal_state() called on loss function
Epoch 82: val_loss=0.9182122349739075
Epoch 82: train_loss=0.8921585083007812

[CollapseMonitor] Epoch 82
  [DEBUG] Processed 9 batches from val_dataloader
  [DEBUG] Predictions shape after concat: (264,)
  [DEBUG] All predictions list length: 9
  [DEBUG] First batch shape: (32,)
  Pred std: 0.056681, range: 0.298315, mean: 0.283587
  Pos: 100.0%, Neg: 0.0%, Unique: 264
  Dir Acc: 60.23%, Pred Sharpe: 79.4235
  Composite: 0.4825 (dist_match: 0.6023, actual_pos: 60.2%, pred_pos: 100.0%)
  Collapse penalty: 0.000000 (threshold: 0.005000)
  Regime distribution: {'regime_0_fraction': 0.0, 'regime_1_fraction': 1.0}
  Regime gates: {'mean': 0.5434080362319946, 'std': 0.0002790180442389101, 'min': 0.5431378483772278, 'max': 0.5436781644821167}
  Saved validation predictions to: experiments/07b_regime_attention_sweep/enc8_gs200_vix25/collapse_monitoring/val_predictions_epoch82.npy
  Gradient norms:
    lstm_encoder: 0.023695
    lstm_decoder: 0.013534
    output_layer: 0.268957
  Regime gate grads (epoch avg): tensor([[ 0.0588,  0.0642],
        [-0.0680, -0.0613]])
  VSN output std:
    encoder: 0.181018
  Attention entropy: 2.050400
  Regime attention gates: [[0.4797667860984802, 0.4786236584186554], [0.5436781644821167, 0.5431378483772278]]
  Saved to: experiments/07b_regime_attention_sweep/enc8_gs200_vix25/collapse_monitoring/collapse_monitor_latest.json
[DEBUG CollapseMonitor] on_validation_epoch_start called for epoch 83
[DEBUG CollapseMonitor] reset_temporal_state() called on loss function
Epoch 83: val_loss=0.9180426597595215
Epoch 83: train_loss=0.8922354578971863

[CollapseMonitor] Epoch 83
  [DEBUG] Processed 9 batches from val_dataloader
  [DEBUG] Predictions shape after concat: (264,)
  [DEBUG] All predictions list length: 9
  [DEBUG] First batch shape: (32,)
  Pred std: 0.057190, range: 0.303141, mean: 0.292548
  Pos: 100.0%, Neg: 0.0%, Unique: 263
  Dir Acc: 60.23%, Pred Sharpe: 81.2040
  Composite: 0.4825 (dist_match: 0.6023, actual_pos: 60.2%, pred_pos: 100.0%)
  Collapse penalty: 0.000000 (threshold: 0.005000)
  Regime distribution: {'regime_0_fraction': 0.0, 'regime_1_fraction': 1.0}
  Regime gates: {'mean': 0.5435458421707153, 'std': 0.0002959161065518856, 'min': 0.54325932264328, 'max': 0.5438323616981506}
  Saved validation predictions to: experiments/07b_regime_attention_sweep/enc8_gs200_vix25/collapse_monitoring/val_predictions_epoch83.npy
  Gradient norms:
    lstm_encoder: 0.025224
    lstm_decoder: 0.014125
    output_layer: 0.266121
  Regime gate grads (epoch avg): tensor([[ 0.0668,  0.0622],
        [-0.0654, -0.0722]])
  VSN output std:
    encoder: 0.181296
  Attention entropy: 2.049591
  Regime attention gates: [[0.47968924045562744, 0.47852542996406555], [0.5438323616981506, 0.54325932264328]]
  Saved to: experiments/07b_regime_attention_sweep/enc8_gs200_vix25/collapse_monitoring/collapse_monitor_latest.json
[DEBUG CollapseMonitor] on_validation_epoch_start called for epoch 84
[DEBUG CollapseMonitor] reset_temporal_state() called on loss function
Epoch 84: val_loss=0.9183861017227173
Epoch 84: train_loss=0.8891544938087463

[CollapseMonitor] Epoch 84
  [DEBUG] Processed 9 batches from val_dataloader
  [DEBUG] Predictions shape after concat: (264,)
  [DEBUG] All predictions list length: 9
  [DEBUG] First batch shape: (32,)
  Pred std: 0.055687, range: 0.297179, mean: 0.283280
  Pos: 100.0%, Neg: 0.0%, Unique: 264
  Dir Acc: 60.23%, Pred Sharpe: 80.7533
  Composite: 0.4825 (dist_match: 0.6023, actual_pos: 60.2%, pred_pos: 100.0%)
  Collapse penalty: 0.000000 (threshold: 0.005000)
  Regime distribution: {'regime_0_fraction': 0.0, 'regime_1_fraction': 1.0}
  Regime gates: {'mean': 0.5437464714050293, 'std': 0.0002971472858916968, 'min': 0.5434587001800537, 'max': 0.5440341234207153}
  Saved validation predictions to: experiments/07b_regime_attention_sweep/enc8_gs200_vix25/collapse_monitoring/val_predictions_epoch84.npy
  Gradient norms:
    lstm_encoder: 0.024630
    lstm_decoder: 0.013408
    output_layer: 0.255786
  Regime gate grads (epoch avg): tensor([[ 0.0660,  0.0594],
        [-0.0961, -0.0960]])
  VSN output std:
    encoder: 0.181230
  Attention entropy: 2.048626
  Regime attention gates: [[0.4795481264591217, 0.47836485505104065], [0.5440341234207153, 0.5434587001800537]]
  Saved to: experiments/07b_regime_attention_sweep/enc8_gs200_vix25/collapse_monitoring/collapse_monitor_latest.json
[DEBUG CollapseMonitor] on_validation_epoch_start called for epoch 85
[DEBUG CollapseMonitor] reset_temporal_state() called on loss function
Epoch 85: val_loss=0.9186724424362183
Epoch 85: train_loss=0.8819840550422668

[CollapseMonitor] Epoch 85
  [DEBUG] Processed 9 batches from val_dataloader
  [DEBUG] Predictions shape after concat: (264,)
  [DEBUG] All predictions list length: 9
  [DEBUG] First batch shape: (32,)
  Pred std: 0.055360, range: 0.294773, mean: 0.270092
  Pos: 100.0%, Neg: 0.0%, Unique: 264
  Dir Acc: 60.23%, Pred Sharpe: 77.4486
  Composite: 0.4825 (dist_match: 0.6023, actual_pos: 60.2%, pred_pos: 100.0%)
  Collapse penalty: 0.000000 (threshold: 0.005000)
  Regime distribution: {'regime_0_fraction': 0.0, 'regime_1_fraction': 1.0}
  Regime gates: {'mean': 0.5438326597213745, 'std': 0.0002857280196622014, 'min': 0.5435560345649719, 'max': 0.5441093444824219}
  Saved validation predictions to: experiments/07b_regime_attention_sweep/enc8_gs200_vix25/collapse_monitoring/val_predictions_epoch85.npy
  Gradient norms:
    lstm_encoder: 0.023910
    lstm_decoder: 0.012530
    output_layer: 0.247146
  Regime gate grads (epoch avg): tensor([[ 0.0900,  0.0489],
        [-0.0450, -0.0567]])
  VSN output std:
    encoder: 0.181181
  Attention entropy: 2.050874
  Regime attention gates: [[0.47936612367630005, 0.47828805446624756], [0.5441093444824219, 0.5435560345649719]]
  Saved to: experiments/07b_regime_attention_sweep/enc8_gs200_vix25/collapse_monitoring/collapse_monitor_latest.json
[DEBUG CollapseMonitor] on_validation_epoch_start called for epoch 86
[DEBUG CollapseMonitor] reset_temporal_state() called on loss function
Epoch 86: val_loss=0.9189272522926331
Epoch 86: train_loss=0.8894822597503662

[CollapseMonitor] Epoch 86
  [DEBUG] Processed 9 batches from val_dataloader
  [DEBUG] Predictions shape after concat: (264,)
  [DEBUG] All predictions list length: 9
  [DEBUG] First batch shape: (32,)
  Pred std: 0.056429, range: 0.302543, mean: 0.270699
  Pos: 100.0%, Neg: 0.0%, Unique: 264
  Dir Acc: 60.23%, Pred Sharpe: 76.1524
  Composite: 0.4825 (dist_match: 0.6023, actual_pos: 60.2%, pred_pos: 100.0%)
  Collapse penalty: 0.000000 (threshold: 0.005000)
  Regime distribution: {'regime_0_fraction': 0.0, 'regime_1_fraction': 1.0}
  Regime gates: {'mean': 0.5439218878746033, 'std': 0.00026590589550323784, 'min': 0.5436643958091736, 'max': 0.5441793203353882}
  Saved validation predictions to: experiments/07b_regime_attention_sweep/enc8_gs200_vix25/collapse_monitoring/val_predictions_epoch86.npy
  Gradient norms:
    lstm_encoder: 0.027054
    lstm_decoder: 0.013346
    output_layer: 0.238425
  Regime gate grads (epoch avg): tensor([[ 0.0893,  0.0554],
        [-0.0197, -0.0503]])
  VSN output std:
    encoder: 0.181140
  Attention entropy: 2.052992
  Regime attention gates: [[0.47914478182792664, 0.4781821668148041], [0.5441793203353882, 0.5436643958091736]]
  Saved to: experiments/07b_regime_attention_sweep/enc8_gs200_vix25/collapse_monitoring/collapse_monitor_latest.json
[DEBUG CollapseMonitor] on_validation_epoch_start called for epoch 87
[DEBUG CollapseMonitor] reset_temporal_state() called on loss function
Epoch 87: val_loss=0.918846070766449
Epoch 87: train_loss=0.8926809430122375

[CollapseMonitor] Epoch 87
  [DEBUG] Processed 9 batches from val_dataloader
  [DEBUG] Predictions shape after concat: (264,)
  [DEBUG] All predictions list length: 9
  [DEBUG] First batch shape: (32,)
  Pred std: 0.056457, range: 0.306395, mean: 0.274460
  Pos: 100.0%, Neg: 0.0%, Unique: 263
  Dir Acc: 60.23%, Pred Sharpe: 77.1720
  Composite: 0.4825 (dist_match: 0.6023, actual_pos: 60.2%, pred_pos: 100.0%)
  Collapse penalty: 0.000000 (threshold: 0.005000)
  Regime distribution: {'regime_0_fraction': 0.0, 'regime_1_fraction': 1.0}
  Regime gates: {'mean': 0.5439307689666748, 'std': 0.00021376505901571363, 'min': 0.5437237620353699, 'max': 0.544137716293335}
  Saved validation predictions to: experiments/07b_regime_attention_sweep/enc8_gs200_vix25/collapse_monitoring/val_predictions_epoch87.npy
  Gradient norms:
    lstm_encoder: 0.026666
    lstm_decoder: 0.014428
    output_layer: 0.272284
  Regime gate grads (epoch avg): tensor([[ 0.0949,  0.0518],
        [-0.0097, -0.0492]])
  VSN output std:
    encoder: 0.181012
  Attention entropy: 2.053303
  Regime attention gates: [[0.47894519567489624, 0.4780578315258026], [0.544137716293335, 0.5437237620353699]]
  Saved to: experiments/07b_regime_attention_sweep/enc8_gs200_vix25/collapse_monitoring/collapse_monitor_latest.json
[DEBUG CollapseMonitor] on_validation_epoch_start called for epoch 88
[DEBUG CollapseMonitor] reset_temporal_state() called on loss function
Epoch 88: val_loss=0.9186524152755737
Epoch 88: train_loss=0.891692042350769

[CollapseMonitor] Epoch 88
  [DEBUG] Processed 9 batches from val_dataloader
  [DEBUG] Predictions shape after concat: (264,)
  [DEBUG] All predictions list length: 9
  [DEBUG] First batch shape: (32,)
  Pred std: 0.057424, range: 0.313587, mean: 0.283473
  Pos: 100.0%, Neg: 0.0%, Unique: 264
  Dir Acc: 60.23%, Pred Sharpe: 78.3648
  Composite: 0.4825 (dist_match: 0.6023, actual_pos: 60.2%, pred_pos: 100.0%)
  Collapse penalty: 0.000000 (threshold: 0.005000)
  Regime distribution: {'regime_0_fraction': 0.0, 'regime_1_fraction': 1.0}
  Regime gates: {'mean': 0.5439930558204651, 'std': 0.00019514333689585328, 'min': 0.5438041090965271, 'max': 0.5441820025444031}
  Saved validation predictions to: experiments/07b_regime_attention_sweep/enc8_gs200_vix25/collapse_monitoring/val_predictions_epoch88.npy
  Gradient norms:
    lstm_encoder: 0.025838
    lstm_decoder: 0.013738
    output_layer: 0.261177
  Regime gate grads (epoch avg): tensor([[ 0.0711,  0.0579],
        [-0.0323, -0.0342]])
  VSN output std:
    encoder: 0.181342
  Attention entropy: 2.052840
  Regime attention gates: [[0.478744238615036, 0.4779248535633087], [0.5441820025444031, 0.5438041090965271]]
  Saved to: experiments/07b_regime_attention_sweep/enc8_gs200_vix25/collapse_monitoring/collapse_monitor_latest.json
[DEBUG CollapseMonitor] on_validation_epoch_start called for epoch 89
[DEBUG CollapseMonitor] reset_temporal_state() called on loss function
Epoch 89: val_loss=0.9186116456985474
Epoch 89: train_loss=0.8942367434501648

[CollapseMonitor] Epoch 89
  [DEBUG] Processed 9 batches from val_dataloader
  [DEBUG] Predictions shape after concat: (264,)
  [DEBUG] All predictions list length: 9
  [DEBUG] First batch shape: (32,)
  Pred std: 0.058094, range: 0.316488, mean: 0.283512
  Pos: 100.0%, Neg: 0.0%, Unique: 264
  Dir Acc: 60.23%, Pred Sharpe: 77.4713
  Composite: 0.4825 (dist_match: 0.6023, actual_pos: 60.2%, pred_pos: 100.0%)
  Collapse penalty: 0.000000 (threshold: 0.005000)
  Regime distribution: {'regime_0_fraction': 0.0, 'regime_1_fraction': 1.0}
  Regime gates: {'mean': 0.5440546870231628, 'std': 0.00018892584193963557, 'min': 0.5438717603683472, 'max': 0.5442376136779785}
  Saved validation predictions to: experiments/07b_regime_attention_sweep/enc8_gs200_vix25/collapse_monitoring/val_predictions_epoch89.npy
  Gradient norms:
    lstm_encoder: 0.026368
    lstm_decoder: 0.014173
    output_layer: 0.276850
  Regime gate grads (epoch avg): tensor([[ 0.0943,  0.1179],
        [-0.0793, -0.0883]])
  VSN output std:
    encoder: 0.181353
  Attention entropy: 2.052464
  Regime attention gates: [[0.4786907434463501, 0.47786471247673035], [0.5442376136779785, 0.5438717603683472]]
  Saved to: experiments/07b_regime_attention_sweep/enc8_gs200_vix25/collapse_monitoring/collapse_monitor_latest.json
[DEBUG CollapseMonitor] on_validation_epoch_start called for epoch 90
[DEBUG CollapseMonitor] reset_temporal_state() called on loss function
Epoch 90: val_loss=0.9184327721595764
Epoch 90: train_loss=0.8910885453224182

[CollapseMonitor] Epoch 90
  [DEBUG] Processed 9 batches from val_dataloader
  [DEBUG] Predictions shape after concat: (264,)
  [DEBUG] All predictions list length: 9
  [DEBUG] First batch shape: (32,)
  Pred std: 0.058896, range: 0.321667, mean: 0.290429
  Pos: 100.0%, Neg: 0.0%, Unique: 263
  Dir Acc: 60.23%, Pred Sharpe: 78.2810
  Composite: 0.4825 (dist_match: 0.6023, actual_pos: 60.2%, pred_pos: 100.0%)
  Collapse penalty: 0.000000 (threshold: 0.005000)
  Regime distribution: {'regime_0_fraction': 0.0, 'regime_1_fraction': 1.0}
  Regime gates: {'mean': 0.5441192388534546, 'std': 0.00018304691184312105, 'min': 0.5439420342445374, 'max': 0.5442965030670166}
  Saved validation predictions to: experiments/07b_regime_attention_sweep/enc8_gs200_vix25/collapse_monitoring/val_predictions_epoch90.npy
  Gradient norms:
    lstm_encoder: 0.023891
    lstm_decoder: 0.012958
    output_layer: 0.251827
  Regime gate grads (epoch avg): tensor([[ 0.0872,  0.0858],
        [-0.0676, -0.0776]])
  VSN output std:
    encoder: 0.181302
  Attention entropy: 2.052154
  Regime attention gates: [[0.4785977005958557, 0.47775840759277344], [0.5442965030670166, 0.5439420342445374]]
  Saved to: experiments/07b_regime_attention_sweep/enc8_gs200_vix25/collapse_monitoring/collapse_monitor_latest.json
[DEBUG CollapseMonitor] on_validation_epoch_start called for epoch 91
[DEBUG CollapseMonitor] reset_temporal_state() called on loss function
Epoch 91: val_loss=0.9182635545730591
Epoch 91: train_loss=0.8918308615684509

[CollapseMonitor] Epoch 91
  [DEBUG] Processed 9 batches from val_dataloader
  [DEBUG] Predictions shape after concat: (264,)
  [DEBUG] All predictions list length: 9
  [DEBUG] First batch shape: (32,)
  Pred std: 0.059994, range: 0.327984, mean: 0.286299
  Pos: 100.0%, Neg: 0.0%, Unique: 264
  Dir Acc: 60.23%, Pred Sharpe: 75.7553
  Composite: 0.4825 (dist_match: 0.6023, actual_pos: 60.2%, pred_pos: 100.0%)
  Collapse penalty: 0.000000 (threshold: 0.005000)
  Regime distribution: {'regime_0_fraction': 0.0, 'regime_1_fraction': 1.0}
  Regime gates: {'mean': 0.5442345142364502, 'std': 0.00019101887301076204, 'min': 0.5440495014190674, 'max': 0.5444194078445435}
  Saved validation predictions to: experiments/07b_regime_attention_sweep/enc8_gs200_vix25/collapse_monitoring/val_predictions_epoch91.npy
  Gradient norms:
    lstm_encoder: 0.027179
    lstm_decoder: 0.013722
    output_layer: 0.253698
  Regime gate grads (epoch avg): tensor([[ 0.0326,  0.0632],
        [-0.1345, -0.0957]])
  VSN output std:
    encoder: 0.181312
  Attention entropy: 2.051501
  Regime attention gates: [[0.4785565435886383, 0.47769278287887573], [0.5444194078445435, 0.5440495014190674]]
  Saved to: experiments/07b_regime_attention_sweep/enc8_gs200_vix25/collapse_monitoring/collapse_monitor_latest.json
[DEBUG CollapseMonitor] on_validation_epoch_start called for epoch 92
[DEBUG CollapseMonitor] reset_temporal_state() called on loss function
Epoch 92: val_loss=0.9183086156845093
Epoch 92: train_loss=0.8936291337013245

[CollapseMonitor] Epoch 92
  [DEBUG] Processed 9 batches from val_dataloader
  [DEBUG] Predictions shape after concat: (264,)
  [DEBUG] All predictions list length: 9
  [DEBUG] First batch shape: (32,)
  Pred std: 0.060002, range: 0.328708, mean: 0.286047
  Pos: 100.0%, Neg: 0.0%, Unique: 263
  Dir Acc: 60.23%, Pred Sharpe: 75.6790
  Composite: 0.4825 (dist_match: 0.6023, actual_pos: 60.2%, pred_pos: 100.0%)
  Collapse penalty: 0.000000 (threshold: 0.005000)
  Regime distribution: {'regime_0_fraction': 0.0, 'regime_1_fraction': 1.0}
  Regime gates: {'mean': 0.5443241596221924, 'std': 0.00017596757970750332, 'min': 0.5441537499427795, 'max': 0.5444945096969604}
  Saved validation predictions to: experiments/07b_regime_attention_sweep/enc8_gs200_vix25/collapse_monitoring/val_predictions_epoch92.npy
  Gradient norms:
    lstm_encoder: 0.025834
    lstm_decoder: 0.013936
    output_layer: 0.265550
  Regime gate grads (epoch avg): tensor([[ 0.1058,  0.0786],
        [-0.0522, -0.0923]])
  VSN output std:
    encoder: 0.181225
  Attention entropy: 2.051792
  Regime attention gates: [[0.47846361994743347, 0.47759366035461426], [0.5444945096969604, 0.5441537499427795]]
  Saved to: experiments/07b_regime_attention_sweep/enc8_gs200_vix25/collapse_monitoring/collapse_monitor_latest.json
[DEBUG CollapseMonitor] on_validation_epoch_start called for epoch 93
[DEBUG CollapseMonitor] reset_temporal_state() called on loss function
Epoch 93: val_loss=0.9184520840644836
Epoch 93: train_loss=0.8917263746261597

[CollapseMonitor] Epoch 93
  [DEBUG] Processed 9 batches from val_dataloader
  [DEBUG] Predictions shape after concat: (264,)
  [DEBUG] All predictions list length: 9
  [DEBUG] First batch shape: (32,)
  Pred std: 0.059602, range: 0.326528, mean: 0.278649
  Pos: 100.0%, Neg: 0.0%, Unique: 264
  Dir Acc: 60.23%, Pred Sharpe: 74.2165
  Composite: 0.4825 (dist_match: 0.6023, actual_pos: 60.2%, pred_pos: 100.0%)
  Collapse penalty: 0.000000 (threshold: 0.005000)
  Regime distribution: {'regime_0_fraction': 0.0, 'regime_1_fraction': 1.0}
  Regime gates: {'mean': 0.544403076171875, 'std': 0.00017368988483212888, 'min': 0.5442349314689636, 'max': 0.5445712804794312}
  Saved validation predictions to: experiments/07b_regime_attention_sweep/enc8_gs200_vix25/collapse_monitoring/val_predictions_epoch93.npy
  Gradient norms:
    lstm_encoder: 0.024231
    lstm_decoder: 0.013270
    output_layer: 0.267198
  Regime gate grads (epoch avg): tensor([[ 0.1068,  0.0861],
        [-0.0968, -0.0603]])
  VSN output std:
    encoder: 0.181219
  Attention entropy: 2.051643
  Regime attention gates: [[0.4783632159233093, 0.4775192439556122], [0.5445712804794312, 0.5442349314689636]]
  Saved to: experiments/07b_regime_attention_sweep/enc8_gs200_vix25/collapse_monitoring/collapse_monitor_latest.json
[DEBUG CollapseMonitor] on_validation_epoch_start called for epoch 94
[DEBUG CollapseMonitor] reset_temporal_state() called on loss function
Epoch 94: val_loss=0.9184840321540833
Epoch 94: train_loss=0.887215256690979

[CollapseMonitor] Epoch 94
  [DEBUG] Processed 9 batches from val_dataloader
  [DEBUG] Predictions shape after concat: (264,)
  [DEBUG] All predictions list length: 9
  [DEBUG] First batch shape: (32,)
  Pred std: 0.059021, range: 0.323531, mean: 0.283794
  Pos: 100.0%, Neg: 0.0%, Unique: 264
  Dir Acc: 60.23%, Pred Sharpe: 76.3308
  Composite: 0.4825 (dist_match: 0.6023, actual_pos: 60.2%, pred_pos: 100.0%)
  Collapse penalty: 0.000000 (threshold: 0.005000)
  Regime distribution: {'regime_0_fraction': 0.0, 'regime_1_fraction': 1.0}
  Regime gates: {'mean': 0.5444948673248291, 'std': 0.00016682600835338235, 'min': 0.5443333387374878, 'max': 0.5446563959121704}
  Saved validation predictions to: experiments/07b_regime_attention_sweep/enc8_gs200_vix25/collapse_monitoring/val_predictions_epoch94.npy
  Gradient norms:
    lstm_encoder: 0.026907
    lstm_decoder: 0.014492
    output_layer: 0.272747
  Regime gate grads (epoch avg): tensor([[ 0.1156,  0.0875],
        [-0.0466, -0.0795]])
  VSN output std:
    encoder: 0.181211
  Attention entropy: 2.052453
  Regime attention gates: [[0.4782465994358063, 0.47742512822151184], [0.5446563959121704, 0.5443333387374878]]
  Saved to: experiments/07b_regime_attention_sweep/enc8_gs200_vix25/collapse_monitoring/collapse_monitor_latest.json
[DEBUG CollapseMonitor] on_validation_epoch_start called for epoch 95
[DEBUG CollapseMonitor] reset_temporal_state() called on loss function
Epoch 95: val_loss=0.9183763861656189
Epoch 95: train_loss=0.8874775767326355

[CollapseMonitor] Epoch 95
  [DEBUG] Processed 9 batches from val_dataloader
  [DEBUG] Predictions shape after concat: (264,)
  [DEBUG] All predictions list length: 9
  [DEBUG] First batch shape: (32,)
  Pred std: 0.059093, range: 0.324126, mean: 0.292020
  Pos: 100.0%, Neg: 0.0%, Unique: 264
  Dir Acc: 60.23%, Pred Sharpe: 78.4476
  Composite: 0.4825 (dist_match: 0.6023, actual_pos: 60.2%, pred_pos: 100.0%)
  Collapse penalty: 0.000000 (threshold: 0.005000)
  Regime distribution: {'regime_0_fraction': 0.0, 'regime_1_fraction': 1.0}
  Regime gates: {'mean': 0.5445263385772705, 'std': 0.00015411399363074452, 'min': 0.5443770885467529, 'max': 0.5446755290031433}
  Saved validation predictions to: experiments/07b_regime_attention_sweep/enc8_gs200_vix25/collapse_monitoring/val_predictions_epoch95.npy
  Gradient norms:
    lstm_encoder: 0.026789
    lstm_decoder: 0.013713
    output_layer: 0.283175
  Regime gate grads (epoch avg): tensor([[ 0.0557,  0.0381],
        [-0.0192, -0.0329]])
  VSN output std:
    encoder: 0.181278
  Attention entropy: 2.052891
  Regime attention gates: [[0.4781651496887207, 0.47736656665802], [0.5446755290031433, 0.5443770885467529]]
  Saved to: experiments/07b_regime_attention_sweep/enc8_gs200_vix25/collapse_monitoring/collapse_monitor_latest.json
[DEBUG CollapseMonitor] on_validation_epoch_start called for epoch 96
[DEBUG CollapseMonitor] reset_temporal_state() called on loss function
Epoch 96: val_loss=0.9182730913162231
Epoch 96: train_loss=0.8926717042922974

[CollapseMonitor] Epoch 96
  [DEBUG] Processed 9 batches from val_dataloader
  [DEBUG] Predictions shape after concat: (264,)
  [DEBUG] All predictions list length: 9
  [DEBUG] First batch shape: (32,)
  Pred std: 0.058066, range: 0.317768, mean: 0.282030
  Pos: 100.0%, Neg: 0.0%, Unique: 263
  Dir Acc: 60.23%, Pred Sharpe: 77.1030
  Composite: 0.4825 (dist_match: 0.6023, actual_pos: 60.2%, pred_pos: 100.0%)
  Collapse penalty: 0.000000 (threshold: 0.005000)
  Regime distribution: {'regime_0_fraction': 0.0, 'regime_1_fraction': 1.0}
  Regime gates: {'mean': 0.5445822477340698, 'std': 0.00016734926612116396, 'min': 0.5444201827049255, 'max': 0.5447442531585693}
  Saved validation predictions to: experiments/07b_regime_attention_sweep/enc8_gs200_vix25/collapse_monitoring/val_predictions_epoch96.npy
  Gradient norms:
    lstm_encoder: 0.024873
    lstm_decoder: 0.013147
    output_layer: 0.251571
  Regime gate grads (epoch avg): tensor([[ 0.0856,  0.1006],
        [-0.0817, -0.0588]])
  VSN output std:
    encoder: 0.181376
  Attention entropy: 2.052063
  Regime attention gates: [[0.4781095087528229, 0.4773056209087372], [0.5447442531585693, 0.5444201827049255]]
  Saved to: experiments/07b_regime_attention_sweep/enc8_gs200_vix25/collapse_monitoring/collapse_monitor_latest.json
[DEBUG CollapseMonitor] on_validation_epoch_start called for epoch 97
[DEBUG CollapseMonitor] reset_temporal_state() called on loss function
Epoch 97: val_loss=0.9179747700691223
Epoch 97: train_loss=0.8904204964637756

[CollapseMonitor] Epoch 97
  [DEBUG] Processed 9 batches from val_dataloader
  [DEBUG] Predictions shape after concat: (264,)
  [DEBUG] All predictions list length: 9
  [DEBUG] First batch shape: (32,)
  Pred std: 0.058916, range: 0.323276, mean: 0.286337
  Pos: 100.0%, Neg: 0.0%, Unique: 264
  Dir Acc: 60.23%, Pred Sharpe: 77.1514
  Composite: 0.4825 (dist_match: 0.6023, actual_pos: 60.2%, pred_pos: 100.0%)
  Collapse penalty: 0.000000 (threshold: 0.005000)
  Regime distribution: {'regime_0_fraction': 0.0, 'regime_1_fraction': 1.0}
  Regime gates: {'mean': 0.5446383953094482, 'std': 0.00016928838158492, 'min': 0.5444744825363159, 'max': 0.5448023080825806}
  Saved validation predictions to: experiments/07b_regime_attention_sweep/enc8_gs200_vix25/collapse_monitoring/val_predictions_epoch97.npy
  Gradient norms:
    lstm_encoder: 0.026344
    lstm_decoder: 0.014458
    output_layer: 0.259966
  Regime gate grads (epoch avg): tensor([[ 0.0876,  0.0805],
        [-0.0730, -0.0740]])
  VSN output std:
    encoder: 0.181475
  Attention entropy: 2.051440
  Regime attention gates: [[0.4780415892601013, 0.47722718119621277], [0.5448023080825806, 0.5444744825363159]]
  Saved to: experiments/07b_regime_attention_sweep/enc8_gs200_vix25/collapse_monitoring/collapse_monitor_latest.json
[DEBUG CollapseMonitor] on_validation_epoch_start called for epoch 98
[DEBUG CollapseMonitor] reset_temporal_state() called on loss function
Epoch 98: val_loss=0.917973518371582
Epoch 98: train_loss=0.8908448815345764

[CollapseMonitor] Epoch 98
  [DEBUG] Processed 9 batches from val_dataloader
  [DEBUG] Predictions shape after concat: (264,)
  [DEBUG] All predictions list length: 9
  [DEBUG] First batch shape: (32,)
  Pred std: 0.059082, range: 0.324706, mean: 0.288768
  Pos: 100.0%, Neg: 0.0%, Unique: 264
  Dir Acc: 60.23%, Pred Sharpe: 77.5881
  Composite: 0.4825 (dist_match: 0.6023, actual_pos: 60.2%, pred_pos: 100.0%)
  Collapse penalty: 0.000000 (threshold: 0.005000)
  Regime distribution: {'regime_0_fraction': 0.0, 'regime_1_fraction': 1.0}
  Regime gates: {'mean': 0.5446773767471313, 'std': 0.00016513312584720552, 'min': 0.544517457485199, 'max': 0.544837236404419}
  Saved validation predictions to: experiments/07b_regime_attention_sweep/enc8_gs200_vix25/collapse_monitoring/val_predictions_epoch98.npy
  Gradient norms:
    lstm_encoder: 0.024381
    lstm_decoder: 0.012942
    output_layer: 0.247521
  Regime gate grads (epoch avg): tensor([[ 0.0845,  0.0617],
        [-0.0530, -0.0787]])
  VSN output std:
    encoder: 0.181474
  Attention entropy: 2.051385
  Regime attention gates: [[0.47798705101013184, 0.4771791398525238], [0.544837236404419, 0.544517457485199]]
  Saved to: experiments/07b_regime_attention_sweep/enc8_gs200_vix25/collapse_monitoring/collapse_monitor_latest.json
[DEBUG CollapseMonitor] on_validation_epoch_start called for epoch 99
[DEBUG CollapseMonitor] reset_temporal_state() called on loss function
Epoch 99: val_loss=0.9180113673210144
Epoch 99: train_loss=0.8858758211135864

[CollapseMonitor] Epoch 99
  [DEBUG] Processed 9 batches from val_dataloader
  [DEBUG] Predictions shape after concat: (264,)
  [DEBUG] All predictions list length: 9
  [DEBUG] First batch shape: (32,)
  Pred std: 0.059779, range: 0.328929, mean: 0.287619
  Pos: 100.0%, Neg: 0.0%, Unique: 263
  Dir Acc: 60.23%, Pred Sharpe: 76.3780
  Composite: 0.4825 (dist_match: 0.6023, actual_pos: 60.2%, pred_pos: 100.0%)
  Collapse penalty: 0.000000 (threshold: 0.005000)
  Regime distribution: {'regime_0_fraction': 0.0, 'regime_1_fraction': 1.0}
  Regime gates: {'mean': 0.5447112321853638, 'std': 0.00017224323528353125, 'min': 0.5445444583892822, 'max': 0.5448780059814453}
  Saved validation predictions to: experiments/07b_regime_attention_sweep/enc8_gs200_vix25/collapse_monitoring/val_predictions_epoch99.npy
  Gradient norms:
    lstm_encoder: 0.026533
    lstm_decoder: 0.014589
    output_layer: 0.283873
  Regime gate grads (epoch avg): tensor([[ 0.0640,  0.0499],
        [-0.0954, -0.0507]])
  VSN output std:
    encoder: 0.181473
  Attention entropy: 2.051695
  Regime attention gates: [[0.47794631123542786, 0.4771398901939392], [0.5448780059814453, 0.5445444583892822]]
  Saved to: experiments/07b_regime_attention_sweep/enc8_gs200_vix25/collapse_monitoring/collapse_monitor_latest.json
Final gate values: tensor([[0.4779, 0.4771],
        [0.5449, 0.5445]], grad_fn=<SigmoidBackward0>)


======================================================================
Training complete
======================================================================

Best val_loss checkpoint: experiments/07b_regime_attention_sweep/enc8_gs200_vix25/checkpoints/tft-epoch=epoch=98-valloss=val_loss=0.9180.ckpt
Best validation loss: 0.917974
Checkpoints saved:
  - Best val_loss: experiments/07b_regime_attention_sweep/enc8_gs200_vix25/checkpoints/tft-epoch=epoch=98-valloss=val_loss=0.9180.ckpt
  - Best pred_std: experiments/07b_regime_attention_sweep/enc8_gs200_vix25/checkpoints/tft-epoch=epoch=92-predstd=val_pred_std=0.0600.ckpt
  - Best unique: experiments/07b_regime_attention_sweep/enc8_gs200_vix25/checkpoints/tft-epoch=epoch=00-unique=val_num_unique=264.ckpt
  - Best dir_acc: experiments/07b_regime_attention_sweep/enc8_gs200_vix25/checkpoints/tft-epoch=epoch=00-diracc=val_dir_acc=0.6023.ckpt
  - Best sharpe: experiments/07b_regime_attention_sweep/enc8_gs200_vix25/checkpoints/tft-epoch=epoch=17-sharpe=val_sharpe=463.9247.ckpt
  - Best composite: experiments/07b_regime_attention_sweep/enc8_gs200_vix25/checkpoints/tft-epoch=epoch=00-composite=val_composite=0.4825.ckpt
Completed at: 2025-12-03 06:35:25
Log saved to: experiments/07b_regime_attention_sweep/enc8_gs200_vix25/training_20251203_062527.log
======================================================================
