{
  "evaluation_timestamp": "2025-10-30T03:32:21.069143",
  "statistical_metrics": {
    "mse": 1.1793920993804932,
    "rmse": 1.0859981775283813,
    "mae": 0.77515709400177,
    "mape": 138.46019506454468,
    "r2": -0.002234935760498047,
    "mean_error": -0.014065069146454334,
    "std_error": 1.0859071016311646
  },
  "financial_metrics": {
    "directional_accuracy": 0.53671875,
    "sharpe_ratio": 0.8329736080938573,
    "max_drawdown": -0.2524605989456177,
    "total_return": 0.9216080904006958,
    "hit_rate": 0.53671875,
    "num_trades": 1280,
    "precision": 0.53671875,
    "recall": 1.0,
    "f1_score": 0.6985256736146417,
    "confusion_matrix": [
      [
        0,
        593
      ],
      [
        0,
        687
      ]
    ],
    "auc_roc": 0.46926662591957113,
    "alpha": 0.0
  },
  "residual_diagnostics": {
    "normality_p_value": 3.984856161407949e-39,
    "acf_lag1": -0.03075544110288884,
    "skewness": -0.026101779681263065,
    "kurtosis": 6.360614104604512
  },
  "mode_stats": {
    "healthy_days": 30,
    "degraded_days": 0,
    "unidirectional_days": 1250,
    "weak_collapse_days": 0,
    "strong_collapse_days": 0,
    "total_days": 1280,
    "healthy_pct": 2.34375,
    "degraded_pct": 0.0,
    "unidirectional_pct": 97.65625,
    "weak_collapse_pct": 0.0,
    "strong_collapse_pct": 0.0
  },
  "collapse_detected": false,
  "degradation_detected": true,
  "checkpoint_used": "experiments/01_staleness_features_fixed/sweep_stale_h20_drop0.30_lr5/checkpoints/tft-epoch=60-val_loss=0.3999.ckpt"
}