{
  "evaluation_timestamp": "2025-10-22T23:16:43.286568",
  "statistical_metrics": {
    "mse": 1.1783668994903564,
    "rmse": 1.0855261087417603,
    "mae": 0.773434579372406,
    "mape": 130.66112995147705,
    "r2": -0.0013637542724609375,
    "mean_error": 0.008512809872627258,
    "std_error": 1.0854926109313965
  },
  "financial_metrics": {
    "directional_accuracy": 0.53671875,
    "sharpe_ratio": 0.8329736080938573,
    "max_drawdown": -0.2524605989456177,
    "total_return": 0.9216080904006958,
    "hit_rate": 0.53671875,
    "num_trades": 1280,
    "precision": 0.53671875,
    "recall": 1.0,
    "f1_score": 0.6985256736146417,
    "confusion_matrix": [
      [
        0,
        593
      ],
      [
        0,
        687
      ]
    ],
    "auc_roc": 0.467892025106102,
    "alpha": 0.0
  },
  "residual_diagnostics": {
    "normality_p_value": 3.3777367279106896e-40,
    "acf_lag1": -0.03490408399883084,
    "skewness": 0.08121781250200617,
    "kurtosis": 6.552515315038853
  },
  "checkpoint_used": "experiments/sweep_stale_h20_drop0.30_lr5/checkpoints/tft-epoch=02-val_loss=0.1727.ckpt"
}