{
  "evaluation_timestamp": "2025-10-27T12:05:18.380617",
  "statistical_metrics": {
    "mse": 1.1783668994903564,
    "rmse": 1.0855261087417603,
    "mae": 0.773434579372406,
    "mape": 130.66110610961914,
    "r2": -0.0013637542724609375,
    "mean_error": 0.00851284246891737,
    "std_error": 1.085492730140686
  },
  "financial_metrics": {
    "directional_accuracy": 0.53671875,
    "sharpe_ratio": 0.8329736080938573,
    "max_drawdown": -0.2524605989456177,
    "total_return": 0.9216080904006958,
    "hit_rate": 0.53671875,
    "num_trades": 1280,
    "precision": 0.53671875,
    "recall": 1.0,
    "f1_score": 0.6985256736146417,
    "confusion_matrix": [
      [
        0,
        593
      ],
      [
        0,
        687
      ]
    ],
    "auc_roc": 0.467892025106102,
    "alpha": 0.0
  },
  "residual_diagnostics": {
    "normality_p_value": 3.3776775832168562e-40,
    "acf_lag1": -0.034904085219441966,
    "skewness": 0.08121800405798556,
    "kurtosis": 6.55251681665437
  },
  "mode_stats": {
    "healthy_days": 29,
    "degraded_days": 1,
    "unidirectional_days": 131,
    "weak_collapse_days": 1119,
    "strong_collapse_days": 0,
    "total_days": 1280,
    "healthy_pct": 2.265625,
    "degraded_pct": 0.078125,
    "unidirectional_pct": 10.234375,
    "weak_collapse_pct": 87.421875,
    "strong_collapse_pct": 0.0
  },
  "collapse_detected": true,
  "degradation_detected": true,
  "checkpoint_used": "experiments/01_staleness_features_fixed/sweep_stale_h20_drop0.30_lr5/checkpoints/tft-epoch=02-val_loss=0.1727.ckpt"
}