{
  "evaluation_timestamp": "2025-10-22T23:16:33.241942",
  "statistical_metrics": {
    "mse": 1.215480089187622,
    "rmse": 1.1024881601333618,
    "mae": 0.797267496585846,
    "mape": 225.71744918823242,
    "r2": -0.03290212154388428,
    "mean_error": 0.1932588517665863,
    "std_error": 1.08541738986969
  },
  "financial_metrics": {
    "directional_accuracy": 0.46328125,
    "sharpe_ratio": 0.0,
    "max_drawdown": 0.0,
    "total_return": 0.0,
    "hit_rate": 0.0,
    "num_trades": 0,
    "precision": 0.0,
    "recall": 0.0,
    "f1_score": 0.0,
    "confusion_matrix": [
      [
        593,
        0
      ],
      [
        687,
        0
      ]
    ],
    "auc_roc": 0.4616768657137737,
    "alpha": -0.9216080904006958
  },
  "residual_diagnostics": {
    "normality_p_value": 4.128196305187948e-40,
    "acf_lag1": -0.03499457525778268,
    "skewness": 0.07621443060166186,
    "kurtosis": 6.540218904995083
  },
  "checkpoint_used": "experiments/sweep_stale_h20_drop0.20_lr3/checkpoints/tft-epoch=02-val_loss=0.1701.ckpt"
}