{
  "evaluation_timestamp": "2025-10-30T03:31:31.714163",
  "statistical_metrics": {
    "mse": 1.1759248971939087,
    "rmse": 1.0844006538391113,
    "mae": 0.7737122178077698,
    "mape": 131.28186464309692,
    "r2": 0.0007113814353942871,
    "mean_error": -0.0010502829682081938,
    "std_error": 1.0844001770019531
  },
  "financial_metrics": {
    "directional_accuracy": 0.53671875,
    "sharpe_ratio": 0.8329736080938573,
    "max_drawdown": -0.2524605989456177,
    "total_return": 0.9216080904006958,
    "hit_rate": 0.53671875,
    "num_trades": 1280,
    "precision": 0.53671875,
    "recall": 1.0,
    "f1_score": 0.6985256736146417,
    "confusion_matrix": [
      [
        0,
        593
      ],
      [
        0,
        687
      ]
    ],
    "auc_roc": 0.47917111570947807,
    "alpha": 0.0
  },
  "residual_diagnostics": {
    "normality_p_value": 1.1882865574168318e-39,
    "acf_lag1": -0.033877769778023877,
    "skewness": 0.00410555629217692,
    "kurtosis": 6.494420558608422
  },
  "mode_stats": {
    "healthy_days": 30,
    "degraded_days": 0,
    "unidirectional_days": 1064,
    "weak_collapse_days": 123,
    "strong_collapse_days": 63,
    "total_days": 1280,
    "healthy_pct": 2.34375,
    "degraded_pct": 0.0,
    "unidirectional_pct": 83.125,
    "weak_collapse_pct": 9.609375,
    "strong_collapse_pct": 4.921875
  },
  "collapse_detected": true,
  "degradation_detected": true,
  "checkpoint_used": "experiments/01_staleness_features_fixed/sweep_stale_h20_drop0.20_lr3/checkpoints/tft-epoch=63-val_loss=0.4006.ckpt"
}