{
  "evaluation_timestamp": "2025-10-27T12:05:04.986770",
  "statistical_metrics": {
    "mse": 1.215480089187622,
    "rmse": 1.1024881601333618,
    "mae": 0.797267496585846,
    "mape": 225.71754455566406,
    "r2": -0.03290212154388428,
    "mean_error": 0.19325892627239227,
    "std_error": 1.0854175090789795
  },
  "financial_metrics": {
    "directional_accuracy": 0.46328125,
    "sharpe_ratio": 0.0,
    "max_drawdown": 0.0,
    "total_return": 0.0,
    "hit_rate": 0.0,
    "num_trades": 0,
    "precision": 0.0,
    "recall": 0.0,
    "f1_score": 0.0,
    "confusion_matrix": [
      [
        593,
        0
      ],
      [
        687,
        0
      ]
    ],
    "auc_roc": 0.4616830023245482,
    "alpha": -0.9216080904006958
  },
  "residual_diagnostics": {
    "normality_p_value": 4.128356026756547e-40,
    "acf_lag1": -0.03499457732834463,
    "skewness": 0.07621429676492948,
    "kurtosis": 6.540215043684235
  },
  "mode_stats": {
    "healthy_days": 29,
    "degraded_days": 1,
    "unidirectional_days": 62,
    "weak_collapse_days": 1188,
    "strong_collapse_days": 0,
    "total_days": 1280,
    "healthy_pct": 2.265625,
    "degraded_pct": 0.078125,
    "unidirectional_pct": 4.84375,
    "weak_collapse_pct": 92.8125,
    "strong_collapse_pct": 0.0
  },
  "collapse_detected": true,
  "degradation_detected": true,
  "checkpoint_used": "experiments/01_staleness_features_fixed/sweep_stale_h20_drop0.20_lr3/checkpoints/tft-epoch=02-val_loss=0.1701.ckpt"
}