{
  "evaluation_timestamp": "2025-10-30T03:26:09.075428",
  "statistical_metrics": {
    "mse": 1.1738790273666382,
    "rmse": 1.0834569931030273,
    "mae": 0.7736622095108032,
    "mape": 121.54926061630249,
    "r2": 0.002449929714202881,
    "mean_error": 0.012148803099989891,
    "std_error": 1.0833889245986938
  },
  "financial_metrics": {
    "directional_accuracy": 0.525,
    "sharpe_ratio": 0.9542200232809928,
    "max_drawdown": -0.19676683843135834,
    "total_return": 0.9582029581069946,
    "hit_rate": 0.39609375,
    "num_trades": 935,
    "precision": 0.5422459893048128,
    "recall": 0.7379912663755459,
    "f1_score": 0.6251541307028361,
    "confusion_matrix": [
      [
        165,
        428
      ],
      [
        180,
        507
      ]
    ],
    "auc_roc": 0.5008701714078121,
    "alpha": 0.03659486770629883
  },
  "residual_diagnostics": {
    "normality_p_value": 3.378139977181958e-38,
    "acf_lag1": -0.021171048397463612,
    "skewness": -0.06416244193407361,
    "kurtosis": 6.104835764729856
  },
  "mode_stats": {
    "healthy_days": 774,
    "degraded_days": 280,
    "unidirectional_days": 226,
    "weak_collapse_days": 0,
    "strong_collapse_days": 0,
    "total_days": 1280,
    "healthy_pct": 60.46875000000001,
    "degraded_pct": 21.875,
    "unidirectional_pct": 17.65625,
    "weak_collapse_pct": 0.0,
    "strong_collapse_pct": 0.0
  },
  "collapse_detected": false,
  "degradation_detected": true,
  "checkpoint_used": "experiments/01_staleness_features_fixed/sweep_stale_h14_drop0.15_lr5/checkpoints/tft-epoch=76-val_loss=0.3971.ckpt"
}