{
  "evaluation_timestamp": "2025-10-22T23:15:31.436882",
  "statistical_metrics": {
    "mse": 1.2149574756622314,
    "rmse": 1.1022510528564453,
    "mae": 0.7890874743461609,
    "mape": 331.59687519073486,
    "r2": -0.03245818614959717,
    "mean_error": -0.1960671842098236,
    "std_error": 1.0846728086471558
  },
  "financial_metrics": {
    "directional_accuracy": 0.53671875,
    "sharpe_ratio": 0.8329736080938573,
    "max_drawdown": -0.2524605989456177,
    "total_return": 0.9216080904006958,
    "hit_rate": 0.53671875,
    "num_trades": 1280,
    "precision": 0.53671875,
    "recall": 1.0,
    "f1_score": 0.6985256736146417,
    "confusion_matrix": [
      [
        0,
        593
      ],
      [
        0,
        687
      ]
    ],
    "auc_roc": 0.47280622301425407,
    "alpha": 0.0
  },
  "residual_diagnostics": {
    "normality_p_value": 1.013245993904313e-39,
    "acf_lag1": -0.0358967084002809,
    "skewness": 0.05780762589286715,
    "kurtosis": 6.473525582144825
  },
  "checkpoint_used": "experiments/sweep_stale_h14_drop0.15_lr5/checkpoints/tft-epoch=03-val_loss=0.1530.ckpt"
}