{
  "evaluation_timestamp": "2025-10-27T12:03:41.517786",
  "statistical_metrics": {
    "mse": 1.2149574756622314,
    "rmse": 1.1022510528564453,
    "mae": 0.7890874147415161,
    "mape": 331.5967559814453,
    "r2": -0.03245818614959717,
    "mean_error": -0.19606709480285645,
    "std_error": 1.0846728086471558
  },
  "financial_metrics": {
    "directional_accuracy": 0.53671875,
    "sharpe_ratio": 0.8329736080938573,
    "max_drawdown": -0.2524605989456177,
    "total_return": 0.9216080904006958,
    "hit_rate": 0.53671875,
    "num_trades": 1280,
    "precision": 0.53671875,
    "recall": 1.0,
    "f1_score": 0.6985256736146417,
    "confusion_matrix": [
      [
        0,
        593
      ],
      [
        0,
        687
      ]
    ],
    "auc_roc": 0.47280622301425407,
    "alpha": 0.0
  },
  "residual_diagnostics": {
    "normality_p_value": 1.0132386076586009e-39,
    "acf_lag1": -0.03589670615286668,
    "skewness": 0.05780768427685982,
    "kurtosis": 6.473526271122241
  },
  "mode_stats": {
    "healthy_days": 29,
    "degraded_days": 1,
    "unidirectional_days": 344,
    "weak_collapse_days": 878,
    "strong_collapse_days": 28,
    "total_days": 1280,
    "healthy_pct": 2.265625,
    "degraded_pct": 0.078125,
    "unidirectional_pct": 26.875,
    "weak_collapse_pct": 68.59375,
    "strong_collapse_pct": 2.1875
  },
  "collapse_detected": true,
  "degradation_detected": true,
  "checkpoint_used": "experiments/01_staleness_features_fixed/sweep_stale_h14_drop0.15_lr5/checkpoints/tft-epoch=03-val_loss=0.1530.ckpt"
}