{
  "evaluation_timestamp": "2025-10-30T03:24:59.927289",
  "statistical_metrics": {
    "mse": 1.1781651973724365,
    "rmse": 1.0854331254959106,
    "mae": 0.774844229221344,
    "mape": 143.43814849853516,
    "r2": -0.001192331314086914,
    "mean_error": -0.029809346422553062,
    "std_error": 1.0850237607955933
  },
  "financial_metrics": {
    "directional_accuracy": 0.53671875,
    "sharpe_ratio": 0.8329736080938573,
    "max_drawdown": -0.2524605989456177,
    "total_return": 0.9216080904006958,
    "hit_rate": 0.53671875,
    "num_trades": 1280,
    "precision": 0.53671875,
    "recall": 1.0,
    "f1_score": 0.6985256736146417,
    "confusion_matrix": [
      [
        0,
        593
      ],
      [
        0,
        687
      ]
    ],
    "auc_roc": 0.4626538141490607,
    "alpha": 0.0
  },
  "residual_diagnostics": {
    "normality_p_value": 1.3181956659958305e-38,
    "acf_lag1": -0.027219570716972567,
    "skewness": -0.07052461211171067,
    "kurtosis": 6.19057564249799
  },
  "mode_stats": {
    "healthy_days": 30,
    "degraded_days": 0,
    "unidirectional_days": 1185,
    "weak_collapse_days": 30,
    "strong_collapse_days": 35,
    "total_days": 1280,
    "healthy_pct": 2.34375,
    "degraded_pct": 0.0,
    "unidirectional_pct": 92.578125,
    "weak_collapse_pct": 2.34375,
    "strong_collapse_pct": 2.734375
  },
  "collapse_detected": true,
  "degradation_detected": true,
  "checkpoint_used": "experiments/01_staleness_features_fixed/sweep_stale_h12_drop0.25_lr5/checkpoints/tft-epoch=89-val_loss=0.3975.ckpt"
}