Date,SP500_Returns,VIX,Treasury_10Y,Yield_Spread,Inflation_YoY,CPI
2012-01-03,1.5473984880403524,22.97,1.97,1.7,3.456143392989164,226.72
2012-01-04,0.0187923999940275,22.22,2.0,1.75,3.456143392989164,226.72
2012-01-05,0.2943716919978634,21.48,2.02,1.75,3.456143392989164,226.72
2012-01-06,-0.2536961462655807,20.63,1.98,1.73,3.456143392989164,226.72
2012-01-09,0.226159792583358,21.07,1.98,1.72,3.456143392989164,226.72
2012-01-10,0.8885769748331329,20.69,2.0,1.76,3.456143392989164,226.72
2012-01-11,0.0309597259974481,21.05,1.93,1.69,3.456143392989164,226.72
2012-01-12,0.2336608362904613,20.47,1.94,1.72,3.456143392989164,226.72
2012-01-13,-0.4947922948427274,20.91,1.89,1.65,3.456143392989164,226.72
2012-01-17,0.3552954600872571,22.2,1.87,1.66,3.456143392989164,226.72
2012-01-18,1.1107929092462498,20.89,1.92,1.68,3.456143392989164,226.72
2012-01-19,0.4938656879440728,19.87,2.01,1.75,2.9488949022029365,226.747
2012-01-20,0.0669459781523329,18.28,2.05,1.79,2.9488949022029365,226.747
2012-01-23,0.0471342969245336,18.67,2.09,1.83,2.9488949022029365,226.747
2012-01-24,-0.102581731454221,18.91,2.08,1.84,2.9488949022029365,226.747
2012-01-25,0.8679141952454561,18.31,2.01,1.79,2.9488949022029365,226.747
2012-01-26,-0.5753890884025226,18.57,1.96,1.74,2.9488949022029365,226.747
2012-01-27,-0.1592877567026751,18.53,1.93,1.71,2.9488949022029365,226.747
2012-01-30,-0.2522123175721869,19.4,1.87,1.65,2.9488949022029365,226.747
2012-01-31,-0.0456946696121951,19.44,1.83,1.61,2.9488949022029365,226.747
2012-02-01,0.8899605562620927,18.55,1.87,1.64,2.9488949022029365,226.747
2012-02-02,0.1095147066754842,17.98,1.86,1.63,2.9488949022029365,226.747
2012-02-03,1.4605356896842503,17.1,1.97,1.74,2.9488949022029365,226.747
2012-02-06,-0.0423874153488323,17.76,1.93,1.69,2.9488949022029365,226.747
2012-02-07,0.202338180532724,17.65,2.0,1.75,2.9488949022029365,226.747
2012-02-08,0.2160210833967557,18.16,2.01,1.74,2.9488949022029365,226.747
2012-02-09,0.1474110560281349,18.63,2.04,1.77,2.9488949022029365,226.747
2012-02-10,-0.6886302644093845,20.79,1.96,1.69,2.9488949022029365,226.747
2012-02-13,0.6800039312997219,19.04,1.99,1.7,2.9488949022029365,226.747
2012-02-14,-0.0939523375204309,19.54,1.92,1.63,2.9488949022029365,226.747
2012-02-15,-0.5383205872824925,21.14,1.93,1.64,3.0787461634854463,227.033
2012-02-16,1.102570580548079,19.22,1.99,1.7,3.0787461634854463,227.033
2012-02-17,0.234893030727723,17.78,2.01,1.72,3.3240078842433185,227.505
2012-02-21,0.0719922777789872,18.19,2.05,1.74,3.3240078842433185,227.505
2012-02-22,-0.3340106803125353,18.19,2.01,1.72,2.914566954067177,227.505
2012-02-23,0.4272002277298181,16.8,1.99,1.68,2.914566954067177,227.505
2012-02-24,0.167223780836756,17.31,1.98,1.67,2.914566954067177,227.505
2012-02-27,0.1354559139489008,18.19,1.92,1.62,2.914566954067177,227.505
2012-02-28,0.3356333407924516,17.96,1.94,1.64,2.914566954067177,227.505
2012-02-29,-0.4736987673316872,18.43,1.98,1.68,2.914566954067177,227.505
2012-03-01,0.6158039788692005,17.26,2.03,1.73,2.914566954067177,227.505
2012-03-02,-0.3245756135652589,17.29,1.99,1.71,2.914566954067177,227.505
2012-03-05,-0.3869693865664492,18.05,2.0,1.69,2.914566954067177,227.505
2012-03-06,-1.5370160722531612,20.87,1.96,1.66,2.914566954067177,227.505
2012-03-07,0.6900622046460692,19.07,1.98,1.68,2.914566954067177,227.505
2012-03-08,0.9817931917032618,17.95,2.03,1.71,2.914566954067177,227.505
2012-03-09,0.363125009216203,17.11,2.04,1.71,2.914566954067177,227.505
2012-03-12,0.0160460659222705,15.64,2.04,1.71,2.914566954067177,227.505
2012-03-13,1.813154933030892,14.8,2.14,1.79,2.914566954067177,227.505
2012-03-14,-0.1196261996068037,15.31,2.29,1.89,2.914566954067177,227.505
2012-03-15,0.5967198922915307,15.42,2.29,1.92,2.914566954067177,227.505
2012-03-16,0.1119398536078675,14.47,2.31,1.94,3.334358686703265,228.433
2012-03-19,0.3973846386160939,15.04,2.39,2.0,3.334358686703265,228.433
2012-03-20,-0.3000518154814724,15.58,2.38,1.97,2.772753857920529,228.433
2012-03-21,-0.1871197027623727,15.13,2.31,1.92,2.772753857920529,228.433
2012-03-22,-0.72065416718331,15.57,2.29,1.92,2.772753857920529,228.433
2012-03-23,0.3108858515779689,14.82,2.25,1.88,2.772753857920529,228.433
2012-03-26,1.388582475071254,14.26,2.26,1.9,2.772753857920529,228.433
2012-03-27,-0.2816775177631903,15.59,2.2,1.87,2.772753857920529,228.433
2012-03-28,-0.494150905632218,15.47,2.21,1.87,2.772753857920529,228.433
2012-03-29,-0.1607929836799582,15.48,2.18,1.85,2.772753857920529,228.433
2012-03-30,0.3698436019823115,15.5,2.23,1.9,2.772753857920529,228.433
2012-04-02,0.7504645877610239,15.64,2.22,1.89,2.772753857920529,228.433
2012-04-03,-0.3988635996082901,15.66,2.3,1.94,2.772753857920529,228.433
2012-04-04,-1.0202524371008104,16.44,2.25,1.9,2.772753857920529,228.433
2012-04-05,-0.0629042222354048,16.7,2.19,1.84,2.772753857920529,228.433
2012-04-09,-1.1358438273891824,18.81,2.06,1.74,2.772753857920529,228.433
2012-04-10,-1.7081454337735449,20.39,2.01,1.73,2.772753857920529,228.433
2012-04-11,0.7448895819775148,20.02,2.05,1.75,2.772753857920529,228.433
2012-04-12,1.3779387810288313,17.2,2.08,1.79,2.772753857920529,228.433
2012-04-13,-1.247500104029453,19.55,2.02,1.75,3.0719395330004007,229.098
2012-04-16,-0.0503600390907243,19.55,2.0,1.73,3.0719395330004007,229.098
2012-04-17,1.5486673802446171,18.46,2.03,1.76,3.0719395330004007,229.098
2012-04-18,-0.4055288780130728,18.64,2.0,1.73,3.0719395330004007,229.098
2012-04-19,-0.5934396967956612,18.36,1.98,1.71,2.509284531746392,229.098
2012-04-20,0.1169265680053044,17.44,1.99,1.7,2.509284531746392,229.098
2012-04-23,-0.8407570124922548,18.97,1.96,1.69,2.509284531746392,229.098
2012-04-24,0.3679773444691614,18.1,2.0,1.73,2.509284531746392,229.098
2012-04-25,1.3644592157896265,16.82,2.01,1.75,2.509284531746392,229.098
2012-04-26,0.6680165568110796,16.24,1.98,1.72,2.509284531746392,229.098
2012-04-27,0.2414323726029899,16.32,1.96,1.7,2.509284531746392,229.098
2012-04-30,-0.3883501901694619,17.15,1.95,1.68,2.509284531746392,229.098
2012-05-01,0.5658384242170911,16.6,1.98,1.71,2.509284531746392,229.098
2012-05-02,-0.2496683664631072,16.88,1.96,1.69,2.509284531746392,229.098
2012-05-03,-0.7658871330822326,17.56,1.96,1.68,2.509284531746392,229.098
2012-05-04,-1.6147208958519288,19.16,1.91,1.64,2.509284531746392,229.098
2012-05-07,0.0350581022064977,18.94,1.92,1.65,2.509284531746392,229.098
2012-05-08,-0.4278673417828948,19.05,1.88,1.61,2.509284531746392,229.098
2012-05-09,-0.6702266480503982,20.08,1.87,1.6,2.509284531746392,229.098
2012-05-10,0.2517410777005402,18.83,1.89,1.62,2.509284531746392,229.098
2012-05-11,-0.3387341305176816,19.89,1.84,1.57,2.509284531746392,229.098
2012-05-14,-1.111286391927968,21.87,1.78,1.49,2.509284531746392,229.098
2012-05-15,-0.5745837446504476,21.97,1.76,1.47,2.5446328694796128,229.177
2012-05-16,-0.4403818556987793,22.27,1.76,1.46,2.1137711477367427,229.177
2012-05-17,-1.5051375861739211,24.49,1.7,1.38,2.1137711477367427,229.177
2012-05-18,-0.7387777046316768,25.1,1.71,1.39,2.1137711477367427,229.177
2012-05-21,1.603590123766763,22.01,1.75,1.45,2.1137711477367427,229.177
2012-05-22,0.0486337018660298,22.48,1.79,1.49,2.1137711477367427,229.177
2012-05-23,0.1693703212352737,22.33,1.73,1.45,2.1137711477367427,229.177
2012-05-24,0.1380031526917458,21.54,1.77,1.48,2.1137711477367427,229.177
2012-05-25,-0.2165632329979128,21.76,1.75,1.45,2.1137711477367427,229.177
2012-05-29,1.107897759277621,21.03,1.74,1.44,2.1137711477367427,229.177
2012-05-30,-1.4334892170861036,24.14,1.63,1.36,2.1137711477367427,229.177
2012-05-31,-0.227666551690131,24.06,1.59,1.32,2.1137711477367427,229.177
2012-06-01,-2.464258474972991,26.66,1.47,1.22,2.1137711477367427,229.177
2012-06-04,0.0109554195610428,26.12,1.53,1.28,2.1137711477367427,229.177
2012-06-05,0.5726850663809513,24.68,1.57,1.32,2.1137711477367427,229.177
2012-06-06,2.304940092011853,22.16,1.66,1.4,2.1137711477367427,229.177
2012-06-07,-0.0106464492421021,21.72,1.66,1.39,2.1137711477367427,229.177
2012-06-08,0.8114163624478143,21.23,1.65,1.37,2.1137711477367427,229.177
2012-06-11,-1.2620113782869202,23.56,1.6,1.33,2.1137711477367427,229.177
2012-06-12,1.1650737147309576,22.09,1.67,1.37,2.1137711477367427,229.177
2012-06-13,-0.7023250955987548,24.27,1.61,1.31,2.1137711477367427,229.177
2012-06-14,1.0814652782245693,21.68,1.64,1.34,1.82415241965308,228.527
2012-06-15,1.033781542905965,21.11,1.6,1.31,1.82415241965308,228.527
2012-06-18,0.1444746601191093,18.32,1.59,1.3,1.6561093218981693,228.527
2012-06-19,0.9815695418065262,18.38,1.64,1.34,1.6561093218981693,228.527
2012-06-20,-0.1686357012206873,17.24,1.65,1.33,1.6561093218981693,228.527
2012-06-21,-2.226167703901349,20.08,1.63,1.31,1.6561093218981693,228.527
2012-06-22,0.7174604262178752,18.11,1.69,1.38,1.6561093218981693,228.527
2012-06-25,-1.5954853497705423,20.38,1.63,1.32,1.6561093218981693,228.527
2012-06-26,0.4772721486371312,19.72,1.66,1.35,1.6561093218981693,228.527
2012-06-27,0.8984905521485453,19.45,1.65,1.34,1.6561093218981693,228.527
2012-06-28,-0.2109799583246085,19.71,1.6,1.29,1.6561093218981693,228.527
2012-06-29,2.492023877666627,17.08,1.67,1.34,1.6561093218981693,228.527
2012-07-02,0.2459311315762491,16.8,1.61,1.31,1.6561093218981693,228.527
2012-07-03,0.6232110863167994,16.66,1.65,1.35,1.6561093218981693,228.527
2012-07-05,-0.4687023030974124,17.5,1.62,1.34,1.6561093218981693,228.527
2012-07-06,-0.943264946713962,17.1,1.57,1.3,1.6561093218981693,228.527
2012-07-09,-0.1638831816675789,17.98,1.53,1.26,1.6561093218981693,228.527
2012-07-10,-0.8125926498228409,18.72,1.53,1.26,1.6561093218981693,228.527
2012-07-11,-0.0014923577632885,17.95,1.54,1.27,1.6561093218981693,228.527
2012-07-12,-0.4987097282612596,18.33,1.5,1.25,1.6561093218981693,228.527
2012-07-13,1.649736234989274,16.74,1.52,1.27,1.6561093218981693,228.527
2012-07-16,-0.2314313728559835,17.11,1.5,1.26,1.6561093218981693,228.527
2012-07-17,0.7409672577889825,16.48,1.53,1.28,1.6965890286649632,228.618
2012-07-18,0.6680490923747229,16.16,1.52,1.3,1.9232826877808584,228.618
2012-07-19,0.2717099891568653,15.45,1.54,1.32,1.9232826877808584,228.618
2012-07-20,-1.0061659913606968,16.27,1.49,1.27,1.9232826877808584,228.618
2012-07-23,-0.890905606969361,18.62,1.47,1.25,1.9232826877808584,228.618
2012-07-24,-0.9040932945028056,20.47,1.44,1.22,1.9232826877808584,228.618
2012-07-25,-0.0313861457302278,19.34,1.43,1.21,1.9232826877808584,228.618
2012-07-26,1.6540974699349675,17.53,1.45,1.22,1.9232826877808584,228.618
2012-07-27,1.9080565579335351,16.7,1.58,1.33,1.9232826877808584,228.618
2012-07-30,-0.0483359588707488,18.03,1.53,1.3,1.9232826877808584,228.618
2012-07-31,-0.4316828360845903,18.93,1.51,1.28,1.9232826877808584,228.618
2012-08-01,-0.2899979813067777,18.96,1.56,1.32,1.9232826877808584,228.618
2012-08-02,-0.7503669467536,17.57,1.51,1.27,1.9232826877808584,228.618
2012-08-03,1.904028588598905,15.64,1.6,1.36,1.9232826877808584,228.618
2012-08-06,0.2329269266581279,15.95,1.59,1.35,1.9232826877808584,228.618
2012-08-07,0.5106758007594747,15.99,1.66,1.39,1.9232826877808584,228.618
2012-08-08,0.0620826440464128,15.32,1.68,1.39,1.9232826877808584,228.618
2012-08-09,0.0413685539444319,15.28,1.69,1.4,1.9232826877808584,228.618
2012-08-10,0.2188441817939201,14.74,1.65,1.38,1.9232826877808584,228.618
2012-08-13,-0.1251900795761873,13.7,1.65,1.38,1.9232826877808584,228.618
2012-08-14,-0.0128146400568462,14.85,1.73,1.46,1.9232826877808584,228.618
2012-08-15,0.1139640526754526,14.63,1.8,1.53,1.9700941579285256,228.723
2012-08-16,0.7100510313353237,14.29,1.83,1.54,1.9700941579285256,228.723
2012-08-17,0.1872133998191527,13.45,1.81,1.52,1.9700941579285256,228.723
2012-08-20,-0.0021174829462955,14.02,1.82,1.53,1.9700941579285256,228.723
2012-08-21,-0.3497536135912971,15.02,1.8,1.49,1.4630143063103065,228.723
2012-08-22,0.0226403248804629,15.11,1.71,1.45,1.4630143063103065,228.723
2012-08-23,-0.8072242646582573,15.96,1.68,1.42,1.4630143063103065,228.723
2012-08-24,0.6454730908207917,15.18,1.68,1.4,1.4630143063103065,228.723
2012-08-27,-0.0489014813783827,16.35,1.65,1.37,1.4630143063103065,228.723
2012-08-28,-0.0808182287427627,16.49,1.64,1.37,1.4630143063103065,228.723
2012-08-29,0.0844349226581941,17.06,1.66,1.39,1.4630143063103065,228.723
2012-08-30,-0.780580496271055,17.83,1.63,1.36,1.4630143063103065,228.723
2012-08-31,0.5073295570515723,17.47,1.57,1.35,1.4630143063103065,228.723
2012-09-04,-0.1165959063598176,17.98,1.59,1.36,1.4630143063103065,228.723
2012-09-05,-0.1067661296965227,17.74,1.6,1.35,1.4630143063103065,228.723
2012-09-06,2.0435540463669577,15.6,1.68,1.41,1.4630143063103065,228.723
2012-09-07,0.4049974057970251,14.38,1.67,1.42,1.4630143063103065,228.723
2012-09-10,-0.6147829935223559,16.28,1.68,1.43,1.4630143063103065,228.723
2012-09-11,0.313495582950507,16.41,1.7,1.45,1.4630143063103065,228.723
2012-09-12,0.2092692232889659,15.8,1.77,1.52,1.4630143063103065,228.723
2012-09-13,1.630974737217783,14.05,1.75,1.51,1.4630143063103065,228.723
2012-09-14,0.3958951318527193,14.51,1.88,1.61,2.0747476987911684,230.102
2012-09-17,-0.3124690820504483,14.59,1.85,1.6,2.0747476987911684,230.102
2012-09-18,-0.127977552007219,14.18,1.82,1.57,1.6944508282213944,230.102
2012-09-19,0.1185553958514828,13.88,1.79,1.52,1.6944508282213944,230.102
2012-09-20,-0.0540733743606969,14.07,1.8,1.53,1.6944508282213944,230.102
2012-09-21,-0.0075319019097297,13.98,1.77,1.5,1.6944508282213944,230.102
2012-09-24,-0.2232653981520282,14.15,1.74,1.47,1.6944508282213944,230.102
2012-09-25,-1.05018557847808,15.43,1.7,1.43,1.6944508282213944,230.102
2012-09-26,-0.573673494358995,16.81,1.64,1.38,1.6944508282213944,230.102
2012-09-27,0.9648981834660786,14.84,1.66,1.41,1.6944508282213944,230.102
2012-09-28,-0.4477753072888002,15.73,1.65,1.42,1.6944508282213944,230.102
2012-10-01,0.2651506710448004,16.32,1.64,1.39,1.6944508282213944,230.102
2012-10-02,0.0872286948434108,15.71,1.64,1.41,1.6944508282213944,230.102
2012-10-03,0.3624409638163683,15.43,1.64,1.41,1.6944508282213944,230.102
2012-10-04,0.7174435557619541,14.55,1.7,1.47,1.6944508282213944,230.102
2012-10-05,-0.0321589363126983,14.33,1.75,1.48,1.6944508282213944,230.102
2012-10-09,-0.989094181235195,16.37,1.74,1.49,1.6944508282213944,230.102
2012-10-10,-0.6188030354815854,16.29,1.72,1.45,1.6944508282213944,230.102
2012-10-11,0.019538952303133,15.59,1.7,1.42,1.6944508282213944,230.102
2012-10-12,-0.296613725285566,16.14,1.69,1.42,1.6944508282213944,230.102
2012-10-15,0.8077922524027725,15.27,1.7,1.43,1.6944508282213944,230.102
2012-10-16,1.026993327849146,15.22,1.75,1.48,2.2742941997984545,231.414
2012-10-17,0.4117058019306618,15.07,1.83,1.53,2.2742941997984545,231.414
2012-10-18,-0.2443729097514002,15.03,1.86,1.57,2.2742941997984545,231.414
2012-10-19,-1.6571304555192734,17.06,1.79,1.49,2.2742941997984545,231.414
2012-10-22,0.0439582266530846,16.62,1.83,1.51,1.9647066599105532,231.414
2012-10-23,-1.444390628760639,18.83,1.79,1.5,1.9647066599105532,231.414
2012-10-24,-0.3085382876604425,18.33,1.8,1.51,1.9647066599105532,231.414
2012-10-25,0.2995542646406335,18.12,1.86,1.55,1.9647066599105532,231.414
2012-10-26,-0.0728981732260325,17.81,1.78,1.48,1.9647066599105532,231.414
2012-10-31,0.0155879699258454,18.6,1.72,1.42,1.9647066599105532,231.414
2012-11-01,1.0926475234507071,16.69,1.75,1.45,1.9647066599105532,231.414
2012-11-02,-0.9379454163327194,17.59,1.75,1.47,1.9647066599105532,231.414
2012-11-05,0.2163809008205897,18.42,1.72,1.44,1.9647066599105532,231.414
2012-11-06,0.7853184882181896,17.58,1.78,1.48,1.9647066599105532,231.414
2012-11-07,-2.3705000038029778,19.08,1.68,1.41,1.9647066599105532,231.414
2012-11-08,-1.220484261628385,18.49,1.62,1.35,1.9647066599105532,231.414
2012-11-09,0.1698692425988746,18.61,1.61,1.34,1.9647066599105532,231.414
2012-11-13,-0.3985420522191307,16.65,1.59,1.32,1.9647066599105532,231.414
2012-11-14,-1.3852035718884714,17.92,1.59,1.34,1.9647066599105532,231.414
2012-11-15,-0.1593544913831457,17.99,1.58,1.34,2.113194245555272,231.751
2012-11-16,0.4839949635948359,16.41,1.58,1.34,2.113194245555272,231.751
2012-11-19,1.9862053761098288,15.24,1.61,1.36,2.113194245555272,231.751
2012-11-20,0.0663386379305519,15.08,1.66,1.39,2.113194245555272,231.751
2012-11-21,0.2320181125065268,15.31,1.69,1.42,2.1996533826065034,231.751
2012-11-23,1.302631484263972,15.14,1.7,1.41,2.1996533826065034,231.751
2012-11-26,-0.2029581877026731,15.5,1.66,1.39,2.1996533826065034,231.751
2012-11-27,-0.5226587298556074,15.92,1.64,1.37,2.1996533826065034,231.751
2012-11-28,0.7856028682432292,15.51,1.63,1.36,2.1996533826065034,231.751
2012-11-29,0.4269642628790704,15.06,1.62,1.37,2.1996533826065034,231.751
2012-11-30,0.0162507536987543,15.87,1.62,1.37,2.1996533826065034,231.751
2012-12-03,-0.4745224843287543,16.64,1.63,1.38,2.1996533826065034,231.751
2012-12-04,-0.1709812393515641,17.12,1.62,1.37,2.1996533826065034,231.751
2012-12-05,0.1584862223349636,16.46,1.6,1.35,2.1996533826065034,231.751
2012-12-06,0.3306590608326498,16.58,1.59,1.34,2.1996533826065034,231.751
2012-12-07,0.292091959627716,15.9,1.64,1.39,2.1996533826065034,231.751
2012-12-10,0.03385605486661,16.05,1.63,1.39,2.1996533826065034,231.751
2012-12-11,0.6548882078472928,15.57,1.66,1.42,2.1996533826065034,231.751
2012-12-12,0.044823976338959,15.95,1.72,1.47,2.1996533826065034,231.751
2012-12-13,-0.6321425165448868,16.56,1.74,1.47,2.1996533826065034,231.751
2012-12-14,-0.4135401260425775,17.0,1.72,1.48,1.8794953321308985,231.025
2012-12-17,1.187059085338782,16.34,1.78,1.53,1.8794953321308985,231.025
2012-12-18,1.1486656421599406,15.57,1.84,1.56,1.8794953321308985,231.025
2012-12-19,-0.7589201039747917,17.36,1.82,1.54,1.8794953321308985,231.025
2012-12-20,0.548810949285139,17.67,1.81,1.53,1.8794953321308985,231.025
2012-12-21,-0.9378687628036508,17.84,1.77,1.51,1.898817925194085,231.025
2012-12-24,-0.2440296594621194,17.84,1.79,1.53,1.898817925194085,231.025
2012-12-26,-0.478746019469678,19.48,1.77,1.51,1.898817925194085,231.025
2012-12-27,-0.1218442012279497,19.47,1.74,1.48,1.898817925194085,231.025
2012-12-28,-1.1049941573072375,22.72,1.73,1.46,1.898817925194085,231.025
2012-12-31,1.6941941334216226,18.02,1.78,1.53,1.898817925194085,231.025
2013-01-02,2.5403420320955883,14.68,1.86,1.59,1.898817925194085,231.025
2013-01-03,-0.2085617494613001,14.56,1.92,1.65,1.898817925194085,231.025
2013-01-04,0.4865096315322947,13.83,1.93,1.66,1.898817925194085,231.025
2013-01-07,-0.3123116153883165,13.79,1.92,1.65,1.898817925194085,231.025
2013-01-08,-0.3242371304872038,13.62,1.89,1.64,1.898817925194085,231.025
2013-01-09,0.2655865938542279,13.81,1.88,1.64,1.898817925194085,231.025
2013-01-10,0.7597415119266371,13.49,1.91,1.65,1.898817925194085,231.025
2013-01-11,-0.0047513986152325,13.36,1.89,1.63,1.898817925194085,231.025
2013-01-14,-0.093067156125437,13.52,1.89,1.63,1.898817925194085,231.025
2013-01-15,0.1128669764158818,13.55,1.86,1.6,1.898817925194085,231.025
2013-01-16,0.0196991910314858,13.42,1.84,1.58,1.8785285815102304,230.979
2013-01-17,0.5642922184040833,13.57,1.89,1.61,1.8785285815102304,230.979
2013-01-18,0.3403270397119629,12.46,1.87,1.61,1.8785285815102304,230.979
2013-01-22,0.4428106846314561,12.43,1.86,1.6,1.8785285815102304,230.979
2013-01-23,0.1507477027169024,12.46,1.86,1.6,1.8785285815102304,230.979
2013-01-24,0.0006614683421224,12.69,1.88,1.65,1.8663973503508344,230.979
2013-01-25,0.5445481690718124,12.89,1.98,1.7,1.8663973503508344,230.979
2013-01-28,-0.1849621612560081,13.57,2.0,1.71,1.8663973503508344,230.979
2013-01-29,0.5105995170664235,13.31,2.03,1.73,1.8663973503508344,230.979
2013-01-30,-0.3899621323283808,14.32,2.03,1.76,1.8663973503508344,230.979
2013-01-31,-0.2563301077303292,14.28,2.02,1.75,1.8663973503508344,230.979
2013-02-01,1.005270556968885,12.9,2.04,1.77,1.8663973503508344,230.979
2013-02-04,-1.1538744820964395,14.67,2.0,1.75,1.8663973503508344,230.979
2013-02-05,1.0416510240551349,13.72,2.04,1.77,1.8663973503508344,230.979
2013-02-06,0.0549170598121762,13.41,2.0,1.73,1.8663973503508344,230.979
2013-02-07,-0.1805399358229098,13.5,1.99,1.74,1.8663973503508344,230.979
2013-02-08,0.5657940611518475,13.02,1.99,1.74,1.8663973503508344,230.979
2013-02-11,-0.0606117484177382,12.94,1.99,1.72,1.8663973503508344,230.979
2013-02-12,0.1595272232703504,12.64,2.02,1.73,1.8663973503508344,230.979
2013-02-13,0.0592263093356804,12.98,2.05,1.76,1.8663973503508344,230.979
2013-02-14,0.0690671668964526,12.66,2.0,1.73,1.8663973503508344,230.979
2013-02-15,-0.1045081317757268,12.46,2.01,1.72,1.8663973503508344,230.979
2013-02-19,0.7336475471722448,12.31,2.03,1.74,1.9360785368714768,231.137
2013-02-20,-1.24041379552301,14.68,2.02,1.75,1.9360785368714768,231.137
2013-02-21,-0.6303057332801343,15.22,1.99,1.73,1.8345350675893048,231.198
2013-02-22,0.8772467921830174,14.17,1.97,1.7,1.8345350675893048,231.198
2013-02-25,-1.8309580659152336,18.99,1.88,1.63,1.6232610272301828,231.198
2013-02-26,0.6109463971145868,16.87,1.88,1.63,1.6232610272301828,231.198
2013-02-27,1.2725994077109837,14.73,1.91,1.64,1.6232610272301828,231.198
2013-02-28,-0.086407992920523,15.51,1.89,1.64,1.6232610272301828,231.198
2013-03-01,0.2323855425648391,15.36,1.86,1.61,1.6232610272301828,231.198
2013-03-04,0.461072337316093,14.01,1.88,1.64,1.6232610272301828,231.198
2013-03-05,0.956601649469957,13.48,1.9,1.65,1.6232610272301828,231.198
2013-03-06,0.1084512714484509,13.53,1.95,1.7,1.6232610272301828,231.198
2013-03-07,0.1816491442581558,13.06,2.0,1.75,1.6232610272301828,231.198
2013-03-08,0.4481139122655131,12.59,2.06,1.79,1.6232610272301828,231.198
2013-03-11,0.3249085739679413,11.56,2.07,1.8,1.6232610272301828,231.198
2013-03-12,-0.2403252949314871,12.27,2.03,1.76,1.6232610272301828,231.198
2013-03-13,0.131405176760091,11.83,2.04,1.77,1.6232610272301828,231.198
2013-03-14,0.5602990523162488,11.3,2.04,1.77,1.6232610272301828,231.198
2013-03-15,-0.1618462624492611,11.3,2.01,1.76,2.3142348519812783,232.77
2013-03-18,-0.5510332450180511,13.36,1.96,1.7,2.3142348519812783,232.77
2013-03-19,-0.2422530651870924,14.39,1.92,1.68,2.3142348519812783,232.77
2013-03-20,0.6697492376419811,12.67,1.96,1.7,2.3142348519812783,232.77
2013-03-21,-0.8282433828555424,13.99,1.95,1.68,2.3142348519812783,232.77
2013-03-22,0.7174256352702191,13.57,1.93,1.67,1.8985873319529167,232.77
2013-03-25,-0.3340038919423471,13.74,1.93,1.69,1.8985873319529167,232.77
2013-03-26,0.7785110802517758,12.77,1.92,1.67,1.8985873319529167,232.77
2013-03-27,-0.0588349906841312,13.15,1.87,1.62,1.8985873319529167,232.77
2013-03-28,0.405666949441863,12.7,1.87,1.62,1.8985873319529167,232.77
2013-04-01,-0.4473580460658932,13.58,1.86,1.63,1.8985873319529167,232.77
2013-04-02,0.5172264111710456,12.78,1.88,1.63,1.8985873319529167,232.77
2013-04-03,-1.0546128701639843,14.21,1.83,1.59,1.8985873319529167,232.77
2013-04-04,0.4048451943253761,13.89,1.78,1.56,1.8985873319529167,232.77
2013-04-05,-0.429489561132812,13.92,1.72,1.48,1.8985873319529167,232.77
2013-04-08,0.6302737952936344,13.19,1.76,1.52,1.8985873319529167,232.77
2013-04-09,0.3544332149468365,12.84,1.78,1.54,1.8985873319529167,232.77
2013-04-10,1.218913260513399,12.36,1.84,1.6,1.8985873319529167,232.77
2013-04-11,0.3552250519809563,12.24,1.82,1.58,1.8985873319529167,232.77
2013-04-12,-0.2836767069231527,12.06,1.75,1.53,1.8985873319529167,232.77
2013-04-15,-2.2966290584432447,17.27,1.72,1.5,1.8985873319529167,232.77
2013-04-16,1.4307223290395576,13.96,1.75,1.51,1.7103483297071786,232.34
2013-04-17,-1.4327681394279534,16.51,1.73,1.49,1.7103483297071786,232.34
2013-04-18,-0.6701003439812281,17.56,1.72,1.48,1.7103483297071786,232.34
2013-04-19,0.8847902373522176,14.97,1.73,1.49,1.4151149289823417,232.34
2013-04-22,0.4661629963028435,14.39,1.72,1.48,1.4151149289823417,232.34
2013-04-23,1.041921875000007,13.48,1.74,1.51,1.4151149289823417,232.34
2013-04-24,0.000634019017176,13.61,1.73,1.5,1.4151149289823417,232.34
2013-04-25,0.4034732269384111,13.62,1.74,1.51,1.4151149289823417,232.34
2013-04-26,-0.1842113024773328,13.61,1.7,1.48,1.4151149289823417,232.34
2013-04-29,0.7186011722218666,13.71,1.7,1.5,1.4151149289823417,232.34
2013-04-30,0.2484899676771457,13.52,1.7,1.48,1.4151149289823417,232.34
2013-05-01,-0.9307883608932754,14.49,1.66,1.46,1.4151149289823417,232.34
2013-05-02,0.9407983261396248,13.59,1.66,1.46,1.4151149289823417,232.34
2013-05-03,1.0534666895180678,12.85,1.78,1.56,1.4151149289823417,232.34
2013-05-06,0.1907778626905942,12.66,1.8,1.58,1.4151149289823417,232.34
2013-05-07,0.5230269513137653,12.83,1.82,1.6,1.4151149289823417,232.34
2013-05-08,0.4139081299929126,12.66,1.81,1.59,1.4151149289823417,232.34
2013-05-09,-0.3687103906423572,13.13,1.81,1.59,1.4151149289823417,232.34
2013-05-10,0.4321655306021466,12.59,1.9,1.64,1.4151149289823417,232.34
2013-05-13,0.0042889368592202,12.55,1.92,1.68,1.4151149289823417,232.34
2013-05-14,1.0142153479971716,12.77,1.96,1.7,1.4151149289823417,232.34
2013-05-15,0.5114136269715353,12.81,1.94,1.68,1.4151149289823417,232.34
2013-05-16,-0.5009741163373271,13.07,1.87,1.64,1.0419121947812693,231.485
2013-05-17,1.03000965190283,12.45,1.95,1.69,1.0419121947812693,231.485
2013-05-20,-0.0707617924973758,13.02,1.97,1.71,1.0419121947812693,231.485
2013-05-21,0.1722386289245481,13.37,1.94,1.68,1.0070818624905664,231.485
2013-05-22,-0.8273657594813577,13.82,2.03,1.77,1.0070818624905664,231.485
2013-05-23,-0.2923832356719225,14.07,2.02,1.76,1.0070818624905664,231.485
2013-05-24,-0.0551365441168516,13.99,2.01,1.75,1.0070818624905664,231.485
2013-05-28,0.6340981548631053,14.48,2.15,1.86,1.0070818624905664,231.485
2013-05-29,-0.7047981897774669,14.83,2.13,1.83,1.0070818624905664,231.485
2013-05-30,0.367034439193481,14.53,2.13,1.82,1.0070818624905664,231.485
2013-05-31,-1.4307241527974024,16.3,2.16,1.86,1.0070818624905664,231.485
2013-06-03,0.5935988427895333,16.28,2.13,1.83,1.0070818624905664,231.485
2013-06-04,-0.5510807488524838,16.27,2.14,1.82,1.0070818624905664,231.485
2013-06-05,-1.3779732742503992,17.5,2.1,1.8,1.0070818624905664,231.485
2013-06-06,0.8490293972530871,16.63,2.08,1.78,1.0070818624905664,231.485
2013-06-07,1.2831541229424204,15.14,2.17,1.85,1.0070818624905664,231.485
2013-06-10,-0.0346813449944027,15.44,2.22,1.9,1.0070818624905664,231.485
2013-06-11,-1.0153367167240024,17.07,2.2,1.86,1.0070818624905664,231.485
2013-06-12,-0.8369555515669425,18.59,2.25,1.91,1.0070818624905664,231.485
2013-06-13,1.47842913771965,16.41,2.19,1.87,1.0070818624905664,231.485
2013-06-14,-0.5885016114436148,17.15,2.14,1.85,1.0070818624905664,231.485
2013-06-17,0.7567364431436019,16.8,2.19,1.92,1.0070818624905664,231.485
2013-06-18,0.7791157767295331,16.61,2.2,1.93,1.158056873071911,231.831
2013-06-19,-1.3851474486292426,16.64,2.33,2.02,1.158056873071911,231.831
2013-06-20,-2.501035094286319,20.49,2.41,2.08,1.4457810236864876,231.831
2013-06-21,0.2669776576555538,18.9,2.52,2.14,1.4457810236864876,231.831
2013-06-24,-1.2145015629135836,20.11,2.57,2.15,1.4457810236864876,231.831
2013-06-25,0.9497272121224088,18.47,2.6,2.17,1.4457810236864876,231.831
2013-06-26,0.9590486444071455,17.21,2.55,2.16,1.4457810236864876,231.831
2013-06-27,0.6199831185025984,16.86,2.49,2.13,1.4457810236864876,231.831
2013-06-28,-0.4289562412875813,16.86,2.52,2.16,1.4457810236864876,231.831
2013-07-01,0.5403747467634501,16.37,2.5,2.16,1.4457810236864876,231.831
2013-07-02,-0.0544908173637725,16.44,2.48,2.14,1.4457810236864876,231.831
2013-07-03,0.0824047235089331,16.2,2.52,2.16,1.4457810236864876,231.831
2013-07-05,1.0201732142340214,14.89,2.73,2.33,1.4457810236864876,231.831
2013-07-08,0.5251546496476855,14.78,2.65,2.28,1.4457810236864876,231.831
2013-07-09,0.7229670722828763,14.35,2.65,2.28,1.4457810236864876,231.831
2013-07-10,0.0181592450541279,14.21,2.7,2.32,1.4457810236864876,231.831
2013-07-11,1.3554249906357896,14.01,2.6,2.26,1.4457810236864876,231.831
2013-07-12,0.3086483632862347,13.84,2.61,2.24,1.4457810236864876,231.831
2013-07-15,0.1374879432867404,13.79,2.57,2.23,1.4457810236864876,231.831
2013-07-16,-0.3708760911961373,14.42,2.55,2.21,1.932813190563909,232.944
2013-07-17,0.2774047216405728,13.78,2.52,2.2,1.932813190563909,232.944
2013-07-18,0.5032964742594626,13.77,2.56,2.24,1.932813190563909,232.944
2013-07-19,0.1610050321117606,12.54,2.5,2.18,1.932813190563909,232.944
2013-07-22,0.203302634378244,12.29,2.5,2.18,1.932813190563909,232.944
2013-07-23,-0.1851936913048746,12.66,2.53,2.2,1.892239456210798,232.944
2013-07-24,-0.3811221518892793,13.18,2.61,2.27,1.892239456210798,232.944
2013-07-25,0.2556472201586723,12.97,2.61,2.29,1.892239456210798,232.944
2013-07-26,0.0828294284314523,12.72,2.58,2.27,1.892239456210798,232.944
2013-07-29,-0.3736037754951127,13.39,2.61,2.28,1.892239456210798,232.944
2013-07-30,0.0373816937478066,13.39,2.63,2.3,1.892239456210798,232.944
2013-07-31,-0.0136409211415777,13.45,2.6,2.29,1.892239456210798,232.944
2013-08-01,1.254056989753427,12.94,2.74,2.39,1.892239456210798,232.944
2013-08-02,0.1640458169711145,11.98,2.63,2.33,1.892239456210798,232.944
2013-08-05,-0.1479834840550031,11.84,2.67,2.35,1.892239456210798,232.944
2013-08-06,-0.5723033522392118,12.72,2.67,2.35,1.892239456210798,232.944
2013-08-07,-0.3805864929911196,12.98,2.61,2.29,1.892239456210798,232.944
2013-08-08,0.3885449938943575,12.73,2.58,2.28,1.892239456210798,232.944
2013-08-09,-0.3569960525698801,13.41,2.57,2.25,1.892239456210798,232.944
2013-08-12,-0.1152920736140039,12.81,2.61,2.29,1.892239456210798,232.944
2013-08-13,0.2776056134700333,12.31,2.71,2.37,1.892239456210798,232.944
2013-08-14,-0.5176618120080079,13.04,2.71,2.37,1.892239456210798,232.944
2013-08-15,-1.428160138019796,14.73,2.77,2.41,2.0558311244084138,233.318
2013-08-16,-0.3304595389129083,14.37,2.84,2.48,2.0558311244084138,233.318
2013-08-19,-0.5900302398330837,15.1,2.88,2.52,2.0558311244084138,233.318
2013-08-20,0.3821195319908987,14.91,2.82,2.46,2.0558311244084138,233.318
2013-08-21,-0.5779602928505545,15.94,2.87,2.49,2.00898029494192,233.318
2013-08-22,0.8619376484360286,14.76,2.9,2.48,2.00898029494192,233.318
2013-08-23,0.3947010921615534,13.98,2.82,2.42,2.00898029494192,233.318
2013-08-26,-0.4039657771641169,14.99,2.79,2.38,2.00898029494192,233.318
2013-08-27,-1.5874194741040235,16.77,2.72,2.34,2.00898029494192,233.318
2013-08-28,0.2747645185721348,16.49,2.78,2.38,2.00898029494192,233.318
2013-08-29,0.1963401602796288,16.81,2.75,2.36,2.00898029494192,233.318
2013-08-30,-0.3174318356880645,17.01,2.78,2.39,2.00898029494192,233.318
2013-09-03,0.4164221602432238,16.61,2.86,2.43,2.00898029494192,233.318
2013-09-04,0.8116953209842404,15.88,2.9,2.44,2.00898029494192,233.318
2013-09-05,0.1209862833721153,15.77,2.98,2.46,2.00898029494192,233.318
2013-09-06,0.0054431141103039,15.85,2.94,2.48,2.00898029494192,233.318
2013-09-09,0.9992880823750604,15.63,2.9,2.45,2.00898029494192,233.318
2013-09-10,0.7345789391592916,14.53,2.96,2.46,2.00898029494192,233.318
2013-09-11,0.3052283373562225,13.82,2.93,2.46,2.00898029494192,233.318
2013-09-12,-0.3380415314981122,14.29,2.92,2.47,2.00898029494192,233.318
2013-09-13,0.2714679741101511,14.16,2.9,2.45,2.00898029494192,233.318
2013-09-16,0.5693153044247667,14.38,2.88,2.47,2.00898029494192,233.318
2013-09-17,0.4217739327674108,14.53,2.86,2.47,2.099919990556254,233.526
2013-09-18,1.2177672896303449,13.59,2.69,2.35,2.099919990556254,233.526
2013-09-19,-0.1842953819684689,13.16,2.76,2.42,2.099919990556254,233.526
2013-09-20,-0.7216886263627376,13.12,2.75,2.41,1.488035740671534,233.526
2013-09-23,-0.4719586526811925,14.31,2.72,2.37,1.488035740671534,233.526
2013-09-24,-0.2597143070893537,14.08,2.67,2.32,1.488035740671534,233.526
2013-09-25,-0.273946595048713,14.01,2.63,2.27,1.488035740671534,233.526
2013-09-26,0.3485425867653546,14.06,2.66,2.32,1.488035740671534,233.526
2013-09-27,-0.4073801130465626,15.46,2.64,2.3,1.488035740671534,233.526
2013-09-30,-0.6029230779887707,16.6,2.64,2.31,1.488035740671534,233.526
2013-10-01,0.7998543475556064,15.54,2.66,2.33,1.488035740671534,233.526
2013-10-02,-0.0666669547382037,16.6,2.63,2.32,1.488035740671534,233.526
2013-10-03,-0.8979414583967338,17.67,2.62,2.29,1.488035740671534,233.526
2013-10-04,0.7053224345153541,16.74,2.66,2.33,1.488035740671534,233.526
2013-10-07,-0.8506361953748875,19.41,2.65,2.28,1.488035740671534,233.526
2013-10-08,-1.2332078852067665,20.34,2.66,2.26,1.488035740671534,233.526
2013-10-09,0.0573906351874375,19.6,2.68,2.31,1.488035740671534,233.526
2013-10-10,2.183049604365883,16.48,2.71,2.36,1.488035740671534,233.526
2013-10-11,0.6286271807078414,15.72,2.7,2.35,1.488035740671534,233.526
2013-10-15,-0.7063723409320266,18.66,2.75,2.38,1.488035740671534,233.526
2013-10-16,1.3827532394934838,14.71,2.69,2.35,1.488035740671534,233.526
2013-10-17,0.6743953139704439,13.48,2.61,2.28,1.488035740671534,233.526
2013-10-18,0.6548755402622897,13.04,2.6,2.27,1.488035740671534,233.526
2013-10-21,0.0091736417132448,13.16,2.63,2.3,1.488035740671534,233.526
2013-10-22,0.5737513079636436,13.33,2.54,2.23,0.9126500557442574,233.526
2013-10-23,-0.4724557241463034,13.42,2.51,2.2,0.9126500557442574,233.526
2013-10-24,0.3258134764679621,13.2,2.53,2.2,0.9126500557442574,233.526
2013-10-25,0.4394843515520774,13.09,2.53,2.21,0.9126500557442574,233.526
2013-10-28,0.1329699787098182,13.31,2.54,2.22,0.9126500557442574,233.526
2013-10-29,0.558419502875096,13.41,2.53,2.22,0.9126500557442574,233.526
2013-10-30,-0.4875923596155185,13.65,2.55,2.22,1.094575090530392,233.947
2013-10-31,-0.3839381224110538,13.75,2.57,2.26,1.094575090530392,233.947
2013-11-01,0.2903421198789946,13.28,2.65,2.32,1.094575090530392,233.947
2013-11-04,0.3570558689741876,12.93,2.63,2.31,1.094575090530392,233.947
2013-11-05,-0.2805587810106646,13.27,2.69,2.37,1.094575090530392,233.947
2013-11-06,0.4265540341705787,12.67,2.67,2.37,1.094575090530392,233.947
2013-11-07,-1.3182771972194418,13.91,2.63,2.34,1.094575090530392,233.947
2013-11-08,1.342755951674368,12.9,2.77,2.45,1.094575090530392,233.947
2013-11-12,-0.2370391619945344,12.82,2.8,2.46,1.094575090530392,233.947
2013-11-13,0.8095344244797742,12.52,2.75,2.43,1.094575090530392,233.947
2013-11-14,0.483725876385388,12.37,2.69,2.4,1.094575090530392,233.947
2013-11-15,0.4222034052096646,12.19,2.71,2.4,1.094575090530392,233.947
2013-11-18,-0.369819718572606,13.1,2.67,2.36,1.094575090530392,233.947
2013-11-19,-0.2042965576817046,13.39,2.71,2.42,0.9475687267800348,233.947
2013-11-20,-0.3635611100220925,13.4,2.8,2.52,0.8875905605585155,233.808
2013-11-21,0.8128564255848181,12.66,2.79,2.5,0.8875905605585155,233.808
2013-11-22,0.4961457973002625,12.26,2.75,2.44,0.8875905605585155,233.808
2013-11-25,-0.1263342097862163,12.79,2.74,2.44,0.8875905605585155,233.808
2013-11-26,0.0149804455070734,12.81,2.71,2.42,0.8875905605585155,233.808
2013-11-27,0.2485081386076837,12.98,2.74,2.46,0.8875905605585155,233.808
2013-11-29,-0.0785689641244036,13.7,2.75,2.47,0.8875905605585155,233.808
2013-12-02,-0.2719020284730922,14.23,2.81,2.51,0.8875905605585155,233.808
2013-12-03,-0.3192847977150137,14.55,2.79,2.51,0.8875905605585155,233.808
2013-12-04,-0.1303493183571813,14.7,2.84,2.54,0.8875905605585155,233.808
2013-12-05,-0.4339572538419101,15.08,2.88,2.58,0.8875905605585155,233.808
2013-12-06,1.1237870620775636,13.79,2.88,2.58,0.8875905605585155,233.808
2013-12-09,0.1817100177267105,13.49,2.86,2.56,0.8875905605585155,233.808
2013-12-10,-0.3179659038540561,13.91,2.81,2.51,0.8875905605585155,233.808
2013-12-11,-1.131687458772268,15.42,2.86,2.55,0.8875905605585155,233.808
2013-12-12,-0.377056189111935,15.54,2.89,2.55,0.8875905605585155,233.808
2013-12-13,-0.0101410144149549,15.76,2.88,2.54,0.8875905605585155,233.808
2013-12-16,0.6320039831068547,16.03,2.89,2.55,0.8875905605585155,233.808
2013-12-17,-0.3100987910356179,16.21,2.85,2.51,0.9216788708570788,233.887
2013-12-18,1.664796429762072,13.8,2.89,2.57,1.2388269667784837,233.887
2013-12-19,-0.0579929204410856,14.15,2.94,2.59,1.2388269667784837,233.887
2013-12-20,0.4818728349231804,13.79,2.89,2.52,1.2388269667784837,233.887
2013-12-23,0.531812014989308,13.04,2.94,2.56,1.2388269667784837,233.887
2013-12-24,0.2915746849359912,12.48,2.99,2.61,1.2388269667784837,233.887
2013-12-26,0.4745529147706984,12.33,3.0,2.58,1.2388269667784837,233.887
2013-12-27,-0.0336584353380353,12.46,3.02,2.62,1.2388269667784837,233.887
2013-12-30,-0.0179253894115216,13.56,2.99,2.6,1.2388269667784837,233.887
2013-12-31,0.3959675229718407,13.72,3.04,2.66,1.2388269667784837,233.887
2014-01-02,-0.8861912729460575,14.23,3.0,2.61,1.2388269667784837,233.887
2014-01-03,-0.033296507498215,13.76,3.01,2.6,1.2388269667784837,233.887
2014-01-06,-0.2511767473641013,13.55,2.98,2.58,1.2388269667784837,233.887
2014-01-07,0.6081764662643874,12.92,2.96,2.56,1.2388269667784837,233.887
2014-01-08,-0.0212208983938699,12.87,3.01,2.58,1.2388269667784837,233.887
2014-01-09,0.0348309189077911,12.89,2.97,2.53,1.2388269667784837,233.887
2014-01-10,0.2306686808393188,12.14,2.88,2.49,1.2388269667784837,233.887
2014-01-13,-1.2576216507389826,13.28,2.84,2.45,1.2388269667784837,233.887
2014-01-14,1.0817971767347556,12.28,2.88,2.49,1.2388269667784837,233.887
2014-01-15,0.5166188100786506,12.28,2.9,2.49,1.2388269667784837,233.887
2014-01-16,-0.1347120304156734,12.53,2.86,2.45,1.5396602099339909,234.582
2014-01-17,-0.3895174370902032,12.44,2.84,2.44,1.5396602099339909,234.582
2014-01-21,0.2773751994173734,12.87,2.85,2.45,1.5598820672009015,234.582
2014-01-22,0.0574865221481646,12.84,2.87,2.43,1.5598820672009015,234.582
2014-01-23,-0.8889576739850691,13.77,2.79,2.4,1.5598820672009015,234.582
2014-01-24,-2.087544856898549,18.14,2.75,2.38,1.5598820672009015,234.582
2014-01-27,-0.4876293940238585,17.42,2.78,2.41,1.5598820672009015,234.582
2014-01-28,0.614065260021901,15.8,2.77,2.39,1.5598820672009015,234.582
2014-01-29,-1.0209232261157553,17.35,2.69,2.33,1.5598820672009015,234.582
2014-01-30,1.1267044743841437,17.29,2.72,2.36,1.5598820672009015,234.582
2014-01-31,-0.6465299642046674,18.41,2.67,2.33,1.5598820672009015,234.582
2014-02-03,-2.283191982018462,21.44,2.61,2.31,1.5598820672009015,234.582
2014-02-04,0.7641088938743268,19.11,2.64,2.33,1.5598820672009015,234.582
2014-02-05,-0.2028222779439259,19.95,2.7,2.38,1.5598820672009015,234.582
2014-02-06,1.2439792925644788,17.23,2.73,2.4,1.5598820672009015,234.582
2014-02-07,1.3301886798946505,15.29,2.71,2.41,1.5598820672009015,234.582
2014-02-10,0.1569234765563809,15.26,2.7,2.38,1.5598820672009015,234.582
2014-02-11,1.1062113608869106,14.51,2.75,2.4,1.5598820672009015,234.582
2014-02-12,-0.0269262390094837,14.3,2.8,2.45,1.5598820672009015,234.582
2014-02-13,0.5810025082904069,14.14,2.73,2.41,1.5598820672009015,234.582
2014-02-14,0.4809216724759979,13.57,2.75,2.43,1.5598820672009015,234.582
2014-02-18,0.1158473905655821,13.87,2.71,2.4,1.565077344693666,234.594
2014-02-19,-0.6524484290135191,15.5,2.73,2.4,1.565077344693666,234.594
2014-02-20,0.6031458262132583,14.79,2.76,2.42,1.711843933864099,234.933
2014-02-21,-0.1918723565134117,14.68,2.73,2.4,1.6423160290217398,234.933
2014-02-24,0.618651346579302,14.23,2.75,2.4,1.6423160290217398,234.933
2014-02-25,-0.134768173700972,13.67,2.7,2.36,1.6154984039654208,234.933
2014-02-26,0.0021699977565736,14.35,2.67,2.34,1.6154984039654208,234.933
2014-02-27,0.4948082937896281,14.04,2.65,2.32,1.6154984039654208,234.933
2014-02-28,0.2782688792301258,14.0,2.66,2.33,1.6154984039654208,234.933
2014-03-03,-0.7378510346287226,16.0,2.6,2.28,1.6154984039654208,234.933
2014-03-04,1.526770113133269,14.1,2.7,2.37,1.6154984039654208,234.933
2014-03-05,-0.0053351326431916,13.89,2.7,2.37,1.6154984039654208,234.933
2014-03-06,0.1718408271082383,14.21,2.74,2.37,1.6154984039654208,234.933
2014-03-07,0.0538089295248678,14.11,2.8,2.42,1.6154984039654208,234.933
2014-03-10,-0.0463246309499232,14.2,2.79,2.42,1.6154984039654208,234.933
2014-03-11,-0.5082138985368356,14.8,2.77,2.4,1.6154984039654208,234.933
2014-03-12,0.030517087837123,14.47,2.73,2.36,1.6154984039654208,234.933
2014-03-13,-1.1701095130556172,16.22,2.66,2.32,1.6154984039654208,234.933
2014-03-14,-0.2821777697470384,17.82,2.65,2.29,1.6154984039654208,234.933
2014-03-17,0.9613634629240364,15.64,2.7,2.32,1.6154984039654208,234.933
2014-03-18,0.721961893372769,14.52,2.68,2.32,1.717575411551997,235.169
2014-03-19,-0.6131649335692324,15.12,2.78,2.31,1.0306310950723985,235.169
2014-03-20,0.6040504799839086,14.52,2.79,2.34,1.0306310950723985,235.169
2014-03-21,-0.2932671409733745,15.0,2.75,2.3,1.0306310950723985,235.169
2014-03-24,-0.4864709743258144,15.09,2.74,2.27,1.0306310950723985,235.169
2014-03-25,0.4403939814465518,14.02,2.75,2.28,1.0306310950723985,235.169
2014-03-26,-0.7000319763734719,14.93,2.71,2.26,1.0306310950723985,235.169
2014-03-27,-0.1900083894673887,14.62,2.69,2.24,1.0306310950723985,235.169
2014-03-28,0.4640221884561146,14.41,2.73,2.28,1.0306310950723985,235.169
2014-03-31,0.7924102207026662,13.88,2.73,2.29,1.0306310950723985,235.169
2014-04-01,0.7039348596697304,13.1,2.77,2.33,1.0306310950723985,235.169
2014-04-02,0.2853326841976367,13.09,2.82,2.35,1.0306310950723985,235.169
2014-04-03,-0.1126450291031422,13.37,2.8,2.34,1.0306310950723985,235.169
2014-04-04,-1.2537288005457836,13.96,2.74,2.31,1.0306310950723985,235.169
2014-04-07,-1.0750112394172897,15.57,2.71,2.3,1.0306310950723985,235.169
2014-04-08,0.3750553770375697,14.89,2.69,2.29,1.0306310950723985,235.169
2014-04-09,1.0918212704340349,13.82,2.71,2.34,1.0306310950723985,235.169
2014-04-10,-2.0884795550912827,15.89,2.65,2.28,1.0306310950723985,235.169
2014-04-11,-0.9486773662544356,17.03,2.63,2.26,1.0306310950723985,235.169
2014-04-14,0.8217286225508769,16.11,2.65,2.28,1.0306310950723985,235.169
2014-04-15,0.6757307791485534,15.61,2.64,2.25,1.2329767581732876,235.64
2014-04-16,1.0488490558689278,14.18,2.65,2.26,1.2329767581732876,235.64
2014-04-17,0.1363852909705754,13.36,2.73,2.3,1.420332271670821,235.64
2014-04-21,0.3775123551313042,13.25,2.73,2.31,1.420332271670821,235.64
2014-04-22,0.4092139025126506,13.19,2.73,2.28,1.420332271670821,235.64
2014-04-23,-0.2213313863220212,13.27,2.7,2.27,1.420332271670821,235.64
2014-04-24,0.1716960567121672,13.32,2.7,2.27,1.420332271670821,235.64
2014-04-25,-0.8096390978489132,14.06,2.68,2.25,1.420332271670821,235.64
2014-04-28,0.3236035858039221,13.97,2.7,2.26,1.420332271670821,235.64
2014-04-29,0.4760757069291355,13.71,2.71,2.27,1.420332271670821,235.64
2014-04-30,0.2992016977140688,13.41,2.67,2.25,1.420332271670821,235.64
2014-05-01,-0.0143261481426071,13.25,2.63,2.22,1.420332271670821,235.64
2014-05-02,-0.1348445059709546,12.91,2.6,2.18,1.420332271670821,235.64
2014-05-05,0.1871216126306141,13.29,2.63,2.2,1.420332271670821,235.64
2014-05-06,-0.8988392160571124,13.8,2.61,2.18,1.420332271670821,235.64
2014-05-07,0.5616468420812426,13.4,2.62,2.21,1.420332271670821,235.64
2014-05-08,-0.1373624945210982,13.43,2.61,2.21,1.420332271670821,235.64
2014-05-09,0.1519476431128819,12.92,2.62,2.22,1.420332271670821,235.64
2014-05-12,0.9672737603931392,12.23,2.66,2.25,1.420332271670821,235.64
2014-05-13,0.0421757703063629,12.13,2.61,2.22,1.420332271670821,235.64
2014-05-14,-0.4701005088166399,12.17,2.54,2.15,1.420332271670821,235.64
2014-05-15,-0.9361807033335888,13.17,2.5,2.12,1.684600154945337,236.254
2014-05-16,0.374696520677964,12.44,2.52,2.14,1.684600154945337,236.254
2014-05-19,0.3844786490710294,12.42,2.54,2.18,1.684600154945337,236.254
2014-05-20,-0.649839809746755,12.96,2.52,2.17,2.0601766853143744,236.254
2014-05-21,0.8116098951240547,11.91,2.54,2.17,2.0601766853143744,236.254
2014-05-22,0.2362229873621668,12.03,2.56,2.19,2.0601766853143744,236.254
2014-05-23,0.4248391856225497,11.36,2.54,2.17,2.0601766853143744,236.254
2014-05-27,0.5987805879090757,11.51,2.52,2.13,2.0601766853143744,236.254
2014-05-28,-0.1114071710872299,11.68,2.44,2.07,2.0601766853143744,236.254
2014-05-29,0.5367110265454889,11.57,2.45,2.08,2.0601766853143744,236.254
2014-05-30,0.1843677931164355,11.4,2.48,2.11,2.0601766853143744,236.254
2014-06-02,0.0727826101028172,11.58,2.54,2.15,2.0601766853143744,236.254
2014-06-03,-0.03792165487565,11.87,2.6,2.19,2.0601766853143744,236.254
2014-06-04,0.1891663548679423,12.08,2.61,2.2,2.0601766853143744,236.254
2014-06-05,0.6525279593556643,11.68,2.59,2.19,2.0601766853143744,236.254
2014-06-06,0.4627758701298612,10.73,2.6,2.19,2.0601766853143744,236.254
2014-06-09,0.0938771226611789,11.15,2.62,2.19,2.0601766853143744,236.254
2014-06-10,-0.0245983622945922,10.99,2.64,2.19,2.0601766853143744,236.254
2014-06-11,-0.3537041032554366,11.6,2.65,2.21,2.0601766853143744,236.254
2014-06-12,-0.708889350376507,12.56,2.58,2.16,2.0601766853143744,236.254
2014-06-13,0.3134561695468774,12.18,2.6,2.15,2.0601766853143744,236.254
2014-06-16,0.0836705173430596,12.65,2.61,2.12,2.0601766853143744,236.254
2014-06-17,0.2172569060394202,12.06,2.66,2.15,2.418299241851507,237.083
2014-06-18,0.7718881307192449,10.61,2.61,2.13,2.418299241851507,237.083
2014-06-19,0.1277478576659385,10.62,2.64,2.16,2.418299241851507,237.083
2014-06-20,0.173005832273243,10.85,2.63,2.13,2.265443361759223,237.083
2014-06-23,-0.0132464078757998,10.98,2.63,2.15,2.265443361759223,237.083
2014-06-24,-0.6435310620591883,12.13,2.59,2.1,2.265443361759223,237.083
2014-06-25,0.4897511217437866,11.59,2.57,2.09,2.265443361759223,237.083
2014-06-26,-0.117888399729138,11.63,2.53,2.07,2.265443361759223,237.083
2014-06-27,0.1910868625069062,11.26,2.54,2.09,2.265443361759223,237.083
2014-06-30,-0.0372256692278916,11.57,2.53,2.06,2.265443361759223,237.083
2014-07-01,0.6677770440579822,11.15,2.58,2.11,2.265443361759223,237.083
2014-07-02,0.0658812997136992,10.82,2.64,2.15,2.265443361759223,237.083
2014-07-03,0.5479508115899812,10.32,2.65,2.13,2.265443361759223,237.083
2014-07-07,-0.3923521850109468,11.33,2.63,2.11,2.265443361759223,237.083
2014-07-08,-0.704880201475111,11.98,2.58,2.07,2.265443361759223,237.083
2014-07-09,0.4644267890169251,11.65,2.57,2.06,2.265443361759223,237.083
2014-07-10,-0.4131071874054703,12.59,2.55,2.09,2.265443361759223,237.083
2014-07-11,0.1470922745241187,12.08,2.53,2.05,2.265443361759223,237.083
2014-07-14,0.4843552990250188,11.82,2.55,2.07,2.265443361759223,237.083
2014-07-15,-0.1932095663463084,11.96,2.56,2.07,2.265443361759223,237.083
2014-07-16,0.4201084929208676,11.0,2.55,2.05,2.265443361759223,237.083
2014-07-17,-1.183402645755216,14.54,2.47,2.0,2.265443361759223,237.083
2014-07-18,1.0264935568841116,12.06,2.5,1.99,1.7768218971083272,237.083
2014-07-21,-0.232025047178197,12.81,2.49,1.98,1.7768218971083272,237.083
2014-07-22,0.5016150134305564,12.24,2.48,1.99,2.038687409849582,237.693
2014-07-23,0.1754438005651781,11.52,2.48,1.98,2.038687409849582,237.693
2014-07-24,0.0488155921891664,11.84,2.52,1.99,2.038687409849582,237.693
2014-07-25,-0.4849150767687549,12.69,2.48,1.95,2.038687409849582,237.693
2014-07-28,0.0288154902202908,12.56,2.5,1.96,2.038687409849582,237.693
2014-07-29,-0.4527786939807376,13.28,2.47,1.93,2.038687409849582,237.693
2014-07-30,0.0060912774517918,13.33,2.57,2.01,2.038687409849582,237.693
2014-07-31,-1.9999240340662028,16.95,2.58,2.05,2.038687409849582,237.693
2014-08-01,-0.2859121137017251,17.03,2.52,2.05,2.038687409849582,237.693
2014-08-04,0.7189032358413172,15.12,2.51,2.04,2.038687409849582,237.693
2014-08-05,-0.9685469956760784,16.87,2.49,2.02,2.038687409849582,237.693
2014-08-06,0.001563854864095,16.37,2.49,2.01,2.038687409849582,237.693
2014-08-07,-0.5556620005611967,16.66,2.43,1.99,2.038687409849582,237.693
2014-08-08,1.1531402436471216,15.77,2.44,1.99,2.038687409849582,237.693
2014-08-11,0.2759425250346226,14.23,2.44,1.97,2.038687409849582,237.693
2014-08-12,-0.163664161317445,14.13,2.46,2.01,2.038687409849582,237.693
2014-08-13,0.6707160027472625,12.9,2.43,2.0,2.038687409849582,237.693
2014-08-14,0.434581405396317,12.42,2.4,1.98,2.038687409849582,237.693
2014-08-15,-0.0061372924176295,13.15,2.34,1.92,2.038687409849582,237.693
2014-08-18,0.8531672245722488,12.32,2.39,1.95,2.038687409849582,237.693
2014-08-19,0.5000651911710952,12.21,2.4,1.94,1.9677007346196929,237.909
2014-08-20,0.2477812999687634,11.78,2.43,1.94,1.9677007346196929,237.909
2014-08-21,0.2949889667182681,11.76,2.41,1.92,1.9677007346196929,237.909
2014-08-22,-0.1992587076122598,11.47,2.4,1.87,1.9677007346196929,237.909
2014-08-25,0.4787778824361766,11.7,2.39,1.86,1.9677007346196929,237.909
2014-08-26,0.1051080894003408,11.63,2.39,1.87,1.9677007346196929,237.909
2014-08-27,0.0049987292607633,11.78,2.37,1.86,1.9677007346196929,237.909
2014-08-28,-0.1689901051468934,12.05,2.34,1.84,1.9677007346196929,237.909
2014-08-29,0.332041473363498,11.98,2.35,1.87,1.9677007346196929,237.909
2014-09-02,-0.0544066160004907,12.25,2.42,1.89,1.9677007346196929,237.909
2014-09-03,-0.0779141064648047,12.36,2.41,1.89,1.9677007346196929,237.909
2014-09-04,-0.1534420775528899,12.64,2.45,1.91,1.9677007346196929,237.909
2014-09-05,0.5035885365550108,12.09,2.46,1.94,1.9677007346196929,237.909
2014-09-08,-0.3073114142502442,12.66,2.48,1.94,1.9677007346196929,237.909
2014-09-09,-0.6545009043329442,13.5,2.5,1.94,1.9677007346196929,237.909
2014-09-10,0.3646074416948641,12.88,2.54,1.96,1.9677007346196929,237.909
2014-09-11,0.0881905414818584,12.8,2.54,1.96,1.9677007346196929,237.909
2014-09-12,-0.5962558462297207,13.31,2.62,2.04,1.9677007346196929,237.909
2014-09-15,-0.0710151471109754,14.12,2.6,2.02,1.9677007346196929,237.909
2014-09-16,0.7484376300642026,12.73,2.6,2.05,1.9677007346196929,237.909
2014-09-17,0.1295643701096471,12.65,2.62,2.03,1.7615443300559752,237.428
2014-09-18,0.4891180086237234,12.03,2.63,2.04,1.7615443300559752,237.428
2014-09-19,-0.0477269581025452,12.11,2.59,2.0,1.6709060233121686,237.428
2014-09-22,-0.8013323296818919,13.69,2.57,1.99,1.6709060233121686,237.428
2014-09-23,-0.5776501564770165,14.93,2.54,1.97,1.6709060233121686,237.428
2014-09-24,0.783249148610099,13.27,2.57,1.98,1.6709060233121686,237.428
2014-09-25,-1.6168772358634451,15.64,2.52,1.96,1.6709060233121686,237.428
2014-09-26,0.8575824615237426,14.85,2.54,1.95,1.6709060233121686,237.428
2014-09-29,-0.2546802239196233,15.98,2.5,1.92,1.6709060233121686,237.428
2014-09-30,-0.2785928622506484,16.31,2.52,1.94,1.6709060233121686,237.428
2014-10-01,-1.3248560995234304,16.71,2.42,1.89,1.6709060233121686,237.428
2014-10-02,0.0005143341477165,16.16,2.44,1.91,1.6709060233121686,237.428
2014-10-03,1.11655096821337,14.55,2.45,1.88,1.6709060233121686,237.428
2014-10-06,-0.156515985913308,15.46,2.43,1.89,1.6709060233121686,237.428
2014-10-07,-1.5126053030587785,17.2,2.36,1.84,1.6709060233121686,237.428
2014-10-08,1.7461650296527242,15.11,2.35,1.89,1.6709060233121686,237.428
2014-10-09,-2.066141501469354,18.76,2.34,1.88,1.6709060233121686,237.428
2014-10-10,-1.1451012338901223,21.24,2.31,1.86,1.6709060233121686,237.428
2014-10-14,0.1578864777472377,22.79,2.21,1.82,1.6709060233121686,237.428
2014-10-15,-0.8100314924121665,26.25,2.15,1.81,1.6709060233121686,237.428
2014-10-16,0.0144977708694149,25.2,2.17,1.82,1.6709060233121686,237.428
2014-10-17,1.2884107385910504,21.99,2.22,1.83,1.6709060233121686,237.428
2014-10-20,0.914265720638352,18.57,2.2,1.83,1.6709060233121686,237.428
2014-10-21,1.9574487182363989,16.08,2.23,1.85,1.6709060233121686,237.428
2014-10-22,-0.7299330200416732,17.87,2.25,1.84,1.7586906811233094,237.633
2014-10-23,1.2303377138681793,16.53,2.29,1.88,1.7586906811233094,237.633
2014-10-24,0.7053449392805167,16.11,2.29,1.88,1.7586906811233094,237.633
2014-10-27,-0.1501568395210095,16.04,2.27,1.86,1.7586906811233094,237.633
2014-10-28,1.1939073060167391,14.39,2.3,1.88,1.7586906811233094,237.633
2014-10-29,-0.1385355498529361,15.15,2.34,1.86,1.7586906811233094,237.633
2014-10-30,0.6230124240393486,14.52,2.32,1.84,1.7586906811233094,237.633
2014-10-31,1.1731393541549506,14.03,2.35,1.85,1.7586906811233094,237.633
2014-11-03,-0.0118921844636243,14.73,2.36,1.84,1.575570535206694,237.633
2014-11-04,-0.2829841680832889,14.89,2.35,1.83,1.575570535206694,237.633
2014-11-05,0.5700497411807115,14.17,2.36,1.84,1.575570535206694,237.633
2014-11-06,0.3775513004849795,13.67,2.39,1.85,1.575570535206694,237.633
2014-11-07,0.0349586217805342,13.12,2.32,1.81,1.575570535206694,237.633
2014-11-10,0.3120184693883088,12.67,2.38,1.83,1.575570535206694,237.633
2014-11-12,-0.0701116681675495,13.02,2.37,1.82,1.575570535206694,237.633
2014-11-13,0.0529844746565588,13.79,2.35,1.82,1.575570535206694,237.633
2014-11-14,0.0240270208810677,13.31,2.32,1.78,1.575570535206694,237.633
2014-11-17,0.0735359021627912,13.99,2.34,1.8,1.575570535206694,237.633
2014-11-18,0.5133983312177293,13.86,2.32,1.79,1.575570535206694,237.633
2014-11-19,-0.1501159007554986,13.96,2.36,1.82,1.575570535206694,237.633
2014-11-20,0.196709621349167,13.58,2.34,1.81,1.579417560387597,237.642
2014-11-21,0.5236877359639402,12.9,2.31,1.78,1.579417560387597,237.642
2014-11-24,0.2864023314453678,12.62,2.3,1.77,1.639807021145567,237.642
2014-11-25,-0.1150029676853181,12.25,2.27,1.76,1.639807021145567,237.642
2014-11-26,0.2805981889918651,12.07,2.24,1.71,1.639807021145567,237.642
2014-11-28,-0.2542427180532325,13.33,2.18,1.71,1.639807021145567,237.642
2014-12-01,-0.6829362527492333,14.29,2.22,1.73,1.639807021145567,237.642
2014-12-02,0.6384461097458161,12.85,2.28,1.73,1.639807021145567,237.642
2014-12-03,0.3764742741791727,12.47,2.29,1.72,1.639807021145567,237.642
2014-12-04,-0.1161896207077406,12.38,2.25,1.7,1.639807021145567,237.642
2014-12-05,0.1665216534709301,11.82,2.31,1.66,1.639807021145567,237.642
2014-12-08,-0.7256565211683386,14.21,2.26,1.62,1.639807021145567,237.642
2014-12-09,-0.0237823541331172,14.89,2.22,1.58,1.639807021145567,237.642
2014-12-10,-1.635096881921505,18.53,2.18,1.59,1.639807021145567,237.642
2014-12-11,0.4535689211905058,20.08,2.19,1.57,1.639807021145567,237.642
2014-12-12,-1.6213587335965784,21.08,2.1,1.54,1.639807021145567,237.642
2014-12-15,-0.6342586611898127,20.42,2.12,1.52,1.639807021145567,237.642
2014-12-16,-0.8489022887163578,23.57,2.07,1.49,1.639807021145567,237.642
2014-12-17,2.035241573284696,19.44,2.14,1.52,1.378909190446875,237.032
2014-12-18,2.401520473971619,16.81,2.22,1.55,1.378909190446875,237.032
2014-12-19,0.4570048934014581,16.49,2.17,1.5,1.3446664414866971,237.032
2014-12-22,0.3810463907886641,15.25,2.17,1.46,1.3446664414866971,237.032
2014-12-23,0.1746361746361779,14.8,2.26,1.53,1.3446664414866971,237.032
2014-12-24,-0.0139296538410715,14.37,2.27,1.54,1.3446664414866971,237.032
2014-12-26,0.3309574570383944,14.5,2.25,1.52,1.3446664414866971,237.032
2014-12-29,0.0861774542574522,15.06,2.22,1.5,1.3446664414866971,237.032
2014-12-30,-0.4888604719738176,15.92,2.2,1.51,1.3446664414866971,237.032
2014-12-31,-1.0310858415930158,19.2,2.17,1.5,1.3446664414866971,237.032
2015-01-02,-0.0339963672385534,17.79,2.12,1.46,1.3446664414866971,237.032
2015-01-05,-1.8278105145113743,19.92,2.04,1.36,1.3446664414866971,237.032
2015-01-06,-0.8893471722946522,21.12,1.97,1.32,1.3446664414866971,237.032
2015-01-07,1.162984267174294,19.31,1.96,1.34,1.3446664414866971,237.032
2015-01-08,1.7888280629516196,17.01,2.03,1.41,1.3446664414866971,237.032
2015-01-09,-0.8403811034715436,17.55,1.98,1.39,1.3446664414866971,237.032
2015-01-12,-0.8093685160912578,19.6,1.92,1.36,1.3446664414866971,237.032
2015-01-13,-0.2578555236295576,20.56,1.91,1.37,1.3446664414866971,237.032
2015-01-14,-0.5813067327385291,21.48,1.86,1.35,1.3446664414866971,237.032
2015-01-15,-0.9247875921837956,22.39,1.77,1.33,1.3446664414866971,237.032
2015-01-16,1.3424199395820402,20.95,1.83,1.34,0.9671337013173132,236.149
2015-01-20,0.1549952369838569,19.89,1.82,1.29,0.9671337013173132,236.149
2015-01-21,0.4731623968765364,18.85,1.87,1.34,0.6679966919883151,236.149
2015-01-22,1.5269721916580492,16.4,1.9,1.37,0.6679966919883151,236.149
2015-01-23,-0.5491522439307173,16.66,1.81,1.29,0.6679966919883151,236.149
2015-01-26,0.2568460857030219,15.52,1.83,1.29,0.6679966919883151,236.149
2015-01-27,-1.338786241041101,17.22,1.83,1.29,0.6679966919883151,236.149
2015-01-28,-1.3495609366348305,20.44,1.73,1.23,0.6679966919883151,236.149
2015-01-29,0.9534685287099888,18.76,1.77,1.26,0.6679966919883151,236.149
2015-01-30,-1.2991965252009852,20.97,1.68,1.21,0.6679966919883151,236.149
2015-02-02,1.296246371066978,19.43,1.68,1.19,0.6679966919883151,236.149
2015-02-03,1.4439495293299576,17.33,1.79,1.27,0.6679966919883151,236.149
2015-02-04,-0.4156046208831476,18.33,1.81,1.29,0.6679966919883151,236.149
2015-02-05,1.0291406686777416,16.85,1.83,1.31,0.6679966919883151,236.149
2015-02-06,-0.3418172314141876,17.29,1.95,1.3,0.6679966919883151,236.149
2015-02-09,-0.4247194360987749,18.55,1.96,1.31,0.6679966919883151,236.149
2015-02-10,1.0675561019232394,17.23,2.01,1.34,0.6679966919883151,236.149
2015-02-11,-0.0029033588675453,16.96,2.0,1.33,0.6679966919883151,236.149
2015-02-12,0.9644506431775834,15.34,1.99,1.38,0.6679966919883151,236.149
2015-02-13,0.4074738491730789,14.69,2.02,1.36,0.6679966919883151,236.149
2015-02-17,0.1597574462372852,15.8,2.14,1.44,0.6679966919883151,236.149
2015-02-18,-0.0314309217733899,15.45,2.07,1.45,0.6679966919883151,236.149
2015-02-19,-0.1062057333189647,15.29,2.11,1.44,0.6679966919883151,236.149
2015-02-20,0.6126533626735764,14.3,2.13,1.46,0.7203935309513465,236.284
2015-02-23,-0.0303339195345975,14.56,2.06,1.42,0.7203935309513465,236.284
2015-02-24,0.2758770892866691,13.69,1.99,1.39,0.575057569604942,236.284
2015-02-25,-0.0765723647508154,13.84,1.96,1.35,0.575057569604942,236.284
2015-02-26,-0.1476028227480719,13.91,2.03,1.37,-0.1089672374677053,234.677
2015-02-27,-0.2956304548757837,13.34,2.0,1.37,-0.1089672374677053,234.677
2015-03-02,0.6124919257840311,13.04,2.08,1.42,-0.1089672374677053,234.677
2015-03-03,-0.45385421527393,13.86,2.12,1.44,-0.1089672374677053,234.677
2015-03-04,-0.438850348301556,14.23,2.12,1.46,-0.1089672374677053,234.677
2015-03-05,0.1196079984838727,14.04,2.11,1.46,-0.1089672374677053,234.677
2015-03-06,-1.4173946589881803,15.2,2.24,1.51,-0.1089672374677053,234.677
2015-03-09,0.3944421191197644,15.06,2.2,1.5,-0.1089672374677053,234.677
2015-03-10,-1.696133008584244,16.69,2.14,1.44,-0.1089672374677053,234.677
2015-03-11,-0.1917679574870323,16.87,2.11,1.41,-0.1089672374677053,234.677
2015-03-12,1.2601439566208406,15.42,2.1,1.43,-0.1089672374677053,234.677
2015-03-13,-0.6074710968194674,16.0,2.13,1.45,-0.1089672374677053,234.677
2015-03-16,1.3533671171787054,15.61,2.1,1.44,-0.1089672374677053,234.677
2015-03-17,-0.3320173700583018,15.66,2.06,1.36,-0.1089672374677053,234.677
2015-03-18,1.2158421402569175,13.97,1.93,1.36,-0.1089672374677053,234.677
2015-03-19,-0.4872579408787825,14.07,1.98,1.35,-0.1089672374677053,234.677
2015-03-20,0.9012754669798452,13.02,1.93,1.33,-0.2092112480811758,234.677
2015-03-23,-0.174573104253517,13.41,1.92,1.32,-0.2092112480811758,234.677
2015-03-24,-0.6139421956948832,13.62,1.88,1.3,0.0072288439377565,235.186
2015-03-25,-1.4558905652342855,15.44,1.93,1.34,0.0072288439377565,235.186
2015-03-26,-0.2377499996742527,15.8,2.01,1.4,0.0072288439377565,235.186
2015-03-27,0.2368561349514797,15.07,1.95,1.37,0.0072288439377565,235.186
2015-03-30,1.223664518739653,14.51,1.96,1.38,0.0072288439377565,235.186
2015-03-31,-0.8795775050879251,15.29,1.94,1.38,0.0072288439377565,235.186
2015-04-01,-0.3965371271123064,15.11,1.87,1.32,0.0072288439377565,235.186
2015-04-02,0.35296669586522,14.67,1.92,1.37,0.0072288439377565,235.186
2015-04-06,0.660881512373579,14.74,1.92,1.41,0.0072288439377565,235.186
2015-04-07,-0.2061904057862884,14.78,1.89,1.37,0.0072288439377565,235.186
2015-04-08,0.2682533127767339,13.98,1.92,1.38,0.0072288439377565,235.186
2015-04-09,0.4457481018385056,13.09,1.97,1.41,0.0072288439377565,235.186
2015-04-10,0.5202865037342352,12.58,1.96,1.39,0.0072288439377565,235.186
2015-04-13,-0.458128059365126,13.94,1.94,1.4,0.0072288439377565,235.186
2015-04-14,0.1629758874327702,13.67,1.9,1.37,0.0072288439377565,235.186
2015-04-15,0.5148195696902835,12.84,1.91,1.4,0.0072288439377565,235.186
2015-04-16,-0.0778443613424717,12.6,1.9,1.4,0.0072288439377565,235.186
2015-04-17,-1.1311245518606403,13.89,1.87,1.36,0.242804111086059,235.74
2015-04-20,0.9235131672624686,13.3,1.9,1.35,0.0424376167034612,235.74
2015-04-21,-0.1480605325576256,13.25,1.92,1.37,0.0424376167034612,235.74
2015-04-22,0.5087480356207541,12.71,1.99,1.42,0.0424376167034612,235.74
2015-04-23,0.2357715893671175,12.48,1.96,1.41,0.0424376167034612,235.74
2015-04-24,0.2252800575326619,12.29,1.93,1.39,0.0424376167034612,235.74
2015-04-27,-0.4141314249916261,13.12,1.94,1.4,0.0424376167034612,235.74
2015-04-28,0.2769231695356478,12.41,2.0,1.44,0.0424376167034612,235.74
2015-04-29,-0.3740335580798004,13.39,2.06,1.5,0.0424376167034612,235.74
2015-04-30,-1.0128906614839228,14.55,2.05,1.47,0.0424376167034612,235.74
2015-05-01,1.0923001659165044,12.7,2.12,1.52,0.0424376167034612,235.74
2015-05-04,0.2940748690645867,12.85,2.16,1.56,0.0424376167034612,235.74
2015-05-05,-1.1837383677612334,14.31,2.19,1.57,0.0424376167034612,235.74
2015-05-06,-0.4455724813014705,15.15,2.25,1.6,0.0424376167034612,235.74
2015-05-07,0.3773813438832096,15.13,2.18,1.55,0.0424376167034612,235.74
2015-05-08,1.3457901176364917,12.86,2.16,1.57,0.0424376167034612,235.74
2015-05-11,-0.5089560528435566,13.85,2.28,1.66,0.0424376167034612,235.74
2015-05-12,-0.2949637684856787,13.86,2.28,1.67,0.0424376167034612,235.74
2015-05-13,-0.0304954782486488,13.76,2.27,1.68,0.0424376167034612,235.74
2015-05-14,1.0779286625573148,12.74,2.23,1.67,0.0424376167034612,235.74
2015-05-15,0.0768413906680365,12.38,2.14,1.59,0.0424376167034612,235.74
2015-05-18,0.3047948049283322,12.73,2.23,1.65,0.0424376167034612,235.74
2015-05-19,-0.0643374543626618,12.85,2.27,1.64,-0.2175624539690224,235.74
2015-05-20,-0.09305162517933,12.88,2.26,1.66,-0.2175624539690224,235.74
2015-05-21,0.2337874485413893,12.11,2.19,1.59,-0.2175624539690224,235.74
2015-05-22,-0.2233886303356413,12.13,2.21,1.57,-0.1151303258357439,235.982
2015-05-26,-1.028198019783788,14.06,2.14,1.5,-0.1151303258357439,235.982
2015-05-27,0.9162641262365544,13.27,2.14,1.5,-0.1151303258357439,235.982
2015-05-28,-0.1266760897673413,13.31,2.13,1.51,-0.1151303258357439,235.982
2015-05-29,-0.6318469173072216,13.84,2.12,1.51,-0.1151303258357439,235.982
2015-06-01,0.2059461282371222,13.97,2.19,1.55,-0.1151303258357439,235.982
2015-06-02,-0.1008596189948085,14.24,2.27,1.63,-0.1151303258357439,235.982
2015-06-03,0.2118871111207898,13.66,2.38,1.69,-0.1151303258357439,235.982
2015-06-04,-0.8623167576889856,14.71,2.31,1.65,-0.1151303258357439,235.982
2015-06-05,-0.1436182933524543,14.21,2.41,1.68,-0.1151303258357439,235.982
2015-06-08,-0.6474509789282434,15.29,2.39,1.69,-0.1151303258357439,235.982
2015-06-09,0.0418353004221883,14.47,2.42,1.7,-0.1151303258357439,235.982
2015-06-10,1.2042424827124476,13.22,2.5,1.75,-0.1151303258357439,235.982
2015-06-11,0.173862641786715,12.85,2.39,1.66,-0.1151303258357439,235.982
2015-06-12,-0.6994299881765143,13.78,2.39,1.65,-0.1151303258357439,235.982
2015-06-15,-0.4622572493653387,15.39,2.36,1.64,-0.1151303258357439,235.982
2015-06-16,0.56898566086796,14.81,2.32,1.61,-0.1151303258357439,235.982
2015-06-17,0.1979641302692014,14.5,2.32,1.65,-0.1151303258357439,235.982
2015-06-18,0.9902710578908236,13.19,2.35,1.69,0.3288833204940555,237.031
2015-06-19,-0.530350174982186,13.96,2.26,1.61,-0.0219332470063227,237.031
2015-06-22,0.6094866554531064,12.74,2.37,1.69,-0.0219332470063227,237.031
2015-06-23,0.0635868503911396,12.11,2.42,1.72,-0.0219332470063227,237.031
2015-06-24,-0.735329696164333,13.26,2.38,1.7,-0.0219332470063227,237.031
2015-06-25,-0.2973574300685566,14.01,2.4,1.72,-0.0219332470063227,237.031
2015-06-26,-0.039007964406712,14.02,2.49,1.77,-0.0219332470063227,237.031
2015-06-29,-2.086619391956246,18.85,2.33,1.69,-0.0219332470063227,237.031
2015-06-30,0.2658489886146142,18.23,2.35,1.71,-0.0219332470063227,237.031
2015-07-01,0.6936040108400654,16.09,2.43,1.74,-0.0219332470063227,237.031
2015-07-02,-0.030802274079833,16.79,2.4,1.76,-0.0219332470063227,237.031
2015-07-06,-0.3861756863082544,17.01,2.3,1.7,-0.0219332470063227,237.031
2015-07-07,0.608097510857486,16.09,2.27,1.69,-0.0219332470063227,237.031
2015-07-08,-1.6652749054007043,19.66,2.22,1.67,-0.0219332470063227,237.031
2015-07-09,0.2262202572609117,19.97,2.32,1.72,-0.0219332470063227,237.031
2015-07-10,1.2338485100151564,16.83,2.42,1.77,-0.0219332470063227,237.031
2015-07-13,1.1066049239604414,13.9,2.44,1.75,-0.0219332470063227,237.031
2015-07-14,0.4453159211633695,13.37,2.41,1.75,-0.0219332470063227,237.031
2015-07-15,-0.0734986066058041,13.23,2.36,1.72,-0.0219332470063227,237.031
2015-07-16,0.8014680412562258,12.11,2.36,1.69,-0.0219332470063227,237.031
2015-07-17,0.1106182994042637,11.95,2.34,1.66,0.2965206277970145,237.786
2015-07-20,0.077123387202227,12.25,2.38,1.67,0.2965206277970145,237.786
2015-07-21,-0.4261689361606979,12.22,2.35,1.64,0.2965206277970145,237.786
2015-07-22,-0.2387709895206202,12.12,2.33,1.58,0.2965206277970145,237.786
2015-07-23,-0.5676040278268291,12.64,2.28,1.57,0.2965206277970145,237.786
2015-07-24,-1.070332804283558,13.74,2.27,1.57,0.0391260996327247,237.786
2015-07-27,-0.5775015185050969,15.6,2.23,1.55,0.0391260996327247,237.786
2015-07-28,1.2386154626733423,13.44,2.26,1.57,0.0391260996327247,237.786
2015-07-29,0.7318795346650031,12.5,2.29,1.59,0.0391260996327247,237.786
2015-07-30,0.0028367306366794,12.13,2.28,1.56,0.0391260996327247,237.786
2015-07-31,-0.2271519985995063,12.12,2.2,1.53,0.0391260996327247,237.786
2015-08-03,-0.2756886733696673,12.56,2.16,1.48,0.0391260996327247,237.786
2015-08-04,-0.2249704779339723,13.0,2.23,1.49,0.0391260996327247,237.786
2015-08-05,0.3114678748749488,12.51,2.28,1.55,0.0391260996327247,237.786
2015-08-06,-0.775298528243118,13.77,2.23,1.52,0.0391260996327247,237.786
2015-08-07,-0.2874882444434012,13.39,2.18,1.45,0.0391260996327247,237.786
2015-08-10,1.280816646644478,12.23,2.24,1.51,0.0391260996327247,237.786
2015-08-11,-0.955710249815489,13.71,2.15,1.47,0.0391260996327247,237.786
2015-08-12,0.0950054654500487,13.61,2.14,1.47,0.0391260996327247,237.786
2015-08-13,-0.1275212093542199,13.49,2.19,1.47,0.0391260996327247,237.786
2015-08-14,0.3911964108786803,12.83,2.2,1.47,0.0391260996327247,237.786
2015-08-17,0.521142418513576,13.02,2.16,1.44,0.0391260996327247,237.786
2015-08-18,-0.2625530186397551,13.79,2.2,1.46,0.0391260996327247,237.786
2015-08-19,-0.8254876246131082,15.25,2.12,1.45,0.1708085639879897,238.099
2015-08-20,-2.1100170073477758,19.14,2.09,1.4,0.1708085639879897,238.099
2015-08-21,-3.1850965718637325,28.03,2.05,1.41,0.0798624684227977,238.099
2015-08-24,-3.941369286646568,40.74,2.01,1.42,0.0798624684227977,238.099
2015-08-25,-1.352199497897244,36.02,2.12,1.45,0.0798624684227977,238.099
2015-08-26,3.903385877450183,30.32,2.18,1.51,0.0798624684227977,238.099
2015-08-27,2.429774862112533,26.1,2.18,1.5,0.0798624684227977,238.099
2015-08-28,0.0608736361698447,26.05,2.19,1.47,0.0798624684227977,238.099
2015-08-31,-0.8391670369217175,28.43,2.21,1.47,0.0798624684227977,238.099
2015-09-01,-2.95764466409868,31.4,2.17,1.47,0.0798624684227977,238.099
2015-09-02,1.8292975004431389,26.09,2.2,1.48,0.0798624684227977,238.099
2015-09-03,0.1164793545104458,25.61,2.18,1.47,0.0798624684227977,238.099
2015-09-04,-1.532959572393222,27.8,2.13,1.42,0.0798624684227977,238.099
2015-09-08,2.508305358648033,24.9,2.2,1.46,0.0798624684227977,238.099
2015-09-09,-1.389756050907287,26.23,2.21,1.46,0.0798624684227977,238.099
2015-09-10,0.5277955033794246,24.37,2.23,1.48,0.0798624684227977,238.099
2015-09-11,0.4487043210972707,23.2,2.2,1.49,0.0798624684227977,238.099
2015-09-14,-0.4089655710746709,24.25,2.18,1.45,0.0798624684227977,238.099
2015-09-15,1.283131142251781,22.54,2.28,1.46,0.0798624684227977,238.099
2015-09-16,0.8705414349693852,21.35,2.3,1.48,0.0092472331858051,237.931
2015-09-17,-0.2561059320011938,21.14,2.21,1.51,0.0092472331858051,237.931
2015-09-18,-1.6164165744279924,22.28,2.13,1.44,0.0092472331858051,237.931
2015-09-21,0.4565783605198437,20.14,2.2,1.48,0.2118536988055419,237.931
2015-09-22,-1.2318429274285614,22.44,2.14,1.45,0.2118536988055419,237.931
2015-09-23,-0.2048642890328245,22.13,2.16,1.46,0.2118536988055419,237.931
2015-09-24,-0.3362984329369434,23.47,2.13,1.46,0.2118536988055419,237.931
2015-09-25,-0.0465793285829518,23.62,2.17,1.47,0.2118536988055419,237.931
2015-09-28,-2.566609046896018,27.63,2.1,1.43,0.2118536988055419,237.931
2015-09-29,0.1232853252514099,26.83,2.05,1.41,0.2118536988055419,237.931
2015-09-30,1.9075555906861608,24.5,2.06,1.42,0.2118536988055419,237.931
2015-10-01,0.1973884228037459,22.55,2.05,1.41,0.2118536988055419,237.931
2015-10-02,1.4315289284541954,20.94,1.99,1.41,0.2118536988055419,237.931
2015-10-05,1.8289840800508328,19.54,2.07,1.46,0.2118536988055419,237.931
2015-10-06,-0.3588236183088344,19.4,2.05,1.44,0.2118536988055419,237.931
2015-10-07,0.8035633639867479,18.4,2.08,1.43,0.2118536988055419,237.931
2015-10-08,0.8818435459823082,17.42,2.12,1.47,0.2118536988055419,237.931
2015-10-09,0.0725111326717931,17.08,2.12,1.47,0.2118536988055419,237.931
2015-10-13,-0.6825423947869114,17.67,2.06,1.42,0.2118536988055419,237.931
2015-10-14,-0.4716274198213854,18.03,1.99,1.42,0.2118536988055419,237.931
2015-10-15,1.485277361914017,16.05,2.04,1.43,0.0581228835689229,237.566
2015-10-16,0.4570474275370051,15.05,2.04,1.43,0.0581228835689229,237.566
2015-10-19,0.0270545534716726,14.98,2.04,1.43,0.0581228835689229,237.566
2015-10-20,-0.1421090349352893,15.75,2.08,1.42,0.0581228835689229,237.566
2015-10-21,-0.5825414995899281,16.7,2.04,1.4,0.0581228835689229,237.566
2015-10-22,1.662757156411132,14.45,2.04,1.43,0.0581228835689229,237.566
2015-10-23,1.103034453932339,14.46,2.09,1.43,0.0581228835689229,237.566
2015-10-26,-0.1913100686673829,15.29,2.07,1.41,-0.0281947372629209,237.566
2015-10-27,-0.2554118539720318,15.43,2.05,1.4,-0.0281947372629209,237.566
2015-10-28,1.184003327863703,14.33,2.1,1.37,-0.0281947372629209,237.566
2015-10-29,-0.044977420190484,14.61,2.19,1.44,-0.0281947372629209,237.566
2015-10-30,-0.4809877003672413,15.07,2.16,1.41,-0.0281947372629209,237.566
2015-11-02,1.1873817006551102,14.15,2.2,1.43,-0.0281947372629209,237.566
2015-11-03,0.2728067346863705,14.54,2.23,1.43,-0.0281947372629209,237.566
2015-11-04,-0.3545367230984642,15.51,2.25,1.41,-0.0281947372629209,237.566
2015-11-05,-0.1132148392381848,15.05,2.26,1.41,-0.0281947372629209,237.566
2015-11-06,-0.0347621345717752,14.33,2.34,1.44,-0.0281947372629209,237.566
2015-11-09,-0.9822729385718598,16.52,2.36,1.47,-0.0281947372629209,237.566
2015-11-10,0.1510594954300392,15.29,2.32,1.45,-0.0281947372629209,237.566
2015-11-12,-1.3990375564759017,18.37,2.32,1.43,-0.0281947372629209,237.566
2015-11-13,-1.1207364706699363,20.08,2.28,1.42,-0.0281947372629209,237.566
2015-11-16,1.4903265264943455,18.16,2.27,1.39,-0.0281947372629209,237.566
2015-11-17,-0.133937924813543,18.84,2.25,1.39,0.1721141423960404,238.042
2015-11-18,1.616245179852549,16.85,2.27,1.37,0.1721141423960404,238.042
2015-11-19,-0.112310916925773,16.99,2.24,1.33,0.1721141423960404,238.042
2015-11-20,0.3810195689989637,15.47,2.26,1.33,0.1721141423960404,238.042
2015-11-23,-0.1234860772866053,15.62,2.25,1.31,0.1721141423960404,238.042
2015-11-24,0.1221995974340028,15.93,2.24,1.31,0.1683204147415073,238.042
2015-11-25,-0.0129132276676879,15.19,2.23,1.3,0.1683204147415073,238.042
2015-11-27,0.0593617680760605,15.12,2.22,1.3,0.1683204147415073,238.042
2015-11-30,-0.4640997274763192,16.13,2.21,1.27,0.1683204147415073,238.042
2015-12-01,1.068057336863748,14.67,2.15,1.24,0.1683204147415073,238.042
2015-12-02,-1.0995693172566212,15.91,2.18,1.24,0.1683204147415073,238.042
2015-12-03,-1.4373526666262015,18.11,2.33,1.37,0.1683204147415073,238.042
2015-12-04,2.05256690573854,14.81,2.28,1.32,0.1683204147415073,238.042
2015-12-07,-0.6989502964787397,15.84,2.23,1.29,0.1683204147415073,238.042
2015-12-08,-0.6489901652377839,17.6,2.24,1.3,0.1683204147415073,238.042
2015-12-09,-0.7738985017979982,19.61,2.22,1.29,0.1683204147415073,238.042
2015-12-10,0.2251387153161088,19.34,2.24,1.29,0.1683204147415073,238.042
2015-12-11,-1.9422767297482932,24.39,2.13,1.25,0.1683204147415073,238.042
2015-12-14,0.4755560017433602,22.73,2.23,1.26,0.1683204147415073,238.042
2015-12-15,1.0618561082731848,20.95,2.28,1.3,0.1973556862844061,238.111
2015-12-16,1.4514969430300615,17.86,2.3,1.28,0.1973556862844061,238.111
2015-12-17,-1.5040520909943678,18.94,2.24,1.24,0.1973556862844061,238.111
2015-12-18,-1.779722000676387,20.7,2.19,1.22,0.1973556862844061,238.111
2015-12-21,0.7778402536028795,18.7,2.2,1.24,0.4552127982719645,238.111
2015-12-22,0.8816736053143037,16.6,2.24,1.25,0.4552127982719645,238.111
2015-12-23,1.241806830075265,15.57,2.27,1.26,0.4552127982719645,238.111
2015-12-24,-0.1598636221499028,15.74,2.25,1.22,0.4552127982719645,238.111
2015-12-28,-0.217855994238203,16.91,2.24,1.19,0.4552127982719645,238.111
2015-12-29,1.0629762908764828,16.08,2.32,1.23,0.4552127982719645,238.111
2015-12-30,-0.7217228595965963,17.29,2.31,1.23,0.4552127982719645,238.111
2015-12-31,-0.941191309542666,18.21,2.27,1.21,0.4552127982719645,238.111
2016-01-04,-1.5303731089594377,20.7,2.24,1.22,0.4552127982719645,238.111
2016-01-05,0.2012225954227453,19.34,2.25,1.21,0.4552127982719645,238.111
2016-01-06,-1.3115396702646942,20.59,2.18,1.19,0.4552127982719645,238.111
2016-01-07,-2.3700443014411654,24.99,2.16,1.2,0.4552127982719645,238.111
2016-01-08,-1.0838374390218508,27.01,2.13,1.19,0.4552127982719645,238.111
2016-01-11,0.0853272125533655,24.3,2.17,1.23,0.4552127982719645,238.111
2016-01-12,0.780279851675636,22.47,2.12,1.19,0.4552127982719645,238.111
2016-01-13,-2.496545230421965,25.22,2.08,1.17,0.4552127982719645,238.111
2016-01-14,1.669590538666221,23.95,2.1,1.2,0.4552127982719645,238.111
2016-01-15,-2.1599098001850003,27.02,2.03,1.18,0.4552127982719645,238.111
2016-01-19,0.0531821554392575,26.05,2.06,1.18,0.4552127982719645,238.111
2016-01-20,-1.16938551524135,27.59,2.01,1.16,0.3438354315029146,237.847
2016-01-21,0.5195438361131455,26.69,2.02,1.18,0.7190375567967644,237.847
2016-01-22,2.0283701024494727,22.34,2.07,1.19,0.7190375567967644,237.847
2016-01-25,-1.5637982053378965,24.15,2.03,1.15,0.7190375567967644,237.847
2016-01-26,1.4144335590226431,22.5,2.01,1.16,0.7190375567967644,237.847
2016-01-27,-1.0863483795639506,23.11,2.02,1.18,0.7190375567967644,237.847
2016-01-28,0.5528577205787588,22.42,2.0,1.17,0.7190375567967644,237.847
2016-01-29,2.47602174153414,20.2,1.94,1.18,0.7190375567967644,237.847
2016-02-01,-0.0443236587170159,19.98,1.97,1.16,0.7190375567967644,237.847
2016-02-02,-1.874309083027492,21.98,1.87,1.12,0.7190375567967644,237.847
2016-02-03,0.4992038934619414,21.65,1.88,1.16,0.7190375567967644,237.847
2016-02-04,0.1526732563814192,21.84,1.87,1.17,0.7190375567967644,237.847
2016-02-05,-1.8481246310869337,23.38,1.86,1.12,0.7190375567967644,237.847
2016-02-08,-1.4153935656373462,26.0,1.75,1.09,0.7190375567967644,237.847
2016-02-09,-0.0663620353307359,26.54,1.74,1.05,0.7190375567967644,237.847
2016-02-10,-0.0188950277408284,26.29,1.71,1.0,0.7190375567967644,237.847
2016-02-11,-1.2301161792504731,28.14,1.63,0.99,0.7190375567967644,237.847
2016-02-12,1.951804956585512,25.4,1.74,1.03,0.7190375567967644,237.847
2016-02-16,1.651665412216241,24.11,1.78,1.04,0.7190375567967644,237.847
2016-02-17,1.648043921048603,22.31,1.81,1.07,0.7190375567967644,237.847
2016-02-18,-0.4665713707027619,21.64,1.75,1.04,0.7190375567967644,237.847
2016-02-19,-0.0026032942938902,20.53,1.76,1.0,0.8291375360471642,238.107
2016-02-22,1.4454197186153817,19.38,1.77,0.99,0.8291375360471642,238.107
2016-02-23,-1.2454371867771763,20.98,1.74,0.98,0.8291375360471642,238.107
2016-02-24,0.4439786812972857,20.72,1.75,1.0,0.7715291767534049,238.107
2016-02-25,1.1348275359951865,19.11,1.71,0.99,0.7715291767534049,238.107
2016-02-26,-0.1870114482279139,19.81,1.76,0.96,0.7715291767534049,238.107
2016-02-29,-0.8120976341902342,20.55,1.74,0.96,0.7715291767534049,238.107
2016-03-01,2.386879180189472,17.7,1.83,0.98,1.4615833677778411,238.107
2016-03-02,0.4094308735004492,17.09,1.84,0.99,1.4615833677778411,238.107
2016-03-03,0.3498740674582556,16.7,1.83,0.98,1.4615833677778411,238.107
2016-03-04,0.3305892314438674,16.86,1.88,1.0,1.4615833677778411,238.107
2016-03-07,0.0885014195017408,17.35,1.91,1.0,1.4615833677778411,238.107
2016-03-08,-1.1240108649505087,18.67,1.83,0.95,1.4615833677778411,238.107
2016-03-09,0.5052393293786706,18.34,1.9,1.0,1.4615833677778411,238.107
2016-03-10,0.0155804933450687,18.05,1.93,1.0,1.4615833677778411,238.107
2016-03-11,1.639550053418848,16.5,1.98,1.01,1.4615833677778411,238.107
2016-03-14,-0.1260972921287129,16.92,1.97,1.0,1.4615833677778411,238.107
2016-03-15,-0.1836941687920479,16.84,1.97,0.99,1.4615833677778411,238.107
2016-03-16,0.5600351545632654,14.99,1.94,1.07,1.2911363278037546,237.707
2016-03-17,0.6595236486620859,14.44,1.91,1.04,1.2911363278037546,237.707
2016-03-18,0.4405643688967897,14.02,1.88,1.04,1.2911363278037546,237.707
2016-03-21,0.0985577266684689,13.79,1.92,1.05,1.2911363278037546,237.707
2016-03-22,-0.0877387766836879,14.17,1.94,1.03,1.2911363278037546,237.707
2016-03-23,-0.6386031602501285,14.94,1.88,1.01,1.2911363278037546,237.707
2016-03-24,-0.0378070292785137,14.74,1.91,1.02,1.2911363278037546,237.707
2016-03-28,0.0545255485831397,15.24,1.89,1.0,1.071917546112422,237.707
2016-03-29,0.8816651779288476,13.82,1.81,1.03,1.071917546112422,237.707
2016-03-30,0.4350315260639448,13.56,1.83,1.07,1.071917546112422,237.707
2016-03-31,-0.2039759217567049,13.95,1.78,1.05,1.071917546112422,237.707
2016-04-01,0.6330915127309877,13.1,1.79,1.03,1.071917546112422,237.707
2016-04-04,-0.3208322345054082,14.12,1.78,1.03,1.071917546112422,237.707
2016-04-05,-1.0144492387214377,15.42,1.73,1.01,1.071917546112422,237.707
2016-04-06,1.0507619269939372,14.09,1.76,1.03,1.071917546112422,237.707
2016-04-07,-1.1975786526205012,16.16,1.7,1.0,1.071917546112422,237.707
2016-04-08,0.2786577915288024,15.36,1.72,1.02,1.071917546112422,237.707
2016-04-11,-0.2739785807018835,16.26,1.73,1.03,1.071917546112422,237.707
2016-04-12,0.96621337827838,14.85,1.79,1.05,1.071917546112422,237.707
2016-04-13,1.004013710204088,13.84,1.77,1.02,1.071917546112422,237.707
2016-04-14,0.0172927380348353,13.72,1.8,1.03,1.162484161472177,237.92
2016-04-15,-0.0984284849714578,13.62,1.76,1.02,1.162484161472177,237.92
2016-04-18,0.6541025289023228,13.35,1.78,1.03,1.162484161472177,237.92
2016-04-19,0.3084485167834661,13.24,1.79,1.02,1.162484161472177,237.92
2016-04-20,0.0761544877399211,13.28,1.85,1.05,0.9247476032917534,237.92
2016-04-21,-0.5194027008290192,13.95,1.88,1.06,0.9247476032917534,237.92
2016-04-22,0.0047859724780829,13.22,1.89,1.05,0.9247476032917534,237.92
2016-04-25,-0.1812045879638346,14.08,1.91,1.06,0.9247476032917534,237.92
2016-04-26,0.1872751587190579,13.96,1.94,1.08,0.9247476032917534,237.92
2016-04-27,0.1649352800310755,13.77,1.87,1.04,0.9247476032917534,237.92
2016-04-28,-0.9230768513682652,15.22,1.84,1.06,0.9247476032917534,237.92
2016-04-29,-0.5063088369821722,15.7,1.83,1.06,0.9247476032917534,237.92
2016-05-02,0.7809946463542827,14.68,1.88,1.08,0.9247476032917534,237.92
2016-05-03,-0.8676638198860664,15.6,1.81,1.06,0.9247476032917534,237.92
2016-05-04,-0.5936889314214544,16.05,1.79,1.04,0.9247476032917534,237.92
2016-05-05,-0.0239008125800133,15.91,1.76,1.04,0.9247476032917534,237.92
2016-05-06,0.3174639080503638,14.72,1.79,1.05,0.9247476032917534,237.92
2016-05-09,0.0753497043986861,14.57,1.77,1.05,0.9247476032917534,237.92
2016-05-10,1.2483643435067249,13.63,1.77,1.05,0.9247476032917534,237.92
2016-05-11,-0.9561518078546328,14.69,1.73,0.99,0.9247476032917534,237.92
2016-05-12,-0.0169464907164407,14.41,1.75,0.99,0.9247476032917534,237.92
2016-05-13,-0.847828902508041,15.04,1.71,0.95,0.9247476032917534,237.92
2016-05-16,0.9796652464963084,14.68,1.75,0.96,0.9247476032917534,237.92
2016-05-17,-0.9411297455333644,15.57,1.76,0.94,1.3362178671417535,238.89
2016-05-18,0.0205178732678668,15.95,1.87,0.97,1.3362178671417535,238.89
2016-05-19,-0.3706707658226005,16.33,1.85,0.96,1.3362178671417535,238.89
2016-05-20,0.6019504059596059,15.2,1.85,0.96,1.3362178671417535,238.89
2016-05-23,-0.2085458970489173,15.82,1.84,0.93,1.3362178671417535,238.89
2016-05-24,1.3681382686285826,14.42,1.86,0.94,1.3362178671417535,238.89
2016-05-25,0.6974740643369559,13.9,1.87,0.95,1.2322973786136115,238.89
2016-05-26,-0.0210443903503221,13.43,1.83,0.96,1.2322973786136115,238.89
2016-05-27,0.4286857336424754,13.12,1.85,0.95,1.2322973786136115,238.89
2016-05-31,-0.1005263004855927,14.19,1.84,0.97,1.2322973786136115,238.89
2016-06-01,0.1135042327450319,14.2,1.85,0.94,1.2322973786136115,238.89
2016-06-02,0.2824678073455322,13.63,1.81,0.92,1.2322973786136115,238.89
2016-06-03,-0.2911814656949452,13.47,1.71,0.93,1.2322973786136115,238.89
2016-06-06,0.4897281193053882,13.65,1.73,0.93,1.2322973786136115,238.89
2016-06-07,0.1289446251063308,14.05,1.72,0.94,1.2322973786136115,238.89
2016-06-08,0.3309566533707508,14.08,1.71,0.93,1.2322973786136115,238.89
2016-06-09,-0.1717758558953841,14.64,1.68,0.91,1.2322973786136115,238.89
2016-06-10,-0.9175181182794367,17.03,1.64,0.91,1.2322973786136115,238.89
2016-06-13,-0.8115191387155773,20.97,1.62,0.89,1.2322973786136115,238.89
2016-06-14,-0.1798885135095518,20.5,1.62,0.88,1.2322973786136115,238.89
2016-06-15,-0.1840712870085137,20.14,1.6,0.91,1.2322973786136115,238.89
2016-06-16,0.3132990699674209,19.37,1.57,0.87,1.4526531684619923,239.41
2016-06-17,-0.3257965419980912,19.41,1.62,0.92,1.4526531684619923,239.41
2016-06-20,0.580818525653326,18.37,1.67,0.93,1.4526531684619923,239.41
2016-06-21,0.2712061607464289,18.48,1.71,0.95,1.0036661871231978,239.41
2016-06-22,-0.1651563661812738,21.17,1.69,0.94,1.0036661871231978,239.41
2016-06-23,1.336407865930278,17.25,1.74,0.96,1.0036661871231978,239.41
2016-06-24,-3.5919799994431734,25.76,1.57,0.93,1.0036661871231978,239.41
2016-06-27,-1.809650217612302,23.85,1.46,0.85,1.0036661871231978,239.41
2016-06-28,1.777016508725926,18.75,1.46,0.85,1.0036661871231978,239.41
2016-06-29,1.703267257002827,16.64,1.5,0.88,1.0036661871231978,239.41
2016-06-30,1.356504470592235,15.63,1.49,0.91,1.0036661871231978,239.41
2016-07-01,0.194860235588723,14.77,1.46,0.87,1.0036661871231978,239.41
2016-07-05,-0.6847477437932237,15.58,1.37,0.81,1.0036661871231978,239.41
2016-07-06,0.5352963242081676,14.96,1.38,0.8,1.0036661871231978,239.41
2016-07-07,-0.0871577841923931,14.76,1.4,0.82,1.0036661871231978,239.41
2016-07-08,1.5253349296718175,13.2,1.37,0.76,1.0036661871231978,239.41
2016-07-11,0.3408615474199461,13.54,1.43,0.77,1.0036661871231978,239.41
2016-07-12,0.7009293213798395,13.55,1.53,0.84,1.0036661871231978,239.41
2016-07-13,0.0134767755339826,13.04,1.48,0.8,1.0036661871231978,239.41
2016-07-14,0.525920411762093,12.82,1.53,0.85,1.0036661871231978,239.41
2016-07-15,-0.0928947320912754,12.67,1.6,0.89,1.22178111723783,239.927
2016-07-18,0.2382294987840705,12.44,1.59,0.91,1.22178111723783,239.927
2016-07-19,-0.1435173652293842,11.97,1.56,0.86,1.22178111723783,239.927
2016-07-20,0.4270300173431884,11.77,1.59,0.86,0.9003894257862077,239.927
2016-07-21,-0.3612528916297486,12.74,1.57,0.87,0.9003894257862077,239.927
2016-07-22,0.4553964713003289,12.02,1.57,0.86,0.9003894257862077,239.927
2016-07-25,-0.3011475124434226,12.87,1.58,0.86,0.9003894257862077,239.927
2016-07-26,0.0322784244346063,13.05,1.57,0.82,0.9003894257862077,239.927
2016-07-27,-0.1198542120781409,12.83,1.52,0.79,0.9003894257862077,239.927
2016-07-28,0.1606209022175564,12.72,1.52,0.8,0.9003894257862077,239.927
2016-07-29,0.163130925730881,11.87,1.46,0.79,0.9003894257862077,239.927
2016-08-01,-0.1269787284515211,12.44,1.51,0.84,0.9003894257862077,239.927
2016-08-02,-0.6361619481225378,13.37,1.55,0.88,0.9003894257862077,239.927
2016-08-03,0.3133943280255735,12.86,1.55,0.88,0.9003894257862077,239.927
2016-08-04,0.0212571889691925,12.42,1.51,0.87,0.9003894257862077,239.927
2016-08-05,0.8603496447961101,11.39,1.59,0.87,0.9003894257862077,239.927
2016-08-08,-0.0907165567837986,11.5,1.59,0.85,0.9003894257862077,239.927
2016-08-09,0.0389793936476534,11.66,1.55,0.84,0.9003894257862077,239.927
2016-08-10,-0.2864685997403637,12.05,1.5,0.81,0.9003894257862077,239.927
2016-08-11,0.4734588012062168,11.68,1.57,0.81,0.9003894257862077,239.927
2016-08-12,-0.0796046373750192,11.55,1.51,0.8,0.9003894257862077,239.927
2016-08-15,0.2792909218769068,11.81,1.55,0.83,0.9003894257862077,239.927
2016-08-16,-0.547907701986905,12.64,1.57,0.81,0.8587553514504576,239.828
2016-08-17,0.1868589648029051,12.19,1.56,0.82,0.8587553514504576,239.828
2016-08-18,0.2199617312904633,11.43,1.53,0.82,0.8587553514504576,239.828
2016-08-19,-0.1440271380974911,11.34,1.58,0.82,0.8587553514504576,239.828
2016-08-22,-0.0563323157221185,12.27,1.55,0.79,0.7261685265372853,239.828
2016-08-23,0.1951769405530878,12.38,1.55,0.81,0.7261685265372853,239.828
2016-08-24,-0.5240276852734871,13.45,1.56,0.8,0.7261685265372853,239.828
2016-08-25,-0.1365227624351317,13.63,1.58,0.8,0.7261685265372853,239.828
2016-08-26,-0.157881659441994,13.65,1.62,0.78,0.7261685265372853,239.828
2016-08-29,0.5228047221710774,12.94,1.57,0.76,0.7261685265372853,239.828
2016-08-30,-0.1953680484111486,13.12,1.57,0.77,0.7261685265372853,239.828
2016-08-31,-0.2375864261715099,13.42,1.58,0.78,0.7261685265372853,239.828
2016-09-01,-0.0041384533048027,13.48,1.57,0.79,0.7261685265372853,239.828
2016-09-02,0.4201041336424849,11.98,1.6,0.8,0.7261685265372853,239.828
2016-09-06,0.2981678757711492,12.02,1.55,0.81,0.7261685265372853,239.828
2016-09-07,-0.0146385222930978,11.94,1.54,0.8,0.7261685265372853,239.828
2016-09-08,-0.2223013629666703,12.51,1.61,0.83,0.7261685265372853,239.828
2016-09-09,-2.452206896667508,17.5,1.67,0.88,0.7261685265372853,239.828
2016-09-12,1.467705274849096,15.16,1.68,0.89,0.7261685265372853,239.828
2016-09-13,-1.4830674258895948,17.85,1.73,0.93,0.7261685265372853,239.828
2016-09-14,-0.0587676650206314,18.14,1.7,0.93,0.7261685265372853,239.828
2016-09-15,1.0109273363029914,16.3,1.71,0.97,0.7261685265372853,239.828
2016-09-16,-0.3772294747450777,15.37,1.7,0.93,0.9265053612153018,240.305
2016-09-19,-0.0018603060785604,15.53,1.7,0.91,0.9977682605461168,240.305
2016-09-20,0.0299138217149996,15.92,1.69,0.9,0.9977682605461168,240.305
2016-09-21,1.0917162352442444,13.3,1.66,0.87,0.9977682605461168,240.305
2016-09-22,0.6499784427785649,12.02,1.63,0.84,0.9977682605461168,240.305
2016-09-23,-0.573677446354337,12.29,1.62,0.85,0.9977682605461168,240.305
2016-09-26,-0.8587762798917709,14.5,1.59,0.83,0.9977682605461168,240.305
2016-09-27,0.6444170055012188,13.1,1.56,0.81,0.9977682605461168,240.305
2016-09-28,0.5296554012835575,12.39,1.57,0.82,0.9977682605461168,240.305
2016-09-29,-0.9321411497187015,14.02,1.56,0.83,0.9977682605461168,240.305
2016-09-30,0.7967969231286176,13.29,1.6,0.83,0.9977682605461168,240.305
2016-10-03,-0.3260695529472612,13.57,1.63,0.83,0.9977682605461168,240.305
2016-10-04,-0.4955562270715696,13.63,1.69,0.87,0.9977682605461168,240.305
2016-10-05,0.4296690650193557,12.99,1.72,0.87,0.9977682605461168,240.305
2016-10-06,0.0481559765297179,12.84,1.75,0.89,0.9977682605461168,240.305
2016-10-07,-0.325348335701181,13.48,1.73,0.9,0.9977682605461168,240.305
2016-10-11,-1.2446471596532338,15.36,1.77,0.9,0.9977682605461168,240.305
2016-10-12,0.1146589037580358,15.91,1.79,0.92,0.9977682605461168,240.305
2016-10-13,-0.3099263747961212,16.69,1.75,0.9,0.9977682605461168,240.305
2016-10-14,0.0201604478573091,16.12,1.8,0.96,0.9977682605461168,240.305
2016-10-17,-0.3037994040303138,16.21,1.77,0.96,0.9977682605461168,240.305
2016-10-18,0.6160403318245855,15.28,1.75,0.93,1.446334913245173,241.002
2016-10-19,0.2191971018971061,14.41,1.76,0.95,1.446334913245173,241.002
2016-10-20,-0.1375723954379237,13.75,1.76,0.92,1.446334913245173,241.002
2016-10-21,-0.0084141600051768,13.34,1.74,0.9,1.446334913245173,241.002
2016-10-24,0.4749839541692946,13.02,1.77,0.93,1.446334913245173,241.002
2016-10-25,-0.3797727786498339,13.46,1.77,0.91,1.446334913245173,241.002
2016-10-26,-0.1740411645288153,14.24,1.79,0.93,1.446334913245173,241.002
2016-10-27,-0.2986726736698974,15.36,1.85,0.98,1.446334913245173,241.002
2016-10-28,-0.3108299343522414,16.19,1.86,1.0,1.446334913245173,241.002
2016-10-31,-0.0122276407829136,17.06,1.84,0.98,1.446334913245173,241.002
2016-11-01,-0.6786883476427641,18.56,1.83,1.0,1.446334913245173,241.002
2016-11-02,-0.652550029741239,19.32,1.81,1.0,1.446334913245173,241.002
2016-11-03,-0.4423400838946101,22.08,1.82,1.01,1.446334913245173,241.002
2016-11-04,-0.1666130732233761,22.51,1.79,0.99,1.446334913245173,241.002
2016-11-07,2.222354396733728,18.71,1.83,1.01,1.446334913245173,241.002
2016-11-08,0.3771974454299664,18.74,1.88,1.01,1.446334913245173,241.002
2016-11-09,1.1077020753253342,14.38,2.07,1.17,1.446334913245173,241.002
2016-11-10,0.1950745950128452,14.74,2.15,1.23,1.446334913245173,241.002
2016-11-14,-0.0115502786222743,14.48,2.23,1.23,1.446334913245173,241.002
2016-11-15,0.7480797417763307,13.37,2.23,1.21,1.446334913245173,241.002
2016-11-16,-0.1582263421610164,13.72,2.22,1.22,1.446334913245173,241.002
2016-11-17,0.4676369608375141,13.35,2.29,1.25,1.8087605128680015,241.863
2016-11-18,-0.2386798421690206,12.85,2.34,1.27,1.6051789180060672,241.863
2016-11-21,0.7461400625843329,12.42,2.33,1.25,1.6051789180060672,241.863
2016-11-22,0.2165432272904111,12.41,2.31,1.24,1.6051789180060672,241.863
2016-11-23,0.0808024432903398,12.43,2.36,1.24,1.6051789180060672,241.863
2016-11-25,0.3914386891670673,12.34,2.36,1.24,1.6051789180060672,241.863
2016-11-28,-0.5254535631502799,13.15,2.32,1.21,1.6051789180060672,241.863
2016-11-29,0.1335293064226972,12.9,2.3,1.21,1.6051789180060672,241.863
2016-11-30,-0.2653404039096418,13.33,2.37,1.26,1.6051789180060672,241.863
2016-12-01,-0.351552897374574,14.07,2.45,1.31,1.6051789180060672,241.863
2016-12-02,0.0397006506315911,14.12,2.4,1.29,1.6051789180060672,241.863
2016-12-05,0.5821305253253195,12.14,2.39,1.26,1.6051789180060672,241.863
2016-12-06,0.3410888354698826,11.79,2.39,1.27,1.6051789180060672,241.863
2016-12-07,1.3163241364864575,12.22,2.34,1.24,1.6051789180060672,241.863
2016-12-08,0.2159343047327233,12.64,2.4,1.28,1.6051789180060672,241.863
2016-12-09,0.5938984786955759,11.75,2.47,1.32,1.6051789180060672,241.863
2016-12-12,-0.113743492055951,12.64,2.49,1.34,1.6051789180060672,241.863
2016-12-13,0.6539774750587091,12.72,2.48,1.31,1.6051789180060672,241.863
2016-12-14,-0.8117171853951111,13.19,2.54,1.27,1.6051789180060672,241.863
2016-12-15,0.3883227954907253,12.79,2.6,1.31,1.8089244755127296,242.348
2016-12-16,-0.1750622620483422,12.2,2.6,1.32,1.7794222022502248,242.348
2016-12-19,0.1975120701520394,11.71,2.54,1.3,1.7794222022502248,242.348
2016-12-20,0.3637512148869648,11.45,2.57,1.32,1.7794222022502248,242.348
2016-12-21,-0.2457361456517759,11.27,2.55,1.34,1.7794222022502248,242.348
2016-12-22,-0.1862973728567585,11.43,2.55,1.33,1.7794222022502248,242.348
2016-12-23,0.125171527753487,11.44,2.55,1.33,1.7794222022502248,242.348
2016-12-27,0.2248372712209567,11.99,2.57,1.29,1.7794222022502248,242.348
2016-12-28,-0.8356529175972627,12.95,2.51,1.25,1.7794222022502248,242.348
2016-12-29,-0.0293304709629405,13.37,2.49,1.27,1.7794222022502248,242.348
2016-12-30,-0.4637050227782158,14.04,2.45,1.25,1.7794222022502248,242.348
2017-01-03,0.8486575281279274,12.85,2.45,1.23,1.7794222022502248,242.348
2017-01-04,0.5722273788525856,11.85,2.46,1.22,1.7794222022502248,242.348
2017-01-05,-0.0770670483320468,11.67,2.37,1.2,1.7794222022502248,242.348
2017-01-06,0.3516959219369786,11.32,2.42,1.2,1.7794222022502248,242.348
2017-01-09,-0.3548594275886718,11.56,2.38,1.17,1.7794222022502248,242.348
2017-01-10,0.0,11.49,2.38,1.19,1.7794222022502248,242.348
2017-01-11,0.2829638279323365,11.26,2.38,1.18,1.7794222022502248,242.348
2017-01-12,-0.2144808996759617,11.54,2.36,1.18,1.7794222022502248,242.348
2017-01-13,0.1849840242536204,11.23,2.4,1.19,1.7794222022502248,242.348
2017-01-17,-0.2967502689997014,11.87,2.33,1.16,1.7794222022502248,242.348
2017-01-18,0.1763754057500843,12.48,2.42,1.19,2.066683185573126,243.032
2017-01-19,-0.3609308355419394,12.78,2.47,1.22,2.066683185573126,243.032
2017-01-20,0.3366237154707852,11.54,2.48,1.28,2.066683185573126,243.032
2017-01-23,-0.2690124758069401,11.77,2.41,1.25,2.179972839682653,243.032
2017-01-24,0.6564593637664151,11.07,2.47,1.26,2.179972839682653,243.032
2017-01-25,0.8026090549617448,10.81,2.53,1.3,2.179972839682653,243.032
2017-01-26,-0.0735384407513639,10.63,2.51,1.3,2.179972839682653,243.032
2017-01-27,-0.0866463892926328,10.58,2.49,1.27,2.179972839682653,243.032
2017-01-30,-0.6009543517695892,11.88,2.49,1.27,2.179972839682653,243.032
2017-01-31,-0.0889905407144064,11.99,2.45,1.26,2.179972839682653,243.032
2017-02-01,0.0298363489650732,11.81,2.48,1.26,2.179972839682653,243.032
2017-02-02,0.0570309403293611,11.93,2.48,1.27,2.179972839682653,243.032
2017-02-03,0.7264758098647794,10.97,2.49,1.28,2.179972839682653,243.032
2017-02-06,-0.2115356985885164,11.37,2.42,1.26,2.179972839682653,243.032
2017-02-07,0.0226829185695942,11.29,2.4,1.24,2.179972839682653,243.032
2017-02-08,0.0693322385540096,11.45,2.34,1.19,2.179972839682653,243.032
2017-02-09,0.5752546449780516,10.88,2.4,1.2,2.179972839682653,243.032
2017-02-10,0.3566050102845164,10.85,2.41,1.21,2.179972839682653,243.032
2017-02-13,0.5245845097992419,11.07,2.43,1.23,2.091260348038859,242.821
2017-02-14,0.4007335176634763,10.74,2.47,1.22,2.091260348038859,242.821
2017-02-15,0.4992308919898214,11.97,2.51,1.24,2.653386420682202,244.158
2017-02-16,-0.0864118036341343,11.76,2.45,1.23,2.653386420682202,244.158
2017-02-17,0.1678556528755814,11.49,2.42,1.21,2.653386420682202,244.158
2017-02-21,0.6048066160828425,11.57,2.43,1.21,2.653386420682202,244.158
2017-02-22,-0.1082200145408052,11.74,2.42,1.2,2.541294460053667,244.158
2017-02-23,0.0418986721685721,11.71,2.38,1.2,2.541294460053667,244.158
2017-02-24,0.1493364191442303,11.47,2.31,1.19,2.541294460053667,244.158
2017-02-27,0.1017983061116556,12.09,2.36,1.16,2.541294460053667,244.158
2017-02-28,-0.2578376378046254,12.92,2.36,1.14,2.541294460053667,244.158
2017-03-01,1.3673854659866258,12.54,2.46,1.17,2.541294460053667,244.158
2017-03-02,-0.5859880503598425,11.81,2.49,1.17,2.541294460053667,244.158
2017-03-03,0.0503877272060027,10.96,2.49,1.17,2.541294460053667,244.158
2017-03-06,-0.3277240848005291,11.24,2.49,1.18,2.541294460053667,244.158
2017-03-07,-0.2913373768021698,11.45,2.52,1.2,2.541294460053667,244.158
2017-03-08,-0.228421516504873,11.86,2.57,1.21,2.541294460053667,244.158
2017-03-09,0.0799895358561286,12.3,2.6,1.23,2.541294460053667,244.158
2017-03-10,0.3268670195698986,11.66,2.58,1.22,2.541294460053667,244.158
2017-03-13,0.0366632812556222,11.35,2.62,1.22,2.541294460053667,244.158
2017-03-14,-0.3379027175504645,12.3,2.6,1.2,2.541294460053667,244.158
2017-03-15,0.8374752796581397,11.63,2.51,1.18,2.66644827745508,244.456
2017-03-16,-0.1626710269420961,11.21,2.53,1.18,2.66644827745508,244.456
2017-03-17,-0.1314314795001769,11.28,2.5,1.17,2.66644827745508,244.456
2017-03-20,-0.2009893533848394,11.34,2.47,1.17,2.8392096151985458,244.456
2017-03-21,-1.24079729406269,12.47,2.43,1.16,2.8392096151985458,244.456
2017-03-22,0.1889886436000187,12.81,2.4,1.13,2.8392096151985458,244.456
2017-03-23,-0.1060269661328106,13.12,2.41,1.15,2.8392096151985458,244.456
2017-03-24,-0.0843995848914147,12.96,2.4,1.14,2.8392096151985458,244.456
2017-03-27,-0.1019587452981141,12.5,2.38,1.11,2.8392096151985458,244.456
2017-03-28,0.7251474353500598,11.53,2.42,1.12,2.8392096151985458,244.456
2017-03-29,0.1085324742930105,11.42,2.39,1.13,2.8392096151985458,244.456
2017-03-30,0.2935109936855751,11.54,2.42,1.14,2.8392096151985458,244.456
2017-03-31,-0.2255047489714501,12.37,2.4,1.13,2.8392096151985458,244.456
2017-04-03,-0.1642125542006267,12.38,2.35,1.11,2.8392096151985458,244.456
2017-04-04,0.0559522549038238,11.79,2.36,1.11,2.8392096151985458,244.456
2017-04-05,-0.3054861198390601,12.89,2.34,1.1,2.8392096151985458,244.456
2017-04-06,0.1929509405943275,12.39,2.34,1.1,2.8392096151985458,244.456
2017-04-07,-0.0827130202016745,12.87,2.38,1.09,2.8392096151985458,244.456
2017-04-10,0.0687686483783922,14.05,2.37,1.08,2.8392096151985458,244.456
2017-04-11,-0.1433879303282093,15.07,2.32,1.08,2.8392096151985458,244.456
2017-04-12,-0.3759951034546627,15.77,2.28,1.04,2.8392096151985458,244.456
2017-04-13,-0.6814694227374907,15.96,2.24,1.03,2.8392096151985458,244.456
2017-04-17,0.8613348940219367,14.66,2.26,1.05,2.54304669193588,243.752
2017-04-18,-0.2903379862589594,14.42,2.18,1.0,2.451244115669149,243.752
2017-04-19,-0.1716350779320863,14.93,2.21,1.02,2.451244115669149,243.752
2017-04-20,0.7557263417987681,14.15,2.24,1.03,2.451244115669149,243.752
2017-04-21,-0.3035072932635718,14.63,2.24,1.04,2.451244115669149,243.752
2017-04-24,1.084006896297951,10.84,2.28,1.03,2.451244115669149,243.752
2017-04-25,0.6090687476747014,10.76,2.35,1.06,2.451244115669149,243.752
2017-04-26,-0.0485703483542709,10.85,2.32,1.04,2.451244115669149,243.752
2017-04-27,0.0552919804131191,10.36,2.3,1.05,2.451244115669149,243.752
2017-04-28,-0.1913147068160148,10.82,2.29,1.01,2.451244115669149,243.752
2017-05-01,0.1732290511580192,10.11,2.33,1.05,2.451244115669149,243.752
2017-05-02,0.1189049945822251,10.59,2.29,1.02,2.451244115669149,243.752
2017-05-03,-0.1271360531382104,10.68,2.33,1.03,2.451244115669149,243.752
2017-05-04,0.0582102643895021,10.46,2.36,1.04,2.451244115669149,243.752
2017-05-05,0.4088695408028586,10.57,2.36,1.04,2.451244115669149,243.752
2017-05-08,0.0037445972990823,9.77,2.39,1.06,2.451244115669149,243.752
2017-05-09,-0.1025248629915376,9.96,2.42,1.05,2.451244115669149,243.752
2017-05-10,0.113060136584786,10.21,2.41,1.06,2.451244115669149,243.752
2017-05-11,-0.2162809124616749,10.6,2.39,1.04,2.451244115669149,243.752
2017-05-12,-0.147844136797226,10.4,2.33,1.04,2.6218897108271744,244.158
2017-05-15,0.4776513648450997,10.42,2.34,1.03,2.6218897108271744,244.158
2017-05-16,-0.068689701514335,10.65,2.33,1.04,2.6218897108271744,244.158
2017-05-17,-1.8178214414433456,15.59,2.22,0.96,2.6218897108271744,244.158
2017-05-18,0.3686818283279214,14.66,2.23,0.96,2.6218897108271744,244.158
2017-05-19,0.6767499942466504,12.04,2.23,0.95,2.205199045585826,244.158
2017-05-22,0.5160131149745784,10.93,2.25,0.96,2.205199045585826,244.158
2017-05-23,0.1837871992654172,10.72,2.29,0.98,2.205199045585826,244.158
2017-05-24,0.2489126548973042,10.02,2.26,0.97,2.205199045585826,244.158
2017-05-25,0.444194837709877,9.99,2.25,0.95,2.205199045585826,244.158
2017-05-26,0.0310549995971465,9.81,2.25,0.95,2.205199045585826,244.158
2017-05-30,-0.1204624586125024,10.38,2.21,0.93,2.205199045585826,244.158
2017-05-31,-0.0459968801852062,10.41,2.21,0.93,2.205199045585826,244.158
2017-06-01,0.7571112611303388,9.89,2.21,0.93,2.205199045585826,244.158
2017-06-02,0.370773131049229,9.75,2.15,0.87,2.205199045585826,244.158
2017-06-05,-0.1217665183814387,10.07,2.18,0.86,2.205199045585826,244.158
2017-06-06,-0.2779039965460916,10.45,2.14,0.84,2.205199045585826,244.158
2017-06-07,0.1568257227550384,10.39,2.18,0.86,2.205199045585826,244.158
2017-06-08,0.0267204728490177,10.16,2.19,0.86,2.205199045585826,244.158
2017-06-09,-0.0829989234415684,10.7,2.21,0.86,2.205199045585826,244.158
2017-06-12,-0.0978763178264618,11.46,2.21,0.86,2.205199045585826,244.158
2017-06-13,0.4511505177332342,10.42,2.21,0.83,2.205199045585826,244.158
2017-06-14,-0.099583079640253,10.64,2.15,0.8,2.0745950018837167,243.846
2017-06-15,-0.223959814615271,10.9,2.16,0.81,2.0745950018837167,243.846
2017-06-16,0.0283639368100496,10.38,2.16,0.84,2.0745950018837167,243.846
2017-06-19,0.8347228657875183,10.37,2.19,0.83,2.0745950018837167,243.846
2017-06-20,-0.66966373620162,10.86,2.16,0.8,1.852888350528392,243.846
2017-06-21,-0.0582644390069164,10.75,2.16,0.8,1.852888350528392,243.846
2017-06-22,-0.0455782072217636,10.48,2.15,0.81,1.852888350528392,243.846
2017-06-23,0.1560915517816896,10.02,2.15,0.81,1.852888350528392,243.846
2017-06-26,0.0315801794623205,9.9,2.14,0.78,1.852888350528392,243.846
2017-06-27,-0.8072824886133589,11.06,2.21,0.83,1.852888350528392,243.846
2017-06-28,0.8808066374833778,10.03,2.22,0.88,1.852888350528392,243.846
2017-06-29,-0.8600023246820632,11.44,2.27,0.89,1.852888350528392,243.846
2017-06-30,0.1533231810705748,11.18,2.31,0.93,1.852888350528392,243.846
2017-07-03,0.2310833849555216,11.22,2.35,0.94,1.852888350528392,243.846
2017-07-05,0.1453279024245635,11.07,2.33,0.92,1.852888350528392,243.846
2017-07-06,-0.9368823820586792,12.54,2.37,0.97,1.852888350528392,243.846
2017-07-07,0.6403125486305727,11.19,2.39,0.99,1.852888350528392,243.846
2017-07-10,0.0927766212578617,11.11,2.38,0.98,1.852888350528392,243.846
2017-07-11,-0.0782680611697839,10.89,2.37,1.0,1.852888350528392,243.846
2017-07-12,0.7305607635895495,10.3,2.33,0.98,1.852888350528392,243.846
2017-07-13,0.1874584313926064,9.9,2.35,0.98,1.852888350528392,243.846
2017-07-14,0.4673503078699292,9.51,2.33,0.98,1.8294975147236991,243.79
2017-07-17,-0.0052912836773333,9.82,2.31,0.95,1.8294975147236991,243.79
2017-07-18,0.0597857343613172,9.89,2.27,0.91,1.8294975147236991,243.79
2017-07-19,0.5372639356088893,9.79,2.27,0.9,1.6100730638902716,243.79
2017-07-20,-0.0153659281810103,9.58,2.27,0.9,1.6100730638902716,243.79
2017-07-21,-0.0367871647835027,9.36,2.24,0.88,1.6100730638902716,243.79
2017-07-24,-0.1063734827979723,9.43,2.26,0.89,1.6100730638902716,243.79
2017-07-25,0.2923171678338221,9.43,2.33,0.93,1.6100730638902716,243.79
2017-07-26,0.0282663948046657,9.6,2.29,0.93,1.6100730638902716,243.79
2017-07-27,-0.0972688269174515,10.11,2.32,0.96,1.6100730638902716,243.79
2017-07-28,-0.1341115577770502,10.29,2.3,0.96,1.6100730638902716,243.79
2017-07-31,-0.0728145607789776,10.26,2.3,0.96,1.6100730638902716,243.79
2017-08-01,0.2449114969250487,10.09,2.26,0.92,1.6100730638902716,243.79
2017-08-02,0.0492648718886545,10.28,2.27,0.91,1.6100730638902716,243.79
2017-08-03,-0.2183654185644257,10.44,2.24,0.9,1.6100730638902716,243.79
2017-08-04,0.1889103529569169,10.03,2.27,0.91,1.6100730638902716,243.79
2017-08-07,0.1647199789928111,9.93,2.26,0.9,1.6100730638902716,243.79
2017-08-08,-0.2414432787396947,10.96,2.29,0.93,1.6100730638902716,243.79
2017-08-09,-0.0363608671050785,11.11,2.24,0.91,1.6100730638902716,243.79
2017-08-10,-1.4474441722801767,16.04,2.2,0.87,1.6100730638902716,243.79
2017-08-11,0.1275569976212809,15.51,2.19,0.89,1.7176057717555704,244.048
2017-08-14,1.0043754544535322,12.33,2.22,0.89,1.7176057717555704,244.048
2017-08-15,-0.0498807880847662,12.04,2.27,0.92,1.7176057717555704,244.048
2017-08-16,0.1420102915856924,11.74,2.23,0.9,1.7176057717555704,244.048
2017-08-17,-1.543695216095864,15.55,2.19,0.87,1.7176057717555704,244.048
2017-08-18,-0.1835367311071367,14.26,2.19,0.86,1.759594375969442,244.048
2017-08-21,0.1162651069903653,13.19,2.18,0.86,1.759594375969442,244.048
2017-08-22,0.994077978775465,11.35,2.22,0.89,1.759594375969442,244.048
2017-08-23,-0.345359271497303,12.25,2.17,0.85,1.759594375969442,244.048
2017-08-24,-0.2074462070318583,12.23,2.19,0.86,1.759594375969442,244.048
2017-08-25,0.1672869356330597,11.28,2.17,0.82,1.759594375969442,244.048
2017-08-28,0.0487072054385695,11.32,2.16,0.83,1.759594375969442,244.048
2017-08-29,0.0842821736810162,11.7,2.13,0.8,1.759594375969442,244.048
2017-08-30,0.4615148933961865,11.22,2.15,0.82,1.759594375969442,244.048
2017-08-31,0.5720976220730423,10.59,2.12,0.79,1.759594375969442,244.048
2017-09-01,0.1982540682532896,10.13,2.16,0.81,1.759594375969442,244.048
2017-09-05,-0.7550806889900619,12.23,2.07,0.77,1.759594375969442,244.048
2017-09-06,0.3128726773688584,11.63,2.1,0.8,1.759594375969442,244.048
2017-09-07,-0.0178436123234648,11.55,2.05,0.78,1.759594375969442,244.048
2017-09-08,-0.1488850703918465,12.12,2.06,0.79,1.759594375969442,244.048
2017-09-11,1.083929931877714,10.73,2.14,0.82,1.759594375969442,244.048
2017-09-12,0.3363948010945305,10.58,2.17,0.84,1.759594375969442,244.048
2017-09-13,0.0757120719387938,10.5,2.2,0.85,1.759594375969442,244.048
2017-09-14,-0.1100717616289714,10.44,2.2,0.83,2.1690544890504926,245.03
2017-09-15,0.1847181487880211,10.17,2.2,0.81,2.1690544890504926,245.03
2017-09-18,0.1455920754164896,10.15,2.23,0.83,2.1690544890504926,245.03
2017-09-19,0.111019542793711,10.18,2.24,0.84,2.1690544890504926,245.03
2017-09-20,0.0634347815839042,9.78,2.28,0.83,1.9662512224048576,245.03
2017-09-21,-0.3045917698414113,9.67,2.27,0.82,1.9662512224048576,245.03
2017-09-22,0.0647793722952094,9.59,2.26,0.8,1.9662512224048576,245.03
2017-09-25,-0.2222050282888465,10.21,2.22,0.78,1.9662512224048576,245.03
2017-09-26,0.0072166729788047,10.17,2.24,0.79,1.9662512224048576,245.03
2017-09-27,0.4085143947080816,9.87,2.31,0.84,1.9662512224048576,245.03
2017-09-28,0.1204615596159142,9.55,2.31,0.86,1.9662512224048576,245.03
2017-09-29,0.3705110081443807,9.51,2.33,0.86,1.9662512224048576,245.03
2017-10-02,0.3874003457017716,9.45,2.34,0.85,1.9662512224048576,245.03
2017-10-03,0.2158838127297668,9.51,2.33,0.86,1.9662512224048576,245.03
2017-10-04,0.12467201713795,9.63,2.33,0.86,1.9662512224048576,245.03
2017-10-05,0.5646787369921524,9.19,2.35,0.86,1.9662512224048576,245.03
2017-10-06,-0.1073634406964507,9.65,2.37,0.83,1.9662512224048576,245.03
2017-10-10,0.2322412261707374,10.08,2.35,0.84,1.9662512224048576,245.03
2017-10-11,0.18035072962026,9.85,2.35,0.84,1.9662512224048576,245.03
2017-10-12,-0.168675295088605,9.91,2.33,0.82,1.9662512224048576,245.03
2017-10-13,0.0878107315528842,9.61,2.28,0.77,2.525124321175176,246.373
2017-10-16,0.1750753314468944,9.91,2.3,0.76,2.525124321175176,246.373
2017-10-17,0.0672578985314364,10.31,2.3,0.76,2.525124321175176,246.373
2017-10-18,0.0742334905604158,10.07,2.34,0.75,2.525124321175176,246.373
2017-10-19,0.0327997894560505,10.05,2.33,0.75,2.525124321175176,246.373
2017-10-20,0.5116842738986938,9.97,2.39,0.79,2.228612210687042,246.373
2017-10-23,-0.3972484039719171,11.07,2.38,0.8,2.228612210687042,246.373
2017-10-24,0.1617908278173541,11.16,2.42,0.82,2.228612210687042,246.373
2017-10-25,-0.4663049754275228,11.23,2.44,0.83,2.228612210687042,246.373
2017-10-26,0.1270946219078306,11.3,2.46,0.83,2.228612210687042,246.373
2017-10-27,0.8073022498049642,9.8,2.42,0.83,2.228612210687042,246.373
2017-10-30,-0.3192470570786421,10.5,2.37,0.79,2.228612210687042,246.373
2017-10-31,0.0944458657135882,10.18,2.38,0.78,2.228612210687042,246.373
2017-11-01,0.1592110171672711,10.2,2.37,0.76,2.228612210687042,246.373
2017-11-02,0.0189965810886594,9.93,2.35,0.74,2.228612210687042,246.373
2017-11-03,0.309707538497439,9.14,2.34,0.71,2.228612210687042,246.373
2017-11-06,0.1271251240472448,9.4,2.32,0.71,2.228612210687042,246.373
2017-11-07,-0.0189102922869777,9.89,2.32,0.69,2.228612210687042,246.373
2017-11-08,0.1443655000098465,9.78,2.32,0.67,2.228612210687042,246.373
2017-11-09,-0.3761887644002093,10.5,2.33,0.7,2.228612210687042,246.373
2017-11-10,-0.0897643852551755,11.29,2.4,0.73,2.228612210687042,246.373
2017-11-13,0.0983634362572427,11.5,2.4,0.7,2.228612210687042,246.373
2017-11-14,-0.2309609298885795,11.59,2.38,0.7,2.228612210687042,246.373
2017-11-15,-0.5525675723266343,13.13,2.33,0.65,2.3389847387158547,246.639
2017-11-16,0.8196058063241196,11.76,2.37,0.65,2.3389847387158547,246.639
2017-11-17,-0.2625963089974203,11.43,2.35,0.62,2.3389847387158547,246.639
2017-11-20,0.1275682880856443,10.65,2.37,0.6,1.9746716116148424,246.639
2017-11-21,0.6541139295859866,9.73,2.36,0.59,1.9746716116148424,246.639
2017-11-22,-0.0750261116606809,9.88,2.32,0.58,1.9746716116148424,246.639
2017-11-24,0.2056095148923908,9.67,2.34,0.59,1.9746716116148424,246.639
2017-11-27,-0.0384257740879689,9.87,2.32,0.58,1.9746716116148424,246.639
2017-11-28,0.984851271879017,10.03,2.34,0.59,1.9746716116148424,246.639
2017-11-29,-0.0369225702197995,10.7,2.37,0.59,1.9746716116148424,246.639
2017-11-30,0.8190950433802913,11.28,2.42,0.64,1.9746716116148424,246.639
2017-12-01,-0.2024530803113933,11.43,2.37,0.59,1.9746716116148424,246.639
2017-12-04,-0.1052156643920554,11.68,2.37,0.57,1.9746716116148424,246.639
2017-12-05,-0.3739381560474708,11.33,2.36,0.53,1.9746716116148424,246.639
2017-12-06,-0.0114105659984264,11.02,2.33,0.55,1.9746716116148424,246.639
2017-12-07,0.2932357985382827,10.16,2.37,0.57,1.9746716116148424,246.639
2017-12-08,0.5506306319651655,9.58,2.38,0.58,1.9746716116148424,246.639
2017-12-11,0.3201957471006933,9.34,2.39,0.57,1.9746716116148424,246.639
2017-12-12,0.1548922064604108,9.92,2.4,0.57,1.9746716116148424,246.639
2017-12-13,-0.0472957090667858,10.18,2.36,0.57,2.3686963280865614,247.592
2017-12-14,-0.4070859227173984,10.49,2.35,0.53,2.3686963280865614,247.592
2017-12-15,0.8974343513216354,9.42,2.35,0.51,2.3686963280865614,247.592
2017-12-18,0.5362807225250732,9.53,2.39,0.55,2.1638305247000167,247.592
2017-12-19,-0.3230269459868706,10.03,2.46,0.59,2.1638305247000167,247.592
2017-12-20,-0.0827893180747718,9.72,2.49,0.62,2.1638305247000167,247.592
2017-12-21,0.1985655821358678,9.62,2.48,0.59,2.1638305247000167,247.592
2017-12-22,-0.045816664770526,9.9,2.48,0.57,2.1638305247000167,247.592
2017-12-26,-0.1058415183167293,10.25,2.47,0.55,2.1638305247000167,247.592
2017-12-27,0.0790940939190409,10.47,2.42,0.53,2.1638305247000167,247.592
2017-12-28,0.1833998725156105,10.18,2.43,0.52,2.1638305247000167,247.592
2017-12-29,-0.5183153157965359,11.04,2.4,0.51,2.1638305247000167,247.592
2018-01-02,0.8303361477520088,9.77,2.46,0.54,2.1638305247000167,247.592
2018-01-03,0.6398818768781567,9.15,2.44,0.5,2.1638305247000167,247.592
2018-01-04,0.4028636080503966,9.22,2.46,0.5,2.1638305247000167,247.592
2018-01-05,0.7033767443369587,9.22,2.47,0.51,2.1638305247000167,247.592
2018-01-08,0.1662343931643661,9.52,2.49,0.53,2.1638305247000167,247.592
2018-01-09,0.1302931596091294,10.08,2.55,0.57,2.1638305247000167,247.592
2018-01-10,-0.1112226828252849,9.82,2.55,0.57,2.1638305247000167,247.592
2018-01-11,0.7033646478779465,9.88,2.54,0.56,2.1638305247000167,247.592
2018-01-12,0.6749602987881076,10.16,2.55,0.56,2.3169161701354968,247.963
2018-01-16,-0.3524487622672101,11.66,2.54,0.51,2.3169161701354968,247.963
2018-01-17,0.9415051560751176,11.91,2.57,0.52,2.3169161701354968,247.963
2018-01-18,-0.1616389730162648,12.22,2.62,0.57,2.3169161701354968,247.963
2018-01-19,0.4385235112838836,11.27,2.64,0.58,2.028950920043449,247.963
2018-01-22,0.8066726499347698,11.03,2.66,0.58,2.028950920043449,247.963
2018-01-23,0.2174365479718165,11.1,2.63,0.57,2.028950920043449,247.963
2018-01-24,-0.0559975702282833,11.47,2.65,0.57,2.028950920043449,247.963
2018-01-25,0.0602620901893891,11.58,2.63,0.55,2.028950920043449,247.963
2018-01-26,1.1841196508761032,11.08,2.66,0.53,2.028950920043449,247.963
2018-01-29,-0.6731974332887192,13.84,2.7,0.59,2.028950920043449,247.963
2018-01-30,-1.089881562028394,14.79,2.73,0.6,2.028950920043449,247.963
2018-01-31,0.0488985373083394,13.54,2.72,0.58,2.028950920043449,247.963
2018-02-01,-0.0648088252051648,13.47,2.78,0.62,2.028950920043449,247.963
2018-02-02,-2.120854792396809,17.31,2.84,0.69,2.028950920043449,247.963
2018-02-05,-4.097922480422822,37.32,2.77,0.69,2.028950920043449,247.963
2018-02-06,1.7440920592313836,29.98,2.79,0.69,2.028950920043449,247.963
2018-02-07,-0.5001588416939429,27.73,2.84,0.69,2.028950920043449,247.963
2018-02-08,-3.753641975808808,33.46,2.85,0.72,2.028950920043449,247.963
2018-02-09,1.4936090208494734,29.06,2.83,0.78,2.028950920043449,247.963
2018-02-12,1.3914584754042505,25.61,2.86,0.77,2.028950920043449,247.963
2018-02-13,0.2612929746329095,24.97,2.83,0.73,2.028950920043449,247.963
2018-02-14,1.3402458257245842,19.26,2.91,0.74,2.645570193681768,249.245
2018-02-15,1.2069112762299383,19.13,2.9,0.71,2.645570193681768,249.245
2018-02-16,0.0373469372248802,19.46,2.87,0.66,2.083486922402722,249.245
2018-02-20,-0.5841389459353419,20.6,2.88,0.63,2.083486922402722,249.245
2018-02-21,-0.5496503128179286,20.02,2.94,0.68,2.083486922402722,249.245
2018-02-22,0.0973551079076262,18.72,2.92,0.67,2.083486922402722,249.245
2018-02-23,1.602837635051313,16.49,2.88,0.63,2.083486922402722,249.245
2018-02-26,1.1757015343810906,15.8,2.86,0.64,2.083486922402722,249.245
2018-02-27,-1.2706888443829278,18.59,2.9,0.63,2.083486922402722,249.245
2018-02-28,-1.1095788639207016,19.85,2.87,0.62,2.083486922402722,249.245
2018-03-01,-1.3324399541987275,22.47,2.81,0.59,2.083486922402722,249.245
2018-03-02,0.5071602744632031,19.59,2.86,0.61,2.083486922402722,249.245
2018-03-05,1.1032026532745045,18.73,2.88,0.64,2.083486922402722,249.245
2018-03-06,0.2638858606169414,18.36,2.88,0.63,2.083486922402722,249.245
2018-03-07,-0.0483874720566102,17.76,2.89,0.64,2.083486922402722,249.245
2018-03-08,0.4463078207817217,16.54,2.86,0.61,2.083486922402722,249.245
2018-03-09,1.737883151892694,14.64,2.9,0.63,2.083486922402722,249.245
2018-03-12,-0.1273985129042532,15.78,2.87,0.6,2.083486922402722,249.245
2018-03-13,-0.6363576551088879,16.35,2.84,0.58,2.236666420924172,249.619
2018-03-14,-0.5724521948562322,17.23,2.81,0.55,2.236666420924172,249.619
2018-03-15,-0.0781930531963182,16.59,2.82,0.53,2.236666420924172,249.619
2018-03-16,0.1703447167811456,15.8,2.85,0.54,2.112036521909877,249.619
2018-03-19,-1.4204195388793028,19.02,2.85,0.54,2.112036521909877,249.619
2018-03-20,0.1481805452064888,18.2,2.89,0.55,2.112036521909877,249.619
2018-03-21,-0.1843989883350882,17.86,2.89,0.58,2.112036521909877,249.619
2018-03-22,-2.5162888405856454,23.34,2.83,0.54,2.112036521909877,249.619
2018-03-23,-2.096688071186603,24.87,2.82,0.54,2.112036521909877,249.619
2018-03-26,2.715725576151251,21.03,2.85,0.52,2.112036521909877,249.619
2018-03-27,-1.7276308813847896,22.5,2.78,0.52,2.112036521909877,249.619
2018-03-28,-0.291665716625622,22.87,2.77,0.49,2.112036521909877,249.619
2018-03-29,1.3769718690019197,19.97,2.74,0.47,2.112036521909877,249.619
2018-04-02,-2.2337423560165104,23.62,2.73,0.48,2.112036521909877,249.619
2018-04-03,1.2614865848792125,21.1,2.79,0.51,2.112036521909877,249.619
2018-04-04,1.156648273982852,20.06,2.79,0.51,2.112036521909877,249.619
2018-04-05,0.6862863657553842,18.94,2.83,0.53,2.112036521909877,249.619
2018-04-06,-2.1920248779842444,21.49,2.77,0.5,2.112036521909877,249.619
2018-04-09,0.3336548896320623,21.77,2.78,0.49,2.112036521909877,249.619
2018-04-10,1.67269537832615,20.47,2.8,0.48,2.112036521909877,249.619
2018-04-11,-0.5525364482924067,20.24,2.79,0.47,2.047812285237427,249.462
2018-04-12,0.8250750063987677,18.49,2.83,0.49,2.047812285237427,249.462
2018-04-13,-0.2886625488248695,17.41,2.82,0.45,2.047812285237427,249.462
2018-04-16,0.8109038386684864,16.56,2.83,0.44,2.047812285237427,249.462
2018-04-17,1.0661504701720004,15.25,2.82,0.41,2.047812285237427,249.462
2018-04-18,0.0831365800681771,15.6,2.87,0.45,2.342544881683017,249.462
2018-04-19,-0.5726124690152989,15.96,2.92,0.48,2.342544881683017,249.462
2018-04-20,-0.853653230061302,16.88,2.96,0.5,2.342544881683017,249.462
2018-04-23,0.0056231692126873,16.34,2.98,0.49,2.342544881683017,249.462
2018-04-24,-1.338056164164636,18.02,3.0,0.52,2.342544881683017,249.462
2018-04-25,0.1837059563023713,17.84,3.03,0.54,2.342544881683017,249.462
2018-04-26,1.0434204774367295,16.24,3.0,0.51,2.342544881683017,249.462
2018-04-27,0.1113624891589726,15.41,2.96,0.47,2.342544881683017,249.462
2018-04-30,-0.8187490964434607,15.93,2.95,0.46,2.342544881683017,249.462
2018-05-01,0.254904547706225,15.49,2.97,0.47,2.342544881683017,249.462
2018-05-02,-0.7205863568357729,15.97,2.97,0.48,2.342544881683017,249.462
2018-05-03,-0.2253674239308556,15.9,2.94,0.45,2.342544881683017,249.462
2018-05-04,1.281117896379791,14.77,2.95,0.44,2.342544881683017,249.462
2018-05-07,0.3457945501517567,14.75,2.95,0.46,2.342544881683017,249.462
2018-05-08,-0.0265641322828025,14.71,2.97,0.46,2.342544881683017,249.462
2018-05-09,0.968222025506882,13.42,3.0,0.46,2.342544881683017,249.462
2018-05-10,0.9370643723504825,13.23,2.97,0.43,2.5685943089697627,250.013
2018-05-11,0.1707595554657048,12.65,2.97,0.43,2.5685943089697627,250.013
2018-05-14,0.0883489557307326,12.93,3.0,0.45,2.5685943089697627,250.013
2018-05-15,-0.6842140279927467,14.63,3.08,0.5,2.398037336478853,250.013
2018-05-16,0.4060561678767671,13.42,3.09,0.51,2.398037336478853,250.013
2018-05-17,-0.0855872320780659,13.43,3.11,0.54,2.398037336478853,250.013
2018-05-18,-0.263219493841671,13.42,3.06,0.51,2.398037336478853,250.013
2018-05-21,0.7386752997235124,13.08,3.06,0.48,2.398037336478853,250.013
2018-05-22,-0.3135761789657687,13.22,3.06,0.47,2.398037336478853,250.013
2018-05-23,0.3248409892156356,12.58,3.01,0.48,2.398037336478853,250.013
2018-05-24,-0.2023213496498033,12.53,2.98,0.48,2.398037336478853,250.013
2018-05-25,-0.2357220436403961,13.22,2.93,0.45,2.398037336478853,250.013
2018-05-29,-1.1564187290653003,17.02,2.77,0.45,2.398037336478853,250.013
2018-05-30,1.2695791223314323,14.94,2.84,0.42,2.398037336478853,250.013
2018-05-31,-0.6879559974886984,15.43,2.83,0.43,2.398037336478853,250.013
2018-06-01,1.0849230370481022,13.46,2.89,0.42,2.398037336478853,250.013
2018-06-04,0.4479598435997323,12.74,2.94,0.42,2.398037336478853,250.013
2018-06-05,0.0702592972470439,12.4,2.92,0.43,2.398037336478853,250.013
2018-06-06,0.8567392465728796,11.64,2.97,0.45,2.398037336478853,250.013
2018-06-07,-0.071418846790805,12.13,2.93,0.43,2.398037336478853,250.013
2018-06-08,0.3125904389326361,12.18,2.93,0.43,2.398037336478853,250.013
2018-06-11,0.1068707668436586,12.35,2.96,0.44,2.398037336478853,250.013
2018-06-12,0.1743385210729586,12.34,2.96,0.42,2.61183332104622,250.535
2018-06-13,-0.4026127868587581,12.94,2.98,0.39,2.61183332104622,250.535
2018-06-14,0.2471549778432225,12.12,2.94,0.35,2.61183332104622,250.535
2018-06-15,-0.1017102715529127,11.98,2.93,0.38,2.7431247590692376,250.535
2018-06-18,-0.2126127762475116,12.31,2.92,0.36,2.7431247590692376,250.535
2018-06-19,-0.4023402292699374,13.35,2.89,0.35,2.7431247590692376,250.535
2018-06-20,0.1712154289368994,12.79,2.93,0.37,2.7431247590692376,250.535
2018-06-21,-0.6345510515579966,14.64,2.9,0.34,2.7431247590692376,250.535
2018-06-22,0.1861934506535822,13.77,2.9,0.34,2.7431247590692376,250.535
2018-06-25,-1.3724668973416176,17.33,2.87,0.33,2.7431247590692376,250.535
2018-06-26,0.2204577019977893,15.92,2.88,0.35,2.7431247590692376,250.535
2018-06-27,-0.8604355128821406,17.91,2.83,0.31,2.7431247590692376,250.535
2018-06-28,0.617868985946779,16.85,2.84,0.32,2.7431247590692376,250.535
2018-06-29,0.0758403330000101,16.09,2.85,0.33,2.7431247590692376,250.535
2018-07-02,0.3067957412152822,15.6,2.87,0.3,2.7431247590692376,250.535
2018-07-03,-0.494735062681062,16.14,2.83,0.3,2.7431247590692376,250.535
2018-07-05,0.8620803683929923,14.97,2.84,0.29,2.7431247590692376,250.535
2018-07-06,0.8481281595267509,13.37,2.82,0.29,2.7431247590692376,250.535
2018-07-09,0.8822985887663393,12.69,2.86,0.29,2.7431247590692376,250.535
2018-07-10,0.3473267180873929,12.64,2.87,0.28,2.7431247590692376,250.535
2018-07-11,-0.7094202866256172,13.63,2.85,0.27,2.7431247590692376,250.535
2018-07-12,0.8749042674663476,12.58,2.85,0.25,2.875175315568024,250.857
2018-07-13,0.1079237494717277,12.18,2.83,0.24,2.875175315568024,250.857
2018-07-16,-0.1028135726814483,12.83,2.85,0.26,2.875175315568024,250.857
2018-07-17,0.397369863071062,12.06,2.86,0.24,2.8988063497272343,250.857
2018-07-18,0.2160512627958688,12.1,2.88,0.28,2.8988063497272343,250.857
2018-07-19,-0.3952993120479142,12.87,2.84,0.24,2.8988063497272343,250.857
2018-07-20,-0.0948447710149458,12.86,2.89,0.29,2.8988063497272343,250.857
2018-07-23,0.1838049489138349,12.62,2.96,0.32,2.8988063497272343,250.857
2018-07-24,0.4780911145920941,12.41,2.95,0.32,2.8988063497272343,250.857
2018-07-25,0.9101605057599604,12.29,2.94,0.28,2.8988063497272343,250.857
2018-07-26,-0.3032296024285785,12.14,2.98,0.29,2.8988063497272343,250.857
2018-07-27,-0.656220869212365,13.03,2.96,0.29,2.8988063497272343,250.857
2018-07-30,-0.5754170294581917,14.26,2.98,0.32,2.8988063497272343,250.857
2018-07-31,0.4884728797982518,12.83,2.96,0.29,2.8988063497272343,250.857
2018-08-01,-0.1040351526293892,13.15,3.0,0.33,2.8988063497272343,250.857
2018-08-02,0.4926444803381669,12.19,2.98,0.32,2.8988063497272343,250.857
2018-08-03,0.4644183009877123,11.64,2.95,0.32,2.8988063497272343,250.857
2018-08-06,0.3538227451535869,11.27,2.94,0.3,2.8988063497272343,250.857
2018-08-07,0.2824182256498719,10.93,2.98,0.3,2.8988063497272343,250.857
2018-08-08,-0.0262379965649706,10.85,2.96,0.28,2.8988063497272343,250.857
2018-08-09,-0.1441674464523701,11.27,2.93,0.29,2.8988063497272343,250.857
2018-08-10,-0.7113887913551609,13.16,2.87,0.26,3.0747774724147803,251.286
2018-08-13,-0.4005992185342366,14.78,2.88,0.27,3.0747774724147803,251.286
2018-08-14,0.6389254777276809,13.31,2.89,0.26,2.9658100045892644,251.286
2018-08-15,-0.7602164835758152,14.64,2.86,0.25,2.9658100045892644,251.286
2018-08-16,0.7919408484583057,13.45,2.87,0.24,2.9658100045892644,251.286
2018-08-17,0.3323115722223768,12.64,2.87,0.26,2.9658100045892644,251.286
2018-08-20,0.2428017774683377,12.49,2.82,0.22,2.9658100045892644,251.286
2018-08-21,0.2068536430364309,12.86,2.85,0.24,2.9658100045892644,251.286
2018-08-22,-0.0398151770781951,12.25,2.82,0.22,2.9658100045892644,251.286
2018-08-23,-0.1691262125155135,12.41,2.82,0.21,2.9658100045892644,251.286
2018-08-24,0.6198839704363079,11.99,2.82,0.19,2.9658100045892644,251.286
2018-08-27,0.7670409427647185,12.16,2.85,0.18,2.9658100045892644,251.286
2018-08-28,0.02692783264997,12.5,2.88,0.21,2.9658100045892644,251.286
2018-08-29,0.5701434129840033,12.25,2.89,0.22,2.9658100045892644,251.286
2018-08-30,-0.4430329054144866,13.53,2.86,0.22,2.9658100045892644,251.286
2018-08-31,0.0134477508594521,12.86,2.86,0.24,2.9658100045892644,251.286
2018-09-04,-0.1654322146948494,13.16,2.9,0.24,2.9658100045892644,251.286
2018-09-05,-0.2803126684318036,13.91,2.9,0.24,2.9658100045892644,251.286
2018-09-06,-0.3652305086012108,14.65,2.88,0.24,2.9658100045892644,251.286
2018-09-07,-0.2213344827027508,14.88,2.94,0.23,2.9658100045892644,251.286
2018-09-10,0.1897826812740088,14.16,2.94,0.21,2.9658100045892644,251.286
2018-09-11,0.3739841510076891,13.22,2.98,0.22,2.9658100045892644,251.286
2018-09-12,0.0356671942210118,13.14,2.97,0.23,2.9658100045892644,251.286
2018-09-13,0.5282254329749936,12.37,2.97,0.21,3.195273061037174,251.846
2018-09-14,0.0275481838920788,12.07,2.99,0.21,3.195273061037174,251.846
2018-09-17,-0.5569722252617426,13.68,2.99,0.21,2.781700199975523,251.846
2018-09-18,0.5369014643958003,12.79,3.05,0.24,2.781700199975523,251.846
2018-09-19,0.125327272387965,11.75,3.08,0.27,2.781700199975523,251.846
2018-09-20,0.7840591898404803,11.8,3.07,0.26,2.781700199975523,251.846
2018-09-21,-0.036853301202766,11.68,3.07,0.26,2.781700199975523,251.846
2018-09-24,-0.3515687760793251,12.2,3.08,0.25,2.781700199975523,251.846
2018-09-25,-0.130509611347962,12.42,3.1,0.27,2.781700199975523,251.846
2018-09-26,-0.3289278113945082,12.89,3.06,0.23,2.781700199975523,251.846
2018-09-27,0.2763287087558019,12.41,3.06,0.23,2.781700199975523,251.846
2018-09-28,-0.0006870120538793,12.12,3.05,0.24,2.781700199975523,251.846
2018-10-01,0.3641105118425747,12.0,3.09,0.27,2.781700199975523,251.846
2018-10-02,-0.0396690207904226,12.05,3.05,0.23,2.781700199975523,251.846
2018-10-03,0.0711519746886102,11.61,3.15,0.3,2.781700199975523,251.846
2018-10-04,-0.8169482334351885,14.22,3.19,0.32,2.781700199975523,251.846
2018-10-05,-0.5527978766503461,14.82,3.23,0.35,2.781700199975523,251.846
2018-10-09,-0.1417903657543129,15.95,3.21,0.33,2.781700199975523,251.846
2018-10-10,-3.28642290012785,22.96,3.22,0.34,2.781700199975523,251.846
2018-10-11,-2.057300761734404,24.98,3.14,0.29,2.8421009672285003,251.994
2018-10-12,1.4206197825152422,21.31,3.15,0.3,2.8421009672285003,251.994
2018-10-15,-0.5904978964482943,21.3,3.16,0.31,2.8421009672285003,251.994
2018-10-16,2.149560016316343,17.62,3.16,0.29,2.2815000020294463,251.994
2018-10-17,-0.0252662338158793,17.4,3.19,0.3,2.2815000020294463,251.994
2018-10-18,-1.4391922356395417,20.06,3.17,0.3,2.2815000020294463,251.994
2018-10-19,-0.0361169897723501,19.89,3.2,0.28,2.2815000020294463,251.994
2018-10-22,-0.4299527548581316,19.64,3.2,0.28,2.2815000020294463,251.994
2018-10-23,-0.5511829997012829,20.71,3.17,0.28,2.2815000020294463,251.994
2018-10-24,-3.086443397774385,25.23,3.1,0.26,2.2815000020294463,251.994
2018-10-25,1.8625040052811848,24.22,3.14,0.28,2.2815000020294463,251.994
2018-10-26,-1.7327264039978307,24.16,3.08,0.27,2.2815000020294463,251.994
2018-10-29,-0.6559599573700448,24.7,3.08,0.27,2.2815000020294463,251.994
2018-10-30,1.5666780052058682,23.35,3.12,0.28,2.2815000020294463,251.994
2018-10-31,1.0851331974038647,21.23,3.15,0.28,2.2815000020294463,251.994
2018-11-01,1.0557843693063784,19.34,3.14,0.3,2.2815000020294463,251.994
2018-11-02,-0.6316686379398861,19.51,3.22,0.31,2.2815000020294463,251.994
2018-11-05,0.5600317169601965,19.96,3.2,0.29,2.2815000020294463,251.994
2018-11-06,0.6259295774170726,19.91,3.22,0.29,2.2815000020294463,251.994
2018-11-07,2.1208856064105275,16.36,3.22,0.26,2.2815000020294463,251.994
2018-11-08,-0.2508916383596182,16.72,3.24,0.26,2.2815000020294463,251.994
2018-11-09,-0.919901370610332,17.36,3.19,0.25,2.2815000020294463,251.994
2018-11-13,-0.1481919693170574,20.02,3.14,0.25,2.2815000020294463,251.994
2018-11-14,-0.7567410690302756,21.25,3.12,0.26,2.619605232716249,252.827
2018-11-15,1.0593753366266334,19.98,3.11,0.25,2.619605232716249,252.827
2018-11-16,0.2223305423754595,18.14,3.08,0.27,2.619605232716249,252.827
2018-11-19,-1.664310858849427,20.1,3.06,0.27,2.5089300556683902,252.827
2018-11-20,-1.815124083246611,22.48,3.06,0.27,2.5089300556683902,252.827
2018-11-21,0.3043290746176375,20.8,3.06,0.25,2.5089300556683902,252.827
2018-11-23,-0.6554842390161242,21.52,3.05,0.24,2.5089300556683902,252.827
2018-11-26,1.55323683669224,18.9,3.07,0.23,2.5089300556683902,252.827
2018-11-27,0.3261692144003847,19.02,3.06,0.23,2.5089300556683902,252.827
2018-11-28,2.2973979644221654,18.49,3.06,0.25,2.5089300556683902,252.827
2018-11-29,-0.2183108091033725,18.79,3.03,0.22,2.5089300556683902,252.827
2018-11-30,0.8170747552017188,18.07,3.01,0.21,2.5089300556683902,252.827
2018-12-03,1.0941426132194287,16.44,2.98,0.15,2.5089300556683902,252.827
2018-12-04,-3.236490314939877,20.74,2.91,0.11,2.5089300556683902,252.827
2018-12-06,-0.152222814777525,21.19,2.87,0.12,2.5089300556683902,252.827
2018-12-07,-2.3320118765389863,23.23,2.85,0.13,2.5089300556683902,252.827
2018-12-10,0.1762153994735005,22.64,2.85,0.13,2.5089300556683902,252.827
2018-12-11,-0.0356346168922327,21.76,2.89,0.11,2.5089300556683902,252.827
2018-12-12,0.5419503676349802,21.46,2.91,0.14,2.5287971488693994,252.876
2018-12-13,-0.0199930323683594,20.65,2.91,0.16,2.5287971488693994,252.876
2018-12-14,-1.9086709555430348,21.63,2.89,0.16,2.5287971488693994,252.876
2018-12-17,-2.0773480559224238,24.52,2.86,0.16,2.5287971488693994,252.876
2018-12-18,0.0086400586104762,25.58,2.82,0.17,2.134156192445636,252.876
2018-12-19,-1.539571453679811,25.58,2.77,0.14,2.134156192445636,252.876
2018-12-20,-1.5772106327423652,28.38,2.79,0.12,2.134156192445636,252.876
2018-12-21,-2.0588228309714296,30.11,2.79,0.16,2.134156192445636,252.876
2018-12-24,-2.7112254452099527,36.07,2.74,0.19,2.134156192445636,252.876
2018-12-26,4.959374278953943,30.41,2.81,0.2,2.134156192445636,252.876
2018-12-27,0.8562680784222065,29.96,2.77,0.21,2.134156192445636,252.876
2018-12-28,-0.1241582508096694,28.34,2.72,0.2,2.134156192445636,252.876
2018-12-31,0.849248413140935,25.42,2.69,0.21,2.134156192445636,252.876
2019-01-02,0.1268496925124429,23.22,2.66,0.16,2.134156192445636,252.876
2019-01-03,-2.475673039503723,25.45,2.56,0.17,2.134156192445636,252.876
2019-01-04,3.4335714642623527,21.38,2.67,0.17,2.134156192445636,252.876
2019-01-07,0.7010434848680358,21.4,2.7,0.17,2.134156192445636,252.876
2019-01-08,0.9695285023358924,20.47,2.73,0.15,2.134156192445636,252.876
2019-01-09,0.4098045450532162,19.98,2.74,0.18,2.134156192445636,252.876
2019-01-10,0.4518418782931244,19.5,2.74,0.18,2.134156192445636,252.876
2019-01-11,-0.0146297841909337,18.19,2.71,0.16,2.0763998836796027,252.733
2019-01-14,-0.5257525167898014,19.07,2.71,0.18,2.0763998836796027,252.733
2019-01-15,1.0721688622945758,18.6,2.72,0.19,2.0763998836796027,252.733
2019-01-16,0.2221985488116251,19.04,2.73,0.18,2.0763998836796027,252.733
2019-01-17,0.7591400382211066,18.06,2.75,0.19,1.9236740965385968,252.733
2019-01-18,1.318305304897005,17.8,2.79,0.17,1.9236740965385968,252.733
2019-01-22,-1.4157306164566674,20.8,2.74,0.16,1.9236740965385968,252.733
2019-01-23,0.2202912774223575,19.52,2.76,0.18,1.9236740965385968,252.733
2019-01-24,0.1375725554363605,18.89,2.72,0.16,1.9236740965385968,252.733
2019-01-25,0.8488694060713842,17.42,2.76,0.16,1.9236740965385968,252.733
2019-01-28,-0.7846827493937836,18.87,2.75,0.15,1.9236740965385968,252.733
2019-01-29,-0.1456246577543507,19.13,2.72,0.16,1.9236740965385968,252.733
2019-01-30,1.554926091974429,17.66,2.7,0.18,1.9236740965385968,252.733
2019-01-31,0.8597395948725328,16.57,2.63,0.18,1.9236740965385968,252.733
2019-02-01,0.0898610093143847,16.14,2.7,0.18,1.9236740965385968,252.733
2019-02-04,0.6776236617404008,15.73,2.73,0.2,1.9236740965385968,252.733
2019-02-05,0.470842037697472,15.57,2.71,0.18,1.9236740965385968,252.733
2019-02-06,-0.2224437980280935,15.38,2.7,0.18,1.9236740965385968,252.733
2019-02-07,-0.935714014394018,16.37,2.65,0.17,1.9236740965385968,252.733
2019-02-08,0.0676201086956096,15.72,2.63,0.18,1.9236740965385968,252.733
2019-02-11,0.0709103098631702,15.97,2.65,0.17,1.9196412367974425,252.723
2019-02-12,1.28902247439735,15.43,2.68,0.18,1.9196412367974425,252.723
2019-02-13,0.3023994668760688,15.65,2.71,0.18,1.899476938091582,252.673
2019-02-14,-0.2651641555101225,16.22,2.66,0.16,1.899476938091582,252.673
2019-02-15,1.087875260858695,14.91,2.66,0.14,1.899476938091582,252.673
2019-02-19,0.1498743321448836,14.88,2.65,0.15,1.899476938091582,252.673
2019-02-20,0.1777110753768518,14.02,2.65,0.15,1.375353567774673,252.673
2019-02-21,-0.3526436790880272,14.46,2.69,0.16,1.375353567774673,252.673
2019-02-22,0.6411102394986878,13.51,2.65,0.17,1.375353567774673,252.673
2019-02-25,0.1231862569911257,14.85,2.67,0.16,1.375353567774673,252.673
2019-02-26,-0.0790457096899843,15.17,2.64,0.16,1.375353567774673,252.673
2019-02-27,-0.0544049387730338,14.7,2.69,0.19,1.375353567774673,252.673
2019-02-28,-0.2825508315214664,14.78,2.73,0.21,1.375353567774673,252.673
2019-03-01,0.689532059343434,13.57,2.76,0.21,1.375353567774673,252.673
2019-03-04,-0.3880558492514008,14.63,2.72,0.17,1.375353567774673,252.673
2019-03-05,-0.1131532823106185,14.74,2.72,0.17,1.375353567774673,252.673
2019-03-06,-0.6524098653592381,15.74,2.69,0.17,1.375353567774673,252.673
2019-03-07,-0.8125717558683521,16.59,2.64,0.17,1.375353567774673,252.673
2019-03-08,-0.2131688848741486,16.05,2.62,0.17,1.375353567774673,252.673
2019-03-11,1.4666041867757107,14.33,2.64,0.17,1.375353567774673,252.673
2019-03-12,0.2953318204620414,13.77,2.61,0.16,1.5518866978274426,253.113
2019-03-13,0.6949583813841809,13.41,2.61,0.16,1.5518866978274426,253.113
2019-03-14,-0.0868022382018773,13.5,2.63,0.17,1.5518866978274426,253.113
2019-03-15,0.498490290027398,12.88,2.59,0.16,1.5518866978274426,253.113
2019-03-18,0.37059469012648,13.1,2.6,0.15,1.399733193386732,253.113
2019-03-19,-0.0130561556024866,13.56,2.61,0.15,1.399733193386732,253.113
2019-03-20,-0.2944353604447891,13.91,2.54,0.14,1.399733193386732,253.113
2019-03-21,1.08524810499544,13.63,2.54,0.13,1.399733193386732,253.113
2019-03-22,-1.8974501239482744,16.48,2.44,0.13,1.399733193386732,253.113
2019-03-25,-0.0839020658475631,16.33,2.43,0.17,1.399733193386732,253.113
2019-03-26,0.7182725862306283,14.68,2.41,0.17,1.399733193386732,253.113
2019-03-27,-0.4644324890691664,15.15,2.39,0.17,1.399733193386732,253.113
2019-03-28,0.3589481529391092,14.43,2.39,0.16,1.399733193386732,253.113
2019-03-29,0.6734280017363758,13.71,2.41,0.14,1.399733193386732,253.113
2019-04-01,1.1568600124275408,13.4,2.49,0.16,1.399733193386732,253.113
2019-04-02,0.0017455707207236,13.36,2.48,0.18,1.399733193386732,253.113
2019-04-03,0.2148376881724312,13.74,2.52,0.19,1.399733193386732,253.113
2019-04-04,0.2084635079680152,13.58,2.51,0.18,1.399733193386732,253.113
2019-04-05,0.4636432770241061,12.82,2.5,0.15,1.399733193386732,253.113
2019-04-08,0.1047459953920526,13.18,2.52,0.16,1.399733193386732,253.113
2019-04-09,-0.6067494393846573,14.28,2.51,0.16,1.399733193386732,253.113
2019-04-10,0.3477871563978496,13.3,2.48,0.17,1.814365092400827,254.148
2019-04-11,0.0038123067008344,13.02,2.51,0.16,1.814365092400827,254.148
2019-04-12,0.6609324208602496,12.01,2.56,0.16,1.814365092400827,254.148
2019-04-15,-0.0629369108481658,12.32,2.55,0.15,1.878442408062142,254.148
2019-04-16,0.0509358003894622,12.18,2.6,0.19,1.878442408062142,254.148
2019-04-17,-0.2273811785323931,12.6,2.59,0.19,1.878442408062142,254.148
2019-04-18,0.1579092279509808,12.09,2.57,0.19,1.878442408062142,254.148
2019-04-22,0.1012017561471401,12.42,2.59,0.21,1.878442408062142,254.148
2019-04-23,0.8841205788409079,12.28,2.57,0.21,1.878442408062142,254.148
2019-04-24,-0.2191763174733685,13.14,2.53,0.21,1.878442408062142,254.148
2019-04-25,-0.0368973652745796,13.25,2.54,0.21,1.878442408062142,254.148
2019-04-26,0.468529214076363,12.73,2.51,0.23,1.878442408062142,254.148
2019-04-29,0.1071522174355354,13.11,2.54,0.24,1.878442408062142,254.148
2019-04-30,0.0951417009086297,13.12,2.51,0.24,1.878442408062142,254.148
2019-05-01,-0.7502163081421376,14.8,2.52,0.21,1.878442408062142,254.148
2019-05-02,-0.2123985791774196,14.42,2.55,0.2,1.878442408062142,254.148
2019-05-03,0.9638279380647764,12.87,2.54,0.21,1.878442408062142,254.148
2019-05-06,-0.4470988428756373,15.44,2.51,0.2,1.878442408062142,254.148
2019-05-07,-1.6511651392423388,19.32,2.45,0.17,1.878442408062142,254.148
2019-05-08,-0.160542531326957,19.4,2.49,0.19,1.878442408062142,254.148
2019-05-09,-0.3021424942496686,19.1,2.45,0.19,1.878442408062142,254.148
2019-05-10,0.3720297259787841,16.04,2.47,0.21,2.203141159775845,254.958
2019-05-13,-2.413055719884427,20.55,2.4,0.22,2.203141159775845,254.958
2019-05-14,0.8015944543135589,18.06,2.42,0.22,2.203141159775845,254.958
2019-05-15,0.583897507464215,16.44,2.37,0.21,1.97789714934824,254.958
2019-05-16,0.8895287120600504,15.29,2.4,0.2,1.97789714934824,254.958
2019-05-17,-0.5837333350761975,15.96,2.39,0.19,1.97789714934824,254.958
2019-05-20,-0.6749377915387988,16.31,2.41,0.2,1.97789714934824,254.958
2019-05-21,0.8495835590448308,14.95,2.43,0.17,1.97789714934824,254.958
2019-05-22,-0.2824396230649451,14.75,2.39,0.16,1.97789714934824,254.958
2019-05-23,-1.191414994527018,16.92,2.31,0.19,1.97789714934824,254.958
2019-05-24,0.1353559007240212,15.85,2.32,0.16,1.97789714934824,254.958
2019-05-28,-0.8375676922946718,17.5,2.26,0.14,1.97789714934824,254.958
2019-05-29,-0.6911912256811314,17.9,2.25,0.16,1.97789714934824,254.958
2019-05-30,0.2098471390661771,17.3,2.22,0.16,1.97789714934824,254.958
2019-05-31,-1.319537280847849,18.71,2.14,0.19,1.97789714934824,254.958
2019-06-03,-0.2765240314473227,18.86,2.07,0.25,1.97789714934824,254.958
2019-06-04,2.1432370568193138,16.97,2.12,0.24,1.97789714934824,254.958
2019-06-05,0.8161854781411959,16.09,2.12,0.29,1.97789714934824,254.958
2019-06-06,0.6135586748687638,15.93,2.12,0.24,1.97789714934824,254.958
2019-06-07,1.049769746289475,16.3,2.09,0.24,1.97789714934824,254.958
2019-06-10,0.4660044466909818,15.94,2.15,0.25,1.97789714934824,254.958
2019-06-11,-0.0349880235580912,15.99,2.15,0.22,1.97789714934824,254.958
2019-06-12,-0.20375791387226,15.91,2.13,0.25,2.0566930519613003,255.155
2019-06-13,0.4097381912668174,15.82,2.1,0.27,2.0566930519613003,255.155
2019-06-14,-0.1611511904139773,15.28,2.09,0.25,2.0566930519613003,255.155
2019-06-17,0.0931749241230628,15.35,2.09,0.23,1.8440537250284492,255.155
2019-06-18,0.9717399870633026,15.15,2.06,0.2,1.8440537250284492,255.155
2019-06-19,0.2985163546397107,14.33,2.03,0.29,1.8440537250284492,255.155
2019-06-20,0.9472185190685156,14.75,2.01,0.29,1.8440537250284492,255.155
2019-06-21,-0.1259222792519332,15.4,2.07,0.3,1.8440537250284492,255.155
2019-06-24,-0.1731887010466781,15.26,2.02,0.3,1.8440537250284492,255.155
2019-06-25,-0.9496397343734198,16.28,2.0,0.29,1.8440537250284492,255.155
2019-06-26,-0.1233933755707683,16.21,2.05,0.28,1.8440537250284492,255.155
2019-06-27,0.3823175554131808,15.82,2.01,0.27,1.8440537250284492,255.155
2019-06-28,0.5757452627909831,15.08,2.0,0.25,1.8440537250284492,255.155
2019-07-01,0.7672301032188189,14.06,2.03,0.25,1.8440537250284492,255.155
2019-07-02,0.2928125887423194,12.93,1.98,0.21,1.8440537250284492,255.155
2019-07-03,0.7672378673070135,12.57,1.96,0.19,1.8440537250284492,255.155
2019-07-05,-0.180590159841032,13.28,2.04,0.17,1.8440537250284492,255.155
2019-07-08,-0.4835444424841517,13.96,2.05,0.17,1.8440537250284492,255.155
2019-07-09,0.1236556965340085,14.09,2.07,0.15,1.8440537250284492,255.155
2019-07-10,0.4510689607592599,13.03,2.07,0.25,1.8440537250284492,255.155
2019-07-11,0.2285226738359957,12.93,2.13,0.28,1.9039255992176816,255.305
2019-07-12,0.4620174547884881,12.39,2.12,0.28,1.9039255992176816,255.305
2019-07-15,0.0175869191557431,12.68,2.09,0.26,1.9039255992176816,255.305
2019-07-16,-0.3403778522185874,12.86,2.13,0.26,1.9039255992176816,255.305
2019-07-17,-0.6531243569450895,13.97,2.06,0.23,1.773121738679806,255.305
2019-07-18,0.3581997784064761,13.53,2.04,0.27,1.773121738679806,255.305
2019-07-19,-0.617673452276668,14.45,2.05,0.25,1.773121738679806,255.305
2019-07-22,0.2828694915066654,13.53,2.05,0.25,1.773121738679806,255.305
2019-07-23,0.6847482673755456,12.61,2.08,0.25,1.773121738679806,255.305
2019-07-24,0.4688147952890187,12.07,2.05,0.22,1.773121738679806,255.305
2019-07-25,-0.5262401280453521,12.74,2.08,0.22,1.773121738679806,255.305
2019-07-26,0.7387691099234761,12.16,2.08,0.22,1.773121738679806,255.305
2019-07-29,-0.1616114607134511,12.83,2.06,0.21,1.773121738679806,255.305
2019-07-30,-0.257865491482756,13.94,2.06,0.21,1.773121738679806,255.305
2019-07-31,-1.0885526112695776,16.12,2.02,0.13,1.773121738679806,255.305
2019-08-01,-0.8998793869673061,17.87,1.9,0.17,1.773121738679806,255.305
2019-08-02,-0.7282739927037873,17.61,1.86,0.14,1.773121738679806,255.305
2019-08-05,-2.97778200029859,24.59,1.75,0.16,1.773121738679806,255.305
2019-08-06,1.3017017169932643,20.17,1.73,0.13,1.773121738679806,255.305
2019-08-07,0.0766876233190716,19.49,1.71,0.12,1.773121738679806,255.305
2019-08-08,1.8762303409984196,16.91,1.72,0.1,1.773121738679806,255.305
2019-08-09,-0.661660635492356,17.97,1.74,0.11,1.773121738679806,255.305
2019-08-12,-1.2317322177972212,21.09,1.65,0.07,1.773121738679806,255.305
2019-08-13,1.5131688322181258,17.52,1.68,0.02,2.1143520013394035,256.161
2019-08-14,-2.9292752911742603,22.1,1.59,0.01,2.1143520013394035,256.161
2019-08-15,0.2464268027652094,21.18,1.52,0.04,1.9400205343711896,256.161
2019-08-16,1.4426124657807904,18.47,1.55,0.07,1.9400205343711896,256.161
2019-08-19,1.2105865492430643,16.88,1.6,0.07,1.9400205343711896,256.161
2019-08-20,-0.7914727601131322,17.5,1.55,0.05,1.9400205343711896,256.161
2019-08-21,0.8246798595579641,15.8,1.59,0.03,1.9400205343711896,256.161
2019-08-22,-0.0506074860176175,16.68,1.62,0.01,1.9400205343711896,256.161
2019-08-23,-2.5946336754618105,19.87,1.52,0.01,1.9400205343711896,256.161
2019-08-26,1.0982987735216332,19.32,1.54,0.0,1.9400205343711896,256.161
2019-08-27,-0.3203180635808267,20.31,1.49,-0.04,1.9400205343711896,256.161
2019-08-28,0.6545480165679685,19.35,1.47,-0.03,1.9400205343711896,256.161
2019-08-29,1.2687291793508804,17.88,1.5,-0.03,1.9400205343711896,256.161
2019-08-30,0.0642787259121702,18.98,1.5,0.0,1.9400205343711896,256.161
2019-09-03,-0.689910050906084,19.66,1.47,0.0,1.9400205343711896,256.161
2019-09-04,1.0842079212828093,17.33,1.47,0.04,1.9400205343711896,256.161
2019-09-05,1.300981364226672,16.27,1.57,0.02,1.9400205343711896,256.161
2019-09-06,0.0910605153729759,15.0,1.55,0.02,1.9400205343711896,256.161
2019-09-09,-0.0094010259658494,15.27,1.63,0.05,1.9400205343711896,256.161
2019-09-10,0.0322304354821945,15.2,1.72,0.05,1.9400205343711896,256.161
2019-09-11,0.7229681189480308,14.61,1.75,0.07,1.9400205343711896,256.161
2019-09-12,0.2879153101061016,14.22,1.79,0.07,1.9953359916589088,256.3
2019-09-13,-0.0724414362094694,13.74,1.9,0.11,1.9953359916589088,256.3
2019-09-16,-0.313558666400282,14.67,1.84,0.1,1.9953359916589088,256.3
2019-09-17,0.2581752370019785,14.44,1.81,0.09,1.9953359916589088,256.3
2019-09-18,0.0342691989755561,13.95,1.8,0.03,1.768541092572451,256.3
2019-09-19,0.0019974721421567,14.05,1.79,0.05,1.768541092572451,256.3
2019-09-20,-0.4895576515783095,15.32,1.74,0.05,1.768541092572451,256.3
2019-09-23,-0.009693591923765,14.91,1.72,0.04,1.768541092572451,256.3
2019-09-24,-0.8416371322106486,17.05,1.64,0.04,1.768541092572451,256.3
2019-09-25,0.6158571742003405,15.96,1.73,0.05,1.768541092572451,256.3
2019-09-26,-0.2428916406865711,16.07,1.7,0.04,1.768541092572451,256.3
2019-09-27,-0.5316352490240539,17.22,1.69,0.06,1.768541092572451,256.3
2019-09-30,0.5047606675254723,16.24,1.68,0.05,1.768541092572451,256.3
2019-10-01,-1.2258373372913245,18.56,1.65,0.09,1.768541092572451,256.3
2019-10-02,-1.7903202985502964,20.56,1.6,0.12,1.768541092572451,256.3
2019-10-03,0.797191259701524,19.12,1.54,0.15,1.768541092572451,256.3
2019-10-04,1.4216897585460186,17.04,1.52,0.12,1.768541092572451,256.3
2019-10-07,-0.4478294673592398,17.86,1.56,0.1,1.768541092572451,256.3
2019-10-08,-1.5560819201407838,20.28,1.54,0.12,1.768541092572451,256.3
2019-10-09,0.91044925499415,18.64,1.59,0.12,1.768541092572451,256.3
2019-10-10,0.6415695380997066,17.57,1.67,0.14,1.7915710394447393,256.358
2019-10-11,1.0938977513132997,15.58,1.76,0.13,1.7915710394447393,256.358
2019-10-15,0.995567664113728,13.54,1.77,0.16,1.7915710394447393,256.358
2019-10-16,-0.1999542798650888,13.68,1.75,0.17,1.7317872647761412,256.358
2019-10-17,0.276283157367807,13.79,1.76,0.16,1.7317872647761412,256.358
2019-10-18,-0.3919344949506964,14.25,1.76,0.18,1.7317872647761412,256.358
2019-10-21,0.6871616056117524,14.0,1.8,0.18,1.7317872647761412,256.358
2019-10-22,-0.3568666378412577,14.46,1.78,0.18,1.7317872647761412,256.358
2019-10-23,0.2847148797118448,14.01,1.77,0.19,1.7317872647761412,256.358
2019-10-24,0.192044635873323,13.71,1.77,0.19,1.7317872647761412,256.358
2019-10-25,0.4072700506109195,12.65,1.8,0.17,1.7317872647761412,256.358
2019-10-28,0.5581337868471481,13.11,1.85,0.21,1.7317872647761412,256.358
2019-10-29,-0.0832405314799111,13.2,1.84,0.2,1.7317872647761412,256.358
2019-10-30,0.325337015914573,12.33,1.78,0.17,1.7317872647761412,256.358
2019-10-31,-0.3022860563304697,13.22,1.69,0.17,1.7317872647761412,256.358
2019-11-01,0.966231216814606,12.3,1.73,0.17,1.7317872647761412,256.358
2019-11-04,0.3704089049704651,12.83,1.79,0.19,1.7317872647761412,256.358
2019-11-05,-0.1185699214361291,13.1,1.86,0.23,1.7317872647761412,256.358
2019-11-06,0.070249722796678,12.62,1.81,0.2,1.7317872647761412,256.358
2019-11-07,0.2730095185150327,12.73,1.92,0.24,1.7317872647761412,256.358
2019-11-08,0.2560676090024305,12.07,1.94,0.26,1.7317872647761412,256.358
2019-11-12,0.1564646084632137,12.68,1.92,0.26,1.7317872647761412,256.358
2019-11-13,0.0711534590838391,13.0,1.88,0.25,2.094097478511392,257.271
2019-11-14,0.0837042739364468,13.05,1.82,0.24,2.094097478511392,257.271
2019-11-15,0.7695488006902673,12.05,1.84,0.23,2.094097478511392,257.271
2019-11-18,0.0503152861766942,12.46,1.81,0.21,2.094097478511392,257.271
2019-11-19,-0.0592594446206073,12.86,1.79,0.19,1.7577236608431912,257.271
2019-11-20,-0.3756184245747196,12.78,1.73,0.17,1.7577236608431912,257.271
2019-11-21,-0.1582752210685156,13.13,1.77,0.17,1.7577236608431912,257.271
2019-11-22,0.2174935691191759,12.34,1.77,0.16,1.7577236608431912,257.271
2019-11-25,0.7507291353015866,11.87,1.76,0.15,1.7577236608431912,257.271
2019-11-26,0.2195570387465428,11.54,1.74,0.16,1.7577236608431912,257.271
2019-11-27,0.4174424362754614,11.75,1.77,0.14,1.7577236608431912,257.271
2019-11-29,-0.4011219709926239,12.62,1.78,0.17,1.7577236608431912,257.271
2019-12-02,-0.8631020716408422,14.91,1.83,0.22,1.7577236608431912,257.271
2019-12-03,-0.663809511563529,15.96,1.72,0.19,1.7577236608431912,257.271
2019-12-04,0.632356747139462,14.8,1.77,0.19,1.7577236608431912,257.271
2019-12-05,0.1500251179130218,14.52,1.8,0.22,1.7577236608431912,257.271
2019-12-06,0.9135724328457328,13.62,1.84,0.23,1.7577236608431912,257.271
2019-12-09,-0.316282139344648,15.86,1.83,0.2,1.7577236608431912,257.271
2019-12-10,-0.109693409644862,15.68,1.85,0.2,1.7577236608431912,257.271
2019-12-11,0.2908158040315856,14.99,1.79,0.18,2.0207493661673626,257.936
2019-12-12,0.8575225775086182,13.94,1.9,0.24,2.0207493661673626,257.936
2019-12-13,0.0072581784144931,12.63,1.82,0.21,2.0207493661673626,257.936
2019-12-16,0.7147785279833618,12.14,1.89,0.24,2.000980717822154,257.936
2019-12-17,0.033529222633799,12.29,1.89,0.26,2.000980717822154,257.936
2019-12-18,-0.0432300171864796,12.58,1.92,0.29,2.000980717822154,257.936
2019-12-19,0.4459292004863613,12.5,1.92,0.3,2.000980717822154,257.936
2019-12-20,0.4944781081796634,12.51,1.92,0.29,2.000980717822154,257.936
2019-12-23,0.0866143600212199,12.61,1.93,0.29,2.000980717822154,257.936
2019-12-24,-0.019544819997963,12.67,1.9,0.28,2.000980717822154,257.936
2019-12-26,0.5128166675301138,12.65,1.9,0.26,2.000980717822154,257.936
2019-12-27,0.0033984717125346,13.43,1.88,0.29,2.000980717822154,257.936
2019-12-30,-0.5780822450430323,14.82,1.9,0.32,2.000980717822154,257.936
2019-12-31,0.2946021661910603,13.78,1.92,0.34,2.000980717822154,257.936
2020-01-02,0.8378802677341701,12.47,1.88,0.3,2.000980717822154,257.936
2020-01-03,-0.7059870562045378,14.02,1.8,0.27,2.000980717822154,257.936
2020-01-06,0.3533372890727193,13.85,1.81,0.27,2.000980717822154,257.936
2020-01-07,-0.2803238652896223,13.79,1.83,0.29,2.000980717822154,257.936
2020-01-08,0.4902451368978155,13.45,1.87,0.29,2.000980717822154,257.936
2020-01-09,0.6655262605488987,12.54,1.85,0.27,2.000980717822154,257.936
2020-01-10,-0.2855178689662563,12.56,1.83,0.27,2.000980717822154,257.936
2020-01-13,0.6976215252569862,12.32,1.85,0.27,2.000980717822154,257.936
2020-01-14,-0.1514532772802224,12.39,1.82,0.24,2.224410382954489,258.501
2020-01-15,0.1870196884512287,12.42,1.79,0.23,2.282250438209488,258.501
2020-01-16,0.8366553026468271,12.32,1.81,0.23,2.282250438209488,258.501
2020-01-17,0.3862162248501333,12.1,1.84,0.26,2.282250438209488,258.501
2020-01-21,-0.2651977647365577,12.85,1.78,0.25,2.282250438209488,258.501
2020-01-22,0.0289076071118055,12.91,1.77,0.24,2.282250438209488,258.501
2020-01-23,0.1140976612478361,12.98,1.74,0.23,2.282250438209488,258.501
2020-01-24,-0.9042160974207404,14.56,1.7,0.21,2.282250438209488,258.501
2020-01-27,-1.5730711659182384,18.23,1.61,0.17,2.282250438209488,258.501
2020-01-28,1.0053584595046017,16.28,1.65,0.2,2.282250438209488,258.501
2020-01-29,-0.0866874190868394,16.39,1.6,0.18,2.282250438209488,258.501
2020-01-30,0.3134358792605374,15.49,1.57,0.16,2.282250438209488,258.501
2020-01-31,-1.770582037552626,18.84,1.51,0.18,2.282250438209488,258.501
2020-02-03,0.7254613892351713,17.97,1.54,0.18,2.282250438209488,258.501
2020-02-04,1.4980414164082134,16.05,1.61,0.2,2.282250438209488,258.501
2020-02-05,1.125059589785371,15.15,1.66,0.22,2.282250438209488,258.501
2020-02-06,0.3325672876785646,14.96,1.65,0.21,2.282250438209488,258.501
2020-02-07,-0.5400853672730133,15.47,1.59,0.18,2.282250438209488,258.501
2020-02-10,0.7326397804890528,15.04,1.56,0.19,2.282250438209488,258.501
2020-02-11,0.168847255323512,15.18,1.59,0.18,2.259696992478233,258.444
2020-02-12,0.6462646466197652,13.74,1.62,0.18,2.259696992478233,258.444
2020-02-13,-0.1630445736802377,14.15,1.61,0.17,2.412522801644479,258.82
2020-02-14,0.1843533320433854,13.68,1.59,0.17,2.412522801644479,258.82
2020-02-18,-0.2919942636890105,14.83,1.55,0.14,2.4327886240318453,258.82
2020-02-19,0.4705785881164548,14.38,1.56,0.14,2.4327886240318453,258.82
2020-02-20,-0.381551976362815,15.56,1.52,0.13,2.4327886240318453,258.82
2020-02-21,-1.051810302712286,17.08,1.46,0.12,2.4327886240318453,258.82
2020-02-24,-3.351362667122315,25.03,1.38,0.12,2.4327886240318453,258.82
2020-02-25,-3.027999556505612,27.85,1.33,0.13,2.4327886240318453,258.82
2020-02-26,-0.3778540605322011,27.56,1.33,0.17,2.4327886240318453,258.82
2020-02-27,-4.416324258407911,39.16,1.3,0.19,2.4327886240318453,258.82
2020-02-28,-0.8238340444361891,40.11,1.13,0.27,2.4327886240318453,258.82
2020-03-02,4.603922900611002,33.42,1.1,0.26,2.4327886240318453,258.82
2020-03-03,-2.8107896121075893,36.82,1.02,0.31,2.4327886240318453,258.82
2020-03-04,4.220259077449118,31.99,1.02,0.35,2.4327886240318453,258.82
2020-03-05,-3.3922077046888544,39.62,0.92,0.33,2.4327886240318453,258.82
2020-03-06,-1.7053852000370129,41.94,0.74,0.25,2.4327886240318453,258.82
2020-03-09,-7.5969697477450975,54.46,0.54,0.16,2.4327886240318453,258.82
2020-03-10,4.939630628156144,47.3,0.76,0.26,2.4327886240318453,258.82
2020-03-11,-4.886844513127397,53.9,0.82,0.32,2.5238153661055973,259.05
2020-03-12,-9.51126809783366,75.47,0.88,0.38,2.5238153661055973,259.05
2020-03-13,9.28712497297184,57.83,0.94,0.45,2.345592679949271,259.05
2020-03-16,-11.984055240393443,82.69,0.73,0.37,2.345592679949271,259.05
2020-03-17,5.995484974402432,75.91,1.02,0.55,2.345592679949271,259.05
2020-03-18,-5.183076272915788,76.45,1.18,0.64,2.345592679949271,259.05
2020-03-19,0.470780804058557,72.0,1.12,0.68,2.345592679949271,259.05
2020-03-20,-4.335951230846192,66.04,0.92,0.55,2.345592679949271,259.05
2020-03-23,-2.929386782180443,61.59,0.76,0.48,2.345592679949271,259.05
2020-03-24,9.382773976227554,61.67,0.84,0.46,2.345592679949271,259.05
2020-03-25,1.1535011448222,63.95,0.88,0.54,2.345592679949271,259.05
2020-03-26,6.241416330387684,61.0,0.83,0.53,2.345592679949271,259.05
2020-03-27,-3.3687352562252526,65.54,0.72,0.47,2.345592679949271,259.05
2020-03-30,3.351600948370015,57.08,0.7,0.47,2.345592679949271,259.05
2020-03-31,-1.6012721914555603,53.54,0.7,0.47,2.345592679949271,259.05
2020-04-01,-4.414243033166542,57.06,0.62,0.39,2.345592679949271,259.05
2020-04-02,2.282934723487151,50.91,0.63,0.4,2.345592679949271,259.05
2020-04-03,-1.5137125124949469,46.8,0.62,0.39,2.345592679949271,259.05
2020-04-06,7.033131865275055,45.24,0.67,0.4,2.345592679949271,259.05
2020-04-07,-0.160305278443118,46.7,0.75,0.47,2.345592679949271,259.05
2020-04-08,3.405645287963033,43.35,0.77,0.5,2.345592679949271,259.05
2020-04-09,1.4487410153376512,41.67,0.73,0.5,2.345592679949271,259.05
2020-04-13,-1.0104660822607414,41.17,0.76,0.51,1.912189417374832,257.953
2020-04-14,3.0572589146256046,37.76,0.76,0.53,1.4971591356217615,257.953
2020-04-15,-2.203043852941577,40.84,0.63,0.43,1.4971591356217615,257.953
2020-04-16,0.5816689462164515,40.11,0.61,0.41,1.4971591356217615,257.953
2020-04-17,2.679359484822341,38.15,0.65,0.45,1.4971591356217615,257.953
2020-04-20,-1.788104803401469,43.83,0.63,0.43,1.4971591356217615,257.953
2020-04-21,-3.0674795694063395,45.41,0.58,0.38,1.4971591356217615,257.953
2020-04-22,2.2930247703843776,41.98,0.63,0.41,1.4971591356217615,257.953
2020-04-23,-0.0539422119743115,41.38,0.61,0.39,1.4971591356217615,257.953
2020-04-24,1.3918057304545428,35.93,0.6,0.38,1.4971591356217615,257.953
2020-04-27,1.4714069804799612,33.29,0.67,0.43,1.4971591356217615,257.953
2020-04-28,-0.5242380698498916,33.57,0.62,0.42,1.4971591356217615,257.953
2020-04-29,2.6583916282167053,31.23,0.63,0.43,1.4971591356217615,257.953
2020-04-30,-0.9212446303987654,34.15,0.64,0.44,1.4971591356217615,257.953
2020-05-01,-2.8059034078492195,37.19,0.64,0.44,1.4971591356217615,257.953
2020-05-04,0.4249827591976451,35.97,0.64,0.45,1.4971591356217615,257.953
2020-05-05,0.9040556385797373,33.61,0.66,0.47,1.4971591356217615,257.953
2020-05-06,-0.6979410390386298,34.12,0.72,0.55,1.4971591356217615,257.953
2020-05-07,1.1504630788313983,31.44,0.63,0.5,1.4971591356217615,257.953
2020-05-08,1.6871538638701944,27.98,0.69,0.53,1.4971591356217615,257.953
2020-05-11,0.0133078220911686,27.57,0.73,0.56,1.4971591356217615,257.953
2020-05-12,-2.0500317528877154,33.04,0.69,0.52,0.6901490470119676,255.902
2020-05-13,-1.7462724604228042,35.28,0.64,0.48,0.3702570619474432,255.902
2020-05-14,1.152482269503552,32.61,0.63,0.47,0.3702570619474432,255.902
2020-05-15,0.3926363250438269,31.89,0.64,0.48,0.3702570619474432,255.902
2020-05-18,3.1501191631680747,29.3,0.73,0.55,0.3702570619474432,255.902
2020-05-19,-1.0484399194493177,30.53,0.7,0.53,0.3702570619474432,255.902
2020-05-20,1.665110025908012,27.99,0.68,0.52,0.3702570619474432,255.902
2020-05-21,-0.7773596407737116,29.53,0.68,0.51,0.3702570619474432,255.902
2020-05-22,0.2353711326488428,28.16,0.66,0.49,0.3702570619474432,255.902
2020-05-26,1.2289184036080147,28.01,0.69,0.51,0.3702570619474432,255.902
2020-05-27,1.4827297215913804,27.62,0.68,0.49,0.3702570619474432,255.902
2020-05-28,-0.2107914546073841,28.59,0.7,0.53,0.3702570619474432,255.902
2020-05-29,0.4812335824971425,27.51,0.65,0.49,0.3702570619474432,255.902
2020-06-01,0.3751234813537785,28.23,0.66,0.52,0.3702570619474432,255.902
2020-06-02,0.8210832780053412,26.84,0.68,0.51,0.3702570619474432,255.902
2020-06-03,1.3648979133831007,25.66,0.77,0.58,0.3702570619474432,255.902
2020-06-04,-0.3368702231114406,25.81,0.82,0.63,0.3702570619474432,255.902
2020-06-05,2.6211650818398717,24.52,0.91,0.69,0.3702570619474432,255.902
2020-06-08,1.2041579421169235,25.81,0.88,0.66,0.3702570619474432,255.902
2020-06-09,-0.7799170822611612,27.57,0.84,0.64,0.3702570619474432,255.902
2020-06-10,-0.5313091072437381,27.57,0.75,0.58,0.3176993857811894,255.768
2020-06-11,-5.894405927443824,40.79,0.66,0.47,0.3176993857811894,255.768
2020-06-12,1.3060843963234705,36.09,0.71,0.52,0.3176993857811894,255.768
2020-06-15,0.8312217041285264,34.4,0.71,0.52,0.2402461249044751,255.768
2020-06-16,1.896239819380252,33.67,0.75,0.54,0.2402461249044751,255.768
2020-06-17,-0.3600299556174025,33.47,0.74,0.55,0.2402461249044751,255.768
2020-06-18,0.0594219882528168,32.94,0.71,0.52,0.2402461249044751,255.768
2020-06-19,-0.5649494809462974,35.12,0.7,0.51,0.2402461249044751,255.768
2020-06-22,0.6495095537691675,31.77,0.71,0.52,0.2402461249044751,255.768
2020-06-23,0.4307419569164139,31.37,0.72,0.54,0.2402461249044751,255.768
2020-06-24,-2.585514593906457,33.84,0.69,0.5,0.2402461249044751,255.768
2020-06-25,1.095944726780984,32.22,0.68,0.51,0.2402461249044751,255.768
2020-06-26,-2.4226905044785974,34.73,0.64,0.47,0.2402461249044751,255.768
2020-06-29,1.4685678433118632,31.78,0.64,0.48,0.2402461249044751,255.768
2020-06-30,1.5409875731554612,30.43,0.66,0.5,0.2402461249044751,255.768
2020-07-01,0.5022132820864389,28.62,0.69,0.52,0.2402461249044751,255.768
2020-07-02,0.4541250844364075,27.68,0.68,0.52,0.2402461249044751,255.768
2020-07-06,1.588172586745884,27.94,0.69,0.53,0.2402461249044751,255.768
2020-07-07,-1.081853202819716,29.43,0.65,0.49,0.2402461249044751,255.768
2020-07-08,0.7827461915415501,28.08,0.67,0.51,0.2402461249044751,255.768
2020-07-09,-0.5643606159361103,29.26,0.62,0.46,0.2402461249044751,255.768
2020-07-10,1.046620127324438,27.29,0.65,0.49,0.2402461249044751,255.768
2020-07-13,-0.9362541127788226,32.19,0.64,0.48,0.2402461249044751,255.768
2020-07-14,1.3406370782667931,29.52,0.63,0.49,0.7477331035428136,257.214
2020-07-15,0.9082050740923052,27.76,0.64,0.48,0.7477331035428136,257.214
2020-07-16,-0.3406101245536641,28.0,0.62,0.46,0.7477331035428136,257.214
2020-07-17,0.2848612194617406,25.68,0.64,0.5,0.7477331035428136,257.214
2020-07-20,0.84069387471426,24.46,0.62,0.46,0.7477331035428136,257.214
2020-07-21,0.1679037341913547,24.84,0.61,0.47,0.7477331035428136,257.214
2020-07-22,0.5747082068739751,24.32,0.6,0.46,0.7477331035428136,257.214
2020-07-23,-1.2319859824193036,26.08,0.59,0.43,0.7477331035428136,257.214
2020-07-24,-0.6190400054688405,25.84,0.59,0.45,0.7477331035428136,257.214
2020-07-27,0.7395138795039502,24.74,0.62,0.47,0.7477331035428136,257.214
2020-07-28,-0.6473392152297919,25.44,0.59,0.45,0.7477331035428136,257.214
2020-07-29,1.242838167815008,24.1,0.58,0.46,0.7477331035428136,257.214
2020-07-30,-0.3750251937389204,24.76,0.55,0.44,0.7477331035428136,257.214
2020-07-31,0.7670504990141325,24.46,0.55,0.44,0.7477331035428136,257.214
2020-08-03,0.718102343932614,24.28,0.56,0.45,0.7477331035428136,257.214
2020-08-04,0.3611930381972161,23.76,0.52,0.41,0.7477331035428136,257.214
2020-08-05,0.6429743053199433,22.99,0.55,0.44,0.7477331035428136,257.214
2020-08-06,0.642769555966427,22.65,0.55,0.44,0.7477331035428136,257.214
2020-08-07,0.0633029548644303,22.21,0.57,0.44,0.7477331035428136,257.214
2020-08-10,0.2742218294476073,22.13,0.59,0.45,0.7477331035428136,257.214
2020-08-11,-0.7969132154236114,24.03,0.64,0.48,0.7477331035428136,257.214
2020-08-12,1.3996549490237653,22.28,0.69,0.53,1.3387908579933772,258.723
2020-08-13,-0.2047174350497949,22.13,0.71,0.55,1.3387908579933772,258.723
2020-08-14,-0.0171882622768126,22.05,0.71,0.57,1.000152248000297,258.723
2020-08-17,0.2709842511078753,21.35,0.69,0.55,1.000152248000297,258.723
2020-08-18,0.2303389154016955,21.51,0.67,0.53,1.000152248000297,258.723
2020-08-19,-0.44043954214108,22.54,0.68,0.54,1.000152248000297,258.723
2020-08-20,0.3158632769134861,22.72,0.65,0.52,1.000152248000297,258.723
2020-08-21,0.3441107044476421,22.54,0.64,0.48,1.000152248000297,258.723
2020-08-24,1.0043718303008653,22.37,0.65,0.51,1.000152248000297,258.723
2020-08-25,0.35963511532906,22.03,0.69,0.54,1.000152248000297,258.723
2020-08-26,1.0195626139483993,23.27,0.69,0.53,1.000152248000297,258.723
2020-08-27,0.1673044010903845,24.47,0.74,0.58,1.000152248000297,258.723
2020-08-28,0.673256535528588,22.96,0.74,0.6,1.000152248000297,258.723
2020-08-31,-0.2194962714028747,26.41,0.72,0.58,1.000152248000297,258.723
2020-09-01,0.7525003016613407,26.12,0.68,0.55,1.000152248000297,258.723
2020-09-02,1.5365910154807594,26.57,0.66,0.52,1.000152248000297,258.723
2020-09-03,-3.512584371534122,33.6,0.63,0.5,1.000152248000297,258.723
2020-09-04,-0.8133027264274895,30.75,0.72,0.58,1.000152248000297,258.723
2020-09-08,-2.7756342102361,31.46,0.69,0.55,1.000152248000297,258.723
2020-09-09,2.014498633677464,28.81,0.71,0.57,1.000152248000297,258.723
2020-09-10,-1.758479659017942,29.71,0.68,0.54,1.000152248000297,258.723
2020-09-11,0.0533072190594063,26.87,0.67,0.54,1.37413579740866,259.681
2020-09-14,1.2741829089357504,25.85,0.68,0.54,1.37413579740866,259.681
2020-09-15,0.5219359577689042,25.59,0.68,0.54,1.3191572376121563,259.681
2020-09-16,-0.4618946596211537,26.04,0.69,0.55,1.3191572376121563,259.681
2020-09-17,-0.8412365876402483,26.46,0.69,0.56,1.3191572376121563,259.681
2020-09-18,-1.1182581807410497,25.83,0.7,0.56,1.3191572376121563,259.681
2020-09-21,-1.1571097930805796,27.78,0.68,0.54,1.3191572376121563,259.681
2020-09-22,1.0517945160813724,26.86,0.68,0.55,1.3191572376121563,259.681
2020-09-23,-2.3721455093028143,28.58,0.68,0.54,1.3191572376121563,259.681
2020-09-24,0.298745914295706,28.51,0.67,0.53,1.3191572376121563,259.681
2020-09-25,1.59767237756141,26.38,0.66,0.54,1.3191572376121563,259.681
2020-09-28,1.6110590199083896,26.19,0.67,0.53,1.3191572376121563,259.681
2020-09-29,-0.4812664543244471,26.27,0.66,0.55,1.3191572376121563,259.681
2020-09-30,0.8253718228220741,26.37,0.69,0.56,1.3191572376121563,259.681
2020-10-01,0.5292907769290922,26.7,0.68,0.54,1.3191572376121563,259.681
2020-10-02,-0.9577652178616392,27.63,0.7,0.57,1.3191572376121563,259.681
2020-10-05,1.797270867614209,27.96,0.78,0.64,1.3191572376121563,259.681
2020-10-06,-1.3973515692226712,29.48,0.76,0.62,1.3191572376121563,259.681
2020-10-07,1.739675486921799,28.06,0.81,0.65,1.3191572376121563,259.681
2020-10-08,0.8010123642494982,26.36,0.78,0.65,1.3191572376121563,259.681
2020-10-09,0.879353312061526,25.0,0.79,0.63,1.3191572376121563,259.681
2020-10-13,-0.6306918994084421,26.07,0.74,0.58,1.5251658213031538,260.209
2020-10-14,-0.6623141753502759,26.4,0.73,0.59,1.5021961475748746,260.209
2020-10-15,-0.152775530609972,26.97,0.74,0.6,1.5021961475748746,260.209
2020-10-16,0.013491955745537,27.41,0.76,0.62,1.5021961475748746,260.209
2020-10-19,-1.6329861778318078,29.18,0.78,0.62,1.5021961475748746,260.209
2020-10-20,0.4727334073110212,29.35,0.81,0.67,1.5021961475748746,260.209
2020-10-21,-0.2195699928100536,28.65,0.83,0.69,1.5021961475748746,260.209
2020-10-22,0.5218925396392127,28.11,0.87,0.71,1.5021961475748746,260.209
2020-10-23,0.3445761353703114,27.55,0.85,0.67,1.5021961475748746,260.209
2020-10-26,-1.8589516294535648,32.46,0.81,0.65,1.5021961475748746,260.209
2020-10-27,-0.3025618911998928,33.35,0.79,0.63,1.5021961475748746,260.209
2020-10-28,-3.52878787606048,40.28,0.79,0.63,1.5021961475748746,260.209
2020-10-29,1.1947330894238384,37.59,0.85,0.69,1.5021961475748746,260.209
2020-10-30,-1.2129550130175693,38.02,0.88,0.74,1.5021961475748746,260.209
2020-11-02,1.231820260127181,37.13,0.87,0.71,1.5021961475748746,260.209
2020-11-03,1.779929009643455,35.55,0.9,0.73,1.5021961475748746,260.209
2020-11-04,2.204704770168342,29.57,0.78,0.64,1.5021961475748746,260.209
2020-11-05,1.9460194138962936,27.58,0.79,0.65,1.5021961475748746,260.209
2020-11-06,-0.0287715187418546,24.86,0.83,0.67,1.5021961475748746,260.209
2020-11-09,1.169988923568721,25.75,0.96,0.79,1.5021961475748746,260.209
2020-11-10,-0.1399794593191061,24.8,0.98,0.79,1.5021961475748746,260.209
2020-11-12,-0.997853230387702,25.35,0.88,0.71,1.5474453693662626,260.325
2020-11-13,1.3610335409063534,23.1,0.89,0.72,1.5474453693662626,260.325
2020-11-16,1.1648051240012336,22.45,0.91,0.72,1.1870751075713892,260.325
2020-11-17,-0.4791925698091615,22.71,0.87,0.69,1.1870751075713892,260.325
2020-11-18,-1.1563829610944043,23.84,0.88,0.72,1.1870751075713892,260.325
2020-11-19,0.3946442467421596,23.11,0.86,0.68,1.1870751075713892,260.325
2020-11-20,-0.6792562915180156,23.7,0.83,0.67,1.1870751075713892,260.325
2020-11-23,0.5635930617216234,22.66,0.86,0.7,1.1870751075713892,260.325
2020-11-24,1.6161668273416252,21.64,0.88,0.72,1.1870751075713892,260.325
2020-11-25,-0.1584418237524976,21.25,0.88,0.71,1.1870751075713892,260.325
2020-11-27,0.2396979198154181,20.84,0.84,0.68,1.1870751075713892,260.325
2020-11-30,-0.4595548640170976,20.57,0.84,0.68,1.1870751075713892,260.325
2020-12-01,1.1271187194776155,20.77,0.92,0.75,1.1870751075713892,260.325
2020-12-02,0.1791166754825157,21.17,0.95,0.79,1.1870751075713892,260.325
2020-12-03,-0.0624157213091502,21.28,0.92,0.76,1.1870751075713892,260.325
2020-12-04,0.8836275129611826,20.79,0.97,0.81,1.1870751075713892,260.325
2020-12-07,-0.193563767143734,21.3,0.94,0.8,1.1870751075713892,260.325
2020-12-08,0.2787148065356293,20.68,0.92,0.78,1.1870751075713892,260.325
2020-12-09,-0.7949201604598555,22.27,0.95,0.79,1.1870751075713892,260.325
2020-12-10,-0.128510806826243,22.52,0.92,0.78,1.378313140618248,260.817
2020-12-11,-0.1264997299750603,23.31,0.9,0.79,1.378313140618248,260.817
2020-12-14,-0.4359258971957769,24.72,0.9,0.77,1.116943737981524,260.817
2020-12-15,1.2921249154708825,22.89,0.92,0.81,1.116943737981524,260.817
2020-12-16,0.1772795166959051,22.5,0.92,0.79,1.116943737981524,260.817
2020-12-17,0.5757654753379748,21.93,0.94,0.81,1.116943737981524,260.817
2020-12-18,-0.3511118509152866,21.57,0.95,0.82,1.116943737981524,260.817
2020-12-21,-0.390627905184393,25.16,0.95,0.82,1.116943737981524,260.817
2020-12-22,-0.2073092860288006,24.23,0.93,0.8,1.116943737981524,260.817
2020-12-23,0.0745811250824957,23.31,0.96,0.83,1.116943737981524,260.817
2020-12-24,0.3536589004796253,21.53,0.94,0.81,1.116943737981524,260.817
2020-12-28,0.8722529021144565,21.7,0.94,0.81,1.116943737981524,260.817
2020-12-29,-0.222738052560012,23.08,0.94,0.82,1.116943737981524,260.817
2020-12-30,0.1341547165470746,22.77,0.93,0.81,1.116943737981524,260.817
2020-12-31,0.6438845522919845,22.75,0.93,0.8,1.116943737981524,260.817
2021-01-04,-1.4754827521051062,26.97,0.93,0.82,1.116943737981524,260.817
2021-01-05,0.7082595157549276,25.34,0.96,0.83,1.116943737981524,260.817
2021-01-06,0.5709842747752214,25.07,1.04,0.9,1.116943737981524,260.817
2021-01-07,1.4847403800101189,22.37,1.08,0.94,1.116943737981524,260.817
2021-01-08,0.5491862685268911,21.56,1.13,0.99,1.116943737981524,260.817
2021-01-11,-0.6554750898592476,24.08,1.15,1.01,1.116943737981524,260.817
2021-01-12,0.0415788446632703,23.33,1.15,1.01,1.116943737981524,260.817
2021-01-13,0.2275641737906619,22.21,1.1,0.96,1.488353700142664,261.775
2021-01-14,-0.3753451194336676,23.25,1.15,0.99,1.488353700142664,261.775
2021-01-15,-0.7190027975370938,24.34,1.11,0.98,1.2665328180548665,261.775
2021-01-19,0.8136379515524483,23.24,1.1,0.96,1.2665328180548665,261.775
2021-01-20,1.3935625421946265,21.58,1.1,0.97,1.2665328180548665,261.775
2021-01-21,0.031672330755228,21.32,1.12,0.99,1.2665328180548665,261.775
2021-01-22,-0.3010611655237638,21.91,1.1,0.97,1.2665328180548665,261.775
2021-01-25,0.3615838943082483,23.19,1.05,0.92,1.2665328180548665,261.775
2021-01-26,-0.1488833746898232,23.02,1.05,0.94,1.2665328180548665,261.775
2021-01-27,-2.5677883699462,37.21,1.04,0.92,1.2665328180548665,261.775
2021-01-28,0.9760625975629766,30.21,1.07,0.95,1.2665328180548665,261.775
2021-01-29,-1.9311475173124597,33.09,1.11,1.0,1.2665328180548665,261.775
2021-02-01,1.6051767614439385,30.24,1.09,0.98,1.2665328180548665,261.775
2021-02-02,1.3898223484416938,25.56,1.12,1.01,1.2665328180548665,261.775
2021-02-03,0.1008769080953264,22.91,1.15,1.04,1.2665328180548665,261.775
2021-02-04,1.0853322230420792,21.77,1.15,1.04,1.2665328180548665,261.775
2021-02-05,0.3897495164625342,20.87,1.19,1.1,1.2665328180548665,261.775
2021-02-08,0.7399348360373592,21.24,1.19,1.08,1.1833609928008082,261.56
2021-02-09,-0.1113524992148451,21.63,1.18,1.07,1.1833609928008082,261.56
2021-02-10,-0.0345184932359354,21.99,1.15,1.04,1.442934456733247,262.231
2021-02-11,0.1662455163539355,21.25,1.16,1.05,1.442934456733247,262.231
2021-02-12,0.4711033113378837,19.97,1.2,1.09,1.465307764931656,262.231
2021-02-16,-0.0569272418351141,21.46,1.3,1.17,1.465307764931656,262.231
2021-02-17,-0.0320402009226672,21.5,1.29,1.18,1.3179043350591169,262.231
2021-02-18,-0.4415835627354592,22.49,1.29,1.18,1.3179043350591169,262.231
2021-02-19,-0.1854896644575165,22.05,1.34,1.23,1.3179043350591169,262.231
2021-02-22,-0.773283945815384,23.45,1.37,1.26,1.3179043350591169,262.231
2021-02-23,0.1256318118792787,23.11,1.37,1.26,1.3179043350591169,262.231
2021-02-24,1.135161376597904,21.34,1.38,1.26,1.3179043350591169,262.231
2021-02-25,-2.447880752512621,28.89,1.54,1.37,1.3179043350591169,262.231
2021-02-26,-0.4750214169902844,27.95,1.44,1.3,1.3179043350591169,262.231
2021-03-01,2.3790763506800205,23.35,1.45,1.32,1.3179043350591169,262.231
2021-03-02,-0.8080851690870694,24.1,1.42,1.29,1.3179043350591169,262.231
2021-03-03,-1.306622187199813,26.67,1.47,1.33,1.3179043350591169,262.231
2021-03-04,-1.3417213930100202,28.57,1.54,1.4,1.3179043350591169,262.231
2021-03-05,1.949596819778221,24.66,1.56,1.42,1.3179043350591169,262.231
2021-03-08,-0.5359231030161227,25.47,1.59,1.42,1.3179043350591169,262.231
2021-03-09,1.415464230382213,24.03,1.55,1.38,1.3179043350591169,262.231
2021-03-10,0.6030313342701321,22.56,1.53,1.37,1.6772274167375034,263.161
2021-03-11,1.0395487004435822,21.91,1.54,1.4,1.6772274167375034,263.161
2021-03-12,0.1015398495878949,20.69,1.64,1.5,1.6772274167375034,263.161
2021-03-15,0.6491921301497117,20.03,1.62,1.48,1.586952325805835,263.161
2021-03-16,-0.1569683734378379,19.79,1.62,1.47,1.586952325805835,263.161
2021-03-17,0.287938213053085,19.23,1.63,1.5,1.586952325805835,263.161
2021-03-18,-1.4760539319459198,21.58,1.71,1.55,1.586952325805835,263.161
2021-03-19,-0.0602703974703633,20.95,1.74,1.58,1.586952325805835,263.161
2021-03-22,0.7025118077311765,18.88,1.69,1.54,1.586952325805835,263.161
2021-03-23,-0.7630854183940605,20.3,1.63,1.48,1.586952325805835,263.161
2021-03-24,-0.546733601831495,21.2,1.62,1.48,1.586952325805835,263.161
2021-03-25,0.5240265846959469,19.81,1.63,1.49,1.586952325805835,263.161
2021-03-26,1.6631202604519668,18.86,1.67,1.53,1.586952325805835,263.161
2021-03-29,-0.0868012685233621,20.74,1.73,1.59,1.586952325805835,263.161
2021-03-30,-0.3157832933767812,19.61,1.73,1.57,1.586952325805835,263.161
2021-03-31,0.3622499039577675,19.4,1.74,1.58,1.586952325805835,263.161
2021-04-01,1.1825201774944727,17.33,1.69,1.52,1.586952325805835,263.161
2021-04-05,1.4438226417743616,17.91,1.73,1.56,1.586952325805835,263.161
2021-04-06,-0.0973530751951168,18.12,1.67,1.51,1.586952325805835,263.161
2021-04-07,0.1475232784985625,17.16,1.68,1.52,1.586952325805835,263.161
2021-04-08,0.4220632828640269,16.95,1.64,1.5,1.586952325805835,263.161
2021-04-09,0.7719934348738189,16.69,1.67,1.51,1.586952325805835,263.161
2021-04-12,-0.0196078848768821,16.91,1.69,1.51,1.586952325805835,263.161
2021-04-13,0.329448680904143,16.65,1.64,1.48,2.216946535417863,264.793
2021-04-14,-0.4087726727828533,16.99,1.64,1.48,2.216946535417863,264.793
2021-04-15,1.109419052516647,16.57,1.56,1.4,2.6516458424596934,264.793
2021-04-16,0.3608819555509734,16.25,1.59,1.43,2.6516458424596934,264.793
2021-04-19,-0.5306560094486046,17.29,1.61,1.45,2.6516458424596934,264.793
2021-04-20,-0.6802319771775922,18.68,1.58,1.43,2.6516458424596934,264.793
2021-04-21,0.9306055472153574,17.5,1.57,1.42,2.6516458424596934,264.793
2021-04-22,-0.92106574765618,18.71,1.57,1.41,2.6516458424596934,264.793
2021-04-23,1.092869654017692,17.33,1.58,1.42,2.6516458424596934,264.793
2021-04-26,0.1782270924804541,17.64,1.58,1.4,2.6516458424596934,264.793
2021-04-27,-0.0214895888014376,17.56,1.63,1.46,2.6516458424596934,264.793
2021-04-28,-0.0845539916889848,17.28,1.63,1.46,2.6516458424596934,264.793
2021-04-29,0.6762806734045723,17.61,1.65,1.49,2.6516458424596934,264.793
2021-04-30,-0.7194706699326425,18.61,1.65,1.49,2.6516458424596934,264.793
2021-05-03,0.2748090747253684,18.31,1.63,1.47,2.6516458424596934,264.793
2021-05-04,-0.6678337608227225,19.48,1.61,1.45,2.6516458424596934,264.793
2021-05-05,0.0703463761767775,19.15,1.59,1.43,2.6516458424596934,264.793
2021-05-06,0.8165456466051824,18.39,1.58,1.42,2.6516458424596934,264.793
2021-05-07,0.7373341616968343,16.69,1.6,1.46,2.6516458424596934,264.793
2021-05-10,-1.0435647322188155,19.66,1.63,1.47,2.6516458424596934,264.793
2021-05-11,-0.867391280271812,21.84,1.64,1.48,2.6516458424596934,264.793
2021-05-12,-2.144940066450274,27.59,1.69,1.53,3.442099917426833,266.832
2021-05-13,1.2173141406923491,23.13,1.66,1.5,3.442099917426833,266.832
2021-05-14,1.4917956876899785,18.81,1.63,1.47,4.27116630585147,266.832
2021-05-17,-0.2530052193220777,19.72,1.64,1.48,4.27116630585147,266.832
2021-05-18,-0.8517292959364653,21.34,1.64,1.48,4.27116630585147,266.832
2021-05-19,-0.2943411456817757,22.18,1.68,1.52,4.27116630585147,266.832
2021-05-20,1.0554741756143349,20.67,1.63,1.48,4.27116630585147,266.832
2021-05-21,-0.0783880680141235,20.15,1.63,1.46,4.27116630585147,266.832
2021-05-24,0.9911292190138532,18.4,1.61,1.46,4.27116630585147,266.832
2021-05-25,-0.2125283780296749,18.84,1.56,1.41,4.27116630585147,266.832
2021-05-26,0.1876816570268724,17.36,1.58,1.44,4.27116630585147,266.832
2021-05-27,0.1165314541831552,16.74,1.61,1.47,4.27116630585147,266.832
2021-05-28,0.0768881891140216,16.76,1.58,1.44,4.27116630585147,266.832
2021-06-01,-0.0492333522686405,17.9,1.62,1.46,4.27116630585147,266.832
2021-06-02,0.1446934838430724,17.48,1.59,1.46,4.27116630585147,266.832
2021-06-03,-0.3628703341637451,18.04,1.63,1.47,4.27116630585147,266.832
2021-06-04,0.8834095710505974,16.42,1.56,1.42,4.27116630585147,266.832
2021-06-07,-0.0796738704451183,16.42,1.57,1.41,4.27116630585147,266.832
2021-06-08,0.0175024864505823,17.07,1.53,1.39,4.27116630585147,266.832
2021-06-09,-0.1823867319485694,17.89,1.5,1.34,4.27116630585147,266.832
2021-06-10,0.4652243012262191,16.1,1.45,1.31,4.942907831904408,268.551
2021-06-11,0.1948434669559073,15.65,1.47,1.31,4.942907831904408,268.551
2021-06-14,0.1815201873095251,16.39,1.51,1.35,4.997888711644927,268.551
2021-06-15,-0.2011693780525791,17.02,1.51,1.35,4.997888711644927,268.551
2021-06-16,-0.5390124612855707,18.15,1.57,1.36,4.997888711644927,268.551
2021-06-17,-0.0435715592051799,17.75,1.52,1.29,4.997888711644927,268.551
2021-06-18,-1.3124468779900589,20.7,1.45,1.19,4.997888711644927,268.551
2021-06-21,1.4002289962720793,17.89,1.5,1.23,4.997888711644927,268.551
2021-06-22,0.5124491902218642,16.66,1.48,1.23,4.997888711644927,268.551
2021-06-23,-0.108328334315888,16.32,1.5,1.24,4.997888711644927,268.551
2021-06-24,0.5811249724885448,15.97,1.49,1.23,4.997888711644927,268.551
2021-06-25,0.333059731931673,15.62,1.54,1.26,4.997888711644927,268.551
2021-06-28,0.2314964262061902,15.76,1.49,1.24,4.997888711644927,268.551
2021-06-29,0.0277336193260868,16.02,1.49,1.22,4.997888711644927,268.551
2021-06-30,0.1328159646746485,15.83,1.45,1.2,4.997888711644927,268.551
2021-07-01,0.522162685427574,15.48,1.48,1.23,4.997888711644927,268.551
2021-07-02,0.7500081663913916,15.07,1.44,1.2,4.997888711644927,268.551
2021-07-06,-0.2021856059824189,16.44,1.37,1.15,4.997888711644927,268.551
2021-07-07,0.3358975310182588,16.2,1.33,1.11,4.997888711644927,268.551
2021-07-08,-0.8561024934316985,19.0,1.3,1.11,4.997888711644927,268.551
2021-07-09,1.1277947808795874,16.18,1.37,1.14,4.997888711644927,268.551
2021-07-12,0.3451174331237094,16.17,1.38,1.15,4.997888711644927,268.551
2021-07-13,-0.3516812658565627,17.12,1.42,1.16,5.947968471427223,270.981
2021-07-14,0.1164934575244691,16.33,1.37,1.14,5.947968471427223,270.981
2021-07-15,-0.3262240854172371,17.01,1.31,1.08,5.947968471427223,270.981
2021-07-16,-0.7538854211077806,18.45,1.31,1.06,5.352352515803949,270.981
2021-07-19,-1.5869512427409305,22.5,1.19,0.98,5.352352515803949,270.981
2021-07-20,1.5162609437855634,19.73,1.23,1.03,5.352352515803949,270.981
2021-07-21,0.8241819990835397,17.91,1.3,1.08,5.352352515803949,270.981
2021-07-22,0.2016669958327943,17.69,1.27,1.07,5.352352515803949,270.981
2021-07-23,1.0145452020822845,17.2,1.3,1.08,5.352352515803949,270.981
2021-07-26,0.2382199862628331,17.58,1.29,1.07,5.352352515803949,270.981
2021-07-27,-0.4712444807091209,19.36,1.25,1.05,5.352352515803949,270.981
2021-07-28,-0.0186261882653915,18.31,1.26,1.06,5.352352515803949,270.981
2021-07-29,0.4206152980007482,17.7,1.28,1.08,5.352352515803949,270.981
2021-07-30,-0.540604805147693,18.24,1.24,1.05,5.352352515803949,270.981
2021-08-02,-0.1842805614891363,19.46,1.2,1.03,5.352352515803949,270.981
2021-08-03,0.82034265474622,18.04,1.19,1.02,5.352352515803949,270.981
2021-08-04,-0.4632387901412294,17.97,1.19,1.02,5.352352515803949,270.981
2021-08-05,0.6005446813494242,17.28,1.23,1.02,5.352352515803949,270.981
2021-08-06,0.1675266241764728,16.15,1.31,1.1,5.352352515803949,270.981
2021-08-09,-0.0939908274197431,16.72,1.33,1.1,5.352352515803949,270.981
2021-08-10,0.0992679334170132,16.79,1.36,1.12,5.352352515803949,270.981
2021-08-11,0.127574378768247,16.06,1.35,1.12,5.8515477384590175,272.265
2021-08-12,0.4146380281677686,15.59,1.36,1.13,5.8515477384590175,272.265
2021-08-13,0.1607306655808216,15.45,1.29,1.06,5.8515477384590175,272.265
2021-08-16,0.2620850702215849,16.12,1.26,1.05,5.2341693626001495,272.265
2021-08-17,-0.706069881494753,17.91,1.26,1.03,5.2341693626001495,272.265
2021-08-18,-1.0748470745585936,21.57,1.27,1.04,5.2341693626001495,272.265
2021-08-19,0.1256692232909584,21.67,1.24,1.02,5.2341693626001495,272.265
2021-08-20,0.8141567655737925,18.56,1.26,1.03,5.2341693626001495,272.265
2021-08-23,0.8523790364248329,17.15,1.25,1.02,5.2341693626001495,272.265
2021-08-24,0.1495736301319494,17.22,1.29,1.05,5.2341693626001495,272.265
2021-08-25,0.2220118224179668,16.79,1.35,1.12,5.2341693626001495,272.265
2021-08-26,-0.5824918819612557,18.84,1.34,1.09,5.2341693626001495,272.265
2021-08-27,0.8807632480425154,16.39,1.31,1.09,5.2341693626001495,272.265
2021-08-30,0.4306570844779589,16.19,1.29,1.09,5.2341693626001495,272.265
2021-08-31,-0.1349116039505049,16.48,1.3,1.1,5.2341693626001495,272.265
2021-09-01,0.0311688625761918,16.11,1.31,1.11,5.2341693626001495,272.265
2021-09-02,0.2842638410522902,16.41,1.29,1.09,5.2341693626001495,272.265
2021-09-03,-0.0335031125715312,16.41,1.33,1.12,5.2341693626001495,272.265
2021-09-07,-0.3395574405981705,18.14,1.38,1.16,5.2341693626001495,272.265
2021-09-08,-0.1318566739775151,17.96,1.35,1.13,5.2341693626001495,272.265
2021-09-09,-0.4605608657393345,18.8,1.3,1.07,5.2341693626001495,272.265
2021-09-10,-0.7722578759925436,20.95,1.35,1.12,5.2341693626001495,272.265
2021-09-13,0.227648761845689,19.37,1.33,1.12,5.2341693626001495,272.265
2021-09-14,-0.574663850657553,19.46,1.28,1.07,5.522895142681561,273.012
2021-09-15,0.8473996979569742,18.18,1.31,1.1,5.133606232261889,273.012
2021-09-16,-0.1551140448935006,18.69,1.34,1.11,5.133606232261889,273.012
2021-09-17,-0.9110872450405094,20.81,1.37,1.14,5.133606232261889,273.012
2021-09-20,-1.697731100841482,25.71,1.31,1.08,5.133606232261889,273.012
2021-09-21,-0.0812358516559363,24.36,1.33,1.11,5.133606232261889,273.012
2021-09-22,0.9519611195260236,20.87,1.32,1.07,5.133606232261889,273.012
2021-09-23,1.2134715784494876,18.63,1.41,1.14,5.133606232261889,273.012
2021-09-24,0.1461009046688222,17.75,1.47,1.18,5.133606232261889,273.012
2021-09-27,-0.2776382621339612,18.76,1.48,1.17,5.133606232261889,273.012
2021-09-28,-2.0364110556098214,23.25,1.54,1.23,5.133606232261889,273.012
2021-09-29,0.1569184219400332,22.56,1.55,1.25,5.133606232261889,273.012
2021-09-30,-1.1909714125195148,23.14,1.52,1.24,5.133606232261889,273.012
2021-10-01,1.149147763018199,21.15,1.48,1.21,5.133606232261889,273.012
2021-10-04,-1.2985898136748442,22.96,1.49,1.22,5.133606232261889,273.012
2021-10-05,1.052451466060922,21.3,1.54,1.26,5.133606232261889,273.012
2021-10-06,0.4102792854185466,21.0,1.53,1.23,5.133606232261889,273.012
2021-10-07,0.8298280656405366,19.54,1.58,1.26,5.133606232261889,273.012
2021-10-08,-0.1913723094788988,18.77,1.61,1.29,5.133606232261889,273.012
2021-10-12,-0.2416780558542108,19.85,1.59,1.24,5.133606232261889,273.012
2021-10-13,0.302251448379387,18.64,1.56,1.19,5.567215160138783,274.138
2021-10-14,1.706310194558336,16.86,1.52,1.16,5.567215160138783,274.138
2021-10-15,0.7460210377712606,16.3,1.59,1.18,5.353004700068009,274.138
2021-10-18,0.337476955709759,16.31,1.59,1.15,5.353004700068009,274.138
2021-10-19,0.7393339551406308,15.7,1.65,1.24,5.353004700068009,274.138
2021-10-20,0.3664029804016699,15.49,1.65,1.25,5.353004700068009,274.138
2021-10-21,0.2995871849622578,15.01,1.68,1.23,5.353004700068009,274.138
2021-10-22,-0.1072553627413097,15.43,1.66,1.18,5.353004700068009,274.138
2021-10-25,0.4748196569493546,15.24,1.64,1.17,5.353004700068009,274.138
2021-10-26,0.1819795253519718,15.98,1.63,1.16,5.353004700068009,274.138
2021-10-27,-0.5051568068462853,16.98,1.54,1.04,5.353004700068009,274.138
2021-10-28,0.9829281576461124,16.53,1.57,1.07,5.353004700068009,274.138
2021-10-29,0.1949334719149265,16.26,1.55,1.07,5.353004700068009,274.138
2021-11-01,0.1800077143134126,16.41,1.58,1.08,5.353004700068009,274.138
2021-11-02,0.3680363085413196,16.03,1.56,1.1,5.353004700068009,274.138
2021-11-03,0.6461279195357994,15.1,1.6,1.13,5.353004700068009,274.138
2021-11-04,0.4181942361150437,15.44,1.53,1.12,5.353004700068009,274.138
2021-11-05,0.3732799652949259,16.48,1.45,1.06,5.353004700068009,274.138
2021-11-08,0.0887787911303616,17.22,1.51,1.06,5.353004700068009,274.138
2021-11-09,-0.3498775895770745,17.78,1.46,1.05,5.353004700068009,274.138
2021-11-10,-0.8225823395229703,18.73,1.56,1.05,6.346821209104991,276.724
2021-11-12,0.7222656026415475,16.29,1.58,1.05,6.346821209104991,276.724
2021-11-15,-0.0010739820344718,16.49,1.63,1.1,6.346821209104991,276.724
2021-11-16,0.3865229864862485,16.37,1.63,1.09,6.299433400556986,276.724
2021-11-17,-0.2601625374463401,17.11,1.6,1.08,6.299433400556986,276.724
2021-11-18,0.3384780215271332,17.59,1.59,1.07,6.299433400556986,276.724
2021-11-19,-0.1398665559303236,17.91,1.54,1.02,6.299433400556986,276.724
2021-11-22,-0.3197136556321922,19.17,1.63,1.0,6.299433400556986,276.724
2021-11-23,0.1657132912945114,19.38,1.67,1.07,6.299433400556986,276.724
2021-11-24,0.2293850635722183,18.58,1.64,1.0,6.299433400556986,276.724
2021-11-26,-2.2724822637582465,28.62,1.48,0.98,6.299433400556986,276.724
2021-11-29,1.3200199537034996,22.96,1.52,1.01,6.299433400556986,276.724
2021-11-30,-1.896131033450521,27.19,1.43,0.91,6.299433400556986,276.724
2021-12-01,-1.1815187417889228,31.12,1.43,0.87,6.299433400556986,276.724
2021-12-02,1.419443613158311,27.95,1.44,0.81,6.299433400556986,276.724
2021-12-03,-0.8448563730297565,30.67,1.35,0.75,6.299433400556986,276.724
2021-12-06,1.1730872577451423,27.18,1.43,0.78,6.299433400556986,276.724
2021-12-07,2.0707080374404274,21.89,1.48,0.78,6.299433400556986,276.724
2021-12-08,0.3085285312316665,19.9,1.52,0.84,6.299433400556986,276.724
2021-12-09,-0.7181080169894716,21.58,1.49,0.79,6.299433400556986,276.724
2021-12-10,0.9549073338481762,18.69,1.48,0.81,7.127628925381746,278.88
2021-12-13,-0.9136167611567658,20.31,1.42,0.76,7.127628925381746,278.88
2021-12-14,-0.7470677577436025,21.89,1.44,0.77,6.925545497417729,278.88
2021-12-15,1.6348464630746795,19.29,1.47,0.78,6.925545497417729,278.88
2021-12-16,-0.8743415379980468,20.57,1.44,0.8,6.925545497417729,278.88
2021-12-17,-1.0287680637092622,21.57,1.41,0.75,6.925545497417729,278.88
2021-12-20,-1.138805785140995,22.87,1.43,0.78,6.925545497417729,278.88
2021-12-21,1.7777934551572503,21.01,1.48,0.78,6.925545497417729,278.88
2021-12-22,1.0180197220578835,18.63,1.46,0.78,6.925545497417729,278.88
2021-12-23,0.6223699921661829,17.96,1.5,0.79,6.925545497417729,278.88
2021-12-27,1.383893524747526,17.68,1.48,0.72,6.925545497417729,278.88
2021-12-28,-0.1010154848626099,17.54,1.49,0.75,6.925545497417729,278.88
2021-12-29,0.1401895139427011,16.95,1.55,0.8,6.925545497417729,278.88
2021-12-30,-0.2989755594509313,17.33,1.52,0.79,6.925545497417729,278.88
2021-12-31,-0.2626179913657545,17.22,1.52,0.79,6.925545497417729,278.88
