Date,SP500_Returns,VIX,Treasury_10Y,Yield_Spread,SP500_Volatility,cumret_5,cumret_10,cumret_20,cumret_30
2012-01-03,1.5473984880403524,22.97,1.97,1.7,1.2485858276006705,1.1761308608677856,2.4258828126582976,3.6826699660742257,5.181425997134648
2012-01-04,0.0187923999940275,22.22,2.0,1.75,1.2309429511871468,1.1884389775567605,2.91238939558518,3.7767156024641757,6.3211451615029945
2012-01-05,0.2943716919978634,21.48,2.02,1.75,1.2318140752836773,1.1271869190973893,2.679027111869847,4.983370248104624,6.258092377261737
2012-01-06,-0.2536961462655807,20.63,1.98,1.73,1.233967216831045,0.8827530469572187,2.9887025187669725,5.205773503938715,6.605042883809564
2012-01-09,0.226159792583358,21.07,1.98,1.72,1.121436534142826,1.0127346972700124,2.6508998623074875,5.180768344336828,6.009220421800721
2012-01-10,0.8885769748331329,20.69,2.0,1.76,1.0786558510426494,1.2352240999501163,2.6298761450350705,4.479599316713068,5.524426297948937
2012-01-11,0.0309597259974481,21.05,1.93,1.69,1.0081048924304574,1.7037029481310695,2.007773709019145,4.601229543343233,5.668173656280162
2012-01-12,0.2336608362904613,20.47,1.94,1.72,0.9746572715240908,1.5345430245320202,1.6078700157998504,3.6387506482776555,5.5646442161568554
2012-01-13,-0.4947922948427274,20.91,1.89,1.65,0.9354173588801064,2.087521809431103,1.855575993882641,4.862349050327963,6.445639179089424
2012-01-17,0.3552954600872571,22.2,1.87,1.66,0.9354615749138012,1.6217412289123434,1.4485911861438217,4.392925098688405,5.56633510242035
2012-01-18,1.1107929092462498,20.89,1.92,1.68,0.9522395239607804,1.3776351635355955,1.2270210604038878,2.690280140925272,5.0495340192454385
2012-01-19,0.4938656879440728,19.87,2.01,1.75,0.8818102385687172,0.29897707956918484,0.8398660374667077,3.3122890119817505,4.193990481765919
2012-01-20,0.0669459781523329,18.28,2.05,1.79,0.6493854987002566,0.07221876327363486,2.2442198772726574,3.4856828761071545,3.721354360729867
2012-01-23,0.0471342969245336,18.67,2.09,1.83,0.6513892626286568,-0.22720290534766763,2.152732223000542,3.5113952080166655,2.079026242519899
2012-01-24,-0.102581731454221,18.91,2.08,1.84,0.6438112441267384,-0.17038680962816466,2.4645360980009023,3.2715938817856838,2.8889803189770857
2012-01-25,0.8679141952454561,18.31,2.01,1.79,0.6419225022518151,-0.14856738657271773,1.802324275500422,2.8203777122592477,3.005141081482998
2012-01-26,-0.5753890884025226,18.57,1.96,1.74,0.6656721690268875,0.5392766443354846,2.5424099948716083,3.5883539206555515,3.977453430968847
2012-01-27,-0.1592877567026751,18.53,1.93,1.71,0.5793258176369421,2.170433653656656,1.9987434360763556,3.894161150845621,4.160051931793141
2012-01-30,-0.2522123175721869,19.4,1.87,1.65,0.5572178726441995,2.3853547235830552,2.9519965177221996,4.506442715990788,6.316779064087719
2012-01-31,-0.0456946696121951,19.44,1.83,1.61,0.540945404420205,2.639420131383652,2.902291572627358,4.0589463768117895,6.238141509513895
2012-02-01,0.8899605562620927,18.55,1.87,1.64,0.4711896523187133,1.9537943632976784,1.445522218467965,3.7761784539333654,5.929356145901021
2012-02-02,0.1095147066754842,17.98,1.86,1.63,0.4699704865426181,1.9923888627350284,2.4518308796606325,3.326188913274586,5.931922278139923
2012-02-03,1.4605356896842503,17.1,1.97,1.74,0.549637767503541,-0.1680429566955577,1.2142133807903077,1.444711970251511,4.821917942502196
2012-02-06,-0.0423874153488323,17.76,1.93,1.69,0.5415203904428075,0.5534402802714888,1.3300309795436283,-0.07215272550880059,4.551714644233806
2012-02-07,0.202338180532724,17.65,2.0,1.75,0.5416143918582669,0.2561115806258618,0.7876459646612766,0.4142352438606167,4.145351976260336
2012-02-08,0.2160210833967557,18.16,2.01,1.74,0.5206302400796932,-0.4985318574986852,1.0000296594444347,1.1815219490739715,3.1719509910232757
2012-02-09,0.1474110560281349,18.63,2.04,1.77,0.5190461553160194,0.4504669633181413,1.0200110625801395,1.39946334025991,3.340362869242508
2012-02-10,-0.6886302644093845,20.79,1.96,1.69,0.5578889886647749,1.3845830317503527,1.858275554107336,2.1189560017190967,5.501846683493183
2012-02-13,0.6800039312997219,19.04,1.99,1.7,0.544755901064701,0.7723163892827012,1.50987474827744,3.2683023740935457,4.49410766049283
2012-02-14,-0.0939523375204309,19.54,1.92,1.63,0.5489574781885256,0.5301765405173686,1.124032114841711,3.241764479590925,4.075530474824163
2012-02-15,-0.5383205872824925,21.14,1.93,1.64,0.5311421273432402,1.506069754465278,2.2974461410392832,4.419942674036292,4.470570914979777
2012-02-16,1.102570580548079,19.22,1.99,1.7,0.5689340298162274,0.5669899966417979,0.853433292608452,3.3968074251078617,3.7134348170940967
2012-02-17,0.234893030727723,17.78,2.01,1.72,0.5686562621758827,0.46722342607914413,0.22773341980537598,3.5644248383761123,4.246898718307857
2012-02-21,0.0719922777789872,18.19,2.05,1.74,0.5683938048015277,0.7319057310795296,-1.3837790154584084,3.179396703570103,3.756399190481341
2012-02-22,-0.3340106803125353,18.19,2.01,1.72,0.5766220603815495,0.5907236958695439,-0.370492551171997,3.331465855226323,3.0419932617937517
2012-02-23,0.4272002277298181,16.8,1.99,1.68,0.5563157336444625,0.7796345464742283,0.17969528349794928,2.150416528492327,2.5391281085645367
2012-02-24,0.167223780836756,17.31,1.98,1.67,0.5301792232938035,0.28482834772745047,0.3756209029166735,2.2969229385898293,1.2052045817795287
2012-02-27,0.1354559139489008,18.19,1.92,1.62,0.524382134306967,-0.23837625656090156,0.2559246621775868,3.5770987772617557,-0.6580919884565772
2012-02-28,0.3356333407924516,17.96,1.94,1.64,0.5145258903061403,-2.100312439423213,1.7322724810533652,2.9398449358899237,-0.25288902604679864
2012-02-29,-0.4736987673316872,18.43,1.98,1.68,0.5347445020082328,-0.9555714599963849,2.094192963294983,2.9186913320767394,1.602856578203915
2012-03-01,0.6158039788692005,17.26,2.03,1.73,0.5194348485053198,-0.5952981132310131,2.0748284664610983,2.124319673576558,-0.2787267318702713
2012-03-02,-0.3245756135652589,17.29,1.99,1.71,0.5317563497245308,0.09053468673687615,2.5218518095663,2.835799864331623,-0.004385023220632167
2012-03-05,-0.3869693865664492,18.05,2.0,1.69,0.4488818692446711,0.4954820302541352,3.3291099226947285,4.010033112959066,1.9386859553149893
2012-03-06,-1.5370160722531612,20.87,1.96,1.66,0.5755843276030532,3.914808122451996,4.627206025004549,5.212304988593641,3.1101141728544945
2012-03-07,0.6900622046460692,19.07,1.98,1.68,0.5947127506449782,3.079188267575894,3.715724890339067,3.425175834296379,1.7957637324927278
2012-03-08,0.9817931917032618,17.95,2.03,1.71,0.6313593014029266,2.6861169834135668,1.9671863039885107,2.355200640598576,0.9239257931629385
2012-03-09,0.363125009216203,17.11,2.04,1.71,0.6347530234683687,2.429117928522362,1.9141122300318392,0.8264792500414009,-0.28668318111394475
2012-03-12,0.0160460659222705,15.64,2.04,1.71,0.6093942245684748,2.8196569986972175,3.312696108758839,-0.911683427901222,0.0641828694505131
2012-03-13,1.813154933030892,14.8,2.14,1.79,0.7098946705438335,0.6855595611677368,1.1870102037300656,-1.9513586580599096,-0.3768050395510314
2012-03-14,-0.1196261996068037,15.31,2.29,1.89,0.7104074068114155,0.6175219590504044,0.807585960426005,-0.4812579156854624,0.40880964025202804
2012-03-15,0.5967198922915307,15.42,2.29,1.92,0.6967189241539243,-0.7001245158984593,0.04848522192884008,-2.3057155556275966,0.05418578203710833
2012-03-16,0.1119398536078675,14.47,2.31,1.94,0.6650764536703666,-0.5027922810483365,0.3062255014165238,-2.4640959836341847,-0.4458156469452246
2012-03-19,0.3973846386160939,15.04,2.39,2.0,0.6669104310058778,0.47951833769284136,0.6589848599042103,-1.345626579402437,-0.2787766420243587
2012-03-20,-0.3000518154814724,15.58,2.38,1.97,0.6751427177961827,0.4980363070413052,0.5592225825558295,-1.449997481331522,-0.22838244157997734
2012-03-21,-0.1871197027623727,15.13,2.31,1.92,0.670281216753655,0.1888975177235297,-0.28013983062835646,-1.8511765307299588,-0.8069106088984923
2012-03-22,-0.72065416718331,15.57,2.29,1.92,0.6954210441742764,0.7538878917800584,0.38052862952724364,-1.023133567415846,-1.7002005494645034
2012-03-23,0.3108858515779689,14.82,2.25,1.88,0.6967976080404532,0.8131060167538617,-1.0672054695776478,-2.159460905844224,-1.9704983562870648
2012-03-26,1.388582475071254,14.26,2.26,1.9,0.7527422299125849,0.1786100542482849,-4.088925849164749,-3.1443504638467124,-3.726767809514786
2012-03-27,-0.2816775177631903,15.59,2.2,1.87,0.7585964496746193,0.060883055791860485,-3.101553109901334,-1.545470352501277,-4.101893259947587
2012-03-28,-0.494150905632218,15.47,2.21,1.87,0.7594914628558344,-0.4681530189199923,-1.2785187382797214,-0.39558165824000735,-3.38304477329876
2012-03-29,-0.1607929836799582,15.48,2.18,1.85,0.7540776852088795,-0.3705656129655788,-2.3530598912460343,0.0056977975184890894,-3.555242974093764
2012-03-30,0.3698436019823115,15.5,2.23,1.9,0.7490893993410846,-1.8651458730167936,-2.761863953311239,-0.7497452372496438,-4.978451552089758
2012-04-02,0.7504645877610239,15.64,2.22,1.89,0.7499470409217989,-4.2599272450497105,-1.9914878359806876,-0.9316222523341633,-6.228154417771126
2012-04-03,-0.3988635996082901,15.66,2.3,1.94,0.6474198108863696,-3.1605119494396927,-1.9980465364455746,-0.7832250527684881,-6.2672427619373305
2012-04-04,-1.0202524371008104,16.44,2.25,1.9,0.6980897131345484,-0.8141773150394438,-1.5754501635213414,-0.5282506186585323,-6.7264237872024175
2012-04-05,-0.0629042222354048,16.7,2.19,1.84,0.6728444024876813,-1.9898680449986106,-1.3983411086860853,-2.0728414239290283,-7.357231959882227
2012-04-09,-1.1358438273891824,18.81,2.06,1.74,0.7255912893600883,-0.9137610569371568,-1.104037787925538,-0.9130368660835164,-4.790186895996129
2012-04-10,-1.7081454337735449,20.39,2.01,1.73,0.8247031263638757,2.369372973921946,0.9848449656944869,0.37759773087349124,-3.0884933639388823
2012-04-11,0.7448895819775148,20.02,2.05,1.75,0.7269952223006193,1.2004043354578497,1.6058902978754341,-1.0323593227256067,-3.6421138888908633
2012-04-12,1.3779387810288313,17.2,2.08,1.79,0.7980775355849261,-0.7675218371680947,0.894371790977222,-2.1317812578599327,-4.820650141422867
2012-04-13,-1.247500104029453,19.55,2.02,1.75,0.8288851504010016,0.6035365165961482,2.4155981602060006,-1.2311528466829702,-3.8270155374039216
2012-04-16,-0.0503600390907243,19.55,2.0,1.73,0.8273569903140418,-0.1920314394995959,2.0692691138129993,-2.2795455454989733,-2.712523186158544
2012-04-17,1.5486673802446171,18.46,2.03,1.76,0.9020335163879368,-1.3524826498450437,1.0814015642567787,-4.32275369582219,-5.569542370188707
2012-04-18,-0.4055288780130728,18.64,2.0,1.73,0.9037937948108228,0.40067622761017496,1.2395890497518103,-4.356235844910383,-5.400902277213982
2012-04-19,-0.5934396967956612,18.36,1.98,1.71,0.9111227523105486,1.6747476823246288,1.06396173170471,-5.233423604414611,-7.181245223178678
2012-04-20,0.1169265680053044,17.44,1.99,1.7,0.8997611076891604,1.8011907994019083,-0.684065889790364,-6.043398172199577,-7.279491447648834
2012-04-23,-0.8407570124922548,18.97,1.96,1.69,0.9123765373170332,2.265651316149042,0.19313318518747735,-3.727299907518955,-5.957828792570641
2012-04-24,0.3679773444691614,18.1,2.0,1.73,0.850904436367542,2.467253388103674,-0.6013251147014009,-4.033613490239207,-4.142945329275827
2012-04-25,1.3644592157896265,16.82,2.01,1.75,0.9153032145387632,0.8355649121723152,-2.5965518464200588,-5.165059005320305,-5.4433377935650835
2012-04-26,0.6680165568110796,16.24,1.98,1.72,0.9240655090248688,-0.6007253172914062,-2.999327906125837,-5.664361481173474,-5.308643503900489
2012-04-27,0.2414323726029899,16.32,1.96,1.7,0.9251192955334951,-2.4412844974372128,-3.5607378879772167,-6.09537395645996,-6.728845957295004
2012-04-30,-0.3883501901694619,17.15,1.95,1.68,0.924888472817143,-2.026602387300569,-4.260650337823801,-4.6848501429353595,-5.274300825232703
2012-05-01,0.5658384242170911,16.6,1.98,1.71,0.917543491844788,-2.9946918662712485,-5.346339857232374,-6.579789982648343,-6.468818545810495
2012-05-02,-0.2496683664631072,16.88,1.96,1.69,0.915099431085784,-3.403676829283131,-5.527308977827106,-6.559184395446804,-5.220677307358679
2012-05-03,-0.7658871330822326,17.56,1.96,1.68,0.9023693648038594,-2.4130986835578017,-6.231088934388951,-8.158404651474093,-3.5017988566582225
2012-05-04,-1.6147208958519288,19.16,1.91,1.64,0.9701849977937288,-1.147466307621292,-5.396246161730733,-6.640853370557453,-1.7763455352231672
2012-05-07,0.0350581022064977,18.94,1.92,1.65,0.939235753171578,-2.2802597490338194,-3.912876030596113,-6.13910532809594,-0.8469732296136234
2012-05-08,-0.4278673417828948,19.05,1.88,1.61,0.8599612306952513,-2.4242467100039633,-3.4530524471261814,-3.5630457032362672,-0.5888327126818194
2012-05-09,-0.6702266480503982,20.08,1.87,1.6,0.8555891155575319,-2.1984606440876964,-2.6369776507813025,-2.9226747113268448,-2.146048755492469
2012-05-10,0.2517410777005402,18.83,1.89,1.62,0.7914293928648422,-3.9124003317316802,-2.747438257405599,-2.3807212341166006,-1.6914683369028682
2012-05-11,-0.3387341305176816,19.89,1.84,1.57,0.747217769649252,-4.2980990930706175,-2.6282200972655323,-3.285081200266504,-2.931161270287419
2012-05-14,-1.111286391927968,21.87,1.78,1.49,0.783337391333478,-1.6707128747675326,-0.4430778009338443,-1.0587605733542116,-1.3718373883127244
2012-05-15,-0.5745837446504476,21.97,1.76,1.47,0.683956813114692,-1.0543661744169097,-1.303119312613521,-1.1858798559771122,0.08942490010106496
2012-05-16,-0.4403818556987793,22.27,1.76,1.46,0.684502659774593,-0.4483743400988671,-1.0922473007332067,0.32457175417652806,0.32004756024321956
2012-05-17,-1.5051375861739211,24.49,1.7,1.38,0.7388643363353382,1.2123958537292978,-2.0553888225667727,2.910655617852975,4.391279483728439
2012-05-18,-0.7387777046316768,25.1,1.71,1.39,0.7403090912190962,1.7448754726711702,-1.3156002360693253,3.8263815965442705,5.426880425904956
2012-05-21,1.603590123766763,22.01,1.75,1.45,0.8425399124230102,1.248493820839136,-2.3168861815540565,3.190753010735059,4.409610234690331
2012-05-22,0.0486337018660298,22.48,1.79,1.49,0.8344686253258226,-0.25140385540922683,-0.11392722286727164,2.9666600623243777,3.8697242948226407
2012-05-23,0.1693703212352737,22.33,1.73,1.45,0.7554124174907784,-0.6467729244663545,-0.29343487255442113,0.5042252011528303,2.7159871978242434
2012-05-24,0.1380031526917458,21.54,1.77,1.48,0.7299327154760161,-3.228640769475144,0.3770769805114149,1.085801650446605,2.406329007337149
2012-05-25,-0.2165632329979128,21.76,1.75,1.45,0.7195394239049147,-3.007990028512586,-0.67459083489807,-0.3111180398719937,1.7946324519264145
2012-05-29,1.107897759277621,21.03,1.74,1.44,0.7858566022234297,-3.521415349350465,-0.6184228668593361,-0.9328930292981652,0.6777072491212621
2012-05-30,-1.4334892170861036,24.14,1.63,1.36,0.8053201994448747,0.13782312519232676,0.1187873981628007,1.4109303181782717,1.632508783342801
2012-05-31,-0.227666551690131,24.06,1.59,1.32,0.8054602900634434,0.3556382236515887,1.4324651164784319,1.4278909614604096,3.544914242977848
2012-06-01,-2.464258474972991,26.66,1.47,1.22,0.9326967401446232,3.7260174690707526,5.070257955716806,6.5819530332471565,5.9153057240204365
2012-06-04,0.0109554195610428,26.12,1.53,1.28,0.8931403029260339,2.4057643452285005,5.21053159862559,6.832367302332898,6.688415296903694
2012-06-05,0.5726850663809513,24.68,1.57,1.32,0.9128696985117596,3.008950113647413,5.638271526157168,6.8860380809996125,6.789578319476819
2012-06-06,2.304940092011853,22.16,1.66,1.4,1.0832819289297977,-0.01900952750463203,3.0841009157153154,3.988195157675589,4.667219564219582
2012-06-07,-0.0106464492421021,21.72,1.66,1.39,1.0774575793983794,1.0730108560786933,0.8000075749151181,3.01827875279026,3.625125993302558
2012-06-08,0.8114163624478143,21.23,1.65,1.37,1.0953600228432323,1.2959530496260419,0.7060622716407616,2.02162892950124,1.8752911538851613
2012-06-11,-1.2620113782869202,23.56,1.6,1.33,1.1243703500714963,2.73887634288017,0.36594140218628723,2.4859935716147197,2.2445817329594497
2012-06-12,1.1650737147309576,22.09,1.67,1.37,1.1382278306473697,2.552517436211965,-0.31642701948425556,1.3041955595494814,1.035354738887584
2012-06-13,-0.7023250955987548,24.27,1.61,1.31,1.1416969741257637,3.1037004420091385,1.2906098381682662,1.5119254083252986,3.4330139998181908
2012-06-14,1.0814652782245693,21.68,1.64,1.34,1.1650262302959806,-0.27010502492335053,-0.004509557184473323,2.082616373439783,4.278835013304039
2012-06-15,1.033781542905965,21.11,1.6,1.31,1.127511077547846,-0.5823438747807552,1.4387468984490948,0.8042692430237919,3.1619615209972585
2012-06-18,0.1444746601191093,18.32,1.59,1.3,1.108012478121821,-2.309675777233988,1.5415145984572831,1.404691788761414,2.568443629419881
2012-06-19,0.9815695418065262,18.38,1.64,1.34,1.074582579540663,-2.7975368400690037,1.1811690373346284,1.0898576592429432,1.2768940683739904
2012-06-20,-0.1686357012206873,17.24,1.65,1.33,1.0768918124273987,-1.7585116693853875,0.877045280435107,1.5357544320036665,0.6867395198117299
2012-06-21,-2.226167703901349,20.08,1.63,1.31,1.2009146496459924,0.26631479738874475,2.200665685691061,2.802696633021351,4.939983854239416
2012-06-22,0.7174604262178752,18.11,1.69,1.38,1.210557196792624,2.032929413145923,1.30634306235895,1.1610312784254617,4.435136557599306
2012-06-25,-1.5954853497705423,20.38,1.63,1.32,1.2652303889170178,3.9422434169727127,2.1123223075574904,1.8717906737357293,6.670371680192311
2012-06-26,0.4772721486371312,19.72,1.66,1.35,1.2436320496371756,4.093215077129586,1.6257669449212697,1.3560727389216432,6.229591214865926
2012-06-27,0.8984905521485453,19.45,1.65,1.34,1.2150462728278697,2.682733124879988,0.21849564388110032,2.1151063904865097,5.327182080772452
2012-06-28,-0.2109799583246085,19.71,1.6,1.29,1.214831682055212,1.9292131083216812,2.0872200550061892,4.283537739072396,5.780860906860474
2012-06-29,2.492023877666627,17.08,1.67,1.34,1.1737739246378978,-0.7121096639741697,-0.625478601446483,1.6987735704911522,3.079663924888121
2012-07-02,0.2459311315762491,16.8,1.61,1.31,1.1716310190663852,-1.7605172346284337,-0.13474568528639708,1.011339091231389,2.8136039773086097
2012-07-03,0.6232110863167994,16.66,1.65,1.35,1.1722191086746303,-2.37042167482292,-0.09024542704973992,0.09460755588233116,2.2932715184437624
2012-07-05,-0.4687023030974124,17.5,1.62,1.34,1.088612070810567,-2.399855755691571,0.6529822019839759,-0.18865120414098824,3.5047350247227937
2012-07-06,-0.943264946713962,17.1,1.57,1.3,1.11775575838245,0.15501635092247668,0.5890675401095669,2.68033299995607,4.6859758726686795
2012-07-09,-0.1638831816675789,17.98,1.53,1.26,1.1088376438326273,0.08725239526641282,-0.14343799168038407,3.0884477720357406,4.8555998581866655
2012-07-10,-0.8125926498228409,18.72,1.53,1.26,1.0839301659038822,1.6549064628372578,-0.23555593329598334,4.463760366654057,5.344888428967676
2012-07-11,-0.0014923577632885,17.95,1.54,1.27,1.0562447620865183,2.3355383551678877,-0.2653797497496946,4.530174195329639,5.370311355974722
2012-07-12,-0.4987097282612596,18.33,1.5,1.25,1.0493665982889524,3.1279031207513297,1.8924757694875893,5.0975485154403755,5.043599283505884
2012-07-13,1.649736234989274,16.74,1.52,1.27,1.0849908987888943,0.4333793802861363,2.1514129612725474,3.61812266987398,4.005805982721045
2012-07-16,-0.2314313728559835,17.11,1.5,1.26,1.0649136309014002,-0.23048927952956655,2.338881374448021,3.728463266227644,4.19608803988889
2012-07-17,0.7409672577889825,16.48,1.53,1.28,1.0761270336862443,-1.8596863269205288,1.14763115998886,2.9523277969168316,3.3461177126688835
2012-07-18,0.6680490923747229,16.16,1.52,1.3,1.064450174284255,-2.541559019204831,0.18501995498054757,2.3856699034858764,2.746977675426643
2012-07-19,0.2717099891568653,15.45,1.54,1.32,1.0640350744026386,-1.1979564345618532,-0.8361733430173324,2.833252190199498,1.6687107641909504
2012-07-20,-1.0061659913606968,16.27,1.49,1.27,0.9540563722064026,1.7106201061712234,2.0790186359095575,4.0729161058437935,3.223101931028638
2012-07-23,-0.890905606969361,18.62,1.47,1.25,0.9706915083796832,2.575306459281257,3.2365281747301466,5.006218669385554,4.029553141603093
2012-07-24,-0.9040932945028056,20.47,1.44,1.22,0.9195111487826392,3.064303928075107,4.710411954792271,5.593620467160143,4.866576500286945
2012-07-25,-0.0313861457302278,19.34,1.43,1.21,0.9154581266497528,2.797683758067415,4.808314237369649,5.650686884437506,7.043178395610616
2012-07-26,1.6540974699349675,17.53,1.45,1.22,0.965609322727369,0.3661696443605589,3.145544086301011,3.0925968676501325,5.727858656147711
2012-07-27,1.9080565579335351,16.7,1.58,1.33,1.0418828734055134,0.3622026189141314,1.4358193059527347,1.8153376127568288,3.1104559451380576
2012-07-30,-0.0483359588707488,18.03,1.53,1.3,0.8940448782043202,0.6446207554947625,1.357823999165375,1.8147615456588273,3.483722519641197
2012-07-31,-0.4316828360845903,18.93,1.51,1.28,0.9005621783207854,1.597166006055728,1.7842203680216828,2.173542303924636,4.149879254533184
2012-08-01,-0.2899979813067777,18.96,1.56,1.32,0.8933131364186708,1.9559102946659968,2.1965858263981897,2.55722634142046,6.156388858735995
2012-08-02,-0.7503669467536,17.57,1.51,1.27,0.9033955917532642,2.7692343463828095,3.7003670157967683,2.5260058951466213,7.382419013278496
2012-08-03,1.904028588598905,15.64,1.6,1.36,0.969763196686966,1.0697420533058999,1.9532882433420662,1.1207820278912317,5.046761778641384
2012-08-06,0.2329269266581279,15.95,1.59,1.35,0.9673443141357352,0.7086352338723234,1.7142096174138866,0.7681631500922936,4.668524327559531
2012-08-07,0.5106758007594747,15.99,1.66,1.39,0.942498759214126,0.18411375958535814,0.8434772587363915,0.14913946242722798,4.260182986568095
2012-08-08,0.0620826440464128,15.32,1.68,1.39,0.941809492003106,0.23605844039509272,0.8037269306326866,2.1323348004429032,4.13915364744073
2012-08-09,0.0413685539444319,15.28,1.69,1.4,0.9275728903253884,0.9060422366051313,-0.05133253124982584,2.503563864752234,4.08825018461092
2012-08-10,0.2188441817939201,14.74,1.65,1.38,0.8673997540667024,0.874194563166264,0.3741462428171971,1.6509322354209433,3.6290709459943837
2012-08-13,-0.1251900795761873,13.7,1.65,1.38,0.8650604792706399,0.9984986701551124,0.45081625518839097,2.0974192584218843,2.6693051726547345
2012-08-14,-0.0128146400568462,14.85,1.73,1.46,0.856015832023847,0.6581517512180612,0.3824973404475296,2.324190211368693,2.0934014839586013
2012-08-15,0.1139640526754526,14.63,1.8,1.53,0.8472560639527192,0.5663316166558685,0.35288900515215715,3.8746920949632724,2.9611601495280304
2012-08-16,0.7100510313353237,14.29,1.83,1.54,0.8569645221278115,-0.9487784345065031,-1.1324560890621282,3.5506643837825758,1.77745363904942
2012-08-17,0.1872133998191527,13.45,1.81,1.52,0.8131460973350729,-0.49571480844482485,-0.8165565130805796,3.034206731925848,1.8566279841554012
2012-08-20,-0.0021174829462955,14.02,1.82,1.53,0.7735428259729914,-0.542267877421998,-0.9301025597898138,2.904525062189456,1.947634915140939
2012-08-21,-0.3497536135912971,15.02,1.8,1.49,0.7392859306420058,-0.2738520487161722,-0.6885302006471861,3.3881276416771744,2.676248796180003
2012-08-22,0.0226403248804629,15.11,1.71,1.45,0.7382050799989335,-0.21224062573678149,1.3180146312690377,3.3088327370111026,3.3894852111222784
2012-08-23,-0.8072242646582573,15.96,1.68,1.42,0.7009050335488494,-0.18543704121223303,2.5562085625612685,4.14170875980413,4.197342484079747
2012-08-24,0.6454730908207917,15.18,1.68,1.4,0.5813337254969984,-0.3224400878998446,1.2720267523023354,3.242791919049637,2.5050898607948957
2012-08-27,-0.0489014813783827,16.35,1.65,1.37,0.5813409033897998,-0.3899492518991132,1.6392131638337304,2.208532493982318,1.9206259491323818
2012-08-28,-0.0808182287427627,16.49,1.64,1.37,0.5699013250990485,-0.41581687496201614,1.9342942468704383,1.704384916534285,2.02299334775764
2012-08-29,0.0844349226581941,17.06,1.66,1.39,0.562198640368726,1.5335099882004988,3.5094187369436813,2.5990992090342058,1.6345640809653617
2012-08-30,-0.780580496271055,17.83,1.63,1.36,0.564717571306294,2.746739075444804,4.736762225087077,2.9432406359086283,3.2616001260963756
2012-08-31,0.5073295570515723,17.47,1.57,1.35,0.3938060772499262,1.599624671398714,3.882465772136956,2.6951922652176385,3.795504595915755
2012-09-04,-0.1165959063598176,17.98,1.59,1.36,0.3933188669426571,2.037106095713459,3.870628436143786,2.9047546724952467,4.344498123804441
2012-09-05,-0.1067661296965227,17.74,1.6,1.35,0.3782931118735863,2.359924084411724,4.1049214663329,3.3881071377005245,4.200759555665701
2012-09-06,2.0435540463669577,15.6,1.68,1.41,0.59217390724733,1.9460656378104124,1.9649201704033947,2.0445234614910657,0.4218424101770202
2012-09-07,0.4049974057970251,14.38,1.67,1.42,0.5956183421316538,1.936823657421427,1.5459816811340898,1.6002287375097346,0.060742659281531886
2012-09-10,-0.6147829935223559,16.28,1.68,1.43,0.6175006335156041,2.2468991476312983,1.9460113813734026,1.2175752258898331,-0.7745038552211647
2012-09-11,0.313495582950507,16.41,1.7,1.45,0.6174811895140382,1.7969172300030145,0.5601374827950645,0.2768742265301327,-1.389791151028652
2012-09-12,0.2092692232889659,15.8,1.77,1.52,0.6172357248761042,1.7047661939277425,-0.22554659551509149,0.08701595625160152,-1.3009468070609098
2012-09-13,1.630974737217783,14.05,1.75,1.51,0.703990112005837,0.018494615240949308,-0.8794557432719952,-1.8112889424517609,-2.9556651983459914
2012-09-14,0.3958951318527193,14.51,1.88,1.61,0.6952877008638065,-0.3834158866876436,-1.7124088534683168,-1.4084472993546315,-3.323276398993502
2012-09-17,-0.3124690820504483,14.59,1.85,1.6,0.703822391068825,-0.29427568832522955,-1.14290077550101,-0.08371112061580366,-1.9605977525634644
2012-09-18,-0.127977552007219,14.18,1.82,1.57,0.7058317941270629,-1.214948134837468,-0.9298815056677512,0.4562114380119331,-2.7557029613266226
2012-09-19,0.1185553958514828,13.88,1.79,1.52,0.6962362482458017,-1.8979570591236339,-0.6885498961393455,0.09205913417245082,-2.6606858845663384
2012-09-20,-0.0540733743606969,14.07,1.8,1.53,0.6972956611154996,-0.8977843167578548,0.07806929182569977,-1.5133418019134703,-1.8431855527764496
2012-09-21,-0.0075319019097297,13.98,1.77,1.5,0.6605608595265638,-1.3341081493709495,0.05342117479938402,-1.4626270752065684,-4.162774477161369
2012-09-24,-0.2232653981520282,14.15,1.74,1.47,0.6586443095369566,-0.8511297551212049,-0.7145312951563398,-2.66858428273109,-5.120619905717271
2012-09-25,-1.05018557847808,15.43,1.7,1.43,0.7114364203481401,0.2885726370411401,-0.2816854305845995,-1.939067191666577,-3.9507536883669037
2012-09-26,-0.573673494358995,16.81,1.64,1.38,0.7268242175393886,1.2328052777791365,0.3132691196007231,-1.0778312231751408,-3.781570700176695
2012-09-27,0.9648981834660786,14.84,1.66,1.41,0.7528570177957185,0.984694037217726,-0.940100971163238,-2.0946308059977214,-6.021191634415446
2012-09-28,-0.4477753072888002,15.73,1.65,1.42,0.7351157611636038,1.4062907638547673,0.30925730355986225,-1.6389327754747662,-5.748918014510784
2012-10-01,0.2651506710448004,16.32,1.64,1.39,0.730862291313598,0.13777107054018245,1.0714350948937357,-0.8271504863859191,-5.543200362653245
2012-10-02,0.0872286948434108,15.71,1.64,1.41,0.7285782881375765,-0.5686171939943585,1.3991029431936974,-1.8429587885910648,-3.7510510321401846
2012-10-03,0.3624409638163683,15.43,1.64,1.41,0.7275719755681193,-0.9083381179206151,0.7860211783187632,-1.9858092761353308,-4.035017198962687
2012-10-04,0.7174435557619541,14.55,1.7,1.47,0.5963659357285839,-1.9060264792915893,-1.590169659547136,-1.919756104606507,-4.4975373212829295
2012-10-05,-0.0321589363126983,14.33,1.75,1.48,0.5927120507120676,-1.0818199265857809,-1.5152387916424481,-4.213944513296363,-3.222369517630752
2012-10-09,-0.989094181235195,16.37,1.74,1.49,0.6210721061451617,0.9323794751691095,-1.9681157908250757,-4.437798066562348,-2.4539654912072217
2012-10-10,-0.6188030354815854,16.29,1.72,1.45,0.6360375160127101,1.9789729174612525,-1.6620635519548732,-3.6794326835801083,-2.359596575950884
2012-10-11,0.019538952303133,15.59,1.7,1.42,0.6344119793371346,1.7098908869402907,-1.386756064262351,-4.082052011379722,-1.6117547983891423
2012-10-12,-0.296613725285566,16.14,1.69,1.42,0.508523743820745,0.3219941127961201,-1.16548658554394,-5.129311369248468,-0.8977211914875993
2012-10-15,0.8077922524027725,15.27,1.7,1.43,0.5367978738147986,-0.4381589559522725,-1.9421837339887338,-6.0394977302415604,-1.6758710203884086
2012-10-16,1.026993327849146,15.22,1.75,1.48,0.5861794045734497,-2.873701463372069,-1.87845911111989,-6.544515224639536,-3.1372154543695907
2012-10-17,0.4117058019306618,15.07,1.83,1.53,0.5924897710824152,-3.5703796236142504,-3.197327824094287,-5.079092246229344,-3.699308179380989
2012-10-18,-0.2443729097514002,15.03,1.86,1.57,0.5950076085117196,-3.044587821497946,-2.7502131962823917,-4.783439529527289,-3.3104016659562197
2012-10-19,-1.6571304555192734,17.06,1.79,1.49,0.7019317850483662,-1.4827064707940485,-0.3349121159127555,-2.9543467879963203,-1.3560294699958675
2012-10-22,0.0439582266530846,16.62,1.83,1.51,0.7022822433399403,-1.510643799134903,-2.74022669958498,-1.7333958117405235,-1.1113680523858527
2012-10-23,-1.444390628760639,18.83,1.79,1.5,0.7663496235554631,1.024688850751243,-2.51926431452405,-0.49560375616718444,0.37187367436721797
2012-10-24,-0.3085382876604425,18.33,1.8,1.51,0.7369804976795707,0.3868643245341641,-2.0514657969166072,-0.7093224132932008,1.3418757271074444
2012-10-25,0.2995542646406335,18.12,1.86,1.55,0.7330022910416928,0.30361855888310085,-2.73319874648259,-0.2281627955302179,1.08449826007615
2012-10-26,-0.0728981732260325,17.81,1.78,1.48,0.6928913827141098,1.1650689069539366,-4.010567408858967,0.2709229648690803,0.5187765207709916
2012-10-31,0.0155879699258454,18.6,1.72,1.42,0.68850679918232,-1.2484424184298404,-4.178467512612782,0.2715874406971075,0.08748943789735897
2012-11-01,1.0926475234507071,16.69,1.75,1.45,0.7337385498078914,-3.5080070085748427,-4.75538405863788,-1.282854235519193,0.18096227133064247
2012-11-02,-0.9379454163327194,17.59,1.75,1.47,0.7598055282281171,-2.428933444487369,-1.9439178483787956,-0.5185604322725079,2.291141639246308
2012-11-05,0.2163809008205897,18.42,1.72,1.44,0.755917761160495,-3.027624874353796,-2.090725748683242,-0.5760305375316244,1.295649162610668
2012-11-06,0.7853184882181896,17.58,1.78,1.48,0.7599109723753191,-5.116031029023615,-2.6282369560843843,-1.0245486917853208,1.0579440578649013
2012-11-07,-2.3705000038029778,19.08,1.68,1.41,0.9141141217278618,-2.9670672199400006,1.0351976502501081,1.6747506105817767,2.540884847422409
2012-11-08,-1.220484261628385,18.49,1.62,1.35,0.9258685837311272,-1.2927259676084102,2.075959464325572,2.9658557340185965,3.5545213101142448
2012-11-09,0.1698692425988746,18.61,1.61,1.34,0.9249008716420528,0.49708957094634076,1.3702536689733869,3.4644127670031333,2.8839899069508235
2012-11-13,-0.3985420522191307,16.65,1.59,1.32,0.924802685476358,0.9661505397352554,2.575427503186023,3.9249743564695017,3.169806796534669
2012-11-14,-1.3852035718884714,17.92,1.59,1.34,0.9618288030615032,2.621932977635244,4.460376791646059,4.718586001984426,3.462959063861848
2012-11-15,-0.1593544913831457,17.99,1.58,1.34,0.929154714277086,4.124645886218703,4.644107475421189,4.451981553385886,5.383756195271694
2012-11-16,0.4839949635948359,16.41,1.58,1.34,0.895449838249374,3.41280363069143,3.645906688580225,5.182808793105509,7.540374054645804
2012-11-19,1.9862053761098288,15.24,1.61,1.36,1.0243908389445653,0.8688451593522384,1.4536144875769486,4.319017642451395,5.226079912841719
2012-11-20,0.0663386379305519,15.08,1.66,1.39,1.0269181099725828,1.5938777053973396,1.5470395656939306,3.4586865618079,5.667916270118423
2012-11-21,0.2320181125065268,15.31,1.69,1.42,0.9752687580228898,1.7914726030462624,1.6469746609967695,3.785677591445924,5.094065825982219
2012-11-23,1.302631484263972,15.14,1.7,1.41,1.0273447053447764,0.4988843753381378,0.6330001575743927,1.4902600600480875,3.4063087086812605
2012-11-26,-0.2029581877026731,15.5,1.66,1.39,0.976989956811134,0.22541024873599103,0.8717980946376214,1.448491744332303,3.891798914058686
2012-11-27,-0.5226587298556074,15.92,1.64,1.37,0.9814777088562482,0.5797323517493291,2.0658516894593637,1.4932745881455434,5.231107608334851
2012-11-28,0.7856028682432292,15.51,1.63,1.36,0.9960034143369272,-0.046103309334488696,1.315662908879034,0.5794558285708629,4.405891976959242
2012-11-29,0.4269642628790704,15.06,1.62,1.37,1.0005161842708474,-0.14195485963054422,0.2471838780109037,-0.9548287670583466,3.865256854154042
2012-11-30,0.0162507536987543,15.87,1.62,1.37,1.0005161008427952,0.13345002093292369,-0.18359936996971138,0.706823095628395,3.965591236948529
2012-12-03,-0.4745224843287543,16.64,1.63,1.38,0.972937966713018,0.6449340983463392,1.4828391719734046,3.7574733923328774,4.4818615424374375
2012-12-04,-0.1709812393515641,17.12,1.62,1.37,0.9513901186471116,1.4775534821595437,2.8243480228349105,3.7184140203567972,5.251404712978336
2012-12-05,0.1584862223349636,16.46,1.6,1.35,0.950715495423336,1.362394327084493,1.8825236110179944,4.058096348302276,5.442491880775613
2012-12-06,0.3306590608326498,16.58,1.59,1.34,0.9356468634498616,0.3896919242655228,2.1040497639815747,3.391238329012536,5.560357613867639
2012-12-07,0.292091959627716,15.9,1.64,1.39,0.7607743235670628,-0.3166268523019711,0.8518675793540043,2.7558639280994113,5.411588652979171
2012-12-10,0.03385605486661,16.05,1.63,1.39,0.696395751389836,0.8325357665874167,0.5717094971912751,2.9939000557793527,5.376609554519618
2012-12-11,0.6548882078472928,15.57,1.66,1.42,0.7055624005383241,1.3271846772618057,-0.5609879228323456,3.101189934225901,5.261093463932354
2012-12-12,0.044823976338959,15.95,1.72,1.47,0.6935293220930839,0.5131383166178338,-0.7266468571303641,3.050100033258918,5.019326432468341
2012-12-13,-0.6321425165448868,16.56,1.74,1.47,0.6197413352803798,1.7077030588054765,-1.1990487897714397,3.6091517349214453,6.227061022860503
2012-12-14,-0.4135401260425775,17.0,1.72,1.48,0.6307118072126625,1.1722059504594151,0.8920602826568258,4.156822506851565,6.252211238866234
2012-12-17,1.187059085338782,16.34,1.78,1.53,0.6648737621108274,-0.2586727264301869,2.2413978943817803,2.9552014852302744,4.736569863099627
2012-12-18,1.1486656421599406,15.57,1.84,1.56,0.5696567621331399,-1.8634412927865052,0.8695080637159291,2.3603910326807753,4.5880883259208805
2012-12-19,-0.7589201039747917,17.36,1.82,1.54,0.609357979986819,-1.2334558392186001,2.1353738209219264,3.494189330595465,4.171854207680936
2012-12-20,0.548810949285139,17.67,1.81,1.53,0.6150929287574002,-2.8579466069509785,1.2606635760348261,3.3850839980152925,4.682452631788947
2012-12-21,-0.9378687628036508,17.84,1.77,1.51,0.6053066538716743,-0.2768998315008875,1.8879138229614512,4.521206382259013,5.731564472525075
2012-12-24,-0.2440296594621194,17.84,1.79,1.53,0.6063706272306566,2.5065543934008394,2.40842138479882,4.7775861436088585,5.798857365224919
2012-12-26,-0.478746019469678,19.48,1.77,1.51,0.6041732098706586,2.784843276047688,3.6828381342086214,5.854926819110551,6.909284963168538
2012-12-27,-0.1218442012279497,19.47,1.74,1.48,0.5817251101942194,3.4109016254091573,3.8043913807907614,5.788031841061514,6.974828001024336
2012-12-28,-1.1049941573072375,22.72,1.73,1.46,0.6259514966546446,4.239780856105013,4.866552867959761,7.516233114831716,8.342662059359629
2012-12-31,1.6941941334216226,18.02,1.78,1.53,0.7372941696320436,2.170824664299986,3.2358960804727888,5.312757952600533,6.6008048377913076
2013-01-02,2.5403420320955883,14.68,1.86,1.59,0.9140493861040184,-0.0957333988862441,0.6981551558850052,2.440471296465896,4.0316707352039405
2013-01-03,-0.2085617494613001,14.56,1.92,1.65,0.9148656222076684,0.8736646664423198,1.4780313670441192,3.6865256246278566,4.140145689404906
2013-01-04,0.4865096315322947,13.83,1.93,1.66,0.917271070369524,0.38051090281270294,1.3304063605387384,1.9939031019063913,4.396269408245335
2013-01-07,-0.3123116153883165,13.79,1.92,1.65,0.9238078339461294,0.601279095856877,2.097972052479502,3.379188852722481,3.4243298758338314
2013-01-08,-0.3242371304872038,13.62,1.89,1.64,0.929813082632592,1.0424418317776185,2.5844994371688523,3.772430414310235,3.1067507650390347
2013-01-09,0.2655865938542279,13.81,1.88,1.64,0.9298633242770392,0.7946492995549281,2.3134472016787644,3.310700364852326,3.7357432016706937
2013-01-10,0.7597415119266371,13.49,1.91,1.65,0.9331395772783636,0.5991322934486787,2.0949355978183926,3.1118426993516524,1.0685256990547565
2013-01-11,-0.0047513986152325,13.36,1.89,1.63,0.9335188059851496,0.9462947032075508,1.9109407934333467,3.054241326461149,1.6908319522110915
2013-01-14,-0.093067156125437,13.52,1.89,1.63,0.9172527272044124,1.4877474422531733,2.5267162640582264,3.314793035846919,3.08088332394989
2013-01-15,0.1128669764158818,13.55,1.86,1.6,0.9067752164908264,1.5261483960953282,2.0117633022808334,3.259436770612778,2.8757005089538046
2013-01-16,0.0196991910314858,13.42,1.84,1.58,0.8775174343031369,1.5068239362687752,1.7302364059041286,3.310403824338759,3.094459989132803
2013-01-17,0.5642922184040833,13.57,1.89,1.61,0.8518455422668304,1.4868948372302127,2.17632745514702,2.6233405265144727,2.988643126445556
2013-01-18,0.3403270397119629,12.46,1.87,1.61,0.8272498487776228,0.9556032671253156,0.6547854343017967,3.0256101379856792,3.6211832797892862
2013-01-22,0.4428106846314561,12.43,1.86,1.6,0.8250662119306711,1.0237381831695647,1.254889567820583,1.2991030053687735,3.276243529511502
2013-01-23,0.1507477027169024,12.46,1.86,1.6,0.782981279378728,0.4783151078389114,1.1580024113378995,0.5090938014373103,3.308109340553611
2013-01-24,0.0006614683421224,12.69,1.88,1.65,0.7771695170494187,0.22009601026982129,0.9747039030048699,1.3901359390114054,3.7703609429210028
2013-01-25,0.5445481690718124,12.89,1.98,1.7,0.761124241100778,0.6793316703822105,0.9960406905384023,-1.0053484952544878,3.543674558862042
2013-01-28,-0.1849621612560081,13.57,2.0,1.71,0.763039865143881,-0.29797041777616107,1.1218624066528848,-0.21598156145802294,3.486243309824122
2013-01-29,0.5105995170664235,13.31,2.03,1.73,0.6902469758296925,0.22880897975872116,0.7686550398814607,0.5405099081339904,3.0958228173467273
2013-01-30,-0.3899621323283808,14.32,2.03,1.76,0.6340949532549838,0.6764517326644182,1.2230682305086837,0.8468995914842736,4.0793377403353315
2013-01-31,-0.2563301077303292,14.28,2.02,1.75,0.3495003434044877,0.7529506783327422,1.5532917982513217,1.341020753933364,4.177928618880711
2013-02-01,1.005270556968885,12.9,2.04,1.77,0.3920259556770347,0.3145720327118129,0.4374918168434716,0.7950135726449536,2.572740043090116
2013-02-04,-1.1538744820964395,14.67,2.0,1.75,0.4854174858206452,1.424076150082887,2.3554018752852457,2.9471006596339944,3.5187306534901097
2013-02-05,1.0416510240551349,13.72,2.04,1.77,0.5182122639966695,0.5386136636939876,0.04366548394532099,1.9963025690101333,3.1377115344725537
2013-02-06,0.0549170598121762,13.41,2.0,1.73,0.506066114263169,0.5429437454706365,-0.6414802531014563,2.1254936613642306,2.227340013999779
2013-02-07,-0.1805399358229098,13.5,1.99,1.74,0.5121935264657598,0.7943599810528612,0.41142189077927327,2.7686706985559306,3.146966624862979
2013-02-08,0.5657940611518475,13.02,1.99,1.74,0.5020611099017207,0.12253432541344811,-1.9816511341521847,2.5225086556906584,2.2240740021438388
2013-02-11,-0.0606117484177382,12.94,1.99,1.72,0.5031480760149929,0.9182491579457164,-1.3230017092949686,2.3381500764523944,3.0823797776291073
2013-02-12,0.1595272232703504,12.64,2.02,1.73,0.4998389574442695,-0.49229660297908096,-0.22640485938528743,2.3094163324341332,2.8576453235840127
2013-02-13,0.0592263093356804,12.98,2.05,1.76,0.5002735896636396,-1.178027969392359,-0.37162343090387795,2.8217574904193743,3.2137750859264624
2013-02-14,0.0690671668964526,12.66,2.0,1.73,0.4996575356916523,-0.3799201565896748,-0.2090242872083814,2.584492116556447,2.6811210172070776
2013-02-15,-0.1045081317757268,12.46,2.01,1.72,0.4938146245094366,-2.1016102656038704,0.3559644405033868,2.125947380426818,3.3201928977390827
2013-02-19,0.7336475471722448,12.31,2.03,1.74,0.5101629177672341,-2.2208578586544236,0.5780826155806329,1.1365582635514349,1.4860151848349101
2013-02-20,-1.24041379552301,14.68,2.02,1.75,0.5917058624314735,0.2672071955403421,1.9517848287737616,3.092695610022167,3.1766943912162837
2013-02-21,-0.6303057332801343,15.22,1.99,1.73,0.6112844968742798,0.8160174523118569,2.7848381009642598,2.887341995844128,3.3852041282679934
2013-02-22,0.8772467921830174,14.17,1.97,1.7,0.640033452282184,0.17154761334252644,2.3475903073464144,2.7243362185023434,3.132091017933236
2013-02-25,-1.8309580659152336,18.99,1.88,1.63,0.7572198339725279,2.5103321032907466,4.5952210396926985,4.290752889596394,5.427967274309409
2013-02-26,0.6109463971145868,16.87,1.88,1.63,0.7704297234768309,2.862512815042928,3.7102383019003815,4.464446186279081,6.065042193824377
2013-02-27,1.2725994077109837,14.73,1.91,1.64,0.8149783570969892,1.6800883163606617,2.541575442125321,3.0910484669043115,5.104255660081813
2013-02-28,-0.086407992920523,15.51,1.89,1.64,0.8095517788136967,1.9528847681209882,3.2052925394287834,3.59877239828732,4.89673853519661
2013-03-01,0.2323855425648391,15.36,1.86,1.61,0.8073409394173351,2.1723161375157174,2.7993677622762947,2.8961990638649127,2.2500352574323257
2013-03-04,0.461072337316093,14.01,1.88,1.64,0.782953140516334,2.033832974320249,1.7637047780780346,2.9537142847080755,3.236952314301722
2013-03-05,0.956601649469957,13.48,1.9,1.65,0.7549403582010435,0.8241345303140024,0.5552657531813665,0.902714135766991,0.7936127909077939
2013-03-06,0.1084512714484509,13.53,1.95,1.7,0.725050279784212,0.8472525349154658,1.1190689630049766,1.2014596551691126,0.00973261828809413
2013-03-07,0.1816491442581558,13.06,2.0,1.75,0.7251765590792044,1.2284181797859395,0.09972666861546298,0.5840997937011316,0.711667087464285
2013-03-08,0.4481139122655131,12.59,2.06,1.79,0.7256485074537659,0.6137196928340138,0.36810432959344386,0.7665062833730696,0.7297635282235593
2013-03-11,0.3249085739679413,11.56,2.07,1.8,0.7201729376738809,-0.26474375054614807,-0.291091836768298,0.7961608822459221,1.4496702920189897
2013-03-12,-0.2403252949314871,12.27,2.03,1.76,0.7237507282293083,-0.2666710489360069,0.7272260643960804,2.2705606799101163,1.694711617846778
2013-03-13,0.131405176760091,11.83,2.04,1.77,0.7236933764920398,0.26953280457033824,0.5358538938082802,2.4991621270758824,1.971027343711973
2013-03-14,0.5602990523162488,11.3,2.04,1.77,0.7302419572323019,-1.1149947134073246,0.3812593803832476,1.6389140073622022,1.2160724911330467
2013-03-15,-0.1618462624492611,11.3,2.01,1.76,0.733271179072052,-0.244117168106317,0.09419445245277824,-0.5343734273875245,2.1086714428982134
2013-03-18,-0.5510332450180511,13.36,1.96,1.7,0.7474550676824497,-0.026418026295793595,1.1693850073807965,1.4477141328890664,2.929577438203368
2013-03-19,-0.2422530651870924,14.39,1.92,1.68,0.7362252271082504,0.9965546360332311,0.3455297740831087,0.23703088638986625,2.2191499354186295
2013-03-20,0.6697492376419811,12.67,1.96,1.7,0.6805654932392247,0.26560519610381306,0.08147888722584984,-1.097059492431307,2.494370720478889
2013-03-21,-0.8282433828555424,13.99,1.95,1.68,0.6938894753367074,1.5131253615793927,0.483890557153277,0.6113307590486228,4.439124915878301
2013-03-22,0.7174256352702191,13.57,1.93,1.67,0.6858835238941031,0.339139518347209,0.3969407975180639,0.360332797999785,3.8930165124893668
2013-03-25,-0.3340038919423471,13.74,1.93,1.69,0.5219420928950341,1.1961190247150366,1.0904268625971936,1.7458441385573176,4.786395629009554
2013-03-26,0.7785110802517758,12.77,1.92,1.67,0.5299733173831617,-0.6446010602007779,1.5321921150964313,0.9605005431522873,4.40729269740443
2013-03-27,-0.0588349906841312,13.15,1.87,1.62,0.4711455738558646,-0.18363855533296558,1.9528438434922357,1.4275240069275164,4.083569719188662
2013-03-28,0.405666949441863,12.7,1.87,1.62,0.4708126912393989,-1.0138933273506123,1.2528779124131306,0.8316423961034491,4.111038954775137
2013-04-01,-0.4473580460658932,13.58,1.86,1.63,0.4907898636288237,0.057605914749014886,-0.6279763609456257,2.0125812505562557,4.583366315558668
2013-04-02,0.5172264111710456,12.78,1.88,1.63,0.4928555241195743,-0.10444290071245366,0.2751120069455215,1.7398469217679624,5.1004595332151625
2013-04-03,-1.0546128701639843,14.21,1.83,1.59,0.5231791417383237,2.1909158420431174,-0.10812528264840804,1.8671685381040692,6.763903471982791
2013-04-04,0.4048451943253761,13.89,1.78,1.56,0.5291972083116685,2.1404130223776408,-1.1775789014720206,2.410927436406074,5.800714840403565
2013-04-05,-0.429489561132812,13.92,1.72,1.48,0.5394135257440635,2.2899892883553985,0.1268265004357394,3.936187519008638,7.351536056118624
2013-04-08,0.6302737952936344,13.19,1.76,1.52,0.5483006020733932,-0.6851875671288532,-0.036463261955499426,3.4822532312236865,6.603677143079567
2013-04-09,0.3544332149468365,12.84,1.78,1.54,0.5491482363074193,0.3799517402768515,0.6483475204343225,3.656101651876398,6.410136985427117
2013-04-10,1.218913260513399,12.36,1.84,1.6,0.6039915912070126,-2.2497509741914334,-0.5630643444555106,2.831713294487659,4.258910264906857
2013-04-11,0.3552250519809563,12.24,1.82,1.58,0.6063987219667013,-3.248461432325289,-0.5152576590910396,2.0899131356917566,3.5861108734029257
2013-04-12,-0.2836767069231527,12.06,1.75,1.53,0.6038908243534153,-2.114735569892079,-0.4160232528640395,2.8227948689364846,3.823520214839493
2013-04-15,-2.2966290584432447,17.27,1.72,1.5,0.8047233667683447,0.6531999500194008,2.6572444786805427,5.244275486864658,6.9378284842737115
2013-04-16,1.4307223290395576,13.96,1.75,1.51,0.8567037100488256,0.2673798657045978,1.460716308869392,4.812108837071638,4.686361456117427
2013-04-17,-1.4327681394279534,16.51,1.73,1.49,0.9190290077157074,1.7255062227929274,1.9774319246100847,6.879467197983669,6.597897163661015
2013-04-18,-0.6701003439812281,17.56,1.72,1.48,0.9176889208273852,2.824971895741446,3.631267376358105,7.061447862037373,5.781618290600665
2013-04-19,0.8847902373522176,14.97,1.73,1.49,0.9212749133134616,1.7354116852194235,3.8045358588852274,7.215558315584247,5.476292811143635
2013-04-22,0.4661629963028435,14.39,1.72,1.48,0.9131496904127262,1.9910390624999996,3.520000000000012,6.642562500000038,4.408320312500003
2013-04-23,1.041921875000007,13.48,1.74,1.51,0.936453129151202,1.1901542104352236,2.9883790499704466,5.7246736851025215,1.9078018823560194
2013-04-24,0.000634019017176,13.61,1.73,1.5,0.9224342244676929,0.24765244349380655,3.4140006593756045,4.84927917133926,2.7723774820140212
2013-04-25,0.4034732269384111,13.62,1.74,1.51,0.9253021803682014,0.784143643077484,2.6186636598560575,4.122610599361698,3.672813435096045
2013-04-26,-0.1842113024773328,13.61,1.7,1.48,0.9236064896188104,2.0338288698019014,3.252348648442216,4.257254636926722,3.8281214438526723
2013-04-29,0.7186011722218666,13.71,1.7,1.5,0.9276495272083805,1.4991130118432006,2.5200666755880174,4.1697826854121045,2.0406510896752383
2013-04-30,0.2484899676771457,13.52,1.7,1.48,0.9232817600366048,1.7770749076986503,3.3031429799882828,3.179205967192744,0.9358008566018761
2013-05-01,-0.9307883608932754,14.49,1.66,1.46,0.9155829874951292,3.1585260489432,4.806980506233516,4.530870362049089,3.3904110592759773
2013-05-02,0.9407983261396248,13.59,1.66,1.46,0.9327635354339864,1.82024666824121,3.309986042361013,2.0750020420315485,1.8239983520099257
2013-05-03,1.0534666895180678,12.85,1.78,1.56,0.9453617848187188,1.194231160525372,3.2860052101538972,1.6104854555980763,1.5250055405048757
2013-05-06,0.1907778626905942,12.66,1.8,1.58,0.9398642569318436,1.005874468701684,3.01638572256564,0.8581146759079727,2.1211782747294627
2013-05-07,0.5230269513137653,12.83,1.82,1.6,0.9423063620049243,1.4994222163229098,2.6568964968410658,-1.049222424493268,0.1826670302339073
2013-05-08,0.4139081299929126,12.66,1.81,1.59,0.9124922714821264,1.597981786312297,1.3878957421743943,-0.6204413070479142,-2.7255634319442446
2013-05-09,-0.3687103906423572,13.13,1.81,1.59,0.918001419701467,1.4631072138076462,1.4655686264739343,1.0272495642061008,-2.1049130622292744
2013-05-10,0.4321655306021466,12.59,1.9,1.64,0.9158999147124042,2.0670882377774147,0.9732524263501574,0.5576365118539206,-3.7099826873402963
2013-05-13,0.0042889368592202,12.55,1.92,1.68,0.7159829914004426,1.9904894288964803,1.6091640040035937,-0.46763097358282213,-2.799659051614811
2013-05-14,1.0142153479971716,12.77,1.96,1.7,0.6854959130353137,1.1403752408080559,-0.11997409683803806,-2.2916457864646023,-2.8527428911464425
2013-05-15,0.5114136269715353,12.81,1.94,1.68,0.5630930286631878,-0.20678171007350032,-0.2634463304360013,-1.3515983764776918,-2.747807263168034
2013-05-16,-0.5009741163373271,13.07,1.87,1.64,0.5482840814250285,0.002425918872250854,-1.1954159008627396,-1.438377592793194,-2.6774156567916263
2013-05-17,1.03000965190283,12.45,1.95,1.69,0.5567307910468092,-1.0716831745792743,-1.6222137269678139,-1.7049741308766575,-3.1490827833908663
2013-05-20,-0.0707617924973758,13.02,1.97,1.71,0.5637576959221783,-0.37388331699172994,-2.095075488738385,-0.8689952006732837,-3.133313035777796
2013-05-21,0.1722386289245481,13.37,1.94,1.68,0.5384048764800715,-1.2461386806656316,-3.610199653218993,-2.4101931297750845,-3.2201825408799456
2013-05-22,-0.8273657594813577,13.82,2.03,1.77,0.5903532191537579,-0.05678203522594405,-1.9808449860024946,-4.057150159797185,-1.4172206049174685
2013-05-23,-0.2923832356719225,14.07,2.02,1.76,0.600548620105465,-1.197812761769157,-0.4319879819344563,-3.5189096528372654,-0.6089056575641627
2013-05-24,-0.0551365441168516,13.99,2.01,1.75,0.5968402824930361,-0.5564944093409241,-0.41160991104983724,-4.638094744057497,0.16488668424954334
2013-05-28,0.6340981548631053,14.48,2.15,1.86,0.5933418607815837,-1.7276515727529196,-2.0439051909772465,-4.339001406846221,-0.4481803798631945
2013-05-29,-0.7047981897774669,14.83,2.13,1.83,0.6270906728201912,-2.393892189095115,-2.174280262734507,-2.7360513472012404,1.6173672266134753
2013-05-30,0.367034439193481,14.53,2.13,1.82,0.5732822426725943,-1.9251560935877543,-1.0910263148321997,-2.4909231784395747,1.5582538000832091
2013-05-31,-1.4307241527974024,16.3,2.16,1.86,0.6563253114599842,0.7751091359831541,-0.24590123438675837,-1.4999301595580938,3.174019774800829
2013-06-03,0.5935988427895333,16.28,2.13,1.83,0.6288195961717286,0.14569528440346868,-0.08412509271060742,-1.5520465689128793,2.1848041879636515
2013-06-04,-0.5510807488524838,16.27,2.14,1.82,0.643755673314663,-0.3218134330619571,1.2523172804490335,-1.0604548772416234,3.0360816700357507
2013-06-05,-1.3779732742503992,17.5,2.1,1.8,0.7066798012005564,0.22499813924148349,1.2449517678495559,0.40462487829198146,5.001551959851036
2013-06-06,0.8490293972530871,16.63,2.08,1.78,0.7280980596609321,0.8505032947608182,-2.1182647141756994,0.575014527522244,4.285197756366754
2013-06-07,1.2831541229424204,15.14,2.17,1.85,0.7793711849684433,-1.0131572956097457,-3.10031465762588,-0.17768525457508844,3.1733393529867815
2013-06-10,-0.0346813449944027,15.44,2.22,1.9,0.7744243916304938,-0.22948602679467855,-4.243953365681142,0.5788793199533293,3.0179968642952915
2013-06-11,-1.0153367167240024,17.07,2.2,1.86,0.8090397721811046,1.5792128325427424,-2.342984599726594,1.6290204445421175,3.6780538052827882
2013-06-12,-0.8369555515669425,18.59,2.25,1.91,0.79012476959224,1.0176639037608792,-0.5742570419880244,3.8759208718641913,4.820404058694794
2013-06-13,1.47842913771965,16.41,2.19,1.87,0.8570884509507811,-2.9437314757463806,-1.4153385799587137,2.678503290660128,3.3788432592734674
2013-06-14,-0.5885016114436148,17.15,2.14,1.85,0.8596538947207186,-2.108519986084545,-1.2571201992590209,3.4283513675194888,3.602317304624303
2013-06-17,0.7567364431436019,16.8,2.19,1.92,0.8432839268597222,-4.023701170833505,-1.4691574062323354,2.2708396266154285,2.8626464733489065
2013-06-18,0.7791157767295331,16.61,2.2,1.93,0.8650425749811721,-3.86122054197765,-2.2841671379083106,1.761702287411393,2.053500140559561
2013-06-19,-1.3851474486292426,16.64,2.33,2.02,0.9136550189360764,-1.5758837457036323,-0.8299938662466921,3.710407409364147,4.784732237500999
2013-06-20,-2.501035094286319,20.49,2.41,2.08,1.0487167214361757,1.5747492861893253,2.7515646650862147,6.5420401996794775,7.648965616259917
2013-06-21,0.2669776576555538,18.9,2.52,2.14,1.0536163003619807,0.8697383947045223,3.016139209043134,6.474380167950011,7.203453656892678
2013-06-24,-1.2145015629135836,20.11,2.57,2.15,1.078354892966909,2.66164021301567,5.03658291580511,7.5838033056115695,7.900376456350178
2013-06-25,0.9497272121224088,18.47,2.6,2.17,1.0938890918438895,1.6403925793107454,4.06730128704873,6.165495003436794,6.478467219436879
2013-06-26,0.9590486444071455,17.21,2.55,2.16,1.1177552583679695,0.7578324376616985,4.475880975545232,5.425819249810315,5.87677420563224
2013-06-27,0.6199831185025984,16.86,2.49,2.13,1.1251136697258195,1.1585707935947598,4.152615439004381,4.863009894415038,4.848753728055533
2013-06-28,-0.4289562412875813,16.86,2.52,2.16,1.0852850116254549,2.12789370578097,4.7451234724301905,4.921304213214617,5.179043497332425
2013-07-01,0.5403747467634501,16.37,2.5,2.16,1.0836363858833729,2.3133691394971123,3.795762762597499,4.396393825069356,4.904150886577363
2013-07-02,-0.0544908173637725,16.44,2.48,2.14,1.0777687077922606,2.387740391541926,4.140444088553896,4.439062894331269,4.4180003801084
2013-07-03,0.0824047235089331,16.2,2.52,2.16,1.0313745033676889,3.69008388522436,4.578401729134773,5.661718016004702,2.8419974581058716
2013-07-05,1.0201732142340214,14.89,2.73,2.33,1.039248785963814,2.9597538022939407,3.688971109051331,4.766254379810686,1.4670070403860702
2013-07-08,0.5251546496476855,14.78,2.65,2.28,1.0045312482603357,2.5626982714332724,3.356989482870598,4.064716926881307,0.341373626275443
2013-07-09,0.7229670722828763,14.35,2.65,2.28,1.0175183428213153,1.4488757779829164,2.4250792620017725,2.726472492770071,0.0018174020680605807
2013-07-10,0.0181592450541279,14.21,2.7,2.32,0.9872252921952944,1.7118296490472806,2.016189226047671,2.3169294317889833,-0.5942047366047198
2013-07-11,1.3554249906357896,14.01,2.6,2.26,1.0010308950200133,0.8567047210548129,0.9092416980789997,1.3408771641896244,-1.0781995667612843
2013-07-12,0.3086483632862347,13.84,2.61,2.24,0.9552277087366442,0.7082547110181192,0.6820706829265166,0.6683829168542044,-0.9933365862363042
2013-07-15,0.1374879432867404,13.79,2.57,2.23,0.9398934944027372,0.7744445347325213,0.16819946833208643,0.4142627460995252,-1.528675821879677
2013-07-16,-0.3708760911961373,14.42,2.55,2.21,0.936844543270686,0.962261510078477,0.578666263906813,1.0678548858637171,-2.73108163591379
2013-07-17,0.2774047216405728,13.78,2.52,2.2,0.9248087524697268,0.29923714680051283,0.28674623811228983,0.2665211330560968,-2.733642628566524
2013-07-18,0.5032964742594626,13.77,2.56,2.24,0.860267192698207,0.052090713423091906,1.0358891214227839,-1.6603851677961967,-3.03071271064711
2013-07-19,0.1610050321117606,12.54,2.5,2.18,0.5843564525208989,-0.025999882697513854,1.0389564668612516,-2.1429126404662546,-3.4939037705673415
2013-07-22,0.203302634378244,12.29,2.5,2.18,0.5848279055110415,-0.6015861156064117,0.6847407684296147,-2.9176699821494845,-3.288647726796601
2013-07-23,-0.1851936913048746,12.66,2.53,2.2,0.4787414934290618,-0.37993923713105504,0.29425725900329436,-2.365887219608631,-2.322754108302638
2013-07-24,-0.3811221518892793,13.18,2.61,2.27,0.4859556088272948,-0.012453642762932926,0.294796549472065,-2.558803639359908,-1.8304320689989995
2013-07-25,0.2556472201586723,12.97,2.61,2.29,0.460593792151014,0.9832862071993853,0.4277462191243808,-1.969533445496252,-2.0754300283797322
2013-07-26,0.0828294284314523,12.72,2.58,2.27,0.4544581765369816,1.0652333089695043,-0.01359503830175024,-1.6640572226996664,-1.178734560268735
2013-07-29,-0.3736037754951127,13.39,2.61,2.28,0.450328084900767,1.2941120826456043,0.2456500956126595,-1.6940259475745512,-0.07950762493120767
2013-07-30,0.0373816937478066,13.39,2.63,2.3,0.446786759485698,0.6767678025605406,0.4863741388987375,-3.290705696112739,0.18802605155279206
2013-07-31,-0.0136409211415777,13.45,2.6,2.29,0.4455754104606474,0.3072884608421589,-0.020167276150495628,-3.0117527788841136,-0.1370288569463307
2013-08-01,1.254056989753427,12.94,2.74,2.39,0.500410271909416,-0.5501306294737884,-2.668630238883407,-4.024908245408499,-1.1061185056168599
2013-08-02,0.1640458169711145,11.98,2.63,2.33,0.4691243085637267,-1.0674574351133392,-3.1491508014248826,-4.486250052389707,-0.7059881760296705
2013-08-05,-0.1479834840550031,11.84,2.67,2.35,0.4712871087859239,-1.0350670591569022,-3.577911333023609,-3.9463661175478615,-0.13941474409778776
2013-08-06,-0.5723033522392118,12.72,2.67,2.35,0.4845175235694966,-0.18911380233738173,-2.6523397762867718,-2.6093332149094706,1.6584495127780707
2013-08-07,-0.3805864929911196,12.98,2.61,2.29,0.4976350425260302,-0.326452585866166,-2.845212600261282,-2.1189819328491177,1.858758361196422
2013-08-08,0.3885449938943575,12.73,2.58,2.28,0.4101394921280427,-2.130218594372002,-2.387069066938896,-2.4925146104965434,0.7322651138133018
2013-08-09,-0.3569960525698801,13.41,2.57,2.25,0.4164924647809973,-2.104154318025564,-1.6506865958728967,-1.1652979446689415,0.6160457842685929
2013-08-12,-0.1152920736140039,12.81,2.61,2.29,0.4170261348812042,-2.56943969778336,-1.9349229032253779,-0.32436092761504165,0.47056611718754304
2013-08-13,0.2776056134700333,12.31,2.71,2.37,0.4100651550418139,-2.4678931004292304,-3.7587980135401655,-0.2969040229608977,-0.08204742293492773
2013-08-14,-0.5176618120080079,13.04,2.71,2.37,0.4255070593845403,-2.5270095022603134,-2.9921889457412587,-0.11688515334751237,0.7879499214693331
2013-08-15,-1.428160138019796,14.73,2.77,2.41,0.5178193682494557,-0.2624410404089561,-1.393464419388979,1.6053526597863632,1.8316793089079964
2013-08-16,-0.3304595389129083,14.37,2.84,2.48,0.5173213191998834,0.46321446941253175,-1.3805756604398534,2.5226032044240787,1.5533051977583368
2013-08-19,-0.5900302398330837,15.1,2.88,2.52,0.522665226077887,0.6512502777257678,-0.3821269478996858,3.5660880576874554,2.9731564866509075
2013-08-20,0.3821195319908987,14.91,2.82,2.46,0.5356950621559714,-1.3235691857248488,0.044178320545640304,4.428241294303592,2.5127860407735625
2013-08-21,-0.5779602928505545,15.94,2.87,2.49,0.5425426169418378,-0.477239326612966,0.747498591525031,4.841728428783942,2.1828575776549064
2013-08-22,0.8619376484360286,14.76,2.9,2.48,0.5807099846495896,-1.1339994589583569,-0.10802415474031601,3.1956157354718018,2.0241912812137164
2013-08-23,0.3947010921615534,13.98,2.82,2.42,0.589929953792346,-1.8352888065449324,0.4935353734595749,2.304777025567306,0.7586411251690794
2013-08-26,-0.4039657771641169,14.99,2.79,2.38,0.5907577540298662,-1.0266908982989098,1.6423399881906775,2.4529517455424976,-0.0802809124615389
2013-08-27,-1.5874194741040235,16.77,2.72,2.34,0.6784388892366727,1.386093411551137,3.5971017808633876,3.8203498238961187,1.589718626159442
2013-08-28,0.2747645185721348,16.49,2.78,2.38,0.6848594038291828,1.2306108772015767,2.9639920343997206,3.896736588661165,3.523028027134134
2013-08-29,0.1963401602796288,16.81,2.75,2.36,0.6071107114235039,1.0377433077128906,3.0411950501229468,3.270720048429543,3.9696677073856046
2013-08-30,-0.3174318356880645,17.01,2.78,2.39,0.6012900226787908,2.3723639092820603,3.957819558370912,2.9749523259194888,3.563999837538012
2013-09-03,0.4164221602432238,16.61,2.86,2.43,0.6182250781737756,2.6967178431378747,3.9633600724663376,3.3681540588562875,4.560620804323601
2013-09-04,0.8116953209842404,15.88,2.9,2.44,0.6508709460832179,2.1807807115490796,4.382127023634763,2.4675176123876374,4.4182149661507575
2013-09-05,0.1209862833721153,15.77,2.98,2.46,0.650374000287482,1.7123092927897599,4.06385259633959,1.4247093041479975,4.9750189416559065
2013-09-06,0.0054431141103039,15.85,2.94,2.48,0.6406412566794766,1.9828745940104087,3.307212478537558,2.1345212344753506,4.978934850566374
2013-09-09,0.9992880823750604,15.63,2.9,2.45,0.6849499694597082,1.5487145051117812,1.8023464348992047,0.26380378670556315,4.536630769363081
2013-09-10,0.7345789391592916,14.53,2.96,2.46,0.7071052826474113,1.2333814126982645,0.7975138681832528,-1.6947867403017236,3.284038677823098
2013-09-11,0.3052283373562225,13.82,2.93,2.46,0.7077312441515657,2.154364349886828,0.2154964175590246,-1.9376827345518932,3.3052351432462324
2013-09-12,-0.3380415314981122,14.29,2.92,2.47,0.702100418351199,2.311955475104477,0.9058939303264957,0.542943199548529,4.1111845286763815
2013-09-13,0.2714679741101511,14.16,2.9,2.45,0.6184642636769299,1.2985885030199817,0.2227507146000729,0.9010693798835012,3.967383000212732
2013-09-16,0.5693153044247667,14.38,2.88,2.47,0.6196461819128553,0.24976380156409572,-0.9454481025350514,-0.3788264533691854,3.956119047889106
2013-09-17,0.4217739327674108,14.53,2.86,2.47,0.5990302198340108,-0.4305571328671598,-0.5725151757265068,0.5744915626436864,3.0147476017683195
2013-09-18,1.2177672896303449,13.59,2.69,2.35,0.6417086623493063,-1.8979785588866593,-1.834231075607018,0.034572913529395954,1.3846061436813217
2013-09-19,-0.1842953819684689,13.16,2.76,2.42,0.6217075541007248,-1.3742886041506086,-2.5360807103968597,0.8755839060184512,1.8667039896061999
2013-09-20,-0.7216886263627376,13.12,2.75,2.41,0.6387433195061887,-1.0620461788447,-1.135149440128247,1.6182048977229746,2.973573603588009
2013-09-23,-0.4719586526811925,14.31,2.72,2.37,0.6512121079787746,-1.1922341348005294,-1.511303719485002,2.6858755522028988,3.171599491633015
2013-09-24,-0.2597143070893537,14.08,2.67,2.32,0.6459273012704765,-0.14257189632846945,-2.472581428689047,2.4668513281900672,3.8814771700091732
2013-09-25,-0.273946595048713,14.01,2.63,2.27,0.5166897095317255,0.06498080502641557,-2.148549105758557,3.083094766914485,2.7936309963837447
2013-09-26,0.3485425867653546,14.06,2.66,2.32,0.517597577032546,-1.1779809643990613,-0.3596923000638186,3.176514744087311,3.8120693227377433
2013-09-27,-0.4073801130465626,15.46,2.64,2.3,0.5346893978248298,-0.07388798581350331,0.6768110638022851,3.736309629213852,3.9896271241007586
2013-09-30,-0.6029230779887707,16.6,2.64,2.31,0.5517135671835287,-0.32291954168842674,0.5720298949536406,4.948351243361282,5.467345921863775
2013-10-01,0.7998543475556064,15.54,2.66,2.33,0.5679503206487404,-2.3333362140486646,1.1536113383511903,3.6079186593475088,5.136579265101493
2013-10-02,-0.0666669547382037,16.6,2.63,2.32,0.5491477782454527,-2.212092475286598,1.903722661792373,3.2789813135039925,5.650903723045331
2013-10-03,-0.8979414583967338,17.67,2.62,2.29,0.5947527846772508,0.828042851502997,3.500438563606223,4.517348298831125,6.213924712813901
2013-10-04,0.7053224345153541,16.74,2.66,2.33,0.6109721949466067,0.7512541361653469,2.7849678852079007,4.155898704593697,5.254549370786754
2013-10-07,-0.8506361953748875,19.41,2.65,2.28,0.6088738184491617,0.897848765761533,4.261584760685189,4.754762107704447,5.771616416416792
2013-10-08,-1.2332078852067665,20.34,2.66,2.26,0.6444163008565009,3.5702535719269735,5.064660614663397,6.515151012689002,7.962793479177233
2013-10-09,0.0573906351874375,19.6,2.68,2.31,0.6389080272800746,4.208920347374034,5.346516403039803,5.05069680314072,8.43621410962141
2013-10-10,2.183049604365883,16.48,2.71,2.36,0.8134652653179866,2.6504488597870024,3.548972424694141,4.1868212966229335,5.985505907994315
2013-10-11,0.6286271807078414,15.72,2.7,2.35,0.8229059957982559,2.018549313831852,3.0389307459020243,3.2905452857451944,5.339192214752231
2013-10-15,-0.7063723409320266,18.66,2.75,2.38,0.8297879919839457,3.3338034815119766,4.351429868700718,4.86747262834728,6.35221128503658
2013-10-16,1.3827532394934838,14.71,2.69,2.35,0.8825968521155845,1.4428921347562573,2.4263170523757704,3.9375439730249706,4.819259744575333
2013-10-17,0.6743953139704439,13.48,2.61,2.28,0.8520189394264641,1.0916494018685219,1.3495666456425415,3.6771777942690598,3.8340024045749432
2013-10-18,0.6548755402622897,13.04,2.6,2.27,0.8627927550250408,0.8753235615505561,0.9825173200594284,2.621714638957884,2.8290737676553768
2013-10-21,0.0091736417132448,13.16,2.63,2.3,0.843784785312788,1.0001920620643645,1.3337853263882815,2.4026679546536034,2.6856167603536374
2013-10-22,0.5737513079636436,13.33,2.54,2.23,0.8399335997613101,0.9847952488952982,0.47301923153313385,1.4483106689751946,1.656748155593779
2013-10-23,-0.4724557241463034,13.42,2.51,2.2,0.8465292544557077,0.9694369875743902,1.3805692509162748,2.7584278553405284,3.287139542169082
2013-10-24,0.3258134764679621,13.2,2.53,2.2,0.8422536707963413,0.2551320957765002,-0.2808062477997031,2.9328902483693797,3.138782568666798
2013-10-25,0.4394843515520774,13.09,2.53,2.21,0.8435962652065319,0.10626360810974678,0.6159876404304265,2.3530252654821115,2.360975935117482
2013-10-28,0.1329699787098182,13.31,2.54,2.22,0.8330608477746396,0.3302897326362908,0.24419366352279592,2.232419777843697,1.0681792713233884
2013-10-29,0.558419502875096,13.41,2.53,2.22,0.8154002505153838,-0.5067852205877243,0.49452389899768967,1.917349305949445,0.12796138196993212
2013-10-30,-0.4875923596155185,13.65,2.55,2.22,0.8200913243902223,0.40718486267530274,1.4754283509739174,2.336257673870934,0.6083660971966776
2013-10-31,-0.3839381224110538,13.75,2.57,2.26,0.8281542018194576,-0.5345744725209545,2.2966167746574673,2.451353114926391,1.6344282939848354
2013-11-01,0.2903421198789946,13.28,2.65,2.32,0.7896348404961445,0.50918295613962,1.6232486200587815,1.8285902318551317,1.025940303863404
2013-11-04,0.3570558689741876,12.93,2.63,2.31,0.7822701097493638,-0.08581263877829315,1.0548136782047246,1.3340382278341334,2.3423970161805086
2013-11-05,-0.2805587810106646,13.27,2.69,2.37,0.7514968079338343,1.0064094539566693,0.9706998405159428,1.1781560195108787,2.570817105445089
2013-11-06,0.4265540341705787,12.67,2.67,2.37,0.6677873776926209,1.0639114021169238,1.3590953519052151,1.880607206430307,2.627317048603195
2013-11-07,-1.3182771972194418,13.91,2.63,2.34,0.7604789581228233,2.8464074146008267,3.2227461687617476,3.429218275635204,4.551378432584197
2013-11-08,1.342755951674368,12.9,2.77,2.45,0.6652804860849305,1.108421769188328,1.7264031947480385,1.7343051890750028,3.4669156173789073
2013-11-12,-0.2370391619945344,12.82,2.8,2.46,0.6645920787822184,1.1416059591810024,1.9833828191531122,0.8219783886599163,4.204927367854294
2013-11-13,0.8095344244797742,12.52,2.75,2.43,0.6462815931105451,-0.035353809360971766,1.41582381979517,-0.3647586980919937,3.333334703370494
2013-11-14,0.483725876385388,12.37,2.69,2.4,0.5915565835861433,0.2920765144481363,0.8483130713375031,-0.8544553768999874,2.817457155032632
2013-11-15,0.4222034052096646,12.19,2.71,2.4,0.583430898453346,0.3659230921346346,0.15126242210903307,-0.6473219755950166,2.7905954988805437
2013-11-18,-0.369819718572606,13.1,2.67,2.36,0.5847415515577163,0.6112066776894798,0.20206164886935607,-0.5877673901457547,2.2578438826252434
2013-11-19,-0.2042965576817046,13.39,2.71,2.42,0.5890169997582076,0.8322755526660508,0.2763099940182423,1.2741434980781063,2.433062813224751
2013-11-20,-0.3635611100220925,13.4,2.8,2.52,0.5883385176066875,1.4516908571743148,0.2054617619989152,1.584734252071729,2.548601612158352
2013-11-21,0.8128564255848181,12.66,2.79,2.5,0.5957088314542605,0.5546166519039275,0.5145190500314367,1.2512164717876084,2.3403975759813234
2013-11-22,0.4961457973002625,12.26,2.75,2.44,0.5997417181705884,-0.21387804088501827,0.2000257835960806,1.28715066507743,1.8135364420557742
2013-11-25,-0.1263342097862163,12.79,2.74,2.44,0.5985302984028994,-0.4066594988079375,0.007767889238996517,1.710974110918695,1.9778319204849293
2013-11-26,0.0149804455070734,12.81,2.71,2.42,0.5989569099445954,-0.551376586118435,-1.1388173233601306,2.17833973270003,2.197753161402649
2013-11-27,0.2485081386076837,12.98,2.74,2.46,0.5907567802037543,-1.2283965744147918,-1.755724551477389,1.8907413176296295,0.6623379886614877
2013-11-29,-0.0785689641244036,13.7,2.75,2.47,0.5763709243095523,-0.03987644049331385,-1.6884451473501483,1.9525800915502156,1.831308123004649
2013-12-02,-0.2719020284730922,14.23,2.81,2.51,0.5717709409375719,0.41479097128422904,-0.7973782640285587,2.635346787389836,2.6364584277350778
2013-12-03,-0.3192847977150137,14.55,2.79,2.51,0.5785736172126077,0.41611957783660447,-0.7882363157185601,2.0516366628860583,2.8265041664657042
2013-12-04,-0.1303493183571813,14.7,2.84,2.54,0.5770950663010261,-0.590697706087806,0.995083987553369,2.1508099164549987,2.5596628241877806
2013-12-05,-0.4339572538419101,15.08,2.88,2.58,0.5829591059346567,-0.5338862170642944,1.3764444231081363,2.3383354649117782,3.292382680777539
2013-12-06,1.1237870620775636,13.79,2.88,2.58,0.625328936710539,-1.6492263596247447,0.7329263759292992,1.8165321221315534,2.20321536789303
2013-12-09,0.1817100177267105,13.49,2.86,2.56,0.5295077819350908,-1.2071620361779445,1.0849546923562992,1.6102896639412112,1.1109433287743276
2013-12-10,-0.3179659038540561,13.91,2.81,2.51,0.4618172019268056,-1.1993651005619888,1.7030739287832386,1.9699110107405104,-0.6840019575999334
2013-12-11,-1.131687458772268,15.42,2.86,2.55,0.532740616682629,1.595204530208516,3.3553685746508632,3.3750056335823952,-0.03702753421149785
2013-12-12,-0.377056189111935,15.54,2.89,2.55,0.5083107782266886,1.9205843754400043,3.711631901664969,2.4612757629892235,0.9574767671077566
2013-12-13,-0.0101410144149549,15.76,2.88,2.54,0.4945119725716937,2.422098624525826,3.7035577805249353,3.580203034760454,-0.06308694494927547
2013-12-16,0.6320039831068547,16.03,2.89,2.55,0.5069405127536392,2.3201243893546497,3.460316865974211,3.461437441545545,0.4281965238105423
2013-12-17,-0.3100987910356179,16.21,2.85,2.51,0.5050134676799404,2.937672447448758,2.8624357365945707,3.6434595535337566,0.08927376868677062
2013-12-18,1.664796429762072,13.8,2.89,2.57,0.6285535364333492,1.7325267000362743,1.1443387967715823,1.5491633600970278,-3.7975317614390103
2013-12-19,-0.0579929204410856,14.15,2.94,2.59,0.6212545394798218,1.7572971516994107,0.9488309116357563,1.8899244973250795,-3.0061906027849306
2013-12-20,0.4818728349231804,13.79,2.89,2.52,0.6049117092168752,1.2511549491842189,1.0757214996001352,1.4595912626192753,-3.667117647623619
2013-12-23,0.531812014989308,13.04,2.94,2.56,0.6063039580761017,1.114338438722795,0.5196965000219045,0.025709697844833457,-2.984695584489716
2013-12-24,0.2915746849359912,12.48,2.99,2.61,0.6065384799587483,-0.07308957844622821,0.2623687482092407,-2.3471029873243565,-1.9800104630558923
2013-12-26,0.4745529147706984,12.33,3.0,2.58,0.6123597800215879,-0.5781709374023447,0.018999553871634767,-3.2822640523139546,-2.2898803087749164
2013-12-27,-0.0336584353380353,12.46,3.02,2.62,0.612240974475841,-0.794504436235588,-1.2056083929537498,-2.6555894300926752,-1.1757371634093072
2013-12-30,-0.0179253894115216,13.56,2.99,2.6,0.6114833557422781,-0.17326562810283663,-0.11894938650564013,-3.63212681038948,-1.1846337814269137
2013-12-31,0.3959675229718407,13.72,3.04,2.66,0.6084192949106314,-0.5880886409213137,0.0010830969837227755,-2.930708540252769,-1.0025119264498117
2014-01-02,-0.8861912729460575,14.23,3.0,2.61,0.6427808594702066,0.33570369106810105,0.759289638969074,-2.695990959235295,0.3629965657354184
2014-01-03,-0.033296507498215,13.76,3.01,2.6,0.641286701069396,0.6006432359014102,0.4002444112456649,-4.8859586379226165,0.5127317075998672
2014-01-06,-0.2511767473641013,13.55,2.98,2.58,0.6344162544249882,-0.41439635413536013,0.932248127284474,-3.917847763767268,0.10838695881691951
2014-01-07,0.6081764662643874,12.92,2.96,2.56,0.6009684486317185,0.05441051632004701,0.37978434120862214,-4.692362396089889,0.10338130938978285
2014-01-08,-0.0212208983938699,12.87,3.01,2.58,0.6010829974117683,0.5926570869127623,-0.4914328428926029,-3.486274040342796,-0.06748282934686545
2014-01-09,0.0348309189077911,12.89,2.97,2.53,0.5938728199130467,0.4221687119524198,-2.602643213114997,-2.236511304551836,0.5157404777445862
2014-01-10,0.2306686808393188,12.14,2.88,2.49,0.518614417298703,-0.199202329338799,-3.300636499975673,-2.3084412691040557,0.14926426327435127
2014-01-13,-1.2576216507389826,13.28,2.84,2.45,0.5984936164690047,1.352248148445856,-1.4676754556131044,0.03023575433640513,1.4270054806833743
2014-01-14,1.0817971767347556,12.28,2.88,2.49,0.6344035571987304,0.32519688358518817,-3.5173613035756057,-1.066953529599013,0.8380119495980498
2014-01-15,0.5166188100786506,12.28,2.9,2.49,0.630570083023608,-1.0777028475037698,-2.9317598834336045,-1.0035841536438328,0.5988999155920105
2014-01-16,-0.1347120304156734,12.53,2.86,2.45,0.6247023638638026,-3.012095799029868,-3.4292427135850234,-0.39330673593831467,-0.008669757050372429
2014-01-17,-0.3895174370902032,12.44,2.84,2.44,0.5295183635795182,-3.107624631289485,-5.265129661951473,0.11203886705044575,1.9149444685290895
2014-01-21,0.2773751994173734,12.87,2.85,2.45,0.5302871204142622,-2.782300003773741,-4.80529858498282,-0.8162516774902429,1.627617364729872
2014-01-22,0.0574865221481646,12.84,2.87,2.43,0.5224241345485178,-3.8301028121774827,-5.052956400122721,-0.2753572680324168,1.7437661503174606
2014-01-23,-0.8889576739850691,13.77,2.79,2.4,0.5525893726251169,-1.8742559456253471,-3.009631515165756,0.4260437323716726,2.7115758170377813
2014-01-24,-2.087544856898549,18.14,2.75,2.38,0.7183531298396465,-0.43010199879230937,0.3759156517607831,3.20171285313513,4.8528452366471075
2014-01-27,-0.4876293940238585,17.42,2.78,2.41,0.7088627163647222,-2.2267025887763525,1.026061801194178,3.5676561234544435,4.831156035065209
2014-01-28,0.614065260021901,15.8,2.77,2.39,0.7296388081430487,-2.0808953321129864,1.5202231520223153,2.9377982805962377,4.223149298291462
2014-01-29,-1.0209232261157553,17.35,2.69,2.33,0.7554041754047126,-1.2715554697505627,2.5397395915824905,4.514152299334961,4.066058879146528
2014-01-30,1.1267044743841437,17.29,2.72,2.36,0.8011231564209582,-1.1570618704417335,1.9864125768369378,3.637296601633788,2.6162259855147196
2014-01-31,-0.6465299642046674,18.41,2.67,2.33,0.7911926077861134,0.8094993233229042,3.1437425396205088,3.542038037860351,4.2769224384862525
2014-02-03,-2.283191982018462,21.44,2.61,2.31,0.9248455339647024,3.326843295761761,5.676018249472681,7.579124882801236,7.483824136730721
2014-02-04,0.7641088938743268,19.11,2.64,2.33,0.952015345140443,3.6776464576031787,4.1904085502634025,6.757640765810402,6.014703241581687
2014-02-05,-0.2028222779439259,19.95,2.7,2.38,0.9330743181228122,3.8603819592896604,5.031856654983269,7.158435157899934,6.871845476842808
2014-02-06,1.2439792925644788,17.23,2.73,2.4,0.9895698279343564,3.1802721638630294,3.5422849724245253,5.8987375979483225,5.249147866053128
2014-02-07,1.3301886798946505,15.29,2.71,2.41,1.0447146464288135,2.3154992654125683,2.8152143699272214,4.460163133573203,3.3622286462207107
2014-02-10,0.1569234765563809,15.26,2.7,2.38,1.0435866124572315,2.2735379101698205,2.5157808558961214,3.7664481481609613,3.6547710099822606
2014-02-11,1.1062113608869106,14.51,2.75,2.4,1.0408062676251115,0.49457343041630075,1.3963475301380868,2.6624509505082994,1.8029981367632786
2014-02-12,-0.0269262390094837,14.3,2.8,2.45,1.0095874212726286,1.1279322043633355,1.925509773690215,1.4885148856856212,1.6369309025107803
2014-02-13,0.5810025082904069,14.14,2.73,2.41,1.0115857309297709,0.35085467499695877,1.618729380791839,0.6175463895283784,1.5187224895158113
2014-02-14,0.4809216724759979,13.57,2.75,2.43,1.0180751329777256,0.4884060656522582,0.3861557554854844,1.0986414405415923,1.8334281964276
2014-02-18,0.1158473905655821,13.87,2.71,2.4,1.0145494655676568,0.23685789176381977,1.8008879070706696,1.71070590773994,2.4316048549600566
2014-02-19,-0.6524484290135191,15.5,2.73,2.4,1.0229466795495474,0.8973361137218028,2.4639813311688297,1.7509238294599827,3.3984975756151226
2014-02-20,0.6031458262132583,14.79,2.76,2.42,1.0327998055503995,0.7886817736123763,2.0246985730264733,1.7518388043959332,2.662817807251483
2014-02-21,-0.1918723565134117,14.68,2.73,2.4,1.0131043166541012,1.2634418609598352,2.2758360279101275,1.6484694094622165,1.5705903782335051
2014-02-24,0.618651346579302,14.23,2.75,2.4,0.8890665393128421,-0.10175334067888953,1.5999079258129045,0.5320363135414619,-0.1390957133506232
2014-02-25,-0.134768173700972,13.67,2.7,2.36,0.8789511744000719,1.5603342405203113,1.2199753850803408,1.1110388513620117,0.3707057447978057
2014-02-26,0.0021699977565736,14.35,2.67,2.34,0.8736479238029992,1.5527121703998947,1.2486676800600893,0.40105054721457645,1.4643726847932692
2014-02-27,0.4948082937896281,14.04,2.65,2.32,0.8315933794045255,1.2263448411701239,-0.4287394676513512,-0.28312722871851603,-1.1438384805506407
2014-02-28,0.2782688792301258,14.0,2.66,2.33,0.8043303487123239,0.9997627459082059,-0.98523470758205,-0.09841383757245303,-2.3533846521680335
2014-03-03,-0.7378510346287226,16.0,2.6,2.28,0.8095230772849246,1.7033945273282836,0.7097449640282694,1.4417052132839059,-0.8191878160503596
2014-03-04,1.526770113133269,14.1,2.7,2.37,0.6279603834799576,-0.33512971179667783,-0.08858665300943702,0.6195593779743325,-1.6505623614144094
2014-03-05,-0.0053351326431916,13.89,2.7,2.37,0.6259704590458091,-0.29939573630454186,-0.6959103993862792,0.9120436589574954,-0.6137228235732484
2014-03-06,0.1718408271082383,14.21,2.74,2.37,0.6147112942823089,-1.6350331639637616,-0.26744481723237623,0.6254556427513602,-0.6489003117068459
2014-03-07,0.0538089295248678,14.11,2.8,2.42,0.5800478947247538,-1.9653486300596934,-0.6134064924941951,-0.6895525639939226,-0.32747035665613433
2014-03-10,-0.0463246309499232,14.2,2.79,2.42,0.5294036042670254,-0.9770072748486403,-1.0510556889984701,-1.7116193062235108,0.1267868561235952
2014-03-11,-0.5082138985368356,14.8,2.77,2.4,0.5538833666232603,0.24737207611298384,-0.10762355286485503,-0.8390336364453521,0.4155003799112267
2014-03-12,0.030517087837123,14.47,2.73,2.36,0.5103932010980599,-0.3977053760206184,-0.8371637397974641,0.2130447833790905,0.5572226984138728
2014-03-13,-1.1701095130556172,16.22,2.66,2.32,0.5874124055464454,1.390320548789492,0.146239224204181,-0.7181781259733233,0.9239933549382906
2014-03-14,-0.2821777697470384,17.82,2.65,2.29,0.5799832828551622,1.3790451831810602,0.8956450761566259,-1.381763558743454,1.5371021466746626
2014-03-17,0.9613634629240364,15.64,2.7,2.32,0.6087739452362618,-0.07477901052270752,0.7268018100106355,-1.5181577320295125,1.0490470059664636
2014-03-18,0.721961893372769,14.52,2.68,2.32,0.6267112566483292,-0.3541196358826326,0.7087739100680945,-1.5633606372680187,0.624913936273197
2014-03-19,-0.6131649335692324,15.12,2.78,2.31,0.6243297687299703,-0.4412130919632995,1.6192223953824358,0.08276353586602614,1.231212559274697
2014-03-20,0.6040504799839086,14.52,2.79,2.34,0.6243690354744187,-1.2270217885213763,0.8952948797385396,-0.3824784131674974,0.48771132820784047
2014-03-21,-0.2932671409733745,15.0,2.75,2.3,0.6271726512384974,-0.4768244819735479,-0.07661603925881444,0.28770091191068214,0.9718628495070991
2014-03-24,-0.4864709743258144,15.09,2.74,2.27,0.6262382164368341,0.8021806833109046,-0.6675802575001444,1.1903538267371783,0.5534515042834753
2014-03-25,0.4403939814465518,14.02,2.75,2.28,0.6315350334721292,1.0666708368341826,-0.7321981011910172,0.5236875439167399,0.6748408493295832
2014-03-26,-0.7000319763734719,14.93,2.71,2.26,0.6538768421150138,2.0695666865135687,1.0590747126482114,1.406158285501724,1.2453008571594593
2014-03-27,-0.1900083894673887,14.62,2.69,2.24,0.6456963627200076,2.1486814579144475,-0.8631550788864684,0.7766184099962992,1.5921743599006444
2014-03-28,0.4640221884561146,14.41,2.73,2.28,0.6514050351197469,0.40212587734627103,-2.257192204064995,0.6357628914844149,2.1010771524566874
2014-03-31,0.7924102207026662,13.88,2.73,2.29,0.6504070334458715,-1.4580646280149323,-2.22876086771282,0.31992001152152394,1.3411018196452407
2014-04-01,0.7039348596697304,13.1,2.77,2.33,0.5753408831369148,-1.779883440436425,-2.2561435901951588,-0.08326977932412438,0.15963817591138074
2014-04-02,0.2853326841976367,13.09,2.82,2.35,0.578000967500532,-0.9900031974945822,-1.5119765958632514,-0.38182720450083973,-1.0603442048364942
2014-04-03,-0.1126450291031422,13.37,2.8,2.34,0.5782672925335285,-2.9484830286740538,-1.2664349655046703,-0.4039668569446153,-0.5776263953192196
2014-04-04,-1.2537288005457836,13.96,2.74,2.31,0.6457398668594057,-2.6486671055749866,0.36459629040650476,1.0492828076938299,1.0717976398303408
2014-04-07,-1.0750112394172897,15.57,2.71,2.3,0.6865676065588217,-0.782099759649113,1.8704206431834347,1.2292379113977958,1.506195876719696
2014-04-08,0.3750553770375697,14.89,2.69,2.29,0.6862547903569627,-0.4848906379274265,1.265149042373248,1.4174172527310347,1.947669988562506
2014-04-09,1.0918212704340349,13.82,2.71,2.34,0.7315246510371166,-0.5271926221852463,0.34344622077773224,0.18427453946194827,1.0848281650677416
2014-04-10,-2.0884795550912827,15.89,2.65,2.28,0.8316780317740006,1.73314968756888,1.654050509866023,2.4767072633195886,3.679603446614421
2014-04-11,-0.9486773662544356,17.03,2.63,2.26,0.8552192793330426,3.0952461629357275,2.9597626268208277,4.458915653027651,5.299368057241849
2014-04-14,0.8217286225508769,16.11,2.65,2.28,0.8469199900942241,2.6734292868594522,2.6067797665793035,3.6512400978450765,4.324790347415686
2014-04-15,0.6757307791485534,15.61,2.64,2.25,0.8446961100159845,1.7585668061051773,2.2230285264794203,2.471543332583548,4.180731730386356
2014-04-16,1.0488490558689278,14.18,2.65,2.26,0.8703654331710583,0.8752531127991015,1.147499312403677,0.45856579857790347,3.289456952274117
2014-04-17,0.1363852909705754,13.36,2.73,2.3,0.8597190918294799,-0.07775162564588323,0.8735308081488924,0.6976437748852815,3.223851564697444
2014-04-21,0.3775123551313042,13.25,2.73,2.31,0.8614005260353137,-0.13141589079750382,0.6821992441499614,0.7046322862471754,2.796637365244381
2014-04-22,0.4092139025126506,13.19,2.73,2.28,0.8570702645987428,-0.06491408803920296,-0.6294101150631892,-0.3575373147220451,2.5713577611206073
2014-04-23,-0.2213313863220212,13.27,2.7,2.27,0.8544907286806359,0.4564350058695599,0.15036585814345305,0.673993918582716,3.469675415823348
2014-04-24,0.1716960567121672,13.32,2.7,2.27,0.8373755825676226,0.26988403122036875,-0.15862688328001084,0.7388444110827175,3.7703385272612966
2014-04-25,-0.8096390978489132,14.06,2.68,2.25,0.858814263591142,0.9520226468792581,0.8092710023136274,1.9925944186078848,4.7155733586951465
2014-04-28,0.3236035858039221,13.97,2.7,2.26,0.8557529011289373,0.8146857614981684,1.4560571896815144,2.2723492855174943,4.352127815109097
2014-04-29,0.4760757069291355,13.71,2.71,2.27,0.8438614466144385,-0.5648627024959829,1.0179252615098555,1.6743636090565284,3.4903377003822733
2014-04-30,0.2992016977140688,13.41,2.67,2.25,0.8313409605666833,-0.3046784884494613,0.24311039272306711,1.9151293325258667,2.450173060647076
2014-05-01,-0.0143261481426071,13.25,2.63,2.22,0.8286072714724276,-0.4273575447309108,-0.681117692982125,2.117657534226125,2.7860347284222264
2014-05-02,-0.1348445059709546,12.91,2.6,2.18,0.8287586166330719,-0.14140543282127327,-0.174363910784614,2.3299677702554256,3.010940929828787
2014-05-05,0.1871216126306141,13.29,2.63,2.2,0.7765721121352309,0.6361884911298299,0.022281041003902047,2.100111178508346,3.0419256001064765
2014-05-06,-0.8988392160571124,13.8,2.61,2.18,0.7639758531079657,1.5917793317569817,0.27359483389999273,3.2210414367973783,4.779089540495884
2014-05-07,0.5616468420812426,13.4,2.62,2.21,0.7690978672514627,0.5494629766644277,0.5228418847525118,3.31432594303398,4.326993319249817
2014-05-08,-0.1373624945210982,13.43,2.61,2.21,0.7316159815984699,-0.25484926581635925,0.8988971869542839,3.9352077078788295,4.651236651539126
2014-05-09,0.1519476431128819,12.92,2.62,2.22,0.5393774629377786,-0.033005149037212966,1.1738239990517263,3.8749435617799977,4.478621319233822
2014-05-12,0.9672737603931392,12.23,2.66,2.25,0.508112533240704,-0.6100265315394315,0.8045769946587233,2.8545073656993214,2.8117973990042344
2014-05-13,0.0421757703063629,12.13,2.61,2.22,0.489032136593922,-1.297530672784386,0.6498236286751391,2.4474987310142637,3.2717636682147555
2014-05-14,-0.4701005088166399,12.17,2.54,2.15,0.4950553839127899,-0.026475618192123296,1.6679639461029794,2.2017100818973345,3.6372173246207007
2014-05-15,-0.9361807033335888,13.17,2.5,2.12,0.4987040876499945,1.1566942796500612,2.81796891205095,3.4909297616606105,4.8165265268446555
2014-05-16,0.374696520677964,12.44,2.52,2.14,0.5043441933235148,1.2072275953560085,2.5087059588600136,3.19086856382933,4.386375755366445
2014-05-19,0.3844786490710294,12.42,2.54,2.18,0.5045948251925754,1.4232859481012605,2.077367278449338,3.018971900735501,4.680968038037747
2014-05-20,-0.649839809746755,12.96,2.52,2.17,0.5187738531202808,1.9729539845692257,2.9394045439177674,4.4932015393075675,5.435092424350807
2014-05-21,0.8116098951240547,11.91,2.54,2.17,0.5479206919870792,1.6948882964492595,2.7769649225415804,3.784365188221317,5.159341249760363
2014-05-22,0.2362229873621668,12.03,2.56,2.19,0.5489568457519809,1.6422784910391286,3.0092603641630244,3.7189102846508115,4.499893506392705
2014-05-23,0.4248391856225497,11.36,2.54,2.17,0.5170802035878627,1.2859539722869684,2.669781032249574,3.266454888779391,3.3243321950561233
2014-05-27,0.5987805879090757,11.51,2.52,2.13,0.5269115920927797,0.6449025233542516,2.0335687447497808,1.991199669883903,3.186338310167347
2014-05-28,-0.1114071710872299,11.68,2.44,2.07,0.5220009526190716,0.9477518514318994,1.7860688052184104,2.605012055672007,2.8746778985994537
2014-05-29,0.5367110265454889,11.57,2.45,2.08,0.5297894994950034,1.0640422977190145,0.5249895002100491,1.9369458205750423,2.4759986180840743
2014-05-30,0.1843677931164355,11.4,2.48,2.11,0.5294700890287426,1.3448949525904252,0.6545167704929966,1.9437824301929307,2.782848078914202
2014-06-02,0.0727826101028172,11.58,2.54,2.15,0.5265231700658104,1.3662576158795403,0.6654679703430144,1.8317173931158282,2.509652583105204
2014-06-03,-0.03792165487565,11.87,2.6,2.19,0.5273395765778894,1.3797680623450548,0.9224421116951431,2.550615115774102,2.979355815576068
2014-06-04,0.1891663548679423,12.08,2.61,2.2,0.4714600287411409,0.8304463828182174,1.509428777321986,2.42442424403988,1.56856184813301
2014-06-05,0.6525279593556643,11.68,2.59,2.19,0.4759545978168773,-0.5333774359836396,0.980180983588097,2.3180061106244265,1.9459308888488014
2014-06-06,0.4627758701298612,10.73,2.6,2.19,0.4748559891976143,-0.6812165352979793,0.6889185671065112,1.447086540530429,1.2408724661255421
2014-06-09,0.0938771226611789,11.15,2.62,2.19,0.4753055567617978,-0.6913441040628299,0.5811582050052388,0.6375304945873017,1.6532827052493815
2014-06-10,-0.0245983622945922,10.99,2.64,2.19,0.4405595323274693,-0.4511017921925653,-0.041524642710344395,1.1297944192282028,1.8566821635265462
2014-06-11,-0.3537041032554366,11.6,2.65,2.21,0.453958240958942,0.6733902495342559,0.8045730226803327,1.0695069631426968,2.2681306806489943
2014-06-12,-0.708889350376507,12.56,2.58,2.16,0.4730864410572958,1.5216746890120092,1.404582410189703,1.9408200165690337,2.4988203177429558
2014-06-13,0.3134561695468774,12.18,2.6,2.15,0.4053061644257598,1.3795327073165664,1.2808820717302272,2.114491606247637,2.207978640469843
2014-06-16,0.0836705173430596,12.65,2.61,2.12,0.4028816672278843,1.2813609222558364,1.1585397120653207,1.8319932842367992,1.6601431219555707
2014-06-17,0.2172569060394202,12.06,2.66,2.15,0.3996552116258706,0.41143313171303486,1.6132913255081593,2.0381132886226228,1.445937218826665
2014-06-18,0.7718881307192449,10.61,2.61,2.13,0.3757014014147756,0.1303053098945961,0.9013896322134229,0.058253771618277383,-1.3444152104783336
2014-06-19,0.1277478576659385,10.62,2.64,2.16,0.3492790598343033,-0.11533722151548798,1.324839304114267,0.9563756925902611,-1.7519932021185736
2014-06-20,0.173005832273243,10.85,2.63,2.13,0.3490911829143857,-0.09730823663506305,0.7529805506040432,0.5481774031082409,-1.2165861693447244
2014-06-23,-0.0132464078757998,10.98,2.63,2.15,0.3468760122248719,-0.12126733791105737,0.056046570339884916,1.065929761972817,-2.1603897223863022
2014-06-24,-0.6435310620591883,12.13,2.59,2.1,0.3745602673818111,1.1969336123493157,1.171805650048019,1.8989953572740248,-1.5251433620988575
2014-06-25,0.4897511217437866,11.59,2.57,2.09,0.380830210204869,0.7700808660598968,0.2628193667392198,1.4518762533118013,-2.549595171334984
2014-06-26,-0.117888399729138,11.63,2.53,2.07,0.3720049735040904,1.4418395032515186,0.5288100336631851,1.079081321125086,-1.3095106971346526
2014-06-27,0.1910868625069062,11.26,2.54,2.09,0.372091407684274,0.8511169941778807,0.8230670166626819,0.9153717362799352,-1.2259259480593698
2014-06-30,-0.0372256692278916,11.57,2.53,2.06,0.373278829610733,0.17752919317750582,0.6657407017621297,0.49585869005026595,-1.35086090574017
2014-07-01,0.6677770440579822,11.15,2.58,2.11,0.3932258890215199,-0.02483075465264939,0.4180771605493794,-0.16469706324677702,-1.3479808804426785
2014-07-02,0.0658812997136992,10.82,2.64,2.15,0.3931621772339123,-0.5033850275409479,-0.8356038144453515,-2.225742232964001,-0.9844902540398048
2014-07-03,0.5479508115899812,10.32,2.65,2.13,0.3863516271974805,-0.900052161967202,-0.3636458878736537,-3.036602404074007,-1.5301335577535657
2014-07-07,-0.3923521850109468,11.33,2.63,2.11,0.3931373269311729,-0.027813254182229574,-0.20327254476895096,-1.9548471014805835,-0.29884125637646974
2014-07-08,-0.704880201475111,11.98,2.58,2.07,0.4297304800901556,0.4873463265830935,1.0093175037882096,-2.2151947520413273,0.9110314152450449
2014-07-09,0.4644267890169251,11.65,2.57,2.06,0.4400888843818815,0.4430179198947837,0.7187671531151407,-2.6657120477572183,0.6934228502031736
2014-07-10,-0.4131071874054703,12.59,2.55,2.09,0.4431968630783198,-0.3338995874345718,1.1859400065574288,-2.805042343550146,1.4093868034109613
2014-07-11,0.1470922745241187,12.08,2.53,2.05,0.4053483651856916,0.5412780589655108,0.5473767045264477,-1.8286506427184657,1.058670273160356
2014-07-14,0.4843552990250188,11.82,2.55,2.07,0.4119012629272395,-0.1755081051020957,0.09155119195292105,-2.0322660531477577,1.0530609790333934
2014-07-15,-0.1932095663463084,11.96,2.56,2.07,0.417290677637764,0.5194397068748691,-0.1687585175727202,-2.0032650566560006,1.3551036769932079
2014-07-16,0.4201084929208676,11.0,2.55,2.05,0.4229317229645015,0.2745330028218529,-0.5803479216838214,-1.7587052958287885,0.9361288943074753
2014-07-17,-1.183402645755216,14.54,2.47,2.0,0.4817758332563345,1.5249313334229742,-1.4018523502300928,-0.1501410237156886,1.9722997167431533
2014-07-18,1.0264935568841116,12.06,2.5,1.99,0.5331047530597934,0.006065812647992885,-2.6827120883932576,-1.170745036061016,1.2713461994382502
2014-07-21,-0.232025047178197,12.81,2.49,1.98,0.5358304420334036,0.2675288318383817,-1.755142279086641,-0.0957633722512341,1.4516411051301858
2014-07-22,0.5016150134305564,12.24,2.48,1.99,0.5459806793969424,-0.6846419224524558,-3.192291894961674,-0.09730398241671878,0.866633786852411
2014-07-23,0.1754438005651781,11.52,2.48,1.98,0.5210180277147455,-0.8525404196912278,-3.3603262793389765,-0.025163436396546945,0.5354786637281617
2014-07-24,0.0488155921891664,11.84,2.52,1.99,0.5127155375211475,-2.8828226182601946,-3.9442064281350997,0.22082791031940996,0.9924637402081826
2014-07-25,-0.4849150767687549,12.69,2.48,1.95,0.5263087921849895,-2.6886148147037603,-2.3630923303222806,0.508510102791071,1.172704067198449
2014-07-28,0.0288154902202908,12.56,2.5,1.96,0.5253503190319901,-2.0172743205004062,-2.12187464357273,0.9606303185735632,0.4815735461421333
2014-07-29,-0.4527786939807376,13.28,2.47,1.93,0.5369416038480742,-2.5249367480014384,-1.8376076585265966,1.526438189025403,1.3066316846812587
2014-07-30,0.0060912774517918,13.33,2.57,2.01,0.5152713076259096,-2.5293495872342087,-1.1852358658595241,1.5253290313234524,1.3897986177794142
2014-07-31,-1.9999240340662028,16.95,2.58,2.05,0.6804692422464826,-1.0928898867220038,1.2695079535983034,3.422125209652571,2.842018256266199
2014-08-01,-0.2859121137017251,17.03,2.52,2.05,0.6633471623038357,0.33451634026342436,1.5536469262332764,4.063058447973789,3.063656323963726
2014-08-04,0.7189032358413172,15.12,2.51,2.04,0.6882256018938135,-0.1067538408907609,1.689023675467305,3.264072500696602,3.0938782838752177
2014-08-05,-0.9685469956760784,16.87,2.49,2.02,0.7028644956415384,0.7051332582343806,3.1970469843029647,4.192771176247723,4.237035897462005
2014-08-06,0.001563854864095,16.37,2.49,2.01,0.6904806007856168,1.3789932822676931,3.4511321432880493,4.031268725438775,4.745239948162205
2014-08-07,-0.5556620005611967,16.66,2.43,1.99,0.6942527542252446,2.388501532007825,4.336057392871839,5.139377839453196,5.280250577934997
2014-08-08,1.1531402436471216,15.77,2.44,1.99,0.7503206332048338,1.2150659916826623,2.941103422517699,3.62137277993575,3.246034321552238
2014-08-11,0.2759425250346226,14.23,2.44,1.97,0.7433453921006928,1.7976966265544903,3.1493297924549024,2.6598876717696784,2.3671589196085474
2014-08-12,-0.163664161317445,14.13,2.46,2.01,0.7431796863339434,2.4744654472365957,3.4270210488041464,3.2030997495151814,3.338076216063346
2014-08-13,0.6707160027472625,12.9,2.43,2.0,0.7544116075004184,2.0439528880020763,2.7430768275714,2.6059207914956195,0.9898711587311482
2014-08-14,0.434581405396317,12.42,2.4,1.98,0.716324851401443,1.902123609314832,2.125632186383908,1.5527974159689206,1.41521093274668
2014-08-15,-0.0061372924176295,13.15,2.34,1.92,0.674024663747951,1.705316707472071,2.4710205863540446,1.4869080958040959,1.1631351238760024
2014-08-18,0.8531672245722488,12.32,2.39,1.95,0.7022559977378641,1.327763997312137,1.5488877445179572,1.3815204017410654,0.027896620794298777
2014-08-19,0.5000651911710952,12.21,2.4,1.94,0.7021975333074901,0.9295541063915502,0.9648766326581182,1.007770031750277,-1.7884508398710142
2014-08-20,0.2477812999687634,11.78,2.43,1.94,0.7033477603448982,0.6851204013398338,0.5607832124516543,1.250936338793962,-2.0306953210405654
2014-08-21,0.2949889667182681,11.76,2.41,1.92,0.7063742183352262,0.21933652523864478,0.7699355971986677,0.9049538660520939,-1.2281840603450056
2014-08-22,-0.1992587076122598,11.47,2.4,1.87,0.6986131314864412,0.7528651438000411,0.6608335589972647,0.2962187978334141,-1.185882007416883
2014-08-25,0.4787778824361766,11.7,2.39,1.86,0.7058588748692731,0.2182262180498773,-0.47449859506600855,-0.7582898254599679,-3.1442733932096956
2014-08-26,0.1051080894003408,11.63,2.39,1.87,0.6958891669503604,0.03499720827990771,-0.21650173911830217,-0.08599767433966621,-1.5564846640939156
2014-08-27,0.0049987292607633,11.78,2.37,1.86,0.6958951588645649,-0.12349112599019385,-0.13349418794026402,-1.7063978644348055,-3.5952860006019383
2014-08-28,-0.1689901051468934,12.05,2.34,1.84,0.5013999354196709,0.5493940501405614,-0.560911847644241,-0.6956346202495745,-4.537896060314173
2014-08-29,0.332041473363498,11.98,2.35,1.87,0.4907816328593924,-0.09134388850523534,-0.960381271620725,-1.2763466734244888,-4.703597884467192
2014-09-02,-0.0544066160004907,12.25,2.42,1.89,0.4780862789305387,-0.6912163977126018,-0.16481455040446846,-1.4977920068905526,-5.424073191411027
2014-09-03,-0.0779141064648047,12.36,2.41,1.89,0.4028100015738396,-0.2514109605807002,0.04248348586430861,-2.7270151406677545,-5.336605652389547
2014-09-04,-0.1534420775528899,12.64,2.45,1.91,0.4084097014291077,-0.010015430117482627,0.686304446221575,-2.577026998703147,-3.969601275214507
2014-09-05,0.5035885365550108,12.09,2.46,1.94,0.372558370150833,-1.104239272920049,0.13398665787893727,-1.9828529667128336,-3.5772024135524827
2014-09-08,-0.3073114142502442,12.66,2.48,1.94,0.3268689215983349,-0.8698319214159755,-0.36222108269171605,-1.834591967025423,-1.3867257503738628
2014-09-09,-0.6545009043329442,13.5,2.5,1.94,0.3749519717404805,0.5300657486816629,-0.2851442357866829,-2.6825032383221203,-1.4616018945508014
2014-09-10,0.3646074416948641,12.88,2.54,1.96,0.3716192176855178,0.2946351916104373,0.130787221387485,-1.3428903058422037,-0.6116242342394607
2014-09-11,0.0881905414818584,12.8,2.54,1.96,0.3516455869355834,0.6963896227550892,-1.5750062182555924,-3.466419280931332,0.001215031432777458
2014-09-12,-0.5962558462297207,13.31,2.62,2.04,0.3790246757741269,1.2520515760186202,-0.13548271118385413,-3.9994174188087483,0.4499953371944754
2014-09-15,-0.0710151471109754,14.12,2.6,2.02,0.3800566830455755,0.5120649430573776,-0.31902929944662706,-3.7795143609270165,1.7215128524143308
2014-09-16,0.7484376300642026,12.73,2.6,2.05,0.3693338057413037,-0.8109116197201338,-1.3351780241437017,-5.2679409742388605,0.8259728734026472
2014-09-17,0.1295643701096471,12.65,2.62,2.03,0.3556263916919434,-0.16336663462600542,-2.768322546614288,-5.376804884110953,1.3228528949320806
2014-09-18,0.4891180086237234,12.03,2.63,2.04,0.366589238566196,-2.255687467564771,-3.241087715825075,-4.624169838235437,2.012549406790254
2014-09-19,-0.0477269581025452,12.11,2.59,2.0,0.3631592884407807,-1.3703764670493945,-2.114007137081453,-3.706223226796257,2.049122828335048
2014-09-22,-0.8013323296818919,13.69,2.57,1.99,0.4068569929877162,-0.8268601813870236,-1.4777235104323938,-1.0282291303707503,2.5823656273877393
2014-09-23,-0.5776501564770165,14.93,2.54,1.97,0.4120986556473283,-0.5285524980465528,-2.404214481545508,-1.1798218527698245,3.7665437394252876
2014-09-24,0.783249148610099,13.27,2.57,1.98,0.4505337534904371,-2.60921850444904,-1.4717526628163058,-0.7414417445710253,3.348836790521603
2014-09-25,-1.6168772358634451,15.64,2.52,1.96,0.577132181213509,-1.0081407528783948,-1.9216796364447064,1.6014440937467178,5.0840461400524894
2014-09-26,0.8575824615237426,14.85,2.54,1.95,0.6137073143004362,-0.753962798797081,-3.8691767732177307,0.5862723460476671,4.515620144478172
2014-09-29,-0.2546802239196233,15.98,2.5,1.92,0.6093417910146526,-0.6562899291439162,-3.471560356164516,2.0470729142384236,4.709015655234028
2014-09-30,-0.2785928622506484,16.31,2.52,1.94,0.6112453233672385,-1.8856285201460654,-3.9859829180632467,2.1903965914773726,5.057176973427047
2014-10-01,-1.3248560995234304,16.71,2.42,1.89,0.6722529369402476,1.1679399468467189,-2.6827494966825016,4.2076569577931044,6.493302091620201
2014-10-02,0.0005143341477165,16.16,2.44,1.91,0.6729237670992029,-0.9228424342306307,-1.4294105728972495,5.429615731092263,6.571064770678525
2014-10-03,1.11655096821337,14.55,2.45,1.88,0.715809550043133,-3.1388799616302587,-1.626602584441883,4.25303952450744,5.935376368251921
2014-10-06,-0.156515985913308,15.46,2.43,1.89,0.7142774421228629,-2.8338688227091846,0.4562362909968476,4.120985915555919,5.942166950899175
2014-10-07,-1.5126053030587785,17.2,2.36,1.84,0.7732975397873376,-2.1407204329372487,1.2545548173739096,6.322771201840394,7.78086445782904
2014-10-08,1.7461650296527242,15.11,2.35,1.89,0.8750953663302228,-3.80623490559594,0.741219840992402,4.892596370704583,6.485880421276513
2014-10-09,-2.066141501469354,18.76,2.34,1.88,0.981504478592564,-0.5112865075184825,3.5921534107965725,7.1429911835036775,9.04385888876773
2014-10-10,-1.1451012338901223,21.24,2.31,1.86,1.0014705421731327,1.5612842145427575,4.634776827776221,8.722277242872867,10.180129234331092
2014-10-14,0.1578864777472377,22.79,2.21,1.82,1.0043152555627066,3.38606165938915,5.717106057826338,8.474783226148341,10.315120024162638
2014-10-15,-0.8100314924121665,26.25,2.15,1.81,0.9881931705199536,3.4695485858184494,6.432789396020966,9.418583001035108,10.933246093502014
2014-10-16,0.0144977708694149,25.2,2.17,1.82,0.9861043220528828,4.727390327351788,7.080354632749053,9.429008259938376,10.159672042734758
2014-10-17,1.2884107385910504,21.99,2.22,1.83,1.0335986006548468,4.124528073855505,6.958491720354432,8.116493357780396,9.452780801862627
2014-10-20,0.914265720638352,18.57,2.2,1.83,1.0645153633810185,3.026244338089379,5.976861899068098,7.687016156156323,8.869485973464775
2014-10-21,1.9574487182363989,16.08,2.23,1.85,1.1550976269729007,2.254698903336627,3.6481056426832525,5.4610155252192705,6.655268739767561
2014-10-22,-0.7299330200416732,17.87,2.25,1.84,1.1592855987018376,2.8638771993334533,5.005420638713676,6.445447962539763,7.618415205013784
2014-10-23,1.2303377138681793,16.53,2.29,1.88,1.180377108549054,2.246751588139917,4.120832104539374,5.702393309661469,5.538989170500708
2014-10-24,0.7053449392805167,16.11,2.29,1.88,1.1292321675413932,2.721706113749489,3.4277091997751308,5.262662565138765,4.774865304285947
2014-10-27,-0.1501568395210095,16.04,2.27,1.86,1.1153673340666608,2.8639475115641577,3.906445389399038,5.299722114075189,3.216681655690734
2014-10-28,1.1939073060167391,14.39,2.3,1.88,1.1422661222516066,1.3626823552273626,2.6085439444526903,4.349356634697599,2.461544578583763
2014-10-29,-0.1385355498529361,15.15,2.34,1.86,1.1402015388448168,2.081919812559896,2.8053324750368036,4.228449449666716,0.9401133179881338
2014-10-30,0.6230124240393486,14.52,2.32,1.84,1.0929914957099285,1.8328998107914884,2.1933562278948937,2.8757071458595185,-0.32111990050908146
2014-10-31,1.1731393541549506,14.03,2.35,1.85,1.1123320116708857,0.6872968846953098,1.0826645166739812,2.3320159450542333,-2.3132973476317376
2014-11-03,-0.0118921844636243,14.73,2.36,1.84,1.0956579640306283,1.0134725557928492,1.6137053187298411,2.729486439362261,-0.3132820352935939
2014-11-04,-0.2829841680832889,14.89,2.35,1.83,1.0982717732163367,1.2291126875068503,1.7491008362332527,2.901319882730191,2.370406950932713
2014-11-05,0.5700497411807115,14.17,2.36,1.84,1.0226940480269664,0.7086589513649821,1.371383796252501,2.488437787693387,2.2553384280409317
2014-11-06,0.3775513004849795,13.67,2.39,1.85,0.9658900784861948,0.35396852861220296,1.518967120368564,1.3620300926307394,2.2588989018441863
2014-11-07,0.0349586217805342,13.12,2.32,1.81,0.8017749277874184,0.3926688313337756,1.7741409720477774,1.302509854403433,2.4016817145039893
2014-11-10,0.3120184693883088,12.67,2.38,1.83,0.7210382465900165,0.5942106015665027,1.340895378967799,-0.6638315179807397,2.0689435592991856
2014-11-12,-0.0701116681675495,13.02,2.37,1.82,0.7272008932304938,0.513674510149631,1.696557248865438,-0.14326230566971132,2.4785977937568537
2014-11-13,0.0529844746565588,13.79,2.35,1.82,0.6747020023521219,0.6580614336326063,1.3842832276968586,-1.8143214093505944,2.512595480322233
2014-11-14,0.0240270208810677,13.31,2.32,1.78,0.6743791690110528,1.1608894085979093,0.6677057522633367,-2.460508413870488,1.9869474970533707
2014-11-17,0.0735359021627912,13.99,2.34,1.8,0.6494907166502367,1.3760687476442657,1.2359700195419432,-3.3595887885855436,0.861205323871217
2014-11-18,0.5133983312177293,13.86,2.32,1.79,0.6386510184636814,0.742274105970897,1.0980616415202205,-1.8963852838346118,0.31191647292363456
2014-11-19,-0.1501159007554986,13.96,2.36,1.82,0.5276715569247136,1.176837623816418,1.1324120184132758,0.6106256562399492,-1.3735412867957986
2014-11-20,0.196709621349167,13.58,2.34,1.81,0.473367765888156,0.7214740515771645,1.1019421355498604,0.8719962169650097,-2.4425777444130214
2014-11-21,0.5236877359639402,12.9,2.31,1.78,0.4252919042569915,-0.48752404137387684,-0.15458887357646667,0.7288606281802279,-1.822145654758367
2014-11-24,0.2864023314453678,12.62,2.3,1.77,0.4133116086547814,-0.13819704179994785,-0.46340957844476227,0.6166013650054536,-0.3513088194228686
2014-11-25,-0.1150029676853181,12.25,2.27,1.76,0.4115573904454747,0.3531660752218446,-1.978201287300474,0.7184149869692957,-1.0749708706788041
2014-11-26,0.2805981889918651,12.07,2.24,1.71,0.3481933785879481,-0.04390886930893956,-1.8091266846259835,0.768994119415134,-2.1502036674270975
2014-11-28,-0.2542427180532325,13.33,2.18,1.71,0.355243316429601,0.3777427679204637,-3.1549314501378434,1.1129064749526796,-2.1537478010269506
2014-12-01,-0.6829362527492333,14.29,2.22,1.73,0.392945571088088,0.3345662587431075,-3.1074654406371027,1.3104915175444987,-2.0536233383149582
2014-12-02,0.6384461097458161,12.85,2.28,1.73,0.3327131969937346,-0.3256625927142265,-4.539452535734512,-0.37018926731123836,-3.575040678289354
2014-12-03,0.3764742741791727,12.47,2.29,1.72,0.3361802222432519,-2.3231627398529575,-2.961923183030679,-0.7776065691389555,-2.647121340944958
2014-12-04,-0.1161896207077406,12.38,2.25,1.7,0.3272074231330084,-1.7659932429821112,-0.5159437531049194,-2.477893343187332,-2.3828079707924887
2014-12-05,0.1665216534709301,11.82,2.31,1.66,0.3115971874596898,-3.5193800145776,-0.2274396650823296,-3.5058870335157644,-2.08397151487002
2014-12-08,-0.7256565211683386,14.21,2.26,1.62,0.3583803422344085,-3.4305542224639662,0.884817330901777,-1.670138629676643,0.1378357465253499
2014-12-09,-0.0237823541331172,14.89,2.22,1.58,0.3589080674112205,-4.227557516436786,1.0850391186559172,0.11262266323084358,-0.38838343809188824
2014-12-10,-1.635096881921505,18.53,2.18,1.59,0.5175118015440797,-0.6539528316999998,2.7510373301488755,0.9214587249811723,1.5275387198528945
2014-12-11,0.4535689211905058,20.08,2.19,1.57,0.5286119723583165,1.2725221449728652,2.6256216255054587,-0.3473611867220838,-0.2839788806413224
2014-12-12,-1.6213587335965784,21.08,2.1,1.54,0.6397151060843973,3.4120223833477015,4.406871706526916,1.0337993086301456,-0.008486207504720955
2014-12-15,-0.6342586611898127,20.42,2.12,1.52,0.6504093013068452,4.468671761156129,4.559646394093275,1.0876401439126715,1.5892399611781238
2014-12-16,-0.8489022887163578,23.57,2.07,1.49,0.6682405539925416,5.547103631615613,4.367524992441507,1.0102727074828177,1.1278729133156862
2014-12-17,2.035241573284696,19.44,2.14,1.52,0.81950943986123,3.427403765829329,2.2509891843917496,0.3244106359191923,0.39544937277111725
2014-12-18,2.401520473971619,16.81,2.22,1.55,0.9907882935257716,1.3360973459272563,-1.972124643986528,-1.8765461402724615,-0.5433625203397963
2014-12-19,0.4570048934014581,16.49,2.17,1.5,0.9947248353633508,0.9620248209548654,-3.2859208558228103,-1.860763965117973,-1.4072824452430188
2014-12-22,0.3810463907886641,15.25,2.17,1.46,0.991642053923401,0.08708317182892777,-2.532547541022112,-0.7404301302606386,-0.770734228361325
2014-12-23,0.1746361746361779,14.8,2.26,1.53,0.9905004133435498,-1.1175850388951747,-0.9619786111806916,-1.4576069511317846,-1.2823137483338187
2014-12-24,-0.0139296538410715,14.37,2.27,1.54,0.9899504400715644,-1.1374302540756887,-1.7805938048966796,-1.1907408840698963,-1.68789241244085
2014-12-26,0.3309574570383944,14.5,2.25,1.52,0.9906572436903316,-3.2646037064370304,-2.89692063749577,-2.8351599338071187,-0.9661155345935923
2014-12-29,0.0861774542574522,15.06,2.22,1.5,0.9882036423091368,-4.207468782753654,-3.2306996108245056,-4.228991676374161,-1.0542597636919115
2014-12-30,-0.4888604719738176,15.92,2.2,1.51,0.9814544151891984,-2.6173514401990117,-3.3205986916734043,-2.8408726840176035,0.3907939736518484
2014-12-31,-1.0310858415930158,19.2,2.17,1.5,1.0013312105121182,0.1573651167153356,-3.2167595094372836,-3.10408058384104,1.8500213559322187
2015-01-02,-0.0339963672385534,17.79,2.12,1.46,0.9971087256774308,-0.6505632540949713,-1.8841661717309055,-1.8146913065793746,2.047426767003757
2015-01-05,-1.8278105145113743,19.92,2.04,1.36,1.0749224313335708,0.38009155183016397,0.097501351903162,1.4575059578286753,3.9147164332159035
2015-01-06,-0.8893471722946522,21.12,1.97,1.32,1.0859865364433798,1.0196715333828266,1.4735774804620627,1.9424663163872813,4.735818083103327
2015-01-07,1.162984267174294,19.31,1.96,1.34,1.1170425925037442,-0.7221484133721812,1.8386829300947705,1.8075914248423475,4.166050811834787
2015-01-08,1.7888280629516196,17.01,2.03,1.41,1.1926681204698988,-3.3688232734763734,-0.5004424896629223,-0.32344662449941275,2.304403290110457
2015-01-09,-0.8403811034715436,17.55,1.98,1.39,1.1472656911528547,-1.2416808368938992,0.6005462094273994,0.09438195163968821,3.4560629031530787
2015-01-12,-0.8093685160912578,19.6,1.92,1.36,1.1587052056742675,-0.2815201655610111,0.06360323904670562,1.9884076957993546,4.220371019696945
2015-01-13,-0.2578555236295576,20.56,1.91,1.37,1.0974661182790195,0.44932431494713043,-1.0316206292024566,2.2491015625613286,4.335573850477381
2015-01-14,-0.5813067327385291,21.48,1.86,1.35,1.0957729479768108,2.579458864732209,0.49620291516481174,3.838865999479002,4.635378619648356
2015-01-15,-0.9247875921837956,22.39,1.77,1.33,1.099210967482357,2.9683802691664374,0.11642400587654755,5.235184149329575,6.258931277246438
2015-01-16,1.3424199395820402,20.95,1.83,1.34,1.0430341918318475,1.8653892268850392,0.07080902484417617,4.00709323391788,4.375512940781512
2015-01-20,0.1549952369838569,19.89,1.82,1.29,0.8817075921353055,0.3460977395370657,1.3586798746796136,3.813496870309363,3.7566427843293226
2015-01-21,0.4731623968765364,18.85,1.87,1.34,0.8822433593879188,-1.4743204638253848,0.4620797330374238,3.2148670458272077,3.391534166826493
2015-01-22,1.5269721916580492,16.4,1.9,1.37,0.9491318536140654,-2.0308704809161804,-0.03053015254897984,2.285347585786801,0.39309346415703494
2015-01-23,-0.5491522439307173,16.66,1.81,1.29,0.9545860245186668,-2.7697398520154293,0.1778860827045481,2.8189530184412837,1.3456278992010517
2015-01-26,0.2568460857030219,15.52,1.83,1.29,0.957325483187775,-1.7617173170013434,-0.503142653653188,2.8384703675277567,-0.628560401270295
2015-01-27,-1.338786241041101,17.22,1.83,1.29,0.9939538234175732,1.0090896985061049,1.9235809969328832,4.154125622200389,0.5267148456093773
2015-01-28,-1.3495609366348305,20.44,1.73,1.23,1.0280941714309426,1.9653761394782698,3.3149195860549874,5.423140718078234,3.1860548559157875
2015-01-29,0.9534685287099888,18.76,1.77,1.26,1.0577228756314838,2.0418067795300088,3.326158588435413,4.118738404452715,1.5905950448361406
2015-01-30,-1.2991965252009852,20.97,1.68,1.21,1.0712409886090886,3.0315931791539796,5.112807608022996,6.135364234552898,4.320821236889905
2015-02-02,1.296246371066978,19.43,1.68,1.19,1.1191832639337822,1.2811448133813519,3.9334989368342343,4.301657953888061,2.6439396470015364
2015-02-03,1.4439495293299576,17.33,1.79,1.27,1.0898511471382335,0.9053554498475336,2.42191097858111,2.3658190029847592,2.4131339539495533
2015-02-04,-0.4156046208831476,18.33,1.81,1.29,1.072733648834101,1.3235310824829982,2.7401257470528906,2.915980279896302,2.3394452898669815
2015-02-05,1.0291406686777416,16.85,1.83,1.31,1.066161749175346,1.2586525556925299,2.3165849952687223,0.4237529891399916,2.209921731346798
2015-02-06,-0.3418172314141876,17.29,1.95,1.3,0.9918641705789472,2.0199769455667704,2.636377187632366,1.165668254900587,2.381448129603725
2015-02-09,-0.4247194360987749,18.55,1.96,1.31,0.9778383633053336,2.6188034587682596,3.3585111231693165,-0.12605196883808123,2.1868928138986554
2015-02-10,1.0675561019232394,17.23,2.01,1.34,0.9851773590807096,1.5029485025572553,2.1884480543659546,-1.3705034082010625,-0.36450136286734214
2015-02-11,-0.0029033588675453,16.96,2.0,1.33,0.9819050416490418,1.3980905022118684,2.040577624674267,-0.12473002994678462,-0.5984987782523765
2015-02-12,0.9644506431775834,15.34,1.99,1.38,0.9849726683468828,1.0447822609473745,0.7670659848821648,-1.6796942490742595,-1.3148299813406372
2015-02-13,0.4074738491730789,14.69,2.02,1.36,0.9498115855625024,0.6041956296407136,0.9728182985493827,-0.7534632450181711,-0.5126395476403478
2015-02-17,0.1597574462372852,15.8,2.14,1.44,0.9150375808680584,0.7208305295610451,0.3542255584771725,-1.240754235183028,-1.5449971887690706
2015-02-18,-0.0314309217733899,15.45,2.07,1.45,0.9164751618470864,0.6753493981422887,-0.05476560148156562,-0.008569479467535057,-1.9045755322874003
2015-02-19,-0.1062057333189647,15.29,2.11,1.44,0.91625321267424,0.6336284236519774,0.17116441270117466,-0.389994127681359,-1.453669500783128
2015-02-20,0.6126533626735764,14.3,2.13,1.46,0.8660136235639959,-0.2748447469044124,-1.8499757455903043,-0.10424826427396505,-1.4064318321514335
2015-02-23,-0.0303339195345975,14.56,2.06,1.42,0.852689511378464,0.3664088426944989,-1.4329314547445127,-0.24838080319478095,-1.5798676266759348
2015-02-24,0.2758770892866691,13.69,1.99,1.39,0.852834379341549,-0.3639812828750588,-3.3713363845333966,-1.1335479744619015,-1.5873503145872325
2015-02-25,-0.0765723647508154,13.84,1.96,1.35,0.7810519692233159,-0.7252172492955178,-3.4827336458555846,-2.4982759459025505,-1.072926997468715
2015-02-26,-0.1476028227480719,13.91,2.03,1.37,0.6966975307503032,-0.4595521578571127,-2.1220064654920767,-2.5863009249454394,-0.4112269479321973
2015-02-27,-0.2956304548757837,13.34,2.0,1.37,0.6878240659298299,-1.5794720947671648,-2.4281348375504996,-2.0660480146709292,-0.5735361539261019
2015-03-02,0.6124919257840311,13.04,2.08,1.42,0.5943817038140881,-1.7927714244106552,-1.7096497578817815,-1.4711462661145425,-1.0177532613637297
2015-03-03,-0.45385421527393,13.86,2.12,1.44,0.5682190607394574,-3.018341299040117,-1.5893499100650854,-1.8925189613859472,-0.05456672273141949
2015-03-04,-0.438850348301556,14.23,2.12,1.46,0.5059905216943131,-2.777660469411092,0.04622143546115787,-1.8508235454528732,0.30783266607168347
2015-03-05,0.1196079984838727,14.04,2.11,1.46,0.4901793651047009,-1.6701294234393926,-0.5601996778939133,-1.6220575282424265,-0.9452512590258366
2015-03-06,-1.4173946589881803,15.2,2.24,1.51,0.5584335670128736,-0.8622822503050243,1.7786317370552363,0.45190402835681986,1.4068679181143295
2015-03-09,0.3944421191197644,15.06,2.2,1.5,0.5574110722790326,0.08463905125364324,1.2017712092207145,-0.14907227545672974,0.8588944089972017
2015-03-10,-1.696133008584244,16.69,2.14,1.44,0.6755207790557036,1.4734656100090726,2.3158639748726895,1.846228648101289,3.1210827768392457
2015-03-11,-0.1917679574870323,16.87,2.11,1.41,0.6273436069906392,2.904560740367468,1.0199809185859054,2.4967622265063882,3.5628132844264027
2015-03-12,1.2601439566208406,15.42,2.1,1.43,0.6941606623489409,1.128781863575501,-0.4743604181972616,1.7478694196532585,2.5044164407286518
2015-03-13,-0.6074710968194674,16.0,2.13,1.45,0.6672106770468942,2.6638841878810604,0.37109757231421625,1.900751492796271,2.70380939766679
2015-03-16,1.3533671171787054,15.61,2.1,1.44,0.7339586828194486,1.1161874275182226,0.24265199094288814,0.7039312555237487,1.6130228044775041
2015-03-17,-0.3320173700583018,15.66,2.06,1.36,0.735318300455541,0.8301661521063819,-0.3080652866776168,1.5595702151455004,1.5701866623290428
2015-03-18,1.2158421402569175,13.97,1.93,1.36,0.7888007417887057,-1.831386100113097,-1.8961685445939236,0.2614903660097978,-0.6663486656048656
2015-03-19,-0.4872579408787825,14.07,1.98,1.35,0.796133221089663,-1.585248286620733,-1.067839885949995,-0.38722079075443894,0.9103667478806088
2015-03-20,0.9012754669798452,13.02,1.93,1.33,0.8106222436588054,-2.233294243349393,-1.303542488295606,-0.36526706303275924,0.30311144073420504
2015-03-23,-0.174573104253517,13.41,1.92,1.32,0.8115278611307281,-0.863892774044217,-1.3348022159461626,-0.3388051376242096,-0.7108828795049482
2015-03-24,-0.6139421956948832,13.62,1.88,1.3,0.8194234916372896,-1.128860024952194,-0.45900538638538046,0.7869931120009444,-0.5426773921229144
2015-03-25,-1.4558905652342855,15.44,1.93,1.34,0.8774325580470859,-0.06599099437922806,1.4618705076876015,2.5171578362203073,1.3075835391380686
2015-03-26,-0.2377499996742527,15.8,2.01,1.4,0.8777983540670511,0.5257427282625571,2.2328214590613404,2.9929743445432866,2.9156529513808316
2015-03-27,0.2368561349514797,15.07,1.95,1.37,0.8804942554994721,0.9509901636330476,1.523998399419657,2.3240871941964114,2.1499091796220338
2015-03-30,1.223664518739653,14.51,1.96,1.38,0.916419976229754,-0.47501304527587385,0.4601626706988604,1.3670536306825243,0.617384721480585
2015-03-31,-0.8795775050879251,15.29,1.94,1.38,0.9306371061905684,0.6775026956661545,1.8734068179073082,1.884056071745288,1.479289975758169
2015-04-01,-0.3965371271123064,15.11,1.87,1.32,0.9298533562600806,1.5288704188590296,2.199362531100024,1.253590059373022,2.981524306909611
2015-04-02,0.35296669586522,14.67,1.92,1.37,0.9340667108506158,1.698150826314504,0.6879654648305866,1.9995587193791131,2.6981664175998787
2015-04-06,0.660881512373579,14.74,1.92,1.41,0.8918173155836691,0.5676103174994118,0.9506677837464839,1.6278739577246126,2.3348728382980077
2015-04-07,-0.2061904057862884,14.78,1.89,1.37,0.888876905248917,0.9396391243941205,1.009471526628758,0.6323600929750484,2.4803378105713536
2015-04-08,0.2682533127767339,13.98,1.92,1.38,0.7956675809525153,1.1878563633587635,1.2517440710964278,-0.08405783573122161,2.111061884532539
2015-04-09,0.4457481018385056,13.09,1.97,1.41,0.7963647031588552,0.6603955204808942,1.0400826667716023,-0.1520639899279308,1.8955870855001056
2015-04-10,0.5202865037342352,12.58,1.96,1.39,0.7571457629001478,-0.9933173349525259,0.7435507253277907,0.6679180742291457,1.1417371212530947
2015-04-13,-0.458128059365126,13.94,1.94,1.4,0.7506196697995119,0.3808954642928519,0.7880784911849181,0.6165150999470015,0.5625048348463224
2015-04-14,0.1629758874327702,13.67,1.9,1.37,0.6905332298777289,0.06918233792039263,0.9027369017472031,0.1565018875164137,1.3187977812726848
2015-04-15,0.5148195696902835,12.84,1.91,1.4,0.6926525915607524,0.06313772228583314,0.010453418777878198,-0.3868692080294944,0.6721710522351598
2015-04-16,-0.0778443613424717,12.6,1.9,1.4,0.6393199026821791,0.37719615974829424,-0.9254191496930408,0.7653294075797845,0.11401015467453757
2015-04-17,-1.1311245518606403,13.89,1.87,1.36,0.6808076243526558,1.7542937643476142,1.3026315990133819,1.9964659564716936,1.467919633649517
2015-04-20,0.9235131672624686,13.3,1.9,1.35,0.6824028900393969,0.4056379702618962,0.6708288204975599,1.3711697851436444,0.4380211264642053
2015-04-21,-0.1480605325576256,13.25,1.92,1.37,0.6821044839489382,0.8329782899714866,-0.37334264594609534,1.4561666957685793,0.8000814853617921
2015-04-22,0.5087480356207541,12.71,1.99,1.42,0.6763707416005642,-0.05265106082741333,-1.3192878000103159,0.8486943324479856,-0.5749574598885809
2015-04-23,0.2357715893671175,12.48,1.96,1.41,0.577879580250376,-1.2977203580863406,-1.1798749815270737,0.8466980589772355,-0.9512787534803557
2015-04-24,0.2252800575326619,12.29,1.93,1.39,0.571784265907504,-0.4438752888209829,-0.07507443459565666,0.3952475300488034,-1.8137646762334314
2015-04-27,-0.4141314249916261,13.12,1.94,1.4,0.5849051493959248,0.2641194813325365,-0.1702219089859347,-0.22380985897884065,-1.364206351925934
2015-04-28,0.2769231695356478,12.41,2.0,1.44,0.525927626582217,-1.1963555538828663,-0.7395587445337637,0.41233854729887387,-0.45206352255589
2015-04-29,-0.3740335580798004,13.39,2.06,1.5,0.488761431343425,-1.2673039881765824,-0.3972810973505436,0.6616484685720181,0.09540354901667047
2015-04-30,-1.0128906614839228,14.55,2.05,1.47,0.5382758184965819,0.11939478701687989,1.7065412164876115,1.0491382304590013,0.41237383738175204
2015-05-01,1.0923001659165044,12.7,2.12,1.52,0.5827388195557952,0.37044516878821376,0.6849124711831189,0.16316262670292847,-1.131727939694871
2015-05-04,0.2940748690645867,12.85,2.16,1.56,0.5698077311171538,-0.4331972320360422,0.6956741817382595,-0.23125635972303105,-0.860725340669799
2015-05-05,-1.1837383677612334,14.31,2.19,1.57,0.6341513610724093,0.4623278947956555,1.8363652764269434,1.177821441040372,0.525493700478652
2015-05-06,-0.4455724813014705,15.15,2.25,1.6,0.6402978440725636,0.8811902500078128,2.19696644270726,0.7542814837141032,1.9753426348903202
2015-05-07,0.3773813438832096,15.13,2.18,1.55,0.6379584479146554,1.5852537191690663,2.0507695574413454,0.2313255806992709,1.0531604518378979
2015-05-08,1.3457901176364917,12.86,2.16,1.57,0.6976869354002907,0.3133066729614331,0.47067532148088453,-1.739996534197763,0.31898302010744395
2015-05-11,-0.5089560528435566,13.85,2.28,1.66,0.6996698144168023,1.1337829300445579,-0.053679323962874115,-1.1960203315802387,0.8962904792431114
2015-05-12,-0.2949637684856787,13.86,2.28,1.67,0.7026811938319195,1.3677140580200309,1.1604797210885254,0.289637259659159,0.4506631545304174
2015-05-13,-0.0304954782486488,13.76,2.27,1.68,0.6925758256839208,1.3042829782624832,1.0631532729116877,0.4946497965068186,0.18251678170140284
2015-05-14,1.0779286625573148,12.74,2.23,1.67,0.7342083048070316,0.4582513910524888,-0.6463723750365968,-1.2724524535262183,-0.9245253179490542
2015-05-15,0.0768413906680365,12.38,2.14,1.59,0.6804557328717389,0.1568771419653059,-0.5182006237821501,-1.804282653965561,-3.0663385588143077
2015-05-18,0.3047948049283322,12.73,2.23,1.65,0.6546734698770506,-1.1741499423875257,-0.9205266750469954,-1.5456468562880632,-3.103975449258578
2015-05-19,-0.0643374543626618,12.85,2.27,1.64,0.6534713105369283,-0.2044382068366657,-0.646668637081671,-1.28723327113065,-2.369087492851951
2015-05-20,-0.09305162517933,12.88,2.26,1.66,0.6462306365063303,-0.2380251833997371,-1.411671020393701,-0.2168594778605093,-2.3082562789105032
2015-05-21,0.2337874485413893,12.11,2.19,1.59,0.6461998382115197,-1.0995849029754257,-1.7828811920109877,-0.9775615705101659,-2.91249643812177
2015-05-22,-0.2233886303356413,12.13,2.21,1.57,0.647367582064287,-0.6740203818361823,-2.2003155135615793,-0.1509816679225673,-2.1034199162137224
2015-05-26,-1.028198019783788,14.06,2.14,1.5,0.6827232616910048,0.2566365654256275,-1.1429545378865091,0.9504800144521264,-2.7335756484978546
2015-05-27,0.9162641262365544,13.27,2.14,1.5,0.71118956194685,-0.44313637029427255,-0.860852443395288,-0.7016737845798482,-3.3986626923164898
2015-05-28,-0.1266760897673413,13.31,2.13,1.51,0.7060542965548621,-1.1764460749213779,-0.5625229947750165,-0.871372466315401,-2.0827107380476995
2015-05-29,-0.6318469173072216,13.84,2.12,1.51,0.6809756266197174,-0.6908932468738582,-0.6301532147904187,-0.27996254345379334,-0.36964184697427793
2015-06-01,0.2059461282371222,13.97,2.19,1.55,0.6373163754546634,-1.5366524826565087,-1.292781230584461,-2.561411183764073,-0.13164700613184088
2015-06-02,-0.1008596189948085,14.24,2.27,1.63,0.6341644442763428,-1.3960084352109714,-0.6309280421695762,-2.2037347403437213,-0.10429442598839378
2015-06-03,0.2118871111207898,13.66,2.38,1.69,0.5719027287482901,-0.41957536414031216,-0.6447339261419383,-1.7336296952928376,0.48342629963327166
2015-06-04,-0.8623167576889856,14.71,2.31,1.65,0.5982807640107622,0.621231534145994,1.2119198640442752,-0.909423324034897,1.469568449685399
2015-06-05,-0.1436182933524543,14.21,2.41,1.68,0.5941123943618548,0.06116260035893273,0.8199381444646159,-1.1501205287024585,1.6938762273349228
2015-06-08,-0.6474509789282434,15.29,2.39,1.69,0.5215634317883888,0.2476771897574226,2.0954401401194644,0.09907557254063004,1.9203729693939797
2015-06-09,0.0418353004221883,14.47,2.42,1.7,0.5125427365923675,0.7759121927013446,2.1176381941749867,-1.6090113791848215,1.6344975889329927
2015-06-10,1.2042424827124476,13.22,2.5,1.75,0.5812287684820855,-0.22610725232894424,0.1605608508228995,-2.559846752234962,-0.14488166914632394
2015-06-11,0.173862641786715,12.85,2.39,1.66,0.5821627148219592,0.5870414433337912,-0.31059664911263773,-1.5287875246400073,-1.385118196096713
2015-06-12,-0.6994299881765143,13.78,2.39,1.65,0.5478235942266689,0.7583117409260876,0.3524114031226988,0.2621633989023264,-1.2640316643301786
2015-06-15,-0.4622572493653387,15.39,2.36,1.64,0.5538320684676075,1.8431977699238544,-1.2852453640124994,1.1763417498015905,0.42314055394672145
2015-06-16,0.56898566086796,14.81,2.32,1.61,0.566732825493174,1.3313955411368816,-1.582792982953063,0.5299773921655371,0.5857981991064021
2015-06-17,0.1979641302692014,14.5,2.32,1.65,0.5700503071335574,0.3875443690763314,-1.0959618067364674,1.1354810573770635,0.38991552411475894
2015-06-18,0.9902710578908236,13.19,2.35,1.69,0.6166315551838635,-0.892399338489458,-2.095942050035926,0.25456348025727493,-0.8202703335716155
2015-06-19,-0.530350174982186,13.96,2.26,1.61,0.6244173631052461,-0.4028455129806763,-1.9540367802489245,0.8668306080669153,-0.5663510835209218
2015-06-22,0.6094866554531064,12.74,2.37,1.69,0.6396400775005917,-3.071823354372538,-1.9553905295270235,-0.17147403496688973,-1.3910557947298008
2015-06-23,0.0635868503911396,12.11,2.42,1.72,0.5926371838026363,-2.8758989339161767,-3.6493691386336513,-0.47312160150368987,-1.1467782619904
2015-06-24,-0.735329696164333,13.26,2.38,1.7,0.5803681874893954,-1.4777791260225048,-2.7160466953750295,-0.3049528850224581,-1.1865814246665551
2015-06-25,-0.2973574300685566,14.01,2.4,1.72,0.5830574806496068,-1.214379829108192,-1.221986324102653,-1.0778693731389066,-1.1768002599447214
2015-06-26,-0.039007964406712,14.02,2.49,1.77,0.5663290902508847,-1.5574654469374782,-0.08993107685060231,-1.610766542479447,0.12800162830894912
2015-06-29,-2.086619391956246,18.85,2.33,1.69,0.7285647188445454,1.1518145326588014,2.493636460822146,1.7306287436552825,1.2844898602803356
2015-06-30,0.2658489886146142,18.23,2.35,1.71,0.7338556603339714,-0.796373089920499,2.146748967132006,2.2034675112085456,1.111910669417271
2015-07-01,0.6936040108400654,16.09,2.43,1.74,0.7526002876648265,-1.2568409018473448,2.2561696214598914,1.5023424300913968,0.2873742877047336
2015-07-02,-0.030802274079833,16.79,2.4,1.76,0.7300103518648785,-0.007700002268862249,2.400825440243226,1.3029814526342554,0.7107160872797058
2015-07-06,-0.3861756863082544,17.01,2.3,1.7,0.733772855456031,1.4907523224078068,2.877086721044697,1.4153419999738182,1.628025072103001
2015-07-07,0.608097510857486,16.09,2.27,1.69,0.7341500265582825,1.326542617512927,1.819494722040127,0.5755897625021156,0.7485482105985541
2015-07-08,-1.6652749054007043,19.66,2.22,1.67,0.8237242903794688,2.9667484433005376,3.2965508463562276,2.597378817627094,1.608949755054745
2015-07-09,0.2262202572609117,19.97,2.32,1.72,0.7709466976677914,3.55772547221751,2.4784085437017156,1.572166034329725,-0.7595184384597831
2015-07-10,1.2338485100151564,16.83,2.42,1.77,0.827089539077209,2.408710913307077,0.14589982689534597,0.045745062566493466,-5.091451328240948
2015-07-13,1.1066049239604414,13.9,2.44,1.75,0.8533550941587682,1.3659711519655504,-1.5222044004380653,0.2181288708019924,-9.82997366732551
2015-07-14,0.4453159211633695,13.37,2.41,1.75,0.8506793445314145,0.4864984946619577,-0.7444439903920408,-1.1797284614874393,-11.443608023329709
2015-07-15,-0.0734986066058041,13.23,2.36,1.72,0.8426171048839364,0.32029991044855155,0.055526528891070015,-1.013089802836209,-7.919232244080387
2015-07-16,0.8014680412562258,12.11,2.36,1.69,0.859590586551183,-1.0422369973791978,-0.7371948256609584,-1.925356035771153,-6.431796146966395
2015-07-17,0.1106182994042637,11.95,2.34,1.66,0.8315327160184771,-2.209588487377112,-1.072104626978465,-1.6504841105502766,-6.478289904263912
2015-07-20,0.077123387202227,12.25,2.38,1.67,0.8215599924985754,-2.8492555436318123,-1.420865197159471,-1.2141300738118588,-7.334559993851419
2015-07-21,-0.4261689361606979,12.22,2.35,1.64,0.8168249239717247,-1.2249829613869667,-1.2216766179539595,-1.0518089039483147,-9.690402986814718
2015-07-22,-0.2387709895206202,12.12,2.33,1.58,0.8182777507591483,-0.26392802034467255,-0.6768590267540175,-1.6337438931640524,-7.81826855366059
2015-07-23,-0.5676040278268291,12.64,2.28,1.57,0.8113967843818352,0.3082549185253525,-0.8843253152057917,-3.159618721811719,-7.184068904532492
2015-07-24,-1.070332804283558,13.74,2.27,1.57,0.8434733770152253,1.1631854726900537,-0.1000088515875186,-5.229721001248389,-7.618105887057036
2015-07-27,-0.5775015185050969,15.6,2.23,1.55,0.851633189658705,1.4702824507061285,1.7672341878129494,-8.43618524999199,-4.750820428210845
2015-07-28,1.2386154626733423,13.44,2.26,1.57,0.7582657637399483,0.003347347874127493,-0.43854922444166444,-10.779410708154181,-7.223693344679316
2015-07-29,0.7318795346650031,12.5,2.29,1.59,0.7710532836400661,-0.4140237310464534,-1.0680232954635938,-7.970333123646878,-7.411659287114569
2015-07-30,0.0028367306366794,12.13,2.28,1.56,0.7590002680839713,-1.1889153437070643,-1.1969853239825023,-5.736893402623244,-6.998849593629597
2015-07-31,-0.2271519985995063,12.12,2.2,1.53,0.7617374110225205,-1.248669976508976,-0.584647516649317,-5.464773365389686,-7.1683232704704665
2015-08-03,-0.2756886733696673,12.56,2.16,1.48,0.758668452807762,0.2926489706492008,0.20971488922181258,-5.99893152695995,-5.7172442379025075
2015-08-04,-0.2249704779339723,13.0,2.23,1.49,0.7505713102398603,-0.4418817809953901,0.17196861435748723,-8.573466403257491,-4.682036504930642
2015-08-05,0.3114678748749488,12.51,2.28,1.55,0.6369429699284664,-0.6567185349982019,-0.963405765296732,-7.190076206742402,-5.221356490478668
2015-08-06,-0.775298528243118,13.77,2.23,1.52,0.6676280650299089,-0.008167079942011934,-2.2955939248174073,-6.355950871909033,-6.024785740114391
2015-08-07,-0.2874882444434012,13.39,2.18,1.45,0.6137546293971037,0.6724187509187907,-5.13484745162801,-7.525623324931585,-5.323531530447479
2015-08-10,1.280816646644478,12.23,2.24,1.51,0.6312135532929815,-0.08269208389504179,-10.026232430542759,-6.404865640737157,-7.672344887367855
2015-08-11,-0.955710249815489,13.71,2.15,1.47,0.6578646545959277,0.616574927624236,-10.38641100863822,-6.815031387533132,-6.972417137017938
2015-08-12,0.0950054654500487,13.61,2.14,1.47,0.6587242954379106,-0.308714616404715,-6.976823933071962,-6.412118915400278,-7.3732678983496
2015-08-13,-0.1275212093542199,13.49,2.19,1.47,0.6276290832594026,-2.287613676113087,-4.5949084585398925,-5.8721530802191,-7.298198349693252
2015-08-14,0.3911964108786803,12.83,2.2,1.47,0.6355595501943865,-5.768477875668198,-4.908825173212206,-6.62239341244979,-10.029452729256672
2015-08-17,0.521142418513576,13.02,2.16,1.44,0.6489964545953275,-9.951769672374233,-6.195653208918106,-5.9145554237693965,-10.385551153479856
2015-08-18,-0.2625530186397551,13.79,2.2,1.46,0.6451452004466252,-10.935560015014566,-8.730421432849333,-4.8456720841487115,-8.43570089314406
2015-08-19,-0.8254876246131082,15.25,2.12,1.45,0.6671042907839649,-6.688758491787416,-6.287242094259938,-4.299371114369277,-7.491315827751377
2015-08-20,-2.1100170073477758,19.14,2.09,1.4,0.8019424909792506,-2.3613124898810844,-4.155756234746677,-3.8168102802113135,-4.144459035660574
2015-08-21,-3.1850965718637325,28.03,2.05,1.41,1.0343895838829824,0.9122772115701672,-2.520183448906088,-0.19889714373595435,0.8199358695603953
2015-08-24,-3.941369286646568,40.74,2.01,1.42,1.3217705559983783,4.1712274075682565,4.024914025090709,2.6161931491396118,4.580056348577122
2015-08-25,-1.352199497897244,36.02,2.12,1.45,1.2756515406049156,2.4758911441389975,3.985310332174463,3.8096832300170247,6.865457547818088
2015-08-26,3.903385877450183,30.32,2.18,1.51,1.6005513606000272,0.43029799093621257,0.6070584144164171,-0.4261776280272467,3.7577772636235185
2015-08-27,2.429774862112533,26.1,2.18,1.5,1.7203920001883397,-1.8378409118615213,-1.3387593901360684,-2.833485978029371,1.3699516014058721
2015-08-28,0.0608736361698447,26.05,2.19,1.47,1.7220701992739131,-3.40143018800364,-1.8020265732954899,-5.384966128951385,0.6168095955524144
2015-08-31,-0.8391670369217175,28.43,2.21,1.47,1.726831478868121,-0.1404546976346066,0.2996639225842923,-4.466635169789446,0.9897457898900841
2015-09-01,-2.95764466409868,31.4,2.17,1.47,1.8262737905169597,1.4729505361533057,4.256346320085669,0.3229121294653803,5.6133924895011456
2015-09-02,1.8292975004431389,26.09,2.2,1.48,1.8892163938173772,0.1760030857382855,2.121238371716805,-1.2848557233825053,4.190148009758432
2015-09-03,0.1164793545104458,25.61,2.18,1.47,1.8893082888196389,0.5084255749482125,0.35364247368419033,0.011787039724353576,4.097084576884624
2015-09-04,-1.532959572393222,27.8,2.13,1.42,1.908923172377291,1.6557218371047844,2.381299418996541,3.4264727167554243,5.5674596932974385
2015-09-08,2.508305358648033,24.9,2.2,1.46,1.983185313597567,0.44073765696233114,-1.3542148908783136,0.5336628524898135,2.384372723089645
2015-09-09,-1.389756050907287,26.23,2.21,1.46,1.992954433901332,2.742992855953963,-0.1688960696432762,2.769763542988213,5.5537153536746375
2015-09-10,0.5277955033794246,24.37,2.23,1.48,2.000187552690256,1.941817627035558,-1.0270015431597002,3.1317075549797124,6.157713562756695
2015-09-11,0.4487043210972707,23.2,2.2,1.49,2.0071193472270643,-0.1540001252418488,-1.5150089119636223,2.7454661778002487,5.481323909710567
2015-09-14,-0.4089655710746709,24.25,2.18,1.45,2.000939297527476,0.7137597065657086,-3.6486899175472653,2.463224122087704,5.643959527104436
2015-09-15,1.283131142251781,22.54,2.28,1.46,2.0249679852879208,-1.7870762299367016,-4.752058886311494,0.6880201192283941,5.540563683264366
2015-09-16,0.8705414349693852,21.35,2.3,1.48,2.0414094926381057,-2.834148436458084,-3.7728486844762155,1.301643705457578,4.582658881112245
2015-09-17,-0.2561059320011938,21.14,2.21,1.51,2.036606302079449,-2.9122682323136417,-3.335343508762867,2.0259347330972677,4.346867673145538
2015-09-18,-1.6164165744279924,22.28,2.13,1.44,2.015116309208108,-1.3631079747100316,-0.3406507482272114,3.730250353575415,7.320611436134361
2015-09-21,0.4565783605198437,20.14,2.2,1.48,1.8894277597552305,-4.3315328876840535,1.0208634816026851,3.1120529748908776,7.124282996813225
2015-09-22,-1.2318429274285614,22.44,2.14,1.45,1.6765686499754235,-3.018933295699888,1.9137946353002144,3.789911155182568,8.075812324615406
2015-09-23,-0.2048642890328245,22.13,2.16,1.46,1.6420062284911352,-0.9660804005862667,2.9436312901853556,5.732293040964542,8.17506654843192
2015-09-24,-0.3362984329369434,23.47,2.13,1.46,1.3935961997274016,-0.4357659497716604,4.201862288685643,7.259267899263944,8.502354303447412
2015-09-25,-0.0465793285829518,23.62,2.17,1.47,1.269724024088151,1.036587026911473,4.32601459643267,7.103958424913803,7.486631590722692
2015-09-28,-2.566609046896018,27.63,2.1,1.43,1.3794734189446023,5.594734117567679,6.343363711821581,9.64454913659143,10.484710940494057
2015-09-29,0.1232853252514099,26.83,2.05,1.41,1.3752557054184722,5.086279310620734,5.711492492049297,10.806136541356292,8.804847929613334
2015-09-30,1.9075555906861608,24.5,2.06,1.42,1.293215116356753,3.9478511065563993,5.273451744710589,8.683108095127112,5.571595445904243
2015-10-01,0.1973884228037459,22.55,2.05,1.41,1.2228895414931,4.657925893466652,5.546265239504722,7.947280278810864,6.933881834482003
2015-10-02,1.4315289284541954,20.94,1.99,1.41,1.267286192473804,3.2556796169738167,4.084816058268803,7.687449538734881,5.283493150888252
2015-10-05,1.8289840800508328,19.54,2.07,1.46,1.2750455117159525,0.7089648934769821,2.0700570369496685,6.041741581749704,5.06353716542598
2015-10-06,-0.3588236183088344,19.4,2.05,1.44,1.1545395585865563,0.5949522483144953,1.8408857472102413,6.0463038505886635,5.323464810843315
2015-10-07,0.8035633639867479,18.4,2.08,1.43,1.1158060447704523,1.2752554516930914,2.7089211016058323,5.081844493613907,4.881974698417957
2015-10-08,0.8818435459823082,17.42,2.12,1.47,1.1250089568231718,0.8488027432746126,2.934118012313358,4.1270778854676005,3.836782100770786
2015-10-09,0.0725111326717931,17.08,2.12,1.47,1.1230769341186333,0.8029935441523861,2.662752755606701,3.0295578782687516,3.8883396187149533
2015-10-13,-0.6825423947869114,17.67,2.06,1.42,1.1317670535156543,1.3515104091401442,3.1042702708893533,3.894316564872824,4.588787093002966
2015-10-14,-0.4716274198213854,18.03,1.99,1.42,1.105196965996542,1.2385646307780496,4.819385224071215,2.926224353323459,5.14677386282536
2015-10-15,1.485277361914017,16.05,2.04,1.43,1.1375817296270847,1.4156129683588814,3.238856799988876,0.2832088206974559,3.127065021112929
2015-10-16,0.4570474275370051,15.05,2.04,1.43,1.137971055744056,2.067764031217312,2.2748460439199647,1.3146998539725674,3.754314778708423
2015-10-19,0.0270545534716726,14.98,2.04,1.43,1.063940322684357,1.8449444268137993,3.461247871590789,1.151634924299061,2.5857100622888707
2015-10-20,-0.1421090349352893,15.75,2.08,1.42,1.0644279802833938,1.7293870162107927,3.8911358140637065,2.9327701143466944,1.2550842461761968
2015-10-21,-0.5825414995899281,16.7,2.04,1.4,1.0290985588008068,3.5370124086138155,4.129400557077956,3.41962762605732,3.938899821468156
2015-10-22,1.662757156411132,14.45,2.04,1.43,1.0749795038163428,1.797794026249977,2.3103381542297186,2.1157398729390042,1.5243157474215785
2015-10-23,1.103034453932339,14.46,2.09,1.43,1.0793960769966628,0.20288679258155806,1.1589547724220495,0.8769338154230866,-0.23500929751494315
2015-10-26,-0.1913100686673829,15.29,2.07,1.41,1.0827210352948826,1.58702373875661,0.3572913377213327,1.1937989487051937,-0.8173426560095121
2015-10-27,-0.2554118539720318,15.43,2.05,1.4,0.8543824854754112,2.124999335254474,0.7662595272802664,1.4398208902631104,-0.33949936309427553
2015-10-28,1.184003327863703,14.33,2.1,1.37,0.8649194904637832,0.5721510932981788,-1.8061171287169553,0.31233596538873254,-3.4187077895806883
2015-10-29,-0.044977420190484,14.61,2.19,1.44,0.8081406100469215,0.503492372189851,-2.86292203430496,-0.10828459587898243,-2.91574366400168
2015-10-30,-0.4809877003672413,15.07,2.16,1.41,0.8318758192025473,0.9541321716803886,-0.9387901591512482,1.4465616835571682,-1.410645890789497
2015-11-02,1.1873817006551102,14.15,2.2,1.43,0.8173966791273067,-1.2105211431311047,-2.2323459215940367,-0.846247099579378,-1.153311915757138
2015-11-03,0.2728067346863705,14.54,2.23,1.43,0.7422325117476558,-1.3304673848895665,-0.9224710965064831,-2.5373209631718074,-2.9048995677964595
2015-11-04,-0.3545367230984642,15.51,2.25,1.41,0.7420339433027869,-2.3647383457164772,-0.6816258686052623,-0.18294615602382214,-4.2936081262221375
2015-11-05,-0.1132148392381848,15.05,2.26,1.41,0.7373678415308191,-3.349549679356556,-0.19020392738546832,-0.7682727092771624,-3.4398448605477028
2015-11-06,-0.0347621345717752,14.33,2.34,1.44,0.7244488110797836,-1.8750320468433834,-0.2787899080545553,-1.3779937456580238,-2.5546253671687946
2015-11-09,-0.9822729385718598,16.52,2.36,1.47,0.7714615073458393,-1.0343457524898958,0.8335294823461181,-1.1704520698729626,-0.36586288290505475
2015-11-10,0.1510594954300392,15.29,2.32,1.45,0.7460931137326628,0.41349774096386405,0.6684393825301393,-1.0973503388554406,-0.6751811935241214
2015-11-12,-1.3990375564759017,18.37,2.32,1.43,0.8152442093011805,1.7238776734894712,2.1574186009964524,-1.642251649196469,0.5146717423842206
2015-11-13,-1.1207364706699363,20.08,2.28,1.42,0.7982499488555563,3.2688370736915884,2.835824894175598,-0.05437844209748022,2.7345019026420614
2015-11-16,1.4903265264943455,18.16,2.27,1.39,0.8593200249736841,1.6267441122129744,2.407957510856895,-0.47632744683447914,0.49533488405166803
2015-11-17,-0.133937924813543,18.84,2.25,1.39,0.8604851666832557,1.8873974501947055,1.4177478585126524,1.1036717777554106,-0.3170051396648832
2015-11-18,1.616245179852549,16.85,2.27,1.37,0.9259984354890826,0.2538918046893768,-1.6298850854852165,-2.000886066931473,-3.403758976671223
2015-11-19,-0.112310916925773,16.99,2.24,1.33,0.9123235508910978,0.4261938665949483,0.5021021708649043,-3.6367714324827216,-3.100556860317105
2015-11-20,0.3810195689989637,15.47,2.26,1.33,0.8446135369904089,-0.41930575746383925,-0.5791703867134679,-3.255833656646301,-4.734412030047064
2015-11-23,-0.1234860772866053,15.62,2.25,1.31,0.8124891929700041,0.7687084787261655,-1.1022768742878108,-2.282197996811164,-6.877255044155783
2015-11-24,0.1221995974340028,15.93,2.24,1.31,0.8106759283756761,-0.46094963993130733,-1.9874158551297039,-1.1894777177874238,-7.998979095412628
2015-11-25,-0.0129132276676879,15.19,2.23,1.3,0.8074784654989052,-1.8790062473030722,-1.7540648610590903,-1.3346989228159023,-7.908585214700469
2015-11-27,0.0593617680760605,15.12,2.22,1.3,0.7641510142146078,0.07558616068907842,-3.7194266478419835,-1.6080543940019343,-7.245075423214187
2015-11-30,-0.4640997274763192,16.13,2.21,1.27,0.7716892740847372,-0.16053777337627917,-2.8105024092987985,-0.09852888488798284,-9.139058687704615
2015-12-01,1.068057336863748,14.67,2.15,1.24,0.7984208602604523,-1.8567126454825722,-2.8164656612603256,-1.867650398751941,-8.598275829237267
2015-12-02,-1.0995693172566212,15.91,2.18,1.24,0.7944578552739556,-1.5335350394409364,-0.3096855209163252,-1.710502387213042,-9.5782204834583
2015-12-03,-1.4373526666262015,18.11,2.33,1.37,0.8492213348632274,0.12733400006004203,-0.37714806145001667,-1.8032650391102356,-8.210797684974924
2015-12-04,2.05256690573854,14.81,2.28,1.32,0.976075773255936,-3.792146470606217,-4.118196051572188,-3.5846603736278793,-11.108720310398645
2015-12-07,-0.6989502964787397,15.84,2.23,1.29,0.988216762264158,-2.6542256707146605,-2.6922560195324685,-4.179447767128963,-10.0179614205002
2015-12-08,-0.6489901652377839,17.6,2.24,1.3,0.9977424507749332,-0.9779099943034386,-1.1930720801565098,-5.839343907369033,-7.593080834999011
2015-12-09,-0.7738985017979982,19.61,2.22,1.29,0.9887029466149012,1.2429099785544517,0.8141180485180088,-6.1334606088921495,-8.32869572817092
2015-12-10,0.2251387153161088,19.34,2.24,1.29,0.9896507729214838,-0.5038405012459113,0.4268532205939035,-6.264402028376626,-7.240902676609151
2015-12-11,-1.9422767297482932,24.39,2.13,1.25,1.0350249083731644,-0.3389012112887113,2.192936934554224,-3.661848545995583,-6.43122508581111
2015-12-14,0.4755560017433602,22.73,2.23,1.26,1.0116414871823398,-0.03906728266310777,2.7903977195477436,-6.511563939817422,-6.359237157423214
2015-12-15,1.0618561082731848,20.95,2.28,1.3,0.9825869812376504,-0.21728695671914267,0.976312776608057,-5.949372192849078,-5.048915402176169
2015-12-16,1.4514969430300615,17.86,2.3,1.28,1.0353858614362947,-0.42352786000252607,-1.4051684695915223,-9.297327439454172,-6.448892660071315
2015-12-17,-1.5040520909943678,18.94,2.24,1.24,1.023561682378377,0.9354066795427052,-1.4315159121723209,-7.863305929403552,-6.800561458030884
2015-12-18,-1.779722000676387,20.7,2.19,1.22,1.0906643251993366,2.5404477540535764,0.5564514391398712,-7.290772566801628,-4.638130052431455
2015-12-21,0.7778402536028795,18.7,2.2,1.24,1.1049122972539958,2.8305708293177023,-1.5283385337707789,-7.528388904420835,-5.229699525785114
2015-12-22,0.8816736053143037,16.6,2.24,1.25,1.1292322738479068,1.1961989175514498,-4.702374545013466,-6.47728746311641,-7.794127631031145
2015-12-23,1.241806830075265,15.57,2.27,1.26,1.1683856451096033,-0.9858158142104778,-6.891473924382852,-9.068981560984213,-10.214170182791172
2015-12-24,-0.1598636221499028,15.74,2.25,1.22,1.1685801862246623,-2.3449874227284173,-6.662814809374506,-7.635164949717533,-10.130084584890787
2015-12-28,-0.217855994238203,16.91,2.24,1.19,1.1687255797771776,-1.93484264831022,-5.729148859181221,-8.439097925024297,-9.950888142399094
2015-12-29,1.0629762908764828,16.08,2.32,1.23,1.1915941099067682,-4.238923627413849,-9.049446121168359,-8.901254475086962,-11.994078912359896
2015-12-30,-0.7217228595965963,17.29,2.31,1.23,1.1743873479320697,-5.82884883588436,-6.858722386485805,-5.966971870040439,-9.624111535873459
2015-12-31,-0.941191309542666,18.21,2.27,1.21,1.167720012524477,-5.964456667229645,-8.004637613715616,-5.115607088312912,-7.258529585242568
2016-01-04,-1.5303731089594377,20.7,2.24,1.22,1.173582473465543,-4.421511269817858,-6.525199283272231,-5.447020511215916,-4.265006828419093
2016-01-05,0.2012225954227453,19.34,2.25,1.21,1.0640588209358548,-3.8691685337979176,-7.803799650478793,-5.165836122126111,-4.903035478480322
2016-01-06,-1.3115396702646942,20.59,2.18,1.19,1.0884133372739673,-5.023463265009454,-6.093174707636839,-3.7588083077928824,-3.641734251460227
2016-01-07,-2.3700443014411654,24.99,2.16,1.2,1.1885745767352682,-1.093618945792263,-1.8624943797170612,-3.244312826533158,0.12403101359592661
2016-01-08,-1.0838374390218508,27.01,2.13,1.19,1.197155318253961,-2.169584897559673,-2.3386769486963055,-3.568627276636094,-0.03954203389335831
2016-01-11,0.0853272125533655,24.3,2.17,1.23,1.19427599681765,-2.2010057298489816,-1.0417607284354924,-3.714778593799428,0.3186619712723493
2016-01-12,0.780279851675636,22.47,2.12,1.19,1.1536392576581165,-4.09299603121005,-2.874641559982327,-4.478308227971295,0.671585671705599
2016-01-13,-2.496545230421965,25.22,2.08,1.17,1.251981513644326,-1.1262902179852818,0.16293649654823827,-3.237619415836124,3.056161977902172
2016-01-14,1.669590538666221,23.95,2.1,1.2,1.2941699832618785,-0.777376975812516,0.9574170972247664,-2.969026429788224,0.540628503581031
2016-01-15,-2.1599098001850003,27.02,2.03,1.18,1.2891217195726492,-0.17284200517763137,3.1404088754732884,0.8110278704486884,5.21291591487032
2016-01-19,0.0531821554392575,26.05,2.06,1.18,1.2708361583023808,1.1853342767628838,1.1534432422313445,2.4179698031157937,5.587536347830868
2016-01-20,-1.16938551524135,27.59,2.01,1.16,1.2430078909003743,1.2703498397512059,2.8612497243400536,3.1462947073756853,7.210665752078649
2016-01-21,0.5195438361131455,26.69,2.02,1.18,1.2317403749625695,1.3039125540812213,2.4858325181117413,2.6105029624252207,7.009133311814675
2016-01-22,2.0283701024494727,22.34,2.07,1.19,1.317430270911203,1.7483856202978876,-1.4080431717540143,2.0242264980723013,4.974565217739202
2016-01-25,-1.5637982053378965,24.15,2.03,1.15,1.2908053705886409,3.3189874851718537,-1.2594037122491852,2.3541918570928466,5.443564264875644
2016-01-26,1.4144335590226431,22.5,2.01,1.16,1.3567891564304406,-0.03151744742407869,-2.701157463026993,1.374744245372539,4.498248328885901
2016-01-27,-1.0863483795639506,23.11,2.02,1.18,1.3649454311640516,1.5709434075287243,-1.6511307589967328,3.6511857342364173,5.662391347727058
2016-01-28,0.5528577205787588,22.42,2.0,1.17,1.340099291865222,1.1667071233794069,-3.3950241789302393,2.888519029644887,6.804303304781523
2016-01-29,2.47602174153414,20.2,1.94,1.18,1.4892506498971894,-3.1021905387580206,-3.8892075886130417,-0.41283603090038756,4.09227852295071
2016-02-01,-0.0443236587170159,19.98,1.97,1.16,1.4823065626216896,-4.4313163619398965,-2.258456244668361,2.009403551908817,3.947140252833048
2016-02-02,-1.874309083027492,21.98,1.87,1.12,1.499812602314866,-2.670481683263415,1.2501072829090631,4.3835315570832645,6.525905503032714
2016-02-03,0.4992038934619414,21.65,1.88,1.16,1.5061956923137436,-3.172240070270549,0.277116002186939,4.2284300836268995,6.695839258038627
2016-02-04,0.1526732563814192,21.84,1.87,1.17,1.4875600122778725,-4.509123042570051,0.12164651566981544,4.413586427083516,7.00253884843427
2016-02-05,-1.8481246310869337,23.38,1.86,1.12,1.451269406914511,-0.8122134589325536,3.4812877036263457,6.473761749766438,9.124759680469996
2016-02-08,-1.4153935656373462,26.0,1.75,1.09,1.464276252745364,2.273611014148358,3.659685788012945,6.788462121082417,10.59436041250368
2016-02-09,-0.0663620353307359,26.54,1.74,1.05,1.4632693745604657,4.0281602477614475,4.1890546712831656,7.399271773636107,9.961073738455406
2016-02-10,-0.0188950277408284,26.29,1.71,1.0,1.4465130872349574,3.562362771751393,5.391334475071474,7.4363052297042875,9.940273968376733
2016-02-11,-1.2301161792504731,28.14,1.63,0.99,1.3670991062035756,4.849436622416059,6.504368077492617,10.557766198919992,11.370202384264672
2016-02-12,1.951804956585512,25.4,1.74,1.03,1.3882223876766646,4.328659114477995,3.617045984630529,8.304463953850538,10.201202151466493
2016-02-16,1.651665412216241,24.11,1.78,1.04,1.3578368341175215,1.3552614013724762,4.366474717506574,6.348985558316289,8.88224179515069
2016-02-17,1.648043921048603,22.31,1.81,1.07,1.4041294473451973,0.15466429776178625,3.094736744741322,5.210659387631278,6.898415402088243
2016-02-18,-0.4665713707027619,21.64,1.75,1.04,1.3784885860631977,1.766058299916451,3.940394617405829,6.400985101836909,8.079447959033237
2016-02-19,-0.0026032942938902,20.53,1.76,1.0,1.376343704390082,1.5783885048770818,4.286725259499202,6.872532136881615,7.735498923201112
2016-02-22,1.4454197186153817,19.38,1.77,0.99,1.3398913990904608,-0.6820878710485756,2.8918020953803802,5.45361591653819,5.12310685917825
2016-02-23,-1.2454371867771763,20.98,1.74,0.98,1.3207294464214008,2.970949188527605,3.0183154707490667,6.689847235956714,7.5673846518251375
2016-02-24,0.4439786812972857,20.72,1.75,1.0,1.288279171952937,2.9355322266755524,3.0811462033907278,5.539947632102948,5.809409395529941
2016-02-25,1.1348275359951865,19.11,1.71,0.99,1.2784916014786123,2.136602668722176,1.9403594847891004,4.31623673422723,4.913666383835347
2016-02-26,-0.1870114482279139,19.81,1.76,0.96,1.2780589670288605,2.6662529249438682,3.805851529467952,4.568671120823642,4.822255026905609
2016-02-29,-0.8120976341902342,20.55,1.74,0.96,1.170051841151938,3.5984344513694033,4.52379039054569,6.354317578029156,6.7015827071972955
2016-03-01,2.386879180189472,17.7,1.83,0.98,1.2871848277928066,0.045999655820172514,1.8995667393920224,4.326836840917658,5.2604416596330195
2016-03-02,0.4094308735004492,17.09,1.84,0.99,1.200513623032829,0.1414613336768067,2.052406077847513,3.689498394825619,4.849358427992212
2016-03-03,0.3498740674582556,16.7,1.83,0.98,1.1991596035135144,-0.19213795916982468,2.3673091616481345,3.9821412616941165,4.3809549004273585
2016-03-04,0.3305892314438674,16.86,1.88,1.0,1.199339848977406,1.1100031140292899,2.4795168042222926,3.307011180109698,4.717528493489831
2016-03-07,0.0885014195017408,17.35,1.91,1.0,1.0971477646991694,0.8932142112733299,2.489813346628922,2.1685933362596277,4.947647998727689
2016-03-08,-1.1240108649505087,18.67,1.83,0.95,1.0745957301136482,1.8527148411216166,3.5639602030282713,4.415786804791777,6.22151167459335
2016-03-09,0.5052393293786706,18.34,1.9,1.0,1.0709712337969244,1.9082453148984158,2.3853066436230197,2.6467140622942864,5.138592753149962
2016-03-10,0.0155804933450687,18.05,1.93,1.0,1.0703518124737033,2.564374257181168,2.33065417999887,2.9167121972822674,5.127245313802953
2016-03-11,1.639550053418848,16.5,1.98,1.01,1.0371384118525433,1.3544789318703954,0.7348522073817199,0.9791389237331583,3.244012657417872
2016-03-14,-0.1260972921287129,16.92,1.97,1.0,0.9878165030475518,1.5824643389914073,1.7513019578067723,2.083537449717854,3.5679594383547286
2016-03-15,-0.1836941687920479,16.84,1.97,0.99,0.9503791799832032,1.6801175742600316,2.3820220038161644,3.2982229736427504,3.9296923267245543
2016-03-16,0.5600351545632654,14.99,1.94,1.07,0.899697072729301,0.4681282925149688,1.6041682699076576,2.740702015404861,2.3968828539989495
2016-03-17,0.6595236486620859,14.44,1.91,1.04,0.887106070045006,-0.22787647160628088,1.577488080199485,1.9670788997681488,1.2109283796208237
2016-03-18,0.4405643688967897,14.02,1.88,1.04,0.8843008457484357,-0.611346169423066,0.8074729484412568,2.1838624527700023,1.553969706065983
2016-03-21,0.0985577266684689,13.79,1.92,1.05,0.8458631540553936,0.1662074452653206,-0.3134165239260023,2.398125795962014,0.5736995014134161
2016-03-22,-0.0877387766836879,14.17,1.94,1.03,0.7732494854184435,0.6903064692500127,0.8225125807216793,2.566096802744089,0.06439985988535568
2016-03-23,-0.6386031602501285,14.94,1.88,1.01,0.8019960459804193,1.1307466324893323,0.25531731772914235,2.6891418307808834,0.6834513574330403
2016-03-24,-0.0378070292785137,14.74,1.91,1.02,0.778184271810439,1.8094879490983207,0.5727101248199862,2.7328967612039845,1.0412856853347252
2016-03-28,0.0545255485831397,15.24,1.89,1.0,0.7734874506238084,1.4275463679012113,0.24250466546431593,2.490856337259184,1.0623152136382652
2016-03-29,0.8816651779288476,13.82,1.81,1.03,0.7460313071856091,-0.4788281212038892,0.32651718997056545,1.7853899120634509,1.429671031911517
2016-03-30,0.4350315260639448,13.56,1.83,1.07,0.5661883704345748,0.1312997408663641,0.8948846212398998,1.5116621967582677,0.024710374654990375
2016-03-31,-0.2039759217567049,13.95,1.78,1.05,0.5716064154767896,-0.8656411070922965,1.1185896847047516,0.7801988811969585,0.2121683905842664
2016-04-01,0.6330915127309877,13.1,1.79,1.03,0.5794164473562071,-1.2147962328389994,0.3835405136825676,-0.3608670656330082,-1.2625577039252822
2016-04-04,-0.3208322345054082,14.12,1.78,1.03,0.5897308042197879,-1.1683627819788711,1.3653645549002835,0.7405172809028304,0.025653241903311752
2016-04-05,-1.0144492387214377,15.42,1.73,1.01,0.6460848883285841,0.8092200845014608,2.7200674607720243,0.8899051350800713,0.0997431484110134
2016-04-06,1.0507619269939372,14.09,1.76,1.03,0.6095670213410623,0.7625836100696226,1.7293600183059032,-0.7519280182878951,-0.9208049720739075
2016-04-07,-1.1975786526205012,16.16,1.7,1.0,0.6819631987064276,2.001557092774031,2.4276263625384153,0.42704372312447614,-0.09158068112135043
2016-04-08,0.2786577915288024,15.36,1.72,1.02,0.6821182316108112,1.6179920530294156,2.1478854787775337,0.4659072624503935,0.23051830580762545
2016-04-11,-0.2739785807018835,16.26,1.73,1.03,0.5895251581756745,2.563680424811521,2.242912504329553,0.817827278867278,0.2962820022164969
2016-04-12,0.96621337827838,14.85,1.79,1.05,0.6220171457293797,1.8955085404577243,1.4541247548048863,1.0995635778446422,0.6955400391128741
2016-04-13,1.004013710204088,13.84,1.77,1.02,0.6491108758263168,0.9594597256234572,0.6113070824489641,-0.862456258165667,0.38993658782273677
2016-04-14,0.0172927380348353,13.72,1.8,1.03,0.6430159642227804,0.41770859377847636,-0.33464747141243034,-0.8963943197257684,0.3514566231867855
2016-04-15,-0.0984284849714578,13.62,1.76,1.02,0.6328700787594358,0.5214563041863851,-0.741563383305921,-1.6398088861823257,0.8809445866142962
2016-04-18,0.6541025289023228,13.35,1.78,1.03,0.6406826025390494,-0.31275000970458766,-0.6164307470713948,-1.3216657572136747,0.1246150659265366
2016-04-19,0.3084485167834661,13.24,1.79,1.02,0.6422020907624651,-0.4331729552903618,-1.7816989133022876,-2.550937102296724,-0.06997194730382628
2016-04-20,0.0761544877399211,13.28,1.85,1.05,0.6404480467657746,-0.3448440038414158,-2.439107093711501,-2.6051132041948755,0.13604012341736915
2016-04-21,-0.5194027008290192,13.95,1.88,1.06,0.633447925125457,-0.7492264817895888,-1.9531670414121738,-2.4594995833868816,0.36576502836218605
2016-04-22,0.0047859724780829,13.22,1.89,1.05,0.6329088891928973,-1.256467757162516,-1.646610899915879,-1.8770502825222746,0.8524576309962617
2016-04-25,-0.1812045879638346,14.08,1.91,1.06,0.6367053896051857,-0.3046334786006799,-1.393822995214411,-1.903927083484347,1.1658185590793568
2016-04-26,0.1872751587190579,13.96,1.94,1.08,0.6117160526582893,-1.354392821422723,-0.34947931177479186,-0.747712049682947,1.3109034113742535
2016-04-27,0.1649352800310755,13.77,1.87,1.04,0.6066654537206126,-2.101510021168218,-1.4648088603072318,-0.22002546338535378,0.9703400268523898
2016-04-28,-0.9230768513682652,15.22,1.84,1.06,0.6443222196565069,-1.2130288933231204,-0.5636330320029526,0.6884078340087196,0.9760049905215951
2016-04-29,-0.5063088369821722,15.7,1.83,1.06,0.6395544329459287,-0.39510754161992123,-0.9049563276370853,1.6346297858648162,0.6662474914205685
2016-05-02,0.7809946463542827,14.68,1.88,1.08,0.659083604861913,-1.0925176912609635,-0.7096092598037895,0.7456421806626423,-0.29354162676207274
2016-05-03,-0.8676638198860664,15.6,1.81,1.06,0.6474505091416527,1.0187108563574965,-0.7831923180135592,1.7427780230972578,0.39400991343137015
2016-05-04,-0.5936889314214544,16.05,1.79,1.04,0.6168716134958266,0.6503687247869205,-0.17015640748884175,2.6395281351129007,1.3100097269641564
2016-05-05,-0.0239008125800133,15.91,1.76,1.04,0.5530730195015596,0.6573699487343321,-0.5164190690264969,2.365126949846319,1.0040860158726073
2016-05-06,0.3174639080503638,14.72,1.79,1.05,0.5540851573890455,-0.5118712278417537,-0.23429734828140925,2.540907388935132,1.2692431621240896
2016-05-09,0.0753497043986861,14.57,1.77,1.05,0.54966262012157,0.38713798240455066,-0.5173145372476373,2.595822728397179,1.4674361753020504
2016-05-10,1.2483643435067249,13.63,1.77,1.05,0.5775410836967666,-1.7837321018016494,-0.3996293598445777,1.6662057675984165,0.0508570204415415
2016-05-11,-0.9561518078546328,14.69,1.73,0.99,0.5745574255295293,-0.8152231757037831,1.263288153728892,2.471349432617731,2.3667258433864857
2016-05-12,-0.0169464907164407,14.41,1.75,0.99,0.5744232891842868,-1.1661232737937177,1.2591377824721528,1.548365119795747,-1.2935391937757612
2016-05-13,-0.847828902508041,15.04,1.71,0.95,0.6019796512253663,0.2790020105775781,2.562778136410615,1.5855523756086898,-2.2510369156217402
2016-05-16,0.9796652464963084,14.68,1.75,0.96,0.6267917735498663,-0.9009645436955593,1.4656518416512831,0.41904118811499913,-1.4791957839769276
2016-05-17,-0.9411297455333644,15.57,1.76,0.94,0.6495125904950285,1.4092398047456989,2.5459097103861295,1.186494767316204,1.1508374345228445
2016-05-18,0.0205178732678668,15.95,1.87,0.97,0.6487148277045781,2.095595106409043,2.814473549683627,1.4826890248318847,2.5019218519409137
2016-05-19,-0.3706707658226005,16.33,1.85,0.96,0.6448557182882765,2.4538762786614265,2.896504118475751,1.528398023744315,3.0837586961422803
2016-05-20,0.6019504059596059,15.2,1.85,0.96,0.6645809459686124,2.2774220724615546,2.7817222386582907,1.5070715390582246,1.7653182379935517
2016-05-23,-0.2085458970489173,15.82,1.84,0.93,0.6648008800220113,2.388132613450411,3.129325722525267,1.9950715074863679,2.5238735776820675
2016-05-24,1.3681382686285826,14.42,1.86,0.94,0.7393519003914873,1.1208741016390356,2.0741239356493635,0.4522938794210285,1.0519851610069963
2016-05-25,0.6974740643369559,13.9,1.87,0.95,0.7563231545109014,0.7041228786857312,1.1929903728337132,1.0896719924622822,1.8827605568798589
2016-05-26,-0.0210443903503221,13.43,1.83,0.96,0.7251544904549925,0.43202644535422774,0.28563085135582256,-2.520934932046903,2.251557928057868
2016-05-27,0.4286857336424754,13.12,1.85,0.95,0.718405565854593,0.4930708615626278,-0.9528074205460646,-4.693530284085967,2.5287429850832766
2016-05-31,-0.1005263004855927,14.19,1.84,0.97,0.7001739840600744,0.7239052907362931,-1.0314925637787797,-2.90230986760327,2.6457465252208046
2016-06-01,0.1135042327450319,14.2,1.85,0.94,0.6668493223681088,0.9426835383683496,-1.3256647163297552,-1.3604367836838382,3.0685942409082845
2016-06-02,0.2824678073455322,13.63,1.81,0.92,0.648190681866453,0.4854493343206201,-1.2953278647175548,-0.303995815911684,2.68280308402562
2016-06-03,-0.2911814656949452,13.47,1.71,0.93,0.6543080036449382,-0.14576584699109718,-1.3295943399166843,0.18198342039976723,3.2280046280336983
2016-06-06,0.4897281193053882,13.65,1.73,0.93,0.6581807313926541,-1.4387840571620236,-1.240153085429263,-0.9888956698980822,2.577503636224554
2016-06-07,0.1289446251063308,14.05,1.72,0.94,0.6580659336160448,-1.742781765111423,-1.0998367409970733,-0.5870804842379673,2.8828784259076423
2016-06-08,0.3309566533707508,14.08,1.71,0.93,0.6059366124142865,-2.2471646038971005,-1.5888748232125716,-1.001369137673691,2.1730625042915452
2016-06-09,-0.1717758558953841,14.64,1.68,0.91,0.5585761758278068,-1.7721741912238742,-0.10210033322538559,0.6816383046936325,2.8149663139298786
2016-06-10,-0.9175181182794367,17.03,1.64,0.91,0.6048834689227113,-1.1855566295882802,-2.7985721978083244,1.9603277757866966,3.454555894977851
2016-06-13,-0.8115191387155773,20.97,1.62,0.89,0.6020042202343351,0.20153056131932967,-3.776707613937813,3.515041986512202,4.334645008178906
2016-06-14,-0.1798885135095518,20.5,1.62,0.88,0.5655751843766756,0.6543488973780542,-1.8903157704283857,3.7155648642769767,4.3973944625211425
2016-06-15,-0.1840712870085137,20.14,1.6,0.91,0.5212924964759773,0.6734226971699231,-0.03523922127685042,4.453294713975375,4.757907728397348
2016-06-16,0.3132990699674209,19.37,1.57,0.87,0.5242198358476977,1.700204442323372,1.0043415649536591,4.030337027299846,4.601086043301494
2016-06-17,-0.3257965419980912,19.41,1.62,0.92,0.5223048206973875,-1.6323682178460142,1.5319464333852784,4.619013104751168,4.8097313948591625
2016-06-20,0.580818525653326,18.37,1.67,0.93,0.5212075540397093,-3.9702369344774002,0.25441252025080185,3.865596030091223,3.54158306957284
2016-06-21,0.2712061607464289,18.48,1.71,0.95,0.5184499581046225,-2.528121929834204,0.5184584533154624,4.027005654656635,3.585147217189477
2016-06-22,-0.1651563661812738,21.17,1.69,0.94,0.4262376412304068,-0.70392155095238,0.5969911272567074,3.8226748457007353,3.7785634118836287
2016-06-23,1.336407865930278,17.25,1.74,0.96,0.4974172883738647,-0.6842295757275241,0.7845396555215878,2.92004802592003,3.291032431359042
2016-06-24,-3.5919799994431734,25.76,1.57,0.93,0.9558916835863064,3.216825081485153,4.895915709468346,6.433164855882123,7.042267191749008
2016-06-27,-1.809650217612302,23.85,1.46,0.85,1.016961776742803,4.399312587958426,7.577946482224296,8.42971844028444,9.057551842690902
2016-06-28,1.777016508725926,18.75,1.46,0.85,1.1122335922766315,3.125599345645691,5.713891221571887,6.408857884239638,6.846457020768182
2016-06-29,1.703267257002827,16.64,1.5,0.88,1.1857721331107225,1.3101350008264623,4.490116217241602,4.794836612757991,5.554456479782677
2016-06-30,1.356504470592235,15.63,1.49,0.91,1.2258246595163895,1.4788882218549793,2.9959063298286237,3.5609800753315435,4.058867053835824
2016-07-01,0.194860235588723,14.77,1.46,0.87,1.2247329117652856,1.6267605854545675,3.040488023531873,3.228328695170246,4.146553802827424
2016-07-05,-0.6847477437932237,15.58,1.37,0.81,1.2289868907328525,3.0446885285646097,3.6020195211966533,3.278828798341493,4.29005058154579
2016-07-06,0.5352963242081676,14.96,1.38,0.8,1.2353119821220864,2.5098442019725997,3.4904506648106626,3.050871263906463,3.9285999153071405
2016-07-07,-0.0871577841923931,14.76,1.4,0.82,1.2325570557920251,3.1388579399180605,3.206540953460024,3.162691298194198,4.2480633650793465
2016-07-08,1.5253349296718175,13.2,1.37,0.76,1.2807054451119495,1.4949100591810982,2.1188848782735636,2.4869814203691387,2.5339319835810725
2016-07-11,0.3408615474199461,13.54,1.43,0.77,1.2618663443371767,1.3910976104453798,1.4654995249495428,2.046172596677076,2.128056969956016
2016-07-12,0.7009293213798395,13.55,1.53,0.84,1.2493229050870502,0.540863387128887,0.7917719067084938,1.3753798142178697,1.6151370961291933
2016-07-13,0.0134767755339826,13.04,1.48,0.8,1.2471345101440852,0.9565973594750643,0.6574033503422783,1.0713500242107266,1.069024799710272
2016-07-14,0.525920411762093,12.82,1.53,0.85,1.2460295462831985,0.06562319468514932,0.29162604708259376,1.018603769497406,0.4030026899191297
2016-07-15,-0.0928947320912754,12.67,1.6,0.89,1.247832830883037,0.6147843460609259,0.5486370921319317,1.0320417207682286,0.3376931944221617
2016-07-18,0.2382294987840705,12.44,1.59,0.91,1.2415577417722916,0.07338111161399041,0.18229792505979336,1.073428319791092,0.6225507941395536
2016-07-19,-0.1435173652293842,11.97,1.56,0.86,1.2414554313329305,0.24955874768401998,-0.3119540761355788,0.6641096993369011,0.5703023284966413
2016-07-20,0.4270300173431884,11.77,1.59,0.86,1.242432838722194,-0.2963590463211152,-0.4247535865196772,0.4233716711850466,-0.09526227741892823
2016-07-21,-0.3612528916297486,12.74,1.57,0.87,1.246275553134746,0.22585463936777295,-0.042487283132175424,1.0091631809353796,0.262805495743601
2016-07-22,0.4553964713003289,12.02,1.57,0.86,1.2190890540466692,-0.06574307579040317,0.36045883436190973,0.4064352110799474,0.22758081981399947
2016-07-25,-0.3011475124434226,12.87,1.58,0.86,0.85500020203674,0.10883694768375474,0.5722862198936474,0.6529879102832981,0.8300745297223466
2016-07-26,0.0322784244346063,13.05,1.57,0.82,0.6989882079078372,-0.5601150078205164,0.5790233631864039,0.8168972266732633,0.7827834022006375
2016-07-27,-0.1198542120781409,12.83,1.52,0.79,0.6285658305907168,-0.1287761800576659,0.41124314763780756,0.4089331094061066,0.6794104151398139
2016-07-28,0.1606209022175564,12.72,1.52,0.8,0.5369509668583357,-0.2677372255547317,0.7248638306786459,0.1110527839923936,-1.946950722985008
2016-07-29,0.163130925730881,11.87,1.46,0.79,0.4677001782741485,0.42648229272925775,0.48076696275192177,-0.20979289606523066,-0.6698591249351793
2016-08-01,-0.1269787284515211,12.44,1.51,0.84,0.4725338735278079,0.4629454165490765,0.8895088385753702,0.439451757643905,-2.0185765226933827
2016-08-02,-0.6361619481225378,13.37,1.55,0.88,0.4680659760685953,1.1455547953383771,0.9791181745280708,0.8850172520243671,-1.449215325751252
2016-08-03,0.3133943280255735,12.86,1.55,0.88,0.4613452398345077,0.540715640642464,0.8517430669294335,0.3308968051482175,-0.7639386908370627
2016-08-04,0.0212571889691925,12.42,1.51,0.87,0.4590260135441416,0.9952657531477227,1.052097471699165,0.3054225446170511,-1.1592971186612178
2016-08-05,0.8603496447961101,11.39,1.59,0.87,0.3701621455854935,0.05405413869263853,0.045811246034555,-0.1324007642962477,-2.004242014012725
2016-08-08,-0.0907165567837986,11.5,1.59,0.85,0.3694060716615528,0.42459776612924216,0.0802424737697871,0.25632141767673033,-1.8859220244209274
2016-08-09,0.0389793936476534,11.66,1.55,0.84,0.3415189512686671,-0.1645515921555596,0.23650444748093413,0.20258701287885206,-0.8534414334530949
2016-08-10,-0.2864685997403637,12.05,1.5,0.81,0.3505463132916624,0.309354697054931,-0.002300577265357262,0.26706896468522423,0.07768095527149743
2016-08-11,0.4734588012062168,11.68,1.57,0.81,0.3470066144166327,0.0562716659316953,-0.6093937716492026,-2.6525869105716637,-0.9653304882522251
2016-08-12,-0.0796046373750192,11.55,1.51,0.8,0.3467286549197274,-0.008238439440599876,-0.6872557601726559,-1.1451207255549711,-1.7375953079571627
2016-08-15,0.2792909218769068,11.81,1.55,0.83,0.3480091009416473,-0.3428993493819088,-0.44608907914451823,-2.8824457515415958,-1.3798128918383612
2016-08-16,-0.547907701986905,12.64,1.57,0.81,0.3710709042588794,0.40171707147356184,-0.09318849699310183,-2.404787786007667,-0.31126347865017
2016-08-17,0.1868589648029051,12.19,1.56,0.82,0.3614350085899929,-0.31069412744356706,-0.5164474563771337,-1.6020365227542022,-1.4246999985343733
2016-08-18,0.2199617312904633,11.43,1.53,0.82,0.3522693841940051,-0.6652910672140688,-0.7389009686723513,-2.1883707965385857,-0.8573309723985623
2016-08-19,-0.1440271380974911,11.34,1.58,0.82,0.3413658939797833,-0.6790732657718235,-0.17813040657197465,-2.049114535146035,-1.038072998810935
2016-08-22,-0.0563323157221185,12.27,1.55,0.79,0.3335114440322511,-0.10354478415379731,0.17593776709035058,-1.964588064128614,-1.472982439891779
2016-08-23,0.1951769405530878,12.38,1.55,0.81,0.3354742842323738,-0.4929254029732766,-0.03383740762811227,-1.0873741926077374,-1.2423943979274377
2016-08-24,-0.5240276852734871,13.45,1.56,0.8,0.357160606226996,-0.20639458478788342,0.2693757391476037,0.07998337261616584,-0.6743427660667156
2016-08-25,-0.1365227624351317,13.63,1.58,0.8,0.3572278162180169,-0.07410290144211906,-2.055720572051012,-0.35811907192235815,-0.8621514092867488
2016-08-26,-0.157881659441994,13.65,1.62,0.78,0.357015185947041,0.5043678866794465,-0.46103344428446436,-1.057608019820755,-1.9412510458354904
2016-08-29,0.5228047221710774,12.94,1.57,0.76,0.3749165944429129,0.2797722408070191,-2.4472736930786665,-0.9379077165899918,-2.3393922283768798
2016-08-30,-0.1953680484111486,13.12,1.57,0.77,0.3459935824846691,0.4613621666643253,-2.313755442935961,-0.2182783920098741,-2.4514895886024624
2016-08-31,-0.2375864261715099,13.42,1.58,0.78,0.3454026363360456,0.4767543190326906,-1.0912246684204874,-0.9129675397940518,-2.199462570369759
2016-09-01,-0.0041384533048027,13.48,1.57,0.79,0.3454331689636453,-1.9830871957590812,-1.460259700941624,-0.11931159828163507,-2.4925447197139294
2016-09-02,0.4201041336424849,11.98,1.6,0.8,0.2997962030539921,-0.9605565919806214,-1.874322867518463,-0.8614771449798497,-2.302291580197169
2016-09-06,0.2981678757711492,12.02,1.55,0.81,0.3065607709060419,-2.7194377020892113,-2.1367664520353435,-1.6460242287084093,-2.379214856095746
2016-09-07,-0.0146385222930978,11.94,1.54,0.8,0.3065583408645517,-2.7623730653745238,-1.0538933951837137,-1.2089660730775553,-2.4992414383855577
2016-09-08,-0.2223013629666703,12.51,1.61,0.83,0.3036076149617194,-1.560539050131482,-0.1888835600454497,-0.9411831860501763,-2.2902351692469125
2016-09-09,-2.452206896667508,17.5,1.67,0.88,0.6152941927661546,0.5334053887839252,1.733231904960264,1.2186205970734942,0.6418160904573034
2016-09-12,1.467705274849096,15.16,1.68,0.89,0.7119776062808945,-0.922628645814727,-0.5993377228830199,-1.487073507762926,-1.1906245465684973
2016-09-13,-1.4830674258895948,17.85,1.73,0.93,0.7747038624009068,0.5989595827679439,1.5472309525619066,0.11058785211435218,0.12228749766209912
2016-09-14,-0.0587676650206314,18.14,1.7,0.93,0.7689566757982838,1.7570149787174971,2.145109642025411,-0.1409964589088153,-0.11805212680441324
2016-09-15,1.0109273363029914,16.3,1.71,0.97,0.807318569470549,1.3934000418638792,0.18022377491666575,-1.1204646890370373,-1.4250363738559035
2016-09-16,-0.3772294747450777,15.37,1.7,0.93,0.8067773466841968,1.193460533378321,1.3608196029240238,-1.047582443021855,-1.0638735361170881
2016-09-19,-0.0018603060785604,15.53,1.7,0.91,0.8070644584088461,0.3263014738007275,1.0321923395964383,-0.43614344907996205,-1.7335134406139319
2016-09-20,0.0299138217149996,15.92,1.69,0.9,0.8075423181307996,0.9426254244843779,0.5014571923851019,-0.24774207357621814,-2.403946137436286
2016-09-21,1.0917162352442444,13.3,1.66,0.87,0.8484082756654316,0.3813935219985298,-0.15672438584489745,-1.4607427141872908,-3.8849561422766077
2016-09-22,0.6499784427785649,12.02,1.63,0.84,0.8545647189079415,-1.1965041772406426,-0.7537232853790488,-2.10532822810936,-4.664754912119307
2016-09-23,-0.573677446354337,12.29,1.62,0.85,0.8639808353987838,0.1653852617190532,-0.5058438607037252,-1.0728213328781933,-1.9837709011648497
2016-09-26,-0.8587762798917709,14.5,1.59,0.83,0.884089126574069,0.7035950248600376,-0.893088400563169,-0.5948519960933818,-0.761822257850886
2016-09-27,0.6444170055012188,13.1,1.56,0.81,0.8886384043641334,-0.4370485018039383,-1.4147535949244117,-1.403232211782801,-0.30501037029257994
2016-09-28,0.5296554012835575,12.39,1.57,0.82,0.896860201677172,-0.5360733587798872,-2.238096477595508,-2.2156339904683464,-0.6368132584882336
2016-09-29,-0.9321411497187015,14.02,1.56,0.83,0.9194187613205544,0.44814294086907847,-1.2983485312191512,-1.6023722929380035,0.286521955362784
2016-09-30,0.7967969231286176,13.29,1.6,0.83,0.9383932355280484,-0.6701208413155357,-2.3760680461944683,-2.392140423232314,0.23805140047981066
2016-10-03,-0.3260695529472612,13.57,1.63,0.83,0.9355667500385982,-1.5855277311887739,-1.4533345804681352,-2.7374500306933225,0.40684454743964427
2016-10-04,-0.4955562270715696,13.63,1.69,0.87,0.937341243816536,-0.9819968958414971,-0.7454610976705744,-2.8909066703974973,1.3787728857181047
2016-10-05,0.4296690650193557,12.99,1.72,0.87,0.944181093883559,-1.71119638676146,-1.306065251085875,-3.7340839766109912,0.7041077922146588
2016-10-06,0.0481559765297179,12.84,1.75,0.89,0.9436187313048736,-1.7386996125118404,-1.3618696715613776,-3.940733855423395,1.406668113824039
2016-10-07,-0.325348335701181,13.48,1.73,0.9,0.7597529000584502,-1.7174562370639523,-0.5698600743753168,-1.4854410528312711,1.9579759635574234
2016-10-11,-1.2446471596532338,15.36,1.77,0.9,0.7376318260911858,0.1343228771877758,0.3009239211036796,0.13244902963258642,3.3264097230550016
2016-10-12,0.1146589037580358,15.91,1.79,0.92,0.6591442493542631,0.23888160814766746,0.011686721453507687,1.1256686625015,3.6120688045859994
2016-10-13,-0.3099263747961212,16.69,1.75,0.9,0.6628571073693265,0.4121844205874803,0.022976728477930308,1.6379419399708883,3.38806237087661
2016-10-14,0.0201604478573091,16.12,1.8,0.96,0.6184752119924437,0.3834978159910962,-0.30802297347075625,1.6057183066315428,3.5052486118082316
2016-10-17,-0.3037994040303138,16.21,1.77,0.96,0.616673899053278,1.1676500411474056,-0.016463562485313776,2.6777444775644144,3.5451769976951875
2016-10-18,0.6160403318245855,15.28,1.75,0.93,0.6344778271751744,0.1663775607892548,-1.3030531725842232,1.8876124524240812,2.549415170368463
2016-10-19,0.2191971018971061,14.41,1.76,0.95,0.6366685290566153,-0.2266534532800346,-2.161559155333048,2.1401882542409156,2.3657452085773745
2016-10-20,-0.1375723954379237,13.75,1.76,0.92,0.5816202723937385,-0.3876100239781022,-2.4601498883413897,2.0367746492371053,3.103489399059578
2016-10-21,-0.0084141600051768,13.34,1.74,0.9,0.5567082266562613,-0.6888789537194739,-2.6144698559016466,2.806762228934079,3.4638695059074687
2016-10-24,0.4749839541692946,13.02,1.77,0.93,0.5596050882918809,-1.170446880154985,-0.9208284119290422,2.5423237258074716,4.3302375052598485
2016-10-25,-0.3797727786498339,13.46,1.77,0.91,0.5328909224254403,-1.466989991209089,-0.1679694312722524,3.0164087065949197,4.954109415878771
2016-10-26,-0.1740411645288153,14.24,1.79,0.93,0.509405903719823,-1.9393011951813977,1.1138517682944382,3.5999613656752416,5.761498819196209
2016-10-27,-0.2986726736698974,15.36,1.85,0.98,0.4914954500389892,-2.0806044959489234,1.6145942305605399,3.364312633419697,5.957668598951238
2016-10-28,-0.3108299343522414,16.19,1.86,1.0,0.4551411369707901,-1.9389479062318027,1.9196542562227137,3.8250536292045556,6.983143519455326
2016-10-31,-0.0122276407829136,17.06,1.84,0.98,0.4064878696178459,0.2525747211699514,2.6946516757121453,3.5622270296533864,6.127719874389292
2016-11-01,-0.6786883476427641,18.56,1.83,1.0,0.4231911918182289,1.3183607806367847,3.232790605557012,3.9033308190264737,7.267852418124554
2016-11-02,-0.652550029741239,19.32,1.81,1.0,0.4315492733235543,3.1135337609136116,4.396786551825449,4.627326769340301,7.783407547236321
2016-11-03,-0.4423400838946101,22.08,1.82,1.01,0.4140569020822678,3.77371480643649,4.610345958529449,5.703965385462473,8.476126174288169
2016-11-04,-0.1666130732233761,22.51,1.79,0.99,0.4103432567761943,3.9348977805834906,5.566773705307293,6.241522075009742,9.052404964444793
2016-11-07,2.222354396733728,18.71,1.83,1.01,0.6777245971638685,2.435924425217295,3.49533820502137,5.299868613173908,6.419407408229794
2016-11-08,0.3771974454299664,18.74,1.88,1.01,0.625094506812792,1.8895191455625238,3.1897359191496832,5.130696849469363,5.821992993743064
2016-11-09,1.1077020753253342,14.38,2.07,1.17,0.6716779229657469,1.244504716410244,2.4587230670213067,4.596449417782988,4.793650557042972
2016-11-10,0.1950745950128452,14.74,2.15,1.23,0.66658719418043,0.8062071919208602,1.7219164393739383,4.274065552568551,4.824779227816434
2016-11-14,-0.0115502786222743,14.48,2.23,1.23,0.6667831149236,1.5700943182422211,1.86951122125254,4.968118563769042,3.960815665701789
2016-11-15,0.7480797417763307,13.37,2.23,1.21,0.6761878027233293,1.0342209393321644,0.8448106496147911,3.342986360689948,3.1586147698596356
2016-11-16,-0.1582263421610164,13.72,2.22,1.22,0.6692886046597601,1.2761045340979882,0.6495418844497669,3.9087016721121914,2.842987789491769
2016-11-17,0.4676369608375141,13.35,2.29,1.25,0.6739912360278745,1.1992930915234679,0.22083076034185023,3.243989692852911,3.233016805150535
2016-11-18,-0.2386798421690206,12.85,2.34,1.27,0.6763059486152797,0.9083857759966341,1.0454218623525025,3.6954090729145683,4.072143619457935
2016-11-21,0.7461400625843329,12.42,2.33,1.25,0.6906564956152831,0.2947884463631478,0.639167368689364,3.301826073483838,3.2217593901204378
2016-11-22,0.2165432272904111,12.41,2.31,1.24,0.6864789492374526,-0.18747142102583103,1.743586174459244,2.8253148923635507,3.3609649392092544
2016-11-23,0.0808024432903398,12.43,2.36,1.24,0.6762030633100737,-0.6186678017787051,1.8809631723841536,2.550890407022388,2.9110241887161603
2016-11-25,0.3914386891670673,12.34,2.36,1.24,0.6737208168415619,-0.9668667648663476,2.0864268915037565,2.2788957544340294,2.509761322726267
2016-11-28,-0.5254535631502799,13.15,2.32,1.21,0.6840154649890654,0.13580247598061757,2.5089471399368346,3.050338508213035,3.3428455314753247
2016-11-29,0.1335293064226972,12.9,2.3,1.21,0.6748056055639003,0.34336671691610476,3.0417416412125364,2.0529247852255628,2.983681471031896
2016-11-30,-0.2653404039096418,13.33,2.37,1.26,0.6811418183848881,1.9346845761523568,2.4772476590343206,2.294420610579717,3.4486759639835496
2016-12-01,-0.351552897374574,14.07,2.45,1.31,0.6631945509735507,2.5151916550859132,3.2381267978388584,2.179290500457731,3.5055685650181134
2016-12-02,0.0397006506315911,14.12,2.4,1.29,0.6341308204717094,3.0831031561131317,3.016497577973909,3.005548868390151,3.646978406761092
2016-12-05,0.5821305253253195,12.14,2.39,1.26,0.6182841951605605,2.3699262454359937,2.622570287421766,2.9954071162457296,2.675180931448673
2016-12-06,0.3410888354698826,11.79,2.39,1.27,0.6093600367413785,2.6891413080736504,2.6457479472578482,2.5661897737784267,2.670611945711032
2016-12-07,1.3163241364864575,12.22,2.34,1.24,0.479057852215263,0.5322654257851278,1.0631910654785415,1.589661644102769,1.0640842562063213
2016-12-08,0.2159343047327233,12.64,2.4,1.28,0.4783314625467333,0.705198059996115,0.6575587958515872,1.0110436574781723,1.5083375777167785
2016-12-09,0.5938984786955759,11.75,2.47,1.32,0.442376460738985,-0.06461347796092864,0.1885352135351015,0.414682386398324,1.7189454172782392
2016-12-12,-0.113743492055951,12.64,2.49,1.34,0.4488503400381849,0.24679517828316566,0.5281405998026178,0.8134883976518958,1.7598881411536427
2016-12-13,0.6539774750587091,12.72,2.48,1.31,0.456137790518896,-0.042257010101598436,-0.959627467701385,-0.05634626245233365,1.0111268553938624
2016-12-14,-0.8117171853951111,13.19,2.54,1.27,0.4968885183212322,0.5281146679076087,-0.17840745397743607,0.9479453509342095,1.2257630071612846
2016-12-15,0.3883227954907253,12.79,2.6,1.31,0.4931498679330257,-0.047305665509123074,-1.0256252512742536,0.2590532930755174,0.7444679191928927
2016-12-16,-0.1750622620483422,12.2,2.6,1.32,0.4952507777125207,0.2533123654254288,-0.010628112818011903,0.6120192819698556,0.9512539389158636
2016-12-19,0.1975120701520394,11.71,2.54,1.3,0.4862501131626057,0.28065278398088367,0.36330880017889644,0.05126615312753824,0.809716031263874
2016-12-20,0.3637512148869648,11.45,2.57,1.32,0.4701828395605652,-0.9177582748066682,-0.0775075198636288,0.024223115862520572,1.1740523875143571
2016-12-21,-0.2457361456517759,11.27,2.55,1.34,0.4787284711610763,-0.702810476670146,0.5209320753419844,0.0008837943057171671,1.2087396047736343
2016-12-22,-0.1862973728567585,11.43,2.55,1.33,0.4841758289181205,-0.9787826053904825,0.3511756750861572,0.8452209571172764,1.4206406899032409
2016-12-23,0.125171527753487,11.44,2.55,1.33,0.4801699849950029,-0.263273573726297,0.22572160814731124,1.5275302712843608,1.364078924266665
2016-12-27,0.2248372712209567,11.99,2.57,1.29,0.4563127709359951,0.08242468901358269,0.28384867774011724,1.225276359437033,1.7184794431103434
2016-12-28,-0.8356529175972627,12.95,2.51,1.25,0.5069553466012526,0.848033653975544,0.9120333275750347,1.9898494651285015,2.9414458327075232
2016-12-29,-0.0293304709629405,13.37,2.49,1.27,0.5006406587110998,1.2324040165553773,1.128365893774319,1.4066800832608806,3.5118212163743667
2016-12-30,-0.4637050227782158,14.04,2.45,1.25,0.5067287783610362,1.343104352248714,1.2979910685076312,1.7884358198382522,4.410785836980602
2017-01-03,0.8486575281279274,12.85,2.45,1.23,0.5325294025949101,0.49028597528217865,0.6227135774894199,0.9619842925097544,4.049016919418369
2017-01-04,0.5722273788525856,11.85,2.46,1.22,0.5321104182751106,0.20125810236155672,-0.31091307249810907,0.44479126527574575,3.3676085303588232
2017-01-05,-0.0770670483320468,11.67,2.37,1.2,0.5323815943318695,0.06346149873293072,0.10180954578007384,1.2525307128690821,3.620974531043375
2017-01-06,0.3516959219369786,11.32,2.42,1.2,0.4574986564871359,-0.10277156192403103,-0.5173532221592225,0.6842430877144201,3.8823311184997378
2017-01-09,-0.3548594275886718,11.56,2.38,1.17,0.4662841318997044,-0.044515395526345536,0.4923163866368041,1.0657224567849344,4.139458330383183
2017-01-10,0.0,11.49,2.38,1.19,0.4484847022106453,0.13178149601424938,1.2988768174967635,1.1357935845750067,4.1830913806271575
2017-01-11,0.2829638279323365,11.26,2.38,1.18,0.4509473909568351,-0.5111424592458058,0.9387630152909221,1.4305701110259639,4.044267037894156
2017-01-12,-0.2144808996759617,11.54,2.36,1.18,0.4302005046365152,0.03832372623608915,1.0680749381540178,2.0110708685700196,4.374044729509041
2017-01-13,0.1849840242536204,11.23,2.4,1.19,0.3870199761742105,-0.41500817061426165,0.27520882694664905,2.356861303487978,3.912707250514491
2017-01-17,-0.2967502689997014,11.87,2.33,1.16,0.3856184363958146,0.5370708613813502,0.48416039267640265,3.072908688157283,5.647102567831652
2017-01-18,0.1763754057500843,12.48,2.42,1.19,0.3845726792695024,1.1655593299605416,0.3371711047715831,3.4050993260983375,4.843105718121454
2017-01-19,-0.3609308355419394,12.78,2.47,1.22,0.3920631859619043,1.4573546328469744,0.7580612492954497,3.689994277439923,5.275906986937251
2017-01-20,0.3366237154707852,11.54,2.48,1.28,0.3907953915424449,1.0293567240650114,1.1495508146261546,3.515585783345765,4.578855256089054
2017-01-23,-0.2690124758069401,11.77,2.41,1.25,0.3916056174540391,0.6930933917667081,1.207845135601393,4.422564621228986,4.5554451540961605
2017-01-24,0.6564593637664151,11.07,2.47,1.26,0.4150562691491111,-0.052627820018646965,0.5705969279701018,3.6292744310064906,3.6362879044779417
2017-01-25,0.8026090549617448,10.81,2.53,1.3,0.4484236479443741,-0.8188441112524147,-0.16099214329449163,2.847232519988019,2.8933547083084488
2017-01-26,-0.0735384407513639,10.63,2.51,1.3,0.4482020329256697,-0.6892485873321919,0.48723313130014656,3.076621834698723,3.3056485133037716
2017-01-27,-0.0866463892926328,10.58,2.49,1.27,0.3977095760867091,0.11896947031879712,0.9330304658449418,3.2710327107526638,3.433144839106017
2017-01-30,-0.6009543517695892,11.88,2.49,1.27,0.4269089397338892,0.5112085908732134,2.0759393083227495,3.627515181589236,3.706872394586158
2017-01-31,-0.0889905407144064,11.99,2.45,1.26,0.410111731294292,0.6235529102921022,2.576274992361438,5.138065696105021,4.668536911152565
2017-02-01,0.0298363489650732,11.81,2.48,1.26,0.3691601601224281,0.6632832235750952,3.0576188141912652,4.490792957123335,4.467102358060693
2017-02-02,0.0570309403293611,11.93,2.48,1.27,0.3480656576816483,1.1846468805212451,2.909874397930645,4.483855367625433,4.270333348247446
2017-02-03,0.7264758098647794,10.97,2.49,1.28,0.38077475714637,0.8130936623029106,2.339145304812895,3.390330865381408,3.31023719712753
2017-02-06,-0.2115356985885164,11.37,2.42,1.26,0.3791194399250329,1.5567723633875818,3.176354047772101,3.3076487440371505,2.2446505052114096
2017-02-07,0.0226829185695942,11.29,2.4,1.24,0.3679314692986764,1.940621281590249,3.0413238028477174,3.0482974847047206,2.414650651544137
2017-02-08,0.0693322385540096,11.45,2.34,1.19,0.3677258433113058,2.378559007754877,3.0130754780737456,3.059272039228089,2.235181564614286
2017-02-09,0.5752546449780516,10.88,2.4,1.2,0.3826779662530657,1.705028945198106,2.5768335167664302,2.804749712155874,1.564640185438737
2017-02-10,0.3566050102845164,10.85,2.41,1.21,0.3815014246553751,1.5137434901282054,2.3163896240080417,2.4770031789614455,1.100556502725003
2017-02-13,0.5245845097992419,11.07,2.43,1.23,0.3928576801609812,1.5947549795984006,1.5200211565822075,1.5977644656662626,1.3022685862504435
2017-02-14,0.4007335176634763,10.74,2.47,1.22,0.3850504302016074,1.079748688422244,2.497449535903251,2.039713295249701,1.0074437623710741
2017-02-15,0.4992308919898214,11.97,2.51,1.24,0.3928090137132904,0.6197747618920779,1.3906532670000527,1.3676655448546793,0.8006835625731012
2017-02-16,-0.0864118036341343,11.76,2.45,1.23,0.3778546368999078,0.8571892467953424,1.529475163489713,1.3219906819205818,0.6603556630167873
2017-02-17,0.1678556528755814,11.49,2.42,1.21,0.3761006356183644,0.7906773076080009,1.027158823183072,0.9488958398296887,0.32665476055853127
2017-02-21,0.6048066160828425,11.57,2.43,1.21,0.3727191883280932,-0.07356070993154162,0.1272526999783974,-0.9030204169933831,-0.2206821297947137
2017-02-22,-0.1082200145408052,11.74,2.42,1.2,0.3644240986735228,1.402556759268414,0.006767849635114231,-0.6081765336231615,-0.417726145112407
2017-02-23,0.0418986721685721,11.71,2.38,1.2,0.3343748620261846,0.766130223340511,0.044845337293319965,-0.7551409467675185,-0.2673678596297968
2017-02-24,0.1493364191442303,11.47,2.31,1.19,0.330540453086896,0.6665721320562534,0.2221907106854104,-0.9867660139481815,-0.4984517809031863
2017-02-27,0.1017983061116556,12.09,2.36,1.16,0.3260304007145476,0.2346263780461877,0.1569773479533465,-1.188307294414015,-0.5312833797078254
2017-02-28,-0.2578376378046254,12.92,2.36,1.14,0.2909327341145848,0.2009612384236137,0.07657928770932187,-0.21449224286105295,-0.4171474390921248
2017-03-01,1.3673854659866258,12.54,2.46,1.17,0.3868489868347194,-1.376482954909064,-0.4465830542380589,-1.4537003411097094,-2.129836480109959
2017-03-02,-0.5859880503598425,11.81,2.49,1.17,0.4277685067314225,-0.7158009188687919,-0.02267242729449004,-0.5818778017667281,-2.223835075925973
2017-03-03,0.0503877272060027,10.96,2.49,1.17,0.427904883108954,-0.44143891259940116,-0.2043588635073812,-0.8560267834275437,-1.4313213662989765
2017-03-06,-0.3277240848005291,11.24,2.49,1.18,0.4272155354020996,-0.07746727143970178,-0.07746727143971288,-0.693381928962844,-1.3943492163338123
2017-03-07,-0.2913373768021698,11.45,2.52,1.2,0.4312971708359766,-0.12413249252005709,-1.028963732839916,-0.3474926360115038,-1.2759711058481171
2017-03-08,-0.228421516504873,11.86,2.57,1.21,0.4392013037014223,0.94287846198573,-0.6149027675635632,-0.4244652675764904,-0.3021562872787764
2017-03-09,0.0799895358561286,12.3,2.6,1.23,0.4391032499415456,0.698125681618178,-0.7996276883268982,-0.3120732466230347,-0.6841887706075189
2017-03-10,0.3268670195698986,11.66,2.58,1.22,0.4299094102195311,0.23813125310629957,-1.206276490326863,-0.7190448407467187,0.06532094005362588
2017-03-13,0.0366632812556222,11.35,2.62,1.22,0.4273418364339695,0.0,-1.3431761600529502,-0.6871820075700419,0.637890384358486
2017-03-14,-0.3379027175504645,12.3,2.6,1.2,0.4282307290811701,-0.9059558258676437,-0.29084880063057206,-0.4933489237097688,0.9300556111577096
2017-03-15,0.8374752796581397,11.63,2.51,1.18,0.45569353785272,-1.5432304420920029,-1.0116350776993799,-1.6908042712275195,0.1471541782135377
2017-03-16,-0.1626710269420961,11.21,2.53,1.18,0.4493163376057282,-1.4873696603654563,-0.5593321886560254,-2.2016618188065995,0.11842160840147553
2017-03-17,-0.1314314795001769,11.28,2.5,1.17,0.4502471621864146,-1.440976328445287,-0.6530023881793467,-1.229475044018702,0.42384434458111464
2017-03-20,-0.2009893533848394,11.34,2.47,1.17,0.4534261944330888,-1.3431761600529502,-0.6163921597106214,-1.3179028883018806,0.7457415257136057
2017-03-21,-1.24079729406269,12.47,2.43,1.16,0.5174694026622941,0.6207305699989174,0.6885560892672116,-0.24957541349921453,1.8818040338269837
2017-03-22,0.1889886436000187,12.81,2.4,1.13,0.5197927249341173,0.5399276929149543,0.1916157505402305,0.3146814653240515,1.7488159940934889
2017-03-23,-0.1060269661328106,13.12,2.41,1.15,0.5197800007467057,0.9420492260839186,0.491484487751781,0.11636943998227789,2.2732731595167532
2017-03-24,-0.0843995848914147,12.96,2.4,1.14,0.5180037108499044,0.7994944662721437,0.49318077330329224,1.2871237009868253,2.3634972484990913
2017-03-27,-0.1019587452981141,12.5,2.38,1.11,0.5168988260606422,0.7366788956447712,0.6649252701943276,2.0080380325494085,2.3629171591778464
2017-03-28,0.7251474353500598,11.53,2.42,1.12,0.543019419399521,0.06740710277501893,-0.20309081026504971,1.2244657557529903,1.7408774496017188
2017-03-29,0.1085324742930105,11.42,2.39,1.13,0.4378069840032516,-0.3464414092663515,-0.6861101242163659,1.1706317776058572,1.410767736083729
2017-03-30,0.2935109936855751,11.54,2.42,1.14,0.427542243511047,-0.4463598092039889,-1.6515673781137052,0.6815660151672898,0.9644959665239261
2017-03-31,-0.2255047489714501,12.37,2.4,1.13,0.4293167432357453,-0.3038841559580896,-0.5802617791146436,1.083924787508983,1.6760385550246282
2017-04-03,-0.1642125542006267,12.38,2.35,1.11,0.4251277115697831,-0.07122889719718417,-0.7058616041778154,1.370581844455887,1.7733221594424364
2017-04-04,0.0559522549038238,11.79,2.36,1.11,0.4211340202269106,-0.2703157010576329,-0.9317161147238129,1.1850879493215283,-0.13261316728759853
2017-04-05,-0.3054861198390601,12.89,2.34,1.1,0.4235203054840983,-0.34084955896558355,0.12283035248203955,1.5542221091936925,0.5427238061263884
2017-04-06,0.1929509405943275,12.39,2.34,1.1,0.425677475542837,-1.2106112509797873,-0.37328043234869934,1.7730742866895577,1.0282117987684858
2017-04-07,-0.0827130202016745,12.87,2.38,1.09,0.4181627719720592,-0.27722005096858515,0.7900465699006931,1.861137701885518,1.6335948373038978
2017-04-10,0.0687686483783922,14.05,2.37,1.08,0.4185148167472285,-0.6350850710730271,1.3342410564057383,1.6867760885193928,1.7504119917219674
2017-04-11,-0.1433879303282093,15.07,2.32,1.08,0.4132996076917006,-0.6631931288217263,1.4304617022797173,1.947924315141747,2.1501526332674548
2017-04-12,-0.3759951034546627,15.77,2.28,1.04,0.3666248779514396,0.46526576776506623,1.869569205419852,2.1113641434473696,2.9911399812989847
2017-04-13,-0.6814694227374907,15.96,2.24,1.03,0.3900456822145035,0.8475918610634903,2.372313753337618,2.6599949535498935,3.7300121947141385
2017-04-17,0.8613348940219367,14.66,2.26,1.05,0.4463521413254827,1.0702335227866344,1.6738995660260603,2.2694691964752156,2.7202907641132867
2017-04-18,-0.2903379862589594,14.42,2.18,1.0,0.4482711963422814,1.981912960814558,2.091204457967333,2.4968077710058934,2.9720094938193498
2017-04-19,-0.1716350779320863,14.93,2.21,1.02,0.3547029937133439,2.10763250505579,2.1367121555236235,0.8066183404990435,3.930002514319564
2017-04-20,0.7557263417987681,14.15,2.24,1.03,0.3922473097863126,1.3977999529717788,1.429635730105172,0.4193783297637088,3.532921478693063
2017-04-21,-0.3035072932635718,14.63,2.24,1.04,0.3979367321196633,1.5119070908254262,2.1543966602059372,1.4067433286965025,3.721655834982718
2017-04-24,1.084006896297951,10.84,2.28,1.03,0.4641384262595217,0.5972738186098336,1.0626953438720665,0.8369360825904115,2.3242077396534944
2017-04-25,0.6090687476747014,10.76,2.35,1.06,0.4777106796112386,0.10716752998620738,0.34789329691371496,0.4106913230687681,1.864255075279453
2017-04-26,-0.0485703483542709,10.85,2.32,1.04,0.4552677651756584,0.028479409182646798,0.5101648993582453,0.709541215636178,1.9409867782936852
2017-04-27,0.0552919804131191,10.36,2.3,1.05,0.4551360827354783,0.031396911124459415,0.23735737758934228,1.100987060834191,1.8000895711357545
2017-04-28,-0.1913147068160148,10.82,2.29,1.01,0.4549101311491607,0.6329204009591249,0.28101465099772405,1.3262359632193021,1.8953922628861974
2017-05-01,0.1732290511580192,10.11,2.33,1.05,0.4516203370936701,0.46265818902948563,0.5857645206795548,1.0291640259235457,2.1780917138592537
2017-05-02,0.1189049945822251,10.59,2.29,1.02,0.4488197790551899,0.24046806324373726,0.39729506101138234,0.8627628996331405,1.955109905503516
2017-05-03,-0.1271360531382104,10.68,2.33,1.03,0.4509628704805019,0.481548348051164,-1.302268094355008,1.7557745113875312,1.8562674687020442
2017-05-04,0.0582102643895021,10.46,2.36,1.04,0.4427114199998441,0.20589582153678343,-0.996017971542007,2.073640246707198,1.8258847992853156
2017-05-05,0.4088695408028586,10.57,2.36,1.04,0.448258251030515,-0.34969247494682776,-0.731885612321026,1.53420628579497,2.257747958482148
2017-05-08,0.0037445972990823,9.77,2.39,1.06,0.4469314128859945,0.1225393931130414,-0.22338535550973093,1.2482473295305718,1.5691615468678588
2017-05-09,-0.1025248629915376,9.96,2.42,1.05,0.4490602430187011,0.15645078359840525,0.06258031343935322,1.511104746244163,1.6141626257004438
2017-05-10,0.113060136584786,10.21,2.41,1.06,0.445856779978904,-1.7752676702665338,0.19836433108784135,1.4235593786639633,1.4531456470541437
2017-05-11,-0.2162809124616749,10.6,2.39,1.04,0.4382968939955438,-1.1994441876148176,0.8615846485173995,1.5590317167478052,1.8317480703281985
2017-05-12,-0.147844136797226,10.4,2.33,1.04,0.4026670748996062,-0.3835343280582548,1.042292318101512,1.6098536871679503,2.0147295153764233
2017-05-15,0.4776513648450997,10.42,2.34,1.03,0.3742323801792878,-0.3455013733366985,0.4408173535856985,1.5830542231971112,0.7101391141762559
2017-05-16,-0.068689701514335,10.65,2.33,1.04,0.3648252346095121,-0.09372383847932042,0.46362587591517457,1.5516502148244848,1.6670354873273618
2017-05-17,-1.8178214414433456,15.59,2.22,0.96,0.5655304196100233,2.009302499017296,3.0983919758825085,3.20021088840885,2.658851227860448
2017-05-18,0.3686818283279214,14.66,2.23,0.96,0.5460993096007803,2.086049839685078,3.100540155411924,2.850292193314119,2.4385786196454484
2017-05-19,0.6767499942466504,12.04,2.23,0.95,0.5591475131114122,1.4313162352650677,2.282799378324074,3.011675591144569,1.9851129088768404
2017-05-22,0.5160131149745784,10.93,2.25,0.96,0.517911273189297,0.7890448878461465,1.4749274569835213,1.7965601546659604,1.6090099170846583
2017-05-23,0.1837871992654172,10.72,2.29,0.98,0.5019290991792366,0.5578725739846746,1.4476185086047089,1.550611934452295,0.4723975990052143
2017-05-24,0.2489126548973042,10.02,2.26,0.97,0.5041400233214288,1.0676374116720178,1.2227695090187618,1.2522972049923364,0.8646700406899077
2017-05-25,0.444194837709877,9.99,2.25,0.95,0.5123335484447139,0.9937599871089109,0.6914893025534052,0.9618760454652486,0.5117807322934764
2017-05-26,0.0310549995971465,9.81,2.25,0.95,0.509086078019567,0.8394677055004074,0.5617067428355993,0.9624061122975203,0.4019322905987277
2017-05-30,-0.1204624586125024,10.38,2.21,0.93,0.5100995860985931,0.6805130159737383,1.1372237897968818,0.26813975402297796,1.2574065752875008
2017-05-31,-0.0459968801852062,10.41,2.21,0.93,0.5103016295921299,0.8848098232840051,1.0830032555794178,1.1978560408505867,1.4939061517301955
2017-06-01,0.7571112611303388,9.89,2.21,0.93,0.5324977723766315,0.15349334497143374,0.0987589724485538,-0.42633133223339836,1.2020262970127593
2017-06-02,0.370773131049229,9.75,2.15,0.87,0.536138674640285,-0.29929639672201525,-0.24272226093148275,-0.6420543818379976,0.8228473826604299
2017-06-05,-0.1217665183814387,10.07,2.18,0.86,0.5333828225158622,-0.27544866011790514,0.7126087839310014,-0.29104255188227013,1.0061166940227517
2017-06-06,-0.2779039965460916,10.45,2.14,0.84,0.5391202933714665,0.4536238047879948,0.3169578000622453,0.13213358556767307,1.831780720154197
2017-06-07,0.1568257227550384,10.39,2.18,0.86,0.5380363492146728,0.196455177585797,0.10152374926264418,-0.9613048822006087,1.6567094525353987
2017-06-08,0.0267204728490177,10.16,2.19,0.86,0.5380731189206994,-0.05465048766130076,0.029171001857397627,-0.35377363222307556,1.5921669239358893
2017-06-09,-0.0829989234415684,10.7,2.21,0.86,0.5351310082481164,0.0567439684434623,0.2685298874658626,-0.17847443860914414,1.5684004766814752
2017-06-12,-0.0978763178264618,11.46,2.21,0.86,0.5341331331827104,0.9907865523319126,0.3984611861119314,-0.15888200132231356,1.9651020357095206
2017-06-13,0.4511505177332342,10.42,2.21,0.83,0.5331299341198864,-0.13604885473453843,-0.8593117382579507,0.11883140646646861,1.5358444062901544
2017-06-14,-0.099583079640253,10.64,2.15,0.8,0.533627702982609,-0.09474529628307193,0.11362225257671721,0.4065004826893537,1.5381965446658263
2017-06-15,-0.223959814615271,10.9,2.16,0.81,0.3060123058554365,0.08386732341996161,-0.5245722425254784,1.1021788240830332,1.6296316221161566
2017-06-16,0.0283639368100496,10.38,2.16,0.84,0.3031330736802833,0.21166581144116403,-0.400303747212305,1.068162311304377,1.5268334453454546
2017-06-19,0.8347228657875183,10.37,2.19,0.83,0.3194453746988755,-0.5865142617866859,-0.9965498341587775,0.2914311461452712,0.9329737221390966
2017-06-20,-0.66966373620162,10.86,2.16,0.8,0.3557033838536996,-0.7242482149252494,-0.1842402506492813,1.5100367408579896,1.663501827024949
2017-06-21,-0.0582644390069164,10.75,2.16,0.8,0.3564496193725628,0.2085651545334022,-1.061750702342401,1.5536084217540935,1.5006426757765867
2017-06-22,-0.0455782072217636,10.48,2.15,0.81,0.3550789294253416,-0.6079297115680893,-0.3828329578712153,1.5625401134729877,1.7387586003286382
2017-06-23,0.1560915517816896,10.02,2.15,0.81,0.3444794598284463,-0.610676964301704,-0.4458072005012026,1.2963893962287365,1.7475233739886242
2017-06-26,0.0315801794623205,9.9,2.14,0.78,0.3444780850294233,-0.4124546778812799,-0.5551312050501189,1.5604231689303028,1.4698164673775826
2017-06-27,-0.8072824886133589,11.06,2.21,0.83,0.3930192206840066,0.5439474942935174,0.9866212973446808,2.4159163977404585,2.258435606037734
2017-06-28,0.8808066374833778,10.03,2.22,0.88,0.4376609750621161,-1.2676719349457133,0.29254583294737735,1.4229574957292268,-0.10160981231893684
2017-06-29,-0.8600023246820632,11.44,2.27,0.89,0.4513477866246458,0.22647355371876454,1.6353295515095123,2.1655638112897613,0.893504055204386
2017-06-30,0.1533231810705748,11.18,2.31,0.93,0.4439881542183578,0.16588277167486343,1.4743680089040367,1.9348826001101882,1.7508460112023672
2017-07-03,0.2310833849555216,11.22,2.35,0.94,0.4472015296327442,-0.1432674404287626,1.3009455510353707,1.9489457721581616,1.4656216941521194
2017-07-05,0.1453279024245635,11.07,2.33,0.92,0.4440400050844909,0.44027891691467147,1.6974042934320144,1.8511526459490169,1.4622603446676985
2017-07-06,-0.9368823820586792,12.54,2.37,0.97,0.4896881453673025,1.5802501556178017,2.6434257151934926,2.589891570053937,0.8407515205156146
2017-07-07,0.6403125486305727,11.19,2.39,0.99,0.5132155297472912,1.4056725212781451,1.9528492217826932,2.12974492368625,0.015261432055813096
2017-07-10,0.0927766212578617,11.11,2.38,0.98,0.5135211801155434,1.306318280259,1.7499982147801685,2.2031523864668223,0.038731727520535664
2017-07-11,-0.0782680611697839,10.89,2.37,1.0,0.5133586019287084,1.4462850470323696,2.1273640355870205,2.036251540140399,1.1123333928201529
2017-07-12,0.7305607635895495,10.3,2.33,0.98,0.530006222951034,1.2516147805177402,1.4153311419216053,1.259388909495529,0.032335580169817746
2017-07-13,0.1874584313926064,9.9,2.35,0.98,0.53084610282358,1.046636091117037,1.1271143367570735,-0.3930059228159255,-0.36195761711788066
2017-07-14,0.4673503078699292,9.51,2.33,0.98,0.5364904141257576,0.5395918067500283,0.5217027013343367,-0.7298893992655486,-0.6595441157054016
2017-07-17,-0.0052912836773333,9.82,2.31,0.95,0.5366350521830999,0.4379587986740541,0.4538235617941755,0.2724609255749133,-0.6058989319281616
2017-07-18,0.0597857343613172,9.89,2.27,0.91,0.5043407764912818,0.6713690779695636,0.6396783540349782,0.16256130899952037,-0.5815654642150836
2017-07-19,0.5372639356088893,9.79,2.27,0.9,0.4900137892160515,0.16169259301073158,0.15118217970773173,-0.2312192237334032,-0.6564715328662984
2017-07-20,-0.0153659281810103,9.58,2.27,0.9,0.4894882562014234,0.07964465592651404,-0.05215545444482439,-1.7562490555213195,-0.07277482316838668
2017-07-21,-0.0367871647835027,9.36,2.24,0.88,0.4893751398241854,-0.017793095331108955,0.1735073646826235,-1.900474390384066,0.16218179290417023
2017-07-24,-0.1063734827979723,9.43,2.26,0.89,0.4907076903640156,0.015795584965960785,0.4453603731079614,-1.681834415021155,-0.4882694058596426
2017-07-25,0.2923171678338221,9.43,2.33,0.93,0.493214328560263,-0.03147938110392712,-0.08921457662891541,-0.9938870471709715,-0.4678738822060269
2017-07-26,0.0282663948046657,9.6,2.29,0.93,0.447494558148278,-0.010493446177783916,-0.1537659352586762,-1.3636947650610964,-0.5137551836638776
2017-07-27,-0.0972688269174515,10.11,2.32,0.96,0.4120598496165756,-0.1316952221648071,-1.5031777278949665,-1.4724754717279076,-0.5651562432195001
2017-07-28,-0.1341115577770502,10.29,2.3,0.96,0.353504017718101,0.19133450434449806,-1.245096399051837,-1.1751162040593344,0.6476278926085488
2017-07-31,-0.0728145607789776,10.26,2.3,0.96,0.3555808631453864,0.42949694658687143,-0.1805432882380109,-1.0549349503560346,1.0597875206715957
2017-08-01,0.2449114969250487,10.09,2.26,0.92,0.3558697197512309,-0.05775337593030283,-0.47408442955972907,-1.2134814401472127,0.8892126986442372
2017-08-02,0.0492648718886545,10.28,2.27,0.91,0.3558336376220311,-0.14328752488019791,-0.38182415336346365,-0.8064345272777995,0.7285383795452738
2017-08-03,-0.2183654185644257,10.44,2.24,0.9,0.2731047488476349,-1.3732910644484453,-1.7049828426262792,-0.02063012846083012,1.1354471133472543
2017-08-04,0.1889103529569169,10.03,2.27,0.91,0.2458550468703298,-1.433687764019187,-2.0703894768467346,-0.011305955113716237,1.09171958550216
2017-08-07,0.1647199789928111,9.93,2.26,0.9,0.2461819340026076,-0.6074313357850802,-2.1177631104389305,-0.9294901979539749,1.0375221651030886
2017-08-08,-0.2414432787396947,10.96,2.29,0.93,0.2552620709671217,-0.4165716378134232,-0.905480290950067,-0.37899742652659496,1.3463089478115586
2017-08-09,-0.0363608671050785,11.11,2.24,0.91,0.209178560981959,-0.2388789121639534,-1.2117921533403853,-0.3605436417079,1.0743679483254498
2017-08-10,-1.4474441722801767,16.04,2.2,0.87,0.3949031184503969,-0.33631029744142227,0.031170808822866825,0.952336799337683,2.6252870257740923
2017-08-11,0.1275569976212809,15.51,2.19,0.89,0.3799051048348839,-0.6459628024869435,0.07086250144627826,1.916587655544233,2.2668000180405823
2017-08-14,1.0043754544535322,12.33,2.22,0.89,0.4455958893862585,-1.5195620708388313,-0.8759731728884446,1.2425741932168055,1.2571780364929008
2017-08-15,-0.0498807880847662,12.04,2.27,0.92,0.4456847104097864,-0.49095382753694405,-0.7429190742427094,1.3697910945005054,1.7215677040701705
2017-08-16,0.1420102915856924,11.74,2.23,0.9,0.4294999671760386,-0.9752428907848998,-0.4262378529878208,1.1146184152359906,1.6996790801887762
2017-08-17,-1.543695216095864,15.55,2.19,0.87,0.549555568324481,0.3687211534722845,1.7135687676504974,2.8896988251458477,3.6769436050539728
2017-08-18,-0.1835367311071367,14.26,2.19,0.86,0.5498279111122537,0.721485834046387,2.102615859220869,3.2289611338761404,4.269962123000193
2017-08-21,0.1162651069903653,13.19,2.18,0.86,0.5518239300770184,0.6535195328978283,1.213982179244244,3.2235524808265525,4.373713882647734
2017-08-22,0.994077978775465,11.35,2.22,0.89,0.5973951207253595,-0.2532083829534959,0.5312936234710852,2.272365056486536,3.475214377489677
2017-08-23,-0.345359271497303,12.25,2.17,0.85,0.6007098158835185,0.5544119004417869,0.8616904083874166,2.3142034373317966,4.420141551294465
2017-08-24,-0.2074462070318583,12.23,2.19,0.86,0.6015075499330065,1.3399070932883728,0.9208789450992905,2.5933078619153616,4.524865363145869
2017-08-25,0.1672869356330597,11.28,2.17,0.82,0.6036522960214199,1.3712367462986874,1.8444181532573767,2.1943825222477065,4.592645360796888
2017-08-28,0.0487072054385695,11.32,2.16,0.83,0.6040998521540983,0.5568236947375071,2.1372692715564634,2.152002171079981,4.730267773153574
2017-08-29,0.0842821736810162,11.7,2.13,0.8,0.6010147599753627,0.7864934738317064,2.1285233748950194,2.482932960879891,4.465567833621797
2017-08-30,0.4615148933961865,11.22,2.15,0.82,0.6119048552506824,0.30558431215315096,1.5474520948086878,2.1350171845850863,4.076969099965666
2017-08-31,0.5720976220730423,10.59,2.12,0.79,0.62507524183111,-0.41348779588217255,1.156315791241247,1.9302978562167672,3.666110843545778
2017-09-01,0.1982540682532896,10.13,2.16,0.81,0.6252266849301051,0.466780737955208,1.1031502622893319,2.1227137478707414,3.5305809026626056
2017-09-05,-0.7550806889900619,12.23,2.07,0.77,0.6460553217951965,1.5716940121505596,1.9854670849956957,3.121833204633484,4.395707091043266
2017-09-06,0.3128726773688584,11.63,2.1,0.8,0.6490535226194138,1.3315572898780825,1.7318701175143225,2.9283625505156285,4.104234956009023
2017-09-07,-0.0178436123234648,11.55,2.05,0.78,0.6490376208451424,1.23808439098545,1.4401037926919047,3.52805027210914,4.6555942932619665
2017-09-08,-0.1488850703918465,12.12,2.06,0.79,0.5566907869585738,1.5763214840839757,1.6571684019179633,3.5711009017342032,4.39528060227512
2017-09-11,1.083929931877714,10.73,2.14,0.82,0.6029574633365395,0.6334128750417278,0.34362646017940257,2.6984563880603663,3.4429336704968394
2017-09-12,0.3363948010945305,10.58,2.17,0.84,0.56749040112138,0.4073704557843172,0.014424606834095854,2.5387388169767933,2.6153813161921446
2017-09-13,0.0757120719387938,10.5,2.2,0.85,0.5668666262933442,0.39505247757229967,0.34702311780610007,2.2883366776467184,2.668067825724818
2017-09-14,-0.1100717616289714,10.44,2.2,0.83,0.5679727557314531,0.1995488189268979,0.5786113562236794,2.49097043104074,3.610955851459563
2017-09-15,0.1847181487880211,10.17,2.2,0.81,0.4251361700448286,0.07959228750638037,0.7651346917110002,2.4811056360376726,3.0897554362607993
2017-09-18,0.1455920754164896,10.15,2.23,0.83,0.4181273414985456,-0.2879624237947298,1.0084388893287555,2.40094461357121,3.0371055877702613
2017-09-19,0.111019542793711,10.18,2.24,0.84,0.4181577645696124,-0.39135159816107157,1.114243187895303,2.3633171224668903,3.086705622373187
2017-09-20,0.0634347815839042,9.78,2.28,0.83,0.3693401471594507,-0.0478403652181103,1.1761235015331772,2.33197800822329,3.040924786418109
2017-09-21,-0.3045917698414113,9.67,2.27,0.82,0.3667806384979104,0.3783076288914389,2.058304754581397,3.1698414930069863,3.675838369205753
2017-09-22,0.0647793722952094,9.59,2.26,0.8,0.3591529693148937,0.6849971992643811,1.8827324525204414,2.6934767546658023,3.7404340053746488
2017-09-25,-0.2222050282888465,10.21,2.22,0.78,0.3674156721033503,1.3001452428777371,2.346765819566543,3.0886936416907984,3.9518025182770034
2017-09-26,0.0072166729788047,10.17,2.24,0.79,0.3678922191616333,1.5115101050087176,2.52395014025828,2.6005815856889214,4.0943609081355525
2017-09-27,0.4085143947080816,9.87,2.31,0.84,0.3739255258832396,1.2245496957980384,1.934600050428581,2.3130180007372436,3.2808524687130802
2017-09-28,0.1204615596159142,9.55,2.31,0.86,0.3653718642021073,1.673665521340606,1.901357603799081,3.0148999417938693,3.063990555982077
2017-09-29,0.3705110081443807,9.51,2.33,0.86,0.3544640137873551,1.1895866182383363,1.7029411508024728,2.3069693219404774,2.784539803992425
2017-10-02,0.3874003457017716,9.45,2.34,0.85,0.3598120802930274,1.0331876367792203,1.378603351912222,2.0084130798855515,2.1514127489508095
2017-10-03,0.2158838127297668,9.51,2.33,0.86,0.2977017324827818,0.9973647660272755,1.2353095817079884,1.9507265962645404,1.3681198054979804
2017-10-04,0.12467201713795,9.63,2.33,0.86,0.2953891190157613,0.7014606207332186,1.1424182570827668,1.8431238718655596,2.0716839738486037
2017-10-05,0.5646787369921524,9.19,2.35,0.86,0.3069957159369068,0.22394400879610643,1.0891193432013946,1.584911309779291,1.2320118532370916
2017-10-06,-0.1073634406964507,9.65,2.37,0.83,0.3048303153217671,0.5073195273550102,0.7957622284259003,1.8233723302620408,1.4700935814999205
2017-10-10,0.2322412261707374,10.08,2.35,0.84,0.218623091630651,0.34188341792675825,0.724915747149435,1.5682339210796314,1.8971763462006352
2017-10-11,0.18035072962026,9.85,2.35,0.84,0.2137288793964303,0.23559507342785224,0.07474492089492024,1.5317501576255665,1.6374230229071252
2017-10-12,-0.168675295088605,9.91,2.33,0.82,0.2234969510245915,0.4378860382276972,0.3712360181149732,1.3207021145111408,2.0184792061795243
2017-10-13,0.0878107315528842,9.61,2.28,0.77,0.2173782709683401,0.8632421553170566,1.0927649681806928,1.1409396101506708,1.8898076303737188
2017-10-16,0.1750753314468944,9.91,2.3,0.76,0.2172455827673611,0.2869867611904553,0.5939141624649702,1.0634880770913346,2.7134447928249816
2017-10-17,0.0672578985314364,10.31,2.3,0.76,0.2175197723157197,0.3817272669951466,0.6212452205394126,0.7623002995572392,2.606509367089438
2017-10-18,0.0742334905604158,10.07,2.34,0.75,0.2177455358183171,-0.16047208819893743,0.7066872393758361,0.13118962577263193,3.370218877827824
2017-10-19,0.0327997894560505,10.05,2.33,0.75,0.2182499693766985,-0.06635944138385641,0.6927910434193052,0.9187695259607054,3.1271172082685927
2017-10-20,0.5116842738986938,9.97,2.39,0.79,0.2117734203890349,0.22755843254589347,0.4904503766569146,0.14135300709321452,2.494164803764831
2017-10-23,-0.3972484039719171,11.07,2.38,0.8,0.2448994763808912,0.30604908092950467,1.0194973271866026,0.6690076429461955,2.5181517353917826
2017-10-24,0.1617908278173541,11.16,2.42,0.82,0.2301740146955821,0.23860712508680937,0.837248825352388,1.1638238566452852,2.3408756840628264
2017-10-25,-0.4663049754275228,11.23,2.44,0.83,0.267265817701845,0.8685531128921564,1.4559170127112164,1.5615109518864578,3.1218380295904513
2017-10-26,0.1270946219078306,11.3,2.46,0.83,0.2590454016065998,0.7596545873437499,0.9459543730484521,1.6411506457559843,3.5580417564013755
2017-10-27,0.8073022498049642,9.8,2.42,0.83,0.3018398601338434,0.2622950695620796,0.047653896878974145,0.7884270080493971,3.0576435270958546
2017-10-30,-0.3192470570786421,10.5,2.37,0.79,0.3143515478356504,0.7112714066541015,0.4668015143221682,2.107016759420266,3.547845233657898
2017-10-31,0.0944458657135882,10.18,2.38,0.78,0.3077250622766934,0.5972166986703442,0.14018419142862726,1.973006935263788,3.4012133749010465
2017-11-01,0.1592110171672711,10.2,2.37,0.76,0.3068607828381434,0.5823062606654661,-0.5714591844683592,2.6448408854129246,2.816586258533871
2017-11-02,0.0189965810886594,9.93,2.35,0.74,0.307270394567794,0.18489522067905995,0.2244236952811729,2.417577405118898,3.719594445610541
2017-11-03,0.309707538497439,9.14,2.34,0.71,0.2915032827937029,-0.214079652310184,-0.3473935764594649,1.9939351645829273,3.9538696651906458
2017-11-06,0.1271251240472448,9.4,2.32,0.71,0.288308797705581,-0.24274332844511637,-0.3469525126473805,1.4835298609250147,3.486513296375837
2017-11-07,-0.0189102922869777,9.89,2.32,0.69,0.2872909231887435,-0.4543192368937077,0.3238634880435187,1.491142287424685,3.420394616624778
2017-11-08,0.1443655000098465,9.78,2.32,0.67,0.2867297986101938,-1.147085892168509,0.10407864054098326,1.6420146462925889,3.476367749548781
2017-11-09,-0.3761887644002093,10.5,2.33,0.7,0.2995345381518197,0.03945552322537349,0.6886816584430688,2.5876097755238803,3.8195156822717014
2017-11-10,-0.0897643852551755,11.29,2.4,0.73,0.3014810653409349,-0.13359993442436657,0.7404202720575404,3.0085559360736314,3.8028094843757687
2017-11-13,0.0983634362572427,11.5,2.4,0.7,0.3003880840647654,-0.1044627605842785,1.6325942703214746,3.0667281857245543,3.7828270210970016
2017-11-14,-0.2309609298885795,11.59,2.38,0.7,0.3069897180360294,0.7817342942172623,1.8302570128406304,3.256464135554782,4.213857888799621
2017-11-15,-0.5525675723266343,13.13,2.33,0.65,0.3339521526537968,1.2656830038866973,3.234785548998942,3.407518017676736,4.249751824995496
2017-11-16,0.8196058063241196,11.76,2.37,0.65,0.3802722589043534,0.6489700806767695,2.1882427745413935,3.487344323331798,4.260847240633181
2017-11-17,-0.2625963089974203,11.43,2.35,0.62,0.3696787594890094,0.8751894590252496,2.3494907208862825,4.316257643446875,5.20425599996972
2017-11-20,0.1275682880856443,10.65,2.37,0.6,0.3578582009758908,1.7388735061733884,1.8368553894999806,3.846812421375989,5.493509397533836
2017-11-21,0.6541139295859866,9.73,2.36,0.59,0.3831535674062308,1.040389636044936,1.1635106133251139,3.0865349687717147,5.545140741827681
2017-11-22,-0.0750261116606809,9.88,2.32,0.58,0.364477078174844,1.9444914473510932,1.5363370070805127,3.368782925536107,5.79997067018625
2017-11-24,0.2056095148923908,9.67,2.34,0.59,0.3654537360244609,1.5293476849597143,1.8859399942511512,3.10942001847736,5.7204494914964155
2017-11-27,-0.0384257740879689,9.87,2.32,0.58,0.3236588520791841,1.4615102779657052,2.2514653580864685,3.03988131481685,5.6434586880512505
2017-11-28,0.984851271879017,10.03,2.34,0.59,0.374839925519598,0.09630722254914126,1.4110964358428069,2.1156920830500248,5.348986594867289
2017-11-29,-0.0369225702197995,10.7,2.37,0.59,0.3761827601587891,0.12185322891535844,1.4005730364937907,2.340758970743284,6.099224990408092
2017-11-30,0.8190950433802913,11.28,2.42,0.64,0.4092789991140754,-0.40036929359871243,0.1673200246982809,0.9831630594270946,4.866324717220438
2017-12-01,-0.2024530803113933,11.43,2.37,0.59,0.4154293218165,0.3512209202781058,1.2712827948872851,2.0282220437673804,6.068385284664912
2017-12-04,-0.1052156643920554,11.68,2.37,0.57,0.4158344438793786,0.7785761102476974,1.9216186702131433,2.78923251984573,6.008474957233956
2017-12-05,-0.3739381560474708,11.33,2.36,0.53,0.4289741882448477,1.3135241946243603,1.9737029626341718,3.5906980768879215,6.872985916724783
2017-12-06,-0.0114105659984264,11.02,2.33,0.55,0.4288914785698992,1.2771635425633088,1.9009070995934074,4.331235740968253,7.747395651976086
2017-12-07,0.2932357985382827,10.16,2.37,0.57,0.4314446675734124,0.5699713083981539,1.8047193472498835,4.199121013010787,7.665962724063524
2017-12-08,0.5506306319651655,9.58,2.38,0.58,0.4293708523369522,0.9168417346313129,1.200833033778026,3.7635315505374134,7.016407281255876
2017-12-11,0.3201957471006933,9.34,2.39,0.57,0.4281770611633914,1.1342118574040772,0.7710559002448658,3.3173053492055127,6.739123471281583
2017-12-12,0.1548922064604108,9.92,2.4,0.57,0.4280104515506897,0.6516195870766461,0.6947914695438984,3.8830959307453616,7.836012827849914
2017-12-13,-0.0472957090667858,10.18,2.36,0.57,0.4212783725260412,0.6158777904240464,0.9271998235267365,4.63375286076857,7.160745991990103
2017-12-14,-0.4070859227173984,10.49,2.35,0.53,0.4093937204280605,1.227750214888057,0.8144802461797163,4.691155450064444,6.426066313756484
2017-12-15,0.8974343513216354,9.42,2.35,0.51,0.4162216799568521,0.28141120378450957,0.7474372082490799,4.736883307278306,5.531035341042911
2017-12-18,0.5362807225250732,9.53,2.39,0.55,0.4105776277163724,-0.3590831930061822,0.8512559562460664,4.009803160843273,4.900082993802934
2017-12-19,-0.3230269459868706,10.03,2.46,0.59,0.4274868719356265,0.042892387270465626,1.5856981430264039,4.8044572392216045,3.0080483089737875
2017-12-20,-0.0827893180747718,9.72,2.49,0.62,0.4169871692514738,0.30941640617712096,2.38499215615382,5.737425425142351,-1.1312889276382632
2017-12-21,0.1985655821358678,9.62,2.48,0.59,0.4135890862755375,-0.4082575853271875,2.3519554703487877,5.757339555960339,0.3937250267119996
2017-12-22,-0.045816664770526,9.9,2.48,0.57,0.4161544985084462,0.4647182352844448,2.532289942617405,5.746567565838889,-0.06261508888989464
2017-12-26,-0.1058415183167293,10.25,2.47,0.55,0.4180641387343118,1.2147009361592742,2.5267666655008236,5.92240253684011,-3.711994030964416
2017-12-27,0.0790940939190409,10.47,2.42,0.53,0.369139713499854,1.5421442932534113,3.1663052424770077,7.091947114728292,-2.351062230365286
2017-12-28,0.1833998725156105,10.18,2.43,0.52,0.3679550741593959,2.069173388041823,3.672501608805989,6.176279713856014,-1.1735653647601652
2017-12-29,-0.5183153157965359,11.04,2.4,0.51,0.354821753653176,2.7715280290841804,3.845355542594908,5.566250060381983,-0.39909207352284426
2018-01-02,0.8303361477520088,9.77,2.46,0.54,0.3896629670779842,2.0580077699424715,3.9598487163329477,4.748108999443734,0.1046002558585224
2018-01-03,0.6398818768781567,9.15,2.44,0.5,0.4042386944190346,1.2963193263487938,3.13188683140202,4.014652072665759,0.6686137492853295
2018-01-04,0.4028636080503966,9.22,2.46,0.5,0.3894676475497761,1.5994944370418596,3.168515996871357,1.400148044407623,0.3021296149492203
2018-01-05,0.7033767443369587,9.22,2.47,0.51,0.4037762585640595,1.5708251252987804,3.274340504783657,-3.4343715907398265,-0.980256039057581
2018-01-08,0.1662343931643661,9.52,2.49,0.53,0.4034465363684784,1.044868685037792,3.327131435801456,-1.9132320771381495,-1.687946816507413
2018-01-09,0.1302931596091294,10.08,2.55,0.57,0.3954535818003288,1.8634901738211473,3.1348930420069143,-2.5308173970946424,-1.7202867546865064
2018-01-10,-0.1112226828252849,9.82,2.55,0.57,0.3994732044535691,1.8120771981255501,3.3119506074133387,-6.085006773713541,-0.0338374752926085
2018-01-11,0.7033646478779465,9.88,2.54,0.56,0.4172415125300512,1.544320243445485,3.8051589257022123,-5.34803244128449,0.4350416542944435
2018-01-12,0.6749602987881076,10.16,2.55,0.56,0.4266371759665225,1.677169972168091,2.4150841025305514,-4.674399574008714,-1.505970809570223
2018-01-16,-0.3524487622672101,11.66,2.54,0.51,0.4225142460307669,2.258662691598534,1.6571704230732065,-4.087277272960732,-2.254336358015052
2018-01-17,0.9415051560751176,11.91,2.57,0.52,0.4262746916511241,1.248143830548365,0.7582353118477991,-3.708401376183146,-4.4562876123131705
2018-01-18,-0.1616389730162648,12.22,2.62,0.57,0.428660635111791,1.4731782815598837,0.8559576173631456,-2.3884689379761403,-3.8162574446604203
2018-01-19,0.4385235112838836,11.27,2.64,0.58,0.4135331449594846,2.226455085657708,-1.714057758199572,-2.778353797401767,-3.1797354684293566
2018-01-22,0.8066726499347698,11.03,2.66,0.58,0.4251421920321013,0.7257422001069491,-6.496010589593359,-4.1197034258903305,-3.701057709750566
2018-01-23,0.2174365479718165,11.1,2.63,0.57,0.4249724110505564,-0.5882066640548356,-5.0716239192176715,-4.8535928391903465,-3.9564880305193895
2018-01-24,-0.0559975702282833,11.47,2.65,0.57,0.4253905454647236,-0.48386913593251313,-5.49349523908843,-4.7076015240699824,-3.473785990767708
2018-01-25,0.0602620901893891,11.58,2.63,0.55,0.4190220127601337,-0.6082599112881892,-9.095711895747138,-3.2385295825262395,-1.8554171573699652
2018-01-26,1.1841196508761032,11.08,2.66,0.53,0.4606797535215426,-3.8546899044434646,-8.817665192861979,-3.246579752187373,-3.1275377581014063
2018-01-29,-0.6731974332887192,13.84,2.7,0.59,0.5132358706720648,-7.169719112471973,-6.922304208081087,-3.828591214332544,-3.091608281580416
2018-01-30,-1.089881562028394,14.79,2.73,0.6,0.5736379890676746,-4.509945052506891,-5.650804239510975,-3.847743120145375,-2.584650564893609
2018-01-31,0.0488985373083394,13.54,2.72,0.58,0.5601155845215451,-5.0339839980301555,-4.43302393517182,-5.175282107732437,-2.7083967718012247
2018-02-01,-0.0648088252051648,13.47,2.78,0.62,0.5553640181171755,-8.539393692960285,-3.2168913289666867,-4.632562292204345,-2.4794637519541696
2018-02-02,-2.120854792396809,17.31,2.84,0.69,0.7566952481412229,-5.161952552325144,-1.0828568307193365,-1.4912383976784405,-1.7815947484480232
2018-02-05,-4.097922480422822,37.32,2.77,0.69,1.185856267235616,0.26652392088593047,2.541396552903219,2.9891268784000724,2.5670646184563495
2018-02-06,1.7440920592313836,29.98,2.79,0.69,1.259449968145267,-1.1947413661364092,0.22967956371842124,1.1747129096038922,0.6229746778167788
2018-02-07,-0.5001588416939429,27.73,2.84,0.69,1.2615632474009246,0.632815914743512,0.8315763206000026,2.1371113590861857,-1.4159129773193002
2018-02-08,-3.753641975808808,33.46,2.85,0.72,1.5004593811566964,5.819447933819233,6.44324094645965,7.964744996488693,0.28128670149645263
2018-02-09,1.4936090208494734,29.06,2.83,0.78,1.538270815572073,4.301117358891626,6.109829773999698,6.240383564202312,1.4888053014083802
2018-02-12,1.3914584754042505,25.61,2.86,0.77,1.5692957451375982,2.268825668886487,3.3237962837678436,4.11558955548752,-1.6332787203502064
2018-02-13,0.2612929746329095,24.97,2.83,0.73,1.572714651752621,1.4416448573179697,1.9110508625243439,3.249793122138489,-2.175788514991983
2018-02-14,1.3402458257245842,19.26,2.91,0.74,1.5903291230778418,0.1975105278032574,-0.7766889809897259,1.804626696779299,-2.1403366942933877
2018-02-15,1.2069112762299383,19.13,2.9,0.71,1.6201681387779407,0.5894880618074749,-1.4627252448043748,0.7619383042541505,-5.467196508088234
2018-02-16,0.0373469372248802,19.46,2.87,0.66,1.6155205097565415,1.734125636338546,-0.4128521648267047,-0.7063870784591142,-4.310415002967138
2018-02-20,-0.5841389459353419,20.6,2.88,0.63,1.603046164493286,1.0315661766734818,0.436633730910696,0.02503190556795154,-2.634875457506425
2018-02-21,-0.5496503128179286,20.02,2.94,0.68,1.6017658248631594,0.4627350097355043,0.9428677713018807,0.3923938655798098,-1.4248532804658876
2018-02-22,0.0973551079076262,18.72,2.92,0.67,1.6030398952842768,-0.9722791551020182,1.2947680539428852,-2.2289538455426694,-3.679418026585024
2018-02-23,1.602837635051313,16.49,2.88,0.63,1.653962260523684,-2.0401866498722554,1.4294040997815394,-5.788957748912038,-4.882616908770798
2018-02-26,1.1757015343810906,15.8,2.86,0.64,1.6536055635579168,-2.110381140778572,0.12303647124936035,-4.3549447609458,-4.415382650627919
2018-02-27,-1.2706888443829278,18.59,2.9,0.63,1.6688494662351896,-0.5888579859510634,0.7663222802471559,-4.797612149774244,-3.7201046103440882
2018-02-28,-1.1095788639207016,19.85,2.87,0.62,1.6694194115322885,0.4779212526115906,1.3136379698606815,-4.010202370525418,-1.8365220539179994
2018-03-01,-1.3324399541987275,22.47,2.81,0.59,1.687811413863407,2.28930565068306,2.601521407882146,-1.374321920221322,-0.7980771966065281
2018-03-02,0.5071602744632031,19.59,2.86,0.61,1.695969957979366,3.541851123432438,2.2576873113098195,-4.0639151764979236,-0.4982782019275489
2018-03-05,1.1032026532745045,18.73,2.88,0.64,1.6589080780549432,2.281567379723737,-0.29475180283127234,-3.9137207188535084,-0.534743476205013
2018-03-06,0.2638858606169414,18.36,2.88,0.63,1.360195442842316,1.3632076231522738,-0.4098124459701258,-3.058156246700039,-0.714053039184237
2018-03-07,-0.0483874720566102,17.76,2.89,0.64,1.3081214060942448,0.831741647150519,-0.5453321446833637,-2.3456050972637144,-1.234786761504425
2018-03-08,0.4463078207817217,16.54,2.86,0.61,1.3036505954465738,0.30522815187086216,-3.478681048570076,-4.910605133997603,-2.5129913383946323
2018-03-09,1.737883151892694,14.64,2.9,0.63,0.9857339573916272,-1.2402364823396517,-7.116636356842365,-6.223068216335859,-4.172872974456943
2018-03-12,-0.1273985129042532,15.78,2.87,0.6,0.9562897117053334,-2.51884992433713,-4.472478452529794,-4.532842072943444,-5.334491304252498
2018-03-13,-0.6363576551088879,16.35,2.84,0.58,0.9427135810176466,-1.7491751797300337,-5.5216210179301894,-4.452307863448468,-4.553202121357391
2018-03-14,-0.5724521948562322,17.23,2.81,0.55,0.9584463097850968,-1.3657145749329525,-5.254811145928717,-3.109314882874714,-3.0020236426100078
2018-03-15,-0.0781930531963182,16.59,2.82,0.53,0.9185048108170922,-3.772394789543543,-3.8750335019866577,-3.3133997993790687,-2.818014720257511
2018-03-16,0.1703447167811456,15.8,2.85,0.54,0.880842769271648,-5.950196380788098,-6.182031546012235,-2.6951181722379425,-3.777601119494245
2018-03-19,-1.4204195388793028,19.02,2.85,0.54,0.9395724796452272,-2.004109026900369,-3.6296674261977357,-0.24070114433611955,-2.142336475848028
2018-03-20,0.1481805452064888,18.2,2.89,0.55,0.9311235130702188,-3.8396072960212524,-2.659241704202142,-0.3054925396631547,-2.991233567319318
2018-03-21,-0.1843989883350882,17.86,2.89,0.58,0.9232131287821026,-3.9429459586345694,-1.8101442510464305,-0.6932350503890405,-3.0310499623471765
2018-03-22,-2.5162888405856454,23.34,2.83,0.54,1.083325974037469,-0.10666244080234089,-1.4835314114885367,1.0004936947260124,0.7463046312554678
2018-03-23,-2.096688071186603,24.87,2.82,0.54,1.0918089930269848,-0.2465025510981711,0.9620324947957171,3.1693117765360324,3.259713967242206
2018-03-26,2.715725576151251,21.03,2.85,0.52,1.244412112962121,-1.6588026121866495,-0.06318976922650155,-0.9023712096354997,0.5029009347696123
2018-03-27,-1.7276308813847896,22.5,2.78,0.52,1.26877011722082,1.2274966424614675,1.1318072621511188,1.0250164185782618,3.2599428181195655
2018-03-28,-0.291665716625622,22.87,2.77,0.49,1.2522685702289285,2.220348863363708,2.2644909878838604,2.3777328754798432,4.532440244121871
2018-03-29,1.3769718690019197,19.97,2.74,0.47,1.2694045978701,-1.3783391408563772,0.5842745366461788,1.0996298050735653,3.2886832620196316
2018-04-02,-2.2337423560165104,23.62,2.73,0.48,1.350164663172014,1.2115214772424165,3.7166796843234096,2.5628677172830017,5.741940242336452
2018-04-03,1.2614865848792125,21.1,2.79,0.51,1.3586340629129054,1.6225273693463382,3.516607436491226,1.543349400823879,3.7101494314902617
2018-04-04,1.156648273982852,20.06,2.79,0.51,1.3886871467092838,-0.09452903952404945,2.4180509847544496,-0.34106151311084076,2.940610100021668
2018-04-05,0.6862863657553842,18.94,2.83,0.53,1.401066857321709,0.04318330450931995,1.1374995839825264,-1.2434132854032054,2.1514545759770742
2018-04-06,-2.1920248779842444,21.49,2.77,0.5,1.468582191160812,1.9900432221534592,2.521431332044566,2.2634145079415413,4.165914801110504
2018-04-09,0.3336548896320623,21.77,2.78,0.49,1.4009972382718685,2.4751709790711063,2.1862468763731435,2.275787655686212,4.586405030203666
2018-04-10,1.67269537832615,20.47,2.8,0.48,1.469583294480468,1.863838772933546,-0.8397120525171275,0.5664486415855485,2.5432114193929323
2018-04-11,-0.5525364482924067,20.24,2.79,0.47,1.4684566766788243,2.5149573893430643,-0.10559570372953297,2.104318723833276,3.4479011606472376
2018-04-12,0.8250750063987677,18.49,2.83,0.49,1.483832532460483,1.09384392152172,0.11073431892345553,2.2177289832759906,2.393778496353849
2018-04-13,-0.2886625488248695,17.41,2.82,0.45,1.4840627468960923,0.5210195947594976,0.5123616696560473,2.6886993397642778,2.448143210536924
2018-04-16,0.8109038386684864,16.56,2.83,0.44,1.498361530147749,-0.281945470241729,-1.1124651989942502,1.952685492996098,0.448869952526465
2018-04-17,1.0661504701720004,15.25,2.82,0.41,1.488417028883297,-2.6540829974778357,-1.9062236336116145,0.18696709619059337,0.6510561259418068
2018-04-18,0.0831365800681771,15.6,2.87,0.45,1.488143814601406,-2.556264139212361,-2.6939709078002028,0.5102216945575666,-0.12441199939898784
2018-04-19,-0.5726124690152989,15.96,2.92,0.48,1.4931339439343214,-0.9724722737434299,-2.35413459812569,1.00255097878168,1.5405953734273448
2018-04-20,-0.853653230061302,16.88,2.96,0.5,1.3897870298946369,-0.008613049428218833,-0.2516711098847102,1.6040387338524642,2.8736406217012567
2018-04-23,0.0056231692126873,16.34,2.98,0.49,1.2943932832212894,-0.8328679622451651,0.08762507876562964,2.3488074248722235,2.9401304209331736
2018-04-24,-1.338056164164636,18.02,3.0,0.52,1.1867154821204124,0.7682493389495226,1.418068385246496,3.4115708434627523,5.230096714365584
2018-04-25,0.1837059563023713,17.84,3.03,0.54,1.118540029296628,-0.14131926220949387,2.21225046901381,3.557253170896013,4.962120924815161
2018-04-26,1.0434204774367295,16.24,3.0,0.51,1.1363357808448562,-1.395230554681326,2.1046640789191606,2.2805188604024584,4.202947586120831
2018-04-27,0.1113624891589726,15.41,2.96,0.47,1.0974456992125603,-0.24307899697064705,2.1652437908691757,1.9259138962857136,4.198272285601856
2018-04-30,-0.8187490964434607,15.93,2.95,0.46,0.9812166452681024,0.9282239206638954,3.099633030754001,1.5788998630238193,5.241594617501644
2018-05-01,0.254904547706225,15.49,2.97,0.47,0.9453491709195576,0.644864876148854,2.1338670069995125,2.606974524053185,4.551372297801204
2018-05-02,-0.7205863568357729,15.97,2.97,0.48,0.9259085163951536,2.356900485600555,3.2929024360059733,2.64069855935285,5.570502859285531
2018-05-03,-0.2253674239308556,15.9,2.94,0.45,0.912006791466486,3.5494171867024527,3.437611580472466,3.988627634691788,5.701343208396703
2018-05-04,1.281117896379791,14.77,2.95,0.44,0.8092701138890829,2.414191179544023,1.8603919127120339,3.133197083460715,4.142421449161859
2018-05-07,0.3457945501517567,14.75,2.95,0.46,0.8094472177720358,2.1514389392178312,2.2592027179455743,2.8500080203948563,3.3659806640887524
2018-05-08,-0.0265641322828025,14.71,2.97,0.46,0.7218567014195113,1.4794616026192253,1.9656285018599728,3.758727009706697,3.5704717683840315
2018-05-09,0.968222025506882,13.42,3.0,0.46,0.7371192296380055,0.9144492906339119,1.315891877647224,2.6903531065828323,1.9263904881636318
2018-05-10,0.9370643723504825,13.23,2.97,0.43,0.7432628146846989,-0.10797318736077699,0.17222992021928007,2.0550319871576184,1.1681599685127164
2018-05-11,0.1707595554657048,12.65,2.97,0.43,0.7372920824387168,-0.5407446570183772,-0.23425764546052275,1.9899414118702108,-0.39043239255253104
2018-05-14,0.0883489557307326,12.93,3.0,0.45,0.7199449523164593,0.10549413679024067,-1.4750131722355952,2.0775647049186885,-0.2589555999975346
2018-05-15,-0.6842140279927467,14.63,3.08,0.5,0.7023889074058309,0.4790791077947443,0.46322295524290347,2.366996728554338,-0.4359316444054073
2018-05-16,0.4060561678767671,13.42,3.09,0.51,0.7078084847724864,0.39780486326308484,-0.6314120924787003,2.204992182004517,-0.2258950519747116
2018-05-17,-0.0855872320780659,13.43,3.11,0.54,0.6943129094912542,0.2805059788261177,0.5327037678075186,2.1884995151526976,-0.06469417641115083
2018-05-18,-0.263219493841671,13.42,3.06,0.51,0.6657346619395941,0.3081533342482512,1.2495584857354691,2.240350241736122,0.50645566971812
2018-05-21,0.7386752997235124,13.08,3.06,0.48,0.6813225565319012,-1.5788417235782504,0.5777526977976288,1.0823260075632835,-0.7241114738615995
2018-05-22,-0.3135761789657687,13.22,3.06,0.47,0.5996824768973621,-0.01578055122782862,1.7585322958255656,1.5739061192515225,0.4467034061079067
2018-05-23,0.3248409892156356,12.58,3.01,0.48,0.6006870326544386,-1.0251389033291258,1.3566097119250164,0.6025694480917387,0.9706262020394485
2018-05-24,-0.2023213496498033,12.53,2.98,0.48,0.5698739911706305,0.25149233793717585,1.8795648938212617,0.9942177079282466,2.0679939550189097
2018-05-25,-0.2357220436403961,13.22,2.93,0.45,0.5752293704082744,0.9385130921015561,2.2294216479906925,-0.15654145742434178,2.664506240844755
2018-05-29,-1.1564187290653003,17.02,2.77,0.45,0.6075682614544813,2.191189840825669,3.6057633616989992,1.2342631157758133,3.1287839794032823
2018-05-30,1.2695791223314323,14.94,2.84,0.42,0.6627871508232854,1.7745928875931183,1.8949957181441102,-0.8950087138343998,2.7268633019181587
2018-05-31,-0.6879559974886984,15.43,2.83,0.43,0.6606175690631962,2.406417739680222,2.854427474729704,0.4080937940684093,3.5501091709559285
2018-06-01,1.0849230370481022,13.46,2.89,0.42,0.6876794415321127,1.6239883496158125,1.6470219990994073,-0.5942324455914583,2.3334068981673672
2018-06-04,0.4479598435997323,12.74,2.94,0.42,0.6423545819357196,1.2789058569856682,0.9785640261732453,-0.7339319075865935,2.28186732413842
2018-06-05,0.0702592972470439,12.4,2.92,0.43,0.641030640890542,1.384242147563497,0.501674869671942,-1.2943858226489802,2.4308813726870326
2018-06-06,0.8567392465728796,11.64,2.97,0.45,0.658943777865927,0.11830342636101054,-0.1814355734193418,-1.2891586190571291,1.1593013669267904
2018-06-07,-0.071418846790805,12.13,2.93,0.43,0.6346063874781093,0.4374820884647246,-0.7439477957839946,-0.3808173053366448,1.135586929064858
2018-06-08,0.3125904389326361,12.18,2.93,0.43,0.6078515365708363,0.022665563375001696,-0.8690135129804322,0.18495275416028356,1.0057448418054005
2018-06-11,0.1068707668436586,12.35,2.96,0.44,0.6076473894998418,-0.2965492451473817,-2.333929965514925,0.4255962577506933,1.3802984307602184
2018-06-12,0.1743385210729586,12.34,2.96,0.42,0.6078624019754736,-0.8705172117448035,-2.288965564245715,-0.4603791978545768,2.124978690204027
2018-06-13,-0.4026127868587581,12.94,2.98,0.39,0.5916746234779563,-0.29938481728349897,-2.7381172277548105,0.8163968975229086,2.226884030053733
2018-06-14,0.2471549778432225,12.12,2.94,0.35,0.5886721443500244,-1.176283853081983,-2.378442757131005,0.6763750606624708,1.305667882095074
2018-06-15,-0.1017102715529127,11.98,2.93,0.38,0.5889661413391915,-0.8914770180669329,-2.2049386205438393,0.6752631661693487,0.8252874909962626
2018-06-18,-0.2126127762475116,12.31,2.92,0.36,0.5873851305835089,-2.0434405278278334,-1.6959004619197526,1.2906732340017824,1.5336652208202128
2018-06-19,-0.4023402292699374,13.35,2.89,0.35,0.5787111835008186,-1.430904623532414,-1.7870952843820676,1.9195764702596874,1.8377688298308659
2018-06-20,0.1712154289368994,12.79,2.93,0.37,0.5725619802282423,-2.446055529348501,-1.1097365024244188,1.3431739356783545,2.164545512050653
2018-06-21,-0.6345510515579966,14.64,2.9,0.34,0.5908376959814967,-1.2164680209574619,0.3658522401235764,1.8936222861068108,3.29447252010715
2018-06-22,0.1861934506535822,13.77,2.9,0.34,0.5891229351317705,-1.325276134643183,1.063205668066991,1.8911930781918551,3.467302517514148
2018-06-25,-1.3724668973416176,17.33,2.87,0.33,0.6678312080858368,0.3547899883180383,2.8254707313310146,3.8029874601933855,5.203394806003936
2018-06-26,0.2204577019977893,15.92,2.88,0.35,0.6115645371682881,-0.3613613977984209,1.8714225849214783,4.51734471949734,4.94443345651574
2018-06-27,-0.8604355128821406,17.91,2.83,0.31,0.5747686444271622,1.3698257248082157,3.6545808326589935,5.104776009153467,5.702640806157966
2018-06-28,0.617868985946779,16.85,2.84,0.32,0.5718533147579422,1.6018057153663223,3.129245121744484,3.773869976341948,4.306208355451213
2018-06-29,0.0758403330000101,16.09,2.85,0.33,0.5147983745503621,2.4205609188927557,2.945140323127027,3.0985471748746773,3.80962893162875
2018-07-02,0.3067957412152822,15.6,2.87,0.3,0.5088549343793272,2.4619460050692155,3.0380967934757086,3.2852807745713752,4.153357035489935
2018-07-03,-0.494735062681062,16.14,2.83,0.3,0.5182653962161977,2.2408816640240303,3.7741188547214533,3.6908226314138037,3.8754744406929165
2018-07-05,0.8620803683929923,14.97,2.84,0.29,0.5187658613895931,2.2538808679155364,2.4804367501386038,3.3110256749951272,3.8032394056465524
2018-07-06,0.8481281595267509,13.37,2.82,0.29,0.5573481860591993,1.5033585236243097,1.5222010393814767,2.9179449131532698,3.27230805690939
2018-07-09,0.8822985887663393,12.69,2.86,0.29,0.5887838661896261,0.5121817333627599,0.8192768126159544,2.378805257121197,2.617660882710937
2018-07-10,0.3473267180873929,12.64,2.87,0.28,0.5932847591605603,0.5623070914327677,0.9506562157313381,2.312582726595247,2.474009638077157
2018-07-11,-0.7094202866256172,13.63,2.85,0.27,0.6139637359761959,1.499632207531043,2.5973153878067867,3.0165583179448507,3.165083460463336
2018-07-12,0.8749042674663476,12.58,2.85,0.25,0.6381798671183405,0.22156213563739868,1.3990652075818177,1.9758509050413986,2.0973501883997825
2018-07-13,0.1079237494717277,12.18,2.83,0.24,0.6365884565434526,0.01856344068931204,0.6250650374066913,1.141250701793961,2.6194845010957923
2018-07-16,-0.1028135726814483,12.83,2.85,0.26,0.636601032898194,0.3055302093310841,0.14901806075169333,0.839756598308794,3.513043420605322
2018-07-17,0.397369863071062,12.06,2.86,0.24,0.6386928012179975,0.38617762015491497,0.2398957170094862,1.0823765934356855,3.131105307763371
2018-07-18,0.2160512627958688,12.1,2.88,0.28,0.6297281092196404,1.0814651801213992,-0.08026685673353517,0.09766942575863968,3.4954971828128567
2018-07-19,-0.3952993120479142,12.87,2.84,0.24,0.6388887515646277,1.1748999385489567,0.8104853484198316,1.2907855366904197,3.4458990017664615
2018-07-20,-0.0948447710149458,12.86,2.89,0.29,0.6187017242797194,0.6063890300494146,1.374816404177781,1.7238663066898807,3.5580295245086324
2018-07-23,0.1838049489138349,12.62,2.96,0.32,0.6186835597787962,-0.15603541325464043,1.546855416751125,1.783770055638767,3.1970299346200104
2018-07-24,0.4780911145920941,12.41,2.95,0.32,0.5177219292745799,-0.14571916832908371,1.3491011964829935,1.5090079445252425,2.4181037325885946
2018-07-25,0.9101605057599604,12.29,2.94,0.28,0.5423761379575962,-1.149302728037016,0.4086295324135847,0.5533946677946266,1.1236540106401405
2018-07-26,-0.3032296024285785,12.14,2.98,0.29,0.4961601460073856,-0.360182802602671,0.5688274307843466,0.688650313874728,1.2067212325701737
2018-07-27,-0.656220869212365,13.03,2.96,0.29,0.527313154416671,0.7637958001840861,0.5129792106920439,1.9820304841022596,2.0685894466142107
2018-07-30,-0.5754170294581917,14.26,2.98,0.32,0.5539553279951231,1.705552095265861,0.6897107439816086,3.359019813667019,3.0432381342311743
2018-07-31,0.4884728797982518,12.83,2.96,0.29,0.5580645671420807,1.4970017833606741,0.8404646377572433,2.8842903018536425,2.5789205587886777
2018-08-01,-0.1040351526293892,13.15,3.0,0.33,0.540378241355175,1.5760457977998188,0.1780792210853921,3.5786364985777475,3.2281620820299173
2018-08-02,0.4926444803381669,12.19,2.98,0.32,0.521934518258114,0.9323684642521313,0.4764387222326416,2.614225736775344,2.7504053653909732
2018-08-03,0.4644183009877123,11.64,2.95,0.32,0.5021522925261973,-0.2489153842411551,0.34431618708976597,2.153605005434911,1.7057739189212828
2018-08-06,0.3538227451535869,11.27,2.94,0.3,0.474459831153476,-0.9988061913598689,0.23330573646549446,1.6250375367080627,1.8913190463440976
2018-08-07,0.2824182256498719,10.93,2.98,0.3,0.4730334049051056,-0.6468537336745905,0.15777816098465625,1.054772586520758,1.7317077732884156
2018-08-08,-0.0262379965649706,10.85,2.96,0.28,0.4333342323583703,-1.376275839184815,0.14417598970846157,0.7121145677979834,2.55625328328013
2018-08-09,-0.1441674464523701,11.27,2.93,0.29,0.402367901132733,-0.4517180652319097,0.11914515277891002,0.6342858101084037,2.666469545862471
2018-08-10,-0.7113887913551609,13.16,2.87,0.26,0.4412067563464354,0.5947119007437829,1.461553806231164,1.5476710054144638,3.038530854713617
2018-08-13,-0.4005992185342366,14.78,2.88,0.27,0.4518052951239101,1.2445424953227757,2.651024667726487,2.3374060495950255,3.3179465550617016
2018-08-14,0.6389254777276809,13.31,2.89,0.26,0.464823979169232,0.809870572696636,2.0267912007727595,1.7239665914634328,2.3243288875042456
2018-08-15,-0.7602164835758152,14.64,2.86,0.25,0.4971441593421397,1.5416694530963504,3.3945123563285495,3.0446609524357404,3.393091710322649
2018-08-16,0.7919408484583057,13.45,2.87,0.24,0.5171759383596343,0.5734536115700184,2.1276500657558817,2.263183958425108,2.580008398460465
2018-08-17,0.3323115722223768,12.64,2.87,0.26,0.5190260986730266,0.8617171709211613,1.8030805202476907,1.3567860976730683,2.612519714527828
2018-08-20,0.2428017774683377,12.49,2.82,0.22,0.5197736983674613,1.3891930742525593,1.38849236789782,1.6541540735350413,2.323371368300897
2018-08-21,0.2068536430364309,12.86,2.85,0.24,0.5125961536542856,1.207144321446707,0.895581393682976,1.571450207066194,2.1848034789715642
2018-08-22,-0.0398151770781951,12.25,2.82,0.22,0.4737930773882616,1.8247118776080873,0.5671209258817589,2.408604663959202,1.390375289572643
2018-08-23,-0.1691262125155135,12.41,2.82,0.21,0.4697808062799739,1.5453346766716614,0.5145276226074191,2.5442929913118917,1.000710123489723
2018-08-24,0.6198839704363079,11.99,2.82,0.19,0.4574025307260856,0.9333207640429775,0.0848766808241086,1.5542606921771673,0.23615300214880897
2018-08-27,0.7670409427647185,12.16,2.85,0.18,0.4516628082701118,-0.0006911055640879127,-0.30551922803170317,0.6496982270698171,-3.795955295797848
2018-08-28,0.02692783264997,12.5,2.88,0.21,0.4460919316329417,-0.3078467729255796,-0.2968089123898676,0.29162701603153707,-5.800527716570336
2018-08-29,0.5701434129840033,12.25,2.89,0.22,0.4518595872947939,-1.2350547608108275,-0.338365543702257,-0.0013740052286048687,-5.003925241118101
2018-08-30,-0.4430329054144866,13.53,2.86,0.22,0.4656781537792709,-1.015120051892493,0.1327102822614057,0.4429342420130711,-5.144634582928975
2018-08-31,0.0134477508594521,12.86,2.86,0.24,0.459517928482403,-0.840598601924869,-0.4383898996905722,0.7951028496815837,-3.1186899318002115
2018-09-04,-0.1654322146948494,13.16,2.9,0.24,0.4595429102553843,-0.3048302291662752,0.2620235289358286,0.9220760448935605,-2.9826702729205734
2018-09-05,-0.2803126684318036,13.91,2.9,0.24,0.4638098389651267,0.01107194516158927,0.6698695860089865,1.2777785384458173,-4.110144737535915
2018-09-06,-0.3652305086012108,14.65,2.88,0.24,0.4729805439069515,0.9079023077843695,1.831099191389396,0.8186118446182666,-3.793401417442843
2018-09-07,-0.2213344827027508,14.88,2.94,0.23,0.4748433999010207,1.1596016833637757,2.0193751258777537,0.48369376286354626,-3.994551174880312
2018-09-10,0.1897826812740088,14.16,2.94,0.21,0.442151987812187,0.4056183241966549,1.4681379046297405,0.15114803189208992,-4.7045711076747265
2018-09-11,0.3739841510076891,13.22,2.98,0.22,0.4318509763122954,0.5685869831057344,0.9581447716111802,-3.501132701367715,-7.989913721114172
2018-09-12,0.0356671942210118,13.14,2.97,0.23,0.4141441421888691,0.6587247072090463,0.5901876579901488,-5.520102961744044,-6.309638901966497
2018-09-13,0.5282254329749936,12.37,2.97,0.21,0.3737758338748065,0.9148905709972732,0.3381356730823404,-4.681399941781727,-8.41680226945748
2018-09-14,0.0275481838920788,12.07,2.99,0.21,0.3425351627788604,0.8499177816112091,0.30981280630193453,-5.270350568075333,-9.042608483727243
2018-09-17,-0.5569722252617426,13.68,2.99,0.21,0.3691840791812166,1.0582272169295637,1.238924067348246,-2.692101935082458,-7.100172801923376
2018-09-18,0.5369014643958003,12.79,3.05,0.24,0.3821406530267865,0.38735533648384113,0.6583275428978741,-3.2362141593122673,-6.593586339449287
2018-09-19,0.125327272387965,11.75,3.08,0.27,0.3811808593205748,-0.06808853322776143,0.6038638521503215,-4.748207525451365,-5.725567598779257
2018-09-20,0.7840591898404803,11.8,3.07,0.26,0.4110484911797003,-0.5715260598822658,-0.9942810740637964,-5.523362365225104,-7.049853785220728
2018-09-21,-0.036853301202766,11.68,3.07,0.26,0.4071999157479958,-0.5355532133192731,-1.5052840317041682,-5.894886430482171,-6.494843748583645
2018-09-24,-0.3515687760793251,12.2,3.08,0.25,0.4031675515175333,0.1788046905184526,-1.297934405749579,-6.083396364389992,-5.5776076701370965
2018-09-25,-0.130509611347962,12.42,3.1,0.27,0.371101168998225,0.2699266312034654,-4.416956633926594,-8.863136810772188,-3.449008418118382
2018-09-26,-0.3289278113945082,12.89,3.06,0.23,0.3798376389753452,0.6724102196339121,-6.074440024418037,-6.8593435608413795,-3.3734150717207756
2018-09-27,0.2763287087558019,12.41,3.06,0.23,0.3625343880013517,-0.425185057588362,-5.002619972149514,-8.725434137091037,-4.5261061289826765
2018-09-28,-0.0006870120538793,12.12,3.05,0.24,0.3472175410153185,-0.9749522062537985,-5.562928708831838,-9.32353578217585,-4.666935822851559
2018-10-01,0.3641105118425747,12.0,3.09,0.27,0.3554824170005826,-1.4741033303702356,-3.8829195772720815,-8.237046122422353,-5.7316014204189525
2018-10-02,-0.0396690207904226,12.05,3.05,0.23,0.3527552846044403,-4.674266175907949,-3.869070545157216,-7.204484774751075,-4.695138750410588
2018-10-03,0.0711519746886102,11.61,3.15,0.3,0.3442703150324267,-6.701786745079974,-5.3199461458729,-6.291439720676584,-4.551160669485221
2018-10-04,-0.8169482334351885,14.22,3.19,0.32,0.3861829210450167,-4.596980589126353,-4.574565328442704,-6.116386787400607,-5.366620343767126
2018-10-05,-0.5527978766503461,14.82,3.23,0.35,0.4047227514249831,-4.633147476115407,-4.456688214818483,-5.065814615360198,-6.567842626628961
2018-10-09,-0.1417903657543129,15.95,3.21,0.33,0.4044045017533513,-2.444855949881819,-4.848390892154897,-4.335951065077603,-6.150431760633889
2018-10-10,-3.28642290012785,22.96,3.22,0.34,0.8322156340558904,0.8446781351157284,-4.651641149170327,1.0126777529996467,-3.5974038940850273
2018-10-11,-2.057300761734404,24.98,3.14,0.29,0.9301956801627644,1.4811008174738127,-0.835665538355479,2.8757081175767807,-0.04364031054723272
2018-10-12,1.4206197825152422,21.31,3.15,0.3,0.9904251766997204,0.023495336753565077,-3.9188598294501276,0.5016073527787546,-1.1222897497185191
2018-10-15,-0.5904978964482943,21.3,3.16,0.31,0.991452756411217,0.18503206997706467,-3.9821301337790382,0.9487724192735358,1.7501572912764773
2018-10-16,2.149560016316343,17.62,3.16,0.29,1.1252730204236838,-2.463770583987124,-4.530023723151599,-1.9233645414699185,-0.6084552068429061
2018-10-17,-0.0252662338158793,17.4,3.19,0.3,1.1147014117451808,-5.450281944399549,-3.46965773503799,-0.8593157373365634,0.22897210090924158
2018-10-18,-1.4391922356395417,20.06,3.17,0.3,1.1481370298710076,-2.282953512690278,-1.0260805050876454,0.8119825085568078,2.8051842246532788
2018-10-19,-0.0361169897723501,19.89,3.2,0.28,1.124158599801684,-3.941429114160433,-1.6157342790888651,-0.8300250536458442,-0.48615420052423586
2018-10-22,-0.4299527548581316,19.64,3.2,0.28,1.123163156310197,-4.159465857979083,-0.6375395505561543,-2.2096307657381686,-0.20858102268866974
2018-10-23,-0.5511829997012829,20.71,3.17,0.28,1.1245568874540288,-2.1184468084689545,0.538550878836408,-1.3683855487964136,-1.9955448693764977
2018-10-24,-3.086443397774385,25.23,3.1,0.26,1.2831620456596151,2.0947965262009927,5.940656945162126,1.1056690097147825,1.3038397462746598
2018-10-25,1.8625040052811848,24.22,3.14,0.28,1.3840960608603905,1.286237205057006,3.7426496896096895,0.7986996858377449,-0.5838885466298516
2018-10-26,-1.7327264039978307,24.16,3.08,0.27,1.4092668588312116,2.421121627798861,4.6007647019823406,2.9106337359938506,1.7173813591450982
2018-10-29,-0.6559599573700448,24.7,3.08,0.27,1.4059834773588322,3.6747774195456495,5.135400899772757,5.970021448134744,2.368541612084707
2018-10-30,1.5666780052058682,23.35,3.12,0.28,1.4682602150180204,2.7145029892468697,2.7303444321833625,4.107645847671315,-1.1342450468104115
2018-10-31,1.0851331974038647,21.23,3.15,0.28,1.5046298953712434,3.766950471343744,2.7041673493049867,3.8315722799315166,-4.227292330280208
2018-11-01,1.0557843693063784,19.34,3.14,0.3,1.5353554821512692,2.425218422893516,1.8571185449909544,3.870984143391243,-5.219693176824514
2018-11-02,-0.6316686379398861,19.51,3.22,0.31,1.5327121662234138,2.128118731314421,0.7986126843410268,1.148130821821547,-6.085676395642137
2018-11-05,0.5600317169601965,19.96,3.2,0.29,1.5433614484549087,1.408851329688754,-1.5821782271403073,0.4317108553141713,-8.081674867638
2018-11-06,0.6259295774170726,19.91,3.22,0.29,1.555645958560142,0.01542279081867548,-1.8967216166970058,-2.5205214577508794,-10.534103837094456
2018-11-07,2.1208856064105275,16.36,3.22,0.26,1.4597306079731345,-1.0242019421513926,-4.5638644075523205,-4.376806159780244,-14.767411676375165
2018-11-08,-0.2508916383596182,16.72,3.24,0.26,1.3752327407529148,-0.554648441711858,-2.8377432161025506,-4.170452797556468,-10.315397445060182
2018-11-09,-0.919901370610332,17.36,3.19,0.25,1.3610054551057391,-1.3018021515417866,-1.615792170166097,-2.7565604812280986,-8.707657310459037
2018-11-13,-0.1481919693170574,20.02,3.14,0.25,1.3539016015832752,-2.9494758274156596,0.7938530135607191,-2.63171040773007,-8.68568380282455
2018-11-14,-0.7567410690302756,21.25,3.12,0.26,1.2707825898353906,-1.9118495469592878,1.340695802297387,-3.7618772723428284,-7.208003273547259
2018-11-15,1.0593753366266334,19.98,3.11,0.25,1.2965450362757804,-3.576290906320456,1.0977207251893883,-6.74895659882111,-8.064241660413806
2018-11-16,0.2223305423754595,18.14,3.08,0.27,1.2543906420301592,-2.2958285516769705,1.9771476232275376,-6.947783152425946,-10.539169193635601
2018-11-19,-1.664310858849427,20.1,3.06,0.27,1.3116606724749078,-0.3181314608260766,0.3467489563324211,-6.829745863211301,-5.901373984573421
2018-11-20,-1.815124083246611,22.48,3.06,0.27,1.3690140450042358,3.8570928625997425,2.0462646359948877,-6.603983428426174,-3.489924066513639
2018-11-21,0.3043290746176375,20.8,3.06,0.25,1.3676289931781218,3.3159411552099893,-0.6358603416050879,-8.804376737187102,-2.8498874113435324
2018-11-23,-0.6554842390161242,21.52,3.05,0.24,1.1795915318685006,4.847367598117236,0.1960035856553466,-10.691492489172294,-1.808129599963526
2018-11-26,1.55323683669224,18.9,3.07,0.23,1.1565427105458943,4.373381516432495,-1.3716330039740154,-7.69604831800994,-2.8730688809073257
2018-11-27,0.3261692144003847,19.02,3.06,0.23,1.078896746523757,0.6670023615149345,-1.1595034774636859,-7.208336883251754,-3.203000354627761
2018-11-28,2.2973979644221654,18.49,3.06,0.25,1.1618362812702343,-1.7435768484301173,-3.3985836624679244,-9.404875925429613,-5.874353698568601
2018-11-29,-0.2183108091033725,18.79,3.03,0.22,1.127191731755148,-3.824967814868341,-5.03506812761052,-8.435603296549344,-4.657023804736027
2018-11-30,0.8170747552017188,18.07,3.01,0.21,1.117761174468935,-4.436319307787196,-7.7614779717337985,-9.062481646354703,-5.219599818002585
2018-12-03,1.0941426132194287,16.44,2.98,0.15,1.1193493013696063,-5.504290880431062,-8.751892932550176,-12.273648664019221,-5.533680112860251
2018-12-04,-3.236490314939877,20.74,2.91,0.11,1.3487554977439222,-1.814403723296798,-7.15169638696187,-6.226532504431049,-1.0870164744237298
2018-12-06,-0.152222814777525,21.19,2.87,0.12,1.3444143982351908,-1.68437518988942,-8.476790498189224,-5.425175259727954,-2.33869507854616
2018-12-07,-2.3320118765389863,23.23,2.85,0.13,1.4350682325330093,-1.2582270941306262,-8.22078913344857,-2.2281952798565485,0.2134334270182059
2018-12-10,0.1762153994735005,22.64,2.85,0.13,1.3380049113290824,-3.4795213410167003,-10.866197937246213,-2.000212697011994,0.1747762261756325
2018-12-11,-0.0356346168922327,21.76,2.89,0.11,1.3385663962981975,-3.436771978725295,-6.412369490301639,-1.5223164720893911,1.061142004940474
2018-12-12,0.5419503676349802,21.46,2.91,0.14,1.337340715641264,-5.435922239168045,-6.119792613960495,-2.0674692550721296,-0.2723417532148553
2018-12-13,-0.0199930323683594,20.65,2.91,0.16,1.3375617709686,-6.908785171653909,-6.217602692257929,-2.5628713635524547,-0.39765628540464615
2018-12-14,-1.9086709555430348,21.63,2.89,0.16,1.3899843990285738,-7.0512831949608445,-3.580832526166977,0.39808834210768307,3.119294570254949
2018-12-17,-2.0773480559224238,24.52,2.86,0.16,1.4191651343455454,-7.652963079811714,-1.4104775813973291,2.755766352102018,6.212250087982807
2018-12-18,0.0086400586104762,25.58,2.82,0.17,1.4155152209548634,-3.0815016984734322,-3.859538399920759,3.526881732802467,6.298509234427518
2018-12-19,-1.539571453679811,25.58,2.77,0.14,1.409681344132268,-0.723181985153043,0.9964251865996365,6.5318155276307355,8.692207280746223
2018-12-20,-1.5772106327423652,28.38,2.79,0.12,1.397561848318212,0.7424787405239774,3.3342528688319995,6.706599837412397,10.953953435355611
2018-12-21,-2.0588228309714296,30.11,2.79,0.16,1.4402055454910865,3.733726282712624,6.529358660868589,9.189687382178825,13.034319626576863
2018-12-24,-2.7112254452099527,36.07,2.74,0.19,1.5264318480110912,6.7598113665623405,9.946827168880601,12.386966457067071,15.09718584613713
2018-12-26,4.959374278953943,30.41,2.81,0.2,1.9144512218470575,-0.8027742021205819,5.225106129495893,7.985576143492157,9.732947132675761
2018-12-27,0.8562680784222065,29.96,2.77,0.21,1.928395122374701,1.7321336502702067,4.316483177572272,6.228630105918542,8.878467543657976
2018-12-28,-0.1241582508096694,28.34,2.72,0.2,1.82636164260964,2.5726725813283835,3.8970333811287006,6.205798288302833,10.419029796030843
2018-12-31,0.849248413140935,25.42,2.69,0.21,1.849767522276501,2.6950081505188184,4.126690753012907,6.9489576315210355,9.820289289367135
2019-01-02,0.1268496925124429,23.22,2.66,0.16,1.831754487772593,2.9852205258920295,4.2258485803489565,7.731782731449566,9.390323957116165
2019-01-03,-2.475673039503723,25.45,2.56,0.17,1.8464133726191665,6.076662208173733,7.682946399247492,10.565840297920825,13.387456930629305
2019-01-04,3.4335714642623527,21.38,2.67,0.17,1.951476839425116,2.5403473165975354,5.480778483796778,7.6198559304726965,9.787754610867117
2019-01-07,0.7010434848680358,21.4,2.7,0.17,1.9642325127370472,1.2911438948324916,3.263532541200176,7.373838156255652,9.217199548428635
2019-01-08,0.9695285023358924,20.47,2.73,0.15,1.9191807483602168,1.394111192236025,2.497272822020191,6.106261266827495,7.787026058288826
2019-01-09,0.4098045450532162,19.98,2.74,0.18,1.9216291476077496,1.2046661143431114,2.2193812691278403,4.684408645413218,8.03532604281305
2019-01-10,0.4518418782931244,19.5,2.74,0.18,1.925357521587012,1.5142672833365234,2.6233948489432724,4.283997582888932,7.6818589829837025
2019-01-11,-0.0146297841909337,18.19,2.71,0.16,1.9202263438942853,2.8675845597836203,1.8330247244736642,4.373215264859054,7.612484567597977
2019-01-14,-0.5257525167898014,19.07,2.71,0.18,1.922625424306128,1.947246887067955,2.222166343003118,6.277365390190992,8.122394270346556
2019-01-15,1.0721688622945758,18.6,2.72,0.19,1.8913277925270464,1.0879937866338452,2.710416376529734,5.467953024512595,6.673176958505311
2019-01-16,0.2221985488116251,19.04,2.73,0.18,1.82477284075478,1.0026367298502592,3.36378566243849,4.955081150321239,7.170591213924116
2019-01-17,0.7591400382211066,18.06,2.75,0.19,1.829387519237327,1.0925829396089437,2.6772056254707577,5.297505985981932,5.950397577376965
2019-01-18,1.318305304897005,17.8,2.79,0.17,1.7986013871863902,-1.0057199648823345,2.0279310386436933,4.083185760457719,4.453495255789552
2019-01-22,-1.4157306164566674,20.8,2.74,0.16,1.7899208321394322,0.26966834743433754,3.9804038404511743,5.765507784515367,5.2622603960291725
2019-01-23,0.2202912774223575,19.52,2.76,0.18,1.6994118584365092,1.6049607170168123,3.521058019830492,5.160872177988485,4.177435195683965
2019-01-24,0.1375725554363605,18.89,2.72,0.16,1.5312018359443988,2.337710191570075,2.41150684506235,5.689669318553925,3.8125437494872294
2019-01-25,0.8488694060713842,17.42,2.76,0.16,1.1409074655443927,1.5674964866694951,1.6181522121636815,4.929152988445029,4.448432077488529
2019-01-28,-0.7846827493937836,18.87,2.75,0.15,1.164450875186814,3.064471000193003,2.4944663553482016,5.6754278474607345,5.5854120476008795
2019-01-29,-0.1456246577543507,19.13,2.72,0.16,1.1648809523168029,3.700755726207383,3.967044714725354,5.7719652580492165,6.474239464962106
2019-01-30,1.554926091974429,17.66,2.7,0.18,1.1925006435531709,1.8858304646662383,2.684768249671876,3.8581876325457953,4.752985931624942
2019-01-31,0.8597395948725328,16.57,2.63,0.18,1.1967553918244307,0.0721109094136585,1.539509681930129,3.6829200160274356,4.377792187319707
2019-02-01,0.0898610093143847,16.14,2.7,0.18,0.9950734694149944,0.04987395303261977,2.5519786446750903,3.187846739660549,4.670552727701094
2019-02-04,0.6776236617404008,15.73,2.73,0.2,0.7219843790850322,-0.5530563920943865,2.014403997896963,2.377353135022542,3.9524801748362703
2019-02-05,0.470842037697472,15.57,2.71,0.18,0.7182598351305196,0.25678596713514246,1.7167695817023931,1.232786667711805,3.1606834510784942
2019-02-06,-0.2224437980280935,15.38,2.7,0.18,0.714360100074488,0.7841500445763039,1.58403921822734,0.6340518425997477,4.512714865701217
2019-02-07,-0.935714014394018,16.37,2.65,0.17,0.7649629539095086,1.4663413804119507,3.200970842515871,1.3680463725082026,3.498084307434257
2019-02-08,0.0676201086956096,15.72,2.63,0.18,0.763973719934335,2.5008574151898166,3.258276896600587,2.7852109133175817,3.3413677314002355
2019-02-11,0.0709103098631702,15.97,2.65,0.17,0.7628725393955125,2.581738861793692,3.1035446158470092,3.0157195819103144,4.00988671309408
2019-02-12,1.28902247439735,15.43,2.68,0.18,0.7776609438131314,1.4562441838558815,1.7360506382348095,2.411528342578384,2.209329775615787
2019-02-13,0.3023994668760688,15.65,2.71,0.18,0.756600133001844,0.7936656441486445,1.1427394762393517,2.0141426203780233,2.266953554637152
2019-02-14,-0.2651641555101225,16.22,2.66,0.16,0.7659856442725831,1.7095614550647342,2.1109126297847114,2.795249370693642,3.229375157270997
2019-02-15,1.087875260858695,14.91,2.66,0.14,0.7809816713340378,0.7389396542730964,0.620044686986132,2.0658539318548774,3.299821318904672
2019-02-19,0.1498743321448836,14.88,2.65,0.15,0.7404005750980084,0.5086731418701529,0.35578224535142144,1.8998064008483473,3.147033562660928
2019-02-20,0.1777110753768518,14.02,2.65,0.15,0.6353355117628309,0.27579027454618377,-0.4758142791802311,1.4195435770463893,3.1852606286916885
2019-02-21,-0.3526436790880272,14.46,2.69,0.16,0.6510147687992087,0.3463251682135793,-0.9351738550056887,2.883007675233684,3.766289503663045
2019-02-22,0.6411102394986878,13.51,2.65,0.17,0.6559957325042379,0.3946051570552722,-1.7760728945124815,0.2878979359329792,3.583311710973236
2019-02-25,0.1231862569911257,14.85,2.67,0.16,0.6427583186011306,-0.11802284964979037,-0.45813856041462264,0.08046893411053357,3.564234178219272
2019-02-26,-0.0790457096899843,15.17,2.64,0.16,0.6014265621293204,-0.15211711759735014,-0.08518139144870762,0.8790600756006572,3.017289515540922
2019-02-27,-0.0544049387730338,14.7,2.69,0.19,0.5983822303656859,-0.749537402466327,0.6639511757199124,0.465202978110435,3.431842447900757
2019-02-28,-0.2825508315214664,14.78,2.73,0.21,0.5299039890770647,-1.2770761869665193,0.8615577832389976,1.1115123875618638,3.7288723783941657
2019-03-01,0.689532059343434,13.57,2.76,0.21,0.5198667954025115,-2.162146111508678,0.670189623502937,1.095340839368908,3.6994094522129206
2019-03-04,-0.3880558492514008,14.63,2.72,0.17,0.5350990933763473,-0.3405175993391185,1.4368998238536212,2.663263209885214,4.03786928453107
2019-03-05,-0.1131532823106185,14.74,2.72,0.17,0.5238092439104863,0.06703770196858638,1.5385502668118,2.781355747380232,4.208777458108881
2019-03-06,-0.6524098653592381,15.74,2.69,0.17,0.5439134312937035,1.424163214148444,1.9044193554553335,3.6785781077794955,4.654603268063817
2019-03-07,-0.8125717558683521,16.59,2.64,0.17,0.5752965081071937,2.1662992622217825,3.854225236968545,4.74584526276518,5.678576811271641
2019-03-08,-0.2131688848741486,16.05,2.62,0.17,0.5323329587072505,2.8949283150054406,2.1012912955810537,5.456292334687518,6.011508938318033
2019-03-11,1.4666041867757107,14.33,2.64,0.17,0.617242483458369,1.7834905223037323,0.5410864200606325,4.040885593721022,5.402934652188018
2019-03-12,0.2953318204620414,13.77,2.61,0.16,0.6179741555807607,1.4705267574981695,0.9650635215854297,3.105115887909027,4.862224863841114
2019-03-13,0.6949583813841809,13.41,2.61,0.16,0.5730102406691555,0.4735125497588921,-0.1974373102666127,2.7496350380179724,4.100081226188945
2019-03-14,-0.0868022382018773,13.5,2.63,0.17,0.5731261276009698,1.652135769755625,0.2478194961653024,2.842822040600801,4.678683959207697
2019-03-15,0.498490290027398,12.88,2.59,0.16,0.572863863984123,-0.7713081999481175,0.42232086524920387,3.009053464624478,4.271068339273265
2019-03-18,0.37059469012648,13.1,2.6,0.15,0.5313112937644219,-1.2206342068519227,1.2089913908657879,2.56412554523453,3.9849110483687555
2019-03-19,-0.0130561556024866,13.56,2.61,0.15,0.531813763749374,-0.4981379835750199,1.2239740249419873,2.6297669055551642,3.218275626352818
2019-03-20,-0.2944353604447891,13.91,2.54,0.14,0.5384099527744681,-0.6677878009821003,1.7410027588064647,2.698787677711545,3.303202632492974
2019-03-21,1.08524810499544,13.63,2.54,0.13,0.5735921539210762,-1.3814921476624442,0.8585303330338023,1.7566464630017986,3.179118333910913
2019-03-22,-1.8974501239482744,16.48,2.44,0.13,0.719947708638076,1.2029071869681607,3.285953582500545,3.8297435743657404,4.704521767813463
2019-03-25,-0.0839020658475631,16.33,2.43,0.17,0.7198269296330889,2.4596489137271416,3.48096414936101,4.835683008053637,3.0621484768519114
2019-03-26,0.7182725862306283,14.68,2.41,0.17,0.7367210935016129,1.7307334492220328,2.119596909743038,3.859910751626061,2.1628819207077044
2019-03-27,-0.4644324890691664,15.15,2.39,0.17,0.7453273879063399,2.424984309181011,2.9529024795149184,4.306020226971241,2.329455679136583
2019-03-28,0.3589481529391092,14.43,2.39,0.16,0.745160169111965,2.271401717059285,2.5885875198858876,4.419911061718307,2.34279410359417
2019-03-29,0.6734280017363758,13.71,2.41,0.14,0.7444501129816868,2.058287111934476,2.5758542295056364,3.8325617660125877,-0.7948696702120173
2019-04-01,1.1568600124275408,13.4,2.49,0.16,0.7753374768764284,0.9967975163508891,1.338946407572883,2.74275992612405,-1.143280702247329
2019-04-02,0.0017455707207236,13.36,2.48,0.18,0.7738311308724064,0.382247770498112,1.3887943979227435,1.9701870239943853,-0.567794441774061
2019-04-03,0.2148376881724312,13.74,2.52,0.19,0.7510471200202429,0.5154193323968048,0.9413952024589944,1.535467344852126,0.10162755324261141
2019-04-04,0.2084635079680152,13.58,2.51,0.18,0.713543911030191,0.3101412491676836,0.8904711649103225,2.300834637600313,-0.6897246994038819
2019-04-05,0.4636432770241061,12.82,2.5,0.15,0.707215167399253,0.5071289477977192,0.5264897820116854,1.3734376612787091,-1.8152343433179285
2019-04-08,0.1047459953920526,13.18,2.52,0.16,0.6489335472062439,0.3387720201391664,1.309147889980311,-0.4047272616291009,-1.0846825506695468
2019-04-09,-0.6067494393846573,14.28,2.51,0.16,0.6728863362142463,1.002713776369979,1.7041918442168624,0.0423865861934658,-0.7619321802746049
2019-04-10,0.3477871563978496,13.3,2.48,0.17,0.6626282667593506,0.42379156639988924,1.3143075278771787,-0.605565054858348,-2.2841127063252697
2019-04-11,0.0038123067008344,13.02,2.51,0.16,0.6613201317299432,0.5785356380877849,1.7851142959517174,-0.23959138363620625,-2.15557861636122
2019-04-12,0.6609324208602496,12.01,2.56,0.16,0.6668984327962615,0.01926314522824324,1.2251494720142864,-3.2860792874080946,-3.6121504261866333
2019-04-15,-0.0629369108481658,12.32,2.55,0.15,0.6664123276768539,0.96709960696586,1.3852655551648718,-2.4494305474985656,-4.218092611401724
2019-04-16,0.0509358003894622,12.18,2.6,0.19,0.6658488392067562,0.6945140794929694,0.5734288779387198,-1.929788051347947,-4.065961789212336
2019-04-17,-0.2273811785323931,12.6,2.59,0.19,0.6637542112745554,0.8867579560452032,0.5885317328946815,-0.8319358450832981,-5.116099056223
2019-04-18,0.1579092279509808,12.09,2.57,0.19,0.6251740926276576,1.1996383226393181,1.3979154387977033,-1.5662488697582244,-5.527656392724644
2019-04-22,0.1012017561471401,12.42,2.59,0.21,0.4155244388162634,1.2056540798897064,0.8425121389432855,-2.32945975772908,-3.600448155472513
2019-04-23,0.8841205788409079,12.28,2.57,0.21,0.4378533863181252,0.41416060263872456,-1.6917279310952438,-2.3628966292851272,-3.6653633594152746
2019-04-24,-0.2191763174733685,13.14,2.53,0.21,0.4338144855133609,-0.12025004803998263,-1.6339594542659541,-2.424800767571955,-2.8613890089887906
2019-04-25,-0.0368973652745796,13.25,2.54,0.21,0.4097107207754316,-0.2956049229775326,-1.8949668902462413,-3.551739455172531,-1.805426048208536
2019-04-26,0.468529214076363,12.73,2.51,0.23,0.4125051200083567,0.19592670432895254,-1.9891962529028362,-3.8715807704994276,-1.8078936712510263
2019-04-29,0.1071522174355354,13.11,2.54,0.24,0.3987536297827202,-0.3588158628565874,-4.456628400108809,-4.778753030676719,-1.9473147750191822
2019-04-30,0.0951417009086297,13.12,2.51,0.24,0.3274084412983669,-2.097202746201765,-3.782301187125603,-5.526797346620105,-2.240115298041079
2019-05-01,-0.7502163081421376,14.8,2.52,0.21,0.3822129527144232,-1.515531833984407,-2.488944602181853,-4.612938744269801,-1.0975735825467847
2019-05-02,-0.2123985791774196,14.42,2.55,0.2,0.3872621806908843,-1.6041037770031963,-1.4121565883374654,-5.671253661665842,-1.0467807884110725
2019-05-03,0.9638279380647764,12.87,2.54,0.21,0.4346943640844195,-2.1808500895250216,-2.9232990596784525,-6.830092908273366,-1.9000954883910848
2019-05-06,-0.4470988428756373,15.44,2.51,0.2,0.4438235233966892,-4.112569087509144,-3.1454709223248556,-4.405840552934837,-0.5019649254786929
2019-05-07,-1.6511651392423388,19.32,2.45,0.17,0.586995264436621,-1.7211953980798778,-0.6827184366738348,-2.0075985334547575,1.4704984792690334
2019-05-08,-0.160542531326957,19.4,2.49,0.19,0.5717474664825983,-0.9883921661196116,-0.8039779876453657,-1.2478184014656613,2.5963566202231725
2019-05-09,-0.3021424942496686,19.1,2.45,0.19,0.5696259757798984,0.19507641683624843,-1.6887742783520787,0.09127038562588563,2.7777000560192278
2019-05-10,0.3720297259787841,16.04,2.47,0.21,0.5766435298305734,-0.7590016585023673,-1.920588798000089,0.18498224146761277,2.219414086204541
2019-05-13,-2.413055719884427,20.55,2.4,0.22,0.7666530390208361,1.0085765735728947,-0.3371501603657845,2.6263607648240983,3.7522986918945955
2019-05-14,0.8015944543135589,18.06,2.42,0.22,0.796451206371508,1.0566642172871399,-1.8130720034026715,1.6028089510680577,2.800234251524736
2019-05-15,0.583897507464215,16.44,2.37,0.21,0.8112805314443545,0.18625510938439227,-2.1782085461208855,1.4268854069507064,2.5942125442259822
2019-05-16,0.8895287120600504,15.29,2.4,0.2,0.8395810775875228,-1.880182901753602,-4.320103702384614,0.37060938477042615,2.2751272407446788
2019-05-17,-0.5837333350761975,15.96,2.39,0.19,0.8468019888980293,-1.1704710340585178,-4.0244402732604545,1.0540155993933098,3.6649396143566992
2019-05-20,-0.6749377915387988,16.31,2.41,0.2,0.8560136322691376,-1.332289573409129,-1.301301697104118,2.729357131793142,4.674974569311541
2019-05-21,0.8495835590448308,14.95,2.43,0.17,0.8539258330095031,-2.839729811899816,-1.3339874752171466,2.1680183771138894,4.5895053696940025
2019-05-22,-0.2824396230649451,14.75,2.39,0.16,0.8544451390847914,-2.360067908440866,-0.4474377145537445,3.427894122049513,4.696330937231852
2019-05-23,-1.191414994527018,16.92,2.31,0.19,0.8869746043888785,-2.4866748357143087,1.8106219822931369,4.54319870552462,5.446381649660381
2019-05-24,0.1353559007240212,15.85,2.32,0.16,0.8772905158720612,-2.8877697476282216,2.146802283642524,4.221072326462116,5.434060884578895
2019-05-28,-0.8375676922946718,17.5,2.26,0.14,0.8856411099262458,0.031406299154035366,2.9735362072812466,4.103283077737241,6.804198669366124
2019-05-29,-0.6911912256811314,17.9,2.25,0.16,0.8873954251621995,1.5497510801149472,3.4789569489221073,4.698493321929109,7.793328508454533
2019-05-30,0.2098471390661771,17.3,2.22,0.16,0.8865932206371686,1.9588606351073956,3.6853689750420804,4.878689113557044,8.06458206744869
2019-05-31,-1.319537280847849,18.71,2.14,0.19,0.9192601309087176,4.406881634656168,4.902506449802613,6.893016399824159,9.528861458364247
2019-06-03,-0.2765240314473227,18.86,2.07,0.25,0.8709711387048665,5.184282163211673,5.291405319346976,8.011810412473984,9.45872916282482
2019-06-04,2.1432370568193138,16.97,2.12,0.24,1.0331815526547268,2.9412061841142645,4.083801405898524,6.055071008206259,6.46209252343235
2019-06-05,0.8161854781411959,16.09,2.12,0.29,1.0000702913557558,1.8997642517953217,3.5493537873048764,6.003579848150209,5.978458712965096
2019-06-06,0.6135586748687638,15.93,2.12,0.24,1.0123691039540874,1.6933382044288958,3.892749465846612,5.166887254028629,4.6815750238152765
2019-06-07,1.049769746289475,16.3,2.09,0.24,1.0399592689553168,0.4747051222933507,2.683979991504959,3.5711005360516523,3.887111792890563
2019-06-10,0.4660044466909818,15.94,2.15,0.25,1.041892962115084,0.10184331150266956,2.0306754557619433,3.218170835938916,4.113304362990489
2019-06-11,-0.0349880235580912,15.99,2.15,0.22,0.8721533324162183,1.1099493236369273,1.0971235057732232,3.7200455604184945,4.6380137105963115
2019-06-12,-0.20375791387226,15.91,2.13,0.25,0.8605033456682151,1.6188354778067682,1.178535625952426,4.169322620503468,4.299885764666755
2019-06-13,0.4097381912668174,15.82,2.1,0.27,0.856037762670406,2.1627879468332223,1.1509050411945942,4.223559346604389,4.641664240013044
2019-06-14,-0.1611511904139773,15.28,2.09,0.25,0.8353672593373983,2.1988368779212397,1.8974855962797799,4.4101472549422205,4.641181828099072
2019-06-17,0.0931749241230628,15.35,2.09,0.23,0.8231659585542589,1.9268697562911052,2.583691503476504,3.9578955479208977,4.274190932003874
2019-06-18,0.9717399870633026,15.15,2.06,0.2,0.8285794968112076,-0.012685020563774074,1.8939254482263745,2.2849771870447677,2.146512991603089
2019-06-19,0.2985163546397107,14.33,2.03,0.29,0.8126806029379212,-0.4332856697127796,2.3701027298407507,2.345842670008169,0.9260368505971339
2019-06-20,0.9472185190685156,14.75,2.01,0.29,0.8277686058845907,-0.9904613274308915,1.226397217065589,0.7592691136045326,-0.7491040940153515
2019-06-21,-0.1259222792519332,15.4,2.07,0.3,0.7675010791587344,-0.2948676235928427,0.8639327620726611,1.1716840362880454,-3.583169136432973
2019-06-24,-0.1731887010466781,15.26,2.02,0.3,0.7724865109695298,0.6444049039824984,1.1638611377142505,2.041179182560149,-2.1586594468207765
2019-06-25,-0.9496397343734198,16.28,2.0,0.29,0.7808449135389742,1.90685235340331,2.594457649920612,3.5024638506364836,-1.1448595549905738
2019-06-26,-0.1233933755707683,16.21,2.05,0.28,0.7565218442440611,2.815587938609676,2.9559500698919994,3.084992404173237,0.8343134467709623
2019-06-27,0.3823175554131808,15.82,2.01,0.27,0.7572321567797862,2.239035323483063,3.0376933396280004,3.4510409940443187,-0.21436551080791233
2019-06-28,0.5757452627909831,15.08,2.0,0.25,0.664559479083381,1.1622274180338232,2.4658720909147114,2.692604450211822,-2.0076436690175337
2019-07-01,0.7672301032188189,14.06,2.03,0.25,0.6548439409646364,0.5161302649931976,1.3395930915566678,1.6479222025950202,-1.2822461994403844
2019-07-02,0.2928125887423194,12.93,1.98,0.21,0.5080941855943811,0.6747390196419234,0.3837831716642093,0.24789264155400392,-4.453732468926852
2019-07-03,0.7672378673070135,12.57,1.96,0.19,0.5055662499052189,0.13651833743937303,-0.023698383791437294,-1.410632441245685,-4.947559176486116
2019-07-05,-0.180590159841032,13.28,2.04,0.17,0.5102416174903807,0.7811674020768988,-0.46146866460078373,-1.9515673434911784,-3.4018741061820568
2019-07-08,-0.4835444424841517,13.96,2.05,0.17,0.4993705201824304,1.2886674267202691,0.3051152833206894,-4.409011007924779,-1.7574236692902145
2019-07-09,0.1236556965340085,14.09,2.07,0.15,0.4947810424693348,0.8192345093196218,0.8672247529694532,-3.2842959404367322,-2.6553590935325833
2019-07-10,0.4510689607592599,13.03,2.07,0.25,0.4966506520609741,-0.28900581298841876,0.8850441061974745,-3.6447555653256747,-2.2933020327310705
2019-07-11,0.2285226738359957,12.93,2.13,0.28,0.4882239515639563,-0.15999829421958767,0.1253374226488635,-2.0607226893450514,-2.565409068680513
2019-07-12,0.4620174547884881,12.39,2.12,0.28,0.4895128149218538,-1.2330042394925411,0.4011615953530834,-3.1561836693264067,-5.529947906751609
2019-07-15,0.0175869191557431,12.68,2.09,0.26,0.4840156519733193,-0.9710386841757512,0.2212759767427075,-4.3658592550337545,-4.509178376866208
2019-07-16,-0.3403778522185874,12.86,2.13,0.26,0.4993259748061559,0.047600285683002674,0.3042533541256498,-2.5871815852154922,-4.489957696942648
2019-07-17,-0.6531243569450895,13.97,2.06,0.23,0.49855831199434,1.1774528262990858,-0.1353709989967311,-4.819021048766947,-3.2327883808031754
2019-07-18,0.3581997784064761,13.53,2.04,0.27,0.4998963996262761,0.285792980762678,-1.3872628163206224,-4.925027944718819,-2.354839280268939
2019-07-19,-0.617673452276668,14.45,2.05,0.25,0.4854010542706561,1.654566712556682,-1.4970068966252636,-2.9540373985160406,-1.6848073706170585
2019-07-22,0.2828694915066654,13.53,2.05,0.25,0.4866983412730347,1.20400602518278,-4.699786524276462,-2.056264973909938,-2.638499746824241
2019-07-23,0.6847482673755456,12.61,2.08,0.25,0.5026672730760173,0.25653095897331113,-4.115827220956591,-3.4922977757433804,-2.252224845567663
2019-07-24,0.4688147952890187,12.07,2.05,0.22,0.4429574949741255,-1.2975458351868863,-4.490060654337236,-3.1504631504971403,-1.4425961977400648
2019-07-25,-0.5262401280453521,12.74,2.08,0.22,0.4657283530567079,-1.6682879472312284,-2.1833235904775483,-2.6873782007557523,-0.830982151391646
2019-07-26,0.7387691099234761,12.16,2.08,0.22,0.4815160040881348,-3.1002774504892527,-3.5431315815016906,-5.907411236942506,-1.5674940049248631
2019-07-29,-0.1616114607134511,12.83,2.06,0.21,0.4770939996747305,-5.833556181550947,-4.577007413915735,-4.720010105146388,-1.3763817094588071
2019-07-30,-0.257865491482756,13.94,2.06,0.21,0.4602533784711505,-4.3611704276095065,-2.882664336409435,-4.779668748584632,-0.40654724503396134
2019-07-31,-1.0885526112695776,16.12,2.02,0.13,0.5260219858431856,-3.2344837280534944,-4.689998948199325,-3.1016160704660956,0.9794115748535726
2019-08-01,-0.8998793869673061,17.87,1.9,0.17,0.5323786057161939,-0.5237736966991036,-3.5875336487299903,-0.981188121921861,1.8225406938229938
2019-08-02,-0.7282739927037873,17.61,1.86,0.14,0.5521051239227781,-0.45702311560918973,-1.4791738362322393,-0.19065458629738963,2.247912246099504
2019-08-05,-2.97778200029859,24.59,1.75,0.16,0.8469694138780149,1.334391229701537,2.773888382778833,2.1629403568726557,5.658160727871597
2019-08-06,1.3017017169932643,20.17,1.73,0.13,0.9108125932516192,1.545926584223789,0.6502944408250277,1.9435974899459252,4.336222533046685
2019-08-07,0.0766876233190716,19.49,1.71,0.12,0.9013289217993132,-1.5041672655941807,1.4025739237378376,3.190730176854162,4.258353366717471
2019-08-08,1.8762303409984196,16.91,1.72,0.1,1.0095885628650134,-3.0798916141928645,-0.5153053945197383,1.3825264655529024,1.8372472883397606
2019-08-09,-0.661660635492356,17.97,1.74,0.11,1.0079788029091108,-1.0268436333888076,-2.4511262849452042,2.0482082914045296,2.5056149041513542
2019-08-12,-1.2317322177972212,21.09,1.65,0.07,1.0350438974793477,1.4205415709403812,-0.14986188061713035,3.3541451779240283,2.910471013477056
2019-08-13,1.5131688322181258,17.52,1.68,0.02,1.1041688228942244,-0.881997115517863,-1.9533118358459944,2.5496139020458886,2.000808095505091
2019-08-14,-2.9292752911742603,22.1,1.59,0.01,1.2667791469261636,2.9511311378726646,1.6665437626739665,5.948389949100541,4.8236293325591095
2019-08-15,0.2464268027652094,21.18,1.52,0.04,1.2642499934011588,2.6460826988186525,2.7033283406651565,5.6113846552186875,4.01004135026668
2019-08-16,1.4426124657807904,18.47,1.55,0.07,1.315160921952272,-1.439059542852883,1.3078648445283836,3.783043877582104,3.0484532962340216
2019-08-19,1.2105865492430643,16.88,1.6,0.07,1.3468952732370842,-1.5484076768206512,-0.5944584130462283,2.806425241351551,0.5677867805903514
2019-08-20,-0.7914727601131322,17.5,1.55,0.05,1.342347798125167,-1.080847766451365,1.2849471095002674,3.6621135712511244,-0.4447460033000894
2019-08-21,0.8246798595579641,15.8,1.59,0.03,1.3535584943094865,-1.2477642168675196,1.763422942756021,2.8162790474405286,-0.47188850992181397
2019-08-22,-0.0506074860176175,16.68,1.62,0.01,1.3507974093863664,0.055769923548343314,1.9076621460203391,2.3647383069213435,0.9942030852118977
2019-08-23,-2.5946336754618105,19.87,1.52,0.01,1.440940547163271,2.787031429124376,4.612390082014151,5.081290024501395,3.2201048846558944
2019-08-26,1.0982987735216332,19.32,1.54,0.0,1.4741927648738735,0.9689526002210069,3.5092661107305467,3.064926049912131,0.5100152300574035
2019-08-27,-0.3203180635808267,20.31,1.49,-0.04,1.474318654640516,2.3916449166143217,4.592634205403123,4.032894945651733,1.7510348594490965
2019-08-28,0.6545480165679685,19.35,1.47,-0.03,1.472675570255937,3.0492344155491846,4.21165707808655,3.1053338227519323,1.7379149990844889
2019-08-29,1.2687291793508804,17.88,1.5,-0.03,1.4940084296188296,1.8508599992653973,2.8315112679771826,1.2723180745099372,1.5622735635792306
2019-08-30,0.0642787259121702,18.98,1.5,0.0,1.4852378190941191,1.7758647443266495,2.443224952823031,1.7181177931020475,2.5075042004524706
2019-09-03,-0.689910050906084,19.66,1.47,0.0,1.3229768269545936,2.515935290096305,3.4212213927962143,1.1691955750977145,3.013234718708646
2019-09-04,1.0842079212828093,17.33,1.47,0.04,1.3135729743957905,2.149578992095713,2.3470086420451564,-1.7077494357876866,2.189892031935603
2019-09-05,1.300981364226672,16.27,1.57,0.02,1.3404585065692125,1.1280264905703774,1.034611527637752,-2.1965765183972086,0.4821209270687188
2019-09-06,0.0910605153729759,15.0,1.55,0.02,1.2785738324858649,0.9628306218708804,0.44851991624150767,-0.8963595489999254,1.080551011890618
2019-09-09,-0.0094010259658494,15.27,1.63,0.05,1.2670209075497854,0.6557155865714037,0.4482260104368807,-1.3308989463548748,0.7292978354278556
2019-09-10,0.0322304354821945,15.2,1.72,0.05,1.2275278229050826,0.8830686664840659,-0.4292756363890038,-2.8975675254664712,0.9835416993394963
2019-09-11,0.7229681189480308,14.61,1.75,0.07,1.1943676361982305,0.19327505007602497,-0.5351612606411371,-2.7168254892343424,0.4512447000202924
2019-09-12,0.2879153101061016,14.22,1.79,0.07,0.9523933828029726,-0.0923729713457111,-1.0616118065425728,-2.373767146940642,0.5707938222399678
2019-09-13,-0.0724414362094694,13.74,1.9,0.11,0.955888255660962,-0.5094059887797431,-1.5162601173914658,-1.2342886813073606,1.2054280678765794
2019-09-16,-0.313558666400282,14.67,1.84,0.1,0.923355967632078,-0.2061378978087669,-0.7078136792890821,0.06274621641311207,1.4392557090740832
2019-09-17,0.2581752370019785,14.44,1.81,0.09,0.8919717429346564,-1.300856843690612,-2.1775277717377084,-0.3944902879632117,1.5072086799803097
2019-09-18,0.0342691989755561,13.95,1.8,0.03,0.865184102155811,-0.7270311409154795,-3.961774879043334,-0.15351363190209133,1.1656978676731988
2019-09-19,0.0019974721421567,14.05,1.79,0.05,0.8525639176898758,-0.9701349777018198,-3.198100133389503,-0.5468330032801672,2.1411521801184996
2019-09-20,-0.4895576515783095,15.32,1.74,0.05,0.8633764451157476,-1.0120093649236606,-1.3388743471410725,0.6292089681123381,3.0238532600183277
2019-09-23,-0.009693591923765,14.91,1.72,0.04,0.5837223566998487,-0.5027120615560321,-1.7711860402660595,0.2798176096825866,2.9116737958471584
2019-09-24,-0.8416371322106486,17.05,1.64,0.04,0.5963390314899274,-0.8882254698591607,-2.4789333459740326,1.4189083636362954,3.8580771031138994
2019-09-25,0.6158571742003405,15.96,1.73,0.05,0.593989759046895,-3.258433564850338,-2.193402468896666,0.9917132256619166,3.5041816113015933
2019-09-26,-0.2428916406865711,16.07,1.7,0.04,0.5917020975213,-2.249791166721282,-1.3262348056776396,1.6499213890473152,4.0218827520607014
2019-09-27,-0.5316352490240539,17.22,1.69,0.06,0.5486811851985498,-0.3302067049955615,0.28631268107830454,2.763591419773692,4.741482826681875
2019-09-30,0.5047606675254723,16.24,1.68,0.05,0.5574356885247304,-1.2748829691667796,0.7760529043174591,2.162374974228265,4.289597148084434
2019-10-01,-1.2258373372913245,18.56,1.65,0.09,0.6073761661786357,-1.6049635713374588,1.82272788977762,3.7667586678037823,5.672262041432741
2019-10-02,-1.7903202985502964,20.56,1.6,0.12,0.6871032613668269,1.100903298550171,3.965359878678365,5.338991573676677,8.426645917533726
2019-10-03,0.797191259701524,19.12,1.54,0.15,0.641376179913236,0.944812673105222,2.738858569679592,5.515648268128315,7.623238047595704
2019-10-04,1.4216897585460186,17.04,1.52,0.12,0.7265794374907366,0.6185619190049785,1.9947910610488506,4.42193171656049,6.051734466771452
2019-10-07,-0.4478294673592398,17.86,1.56,0.1,0.7321211035382321,2.0774205543293567,2.087985762293143,4.767297544723315,6.128660025440635
2019-10-08,-1.5560819201407838,20.28,1.54,0.12,0.8037284940202649,3.4836020042537053,3.9969227607390856,6.498093864754018,7.635582492979798
2019-10-09,0.91044925499415,18.64,1.59,0.12,0.8153791429406617,2.833265071499391,3.2565448292439125,5.82535761801386,6.896445075183832
2019-10-10,0.6415695380997066,17.57,1.67,0.14,0.8287462446770891,1.7772541739059955,3.0161575256238304,5.4199994772734295,7.012388943510461
2019-10-11,1.0938977513132997,15.58,1.76,0.13,0.8719408179512339,1.3677686460592309,2.470206225024363,4.442450845482249,6.086860395461935
2019-10-15,0.995567664113728,13.54,1.77,0.16,0.9004543160415406,0.010350190969155015,1.3756463266397567,3.486487258141535,5.479591267169681
2019-10-16,-0.1999542798650888,13.68,1.75,0.17,0.8995550290231059,0.49604067363668847,1.9092306976204787,3.780623669621419,5.266975274028818
2019-10-17,0.276283157367807,13.79,1.76,0.16,0.9018902907846564,0.41161754170717657,1.3212397827519373,4.291127394799021,4.070883506831735
2019-10-18,-0.3919344949506964,14.25,1.76,0.18,0.9060488136803714,1.2172693808391921,2.702764793289436,4.754169499170979,3.7868274613813036
2019-10-21,0.6871616056117524,14.0,1.8,0.18,0.9123761328197856,1.0875622435909005,2.379671187383381,3.9775986239281025,3.7303354290347146
2019-10-22,-0.3568666378412577,14.46,1.78,0.18,0.9165708116018444,1.3651548395376967,2.624512338473206,3.9580311365492005,4.258019074424424
2019-10-23,0.2847148797118448,14.01,1.77,0.19,0.89533085717685,1.4062146274729015,2.405043377840377,3.4988148068688663,4.911792113001434
2019-10-24,0.192044635873323,13.71,1.77,0.19,0.886813321127943,0.905893424799098,2.4877965779485756,3.5251036648177303,4.3795195841698
2019-10-25,0.4072700506109195,12.65,1.8,0.17,0.8873084879062387,1.4676303970036164,2.333461089394362,3.879227796758644,3.8421043392690812
2019-10-28,0.5581337868471481,13.11,1.85,0.21,0.880846613851847,1.278207640104001,1.9247005477151413,3.5294690073087276,3.5660564372451686
2019-10-29,-0.0832405314799111,13.2,1.84,0.2,0.8778423125563134,1.2423968581009026,2.0821972613624284,4.048255265674627,4.541179387167116
2019-10-30,0.325337015914573,12.33,1.78,0.17,0.8201726231035106,0.9849778477944326,1.8363331360567559,3.29483850817327,4.209734332513793
2019-10-31,-0.3022860563304697,13.22,1.69,0.17,0.6880995985415744,1.567701448804315,2.9311599605521987,2.7137880763949296,5.272828218400072
2019-11-01,0.966231216814606,12.3,1.73,0.17,0.6960036887550303,0.8533072951472986,1.9974191639440253,1.0555340650018286,4.300342906934773
2019-11-04,0.3704089049704651,12.83,1.79,0.19,0.6421495133516251,0.6383336777724846,1.5607858650181328,1.3192699546565434,3.8705082386166323
2019-11-05,-0.1185699214361291,13.1,1.86,0.23,0.6282362817029767,0.8294947861009039,1.2994154785143985,1.591731545153352,4.457552403365028
2019-11-06,0.070249722796678,12.62,1.81,0.2,0.4693687871976211,0.8430514185441496,1.0680835561905022,2.447876249524139,4.900379906243146
2019-11-07,0.2730095185150327,12.73,1.92,0.24,0.4480606251517388,1.3424134762320517,1.0121274156579707,1.845803177925176,4.705383036870492
2019-11-08,0.2560676090024305,12.07,1.94,0.26,0.4401106214012221,1.1344316805085075,1.510519326629578,1.4742423776293423,4.417539062571008
2019-11-12,0.1564646084632137,12.68,1.92,0.26,0.3947917324196626,0.9166012130121137,1.574464728343572,1.6103612575851134,4.789051827055157
2019-11-13,0.0711534590838391,13.0,1.88,0.25,0.3506488929264158,0.466054792211712,1.925955805279611,2.408825624617883,4.718102501122812
2019-11-14,0.0837042739364468,13.05,1.82,0.24,0.3403955679782967,0.22315086114599314,1.4322053114067756,2.3306035511766465,4.0256718099218824
2019-11-15,0.7695488006902673,12.05,1.84,0.23,0.3642918920493093,-0.3259109875566324,-0.21118180756984906,2.2749848138748474,3.535378429474445
2019-11-18,0.0503152861766942,12.46,1.81,0.21,0.3382645496161728,0.3718690458549112,-0.923440128841202,2.2578255036916017,4.350376744773454
2019-11-19,-0.0592594446206073,12.86,1.79,0.19,0.3264961043409874,0.6518882992728292,-0.2378042945459069,2.274226566805293,3.6751138885547707
2019-11-20,-0.3756184245747196,12.78,1.73,0.17,0.3281890097994934,1.4531286374162233,0.28856639029768427,3.1176260099156305,4.433708977799045
2019-11-21,-0.1582752210685156,13.13,1.77,0.17,0.3366400317782013,1.2063624420827201,1.3652110980876486,3.7917967920327866,4.306046994595669
2019-11-22,0.2174935691191759,12.34,1.77,0.16,0.336765333806385,0.11510431760501927,0.8253224475083698,3.656249715457438,4.589925954579255
2019-11-25,0.7507291353015866,11.87,1.76,0.15,0.3574157410664331,-1.290510166851977,-0.03573713270395018,2.8637620566076993,4.501476347931455
2019-11-26,0.2195570387465428,11.54,1.74,0.16,0.3469813346047494,-0.8839303552590883,0.035340111648651806,3.1647590832093897,3.9748219195759438
2019-11-27,0.4174424362754614,11.75,1.77,0.14,0.3454920981239618,-1.1478820444075222,0.4737456867814682,2.739387306975427,4.264926608319963
2019-11-29,-0.4011219709926239,12.62,1.78,0.17,0.3689243439096725,0.15695520733276513,0.8857130109827471,2.5568471971529005,4.526291882120881
2019-12-02,-0.8631020716408422,14.91,1.83,0.22,0.4234266447096954,0.7094015780578777,2.4914280642651665,3.7544890348532034,5.633501567928034
2019-12-03,-0.663809511563529,15.96,1.72,0.19,0.4116865083391333,1.271177711757021,3.2109165242210747,5.322971326893877,7.229086737091106
2019-12-04,0.632356747139462,14.8,1.77,0.19,0.4262157539107656,0.9274686437856783,2.5180188182384544,3.922245451226325,6.966811021136299
2019-12-05,0.1500251179130218,14.52,1.8,0.22,0.4243075236192443,1.6404582569667037,2.8209193943484534,4.133215516681643,6.523325684335468
2019-12-06,0.9135724328457328,13.62,1.84,0.23,0.4634054569712746,0.7276157728052013,2.3939038528681955,2.9012280097382437,5.589482623573372
2019-12-09,-0.316282139344648,15.86,1.83,0.2,0.4719548814038283,1.769473811068245,2.8077542419196577,3.7337877188846402,6.045360287965029
2019-12-10,-0.109693409644862,15.68,1.85,0.2,0.4723714374779672,1.9153907916278134,2.9005357576245006,4.538835530312113,5.201880599513609
2019-12-11,0.2908158040315856,14.99,1.79,0.18,0.474552255500167,1.5759338818518431,3.128313422104667,3.9380900824953047,3.246722364019705
2019-12-12,0.8575225775086182,13.94,1.9,0.24,0.5052776098283789,1.161408712264289,2.254958849903854,3.7733050516073785,3.398060309606743
2019-12-13,0.0072581784144931,12.63,1.82,0.21,0.5058578019013753,1.6542514853338686,1.656462680685289,3.6086168818986852,3.300929433976374
2019-12-16,0.7147785279833618,12.14,1.89,0.24,0.502271775622408,1.0202277676889082,1.232357665848971,3.0656939443684195,2.889281121380005
2019-12-17,0.033529222633799,12.29,1.89,0.26,0.5023973380856204,0.9666302197779642,2.0463482679927703,3.893163967715707,1.0336661884064569
2019-12-18,-0.0432300171864796,12.58,1.92,0.29,0.5021209548269705,1.5282946274050468,1.3697364123642863,4.3395222168557845,1.8106391835487345
2019-12-19,0.4459292004863613,12.5,1.92,0.3,0.4935150282207437,1.0809953633108993,1.2762929276095791,3.600829784245785,2.877045936400102
2019-12-20,0.4944781081796634,12.51,1.92,0.29,0.4933066878895522,0.002175211876598304,0.49546324320144386,3.1208681869351107,3.5225775245133706
2019-12-23,0.0866143600212199,12.61,1.93,0.29,0.493754530454921,0.2099875468979162,0.9007428318937194,3.1491846796175116,3.7769739908499744
2019-12-24,-0.019544819997963,12.67,1.9,0.28,0.4767121734209613,1.0693810874588205,1.592119769469913,2.236475082413314,3.2366671604951103
2019-12-26,0.5128166675301138,12.65,1.9,0.26,0.4836711140150486,-0.1561714550831872,0.7852127447059543,0.11481710306884274,3.4624473773782194
2019-12-27,0.0033984717125346,13.43,1.88,0.29,0.4807901089036117,0.19320898413863752,1.4848631487224484,1.1178934230278381,3.6336189208417524
2019-12-30,-0.5780822450430323,14.82,1.9,0.32,0.4926823910015597,0.493277301498396,1.9203444126767666,1.6176706427967424,4.909831470978077
2019-12-31,0.2946021661910603,13.78,1.92,0.34,0.434782138775821,0.6893078244047501,1.8110180586438096,1.6367528068448767,4.431125326119201
2020-01-02,0.8378802677341701,12.47,1.88,0.3,0.4093407147956877,0.5172077600423375,1.8097812720087036,-0.99237463836227,3.754310689160145
2020-01-03,-0.7059870562045378,14.02,1.8,0.27,0.4524628652861815,0.9428566727743615,2.9296572227539786,0.43494516883311185,4.186900082460676
2020-01-06,0.3533372890727193,13.85,1.81,0.27,0.4537164188057364,1.2891633851035866,2.295242834665867,1.580580175791657,4.308620075427361
2020-01-07,-0.2803238652896223,13.79,1.83,0.29,0.433490715201578,1.4200622663512963,2.6124611589481317,3.0121899871103475,4.202733604590625
2020-01-08,0.4902451368978155,13.45,1.87,0.29,0.4258666874411989,1.1140311304903117,2.228369964996091,2.850554989221732,2.6037088240430384
2020-01-09,0.6655262605488987,12.54,1.85,0.27,0.432918971067103,1.2859226203856045,0.6342571790071361,1.618774561212999,-1.4905200269198504
2020-01-10,-0.2855178689662563,12.56,1.83,0.27,0.4471212858815714,1.9682428410166874,-0.6651726214392584,2.6563764264246448,-4.199860125785149
2020-01-13,0.6976215252569862,12.32,1.85,0.27,0.4359266652010428,0.9932745181606251,-0.3616004538103734,2.1173165193812293,-5.223029392241552
2020-01-14,-0.1514532772802224,12.39,1.82,0.24,0.4407744551484228,1.1757031754381808,-0.29697090568540085,2.933160278773106,-9.271276110811455
2020-01-15,0.1870196884512287,12.42,1.79,0.23,0.4223825440360941,1.1020615260286526,-0.1711654152191877,2.573500704969023,-10.186698782418002
2020-01-16,0.8366553026468271,12.32,1.81,0.23,0.4479363124017326,-0.6433919191523474,-2.7523444951564446,1.909963259773817,-6.831264803299186
2020-01-17,0.3862162248501333,12.1,1.84,0.26,0.4463520075907309,-2.582583938964045,-2.4237057824082253,1.2214583178741467,-9.798415089934743
2020-01-21,-0.2651977647365577,12.85,1.78,0.25,0.4551065299268325,-1.3415497006460164,-0.6986274621091582,1.968202220327675,-5.741703619685334
2020-01-22,0.0289076071118055,12.91,1.77,0.24,0.4499452394809501,-1.4555610041770417,0.389551935162169,1.5497849166478117,-8.965456719914256
2020-01-23,0.1140976612478361,12.98,1.74,0.23,0.449768172072554,-1.2593481498100578,0.6086226596772493,0.36715723744347173,-10.619926920938937
2020-01-24,-0.9042160974207404,14.56,1.7,0.21,0.5077215852287026,-2.122609272538778,0.9783123657927106,-2.111385591238013,-16.656498678161558
2020-01-27,-1.5730711659182384,18.23,1.61,0.17,0.6223298975956325,0.16309009515944606,3.3437910303156793,-3.558356719013933,-11.141835394314114
2020-01-28,1.0053584595046017,16.28,1.65,0.2,0.6610970892983724,0.6516646436124374,2.4879132788985014,-4.879071683781522,-16.325425152496663
2020-01-29,-0.0866874190868394,16.39,1.6,0.18,0.6451646810205323,1.8723663741364582,3.239752306224264,-9.001035662253297,-24.218245048458975
2020-01-30,0.3134358792605374,15.49,1.57,0.16,0.6455045988385187,1.8917950960273267,2.749372094349467,-10.03270588989289,-17.43907432272026
2020-01-31,-1.770582037552626,18.84,1.51,0.18,0.7413916269882073,3.1681694978628716,4.794262371392666,-4.194363645033638,-26.023404959078057
2020-02-03,0.7254613892351713,17.97,1.54,0.18,0.7435409753818074,3.175521973348072,3.7357066380834247,-7.557890332544437,-22.152899972166264
2020-02-04,1.4980414164082134,16.05,1.61,0.2,0.8111799709990252,1.8243599266716926,2.685591965427525,-5.07855634689427,-27.277192321067233
2020-02-05,1.125059589785371,15.15,1.66,0.22,0.8385882535738631,1.3422540191772248,1.1557308097509766,-9.318707449873365,-27.747708635181965
2020-02-06,0.3325672876785646,14.96,1.65,0.21,0.8359765176258457,0.8416546175419981,-0.24000469924984058,-11.16062349705187,-31.10963955513284
2020-02-07,-0.5400853672730133,15.47,1.59,0.18,0.8398463172749417,1.576157531382294,-3.059763908351243,-17.46395897375703,-32.76457598145313
2020-02-10,0.7326397804890528,15.04,1.56,0.19,0.8471158877031257,0.5429433784498228,-6.678821901651421,-14.016929590264848,-26.990921665084667
2020-02-11,0.168847255323512,15.18,1.59,0.18,0.8368075163202746,0.8458015737845104,-7.188150023732431,-18.356641119425234,-26.273246710036503
2020-02-12,0.6462646466197652,13.74,1.62,0.18,0.8427724995928513,-0.18405275393909015,-11.856661503961764,-26.596341759169274,-22.174611065112604
2020-02-13,-0.1630445736802377,14.15,1.61,0.17,0.8455508579171982,-1.0726314645413182,-12.440054594694027,-19.64824310413471,-24.673526653119772
2020-02-14,0.1843533320433854,13.68,1.59,0.17,0.8293047934603452,-4.563985833290896,-8.577402820557555,-29.407781144784828,-22.292140885589074
2020-02-18,-0.2919942636890105,14.83,1.55,0.14,0.8307605905125716,-7.18276692270493,-10.886894529025914,-24.95631200602001,-23.312532217269677
2020-02-19,0.4705785881164548,14.38,1.56,0.14,0.8317057679490281,-7.966570221209313,-7.561088331589739,-29.179151342461672,-27.04103269940814
2020-02-20,-0.381551976362815,15.56,1.52,0.13,0.838608605507276,-11.694132122242939,-10.354765049668014,-28.573210053015398,-25.089605008413727
2020-02-21,-1.051810302712286,17.08,1.46,0.12,0.8758312245152527,-11.490675733559296,-10.946891852670259,-30.94390167403195,-25.439295862669475
2020-02-24,-3.351362667122315,25.03,1.38,0.12,1.1424049622660746,-4.205348496905947,-14.858840504357584,-30.64239707959704,-17.428057982728706
2020-02-25,-3.027999556505612,27.85,1.33,0.13,1.279247139243049,-3.990775725059925,-7.8632823097025355,-21.765798693654403,-14.986207917055228
2020-02-26,-0.3778540605322011,27.56,1.33,0.17,1.2492190622492387,0.4405810916687347,-12.03347535745558,-20.563211153731164,-11.757511888419481
2020-02-27,-4.416324258407911,39.16,1.3,0.19,1.5578580508577506,1.5167362087749714,-16.722398432718776,-11.705875608075134,-6.342905799286491
2020-02-28,-0.8238340444361891,40.11,1.13,0.27,1.5489184287416102,0.6143803326891017,-8.232289862761732,-13.971539157314794,-6.5191519182909
2020-03-02,4.603922900611002,33.42,1.1,0.26,1.8944105917796368,-11.12117622465334,-22.784715121734955,-15.001475005257737,-7.901351142738033
2020-03-03,-2.8107896121075893,36.82,1.02,0.31,1.96741092177318,-4.033473464542292,-15.788269752956596,-13.943670375499417,-7.325437797578315
2020-03-04,4.220259077449118,31.99,1.02,0.35,2.1857677432004285,-12.419339188947609,-23.386323595434135,-21.073316438098455,-10.560938749417769
2020-03-05,-3.3922077046888544,39.62,0.92,0.33,2.2693424026069087,-17.966628284802145,-20.32282587405938,-16.436835674433304,-4.939909049352142
2020-03-06,-1.7053852000370129,41.94,0.74,0.25,2.2774569630000885,-8.792649883842296,-22.45515090644401,-16.27388904385342,-5.019906646730455
2020-03-09,-7.5969697477450975,54.46,0.54,0.16,2.767310916948436,-13.12296720595988,-18.538103860386457,-3.017597474113143,-0.364091801623323
2020-03-10,4.939630628156144,47.3,0.76,0.26,3.045326566050862,-12.248850419808765,-15.089007653477404,-7.730821963177858,-2.876936345708081
2020-03-11,-4.886844513127397,53.9,0.82,0.32,3.175759526245809,-12.522153070010312,-9.696570179322773,0.3137141886160766,2.058093676449535
2020-03-12,-9.51126809783366,75.47,0.88,0.38,3.67778309707073,-2.8722427714387266,6.023856031193087,12.463726666103048,14.355170967042508
2020-03-13,9.28712497297184,57.83,0.94,0.45,4.392038969707143,-14.979605267779139,-6.254105377556051,1.866819976121059,6.177009381378729
2020-03-16,-11.984055240393443,82.69,0.73,0.37,5.018126816743523,-6.23310497639149,10.0799215190982,19.275152584700717,20.001426292984714
2020-03-17,5.995484974402432,75.91,1.02,0.55,5.2940384717026125,-3.236604018586875,2.1904304448392864,10.049469272928736,16.2233789420827
2020-03-18,-5.183076272915788,76.45,1.18,0.64,5.345768265825029,3.2300553681309907,3.0190525580858774,16.740333381589334,21.44738805886579
2020-03-19,0.470780804058557,72.0,1.12,0.68,5.359144977621304,9.159172471878962,4.87716870264967,19.306554221404014,17.486587357953454
2020-03-20,-4.335951230846192,66.04,0.92,0.55,5.39391876950356,10.262831544954377,7.971208835719135,22.484077876892037,23.333568479110944
2020-03-23,-2.929386782180443,61.59,0.76,0.48,5.387917984645793,17.39742634261532,19.052473759846578,22.30983186005835,28.20416852621941
2020-03-24,9.382773976227554,61.67,0.84,0.46,5.912796914955885,5.608561386651423,8.665763391706328,14.382203022585905,16.388874036038903
2020-03-25,1.1535011448222,63.95,0.88,0.54,5.9318801010114335,-0.20440055882240404,11.085165190089752,13.016852049932659,16.385378387584737
2020-03-26,6.241416330387684,61.0,0.83,0.53,6.083348762064247,-3.9227154917580553,6.073982663878286,7.857962582872169,11.396273585050176
2020-03-27,-3.3687352562252526,65.54,0.72,0.47,6.118244230754119,-2.078327462777829,8.66269972288778,13.26043642657666,15.295084151459836
2020-03-30,3.351600948370015,57.08,0.7,0.47,6.068708234409273,1.409781686696543,8.35323185073964,9.013001314835778,9.269229775407162
2020-03-31,-1.6012721914555603,53.54,0.7,0.47,6.051868191279169,2.894842960564503,7.690581979035294,13.732155189245576,9.108210745383637
2020-04-01,-4.414243033166542,57.06,0.62,0.39,5.999717339589691,11.31268894834041,13.31916813714329,17.88827895732139,15.46245699251163
2020-04-02,2.282934723487151,50.91,0.63,0.4,6.0150233649996565,10.404850851898061,13.758366761086904,12.023034957259693,13.328586878955395
2020-04-03,-1.5137125124949469,46.8,0.62,0.39,6.013524244859099,10.96899890224272,13.44142498511307,14.228200099867493,18.695277681583743
2020-04-06,7.033131865275055,45.24,0.67,0.4,6.021629426519839,6.8469234905709,2.7360692284164934,7.687110126609986,9.733151745673151
2020-04-07,-0.160305278443118,46.7,0.75,0.47,5.909291039174674,4.660815722619671,5.260570995368274,7.1072161123031385,11.739453699519032
2020-04-08,3.405645287963033,43.35,0.77,0.5,5.856363401423218,1.8025610626781985,1.7389242357765733,4.771306041112888,7.219326348078914
2020-04-09,1.4487410153376512,41.67,0.73,0.5,5.396505552777786,3.037471527122837,1.681826093630212,5.017527189524751,5.9369378222984714
2020-04-13,-1.0104660822607414,41.17,0.76,0.51,5.014648363576359,2.2280331509960005,4.231200508927269,6.103644070583614,8.33348951469095
2020-04-14,3.0572589146256046,37.76,0.76,0.53,4.140872213049845,-3.847424079100603,0.6089061238200744,0.8453812673804517,6.678349026572006
2020-04-15,-2.203043852941577,40.84,0.63,0.43,4.020765694579954,0.573046625528062,5.610122165916476,1.3163906632284172,8.85152705860548
2020-04-16,0.5816689462164515,40.11,0.61,0.41,3.787609851089676,-0.06251004516717451,4.032072327471026,1.8913736224876576,8.742833866037913
2020-04-17,2.679359484822341,38.15,0.65,0.45,3.808306934565516,-1.3156819683175058,-1.5254542177734587,-0.37780067907807746,6.302526932195329
2020-04-20,-1.788104803401469,43.83,0.63,0.43,3.661834294573948,1.9595088511313419,0.693551861551156,4.631335243858303,9.12665822239893
2020-04-21,-3.0674795694063395,45.41,0.58,0.38,3.669916288592169,4.634644636651952,4.819184669393661,6.810736063592082,14.116630014408171
2020-04-22,2.2930247703843776,41.98,0.63,0.41,3.127484778508402,5.00837521522377,1.7543559753406157,6.155089833624294,11.182756911885573
2020-04-23,-0.0539422119743115,41.38,0.61,0.39,3.1303298823623558,4.097143498889899,2.980552259731817,5.386730942428342,14.158620197980909
2020-04-24,1.3918057304545428,35.93,0.6,0.38,2.8505269165760976,-0.2125689812119913,3.2805283146891906,4.184731817021148,13.94734461761724
2020-04-27,1.4714069804799612,33.29,0.67,0.43,2.7143995411876136,-1.2416271948000435,1.7964328843127708,3.9357591447988005,11.419219636828903
2020-04-28,-0.5242380698498916,33.57,0.62,0.42,2.649644786995398,0.17636609115700974,0.23504394657603012,6.032709365990141,11.411299622413718
2020-04-29,2.6583916282167053,31.23,0.63,0.43,2.645975111538584,-3.098818768706557,-4.065643912372796,3.0692180126414614,2.1292694252677657
2020-04-30,-0.9212446303987654,34.15,0.64,0.44,2.395570007128632,-1.07264349589955,-2.0577295607886126,4.5281819665558665,4.4251751965935116
2020-05-01,-2.8059034078492195,37.19,0.64,0.44,2.503522026882008,3.500538354618543,1.1654316651872332,7.94924321588657,8.332896347847818
2020-05-04,0.4249827591976451,35.97,0.64,0.45,2.454482271425964,3.0762557065469043,3.9106609206927656,8.375021245097125,9.920006788125214
2020-05-05,0.9040556385797373,33.61,0.66,0.47,1.9529362886704853,0.05857454977518106,1.8999874884353396,8.869984415867416,8.542972969062411
2020-05-06,-0.6979410390386298,34.12,0.72,0.55,1.9645621108646996,-0.9977434035180033,4.324860411234033,9.265845030585051,9.370815165480263
2020-05-07,1.1504630788313983,31.44,0.63,0.5,1.8415537419549608,-0.9957670958773202,2.336536977028203,10.85454262282106,7.515993503796237
2020-05-08,1.6871538638701944,27.98,0.69,0.53,1.850475611876517,-2.2561299936727286,0.8754830335268027,10.328003232542526,6.4188700750746674
2020-05-11,0.0133078220911686,27.57,0.73,0.56,1.8274590013364995,0.8095028369301538,2.1015729135787087,9.45297048222904,6.863039655365832
2020-05-12,-2.0500317528877154,33.04,0.69,0.52,1.7799564907214098,1.840334970736679,5.784070312279388,11.150048162591219,6.278829929741536
2020-05-13,-1.7462724604228042,35.28,0.64,0.48,1.7521422947712977,5.376244944038144,7.437233349955719,6.457450271498244,9.353191835660478
2020-05-14,1.152482269503552,32.61,0.63,0.47,1.7653429438834591,3.3658197989702154,6.724279004163014,6.619108101446103,5.4881699852104004
2020-05-15,0.3926363250438269,31.89,0.64,0.48,1.6610480221414785,3.2038971108846237,6.705661646510608,7.084895072045638,6.618711537322075
2020-05-18,3.1501191631680747,29.3,0.73,0.55,1.7469698520488337,1.2816947215170682,4.296344845512712,5.7831851074636065,4.955470251582428
2020-05-19,-1.0484399194493177,30.53,0.7,0.53,1.5976693739380443,3.872468941383511,6.840037078731864,6.51912296003081,6.600209716345051
2020-05-20,1.665110025908012,27.99,0.68,0.52,1.5631096510474634,1.9558377763527979,4.73615262927205,4.836771153448782,5.330440287173976
2020-05-21,-0.7773596407737116,29.53,0.68,0.51,1.5802674646806845,3.2491003425740406,8.323523442761083,5.061199723741527,7.841586434223347
2020-05-22,0.2353711326488428,28.16,0.66,0.49,1.558238004188475,3.3930545586506433,9.370483208366952,5.495276825297002,6.424406446545072
2020-05-26,1.2289184036080147,28.01,0.69,0.51,1.5488767668230456,2.97650047452771,7.200082583323897,4.663460714574286,5.955334825599912
2020-05-27,1.4827297215913804,27.62,0.68,0.49,1.5641117922153114,2.8569342459963565,5.072576461154488,0.46770710939891824,3.8180239479162603
2020-05-28,-0.2107914546073841,28.59,0.7,0.53,1.4653547136764684,2.726979556597864,-0.9119585900597582,1.783328205654655,5.126201331305413
2020-05-29,0.4812335824971425,27.51,0.65,0.49,1.4442201029496493,4.914738320576584,-0.09854449587127778,-1.1582266289233423,3.6431871253155723
2020-06-01,0.3751234813537785,28.23,0.66,0.52,1.2548420700300398,5.781267102739052,0.3554014095253466,-0.08148593790324732,4.640136398463701
2020-06-02,0.8210832780053412,26.84,0.68,0.51,1.258532959292977,4.1015009146100345,1.4255919171023645,0.6319736391970476,4.730558325400147
2020-06-03,1.3648979133831007,25.66,0.77,0.58,1.2721905420408326,2.1541009669402644,-0.3003687825984147,-0.22447330508704733,2.96842160234827
2020-06-04,-0.3368702231114406,25.81,0.82,0.63,1.2577696848938225,-3.5423392787021113,0.09606857006947411,0.567414061890803,3.6107725444231686
2020-06-05,2.6211650818398717,24.52,0.91,0.69,1.341019424264133,-4.778435229118482,-3.0116484539421617,-0.44490521838722596,1.8131317057495044
2020-06-08,1.2041579421169235,25.81,0.88,0.66,1.3232216297954604,-5.129325675352225,-3.543192156961672,-2.6936671352262187,0.7706420660203994
2020-06-09,-0.7799170822611612,27.57,0.84,0.64,1.3502188009257492,-2.570480707768663,-2.366249920356156,-1.1611444018772565,2.146436725033052
2020-06-10,-0.5313091072437381,27.57,0.75,0.58,1.239736485091678,-2.4027128879857695,-4.382560613670671,-1.1939866285681333,1.4268972855125073
2020-06-11,-5.894405927443824,40.79,0.66,0.47,1.842380763107889,3.7720258002983176,2.7200929167261023,6.0937322359461366,7.112680397397586
2020-06-12,1.3060843963234705,36.09,0.71,0.52,1.8463066557369208,1.8554481638980658,-1.0607274215421958,3.745422528936282,6.513635561617925
2020-06-15,0.8312217041285264,34.4,0.71,0.52,1.8495979737548571,1.6718902123144863,-0.43534014242619934,4.26956090928623,4.951749309933895
2020-06-16,1.896239819380252,33.67,0.75,0.54,1.7695436297566571,0.2096190034561518,-0.7824635409118152,3.258513305989852,4.2787544432407065
2020-06-17,-0.3600299556174025,33.47,0.74,0.55,1.7485721870814668,-2.0285888924480133,0.07612413063580181,3.278638391168043,4.263061094946918
2020-06-18,0.0594219882528168,32.94,0.71,0.52,1.7207404851973953,-1.013696008591547,0.4708931115425141,3.5113306891701335,5.000418089260683
2020-06-19,-0.5649494809462974,35.12,0.7,0.51,1.7147052393121984,-2.8630531189139163,2.646444850994323,4.974597549892845,6.355282167261689
2020-06-22,0.6495095537691675,31.77,0.71,0.52,1.7168727098707088,-2.0725791074999056,0.8807310139455238,4.472296273791199,6.050621126158973
2020-06-23,0.4307419569164139,31.37,0.72,0.54,1.7029275413518974,-0.9900073009296184,1.234312435500895,4.622056042821288,6.2747295209859555
2020-06-24,-2.585514593906457,33.84,0.69,0.5,1.78781476809854,2.1482930574239445,3.334720115458789,6.075730469742946,9.796639259711215
2020-06-25,1.095944726780984,32.22,0.68,0.51,1.8020323256740032,1.4997924564017717,3.2843032199698197,4.276268990753818,8.675124480636232
2020-06-26,-2.4226905044785974,34.73,0.64,0.47,1.885127699925436,5.671887110733387,4.857676658848686,7.655567688911069,11.678766260862282
2020-06-29,1.4685678433118632,31.78,0.64,0.48,1.913474218879212,3.0158152788353654,4.7254729323062294,5.410644158345179,9.185322872387292
2020-06-30,1.5409875731554612,30.43,0.66,0.5,1.9360997343529116,2.246560852893986,4.072845377054879,5.101132486029436,9.033350269332786
2020-07-01,0.5022132820864389,28.62,0.69,0.52,1.914747592787572,1.161475167644621,3.200078228800929,4.183752119382311,8.266411691758147
2020-07-02,0.4541250844364075,27.68,0.68,0.52,1.9154502694201896,1.7581422783052414,3.0261874692924406,4.508295723707323,7.758444450112401
2020-07-06,1.588172586745884,27.94,0.69,0.53,1.8553432646325625,-0.7705081021516014,2.2681279437180235,3.6132155591469983,6.361252606987322
2020-07-07,-1.081853202819716,29.43,0.65,0.49,1.8472927418598435,1.6596069728160412,3.5602093915726662,5.124754807237353,7.772180751862567
2020-07-08,0.7827461915415501,28.08,0.67,0.51,1.85094973017308,1.7861574109943934,3.3464381056361514,4.978961148865824,6.4641652535251115
2020-07-09,-0.5643606159361103,29.26,0.62,0.46,1.8514245301411267,2.015197047866213,2.6525550668947906,6.253386216203349,7.406607043701463
2020-07-10,1.046620127324438,27.29,0.65,0.49,1.2496851124348396,1.2461363411284676,0.9604225810299072,5.219400327642543,6.659880894599679
2020-07-13,-0.9362541127788226,32.19,0.64,0.48,1.2555911298353497,3.0622307821527084,2.6682748647628873,6.505093207630175,8.749312604415094
2020-07-14,1.3406370782667931,29.52,0.63,0.49,1.2742784496495605,1.8695748246054356,0.6542546019169926,4.2586104557043925,7.696592864251328
2020-07-15,0.9082050740923052,27.76,0.64,0.48,1.2239079005864135,1.5329006756209962,0.9880455418020517,4.766377698530344,7.815441748972263
2020-07-16,-0.3406101245536641,28.0,0.62,0.46,1.2234748888684055,0.6247677184111344,0.9531716520606803,4.909234130350981,8.364923629419918
2020-07-17,0.2848612194617406,25.68,0.64,0.5,1.223454742154458,-0.28219719825743894,1.4385742992349737,4.593256430293957,8.78461238654451
2020-07-20,0.84069387471426,24.46,0.62,0.46,1.2187822072328331,-0.3822505241736218,1.3152559281902843,4.002346327804029,7.640903734116256
2020-07-21,0.1679037341913547,24.84,0.61,0.47,1.215228765880885,-1.1930158978094574,1.5107592238916778,4.0671715372494255,8.269113974088071
2020-07-22,0.5747082068739751,24.32,0.6,0.46,1.2169302097751635,-0.5366291420745184,1.5796606764144183,3.016772716155147,9.304585031290191
2020-07-23,-1.2319859824193036,26.08,0.59,0.43,1.082086927020948,0.32636491104116594,3.5077852148561073,4.631206669632948,6.780692422688639
2020-07-24,-0.6190400054688405,25.84,0.59,0.45,1.08372101422477,1.7256412086351647,4.218462678476187,5.645240152392805,6.571965239362698
2020-07-27,0.7395138795039502,24.74,0.62,0.47,0.8923991000392809,1.7040200780442438,3.737102184604968,5.922995928062735,2.8533028634545765
2020-07-28,-0.6473392152297919,25.44,0.59,0.45,0.8810685847579531,2.7364210599776673,3.5809274710169703,6.996562927405714,5.608929258203665
2020-07-29,1.242838167815008,24.1,0.58,0.46,0.8606736287399195,2.1277077181627524,3.7413657591425675,6.760598415922536,2.478179787016388
2020-07-30,-0.3750251937389204,24.76,0.55,0.44,0.8695895605750276,3.1710710406341214,3.9187104412380602,7.34177228517805,2.9187794066670936
2020-07-31,0.7670504990141325,24.46,0.55,0.44,0.8770207445927077,2.4505340445368784,3.109943286222583,7.241858571118498,3.4367408669681687
2020-08-03,0.718102343932614,24.28,0.56,0.45,0.8259002269849961,1.9990184311304393,2.6522070886523474,6.243529415164684,3.235279449604045
2020-08-04,0.3611930381972161,23.76,0.52,0.41,0.7709883669912054,0.8220126828695662,2.5183658687049526,6.657771847898619,2.3886206373332275
2020-08-05,0.6429743053199433,22.99,0.55,0.44,0.7665547223629922,1.5800394202844181,1.4147635758685162,7.604794408089011,0.8786661957635555
2020-08-06,0.642769555966427,22.65,0.55,0.44,0.7466527922061684,0.7246599197457959,1.0853497178447968,3.1619913430074975,-0.8864892147699921
2020-08-07,0.0633029548644303,22.21,0.57,0.44,0.7274730635880832,0.6436367051039893,1.3690256383058763,2.2582395675392997,-2.095317911044836
2020-08-10,0.2742218294476073,22.13,0.59,0.45,0.6711246684283151,0.6403871993757804,2.1071474886274366,-0.8519606799673674,-1.336119731323071
2020-08-11,-0.7969132154236114,24.03,0.64,0.48,0.6698575199798287,1.68252263637223,3.2975524932854716,1.9578911260030196,-2.9027900384290373
2020-08-12,1.3996549490237653,22.28,0.69,0.53,0.7048825553122192,-0.1627050406350916,2.910345969215178,-1.2176299809460556,-3.956986877139368
2020-08-13,-0.2047174350497949,22.13,0.71,0.55,0.6996732087796079,0.3580948284028773,3.2939802942181906,-0.9622242523268376,-2.222366322180047
2020-08-14,-0.0171882622768126,22.05,0.71,0.57,0.7019609061582254,0.7207499221509206,4.007290813288589,0.316940898549789,-0.6300309644583835
2020-08-17,0.2709842511078753,21.35,0.69,0.55,0.6871556171019252,1.4574271125824323,3.4985339608049726,0.5680076225230923,-1.3755220939617896
2020-08-18,0.2303389154016955,21.51,0.67,0.53,0.6871504046883733,1.5883062448094343,4.037721382035064,-0.12655803696476342,-0.7900226287671508
2020-08-19,-0.44043954214108,22.54,0.68,0.54,0.6955938871727226,3.0780591672691315,6.103678216031838,-0.5286186756270017,0.17630268011037398
2020-08-20,0.3158632769134861,22.72,0.65,0.52,0.6150677445082762,2.9254097248808897,2.0543447996758335,-1.9506673698203802,-1.0955539278760362
2020-08-21,0.3441107044476421,22.54,0.64,0.48,0.5820424899060409,3.263022657871306,0.8772047710177144,-3.4175563270301246,0.33675734563149984
2020-08-24,1.0043718303008653,22.37,0.65,0.51,0.5959763984469636,2.011786525946113,-2.8980421462898476,-3.372209786130742,-2.049091242726564
2020-08-25,0.35963511532906,22.03,0.69,0.54,0.5536720086019316,2.411119180708665,-1.2968955555549333,-6.002409913940143,-0.7021731479776916
2020-08-26,1.0195626139483993,23.27,0.69,0.53,0.5364977560167867,2.9352697103589787,-4.011235130232693,-6.673121911774338,-0.9169985173568707
2020-08-27,0.1673044010903845,24.47,0.74,0.58,0.5121966585369547,-0.8463069785521582,-4.120476851043864,-5.340433780057429,-0.21265747789993572
2020-08-28,0.673256535528588,22.96,0.74,0.6,0.5086531607865699,-2.3104280946319222,-3.548164639115192,-4.458650678702714,-1.505131304474705
2020-08-31,-0.2194962714028747,26.41,0.72,0.58,0.5162295746667164,-4.813001359394075,-2.8314665204742573,-4.709299608642336,-1.9422436628564466
2020-09-01,0.7525003016613407,26.12,0.68,0.55,0.5258161429099595,-3.620714982833695,-4.0026630376767125,-4.640378457611838,-2.8233068296561137
2020-09-02,1.5365910154807594,26.57,0.66,0.52,0.588561455632909,-6.748420497792306,-6.25077000455645,-5.586399675846332,-4.281005266403525
2020-09-03,-3.512584371534122,33.6,0.63,0.5,1.0439879290012104,-3.3021159098768793,-3.9243916340433116,-3.0864915489241085,-2.416376097590034
2020-09-04,-0.8133027264274895,30.75,0.72,0.58,1.0664657780338416,-1.267009897107818,-4.257414851845443,-0.5357478199490062,-1.1511251128384137
2020-09-08,-2.7756342102361,31.46,0.69,0.55,1.2457995451289434,2.0817284578972917,-0.4883193401262753,0.8742881424103288,1.4476480442758843
2020-09-09,2.014498633677464,28.81,0.71,0.57,1.3121850049483734,-0.396296833676435,-4.767341802337855,0.6025366789876196,-0.03666428117575782
2020-09-10,-1.758479659017942,29.71,0.68,0.54,1.33799086284369,0.5336644117905687,-2.773123276618006,3.223540397747504,2.1032504074424807
2020-09-11,0.0533072190594063,26.87,0.67,0.54,1.3376912653194566,-0.6435256883040696,-1.2723852694993654,4.075760125624361,0.15181222433389152
2020-09-14,1.2741829089357504,25.85,0.68,0.54,1.3696223718731124,-3.028779895778755,-0.9439800043004265,2.1181902106852224,-1.4074583085212367
2020-09-15,0.5219359577689042,25.59,0.68,0.54,1.373141187556946,-2.5176374233157217,-1.9325526700099238,0.9151345870679339,-5.380433507041804
2020-09-16,-0.4618946596211537,26.04,0.69,0.55,1.376740907865521,-4.388436202379342,-0.6643053235793506,1.2285301294175266,-3.8056657442958497
2020-09-17,-0.8412365876402483,26.46,0.69,0.56,1.386414745470024,-3.2892342159774657,0.7086675045143265,2.101099644496962,-4.16627135522959
2020-09-18,-1.1182581807410497,25.83,0.7,0.56,1.4052367767221747,-0.6329326654873846,0.8721257136645733,1.5696133098727083,-1.8886336897468325
2020-09-21,-1.1571097930805796,27.78,0.68,0.54,1.420892301261036,2.149916118656292,3.8871595394436076,3.244418076031952,1.0266684552861172
2020-09-22,1.0517945160813724,26.86,0.68,0.55,1.4229827616737631,0.6001954998223757,1.3692940100106465,1.9454674783547787,2.179292043576897
2020-09-23,-2.3721455093028143,28.58,0.68,0.54,1.4993686935299209,3.8950632443192745,5.6386943123858835,4.967494986166643,6.698771008690629
2020-09-24,0.298745914295706,28.51,0.67,0.53,1.474481234746687,4.133874536181414,6.167701644295831,5.015458532041661,6.350354811952874
2020-09-25,1.59767237756141,26.38,0.66,0.54,1.5335960406080182,1.514645062518838,5.417071413831587,1.4425523170198185,5.902664564578908
2020-09-28,1.6110590199083896,26.19,0.67,0.53,1.577432280775691,1.7006802225557838,3.0913519593444017,-0.4678951407909637,4.077669898703373
2020-09-29,-0.4812664543244471,26.27,0.66,0.55,1.5785493585103847,0.7645099558376334,2.90380481455339,-3.515826026785418,3.537418369794265
2020-09-30,0.8253718228220741,26.37,0.69,0.56,1.581016200782756,1.6782617129423194,1.9054937494147106,-3.162368201027077,4.087488559542085
2020-10-01,0.5292907769290922,26.7,0.68,0.54,1.537375944350902,1.9530888648608968,1.3826338630885004,-4.840634853524817,4.7454967064122
2020-10-02,-0.9577652178616392,27.63,0.7,0.57,1.3488478926814742,3.844200360361194,0.6914572199936186,-2.7368902795288252,5.251627548881865
2020-10-05,1.797270867614209,27.96,0.78,0.64,1.4061690849058863,1.3674163572410025,-0.6186919213703512,-2.753459712286621,2.1977453569726135
2020-10-06,-1.3973515692226712,29.48,0.76,0.62,1.293107978489146,2.1230638244093436,0.5683905308517367,0.7990565994138832,4.055078146662461
2020-10-07,1.739675486921799,28.06,0.81,0.65,1.2724452776894974,0.22348143314439017,-0.6353726071570254,1.0034928046061875,1.5810960543039432
2020-10-08,0.8010123642494982,26.36,0.78,0.65,1.2094333726032964,-0.5595269433459893,-1.0853047531486304,0.1720421228189828,1.3418393999354405
2020-10-09,0.879353312061526,25.0,0.79,0.63,1.2194558712875971,-3.0360319877536734,-3.770280319407804,0.4606399554025531,2.0820308710508106
2020-10-13,-0.6306918994084421,26.07,0.74,0.58,1.2060344988380975,-1.9593162674797715,-3.452517628771634,0.9567416864878497,2.567173091757091
2020-10-14,-0.6623141753502759,26.4,0.73,0.59,1.2138828570245783,-1.522352772563429,-6.238477627632754,0.6157338461709516,3.4985097735781956
2020-10-15,-0.152775530609972,26.97,0.74,0.6,1.208945629982862,-0.8569389408751849,-4.97309984376667,2.1411944830892926,3.180511912288564
2020-10-16,0.013491955745537,27.41,0.76,0.62,1.1900717528463316,-0.5287362314769783,-6.138397158844255,3.3170008661099315,4.329402700062968
2020-10-19,-1.6329861778318078,29.18,0.78,0.62,1.223155009289291,-0.7572383295632146,-3.4048047313806284,4.528855232400764,6.251343816005983
2020-10-20,0.4727334073110212,29.35,0.81,0.67,1.1898846084571058,-1.523042582368872,-2.148057650063584,2.833970826903043,5.685416005250166
2020-10-21,-0.2195699928100536,28.65,0.83,0.69,1.1739539533308716,-4.789030798204729,0.22936239443083206,3.466981620572973,6.853900519948919
2020-10-22,0.5218925396392127,28.11,0.87,0.71,1.0212450303315113,-4.151738769127544,1.6493448974390867,2.230641546813339,6.093376666886696
2020-10-23,0.3445761353703114,27.55,0.85,0.67,1.0214171368917733,-5.639478895554584,1.2711426475407128,2.4537750907758893,6.02374210329637
2020-10-26,-1.8589516294535648,32.46,0.81,0.65,1.0725315218489853,-2.667767761853901,4.396687726882842,6.081604736960422,7.1732366311359375
2020-10-27,-0.3025618911998928,33.35,0.79,0.63,1.012141544137939,-0.6346815377774928,4.566933499421255,6.2349535924538735,7.3603389118497065
2020-10-28,-3.52878787606048,40.28,0.79,0.63,1.2795414729862429,5.270814103361676,7.310260435600324,10.384843542259459,11.146658171218316
2020-10-29,1.1947330894238384,37.59,0.85,0.69,1.2972220563022658,6.052361922970517,7.486610965062934,8.580319617550325,9.355633169754274
2020-10-30,-1.2129550130175693,38.02,0.88,0.74,1.3074869243291514,7.323636476579098,10.073765777211175,11.152377055207708,12.128715427218296
2020-11-02,1.231820260127181,37.13,0.87,0.71,1.3355565563815162,7.258084322418368,8.213307030146598,9.996510199636743,10.960660771846321
2020-11-03,1.779929009643455,35.55,0.9,0.73,1.3342443483297926,5.234839597657359,5.091394567468033,8.005435014564943,9.647879531536852
2020-11-04,2.204704770168342,29.57,0.78,0.64,1.3959901921871989,1.9373331056756316,3.230210338364925,6.6093786962832635,6.905932635809631
2020-11-05,1.9460194138962936,27.58,0.79,0.65,1.409835859071038,1.352397076393408,0.571864629290797,4.371923669485045,4.455601938020481
2020-11-06,-0.0287715187418546,24.86,0.83,0.67,1.3990319935707682,2.562463769322809,1.1677881895252096,4.692945425032291,4.269055566289848
2020-11-09,1.169988923568721,25.75,0.96,0.79,1.409917460699833,0.8905834126748502,1.6139563876639285,2.659613982693565,3.14009293791202
2020-11-10,-0.1399794593191061,24.8,0.98,0.79,1.4020170953036204,-0.1363094491689032,1.5951697512884166,2.6714041608994377,3.6499456901115
2020-11-12,-0.997853230387702,25.35,0.88,0.71,1.4130420307688278,1.2683059221776816,2.8651343256260953,3.5750521152823733,5.607846658861848
2020-11-13,1.3610335409063534,23.1,0.89,0.72,1.4423982785482046,-0.7701174018748702,1.0175301301879491,1.7388418779887838,3.957718382319042
2020-11-16,1.1648051240012336,22.45,0.91,0.72,1.4609500018506911,-1.3598304180118426,0.9798985892602419,1.8668841167533756,2.898614233624075
2020-11-17,-0.4791925698091615,22.71,0.87,0.69,1.407670666110569,0.7169876023317645,1.6478594162115057,2.538831699260724,4.059809389951163
2020-11-18,-1.1563829610944043,23.84,0.88,0.72,1.4397273392982148,1.7338425917435618,2.7728630484831207,4.33573555934077,3.7238700099113453
2020-11-19,0.3946442467421596,23.11,0.86,0.68,1.4379851641297483,1.576829383001166,3.2734296935385876,3.5607040665679213,4.047885196580614
2020-11-20,-0.6792562915180156,23.7,0.83,0.67,1.448021600636265,1.801521361566727,3.778451413028172,3.861653876106552,5.357630593691187
2020-11-23,0.5635930617216234,22.66,0.86,0.7,1.450632183116969,2.3719839667625253,3.4844660524782745,3.0654691896148334,6.322690571441281
2020-11-24,1.6161668273416252,21.64,0.88,0.72,1.407162976494862,0.9242450911609579,1.0290491898970577,1.5018965942293683,5.206291012763042
2020-11-25,-0.1584418237524976,21.25,0.88,0.71,1.404253483731318,1.0213125055239525,1.059336199000116,2.022513416585925,4.682550925045947
2020-11-27,0.2396979198154181,20.84,0.84,0.68,1.0762493005434102,1.6702631110292687,0.6901442304143579,2.6663187203484595,4.475650758702376
2020-11-30,-0.4595548640170976,20.57,0.84,0.68,1.0836479036425004,1.941945488653385,0.7140461134530041,2.9105723019973606,5.196837091811424
2020-12-01,1.1271187194776155,20.77,0.92,0.75,1.0229111464380272,1.0867056030455569,0.878378310817074,1.9000966243472917,3.6339087131563863
2020-12-02,0.1791166754825157,21.17,0.95,0.79,1.01219645638335,0.10384432268129018,0.8765283284530634,2.372848761982871,2.7048165573338334
2020-12-03,-0.0624157213091502,21.28,0.92,0.76,0.97088427909384,0.037639278814638466,1.5207054318612911,0.9253483197987356,3.6051278107529727
2020-12-04,0.8836275129611826,20.79,0.97,0.81,0.8817932617696728,-0.9640172560039129,0.27816871569172896,0.7499077984920222,4.128819168620956
2020-12-07,-0.193563767143734,21.3,0.94,0.8,0.8007401269571938,-1.2045084771675763,0.0801731592112942,1.5216831231929184,4.363809714257183
2020-12-08,0.2787148065356293,20.68,0.92,0.78,0.798717829885465,-0.20608772536970799,-0.4048886551252795,2.7426575477750292,3.760415171939391
2020-12-09,-0.7949201604598555,22.27,0.95,0.79,0.7981914875901553,0.771882449670036,0.46803113374211947,4.1346937899161995,4.970024005124785
2020-12-10,-0.128510806826243,22.52,0.92,0.78,0.7979881277980067,1.4825081476714574,0.9530808867467044,3.5852350335164873,4.948611398233993
2020-12-11,-0.1264997299750603,23.31,0.9,0.79,0.7555449738020228,1.2542774224865827,1.962629515568004,3.7595601408866974,2.383267717532478
2020-12-14,-0.4359258971957769,24.72,0.9,0.77,0.7131751393365229,1.300344394847186,2.180953177146727,4.451008723558392,3.835237189208529
2020-12-15,1.2921249154708825,22.89,0.92,0.81,0.7237763030652951,-0.19921148016370793,1.012821905584338,2.7315371722662185,0.5310389816697514
2020-12-16,0.1772795166959051,22.5,0.92,0.79,0.7111409082240926,-0.3015239058173469,1.4833187247064838,1.8124020118216455,1.9639786089597155
2020-12-17,0.5757654753379748,21.93,0.94,0.81,0.6492964077166918,-0.5216931179453543,-0.5864391008020942,2.053199266124772,2.7892716326153755
2020-12-18,-0.3511118509152866,21.57,0.95,0.82,0.6597326195608847,0.6995774510599739,0.47043049234154477,3.8399688608660387,3.255504585012492
2020-12-21,-0.390627905184393,25.16,0.95,0.82,0.6429565763654603,0.8693048257240932,1.4403551857253394,4.28020497949313,4.78549121761882
2020-12-22,-0.2073092860288006,24.23,0.93,0.8,0.6425883917182875,1.214452714977421,3.160342069402433,4.182237231143993,5.412421902193487
2020-12-23,0.0745811250824957,23.31,0.96,0.83,0.5425115878077018,1.7902406340070565,3.64958147860297,4.481020301263494,6.11326466670834
2020-12-24,0.3536589004796253,21.53,0.94,0.81,0.5429510284205724,-0.06508552958537361,2.6073044266203382,3.957809386688882,5.621564829657455
2020-12-28,0.8722529021144565,21.7,0.94,0.81,0.5692098335280807,-0.22755503500480057,1.7623423737266108,0.41254153993770526,4.672100423299752
2020-12-29,-0.222738052560012,23.08,0.94,0.82,0.5585946199126489,0.566128973514668,2.221603416124074,1.6189749269551523,5.0801666138694745
2020-12-30,0.1341547165470746,22.77,0.93,0.81,0.5086025180930905,1.9225410030173196,1.7014822814160002,-0.47695224707705597,5.433758398622168
2020-12-31,0.6438845522919845,22.75,0.93,0.8,0.5230425352772452,1.8266396002356355,0.32427328082154094,0.47363437685470355,4.6995933600448625
2021-01-04,-1.4754827521051062,26.97,0.93,0.82,0.6327238989134907,2.6741304281566958,2.6552095539595477,3.3956240002713356,6.233504434860371
2021-01-05,0.7082595157549276,25.34,0.96,0.83,0.621651932518447,1.9944358479232926,3.353761252950238,2.7720336013522084,5.020576514493524
2021-01-06,0.5709842747752214,25.07,1.04,0.9,0.6300359760306139,1.6461550817427062,2.7995266662545815,3.297638327240615,4.230633671741257
2021-01-07,1.4847403800101189,22.37,1.08,0.94,0.7037213588579412,-0.21688894274598525,0.9905891559123026,2.183086821557767,1.9115135217984136
2021-01-08,0.5491862685268911,21.56,1.13,0.99,0.6734977630821756,-1.4754157903199783,0.8021632222722896,2.3769350082845753,1.4822203834075953
2021-01-11,-0.6554750898592476,24.08,1.15,1.01,0.697122603868468,-0.018428083216537328,1.3161879338077442,2.9376664944870345,3.311387765102114
2021-01-12,0.0415788446632703,23.33,1.15,1.01,0.6942584082908784,1.3327446676147492,-1.3264246894315268,2.8593662269357223,0.7405614272976813
2021-01-13,0.2275641737906619,22.21,1.1,0.96,0.6786019838525251,1.1346927816249908,-0.5895314385901296,2.796437447873612,0.034379775079984576
2021-01-14,-0.3753451194336676,23.25,1.15,0.99,0.6413808674372902,1.2101026775617862,-2.1419889657706137,3.6698345328720405,2.8001293150138107
2021-01-15,-0.7190027975370938,24.34,1.11,0.98,0.6691154722967279,2.311685992751955,0.1488783234094182,4.3611779444205245,2.707889313673495
2021-01-19,0.8136379515524483,23.24,1.1,0.96,0.6801899649985328,1.334862006505655,0.7212633918228795,3.4857411488891987,0.5477902628703513
2021-01-20,1.3935625421946265,21.58,1.1,0.97,0.7289002143287607,-2.6241955310385534,-0.5628509737292675,1.6127282077948557,-2.1646773586505463
2021-01-21,0.031672330755228,21.32,1.12,0.99,0.7171840080639419,-1.704879080354882,0.4845466483548666,1.3921338472042244,-0.28886386065288816
2021-01-22,-0.3010611655237638,21.91,1.1,0.97,0.7203697173846223,-3.312012886709159,1.180800781154412,0.9118912698532267,-0.5237545314767278
2021-01-25,0.3615838943082483,23.19,1.05,0.92,0.7204405211873893,-2.1139400141404696,1.5622400707213435,0.6746454038250471,0.5208290127223236
2021-01-26,-0.1488833746898232,23.02,1.05,0.94,0.7243555948842898,-0.6055158141365036,1.600414103359915,1.9692804002830355,1.2777868960792027
2021-01-27,-2.5677883699462,37.21,1.04,0.92,0.9336918519684354,2.116896048819128,4.242058629367351,2.0947716855536314,5.0275028161535396
2021-01-28,0.9760625975629766,30.21,1.07,0.95,0.955199462870694,2.227400208907193,3.406048613856094,0.6276111788817706,4.1178917854500785
2021-01-29,-1.9311475173124597,33.09,1.11,1.0,1.055900753617946,4.6467134149760225,5.939037016202753,5.05029504335186,6.857390794389717
2021-02-01,1.6051767614439385,30.24,1.09,0.98,1.1082255048805163,3.7555705944164686,4.206037742538049,2.555206841159241,5.004156172726715
2021-02-02,1.3898223484416938,25.56,1.12,1.01,1.0884602205138902,2.219368545010414,2.744681375085589,-0.17223089058936436,3.862992186474079
2021-02-03,0.1008769080953264,22.91,1.15,1.04,1.0811817316750945,2.0811076940022266,2.1878937628725836,-1.6108933136228076,2.2267951762502403
2021-02-04,1.0853322230420792,21.77,1.15,1.04,1.0979010328300671,1.1529672108850475,0.9032107215704466,-0.7696810452996861,1.0682563272895074
2021-02-05,0.3897495164625342,20.87,1.19,1.1,1.055262339997878,1.234939501732879,-0.2657712819281066,-1.6846628011157327,1.3831324931899092
2021-02-08,0.7399348360373592,21.24,1.19,1.08,1.060258846444617,0.4341618917816481,-0.8739416010106416,-1.025391973703882,-0.12948414531581687
2021-02-09,-0.1113524992148451,21.63,1.18,1.07,1.0461216260060724,0.5139073323896293,0.3630558991106314,-0.31754516960191825,-0.5647862181701213
2021-02-10,-0.0345184932359354,21.99,1.15,1.04,1.0466753400270208,0.10460904204769861,-2.059904583665606,0.7534810777085621,-0.009203947231994913
2021-02-11,0.1662455163539355,21.25,1.16,1.05,1.0465145479918732,-0.24690970141680868,-2.6869196456289823,0.6883960668994993,1.4850488969479825
2021-02-12,0.4711033113378837,19.97,1.2,1.09,1.0415429303133363,-1.482403991198411,-0.8389183042271431,0.8668700453134282,0.921513992871148
2021-02-16,-0.0569272418351141,21.46,1.3,1.17,1.0216107934750387,-1.3024487566309917,-1.5841988978195665,0.7659042100426783,0.66012374433424
2021-02-17,-0.0320402009226672,21.5,1.29,1.18,1.0131547118307018,-0.15008016033059013,-2.8389910082316505,1.0884366922176092,1.0571438578606207
2021-02-18,-0.4415835627354592,22.49,1.29,1.18,0.9796639733141717,-2.1622517149076925,-3.717453150869776,0.03806851471848116,2.7056964482880197
2021-02-19,-0.1854896644575165,22.05,1.34,1.23,0.9814833894749018,-2.446049477673995,-1.6579172802402287,0.16356823983973978,4.382202745626662
2021-02-22,-0.773283945815384,23.45,1.37,1.26,0.9965393048294428,0.6531682796175664,-1.422672574326067,1.653297765784223,5.093252712659613
2021-02-23,0.1256318118792787,23.11,1.37,1.26,0.9940518069706524,-0.28546821845036874,-0.15278562987306454,0.7510209401228707,5.116230299837232
2021-02-24,1.135161376597904,21.34,1.38,1.26,1.0223850177529608,-2.6929524352334866,-0.6781390449058344,-0.9244857173474674,4.375061922519019
2021-02-25,-2.447880752512621,28.89,1.54,1.37,1.0061239564379791,-1.5895719834335909,2.8725576071931602,2.093831568895488,7.8201389775706565
2021-02-26,-0.4750214169902844,27.95,1.44,1.3,0.9925008224466272,0.8078936764876588,3.468511838528876,4.287161116865779,8.313510099311516
2021-03-01,2.3790763506800205,23.35,1.45,1.32,1.0106700882744888,-2.0623701065989986,1.7202195865248182,1.77532583044957,6.145075149286461
2021-03-02,-0.8080851690870694,24.1,1.42,1.29,0.9842634970118562,0.1330624395529334,2.3879327115594595,2.280449497965953,6.572378674987345
2021-03-03,-1.306622187199813,26.67,1.47,1.33,0.9874055633486906,2.0705729345930513,4.042184968233498,4.0099777745436604,9.181300039314655
2021-03-04,-1.3417213930100202,28.57,1.54,1.4,1.031067772991251,4.534204027519939,3.9005217336772313,6.6711463389336645,11.065505294787359
2021-03-05,1.949596819778221,24.66,1.56,1.42,1.0982309849655365,2.6392954609087305,1.8521933537553714,6.141948450572454,8.363478584236805
2021-03-08,-0.5359231030161227,25.47,1.59,1.42,1.0989868125906117,3.8622434474276712,3.1203628871248723,6.609963423788878,8.206257886246338
2021-03-09,1.415464230382213,24.03,1.55,1.38,1.1352688126410044,2.251873873694521,0.9051895695813661,5.277078547407843,7.688932997904363
2021-03-10,0.6030313342701321,22.56,1.53,1.37,1.144287382746127,1.9316165050859757,-0.2480286515704977,5.0877026656896085,6.0574872416375936
2021-03-11,1.0395487004435822,21.91,1.54,1.4,1.1680186008928877,-0.6061961247400993,-0.756981313977978,4.809427786630138,6.113456279763008
2021-03-12,0.1015398495878949,20.69,1.64,1.5,1.167751797088991,-0.7668623441137501,0.7912061977024321,4.682582338038932,6.1947492189939
2021-03-15,0.6491921301497117,20.03,1.62,1.48,1.17187754797584,-0.7142928321958841,0.054174326548595,4.350025570872651,5.487114359315259
2021-03-16,-0.1569683734378379,19.79,1.62,1.47,1.172569859579795,-1.3170265278234505,-0.10497644668373551,4.086854624964453,5.563622294264325
2021-03-17,0.287938213053085,19.23,1.63,1.5,1.1736503999637171,-2.1383406163756113,-0.03095589899394513,4.93945323490681,5.972393653371122
2021-03-18,-1.4760539319459198,21.58,1.71,1.55,1.2188740735964878,-0.15170481796543678,2.6666127936856965,6.89600344787078,6.786174896138664
2021-03-19,-0.0602703974703633,20.95,1.74,1.58,1.21814408418011,1.57010911739901,4.211745427923952,6.392876791436652,7.144209236078414
2021-03-22,0.7025118077311765,18.88,1.69,1.54,1.212552016141296,0.7739957549435461,3.3840072309323954,4.931998740819532,5.686205958035018
2021-03-23,-0.7630854183940605,20.3,1.63,1.48,1.227333334517115,1.2282261452949195,4.332670099996938,6.72288854246208,6.5738015132209116
2021-03-24,-0.546733601831495,21.2,1.62,1.48,1.2061118882188568,2.1534324378463365,5.348998365779289,6.321194266109487,8.034687186380207
2021-03-25,0.5240265846959469,19.81,1.63,1.49,1.0690675508013765,2.822599631283662,5.608867177064369,6.922842215710134,8.26393205587772
2021-03-26,1.6631202604519668,18.86,1.67,1.53,1.113565192000571,2.600800898492328,3.8608290218330676,5.36112546435088,5.381506655275858
2021-03-29,-0.0868012685233621,20.74,1.73,1.59,0.9912559839319938,2.5899652548617036,4.29352525593143,5.429998367719313,4.558194494695389
2021-03-30,-0.3157832933767812,19.61,1.73,1.57,0.9736670032153992,3.0667769977971604,4.196236131233166,5.67455568787425,2.6396026056386024
2021-03-31,0.3622499039577675,19.4,1.74,1.58,0.9149549722987602,3.1282022068883863,4.971948245177571,6.005208518648453,3.514069385176888
2021-04-01,1.1825201774944727,17.33,1.69,1.52,0.86364603077576,2.709781269654865,4.119538513152565,4.012562594941604,3.830471532161983
2021-04-05,1.4438226417743616,17.91,1.73,1.56,0.8199307539478763,1.228087999612515,2.092980358937746,2.813947502858638,2.0937227352568755
2021-04-06,-0.0973530751951168,18.12,1.67,1.51,0.8020199747378672,1.660552274130933,1.497322024313985,2.226842225181014,1.322801452496325
2021-04-07,0.1475232784985625,17.16,1.68,1.52,0.7601913183174308,1.0958518024291708,2.29095875738079,2.1480629328051615,0.8757515419794082
2021-04-08,0.4220632828640269,16.95,1.64,1.5,0.7569660512544895,1.78781943138151,0.9228335488816075,2.5493254442495727,1.51202406768014
2021-04-09,0.7719934348738189,16.69,1.67,1.51,0.7445620660547166,1.3725637676089697,1.2441900701792186,2.514054879844374,0.6553976911893189
2021-04-12,-0.0196078848768821,16.91,1.69,1.51,0.7462196744948582,0.8543995806070681,1.4445257722739857,1.4641493311430498,1.6729586649072203
2021-04-13,0.329448680904143,16.65,1.64,1.48,0.7402057081408049,-0.16056400065266319,1.0896871200767544,0.2537734131763614,1.1237240001622295
2021-04-14,-0.4087726727828533,16.99,1.64,1.48,0.7489681876425206,1.1821523174731174,1.418784028608422,-1.4939441033494205,1.7293564905441983
2021-04-15,1.109419052516647,16.57,1.56,1.4,0.7759044493783026,-0.8497931160446837,0.9843203739132056,-1.3888270955927706,0.7303811488557965
2021-04-16,0.3608819555509734,16.25,1.59,1.43,0.6618994737584727,-0.12663554383812725,-0.10274336569159326,-0.2776299099271462,0.44534180105726406
2021-04-19,-0.5306560094486046,17.29,1.61,1.45,0.6846882437255476,0.585126870142405,0.7061867930449939,0.0007271570645173142,0.931488199648256
2021-04-20,-0.6802319771775922,18.68,1.58,1.43,0.7124856164045887,1.2522618023779852,0.7187580778656333,-0.17194598668901495,1.7698002103595734
2021-04-21,0.9306055472153574,17.5,1.57,1.42,0.6867498192047005,0.23386704642616163,-0.1396954592189803,-1.3835115366921613,0.4655696322195313
2021-04-22,-0.92106574765618,18.71,1.57,1.41,0.7163116807899583,1.8498332455367583,1.6116193314966498,0.5838029889570384,2.295299050982158
2021-04-23,1.092869654017692,17.33,1.58,1.42,0.7362980314042319,0.023922472499671166,1.2542594382797922,-0.5815567081743356,1.1088089365385967
2021-04-26,0.1782270924804541,17.64,1.58,1.4,0.6672544643460065,0.1203556894240343,0.019344127955300827,0.22518010794001508,0.9465913174598883
2021-04-27,-0.0214895888014376,17.56,1.63,1.46,0.6656072753364785,-0.5269054883471069,-0.8269030508596065,0.03366998262155363,0.7841362249943584
2021-04-28,-0.0845539916889848,17.28,1.63,1.46,0.6569060445033538,-0.37269090443465824,-2.8719809252852,0.3062277515062162,1.3386944297597791
2021-04-29,0.6762806734045723,17.61,1.65,1.49,0.6627429552087593,-0.23388738739104076,-2.3500157853406867,-0.2514640135390711,0.854089539461067
2021-04-30,-0.7194706699326425,18.61,1.65,1.49,0.6650080547754844,1.2300427091513022,-0.17506641336082485,0.548648867060697,1.769360773445272
2021-05-03,0.2748090747253684,18.31,1.63,1.47,0.5978164109334715,-0.10089013445182538,-0.7005127077546858,0.22372151481246938,1.286288072254238
2021-05-04,-0.6678337608227225,19.48,1.61,1.45,0.6228505872107961,-0.3015866390658539,-0.8843477437102898,1.0435415929983982,1.417643621506448
2021-05-05,0.0703463761767775,19.15,1.59,1.43,0.6228581372855984,-2.5086394920625255,-1.2455560627348428,0.6061118021038592,1.3021919518456437
2021-05-06,0.8165456466051824,18.39,1.58,1.42,0.6393493647808784,-2.121089358434325,-1.0115145780587143,0.6728361618321355,-0.8370562043705676
2021-05-07,0.7373341616968343,16.69,1.6,1.46,0.6375560776901857,-1.388035690698286,-1.8130754761710999,-0.143648773442262,-0.18452153318413433
2021-05-10,-1.0435647322188155,19.66,1.63,1.47,0.6889216925406898,-0.6002281442846424,0.20579617051015298,0.9270678563122026,1.385000183611207
2021-05-11,-0.867391280271812,21.84,1.64,1.48,0.7170583363547122,-0.5845239507821454,0.8677484720705175,1.6244720850859151,2.161309794636357
2021-05-12,-2.144940066450274,27.59,1.69,1.53,0.8615995474487521,1.2955849859381807,3.2721852119177663,4.335180924266546,5.007339168615332
2021-05-13,1.2173141406923491,23.13,1.66,1.5,0.8696839620878917,1.133619870820679,2.149054901215819,3.28121438069906,4.089974354103343
2021-05-14,1.4917956876899785,18.81,1.63,1.47,0.9333550481976668,-0.4310225320526606,0.7249844847564413,1.9478371955224283,2.7974115718856885
2021-05-17,-0.2530052193220777,19.72,1.64,1.48,0.9272443254944986,0.8108915138807404,0.9307542745382591,2.000816755641077,3.086735836783916
2021-05-18,-0.8517292959364653,21.34,1.64,1.48,0.9346694228638124,1.4608112142757923,1.9450907024489483,2.322530612283491,4.110390172651424
2021-05-19,-0.2943411456817757,22.18,1.68,1.52,0.9099804857259756,1.951319227046211,1.875022319010733,2.5798818898711495,4.96296497543629
2021-05-20,1.0554741756143349,20.67,1.63,1.48,0.919474781134626,1.0040528873505927,1.701562290514147,0.17624107788352106,4.64568757617807
2021-05-21,-0.0783880680141235,20.15,1.63,1.46,0.8850824675537914,1.1610112368395598,1.7002535834836907,1.6586260857897273,4.516037160913022
2021-05-24,0.9911292190138532,18.4,1.61,1.46,0.9131473303778848,0.11889862182306032,0.7197903847545595,1.1767822403153216,3.8379358268538777
2021-05-25,-0.2125283780296749,18.84,1.56,1.41,0.9145495966121706,0.47730693494101306,0.750213645568687,1.2824330295466257,3.168238452937966
2021-05-26,0.1876816570268724,17.36,1.58,1.44,0.915161872028646,-0.0748366069354578,1.0293146312024826,1.6801755023745812,4.136319691371981
2021-05-27,0.1165314541831552,16.74,1.61,1.47,0.9024831594981017,0.6905756583267753,1.108340630834137,1.9000855708009246,4.374083647375748
2021-05-28,0.0768881891140216,16.76,1.58,1.44,0.8869071223366386,0.5330535352020771,1.2140510291675177,2.05751045555429,3.927111874459732
2021-06-01,-0.0492333522686405,17.9,1.62,1.46,0.8851789569721064,0.6001781593715227,1.0601946738574952,2.1360997227676926,4.099431800355591
2021-06-02,0.1446934838430724,17.48,1.59,1.46,0.8707225652137431,0.271610295849567,0.3702384364306255,2.1239860156899715,3.6099175816843854
2021-06-03,-0.3628703341637451,18.04,1.63,1.47,0.875708854308271,1.104978166304993,0.6918865437429922,3.0311086919382557,3.2033117203218886
2021-06-04,0.8834095710505974,16.42,1.56,1.42,0.8789756824270074,0.41489977565027925,-1.499801161631642,2.8948673150702486,0.6761428011564652
2021-06-07,-0.0796738704451183,16.42,1.57,1.41,0.8635753262497573,0.67738666042505,-0.04093155742207477,2.768708511742246,2.2841495749784224
2021-06-08,0.0175024864505823,17.07,1.53,1.39,0.8281936403332133,0.45727206740846515,0.45372597958652783,3.095861727062621,3.109110465602516
2021-06-09,-0.1823867319485694,17.89,1.5,1.34,0.8020344142928815,0.09836098202677945,0.5282563328850243,2.4000195333338414,3.505828408919709
2021-06-10,0.4652243012262191,16.1,1.45,1.31,0.6095804307150104,-0.40857693661977557,0.6442297204014791,3.075350032326085,4.071774638581815
2021-06-11,0.1948434669559073,15.65,1.47,1.31,0.5620446581492964,-1.9067896712139376,0.7830659024042452,3.229944232262194,4.116829565419566
2021-06-14,0.1815201873095251,16.39,1.51,1.35,0.4674075745703026,-0.7134851645185791,0.833342226509326,2.6805179890589947,3.438423133181834
2021-06-15,-0.2011693780525791,17.02,1.51,1.35,0.4655013296537401,-0.003529946363201031,1.0646180253089277,3.0073533267042762,3.6276235435234616
2021-06-16,-0.5390124612855707,18.15,1.57,1.36,0.4361745392568951,0.42947291707946533,1.747278482724779,3.22772885241831,4.6274521863119755
2021-06-17,-0.0435715592051799,17.75,1.52,1.29,0.4272786162970436,1.0571258293510244,2.323148595670599,2.4941683613086463,4.107192279209926
2021-06-18,-1.3124468779900589,20.7,1.45,1.19,0.4814744667315352,2.7421424628701674,4.461583355697818,2.209075705886332,5.297314274530729
2021-06-21,1.4002289962720793,17.89,1.5,1.23,0.5721804531800792,1.55794308380246,2.8107905695202717,2.326033214021117,4.695141331219066
2021-06-22,0.5124491902218642,16.66,1.48,1.23,0.5414159029860115,1.0681856780536236,2.630201838419599,2.6433907355069897,3.678851390796223
2021-06-23,-0.108328334315888,16.32,1.5,1.24,0.539152954323159,1.3121701502241123,1.8619274507763572,2.9619255169162084,4.414599815270259
2021-06-24,0.5811249724885448,15.97,1.49,1.23,0.5509101016883828,1.2527793126211328,2.4155585657305245,3.4056049986198156,3.985237884440118
2021-06-25,0.333059731931673,15.62,1.54,1.26,0.553687382651839,1.6735497738418648,2.4278665348675066,3.3078609319582064,3.542642451573963
2021-06-28,0.2314964262061902,15.76,1.49,1.24,0.5544909124001438,1.2336282595680315,1.8319096855881734,2.58355108454158,3.406045792450363
2021-06-29,0.0277336193260868,16.02,1.49,1.22,0.5536426886326193,1.5455072730222952,1.9222704635452503,2.536006733407681,3.5092585492455974
2021-06-30,0.1328159646746485,15.83,1.45,1.2,0.5536067131369936,0.5426369800756392,1.455026996073272,2.8307132598894835,3.8005835514834496
2021-07-01,0.522162685427574,15.48,1.48,1.23,0.5494618287379875,1.148392430314682,0.16713692647771783,1.7435386889714577,3.427363819913487
2021-07-02,0.7500081663913916,15.07,1.44,1.2,0.5408431368593773,0.7419006838096154,-2.1563024199447334,0.8000366182342455,2.9264745346208487
2021-07-06,-0.2021856059824189,16.44,1.37,1.15,0.544195328878954,0.5909907965425454,-0.47150435553877657,1.8328336464105144,2.406793493840187
2021-07-07,0.3358975310182588,16.2,1.33,1.11,0.5451394573397577,0.37102891170750496,0.012850892672067182,1.0217748124744075,0.9669316393010385
2021-07-08,-0.8561024934316985,19.0,1.3,1.11,0.5862810448243114,0.907465771141891,1.0798912740694,2.506012234774868,1.9667559381306932
2021-07-09,1.1277947808795874,16.18,1.37,1.14,0.6242858423619152,-0.9701147791478792,0.9666953407805545,1.5326570891103453,1.650515966430488
2021-07-12,0.3451174331237094,16.17,1.38,1.15,0.6257133845539599,-2.876859662247888,0.8591357282553114,1.088352178385943,2.164376580923122
2021-07-13,-0.3516812658565627,17.12,1.42,1.16,0.6360634833676736,-1.056252795273016,0.7381197124498362,1.5458181150902917,2.6782878501481644
2021-07-14,0.1164934575244691,16.33,1.37,1.14,0.6311939212060068,-0.35685398756897246,0.602161104801846,1.5570572343832856,2.786506233252073
2021-07-15,-0.3262240854172371,17.01,1.31,1.08,0.6206716153144908,0.17087487195306394,1.3559567273777828,2.311917531204166,2.522235403486084
2021-07-16,-0.7538854211077806,18.45,1.31,1.06,0.652488154861909,1.955783464364358,1.5737714093304378,3.2547869425765485,4.210843933620567
2021-07-19,-1.5869512427409305,22.5,1.19,0.98,0.6863320786142841,3.846658353005261,3.0214915332284153,5.194792388550984,6.3473153585186015
2021-07-20,1.5162609437855634,19.73,1.23,1.03,0.6981866944459453,1.813527947359872,2.315254527890076,2.891933441514949,4.617565208021501
2021-07-21,0.8241819990835397,17.91,1.3,1.08,0.7108362763405841,0.9624496322618636,1.0087942807320394,0.9539581544904197,3.7947159483058934
2021-07-22,0.2016669958327943,17.69,1.27,1.07,0.7086749864467918,1.1830603026474096,1.4108849373795085,0.8773898080841613,3.880274565690378
2021-07-23,1.0145452020822845,17.2,1.3,1.08,0.7289399094626569,-0.3746840464106227,0.560543005215286,0.677273454718863,2.80249367318095
2021-07-26,0.2382199862628331,17.58,1.29,1.07,0.7281321132475366,-0.79460122536813,0.2272639443869462,1.2941225831882175,2.209935662099616
2021-07-27,-0.4712444807091209,19.36,1.25,1.05,0.7416042962467458,0.4927897015705174,0.8017803041648675,1.9259523040894067,2.558466151700789
2021-07-28,-0.0186261882653915,18.31,1.26,1.06,0.7420138677672397,0.04590285659566984,0.9491805335938075,2.171270581528284,2.1051402877622083
2021-07-29,0.4206152980007482,17.7,1.28,1.08,0.7448990064729585,0.22516084614423448,0.9431718023220848,1.1506760073759947,0.8922570325197166
2021-07-30,-0.540604805147693,18.24,1.24,1.05,0.7542236305457749,0.9387443770432657,1.654970087181118,2.5962140498486663,1.671578444995614
2021-08-02,-0.1842805614891363,19.46,1.2,1.03,0.7399369130735309,1.0300499593540513,2.109560658633658,3.2282815709550494,1.27393681668726
2021-08-03,0.82034265474622,18.04,1.19,1.02,0.7572671609166071,0.307475395510437,0.5636294570988909,2.2502125325836397,1.3011155904586236
2021-08-04,-0.4632387901412294,17.97,1.19,1.02,0.7648532988984545,0.9028632369812106,-0.054288467288521325,2.758098131367648,1.6147020489210462
2021-08-05,0.6005446813494242,17.28,1.23,1.02,0.7426996075918675,0.7163979085851091,-0.5260728467410325,2.4350340989882424,0.08783131184615378
2021-08-06,0.1675266241764728,16.15,1.31,1.1,0.7046218127667392,0.7095647113089187,0.11607977245853274,2.2294536216349803,-1.7759423763588633
2021-08-09,-0.0939908274197431,16.72,1.33,1.1,0.7027135325690382,1.0685045684070138,1.0644395514909144,1.9781760368244417,-1.7634021349380857
2021-08-10,0.0992679334170132,16.79,1.36,1.12,0.6961315715409726,0.2553688651603325,1.1152303030089739,1.7427131170057342,-0.9265760586295801
2021-08-11,0.127574378768247,16.06,1.35,1.12,0.696167365625519,-0.948587258640754,1.2105992752737382,1.1450907754360085,0.14788873579150152
2021-08-12,0.4146380281677686,15.59,1.36,1.13,0.6931418431858729,-1.233633034070436,0.20556537044456036,-0.05043904297165058,-0.11993502470498685
2021-08-13,0.1607306655808216,15.45,1.29,1.06,0.6621651789438463,-0.5893034495299765,0.9259202593442373,0.016337969309554445,-0.5570755756210688
2021-08-16,0.2620850702215849,16.12,1.26,1.05,0.5185863495837202,-0.004022041221896089,1.0956083887790014,-0.8183600404863656,-2.836792543113742
2021-08-17,-0.706069881494753,17.91,1.26,1.03,0.4698712856587736,0.8576712126062036,1.6771302752196737,0.7333527412853869,-1.9923228815803329
2021-08-18,-1.0748470745585936,21.57,1.27,1.04,0.5148461750544792,2.179864450346125,2.8139142295622532,1.6698970777384359,-2.1073702308529008
2021-08-19,0.1256692232909584,21.67,1.24,1.02,0.5139377480716145,1.4571745916415635,2.9767669081437687,0.6171508214824151,-1.106717685472769
2021-08-20,0.8141567655737925,18.56,1.26,1.03,0.4956686988929392,1.524205906861309,2.1109234939878707,-1.889828440264063,-3.179208798070432
2021-08-23,0.8523790364248329,17.15,1.25,1.02,0.5269628134169863,1.099674659369021,0.9041127516152603,-2.798058049872476,-2.9871342915478105
2021-08-24,0.1495736301319494,17.22,1.29,1.05,0.5117383261017694,0.8124905649329106,0.6205621172165277,-2.019286664847597,-2.734593997974921
2021-08-25,0.2220118224179668,16.79,1.35,1.12,0.5117136894190685,0.6205232142622474,-0.06472494018101571,-1.049999256097578,-2.1447086764108114
2021-08-26,-0.5824918819612557,18.84,1.34,1.09,0.5284196585818047,1.497767232941838,-0.25547923657717186,-0.32483265170580866,-1.75973503914989
2021-08-27,0.8807632480425154,16.39,1.31,1.09,0.5390711541965383,0.5779090630512185,-0.9012375489838242,-1.4693904510897915,-2.852797061556389
2021-08-30,0.4306570844779589,16.19,1.29,1.09,0.5377605719716523,-0.19343475477311411,-1.8932260854545802,-3.889784130651963,-2.9770046367195713
2021-08-31,-0.1349116039505049,16.48,1.3,1.1,0.5181207324059979,-0.19038161505663398,-0.9282102389983282,-3.6089267536047576,-1.1881827682500234
2021-09-01,0.0311688625761918,16.11,1.31,1.11,0.5007021466897149,-0.6810222532674493,-1.1127065440476258,-4.786593815917739,-0.482044438704643
2021-09-02,0.2842638410522902,16.41,1.29,1.09,0.49018605461425,-1.7273744214443942,-2.2914062632847454,-3.965442610233627,-0.429237944675287
2021-09-03,-0.0335031125715312,16.41,1.33,1.12,0.4912526939260431,-1.4706476062330776,-3.918045001803838,-5.1807701968044295,0.3405397125668008
2021-09-07,-0.3395574405981705,18.14,1.38,1.16,0.4996548640930983,-1.7030856903101022,-3.668998914445598,-3.8563810106944874,1.0513177087272396
2021-09-08,-0.1318566739775151,17.96,1.35,1.13,0.5023183479909022,-0.7392359933649284,-2.6235679134736567,-3.3344636966775365,1.4878730407000829
2021-09-09,-0.4605608657393345,18.8,1.3,1.07,0.5168611483427554,-0.43464431528986713,-0.9859124471582104,-2.081330876394505,1.8480943192676458
2021-09-10,-0.7722578759925436,20.95,1.35,1.12,0.5413421462032532,-0.5739460389093787,-0.06953105253084679,-1.5081087071846189,3.1281039968009017
2021-09-13,0.227648761845689,19.37,1.33,1.12,0.5426005602696705,-2.4839272116494504,-0.5733198761052161,-1.9693076525927333,3.081113153168835
2021-09-14,-0.574663850657553,19.46,1.28,1.07,0.5536549876172268,-1.9999745037181604,-2.035086840116085,-1.1046928851304094,3.153175906241046
2021-09-15,0.8473996979569742,18.18,1.31,1.1,0.5641077034970101,-1.8983653198385242,-2.705832327318747,-0.2624082293040786,3.291803090327994
2021-09-16,-0.1551140448935006,18.69,1.34,1.11,0.5027610975831224,-0.5536746472478149,-3.7152268440905245,0.6377584857491181,3.653935199875291
2021-09-17,-0.9110872450405094,20.81,1.37,1.14,0.5495167788992895,0.507326768269345,-1.7132948934458492,1.9058388289030281,4.795296862541454
2021-09-20,-1.697731100841482,25.71,1.31,1.08,0.6408520591930278,1.9592742826006093,-1.3142168006721966,4.4322419485017805,6.997511636824183
2021-09-21,-0.0812358516559363,24.36,1.33,1.11,0.6011049553865965,-0.035828905370316466,-0.19451899610436474,4.900101286169134,7.776405513621376
2021-09-22,0.9519611195260236,20.87,1.32,1.07,0.646515771694495,-0.8230923063746953,-0.730049117606002,4.2222135952983075,7.206555503395862
2021-09-23,1.2134715784494876,18.63,1.41,1.14,0.7076256463197528,-3.1791543685783963,-1.106325833333266,2.8622258069220807,6.31661420008498
2021-09-24,0.1461009046688222,17.75,1.47,1.18,0.6974717157585455,-2.209412719567283,-1.4395786088124862,3.199859945631478,6.2557601780597105
2021-09-27,-0.2776382621339612,18.76,1.48,1.17,0.6666802646072995,-3.2105868802083326,-1.4040374019810398,3.675505432465709,6.178788027396087
2021-09-28,-2.0364110556098214,23.25,1.54,1.23,0.7863086440229212,-0.1587469680350062,0.9497216145817999,5.296041795994566,7.494408079047332
2021-09-29,0.1569184219400332,22.56,1.55,1.25,0.7901849833465733,0.09381537591000022,2.511377769564649,6.164434684126219,8.101172559286596
2021-09-30,-1.1909714125195148,23.14,1.52,1.24,0.8196499005473578,2.140890757281766,4.520948834548388,7.653507197896481,9.40296966527514
2021-10-01,1.149147763018199,21.15,1.48,1.21,0.8701234898613177,0.78722720883877,3.6822210271728384,6.6220469481922395,8.578114319104579
2021-10-04,-1.2985898136748442,22.96,1.49,1.22,0.902865082693042,1.866474255806727,5.822985401622782,8.42241726015196,9.720453372797655
2021-10-05,1.052451466060922,21.3,1.54,1.26,0.9490253349679878,1.1102310407321125,5.1045496009128,7.986459690940828,8.945237245985638
2021-10-06,0.4102792854185466,21.0,1.53,1.23,0.9585329751594432,2.4152964741880334,4.98868254581013,7.994971842390064,8.348328546675265
2021-10-07,0.8298280656405366,19.54,1.58,1.26,0.9807652533483252,2.3301716478294487,4.01294791976996,7.505980636241971,7.113069829250018
2021-10-08,-0.1913723094788988,18.77,1.61,1.29,0.968348174542236,2.872381648455735,4.707202433753777,7.807737302917239,7.496288552678032
2021-10-12,-0.2416780558542108,19.85,1.59,1.24,0.9664024759435442,3.8840169689985604,5.151877116060377,7.690807239534458,8.003890685768699
2021-10-13,0.302251448379387,18.64,1.56,1.19,0.9633802885891256,3.950459334398704,4.305430576625735,6.483114920764832,5.231457820353014
2021-10-14,1.706310194558336,16.86,1.52,1.16,1.022850357357762,2.5126969898199736,3.563562400627718,5.452853050407058,4.831778733488368
2021-10-15,0.7460210377712606,16.3,1.59,1.18,1.035801681205572,1.6444575874765777,2.997062692481678,4.670853915089079,2.082474111257171
2021-10-18,0.337476955709759,16.31,1.59,1.15,1.0130343976542358,1.783589293740806,2.835419507698389,4.722018146822604,0.5370611342748077
2021-10-19,0.7393339551406308,15.7,1.65,1.24,0.9285458248611956,1.2204573754980297,2.4563962627435876,3.6830070106065538,1.2158052115046614
2021-10-20,0.3664029804016699,15.49,1.65,1.25,0.9262647821813532,0.3414811675676255,2.741946091744585,3.654159272511115,-0.005705046280179982
2021-10-21,0.2995871849622578,15.01,1.68,1.23,0.9113724742336448,1.0251075639070129,2.8634413002260217,3.2000077716940245,0.8651362639524596
2021-10-22,-0.1072553627413097,15.43,1.66,1.18,0.8822929034513053,1.3307219469797626,3.3582672026240212,2.9805153795577244,3.0643007371578435
2021-10-25,0.4748196569493546,15.24,1.64,1.17,0.8853726828127007,1.033398626690274,2.9611476546946625,2.663700351166276,2.8937238836794554
2021-10-26,0.1819795253519718,15.98,1.63,1.16,0.8793229290487106,1.2210366553280672,2.4145361862363712,2.7122802254499367,1.9692726051999454
2021-10-27,-0.5051568068462853,16.98,1.54,1.04,0.7297238997972901,2.392295684940371,2.0877957476425957,0.8878034811878432,3.465648433387525
2021-10-28,0.9829281576461124,16.53,1.57,1.07,0.7467070919916705,1.8196800584014294,1.8242812491045202,1.2245777409187975,1.5224759250537234
2021-10-29,0.1949334719149265,16.26,1.55,1.07,0.6601353660275554,2.000918592788792,1.6250863654285075,-0.8879754017405594,0.5679935590747753
2021-11-01,0.1800077143134126,16.41,1.58,1.08,0.6351434884757599,1.9080314571295665,1.83458058337862,-2.2349871128318433,2.028466733843848
2021-11-02,0.3680363085413196,16.03,1.56,1.1,0.5077420220843187,1.1791022601085777,1.1972027053512413,-1.2108478303858083,0.7655357106958194
2021-11-03,0.6461279195357994,15.1,1.6,1.13,0.4882857325541228,-0.2973855945516912,0.8878683103315188,-2.6743226525719477,-0.9113473895294599
2021-11-04,0.4181942361150437,15.44,1.53,1.12,0.4883096163394727,0.0045189600875295,0.3271973669300765,-1.9426776034462412,-2.4477326571033076
2021-11-05,0.3732799652949259,16.48,1.45,1.06,0.4770323096816554,-0.3684596497220749,-0.3654780921643841,-0.2844150481837171,-1.0826933209659662
2021-11-08,0.0887787911303616,17.22,1.51,1.06,0.4638079498932419,-0.07207564771953834,-0.28889276227370697,-0.06548467315196094,-0.16432853269046088
2021-11-09,-0.3498775895770745,17.78,1.46,1.05,0.471970982214168,0.017889509630264477,0.29072439352957336,-0.4347659986730257,0.8097293792108218
2021-11-10,-0.8225823395229703,18.73,1.56,1.05,0.5424964349971759,1.1887891926918748,-1.1754512453389099,1.3496742442661747,3.0525205307242897
2021-11-12,0.7222656026415475,16.29,1.58,1.05,0.4457609113567786,0.32266382579304587,-0.5889592352913975,-0.29639818749365165,2.2101924648795013
2021-11-15,-0.0010739820344718,16.49,1.63,1.1,0.4346503092846453,0.0029925840222766453,-2.472875406110353,-1.0401888393507752,2.3545797066933716
2021-11-16,0.3865229864862485,16.37,1.63,1.09,0.4354297727347979,-0.21697349960940748,-3.996253210743528,0.1903932331772662,1.6556421055933468
2021-11-17,-0.2601625374463401,17.11,1.6,1.08,0.431459858955082,0.27278608380656433,-2.3795623508966246,-0.42656020434901354,1.6531394872695948
