{
  "evaluation_timestamp": "2025-10-30T03:29:50.717548",
  "statistical_metrics": {
    "mse": 1.173645257949829,
    "rmse": 1.0833491086959839,
    "mae": 0.7736886739730835,
    "mape": 120.07678747177124,
    "r2": 0.002648651599884033,
    "mean_error": 0.010049904696643353,
    "std_error": 1.08330237865448
  },
  "financial_metrics": {
    "directional_accuracy": 0.53046875,
    "sharpe_ratio": 0.8422846341102826,
    "max_drawdown": -0.22684623301029205,
    "total_return": 0.9175010919570923,
    "hit_rate": 0.50234375,
    "num_trades": 1200,
    "precision": 0.5358333333333334,
    "recall": 0.9359534206695779,
    "f1_score": 0.681505034446211,
    "confusion_matrix": [
      [
        36,
        557
      ],
      [
        44,
        643
      ]
    ],
    "auc_roc": 0.4944156841952817,
    "alpha": -0.004106998443603516
  },
  "residual_diagnostics": {
    "normality_p_value": 7.777826812516792e-39,
    "acf_lag1": -0.03041547217912957,
    "skewness": -0.029228113846592154,
    "kurtosis": 6.289706323745898
  },
  "mode_stats": {
    "healthy_days": 527,
    "degraded_days": 43,
    "unidirectional_days": 661,
    "weak_collapse_days": 44,
    "strong_collapse_days": 5,
    "total_days": 1280,
    "healthy_pct": 41.171875,
    "degraded_pct": 3.359375,
    "unidirectional_pct": 51.64062499999999,
    "weak_collapse_pct": 3.4375000000000004,
    "strong_collapse_pct": 0.390625
  },
  "collapse_detected": true,
  "degradation_detected": true,
  "checkpoint_used": "experiments/01_staleness_features_fixed/sweep_stale_h18_drop0.20_lr3/checkpoints/tft-epoch=96-val_loss=0.3954.ckpt"
}