{
  "evaluation_timestamp": "2025-10-22T23:16:13.527106",
  "statistical_metrics": {
    "mse": 1.1917247772216797,
    "rmse": 1.0916614532470703,
    "mae": 0.7783743739128113,
    "mape": 257.83519744873047,
    "r2": -0.01271522045135498,
    "mean_error": -0.12458281219005585,
    "std_error": 1.0845293998718262
  },
  "financial_metrics": {
    "directional_accuracy": 0.53671875,
    "sharpe_ratio": 0.8329736080938573,
    "max_drawdown": -0.2524605989456177,
    "total_return": 0.9216080904006958,
    "hit_rate": 0.53671875,
    "num_trades": 1280,
    "precision": 0.53671875,
    "recall": 1.0,
    "f1_score": 0.6985256736146417,
    "confusion_matrix": [
      [
        0,
        593
      ],
      [
        0,
        687
      ]
    ],
    "auc_roc": 0.5212928120650677,
    "alpha": 0.0
  },
  "residual_diagnostics": {
    "normality_p_value": 3.2270823188846216e-40,
    "acf_lag1": -0.03676983834880269,
    "skewness": 0.08655200701780444,
    "kurtosis": 6.547191040089476
  },
  "checkpoint_used": "experiments/sweep_stale_h18_drop0.20_lr3/checkpoints/tft-epoch=01-val_loss=0.0761.ckpt"
}