{
  "period_statistics": {
    "2020": {
      "n_samples": 92,
      "entropy_mean": 2.990938901901245,
      "entropy_std": 0.002964121289551258,
      "attention_concentration": 0.05038397014141083,
      "top_features": [
        [
          "t-1",
          0.060899797827005386
        ],
        [
          "t-2",
          0.058275364339351654
        ],
        [
          "t-3",
          0.055938854813575745
        ],
        [
          "t-20",
          0.05443268269300461
        ],
        [
          "t-4",
          0.05392605438828468
        ]
      ],
      "mean_attention": [
        0.05443268269300461,
        0.04914960637688637,
        0.0481693260371685,
        0.04702425375580788,
        0.046270858496427536,
        0.04593563452363014,
        0.04584645852446556,
        0.045936428010463715,
        0.04617808759212494,
        0.04652663320302963,
        0.047007784247398376,
        0.04764030873775482,
        0.04845033586025238,
        0.04947545379400253,
        0.050712864845991135,
        0.05220317840576172,
        0.05392605438828468,
        0.055938854813575745,
        0.058275364339351654,
        0.060899797827005386
      ],
      "std_attention": [
        0.002869929186999798,
        0.0022685278672724962,
        0.0021809665486216545,
        0.002050543436780572,
        0.0020626713521778584,
        0.0019773130770772696,
        0.0019289758056402206,
        0.0019323641899973154,
        0.0019980522338300943,
        0.0020414995960891247,
        0.002097161253914237,
        0.002149960957467556,
        0.002179235452786088,
        0.0021955929696559906,
        0.0022162350360304117,
        0.002271931152790785,
        0.0023834891617298126,
        0.002572668017819524,
        0.0029261005111038685,
        0.003475996432825923
      ]
    },
    "2021": {
      "n_samples": 250,
      "entropy_mean": 2.947988986968994,
      "entropy_std": 0.030334334820508957,
      "attention_concentration": 0.050312791019678116,
      "top_features": [
        [
          "t-1",
          0.058099135756492615
        ],
        [
          "t-2",
          0.056715842336416245
        ],
        [
          "t-20",
          0.055846698582172394
        ],
        [
          "t-3",
          0.055312201380729675
        ],
        [
          "t-4",
          0.053894419223070145
        ]
      ],
      "mean_attention": [
        0.055846698582172394,
        0.050345487892627716,
        0.04905473068356514,
        0.047657307237386703,
        0.04667051136493683,
        0.04609556496143341,
        0.04575059190392494,
        0.04570235684514046,
        0.045911431312561035,
        0.046272918581962585,
        0.04685651510953903,
        0.04766036570072174,
        0.04868011549115181,
        0.049855660647153854,
        0.05114014446735382,
        0.05247797071933746,
        0.053894419223070145,
        0.055312201380729675,
        0.056715842336416245,
        0.058099135756492615
      ],
      "std_attention": [
        0.0214115958660841,
        0.018894845619797707,
        0.017790572717785835,
        0.01658512093126774,
        0.01549637783318758,
        0.014731109142303467,
        0.014083383604884148,
        0.013610281981527805,
        0.013377060182392597,
        0.013233141973614693,
        0.013192232698202133,
        0.01322818361222744,
        0.013396183028817177,
        0.013680069707334042,
        0.014204513281583786,
        0.014724474400281906,
        0.015257800929248333,
        0.015817536041140556,
        0.016643181443214417,
        0.017711343243718147
      ]
    },
    "2022": {
      "n_samples": 249,
      "entropy_mean": 2.9830901622772217,
      "entropy_std": 0.009424005635082722,
      "attention_concentration": 0.05057960003614426,
      "top_features": [
        [
          "t-20",
          0.06746072322130203
        ],
        [
          "t-19",
          0.06085607409477234
        ],
        [
          "t-18",
          0.05677120015025139
        ],
        [
          "t-17",
          0.052905648946762085
        ],
        [
          "t-16",
          0.05029792711138725
        ]
      ],
      "mean_attention": [
        0.06746072322130203,
        0.06085607409477234,
        0.05677120015025139,
        0.052905648946762085,
        0.05029792711138725,
        0.04860902577638626,
        0.04763983190059662,
        0.04707113280892372,
        0.046739522367715836,
        0.046652376651763916,
        0.04670950770378113,
        0.046854808926582336,
        0.047065671533346176,
        0.04733136668801308,
        0.04758848622441292,
        0.047813139855861664,
        0.04793056845664978,
        0.04796775430440903,
        0.04793287813663483,
        0.047802362591028214
      ],
      "std_attention": [
        0.011586427688598633,
        0.009787431918084621,
        0.007976393215358257,
        0.006592821329832077,
        0.0056764716282486916,
        0.005067798309028149,
        0.0046599977649748325,
        0.00443546986207366,
        0.004258164204657078,
        0.004196139518171549,
        0.0041925981640815735,
        0.004225775599479675,
        0.004315830767154694,
        0.004558589309453964,
        0.004890247248113155,
        0.005248003173619509,
        0.005659166257828474,
        0.006080932449549437,
        0.006468296516686678,
        0.006841684225946665
      ]
    },
    "2023": {
      "n_samples": 249,
      "entropy_mean": 2.9284255504608154,
      "entropy_std": 0.058721352368593216,
      "attention_concentration": 0.05117221176624298,
      "top_features": [
        [
          "t-1",
          0.06399539113044739
        ],
        [
          "t-2",
          0.062472354620695114
        ],
        [
          "t-3",
          0.06073034927248955
        ],
        [
          "t-4",
          0.05878165364265442
        ],
        [
          "t-20",
          0.057762276381254196
        ]
      ],
      "mean_attention": [
        0.057762276381254196,
        0.05019575357437134,
        0.04632527753710747,
        0.043312497437000275,
        0.04152267426252365,
        0.0407080240547657,
        0.04069587588310242,
        0.041285090148448944,
        0.04236932098865509,
        0.04383169114589691,
        0.045583102852106094,
        0.047581590712070465,
        0.049760591238737106,
        0.052060216665267944,
        0.05438254773616791,
        0.056643757969141006,
        0.05878165364265442,
        0.06073034927248955,
        0.062472354620695114,
        0.06399539113044739
      ],
      "std_attention": [
        0.03314857557415962,
        0.02623984031379223,
        0.022705473005771637,
        0.019729286432266235,
        0.016970528289675713,
        0.01457396149635315,
        0.013098419643938541,
        0.012104670517146587,
        0.011357663199305534,
        0.010823249816894531,
        0.010528551414608955,
        0.010582981631159782,
        0.011077867820858955,
        0.012083197012543678,
        0.013430554419755936,
        0.015114448964595795,
        0.01690763048827648,
        0.01876676455140114,
        0.02068755403161049,
        0.0225861556828022
      ]
    },
    "2024": {
      "n_samples": 250,
      "entropy_mean": 2.817021369934082,
      "entropy_std": 0.1392263025045395,
      "attention_concentration": 0.05545763671398163,
      "top_features": [
        [
          "t-1",
          0.08632150292396545
        ],
        [
          "t-2",
          0.08083207160234451
        ],
        [
          "t-3",
          0.0753932073712349
        ],
        [
          "t-4",
          0.06997261941432953
        ],
        [
          "t-5",
          0.06449071317911148
        ]
      ],