
[INFO] Using AUTO device selection.

[INFO] Patched matplotlib.Axes.errorbar to abs() negative yerr for robustness.
======================================================================
Training TFT: 12_feature_ablation/macro_heavy_weekly_7q_h1_s42
======================================================================
Logging to: experiments/12_feature_ablation/macro_heavy_weekly_7q_h1_s42/training_20251212_163042.log
Started at: 2025-12-12 16:30:42
======================================================================

Loading data splits...
Train: 1239 samples
Val: 242 samples
Test: 243 samples

Preparing TimeSeriesDataSet...

Dropping source columns (used for staleness only): ['CPI']

Final features for TFT: ['SP500_Returns', 'VIX', 'Inflation_YoY', 'Unemployment', 'Fed_Rate', 'Consumer_Sentiment', 'Industrial_Production', 'cumret_5', 'cumret_10', 'cumret_20', 'cumret_30']

======================================================================
FEATURE STATISTICS - BEFORE NORMALIZATION
======================================================================
VIX                             mean= 19.8508  std=  8.0207  min=  9.9050  max= 72.9160
Inflation_YoY                   mean=  2.5793  std=  1.1667  min= -2.1498  max=  6.7300
Unemployment                    mean=  6.1459  std=  1.6082  min=  3.9000  max= 10.2000
Fed_Rate                        mean=  3.1088  std=  2.2266  min=  0.0700  max=  6.9100
Consumer_Sentiment              mean= 86.2427  std= 12.9735  min= 55.3000  max=112.0000
Industrial_Production           mean=115.3436  std= 14.4179  min= 92.5354  max=148.8140

======================================================================
TARGET CONFIGURATION
======================================================================
Target variable: SP500_Returns
  Mode: Point return prediction (single-step)
  Target stats: mean=0.1733, std=2.3081
  Dropping unused cumret columns: ['cumret_5', 'cumret_10', 'cumret_20', 'cumret_30']
======================================================================

======================================================================
FEATURES AFTER GROUPNORMALIZER (first batch, last timestep)
======================================================================
VIX                             normalized_value=  1.0000
Inflation_YoY                   normalized_value= -0.0833
Unemployment                    normalized_value= -0.9246
Fed_Rate                        normalized_value= -0.0380
Consumer_Sentiment              normalized_value= -0.3396
Industrial_Production           normalized_value=  1.1193
======================================================================

Configuration saved to: experiments/12_feature_ablation/macro_heavy_weekly_7q_h1_s42/config.json
[DEBUG] VIX train values: [31.318 31.68  23.47  21.908 22.596]
[DEBUG] VIX val values: [14.06  13.318 12.54  13.62  14.158]
Batches per epoch: 76
[DEBUG] Validation batches: 15
[DEBUG] Validation dataset size: 230
[DEBUG] Batch size: 16

Initializing model...

Quantile configuration: 7q
  Quantiles: [0.02, 0.1, 0.25, 0.5, 0.75, 0.9, 0.98]
  Output size: 7
  Median index: 3

Using standard QuantileLoss (no penalties)

[REGIME OUTPUT] Disabled (using baseline output layer)

[STALENESS ATTENTION] Disabled

================================================================================
BASELINE MODEL FEATURE CONFIGURATION (after from_dataset)
================================================================================
tft.hparams.time_varying_reals_encoder: ['relative_time_idx', 'VIX', 'Inflation_YoY', 'Unemployment', 'Fed_Rate', 'Consumer_Sentiment', 'Industrial_Production']
  Count: 7

tft.hparams.time_varying_reals_decoder: ['relative_time_idx']
  Count: 1

tft.hparams.x_reals (all reals passed to model): ['encoder_length', 'relative_time_idx', 'VIX', 'Inflation_YoY', 'Unemployment', 'Fed_Rate', 'Consumer_Sentiment', 'Industrial_Production']
  Count: 8

Encoder VSN configuration:
  num_inputs: 7
  input_sizes: {'relative_time_idx': 16, 'VIX': 16, 'Inflation_YoY': 16, 'Unemployment': 16, 'Fed_Rate': 16, 'Consumer_Sentiment': 16, 'Industrial_Production': 16}
  flattened_grn.fc1: in_features=112, out_features=7
  -> Params in fc1: 784 (should be 5*16*5=400 if 5 features)
================================================================================

Model parameters: 25,425

Starting training...
Checkpoints will be saved to: experiments/12_feature_ablation/macro_heavy_weekly_7q_h1_s42/checkpoints/
Logs will be saved to: experiments/12_feature_ablation/macro_heavy_weekly_7q_h1_s42/logs/

[DEBUG CollapseMonitor] on_validation_epoch_start called for epoch 0
[DEBUG CollapseMonitor] reset_temporal_state() called on loss function
Epoch 0: val_loss=N/A
[DEBUG CollapseMonitor] on_validation_epoch_start called for epoch 0
[DEBUG CollapseMonitor] reset_temporal_state() called on loss function
Epoch 0: val_loss=1.2280813455581665
Epoch 0: train_loss=1.6653398275375366

[CollapseMonitor] Epoch 0
  [DEBUG] Processed 15 batches from val_dataloader
  [DEBUG] Predictions shape after concat: (230,)
  Pred std: 0.075840, range: 0.272784, mean: 0.071005
  Pos: 78.7%, Neg: 21.3%, Unique: 230
  Dir Acc: 53.04%, Pred Sharpe: 14.8624
  Composite: 0.4843 (dist_match: 0.8261, actual_pos: 61.3%, pred_pos: 78.7%)
  Collapse penalty: 0.000000 (threshold: 0.005000)
  Saved validation predictions to: experiments/12_feature_ablation/macro_heavy_weekly_7q_h1_s42/collapse_monitoring/val_predictions_epoch0.npy
  Gradient norms:
    lstm_encoder: 0.042410
    lstm_decoder: 0.044205
    output_layer: 1.557419
  VSN output std:
    encoder: 0.164540
  Attention entropy: 2.483006
  Saved to: experiments/12_feature_ablation/macro_heavy_weekly_7q_h1_s42/collapse_monitoring/collapse_monitor_latest.json
[DEBUG CollapseMonitor] on_validation_epoch_start called for epoch 1
[DEBUG CollapseMonitor] reset_temporal_state() called on loss function
Epoch 1: val_loss=1.0237624645233154
Epoch 1: train_loss=1.4562888145446777

[CollapseMonitor] Epoch 1
  [DEBUG] Processed 15 batches from val_dataloader
  [DEBUG] Predictions shape after concat: (230,)
  Pred std: 0.056217, range: 0.213403, mean: 0.248912
  Pos: 100.0%, Neg: 0.0%, Unique: 229
  Dir Acc: 61.30%, Pred Sharpe: 70.2878
  Composite: 0.4944 (dist_match: 0.6130, actual_pos: 61.3%, pred_pos: 100.0%)
  Collapse penalty: 0.000000 (threshold: 0.005000)
  Saved validation predictions to: experiments/12_feature_ablation/macro_heavy_weekly_7q_h1_s42/collapse_monitoring/val_predictions_epoch1.npy
  Gradient norms:
    lstm_encoder: 0.032725
    lstm_decoder: 0.032509
    output_layer: 1.277917
  VSN output std:
    encoder: 0.161764
  Attention entropy: 2.483216
  Saved to: experiments/12_feature_ablation/macro_heavy_weekly_7q_h1_s42/collapse_monitoring/collapse_monitor_latest.json
[DEBUG CollapseMonitor] on_validation_epoch_start called for epoch 2
[DEBUG CollapseMonitor] reset_temporal_state() called on loss function
Epoch 2: val_loss=0.9084255695343018
Epoch 2: train_loss=1.2764712572097778

[CollapseMonitor] Epoch 2
  [DEBUG] Processed 15 batches from val_dataloader
  [DEBUG] Predictions shape after concat: (230,)
  Pred std: 0.041545, range: 0.162069, mean: 0.327674
  Pos: 100.0%, Neg: 0.0%, Unique: 230
  Dir Acc: 61.30%, Pred Sharpe: 125.2042
  Composite: 0.4944 (dist_match: 0.6130, actual_pos: 61.3%, pred_pos: 100.0%)
  Collapse penalty: 0.000000 (threshold: 0.005000)
  Saved validation predictions to: experiments/12_feature_ablation/macro_heavy_weekly_7q_h1_s42/collapse_monitoring/val_predictions_epoch2.npy
  Gradient norms:
    lstm_encoder: 0.023055
    lstm_decoder: 0.021821
    output_layer: 1.019488
  VSN output std:
    encoder: 0.159817
  Attention entropy: 2.483303
  Saved to: experiments/12_feature_ablation/macro_heavy_weekly_7q_h1_s42/collapse_monitoring/collapse_monitor_latest.json
[DEBUG CollapseMonitor] on_validation_epoch_start called for epoch 3
[DEBUG CollapseMonitor] reset_temporal_state() called on loss function
Epoch 3: val_loss=0.8447675108909607
Epoch 3: train_loss=1.1508500576019287

[CollapseMonitor] Epoch 3
  [DEBUG] Processed 15 batches from val_dataloader
  [DEBUG] Predictions shape after concat: (230,)
  Pred std: 0.032896, range: 0.129057, mean: 0.348287
  Pos: 100.0%, Neg: 0.0%, Unique: 230
  Dir Acc: 61.30%, Pred Sharpe: 168.0707
  Composite: 0.4944 (dist_match: 0.6130, actual_pos: 61.3%, pred_pos: 100.0%)
  Collapse penalty: 0.000000 (threshold: 0.005000)
  Saved validation predictions to: experiments/12_feature_ablation/macro_heavy_weekly_7q_h1_s42/collapse_monitoring/val_predictions_epoch3.npy
  Gradient norms:
    lstm_encoder: 0.017895
    lstm_decoder: 0.016639
    output_layer: 0.812917
  VSN output std:
    encoder: 0.157891
  Attention entropy: 2.483352
  Saved to: experiments/12_feature_ablation/macro_heavy_weekly_7q_h1_s42/collapse_monitoring/collapse_monitor_latest.json
[DEBUG CollapseMonitor] on_validation_epoch_start called for epoch 4
[DEBUG CollapseMonitor] reset_temporal_state() called on loss function
Epoch 4: val_loss=0.8098337054252625
Epoch 4: train_loss=1.07988440990448

[CollapseMonitor] Epoch 4
  [DEBUG] Processed 15 batches from val_dataloader
  [DEBUG] Predictions shape after concat: (230,)
  Pred std: 0.030261, range: 0.118495, mean: 0.332907
  Pos: 100.0%, Neg: 0.0%, Unique: 227
  Dir Acc: 61.30%, Pred Sharpe: 174.6371
  Composite: 0.4944 (dist_match: 0.6130, actual_pos: 61.3%, pred_pos: 100.0%)
  Collapse penalty: 0.000000 (threshold: 0.005000)
  Saved validation predictions to: experiments/12_feature_ablation/macro_heavy_weekly_7q_h1_s42/collapse_monitoring/val_predictions_epoch4.npy
  Gradient norms:
    lstm_encoder: 0.015424
    lstm_decoder: 0.013802
    output_layer: 0.670926
  VSN output std:
    encoder: 0.156661
  Attention entropy: 2.483505
  Saved to: experiments/12_feature_ablation/macro_heavy_weekly_7q_h1_s42/collapse_monitoring/collapse_monitor_latest.json
[DEBUG CollapseMonitor] on_validation_epoch_start called for epoch 5
[DEBUG CollapseMonitor] reset_temporal_state() called on loss function
Epoch 5: val_loss=0.7879722118377686
Epoch 5: train_loss=1.0358964204788208

[CollapseMonitor] Epoch 5
  [DEBUG] Processed 15 batches from val_dataloader
  [DEBUG] Predictions shape after concat: (230,)
  Pred std: 0.030101, range: 0.115664, mean: 0.316142
  Pos: 100.0%, Neg: 0.0%, Unique: 229
  Dir Acc: 61.30%, Pred Sharpe: 166.7224
  Composite: 0.4944 (dist_match: 0.6130, actual_pos: 61.3%, pred_pos: 100.0%)
  Collapse penalty: 0.000000 (threshold: 0.005000)
  Saved validation predictions to: experiments/12_feature_ablation/macro_heavy_weekly_7q_h1_s42/collapse_monitoring/val_predictions_epoch5.npy
  Gradient norms:
    lstm_encoder: 0.014228
    lstm_decoder: 0.012990
    output_layer: 0.587836
  VSN output std:
    encoder: 0.157720
  Attention entropy: 2.483801
  Saved to: experiments/12_feature_ablation/macro_heavy_weekly_7q_h1_s42/collapse_monitoring/collapse_monitor_latest.json
[DEBUG CollapseMonitor] on_validation_epoch_start called for epoch 6
[DEBUG CollapseMonitor] reset_temporal_state() called on loss function
Epoch 6: val_loss=0.7757475972175598
Epoch 6: train_loss=0.9930294156074524

[CollapseMonitor] Epoch 6
  [DEBUG] Processed 15 batches from val_dataloader
  [DEBUG] Predictions shape after concat: (230,)
  Pred std: 0.025373, range: 0.096135, mean: 0.270769
  Pos: 100.0%, Neg: 0.0%, Unique: 230
  Dir Acc: 61.30%, Pred Sharpe: 169.4058
  Composite: 0.4944 (dist_match: 0.6130, actual_pos: 61.3%, pred_pos: 100.0%)
  Collapse penalty: 0.000000 (threshold: 0.005000)
  Saved validation predictions to: experiments/12_feature_ablation/macro_heavy_weekly_7q_h1_s42/collapse_monitoring/val_predictions_epoch6.npy
  Gradient norms:
    lstm_encoder: 0.011761
    lstm_decoder: 0.010430
    output_layer: 0.473652
  VSN output std:
    encoder: 0.157595
  Attention entropy: 2.483870
  Saved to: experiments/12_feature_ablation/macro_heavy_weekly_7q_h1_s42/collapse_monitoring/collapse_monitor_latest.json
[DEBUG CollapseMonitor] on_validation_epoch_start called for epoch 7
[DEBUG CollapseMonitor] reset_temporal_state() called on loss function
Epoch 7: val_loss=0.7686734795570374
Epoch 7: train_loss=0.9764350056648254

[CollapseMonitor] Epoch 7
  [DEBUG] Processed 15 batches from val_dataloader
  [DEBUG] Predictions shape after concat: (230,)
  Pred std: 0.025118, range: 0.093521, mean: 0.208503
  Pos: 100.0%, Neg: 0.0%, Unique: 229
  Dir Acc: 61.30%, Pred Sharpe: 131.7750
  Composite: 0.4944 (dist_match: 0.6130, actual_pos: 61.3%, pred_pos: 100.0%)
  Collapse penalty: 0.000000 (threshold: 0.005000)
  Saved validation predictions to: experiments/12_feature_ablation/macro_heavy_weekly_7q_h1_s42/collapse_monitoring/val_predictions_epoch7.npy
  Gradient norms:
    lstm_encoder: 0.011311
    lstm_decoder: 0.010034
    output_layer: 0.456439
  VSN output std:
    encoder: 0.158357
  Attention entropy: 2.483876
  Saved to: experiments/12_feature_ablation/macro_heavy_weekly_7q_h1_s42/collapse_monitoring/collapse_monitor_latest.json
[DEBUG CollapseMonitor] on_validation_epoch_start called for epoch 8
[DEBUG CollapseMonitor] reset_temporal_state() called on loss function
Epoch 8: val_loss=0.7646437287330627
Epoch 8: train_loss=0.9509752988815308

[CollapseMonitor] Epoch 8
  [DEBUG] Processed 15 batches from val_dataloader
  [DEBUG] Predictions shape after concat: (230,)
  Pred std: 0.026628, range: 0.098556, mean: 0.234350
  Pos: 100.0%, Neg: 0.0%, Unique: 230
  Dir Acc: 61.30%, Pred Sharpe: 139.7117
  Composite: 0.4944 (dist_match: 0.6130, actual_pos: 61.3%, pred_pos: 100.0%)
  Collapse penalty: 0.000000 (threshold: 0.005000)
  Saved validation predictions to: experiments/12_feature_ablation/macro_heavy_weekly_7q_h1_s42/collapse_monitoring/val_predictions_epoch8.npy
  Gradient norms:
    lstm_encoder: 0.010634
    lstm_decoder: 0.009155
    output_layer: 0.437340
  VSN output std:
    encoder: 0.157961
  Attention entropy: 2.483913
  Saved to: experiments/12_feature_ablation/macro_heavy_weekly_7q_h1_s42/collapse_monitoring/collapse_monitor_latest.json
[DEBUG CollapseMonitor] on_validation_epoch_start called for epoch 9
[DEBUG CollapseMonitor] reset_temporal_state() called on loss function
Epoch 9: val_loss=0.7618774175643921
Epoch 9: train_loss=0.960216224193573

[CollapseMonitor] Epoch 9
  [DEBUG] Processed 15 batches from val_dataloader
  [DEBUG] Predictions shape after concat: (230,)
  Pred std: 0.023411, range: 0.086448, mean: 0.335211
  Pos: 100.0%, Neg: 0.0%, Unique: 230
  Dir Acc: 61.30%, Pred Sharpe: 227.3001
  Composite: 0.4944 (dist_match: 0.6130, actual_pos: 61.3%, pred_pos: 100.0%)
  Collapse penalty: 0.000000 (threshold: 0.005000)
  Saved validation predictions to: experiments/12_feature_ablation/macro_heavy_weekly_7q_h1_s42/collapse_monitoring/val_predictions_epoch9.npy
  Gradient norms:
    lstm_encoder: 0.010054
    lstm_decoder: 0.008705
    output_layer: 0.424154
  VSN output std:
    encoder: 0.158381
  Attention entropy: 2.483956
  Saved to: experiments/12_feature_ablation/macro_heavy_weekly_7q_h1_s42/collapse_monitoring/collapse_monitor_latest.json
[DEBUG CollapseMonitor] on_validation_epoch_start called for epoch 10
[DEBUG CollapseMonitor] reset_temporal_state() called on loss function
Epoch 10: val_loss=0.7573304176330566
Epoch 10: train_loss=0.9530835151672363

[CollapseMonitor] Epoch 10
  [DEBUG] Processed 15 batches from val_dataloader
  [DEBUG] Predictions shape after concat: (230,)
  Pred std: 0.026965, range: 0.098553, mean: 0.201887
  Pos: 100.0%, Neg: 0.0%, Unique: 230
  Dir Acc: 61.30%, Pred Sharpe: 118.8530
  Composite: 0.4944 (dist_match: 0.6130, actual_pos: 61.3%, pred_pos: 100.0%)
  Collapse penalty: 0.000000 (threshold: 0.005000)
  Saved validation predictions to: experiments/12_feature_ablation/macro_heavy_weekly_7q_h1_s42/collapse_monitoring/val_predictions_epoch10.npy
  Gradient norms:
    lstm_encoder: 0.010060
    lstm_decoder: 0.008692
    output_layer: 0.408505
  VSN output std:
    encoder: 0.154487
  Attention entropy: 2.483885
  Saved to: experiments/12_feature_ablation/macro_heavy_weekly_7q_h1_s42/collapse_monitoring/collapse_monitor_latest.json
[DEBUG CollapseMonitor] on_validation_epoch_start called for epoch 11
[DEBUG CollapseMonitor] reset_temporal_state() called on loss function
Epoch 11: val_loss=0.7529436349868774
Epoch 11: train_loss=0.9437132477760315

[CollapseMonitor] Epoch 11
  [DEBUG] Processed 15 batches from val_dataloader
  [DEBUG] Predictions shape after concat: (230,)
  Pred std: 0.032226, range: 0.119020, mean: 0.246017
  Pos: 100.0%, Neg: 0.0%, Unique: 230
  Dir Acc: 61.30%, Pred Sharpe: 121.1865
  Composite: 0.4944 (dist_match: 0.6130, actual_pos: 61.3%, pred_pos: 100.0%)
  Collapse penalty: 0.000000 (threshold: 0.005000)
  Saved validation predictions to: experiments/12_feature_ablation/macro_heavy_weekly_7q_h1_s42/collapse_monitoring/val_predictions_epoch11.npy
  Gradient norms:
    lstm_encoder: 0.010386
    lstm_decoder: 0.008636
    output_layer: 0.416993
  VSN output std:
    encoder: 0.144359
  Attention entropy: 2.483713
  Saved to: experiments/12_feature_ablation/macro_heavy_weekly_7q_h1_s42/collapse_monitoring/collapse_monitor_latest.json
[DEBUG CollapseMonitor] on_validation_epoch_start called for epoch 12
[DEBUG CollapseMonitor] reset_temporal_state() called on loss function
Epoch 12: val_loss=0.7505744099617004
Epoch 12: train_loss=0.9437961578369141

[CollapseMonitor] Epoch 12
  [DEBUG] Processed 15 batches from val_dataloader
  [DEBUG] Predictions shape after concat: (230,)
  Pred std: 0.032286, range: 0.123468, mean: 0.229388
  Pos: 100.0%, Neg: 0.0%, Unique: 229
  Dir Acc: 61.30%, Pred Sharpe: 112.7883
  Composite: 0.4944 (dist_match: 0.6130, actual_pos: 61.3%, pred_pos: 100.0%)
  Collapse penalty: 0.000000 (threshold: 0.005000)
  Saved validation predictions to: experiments/12_feature_ablation/macro_heavy_weekly_7q_h1_s42/collapse_monitoring/val_predictions_epoch12.npy
  Gradient norms:
    lstm_encoder: 0.009776
    lstm_decoder: 0.008053
    output_layer: 0.401109
  VSN output std:
    encoder: 0.130309
  Attention entropy: 2.482315
  Saved to: experiments/12_feature_ablation/macro_heavy_weekly_7q_h1_s42/collapse_monitoring/collapse_monitor_latest.json
[DEBUG CollapseMonitor] on_validation_epoch_start called for epoch 13
[DEBUG CollapseMonitor] reset_temporal_state() called on loss function
Epoch 13: val_loss=0.7471526265144348
Epoch 13: train_loss=0.9356431365013123

[CollapseMonitor] Epoch 13
  [DEBUG] Processed 15 batches from val_dataloader
  [DEBUG] Predictions shape after concat: (230,)
  Pred std: 0.032930, range: 0.123018, mean: 0.267802
  Pos: 100.0%, Neg: 0.0%, Unique: 230
  Dir Acc: 61.30%, Pred Sharpe: 129.0979
  Composite: 0.4944 (dist_match: 0.6130, actual_pos: 61.3%, pred_pos: 100.0%)
  Collapse penalty: 0.000000 (threshold: 0.005000)
  Saved validation predictions to: experiments/12_feature_ablation/macro_heavy_weekly_7q_h1_s42/collapse_monitoring/val_predictions_epoch13.npy
  Gradient norms:
    lstm_encoder: 0.009922
    lstm_decoder: 0.008335
    output_layer: 0.394433
  VSN output std:
    encoder: 0.143883
  Attention entropy: 2.480531
  Saved to: experiments/12_feature_ablation/macro_heavy_weekly_7q_h1_s42/collapse_monitoring/collapse_monitor_latest.json
[DEBUG CollapseMonitor] on_validation_epoch_start called for epoch 14
[DEBUG CollapseMonitor] reset_temporal_state() called on loss function
Epoch 14: val_loss=0.7423952221870422
Epoch 14: train_loss=0.9345781207084656

[CollapseMonitor] Epoch 14
  [DEBUG] Processed 15 batches from val_dataloader
  [DEBUG] Predictions shape after concat: (230,)
  Pred std: 0.030232, range: 0.116230, mean: 0.226869
  Pos: 100.0%, Neg: 0.0%, Unique: 230
  Dir Acc: 61.30%, Pred Sharpe: 119.1269
  Composite: 0.4944 (dist_match: 0.6130, actual_pos: 61.3%, pred_pos: 100.0%)
  Collapse penalty: 0.000000 (threshold: 0.005000)
  Saved validation predictions to: experiments/12_feature_ablation/macro_heavy_weekly_7q_h1_s42/collapse_monitoring/val_predictions_epoch14.npy
  Gradient norms:
    lstm_encoder: 0.011268
    lstm_decoder: 0.009120
    output_layer: 0.428408
  VSN output std:
    encoder: 0.158004
  Attention entropy: 2.478415
  Saved to: experiments/12_feature_ablation/macro_heavy_weekly_7q_h1_s42/collapse_monitoring/collapse_monitor_latest.json
[DEBUG CollapseMonitor] on_validation_epoch_start called for epoch 15
[DEBUG CollapseMonitor] reset_temporal_state() called on loss function
Epoch 15: val_loss=0.7405970692634583
Epoch 15: train_loss=0.9213102459907532

[CollapseMonitor] Epoch 15
  [DEBUG] Processed 15 batches from val_dataloader
  [DEBUG] Predictions shape after concat: (230,)
  Pred std: 0.022837, range: 0.100003, mean: 0.242093
  Pos: 100.0%, Neg: 0.0%, Unique: 230
  Dir Acc: 61.30%, Pred Sharpe: 168.2815
  Composite: 0.4944 (dist_match: 0.6130, actual_pos: 61.3%, pred_pos: 100.0%)
  Collapse penalty: 0.000000 (threshold: 0.005000)
  Saved validation predictions to: experiments/12_feature_ablation/macro_heavy_weekly_7q_h1_s42/collapse_monitoring/val_predictions_epoch15.npy
  Gradient norms:
    lstm_encoder: 0.010167
    lstm_decoder: 0.007840
    output_layer: 0.345655
  VSN output std:
    encoder: 0.156548
  Attention entropy: 2.470883
  Saved to: experiments/12_feature_ablation/macro_heavy_weekly_7q_h1_s42/collapse_monitoring/collapse_monitor_latest.json
[DEBUG CollapseMonitor] on_validation_epoch_start called for epoch 16
[DEBUG CollapseMonitor] reset_temporal_state() called on loss function
Epoch 16: val_loss=0.7398481965065002
Epoch 16: train_loss=0.9226727485656738

[CollapseMonitor] Epoch 16
  [DEBUG] Processed 15 batches from val_dataloader
  [DEBUG] Predictions shape after concat: (230,)
  Pred std: 0.017313, range: 0.096768, mean: 0.279512
  Pos: 100.0%, Neg: 0.0%, Unique: 229
  Dir Acc: 61.30%, Pred Sharpe: 256.2819
  Composite: 0.4944 (dist_match: 0.6130, actual_pos: 61.3%, pred_pos: 100.0%)
  Collapse penalty: 0.000000 (threshold: 0.005000)
  Saved validation predictions to: experiments/12_feature_ablation/macro_heavy_weekly_7q_h1_s42/collapse_monitoring/val_predictions_epoch16.npy
  Gradient norms:
    lstm_encoder: 0.011298
    lstm_decoder: 0.008376
    output_layer: 0.363920
  VSN output std:
    encoder: 0.135970
  Attention entropy: 2.462336
  Saved to: experiments/12_feature_ablation/macro_heavy_weekly_7q_h1_s42/collapse_monitoring/collapse_monitor_latest.json
[DEBUG CollapseMonitor] on_validation_epoch_start called for epoch 17
[DEBUG CollapseMonitor] reset_temporal_state() called on loss function
Epoch 17: val_loss=0.7404310703277588
Epoch 17: train_loss=0.9184783101081848

[CollapseMonitor] Epoch 17
  [DEBUG] Processed 15 batches from val_dataloader
  [DEBUG] Predictions shape after concat: (230,)
  Pred std: 0.023075, range: 0.102623, mean: 0.295033
  Pos: 100.0%, Neg: 0.0%, Unique: 230
  Dir Acc: 61.30%, Pred Sharpe: 202.9683
  Composite: 0.4944 (dist_match: 0.6130, actual_pos: 61.3%, pred_pos: 100.0%)
  Collapse penalty: 0.000000 (threshold: 0.005000)
  Saved validation predictions to: experiments/12_feature_ablation/macro_heavy_weekly_7q_h1_s42/collapse_monitoring/val_predictions_epoch17.npy
  Gradient norms:
    lstm_encoder: 0.010224
    lstm_decoder: 0.008140
    output_layer: 0.385716
  VSN output std:
    encoder: 0.129160
  Attention entropy: 2.457685
  Saved to: experiments/12_feature_ablation/macro_heavy_weekly_7q_h1_s42/collapse_monitoring/collapse_monitor_latest.json
[DEBUG CollapseMonitor] on_validation_epoch_start called for epoch 18
[DEBUG CollapseMonitor] reset_temporal_state() called on loss function
Epoch 18: val_loss=0.7424765825271606
Epoch 18: train_loss=0.9167687296867371

[CollapseMonitor] Epoch 18
  [DEBUG] Processed 15 batches from val_dataloader
  [DEBUG] Predictions shape after concat: (230,)
  Pred std: 0.040274, range: 0.148943, mean: 0.268747
  Pos: 100.0%, Neg: 0.0%, Unique: 229
  Dir Acc: 61.30%, Pred Sharpe: 105.9296
  Composite: 0.4944 (dist_match: 0.6130, actual_pos: 61.3%, pred_pos: 100.0%)
  Collapse penalty: 0.000000 (threshold: 0.005000)
  Saved validation predictions to: experiments/12_feature_ablation/macro_heavy_weekly_7q_h1_s42/collapse_monitoring/val_predictions_epoch18.npy
  Gradient norms:
    lstm_encoder: 0.011107
    lstm_decoder: 0.009065
    output_layer: 0.407698
  VSN output std:
    encoder: 0.126815
  Attention entropy: 2.448122
  Saved to: experiments/12_feature_ablation/macro_heavy_weekly_7q_h1_s42/collapse_monitoring/collapse_monitor_latest.json
[DEBUG CollapseMonitor] on_validation_epoch_start called for epoch 19
[DEBUG CollapseMonitor] reset_temporal_state() called on loss function
Epoch 19: val_loss=0.742899477481842
Epoch 19: train_loss=0.9151046276092529

[CollapseMonitor] Epoch 19
  [DEBUG] Processed 15 batches from val_dataloader
  [DEBUG] Predictions shape after concat: (230,)
  Pred std: 0.058964, range: 0.194571, mean: 0.256608
  Pos: 100.0%, Neg: 0.0%, Unique: 229
  Dir Acc: 61.30%, Pred Sharpe: 69.0845
  Composite: 0.4944 (dist_match: 0.6130, actual_pos: 61.3%, pred_pos: 100.0%)
  Collapse penalty: 0.000000 (threshold: 0.005000)
  Saved validation predictions to: experiments/12_feature_ablation/macro_heavy_weekly_7q_h1_s42/collapse_monitoring/val_predictions_epoch19.npy
  Gradient norms:
    lstm_encoder: 0.011864
    lstm_decoder: 0.009002
    output_layer: 0.400287
  VSN output std:
    encoder: 0.121090
  Attention entropy: 2.444614
  Saved to: experiments/12_feature_ablation/macro_heavy_weekly_7q_h1_s42/collapse_monitoring/collapse_monitor_latest.json
[DEBUG CollapseMonitor] on_validation_epoch_start called for epoch 20
[DEBUG CollapseMonitor] reset_temporal_state() called on loss function
Epoch 20: val_loss=0.7411665916442871
Epoch 20: train_loss=0.9149441719055176

[CollapseMonitor] Epoch 20
  [DEBUG] Processed 15 batches from val_dataloader
  [DEBUG] Predictions shape after concat: (230,)
  Pred std: 0.055820, range: 0.191703, mean: 0.251067
  Pos: 100.0%, Neg: 0.0%, Unique: 230
  Dir Acc: 61.30%, Pred Sharpe: 71.4005
  Composite: 0.4944 (dist_match: 0.6130, actual_pos: 61.3%, pred_pos: 100.0%)
  Collapse penalty: 0.000000 (threshold: 0.005000)
  Saved validation predictions to: experiments/12_feature_ablation/macro_heavy_weekly_7q_h1_s42/collapse_monitoring/val_predictions_epoch20.npy
  Gradient norms:
    lstm_encoder: 0.012030
    lstm_decoder: 0.009374
    output_layer: 0.405638
  VSN output std:
    encoder: 0.144104
  Attention entropy: 2.388724
  Saved to: experiments/12_feature_ablation/macro_heavy_weekly_7q_h1_s42/collapse_monitoring/collapse_monitor_latest.json
[DEBUG CollapseMonitor] on_validation_epoch_start called for epoch 21
[DEBUG CollapseMonitor] reset_temporal_state() called on loss function
Epoch 21: val_loss=0.7416241765022278
Epoch 21: train_loss=0.9098922610282898

[CollapseMonitor] Epoch 21
  [DEBUG] Processed 15 batches from val_dataloader
  [DEBUG] Predictions shape after concat: (230,)
  Pred std: 0.077424, range: 0.235395, mean: 0.285919
  Pos: 100.0%, Neg: 0.0%, Unique: 230
  Dir Acc: 61.30%, Pred Sharpe: 58.6226
  Composite: 0.4944 (dist_match: 0.6130, actual_pos: 61.3%, pred_pos: 100.0%)
  Collapse penalty: 0.000000 (threshold: 0.005000)
  Saved validation predictions to: experiments/12_feature_ablation/macro_heavy_weekly_7q_h1_s42/collapse_monitoring/val_predictions_epoch21.npy
  Gradient norms:
    lstm_encoder: 0.012511
    lstm_decoder: 0.009198
    output_layer: 0.417612
  VSN output std:
    encoder: 0.147502
  Attention entropy: 2.379595
  Saved to: experiments/12_feature_ablation/macro_heavy_weekly_7q_h1_s42/collapse_monitoring/collapse_monitor_latest.json
[DEBUG CollapseMonitor] on_validation_epoch_start called for epoch 22
[DEBUG CollapseMonitor] reset_temporal_state() called on loss function
Epoch 22: val_loss=0.7423781752586365
Epoch 22: train_loss=0.9110916256904602

[CollapseMonitor] Epoch 22
  [DEBUG] Processed 15 batches from val_dataloader
  [DEBUG] Predictions shape after concat: (230,)
  Pred std: 0.080228, range: 0.240713, mean: 0.330836
  Pos: 100.0%, Neg: 0.0%, Unique: 229
  Dir Acc: 61.30%, Pred Sharpe: 65.4616
  Composite: 0.4944 (dist_match: 0.6130, actual_pos: 61.3%, pred_pos: 100.0%)
  Collapse penalty: 0.000000 (threshold: 0.005000)
  Saved validation predictions to: experiments/12_feature_ablation/macro_heavy_weekly_7q_h1_s42/collapse_monitoring/val_predictions_epoch22.npy
  Gradient norms:
    lstm_encoder: 0.012448
    lstm_decoder: 0.009070
    output_layer: 0.398921
  VSN output std:
    encoder: 0.144490
  Attention entropy: 2.403037
  Saved to: experiments/12_feature_ablation/macro_heavy_weekly_7q_h1_s42/collapse_monitoring/collapse_monitor_latest.json
[DEBUG CollapseMonitor] on_validation_epoch_start called for epoch 23
[DEBUG CollapseMonitor] reset_temporal_state() called on loss function
Epoch 23: val_loss=0.7455334067344666
Epoch 23: train_loss=0.9093303680419922

[CollapseMonitor] Epoch 23
  [DEBUG] Processed 15 batches from val_dataloader
  [DEBUG] Predictions shape after concat: (230,)
  Pred std: 0.064912, range: 0.226356, mean: 0.284908
  Pos: 100.0%, Neg: 0.0%, Unique: 230
  Dir Acc: 61.30%, Pred Sharpe: 69.6754
  Composite: 0.4944 (dist_match: 0.6130, actual_pos: 61.3%, pred_pos: 100.0%)
  Collapse penalty: 0.000000 (threshold: 0.005000)
  Saved validation predictions to: experiments/12_feature_ablation/macro_heavy_weekly_7q_h1_s42/collapse_monitoring/val_predictions_epoch23.npy
  Gradient norms:
    lstm_encoder: 0.012061
    lstm_decoder: 0.008932
    output_layer: 0.376853
  VSN output std:
    encoder: 0.142861
  Attention entropy: 2.433493
  Saved to: experiments/12_feature_ablation/macro_heavy_weekly_7q_h1_s42/collapse_monitoring/collapse_monitor_latest.json
[DEBUG CollapseMonitor] on_validation_epoch_start called for epoch 24
[DEBUG CollapseMonitor] reset_temporal_state() called on loss function
Epoch 24: val_loss=0.7428784966468811
Epoch 24: train_loss=0.9088033437728882

[CollapseMonitor] Epoch 24
  [DEBUG] Processed 15 batches from val_dataloader
  [DEBUG] Predictions shape after concat: (230,)
  Pred std: 0.063475, range: 0.203172, mean: 0.283585
  Pos: 100.0%, Neg: 0.0%, Unique: 230
  Dir Acc: 61.30%, Pred Sharpe: 70.9216
  Composite: 0.4944 (dist_match: 0.6130, actual_pos: 61.3%, pred_pos: 100.0%)
  Collapse penalty: 0.000000 (threshold: 0.005000)
  Saved validation predictions to: experiments/12_feature_ablation/macro_heavy_weekly_7q_h1_s42/collapse_monitoring/val_predictions_epoch24.npy
  Gradient norms:
    lstm_encoder: 0.013300
    lstm_decoder: 0.009501
    output_layer: 0.392565
  VSN output std:
    encoder: 0.144520
  Attention entropy: 2.415650
  Saved to: experiments/12_feature_ablation/macro_heavy_weekly_7q_h1_s42/collapse_monitoring/collapse_monitor_latest.json
[DEBUG CollapseMonitor] on_validation_epoch_start called for epoch 25
[DEBUG CollapseMonitor] reset_temporal_state() called on loss function
Epoch 25: val_loss=0.7425761818885803
Epoch 25: train_loss=0.9116209745407104

[CollapseMonitor] Epoch 25
  [DEBUG] Processed 15 batches from val_dataloader
  [DEBUG] Predictions shape after concat: (230,)
  Pred std: 0.061195, range: 0.201998, mean: 0.240271
  Pos: 100.0%, Neg: 0.0%, Unique: 230
  Dir Acc: 61.30%, Pred Sharpe: 62.3279
  Composite: 0.4944 (dist_match: 0.6130, actual_pos: 61.3%, pred_pos: 100.0%)
  Collapse penalty: 0.000000 (threshold: 0.005000)
  Saved validation predictions to: experiments/12_feature_ablation/macro_heavy_weekly_7q_h1_s42/collapse_monitoring/val_predictions_epoch25.npy
  Gradient norms:
    lstm_encoder: 0.012721
    lstm_decoder: 0.009664
    output_layer: 0.422496
  VSN output std:
    encoder: 0.139509
  Attention entropy: 2.404552
  Saved to: experiments/12_feature_ablation/macro_heavy_weekly_7q_h1_s42/collapse_monitoring/collapse_monitor_latest.json
[DEBUG CollapseMonitor] on_validation_epoch_start called for epoch 26
[DEBUG CollapseMonitor] reset_temporal_state() called on loss function
Epoch 26: val_loss=0.7452186942100525
Epoch 26: train_loss=0.9066972136497498

[CollapseMonitor] Epoch 26
  [DEBUG] Processed 15 batches from val_dataloader
  [DEBUG] Predictions shape after concat: (230,)
  Pred std: 0.062177, range: 0.210693, mean: 0.252582
  Pos: 100.0%, Neg: 0.0%, Unique: 230
  Dir Acc: 61.30%, Pred Sharpe: 64.4868
  Composite: 0.4944 (dist_match: 0.6130, actual_pos: 61.3%, pred_pos: 100.0%)
  Collapse penalty: 0.000000 (threshold: 0.005000)
  Saved validation predictions to: experiments/12_feature_ablation/macro_heavy_weekly_7q_h1_s42/collapse_monitoring/val_predictions_epoch26.npy
  Gradient norms:
    lstm_encoder: 0.013102
    lstm_decoder: 0.010092
    output_layer: 0.422360
  VSN output std:
    encoder: 0.140240
  Attention entropy: 2.418225
  Saved to: experiments/12_feature_ablation/macro_heavy_weekly_7q_h1_s42/collapse_monitoring/collapse_monitor_latest.json
[DEBUG CollapseMonitor] on_validation_epoch_start called for epoch 27
[DEBUG CollapseMonitor] reset_temporal_state() called on loss function
Epoch 27: val_loss=0.7466824650764465
Epoch 27: train_loss=0.91359943151474

[CollapseMonitor] Epoch 27
  [DEBUG] Processed 15 batches from val_dataloader
  [DEBUG] Predictions shape after concat: (230,)
  Pred std: 0.062500, range: 0.228464, mean: 0.276813
  Pos: 100.0%, Neg: 0.0%, Unique: 230
  Dir Acc: 61.30%, Pred Sharpe: 70.3082
  Composite: 0.4944 (dist_match: 0.6130, actual_pos: 61.3%, pred_pos: 100.0%)
  Collapse penalty: 0.000000 (threshold: 0.005000)
  Saved validation predictions to: experiments/12_feature_ablation/macro_heavy_weekly_7q_h1_s42/collapse_monitoring/val_predictions_epoch27.npy
  Gradient norms:
    lstm_encoder: 0.013217
    lstm_decoder: 0.009403
    output_layer: 0.398242
  VSN output std:
    encoder: 0.139131
  Attention entropy: 2.434184
  Saved to: experiments/12_feature_ablation/macro_heavy_weekly_7q_h1_s42/collapse_monitoring/collapse_monitor_latest.json
[DEBUG CollapseMonitor] on_validation_epoch_start called for epoch 28
[DEBUG CollapseMonitor] reset_temporal_state() called on loss function
Epoch 28: val_loss=0.7459899187088013
Epoch 28: train_loss=0.9091217517852783

[CollapseMonitor] Epoch 28
  [DEBUG] Processed 15 batches from val_dataloader
  [DEBUG] Predictions shape after concat: (230,)
  Pred std: 0.061908, range: 0.215842, mean: 0.257623
  Pos: 100.0%, Neg: 0.0%, Unique: 229
  Dir Acc: 61.30%, Pred Sharpe: 66.0599
  Composite: 0.4944 (dist_match: 0.6130, actual_pos: 61.3%, pred_pos: 100.0%)
  Collapse penalty: 0.000000 (threshold: 0.005000)
  Saved validation predictions to: experiments/12_feature_ablation/macro_heavy_weekly_7q_h1_s42/collapse_monitoring/val_predictions_epoch28.npy
  Gradient norms:
    lstm_encoder: 0.013950
    lstm_decoder: 0.009566
    output_layer: 0.402576
  VSN output std:
    encoder: 0.146463
  Attention entropy: 2.430881
  Saved to: experiments/12_feature_ablation/macro_heavy_weekly_7q_h1_s42/collapse_monitoring/collapse_monitor_latest.json
[DEBUG CollapseMonitor] on_validation_epoch_start called for epoch 29
[DEBUG CollapseMonitor] reset_temporal_state() called on loss function
Epoch 29: val_loss=0.7472744584083557
Epoch 29: train_loss=0.903785228729248

[CollapseMonitor] Epoch 29
  [DEBUG] Processed 15 batches from val_dataloader
  [DEBUG] Predictions shape after concat: (230,)
  Pred std: 0.062438, range: 0.230000, mean: 0.302656
  Pos: 100.0%, Neg: 0.0%, Unique: 229
  Dir Acc: 61.30%, Pred Sharpe: 76.9484
  Composite: 0.4944 (dist_match: 0.6130, actual_pos: 61.3%, pred_pos: 100.0%)
  Collapse penalty: 0.000000 (threshold: 0.005000)
  Saved validation predictions to: experiments/12_feature_ablation/macro_heavy_weekly_7q_h1_s42/collapse_monitoring/val_predictions_epoch29.npy
  Gradient norms:
    lstm_encoder: 0.014142
    lstm_decoder: 0.010421
    output_layer: 0.420590
  VSN output std:
    encoder: 0.142552
  Attention entropy: 2.440474
  Saved to: experiments/12_feature_ablation/macro_heavy_weekly_7q_h1_s42/collapse_monitoring/collapse_monitor_latest.json
[DEBUG CollapseMonitor] on_validation_epoch_start called for epoch 30
[DEBUG CollapseMonitor] reset_temporal_state() called on loss function
Epoch 30: val_loss=0.748024046421051
Epoch 30: train_loss=0.8991925120353699

[CollapseMonitor] Epoch 30
  [DEBUG] Processed 15 batches from val_dataloader
  [DEBUG] Predictions shape after concat: (230,)
  Pred std: 0.062278, range: 0.234152, mean: 0.314671
  Pos: 100.0%, Neg: 0.0%, Unique: 230
  Dir Acc: 61.30%, Pred Sharpe: 80.2092
  Composite: 0.4944 (dist_match: 0.6130, actual_pos: 61.3%, pred_pos: 100.0%)
  Collapse penalty: 0.000000 (threshold: 0.005000)
  Saved validation predictions to: experiments/12_feature_ablation/macro_heavy_weekly_7q_h1_s42/collapse_monitoring/val_predictions_epoch30.npy
  Gradient norms:
    lstm_encoder: 0.013661
    lstm_decoder: 0.010059
    output_layer: 0.401063
  VSN output std:
    encoder: 0.137865
  Attention entropy: 2.448299
  Saved to: experiments/12_feature_ablation/macro_heavy_weekly_7q_h1_s42/collapse_monitoring/collapse_monitor_latest.json
[DEBUG CollapseMonitor] on_validation_epoch_start called for epoch 31
[DEBUG CollapseMonitor] reset_temporal_state() called on loss function
Epoch 31: val_loss=0.7488337159156799
Epoch 31: train_loss=0.9052605628967285

[CollapseMonitor] Epoch 31
  [DEBUG] Processed 15 batches from val_dataloader
  [DEBUG] Predictions shape after concat: (230,)
  Pred std: 0.060791, range: 0.232563, mean: 0.294971
  Pos: 100.0%, Neg: 0.0%, Unique: 230
  Dir Acc: 61.30%, Pred Sharpe: 77.0269
  Composite: 0.4944 (dist_match: 0.6130, actual_pos: 61.3%, pred_pos: 100.0%)
  Collapse penalty: 0.000000 (threshold: 0.005000)
  Saved validation predictions to: experiments/12_feature_ablation/macro_heavy_weekly_7q_h1_s42/collapse_monitoring/val_predictions_epoch31.npy
  Gradient norms:
    lstm_encoder: 0.014116
    lstm_decoder: 0.010237
    output_layer: 0.419209
  VSN output std:
    encoder: 0.133939
  Attention entropy: 2.450283
  Saved to: experiments/12_feature_ablation/macro_heavy_weekly_7q_h1_s42/collapse_monitoring/collapse_monitor_latest.json
[DEBUG CollapseMonitor] on_validation_epoch_start called for epoch 32
[DEBUG CollapseMonitor] reset_temporal_state() called on loss function
Epoch 32: val_loss=0.7482861876487732
Epoch 32: train_loss=0.9025880098342896

[CollapseMonitor] Epoch 32
  [DEBUG] Processed 15 batches from val_dataloader
  [DEBUG] Predictions shape after concat: (230,)
  Pred std: 0.065262, range: 0.242464, mean: 0.291451
  Pos: 100.0%, Neg: 0.0%, Unique: 229
  Dir Acc: 61.30%, Pred Sharpe: 70.8931
  Composite: 0.4944 (dist_match: 0.6130, actual_pos: 61.3%, pred_pos: 100.0%)
  Collapse penalty: 0.000000 (threshold: 0.005000)
  Saved validation predictions to: experiments/12_feature_ablation/macro_heavy_weekly_7q_h1_s42/collapse_monitoring/val_predictions_epoch32.npy
  Gradient norms:
    lstm_encoder: 0.015069
    lstm_decoder: 0.010312
    output_layer: 0.404371
  VSN output std:
    encoder: 0.133113
  Attention entropy: 2.447945
  Saved to: experiments/12_feature_ablation/macro_heavy_weekly_7q_h1_s42/collapse_monitoring/collapse_monitor_latest.json
[DEBUG CollapseMonitor] on_validation_epoch_start called for epoch 33
[DEBUG CollapseMonitor] reset_temporal_state() called on loss function
Epoch 33: val_loss=0.747946560382843
Epoch 33: train_loss=0.9004820585250854

[CollapseMonitor] Epoch 33
  [DEBUG] Processed 15 batches from val_dataloader
  [DEBUG] Predictions shape after concat: (230,)
  Pred std: 0.071043, range: 0.252426, mean: 0.291950
  Pos: 100.0%, Neg: 0.0%, Unique: 230
  Dir Acc: 61.30%, Pred Sharpe: 65.2364
  Composite: 0.4944 (dist_match: 0.6130, actual_pos: 61.3%, pred_pos: 100.0%)
  Collapse penalty: 0.000000 (threshold: 0.005000)
  Saved validation predictions to: experiments/12_feature_ablation/macro_heavy_weekly_7q_h1_s42/collapse_monitoring/val_predictions_epoch33.npy
  Gradient norms:
    lstm_encoder: 0.015340
    lstm_decoder: 0.010239
    output_layer: 0.391679
  VSN output std:
    encoder: 0.133216
  Attention entropy: 2.444925
  Saved to: experiments/12_feature_ablation/macro_heavy_weekly_7q_h1_s42/collapse_monitoring/collapse_monitor_latest.json
[DEBUG CollapseMonitor] on_validation_epoch_start called for epoch 34
[DEBUG CollapseMonitor] reset_temporal_state() called on loss function
Epoch 34: val_loss=0.7492660284042358
Epoch 34: train_loss=0.9006102681159973

[CollapseMonitor] Epoch 34
  [DEBUG] Processed 15 batches from val_dataloader
  [DEBUG] Predictions shape after concat: (230,)
  Pred std: 0.067162, range: 0.250041, mean: 0.276278
  Pos: 100.0%, Neg: 0.0%, Unique: 230
  Dir Acc: 61.30%, Pred Sharpe: 65.3018
  Composite: 0.4944 (dist_match: 0.6130, actual_pos: 61.3%, pred_pos: 100.0%)
  Collapse penalty: 0.000000 (threshold: 0.005000)
  Saved validation predictions to: experiments/12_feature_ablation/macro_heavy_weekly_7q_h1_s42/collapse_monitoring/val_predictions_epoch34.npy
  Gradient norms:
    lstm_encoder: 0.014741
    lstm_decoder: 0.010291
    output_layer: 0.401644
  VSN output std:
    encoder: 0.132347
  Attention entropy: 2.447499
  Saved to: experiments/12_feature_ablation/macro_heavy_weekly_7q_h1_s42/collapse_monitoring/collapse_monitor_latest.json
[DEBUG CollapseMonitor] on_validation_epoch_start called for epoch 35
[DEBUG CollapseMonitor] reset_temporal_state() called on loss function
Epoch 35: val_loss=0.7493307590484619
Epoch 35: train_loss=0.9026216268539429

[CollapseMonitor] Epoch 35
  [DEBUG] Processed 15 batches from val_dataloader
  [DEBUG] Predictions shape after concat: (230,)
  Pred std: 0.071638, range: 0.261762, mean: 0.279758
  Pos: 100.0%, Neg: 0.0%, Unique: 229
  Dir Acc: 61.30%, Pred Sharpe: 61.9930
  Composite: 0.4944 (dist_match: 0.6130, actual_pos: 61.3%, pred_pos: 100.0%)
  Collapse penalty: 0.000000 (threshold: 0.005000)
  Saved validation predictions to: experiments/12_feature_ablation/macro_heavy_weekly_7q_h1_s42/collapse_monitoring/val_predictions_epoch35.npy
  Gradient norms:
    lstm_encoder: 0.014716
    lstm_decoder: 0.009934
    output_layer: 0.386205
  VSN output std:
    encoder: 0.131208
  Attention entropy: 2.443050
  Saved to: experiments/12_feature_ablation/macro_heavy_weekly_7q_h1_s42/collapse_monitoring/collapse_monitor_latest.json
[DEBUG CollapseMonitor] on_validation_epoch_start called for epoch 36
[DEBUG CollapseMonitor] reset_temporal_state() called on loss function
Epoch 36: val_loss=0.7498290538787842
Epoch 36: train_loss=0.902020275592804

[CollapseMonitor] Epoch 36
  [DEBUG] Processed 15 batches from val_dataloader
  [DEBUG] Predictions shape after concat: (230,)
  Pred std: 0.074197, range: 0.274126, mean: 0.307178
  Pos: 100.0%, Neg: 0.0%, Unique: 230
  Dir Acc: 61.30%, Pred Sharpe: 65.7208
  Composite: 0.4944 (dist_match: 0.6130, actual_pos: 61.3%, pred_pos: 100.0%)
  Collapse penalty: 0.000000 (threshold: 0.005000)
  Saved validation predictions to: experiments/12_feature_ablation/macro_heavy_weekly_7q_h1_s42/collapse_monitoring/val_predictions_epoch36.npy
  Gradient norms:
    lstm_encoder: 0.015304
    lstm_decoder: 0.010131
    output_layer: 0.395342
  VSN output std:
    encoder: 0.131502
  Attention entropy: 2.443089
  Saved to: experiments/12_feature_ablation/macro_heavy_weekly_7q_h1_s42/collapse_monitoring/collapse_monitor_latest.json
[DEBUG CollapseMonitor] on_validation_epoch_start called for epoch 37
[DEBUG CollapseMonitor] reset_temporal_state() called on loss function
Epoch 37: val_loss=0.7504467368125916
Epoch 37: train_loss=0.9036290049552917

[CollapseMonitor] Epoch 37
  [DEBUG] Processed 15 batches from val_dataloader
  [DEBUG] Predictions shape after concat: (230,)
  Pred std: 0.073701, range: 0.271947, mean: 0.301074
  Pos: 100.0%, Neg: 0.0%, Unique: 230
  Dir Acc: 61.30%, Pred Sharpe: 64.8483
  Composite: 0.4944 (dist_match: 0.6130, actual_pos: 61.3%, pred_pos: 100.0%)
  Collapse penalty: 0.000000 (threshold: 0.005000)
  Saved validation predictions to: experiments/12_feature_ablation/macro_heavy_weekly_7q_h1_s42/collapse_monitoring/val_predictions_epoch37.npy
  Gradient norms:
    lstm_encoder: 0.015073
    lstm_decoder: 0.010145
    output_layer: 0.373176
  VSN output std:
    encoder: 0.133774
  Attention entropy: 2.441742
  Saved to: experiments/12_feature_ablation/macro_heavy_weekly_7q_h1_s42/collapse_monitoring/collapse_monitor_latest.json
[DEBUG CollapseMonitor] on_validation_epoch_start called for epoch 38
[DEBUG CollapseMonitor] reset_temporal_state() called on loss function
Epoch 38: val_loss=0.7498045563697815
Epoch 38: train_loss=0.9003853797912598

[CollapseMonitor] Epoch 38
  [DEBUG] Processed 15 batches from val_dataloader
  [DEBUG] Predictions shape after concat: (230,)
  Pred std: 0.075513, range: 0.269892, mean: 0.295909
  Pos: 100.0%, Neg: 0.0%, Unique: 229
  Dir Acc: 61.30%, Pred Sharpe: 62.2069
  Composite: 0.4944 (dist_match: 0.6130, actual_pos: 61.3%, pred_pos: 100.0%)
  Collapse penalty: 0.000000 (threshold: 0.005000)
  Saved validation predictions to: experiments/12_feature_ablation/macro_heavy_weekly_7q_h1_s42/collapse_monitoring/val_predictions_epoch38.npy
  Gradient norms:
    lstm_encoder: 0.014719
    lstm_decoder: 0.009327
    output_layer: 0.368791
  VSN output std:
    encoder: 0.135112
  Attention entropy: 2.437515
  Saved to: experiments/12_feature_ablation/macro_heavy_weekly_7q_h1_s42/collapse_monitoring/collapse_monitor_latest.json
[DEBUG CollapseMonitor] on_validation_epoch_start called for epoch 39
[DEBUG CollapseMonitor] reset_temporal_state() called on loss function
Epoch 39: val_loss=0.7497738599777222
Epoch 39: train_loss=0.9045591950416565

[CollapseMonitor] Epoch 39
  [DEBUG] Processed 15 batches from val_dataloader
  [DEBUG] Predictions shape after concat: (230,)
  Pred std: 0.070537, range: 0.263888, mean: 0.298303
  Pos: 100.0%, Neg: 0.0%, Unique: 230
  Dir Acc: 61.30%, Pred Sharpe: 67.1341
  Composite: 0.4944 (dist_match: 0.6130, actual_pos: 61.3%, pred_pos: 100.0%)
  Collapse penalty: 0.000000 (threshold: 0.005000)
  Saved validation predictions to: experiments/12_feature_ablation/macro_heavy_weekly_7q_h1_s42/collapse_monitoring/val_predictions_epoch39.npy
  Gradient norms:
    lstm_encoder: 0.015172
    lstm_decoder: 0.009994
    output_layer: 0.395112
  VSN output std:
    encoder: 0.135079
  Attention entropy: 2.443806
  Saved to: experiments/12_feature_ablation/macro_heavy_weekly_7q_h1_s42/collapse_monitoring/collapse_monitor_latest.json
[DEBUG CollapseMonitor] on_validation_epoch_start called for epoch 40
[DEBUG CollapseMonitor] reset_temporal_state() called on loss function
Epoch 40: val_loss=0.7501471042633057
Epoch 40: train_loss=0.9065589904785156

[CollapseMonitor] Epoch 40
  [DEBUG] Processed 15 batches from val_dataloader
  [DEBUG] Predictions shape after concat: (230,)
  Pred std: 0.069280, range: 0.261444, mean: 0.293151
  Pos: 100.0%, Neg: 0.0%, Unique: 228
  Dir Acc: 61.30%, Pred Sharpe: 67.1712
  Composite: 0.4944 (dist_match: 0.6130, actual_pos: 61.3%, pred_pos: 100.0%)
  Collapse penalty: 0.000000 (threshold: 0.005000)
  Saved validation predictions to: experiments/12_feature_ablation/macro_heavy_weekly_7q_h1_s42/collapse_monitoring/val_predictions_epoch40.npy
  Gradient norms:
    lstm_encoder: 0.015613
    lstm_decoder: 0.010412
    output_layer: 0.412424
  VSN output std:
    encoder: 0.136730
  Attention entropy: 2.445332
  Saved to: experiments/12_feature_ablation/macro_heavy_weekly_7q_h1_s42/collapse_monitoring/collapse_monitor_latest.json
[DEBUG CollapseMonitor] on_validation_epoch_start called for epoch 41
[DEBUG CollapseMonitor] reset_temporal_state() called on loss function
Epoch 41: val_loss=0.7498961687088013
Epoch 41: train_loss=0.9027227163314819

[CollapseMonitor] Epoch 41
  [DEBUG] Processed 15 batches from val_dataloader
  [DEBUG] Predictions shape after concat: (230,)
  Pred std: 0.067627, range: 0.256200, mean: 0.300679
  Pos: 100.0%, Neg: 0.0%, Unique: 229
  Dir Acc: 61.30%, Pred Sharpe: 70.5800
  Composite: 0.4944 (dist_match: 0.6130, actual_pos: 61.3%, pred_pos: 100.0%)
  Collapse penalty: 0.000000 (threshold: 0.005000)
  Saved validation predictions to: experiments/12_feature_ablation/macro_heavy_weekly_7q_h1_s42/collapse_monitoring/val_predictions_epoch41.npy
  Gradient norms:
    lstm_encoder: 0.015114
    lstm_decoder: 0.010161
    output_layer: 0.388148
  VSN output std:
    encoder: 0.136317
  Attention entropy: 2.445678
  Saved to: experiments/12_feature_ablation/macro_heavy_weekly_7q_h1_s42/collapse_monitoring/collapse_monitor_latest.json
[DEBUG CollapseMonitor] on_validation_epoch_start called for epoch 42
[DEBUG CollapseMonitor] reset_temporal_state() called on loss function
Epoch 42: val_loss=0.750397264957428
Epoch 42: train_loss=0.8984706997871399

[CollapseMonitor] Epoch 42
  [DEBUG] Processed 15 batches from val_dataloader
  [DEBUG] Predictions shape after concat: (230,)
  Pred std: 0.063539, range: 0.244252, mean: 0.287009
  Pos: 100.0%, Neg: 0.0%, Unique: 227
  Dir Acc: 61.30%, Pred Sharpe: 71.7056
  Composite: 0.4944 (dist_match: 0.6130, actual_pos: 61.3%, pred_pos: 100.0%)
  Collapse penalty: 0.000000 (threshold: 0.005000)
  Saved validation predictions to: experiments/12_feature_ablation/macro_heavy_weekly_7q_h1_s42/collapse_monitoring/val_predictions_epoch42.npy
  Gradient norms:
    lstm_encoder: 0.014873
    lstm_decoder: 0.010373
    output_layer: 0.404952
  VSN output std:
    encoder: 0.137382
  Attention entropy: 2.449170
  Saved to: experiments/12_feature_ablation/macro_heavy_weekly_7q_h1_s42/collapse_monitoring/collapse_monitor_latest.json
[DEBUG CollapseMonitor] on_validation_epoch_start called for epoch 43
[DEBUG CollapseMonitor] reset_temporal_state() called on loss function
Epoch 43: val_loss=0.7508644461631775
Epoch 43: train_loss=0.9004114866256714

[CollapseMonitor] Epoch 43
  [DEBUG] Processed 15 batches from val_dataloader
  [DEBUG] Predictions shape after concat: (230,)
  Pred std: 0.061939, range: 0.241105, mean: 0.283343
  Pos: 100.0%, Neg: 0.0%, Unique: 230
  Dir Acc: 61.30%, Pred Sharpe: 72.6190
  Composite: 0.4944 (dist_match: 0.6130, actual_pos: 61.3%, pred_pos: 100.0%)
  Collapse penalty: 0.000000 (threshold: 0.005000)
  Saved validation predictions to: experiments/12_feature_ablation/macro_heavy_weekly_7q_h1_s42/collapse_monitoring/val_predictions_epoch43.npy
  Gradient norms:
    lstm_encoder: 0.015145
    lstm_decoder: 0.010075
    output_layer: 0.377149
  VSN output std:
    encoder: 0.137321
  Attention entropy: 2.450555
  Saved to: experiments/12_feature_ablation/macro_heavy_weekly_7q_h1_s42/collapse_monitoring/collapse_monitor_latest.json
[DEBUG CollapseMonitor] on_validation_epoch_start called for epoch 44
[DEBUG CollapseMonitor] reset_temporal_state() called on loss function
Epoch 44: val_loss=0.7507864832878113
Epoch 44: train_loss=0.9023882150650024

[CollapseMonitor] Epoch 44
  [DEBUG] Processed 15 batches from val_dataloader
  [DEBUG] Predictions shape after concat: (230,)
  Pred std: 0.063535, range: 0.245518, mean: 0.275777
  Pos: 100.0%, Neg: 0.0%, Unique: 229
  Dir Acc: 61.30%, Pred Sharpe: 68.9044
  Composite: 0.4944 (dist_match: 0.6130, actual_pos: 61.3%, pred_pos: 100.0%)
  Collapse penalty: 0.000000 (threshold: 0.005000)
  Saved validation predictions to: experiments/12_feature_ablation/macro_heavy_weekly_7q_h1_s42/collapse_monitoring/val_predictions_epoch44.npy
  Gradient norms:
    lstm_encoder: 0.014769
    lstm_decoder: 0.010216
    output_layer: 0.382130
  VSN output std:
    encoder: 0.135505
  Attention entropy: 2.449379
  Saved to: experiments/12_feature_ablation/macro_heavy_weekly_7q_h1_s42/collapse_monitoring/collapse_monitor_latest.json
[DEBUG CollapseMonitor] on_validation_epoch_start called for epoch 45
[DEBUG CollapseMonitor] reset_temporal_state() called on loss function
Epoch 45: val_loss=0.751737654209137
Epoch 45: train_loss=0.8978161215782166

[CollapseMonitor] Epoch 45
  [DEBUG] Processed 15 batches from val_dataloader
  [DEBUG] Predictions shape after concat: (230,)
  Pred std: 0.061931, range: 0.243189, mean: 0.282165
  Pos: 100.0%, Neg: 0.0%, Unique: 229
  Dir Acc: 61.30%, Pred Sharpe: 72.3264
  Composite: 0.4944 (dist_match: 0.6130, actual_pos: 61.3%, pred_pos: 100.0%)
  Collapse penalty: 0.000000 (threshold: 0.005000)
  Saved validation predictions to: experiments/12_feature_ablation/macro_heavy_weekly_7q_h1_s42/collapse_monitoring/val_predictions_epoch45.npy
  Gradient norms:
    lstm_encoder: 0.015413
    lstm_decoder: 0.010043
    output_layer: 0.367328
  VSN output std:
    encoder: 0.135019
  Attention entropy: 2.451425
  Saved to: experiments/12_feature_ablation/macro_heavy_weekly_7q_h1_s42/collapse_monitoring/collapse_monitor_latest.json
[DEBUG CollapseMonitor] on_validation_epoch_start called for epoch 46
[DEBUG CollapseMonitor] reset_temporal_state() called on loss function
Epoch 46: val_loss=0.7517878413200378
Epoch 46: train_loss=0.9020270109176636

[CollapseMonitor] Epoch 46
  [DEBUG] Processed 15 batches from val_dataloader
  [DEBUG] Predictions shape after concat: (230,)
  Pred std: 0.063647, range: 0.246943, mean: 0.284167
  Pos: 100.0%, Neg: 0.0%, Unique: 229
  Dir Acc: 61.30%, Pred Sharpe: 70.8758
  Composite: 0.4944 (dist_match: 0.6130, actual_pos: 61.3%, pred_pos: 100.0%)
  Collapse penalty: 0.000000 (threshold: 0.005000)
  Saved validation predictions to: experiments/12_feature_ablation/macro_heavy_weekly_7q_h1_s42/collapse_monitoring/val_predictions_epoch46.npy
  Gradient norms:
    lstm_encoder: 0.015372
    lstm_decoder: 0.009753
    output_layer: 0.366687
  VSN output std:
    encoder: 0.136578
  Attention entropy: 2.449064
  Saved to: experiments/12_feature_ablation/macro_heavy_weekly_7q_h1_s42/collapse_monitoring/collapse_monitor_latest.json
[DEBUG CollapseMonitor] on_validation_epoch_start called for epoch 47
[DEBUG CollapseMonitor] reset_temporal_state() called on loss function
Epoch 47: val_loss=0.7526448965072632
Epoch 47: train_loss=0.9021363258361816

[CollapseMonitor] Epoch 47
  [DEBUG] Processed 15 batches from val_dataloader
  [DEBUG] Predictions shape after concat: (230,)
  Pred std: 0.061731, range: 0.243989, mean: 0.285702
  Pos: 100.0%, Neg: 0.0%, Unique: 230
  Dir Acc: 61.30%, Pred Sharpe: 73.4697
  Composite: 0.4944 (dist_match: 0.6130, actual_pos: 61.3%, pred_pos: 100.0%)
  Collapse penalty: 0.000000 (threshold: 0.005000)
  Saved validation predictions to: experiments/12_feature_ablation/macro_heavy_weekly_7q_h1_s42/collapse_monitoring/val_predictions_epoch47.npy
  Gradient norms:
    lstm_encoder: 0.015242
    lstm_decoder: 0.010329
    output_layer: 0.377879
  VSN output std:
    encoder: 0.136307
  Attention entropy: 2.450934
  Saved to: experiments/12_feature_ablation/macro_heavy_weekly_7q_h1_s42/collapse_monitoring/collapse_monitor_latest.json
[DEBUG CollapseMonitor] on_validation_epoch_start called for epoch 48
[DEBUG CollapseMonitor] reset_temporal_state() called on loss function
Epoch 48: val_loss=0.7522900104522705
Epoch 48: train_loss=0.8990981578826904

[CollapseMonitor] Epoch 48
  [DEBUG] Processed 15 batches from val_dataloader
  [DEBUG] Predictions shape after concat: (230,)
  Pred std: 0.062219, range: 0.245738, mean: 0.300156
  Pos: 100.0%, Neg: 0.0%, Unique: 228
  Dir Acc: 61.30%, Pred Sharpe: 76.5821
  Composite: 0.4944 (dist_match: 0.6130, actual_pos: 61.3%, pred_pos: 100.0%)
  Collapse penalty: 0.000000 (threshold: 0.005000)
  Saved validation predictions to: experiments/12_feature_ablation/macro_heavy_weekly_7q_h1_s42/collapse_monitoring/val_predictions_epoch48.npy
  Gradient norms:
    lstm_encoder: 0.015530
    lstm_decoder: 0.009987
    output_layer: 0.381358
  VSN output std:
    encoder: 0.135995
  Attention entropy: 2.450614
  Saved to: experiments/12_feature_ablation/macro_heavy_weekly_7q_h1_s42/collapse_monitoring/collapse_monitor_latest.json
[DEBUG CollapseMonitor] on_validation_epoch_start called for epoch 49
[DEBUG CollapseMonitor] reset_temporal_state() called on loss function
Epoch 49: val_loss=0.75238436460495
Epoch 49: train_loss=0.8998806476593018

[CollapseMonitor] Epoch 49
  [DEBUG] Processed 15 batches from val_dataloader
  [DEBUG] Predictions shape after concat: (230,)
  Pred std: 0.062903, range: 0.247729, mean: 0.299769
  Pos: 100.0%, Neg: 0.0%, Unique: 230
  Dir Acc: 61.30%, Pred Sharpe: 75.6511
  Composite: 0.4944 (dist_match: 0.6130, actual_pos: 61.3%, pred_pos: 100.0%)
  Collapse penalty: 0.000000 (threshold: 0.005000)
  Saved validation predictions to: experiments/12_feature_ablation/macro_heavy_weekly_7q_h1_s42/collapse_monitoring/val_predictions_epoch49.npy
  Gradient norms:
    lstm_encoder: 0.016816
    lstm_decoder: 0.011140
    output_layer: 0.403005
  VSN output std:
    encoder: 0.135299
  Attention entropy: 2.450034
  Saved to: experiments/12_feature_ablation/macro_heavy_weekly_7q_h1_s42/collapse_monitoring/collapse_monitor_latest.json
[DEBUG CollapseMonitor] on_validation_epoch_start called for epoch 50
[DEBUG CollapseMonitor] reset_temporal_state() called on loss function
Epoch 50: val_loss=0.7525488138198853
Epoch 50: train_loss=0.9021210074424744

[CollapseMonitor] Epoch 50
  [DEBUG] Processed 15 batches from val_dataloader
  [DEBUG] Predictions shape after concat: (230,)
  Pred std: 0.062042, range: 0.245487, mean: 0.298095
  Pos: 100.0%, Neg: 0.0%, Unique: 229
  Dir Acc: 61.30%, Pred Sharpe: 76.2721
  Composite: 0.4944 (dist_match: 0.6130, actual_pos: 61.3%, pred_pos: 100.0%)
  Collapse penalty: 0.000000 (threshold: 0.005000)
  Saved validation predictions to: experiments/12_feature_ablation/macro_heavy_weekly_7q_h1_s42/collapse_monitoring/val_predictions_epoch50.npy
  Gradient norms:
    lstm_encoder: 0.015618
    lstm_decoder: 0.010608
    output_layer: 0.382277
  VSN output std:
    encoder: 0.135884
  Attention entropy: 2.450612
  Saved to: experiments/12_feature_ablation/macro_heavy_weekly_7q_h1_s42/collapse_monitoring/collapse_monitor_latest.json
[DEBUG CollapseMonitor] on_validation_epoch_start called for epoch 51
[DEBUG CollapseMonitor] reset_temporal_state() called on loss function
Epoch 51: val_loss=0.7524946928024292
Epoch 51: train_loss=0.8991493582725525

[CollapseMonitor] Epoch 51
  [DEBUG] Processed 15 batches from val_dataloader
  [DEBUG] Predictions shape after concat: (230,)
  Pred std: 0.061108, range: 0.241947, mean: 0.299322
  Pos: 100.0%, Neg: 0.0%, Unique: 230
  Dir Acc: 61.30%, Pred Sharpe: 77.7569
  Composite: 0.4944 (dist_match: 0.6130, actual_pos: 61.3%, pred_pos: 100.0%)
  Collapse penalty: 0.000000 (threshold: 0.005000)
  Saved validation predictions to: experiments/12_feature_ablation/macro_heavy_weekly_7q_h1_s42/collapse_monitoring/val_predictions_epoch51.npy
  Gradient norms:
    lstm_encoder: 0.015650
    lstm_decoder: 0.010662
    output_layer: 0.403064
  VSN output std:
    encoder: 0.135639
  Attention entropy: 2.451096
  Saved to: experiments/12_feature_ablation/macro_heavy_weekly_7q_h1_s42/collapse_monitoring/collapse_monitor_latest.json
[DEBUG CollapseMonitor] on_validation_epoch_start called for epoch 52
[DEBUG CollapseMonitor] reset_temporal_state() called on loss function
Epoch 52: val_loss=0.752465009689331
Epoch 52: train_loss=0.8926186561584473

[CollapseMonitor] Epoch 52
  [DEBUG] Processed 15 batches from val_dataloader
  [DEBUG] Predictions shape after concat: (230,)
  Pred std: 0.059621, range: 0.237405, mean: 0.294898
  Pos: 100.0%, Neg: 0.0%, Unique: 229
  Dir Acc: 61.30%, Pred Sharpe: 78.5190
  Composite: 0.4944 (dist_match: 0.6130, actual_pos: 61.3%, pred_pos: 100.0%)
  Collapse penalty: 0.000000 (threshold: 0.005000)
  Saved validation predictions to: experiments/12_feature_ablation/macro_heavy_weekly_7q_h1_s42/collapse_monitoring/val_predictions_epoch52.npy
  Gradient norms:
    lstm_encoder: 0.016176
    lstm_decoder: 0.010732
    output_layer: 0.409422
  VSN output std:
    encoder: 0.135154
  Attention entropy: 2.451334
  Saved to: experiments/12_feature_ablation/macro_heavy_weekly_7q_h1_s42/collapse_monitoring/collapse_monitor_latest.json
[DEBUG CollapseMonitor] on_validation_epoch_start called for epoch 53
[DEBUG CollapseMonitor] reset_temporal_state() called on loss function
Epoch 53: val_loss=0.7521690130233765
Epoch 53: train_loss=0.9042233824729919

[CollapseMonitor] Epoch 53
  [DEBUG] Processed 15 batches from val_dataloader
  [DEBUG] Predictions shape after concat: (230,)
  Pred std: 0.059921, range: 0.237872, mean: 0.288000
  Pos: 100.0%, Neg: 0.0%, Unique: 229
  Dir Acc: 61.30%, Pred Sharpe: 76.2980
  Composite: 0.4944 (dist_match: 0.6130, actual_pos: 61.3%, pred_pos: 100.0%)
  Collapse penalty: 0.000000 (threshold: 0.005000)
  Saved validation predictions to: experiments/12_feature_ablation/macro_heavy_weekly_7q_h1_s42/collapse_monitoring/val_predictions_epoch53.npy
  Gradient norms:
    lstm_encoder: 0.015632
    lstm_decoder: 0.010408
    output_layer: 0.384031
  VSN output std:
    encoder: 0.135647
  Attention entropy: 2.450077
  Saved to: experiments/12_feature_ablation/macro_heavy_weekly_7q_h1_s42/collapse_monitoring/collapse_monitor_latest.json
[DEBUG CollapseMonitor] on_validation_epoch_start called for epoch 54
[DEBUG CollapseMonitor] reset_temporal_state() called on loss function
Epoch 54: val_loss=0.7522616982460022
Epoch 54: train_loss=0.9012455940246582

[CollapseMonitor] Epoch 54
  [DEBUG] Processed 15 batches from val_dataloader
  [DEBUG] Predictions shape after concat: (230,)
  Pred std: 0.059114, range: 0.236201, mean: 0.287059
  Pos: 100.0%, Neg: 0.0%, Unique: 230
  Dir Acc: 61.30%, Pred Sharpe: 77.0867
  Composite: 0.4944 (dist_match: 0.6130, actual_pos: 61.3%, pred_pos: 100.0%)
  Collapse penalty: 0.000000 (threshold: 0.005000)
  Saved validation predictions to: experiments/12_feature_ablation/macro_heavy_weekly_7q_h1_s42/collapse_monitoring/val_predictions_epoch54.npy
  Gradient norms:
    lstm_encoder: 0.016643
    lstm_decoder: 0.011018
    output_layer: 0.373282
  VSN output std:
    encoder: 0.136333
  Attention entropy: 2.450133
  Saved to: experiments/12_feature_ablation/macro_heavy_weekly_7q_h1_s42/collapse_monitoring/collapse_monitor_latest.json
[DEBUG CollapseMonitor] on_validation_epoch_start called for epoch 55
[DEBUG CollapseMonitor] reset_temporal_state() called on loss function
Epoch 55: val_loss=0.7525116801261902
Epoch 55: train_loss=0.900709331035614

[CollapseMonitor] Epoch 55
  [DEBUG] Processed 15 batches from val_dataloader
  [DEBUG] Predictions shape after concat: (230,)
  Pred std: 0.056562, range: 0.229907, mean: 0.285117
  Pos: 100.0%, Neg: 0.0%, Unique: 230
  Dir Acc: 61.30%, Pred Sharpe: 80.0197
  Composite: 0.4944 (dist_match: 0.6130, actual_pos: 61.3%, pred_pos: 100.0%)
  Collapse penalty: 0.000000 (threshold: 0.005000)
  Saved validation predictions to: experiments/12_feature_ablation/macro_heavy_weekly_7q_h1_s42/collapse_monitoring/val_predictions_epoch55.npy
  Gradient norms:
    lstm_encoder: 0.016235
    lstm_decoder: 0.010711
    output_layer: 0.417561
  VSN output std:
    encoder: 0.134894
  Attention entropy: 2.452084
  Saved to: experiments/12_feature_ablation/macro_heavy_weekly_7q_h1_s42/collapse_monitoring/collapse_monitor_latest.json
[DEBUG CollapseMonitor] on_validation_epoch_start called for epoch 56
[DEBUG CollapseMonitor] reset_temporal_state() called on loss function
Epoch 56: val_loss=0.7525873780250549
Epoch 56: train_loss=0.8981252908706665

[CollapseMonitor] Epoch 56
  [DEBUG] Processed 15 batches from val_dataloader
  [DEBUG] Predictions shape after concat: (230,)
  Pred std: 0.055845, range: 0.227904, mean: 0.292123
  Pos: 100.0%, Neg: 0.0%, Unique: 230
  Dir Acc: 61.30%, Pred Sharpe: 83.0384
  Composite: 0.4944 (dist_match: 0.6130, actual_pos: 61.3%, pred_pos: 100.0%)
  Collapse penalty: 0.000000 (threshold: 0.005000)
  Saved validation predictions to: experiments/12_feature_ablation/macro_heavy_weekly_7q_h1_s42/collapse_monitoring/val_predictions_epoch56.npy
  Gradient norms:
    lstm_encoder: 0.015489
    lstm_decoder: 0.010310
    output_layer: 0.362826
  VSN output std:
    encoder: 0.135252
  Attention entropy: 2.452634
  Saved to: experiments/12_feature_ablation/macro_heavy_weekly_7q_h1_s42/collapse_monitoring/collapse_monitor_latest.json
[DEBUG CollapseMonitor] on_validation_epoch_start called for epoch 57
[DEBUG CollapseMonitor] reset_temporal_state() called on loss function
Epoch 57: val_loss=0.7526038289070129
Epoch 57: train_loss=0.8995800018310547

[CollapseMonitor] Epoch 57
  [DEBUG] Processed 15 batches from val_dataloader
  [DEBUG] Predictions shape after concat: (230,)
  Pred std: 0.054876, range: 0.225521, mean: 0.291581
  Pos: 100.0%, Neg: 0.0%, Unique: 229
  Dir Acc: 61.30%, Pred Sharpe: 84.3479
  Composite: 0.4944 (dist_match: 0.6130, actual_pos: 61.3%, pred_pos: 100.0%)
  Collapse penalty: 0.000000 (threshold: 0.005000)
  Saved validation predictions to: experiments/12_feature_ablation/macro_heavy_weekly_7q_h1_s42/collapse_monitoring/val_predictions_epoch57.npy
  Gradient norms:
    lstm_encoder: 0.015429
    lstm_decoder: 0.010347
    output_layer: 0.386111
  VSN output std:
    encoder: 0.134270
  Attention entropy: 2.453263
  Saved to: experiments/12_feature_ablation/macro_heavy_weekly_7q_h1_s42/collapse_monitoring/collapse_monitor_latest.json
[DEBUG CollapseMonitor] on_validation_epoch_start called for epoch 58
[DEBUG CollapseMonitor] reset_temporal_state() called on loss function
Epoch 58: val_loss=0.7526888847351074
Epoch 58: train_loss=0.9023210406303406

[CollapseMonitor] Epoch 58
  [DEBUG] Processed 15 batches from val_dataloader
  [DEBUG] Predictions shape after concat: (230,)
  Pred std: 0.054557, range: 0.224647, mean: 0.289036
  Pos: 100.0%, Neg: 0.0%, Unique: 229
  Dir Acc: 61.30%, Pred Sharpe: 84.1011
  Composite: 0.4944 (dist_match: 0.6130, actual_pos: 61.3%, pred_pos: 100.0%)
  Collapse penalty: 0.000000 (threshold: 0.005000)
  Saved validation predictions to: experiments/12_feature_ablation/macro_heavy_weekly_7q_h1_s42/collapse_monitoring/val_predictions_epoch58.npy
  Gradient norms:
    lstm_encoder: 0.016013
    lstm_decoder: 0.010533
    output_layer: 0.380869
  VSN output std:
    encoder: 0.134058
  Attention entropy: 2.453521
  Saved to: experiments/12_feature_ablation/macro_heavy_weekly_7q_h1_s42/collapse_monitoring/collapse_monitor_latest.json
[DEBUG CollapseMonitor] on_validation_epoch_start called for epoch 59
[DEBUG CollapseMonitor] reset_temporal_state() called on loss function
Epoch 59: val_loss=0.7526087760925293
Epoch 59: train_loss=0.9040051698684692

[CollapseMonitor] Epoch 59
  [DEBUG] Processed 15 batches from val_dataloader
  [DEBUG] Predictions shape after concat: (230,)
  Pred std: 0.054261, range: 0.223211, mean: 0.288469
  Pos: 100.0%, Neg: 0.0%, Unique: 229
  Dir Acc: 61.30%, Pred Sharpe: 84.3947
  Composite: 0.4944 (dist_match: 0.6130, actual_pos: 61.3%, pred_pos: 100.0%)
  Collapse penalty: 0.000000 (threshold: 0.005000)
  Saved validation predictions to: experiments/12_feature_ablation/macro_heavy_weekly_7q_h1_s42/collapse_monitoring/val_predictions_epoch59.npy
  Gradient norms:
    lstm_encoder: 0.016405
    lstm_decoder: 0.010905
    output_layer: 0.400019
  VSN output std:
    encoder: 0.134087
  Attention entropy: 2.453451
  Saved to: experiments/12_feature_ablation/macro_heavy_weekly_7q_h1_s42/collapse_monitoring/collapse_monitor_latest.json
[DEBUG CollapseMonitor] on_validation_epoch_start called for epoch 60
[DEBUG CollapseMonitor] reset_temporal_state() called on loss function
Epoch 60: val_loss=0.7525681257247925
Epoch 60: train_loss=0.9005266427993774

[CollapseMonitor] Epoch 60
  [DEBUG] Processed 15 batches from val_dataloader
  [DEBUG] Predictions shape after concat: (230,)
  Pred std: 0.054547, range: 0.224029, mean: 0.286373
  Pos: 100.0%, Neg: 0.0%, Unique: 230
  Dir Acc: 61.30%, Pred Sharpe: 83.3420
  Composite: 0.4944 (dist_match: 0.6130, actual_pos: 61.3%, pred_pos: 100.0%)
  Collapse penalty: 0.000000 (threshold: 0.005000)
  Saved validation predictions to: experiments/12_feature_ablation/macro_heavy_weekly_7q_h1_s42/collapse_monitoring/val_predictions_epoch60.npy
  Gradient norms:
    lstm_encoder: 0.016192
    lstm_decoder: 0.010646
    output_layer: 0.389629
  VSN output std:
    encoder: 0.134134
  Attention entropy: 2.452974
  Saved to: experiments/12_feature_ablation/macro_heavy_weekly_7q_h1_s42/collapse_monitoring/collapse_monitor_latest.json
[DEBUG CollapseMonitor] on_validation_epoch_start called for epoch 61
[DEBUG CollapseMonitor] reset_temporal_state() called on loss function
Epoch 61: val_loss=0.7525935173034668
Epoch 61: train_loss=0.9010847210884094

[CollapseMonitor] Epoch 61
  [DEBUG] Processed 15 batches from val_dataloader
  [DEBUG] Predictions shape after concat: (230,)
  Pred std: 0.054252, range: 0.222345, mean: 0.287043
  Pos: 100.0%, Neg: 0.0%, Unique: 230
  Dir Acc: 61.30%, Pred Sharpe: 83.9901
  Composite: 0.4944 (dist_match: 0.6130, actual_pos: 61.3%, pred_pos: 100.0%)
  Collapse penalty: 0.000000 (threshold: 0.005000)
  Saved validation predictions to: experiments/12_feature_ablation/macro_heavy_weekly_7q_h1_s42/collapse_monitoring/val_predictions_epoch61.npy
  Gradient norms:
    lstm_encoder: 0.015522
    lstm_decoder: 0.009859
    output_layer: 0.368518
  VSN output std:
    encoder: 0.133339
  Attention entropy: 2.452993
  Saved to: experiments/12_feature_ablation/macro_heavy_weekly_7q_h1_s42/collapse_monitoring/collapse_monitor_latest.json
[DEBUG CollapseMonitor] on_validation_epoch_start called for epoch 62
[DEBUG CollapseMonitor] reset_temporal_state() called on loss function
Epoch 62: val_loss=0.7526702284812927
Epoch 62: train_loss=0.9024109244346619

[CollapseMonitor] Epoch 62
  [DEBUG] Processed 15 batches from val_dataloader
  [DEBUG] Predictions shape after concat: (230,)
  Pred std: 0.054196, range: 0.222550, mean: 0.285484
  Pos: 100.0%, Neg: 0.0%, Unique: 229
  Dir Acc: 61.30%, Pred Sharpe: 83.6203
  Composite: 0.4944 (dist_match: 0.6130, actual_pos: 61.3%, pred_pos: 100.0%)
  Collapse penalty: 0.000000 (threshold: 0.005000)
  Saved validation predictions to: experiments/12_feature_ablation/macro_heavy_weekly_7q_h1_s42/collapse_monitoring/val_predictions_epoch62.npy
  Gradient norms:
    lstm_encoder: 0.016234
    lstm_decoder: 0.010668
    output_layer: 0.396119
  VSN output std:
    encoder: 0.133059
  Attention entropy: 2.452632
  Saved to: experiments/12_feature_ablation/macro_heavy_weekly_7q_h1_s42/collapse_monitoring/collapse_monitor_latest.json
[DEBUG CollapseMonitor] on_validation_epoch_start called for epoch 63
[DEBUG CollapseMonitor] reset_temporal_state() called on loss function
Epoch 63: val_loss=0.7526081800460815
Epoch 63: train_loss=0.8993203043937683

[CollapseMonitor] Epoch 63
  [DEBUG] Processed 15 batches from val_dataloader
  [DEBUG] Predictions shape after concat: (230,)
  Pred std: 0.053869, range: 0.221113, mean: 0.289639
  Pos: 100.0%, Neg: 0.0%, Unique: 230
  Dir Acc: 61.30%, Pred Sharpe: 85.3533
  Composite: 0.4944 (dist_match: 0.6130, actual_pos: 61.3%, pred_pos: 100.0%)
  Collapse penalty: 0.000000 (threshold: 0.005000)
  Saved validation predictions to: experiments/12_feature_ablation/macro_heavy_weekly_7q_h1_s42/collapse_monitoring/val_predictions_epoch63.npy
  Gradient norms:
    lstm_encoder: 0.016240
    lstm_decoder: 0.010548
    output_layer: 0.378486
  VSN output std:
    encoder: 0.132716
  Attention entropy: 2.452607
  Saved to: experiments/12_feature_ablation/macro_heavy_weekly_7q_h1_s42/collapse_monitoring/collapse_monitor_latest.json
[DEBUG CollapseMonitor] on_validation_epoch_start called for epoch 64
[DEBUG CollapseMonitor] reset_temporal_state() called on loss function
Epoch 64: val_loss=0.7526243329048157
Epoch 64: train_loss=0.9011524319648743

[CollapseMonitor] Epoch 64
  [DEBUG] Processed 15 batches from val_dataloader
  [DEBUG] Predictions shape after concat: (230,)
  Pred std: 0.054572, range: 0.223512, mean: 0.287049
  Pos: 100.0%, Neg: 0.0%, Unique: 230
  Dir Acc: 61.30%, Pred Sharpe: 83.5000
  Composite: 0.4944 (dist_match: 0.6130, actual_pos: 61.3%, pred_pos: 100.0%)
  Collapse penalty: 0.000000 (threshold: 0.005000)
  Saved validation predictions to: experiments/12_feature_ablation/macro_heavy_weekly_7q_h1_s42/collapse_monitoring/val_predictions_epoch64.npy
  Gradient norms:
    lstm_encoder: 0.016505
    lstm_decoder: 0.010979
    output_layer: 0.390654
  VSN output std:
    encoder: 0.132897
  Attention entropy: 2.452290
  Saved to: experiments/12_feature_ablation/macro_heavy_weekly_7q_h1_s42/collapse_monitoring/collapse_monitor_latest.json
[DEBUG CollapseMonitor] on_validation_epoch_start called for epoch 65
[DEBUG CollapseMonitor] reset_temporal_state() called on loss function
Epoch 65: val_loss=0.7525871992111206
Epoch 65: train_loss=0.9004254341125488

[CollapseMonitor] Epoch 65
  [DEBUG] Processed 15 batches from val_dataloader
  [DEBUG] Predictions shape after concat: (230,)
  Pred std: 0.054591, range: 0.223478, mean: 0.287919
  Pos: 100.0%, Neg: 0.0%, Unique: 230
  Dir Acc: 61.30%, Pred Sharpe: 83.7245
  Composite: 0.4944 (dist_match: 0.6130, actual_pos: 61.3%, pred_pos: 100.0%)
  Collapse penalty: 0.000000 (threshold: 0.005000)
  Saved validation predictions to: experiments/12_feature_ablation/macro_heavy_weekly_7q_h1_s42/collapse_monitoring/val_predictions_epoch65.npy
  Gradient norms:
    lstm_encoder: 0.016340
    lstm_decoder: 0.010431
    output_layer: 0.400247
  VSN output std:
    encoder: 0.132792
  Attention entropy: 2.452076
  Saved to: experiments/12_feature_ablation/macro_heavy_weekly_7q_h1_s42/collapse_monitoring/collapse_monitor_latest.json
[DEBUG CollapseMonitor] on_validation_epoch_start called for epoch 66
[DEBUG CollapseMonitor] reset_temporal_state() called on loss function
Epoch 66: val_loss=0.7525777220726013
Epoch 66: train_loss=0.9032225608825684

[CollapseMonitor] Epoch 66
  [DEBUG] Processed 15 batches from val_dataloader
  [DEBUG] Predictions shape after concat: (230,)
  Pred std: 0.054657, range: 0.223686, mean: 0.286463
  Pos: 100.0%, Neg: 0.0%, Unique: 229
  Dir Acc: 61.30%, Pred Sharpe: 83.1991
  Composite: 0.4944 (dist_match: 0.6130, actual_pos: 61.3%, pred_pos: 100.0%)
  Collapse penalty: 0.000000 (threshold: 0.005000)
  Saved validation predictions to: experiments/12_feature_ablation/macro_heavy_weekly_7q_h1_s42/collapse_monitoring/val_predictions_epoch66.npy
  Gradient norms:
    lstm_encoder: 0.016533
    lstm_decoder: 0.010490
    output_layer: 0.403461
  VSN output std:
    encoder: 0.132863
  Attention entropy: 2.451833
  Saved to: experiments/12_feature_ablation/macro_heavy_weekly_7q_h1_s42/collapse_monitoring/collapse_monitor_latest.json
[DEBUG CollapseMonitor] on_validation_epoch_start called for epoch 67
[DEBUG CollapseMonitor] reset_temporal_state() called on loss function
Epoch 67: val_loss=0.7526119351387024
Epoch 67: train_loss=0.898185133934021

[CollapseMonitor] Epoch 67
  [DEBUG] Processed 15 batches from val_dataloader
  [DEBUG] Predictions shape after concat: (230,)
  Pred std: 0.054917, range: 0.224926, mean: 0.287284
  Pos: 100.0%, Neg: 0.0%, Unique: 230
  Dir Acc: 61.30%, Pred Sharpe: 83.0433
  Composite: 0.4944 (dist_match: 0.6130, actual_pos: 61.3%, pred_pos: 100.0%)
  Collapse penalty: 0.000000 (threshold: 0.005000)
  Saved validation predictions to: experiments/12_feature_ablation/macro_heavy_weekly_7q_h1_s42/collapse_monitoring/val_predictions_epoch67.npy
  Gradient norms:
    lstm_encoder: 0.016863
    lstm_decoder: 0.010849
    output_layer: 0.401435
  VSN output std:
    encoder: 0.133099
  Attention entropy: 2.451595
  Saved to: experiments/12_feature_ablation/macro_heavy_weekly_7q_h1_s42/collapse_monitoring/collapse_monitor_latest.json
[DEBUG CollapseMonitor] on_validation_epoch_start called for epoch 68
[DEBUG CollapseMonitor] reset_temporal_state() called on loss function
Epoch 68: val_loss=0.7526088356971741
Epoch 68: train_loss=0.8965198993682861

[CollapseMonitor] Epoch 68
  [DEBUG] Processed 15 batches from val_dataloader
  [DEBUG] Predictions shape after concat: (230,)
  Pred std: 0.055270, range: 0.226295, mean: 0.287063
  Pos: 100.0%, Neg: 0.0%, Unique: 228
  Dir Acc: 61.30%, Pred Sharpe: 82.4493
  Composite: 0.4944 (dist_match: 0.6130, actual_pos: 61.3%, pred_pos: 100.0%)
  Collapse penalty: 0.000000 (threshold: 0.005000)
  Saved validation predictions to: experiments/12_feature_ablation/macro_heavy_weekly_7q_h1_s42/collapse_monitoring/val_predictions_epoch68.npy
  Gradient norms:
    lstm_encoder: 0.016480
    lstm_decoder: 0.010494
    output_layer: 0.380120
  VSN output std:
    encoder: 0.132897
  Attention entropy: 2.451389
  Saved to: experiments/12_feature_ablation/macro_heavy_weekly_7q_h1_s42/collapse_monitoring/collapse_monitor_latest.json
[DEBUG CollapseMonitor] on_validation_epoch_start called for epoch 69
[DEBUG CollapseMonitor] reset_temporal_state() called on loss function
Epoch 69: val_loss=0.7526217699050903
Epoch 69: train_loss=0.8979023098945618

[CollapseMonitor] Epoch 69
  [DEBUG] Processed 15 batches from val_dataloader
  [DEBUG] Predictions shape after concat: (230,)
  Pred std: 0.055036, range: 0.225735, mean: 0.288008
  Pos: 100.0%, Neg: 0.0%, Unique: 228
  Dir Acc: 61.30%, Pred Sharpe: 83.0726
  Composite: 0.4944 (dist_match: 0.6130, actual_pos: 61.3%, pred_pos: 100.0%)
  Collapse penalty: 0.000000 (threshold: 0.005000)
  Saved validation predictions to: experiments/12_feature_ablation/macro_heavy_weekly_7q_h1_s42/collapse_monitoring/val_predictions_epoch69.npy
  Gradient norms:
    lstm_encoder: 0.017365
    lstm_decoder: 0.011351
    output_layer: 0.392285
  VSN output std:
    encoder: 0.132764
  Attention entropy: 2.451460
  Saved to: experiments/12_feature_ablation/macro_heavy_weekly_7q_h1_s42/collapse_monitoring/collapse_monitor_latest.json
[DEBUG CollapseMonitor] on_validation_epoch_start called for epoch 70
[DEBUG CollapseMonitor] reset_temporal_state() called on loss function
Epoch 70: val_loss=0.7526418566703796
Epoch 70: train_loss=0.8983729481697083

[CollapseMonitor] Epoch 70
  [DEBUG] Processed 15 batches from val_dataloader
  [DEBUG] Predictions shape after concat: (230,)
  Pred std: 0.054466, range: 0.223852, mean: 0.288539
  Pos: 100.0%, Neg: 0.0%, Unique: 229
  Dir Acc: 61.30%, Pred Sharpe: 84.0968
  Composite: 0.4944 (dist_match: 0.6130, actual_pos: 61.3%, pred_pos: 100.0%)
  Collapse penalty: 0.000000 (threshold: 0.005000)
  Saved validation predictions to: experiments/12_feature_ablation/macro_heavy_weekly_7q_h1_s42/collapse_monitoring/val_predictions_epoch70.npy
  Gradient norms:
    lstm_encoder: 0.016113
    lstm_decoder: 0.010964
    output_layer: 0.412511
  VSN output std:
    encoder: 0.132679
  Attention entropy: 2.451878
  Saved to: experiments/12_feature_ablation/macro_heavy_weekly_7q_h1_s42/collapse_monitoring/collapse_monitor_latest.json
[DEBUG CollapseMonitor] on_validation_epoch_start called for epoch 71
[DEBUG CollapseMonitor] reset_temporal_state() called on loss function
Epoch 71: val_loss=0.7526727914810181
Epoch 71: train_loss=0.9016720652580261

[CollapseMonitor] Epoch 71
  [DEBUG] Processed 15 batches from val_dataloader
  [DEBUG] Predictions shape after concat: (230,)
  Pred std: 0.053969, range: 0.222229, mean: 0.290533
  Pos: 100.0%, Neg: 0.0%, Unique: 229
  Dir Acc: 61.30%, Pred Sharpe: 85.4574
  Composite: 0.4944 (dist_match: 0.6130, actual_pos: 61.3%, pred_pos: 100.0%)
  Collapse penalty: 0.000000 (threshold: 0.005000)
  Saved validation predictions to: experiments/12_feature_ablation/macro_heavy_weekly_7q_h1_s42/collapse_monitoring/val_predictions_epoch71.npy
  Gradient norms:
    lstm_encoder: 0.016558
    lstm_decoder: 0.010813
    output_layer: 0.379290
  VSN output std:
    encoder: 0.132619
  Attention entropy: 2.452086
  Saved to: experiments/12_feature_ablation/macro_heavy_weekly_7q_h1_s42/collapse_monitoring/collapse_monitor_latest.json
[DEBUG CollapseMonitor] on_validation_epoch_start called for epoch 72
[DEBUG CollapseMonitor] reset_temporal_state() called on loss function
Epoch 72: val_loss=0.7527173757553101
Epoch 72: train_loss=0.8999682068824768

[CollapseMonitor] Epoch 72
  [DEBUG] Processed 15 batches from val_dataloader
  [DEBUG] Predictions shape after concat: (230,)
  Pred std: 0.054112, range: 0.222728, mean: 0.289135
  Pos: 100.0%, Neg: 0.0%, Unique: 230
  Dir Acc: 61.30%, Pred Sharpe: 84.8221
  Composite: 0.4944 (dist_match: 0.6130, actual_pos: 61.3%, pred_pos: 100.0%)
  Collapse penalty: 0.000000 (threshold: 0.005000)
  Saved validation predictions to: experiments/12_feature_ablation/macro_heavy_weekly_7q_h1_s42/collapse_monitoring/val_predictions_epoch72.npy
  Gradient norms:
    lstm_encoder: 0.016803
    lstm_decoder: 0.011086
    output_layer: 0.407379
  VSN output std:
    encoder: 0.132630
  Attention entropy: 2.452063
  Saved to: experiments/12_feature_ablation/macro_heavy_weekly_7q_h1_s42/collapse_monitoring/collapse_monitor_latest.json
[DEBUG CollapseMonitor] on_validation_epoch_start called for epoch 73
[DEBUG CollapseMonitor] reset_temporal_state() called on loss function
Epoch 73: val_loss=0.7526838183403015
Epoch 73: train_loss=0.9001718759536743

[CollapseMonitor] Epoch 73
  [DEBUG] Processed 15 batches from val_dataloader
  [DEBUG] Predictions shape after concat: (230,)
  Pred std: 0.054490, range: 0.224081, mean: 0.289465
  Pos: 100.0%, Neg: 0.0%, Unique: 228
  Dir Acc: 61.30%, Pred Sharpe: 84.3301
  Composite: 0.4944 (dist_match: 0.6130, actual_pos: 61.3%, pred_pos: 100.0%)
  Collapse penalty: 0.000000 (threshold: 0.005000)
  Saved validation predictions to: experiments/12_feature_ablation/macro_heavy_weekly_7q_h1_s42/collapse_monitoring/val_predictions_epoch73.npy
  Gradient norms:
    lstm_encoder: 0.016693
    lstm_decoder: 0.010213
    output_layer: 0.377313
  VSN output std:
    encoder: 0.132460
  Attention entropy: 2.451954
  Saved to: experiments/12_feature_ablation/macro_heavy_weekly_7q_h1_s42/collapse_monitoring/collapse_monitor_latest.json
[DEBUG CollapseMonitor] on_validation_epoch_start called for epoch 74
[DEBUG CollapseMonitor] reset_temporal_state() called on loss function
Epoch 74: val_loss=0.7526730895042419
Epoch 74: train_loss=0.9033349752426147

[CollapseMonitor] Epoch 74
  [DEBUG] Processed 15 batches from val_dataloader
  [DEBUG] Predictions shape after concat: (230,)
  Pred std: 0.054245, range: 0.223492, mean: 0.290537
  Pos: 100.0%, Neg: 0.0%, Unique: 229
  Dir Acc: 61.30%, Pred Sharpe: 85.0247
  Composite: 0.4944 (dist_match: 0.6130, actual_pos: 61.3%, pred_pos: 100.0%)
  Collapse penalty: 0.000000 (threshold: 0.005000)
  Saved validation predictions to: experiments/12_feature_ablation/macro_heavy_weekly_7q_h1_s42/collapse_monitoring/val_predictions_epoch74.npy
  Gradient norms:
    lstm_encoder: 0.016958
    lstm_decoder: 0.011183
    output_layer: 0.425264
  VSN output std:
    encoder: 0.132625
  Attention entropy: 2.452020
  Saved to: experiments/12_feature_ablation/macro_heavy_weekly_7q_h1_s42/collapse_monitoring/collapse_monitor_latest.json
[DEBUG CollapseMonitor] on_validation_epoch_start called for epoch 75
[DEBUG CollapseMonitor] reset_temporal_state() called on loss function
Epoch 75: val_loss=0.7527239322662354
Epoch 75: train_loss=0.8972809314727783

[CollapseMonitor] Epoch 75
  [DEBUG] Processed 15 batches from val_dataloader
  [DEBUG] Predictions shape after concat: (230,)
  Pred std: 0.053998, range: 0.222645, mean: 0.288198
  Pos: 100.0%, Neg: 0.0%, Unique: 230
  Dir Acc: 61.30%, Pred Sharpe: 84.7258
  Composite: 0.4944 (dist_match: 0.6130, actual_pos: 61.3%, pred_pos: 100.0%)
  Collapse penalty: 0.000000 (threshold: 0.005000)
  Saved validation predictions to: experiments/12_feature_ablation/macro_heavy_weekly_7q_h1_s42/collapse_monitoring/val_predictions_epoch75.npy
  Gradient norms:
    lstm_encoder: 0.016077
    lstm_decoder: 0.010219
    output_layer: 0.387006
  VSN output std:
    encoder: 0.132194
  Attention entropy: 2.452232
  Saved to: experiments/12_feature_ablation/macro_heavy_weekly_7q_h1_s42/collapse_monitoring/collapse_monitor_latest.json
[DEBUG CollapseMonitor] on_validation_epoch_start called for epoch 76
[DEBUG CollapseMonitor] reset_temporal_state() called on loss function
Epoch 76: val_loss=0.7527927756309509
Epoch 76: train_loss=0.9014478921890259

[CollapseMonitor] Epoch 76
  [DEBUG] Processed 15 batches from val_dataloader
  [DEBUG] Predictions shape after concat: (230,)
  Pred std: 0.053554, range: 0.221151, mean: 0.287706
  Pos: 100.0%, Neg: 0.0%, Unique: 230
  Dir Acc: 61.30%, Pred Sharpe: 85.2823
  Composite: 0.4944 (dist_match: 0.6130, actual_pos: 61.3%, pred_pos: 100.0%)
  Collapse penalty: 0.000000 (threshold: 0.005000)
  Saved validation predictions to: experiments/12_feature_ablation/macro_heavy_weekly_7q_h1_s42/collapse_monitoring/val_predictions_epoch76.npy
  Gradient norms:
    lstm_encoder: 0.017075
    lstm_decoder: 0.011150
    output_layer: 0.394132
  VSN output std:
    encoder: 0.132186
  Attention entropy: 2.452628
  Saved to: experiments/12_feature_ablation/macro_heavy_weekly_7q_h1_s42/collapse_monitoring/collapse_monitor_latest.json
[DEBUG CollapseMonitor] on_validation_epoch_start called for epoch 77
[DEBUG CollapseMonitor] reset_temporal_state() called on loss function
Epoch 77: val_loss=0.7528321146965027
Epoch 77: train_loss=0.9022656679153442

[CollapseMonitor] Epoch 77
  [DEBUG] Processed 15 batches from val_dataloader
  [DEBUG] Predictions shape after concat: (230,)
  Pred std: 0.053253, range: 0.220590, mean: 0.285413
  Pos: 100.0%, Neg: 0.0%, Unique: 229
  Dir Acc: 61.30%, Pred Sharpe: 85.0802
  Composite: 0.4944 (dist_match: 0.6130, actual_pos: 61.3%, pred_pos: 100.0%)
  Collapse penalty: 0.000000 (threshold: 0.005000)
  Saved validation predictions to: experiments/12_feature_ablation/macro_heavy_weekly_7q_h1_s42/collapse_monitoring/val_predictions_epoch77.npy
  Gradient norms:
    lstm_encoder: 0.016265
    lstm_decoder: 0.010716
    output_layer: 0.419591
  VSN output std:
    encoder: 0.132315
  Attention entropy: 2.452704
  Saved to: experiments/12_feature_ablation/macro_heavy_weekly_7q_h1_s42/collapse_monitoring/collapse_monitor_latest.json
[DEBUG CollapseMonitor] on_validation_epoch_start called for epoch 78
[DEBUG CollapseMonitor] reset_temporal_state() called on loss function
Epoch 78: val_loss=0.7528078556060791
Epoch 78: train_loss=0.9001965522766113

[CollapseMonitor] Epoch 78
  [DEBUG] Processed 15 batches from val_dataloader
  [DEBUG] Predictions shape after concat: (230,)
  Pred std: 0.053485, range: 0.221228, mean: 0.283264
  Pos: 100.0%, Neg: 0.0%, Unique: 230
  Dir Acc: 61.30%, Pred Sharpe: 84.0738
  Composite: 0.4944 (dist_match: 0.6130, actual_pos: 61.3%, pred_pos: 100.0%)
  Collapse penalty: 0.000000 (threshold: 0.005000)
  Saved validation predictions to: experiments/12_feature_ablation/macro_heavy_weekly_7q_h1_s42/collapse_monitoring/val_predictions_epoch78.npy
  Gradient norms:
    lstm_encoder: 0.015889
    lstm_decoder: 0.010147
    output_layer: 0.372304
  VSN output std:
    encoder: 0.132100
  Attention entropy: 2.452302
  Saved to: experiments/12_feature_ablation/macro_heavy_weekly_7q_h1_s42/collapse_monitoring/collapse_monitor_latest.json
[DEBUG CollapseMonitor] on_validation_epoch_start called for epoch 79
[DEBUG CollapseMonitor] reset_temporal_state() called on loss function
Epoch 79: val_loss=0.7527592778205872
Epoch 79: train_loss=0.8949382901191711

[CollapseMonitor] Epoch 79
  [DEBUG] Processed 15 batches from val_dataloader
  [DEBUG] Predictions shape after concat: (230,)
  Pred std: 0.053610, range: 0.221418, mean: 0.282977
  Pos: 100.0%, Neg: 0.0%, Unique: 230
  Dir Acc: 61.30%, Pred Sharpe: 83.7926
  Composite: 0.4944 (dist_match: 0.6130, actual_pos: 61.3%, pred_pos: 100.0%)
  Collapse penalty: 0.000000 (threshold: 0.005000)
  Saved validation predictions to: experiments/12_feature_ablation/macro_heavy_weekly_7q_h1_s42/collapse_monitoring/val_predictions_epoch79.npy
  Gradient norms:
    lstm_encoder: 0.015685
    lstm_decoder: 0.009830
    output_layer: 0.352890
  VSN output std:
    encoder: 0.132323
  Attention entropy: 2.452322
  Saved to: experiments/12_feature_ablation/macro_heavy_weekly_7q_h1_s42/collapse_monitoring/collapse_monitor_latest.json
[DEBUG CollapseMonitor] on_validation_epoch_start called for epoch 80
[DEBUG CollapseMonitor] reset_temporal_state() called on loss function
Epoch 80: val_loss=0.7528114914894104
Epoch 80: train_loss=0.8946333527565002

[CollapseMonitor] Epoch 80
  [DEBUG] Processed 15 batches from val_dataloader
  [DEBUG] Predictions shape after concat: (230,)
  Pred std: 0.054059, range: 0.223079, mean: 0.282705
  Pos: 100.0%, Neg: 0.0%, Unique: 230
  Dir Acc: 61.30%, Pred Sharpe: 83.0169
  Composite: 0.4944 (dist_match: 0.6130, actual_pos: 61.3%, pred_pos: 100.0%)
  Collapse penalty: 0.000000 (threshold: 0.005000)
  Saved validation predictions to: experiments/12_feature_ablation/macro_heavy_weekly_7q_h1_s42/collapse_monitoring/val_predictions_epoch80.npy
  Gradient norms:
    lstm_encoder: 0.017638
    lstm_decoder: 0.011243
    output_layer: 0.414525
  VSN output std:
    encoder: 0.132223
  Attention entropy: 2.452048
  Saved to: experiments/12_feature_ablation/macro_heavy_weekly_7q_h1_s42/collapse_monitoring/collapse_monitor_latest.json
[DEBUG CollapseMonitor] on_validation_epoch_start called for epoch 81
[DEBUG CollapseMonitor] reset_temporal_state() called on loss function
Epoch 81: val_loss=0.7529054880142212
Epoch 81: train_loss=0.8989429473876953

[CollapseMonitor] Epoch 81
  [DEBUG] Processed 15 batches from val_dataloader
  [DEBUG] Predictions shape after concat: (230,)
  Pred std: 0.054065, range: 0.223407, mean: 0.281709
  Pos: 100.0%, Neg: 0.0%, Unique: 229
  Dir Acc: 61.30%, Pred Sharpe: 82.7148
  Composite: 0.4944 (dist_match: 0.6130, actual_pos: 61.3%, pred_pos: 100.0%)
  Collapse penalty: 0.000000 (threshold: 0.005000)
  Saved validation predictions to: experiments/12_feature_ablation/macro_heavy_weekly_7q_h1_s42/collapse_monitoring/val_predictions_epoch81.npy
  Gradient norms:
    lstm_encoder: 0.017450
    lstm_decoder: 0.011192
    output_layer: 0.400123
  VSN output std:
    encoder: 0.132405
  Attention entropy: 2.452057
  Saved to: experiments/12_feature_ablation/macro_heavy_weekly_7q_h1_s42/collapse_monitoring/collapse_monitor_latest.json
[DEBUG CollapseMonitor] on_validation_epoch_start called for epoch 82
[DEBUG CollapseMonitor] reset_temporal_state() called on loss function
Epoch 82: val_loss=0.7529228329658508
Epoch 82: train_loss=0.8986496329307556

[CollapseMonitor] Epoch 82
  [DEBUG] Processed 15 batches from val_dataloader
  [DEBUG] Predictions shape after concat: (230,)
  Pred std: 0.054008, range: 0.223231, mean: 0.283084
  Pos: 100.0%, Neg: 0.0%, Unique: 228
  Dir Acc: 61.30%, Pred Sharpe: 83.2071
  Composite: 0.4944 (dist_match: 0.6130, actual_pos: 61.3%, pred_pos: 100.0%)
  Collapse penalty: 0.000000 (threshold: 0.005000)
  Saved validation predictions to: experiments/12_feature_ablation/macro_heavy_weekly_7q_h1_s42/collapse_monitoring/val_predictions_epoch82.npy
  Gradient norms:
    lstm_encoder: 0.015852
    lstm_decoder: 0.010375
    output_layer: 0.390624
  VSN output std:
    encoder: 0.132372
  Attention entropy: 2.451925
  Saved to: experiments/12_feature_ablation/macro_heavy_weekly_7q_h1_s42/collapse_monitoring/collapse_monitor_latest.json
[DEBUG CollapseMonitor] on_validation_epoch_start called for epoch 83
[DEBUG CollapseMonitor] reset_temporal_state() called on loss function
Epoch 83: val_loss=0.752897322177887
Epoch 83: train_loss=0.8991531729698181

[CollapseMonitor] Epoch 83
  [DEBUG] Processed 15 batches from val_dataloader
  [DEBUG] Predictions shape after concat: (230,)
  Pred std: 0.054566, range: 0.225172, mean: 0.281074
  Pos: 100.0%, Neg: 0.0%, Unique: 229
  Dir Acc: 61.30%, Pred Sharpe: 81.7715
  Composite: 0.4944 (dist_match: 0.6130, actual_pos: 61.3%, pred_pos: 100.0%)
  Collapse penalty: 0.000000 (threshold: 0.005000)
  Saved validation predictions to: experiments/12_feature_ablation/macro_heavy_weekly_7q_h1_s42/collapse_monitoring/val_predictions_epoch83.npy
  Gradient norms:
    lstm_encoder: 0.016740
    lstm_decoder: 0.010640
    output_layer: 0.385006
  VSN output std:
    encoder: 0.132446
  Attention entropy: 2.451378
  Saved to: experiments/12_feature_ablation/macro_heavy_weekly_7q_h1_s42/collapse_monitoring/collapse_monitor_latest.json
[DEBUG CollapseMonitor] on_validation_epoch_start called for epoch 84
[DEBUG CollapseMonitor] reset_temporal_state() called on loss function
Epoch 84: val_loss=0.7528976202011108
Epoch 84: train_loss=0.89932781457901

[CollapseMonitor] Epoch 84
  [DEBUG] Processed 15 batches from val_dataloader
  [DEBUG] Predictions shape after concat: (230,)
  Pred std: 0.054574, range: 0.225275, mean: 0.280574
  Pos: 100.0%, Neg: 0.0%, Unique: 230
  Dir Acc: 61.30%, Pred Sharpe: 81.6139
  Composite: 0.4944 (dist_match: 0.6130, actual_pos: 61.3%, pred_pos: 100.0%)
  Collapse penalty: 0.000000 (threshold: 0.005000)
  Saved validation predictions to: experiments/12_feature_ablation/macro_heavy_weekly_7q_h1_s42/collapse_monitoring/val_predictions_epoch84.npy
  Gradient norms:
    lstm_encoder: 0.016449
    lstm_decoder: 0.010430
    output_layer: 0.374080
  VSN output std:
    encoder: 0.132627
  Attention entropy: 2.451406
  Saved to: experiments/12_feature_ablation/macro_heavy_weekly_7q_h1_s42/collapse_monitoring/collapse_monitor_latest.json
[DEBUG CollapseMonitor] on_validation_epoch_start called for epoch 85
[DEBUG CollapseMonitor] reset_temporal_state() called on loss function
Epoch 85: val_loss=0.7528652548789978
Epoch 85: train_loss=0.8984285593032837

[CollapseMonitor] Epoch 85
  [DEBUG] Processed 15 batches from val_dataloader
  [DEBUG] Predictions shape after concat: (230,)
  Pred std: 0.054604, range: 0.225647, mean: 0.279755
  Pos: 100.0%, Neg: 0.0%, Unique: 230
  Dir Acc: 61.30%, Pred Sharpe: 81.3302
  Composite: 0.4944 (dist_match: 0.6130, actual_pos: 61.3%, pred_pos: 100.0%)
  Collapse penalty: 0.000000 (threshold: 0.005000)
  Saved validation predictions to: experiments/12_feature_ablation/macro_heavy_weekly_7q_h1_s42/collapse_monitoring/val_predictions_epoch85.npy
  Gradient norms:
    lstm_encoder: 0.017108
    lstm_decoder: 0.010870
    output_layer: 0.391387
  VSN output std:
    encoder: 0.132621
  Attention entropy: 2.451328
  Saved to: experiments/12_feature_ablation/macro_heavy_weekly_7q_h1_s42/collapse_monitoring/collapse_monitor_latest.json
[DEBUG CollapseMonitor] on_validation_epoch_start called for epoch 86
[DEBUG CollapseMonitor] reset_temporal_state() called on loss function
Epoch 86: val_loss=0.7528914213180542
Epoch 86: train_loss=0.9032425284385681

[CollapseMonitor] Epoch 86
  [DEBUG] Processed 15 batches from val_dataloader
  [DEBUG] Predictions shape after concat: (230,)
  Pred std: 0.054339, range: 0.224976, mean: 0.281070
  Pos: 100.0%, Neg: 0.0%, Unique: 230
  Dir Acc: 61.30%, Pred Sharpe: 82.1112
  Composite: 0.4944 (dist_match: 0.6130, actual_pos: 61.3%, pred_pos: 100.0%)
  Collapse penalty: 0.000000 (threshold: 0.005000)
  Saved validation predictions to: experiments/12_feature_ablation/macro_heavy_weekly_7q_h1_s42/collapse_monitoring/val_predictions_epoch86.npy
  Gradient norms:
    lstm_encoder: 0.016346
    lstm_decoder: 0.010864
    output_layer: 0.402482
  VSN output std:
    encoder: 0.132191
  Attention entropy: 2.451509
  Saved to: experiments/12_feature_ablation/macro_heavy_weekly_7q_h1_s42/collapse_monitoring/collapse_monitor_latest.json
[DEBUG CollapseMonitor] on_validation_epoch_start called for epoch 87
[DEBUG CollapseMonitor] reset_temporal_state() called on loss function
Epoch 87: val_loss=0.7529151439666748
Epoch 87: train_loss=0.8952007293701172

[CollapseMonitor] Epoch 87
  [DEBUG] Processed 15 batches from val_dataloader
  [DEBUG] Predictions shape after concat: (230,)
  Pred std: 0.054950, range: 0.226927, mean: 0.279921
  Pos: 100.0%, Neg: 0.0%, Unique: 230
  Dir Acc: 61.30%, Pred Sharpe: 80.8658
  Composite: 0.4944 (dist_match: 0.6130, actual_pos: 61.3%, pred_pos: 100.0%)
  Collapse penalty: 0.000000 (threshold: 0.005000)
  Saved validation predictions to: experiments/12_feature_ablation/macro_heavy_weekly_7q_h1_s42/collapse_monitoring/val_predictions_epoch87.npy
  Gradient norms:
    lstm_encoder: 0.016346
    lstm_decoder: 0.010372
    output_layer: 0.379604
  VSN output std:
    encoder: 0.131946
  Attention entropy: 2.451087
  Saved to: experiments/12_feature_ablation/macro_heavy_weekly_7q_h1_s42/collapse_monitoring/collapse_monitor_latest.json
[DEBUG CollapseMonitor] on_validation_epoch_start called for epoch 88
[DEBUG CollapseMonitor] reset_temporal_state() called on loss function
Epoch 88: val_loss=0.7529441118240356
Epoch 88: train_loss=0.8994329571723938

[CollapseMonitor] Epoch 88
  [DEBUG] Processed 15 batches from val_dataloader
  [DEBUG] Predictions shape after concat: (230,)
  Pred std: 0.054714, range: 0.226148, mean: 0.281876
  Pos: 100.0%, Neg: 0.0%, Unique: 229
  Dir Acc: 61.30%, Pred Sharpe: 81.7825
  Composite: 0.4944 (dist_match: 0.6130, actual_pos: 61.3%, pred_pos: 100.0%)
  Collapse penalty: 0.000000 (threshold: 0.005000)
  Saved validation predictions to: experiments/12_feature_ablation/macro_heavy_weekly_7q_h1_s42/collapse_monitoring/val_predictions_epoch88.npy
  Gradient norms:
    lstm_encoder: 0.016137
    lstm_decoder: 0.010493
    output_layer: 0.391516
  VSN output std:
    encoder: 0.131891
  Attention entropy: 2.451208
  Saved to: experiments/12_feature_ablation/macro_heavy_weekly_7q_h1_s42/collapse_monitoring/collapse_monitor_latest.json
[DEBUG CollapseMonitor] on_validation_epoch_start called for epoch 89
[DEBUG CollapseMonitor] reset_temporal_state() called on loss function
Epoch 89: val_loss=0.7529639601707458
Epoch 89: train_loss=0.8997781872749329

[CollapseMonitor] Epoch 89
  [DEBUG] Processed 15 batches from val_dataloader
  [DEBUG] Predictions shape after concat: (230,)
  Pred std: 0.054863, range: 0.226637, mean: 0.280877
  Pos: 100.0%, Neg: 0.0%, Unique: 230
  Dir Acc: 61.30%, Pred Sharpe: 81.2710
  Composite: 0.4944 (dist_match: 0.6130, actual_pos: 61.3%, pred_pos: 100.0%)
  Collapse penalty: 0.000000 (threshold: 0.005000)
  Saved validation predictions to: experiments/12_feature_ablation/macro_heavy_weekly_7q_h1_s42/collapse_monitoring/val_predictions_epoch89.npy
  Gradient norms:
    lstm_encoder: 0.016867
    lstm_decoder: 0.010645
    output_layer: 0.372281
  VSN output std:
    encoder: 0.131742
  Attention entropy: 2.451020
  Saved to: experiments/12_feature_ablation/macro_heavy_weekly_7q_h1_s42/collapse_monitoring/collapse_monitor_latest.json
[DEBUG CollapseMonitor] on_validation_epoch_start called for epoch 90
[DEBUG CollapseMonitor] reset_temporal_state() called on loss function
Epoch 90: val_loss=0.7529082298278809
Epoch 90: train_loss=0.8937281370162964

[CollapseMonitor] Epoch 90
  [DEBUG] Processed 15 batches from val_dataloader
  [DEBUG] Predictions shape after concat: (230,)
  Pred std: 0.055531, range: 0.228326, mean: 0.281163
  Pos: 100.0%, Neg: 0.0%, Unique: 227
  Dir Acc: 61.30%, Pred Sharpe: 80.3748
  Composite: 0.4944 (dist_match: 0.6130, actual_pos: 61.3%, pred_pos: 100.0%)
  Collapse penalty: 0.000000 (threshold: 0.005000)
  Saved validation predictions to: experiments/12_feature_ablation/macro_heavy_weekly_7q_h1_s42/collapse_monitoring/val_predictions_epoch90.npy
  Gradient norms:
    lstm_encoder: 0.016956
    lstm_decoder: 0.010578
    output_layer: 0.380081
  VSN output std:
    encoder: 0.131962
  Attention entropy: 2.450408
  Saved to: experiments/12_feature_ablation/macro_heavy_weekly_7q_h1_s42/collapse_monitoring/collapse_monitor_latest.json
[DEBUG CollapseMonitor] on_validation_epoch_start called for epoch 91
[DEBUG CollapseMonitor] reset_temporal_state() called on loss function
Epoch 91: val_loss=0.7529582381248474
Epoch 91: train_loss=0.8986398577690125

[CollapseMonitor] Epoch 91
  [DEBUG] Processed 15 batches from val_dataloader
  [DEBUG] Predictions shape after concat: (230,)
  Pred std: 0.055344, range: 0.227828, mean: 0.280946
  Pos: 100.0%, Neg: 0.0%, Unique: 229
  Dir Acc: 61.30%, Pred Sharpe: 80.5848
  Composite: 0.4944 (dist_match: 0.6130, actual_pos: 61.3%, pred_pos: 100.0%)
  Collapse penalty: 0.000000 (threshold: 0.005000)
  Saved validation predictions to: experiments/12_feature_ablation/macro_heavy_weekly_7q_h1_s42/collapse_monitoring/val_predictions_epoch91.npy
  Gradient norms:
    lstm_encoder: 0.016148
    lstm_decoder: 0.010931
    output_layer: 0.409064
  VSN output std:
    encoder: 0.132171
  Attention entropy: 2.450466
  Saved to: experiments/12_feature_ablation/macro_heavy_weekly_7q_h1_s42/collapse_monitoring/collapse_monitor_latest.json
[DEBUG CollapseMonitor] on_validation_epoch_start called for epoch 92
[DEBUG CollapseMonitor] reset_temporal_state() called on loss function
Epoch 92: val_loss=0.752890944480896
Epoch 92: train_loss=0.9015451669692993

[CollapseMonitor] Epoch 92
  [DEBUG] Processed 15 batches from val_dataloader
  [DEBUG] Predictions shape after concat: (230,)
  Pred std: 0.055653, range: 0.228523, mean: 0.281870
  Pos: 100.0%, Neg: 0.0%, Unique: 229
  Dir Acc: 61.30%, Pred Sharpe: 80.4008
  Composite: 0.4944 (dist_match: 0.6130, actual_pos: 61.3%, pred_pos: 100.0%)
  Collapse penalty: 0.000000 (threshold: 0.005000)
  Saved validation predictions to: experiments/12_feature_ablation/macro_heavy_weekly_7q_h1_s42/collapse_monitoring/val_predictions_epoch92.npy
  Gradient norms:
    lstm_encoder: 0.017086
    lstm_decoder: 0.010684
    output_layer: 0.364320
  VSN output std:
    encoder: 0.132551
  Attention entropy: 2.450233
  Saved to: experiments/12_feature_ablation/macro_heavy_weekly_7q_h1_s42/collapse_monitoring/collapse_monitor_latest.json
[DEBUG CollapseMonitor] on_validation_epoch_start called for epoch 93
[DEBUG CollapseMonitor] reset_temporal_state() called on loss function
Epoch 93: val_loss=0.7528932690620422
Epoch 93: train_loss=0.8956059813499451

[CollapseMonitor] Epoch 93
  [DEBUG] Processed 15 batches from val_dataloader
  [DEBUG] Predictions shape after concat: (230,)
  Pred std: 0.055652, range: 0.228610, mean: 0.282196
  Pos: 100.0%, Neg: 0.0%, Unique: 230
  Dir Acc: 61.30%, Pred Sharpe: 80.4947
  Composite: 0.4944 (dist_match: 0.6130, actual_pos: 61.3%, pred_pos: 100.0%)
  Collapse penalty: 0.000000 (threshold: 0.005000)
  Saved validation predictions to: experiments/12_feature_ablation/macro_heavy_weekly_7q_h1_s42/collapse_monitoring/val_predictions_epoch93.npy
  Gradient norms:
    lstm_encoder: 0.015990
    lstm_decoder: 0.010372
    output_layer: 0.383743
  VSN output std:
    encoder: 0.132576
  Attention entropy: 2.450182
  Saved to: experiments/12_feature_ablation/macro_heavy_weekly_7q_h1_s42/collapse_monitoring/collapse_monitor_latest.json
[DEBUG CollapseMonitor] on_validation_epoch_start called for epoch 94
[DEBUG CollapseMonitor] reset_temporal_state() called on loss function
Epoch 94: val_loss=0.7529611587524414
Epoch 94: train_loss=0.8989489674568176

[CollapseMonitor] Epoch 94
  [DEBUG] Processed 15 batches from val_dataloader
  [DEBUG] Predictions shape after concat: (230,)
  Pred std: 0.054979, range: 0.226765, mean: 0.282113
  Pos: 100.0%, Neg: 0.0%, Unique: 230
  Dir Acc: 61.30%, Pred Sharpe: 81.4570
  Composite: 0.4944 (dist_match: 0.6130, actual_pos: 61.3%, pred_pos: 100.0%)
  Collapse penalty: 0.000000 (threshold: 0.005000)
  Saved validation predictions to: experiments/12_feature_ablation/macro_heavy_weekly_7q_h1_s42/collapse_monitoring/val_predictions_epoch94.npy
  Gradient norms:
    lstm_encoder: 0.016825
    lstm_decoder: 0.010908
    output_layer: 0.399079
  VSN output std:
    encoder: 0.132522
  Attention entropy: 2.450610
  Saved to: experiments/12_feature_ablation/macro_heavy_weekly_7q_h1_s42/collapse_monitoring/collapse_monitor_latest.json
[DEBUG CollapseMonitor] on_validation_epoch_start called for epoch 95
[DEBUG CollapseMonitor] reset_temporal_state() called on loss function
Epoch 95: val_loss=0.7528838515281677
Epoch 95: train_loss=0.9024940133094788

[CollapseMonitor] Epoch 95
  [DEBUG] Processed 15 batches from val_dataloader
  [DEBUG] Predictions shape after concat: (230,)
  Pred std: 0.055106, range: 0.226871, mean: 0.282827
  Pos: 100.0%, Neg: 0.0%, Unique: 230
  Dir Acc: 61.30%, Pred Sharpe: 81.4750
  Composite: 0.4944 (dist_match: 0.6130, actual_pos: 61.3%, pred_pos: 100.0%)
  Collapse penalty: 0.000000 (threshold: 0.005000)
  Saved validation predictions to: experiments/12_feature_ablation/macro_heavy_weekly_7q_h1_s42/collapse_monitoring/val_predictions_epoch95.npy
  Gradient norms:
    lstm_encoder: 0.018144
    lstm_decoder: 0.011318
    output_layer: 0.393909
  VSN output std:
    encoder: 0.132666
  Attention entropy: 2.450449
  Saved to: experiments/12_feature_ablation/macro_heavy_weekly_7q_h1_s42/collapse_monitoring/collapse_monitor_latest.json
[DEBUG CollapseMonitor] on_validation_epoch_start called for epoch 96
[DEBUG CollapseMonitor] reset_temporal_state() called on loss function
Epoch 96: val_loss=0.7528584599494934
Epoch 96: train_loss=0.9007134437561035

[CollapseMonitor] Epoch 96
  [DEBUG] Processed 15 batches from val_dataloader
  [DEBUG] Predictions shape after concat: (230,)
  Pred std: 0.054967, range: 0.226467, mean: 0.282899
  Pos: 100.0%, Neg: 0.0%, Unique: 230
  Dir Acc: 61.30%, Pred Sharpe: 81.7020
  Composite: 0.4944 (dist_match: 0.6130, actual_pos: 61.3%, pred_pos: 100.0%)
  Collapse penalty: 0.000000 (threshold: 0.005000)
  Saved validation predictions to: experiments/12_feature_ablation/macro_heavy_weekly_7q_h1_s42/collapse_monitoring/val_predictions_epoch96.npy
  Gradient norms:
    lstm_encoder: 0.016552
    lstm_decoder: 0.010728
    output_layer: 0.383536
  VSN output std:
    encoder: 0.132804
  Attention entropy: 2.450577
  Saved to: experiments/12_feature_ablation/macro_heavy_weekly_7q_h1_s42/collapse_monitoring/collapse_monitor_latest.json
[DEBUG CollapseMonitor] on_validation_epoch_start called for epoch 97
[DEBUG CollapseMonitor] reset_temporal_state() called on loss function
Epoch 97: val_loss=0.7527683973312378
Epoch 97: train_loss=0.9004647135734558

[CollapseMonitor] Epoch 97
  [DEBUG] Processed 15 batches from val_dataloader
  [DEBUG] Predictions shape after concat: (230,)
  Pred std: 0.055767, range: 0.228953, mean: 0.283413
  Pos: 100.0%, Neg: 0.0%, Unique: 229
  Dir Acc: 61.30%, Pred Sharpe: 80.6760
  Composite: 0.4944 (dist_match: 0.6130, actual_pos: 61.3%, pred_pos: 100.0%)
  Collapse penalty: 0.000000 (threshold: 0.005000)
  Saved validation predictions to: experiments/12_feature_ablation/macro_heavy_weekly_7q_h1_s42/collapse_monitoring/val_predictions_epoch97.npy
  Gradient norms:
    lstm_encoder: 0.016608
    lstm_decoder: 0.010376
    output_layer: 0.376434
  VSN output std:
    encoder: 0.133041
  Attention entropy: 2.449890
  Saved to: experiments/12_feature_ablation/macro_heavy_weekly_7q_h1_s42/collapse_monitoring/collapse_monitor_latest.json
[DEBUG CollapseMonitor] on_validation_epoch_start called for epoch 98
[DEBUG CollapseMonitor] reset_temporal_state() called on loss function
Epoch 98: val_loss=0.752848207950592
Epoch 98: train_loss=0.9003040194511414

[CollapseMonitor] Epoch 98
  [DEBUG] Processed 15 batches from val_dataloader
  [DEBUG] Predictions shape after concat: (230,)
  Pred std: 0.055785, range: 0.229148, mean: 0.284321
  Pos: 100.0%, Neg: 0.0%, Unique: 230
  Dir Acc: 61.30%, Pred Sharpe: 80.9085
  Composite: 0.4944 (dist_match: 0.6130, actual_pos: 61.3%, pred_pos: 100.0%)
  Collapse penalty: 0.000000 (threshold: 0.005000)
  Saved validation predictions to: experiments/12_feature_ablation/macro_heavy_weekly_7q_h1_s42/collapse_monitoring/val_predictions_epoch98.npy
  Gradient norms:
    lstm_encoder: 0.016193
    lstm_decoder: 0.010461
    output_layer: 0.376145
  VSN output std:
    encoder: 0.133192
  Attention entropy: 2.449800
  Saved to: experiments/12_feature_ablation/macro_heavy_weekly_7q_h1_s42/collapse_monitoring/collapse_monitor_latest.json
[DEBUG CollapseMonitor] on_validation_epoch_start called for epoch 99
[DEBUG CollapseMonitor] reset_temporal_state() called on loss function
Epoch 99: val_loss=0.7528226971626282
Epoch 99: train_loss=0.8993117809295654

[CollapseMonitor] Epoch 99
  [DEBUG] Processed 15 batches from val_dataloader
  [DEBUG] Predictions shape after concat: (230,)
  Pred std: 0.055893, range: 0.229503, mean: 0.284027
  Pos: 100.0%, Neg: 0.0%, Unique: 229
  Dir Acc: 61.30%, Pred Sharpe: 80.6689
  Composite: 0.4944 (dist_match: 0.6130, actual_pos: 61.3%, pred_pos: 100.0%)
  Collapse penalty: 0.000000 (threshold: 0.005000)
  Saved validation predictions to: experiments/12_feature_ablation/macro_heavy_weekly_7q_h1_s42/collapse_monitoring/val_predictions_epoch99.npy
  Gradient norms:
    lstm_encoder: 0.017360
    lstm_decoder: 0.011413
    output_layer: 0.416522
  VSN output std:
    encoder: 0.133271
  Attention entropy: 2.449658
  Saved to: experiments/12_feature_ablation/macro_heavy_weekly_7q_h1_s42/collapse_monitoring/collapse_monitor_latest.json


======================================================================
Training complete
======================================================================

Best val_loss checkpoint: experiments/12_feature_ablation/macro_heavy_weekly_7q_h1_s42/checkpoints/tft-epoch=epoch=16-valloss=val_loss=0.7398.ckpt
Best validation loss: 0.739848
Checkpoints saved:
  - Best val_loss: experiments/12_feature_ablation/macro_heavy_weekly_7q_h1_s42/checkpoints/tft-epoch=epoch=16-valloss=val_loss=0.7398.ckpt
  - Best pred_std: experiments/12_feature_ablation/macro_heavy_weekly_7q_h1_s42/checkpoints/tft-epoch=epoch=22-predstd=val_pred_std=0.0802.ckpt
  - Best unique: experiments/12_feature_ablation/macro_heavy_weekly_7q_h1_s42/checkpoints/tft-epoch=epoch=00-unique=val_num_unique=230.ckpt
  - Best dir_acc: experiments/12_feature_ablation/macro_heavy_weekly_7q_h1_s42/checkpoints/tft-epoch=epoch=01-diracc=val_dir_acc=0.6130.ckpt
  - Best sharpe: experiments/12_feature_ablation/macro_heavy_weekly_7q_h1_s42/checkpoints/tft-epoch=epoch=16-sharpe=val_sharpe=256.2819.ckpt
  - Best composite: experiments/12_feature_ablation/macro_heavy_weekly_7q_h1_s42/checkpoints/tft-epoch=epoch=01-composite=val_composite=0.4944.ckpt
Completed at: 2025-12-12 16:50:27
Log saved to: experiments/12_feature_ablation/macro_heavy_weekly_7q_h1_s42/training_20251212_163042.log
======================================================================
