{
  "evaluation_timestamp": "2025-10-30T03:22:25.715221",
  "statistical_metrics": {
    "mse": 1.173917531967163,
    "rmse": 1.0834747552871704,
    "mae": 0.7735548615455627,
    "mape": 128.70601415634155,
    "r2": 0.002417266368865967,
    "mean_error": 0.01812341809272766,
    "std_error": 1.0833231210708618
  },
  "financial_metrics": {
    "directional_accuracy": 0.51640625,
    "sharpe_ratio": 0.5958722525613852,
    "max_drawdown": -0.2524602711200714,
    "total_return": 0.5349276065826416,
    "hit_rate": 0.4625,
    "num_trades": 1116,
    "precision": 0.5304659498207885,
    "recall": 0.8617176128093159,
    "f1_score": 0.6566833056017748,
    "confusion_matrix": [
      [
        69,
        524
      ],
      [
        95,
        592
      ]
    ],
    "auc_roc": 0.4969378312235665,
    "alpha": -0.3866804838180542
  },
  "residual_diagnostics": {
    "normality_p_value": 5.930142036764219e-39,
    "acf_lag1": -0.03327348523231171,
    "skewness": 0.016730382660464387,
    "kurtosis": 6.323998441219814
  },
  "mode_stats": {
    "healthy_days": 334,
    "degraded_days": 251,
    "unidirectional_days": 638,
    "weak_collapse_days": 57,
    "strong_collapse_days": 0,
    "total_days": 1280,
    "healthy_pct": 26.09375,
    "degraded_pct": 19.609375,
    "unidirectional_pct": 49.84375,
    "weak_collapse_pct": 4.453125,
    "strong_collapse_pct": 0.0
  },
  "collapse_detected": true,
  "degradation_detected": true,
  "checkpoint_used": "experiments/00_baseline_exploration/sweep_lr_0.0003/checkpoints/tft-epoch=57-val_loss=0.3975.ckpt"
}