{
  "evaluation_timestamp": "2025-10-27T12:01:35.032383",
  "statistical_metrics": {
    "mse": 1.186637282371521,
    "rmse": 1.0893287658691406,
    "mae": 0.7755653262138367,
    "mape": 247.72861003875732,
    "r2": -0.008391976356506348,
    "mean_error": -0.10147996246814728,
    "std_error": 1.0845917463302612
  },
  "financial_metrics": {
    "directional_accuracy": 0.53671875,
    "sharpe_ratio": 0.8329736080938573,
    "max_drawdown": -0.2524605989456177,
    "total_return": 0.9216080904006958,
    "hit_rate": 0.53671875,
    "num_trades": 1280,
    "precision": 0.53671875,
    "recall": 1.0,
    "f1_score": 0.6985256736146417,
    "confusion_matrix": [
      [
        0,
        593
      ],
      [
        0,
        687
      ]
    ],
    "auc_roc": 0.5403064868885175,
    "alpha": 0.0
  },
  "residual_diagnostics": {
    "normality_p_value": 4.199465663584182e-40,
    "acf_lag1": -0.0369580296113533,
    "skewness": 0.09077559611812298,
    "kurtosis": 6.510892610699521
  },
  "mode_stats": {
    "healthy_days": 29,
    "degraded_days": 1,
    "unidirectional_days": 908,
    "weak_collapse_days": 342,
    "strong_collapse_days": 0,
    "total_days": 1280,
    "healthy_pct": 2.265625,
    "degraded_pct": 0.078125,
    "unidirectional_pct": 70.9375,
    "weak_collapse_pct": 26.718750000000004,
    "strong_collapse_pct": 0.0
  },
  "collapse_detected": true,
  "degradation_detected": true,
  "checkpoint_used": "experiments/00_baseline_exploration/sweep_lr_0.0003/checkpoints/tft-epoch=01-val_loss=0.1374.ckpt"
}