{
  "evaluation_timestamp": "2025-10-22T23:16:17.576375",
  "statistical_metrics": {
    "mse": 1.1909310817718506,
    "rmse": 1.0912978649139404,
    "mae": 0.7779577970504761,
    "mape": 254.75659370422363,
    "r2": -0.01204073429107666,
    "mean_error": -0.12107734382152557,
    "std_error": 1.0845603942871094
  },
  "financial_metrics": {
    "directional_accuracy": 0.53671875,
    "sharpe_ratio": 0.8329736080938573,
    "max_drawdown": -0.2524605989456177,
    "total_return": 0.9216080904006958,
    "hit_rate": 0.53671875,
    "num_trades": 1280,
    "precision": 0.53671875,
    "recall": 1.0,
    "f1_score": 0.6985256736146417,
    "confusion_matrix": [
      [
        0,
        593
      ],
      [
        0,
        687
      ]
    ],
    "auc_roc": 0.5217641037725429,
    "alpha": 0.0
  },
  "residual_diagnostics": {
    "normality_p_value": 3.2437784760542347e-40,
    "acf_lag1": -0.036718737236461456,
    "skewness": 0.08682987353353226,
    "kurtosis": 6.546098417102552
  },
  "checkpoint_used": "experiments/sweep_stale_h18_drop0.25_lr3/checkpoints/tft-epoch=01-val_loss=0.0734.ckpt"
}