{
  "evaluation_timestamp": "2025-10-30T03:30:11.513659",
  "statistical_metrics": {
    "mse": 1.1737496852874756,
    "rmse": 1.0833972692489624,
    "mae": 0.7733455300331116,
    "mape": 124.21196699142456,
    "r2": 0.0025599002838134766,
    "mean_error": 0.006467905826866627,
    "std_error": 1.0833779573440552
  },
  "financial_metrics": {
    "directional_accuracy": 0.5265625,
    "sharpe_ratio": 0.7289628927286645,
    "max_drawdown": -0.2524600327014923,
    "total_return": 0.7506217956542969,
    "hit_rate": 0.51953125,
    "num_trades": 1249,
    "precision": 0.5324259407526021,
    "recall": 0.9679767103347889,
    "f1_score": 0.6869834710743803,
    "confusion_matrix": [
      [
        9,
        584
      ],
      [
        22,
        665
      ]
    ],
    "auc_roc": 0.4898512731012713,
    "alpha": -0.17098629474639893
  },
  "residual_diagnostics": {
    "normality_p_value": 7.896028795541478e-39,
    "acf_lag1": -0.03046135449766076,
    "skewness": -0.025241222968684376,
    "kurtosis": 6.290562251628845
  },
  "mode_stats": {
    "healthy_days": 370,
    "degraded_days": 48,
    "unidirectional_days": 805,
    "weak_collapse_days": 30,
    "strong_collapse_days": 27,
    "total_days": 1280,
    "healthy_pct": 28.90625,
    "degraded_pct": 3.75,
    "unidirectional_pct": 62.890625,
    "weak_collapse_pct": 2.34375,
    "strong_collapse_pct": 2.109375
  },
  "collapse_detected": true,
  "degradation_detected": true,
  "checkpoint_used": "experiments/01_staleness_features_fixed/sweep_stale_h18_drop0.25_lr3/checkpoints/tft-epoch=96-val_loss=0.3955.ckpt"
}