{
  "evaluation_timestamp": "2025-10-27T12:04:43.518285",
  "statistical_metrics": {
    "mse": 1.1909310817718506,
    "rmse": 1.0912978649139404,
    "mae": 0.7779577970504761,
    "mape": 254.75656986236572,
    "r2": -0.01204073429107666,
    "mean_error": -0.12107732146978378,
    "std_error": 1.084560513496399
  },
  "financial_metrics": {
    "directional_accuracy": 0.53671875,
    "sharpe_ratio": 0.8329736080938573,
    "max_drawdown": -0.2524605989456177,
    "total_return": 0.9216080904006958,
    "hit_rate": 0.53671875,
    "num_trades": 1280,
    "precision": 0.53671875,
    "recall": 1.0,
    "f1_score": 0.6985256736146417,
    "confusion_matrix": [
      [
        0,
        593
      ],
      [
        0,
        687
      ]
    ],
    "auc_roc": 0.5217641037725429,
    "alpha": 0.0
  },
  "residual_diagnostics": {
    "normality_p_value": 3.2438375057964727e-40,
    "acf_lag1": -0.03671873758696883,
    "skewness": 0.08682987785450873,
    "kurtosis": 6.54609648220298
  },
  "mode_stats": {
    "healthy_days": 29,
    "degraded_days": 0,
    "unidirectional_days": 190,
    "weak_collapse_days": 1060,
    "strong_collapse_days": 1,
    "total_days": 1280,
    "healthy_pct": 2.265625,
    "degraded_pct": 0.0,
    "unidirectional_pct": 14.84375,
    "weak_collapse_pct": 82.8125,
    "strong_collapse_pct": 0.078125
  },
  "collapse_detected": true,
  "degradation_detected": true,
  "checkpoint_used": "experiments/01_staleness_features_fixed/sweep_stale_h18_drop0.25_lr3/checkpoints/tft-epoch=01-val_loss=0.0734.ckpt"
}