{
  "evaluation_timestamp": "2025-10-27T12:04:32.730187",
  "statistical_metrics": {
    "mse": 1.1930716037750244,
    "rmse": 1.0922781229019165,
    "mae": 0.7790628671646118,
    "mape": 262.9441022872925,
    "r2": -0.01385962963104248,
    "mean_error": -0.12987549602985382,
    "std_error": 1.0845293998718262
  },
  "financial_metrics": {
    "directional_accuracy": 0.53671875,
    "sharpe_ratio": 0.8329736080938573,
    "max_drawdown": -0.2524605989456177,
    "total_return": 0.9216080904006958,
    "hit_rate": 0.53671875,
    "num_trades": 1280,
    "precision": 0.53671875,
    "recall": 1.0,
    "f1_score": 0.6985256736146417,
    "confusion_matrix": [
      [
        0,
        593
      ],
      [
        0,
        687
      ]
    ],
    "auc_roc": 0.5195647424709922,
    "alpha": 0.0
  },
  "residual_diagnostics": {
    "normality_p_value": 3.2867112054465944e-40,
    "acf_lag1": -0.03676725308592916,
    "skewness": 0.08569524393450191,
    "kurtosis": 6.54692633272011
  },
  "mode_stats": {
    "healthy_days": 29,
    "degraded_days": 0,
    "unidirectional_days": 215,
    "weak_collapse_days": 1034,
    "strong_collapse_days": 2,
    "total_days": 1280,
    "healthy_pct": 2.265625,
    "degraded_pct": 0.0,
    "unidirectional_pct": 16.796875,
    "weak_collapse_pct": 80.78125,
    "strong_collapse_pct": 0.15625
  },
  "collapse_detected": true,
  "degradation_detected": true,
  "checkpoint_used": "experiments/01_staleness_features_fixed/sweep_stale_h18_drop0.15_lr3/checkpoints/tft-epoch=01-val_loss=0.0787.ckpt"
}