{
  "evaluation_timestamp": "2025-10-22T23:16:09.322947",
  "statistical_metrics": {
    "mse": 1.1930716037750244,
    "rmse": 1.0922781229019165,
    "mae": 0.779062807559967,
    "mape": 262.94407844543457,
    "r2": -0.01385962963104248,
    "mean_error": -0.12987549602985382,
    "std_error": 1.0845293998718262
  },
  "financial_metrics": {
    "directional_accuracy": 0.53671875,
    "sharpe_ratio": 0.8329736080938573,
    "max_drawdown": -0.2524605989456177,
    "total_return": 0.9216080904006958,
    "hit_rate": 0.53671875,
    "num_trades": 1280,
    "precision": 0.53671875,
    "recall": 1.0,
    "f1_score": 0.6985256736146417,
    "confusion_matrix": [
      [
        0,
        593
      ],
      [
        0,
        687
      ]
    ],
    "auc_roc": 0.5195598331823728,
    "alpha": 0.0
  },
  "residual_diagnostics": {
    "normality_p_value": 3.2867101480188394e-40,
    "acf_lag1": -0.03676725143847623,
    "skewness": 0.08569526145665265,
    "kurtosis": 6.54692633272011
  },
  "checkpoint_used": "experiments/sweep_stale_h18_drop0.15_lr3/checkpoints/tft-epoch=01-val_loss=0.0787.ckpt"
}