{
  "evaluation_timestamp": "2025-10-30T03:29:30.039061",
  "statistical_metrics": {
    "mse": 1.174956202507019,
    "rmse": 1.0839539766311646,
    "mae": 0.7740222811698914,
    "mape": 125.1032829284668,
    "r2": 0.0015345215797424316,
    "mean_error": -0.004949214868247509,
    "std_error": 1.0839426517486572
  },
  "financial_metrics": {
    "directional_accuracy": 0.52734375,
    "sharpe_ratio": 0.768709148754257,
    "max_drawdown": -0.2524596154689789,
    "total_return": 0.8122445344924927,
    "hit_rate": 0.5203125,
    "num_trades": 1250,
    "precision": 0.5328,
    "recall": 0.9694323144104804,
    "f1_score": 0.687661331956634,
    "confusion_matrix": [
      [
        9,
        584
      ],
      [
        21,
        666
      ]
    ],
    "auc_roc": 0.4778161520504871,
    "alpha": -0.10936355590820312
  },
  "residual_diagnostics": {
    "normality_p_value": 9.758015613293496e-39,
    "acf_lag1": -0.02728042688304718,
    "skewness": -0.05561308663108405,
    "kurtosis": 6.241782890902895
  },
  "mode_stats": {
    "healthy_days": 299,
    "degraded_days": 16,
    "unidirectional_days": 935,
    "weak_collapse_days": 30,
    "strong_collapse_days": 0,
    "total_days": 1280,
    "healthy_pct": 23.359375,
    "degraded_pct": 1.25,
    "unidirectional_pct": 73.046875,
    "weak_collapse_pct": 2.34375,
    "strong_collapse_pct": 0.0
  },
  "collapse_detected": true,
  "degradation_detected": true,
  "checkpoint_used": "experiments/01_staleness_features_fixed/sweep_stale_h18_drop0.15_lr3/checkpoints/tft-epoch=96-val_loss=0.3949.ckpt"
}