{
  "period_statistics": {
    "2020": {
      "n_samples": 92,
      "entropy_mean": 2.9344632625579834,
      "entropy_std": 0.046117208898067474,
      "attention_concentration": 0.0502312071621418,
      "top_features": [
        [
          "t-20",
          0.06095922365784645
        ],
        [
          "t-19",
          0.05395559221506119
        ],
        [
          "t-1",
          0.053755782544612885
        ],
        [
          "t-2",
          0.05290178209543228
        ],
        [
          "t-3",
          0.05201196298003197
        ]
      ],
      "mean_attention": [
        0.06095922365784645,
        0.05395559221506119,
        0.05007362365722656,
        0.04805462434887886,
        0.04716512933373451,
        0.046827517449855804,
        0.046883102506399155,
        0.0469982847571373,
        0.047355033457279205,
        0.047506581991910934,
        0.04769819602370262,
        0.04796912893652916,
        0.048257071524858475,
        0.04943830147385597,
        0.05014817789196968,
        0.050725508481264114,
        0.05131540447473526,
        0.05201196298003197,
        0.05290178209543228,
        0.053755782544612885
      ],
      "std_attention": [
        0.03304146230220795,
        0.023760633543133736,
        0.018839318305253983,
        0.01638910546898842,
        0.015097638592123985,
        0.014177887700498104,
        0.013573447242379189,
        0.013123403303325176,
        0.013065424747765064,
        0.012980196624994278,
        0.013031074777245522,
        0.013273325748741627,
        0.013665549457073212,
        0.015852684155106544,
        0.016745898872613907,
        0.017989426851272583,
        0.019218405708670616,
        0.02054959163069725,
        0.02223201096057892,
        0.024055177345871925
      ]
    },
    "2021": {
      "n_samples": 250,
      "entropy_mean": 2.910626173019409,
      "entropy_std": 0.08758754283189774,
      "attention_concentration": 0.05004169046878815,
      "top_features": [
        [
          "t-1",
          0.05364261195063591
        ],
        [
          "t-2",
          0.05273750424385071
        ],
        [
          "t-3",
          0.051981840282678604
        ],
        [
          "t-4",
          0.051334671676158905
        ],
        [
          "t-5",
          0.05090140923857689
        ]
      ],
      "mean_attention": [
        0.05006356164813042,
        0.0494982972741127,
        0.049219705164432526,
        0.04870385304093361,
        0.048506755381822586,
        0.048454783856868744,
        0.048504605889320374,
        0.04862506315112114,
        0.048800308257341385,
        0.049058109521865845,
        0.04937976226210594,
        0.0497199110686779,
        0.050150059163570404,
        0.050223980098962784,
        0.05049329251050949,
        0.05090140923857689,
        0.051334671676158905,
        0.051981840282678604,
        0.05273750424385071,
        0.05364261195063591
      ],
      "std_attention": [
        0.029260434210300446,
        0.025899207219481468,
        0.023765770718455315,
        0.022627610713243484,
        0.022265536710619926,
        0.021833989769220352,
        0.021599987521767616,
        0.021349316462874413,
        0.02122732810676098,
        0.021253366023302078,
        0.021348055452108383,
        0.021427491679787636,
        0.021704014390707016,
        0.02153034880757332,
        0.02192423678934574,
        0.022859888151288033,
        0.023429280146956444,
        0.02523345872759819,
        0.02777249738574028,
        0.03001512959599495
      ]
    },
    "2022": {
      "n_samples": 249,
      "entropy_mean": 2.9174907207489014,
      "entropy_std": 0.06653226166963577,
      "attention_concentration": 0.050358179956674576,
      "top_features": [
        [
          "t-20",
          0.06493247300386429
        ],
        [
          "t-19",
          0.05709691718220711
        ],
        [
          "t-18",
          0.052872005850076675
        ],
        [
          "t-1",
          0.052349235862493515
        ],
        [
          "t-2",
          0.051117051392793655
        ]
      ],
      "mean_attention": [
        0.06493247300386429,
        0.05709691718220711,
        0.052872005850076675,
        0.050333477556705475,
        0.04879829287528992,
        0.04783400520682335,
        0.047328732907772064,
        0.04719703644514084,
        0.04704628512263298,
        0.04706887528300285,
        0.04721909761428833,
        0.047407593578100204,
        0.0475589744746685,
        0.04777892678976059,
        0.04812797158956528,
        0.048649076372385025,
        0.049238305538892746,
        0.05004572123289108,
        0.051117051392793655,
        0.052349235862493515
      ],
      "std_attention": [
        0.03491705283522606,
        0.025539148598909378,
        0.021164562553167343,
        0.018520081415772438,
        0.016762424260377884,
        0.015767011791467667,
        0.015136918053030968,
        0.014957912266254425,
        0.01475947443395853,
        0.01481223851442337,
        0.015023463405668736,
        0.015524913556873798,
        0.01609862595796585,
        0.016713835299015045,
        0.017362061887979507,
        0.01848759688436985,
        0.0200689397752285,
        0.02235005609691143,
        0.025624996051192284,
        0.029453996568918228
      ]
    },
    "2023": {
      "n_samples": 249,
      "entropy_mean": 2.978722095489502,
      "entropy_std": 0.025011898949742317,
      "attention_concentration": 0.05000344291329384,
      "top_features": [
        [
          "t-1",
          0.05095937103033066
        ],
        [
          "t-2",
          0.05064185708761215
        ],
        [
          "t-18",
          0.050611622631549835
        ],
        [
          "t-3",
          0.050423093140125275
        ],
        [
          "t-19",
          0.050350479781627655
        ]
      ],
      "mean_attention": [
        0.049550872296094894,
        0.050350479781627655,
        0.050611622631549835,
        0.05027129501104355,
        0.04993162304162979,
        0.04974651709198952,
        0.04966125264763832,
        0.049504876136779785,
        0.049539122730493546,
        0.04962966963648796,
        0.049650002270936966,
        0.04968796670436859,
        0.04974357411265373,
        0.04984292387962341,
        0.04994241148233414,
        0.05006784200668335,
        0.05024366080760956,
        0.050423093140125275,
        0.05064185708761215,
        0.05095937103033066
      ],
      "std_attention": [
        0.016130056232213974,
        0.01299025397747755,
        0.010930588468909264,
        0.00977875106036663,
        0.009058097377419472,
        0.008729659952223301,
        0.00865111779421568,
        0.008302515372633934,
        0.008368871174752712,
        0.008393912576138973,
        0.008408383466303349,
        0.008434247225522995,
        0.008459004573523998,
        0.008429558016359806,
        0.008538003079593182,
        0.008796865120530128,
        0.009119863621890545,
        0.009538072161376476,
        0.010124361142516136,
        0.010884575545787811
      ]
    },
    "2024": {
      "n_samples": 250,
      "entropy_mean": 2.9618265628814697,
      "entropy_std": 0.08276592940092087,
      "attention_concentration": 0.05002991855144501,
      "top_features": [
        [
          "t-1",
          0.05161413177847862
        ],
        [
          "t-2",
          0.05117029696702957
        ],
        [
          "t-3",
          0.051052335649728775
        ],
        [
          "t-4",
          0.05100836604833603
        ],
        [
          "t-6",
          0.05092981830239296
        ]
      ],