{
  "period_statistics": {
    "2020": {
      "n_samples": 92,
      "entropy_mean": 2.989025354385376,
      "entropy_std": 0.004563502501696348,
      "attention_concentration": 0.05035191774368286,
      "top_features": [
        [
          "t-20",
          0.06535501778125763
        ],
        [
          "t-19",
          0.05698513612151146
        ],
        [
          "t-18",
          0.05340774729847908
        ],
        [
          "t-17",
          0.05138580873608589
        ],
        [
          "t-16",
          0.05021825432777405
        ]
      ],
      "mean_attention": [
        0.06535501778125763,
        0.05698513612151146,
        0.05340774729847908,
        0.05138580873608589,
        0.05021825432777405,
        0.04948997497558594,
        0.04902208223938942,
        0.04869426414370537,
        0.04846412315964699,
        0.04827529564499855,
        0.048125967383384705,
        0.048001158982515335,
        0.047889091074466705,
        0.04793408513069153,
        0.04790657013654709,
        0.047854818403720856,
        0.047804635018110275,
        0.047760192304849625,
        0.04772639274597168,
        0.04769933596253395
      ],
      "std_attention": [
        0.007294250186532736,
        0.00559284258633852,
        0.004784312564879656,
        0.004269092809408903,
        0.0039480444975197315,
        0.0037248556036502123,
        0.0035957153886556625,
        0.0035194179508835077,
        0.0034757431130856276,
        0.0034501736517995596,
        0.003476235084235668,
        0.003530333051458001,
        0.0035892724990844727,
        0.0038220537826418877,
        0.003907904028892517,
        0.004002864006906748,
        0.004099484998732805,
        0.004208887927234173,
        0.0043251849710941315,
        0.00447370670735836
      ]
    },
    "2021": {
      "n_samples": 250,
      "entropy_mean": 2.9857561588287354,
      "entropy_std": 0.012663361616432667,
      "attention_concentration": 0.050327591598033905,
      "top_features": [
        [
          "t-20",
          0.06446967273950577
        ],
        [
          "t-19",
          0.05681249499320984
        ],
        [
          "t-18",
          0.05353653058409691
        ],
        [
          "t-17",
          0.05163712427020073
        ],
        [
          "t-16",
          0.05047187581658363
        ]
      ],
      "mean_attention": [
        0.06446967273950577,
        0.05681249499320984,
        0.05353653058409691,
        0.05163712427020073,
        0.05047187581658363,
        0.04978227615356445,
        0.04928446188569069,
        0.04895414412021637,
        0.04874095693230629,
        0.04853959381580353,
        0.04838341847062111,
        0.04825989902019501,
        0.048165034502744675,
        0.048012539744377136,
        0.0478481650352478,
        0.04769642651081085,
        0.04754626005887985,
        0.04740912839770317,
        0.047280941158533096,
        0.04716901108622551
      ],
      "std_attention": [
        0.0077329957857728004,
        0.006908298935741186,
        0.006540670525282621,
        0.006050524767488241,
        0.005675663240253925,
        0.00544615276157856,
        0.005348953418433666,
        0.005319027695804834,
        0.005316609516739845,
        0.005361207760870457,
        0.00539313955232501,
        0.005417308770120144,
        0.005424209870398045,
        0.005411788821220398,
        0.005530063528567553,
        0.005714291241019964,
        0.005990696605294943,
        0.00639888783916831,
        0.006935452576726675,
        0.007533203810453415
      ]
    },
    "2022": {
      "n_samples": 249,
      "entropy_mean": 2.980907440185547,
      "entropy_std": 0.015617997385561466,
      "attention_concentration": 0.05005817860364914,
      "top_features": [
        [
          "t-20",
          0.05614292994141579
        ],
        [
          "t-19",
          0.05291248857975006
        ],
        [
          "t-18",
          0.051431965082883835
        ],
        [
          "t-17",
          0.05061154067516327
        ],
        [
          "t-16",
          0.05012912675738335
        ]
      ],
      "mean_attention": [
        0.05614292994141579,
        0.05291248857975006,
        0.051431965082883835,
        0.05061154067516327,
        0.05012912675738335,
        0.04974992945790291,
        0.049538880586624146,
        0.049407679587602615,
        0.049250438809394836,
        0.04913836717605591,
        0.04908306151628494,
        0.04902929812669754,
        0.04897500202059746,
        0.04892491549253464,
        0.04892692714929581,
        0.04903106763958931,
        0.04914417117834091,
        0.04930835962295532,
        0.04951754957437515,
        0.04974636435508728
      ],
      "std_attention": [
        0.01163929607719183,
        0.009941055439412594,
        0.008903993293642998,
        0.008325795643031597,
        0.007876904681324959,
        0.007491984870284796,
        0.007179722189903259,
        0.006997895427048206,
        0.006843875162303448,
        0.006779390387237072,
        0.006787941791117191,
        0.0068966117687523365,
        0.007136910688132048,
        0.007463367190212011,
        0.007826410233974457,
        0.008267128840088844,
        0.008829898200929165,
        0.009509003721177578,
        0.01028384082019329,
        0.011170799843966961
      ]
    },
    "2023": {
      "n_samples": 249,
      "entropy_mean": 2.983637571334839,
      "entropy_std": 0.0104681346565485,
      "attention_concentration": 0.05020582675933838,
      "top_features": [
        [
          "t-20",
          0.06152219697833061
        ],
        [
          "t-19",
          0.05549795553088188
        ],
        [
          "t-18",
          0.05281705781817436
        ],
        [
          "t-17",
          0.05125773698091507
        ],
        [
          "t-16",
          0.05030136555433273
        ]
      ],
      "mean_attention": [
        0.06152219697833061,
        0.05549795553088188,
        0.05281705781817436,
        0.05125773698091507,
        0.05030136555433273,
        0.04969676211476326,
        0.049283090978860855,
        0.04895510524511337,
        0.04875785857439041,
        0.04865110293030739,
        0.04854101315140724,
        0.048465434461832047,
        0.04840695485472679,
        0.04838576167821884,
        0.04838137328624725,
        0.04827142134308815,
        0.04823848232626915,
        0.04820192605257034,
        0.048176079988479614,
        0.048191338777542114
      ],
      "std_attention": [
        0.010259116068482399,
        0.008786407299339771,
        0.007919065654277802,
        0.007319220807403326,
        0.006868215277791023,
        0.006553929299116135,
        0.006323826964944601,
        0.006113636773079634,
        0.006041246000677347,
        0.006002788431942463,
        0.006043856497853994,
        0.006144718267023563,
        0.006263785995543003,
        0.006394526921212673,
        0.006533126346766949,
        0.0067565226927399635,
        0.007012623827904463,
        0.007346231956034899,
        0.007741771172732115,
        0.00823974423110485
      ]
    },
    "2024": {
      "n_samples": 250,
      "entropy_mean": 2.992272138595581,
      "entropy_std": 0.0020447794813662767,
      "attention_concentration": 0.05011848732829094,
      "top_features": [
        [
          "t-20",
          0.05907168611884117
        ],
        [
          "t-19",
          0.05381523445248604
        ],
        [
          "t-18",
          0.05184811353683472
        ],
        [
          "t-17",
          0.05076606199145317
        ],
        [
          "t-16",
          0.05012793838977814
        ]
      ],