{
  "period_statistics": {
    "2020": {
      "n_samples": 92,
      "entropy_mean": 2.683424949645996,
      "entropy_std": 0.17678895592689514,
      "attention_concentration": 0.06704028695821762,
      "top_features": [
        [
          "t-1",
          0.1160101592540741
        ],
        [
          "t-2",
          0.10265308618545532
        ],
        [
          "t-3",
          0.09129399061203003
        ],
        [
          "t-4",
          0.08192756026983261
        ],
        [
          "t-5",
          0.07374458014965057
        ]
      ],
      "mean_attention": [
        0.0175965316593647,
        0.01902127079665661,
        0.019309496507048607,
        0.020946504548192024,
        0.023184524849057198,
        0.025881653651595116,
        0.028822947293519974,
        0.03198032081127167,
        0.035500552505254745,
        0.039389144629240036,
        0.04371294379234314,
        0.04854846000671387,
        0.05407203733921051,
        0.059812676161527634,
        0.06659159064292908,
        0.07374458014965057,
        0.08192756026983261,
        0.09129399061203003,
        0.10265308618545532,
        0.1160101592540741
      ],
      "std_attention": [
        0.02549823746085167,
        0.024319667369127274,
        0.020989608019590378,
        0.019962524995207787,
        0.019707584753632545,
        0.020185036584734917,
        0.020586419850587845,
        0.021023275330662727,
        0.021528245881199837,
        0.022396596148610115,
        0.023243185132741928,
        0.024304166436195374,
        0.025579022243618965,
        0.02744891308248043,
        0.029517607763409615,
        0.03181365132331848,
        0.035605065524578094,
        0.04119112342596054,
        0.05116361752152443,
        0.06568136811256409
      ]
    },
    "2021": {
      "n_samples": 250,
      "entropy_mean": 2.3792881965637207,
      "entropy_std": 0.29677844047546387,
      "attention_concentration": 0.09934323281049728,
      "top_features": [
        [
          "t-1",
          0.1859034299850464
        ],
        [
          "t-2",
          0.14939814805984497
        ],
        [
          "t-3",
          0.11993689835071564
        ],
        [
          "t-4",
          0.09608032554388046
        ],
        [
          "t-5",
          0.07724764943122864
        ]
      ],
      "mean_attention": [
        0.008417045697569847,
        0.00948410201817751,
        0.010255749337375164,
        0.011491932906210423,
        0.013140583410859108,
        0.015065928921103477,
        0.017153721302747726,
        0.019574526697397232,
        0.022305594757199287,
        0.025562383234500885,
        0.02967420406639576,
        0.03490814194083214,
        0.041763994842767715,
        0.050530094653367996,
        0.062105633318424225,
        0.07724764943122864,
        0.09608032554388046,
        0.11993689835071564,
        0.14939814805984497,
        0.1859034299850464
      ],
      "std_attention": [
        0.01202189177274704,
        0.014122816734015942,
        0.01405917014926672,
        0.014327188953757286,
        0.015712281689047813,
        0.017253128811717033,
        0.018854990601539612,
        0.020681224763393402,
        0.02235451713204384,
        0.02425176277756691,
        0.02647222764790058,
        0.02896246686577797,
        0.03193129226565361,
        0.035319939255714417,
        0.039534054696559906,
        0.044797979295253754,
        0.05055052414536476,
        0.059413712471723557,
        0.07434087991714478,
        0.09995073080062866
      ]
    },
    "2022": {
      "n_samples": 249,
      "entropy_mean": 2.696523666381836,
      "entropy_std": 0.1842326819896698,
      "attention_concentration": 0.062408678233623505,
      "top_features": [
        [
          "t-1",
          0.10195998102426529
        ],
        [
          "t-2",
          0.09273563325405121
        ],
        [
          "t-3",
          0.0847584456205368
        ],
        [
          "t-4",
          0.07753094285726547
        ],
        [
          "t-5",
          0.0711134821176529
        ]
      ],
      "mean_attention": [
        0.017915870994329453,
        0.019837914034724236,
        0.020628875121474266,
        0.02303353138267994,
        0.026253586634993553,
        0.02975325472652912,
        0.03334267437458038,
        0.03688013181090355,
        0.0402703694999218,
        0.043772533535957336,
        0.04746599867939949,
        0.05137737840414047,
        0.055534832179546356,
        0.06045980751514435,
        0.06537484377622604,
        0.0711134821176529,
        0.07753094285726547,
        0.0847584456205368,
        0.09273563325405121,
        0.10195998102426529
      ],
      "std_attention": [
        0.020978398621082306,
        0.020960669964551926,
        0.01977919600903988,
        0.020073948428034782,
        0.020887408405542374,
        0.021825512871146202,
        0.022722618654370308,
        0.02358047477900982,
        0.024270877242088318,
        0.024875689297914505,
        0.02546197734773159,
        0.02616148255765438,
        0.026880698278546333,
        0.028046319261193275,
        0.030181754380464554,
        0.03303420916199684,
        0.037645433098077774,
        0.04447334632277489,
        0.052906498312950134,
        0.06439056247472763
      ]
    },
    "2023": {
      "n_samples": 249,
      "entropy_mean": 2.3228797912597656,
      "entropy_std": 0.24626491963863373,
      "attention_concentration": 0.10853897035121918,
      "top_features": [
        [
          "t-1",
          0.18600955605506897
        ],
        [
          "t-2",
          0.15566043555736542
        ],
        [
          "t-3",
          0.13013631105422974
        ],
        [
          "t-4",
          0.10803128033876419
        ],
        [
          "t-5",
          0.08852740377187729
        ]
      ],
      "mean_attention": [
        0.004902675747871399,
        0.005297582130879164,
        0.005780431441962719,
        0.006648088805377483,
        0.007782320957630873,
        0.009197348728775978,
        0.010951176285743713,
        0.013147757388651371,
        0.016194995492696762,
        0.020389774814248085,
        0.026095334440469742,
        0.03372209146618843,
        0.04368497058749199,
        0.05610564723610878,
        0.07173483073711395,
        0.08852740377187729,
        0.10803128033876419,
        0.13013631105422974,
        0.15566043555736542,
        0.18600955605506897
      ],
      "std_attention": [
        0.0035016494803130627,
        0.004226010292768478,
        0.004906133282929659,
        0.006005379371345043,
        0.007339951582252979,
        0.008879294618964195,
        0.010499553754925728,
        0.01196216605603695,
        0.013889866881072521,
        0.016203852370381355,
        0.018944159150123596,
        0.022495955228805542,
        0.027063222602009773,
        0.0322791263461113,
        0.038799185305833817,
        0.04377894103527069,
        0.04891204461455345,
        0.05562394857406616,
        0.06672179698944092,
        0.08717011660337448
      ]
    },
    "2024": {
      "n_samples": 250,
      "entropy_mean": 2.1879019737243652,
      "entropy_std": 0.2683603763580322,
      "attention_concentration": 0.11961698532104492,
      "top_features": [
        [
          "t-1",
          0.20835323631763458
        ],
        [
          "t-2",
          0.1660155951976776
        ],
        [
          "t-3",
          0.1338716447353363
        ],
        [
          "t-4",
          0.10784875601530075
        ],
        [
          "t-5",
          0.08638528734445572
        ]
      ],