{
  "period_statistics": {
    "2020": {
      "n_samples": 92,
      "entropy_mean": 2.949733257293701,
      "entropy_std": 0.0502605065703392,
      "attention_concentration": 0.05004843696951866,
      "top_features": [
        [
          "t-20",
          0.05463414639234543
        ],
        [
          "t-1",
          0.052324384450912476
        ],
        [
          "t-2",
          0.051743555814027786
        ],
        [
          "t-3",
          0.051237527281045914
        ],
        [
          "t-4",
          0.05087719112634659
        ]
      ],
      "mean_attention": [
        0.05463414639234543,
        0.04914478212594986,
        0.048311613500118256,
        0.048119474202394485,
        0.048266876488924026,
        0.0485069714486599,
        0.04879838973283768,
        0.04903845861554146,
        0.04928946867585182,
        0.049446478486061096,
        0.04959997534751892,
        0.049752239137887955,
        0.04992278292775154,
        0.05006543546915054,
        0.050337232649326324,
        0.05058303475379944,
        0.05087719112634659,
        0.051237527281045914,
        0.051743555814027786,
        0.052324384450912476
      ],
      "std_attention": [
        0.025708770379424095,
        0.020091809332370758,
        0.01716858521103859,
        0.015447809360921383,
        0.014449359849095345,
        0.013952621258795261,
        0.013744190335273743,
        0.013670168817043304,
        0.013617339543998241,
        0.01364122424274683,
        0.013691861182451248,
        0.013810038566589355,
        0.01399525348097086,
        0.01417895220220089,
        0.014430645853281021,
        0.014818532392382622,
        0.015500487759709358,
        0.01646852307021618,
        0.01799795776605606,
        0.019864417612552643
      ]
    },
    "2021": {
      "n_samples": 250,
      "entropy_mean": 2.9647035598754883,
      "entropy_std": 0.034059733152389526,
      "attention_concentration": 0.05009910464286804,
      "top_features": [
        [
          "t-1",
          0.053367484360933304
        ],
        [
          "t-2",
          0.05293671786785126
        ],
        [
          "t-3",
          0.052566103637218475
        ],
        [
          "t-4",
          0.05220077186822891
        ],
        [
          "t-5",
          0.05187587812542915
        ]
      ],
      "mean_attention": [
        0.05070238187909126,
        0.04603295773267746,
        0.04600830003619194,
        0.046521592885255814,
        0.0472671277821064,
        0.047993920743465424,
        0.04863613471388817,
        0.049190569669008255,
        0.049647197127342224,
        0.050054989755153656,
        0.050412293523550034,
        0.050736524164676666,
        0.05105428397655487,
        0.05123807489871979,
        0.05155680701136589,
        0.05187587812542915,
        0.05220077186822891,
        0.052566103637218475,
        0.05293671786785126,
        0.053367484360933304
      ],
      "std_attention": [
        0.01453809067606926,
        0.012843349017202854,
        0.012405379675328732,
        0.012175763957202435,
        0.012190096080303192,
        0.012157951481640339,
        0.012167704291641712,
        0.012224184349179268,
        0.012239565141499043,
        0.012303277850151062,
        0.012348862364888191,
        0.012386303395032883,
        0.012446774169802666,
        0.012688791379332542,
        0.012833219952881336,
        0.013060398399829865,
        0.013257903978228569,
        0.013686607591807842,
        0.014327063225209713,
        0.015178821049630642
      ]
    },
    "2022": {
      "n_samples": 249,
      "entropy_mean": 2.977318286895752,
      "entropy_std": 0.012582452967762947,
      "attention_concentration": 0.05028117820620537,
      "top_features": [
        [
          "t-1",
          0.05682752653956413
        ],
        [
          "t-2",
          0.055878281593322754
        ],
        [
          "t-3",
          0.05496063828468323
        ],
        [
          "t-4",
          0.0540815070271492
        ],
        [
          "t-5",
          0.05325261130928993
        ]
      ],
      "mean_attention": [
        0.05249898508191109,
        0.04595869034528732,
        0.04494612663984299,
        0.044902168214321136,
        0.04530060291290283,
        0.04588739573955536,
        0.04657265543937683,
        0.04731114208698273,
        0.04802212864160538,
        0.04873361811041832,
        0.04946006461977959,
        0.05019322782754898,
        0.050933755934238434,
        0.05181778967380524,
        0.052461110055446625,
        0.05325261130928993,
        0.0540815070271492,
        0.05496063828468323,
        0.055878281593322754,
        0.05682752653956413
      ],
      "std_attention": [
        0.011055930517613888,
        0.008987484499812126,
        0.00837091263383627,
        0.008040553890168667,
        0.007838495075702667,
        0.007714118808507919,
        0.007659925613552332,
        0.007694570813328028,
        0.007762610446661711,
        0.00782876554876566,
        0.007905657403171062,
        0.00801047682762146,
        0.008141462691128254,
        0.007993463426828384,
        0.00836931075900793,
        0.008691384457051754,
        0.009135154075920582,
        0.009736830368638039,
        0.010501822456717491,
        0.011447296477854252
      ]
    },
    "2023": {
      "n_samples": 249,
      "entropy_mean": 2.991102695465088,
      "entropy_std": 0.003151408163830638,
      "attention_concentration": 0.05005887523293495,
      "top_features": [
        [
          "t-20",
          0.05319994315505028
        ],
        [
          "t-1",
          0.05252028629183769
        ],
        [
          "t-2",
          0.052233077585697174
        ],
        [
          "t-3",
          0.05193307623267174
        ],
        [
          "t-4",
          0.05162964388728142
        ]
      ],
      "mean_attention": [
        0.05319994315505028,
        0.04843422397971153,
        0.04770629107952118,
        0.047592245042324066,
        0.04776708409190178,
        0.04807132109999657,
        0.04841981083154678,
        0.048748258501291275,
        0.04909543693065643,
        0.0494384728372097,
        0.049753863364458084,
        0.05005785450339317,
        0.05035609006881714,
        0.05065709352493286,
        0.05106135085225105,
        0.051324501633644104,
        0.05162964388728142,
        0.05193307623267174,
        0.052233077585697174,
        0.05252028629183769
      ],
      "std_attention": [
        0.004866959061473608,
        0.004300108179450035,
        0.004193074069917202,
        0.0041634864173829556,
        0.004177907481789589,
        0.004197044763714075,
        0.004217526875436306,
        0.004215517081320286,
        0.004235361702740192,
        0.0042477138340473175,
        0.004265080206096172,
        0.004284651018679142,
        0.0043038600124418736,
        0.00431531947106123,
        0.0040658931247889996,
        0.004143651574850082,
        0.004178324248641729,
        0.00425542239099741,
        0.004334806464612484,
        0.004466496407985687
      ]
    },
    "2024": {
      "n_samples": 250,
      "entropy_mean": 2.9921274185180664,
      "entropy_std": 0.003989150747656822,
      "attention_concentration": 0.05002966150641441,
      "top_features": [
        [
          "t-20",
          0.05264756828546524
        ],
        [
          "t-1",
          0.051707226783037186
        ],
        [
          "t-2",
          0.05148833617568016
        ],
        [
          "t-3",
          0.05127376690506935
        ],
        [
          "t-4",
          0.05106431245803833
        ]
      ],