{
  "period_statistics": {
    "2020": {
      "n_samples": 92,
      "entropy_mean": 2.9906835556030273,
      "entropy_std": 0.0015757281798869371,
      "attention_concentration": 0.05046128109097481,
      "top_features": [
        [
          "t-2",
          0.056877002120018005
        ],
        [
          "t-3",
          0.05686144903302193
        ],
        [
          "t-1",
          0.05653264373540878
        ],
        [
          "t-4",
          0.05643570423126221
        ],
        [
          "t-5",
          0.055634450167417526
        ]
      ],
      "mean_attention": [
        0.04212401434779167,
        0.043883178383111954,
        0.04476548358798027,
        0.04526377096772194,
        0.0456264428794384,
        0.045975539833307266,
        0.046414826065301895,
        0.046974338591098785,
        0.04769408330321312,
        0.04856881871819496,
        0.049608126282691956,
        0.05078617483377457,
        0.05205586180090904,
        0.05334789305925369,
        0.05457017198204994,
        0.055634450167417526,
        0.05643570423126221,
        0.05686144903302193,
        0.056877002120018005,
        0.05653264373540878
      ],
      "std_attention": [
        0.0010417969897389412,
        0.0010475715389475226,
        0.0010749491630122066,
        0.0010823183692991734,
        0.0010908752446994185,
        0.0011173574021086097,
        0.001152321114204824,
        0.0011891941539943218,
        0.0012257558992132545,
        0.0012439540587365627,
        0.0012393140932545066,
        0.0012183610815554857,
        0.0012145532527938485,
        0.0012569255195558071,
        0.001392281148582697,
        0.0016331030055880547,
        0.0019543881062418222,
        0.0022758697159588337,
        0.002536928514018655,
        0.0027031837962567806
      ]
    },
    "2021": {
      "n_samples": 250,
      "entropy_mean": 2.9816091060638428,
      "entropy_std": 0.01647062413394451,
      "attention_concentration": 0.05013546720147133,
      "top_features": [
        [
          "t-5",
          0.05284798890352249
        ],
        [
          "t-4",
          0.05284169688820839
        ],
        [
          "t-3",
          0.052684471011161804
        ],
        [
          "t-6",
          0.052678968757390976
        ],
        [
          "t-2",
          0.05242862552404404
        ]
      ],
      "mean_attention": [
        0.043920330703258514,
        0.04614906758069992,
        0.04683424532413483,
        0.047246456146240234,
        0.047653887420892715,
        0.0480402447283268,
        0.04857751727104187,
        0.049118489027023315,
        0.04967382177710533,
        0.0503477081656456,
        0.050977353006601334,
        0.05153699591755867,
        0.05198616907000542,
        0.052359405905008316,
        0.052678968757390976,
        0.05284798890352249,
        0.05284169688820839,
        0.052684471011161804,
        0.05242862552404404,
        0.05209658667445183
      ],
      "std_attention": [
        0.008927807211875916,
        0.008696252480149269,
        0.008244941011071205,
        0.007856424897909164,
        0.007489727810025215,
        0.007192661054432392,
        0.006940613035112619,
        0.00671414053067565,
        0.0066576264798641205,
        0.006664888933300972,
        0.006761224940419197,
        0.0069338479079306126,
        0.00719006871804595,
        0.007423465605825186,
        0.007659981492906809,
        0.007957489229738712,
        0.008259409107267857,
        0.008577752858400345,
        0.008961585350334644,
        0.009369978681206703
      ]
    },
    "2022": {
      "n_samples": 249,
      "entropy_mean": 2.975994110107422,
      "entropy_std": 0.017425723373889923,
      "attention_concentration": 0.05021493881940842,
      "top_features": [
        [
          "t-1",
          0.055171120911836624
        ],
        [
          "t-2",
          0.05456184223294258
        ],
        [
          "t-3",
          0.05401024967432022
        ],
        [
          "t-4",
          0.0534578338265419
        ],
        [
          "t-5",
          0.052887819707393646
        ]
      ],
      "mean_attention": [
        0.04164541885256767,
        0.04521776735782623,
        0.046849921345710754,
        0.04756391420960426,
        0.04791100695729256,
        0.04824699088931084,
        0.048497896641492844,
        0.048842526972293854,
        0.049265265464782715,
        0.04968427121639252,
        0.050143033266067505,
        0.050652652978897095,
        0.05121750757098198,
        0.05179687589406967,
        0.05237612500786781,
        0.052887819707393646,
        0.0534578338265419,
        0.05401024967432022,
        0.05456184223294258,
        0.055171120911836624
      ],
      "std_attention": [
        0.010850770398974419,
        0.010739495977759361,
        0.010169180110096931,
        0.009671762585639954,
        0.009312380105257034,
        0.00899314321577549,
        0.008732568472623825,
        0.008552419021725655,
        0.00837993435561657,
        0.008299680426716805,
        0.00828138180077076,
        0.00828986894339323,
        0.008374469354748726,
        0.008612495847046375,
        0.008992061950266361,
        0.009402506984770298,
        0.00994150061160326,
        0.010484921745955944,
        0.011092877015471458,
        0.011848478578031063
      ]
    },
    "2023": {
      "n_samples": 249,
      "entropy_mean": 2.97249698638916,
      "entropy_std": 0.026079876348376274,
      "attention_concentration": 0.05081794038414955,
      "top_features": [
        [
          "t-1",
          0.06070183962583542
        ],
        [
          "t-2",
          0.05990646407008171
        ],
        [
          "t-3",
          0.058908071368932724
        ],
        [
          "t-4",
          0.057758621871471405
        ],
        [
          "t-5",
          0.056508924812078476
        ]
      ],
      "mean_attention": [
        0.03992970287799835,
        0.041718218475580215,
        0.042585935443639755,
        0.04328373074531555,
        0.043969277292490005,
        0.044707491993904114,
        0.045530401170253754,
        0.04643508419394493,
        0.047447241842746735,
        0.048525553196668625,
        0.04973754286766052,
        0.05103353038430214,
        0.05239761620759964,
        0.053786687552928925,
        0.05512809753417969,
        0.056508924812078476,
        0.057758621871471405,
        0.058908071368932724,
        0.05990646407008171,
        0.06070183962583542
      ],
      "std_attention": [
        0.010455677285790443,
        0.009905606508255005,
        0.009335817769169807,
        0.008897681720554829,
        0.00857106689363718,
        0.008307892829179764,
        0.008069179020822048,
        0.007844525389373302,
        0.007652312517166138,
        0.007482975255697966,
        0.007356347981840372,
        0.00728250527754426,
        0.007263390813022852,
        0.007369544822722673,
        0.007538938894867897,
        0.007892860099673271,
        0.008348334580659866,
        0.008909350261092186,
        0.00956976879388094,
        0.010279366746544838
      ]
    },
    "2024": {
      "n_samples": 250,
      "entropy_mean": 2.975712776184082,
      "entropy_std": 0.03136160224676132,
      "attention_concentration": 0.05048162490129471,
      "top_features": [
        [
          "t-1",
          0.05784666910767555
        ],
        [
          "t-2",
          0.05761667713522911
        ],
        [
          "t-3",
          0.05716155841946602
        ],
        [
          "t-4",
          0.05646984651684761
        ],
        [
          "t-5",
          0.0555306077003479
        ]
      ],