{
  "period_statistics": {
    "2020": {
      "n_samples": 92,
      "entropy_mean": 2.623080253601074,
      "entropy_std": 0.3564106523990631,
      "attention_concentration": 0.05186719819903374,
      "top_features": [
        [
          "t-1",
          0.07897181063890457
        ],
        [
          "t-2",
          0.06846093386411667
        ],
        [
          "t-3",
          0.06104181706905365
        ],
        [
          "t-4",
          0.056826576590538025
        ],
        [
          "t-5",
          0.05416096746921539
        ]
      ],
      "mean_attention": [
        0.0518152080476284,
        0.04790307581424713,
        0.04411090537905693,
        0.042324330657720566,
        0.041588615626096725,
        0.04154244810342789,
        0.04195231571793556,
        0.04240816459059715,
        0.04335545375943184,
        0.04402482882142067,
        0.04483156278729439,
        0.04592088982462883,
        0.047164928168058395,
        0.04963486269116402,
        0.0519602969288826,
        0.05416096746921539,
        0.056826576590538025,
        0.06104181706905365,
        0.06846093386411667,
        0.07897181063890457
      ],
      "std_attention": [
        0.06264756619930267,
        0.05083799734711647,
        0.041569896042346954,
        0.03712941333651543,
        0.035049453377723694,
        0.03431398794054985,
        0.03438791260123253,
        0.03499665856361389,
        0.036294277757406235,
        0.03747882694005966,
        0.038739267736673355,
        0.04046846181154251,
        0.04234001412987709,
        0.044975362718105316,
        0.0470941960811615,
        0.04950839281082153,
        0.05423732101917267,
        0.06167620047926903,
        0.07895813137292862,
        0.10466936230659485
      ]
    },
    "2021": {
      "n_samples": 250,
      "entropy_mean": 2.4262919425964355,
      "entropy_std": 0.6282877922058105,
      "attention_concentration": 0.051022499799728394,
      "top_features": [
        [
          "t-20",
          0.06828321516513824
        ],
        [
          "t-19",
          0.06202257424592972
        ],
        [
          "t-1",
          0.05974797159433365
        ],
        [
          "t-18",
          0.058547940105199814
        ],
        [
          "t-2",
          0.05545986816287041
        ]
      ],
      "mean_attention": [
        0.06828321516513824,
        0.06202257424592972,
        0.058547940105199814,
        0.05370158329606056,
        0.04956827685236931,
        0.046296633780002594,
        0.04440867900848389,
        0.04331860691308975,
        0.04283708706498146,
        0.04300396516919136,
        0.04350009560585022,
        0.04410568252205849,
        0.04509260132908821,
        0.0457414947450161,
        0.04653835669159889,
        0.04756821319460869,
        0.048565421253442764,
        0.05169174075126648,
        0.05545986816287041,
        0.05974797159433365
      ],
      "std_attention": [
        0.06376086175441742,
        0.06305660307407379,
        0.059823013842105865,
        0.05898599699139595,
        0.05931340903043747,
        0.05826595053076744,
        0.05866098776459694,
        0.0596139021217823,
        0.06172449141740799,
        0.0644059106707573,
        0.0675753727555275,
        0.07034558802843094,
        0.07402658462524414,
        0.07689525187015533,
        0.07966028898954391,
        0.08246894925832748,
        0.08463592827320099,
        0.09593575447797775,
        0.11460539698600769,
        0.1260300874710083
      ]
    },
    "2022": {
      "n_samples": 249,
      "entropy_mean": 2.4636120796203613,
      "entropy_std": 0.459866464138031,
      "attention_concentration": 0.05592828243970871,
      "top_features": [
        [
          "t-1",
          0.10798834264278412
        ],
        [
          "t-2",
          0.07989149540662766
        ],
        [
          "t-3",
          0.06495421379804611
        ],
        [
          "t-20",
          0.061048105359077454
        ],
        [
          "t-4",
          0.05599164217710495
        ]
      ],
      "mean_attention": [
        0.061048105359077454,
        0.05205671489238739,
        0.04715176671743393,
        0.04428625851869583,
        0.04210406541824341,
        0.04021112620830536,
        0.03867647796869278,
        0.0379992239177227,
        0.037183813750743866,
        0.036818377673625946,
        0.03711414709687233,
        0.038181859999895096,
        0.04005301371216774,
        0.04267512634396553,
        0.045662663877010345,
        0.04995167255401611,
        0.05599164217710495,
        0.06495421379804611,
        0.07989149540662766,
        0.10798834264278412
      ],
      "std_attention": [
        0.0737389475107193,
        0.05271829664707184,
        0.04508780688047409,
        0.040692880749702454,
        0.037484124302864075,
        0.03526864945888519,
        0.03393552452325821,
        0.03461630642414093,
        0.03451334685087204,
        0.03454143553972244,
        0.03516858443617821,
        0.036992721259593964,
        0.040199004113674164,
        0.043968431651592255,
        0.047228697687387466,
        0.05218715965747833,
        0.060649409890174866,
        0.07482987642288208,
        0.09781387448310852,
        0.15461459755897522
      ]
    },
    "2023": {
      "n_samples": 249,
      "entropy_mean": 2.864722967147827,
      "entropy_std": 0.23060838878154755,
      "attention_concentration": 0.05203031003475189,
      "top_features": [
        [
          "t-20",
          0.08086101710796356
        ],
        [
          "t-19",
          0.06916572898626328
        ],
        [
          "t-18",
          0.06298709660768509
        ],
        [
          "t-17",
          0.0557132288813591
        ],
        [
          "t-1",
          0.054206009954214096
        ]
      ],
      "mean_attention": [
        0.08086101710796356,
        0.06916572898626328,
        0.06298709660768509,
        0.0557132288813591,
        0.049578387290239334,
        0.045619361102581024,
        0.0434206984937191,
        0.041887227445840836,
        0.04152167588472366,
        0.04173612222075462,
        0.0421704538166523,
        0.042819179594516754,
        0.043618664145469666,
        0.044543616473674774,
        0.045538678765296936,
        0.04652296006679535,
        0.047751203179359436,
        0.04905945062637329,
        0.051279325038194656,
        0.054206009954214096
      ],
      "std_attention": [
        0.033599529415369034,
        0.028433240950107574,
        0.02506927400827408,
        0.023966165259480476,
        0.022982100024819374,
        0.02245795726776123,
        0.021959500387310982,
        0.019947782158851624,
        0.02005685679614544,
        0.020465776324272156,
        0.021205654367804527,
        0.022117044776678085,
        0.023138975724577904,
        0.0241256020963192,
        0.025252271443605423,
        0.027114132419228554,
        0.0305536687374115,
        0.03350180387496948,
        0.045323826372623444,
        0.05663910508155823
      ]
    },
    "2024": {
      "n_samples": 250,
      "entropy_mean": 2.7009971141815186,
      "entropy_std": 0.7176400423049927,
      "attention_concentration": 0.05113767832517624,
      "top_features": [
        [
          "t-20",
          0.07443488389253616
        ],
        [
          "t-19",
          0.06416625529527664
        ],
        [
          "t-18",
          0.05758855864405632
        ],
        [
          "t-1",
          0.05260184034705162
        ],
        [
          "t-17",
          0.05131741613149643
        ]
      ],