{
  "period_statistics": {
    "2020": {
      "n_samples": 92,
      "entropy_mean": 2.9893689155578613,
      "entropy_std": 0.004255716688930988,
      "attention_concentration": 0.05034476891160011,
      "top_features": [
        [
          "t-20",
          0.0652536079287529
        ],
        [
          "t-19",
          0.05686080828309059
        ],
        [
          "t-18",
          0.05332264304161072
        ],
        [
          "t-17",
          0.0513359010219574
        ],
        [
          "t-16",
          0.05019351840019226
        ]
      ],
      "mean_attention": [
        0.0652536079287529,
        0.05686080828309059,
        0.05332264304161072,
        0.0513359010219574,
        0.05019351840019226,
        0.049482282251119614,
        0.049025390297174454,
        0.04870519042015076,
        0.04848022013902664,
        0.04829609394073486,
        0.04815083369612694,
        0.048029739409685135,
        0.04792139679193497,
        0.047963742166757584,
        0.047937750816345215,
        0.04788854345679283,
        0.04784121364355087,
        0.047799576073884964,
        0.047768186777830124,
        0.04774337261915207
      ],
      "std_attention": [
        0.007061006501317024,
        0.005385599099099636,
        0.004591490142047405,
        0.004087704699486494,
        0.0037750613410025835,
        0.0035590501502156258,
        0.003435022896155715,
        0.003362601390108466,
        0.0033218455500900745,
        0.003298660507425666,
        0.0033246830571442842,
        0.0033770110458135605,
        0.0034338184632360935,
        0.0036556252744048834,
        0.0037376072723418474,
        0.003827480599284172,
        0.003918236121535301,
        0.004020707681775093,
        0.004128820262849331,
        0.004268009215593338
      ]
    },
    "2021": {
      "n_samples": 250,
      "entropy_mean": 2.986140489578247,
      "entropy_std": 0.012076455168426037,
      "attention_concentration": 0.050320908427238464,
      "top_features": [
        [
          "t-20",
          0.06438060104846954
        ],
        [
          "t-19",
          0.056690964847803116
        ],
        [
          "t-18",
          0.05345151573419571
        ],
        [
          "t-17",
          0.05158619582653046
        ],
        [
          "t-16",
          0.05044599622488022
        ]
      ],
      "mean_attention": [
        0.06438060104846954,
        0.056690964847803116,
        0.05345151573419571,
        0.05158619582653046,
        0.05044599622488022,
        0.04977266862988472,
        0.04928566887974739,
        0.04896241053938866,
        0.04875391349196434,
        0.04855595901608467,
        0.04840240627527237,
        0.04828084260225296,
        0.04818762466311455,
        0.048041269183158875,
        0.047880712896585464,
        0.0477326475083828,
        0.04758621007204056,
        0.047452960163354874,
        0.047328680753707886,
        0.047220777720212936
      ],
      "std_attention": [
        0.007584947627037764,
        0.006757454015314579,
        0.0063925618305802345,
        0.005907902959734201,
        0.005538097582757473,
        0.005312050227075815,
        0.005217204801738262,
        0.005188013892620802,
        0.005185828544199467,
        0.005229591391980648,
        0.0052598025649785995,
        0.005281519610434771,
        0.005286556202918291,
        0.0052749644964933395,
        0.005389124155044556,
        0.00556816253811121,
        0.005838039331138134,
        0.006236444227397442,
        0.00676086125895381,
        0.007344708312302828
      ]
    },
    "2022": {
      "n_samples": 249,
      "entropy_mean": 2.9816625118255615,
      "entropy_std": 0.014905666001141071,
      "attention_concentration": 0.05005612596869469,
      "top_features": [
        [
          "t-20",
          0.056050244718790054
        ],
        [
          "t-19",
          0.05284404009580612
        ],
        [
          "t-18",
          0.051392171531915665
        ],
        [
          "t-17",
          0.05058866739273071
        ],
        [
          "t-16",
          0.050116345286369324
        ]
      ],
      "mean_attention": [
        0.056050244718790054,
        0.05284404009580612,
        0.051392171531915665,
        0.05058866739273071,
        0.050116345286369324,
        0.04974472522735596,
        0.04953843727707863,
        0.04940991476178169,
        0.04925624653697014,
        0.04914798587560654,
        0.04909525066614151,
        0.04904437065124512,
        0.048993099480867386,
        0.048944372683763504,
        0.048950646072626114,
        0.04905615746974945,
        0.04917095974087715,
        0.04933604970574379,
        0.049545593559741974,
        0.049774620682001114
      ],
      "std_attention": [
        0.01140600722283125,
        0.009711871854960918,
        0.0086823096498847,
        0.008111328817903996,
        0.007671148516237736,
        0.007295477204024792,
        0.006991674192249775,
        0.006816129200160503,
        0.0066685667261481285,
        0.006607172545045614,
        0.006615542806684971,
        0.006720399484038353,
        0.006952601484954357,
        0.007267576642334461,
        0.007616168819367886,
        0.008041726425290108,
        0.008586117997765541,
        0.009244924411177635,
        0.009997903369367123,
        0.010860370472073555
      ]
    },
    "2023": {
      "n_samples": 249,
      "entropy_mean": 2.9840030670166016,
      "entropy_std": 0.010092923417687416,
      "attention_concentration": 0.050197117030620575,
      "top_features": [
        [
          "t-20",
          0.06134241819381714
        ],
        [
          "t-19",
          0.055337827652692795
        ],
        [
          "t-18",
          0.05270344763994217
        ],
        [
          "t-17",
          0.05118182301521301
        ],
        [
          "t-16",
          0.0502534955739975
        ]
      ],
      "mean_attention": [
        0.06134241819381714,
        0.055337827652692795,
        0.05270344763994217,
        0.05118182301521301,
        0.0502534955739975,
        0.04966920241713524,
        0.049271248281002045,
        0.04895677790045738,
        0.04876955598592758,
        0.0486704520881176,
        0.04856853187084198,
        0.0485004223883152,
        0.04844912514090538,
        0.04843422397971153,
        0.04843441769480705,
        0.04833396524190903,
        0.04830719903111458,
        0.048277348279953,
        0.048258569091558456,
        0.04827987030148506
      ],
      "std_attention": [
        0.010166904889047146,
        0.00868833065032959,
        0.007818634621798992,
        0.0072188409976661205,
        0.006768717430531979,
        0.006455209571868181,
        0.00622586952522397,
        0.006017830688506365,
        0.0059445807710289955,
        0.0059053413569927216,
        0.005945996847003698,
        0.006046605762094259,
        0.006166546605527401,
        0.006298835854977369,
        0.006441039033234119,
        0.006661833729594946,
        0.006917016115039587,
        0.007247887551784515,
        0.007640062365680933,
        0.00813257321715355
      ]
    },
    "2024": {
      "n_samples": 250,
      "entropy_mean": 2.9924216270446777,
      "entropy_std": 0.0019273021025583148,
      "attention_concentration": 0.05011332407593727,
      "top_features": [
        [
          "t-20",
          0.05892391502857208
        ],
        [
          "t-19",
          0.053674954921007156
        ],
        [
          "t-18",
          0.05175840109586716
        ],
        [
          "t-17",
          0.05071441829204559
        ],
        [
          "t-16",
          0.050102706998586655
        ]
      ],