{
  "period_statistics": {
    "2020": {
      "n_samples": 92,
      "entropy_mean": 2.738649845123291,
      "entropy_std": 0.1712145358324051,
      "attention_concentration": 0.051028985530138016,
      "top_features": [
        [
          "t-20",
          0.06663062423467636
        ],
        [
          "t-1",
          0.0638275146484375
        ],
        [
          "t-19",
          0.059287551790475845
        ],
        [
          "t-2",
          0.058857034891843796
        ],
        [
          "t-3",
          0.054745446890592575
        ]
      ],
      "mean_attention": [
        0.06663062423467636,
        0.059287551790475845,
        0.054171863943338394,
        0.050470806658267975,
        0.047819577157497406,
        0.045935533940792084,
        0.044706929475069046,
        0.04375796392560005,
        0.04357900470495224,
        0.043129812926054,
        0.042804740369319916,
        0.04280441626906395,
        0.043017011135816574,
        0.04569370299577713,
        0.047540150582790375,
        0.049605317413806915,
        0.051615066826343536,
        0.054745446890592575,
        0.058857034891843796,
        0.0638275146484375
      ],
      "std_attention": [
        0.06399886310100555,
        0.049483343958854675,
        0.03973603993654251,
        0.034484993666410446,
        0.03184165805578232,
        0.03069901652634144,
        0.029391128569841385,
        0.02853494882583618,
        0.028535984456539154,
        0.028270700946450233,
        0.028101244941353798,
        0.02813773602247238,
        0.0284604262560606,
        0.0343235619366169,
        0.036209411919116974,
        0.039279837161302567,
        0.04226377606391907,
        0.04762185364961624,
        0.05599094182252884,
        0.0682019293308258
      ]
    },
    "2021": {
      "n_samples": 250,
      "entropy_mean": 2.661691904067993,
      "entropy_std": 0.31930065155029297,
      "attention_concentration": 0.0501638799905777,
      "top_features": [
        [
          "t-1",
          0.05727848783135414
        ],
        [
          "t-20",
          0.05650269612669945
        ],
        [
          "t-2",
          0.054018840193748474
        ],
        [
          "t-19",
          0.052254997193813324
        ],
        [
          "t-3",
          0.051760539412498474
        ]
      ],
      "mean_attention": [
        0.05650269612669945,
        0.052254997193813324,
        0.05064366012811661,
        0.0493004284799099,
        0.04891384020447731,
        0.04832487925887108,
        0.04808821156620979,
        0.04779019579291344,
        0.047458913177251816,
        0.04748592525720596,
        0.047650765627622604,
        0.0478757806122303,
        0.0484846830368042,
        0.04822014644742012,
        0.04858630150556564,
        0.049241986125707626,
        0.05011867359280586,
        0.051760539412498474,
        0.054018840193748474,
        0.05727848783135414
      ],
      "std_attention": [
        0.06072063371539116,
        0.05536843463778496,
        0.05076577514410019,
        0.04861709102988243,
        0.048377957195043564,
        0.047144923359155655,
        0.046840619295835495,
        0.04619526118040085,
        0.04584167152643204,
        0.04601152241230011,
        0.04648003354668617,
        0.04673595353960991,
        0.04810645431280136,
        0.047927334904670715,
        0.04925577715039253,
        0.05141489952802658,
        0.05333893373608589,
        0.05942686274647713,
        0.06952955573797226,
        0.0801636278629303
      ]
    },
    "2022": {
      "n_samples": 249,
      "entropy_mean": 2.6873691082000732,
      "entropy_std": 0.2461315095424652,
      "attention_concentration": 0.051021039485931396,
      "top_features": [
        [
          "t-20",
          0.06704788655042648
        ],
        [
          "t-1",
          0.06307336688041687
        ],
        [
          "t-19",
          0.06130510941147804
        ],
        [
          "t-18",
          0.057500824332237244
        ],
        [
          "t-2",
          0.05574270710349083
        ]
      ],
      "mean_attention": [
        0.06704788655042648,
        0.06130510941147804,
        0.057500824332237244,
        0.053564783185720444,
        0.05012073367834091,
        0.04750492796301842,
        0.04564802721142769,
        0.0448513887822628,
        0.04390965402126312,
        0.04330243542790413,
        0.0431186780333519,
        0.04331768676638603,
        0.04390905797481537,
        0.04455497860908508,
        0.04528890550136566,
        0.046627018600702286,
        0.0484473742544651,
        0.051164522767066956,
        0.05574270710349083,
        0.06307336688041687
      ],
      "std_attention": [
        0.06591515988111496,
        0.05024044215679169,
        0.044259242713451385,
        0.03911086171865463,
        0.0349435955286026,
        0.032497555017471313,
        0.031037304550409317,
        0.03118915855884552,
        0.03035149723291397,
        0.02980916202068329,
        0.029720908030867577,
        0.03072172775864601,
        0.03266420215368271,
        0.03416351601481438,
        0.035224512219429016,
        0.037298575043678284,
        0.04085399955511093,
        0.046700432896614075,
        0.0588681660592556,
        0.08263901621103287
      ]
    },
    "2023": {
      "n_samples": 249,
      "entropy_mean": 2.919386148452759,
      "entropy_std": 0.11875548958778381,
      "attention_concentration": 0.05006810277700424,
      "top_features": [
        [
          "t-20",
          0.05612139031291008
        ],
        [
          "t-19",
          0.05291799455881119
        ],
        [
          "t-18",
          0.05179552733898163
        ],
        [
          "t-1",
          0.0515260212123394
        ],
        [
          "t-17",
          0.05078588053584099
        ]
      ],
      "mean_attention": [
        0.05612139031291008,
        0.05291799455881119,
        0.05179552733898163,
        0.05078588053584099,
        0.04995179548859596,
        0.04946788772940636,
        0.04920825734734535,
        0.048637669533491135,
        0.048633016645908356,
        0.048726145178079605,
        0.048674602061510086,
        0.048631224781274796,
        0.04864862188696861,
        0.04876495152711868,
        0.04890492185950279,
        0.049064427614212036,
        0.04936835914850235,
        0.049765512347221375,
        0.05040590092539787,
        0.0515260212123394
      ],
      "std_attention": [
        0.035060372203588486,
        0.028598736971616745,
        0.02355238050222397,
        0.021266736090183258,
        0.019600458443164825,
        0.01912480965256691,
        0.01915634050965309,
        0.017591610550880432,
        0.018137821927666664,
        0.018417902290821075,
        0.018632203340530396,
        0.01877717301249504,
        0.01896463707089424,
        0.019124584272503853,
        0.019699646160006523,
        0.02055235020816326,
        0.021776745095849037,
        0.023410240188241005,
        0.026722649112343788,
        0.03150196000933647
      ]
    },
    "2024": {
      "n_samples": 250,
      "entropy_mean": 2.8780925273895264,
      "entropy_std": 0.2846079468727112,
      "attention_concentration": 0.050027959048748016,
      "top_features": [
        [
          "t-1",
          0.05286375805735588
        ],
        [
          "t-2",
          0.051617201417684555
        ],
        [
          "t-20",
          0.05148003622889519
        ],
        [
          "t-3",
          0.05130337178707123
        ],
        [
          "t-4",
          0.05101437494158745
        ]
      ],