{
  "evaluation_timestamp": "2025-10-22T23:16:25.478752",
  "statistical_metrics": {
    "mse": 1.1908962726593018,
    "rmse": 1.0912818908691406,
    "mae": 0.7779369354248047,
    "mape": 254.98909950256348,
    "r2": -0.012011051177978516,
    "mean_error": -0.12066300213336945,
    "std_error": 1.0845905542373657
  },
  "financial_metrics": {
    "directional_accuracy": 0.53671875,
    "sharpe_ratio": 0.8329736080938573,
    "max_drawdown": -0.2524605989456177,
    "total_return": 0.9216080904006958,
    "hit_rate": 0.53671875,
    "num_trades": 1280,
    "precision": 0.53671875,
    "recall": 1.0,
    "f1_score": 0.6985256736146417,
    "confusion_matrix": [
      [
        0,
        593
      ],
      [
        0,
        687
      ]
    ],
    "auc_roc": 0.5221789386608933,
    "alpha": 0.0
  },
  "residual_diagnostics": {
    "normality_p_value": 3.2476833892196235e-40,
    "acf_lag1": -0.03667375252625515,
    "skewness": 0.0874193207449677,
    "kurtosis": 6.544806613597263
  },
  "checkpoint_used": "experiments/sweep_stale_h18_drop0.35_lr3/checkpoints/tft-epoch=01-val_loss=0.0697.ckpt"
}