{
  "evaluation_timestamp": "2025-10-27T12:04:54.278385",
  "statistical_metrics": {
    "mse": 1.1908962726593018,
    "rmse": 1.0912818908691406,
    "mae": 0.7779369354248047,
    "mape": 254.98905181884766,
    "r2": -0.012011051177978516,
    "mean_error": -0.12066296488046646,
    "std_error": 1.0845905542373657
  },
  "financial_metrics": {
    "directional_accuracy": 0.53671875,
    "sharpe_ratio": 0.8329736080938573,
    "max_drawdown": -0.2524605989456177,
    "total_return": 0.9216080904006958,
    "hit_rate": 0.53671875,
    "num_trades": 1280,
    "precision": 0.53671875,
    "recall": 1.0,
    "f1_score": 0.6985256736146417,
    "confusion_matrix": [
      [
        0,
        593
      ],
      [
        0,
        687
      ]
    ],
    "auc_roc": 0.5221789386608933,
    "alpha": 0.0
  },
  "residual_diagnostics": {
    "normality_p_value": 3.2476844546229356e-40,
    "acf_lag1": -0.036673754076189474,
    "skewness": 0.08741930322578137,
    "kurtosis": 6.544806613597263
  },
  "mode_stats": {
    "healthy_days": 29,
    "degraded_days": 1,
    "unidirectional_days": 173,
    "weak_collapse_days": 1077,
    "strong_collapse_days": 0,
    "total_days": 1280,
    "healthy_pct": 2.265625,
    "degraded_pct": 0.078125,
    "unidirectional_pct": 13.515625,
    "weak_collapse_pct": 84.140625,
    "strong_collapse_pct": 0.0
  },
  "collapse_detected": true,
  "degradation_detected": true,
  "checkpoint_used": "experiments/01_staleness_features_fixed/sweep_stale_h18_drop0.35_lr3/checkpoints/tft-epoch=01-val_loss=0.0697.ckpt"
}