{
  "evaluation_timestamp": "2025-10-30T03:30:52.589979",
  "statistical_metrics": {
    "mse": 1.1733391284942627,
    "rmse": 1.0832078456878662,
    "mae": 0.7729004621505737,
    "mape": 126.02506875991821,
    "r2": 0.0029087066650390625,
    "mean_error": 0.008537503890693188,
    "std_error": 1.083174228668213
  },
  "financial_metrics": {
    "directional_accuracy": 0.53671875,
    "sharpe_ratio": 0.8329736080938573,
    "max_drawdown": -0.2524605989456177,
    "total_return": 0.9216080904006958,
    "hit_rate": 0.53671875,
    "num_trades": 1280,
    "precision": 0.53671875,
    "recall": 1.0,
    "f1_score": 0.6985256736146417,
    "confusion_matrix": [
      [
        0,
        593
      ],
      [
        0,
        687
      ]
    ],
    "auc_roc": 0.48561455702261463,
    "alpha": 0.0
  },
  "residual_diagnostics": {
    "normality_p_value": 8.345629982556595e-39,
    "acf_lag1": -0.032248327345716025,
    "skewness": -0.0033113094373328415,
    "kurtosis": 6.291811959073327
  },
  "mode_stats": {
    "healthy_days": 30,
    "degraded_days": 0,
    "unidirectional_days": 1123,
    "weak_collapse_days": 42,
    "strong_collapse_days": 85,
    "total_days": 1280,
    "healthy_pct": 2.34375,
    "degraded_pct": 0.0,
    "unidirectional_pct": 87.734375,
    "weak_collapse_pct": 3.28125,
    "strong_collapse_pct": 6.640625
  },
  "collapse_detected": true,
  "degradation_detected": true,
  "checkpoint_used": "experiments/01_staleness_features_fixed/sweep_stale_h18_drop0.35_lr3/checkpoints/tft-epoch=96-val_loss=0.3976.ckpt"
}