{
  "period_statistics": {
    "2020": {
      "n_samples": 92,
      "entropy_mean": 2.8462929725646973,
      "entropy_std": 0.11235036700963974,
      "attention_concentration": 0.05049796402454376,
      "top_features": [
        [
          "t-1",
          0.05328725650906563
        ],
        [
          "t-12",
          0.05316812917590141
        ],
        [
          "t-13",
          0.05301633104681969
        ],
        [
          "t-14",
          0.052867718040943146
        ],
        [
          "t-11",
          0.05276314169168472
        ]
      ],
      "mean_attention": [
        0.036228716373443604,
        0.0382232591509819,
        0.04208201542496681,
        0.04648619145154953,
        0.04997000843286514,
        0.051925767213106155,
        0.052867718040943146,
        0.05301633104681969,
        0.05316812917590141,
        0.05276314169168472,
        0.05231355503201485,
        0.051943182945251465,
        0.05165459215641022,
        0.052128974348306656,
        0.05239991098642349,
        0.05231611058115959,
        0.05222071707248688,
        0.052281804382801056,
        0.05272261053323746,
        0.05328725650906563
      ],
      "std_attention": [
        0.026295876130461693,
        0.025906499475240707,
        0.02598780021071434,
        0.02611289732158184,
        0.026044366881251335,
        0.025452692061662674,
        0.024828512221574783,
        0.024177368730306625,
        0.024278581142425537,
        0.024122372269630432,
        0.024178238585591316,
        0.02456860989332199,
        0.025235142558813095,
        0.026401134207844734,
        0.027420420199632645,
        0.02885173074901104,
        0.030971327796578407,
        0.03385878726840019,
        0.0381794236600399,
        0.043582674115896225
      ]
    },
    "2021": {
      "n_samples": 250,
      "entropy_mean": 2.472872495651245,
      "entropy_std": 0.38324394822120667,
      "attention_concentration": 0.052406471222639084,
      "top_features": [
        [
          "t-20",
          0.07570061087608337
        ],
        [
          "t-19",
          0.07140392065048218
        ],
        [
          "t-18",
          0.06719018518924713
        ],
        [
          "t-17",
          0.060555119067430496
        ],
        [
          "t-1",
          0.058970026671886444
        ]
      ],
      "mean_attention": [
        0.07570061087608337,
        0.07140392065048218,
        0.06719018518924713,
        0.060555119067430496,
        0.053820423781871796,
        0.048250962048769,
        0.04439946264028549,
        0.04180847108364105,
        0.040193136781454086,
        0.039507217705249786,
        0.03949996829032898,
        0.03990275785326958,
        0.04081420972943306,
        0.04174294322729111,
        0.04283810034394264,
        0.04427926987409592,
        0.046051833778619766,
        0.049419283866882324,
        0.05365215241909027,
        0.058970026671886444
      ],
      "std_attention": [
        0.07200369238853455,
        0.07184679806232452,
        0.0703975260257721,
        0.06937361508607864,
        0.06800132989883423,
        0.06461092829704285,
        0.061599478125572205,
        0.05870245769619942,
        0.05689067393541336,
        0.05636828765273094,
        0.056578077375888824,
        0.05677778646349907,
        0.05802033841609955,
        0.058456987142562866,
        0.05720154941082001,
        0.05651483312249184,
        0.056106310337781906,
        0.06262434273958206,
        0.07392241060733795,
        0.08657096326351166
      ]
    },
    "2022": {
      "n_samples": 249,
      "entropy_mean": 2.5929906368255615,
      "entropy_std": 0.3043595850467682,
      "attention_concentration": 0.05229244753718376,
      "top_features": [
        [
          "t-17",
          0.07100573927164078
        ],
        [
          "t-16",
          0.06991610676050186
        ],
        [
          "t-18",
          0.06665745377540588
        ],
        [
          "t-15",
          0.06321721524000168
        ],
        [
          "t-19",
          0.05929168686270714
        ]
      ],
      "mean_attention": [
        0.05106143280863762,
        0.05929168686270714,
        0.06665745377540588,
        0.07100573927164078,
        0.06991610676050186,
        0.06321721524000168,
        0.055026933550834656,
        0.04842951148748398,
        0.043765779584646225,
        0.04092592000961304,
        0.03951767832040787,
        0.038946930319070816,
        0.03883508965373039,
        0.03914026916027069,
        0.03988233953714371,
        0.04113025218248367,
        0.04276258125901222,
        0.04531053826212883,
        0.04923052713274956,
        0.05594594404101372
      ],
      "std_attention": [
        0.0558084100484848,
        0.05252433568239212,
        0.05533221736550331,
        0.05793626233935356,
        0.05716535821557045,
        0.05204606428742409,
        0.045597780495882034,
        0.04079069569706917,
        0.037815723568201065,
        0.03633982688188553,
        0.03599638491868973,
        0.03639454394578934,
        0.03703484684228897,
        0.03793787211179733,
        0.03920444846153259,
        0.04101123288273811,
        0.0439363569021225,
        0.04964606091380119,
        0.05971243605017662,
        0.0848073661327362
      ]
    },
    "2023": {
      "n_samples": 249,
      "entropy_mean": 2.8340325355529785,
      "entropy_std": 0.12296357750892639,
      "attention_concentration": 0.05055074021220207,
      "top_features": [
        [
          "t-1",
          0.06107064336538315
        ],
        [
          "t-2",
          0.05875035375356674
        ],
        [
          "t-3",
          0.05685989931225777
        ],
        [
          "t-4",
          0.05531765893101692
        ],
        [
          "t-5",
          0.053996723145246506
        ]
      ],
      "mean_attention": [
        0.05351227894425392,
        0.04585736617445946,
        0.043513379991054535,
        0.042940523475408554,
        0.043383799493312836,
        0.04431214556097984,
        0.04530102387070656,
        0.046064164489507675,
        0.047033704817295074,
        0.04804576188325882,
        0.04895499721169472,
        0.04982348158955574,
        0.05071943253278732,
        0.05171770602464676,
        0.05282502621412277,
        0.053996723145246506,
        0.05531765893101692,
        0.05685989931225777,
        0.05875035375356674,
        0.06107064336538315
      ],
      "std_attention": [
        0.038948673754930496,
        0.03286285325884819,
        0.03182795271277428,
        0.031444571912288666,
        0.030013268813490868,
        0.028167154639959335,
        0.02672492526471615,
        0.02568182535469532,
        0.025425266474485397,
        0.0254772137850523,
        0.025614405050873756,
        0.02579428255558014,
        0.026170173659920692,
        0.02692955918610096,
        0.028048021718859673,
        0.029574070125818253,
        0.03134274110198021,
        0.03382348269224167,
        0.037651367485523224,
        0.042731836438179016
      ]
    },
    "2024": {
      "n_samples": 250,
      "entropy_mean": 2.6808974742889404,
      "entropy_std": 0.5573418736457825,
      "attention_concentration": 0.051488086581230164,
      "top_features": [
        [
          "t-20",
          0.07935208082199097
        ],
        [
          "t-19",
          0.06149274855852127
        ],
        [
          "t-1",
          0.058818425983190536
        ],
        [
          "t-2",
          0.05486296862363815
        ],
        [
          "t-3",
          0.05304206907749176
        ]
      ],