{
  "period_statistics": {
    "2020": {
      "n_samples": 92,
      "entropy_mean": 2.9848265647888184,
      "entropy_std": 0.01247600931674242,
      "attention_concentration": 0.050055067986249924,
      "top_features": [
        [
          "t-1",
          0.05261506140232086
        ],
        [
          "t-2",
          0.052276041358709335
        ],
        [
          "t-3",
          0.05195605754852295
        ],
        [
          "t-4",
          0.051646243780851364
        ],
        [
          "t-5",
          0.05135531350970268
        ]
      ],
      "mean_attention": [
        0.047056157141923904,
        0.04668604955077171,
        0.04739485681056976,
        0.048180609941482544,
        0.04881290718913078,
        0.04926028475165367,
        0.04955117031931877,
        0.049771636724472046,
        0.04993245750665665,
        0.050112418830394745,
        0.05029221251606941,
        0.05047280713915825,
        0.05066315457224846,
        0.0508805513381958,
        0.05108408257365227,
        0.05135531350970268,
        0.051646243780851364,
        0.05195605754852295,
        0.052276041358709335,
        0.05261506140232086
      ],
      "std_attention": [
        0.006665213964879513,
        0.006678211037069559,
        0.006850306876003742,
        0.006926875561475754,
        0.006896746810525656,
        0.006768150720745325,
        0.006615068297833204,
        0.006442548707127571,
        0.0063195801340043545,
        0.006256713531911373,
        0.006270791869610548,
        0.006341190543025732,
        0.006470290943980217,
        0.0066626472398638725,
        0.006915162317454815,
        0.007248986512422562,
        0.007631044834852219,
        0.008053882978856564,
        0.008526419289410114,
        0.009014825336635113
      ]
    },
    "2021": {
      "n_samples": 250,
      "entropy_mean": 2.99006986618042,
      "entropy_std": 0.005277089774608612,
      "attention_concentration": 0.05015707388520241,
      "top_features": [
        [
          "t-1",
          0.05431147664785385
        ],
        [
          "t-2",
          0.053838618099689484
        ],
        [
          "t-3",
          0.053376104682683945
        ],
        [
          "t-4",
          0.052937719970941544
        ],
        [
          "t-5",
          0.052517008036375046
        ]
      ],
      "mean_attention": [
        0.04563087970018387,
        0.04480428248643875,
        0.04561411589384079,
        0.046665459871292114,
        0.04757193475961685,
        0.0482604093849659,
        0.04882098734378815,
        0.04929052293300629,
        0.04971423000097275,
        0.050126586109399796,
        0.05052369460463524,
        0.05091270059347153,
        0.05129670351743698,
        0.05168841779232025,
        0.05209808424115181,
        0.052517008036375046,
        0.052937719970941544,
        0.053376104682683945,
        0.053838618099689484,
        0.05431147664785385
      ],
      "std_attention": [
        0.0039582932367920876,
        0.004056544974446297,
        0.004227104131132364,
        0.004300394095480442,
        0.0043457807041704655,
        0.00435407692566514,
        0.004361903760582209,
        0.004348249174654484,
        0.004329055547714233,
        0.004330419935286045,
        0.004333687014877796,
        0.004342441912740469,
        0.004356407094746828,
        0.004393099341541529,
        0.00444553280249238,
        0.004512093495577574,
        0.0045979381538927555,
        0.004723593592643738,
        0.004870843142271042,
        0.005055801942944527
      ]
    },
    "2022": {
      "n_samples": 249,
      "entropy_mean": 2.983301877975464,
      "entropy_std": 0.00627652695402503,
      "attention_concentration": 0.05020470917224884,
      "top_features": [
        [
          "t-1",
          0.05522024631500244
        ],
        [
          "t-2",
          0.0545792356133461
        ],
        [
          "t-3",
          0.0539705790579319
        ],
        [
          "t-4",
          0.053381264209747314
        ],
        [
          "t-5",
          0.05281257629394531
        ]
      ],
      "mean_attention": [
        0.044347334653139114,
        0.04409421235322952,
        0.04525067284703255,
        0.046624358743429184,
        0.04766513779759407,
        0.0483674481511116,
        0.04882948100566864,
        0.049176182597875595,
        0.04954277351498604,
        0.04991912469267845,
        0.05029831826686859,
        0.05072197690606117,
        0.05119379609823227,
        0.05171889439225197,
        0.052286386489868164,
        0.05281257629394531,
        0.053381264209747314,
        0.0539705790579319,
        0.0545792356133461,
        0.05522024631500244
      ],
      "std_attention": [
        0.006727831903845072,
        0.0068076602183282375,
        0.0071812584064900875,
        0.00738734332844615,
        0.007356053218245506,
        0.007183310110121965,
        0.0069489264860749245,
        0.006730756722390652,
        0.006546455435454845,
        0.006430526729673147,
        0.006359986029565334,
        0.006378637161105871,
        0.006493407767266035,
        0.006725102197378874,
        0.007035578601062298,
        0.007398915011435747,
        0.00782938301563263,
        0.008331437595188618,
        0.00891817081719637,
        0.009601623751223087
      ]
    },
    "2023": {
      "n_samples": 249,
      "entropy_mean": 2.989156723022461,
      "entropy_std": 0.004404217936098576,
      "attention_concentration": 0.050211772322654724,
      "top_features": [
        [
          "t-1",
          0.05468376353383064
        ],
        [
          "t-2",
          0.0541696697473526
        ],
        [
          "t-3",
          0.05365882068872452
        ],
        [
          "t-4",
          0.053160399198532104
        ],
        [
          "t-5",
          0.052684325724840164
        ]
      ],
      "mean_attention": [
        0.04407113790512085,
        0.043321315199136734,
        0.044693171977996826,
        0.046372924000024796,
        0.047679852694272995,
        0.0485730916261673,
        0.04919581860303879,
        0.04970403388142586,
        0.050098396837711334,
        0.05044212564826012,
        0.05080302432179451,
        0.05115126445889473,
        0.05150023475289345,
        0.051837846636772156,
        0.0521988570690155,
        0.052684325724840164,
        0.053160399198532104,
        0.05365882068872452,
        0.0541696697473526,
        0.05468376353383064
      ],
      "std_attention": [
        0.004128963220864534,
        0.003981310408562422,
        0.004213947802782059,
        0.004414750728756189,
        0.004526463802903891,
        0.004568856209516525,
        0.004570545628666878,
        0.0045271157287061214,
        0.004503252450376749,
        0.00444211158901453,
        0.004431328736245632,
        0.004435604438185692,
        0.004460825119167566,
        0.004488971550017595,
        0.004581047687679529,
        0.00483623705804348,
        0.00514230877161026,
        0.005520680453628302,
        0.005957351997494698,
        0.006465611048042774
      ]
    },
    "2024": {
      "n_samples": 250,
      "entropy_mean": 2.9884033203125,
      "entropy_std": 0.005853936076164246,
      "attention_concentration": 0.05033309757709503,
      "top_features": [
        [
          "t-1",
          0.05617591366171837
        ],
        [
          "t-2",
          0.05548635125160217
        ],
        [
          "t-3",
          0.05483285337686539
        ],
        [
          "t-4",
          0.05421706661581993
        ],
        [
          "t-5",
          0.05362170562148094
        ]
      ],