{
  "evaluation_timestamp": "2025-10-30T03:17:29.840914",
  "statistical_metrics": {
    "mse": 1.1739801168441772,
    "rmse": 1.0835036039352417,
    "mae": 0.7729639410972595,
    "mape": 151.81883573532104,
    "r2": 0.0023639798164367676,
    "mean_error": -0.0019018992315977812,
    "std_error": 1.083501935005188
  },
  "financial_metrics": {
    "directional_accuracy": 0.52265625,
    "sharpe_ratio": 0.7600494001724063,
    "max_drawdown": -0.2416587769985199,
    "total_return": 0.7894494533538818,
    "hit_rate": 0.4859375,
    "num_trades": 1168,
    "precision": 0.5325342465753424,
    "recall": 0.9053857350800583,
    "f1_score": 0.6706199460916441,
    "confusion_matrix": [
      [
        47,
        546
      ],
      [
        65,
        622
      ]
    ],
    "auc_roc": 0.5064765790113184,
    "alpha": -0.13215863704681396
  },
  "residual_diagnostics": {
    "normality_p_value": 6.866429193392405e-39,
    "acf_lag1": -0.03066961799076609,
    "skewness": 0.006359205019042177,
    "kurtosis": 6.311552827803105
  },
  "mode_stats": {
    "healthy_days": 296,
    "degraded_days": 114,
    "unidirectional_days": 853,
    "weak_collapse_days": 5,
    "strong_collapse_days": 12,
    "total_days": 1280,
    "healthy_pct": 23.125,
    "degraded_pct": 8.90625,
    "unidirectional_pct": 66.640625,
    "weak_collapse_pct": 0.390625,
    "strong_collapse_pct": 0.9375
  },
  "collapse_detected": true,
  "degradation_detected": true,
  "checkpoint_used": "experiments/00_baseline_exploration/sweep2_hidden_12/checkpoints/tft-epoch=97-val_loss=0.3931.ckpt"
}