{
  "evaluation_timestamp": "2025-10-27T12:02:47.662712",
  "statistical_metrics": {
    "mse": 1.1784346103668213,
    "rmse": 1.085557222366333,
    "mae": 0.7724215388298035,
    "mape": 153.9673089981079,
    "r2": -0.0014214515686035156,
    "mean_error": -0.018209155648946762,
    "std_error": 1.0854045152664185
  },
  "financial_metrics": {
    "directional_accuracy": 0.53671875,
    "sharpe_ratio": 0.8329736080938573,
    "max_drawdown": -0.2524605989456177,
    "total_return": 0.9216080904006958,
    "hit_rate": 0.53671875,
    "num_trades": 1280,
    "precision": 0.53671875,
    "recall": 1.0,
    "f1_score": 0.6985256736146417,
    "confusion_matrix": [
      [
        0,
        593
      ],
      [
        0,
        687
      ]
    ],
    "auc_roc": 0.5004136075661957,
    "alpha": 0.0
  },
  "residual_diagnostics": {
    "normality_p_value": 2.0026491425638715e-40,
    "acf_lag1": -0.03566399858485543,
    "skewness": 0.10026731892159373,
    "kurtosis": 6.5687088152942685
  },
  "mode_stats": {
    "healthy_days": 29,
    "degraded_days": 1,
    "unidirectional_days": 855,
    "weak_collapse_days": 83,
    "strong_collapse_days": 312,
    "total_days": 1280,
    "healthy_pct": 2.265625,
    "degraded_pct": 0.078125,
    "unidirectional_pct": 66.796875,
    "weak_collapse_pct": 6.484375000000001,
    "strong_collapse_pct": 24.375
  },
  "collapse_detected": true,
  "degradation_detected": true,
  "checkpoint_used": "experiments/00_baseline_exploration/sweep2_hidden_12/checkpoints/tft-epoch=03-val_loss=0.1119.ckpt"
}