{
  "period_statistics": {
    "2020": {
      "n_samples": 92,
      "entropy_mean": 2.9466705322265625,
      "entropy_std": 0.04807918891310692,
      "attention_concentration": 0.050076209008693695,
      "top_features": [
        [
          "t-20",
          0.05696091428399086
        ],
        [
          "t-1",
          0.052104800939559937
        ],
        [
          "t-2",
          0.05156482756137848
        ],
        [
          "t-3",
          0.051065023988485336
        ],
        [
          "t-19",
          0.050816863775253296
        ]
      ],
      "mean_attention": [
        0.05696091428399086,
        0.050816863775253296,
        0.04905257001519203,
        0.04831160232424736,
        0.048142991960048676,
        0.04819574952125549,
        0.04840478673577309,
        0.04860897734761238,
        0.048861727118492126,
        0.04902723431587219,
        0.049198683351278305,
        0.04937426373362541,
        0.04957577586174011,
        0.04968059062957764,
        0.0500333271920681,
        0.05034004524350166,
        0.050679296255111694,
        0.051065023988485336,
        0.05156482756137848,
        0.052104800939559937
      ],
      "std_attention": [
        0.025392798706889153,
        0.02056189998984337,
        0.01772230677306652,
        0.015941813588142395,
        0.014860118739306927,
        0.014243939891457558,
        0.013979403302073479,
        0.013877082616090775,
        0.013793960213661194,
        0.013836503028869629,
        0.013902128674089909,
        0.014057708904147148,
        0.014269071631133556,
        0.014520098455250263,
        0.014829114079475403,
        0.01528293825685978,
        0.015955409035086632,
        0.016847850754857063,
        0.01816176064312458,
        0.0196896493434906
      ]
    },
    "2021": {
      "n_samples": 250,
      "entropy_mean": 2.9594619274139404,
      "entropy_std": 0.0316423699259758,
      "attention_concentration": 0.050083670765161514,
      "top_features": [
        [
          "t-1",
          0.05320630595088005
        ],
        [
          "t-20",
          0.05301760137081146
        ],
        [
          "t-2",
          0.052753664553165436
        ],
        [
          "t-3",
          0.052358172833919525
        ],
        [
          "t-4",
          0.05195627361536026
        ]
      ],
      "mean_attention": [
        0.05301760137081146,
        0.04781296104192734,
        0.046960264444351196,
        0.04690831899642944,
        0.047257646918296814,
        0.047730132937431335,
        0.04822138324379921,
        0.04869845509529114,
        0.0491233766078949,
        0.049531158059835434,
        0.04990839213132858,
        0.050266701728105545,
        0.050622254610061646,
        0.0508611835539341,
        0.051221221685409546,
        0.05158454179763794,
        0.05195627361536026,
        0.052358172833919525,
        0.052753664553165436,
        0.05320630595088005
      ],
      "std_attention": [
        0.01511728297919035,
        0.013493413105607033,
        0.013020799495279789,
        0.012740192003548145,
        0.012733204290270805,
        0.012691683135926723,
        0.012693218886852264,
        0.012748459354043007,
        0.012781096622347832,
        0.012841950170695782,
        0.012897801585495472,
        0.012939192354679108,
        0.012999461963772774,
        0.013280262239277363,
        0.013420806266367435,
        0.013610190711915493,
        0.013774888589978218,
        0.014086203649640083,
        0.014516560360789299,
        0.015192243270576
      ]
    },
    "2022": {
      "n_samples": 249,
      "entropy_mean": 2.97776460647583,
      "entropy_std": 0.010385957546532154,
      "attention_concentration": 0.05020559951663017,
      "top_features": [
        [
          "t-1",
          0.0555037185549736
        ],
        [
          "t-2",
          0.054774295538663864
        ],
        [
          "t-3",
          0.054053571075201035
        ],
        [
          "t-20",
          0.0537908598780632
        ],
        [
          "t-4",
          0.05334782600402832
        ]
      ],
      "mean_attention": [
        0.0537908598780632,
        0.047433726489543915,
        0.045927997678518295,
        0.04556480050086975,
        0.04577271267771721,
        0.04623936489224434,
        0.04683355987071991,
        0.04749048873782158,
        0.04812633618712425,
        0.048763394355773926,
        0.04941195994615555,
        0.050063397735357285,
        0.05071377381682396,
        0.051512621343135834,
        0.05200657621026039,
        0.052668944001197815,
        0.05334782600402832,
        0.054053571075201035,
        0.054774295538663864,
        0.0555037185549736
      ],
      "std_attention": [
        0.010617894120514393,
        0.008829856291413307,
        0.008228486403822899,
        0.00793838407844305,
        0.007787717506289482,
        0.007709206081926823,
        0.007680180482566357,
        0.007712697610259056,
        0.007770120166242123,
        0.007829790003597736,
        0.007899511605501175,
        0.007991038262844086,
        0.008096606470644474,
        0.007814457640051842,
        0.008252878673374653,
        0.008507239632308483,
        0.008832959458231926,
        0.009245343506336212,
        0.00974159687757492,
        0.010325777344405651
      ]
    },
    "2023": {
      "n_samples": 249,
      "entropy_mean": 2.985487461090088,
      "entropy_std": 0.004511757753789425,
      "attention_concentration": 0.05005551502108574,
      "top_features": [
        [
          "t-20",
          0.05404499173164368
        ],
        [
          "t-1",
          0.052247826009988785
        ],
        [
          "t-2",
          0.05197766423225403
        ],
        [
          "t-3",
          0.05168890580534935
        ],
        [
          "t-4",
          0.051394984126091
        ]
      ],
      "mean_attention": [
        0.05404499173164368,
        0.04942191764712334,
        0.048249464482069016,
        0.047836944460868835,
        0.047834474593400955,
        0.04803856834769249,
        0.04832889884710312,
        0.048624880611896515,
        0.04894842952489853,
        0.04927259311079979,
        0.049577269703149796,
        0.04987575486302376,
        0.0501713827252388,
        0.05046921595931053,
        0.05089571326971054,
        0.05110014230012894,
        0.051394984126091,
        0.05168890580534935,
        0.05197766423225403,
        0.052247826009988785
      ],
      "std_attention": [
        0.0066101402044296265,
        0.006130259949713945,
        0.006037070415914059,
        0.006025813985615969,
        0.006053387653082609,
        0.006092725321650505,
        0.006128601264208555,
        0.0061543663032352924,
        0.0061935619451105595,
        0.006231809500604868,
        0.006268320605158806,
        0.006306947208940983,
        0.006347690708935261,
        0.006384369917213917,
        0.006099794991314411,
        0.006277486681938171,
        0.006313534453511238,
        0.006370908580720425,
        0.006424859166145325,
        0.006491342093795538
      ]
    },
    "2024": {
      "n_samples": 250,
      "entropy_mean": 2.9885332584381104,
      "entropy_std": 0.0036443034186959267,
      "attention_concentration": 0.050028227269649506,
      "top_features": [
        [
          "t-20",
          0.05353643745183945
        ],
        [
          "t-1",
          0.051389869302511215
        ],
        [
          "t-2",
          0.05120091140270233
        ],
        [
          "t-3",
          0.05100179836153984
        ],
        [
          "t-4",
          0.05080203339457512
        ]
      ],