{
  "period_statistics": {
    "2020": {
      "n_samples": 92,
      "entropy_mean": 2.824146032333374,
      "entropy_std": 0.13187254965305328,
      "attention_concentration": 0.053853485733270645,
      "top_features": [
        [
          "t-1",
          0.07943560928106308
        ],
        [
          "t-2",
          0.07309124618768692
        ],
        [
          "t-3",
          0.06789213418960571
        ],
        [
          "t-4",
          0.06377443671226501
        ],
        [
          "t-5",
          0.06039203330874443
        ]
      ],
      "mean_attention": [
        0.021551350131630898,
        0.03058874048292637,
        0.03523131087422371,
        0.038848794996738434,
        0.04127788171172142,
        0.04274943470954895,
        0.04377060383558273,
        0.04467974603176117,
        0.04585153982043266,
        0.04714791849255562,
        0.04865210875868797,
        0.050431281328201294,
        0.05244012922048569,
        0.05468732491135597,
        0.05750641971826553,
        0.06039203330874443,
        0.06377443671226501,
        0.06789213418960571,
        0.07309124618768692,
        0.07943560928106308
      ],
      "std_attention": [
        0.015924284234642982,
        0.02397070825099945,
        0.02529134228825569,
        0.025284219533205032,
        0.024715833365917206,
        0.024044694378972054,
        0.02337680011987686,
        0.022906171157956123,
        0.022689731791615486,
        0.02282784692943096,
        0.02296123094856739,
        0.023380162194371223,
        0.02393895946443081,
        0.02482897788286209,
        0.02599526382982731,
        0.027455752715468407,
        0.03016917034983635,
        0.034572187811136246,
        0.0417884886264801,
        0.052287597209215164
      ]
    },
    "2021": {
      "n_samples": 250,
      "entropy_mean": 2.6317903995513916,
      "entropy_std": 0.2892748713493347,
      "attention_concentration": 0.06693489849567413,
      "top_features": [
        [
          "t-1",
          0.11979274451732635
        ],
        [
          "t-2",
          0.10491910576820374
        ],
        [
          "t-3",
          0.09236238151788712
        ],
        [
          "t-4",
          0.08176607638597488
        ],
        [
          "t-5",
          0.07274821400642395
        ]
      ],
      "mean_attention": [
        0.020462144166231155,
        0.0224818903952837,
        0.024149689823389053,
        0.025569923222064972,
        0.026785127818584442,
        0.02778228372335434,
        0.028726572170853615,
        0.03013341687619686,
        0.032162778079509735,
        0.03509192541241646,
        0.039153680205345154,
        0.044145673513412476,
        0.050243865698575974,
        0.05701775103807449,
        0.0645047202706337,
        0.07274821400642395,
        0.08176607638597488,
        0.09236238151788712,
        0.10491910576820374,
        0.11979274451732635
      ],
      "std_attention": [
        0.013148261234164238,
        0.020001493394374847,
        0.023160912096500397,
        0.024363689124584198,
        0.025246765464544296,
        0.02551710419356823,
        0.02549726888537407,
        0.025730328634381294,
        0.02592560276389122,
        0.02666434645652771,
        0.028251497074961662,
        0.030290452763438225,
        0.03302234783768654,
        0.03614107891917229,
        0.03990190103650093,
        0.04385894536972046,
        0.04791192710399628,
        0.05504501238465309,
        0.06895478814840317,
        0.09132173657417297
      ]
    },
    "2022": {
      "n_samples": 249,
      "entropy_mean": 2.6509079933166504,
      "entropy_std": 0.26503288745880127,
      "attention_concentration": 0.06518656015396118,
      "top_features": [
        [
          "t-1",
          0.12317697703838348
        ],
        [
          "t-2",
          0.10218723118305206
        ],
        [
          "t-3",
          0.08653655648231506
        ],
        [
          "t-4",
          0.07466249912977219
        ],
        [
          "t-5",
          0.06559151411056519
        ]
      ],
      "mean_attention": [
        0.011572711169719696,
        0.018812937662005424,
        0.023796480149030685,
        0.02820882946252823,
        0.031896430999040604,
        0.0345168337225914,
        0.03628171235322952,
        0.03759380802512169,
        0.03869623690843582,
        0.04007131978869438,
        0.04202111065387726,
        0.044718582183122635,
        0.04823685437440872,
        0.05294135957956314,
        0.05848003923892975,
        0.06559151411056519,
        0.07466249912977219,
        0.08653655648231506,
        0.10218723118305206,
        0.12317697703838348
      ],
      "std_attention": [
        0.012823866680264473,
        0.019544394686818123,
        0.022677315399050713,
        0.02498961053788662,
        0.026433726772665977,
        0.027093391865491867,
        0.027077483013272285,
        0.026691557839512825,
        0.02623073197901249,
        0.025784442201256752,
        0.025390081107616425,
        0.025562826544046402,
        0.02631264366209507,
        0.0277467742562294,
        0.03006775863468647,
        0.03305412828922272,
        0.03806045278906822,
        0.04698271304368973,
        0.06242530792951584,
        0.08853746205568314
      ]
    },
    "2023": {
      "n_samples": 249,
      "entropy_mean": 2.6706700325012207,
      "entropy_std": 0.17712950706481934,
      "attention_concentration": 0.07111240923404694,
      "top_features": [
        [
          "t-1",
          0.11268330365419388
        ],
        [
          "t-2",
          0.10470455139875412
        ],
        [
          "t-3",
          0.09694546461105347
        ],
        [
          "t-4",
          0.08929289132356644
        ],
        [
          "t-5",
          0.08165037631988525
        ]
      ],
      "mean_attention": [
        0.016724133864045143,
        0.014505571685731411,
        0.014392117969691753,
        0.015229460783302784,
        0.016889242455363274,
        0.019597448408603668,
        0.023346154019236565,
        0.027762219309806824,
        0.032799132168293,
        0.03849261999130249,
        0.04475339502096176,
        0.05146472528576851,
        0.05857591703534126,
        0.06607934087514877,
        0.0741119235754013,
        0.08165037631988525,
        0.08929289132356644,
        0.09694546461105347,
        0.10470455139875412,
        0.11268330365419388
      ],
      "std_attention": [
        0.010998325422406197,
        0.00916036032140255,
        0.009263050742447376,
        0.009882451966404915,
        0.010796332731842995,
        0.01236690953373909,
        0.01461948174983263,
        0.016895608976483345,
        0.018969746306538582,
        0.020876020193099976,
        0.022635217756032944,
        0.024127598851919174,
        0.025379380211234093,
        0.02666456624865532,
        0.028107378631830215,
        0.030440909788012505,
        0.033686183393001556,
        0.03880404308438301,
        0.04692505672574043,
        0.05891156941652298
      ]
    },
    "2024": {
      "n_samples": 250,
      "entropy_mean": 2.641897439956665,
      "entropy_std": 0.2700619101524353,
      "attention_concentration": 0.06608447432518005,
      "top_features": [
        [
          "t-1",
          0.10607396066188812
        ],
        [
          "t-2",
          0.09635399281978607
        ],
        [
          "t-3",
          0.08899946510791779
        ],
        [
          "t-4",
          0.08249909430742264
        ],
        [
          "t-5",
          0.07642974704504013
        ]
      ],