
[INFO] Using AUTO device selection.

[INFO] Patched matplotlib.Axes.errorbar to abs() negative yerr for robustness.
======================================================================
Training TFT: 07c_regime_attention_ablations/rolling_preinit/fold_2017
======================================================================
Logging to: experiments/07c_regime_attention_ablations/rolling_preinit/fold_2017/training_20251203_172220.log
Started at: 2025-12-03 17:22:20
======================================================================
Configuration saved to: experiments/07c_regime_attention_ablations/rolling_preinit/fold_2017/config.json

Loading data splits...
Train: 521 samples
Val: 53 samples
Test: 64 samples

Preparing TimeSeriesDataSet...

Dropping source columns (used for staleness only): ['CPI']

Final features for TFT: ['SP500_Returns', 'VIX', 'Treasury_10Y', 'Yield_Spread', 'Inflation_YoY']

======================================================================
FEATURE STATISTICS - BEFORE NORMALIZATION
======================================================================
VIX                             mean= 20.4146  std=  9.7407  min= 10.1850  max= 72.9160
Treasury_10Y                    mean=  3.1177  std=  1.0276  min=  1.4700  max=  5.2300
Yield_Spread                    mean=  1.6175  std=  0.8705  min= -0.1800  max=  2.9100
Inflation_YoY                   mean=  2.0369  std=  1.5403  min= -2.1498  max=  5.4850

======================================================================
FEATURES AFTER GROUPNORMALIZER (first batch, last timestep)
======================================================================
VIX                             normalized_value=  1.0000
Treasury_10Y                    normalized_value= -0.0833
Yield_Spread                    normalized_value= -0.8507
Inflation_YoY                   normalized_value= -0.5628
======================================================================

[DEBUG] VIX train values: [11.205 11.072 12.675 12.9   12.778]
[DEBUG] VIX val values: [17.1225 22.526  24.592  25.6675 22.476 ]
Batches per epoch: 31
[DEBUG] Validation batches: 3
[DEBUG] Validation dataset size: 41
[DEBUG] Batch size: 16

Initializing model...

Using standard QuantileLoss (no penalties)

[REGIME OUTPUT] Disabled (using baseline output layer)

[REGIME ATTENTION] Replaced attention module:
  Mode: vix_threshold
  Regimes: 2
  VIX threshold: 25.0
  Gate grad scale: 100.0
  Gate init: separated
  Heads: 2
  New parameters: 4 (regime gates only)
  Total attention parameters: 812
[REGIME ATTENTION] Using raw VIX values (train: 521, val: 53)
[REGIME ATTENTION] VIX range - train: 10.2-72.9, val: 11.5-26.5

[REGIME ATTENTION] Enabled: vix_threshold=25.0

================================================================================
BASELINE MODEL FEATURE CONFIGURATION (after from_dataset)
================================================================================
tft.hparams.time_varying_reals_encoder: ['relative_time_idx', 'VIX', 'Treasury_10Y', 'Yield_Spread', 'Inflation_YoY']
  Count: 5

tft.hparams.time_varying_reals_decoder: ['relative_time_idx']
  Count: 1

tft.hparams.x_reals (all reals passed to model): ['encoder_length', 'relative_time_idx', 'VIX', 'Treasury_10Y', 'Yield_Spread', 'Inflation_YoY']
  Count: 6

Encoder VSN configuration:
  num_inputs: 5
  input_sizes: {'relative_time_idx': 16, 'VIX': 16, 'Treasury_10Y': 16, 'Yield_Spread': 16, 'Inflation_YoY': 16}
  flattened_grn.fc1: in_features=80, out_features=5
  -> Params in fc1: 400 (should be 5*16*5=400 if 5 features)
================================================================================

Model parameters: 22,619

Starting training...
Checkpoints will be saved to: experiments/07c_regime_attention_ablations/rolling_preinit/fold_2017/checkpoints/
Logs will be saved to: experiments/07c_regime_attention_ablations/rolling_preinit/fold_2017/logs/

[DEBUG CollapseMonitor] on_validation_epoch_start called for epoch 0
[DEBUG CollapseMonitor] reset_temporal_state() called on loss function
Epoch 0: val_loss=N/A
[DEBUG CollapseMonitor] on_validation_epoch_start called for epoch 0
[DEBUG CollapseMonitor] reset_temporal_state() called on loss function
Epoch 0: val_loss=1.0534781217575073
Epoch 0: train_loss=1.648422360420227

[CollapseMonitor] Epoch 0
  [DEBUG] Processed 3 batches from val_dataloader
  [DEBUG] Predictions shape after concat: (41,)
  [DEBUG] All predictions list length: 3
  [DEBUG] First batch shape: (16,)
  Pred std: 0.014696, range: 0.061465, mean: 0.496063
  Pos: 100.0%, Neg: 0.0%, Unique: 41
  Dir Acc: 53.66%, Pred Sharpe: 535.8331
  Composite: 0.4123 (dist_match: 0.5366, actual_pos: 53.7%, pred_pos: 100.0%)
  Collapse penalty: 0.000000 (threshold: 0.005000)
  Regime distribution: {'regime_0_fraction': 1.0, 'regime_1_fraction': 0.0}
  Regime gates: {'mean': 0.3775988817214966, 'std': 8.141912076098379e-06, 'min': 0.37759098410606384, 'max': 0.3776068091392517}
  Saved validation predictions to: experiments/07c_regime_attention_ablations/rolling_preinit/fold_2017/collapse_monitoring/val_predictions_epoch0.npy
  Gradient norms:
    lstm_encoder: 0.024447
    lstm_decoder: 0.035939
    output_layer: 1.599011
  Regime gate grads (epoch avg): tensor([[-0.1061, -0.1486],
        [-0.0883, -0.1054]])
  VSN output std:
    encoder: 0.178833
  Attention entropy: 2.466399
  Regime attention gates: [[0.37759098410606384, 0.3776068091392517], [0.622508704662323, 0.6225180625915527]]
  Saved to: experiments/07c_regime_attention_ablations/rolling_preinit/fold_2017/collapse_monitoring/collapse_monitor_latest.json
[DEBUG CollapseMonitor] on_validation_epoch_start called for epoch 1
[DEBUG CollapseMonitor] reset_temporal_state() called on loss function
Epoch 1: val_loss=0.9793301224708557
Epoch 1: train_loss=1.583677887916565

[CollapseMonitor] Epoch 1
  [DEBUG] Processed 3 batches from val_dataloader
  [DEBUG] Predictions shape after concat: (41,)
  [DEBUG] All predictions list length: 3
  [DEBUG] First batch shape: (16,)
  Pred std: 0.015374, range: 0.063785, mean: 0.473715
  Pos: 100.0%, Neg: 0.0%, Unique: 41
  Dir Acc: 53.66%, Pred Sharpe: 489.1267
  Composite: 0.4123 (dist_match: 0.5366, actual_pos: 53.7%, pred_pos: 100.0%)
  Collapse penalty: 0.000000 (threshold: 0.005000)
  Regime distribution: {'regime_0_fraction': 1.0, 'regime_1_fraction': 0.0}
  Regime gates: {'mean': 0.37772029638290405, 'std': 2.0025117919431068e-05, 'min': 0.3777008652687073, 'max': 0.3777397871017456}
  Saved validation predictions to: experiments/07c_regime_attention_ablations/rolling_preinit/fold_2017/collapse_monitoring/val_predictions_epoch1.npy
  Gradient norms:
    lstm_encoder: 0.023163
    lstm_decoder: 0.033448
    output_layer: 1.513643
  Regime gate grads (epoch avg): tensor([[-0.1444, -0.1633],
        [-0.1005, -0.1142]])
  VSN output std:
    encoder: 0.182137
  Attention entropy: 2.470972
  Regime attention gates: [[0.3777008652687073, 0.3777397871017456], [0.6226288676261902, 0.6226577162742615]]
  Saved to: experiments/07c_regime_attention_ablations/rolling_preinit/fold_2017/collapse_monitoring/collapse_monitor_latest.json
[DEBUG CollapseMonitor] on_validation_epoch_start called for epoch 2
[DEBUG CollapseMonitor] reset_temporal_state() called on loss function
Epoch 2: val_loss=0.8943297266960144
Epoch 2: train_loss=1.51374089717865

[CollapseMonitor] Epoch 2
  [DEBUG] Processed 3 batches from val_dataloader
  [DEBUG] Predictions shape after concat: (41,)
  [DEBUG] All predictions list length: 3
  [DEBUG] First batch shape: (16,)
  Pred std: 0.015623, range: 0.064199, mean: 0.449530
  Pos: 100.0%, Neg: 0.0%, Unique: 41
  Dir Acc: 53.66%, Pred Sharpe: 456.7727
  Composite: 0.4123 (dist_match: 0.5366, actual_pos: 53.7%, pred_pos: 100.0%)
  Collapse penalty: 0.000000 (threshold: 0.005000)
  Regime distribution: {'regime_0_fraction': 1.0, 'regime_1_fraction': 0.0}
  Regime gates: {'mean': 0.3779512643814087, 'std': 2.6173718651989475e-05, 'min': 0.377925843000412, 'max': 0.3779767155647278}
  Saved validation predictions to: experiments/07c_regime_attention_ablations/rolling_preinit/fold_2017/collapse_monitoring/val_predictions_epoch2.npy
  Gradient norms:
    lstm_encoder: 0.022559
    lstm_decoder: 0.030566
    output_layer: 1.409922
  Regime gate grads (epoch avg): tensor([[-0.1762, -0.1898],
        [-0.0990, -0.1117]])
  VSN output std:
    encoder: 0.187790
  Attention entropy: 2.476203
  Regime attention gates: [[0.377925843000412, 0.3779767155647278], [0.6228163242340088, 0.622872531414032]]
  Saved to: experiments/07c_regime_attention_ablations/rolling_preinit/fold_2017/collapse_monitoring/collapse_monitor_latest.json
[DEBUG CollapseMonitor] on_validation_epoch_start called for epoch 3
[DEBUG CollapseMonitor] reset_temporal_state() called on loss function
Epoch 3: val_loss=0.8116717338562012
Epoch 3: train_loss=1.4270689487457275

[CollapseMonitor] Epoch 3
  [DEBUG] Processed 3 batches from val_dataloader
  [DEBUG] Predictions shape after concat: (41,)
  [DEBUG] All predictions list length: 3
  [DEBUG] First batch shape: (16,)
  Pred std: 0.014976, range: 0.061365, mean: 0.421392
  Pos: 100.0%, Neg: 0.0%, Unique: 41
  Dir Acc: 53.66%, Pred Sharpe: 446.6843
  Composite: 0.4123 (dist_match: 0.5366, actual_pos: 53.7%, pred_pos: 100.0%)
  Collapse penalty: 0.000000 (threshold: 0.005000)
  Regime distribution: {'regime_0_fraction': 1.0, 'regime_1_fraction': 0.0}
  Regime gates: {'mean': 0.3782179057598114, 'std': 2.781436705845408e-05, 'min': 0.37819087505340576, 'max': 0.37824493646621704}
  Saved validation predictions to: experiments/07c_regime_attention_ablations/rolling_preinit/fold_2017/collapse_monitoring/val_predictions_epoch3.npy
  Gradient norms:
    lstm_encoder: 0.021376
    lstm_decoder: 0.027820
    output_layer: 1.312091
  Regime gate grads (epoch avg): tensor([[-0.1481, -0.1528],
        [-0.0693, -0.0712]])
  VSN output std:
    encoder: 0.194150
  Attention entropy: 2.480121
  Regime attention gates: [[0.37819087505340576, 0.37824493646621704], [0.6230320930480957, 0.623099684715271]]
  Saved to: experiments/07c_regime_attention_ablations/rolling_preinit/fold_2017/collapse_monitoring/collapse_monitor_latest.json
[DEBUG CollapseMonitor] on_validation_epoch_start called for epoch 4
[DEBUG CollapseMonitor] reset_temporal_state() called on loss function
Epoch 4: val_loss=0.7395703196525574
Epoch 4: train_loss=1.3617441654205322

[CollapseMonitor] Epoch 4
  [DEBUG] Processed 3 batches from val_dataloader
  [DEBUG] Predictions shape after concat: (41,)
  [DEBUG] All predictions list length: 3
  [DEBUG] First batch shape: (16,)
  Pred std: 0.013949, range: 0.057379, mean: 0.342438
  Pos: 100.0%, Neg: 0.0%, Unique: 41
  Dir Acc: 53.66%, Pred Sharpe: 389.6945
  Composite: 0.4123 (dist_match: 0.5366, actual_pos: 53.7%, pred_pos: 100.0%)
  Collapse penalty: 0.000000 (threshold: 0.005000)
  Regime distribution: {'regime_0_fraction': 1.0, 'regime_1_fraction': 0.0}
  Regime gates: {'mean': 0.3785172700881958, 'std': 3.683027171064168e-05, 'min': 0.3784814476966858, 'max': 0.37855303287506104}
  Saved validation predictions to: experiments/07c_regime_attention_ablations/rolling_preinit/fold_2017/collapse_monitoring/val_predictions_epoch4.npy
  Gradient norms:
    lstm_encoder: 0.020219
    lstm_decoder: 0.025502
    output_layer: 1.183691
  Regime gate grads (epoch avg): tensor([[-0.1521, -0.1677],
        [-0.0785, -0.0530]])
  VSN output std:
    encoder: 0.200035
  Attention entropy: 2.482399
  Regime attention gates: [[0.3784814476966858, 0.37855303287506104], [0.623269259929657, 0.6232861876487732]]
  Saved to: experiments/07c_regime_attention_ablations/rolling_preinit/fold_2017/collapse_monitoring/collapse_monitor_latest.json
[DEBUG CollapseMonitor] on_validation_epoch_start called for epoch 5
[DEBUG CollapseMonitor] reset_temporal_state() called on loss function
Epoch 5: val_loss=0.691404402256012
Epoch 5: train_loss=1.2901691198349

[CollapseMonitor] Epoch 5
  [DEBUG] Processed 3 batches from val_dataloader
  [DEBUG] Predictions shape after concat: (41,)
  [DEBUG] All predictions list length: 3
  [DEBUG] First batch shape: (16,)
  Pred std: 0.013214, range: 0.054611, mean: 0.239892
  Pos: 100.0%, Neg: 0.0%, Unique: 41
  Dir Acc: 53.66%, Pred Sharpe: 288.1872
  Composite: 0.4123 (dist_match: 0.5366, actual_pos: 53.7%, pred_pos: 100.0%)
  Collapse penalty: 0.000000 (threshold: 0.005000)
  Regime distribution: {'regime_0_fraction': 1.0, 'regime_1_fraction': 0.0}
  Regime gates: {'mean': 0.3788071870803833, 'std': 3.603294680942781e-05, 'min': 0.37877213954925537, 'max': 0.37884217500686646}
  Saved validation predictions to: experiments/07c_regime_attention_ablations/rolling_preinit/fold_2017/collapse_monitoring/val_predictions_epoch5.npy
  Gradient norms:
    lstm_encoder: 0.018478
    lstm_decoder: 0.021625
    output_layer: 1.029557
  Regime gate grads (epoch avg): tensor([[-0.1217, -0.1223],
        [-0.0789, -0.0697]])
  VSN output std:
    encoder: 0.204691
  Attention entropy: 2.483461
  Regime attention gates: [[0.37877213954925537, 0.37884217500686646], [0.623528242111206, 0.6235206127166748]]
  Saved to: experiments/07c_regime_attention_ablations/rolling_preinit/fold_2017/collapse_monitoring/collapse_monitor_latest.json
[DEBUG CollapseMonitor] on_validation_epoch_start called for epoch 6
[DEBUG CollapseMonitor] reset_temporal_state() called on loss function
Epoch 6: val_loss=0.6557198762893677
Epoch 6: train_loss=1.2177873849868774

[CollapseMonitor] Epoch 6
  [DEBUG] Processed 3 batches from val_dataloader
  [DEBUG] Predictions shape after concat: (41,)
  [DEBUG] All predictions list length: 3
  [DEBUG] First batch shape: (16,)
  Pred std: 0.012237, range: 0.050973, mean: 0.194683
  Pos: 100.0%, Neg: 0.0%, Unique: 41
  Dir Acc: 53.66%, Pred Sharpe: 252.5623
  Composite: 0.4123 (dist_match: 0.5366, actual_pos: 53.7%, pred_pos: 100.0%)
  Collapse penalty: 0.000000 (threshold: 0.005000)
  Regime distribution: {'regime_0_fraction': 1.0, 'regime_1_fraction': 0.0}
  Regime gates: {'mean': 0.3791144788265228, 'std': 4.668949623010121e-05, 'min': 0.37906908988952637, 'max': 0.3791598379611969}
  Saved validation predictions to: experiments/07c_regime_attention_ablations/rolling_preinit/fold_2017/collapse_monitoring/val_predictions_epoch6.npy
  Gradient norms:
    lstm_encoder: 0.016874
    lstm_decoder: 0.018864
    output_layer: 0.884113
  Regime gate grads (epoch avg): tensor([[-0.0756, -0.0903],
        [-0.0561, -0.0549]])
  VSN output std:
    encoder: 0.208575
  Attention entropy: 2.484149
  Regime attention gates: [[0.37906908988952637, 0.3791598379611969], [0.6238387227058411, 0.6238082647323608]]
  Saved to: experiments/07c_regime_attention_ablations/rolling_preinit/fold_2017/collapse_monitoring/collapse_monitor_latest.json
[DEBUG CollapseMonitor] on_validation_epoch_start called for epoch 7
[DEBUG CollapseMonitor] reset_temporal_state() called on loss function
Epoch 7: val_loss=0.6368948817253113
Epoch 7: train_loss=1.1714228391647339

[CollapseMonitor] Epoch 7
  [DEBUG] Processed 3 batches from val_dataloader
  [DEBUG] Predictions shape after concat: (41,)
  [DEBUG] All predictions list length: 3
  [DEBUG] First batch shape: (16,)
  Pred std: 0.011659, range: 0.048776, mean: 0.116206
  Pos: 100.0%, Neg: 0.0%, Unique: 41
  Dir Acc: 53.66%, Pred Sharpe: 158.2226
  Composite: 0.4123 (dist_match: 0.5366, actual_pos: 53.7%, pred_pos: 100.0%)
  Collapse penalty: 0.000000 (threshold: 0.005000)
  Regime distribution: {'regime_0_fraction': 1.0, 'regime_1_fraction': 0.0}
  Regime gates: {'mean': 0.3792094588279724, 'std': 6.099534220993519e-05, 'min': 0.3791502118110657, 'max': 0.3792687654495239}
  Saved validation predictions to: experiments/07c_regime_attention_ablations/rolling_preinit/fold_2017/collapse_monitoring/val_predictions_epoch7.npy
  Gradient norms:
    lstm_encoder: 0.016251
    lstm_decoder: 0.017269
    output_layer: 0.781374
  Regime gate grads (epoch avg): tensor([[-0.0018,  0.0016],
        [-0.0620, -0.0456]])
  VSN output std:
    encoder: 0.212792
  Attention entropy: 2.484497
  Regime attention gates: [[0.3791502118110657, 0.3792687654495239], [0.624215841293335, 0.6241344809532166]]
  Saved to: experiments/07c_regime_attention_ablations/rolling_preinit/fold_2017/collapse_monitoring/collapse_monitor_latest.json
[DEBUG CollapseMonitor] on_validation_epoch_start called for epoch 8
[DEBUG CollapseMonitor] reset_temporal_state() called on loss function
Epoch 8: val_loss=0.6303732991218567
Epoch 8: train_loss=1.1220653057098389

[CollapseMonitor] Epoch 8
  [DEBUG] Processed 3 batches from val_dataloader
  [DEBUG] Predictions shape after concat: (41,)
  [DEBUG] All predictions list length: 3
  [DEBUG] First batch shape: (16,)
  Pred std: 0.011010, range: 0.046251, mean: 0.137996
  Pos: 100.0%, Neg: 0.0%, Unique: 41
  Dir Acc: 53.66%, Pred Sharpe: 198.9580
  Composite: 0.4123 (dist_match: 0.5366, actual_pos: 53.7%, pred_pos: 100.0%)
  Collapse penalty: 0.000000 (threshold: 0.005000)
  Regime distribution: {'regime_0_fraction': 1.0, 'regime_1_fraction': 0.0}
  Regime gates: {'mean': 0.3791589140892029, 'std': 6.958191806916147e-05, 'min': 0.3790912926197052, 'max': 0.37922653555870056}
  Saved validation predictions to: experiments/07c_regime_attention_ablations/rolling_preinit/fold_2017/collapse_monitoring/val_predictions_epoch8.npy
  Gradient norms:
    lstm_encoder: 0.014187
    lstm_decoder: 0.014354
    output_layer: 0.615534
  Regime gate grads (epoch avg): tensor([[ 0.0133,  0.0078],
        [-0.0550, -0.0493]])
  VSN output std:
    encoder: 0.215583
  Attention entropy: 2.484659
  Regime attention gates: [[0.3790912926197052, 0.37922653555870056], [0.6246673464775085, 0.6245298981666565]]
  Saved to: experiments/07c_regime_attention_ablations/rolling_preinit/fold_2017/collapse_monitoring/collapse_monitor_latest.json
[DEBUG CollapseMonitor] on_validation_epoch_start called for epoch 9
[DEBUG CollapseMonitor] reset_temporal_state() called on loss function
Epoch 9: val_loss=0.6280505061149597
Epoch 9: train_loss=1.1005305051803589

[CollapseMonitor] Epoch 9
  [DEBUG] Processed 3 batches from val_dataloader
  [DEBUG] Predictions shape after concat: (41,)
  [DEBUG] All predictions list length: 3
  [DEBUG] First batch shape: (16,)
  Pred std: 0.010645, range: 0.044608, mean: 0.146349
  Pos: 100.0%, Neg: 0.0%, Unique: 41
  Dir Acc: 53.66%, Pred Sharpe: 218.2425
  Composite: 0.4123 (dist_match: 0.5366, actual_pos: 53.7%, pred_pos: 100.0%)
  Collapse penalty: 0.000000 (threshold: 0.005000)
  Regime distribution: {'regime_0_fraction': 1.0, 'regime_1_fraction': 0.0}
  Regime gates: {'mean': 0.37891340255737305, 'std': 7.548518624389544e-05, 'min': 0.37884002923965454, 'max': 0.37898674607276917}
  Saved validation predictions to: experiments/07c_regime_attention_ablations/rolling_preinit/fold_2017/collapse_monitoring/val_predictions_epoch9.npy
  Gradient norms:
    lstm_encoder: 0.014632
    lstm_decoder: 0.014232
    output_layer: 0.578156
  Regime gate grads (epoch avg): tensor([[ 0.0754,  0.0719],
        [-0.0563, -0.0514]])
  VSN output std:
    encoder: 0.215093
  Attention entropy: 2.484670
  Regime attention gates: [[0.37884002923965454, 0.37898674607276917], [0.6251038312911987, 0.6249483823776245]]
  Saved to: experiments/07c_regime_attention_ablations/rolling_preinit/fold_2017/collapse_monitoring/collapse_monitor_latest.json
[DEBUG CollapseMonitor] on_validation_epoch_start called for epoch 10
[DEBUG CollapseMonitor] reset_temporal_state() called on loss function
Epoch 10: val_loss=0.6242858171463013
Epoch 10: train_loss=1.0588462352752686

[CollapseMonitor] Epoch 10
  [DEBUG] Processed 3 batches from val_dataloader
  [DEBUG] Predictions shape after concat: (41,)
  [DEBUG] All predictions list length: 3
  [DEBUG] First batch shape: (16,)
  Pred std: 0.010243, range: 0.042943, mean: 0.195346
  Pos: 100.0%, Neg: 0.0%, Unique: 41
  Dir Acc: 53.66%, Pred Sharpe: 302.7585
  Composite: 0.4123 (dist_match: 0.5366, actual_pos: 53.7%, pred_pos: 100.0%)
  Collapse penalty: 0.000000 (threshold: 0.005000)
  Regime distribution: {'regime_0_fraction': 1.0, 'regime_1_fraction': 0.0}
  Regime gates: {'mean': 0.37846285104751587, 'std': 8.255377906607464e-05, 'min': 0.3783826231956482, 'max': 0.37854307889938354}
  Saved validation predictions to: experiments/07c_regime_attention_ablations/rolling_preinit/fold_2017/collapse_monitoring/val_predictions_epoch10.npy
  Gradient norms:
    lstm_encoder: 0.012284
    lstm_decoder: 0.012633
    output_layer: 0.505966
  Regime gate grads (epoch avg): tensor([[ 0.0714,  0.0708],
        [-0.0516, -0.0476]])
  VSN output std:
    encoder: 0.209034
  Attention entropy: 2.484585
  Regime attention gates: [[0.3783826231956482, 0.37854307889938354], [0.6255903840065002, 0.6254100203514099]]
  Saved to: experiments/07c_regime_attention_ablations/rolling_preinit/fold_2017/collapse_monitoring/collapse_monitor_latest.json
[DEBUG CollapseMonitor] on_validation_epoch_start called for epoch 11
[DEBUG CollapseMonitor] reset_temporal_state() called on loss function
Epoch 11: val_loss=0.6250621676445007
Epoch 11: train_loss=1.0774149894714355

[CollapseMonitor] Epoch 11
  [DEBUG] Processed 3 batches from val_dataloader
  [DEBUG] Predictions shape after concat: (41,)
  [DEBUG] All predictions list length: 3
  [DEBUG] First batch shape: (16,)
  Pred std: 0.009745, range: 0.041075, mean: 0.174226
  Pos: 100.0%, Neg: 0.0%, Unique: 41
  Dir Acc: 53.66%, Pred Sharpe: 283.7983
  Composite: 0.4123 (dist_match: 0.5366, actual_pos: 53.7%, pred_pos: 100.0%)
  Collapse penalty: 0.000000 (threshold: 0.005000)
  Regime distribution: {'regime_0_fraction': 1.0, 'regime_1_fraction': 0.0}
  Regime gates: {'mean': 0.37812820076942444, 'std': 8.256910950876772e-05, 'min': 0.37804800271987915, 'max': 0.3782084882259369}
  Saved validation predictions to: experiments/07c_regime_attention_ablations/rolling_preinit/fold_2017/collapse_monitoring/val_predictions_epoch11.npy
  Gradient norms:
    lstm_encoder: 0.013609
    lstm_decoder: 0.013801
    output_layer: 0.500010
  Regime gate grads (epoch avg): tensor([[ 0.0770,  0.0738],
        [-0.0459, -0.0412]])
  VSN output std:
    encoder: 0.210767
  Attention entropy: 2.484591
  Regime attention gates: [[0.37804800271987915, 0.3782084882259369], [0.6259148716926575, 0.6257158517837524]]
  Saved to: experiments/07c_regime_attention_ablations/rolling_preinit/fold_2017/collapse_monitoring/collapse_monitor_latest.json
[DEBUG CollapseMonitor] on_validation_epoch_start called for epoch 12
[DEBUG CollapseMonitor] reset_temporal_state() called on loss function
Epoch 12: val_loss=0.6260169744491577
Epoch 12: train_loss=1.080877423286438

[CollapseMonitor] Epoch 12
  [DEBUG] Processed 3 batches from val_dataloader
  [DEBUG] Predictions shape after concat: (41,)
  [DEBUG] All predictions list length: 3
  [DEBUG] First batch shape: (16,)
  Pred std: 0.009334, range: 0.039363, mean: 0.173688
  Pos: 100.0%, Neg: 0.0%, Unique: 41
  Dir Acc: 53.66%, Pred Sharpe: 295.4020
  Composite: 0.4123 (dist_match: 0.5366, actual_pos: 53.7%, pred_pos: 100.0%)
  Collapse penalty: 0.000000 (threshold: 0.005000)
  Regime distribution: {'regime_0_fraction': 1.0, 'regime_1_fraction': 0.0}
  Regime gates: {'mean': 0.37784042954444885, 'std': 8.558975241612643e-05, 'min': 0.3777572214603424, 'max': 0.3779235780239105}
  Saved validation predictions to: experiments/07c_regime_attention_ablations/rolling_preinit/fold_2017/collapse_monitoring/val_predictions_epoch12.npy
  Gradient norms:
    lstm_encoder: 0.011847
    lstm_decoder: 0.012346
    output_layer: 0.423076
  Regime gate grads (epoch avg): tensor([[ 0.0462,  0.0469],
        [-0.0476, -0.0433]])
  VSN output std:
    encoder: 0.211241
  Attention entropy: 2.484530
  Regime attention gates: [[0.3777572214603424, 0.3779235780239105], [0.6262959241867065, 0.6261081099510193]]
  Saved to: experiments/07c_regime_attention_ablations/rolling_preinit/fold_2017/collapse_monitoring/collapse_monitor_latest.json
[DEBUG CollapseMonitor] on_validation_epoch_start called for epoch 13
[DEBUG CollapseMonitor] reset_temporal_state() called on loss function
Epoch 13: val_loss=0.6279970407485962
Epoch 13: train_loss=1.067469596862793

[CollapseMonitor] Epoch 13
  [DEBUG] Processed 3 batches from val_dataloader
  [DEBUG] Predictions shape after concat: (41,)
  [DEBUG] All predictions list length: 3
  [DEBUG] First batch shape: (16,)
  Pred std: 0.009142, range: 0.038564, mean: 0.245783
  Pos: 100.0%, Neg: 0.0%, Unique: 41
  Dir Acc: 53.66%, Pred Sharpe: 426.7782
  Composite: 0.4123 (dist_match: 0.5366, actual_pos: 53.7%, pred_pos: 100.0%)
  Collapse penalty: 0.000000 (threshold: 0.005000)
  Regime distribution: {'regime_0_fraction': 1.0, 'regime_1_fraction': 0.0}
  Regime gates: {'mean': 0.37754085659980774, 'std': 9.221367508871481e-05, 'min': 0.37745124101638794, 'max': 0.37763047218322754}
  Saved validation predictions to: experiments/07c_regime_attention_ablations/rolling_preinit/fold_2017/collapse_monitoring/val_predictions_epoch13.npy
  Gradient norms:
    lstm_encoder: 0.012992
    lstm_decoder: 0.013205
    output_layer: 0.453933
  Regime gate grads (epoch avg): tensor([[ 0.0398,  0.0384],
        [-0.0656, -0.0648]])
  VSN output std:
    encoder: 0.213081
  Attention entropy: 2.484530
  Regime attention gates: [[0.37745124101638794, 0.37763047218322754], [0.6267164945602417, 0.626533031463623]]
  Saved to: experiments/07c_regime_attention_ablations/rolling_preinit/fold_2017/collapse_monitoring/collapse_monitor_latest.json
[DEBUG CollapseMonitor] on_validation_epoch_start called for epoch 14
[DEBUG CollapseMonitor] reset_temporal_state() called on loss function
Epoch 14: val_loss=0.6219959259033203
Epoch 14: train_loss=1.0690644979476929

[CollapseMonitor] Epoch 14
  [DEBUG] Processed 3 batches from val_dataloader
  [DEBUG] Predictions shape after concat: (41,)
  [DEBUG] All predictions list length: 3
  [DEBUG] First batch shape: (16,)
  Pred std: 0.009606, range: 0.040381, mean: 0.129547
  Pos: 100.0%, Neg: 0.0%, Unique: 41
  Dir Acc: 53.66%, Pred Sharpe: 214.0785
  Composite: 0.4123 (dist_match: 0.5366, actual_pos: 53.7%, pred_pos: 100.0%)
  Collapse penalty: 0.000000 (threshold: 0.005000)
  Regime distribution: {'regime_0_fraction': 1.0, 'regime_1_fraction': 0.0}
  Regime gates: {'mean': 0.3772377073764801, 'std': 8.700039325049147e-05, 'min': 0.3771531283855438, 'max': 0.3773222267627716}
  Saved validation predictions to: experiments/07c_regime_attention_ablations/rolling_preinit/fold_2017/collapse_monitoring/val_predictions_epoch14.npy
  Gradient norms:
    lstm_encoder: 0.012153
    lstm_decoder: 0.012490
    output_layer: 0.420366
  Regime gate grads (epoch avg): tensor([[ 0.0540,  0.0533],
        [-0.0556, -0.0476]])
  VSN output std:
    encoder: 0.213836
  Attention entropy: 2.484501
  Regime attention gates: [[0.3771531283855438, 0.3773222267627716], [0.6272108554840088, 0.6270230412483215]]
  Saved to: experiments/07c_regime_attention_ablations/rolling_preinit/fold_2017/collapse_monitoring/collapse_monitor_latest.json
[DEBUG CollapseMonitor] on_validation_epoch_start called for epoch 15
[DEBUG CollapseMonitor] reset_temporal_state() called on loss function
Epoch 15: val_loss=0.6219275593757629
Epoch 15: train_loss=1.0602742433547974

[CollapseMonitor] Epoch 15
  [DEBUG] Processed 3 batches from val_dataloader
  [DEBUG] Predictions shape after concat: (41,)
  [DEBUG] All predictions list length: 3
  [DEBUG] First batch shape: (16,)
  Pred std: 0.009843, range: 0.041301, mean: 0.090564
  Pos: 100.0%, Neg: 0.0%, Unique: 41
  Dir Acc: 53.66%, Pred Sharpe: 146.0647
  Composite: 0.4123 (dist_match: 0.5366, actual_pos: 53.7%, pred_pos: 100.0%)
  Collapse penalty: 0.000000 (threshold: 0.005000)
  Regime distribution: {'regime_0_fraction': 1.0, 'regime_1_fraction': 0.0}
  Regime gates: {'mean': 0.37678948044776917, 'std': 8.796638576313853e-05, 'min': 0.3767039477825165, 'max': 0.3768749237060547}
  Saved validation predictions to: experiments/07c_regime_attention_ablations/rolling_preinit/fold_2017/collapse_monitoring/val_predictions_epoch15.npy
  Gradient norms:
    lstm_encoder: 0.013256
    lstm_decoder: 0.013573
    output_layer: 0.492778
  Regime gate grads (epoch avg): tensor([[ 0.1048,  0.1042],
        [-0.0554, -0.0516]])
  VSN output std:
    encoder: 0.215946
  Attention entropy: 2.484599
  Regime attention gates: [[0.3767039477825165, 0.3768749237060547], [0.6277165412902832, 0.6275379061698914]]
  Saved to: experiments/07c_regime_attention_ablations/rolling_preinit/fold_2017/collapse_monitoring/collapse_monitor_latest.json
[DEBUG CollapseMonitor] on_validation_epoch_start called for epoch 16
[DEBUG CollapseMonitor] reset_temporal_state() called on loss function
Epoch 16: val_loss=0.6210167407989502
Epoch 16: train_loss=1.0477375984191895

[CollapseMonitor] Epoch 16
  [DEBUG] Processed 3 batches from val_dataloader
  [DEBUG] Predictions shape after concat: (41,)
  [DEBUG] All predictions list length: 3
  [DEBUG] First batch shape: (16,)
  Pred std: 0.010021, range: 0.041910, mean: 0.157312
  Pos: 100.0%, Neg: 0.0%, Unique: 41
  Dir Acc: 53.66%, Pred Sharpe: 249.2010
  Composite: 0.4123 (dist_match: 0.5366, actual_pos: 53.7%, pred_pos: 100.0%)
  Collapse penalty: 0.000000 (threshold: 0.005000)
  Regime distribution: {'regime_0_fraction': 1.0, 'regime_1_fraction': 0.0}
  Regime gates: {'mean': 0.37627750635147095, 'std': 0.0001063355230144225, 'min': 0.3761741816997528, 'max': 0.3763808608055115}
  Saved validation predictions to: experiments/07c_regime_attention_ablations/rolling_preinit/fold_2017/collapse_monitoring/val_predictions_epoch16.npy
  Gradient norms:
    lstm_encoder: 0.012154
    lstm_decoder: 0.012426
    output_layer: 0.425506
  Regime gate grads (epoch avg): tensor([[ 0.0787,  0.0725],
        [-0.0737, -0.0697]])
  VSN output std:
    encoder: 0.216898
  Attention entropy: 2.484689
  Regime attention gates: [[0.3761741816997528, 0.3763808608055115], [0.6282386183738708, 0.6280701756477356]]
  Saved to: experiments/07c_regime_attention_ablations/rolling_preinit/fold_2017/collapse_monitoring/collapse_monitor_latest.json
[DEBUG CollapseMonitor] on_validation_epoch_start called for epoch 17
[DEBUG CollapseMonitor] reset_temporal_state() called on loss function
Epoch 17: val_loss=0.6190624833106995
Epoch 17: train_loss=1.0555731058120728

[CollapseMonitor] Epoch 17
  [DEBUG] Processed 3 batches from val_dataloader
  [DEBUG] Predictions shape after concat: (41,)
  [DEBUG] All predictions list length: 3
  [DEBUG] First batch shape: (16,)
  Pred std: 0.009636, range: 0.040448, mean: 0.162604
  Pos: 100.0%, Neg: 0.0%, Unique: 41
  Dir Acc: 53.66%, Pred Sharpe: 267.8738
  Composite: 0.4123 (dist_match: 0.5366, actual_pos: 53.7%, pred_pos: 100.0%)
  Collapse penalty: 0.000000 (threshold: 0.005000)
  Regime distribution: {'regime_0_fraction': 1.0, 'regime_1_fraction': 0.0}
  Regime gates: {'mean': 0.37581342458724976, 'std': 0.00012889060599263757, 'min': 0.37568819522857666, 'max': 0.3759387135505676}
  Saved validation predictions to: experiments/07c_regime_attention_ablations/rolling_preinit/fold_2017/collapse_monitoring/val_predictions_epoch17.npy
  Gradient norms:
    lstm_encoder: 0.011962
    lstm_decoder: 0.011867
    output_layer: 0.404577
  Regime gate grads (epoch avg): tensor([[ 0.0641,  0.0606],
        [-0.0628, -0.0596]])
  VSN output std:
    encoder: 0.217923
  Attention entropy: 2.484673
  Regime attention gates: [[0.37568819522857666, 0.3759387135505676], [0.6286669969558716, 0.6284819841384888]]
  Saved to: experiments/07c_regime_attention_ablations/rolling_preinit/fold_2017/collapse_monitoring/collapse_monitor_latest.json
[DEBUG CollapseMonitor] on_validation_epoch_start called for epoch 18
[DEBUG CollapseMonitor] reset_temporal_state() called on loss function
Epoch 18: val_loss=0.6187238693237305
Epoch 18: train_loss=1.0334466695785522

[CollapseMonitor] Epoch 18
  [DEBUG] Processed 3 batches from val_dataloader
  [DEBUG] Predictions shape after concat: (41,)
  [DEBUG] All predictions list length: 3
  [DEBUG] First batch shape: (16,)
  Pred std: 0.009456, range: 0.039793, mean: 0.214662
  Pos: 100.0%, Neg: 0.0%, Unique: 41
  Dir Acc: 53.66%, Pred Sharpe: 360.3733
  Composite: 0.4123 (dist_match: 0.5366, actual_pos: 53.7%, pred_pos: 100.0%)
  Collapse penalty: 0.000000 (threshold: 0.005000)
  Regime distribution: {'regime_0_fraction': 1.0, 'regime_1_fraction': 0.0}
  Regime gates: {'mean': 0.3752264380455017, 'std': 0.00012605397205334157, 'min': 0.3751039206981659, 'max': 0.37534892559051514}
  Saved validation predictions to: experiments/07c_regime_attention_ablations/rolling_preinit/fold_2017/collapse_monitoring/val_predictions_epoch18.npy
  Gradient norms:
    lstm_encoder: 0.012513
    lstm_decoder: 0.012377
    output_layer: 0.417778
  Regime gate grads (epoch avg): tensor([[ 0.0753,  0.0761],
        [-0.0727, -0.0629]])
  VSN output std:
    encoder: 0.215765
  Attention entropy: 2.484584
  Regime attention gates: [[0.3751039206981659, 0.37534892559051514], [0.6290968656539917, 0.6288753151893616]]
  Saved to: experiments/07c_regime_attention_ablations/rolling_preinit/fold_2017/collapse_monitoring/collapse_monitor_latest.json
[DEBUG CollapseMonitor] on_validation_epoch_start called for epoch 19
[DEBUG CollapseMonitor] reset_temporal_state() called on loss function
Epoch 19: val_loss=0.6154576539993286
Epoch 19: train_loss=1.0452344417572021

[CollapseMonitor] Epoch 19
  [DEBUG] Processed 3 batches from val_dataloader
  [DEBUG] Predictions shape after concat: (41,)
  [DEBUG] All predictions list length: 3
  [DEBUG] First batch shape: (16,)
  Pred std: 0.009909, range: 0.041597, mean: 0.146645
  Pos: 100.0%, Neg: 0.0%, Unique: 41
  Dir Acc: 53.66%, Pred Sharpe: 234.9347
  Composite: 0.4123 (dist_match: 0.5366, actual_pos: 53.7%, pred_pos: 100.0%)
  Collapse penalty: 0.000000 (threshold: 0.005000)
  Regime distribution: {'regime_0_fraction': 1.0, 'regime_1_fraction': 0.0}
  Regime gates: {'mean': 0.3746073246002197, 'std': 0.00016564421821385622, 'min': 0.3744463324546814, 'max': 0.37476828694343567}
  Saved validation predictions to: experiments/07c_regime_attention_ablations/rolling_preinit/fold_2017/collapse_monitoring/val_predictions_epoch19.npy
  Gradient norms:
    lstm_encoder: 0.012564
    lstm_decoder: 0.011914
    output_layer: 0.397162
  Regime gate grads (epoch avg): tensor([[ 0.0774,  0.0691],
        [-0.0669, -0.0759]])
  VSN output std:
    encoder: 0.214898
  Attention entropy: 2.484418
  Regime attention gates: [[0.3744463324546814, 0.37476828694343567], [0.6296364665031433, 0.6294724345207214]]
  Saved to: experiments/07c_regime_attention_ablations/rolling_preinit/fold_2017/collapse_monitoring/collapse_monitor_latest.json
[DEBUG CollapseMonitor] on_validation_epoch_start called for epoch 20
[DEBUG CollapseMonitor] reset_temporal_state() called on loss function
Epoch 20: val_loss=0.6209677457809448
Epoch 20: train_loss=1.0541093349456787

[CollapseMonitor] Epoch 20
  [DEBUG] Processed 3 batches from val_dataloader
  [DEBUG] Predictions shape after concat: (41,)
  [DEBUG] All predictions list length: 3
  [DEBUG] First batch shape: (16,)
  Pred std: 0.009803, range: 0.041250, mean: 0.194713
  Pos: 100.0%, Neg: 0.0%, Unique: 41
  Dir Acc: 53.66%, Pred Sharpe: 315.2968
  Composite: 0.4123 (dist_match: 0.5366, actual_pos: 53.7%, pred_pos: 100.0%)
  Collapse penalty: 0.000000 (threshold: 0.005000)
  Regime distribution: {'regime_0_fraction': 1.0, 'regime_1_fraction': 0.0}
  Regime gates: {'mean': 0.37414947152137756, 'std': 0.00018180537153966725, 'min': 0.3739728033542633, 'max': 0.3743261694908142}
  Saved validation predictions to: experiments/07c_regime_attention_ablations/rolling_preinit/fold_2017/collapse_monitoring/val_predictions_epoch20.npy
  Gradient norms:
    lstm_encoder: 0.013239
    lstm_decoder: 0.012677
    output_layer: 0.426816
  Regime gate grads (epoch avg): tensor([[ 0.0347,  0.0334],
        [-0.0892, -0.0823]])
  VSN output std:
    encoder: 0.215857
  Attention entropy: 2.484467
  Regime attention gates: [[0.3739728033542633, 0.3743261694908142], [0.6303208470344543, 0.6301682591438293]]
  Saved to: experiments/07c_regime_attention_ablations/rolling_preinit/fold_2017/collapse_monitoring/collapse_monitor_latest.json
[DEBUG CollapseMonitor] on_validation_epoch_start called for epoch 21
[DEBUG CollapseMonitor] reset_temporal_state() called on loss function
Epoch 21: val_loss=0.6227342486381531
Epoch 21: train_loss=1.0308756828308105

[CollapseMonitor] Epoch 21
  [DEBUG] Processed 3 batches from val_dataloader
  [DEBUG] Predictions shape after concat: (41,)
  [DEBUG] All predictions list length: 3
  [DEBUG] First batch shape: (16,)
  Pred std: 0.009484, range: 0.040101, mean: 0.216080
  Pos: 100.0%, Neg: 0.0%, Unique: 41
  Dir Acc: 53.66%, Pred Sharpe: 361.6823
  Composite: 0.4123 (dist_match: 0.5366, actual_pos: 53.7%, pred_pos: 100.0%)
  Collapse penalty: 0.000000 (threshold: 0.005000)
  Regime distribution: {'regime_0_fraction': 1.0, 'regime_1_fraction': 0.0}
  Regime gates: {'mean': 0.37379422783851624, 'std': 0.0001607222657185048, 'min': 0.3736380338668823, 'max': 0.37395042181015015}
  Saved validation predictions to: experiments/07c_regime_attention_ablations/rolling_preinit/fold_2017/collapse_monitoring/val_predictions_epoch21.npy
  Gradient norms:
    lstm_encoder: 0.013835
    lstm_decoder: 0.013958
    output_layer: 0.473114
  Regime gate grads (epoch avg): tensor([[ 0.0691,  0.0809],
        [-0.0599, -0.0525]])
  VSN output std:
    encoder: 0.216413
  Attention entropy: 2.484531
  Regime attention gates: [[0.3736380338668823, 0.37395042181015015], [0.6306174397468567, 0.6304587721824646]]
  Saved to: experiments/07c_regime_attention_ablations/rolling_preinit/fold_2017/collapse_monitoring/collapse_monitor_latest.json
[DEBUG CollapseMonitor] on_validation_epoch_start called for epoch 22
[DEBUG CollapseMonitor] reset_temporal_state() called on loss function
Epoch 22: val_loss=0.6197265982627869
Epoch 22: train_loss=1.0471566915512085

[CollapseMonitor] Epoch 22
  [DEBUG] Processed 3 batches from val_dataloader
  [DEBUG] Predictions shape after concat: (41,)
  [DEBUG] All predictions list length: 3
  [DEBUG] First batch shape: (16,)
  Pred std: 0.009311, range: 0.039490, mean: 0.106038
  Pos: 100.0%, Neg: 0.0%, Unique: 41
  Dir Acc: 53.66%, Pred Sharpe: 180.7874
  Composite: 0.4123 (dist_match: 0.5366, actual_pos: 53.7%, pred_pos: 100.0%)
  Collapse penalty: 0.000000 (threshold: 0.005000)
  Regime distribution: {'regime_0_fraction': 1.0, 'regime_1_fraction': 0.0}
  Regime gates: {'mean': 0.37333282828330994, 'std': 0.0001549876615172252, 'min': 0.37318217754364014, 'max': 0.37348341941833496}
  Saved validation predictions to: experiments/07c_regime_attention_ablations/rolling_preinit/fold_2017/collapse_monitoring/val_predictions_epoch22.npy
  Gradient norms:
    lstm_encoder: 0.012233
    lstm_decoder: 0.011552
    output_layer: 0.409779
  Regime gate grads (epoch avg): tensor([[ 0.0688,  0.0669],
        [-0.0781, -0.0812]])
  VSN output std:
    encoder: 0.216666
  Attention entropy: 2.484515
  Regime attention gates: [[0.37318217754364014, 0.37348341941833496], [0.6311774253845215, 0.6310556530952454]]
  Saved to: experiments/07c_regime_attention_ablations/rolling_preinit/fold_2017/collapse_monitoring/collapse_monitor_latest.json
[DEBUG CollapseMonitor] on_validation_epoch_start called for epoch 23
[DEBUG CollapseMonitor] reset_temporal_state() called on loss function
Epoch 23: val_loss=0.6184942126274109
Epoch 23: train_loss=1.0525578260421753

[CollapseMonitor] Epoch 23
  [DEBUG] Processed 3 batches from val_dataloader
  [DEBUG] Predictions shape after concat: (41,)
  [DEBUG] All predictions list length: 3
  [DEBUG] First batch shape: (16,)
  Pred std: 0.009467, range: 0.040062, mean: 0.051278
  Pos: 100.0%, Neg: 0.0%, Unique: 41
  Dir Acc: 53.66%, Pred Sharpe: 85.9886
  Composite: 0.4123 (dist_match: 0.5366, actual_pos: 53.7%, pred_pos: 100.0%)
  Collapse penalty: 0.000000 (threshold: 0.005000)
  Regime distribution: {'regime_0_fraction': 1.0, 'regime_1_fraction': 0.0}
  Regime gates: {'mean': 0.3730356693267822, 'std': 0.00014264446508605033, 'min': 0.37289705872535706, 'max': 0.3731743097305298}
  Saved validation predictions to: experiments/07c_regime_attention_ablations/rolling_preinit/fold_2017/collapse_monitoring/val_predictions_epoch23.npy
  Gradient norms:
    lstm_encoder: 0.012138
    lstm_decoder: 0.012176
    output_layer: 0.396362
  Regime gate grads (epoch avg): tensor([[ 0.0411,  0.0526],
        [-0.0861, -0.0899]])
  VSN output std:
    encoder: 0.216980
  Attention entropy: 2.484569
  Regime attention gates: [[0.37289705872535706, 0.3731743097305298], [0.6315736174583435, 0.6314600110054016]]
  Saved to: experiments/07c_regime_attention_ablations/rolling_preinit/fold_2017/collapse_monitoring/collapse_monitor_latest.json
[DEBUG CollapseMonitor] on_validation_epoch_start called for epoch 24
[DEBUG CollapseMonitor] reset_temporal_state() called on loss function
Epoch 24: val_loss=0.6200234889984131
Epoch 24: train_loss=1.0492136478424072

[CollapseMonitor] Epoch 24
  [DEBUG] Processed 3 batches from val_dataloader
  [DEBUG] Predictions shape after concat: (41,)
  [DEBUG] All predictions list length: 3
  [DEBUG] First batch shape: (16,)
  Pred std: 0.009581, range: 0.040532, mean: 0.179049
  Pos: 100.0%, Neg: 0.0%, Unique: 41
  Dir Acc: 53.66%, Pred Sharpe: 296.6648
  Composite: 0.4123 (dist_match: 0.5366, actual_pos: 53.7%, pred_pos: 100.0%)
  Collapse penalty: 0.000000 (threshold: 0.005000)
  Regime distribution: {'regime_0_fraction': 1.0, 'regime_1_fraction': 0.0}
  Regime gates: {'mean': 0.3725392818450928, 'std': 0.00011177879787283018, 'min': 0.3724306523799896, 'max': 0.3726479113101959}
  Saved validation predictions to: experiments/07c_regime_attention_ablations/rolling_preinit/fold_2017/collapse_monitoring/val_predictions_epoch24.npy
  Gradient norms:
    lstm_encoder: 0.012662
    lstm_decoder: 0.011873
    output_layer: 0.433387
  Regime gate grads (epoch avg): tensor([[ 0.0496,  0.0604],
        [-0.0898, -0.0782]])
  VSN output std:
    encoder: 0.215821
  Attention entropy: 2.484517
  Regime attention gates: [[0.3724306523799896, 0.3726479113101959], [0.6322715282440186, 0.6321637034416199]]
  Saved to: experiments/07c_regime_attention_ablations/rolling_preinit/fold_2017/collapse_monitoring/collapse_monitor_latest.json
[DEBUG CollapseMonitor] on_validation_epoch_start called for epoch 25
[DEBUG CollapseMonitor] reset_temporal_state() called on loss function
Epoch 25: val_loss=0.6182297468185425
Epoch 25: train_loss=1.0362619161605835

[CollapseMonitor] Epoch 25
  [DEBUG] Processed 3 batches from val_dataloader
  [DEBUG] Predictions shape after concat: (41,)
  [DEBUG] All predictions list length: 3
  [DEBUG] First batch shape: (16,)
  Pred std: 0.009762, range: 0.041232, mean: 0.179257
  Pos: 100.0%, Neg: 0.0%, Unique: 41
  Dir Acc: 53.66%, Pred Sharpe: 291.5002
  Composite: 0.4123 (dist_match: 0.5366, actual_pos: 53.7%, pred_pos: 100.0%)
  Collapse penalty: 0.000000 (threshold: 0.005000)
  Regime distribution: {'regime_0_fraction': 1.0, 'regime_1_fraction': 0.0}
  Regime gates: {'mean': 0.3722441494464874, 'std': 0.00011778940097428858, 'min': 0.3721296787261963, 'max': 0.37235862016677856}
  Saved validation predictions to: experiments/07c_regime_attention_ablations/rolling_preinit/fold_2017/collapse_monitoring/val_predictions_epoch25.npy
  Gradient norms:
    lstm_encoder: 0.012720
    lstm_decoder: 0.011862
    output_layer: 0.398031
  Regime gate grads (epoch avg): tensor([[ 0.0746,  0.0689],
        [-0.1117, -0.1055]])
  VSN output std:
    encoder: 0.214989
  Attention entropy: 2.484493
  Regime attention gates: [[0.3721296787261963, 0.37235862016677856], [0.6325715184211731, 0.6324610710144043]]
  Saved to: experiments/07c_regime_attention_ablations/rolling_preinit/fold_2017/collapse_monitoring/collapse_monitor_latest.json
[DEBUG CollapseMonitor] on_validation_epoch_start called for epoch 26
[DEBUG CollapseMonitor] reset_temporal_state() called on loss function
Epoch 26: val_loss=0.6183931231498718
Epoch 26: train_loss=1.045446753501892

[CollapseMonitor] Epoch 26
  [DEBUG] Processed 3 batches from val_dataloader
  [DEBUG] Predictions shape after concat: (41,)
  [DEBUG] All predictions list length: 3
  [DEBUG] First batch shape: (16,)
  Pred std: 0.009713, range: 0.041130, mean: 0.182414
  Pos: 100.0%, Neg: 0.0%, Unique: 41
  Dir Acc: 53.66%, Pred Sharpe: 298.1231
  Composite: 0.4123 (dist_match: 0.5366, actual_pos: 53.7%, pred_pos: 100.0%)
  Collapse penalty: 0.000000 (threshold: 0.005000)
  Regime distribution: {'regime_0_fraction': 1.0, 'regime_1_fraction': 0.0}
  Regime gates: {'mean': 0.3719787001609802, 'std': 0.00012381531996652484, 'min': 0.3718583583831787, 'max': 0.37209901213645935}
  Saved validation predictions to: experiments/07c_regime_attention_ablations/rolling_preinit/fold_2017/collapse_monitoring/val_predictions_epoch26.npy
  Gradient norms:
    lstm_encoder: 0.012849
    lstm_decoder: 0.012135
    output_layer: 0.412103
  Regime gate grads (epoch avg): tensor([[ 0.0513,  0.0524],
        [-0.0988, -0.0946]])
  VSN output std:
    encoder: 0.215662
  Attention entropy: 2.484541
  Regime attention gates: [[0.3718583583831787, 0.37209901213645935], [0.632896363735199, 0.6328008770942688]]
  Saved to: experiments/07c_regime_attention_ablations/rolling_preinit/fold_2017/collapse_monitoring/collapse_monitor_latest.json
[DEBUG CollapseMonitor] on_validation_epoch_start called for epoch 27
[DEBUG CollapseMonitor] reset_temporal_state() called on loss function
Epoch 27: val_loss=0.6171597838401794
Epoch 27: train_loss=1.0105353593826294

[CollapseMonitor] Epoch 27
  [DEBUG] Processed 3 batches from val_dataloader
  [DEBUG] Predictions shape after concat: (41,)
  [DEBUG] All predictions list length: 3
  [DEBUG] First batch shape: (16,)
  Pred std: 0.009693, range: 0.041155, mean: 0.195255
  Pos: 100.0%, Neg: 0.0%, Unique: 41
  Dir Acc: 53.66%, Pred Sharpe: 319.7798
  Composite: 0.4123 (dist_match: 0.5366, actual_pos: 53.7%, pred_pos: 100.0%)
  Collapse penalty: 0.000000 (threshold: 0.005000)
  Regime distribution: {'regime_0_fraction': 1.0, 'regime_1_fraction': 0.0}
  Regime gates: {'mean': 0.37176746129989624, 'std': 0.00010359088628320023, 'min': 0.371666818857193, 'max': 0.37186816334724426}
  Saved validation predictions to: experiments/07c_regime_attention_ablations/rolling_preinit/fold_2017/collapse_monitoring/val_predictions_epoch27.npy
  Gradient norms:
    lstm_encoder: 0.011938
    lstm_decoder: 0.010949
    output_layer: 0.364264
  Regime gate grads (epoch avg): tensor([[ 0.0480,  0.0556],
        [-0.0888, -0.0813]])
  VSN output std:
    encoder: 0.215781
  Attention entropy: 2.484536
  Regime attention gates: [[0.371666818857193, 0.37186816334724426], [0.6331877112388611, 0.6330808401107788]]
  Saved to: experiments/07c_regime_attention_ablations/rolling_preinit/fold_2017/collapse_monitoring/collapse_monitor_latest.json
[DEBUG CollapseMonitor] on_validation_epoch_start called for epoch 28
[DEBUG CollapseMonitor] reset_temporal_state() called on loss function
Epoch 28: val_loss=0.6159810423851013
Epoch 28: train_loss=1.041754126548767

[CollapseMonitor] Epoch 28
  [DEBUG] Processed 3 batches from val_dataloader
  [DEBUG] Predictions shape after concat: (41,)
  [DEBUG] All predictions list length: 3
  [DEBUG] First batch shape: (16,)
  Pred std: 0.009899, range: 0.041971, mean: 0.163852
  Pos: 100.0%, Neg: 0.0%, Unique: 41
  Dir Acc: 53.66%, Pred Sharpe: 262.7588
  Composite: 0.4123 (dist_match: 0.5366, actual_pos: 53.7%, pred_pos: 100.0%)
  Collapse penalty: 0.000000 (threshold: 0.005000)
  Regime distribution: {'regime_0_fraction': 1.0, 'regime_1_fraction': 0.0}
  Regime gates: {'mean': 0.371490478515625, 'std': 9.018969285534695e-05, 'min': 0.3714028298854828, 'max': 0.3715781271457672}
  Saved validation predictions to: experiments/07c_regime_attention_ablations/rolling_preinit/fold_2017/collapse_monitoring/val_predictions_epoch28.npy
  Gradient norms:
    lstm_encoder: 0.013526
    lstm_decoder: 0.012381
    output_layer: 0.401843
  Regime gate grads (epoch avg): tensor([[ 0.0673,  0.0725],
        [-0.1142, -0.1053]])
  VSN output std:
    encoder: 0.215577
  Attention entropy: 2.484555
  Regime attention gates: [[0.3714028298854828, 0.3715781271457672], [0.6335353255271912, 0.6334120035171509]]
  Saved to: experiments/07c_regime_attention_ablations/rolling_preinit/fold_2017/collapse_monitoring/collapse_monitor_latest.json
[DEBUG CollapseMonitor] on_validation_epoch_start called for epoch 29
[DEBUG CollapseMonitor] reset_temporal_state() called on loss function
Epoch 29: val_loss=0.6157770156860352
Epoch 29: train_loss=1.0337446928024292

[CollapseMonitor] Epoch 29
  [DEBUG] Processed 3 batches from val_dataloader
  [DEBUG] Predictions shape after concat: (41,)
  [DEBUG] All predictions list length: 3
  [DEBUG] First batch shape: (16,)
  Pred std: 0.009925, range: 0.042197, mean: 0.123694
  Pos: 100.0%, Neg: 0.0%, Unique: 41
  Dir Acc: 53.66%, Pred Sharpe: 197.8398
  Composite: 0.4123 (dist_match: 0.5366, actual_pos: 53.7%, pred_pos: 100.0%)
  Collapse penalty: 0.000000 (threshold: 0.005000)
  Regime distribution: {'regime_0_fraction': 1.0, 'regime_1_fraction': 0.0}
  Regime gates: {'mean': 0.3712383508682251, 'std': 9.025102917803451e-05, 'min': 0.3711506426334381, 'max': 0.3713260591030121}
  Saved validation predictions to: experiments/07c_regime_attention_ablations/rolling_preinit/fold_2017/collapse_monitoring/val_predictions_epoch29.npy
  Gradient norms:
    lstm_encoder: 0.013019
    lstm_decoder: 0.012344
    output_layer: 0.409649
  Regime gate grads (epoch avg): tensor([[ 0.0760,  0.0737],
        [-0.1311, -0.1292]])
  VSN output std:
    encoder: 0.215914
  Attention entropy: 2.484585
  Regime attention gates: [[0.3711506426334381, 0.3713260591030121], [0.6339004635810852, 0.6337704658508301]]
  Saved to: experiments/07c_regime_attention_ablations/rolling_preinit/fold_2017/collapse_monitoring/collapse_monitor_latest.json
[DEBUG CollapseMonitor] on_validation_epoch_start called for epoch 30
[DEBUG CollapseMonitor] reset_temporal_state() called on loss function
Epoch 30: val_loss=0.6173411011695862
Epoch 30: train_loss=1.0350654125213623

[CollapseMonitor] Epoch 30
  [DEBUG] Processed 3 batches from val_dataloader
  [DEBUG] Predictions shape after concat: (41,)
  [DEBUG] All predictions list length: 3
  [DEBUG] First batch shape: (16,)
  Pred std: 0.010106, range: 0.042943, mean: 0.103809
  Pos: 100.0%, Neg: 0.0%, Unique: 40
  Dir Acc: 53.66%, Pred Sharpe: 163.0670
  Composite: 0.4123 (dist_match: 0.5366, actual_pos: 53.7%, pred_pos: 100.0%)
  Collapse penalty: 0.000000 (threshold: 0.005000)
  Regime distribution: {'regime_0_fraction': 1.0, 'regime_1_fraction': 0.0}
  Regime gates: {'mean': 0.37098121643066406, 'std': 9.275033517042175e-05, 'min': 0.3708910644054413, 'max': 0.37107133865356445}
  Saved validation predictions to: experiments/07c_regime_attention_ablations/rolling_preinit/fold_2017/collapse_monitoring/val_predictions_epoch30.npy
  Gradient norms:
    lstm_encoder: 0.013600
    lstm_decoder: 0.011974
    output_layer: 0.374586
  Regime gate grads (epoch avg): tensor([[ 0.0673,  0.0772],
        [-0.1112, -0.1044]])
  VSN output std:
    encoder: 0.215148
  Attention entropy: 2.484627
  Regime attention gates: [[0.3708910644054413, 0.37107133865356445], [0.6343839764595032, 0.6342417597770691]]
  Saved to: experiments/07c_regime_attention_ablations/rolling_preinit/fold_2017/collapse_monitoring/collapse_monitor_latest.json
[DEBUG CollapseMonitor] on_validation_epoch_start called for epoch 31
[DEBUG CollapseMonitor] reset_temporal_state() called on loss function
Epoch 31: val_loss=0.6180717945098877
Epoch 31: train_loss=1.0404314994812012

[CollapseMonitor] Epoch 31
  [DEBUG] Processed 3 batches from val_dataloader
  [DEBUG] Predictions shape after concat: (41,)
  [DEBUG] All predictions list length: 3
  [DEBUG] First batch shape: (16,)
  Pred std: 0.010240, range: 0.043471, mean: 0.133593
  Pos: 100.0%, Neg: 0.0%, Unique: 41
  Dir Acc: 53.66%, Pred Sharpe: 207.0994
  Composite: 0.4123 (dist_match: 0.5366, actual_pos: 53.7%, pred_pos: 100.0%)
  Collapse penalty: 0.000000 (threshold: 0.005000)
  Regime distribution: {'regime_0_fraction': 1.0, 'regime_1_fraction': 0.0}
  Regime gates: {'mean': 0.3707122206687927, 'std': 9.307233267463744e-05, 'min': 0.37062180042266846, 'max': 0.37080270051956177}
  Saved validation predictions to: experiments/07c_regime_attention_ablations/rolling_preinit/fold_2017/collapse_monitoring/val_predictions_epoch31.npy
  Gradient norms:
    lstm_encoder: 0.013644
    lstm_decoder: 0.013165
    output_layer: 0.431569
  Regime gate grads (epoch avg): tensor([[ 0.0794,  0.0726],
        [-0.1379, -0.1447]])
  VSN output std:
    encoder: 0.214666
  Attention entropy: 2.484637
  Regime attention gates: [[0.37062180042266846, 0.37080270051956177], [0.6348507404327393, 0.6347153186798096]]
  Saved to: experiments/07c_regime_attention_ablations/rolling_preinit/fold_2017/collapse_monitoring/collapse_monitor_latest.json
[DEBUG CollapseMonitor] on_validation_epoch_start called for epoch 32
[DEBUG CollapseMonitor] reset_temporal_state() called on loss function
Epoch 32: val_loss=0.6190336346626282
Epoch 32: train_loss=1.0441174507141113

[CollapseMonitor] Epoch 32
  [DEBUG] Processed 3 batches from val_dataloader
  [DEBUG] Predictions shape after concat: (41,)
  [DEBUG] All predictions list length: 3
  [DEBUG] First batch shape: (16,)
  Pred std: 0.010797, range: 0.045783, mean: 0.184792
  Pos: 100.0%, Neg: 0.0%, Unique: 41
  Dir Acc: 53.66%, Pred Sharpe: 271.6948
  Composite: 0.4123 (dist_match: 0.5366, actual_pos: 53.7%, pred_pos: 100.0%)
  Collapse penalty: 0.000000 (threshold: 0.005000)
  Regime distribution: {'regime_0_fraction': 1.0, 'regime_1_fraction': 0.0}
  Regime gates: {'mean': 0.37042030692100525, 'std': 9.623096411814913e-05, 'min': 0.37032678723335266, 'max': 0.37051382660865784}
  Saved validation predictions to: experiments/07c_regime_attention_ablations/rolling_preinit/fold_2017/collapse_monitoring/val_predictions_epoch32.npy
  Gradient norms:
    lstm_encoder: 0.014998
    lstm_decoder: 0.012448
    output_layer: 0.401479
  Regime gate grads (epoch avg): tensor([[ 0.0933,  0.0897],
        [-0.1154, -0.1139]])
  VSN output std:
    encoder: 0.214036
  Attention entropy: 2.484618
  Regime attention gates: [[0.37032678723335266, 0.37051382660865784], [0.6351972222328186, 0.635083019733429]]
  Saved to: experiments/07c_regime_attention_ablations/rolling_preinit/fold_2017/collapse_monitoring/collapse_monitor_latest.json
[DEBUG CollapseMonitor] on_validation_epoch_start called for epoch 33
[DEBUG CollapseMonitor] reset_temporal_state() called on loss function
Epoch 33: val_loss=0.619603157043457
Epoch 33: train_loss=1.0422544479370117

[CollapseMonitor] Epoch 33
  [DEBUG] Processed 3 batches from val_dataloader
  [DEBUG] Predictions shape after concat: (41,)
  [DEBUG] All predictions list length: 3
  [DEBUG] First batch shape: (16,)
  Pred std: 0.010707, range: 0.045431, mean: 0.188767
  Pos: 100.0%, Neg: 0.0%, Unique: 41
  Dir Acc: 53.66%, Pred Sharpe: 279.8650
  Composite: 0.4123 (dist_match: 0.5366, actual_pos: 53.7%, pred_pos: 100.0%)
  Collapse penalty: 0.000000 (threshold: 0.005000)
  Regime distribution: {'regime_0_fraction': 1.0, 'regime_1_fraction': 0.0}
  Regime gates: {'mean': 0.37010055780410767, 'std': 8.44090900500305e-05, 'min': 0.37001851201057434, 'max': 0.3701825737953186}
  Saved validation predictions to: experiments/07c_regime_attention_ablations/rolling_preinit/fold_2017/collapse_monitoring/val_predictions_epoch33.npy
  Gradient norms:
    lstm_encoder: 0.014809
    lstm_decoder: 0.013492
    output_layer: 0.428495
  Regime gate grads (epoch avg): tensor([[ 0.0808,  0.0932],
        [-0.1398, -0.1486]])
  VSN output std:
    encoder: 0.213143
  Attention entropy: 2.484570
  Regime attention gates: [[0.37001851201057434, 0.3701825737953186], [0.635606050491333, 0.6355306506156921]]
  Saved to: experiments/07c_regime_attention_ablations/rolling_preinit/fold_2017/collapse_monitoring/collapse_monitor_latest.json
[DEBUG CollapseMonitor] on_validation_epoch_start called for epoch 34
[DEBUG CollapseMonitor] reset_temporal_state() called on loss function
Epoch 34: val_loss=0.6190293431282043
Epoch 34: train_loss=1.037615418434143

[CollapseMonitor] Epoch 34
  [DEBUG] Processed 3 batches from val_dataloader
  [DEBUG] Predictions shape after concat: (41,)
  [DEBUG] All predictions list length: 3
  [DEBUG] First batch shape: (16,)
  Pred std: 0.010745, range: 0.045601, mean: 0.185413
  Pos: 100.0%, Neg: 0.0%, Unique: 41
  Dir Acc: 53.66%, Pred Sharpe: 273.9134
  Composite: 0.4123 (dist_match: 0.5366, actual_pos: 53.7%, pred_pos: 100.0%)
  Collapse penalty: 0.000000 (threshold: 0.005000)
  Regime distribution: {'regime_0_fraction': 1.0, 'regime_1_fraction': 0.0}
  Regime gates: {'mean': 0.37000030279159546, 'std': 8.046846778597683e-05, 'min': 0.36992210149765015, 'max': 0.37007850408554077}
  Saved validation predictions to: experiments/07c_regime_attention_ablations/rolling_preinit/fold_2017/collapse_monitoring/val_predictions_epoch34.npy
  Gradient norms:
    lstm_encoder: 0.016351
    lstm_decoder: 0.013784
    output_layer: 0.422897
  Regime gate grads (epoch avg): tensor([[ 0.0736,  0.0684],
        [-0.1047, -0.1035]])
  VSN output std:
    encoder: 0.212769
  Attention entropy: 2.484554
  Regime attention gates: [[0.36992210149765015, 0.37007850408554077], [0.6357263922691345, 0.6356571912765503]]
  Saved to: experiments/07c_regime_attention_ablations/rolling_preinit/fold_2017/collapse_monitoring/collapse_monitor_latest.json
[DEBUG CollapseMonitor] on_validation_epoch_start called for epoch 35
[DEBUG CollapseMonitor] reset_temporal_state() called on loss function
Epoch 35: val_loss=0.6192367076873779
Epoch 35: train_loss=1.0231730937957764

[CollapseMonitor] Epoch 35
  [DEBUG] Processed 3 batches from val_dataloader
  [DEBUG] Predictions shape after concat: (41,)
  [DEBUG] All predictions list length: 3
  [DEBUG] First batch shape: (16,)
  Pred std: 0.010659, range: 0.045267, mean: 0.191721
  Pos: 100.0%, Neg: 0.0%, Unique: 41
  Dir Acc: 53.66%, Pred Sharpe: 285.5406
  Composite: 0.4123 (dist_match: 0.5366, actual_pos: 53.7%, pred_pos: 100.0%)
  Collapse penalty: 0.000000 (threshold: 0.005000)
  Regime distribution: {'regime_0_fraction': 1.0, 'regime_1_fraction': 0.0}
  Regime gates: {'mean': 0.36987850069999695, 'std': 8.387243724428117e-05, 'min': 0.3697969913482666, 'max': 0.3699600100517273}
  Saved validation predictions to: experiments/07c_regime_attention_ablations/rolling_preinit/fold_2017/collapse_monitoring/val_predictions_epoch35.npy
  Gradient norms:
    lstm_encoder: 0.015065
    lstm_decoder: 0.013737
    output_layer: 0.416483
  Regime gate grads (epoch avg): tensor([[ 0.0972,  0.0925],
        [-0.1390, -0.1194]])
  VSN output std:
    encoder: 0.212304
  Attention entropy: 2.484531
  Regime attention gates: [[0.3697969913482666, 0.3699600100517273], [0.6359046101570129, 0.6358381509780884]]
  Saved to: experiments/07c_regime_attention_ablations/rolling_preinit/fold_2017/collapse_monitoring/collapse_monitor_latest.json
[DEBUG CollapseMonitor] on_validation_epoch_start called for epoch 36
[DEBUG CollapseMonitor] reset_temporal_state() called on loss function
Epoch 36: val_loss=0.6171812415122986
Epoch 36: train_loss=1.028003215789795

[CollapseMonitor] Epoch 36
  [DEBUG] Processed 3 batches from val_dataloader
  [DEBUG] Predictions shape after concat: (41,)
  [DEBUG] All predictions list length: 3
  [DEBUG] First batch shape: (16,)
  Pred std: 0.010647, range: 0.045277, mean: 0.178382
  Pos: 100.0%, Neg: 0.0%, Unique: 41
  Dir Acc: 53.66%, Pred Sharpe: 265.9753
  Composite: 0.4123 (dist_match: 0.5366, actual_pos: 53.7%, pred_pos: 100.0%)
  Collapse penalty: 0.000000 (threshold: 0.005000)
  Regime distribution: {'regime_0_fraction': 1.0, 'regime_1_fraction': 0.0}
  Regime gates: {'mean': 0.36974239349365234, 'std': 0.00010400488099548966, 'min': 0.36964133381843567, 'max': 0.3698434829711914}
  Saved validation predictions to: experiments/07c_regime_attention_ablations/rolling_preinit/fold_2017/collapse_monitoring/val_predictions_epoch36.npy
  Gradient norms:
    lstm_encoder: 0.014733
    lstm_decoder: 0.012556
    output_layer: 0.407833
  Regime gate grads (epoch avg): tensor([[ 0.1029,  0.0718],
        [-0.1065, -0.1105]])
  VSN output std:
    encoder: 0.211776
  Attention entropy: 2.484505
  Regime attention gates: [[0.36964133381843567, 0.3698434829711914], [0.636036217212677, 0.6359760761260986]]
  Saved to: experiments/07c_regime_attention_ablations/rolling_preinit/fold_2017/collapse_monitoring/collapse_monitor_latest.json
[DEBUG CollapseMonitor] on_validation_epoch_start called for epoch 37
[DEBUG CollapseMonitor] reset_temporal_state() called on loss function
Epoch 37: val_loss=0.6176552176475525
Epoch 37: train_loss=1.0254818201065063

[CollapseMonitor] Epoch 37
  [DEBUG] Processed 3 batches from val_dataloader
  [DEBUG] Predictions shape after concat: (41,)
  [DEBUG] All predictions list length: 3
  [DEBUG] First batch shape: (16,)
  Pred std: 0.010575, range: 0.044993, mean: 0.179447
  Pos: 100.0%, Neg: 0.0%, Unique: 41
  Dir Acc: 53.66%, Pred Sharpe: 269.3683
  Composite: 0.4123 (dist_match: 0.5366, actual_pos: 53.7%, pred_pos: 100.0%)
  Collapse penalty: 0.000000 (threshold: 0.005000)
  Regime distribution: {'regime_0_fraction': 1.0, 'regime_1_fraction': 0.0}
  Regime gates: {'mean': 0.36960914731025696, 'std': 0.00011297478340566158, 'min': 0.3694993555545807, 'max': 0.3697189390659332}
  Saved validation predictions to: experiments/07c_regime_attention_ablations/rolling_preinit/fold_2017/collapse_monitoring/val_predictions_epoch37.npy
  Gradient norms:
    lstm_encoder: 0.016021
    lstm_decoder: 0.013916
    output_layer: 0.447369
  Regime gate grads (epoch avg): tensor([[ 0.0862,  0.0881],
        [-0.1840, -0.1732]])
  VSN output std:
    encoder: 0.211168
  Attention entropy: 2.484480
  Regime attention gates: [[0.3694993555545807, 0.3697189390659332], [0.6362632513046265, 0.6362159848213196]]
  Saved to: experiments/07c_regime_attention_ablations/rolling_preinit/fold_2017/collapse_monitoring/collapse_monitor_latest.json
[DEBUG CollapseMonitor] on_validation_epoch_start called for epoch 38
[DEBUG CollapseMonitor] reset_temporal_state() called on loss function
Epoch 38: val_loss=0.6167578101158142
Epoch 38: train_loss=1.0346027612686157

[CollapseMonitor] Epoch 38
  [DEBUG] Processed 3 batches from val_dataloader
  [DEBUG] Predictions shape after concat: (41,)
  [DEBUG] All predictions list length: 3
  [DEBUG] First batch shape: (16,)
  Pred std: 0.010652, range: 0.045352, mean: 0.162457
  Pos: 100.0%, Neg: 0.0%, Unique: 41
  Dir Acc: 53.66%, Pred Sharpe: 242.0982
  Composite: 0.4123 (dist_match: 0.5366, actual_pos: 53.7%, pred_pos: 100.0%)
  Collapse penalty: 0.000000 (threshold: 0.005000)
  Regime distribution: {'regime_0_fraction': 1.0, 'regime_1_fraction': 0.0}
  Regime gates: {'mean': 0.3694900870323181, 'std': 0.00012133135896874592, 'min': 0.3693721890449524, 'max': 0.3696080148220062}
  Saved validation predictions to: experiments/07c_regime_attention_ablations/rolling_preinit/fold_2017/collapse_monitoring/val_predictions_epoch38.npy
  Gradient norms:
    lstm_encoder: 0.015903
    lstm_decoder: 0.013121
    output_layer: 0.410123
  Regime gate grads (epoch avg): tensor([[ 0.0701,  0.0543],
        [-0.1077, -0.1202]])
  VSN output std:
    encoder: 0.210664
  Attention entropy: 2.484431
  Regime attention gates: [[0.3693721890449524, 0.3696080148220062], [0.6364427208900452, 0.6364018321037292]]
  Saved to: experiments/07c_regime_attention_ablations/rolling_preinit/fold_2017/collapse_monitoring/collapse_monitor_latest.json
[DEBUG CollapseMonitor] on_validation_epoch_start called for epoch 39
[DEBUG CollapseMonitor] reset_temporal_state() called on loss function
Epoch 39: val_loss=0.6169072389602661
Epoch 39: train_loss=1.033893346786499

[CollapseMonitor] Epoch 39
  [DEBUG] Processed 3 batches from val_dataloader
  [DEBUG] Predictions shape after concat: (41,)
  [DEBUG] All predictions list length: 3
  [DEBUG] First batch shape: (16,)
  Pred std: 0.010700, range: 0.045638, mean: 0.184393
  Pos: 100.0%, Neg: 0.0%, Unique: 41
  Dir Acc: 53.66%, Pred Sharpe: 273.5667
  Composite: 0.4123 (dist_match: 0.5366, actual_pos: 53.7%, pred_pos: 100.0%)
  Collapse penalty: 0.000000 (threshold: 0.005000)
  Regime distribution: {'regime_0_fraction': 1.0, 'regime_1_fraction': 0.0}
  Regime gates: {'mean': 0.3693699836730957, 'std': 0.00011289812391623855, 'min': 0.3692602515220642, 'max': 0.3694796860218048}
  Saved validation predictions to: experiments/07c_regime_attention_ablations/rolling_preinit/fold_2017/collapse_monitoring/val_predictions_epoch39.npy
  Gradient norms:
    lstm_encoder: 0.015319
    lstm_decoder: 0.012930
    output_layer: 0.437062
  Regime gate grads (epoch avg): tensor([[ 0.0487,  0.0628],
        [-0.1450, -0.1452]])
  VSN output std:
    encoder: 0.210179
  Attention entropy: 2.484400
  Regime attention gates: [[0.3692602515220642, 0.3694796860218048], [0.6366235613822937, 0.6365927457809448]]
  Saved to: experiments/07c_regime_attention_ablations/rolling_preinit/fold_2017/collapse_monitoring/collapse_monitor_latest.json
[DEBUG CollapseMonitor] on_validation_epoch_start called for epoch 40
[DEBUG CollapseMonitor] reset_temporal_state() called on loss function
Epoch 40: val_loss=0.615947961807251
Epoch 40: train_loss=1.0398873090744019

[CollapseMonitor] Epoch 40
  [DEBUG] Processed 3 batches from val_dataloader
  [DEBUG] Predictions shape after concat: (41,)
  [DEBUG] All predictions list length: 3
  [DEBUG] First batch shape: (16,)
  Pred std: 0.010606, range: 0.045339, mean: 0.176306
  Pos: 100.0%, Neg: 0.0%, Unique: 41
  Dir Acc: 53.66%, Pred Sharpe: 263.8905
  Composite: 0.4123 (dist_match: 0.5366, actual_pos: 53.7%, pred_pos: 100.0%)
  Collapse penalty: 0.000000 (threshold: 0.005000)
  Regime distribution: {'regime_0_fraction': 1.0, 'regime_1_fraction': 0.0}
  Regime gates: {'mean': 0.369225412607193, 'std': 0.00010622818808769807, 'min': 0.36912214756011963, 'max': 0.3693286180496216}
  Saved validation predictions to: experiments/07c_regime_attention_ablations/rolling_preinit/fold_2017/collapse_monitoring/val_predictions_epoch40.npy
  Gradient norms:
    lstm_encoder: 0.015523
    lstm_decoder: 0.013064
    output_layer: 0.411634
  Regime gate grads (epoch avg): tensor([[ 0.0848,  0.0891],
        [-0.1509, -0.1415]])
  VSN output std:
    encoder: 0.209840
  Attention entropy: 2.484417
  Regime attention gates: [[0.36912214756011963, 0.3693286180496216], [0.6368321776390076, 0.6367978453636169]]
  Saved to: experiments/07c_regime_attention_ablations/rolling_preinit/fold_2017/collapse_monitoring/collapse_monitor_latest.json
[DEBUG CollapseMonitor] on_validation_epoch_start called for epoch 41
[DEBUG CollapseMonitor] reset_temporal_state() called on loss function
Epoch 41: val_loss=0.614818274974823
Epoch 41: train_loss=1.0420500040054321

[CollapseMonitor] Epoch 41
  [DEBUG] Processed 3 batches from val_dataloader
  [DEBUG] Predictions shape after concat: (41,)
  [DEBUG] All predictions list length: 3
  [DEBUG] First batch shape: (16,)
  Pred std: 0.010736, range: 0.045960, mean: 0.182062
  Pos: 100.0%, Neg: 0.0%, Unique: 41
  Dir Acc: 53.66%, Pred Sharpe: 269.1947
  Composite: 0.4123 (dist_match: 0.5366, actual_pos: 53.7%, pred_pos: 100.0%)
  Collapse penalty: 0.000000 (threshold: 0.005000)
  Regime distribution: {'regime_0_fraction': 1.0, 'regime_1_fraction': 0.0}
  Regime gates: {'mean': 0.36909717321395874, 'std': 0.00010106091212946922, 'min': 0.3689989447593689, 'max': 0.3691953718662262}
  Saved validation predictions to: experiments/07c_regime_attention_ablations/rolling_preinit/fold_2017/collapse_monitoring/val_predictions_epoch41.npy
  Gradient norms:
    lstm_encoder: 0.015486
    lstm_decoder: 0.013557
    output_layer: 0.458618
  Regime gate grads (epoch avg): tensor([[ 0.0853,  0.0884],
        [-0.1386, -0.1269]])
  VSN output std:
    encoder: 0.209613
  Attention entropy: 2.484410
  Regime attention gates: [[0.3689989447593689, 0.3691953718662262], [0.6369596123695374, 0.6369227766990662]]
  Saved to: experiments/07c_regime_attention_ablations/rolling_preinit/fold_2017/collapse_monitoring/collapse_monitor_latest.json
[DEBUG CollapseMonitor] on_validation_epoch_start called for epoch 42
[DEBUG CollapseMonitor] reset_temporal_state() called on loss function
Epoch 42: val_loss=0.615576982498169
Epoch 42: train_loss=1.0344173908233643

[CollapseMonitor] Epoch 42
  [DEBUG] Processed 3 batches from val_dataloader
  [DEBUG] Predictions shape after concat: (41,)
  [DEBUG] All predictions list length: 3
  [DEBUG] First batch shape: (16,)
  Pred std: 0.010689, range: 0.045827, mean: 0.181331
  Pos: 100.0%, Neg: 0.0%, Unique: 41
  Dir Acc: 53.66%, Pred Sharpe: 269.3108
  Composite: 0.4123 (dist_match: 0.5366, actual_pos: 53.7%, pred_pos: 100.0%)
  Collapse penalty: 0.000000 (threshold: 0.005000)
  Regime distribution: {'regime_0_fraction': 1.0, 'regime_1_fraction': 0.0}
  Regime gates: {'mean': 0.36900103092193604, 'std': 0.00010639685206115246, 'min': 0.36889761686325073, 'max': 0.36910441517829895}
  Saved validation predictions to: experiments/07c_regime_attention_ablations/rolling_preinit/fold_2017/collapse_monitoring/val_predictions_epoch42.npy
  Gradient norms:
    lstm_encoder: 0.015422
    lstm_decoder: 0.013188
    output_layer: 0.398085
  Regime gate grads (epoch avg): tensor([[ 0.0924,  0.0726],
        [-0.1393, -0.1374]])
  VSN output std:
    encoder: 0.209158
  Attention entropy: 2.484345
  Regime attention gates: [[0.36889761686325073, 0.36910441517829895], [0.6371317505836487, 0.6370952725410461]]
  Saved to: experiments/07c_regime_attention_ablations/rolling_preinit/fold_2017/collapse_monitoring/collapse_monitor_latest.json
[DEBUG CollapseMonitor] on_validation_epoch_start called for epoch 43
[DEBUG CollapseMonitor] reset_temporal_state() called on loss function
Epoch 43: val_loss=0.6143096089363098
Epoch 43: train_loss=1.0210362672805786

[CollapseMonitor] Epoch 43
  [DEBUG] Processed 3 batches from val_dataloader
  [DEBUG] Predictions shape after concat: (41,)
  [DEBUG] All predictions list length: 3
  [DEBUG] First batch shape: (16,)
  Pred std: 0.010881, range: 0.046819, mean: 0.156897
  Pos: 100.0%, Neg: 0.0%, Unique: 41
  Dir Acc: 53.66%, Pred Sharpe: 228.8923
  Composite: 0.4123 (dist_match: 0.5366, actual_pos: 53.7%, pred_pos: 100.0%)
  Collapse penalty: 0.000000 (threshold: 0.005000)
  Regime distribution: {'regime_0_fraction': 1.0, 'regime_1_fraction': 0.0}
  Regime gates: {'mean': 0.36885547637939453, 'std': 0.00010527754056965932, 'min': 0.3687531650066376, 'max': 0.3689577877521515}
  Saved validation predictions to: experiments/07c_regime_attention_ablations/rolling_preinit/fold_2017/collapse_monitoring/val_predictions_epoch43.npy
  Gradient norms:
    lstm_encoder: 0.016633
    lstm_decoder: 0.014236
    output_layer: 0.461327
  Regime gate grads (epoch avg): tensor([[ 0.0731,  0.0758],
        [-0.1800, -0.1880]])
  VSN output std:
    encoder: 0.208334
  Attention entropy: 2.484263
  Regime attention gates: [[0.3687531650066376, 0.3689577877521515], [0.6373560428619385, 0.6373365521430969]]
  Saved to: experiments/07c_regime_attention_ablations/rolling_preinit/fold_2017/collapse_monitoring/collapse_monitor_latest.json
[DEBUG CollapseMonitor] on_validation_epoch_start called for epoch 44
[DEBUG CollapseMonitor] reset_temporal_state() called on loss function
Epoch 44: val_loss=0.6109501123428345
Epoch 44: train_loss=1.036630392074585

[CollapseMonitor] Epoch 44
  [DEBUG] Processed 3 batches from val_dataloader
  [DEBUG] Predictions shape after concat: (41,)
  [DEBUG] All predictions list length: 3
  [DEBUG] First batch shape: (16,)
  Pred std: 0.010768, range: 0.046498, mean: 0.141850
  Pos: 100.0%, Neg: 0.0%, Unique: 41
  Dir Acc: 53.66%, Pred Sharpe: 209.1191
  Composite: 0.4123 (dist_match: 0.5366, actual_pos: 53.7%, pred_pos: 100.0%)
  Collapse penalty: 0.000000 (threshold: 0.005000)
  Regime distribution: {'regime_0_fraction': 1.0, 'regime_1_fraction': 0.0}
  Regime gates: {'mean': 0.3686973750591278, 'std': 0.00010478687909198925, 'min': 0.36859554052352905, 'max': 0.36879920959472656}
  Saved validation predictions to: experiments/07c_regime_attention_ablations/rolling_preinit/fold_2017/collapse_monitoring/val_predictions_epoch44.npy
  Gradient norms:
    lstm_encoder: 0.016538
    lstm_decoder: 0.013864
    output_layer: 0.411280
  Regime gate grads (epoch avg): tensor([[ 0.0863,  0.0803],
        [-0.1538, -0.1496]])
  VSN output std:
    encoder: 0.207680
  Attention entropy: 2.484180
  Regime attention gates: [[0.36859554052352905, 0.36879920959472656], [0.6375217437744141, 0.6375110745429993]]
  Saved to: experiments/07c_regime_attention_ablations/rolling_preinit/fold_2017/collapse_monitoring/collapse_monitor_latest.json
[DEBUG CollapseMonitor] on_validation_epoch_start called for epoch 45
[DEBUG CollapseMonitor] reset_temporal_state() called on loss function
Epoch 45: val_loss=0.6112408638000488
Epoch 45: train_loss=1.0332204103469849

[CollapseMonitor] Epoch 45
  [DEBUG] Processed 3 batches from val_dataloader
  [DEBUG] Predictions shape after concat: (41,)
  [DEBUG] All predictions list length: 3
  [DEBUG] First batch shape: (16,)
  Pred std: 0.010712, range: 0.046327, mean: 0.143427
  Pos: 100.0%, Neg: 0.0%, Unique: 41
  Dir Acc: 53.66%, Pred Sharpe: 212.5499
  Composite: 0.4123 (dist_match: 0.5366, actual_pos: 53.7%, pred_pos: 100.0%)
  Collapse penalty: 0.000000 (threshold: 0.005000)
  Regime distribution: {'regime_0_fraction': 1.0, 'regime_1_fraction': 0.0}
  Regime gates: {'mean': 0.36860451102256775, 'std': 0.00011361877841409296, 'min': 0.36849406361579895, 'max': 0.3687148988246918}
  Saved validation predictions to: experiments/07c_regime_attention_ablations/rolling_preinit/fold_2017/collapse_monitoring/val_predictions_epoch45.npy
  Gradient norms:
    lstm_encoder: 0.017345
    lstm_decoder: 0.014321
    output_layer: 0.440036
  Regime gate grads (epoch avg): tensor([[ 0.0894,  0.0771],
        [-0.1299, -0.1447]])
  VSN output std:
    encoder: 0.207365
  Attention entropy: 2.484166
  Regime attention gates: [[0.36849406361579895, 0.3687148988246918], [0.6376740336418152, 0.6376891136169434]]
  Saved to: experiments/07c_regime_attention_ablations/rolling_preinit/fold_2017/collapse_monitoring/collapse_monitor_latest.json
[DEBUG CollapseMonitor] on_validation_epoch_start called for epoch 46
[DEBUG CollapseMonitor] reset_temporal_state() called on loss function
Epoch 46: val_loss=0.611708402633667
Epoch 46: train_loss=1.0328454971313477

[CollapseMonitor] Epoch 46
  [DEBUG] Processed 3 batches from val_dataloader
  [DEBUG] Predictions shape after concat: (41,)
  [DEBUG] All predictions list length: 3
  [DEBUG] First batch shape: (16,)
  Pred std: 0.010728, range: 0.046455, mean: 0.195097
  Pos: 100.0%, Neg: 0.0%, Unique: 41
  Dir Acc: 53.66%, Pred Sharpe: 288.6932
  Composite: 0.4123 (dist_match: 0.5366, actual_pos: 53.7%, pred_pos: 100.0%)
  Collapse penalty: 0.000000 (threshold: 0.005000)
  Regime distribution: {'regime_0_fraction': 1.0, 'regime_1_fraction': 0.0}
  Regime gates: {'mean': 0.3684697151184082, 'std': 0.00010805283818626776, 'min': 0.36836472153663635, 'max': 0.36857473850250244}
  Saved validation predictions to: experiments/07c_regime_attention_ablations/rolling_preinit/fold_2017/collapse_monitoring/val_predictions_epoch46.npy
  Gradient norms:
    lstm_encoder: 0.017060
    lstm_decoder: 0.013937
    output_layer: 0.440180
  Regime gate grads (epoch avg): tensor([[ 0.0824,  0.0910],
        [-0.1259, -0.1257]])
  VSN output std:
    encoder: 0.207014
  Attention entropy: 2.484191
  Regime attention gates: [[0.36836472153663635, 0.36857473850250244], [0.6378170251846313, 0.6378471255302429]]
  Saved to: experiments/07c_regime_attention_ablations/rolling_preinit/fold_2017/collapse_monitoring/collapse_monitor_latest.json
[DEBUG CollapseMonitor] on_validation_epoch_start called for epoch 47
[DEBUG CollapseMonitor] reset_temporal_state() called on loss function
Epoch 47: val_loss=0.6126077175140381
Epoch 47: train_loss=1.0346728563308716

[CollapseMonitor] Epoch 47
  [DEBUG] Processed 3 batches from val_dataloader
  [DEBUG] Predictions shape after concat: (41,)
  [DEBUG] All predictions list length: 3
  [DEBUG] First batch shape: (16,)
  Pred std: 0.010613, range: 0.046023, mean: 0.205003
  Pos: 100.0%, Neg: 0.0%, Unique: 41
  Dir Acc: 53.66%, Pred Sharpe: 306.6455
  Composite: 0.4123 (dist_match: 0.5366, actual_pos: 53.7%, pred_pos: 100.0%)
  Collapse penalty: 0.000000 (threshold: 0.005000)
  Regime distribution: {'regime_0_fraction': 1.0, 'regime_1_fraction': 0.0}
  Regime gates: {'mean': 0.36836180090904236, 'std': 0.00011257612641202286, 'min': 0.36825239658355713, 'max': 0.3684712052345276}
  Saved validation predictions to: experiments/07c_regime_attention_ablations/rolling_preinit/fold_2017/collapse_monitoring/val_predictions_epoch47.npy
  Gradient norms:
    lstm_encoder: 0.015912
    lstm_decoder: 0.012593
    output_layer: 0.376675
  Regime gate grads (epoch avg): tensor([[ 0.0531,  0.0327],
        [-0.1377, -0.1373]])
  VSN output std:
    encoder: 0.206561
  Attention entropy: 2.484220
  Regime attention gates: [[0.36825239658355713, 0.3684712052345276], [0.6379562616348267, 0.637994110584259]]
  Saved to: experiments/07c_regime_attention_ablations/rolling_preinit/fold_2017/collapse_monitoring/collapse_monitor_latest.json
[DEBUG CollapseMonitor] on_validation_epoch_start called for epoch 48
[DEBUG CollapseMonitor] reset_temporal_state() called on loss function
Epoch 48: val_loss=0.6119859218597412
Epoch 48: train_loss=1.033410906791687

[CollapseMonitor] Epoch 48
  [DEBUG] Processed 3 batches from val_dataloader
  [DEBUG] Predictions shape after concat: (41,)
  [DEBUG] All predictions list length: 3
  [DEBUG] First batch shape: (16,)
  Pred std: 0.010440, range: 0.045354, mean: 0.209073
  Pos: 100.0%, Neg: 0.0%, Unique: 41
  Dir Acc: 53.66%, Pred Sharpe: 317.9023
  Composite: 0.4123 (dist_match: 0.5366, actual_pos: 53.7%, pred_pos: 100.0%)
  Collapse penalty: 0.000000 (threshold: 0.005000)
  Regime distribution: {'regime_0_fraction': 1.0, 'regime_1_fraction': 0.0}
  Regime gates: {'mean': 0.3682338297367096, 'std': 0.000120181379315909, 'min': 0.3681170344352722, 'max': 0.368350625038147}
  Saved validation predictions to: experiments/07c_regime_attention_ablations/rolling_preinit/fold_2017/collapse_monitoring/val_predictions_epoch48.npy
  Gradient norms:
    lstm_encoder: 0.015952
    lstm_decoder: 0.012324
    output_layer: 0.363216
  Regime gate grads (epoch avg): tensor([[ 0.0674,  0.0732],
        [-0.1816, -0.1441]])
  VSN output std:
    encoder: 0.205278
  Attention entropy: 2.484196
  Regime attention gates: [[0.3681170344352722, 0.368350625038147], [0.6381458044052124, 0.6381639838218689]]
  Saved to: experiments/07c_regime_attention_ablations/rolling_preinit/fold_2017/collapse_monitoring/collapse_monitor_latest.json
[DEBUG CollapseMonitor] on_validation_epoch_start called for epoch 49
[DEBUG CollapseMonitor] reset_temporal_state() called on loss function
Epoch 49: val_loss=0.6125229001045227
Epoch 49: train_loss=1.0392367839813232

[CollapseMonitor] Epoch 49
  [DEBUG] Processed 3 batches from val_dataloader
  [DEBUG] Predictions shape after concat: (41,)
  [DEBUG] All predictions list length: 3
  [DEBUG] First batch shape: (16,)
  Pred std: 0.010434, range: 0.045284, mean: 0.191993
  Pos: 100.0%, Neg: 0.0%, Unique: 41
  Dir Acc: 53.66%, Pred Sharpe: 292.1140
  Composite: 0.4123 (dist_match: 0.5366, actual_pos: 53.7%, pred_pos: 100.0%)
  Collapse penalty: 0.000000 (threshold: 0.005000)
  Regime distribution: {'regime_0_fraction': 1.0, 'regime_1_fraction': 0.0}
  Regime gates: {'mean': 0.3681960105895996, 'std': 0.00012823128781747073, 'min': 0.36807137727737427, 'max': 0.36832061409950256}
  Saved validation predictions to: experiments/07c_regime_attention_ablations/rolling_preinit/fold_2017/collapse_monitoring/val_predictions_epoch49.npy
  Gradient norms:
    lstm_encoder: 0.016272
    lstm_decoder: 0.013228
    output_layer: 0.377254
  Regime gate grads (epoch avg): tensor([[ 0.0657,  0.0433],
        [-0.1934, -0.1917]])
  VSN output std:
    encoder: 0.203763
  Attention entropy: 2.484127
  Regime attention gates: [[0.36807137727737427, 0.36832061409950256], [0.6383389830589294, 0.6383481025695801]]
  Saved to: experiments/07c_regime_attention_ablations/rolling_preinit/fold_2017/collapse_monitoring/collapse_monitor_latest.json
[DEBUG CollapseMonitor] on_validation_epoch_start called for epoch 50
[DEBUG CollapseMonitor] reset_temporal_state() called on loss function
Epoch 50: val_loss=0.6122847199440002
Epoch 50: train_loss=1.0254276990890503

[CollapseMonitor] Epoch 50
  [DEBUG] Processed 3 batches from val_dataloader
  [DEBUG] Predictions shape after concat: (41,)
  [DEBUG] All predictions list length: 3
  [DEBUG] First batch shape: (16,)
  Pred std: 0.010422, range: 0.045145, mean: 0.196392
  Pos: 100.0%, Neg: 0.0%, Unique: 41
  Dir Acc: 53.66%, Pred Sharpe: 299.1410
  Composite: 0.4123 (dist_match: 0.5366, actual_pos: 53.7%, pred_pos: 100.0%)
  Collapse penalty: 0.000000 (threshold: 0.005000)
  Regime distribution: {'regime_0_fraction': 1.0, 'regime_1_fraction': 0.0}
  Regime gates: {'mean': 0.3681495189666748, 'std': 0.00013258590479381382, 'min': 0.3680206537246704, 'max': 0.3682783544063568}
  Saved validation predictions to: experiments/07c_regime_attention_ablations/rolling_preinit/fold_2017/collapse_monitoring/val_predictions_epoch50.npy
  Gradient norms:
    lstm_encoder: 0.015946
    lstm_decoder: 0.013889
    output_layer: 0.440010
  Regime gate grads (epoch avg): tensor([[ 0.0567,  0.0494],
        [-0.1522, -0.1254]])
  VSN output std:
    encoder: 0.202982
  Attention entropy: 2.484069
  Regime attention gates: [[0.3680206537246704, 0.3682783544063568], [0.6384249925613403, 0.6384297609329224]]
  Saved to: experiments/07c_regime_attention_ablations/rolling_preinit/fold_2017/collapse_monitoring/collapse_monitor_latest.json
[DEBUG CollapseMonitor] on_validation_epoch_start called for epoch 51
[DEBUG CollapseMonitor] reset_temporal_state() called on loss function
Epoch 51: val_loss=0.6113425493240356
Epoch 51: train_loss=1.0357757806777954

[CollapseMonitor] Epoch 51
  [DEBUG] Processed 3 batches from val_dataloader
  [DEBUG] Predictions shape after concat: (41,)
  [DEBUG] All predictions list length: 3
  [DEBUG] First batch shape: (16,)
  Pred std: 0.010449, range: 0.045272, mean: 0.194373
  Pos: 100.0%, Neg: 0.0%, Unique: 41
  Dir Acc: 53.66%, Pred Sharpe: 295.2931
  Composite: 0.4123 (dist_match: 0.5366, actual_pos: 53.7%, pred_pos: 100.0%)
  Collapse penalty: 0.000000 (threshold: 0.005000)
  Regime distribution: {'regime_0_fraction': 1.0, 'regime_1_fraction': 0.0}
  Regime gates: {'mean': 0.368110716342926, 'std': 0.00013427254452835768, 'min': 0.3679802417755127, 'max': 0.36824122071266174}
  Saved validation predictions to: experiments/07c_regime_attention_ablations/rolling_preinit/fold_2017/collapse_monitoring/val_predictions_epoch51.npy
  Gradient norms:
    lstm_encoder: 0.016807
    lstm_decoder: 0.013099
    output_layer: 0.396944
  Regime gate grads (epoch avg): tensor([[ 0.0786,  0.0744],
        [-0.1962, -0.1870]])
  VSN output std:
    encoder: 0.202697
  Attention entropy: 2.484082
  Regime attention gates: [[0.3679802417755127, 0.36824122071266174], [0.638503909111023, 0.6385097503662109]]
  Saved to: experiments/07c_regime_attention_ablations/rolling_preinit/fold_2017/collapse_monitoring/collapse_monitor_latest.json
[DEBUG CollapseMonitor] on_validation_epoch_start called for epoch 52
[DEBUG CollapseMonitor] reset_temporal_state() called on loss function
Epoch 52: val_loss=0.6102303862571716
Epoch 52: train_loss=1.025878667831421

[CollapseMonitor] Epoch 52
  [DEBUG] Processed 3 batches from val_dataloader
  [DEBUG] Predictions shape after concat: (41,)
  [DEBUG] All predictions list length: 3
  [DEBUG] First batch shape: (16,)
  Pred std: 0.010455, range: 0.045268, mean: 0.176036
  Pos: 100.0%, Neg: 0.0%, Unique: 41
  Dir Acc: 53.66%, Pred Sharpe: 267.2960
  Composite: 0.4123 (dist_match: 0.5366, actual_pos: 53.7%, pred_pos: 100.0%)
  Collapse penalty: 0.000000 (threshold: 0.005000)
  Regime distribution: {'regime_0_fraction': 1.0, 'regime_1_fraction': 0.0}
  Regime gates: {'mean': 0.3680548667907715, 'std': 0.00013283123553264886, 'min': 0.3679257929325104, 'max': 0.368183970451355}
  Saved validation predictions to: experiments/07c_regime_attention_ablations/rolling_preinit/fold_2017/collapse_monitoring/val_predictions_epoch52.npy
  Gradient norms:
    lstm_encoder: 0.017363
    lstm_decoder: 0.014012
    output_layer: 0.422744
  Regime gate grads (epoch avg): tensor([[ 0.0317,  0.0349],
        [-0.1369, -0.1091]])
  VSN output std:
    encoder: 0.202399
  Attention entropy: 2.484049
  Regime attention gates: [[0.3679257929325104, 0.368183970451355], [0.6386078000068665, 0.638603925704956]]
  Saved to: experiments/07c_regime_attention_ablations/rolling_preinit/fold_2017/collapse_monitoring/collapse_monitor_latest.json
[DEBUG CollapseMonitor] on_validation_epoch_start called for epoch 53
[DEBUG CollapseMonitor] reset_temporal_state() called on loss function
Epoch 53: val_loss=0.6092957258224487
Epoch 53: train_loss=1.0245029926300049

[CollapseMonitor] Epoch 53
  [DEBUG] Processed 3 batches from val_dataloader
  [DEBUG] Predictions shape after concat: (41,)
  [DEBUG] All predictions list length: 3
  [DEBUG] First batch shape: (16,)
  Pred std: 0.010491, range: 0.045360, mean: 0.164148
  Pos: 100.0%, Neg: 0.0%, Unique: 41
  Dir Acc: 53.66%, Pred Sharpe: 248.3754
  Composite: 0.4123 (dist_match: 0.5366, actual_pos: 53.7%, pred_pos: 100.0%)
  Collapse penalty: 0.000000 (threshold: 0.005000)
  Regime distribution: {'regime_0_fraction': 1.0, 'regime_1_fraction': 0.0}
  Regime gates: {'mean': 0.3680307865142822, 'std': 0.000130807253299281, 'min': 0.3679036498069763, 'max': 0.36815789341926575}
  Saved validation predictions to: experiments/07c_regime_attention_ablations/rolling_preinit/fold_2017/collapse_monitoring/val_predictions_epoch53.npy
  Gradient norms:
    lstm_encoder: 0.016769
    lstm_decoder: 0.013325
    output_layer: 0.410696
  Regime gate grads (epoch avg): tensor([[ 0.0517,  0.0596],
        [-0.1854, -0.1782]])
  VSN output std:
    encoder: 0.202122
  Attention entropy: 2.484022
  Regime attention gates: [[0.3679036498069763, 0.36815789341926575], [0.6386709809303284, 0.6386660933494568]]
  Saved to: experiments/07c_regime_attention_ablations/rolling_preinit/fold_2017/collapse_monitoring/collapse_monitor_latest.json
[DEBUG CollapseMonitor] on_validation_epoch_start called for epoch 54
[DEBUG CollapseMonitor] reset_temporal_state() called on loss function
Epoch 54: val_loss=0.6080384850502014
Epoch 54: train_loss=1.0223606824874878

[CollapseMonitor] Epoch 54
  [DEBUG] Processed 3 batches from val_dataloader
  [DEBUG] Predictions shape after concat: (41,)
  [DEBUG] All predictions list length: 3
  [DEBUG] First batch shape: (16,)
  Pred std: 0.010403, range: 0.044902, mean: 0.164399
  Pos: 100.0%, Neg: 0.0%, Unique: 41
  Dir Acc: 53.66%, Pred Sharpe: 250.8547
  Composite: 0.4123 (dist_match: 0.5366, actual_pos: 53.7%, pred_pos: 100.0%)
  Collapse penalty: 0.000000 (threshold: 0.005000)
  Regime distribution: {'regime_0_fraction': 1.0, 'regime_1_fraction': 0.0}
  Regime gates: {'mean': 0.3679664134979248, 'std': 0.00013016327284276485, 'min': 0.3678399324417114, 'max': 0.36809292435646057}
  Saved validation predictions to: experiments/07c_regime_attention_ablations/rolling_preinit/fold_2017/collapse_monitoring/val_predictions_epoch54.npy
  Gradient norms:
    lstm_encoder: 0.017382
    lstm_decoder: 0.013965
    output_layer: 0.398522
  Regime gate grads (epoch avg): tensor([[ 0.0691,  0.0669],
        [-0.1652, -0.1675]])
  VSN output std:
    encoder: 0.201876
  Attention entropy: 2.483986
  Regime attention gates: [[0.3678399324417114, 0.36809292435646057], [0.6387336254119873, 0.6387315392494202]]
  Saved to: experiments/07c_regime_attention_ablations/rolling_preinit/fold_2017/collapse_monitoring/collapse_monitor_latest.json
[DEBUG CollapseMonitor] on_validation_epoch_start called for epoch 55
[DEBUG CollapseMonitor] reset_temporal_state() called on loss function
Epoch 55: val_loss=0.6073193550109863
Epoch 55: train_loss=1.0354769229888916

[CollapseMonitor] Epoch 55
  [DEBUG] Processed 3 batches from val_dataloader
  [DEBUG] Predictions shape after concat: (41,)
  [DEBUG] All predictions list length: 3
  [DEBUG] First batch shape: (16,)
  Pred std: 0.010387, range: 0.044763, mean: 0.175883
  Pos: 100.0%, Neg: 0.0%, Unique: 41
  Dir Acc: 53.66%, Pred Sharpe: 268.7955
  Composite: 0.4123 (dist_match: 0.5366, actual_pos: 53.7%, pred_pos: 100.0%)
  Collapse penalty: 0.000000 (threshold: 0.005000)
  Regime distribution: {'regime_0_fraction': 1.0, 'regime_1_fraction': 0.0}
  Regime gates: {'mean': 0.36789360642433167, 'std': 0.00012936592975165695, 'min': 0.3677678406238556, 'max': 0.3680192828178406}
  Saved validation predictions to: experiments/07c_regime_attention_ablations/rolling_preinit/fold_2017/collapse_monitoring/val_predictions_epoch55.npy
  Gradient norms:
    lstm_encoder: 0.017780
    lstm_decoder: 0.014108
    output_layer: 0.410612
  Regime gate grads (epoch avg): tensor([[ 0.1000,  0.1005],
        [-0.1528, -0.1640]])
  VSN output std:
    encoder: 0.201532
  Attention entropy: 2.483964
  Regime attention gates: [[0.3677678406238556, 0.3680192828178406], [0.6388207077980042, 0.6388261914253235]]
  Saved to: experiments/07c_regime_attention_ablations/rolling_preinit/fold_2017/collapse_monitoring/collapse_monitor_latest.json
[DEBUG CollapseMonitor] on_validation_epoch_start called for epoch 56
[DEBUG CollapseMonitor] reset_temporal_state() called on loss function
Epoch 56: val_loss=0.6068856716156006
Epoch 56: train_loss=1.0341143608093262

[CollapseMonitor] Epoch 56
  [DEBUG] Processed 3 batches from val_dataloader
  [DEBUG] Predictions shape after concat: (41,)
  [DEBUG] All predictions list length: 3
  [DEBUG] First batch shape: (16,)
  Pred std: 0.010371, range: 0.044704, mean: 0.175789
  Pos: 100.0%, Neg: 0.0%, Unique: 41
  Dir Acc: 53.66%, Pred Sharpe: 269.0739
  Composite: 0.4123 (dist_match: 0.5366, actual_pos: 53.7%, pred_pos: 100.0%)
  Collapse penalty: 0.000000 (threshold: 0.005000)
  Regime distribution: {'regime_0_fraction': 1.0, 'regime_1_fraction': 0.0}
  Regime gates: {'mean': 0.36784034967422485, 'std': 0.00014016048226039857, 'min': 0.3677041232585907, 'max': 0.3679765462875366}
  Saved validation predictions to: experiments/07c_regime_attention_ablations/rolling_preinit/fold_2017/collapse_monitoring/val_predictions_epoch56.npy
  Gradient norms:
    lstm_encoder: 0.017132
    lstm_decoder: 0.014176
    output_layer: 0.442238
  Regime gate grads (epoch avg): tensor([[ 0.0566,  0.0240],
        [-0.1825, -0.1750]])
  VSN output std:
    encoder: 0.201271
  Attention entropy: 2.483944
  Regime attention gates: [[0.3677041232585907, 0.3679765462875366], [0.638895571231842, 0.6389122009277344]]
  Saved to: experiments/07c_regime_attention_ablations/rolling_preinit/fold_2017/collapse_monitoring/collapse_monitor_latest.json
[DEBUG CollapseMonitor] on_validation_epoch_start called for epoch 57
[DEBUG CollapseMonitor] reset_temporal_state() called on loss function
Epoch 57: val_loss=0.6072059273719788
Epoch 57: train_loss=1.021529197692871

[CollapseMonitor] Epoch 57
  [DEBUG] Processed 3 batches from val_dataloader
  [DEBUG] Predictions shape after concat: (41,)
  [DEBUG] All predictions list length: 3
  [DEBUG] First batch shape: (16,)
  Pred std: 0.010277, range: 0.044283, mean: 0.185554
  Pos: 100.0%, Neg: 0.0%, Unique: 41
  Dir Acc: 53.66%, Pred Sharpe: 286.6276
  Composite: 0.4123 (dist_match: 0.5366, actual_pos: 53.7%, pred_pos: 100.0%)
  Collapse penalty: 0.000000 (threshold: 0.005000)
  Regime distribution: {'regime_0_fraction': 1.0, 'regime_1_fraction': 0.0}
  Regime gates: {'mean': 0.36780208349227905, 'std': 0.00014201579324435443, 'min': 0.367664098739624, 'max': 0.36794012784957886}
  Saved validation predictions to: experiments/07c_regime_attention_ablations/rolling_preinit/fold_2017/collapse_monitoring/val_predictions_epoch57.npy
  Gradient norms:
    lstm_encoder: 0.017019
    lstm_decoder: 0.014088
    output_layer: 0.438201
  Regime gate grads (epoch avg): tensor([[ 0.0248,  0.0199],
        [-0.2023, -0.1884]])
  VSN output std:
    encoder: 0.200813
  Attention entropy: 2.483938
  Regime attention gates: [[0.367664098739624, 0.36794012784957886], [0.6389695405960083, 0.6389856934547424]]
  Saved to: experiments/07c_regime_attention_ablations/rolling_preinit/fold_2017/collapse_monitoring/collapse_monitor_latest.json
[DEBUG CollapseMonitor] on_validation_epoch_start called for epoch 58
[DEBUG CollapseMonitor] reset_temporal_state() called on loss function
Epoch 58: val_loss=0.6065140962600708
Epoch 58: train_loss=1.028954029083252

[CollapseMonitor] Epoch 58
  [DEBUG] Processed 3 batches from val_dataloader
  [DEBUG] Predictions shape after concat: (41,)
  [DEBUG] All predictions list length: 3
  [DEBUG] First batch shape: (16,)
  Pred std: 0.010339, range: 0.044423, mean: 0.181875
  Pos: 100.0%, Neg: 0.0%, Unique: 41
  Dir Acc: 53.66%, Pred Sharpe: 279.2417
  Composite: 0.4123 (dist_match: 0.5366, actual_pos: 53.7%, pred_pos: 100.0%)
  Collapse penalty: 0.000000 (threshold: 0.005000)
  Regime distribution: {'regime_0_fraction': 1.0, 'regime_1_fraction': 0.0}
  Regime gates: {'mean': 0.3677467405796051, 'std': 0.00014348779222927988, 'min': 0.3676072657108307, 'max': 0.36788615584373474}
  Saved validation predictions to: experiments/07c_regime_attention_ablations/rolling_preinit/fold_2017/collapse_monitoring/val_predictions_epoch58.npy
  Gradient norms:
    lstm_encoder: 0.016939
    lstm_decoder: 0.014481
    output_layer: 0.406202
  Regime gate grads (epoch avg): tensor([[ 0.0645,  0.0603],
        [-0.1926, -0.2117]])
  VSN output std:
    encoder: 0.200399
  Attention entropy: 2.483897
  Regime attention gates: [[0.3676072657108307, 0.36788615584373474], [0.6390769481658936, 0.6390973925590515]]
  Saved to: experiments/07c_regime_attention_ablations/rolling_preinit/fold_2017/collapse_monitoring/collapse_monitor_latest.json
[DEBUG CollapseMonitor] on_validation_epoch_start called for epoch 59
[DEBUG CollapseMonitor] reset_temporal_state() called on loss function
Epoch 59: val_loss=0.6059940457344055
Epoch 59: train_loss=1.0323461294174194

[CollapseMonitor] Epoch 59
  [DEBUG] Processed 3 batches from val_dataloader
  [DEBUG] Predictions shape after concat: (41,)
  [DEBUG] All predictions list length: 3
  [DEBUG] First batch shape: (16,)
  Pred std: 0.010384, range: 0.044434, mean: 0.175045
  Pos: 100.0%, Neg: 0.0%, Unique: 41
  Dir Acc: 53.66%, Pred Sharpe: 267.5868
  Composite: 0.4123 (dist_match: 0.5366, actual_pos: 53.7%, pred_pos: 100.0%)
  Collapse penalty: 0.000000 (threshold: 0.005000)
  Regime distribution: {'regime_0_fraction': 1.0, 'regime_1_fraction': 0.0}
  Regime gates: {'mean': 0.367736279964447, 'std': 0.00014606375771109015, 'min': 0.36759433150291443, 'max': 0.3678782284259796}
  Saved validation predictions to: experiments/07c_regime_attention_ablations/rolling_preinit/fold_2017/collapse_monitoring/val_predictions_epoch59.npy
  Gradient norms:
    lstm_encoder: 0.017268
    lstm_decoder: 0.013865
    output_layer: 0.405429
  Regime gate grads (epoch avg): tensor([[-0.0215, -0.0376],
        [-0.1956, -0.2046]])
  VSN output std:
    encoder: 0.199937
  Attention entropy: 2.483872
  Regime attention gates: [[0.36759433150291443, 0.3678782284259796], [0.6391589045524597, 0.6391876339912415]]
  Saved to: experiments/07c_regime_attention_ablations/rolling_preinit/fold_2017/collapse_monitoring/collapse_monitor_latest.json
[DEBUG CollapseMonitor] on_validation_epoch_start called for epoch 60
[DEBUG CollapseMonitor] reset_temporal_state() called on loss function
Epoch 60: val_loss=0.606233537197113
Epoch 60: train_loss=1.0275285243988037

[CollapseMonitor] Epoch 60
  [DEBUG] Processed 3 batches from val_dataloader
  [DEBUG] Predictions shape after concat: (41,)
  [DEBUG] All predictions list length: 3
  [DEBUG] First batch shape: (16,)
  Pred std: 0.010411, range: 0.044436, mean: 0.180551
  Pos: 100.0%, Neg: 0.0%, Unique: 41
  Dir Acc: 53.66%, Pred Sharpe: 275.2908
  Composite: 0.4123 (dist_match: 0.5366, actual_pos: 53.7%, pred_pos: 100.0%)
  Collapse penalty: 0.000000 (threshold: 0.005000)
  Regime distribution: {'regime_0_fraction': 1.0, 'regime_1_fraction': 0.0}
  Regime gates: {'mean': 0.3677181303501129, 'std': 0.00015405233716592193, 'min': 0.36756840348243713, 'max': 0.3678678274154663}
  Saved validation predictions to: experiments/07c_regime_attention_ablations/rolling_preinit/fold_2017/collapse_monitoring/val_predictions_epoch60.npy
  Gradient norms:
    lstm_encoder: 0.018188
    lstm_decoder: 0.013500
    output_layer: 0.405488
  Regime gate grads (epoch avg): tensor([[ 0.0532,  0.0314],
        [-0.2027, -0.2058]])
  VSN output std:
    encoder: 0.199200
  Attention entropy: 2.483890
  Regime attention gates: [[0.36756840348243713, 0.3678678274154663], [0.6392795443534851, 0.6393182277679443]]
  Saved to: experiments/07c_regime_attention_ablations/rolling_preinit/fold_2017/collapse_monitoring/collapse_monitor_latest.json
[DEBUG CollapseMonitor] on_validation_epoch_start called for epoch 61
[DEBUG CollapseMonitor] reset_temporal_state() called on loss function
Epoch 61: val_loss=0.6058230400085449
Epoch 61: train_loss=1.0247782468795776

[CollapseMonitor] Epoch 61
  [DEBUG] Processed 3 batches from val_dataloader
  [DEBUG] Predictions shape after concat: (41,)
  [DEBUG] All predictions list length: 3
  [DEBUG] First batch shape: (16,)
  Pred std: 0.010504, range: 0.044676, mean: 0.176875
  Pos: 100.0%, Neg: 0.0%, Unique: 41
  Dir Acc: 53.66%, Pred Sharpe: 267.3070
  Composite: 0.4123 (dist_match: 0.5366, actual_pos: 53.7%, pred_pos: 100.0%)
  Collapse penalty: 0.000000 (threshold: 0.005000)
  Regime distribution: {'regime_0_fraction': 1.0, 'regime_1_fraction': 0.0}
  Regime gates: {'mean': 0.3676600456237793, 'std': 0.00016018560563679785, 'min': 0.367504358291626, 'max': 0.36781570315361023}
  Saved validation predictions to: experiments/07c_regime_attention_ablations/rolling_preinit/fold_2017/collapse_monitoring/val_predictions_epoch61.npy
  Gradient norms:
    lstm_encoder: 0.016378
    lstm_decoder: 0.013058
    output_layer: 0.386617
  Regime gate grads (epoch avg): tensor([[ 0.0308,  0.0300],
        [-0.1821, -0.1579]])
  VSN output std:
    encoder: 0.198644
  Attention entropy: 2.483811
  Regime attention gates: [[0.367504358291626, 0.36781570315361023], [0.6393983960151672, 0.6394355893135071]]
  Saved to: experiments/07c_regime_attention_ablations/rolling_preinit/fold_2017/collapse_monitoring/collapse_monitor_latest.json
[DEBUG CollapseMonitor] on_validation_epoch_start called for epoch 62
[DEBUG CollapseMonitor] reset_temporal_state() called on loss function
Epoch 62: val_loss=0.60588538646698
Epoch 62: train_loss=1.0291653871536255

[CollapseMonitor] Epoch 62
  [DEBUG] Processed 3 batches from val_dataloader
  [DEBUG] Predictions shape after concat: (41,)
  [DEBUG] All predictions list length: 3
  [DEBUG] First batch shape: (16,)
  Pred std: 0.010588, range: 0.044893, mean: 0.180111
  Pos: 100.0%, Neg: 0.0%, Unique: 41
  Dir Acc: 53.66%, Pred Sharpe: 270.0358
  Composite: 0.4123 (dist_match: 0.5366, actual_pos: 53.7%, pred_pos: 100.0%)
  Collapse penalty: 0.000000 (threshold: 0.005000)
  Regime distribution: {'regime_0_fraction': 1.0, 'regime_1_fraction': 0.0}
  Regime gates: {'mean': 0.36761537194252014, 'std': 0.00015961828466970474, 'min': 0.3674602806568146, 'max': 0.3677705228328705}
  Saved validation predictions to: experiments/07c_regime_attention_ablations/rolling_preinit/fold_2017/collapse_monitoring/val_predictions_epoch62.npy
  Gradient norms:
    lstm_encoder: 0.018352
    lstm_decoder: 0.014879
    output_layer: 0.448430
  Regime gate grads (epoch avg): tensor([[ 0.0714,  0.0682],
        [-0.1745, -0.1496]])
  VSN output std:
    encoder: 0.198307
  Attention entropy: 2.483711
  Regime attention gates: [[0.3674602806568146, 0.3677705228328705], [0.63947594165802, 0.6395062208175659]]
  Saved to: experiments/07c_regime_attention_ablations/rolling_preinit/fold_2017/collapse_monitoring/collapse_monitor_latest.json
[DEBUG CollapseMonitor] on_validation_epoch_start called for epoch 63
[DEBUG CollapseMonitor] reset_temporal_state() called on loss function
Epoch 63: val_loss=0.6062257289886475
Epoch 63: train_loss=1.0317997932434082

[CollapseMonitor] Epoch 63
  [DEBUG] Processed 3 batches from val_dataloader
  [DEBUG] Predictions shape after concat: (41,)
  [DEBUG] All predictions list length: 3
  [DEBUG] First batch shape: (16,)
  Pred std: 0.010501, range: 0.044491, mean: 0.185902
  Pos: 100.0%, Neg: 0.0%, Unique: 41
  Dir Acc: 53.66%, Pred Sharpe: 281.0166
  Composite: 0.4123 (dist_match: 0.5366, actual_pos: 53.7%, pred_pos: 100.0%)
  Collapse penalty: 0.000000 (threshold: 0.005000)
  Regime distribution: {'regime_0_fraction': 1.0, 'regime_1_fraction': 0.0}
  Regime gates: {'mean': 0.36754947900772095, 'std': 0.00016210225294344127, 'min': 0.3673919141292572, 'max': 0.3677069842815399}
  Saved validation predictions to: experiments/07c_regime_attention_ablations/rolling_preinit/fold_2017/collapse_monitoring/val_predictions_epoch63.npy
  Gradient norms:
    lstm_encoder: 0.017785
    lstm_decoder: 0.013865
    output_layer: 0.401897
  Regime gate grads (epoch avg): tensor([[ 0.0457,  0.0344],
        [-0.1725, -0.1846]])
  VSN output std:
    encoder: 0.198459
  Attention entropy: 2.483673
  Regime attention gates: [[0.3673919141292572, 0.3677069842815399], [0.6395605802536011, 0.6395911574363708]]
  Saved to: experiments/07c_regime_attention_ablations/rolling_preinit/fold_2017/collapse_monitoring/collapse_monitor_latest.json
[DEBUG CollapseMonitor] on_validation_epoch_start called for epoch 64
[DEBUG CollapseMonitor] reset_temporal_state() called on loss function
Epoch 64: val_loss=0.6061692833900452
Epoch 64: train_loss=1.0285372734069824

[CollapseMonitor] Epoch 64
  [DEBUG] Processed 3 batches from val_dataloader
  [DEBUG] Predictions shape after concat: (41,)
  [DEBUG] All predictions list length: 3
  [DEBUG] First batch shape: (16,)
  Pred std: 0.010487, range: 0.044395, mean: 0.201216
  Pos: 100.0%, Neg: 0.0%, Unique: 41
  Dir Acc: 53.66%, Pred Sharpe: 304.6014
  Composite: 0.4123 (dist_match: 0.5366, actual_pos: 53.7%, pred_pos: 100.0%)
  Collapse penalty: 0.000000 (threshold: 0.005000)
  Regime distribution: {'regime_0_fraction': 1.0, 'regime_1_fraction': 0.0}
  Regime gates: {'mean': 0.36748749017715454, 'std': 0.00016426423098891973, 'min': 0.36732786893844604, 'max': 0.3676471412181854}
  Saved validation predictions to: experiments/07c_regime_attention_ablations/rolling_preinit/fold_2017/collapse_monitoring/val_predictions_epoch64.npy
  Gradient norms:
    lstm_encoder: 0.017378
    lstm_decoder: 0.014570
    output_layer: 0.454462
  Regime gate grads (epoch avg): tensor([[ 0.0559,  0.0533],
        [-0.2427, -0.2204]])
  VSN output std:
    encoder: 0.198373
  Attention entropy: 2.483684
  Regime attention gates: [[0.36732786893844604, 0.3676471412181854], [0.6396597027778625, 0.639685332775116]]
  Saved to: experiments/07c_regime_attention_ablations/rolling_preinit/fold_2017/collapse_monitoring/collapse_monitor_latest.json
[DEBUG CollapseMonitor] on_validation_epoch_start called for epoch 65
[DEBUG CollapseMonitor] reset_temporal_state() called on loss function
Epoch 65: val_loss=0.60598224401474
Epoch 65: train_loss=1.013533592224121

[CollapseMonitor] Epoch 65
  [DEBUG] Processed 3 batches from val_dataloader
  [DEBUG] Predictions shape after concat: (41,)
  [DEBUG] All predictions list length: 3
  [DEBUG] First batch shape: (16,)
  Pred std: 0.010448, range: 0.044030, mean: 0.194281
  Pos: 100.0%, Neg: 0.0%, Unique: 41
  Dir Acc: 53.66%, Pred Sharpe: 295.1854
  Composite: 0.4123 (dist_match: 0.5366, actual_pos: 53.7%, pred_pos: 100.0%)
  Collapse penalty: 0.000000 (threshold: 0.005000)
  Regime distribution: {'regime_0_fraction': 1.0, 'regime_1_fraction': 0.0}
  Regime gates: {'mean': 0.36745452880859375, 'std': 0.00016576689085923135, 'min': 0.36729344725608826, 'max': 0.36761564016342163}
  Saved validation predictions to: experiments/07c_regime_attention_ablations/rolling_preinit/fold_2017/collapse_monitoring/val_predictions_epoch65.npy
  Gradient norms:
    lstm_encoder: 0.017772
    lstm_decoder: 0.013925
    output_layer: 0.423455
  Regime gate grads (epoch avg): tensor([[ 0.0614,  0.0591],
        [-0.1669, -0.1663]])
  VSN output std:
    encoder: 0.197786
  Attention entropy: 2.483634
  Regime attention gates: [[0.36729344725608826, 0.36761564016342163], [0.6397302746772766, 0.6397602558135986]]
  Saved to: experiments/07c_regime_attention_ablations/rolling_preinit/fold_2017/collapse_monitoring/collapse_monitor_latest.json
[DEBUG CollapseMonitor] on_validation_epoch_start called for epoch 66
[DEBUG CollapseMonitor] reset_temporal_state() called on loss function
Epoch 66: val_loss=0.6057980060577393
Epoch 66: train_loss=1.0234894752502441

[CollapseMonitor] Epoch 66
  [DEBUG] Processed 3 batches from val_dataloader
  [DEBUG] Predictions shape after concat: (41,)
  [DEBUG] All predictions list length: 3
  [DEBUG] First batch shape: (16,)
  Pred std: 0.010541, range: 0.044050, mean: 0.199844
  Pos: 100.0%, Neg: 0.0%, Unique: 41
  Dir Acc: 53.66%, Pred Sharpe: 300.9537
  Composite: 0.4123 (dist_match: 0.5366, actual_pos: 53.7%, pred_pos: 100.0%)
  Collapse penalty: 0.000000 (threshold: 0.005000)
  Regime distribution: {'regime_0_fraction': 1.0, 'regime_1_fraction': 0.0}
  Regime gates: {'mean': 0.36743226647377014, 'std': 0.00017700609168969095, 'min': 0.36726024746894836, 'max': 0.3676042854785919}
  Saved validation predictions to: experiments/07c_regime_attention_ablations/rolling_preinit/fold_2017/collapse_monitoring/val_predictions_epoch66.npy
  Gradient norms:
    lstm_encoder: 0.016833
    lstm_decoder: 0.012918
    output_layer: 0.386540
  Regime gate grads (epoch avg): tensor([[ 0.0372,  0.0155],
        [-0.2141, -0.1919]])
  VSN output std:
    encoder: 0.197292
  Attention entropy: 2.483500
  Regime attention gates: [[0.36726024746894836, 0.3676042854785919], [0.6398136019706726, 0.6398389935493469]]
  Saved to: experiments/07c_regime_attention_ablations/rolling_preinit/fold_2017/collapse_monitoring/collapse_monitor_latest.json
[DEBUG CollapseMonitor] on_validation_epoch_start called for epoch 67
[DEBUG CollapseMonitor] reset_temporal_state() called on loss function
Epoch 67: val_loss=0.6055036187171936
Epoch 67: train_loss=1.012700080871582

[CollapseMonitor] Epoch 67
  [DEBUG] Processed 3 batches from val_dataloader
  [DEBUG] Predictions shape after concat: (41,)
  [DEBUG] All predictions list length: 3
  [DEBUG] First batch shape: (16,)
  Pred std: 0.010512, range: 0.043991, mean: 0.200315
  Pos: 100.0%, Neg: 0.0%, Unique: 41
  Dir Acc: 53.66%, Pred Sharpe: 302.4908
  Composite: 0.4123 (dist_match: 0.5366, actual_pos: 53.7%, pred_pos: 100.0%)
  Collapse penalty: 0.000000 (threshold: 0.005000)
  Regime distribution: {'regime_0_fraction': 1.0, 'regime_1_fraction': 0.0}
  Regime gates: {'mean': 0.3674110770225525, 'std': 0.00017516611842438579, 'min': 0.367240846157074, 'max': 0.367581307888031}
  Saved validation predictions to: experiments/07c_regime_attention_ablations/rolling_preinit/fold_2017/collapse_monitoring/val_predictions_epoch67.npy
  Gradient norms:
    lstm_encoder: 0.017887
    lstm_decoder: 0.013674
    output_layer: 0.385992
  Regime gate grads (epoch avg): tensor([[ 0.0517,  0.0658],
        [-0.1601, -0.1791]])
  VSN output std:
    encoder: 0.197526
  Attention entropy: 2.483522
  Regime attention gates: [[0.367240846157074, 0.367581307888031], [0.6398540139198303, 0.6398802995681763]]
  Saved to: experiments/07c_regime_attention_ablations/rolling_preinit/fold_2017/collapse_monitoring/collapse_monitor_latest.json
[DEBUG CollapseMonitor] on_validation_epoch_start called for epoch 68
[DEBUG CollapseMonitor] reset_temporal_state() called on loss function
Epoch 68: val_loss=0.6053534746170044
Epoch 68: train_loss=1.0280009508132935

[CollapseMonitor] Epoch 68
  [DEBUG] Processed 3 batches from val_dataloader
  [DEBUG] Predictions shape after concat: (41,)
  [DEBUG] All predictions list length: 3
  [DEBUG] First batch shape: (16,)
  Pred std: 0.010487, range: 0.043806, mean: 0.202399
  Pos: 100.0%, Neg: 0.0%, Unique: 41
  Dir Acc: 53.66%, Pred Sharpe: 306.3828
  Composite: 0.4123 (dist_match: 0.5366, actual_pos: 53.7%, pred_pos: 100.0%)
  Collapse penalty: 0.000000 (threshold: 0.005000)
  Regime distribution: {'regime_0_fraction': 1.0, 'regime_1_fraction': 0.0}
  Regime gates: {'mean': 0.3673929274082184, 'std': 0.00017490544996690005, 'min': 0.3672229051589966, 'max': 0.367562860250473}
  Saved validation predictions to: experiments/07c_regime_attention_ablations/rolling_preinit/fold_2017/collapse_monitoring/val_predictions_epoch68.npy
  Gradient norms:
    lstm_encoder: 0.018187
    lstm_decoder: 0.014912
    output_layer: 0.471017
  Regime gate grads (epoch avg): tensor([[ 0.0598,  0.0566],
        [-0.2225, -0.1636]])
  VSN output std:
    encoder: 0.197411
  Attention entropy: 2.483522
  Regime attention gates: [[0.3672229051589966, 0.367562860250473], [0.639896810054779, 0.6399184465408325]]
  Saved to: experiments/07c_regime_attention_ablations/rolling_preinit/fold_2017/collapse_monitoring/collapse_monitor_latest.json
[DEBUG CollapseMonitor] on_validation_epoch_start called for epoch 69
[DEBUG CollapseMonitor] reset_temporal_state() called on loss function
Epoch 69: val_loss=0.6051830053329468
Epoch 69: train_loss=1.0235178470611572

[CollapseMonitor] Epoch 69
  [DEBUG] Processed 3 batches from val_dataloader
  [DEBUG] Predictions shape after concat: (41,)
  [DEBUG] All predictions list length: 3
  [DEBUG] First batch shape: (16,)
  Pred std: 0.010460, range: 0.043597, mean: 0.201367
  Pos: 100.0%, Neg: 0.0%, Unique: 41
  Dir Acc: 53.66%, Pred Sharpe: 305.6098
  Composite: 0.4123 (dist_match: 0.5366, actual_pos: 53.7%, pred_pos: 100.0%)
  Collapse penalty: 0.000000 (threshold: 0.005000)
  Regime distribution: {'regime_0_fraction': 1.0, 'regime_1_fraction': 0.0}
  Regime gates: {'mean': 0.3673609793186188, 'std': 0.0001781867613317445, 'min': 0.3671877980232239, 'max': 0.3675341308116913}
  Saved validation predictions to: experiments/07c_regime_attention_ablations/rolling_preinit/fold_2017/collapse_monitoring/val_predictions_epoch69.npy
  Gradient norms:
    lstm_encoder: 0.019056
    lstm_decoder: 0.014525
    output_layer: 0.412591
  Regime gate grads (epoch avg): tensor([[ 0.1333,  0.1024],
        [-0.1572, -0.1788]])
  VSN output std:
    encoder: 0.197318
  Attention entropy: 2.483512
  Regime attention gates: [[0.3671877980232239, 0.3675341308116913], [0.6399485468864441, 0.6399720907211304]]
  Saved to: experiments/07c_regime_attention_ablations/rolling_preinit/fold_2017/collapse_monitoring/collapse_monitor_latest.json
[DEBUG CollapseMonitor] on_validation_epoch_start called for epoch 70
[DEBUG CollapseMonitor] reset_temporal_state() called on loss function
Epoch 70: val_loss=0.6049553751945496
Epoch 70: train_loss=1.0269819498062134

[CollapseMonitor] Epoch 70
  [DEBUG] Processed 3 batches from val_dataloader
  [DEBUG] Predictions shape after concat: (41,)
  [DEBUG] All predictions list length: 3
  [DEBUG] First batch shape: (16,)
  Pred std: 0.010465, range: 0.043441, mean: 0.201595
  Pos: 100.0%, Neg: 0.0%, Unique: 41
  Dir Acc: 53.66%, Pred Sharpe: 305.7884
  Composite: 0.4123 (dist_match: 0.5366, actual_pos: 53.7%, pred_pos: 100.0%)
  Collapse penalty: 0.000000 (threshold: 0.005000)
  Regime distribution: {'regime_0_fraction': 1.0, 'regime_1_fraction': 0.0}
  Regime gates: {'mean': 0.36733299493789673, 'std': 0.00018310868472326547, 'min': 0.3671550154685974, 'max': 0.36751091480255127}
  Saved validation predictions to: experiments/07c_regime_attention_ablations/rolling_preinit/fold_2017/collapse_monitoring/val_predictions_epoch70.npy
  Gradient norms:
    lstm_encoder: 0.016972
    lstm_decoder: 0.013636
    output_layer: 0.384636
  Regime gate grads (epoch avg): tensor([[ 0.0546,  0.0322],
        [-0.1977, -0.2102]])
  VSN output std:
    encoder: 0.197069
  Attention entropy: 2.483489
  Regime attention gates: [[0.3671550154685974, 0.36751091480255127], [0.6399891972541809, 0.6400197148323059]]
  Saved to: experiments/07c_regime_attention_ablations/rolling_preinit/fold_2017/collapse_monitoring/collapse_monitor_latest.json
[DEBUG CollapseMonitor] on_validation_epoch_start called for epoch 71
[DEBUG CollapseMonitor] reset_temporal_state() called on loss function
Epoch 71: val_loss=0.6045472025871277
Epoch 71: train_loss=1.0199204683303833

[CollapseMonitor] Epoch 71
  [DEBUG] Processed 3 batches from val_dataloader
  [DEBUG] Predictions shape after concat: (41,)
  [DEBUG] All predictions list length: 3
  [DEBUG] First batch shape: (16,)
  Pred std: 0.010477, range: 0.043372, mean: 0.197392
  Pos: 100.0%, Neg: 0.0%, Unique: 41
  Dir Acc: 53.66%, Pred Sharpe: 299.0945
  Composite: 0.4123 (dist_match: 0.5366, actual_pos: 53.7%, pred_pos: 100.0%)
  Collapse penalty: 0.000000 (threshold: 0.005000)
  Regime distribution: {'regime_0_fraction': 1.0, 'regime_1_fraction': 0.0}
  Regime gates: {'mean': 0.3673085570335388, 'std': 0.00018847531464416534, 'min': 0.36712539196014404, 'max': 0.3674917221069336}
  Saved validation predictions to: experiments/07c_regime_attention_ablations/rolling_preinit/fold_2017/collapse_monitoring/val_predictions_epoch71.npy
  Gradient norms:
    lstm_encoder: 0.018496
    lstm_decoder: 0.014639
    output_layer: 0.403822
  Regime gate grads (epoch avg): tensor([[ 0.1068,  0.0670],
        [-0.1683, -0.1949]])
  VSN output std:
    encoder: 0.196939
  Attention entropy: 2.483482
  Regime attention gates: [[0.36712539196014404, 0.3674917221069336], [0.6400169730186462, 0.6400550603866577]]
  Saved to: experiments/07c_regime_attention_ablations/rolling_preinit/fold_2017/collapse_monitoring/collapse_monitor_latest.json
[DEBUG CollapseMonitor] on_validation_epoch_start called for epoch 72
[DEBUG CollapseMonitor] reset_temporal_state() called on loss function
Epoch 72: val_loss=0.6042500138282776
Epoch 72: train_loss=1.0183632373809814

[CollapseMonitor] Epoch 72
  [DEBUG] Processed 3 batches from val_dataloader
  [DEBUG] Predictions shape after concat: (41,)
  [DEBUG] All predictions list length: 3
  [DEBUG] First batch shape: (16,)
  Pred std: 0.010527, range: 0.043369, mean: 0.199036
  Pos: 100.0%, Neg: 0.0%, Unique: 41
  Dir Acc: 53.66%, Pred Sharpe: 300.1325
  Composite: 0.4123 (dist_match: 0.5366, actual_pos: 53.7%, pred_pos: 100.0%)
  Collapse penalty: 0.000000 (threshold: 0.005000)
  Regime distribution: {'regime_0_fraction': 1.0, 'regime_1_fraction': 0.0}
  Regime gates: {'mean': 0.3672718107700348, 'std': 0.00019126593542750925, 'min': 0.36708593368530273, 'max': 0.36745768785476685}
  Saved validation predictions to: experiments/07c_regime_attention_ablations/rolling_preinit/fold_2017/collapse_monitoring/val_predictions_epoch72.npy
  Gradient norms:
    lstm_encoder: 0.018328
    lstm_decoder: 0.013967
    output_layer: 0.410498
  Regime gate grads (epoch avg): tensor([[ 0.0750,  0.0745],
        [-0.2058, -0.1834]])
  VSN output std:
    encoder: 0.196655
  Attention entropy: 2.483449
  Regime attention gates: [[0.36708593368530273, 0.36745768785476685], [0.6400579810142517, 0.6400986313819885]]
  Saved to: experiments/07c_regime_attention_ablations/rolling_preinit/fold_2017/collapse_monitoring/collapse_monitor_latest.json
[DEBUG CollapseMonitor] on_validation_epoch_start called for epoch 73
[DEBUG CollapseMonitor] reset_temporal_state() called on loss function
Epoch 73: val_loss=0.6040890216827393
Epoch 73: train_loss=1.0252101421356201

[CollapseMonitor] Epoch 73
  [DEBUG] Processed 3 batches from val_dataloader
  [DEBUG] Predictions shape after concat: (41,)
  [DEBUG] All predictions list length: 3
  [DEBUG] First batch shape: (16,)
  Pred std: 0.010659, range: 0.043696, mean: 0.201210
  Pos: 100.0%, Neg: 0.0%, Unique: 41
  Dir Acc: 53.66%, Pred Sharpe: 299.6731
  Composite: 0.4123 (dist_match: 0.5366, actual_pos: 53.7%, pred_pos: 100.0%)
  Collapse penalty: 0.000000 (threshold: 0.005000)
  Regime distribution: {'regime_0_fraction': 1.0, 'regime_1_fraction': 0.0}
  Regime gates: {'mean': 0.3672446608543396, 'std': 0.00019171059830114245, 'min': 0.3670583665370941, 'max': 0.36743098497390747}
  Saved validation predictions to: experiments/07c_regime_attention_ablations/rolling_preinit/fold_2017/collapse_monitoring/val_predictions_epoch73.npy
  Gradient norms:
    lstm_encoder: 0.017154
    lstm_decoder: 0.012105
    output_layer: 0.336765
  Regime gate grads (epoch avg): tensor([[ 0.0118,  0.0109],
        [-0.2190, -0.2103]])
  VSN output std:
    encoder: 0.196153
  Attention entropy: 2.483362
  Regime attention gates: [[0.3670583665370941, 0.36743098497390747], [0.6401205062866211, 0.6401622295379639]]
  Saved to: experiments/07c_regime_attention_ablations/rolling_preinit/fold_2017/collapse_monitoring/collapse_monitor_latest.json
[DEBUG CollapseMonitor] on_validation_epoch_start called for epoch 74
[DEBUG CollapseMonitor] reset_temporal_state() called on loss function
Epoch 74: val_loss=0.603834331035614
Epoch 74: train_loss=1.000741720199585

[CollapseMonitor] Epoch 74
  [DEBUG] Processed 3 batches from val_dataloader
  [DEBUG] Predictions shape after concat: (41,)
  [DEBUG] All predictions list length: 3
  [DEBUG] First batch shape: (16,)
  Pred std: 0.010684, range: 0.043602, mean: 0.200303
  Pos: 100.0%, Neg: 0.0%, Unique: 41
  Dir Acc: 53.66%, Pred Sharpe: 297.6189
  Composite: 0.4123 (dist_match: 0.5366, actual_pos: 53.7%, pred_pos: 100.0%)
  Collapse penalty: 0.000000 (threshold: 0.005000)
  Regime distribution: {'regime_0_fraction': 1.0, 'regime_1_fraction': 0.0}
  Regime gates: {'mean': 0.36723053455352783, 'std': 0.00019430190150160342, 'min': 0.367041677236557, 'max': 0.3674193322658539}
  Saved validation predictions to: experiments/07c_regime_attention_ablations/rolling_preinit/fold_2017/collapse_monitoring/val_predictions_epoch74.npy
  Gradient norms:
    lstm_encoder: 0.018425
    lstm_decoder: 0.015108
    output_layer: 0.464718
  Regime gate grads (epoch avg): tensor([[ 0.0563,  0.0305],
        [-0.1989, -0.1831]])
  VSN output std:
    encoder: 0.195791
  Attention entropy: 2.483334
  Regime attention gates: [[0.367041677236557, 0.3674193322658539], [0.640159010887146, 0.6402004957199097]]
  Saved to: experiments/07c_regime_attention_ablations/rolling_preinit/fold_2017/collapse_monitoring/collapse_monitor_latest.json
[DEBUG CollapseMonitor] on_validation_epoch_start called for epoch 75
[DEBUG CollapseMonitor] reset_temporal_state() called on loss function
Epoch 75: val_loss=0.6038779020309448
Epoch 75: train_loss=1.016196608543396

[CollapseMonitor] Epoch 75
  [DEBUG] Processed 3 batches from val_dataloader
  [DEBUG] Predictions shape after concat: (41,)
  [DEBUG] All predictions list length: 3
  [DEBUG] First batch shape: (16,)
  Pred std: 0.010713, range: 0.043660, mean: 0.198465
  Pos: 100.0%, Neg: 0.0%, Unique: 41
  Dir Acc: 53.66%, Pred Sharpe: 294.0855
  Composite: 0.4123 (dist_match: 0.5366, actual_pos: 53.7%, pred_pos: 100.0%)
  Collapse penalty: 0.000000 (threshold: 0.005000)
  Regime distribution: {'regime_0_fraction': 1.0, 'regime_1_fraction': 0.0}
  Regime gates: {'mean': 0.36721310019493103, 'std': 0.00019770587095990777, 'min': 0.36702096462249756, 'max': 0.3674052357673645}
  Saved validation predictions to: experiments/07c_regime_attention_ablations/rolling_preinit/fold_2017/collapse_monitoring/val_predictions_epoch75.npy
  Gradient norms:
    lstm_encoder: 0.018755
    lstm_decoder: 0.014520
    output_layer: 0.435025
  Regime gate grads (epoch avg): tensor([[ 0.0873,  0.0645],
        [-0.1644, -0.1679]])
  VSN output std:
    encoder: 0.195601
  Attention entropy: 2.483320
  Regime attention gates: [[0.36702096462249756, 0.3674052357673645], [0.6402087211608887, 0.6402495503425598]]
  Saved to: experiments/07c_regime_attention_ablations/rolling_preinit/fold_2017/collapse_monitoring/collapse_monitor_latest.json
[DEBUG CollapseMonitor] on_validation_epoch_start called for epoch 76
[DEBUG CollapseMonitor] reset_temporal_state() called on loss function
Epoch 76: val_loss=0.6038657426834106
Epoch 76: train_loss=0.9971417784690857

[CollapseMonitor] Epoch 76
  [DEBUG] Processed 3 batches from val_dataloader
  [DEBUG] Predictions shape after concat: (41,)
  [DEBUG] All predictions list length: 3
  [DEBUG] First batch shape: (16,)
  Pred std: 0.010666, range: 0.043430, mean: 0.199669
  Pos: 100.0%, Neg: 0.0%, Unique: 41
  Dir Acc: 53.66%, Pred Sharpe: 297.1644
  Composite: 0.4123 (dist_match: 0.5366, actual_pos: 53.7%, pred_pos: 100.0%)
  Collapse penalty: 0.000000 (threshold: 0.005000)
  Regime distribution: {'regime_0_fraction': 1.0, 'regime_1_fraction': 0.0}
  Regime gates: {'mean': 0.36717963218688965, 'std': 0.00020109450269956142, 'min': 0.36698418855667114, 'max': 0.36737504601478577}
  Saved validation predictions to: experiments/07c_regime_attention_ablations/rolling_preinit/fold_2017/collapse_monitoring/val_predictions_epoch76.npy
  Gradient norms:
    lstm_encoder: 0.016958
    lstm_decoder: 0.013297
    output_layer: 0.394821
  Regime gate grads (epoch avg): tensor([[ 0.1223,  0.1152],
        [-0.2128, -0.1827]])
  VSN output std:
    encoder: 0.195630
  Attention entropy: 2.483320
  Regime attention gates: [[0.36698418855667114, 0.36737504601478577], [0.6402551531791687, 0.6402925252914429]]
  Saved to: experiments/07c_regime_attention_ablations/rolling_preinit/fold_2017/collapse_monitoring/collapse_monitor_latest.json
[DEBUG CollapseMonitor] on_validation_epoch_start called for epoch 77
[DEBUG CollapseMonitor] reset_temporal_state() called on loss function
Epoch 77: val_loss=0.6036854982376099
Epoch 77: train_loss=1.0260409116744995

[CollapseMonitor] Epoch 77
  [DEBUG] Processed 3 batches from val_dataloader
  [DEBUG] Predictions shape after concat: (41,)
  [DEBUG] All predictions list length: 3
  [DEBUG] First batch shape: (16,)
  Pred std: 0.010602, range: 0.043193, mean: 0.192827
  Pos: 100.0%, Neg: 0.0%, Unique: 41
  Dir Acc: 53.66%, Pred Sharpe: 288.7147
  Composite: 0.4123 (dist_match: 0.5366, actual_pos: 53.7%, pred_pos: 100.0%)
  Collapse penalty: 0.000000 (threshold: 0.005000)
  Regime distribution: {'regime_0_fraction': 1.0, 'regime_1_fraction': 0.0}
  Regime gates: {'mean': 0.36717310547828674, 'std': 0.0002042838023044169, 'min': 0.36697453260421753, 'max': 0.3673715889453888}
  Saved validation predictions to: experiments/07c_regime_attention_ablations/rolling_preinit/fold_2017/collapse_monitoring/val_predictions_epoch77.npy
  Gradient norms:
    lstm_encoder: 0.017188
    lstm_decoder: 0.013890
    output_layer: 0.413931
  Regime gate grads (epoch avg): tensor([[-0.0031, -0.0342],
        [-0.2513, -0.2018]])
  VSN output std:
    encoder: 0.195773
  Attention entropy: 2.483328
  Regime attention gates: [[0.36697453260421753, 0.3673715889453888], [0.6403000950813293, 0.6403340697288513]]
  Saved to: experiments/07c_regime_attention_ablations/rolling_preinit/fold_2017/collapse_monitoring/collapse_monitor_latest.json
[DEBUG CollapseMonitor] on_validation_epoch_start called for epoch 78
[DEBUG CollapseMonitor] reset_temporal_state() called on loss function
Epoch 78: val_loss=0.6037614941596985
Epoch 78: train_loss=1.0275975465774536

[CollapseMonitor] Epoch 78
  [DEBUG] Processed 3 batches from val_dataloader
  [DEBUG] Predictions shape after concat: (41,)
  [DEBUG] All predictions list length: 3
  [DEBUG] First batch shape: (16,)
  Pred std: 0.010574, range: 0.043048, mean: 0.192385
  Pos: 100.0%, Neg: 0.0%, Unique: 41
  Dir Acc: 53.66%, Pred Sharpe: 288.8263
  Composite: 0.4123 (dist_match: 0.5366, actual_pos: 53.7%, pred_pos: 100.0%)
  Collapse penalty: 0.000000 (threshold: 0.005000)
  Regime distribution: {'regime_0_fraction': 1.0, 'regime_1_fraction': 0.0}
  Regime gates: {'mean': 0.3671712875366211, 'std': 0.00020621578732971102, 'min': 0.36697089672088623, 'max': 0.36737170815467834}
  Saved validation predictions to: experiments/07c_regime_attention_ablations/rolling_preinit/fold_2017/collapse_monitoring/val_predictions_epoch78.npy
  Gradient norms:
    lstm_encoder: 0.019222
    lstm_decoder: 0.015068
    output_layer: 0.428483
  Regime gate grads (epoch avg): tensor([[ 0.0281,  0.0234],
        [-0.2109, -0.2116]])
  VSN output std:
    encoder: 0.195722
  Attention entropy: 2.483340
  Regime attention gates: [[0.36697089672088623, 0.36737170815467834], [0.6403505802154541, 0.6403806209564209]]
  Saved to: experiments/07c_regime_attention_ablations/rolling_preinit/fold_2017/collapse_monitoring/collapse_monitor_latest.json
[DEBUG CollapseMonitor] on_validation_epoch_start called for epoch 79
[DEBUG CollapseMonitor] reset_temporal_state() called on loss function
Epoch 79: val_loss=0.6036584973335266
Epoch 79: train_loss=1.020952820777893

[CollapseMonitor] Epoch 79
  [DEBUG] Processed 3 batches from val_dataloader
  [DEBUG] Predictions shape after concat: (41,)
  [DEBUG] All predictions list length: 3
  [DEBUG] First batch shape: (16,)
  Pred std: 0.010462, range: 0.042721, mean: 0.197960
  Pos: 100.0%, Neg: 0.0%, Unique: 41
  Dir Acc: 53.66%, Pred Sharpe: 300.3813
  Composite: 0.4123 (dist_match: 0.5366, actual_pos: 53.7%, pred_pos: 100.0%)
  Collapse penalty: 0.000000 (threshold: 0.005000)
  Regime distribution: {'regime_0_fraction': 1.0, 'regime_1_fraction': 0.0}
  Regime gates: {'mean': 0.3671499490737915, 'std': 0.00020751910051330924, 'min': 0.3669482469558716, 'max': 0.36735159158706665}
  Saved validation predictions to: experiments/07c_regime_attention_ablations/rolling_preinit/fold_2017/collapse_monitoring/val_predictions_epoch79.npy
  Gradient norms:
    lstm_encoder: 0.018353
    lstm_decoder: 0.014139
    output_layer: 0.410247
  Regime gate grads (epoch avg): tensor([[ 0.0632,  0.0431],
        [-0.2170, -0.2009]])
  VSN output std:
    encoder: 0.195993
  Attention entropy: 2.483396
  Regime attention gates: [[0.3669482469558716, 0.36735159158706665], [0.6403982043266296, 0.6404272317886353]]
  Saved to: experiments/07c_regime_attention_ablations/rolling_preinit/fold_2017/collapse_monitoring/collapse_monitor_latest.json
[DEBUG CollapseMonitor] on_validation_epoch_start called for epoch 80
[DEBUG CollapseMonitor] reset_temporal_state() called on loss function
Epoch 80: val_loss=0.6038231253623962
Epoch 80: train_loss=1.0207237005233765

[CollapseMonitor] Epoch 80
  [DEBUG] Processed 3 batches from val_dataloader
  [DEBUG] Predictions shape after concat: (41,)
  [DEBUG] All predictions list length: 3
  [DEBUG] First batch shape: (16,)
  Pred std: 0.010406, range: 0.042465, mean: 0.201904
  Pos: 100.0%, Neg: 0.0%, Unique: 41
  Dir Acc: 53.66%, Pred Sharpe: 308.0196
  Composite: 0.4123 (dist_match: 0.5366, actual_pos: 53.7%, pred_pos: 100.0%)
  Collapse penalty: 0.000000 (threshold: 0.005000)
  Regime distribution: {'regime_0_fraction': 1.0, 'regime_1_fraction': 0.0}
  Regime gates: {'mean': 0.3671249747276306, 'std': 0.00020748843962792307, 'min': 0.36692336201667786, 'max': 0.36732664704322815}
  Saved validation predictions to: experiments/07c_regime_attention_ablations/rolling_preinit/fold_2017/collapse_monitoring/val_predictions_epoch80.npy
  Gradient norms:
    lstm_encoder: 0.018560
    lstm_decoder: 0.015233
    output_layer: 0.427177
  Regime gate grads (epoch avg): tensor([[ 0.0509,  0.0574],
        [-0.1632, -0.1624]])
  VSN output std:
    encoder: 0.195959
  Attention entropy: 2.483428
  Regime attention gates: [[0.36692336201667786, 0.36732664704322815], [0.6404372453689575, 0.640464186668396]]
  Saved to: experiments/07c_regime_attention_ablations/rolling_preinit/fold_2017/collapse_monitoring/collapse_monitor_latest.json
[DEBUG CollapseMonitor] on_validation_epoch_start called for epoch 81
[DEBUG CollapseMonitor] reset_temporal_state() called on loss function
Epoch 81: val_loss=0.6036649346351624
Epoch 81: train_loss=1.014932632446289

[CollapseMonitor] Epoch 81
  [DEBUG] Processed 3 batches from val_dataloader
  [DEBUG] Predictions shape after concat: (41,)
  [DEBUG] All predictions list length: 3
  [DEBUG] First batch shape: (16,)
  Pred std: 0.010388, range: 0.042284, mean: 0.202153
  Pos: 100.0%, Neg: 0.0%, Unique: 41
  Dir Acc: 53.66%, Pred Sharpe: 308.9334
  Composite: 0.4123 (dist_match: 0.5366, actual_pos: 53.7%, pred_pos: 100.0%)
  Collapse penalty: 0.000000 (threshold: 0.005000)
  Regime distribution: {'regime_0_fraction': 1.0, 'regime_1_fraction': 0.0}
  Regime gates: {'mean': 0.3671065866947174, 'std': 0.00020805576059501618, 'min': 0.36690443754196167, 'max': 0.3673088252544403}
  Saved validation predictions to: experiments/07c_regime_attention_ablations/rolling_preinit/fold_2017/collapse_monitoring/val_predictions_epoch81.npy
  Gradient norms:
    lstm_encoder: 0.019063
    lstm_decoder: 0.015133
    output_layer: 0.428437
  Regime gate grads (epoch avg): tensor([[ 0.0441,  0.0358],
        [-0.1676, -0.1975]])
  VSN output std:
    encoder: 0.196000
  Attention entropy: 2.483476
  Regime attention gates: [[0.36690443754196167, 0.3673088252544403], [0.6404679417610168, 0.6405004858970642]]
  Saved to: experiments/07c_regime_attention_ablations/rolling_preinit/fold_2017/collapse_monitoring/collapse_monitor_latest.json
[DEBUG CollapseMonitor] on_validation_epoch_start called for epoch 82
[DEBUG CollapseMonitor] reset_temporal_state() called on loss function
Epoch 82: val_loss=0.6033360362052917
Epoch 82: train_loss=1.0206793546676636

[CollapseMonitor] Epoch 82
  [DEBUG] Processed 3 batches from val_dataloader
  [DEBUG] Predictions shape after concat: (41,)
  [DEBUG] All predictions list length: 3
  [DEBUG] First batch shape: (16,)
  Pred std: 0.010387, range: 0.042044, mean: 0.202002
  Pos: 100.0%, Neg: 0.0%, Unique: 41
  Dir Acc: 53.66%, Pred Sharpe: 308.7198
  Composite: 0.4123 (dist_match: 0.5366, actual_pos: 53.7%, pred_pos: 100.0%)
  Collapse penalty: 0.000000 (threshold: 0.005000)
  Regime distribution: {'regime_0_fraction': 1.0, 'regime_1_fraction': 0.0}
  Regime gates: {'mean': 0.36709800362586975, 'std': 0.00020560246775858104, 'min': 0.36689820885658264, 'max': 0.36729782819747925}
  Saved validation predictions to: experiments/07c_regime_attention_ablations/rolling_preinit/fold_2017/collapse_monitoring/val_predictions_epoch82.npy
  Gradient norms:
    lstm_encoder: 0.018075
    lstm_decoder: 0.014799
    output_layer: 0.422338
  Regime gate grads (epoch avg): tensor([[ 0.0161,  0.0332],
        [-0.1602, -0.1727]])
  VSN output std:
    encoder: 0.195729
  Attention entropy: 2.483465
  Regime attention gates: [[0.36689820885658264, 0.36729782819747925], [0.6405032873153687, 0.6405407786369324]]
  Saved to: experiments/07c_regime_attention_ablations/rolling_preinit/fold_2017/collapse_monitoring/collapse_monitor_latest.json
[DEBUG CollapseMonitor] on_validation_epoch_start called for epoch 83
[DEBUG CollapseMonitor] reset_temporal_state() called on loss function
Epoch 83: val_loss=0.6027722358703613
Epoch 83: train_loss=1.0268651247024536

[CollapseMonitor] Epoch 83
  [DEBUG] Processed 3 batches from val_dataloader
  [DEBUG] Predictions shape after concat: (41,)
  [DEBUG] All predictions list length: 3
  [DEBUG] First batch shape: (16,)
  Pred std: 0.010366, range: 0.041674, mean: 0.203279
  Pos: 100.0%, Neg: 0.0%, Unique: 41
  Dir Acc: 53.66%, Pred Sharpe: 311.2965
  Composite: 0.4123 (dist_match: 0.5366, actual_pos: 53.7%, pred_pos: 100.0%)
  Collapse penalty: 0.000000 (threshold: 0.005000)
  Regime distribution: {'regime_0_fraction': 1.0, 'regime_1_fraction': 0.0}
  Regime gates: {'mean': 0.36709585785865784, 'std': 0.00020695177954621613, 'min': 0.3668946921825409, 'max': 0.3672969341278076}
  Saved validation predictions to: experiments/07c_regime_attention_ablations/rolling_preinit/fold_2017/collapse_monitoring/val_predictions_epoch83.npy
  Gradient norms:
    lstm_encoder: 0.018961
    lstm_decoder: 0.015421
    output_layer: 0.462308
  Regime gate grads (epoch avg): tensor([[ 0.0577,  0.0396],
        [-0.2073, -0.2111]])
  VSN output std:
    encoder: 0.195482
  Attention entropy: 2.483474
  Regime attention gates: [[0.3668946921825409, 0.3672969341278076], [0.640528678894043, 0.640568733215332]]
  Saved to: experiments/07c_regime_attention_ablations/rolling_preinit/fold_2017/collapse_monitoring/collapse_monitor_latest.json
[DEBUG CollapseMonitor] on_validation_epoch_start called for epoch 84
[DEBUG CollapseMonitor] reset_temporal_state() called on loss function
Epoch 84: val_loss=0.6021108031272888
Epoch 84: train_loss=1.0106168985366821

[CollapseMonitor] Epoch 84
  [DEBUG] Processed 3 batches from val_dataloader
  [DEBUG] Predictions shape after concat: (41,)
  [DEBUG] All predictions list length: 3
  [DEBUG] First batch shape: (16,)
  Pred std: 0.010436, range: 0.041688, mean: 0.196515
  Pos: 100.0%, Neg: 0.0%, Unique: 41
  Dir Acc: 53.66%, Pred Sharpe: 298.9114
  Composite: 0.4123 (dist_match: 0.5366, actual_pos: 53.7%, pred_pos: 100.0%)
  Collapse penalty: 0.000000 (threshold: 0.005000)
  Regime distribution: {'regime_0_fraction': 1.0, 'regime_1_fraction': 0.0}
  Regime gates: {'mean': 0.36708179116249084, 'std': 0.00020807108376175165, 'min': 0.36687958240509033, 'max': 0.36728399991989136}
  Saved validation predictions to: experiments/07c_regime_attention_ablations/rolling_preinit/fold_2017/collapse_monitoring/val_predictions_epoch84.npy
  Gradient norms:
    lstm_encoder: 0.018511
    lstm_decoder: 0.014627
    output_layer: 0.453397
  Regime gate grads (epoch avg): tensor([[ 0.0320,  0.0193],
        [-0.2120, -0.1953]])
  VSN output std:
    encoder: 0.195008
  Attention entropy: 2.483417
  Regime attention gates: [[0.36687958240509033, 0.36728399991989136], [0.6405738592147827, 0.6406155228614807]]
  Saved to: experiments/07c_regime_attention_ablations/rolling_preinit/fold_2017/collapse_monitoring/collapse_monitor_latest.json
[DEBUG CollapseMonitor] on_validation_epoch_start called for epoch 85
[DEBUG CollapseMonitor] reset_temporal_state() called on loss function
Epoch 85: val_loss=0.6021479368209839
Epoch 85: train_loss=1.024814248085022

[CollapseMonitor] Epoch 85
  [DEBUG] Processed 3 batches from val_dataloader
  [DEBUG] Predictions shape after concat: (41,)
  [DEBUG] All predictions list length: 3
  [DEBUG] First batch shape: (16,)
  Pred std: 0.010475, range: 0.041577, mean: 0.202848
  Pos: 100.0%, Neg: 0.0%, Unique: 41
  Dir Acc: 53.66%, Pred Sharpe: 307.4180
  Composite: 0.4123 (dist_match: 0.5366, actual_pos: 53.7%, pred_pos: 100.0%)
  Collapse penalty: 0.000000 (threshold: 0.005000)
  Regime distribution: {'regime_0_fraction': 1.0, 'regime_1_fraction': 0.0}
  Regime gates: {'mean': 0.3670721650123596, 'std': 0.0002098190743708983, 'min': 0.3668682277202606, 'max': 0.36727604269981384}
  Saved validation predictions to: experiments/07c_regime_attention_ablations/rolling_preinit/fold_2017/collapse_monitoring/val_predictions_epoch85.npy
  Gradient norms:
    lstm_encoder: 0.016502
    lstm_decoder: 0.012751
    output_layer: 0.360395
  Regime gate grads (epoch avg): tensor([[ 0.0242,  0.0236],
        [-0.2070, -0.1921]])
  VSN output std:
    encoder: 0.194608
  Attention entropy: 2.483363
  Regime attention gates: [[0.3668682277202606, 0.36727604269981384], [0.6406170725822449, 0.6406574845314026]]
  Saved to: experiments/07c_regime_attention_ablations/rolling_preinit/fold_2017/collapse_monitoring/collapse_monitor_latest.json
[DEBUG CollapseMonitor] on_validation_epoch_start called for epoch 86
[DEBUG CollapseMonitor] reset_temporal_state() called on loss function
Epoch 86: val_loss=0.6021379828453064
Epoch 86: train_loss=1.0230997800827026

[CollapseMonitor] Epoch 86
  [DEBUG] Processed 3 batches from val_dataloader
  [DEBUG] Predictions shape after concat: (41,)
  [DEBUG] All predictions list length: 3
  [DEBUG] First batch shape: (16,)
  Pred std: 0.010463, range: 0.041215, mean: 0.208426
  Pos: 100.0%, Neg: 0.0%, Unique: 41
  Dir Acc: 53.66%, Pred Sharpe: 316.2331
  Composite: 0.4123 (dist_match: 0.5366, actual_pos: 53.7%, pred_pos: 100.0%)
  Collapse penalty: 0.000000 (threshold: 0.005000)
  Regime distribution: {'regime_0_fraction': 1.0, 'regime_1_fraction': 0.0}
  Regime gates: {'mean': 0.3670607805252075, 'std': 0.0002125177124980837, 'min': 0.3668542504310608, 'max': 0.36726731061935425}
  Saved validation predictions to: experiments/07c_regime_attention_ablations/rolling_preinit/fold_2017/collapse_monitoring/val_predictions_epoch86.npy
  Gradient norms:
    lstm_encoder: 0.018130
    lstm_decoder: 0.013859
    output_layer: 0.409217
  Regime gate grads (epoch avg): tensor([[ 0.0348,  0.0320],
        [-0.2410, -0.2596]])
  VSN output std:
    encoder: 0.194182
  Attention entropy: 2.483393
  Regime attention gates: [[0.3668542504310608, 0.36726731061935425], [0.64067542552948, 0.6407197713851929]]
  Saved to: experiments/07c_regime_attention_ablations/rolling_preinit/fold_2017/collapse_monitoring/collapse_monitor_latest.json
[DEBUG CollapseMonitor] on_validation_epoch_start called for epoch 87
[DEBUG CollapseMonitor] reset_temporal_state() called on loss function
Epoch 87: val_loss=0.6020070314407349
Epoch 87: train_loss=1.0126798152923584

[CollapseMonitor] Epoch 87
  [DEBUG] Processed 3 batches from val_dataloader
  [DEBUG] Predictions shape after concat: (41,)
  [DEBUG] All predictions list length: 3
  [DEBUG] First batch shape: (16,)
  Pred std: 0.010497, range: 0.040974, mean: 0.211050
  Pos: 100.0%, Neg: 0.0%, Unique: 41
  Dir Acc: 53.66%, Pred Sharpe: 319.1792
  Composite: 0.4123 (dist_match: 0.5366, actual_pos: 53.7%, pred_pos: 100.0%)
  Collapse penalty: 0.000000 (threshold: 0.005000)
  Regime distribution: {'regime_0_fraction': 1.0, 'regime_1_fraction': 0.0}
  Regime gates: {'mean': 0.3670429289340973, 'std': 0.00021512435341719538, 'min': 0.3668338358402252, 'max': 0.3672519624233246}
  Saved validation predictions to: experiments/07c_regime_attention_ablations/rolling_preinit/fold_2017/collapse_monitoring/val_predictions_epoch87.npy
  Gradient norms:
    lstm_encoder: 0.019175
    lstm_decoder: 0.014830
    output_layer: 0.429883
  Regime gate grads (epoch avg): tensor([[ 0.0695,  0.0623],
        [-0.1782, -0.1829]])
  VSN output std:
    encoder: 0.193679
  Attention entropy: 2.483423
  Regime attention gates: [[0.3668338358402252, 0.3672519624233246], [0.6407222747802734, 0.6407742500305176]]
  Saved to: experiments/07c_regime_attention_ablations/rolling_preinit/fold_2017/collapse_monitoring/collapse_monitor_latest.json
[DEBUG CollapseMonitor] on_validation_epoch_start called for epoch 88
[DEBUG CollapseMonitor] reset_temporal_state() called on loss function
Epoch 88: val_loss=0.6020199060440063
Epoch 88: train_loss=1.0233502388000488

[CollapseMonitor] Epoch 88
  [DEBUG] Processed 3 batches from val_dataloader
  [DEBUG] Predictions shape after concat: (41,)
  [DEBUG] All predictions list length: 3
  [DEBUG] First batch shape: (16,)
  Pred std: 0.010436, range: 0.040598, mean: 0.217993
  Pos: 100.0%, Neg: 0.0%, Unique: 41
  Dir Acc: 53.66%, Pred Sharpe: 331.5867
  Composite: 0.4123 (dist_match: 0.5366, actual_pos: 53.7%, pred_pos: 100.0%)
  Collapse penalty: 0.000000 (threshold: 0.005000)
  Regime distribution: {'regime_0_fraction': 1.0, 'regime_1_fraction': 0.0}
  Regime gates: {'mean': 0.367009699344635, 'std': 0.0002171943342546001, 'min': 0.36679860949516296, 'max': 0.36722075939178467}
  Saved validation predictions to: experiments/07c_regime_attention_ablations/rolling_preinit/fold_2017/collapse_monitoring/val_predictions_epoch88.npy
  Gradient norms:
    lstm_encoder: 0.019327
    lstm_decoder: 0.014915
    output_layer: 0.427504
  Regime gate grads (epoch avg): tensor([[ 0.0854,  0.0720],
        [-0.1955, -0.2386]])
  VSN output std:
    encoder: 0.193496
  Attention entropy: 2.483402
  Regime attention gates: [[0.36679860949516296, 0.36722075939178467], [0.6407594680786133, 0.6408205628395081]]
  Saved to: experiments/07c_regime_attention_ablations/rolling_preinit/fold_2017/collapse_monitoring/collapse_monitor_latest.json
[DEBUG CollapseMonitor] on_validation_epoch_start called for epoch 89
[DEBUG CollapseMonitor] reset_temporal_state() called on loss function
Epoch 89: val_loss=0.6016660928726196
Epoch 89: train_loss=1.0255029201507568

[CollapseMonitor] Epoch 89
  [DEBUG] Processed 3 batches from val_dataloader
  [DEBUG] Predictions shape after concat: (41,)
  [DEBUG] All predictions list length: 3
  [DEBUG] First batch shape: (16,)
  Pred std: 0.010389, range: 0.040188, mean: 0.209557
  Pos: 100.0%, Neg: 0.0%, Unique: 41
  Dir Acc: 53.66%, Pred Sharpe: 320.2125
  Composite: 0.4123 (dist_match: 0.5366, actual_pos: 53.7%, pred_pos: 100.0%)
  Collapse penalty: 0.000000 (threshold: 0.005000)
  Regime distribution: {'regime_0_fraction': 1.0, 'regime_1_fraction': 0.0}
  Regime gates: {'mean': 0.36699867248535156, 'std': 0.00021866631868761033, 'min': 0.3667861819267273, 'max': 0.3672111928462982}
  Saved validation predictions to: experiments/07c_regime_attention_ablations/rolling_preinit/fold_2017/collapse_monitoring/val_predictions_epoch89.npy
  Gradient norms:
    lstm_encoder: 0.017207
    lstm_decoder: 0.012933
    output_layer: 0.360402
  Regime gate grads (epoch avg): tensor([[ 0.0431,  0.0490],
        [-0.2778, -0.2346]])
  VSN output std:
    encoder: 0.193307
  Attention entropy: 2.483425
  Regime attention gates: [[0.3667861819267273, 0.3672111928462982], [0.6408175230026245, 0.6408777832984924]]
  Saved to: experiments/07c_regime_attention_ablations/rolling_preinit/fold_2017/collapse_monitoring/collapse_monitor_latest.json
[DEBUG CollapseMonitor] on_validation_epoch_start called for epoch 90
[DEBUG CollapseMonitor] reset_temporal_state() called on loss function
Epoch 90: val_loss=0.6014765501022339
Epoch 90: train_loss=1.0013805627822876

[CollapseMonitor] Epoch 90
  [DEBUG] Processed 3 batches from val_dataloader
  [DEBUG] Predictions shape after concat: (41,)
  [DEBUG] All predictions list length: 3
  [DEBUG] First batch shape: (16,)
  Pred std: 0.010391, range: 0.040012, mean: 0.207800
  Pos: 100.0%, Neg: 0.0%, Unique: 41
  Dir Acc: 53.66%, Pred Sharpe: 317.4456
  Composite: 0.4123 (dist_match: 0.5366, actual_pos: 53.7%, pred_pos: 100.0%)
  Collapse penalty: 0.000000 (threshold: 0.005000)
  Regime distribution: {'regime_0_fraction': 1.0, 'regime_1_fraction': 0.0}
  Regime gates: {'mean': 0.36697918176651, 'std': 0.0002188963262597099, 'min': 0.36676642298698425, 'max': 0.367191880941391}
  Saved validation predictions to: experiments/07c_regime_attention_ablations/rolling_preinit/fold_2017/collapse_monitoring/val_predictions_epoch90.npy
  Gradient norms:
    lstm_encoder: 0.017640
    lstm_decoder: 0.014397
    output_layer: 0.427935
  Regime gate grads (epoch avg): tensor([[-0.0011,  0.0103],
        [-0.2298, -0.2555]])
  VSN output std:
    encoder: 0.193062
  Attention entropy: 2.483416
  Regime attention gates: [[0.36676642298698425, 0.367191880941391], [0.6408774852752686, 0.640939474105835]]
  Saved to: experiments/07c_regime_attention_ablations/rolling_preinit/fold_2017/collapse_monitoring/collapse_monitor_latest.json
[DEBUG CollapseMonitor] on_validation_epoch_start called for epoch 91
[DEBUG CollapseMonitor] reset_temporal_state() called on loss function
Epoch 91: val_loss=0.6012730598449707
Epoch 91: train_loss=1.001455545425415

[CollapseMonitor] Epoch 91
  [DEBUG] Processed 3 batches from val_dataloader
  [DEBUG] Predictions shape after concat: (41,)
  [DEBUG] All predictions list length: 3
  [DEBUG] First batch shape: (16,)
  Pred std: 0.010364, range: 0.039692, mean: 0.206968
  Pos: 100.0%, Neg: 0.0%, Unique: 41
  Dir Acc: 53.66%, Pred Sharpe: 317.0074
  Composite: 0.4123 (dist_match: 0.5366, actual_pos: 53.7%, pred_pos: 100.0%)
  Collapse penalty: 0.000000 (threshold: 0.005000)
  Regime distribution: {'regime_0_fraction': 1.0, 'regime_1_fraction': 0.0}
  Regime gates: {'mean': 0.36696657538414, 'std': 0.0002191569801652804, 'min': 0.36675354838371277, 'max': 0.3671795129776001}
  Saved validation predictions to: experiments/07c_regime_attention_ablations/rolling_preinit/fold_2017/collapse_monitoring/val_predictions_epoch91.npy
  Gradient norms:
    lstm_encoder: 0.019257
    lstm_decoder: 0.014750
    output_layer: 0.406482
  Regime gate grads (epoch avg): tensor([[ 0.0498,  0.0476],
        [-0.1883, -0.1832]])
  VSN output std:
    encoder: 0.193002
  Attention entropy: 2.483413
  Regime attention gates: [[0.36675354838371277, 0.3671795129776001], [0.6409209370613098, 0.6409853100776672]]
  Saved to: experiments/07c_regime_attention_ablations/rolling_preinit/fold_2017/collapse_monitoring/collapse_monitor_latest.json
[DEBUG CollapseMonitor] on_validation_epoch_start called for epoch 92
[DEBUG CollapseMonitor] reset_temporal_state() called on loss function
Epoch 92: val_loss=0.6011989116668701
Epoch 92: train_loss=1.0242136716842651

[CollapseMonitor] Epoch 92
  [DEBUG] Processed 3 batches from val_dataloader
  [DEBUG] Predictions shape after concat: (41,)
  [DEBUG] All predictions list length: 3
  [DEBUG] First batch shape: (16,)
  Pred std: 0.010305, range: 0.039454, mean: 0.200896
  Pos: 100.0%, Neg: 0.0%, Unique: 40
  Dir Acc: 53.66%, Pred Sharpe: 309.4656
  Composite: 0.4123 (dist_match: 0.5366, actual_pos: 53.7%, pred_pos: 100.0%)
  Collapse penalty: 0.000000 (threshold: 0.005000)
  Regime distribution: {'regime_0_fraction': 1.0, 'regime_1_fraction': 0.0}
  Regime gates: {'mean': 0.3669498860836029, 'std': 0.0002208129590144381, 'min': 0.3667352497577667, 'max': 0.3671644330024719}
  Saved validation predictions to: experiments/07c_regime_attention_ablations/rolling_preinit/fold_2017/collapse_monitoring/val_predictions_epoch92.npy
  Gradient norms:
    lstm_encoder: 0.018941
    lstm_decoder: 0.015203
    output_layer: 0.434541
  Regime gate grads (epoch avg): tensor([[ 0.0548,  0.0350],
        [-0.1894, -0.1749]])
  VSN output std:
    encoder: 0.193154
  Attention entropy: 2.483463
  Regime attention gates: [[0.3667352497577667, 0.3671644330024719], [0.6409590244293213, 0.6410227417945862]]
  Saved to: experiments/07c_regime_attention_ablations/rolling_preinit/fold_2017/collapse_monitoring/collapse_monitor_latest.json
[DEBUG CollapseMonitor] on_validation_epoch_start called for epoch 93
[DEBUG CollapseMonitor] reset_temporal_state() called on loss function
Epoch 93: val_loss=0.6013277769088745
Epoch 93: train_loss=1.018894076347351

[CollapseMonitor] Epoch 93
  [DEBUG] Processed 3 batches from val_dataloader
  [DEBUG] Predictions shape after concat: (41,)
  [DEBUG] All predictions list length: 3
  [DEBUG] First batch shape: (16,)
  Pred std: 0.010237, range: 0.038977, mean: 0.205995
  Pos: 100.0%, Neg: 0.0%, Unique: 41
  Dir Acc: 53.66%, Pred Sharpe: 319.4263
  Composite: 0.4123 (dist_match: 0.5366, actual_pos: 53.7%, pred_pos: 100.0%)
  Collapse penalty: 0.000000 (threshold: 0.005000)
  Regime distribution: {'regime_0_fraction': 1.0, 'regime_1_fraction': 0.0}
  Regime gates: {'mean': 0.3669276833534241, 'std': 0.00022110428835731, 'min': 0.3667128086090088, 'max': 0.36714255809783936}
  Saved validation predictions to: experiments/07c_regime_attention_ablations/rolling_preinit/fold_2017/collapse_monitoring/val_predictions_epoch93.npy
  Gradient norms:
    lstm_encoder: 0.018526
    lstm_decoder: 0.014479
    output_layer: 0.418177
  Regime gate grads (epoch avg): tensor([[ 0.0491,  0.0609],
        [-0.1534, -0.1695]])
  VSN output std:
    encoder: 0.193066
  Attention entropy: 2.483470
  Regime attention gates: [[0.3667128086090088, 0.36714255809783936], [0.6409944295883179, 0.6410605907440186]]
  Saved to: experiments/07c_regime_attention_ablations/rolling_preinit/fold_2017/collapse_monitoring/collapse_monitor_latest.json
[DEBUG CollapseMonitor] on_validation_epoch_start called for epoch 94
[DEBUG CollapseMonitor] reset_temporal_state() called on loss function
Epoch 94: val_loss=0.6011330485343933
Epoch 94: train_loss=1.0084677934646606

[CollapseMonitor] Epoch 94
  [DEBUG] Processed 3 batches from val_dataloader
  [DEBUG] Predictions shape after concat: (41,)
  [DEBUG] All predictions list length: 3
  [DEBUG] First batch shape: (16,)
  Pred std: 0.010087, range: 0.038262, mean: 0.207028
  Pos: 100.0%, Neg: 0.0%, Unique: 41
  Dir Acc: 53.66%, Pred Sharpe: 325.7967
  Composite: 0.4123 (dist_match: 0.5366, actual_pos: 53.7%, pred_pos: 100.0%)
  Collapse penalty: 0.000000 (threshold: 0.005000)
  Regime distribution: {'regime_0_fraction': 1.0, 'regime_1_fraction': 0.0}
  Regime gates: {'mean': 0.36692094802856445, 'std': 0.00022041428019292653, 'min': 0.3667067289352417, 'max': 0.3671351373195648}
  Saved validation predictions to: experiments/07c_regime_attention_ablations/rolling_preinit/fold_2017/collapse_monitoring/val_predictions_epoch94.npy
  Gradient norms:
    lstm_encoder: 0.018488
    lstm_decoder: 0.014699
    output_layer: 0.410683
  Regime gate grads (epoch avg): tensor([[ 0.0292,  0.0305],
        [-0.1837, -0.1963]])
  VSN output std:
    encoder: 0.193016
  Attention entropy: 2.483487
  Regime attention gates: [[0.3667067289352417, 0.3671351373195648], [0.6410368084907532, 0.6411055326461792]]
  Saved to: experiments/07c_regime_attention_ablations/rolling_preinit/fold_2017/collapse_monitoring/collapse_monitor_latest.json
[DEBUG CollapseMonitor] on_validation_epoch_start called for epoch 95
[DEBUG CollapseMonitor] reset_temporal_state() called on loss function
Epoch 95: val_loss=0.6005865335464478
Epoch 95: train_loss=1.0252605676651

[CollapseMonitor] Epoch 95
  [DEBUG] Processed 3 batches from val_dataloader
  [DEBUG] Predictions shape after concat: (41,)
  [DEBUG] All predictions list length: 3
  [DEBUG] First batch shape: (16,)
  Pred std: 0.010094, range: 0.038106, mean: 0.210014
  Pos: 100.0%, Neg: 0.0%, Unique: 41
  Dir Acc: 53.66%, Pred Sharpe: 330.2850
  Composite: 0.4123 (dist_match: 0.5366, actual_pos: 53.7%, pred_pos: 100.0%)
  Collapse penalty: 0.000000 (threshold: 0.005000)
  Regime distribution: {'regime_0_fraction': 1.0, 'regime_1_fraction': 0.0}
  Regime gates: {'mean': 0.36689209938049316, 'std': 0.00022121162328403443, 'min': 0.3666771352291107, 'max': 0.367107093334198}
  Saved validation predictions to: experiments/07c_regime_attention_ablations/rolling_preinit/fold_2017/collapse_monitoring/val_predictions_epoch95.npy
  Gradient norms:
    lstm_encoder: 0.017718
    lstm_decoder: 0.013779
    output_layer: 0.411607
  Regime gate grads (epoch avg): tensor([[ 0.0793,  0.0646],
        [-0.1889, -0.2013]])
  VSN output std:
    encoder: 0.192960
  Attention entropy: 2.483475
  Regime attention gates: [[0.3666771352291107, 0.367107093334198], [0.6410717368125916, 0.6411440372467041]]
  Saved to: experiments/07c_regime_attention_ablations/rolling_preinit/fold_2017/collapse_monitoring/collapse_monitor_latest.json
[DEBUG CollapseMonitor] on_validation_epoch_start called for epoch 96
[DEBUG CollapseMonitor] reset_temporal_state() called on loss function
Epoch 96: val_loss=0.6002236604690552
Epoch 96: train_loss=1.0064008235931396

[CollapseMonitor] Epoch 96
  [DEBUG] Processed 3 batches from val_dataloader
  [DEBUG] Predictions shape after concat: (41,)
  [DEBUG] All predictions list length: 3
  [DEBUG] First batch shape: (16,)
  Pred std: 0.010102, range: 0.037728, mean: 0.207785
  Pos: 100.0%, Neg: 0.0%, Unique: 41
  Dir Acc: 53.66%, Pred Sharpe: 326.5124
  Composite: 0.4123 (dist_match: 0.5366, actual_pos: 53.7%, pred_pos: 100.0%)
  Collapse penalty: 0.000000 (threshold: 0.005000)
  Regime distribution: {'regime_0_fraction': 1.0, 'regime_1_fraction': 0.0}
  Regime gates: {'mean': 0.3668709993362427, 'std': 0.0002253055718028918, 'min': 0.3666520118713379, 'max': 0.3670899271965027}
  Saved validation predictions to: experiments/07c_regime_attention_ablations/rolling_preinit/fold_2017/collapse_monitoring/val_predictions_epoch96.npy
  Gradient norms:
    lstm_encoder: 0.018648
    lstm_decoder: 0.014531
    output_layer: 0.414082
  Regime gate grads (epoch avg): tensor([[ 0.0852,  0.0608],
        [-0.2351, -0.1871]])
  VSN output std:
    encoder: 0.192740
  Attention entropy: 2.483473
  Regime attention gates: [[0.3666520118713379, 0.3670899271965027], [0.6411224007606506, 0.641190767288208]]
  Saved to: experiments/07c_regime_attention_ablations/rolling_preinit/fold_2017/collapse_monitoring/collapse_monitor_latest.json
[DEBUG CollapseMonitor] on_validation_epoch_start called for epoch 97
[DEBUG CollapseMonitor] reset_temporal_state() called on loss function
Epoch 97: val_loss=0.5999984741210938
Epoch 97: train_loss=1.0127614736557007

[CollapseMonitor] Epoch 97
  [DEBUG] Processed 3 batches from val_dataloader
  [DEBUG] Predictions shape after concat: (41,)
  [DEBUG] All predictions list length: 3
  [DEBUG] First batch shape: (16,)
  Pred std: 0.010122, range: 0.037501, mean: 0.204615
  Pos: 100.0%, Neg: 0.0%, Unique: 41
  Dir Acc: 53.66%, Pred Sharpe: 320.9131
  Composite: 0.4123 (dist_match: 0.5366, actual_pos: 53.7%, pred_pos: 100.0%)
  Collapse penalty: 0.000000 (threshold: 0.005000)
  Regime distribution: {'regime_0_fraction': 1.0, 'regime_1_fraction': 0.0}
  Regime gates: {'mean': 0.3668490946292877, 'std': 0.0002301201893715188, 'min': 0.36662548780441284, 'max': 0.3670727610588074}
  Saved validation predictions to: experiments/07c_regime_attention_ablations/rolling_preinit/fold_2017/collapse_monitoring/val_predictions_epoch97.npy
  Gradient norms:
    lstm_encoder: 0.018585
    lstm_decoder: 0.015103
    output_layer: 0.423386
  Regime gate grads (epoch avg): tensor([[ 0.0577,  0.0380],
        [-0.1955, -0.1921]])
  VSN output std:
    encoder: 0.192352
  Attention entropy: 2.483444
  Regime attention gates: [[0.36662548780441284, 0.3670727610588074], [0.6411678791046143, 0.6412325501441956]]
  Saved to: experiments/07c_regime_attention_ablations/rolling_preinit/fold_2017/collapse_monitoring/collapse_monitor_latest.json
[DEBUG CollapseMonitor] on_validation_epoch_start called for epoch 98
[DEBUG CollapseMonitor] reset_temporal_state() called on loss function
Epoch 98: val_loss=0.5997658967971802
Epoch 98: train_loss=1.0211703777313232

[CollapseMonitor] Epoch 98
  [DEBUG] Processed 3 batches from val_dataloader
  [DEBUG] Predictions shape after concat: (41,)
  [DEBUG] All predictions list length: 3
  [DEBUG] First batch shape: (16,)
  Pred std: 0.010110, range: 0.037190, mean: 0.201390
  Pos: 100.0%, Neg: 0.0%, Unique: 41
  Dir Acc: 53.66%, Pred Sharpe: 316.2210
  Composite: 0.4123 (dist_match: 0.5366, actual_pos: 53.7%, pred_pos: 100.0%)
  Collapse penalty: 0.000000 (threshold: 0.005000)
  Regime distribution: {'regime_0_fraction': 1.0, 'regime_1_fraction': 0.0}
  Regime gates: {'mean': 0.36682599782943726, 'std': 0.00022959886700846255, 'min': 0.3666028678417206, 'max': 0.36704912781715393}
  Saved validation predictions to: experiments/07c_regime_attention_ablations/rolling_preinit/fold_2017/collapse_monitoring/val_predictions_epoch98.npy
  Gradient norms:
    lstm_encoder: 0.018943
    lstm_decoder: 0.014342
    output_layer: 0.420011
  Regime gate grads (epoch avg): tensor([[ 0.0615,  0.0765],
        [-0.1956, -0.2292]])
  VSN output std:
    encoder: 0.192212
  Attention entropy: 2.483438
  Regime attention gates: [[0.3666028678417206, 0.36704912781715393], [0.6412209868431091, 0.6412879228591919]]
  Saved to: experiments/07c_regime_attention_ablations/rolling_preinit/fold_2017/collapse_monitoring/collapse_monitor_latest.json
[DEBUG CollapseMonitor] on_validation_epoch_start called for epoch 99
[DEBUG CollapseMonitor] reset_temporal_state() called on loss function
Epoch 99: val_loss=0.5995706915855408
Epoch 99: train_loss=1.0252095460891724

[CollapseMonitor] Epoch 99
  [DEBUG] Processed 3 batches from val_dataloader
  [DEBUG] Predictions shape after concat: (41,)
  [DEBUG] All predictions list length: 3
  [DEBUG] First batch shape: (16,)
  Pred std: 0.010101, range: 0.036859, mean: 0.193992
  Pos: 100.0%, Neg: 0.0%, Unique: 41
  Dir Acc: 53.66%, Pred Sharpe: 304.8777
  Composite: 0.4123 (dist_match: 0.5366, actual_pos: 53.7%, pred_pos: 100.0%)
  Collapse penalty: 0.000000 (threshold: 0.005000)
  Regime distribution: {'regime_0_fraction': 1.0, 'regime_1_fraction': 0.0}
  Regime gates: {'mean': 0.3668108582496643, 'std': 0.0002283262147102505, 'min': 0.3665889501571655, 'max': 0.3670327365398407}
  Saved validation predictions to: experiments/07c_regime_attention_ablations/rolling_preinit/fold_2017/collapse_monitoring/val_predictions_epoch99.npy
  Gradient norms:
    lstm_encoder: 0.018398
    lstm_decoder: 0.014039
    output_layer: 0.388713
  Regime gate grads (epoch avg): tensor([[ 0.0393,  0.0353],
        [-0.2098, -0.2309]])
  VSN output std:
    encoder: 0.191858
  Attention entropy: 2.483451
  Regime attention gates: [[0.3665889501571655, 0.3670327365398407], [0.6412690281867981, 0.6413446068763733]]
  Saved to: experiments/07c_regime_attention_ablations/rolling_preinit/fold_2017/collapse_monitoring/collapse_monitor_latest.json
Final gate values: tensor([[0.3666, 0.3670],
        [0.6413, 0.6413]], grad_fn=<SigmoidBackward0>)


======================================================================
Training complete
======================================================================

Best val_loss checkpoint: experiments/07c_regime_attention_ablations/rolling_preinit/fold_2017/checkpoints/tft-epoch=epoch=99-valloss=val_loss=0.5996-v1.ckpt
Best validation loss: 0.599571
Checkpoints saved:
  - Best val_loss: experiments/07c_regime_attention_ablations/rolling_preinit/fold_2017/checkpoints/tft-epoch=epoch=99-valloss=val_loss=0.5996-v1.ckpt
  - Best pred_std: experiments/07c_regime_attention_ablations/rolling_preinit/fold_2017/checkpoints/tft-epoch=epoch=02-predstd=val_pred_std=0.0156-v1.ckpt
  - Best unique: experiments/07c_regime_attention_ablations/rolling_preinit/fold_2017/checkpoints/tft-epoch=epoch=00-unique=val_num_unique=41-v1.ckpt
  - Best dir_acc: experiments/07c_regime_attention_ablations/rolling_preinit/fold_2017/checkpoints/tft-epoch=epoch=00-diracc=val_dir_acc=0.5366-v1.ckpt
  - Best sharpe: experiments/07c_regime_attention_ablations/rolling_preinit/fold_2017/checkpoints/tft-epoch=epoch=00-sharpe=val_sharpe=535.8331-v1.ckpt
  - Best composite: experiments/07c_regime_attention_ablations/rolling_preinit/fold_2017/checkpoints/tft-epoch=epoch=00-composite=val_composite=0.4123-v1.ckpt
Completed at: 2025-12-03 17:29:02
Log saved to: experiments/07c_regime_attention_ablations/rolling_preinit/fold_2017/training_20251203_172220.log
======================================================================
