{
  "evaluation_timestamp": "2025-10-27T12:05:47.751963",
  "statistical_metrics": {
    "mse": 1.178240180015564,
    "rmse": 1.0854676961898804,
    "mae": 0.7733569145202637,
    "mape": 169.93954181671143,
    "r2": -0.001256108283996582,
    "mean_error": -0.011716073378920555,
    "std_error": 1.0854045152664185
  },
  "financial_metrics": {
    "directional_accuracy": 0.53671875,
    "sharpe_ratio": 0.8329736080938573,
    "max_drawdown": -0.2524605989456177,
    "total_return": 0.9216080904006958,
    "hit_rate": 0.53671875,
    "num_trades": 1280,
    "precision": 0.53671875,
    "recall": 1.0,
    "f1_score": 0.6985256736146417,
    "confusion_matrix": [
      [
        0,
        593
      ],
      [
        0,
        687
      ]
    ],
    "auc_roc": 0.5066889057441132,
    "alpha": 0.0
  },
  "residual_diagnostics": {
    "normality_p_value": 4.435482229002424e-40,
    "acf_lag1": -0.03494549873828703,
    "skewness": 0.10180601899759388,
    "kurtosis": 6.481232759583426
  },
  "mode_stats": {
    "healthy_days": 29,
    "degraded_days": 1,
    "unidirectional_days": 767,
    "weak_collapse_days": 483,
    "strong_collapse_days": 0,
    "total_days": 1280,
    "healthy_pct": 2.265625,
    "degraded_pct": 0.078125,
    "unidirectional_pct": 59.921875,
    "weak_collapse_pct": 37.734375,
    "strong_collapse_pct": 0.0
  },
  "collapse_detected": true,
  "degradation_detected": true,
  "checkpoint_used": "experiments/01_staleness_features_fixed/sweep_stale_h22_drop0.35_lr3/checkpoints/tft-epoch=03-val_loss=0.1329.ckpt"
}