{
  "evaluation_timestamp": "2025-10-22T23:17:05.565025",
  "statistical_metrics": {
    "mse": 1.178240180015564,
    "rmse": 1.0854676961898804,
    "mae": 0.7733569741249084,
    "mape": 169.93944644927979,
    "r2": -0.001256108283996582,
    "mean_error": -0.011715954169631004,
    "std_error": 1.0854045152664185
  },
  "financial_metrics": {
    "directional_accuracy": 0.53671875,
    "sharpe_ratio": 0.8329736080938573,
    "max_drawdown": -0.2524605989456177,
    "total_return": 0.9216080904006958,
    "hit_rate": 0.53671875,
    "num_trades": 1280,
    "precision": 0.53671875,
    "recall": 1.0,
    "f1_score": 0.6985256736146417,
    "confusion_matrix": [
      [
        0,
        593
      ],
      [
        0,
        687
      ]
    ],
    "auc_roc": 0.5066852237776485,
    "alpha": 0.0
  },
  "residual_diagnostics": {
    "normality_p_value": 4.435481104835477e-40,
    "acf_lag1": -0.03494549930608548,
    "skewness": 0.10180603065079309,
    "kurtosis": 6.481232759583426
  },
  "checkpoint_used": "experiments/sweep_stale_h22_drop0.35_lr3/checkpoints/tft-epoch=03-val_loss=0.1329.ckpt"
}