
[INFO] Using AUTO device selection.

[INFO] Patched matplotlib.Axes.errorbar to abs() negative yerr for robustness.
======================================================================
Training TFT: 12c_h1_rolling/market_only_daily_h1_d025/fold_2019
======================================================================
Logging to: experiments/12c_h1_rolling/market_only_daily_h1_d025/fold_2019/training_20251214_035537.log
Started at: 2025-12-14 03:55:37
======================================================================

Loading data splits...
Train: 2469 samples
Val: 219 samples
Test: 220 samples

Preparing TimeSeriesDataSet...

Final features for TFT: ['SP500_Returns', 'VIX', 'Treasury_10Y', 'Yield_Spread', 'SP500_Volatility', 'cumret_5', 'cumret_10', 'cumret_20', 'cumret_30']

======================================================================
FEATURE STATISTICS - BEFORE NORMALIZATION
======================================================================
VIX                             mean= 20.1807  std=  9.9428  min=  9.1400  max= 80.8600
Treasury_10Y                    mean=  2.5956  std=  0.7028  min=  1.3700  max=  4.2700
Yield_Spread                    mean=  1.7983  std=  0.5878  min=  0.6500  max=  2.9100
SP500_Volatility                mean=  1.0451  std=  0.7416  min=  0.2092  max=  5.0287

======================================================================
TARGET CONFIGURATION
======================================================================
Target variable: SP500_Returns
  Mode: Point return prediction (single-step)
  Target stats: mean=0.0254, std=1.2732
  Dropping unused cumret columns: ['cumret_5', 'cumret_10', 'cumret_20', 'cumret_30']
======================================================================

======================================================================
FEATURES AFTER GROUPNORMALIZER (first batch, last timestep)
======================================================================
VIX                             normalized_value=  1.0000
Treasury_10Y                    normalized_value= -0.0500
Yield_Spread                    normalized_value=  2.4625
SP500_Volatility                normalized_value=  0.5470
======================================================================

Configuration saved to: experiments/12c_h1_rolling/market_only_daily_h1_d025/fold_2019/config.json
[DEBUG] VIX train values: [23.17 22.49 23.94 23.79 25.43]
[DEBUG] VIX val values: [9.77 9.15 9.22 9.22 9.52]
Batches per epoch: 38
[DEBUG] Validation batches: 4
[DEBUG] Validation dataset size: 199
[DEBUG] Batch size: 64

Initializing model...

Quantile configuration: 7q
  Quantiles: [0.02, 0.1, 0.25, 0.5, 0.75, 0.9, 0.98]
  Output size: 7
  Median index: 3

Using standard QuantileLoss (no penalties)

[REGIME OUTPUT] Disabled (using baseline output layer)

[STALENESS ATTENTION] Disabled

================================================================================
BASELINE MODEL FEATURE CONFIGURATION (after from_dataset)
================================================================================
tft.hparams.time_varying_reals_encoder: ['relative_time_idx', 'VIX', 'Treasury_10Y', 'Yield_Spread', 'SP500_Volatility']
  Count: 5

tft.hparams.time_varying_reals_decoder: ['relative_time_idx']
  Count: 1

tft.hparams.x_reals (all reals passed to model): ['encoder_length', 'relative_time_idx', 'VIX', 'Treasury_10Y', 'Yield_Spread', 'SP500_Volatility']
  Count: 6

Encoder VSN configuration:
  num_inputs: 5
  input_sizes: {'relative_time_idx': 16, 'VIX': 16, 'Treasury_10Y': 16, 'Yield_Spread': 16, 'SP500_Volatility': 16}
  flattened_grn.fc1: in_features=80, out_features=5
  -> Params in fc1: 400 (should be 5*16*5=400 if 5 features)
================================================================================

Model parameters: 22,615

Starting training...
Checkpoints will be saved to: experiments/12c_h1_rolling/market_only_daily_h1_d025/fold_2019/checkpoints/
Logs will be saved to: experiments/12c_h1_rolling/market_only_daily_h1_d025/fold_2019/logs/

[DEBUG CollapseMonitor] on_validation_epoch_start called for epoch 0
[DEBUG CollapseMonitor] reset_temporal_state() called on loss function
Epoch 0: val_loss=N/A
[DEBUG CollapseMonitor] on_validation_epoch_start called for epoch 0
[DEBUG CollapseMonitor] reset_temporal_state() called on loss function
Epoch 0: val_loss=0.6575992703437805
Epoch 0: train_loss=0.7778168320655823

[CollapseMonitor] Epoch 0
  [DEBUG] Processed 4 batches from val_dataloader
  [DEBUG] Predictions shape after concat: (199,)
  Pred std: 0.004286, range: 0.016276, mean: 0.066068
  Pos: 100.0%, Neg: 0.0%, Unique: 197
  Dir Acc: 52.26%, Pred Sharpe: 244.6860
  Composite: 0.3979 (dist_match: 0.5226, actual_pos: 52.3%, pred_pos: 100.0%)
  Collapse penalty: 0.000000 (threshold: 0.005000)
  Saved validation predictions to: experiments/12c_h1_rolling/market_only_daily_h1_d025/fold_2019/collapse_monitoring/val_predictions_epoch0.npy
  Gradient norms:
    lstm_encoder: 0.010186
    lstm_decoder: 0.016108
    output_layer: 0.734449
  VSN output std:
    encoder: 0.243689
  Attention entropy: 2.992524
  Saved to: experiments/12c_h1_rolling/market_only_daily_h1_d025/fold_2019/collapse_monitoring/collapse_monitor_latest.json
[DEBUG CollapseMonitor] on_validation_epoch_start called for epoch 1
[DEBUG CollapseMonitor] reset_temporal_state() called on loss function
Epoch 1: val_loss=0.5992626547813416
Epoch 1: train_loss=0.741949200630188

[CollapseMonitor] Epoch 1
  [DEBUG] Processed 4 batches from val_dataloader
  [DEBUG] Predictions shape after concat: (199,)
  Pred std: 0.002763, range: 0.010988, mean: 0.026634
  Pos: 100.0%, Neg: 0.0%, Unique: 195
  Dir Acc: 52.26%, Pred Sharpe: 152.9961
  Composite: 0.3979 (dist_match: 0.5226, actual_pos: 52.3%, pred_pos: 100.0%)
  Collapse penalty: 0.000000 (threshold: 0.005000)
  Saved validation predictions to: experiments/12c_h1_rolling/market_only_daily_h1_d025/fold_2019/collapse_monitoring/val_predictions_epoch1.npy
  Gradient norms:
    lstm_encoder: 0.009435
    lstm_decoder: 0.014856
    output_layer: 0.687607
  VSN output std:
    encoder: 0.243917
  Attention entropy: 2.993713
  Saved to: experiments/12c_h1_rolling/market_only_daily_h1_d025/fold_2019/collapse_monitoring/collapse_monitor_latest.json
[DEBUG CollapseMonitor] on_validation_epoch_start called for epoch 2
[DEBUG CollapseMonitor] reset_temporal_state() called on loss function
Epoch 2: val_loss=0.54562908411026
Epoch 2: train_loss=0.6920400857925415

[CollapseMonitor] Epoch 2
  [DEBUG] Processed 4 batches from val_dataloader
  [DEBUG] Predictions shape after concat: (199,)
  Pred std: 0.002967, range: 0.011744, mean: 0.024993
  Pos: 100.0%, Neg: 0.0%, Unique: 198
  Dir Acc: 52.26%, Pred Sharpe: 133.7187
  Composite: 0.3979 (dist_match: 0.5226, actual_pos: 52.3%, pred_pos: 100.0%)
  Collapse penalty: 0.000000 (threshold: 0.005000)
  Saved validation predictions to: experiments/12c_h1_rolling/market_only_daily_h1_d025/fold_2019/collapse_monitoring/val_predictions_epoch2.npy
  Gradient norms:
    lstm_encoder: 0.008615
    lstm_decoder: 0.013103
    output_layer: 0.623340
  VSN output std:
    encoder: 0.244504
  Attention entropy: 2.994604
  Saved to: experiments/12c_h1_rolling/market_only_daily_h1_d025/fold_2019/collapse_monitoring/collapse_monitor_latest.json
[DEBUG CollapseMonitor] on_validation_epoch_start called for epoch 3
[DEBUG CollapseMonitor] reset_temporal_state() called on loss function
Epoch 3: val_loss=0.4933045208454132
Epoch 3: train_loss=0.6408021450042725

[CollapseMonitor] Epoch 3
  [DEBUG] Processed 4 batches from val_dataloader
  [DEBUG] Predictions shape after concat: (199,)
  Pred std: 0.002968, range: 0.011229, mean: 0.017146
  Pos: 100.0%, Neg: 0.0%, Unique: 197
  Dir Acc: 52.26%, Pred Sharpe: 91.7208
  Composite: 0.3979 (dist_match: 0.5226, actual_pos: 52.3%, pred_pos: 100.0%)
  Collapse penalty: 0.000000 (threshold: 0.005000)
  Saved validation predictions to: experiments/12c_h1_rolling/market_only_daily_h1_d025/fold_2019/collapse_monitoring/val_predictions_epoch3.npy
  Gradient norms:
    lstm_encoder: 0.007635
    lstm_decoder: 0.010944
    output_layer: 0.536817
  VSN output std:
    encoder: 0.246024
  Attention entropy: 2.995256
  Saved to: experiments/12c_h1_rolling/market_only_daily_h1_d025/fold_2019/collapse_monitoring/collapse_monitor_latest.json
[DEBUG CollapseMonitor] on_validation_epoch_start called for epoch 4
[DEBUG CollapseMonitor] reset_temporal_state() called on loss function
Epoch 4: val_loss=0.4578764736652374
Epoch 4: train_loss=0.5986225008964539

[CollapseMonitor] Epoch 4
  [DEBUG] Processed 4 batches from val_dataloader
  [DEBUG] Predictions shape after concat: (199,)
  Pred std: 0.003485, range: 0.012244, mean: 0.011038
  Pos: 100.0%, Neg: 0.0%, Unique: 199
  Dir Acc: 52.26%, Pred Sharpe: 50.2836
  Composite: 0.3979 (dist_match: 0.5226, actual_pos: 52.3%, pred_pos: 100.0%)
  Collapse penalty: 0.000000 (threshold: 0.005000)
  Saved validation predictions to: experiments/12c_h1_rolling/market_only_daily_h1_d025/fold_2019/collapse_monitoring/val_predictions_epoch4.npy
  Gradient norms:
    lstm_encoder: 0.006295
    lstm_decoder: 0.008237
    output_layer: 0.420518
  VSN output std:
    encoder: 0.248194
  Attention entropy: 2.995299
  Saved to: experiments/12c_h1_rolling/market_only_daily_h1_d025/fold_2019/collapse_monitoring/collapse_monitor_latest.json
[DEBUG CollapseMonitor] on_validation_epoch_start called for epoch 5
[DEBUG CollapseMonitor] reset_temporal_state() called on loss function
Epoch 5: val_loss=0.43875566124916077
Epoch 5: train_loss=0.5623227953910828

[CollapseMonitor] Epoch 5
  [DEBUG] Processed 4 batches from val_dataloader
  [DEBUG] Predictions shape after concat: (199,)
  Pred std: 0.003845, range: 0.013542, mean: 0.002625
  Pos: 67.8%, Neg: 32.2%, Unique: 194
  Dir Acc: 52.26%, Pred Sharpe: 10.8401
  Composite: 0.4819 (dist_match: 0.8442, actual_pos: 52.3%, pred_pos: 67.8%)
  Collapse penalty: 0.000000 (threshold: 0.005000)
  Saved validation predictions to: experiments/12c_h1_rolling/market_only_daily_h1_d025/fold_2019/collapse_monitoring/val_predictions_epoch5.npy
  Gradient norms:
    lstm_encoder: 0.005235
    lstm_decoder: 0.005824
    output_layer: 0.306678
  VSN output std:
    encoder: 0.251903
  Attention entropy: 2.995129
  Saved to: experiments/12c_h1_rolling/market_only_daily_h1_d025/fold_2019/collapse_monitoring/collapse_monitor_latest.json
[DEBUG CollapseMonitor] on_validation_epoch_start called for epoch 6
[DEBUG CollapseMonitor] reset_temporal_state() called on loss function
Epoch 6: val_loss=0.4227107763290405
Epoch 6: train_loss=0.5379869341850281

[CollapseMonitor] Epoch 6
  [DEBUG] Processed 4 batches from val_dataloader
  [DEBUG] Predictions shape after concat: (199,)
  Pred std: 0.004425, range: 0.015132, mean: 0.029434
  Pos: 100.0%, Neg: 0.0%, Unique: 199
  Dir Acc: 52.26%, Pred Sharpe: 105.5973
  Composite: 0.3979 (dist_match: 0.5226, actual_pos: 52.3%, pred_pos: 100.0%)
  Collapse penalty: 0.000000 (threshold: 0.005000)
  Saved validation predictions to: experiments/12c_h1_rolling/market_only_daily_h1_d025/fold_2019/collapse_monitoring/val_predictions_epoch6.npy
  Gradient norms:
    lstm_encoder: 0.004208
    lstm_decoder: 0.004041
    output_layer: 0.218407
  VSN output std:
    encoder: 0.250505
  Attention entropy: 2.995011
  Saved to: experiments/12c_h1_rolling/market_only_daily_h1_d025/fold_2019/collapse_monitoring/collapse_monitor_latest.json
[DEBUG CollapseMonitor] on_validation_epoch_start called for epoch 7
[DEBUG CollapseMonitor] reset_temporal_state() called on loss function
Epoch 7: val_loss=0.4134525954723358
Epoch 7: train_loss=0.5250852704048157

[CollapseMonitor] Epoch 7
  [DEBUG] Processed 4 batches from val_dataloader
  [DEBUG] Predictions shape after concat: (199,)
  Pred std: 0.005032, range: 0.016733, mean: 0.027375
  Pos: 100.0%, Neg: 0.0%, Unique: 199
  Dir Acc: 52.26%, Pred Sharpe: 86.3628
  Composite: 0.3979 (dist_match: 0.5226, actual_pos: 52.3%, pred_pos: 100.0%)
  Collapse penalty: 0.000000 (threshold: 0.005000)
  Saved validation predictions to: experiments/12c_h1_rolling/market_only_daily_h1_d025/fold_2019/collapse_monitoring/val_predictions_epoch7.npy
  Gradient norms:
    lstm_encoder: 0.003665
    lstm_decoder: 0.003606
    output_layer: 0.167782
  VSN output std:
    encoder: 0.247022
  Attention entropy: 2.995007
  Saved to: experiments/12c_h1_rolling/market_only_daily_h1_d025/fold_2019/collapse_monitoring/collapse_monitor_latest.json
[DEBUG CollapseMonitor] on_validation_epoch_start called for epoch 8
[DEBUG CollapseMonitor] reset_temporal_state() called on loss function
Epoch 8: val_loss=0.4097611606121063
Epoch 8: train_loss=0.5164323449134827

[CollapseMonitor] Epoch 8
  [DEBUG] Processed 4 batches from val_dataloader
  [DEBUG] Predictions shape after concat: (199,)
  Pred std: 0.005173, range: 0.016888, mean: 0.022095
  Pos: 100.0%, Neg: 0.0%, Unique: 197
  Dir Acc: 52.26%, Pred Sharpe: 67.7977
  Composite: 0.3979 (dist_match: 0.5226, actual_pos: 52.3%, pred_pos: 100.0%)
  Collapse penalty: 0.000000 (threshold: 0.005000)
  Saved validation predictions to: experiments/12c_h1_rolling/market_only_daily_h1_d025/fold_2019/collapse_monitoring/val_predictions_epoch8.npy
  Gradient norms:
    lstm_encoder: 0.003999
    lstm_decoder: 0.003796
    output_layer: 0.157697
  VSN output std:
    encoder: 0.245121
  Attention entropy: 2.995013
  Saved to: experiments/12c_h1_rolling/market_only_daily_h1_d025/fold_2019/collapse_monitoring/collapse_monitor_latest.json
[DEBUG CollapseMonitor] on_validation_epoch_start called for epoch 9
[DEBUG CollapseMonitor] reset_temporal_state() called on loss function
Epoch 9: val_loss=0.40748515725135803
Epoch 9: train_loss=0.5123445391654968

[CollapseMonitor] Epoch 9
  [DEBUG] Processed 4 batches from val_dataloader
  [DEBUG] Predictions shape after concat: (199,)
  Pred std: 0.005406, range: 0.017508, mean: 0.048597
  Pos: 100.0%, Neg: 0.0%, Unique: 197
  Dir Acc: 52.26%, Pred Sharpe: 142.7018
  Composite: 0.3979 (dist_match: 0.5226, actual_pos: 52.3%, pred_pos: 100.0%)
  Collapse penalty: 0.000000 (threshold: 0.005000)
  Saved validation predictions to: experiments/12c_h1_rolling/market_only_daily_h1_d025/fold_2019/collapse_monitoring/val_predictions_epoch9.npy
  Gradient norms:
    lstm_encoder: 0.003181
    lstm_decoder: 0.003233
    output_layer: 0.133253
  VSN output std:
    encoder: 0.244380
  Attention entropy: 2.995024
  Saved to: experiments/12c_h1_rolling/market_only_daily_h1_d025/fold_2019/collapse_monitoring/collapse_monitor_latest.json
[DEBUG CollapseMonitor] on_validation_epoch_start called for epoch 10
[DEBUG CollapseMonitor] reset_temporal_state() called on loss function
Epoch 10: val_loss=0.4059259593486786
Epoch 10: train_loss=0.508812427520752

[CollapseMonitor] Epoch 10
  [DEBUG] Processed 4 batches from val_dataloader
  [DEBUG] Predictions shape after concat: (199,)
  Pred std: 0.005573, range: 0.017988, mean: 0.038645
  Pos: 100.0%, Neg: 0.0%, Unique: 198
  Dir Acc: 52.26%, Pred Sharpe: 110.0804
  Composite: 0.3979 (dist_match: 0.5226, actual_pos: 52.3%, pred_pos: 100.0%)
  Collapse penalty: 0.000000 (threshold: 0.005000)
  Saved validation predictions to: experiments/12c_h1_rolling/market_only_daily_h1_d025/fold_2019/collapse_monitoring/val_predictions_epoch10.npy
  Gradient norms:
    lstm_encoder: 0.003825
    lstm_decoder: 0.003670
    output_layer: 0.137909
  VSN output std:
    encoder: 0.241823
  Attention entropy: 2.995007
  Saved to: experiments/12c_h1_rolling/market_only_daily_h1_d025/fold_2019/collapse_monitoring/collapse_monitor_latest.json
[DEBUG CollapseMonitor] on_validation_epoch_start called for epoch 11
[DEBUG CollapseMonitor] reset_temporal_state() called on loss function
Epoch 11: val_loss=0.40509042143821716
Epoch 11: train_loss=0.5050418376922607

[CollapseMonitor] Epoch 11
  [DEBUG] Processed 4 batches from val_dataloader
  [DEBUG] Predictions shape after concat: (199,)
  Pred std: 0.005567, range: 0.018118, mean: 0.033595
  Pos: 100.0%, Neg: 0.0%, Unique: 198
  Dir Acc: 52.26%, Pred Sharpe: 95.8030
  Composite: 0.3979 (dist_match: 0.5226, actual_pos: 52.3%, pred_pos: 100.0%)
  Collapse penalty: 0.000000 (threshold: 0.005000)
  Saved validation predictions to: experiments/12c_h1_rolling/market_only_daily_h1_d025/fold_2019/collapse_monitoring/val_predictions_epoch11.npy
  Gradient norms:
    lstm_encoder: 0.003335
    lstm_decoder: 0.003079
    output_layer: 0.115427
  VSN output std:
    encoder: 0.242040
  Attention entropy: 2.994956
  Saved to: experiments/12c_h1_rolling/market_only_daily_h1_d025/fold_2019/collapse_monitoring/collapse_monitor_latest.json
[DEBUG CollapseMonitor] on_validation_epoch_start called for epoch 12
[DEBUG CollapseMonitor] reset_temporal_state() called on loss function
Epoch 12: val_loss=0.404263436794281
Epoch 12: train_loss=0.5042809247970581

[CollapseMonitor] Epoch 12
  [DEBUG] Processed 4 batches from val_dataloader
  [DEBUG] Predictions shape after concat: (199,)
  Pred std: 0.005897, range: 0.019254, mean: 0.031932
  Pos: 100.0%, Neg: 0.0%, Unique: 197
  Dir Acc: 52.26%, Pred Sharpe: 85.9583
  Composite: 0.3979 (dist_match: 0.5226, actual_pos: 52.3%, pred_pos: 100.0%)
  Collapse penalty: 0.000000 (threshold: 0.005000)
  Saved validation predictions to: experiments/12c_h1_rolling/market_only_daily_h1_d025/fold_2019/collapse_monitoring/val_predictions_epoch12.npy
  Gradient norms:
    lstm_encoder: 0.003700
    lstm_decoder: 0.003203
    output_layer: 0.117843
  VSN output std:
    encoder: 0.239815
  Attention entropy: 2.994910
  Saved to: experiments/12c_h1_rolling/market_only_daily_h1_d025/fold_2019/collapse_monitoring/collapse_monitor_latest.json
[DEBUG CollapseMonitor] on_validation_epoch_start called for epoch 13
[DEBUG CollapseMonitor] reset_temporal_state() called on loss function
Epoch 13: val_loss=0.4035041928291321
Epoch 13: train_loss=0.5006488561630249

[CollapseMonitor] Epoch 13
  [DEBUG] Processed 4 batches from val_dataloader
  [DEBUG] Predictions shape after concat: (199,)
  Pred std: 0.006014, range: 0.019574, mean: 0.026465
  Pos: 100.0%, Neg: 0.0%, Unique: 196
  Dir Acc: 52.26%, Pred Sharpe: 69.8629
  Composite: 0.3979 (dist_match: 0.5226, actual_pos: 52.3%, pred_pos: 100.0%)
  Collapse penalty: 0.000000 (threshold: 0.005000)
  Saved validation predictions to: experiments/12c_h1_rolling/market_only_daily_h1_d025/fold_2019/collapse_monitoring/val_predictions_epoch13.npy
  Gradient norms:
    lstm_encoder: 0.003551
    lstm_decoder: 0.003090
    output_layer: 0.110429
  VSN output std:
    encoder: 0.238844
  Attention entropy: 2.994770
  Saved to: experiments/12c_h1_rolling/market_only_daily_h1_d025/fold_2019/collapse_monitoring/collapse_monitor_latest.json
[DEBUG CollapseMonitor] on_validation_epoch_start called for epoch 14
[DEBUG CollapseMonitor] reset_temporal_state() called on loss function
Epoch 14: val_loss=0.4030514061450958
Epoch 14: train_loss=0.4969760477542877

[CollapseMonitor] Epoch 14
  [DEBUG] Processed 4 batches from val_dataloader
  [DEBUG] Predictions shape after concat: (199,)
  Pred std: 0.006582, range: 0.023906, mean: 0.032212
  Pos: 100.0%, Neg: 0.0%, Unique: 197
  Dir Acc: 52.26%, Pred Sharpe: 77.6849
  Composite: 0.3979 (dist_match: 0.5226, actual_pos: 52.3%, pred_pos: 100.0%)
  Collapse penalty: 0.000000 (threshold: 0.005000)
  Saved validation predictions to: experiments/12c_h1_rolling/market_only_daily_h1_d025/fold_2019/collapse_monitoring/val_predictions_epoch14.npy
  Gradient norms:
    lstm_encoder: 0.003523
    lstm_decoder: 0.003072
    output_layer: 0.100012
  VSN output std:
    encoder: 0.235813
  Attention entropy: 2.994650
  Saved to: experiments/12c_h1_rolling/market_only_daily_h1_d025/fold_2019/collapse_monitoring/collapse_monitor_latest.json
[DEBUG CollapseMonitor] on_validation_epoch_start called for epoch 15
[DEBUG CollapseMonitor] reset_temporal_state() called on loss function
Epoch 15: val_loss=0.4027438461780548
Epoch 15: train_loss=0.49913063645362854

[CollapseMonitor] Epoch 15
  [DEBUG] Processed 4 batches from val_dataloader
  [DEBUG] Predictions shape after concat: (199,)
  Pred std: 0.007591, range: 0.030223, mean: 0.015417
  Pos: 100.0%, Neg: 0.0%, Unique: 199
  Dir Acc: 52.26%, Pred Sharpe: 32.2381
  Composite: 0.3979 (dist_match: 0.5226, actual_pos: 52.3%, pred_pos: 100.0%)
  Collapse penalty: 0.000000 (threshold: 0.005000)
  Saved validation predictions to: experiments/12c_h1_rolling/market_only_daily_h1_d025/fold_2019/collapse_monitoring/val_predictions_epoch15.npy
  Gradient norms:
    lstm_encoder: 0.004060
    lstm_decoder: 0.003328
    output_layer: 0.108132
  VSN output std:
    encoder: 0.231308
  Attention entropy: 2.994329
  Saved to: experiments/12c_h1_rolling/market_only_daily_h1_d025/fold_2019/collapse_monitoring/collapse_monitor_latest.json
[DEBUG CollapseMonitor] on_validation_epoch_start called for epoch 16
[DEBUG CollapseMonitor] reset_temporal_state() called on loss function
Epoch 16: val_loss=0.402583509683609
Epoch 16: train_loss=0.4928348958492279

[CollapseMonitor] Epoch 16
  [DEBUG] Processed 4 batches from val_dataloader
  [DEBUG] Predictions shape after concat: (199,)
  Pred std: 0.008306, range: 0.038666, mean: 0.041958
  Pos: 100.0%, Neg: 0.0%, Unique: 197
  Dir Acc: 52.26%, Pred Sharpe: 80.1933
  Composite: 0.3979 (dist_match: 0.5226, actual_pos: 52.3%, pred_pos: 100.0%)
  Collapse penalty: 0.000000 (threshold: 0.005000)
  Saved validation predictions to: experiments/12c_h1_rolling/market_only_daily_h1_d025/fold_2019/collapse_monitoring/val_predictions_epoch16.npy
  Gradient norms:
    lstm_encoder: 0.004332
    lstm_decoder: 0.003464
    output_layer: 0.112009
  VSN output std:
    encoder: 0.228271
  Attention entropy: 2.993771
  Saved to: experiments/12c_h1_rolling/market_only_daily_h1_d025/fold_2019/collapse_monitoring/collapse_monitor_latest.json
[DEBUG CollapseMonitor] on_validation_epoch_start called for epoch 17
[DEBUG CollapseMonitor] reset_temporal_state() called on loss function
Epoch 17: val_loss=0.4023459851741791
Epoch 17: train_loss=0.49578481912612915

[CollapseMonitor] Epoch 17
  [DEBUG] Processed 4 batches from val_dataloader
  [DEBUG] Predictions shape after concat: (199,)
  Pred std: 0.008685, range: 0.046898, mean: 0.019292
  Pos: 100.0%, Neg: 0.0%, Unique: 199
  Dir Acc: 52.26%, Pred Sharpe: 35.2613
  Composite: 0.3979 (dist_match: 0.5226, actual_pos: 52.3%, pred_pos: 100.0%)
  Collapse penalty: 0.000000 (threshold: 0.005000)
  Saved validation predictions to: experiments/12c_h1_rolling/market_only_daily_h1_d025/fold_2019/collapse_monitoring/val_predictions_epoch17.npy
  Gradient norms:
    lstm_encoder: 0.004560
    lstm_decoder: 0.003671
    output_layer: 0.121363
  VSN output std:
    encoder: 0.224256
  Attention entropy: 2.992702
  Saved to: experiments/12c_h1_rolling/market_only_daily_h1_d025/fold_2019/collapse_monitoring/collapse_monitor_latest.json
[DEBUG CollapseMonitor] on_validation_epoch_start called for epoch 18
[DEBUG CollapseMonitor] reset_temporal_state() called on loss function
Epoch 18: val_loss=0.4014989137649536
Epoch 18: train_loss=0.4932132959365845

[CollapseMonitor] Epoch 18
  [DEBUG] Processed 4 batches from val_dataloader
  [DEBUG] Predictions shape after concat: (199,)
  Pred std: 0.009875, range: 0.059259, mean: 0.047630
  Pos: 100.0%, Neg: 0.0%, Unique: 198
  Dir Acc: 52.26%, Pred Sharpe: 76.5648
  Composite: 0.3979 (dist_match: 0.5226, actual_pos: 52.3%, pred_pos: 100.0%)
  Collapse penalty: 0.000000 (threshold: 0.005000)
  Saved validation predictions to: experiments/12c_h1_rolling/market_only_daily_h1_d025/fold_2019/collapse_monitoring/val_predictions_epoch18.npy
  Gradient norms:
    lstm_encoder: 0.004462
    lstm_decoder: 0.003425
    output_layer: 0.099804
  VSN output std:
    encoder: 0.214307
  Attention entropy: 2.988877
  Saved to: experiments/12c_h1_rolling/market_only_daily_h1_d025/fold_2019/collapse_monitoring/collapse_monitor_latest.json
[DEBUG CollapseMonitor] on_validation_epoch_start called for epoch 19
[DEBUG CollapseMonitor] reset_temporal_state() called on loss function
Epoch 19: val_loss=0.4005178213119507
Epoch 19: train_loss=0.4901106059551239

[CollapseMonitor] Epoch 19
  [DEBUG] Processed 4 batches from val_dataloader
  [DEBUG] Predictions shape after concat: (199,)
  Pred std: 0.014476, range: 0.083879, mean: 0.034593
  Pos: 100.0%, Neg: 0.0%, Unique: 198
  Dir Acc: 52.26%, Pred Sharpe: 37.9344
  Composite: 0.3979 (dist_match: 0.5226, actual_pos: 52.3%, pred_pos: 100.0%)
  Collapse penalty: 0.000000 (threshold: 0.005000)
  Saved validation predictions to: experiments/12c_h1_rolling/market_only_daily_h1_d025/fold_2019/collapse_monitoring/val_predictions_epoch19.npy
  Gradient norms:
    lstm_encoder: 0.005245
    lstm_decoder: 0.003946
    output_layer: 0.114857
  VSN output std:
    encoder: 0.205951
  Attention entropy: 2.979755
  Saved to: experiments/12c_h1_rolling/market_only_daily_h1_d025/fold_2019/collapse_monitoring/collapse_monitor_latest.json
[DEBUG CollapseMonitor] on_validation_epoch_start called for epoch 20
[DEBUG CollapseMonitor] reset_temporal_state() called on loss function
Epoch 20: val_loss=0.39790549874305725
Epoch 20: train_loss=0.49134188890457153

[CollapseMonitor] Epoch 20
  [DEBUG] Processed 4 batches from val_dataloader
  [DEBUG] Predictions shape after concat: (199,)
  Pred std: 0.019618, range: 0.094159, mean: 0.042970
  Pos: 100.0%, Neg: 0.0%, Unique: 199
  Dir Acc: 52.26%, Pred Sharpe: 34.7701
  Composite: 0.3979 (dist_match: 0.5226, actual_pos: 52.3%, pred_pos: 100.0%)
  Collapse penalty: 0.000000 (threshold: 0.005000)
  Saved validation predictions to: experiments/12c_h1_rolling/market_only_daily_h1_d025/fold_2019/collapse_monitoring/val_predictions_epoch20.npy
  Gradient norms:
    lstm_encoder: 0.005210
    lstm_decoder: 0.003904
    output_layer: 0.106420
  VSN output std:
    encoder: 0.196914
  Attention entropy: 2.968778
  Saved to: experiments/12c_h1_rolling/market_only_daily_h1_d025/fold_2019/collapse_monitoring/collapse_monitor_latest.json
[DEBUG CollapseMonitor] on_validation_epoch_start called for epoch 21
[DEBUG CollapseMonitor] reset_temporal_state() called on loss function
Epoch 21: val_loss=0.3927689492702484
Epoch 21: train_loss=0.486146479845047

[CollapseMonitor] Epoch 21
  [DEBUG] Processed 4 batches from val_dataloader
  [DEBUG] Predictions shape after concat: (199,)
  Pred std: 0.027598, range: 0.100530, mean: 0.044270
  Pos: 100.0%, Neg: 0.0%, Unique: 198
  Dir Acc: 52.26%, Pred Sharpe: 25.4642
  Composite: 0.3979 (dist_match: 0.5226, actual_pos: 52.3%, pred_pos: 100.0%)
  Collapse penalty: 0.000000 (threshold: 0.005000)
  Saved validation predictions to: experiments/12c_h1_rolling/market_only_daily_h1_d025/fold_2019/collapse_monitoring/val_predictions_epoch21.npy
  Gradient norms:
    lstm_encoder: 0.005809
    lstm_decoder: 0.004311
    output_layer: 0.113346
  VSN output std:
    encoder: 0.185287
  Attention entropy: 2.934077
  Saved to: experiments/12c_h1_rolling/market_only_daily_h1_d025/fold_2019/collapse_monitoring/collapse_monitor_latest.json
[DEBUG CollapseMonitor] on_validation_epoch_start called for epoch 22
[DEBUG CollapseMonitor] reset_temporal_state() called on loss function
Epoch 22: val_loss=0.3906231224536896
Epoch 22: train_loss=0.4835529327392578

[CollapseMonitor] Epoch 22
  [DEBUG] Processed 4 batches from val_dataloader
  [DEBUG] Predictions shape after concat: (199,)
  Pred std: 0.026881, range: 0.097986, mean: 0.074458
  Pos: 100.0%, Neg: 0.0%, Unique: 198
  Dir Acc: 52.26%, Pred Sharpe: 43.9703
  Composite: 0.3979 (dist_match: 0.5226, actual_pos: 52.3%, pred_pos: 100.0%)
  Collapse penalty: 0.000000 (threshold: 0.005000)
  Saved validation predictions to: experiments/12c_h1_rolling/market_only_daily_h1_d025/fold_2019/collapse_monitoring/val_predictions_epoch22.npy
  Gradient norms:
    lstm_encoder: 0.005177
    lstm_decoder: 0.003929
    output_layer: 0.099186
  VSN output std:
    encoder: 0.210699
  Attention entropy: 2.931452
  Saved to: experiments/12c_h1_rolling/market_only_daily_h1_d025/fold_2019/collapse_monitoring/collapse_monitor_latest.json
[DEBUG CollapseMonitor] on_validation_epoch_start called for epoch 23
[DEBUG CollapseMonitor] reset_temporal_state() called on loss function
Epoch 23: val_loss=0.38976797461509705
Epoch 23: train_loss=0.48219165205955505

[CollapseMonitor] Epoch 23
  [DEBUG] Processed 4 batches from val_dataloader
  [DEBUG] Predictions shape after concat: (199,)
  Pred std: 0.024019, range: 0.091345, mean: 0.055480
  Pos: 100.0%, Neg: 0.0%, Unique: 199
  Dir Acc: 52.26%, Pred Sharpe: 36.6674
  Composite: 0.3979 (dist_match: 0.5226, actual_pos: 52.3%, pred_pos: 100.0%)
  Collapse penalty: 0.000000 (threshold: 0.005000)
  Saved validation predictions to: experiments/12c_h1_rolling/market_only_daily_h1_d025/fold_2019/collapse_monitoring/val_predictions_epoch23.npy
  Gradient norms:
    lstm_encoder: 0.005604
    lstm_decoder: 0.004075
    output_layer: 0.101434
  VSN output std:
    encoder: 0.257015
  Attention entropy: 2.924032
  Saved to: experiments/12c_h1_rolling/market_only_daily_h1_d025/fold_2019/collapse_monitoring/collapse_monitor_latest.json
[DEBUG CollapseMonitor] on_validation_epoch_start called for epoch 24
[DEBUG CollapseMonitor] reset_temporal_state() called on loss function
Epoch 24: val_loss=0.38809633255004883
Epoch 24: train_loss=0.48164522647857666

[CollapseMonitor] Epoch 24
  [DEBUG] Processed 4 batches from val_dataloader
  [DEBUG] Predictions shape after concat: (199,)
  Pred std: 0.027145, range: 0.093130, mean: 0.073112
  Pos: 100.0%, Neg: 0.0%, Unique: 199
  Dir Acc: 52.26%, Pred Sharpe: 42.7563
  Composite: 0.3979 (dist_match: 0.5226, actual_pos: 52.3%, pred_pos: 100.0%)
  Collapse penalty: 0.000000 (threshold: 0.005000)
  Saved validation predictions to: experiments/12c_h1_rolling/market_only_daily_h1_d025/fold_2019/collapse_monitoring/val_predictions_epoch24.npy
  Gradient norms:
    lstm_encoder: 0.005903
    lstm_decoder: 0.004350
    output_layer: 0.106584
  VSN output std:
    encoder: 0.269538
  Attention entropy: 2.926286
  Saved to: experiments/12c_h1_rolling/market_only_daily_h1_d025/fold_2019/collapse_monitoring/collapse_monitor_latest.json
[DEBUG CollapseMonitor] on_validation_epoch_start called for epoch 25
[DEBUG CollapseMonitor] reset_temporal_state() called on loss function
Epoch 25: val_loss=0.38702651858329773
Epoch 25: train_loss=0.4738118052482605

[CollapseMonitor] Epoch 25
  [DEBUG] Processed 4 batches from val_dataloader
  [DEBUG] Predictions shape after concat: (199,)
  Pred std: 0.025053, range: 0.088140, mean: 0.053452
  Pos: 100.0%, Neg: 0.0%, Unique: 199
  Dir Acc: 52.26%, Pred Sharpe: 33.8695
  Composite: 0.3979 (dist_match: 0.5226, actual_pos: 52.3%, pred_pos: 100.0%)
  Collapse penalty: 0.000000 (threshold: 0.005000)
  Saved validation predictions to: experiments/12c_h1_rolling/market_only_daily_h1_d025/fold_2019/collapse_monitoring/val_predictions_epoch25.npy
  Gradient norms:
    lstm_encoder: 0.006374
    lstm_decoder: 0.004263
    output_layer: 0.103515
  VSN output std:
    encoder: 0.275953
  Attention entropy: 2.913425
  Saved to: experiments/12c_h1_rolling/market_only_daily_h1_d025/fold_2019/collapse_monitoring/collapse_monitor_latest.json
[DEBUG CollapseMonitor] on_validation_epoch_start called for epoch 26
[DEBUG CollapseMonitor] reset_temporal_state() called on loss function
Epoch 26: val_loss=0.386047899723053
Epoch 26: train_loss=0.47371819615364075

[CollapseMonitor] Epoch 26
  [DEBUG] Processed 4 batches from val_dataloader
  [DEBUG] Predictions shape after concat: (199,)
  Pred std: 0.028348, range: 0.097427, mean: 0.071680
  Pos: 100.0%, Neg: 0.0%, Unique: 197
  Dir Acc: 52.26%, Pred Sharpe: 40.1390
  Composite: 0.3979 (dist_match: 0.5226, actual_pos: 52.3%, pred_pos: 100.0%)
  Collapse penalty: 0.000000 (threshold: 0.005000)
  Saved validation predictions to: experiments/12c_h1_rolling/market_only_daily_h1_d025/fold_2019/collapse_monitoring/val_predictions_epoch26.npy
  Gradient norms:
    lstm_encoder: 0.006473
    lstm_decoder: 0.004422
    output_layer: 0.103432
  VSN output std:
    encoder: 0.279755
  Attention entropy: 2.907876
  Saved to: experiments/12c_h1_rolling/market_only_daily_h1_d025/fold_2019/collapse_monitoring/collapse_monitor_latest.json
[DEBUG CollapseMonitor] on_validation_epoch_start called for epoch 27
[DEBUG CollapseMonitor] reset_temporal_state() called on loss function
Epoch 27: val_loss=0.385300874710083
Epoch 27: train_loss=0.4729936122894287

[CollapseMonitor] Epoch 27
  [DEBUG] Processed 4 batches from val_dataloader
  [DEBUG] Predictions shape after concat: (199,)
  Pred std: 0.030361, range: 0.101299, mean: 0.049421
  Pos: 100.0%, Neg: 0.0%, Unique: 198
  Dir Acc: 52.26%, Pred Sharpe: 25.8402
  Composite: 0.3979 (dist_match: 0.5226, actual_pos: 52.3%, pred_pos: 100.0%)
  Collapse penalty: 0.000000 (threshold: 0.005000)
  Saved validation predictions to: experiments/12c_h1_rolling/market_only_daily_h1_d025/fold_2019/collapse_monitoring/val_predictions_epoch27.npy
  Gradient norms:
    lstm_encoder: 0.006824
    lstm_decoder: 0.004601
    output_layer: 0.103443
  VSN output std:
    encoder: 0.281538
  Attention entropy: 2.899446
  Saved to: experiments/12c_h1_rolling/market_only_daily_h1_d025/fold_2019/collapse_monitoring/collapse_monitor_latest.json
[DEBUG CollapseMonitor] on_validation_epoch_start called for epoch 28
[DEBUG CollapseMonitor] reset_temporal_state() called on loss function
Epoch 28: val_loss=0.38531172275543213
Epoch 28: train_loss=0.4735731780529022

[CollapseMonitor] Epoch 28
  [DEBUG] Processed 4 batches from val_dataloader
  [DEBUG] Predictions shape after concat: (199,)
  Pred std: 0.039356, range: 0.116903, mean: 0.058562
  Pos: 100.0%, Neg: 0.0%, Unique: 198
  Dir Acc: 52.26%, Pred Sharpe: 23.6216
  Composite: 0.3979 (dist_match: 0.5226, actual_pos: 52.3%, pred_pos: 100.0%)
  Collapse penalty: 0.000000 (threshold: 0.005000)
  Saved validation predictions to: experiments/12c_h1_rolling/market_only_daily_h1_d025/fold_2019/collapse_monitoring/val_predictions_epoch28.npy
  Gradient norms:
    lstm_encoder: 0.006431
    lstm_decoder: 0.004229
    output_layer: 0.103686
  VSN output std:
    encoder: 0.282447
  Attention entropy: 2.920811
  Saved to: experiments/12c_h1_rolling/market_only_daily_h1_d025/fold_2019/collapse_monitoring/collapse_monitor_latest.json
[DEBUG CollapseMonitor] on_validation_epoch_start called for epoch 29
[DEBUG CollapseMonitor] reset_temporal_state() called on loss function
Epoch 29: val_loss=0.3854826092720032
Epoch 29: train_loss=0.46925273537635803

[CollapseMonitor] Epoch 29
  [DEBUG] Processed 4 batches from val_dataloader
  [DEBUG] Predictions shape after concat: (199,)
  Pred std: 0.046443, range: 0.131132, mean: 0.073841
  Pos: 100.0%, Neg: 0.0%, Unique: 198
  Dir Acc: 52.26%, Pred Sharpe: 25.2393
  Composite: 0.3979 (dist_match: 0.5226, actual_pos: 52.3%, pred_pos: 100.0%)
  Collapse penalty: 0.000000 (threshold: 0.005000)
  Saved validation predictions to: experiments/12c_h1_rolling/market_only_daily_h1_d025/fold_2019/collapse_monitoring/val_predictions_epoch29.npy
  Gradient norms:
    lstm_encoder: 0.006775
    lstm_decoder: 0.004639
    output_layer: 0.103650
  VSN output std:
    encoder: 0.283105
  Attention entropy: 2.925939
  Saved to: experiments/12c_h1_rolling/market_only_daily_h1_d025/fold_2019/collapse_monitoring/collapse_monitor_latest.json
[DEBUG CollapseMonitor] on_validation_epoch_start called for epoch 30
[DEBUG CollapseMonitor] reset_temporal_state() called on loss function
Epoch 30: val_loss=0.3853653073310852
Epoch 30: train_loss=0.4707028865814209

[CollapseMonitor] Epoch 30
  [DEBUG] Processed 4 batches from val_dataloader
  [DEBUG] Predictions shape after concat: (199,)
  Pred std: 0.041822, range: 0.122260, mean: 0.045431
  Pos: 100.0%, Neg: 0.0%, Unique: 198
  Dir Acc: 52.26%, Pred Sharpe: 17.2443
  Composite: 0.3979 (dist_match: 0.5226, actual_pos: 52.3%, pred_pos: 100.0%)
  Collapse penalty: 0.000000 (threshold: 0.005000)
  Saved validation predictions to: experiments/12c_h1_rolling/market_only_daily_h1_d025/fold_2019/collapse_monitoring/val_predictions_epoch30.npy
  Gradient norms:
    lstm_encoder: 0.007707
    lstm_decoder: 0.004948
    output_layer: 0.105944
  VSN output std:
    encoder: 0.285511
  Attention entropy: 2.926234
  Saved to: experiments/12c_h1_rolling/market_only_daily_h1_d025/fold_2019/collapse_monitoring/collapse_monitor_latest.json
[DEBUG CollapseMonitor] on_validation_epoch_start called for epoch 31
[DEBUG CollapseMonitor] reset_temporal_state() called on loss function
Epoch 31: val_loss=0.38532474637031555
Epoch 31: train_loss=0.4694775938987732

[CollapseMonitor] Epoch 31
  [DEBUG] Processed 4 batches from val_dataloader
  [DEBUG] Predictions shape after concat: (199,)
  Pred std: 0.042454, range: 0.123015, mean: 0.071366
  Pos: 100.0%, Neg: 0.0%, Unique: 199
  Dir Acc: 52.26%, Pred Sharpe: 26.6853
  Composite: 0.3979 (dist_match: 0.5226, actual_pos: 52.3%, pred_pos: 100.0%)
  Collapse penalty: 0.000000 (threshold: 0.005000)
  Saved validation predictions to: experiments/12c_h1_rolling/market_only_daily_h1_d025/fold_2019/collapse_monitoring/val_predictions_epoch31.npy
  Gradient norms:
    lstm_encoder: 0.006893
    lstm_decoder: 0.004686
    output_layer: 0.105694
  VSN output std:
    encoder: 0.287090
  Attention entropy: 2.924054
  Saved to: experiments/12c_h1_rolling/market_only_daily_h1_d025/fold_2019/collapse_monitoring/collapse_monitor_latest.json
[DEBUG CollapseMonitor] on_validation_epoch_start called for epoch 32
[DEBUG CollapseMonitor] reset_temporal_state() called on loss function
Epoch 32: val_loss=0.3846502900123596
Epoch 32: train_loss=0.46841496229171753

[CollapseMonitor] Epoch 32
  [DEBUG] Processed 4 batches from val_dataloader
  [DEBUG] Predictions shape after concat: (199,)
  Pred std: 0.047396, range: 0.135283, mean: 0.067226
  Pos: 100.0%, Neg: 0.0%, Unique: 199
  Dir Acc: 52.26%, Pred Sharpe: 22.5163
  Composite: 0.3979 (dist_match: 0.5226, actual_pos: 52.3%, pred_pos: 100.0%)
  Collapse penalty: 0.000000 (threshold: 0.005000)
  Saved validation predictions to: experiments/12c_h1_rolling/market_only_daily_h1_d025/fold_2019/collapse_monitoring/val_predictions_epoch32.npy
  Gradient norms:
    lstm_encoder: 0.008045
    lstm_decoder: 0.005093
    output_layer: 0.112820
  VSN output std:
    encoder: 0.287865
  Attention entropy: 2.923394
  Saved to: experiments/12c_h1_rolling/market_only_daily_h1_d025/fold_2019/collapse_monitoring/collapse_monitor_latest.json
[DEBUG CollapseMonitor] on_validation_epoch_start called for epoch 33
[DEBUG CollapseMonitor] reset_temporal_state() called on loss function
Epoch 33: val_loss=0.38489681482315063
Epoch 33: train_loss=0.46745651960372925

[CollapseMonitor] Epoch 33
  [DEBUG] Processed 4 batches from val_dataloader
  [DEBUG] Predictions shape after concat: (199,)
  Pred std: 0.049404, range: 0.140958, mean: 0.049535
  Pos: 100.0%, Neg: 0.0%, Unique: 199
  Dir Acc: 52.26%, Pred Sharpe: 15.9165
  Composite: 0.3979 (dist_match: 0.5226, actual_pos: 52.3%, pred_pos: 100.0%)
  Collapse penalty: 0.000000 (threshold: 0.005000)
  Saved validation predictions to: experiments/12c_h1_rolling/market_only_daily_h1_d025/fold_2019/collapse_monitoring/val_predictions_epoch33.npy
  Gradient norms:
    lstm_encoder: 0.008229
    lstm_decoder: 0.005191
    output_layer: 0.109091
  VSN output std:
    encoder: 0.288917
  Attention entropy: 2.913242
  Saved to: experiments/12c_h1_rolling/market_only_daily_h1_d025/fold_2019/collapse_monitoring/collapse_monitor_latest.json
[DEBUG CollapseMonitor] on_validation_epoch_start called for epoch 34
[DEBUG CollapseMonitor] reset_temporal_state() called on loss function
Epoch 34: val_loss=0.3845110237598419
Epoch 34: train_loss=0.46689262986183167

[CollapseMonitor] Epoch 34
  [DEBUG] Processed 4 batches from val_dataloader
  [DEBUG] Predictions shape after concat: (199,)
  Pred std: 0.048273, range: 0.139842, mean: 0.062835
  Pos: 100.0%, Neg: 0.0%, Unique: 199
  Dir Acc: 52.26%, Pred Sharpe: 20.6632
  Composite: 0.3979 (dist_match: 0.5226, actual_pos: 52.3%, pred_pos: 100.0%)
  Collapse penalty: 0.000000 (threshold: 0.005000)
  Saved validation predictions to: experiments/12c_h1_rolling/market_only_daily_h1_d025/fold_2019/collapse_monitoring/val_predictions_epoch34.npy
  Gradient norms:
    lstm_encoder: 0.009159
    lstm_decoder: 0.005495
    output_layer: 0.107776
  VSN output std:
    encoder: 0.289451
  Attention entropy: 2.896742
  Saved to: experiments/12c_h1_rolling/market_only_daily_h1_d025/fold_2019/collapse_monitoring/collapse_monitor_latest.json
[DEBUG CollapseMonitor] on_validation_epoch_start called for epoch 35
[DEBUG CollapseMonitor] reset_temporal_state() called on loss function
Epoch 35: val_loss=0.3841286599636078
Epoch 35: train_loss=0.4647768437862396

[CollapseMonitor] Epoch 35
  [DEBUG] Processed 4 batches from val_dataloader
  [DEBUG] Predictions shape after concat: (199,)
  Pred std: 0.048339, range: 0.139357, mean: 0.050031
  Pos: 99.0%, Neg: 1.0%, Unique: 198
  Dir Acc: 53.27%, Pred Sharpe: 16.4303
  Composite: 0.4082 (dist_match: 0.5327, actual_pos: 52.3%, pred_pos: 99.0%)
  Collapse penalty: 0.000000 (threshold: 0.005000)
  Saved validation predictions to: experiments/12c_h1_rolling/market_only_daily_h1_d025/fold_2019/collapse_monitoring/val_predictions_epoch35.npy
  Gradient norms:
    lstm_encoder: 0.008166
    lstm_decoder: 0.005269
    output_layer: 0.113236
  VSN output std:
    encoder: 0.289830
  Attention entropy: 2.895925
  Saved to: experiments/12c_h1_rolling/market_only_daily_h1_d025/fold_2019/collapse_monitoring/collapse_monitor_latest.json
[DEBUG CollapseMonitor] on_validation_epoch_start called for epoch 36
[DEBUG CollapseMonitor] reset_temporal_state() called on loss function
Epoch 36: val_loss=0.3839789628982544
Epoch 36: train_loss=0.46066078543663025

[CollapseMonitor] Epoch 36
  [DEBUG] Processed 4 batches from val_dataloader
  [DEBUG] Predictions shape after concat: (199,)
  Pred std: 0.046850, range: 0.136090, mean: 0.061803
  Pos: 100.0%, Neg: 0.0%, Unique: 199
  Dir Acc: 52.26%, Pred Sharpe: 20.9413
  Composite: 0.3979 (dist_match: 0.5226, actual_pos: 52.3%, pred_pos: 100.0%)
  Collapse penalty: 0.000000 (threshold: 0.005000)
  Saved validation predictions to: experiments/12c_h1_rolling/market_only_daily_h1_d025/fold_2019/collapse_monitoring/val_predictions_epoch36.npy
  Gradient norms:
    lstm_encoder: 0.008491
    lstm_decoder: 0.005371
    output_layer: 0.112392
  VSN output std:
    encoder: 0.290499
  Attention entropy: 2.885024
  Saved to: experiments/12c_h1_rolling/market_only_daily_h1_d025/fold_2019/collapse_monitoring/collapse_monitor_latest.json
[DEBUG CollapseMonitor] on_validation_epoch_start called for epoch 37
[DEBUG CollapseMonitor] reset_temporal_state() called on loss function
Epoch 37: val_loss=0.3833645284175873
Epoch 37: train_loss=0.4628523290157318

[CollapseMonitor] Epoch 37
  [DEBUG] Processed 4 batches from val_dataloader
  [DEBUG] Predictions shape after concat: (199,)
  Pred std: 0.049383, range: 0.142095, mean: 0.061449
  Pos: 100.0%, Neg: 0.0%, Unique: 199
  Dir Acc: 52.26%, Pred Sharpe: 19.7530
  Composite: 0.3979 (dist_match: 0.5226, actual_pos: 52.3%, pred_pos: 100.0%)
  Collapse penalty: 0.000000 (threshold: 0.005000)
  Saved validation predictions to: experiments/12c_h1_rolling/market_only_daily_h1_d025/fold_2019/collapse_monitoring/val_predictions_epoch37.npy
  Gradient norms:
    lstm_encoder: 0.009077
    lstm_decoder: 0.005688
    output_layer: 0.109246
  VSN output std:
    encoder: 0.291668
  Attention entropy: 2.879826
  Saved to: experiments/12c_h1_rolling/market_only_daily_h1_d025/fold_2019/collapse_monitoring/collapse_monitor_latest.json
[DEBUG CollapseMonitor] on_validation_epoch_start called for epoch 38
[DEBUG CollapseMonitor] reset_temporal_state() called on loss function
Epoch 38: val_loss=0.3834129869937897
Epoch 38: train_loss=0.46263372898101807

[CollapseMonitor] Epoch 38
  [DEBUG] Processed 4 batches from val_dataloader
  [DEBUG] Predictions shape after concat: (199,)
  Pred std: 0.049238, range: 0.140514, mean: 0.062950
  Pos: 100.0%, Neg: 0.0%, Unique: 199
  Dir Acc: 52.26%, Pred Sharpe: 20.2954
  Composite: 0.3979 (dist_match: 0.5226, actual_pos: 52.3%, pred_pos: 100.0%)
  Collapse penalty: 0.000000 (threshold: 0.005000)
  Saved validation predictions to: experiments/12c_h1_rolling/market_only_daily_h1_d025/fold_2019/collapse_monitoring/val_predictions_epoch38.npy
  Gradient norms:
    lstm_encoder: 0.009506
    lstm_decoder: 0.005947
    output_layer: 0.111523
  VSN output std:
    encoder: 0.291839
  Attention entropy: 2.896281
  Saved to: experiments/12c_h1_rolling/market_only_daily_h1_d025/fold_2019/collapse_monitoring/collapse_monitor_latest.json
[DEBUG CollapseMonitor] on_validation_epoch_start called for epoch 39
[DEBUG CollapseMonitor] reset_temporal_state() called on loss function
Epoch 39: val_loss=0.3828536868095398
Epoch 39: train_loss=0.45975232124328613

[CollapseMonitor] Epoch 39
  [DEBUG] Processed 4 batches from val_dataloader
  [DEBUG] Predictions shape after concat: (199,)
  Pred std: 0.047387, range: 0.138588, mean: 0.053233
  Pos: 100.0%, Neg: 0.0%, Unique: 199
  Dir Acc: 52.26%, Pred Sharpe: 17.8327
  Composite: 0.3979 (dist_match: 0.5226, actual_pos: 52.3%, pred_pos: 100.0%)
  Collapse penalty: 0.000000 (threshold: 0.005000)
  Saved validation predictions to: experiments/12c_h1_rolling/market_only_daily_h1_d025/fold_2019/collapse_monitoring/val_predictions_epoch39.npy
  Gradient norms:
    lstm_encoder: 0.008823
    lstm_decoder: 0.005496
    output_layer: 0.107298
  VSN output std:
    encoder: 0.292833
  Attention entropy: 2.873376
  Saved to: experiments/12c_h1_rolling/market_only_daily_h1_d025/fold_2019/collapse_monitoring/collapse_monitor_latest.json
[DEBUG CollapseMonitor] on_validation_epoch_start called for epoch 40
[DEBUG CollapseMonitor] reset_temporal_state() called on loss function
Epoch 40: val_loss=0.3825424909591675
Epoch 40: train_loss=0.45867979526519775

[CollapseMonitor] Epoch 40
  [DEBUG] Processed 4 batches from val_dataloader
  [DEBUG] Predictions shape after concat: (199,)
  Pred std: 0.047036, range: 0.135729, mean: 0.058832
  Pos: 100.0%, Neg: 0.0%, Unique: 198
  Dir Acc: 52.26%, Pred Sharpe: 19.8555
  Composite: 0.3979 (dist_match: 0.5226, actual_pos: 52.3%, pred_pos: 100.0%)
  Collapse penalty: 0.000000 (threshold: 0.005000)
  Saved validation predictions to: experiments/12c_h1_rolling/market_only_daily_h1_d025/fold_2019/collapse_monitoring/val_predictions_epoch40.npy
  Gradient norms:
    lstm_encoder: 0.009540
    lstm_decoder: 0.005848
    output_layer: 0.096283
  VSN output std:
    encoder: 0.293381
  Attention entropy: 2.870508
  Saved to: experiments/12c_h1_rolling/market_only_daily_h1_d025/fold_2019/collapse_monitoring/collapse_monitor_latest.json
[DEBUG CollapseMonitor] on_validation_epoch_start called for epoch 41
[DEBUG CollapseMonitor] reset_temporal_state() called on loss function
Epoch 41: val_loss=0.3824271261692047
Epoch 41: train_loss=0.4604663848876953

[CollapseMonitor] Epoch 41
  [DEBUG] Processed 4 batches from val_dataloader
  [DEBUG] Predictions shape after concat: (199,)
  Pred std: 0.046208, range: 0.133205, mean: 0.042408
  Pos: 75.9%, Neg: 24.1%, Unique: 199
  Dir Acc: 55.28%, Pred Sharpe: 14.5689
  Composite: 0.4875 (dist_match: 0.7638, actual_pos: 52.3%, pred_pos: 75.9%)
  Collapse penalty: 0.000000 (threshold: 0.005000)
  Saved validation predictions to: experiments/12c_h1_rolling/market_only_daily_h1_d025/fold_2019/collapse_monitoring/val_predictions_epoch41.npy
  Gradient norms:
    lstm_encoder: 0.011388
    lstm_decoder: 0.006783
    output_layer: 0.114119
  VSN output std:
    encoder: 0.294206
  Attention entropy: 2.864698
  Saved to: experiments/12c_h1_rolling/market_only_daily_h1_d025/fold_2019/collapse_monitoring/collapse_monitor_latest.json
[DEBUG CollapseMonitor] on_validation_epoch_start called for epoch 42
[DEBUG CollapseMonitor] reset_temporal_state() called on loss function
Epoch 42: val_loss=0.3810148239135742
Epoch 42: train_loss=0.4604818522930145

[CollapseMonitor] Epoch 42
  [DEBUG] Processed 4 batches from val_dataloader
  [DEBUG] Predictions shape after concat: (199,)
  Pred std: 0.047856, range: 0.137962, mean: 0.063829
  Pos: 100.0%, Neg: 0.0%, Unique: 199
  Dir Acc: 52.26%, Pred Sharpe: 21.1730
  Composite: 0.3979 (dist_match: 0.5226, actual_pos: 52.3%, pred_pos: 100.0%)
  Collapse penalty: 0.000000 (threshold: 0.005000)
  Saved validation predictions to: experiments/12c_h1_rolling/market_only_daily_h1_d025/fold_2019/collapse_monitoring/val_predictions_epoch42.npy
  Gradient norms:
    lstm_encoder: 0.010011
    lstm_decoder: 0.006019
    output_layer: 0.106333
  VSN output std:
    encoder: 0.295254
  Attention entropy: 2.841315
  Saved to: experiments/12c_h1_rolling/market_only_daily_h1_d025/fold_2019/collapse_monitoring/collapse_monitor_latest.json
[DEBUG CollapseMonitor] on_validation_epoch_start called for epoch 43
[DEBUG CollapseMonitor] reset_temporal_state() called on loss function
Epoch 43: val_loss=0.3813938498497009
Epoch 43: train_loss=0.45807501673698425

[CollapseMonitor] Epoch 43
  [DEBUG] Processed 4 batches from val_dataloader
  [DEBUG] Predictions shape after concat: (199,)
  Pred std: 0.044533, range: 0.131726, mean: 0.038883
  Pos: 68.8%, Neg: 31.2%, Unique: 198
  Dir Acc: 56.28%, Pred Sharpe: 13.8606
  Composite: 0.5161 (dist_match: 0.8342, actual_pos: 52.3%, pred_pos: 68.8%)
  Collapse penalty: 0.000000 (threshold: 0.005000)
  Saved validation predictions to: experiments/12c_h1_rolling/market_only_daily_h1_d025/fold_2019/collapse_monitoring/val_predictions_epoch43.npy
  Gradient norms:
    lstm_encoder: 0.011076
    lstm_decoder: 0.006547
    output_layer: 0.115638
  VSN output std:
    encoder: 0.295935
  Attention entropy: 2.823816
  Saved to: experiments/12c_h1_rolling/market_only_daily_h1_d025/fold_2019/collapse_monitoring/collapse_monitor_latest.json
[DEBUG CollapseMonitor] on_validation_epoch_start called for epoch 44
[DEBUG CollapseMonitor] reset_temporal_state() called on loss function
Epoch 44: val_loss=0.3816070854663849
Epoch 44: train_loss=0.456712007522583

[CollapseMonitor] Epoch 44
  [DEBUG] Processed 4 batches from val_dataloader
  [DEBUG] Predictions shape after concat: (199,)
  Pred std: 0.039648, range: 0.117185, mean: 0.041426
  Pos: 94.0%, Neg: 6.0%, Unique: 199
  Dir Acc: 56.28%, Pred Sharpe: 16.5861
  Composite: 0.4454 (dist_match: 0.5829, actual_pos: 52.3%, pred_pos: 94.0%)
  Collapse penalty: 0.000000 (threshold: 0.005000)
  Saved validation predictions to: experiments/12c_h1_rolling/market_only_daily_h1_d025/fold_2019/collapse_monitoring/val_predictions_epoch44.npy
  Gradient norms:
    lstm_encoder: 0.010958
    lstm_decoder: 0.006596
    output_layer: 0.102670
  VSN output std:
    encoder: 0.295839
  Attention entropy: 2.840693
  Saved to: experiments/12c_h1_rolling/market_only_daily_h1_d025/fold_2019/collapse_monitoring/collapse_monitor_latest.json
[DEBUG CollapseMonitor] on_validation_epoch_start called for epoch 45
[DEBUG CollapseMonitor] reset_temporal_state() called on loss function
Epoch 45: val_loss=0.3815547525882721
Epoch 45: train_loss=0.4576539993286133

[CollapseMonitor] Epoch 45
  [DEBUG] Processed 4 batches from val_dataloader
  [DEBUG] Predictions shape after concat: (199,)
  Pred std: 0.037326, range: 0.109723, mean: 0.052134
  Pos: 100.0%, Neg: 0.0%, Unique: 199
  Dir Acc: 52.26%, Pred Sharpe: 22.1724
  Composite: 0.3979 (dist_match: 0.5226, actual_pos: 52.3%, pred_pos: 100.0%)
  Collapse penalty: 0.000000 (threshold: 0.005000)
  Saved validation predictions to: experiments/12c_h1_rolling/market_only_daily_h1_d025/fold_2019/collapse_monitoring/val_predictions_epoch45.npy
  Gradient norms:
    lstm_encoder: 0.010132
    lstm_decoder: 0.006133
    output_layer: 0.109466
  VSN output std:
    encoder: 0.296125
  Attention entropy: 2.844656
  Saved to: experiments/12c_h1_rolling/market_only_daily_h1_d025/fold_2019/collapse_monitoring/collapse_monitor_latest.json
[DEBUG CollapseMonitor] on_validation_epoch_start called for epoch 46
[DEBUG CollapseMonitor] reset_temporal_state() called on loss function
Epoch 46: val_loss=0.3817739486694336
Epoch 46: train_loss=0.45527464151382446

[CollapseMonitor] Epoch 46
  [DEBUG] Processed 4 batches from val_dataloader
  [DEBUG] Predictions shape after concat: (199,)
  Pred std: 0.033549, range: 0.099315, mean: 0.068134
  Pos: 100.0%, Neg: 0.0%, Unique: 198
  Dir Acc: 52.26%, Pred Sharpe: 32.2396
  Composite: 0.3979 (dist_match: 0.5226, actual_pos: 52.3%, pred_pos: 100.0%)
  Collapse penalty: 0.000000 (threshold: 0.005000)
  Saved validation predictions to: experiments/12c_h1_rolling/market_only_daily_h1_d025/fold_2019/collapse_monitoring/val_predictions_epoch46.npy
  Gradient norms:
    lstm_encoder: 0.011179
    lstm_decoder: 0.006627
    output_layer: 0.108036
  VSN output std:
    encoder: 0.296472
  Attention entropy: 2.846031
  Saved to: experiments/12c_h1_rolling/market_only_daily_h1_d025/fold_2019/collapse_monitoring/collapse_monitor_latest.json
[DEBUG CollapseMonitor] on_validation_epoch_start called for epoch 47
[DEBUG CollapseMonitor] reset_temporal_state() called on loss function
Epoch 47: val_loss=0.3803929090499878
Epoch 47: train_loss=0.4554968476295471

[CollapseMonitor] Epoch 47
  [DEBUG] Processed 4 batches from val_dataloader
  [DEBUG] Predictions shape after concat: (199,)
  Pred std: 0.036105, range: 0.107632, mean: 0.051407
  Pos: 100.0%, Neg: 0.0%, Unique: 198
  Dir Acc: 52.26%, Pred Sharpe: 22.6026
  Composite: 0.3979 (dist_match: 0.5226, actual_pos: 52.3%, pred_pos: 100.0%)
  Collapse penalty: 0.000000 (threshold: 0.005000)
  Saved validation predictions to: experiments/12c_h1_rolling/market_only_daily_h1_d025/fold_2019/collapse_monitoring/val_predictions_epoch47.npy
  Gradient norms:
    lstm_encoder: 0.010608
    lstm_decoder: 0.006609
    output_layer: 0.114951
  VSN output std:
    encoder: 0.297123
  Attention entropy: 2.817889
  Saved to: experiments/12c_h1_rolling/market_only_daily_h1_d025/fold_2019/collapse_monitoring/collapse_monitor_latest.json
[DEBUG CollapseMonitor] on_validation_epoch_start called for epoch 48
[DEBUG CollapseMonitor] reset_temporal_state() called on loss function
Epoch 48: val_loss=0.38031619787216187
Epoch 48: train_loss=0.4533987045288086

[CollapseMonitor] Epoch 48
  [DEBUG] Processed 4 batches from val_dataloader
  [DEBUG] Predictions shape after concat: (199,)
  Pred std: 0.036755, range: 0.108400, mean: 0.053905
  Pos: 100.0%, Neg: 0.0%, Unique: 199
  Dir Acc: 52.26%, Pred Sharpe: 23.2817
  Composite: 0.3979 (dist_match: 0.5226, actual_pos: 52.3%, pred_pos: 100.0%)
  Collapse penalty: 0.000000 (threshold: 0.005000)
  Saved validation predictions to: experiments/12c_h1_rolling/market_only_daily_h1_d025/fold_2019/collapse_monitoring/val_predictions_epoch48.npy
  Gradient norms:
    lstm_encoder: 0.011544
    lstm_decoder: 0.006927
    output_layer: 0.104226
  VSN output std:
    encoder: 0.297552
  Attention entropy: 2.830248
  Saved to: experiments/12c_h1_rolling/market_only_daily_h1_d025/fold_2019/collapse_monitoring/collapse_monitor_latest.json
[DEBUG CollapseMonitor] on_validation_epoch_start called for epoch 49
[DEBUG CollapseMonitor] reset_temporal_state() called on loss function
Epoch 49: val_loss=0.38045623898506165
Epoch 49: train_loss=0.4553525447845459

[CollapseMonitor] Epoch 49
  [DEBUG] Processed 4 batches from val_dataloader
  [DEBUG] Predictions shape after concat: (199,)
  Pred std: 0.033969, range: 0.102044, mean: 0.047767
  Pos: 100.0%, Neg: 0.0%, Unique: 199
  Dir Acc: 52.26%, Pred Sharpe: 22.3231
  Composite: 0.3979 (dist_match: 0.5226, actual_pos: 52.3%, pred_pos: 100.0%)
  Collapse penalty: 0.000000 (threshold: 0.005000)
  Saved validation predictions to: experiments/12c_h1_rolling/market_only_daily_h1_d025/fold_2019/collapse_monitoring/val_predictions_epoch49.npy
  Gradient norms:
    lstm_encoder: 0.012525
    lstm_decoder: 0.007266
    output_layer: 0.107747
  VSN output std:
    encoder: 0.297967
  Attention entropy: 2.827911
  Saved to: experiments/12c_h1_rolling/market_only_daily_h1_d025/fold_2019/collapse_monitoring/collapse_monitor_latest.json
[DEBUG CollapseMonitor] on_validation_epoch_start called for epoch 50
[DEBUG CollapseMonitor] reset_temporal_state() called on loss function
Epoch 50: val_loss=0.37969380617141724
Epoch 50: train_loss=0.4552796483039856

[CollapseMonitor] Epoch 50
  [DEBUG] Processed 4 batches from val_dataloader
  [DEBUG] Predictions shape after concat: (199,)
  Pred std: 0.032281, range: 0.101076, mean: 0.041843
  Pos: 99.0%, Neg: 1.0%, Unique: 197
  Dir Acc: 52.26%, Pred Sharpe: 20.5770
  Composite: 0.4005 (dist_match: 0.5327, actual_pos: 52.3%, pred_pos: 99.0%)
  Collapse penalty: 0.000000 (threshold: 0.005000)
  Saved validation predictions to: experiments/12c_h1_rolling/market_only_daily_h1_d025/fold_2019/collapse_monitoring/val_predictions_epoch50.npy
  Gradient norms:
    lstm_encoder: 0.011707
    lstm_decoder: 0.006937
    output_layer: 0.099047
  VSN output std:
    encoder: 0.298436
  Attention entropy: 2.807614
  Saved to: experiments/12c_h1_rolling/market_only_daily_h1_d025/fold_2019/collapse_monitoring/collapse_monitor_latest.json
[DEBUG CollapseMonitor] on_validation_epoch_start called for epoch 51
[DEBUG CollapseMonitor] reset_temporal_state() called on loss function
Epoch 51: val_loss=0.37975648045539856
Epoch 51: train_loss=0.45458120107650757

[CollapseMonitor] Epoch 51
  [DEBUG] Processed 4 batches from val_dataloader
  [DEBUG] Predictions shape after concat: (199,)
  Pred std: 0.032472, range: 0.098993, mean: 0.071032
  Pos: 100.0%, Neg: 0.0%, Unique: 197
  Dir Acc: 52.26%, Pred Sharpe: 34.7249
  Composite: 0.3979 (dist_match: 0.5226, actual_pos: 52.3%, pred_pos: 100.0%)
  Collapse penalty: 0.000000 (threshold: 0.005000)
  Saved validation predictions to: experiments/12c_h1_rolling/market_only_daily_h1_d025/fold_2019/collapse_monitoring/val_predictions_epoch51.npy
  Gradient norms:
    lstm_encoder: 0.011732
    lstm_decoder: 0.007262
    output_layer: 0.108020
  VSN output std:
    encoder: 0.299001
  Attention entropy: 2.811217
  Saved to: experiments/12c_h1_rolling/market_only_daily_h1_d025/fold_2019/collapse_monitoring/collapse_monitor_latest.json
[DEBUG CollapseMonitor] on_validation_epoch_start called for epoch 52
[DEBUG CollapseMonitor] reset_temporal_state() called on loss function
Epoch 52: val_loss=0.38031116127967834
Epoch 52: train_loss=0.4542275071144104

[CollapseMonitor] Epoch 52
  [DEBUG] Processed 4 batches from val_dataloader
  [DEBUG] Predictions shape after concat: (199,)
  Pred std: 0.033178, range: 0.116337, mean: 0.066069
  Pos: 100.0%, Neg: 0.0%, Unique: 199
  Dir Acc: 52.26%, Pred Sharpe: 31.6112
  Composite: 0.3979 (dist_match: 0.5226, actual_pos: 52.3%, pred_pos: 100.0%)
  Collapse penalty: 0.000000 (threshold: 0.005000)
  Saved validation predictions to: experiments/12c_h1_rolling/market_only_daily_h1_d025/fold_2019/collapse_monitoring/val_predictions_epoch52.npy
  Gradient norms:
    lstm_encoder: 0.010649
    lstm_decoder: 0.006831
    output_layer: 0.106802
  VSN output std:
    encoder: 0.299355
  Attention entropy: 2.807877
  Saved to: experiments/12c_h1_rolling/market_only_daily_h1_d025/fold_2019/collapse_monitoring/collapse_monitor_latest.json
[DEBUG CollapseMonitor] on_validation_epoch_start called for epoch 53
[DEBUG CollapseMonitor] reset_temporal_state() called on loss function
Epoch 53: val_loss=0.38029545545578003
Epoch 53: train_loss=0.45416125655174255

[CollapseMonitor] Epoch 53
  [DEBUG] Processed 4 batches from val_dataloader
  [DEBUG] Predictions shape after concat: (199,)
  Pred std: 0.029742, range: 0.098538, mean: 0.060807
  Pos: 100.0%, Neg: 0.0%, Unique: 197
  Dir Acc: 52.26%, Pred Sharpe: 32.4559
  Composite: 0.3979 (dist_match: 0.5226, actual_pos: 52.3%, pred_pos: 100.0%)
  Collapse penalty: 0.000000 (threshold: 0.005000)
  Saved validation predictions to: experiments/12c_h1_rolling/market_only_daily_h1_d025/fold_2019/collapse_monitoring/val_predictions_epoch53.npy
  Gradient norms:
    lstm_encoder: 0.010977
    lstm_decoder: 0.006967
    output_layer: 0.105366
  VSN output std:
    encoder: 0.299215
  Attention entropy: 2.824381
  Saved to: experiments/12c_h1_rolling/market_only_daily_h1_d025/fold_2019/collapse_monitoring/collapse_monitor_latest.json
[DEBUG CollapseMonitor] on_validation_epoch_start called for epoch 54
[DEBUG CollapseMonitor] reset_temporal_state() called on loss function
Epoch 54: val_loss=0.3793075382709503
Epoch 54: train_loss=0.45332813262939453

[CollapseMonitor] Epoch 54
  [DEBUG] Processed 4 batches from val_dataloader
  [DEBUG] Predictions shape after concat: (199,)
  Pred std: 0.033953, range: 0.100833, mean: 0.056198
  Pos: 100.0%, Neg: 0.0%, Unique: 199
  Dir Acc: 52.26%, Pred Sharpe: 26.2753
  Composite: 0.3979 (dist_match: 0.5226, actual_pos: 52.3%, pred_pos: 100.0%)
  Collapse penalty: 0.000000 (threshold: 0.005000)
  Saved validation predictions to: experiments/12c_h1_rolling/market_only_daily_h1_d025/fold_2019/collapse_monitoring/val_predictions_epoch54.npy
  Gradient norms:
    lstm_encoder: 0.012288
    lstm_decoder: 0.007861
    output_layer: 0.103614
  VSN output std:
    encoder: 0.299430
  Attention entropy: 2.833482
  Saved to: experiments/12c_h1_rolling/market_only_daily_h1_d025/fold_2019/collapse_monitoring/collapse_monitor_latest.json
[DEBUG CollapseMonitor] on_validation_epoch_start called for epoch 55
[DEBUG CollapseMonitor] reset_temporal_state() called on loss function
Epoch 55: val_loss=0.379002183675766
Epoch 55: train_loss=0.4534560739994049

[CollapseMonitor] Epoch 55
  [DEBUG] Processed 4 batches from val_dataloader
  [DEBUG] Predictions shape after concat: (199,)
  Pred std: 0.032548, range: 0.097616, mean: 0.035440
  Pos: 88.9%, Neg: 11.1%, Unique: 199
  Dir Acc: 58.29%, Pred Sharpe: 17.2849
  Composite: 0.4760 (dist_match: 0.6332, actual_pos: 52.3%, pred_pos: 88.9%)
  Collapse penalty: 0.000000 (threshold: 0.005000)
  Saved validation predictions to: experiments/12c_h1_rolling/market_only_daily_h1_d025/fold_2019/collapse_monitoring/val_predictions_epoch55.npy
  Gradient norms:
    lstm_encoder: 0.011869
    lstm_decoder: 0.007522
    output_layer: 0.109351
  VSN output std:
    encoder: 0.298918
  Attention entropy: 2.837224
  Saved to: experiments/12c_h1_rolling/market_only_daily_h1_d025/fold_2019/collapse_monitoring/collapse_monitor_latest.json
[DEBUG CollapseMonitor] on_validation_epoch_start called for epoch 56
[DEBUG CollapseMonitor] reset_temporal_state() called on loss function
Epoch 56: val_loss=0.37891966104507446
Epoch 56: train_loss=0.45192262530326843

[CollapseMonitor] Epoch 56
  [DEBUG] Processed 4 batches from val_dataloader
  [DEBUG] Predictions shape after concat: (199,)
  Pred std: 0.033993, range: 0.100795, mean: 0.045433
  Pos: 100.0%, Neg: 0.0%, Unique: 198
  Dir Acc: 52.26%, Pred Sharpe: 21.2172
  Composite: 0.3979 (dist_match: 0.5226, actual_pos: 52.3%, pred_pos: 100.0%)
  Collapse penalty: 0.000000 (threshold: 0.005000)
  Saved validation predictions to: experiments/12c_h1_rolling/market_only_daily_h1_d025/fold_2019/collapse_monitoring/val_predictions_epoch56.npy
  Gradient norms:
    lstm_encoder: 0.012116
    lstm_decoder: 0.007803
    output_layer: 0.104701
  VSN output std:
    encoder: 0.299597
  Attention entropy: 2.830158
  Saved to: experiments/12c_h1_rolling/market_only_daily_h1_d025/fold_2019/collapse_monitoring/collapse_monitor_latest.json
[DEBUG CollapseMonitor] on_validation_epoch_start called for epoch 57
[DEBUG CollapseMonitor] reset_temporal_state() called on loss function
Epoch 57: val_loss=0.378631591796875
Epoch 57: train_loss=0.45368024706840515

[CollapseMonitor] Epoch 57
  [DEBUG] Processed 4 batches from val_dataloader
  [DEBUG] Predictions shape after concat: (199,)
  Pred std: 0.033458, range: 0.101221, mean: 0.041695
  Pos: 99.0%, Neg: 1.0%, Unique: 199
  Dir Acc: 53.27%, Pred Sharpe: 19.7827
  Composite: 0.4082 (dist_match: 0.5327, actual_pos: 52.3%, pred_pos: 99.0%)
  Collapse penalty: 0.000000 (threshold: 0.005000)
  Saved validation predictions to: experiments/12c_h1_rolling/market_only_daily_h1_d025/fold_2019/collapse_monitoring/val_predictions_epoch57.npy
  Gradient norms:
    lstm_encoder: 0.012632
    lstm_decoder: 0.007930
    output_layer: 0.116691
  VSN output std:
    encoder: 0.299624
  Attention entropy: 2.844048
  Saved to: experiments/12c_h1_rolling/market_only_daily_h1_d025/fold_2019/collapse_monitoring/collapse_monitor_latest.json
[DEBUG CollapseMonitor] on_validation_epoch_start called for epoch 58
[DEBUG CollapseMonitor] reset_temporal_state() called on loss function
Epoch 58: val_loss=0.3776386082172394
Epoch 58: train_loss=0.45036306977272034

[CollapseMonitor] Epoch 58
  [DEBUG] Processed 4 batches from val_dataloader
  [DEBUG] Predictions shape after concat: (199,)
  Pred std: 0.030430, range: 0.096958, mean: 0.054688
  Pos: 100.0%, Neg: 0.0%, Unique: 198
  Dir Acc: 52.26%, Pred Sharpe: 28.5298
  Composite: 0.3979 (dist_match: 0.5226, actual_pos: 52.3%, pred_pos: 100.0%)
  Collapse penalty: 0.000000 (threshold: 0.005000)
  Saved validation predictions to: experiments/12c_h1_rolling/market_only_daily_h1_d025/fold_2019/collapse_monitoring/val_predictions_epoch58.npy
  Gradient norms:
    lstm_encoder: 0.012637
    lstm_decoder: 0.007990
    output_layer: 0.102900
  VSN output std:
    encoder: 0.299819
  Attention entropy: 2.850865
  Saved to: experiments/12c_h1_rolling/market_only_daily_h1_d025/fold_2019/collapse_monitoring/collapse_monitor_latest.json
[DEBUG CollapseMonitor] on_validation_epoch_start called for epoch 59
[DEBUG CollapseMonitor] reset_temporal_state() called on loss function
Epoch 59: val_loss=0.3781830370426178
Epoch 59: train_loss=0.45147910714149475

[CollapseMonitor] Epoch 59
  [DEBUG] Processed 4 batches from val_dataloader
  [DEBUG] Predictions shape after concat: (199,)
  Pred std: 0.028963, range: 0.093287, mean: 0.044059
  Pos: 100.0%, Neg: 0.0%, Unique: 199
  Dir Acc: 52.26%, Pred Sharpe: 24.1488
  Composite: 0.3979 (dist_match: 0.5226, actual_pos: 52.3%, pred_pos: 100.0%)
  Collapse penalty: 0.000000 (threshold: 0.005000)
  Saved validation predictions to: experiments/12c_h1_rolling/market_only_daily_h1_d025/fold_2019/collapse_monitoring/val_predictions_epoch59.npy
  Gradient norms:
    lstm_encoder: 0.012970
    lstm_decoder: 0.008140
    output_layer: 0.100640
  VSN output std:
    encoder: 0.299563
  Attention entropy: 2.849863
  Saved to: experiments/12c_h1_rolling/market_only_daily_h1_d025/fold_2019/collapse_monitoring/collapse_monitor_latest.json
[DEBUG CollapseMonitor] on_validation_epoch_start called for epoch 60
[DEBUG CollapseMonitor] reset_temporal_state() called on loss function
Epoch 60: val_loss=0.3783170282840729
Epoch 60: train_loss=0.45233163237571716

[CollapseMonitor] Epoch 60
  [DEBUG] Processed 4 batches from val_dataloader
  [DEBUG] Predictions shape after concat: (199,)
  Pred std: 0.025515, range: 0.084905, mean: 0.046200
  Pos: 100.0%, Neg: 0.0%, Unique: 196
  Dir Acc: 52.26%, Pred Sharpe: 28.7442
  Composite: 0.3979 (dist_match: 0.5226, actual_pos: 52.3%, pred_pos: 100.0%)
  Collapse penalty: 0.000000 (threshold: 0.005000)
  Saved validation predictions to: experiments/12c_h1_rolling/market_only_daily_h1_d025/fold_2019/collapse_monitoring/val_predictions_epoch60.npy
  Gradient norms:
    lstm_encoder: 0.013155
    lstm_decoder: 0.008087
    output_layer: 0.110203
  VSN output std:
    encoder: 0.299139
  Attention entropy: 2.839141
  Saved to: experiments/12c_h1_rolling/market_only_daily_h1_d025/fold_2019/collapse_monitoring/collapse_monitor_latest.json
[DEBUG CollapseMonitor] on_validation_epoch_start called for epoch 61
[DEBUG CollapseMonitor] reset_temporal_state() called on loss function
Epoch 61: val_loss=0.3777458071708679
Epoch 61: train_loss=0.45167139172554016

[CollapseMonitor] Epoch 61
  [DEBUG] Processed 4 batches from val_dataloader
  [DEBUG] Predictions shape after concat: (199,)
  Pred std: 0.027476, range: 0.088188, mean: 0.046311
  Pos: 100.0%, Neg: 0.0%, Unique: 198
  Dir Acc: 52.26%, Pred Sharpe: 26.7564
  Composite: 0.3979 (dist_match: 0.5226, actual_pos: 52.3%, pred_pos: 100.0%)
  Collapse penalty: 0.000000 (threshold: 0.005000)
  Saved validation predictions to: experiments/12c_h1_rolling/market_only_daily_h1_d025/fold_2019/collapse_monitoring/val_predictions_epoch61.npy
  Gradient norms:
    lstm_encoder: 0.013619
    lstm_decoder: 0.008537
    output_layer: 0.113366
  VSN output std:
    encoder: 0.299572
  Attention entropy: 2.844578
  Saved to: experiments/12c_h1_rolling/market_only_daily_h1_d025/fold_2019/collapse_monitoring/collapse_monitor_latest.json
[DEBUG CollapseMonitor] on_validation_epoch_start called for epoch 62
[DEBUG CollapseMonitor] reset_temporal_state() called on loss function
Epoch 62: val_loss=0.377560555934906
Epoch 62: train_loss=0.4523440897464752

[CollapseMonitor] Epoch 62
  [DEBUG] Processed 4 batches from val_dataloader
  [DEBUG] Predictions shape after concat: (199,)
  Pred std: 0.030269, range: 0.094823, mean: 0.038843
  Pos: 99.5%, Neg: 0.5%, Unique: 199
  Dir Acc: 52.76%, Pred Sharpe: 20.3710
  Composite: 0.4030 (dist_match: 0.5276, actual_pos: 52.3%, pred_pos: 99.5%)
  Collapse penalty: 0.000000 (threshold: 0.005000)
  Saved validation predictions to: experiments/12c_h1_rolling/market_only_daily_h1_d025/fold_2019/collapse_monitoring/val_predictions_epoch62.npy
  Gradient norms:
    lstm_encoder: 0.013667
    lstm_decoder: 0.008433
    output_layer: 0.096996
  VSN output std:
    encoder: 0.299906
  Attention entropy: 2.847521
  Saved to: experiments/12c_h1_rolling/market_only_daily_h1_d025/fold_2019/collapse_monitoring/collapse_monitor_latest.json
[DEBUG CollapseMonitor] on_validation_epoch_start called for epoch 63
[DEBUG CollapseMonitor] reset_temporal_state() called on loss function
Epoch 63: val_loss=0.37648653984069824
Epoch 63: train_loss=0.4487926959991455

[CollapseMonitor] Epoch 63
  [DEBUG] Processed 4 batches from val_dataloader
  [DEBUG] Predictions shape after concat: (199,)
  Pred std: 0.025658, range: 0.082337, mean: 0.052423
  Pos: 100.0%, Neg: 0.0%, Unique: 199
  Dir Acc: 52.26%, Pred Sharpe: 32.4336
  Composite: 0.3979 (dist_match: 0.5226, actual_pos: 52.3%, pred_pos: 100.0%)
  Collapse penalty: 0.000000 (threshold: 0.005000)
  Saved validation predictions to: experiments/12c_h1_rolling/market_only_daily_h1_d025/fold_2019/collapse_monitoring/val_predictions_epoch63.npy
  Gradient norms:
    lstm_encoder: 0.014638
    lstm_decoder: 0.008870
    output_layer: 0.105171
  VSN output std:
    encoder: 0.300527
  Attention entropy: 2.836905
  Saved to: experiments/12c_h1_rolling/market_only_daily_h1_d025/fold_2019/collapse_monitoring/collapse_monitor_latest.json
[DEBUG CollapseMonitor] on_validation_epoch_start called for epoch 64
[DEBUG CollapseMonitor] reset_temporal_state() called on loss function
Epoch 64: val_loss=0.3771941363811493
Epoch 64: train_loss=0.4506048262119293

[CollapseMonitor] Epoch 64
  [DEBUG] Processed 4 batches from val_dataloader
  [DEBUG] Predictions shape after concat: (199,)
  Pred std: 0.021572, range: 0.079184, mean: 0.058371
  Pos: 100.0%, Neg: 0.0%, Unique: 199
  Dir Acc: 52.26%, Pred Sharpe: 42.9545
  Composite: 0.3979 (dist_match: 0.5226, actual_pos: 52.3%, pred_pos: 100.0%)
  Collapse penalty: 0.000000 (threshold: 0.005000)
  Saved validation predictions to: experiments/12c_h1_rolling/market_only_daily_h1_d025/fold_2019/collapse_monitoring/val_predictions_epoch64.npy
  Gradient norms:
    lstm_encoder: 0.013529
    lstm_decoder: 0.008145
    output_layer: 0.106245
  VSN output std:
    encoder: 0.300535
  Attention entropy: 2.830459
  Saved to: experiments/12c_h1_rolling/market_only_daily_h1_d025/fold_2019/collapse_monitoring/collapse_monitor_latest.json
[DEBUG CollapseMonitor] on_validation_epoch_start called for epoch 65
[DEBUG CollapseMonitor] reset_temporal_state() called on loss function
Epoch 65: val_loss=0.37680888175964355
Epoch 65: train_loss=0.4495466649532318

[CollapseMonitor] Epoch 65
  [DEBUG] Processed 4 batches from val_dataloader
  [DEBUG] Predictions shape after concat: (199,)
  Pred std: 0.019719, range: 0.084239, mean: 0.054278
  Pos: 100.0%, Neg: 0.0%, Unique: 199
  Dir Acc: 52.26%, Pred Sharpe: 43.6958
  Composite: 0.3979 (dist_match: 0.5226, actual_pos: 52.3%, pred_pos: 100.0%)
  Collapse penalty: 0.000000 (threshold: 0.005000)
  Saved validation predictions to: experiments/12c_h1_rolling/market_only_daily_h1_d025/fold_2019/collapse_monitoring/val_predictions_epoch65.npy
  Gradient norms:
    lstm_encoder: 0.014066
    lstm_decoder: 0.008402
    output_layer: 0.100600
  VSN output std:
    encoder: 0.300540
  Attention entropy: 2.819484
  Saved to: experiments/12c_h1_rolling/market_only_daily_h1_d025/fold_2019/collapse_monitoring/collapse_monitor_latest.json
[DEBUG CollapseMonitor] on_validation_epoch_start called for epoch 66
[DEBUG CollapseMonitor] reset_temporal_state() called on loss function
Epoch 66: val_loss=0.377792626619339
Epoch 66: train_loss=0.4499778747558594

[CollapseMonitor] Epoch 66
  [DEBUG] Processed 4 batches from val_dataloader
  [DEBUG] Predictions shape after concat: (199,)
  Pred std: 0.022995, range: 0.075228, mean: 0.050854
  Pos: 100.0%, Neg: 0.0%, Unique: 198
  Dir Acc: 52.26%, Pred Sharpe: 35.1061
  Composite: 0.3979 (dist_match: 0.5226, actual_pos: 52.3%, pred_pos: 100.0%)
  Collapse penalty: 0.000000 (threshold: 0.005000)
  Saved validation predictions to: experiments/12c_h1_rolling/market_only_daily_h1_d025/fold_2019/collapse_monitoring/val_predictions_epoch66.npy
  Gradient norms:
    lstm_encoder: 0.015140
    lstm_decoder: 0.009308
    output_layer: 0.114497
  VSN output std:
    encoder: 0.300947
  Attention entropy: 2.838001
  Saved to: experiments/12c_h1_rolling/market_only_daily_h1_d025/fold_2019/collapse_monitoring/collapse_monitor_latest.json
[DEBUG CollapseMonitor] on_validation_epoch_start called for epoch 67
[DEBUG CollapseMonitor] reset_temporal_state() called on loss function
Epoch 67: val_loss=0.3763134181499481
Epoch 67: train_loss=0.4499090611934662

[CollapseMonitor] Epoch 67
  [DEBUG] Processed 4 batches from val_dataloader
  [DEBUG] Predictions shape after concat: (199,)
  Pred std: 0.022918, range: 0.077841, mean: 0.051205
  Pos: 100.0%, Neg: 0.0%, Unique: 199
  Dir Acc: 52.26%, Pred Sharpe: 35.4678
  Composite: 0.3979 (dist_match: 0.5226, actual_pos: 52.3%, pred_pos: 100.0%)
  Collapse penalty: 0.000000 (threshold: 0.005000)
  Saved validation predictions to: experiments/12c_h1_rolling/market_only_daily_h1_d025/fold_2019/collapse_monitoring/val_predictions_epoch67.npy
  Gradient norms:
    lstm_encoder: 0.014888
    lstm_decoder: 0.008936
    output_layer: 0.104231
  VSN output std:
    encoder: 0.301490
  Attention entropy: 2.806006
  Saved to: experiments/12c_h1_rolling/market_only_daily_h1_d025/fold_2019/collapse_monitoring/collapse_monitor_latest.json
[DEBUG CollapseMonitor] on_validation_epoch_start called for epoch 68
[DEBUG CollapseMonitor] reset_temporal_state() called on loss function
Epoch 68: val_loss=0.37741294503211975
Epoch 68: train_loss=0.4499412477016449

[CollapseMonitor] Epoch 68
  [DEBUG] Processed 4 batches from val_dataloader
  [DEBUG] Predictions shape after concat: (199,)
  Pred std: 0.025587, range: 0.081460, mean: 0.024527
  Pos: 76.9%, Neg: 23.1%, Unique: 198
  Dir Acc: 54.27%, Pred Sharpe: 15.2169
  Composite: 0.4759 (dist_match: 0.7538, actual_pos: 52.3%, pred_pos: 76.9%)
  Collapse penalty: 0.000000 (threshold: 0.005000)
  Saved validation predictions to: experiments/12c_h1_rolling/market_only_daily_h1_d025/fold_2019/collapse_monitoring/val_predictions_epoch68.npy
  Gradient norms:
    lstm_encoder: 0.015486
    lstm_decoder: 0.009285
    output_layer: 0.105684
  VSN output std:
    encoder: 0.301658
  Attention entropy: 2.836945
  Saved to: experiments/12c_h1_rolling/market_only_daily_h1_d025/fold_2019/collapse_monitoring/collapse_monitor_latest.json
[DEBUG CollapseMonitor] on_validation_epoch_start called for epoch 69
[DEBUG CollapseMonitor] reset_temporal_state() called on loss function
Epoch 69: val_loss=0.3760688006877899
Epoch 69: train_loss=0.4482528269290924

[CollapseMonitor] Epoch 69
  [DEBUG] Processed 4 batches from val_dataloader
  [DEBUG] Predictions shape after concat: (199,)
  Pred std: 0.021144, range: 0.071012, mean: 0.063077
  Pos: 100.0%, Neg: 0.0%, Unique: 198
  Dir Acc: 52.26%, Pred Sharpe: 47.3570
  Composite: 0.3979 (dist_match: 0.5226, actual_pos: 52.3%, pred_pos: 100.0%)
  Collapse penalty: 0.000000 (threshold: 0.005000)
  Saved validation predictions to: experiments/12c_h1_rolling/market_only_daily_h1_d025/fold_2019/collapse_monitoring/val_predictions_epoch69.npy
  Gradient norms:
    lstm_encoder: 0.015714
    lstm_decoder: 0.009213
    output_layer: 0.112632
  VSN output std:
    encoder: 0.301696
  Attention entropy: 2.813560
  Saved to: experiments/12c_h1_rolling/market_only_daily_h1_d025/fold_2019/collapse_monitoring/collapse_monitor_latest.json
[DEBUG CollapseMonitor] on_validation_epoch_start called for epoch 70
[DEBUG CollapseMonitor] reset_temporal_state() called on loss function
Epoch 70: val_loss=0.37629684805870056
Epoch 70: train_loss=0.45086950063705444

[CollapseMonitor] Epoch 70
  [DEBUG] Processed 4 batches from val_dataloader
  [DEBUG] Predictions shape after concat: (199,)
  Pred std: 0.017598, range: 0.079866, mean: 0.045311
  Pos: 100.0%, Neg: 0.0%, Unique: 198
  Dir Acc: 52.26%, Pred Sharpe: 40.8745
  Composite: 0.3979 (dist_match: 0.5226, actual_pos: 52.3%, pred_pos: 100.0%)
  Collapse penalty: 0.000000 (threshold: 0.005000)
  Saved validation predictions to: experiments/12c_h1_rolling/market_only_daily_h1_d025/fold_2019/collapse_monitoring/val_predictions_epoch70.npy
  Gradient norms:
    lstm_encoder: 0.016153
    lstm_decoder: 0.009631
    output_layer: 0.107552
  VSN output std:
    encoder: 0.301789
  Attention entropy: 2.797626
  Saved to: experiments/12c_h1_rolling/market_only_daily_h1_d025/fold_2019/collapse_monitoring/collapse_monitor_latest.json
[DEBUG CollapseMonitor] on_validation_epoch_start called for epoch 71
[DEBUG CollapseMonitor] reset_temporal_state() called on loss function
Epoch 71: val_loss=0.3770078718662262
Epoch 71: train_loss=0.4465477168560028

[CollapseMonitor] Epoch 71
  [DEBUG] Processed 4 batches from val_dataloader
  [DEBUG] Predictions shape after concat: (199,)
  Pred std: 0.018089, range: 0.093831, mean: 0.069352
  Pos: 100.0%, Neg: 0.0%, Unique: 198
  Dir Acc: 52.26%, Pred Sharpe: 60.8611
  Composite: 0.3979 (dist_match: 0.5226, actual_pos: 52.3%, pred_pos: 100.0%)
  Collapse penalty: 0.000000 (threshold: 0.005000)
  Saved validation predictions to: experiments/12c_h1_rolling/market_only_daily_h1_d025/fold_2019/collapse_monitoring/val_predictions_epoch71.npy
  Gradient norms:
    lstm_encoder: 0.016360
    lstm_decoder: 0.009045
    output_layer: 0.093221
  VSN output std:
    encoder: 0.301988
  Attention entropy: 2.783380
  Saved to: experiments/12c_h1_rolling/market_only_daily_h1_d025/fold_2019/collapse_monitoring/collapse_monitor_latest.json
[DEBUG CollapseMonitor] on_validation_epoch_start called for epoch 72
[DEBUG CollapseMonitor] reset_temporal_state() called on loss function
Epoch 72: val_loss=0.376157283782959
Epoch 72: train_loss=0.4495523273944855

[CollapseMonitor] Epoch 72
  [DEBUG] Processed 4 batches from val_dataloader
  [DEBUG] Predictions shape after concat: (199,)
  Pred std: 0.018589, range: 0.064161, mean: 0.041381
  Pos: 100.0%, Neg: 0.0%, Unique: 198
  Dir Acc: 52.26%, Pred Sharpe: 35.3392
  Composite: 0.3979 (dist_match: 0.5226, actual_pos: 52.3%, pred_pos: 100.0%)
  Collapse penalty: 0.000000 (threshold: 0.005000)
  Saved validation predictions to: experiments/12c_h1_rolling/market_only_daily_h1_d025/fold_2019/collapse_monitoring/val_predictions_epoch72.npy
  Gradient norms:
    lstm_encoder: 0.015609
    lstm_decoder: 0.008955
    output_layer: 0.106858
  VSN output std:
    encoder: 0.301750
  Attention entropy: 2.803844
  Saved to: experiments/12c_h1_rolling/market_only_daily_h1_d025/fold_2019/collapse_monitoring/collapse_monitor_latest.json
[DEBUG CollapseMonitor] on_validation_epoch_start called for epoch 73
[DEBUG CollapseMonitor] reset_temporal_state() called on loss function
Epoch 73: val_loss=0.37524792551994324
Epoch 73: train_loss=0.44931909441947937

[CollapseMonitor] Epoch 73
  [DEBUG] Processed 4 batches from val_dataloader
  [DEBUG] Predictions shape after concat: (199,)
  Pred std: 0.018716, range: 0.064147, mean: 0.048025
  Pos: 100.0%, Neg: 0.0%, Unique: 199
  Dir Acc: 52.26%, Pred Sharpe: 40.7326
  Composite: 0.3979 (dist_match: 0.5226, actual_pos: 52.3%, pred_pos: 100.0%)
  Collapse penalty: 0.000000 (threshold: 0.005000)
  Saved validation predictions to: experiments/12c_h1_rolling/market_only_daily_h1_d025/fold_2019/collapse_monitoring/val_predictions_epoch73.npy
  Gradient norms:
    lstm_encoder: 0.018254
    lstm_decoder: 0.010525
    output_layer: 0.117539
  VSN output std:
    encoder: 0.301417
  Attention entropy: 2.806605
  Saved to: experiments/12c_h1_rolling/market_only_daily_h1_d025/fold_2019/collapse_monitoring/collapse_monitor_latest.json
[DEBUG CollapseMonitor] on_validation_epoch_start called for epoch 74
[DEBUG CollapseMonitor] reset_temporal_state() called on loss function
Epoch 74: val_loss=0.3770514726638794
Epoch 74: train_loss=0.44945576786994934

[CollapseMonitor] Epoch 74
  [DEBUG] Processed 4 batches from val_dataloader
  [DEBUG] Predictions shape after concat: (199,)
  Pred std: 0.018304, range: 0.063673, mean: 0.041647
  Pos: 100.0%, Neg: 0.0%, Unique: 198
  Dir Acc: 52.26%, Pred Sharpe: 36.1194
  Composite: 0.3979 (dist_match: 0.5226, actual_pos: 52.3%, pred_pos: 100.0%)
  Collapse penalty: 0.000000 (threshold: 0.005000)
  Saved validation predictions to: experiments/12c_h1_rolling/market_only_daily_h1_d025/fold_2019/collapse_monitoring/val_predictions_epoch74.npy
  Gradient norms:
    lstm_encoder: 0.017783
    lstm_decoder: 0.009336
    output_layer: 0.105289
  VSN output std:
    encoder: 0.301453
  Attention entropy: 2.809391
  Saved to: experiments/12c_h1_rolling/market_only_daily_h1_d025/fold_2019/collapse_monitoring/collapse_monitor_latest.json
[DEBUG CollapseMonitor] on_validation_epoch_start called for epoch 75
[DEBUG CollapseMonitor] reset_temporal_state() called on loss function
Epoch 75: val_loss=0.3766314387321472
Epoch 75: train_loss=0.4482530355453491

[CollapseMonitor] Epoch 75
  [DEBUG] Processed 4 batches from val_dataloader
  [DEBUG] Predictions shape after concat: (199,)
  Pred std: 0.018053, range: 0.063902, mean: 0.053435
  Pos: 100.0%, Neg: 0.0%, Unique: 199
  Dir Acc: 52.26%, Pred Sharpe: 46.9868
  Composite: 0.3979 (dist_match: 0.5226, actual_pos: 52.3%, pred_pos: 100.0%)
  Collapse penalty: 0.000000 (threshold: 0.005000)
  Saved validation predictions to: experiments/12c_h1_rolling/market_only_daily_h1_d025/fold_2019/collapse_monitoring/val_predictions_epoch75.npy
  Gradient norms:
    lstm_encoder: 0.020138
    lstm_decoder: 0.010691
    output_layer: 0.107776
  VSN output std:
    encoder: 0.301415
  Attention entropy: 2.811582
  Saved to: experiments/12c_h1_rolling/market_only_daily_h1_d025/fold_2019/collapse_monitoring/collapse_monitor_latest.json
[DEBUG CollapseMonitor] on_validation_epoch_start called for epoch 76
[DEBUG CollapseMonitor] reset_temporal_state() called on loss function
Epoch 76: val_loss=0.3752557635307312
Epoch 76: train_loss=0.44999590516090393

[CollapseMonitor] Epoch 76
  [DEBUG] Processed 4 batches from val_dataloader
  [DEBUG] Predictions shape after concat: (199,)
  Pred std: 0.021631, range: 0.074862, mean: 0.049976
  Pos: 100.0%, Neg: 0.0%, Unique: 199
  Dir Acc: 52.26%, Pred Sharpe: 36.6761
  Composite: 0.3979 (dist_match: 0.5226, actual_pos: 52.3%, pred_pos: 100.0%)
  Collapse penalty: 0.000000 (threshold: 0.005000)
  Saved validation predictions to: experiments/12c_h1_rolling/market_only_daily_h1_d025/fold_2019/collapse_monitoring/val_predictions_epoch76.npy
  Gradient norms:
    lstm_encoder: 0.019157
    lstm_decoder: 0.009842
    output_layer: 0.102521
  VSN output std:
    encoder: 0.300923
  Attention entropy: 2.825819
  Saved to: experiments/12c_h1_rolling/market_only_daily_h1_d025/fold_2019/collapse_monitoring/collapse_monitor_latest.json
[DEBUG CollapseMonitor] on_validation_epoch_start called for epoch 77
[DEBUG CollapseMonitor] reset_temporal_state() called on loss function
Epoch 77: val_loss=0.3752070367336273
Epoch 77: train_loss=0.4488130807876587

[CollapseMonitor] Epoch 77
  [DEBUG] Processed 4 batches from val_dataloader
  [DEBUG] Predictions shape after concat: (199,)
  Pred std: 0.022753, range: 0.079195, mean: 0.046676
  Pos: 100.0%, Neg: 0.0%, Unique: 198
  Dir Acc: 52.26%, Pred Sharpe: 32.5657
  Composite: 0.3979 (dist_match: 0.5226, actual_pos: 52.3%, pred_pos: 100.0%)
  Collapse penalty: 0.000000 (threshold: 0.005000)
  Saved validation predictions to: experiments/12c_h1_rolling/market_only_daily_h1_d025/fold_2019/collapse_monitoring/val_predictions_epoch77.npy
  Gradient norms:
    lstm_encoder: 0.020946
    lstm_decoder: 0.011086
    output_layer: 0.104325
  VSN output std:
    encoder: 0.301129
  Attention entropy: 2.833035
  Saved to: experiments/12c_h1_rolling/market_only_daily_h1_d025/fold_2019/collapse_monitoring/collapse_monitor_latest.json
[DEBUG CollapseMonitor] on_validation_epoch_start called for epoch 78
[DEBUG CollapseMonitor] reset_temporal_state() called on loss function
Epoch 78: val_loss=0.37488412857055664
Epoch 78: train_loss=0.44703730940818787

[CollapseMonitor] Epoch 78
  [DEBUG] Processed 4 batches from val_dataloader
  [DEBUG] Predictions shape after concat: (199,)
  Pred std: 0.020355, range: 0.070100, mean: 0.063007
  Pos: 100.0%, Neg: 0.0%, Unique: 199
  Dir Acc: 52.26%, Pred Sharpe: 49.1374
  Composite: 0.3979 (dist_match: 0.5226, actual_pos: 52.3%, pred_pos: 100.0%)
  Collapse penalty: 0.000000 (threshold: 0.005000)
  Saved validation predictions to: experiments/12c_h1_rolling/market_only_daily_h1_d025/fold_2019/collapse_monitoring/val_predictions_epoch78.npy
  Gradient norms:
    lstm_encoder: 0.021542
    lstm_decoder: 0.010200
    output_layer: 0.099362
  VSN output std:
    encoder: 0.301301
  Attention entropy: 2.827283
  Saved to: experiments/12c_h1_rolling/market_only_daily_h1_d025/fold_2019/collapse_monitoring/collapse_monitor_latest.json
[DEBUG CollapseMonitor] on_validation_epoch_start called for epoch 79
[DEBUG CollapseMonitor] reset_temporal_state() called on loss function
Epoch 79: val_loss=0.37526649236679077
Epoch 79: train_loss=0.4478219747543335

[CollapseMonitor] Epoch 79
  [DEBUG] Processed 4 batches from val_dataloader
  [DEBUG] Predictions shape after concat: (199,)
  Pred std: 0.019758, range: 0.067965, mean: 0.042698
  Pos: 100.0%, Neg: 0.0%, Unique: 198
  Dir Acc: 52.26%, Pred Sharpe: 34.3057
  Composite: 0.3979 (dist_match: 0.5226, actual_pos: 52.3%, pred_pos: 100.0%)
  Collapse penalty: 0.000000 (threshold: 0.005000)
  Saved validation predictions to: experiments/12c_h1_rolling/market_only_daily_h1_d025/fold_2019/collapse_monitoring/val_predictions_epoch79.npy
  Gradient norms:
    lstm_encoder: 0.021867
    lstm_decoder: 0.011277
    output_layer: 0.100209
  VSN output std:
    encoder: 0.300926
  Attention entropy: 2.834779
  Saved to: experiments/12c_h1_rolling/market_only_daily_h1_d025/fold_2019/collapse_monitoring/collapse_monitor_latest.json
[DEBUG CollapseMonitor] on_validation_epoch_start called for epoch 80
[DEBUG CollapseMonitor] reset_temporal_state() called on loss function
Epoch 80: val_loss=0.3747204840183258
Epoch 80: train_loss=0.44333353638648987

[CollapseMonitor] Epoch 80
  [DEBUG] Processed 4 batches from val_dataloader
  [DEBUG] Predictions shape after concat: (199,)
  Pred std: 0.015336, range: 0.054029, mean: 0.051908
  Pos: 100.0%, Neg: 0.0%, Unique: 199
  Dir Acc: 52.26%, Pred Sharpe: 53.7293
  Composite: 0.3979 (dist_match: 0.5226, actual_pos: 52.3%, pred_pos: 100.0%)
  Collapse penalty: 0.000000 (threshold: 0.005000)
  Saved validation predictions to: experiments/12c_h1_rolling/market_only_daily_h1_d025/fold_2019/collapse_monitoring/val_predictions_epoch80.npy
  Gradient norms:
    lstm_encoder: 0.020954
    lstm_decoder: 0.010330
    output_layer: 0.101058
  VSN output std:
    encoder: 0.300726
  Attention entropy: 2.840546
  Saved to: experiments/12c_h1_rolling/market_only_daily_h1_d025/fold_2019/collapse_monitoring/collapse_monitor_latest.json
[DEBUG CollapseMonitor] on_validation_epoch_start called for epoch 81
[DEBUG CollapseMonitor] reset_temporal_state() called on loss function
Epoch 81: val_loss=0.37626171112060547
Epoch 81: train_loss=0.44735080003738403

[CollapseMonitor] Epoch 81
  [DEBUG] Processed 4 batches from val_dataloader
  [DEBUG] Predictions shape after concat: (199,)
  Pred std: 0.019467, range: 0.067423, mean: 0.069123
  Pos: 100.0%, Neg: 0.0%, Unique: 199
  Dir Acc: 52.26%, Pred Sharpe: 56.3671
  Composite: 0.3979 (dist_match: 0.5226, actual_pos: 52.3%, pred_pos: 100.0%)
  Collapse penalty: 0.000000 (threshold: 0.005000)
  Saved validation predictions to: experiments/12c_h1_rolling/market_only_daily_h1_d025/fold_2019/collapse_monitoring/val_predictions_epoch81.npy
  Gradient norms:
    lstm_encoder: 0.022940
    lstm_decoder: 0.011148
    output_layer: 0.105717
  VSN output std:
    encoder: 0.301460
  Attention entropy: 2.841426
  Saved to: experiments/12c_h1_rolling/market_only_daily_h1_d025/fold_2019/collapse_monitoring/collapse_monitor_latest.json
[DEBUG CollapseMonitor] on_validation_epoch_start called for epoch 82
[DEBUG CollapseMonitor] reset_temporal_state() called on loss function
Epoch 82: val_loss=0.37423625588417053
Epoch 82: train_loss=0.4481458067893982

[CollapseMonitor] Epoch 82
  [DEBUG] Processed 4 batches from val_dataloader
  [DEBUG] Predictions shape after concat: (199,)
  Pred std: 0.021037, range: 0.074305, mean: 0.049938
  Pos: 100.0%, Neg: 0.0%, Unique: 199
  Dir Acc: 52.26%, Pred Sharpe: 37.6834
  Composite: 0.3979 (dist_match: 0.5226, actual_pos: 52.3%, pred_pos: 100.0%)
  Collapse penalty: 0.000000 (threshold: 0.005000)
  Saved validation predictions to: experiments/12c_h1_rolling/market_only_daily_h1_d025/fold_2019/collapse_monitoring/val_predictions_epoch82.npy
  Gradient norms:
    lstm_encoder: 0.023559
    lstm_decoder: 0.011785
    output_layer: 0.116960
  VSN output std:
    encoder: 0.301261
  Attention entropy: 2.828263
  Saved to: experiments/12c_h1_rolling/market_only_daily_h1_d025/fold_2019/collapse_monitoring/collapse_monitor_latest.json
[DEBUG CollapseMonitor] on_validation_epoch_start called for epoch 83
[DEBUG CollapseMonitor] reset_temporal_state() called on loss function
Epoch 83: val_loss=0.37499746680259705
Epoch 83: train_loss=0.4459231495857239

[CollapseMonitor] Epoch 83
  [DEBUG] Processed 4 batches from val_dataloader
  [DEBUG] Predictions shape after concat: (199,)
  Pred std: 0.021498, range: 0.079117, mean: 0.051921
  Pos: 100.0%, Neg: 0.0%, Unique: 199
  Dir Acc: 52.26%, Pred Sharpe: 38.3392
  Composite: 0.3979 (dist_match: 0.5226, actual_pos: 52.3%, pred_pos: 100.0%)
  Collapse penalty: 0.000000 (threshold: 0.005000)
  Saved validation predictions to: experiments/12c_h1_rolling/market_only_daily_h1_d025/fold_2019/collapse_monitoring/val_predictions_epoch83.npy
  Gradient norms:
    lstm_encoder: 0.024571
    lstm_decoder: 0.012052
    output_layer: 0.103787
  VSN output std:
    encoder: 0.300731
  Attention entropy: 2.859200
  Saved to: experiments/12c_h1_rolling/market_only_daily_h1_d025/fold_2019/collapse_monitoring/collapse_monitor_latest.json
[DEBUG CollapseMonitor] on_validation_epoch_start called for epoch 84
[DEBUG CollapseMonitor] reset_temporal_state() called on loss function
Epoch 84: val_loss=0.37467098236083984
Epoch 84: train_loss=0.4473262131214142

[CollapseMonitor] Epoch 84
  [DEBUG] Processed 4 batches from val_dataloader
  [DEBUG] Predictions shape after concat: (199,)
  Pred std: 0.017076, range: 0.060393, mean: 0.056182
  Pos: 100.0%, Neg: 0.0%, Unique: 198
  Dir Acc: 52.26%, Pred Sharpe: 52.2289
  Composite: 0.3979 (dist_match: 0.5226, actual_pos: 52.3%, pred_pos: 100.0%)
  Collapse penalty: 0.000000 (threshold: 0.005000)
  Saved validation predictions to: experiments/12c_h1_rolling/market_only_daily_h1_d025/fold_2019/collapse_monitoring/val_predictions_epoch84.npy
  Gradient norms:
    lstm_encoder: 0.025647
    lstm_decoder: 0.012638
    output_layer: 0.115220
  VSN output std:
    encoder: 0.300421
  Attention entropy: 2.856113
  Saved to: experiments/12c_h1_rolling/market_only_daily_h1_d025/fold_2019/collapse_monitoring/collapse_monitor_latest.json
[DEBUG CollapseMonitor] on_validation_epoch_start called for epoch 85
[DEBUG CollapseMonitor] reset_temporal_state() called on loss function
Epoch 85: val_loss=0.3765987753868103
Epoch 85: train_loss=0.44719162583351135

[CollapseMonitor] Epoch 85
  [DEBUG] Processed 4 batches from val_dataloader
  [DEBUG] Predictions shape after concat: (199,)
  Pred std: 0.020915, range: 0.080510, mean: 0.049802
  Pos: 100.0%, Neg: 0.0%, Unique: 198
  Dir Acc: 52.26%, Pred Sharpe: 37.7994
  Composite: 0.3979 (dist_match: 0.5226, actual_pos: 52.3%, pred_pos: 100.0%)
  Collapse penalty: 0.000000 (threshold: 0.005000)
  Saved validation predictions to: experiments/12c_h1_rolling/market_only_daily_h1_d025/fold_2019/collapse_monitoring/val_predictions_epoch85.npy
  Gradient norms:
    lstm_encoder: 0.023892
    lstm_decoder: 0.011506
    output_layer: 0.099588
  VSN output std:
    encoder: 0.300113
  Attention entropy: 2.871368
  Saved to: experiments/12c_h1_rolling/market_only_daily_h1_d025/fold_2019/collapse_monitoring/collapse_monitor_latest.json
[DEBUG CollapseMonitor] on_validation_epoch_start called for epoch 86
[DEBUG CollapseMonitor] reset_temporal_state() called on loss function
Epoch 86: val_loss=0.3737452030181885
Epoch 86: train_loss=0.44527897238731384

[CollapseMonitor] Epoch 86
  [DEBUG] Processed 4 batches from val_dataloader
  [DEBUG] Predictions shape after concat: (199,)
  Pred std: 0.018953, range: 0.069063, mean: 0.039939
  Pos: 100.0%, Neg: 0.0%, Unique: 198
  Dir Acc: 52.26%, Pred Sharpe: 33.4515
  Composite: 0.3979 (dist_match: 0.5226, actual_pos: 52.3%, pred_pos: 100.0%)
  Collapse penalty: 0.000000 (threshold: 0.005000)
  Saved validation predictions to: experiments/12c_h1_rolling/market_only_daily_h1_d025/fold_2019/collapse_monitoring/val_predictions_epoch86.npy
  Gradient norms:
    lstm_encoder: 0.025477
    lstm_decoder: 0.012187
    output_layer: 0.104138
  VSN output std:
    encoder: 0.299881
  Attention entropy: 2.835569
  Saved to: experiments/12c_h1_rolling/market_only_daily_h1_d025/fold_2019/collapse_monitoring/collapse_monitor_latest.json
[DEBUG CollapseMonitor] on_validation_epoch_start called for epoch 87
[DEBUG CollapseMonitor] reset_temporal_state() called on loss function
Epoch 87: val_loss=0.3746694028377533
Epoch 87: train_loss=0.4450559616088867

[CollapseMonitor] Epoch 87
  [DEBUG] Processed 4 batches from val_dataloader
  [DEBUG] Predictions shape after concat: (199,)
  Pred std: 0.019921, range: 0.077624, mean: 0.060821
  Pos: 100.0%, Neg: 0.0%, Unique: 199
  Dir Acc: 52.26%, Pred Sharpe: 48.4672
  Composite: 0.3979 (dist_match: 0.5226, actual_pos: 52.3%, pred_pos: 100.0%)
  Collapse penalty: 0.000000 (threshold: 0.005000)
  Saved validation predictions to: experiments/12c_h1_rolling/market_only_daily_h1_d025/fold_2019/collapse_monitoring/val_predictions_epoch87.npy
  Gradient norms:
    lstm_encoder: 0.027255
    lstm_decoder: 0.012540
    output_layer: 0.111190
  VSN output std:
    encoder: 0.299984
  Attention entropy: 2.842867
  Saved to: experiments/12c_h1_rolling/market_only_daily_h1_d025/fold_2019/collapse_monitoring/collapse_monitor_latest.json
[DEBUG CollapseMonitor] on_validation_epoch_start called for epoch 88
[DEBUG CollapseMonitor] reset_temporal_state() called on loss function
Epoch 88: val_loss=0.37401846051216125
Epoch 88: train_loss=0.4458237588405609

[CollapseMonitor] Epoch 88
  [DEBUG] Processed 4 batches from val_dataloader
  [DEBUG] Predictions shape after concat: (199,)
  Pred std: 0.021030, range: 0.089792, mean: 0.047980
  Pos: 100.0%, Neg: 0.0%, Unique: 199
  Dir Acc: 52.26%, Pred Sharpe: 36.2181
  Composite: 0.3979 (dist_match: 0.5226, actual_pos: 52.3%, pred_pos: 100.0%)
  Collapse penalty: 0.000000 (threshold: 0.005000)
  Saved validation predictions to: experiments/12c_h1_rolling/market_only_daily_h1_d025/fold_2019/collapse_monitoring/val_predictions_epoch88.npy
  Gradient norms:
    lstm_encoder: 0.025313
    lstm_decoder: 0.012184
    output_layer: 0.100994
  VSN output std:
    encoder: 0.299488
  Attention entropy: 2.857988
  Saved to: experiments/12c_h1_rolling/market_only_daily_h1_d025/fold_2019/collapse_monitoring/collapse_monitor_latest.json
[DEBUG CollapseMonitor] on_validation_epoch_start called for epoch 89
[DEBUG CollapseMonitor] reset_temporal_state() called on loss function
Epoch 89: val_loss=0.3752983510494232
Epoch 89: train_loss=0.4482017755508423

[CollapseMonitor] Epoch 89
  [DEBUG] Processed 4 batches from val_dataloader
  [DEBUG] Predictions shape after concat: (199,)
  Pred std: 0.019855, range: 0.075931, mean: 0.057678
  Pos: 100.0%, Neg: 0.0%, Unique: 195
  Dir Acc: 52.26%, Pred Sharpe: 46.1146
  Composite: 0.3979 (dist_match: 0.5226, actual_pos: 52.3%, pred_pos: 100.0%)
  Collapse penalty: 0.000000 (threshold: 0.005000)
  Saved validation predictions to: experiments/12c_h1_rolling/market_only_daily_h1_d025/fold_2019/collapse_monitoring/val_predictions_epoch89.npy
  Gradient norms:
    lstm_encoder: 0.026344
    lstm_decoder: 0.010752
    output_layer: 0.099542
  VSN output std:
    encoder: 0.299622
  Attention entropy: 2.847417
  Saved to: experiments/12c_h1_rolling/market_only_daily_h1_d025/fold_2019/collapse_monitoring/collapse_monitor_latest.json
[DEBUG CollapseMonitor] on_validation_epoch_start called for epoch 90
[DEBUG CollapseMonitor] reset_temporal_state() called on loss function
Epoch 90: val_loss=0.37367716431617737
Epoch 90: train_loss=0.44512850046157837

[CollapseMonitor] Epoch 90
  [DEBUG] Processed 4 batches from val_dataloader
  [DEBUG] Predictions shape after concat: (199,)
  Pred std: 0.024392, range: 0.099804, mean: 0.064277
  Pos: 100.0%, Neg: 0.0%, Unique: 199
  Dir Acc: 52.26%, Pred Sharpe: 41.8319
  Composite: 0.3979 (dist_match: 0.5226, actual_pos: 52.3%, pred_pos: 100.0%)
  Collapse penalty: 0.000000 (threshold: 0.005000)
  Saved validation predictions to: experiments/12c_h1_rolling/market_only_daily_h1_d025/fold_2019/collapse_monitoring/val_predictions_epoch90.npy
  Gradient norms:
    lstm_encoder: 0.027044
    lstm_decoder: 0.012235
    output_layer: 0.109986
  VSN output std:
    encoder: 0.299183
  Attention entropy: 2.843261
  Saved to: experiments/12c_h1_rolling/market_only_daily_h1_d025/fold_2019/collapse_monitoring/collapse_monitor_latest.json
[DEBUG CollapseMonitor] on_validation_epoch_start called for epoch 91
[DEBUG CollapseMonitor] reset_temporal_state() called on loss function
Epoch 91: val_loss=0.37491050362586975
Epoch 91: train_loss=0.4453195631504059

[CollapseMonitor] Epoch 91
  [DEBUG] Processed 4 batches from val_dataloader
  [DEBUG] Predictions shape after concat: (199,)
  Pred std: 0.020839, range: 0.086400, mean: 0.084421
  Pos: 100.0%, Neg: 0.0%, Unique: 199
  Dir Acc: 52.26%, Pred Sharpe: 64.3092
  Composite: 0.3979 (dist_match: 0.5226, actual_pos: 52.3%, pred_pos: 100.0%)
  Collapse penalty: 0.000000 (threshold: 0.005000)
  Saved validation predictions to: experiments/12c_h1_rolling/market_only_daily_h1_d025/fold_2019/collapse_monitoring/val_predictions_epoch91.npy
  Gradient norms:
    lstm_encoder: 0.026852
    lstm_decoder: 0.012314
    output_layer: 0.113516
  VSN output std:
    encoder: 0.298629
  Attention entropy: 2.850960
  Saved to: experiments/12c_h1_rolling/market_only_daily_h1_d025/fold_2019/collapse_monitoring/collapse_monitor_latest.json
[DEBUG CollapseMonitor] on_validation_epoch_start called for epoch 92
[DEBUG CollapseMonitor] reset_temporal_state() called on loss function
Epoch 92: val_loss=0.37511157989501953
Epoch 92: train_loss=0.44599518179893494

[CollapseMonitor] Epoch 92
  [DEBUG] Processed 4 batches from val_dataloader
  [DEBUG] Predictions shape after concat: (199,)
  Pred std: 0.021598, range: 0.090444, mean: 0.069551
  Pos: 100.0%, Neg: 0.0%, Unique: 199
  Dir Acc: 52.26%, Pred Sharpe: 51.1190
  Composite: 0.3979 (dist_match: 0.5226, actual_pos: 52.3%, pred_pos: 100.0%)
  Collapse penalty: 0.000000 (threshold: 0.005000)
  Saved validation predictions to: experiments/12c_h1_rolling/market_only_daily_h1_d025/fold_2019/collapse_monitoring/val_predictions_epoch92.npy
  Gradient norms:
    lstm_encoder: 0.027372
    lstm_decoder: 0.012989
    output_layer: 0.107630
  VSN output std:
    encoder: 0.298532
  Attention entropy: 2.836200
  Saved to: experiments/12c_h1_rolling/market_only_daily_h1_d025/fold_2019/collapse_monitoring/collapse_monitor_latest.json
[DEBUG CollapseMonitor] on_validation_epoch_start called for epoch 93
[DEBUG CollapseMonitor] reset_temporal_state() called on loss function
Epoch 93: val_loss=0.37302374839782715
Epoch 93: train_loss=0.44738543033599854

[CollapseMonitor] Epoch 93
  [DEBUG] Processed 4 batches from val_dataloader
  [DEBUG] Predictions shape after concat: (199,)
  Pred std: 0.025396, range: 0.106446, mean: 0.059903
  Pos: 100.0%, Neg: 0.0%, Unique: 199
  Dir Acc: 52.26%, Pred Sharpe: 37.4439
  Composite: 0.3979 (dist_match: 0.5226, actual_pos: 52.3%, pred_pos: 100.0%)
  Collapse penalty: 0.000000 (threshold: 0.005000)
  Saved validation predictions to: experiments/12c_h1_rolling/market_only_daily_h1_d025/fold_2019/collapse_monitoring/val_predictions_epoch93.npy
  Gradient norms:
    lstm_encoder: 0.026534
    lstm_decoder: 0.012586
    output_layer: 0.104853
  VSN output std:
    encoder: 0.298482
  Attention entropy: 2.809804
  Saved to: experiments/12c_h1_rolling/market_only_daily_h1_d025/fold_2019/collapse_monitoring/collapse_monitor_latest.json
[DEBUG CollapseMonitor] on_validation_epoch_start called for epoch 94
[DEBUG CollapseMonitor] reset_temporal_state() called on loss function
Epoch 94: val_loss=0.374652624130249
Epoch 94: train_loss=0.44572630524635315

[CollapseMonitor] Epoch 94
  [DEBUG] Processed 4 batches from val_dataloader
  [DEBUG] Predictions shape after concat: (199,)
  Pred std: 0.023819, range: 0.108018, mean: 0.081083
  Pos: 100.0%, Neg: 0.0%, Unique: 198
  Dir Acc: 52.26%, Pred Sharpe: 54.0385
  Composite: 0.3979 (dist_match: 0.5226, actual_pos: 52.3%, pred_pos: 100.0%)
  Collapse penalty: 0.000000 (threshold: 0.005000)
  Saved validation predictions to: experiments/12c_h1_rolling/market_only_daily_h1_d025/fold_2019/collapse_monitoring/val_predictions_epoch94.npy
  Gradient norms:
    lstm_encoder: 0.026563
    lstm_decoder: 0.012096
    output_layer: 0.100959
  VSN output std:
    encoder: 0.298099
  Attention entropy: 2.842165
  Saved to: experiments/12c_h1_rolling/market_only_daily_h1_d025/fold_2019/collapse_monitoring/collapse_monitor_latest.json
[DEBUG CollapseMonitor] on_validation_epoch_start called for epoch 95
[DEBUG CollapseMonitor] reset_temporal_state() called on loss function
Epoch 95: val_loss=0.3746090233325958
Epoch 95: train_loss=0.4464556574821472

[CollapseMonitor] Epoch 95
  [DEBUG] Processed 4 batches from val_dataloader
  [DEBUG] Predictions shape after concat: (199,)
  Pred std: 0.024804, range: 0.110482, mean: 0.052572
  Pos: 100.0%, Neg: 0.0%, Unique: 199
  Dir Acc: 52.26%, Pred Sharpe: 33.6457
  Composite: 0.3979 (dist_match: 0.5226, actual_pos: 52.3%, pred_pos: 100.0%)
  Collapse penalty: 0.000000 (threshold: 0.005000)
  Saved validation predictions to: experiments/12c_h1_rolling/market_only_daily_h1_d025/fold_2019/collapse_monitoring/val_predictions_epoch95.npy
  Gradient norms:
    lstm_encoder: 0.031429
    lstm_decoder: 0.013572
    output_layer: 0.104147
  VSN output std:
    encoder: 0.298421
  Attention entropy: 2.843041
  Saved to: experiments/12c_h1_rolling/market_only_daily_h1_d025/fold_2019/collapse_monitoring/collapse_monitor_latest.json
[DEBUG CollapseMonitor] on_validation_epoch_start called for epoch 96
[DEBUG CollapseMonitor] reset_temporal_state() called on loss function
Epoch 96: val_loss=0.37406039237976074
Epoch 96: train_loss=0.44662797451019287

[CollapseMonitor] Epoch 96
  [DEBUG] Processed 4 batches from val_dataloader
  [DEBUG] Predictions shape after concat: (199,)
  Pred std: 0.023267, range: 0.095637, mean: 0.073805
  Pos: 100.0%, Neg: 0.0%, Unique: 198
  Dir Acc: 52.26%, Pred Sharpe: 50.3558
  Composite: 0.3979 (dist_match: 0.5226, actual_pos: 52.3%, pred_pos: 100.0%)
  Collapse penalty: 0.000000 (threshold: 0.005000)
  Saved validation predictions to: experiments/12c_h1_rolling/market_only_daily_h1_d025/fold_2019/collapse_monitoring/val_predictions_epoch96.npy
  Gradient norms:
    lstm_encoder: 0.029144
    lstm_decoder: 0.013280
    output_layer: 0.104501
  VSN output std:
    encoder: 0.298015
  Attention entropy: 2.840550
  Saved to: experiments/12c_h1_rolling/market_only_daily_h1_d025/fold_2019/collapse_monitoring/collapse_monitor_latest.json
[DEBUG CollapseMonitor] on_validation_epoch_start called for epoch 97
[DEBUG CollapseMonitor] reset_temporal_state() called on loss function
Epoch 97: val_loss=0.372651070356369
Epoch 97: train_loss=0.4454495906829834

[CollapseMonitor] Epoch 97
  [DEBUG] Processed 4 batches from val_dataloader
  [DEBUG] Predictions shape after concat: (199,)
  Pred std: 0.026622, range: 0.113034, mean: 0.047553
  Pos: 100.0%, Neg: 0.0%, Unique: 199
  Dir Acc: 52.26%, Pred Sharpe: 28.3556
  Composite: 0.3979 (dist_match: 0.5226, actual_pos: 52.3%, pred_pos: 100.0%)
  Collapse penalty: 0.000000 (threshold: 0.005000)
  Saved validation predictions to: experiments/12c_h1_rolling/market_only_daily_h1_d025/fold_2019/collapse_monitoring/val_predictions_epoch97.npy
  Gradient norms:
    lstm_encoder: 0.028064
    lstm_decoder: 0.011777
    output_layer: 0.100380
  VSN output std:
    encoder: 0.297814
  Attention entropy: 2.840384
  Saved to: experiments/12c_h1_rolling/market_only_daily_h1_d025/fold_2019/collapse_monitoring/collapse_monitor_latest.json
[DEBUG CollapseMonitor] on_validation_epoch_start called for epoch 98
[DEBUG CollapseMonitor] reset_temporal_state() called on loss function
Epoch 98: val_loss=0.3736535906791687
Epoch 98: train_loss=0.4447111189365387

[CollapseMonitor] Epoch 98
  [DEBUG] Processed 4 batches from val_dataloader
  [DEBUG] Predictions shape after concat: (199,)
  Pred std: 0.025315, range: 0.111595, mean: 0.061811
  Pos: 100.0%, Neg: 0.0%, Unique: 199
  Dir Acc: 52.26%, Pred Sharpe: 38.7601
  Composite: 0.3979 (dist_match: 0.5226, actual_pos: 52.3%, pred_pos: 100.0%)
  Collapse penalty: 0.000000 (threshold: 0.005000)
  Saved validation predictions to: experiments/12c_h1_rolling/market_only_daily_h1_d025/fold_2019/collapse_monitoring/val_predictions_epoch98.npy
  Gradient norms:
    lstm_encoder: 0.029671
    lstm_decoder: 0.012534
    output_layer: 0.106570
  VSN output std:
    encoder: 0.297728
  Attention entropy: 2.849200
  Saved to: experiments/12c_h1_rolling/market_only_daily_h1_d025/fold_2019/collapse_monitoring/collapse_monitor_latest.json
[DEBUG CollapseMonitor] on_validation_epoch_start called for epoch 99
[DEBUG CollapseMonitor] reset_temporal_state() called on loss function
Epoch 99: val_loss=0.3727671205997467
Epoch 99: train_loss=0.44584640860557556

[CollapseMonitor] Epoch 99
  [DEBUG] Processed 4 batches from val_dataloader
  [DEBUG] Predictions shape after concat: (199,)
  Pred std: 0.027604, range: 0.118337, mean: 0.066573
  Pos: 100.0%, Neg: 0.0%, Unique: 199
  Dir Acc: 52.26%, Pred Sharpe: 38.2845
  Composite: 0.3979 (dist_match: 0.5226, actual_pos: 52.3%, pred_pos: 100.0%)
  Collapse penalty: 0.000000 (threshold: 0.005000)
  Saved validation predictions to: experiments/12c_h1_rolling/market_only_daily_h1_d025/fold_2019/collapse_monitoring/val_predictions_epoch99.npy
  Gradient norms:
    lstm_encoder: 0.029019
    lstm_decoder: 0.013932
    output_layer: 0.100611
  VSN output std:
    encoder: 0.297674
  Attention entropy: 2.855485
  Saved to: experiments/12c_h1_rolling/market_only_daily_h1_d025/fold_2019/collapse_monitoring/collapse_monitor_latest.json


======================================================================
Training complete
======================================================================

Best val_loss checkpoint: experiments/12c_h1_rolling/market_only_daily_h1_d025/fold_2019/checkpoints/tft-epoch=epoch=97-valloss=val_loss=0.3727.ckpt
Best validation loss: 0.372651
Checkpoints saved:
  - Best val_loss: experiments/12c_h1_rolling/market_only_daily_h1_d025/fold_2019/checkpoints/tft-epoch=epoch=97-valloss=val_loss=0.3727.ckpt
  - Best pred_std: experiments/12c_h1_rolling/market_only_daily_h1_d025/fold_2019/checkpoints/tft-epoch=epoch=33-predstd=val_pred_std=0.0494.ckpt
  - Best unique: experiments/12c_h1_rolling/market_only_daily_h1_d025/fold_2019/checkpoints/tft-epoch=epoch=04-unique=val_num_unique=199.ckpt
  - Best dir_acc: experiments/12c_h1_rolling/market_only_daily_h1_d025/fold_2019/checkpoints/tft-epoch=epoch=55-diracc=val_dir_acc=0.5829.ckpt
  - Best sharpe: experiments/12c_h1_rolling/market_only_daily_h1_d025/fold_2019/checkpoints/tft-epoch=epoch=00-sharpe=val_sharpe=244.6860.ckpt
  - Best composite: experiments/12c_h1_rolling/market_only_daily_h1_d025/fold_2019/checkpoints/tft-epoch=epoch=43-composite=val_composite=0.5161.ckpt
Completed at: 2025-12-14 04:07:15
Log saved to: experiments/12c_h1_rolling/market_only_daily_h1_d025/fold_2019/training_20251214_035537.log
======================================================================
