{
  "evaluation_timestamp": "2025-10-27T12:02:29.238529",
  "statistical_metrics": {
    "mse": 1.18465256690979,
    "rmse": 1.088417410850525,
    "mae": 0.7747265696525574,
    "mape": 154.09691333770752,
    "r2": -0.006705284118652344,
    "mean_error": 0.07414400577545166,
    "std_error": 1.0858891010284424
  },
  "financial_metrics": {
    "directional_accuracy": 0.521875,
    "sharpe_ratio": 0.7683173651345298,
    "max_drawdown": -0.1890222132205963,
    "total_return": 0.44537365436553955,
    "hit_rate": 0.2453125,
    "num_trades": 553,
    "precision": 0.5678119349005425,
    "recall": 0.4570596797671033,
    "f1_score": 0.5064516129032258,
    "confusion_matrix": [
      [
        354,
        239
      ],
      [
        373,
        314
      ]
    ],
    "auc_roc": 0.5432176950399004,
    "alpha": -0.47623443603515625
  },
  "residual_diagnostics": {
    "normality_p_value": 9.484298893368552e-40,
    "acf_lag1": -0.03450223872739322,
    "skewness": 0.12679347941173422,
    "kurtosis": 6.338657958998564
  },
  "mode_stats": {
    "healthy_days": 168,
    "degraded_days": 126,
    "unidirectional_days": 777,
    "weak_collapse_days": 84,
    "strong_collapse_days": 125,
    "total_days": 1280,
    "healthy_pct": 13.125,
    "degraded_pct": 9.84375,
    "unidirectional_pct": 60.703125,
    "weak_collapse_pct": 6.5625,
    "strong_collapse_pct": 9.765625
  },
  "collapse_detected": true,
  "degradation_detected": true,
  "checkpoint_used": "experiments/00_baseline_exploration/sweep2_h16_lr_0.0003/checkpoints/tft-epoch=02-val_loss=0.1227.ckpt"
}