{
  "evaluation_timestamp": "2025-10-30T03:16:03.518485",
  "statistical_metrics": {
    "mse": 1.1724979877471924,
    "rmse": 1.0828194618225098,
    "mae": 0.7712967395782471,
    "mape": 154.9171805381775,
    "r2": 0.0036235451698303223,
    "mean_error": 0.0042774006724357605,
    "std_error": 1.0828109979629517
  },
  "financial_metrics": {
    "directional_accuracy": 0.5375,
    "sharpe_ratio": 0.9702908395193295,
    "max_drawdown": -0.19535988569259644,
    "total_return": 1.0359389781951904,
    "hit_rate": 0.46796875,
    "num_trades": 1103,
    "precision": 0.543064369900272,
    "recall": 0.8719068413391557,
    "f1_score": 0.6692737430167598,
    "confusion_matrix": [
      [
        89,
        504
      ],
      [
        88,
        599
      ]
    ],
    "auc_roc": 0.5355812965922173,
    "alpha": 0.11433088779449463
  },
  "residual_diagnostics": {
    "normality_p_value": 4.545485058656659e-39,
    "acf_lag1": -0.03151636483434977,
    "skewness": 0.047361046117849526,
    "kurtosis": 6.329605193558528
  },
  "mode_stats": {
    "healthy_days": 430,
    "degraded_days": 128,
    "unidirectional_days": 686,
    "weak_collapse_days": 36,
    "strong_collapse_days": 0,
    "total_days": 1280,
    "healthy_pct": 33.59375,
    "degraded_pct": 10.0,
    "unidirectional_pct": 53.59374999999999,
    "weak_collapse_pct": 2.8125,
    "strong_collapse_pct": 0.0
  },
  "collapse_detected": true,
  "degradation_detected": true,
  "checkpoint_used": "experiments/00_baseline_exploration/sweep2_h16_lr_0.0003/checkpoints/tft-epoch=70-val_loss=0.4035.ckpt"
}