
[INFO] Using AUTO device selection.

[INFO] Patched matplotlib.Axes.errorbar to abs() negative yerr for robustness.
======================================================================
Training TFT: 10_quantile_horizon_sweep/daily_5q_h30_s123
======================================================================
Logging to: experiments/10_quantile_horizon_sweep/daily_5q_h30_s123/training_20251211_112514.log
Started at: 2025-12-11 11:25:14
======================================================================
Configuration saved to: experiments/10_quantile_horizon_sweep/daily_5q_h30_s123/config.json

Loading data splits...
Train: 6074 samples
Val: 1302 samples
Test: 1302 samples

Preparing TimeSeriesDataSet...

Dropping source columns (used for staleness only): ['CPI']

Final features for TFT: ['SP500_Returns', 'VIX', 'Treasury_10Y', 'Yield_Spread', 'Inflation_YoY']

======================================================================
FEATURE STATISTICS - BEFORE NORMALIZATION
======================================================================
VIX                             mean= 19.7438  std=  8.0295  min=  9.3100  max= 80.8600
Treasury_10Y                    mean=  4.7672  std=  1.6903  min=  1.4300  max=  8.3600
Yield_Spread                    mean=  1.2778  std=  0.9179  min= -0.5200  max=  2.9100
Inflation_YoY                   mean=  2.5322  std=  1.1865  min= -2.1498  max=  6.7300

======================================================================
FEATURES AFTER GROUPNORMALIZER (first batch, last timestep)
======================================================================
VIX                             normalized_value=  1.0000
Treasury_10Y                    normalized_value= -0.0500
Yield_Spread                    normalized_value=  0.8378
Inflation_YoY                   normalized_value=  0.5638
======================================================================

[DEBUG] VIX train values: [28.95 30.38 33.3  31.33 32.63]
[DEBUG] VIX val values: [14.31 15.15 15.13 12.86 13.85]
Batches per epoch: 94
[DEBUG] Validation batches: 20
[DEBUG] Validation dataset size: 1253
[DEBUG] Batch size: 64

Initializing model...

Quantile configuration: 5q
  Quantiles: [0.1, 0.25, 0.5, 0.75, 0.9]
  Output size: 5
  Median index: 2

Using standard QuantileLoss (no penalties)

[REGIME OUTPUT] Disabled (using baseline output layer)

================================================================================
BASELINE MODEL FEATURE CONFIGURATION (after from_dataset)
================================================================================
tft.hparams.time_varying_reals_encoder: ['relative_time_idx', 'VIX', 'Treasury_10Y', 'Yield_Spread', 'Inflation_YoY']
  Count: 5

tft.hparams.time_varying_reals_decoder: ['relative_time_idx']
  Count: 1

tft.hparams.x_reals (all reals passed to model): ['encoder_length', 'relative_time_idx', 'VIX', 'Treasury_10Y', 'Yield_Spread', 'Inflation_YoY']
  Count: 6

Encoder VSN configuration:
  num_inputs: 5
  input_sizes: {'relative_time_idx': 16, 'VIX': 16, 'Treasury_10Y': 16, 'Yield_Spread': 16, 'Inflation_YoY': 16}
  flattened_grn.fc1: in_features=80, out_features=5
  -> Params in fc1: 400 (should be 5*16*5=400 if 5 features)
================================================================================

Model parameters: 22,581

Starting training...
Checkpoints will be saved to: experiments/10_quantile_horizon_sweep/daily_5q_h30_s123/checkpoints/
Logs will be saved to: experiments/10_quantile_horizon_sweep/daily_5q_h30_s123/logs/

[DEBUG CollapseMonitor] on_validation_epoch_start called for epoch 0
[DEBUG CollapseMonitor] reset_temporal_state() called on loss function
Epoch 0: val_loss=N/A
[DEBUG CollapseMonitor] on_validation_epoch_start called for epoch 0
[DEBUG CollapseMonitor] reset_temporal_state() called on loss function
Epoch 0: val_loss=0.7940000295639038
Epoch 0: train_loss=0.928242027759552

[CollapseMonitor] Epoch 0
  [DEBUG] Processed 20 batches, 30 horizon(s)
  Multi-horizon metrics (30 horizons):
    h1: std=0.0388, dir_acc=54.3%, pos=99%, unique=1248, sharpe=43.61
    h2: std=0.0387, dir_acc=54.6%, pos=100%, unique=1241, sharpe=51.98
    h3: std=0.0392, dir_acc=54.6%, pos=100%, unique=1244, sharpe=59.02
    h4: std=0.0398, dir_acc=54.6%, pos=100%, unique=1241, sharpe=66.28
    h5: std=0.0406, dir_acc=54.6%, pos=100%, unique=1249, sharpe=73.70
    ... (25 more horizons)
  Aggregate: std_avg=0.0376, dir_acc_avg=54.7%, composite_avg=0.4229
  H1 detail: range=0.1663, mean=0.1065, dist_match=0.5515
  Collapse penalty: 0.000000 (threshold: 0.005000)
  Saved validation predictions to: experiments/10_quantile_horizon_sweep/daily_5q_h30_s123/collapse_monitoring/val_predictions_epoch0.npz
  Gradient norms:
    lstm_encoder: 0.004927
    lstm_decoder: 0.046248
    output_layer: 0.886850
  VSN output std:
    encoder: 0.164699
  Attention entropy: 2.986485
  Saved to: experiments/10_quantile_horizon_sweep/daily_5q_h30_s123/collapse_monitoring/collapse_monitor_latest.json
[DEBUG CollapseMonitor] on_validation_epoch_start called for epoch 1
[DEBUG CollapseMonitor] reset_temporal_state() called on loss function
Epoch 1: val_loss=0.584193229675293
Epoch 1: train_loss=0.70570307970047

[CollapseMonitor] Epoch 1
  [DEBUG] Processed 20 batches, 30 horizon(s)
  Multi-horizon metrics (30 horizons):
    h1: std=0.0116, dir_acc=47.6%, pos=34%, unique=1230, sharpe=-5.40
    h2: std=0.0091, dir_acc=54.4%, pos=95%, unique=1226, sharpe=26.11
    h3: std=0.0088, dir_acc=54.6%, pos=100%, unique=1216, sharpe=52.95
    h4: std=0.0088, dir_acc=54.6%, pos=100%, unique=1218, sharpe=79.27
    h5: std=0.0089, dir_acc=54.6%, pos=100%, unique=1223, sharpe=104.80
    ... (25 more horizons)
  Aggregate: std_avg=0.0098, dir_acc_avg=54.4%, composite_avg=0.4234
  H1 detail: range=0.0659, mean=-0.0040, dist_match=0.7901
  Collapse penalty: 0.000000 (threshold: 0.005000)
  Saved validation predictions to: experiments/10_quantile_horizon_sweep/daily_5q_h30_s123/collapse_monitoring/val_predictions_epoch1.npz
  Gradient norms:
    lstm_encoder: 0.002469
    lstm_decoder: 0.021146
    output_layer: 0.510655
  VSN output std:
    encoder: 0.176163
  Attention entropy: 2.994619
  Saved to: experiments/10_quantile_horizon_sweep/daily_5q_h30_s123/collapse_monitoring/collapse_monitor_latest.json
[DEBUG CollapseMonitor] on_validation_epoch_start called for epoch 2
[DEBUG CollapseMonitor] reset_temporal_state() called on loss function
Epoch 2: val_loss=0.5639692544937134
Epoch 2: train_loss=0.5967155694961548

[CollapseMonitor] Epoch 2
  [DEBUG] Processed 20 batches, 30 horizon(s)
  Multi-horizon metrics (30 horizons):
    h1: std=0.0066, dir_acc=45.6%, pos=9%, unique=1217, sharpe=-18.51
    h2: std=0.0075, dir_acc=52.0%, pos=58%, unique=1221, sharpe=5.36
    h3: std=0.0077, dir_acc=54.7%, pos=86%, unique=1226, sharpe=16.02
    h4: std=0.0075, dir_acc=54.7%, pos=97%, unique=1225, sharpe=26.64
    h5: std=0.0074, dir_acc=54.6%, pos=100%, unique=1215, sharpe=38.36
    ... (25 more horizons)
  Aggregate: std_avg=0.0070, dir_acc_avg=51.8%, composite_avg=0.4033
  H1 detail: range=0.0450, mean=-0.0077, dist_match=0.5443
  Collapse penalty: 0.000000 (threshold: 0.005000)
  Saved validation predictions to: experiments/10_quantile_horizon_sweep/daily_5q_h30_s123/collapse_monitoring/val_predictions_epoch2.npz
  Gradient norms:
    lstm_encoder: 0.000497
    lstm_decoder: 0.004096
    output_layer: 0.096087
  VSN output std:
    encoder: 0.147153
  Attention entropy: 2.995221
  Saved to: experiments/10_quantile_horizon_sweep/daily_5q_h30_s123/collapse_monitoring/collapse_monitor_latest.json
[DEBUG CollapseMonitor] on_validation_epoch_start called for epoch 3
[DEBUG CollapseMonitor] reset_temporal_state() called on loss function
Epoch 3: val_loss=0.5545361042022705
Epoch 3: train_loss=0.5798812508583069

[CollapseMonitor] Epoch 3
  [DEBUG] Processed 20 batches, 30 horizon(s)
  Multi-horizon metrics (30 horizons):
    h1: std=0.0284, dir_acc=50.8%, pos=75%, unique=1243, sharpe=14.84
    h2: std=0.0289, dir_acc=54.0%, pos=91%, unique=1245, sharpe=19.82
    h3: std=0.0278, dir_acc=53.9%, pos=96%, unique=1235, sharpe=21.64
    h4: std=0.0266, dir_acc=54.5%, pos=99%, unique=1240, sharpe=23.31
    h5: std=0.0259, dir_acc=54.6%, pos=100%, unique=1237, sharpe=25.34
    ... (25 more horizons)
  Aggregate: std_avg=0.0218, dir_acc_avg=54.3%, composite_avg=0.4341
  H1 detail: range=0.1121, mean=0.0266, dist_match=0.7981
  Collapse penalty: 0.000000 (threshold: 0.005000)
  Saved validation predictions to: experiments/10_quantile_horizon_sweep/daily_5q_h30_s123/collapse_monitoring/val_predictions_epoch3.npz
  Gradient norms:
    lstm_encoder: 0.000456
    lstm_decoder: 0.001393
    output_layer: 0.030937
  VSN output std:
    encoder: 0.171015
  Attention entropy: 2.984996
  Saved to: experiments/10_quantile_horizon_sweep/daily_5q_h30_s123/collapse_monitoring/collapse_monitor_latest.json
[DEBUG CollapseMonitor] on_validation_epoch_start called for epoch 4
[DEBUG CollapseMonitor] reset_temporal_state() called on loss function
Epoch 4: val_loss=0.5487951040267944
Epoch 4: train_loss=0.5740794539451599

[CollapseMonitor] Epoch 4
  [DEBUG] Processed 20 batches, 30 horizon(s)
  Multi-horizon metrics (30 horizons):
    h1: std=0.0410, dir_acc=53.5%, pos=80%, unique=1245, sharpe=20.18
    h2: std=0.0393, dir_acc=54.4%, pos=93%, unique=1243, sharpe=23.63
    h3: std=0.0371, dir_acc=54.2%, pos=95%, unique=1244, sharpe=24.33
    h4: std=0.0352, dir_acc=53.9%, pos=96%, unique=1236, sharpe=24.61
    h5: std=0.0340, dir_acc=54.1%, pos=96%, unique=1246, sharpe=25.09
    ... (25 more horizons)
  Aggregate: std_avg=0.0279, dir_acc_avg=54.5%, composite_avg=0.4291
  H1 detail: range=0.1366, mean=0.0521, dist_match=0.7422
  Collapse penalty: 0.000000 (threshold: 0.005000)
  Saved validation predictions to: experiments/10_quantile_horizon_sweep/daily_5q_h30_s123/collapse_monitoring/val_predictions_epoch4.npz
  Gradient norms:
    lstm_encoder: 0.000554
    lstm_decoder: 0.001236
    output_layer: 0.031256
  VSN output std:
    encoder: 0.166228
  Attention entropy: 2.929856
  Saved to: experiments/10_quantile_horizon_sweep/daily_5q_h30_s123/collapse_monitoring/collapse_monitor_latest.json
[DEBUG CollapseMonitor] on_validation_epoch_start called for epoch 5
[DEBUG CollapseMonitor] reset_temporal_state() called on loss function
Epoch 5: val_loss=0.546448290348053
Epoch 5: train_loss=0.5682761669158936

[CollapseMonitor] Epoch 5
  [DEBUG] Processed 20 batches, 30 horizon(s)
  Multi-horizon metrics (30 horizons):
    h1: std=0.0237, dir_acc=54.8%, pos=98%, unique=1223, sharpe=35.24
    h2: std=0.0218, dir_acc=54.6%, pos=100%, unique=1231, sharpe=43.06
    h3: std=0.0203, dir_acc=54.6%, pos=100%, unique=1229, sharpe=45.10
    h4: std=0.0192, dir_acc=54.6%, pos=100%, unique=1230, sharpe=45.72
    h5: std=0.0186, dir_acc=54.6%, pos=100%, unique=1231, sharpe=46.28
    ... (25 more horizons)
  Aggregate: std_avg=0.0170, dir_acc_avg=54.7%, composite_avg=0.4231
  H1 detail: range=0.0911, mean=0.0527, dist_match=0.5658
  Collapse penalty: 0.000000 (threshold: 0.005000)
  Saved validation predictions to: experiments/10_quantile_horizon_sweep/daily_5q_h30_s123/collapse_monitoring/val_predictions_epoch5.npz
  Gradient norms:
    lstm_encoder: 0.000621
    lstm_decoder: 0.001152
    output_layer: 0.028949
  VSN output std:
    encoder: 0.148364
  Attention entropy: 2.942257
  Saved to: experiments/10_quantile_horizon_sweep/daily_5q_h30_s123/collapse_monitoring/collapse_monitor_latest.json
[DEBUG CollapseMonitor] on_validation_epoch_start called for epoch 6
[DEBUG CollapseMonitor] reset_temporal_state() called on loss function
Epoch 6: val_loss=0.545626699924469
Epoch 6: train_loss=0.5649752616882324

[CollapseMonitor] Epoch 6
  [DEBUG] Processed 20 batches, 30 horizon(s)
  Multi-horizon metrics (30 horizons):
    h1: std=0.0181, dir_acc=54.7%, pos=98%, unique=1214, sharpe=41.63
    h2: std=0.0161, dir_acc=54.6%, pos=100%, unique=1200, sharpe=54.17
    h3: std=0.0150, dir_acc=54.6%, pos=100%, unique=1210, sharpe=57.11
    h4: std=0.0144, dir_acc=54.6%, pos=100%, unique=1218, sharpe=57.15
    h5: std=0.0141, dir_acc=54.6%, pos=100%, unique=1205, sharpe=56.74
    ... (25 more horizons)
  Aggregate: std_avg=0.0138, dir_acc_avg=54.7%, composite_avg=0.4230
  H1 detail: range=0.0736, mean=0.0474, dist_match=0.5626
  Collapse penalty: 0.000000 (threshold: 0.005000)
  Saved validation predictions to: experiments/10_quantile_horizon_sweep/daily_5q_h30_s123/collapse_monitoring/val_predictions_epoch6.npz
  Gradient norms:
    lstm_encoder: 0.000746
    lstm_decoder: 0.001064
    output_layer: 0.028020
  VSN output std:
    encoder: 0.138092
  Attention entropy: 2.957974
  Saved to: experiments/10_quantile_horizon_sweep/daily_5q_h30_s123/collapse_monitoring/collapse_monitor_latest.json
[DEBUG CollapseMonitor] on_validation_epoch_start called for epoch 7
[DEBUG CollapseMonitor] reset_temporal_state() called on loss function
Epoch 7: val_loss=0.5455045104026794
Epoch 7: train_loss=0.5632078051567078

[CollapseMonitor] Epoch 7
  [DEBUG] Processed 20 batches, 30 horizon(s)
  Multi-horizon metrics (30 horizons):
    h1: std=0.0164, dir_acc=54.7%, pos=98%, unique=1194, sharpe=41.75
    h2: std=0.0145, dir_acc=54.6%, pos=100%, unique=1203, sharpe=55.67
    h3: std=0.0135, dir_acc=54.6%, pos=100%, unique=1199, sharpe=58.46
    h4: std=0.0128, dir_acc=54.6%, pos=100%, unique=1180, sharpe=58.02
    h5: std=0.0125, dir_acc=54.6%, pos=100%, unique=1171, sharpe=57.03
    ... (25 more horizons)
  Aggregate: std_avg=0.0118, dir_acc_avg=54.7%, composite_avg=0.4231
  H1 detail: range=0.0729, mean=0.0432, dist_match=0.5690
  Collapse penalty: 0.000000 (threshold: 0.005000)
  Saved validation predictions to: experiments/10_quantile_horizon_sweep/daily_5q_h30_s123/collapse_monitoring/val_predictions_epoch7.npz
  Gradient norms:
    lstm_encoder: 0.000958
    lstm_decoder: 0.001014
    output_layer: 0.026145
  VSN output std:
    encoder: 0.136989
  Attention entropy: 2.971075
  Saved to: experiments/10_quantile_horizon_sweep/daily_5q_h30_s123/collapse_monitoring/collapse_monitor_latest.json
[DEBUG CollapseMonitor] on_validation_epoch_start called for epoch 8
[DEBUG CollapseMonitor] reset_temporal_state() called on loss function
Epoch 8: val_loss=0.5452902913093567
Epoch 8: train_loss=0.5619240999221802

[CollapseMonitor] Epoch 8
  [DEBUG] Processed 20 batches, 30 horizon(s)
  Multi-horizon metrics (30 horizons):
    h1: std=0.0153, dir_acc=54.6%, pos=100%, unique=1200, sharpe=61.60
    h2: std=0.0134, dir_acc=54.6%, pos=100%, unique=1185, sharpe=80.65
    h3: std=0.0124, dir_acc=54.6%, pos=100%, unique=1183, sharpe=86.56
    h4: std=0.0116, dir_acc=54.6%, pos=100%, unique=1179, sharpe=88.74
    h5: std=0.0111, dir_acc=54.6%, pos=100%, unique=1182, sharpe=89.74
    ... (25 more horizons)
  Aggregate: std_avg=0.0097, dir_acc_avg=54.7%, composite_avg=0.4229
  H1 detail: range=0.0677, mean=0.0594, dist_match=0.5459
  Collapse penalty: 0.000000 (threshold: 0.005000)
  Saved validation predictions to: experiments/10_quantile_horizon_sweep/daily_5q_h30_s123/collapse_monitoring/val_predictions_epoch8.npz
  Gradient norms:
    lstm_encoder: 0.001134
    lstm_decoder: 0.001020
    output_layer: 0.025775
  VSN output std:
    encoder: 0.136814
  Attention entropy: 2.978839
  Saved to: experiments/10_quantile_horizon_sweep/daily_5q_h30_s123/collapse_monitoring/collapse_monitor_latest.json
[DEBUG CollapseMonitor] on_validation_epoch_start called for epoch 9
[DEBUG CollapseMonitor] reset_temporal_state() called on loss function
Epoch 9: val_loss=0.544948935508728
Epoch 9: train_loss=0.561607301235199

[CollapseMonitor] Epoch 9
  [DEBUG] Processed 20 batches, 30 horizon(s)
  Multi-horizon metrics (30 horizons):
    h1: std=0.0146, dir_acc=54.6%, pos=100%, unique=1214, sharpe=69.46
    h2: std=0.0128, dir_acc=54.6%, pos=100%, unique=1179, sharpe=90.65
    h3: std=0.0118, dir_acc=54.6%, pos=100%, unique=1190, sharpe=97.44
    h4: std=0.0111, dir_acc=54.6%, pos=100%, unique=1178, sharpe=100.30
    h5: std=0.0105, dir_acc=54.6%, pos=100%, unique=1179, sharpe=101.73
    ... (25 more horizons)
  Aggregate: std_avg=0.0093, dir_acc_avg=54.7%, composite_avg=0.4229
  H1 detail: range=0.0658, mean=0.0640, dist_match=0.5459
  Collapse penalty: 0.000000 (threshold: 0.005000)
  Saved validation predictions to: experiments/10_quantile_horizon_sweep/daily_5q_h30_s123/collapse_monitoring/val_predictions_epoch9.npz
  Gradient norms:
    lstm_encoder: 0.001282
    lstm_decoder: 0.000953
    output_layer: 0.025163
  VSN output std:
    encoder: 0.133911
  Attention entropy: 2.981648
  Saved to: experiments/10_quantile_horizon_sweep/daily_5q_h30_s123/collapse_monitoring/collapse_monitor_latest.json
[DEBUG CollapseMonitor] on_validation_epoch_start called for epoch 10
[DEBUG CollapseMonitor] reset_temporal_state() called on loss function
Epoch 10: val_loss=0.5445650219917297
Epoch 10: train_loss=0.5605381727218628

[CollapseMonitor] Epoch 10
  [DEBUG] Processed 20 batches, 30 horizon(s)
  Multi-horizon metrics (30 horizons):
    h1: std=0.0146, dir_acc=54.6%, pos=100%, unique=1223, sharpe=56.47
    h2: std=0.0127, dir_acc=54.6%, pos=100%, unique=1207, sharpe=76.09
    h3: std=0.0118, dir_acc=54.6%, pos=100%, unique=1193, sharpe=81.23
    h4: std=0.0111, dir_acc=54.6%, pos=100%, unique=1198, sharpe=82.47
    h5: std=0.0106, dir_acc=54.6%, pos=100%, unique=1177, sharpe=82.54
    ... (25 more horizons)
  Aggregate: std_avg=0.0097, dir_acc_avg=54.7%, composite_avg=0.4229
  H1 detail: range=0.0692, mean=0.0518, dist_match=0.5459
  Collapse penalty: 0.000000 (threshold: 0.005000)
  Saved validation predictions to: experiments/10_quantile_horizon_sweep/daily_5q_h30_s123/collapse_monitoring/val_predictions_epoch10.npz
  Gradient norms:
    lstm_encoder: 0.001481
    lstm_decoder: 0.000957
    output_layer: 0.024240
  VSN output std:
    encoder: 0.134180
  Attention entropy: 2.977702
  Saved to: experiments/10_quantile_horizon_sweep/daily_5q_h30_s123/collapse_monitoring/collapse_monitor_latest.json
[DEBUG CollapseMonitor] on_validation_epoch_start called for epoch 11
[DEBUG CollapseMonitor] reset_temporal_state() called on loss function
Epoch 11: val_loss=0.5442685484886169
Epoch 11: train_loss=0.5601657032966614

[CollapseMonitor] Epoch 11
  [DEBUG] Processed 20 batches, 30 horizon(s)
  Multi-horizon metrics (30 horizons):
    h1: std=0.0132, dir_acc=54.6%, pos=100%, unique=1225, sharpe=79.70
    h2: std=0.0111, dir_acc=54.6%, pos=100%, unique=1190, sharpe=108.33
    h3: std=0.0103, dir_acc=54.6%, pos=100%, unique=1188, sharpe=114.88
    h4: std=0.0099, dir_acc=54.6%, pos=100%, unique=1187, sharpe=114.38
    h5: std=0.0097, dir_acc=54.6%, pos=100%, unique=1188, sharpe=111.61
    ... (25 more horizons)
  Aggregate: std_avg=0.0103, dir_acc_avg=54.7%, composite_avg=0.4229
  H1 detail: range=0.0776, mean=0.0665, dist_match=0.5459
  Collapse penalty: 0.000000 (threshold: 0.005000)
  Saved validation predictions to: experiments/10_quantile_horizon_sweep/daily_5q_h30_s123/collapse_monitoring/val_predictions_epoch11.npz
  Gradient norms:
    lstm_encoder: 0.001659
    lstm_decoder: 0.000965
    output_layer: 0.024001
  VSN output std:
    encoder: 0.134733
  Attention entropy: 2.970718
  Saved to: experiments/10_quantile_horizon_sweep/daily_5q_h30_s123/collapse_monitoring/collapse_monitor_latest.json
[DEBUG CollapseMonitor] on_validation_epoch_start called for epoch 12
[DEBUG CollapseMonitor] reset_temporal_state() called on loss function
Epoch 12: val_loss=0.5439492464065552
Epoch 12: train_loss=0.5591297149658203

[CollapseMonitor] Epoch 12
  [DEBUG] Processed 20 batches, 30 horizon(s)
  Multi-horizon metrics (30 horizons):
    h1: std=0.0147, dir_acc=54.6%, pos=100%, unique=1232, sharpe=63.50
    h2: std=0.0126, dir_acc=54.6%, pos=100%, unique=1190, sharpe=85.40
    h3: std=0.0117, dir_acc=54.6%, pos=100%, unique=1201, sharpe=90.84
    h4: std=0.0111, dir_acc=54.6%, pos=100%, unique=1199, sharpe=91.82
    h5: std=0.0107, dir_acc=54.6%, pos=100%, unique=1190, sharpe=91.35
    ... (25 more horizons)
  Aggregate: std_avg=0.0108, dir_acc_avg=54.7%, composite_avg=0.4229
  H1 detail: range=0.0820, mean=0.0586, dist_match=0.5459
  Collapse penalty: 0.000000 (threshold: 0.005000)
  Saved validation predictions to: experiments/10_quantile_horizon_sweep/daily_5q_h30_s123/collapse_monitoring/val_predictions_epoch12.npz
  Gradient norms:
    lstm_encoder: 0.001928
    lstm_decoder: 0.000926
    output_layer: 0.024916
  VSN output std:
    encoder: 0.134368
  Attention entropy: 2.965075
  Saved to: experiments/10_quantile_horizon_sweep/daily_5q_h30_s123/collapse_monitoring/collapse_monitor_latest.json
[DEBUG CollapseMonitor] on_validation_epoch_start called for epoch 13
[DEBUG CollapseMonitor] reset_temporal_state() called on loss function
Epoch 13: val_loss=0.5435912013053894
Epoch 13: train_loss=0.5587330460548401

[CollapseMonitor] Epoch 13
  [DEBUG] Processed 20 batches, 30 horizon(s)
  Multi-horizon metrics (30 horizons):
    h1: std=0.0145, dir_acc=54.6%, pos=100%, unique=1230, sharpe=57.62
    h2: std=0.0122, dir_acc=54.6%, pos=100%, unique=1213, sharpe=80.72
    h3: std=0.0113, dir_acc=54.6%, pos=100%, unique=1195, sharpe=86.15
    h4: std=0.0107, dir_acc=54.6%, pos=100%, unique=1208, sharpe=86.50
    h5: std=0.0104, dir_acc=54.6%, pos=100%, unique=1206, sharpe=85.13
    ... (25 more horizons)
  Aggregate: std_avg=0.0109, dir_acc_avg=54.7%, composite_avg=0.4229
  H1 detail: range=0.0883, mean=0.0527, dist_match=0.5459
  Collapse penalty: 0.000000 (threshold: 0.005000)
  Saved validation predictions to: experiments/10_quantile_horizon_sweep/daily_5q_h30_s123/collapse_monitoring/val_predictions_epoch13.npz
  Gradient norms:
    lstm_encoder: 0.002272
    lstm_decoder: 0.000917
    output_layer: 0.023389
  VSN output std:
    encoder: 0.135708
  Attention entropy: 2.957125
  Saved to: experiments/10_quantile_horizon_sweep/daily_5q_h30_s123/collapse_monitoring/collapse_monitor_latest.json
[DEBUG CollapseMonitor] on_validation_epoch_start called for epoch 14
[DEBUG CollapseMonitor] reset_temporal_state() called on loss function
Epoch 14: val_loss=0.5433902144432068
Epoch 14: train_loss=0.558070719242096

[CollapseMonitor] Epoch 14
  [DEBUG] Processed 20 batches, 30 horizon(s)
  Multi-horizon metrics (30 horizons):
    h1: std=0.0143, dir_acc=54.6%, pos=100%, unique=1233, sharpe=69.53
    h2: std=0.0127, dir_acc=54.6%, pos=100%, unique=1215, sharpe=89.94
    h3: std=0.0120, dir_acc=54.6%, pos=100%, unique=1213, sharpe=95.41
    h4: std=0.0111, dir_acc=54.6%, pos=100%, unique=1210, sharpe=98.55
    h5: std=0.0105, dir_acc=54.6%, pos=100%, unique=1198, sharpe=100.78
    ... (25 more horizons)
  Aggregate: std_avg=0.0096, dir_acc_avg=54.7%, composite_avg=0.4229
  H1 detail: range=0.0785, mean=0.0625, dist_match=0.5459
  Collapse penalty: 0.000000 (threshold: 0.005000)
  Saved validation predictions to: experiments/10_quantile_horizon_sweep/daily_5q_h30_s123/collapse_monitoring/val_predictions_epoch14.npz
  Gradient norms:
    lstm_encoder: 0.002501
    lstm_decoder: 0.000962
    output_layer: 0.023185
  VSN output std:
    encoder: 0.132934
  Attention entropy: 2.944483
  Saved to: experiments/10_quantile_horizon_sweep/daily_5q_h30_s123/collapse_monitoring/collapse_monitor_latest.json
[DEBUG CollapseMonitor] on_validation_epoch_start called for epoch 15
[DEBUG CollapseMonitor] reset_temporal_state() called on loss function
Epoch 15: val_loss=0.5430227518081665
Epoch 15: train_loss=0.5574814677238464

[CollapseMonitor] Epoch 15
  [DEBUG] Processed 20 batches, 30 horizon(s)
  Multi-horizon metrics (30 horizons):
    h1: std=0.0111, dir_acc=54.6%, pos=100%, unique=1227, sharpe=93.17
    h2: std=0.0103, dir_acc=54.6%, pos=100%, unique=1216, sharpe=115.11
    h3: std=0.0099, dir_acc=54.6%, pos=100%, unique=1207, sharpe=119.61
    h4: std=0.0091, dir_acc=54.6%, pos=100%, unique=1210, sharpe=125.41
    h5: std=0.0083, dir_acc=54.6%, pos=100%, unique=1215, sharpe=131.57
    ... (25 more horizons)
  Aggregate: std_avg=0.0068, dir_acc_avg=54.7%, composite_avg=0.4229
  H1 detail: range=0.0658, mean=0.0650, dist_match=0.5459
  Collapse penalty: 0.000000 (threshold: 0.005000)
  Saved validation predictions to: experiments/10_quantile_horizon_sweep/daily_5q_h30_s123/collapse_monitoring/val_predictions_epoch15.npz
  Gradient norms:
    lstm_encoder: 0.002945
    lstm_decoder: 0.000911
    output_layer: 0.023590
  VSN output std:
    encoder: 0.131337
  Attention entropy: 2.934250
  Saved to: experiments/10_quantile_horizon_sweep/daily_5q_h30_s123/collapse_monitoring/collapse_monitor_latest.json
[DEBUG CollapseMonitor] on_validation_epoch_start called for epoch 16
[DEBUG CollapseMonitor] reset_temporal_state() called on loss function
Epoch 16: val_loss=0.5428729057312012
Epoch 16: train_loss=0.5570887923240662

[CollapseMonitor] Epoch 16
  [DEBUG] Processed 20 batches, 30 horizon(s)
  Multi-horizon metrics (30 horizons):
    h1: std=0.0098, dir_acc=54.6%, pos=100%, unique=1226, sharpe=97.65
    h2: std=0.0087, dir_acc=54.6%, pos=100%, unique=1199, sharpe=127.92
    h3: std=0.0085, dir_acc=54.6%, pos=100%, unique=1208, sharpe=130.42
    h4: std=0.0078, dir_acc=54.6%, pos=100%, unique=1197, sharpe=136.11
    h5: std=0.0071, dir_acc=54.6%, pos=100%, unique=1199, sharpe=143.28
    ... (25 more horizons)
  Aggregate: std_avg=0.0056, dir_acc_avg=54.7%, composite_avg=0.4229
  H1 detail: range=0.0613, mean=0.0604, dist_match=0.5459
  Collapse penalty: 0.000000 (threshold: 0.005000)
  Saved validation predictions to: experiments/10_quantile_horizon_sweep/daily_5q_h30_s123/collapse_monitoring/val_predictions_epoch16.npz
  Gradient norms:
    lstm_encoder: 0.003776
    lstm_decoder: 0.000962
    output_layer: 0.022634
  VSN output std:
    encoder: 0.129510
  Attention entropy: 2.921329
  Saved to: experiments/10_quantile_horizon_sweep/daily_5q_h30_s123/collapse_monitoring/collapse_monitor_latest.json
[DEBUG CollapseMonitor] on_validation_epoch_start called for epoch 17
[DEBUG CollapseMonitor] reset_temporal_state() called on loss function
Epoch 17: val_loss=0.5425788164138794
Epoch 17: train_loss=0.5563721060752869

[CollapseMonitor] Epoch 17
  [DEBUG] Processed 20 batches, 30 horizon(s)
  Multi-horizon metrics (30 horizons):
    h1: std=0.0095, dir_acc=54.6%, pos=100%, unique=1226, sharpe=99.99
    h2: std=0.0078, dir_acc=54.6%, pos=100%, unique=1206, sharpe=138.91
    h3: std=0.0078, dir_acc=54.6%, pos=100%, unique=1207, sharpe=138.75
    h4: std=0.0073, dir_acc=54.6%, pos=100%, unique=1205, sharpe=141.76
    h5: std=0.0067, dir_acc=54.6%, pos=100%, unique=1203, sharpe=146.28
    ... (25 more horizons)
  Aggregate: std_avg=0.0059, dir_acc_avg=54.7%, composite_avg=0.4229
  H1 detail: range=0.0735, mean=0.0596, dist_match=0.5459
  Collapse penalty: 0.000000 (threshold: 0.005000)
  Saved validation predictions to: experiments/10_quantile_horizon_sweep/daily_5q_h30_s123/collapse_monitoring/val_predictions_epoch17.npz
  Gradient norms:
    lstm_encoder: 0.005680
    lstm_decoder: 0.001081
    output_layer: 0.026567
  VSN output std:
    encoder: 0.127253
  Attention entropy: 2.916441
  Saved to: experiments/10_quantile_horizon_sweep/daily_5q_h30_s123/collapse_monitoring/collapse_monitor_latest.json
[DEBUG CollapseMonitor] on_validation_epoch_start called for epoch 18
[DEBUG CollapseMonitor] reset_temporal_state() called on loss function
Epoch 18: val_loss=0.5427374839782715
Epoch 18: train_loss=0.5557964444160461

[CollapseMonitor] Epoch 18
  [DEBUG] Processed 20 batches, 30 horizon(s)
  Multi-horizon metrics (30 horizons):
    h1: std=0.0091, dir_acc=54.6%, pos=100%, unique=1216, sharpe=90.75
    h2: std=0.0082, dir_acc=54.6%, pos=100%, unique=1220, sharpe=117.90
    h3: std=0.0084, dir_acc=54.6%, pos=100%, unique=1200, sharpe=112.29
    h4: std=0.0081, dir_acc=54.6%, pos=100%, unique=1215, sharpe=111.37
    h5: std=0.0075, dir_acc=54.6%, pos=100%, unique=1207, sharpe=112.52
    ... (25 more horizons)
  Aggregate: std_avg=0.0062, dir_acc_avg=54.7%, composite_avg=0.4229
  H1 detail: range=0.0758, mean=0.0521, dist_match=0.5459
  Collapse penalty: 0.000000 (threshold: 0.005000)
  Saved validation predictions to: experiments/10_quantile_horizon_sweep/daily_5q_h30_s123/collapse_monitoring/val_predictions_epoch18.npz
  Gradient norms:
    lstm_encoder: 0.006413
    lstm_decoder: 0.001087
    output_layer: 0.025607
  VSN output std:
    encoder: 0.124410
  Attention entropy: 2.915057
  Saved to: experiments/10_quantile_horizon_sweep/daily_5q_h30_s123/collapse_monitoring/collapse_monitor_latest.json
[DEBUG CollapseMonitor] on_validation_epoch_start called for epoch 19
[DEBUG CollapseMonitor] reset_temporal_state() called on loss function
Epoch 19: val_loss=0.5425080060958862
Epoch 19: train_loss=0.5551159977912903

[CollapseMonitor] Epoch 19
  [DEBUG] Processed 20 batches, 30 horizon(s)
  Multi-horizon metrics (30 horizons):
    h1: std=0.0100, dir_acc=54.6%, pos=100%, unique=1217, sharpe=100.28
    h2: std=0.0093, dir_acc=54.6%, pos=100%, unique=1219, sharpe=122.79
    h3: std=0.0098, dir_acc=54.6%, pos=100%, unique=1208, sharpe=115.72
    h4: std=0.0095, dir_acc=54.6%, pos=100%, unique=1203, sharpe=114.10
    h5: std=0.0091, dir_acc=54.6%, pos=100%, unique=1210, sharpe=114.88
    ... (25 more horizons)
  Aggregate: std_avg=0.0074, dir_acc_avg=54.7%, composite_avg=0.4229
  H1 detail: range=0.0799, mean=0.0632, dist_match=0.5459
  Collapse penalty: 0.000000 (threshold: 0.005000)
  Saved validation predictions to: experiments/10_quantile_horizon_sweep/daily_5q_h30_s123/collapse_monitoring/val_predictions_epoch19.npz
  Gradient norms:
    lstm_encoder: 0.006542
    lstm_decoder: 0.001063
    output_layer: 0.023831
  VSN output std:
    encoder: 0.124900
  Attention entropy: 2.929531
  Saved to: experiments/10_quantile_horizon_sweep/daily_5q_h30_s123/collapse_monitoring/collapse_monitor_latest.json
[DEBUG CollapseMonitor] on_validation_epoch_start called for epoch 20
[DEBUG CollapseMonitor] reset_temporal_state() called on loss function
Epoch 20: val_loss=0.5420460104942322
Epoch 20: train_loss=0.5547451376914978

[CollapseMonitor] Epoch 20
  [DEBUG] Processed 20 batches, 30 horizon(s)
  Multi-horizon metrics (30 horizons):
    h1: std=0.0119, dir_acc=54.6%, pos=100%, unique=1222, sharpe=90.66
    h2: std=0.0118, dir_acc=54.6%, pos=100%, unique=1203, sharpe=101.63
    h3: std=0.0123, dir_acc=54.6%, pos=100%, unique=1207, sharpe=96.07
    h4: std=0.0121, dir_acc=54.6%, pos=100%, unique=1198, sharpe=93.84
    h5: std=0.0116, dir_acc=54.6%, pos=100%, unique=1190, sharpe=93.12
    ... (25 more horizons)
  Aggregate: std_avg=0.0097, dir_acc_avg=54.7%, composite_avg=0.4229
  H1 detail: range=0.0855, mean=0.0679, dist_match=0.5459
  Collapse penalty: 0.000000 (threshold: 0.005000)
  Saved validation predictions to: experiments/10_quantile_horizon_sweep/daily_5q_h30_s123/collapse_monitoring/val_predictions_epoch20.npz
  Gradient norms:
    lstm_encoder: 0.006765
    lstm_decoder: 0.000957
    output_layer: 0.022455
  VSN output std:
    encoder: 0.120001
  Attention entropy: 2.912438
  Saved to: experiments/10_quantile_horizon_sweep/daily_5q_h30_s123/collapse_monitoring/collapse_monitor_latest.json
[DEBUG CollapseMonitor] on_validation_epoch_start called for epoch 21
[DEBUG CollapseMonitor] reset_temporal_state() called on loss function
Epoch 21: val_loss=0.5425859093666077
Epoch 21: train_loss=0.5545347929000854

[CollapseMonitor] Epoch 21
  [DEBUG] Processed 20 batches, 30 horizon(s)
  Multi-horizon metrics (30 horizons):
    h1: std=0.0115, dir_acc=54.6%, pos=100%, unique=1214, sharpe=91.98
    h2: std=0.0093, dir_acc=54.6%, pos=100%, unique=1215, sharpe=127.01
    h3: std=0.0093, dir_acc=54.6%, pos=100%, unique=1216, sharpe=124.75
    h4: std=0.0090, dir_acc=54.6%, pos=100%, unique=1209, sharpe=123.09
    h5: std=0.0086, dir_acc=54.6%, pos=100%, unique=1208, sharpe=122.72
    ... (25 more horizons)
  Aggregate: std_avg=0.0074, dir_acc_avg=54.7%, composite_avg=0.4229
  H1 detail: range=0.0922, mean=0.0664, dist_match=0.5459
  Collapse penalty: 0.000000 (threshold: 0.005000)
  Saved validation predictions to: experiments/10_quantile_horizon_sweep/daily_5q_h30_s123/collapse_monitoring/val_predictions_epoch21.npz
  Gradient norms:
    lstm_encoder: 0.007960
    lstm_decoder: 0.001065
    output_layer: 0.023172
  VSN output std:
    encoder: 0.119328
  Attention entropy: 2.912042
  Saved to: experiments/10_quantile_horizon_sweep/daily_5q_h30_s123/collapse_monitoring/collapse_monitor_latest.json
[DEBUG CollapseMonitor] on_validation_epoch_start called for epoch 22
[DEBUG CollapseMonitor] reset_temporal_state() called on loss function
Epoch 22: val_loss=0.5419852137565613
Epoch 22: train_loss=0.553956151008606

[CollapseMonitor] Epoch 22
  [DEBUG] Processed 20 batches, 30 horizon(s)
  Multi-horizon metrics (30 horizons):
    h1: std=0.0127, dir_acc=54.7%, pos=100%, unique=1220, sharpe=76.13
    h2: std=0.0113, dir_acc=54.6%, pos=100%, unique=1212, sharpe=97.15
    h3: std=0.0114, dir_acc=54.6%, pos=100%, unique=1206, sharpe=94.47
    h4: std=0.0112, dir_acc=54.6%, pos=100%, unique=1189, sharpe=92.20
    h5: std=0.0109, dir_acc=54.5%, pos=100%, unique=1207, sharpe=90.89
    ... (25 more horizons)
  Aggregate: std_avg=0.0095, dir_acc_avg=54.7%, composite_avg=0.4231
  H1 detail: range=0.1009, mean=0.0611, dist_match=0.5499
  Collapse penalty: 0.000000 (threshold: 0.005000)
  Saved validation predictions to: experiments/10_quantile_horizon_sweep/daily_5q_h30_s123/collapse_monitoring/val_predictions_epoch22.npz
  Gradient norms:
    lstm_encoder: 0.007897
    lstm_decoder: 0.001077
    output_layer: 0.022886
  VSN output std:
    encoder: 0.117521
  Attention entropy: 2.907259
  Saved to: experiments/10_quantile_horizon_sweep/daily_5q_h30_s123/collapse_monitoring/collapse_monitor_latest.json
[DEBUG CollapseMonitor] on_validation_epoch_start called for epoch 23
[DEBUG CollapseMonitor] reset_temporal_state() called on loss function
Epoch 23: val_loss=0.5424262285232544
Epoch 23: train_loss=0.5537675619125366

[CollapseMonitor] Epoch 23
  [DEBUG] Processed 20 batches, 30 horizon(s)
  Multi-horizon metrics (30 horizons):
    h1: std=0.0141, dir_acc=54.6%, pos=99%, unique=1219, sharpe=70.32
    h2: std=0.0125, dir_acc=54.7%, pos=100%, unique=1219, sharpe=89.00
    h3: std=0.0125, dir_acc=54.7%, pos=100%, unique=1206, sharpe=87.94
    h4: std=0.0123, dir_acc=54.7%, pos=99%, unique=1215, sharpe=86.01
    h5: std=0.0120, dir_acc=54.5%, pos=99%, unique=1215, sharpe=84.51
    ... (25 more horizons)
  Aggregate: std_avg=0.0107, dir_acc_avg=54.6%, composite_avg=0.4250
  H1 detail: range=0.1138, mean=0.0626, dist_match=0.5539
  Collapse penalty: 0.000000 (threshold: 0.005000)
  Saved validation predictions to: experiments/10_quantile_horizon_sweep/daily_5q_h30_s123/collapse_monitoring/val_predictions_epoch23.npz
  Gradient norms:
    lstm_encoder: 0.008002
    lstm_decoder: 0.001096
    output_layer: 0.024167
  VSN output std:
    encoder: 0.115277
  Attention entropy: 2.911309
  Saved to: experiments/10_quantile_horizon_sweep/daily_5q_h30_s123/collapse_monitoring/collapse_monitor_latest.json
[DEBUG CollapseMonitor] on_validation_epoch_start called for epoch 24
[DEBUG CollapseMonitor] reset_temporal_state() called on loss function
Epoch 24: val_loss=0.5425321459770203
Epoch 24: train_loss=0.553436279296875

[CollapseMonitor] Epoch 24
  [DEBUG] Processed 20 batches, 30 horizon(s)
  Multi-horizon metrics (30 horizons):
    h1: std=0.0151, dir_acc=54.5%, pos=99%, unique=1215, sharpe=67.60
    h2: std=0.0130, dir_acc=54.6%, pos=99%, unique=1204, sharpe=88.31
    h3: std=0.0128, dir_acc=54.4%, pos=99%, unique=1210, sharpe=88.98
    h4: std=0.0126, dir_acc=54.3%, pos=99%, unique=1202, sharpe=87.64
    h5: std=0.0124, dir_acc=54.4%, pos=99%, unique=1203, sharpe=86.41
    ... (25 more horizons)
  Aggregate: std_avg=0.0113, dir_acc_avg=54.6%, composite_avg=0.4250
  H1 detail: range=0.1201, mean=0.0644, dist_match=0.5547
  Collapse penalty: 0.000000 (threshold: 0.005000)
  Saved validation predictions to: experiments/10_quantile_horizon_sweep/daily_5q_h30_s123/collapse_monitoring/val_predictions_epoch24.npz
  Gradient norms:
    lstm_encoder: 0.009231
    lstm_decoder: 0.001076
    output_layer: 0.024493
  VSN output std:
    encoder: 0.113623
  Attention entropy: 2.908767
  Saved to: experiments/10_quantile_horizon_sweep/daily_5q_h30_s123/collapse_monitoring/collapse_monitor_latest.json
[DEBUG CollapseMonitor] on_validation_epoch_start called for epoch 25
[DEBUG CollapseMonitor] reset_temporal_state() called on loss function
Epoch 25: val_loss=0.542906641960144
Epoch 25: train_loss=0.5528579354286194

[CollapseMonitor] Epoch 25
  [DEBUG] Processed 20 batches, 30 horizon(s)
  Multi-horizon metrics (30 horizons):
    h1: std=0.0178, dir_acc=54.4%, pos=99%, unique=1226, sharpe=61.83
    h2: std=0.0153, dir_acc=54.3%, pos=99%, unique=1217, sharpe=79.91
    h3: std=0.0149, dir_acc=54.3%, pos=98%, unique=1215, sharpe=81.33
    h4: std=0.0146, dir_acc=54.3%, pos=98%, unique=1204, sharpe=80.07
    h5: std=0.0144, dir_acc=54.4%, pos=98%, unique=1201, sharpe=78.71
    ... (25 more horizons)
  Aggregate: std_avg=0.0134, dir_acc_avg=54.6%, composite_avg=0.4266
  H1 detail: range=0.1434, mean=0.0695, dist_match=0.5571
  Collapse penalty: 0.000000 (threshold: 0.005000)
  Saved validation predictions to: experiments/10_quantile_horizon_sweep/daily_5q_h30_s123/collapse_monitoring/val_predictions_epoch25.npz
  Gradient norms:
    lstm_encoder: 0.008323
    lstm_decoder: 0.001040
    output_layer: 0.022647
  VSN output std:
    encoder: 0.112596
  Attention entropy: 2.902239
  Saved to: experiments/10_quantile_horizon_sweep/daily_5q_h30_s123/collapse_monitoring/collapse_monitor_latest.json
[DEBUG CollapseMonitor] on_validation_epoch_start called for epoch 26
[DEBUG CollapseMonitor] reset_temporal_state() called on loss function
Epoch 26: val_loss=0.542926013469696
Epoch 26: train_loss=0.5527054071426392

[CollapseMonitor] Epoch 26
  [DEBUG] Processed 20 batches, 30 horizon(s)
  Multi-horizon metrics (30 horizons):
    h1: std=0.0174, dir_acc=54.5%, pos=99%, unique=1226, sharpe=60.38
    h2: std=0.0142, dir_acc=54.4%, pos=99%, unique=1219, sharpe=82.07
    h3: std=0.0134, dir_acc=54.3%, pos=99%, unique=1228, sharpe=85.62
    h4: std=0.0130, dir_acc=54.1%, pos=99%, unique=1217, sharpe=84.96
    h5: std=0.0128, dir_acc=54.4%, pos=99%, unique=1213, sharpe=83.65
    ... (25 more horizons)
  Aggregate: std_avg=0.0119, dir_acc_avg=54.6%, composite_avg=0.4254
  H1 detail: range=0.1306, mean=0.0663, dist_match=0.5547
  Collapse penalty: 0.000000 (threshold: 0.005000)
  Saved validation predictions to: experiments/10_quantile_horizon_sweep/daily_5q_h30_s123/collapse_monitoring/val_predictions_epoch26.npz
  Gradient norms:
    lstm_encoder: 0.009538
    lstm_decoder: 0.001067
    output_layer: 0.023664
  VSN output std:
    encoder: 0.112026
  Attention entropy: 2.902352
  Saved to: experiments/10_quantile_horizon_sweep/daily_5q_h30_s123/collapse_monitoring/collapse_monitor_latest.json
[DEBUG CollapseMonitor] on_validation_epoch_start called for epoch 27
[DEBUG CollapseMonitor] reset_temporal_state() called on loss function
Epoch 27: val_loss=0.5429385900497437
Epoch 27: train_loss=0.5527028441429138

[CollapseMonitor] Epoch 27
  [DEBUG] Processed 20 batches, 30 horizon(s)
  Multi-horizon metrics (30 horizons):
    h1: std=0.0182, dir_acc=54.4%, pos=100%, unique=1214, sharpe=63.38
    h2: std=0.0141, dir_acc=54.6%, pos=100%, unique=1225, sharpe=90.10
    h3: std=0.0128, dir_acc=54.6%, pos=100%, unique=1235, sharpe=98.30
    h4: std=0.0123, dir_acc=54.6%, pos=100%, unique=1217, sharpe=99.47
    h5: std=0.0120, dir_acc=54.6%, pos=100%, unique=1209, sharpe=98.67
    ... (25 more horizons)
  Aggregate: std_avg=0.0115, dir_acc_avg=54.7%, composite_avg=0.4232
  H1 detail: range=0.1339, mean=0.0728, dist_match=0.5507
  Collapse penalty: 0.000000 (threshold: 0.005000)
  Saved validation predictions to: experiments/10_quantile_horizon_sweep/daily_5q_h30_s123/collapse_monitoring/val_predictions_epoch27.npz
  Gradient norms:
    lstm_encoder: 0.010505
    lstm_decoder: 0.001179
    output_layer: 0.025076
  VSN output std:
    encoder: 0.111605
  Attention entropy: 2.908741
  Saved to: experiments/10_quantile_horizon_sweep/daily_5q_h30_s123/collapse_monitoring/collapse_monitor_latest.json
[DEBUG CollapseMonitor] on_validation_epoch_start called for epoch 28
[DEBUG CollapseMonitor] reset_temporal_state() called on loss function
Epoch 28: val_loss=0.5429832935333252
Epoch 28: train_loss=0.5522933602333069

[CollapseMonitor] Epoch 28
  [DEBUG] Processed 20 batches, 30 horizon(s)
  Multi-horizon metrics (30 horizons):
    h1: std=0.0190, dir_acc=54.5%, pos=99%, unique=1234, sharpe=60.51
    h2: std=0.0151, dir_acc=54.6%, pos=100%, unique=1224, sharpe=83.51
    h3: std=0.0140, dir_acc=54.3%, pos=100%, unique=1214, sharpe=89.18
    h4: std=0.0136, dir_acc=54.1%, pos=100%, unique=1224, sharpe=89.32
    h5: std=0.0133, dir_acc=54.3%, pos=100%, unique=1217, sharpe=88.22
    ... (25 more horizons)
  Aggregate: std_avg=0.0127, dir_acc_avg=54.6%, composite_avg=0.4244
  H1 detail: range=0.1406, mean=0.0726, dist_match=0.5531
  Collapse penalty: 0.000000 (threshold: 0.005000)
  Saved validation predictions to: experiments/10_quantile_horizon_sweep/daily_5q_h30_s123/collapse_monitoring/val_predictions_epoch28.npz
  Gradient norms:
    lstm_encoder: 0.009551
    lstm_decoder: 0.001114
    output_layer: 0.023239
  VSN output std:
    encoder: 0.111514
  Attention entropy: 2.892278
  Saved to: experiments/10_quantile_horizon_sweep/daily_5q_h30_s123/collapse_monitoring/collapse_monitor_latest.json
[DEBUG CollapseMonitor] on_validation_epoch_start called for epoch 29
[DEBUG CollapseMonitor] reset_temporal_state() called on loss function
Epoch 29: val_loss=0.5430318117141724
Epoch 29: train_loss=0.5523543953895569

[CollapseMonitor] Epoch 29
  [DEBUG] Processed 20 batches, 30 horizon(s)
  Multi-horizon metrics (30 horizons):
    h1: std=0.0202, dir_acc=54.5%, pos=99%, unique=1228, sharpe=51.14
    h2: std=0.0156, dir_acc=54.3%, pos=99%, unique=1218, sharpe=73.08
    h3: std=0.0141, dir_acc=54.2%, pos=99%, unique=1219, sharpe=79.78
    h4: std=0.0135, dir_acc=54.1%, pos=99%, unique=1218, sharpe=80.35
    h5: std=0.0133, dir_acc=54.3%, pos=99%, unique=1211, sharpe=79.32
    ... (25 more horizons)
  Aggregate: std_avg=0.0127, dir_acc_avg=54.6%, composite_avg=0.4245
  H1 detail: range=0.1381, mean=0.0652, dist_match=0.5547
  Collapse penalty: 0.000000 (threshold: 0.005000)
  Saved validation predictions to: experiments/10_quantile_horizon_sweep/daily_5q_h30_s123/collapse_monitoring/val_predictions_epoch29.npz
  Gradient norms:
    lstm_encoder: 0.009474
    lstm_decoder: 0.001104
    output_layer: 0.022784
  VSN output std:
    encoder: 0.111202
  Attention entropy: 2.893981
  Saved to: experiments/10_quantile_horizon_sweep/daily_5q_h30_s123/collapse_monitoring/collapse_monitor_latest.json
[DEBUG CollapseMonitor] on_validation_epoch_start called for epoch 30
[DEBUG CollapseMonitor] reset_temporal_state() called on loss function
Epoch 30: val_loss=0.5426982045173645
Epoch 30: train_loss=0.5520805716514587

[CollapseMonitor] Epoch 30
  [DEBUG] Processed 20 batches, 30 horizon(s)
  Multi-horizon metrics (30 horizons):
    h1: std=0.0208, dir_acc=54.4%, pos=99%, unique=1239, sharpe=53.09
    h2: std=0.0164, dir_acc=54.2%, pos=99%, unique=1230, sharpe=73.23
    h3: std=0.0149, dir_acc=54.2%, pos=99%, unique=1224, sharpe=79.25
    h4: std=0.0143, dir_acc=54.1%, pos=99%, unique=1209, sharpe=79.65
    h5: std=0.0141, dir_acc=54.3%, pos=99%, unique=1219, sharpe=78.57
    ... (25 more horizons)
  Aggregate: std_avg=0.0135, dir_acc_avg=54.6%, composite_avg=0.4248
  H1 detail: range=0.1479, mean=0.0695, dist_match=0.5523
  Collapse penalty: 0.000000 (threshold: 0.005000)
  Saved validation predictions to: experiments/10_quantile_horizon_sweep/daily_5q_h30_s123/collapse_monitoring/val_predictions_epoch30.npz
  Gradient norms:
    lstm_encoder: 0.009803
    lstm_decoder: 0.001185
    output_layer: 0.023196
  VSN output std:
    encoder: 0.110917
  Attention entropy: 2.888289
  Saved to: experiments/10_quantile_horizon_sweep/daily_5q_h30_s123/collapse_monitoring/collapse_monitor_latest.json
[DEBUG CollapseMonitor] on_validation_epoch_start called for epoch 31
[DEBUG CollapseMonitor] reset_temporal_state() called on loss function
Epoch 31: val_loss=0.5425921678543091
Epoch 31: train_loss=0.5521342754364014

[CollapseMonitor] Epoch 31
  [DEBUG] Processed 20 batches, 30 horizon(s)
  Multi-horizon metrics (30 horizons):
    h1: std=0.0214, dir_acc=54.5%, pos=99%, unique=1228, sharpe=55.05
    h2: std=0.0169, dir_acc=54.3%, pos=99%, unique=1227, sharpe=75.96
    h3: std=0.0153, dir_acc=54.1%, pos=99%, unique=1224, sharpe=82.61
    h4: std=0.0147, dir_acc=54.2%, pos=99%, unique=1216, sharpe=83.41
    h5: std=0.0144, dir_acc=54.3%, pos=99%, unique=1220, sharpe=82.57
    ... (25 more horizons)
  Aggregate: std_avg=0.0138, dir_acc_avg=54.6%, composite_avg=0.4243
  H1 detail: range=0.1473, mean=0.0742, dist_match=0.5515
  Collapse penalty: 0.000000 (threshold: 0.005000)
  Saved validation predictions to: experiments/10_quantile_horizon_sweep/daily_5q_h30_s123/collapse_monitoring/val_predictions_epoch31.npz
  Gradient norms:
    lstm_encoder: 0.010727
    lstm_decoder: 0.001132
    output_layer: 0.022909
  VSN output std:
    encoder: 0.110957
  Attention entropy: 2.886624
  Saved to: experiments/10_quantile_horizon_sweep/daily_5q_h30_s123/collapse_monitoring/collapse_monitor_latest.json
[DEBUG CollapseMonitor] on_validation_epoch_start called for epoch 32
[DEBUG CollapseMonitor] reset_temporal_state() called on loss function
Epoch 32: val_loss=0.5430630445480347
Epoch 32: train_loss=0.551694393157959

[CollapseMonitor] Epoch 32
  [DEBUG] Processed 20 batches, 30 horizon(s)
  Multi-horizon metrics (30 horizons):
    h1: std=0.0215, dir_acc=54.3%, pos=99%, unique=1232, sharpe=53.18
    h2: std=0.0170, dir_acc=54.2%, pos=99%, unique=1236, sharpe=72.79
    h3: std=0.0154, dir_acc=54.1%, pos=99%, unique=1229, sharpe=78.86
    h4: std=0.0148, dir_acc=54.3%, pos=99%, unique=1214, sharpe=79.39
    h5: std=0.0145, dir_acc=54.3%, pos=99%, unique=1224, sharpe=78.41
    ... (25 more horizons)
  Aggregate: std_avg=0.0139, dir_acc_avg=54.6%, composite_avg=0.4242
  H1 detail: range=0.1507, mean=0.0720, dist_match=0.5563
  Collapse penalty: 0.000000 (threshold: 0.005000)
  Saved validation predictions to: experiments/10_quantile_horizon_sweep/daily_5q_h30_s123/collapse_monitoring/val_predictions_epoch32.npz
  Gradient norms:
    lstm_encoder: 0.010027
    lstm_decoder: 0.001144
    output_layer: 0.023276
  VSN output std:
    encoder: 0.110598
  Attention entropy: 2.881348
  Saved to: experiments/10_quantile_horizon_sweep/daily_5q_h30_s123/collapse_monitoring/collapse_monitor_latest.json
[DEBUG CollapseMonitor] on_validation_epoch_start called for epoch 33
[DEBUG CollapseMonitor] reset_temporal_state() called on loss function
Epoch 33: val_loss=0.5428350567817688
Epoch 33: train_loss=0.5515891909599304

[CollapseMonitor] Epoch 33
  [DEBUG] Processed 20 batches, 30 horizon(s)
  Multi-horizon metrics (30 horizons):
    h1: std=0.0219, dir_acc=54.3%, pos=99%, unique=1230, sharpe=51.89
    h2: std=0.0173, dir_acc=54.3%, pos=99%, unique=1235, sharpe=70.94
    h3: std=0.0157, dir_acc=54.2%, pos=99%, unique=1225, sharpe=76.98
    h4: std=0.0151, dir_acc=54.1%, pos=99%, unique=1216, sharpe=77.60
    h5: std=0.0149, dir_acc=54.3%, pos=99%, unique=1219, sharpe=76.71
    ... (25 more horizons)
  Aggregate: std_avg=0.0143, dir_acc_avg=54.6%, composite_avg=0.4244
  H1 detail: range=0.1491, mean=0.0715, dist_match=0.5555
  Collapse penalty: 0.000000 (threshold: 0.005000)
  Saved validation predictions to: experiments/10_quantile_horizon_sweep/daily_5q_h30_s123/collapse_monitoring/val_predictions_epoch33.npz
  Gradient norms:
    lstm_encoder: 0.011584
    lstm_decoder: 0.001158
    output_layer: 0.023546
  VSN output std:
    encoder: 0.110373
  Attention entropy: 2.880077
  Saved to: experiments/10_quantile_horizon_sweep/daily_5q_h30_s123/collapse_monitoring/collapse_monitor_latest.json
[DEBUG CollapseMonitor] on_validation_epoch_start called for epoch 34
[DEBUG CollapseMonitor] reset_temporal_state() called on loss function
Epoch 34: val_loss=0.5426222085952759
Epoch 34: train_loss=0.5517197251319885

[CollapseMonitor] Epoch 34
  [DEBUG] Processed 20 batches, 30 horizon(s)
  Multi-horizon metrics (30 horizons):
    h1: std=0.0214, dir_acc=54.5%, pos=99%, unique=1239, sharpe=56.53
    h2: std=0.0170, dir_acc=54.3%, pos=99%, unique=1224, sharpe=76.74
    h3: std=0.0155, dir_acc=54.4%, pos=99%, unique=1220, sharpe=83.28
    h4: std=0.0149, dir_acc=54.4%, pos=99%, unique=1231, sharpe=84.17
    h5: std=0.0146, dir_acc=54.6%, pos=99%, unique=1224, sharpe=83.46
    ... (25 more horizons)
  Aggregate: std_avg=0.0140, dir_acc_avg=54.6%, composite_avg=0.4241
  H1 detail: range=0.1579, mean=0.0761, dist_match=0.5547
  Collapse penalty: 0.000000 (threshold: 0.005000)
  Saved validation predictions to: experiments/10_quantile_horizon_sweep/daily_5q_h30_s123/collapse_monitoring/val_predictions_epoch34.npz
  Gradient norms:
    lstm_encoder: 0.010567
    lstm_decoder: 0.001076
    output_layer: 0.021734
  VSN output std:
    encoder: 0.110400
  Attention entropy: 2.882330
  Saved to: experiments/10_quantile_horizon_sweep/daily_5q_h30_s123/collapse_monitoring/collapse_monitor_latest.json
[DEBUG CollapseMonitor] on_validation_epoch_start called for epoch 35
[DEBUG CollapseMonitor] reset_temporal_state() called on loss function
Epoch 35: val_loss=0.5429479479789734
Epoch 35: train_loss=0.5516926646232605

[CollapseMonitor] Epoch 35
  [DEBUG] Processed 20 batches, 30 horizon(s)
  Multi-horizon metrics (30 horizons):
    h1: std=0.0219, dir_acc=54.5%, pos=99%, unique=1235, sharpe=53.46
    h2: std=0.0172, dir_acc=54.4%, pos=100%, unique=1236, sharpe=73.02
    h3: std=0.0154, dir_acc=54.5%, pos=99%, unique=1221, sharpe=79.80
    h4: std=0.0148, dir_acc=54.5%, pos=99%, unique=1226, sharpe=80.67
    h5: std=0.0145, dir_acc=54.7%, pos=99%, unique=1221, sharpe=79.77
    ... (25 more horizons)
  Aggregate: std_avg=0.0141, dir_acc_avg=54.6%, composite_avg=0.4239
  H1 detail: range=0.1539, mean=0.0738, dist_match=0.5515
  Collapse penalty: 0.000000 (threshold: 0.005000)
  Saved validation predictions to: experiments/10_quantile_horizon_sweep/daily_5q_h30_s123/collapse_monitoring/val_predictions_epoch35.npz
  Gradient norms:
    lstm_encoder: 0.010297
    lstm_decoder: 0.001131
    output_layer: 0.022645
  VSN output std:
    encoder: 0.110323
  Attention entropy: 2.881689
  Saved to: experiments/10_quantile_horizon_sweep/daily_5q_h30_s123/collapse_monitoring/collapse_monitor_latest.json
[DEBUG CollapseMonitor] on_validation_epoch_start called for epoch 36
[DEBUG CollapseMonitor] reset_temporal_state() called on loss function
Epoch 36: val_loss=0.5432473421096802
Epoch 36: train_loss=0.551925539970398

[CollapseMonitor] Epoch 36
  [DEBUG] Processed 20 batches, 30 horizon(s)
  Multi-horizon metrics (30 horizons):
    h1: std=0.0215, dir_acc=54.5%, pos=99%, unique=1235, sharpe=53.48
    h2: std=0.0172, dir_acc=54.3%, pos=99%, unique=1234, sharpe=72.16
    h3: std=0.0157, dir_acc=54.3%, pos=99%, unique=1216, sharpe=77.85
    h4: std=0.0152, dir_acc=54.4%, pos=99%, unique=1222, sharpe=78.34
    h5: std=0.0149, dir_acc=54.4%, pos=99%, unique=1216, sharpe=77.46
    ... (25 more horizons)
  Aggregate: std_avg=0.0143, dir_acc_avg=54.6%, composite_avg=0.4240
  H1 detail: range=0.1663, mean=0.0725, dist_match=0.5547
  Collapse penalty: 0.000000 (threshold: 0.005000)
  Saved validation predictions to: experiments/10_quantile_horizon_sweep/daily_5q_h30_s123/collapse_monitoring/val_predictions_epoch36.npz
  Gradient norms:
    lstm_encoder: 0.010496
    lstm_decoder: 0.001088
    output_layer: 0.021611
  VSN output std:
    encoder: 0.110171
  Attention entropy: 2.864074
  Saved to: experiments/10_quantile_horizon_sweep/daily_5q_h30_s123/collapse_monitoring/collapse_monitor_latest.json
[DEBUG CollapseMonitor] on_validation_epoch_start called for epoch 37
[DEBUG CollapseMonitor] reset_temporal_state() called on loss function
Epoch 37: val_loss=0.5429602861404419
Epoch 37: train_loss=0.5513443946838379

[CollapseMonitor] Epoch 37
  [DEBUG] Processed 20 batches, 30 horizon(s)
  Multi-horizon metrics (30 horizons):
    h1: std=0.0221, dir_acc=54.5%, pos=99%, unique=1231, sharpe=54.25
    h2: std=0.0176, dir_acc=54.3%, pos=99%, unique=1229, sharpe=73.37
    h3: std=0.0159, dir_acc=54.4%, pos=99%, unique=1227, sharpe=79.73
    h4: std=0.0153, dir_acc=54.6%, pos=99%, unique=1226, sharpe=80.59
    h5: std=0.0151, dir_acc=54.6%, pos=99%, unique=1217, sharpe=79.87
    ... (25 more horizons)
  Aggregate: std_avg=0.0146, dir_acc_avg=54.7%, composite_avg=0.4242
  H1 detail: range=0.1662, mean=0.0754, dist_match=0.5515
  Collapse penalty: 0.000000 (threshold: 0.005000)
  Saved validation predictions to: experiments/10_quantile_horizon_sweep/daily_5q_h30_s123/collapse_monitoring/val_predictions_epoch37.npz
  Gradient norms:
    lstm_encoder: 0.010444
    lstm_decoder: 0.001087
    output_layer: 0.022185
  VSN output std:
    encoder: 0.110208
  Attention entropy: 2.865205
  Saved to: experiments/10_quantile_horizon_sweep/daily_5q_h30_s123/collapse_monitoring/collapse_monitor_latest.json
[DEBUG CollapseMonitor] on_validation_epoch_start called for epoch 38
[DEBUG CollapseMonitor] reset_temporal_state() called on loss function
Epoch 38: val_loss=0.5431798696517944
Epoch 38: train_loss=0.5514214038848877

[CollapseMonitor] Epoch 38
  [DEBUG] Processed 20 batches, 30 horizon(s)
  Multi-horizon metrics (30 horizons):
    h1: std=0.0219, dir_acc=54.6%, pos=100%, unique=1236, sharpe=54.76
    h2: std=0.0170, dir_acc=54.4%, pos=100%, unique=1226, sharpe=75.62
    h3: std=0.0152, dir_acc=54.5%, pos=99%, unique=1218, sharpe=83.27
    h4: std=0.0146, dir_acc=54.5%, pos=99%, unique=1212, sharpe=84.59
    h5: std=0.0143, dir_acc=54.7%, pos=99%, unique=1221, sharpe=83.97
    ... (25 more horizons)
  Aggregate: std_avg=0.0138, dir_acc_avg=54.7%, composite_avg=0.4240
  H1 detail: range=0.1687, mean=0.0757, dist_match=0.5507
  Collapse penalty: 0.000000 (threshold: 0.005000)
  Saved validation predictions to: experiments/10_quantile_horizon_sweep/daily_5q_h30_s123/collapse_monitoring/val_predictions_epoch38.npz
  Gradient norms:
    lstm_encoder: 0.010527
    lstm_decoder: 0.001097
    output_layer: 0.022032
  VSN output std:
    encoder: 0.110287
  Attention entropy: 2.869366
  Saved to: experiments/10_quantile_horizon_sweep/daily_5q_h30_s123/collapse_monitoring/collapse_monitor_latest.json
[DEBUG CollapseMonitor] on_validation_epoch_start called for epoch 39
[DEBUG CollapseMonitor] reset_temporal_state() called on loss function
Epoch 39: val_loss=0.5431763529777527
Epoch 39: train_loss=0.5509233474731445

[CollapseMonitor] Epoch 39
  [DEBUG] Processed 20 batches, 30 horizon(s)
  Multi-horizon metrics (30 horizons):
    h1: std=0.0218, dir_acc=54.5%, pos=100%, unique=1230, sharpe=56.49
    h2: std=0.0168, dir_acc=54.5%, pos=100%, unique=1232, sharpe=78.20
    h3: std=0.0150, dir_acc=54.4%, pos=100%, unique=1222, sharpe=86.48
    h4: std=0.0143, dir_acc=54.6%, pos=100%, unique=1215, sharpe=88.11
    h5: std=0.0141, dir_acc=54.6%, pos=100%, unique=1224, sharpe=87.66
    ... (25 more horizons)
  Aggregate: std_avg=0.0135, dir_acc_avg=54.7%, composite_avg=0.4238
  H1 detail: range=0.1660, mean=0.0775, dist_match=0.5499
  Collapse penalty: 0.000000 (threshold: 0.005000)
  Saved validation predictions to: experiments/10_quantile_horizon_sweep/daily_5q_h30_s123/collapse_monitoring/val_predictions_epoch39.npz
  Gradient norms:
    lstm_encoder: 0.009997
    lstm_decoder: 0.001122
    output_layer: 0.021102
  VSN output std:
    encoder: 0.110354
  Attention entropy: 2.876386
  Saved to: experiments/10_quantile_horizon_sweep/daily_5q_h30_s123/collapse_monitoring/collapse_monitor_latest.json
[DEBUG CollapseMonitor] on_validation_epoch_start called for epoch 40
[DEBUG CollapseMonitor] reset_temporal_state() called on loss function
Epoch 40: val_loss=0.543191134929657
Epoch 40: train_loss=0.551155149936676

[CollapseMonitor] Epoch 40
  [DEBUG] Processed 20 batches, 30 horizon(s)
  Multi-horizon metrics (30 horizons):
    h1: std=0.0225, dir_acc=54.5%, pos=100%, unique=1237, sharpe=52.10
    h2: std=0.0172, dir_acc=54.4%, pos=100%, unique=1231, sharpe=73.06
    h3: std=0.0152, dir_acc=54.4%, pos=100%, unique=1229, sharpe=81.39
    h4: std=0.0145, dir_acc=54.6%, pos=100%, unique=1224, sharpe=83.04
    h5: std=0.0142, dir_acc=54.6%, pos=100%, unique=1215, sharpe=82.52
    ... (25 more horizons)
  Aggregate: std_avg=0.0138, dir_acc_avg=54.7%, composite_avg=0.4239
  H1 detail: range=0.1703, mean=0.0738, dist_match=0.5499
  Collapse penalty: 0.000000 (threshold: 0.005000)
  Saved validation predictions to: experiments/10_quantile_horizon_sweep/daily_5q_h30_s123/collapse_monitoring/val_predictions_epoch40.npz
  Gradient norms:
    lstm_encoder: 0.011090
    lstm_decoder: 0.001180
    output_layer: 0.022637
  VSN output std:
    encoder: 0.110237
  Attention entropy: 2.873844
  Saved to: experiments/10_quantile_horizon_sweep/daily_5q_h30_s123/collapse_monitoring/collapse_monitor_latest.json
[DEBUG CollapseMonitor] on_validation_epoch_start called for epoch 41
[DEBUG CollapseMonitor] reset_temporal_state() called on loss function
Epoch 41: val_loss=0.543049156665802
Epoch 41: train_loss=0.5511572957038879

[CollapseMonitor] Epoch 41
  [DEBUG] Processed 20 batches, 30 horizon(s)
  Multi-horizon metrics (30 horizons):
    h1: std=0.0220, dir_acc=54.5%, pos=100%, unique=1231, sharpe=55.15
    h2: std=0.0173, dir_acc=54.4%, pos=100%, unique=1229, sharpe=75.55
    h3: std=0.0155, dir_acc=54.4%, pos=100%, unique=1227, sharpe=83.09
    h4: std=0.0148, dir_acc=54.5%, pos=99%, unique=1226, sharpe=84.51
    h5: std=0.0146, dir_acc=54.7%, pos=99%, unique=1221, sharpe=84.04
    ... (25 more horizons)
  Aggregate: std_avg=0.0140, dir_acc_avg=54.7%, composite_avg=0.4239
  H1 detail: range=0.1724, mean=0.0766, dist_match=0.5499
  Collapse penalty: 0.000000 (threshold: 0.005000)
  Saved validation predictions to: experiments/10_quantile_horizon_sweep/daily_5q_h30_s123/collapse_monitoring/val_predictions_epoch41.npz
  Gradient norms:
    lstm_encoder: 0.011097
    lstm_decoder: 0.001282
    output_layer: 0.024544
  VSN output std:
    encoder: 0.109974
  Attention entropy: 2.873986
  Saved to: experiments/10_quantile_horizon_sweep/daily_5q_h30_s123/collapse_monitoring/collapse_monitor_latest.json
[DEBUG CollapseMonitor] on_validation_epoch_start called for epoch 42
[DEBUG CollapseMonitor] reset_temporal_state() called on loss function
Epoch 42: val_loss=0.543149471282959
Epoch 42: train_loss=0.5511776208877563

[CollapseMonitor] Epoch 42
  [DEBUG] Processed 20 batches, 30 horizon(s)
  Multi-horizon metrics (30 horizons):
    h1: std=0.0223, dir_acc=54.5%, pos=100%, unique=1235, sharpe=55.06
    h2: std=0.0172, dir_acc=54.4%, pos=100%, unique=1228, sharpe=76.18
    h3: std=0.0153, dir_acc=54.4%, pos=100%, unique=1230, sharpe=84.51
    h4: std=0.0146, dir_acc=54.6%, pos=100%, unique=1220, sharpe=86.26
    h5: std=0.0143, dir_acc=54.6%, pos=100%, unique=1219, sharpe=85.88
    ... (25 more horizons)
  Aggregate: std_avg=0.0138, dir_acc_avg=54.7%, composite_avg=0.4239
  H1 detail: range=0.1735, mean=0.0772, dist_match=0.5499
  Collapse penalty: 0.000000 (threshold: 0.005000)
  Saved validation predictions to: experiments/10_quantile_horizon_sweep/daily_5q_h30_s123/collapse_monitoring/val_predictions_epoch42.npz
  Gradient norms:
    lstm_encoder: 0.011002
    lstm_decoder: 0.001154
    output_layer: 0.021604
  VSN output std:
    encoder: 0.109845
  Attention entropy: 2.872077
  Saved to: experiments/10_quantile_horizon_sweep/daily_5q_h30_s123/collapse_monitoring/collapse_monitor_latest.json
[DEBUG CollapseMonitor] on_validation_epoch_start called for epoch 43
[DEBUG CollapseMonitor] reset_temporal_state() called on loss function
Epoch 43: val_loss=0.5431102514266968
Epoch 43: train_loss=0.5509543418884277

[CollapseMonitor] Epoch 43
  [DEBUG] Processed 20 batches, 30 horizon(s)
  Multi-horizon metrics (30 horizons):
    h1: std=0.0222, dir_acc=54.4%, pos=100%, unique=1236, sharpe=54.75
    h2: std=0.0170, dir_acc=54.5%, pos=100%, unique=1236, sharpe=76.62
    h3: std=0.0149, dir_acc=54.5%, pos=100%, unique=1216, sharpe=85.88
    h4: std=0.0142, dir_acc=54.5%, pos=100%, unique=1219, sharpe=88.12
    h5: std=0.0139, dir_acc=54.7%, pos=100%, unique=1224, sharpe=87.95
    ... (25 more horizons)
  Aggregate: std_avg=0.0135, dir_acc_avg=54.7%, composite_avg=0.4235
  H1 detail: range=0.1673, mean=0.0765, dist_match=0.5491
  Collapse penalty: 0.000000 (threshold: 0.005000)
  Saved validation predictions to: experiments/10_quantile_horizon_sweep/daily_5q_h30_s123/collapse_monitoring/val_predictions_epoch43.npz
  Gradient norms:
    lstm_encoder: 0.011103
    lstm_decoder: 0.001168
    output_layer: 0.022644
  VSN output std:
    encoder: 0.109989
  Attention entropy: 2.873737
  Saved to: experiments/10_quantile_horizon_sweep/daily_5q_h30_s123/collapse_monitoring/collapse_monitor_latest.json
[DEBUG CollapseMonitor] on_validation_epoch_start called for epoch 44
[DEBUG CollapseMonitor] reset_temporal_state() called on loss function
Epoch 44: val_loss=0.5428526401519775
Epoch 44: train_loss=0.5510207414627075

[CollapseMonitor] Epoch 44
  [DEBUG] Processed 20 batches, 30 horizon(s)
  Multi-horizon metrics (30 horizons):
    h1: std=0.0224, dir_acc=54.4%, pos=100%, unique=1232, sharpe=54.99
    h2: std=0.0172, dir_acc=54.5%, pos=100%, unique=1227, sharpe=76.70
    h3: std=0.0152, dir_acc=54.5%, pos=100%, unique=1223, sharpe=85.67
    h4: std=0.0145, dir_acc=54.5%, pos=100%, unique=1221, sharpe=87.79
    h5: std=0.0142, dir_acc=54.6%, pos=100%, unique=1217, sharpe=87.61
    ... (25 more horizons)
  Aggregate: std_avg=0.0137, dir_acc_avg=54.7%, composite_avg=0.4235
  H1 detail: range=0.1707, mean=0.0775, dist_match=0.5491
  Collapse penalty: 0.000000 (threshold: 0.005000)
  Saved validation predictions to: experiments/10_quantile_horizon_sweep/daily_5q_h30_s123/collapse_monitoring/val_predictions_epoch44.npz
  Gradient norms:
    lstm_encoder: 0.010642
    lstm_decoder: 0.001190
    output_layer: 0.023129
  VSN output std:
    encoder: 0.109819
  Attention entropy: 2.867524
  Saved to: experiments/10_quantile_horizon_sweep/daily_5q_h30_s123/collapse_monitoring/collapse_monitor_latest.json
[DEBUG CollapseMonitor] on_validation_epoch_start called for epoch 45
[DEBUG CollapseMonitor] reset_temporal_state() called on loss function
Epoch 45: val_loss=0.542705237865448
Epoch 45: train_loss=0.5513078570365906

[CollapseMonitor] Epoch 45
  [DEBUG] Processed 20 batches, 30 horizon(s)
  Multi-horizon metrics (30 horizons):
    h1: std=0.0220, dir_acc=54.5%, pos=100%, unique=1235, sharpe=59.04
    h2: std=0.0168, dir_acc=54.3%, pos=100%, unique=1231, sharpe=82.28
    h3: std=0.0147, dir_acc=54.5%, pos=100%, unique=1221, sharpe=92.64
    h4: std=0.0139, dir_acc=54.6%, pos=100%, unique=1220, sharpe=95.33
    h5: std=0.0136, dir_acc=54.6%, pos=100%, unique=1223, sharpe=95.25
    ... (25 more horizons)
  Aggregate: std_avg=0.0134, dir_acc_avg=54.7%, composite_avg=0.4230
  H1 detail: range=0.1589, mean=0.0818, dist_match=0.5483
  Collapse penalty: 0.000000 (threshold: 0.005000)
  Saved validation predictions to: experiments/10_quantile_horizon_sweep/daily_5q_h30_s123/collapse_monitoring/val_predictions_epoch45.npz
  Gradient norms:
    lstm_encoder: 0.011334
    lstm_decoder: 0.001188
    output_layer: 0.022765
  VSN output std:
    encoder: 0.109666
  Attention entropy: 2.878036
  Saved to: experiments/10_quantile_horizon_sweep/daily_5q_h30_s123/collapse_monitoring/collapse_monitor_latest.json
[DEBUG CollapseMonitor] on_validation_epoch_start called for epoch 46
[DEBUG CollapseMonitor] reset_temporal_state() called on loss function
Epoch 46: val_loss=0.5428021550178528
Epoch 46: train_loss=0.5508748888969421

[CollapseMonitor] Epoch 46
  [DEBUG] Processed 20 batches, 30 horizon(s)
  Multi-horizon metrics (30 horizons):
    h1: std=0.0224, dir_acc=54.5%, pos=100%, unique=1238, sharpe=54.52
    h2: std=0.0170, dir_acc=54.3%, pos=100%, unique=1227, sharpe=76.64
    h3: std=0.0149, dir_acc=54.6%, pos=100%, unique=1230, sharpe=86.36
    h4: std=0.0141, dir_acc=54.6%, pos=100%, unique=1234, sharpe=88.80
    h5: std=0.0138, dir_acc=54.6%, pos=100%, unique=1217, sharpe=88.63
    ... (25 more horizons)
  Aggregate: std_avg=0.0136, dir_acc_avg=54.6%, composite_avg=0.4231
  H1 detail: range=0.1594, mean=0.0769, dist_match=0.5483
  Collapse penalty: 0.000000 (threshold: 0.005000)
  Saved validation predictions to: experiments/10_quantile_horizon_sweep/daily_5q_h30_s123/collapse_monitoring/val_predictions_epoch46.npz
  Gradient norms:
    lstm_encoder: 0.011357
    lstm_decoder: 0.001197
    output_layer: 0.022707
  VSN output std:
    encoder: 0.109616
  Attention entropy: 2.872758
  Saved to: experiments/10_quantile_horizon_sweep/daily_5q_h30_s123/collapse_monitoring/collapse_monitor_latest.json
[DEBUG CollapseMonitor] on_validation_epoch_start called for epoch 47
[DEBUG CollapseMonitor] reset_temporal_state() called on loss function
Epoch 47: val_loss=0.5427621006965637
Epoch 47: train_loss=0.5507000088691711

[CollapseMonitor] Epoch 47
  [DEBUG] Processed 20 batches, 30 horizon(s)
  Multi-horizon metrics (30 horizons):
    h1: std=0.0225, dir_acc=54.4%, pos=100%, unique=1244, sharpe=52.49
    h2: std=0.0173, dir_acc=54.4%, pos=100%, unique=1235, sharpe=73.20
    h3: std=0.0152, dir_acc=54.5%, pos=100%, unique=1229, sharpe=81.93
    h4: std=0.0145, dir_acc=54.5%, pos=100%, unique=1215, sharpe=83.91
    h5: std=0.0142, dir_acc=54.7%, pos=100%, unique=1226, sharpe=83.57
    ... (25 more horizons)
  Aggregate: std_avg=0.0139, dir_acc_avg=54.7%, composite_avg=0.4233
  H1 detail: range=0.1632, mean=0.0744, dist_match=0.5491
  Collapse penalty: 0.000000 (threshold: 0.005000)
  Saved validation predictions to: experiments/10_quantile_horizon_sweep/daily_5q_h30_s123/collapse_monitoring/val_predictions_epoch47.npz
  Gradient norms:
    lstm_encoder: 0.012094
    lstm_decoder: 0.001200
    output_layer: 0.022422
  VSN output std:
    encoder: 0.109634
  Attention entropy: 2.870183
  Saved to: experiments/10_quantile_horizon_sweep/daily_5q_h30_s123/collapse_monitoring/collapse_monitor_latest.json
[DEBUG CollapseMonitor] on_validation_epoch_start called for epoch 48
[DEBUG CollapseMonitor] reset_temporal_state() called on loss function
Epoch 48: val_loss=0.5428246855735779
Epoch 48: train_loss=0.55074542760849

[CollapseMonitor] Epoch 48
  [DEBUG] Processed 20 batches, 30 horizon(s)
  Multi-horizon metrics (30 horizons):
    h1: std=0.0226, dir_acc=54.4%, pos=100%, unique=1235, sharpe=53.19
    h2: std=0.0174, dir_acc=54.5%, pos=100%, unique=1225, sharpe=73.92
    h3: std=0.0153, dir_acc=54.5%, pos=100%, unique=1230, sharpe=82.55
    h4: std=0.0146, dir_acc=54.5%, pos=100%, unique=1224, sharpe=84.49
    h5: std=0.0143, dir_acc=54.7%, pos=100%, unique=1226, sharpe=84.15
    ... (25 more horizons)
  Aggregate: std_avg=0.0140, dir_acc_avg=54.7%, composite_avg=0.4234
  H1 detail: range=0.1675, mean=0.0756, dist_match=0.5491
  Collapse penalty: 0.000000 (threshold: 0.005000)
  Saved validation predictions to: experiments/10_quantile_horizon_sweep/daily_5q_h30_s123/collapse_monitoring/val_predictions_epoch48.npz
  Gradient norms:
    lstm_encoder: 0.010654
    lstm_decoder: 0.001239
    output_layer: 0.024275
  VSN output std:
    encoder: 0.109689
  Attention entropy: 2.866016
  Saved to: experiments/10_quantile_horizon_sweep/daily_5q_h30_s123/collapse_monitoring/collapse_monitor_latest.json
[DEBUG CollapseMonitor] on_validation_epoch_start called for epoch 49
[DEBUG CollapseMonitor] reset_temporal_state() called on loss function
Epoch 49: val_loss=0.5429595112800598
Epoch 49: train_loss=0.550774872303009

[CollapseMonitor] Epoch 49
  [DEBUG] Processed 20 batches, 30 horizon(s)
  Multi-horizon metrics (30 horizons):
    h1: std=0.0228, dir_acc=54.5%, pos=100%, unique=1236, sharpe=52.56
    h2: std=0.0175, dir_acc=54.5%, pos=100%, unique=1225, sharpe=73.05
    h3: std=0.0155, dir_acc=54.4%, pos=100%, unique=1225, sharpe=81.51
    h4: std=0.0148, dir_acc=54.6%, pos=100%, unique=1214, sharpe=83.41
    h5: std=0.0145, dir_acc=54.6%, pos=100%, unique=1221, sharpe=83.10
    ... (25 more horizons)
  Aggregate: std_avg=0.0141, dir_acc_avg=54.7%, composite_avg=0.4237
  H1 detail: range=0.1737, mean=0.0754, dist_match=0.5499
  Collapse penalty: 0.000000 (threshold: 0.005000)
  Saved validation predictions to: experiments/10_quantile_horizon_sweep/daily_5q_h30_s123/collapse_monitoring/val_predictions_epoch49.npz
  Gradient norms:
    lstm_encoder: 0.010561
    lstm_decoder: 0.001223
    output_layer: 0.022497
  VSN output std:
    encoder: 0.109586
  Attention entropy: 2.860389
  Saved to: experiments/10_quantile_horizon_sweep/daily_5q_h30_s123/collapse_monitoring/collapse_monitor_latest.json
[DEBUG CollapseMonitor] on_validation_epoch_start called for epoch 50
[DEBUG CollapseMonitor] reset_temporal_state() called on loss function
Epoch 50: val_loss=0.5428246855735779
Epoch 50: train_loss=0.5511598587036133

[CollapseMonitor] Epoch 50
  [DEBUG] Processed 20 batches, 30 horizon(s)
  Multi-horizon metrics (30 horizons):
    h1: std=0.0227, dir_acc=54.4%, pos=100%, unique=1236, sharpe=52.66
    h2: std=0.0174, dir_acc=54.5%, pos=100%, unique=1227, sharpe=73.28
    h3: std=0.0154, dir_acc=54.5%, pos=100%, unique=1226, sharpe=81.93
    h4: std=0.0146, dir_acc=54.5%, pos=100%, unique=1223, sharpe=83.92
    h5: std=0.0143, dir_acc=54.7%, pos=100%, unique=1222, sharpe=83.62
    ... (25 more horizons)
  Aggregate: std_avg=0.0140, dir_acc_avg=54.7%, composite_avg=0.4235
  H1 detail: range=0.1683, mean=0.0752, dist_match=0.5491
  Collapse penalty: 0.000000 (threshold: 0.005000)
  Saved validation predictions to: experiments/10_quantile_horizon_sweep/daily_5q_h30_s123/collapse_monitoring/val_predictions_epoch50.npz
  Gradient norms:
    lstm_encoder: 0.010838
    lstm_decoder: 0.001111
    output_layer: 0.019751
  VSN output std:
    encoder: 0.109609
  Attention entropy: 2.865123
  Saved to: experiments/10_quantile_horizon_sweep/daily_5q_h30_s123/collapse_monitoring/collapse_monitor_latest.json
[DEBUG CollapseMonitor] on_validation_epoch_start called for epoch 51
[DEBUG CollapseMonitor] reset_temporal_state() called on loss function
Epoch 51: val_loss=0.5428123474121094
Epoch 51: train_loss=0.5510798692703247

[CollapseMonitor] Epoch 51
  [DEBUG] Processed 20 batches, 30 horizon(s)
  Multi-horizon metrics (30 horizons):
    h1: std=0.0226, dir_acc=54.4%, pos=100%, unique=1240, sharpe=52.98
    h2: std=0.0175, dir_acc=54.5%, pos=100%, unique=1223, sharpe=73.28
    h3: std=0.0155, dir_acc=54.5%, pos=100%, unique=1222, sharpe=81.61
    h4: std=0.0147, dir_acc=54.6%, pos=100%, unique=1213, sharpe=83.42
    h5: std=0.0145, dir_acc=54.6%, pos=100%, unique=1218, sharpe=83.04
    ... (25 more horizons)
  Aggregate: std_avg=0.0142, dir_acc_avg=54.7%, composite_avg=0.4236
  H1 detail: range=0.1708, mean=0.0755, dist_match=0.5491
  Collapse penalty: 0.000000 (threshold: 0.005000)
  Saved validation predictions to: experiments/10_quantile_horizon_sweep/daily_5q_h30_s123/collapse_monitoring/val_predictions_epoch51.npz
  Gradient norms:
    lstm_encoder: 0.012634
    lstm_decoder: 0.001256
    output_layer: 0.022446
  VSN output std:
    encoder: 0.109628
  Attention entropy: 2.863119
  Saved to: experiments/10_quantile_horizon_sweep/daily_5q_h30_s123/collapse_monitoring/collapse_monitor_latest.json
[DEBUG CollapseMonitor] on_validation_epoch_start called for epoch 52
[DEBUG CollapseMonitor] reset_temporal_state() called on loss function
Epoch 52: val_loss=0.5428285598754883
Epoch 52: train_loss=0.5511661171913147

[CollapseMonitor] Epoch 52
  [DEBUG] Processed 20 batches, 30 horizon(s)
  Multi-horizon metrics (30 horizons):
    h1: std=0.0228, dir_acc=54.4%, pos=100%, unique=1236, sharpe=52.05
    h2: std=0.0175, dir_acc=54.5%, pos=100%, unique=1228, sharpe=72.30
    h3: std=0.0155, dir_acc=54.5%, pos=100%, unique=1220, sharpe=80.79
    h4: std=0.0147, dir_acc=54.5%, pos=100%, unique=1226, sharpe=82.71
    h5: std=0.0144, dir_acc=54.6%, pos=100%, unique=1221, sharpe=82.40
    ... (25 more horizons)
  Aggregate: std_avg=0.0142, dir_acc_avg=54.7%, composite_avg=0.4235
  H1 detail: range=0.1716, mean=0.0747, dist_match=0.5491
  Collapse penalty: 0.000000 (threshold: 0.005000)
  Saved validation predictions to: experiments/10_quantile_horizon_sweep/daily_5q_h30_s123/collapse_monitoring/val_predictions_epoch52.npz
  Gradient norms:
    lstm_encoder: 0.012288
    lstm_decoder: 0.001215
    output_layer: 0.022256
  VSN output std:
    encoder: 0.109586
  Attention entropy: 2.864280
  Saved to: experiments/10_quantile_horizon_sweep/daily_5q_h30_s123/collapse_monitoring/collapse_monitor_latest.json
[DEBUG CollapseMonitor] on_validation_epoch_start called for epoch 53
[DEBUG CollapseMonitor] reset_temporal_state() called on loss function
Epoch 53: val_loss=0.5428412556648254
Epoch 53: train_loss=0.5506880283355713

[CollapseMonitor] Epoch 53
  [DEBUG] Processed 20 batches, 30 horizon(s)
  Multi-horizon metrics (30 horizons):
    h1: std=0.0224, dir_acc=54.4%, pos=100%, unique=1233, sharpe=51.80
    h2: std=0.0170, dir_acc=54.4%, pos=100%, unique=1233, sharpe=72.65
    h3: std=0.0149, dir_acc=54.6%, pos=100%, unique=1224, sharpe=81.65
    h4: std=0.0141, dir_acc=54.5%, pos=100%, unique=1219, sharpe=83.79
    h5: std=0.0138, dir_acc=54.7%, pos=100%, unique=1214, sharpe=83.52
    ... (25 more horizons)
  Aggregate: std_avg=0.0137, dir_acc_avg=54.6%, composite_avg=0.4232
  H1 detail: range=0.1640, mean=0.0729, dist_match=0.5491
  Collapse penalty: 0.000000 (threshold: 0.005000)
  Saved validation predictions to: experiments/10_quantile_horizon_sweep/daily_5q_h30_s123/collapse_monitoring/val_predictions_epoch53.npz
  Gradient norms:
    lstm_encoder: 0.011596
    lstm_decoder: 0.001138
    output_layer: 0.021772
  VSN output std:
    encoder: 0.109586
  Attention entropy: 2.870943
  Saved to: experiments/10_quantile_horizon_sweep/daily_5q_h30_s123/collapse_monitoring/collapse_monitor_latest.json
[DEBUG CollapseMonitor] on_validation_epoch_start called for epoch 54
[DEBUG CollapseMonitor] reset_temporal_state() called on loss function
Epoch 54: val_loss=0.5426303744316101
Epoch 54: train_loss=0.5505655407905579

[CollapseMonitor] Epoch 54
  [DEBUG] Processed 20 batches, 30 horizon(s)
  Multi-horizon metrics (30 horizons):
    h1: std=0.0227, dir_acc=54.5%, pos=100%, unique=1234, sharpe=52.58
    h2: std=0.0174, dir_acc=54.4%, pos=100%, unique=1230, sharpe=73.45
    h3: std=0.0152, dir_acc=54.6%, pos=100%, unique=1226, sharpe=82.54
    h4: std=0.0144, dir_acc=54.6%, pos=100%, unique=1223, sharpe=84.74
    h5: std=0.0141, dir_acc=54.6%, pos=100%, unique=1223, sharpe=84.51
    ... (25 more horizons)
  Aggregate: std_avg=0.0140, dir_acc_avg=54.6%, composite_avg=0.4231
  H1 detail: range=0.1648, mean=0.0753, dist_match=0.5483
  Collapse penalty: 0.000000 (threshold: 0.005000)
  Saved validation predictions to: experiments/10_quantile_horizon_sweep/daily_5q_h30_s123/collapse_monitoring/val_predictions_epoch54.npz
  Gradient norms:
    lstm_encoder: 0.012020
    lstm_decoder: 0.001205
    output_layer: 0.022457
  VSN output std:
    encoder: 0.109580
  Attention entropy: 2.868462
  Saved to: experiments/10_quantile_horizon_sweep/daily_5q_h30_s123/collapse_monitoring/collapse_monitor_latest.json
[DEBUG CollapseMonitor] on_validation_epoch_start called for epoch 55
[DEBUG CollapseMonitor] reset_temporal_state() called on loss function
Epoch 55: val_loss=0.5428116321563721
Epoch 55: train_loss=0.5505157113075256

[CollapseMonitor] Epoch 55
  [DEBUG] Processed 20 batches, 30 horizon(s)
  Multi-horizon metrics (30 horizons):
    h1: std=0.0226, dir_acc=54.4%, pos=100%, unique=1243, sharpe=54.32
    h2: std=0.0173, dir_acc=54.4%, pos=100%, unique=1220, sharpe=75.35
    h3: std=0.0152, dir_acc=54.6%, pos=100%, unique=1226, sharpe=84.39
    h4: std=0.0144, dir_acc=54.5%, pos=100%, unique=1220, sharpe=86.53
    h5: std=0.0142, dir_acc=54.7%, pos=100%, unique=1224, sharpe=86.28
    ... (25 more horizons)
  Aggregate: std_avg=0.0140, dir_acc_avg=54.6%, composite_avg=0.4231
  H1 detail: range=0.1676, mean=0.0773, dist_match=0.5491
  Collapse penalty: 0.000000 (threshold: 0.005000)
  Saved validation predictions to: experiments/10_quantile_horizon_sweep/daily_5q_h30_s123/collapse_monitoring/val_predictions_epoch55.npz
  Gradient norms:
    lstm_encoder: 0.010445
    lstm_decoder: 0.001242
    output_layer: 0.021938
  VSN output std:
    encoder: 0.109493
  Attention entropy: 2.868017
  Saved to: experiments/10_quantile_horizon_sweep/daily_5q_h30_s123/collapse_monitoring/collapse_monitor_latest.json
[DEBUG CollapseMonitor] on_validation_epoch_start called for epoch 56
[DEBUG CollapseMonitor] reset_temporal_state() called on loss function
Epoch 56: val_loss=0.5428048968315125
Epoch 56: train_loss=0.5506896376609802

[CollapseMonitor] Epoch 56
  [DEBUG] Processed 20 batches, 30 horizon(s)
  Multi-horizon metrics (30 horizons):
    h1: std=0.0226, dir_acc=54.5%, pos=100%, unique=1231, sharpe=54.40
    h2: std=0.0172, dir_acc=54.4%, pos=100%, unique=1229, sharpe=75.58
    h3: std=0.0151, dir_acc=54.6%, pos=100%, unique=1227, sharpe=84.78
    h4: std=0.0143, dir_acc=54.6%, pos=100%, unique=1222, sharpe=86.98
    h5: std=0.0140, dir_acc=54.6%, pos=100%, unique=1212, sharpe=86.72
    ... (25 more horizons)
  Aggregate: std_avg=0.0139, dir_acc_avg=54.6%, composite_avg=0.4231
  H1 detail: range=0.1652, mean=0.0773, dist_match=0.5483
  Collapse penalty: 0.000000 (threshold: 0.005000)
  Saved validation predictions to: experiments/10_quantile_horizon_sweep/daily_5q_h30_s123/collapse_monitoring/val_predictions_epoch56.npz
  Gradient norms:
    lstm_encoder: 0.011416
    lstm_decoder: 0.001206
    output_layer: 0.021721
  VSN output std:
    encoder: 0.109497
  Attention entropy: 2.868766
  Saved to: experiments/10_quantile_horizon_sweep/daily_5q_h30_s123/collapse_monitoring/collapse_monitor_latest.json
[DEBUG CollapseMonitor] on_validation_epoch_start called for epoch 57
[DEBUG CollapseMonitor] reset_temporal_state() called on loss function
Epoch 57: val_loss=0.542793869972229
Epoch 57: train_loss=0.5507280230522156

[CollapseMonitor] Epoch 57
  [DEBUG] Processed 20 batches, 30 horizon(s)
  Multi-horizon metrics (30 horizons):
    h1: std=0.0227, dir_acc=54.5%, pos=100%, unique=1235, sharpe=54.09
    h2: std=0.0173, dir_acc=54.4%, pos=100%, unique=1221, sharpe=75.09
    h3: std=0.0152, dir_acc=54.6%, pos=100%, unique=1228, sharpe=84.20
    h4: std=0.0144, dir_acc=54.6%, pos=100%, unique=1228, sharpe=86.38
    h5: std=0.0141, dir_acc=54.6%, pos=100%, unique=1219, sharpe=86.14
    ... (25 more horizons)
  Aggregate: std_avg=0.0140, dir_acc_avg=54.6%, composite_avg=0.4231
  H1 detail: range=0.1659, mean=0.0772, dist_match=0.5483
  Collapse penalty: 0.000000 (threshold: 0.005000)
  Saved validation predictions to: experiments/10_quantile_horizon_sweep/daily_5q_h30_s123/collapse_monitoring/val_predictions_epoch57.npz
  Gradient norms:
    lstm_encoder: 0.011433
    lstm_decoder: 0.001137
    output_layer: 0.022054
  VSN output std:
    encoder: 0.109487
  Attention entropy: 2.868194
  Saved to: experiments/10_quantile_horizon_sweep/daily_5q_h30_s123/collapse_monitoring/collapse_monitor_latest.json
[DEBUG CollapseMonitor] on_validation_epoch_start called for epoch 58
[DEBUG CollapseMonitor] reset_temporal_state() called on loss function
Epoch 58: val_loss=0.5428098440170288
Epoch 58: train_loss=0.5506899356842041

[CollapseMonitor] Epoch 58
  [DEBUG] Processed 20 batches, 30 horizon(s)
  Multi-horizon metrics (30 horizons):
    h1: std=0.0228, dir_acc=54.5%, pos=100%, unique=1240, sharpe=52.48
    h2: std=0.0175, dir_acc=54.4%, pos=100%, unique=1237, sharpe=72.88
    h3: std=0.0153, dir_acc=54.6%, pos=100%, unique=1226, sharpe=81.66
    h4: std=0.0145, dir_acc=54.6%, pos=100%, unique=1221, sharpe=83.73
    h5: std=0.0143, dir_acc=54.7%, pos=100%, unique=1222, sharpe=83.45
    ... (25 more horizons)
  Aggregate: std_avg=0.0141, dir_acc_avg=54.7%, composite_avg=0.4231
  H1 detail: range=0.1662, mean=0.0754, dist_match=0.5483
  Collapse penalty: 0.000000 (threshold: 0.005000)
  Saved validation predictions to: experiments/10_quantile_horizon_sweep/daily_5q_h30_s123/collapse_monitoring/val_predictions_epoch58.npz
  Gradient norms:
    lstm_encoder: 0.010449
    lstm_decoder: 0.001170
    output_layer: 0.021394
  VSN output std:
    encoder: 0.109456
  Attention entropy: 2.867083
  Saved to: experiments/10_quantile_horizon_sweep/daily_5q_h30_s123/collapse_monitoring/collapse_monitor_latest.json
[DEBUG CollapseMonitor] on_validation_epoch_start called for epoch 59
[DEBUG CollapseMonitor] reset_temporal_state() called on loss function
Epoch 59: val_loss=0.5427789092063904
Epoch 59: train_loss=0.5500625967979431

[CollapseMonitor] Epoch 59
  [DEBUG] Processed 20 batches, 30 horizon(s)
  Multi-horizon metrics (30 horizons):
    h1: std=0.0226, dir_acc=54.5%, pos=100%, unique=1235, sharpe=53.60
    h2: std=0.0172, dir_acc=54.4%, pos=100%, unique=1228, sharpe=74.46
    h3: std=0.0151, dir_acc=54.6%, pos=100%, unique=1220, sharpe=83.52
    h4: std=0.0143, dir_acc=54.6%, pos=100%, unique=1228, sharpe=85.67
    h5: std=0.0141, dir_acc=54.6%, pos=100%, unique=1215, sharpe=85.41
    ... (25 more horizons)
  Aggregate: std_avg=0.0139, dir_acc_avg=54.7%, composite_avg=0.4231
  H1 detail: range=0.1637, mean=0.0762, dist_match=0.5483
  Collapse penalty: 0.000000 (threshold: 0.005000)
  Saved validation predictions to: experiments/10_quantile_horizon_sweep/daily_5q_h30_s123/collapse_monitoring/val_predictions_epoch59.npz
  Gradient norms:
    lstm_encoder: 0.011334
    lstm_decoder: 0.001196
    output_layer: 0.021344
  VSN output std:
    encoder: 0.109470
  Attention entropy: 2.868987
  Saved to: experiments/10_quantile_horizon_sweep/daily_5q_h30_s123/collapse_monitoring/collapse_monitor_latest.json
[DEBUG CollapseMonitor] on_validation_epoch_start called for epoch 60
[DEBUG CollapseMonitor] reset_temporal_state() called on loss function
Epoch 60: val_loss=0.5427559018135071
Epoch 60: train_loss=0.5509849786758423

[CollapseMonitor] Epoch 60
  [DEBUG] Processed 20 batches, 30 horizon(s)
  Multi-horizon metrics (30 horizons):
    h1: std=0.0227, dir_acc=54.5%, pos=100%, unique=1236, sharpe=53.89
    h2: std=0.0172, dir_acc=54.4%, pos=100%, unique=1233, sharpe=75.43
    h3: std=0.0150, dir_acc=54.5%, pos=100%, unique=1226, sharpe=85.20
    h4: std=0.0142, dir_acc=54.7%, pos=100%, unique=1230, sharpe=87.71
    h5: std=0.0139, dir_acc=54.7%, pos=100%, unique=1222, sharpe=87.57
    ... (25 more horizons)
  Aggregate: std_avg=0.0138, dir_acc_avg=54.7%, composite_avg=0.4229
  H1 detail: range=0.1596, mean=0.0770, dist_match=0.5467
  Collapse penalty: 0.000000 (threshold: 0.005000)
  Saved validation predictions to: experiments/10_quantile_horizon_sweep/daily_5q_h30_s123/collapse_monitoring/val_predictions_epoch60.npz
  Gradient norms:
    lstm_encoder: 0.012207
    lstm_decoder: 0.001245
    output_layer: 0.022127
  VSN output std:
    encoder: 0.109465
  Attention entropy: 2.871762
  Saved to: experiments/10_quantile_horizon_sweep/daily_5q_h30_s123/collapse_monitoring/collapse_monitor_latest.json
[DEBUG CollapseMonitor] on_validation_epoch_start called for epoch 61
[DEBUG CollapseMonitor] reset_temporal_state() called on loss function
Epoch 61: val_loss=0.5427547097206116
Epoch 61: train_loss=0.5503905415534973

[CollapseMonitor] Epoch 61
  [DEBUG] Processed 20 batches, 30 horizon(s)
  Multi-horizon metrics (30 horizons):
    h1: std=0.0226, dir_acc=54.5%, pos=100%, unique=1236, sharpe=54.16
    h2: std=0.0172, dir_acc=54.3%, pos=100%, unique=1220, sharpe=75.46
    h3: std=0.0150, dir_acc=54.5%, pos=100%, unique=1225, sharpe=84.94
    h4: std=0.0142, dir_acc=54.6%, pos=100%, unique=1221, sharpe=87.30
    h5: std=0.0140, dir_acc=54.6%, pos=100%, unique=1224, sharpe=87.12
    ... (25 more horizons)
  Aggregate: std_avg=0.0139, dir_acc_avg=54.6%, composite_avg=0.4229
  H1 detail: range=0.1613, mean=0.0771, dist_match=0.5483
  Collapse penalty: 0.000000 (threshold: 0.005000)
  Saved validation predictions to: experiments/10_quantile_horizon_sweep/daily_5q_h30_s123/collapse_monitoring/val_predictions_epoch61.npz
  Gradient norms:
    lstm_encoder: 0.010866
    lstm_decoder: 0.001186
    output_layer: 0.020783
  VSN output std:
    encoder: 0.109428
  Attention entropy: 2.870793
  Saved to: experiments/10_quantile_horizon_sweep/daily_5q_h30_s123/collapse_monitoring/collapse_monitor_latest.json
[DEBUG CollapseMonitor] on_validation_epoch_start called for epoch 62
[DEBUG CollapseMonitor] reset_temporal_state() called on loss function
Epoch 62: val_loss=0.5427311062812805
Epoch 62: train_loss=0.5508890151977539

[CollapseMonitor] Epoch 62
  [DEBUG] Processed 20 batches, 30 horizon(s)
  Multi-horizon metrics (30 horizons):
    h1: std=0.0226, dir_acc=54.5%, pos=100%, unique=1236, sharpe=55.20
    h2: std=0.0171, dir_acc=54.5%, pos=100%, unique=1217, sharpe=76.98
    h3: std=0.0149, dir_acc=54.6%, pos=100%, unique=1218, sharpe=86.89
    h4: std=0.0141, dir_acc=54.7%, pos=100%, unique=1222, sharpe=89.45
    h5: std=0.0138, dir_acc=54.6%, pos=100%, unique=1216, sharpe=89.30
    ... (25 more horizons)
  Aggregate: std_avg=0.0138, dir_acc_avg=54.7%, composite_avg=0.4229
  H1 detail: range=0.1579, mean=0.0785, dist_match=0.5467
  Collapse penalty: 0.000000 (threshold: 0.005000)
  Saved validation predictions to: experiments/10_quantile_horizon_sweep/daily_5q_h30_s123/collapse_monitoring/val_predictions_epoch62.npz
  Gradient norms:
    lstm_encoder: 0.011327
    lstm_decoder: 0.001251
    output_layer: 0.022525
  VSN output std:
    encoder: 0.109441
  Attention entropy: 2.873538
  Saved to: experiments/10_quantile_horizon_sweep/daily_5q_h30_s123/collapse_monitoring/collapse_monitor_latest.json
[DEBUG CollapseMonitor] on_validation_epoch_start called for epoch 63
[DEBUG CollapseMonitor] reset_temporal_state() called on loss function
Epoch 63: val_loss=0.542753279209137
Epoch 63: train_loss=0.5506126284599304

[CollapseMonitor] Epoch 63
  [DEBUG] Processed 20 batches, 30 horizon(s)
  Multi-horizon metrics (30 horizons):
    h1: std=0.0225, dir_acc=54.5%, pos=100%, unique=1240, sharpe=53.28
    h2: std=0.0172, dir_acc=54.3%, pos=100%, unique=1218, sharpe=73.97
    h3: std=0.0150, dir_acc=54.6%, pos=100%, unique=1225, sharpe=83.00
    h4: std=0.0143, dir_acc=54.6%, pos=100%, unique=1226, sharpe=85.14
    h5: std=0.0140, dir_acc=54.6%, pos=100%, unique=1217, sharpe=84.84
    ... (25 more horizons)
  Aggregate: std_avg=0.0139, dir_acc_avg=54.7%, composite_avg=0.4230
  H1 detail: range=0.1609, mean=0.0754, dist_match=0.5483
  Collapse penalty: 0.000000 (threshold: 0.005000)
  Saved validation predictions to: experiments/10_quantile_horizon_sweep/daily_5q_h30_s123/collapse_monitoring/val_predictions_epoch63.npz
  Gradient norms:
    lstm_encoder: 0.011434
    lstm_decoder: 0.001249
    output_layer: 0.022034
  VSN output std:
    encoder: 0.109412
  Attention entropy: 2.871905
  Saved to: experiments/10_quantile_horizon_sweep/daily_5q_h30_s123/collapse_monitoring/collapse_monitor_latest.json
[DEBUG CollapseMonitor] on_validation_epoch_start called for epoch 64
[DEBUG CollapseMonitor] reset_temporal_state() called on loss function
Epoch 64: val_loss=0.5427657961845398
Epoch 64: train_loss=0.5507920980453491

[CollapseMonitor] Epoch 64
  [DEBUG] Processed 20 batches, 30 horizon(s)
  Multi-horizon metrics (30 horizons):
    h1: std=0.0225, dir_acc=54.5%, pos=100%, unique=1238, sharpe=54.20
    h2: std=0.0172, dir_acc=54.3%, pos=100%, unique=1233, sharpe=75.26
    h3: std=0.0150, dir_acc=54.5%, pos=100%, unique=1218, sharpe=84.53
    h4: std=0.0143, dir_acc=54.6%, pos=100%, unique=1215, sharpe=86.79
    h5: std=0.0140, dir_acc=54.6%, pos=100%, unique=1211, sharpe=86.53
    ... (25 more horizons)
  Aggregate: std_avg=0.0140, dir_acc_avg=54.6%, composite_avg=0.4229
  H1 detail: range=0.1611, mean=0.0769, dist_match=0.5483
  Collapse penalty: 0.000000 (threshold: 0.005000)
  Saved validation predictions to: experiments/10_quantile_horizon_sweep/daily_5q_h30_s123/collapse_monitoring/val_predictions_epoch64.npz
  Gradient norms:
    lstm_encoder: 0.011939
    lstm_decoder: 0.001280
    output_layer: 0.022175
  VSN output std:
    encoder: 0.109427
  Attention entropy: 2.871098
  Saved to: experiments/10_quantile_horizon_sweep/daily_5q_h30_s123/collapse_monitoring/collapse_monitor_latest.json
[DEBUG CollapseMonitor] on_validation_epoch_start called for epoch 65
[DEBUG CollapseMonitor] reset_temporal_state() called on loss function
Epoch 65: val_loss=0.5428267121315002
Epoch 65: train_loss=0.5507379174232483

[CollapseMonitor] Epoch 65
  [DEBUG] Processed 20 batches, 30 horizon(s)
  Multi-horizon metrics (30 horizons):
    h1: std=0.0225, dir_acc=54.5%, pos=100%, unique=1242, sharpe=54.16
    h2: std=0.0171, dir_acc=54.3%, pos=100%, unique=1235, sharpe=75.29
    h3: std=0.0150, dir_acc=54.5%, pos=100%, unique=1224, sharpe=84.65
    h4: std=0.0142, dir_acc=54.6%, pos=100%, unique=1226, sharpe=86.92
    h5: std=0.0139, dir_acc=54.6%, pos=100%, unique=1220, sharpe=86.66
    ... (25 more horizons)
  Aggregate: std_avg=0.0139, dir_acc_avg=54.7%, composite_avg=0.4229
  H1 detail: range=0.1607, mean=0.0768, dist_match=0.5483
  Collapse penalty: 0.000000 (threshold: 0.005000)
  Saved validation predictions to: experiments/10_quantile_horizon_sweep/daily_5q_h30_s123/collapse_monitoring/val_predictions_epoch65.npz
  Gradient norms:
    lstm_encoder: 0.011122
    lstm_decoder: 0.001242
    output_layer: 0.021656
  VSN output std:
    encoder: 0.109403
  Attention entropy: 2.871474
  Saved to: experiments/10_quantile_horizon_sweep/daily_5q_h30_s123/collapse_monitoring/collapse_monitor_latest.json
[DEBUG CollapseMonitor] on_validation_epoch_start called for epoch 66
[DEBUG CollapseMonitor] reset_temporal_state() called on loss function
Epoch 66: val_loss=0.5428111553192139
Epoch 66: train_loss=0.5504054427146912

[CollapseMonitor] Epoch 66
  [DEBUG] Processed 20 batches, 30 horizon(s)
  Multi-horizon metrics (30 horizons):
    h1: std=0.0226, dir_acc=54.5%, pos=100%, unique=1238, sharpe=54.21
    h2: std=0.0172, dir_acc=54.3%, pos=100%, unique=1226, sharpe=75.31
    h3: std=0.0150, dir_acc=54.5%, pos=100%, unique=1227, sharpe=84.62
    h4: std=0.0143, dir_acc=54.6%, pos=100%, unique=1235, sharpe=86.88
    h5: std=0.0140, dir_acc=54.6%, pos=100%, unique=1220, sharpe=86.62
    ... (25 more horizons)
  Aggregate: std_avg=0.0139, dir_acc_avg=54.6%, composite_avg=0.4229
  H1 detail: range=0.1620, mean=0.0770, dist_match=0.5483
  Collapse penalty: 0.000000 (threshold: 0.005000)
  Saved validation predictions to: experiments/10_quantile_horizon_sweep/daily_5q_h30_s123/collapse_monitoring/val_predictions_epoch66.npz
  Gradient norms:
    lstm_encoder: 0.011488
    lstm_decoder: 0.001262
    output_layer: 0.023158
  VSN output std:
    encoder: 0.109416
  Attention entropy: 2.869605
  Saved to: experiments/10_quantile_horizon_sweep/daily_5q_h30_s123/collapse_monitoring/collapse_monitor_latest.json
[DEBUG CollapseMonitor] on_validation_epoch_start called for epoch 67
[DEBUG CollapseMonitor] reset_temporal_state() called on loss function
Epoch 67: val_loss=0.5427902340888977
Epoch 67: train_loss=0.5503813028335571

[CollapseMonitor] Epoch 67
  [DEBUG] Processed 20 batches, 30 horizon(s)
  Multi-horizon metrics (30 horizons):
    h1: std=0.0225, dir_acc=54.5%, pos=100%, unique=1239, sharpe=54.13
    h2: std=0.0171, dir_acc=54.3%, pos=100%, unique=1231, sharpe=75.21
    h3: std=0.0150, dir_acc=54.6%, pos=100%, unique=1226, sharpe=84.45
    h4: std=0.0142, dir_acc=54.6%, pos=100%, unique=1219, sharpe=86.67
    h5: std=0.0139, dir_acc=54.6%, pos=100%, unique=1219, sharpe=86.40
    ... (25 more horizons)
  Aggregate: std_avg=0.0139, dir_acc_avg=54.7%, composite_avg=0.4230
  H1 detail: range=0.1620, mean=0.0766, dist_match=0.5483
  Collapse penalty: 0.000000 (threshold: 0.005000)
  Saved validation predictions to: experiments/10_quantile_horizon_sweep/daily_5q_h30_s123/collapse_monitoring/val_predictions_epoch67.npz
  Gradient norms:
    lstm_encoder: 0.010831
    lstm_decoder: 0.001258
    output_layer: 0.022558
  VSN output std:
    encoder: 0.109412
  Attention entropy: 2.869794
  Saved to: experiments/10_quantile_horizon_sweep/daily_5q_h30_s123/collapse_monitoring/collapse_monitor_latest.json
[DEBUG CollapseMonitor] on_validation_epoch_start called for epoch 68
[DEBUG CollapseMonitor] reset_temporal_state() called on loss function
Epoch 68: val_loss=0.542762041091919
Epoch 68: train_loss=0.5504538416862488

[CollapseMonitor] Epoch 68
  [DEBUG] Processed 20 batches, 30 horizon(s)
  Multi-horizon metrics (30 horizons):
    h1: std=0.0224, dir_acc=54.5%, pos=100%, unique=1236, sharpe=54.16
    h2: std=0.0171, dir_acc=54.3%, pos=100%, unique=1220, sharpe=75.34
    h3: std=0.0149, dir_acc=54.5%, pos=100%, unique=1223, sharpe=84.68
    h4: std=0.0141, dir_acc=54.6%, pos=100%, unique=1225, sharpe=86.93
    h5: std=0.0138, dir_acc=54.6%, pos=100%, unique=1226, sharpe=86.65
    ... (25 more horizons)
  Aggregate: std_avg=0.0138, dir_acc_avg=54.7%, composite_avg=0.4229
  H1 detail: range=0.1603, mean=0.0764, dist_match=0.5483
  Collapse penalty: 0.000000 (threshold: 0.005000)
  Saved validation predictions to: experiments/10_quantile_horizon_sweep/daily_5q_h30_s123/collapse_monitoring/val_predictions_epoch68.npz
  Gradient norms:
    lstm_encoder: 0.012207
    lstm_decoder: 0.001211
    output_layer: 0.021467
  VSN output std:
    encoder: 0.109380
  Attention entropy: 2.870548
  Saved to: experiments/10_quantile_horizon_sweep/daily_5q_h30_s123/collapse_monitoring/collapse_monitor_latest.json
[DEBUG CollapseMonitor] on_validation_epoch_start called for epoch 69
[DEBUG CollapseMonitor] reset_temporal_state() called on loss function
Epoch 69: val_loss=0.5427783727645874
Epoch 69: train_loss=0.5506208539009094

[CollapseMonitor] Epoch 69
  [DEBUG] Processed 20 batches, 30 horizon(s)
  Multi-horizon metrics (30 horizons):
    h1: std=0.0224, dir_acc=54.4%, pos=100%, unique=1235, sharpe=55.63
    h2: std=0.0170, dir_acc=54.3%, pos=100%, unique=1229, sharpe=77.40
    h3: std=0.0148, dir_acc=54.5%, pos=100%, unique=1225, sharpe=87.12
    h4: std=0.0140, dir_acc=54.7%, pos=100%, unique=1222, sharpe=89.55
    h5: std=0.0138, dir_acc=54.7%, pos=100%, unique=1221, sharpe=89.36
    ... (25 more horizons)
  Aggregate: std_avg=0.0137, dir_acc_avg=54.7%, composite_avg=0.4229
  H1 detail: range=0.1610, mean=0.0783, dist_match=0.5475
  Collapse penalty: 0.000000 (threshold: 0.005000)
  Saved validation predictions to: experiments/10_quantile_horizon_sweep/daily_5q_h30_s123/collapse_monitoring/val_predictions_epoch69.npz
  Gradient norms:
    lstm_encoder: 0.010967
    lstm_decoder: 0.001199
    output_layer: 0.021344
  VSN output std:
    encoder: 0.109381
  Attention entropy: 2.870684
  Saved to: experiments/10_quantile_horizon_sweep/daily_5q_h30_s123/collapse_monitoring/collapse_monitor_latest.json
[DEBUG CollapseMonitor] on_validation_epoch_start called for epoch 70
[DEBUG CollapseMonitor] reset_temporal_state() called on loss function
Epoch 70: val_loss=0.5427753329277039
Epoch 70: train_loss=0.5504295825958252

[CollapseMonitor] Epoch 70
  [DEBUG] Processed 20 batches, 30 horizon(s)
  Multi-horizon metrics (30 horizons):
    h1: std=0.0223, dir_acc=54.5%, pos=100%, unique=1226, sharpe=54.46
    h2: std=0.0170, dir_acc=54.3%, pos=100%, unique=1232, sharpe=75.70
    h3: std=0.0149, dir_acc=54.6%, pos=100%, unique=1228, sharpe=85.03
    h4: std=0.0141, dir_acc=54.6%, pos=100%, unique=1223, sharpe=87.29
    h5: std=0.0138, dir_acc=54.6%, pos=100%, unique=1226, sharpe=87.02
    ... (25 more horizons)
  Aggregate: std_avg=0.0138, dir_acc_avg=54.7%, composite_avg=0.4230
  H1 detail: range=0.1620, mean=0.0767, dist_match=0.5483
  Collapse penalty: 0.000000 (threshold: 0.005000)
  Saved validation predictions to: experiments/10_quantile_horizon_sweep/daily_5q_h30_s123/collapse_monitoring/val_predictions_epoch70.npz
  Gradient norms:
    lstm_encoder: 0.011384
    lstm_decoder: 0.001233
    output_layer: 0.021423
  VSN output std:
    encoder: 0.109350
  Attention entropy: 2.869514
  Saved to: experiments/10_quantile_horizon_sweep/daily_5q_h30_s123/collapse_monitoring/collapse_monitor_latest.json
[DEBUG CollapseMonitor] on_validation_epoch_start called for epoch 71
[DEBUG CollapseMonitor] reset_temporal_state() called on loss function
Epoch 71: val_loss=0.5427558422088623
Epoch 71: train_loss=0.5506270527839661

[CollapseMonitor] Epoch 71
  [DEBUG] Processed 20 batches, 30 horizon(s)
  Multi-horizon metrics (30 horizons):
    h1: std=0.0223, dir_acc=54.5%, pos=100%, unique=1239, sharpe=54.70
    h2: std=0.0170, dir_acc=54.3%, pos=100%, unique=1225, sharpe=75.94
    h3: std=0.0149, dir_acc=54.6%, pos=100%, unique=1222, sharpe=85.27
    h4: std=0.0141, dir_acc=54.6%, pos=100%, unique=1216, sharpe=87.53
    h5: std=0.0138, dir_acc=54.6%, pos=100%, unique=1219, sharpe=87.28
    ... (25 more horizons)
  Aggregate: std_avg=0.0138, dir_acc_avg=54.7%, composite_avg=0.4230
  H1 detail: range=0.1618, mean=0.0769, dist_match=0.5483
  Collapse penalty: 0.000000 (threshold: 0.005000)
  Saved validation predictions to: experiments/10_quantile_horizon_sweep/daily_5q_h30_s123/collapse_monitoring/val_predictions_epoch71.npz
  Gradient norms:
    lstm_encoder: 0.012565
    lstm_decoder: 0.001236
    output_layer: 0.021677
  VSN output std:
    encoder: 0.109324
  Attention entropy: 2.870066
  Saved to: experiments/10_quantile_horizon_sweep/daily_5q_h30_s123/collapse_monitoring/collapse_monitor_latest.json
[DEBUG CollapseMonitor] on_validation_epoch_start called for epoch 72
[DEBUG CollapseMonitor] reset_temporal_state() called on loss function
Epoch 72: val_loss=0.5427674651145935
Epoch 72: train_loss=0.5503530502319336

[CollapseMonitor] Epoch 72
  [DEBUG] Processed 20 batches, 30 horizon(s)
  Multi-horizon metrics (30 horizons):
    h1: std=0.0224, dir_acc=54.5%, pos=100%, unique=1237, sharpe=54.38
    h2: std=0.0170, dir_acc=54.3%, pos=100%, unique=1229, sharpe=75.52
    h3: std=0.0149, dir_acc=54.6%, pos=100%, unique=1220, sharpe=84.79
    h4: std=0.0141, dir_acc=54.6%, pos=100%, unique=1222, sharpe=87.02
    h5: std=0.0139, dir_acc=54.6%, pos=100%, unique=1223, sharpe=86.75
    ... (25 more horizons)
  Aggregate: std_avg=0.0139, dir_acc_avg=54.6%, composite_avg=0.4229
  H1 detail: range=0.1626, mean=0.0766, dist_match=0.5483
  Collapse penalty: 0.000000 (threshold: 0.005000)
  Saved validation predictions to: experiments/10_quantile_horizon_sweep/daily_5q_h30_s123/collapse_monitoring/val_predictions_epoch72.npz
  Gradient norms:
    lstm_encoder: 0.011063
    lstm_decoder: 0.001265
    output_layer: 0.022464
  VSN output std:
    encoder: 0.109314
  Attention entropy: 2.869634
  Saved to: experiments/10_quantile_horizon_sweep/daily_5q_h30_s123/collapse_monitoring/collapse_monitor_latest.json
[DEBUG CollapseMonitor] on_validation_epoch_start called for epoch 73
[DEBUG CollapseMonitor] reset_temporal_state() called on loss function
Epoch 73: val_loss=0.5427782535552979
Epoch 73: train_loss=0.5506412386894226

[CollapseMonitor] Epoch 73
  [DEBUG] Processed 20 batches, 30 horizon(s)
  Multi-horizon metrics (30 horizons):
    h1: std=0.0224, dir_acc=54.4%, pos=100%, unique=1233, sharpe=55.03
    h2: std=0.0170, dir_acc=54.4%, pos=100%, unique=1229, sharpe=76.62
    h3: std=0.0148, dir_acc=54.5%, pos=100%, unique=1221, sharpe=86.27
    h4: std=0.0141, dir_acc=54.7%, pos=100%, unique=1217, sharpe=88.68
    h5: std=0.0138, dir_acc=54.6%, pos=100%, unique=1220, sharpe=88.48
    ... (25 more horizons)
  Aggregate: std_avg=0.0138, dir_acc_avg=54.7%, composite_avg=0.4229
  H1 detail: range=0.1605, mean=0.0777, dist_match=0.5475
  Collapse penalty: 0.000000 (threshold: 0.005000)
  Saved validation predictions to: experiments/10_quantile_horizon_sweep/daily_5q_h30_s123/collapse_monitoring/val_predictions_epoch73.npz
  Gradient norms:
    lstm_encoder: 0.011481
    lstm_decoder: 0.001214
    output_layer: 0.022164
  VSN output std:
    encoder: 0.109322
  Attention entropy: 2.870659
  Saved to: experiments/10_quantile_horizon_sweep/daily_5q_h30_s123/collapse_monitoring/collapse_monitor_latest.json
[DEBUG CollapseMonitor] on_validation_epoch_start called for epoch 74
[DEBUG CollapseMonitor] reset_temporal_state() called on loss function
Epoch 74: val_loss=0.5428049564361572
Epoch 74: train_loss=0.5506653785705566

[CollapseMonitor] Epoch 74
  [DEBUG] Processed 20 batches, 30 horizon(s)
  Multi-horizon metrics (30 horizons):
    h1: std=0.0225, dir_acc=54.5%, pos=100%, unique=1232, sharpe=54.36
    h2: std=0.0171, dir_acc=54.4%, pos=100%, unique=1229, sharpe=75.71
    h3: std=0.0149, dir_acc=54.5%, pos=100%, unique=1220, sharpe=85.26
    h4: std=0.0141, dir_acc=54.7%, pos=100%, unique=1229, sharpe=87.62
    h5: std=0.0138, dir_acc=54.6%, pos=100%, unique=1221, sharpe=87.38
    ... (25 more horizons)
  Aggregate: std_avg=0.0139, dir_acc_avg=54.7%, composite_avg=0.4229
  H1 detail: range=0.1600, mean=0.0771, dist_match=0.5467
  Collapse penalty: 0.000000 (threshold: 0.005000)
  Saved validation predictions to: experiments/10_quantile_horizon_sweep/daily_5q_h30_s123/collapse_monitoring/val_predictions_epoch74.npz
  Gradient norms:
    lstm_encoder: 0.012055
    lstm_decoder: 0.001267
    output_layer: 0.022510
  VSN output std:
    encoder: 0.109299
  Attention entropy: 2.869844
  Saved to: experiments/10_quantile_horizon_sweep/daily_5q_h30_s123/collapse_monitoring/collapse_monitor_latest.json
[DEBUG CollapseMonitor] on_validation_epoch_start called for epoch 75
[DEBUG CollapseMonitor] reset_temporal_state() called on loss function
Epoch 75: val_loss=0.5427839159965515
Epoch 75: train_loss=0.5506256818771362

[CollapseMonitor] Epoch 75
  [DEBUG] Processed 20 batches, 30 horizon(s)
  Multi-horizon metrics (30 horizons):
    h1: std=0.0225, dir_acc=54.4%, pos=100%, unique=1233, sharpe=54.36
    h2: std=0.0171, dir_acc=54.4%, pos=100%, unique=1229, sharpe=75.65
    h3: std=0.0149, dir_acc=54.5%, pos=100%, unique=1215, sharpe=85.13
    h4: std=0.0141, dir_acc=54.7%, pos=100%, unique=1220, sharpe=87.46
    h5: std=0.0138, dir_acc=54.6%, pos=100%, unique=1217, sharpe=87.22
    ... (25 more horizons)
  Aggregate: std_avg=0.0139, dir_acc_avg=54.7%, composite_avg=0.4229
  H1 detail: range=0.1602, mean=0.0770, dist_match=0.5475
  Collapse penalty: 0.000000 (threshold: 0.005000)
  Saved validation predictions to: experiments/10_quantile_horizon_sweep/daily_5q_h30_s123/collapse_monitoring/val_predictions_epoch75.npz
  Gradient norms:
    lstm_encoder: 0.011498
    lstm_decoder: 0.001240
    output_layer: 0.021445
  VSN output std:
    encoder: 0.109277
  Attention entropy: 2.869839
  Saved to: experiments/10_quantile_horizon_sweep/daily_5q_h30_s123/collapse_monitoring/collapse_monitor_latest.json
[DEBUG CollapseMonitor] on_validation_epoch_start called for epoch 76
[DEBUG CollapseMonitor] reset_temporal_state() called on loss function
Epoch 76: val_loss=0.5427764058113098
Epoch 76: train_loss=0.5506177544593811

[CollapseMonitor] Epoch 76
  [DEBUG] Processed 20 batches, 30 horizon(s)
  Multi-horizon metrics (30 horizons):
    h1: std=0.0225, dir_acc=54.5%, pos=100%, unique=1236, sharpe=54.73
    h2: std=0.0171, dir_acc=54.4%, pos=100%, unique=1223, sharpe=76.25
    h3: std=0.0149, dir_acc=54.6%, pos=100%, unique=1218, sharpe=85.93
    h4: std=0.0141, dir_acc=54.7%, pos=100%, unique=1223, sharpe=88.35
    h5: std=0.0138, dir_acc=54.6%, pos=100%, unique=1229, sharpe=88.15
    ... (25 more horizons)
  Aggregate: std_avg=0.0138, dir_acc_avg=54.7%, composite_avg=0.4229
  H1 detail: range=0.1588, mean=0.0775, dist_match=0.5467
  Collapse penalty: 0.000000 (threshold: 0.005000)
  Saved validation predictions to: experiments/10_quantile_horizon_sweep/daily_5q_h30_s123/collapse_monitoring/val_predictions_epoch76.npz
  Gradient norms:
    lstm_encoder: 0.011358
    lstm_decoder: 0.001328
    output_layer: 0.022678
  VSN output std:
    encoder: 0.109270
  Attention entropy: 2.870553
  Saved to: experiments/10_quantile_horizon_sweep/daily_5q_h30_s123/collapse_monitoring/collapse_monitor_latest.json
[DEBUG CollapseMonitor] on_validation_epoch_start called for epoch 77
[DEBUG CollapseMonitor] reset_temporal_state() called on loss function
Epoch 77: val_loss=0.542760968208313
Epoch 77: train_loss=0.5506129860877991

[CollapseMonitor] Epoch 77
  [DEBUG] Processed 20 batches, 30 horizon(s)
  Multi-horizon metrics (30 horizons):
    h1: std=0.0225, dir_acc=54.4%, pos=100%, unique=1230, sharpe=54.93
    h2: std=0.0171, dir_acc=54.4%, pos=100%, unique=1232, sharpe=76.27
    h3: std=0.0149, dir_acc=54.5%, pos=100%, unique=1219, sharpe=85.75
    h4: std=0.0142, dir_acc=54.7%, pos=100%, unique=1218, sharpe=88.07
    h5: std=0.0139, dir_acc=54.7%, pos=100%, unique=1222, sharpe=87.83
    ... (25 more horizons)
  Aggregate: std_avg=0.0139, dir_acc_avg=54.7%, composite_avg=0.4229
  H1 detail: range=0.1607, mean=0.0777, dist_match=0.5475
  Collapse penalty: 0.000000 (threshold: 0.005000)
  Saved validation predictions to: experiments/10_quantile_horizon_sweep/daily_5q_h30_s123/collapse_monitoring/val_predictions_epoch77.npz
  Gradient norms:
    lstm_encoder: 0.011942
    lstm_decoder: 0.001236
    output_layer: 0.022438
  VSN output std:
    encoder: 0.109263
  Attention entropy: 2.869950
  Saved to: experiments/10_quantile_horizon_sweep/daily_5q_h30_s123/collapse_monitoring/collapse_monitor_latest.json
[DEBUG CollapseMonitor] on_validation_epoch_start called for epoch 78
[DEBUG CollapseMonitor] reset_temporal_state() called on loss function
Epoch 78: val_loss=0.5427383184432983
Epoch 78: train_loss=0.5505200028419495

[CollapseMonitor] Epoch 78
  [DEBUG] Processed 20 batches, 30 horizon(s)
  Multi-horizon metrics (30 horizons):
    h1: std=0.0224, dir_acc=54.5%, pos=100%, unique=1232, sharpe=54.75
    h2: std=0.0170, dir_acc=54.4%, pos=100%, unique=1224, sharpe=76.25
    h3: std=0.0148, dir_acc=54.6%, pos=100%, unique=1215, sharpe=85.86
    h4: std=0.0140, dir_acc=54.7%, pos=100%, unique=1229, sharpe=88.25
    h5: std=0.0137, dir_acc=54.6%, pos=100%, unique=1227, sharpe=88.02
    ... (25 more horizons)
  Aggregate: std_avg=0.0138, dir_acc_avg=54.7%, composite_avg=0.4229
  H1 detail: range=0.1592, mean=0.0773, dist_match=0.5467
  Collapse penalty: 0.000000 (threshold: 0.005000)
  Saved validation predictions to: experiments/10_quantile_horizon_sweep/daily_5q_h30_s123/collapse_monitoring/val_predictions_epoch78.npz
  Gradient norms:
    lstm_encoder: 0.011680
    lstm_decoder: 0.001298
    output_layer: 0.022555
  VSN output std:
    encoder: 0.109292
  Attention entropy: 2.870901
  Saved to: experiments/10_quantile_horizon_sweep/daily_5q_h30_s123/collapse_monitoring/collapse_monitor_latest.json
[DEBUG CollapseMonitor] on_validation_epoch_start called for epoch 79
[DEBUG CollapseMonitor] reset_temporal_state() called on loss function
Epoch 79: val_loss=0.5427543520927429
Epoch 79: train_loss=0.5504366159439087

[CollapseMonitor] Epoch 79
  [DEBUG] Processed 20 batches, 30 horizon(s)
  Multi-horizon metrics (30 horizons):
    h1: std=0.0224, dir_acc=54.5%, pos=100%, unique=1231, sharpe=54.71
    h2: std=0.0170, dir_acc=54.4%, pos=100%, unique=1224, sharpe=76.20
    h3: std=0.0148, dir_acc=54.6%, pos=100%, unique=1221, sharpe=85.84
    h4: std=0.0140, dir_acc=54.7%, pos=100%, unique=1219, sharpe=88.25
    h5: std=0.0137, dir_acc=54.6%, pos=100%, unique=1219, sharpe=88.03
    ... (25 more horizons)
  Aggregate: std_avg=0.0138, dir_acc_avg=54.7%, composite_avg=0.4229
  H1 detail: range=0.1583, mean=0.0772, dist_match=0.5467
  Collapse penalty: 0.000000 (threshold: 0.005000)
  Saved validation predictions to: experiments/10_quantile_horizon_sweep/daily_5q_h30_s123/collapse_monitoring/val_predictions_epoch79.npz
  Gradient norms:
    lstm_encoder: 0.011504
    lstm_decoder: 0.001150
    output_layer: 0.021369
  VSN output std:
    encoder: 0.109280
  Attention entropy: 2.871044
  Saved to: experiments/10_quantile_horizon_sweep/daily_5q_h30_s123/collapse_monitoring/collapse_monitor_latest.json
[DEBUG CollapseMonitor] on_validation_epoch_start called for epoch 80
[DEBUG CollapseMonitor] reset_temporal_state() called on loss function
Epoch 80: val_loss=0.5427225828170776
Epoch 80: train_loss=0.5503000020980835

[CollapseMonitor] Epoch 80
  [DEBUG] Processed 20 batches, 30 horizon(s)
  Multi-horizon metrics (30 horizons):
    h1: std=0.0224, dir_acc=54.5%, pos=100%, unique=1233, sharpe=55.06
    h2: std=0.0170, dir_acc=54.5%, pos=100%, unique=1231, sharpe=76.69
    h3: std=0.0148, dir_acc=54.6%, pos=100%, unique=1222, sharpe=86.44
    h4: std=0.0140, dir_acc=54.7%, pos=100%, unique=1217, sharpe=88.88
    h5: std=0.0137, dir_acc=54.6%, pos=100%, unique=1228, sharpe=88.66
    ... (25 more horizons)
  Aggregate: std_avg=0.0138, dir_acc_avg=54.7%, composite_avg=0.4229
  H1 detail: range=0.1567, mean=0.0776, dist_match=0.5467
  Collapse penalty: 0.000000 (threshold: 0.005000)
  Saved validation predictions to: experiments/10_quantile_horizon_sweep/daily_5q_h30_s123/collapse_monitoring/val_predictions_epoch80.npz
  Gradient norms:
    lstm_encoder: 0.011955
    lstm_decoder: 0.001237
    output_layer: 0.022185
  VSN output std:
    encoder: 0.109283
  Attention entropy: 2.872168
  Saved to: experiments/10_quantile_horizon_sweep/daily_5q_h30_s123/collapse_monitoring/collapse_monitor_latest.json
[DEBUG CollapseMonitor] on_validation_epoch_start called for epoch 81
[DEBUG CollapseMonitor] reset_temporal_state() called on loss function
Epoch 81: val_loss=0.5427607297897339
Epoch 81: train_loss=0.5507704019546509

[CollapseMonitor] Epoch 81
  [DEBUG] Processed 20 batches, 30 horizon(s)
  Multi-horizon metrics (30 horizons):
    h1: std=0.0224, dir_acc=54.5%, pos=100%, unique=1231, sharpe=55.15
    h2: std=0.0170, dir_acc=54.4%, pos=100%, unique=1229, sharpe=76.65
    h3: std=0.0149, dir_acc=54.6%, pos=100%, unique=1220, sharpe=86.22
    h4: std=0.0141, dir_acc=54.7%, pos=100%, unique=1216, sharpe=88.58
    h5: std=0.0138, dir_acc=54.6%, pos=100%, unique=1223, sharpe=88.33
    ... (25 more horizons)
  Aggregate: std_avg=0.0138, dir_acc_avg=54.7%, composite_avg=0.4229
  H1 detail: range=0.1586, mean=0.0778, dist_match=0.5467
  Collapse penalty: 0.000000 (threshold: 0.005000)
  Saved validation predictions to: experiments/10_quantile_horizon_sweep/daily_5q_h30_s123/collapse_monitoring/val_predictions_epoch81.npz
  Gradient norms:
    lstm_encoder: 0.010705
    lstm_decoder: 0.001171
    output_layer: 0.020130
  VSN output std:
    encoder: 0.109267
  Attention entropy: 2.870311
  Saved to: experiments/10_quantile_horizon_sweep/daily_5q_h30_s123/collapse_monitoring/collapse_monitor_latest.json
[DEBUG CollapseMonitor] on_validation_epoch_start called for epoch 82
[DEBUG CollapseMonitor] reset_temporal_state() called on loss function
Epoch 82: val_loss=0.5427564978599548
Epoch 82: train_loss=0.5507689714431763

[CollapseMonitor] Epoch 82
  [DEBUG] Processed 20 batches, 30 horizon(s)
  Multi-horizon metrics (30 horizons):
    h1: std=0.0224, dir_acc=54.5%, pos=100%, unique=1237, sharpe=55.42
    h2: std=0.0170, dir_acc=54.4%, pos=100%, unique=1228, sharpe=76.94
    h3: std=0.0149, dir_acc=54.6%, pos=100%, unique=1231, sharpe=86.50
    h4: std=0.0141, dir_acc=54.7%, pos=100%, unique=1228, sharpe=88.85
    h5: std=0.0138, dir_acc=54.6%, pos=100%, unique=1225, sharpe=88.60
    ... (25 more horizons)
  Aggregate: std_avg=0.0138, dir_acc_avg=54.7%, composite_avg=0.4229
  H1 detail: range=0.1595, mean=0.0780, dist_match=0.5467
  Collapse penalty: 0.000000 (threshold: 0.005000)
  Saved validation predictions to: experiments/10_quantile_horizon_sweep/daily_5q_h30_s123/collapse_monitoring/val_predictions_epoch82.npz
  Gradient norms:
    lstm_encoder: 0.011405
    lstm_decoder: 0.001197
    output_layer: 0.021168
  VSN output std:
    encoder: 0.109243
  Attention entropy: 2.869656
  Saved to: experiments/10_quantile_horizon_sweep/daily_5q_h30_s123/collapse_monitoring/collapse_monitor_latest.json
[DEBUG CollapseMonitor] on_validation_epoch_start called for epoch 83
[DEBUG CollapseMonitor] reset_temporal_state() called on loss function
Epoch 83: val_loss=0.5427606105804443
Epoch 83: train_loss=0.5505315065383911

[CollapseMonitor] Epoch 83
  [DEBUG] Processed 20 batches, 30 horizon(s)
  Multi-horizon metrics (30 horizons):
    h1: std=0.0223, dir_acc=54.5%, pos=100%, unique=1237, sharpe=55.44
    h2: std=0.0170, dir_acc=54.4%, pos=100%, unique=1226, sharpe=77.00
    h3: std=0.0148, dir_acc=54.6%, pos=100%, unique=1215, sharpe=86.62
    h4: std=0.0140, dir_acc=54.7%, pos=100%, unique=1223, sharpe=88.99
    h5: std=0.0138, dir_acc=54.6%, pos=100%, unique=1229, sharpe=88.76
    ... (25 more horizons)
  Aggregate: std_avg=0.0138, dir_acc_avg=54.7%, composite_avg=0.4229
  H1 detail: range=0.1588, mean=0.0780, dist_match=0.5467
  Collapse penalty: 0.000000 (threshold: 0.005000)
  Saved validation predictions to: experiments/10_quantile_horizon_sweep/daily_5q_h30_s123/collapse_monitoring/val_predictions_epoch83.npz
  Gradient norms:
    lstm_encoder: 0.011387
    lstm_decoder: 0.001161
    output_layer: 0.019677
  VSN output std:
    encoder: 0.109252
  Attention entropy: 2.870367
  Saved to: experiments/10_quantile_horizon_sweep/daily_5q_h30_s123/collapse_monitoring/collapse_monitor_latest.json
[DEBUG CollapseMonitor] on_validation_epoch_start called for epoch 84
[DEBUG CollapseMonitor] reset_temporal_state() called on loss function
Epoch 84: val_loss=0.542754054069519
Epoch 84: train_loss=0.5501812696456909

[CollapseMonitor] Epoch 84
  [DEBUG] Processed 20 batches, 30 horizon(s)
  Multi-horizon metrics (30 horizons):
    h1: std=0.0223, dir_acc=54.5%, pos=100%, unique=1230, sharpe=55.94
    h2: std=0.0169, dir_acc=54.4%, pos=100%, unique=1225, sharpe=77.65
    h3: std=0.0148, dir_acc=54.6%, pos=100%, unique=1226, sharpe=87.33
    h4: std=0.0140, dir_acc=54.7%, pos=100%, unique=1224, sharpe=89.72
    h5: std=0.0137, dir_acc=54.6%, pos=100%, unique=1223, sharpe=89.50
    ... (25 more horizons)
  Aggregate: std_avg=0.0138, dir_acc_avg=54.7%, composite_avg=0.4229
  H1 detail: range=0.1588, mean=0.0784, dist_match=0.5467
  Collapse penalty: 0.000000 (threshold: 0.005000)
  Saved validation predictions to: experiments/10_quantile_horizon_sweep/daily_5q_h30_s123/collapse_monitoring/val_predictions_epoch84.npz
  Gradient norms:
    lstm_encoder: 0.011496
    lstm_decoder: 0.001224
    output_layer: 0.021184
  VSN output std:
    encoder: 0.109240
  Attention entropy: 2.870251
  Saved to: experiments/10_quantile_horizon_sweep/daily_5q_h30_s123/collapse_monitoring/collapse_monitor_latest.json
[DEBUG CollapseMonitor] on_validation_epoch_start called for epoch 85
[DEBUG CollapseMonitor] reset_temporal_state() called on loss function
Epoch 85: val_loss=0.5427748560905457
Epoch 85: train_loss=0.5502738356590271

[CollapseMonitor] Epoch 85
  [DEBUG] Processed 20 batches, 30 horizon(s)
  Multi-horizon metrics (30 horizons):
    h1: std=0.0222, dir_acc=54.5%, pos=100%, unique=1234, sharpe=55.69
    h2: std=0.0170, dir_acc=54.4%, pos=100%, unique=1221, sharpe=77.18
    h3: std=0.0148, dir_acc=54.6%, pos=100%, unique=1217, sharpe=86.68
    h4: std=0.0141, dir_acc=54.7%, pos=100%, unique=1222, sharpe=88.99
    h5: std=0.0138, dir_acc=54.6%, pos=100%, unique=1230, sharpe=88.73
    ... (25 more horizons)
  Aggregate: std_avg=0.0138, dir_acc_avg=54.7%, composite_avg=0.4229
  H1 detail: range=0.1597, mean=0.0780, dist_match=0.5467
  Collapse penalty: 0.000000 (threshold: 0.005000)
  Saved validation predictions to: experiments/10_quantile_horizon_sweep/daily_5q_h30_s123/collapse_monitoring/val_predictions_epoch85.npz
  Gradient norms:
    lstm_encoder: 0.010960
    lstm_decoder: 0.001237
    output_layer: 0.021519
  VSN output std:
    encoder: 0.109199
  Attention entropy: 2.869863
  Saved to: experiments/10_quantile_horizon_sweep/daily_5q_h30_s123/collapse_monitoring/collapse_monitor_latest.json
[DEBUG CollapseMonitor] on_validation_epoch_start called for epoch 86
[DEBUG CollapseMonitor] reset_temporal_state() called on loss function
Epoch 86: val_loss=0.5427634119987488
Epoch 86: train_loss=0.550776481628418

[CollapseMonitor] Epoch 86
  [DEBUG] Processed 20 batches, 30 horizon(s)
  Multi-horizon metrics (30 horizons):
    h1: std=0.0223, dir_acc=54.5%, pos=100%, unique=1234, sharpe=55.41
    h2: std=0.0169, dir_acc=54.5%, pos=100%, unique=1225, sharpe=77.10
    h3: std=0.0147, dir_acc=54.6%, pos=100%, unique=1226, sharpe=86.85
    h4: std=0.0140, dir_acc=54.7%, pos=100%, unique=1219, sharpe=89.29
    h5: std=0.0137, dir_acc=54.6%, pos=100%, unique=1222, sharpe=89.06
    ... (25 more horizons)
  Aggregate: std_avg=0.0138, dir_acc_avg=54.7%, composite_avg=0.4229
  H1 detail: range=0.1574, mean=0.0779, dist_match=0.5467
  Collapse penalty: 0.000000 (threshold: 0.005000)
  Saved validation predictions to: experiments/10_quantile_horizon_sweep/daily_5q_h30_s123/collapse_monitoring/val_predictions_epoch86.npz
  Gradient norms:
    lstm_encoder: 0.011965
    lstm_decoder: 0.001281
    output_layer: 0.022034
  VSN output std:
    encoder: 0.109192
  Attention entropy: 2.870741
  Saved to: experiments/10_quantile_horizon_sweep/daily_5q_h30_s123/collapse_monitoring/collapse_monitor_latest.json
[DEBUG CollapseMonitor] on_validation_epoch_start called for epoch 87
[DEBUG CollapseMonitor] reset_temporal_state() called on loss function
Epoch 87: val_loss=0.5427371263504028
Epoch 87: train_loss=0.5506417751312256

[CollapseMonitor] Epoch 87
  [DEBUG] Processed 20 batches, 30 horizon(s)
  Multi-horizon metrics (30 horizons):
    h1: std=0.0222, dir_acc=54.5%, pos=100%, unique=1229, sharpe=55.61
    h2: std=0.0169, dir_acc=54.4%, pos=100%, unique=1236, sharpe=77.20
    h3: std=0.0147, dir_acc=54.6%, pos=100%, unique=1227, sharpe=86.82
    h4: std=0.0140, dir_acc=54.7%, pos=100%, unique=1209, sharpe=89.18
    h5: std=0.0137, dir_acc=54.6%, pos=100%, unique=1231, sharpe=88.94
    ... (25 more horizons)
  Aggregate: std_avg=0.0138, dir_acc_avg=54.7%, composite_avg=0.4229
  H1 detail: range=0.1588, mean=0.0779, dist_match=0.5467
  Collapse penalty: 0.000000 (threshold: 0.005000)
  Saved validation predictions to: experiments/10_quantile_horizon_sweep/daily_5q_h30_s123/collapse_monitoring/val_predictions_epoch87.npz
  Gradient norms:
    lstm_encoder: 0.010989
    lstm_decoder: 0.001309
    output_layer: 0.023422
  VSN output std:
    encoder: 0.109187
  Attention entropy: 2.870549
  Saved to: experiments/10_quantile_horizon_sweep/daily_5q_h30_s123/collapse_monitoring/collapse_monitor_latest.json
[DEBUG CollapseMonitor] on_validation_epoch_start called for epoch 88
[DEBUG CollapseMonitor] reset_temporal_state() called on loss function
Epoch 88: val_loss=0.5427218675613403
Epoch 88: train_loss=0.5504298806190491

[CollapseMonitor] Epoch 88
  [DEBUG] Processed 20 batches, 30 horizon(s)
  Multi-horizon metrics (30 horizons):
    h1: std=0.0223, dir_acc=54.5%, pos=100%, unique=1235, sharpe=55.60
    h2: std=0.0169, dir_acc=54.5%, pos=100%, unique=1224, sharpe=77.34
    h3: std=0.0147, dir_acc=54.6%, pos=100%, unique=1225, sharpe=87.14
    h4: std=0.0139, dir_acc=54.7%, pos=100%, unique=1219, sharpe=89.60
    h5: std=0.0136, dir_acc=54.6%, pos=100%, unique=1230, sharpe=89.38
    ... (25 more horizons)
  Aggregate: std_avg=0.0137, dir_acc_avg=54.7%, composite_avg=0.4229
  H1 detail: range=0.1564, mean=0.0780, dist_match=0.5467
  Collapse penalty: 0.000000 (threshold: 0.005000)
  Saved validation predictions to: experiments/10_quantile_horizon_sweep/daily_5q_h30_s123/collapse_monitoring/val_predictions_epoch88.npz
  Gradient norms:
    lstm_encoder: 0.011747
    lstm_decoder: 0.001261
    output_layer: 0.021331
  VSN output std:
    encoder: 0.109177
  Attention entropy: 2.871532
  Saved to: experiments/10_quantile_horizon_sweep/daily_5q_h30_s123/collapse_monitoring/collapse_monitor_latest.json
[DEBUG CollapseMonitor] on_validation_epoch_start called for epoch 89
[DEBUG CollapseMonitor] reset_temporal_state() called on loss function
Epoch 89: val_loss=0.5427342653274536
Epoch 89: train_loss=0.5503155589103699

[CollapseMonitor] Epoch 89
  [DEBUG] Processed 20 batches, 30 horizon(s)
  Multi-horizon metrics (30 horizons):
    h1: std=0.0223, dir_acc=54.5%, pos=100%, unique=1232, sharpe=55.71
    h2: std=0.0170, dir_acc=54.4%, pos=100%, unique=1229, sharpe=77.34
    h3: std=0.0148, dir_acc=54.6%, pos=100%, unique=1219, sharpe=87.02
    h4: std=0.0140, dir_acc=54.7%, pos=100%, unique=1231, sharpe=89.44
    h5: std=0.0137, dir_acc=54.6%, pos=100%, unique=1216, sharpe=89.22
    ... (25 more horizons)
  Aggregate: std_avg=0.0138, dir_acc_avg=54.7%, composite_avg=0.4229
  H1 detail: range=0.1583, mean=0.0783, dist_match=0.5467
  Collapse penalty: 0.000000 (threshold: 0.005000)
  Saved validation predictions to: experiments/10_quantile_horizon_sweep/daily_5q_h30_s123/collapse_monitoring/val_predictions_epoch89.npz
  Gradient norms:
    lstm_encoder: 0.010807
    lstm_decoder: 0.001241
    output_layer: 0.021339
  VSN output std:
    encoder: 0.109173
  Attention entropy: 2.870237
  Saved to: experiments/10_quantile_horizon_sweep/daily_5q_h30_s123/collapse_monitoring/collapse_monitor_latest.json
[DEBUG CollapseMonitor] on_validation_epoch_start called for epoch 90
[DEBUG CollapseMonitor] reset_temporal_state() called on loss function
Epoch 90: val_loss=0.5427351593971252
Epoch 90: train_loss=0.5500953793525696

[CollapseMonitor] Epoch 90
  [DEBUG] Processed 20 batches, 30 horizon(s)
  Multi-horizon metrics (30 horizons):
    h1: std=0.0223, dir_acc=54.5%, pos=100%, unique=1234, sharpe=55.85
    h2: std=0.0169, dir_acc=54.5%, pos=100%, unique=1224, sharpe=77.59
    h3: std=0.0148, dir_acc=54.6%, pos=100%, unique=1227, sharpe=87.35
    h4: std=0.0140, dir_acc=54.7%, pos=100%, unique=1222, sharpe=89.79
    h5: std=0.0137, dir_acc=54.6%, pos=100%, unique=1220, sharpe=89.58
    ... (25 more horizons)
  Aggregate: std_avg=0.0138, dir_acc_avg=54.7%, composite_avg=0.4229
  H1 detail: range=0.1575, mean=0.0785, dist_match=0.5467
  Collapse penalty: 0.000000 (threshold: 0.005000)
  Saved validation predictions to: experiments/10_quantile_horizon_sweep/daily_5q_h30_s123/collapse_monitoring/val_predictions_epoch90.npz
  Gradient norms:
    lstm_encoder: 0.011376
    lstm_decoder: 0.001230
    output_layer: 0.021862
  VSN output std:
    encoder: 0.109170
  Attention entropy: 2.869997
  Saved to: experiments/10_quantile_horizon_sweep/daily_5q_h30_s123/collapse_monitoring/collapse_monitor_latest.json
[DEBUG CollapseMonitor] on_validation_epoch_start called for epoch 91
[DEBUG CollapseMonitor] reset_temporal_state() called on loss function
Epoch 91: val_loss=0.5427266955375671
Epoch 91: train_loss=0.5504648685455322

[CollapseMonitor] Epoch 91
  [DEBUG] Processed 20 batches, 30 horizon(s)
  Multi-horizon metrics (30 horizons):
    h1: std=0.0223, dir_acc=54.5%, pos=100%, unique=1238, sharpe=55.51
    h2: std=0.0170, dir_acc=54.4%, pos=100%, unique=1219, sharpe=77.07
    h3: std=0.0148, dir_acc=54.6%, pos=100%, unique=1229, sharpe=86.69
    h4: std=0.0140, dir_acc=54.7%, pos=100%, unique=1227, sharpe=89.08
    h5: std=0.0137, dir_acc=54.6%, pos=100%, unique=1218, sharpe=88.85
    ... (25 more horizons)
  Aggregate: std_avg=0.0138, dir_acc_avg=54.7%, composite_avg=0.4229
  H1 detail: range=0.1583, mean=0.0780, dist_match=0.5467
  Collapse penalty: 0.000000 (threshold: 0.005000)
  Saved validation predictions to: experiments/10_quantile_horizon_sweep/daily_5q_h30_s123/collapse_monitoring/val_predictions_epoch91.npz
  Gradient norms:
    lstm_encoder: 0.010877
    lstm_decoder: 0.001240
    output_layer: 0.022512
  VSN output std:
    encoder: 0.109158
  Attention entropy: 2.869386
  Saved to: experiments/10_quantile_horizon_sweep/daily_5q_h30_s123/collapse_monitoring/collapse_monitor_latest.json
[DEBUG CollapseMonitor] on_validation_epoch_start called for epoch 92
[DEBUG CollapseMonitor] reset_temporal_state() called on loss function
Epoch 92: val_loss=0.5427343249320984
Epoch 92: train_loss=0.5505210161209106

[CollapseMonitor] Epoch 92
  [DEBUG] Processed 20 batches, 30 horizon(s)
  Multi-horizon metrics (30 horizons):
    h1: std=0.0223, dir_acc=54.5%, pos=100%, unique=1230, sharpe=55.72
    h2: std=0.0169, dir_acc=54.4%, pos=100%, unique=1225, sharpe=77.28
    h3: std=0.0148, dir_acc=54.6%, pos=100%, unique=1221, sharpe=86.86
    h4: std=0.0140, dir_acc=54.7%, pos=100%, unique=1217, sharpe=89.22
    h5: std=0.0137, dir_acc=54.6%, pos=100%, unique=1216, sharpe=88.99
    ... (25 more horizons)
  Aggregate: std_avg=0.0138, dir_acc_avg=54.7%, composite_avg=0.4229
  H1 detail: range=0.1591, mean=0.0781, dist_match=0.5467
  Collapse penalty: 0.000000 (threshold: 0.005000)
  Saved validation predictions to: experiments/10_quantile_horizon_sweep/daily_5q_h30_s123/collapse_monitoring/val_predictions_epoch92.npz
  Gradient norms:
    lstm_encoder: 0.011112
    lstm_decoder: 0.001228
    output_layer: 0.021334
  VSN output std:
    encoder: 0.109138
  Attention entropy: 2.869204
  Saved to: experiments/10_quantile_horizon_sweep/daily_5q_h30_s123/collapse_monitoring/collapse_monitor_latest.json
[DEBUG CollapseMonitor] on_validation_epoch_start called for epoch 93
[DEBUG CollapseMonitor] reset_temporal_state() called on loss function
Epoch 93: val_loss=0.5427348613739014
Epoch 93: train_loss=0.5501358509063721

[CollapseMonitor] Epoch 93
  [DEBUG] Processed 20 batches, 30 horizon(s)
  Multi-horizon metrics (30 horizons):
    h1: std=0.0224, dir_acc=54.5%, pos=100%, unique=1235, sharpe=55.38
    h2: std=0.0171, dir_acc=54.4%, pos=100%, unique=1227, sharpe=76.67
    h3: std=0.0149, dir_acc=54.6%, pos=100%, unique=1219, sharpe=86.08
    h4: std=0.0141, dir_acc=54.7%, pos=100%, unique=1219, sharpe=88.38
    h5: std=0.0138, dir_acc=54.6%, pos=100%, unique=1225, sharpe=88.13
    ... (25 more horizons)
  Aggregate: std_avg=0.0139, dir_acc_avg=54.7%, composite_avg=0.4229
  H1 detail: range=0.1604, mean=0.0781, dist_match=0.5467
  Collapse penalty: 0.000000 (threshold: 0.005000)
  Saved validation predictions to: experiments/10_quantile_horizon_sweep/daily_5q_h30_s123/collapse_monitoring/val_predictions_epoch93.npz
  Gradient norms:
    lstm_encoder: 0.011571
    lstm_decoder: 0.001223
    output_layer: 0.021564
  VSN output std:
    encoder: 0.109118
  Attention entropy: 2.868178
  Saved to: experiments/10_quantile_horizon_sweep/daily_5q_h30_s123/collapse_monitoring/collapse_monitor_latest.json
[DEBUG CollapseMonitor] on_validation_epoch_start called for epoch 94
[DEBUG CollapseMonitor] reset_temporal_state() called on loss function
Epoch 94: val_loss=0.542755663394928
Epoch 94: train_loss=0.5505154728889465

[CollapseMonitor] Epoch 94
  [DEBUG] Processed 20 batches, 30 horizon(s)
  Multi-horizon metrics (30 horizons):
    h1: std=0.0224, dir_acc=54.5%, pos=100%, unique=1242, sharpe=55.23
    h2: std=0.0171, dir_acc=54.4%, pos=100%, unique=1219, sharpe=76.51
    h3: std=0.0149, dir_acc=54.6%, pos=100%, unique=1225, sharpe=85.98
    h4: std=0.0141, dir_acc=54.7%, pos=100%, unique=1221, sharpe=88.31
    h5: std=0.0139, dir_acc=54.6%, pos=100%, unique=1222, sharpe=88.07
    ... (25 more horizons)
  Aggregate: std_avg=0.0139, dir_acc_avg=54.7%, composite_avg=0.4229
  H1 detail: range=0.1598, mean=0.0781, dist_match=0.5467
  Collapse penalty: 0.000000 (threshold: 0.005000)
  Saved validation predictions to: experiments/10_quantile_horizon_sweep/daily_5q_h30_s123/collapse_monitoring/val_predictions_epoch94.npz
  Gradient norms:
    lstm_encoder: 0.011924
    lstm_decoder: 0.001306
    output_layer: 0.022975
  VSN output std:
    encoder: 0.109093
  Attention entropy: 2.868106
  Saved to: experiments/10_quantile_horizon_sweep/daily_5q_h30_s123/collapse_monitoring/collapse_monitor_latest.json
[DEBUG CollapseMonitor] on_validation_epoch_start called for epoch 95
[DEBUG CollapseMonitor] reset_temporal_state() called on loss function
Epoch 95: val_loss=0.5427377820014954
Epoch 95: train_loss=0.550422728061676

[CollapseMonitor] Epoch 95
  [DEBUG] Processed 20 batches, 30 horizon(s)
  Multi-horizon metrics (30 horizons):
    h1: std=0.0224, dir_acc=54.5%, pos=100%, unique=1227, sharpe=55.20
    h2: std=0.0170, dir_acc=54.4%, pos=100%, unique=1226, sharpe=76.48
    h3: std=0.0149, dir_acc=54.6%, pos=100%, unique=1224, sharpe=85.95
    h4: std=0.0141, dir_acc=54.7%, pos=100%, unique=1219, sharpe=88.27
    h5: std=0.0138, dir_acc=54.6%, pos=100%, unique=1224, sharpe=88.02
    ... (25 more horizons)
  Aggregate: std_avg=0.0139, dir_acc_avg=54.7%, composite_avg=0.4229
  H1 detail: range=0.1593, mean=0.0778, dist_match=0.5467
  Collapse penalty: 0.000000 (threshold: 0.005000)
  Saved validation predictions to: experiments/10_quantile_horizon_sweep/daily_5q_h30_s123/collapse_monitoring/val_predictions_epoch95.npz
  Gradient norms:
    lstm_encoder: 0.011001
    lstm_decoder: 0.001276
    output_layer: 0.021837
  VSN output std:
    encoder: 0.109090
  Attention entropy: 2.868734
  Saved to: experiments/10_quantile_horizon_sweep/daily_5q_h30_s123/collapse_monitoring/collapse_monitor_latest.json
[DEBUG CollapseMonitor] on_validation_epoch_start called for epoch 96
[DEBUG CollapseMonitor] reset_temporal_state() called on loss function
Epoch 96: val_loss=0.5427424311637878
Epoch 96: train_loss=0.5508772134780884

[CollapseMonitor] Epoch 96
  [DEBUG] Processed 20 batches, 30 horizon(s)
  Multi-horizon metrics (30 horizons):
    h1: std=0.0224, dir_acc=54.5%, pos=100%, unique=1233, sharpe=55.06
    h2: std=0.0171, dir_acc=54.4%, pos=100%, unique=1229, sharpe=76.26
    h3: std=0.0149, dir_acc=54.6%, pos=100%, unique=1218, sharpe=85.67
    h4: std=0.0141, dir_acc=54.7%, pos=100%, unique=1228, sharpe=87.97
    h5: std=0.0138, dir_acc=54.6%, pos=100%, unique=1219, sharpe=87.71
    ... (25 more horizons)
  Aggregate: std_avg=0.0139, dir_acc_avg=54.7%, composite_avg=0.4229
  H1 detail: range=0.1587, mean=0.0777, dist_match=0.5467
  Collapse penalty: 0.000000 (threshold: 0.005000)
  Saved validation predictions to: experiments/10_quantile_horizon_sweep/daily_5q_h30_s123/collapse_monitoring/val_predictions_epoch96.npz
  Gradient norms:
    lstm_encoder: 0.011338
    lstm_decoder: 0.001232
    output_layer: 0.022635
  VSN output std:
    encoder: 0.109069
  Attention entropy: 2.868118
  Saved to: experiments/10_quantile_horizon_sweep/daily_5q_h30_s123/collapse_monitoring/collapse_monitor_latest.json
[DEBUG CollapseMonitor] on_validation_epoch_start called for epoch 97
[DEBUG CollapseMonitor] reset_temporal_state() called on loss function
Epoch 97: val_loss=0.5427241921424866
Epoch 97: train_loss=0.5504149198532104

[CollapseMonitor] Epoch 97
  [DEBUG] Processed 20 batches, 30 horizon(s)
  Multi-horizon metrics (30 horizons):
    h1: std=0.0223, dir_acc=54.5%, pos=100%, unique=1233, sharpe=55.55
    h2: std=0.0170, dir_acc=54.5%, pos=100%, unique=1227, sharpe=77.07
    h3: std=0.0148, dir_acc=54.6%, pos=100%, unique=1221, sharpe=86.75
    h4: std=0.0140, dir_acc=54.7%, pos=100%, unique=1220, sharpe=89.16
    h5: std=0.0137, dir_acc=54.6%, pos=100%, unique=1234, sharpe=88.93
    ... (25 more horizons)
  Aggregate: std_avg=0.0139, dir_acc_avg=54.7%, composite_avg=0.4230
  H1 detail: range=0.1564, mean=0.0782, dist_match=0.5467
  Collapse penalty: 0.000000 (threshold: 0.005000)
  Saved validation predictions to: experiments/10_quantile_horizon_sweep/daily_5q_h30_s123/collapse_monitoring/val_predictions_epoch97.npz
  Gradient norms:
    lstm_encoder: 0.011000
    lstm_decoder: 0.001268
    output_layer: 0.021365
  VSN output std:
    encoder: 0.109057
  Attention entropy: 2.869730
  Saved to: experiments/10_quantile_horizon_sweep/daily_5q_h30_s123/collapse_monitoring/collapse_monitor_latest.json
[DEBUG CollapseMonitor] on_validation_epoch_start called for epoch 98
[DEBUG CollapseMonitor] reset_temporal_state() called on loss function
Epoch 98: val_loss=0.5427370071411133
Epoch 98: train_loss=0.5502617359161377

[CollapseMonitor] Epoch 98
  [DEBUG] Processed 20 batches, 30 horizon(s)
  Multi-horizon metrics (30 horizons):
    h1: std=0.0223, dir_acc=54.5%, pos=100%, unique=1228, sharpe=55.43
    h2: std=0.0170, dir_acc=54.5%, pos=100%, unique=1227, sharpe=76.75
    h3: std=0.0149, dir_acc=54.6%, pos=100%, unique=1223, sharpe=86.24
    h4: std=0.0141, dir_acc=54.7%, pos=100%, unique=1228, sharpe=88.57
    h5: std=0.0138, dir_acc=54.6%, pos=100%, unique=1226, sharpe=88.30
    ... (25 more horizons)
  Aggregate: std_avg=0.0139, dir_acc_avg=54.7%, composite_avg=0.4229
  H1 detail: range=0.1574, mean=0.0780, dist_match=0.5467
  Collapse penalty: 0.000000 (threshold: 0.005000)
  Saved validation predictions to: experiments/10_quantile_horizon_sweep/daily_5q_h30_s123/collapse_monitoring/val_predictions_epoch98.npz
  Gradient norms:
    lstm_encoder: 0.012092
    lstm_decoder: 0.001311
    output_layer: 0.023786
  VSN output std:
    encoder: 0.109051
  Attention entropy: 2.868764
  Saved to: experiments/10_quantile_horizon_sweep/daily_5q_h30_s123/collapse_monitoring/collapse_monitor_latest.json
[DEBUG CollapseMonitor] on_validation_epoch_start called for epoch 99
[DEBUG CollapseMonitor] reset_temporal_state() called on loss function
Epoch 99: val_loss=0.5427297949790955
Epoch 99: train_loss=0.5504053235054016

[CollapseMonitor] Epoch 99
  [DEBUG] Processed 20 batches, 30 horizon(s)
  Multi-horizon metrics (30 horizons):
    h1: std=0.0223, dir_acc=54.5%, pos=100%, unique=1232, sharpe=55.81
    h2: std=0.0170, dir_acc=54.5%, pos=100%, unique=1220, sharpe=77.39
    h3: std=0.0148, dir_acc=54.5%, pos=100%, unique=1218, sharpe=87.14
    h4: std=0.0140, dir_acc=54.7%, pos=100%, unique=1222, sharpe=89.57
    h5: std=0.0137, dir_acc=54.6%, pos=100%, unique=1218, sharpe=89.33
    ... (25 more horizons)
  Aggregate: std_avg=0.0139, dir_acc_avg=54.7%, composite_avg=0.4229
  H1 detail: range=0.1549, mean=0.0785, dist_match=0.5467
  Collapse penalty: 0.000000 (threshold: 0.005000)
  Saved validation predictions to: experiments/10_quantile_horizon_sweep/daily_5q_h30_s123/collapse_monitoring/val_predictions_epoch99.npz
  Gradient norms:
    lstm_encoder: 0.011322
    lstm_decoder: 0.001163
    output_layer: 0.020493
  VSN output std:
    encoder: 0.109054
  Attention entropy: 2.870150
  Saved to: experiments/10_quantile_horizon_sweep/daily_5q_h30_s123/collapse_monitoring/collapse_monitor_latest.json


======================================================================
Training complete
======================================================================

Best val_loss checkpoint: experiments/10_quantile_horizon_sweep/daily_5q_h30_s123/checkpoints/tft-epoch=epoch=22-valloss=val_loss=0.5420.ckpt
Best validation loss: 0.541985
Checkpoints saved:
  - Best val_loss: experiments/10_quantile_horizon_sweep/daily_5q_h30_s123/checkpoints/tft-epoch=epoch=22-valloss=val_loss=0.5420.ckpt
  - Best pred_std: experiments/10_quantile_horizon_sweep/daily_5q_h30_s123/checkpoints/tft-epoch=epoch=04-predstd=val_pred_std=0.0410.ckpt
  - Best unique: experiments/10_quantile_horizon_sweep/daily_5q_h30_s123/checkpoints/tft-epoch=epoch=00-unique=val_num_unique=1248.ckpt
  - Best dir_acc: experiments/10_quantile_horizon_sweep/daily_5q_h30_s123/checkpoints/tft-epoch=epoch=05-diracc=val_dir_acc=0.5483.ckpt
  - Best sharpe: experiments/10_quantile_horizon_sweep/daily_5q_h30_s123/checkpoints/tft-epoch=epoch=19-sharpe=val_sharpe=100.2767.ckpt
  - Best composite: experiments/10_quantile_horizon_sweep/daily_5q_h30_s123/checkpoints/tft-epoch=epoch=04-composite=val_composite=0.4658.ckpt
Completed at: 2025-12-11 11:52:37
Log saved to: experiments/10_quantile_horizon_sweep/daily_5q_h30_s123/training_20251211_112514.log
======================================================================
