{
  "period_statistics": {
    "2020": {
      "n_samples": 92,
      "entropy_mean": 2.983158588409424,
      "entropy_std": 0.00428813137114048,
      "attention_concentration": 0.050015371292829514,
      "top_features": [
        [
          "t-1",
          0.05186805501580238
        ],
        [
          "t-2",
          0.05155473202466965
        ],
        [
          "t-3",
          0.051267024129629135
        ],
        [
          "t-4",
          0.051022082567214966
        ],
        [
          "t-5",
          0.05081232637166977
        ]
      ],
      "mean_attention": [
        0.04954967275261879,
        0.0489286333322525,
        0.04882853105664253,
        0.049077678471803665,
        0.049274593591690063,
        0.049388643354177475,
        0.04946314916014671,
        0.04951053112745285,
        0.04957070201635361,
        0.04961010068655014,
        0.049659598618745804,
        0.04973110556602478,
        0.04981335252523422,
        0.05043806880712509,
        0.050631459802389145,
        0.05081232637166977,
        0.051022082567214966,
        0.051267024129629135,
        0.05155473202466965,
        0.05186805501580238
      ],
      "std_attention": [
        0.00853989738970995,
        0.0077250381000339985,
        0.007781472057104111,
        0.007858886383473873,
        0.007956494577229023,
        0.00801281537860632,
        0.008035341277718544,
        0.008063796907663345,
        0.008080948144197464,
        0.008095275610685349,
        0.008112022653222084,
        0.008145022206008434,
        0.008118536323308945,
        0.009290211834013462,
        0.009321846067905426,
        0.009405145421624184,
        0.00946478545665741,
        0.00958356074988842,
        0.009722094982862473,
        0.009904222562909126
      ]
    },
    "2021": {
      "n_samples": 250,
      "entropy_mean": 2.9741578102111816,
      "entropy_std": 0.00801398977637291,
      "attention_concentration": 0.05003691837191582,
      "top_features": [
        [
          "t-1",
          0.05263226106762886
        ],
        [
          "t-2",
          0.05224992334842682
        ],
        [
          "t-3",
          0.05187622085213661
        ],
        [
          "t-4",
          0.051524143666028976
        ],
        [
          "t-5",
          0.05119290575385094
        ]
      ],
      "mean_attention": [
        0.047983504831790924,
        0.04807104170322418,
        0.04825705289840698,
        0.048589903861284256,
        0.048851318657398224,
        0.049065008759498596,
        0.04922923818230629,
        0.049380719661712646,
        0.049533482640981674,
        0.04969331994652748,
        0.049879539757966995,
        0.050101034343242645,
        0.05035238713026047,
        0.05063441023230553,
        0.050902582705020905,
        0.05119290575385094,
        0.051524143666028976,
        0.05187622085213661,
        0.05224992334842682,
        0.05263226106762886
      ],
      "std_attention": [
        0.010478201322257519,
        0.010920224711298943,
        0.010929718613624573,
        0.011018470861017704,
        0.011071179993450642,
        0.011120990850031376,
        0.01117106806486845,
        0.011183582246303558,
        0.011204599402844906,
        0.011233321391046047,
        0.011293665505945683,
        0.011378851719200611,
        0.011484740301966667,
        0.011692854575812817,
        0.011798661202192307,
        0.011910147964954376,
        0.012101463973522186,
        0.012278650887310505,
        0.012539615854620934,
        0.012727169319987297
      ]
    },
    "2022": {
      "n_samples": 249,
      "entropy_mean": 2.9816551208496094,
      "entropy_std": 0.006624783389270306,
      "attention_concentration": 0.05005592107772827,
      "top_features": [
        [
          "t-1",
          0.05323845148086548
        ],
        [
          "t-2",
          0.05274724215269089
        ],
        [
          "t-3",
          0.052280668169260025
        ],
        [
          "t-4",
          0.05184990540146828
        ],
        [
          "t-5",
          0.05145440623164177
        ]
      ],
      "mean_attention": [
        0.047209080308675766,
        0.04746302217245102,
        0.04791947454214096,
        0.048373762518167496,
        0.048711102455854416,
        0.04894139617681503,
        0.04914039000868797,
        0.04932626336812973,
        0.04950426518917084,
        0.04970759153366089,
        0.0499345101416111,
        0.050172626972198486,
        0.05043232440948486,
        0.05052094906568527,
        0.051072608679533005,
        0.05145440623164177,
        0.05184990540146828,
        0.052280668169260025,
        0.05274724215269089,
        0.05323845148086548
      ],
      "std_attention": [
        0.008058503270149231,
        0.008578584529459476,
        0.00874162744730711,
        0.00884513184428215,
        0.00889001227915287,
        0.008897691033780575,
        0.008884979411959648,
        0.008870912715792656,
        0.008857334032654762,
        0.00888883974403143,
        0.008919911459088326,
        0.008927801623940468,
        0.008953697979450226,
        0.008499978110194206,
        0.009255520068109035,
        0.009402570314705372,
        0.009567816741764545,
        0.009756121784448624,
        0.009974079206585884,
        0.010209713131189346
      ]
    },
    "2023": {
      "n_samples": 249,
      "entropy_mean": 2.9228055477142334,
      "entropy_std": 0.039374273270368576,
      "attention_concentration": 0.050008054822683334,
      "top_features": [
        [
          "t-1",
          0.05132649093866348
        ],
        [
          "t-2",
          0.051221542060375214
        ],
        [
          "t-3",
          0.05099489539861679
        ],
        [
          "t-4",
          0.05080437287688255
        ],
        [
          "t-5",
          0.05062967166304588
        ]
      ],
      "mean_attention": [
        0.04921701177954674,
        0.04910582676529884,
        0.04929874464869499,
        0.04949743300676346,
        0.049608733505010605,
        0.04966767877340317,
        0.049695681780576706,
        0.049704261124134064,
        0.04973090440034866,
        0.049784742295742035,
        0.04982991889119148,
        0.04988156631588936,
        0.049961403012275696,
        0.05007234588265419,
        0.04996670410037041,
        0.05062967166304588,
        0.05080437287688255,
        0.05099489539861679,
        0.051221542060375214,
        0.05132649093866348
      ],
      "std_attention": [
        0.020514868199825287,
        0.022207966074347496,
        0.02246984839439392,
        0.02274942770600319,
        0.02291671372950077,
        0.023027174174785614,
        0.023126184940338135,
        0.023205004632472992,
        0.023273417726159096,
        0.02337515540421009,
        0.023441802710294724,
        0.023515699431300163,
        0.0236206091940403,
        0.023802829906344414,
        0.023728951811790466,
        0.025261487811803818,
        0.02546018175780773,
        0.025693656876683235,
        0.02605336904525757,
        0.02563343197107315
      ]
    },
    "2024": {
      "n_samples": 250,
      "entropy_mean": 2.9162330627441406,
      "entropy_std": 0.03563277795910835,
      "attention_concentration": 0.05001744255423546,
      "top_features": [
        [
          "t-1",
          0.05171272158622742
        ],
        [
          "t-2",
          0.05144796147942543
        ],
        [
          "t-3",
          0.05117550119757652
        ],
        [
          "t-6",
          0.051110800355672836
        ],
        [
          "t-4",
          0.05095822364091873
        ]
      ],