{
  "period_statistics": {
    "2020": {
      "n_samples": 92,
      "entropy_mean": 2.9803922176361084,
      "entropy_std": 0.015452610328793526,
      "attention_concentration": 0.05000242590904236,
      "top_features": [
        [
          "t-1",
          0.05058988928794861
        ],
        [
          "t-18",
          0.050469931215047836
        ],
        [
          "t-20",
          0.0504470095038414
        ],
        [
          "t-19",
          0.050395820289850235
        ],
        [
          "t-2",
          0.050374969840049744
        ]
      ],
      "mean_attention": [
        0.0504470095038414,
        0.050395820289850235,
        0.050469931215047836,
        0.05034996569156647,
        0.050122641026973724,
        0.049899522215127945,
        0.049741052091121674,
        0.0496244840323925,
        0.04959222674369812,
        0.04954958334565163,
        0.049538783729076385,
        0.049560774117708206,
        0.04958045482635498,
        0.04989500716328621,
        0.04997997358441353,
        0.05001439154148102,
        0.0500812754034996,
        0.050192248076200485,
        0.050374969840049744,
        0.05058988928794861
      ],
      "std_attention": [
        0.01158095896244049,
        0.010096278041601181,
        0.009324245154857635,
        0.008761350996792316,
        0.008418792858719826,
        0.008188560605049133,
        0.008039419539272785,
        0.007940871641039848,
        0.007915638387203217,
        0.007903805002570152,
        0.007957779802381992,
        0.008081597276031971,
        0.008198579773306847,
        0.008690690621733665,
        0.008875067345798016,
        0.009140013717114925,
        0.009533480741083622,
        0.010077416896820068,
        0.010812091641128063,
        0.01167652104049921
      ]
    },
    "2021": {
      "n_samples": 250,
      "entropy_mean": 2.979058027267456,
      "entropy_std": 0.019249748438596725,
      "attention_concentration": 0.05001599341630936,
      "top_features": [
        [
          "t-1",
          0.05162462219595909
        ],
        [
          "t-2",
          0.0513024777173996
        ],
        [
          "t-3",
          0.05099978670477867
        ],
        [
          "t-4",
          0.050738830119371414
        ],
        [
          "t-5",
          0.05055006593465805
        ]
      ],
      "mean_attention": [
        0.04735972359776497,
        0.04867103695869446,
        0.04937361925840378,
        0.04967468976974487,
        0.049780890345573425,
        0.04980311542749405,
        0.049775779247283936,
        0.049770649522542953,
        0.04979781061410904,
        0.04984014108777046,
        0.049931611865758896,
        0.050061993300914764,
        0.05023496225476265,
        0.05029792711138725,
        0.050410229712724686,
        0.05055006593465805,
        0.050738830119371414,
        0.05099978670477867,
        0.0513024777173996,
        0.05162462219595909
      ],
      "std_attention": [
        0.009117549285292625,
        0.009634949266910553,
        0.009486418217420578,
        0.009210849180817604,
        0.009020345285534859,
        0.008834779262542725,
        0.008750020526349545,
        0.008663247339427471,
        0.008638057857751846,
        0.008671962656080723,
        0.008746874518692493,
        0.008848129771649837,
        0.009014165960252285,
        0.009101025760173798,
        0.009336556307971478,
        0.009667162783443928,
        0.010069204494357109,
        0.01089492253959179,
        0.012033007107675076,
        0.01320479903370142
      ]
    },
    "2022": {
      "n_samples": 249,
      "entropy_mean": 2.971158027648926,
      "entropy_std": 0.019066667184233665,
      "attention_concentration": 0.050061967223882675,
      "top_features": [
        [
          "t-1",
          0.054178815335035324
        ],
        [
          "t-2",
          0.05333869904279709
        ],
        [
          "t-3",
          0.052609313279390335
        ],
        [
          "t-4",
          0.051958173513412476
        ],
        [
          "t-5",
          0.051390837877988815
        ]
      ],
      "mean_attention": [
        0.04836714640259743,
        0.048544079065322876,
        0.04866182431578636,
        0.0486011877655983,
        0.04852420464158058,
        0.04845743998885155,
        0.048515066504478455,
        0.04867109656333923,
        0.048825785517692566,
        0.0490528866648674,
        0.049349166452884674,
        0.049674104899168015,
        0.050007812678813934,
        0.05039982125163078,
        0.05087251961231232,
        0.051390837877988815,
        0.051958173513412476,
        0.052609313279390335,
        0.05333869904279709,
        0.054178815335035324
      ],
      "std_attention": [
        0.014482920058071613,
        0.012990654446184635,
        0.011919422075152397,
        0.0109713114798069,
        0.010159180499613285,
        0.00951291061937809,
        0.009053769521415234,
        0.008821871131658554,
        0.008681968785822392,
        0.008645878173410892,
        0.00876951776444912,
        0.009022057056427002,
        0.00936695747077465,
        0.009912277571856976,
        0.010457239113748074,
        0.011160647496581078,
        0.012119592167437077,
        0.013298692181706429,
        0.014650627970695496,
        0.016394801437854767
      ]
    },
    "2023": {
      "n_samples": 249,
      "entropy_mean": 2.9878592491149902,
      "entropy_std": 0.007304623257368803,
      "attention_concentration": 0.05000756308436394,
      "top_features": [
        [
          "t-17",
          0.050990864634513855
        ],
        [
          "t-16",
          0.05096493661403656
        ],
        [
          "t-15",
          0.05085260421037674
        ],
        [
          "t-18",
          0.050820525735616684
        ],
        [
          "t-14",
          0.05067991837859154
        ]
      ],
      "mean_attention": [
        0.04940202459692955,
        0.05035657808184624,
        0.050820525735616684,
        0.050990864634513855,
        0.05096493661403656,
        0.05085260421037674,
        0.05067991837859154,
        0.05046030506491661,
        0.050283290445804596,
        0.0501362606883049,
        0.04997370019555092,
        0.04981793835759163,
        0.049675654619932175,
        0.04955219849944115,
        0.04944516718387604,
        0.049413084983825684,
        0.049365002661943436,
        0.049311649054288864,
        0.049267858266830444,
        0.04923040047287941
      ],
      "std_attention": [
        0.006668672431260347,
        0.006729857064783573,
        0.006630619987845421,
        0.006470442283898592,
        0.006265783216804266,
        0.006133468355983496,
        0.006029943935573101,
        0.005950995720922947,
        0.005955382250249386,
        0.005984487012028694,
        0.006028052419424057,
        0.006081398576498032,
        0.0061609018594026566,
        0.006246229168027639,
        0.00638509402051568,
        0.006605703383684158,
        0.006810503080487251,
        0.007031998597085476,
        0.0073822843842208385,
        0.007717050611972809
      ]
    },
    "2024": {
      "n_samples": 250,
      "entropy_mean": 2.9786617755889893,
      "entropy_std": 0.043148744851350784,
      "attention_concentration": 0.05000732094049454,
      "top_features": [
        [
          "t-1",
          0.05101999640464783
        ],
        [
          "t-2",
          0.05084128677845001
        ],
        [
          "t-3",
          0.05069051310420036
        ],
        [
          "t-4",
          0.050594642758369446
        ],
        [
          "t-5",
          0.05049625784158707
        ]
      ],