{
  "period_statistics": {
    "2020": {
      "n_samples": 92,
      "entropy_mean": 2.6909782886505127,
      "entropy_std": 0.19158878922462463,
      "attention_concentration": 0.06570279598236084,
      "top_features": [
        [
          "t-1",
          0.1151493713259697
        ],
        [
          "t-2",
          0.09971221536397934
        ],
        [
          "t-3",
          0.0875670313835144
        ],
        [
          "t-4",
          0.07831446826457977
        ],
        [
          "t-5",
          0.0708884671330452
        ]
      ],
      "mean_attention": [
        0.012334488332271576,
        0.018225809559226036,
        0.019831353798508644,
        0.021875906735658646,
        0.024484874680638313,
        0.027758216485381126,
        0.031490396708250046,
        0.035285092890262604,
        0.039112355560064316,
        0.0427962951362133,
        0.04646722227334976,
        0.05034786835312843,
        0.054531279951334,
        0.05908197537064552,
        0.06474537402391434,
        0.0708884671330452,
        0.07831446826457977,
        0.0875670313835144,
        0.09971221536397934,
        0.1151493713259697
      ],
      "std_attention": [
        0.01528252474963665,
        0.02152308262884617,
        0.02050025202333927,
        0.02004595659673214,
        0.020137421786785126,
        0.02103819139301777,
        0.02221120335161686,
        0.0232495479285717,
        0.023881010711193085,
        0.024543965235352516,
        0.02489341050386429,
        0.025520741939544678,
        0.02612532116472721,
        0.02727152407169342,
        0.028696805238723755,
        0.030376451089978218,
        0.03394145146012306,
        0.04012291133403778,
        0.05140630155801773,
        0.06853951513767242
      ]
    },
    "2021": {
      "n_samples": 250,
      "entropy_mean": 2.4040451049804688,
      "entropy_std": 0.3252805769443512,
      "attention_concentration": 0.08706243336200714,
      "top_features": [
        [
          "t-1",
          0.15787945687770844
        ],
        [
          "t-2",
          0.13175784051418304
        ],
        [
          "t-3",
          0.11144828051328659
        ],
        [
          "t-4",
          0.09495610743761063
        ],
        [
          "t-5",
          0.08135760575532913
        ]
      ],
      "mean_attention": [
        0.008284821175038815,
        0.010725375264883041,
        0.011855993419885635,
        0.013087413273751736,
        0.014821110293269157,
        0.017000965774059296,
        0.019379349425435066,
        0.02211119793355465,
        0.025196386501193047,
        0.02907843329012394,
        0.0342458039522171,
        0.04073624685406685,
        0.048833198845386505,
        0.05821988731622696,
        0.06902455538511276,
        0.08135760575532913,
        0.09495610743761063,
        0.11144828051328659,
        0.13175784051418304,
        0.15787945687770844
      ],
      "std_attention": [
        0.008856440894305706,
        0.015641633421182632,
        0.017102429643273354,
        0.017913183197379112,
        0.019777964800596237,
        0.022111671045422554,
        0.02447093091905117,
        0.02680778317153454,
        0.028432078659534454,
        0.030151477083563805,
        0.032298389822244644,
        0.03488796204328537,
        0.038326606154441833,
        0.042269252240657806,
        0.04771489277482033,
        0.05373414233326912,
        0.05965879559516907,
        0.06843671202659607,
        0.08401728421449661,
        0.10995959490537643
      ]
    },
    "2022": {
      "n_samples": 249,
      "entropy_mean": 2.581059694290161,
      "entropy_std": 0.292265921831131,
      "attention_concentration": 0.06638171523809433,
      "top_features": [
        [
          "t-1",
          0.11922215670347214
        ],
        [
          "t-2",
          0.1007046326994896
        ],
        [
          "t-3",
          0.08731938153505325
        ],
        [
          "t-4",
          0.07712908089160919
        ],
        [
          "t-5",
          0.06942965090274811
        ]
      ],
      "mean_attention": [
        0.012130402959883213,
        0.01725330576300621,
        0.018719272688031197,
        0.02064594067633152,
        0.02335762232542038,
        0.027082890272140503,
        0.03162311390042305,
        0.03632475808262825,
        0.04043610766530037,
        0.04406619817018509,
        0.04741832986474037,
        0.05080878734588623,
        0.05429781600832939,
        0.05863253027200699,
        0.06339794397354126,
        0.06942965090274811,
        0.07712908089160919,
        0.08731938153505325,
        0.1007046326994896,
        0.11922215670347214
      ],
      "std_attention": [
        0.01711145229637623,
        0.02216407097876072,
        0.02188580296933651,
        0.021940624341368675,
        0.022517800331115723,
        0.02410251274704933,
        0.026381967589259148,
        0.02873516082763672,
        0.030561262741684914,
        0.03169385716319084,
        0.03210887685418129,
        0.032669708132743835,
        0.0332644097507,
        0.03424832224845886,
        0.03632441535592079,
        0.03924322873353958,
        0.044660162180662155,
        0.0545089989900589,
        0.07103098183870316,
        0.09841620922088623
      ]
    },
    "2023": {
      "n_samples": 249,
      "entropy_mean": 2.4451000690460205,
      "entropy_std": 0.2514588236808777,
      "attention_concentration": 0.09054215252399445,
      "top_features": [
        [
          "t-1",
          0.15352588891983032
        ],
        [
          "t-2",
          0.13340888917446136
        ],
        [
          "t-3",
          0.11609388142824173
        ],
        [
          "t-4",
          0.10064071416854858
        ],
        [
          "t-5",
          0.08654051274061203
        ]
      ],
      "mean_attention": [
        0.007036895956844091,
        0.007042881101369858,
        0.007272005546838045,
        0.00802852027118206,
        0.009402900002896786,
        0.011637864634394646,
        0.014905210584402084,
        0.01906566694378853,
        0.024158073589205742,
        0.0301413182169199,
        0.03695589676499367,
        0.044497907161712646,
        0.05292094498872757,
        0.06256689131259918,
        0.07415711879730225,
        0.08654051274061203,
        0.10064071416854858,
        0.11609388142824173,
        0.13340888917446136,
        0.15352588891983032
      ],
      "std_attention": [
        0.005948556121438742,
        0.005767212714999914,
        0.005881384946405888,
        0.0064594438299536705,
        0.007539461366832256,
        0.00937216728925705,
        0.012094071134924889,
        0.015253439545631409,
        0.01867423951625824,
        0.022247830405831337,
        0.025715844705700874,
        0.02879515290260315,
        0.031115666031837463,
        0.033124908804893494,
        0.03539297729730606,
        0.039090052247047424,
        0.044318508356809616,
        0.05287253484129906,
        0.06687339395284653,
        0.08800074458122253
      ]
    },
    "2024": {
      "n_samples": 250,
      "entropy_mean": 2.4452123641967773,
      "entropy_std": 0.34220772981643677,
      "attention_concentration": 0.08185234665870667,
      "top_features": [
        [
          "t-1",
          0.14014825224876404
        ],
        [
          "t-2",
          0.11981332302093506
        ],
        [
          "t-3",
          0.10563429445028305
        ],
        [
          "t-4",
          0.09374626725912094
        ],
        [
          "t-5",
          0.0834953784942627
        ]
      ],