{
  "period_statistics": {
    "2020": {
      "n_samples": 92,
      "entropy_mean": 2.948225259780884,
      "entropy_std": 0.052052561193704605,
      "attention_concentration": 0.05005042627453804,
      "top_features": [
        [
          "t-20",
          0.05424750968813896
        ],
        [
          "t-1",
          0.052547477185726166
        ],
        [
          "t-2",
          0.051919225603342056
        ],
        [
          "t-3",
          0.05137969180941582
        ],
        [
          "t-4",
          0.05100144073367119
        ]
      ],
      "mean_attention": [
        0.05424750968813896,
        0.04874918609857559,
        0.04802901670336723,
        0.047932520508766174,
        0.04815790057182312,
        0.04846056550741196,
        0.048797477036714554,
        0.04906977713108063,
        0.04934227839112282,
        0.04951397702097893,
        0.04967799037694931,
        0.049838367849588394,
        0.05001537874341011,
        0.05017569288611412,
        0.050447236746549606,
        0.05069725960493088,
        0.05100144073367119,
        0.05137969180941582,
        0.051919225603342056,
        0.052547477185726166
      ],
      "std_attention": [
        0.026354767382144928,
        0.020490102469921112,
        0.017458591610193253,
        0.015689073130488396,
        0.014675255864858627,
        0.014187034219503403,
        0.013990222476422787,
        0.01392819918692112,
        0.01388450339436531,
        0.013910206034779549,
        0.013959814794361591,
        0.014073778875172138,
        0.014252097345888615,
        0.014425053261220455,
        0.014665829949080944,
        0.015046164393424988,
        0.015743933618068695,
        0.016751956194639206,
        0.018382970243692398,
        0.020401159301400185
      ]
    },
    "2021": {
      "n_samples": 250,
      "entropy_mean": 2.963998794555664,
      "entropy_std": 0.035722993314266205,
      "attention_concentration": 0.05011148378252983,
      "top_features": [
        [
          "t-1",
          0.05352071672677994
        ],
        [
          "t-2",
          0.053078360855579376
        ],
        [
          "t-3",
          0.0526980459690094
        ],
        [
          "t-4",
          0.052326273173093796
        ],
        [
          "t-5",
          0.05199778452515602
        ]
      ],
      "mean_attention": [
        0.05027804896235466,
        0.04561876505613327,
        0.045708686113357544,
        0.04632309451699257,
        0.0471583716571331,
        0.04795568063855171,
        0.04865173622965813,
        0.0492444783449173,
        0.049726538360118866,
        0.0501520000398159,
        0.05051954835653305,
        0.050848785787820816,
        0.051168523728847504,
        0.05135035142302513,
        0.05167418345808983,
        0.05199778452515602,
        0.052326273173093796,
        0.0526980459690094,
        0.053078360855579376,
        0.05352071672677994
      ],
      "std_attention": [
        0.014718218706548214,
        0.013025026768445969,
        0.012579570524394512,
        0.012350322678685188,
        0.012368389405310154,
        0.012338797561824322,
        0.012353469617664814,
        0.012413423508405685,
        0.012428919784724712,
        0.012495661154389381,
        0.012541544623672962,
        0.012579541653394699,
        0.012642900459468365,
        0.012882042676210403,
        0.013028867542743683,
        0.013267441652715206,
        0.013474904000759125,
        0.013932649977505207,
        0.014639051631093025,
        0.015545356087386608
      ]
    },
    "2022": {
      "n_samples": 249,
      "entropy_mean": 2.9770610332489014,
      "entropy_std": 0.013162347488105297,
      "attention_concentration": 0.050286196172237396,
      "top_features": [
        [
          "t-1",
          0.05684804171323776
        ],
        [
          "t-2",
          0.055895283818244934
        ],
        [
          "t-3",
          0.05497853457927704
        ],
        [
          "t-4",
          0.05410218983888626
        ],
        [
          "t-5",
          0.053277503699064255
        ]
      ],
      "mean_attention": [
        0.05255720019340515,
        0.045874401926994324,
        0.0448605976998806,
        0.04481947422027588,
        0.045234423130750656,
        0.045844919979572296,
        0.04655308276414871,
        0.04731062054634094,
        0.04803761839866638,
        0.04876071587204933,
        0.0494941771030426,
        0.05023115500807762,
        0.05097344145178795,
        0.05185452103614807,
        0.052492059767246246,
        0.053277503699064255,
        0.05410218983888626,
        0.05497853457927704,
        0.055895283818244934,
        0.05684804171323776
      ],
      "std_attention": [
        0.011111381463706493,
        0.009021665900945663,
        0.00840386375784874,
        0.008065714500844479,
        0.007860127836465836,
        0.007737226318567991,
        0.007688818499445915,
        0.007731620687991381,
        0.007810020353645086,
        0.007884526625275612,
        0.007965966127812862,
        0.008072404190897942,
        0.008203357458114624,
        0.008062100037932396,
        0.00843727681785822,
        0.008755374699831009,
        0.009200053289532661,
        0.009814168326556683,
        0.010607919655740261,
        0.01160252746194601
      ]
    },
    "2023": {
      "n_samples": 249,
      "entropy_mean": 2.9910836219787598,
      "entropy_std": 0.0032291673123836517,
      "attention_concentration": 0.05006256699562073,
      "top_features": [
        [
          "t-20",
          0.05304669961333275
        ],
        [
          "t-1",
          0.05261709541082382
        ],
        [
          "t-2",
          0.052326153963804245
        ],
        [
          "t-3",
          0.052022308111190796
        ],
        [
          "t-4",
          0.051715195178985596
        ]
      ],
      "mean_attention": [
        0.05304669961333275,
        0.0482596829533577,
        0.047564055770635605,
        0.047473497688770294,
        0.047676123678684235,
        0.04800999537110329,
        0.048386696726083755,
        0.04874066635966301,
        0.04910818859934807,
        0.04946679249405861,
        0.04979540780186653,
        0.050110094249248505,
        0.050416577607393265,
        0.050723906606435776,
        0.05113435536623001,
        0.05140654742717743,
        0.051715195178985596,
        0.052022308111190796,
        0.052326153963804245,
        0.05261709541082382
      ],
      "std_attention": [
        0.004846814088523388,
        0.00428706593811512,
        0.004185303580015898,
        0.004158706404268742,
        0.004172577057033777,
        0.004189361352473497,
        0.0042073093354702,
        0.004204166121780872,
        0.0042212787084281445,
        0.004232596140354872,
        0.004247914534062147,
        0.004265497904270887,
        0.004283973015844822,
        0.004295249469578266,
        0.0040352484211325645,
        0.004105377942323685,
        0.004137314856052399,
        0.004211395047605038,
        0.004288358613848686,
        0.0044107865542173386
      ]
    },
    "2024": {
      "n_samples": 250,
      "entropy_mean": 2.992340326309204,
      "entropy_std": 0.003719970816746354,
      "attention_concentration": 0.05003039538860321,
      "top_features": [
        [
          "t-20",
          0.05247927084565163
        ],
        [
          "t-1",
          0.05174097791314125
        ],
        [
          "t-2",
          0.051524609327316284
        ],
        [
          "t-3",
          0.05131280794739723
        ],
        [
          "t-4",
          0.05110554024577141
        ]
      ],