{
  "experiment": "sweep2_h16_lr_0.0007",
  "collapsed": true,
  "collapse_type": "low_diversity",
  "predictions": {
    "mean": 0.0519753023982048,
    "std": 0.04686925932765007,
    "min": -0.08694624155759811,
    "max": 0.10860122740268707,
    "range": 0.1955474615097046,
    "pct_positive": 87.96875,
    "pct_negative": 12.03125,
    "num_unique": 1271
  },
  "hidden_size": 16,
  "total_params": 22615,
  "diagnosed_at": "2025-10-21T13:20:54.539448"
}