{
  "evaluation_timestamp": "2025-10-30T03:31:22.065875",
  "statistical_metrics": {
    "mse": 1.1761295795440674,
    "rmse": 1.0844950675964355,
    "mae": 0.7734978795051575,
    "mape": 125.12071132659912,
    "r2": 0.0005374550819396973,
    "mean_error": 0.012422355823218822,
    "std_error": 1.0844238996505737
  },
  "financial_metrics": {
    "directional_accuracy": 0.53671875,
    "sharpe_ratio": 0.8329736080938573,
    "max_drawdown": -0.2524605989456177,
    "total_return": 0.9216080904006958,
    "hit_rate": 0.53671875,
    "num_trades": 1280,
    "precision": 0.53671875,
    "recall": 1.0,
    "f1_score": 0.6985256736146417,
    "confusion_matrix": [
      [
        0,
        593
      ],
      [
        0,
        687
      ]
    ],
    "auc_roc": 0.48948062181049656,
    "alpha": 0.0
  },
  "residual_diagnostics": {
    "normality_p_value": 5.2291014592717505e-40,
    "acf_lag1": -0.03379990033000685,
    "skewness": 0.023873558207937733,
    "kurtosis": 6.574892422768306
  },
  "mode_stats": {
    "healthy_days": 29,
    "degraded_days": 1,
    "unidirectional_days": 1186,
    "weak_collapse_days": 64,
    "strong_collapse_days": 0,
    "total_days": 1280,
    "healthy_pct": 2.265625,
    "degraded_pct": 0.078125,
    "unidirectional_pct": 92.65625,
    "weak_collapse_pct": 5.0,
    "strong_collapse_pct": 0.0
  },
  "collapse_detected": true,
  "degradation_detected": true,
  "checkpoint_used": "experiments/01_staleness_features_fixed/sweep_stale_h20_drop0.15_lr5/checkpoints/tft-epoch=46-val_loss=0.3990.ckpt"
}