{
  "evaluation_timestamp": "2025-10-27T12:05:02.306477",
  "statistical_metrics": {
    "mse": 1.2293174266815186,
    "rmse": 1.1087459325790405,
    "mae": 0.8053948283195496,
    "mape": 258.9818477630615,
    "r2": -0.04466104507446289,
    "mean_error": 0.22590351104736328,
    "std_error": 1.0854884386062622
  },
  "financial_metrics": {
    "directional_accuracy": 0.46328125,
    "sharpe_ratio": 0.0,
    "max_drawdown": 0.0,
    "total_return": 0.0,
    "hit_rate": 0.0,
    "num_trades": 0,
    "precision": 0.0,
    "recall": 0.0,
    "f1_score": 0.0,
    "confusion_matrix": [
      [
        593,
        0
      ],
      [
        687,
        0
      ]
    ],
    "auc_roc": 0.45850914723202035,
    "alpha": -0.9216080904006958
  },
  "residual_diagnostics": {
    "normality_p_value": 4.533788768721945e-40,
    "acf_lag1": -0.03483706279054125,
    "skewness": 0.0741372330128327,
    "kurtosis": 6.533852454382981
  },
  "mode_stats": {
    "healthy_days": 29,
    "degraded_days": 1,
    "unidirectional_days": 65,
    "weak_collapse_days": 1185,
    "strong_collapse_days": 0,
    "total_days": 1280,
    "healthy_pct": 2.265625,
    "degraded_pct": 0.078125,
    "unidirectional_pct": 5.078125,
    "weak_collapse_pct": 92.578125,
    "strong_collapse_pct": 0.0
  },
  "collapse_detected": true,
  "degradation_detected": true,
  "checkpoint_used": "experiments/01_staleness_features_fixed/sweep_stale_h20_drop0.15_lr5/checkpoints/tft-epoch=01-val_loss=0.1696.ckpt"
}