{
  "evaluation_timestamp": "2025-10-22T23:16:31.511469",
  "statistical_metrics": {
    "mse": 1.229317545890808,
    "rmse": 1.1087459325790405,
    "mae": 0.8053949475288391,
    "mape": 258.98194313049316,
    "r2": -0.04466116428375244,
    "mean_error": 0.22590355575084686,
    "std_error": 1.0854884386062622
  },
  "financial_metrics": {
    "directional_accuracy": 0.46328125,
    "sharpe_ratio": 0.0,
    "max_drawdown": 0.0,
    "total_return": 0.0,
    "hit_rate": 0.0,
    "num_trades": 0,
    "precision": 0.0,
    "recall": 0.0,
    "f1_score": 0.0,
    "confusion_matrix": [
      [
        593,
        0
      ],
      [
        687,
        0
      ]
    ],
    "auc_roc": 0.45851037455417526,
    "alpha": -0.9216080904006958
  },
  "residual_diagnostics": {
    "normality_p_value": 4.533779522562986e-40,
    "acf_lag1": -0.034837061028044035,
    "skewness": 0.0741373611683202,
    "kurtosis": 6.533852454382981
  },
  "checkpoint_used": "experiments/sweep_stale_h20_drop0.15_lr5/checkpoints/tft-epoch=01-val_loss=0.1696.ckpt"
}