{
  "evaluation_timestamp": "2025-10-27T12:01:08.734428",
  "statistical_metrics": {
    "mse": 1.1760303974151611,
    "rmse": 1.0844494104385376,
    "mae": 0.7717678546905518,
    "mape": 155.87990283966064,
    "r2": 0.0006217360496520996,
    "mean_error": -0.008743688464164734,
    "std_error": 1.0844141244888306
  },
  "financial_metrics": {
    "directional_accuracy": 0.53671875,
    "sharpe_ratio": 0.8329736080938573,
    "max_drawdown": -0.2524605989456177,
    "total_return": 0.9216080904006958,
    "hit_rate": 0.53671875,
    "num_trades": 1280,
    "precision": 0.53671875,
    "recall": 1.0,
    "f1_score": 0.6985256736146417,
    "confusion_matrix": [
      [
        0,
        593
      ],
      [
        0,
        687
      ]
    ],
    "auc_roc": 0.5452108662194305,
    "alpha": 0.0
  },
  "residual_diagnostics": {
    "normality_p_value": 4.213370847780227e-40,
    "acf_lag1": -0.03705680115166577,
    "skewness": 0.08462756155405159,
    "kurtosis": 6.522727754854635
  },
  "mode_stats": {
    "healthy_days": 29,
    "degraded_days": 1,
    "unidirectional_days": 643,
    "weak_collapse_days": 607,
    "strong_collapse_days": 0,
    "total_days": 1280,
    "healthy_pct": 2.265625,
    "degraded_pct": 0.078125,
    "unidirectional_pct": 50.234375,
    "weak_collapse_pct": 47.421875,
    "strong_collapse_pct": 0.0
  },
  "collapse_detected": true,
  "degradation_detected": true,
  "checkpoint_used": "experiments/00_baseline_exploration/sweep_dropout_0.3/checkpoints/tft-epoch=01-val_loss=0.1507.ckpt"
}