{
  "evaluation_timestamp": "2025-10-30T03:20:13.393278",
  "statistical_metrics": {
    "mse": 1.1711680889129639,
    "rmse": 1.0822051763534546,
    "mae": 0.7727476358413696,
    "mape": 155.0599455833435,
    "r2": 0.004753589630126953,
    "mean_error": -0.008649245835840702,
    "std_error": 1.0821706056594849
  },
  "financial_metrics": {
    "directional_accuracy": 0.53359375,
    "sharpe_ratio": 0.8353788934018072,
    "max_drawdown": -0.23144109547138214,
    "total_return": 0.8973163366317749,
    "hit_rate": 0.496875,
    "num_trades": 1182,
    "precision": 0.5380710659898477,
    "recall": 0.925764192139738,
    "f1_score": 0.6805778491171749,
    "confusion_matrix": [
      [
        47,
        546
      ],
      [
        51,
        636
      ]
    ],
    "auc_roc": 0.5077014465218918,
    "alpha": -0.0242917537689209
  },
  "residual_diagnostics": {
    "normality_p_value": 5.892489754229178e-38,
    "acf_lag1": -0.028903746560843675,
    "skewness": -0.029088332417210046,
    "kurtosis": 6.084335981650778
  },
  "mode_stats": {
    "healthy_days": 421,
    "degraded_days": 66,
    "unidirectional_days": 763,
    "weak_collapse_days": 30,
    "strong_collapse_days": 0,
    "total_days": 1280,
    "healthy_pct": 32.890625,
    "degraded_pct": 5.15625,
    "unidirectional_pct": 59.609375,
    "weak_collapse_pct": 2.34375,
    "strong_collapse_pct": 0.0
  },
  "collapse_detected": true,
  "degradation_detected": true,
  "checkpoint_used": "experiments/00_baseline_exploration/sweep_dropout_0.3/checkpoints/tft-epoch=65-val_loss=0.3944.ckpt"
}