{
  "period_statistics": {
    "2020": {
      "n_samples": 92,
      "entropy_mean": 2.8495230674743652,
      "entropy_std": 0.10684370249509811,
      "attention_concentration": 0.05173402279615402,
      "top_features": [
        [
          "t-17",
          0.07036413997411728
        ],
        [
          "t-18",
          0.06717649847269058
        ],
        [
          "t-16",
          0.06687892228364944
        ],
        [
          "t-15",
          0.060821134597063065
        ],
        [
          "t-19",
          0.05725880339741707
        ]
      ],
      "mean_attention": [
        0.049502402544021606,
        0.05725880339741707,
        0.06717649847269058,
        0.07036413997411728,
        0.06687892228364944,
        0.060821134597063065,
        0.05525429919362068,
        0.05082123726606369,
        0.04784899204969406,
        0.045556701719760895,
        0.04399075731635094,
        0.042974743992090225,
        0.04234597086906433,
        0.042150381952524185,
        0.042171306908130646,
        0.04217173904180527,
        0.042333006858825684,
        0.04267597571015358,
        0.04338599368929863,
        0.044317036867141724
      ],
      "std_attention": [
        0.027959302067756653,
        0.02939051017165184,
        0.03268707916140556,
        0.03303370252251625,
        0.030928561463952065,
        0.028476828709244728,
        0.02686719223856926,
        0.025774719193577766,
        0.025317411869764328,
        0.02490442804992199,
        0.024693649262189865,
        0.024653470143675804,
        0.02477514185011387,
        0.024938812479376793,
        0.025145383551716805,
        0.025485320016741753,
        0.02626882493495941,
        0.027300667017698288,
        0.02949589118361473,
        0.032500553876161575
      ]
    },
    "2021": {
      "n_samples": 250,
      "entropy_mean": 2.888064384460449,
      "entropy_std": 0.13785980641841888,
      "attention_concentration": 0.05007655546069145,
      "top_features": [
        [
          "t-16",
          0.05318693444132805
        ],
        [
          "t-17",
          0.05300288274884224
        ],
        [
          "t-15",
          0.05235568434000015
        ],
        [
          "t-1",
          0.0519188828766346
        ],
        [
          "t-14",
          0.05139446258544922
        ]
      ],
      "mean_attention": [
        0.044615231454372406,
        0.046650998294353485,
        0.05082663521170616,
        0.05300288274884224,
        0.05318693444132805,
        0.05235568434000015,
        0.05139446258544922,
        0.050569817423820496,
        0.049878090620040894,
        0.04945726320147514,
        0.04925062134861946,
        0.049124039709568024,
        0.04918889328837395,
        0.049218688160181046,
        0.0492229126393795,
        0.04937734827399254,
        0.049615707248449326,
        0.05019059404730797,
        0.05095425993204117,
        0.0519188828766346
      ],
      "std_attention": [
        0.02278645522892475,
        0.025522135198116302,
        0.02913949452340603,
        0.029875218868255615,
        0.02890636958181858,
        0.027204209938645363,
        0.025978991761803627,
        0.024999452754855156,
        0.024286236613988876,
        0.023955972865223885,
        0.02394704520702362,
        0.02382255718111992,
        0.023955732583999634,
        0.024220889434218407,
        0.024395162239670753,
        0.02493450604379177,
        0.02529236301779747,
        0.027382545173168182,
        0.030797602608799934,
        0.034962575882673264
      ]
    },
    "2022": {
      "n_samples": 249,
      "entropy_mean": 2.8720943927764893,
      "entropy_std": 0.11010421812534332,
      "attention_concentration": 0.05030730739235878,
      "top_features": [
        [
          "t-17",
          0.05866501107811928
        ],
        [
          "t-16",
          0.05683281272649765
        ],
        [
          "t-18",
          0.0562044233083725
        ],
        [
          "t-1",
          0.05418166145682335
        ],
        [
          "t-15",
          0.05367365851998329
        ]
      ],
      "mean_attention": [
        0.04382246360182762,
        0.04913856089115143,
        0.0562044233083725,
        0.05866501107811928,
        0.05683281272649765,
        0.05367365851998329,
        0.050960224121809006,
        0.049047499895095825,
        0.04769686609506607,
        0.046925559639930725,
        0.04663465544581413,
        0.04659368842840195,
        0.04666135460138321,
        0.046860530972480774,
        0.04725078493356705,
        0.047943055629730225,
        0.04886959120631218,
        0.050152864307165146,
        0.05188475549221039,
        0.05418166145682335
      ],
      "std_attention": [
        0.023319236934185028,
        0.026162756606936455,
        0.030955564230680466,
        0.0314854271709919,
        0.0286647267639637,
        0.02563769742846489,
        0.023433029651641846,
        0.02201862446963787,
        0.02105621062219143,
        0.020679932087659836,
        0.020944049581885338,
        0.021536679938435555,
        0.022127142176032066,
        0.0226686280220747,
        0.023389585316181183,
        0.02470485307276249,
        0.026832425966858864,
        0.029944544658064842,
        0.03439602255821228,
        0.04202058166265488
      ]
    },
    "2023": {
      "n_samples": 249,
      "entropy_mean": 2.9728586673736572,
      "entropy_std": 0.019976051524281502,
      "attention_concentration": 0.05005592852830887,
      "top_features": [
        [
          "t-15",
          0.0519263930618763
        ],
        [
          "t-16",
          0.051786862313747406
        ],
        [
          "t-14",
          0.05173389986157417
        ],
        [
          "t-13",
          0.05138024315237999
        ],
        [
          "t-12",
          0.0510932058095932
        ]
      ],
      "mean_attention": [
        0.045304667204618454,
        0.04586956277489662,
        0.04870272055268288,
        0.05088552460074425,
        0.051786862313747406,
        0.0519263930618763,
        0.05173389986157417,
        0.05138024315237999,
        0.0510932058095932,
        0.05085224285721779,
        0.05060288682579994,
        0.05036952719092369,
        0.05016662925481796,
        0.05000290274620056,
        0.04992762953042984,
        0.04988032951951027,
        0.04984959959983826,
        0.04984773322939873,
        0.04986903443932533,
        0.04994847998023033
      ],
      "std_attention": [
        0.011351372115314007,
        0.011281671933829784,
        0.011668126098811626,
        0.01165581401437521,
        0.01108135562390089,
        0.01038549654185772,
        0.009813547134399414,
        0.009299255907535553,
        0.009092657826840878,
        0.00900434609502554,
        0.00903748907148838,
        0.009144541807472706,
        0.009337153285741806,
        0.009607971645891666,
        0.010015144944190979,
        0.01062677800655365,
        0.011310510337352753,
        0.012187439016997814,
        0.013254184275865555,
        0.014438035897910595
      ]
    },
    "2024": {
      "n_samples": 250,
      "entropy_mean": 2.9101548194885254,
      "entropy_std": 0.18922443687915802,
      "attention_concentration": 0.050109367817640305,
      "top_features": [
        [
          "t-1",
          0.05399930477142334
        ],
        [
          "t-2",
          0.05303562059998512
        ],
        [
          "t-3",
          0.05245120823383331
        ],
        [
          "t-4",
          0.052129290997982025
        ],
        [
          "t-5",
          0.051794812083244324
        ]
      ],