{
  "period_statistics": {
    "2020": {
      "n_samples": 92,
      "entropy_mean": 2.984285831451416,
      "entropy_std": 0.014040438458323479,
      "attention_concentration": 0.05008349195122719,
      "top_features": [
        [
          "t-1",
          0.052313800901174545
        ],
        [
          "t-2",
          0.052103959023952484
        ],
        [
          "t-3",
          0.051907315850257874
        ],
        [
          "t-4",
          0.05171660706400871
        ],
        [
          "t-5",
          0.05153881385922432
        ]
      ],
      "mean_attention": [
        0.04604632779955864,
        0.04532626271247864,
        0.046388767659664154,
        0.0476861372590065,
        0.0487356036901474,
        0.04945864900946617,
        0.04992058128118515,
        0.05023778975009918,
        0.050448983907699585,
        0.050641391426324844,
        0.05080971494317055,
        0.05096388980746269,
        0.0511154979467392,
        0.05126476660370827,
        0.05137517675757408,
        0.05153881385922432,
        0.05171660706400871,
        0.051907315850257874,
        0.052103959023952484,
        0.052313800901174545
      ],
      "std_attention": [
        0.006794007029384375,
        0.006704662460833788,
        0.006825544871389866,
        0.0069060963578522205,
        0.006900326814502478,
        0.006808835547417402,
        0.006689528003334999,
        0.0065527623519301414,
        0.006444265600293875,
        0.0063940174877643585,
        0.006412519607692957,
        0.006485614459961653,
        0.006613363511860371,
        0.006783591583371162,
        0.00700746476650238,
        0.007293270900845528,
        0.00761574599891901,
        0.00796522106975317,
        0.008350452408194542,
        0.008736468851566315
      ]
    },
    "2021": {
      "n_samples": 250,
      "entropy_mean": 2.989809513092041,
      "entropy_std": 0.0057721491903066635,
      "attention_concentration": 0.050185952335596085,
      "top_features": [
        [
          "t-1",
          0.054055824875831604
        ],
        [
          "t-2",
          0.05367365479469299
        ],
        [
          "t-3",
          0.05329829081892967
        ],
        [
          "t-4",
          0.052941467612981796
        ],
        [
          "t-5",
          0.052598435431718826
        ]
      ],
      "mean_attention": [
        0.044670794159173965,
        0.04365095868706703,
        0.04488614946603775,
        0.04642369598150253,
        0.047677382826805115,
        0.04856746643781662,
        0.049225661903619766,
        0.04973163455724716,
        0.05015469714999199,
        0.05054173991084099,
        0.05090116709470749,
        0.051245901733636856,
        0.051582079380750656,
        0.051917724311351776,
        0.05225531384348869,
        0.052598435431718826,
        0.052941467612981796,
        0.05329829081892967,
        0.05367365479469299,
        0.054055824875831604
      ],
      "std_attention": [
        0.004171875771135092,
        0.00415588915348053,
        0.004239588510245085,
        0.004266190808266401,
        0.004299959167838097,
        0.004312478471547365,
        0.004328369628638029,
        0.004319460596889257,
        0.004296156112104654,
        0.004293548874557018,
        0.0042912899516522884,
        0.004296609200537205,
        0.00430770218372345,
        0.004339395556598902,
        0.004389983136206865,
        0.004452188033610582,
        0.00453537842258811,
        0.004650665447115898,
        0.004774236120283604,
        0.00492871506139636
      ]
    },
    "2022": {
      "n_samples": 249,
      "entropy_mean": 2.9777419567108154,
      "entropy_std": 0.007943685166537762,
      "attention_concentration": 0.05035298317670822,
      "top_features": [
        [
          "t-1",
          0.056230343878269196
        ],
        [
          "t-2",
          0.05554001405835152
        ],
        [
          "t-3",
          0.05487324297428131
        ],
        [
          "t-4",
          0.05422385036945343
        ],
        [
          "t-5",
          0.05359625816345215
        ]
      ],
      "mean_attention": [
        0.042174600064754486,
        0.04159243404865265,
        0.043403446674346924,
        0.04551788792014122,
        0.047113366425037384,
        0.048175424337387085,
        0.04887031763792038,
        0.04937306419014931,
        0.04984636232256889,
        0.05030527338385582,
        0.05075698718428612,
        0.051245734095573425,
        0.05177856981754303,
        0.052373453974723816,
        0.05300933122634888,
        0.05359625816345215,
        0.05422385036945343,
        0.05487324297428131,
        0.05554001405835152,
        0.056230343878269196
      ],
      "std_attention": [
        0.007340466137975454,
        0.007246924564242363,
        0.007830276153981686,
        0.008288363926112652,
        0.008473267778754234,
        0.008470511995255947,
        0.008355402387678623,
        0.008204481564462185,
        0.008065558969974518,
        0.007967907935380936,
        0.007897749543190002,
        0.007908479310572147,
        0.008012408390641212,
        0.008235026150941849,
        0.008500270545482635,
        0.008852574042975903,
        0.009293219074606895,
        0.00982879288494587,
        0.010467606596648693,
        0.011207088828086853
      ]
    },
    "2023": {
      "n_samples": 249,
      "entropy_mean": 2.9837377071380615,
      "entropy_std": 0.006530624348670244,
      "attention_concentration": 0.050304509699344635,
      "top_features": [
        [
          "t-1",
          0.055041227489709854
        ],
        [
          "t-2",
          0.05454501882195473
        ],
        [
          "t-3",
          0.05405434966087341
        ],
        [
          "t-4",
          0.05357955023646355
        ],
        [
          "t-5",
          0.05312756076455116
        ]
      ],
      "mean_attention": [
        0.04271534085273743,
        0.04155576974153519,
        0.04331773519515991,
        0.04555564746260643,
        0.04734501987695694,
        0.04857415705919266,
        0.04941047355532646,
        0.05004308372735977,
        0.05050913244485855,
        0.05088989436626434,
        0.05126052722334862,
        0.05160689353942871,
        0.05194750800728798,
        0.05227592587471008,
        0.052645243704319,
        0.05312756076455116,
        0.05357955023646355,
        0.05405434966087341,
        0.05454501882195473,
        0.055041227489709854
      ],
      "std_attention": [
        0.005894214380532503,
        0.005388117395341396,
        0.0056493584997951984,
        0.0059984587132930756,
        0.006296650972217321,
        0.006512795574963093,
        0.006653787102550268,
        0.006728040520101786,
        0.006756283808499575,
        0.006721004843711853,
        0.006694843526929617,
        0.006653680931776762,
        0.006619255989789963,
        0.006587836425751448,
        0.00666985334828496,
        0.006858726032078266,
        0.007115695625543594,
        0.007458467036485672,
        0.007886133156716824,
        0.008409732021391392
      ]
    },
    "2024": {
      "n_samples": 250,
      "entropy_mean": 2.986684799194336,
      "entropy_std": 0.006028114818036556,
      "attention_concentration": 0.050364065915346146,
      "top_features": [
        [
          "t-1",
          0.0559069961309433
        ],
        [
          "t-2",
          0.05529123544692993
        ],
        [
          "t-3",
          0.0547071248292923
        ],
        [
          "t-4",
          0.054153770208358765
        ],
        [
          "t-5",
          0.053619470447301865
        ]
      ],