
[INFO] Using AUTO device selection.

[INFO] Patched matplotlib.Axes.errorbar to abs() negative yerr for robustness.
======================================================================
Training TFT: 12c_h1_rolling/macro_heavy_daily_h1_h18/fold_2016
======================================================================
Logging to: experiments/12c_h1_rolling/macro_heavy_daily_h1_h18/fold_2016/training_20251214_011303.log
Started at: 2025-12-14 01:13:03
======================================================================

Loading data splits...
Train: 2468 samples
Val: 220 samples
Test: 220 samples

Preparing TimeSeriesDataSet...

Dropping source columns (used for staleness only): ['CPI']

Final features for TFT: ['SP500_Returns', 'VIX', 'Inflation_YoY', 'Unemployment', 'Fed_Rate', 'Consumer_Sentiment', 'Industrial_Production', 'cumret_5', 'cumret_10', 'cumret_20', 'cumret_30']

======================================================================
FEATURE STATISTICS - BEFORE NORMALIZATION
======================================================================
VIX                             mean= 20.0672  std=  9.9897  min=  9.8900  max= 80.8600
Inflation_YoY                   mean=  2.3543  std=  1.4646  min= -2.1498  max=  5.4850
Unemployment                    mean=  6.9692  std=  1.9056  min=  4.4000  max= 10.2000
Fed_Rate                        mean=  1.6259  std=  2.0079  min=  0.0700  max=  5.2600
Consumer_Sentiment              mean= 76.9767  std= 10.2558  min= 55.3000  max= 97.1000
Industrial_Production           mean=104.2067  std=  8.2725  min= 92.5354  max=119.6780

======================================================================
TARGET CONFIGURATION
======================================================================
Target variable: SP500_Returns
  Mode: Point return prediction (single-step)
  Target stats: mean=0.0246, std=1.2713
  Dropping unused cumret columns: ['cumret_5', 'cumret_10', 'cumret_20', 'cumret_30']
======================================================================

======================================================================
FEATURES AFTER GROUPNORMALIZER (first batch, last timestep)
======================================================================
VIX                             normalized_value=  1.0000
Inflation_YoY                   normalized_value= -0.0500
Unemployment                    normalized_value= -0.1950
Fed_Rate                        normalized_value= -0.2660
Consumer_Sentiment              normalized_value=  0.4360
Industrial_Production           normalized_value= -0.7402
======================================================================

Configuration saved to: experiments/12c_h1_rolling/macro_heavy_daily_h1_h18/fold_2016/config.json
[DEBUG] VIX train values: [14.08 13.98 14.09 13.58 13.49]
[DEBUG] VIX val values: [17.79 19.92 21.12 19.31 17.01]
Batches per epoch: 38
[DEBUG] Validation batches: 4
[DEBUG] Validation dataset size: 200
[DEBUG] Batch size: 64

Initializing model...

Quantile configuration: 7q
  Quantiles: [0.02, 0.1, 0.25, 0.5, 0.75, 0.9, 0.98]
  Output size: 7
  Median index: 3

Using standard QuantileLoss (no penalties)

[REGIME OUTPUT] Disabled (using baseline output layer)

[STALENESS ATTENTION] Disabled

================================================================================
BASELINE MODEL FEATURE CONFIGURATION (after from_dataset)
================================================================================
tft.hparams.time_varying_reals_encoder: ['relative_time_idx', 'VIX', 'Inflation_YoY', 'Unemployment', 'Fed_Rate', 'Consumer_Sentiment', 'Industrial_Production']
  Count: 7

tft.hparams.time_varying_reals_decoder: ['relative_time_idx']
  Count: 1

tft.hparams.x_reals (all reals passed to model): ['encoder_length', 'relative_time_idx', 'VIX', 'Inflation_YoY', 'Unemployment', 'Fed_Rate', 'Consumer_Sentiment', 'Industrial_Production']
  Count: 8

Encoder VSN configuration:
  num_inputs: 7
  input_sizes: {'relative_time_idx': 16, 'VIX': 16, 'Inflation_YoY': 16, 'Unemployment': 16, 'Fed_Rate': 16, 'Consumer_Sentiment': 16, 'Industrial_Production': 16}
  flattened_grn.fc1: in_features=112, out_features=7
  -> Params in fc1: 784 (should be 5*16*5=400 if 5 features)
================================================================================

Model parameters: 30,120

Starting training...
Checkpoints will be saved to: experiments/12c_h1_rolling/macro_heavy_daily_h1_h18/fold_2016/checkpoints/
Logs will be saved to: experiments/12c_h1_rolling/macro_heavy_daily_h1_h18/fold_2016/logs/

[DEBUG CollapseMonitor] on_validation_epoch_start called for epoch 0
[DEBUG CollapseMonitor] reset_temporal_state() called on loss function
Epoch 0: val_loss=N/A
[DEBUG CollapseMonitor] on_validation_epoch_start called for epoch 0
[DEBUG CollapseMonitor] reset_temporal_state() called on loss function
Epoch 0: val_loss=0.6121258735656738
Epoch 0: train_loss=0.7434213757514954

[CollapseMonitor] Epoch 0
  [DEBUG] Processed 4 batches from val_dataloader
  [DEBUG] Predictions shape after concat: (200,)
  Pred std: 0.006562, range: 0.023484, mean: 0.319898
  Pos: 100.0%, Neg: 0.0%, Unique: 200
  Dir Acc: 48.00%, Pred Sharpe: 773.8468
  Composite: 0.3552 (dist_match: 0.4800, actual_pos: 48.0%, pred_pos: 100.0%)
  Collapse penalty: 0.000000 (threshold: 0.005000)
  Saved validation predictions to: experiments/12c_h1_rolling/macro_heavy_daily_h1_h18/fold_2016/collapse_monitoring/val_predictions_epoch0.npy
  Gradient norms:
    lstm_encoder: 0.016311
    lstm_decoder: 0.015212
    output_layer: 0.764514
  VSN output std:
    encoder: 0.116202
  Attention entropy: 2.990847
  Saved to: experiments/12c_h1_rolling/macro_heavy_daily_h1_h18/fold_2016/collapse_monitoring/collapse_monitor_latest.json
[DEBUG CollapseMonitor] on_validation_epoch_start called for epoch 1
[DEBUG CollapseMonitor] reset_temporal_state() called on loss function
Epoch 1: val_loss=0.5688171982765198
Epoch 1: train_loss=0.7055529356002808

[CollapseMonitor] Epoch 1
  [DEBUG] Processed 4 batches from val_dataloader
  [DEBUG] Predictions shape after concat: (200,)
  Pred std: 0.005888, range: 0.025902, mean: 0.255941
  Pos: 100.0%, Neg: 0.0%, Unique: 198
  Dir Acc: 48.00%, Pred Sharpe: 690.0926
  Composite: 0.3552 (dist_match: 0.4800, actual_pos: 48.0%, pred_pos: 100.0%)
  Collapse penalty: 0.000000 (threshold: 0.005000)
  Saved validation predictions to: experiments/12c_h1_rolling/macro_heavy_daily_h1_h18/fold_2016/collapse_monitoring/val_predictions_epoch1.npy
  Gradient norms:
    lstm_encoder: 0.015096
    lstm_decoder: 0.013989
    output_layer: 0.684361
  VSN output std:
    encoder: 0.113217
  Attention entropy: 2.990737
  Saved to: experiments/12c_h1_rolling/macro_heavy_daily_h1_h18/fold_2016/collapse_monitoring/collapse_monitor_latest.json
[DEBUG CollapseMonitor] on_validation_epoch_start called for epoch 2
[DEBUG CollapseMonitor] reset_temporal_state() called on loss function
Epoch 2: val_loss=0.5302993655204773
Epoch 2: train_loss=0.663346529006958

[CollapseMonitor] Epoch 2
  [DEBUG] Processed 4 batches from val_dataloader
  [DEBUG] Predictions shape after concat: (200,)
  Pred std: 0.006051, range: 0.028397, mean: 0.214534
  Pos: 100.0%, Neg: 0.0%, Unique: 199
  Dir Acc: 48.00%, Pred Sharpe: 562.8218
  Composite: 0.3552 (dist_match: 0.4800, actual_pos: 48.0%, pred_pos: 100.0%)
  Collapse penalty: 0.000000 (threshold: 0.005000)
  Saved validation predictions to: experiments/12c_h1_rolling/macro_heavy_daily_h1_h18/fold_2016/collapse_monitoring/val_predictions_epoch2.npy
  Gradient norms:
    lstm_encoder: 0.013121
    lstm_decoder: 0.012227
    output_layer: 0.587070
  VSN output std:
    encoder: 0.111411
  Attention entropy: 2.990683
  Saved to: experiments/12c_h1_rolling/macro_heavy_daily_h1_h18/fold_2016/collapse_monitoring/collapse_monitor_latest.json
[DEBUG CollapseMonitor] on_validation_epoch_start called for epoch 3
[DEBUG CollapseMonitor] reset_temporal_state() called on loss function
Epoch 3: val_loss=0.4884543716907501
Epoch 3: train_loss=0.6249004006385803

[CollapseMonitor] Epoch 3
  [DEBUG] Processed 4 batches from val_dataloader
  [DEBUG] Predictions shape after concat: (200,)
  Pred std: 0.006474, range: 0.031244, mean: 0.172359
  Pos: 100.0%, Neg: 0.0%, Unique: 199
  Dir Acc: 48.00%, Pred Sharpe: 422.6614
  Composite: 0.3552 (dist_match: 0.4800, actual_pos: 48.0%, pred_pos: 100.0%)
  Collapse penalty: 0.000000 (threshold: 0.005000)
  Saved validation predictions to: experiments/12c_h1_rolling/macro_heavy_daily_h1_h18/fold_2016/collapse_monitoring/val_predictions_epoch3.npy
  Gradient norms:
    lstm_encoder: 0.009798
    lstm_decoder: 0.009743
    output_layer: 0.480080
  VSN output std:
    encoder: 0.110457
  Attention entropy: 2.990610
  Saved to: experiments/12c_h1_rolling/macro_heavy_daily_h1_h18/fold_2016/collapse_monitoring/collapse_monitor_latest.json
[DEBUG CollapseMonitor] on_validation_epoch_start called for epoch 4
[DEBUG CollapseMonitor] reset_temporal_state() called on loss function
Epoch 4: val_loss=0.4570577144622803
Epoch 4: train_loss=0.5907326936721802

[CollapseMonitor] Epoch 4
  [DEBUG] Processed 4 batches from val_dataloader
  [DEBUG] Predictions shape after concat: (200,)
  Pred std: 0.007001, range: 0.034679, mean: 0.141799
  Pos: 100.0%, Neg: 0.0%, Unique: 198
  Dir Acc: 48.00%, Pred Sharpe: 321.5287
  Composite: 0.3552 (dist_match: 0.4800, actual_pos: 48.0%, pred_pos: 100.0%)
  Collapse penalty: 0.000000 (threshold: 0.005000)
  Saved validation predictions to: experiments/12c_h1_rolling/macro_heavy_daily_h1_h18/fold_2016/collapse_monitoring/val_predictions_epoch4.npy
  Gradient norms:
    lstm_encoder: 0.006648
    lstm_decoder: 0.007106
    output_layer: 0.377823
  VSN output std:
    encoder: 0.110335
  Attention entropy: 2.990340
  Saved to: experiments/12c_h1_rolling/macro_heavy_daily_h1_h18/fold_2016/collapse_monitoring/collapse_monitor_latest.json
[DEBUG CollapseMonitor] on_validation_epoch_start called for epoch 5
[DEBUG CollapseMonitor] reset_temporal_state() called on loss function
Epoch 5: val_loss=0.4385206997394562
Epoch 5: train_loss=0.564767062664032

[CollapseMonitor] Epoch 5
  [DEBUG] Processed 4 batches from val_dataloader
  [DEBUG] Predictions shape after concat: (200,)
  Pred std: 0.007331, range: 0.036701, mean: 0.128895
  Pos: 100.0%, Neg: 0.0%, Unique: 198
  Dir Acc: 48.00%, Pred Sharpe: 279.0996
  Composite: 0.3552 (dist_match: 0.4800, actual_pos: 48.0%, pred_pos: 100.0%)
  Collapse penalty: 0.000000 (threshold: 0.005000)
  Saved validation predictions to: experiments/12c_h1_rolling/macro_heavy_daily_h1_h18/fold_2016/collapse_monitoring/val_predictions_epoch5.npy
  Gradient norms:
    lstm_encoder: 0.004991
    lstm_decoder: 0.005527
    output_layer: 0.300939
  VSN output std:
    encoder: 0.110494
  Attention entropy: 2.990188
  Saved to: experiments/12c_h1_rolling/macro_heavy_daily_h1_h18/fold_2016/collapse_monitoring/collapse_monitor_latest.json
[DEBUG CollapseMonitor] on_validation_epoch_start called for epoch 6
[DEBUG CollapseMonitor] reset_temporal_state() called on loss function
Epoch 6: val_loss=0.4216119349002838
Epoch 6: train_loss=0.5460658073425293

[CollapseMonitor] Epoch 6
  [DEBUG] Processed 4 batches from val_dataloader
  [DEBUG] Predictions shape after concat: (200,)
  Pred std: 0.007390, range: 0.037136, mean: 0.100536
  Pos: 100.0%, Neg: 0.0%, Unique: 199
  Dir Acc: 48.00%, Pred Sharpe: 215.9626
  Composite: 0.3552 (dist_match: 0.4800, actual_pos: 48.0%, pred_pos: 100.0%)
  Collapse penalty: 0.000000 (threshold: 0.005000)
  Saved validation predictions to: experiments/12c_h1_rolling/macro_heavy_daily_h1_h18/fold_2016/collapse_monitoring/val_predictions_epoch6.npy
  Gradient norms:
    lstm_encoder: 0.003881
    lstm_decoder: 0.004210
    output_layer: 0.238653
  VSN output std:
    encoder: 0.111174
  Attention entropy: 2.990051
  Saved to: experiments/12c_h1_rolling/macro_heavy_daily_h1_h18/fold_2016/collapse_monitoring/collapse_monitor_latest.json
[DEBUG CollapseMonitor] on_validation_epoch_start called for epoch 7
[DEBUG CollapseMonitor] reset_temporal_state() called on loss function
Epoch 7: val_loss=0.4110558331012726
Epoch 7: train_loss=0.5307595133781433

[CollapseMonitor] Epoch 7
  [DEBUG] Processed 4 batches from val_dataloader
  [DEBUG] Predictions shape after concat: (200,)
  Pred std: 0.007135, range: 0.035584, mean: 0.089771
  Pos: 100.0%, Neg: 0.0%, Unique: 198
  Dir Acc: 48.00%, Pred Sharpe: 199.7425
  Composite: 0.3552 (dist_match: 0.4800, actual_pos: 48.0%, pred_pos: 100.0%)
  Collapse penalty: 0.000000 (threshold: 0.005000)
  Saved validation predictions to: experiments/12c_h1_rolling/macro_heavy_daily_h1_h18/fold_2016/collapse_monitoring/val_predictions_epoch7.npy
  Gradient norms:
    lstm_encoder: 0.003268
    lstm_decoder: 0.003348
    output_layer: 0.196609
  VSN output std:
    encoder: 0.111151
  Attention entropy: 2.989450
  Saved to: experiments/12c_h1_rolling/macro_heavy_daily_h1_h18/fold_2016/collapse_monitoring/collapse_monitor_latest.json
[DEBUG CollapseMonitor] on_validation_epoch_start called for epoch 8
[DEBUG CollapseMonitor] reset_temporal_state() called on loss function
Epoch 8: val_loss=0.40562283992767334
Epoch 8: train_loss=0.522260844707489

[CollapseMonitor] Epoch 8
  [DEBUG] Processed 4 batches from val_dataloader
  [DEBUG] Predictions shape after concat: (200,)
  Pred std: 0.006822, range: 0.033701, mean: 0.099369
  Pos: 100.0%, Neg: 0.0%, Unique: 198
  Dir Acc: 48.00%, Pred Sharpe: 231.2318
  Composite: 0.3552 (dist_match: 0.4800, actual_pos: 48.0%, pred_pos: 100.0%)
  Collapse penalty: 0.000000 (threshold: 0.005000)
  Saved validation predictions to: experiments/12c_h1_rolling/macro_heavy_daily_h1_h18/fold_2016/collapse_monitoring/val_predictions_epoch8.npy
  Gradient norms:
    lstm_encoder: 0.002856
    lstm_decoder: 0.002792
    output_layer: 0.170376
  VSN output std:
    encoder: 0.110171
  Attention entropy: 2.989395
  Saved to: experiments/12c_h1_rolling/macro_heavy_daily_h1_h18/fold_2016/collapse_monitoring/collapse_monitor_latest.json
[DEBUG CollapseMonitor] on_validation_epoch_start called for epoch 9
[DEBUG CollapseMonitor] reset_temporal_state() called on loss function
Epoch 9: val_loss=0.402640163898468
Epoch 9: train_loss=0.5150045156478882

[CollapseMonitor] Epoch 9
  [DEBUG] Processed 4 batches from val_dataloader
  [DEBUG] Predictions shape after concat: (200,)
  Pred std: 0.006684, range: 0.032032, mean: 0.082555
  Pos: 100.0%, Neg: 0.0%, Unique: 198
  Dir Acc: 48.00%, Pred Sharpe: 196.0550
  Composite: 0.3552 (dist_match: 0.4800, actual_pos: 48.0%, pred_pos: 100.0%)
  Collapse penalty: 0.000000 (threshold: 0.005000)
  Saved validation predictions to: experiments/12c_h1_rolling/macro_heavy_daily_h1_h18/fold_2016/collapse_monitoring/val_predictions_epoch9.npy
  Gradient norms:
    lstm_encoder: 0.002919
    lstm_decoder: 0.002652
    output_layer: 0.156250
  VSN output std:
    encoder: 0.108367
  Attention entropy: 2.988556
  Saved to: experiments/12c_h1_rolling/macro_heavy_daily_h1_h18/fold_2016/collapse_monitoring/collapse_monitor_latest.json
[DEBUG CollapseMonitor] on_validation_epoch_start called for epoch 10
[DEBUG CollapseMonitor] reset_temporal_state() called on loss function
Epoch 10: val_loss=0.40027496218681335
Epoch 10: train_loss=0.5079657435417175

[CollapseMonitor] Epoch 10
  [DEBUG] Processed 4 batches from val_dataloader
  [DEBUG] Predictions shape after concat: (200,)
  Pred std: 0.006756, range: 0.030449, mean: 0.076518
  Pos: 100.0%, Neg: 0.0%, Unique: 198
  Dir Acc: 48.00%, Pred Sharpe: 179.7988
  Composite: 0.3552 (dist_match: 0.4800, actual_pos: 48.0%, pred_pos: 100.0%)
  Collapse penalty: 0.000000 (threshold: 0.005000)
  Saved validation predictions to: experiments/12c_h1_rolling/macro_heavy_daily_h1_h18/fold_2016/collapse_monitoring/val_predictions_epoch10.npy
  Gradient norms:
    lstm_encoder: 0.003053
    lstm_decoder: 0.002597
    output_layer: 0.144659
  VSN output std:
    encoder: 0.106343
  Attention entropy: 2.987705
  Saved to: experiments/12c_h1_rolling/macro_heavy_daily_h1_h18/fold_2016/collapse_monitoring/collapse_monitor_latest.json
[DEBUG CollapseMonitor] on_validation_epoch_start called for epoch 11
[DEBUG CollapseMonitor] reset_temporal_state() called on loss function
Epoch 11: val_loss=0.3991186022758484
Epoch 11: train_loss=0.5061587691307068

[CollapseMonitor] Epoch 11
  [DEBUG] Processed 4 batches from val_dataloader
  [DEBUG] Predictions shape after concat: (200,)
  Pred std: 0.006842, range: 0.028360, mean: 0.079095
  Pos: 100.0%, Neg: 0.0%, Unique: 199
  Dir Acc: 48.00%, Pred Sharpe: 183.5150
  Composite: 0.3552 (dist_match: 0.4800, actual_pos: 48.0%, pred_pos: 100.0%)
  Collapse penalty: 0.000000 (threshold: 0.005000)
  Saved validation predictions to: experiments/12c_h1_rolling/macro_heavy_daily_h1_h18/fold_2016/collapse_monitoring/val_predictions_epoch11.npy
  Gradient norms:
    lstm_encoder: 0.002974
    lstm_decoder: 0.002412
    output_layer: 0.134204
  VSN output std:
    encoder: 0.103599
  Attention entropy: 2.985766
  Saved to: experiments/12c_h1_rolling/macro_heavy_daily_h1_h18/fold_2016/collapse_monitoring/collapse_monitor_latest.json
[DEBUG CollapseMonitor] on_validation_epoch_start called for epoch 12
[DEBUG CollapseMonitor] reset_temporal_state() called on loss function
Epoch 12: val_loss=0.39813318848609924
Epoch 12: train_loss=0.5039390921592712

[CollapseMonitor] Epoch 12
  [DEBUG] Processed 4 batches from val_dataloader
  [DEBUG] Predictions shape after concat: (200,)
  Pred std: 0.006180, range: 0.023392, mean: 0.070403
  Pos: 100.0%, Neg: 0.0%, Unique: 200
  Dir Acc: 48.00%, Pred Sharpe: 180.8391
  Composite: 0.3552 (dist_match: 0.4800, actual_pos: 48.0%, pred_pos: 100.0%)
  Collapse penalty: 0.000000 (threshold: 0.005000)
  Saved validation predictions to: experiments/12c_h1_rolling/macro_heavy_daily_h1_h18/fold_2016/collapse_monitoring/val_predictions_epoch12.npy
  Gradient norms:
    lstm_encoder: 0.003114
    lstm_decoder: 0.002483
    output_layer: 0.121371
  VSN output std:
    encoder: 0.101170
  Attention entropy: 2.983139
  Saved to: experiments/12c_h1_rolling/macro_heavy_daily_h1_h18/fold_2016/collapse_monitoring/collapse_monitor_latest.json
[DEBUG CollapseMonitor] on_validation_epoch_start called for epoch 13
[DEBUG CollapseMonitor] reset_temporal_state() called on loss function
Epoch 13: val_loss=0.39745599031448364
Epoch 13: train_loss=0.5022844076156616

[CollapseMonitor] Epoch 13
  [DEBUG] Processed 4 batches from val_dataloader
  [DEBUG] Predictions shape after concat: (200,)
  Pred std: 0.005950, range: 0.021531, mean: 0.080489
  Pos: 100.0%, Neg: 0.0%, Unique: 200
  Dir Acc: 48.00%, Pred Sharpe: 214.7246
  Composite: 0.3552 (dist_match: 0.4800, actual_pos: 48.0%, pred_pos: 100.0%)
  Collapse penalty: 0.000000 (threshold: 0.005000)
  Saved validation predictions to: experiments/12c_h1_rolling/macro_heavy_daily_h1_h18/fold_2016/collapse_monitoring/val_predictions_epoch13.npy
  Gradient norms:
    lstm_encoder: 0.003346
    lstm_decoder: 0.002523
    output_layer: 0.117472
  VSN output std:
    encoder: 0.101502
  Attention entropy: 2.978359
  Saved to: experiments/12c_h1_rolling/macro_heavy_daily_h1_h18/fold_2016/collapse_monitoring/collapse_monitor_latest.json
[DEBUG CollapseMonitor] on_validation_epoch_start called for epoch 14
[DEBUG CollapseMonitor] reset_temporal_state() called on loss function
Epoch 14: val_loss=0.3963910937309265
Epoch 14: train_loss=0.4982548654079437

[CollapseMonitor] Epoch 14
  [DEBUG] Processed 4 batches from val_dataloader
  [DEBUG] Predictions shape after concat: (200,)
  Pred std: 0.005120, range: 0.018611, mean: 0.069987
  Pos: 100.0%, Neg: 0.0%, Unique: 195
  Dir Acc: 48.00%, Pred Sharpe: 217.0085
  Composite: 0.3552 (dist_match: 0.4800, actual_pos: 48.0%, pred_pos: 100.0%)
  Collapse penalty: 0.000000 (threshold: 0.005000)
  Saved validation predictions to: experiments/12c_h1_rolling/macro_heavy_daily_h1_h18/fold_2016/collapse_monitoring/val_predictions_epoch14.npy
  Gradient norms:
    lstm_encoder: 0.003196
    lstm_decoder: 0.002385
    output_layer: 0.109889
  VSN output std:
    encoder: 0.108960
  Attention entropy: 2.973174
  Saved to: experiments/12c_h1_rolling/macro_heavy_daily_h1_h18/fold_2016/collapse_monitoring/collapse_monitor_latest.json
[DEBUG CollapseMonitor] on_validation_epoch_start called for epoch 15
[DEBUG CollapseMonitor] reset_temporal_state() called on loss function
Epoch 15: val_loss=0.39640259742736816
Epoch 15: train_loss=0.4966600835323334

[CollapseMonitor] Epoch 15
  [DEBUG] Processed 4 batches from val_dataloader
  [DEBUG] Predictions shape after concat: (200,)
  Pred std: 0.004453, range: 0.016824, mean: 0.104466
  Pos: 100.0%, Neg: 0.0%, Unique: 197
  Dir Acc: 48.00%, Pred Sharpe: 372.4412
  Composite: 0.3552 (dist_match: 0.4800, actual_pos: 48.0%, pred_pos: 100.0%)
  Collapse penalty: 0.000000 (threshold: 0.005000)
  Saved validation predictions to: experiments/12c_h1_rolling/macro_heavy_daily_h1_h18/fold_2016/collapse_monitoring/val_predictions_epoch15.npy
  Gradient norms:
    lstm_encoder: 0.003668
    lstm_decoder: 0.002765
    output_layer: 0.117903
  VSN output std:
    encoder: 0.128304
  Attention entropy: 2.964974
  Saved to: experiments/12c_h1_rolling/macro_heavy_daily_h1_h18/fold_2016/collapse_monitoring/collapse_monitor_latest.json
[DEBUG CollapseMonitor] on_validation_epoch_start called for epoch 16
[DEBUG CollapseMonitor] reset_temporal_state() called on loss function
Epoch 16: val_loss=0.3958382308483124
Epoch 16: train_loss=0.49463748931884766

[CollapseMonitor] Epoch 16
  [DEBUG] Processed 4 batches from val_dataloader
  [DEBUG] Predictions shape after concat: (200,)
  Pred std: 0.003406, range: 0.016099, mean: 0.066876
  Pos: 100.0%, Neg: 0.0%, Unique: 198
  Dir Acc: 48.00%, Pred Sharpe: 311.6627
  Composite: 0.3552 (dist_match: 0.4800, actual_pos: 48.0%, pred_pos: 100.0%)
  Collapse penalty: 0.000000 (threshold: 0.005000)
  Saved validation predictions to: experiments/12c_h1_rolling/macro_heavy_daily_h1_h18/fold_2016/collapse_monitoring/val_predictions_epoch16.npy
  Gradient norms:
    lstm_encoder: 0.004206
    lstm_decoder: 0.002864
    output_layer: 0.114053
  VSN output std:
    encoder: 0.145646
  Attention entropy: 2.961556
  Saved to: experiments/12c_h1_rolling/macro_heavy_daily_h1_h18/fold_2016/collapse_monitoring/collapse_monitor_latest.json
[DEBUG CollapseMonitor] on_validation_epoch_start called for epoch 17
[DEBUG CollapseMonitor] reset_temporal_state() called on loss function
Epoch 17: val_loss=0.39559927582740784
Epoch 17: train_loss=0.492637038230896

[CollapseMonitor] Epoch 17
  [DEBUG] Processed 4 batches from val_dataloader
  [DEBUG] Predictions shape after concat: (200,)
  Pred std: 0.003039, range: 0.016150, mean: 0.078714
  Pos: 100.0%, Neg: 0.0%, Unique: 200
  Dir Acc: 48.00%, Pred Sharpe: 411.1663
  Composite: 0.3552 (dist_match: 0.4800, actual_pos: 48.0%, pred_pos: 100.0%)
  Collapse penalty: 0.000000 (threshold: 0.005000)
  Saved validation predictions to: experiments/12c_h1_rolling/macro_heavy_daily_h1_h18/fold_2016/collapse_monitoring/val_predictions_epoch17.npy
  Gradient norms:
    lstm_encoder: 0.004314
    lstm_decoder: 0.002914
    output_layer: 0.116671
  VSN output std:
    encoder: 0.160372
  Attention entropy: 2.958264
  Saved to: experiments/12c_h1_rolling/macro_heavy_daily_h1_h18/fold_2016/collapse_monitoring/collapse_monitor_latest.json
[DEBUG CollapseMonitor] on_validation_epoch_start called for epoch 18
[DEBUG CollapseMonitor] reset_temporal_state() called on loss function
Epoch 18: val_loss=0.3950946033000946
Epoch 18: train_loss=0.4909879267215729

[CollapseMonitor] Epoch 18
  [DEBUG] Processed 4 batches from val_dataloader
  [DEBUG] Predictions shape after concat: (200,)
  Pred std: 0.003091, range: 0.018492, mean: 0.094802
  Pos: 100.0%, Neg: 0.0%, Unique: 196
  Dir Acc: 48.00%, Pred Sharpe: 486.9312
  Composite: 0.3552 (dist_match: 0.4800, actual_pos: 48.0%, pred_pos: 100.0%)
  Collapse penalty: 0.000000 (threshold: 0.005000)
  Saved validation predictions to: experiments/12c_h1_rolling/macro_heavy_daily_h1_h18/fold_2016/collapse_monitoring/val_predictions_epoch18.npy
  Gradient norms:
    lstm_encoder: 0.004607
    lstm_decoder: 0.003118
    output_layer: 0.111555
  VSN output std:
    encoder: 0.166500
  Attention entropy: 2.959464
  Saved to: experiments/12c_h1_rolling/macro_heavy_daily_h1_h18/fold_2016/collapse_monitoring/collapse_monitor_latest.json
[DEBUG CollapseMonitor] on_validation_epoch_start called for epoch 19
[DEBUG CollapseMonitor] reset_temporal_state() called on loss function
Epoch 19: val_loss=0.3947722613811493
Epoch 19: train_loss=0.48927903175354004

[CollapseMonitor] Epoch 19
  [DEBUG] Processed 4 batches from val_dataloader
  [DEBUG] Predictions shape after concat: (200,)
  Pred std: 0.003148, range: 0.021350, mean: 0.065333
  Pos: 100.0%, Neg: 0.0%, Unique: 197
  Dir Acc: 48.00%, Pred Sharpe: 329.4121
  Composite: 0.3552 (dist_match: 0.4800, actual_pos: 48.0%, pred_pos: 100.0%)
  Collapse penalty: 0.000000 (threshold: 0.005000)
  Saved validation predictions to: experiments/12c_h1_rolling/macro_heavy_daily_h1_h18/fold_2016/collapse_monitoring/val_predictions_epoch19.npy
  Gradient norms:
    lstm_encoder: 0.005028
    lstm_decoder: 0.003205
    output_layer: 0.114692
  VSN output std:
    encoder: 0.173924
  Attention entropy: 2.957488
  Saved to: experiments/12c_h1_rolling/macro_heavy_daily_h1_h18/fold_2016/collapse_monitoring/collapse_monitor_latest.json
[DEBUG CollapseMonitor] on_validation_epoch_start called for epoch 20
[DEBUG CollapseMonitor] reset_temporal_state() called on loss function
Epoch 20: val_loss=0.39376434683799744
Epoch 20: train_loss=0.4898793697357178

[CollapseMonitor] Epoch 20
  [DEBUG] Processed 4 batches from val_dataloader
  [DEBUG] Predictions shape after concat: (200,)
  Pred std: 0.003249, range: 0.022774, mean: 0.073431
  Pos: 100.0%, Neg: 0.0%, Unique: 195
  Dir Acc: 48.00%, Pred Sharpe: 358.7526
  Composite: 0.3552 (dist_match: 0.4800, actual_pos: 48.0%, pred_pos: 100.0%)
  Collapse penalty: 0.000000 (threshold: 0.005000)
  Saved validation predictions to: experiments/12c_h1_rolling/macro_heavy_daily_h1_h18/fold_2016/collapse_monitoring/val_predictions_epoch20.npy
  Gradient norms:
    lstm_encoder: 0.005331
    lstm_decoder: 0.003338
    output_layer: 0.120949
  VSN output std:
    encoder: 0.181230
  Attention entropy: 2.954869
  Saved to: experiments/12c_h1_rolling/macro_heavy_daily_h1_h18/fold_2016/collapse_monitoring/collapse_monitor_latest.json
[DEBUG CollapseMonitor] on_validation_epoch_start called for epoch 21
[DEBUG CollapseMonitor] reset_temporal_state() called on loss function
Epoch 21: val_loss=0.3945099115371704
Epoch 21: train_loss=0.48604774475097656

[CollapseMonitor] Epoch 21
  [DEBUG] Processed 4 batches from val_dataloader
  [DEBUG] Predictions shape after concat: (200,)
  Pred std: 0.004344, range: 0.029206, mean: 0.066875
  Pos: 100.0%, Neg: 0.0%, Unique: 194
  Dir Acc: 48.00%, Pred Sharpe: 244.4101
  Composite: 0.3552 (dist_match: 0.4800, actual_pos: 48.0%, pred_pos: 100.0%)
  Collapse penalty: 0.000000 (threshold: 0.005000)
  Saved validation predictions to: experiments/12c_h1_rolling/macro_heavy_daily_h1_h18/fold_2016/collapse_monitoring/val_predictions_epoch21.npy
  Gradient norms:
    lstm_encoder: 0.006349
    lstm_decoder: 0.003689
    output_layer: 0.127029
  VSN output std:
    encoder: 0.182334
  Attention entropy: 2.951797
  Saved to: experiments/12c_h1_rolling/macro_heavy_daily_h1_h18/fold_2016/collapse_monitoring/collapse_monitor_latest.json
[DEBUG CollapseMonitor] on_validation_epoch_start called for epoch 22
[DEBUG CollapseMonitor] reset_temporal_state() called on loss function
Epoch 22: val_loss=0.39385074377059937
Epoch 22: train_loss=0.48435884714126587

[CollapseMonitor] Epoch 22
  [DEBUG] Processed 4 batches from val_dataloader
  [DEBUG] Predictions shape after concat: (200,)
  Pred std: 0.003399, range: 0.024774, mean: 0.076607
  Pos: 100.0%, Neg: 0.0%, Unique: 197
  Dir Acc: 48.00%, Pred Sharpe: 357.8099
  Composite: 0.3552 (dist_match: 0.4800, actual_pos: 48.0%, pred_pos: 100.0%)
  Collapse penalty: 0.000000 (threshold: 0.005000)
  Saved validation predictions to: experiments/12c_h1_rolling/macro_heavy_daily_h1_h18/fold_2016/collapse_monitoring/val_predictions_epoch22.npy
  Gradient norms:
    lstm_encoder: 0.005856
    lstm_decoder: 0.003598
    output_layer: 0.114473
  VSN output std:
    encoder: 0.183575
  Attention entropy: 2.951649
  Saved to: experiments/12c_h1_rolling/macro_heavy_daily_h1_h18/fold_2016/collapse_monitoring/collapse_monitor_latest.json
[DEBUG CollapseMonitor] on_validation_epoch_start called for epoch 23
[DEBUG CollapseMonitor] reset_temporal_state() called on loss function
Epoch 23: val_loss=0.3933340907096863
Epoch 23: train_loss=0.48388421535491943

[CollapseMonitor] Epoch 23
  [DEBUG] Processed 4 batches from val_dataloader
  [DEBUG] Predictions shape after concat: (200,)
  Pred std: 0.003770, range: 0.029400, mean: 0.060309
  Pos: 100.0%, Neg: 0.0%, Unique: 198
  Dir Acc: 48.00%, Pred Sharpe: 253.9432
  Composite: 0.3552 (dist_match: 0.4800, actual_pos: 48.0%, pred_pos: 100.0%)
  Collapse penalty: 0.000000 (threshold: 0.005000)
  Saved validation predictions to: experiments/12c_h1_rolling/macro_heavy_daily_h1_h18/fold_2016/collapse_monitoring/val_predictions_epoch23.npy
  Gradient norms:
    lstm_encoder: 0.005907
    lstm_decoder: 0.003304
    output_layer: 0.096218
  VSN output std:
    encoder: 0.180815
  Attention entropy: 2.949814
  Saved to: experiments/12c_h1_rolling/macro_heavy_daily_h1_h18/fold_2016/collapse_monitoring/collapse_monitor_latest.json
[DEBUG CollapseMonitor] on_validation_epoch_start called for epoch 24
[DEBUG CollapseMonitor] reset_temporal_state() called on loss function
Epoch 24: val_loss=0.39274677634239197
Epoch 24: train_loss=0.4835003912448883

[CollapseMonitor] Epoch 24
  [DEBUG] Processed 4 batches from val_dataloader
  [DEBUG] Predictions shape after concat: (200,)
  Pred std: 0.004171, range: 0.033691, mean: 0.063683
  Pos: 100.0%, Neg: 0.0%, Unique: 199
  Dir Acc: 48.00%, Pred Sharpe: 242.3597
  Composite: 0.3552 (dist_match: 0.4800, actual_pos: 48.0%, pred_pos: 100.0%)
  Collapse penalty: 0.000000 (threshold: 0.005000)
  Saved validation predictions to: experiments/12c_h1_rolling/macro_heavy_daily_h1_h18/fold_2016/collapse_monitoring/val_predictions_epoch24.npy
  Gradient norms:
    lstm_encoder: 0.006982
    lstm_decoder: 0.003946
    output_layer: 0.110581
  VSN output std:
    encoder: 0.176216
  Attention entropy: 2.950516
  Saved to: experiments/12c_h1_rolling/macro_heavy_daily_h1_h18/fold_2016/collapse_monitoring/collapse_monitor_latest.json
[DEBUG CollapseMonitor] on_validation_epoch_start called for epoch 25
[DEBUG CollapseMonitor] reset_temporal_state() called on loss function
Epoch 25: val_loss=0.3919851779937744
Epoch 25: train_loss=0.480180025100708

[CollapseMonitor] Epoch 25
  [DEBUG] Processed 4 batches from val_dataloader
  [DEBUG] Predictions shape after concat: (200,)
  Pred std: 0.005385, range: 0.039643, mean: 0.079920
  Pos: 100.0%, Neg: 0.0%, Unique: 195
  Dir Acc: 48.00%, Pred Sharpe: 235.5841
  Composite: 0.3552 (dist_match: 0.4800, actual_pos: 48.0%, pred_pos: 100.0%)
  Collapse penalty: 0.000000 (threshold: 0.005000)
  Saved validation predictions to: experiments/12c_h1_rolling/macro_heavy_daily_h1_h18/fold_2016/collapse_monitoring/val_predictions_epoch25.npy
  Gradient norms:
    lstm_encoder: 0.007655
    lstm_decoder: 0.004092
    output_layer: 0.111731
  VSN output std:
    encoder: 0.167256
  Attention entropy: 2.947186
  Saved to: experiments/12c_h1_rolling/macro_heavy_daily_h1_h18/fold_2016/collapse_monitoring/collapse_monitor_latest.json
[DEBUG CollapseMonitor] on_validation_epoch_start called for epoch 26
[DEBUG CollapseMonitor] reset_temporal_state() called on loss function
Epoch 26: val_loss=0.39155834913253784
Epoch 26: train_loss=0.47997739911079407

[CollapseMonitor] Epoch 26
  [DEBUG] Processed 4 batches from val_dataloader
  [DEBUG] Predictions shape after concat: (200,)
  Pred std: 0.005640, range: 0.042495, mean: 0.059700
  Pos: 100.0%, Neg: 0.0%, Unique: 200
  Dir Acc: 48.00%, Pred Sharpe: 168.0389
  Composite: 0.3552 (dist_match: 0.4800, actual_pos: 48.0%, pred_pos: 100.0%)
  Collapse penalty: 0.000000 (threshold: 0.005000)
  Saved validation predictions to: experiments/12c_h1_rolling/macro_heavy_daily_h1_h18/fold_2016/collapse_monitoring/val_predictions_epoch26.npy
  Gradient norms:
    lstm_encoder: 0.008148
    lstm_decoder: 0.004566
    output_layer: 0.123456
  VSN output std:
    encoder: 0.164775
  Attention entropy: 2.946893
  Saved to: experiments/12c_h1_rolling/macro_heavy_daily_h1_h18/fold_2016/collapse_monitoring/collapse_monitor_latest.json
[DEBUG CollapseMonitor] on_validation_epoch_start called for epoch 27
[DEBUG CollapseMonitor] reset_temporal_state() called on loss function
Epoch 27: val_loss=0.39135777950286865
Epoch 27: train_loss=0.47890767455101013

[CollapseMonitor] Epoch 27
  [DEBUG] Processed 4 batches from val_dataloader
  [DEBUG] Predictions shape after concat: (200,)
  Pred std: 0.007312, range: 0.053675, mean: 0.085375
  Pos: 100.0%, Neg: 0.0%, Unique: 199
  Dir Acc: 48.00%, Pred Sharpe: 185.3468
  Composite: 0.3552 (dist_match: 0.4800, actual_pos: 48.0%, pred_pos: 100.0%)
  Collapse penalty: 0.000000 (threshold: 0.005000)
  Saved validation predictions to: experiments/12c_h1_rolling/macro_heavy_daily_h1_h18/fold_2016/collapse_monitoring/val_predictions_epoch27.npy
  Gradient norms:
    lstm_encoder: 0.009384
    lstm_decoder: 0.005027
    output_layer: 0.135807
  VSN output std:
    encoder: 0.174339
  Attention entropy: 2.943383
  Saved to: experiments/12c_h1_rolling/macro_heavy_daily_h1_h18/fold_2016/collapse_monitoring/collapse_monitor_latest.json
[DEBUG CollapseMonitor] on_validation_epoch_start called for epoch 28
[DEBUG CollapseMonitor] reset_temporal_state() called on loss function
Epoch 28: val_loss=0.3913903534412384
Epoch 28: train_loss=0.4775433838367462

[CollapseMonitor] Epoch 28
  [DEBUG] Processed 4 batches from val_dataloader
  [DEBUG] Predictions shape after concat: (200,)
  Pred std: 0.007107, range: 0.044406, mean: 0.071284
  Pos: 100.0%, Neg: 0.0%, Unique: 198
  Dir Acc: 48.00%, Pred Sharpe: 159.2211
  Composite: 0.3552 (dist_match: 0.4800, actual_pos: 48.0%, pred_pos: 100.0%)
  Collapse penalty: 0.000000 (threshold: 0.005000)
  Saved validation predictions to: experiments/12c_h1_rolling/macro_heavy_daily_h1_h18/fold_2016/collapse_monitoring/val_predictions_epoch28.npy
  Gradient norms:
    lstm_encoder: 0.009211
    lstm_decoder: 0.004966
    output_layer: 0.112339
  VSN output std:
    encoder: 0.178390
  Attention entropy: 2.941977
  Saved to: experiments/12c_h1_rolling/macro_heavy_daily_h1_h18/fold_2016/collapse_monitoring/collapse_monitor_latest.json
[DEBUG CollapseMonitor] on_validation_epoch_start called for epoch 29
[DEBUG CollapseMonitor] reset_temporal_state() called on loss function
Epoch 29: val_loss=0.38961440324783325
Epoch 29: train_loss=0.47641482949256897

[CollapseMonitor] Epoch 29
  [DEBUG] Processed 4 batches from val_dataloader
  [DEBUG] Predictions shape after concat: (200,)
  Pred std: 0.007211, range: 0.056319, mean: 0.075075
  Pos: 100.0%, Neg: 0.0%, Unique: 198
  Dir Acc: 48.00%, Pred Sharpe: 165.2815
  Composite: 0.3552 (dist_match: 0.4800, actual_pos: 48.0%, pred_pos: 100.0%)
  Collapse penalty: 0.000000 (threshold: 0.005000)
  Saved validation predictions to: experiments/12c_h1_rolling/macro_heavy_daily_h1_h18/fold_2016/collapse_monitoring/val_predictions_epoch29.npy
  Gradient norms:
    lstm_encoder: 0.008395
    lstm_decoder: 0.004245
    output_layer: 0.099213
  VSN output std:
    encoder: 0.178663
  Attention entropy: 2.940387
  Saved to: experiments/12c_h1_rolling/macro_heavy_daily_h1_h18/fold_2016/collapse_monitoring/collapse_monitor_latest.json
[DEBUG CollapseMonitor] on_validation_epoch_start called for epoch 30
[DEBUG CollapseMonitor] reset_temporal_state() called on loss function
Epoch 30: val_loss=0.38907840847969055
Epoch 30: train_loss=0.47638657689094543

[CollapseMonitor] Epoch 30
  [DEBUG] Processed 4 batches from val_dataloader
  [DEBUG] Predictions shape after concat: (200,)
  Pred std: 0.008772, range: 0.064766, mean: 0.065662
  Pos: 100.0%, Neg: 0.0%, Unique: 200
  Dir Acc: 48.00%, Pred Sharpe: 118.8324
  Composite: 0.3552 (dist_match: 0.4800, actual_pos: 48.0%, pred_pos: 100.0%)
  Collapse penalty: 0.000000 (threshold: 0.005000)
  Saved validation predictions to: experiments/12c_h1_rolling/macro_heavy_daily_h1_h18/fold_2016/collapse_monitoring/val_predictions_epoch30.npy
  Gradient norms:
    lstm_encoder: 0.009788
    lstm_decoder: 0.005108
    output_layer: 0.119299
  VSN output std:
    encoder: 0.179588
  Attention entropy: 2.938260
  Saved to: experiments/12c_h1_rolling/macro_heavy_daily_h1_h18/fold_2016/collapse_monitoring/collapse_monitor_latest.json
[DEBUG CollapseMonitor] on_validation_epoch_start called for epoch 31
[DEBUG CollapseMonitor] reset_temporal_state() called on loss function
Epoch 31: val_loss=0.3879014551639557
Epoch 31: train_loss=0.4736565947532654

[CollapseMonitor] Epoch 31
  [DEBUG] Processed 4 batches from val_dataloader
  [DEBUG] Predictions shape after concat: (200,)
  Pred std: 0.011671, range: 0.060334, mean: 0.059708
  Pos: 100.0%, Neg: 0.0%, Unique: 197
  Dir Acc: 48.00%, Pred Sharpe: 81.2101
  Composite: 0.3552 (dist_match: 0.4800, actual_pos: 48.0%, pred_pos: 100.0%)
  Collapse penalty: 0.000000 (threshold: 0.005000)
  Saved validation predictions to: experiments/12c_h1_rolling/macro_heavy_daily_h1_h18/fold_2016/collapse_monitoring/val_predictions_epoch31.npy
  Gradient norms:
    lstm_encoder: 0.010277
    lstm_decoder: 0.005265
    output_layer: 0.109086
  VSN output std:
    encoder: 0.181125
  Attention entropy: 2.936179
  Saved to: experiments/12c_h1_rolling/macro_heavy_daily_h1_h18/fold_2016/collapse_monitoring/collapse_monitor_latest.json
[DEBUG CollapseMonitor] on_validation_epoch_start called for epoch 32
[DEBUG CollapseMonitor] reset_temporal_state() called on loss function
Epoch 32: val_loss=0.3877300024032593
Epoch 32: train_loss=0.4723806381225586

[CollapseMonitor] Epoch 32
  [DEBUG] Processed 4 batches from val_dataloader
  [DEBUG] Predictions shape after concat: (200,)
  Pred std: 0.013674, range: 0.065161, mean: 0.069815
  Pos: 100.0%, Neg: 0.0%, Unique: 199
  Dir Acc: 48.00%, Pred Sharpe: 81.0490
  Composite: 0.3552 (dist_match: 0.4800, actual_pos: 48.0%, pred_pos: 100.0%)
  Collapse penalty: 0.000000 (threshold: 0.005000)
  Saved validation predictions to: experiments/12c_h1_rolling/macro_heavy_daily_h1_h18/fold_2016/collapse_monitoring/val_predictions_epoch32.npy
  Gradient norms:
    lstm_encoder: 0.012013
    lstm_decoder: 0.006315
    output_layer: 0.117014
  VSN output std:
    encoder: 0.180736
  Attention entropy: 2.935821
  Saved to: experiments/12c_h1_rolling/macro_heavy_daily_h1_h18/fold_2016/collapse_monitoring/collapse_monitor_latest.json
[DEBUG CollapseMonitor] on_validation_epoch_start called for epoch 33
[DEBUG CollapseMonitor] reset_temporal_state() called on loss function
Epoch 33: val_loss=0.38642632961273193
Epoch 33: train_loss=0.4691430628299713

[CollapseMonitor] Epoch 33
  [DEBUG] Processed 4 batches from val_dataloader
  [DEBUG] Predictions shape after concat: (200,)
  Pred std: 0.014018, range: 0.067745, mean: 0.086680
  Pos: 100.0%, Neg: 0.0%, Unique: 199
  Dir Acc: 48.00%, Pred Sharpe: 98.1614
  Composite: 0.3552 (dist_match: 0.4800, actual_pos: 48.0%, pred_pos: 100.0%)
  Collapse penalty: 0.000000 (threshold: 0.005000)
  Saved validation predictions to: experiments/12c_h1_rolling/macro_heavy_daily_h1_h18/fold_2016/collapse_monitoring/val_predictions_epoch33.npy
  Gradient norms:
    lstm_encoder: 0.010197
    lstm_decoder: 0.005293
    output_layer: 0.118385
  VSN output std:
    encoder: 0.182867
  Attention entropy: 2.932787
  Saved to: experiments/12c_h1_rolling/macro_heavy_daily_h1_h18/fold_2016/collapse_monitoring/collapse_monitor_latest.json
[DEBUG CollapseMonitor] on_validation_epoch_start called for epoch 34
[DEBUG CollapseMonitor] reset_temporal_state() called on loss function
Epoch 34: val_loss=0.38461369276046753
Epoch 34: train_loss=0.4697175920009613

[CollapseMonitor] Epoch 34
  [DEBUG] Processed 4 batches from val_dataloader
  [DEBUG] Predictions shape after concat: (200,)
  Pred std: 0.016944, range: 0.076812, mean: 0.062918
  Pos: 100.0%, Neg: 0.0%, Unique: 200
  Dir Acc: 48.00%, Pred Sharpe: 58.9481
  Composite: 0.3552 (dist_match: 0.4800, actual_pos: 48.0%, pred_pos: 100.0%)
  Collapse penalty: 0.000000 (threshold: 0.005000)
  Saved validation predictions to: experiments/12c_h1_rolling/macro_heavy_daily_h1_h18/fold_2016/collapse_monitoring/val_predictions_epoch34.npy
  Gradient norms:
    lstm_encoder: 0.011978
    lstm_decoder: 0.005699
    output_layer: 0.110312
  VSN output std:
    encoder: 0.186670
  Attention entropy: 2.931818
  Saved to: experiments/12c_h1_rolling/macro_heavy_daily_h1_h18/fold_2016/collapse_monitoring/collapse_monitor_latest.json
[DEBUG CollapseMonitor] on_validation_epoch_start called for epoch 35
[DEBUG CollapseMonitor] reset_temporal_state() called on loss function
Epoch 35: val_loss=0.3848768472671509
Epoch 35: train_loss=0.465984046459198

[CollapseMonitor] Epoch 35
  [DEBUG] Processed 4 batches from val_dataloader
  [DEBUG] Predictions shape after concat: (200,)
  Pred std: 0.019838, range: 0.085471, mean: 0.078408
  Pos: 100.0%, Neg: 0.0%, Unique: 200
  Dir Acc: 48.00%, Pred Sharpe: 62.7433
  Composite: 0.3552 (dist_match: 0.4800, actual_pos: 48.0%, pred_pos: 100.0%)
  Collapse penalty: 0.000000 (threshold: 0.005000)
  Saved validation predictions to: experiments/12c_h1_rolling/macro_heavy_daily_h1_h18/fold_2016/collapse_monitoring/val_predictions_epoch35.npy
  Gradient norms:
    lstm_encoder: 0.012071
    lstm_decoder: 0.005706
    output_layer: 0.109055
  VSN output std:
    encoder: 0.185354
  Attention entropy: 2.931060
  Saved to: experiments/12c_h1_rolling/macro_heavy_daily_h1_h18/fold_2016/collapse_monitoring/collapse_monitor_latest.json
[DEBUG CollapseMonitor] on_validation_epoch_start called for epoch 36
[DEBUG CollapseMonitor] reset_temporal_state() called on loss function
Epoch 36: val_loss=0.382444828748703
Epoch 36: train_loss=0.4656778573989868

[CollapseMonitor] Epoch 36
  [DEBUG] Processed 4 batches from val_dataloader
  [DEBUG] Predictions shape after concat: (200,)
  Pred std: 0.016644, range: 0.081441, mean: 0.073620
  Pos: 100.0%, Neg: 0.0%, Unique: 200
  Dir Acc: 48.00%, Pred Sharpe: 70.2147
  Composite: 0.3552 (dist_match: 0.4800, actual_pos: 48.0%, pred_pos: 100.0%)
  Collapse penalty: 0.000000 (threshold: 0.005000)
  Saved validation predictions to: experiments/12c_h1_rolling/macro_heavy_daily_h1_h18/fold_2016/collapse_monitoring/val_predictions_epoch36.npy
  Gradient norms:
    lstm_encoder: 0.013286
    lstm_decoder: 0.006203
    output_layer: 0.109850
  VSN output std:
    encoder: 0.185445
  Attention entropy: 2.926917
  Saved to: experiments/12c_h1_rolling/macro_heavy_daily_h1_h18/fold_2016/collapse_monitoring/collapse_monitor_latest.json
[DEBUG CollapseMonitor] on_validation_epoch_start called for epoch 37
[DEBUG CollapseMonitor] reset_temporal_state() called on loss function
Epoch 37: val_loss=0.38308948278427124
Epoch 37: train_loss=0.4663819670677185

[CollapseMonitor] Epoch 37
  [DEBUG] Processed 4 batches from val_dataloader
  [DEBUG] Predictions shape after concat: (200,)
  Pred std: 0.018939, range: 0.088618, mean: 0.062086
  Pos: 100.0%, Neg: 0.0%, Unique: 199
  Dir Acc: 48.00%, Pred Sharpe: 52.0409
  Composite: 0.3552 (dist_match: 0.4800, actual_pos: 48.0%, pred_pos: 100.0%)
  Collapse penalty: 0.000000 (threshold: 0.005000)
  Saved validation predictions to: experiments/12c_h1_rolling/macro_heavy_daily_h1_h18/fold_2016/collapse_monitoring/val_predictions_epoch37.npy
  Gradient norms:
    lstm_encoder: 0.014280
    lstm_decoder: 0.006271
    output_layer: 0.111849
  VSN output std:
    encoder: 0.190150
  Attention entropy: 2.927409
  Saved to: experiments/12c_h1_rolling/macro_heavy_daily_h1_h18/fold_2016/collapse_monitoring/collapse_monitor_latest.json
[DEBUG CollapseMonitor] on_validation_epoch_start called for epoch 38
[DEBUG CollapseMonitor] reset_temporal_state() called on loss function
Epoch 38: val_loss=0.3827822208404541
Epoch 38: train_loss=0.46520623564720154

[CollapseMonitor] Epoch 38
  [DEBUG] Processed 4 batches from val_dataloader
  [DEBUG] Predictions shape after concat: (200,)
  Pred std: 0.017164, range: 0.101850, mean: 0.099048
  Pos: 100.0%, Neg: 0.0%, Unique: 200
  Dir Acc: 48.00%, Pred Sharpe: 91.6066
  Composite: 0.3552 (dist_match: 0.4800, actual_pos: 48.0%, pred_pos: 100.0%)
  Collapse penalty: 0.000000 (threshold: 0.005000)
  Saved validation predictions to: experiments/12c_h1_rolling/macro_heavy_daily_h1_h18/fold_2016/collapse_monitoring/val_predictions_epoch38.npy
  Gradient norms:
    lstm_encoder: 0.013305
    lstm_decoder: 0.005676
    output_layer: 0.108056
  VSN output std:
    encoder: 0.195218
  Attention entropy: 2.920560
  Saved to: experiments/12c_h1_rolling/macro_heavy_daily_h1_h18/fold_2016/collapse_monitoring/collapse_monitor_latest.json
[DEBUG CollapseMonitor] on_validation_epoch_start called for epoch 39
[DEBUG CollapseMonitor] reset_temporal_state() called on loss function
Epoch 39: val_loss=0.38134443759918213
Epoch 39: train_loss=0.46391353011131287

[CollapseMonitor] Epoch 39
  [DEBUG] Processed 4 batches from val_dataloader
  [DEBUG] Predictions shape after concat: (200,)
  Pred std: 0.021294, range: 0.099908, mean: 0.073433
  Pos: 100.0%, Neg: 0.0%, Unique: 199
  Dir Acc: 48.00%, Pred Sharpe: 54.7430
  Composite: 0.3552 (dist_match: 0.4800, actual_pos: 48.0%, pred_pos: 100.0%)
  Collapse penalty: 0.000000 (threshold: 0.005000)
  Saved validation predictions to: experiments/12c_h1_rolling/macro_heavy_daily_h1_h18/fold_2016/collapse_monitoring/val_predictions_epoch39.npy
  Gradient norms:
    lstm_encoder: 0.015772
    lstm_decoder: 0.006786
    output_layer: 0.101086
  VSN output std:
    encoder: 0.196295
  Attention entropy: 2.911715
  Saved to: experiments/12c_h1_rolling/macro_heavy_daily_h1_h18/fold_2016/collapse_monitoring/collapse_monitor_latest.json
[DEBUG CollapseMonitor] on_validation_epoch_start called for epoch 40
[DEBUG CollapseMonitor] reset_temporal_state() called on loss function
Epoch 40: val_loss=0.3819708526134491
Epoch 40: train_loss=0.46350258588790894

[CollapseMonitor] Epoch 40
  [DEBUG] Processed 4 batches from val_dataloader
  [DEBUG] Predictions shape after concat: (200,)
  Pred std: 0.023281, range: 0.106166, mean: 0.052725
  Pos: 100.0%, Neg: 0.0%, Unique: 200
  Dir Acc: 48.00%, Pred Sharpe: 35.9519
  Composite: 0.3552 (dist_match: 0.4800, actual_pos: 48.0%, pred_pos: 100.0%)
  Collapse penalty: 0.000000 (threshold: 0.005000)
  Saved validation predictions to: experiments/12c_h1_rolling/macro_heavy_daily_h1_h18/fold_2016/collapse_monitoring/val_predictions_epoch40.npy
  Gradient norms:
    lstm_encoder: 0.020593
    lstm_decoder: 0.008269
    output_layer: 0.125348
  VSN output std:
    encoder: 0.202402
  Attention entropy: 2.906496
  Saved to: experiments/12c_h1_rolling/macro_heavy_daily_h1_h18/fold_2016/collapse_monitoring/collapse_monitor_latest.json
[DEBUG CollapseMonitor] on_validation_epoch_start called for epoch 41
[DEBUG CollapseMonitor] reset_temporal_state() called on loss function
Epoch 41: val_loss=0.3804100751876831
Epoch 41: train_loss=0.4613743722438812

[CollapseMonitor] Epoch 41
  [DEBUG] Processed 4 batches from val_dataloader
  [DEBUG] Predictions shape after concat: (200,)
  Pred std: 0.018654, range: 0.106397, mean: 0.075449
  Pos: 100.0%, Neg: 0.0%, Unique: 200
  Dir Acc: 48.00%, Pred Sharpe: 64.2050
  Composite: 0.3552 (dist_match: 0.4800, actual_pos: 48.0%, pred_pos: 100.0%)
  Collapse penalty: 0.000000 (threshold: 0.005000)
  Saved validation predictions to: experiments/12c_h1_rolling/macro_heavy_daily_h1_h18/fold_2016/collapse_monitoring/val_predictions_epoch41.npy
  Gradient norms:
    lstm_encoder: 0.018054
    lstm_decoder: 0.007207
    output_layer: 0.115419
  VSN output std:
    encoder: 0.205641
  Attention entropy: 2.900500
  Saved to: experiments/12c_h1_rolling/macro_heavy_daily_h1_h18/fold_2016/collapse_monitoring/collapse_monitor_latest.json
[DEBUG CollapseMonitor] on_validation_epoch_start called for epoch 42
[DEBUG CollapseMonitor] reset_temporal_state() called on loss function
Epoch 42: val_loss=0.3804575204849243
Epoch 42: train_loss=0.4625372588634491

[CollapseMonitor] Epoch 42
  [DEBUG] Processed 4 batches from val_dataloader
  [DEBUG] Predictions shape after concat: (200,)
  Pred std: 0.020758, range: 0.102940, mean: 0.061250
  Pos: 100.0%, Neg: 0.0%, Unique: 200
  Dir Acc: 48.00%, Pred Sharpe: 46.8410
  Composite: 0.3552 (dist_match: 0.4800, actual_pos: 48.0%, pred_pos: 100.0%)
  Collapse penalty: 0.000000 (threshold: 0.005000)
  Saved validation predictions to: experiments/12c_h1_rolling/macro_heavy_daily_h1_h18/fold_2016/collapse_monitoring/val_predictions_epoch42.npy
  Gradient norms:
    lstm_encoder: 0.019984
    lstm_decoder: 0.007437
    output_layer: 0.110718
  VSN output std:
    encoder: 0.206067
  Attention entropy: 2.902535
  Saved to: experiments/12c_h1_rolling/macro_heavy_daily_h1_h18/fold_2016/collapse_monitoring/collapse_monitor_latest.json
[DEBUG CollapseMonitor] on_validation_epoch_start called for epoch 43
[DEBUG CollapseMonitor] reset_temporal_state() called on loss function
Epoch 43: val_loss=0.37876635789871216
Epoch 43: train_loss=0.45971354842185974

[CollapseMonitor] Epoch 43
  [DEBUG] Processed 4 batches from val_dataloader
  [DEBUG] Predictions shape after concat: (200,)
  Pred std: 0.020284, range: 0.114828, mean: 0.057353
  Pos: 100.0%, Neg: 0.0%, Unique: 200
  Dir Acc: 48.00%, Pred Sharpe: 44.8845
  Composite: 0.3552 (dist_match: 0.4800, actual_pos: 48.0%, pred_pos: 100.0%)
  Collapse penalty: 0.000000 (threshold: 0.005000)
  Saved validation predictions to: experiments/12c_h1_rolling/macro_heavy_daily_h1_h18/fold_2016/collapse_monitoring/val_predictions_epoch43.npy
  Gradient norms:
    lstm_encoder: 0.024420
    lstm_decoder: 0.008321
    output_layer: 0.113824
  VSN output std:
    encoder: 0.210318
  Attention entropy: 2.895840
  Saved to: experiments/12c_h1_rolling/macro_heavy_daily_h1_h18/fold_2016/collapse_monitoring/collapse_monitor_latest.json
[DEBUG CollapseMonitor] on_validation_epoch_start called for epoch 44
[DEBUG CollapseMonitor] reset_temporal_state() called on loss function
Epoch 44: val_loss=0.37883198261260986
Epoch 44: train_loss=0.45679277181625366

[CollapseMonitor] Epoch 44
  [DEBUG] Processed 4 batches from val_dataloader
  [DEBUG] Predictions shape after concat: (200,)
  Pred std: 0.021114, range: 0.117775, mean: 0.050783
  Pos: 100.0%, Neg: 0.0%, Unique: 200
  Dir Acc: 48.00%, Pred Sharpe: 38.1804
  Composite: 0.3552 (dist_match: 0.4800, actual_pos: 48.0%, pred_pos: 100.0%)
  Collapse penalty: 0.000000 (threshold: 0.005000)
  Saved validation predictions to: experiments/12c_h1_rolling/macro_heavy_daily_h1_h18/fold_2016/collapse_monitoring/val_predictions_epoch44.npy
  Gradient norms:
    lstm_encoder: 0.028444
    lstm_decoder: 0.009716
    output_layer: 0.121259
  VSN output std:
    encoder: 0.212774
  Attention entropy: 2.889208
  Saved to: experiments/12c_h1_rolling/macro_heavy_daily_h1_h18/fold_2016/collapse_monitoring/collapse_monitor_latest.json
[DEBUG CollapseMonitor] on_validation_epoch_start called for epoch 45
[DEBUG CollapseMonitor] reset_temporal_state() called on loss function
Epoch 45: val_loss=0.37827837467193604
Epoch 45: train_loss=0.45873647928237915

[CollapseMonitor] Epoch 45
  [DEBUG] Processed 4 batches from val_dataloader
  [DEBUG] Predictions shape after concat: (200,)
  Pred std: 0.021889, range: 0.120169, mean: 0.104817
  Pos: 100.0%, Neg: 0.0%, Unique: 200
  Dir Acc: 48.00%, Pred Sharpe: 76.0162
  Composite: 0.3552 (dist_match: 0.4800, actual_pos: 48.0%, pred_pos: 100.0%)
  Collapse penalty: 0.000000 (threshold: 0.005000)
  Saved validation predictions to: experiments/12c_h1_rolling/macro_heavy_daily_h1_h18/fold_2016/collapse_monitoring/val_predictions_epoch45.npy
  Gradient norms:
    lstm_encoder: 0.028893
    lstm_decoder: 0.008822
    output_layer: 0.117357
  VSN output std:
    encoder: 0.214765
  Attention entropy: 2.881064
  Saved to: experiments/12c_h1_rolling/macro_heavy_daily_h1_h18/fold_2016/collapse_monitoring/collapse_monitor_latest.json
[DEBUG CollapseMonitor] on_validation_epoch_start called for epoch 46
[DEBUG CollapseMonitor] reset_temporal_state() called on loss function
Epoch 46: val_loss=0.37772732973098755
Epoch 46: train_loss=0.45737192034721375

[CollapseMonitor] Epoch 46
  [DEBUG] Processed 4 batches from val_dataloader
  [DEBUG] Predictions shape after concat: (200,)
  Pred std: 0.024621, range: 0.121187, mean: 0.069530
  Pos: 100.0%, Neg: 0.0%, Unique: 199
  Dir Acc: 48.00%, Pred Sharpe: 44.8295
  Composite: 0.3552 (dist_match: 0.4800, actual_pos: 48.0%, pred_pos: 100.0%)
  Collapse penalty: 0.000000 (threshold: 0.005000)
  Saved validation predictions to: experiments/12c_h1_rolling/macro_heavy_daily_h1_h18/fold_2016/collapse_monitoring/val_predictions_epoch46.npy
  Gradient norms:
    lstm_encoder: 0.027196
    lstm_decoder: 0.008608
    output_layer: 0.104534
  VSN output std:
    encoder: 0.214279
  Attention entropy: 2.883633
  Saved to: experiments/12c_h1_rolling/macro_heavy_daily_h1_h18/fold_2016/collapse_monitoring/collapse_monitor_latest.json
[DEBUG CollapseMonitor] on_validation_epoch_start called for epoch 47
[DEBUG CollapseMonitor] reset_temporal_state() called on loss function
Epoch 47: val_loss=0.37684959173202515
Epoch 47: train_loss=0.45787107944488525

[CollapseMonitor] Epoch 47
  [DEBUG] Processed 4 batches from val_dataloader
  [DEBUG] Predictions shape after concat: (200,)
  Pred std: 0.021949, range: 0.112148, mean: 0.106694
  Pos: 100.0%, Neg: 0.0%, Unique: 200
  Dir Acc: 48.00%, Pred Sharpe: 77.1651
  Composite: 0.3552 (dist_match: 0.4800, actual_pos: 48.0%, pred_pos: 100.0%)
  Collapse penalty: 0.000000 (threshold: 0.005000)
  Saved validation predictions to: experiments/12c_h1_rolling/macro_heavy_daily_h1_h18/fold_2016/collapse_monitoring/val_predictions_epoch47.npy
  Gradient norms:
    lstm_encoder: 0.024520
    lstm_decoder: 0.008006
    output_layer: 0.109044
  VSN output std:
    encoder: 0.212851
  Attention entropy: 2.872549
  Saved to: experiments/12c_h1_rolling/macro_heavy_daily_h1_h18/fold_2016/collapse_monitoring/collapse_monitor_latest.json
[DEBUG CollapseMonitor] on_validation_epoch_start called for epoch 48
[DEBUG CollapseMonitor] reset_temporal_state() called on loss function
Epoch 48: val_loss=0.37679314613342285
Epoch 48: train_loss=0.4557402729988098

[CollapseMonitor] Epoch 48
  [DEBUG] Processed 4 batches from val_dataloader
  [DEBUG] Predictions shape after concat: (200,)
  Pred std: 0.022867, range: 0.123485, mean: 0.082006
  Pos: 100.0%, Neg: 0.0%, Unique: 199
  Dir Acc: 48.00%, Pred Sharpe: 56.9308
  Composite: 0.3552 (dist_match: 0.4800, actual_pos: 48.0%, pred_pos: 100.0%)
  Collapse penalty: 0.000000 (threshold: 0.005000)
  Saved validation predictions to: experiments/12c_h1_rolling/macro_heavy_daily_h1_h18/fold_2016/collapse_monitoring/val_predictions_epoch48.npy
  Gradient norms:
    lstm_encoder: 0.034001
    lstm_decoder: 0.010068
    output_layer: 0.110456
  VSN output std:
    encoder: 0.216168
  Attention entropy: 2.871324
  Saved to: experiments/12c_h1_rolling/macro_heavy_daily_h1_h18/fold_2016/collapse_monitoring/collapse_monitor_latest.json
[DEBUG CollapseMonitor] on_validation_epoch_start called for epoch 49
[DEBUG CollapseMonitor] reset_temporal_state() called on loss function
Epoch 49: val_loss=0.37633419036865234
Epoch 49: train_loss=0.45687001943588257

[CollapseMonitor] Epoch 49
  [DEBUG] Processed 4 batches from val_dataloader
  [DEBUG] Predictions shape after concat: (200,)
  Pred std: 0.023256, range: 0.121285, mean: 0.091506
  Pos: 100.0%, Neg: 0.0%, Unique: 200
  Dir Acc: 48.00%, Pred Sharpe: 62.4617
  Composite: 0.3552 (dist_match: 0.4800, actual_pos: 48.0%, pred_pos: 100.0%)
  Collapse penalty: 0.000000 (threshold: 0.005000)
  Saved validation predictions to: experiments/12c_h1_rolling/macro_heavy_daily_h1_h18/fold_2016/collapse_monitoring/val_predictions_epoch49.npy
  Gradient norms:
    lstm_encoder: 0.030204
    lstm_decoder: 0.008591
    output_layer: 0.109441
  VSN output std:
    encoder: 0.217638
  Attention entropy: 2.866308
  Saved to: experiments/12c_h1_rolling/macro_heavy_daily_h1_h18/fold_2016/collapse_monitoring/collapse_monitor_latest.json
[DEBUG CollapseMonitor] on_validation_epoch_start called for epoch 50
[DEBUG CollapseMonitor] reset_temporal_state() called on loss function
Epoch 50: val_loss=0.376438170671463
Epoch 50: train_loss=0.45506396889686584

[CollapseMonitor] Epoch 50
  [DEBUG] Processed 4 batches from val_dataloader
  [DEBUG] Predictions shape after concat: (200,)
  Pred std: 0.024304, range: 0.131871, mean: 0.057660
  Pos: 100.0%, Neg: 0.0%, Unique: 200
  Dir Acc: 48.00%, Pred Sharpe: 37.6614
  Composite: 0.3552 (dist_match: 0.4800, actual_pos: 48.0%, pred_pos: 100.0%)
  Collapse penalty: 0.000000 (threshold: 0.005000)
  Saved validation predictions to: experiments/12c_h1_rolling/macro_heavy_daily_h1_h18/fold_2016/collapse_monitoring/val_predictions_epoch50.npy
  Gradient norms:
    lstm_encoder: 0.031440
    lstm_decoder: 0.008294
    output_layer: 0.111940
  VSN output std:
    encoder: 0.217757
  Attention entropy: 2.870892
  Saved to: experiments/12c_h1_rolling/macro_heavy_daily_h1_h18/fold_2016/collapse_monitoring/collapse_monitor_latest.json
[DEBUG CollapseMonitor] on_validation_epoch_start called for epoch 51
[DEBUG CollapseMonitor] reset_temporal_state() called on loss function
Epoch 51: val_loss=0.37586575746536255
Epoch 51: train_loss=0.4563642740249634

[CollapseMonitor] Epoch 51
  [DEBUG] Processed 4 batches from val_dataloader
  [DEBUG] Predictions shape after concat: (200,)
  Pred std: 0.023544, range: 0.125939, mean: 0.091375
  Pos: 100.0%, Neg: 0.0%, Unique: 200
  Dir Acc: 48.00%, Pred Sharpe: 61.6095
  Composite: 0.3552 (dist_match: 0.4800, actual_pos: 48.0%, pred_pos: 100.0%)
  Collapse penalty: 0.000000 (threshold: 0.005000)
  Saved validation predictions to: experiments/12c_h1_rolling/macro_heavy_daily_h1_h18/fold_2016/collapse_monitoring/val_predictions_epoch51.npy
  Gradient norms:
    lstm_encoder: 0.034911
    lstm_decoder: 0.009139
    output_layer: 0.107371
  VSN output std:
    encoder: 0.217619
  Attention entropy: 2.863795
  Saved to: experiments/12c_h1_rolling/macro_heavy_daily_h1_h18/fold_2016/collapse_monitoring/collapse_monitor_latest.json
[DEBUG CollapseMonitor] on_validation_epoch_start called for epoch 52
[DEBUG CollapseMonitor] reset_temporal_state() called on loss function
Epoch 52: val_loss=0.37608790397644043
Epoch 52: train_loss=0.4551035165786743

[CollapseMonitor] Epoch 52
  [DEBUG] Processed 4 batches from val_dataloader
  [DEBUG] Predictions shape after concat: (200,)
  Pred std: 0.023881, range: 0.128012, mean: 0.103664
  Pos: 100.0%, Neg: 0.0%, Unique: 200
  Dir Acc: 48.00%, Pred Sharpe: 68.9095
  Composite: 0.3552 (dist_match: 0.4800, actual_pos: 48.0%, pred_pos: 100.0%)
  Collapse penalty: 0.000000 (threshold: 0.005000)
  Saved validation predictions to: experiments/12c_h1_rolling/macro_heavy_daily_h1_h18/fold_2016/collapse_monitoring/val_predictions_epoch52.npy
  Gradient norms:
    lstm_encoder: 0.039969
    lstm_decoder: 0.009781
    output_layer: 0.117363
  VSN output std:
    encoder: 0.216098
  Attention entropy: 2.854624
  Saved to: experiments/12c_h1_rolling/macro_heavy_daily_h1_h18/fold_2016/collapse_monitoring/collapse_monitor_latest.json
[DEBUG CollapseMonitor] on_validation_epoch_start called for epoch 53
[DEBUG CollapseMonitor] reset_temporal_state() called on loss function
Epoch 53: val_loss=0.37568509578704834
Epoch 53: train_loss=0.4537254273891449

[CollapseMonitor] Epoch 53
  [DEBUG] Processed 4 batches from val_dataloader
  [DEBUG] Predictions shape after concat: (200,)
  Pred std: 0.022059, range: 0.123113, mean: 0.076150
  Pos: 100.0%, Neg: 0.0%, Unique: 200
  Dir Acc: 48.00%, Pred Sharpe: 54.7998
  Composite: 0.3552 (dist_match: 0.4800, actual_pos: 48.0%, pred_pos: 100.0%)
  Collapse penalty: 0.000000 (threshold: 0.005000)
  Saved validation predictions to: experiments/12c_h1_rolling/macro_heavy_daily_h1_h18/fold_2016/collapse_monitoring/val_predictions_epoch53.npy
  Gradient norms:
    lstm_encoder: 0.040014
    lstm_decoder: 0.010357
    output_layer: 0.117171
  VSN output std:
    encoder: 0.215379
  Attention entropy: 2.862744
  Saved to: experiments/12c_h1_rolling/macro_heavy_daily_h1_h18/fold_2016/collapse_monitoring/collapse_monitor_latest.json
[DEBUG CollapseMonitor] on_validation_epoch_start called for epoch 54
[DEBUG CollapseMonitor] reset_temporal_state() called on loss function
Epoch 54: val_loss=0.3757774829864502
Epoch 54: train_loss=0.4550149440765381

[CollapseMonitor] Epoch 54
  [DEBUG] Processed 4 batches from val_dataloader
  [DEBUG] Predictions shape after concat: (200,)
  Pred std: 0.021437, range: 0.118009, mean: 0.086280
  Pos: 100.0%, Neg: 0.0%, Unique: 200
  Dir Acc: 48.00%, Pred Sharpe: 63.8919
  Composite: 0.3552 (dist_match: 0.4800, actual_pos: 48.0%, pred_pos: 100.0%)
  Collapse penalty: 0.000000 (threshold: 0.005000)
  Saved validation predictions to: experiments/12c_h1_rolling/macro_heavy_daily_h1_h18/fold_2016/collapse_monitoring/val_predictions_epoch54.npy
  Gradient norms:
    lstm_encoder: 0.041303
    lstm_decoder: 0.010626
    output_layer: 0.116090
  VSN output std:
    encoder: 0.213322
  Attention entropy: 2.857960
  Saved to: experiments/12c_h1_rolling/macro_heavy_daily_h1_h18/fold_2016/collapse_monitoring/collapse_monitor_latest.json
[DEBUG CollapseMonitor] on_validation_epoch_start called for epoch 55
[DEBUG CollapseMonitor] reset_temporal_state() called on loss function
Epoch 55: val_loss=0.3760612905025482
Epoch 55: train_loss=0.45356595516204834

[CollapseMonitor] Epoch 55
  [DEBUG] Processed 4 batches from val_dataloader
  [DEBUG] Predictions shape after concat: (200,)
  Pred std: 0.021933, range: 0.117449, mean: 0.068905
  Pos: 100.0%, Neg: 0.0%, Unique: 200
  Dir Acc: 48.00%, Pred Sharpe: 49.8726
  Composite: 0.3552 (dist_match: 0.4800, actual_pos: 48.0%, pred_pos: 100.0%)
  Collapse penalty: 0.000000 (threshold: 0.005000)
  Saved validation predictions to: experiments/12c_h1_rolling/macro_heavy_daily_h1_h18/fold_2016/collapse_monitoring/val_predictions_epoch55.npy
  Gradient norms:
    lstm_encoder: 0.039398
    lstm_decoder: 0.009682
    output_layer: 0.109444
  VSN output std:
    encoder: 0.211152
  Attention entropy: 2.858909
  Saved to: experiments/12c_h1_rolling/macro_heavy_daily_h1_h18/fold_2016/collapse_monitoring/collapse_monitor_latest.json
[DEBUG CollapseMonitor] on_validation_epoch_start called for epoch 56
[DEBUG CollapseMonitor] reset_temporal_state() called on loss function
Epoch 56: val_loss=0.3752199411392212
Epoch 56: train_loss=0.4539449214935303

[CollapseMonitor] Epoch 56
  [DEBUG] Processed 4 batches from val_dataloader
  [DEBUG] Predictions shape after concat: (200,)
  Pred std: 0.021056, range: 0.117508, mean: 0.089820
  Pos: 100.0%, Neg: 0.0%, Unique: 199
  Dir Acc: 48.00%, Pred Sharpe: 67.7183
  Composite: 0.3552 (dist_match: 0.4800, actual_pos: 48.0%, pred_pos: 100.0%)
  Collapse penalty: 0.000000 (threshold: 0.005000)
  Saved validation predictions to: experiments/12c_h1_rolling/macro_heavy_daily_h1_h18/fold_2016/collapse_monitoring/val_predictions_epoch56.npy
  Gradient norms:
    lstm_encoder: 0.041226
    lstm_decoder: 0.010801
    output_layer: 0.109991
  VSN output std:
    encoder: 0.210946
  Attention entropy: 2.853449
  Saved to: experiments/12c_h1_rolling/macro_heavy_daily_h1_h18/fold_2016/collapse_monitoring/collapse_monitor_latest.json
[DEBUG CollapseMonitor] on_validation_epoch_start called for epoch 57
[DEBUG CollapseMonitor] reset_temporal_state() called on loss function
Epoch 57: val_loss=0.37456774711608887
Epoch 57: train_loss=0.4538879990577698

[CollapseMonitor] Epoch 57
  [DEBUG] Processed 4 batches from val_dataloader
  [DEBUG] Predictions shape after concat: (200,)
  Pred std: 0.025085, range: 0.128675, mean: 0.071800
  Pos: 100.0%, Neg: 0.0%, Unique: 197
  Dir Acc: 48.00%, Pred Sharpe: 45.4366
  Composite: 0.3552 (dist_match: 0.4800, actual_pos: 48.0%, pred_pos: 100.0%)
  Collapse penalty: 0.000000 (threshold: 0.005000)
  Saved validation predictions to: experiments/12c_h1_rolling/macro_heavy_daily_h1_h18/fold_2016/collapse_monitoring/val_predictions_epoch57.npy
  Gradient norms:
    lstm_encoder: 0.039912
    lstm_decoder: 0.009933
    output_layer: 0.109394
  VSN output std:
    encoder: 0.215171
  Attention entropy: 2.850572
  Saved to: experiments/12c_h1_rolling/macro_heavy_daily_h1_h18/fold_2016/collapse_monitoring/collapse_monitor_latest.json
[DEBUG CollapseMonitor] on_validation_epoch_start called for epoch 58
[DEBUG CollapseMonitor] reset_temporal_state() called on loss function
Epoch 58: val_loss=0.37462955713272095
Epoch 58: train_loss=0.44968172907829285

[CollapseMonitor] Epoch 58
  [DEBUG] Processed 4 batches from val_dataloader
  [DEBUG] Predictions shape after concat: (200,)
  Pred std: 0.022494, range: 0.122175, mean: 0.086253
  Pos: 100.0%, Neg: 0.0%, Unique: 198
  Dir Acc: 48.00%, Pred Sharpe: 60.8713
  Composite: 0.3552 (dist_match: 0.4800, actual_pos: 48.0%, pred_pos: 100.0%)
  Collapse penalty: 0.000000 (threshold: 0.005000)
  Saved validation predictions to: experiments/12c_h1_rolling/macro_heavy_daily_h1_h18/fold_2016/collapse_monitoring/val_predictions_epoch58.npy
  Gradient norms:
    lstm_encoder: 0.042889
    lstm_decoder: 0.010201
    output_layer: 0.107881
  VSN output std:
    encoder: 0.215796
  Attention entropy: 2.841512
  Saved to: experiments/12c_h1_rolling/macro_heavy_daily_h1_h18/fold_2016/collapse_monitoring/collapse_monitor_latest.json
[DEBUG CollapseMonitor] on_validation_epoch_start called for epoch 59
[DEBUG CollapseMonitor] reset_temporal_state() called on loss function
Epoch 59: val_loss=0.37458857893943787
Epoch 59: train_loss=0.4528987407684326

[CollapseMonitor] Epoch 59
  [DEBUG] Processed 4 batches from val_dataloader
  [DEBUG] Predictions shape after concat: (200,)
  Pred std: 0.024907, range: 0.132315, mean: 0.068360
  Pos: 100.0%, Neg: 0.0%, Unique: 200
  Dir Acc: 48.00%, Pred Sharpe: 43.5694
  Composite: 0.3552 (dist_match: 0.4800, actual_pos: 48.0%, pred_pos: 100.0%)
  Collapse penalty: 0.000000 (threshold: 0.005000)
  Saved validation predictions to: experiments/12c_h1_rolling/macro_heavy_daily_h1_h18/fold_2016/collapse_monitoring/val_predictions_epoch59.npy
  Gradient norms:
    lstm_encoder: 0.049166
    lstm_decoder: 0.011692
    output_layer: 0.129017
  VSN output std:
    encoder: 0.216466
  Attention entropy: 2.841127
  Saved to: experiments/12c_h1_rolling/macro_heavy_daily_h1_h18/fold_2016/collapse_monitoring/collapse_monitor_latest.json
[DEBUG CollapseMonitor] on_validation_epoch_start called for epoch 60
[DEBUG CollapseMonitor] reset_temporal_state() called on loss function
Epoch 60: val_loss=0.3746876120567322
Epoch 60: train_loss=0.4544297754764557

[CollapseMonitor] Epoch 60
  [DEBUG] Processed 4 batches from val_dataloader
  [DEBUG] Predictions shape after concat: (200,)
  Pred std: 0.025495, range: 0.133983, mean: 0.084999
  Pos: 100.0%, Neg: 0.0%, Unique: 200
  Dir Acc: 48.00%, Pred Sharpe: 52.9254
  Composite: 0.3552 (dist_match: 0.4800, actual_pos: 48.0%, pred_pos: 100.0%)
  Collapse penalty: 0.000000 (threshold: 0.005000)
  Saved validation predictions to: experiments/12c_h1_rolling/macro_heavy_daily_h1_h18/fold_2016/collapse_monitoring/val_predictions_epoch60.npy
  Gradient norms:
    lstm_encoder: 0.043507
    lstm_decoder: 0.010151
    output_layer: 0.127989
  VSN output std:
    encoder: 0.218278
  Attention entropy: 2.838760
  Saved to: experiments/12c_h1_rolling/macro_heavy_daily_h1_h18/fold_2016/collapse_monitoring/collapse_monitor_latest.json
[DEBUG CollapseMonitor] on_validation_epoch_start called for epoch 61
[DEBUG CollapseMonitor] reset_temporal_state() called on loss function
Epoch 61: val_loss=0.3741264045238495
Epoch 61: train_loss=0.45197486877441406

[CollapseMonitor] Epoch 61
  [DEBUG] Processed 4 batches from val_dataloader
  [DEBUG] Predictions shape after concat: (200,)
  Pred std: 0.024789, range: 0.135681, mean: 0.091431
  Pos: 100.0%, Neg: 0.0%, Unique: 200
  Dir Acc: 48.00%, Pred Sharpe: 58.5515
  Composite: 0.3552 (dist_match: 0.4800, actual_pos: 48.0%, pred_pos: 100.0%)
  Collapse penalty: 0.000000 (threshold: 0.005000)
  Saved validation predictions to: experiments/12c_h1_rolling/macro_heavy_daily_h1_h18/fold_2016/collapse_monitoring/val_predictions_epoch61.npy
  Gradient norms:
    lstm_encoder: 0.048136
    lstm_decoder: 0.011399
    output_layer: 0.134523
  VSN output std:
    encoder: 0.217426
  Attention entropy: 2.833268
  Saved to: experiments/12c_h1_rolling/macro_heavy_daily_h1_h18/fold_2016/collapse_monitoring/collapse_monitor_latest.json
[DEBUG CollapseMonitor] on_validation_epoch_start called for epoch 62
[DEBUG CollapseMonitor] reset_temporal_state() called on loss function
Epoch 62: val_loss=0.3740476667881012
Epoch 62: train_loss=0.4508325159549713

[CollapseMonitor] Epoch 62
  [DEBUG] Processed 4 batches from val_dataloader
  [DEBUG] Predictions shape after concat: (200,)
  Pred std: 0.027807, range: 0.147472, mean: 0.079918
  Pos: 100.0%, Neg: 0.0%, Unique: 199
  Dir Acc: 48.00%, Pred Sharpe: 45.6238
  Composite: 0.3552 (dist_match: 0.4800, actual_pos: 48.0%, pred_pos: 100.0%)
  Collapse penalty: 0.000000 (threshold: 0.005000)
  Saved validation predictions to: experiments/12c_h1_rolling/macro_heavy_daily_h1_h18/fold_2016/collapse_monitoring/val_predictions_epoch62.npy
  Gradient norms:
    lstm_encoder: 0.049714
    lstm_decoder: 0.010799
    output_layer: 0.116256
  VSN output std:
    encoder: 0.217326
  Attention entropy: 2.834357
  Saved to: experiments/12c_h1_rolling/macro_heavy_daily_h1_h18/fold_2016/collapse_monitoring/collapse_monitor_latest.json
[DEBUG CollapseMonitor] on_validation_epoch_start called for epoch 63
[DEBUG CollapseMonitor] reset_temporal_state() called on loss function
Epoch 63: val_loss=0.37434402108192444
Epoch 63: train_loss=0.4521321654319763

[CollapseMonitor] Epoch 63
  [DEBUG] Processed 4 batches from val_dataloader
  [DEBUG] Predictions shape after concat: (200,)
  Pred std: 0.025259, range: 0.142195, mean: 0.086810
  Pos: 100.0%, Neg: 0.0%, Unique: 200
  Dir Acc: 48.00%, Pred Sharpe: 54.5575
  Composite: 0.3552 (dist_match: 0.4800, actual_pos: 48.0%, pred_pos: 100.0%)
  Collapse penalty: 0.000000 (threshold: 0.005000)
  Saved validation predictions to: experiments/12c_h1_rolling/macro_heavy_daily_h1_h18/fold_2016/collapse_monitoring/val_predictions_epoch63.npy
  Gradient norms:
    lstm_encoder: 0.043025
    lstm_decoder: 0.009659
    output_layer: 0.102460
  VSN output std:
    encoder: 0.215189
  Attention entropy: 2.832252
  Saved to: experiments/12c_h1_rolling/macro_heavy_daily_h1_h18/fold_2016/collapse_monitoring/collapse_monitor_latest.json
[DEBUG CollapseMonitor] on_validation_epoch_start called for epoch 64
[DEBUG CollapseMonitor] reset_temporal_state() called on loss function
Epoch 64: val_loss=0.37421154975891113
Epoch 64: train_loss=0.452649861574173

[CollapseMonitor] Epoch 64
  [DEBUG] Processed 4 batches from val_dataloader
  [DEBUG] Predictions shape after concat: (200,)
  Pred std: 0.024690, range: 0.137125, mean: 0.078179
  Pos: 100.0%, Neg: 0.0%, Unique: 200
  Dir Acc: 48.00%, Pred Sharpe: 50.2654
  Composite: 0.3552 (dist_match: 0.4800, actual_pos: 48.0%, pred_pos: 100.0%)
  Collapse penalty: 0.000000 (threshold: 0.005000)
  Saved validation predictions to: experiments/12c_h1_rolling/macro_heavy_daily_h1_h18/fold_2016/collapse_monitoring/val_predictions_epoch64.npy
  Gradient norms:
    lstm_encoder: 0.046003
    lstm_decoder: 0.010131
    output_layer: 0.115391
  VSN output std:
    encoder: 0.213948
  Attention entropy: 2.825847
  Saved to: experiments/12c_h1_rolling/macro_heavy_daily_h1_h18/fold_2016/collapse_monitoring/collapse_monitor_latest.json
[DEBUG CollapseMonitor] on_validation_epoch_start called for epoch 65
[DEBUG CollapseMonitor] reset_temporal_state() called on loss function
Epoch 65: val_loss=0.3751819133758545
Epoch 65: train_loss=0.452185720205307

[CollapseMonitor] Epoch 65
  [DEBUG] Processed 4 batches from val_dataloader
  [DEBUG] Predictions shape after concat: (200,)
  Pred std: 0.023145, range: 0.128719, mean: 0.094195
  Pos: 100.0%, Neg: 0.0%, Unique: 200
  Dir Acc: 48.00%, Pred Sharpe: 64.6062
  Composite: 0.3552 (dist_match: 0.4800, actual_pos: 48.0%, pred_pos: 100.0%)
  Collapse penalty: 0.000000 (threshold: 0.005000)
  Saved validation predictions to: experiments/12c_h1_rolling/macro_heavy_daily_h1_h18/fold_2016/collapse_monitoring/val_predictions_epoch65.npy
  Gradient norms:
    lstm_encoder: 0.041088
    lstm_decoder: 0.009477
    output_layer: 0.115965
  VSN output std:
    encoder: 0.215434
  Attention entropy: 2.828787
  Saved to: experiments/12c_h1_rolling/macro_heavy_daily_h1_h18/fold_2016/collapse_monitoring/collapse_monitor_latest.json
[DEBUG CollapseMonitor] on_validation_epoch_start called for epoch 66
[DEBUG CollapseMonitor] reset_temporal_state() called on loss function
Epoch 66: val_loss=0.3747798800468445
Epoch 66: train_loss=0.4520406723022461

[CollapseMonitor] Epoch 66
  [DEBUG] Processed 4 batches from val_dataloader
  [DEBUG] Predictions shape after concat: (200,)
  Pred std: 0.022646, range: 0.129422, mean: 0.088592
  Pos: 100.0%, Neg: 0.0%, Unique: 199
  Dir Acc: 48.00%, Pred Sharpe: 62.1017
  Composite: 0.3552 (dist_match: 0.4800, actual_pos: 48.0%, pred_pos: 100.0%)
  Collapse penalty: 0.000000 (threshold: 0.005000)
  Saved validation predictions to: experiments/12c_h1_rolling/macro_heavy_daily_h1_h18/fold_2016/collapse_monitoring/val_predictions_epoch66.npy
  Gradient norms:
    lstm_encoder: 0.047368
    lstm_decoder: 0.011458
    output_layer: 0.132619
  VSN output std:
    encoder: 0.215147
  Attention entropy: 2.826228
  Saved to: experiments/12c_h1_rolling/macro_heavy_daily_h1_h18/fold_2016/collapse_monitoring/collapse_monitor_latest.json
[DEBUG CollapseMonitor] on_validation_epoch_start called for epoch 67
[DEBUG CollapseMonitor] reset_temporal_state() called on loss function
Epoch 67: val_loss=0.37520983815193176
Epoch 67: train_loss=0.4511812627315521

[CollapseMonitor] Epoch 67
  [DEBUG] Processed 4 batches from val_dataloader
  [DEBUG] Predictions shape after concat: (200,)
  Pred std: 0.026502, range: 0.149549, mean: 0.087305
  Pos: 100.0%, Neg: 0.0%, Unique: 200
  Dir Acc: 48.00%, Pred Sharpe: 52.2945
  Composite: 0.3552 (dist_match: 0.4800, actual_pos: 48.0%, pred_pos: 100.0%)
  Collapse penalty: 0.000000 (threshold: 0.005000)
  Saved validation predictions to: experiments/12c_h1_rolling/macro_heavy_daily_h1_h18/fold_2016/collapse_monitoring/val_predictions_epoch67.npy
  Gradient norms:
    lstm_encoder: 0.047579
    lstm_decoder: 0.010140
    output_layer: 0.110145
  VSN output std:
    encoder: 0.214532
  Attention entropy: 2.829713
  Saved to: experiments/12c_h1_rolling/macro_heavy_daily_h1_h18/fold_2016/collapse_monitoring/collapse_monitor_latest.json
[DEBUG CollapseMonitor] on_validation_epoch_start called for epoch 68
[DEBUG CollapseMonitor] reset_temporal_state() called on loss function
Epoch 68: val_loss=0.3756023347377777
Epoch 68: train_loss=0.4492647647857666

[CollapseMonitor] Epoch 68
  [DEBUG] Processed 4 batches from val_dataloader
  [DEBUG] Predictions shape after concat: (200,)
  Pred std: 0.025038, range: 0.143391, mean: 0.093474
  Pos: 100.0%, Neg: 0.0%, Unique: 200
  Dir Acc: 48.00%, Pred Sharpe: 59.2645
  Composite: 0.3552 (dist_match: 0.4800, actual_pos: 48.0%, pred_pos: 100.0%)
  Collapse penalty: 0.000000 (threshold: 0.005000)
  Saved validation predictions to: experiments/12c_h1_rolling/macro_heavy_daily_h1_h18/fold_2016/collapse_monitoring/val_predictions_epoch68.npy
  Gradient norms:
    lstm_encoder: 0.054779
    lstm_decoder: 0.011538
    output_layer: 0.113672
  VSN output std:
    encoder: 0.214748
  Attention entropy: 2.829734
  Saved to: experiments/12c_h1_rolling/macro_heavy_daily_h1_h18/fold_2016/collapse_monitoring/collapse_monitor_latest.json
[DEBUG CollapseMonitor] on_validation_epoch_start called for epoch 69
[DEBUG CollapseMonitor] reset_temporal_state() called on loss function
Epoch 69: val_loss=0.3746805489063263
Epoch 69: train_loss=0.45060935616493225

[CollapseMonitor] Epoch 69
  [DEBUG] Processed 4 batches from val_dataloader
  [DEBUG] Predictions shape after concat: (200,)
  Pred std: 0.026840, range: 0.158956, mean: 0.074281
  Pos: 100.0%, Neg: 0.0%, Unique: 199
  Dir Acc: 48.00%, Pred Sharpe: 43.9339
  Composite: 0.3552 (dist_match: 0.4800, actual_pos: 48.0%, pred_pos: 100.0%)
  Collapse penalty: 0.000000 (threshold: 0.005000)
  Saved validation predictions to: experiments/12c_h1_rolling/macro_heavy_daily_h1_h18/fold_2016/collapse_monitoring/val_predictions_epoch69.npy
  Gradient norms:
    lstm_encoder: 0.052816
    lstm_decoder: 0.011504
    output_layer: 0.117644
  VSN output std:
    encoder: 0.214910
  Attention entropy: 2.830314
  Saved to: experiments/12c_h1_rolling/macro_heavy_daily_h1_h18/fold_2016/collapse_monitoring/collapse_monitor_latest.json
[DEBUG CollapseMonitor] on_validation_epoch_start called for epoch 70
[DEBUG CollapseMonitor] reset_temporal_state() called on loss function
Epoch 70: val_loss=0.374841570854187
Epoch 70: train_loss=0.44989585876464844

[CollapseMonitor] Epoch 70
  [DEBUG] Processed 4 batches from val_dataloader
  [DEBUG] Predictions shape after concat: (200,)
  Pred std: 0.024748, range: 0.138571, mean: 0.079272
  Pos: 100.0%, Neg: 0.0%, Unique: 200
  Dir Acc: 48.00%, Pred Sharpe: 50.8487
  Composite: 0.3552 (dist_match: 0.4800, actual_pos: 48.0%, pred_pos: 100.0%)
  Collapse penalty: 0.000000 (threshold: 0.005000)
  Saved validation predictions to: experiments/12c_h1_rolling/macro_heavy_daily_h1_h18/fold_2016/collapse_monitoring/val_predictions_epoch70.npy
  Gradient norms:
    lstm_encoder: 0.041198
    lstm_decoder: 0.008891
    output_layer: 0.132600
  VSN output std:
    encoder: 0.215084
  Attention entropy: 2.822315
  Saved to: experiments/12c_h1_rolling/macro_heavy_daily_h1_h18/fold_2016/collapse_monitoring/collapse_monitor_latest.json
[DEBUG CollapseMonitor] on_validation_epoch_start called for epoch 71
[DEBUG CollapseMonitor] reset_temporal_state() called on loss function
Epoch 71: val_loss=0.37463584542274475
Epoch 71: train_loss=0.4515877366065979

[CollapseMonitor] Epoch 71
  [DEBUG] Processed 4 batches from val_dataloader
  [DEBUG] Predictions shape after concat: (200,)
  Pred std: 0.025536, range: 0.147942, mean: 0.070508
  Pos: 100.0%, Neg: 0.0%, Unique: 200
  Dir Acc: 48.00%, Pred Sharpe: 43.8319
  Composite: 0.3552 (dist_match: 0.4800, actual_pos: 48.0%, pred_pos: 100.0%)
  Collapse penalty: 0.000000 (threshold: 0.005000)
  Saved validation predictions to: experiments/12c_h1_rolling/macro_heavy_daily_h1_h18/fold_2016/collapse_monitoring/val_predictions_epoch71.npy
  Gradient norms:
    lstm_encoder: 0.045580
    lstm_decoder: 0.010942
    output_layer: 0.116498
  VSN output std:
    encoder: 0.215159
  Attention entropy: 2.821439
  Saved to: experiments/12c_h1_rolling/macro_heavy_daily_h1_h18/fold_2016/collapse_monitoring/collapse_monitor_latest.json
[DEBUG CollapseMonitor] on_validation_epoch_start called for epoch 72
[DEBUG CollapseMonitor] reset_temporal_state() called on loss function
Epoch 72: val_loss=0.3747454583644867
Epoch 72: train_loss=0.45129168033599854

[CollapseMonitor] Epoch 72
  [DEBUG] Processed 4 batches from val_dataloader
  [DEBUG] Predictions shape after concat: (200,)
  Pred std: 0.024940, range: 0.138247, mean: 0.088999
  Pos: 100.0%, Neg: 0.0%, Unique: 200
  Dir Acc: 48.00%, Pred Sharpe: 56.6496
  Composite: 0.3552 (dist_match: 0.4800, actual_pos: 48.0%, pred_pos: 100.0%)
  Collapse penalty: 0.000000 (threshold: 0.005000)
  Saved validation predictions to: experiments/12c_h1_rolling/macro_heavy_daily_h1_h18/fold_2016/collapse_monitoring/val_predictions_epoch72.npy
  Gradient norms:
    lstm_encoder: 0.055099
    lstm_decoder: 0.012079
    output_layer: 0.113146
  VSN output std:
    encoder: 0.215534
  Attention entropy: 2.824194
  Saved to: experiments/12c_h1_rolling/macro_heavy_daily_h1_h18/fold_2016/collapse_monitoring/collapse_monitor_latest.json
[DEBUG CollapseMonitor] on_validation_epoch_start called for epoch 73
[DEBUG CollapseMonitor] reset_temporal_state() called on loss function
Epoch 73: val_loss=0.37534308433532715
Epoch 73: train_loss=0.4496319890022278

[CollapseMonitor] Epoch 73
  [DEBUG] Processed 4 batches from val_dataloader
  [DEBUG] Predictions shape after concat: (200,)
  Pred std: 0.023390, range: 0.130168, mean: 0.087871
  Pos: 100.0%, Neg: 0.0%, Unique: 199
  Dir Acc: 48.00%, Pred Sharpe: 59.6369
  Composite: 0.3552 (dist_match: 0.4800, actual_pos: 48.0%, pred_pos: 100.0%)
  Collapse penalty: 0.000000 (threshold: 0.005000)
  Saved validation predictions to: experiments/12c_h1_rolling/macro_heavy_daily_h1_h18/fold_2016/collapse_monitoring/val_predictions_epoch73.npy
  Gradient norms:
    lstm_encoder: 0.047810
    lstm_decoder: 0.009489
    output_layer: 0.106431
  VSN output std:
    encoder: 0.215660
  Attention entropy: 2.824550
  Saved to: experiments/12c_h1_rolling/macro_heavy_daily_h1_h18/fold_2016/collapse_monitoring/collapse_monitor_latest.json
[DEBUG CollapseMonitor] on_validation_epoch_start called for epoch 74
[DEBUG CollapseMonitor] reset_temporal_state() called on loss function
Epoch 74: val_loss=0.37504813075065613
Epoch 74: train_loss=0.4462021291255951

[CollapseMonitor] Epoch 74
  [DEBUG] Processed 4 batches from val_dataloader
  [DEBUG] Predictions shape after concat: (200,)
  Pred std: 0.024273, range: 0.134875, mean: 0.080938
  Pos: 100.0%, Neg: 0.0%, Unique: 199
  Dir Acc: 48.00%, Pred Sharpe: 52.9324
  Composite: 0.3552 (dist_match: 0.4800, actual_pos: 48.0%, pred_pos: 100.0%)
  Collapse penalty: 0.000000 (threshold: 0.005000)
  Saved validation predictions to: experiments/12c_h1_rolling/macro_heavy_daily_h1_h18/fold_2016/collapse_monitoring/val_predictions_epoch74.npy
  Gradient norms:
    lstm_encoder: 0.049321
    lstm_decoder: 0.010348
    output_layer: 0.110199
  VSN output std:
    encoder: 0.216133
  Attention entropy: 2.826780
  Saved to: experiments/12c_h1_rolling/macro_heavy_daily_h1_h18/fold_2016/collapse_monitoring/collapse_monitor_latest.json
[DEBUG CollapseMonitor] on_validation_epoch_start called for epoch 75
[DEBUG CollapseMonitor] reset_temporal_state() called on loss function
Epoch 75: val_loss=0.37486162781715393
Epoch 75: train_loss=0.45071521401405334

[CollapseMonitor] Epoch 75
  [DEBUG] Processed 4 batches from val_dataloader
  [DEBUG] Predictions shape after concat: (200,)
  Pred std: 0.024038, range: 0.136319, mean: 0.087195
  Pos: 100.0%, Neg: 0.0%, Unique: 200
  Dir Acc: 48.00%, Pred Sharpe: 57.5820
  Composite: 0.3552 (dist_match: 0.4800, actual_pos: 48.0%, pred_pos: 100.0%)
  Collapse penalty: 0.000000 (threshold: 0.005000)
  Saved validation predictions to: experiments/12c_h1_rolling/macro_heavy_daily_h1_h18/fold_2016/collapse_monitoring/val_predictions_epoch75.npy
  Gradient norms:
    lstm_encoder: 0.054257
    lstm_decoder: 0.011751
    output_layer: 0.121332
  VSN output std:
    encoder: 0.215783
  Attention entropy: 2.821429
  Saved to: experiments/12c_h1_rolling/macro_heavy_daily_h1_h18/fold_2016/collapse_monitoring/collapse_monitor_latest.json
[DEBUG CollapseMonitor] on_validation_epoch_start called for epoch 76
[DEBUG CollapseMonitor] reset_temporal_state() called on loss function
Epoch 76: val_loss=0.37554123997688293
Epoch 76: train_loss=0.4488374888896942

[CollapseMonitor] Epoch 76
  [DEBUG] Processed 4 batches from val_dataloader
  [DEBUG] Predictions shape after concat: (200,)
  Pred std: 0.026096, range: 0.141206, mean: 0.075746
  Pos: 100.0%, Neg: 0.0%, Unique: 200
  Dir Acc: 48.00%, Pred Sharpe: 46.0777
  Composite: 0.3552 (dist_match: 0.4800, actual_pos: 48.0%, pred_pos: 100.0%)
  Collapse penalty: 0.000000 (threshold: 0.005000)
  Saved validation predictions to: experiments/12c_h1_rolling/macro_heavy_daily_h1_h18/fold_2016/collapse_monitoring/val_predictions_epoch76.npy
  Gradient norms:
    lstm_encoder: 0.051537
    lstm_decoder: 0.011281
    output_layer: 0.116560
  VSN output std:
    encoder: 0.214702
  Attention entropy: 2.827825
  Saved to: experiments/12c_h1_rolling/macro_heavy_daily_h1_h18/fold_2016/collapse_monitoring/collapse_monitor_latest.json
[DEBUG CollapseMonitor] on_validation_epoch_start called for epoch 77
[DEBUG CollapseMonitor] reset_temporal_state() called on loss function
Epoch 77: val_loss=0.3748389482498169
Epoch 77: train_loss=0.4510596990585327

[CollapseMonitor] Epoch 77
  [DEBUG] Processed 4 batches from val_dataloader
  [DEBUG] Predictions shape after concat: (200,)
  Pred std: 0.025419, range: 0.140287, mean: 0.090382
  Pos: 100.0%, Neg: 0.0%, Unique: 200
  Dir Acc: 48.00%, Pred Sharpe: 56.4455
  Composite: 0.3552 (dist_match: 0.4800, actual_pos: 48.0%, pred_pos: 100.0%)
  Collapse penalty: 0.000000 (threshold: 0.005000)
  Saved validation predictions to: experiments/12c_h1_rolling/macro_heavy_daily_h1_h18/fold_2016/collapse_monitoring/val_predictions_epoch77.npy
  Gradient norms:
    lstm_encoder: 0.050329
    lstm_decoder: 0.010407
    output_layer: 0.117283
  VSN output std:
    encoder: 0.214428
  Attention entropy: 2.822998
  Saved to: experiments/12c_h1_rolling/macro_heavy_daily_h1_h18/fold_2016/collapse_monitoring/collapse_monitor_latest.json
[DEBUG CollapseMonitor] on_validation_epoch_start called for epoch 78
[DEBUG CollapseMonitor] reset_temporal_state() called on loss function
Epoch 78: val_loss=0.3746681213378906
Epoch 78: train_loss=0.4491371214389801

[CollapseMonitor] Epoch 78
  [DEBUG] Processed 4 batches from val_dataloader
  [DEBUG] Predictions shape after concat: (200,)
  Pred std: 0.025542, range: 0.141753, mean: 0.091320
  Pos: 100.0%, Neg: 0.0%, Unique: 199
  Dir Acc: 48.00%, Pred Sharpe: 56.7546
  Composite: 0.3552 (dist_match: 0.4800, actual_pos: 48.0%, pred_pos: 100.0%)
  Collapse penalty: 0.000000 (threshold: 0.005000)
  Saved validation predictions to: experiments/12c_h1_rolling/macro_heavy_daily_h1_h18/fold_2016/collapse_monitoring/val_predictions_epoch78.npy
  Gradient norms:
    lstm_encoder: 0.054400
    lstm_decoder: 0.011350
    output_layer: 0.106490
  VSN output std:
    encoder: 0.214013
  Attention entropy: 2.823613
  Saved to: experiments/12c_h1_rolling/macro_heavy_daily_h1_h18/fold_2016/collapse_monitoring/collapse_monitor_latest.json
[DEBUG CollapseMonitor] on_validation_epoch_start called for epoch 79
[DEBUG CollapseMonitor] reset_temporal_state() called on loss function
Epoch 79: val_loss=0.3745152950286865
Epoch 79: train_loss=0.4497421085834503

[CollapseMonitor] Epoch 79
  [DEBUG] Processed 4 batches from val_dataloader
  [DEBUG] Predictions shape after concat: (200,)
  Pred std: 0.025306, range: 0.140731, mean: 0.083178
  Pos: 100.0%, Neg: 0.0%, Unique: 200
  Dir Acc: 48.00%, Pred Sharpe: 52.1786
  Composite: 0.3552 (dist_match: 0.4800, actual_pos: 48.0%, pred_pos: 100.0%)
  Collapse penalty: 0.000000 (threshold: 0.005000)
  Saved validation predictions to: experiments/12c_h1_rolling/macro_heavy_daily_h1_h18/fold_2016/collapse_monitoring/val_predictions_epoch79.npy
  Gradient norms:
    lstm_encoder: 0.047285
    lstm_decoder: 0.009927
    output_layer: 0.120242
  VSN output std:
    encoder: 0.213638
  Attention entropy: 2.824520
  Saved to: experiments/12c_h1_rolling/macro_heavy_daily_h1_h18/fold_2016/collapse_monitoring/collapse_monitor_latest.json
[DEBUG CollapseMonitor] on_validation_epoch_start called for epoch 80
[DEBUG CollapseMonitor] reset_temporal_state() called on loss function
Epoch 80: val_loss=0.374723881483078
Epoch 80: train_loss=0.44822654128074646

[CollapseMonitor] Epoch 80
  [DEBUG] Processed 4 batches from val_dataloader
  [DEBUG] Predictions shape after concat: (200,)
  Pred std: 0.025248, range: 0.140104, mean: 0.082839
  Pos: 100.0%, Neg: 0.0%, Unique: 200
  Dir Acc: 48.00%, Pred Sharpe: 52.0846
  Composite: 0.3552 (dist_match: 0.4800, actual_pos: 48.0%, pred_pos: 100.0%)
  Collapse penalty: 0.000000 (threshold: 0.005000)
  Saved validation predictions to: experiments/12c_h1_rolling/macro_heavy_daily_h1_h18/fold_2016/collapse_monitoring/val_predictions_epoch80.npy
  Gradient norms:
    lstm_encoder: 0.048694
    lstm_decoder: 0.010407
    output_layer: 0.118446
  VSN output std:
    encoder: 0.213636
  Attention entropy: 2.824172
  Saved to: experiments/12c_h1_rolling/macro_heavy_daily_h1_h18/fold_2016/collapse_monitoring/collapse_monitor_latest.json
[DEBUG CollapseMonitor] on_validation_epoch_start called for epoch 81
[DEBUG CollapseMonitor] reset_temporal_state() called on loss function
Epoch 81: val_loss=0.3747563660144806
Epoch 81: train_loss=0.4483310878276825

[CollapseMonitor] Epoch 81
  [DEBUG] Processed 4 batches from val_dataloader
  [DEBUG] Predictions shape after concat: (200,)
  Pred std: 0.025367, range: 0.139344, mean: 0.085738
  Pos: 100.0%, Neg: 0.0%, Unique: 200
  Dir Acc: 48.00%, Pred Sharpe: 53.6544
  Composite: 0.3552 (dist_match: 0.4800, actual_pos: 48.0%, pred_pos: 100.0%)
  Collapse penalty: 0.000000 (threshold: 0.005000)
  Saved validation predictions to: experiments/12c_h1_rolling/macro_heavy_daily_h1_h18/fold_2016/collapse_monitoring/val_predictions_epoch81.npy
  Gradient norms:
    lstm_encoder: 0.057096
    lstm_decoder: 0.010800
    output_layer: 0.111592
  VSN output std:
    encoder: 0.214050
  Attention entropy: 2.824334
  Saved to: experiments/12c_h1_rolling/macro_heavy_daily_h1_h18/fold_2016/collapse_monitoring/collapse_monitor_latest.json
[DEBUG CollapseMonitor] on_validation_epoch_start called for epoch 82
[DEBUG CollapseMonitor] reset_temporal_state() called on loss function
Epoch 82: val_loss=0.37484410405158997
Epoch 82: train_loss=0.4507391154766083

[CollapseMonitor] Epoch 82
  [DEBUG] Processed 4 batches from val_dataloader
  [DEBUG] Predictions shape after concat: (200,)
  Pred std: 0.025820, range: 0.140402, mean: 0.083533
  Pos: 100.0%, Neg: 0.0%, Unique: 200
  Dir Acc: 48.00%, Pred Sharpe: 51.3572
  Composite: 0.3552 (dist_match: 0.4800, actual_pos: 48.0%, pred_pos: 100.0%)
  Collapse penalty: 0.000000 (threshold: 0.005000)
  Saved validation predictions to: experiments/12c_h1_rolling/macro_heavy_daily_h1_h18/fold_2016/collapse_monitoring/val_predictions_epoch82.npy
  Gradient norms:
    lstm_encoder: 0.052419
    lstm_decoder: 0.010844
    output_layer: 0.111651
  VSN output std:
    encoder: 0.213702
  Attention entropy: 2.826000
  Saved to: experiments/12c_h1_rolling/macro_heavy_daily_h1_h18/fold_2016/collapse_monitoring/collapse_monitor_latest.json
[DEBUG CollapseMonitor] on_validation_epoch_start called for epoch 83
[DEBUG CollapseMonitor] reset_temporal_state() called on loss function
Epoch 83: val_loss=0.3745309114456177
Epoch 83: train_loss=0.4508003890514374

[CollapseMonitor] Epoch 83
  [DEBUG] Processed 4 batches from val_dataloader
  [DEBUG] Predictions shape after concat: (200,)
  Pred std: 0.025328, range: 0.138946, mean: 0.080148
  Pos: 100.0%, Neg: 0.0%, Unique: 200
  Dir Acc: 48.00%, Pred Sharpe: 50.2331
  Composite: 0.3552 (dist_match: 0.4800, actual_pos: 48.0%, pred_pos: 100.0%)
  Collapse penalty: 0.000000 (threshold: 0.005000)
  Saved validation predictions to: experiments/12c_h1_rolling/macro_heavy_daily_h1_h18/fold_2016/collapse_monitoring/val_predictions_epoch83.npy
  Gradient norms:
    lstm_encoder: 0.062138
    lstm_decoder: 0.012498
    output_layer: 0.106544
  VSN output std:
    encoder: 0.213924
  Attention entropy: 2.820520
  Saved to: experiments/12c_h1_rolling/macro_heavy_daily_h1_h18/fold_2016/collapse_monitoring/collapse_monitor_latest.json
[DEBUG CollapseMonitor] on_validation_epoch_start called for epoch 84
[DEBUG CollapseMonitor] reset_temporal_state() called on loss function
Epoch 84: val_loss=0.37496665120124817
Epoch 84: train_loss=0.4500111937522888

[CollapseMonitor] Epoch 84
  [DEBUG] Processed 4 batches from val_dataloader
  [DEBUG] Predictions shape after concat: (200,)
  Pred std: 0.026064, range: 0.141164, mean: 0.088820
  Pos: 100.0%, Neg: 0.0%, Unique: 200
  Dir Acc: 48.00%, Pred Sharpe: 54.0958
  Composite: 0.3552 (dist_match: 0.4800, actual_pos: 48.0%, pred_pos: 100.0%)
  Collapse penalty: 0.000000 (threshold: 0.005000)
  Saved validation predictions to: experiments/12c_h1_rolling/macro_heavy_daily_h1_h18/fold_2016/collapse_monitoring/val_predictions_epoch84.npy
  Gradient norms:
    lstm_encoder: 0.050228
    lstm_decoder: 0.010703
    output_layer: 0.105745
  VSN output std:
    encoder: 0.214184
  Attention entropy: 2.822918
  Saved to: experiments/12c_h1_rolling/macro_heavy_daily_h1_h18/fold_2016/collapse_monitoring/collapse_monitor_latest.json
[DEBUG CollapseMonitor] on_validation_epoch_start called for epoch 85
[DEBUG CollapseMonitor] reset_temporal_state() called on loss function
Epoch 85: val_loss=0.3748054504394531
Epoch 85: train_loss=0.44802820682525635

[CollapseMonitor] Epoch 85
  [DEBUG] Processed 4 batches from val_dataloader
  [DEBUG] Predictions shape after concat: (200,)
  Pred std: 0.025705, range: 0.138881, mean: 0.086545
  Pos: 100.0%, Neg: 0.0%, Unique: 200
  Dir Acc: 48.00%, Pred Sharpe: 53.4476
  Composite: 0.3552 (dist_match: 0.4800, actual_pos: 48.0%, pred_pos: 100.0%)
  Collapse penalty: 0.000000 (threshold: 0.005000)
  Saved validation predictions to: experiments/12c_h1_rolling/macro_heavy_daily_h1_h18/fold_2016/collapse_monitoring/val_predictions_epoch85.npy
  Gradient norms:
    lstm_encoder: 0.050133
    lstm_decoder: 0.011132
    output_layer: 0.112406
  VSN output std:
    encoder: 0.213950
  Attention entropy: 2.824750
  Saved to: experiments/12c_h1_rolling/macro_heavy_daily_h1_h18/fold_2016/collapse_monitoring/collapse_monitor_latest.json
[DEBUG CollapseMonitor] on_validation_epoch_start called for epoch 86
[DEBUG CollapseMonitor] reset_temporal_state() called on loss function
Epoch 86: val_loss=0.3747434914112091
Epoch 86: train_loss=0.44841039180755615

[CollapseMonitor] Epoch 86
  [DEBUG] Processed 4 batches from val_dataloader
  [DEBUG] Predictions shape after concat: (200,)
  Pred std: 0.025559, range: 0.137915, mean: 0.081423
  Pos: 100.0%, Neg: 0.0%, Unique: 200
  Dir Acc: 48.00%, Pred Sharpe: 50.5710
  Composite: 0.3552 (dist_match: 0.4800, actual_pos: 48.0%, pred_pos: 100.0%)
  Collapse penalty: 0.000000 (threshold: 0.005000)
  Saved validation predictions to: experiments/12c_h1_rolling/macro_heavy_daily_h1_h18/fold_2016/collapse_monitoring/val_predictions_epoch86.npy
  Gradient norms:
    lstm_encoder: 0.049737
    lstm_decoder: 0.009916
    output_layer: 0.108633
  VSN output std:
    encoder: 0.213922
  Attention entropy: 2.825123
  Saved to: experiments/12c_h1_rolling/macro_heavy_daily_h1_h18/fold_2016/collapse_monitoring/collapse_monitor_latest.json
[DEBUG CollapseMonitor] on_validation_epoch_start called for epoch 87
[DEBUG CollapseMonitor] reset_temporal_state() called on loss function
Epoch 87: val_loss=0.3746378421783447
Epoch 87: train_loss=0.4473685622215271

[CollapseMonitor] Epoch 87
  [DEBUG] Processed 4 batches from val_dataloader
  [DEBUG] Predictions shape after concat: (200,)
  Pred std: 0.025240, range: 0.136471, mean: 0.074622
  Pos: 100.0%, Neg: 0.0%, Unique: 200
  Dir Acc: 48.00%, Pred Sharpe: 46.9335
  Composite: 0.3552 (dist_match: 0.4800, actual_pos: 48.0%, pred_pos: 100.0%)
  Collapse penalty: 0.000000 (threshold: 0.005000)
  Saved validation predictions to: experiments/12c_h1_rolling/macro_heavy_daily_h1_h18/fold_2016/collapse_monitoring/val_predictions_epoch87.npy
  Gradient norms:
    lstm_encoder: 0.052433
    lstm_decoder: 0.010490
    output_layer: 0.110051
  VSN output std:
    encoder: 0.213756
  Attention entropy: 2.825251
  Saved to: experiments/12c_h1_rolling/macro_heavy_daily_h1_h18/fold_2016/collapse_monitoring/collapse_monitor_latest.json
[DEBUG CollapseMonitor] on_validation_epoch_start called for epoch 88
[DEBUG CollapseMonitor] reset_temporal_state() called on loss function
Epoch 88: val_loss=0.3746020793914795
Epoch 88: train_loss=0.4487884044647217

[CollapseMonitor] Epoch 88
  [DEBUG] Processed 4 batches from val_dataloader
  [DEBUG] Predictions shape after concat: (200,)
  Pred std: 0.025325, range: 0.137169, mean: 0.079637
  Pos: 100.0%, Neg: 0.0%, Unique: 200
  Dir Acc: 48.00%, Pred Sharpe: 49.9201
  Composite: 0.3552 (dist_match: 0.4800, actual_pos: 48.0%, pred_pos: 100.0%)
  Collapse penalty: 0.000000 (threshold: 0.005000)
  Saved validation predictions to: experiments/12c_h1_rolling/macro_heavy_daily_h1_h18/fold_2016/collapse_monitoring/val_predictions_epoch88.npy
  Gradient norms:
    lstm_encoder: 0.056658
    lstm_decoder: 0.011136
    output_layer: 0.107152
  VSN output std:
    encoder: 0.213636
  Attention entropy: 2.823564
  Saved to: experiments/12c_h1_rolling/macro_heavy_daily_h1_h18/fold_2016/collapse_monitoring/collapse_monitor_latest.json
[DEBUG CollapseMonitor] on_validation_epoch_start called for epoch 89
[DEBUG CollapseMonitor] reset_temporal_state() called on loss function
Epoch 89: val_loss=0.3746020495891571
Epoch 89: train_loss=0.44898009300231934

[CollapseMonitor] Epoch 89
  [DEBUG] Processed 4 batches from val_dataloader
  [DEBUG] Predictions shape after concat: (200,)
  Pred std: 0.025067, range: 0.136060, mean: 0.080011
  Pos: 100.0%, Neg: 0.0%, Unique: 200
  Dir Acc: 48.00%, Pred Sharpe: 50.6698
  Composite: 0.3552 (dist_match: 0.4800, actual_pos: 48.0%, pred_pos: 100.0%)
  Collapse penalty: 0.000000 (threshold: 0.005000)
  Saved validation predictions to: experiments/12c_h1_rolling/macro_heavy_daily_h1_h18/fold_2016/collapse_monitoring/val_predictions_epoch89.npy
  Gradient norms:
    lstm_encoder: 0.048717
    lstm_decoder: 0.010014
    output_layer: 0.113873
  VSN output std:
    encoder: 0.213246
  Attention entropy: 2.823331
  Saved to: experiments/12c_h1_rolling/macro_heavy_daily_h1_h18/fold_2016/collapse_monitoring/collapse_monitor_latest.json
[DEBUG CollapseMonitor] on_validation_epoch_start called for epoch 90
[DEBUG CollapseMonitor] reset_temporal_state() called on loss function
Epoch 90: val_loss=0.3748687505722046
Epoch 90: train_loss=0.4483456313610077

[CollapseMonitor] Epoch 90
  [DEBUG] Processed 4 batches from val_dataloader
  [DEBUG] Predictions shape after concat: (200,)
  Pred std: 0.025244, range: 0.136479, mean: 0.083614
  Pos: 100.0%, Neg: 0.0%, Unique: 200
  Dir Acc: 48.00%, Pred Sharpe: 52.5809
  Composite: 0.3552 (dist_match: 0.4800, actual_pos: 48.0%, pred_pos: 100.0%)
  Collapse penalty: 0.000000 (threshold: 0.005000)
  Saved validation predictions to: experiments/12c_h1_rolling/macro_heavy_daily_h1_h18/fold_2016/collapse_monitoring/val_predictions_epoch90.npy
  Gradient norms:
    lstm_encoder: 0.049322
    lstm_decoder: 0.010851
    output_layer: 0.114570
  VSN output std:
    encoder: 0.212889
  Attention entropy: 2.825464
  Saved to: experiments/12c_h1_rolling/macro_heavy_daily_h1_h18/fold_2016/collapse_monitoring/collapse_monitor_latest.json
[DEBUG CollapseMonitor] on_validation_epoch_start called for epoch 91
[DEBUG CollapseMonitor] reset_temporal_state() called on loss function
Epoch 91: val_loss=0.37479913234710693
Epoch 91: train_loss=0.44893941283226013

[CollapseMonitor] Epoch 91
  [DEBUG] Processed 4 batches from val_dataloader
  [DEBUG] Predictions shape after concat: (200,)
  Pred std: 0.025216, range: 0.136941, mean: 0.085922
  Pos: 100.0%, Neg: 0.0%, Unique: 200
  Dir Acc: 48.00%, Pred Sharpe: 54.0914
  Composite: 0.3552 (dist_match: 0.4800, actual_pos: 48.0%, pred_pos: 100.0%)
  Collapse penalty: 0.000000 (threshold: 0.005000)
  Saved validation predictions to: experiments/12c_h1_rolling/macro_heavy_daily_h1_h18/fold_2016/collapse_monitoring/val_predictions_epoch91.npy
  Gradient norms:
    lstm_encoder: 0.054910
    lstm_decoder: 0.010357
    output_layer: 0.099378
  VSN output std:
    encoder: 0.212781
  Attention entropy: 2.824500
  Saved to: experiments/12c_h1_rolling/macro_heavy_daily_h1_h18/fold_2016/collapse_monitoring/collapse_monitor_latest.json
[DEBUG CollapseMonitor] on_validation_epoch_start called for epoch 92
[DEBUG CollapseMonitor] reset_temporal_state() called on loss function
Epoch 92: val_loss=0.3746757507324219
Epoch 92: train_loss=0.4499794840812683

[CollapseMonitor] Epoch 92
  [DEBUG] Processed 4 batches from val_dataloader
  [DEBUG] Predictions shape after concat: (200,)
  Pred std: 0.025159, range: 0.137130, mean: 0.080977
  Pos: 100.0%, Neg: 0.0%, Unique: 199
  Dir Acc: 48.00%, Pred Sharpe: 51.0945
  Composite: 0.3552 (dist_match: 0.4800, actual_pos: 48.0%, pred_pos: 100.0%)
  Collapse penalty: 0.000000 (threshold: 0.005000)
  Saved validation predictions to: experiments/12c_h1_rolling/macro_heavy_daily_h1_h18/fold_2016/collapse_monitoring/val_predictions_epoch92.npy
  Gradient norms:
    lstm_encoder: 0.051877
    lstm_decoder: 0.010268
    output_layer: 0.113666
  VSN output std:
    encoder: 0.212824
  Attention entropy: 2.821998
  Saved to: experiments/12c_h1_rolling/macro_heavy_daily_h1_h18/fold_2016/collapse_monitoring/collapse_monitor_latest.json
[DEBUG CollapseMonitor] on_validation_epoch_start called for epoch 93
[DEBUG CollapseMonitor] reset_temporal_state() called on loss function
Epoch 93: val_loss=0.37477004528045654
Epoch 93: train_loss=0.4498021900653839

[CollapseMonitor] Epoch 93
  [DEBUG] Processed 4 batches from val_dataloader
  [DEBUG] Predictions shape after concat: (200,)
  Pred std: 0.024953, range: 0.135860, mean: 0.084169
  Pos: 100.0%, Neg: 0.0%, Unique: 200
  Dir Acc: 48.00%, Pred Sharpe: 53.5471
  Composite: 0.3552 (dist_match: 0.4800, actual_pos: 48.0%, pred_pos: 100.0%)
  Collapse penalty: 0.000000 (threshold: 0.005000)
  Saved validation predictions to: experiments/12c_h1_rolling/macro_heavy_daily_h1_h18/fold_2016/collapse_monitoring/val_predictions_epoch93.npy
  Gradient norms:
    lstm_encoder: 0.051351
    lstm_decoder: 0.009723
    output_layer: 0.107762
  VSN output std:
    encoder: 0.212552
  Attention entropy: 2.822359
  Saved to: experiments/12c_h1_rolling/macro_heavy_daily_h1_h18/fold_2016/collapse_monitoring/collapse_monitor_latest.json
[DEBUG CollapseMonitor] on_validation_epoch_start called for epoch 94
[DEBUG CollapseMonitor] reset_temporal_state() called on loss function
Epoch 94: val_loss=0.3747512102127075
Epoch 94: train_loss=0.4500201940536499

[CollapseMonitor] Epoch 94
  [DEBUG] Processed 4 batches from val_dataloader
  [DEBUG] Predictions shape after concat: (200,)
  Pred std: 0.025147, range: 0.135588, mean: 0.080911
  Pos: 100.0%, Neg: 0.0%, Unique: 200
  Dir Acc: 48.00%, Pred Sharpe: 51.0764
  Composite: 0.3552 (dist_match: 0.4800, actual_pos: 48.0%, pred_pos: 100.0%)
  Collapse penalty: 0.000000 (threshold: 0.005000)
  Saved validation predictions to: experiments/12c_h1_rolling/macro_heavy_daily_h1_h18/fold_2016/collapse_monitoring/val_predictions_epoch94.npy
  Gradient norms:
    lstm_encoder: 0.051990
    lstm_decoder: 0.009728
    output_layer: 0.102533
  VSN output std:
    encoder: 0.212243
  Attention entropy: 2.823505
  Saved to: experiments/12c_h1_rolling/macro_heavy_daily_h1_h18/fold_2016/collapse_monitoring/collapse_monitor_latest.json
[DEBUG CollapseMonitor] on_validation_epoch_start called for epoch 95
[DEBUG CollapseMonitor] reset_temporal_state() called on loss function
Epoch 95: val_loss=0.3747558295726776
Epoch 95: train_loss=0.4497946798801422

[CollapseMonitor] Epoch 95
  [DEBUG] Processed 4 batches from val_dataloader
  [DEBUG] Predictions shape after concat: (200,)
  Pred std: 0.025134, range: 0.135376, mean: 0.079825
  Pos: 100.0%, Neg: 0.0%, Unique: 200
  Dir Acc: 48.00%, Pred Sharpe: 50.4181
  Composite: 0.3552 (dist_match: 0.4800, actual_pos: 48.0%, pred_pos: 100.0%)
  Collapse penalty: 0.000000 (threshold: 0.005000)
  Saved validation predictions to: experiments/12c_h1_rolling/macro_heavy_daily_h1_h18/fold_2016/collapse_monitoring/val_predictions_epoch95.npy
  Gradient norms:
    lstm_encoder: 0.043142
    lstm_decoder: 0.008826
    output_layer: 0.110906
  VSN output std:
    encoder: 0.212168
  Attention entropy: 2.823623
  Saved to: experiments/12c_h1_rolling/macro_heavy_daily_h1_h18/fold_2016/collapse_monitoring/collapse_monitor_latest.json
[DEBUG CollapseMonitor] on_validation_epoch_start called for epoch 96
[DEBUG CollapseMonitor] reset_temporal_state() called on loss function
Epoch 96: val_loss=0.3746795952320099
Epoch 96: train_loss=0.44849419593811035

[CollapseMonitor] Epoch 96
  [DEBUG] Processed 4 batches from val_dataloader
  [DEBUG] Predictions shape after concat: (200,)
  Pred std: 0.025254, range: 0.135476, mean: 0.076253
  Pos: 100.0%, Neg: 0.0%, Unique: 200
  Dir Acc: 48.00%, Pred Sharpe: 47.9329
  Composite: 0.3552 (dist_match: 0.4800, actual_pos: 48.0%, pred_pos: 100.0%)
  Collapse penalty: 0.000000 (threshold: 0.005000)
  Saved validation predictions to: experiments/12c_h1_rolling/macro_heavy_daily_h1_h18/fold_2016/collapse_monitoring/val_predictions_epoch96.npy
  Gradient norms:
    lstm_encoder: 0.055983
    lstm_decoder: 0.010709
    output_layer: 0.112399
  VSN output std:
    encoder: 0.212098
  Attention entropy: 2.823714
  Saved to: experiments/12c_h1_rolling/macro_heavy_daily_h1_h18/fold_2016/collapse_monitoring/collapse_monitor_latest.json
[DEBUG CollapseMonitor] on_validation_epoch_start called for epoch 97
[DEBUG CollapseMonitor] reset_temporal_state() called on loss function
Epoch 97: val_loss=0.3747082054615021
Epoch 97: train_loss=0.4498822093009949

[CollapseMonitor] Epoch 97
  [DEBUG] Processed 4 batches from val_dataloader
  [DEBUG] Predictions shape after concat: (200,)
  Pred std: 0.025198, range: 0.135289, mean: 0.075125
  Pos: 100.0%, Neg: 0.0%, Unique: 199
  Dir Acc: 48.00%, Pred Sharpe: 47.3277
  Composite: 0.3552 (dist_match: 0.4800, actual_pos: 48.0%, pred_pos: 100.0%)
  Collapse penalty: 0.000000 (threshold: 0.005000)
  Saved validation predictions to: experiments/12c_h1_rolling/macro_heavy_daily_h1_h18/fold_2016/collapse_monitoring/val_predictions_epoch97.npy
  Gradient norms:
    lstm_encoder: 0.058600
    lstm_decoder: 0.012093
    output_layer: 0.115560
  VSN output std:
    encoder: 0.212108
  Attention entropy: 2.823771
  Saved to: experiments/12c_h1_rolling/macro_heavy_daily_h1_h18/fold_2016/collapse_monitoring/collapse_monitor_latest.json
[DEBUG CollapseMonitor] on_validation_epoch_start called for epoch 98
[DEBUG CollapseMonitor] reset_temporal_state() called on loss function
Epoch 98: val_loss=0.3746905028820038
Epoch 98: train_loss=0.44699567556381226

[CollapseMonitor] Epoch 98
  [DEBUG] Processed 4 batches from val_dataloader
  [DEBUG] Predictions shape after concat: (200,)
  Pred std: 0.025202, range: 0.135063, mean: 0.074845
  Pos: 100.0%, Neg: 0.0%, Unique: 200
  Dir Acc: 48.00%, Pred Sharpe: 47.1444
  Composite: 0.3552 (dist_match: 0.4800, actual_pos: 48.0%, pred_pos: 100.0%)
  Collapse penalty: 0.000000 (threshold: 0.005000)
  Saved validation predictions to: experiments/12c_h1_rolling/macro_heavy_daily_h1_h18/fold_2016/collapse_monitoring/val_predictions_epoch98.npy
  Gradient norms:
    lstm_encoder: 0.053650
    lstm_decoder: 0.011265
    output_layer: 0.114955
  VSN output std:
    encoder: 0.212161
  Attention entropy: 2.823894
  Saved to: experiments/12c_h1_rolling/macro_heavy_daily_h1_h18/fold_2016/collapse_monitoring/collapse_monitor_latest.json
[DEBUG CollapseMonitor] on_validation_epoch_start called for epoch 99
[DEBUG CollapseMonitor] reset_temporal_state() called on loss function
Epoch 99: val_loss=0.37467122077941895
Epoch 99: train_loss=0.4484109878540039

[CollapseMonitor] Epoch 99
  [DEBUG] Processed 4 batches from val_dataloader
  [DEBUG] Predictions shape after concat: (200,)
  Pred std: 0.025160, range: 0.135490, mean: 0.078453
  Pos: 100.0%, Neg: 0.0%, Unique: 200
  Dir Acc: 48.00%, Pred Sharpe: 49.4984
  Composite: 0.3552 (dist_match: 0.4800, actual_pos: 48.0%, pred_pos: 100.0%)
  Collapse penalty: 0.000000 (threshold: 0.005000)
  Saved validation predictions to: experiments/12c_h1_rolling/macro_heavy_daily_h1_h18/fold_2016/collapse_monitoring/val_predictions_epoch99.npy
  Gradient norms:
    lstm_encoder: 0.051230
    lstm_decoder: 0.009754
    output_layer: 0.104973
  VSN output std:
    encoder: 0.212209
  Attention entropy: 2.822366
  Saved to: experiments/12c_h1_rolling/macro_heavy_daily_h1_h18/fold_2016/collapse_monitoring/collapse_monitor_latest.json


======================================================================
Training complete
======================================================================

Best val_loss checkpoint: experiments/12c_h1_rolling/macro_heavy_daily_h1_h18/fold_2016/checkpoints/tft-epoch=epoch=62-valloss=val_loss=0.3740.ckpt
Best validation loss: 0.374048
Checkpoints saved:
  - Best val_loss: experiments/12c_h1_rolling/macro_heavy_daily_h1_h18/fold_2016/checkpoints/tft-epoch=epoch=62-valloss=val_loss=0.3740.ckpt
  - Best pred_std: experiments/12c_h1_rolling/macro_heavy_daily_h1_h18/fold_2016/checkpoints/tft-epoch=epoch=62-predstd=val_pred_std=0.0278.ckpt
  - Best unique: experiments/12c_h1_rolling/macro_heavy_daily_h1_h18/fold_2016/checkpoints/tft-epoch=epoch=00-unique=val_num_unique=200.ckpt
  - Best dir_acc: experiments/12c_h1_rolling/macro_heavy_daily_h1_h18/fold_2016/checkpoints/tft-epoch=epoch=00-diracc=val_dir_acc=0.4800.ckpt
  - Best sharpe: experiments/12c_h1_rolling/macro_heavy_daily_h1_h18/fold_2016/checkpoints/tft-epoch=epoch=00-sharpe=val_sharpe=773.8468.ckpt
  - Best composite: experiments/12c_h1_rolling/macro_heavy_daily_h1_h18/fold_2016/checkpoints/tft-epoch=epoch=00-composite=val_composite=0.3552.ckpt
Completed at: 2025-12-14 01:28:19
Log saved to: experiments/12c_h1_rolling/macro_heavy_daily_h1_h18/fold_2016/training_20251214_011303.log
======================================================================
