{
  "evaluation_timestamp": "2025-10-30T03:28:59.020029",
  "statistical_metrics": {
    "mse": 1.175405740737915,
    "rmse": 1.0841612815856934,
    "mae": 0.7728295922279358,
    "mape": 145.68002223968506,
    "r2": 0.0011525750160217285,
    "mean_error": -0.009625156410038471,
    "std_error": 1.0841186046600342
  },
  "financial_metrics": {
    "directional_accuracy": 0.53671875,
    "sharpe_ratio": 0.8329736080938573,
    "max_drawdown": -0.2524605989456177,
    "total_return": 0.9216080904006958,
    "hit_rate": 0.53671875,
    "num_trades": 1280,
    "precision": 0.53671875,
    "recall": 1.0,
    "f1_score": 0.6985256736146417,
    "confusion_matrix": [
      [
        0,
        593
      ],
      [
        0,
        687
      ]
    ],
    "auc_roc": 0.47893792450005035,
    "alpha": 0.0
  },
  "residual_diagnostics": {
    "normality_p_value": 3.339467214434246e-39,
    "acf_lag1": -0.0346652320859305,
    "skewness": 0.022741772971465866,
    "kurtosis": 6.380773452531196
  },
  "mode_stats": {
    "healthy_days": 30,
    "degraded_days": 0,
    "unidirectional_days": 1204,
    "weak_collapse_days": 39,
    "strong_collapse_days": 7,
    "total_days": 1280,
    "healthy_pct": 2.34375,
    "degraded_pct": 0.0,
    "unidirectional_pct": 94.0625,
    "weak_collapse_pct": 3.046875,
    "strong_collapse_pct": 0.546875
  },
  "collapse_detected": true,
  "degradation_detected": true,
  "checkpoint_used": "experiments/01_staleness_features_fixed/sweep_stale_h16_drop0.30_lr5/checkpoints/tft-epoch=82-val_loss=0.3970.ckpt"
}