{
  "evaluation_timestamp": "2025-10-27T12:04:24.623481",
  "statistical_metrics": {
    "mse": 1.1784753799438477,
    "rmse": 1.085576057434082,
    "mae": 0.772407054901123,
    "mape": 160.34183502197266,
    "r2": -0.0014560222625732422,
    "mean_error": -0.02263781428337097,
    "std_error": 1.0853400230407715
  },
  "financial_metrics": {
    "directional_accuracy": 0.5359375,
    "sharpe_ratio": 0.8146257750262408,
    "max_drawdown": -0.2524605989456177,
    "total_return": 0.8901165723800659,
    "hit_rate": 0.5359375,
    "num_trades": 1279,
    "precision": 0.5363565285379203,
    "recall": 0.9985443959243085,
    "f1_score": 0.6978636826042726,
    "confusion_matrix": [
      [
        0,
        593
      ],
      [
        1,
        686
      ]
    ],
    "auc_roc": 0.5175789352243914,
    "alpha": -0.03149151802062988
  },
  "residual_diagnostics": {
    "normality_p_value": 1.5955364345883488e-40,
    "acf_lag1": -0.03544085681527286,
    "skewness": 0.10736629061832073,
    "kurtosis": 6.576128773569151
  },
  "mode_stats": {
    "healthy_days": 29,
    "degraded_days": 1,
    "unidirectional_days": 912,
    "weak_collapse_days": 336,
    "strong_collapse_days": 2,
    "total_days": 1280,
    "healthy_pct": 2.265625,
    "degraded_pct": 0.078125,
    "unidirectional_pct": 71.25,
    "weak_collapse_pct": 26.25,
    "strong_collapse_pct": 0.15625
  },
  "collapse_detected": true,
  "degradation_detected": true,
  "checkpoint_used": "experiments/01_staleness_features_fixed/sweep_stale_h16_drop0.30_lr5/checkpoints/tft-epoch=01-val_loss=0.1494.ckpt"
}