{
  "evaluation_timestamp": "2025-10-22T23:16:03.204256",
  "statistical_metrics": {
    "mse": 1.1784753799438477,
    "rmse": 1.085576057434082,
    "mae": 0.772407054901123,
    "mape": 160.34187078475952,
    "r2": -0.0014560222625732422,
    "mean_error": -0.02263783849775791,
    "std_error": 1.0853400230407715
  },
  "financial_metrics": {
    "directional_accuracy": 0.5359375,
    "sharpe_ratio": 0.8146257750262408,
    "max_drawdown": -0.2524605989456177,
    "total_return": 0.8901165723800659,
    "hit_rate": 0.5359375,
    "num_trades": 1279,
    "precision": 0.5363565285379203,
    "recall": 0.9985443959243085,
    "f1_score": 0.6978636826042726,
    "confusion_matrix": [
      [
        0,
        593
      ],
      [
        1,
        686
      ]
    ],
    "auc_roc": 0.5175850718351658,
    "alpha": -0.03149151802062988
  },
  "residual_diagnostics": {
    "normality_p_value": 1.5955389910024373e-40,
    "acf_lag1": -0.035440857802503736,
    "skewness": 0.10736622068664345,
    "kurtosis": 6.576128773569151
  },
  "checkpoint_used": "experiments/sweep_stale_h16_drop0.30_lr5/checkpoints/tft-epoch=01-val_loss=0.1494.ckpt"
}