{
  "period_statistics": {
    "2020": {
      "n_samples": 82,
      "entropy_mean": 3.39609956741333,
      "entropy_std": 0.0024200095795094967,
      "attention_concentration": 0.03360924869775772,
      "top_features": [
        [
          "t-1",
          0.041201286017894745
        ],
        [
          "t-2",
          0.03995855897665024
        ],
        [
          "t-3",
          0.03880223259329796
        ],
        [
          "t-4",
          0.03775585815310478
        ],
        [
          "t-30",
          0.03702449053525925
        ]
      ],
      "mean_attention": [
        0.03702449053525925,
        0.03345552459359169,
        0.03281122446060181,
        0.031991563737392426,
        0.03144402801990509,
        0.031119488179683685,
        0.030920499935746193,
        0.030782874673604965,
        0.03068302385509014,
        0.030624855309724808,
        0.030614236369729042,
        0.030646024271845818,
        0.030688274651765823,
        0.030793605372309685,
        0.030910275876522064,
        0.03110668435692787,
        0.03137702867388725,
        0.031715475022792816,
        0.0321248434484005,
        0.03260235860943794,
        0.033133089542388916,
        0.03369377180933952,
        0.03431148827075958,
        0.03505370020866394,
        0.035859785974025726,
        0.03679388388991356,
        0.03775585815310478,
        0.03880223259329796,
        0.03995855897665024,
        0.041201286017894745
      ],
      "std_attention": [
        0.0021527500357478857,
        0.001587864477187395,
        0.001407152391038835,
        0.0012609567493200302,
        0.0011798940831795335,
        0.001119412831030786,
        0.0011030338937416673,
        0.0011339489137753844,
        0.0012122908374294639,
        0.0012669663410633802,
        0.001285596750676632,
        0.0012997358571738005,
        0.0013622340047731996,
        0.001375306397676468,
        0.0014408054994419217,
        0.0014319095062091947,
        0.001442437176592648,
        0.001472426112741232,
        0.00152533408254385,
        0.0015487197088077664,
        0.0015851674834266305,
        0.0016087089898064733,
        0.0016144082183018327,
        0.0015894211828708649,
        0.0016091500874608755,
        0.001681803958490491,
        0.0018086722120642662,
        0.001994919963181019,
        0.0022681609261780977,
        0.0026076773647218943
      ]
    },
    "2021": {
      "n_samples": 250,
      "entropy_mean": 3.345571756362915,
      "entropy_std": 0.03511515259742737,
      "attention_concentration": 0.03355361148715019,
      "top_features": [
        [
          "t-1",
          0.038797151297330856
        ],
        [
          "t-2",
          0.03830380737781525
        ],
        [
          "t-30",
          0.03782597929239273
        ],
        [
          "t-3",
          0.037789784371852875
        ],
        [
          "t-4",
          0.03724108263850212
        ]
      ],
      "mean_attention": [
        0.03782597929239273,
        0.03400876745581627,
        0.033083949238061905,
        0.03208364546298981,
        0.03135707229375839,
        0.03084428794682026,
        0.030568722635507584,
        0.0304091889411211,
        0.0303718913346529,
        0.030399246141314507,
        0.03049100749194622,
        0.030624164268374443,
        0.030814513564109802,
        0.031021343544125557,
        0.031265199184417725,
        0.03156595304608345,
        0.031884822994470596,
        0.032274030148983,
        0.032731156796216965,
        0.033199552446603775,
        0.03370935842394829,
        0.03426177427172661,
        0.034854792058467865,
        0.035470280796289444,
        0.03608185797929764,
        0.03666560724377632,
        0.03724108263850212,
        0.037789784371852875,
        0.03830380737781525,
        0.038797151297330856
      ],
      "std_attention": [
        0.015689386054873466,
        0.014207502827048302,
        0.013673965819180012,
        0.012970522977411747,
        0.012295447289943695,
        0.011713608168065548,
        0.01119590736925602,
        0.010769165121018887,
        0.010511007159948349,
        0.010305389761924744,
        0.010163813829421997,
        0.010012890212237835,
        0.00988511648029089,
        0.009758097119629383,
        0.009700127877295017,
        0.009696105495095253,
        0.009706217795610428,
        0.009747656993567944,
        0.009842745959758759,
        0.009900769218802452,
        0.009931514970958233,
        0.009985590353608131,
        0.010086203925311565,
        0.010289112105965614,
        0.01060807891190052,
        0.010953628458082676,
        0.011292684823274612,
        0.011636052280664444,
        0.012049319222569466,
        0.012553080916404724
      ]
    },
    "2022": {
      "n_samples": 249,
      "entropy_mean": 3.389073610305786,
      "entropy_std": 0.008992282673716545,
      "attention_concentration": 0.03364117443561554,
      "top_features": [
        [
          "t-30",
          0.04544615000486374
        ],
        [
          "t-29",
          0.04152315855026245
        ],
        [
          "t-28",
          0.039142996072769165
        ],
        [
          "t-27",
          0.03670845553278923
        ],
        [
          "t-26",
          0.035010091960430145
        ]
      ],
      "mean_attention": [
        0.04544615000486374,
        0.04152315855026245,
        0.039142996072769165,
        0.03670845553278923,
        0.035010091960430145,
        0.03391656279563904,
        0.033145274966955185,
        0.032645437866449356,
        0.03227628394961357,
        0.03199874982237816,
        0.0317765548825264,
        0.03160646930336952,
        0.03148795664310455,
        0.03144541755318642,
        0.03147217631340027,
        0.03150450810790062,
        0.03160380199551582,
        0.03171447664499283,
        0.031814366579055786,
        0.0319460853934288,
        0.032063521444797516,
        0.03214680776000023,
        0.03219461068511009,
        0.032225970178842545,
        0.03224681690335274,
        0.03226387873291969,
        0.03224324807524681,
        0.032205406576395035,
        0.032153017818927765,
        0.03207186609506607
      ],
      "std_attention": [
        0.008278545923531055,
        0.007263104431331158,
        0.006150886882096529,
        0.005273059476166964,
        0.004678433295339346,
        0.0042735375463962555,
        0.004021803382784128,
        0.0038563839625567198,
        0.003688499564304948,
        0.0035549355670809746,
        0.0033986980561167,
        0.00326336151920259,
        0.003096747910603881,
        0.003045242978259921,
        0.0030592302791774273,
        0.0030704813543707132,
        0.0031266906298696995,
        0.003217395395040512,
        0.003289527492597699,
        0.0033878874965012074,
        0.0034840914886444807,
        0.003561125136911869,
        0.003621207782998681,
        0.0037144445814192295,
        0.0038204602897167206,
        0.003915236331522465,
        0.004015125334262848,
        0.004114879760891199,
        0.004214852582663298,
        0.004330817144364119
      ]
    },
    "2023": {
      "n_samples": 249,
      "entropy_mean": 3.3330764770507812,
      "entropy_std": 0.061265621334314346,
      "attention_concentration": 0.03390725329518318,
      "top_features": [
        [
          "t-30",
          0.04256019368767738
        ],
        [
          "t-1",
          0.04033007100224495
        ],
        [
          "t-2",
          0.03989717736840248
        ],
        [
          "t-3",
          0.039408158510923386
        ],
        [
          "t-4",
          0.0388520173728466
        ]
      ],