{
  "period_statistics": {
    "2020": {
      "n_samples": 82,
      "entropy_mean": 3.265944004058838,
      "entropy_std": 0.16808924078941345,
      "attention_concentration": 0.03412748500704765,
      "top_features": [
        [
          "t-1",
          0.04852589592337608
        ],
        [
          "t-2",
          0.04657070338726044
        ],
        [
          "t-3",
          0.04387789964675903
        ],
        [
          "t-4",
          0.04112028703093529
        ],
        [
          "t-5",
          0.03883616626262665
        ]
      ],
      "mean_attention": [
        0.027643810957670212,
        0.029463985934853554,
        0.030339496210217476,
        0.030690684914588928,
        0.0308033749461174,
        0.030781088396906853,
        0.030848607420921326,
        0.03080027550458908,
        0.03054644912481308,
        0.030315980315208435,
        0.03011128678917885,
        0.030087918043136597,
        0.030153486877679825,
        0.030354944989085197,
        0.030570611357688904,
        0.03082231432199478,
        0.031064949929714203,
        0.031312696635723114,
        0.031771715730428696,
        0.032125405967235565,
        0.03253824636340141,
        0.03295642510056496,
        0.03358549624681473,
        0.03484373167157173,
        0.036536071449518204,
        0.03883616626262665,
        0.04112028703093529,
        0.04387789964675903,
        0.04657070338726044,
        0.04852589592337608
      ],
      "std_attention": [
        0.016897644847631454,
        0.017275050282478333,
        0.01628589816391468,
        0.014889645390212536,
        0.01379732508212328,
        0.01317823026329279,
        0.013071717694401741,
        0.013132315129041672,
        0.01280004158616066,
        0.012527652084827423,
        0.012115057557821274,
        0.012009845115244389,
        0.012013914063572884,
        0.012324442155659199,
        0.012766622006893158,
        0.013597735203802586,
        0.013868757523596287,
        0.013836989179253578,
        0.014076598919928074,
        0.013841827400028706,
        0.013910984620451927,
        0.013942549005150795,
        0.014347415417432785,
        0.015819264575839043,
        0.019042527303099632,
        0.024150194600224495,
        0.028659574687480927,
        0.035125479102134705,
        0.041332975029945374,
        0.047684621065855026
      ]
    },
    "2021": {
      "n_samples": 250,
      "entropy_mean": 3.303011178970337,
      "entropy_std": 0.2445789873600006,
      "attention_concentration": 0.03359649330377579,
      "top_features": [
        [
          "t-1",
          0.04400215670466423
        ],
        [
          "t-2",
          0.041642434895038605
        ],
        [
          "t-3",
          0.038651540875434875
        ],
        [
          "t-4",
          0.03601444512605667
        ],
        [
          "t-5",
          0.034447118639945984
        ]
      ],
      "mean_attention": [
        0.029938887804746628,
        0.03132479637861252,
        0.03170546144247055,
        0.031842030584812164,
        0.031909361481666565,
        0.031870774924755096,
        0.031965941190719604,
        0.03192104026675224,
        0.03196801245212555,
        0.031929779797792435,
        0.0318746492266655,
        0.03199367970228195,
        0.03206678107380867,
        0.0322364941239357,
        0.03241932392120361,
        0.03251345455646515,
        0.03256712853908539,
        0.03259842470288277,
        0.03258735314011574,
        0.03257310763001442,
        0.032676294445991516,
        0.03279193863272667,
        0.03315213322639465,
        0.033311255276203156,
        0.0335041806101799,
        0.034447118639945984,
        0.03601444512605667,
        0.038651540875434875,
        0.041642434895038605,
        0.04400215670466423
      ],
      "std_attention": [
        0.009572010487318039,
        0.009933775290846825,
        0.010436388663947582,
        0.011026927269995213,
        0.01202519703656435,
        0.011500558815896511,
        0.011658494360744953,
        0.011647213250398636,
        0.012907597236335278,
        0.012226689606904984,
        0.011577191762626171,
        0.011415764689445496,
        0.010717770084738731,
        0.010825690813362598,
        0.01144871860742569,
        0.012252699583768845,
        0.012957482598721981,
        0.013126840814948082,
        0.013157919049263,
        0.01263236254453659,
        0.012725984677672386,
        0.012466530315577984,
        0.013108739629387856,
        0.013359401375055313,
        0.013979035429656506,
        0.01858067326247692,
        0.0259866863489151,
        0.03629536181688309,
        0.04761728644371033,
        0.05706699565052986
      ]
    },
    "2022": {
      "n_samples": 249,
      "entropy_mean": 3.046628952026367,
      "entropy_std": 0.3625633418560028,
      "attention_concentration": 0.03452715277671814,
      "top_features": [
        [
          "t-1",
          0.054358355700969696
        ],
        [
          "t-2",
          0.048779938369989395
        ],
        [
          "t-3",
          0.04437527805566788
        ],
        [
          "t-4",
          0.04087449610233307
        ],
        [
          "t-5",
          0.0385030061006546
        ]
      ],
      "mean_attention": [
        0.023196393623948097,
        0.026624780148267746,
        0.02928968518972397,
        0.031230568885803223,
        0.032222434878349304,
        0.03224402293562889,
        0.031723879277706146,
        0.031350716948509216,
        0.030978450551629066,
        0.030535532161593437,
        0.030180012807250023,
        0.029834546148777008,
        0.029580704867839813,
        0.02961653284728527,
        0.029720211401581764,
        0.030004488304257393,
        0.030402772128582,
        0.030679386109113693,
        0.03087381273508072,
        0.03134186565876007,
        0.032201819121837616,
        0.03316250815987587,
        0.03418045490980148,
        0.035245381295681,
        0.036687999963760376,
        0.0385030061006546,
        0.04087449610233307,
        0.04437527805566788,
        0.048779938369989395,
        0.054358355700969696
      ],
      "std_attention": [
        0.021397216245532036,
        0.024424811825156212,
        0.025468014180660248,
        0.026862388476729393,
        0.027445174753665924,
        0.02657226473093033,
        0.025117089971899986,
        0.02422136254608631,
        0.023924317210912704,
        0.023932427167892456,
        0.024008702486753464,
        0.0240209698677063,
        0.023801393806934357,
        0.023730503395199776,
        0.023673906922340393,
        0.024838976562023163,
        0.025639016181230545,
        0.024943284690380096,
        0.02392064779996872,
        0.02403411455452442,
        0.025318877771496773,
        0.027149062603712082,
        0.028995726257562637,
        0.030609367415308952,
        0.033368371427059174,
        0.036516670137643814,
        0.04150073975324631,
        0.05022929236292839,
        0.060388509184122086,
        0.07964923977851868
      ]
    },
    "2023": {
      "n_samples": 249,
      "entropy_mean": 3.374612331390381,
      "entropy_std": 0.0456715002655983,
      "attention_concentration": 0.03340577334165573,
      "top_features": [
        [
          "t-1",
          0.03706319257616997
        ],
        [
          "t-2",
          0.03659399598836899
        ],
        [
          "t-3",
          0.03610880672931671
        ],
        [
          "t-4",
          0.03556297719478607
        ],
        [
          "t-5",
          0.035095833241939545
        ]
      ],