{
  "period_statistics": {
    "2020": {
      "n_samples": 92,
      "entropy_mean": 2.1869423389434814,
      "entropy_std": 0.4468208849430084,
      "attention_concentration": 0.06635494530200958,
      "top_features": [
        [
          "t-20",
          0.1603875309228897
        ],
        [
          "t-19",
          0.08763772249221802
        ],
        [
          "t-1",
          0.06898023933172226
        ],
        [
          "t-2",
          0.05584196373820305
        ],
        [
          "t-18",
          0.054010774940252304
        ]
      ],
      "mean_attention": [
        0.1603875309228897,
        0.08763772249221802,
        0.054010774940252304,
        0.041861485689878464,
        0.036527469754219055,
        0.03448425605893135,
        0.034292273223400116,
        0.034519024193286896,
        0.03546852990984917,
        0.035353560000658035,
        0.035346630960702896,
        0.03557119518518448,
        0.03592564910650253,
        0.038152579218149185,
        0.04035177081823349,
        0.04268918186426163,
        0.04447914659976959,
        0.04811907932162285,
        0.05584196373820305,
        0.06898023933172226
      ],
      "std_attention": [
        0.16352300345897675,
        0.09305450320243835,
        0.06317036598920822,
        0.0534854494035244,
        0.05026929825544357,
        0.04975767433643341,
        0.051344044506549835,
        0.053375016897916794,
        0.05573480948805809,
        0.0563894547522068,
        0.0571805015206337,
        0.05783017352223396,
        0.05863098055124283,
        0.061034444719552994,
        0.06321308761835098,
        0.06624285876750946,
        0.0697195902466774,
        0.07555216550827026,
        0.09573708474636078,
        0.1311005800962448
      ]
    },
    "2021": {
      "n_samples": 250,
      "entropy_mean": 2.1165645122528076,
      "entropy_std": 0.6760758757591248,
      "attention_concentration": 0.054325129836797714,
      "top_features": [
        [
          "t-20",
          0.10975181311368942
        ],
        [
          "t-19",
          0.065589040517807
        ],
        [
          "t-1",
          0.054983220994472504
        ],
        [
          "t-18",
          0.0518505685031414
        ],
        [
          "t-2",
          0.050032272934913635
        ]
      ],
      "mean_attention": [
        0.10975181311368942,
        0.065589040517807,
        0.0518505685031414,
        0.04751067981123924,
        0.04655603691935539,
        0.04533498361706734,
        0.04487140104174614,
        0.044204458594322205,
        0.04335000365972519,
        0.04311122000217438,
        0.04294431582093239,
        0.04292476549744606,
        0.04329061880707741,
        0.043210458010435104,
        0.043749433010816574,
        0.04449024423956871,
        0.04519103467464447,
        0.04705338925123215,
        0.050032272934913635,
        0.054983220994472504
      ],
      "std_attention": [
        0.13787870109081268,
        0.10470199584960938,
        0.0864737406373024,
        0.08326537162065506,
        0.08298227190971375,
        0.08177295327186584,
        0.08208903670310974,
        0.08182292431592941,
        0.0817577987909317,
        0.0822356641292572,
        0.08275185525417328,
        0.08321158587932587,
        0.08472831547260284,
        0.0855712890625,
        0.0877046063542366,
        0.09040731191635132,
        0.0922992154955864,
        0.10099050402641296,
        0.11962493509054184,
        0.13436834514141083
      ]
    },
    "2022": {
      "n_samples": 249,
      "entropy_mean": 2.1800880432128906,
      "entropy_std": 0.4244850277900696,
      "attention_concentration": 0.061375416815280914,
      "top_features": [
        [
          "t-20",
          0.13848160207271576
        ],
        [
          "t-19",
          0.07927044481039047
        ],
        [
          "t-1",
          0.07561185956001282
        ],
        [
          "t-2",
          0.05905751883983612
        ],
        [
          "t-18",
          0.0536484494805336
        ]
      ],
      "mean_attention": [
        0.13848160207271576,
        0.07927044481039047,
        0.0536484494805336,
        0.042944323271512985,
        0.038052868098020554,
        0.036087993532419205,
        0.03540298342704773,
        0.036173321306705475,
        0.03583746775984764,
        0.035390306264162064,
        0.03561653941869736,
        0.03676538169384003,
        0.03866862505674362,
        0.040199197828769684,
        0.04152659326791763,
        0.04342925176024437,
        0.04666048288345337,
        0.051174893975257874,
        0.05905751883983612,
        0.07561185956001282
      ],
      "std_attention": [
        0.16161739826202393,
        0.09238141030073166,
        0.06662625074386597,
        0.056094229221343994,
        0.050455864518880844,
        0.048553865402936935,
        0.04859153926372528,
        0.0513860285282135,
        0.05110926181077957,
        0.05012878030538559,
        0.04965018481016159,
        0.052014537155628204,
        0.055390119552612305,
        0.057568877935409546,
        0.05932903289794922,
        0.06130290776491165,
        0.06750418245792389,
        0.0766877830028534,
        0.09269705414772034,
        0.1397767961025238
      ]
    },
    "2023": {
      "n_samples": 249,
      "entropy_mean": 2.7789032459259033,
      "entropy_std": 0.28072476387023926,
      "attention_concentration": 0.054040372371673584,
      "top_features": [
        [
          "t-20",
          0.11043477058410645
        ],
        [
          "t-19",
          0.0592796728014946
        ],
        [
          "t-18",
          0.049687206745147705
        ],
        [
          "t-1",
          0.0494023896753788
        ],
        [
          "t-2",
          0.04721096530556679
        ]
      ],
      "mean_attention": [
        0.11043477058410645,
        0.0592796728014946,
        0.049687206745147705,
        0.047083646059036255,
        0.045826733112335205,
        0.045466188341379166,
        0.04560359939932823,
        0.0450916551053524,
        0.04527513310313225,
        0.045551493763923645,
        0.04552917927503586,
        0.04541374742984772,
        0.04533254727721214,
        0.04533511772751808,
        0.04536103829741478,
        0.04540819302201271,
        0.04563681408762932,
        0.04606984555721283,
        0.04721096530556679,
        0.0494023896753788
      ],
      "std_attention": [
        0.07301490008831024,
        0.04432607814669609,
        0.03266311436891556,
        0.03112477995455265,
        0.029480068013072014,
        0.030033521354198456,
        0.031213924288749695,
        0.029130985960364342,
        0.029804950580000877,
        0.02998928166925907,
        0.029946157708764076,
        0.029944580048322678,
        0.03016262874007225,
        0.030476156622171402,
        0.031011994928121567,
        0.03259524330496788,
        0.035058870911598206,
        0.037720147520303726,
        0.04616415873169899,
        0.05673840269446373
      ]
    },
    "2024": {
      "n_samples": 250,
      "entropy_mean": 2.5951366424560547,
      "entropy_std": 0.7007284760475159,
      "attention_concentration": 0.06129857897758484,
      "top_features": [
        [
          "t-20",
          0.15079033374786377
        ],
        [
          "t-19",
          0.0641191154718399
        ],
        [
          "t-1",
          0.04898393899202347
        ],
        [
          "t-2",
          0.047423530369997025
        ],
        [
          "t-3",
          0.04735075309872627
        ]
      ],