{
  "period_statistics": {
    "2020": {
      "n_samples": 92,
      "entropy_mean": 2.9942567348480225,
      "entropy_std": 0.0011571241775527596,
      "attention_concentration": 0.05006619542837143,
      "top_features": [
        [
          "t-19",
          0.05336632579565048
        ],
        [
          "t-20",
          0.05304684862494469
        ],
        [
          "t-18",
          0.052746258676052094
        ],
        [
          "t-17",
          0.05211765319108963
        ],
        [
          "t-16",
          0.05156487599015236
        ]
      ],
      "mean_attention": [
        0.05304684862494469,
        0.05336632579565048,
        0.052746258676052094,
        0.05211765319108963,
        0.05156487599015236,
        0.05111498013138771,
        0.05073713883757591,
        0.05040867254137993,
        0.05011960119009018,
        0.04986099153757095,
        0.04962969943881035,
        0.049420326948165894,
        0.04922813922166824,
        0.04893938824534416,
        0.04865243658423424,
        0.04841616377234459,
        0.04816163703799248,
        0.04786905646324158,
        0.04752034321427345,
        0.047079429030418396
      ],
      "std_attention": [
        0.002009106334298849,
        0.0019191143801435828,
        0.0018640269991010427,
        0.001808274071663618,
        0.0017570245545357466,
        0.001716763712465763,
        0.0016820337623357773,
        0.001655380823649466,
        0.001639630412682891,
        0.0016400532331317663,
        0.0016555634792894125,
        0.0016877857269719243,
        0.0017273747362196445,
        0.001971734454855323,
        0.0022019462194293737,
        0.0022822378668934107,
        0.0023673532996326685,
        0.002462621545419097,
        0.0025640767998993397,
        0.002685738727450371
      ]
    },
    "2021": {
      "n_samples": 250,
      "entropy_mean": 2.985889196395874,
      "entropy_std": 0.007671163883060217,
      "attention_concentration": 0.050434235483407974,
      "top_features": [
        [
          "t-20",
          0.05644826218485832
        ],
        [
          "t-19",
          0.055895399302244186
        ],
        [
          "t-18",
          0.05521375313401222
        ],
        [
          "t-17",
          0.05458509922027588
        ],
        [
          "t-16",
          0.05403841659426689
        ]
      ],
      "mean_attention": [
        0.05644826218485832,
        0.055895399302244186,
        0.05521375313401222,
        0.05458509922027588,
        0.05403841659426689,
        0.053537096828222275,
        0.053012169897556305,
        0.05248800665140152,
        0.05193678289651871,
        0.051325228065252304,
        0.0506717711687088,
        0.049941353499889374,
        0.049114007502794266,
        0.048239815980196,
        0.04723673313856125,
        0.04607560113072395,
        0.04477864131331444,
        0.04335736483335495,
        0.0418342687189579,
        0.04027022048830986
      ],
      "std_attention": [
        0.005901092663407326,
        0.005546925123780966,
        0.0052429731003940105,
        0.005034143105149269,
        0.004928732290863991,
        0.0049195243045687675,
        0.0049402061849832535,
        0.004997674375772476,
        0.005062994547188282,
        0.005120300687849522,
        0.005159309599548578,
        0.00515533983707428,
        0.005123194307088852,
        0.00505076814442873,
        0.0049942657351493835,
        0.004965345840901136,
        0.004992653615772724,
        0.005055563058704138,
        0.005148560274392366,
        0.005259845871478319
      ]
    },
    "2022": {
      "n_samples": 249,
      "entropy_mean": 2.9686248302459717,
      "entropy_std": 0.02586434781551361,
      "attention_concentration": 0.05124261975288391,
      "top_features": [
        [
          "t-20",
          0.06392031162977219
        ],
        [
          "t-19",
          0.0621023066341877
        ],
        [
          "t-18",
          0.06066947802901268
        ],
        [
          "t-17",
          0.05908096954226494
        ],
        [
          "t-16",
          0.05751699581742287
        ]
      ],
      "mean_attention": [
        0.06392031162977219,
        0.0621023066341877,
        0.06066947802901268,
        0.05908096954226494,
        0.05751699581742287,
        0.0560036301612854,
        0.05454534292221069,
        0.05304427444934845,
        0.05158824473619461,
        0.05017097666859627,
        0.04873674362897873,
        0.04733067378401756,
        0.04596610367298126,
        0.044643379747867584,
        0.04340580850839615,
        0.042240045964717865,
        0.04116826131939888,
        0.04016505181789398,
        0.039250146597623825,
        0.03845131769776344
      ],
      "std_attention": [
        0.011731063947081566,
        0.010723497718572617,
        0.009854491800069809,
        0.009114164859056473,
        0.008471367880702019,
        0.007912893779575825,
        0.007466692943125963,
        0.007190259173512459,
        0.007015133276581764,
        0.00696466863155365,
        0.007006500847637653,
        0.007135747000575066,
        0.007343004457652569,
        0.007599486969411373,
        0.007924405857920647,
        0.008260766044259071,
        0.008594926446676254,
        0.008910059928894043,
        0.00920200441032648,
        0.009493591263890266
      ]
    },
    "2023": {
      "n_samples": 249,
      "entropy_mean": 2.9839353561401367,
      "entropy_std": 0.011545630171895027,
      "attention_concentration": 0.050265680998563766,
      "top_features": [
        [
          "t-20",
          0.055716224014759064
        ],
        [
          "t-19",
          0.0540761724114418
        ],
        [
          "t-18",
          0.05348297581076622
        ],
        [
          "t-17",
          0.05306299403309822
        ],
        [
          "t-16",
          0.05280103534460068
        ]
      ],
      "mean_attention": [
        0.055716224014759064,
        0.0540761724114418,
        0.05348297581076622,
        0.05306299403309822,
        0.05280103534460068,
        0.052581872791051865,
        0.05234338343143463,
        0.05210328847169876,
        0.05175858363509178,
        0.051338329911231995,
        0.05086170509457588,
        0.05029065161943436,
        0.04962482303380966,
        0.04884397238492966,
        0.04797288030385971,
        0.046994585543870926,
        0.045887645334005356,
        0.04469670355319977,
        0.04343763366341591,
        0.04212452843785286
      ],
      "std_attention": [
        0.009324480779469013,
        0.0085545489564538,
        0.007868317887187004,
        0.007273341063410044,
        0.006805056240409613,
        0.006437995936721563,
        0.006189854349941015,
        0.005986839532852173,
        0.005888488609343767,
        0.005849817302078009,
        0.005863694939762354,
        0.005926535464823246,
        0.0060243126936256886,
        0.006146405357867479,
        0.006290137302130461,
        0.006441336125135422,
        0.006594807840883732,
        0.006725407671183348,
        0.006781341973692179,
        0.006780069787055254
      ]
    },
    "2024": {
      "n_samples": 250,
      "entropy_mean": 2.9826676845550537,
      "entropy_std": 0.012674296274781227,
      "attention_concentration": 0.05011146515607834,
      "top_features": [
        [
          "t-20",
          0.052974093705415726
        ],
        [
          "t-12",
          0.05160115286707878
        ],
        [
          "t-13",
          0.05160074308514595
        ],
        [
          "t-14",
          0.05154716968536377
        ],
        [
          "t-11",
          0.05151026323437691
        ]
      ],