{
  "evaluation_timestamp": "2025-10-22T23:15:33.323410",
  "statistical_metrics": {
    "mse": 1.2123762369155884,
    "rmse": 1.1010795831680298,
    "mae": 0.7879001498222351,
    "mape": 324.79820251464844,
    "r2": -0.030264616012573242,
    "mean_error": -0.1896977722644806,
    "std_error": 1.0846155881881714
  },
  "financial_metrics": {
    "directional_accuracy": 0.53671875,
    "sharpe_ratio": 0.8329736080938573,
    "max_drawdown": -0.2524605989456177,
    "total_return": 0.9216080904006958,
    "hit_rate": 0.53671875,
    "num_trades": 1280,
    "precision": 0.53671875,
    "recall": 1.0,
    "f1_score": 0.6985256736146417,
    "confusion_matrix": [
      [
        0,
        593
      ],
      [
        0,
        687
      ]
    ],
    "auc_roc": 0.47447292650058537,
    "alpha": 0.0
  },
  "residual_diagnostics": {
    "normality_p_value": 1.1378021998949731e-39,
    "acf_lag1": -0.03590871249304891,
    "skewness": 0.055948963332877,
    "kurtosis": 6.463748522392384
  },
  "checkpoint_used": "experiments/sweep_stale_h14_drop0.20_lr3/checkpoints/tft-epoch=05-val_loss=0.1576.ckpt"
}