{
  "evaluation_timestamp": "2025-10-27T12:03:44.228699",
  "statistical_metrics": {
    "mse": 1.2123762369155884,
    "rmse": 1.1010795831680298,
    "mae": 0.7879001498222351,
    "mape": 324.7980833053589,
    "r2": -0.030264616012573242,
    "mean_error": -0.18969771265983582,
    "std_error": 1.0846155881881714
  },
  "financial_metrics": {
    "directional_accuracy": 0.53671875,
    "sharpe_ratio": 0.8329736080938573,
    "max_drawdown": -0.2524605989456177,
    "total_return": 0.9216080904006958,
    "hit_rate": 0.53671875,
    "num_trades": 1280,
    "precision": 0.53671875,
    "recall": 1.0,
    "f1_score": 0.6985256736146417,
    "confusion_matrix": [
      [
        0,
        593
      ],
      [
        0,
        687
      ]
    ],
    "auc_roc": 0.47447292650058537,
    "alpha": 0.0
  },
  "residual_diagnostics": {
    "normality_p_value": 1.1378173966567509e-39,
    "acf_lag1": -0.035908709519444915,
    "skewness": 0.055948945814904956,
    "kurtosis": 6.46374714414654
  },
  "mode_stats": {
    "healthy_days": 29,
    "degraded_days": 1,
    "unidirectional_days": 335,
    "weak_collapse_days": 814,
    "strong_collapse_days": 101,
    "total_days": 1280,
    "healthy_pct": 2.265625,
    "degraded_pct": 0.078125,
    "unidirectional_pct": 26.171875,
    "weak_collapse_pct": 63.59375000000001,
    "strong_collapse_pct": 7.890625
  },
  "collapse_detected": true,
  "degradation_detected": true,
  "checkpoint_used": "experiments/01_staleness_features_fixed/sweep_stale_h14_drop0.20_lr3/checkpoints/tft-epoch=05-val_loss=0.1576.ckpt"
}