{
  "evaluation_timestamp": "2025-10-30T03:26:20.995055",
  "statistical_metrics": {
    "mse": 1.1744416952133179,
    "rmse": 1.083716630935669,
    "mae": 0.7725344896316528,
    "mape": 121.7928409576416,
    "r2": 0.0019717812538146973,
    "mean_error": -0.002273333026096225,
    "std_error": 1.083714246749878
  },
  "financial_metrics": {
    "directional_accuracy": 0.528125,
    "sharpe_ratio": 0.706277349697728,
    "max_drawdown": -0.21356913447380066,
    "total_return": 0.6699939966201782,
    "hit_rate": 0.4640625,
    "num_trades": 1105,
    "precision": 0.5375565610859728,
    "recall": 0.8646288209606987,
    "f1_score": 0.6629464285714286,
    "confusion_matrix": [
      [
        82,
        511
      ],
      [
        93,
        594
      ]
    ],
    "auc_roc": 0.5042968548642459,
    "alpha": -0.2516140937805176
  },
  "residual_diagnostics": {
    "normality_p_value": 2.1095653508867583e-38,
    "acf_lag1": -0.025804476780140605,
    "skewness": -0.01860064246390825,
    "kurtosis": 6.193400981830646
  },
  "mode_stats": {
    "healthy_days": 516,
    "degraded_days": 325,
    "unidirectional_days": 418,
    "weak_collapse_days": 21,
    "strong_collapse_days": 0,
    "total_days": 1280,
    "healthy_pct": 40.3125,
    "degraded_pct": 25.390625,
    "unidirectional_pct": 32.65625,
    "weak_collapse_pct": 1.640625,
    "strong_collapse_pct": 0.0
  },
  "collapse_detected": true,
  "degradation_detected": true,
  "checkpoint_used": "experiments/01_staleness_features_fixed/sweep_stale_h14_drop0.20_lr3/checkpoints/tft-epoch=99-val_loss=0.3997.ckpt"
}