{
  "evaluation_timestamp": "2025-10-27T12:01:11.279743",
  "statistical_metrics": {
    "mse": 1.2015039920806885,
    "rmse": 1.0961313247680664,
    "mae": 0.782599925994873,
    "mape": 324.28479194641113,
    "r2": -0.026676177978515625,
    "mean_error": -0.1766541302204132,
    "std_error": 1.0818027257919312
  },
  "financial_metrics": {
    "directional_accuracy": 0.537984496124031,
    "sharpe_ratio": 0.8573003844528377,
    "max_drawdown": -0.2524600327014923,
    "total_return": 0.9700032472610474,
    "hit_rate": 0.537984496124031,
    "num_trades": 1290,
    "precision": 0.537984496124031,
    "recall": 1.0,
    "f1_score": 0.6995967741935484,
    "confusion_matrix": [
      [
        0,
        596
      ],
      [
        0,
        694
      ]
    ],
    "auc_roc": 0.5203058816703092,
    "alpha": 0.0
  },
  "residual_diagnostics": {
    "normality_p_value": 2.156318727257691e-40,
    "acf_lag1": -0.037614053167363576,
    "skewness": 0.08182670934917043,
    "kurtosis": 6.527976598184814
  },
  "mode_stats": {
    "healthy_days": 29,
    "degraded_days": 1,
    "unidirectional_days": 1134,
    "weak_collapse_days": 126,
    "strong_collapse_days": 0,
    "total_days": 1290,
    "healthy_pct": 2.248062015503876,
    "degraded_pct": 0.07751937984496124,
    "unidirectional_pct": 87.90697674418605,
    "weak_collapse_pct": 9.767441860465116,
    "strong_collapse_pct": 0.0
  },
  "collapse_detected": true,
  "degradation_detected": true,
  "checkpoint_used": "experiments/00_baseline_exploration/sweep_encoder_10/checkpoints/tft-epoch=00-val_loss=0.1521.ckpt"
}