{
  "evaluation_timestamp": "2025-10-30T03:20:26.927555",
  "statistical_metrics": {
    "mse": 1.1694267988204956,
    "rmse": 1.0814003944396973,
    "mae": 0.7701832056045532,
    "mape": 139.3334150314331,
    "r2": 0.0007336139678955078,
    "mean_error": 0.008083692751824856,
    "std_error": 1.081370234489441
  },
  "financial_metrics": {
    "directional_accuracy": 0.5310077519379846,
    "sharpe_ratio": 0.7536939306460533,
    "max_drawdown": -0.25245967507362366,
    "total_return": 0.789635181427002,
    "hit_rate": 0.5232558139534884,
    "num_trades": 1261,
    "precision": 0.535289452815226,
    "recall": 0.9726224783861671,
    "f1_score": 0.690537084398977,
    "confusion_matrix": [
      [
        10,
        586
      ],
      [
        19,
        675
      ]
    ],
    "auc_roc": 0.5001257180434404,
    "alpha": -0.1803680658340454
  },
  "residual_diagnostics": {
    "normality_p_value": 1.1642030494313024e-40,
    "acf_lag1": -0.032350871954045096,
    "skewness": 0.052341246573340494,
    "kurtosis": 6.638212332676877
  },
  "mode_stats": {
    "healthy_days": 68,
    "degraded_days": 260,
    "unidirectional_days": 910,
    "weak_collapse_days": 46,
    "strong_collapse_days": 6,
    "total_days": 1290,
    "healthy_pct": 5.271317829457364,
    "degraded_pct": 20.155038759689923,
    "unidirectional_pct": 70.54263565891473,
    "weak_collapse_pct": 3.565891472868217,
    "strong_collapse_pct": 0.46511627906976744
  },
  "collapse_detected": true,
  "degradation_detected": true,
  "checkpoint_used": "experiments/00_baseline_exploration/sweep_encoder_10/checkpoints/tft-epoch=44-val_loss=0.3956.ckpt"
}