{
  "period_statistics": {
    "2020": {
      "n_samples": 92,
      "entropy_mean": 2.990734577178955,
      "entropy_std": 0.0029651899822056293,
      "attention_concentration": 0.05041208490729332,
      "top_features": [
        [
          "t-1",
          0.061321429908275604
        ],
        [
          "t-2",
          0.05863874405622482
        ],
        [
          "t-3",
          0.05625506490468979
        ],
        [
          "t-4",
          0.05420098453760147
        ],
        [
          "t-20",
          0.05393712595105171
        ]
      ],
      "mean_attention": [
        0.05393712595105171,
        0.04885547235608101,
        0.04790547490119934,
        0.04677685350179672,
        0.04604524001479149,
        0.045736804604530334,
        0.045678798109292984,
        0.04580497741699219,
        0.0460866317152977,
        0.046482592821121216,
        0.04701624810695648,
        0.04770353063941002,
        0.048566460609436035,
        0.04963582009077072,
        0.05091167986392975,
        0.05244004353880882,
        0.05420098453760147,
        0.05625506490468979,
        0.05863874405622482,
        0.061321429908275604
      ],
      "std_attention": [
        0.0027227436657994986,
        0.002163047669455409,
        0.0020907376892864704,
        0.0019689605105668306,
        0.0019858377054333687,
        0.001905816956423223,
        0.0018595204455778003,
        0.0018622638890519738,
        0.001922276453115046,
        0.0019666338339447975,
        0.002025322988629341,
        0.002081759972497821,
        0.0021127816289663315,
        0.0021275714971125126,
        0.0021450533531606197,
        0.0022010973189026117,
        0.0023158537223935127,
        0.0025158573407679796,
        0.002890396863222122,
        0.0034685670398175716
      ]
    },
    "2021": {
      "n_samples": 250,
      "entropy_mean": 2.9446449279785156,
      "entropy_std": 0.032773833721876144,
      "attention_concentration": 0.050390418618917465,
      "top_features": [
        [
          "t-1",
          0.05934138596057892
        ],
        [
          "t-2",
          0.05777933448553085
        ],
        [
          "t-3",
          0.056188058108091354
        ],
        [
          "t-20",
          0.05531815439462662
        ],
        [
          "t-4",
          0.0545852966606617
        ]
      ],
      "mean_attention": [
        0.05531815439462662,
        0.04978795722126961,
        0.04848899319767952,
        0.04709147661924362,
        0.04612266644835472,
        0.04558233544230461,
        0.04527935013175011,
        0.04528707638382912,
        0.04556436091661453,
        0.04600344970822334,
        0.04668233171105385,
        0.04759819060564041,
        0.04874616861343384,
        0.050062377005815506,
        0.05149618908762932,
        0.05299481004476547,
        0.0545852966606617,
        0.056188058108091354,
        0.05777933448553085,
        0.05934138596057892
      ],
      "std_attention": [
        0.021694296970963478,
        0.019128035753965378,
        0.018013138324022293,
        0.01680809259414673,
        0.015733271837234497,
        0.014985944144427776,
        0.014359424822032452,
        0.013917762786149979,
        0.013712746091187,
        0.013596008531749249,
        0.013587343506515026,
        0.013659805059432983,
        0.01387594360858202,
        0.01420801505446434,
        0.014789826236665249,
        0.015362738631665707,
        0.015948070213198662,
        0.01656736247241497,
        0.01747172325849533,
        0.018636558204889297
      ]
    },
    "2022": {
      "n_samples": 249,
      "entropy_mean": 2.9830498695373535,
      "entropy_std": 0.010580608621239662,
      "attention_concentration": 0.050508566200733185,
      "top_features": [
        [
          "t-20",
          0.06635124236345291
        ],
        [
          "t-19",
          0.060221944004297256
        ],
        [
          "t-18",
          0.0563344806432724
        ],
        [
          "t-17",
          0.052599355578422546
        ],
        [
          "t-16",
          0.05009133741259575
        ]
      ],
      "mean_attention": [
        0.06635124236345291,
        0.060221944004297256,
        0.0563344806432724,
        0.052599355578422546,
        0.05009133741259575,
        0.04848180338740349,
        0.047583457082509995,
        0.04707508534193039,
        0.046795476227998734,
        0.04675685241818428,
        0.046856775879859924,
        0.04704119265079498,
        0.04728806018829346,
        0.04758560657501221,
        0.04787299782037735,
        0.048125408589839935,
        0.04826289415359497,
        0.04830596223473549,
        0.048260271549224854,
        0.048109713941812515
      ],
      "std_attention": [
        0.011800947599112988,
        0.010119086131453514,
        0.008330623619258404,
        0.00692898640409112,
        0.0059775086119771,
        0.005337697919458151,
        0.0049010878428816795,
        0.004658163525164127,
        0.004464442376047373,
        0.004390089772641659,
        0.004378325771540403,
        0.00440758652985096,
        0.004499006550759077,
        0.004756515379995108,
        0.0051154810935258865,
        0.005505541805177927,
        0.005954500287771225,
        0.006420281250029802,
        0.006848535034805536,
        0.007258587516844273
      ]
    },
    "2023": {
      "n_samples": 249,
      "entropy_mean": 2.9199838638305664,
      "entropy_std": 0.066921666264534,
      "attention_concentration": 0.05141821876168251,
      "top_features": [
        [
          "t-1",
          0.06579356640577316
        ],
        [
          "t-2",
          0.0640890896320343
        ],
        [
          "t-3",
          0.062135305255651474
        ],
        [
          "t-4",
          0.05995190143585205
        ],
        [
          "t-5",
          0.0575641393661499
        ]
      ],
      "mean_attention": [
        0.05665972828865051,
        0.04914961755275726,
        0.04533688351511955,
        0.04240397363901138,
        0.04070192202925682,
        0.03996808081865311,
        0.04002503305673599,
        0.04068551957607269,
        0.04185749962925911,
        0.04343588277697563,
        0.04533056542277336,
        0.04750746861100197,
        0.04990539699792862,
        0.05245508626103401,
        0.055043380707502365,
        0.0575641393661499,
        0.05995190143585205,
        0.062135305255651474,
        0.0640890896320343,
        0.06579356640577316
      ],
      "std_attention": [
        0.03425971418619156,
        0.027155548334121704,
        0.02358110249042511,
        0.020614663138985634,
        0.017866550013422966,
        0.015476206317543983,
        0.014001801609992981,
        0.013015258125960827,
        0.01225980557501316,
        0.011684851720929146,
        0.01131658349186182,
        0.011292635463178158,
        0.011731652542948723,
        0.012743687257170677,
        0.014159084297716618,
        0.015986304730176926,
        0.017975902184844017,
        0.02006707340478897,
        0.02223271131515503,
        0.02436797507107258
      ]
    },
    "2024": {
      "n_samples": 250,
      "entropy_mean": 2.8022825717926025,
      "entropy_std": 0.14509834349155426,
      "attention_concentration": 0.055954575538635254,
      "top_features": [
        [
          "t-1",
          0.08850672096014023
        ],
        [
          "t-2",
          0.08249223977327347
        ],
        [
          "t-3",
          0.07656519114971161
        ],
        [
          "t-4",
          0.07069021463394165
        ],
        [
          "t-5",
          0.06480642408132553
        ]
      ],