{
  "period_statistics": {
    "2020": {
      "n_samples": 92,
      "entropy_mean": 2.9906225204467773,
      "entropy_std": 0.005701723974198103,
      "attention_concentration": 0.05000565946102142,
      "top_features": [
        [
          "t-20",
          0.05137333646416664
        ],
        [
          "t-19",
          0.05108759179711342
        ],
        [
          "t-18",
          0.0507846362888813
        ],
        [
          "t-17",
          0.050443798303604126
        ],
        [
          "t-16",
          0.050179194658994675
        ]
      ],
      "mean_attention": [
        0.05137333646416664,
        0.05108759179711342,
        0.0507846362888813,
        0.050443798303604126,
        0.050179194658994675,
        0.05001211166381836,
        0.049913909286260605,
        0.049869295209646225,
        0.04984895512461662,
        0.04986196383833885,
        0.04988756775856018,
        0.04991019889712334,
        0.04993234947323799,
        0.049846287816762924,
        0.049747638404369354,
        0.04966715723276138,
        0.04957300052046776,
        0.049469828605651855,
        0.04935642331838608,
        0.04923470690846443
      ],
      "std_attention": [
        0.004629232920706272,
        0.005107481963932514,
        0.005182208493351936,
        0.00512738199904561,
        0.005033018533140421,
        0.004898172337561846,
        0.004784295801073313,
        0.0046715522184967995,
        0.004601199179887772,
        0.004538555629551411,
        0.004518565721809864,
        0.004518700763583183,
        0.004562752787023783,
        0.0046570864506065845,
        0.004797289613634348,
        0.004970761947333813,
        0.005152984522283077,
        0.00537156593054533,
        0.005634970031678677,
        0.005954768508672714
      ]
    },
    "2021": {
      "n_samples": 250,
      "entropy_mean": 2.99271821975708,
      "entropy_std": 0.002199924783781171,
      "attention_concentration": 0.05002322047948837,
      "top_features": [
        [
          "t-20",
          0.052824363112449646
        ],
        [
          "t-19",
          0.05202627182006836
        ],
        [
          "t-18",
          0.051398392766714096
        ],
        [
          "t-17",
          0.05091811716556549
        ],
        [
          "t-16",
          0.050571259111166
        ]
      ],
      "mean_attention": [
        0.052824363112449646,
        0.05202627182006836,
        0.051398392766714096,
        0.05091811716556549,
        0.050571259111166,
        0.050322163850069046,
        0.050154831260442734,
        0.05002942681312561,
        0.04992905259132385,
        0.049843624234199524,
        0.049753040075302124,
        0.04965321347117424,
        0.04953782260417938,
        0.049397338181734085,
        0.049286067485809326,
        0.04916028678417206,
        0.049021657556295395,
        0.048874422907829285,
        0.04872678965330124,
        0.0485718697309494
      ],
      "std_attention": [
        0.0029149826150387526,
        0.002930553862825036,
        0.002939790952950716,
        0.0029653161764144897,
        0.002991777379065752,
        0.0030357318464666605,
        0.0030849140603095293,
        0.0031232298351824284,
        0.0031744972802698612,
        0.0032438768539577723,
        0.0033247102983295918,
        0.003429349046200514,
        0.0035561034455895424,
        0.0037783593870699406,
        0.003926037810742855,
        0.0040857610292732716,
        0.004276653751730919,
        0.004483026452362537,
        0.004721952602267265,
        0.004982865881174803
      ]
    },
    "2022": {
      "n_samples": 249,
      "entropy_mean": 2.9888901710510254,
      "entropy_std": 0.005409717559814453,
      "attention_concentration": 0.05015823617577553,
      "top_features": [
        [
          "t-20",
          0.05738666281104088
        ],
        [
          "t-19",
          0.05556677281856537
        ],
        [
          "t-18",
          0.053842514753341675
        ],
        [
          "t-17",
          0.052471354603767395
        ],
        [
          "t-16",
          0.05146442726254463
        ]
      ],
      "mean_attention": [
        0.05738666281104088,
        0.05556677281856537,
        0.053842514753341675,
        0.052471354603767395,
        0.05146442726254463,
        0.05075128376483917,
        0.050229866057634354,
        0.049840908497571945,
        0.04955601692199707,
        0.04931297525763512,
        0.04909273236989975,
        0.04888167977333069,
        0.04866882786154747,
        0.04849593713879585,
        0.048194367438554764,
        0.047902148216962814,
        0.047597289085388184,
        0.04726787284016609,
        0.046917326748371124,
        0.046559106558561325
      ],
      "std_attention": [
        0.005719900131225586,
        0.005633320659399033,
        0.00538759445771575,
        0.005162833258509636,
        0.0049598608165979385,
        0.004789031110703945,
        0.004649177193641663,
        0.004546877928078175,
        0.004493345972150564,
        0.004474249668419361,
        0.004493628162890673,
        0.004556246101856232,
        0.00465516559779644,
        0.0047385189682245255,
        0.004955937620252371,
        0.005130435340106487,
        0.005313879810273647,
        0.005499619524925947,
        0.005692245904356241,
        0.00589261157438159
      ]
    },
    "2023": {
      "n_samples": 249,
      "entropy_mean": 2.9933958053588867,
      "entropy_std": 0.0015053419629111886,
      "attention_concentration": 0.050041064620018005,
      "top_features": [
        [
          "t-20",
          0.054621193557977676
        ],
        [
          "t-19",
          0.05278958007693291
        ],
        [
          "t-18",
          0.051653191447257996
        ],
        [
          "t-17",
          0.05086711049079895
        ],
        [
          "t-16",
          0.050333619117736816
        ]
      ],
      "mean_attention": [
        0.054621193557977676,
        0.05278958007693291,
        0.051653191447257996,
        0.05086711049079895,
        0.050333619117736816,
        0.04997825622558594,
        0.04974514991044998,
        0.04960259422659874,
        0.04949955269694328,
        0.04942617565393448,
        0.049375396221876144,
        0.049327924847602844,
        0.04928121343255043,
        0.04922660067677498,
        0.04923407733440399,
        0.049156274646520615,
        0.04908813536167145,
        0.04901452735066414,
        0.04893748089671135,
        0.0488419309258461
      ],
      "std_attention": [
        0.002343464409932494,
        0.002323684748262167,
        0.002389986300840974,
        0.002465266501531005,
        0.002527903765439987,
        0.0025767842307686806,
        0.0026274032425135374,
        0.0026734734419733286,
        0.0027260358911007643,
        0.002782270312309265,
        0.0028592508751899004,
        0.0029493512120097876,
        0.0030515692196786404,
        0.003164113499224186,
        0.0031755228992551565,
        0.003336644498631358,
        0.003483865177258849,
        0.003634867025539279,
        0.003798988414928317,
        0.003980213776230812
      ]
    },
    "2024": {
      "n_samples": 250,
      "entropy_mean": 2.9947071075439453,
      "entropy_std": 0.0008333763689734042,
      "attention_concentration": 0.05003036558628082,
      "top_features": [
        [
          "t-20",
          0.053934041410684586
        ],
        [
          "t-19",
          0.05231211706995964
        ],
        [
          "t-18",
          0.051420602947473526
        ],
        [
          "t-17",
          0.05080190300941467
        ],
        [
          "t-16",
          0.05037383362650871
        ]
      ],