{
  "period_statistics": {
    "2020": {
      "n_samples": 92,
      "entropy_mean": 2.8650097846984863,
      "entropy_std": 0.14364930987358093,
      "attention_concentration": 0.05550948530435562,
      "top_features": [
        [
          "t-1",
          0.08506128191947937
        ],
        [
          "t-2",
          0.07943964749574661
        ],
        [
          "t-3",
          0.07414855808019638
        ],
        [
          "t-4",
          0.0694943219423294
        ],
        [
          "t-5",
          0.06507790833711624
        ]
      ],
      "mean_attention": [
        0.02941899746656418,
        0.03168525919318199,
        0.03331372141838074,
        0.03450826555490494,
        0.03553074225783348,
        0.03656453266739845,
        0.037810541689395905,
        0.03931171074509621,
        0.041258782148361206,
        0.043455883860588074,
        0.04601380228996277,
        0.048902060836553574,
        0.05210600793361664,
        0.05629128962755203,
        0.06060672923922539,
        0.06507790833711624,
        0.0694943219423294,
        0.07414855808019638,
        0.07943964749574661,
        0.08506128191947937
      ],
      "std_attention": [
        0.015422639437019825,
        0.015350532718002796,
        0.014807887375354767,
        0.01432632002979517,
        0.01415217574685812,
        0.014040556736290455,
        0.014183941297233105,
        0.014422222971916199,
        0.014898954890668392,
        0.015380844473838806,
        0.016048554331064224,
        0.016922231763601303,
        0.0179658904671669,
        0.019913924857974052,
        0.022064536809921265,
        0.025514056906104088,
        0.029190225526690483,
        0.03415479511022568,
        0.04161318764090538,
        0.05092199519276619
      ]
    },
    "2021": {
      "n_samples": 250,
      "entropy_mean": 2.7968215942382812,
      "entropy_std": 0.2519502639770508,
      "attention_concentration": 0.05475940182805061,
      "top_features": [
        [
          "t-1",
          0.07693254947662354
        ],
        [
          "t-2",
          0.07303696870803833
        ],
        [
          "t-3",
          0.06930733472108841
        ],
        [
          "t-4",
          0.06602959334850311
        ],
        [
          "t-5",
          0.0636458694934845
        ]
      ],
      "mean_attention": [
        0.025332294404506683,
        0.027664661407470703,
        0.029846983030438423,
        0.032017212361097336,
        0.03448212146759033,
        0.037271395325660706,
        0.04025312885642052,
        0.04337592050433159,
        0.04656597599387169,
        0.04942575842142105,
        0.05214744806289673,
        0.054646652191877365,
        0.05722283199429512,
        0.059371136128902435,
        0.06142406165599823,
        0.0636458694934845,
        0.06602959334850311,
        0.06930733472108841,
        0.07303696870803833,
        0.07693254947662354
      ],
      "std_attention": [
        0.015573752112686634,
        0.017124133184552193,
        0.01778494007885456,
        0.018391961231827736,
        0.019432280212640762,
        0.020664263516664505,
        0.02221691980957985,
        0.02379666641354561,
        0.025583531707525253,
        0.027112729847431183,
        0.028491465374827385,
        0.029472384601831436,
        0.03064960613846779,
        0.032278917729854584,
        0.033950719982385635,
        0.036700133234262466,
        0.040059033781290054,
        0.04877306893467903,
        0.05942399054765701,
        0.06912680715322495
      ]
    },
    "2022": {
      "n_samples": 249,
      "entropy_mean": 2.735689640045166,
      "entropy_std": 0.23678454756736755,
      "attention_concentration": 0.05965116620063782,
      "top_features": [
        [
          "t-1",
          0.09309670329093933
        ],
        [
          "t-2",
          0.08552258461713791
        ],
        [
          "t-3",
          0.07955262809991837
        ],
        [
          "t-4",
          0.07452570647001266
        ],
        [
          "t-5",
          0.07013791054487228
        ]
      ],
      "mean_attention": [
        0.022496182471513748,
        0.023753764107823372,
        0.024390114471316338,
        0.025723207741975784,
        0.02770441398024559,
        0.03003876656293869,
        0.03300806134939194,
        0.03659455105662346,
        0.040351931005716324,
        0.04455627501010895,
        0.049112431704998016,
        0.05362100526690483,
        0.05783556029200554,
        0.06203274801373482,
        0.06594542413949966,
        0.07013791054487228,
        0.07452570647001266,
        0.07955262809991837,
        0.08552258461713791,
        0.09309670329093933
      ],
      "std_attention": [
        0.018658017739653587,
        0.017983201891183853,
        0.017321351915597916,
        0.017388692125678062,
        0.01781298592686653,
        0.018417978659272194,
        0.019244924187660217,
        0.020588897168636322,
        0.0217837393283844,
        0.022968104109168053,
        0.024525616317987442,
        0.026502693071961403,
        0.02831929735839367,
        0.030453801155090332,
        0.03264455124735832,
        0.035400569438934326,
        0.03975691273808479,
        0.04648860916495323,
        0.05588945001363754,
        0.07127875089645386
      ]
    },
    "2023": {
      "n_samples": 249,
      "entropy_mean": 2.910137414932251,
      "entropy_std": 0.08399773389101028,
      "attention_concentration": 0.05198713764548302,
      "top_features": [
        [
          "t-1",
          0.06441935896873474
        ],
        [
          "t-2",
          0.06296848505735397
        ],
        [
          "t-3",
          0.06169840320944786
        ],
        [
          "t-4",
          0.06046135351061821
        ],
        [
          "t-5",
          0.05917757749557495
        ]
      ],
      "mean_attention": [
        0.03216182440519333,
        0.03440790995955467,
        0.03617442771792412,
        0.03786105290055275,
        0.03983154892921448,
        0.04208902642130852,
        0.044443175196647644,
        0.04669484123587608,
        0.04891812801361084,
        0.051020510494709015,
        0.05279020592570305,
        0.05429403483867645,
        0.05561451241374016,
        0.05682998150587082,
        0.05814359337091446,
        0.05917757749557495,
        0.06046135351061821,
        0.06169840320944786,
        0.06296848505735397,
        0.06441935896873474
      ],
      "std_attention": [
        0.014927992597222328,
        0.015320638194680214,
        0.015263382345438004,
        0.01505276933312416,
        0.01486769039183855,
        0.014825469814240932,
        0.015056748874485493,
        0.015265327878296375,
        0.015714900568127632,
        0.016173522919416428,
        0.016695570200681686,
        0.01722184754908085,
        0.01781727559864521,
        0.0185560192912817,
        0.01962215080857277,
        0.020846346393227577,
        0.0225665345788002,
        0.02462668903172016,
        0.027542101219296455,
        0.03110593557357788
      ]
    },
    "2024": {
      "n_samples": 250,
      "entropy_mean": 2.866825580596924,
      "entropy_std": 0.26272499561309814,
      "attention_concentration": 0.05126345530152321,
      "top_features": [
        [
          "t-1",
          0.06617133319377899
        ],
        [
          "t-2",
          0.06333210319280624
        ],
        [
          "t-3",
          0.061049267649650574
        ],
        [
          "t-4",
          0.05912717059254646
        ],
        [
          "t-5",
          0.05724132061004639
        ]
      ],