{
  "experiment": "sweep2_h16_drop_0.25",
  "collapsed": false,
  "collapse_type": null,
  "predictions": {
    "mean": 0.09470276534557343,
    "std": 0.05119142308831215,
    "min": -0.05711037665605545,
    "max": 0.15672460198402405,
    "range": 0.2138349711894989,
    "pct_positive": 92.1875,
    "pct_negative": 7.8125,
    "num_unique": 1273
  },
  "hidden_size": 16,
  "total_params": 22615,
  "diagnosed_at": "2025-10-21T13:20:42.209728"
}