{
  "evaluation_timestamp": "2025-10-16T18:51:27.180824",
  "statistical_metrics": {
    "mse": 1.2625256776809692,
    "rmse": 1.1236217021942139,
    "mae": 0.8097454905509949,
    "mape": 426.0612964630127,
    "r2": -0.07288110256195068,
    "mean_error": -0.2949345111846924,
    "std_error": 1.0842229127883911
  },
  "financial_metrics": {
    "directional_accuracy": 0.53671875,
    "sharpe_ratio": 0.8329736080938573,
    "max_drawdown": -0.2524605989456177,
    "total_return": 0.9216080904006958,
    "hit_rate": 0.53671875,
    "num_trades": 1280,
    "precision": 0.53671875,
    "recall": 1.0,
    "f1_score": 0.6985256736146417,
    "confusion_matrix": [
      [
        0,
        593
      ],
      [
        0,
        687
      ]
    ],
    "auc_roc": 0.49342032592767143,
    "alpha": 0.0
  },
  "residual_diagnostics": {
    "normality_p_value": 8.438553923842798e-40,
    "acf_lag1": -0.03548961282693769,
    "skewness": 0.0431054700669093,
    "kurtosis": 6.509564646084794
  },
  "checkpoint_used": "experiments/exp004_attn1/checkpoints/tft-epoch=00-val_loss=0.1191.ckpt"
}