{
  "evaluation_timestamp": "2025-10-30T03:11:09.669561",
  "statistical_metrics": {
    "mse": 1.1753171682357788,
    "rmse": 1.084120512008667,
    "mae": 0.7732990980148315,
    "mape": 155.17492294311523,
    "r2": 0.0012277960777282715,
    "mean_error": -0.0198768712580204,
    "std_error": 1.0839382410049438
  },
  "financial_metrics": {
    "directional_accuracy": 0.5328125,
    "sharpe_ratio": 0.7652061596652693,
    "max_drawdown": -0.24038992822170258,
    "total_return": 0.7976610660552979,
    "hit_rate": 0.5203125,
    "num_trades": 1243,
    "precision": 0.5358004827031375,
    "recall": 0.9694323144104804,
    "f1_score": 0.6901554404145077,
    "confusion_matrix": [
      [
        16,
        577
      ],
      [
        21,
        666
      ]
    ],
    "auc_roc": 0.49169962026652525,
    "alpha": -0.12394702434539795
  },
  "residual_diagnostics": {
    "normality_p_value": 3.080329104833126e-39,
    "acf_lag1": -0.026044871672530494,
    "skewness": -0.02475207068907023,
    "kurtosis": 6.388094385077665
  },
  "mode_stats": {
    "healthy_days": 404,
    "degraded_days": 62,
    "unidirectional_days": 814,
    "weak_collapse_days": 0,
    "strong_collapse_days": 0,
    "total_days": 1280,
    "healthy_pct": 31.5625,
    "degraded_pct": 4.84375,
    "unidirectional_pct": 63.59375000000001,
    "weak_collapse_pct": 0.0,
    "strong_collapse_pct": 0.0
  },
  "collapse_detected": false,
  "degradation_detected": true,
  "checkpoint_used": "experiments/00_baseline_exploration/exp004_attn1/checkpoints/tft-epoch=27-val_loss=0.3937.ckpt"
}