{
  "evaluation_timestamp": "2025-10-30T03:10:30.417088",
  "statistical_metrics": {
    "mse": 1.1725597381591797,
    "rmse": 1.0828479528427124,
    "mae": 0.7709203958511353,
    "mape": 181.79099559783936,
    "r2": 0.003571033477783203,
    "mean_error": -0.022027337923645973,
    "std_error": 1.0826239585876465
  },
  "financial_metrics": {
    "directional_accuracy": 0.5375,
    "sharpe_ratio": 0.9489821276181274,
    "max_drawdown": -0.19335544109344482,
    "total_return": 1.0041823387145996,
    "hit_rate": 0.4625,
    "num_trades": 1089,
    "precision": 0.5436179981634527,
    "recall": 0.8617176128093159,
    "f1_score": 0.6666666666666666,
    "confusion_matrix": [
      [
        96,
        497
      ],
      [
        95,
        592
      ]
    ],
    "auc_roc": 0.5227950543826447,
    "alpha": 0.08257424831390381
  },
  "residual_diagnostics": {
    "normality_p_value": 1.3591256917092268e-38,
    "acf_lag1": -0.025999740853059027,
    "skewness": 0.010378772254908474,
    "kurtosis": 6.240787956514662
  },
  "mode_stats": {
    "healthy_days": 556,
    "degraded_days": 69,
    "unidirectional_days": 655,
    "weak_collapse_days": 0,
    "strong_collapse_days": 0,
    "total_days": 1280,
    "healthy_pct": 43.4375,
    "degraded_pct": 5.390625,
    "unidirectional_pct": 51.171875,
    "weak_collapse_pct": 0.0,
    "strong_collapse_pct": 0.0
  },
  "collapse_detected": false,
  "degradation_detected": true,
  "checkpoint_used": "experiments/00_baseline_exploration/exp002_small/checkpoints/tft-epoch=40-val_loss=0.4007.ckpt"
}