{
  "evaluation_timestamp": "2025-10-27T12:00:37.025885",
  "statistical_metrics": {
    "mse": 1.1781718730926514,
    "rmse": 1.085436224937439,
    "mae": 0.7719983458518982,
    "mape": 153.9724826812744,
    "r2": -0.0011980533599853516,
    "mean_error": 0.026671340689063072,
    "std_error": 1.0851085186004639
  },
  "financial_metrics": {
    "directional_accuracy": 0.5375,
    "sharpe_ratio": 0.9358715397047245,
    "max_drawdown": -0.18902237713336945,
    "total_return": 0.6446120738983154,
    "hit_rate": 0.33125,
    "num_trades": 753,
    "precision": 0.5630810092961488,
    "recall": 0.6171761280931587,
    "f1_score": 0.5888888888888889,
    "confusion_matrix": [
      [
        264,
        329
      ],
      [
        263,
        424
      ]
    ],
    "auc_roc": 0.5422382919603035,
    "alpha": -0.27699601650238037
  },
  "residual_diagnostics": {
    "normality_p_value": 4.774491126780022e-40,
    "acf_lag1": -0.03582398572637573,
    "skewness": 0.12204021607309544,
    "kurtosis": 6.422974900553227
  },
  "mode_stats": {
    "healthy_days": 129,
    "degraded_days": 135,
    "unidirectional_days": 693,
    "weak_collapse_days": 139,
    "strong_collapse_days": 184,
    "total_days": 1280,
    "healthy_pct": 10.078125,
    "degraded_pct": 10.546875,
    "unidirectional_pct": 54.140625,
    "weak_collapse_pct": 10.859375,
    "strong_collapse_pct": 14.374999999999998
  },
  "collapse_detected": true,
  "degradation_detected": true,
  "checkpoint_used": "experiments/00_baseline_exploration/exp002_small/checkpoints/tft-epoch=01-val_loss=0.1552.ckpt"
}