{
  "evaluation_timestamp": "2025-10-16T23:54:51.286508",
  "statistical_metrics": {
    "mse": 1.2816402912139893,
    "rmse": 1.1320955753326416,
    "mae": 0.8361026644706726,
    "mape": 361.04445457458496,
    "r2": -0.08912444114685059,
    "mean_error": 0.32435718178749084,
    "std_error": 1.084634780883789
  },
  "financial_metrics": {
    "directional_accuracy": 0.46328125,
    "sharpe_ratio": 0.0,
    "max_drawdown": 0.0,
    "total_return": 0.0,
    "hit_rate": 0.0,
    "num_trades": 0,
    "precision": 0.0,
    "recall": 0.0,
    "f1_score": 0.0,
    "confusion_matrix": [
      [
        593,
        0
      ],
      [
        687,
        0
      ]
    ],
    "auc_roc": 0.4853420915042305,
    "alpha": -0.9216080904006958
  },
  "residual_diagnostics": {
    "normality_p_value": 9.08649105881885e-40,
    "acf_lag1": -0.03591468454517469,
    "skewness": 0.04374432412703436,
    "kurtosis": 6.501140872816848
  },
  "checkpoint_used": "experiments/sweep2_hidden_14/checkpoints/tft-epoch=01-val_loss=0.1377.ckpt"
}