{
  "period_statistics": {
    "2020": {
      "n_samples": 92,
      "entropy_mean": 2.726308822631836,
      "entropy_std": 0.37280339002609253,
      "attention_concentration": 0.05641534551978111,
      "top_features": [
        [
          "t-1",
          0.08852124214172363
        ],
        [
          "t-2",
          0.07957658171653748
        ],
        [
          "t-3",
          0.0726613774895668
        ],
        [
          "t-4",
          0.06803432106971741
        ],
        [
          "t-5",
          0.06463906913995743
        ]
      ],
      "mean_attention": [
        0.02775881253182888,
        0.02833123877644539,
        0.02867298200726509,
        0.02981121651828289,
        0.0315718911588192,
        0.03393164649605751,
        0.036758821457624435,
        0.03994933143258095,
        0.04354546219110489,
        0.04693664610385895,
        0.05018949508666992,
        0.05312853306531906,
        0.05575404316186905,
        0.05864802747964859,
        0.06157926470041275,
        0.06463906913995743,
        0.06803432106971741,
        0.0726613774895668,
        0.07957658171653748,
        0.08852124214172363
      ],
      "std_attention": [
        0.021561523899435997,
        0.020982371643185616,
        0.01980164647102356,
        0.019701996818184853,
        0.020047008991241455,
        0.02083687297999859,
        0.0218841303139925,
        0.023386439308524132,
        0.02545994333922863,
        0.027211226522922516,
        0.029096750542521477,
        0.030912619084119797,
        0.03257736191153526,
        0.0348343625664711,
        0.03789848834276199,
        0.04220237210392952,
        0.047769274562597275,
        0.05678805708885193,
        0.07441841810941696,
        0.09966792166233063
      ]
    },
    "2021": {
      "n_samples": 250,
      "entropy_mean": 2.7565295696258545,
      "entropy_std": 0.45340612530708313,
      "attention_concentration": 0.05137801542878151,
      "top_features": [
        [
          "t-1",
          0.06885197758674622
        ],
        [
          "t-2",
          0.06470916420221329
        ],
        [
          "t-3",
          0.05975036323070526
        ],
        [
          "t-4",
          0.056134458631277084
        ],
        [
          "t-5",
          0.0547996424138546
        ]
      ],
      "mean_attention": [
        0.03683437779545784,
        0.03817090019583702,
        0.03940531238913536,
        0.04083079472184181,
        0.042672399431467056,
        0.04438451677560806,
        0.04612134397029877,
        0.04752589017152786,
        0.0487603098154068,
        0.049681514501571655,
        0.050597548484802246,
        0.05129985511302948,
        0.05243396386504173,
        0.053224116563797,
        0.05381167680025101,
        0.0547996424138546,
        0.056134458631277084,
        0.05975036323070526,
        0.06470916420221329,
        0.06885197758674622
      ],
      "std_attention": [
        0.01794215478003025,
        0.019160183146595955,
        0.01938467100262642,
        0.020104140043258667,
        0.02199573814868927,
        0.02369401603937149,
        0.026692762970924377,
        0.029409091919660568,
        0.0316353403031826,
        0.03268921375274658,
        0.03455072268843651,
        0.03544193506240845,
        0.03902261331677437,
        0.041854601353406906,
        0.044667672365903854,
        0.04881202429533005,
        0.053921788930892944,
        0.06823462247848511,
        0.09378936141729355,
        0.10784012079238892
      ]
    },
    "2022": {
      "n_samples": 249,
      "entropy_mean": 2.5077290534973145,
      "entropy_std": 0.4213542640209198,
      "attention_concentration": 0.06155331805348396,
      "top_features": [
        [
          "t-1",
          0.0987456738948822
        ],
        [
          "t-2",
          0.08416010439395905
        ],
        [
          "t-3",
          0.07547792792320251
        ],
        [
          "t-4",
          0.07050634920597076
        ],
        [
          "t-5",
          0.06725988537073135
        ]
      ],
      "mean_attention": [
        0.013871094211935997,
        0.015649929642677307,
        0.017439939081668854,
        0.019768673926591873,
        0.0231922660022974,
        0.028102640062570572,
        0.034746795892715454,
        0.04237043485045433,
        0.04858727008104324,
        0.05331650376319885,
        0.05710756406188011,
        0.05990980193018913,
        0.06170693412423134,
        0.06321468949317932,
        0.06486555933952332,
        0.06725988537073135,
        0.07050634920597076,
        0.07547792792320251,
        0.08416010439395905,
        0.0987456738948822
      ],
      "std_attention": [
        0.01759938709437847,
        0.018563851714134216,
        0.019202765077352524,
        0.01997489482164383,
        0.0218375064432621,
        0.025405727326869965,
        0.03044736199080944,
        0.036370739340782166,
        0.039747510105371475,
        0.04167228564620018,
        0.043435774743556976,
        0.04518434777855873,
        0.04664790630340576,
        0.04848739132285118,
        0.051162466406822205,
        0.0548035092651844,
        0.06150299310684204,
        0.07203990966081619,
        0.08820904791355133,
        0.1262279748916626
      ]
    },
    "2023": {
      "n_samples": 249,
      "entropy_mean": 2.9157979488372803,
      "entropy_std": 0.18991345167160034,
      "attention_concentration": 0.05064832791686058,
      "top_features": [
        [
          "t-1",
          0.05872657522559166
        ],
        [
          "t-2",
          0.05707813426852226
        ],
        [
          "t-3",
          0.05577797815203667
        ],
        [
          "t-4",
          0.05489019677042961
        ],
        [
          "t-5",
          0.05423479899764061
        ]
      ],
      "mean_attention": [
        0.038249995559453964,
        0.03975003957748413,
        0.04149440675973892,
        0.04320291057229042,
        0.04496065527200699,
        0.046751782298088074,
        0.04848045855760574,
        0.04967014491558075,
        0.05068877711892128,
        0.05156636983156204,
        0.05208627134561539,
        0.052428241819143295,
        0.05281694233417511,
        0.053285036236047745,
        0.05386028438806534,
        0.05423479899764061,
        0.05489019677042961,
        0.05577797815203667,
        0.05707813426852226,
        0.05872657522559166
      ],
      "std_attention": [
        0.013146701268851757,
        0.013338414020836353,
        0.01350087858736515,
        0.013598955236375332,
        0.013711187988519669,
        0.014203159138560295,
        0.01535192970186472,
        0.015836816281080246,
        0.01681094989180565,
        0.017443815246224403,
        0.018174221739172935,
        0.01869416981935501,
        0.01962742954492569,
        0.020803485065698624,
        0.02235293760895729,
        0.024241287261247635,
        0.02672683633863926,
        0.03036891296505928,
        0.0373273529112339,
        0.045930009335279465
      ]
    },
    "2024": {
      "n_samples": 250,
      "entropy_mean": 2.919240713119507,
      "entropy_std": 0.36668676137924194,
      "attention_concentration": 0.050153691321611404,
      "top_features": [
        [
          "t-1",
          0.05493125692009926
        ],
        [
          "t-2",
          0.05472670495510101
        ],
        [
          "t-3",
          0.054127875715494156
        ],
        [
          "t-4",
          0.05341343209147453
        ],
        [
          "t-5",
          0.05231761559844017
        ]
      ],