{
  "period_statistics": {
    "2020": {
      "n_samples": 92,
      "entropy_mean": 2.9905829429626465,
      "entropy_std": 0.003002895973622799,
      "attention_concentration": 0.05040935426950455,
      "top_features": [
        [
          "t-1",
          0.06111065298318863
        ],
        [
          "t-2",
          0.05851539969444275
        ],
        [
          "t-3",
          0.05615432187914848
        ],
        [
          "t-20",
          0.05476178973913193
        ],
        [
          "t-4",
          0.054083000868558884
        ]
      ],
      "mean_attention": [
        0.05476178973913193,
        0.049312520772218704,
        0.04823824763298035,
        0.04700762778520584,
        0.04618958383798599,
        0.045807238668203354,
        0.045684538781642914,
        0.045751575380563736,
        0.04598083719611168,
        0.046328429132699966,
        0.04682323709130287,
        0.04748542979359627,
        0.04834218695759773,
        0.0494190938770771,
        0.050718970596790314,
        0.05228530243039131,
        0.054083000868558884,
        0.05615432187914848,
        0.05851539969444275,
        0.06111065298318863
      ],
      "std_attention": [
        0.0031641225796192884,
        0.002424895530566573,
        0.0022794611286371946,
        0.0021177679300308228,
        0.0021109539084136486,
        0.0020211494993418455,
        0.0019743621814996004,
        0.0019808581564575434,
        0.002049662172794342,
        0.00209247344173491,
        0.0021494280081242323,
        0.0022085322998464108,
        0.002246320014819503,
        0.002281318651512265,
        0.002329764887690544,
        0.002411395311355591,
        0.00255640153773129,
        0.0027789680752903223,
        0.003149973461404443,
        0.0036960444413125515
      ]
    },
    "2021": {
      "n_samples": 250,
      "entropy_mean": 2.9555301666259766,
      "entropy_std": 0.02581871673464775,
      "attention_concentration": 0.05023713409900665,
      "top_features": [
        [
          "t-1",
          0.056591395288705826
        ],
        [
          "t-20",
          0.055752918124198914
        ],
        [
          "t-2",
          0.055565617978572845
        ],
        [
          "t-3",
          0.0544857382774353
        ],
        [
          "t-4",
          0.05336650833487511
        ]
      ],
      "mean_attention": [
        0.055752918124198914,
        0.05044182389974594,
        0.04924963787198067,
        0.04790431261062622,
        0.046964410692453384,
        0.04643689841032028,
        0.0461551807820797,
        0.04615376517176628,
        0.046389441937208176,
        0.04676688835024834,
        0.04733198136091232,
        0.04807829111814499,
        0.04899411275982857,
        0.05002580210566521,
        0.05112164095044136,
        0.05222368985414505,
        0.05336650833487511,
        0.0544857382774353,
        0.055565617978572845,
        0.056591395288705826
      ],
      "std_attention": [
        0.02028331160545349,
        0.017931098118424416,
        0.016862206161022186,
        0.01565043441951275,
        0.014524905942380428,
        0.013716555200517178,
        0.013022399507462978,
        0.012493527494370937,
        0.01221430767327547,
        0.012036138214170933,
        0.011960181407630444,
        0.01196269504725933,
        0.012077937833964825,
        0.012287326157093048,
        0.012701141647994518,
        0.013124845921993256,
        0.013576425611972809,
        0.014041422866284847,
        0.014730227179825306,
        0.015612936578691006
      ]
    },
    "2022": {
      "n_samples": 249,
      "entropy_mean": 2.9839513301849365,
      "entropy_std": 0.007032925263047218,
      "attention_concentration": 0.0506865456700325,
      "top_features": [
        [
          "t-20",
          0.06882929801940918
        ],
        [
          "t-19",
          0.06181798875331879
        ],
        [
          "t-18",
          0.05747656896710396
        ],
        [
          "t-17",
          0.053445931524038315
        ],
        [
          "t-16",
          0.05070966109633446
        ]
      ],
      "mean_attention": [
        0.06882929801940918,
        0.06181798875331879,
        0.05747656896710396,
        0.053445931524038315,
        0.05070966109633446,
        0.04891665279865265,
        0.04784217104315758,
        0.04718134179711342,
        0.04677026346325874,
        0.04659924656152725,
        0.04657679796218872,
        0.04664506018161774,
        0.04677923768758774,
        0.04696416109800339,
        0.0471341609954834,
        0.04727344214916229,
        0.047327544540166855,
        0.04732659459114075,
        0.04726533219218254,
        0.047118570655584335
      ],
      "std_attention": [
        0.010370085015892982,
        0.008576884865760803,
        0.006865980569273233,
        0.005620878655463457,
        0.004831965547055006,
        0.0043141478672623634,
        0.003981617745012045,
        0.0038088334258645773,
        0.0036789209116250277,
        0.0036484405864030123,
        0.003662178758531809,
        0.003702662419527769,
        0.003788090543821454,
        0.003994042985141277,
        0.00426484877243638,
        0.004546034149825573,
        0.004866474308073521,
        0.005190566647797823,
        0.005488873925060034,
        0.005780382081866264
      ]
    },
    "2023": {
      "n_samples": 249,
      "entropy_mean": 2.941316843032837,
      "entropy_std": 0.045161500573158264,
      "attention_concentration": 0.050784628838300705,
      "top_features": [
        [
          "t-1",
          0.06031300872564316
        ],
        [
          "t-20",
          0.05975834280252457
        ],
        [
          "t-2",
          0.059239983558654785
        ],
        [
          "t-3",
          0.057980380952358246
        ],
        [
          "t-4",
          0.05654064938426018
        ]
      ],
      "mean_attention": [
        0.05975834280252457,
        0.0522218756377697,
        0.04818717762827873,
        0.044955022633075714,
        0.0429997481405735,
        0.04208928719162941,
        0.04201070964336395,
        0.04251941666007042,
        0.043473079800605774,
        0.04472483694553375,
        0.04618231952190399,
        0.04780739173293114,
        0.04954422637820244,
        0.0513564869761467,
        0.053174037486314774,
        0.054921988397836685,
        0.05654064938426018,
        0.057980380952358246,
        0.059239983558654785,
        0.06031300872564316
      ],
      "std_attention": [
        0.031142812222242355,
        0.02470589056611061,
        0.021185878664255142,
        0.018109779804944992,
        0.015331498347222805,
        0.013004875741899014,
        0.01150496769696474,
        0.010442697443068027,
        0.009689407423138618,
        0.009237762540578842,
        0.009106099605560303,
        0.009344380348920822,
        0.009965022094547749,
        0.01096034049987793,
        0.012186053209006786,
        0.013631999492645264,
        0.015094160102307796,
        0.016561564058065414,
        0.018056973814964294,
        0.019523784518241882
      ]
    },
    "2024": {
      "n_samples": 250,
      "entropy_mean": 2.8355674743652344,
      "entropy_std": 0.12500441074371338,
      "attention_concentration": 0.05519527941942215,
      "top_features": [
        [
          "t-1",
          0.08358963578939438
        ],
        [
          "t-2",
          0.07915371656417847
        ],
        [
          "t-3",
          0.07464984804391861
        ],
        [
          "t-4",
          0.07004600763320923
        ],
        [
          "t-5",
          0.06524184346199036
        ]
      ],