{
  "period_statistics": {
    "2020": {
      "n_samples": 92,
      "entropy_mean": 2.786050319671631,
      "entropy_std": 0.25528448820114136,
      "attention_concentration": 0.05104120820760727,
      "top_features": [
        [
          "t-1",
          0.07053955644369125
        ],
        [
          "t-2",
          0.06423113495111465
        ],
        [
          "t-3",
          0.059338200837373734
        ],
        [
          "t-4",
          0.05584488809108734
        ],
        [
          "t-5",
          0.05329544469714165
        ]
      ],
      "mean_attention": [
        0.039716728031635284,
        0.042912550270557404,
        0.04530598968267441,
        0.04603780806064606,
        0.046160224825143814,
        0.046310026198625565,
        0.0464414618909359,
        0.046517264097929,
        0.04689422994852066,
        0.046988345682621,
        0.04723653569817543,
        0.04754585772752762,
        0.0480952225625515,
        0.049414753913879395,
        0.051173750311136246,
        0.05329544469714165,
        0.05584488809108734,
        0.059338200837373734,
        0.06423113495111465,
        0.07053955644369125
      ],
      "std_attention": [
        0.027334116399288177,
        0.029319576919078827,
        0.028935488313436508,
        0.02778497338294983,
        0.026816893368959427,
        0.026819400489330292,
        0.026786543428897858,
        0.02679021842777729,
        0.027384107932448387,
        0.027249464765191078,
        0.02768765576183796,
        0.027936549857258797,
        0.028539476916193962,
        0.030321810394525528,
        0.03326768800616264,
        0.03723487630486488,
        0.04191175475716591,
        0.048983119428157806,
        0.061502810567617416,
        0.07975319027900696
      ]
    },
    "2021": {
      "n_samples": 250,
      "entropy_mean": 2.7916526794433594,
      "entropy_std": 0.3729347884654999,
      "attention_concentration": 0.05041856691241264,
      "top_features": [
        [
          "t-1",
          0.06381568312644958
        ],
        [
          "t-2",
          0.060034237802028656
        ],
        [
          "t-3",
          0.05552435666322708
        ],
        [
          "t-4",
          0.05207901820540428
        ],
        [
          "t-5",
          0.05094273015856743
        ]
      ],
      "mean_attention": [
        0.045387718826532364,
        0.04634248465299606,
        0.046736933290958405,
        0.046930402517318726,
        0.04741562530398369,
        0.047601327300071716,
        0.04778089374303818,
        0.04776792228221893,
        0.04785529151558876,
        0.04798385500907898,
        0.04832346737384796,
        0.04857153818011284,
        0.04923374950885773,
        0.04966718703508377,
        0.05000562593340874,
        0.05094273015856743,
        0.05207901820540428,
        0.05552435666322708,
        0.060034237802028656,
        0.06381568312644958
      ],
      "std_attention": [
        0.02420477382838726,
        0.026668988168239594,
        0.02543104998767376,
        0.024737244471907616,
        0.02588725835084915,
        0.02649231068789959,
        0.027653783559799194,
        0.028096375986933708,
        0.028894729912281036,
        0.029165910556912422,
        0.03039298951625824,
        0.03085491620004177,
        0.03364724665880203,
        0.03563957288861275,
        0.03763659670948982,
        0.04149065539240837,
        0.045502759516239166,
        0.059030499309301376,
        0.0819462314248085,
        0.09463409334421158
      ]
    },
    "2022": {
      "n_samples": 249,
      "entropy_mean": 2.548511028289795,
      "entropy_std": 0.42065542936325073,
      "attention_concentration": 0.052364327013492584,
      "top_features": [
        [
          "t-1",
          0.08434971421957016
        ],
        [
          "t-2",
          0.06919104605913162
        ],
        [
          "t-3",
          0.06114435940980911
        ],
        [
          "t-4",
          0.056245896965265274
        ],
        [
          "t-5",
          0.05311335250735283
        ]
      ],
      "mean_attention": [
        0.033544689416885376,
        0.03938846290111542,
        0.042577121406793594,
        0.0430578738451004,
        0.04305606707930565,
        0.0436970591545105,
        0.04501333087682724,
        0.046427637338638306,
        0.04686176776885986,
        0.04697367921471596,
        0.04747569188475609,
        0.0482129268348217,
        0.04889698699116707,
        0.04971737787127495,
        0.051054928451776505,
        0.05311335250735283,
        0.056245896965265274,
        0.06114435940980911,
        0.06919104605913162,
        0.08434971421957016
      ],
      "std_attention": [
        0.0357266403734684,
        0.039951976388692856,
        0.041553255170583725,
        0.039783600717782974,
        0.03799982741475105,
        0.03839169070124626,
        0.03973411023616791,
        0.04099986329674721,
        0.04035321995615959,
        0.03970909118652344,
        0.0404697060585022,
        0.04216931387782097,
        0.04407132789492607,
        0.045970745384693146,
        0.0487019307911396,
        0.05225427821278572,
        0.05933680757880211,
        0.070419080555439,
        0.08527705073356628,
        0.12772318720817566
      ]
    },
    "2023": {
      "n_samples": 249,
      "entropy_mean": 2.9452290534973145,
      "entropy_std": 0.12155187129974365,
      "attention_concentration": 0.05007342994213104,
      "top_features": [
        [
          "t-1",
          0.05502566322684288
        ],
        [
          "t-2",
          0.05365051329135895
        ],
        [
          "t-3",
          0.052519578486680984
        ],
        [
          "t-4",
          0.05167272686958313
        ],
        [
          "t-5",
          0.05104154348373413
        ]
      ],
      "mean_attention": [
        0.04715319722890854,
        0.04761494696140289,
        0.048204705119132996,
        0.04854002594947815,
        0.048834480345249176,
        0.04908348619937897,
        0.049268800765275955,
        0.049153219908475876,
        0.049175187945365906,
        0.04934964329004288,
        0.04946557432413101,
        0.049601856619119644,
        0.04982862249016762,
        0.050164926797151566,
        0.050651177763938904,
        0.05104154348373413,
        0.05167272686958313,
        0.052519578486680984,
        0.05365051329135895,
        0.05502566322684288
      ],
      "std_attention": [
        0.014951780438423157,
        0.01448826864361763,
        0.014189017005264759,
        0.013751352205872536,
        0.01329905353486538,
        0.013126126490533352,
        0.013256299309432507,
        0.0126802958548069,
        0.01280745305120945,
        0.01309532206505537,
        0.013658780604600906,
        0.014173547737300396,
        0.014889493584632874,
        0.01574329100549221,
        0.017033426091074944,
        0.018468106165528297,
        0.020383397117257118,
        0.023538045585155487,
        0.028686877340078354,
        0.03485259413719177
      ]
    },
    "2024": {
      "n_samples": 250,
      "entropy_mean": 2.927124500274658,
      "entropy_std": 0.31848201155662537,
      "attention_concentration": 0.05007607117295265,
      "top_features": [
        [
          "t-1",
          0.05426890403032303
        ],
        [
          "t-2",
          0.05383436754345894
        ],
        [
          "t-3",
          0.05339246615767479
        ],
        [
          "t-4",
          0.05274362489581108
        ],
        [
          "t-5",
          0.0514359287917614
        ]
      ],