{
  "period_statistics": {
    "2020": {
      "n_samples": 92,
      "entropy_mean": 2.993807554244995,
      "entropy_std": 0.0014232589164748788,
      "attention_concentration": 0.05011160299181938,
      "top_features": [
        [
          "t-1",
          0.055303268134593964
        ],
        [
          "t-2",
          0.05413733795285225
        ],
        [
          "t-20",
          0.05370166897773743
        ],
        [
          "t-3",
          0.053059887140989304
        ],
        [
          "t-4",
          0.052108462899923325
        ]
      ],
      "mean_attention": [
        0.05370166897773743,
        0.04936281964182854,
        0.04900015518069267,
        0.048355843871831894,
        0.047903578728437424,
        0.04772002622485161,
        0.04767655208706856,
        0.047738708555698395,
        0.047887593507766724,
        0.04809921234846115,
        0.04838884249329567,
        0.04876463860273361,
        0.04923832789063454,
        0.04981159046292305,
        0.05048114433884621,
        0.051260363310575485,
        0.052108462899923325,
        0.053059887140989304,
        0.05413733795285225,
        0.055303268134593964
      ],
      "std_attention": [
        0.002693351823836565,
        0.002079597907140851,
        0.001966887153685093,
        0.0018261466175317764,
        0.0018092208774760365,
        0.0017340078484266996,
        0.0016966738039627671,
        0.001708151656202972,
        0.0017600141000002623,
        0.0017966408049687743,
        0.0018469641217961907,
        0.0018991088727489114,
        0.0019428961677476764,
        0.0019844635389745235,
        0.0020304142963141203,
        0.0020883302204310894,
        0.0021729760337620974,
        0.002271776320412755,
        0.0024199828039854765,
        0.0026290377136319876
      ]
    },
    "2021": {
      "n_samples": 250,
      "entropy_mean": 2.954737901687622,
      "entropy_std": 0.026564721018075943,
      "attention_concentration": 0.05009733885526657,
      "top_features": [
        [
          "t-1",
          0.054335471242666245
        ],
        [
          "t-2",
          0.053710054606199265
        ],
        [
          "t-20",
          0.05326943099498749
        ],
        [
          "t-3",
          0.05303332954645157
        ],
        [
          "t-4",
          0.05231055989861488
        ]
      ],
      "mean_attention": [
        0.05326943099498749,
        0.04966699331998825,
        0.04936721548438072,
        0.04872108995914459,
        0.04819175973534584,
        0.047869496047496796,
        0.047632575035095215,
        0.04757925868034363,
        0.04769086837768555,
        0.04787939041852951,
        0.0482223704457283,
        0.048717282712459564,
        0.049358662217855453,
        0.05007210001349449,
        0.05081870034337044,
        0.05155330151319504,
        0.05231055989861488,
        0.05303332954645157,
        0.053710054606199265,
        0.054335471242666245
      ],
      "std_attention": [
        0.01985374465584755,
        0.017908604815602303,
        0.017096711322665215,
        0.016085214912891388,
        0.015108044259250164,
        0.014369331300258636,
        0.013712022453546524,
        0.013204775750637054,
        0.012911141850054264,
        0.012697411701083183,
        0.012575825676321983,
        0.012531103566288948,
        0.01261388324201107,
        0.01280195266008377,
        0.013221709989011288,
        0.013634535484015942,
        0.014060529880225658,
        0.014503075741231441,
        0.015155801549553871,
        0.01596868969500065
      ]
    },
    "2022": {
      "n_samples": 249,
      "entropy_mean": 2.983121871948242,
      "entropy_std": 0.008348757401108742,
      "attention_concentration": 0.0506417453289032,
      "top_features": [
        [
          "t-20",
          0.06766977161169052
        ],
        [
          "t-19",
          0.06122736632823944
        ],
        [
          "t-18",
          0.05748957768082619
        ],
        [
          "t-17",
          0.05396262928843498
        ],
        [
          "t-16",
          0.051515113562345505
        ]
      ],
      "mean_attention": [
        0.06766977161169052,
        0.06122736632823944,
        0.05748957768082619,
        0.05396262928843498,
        0.051515113562345505,
        0.049827005714178085,
        0.04874352738261223,
        0.047989554703235626,
        0.047425854951143265,
        0.04707876220345497,
        0.046865854412317276,
        0.04674326255917549,
        0.04669881984591484,
        0.04671097546815872,
        0.04674311354756355,
        0.04678690806031227,
        0.04677464812994003,
        0.0467207208275795,
        0.04661093279719353,
        0.046415623277425766
      ],
      "std_attention": [
        0.011375198140740395,
        0.009408602491021156,
        0.0076082618907094,
        0.0062834653072059155,
        0.005434487015008926,
        0.0048714447766542435,
        0.004500893410295248,
        0.00430382089689374,
        0.004147946834564209,
        0.004098073113709688,
        0.00409554922953248,
        0.004123901482671499,
        0.004198818001896143,
        0.0044068461284041405,
        0.004679585341364145,
        0.00496505806222558,
        0.005295332055538893,
        0.005635241977870464,
        0.005946916062384844,
        0.006243334151804447
      ]
    },
    "2023": {
      "n_samples": 249,
      "entropy_mean": 2.9486069679260254,
      "entropy_std": 0.04289457947015762,
      "attention_concentration": 0.0506075955927372,
      "top_features": [
        [
          "t-1",
          0.059908539056777954
        ],
        [
          "t-2",
          0.05878949165344238
        ],
        [
          "t-3",
          0.05751723423600197
        ],
        [
          "t-20",
          0.05683322623372078
        ],
        [
          "t-4",
          0.056093860417604446
        ]
      ],
      "mean_attention": [
        0.05683322623372078,
        0.050948090851306915,
        0.04804662615060806,
        0.04568243399262428,
        0.04418571665883064,
        0.04340776428580284,
        0.04324868321418762,
        0.043544426560401917,
        0.04422252997756004,
        0.04520692676305771,
        0.04643750190734863,
        0.04787920415401459,
        0.04947890341281891,
        0.05116475746035576,
        0.05287519097328186,
        0.05452891066670418,
        0.056093860417604446,
        0.05751723423600197,
        0.05878949165344238,
        0.059908539056777954
      ],
      "std_attention": [
        0.030520474538207054,
        0.023986661806702614,
        0.020580308511853218,
        0.01770920120179653,
        0.01492021419107914,
        0.012346234172582626,
        0.010770460590720177,
        0.009779202751815319,
        0.009140814654529095,
        0.008779196068644524,
        0.008677730336785316,
        0.008873220533132553,
        0.009397240355610847,
        0.010251499712467194,
        0.011297971941530704,
        0.012534109875559807,
        0.013819904997944832,
        0.01514245755970478,
        0.01649751514196396,
        0.017823657020926476
      ]
    },
    "2024": {
      "n_samples": 250,
      "entropy_mean": 2.8719053268432617,
      "entropy_std": 0.11402253806591034,
      "attention_concentration": 0.052779365330934525,
      "top_features": [
        [
          "t-1",
          0.07511545717716217
        ],
        [
          "t-2",
          0.07156216353178024
        ],
        [
          "t-3",
          0.0680348202586174
        ],
        [
          "t-4",
          0.0645115002989769
        ],
        [
          "t-5",
          0.06088831275701523
        ]
      ],