
[INFO] Using AUTO device selection.

[INFO] Patched matplotlib.Axes.errorbar to abs() negative yerr for robustness.
======================================================================
Training TFT: 12c_multi_horizon/macro_heavy_daily_3q_h5_d025/fold_2021
======================================================================
Logging to: experiments/12c_multi_horizon/macro_heavy_daily_3q_h5_d025/fold_2021/training_20251214_184412.log
Started at: 2025-12-14 18:44:12
======================================================================

Loading data splits...
Train: 2467 samples
Val: 221 samples
Test: 220 samples

Preparing TimeSeriesDataSet...

Dropping source columns (used for staleness only): ['CPI']

Final features for TFT: ['SP500_Returns', 'VIX', 'Inflation_YoY', 'Unemployment', 'Fed_Rate', 'Consumer_Sentiment', 'Industrial_Production', 'cumret_5', 'cumret_10', 'cumret_20', 'cumret_30']

======================================================================
FEATURE STATISTICS - BEFORE NORMALIZATION
======================================================================
VIX                             mean= 16.8970  std=  5.6491  min=  9.1400  max= 48.0000
Inflation_YoY                   mean=  1.7937  std=  0.8734  min= -0.2176  max=  3.9849
Unemployment                    mean=  6.3265  std=  2.0680  min=  3.5000  max= 10.0000
Fed_Rate                        mean=  0.5891  std=  0.7504  min=  0.0700  max=  2.4200
Consumer_Sentiment              mean= 85.1742  std= 11.1820  min= 55.8000  max=100.7000
Industrial_Production           mean=102.2722  std=  5.2183  min= 92.5354  max=110.4750

======================================================================
TARGET CONFIGURATION
======================================================================
Target variable: SP500_Returns
  Mode: Point return prediction (single-step)
  Target stats: mean=0.0457, std=0.9334
  Dropping unused cumret columns: ['cumret_5', 'cumret_10', 'cumret_20', 'cumret_30']
======================================================================

======================================================================
FEATURES AFTER GROUPNORMALIZER (first batch, last timestep)
======================================================================
VIX                             normalized_value=  1.0000
Inflation_YoY                   normalized_value= -0.0500
Unemployment                    normalized_value=  0.7831
Fed_Rate                        normalized_value= -0.2252
Consumer_Sentiment              normalized_value=  1.2930
Industrial_Production           normalized_value= -0.5586
======================================================================

Configuration saved to: experiments/12c_multi_horizon/macro_heavy_daily_3q_h5_d025/fold_2021/config.json
[DEBUG] VIX train values: [20.04 19.35 19.16 19.06 18.13]
[DEBUG] VIX val values: [12.47 14.02 13.85 13.79 13.45]
Batches per epoch: 38
[DEBUG] Validation batches: 4
[DEBUG] Validation dataset size: 197
[DEBUG] Batch size: 64

Initializing model...

Quantile configuration: 3q
  Quantiles: [0.1, 0.5, 0.9]
  Output size: 3
  Median index: 1

Using standard QuantileLoss (no penalties)

[REGIME OUTPUT] Disabled (using baseline output layer)

[STALENESS ATTENTION] Disabled

================================================================================
BASELINE MODEL FEATURE CONFIGURATION (after from_dataset)
================================================================================
tft.hparams.time_varying_reals_encoder: ['relative_time_idx', 'VIX', 'Inflation_YoY', 'Unemployment', 'Fed_Rate', 'Consumer_Sentiment', 'Industrial_Production']
  Count: 7

tft.hparams.time_varying_reals_decoder: ['relative_time_idx']
  Count: 1

tft.hparams.x_reals (all reals passed to model): ['encoder_length', 'relative_time_idx', 'VIX', 'Inflation_YoY', 'Unemployment', 'Fed_Rate', 'Consumer_Sentiment', 'Industrial_Production']
  Count: 8

Encoder VSN configuration:
  num_inputs: 7
  input_sizes: {'relative_time_idx': 16, 'VIX': 16, 'Inflation_YoY': 16, 'Unemployment': 16, 'Fed_Rate': 16, 'Consumer_Sentiment': 16, 'Industrial_Production': 16}
  flattened_grn.fc1: in_features=112, out_features=7
  -> Params in fc1: 784 (should be 5*16*5=400 if 5 features)
================================================================================

Model parameters: 25,357

Starting training...
Checkpoints will be saved to: experiments/12c_multi_horizon/macro_heavy_daily_3q_h5_d025/fold_2021/checkpoints/
Logs will be saved to: experiments/12c_multi_horizon/macro_heavy_daily_3q_h5_d025/fold_2021/logs/

[DEBUG CollapseMonitor] on_validation_epoch_start called for epoch 0
[DEBUG CollapseMonitor] reset_temporal_state() called on loss function
Epoch 0: val_loss=N/A
[DEBUG CollapseMonitor] on_validation_epoch_start called for epoch 0
[DEBUG CollapseMonitor] reset_temporal_state() called on loss function
Epoch 0: val_loss=1.5825754404067993
Epoch 0: train_loss=0.7701968550682068

[CollapseMonitor] Epoch 0
  [DEBUG] Processed 4 batches, 5 horizon(s)
  Multi-horizon metrics (5 horizons):
    h1: std=0.0761, dir_acc=42.6%, pos=0%, unique=197, sharpe=-59.64
    h2: std=0.0664, dir_acc=42.6%, pos=0%, unique=195, sharpe=-66.29
    h3: std=0.0590, dir_acc=42.6%, pos=0%, unique=197, sharpe=-68.90
    h4: std=0.0534, dir_acc=42.6%, pos=0%, unique=196, sharpe=-68.13
    h5: std=0.0490, dir_acc=43.1%, pos=0%, unique=197, sharpe=-64.68
  Aggregate: std_avg=0.0608, dir_acc_avg=42.7%, composite_avg=0.3050
  H1 detail: range=0.2696, mean=-0.2859, dist_match=0.4264
  Collapse penalty: 0.000000 (threshold: 0.005000)
  Saved validation predictions to: experiments/12c_multi_horizon/macro_heavy_daily_3q_h5_d025/fold_2021/collapse_monitoring/val_predictions_epoch0.npz
  Gradient norms:
    lstm_encoder: 0.029445
    lstm_decoder: 0.076184
    output_layer: 1.021304
  VSN output std:
    encoder: 0.124273
  Attention entropy: 2.985282
  Saved to: experiments/12c_multi_horizon/macro_heavy_daily_3q_h5_d025/fold_2021/collapse_monitoring/collapse_monitor_latest.json
[DEBUG CollapseMonitor] on_validation_epoch_start called for epoch 1
[DEBUG CollapseMonitor] reset_temporal_state() called on loss function
Epoch 1: val_loss=1.4702024459838867
Epoch 1: train_loss=0.6893135905265808

[CollapseMonitor] Epoch 1
  [DEBUG] Processed 4 batches, 5 horizon(s)
  Multi-horizon metrics (5 horizons):
    h1: std=0.0540, dir_acc=42.6%, pos=0%, unique=197, sharpe=-27.81
    h2: std=0.0463, dir_acc=42.6%, pos=0%, unique=197, sharpe=-29.48
    h3: std=0.0402, dir_acc=42.6%, pos=0%, unique=197, sharpe=-26.53
    h4: std=0.0354, dir_acc=44.2%, pos=15%, unique=197, sharpe=-19.70
    h5: std=0.0313, dir_acc=49.2%, pos=34%, unique=197, sharpe=-9.42
  Aggregate: std_avg=0.0415, dir_acc_avg=44.3%, composite_avg=0.3389
  H1 detail: range=0.2172, mean=-0.0946, dist_match=0.4264
  Collapse penalty: 0.000000 (threshold: 0.005000)
  Saved validation predictions to: experiments/12c_multi_horizon/macro_heavy_daily_3q_h5_d025/fold_2021/collapse_monitoring/val_predictions_epoch1.npz
  Gradient norms:
    lstm_encoder: 0.024252
    lstm_decoder: 0.062853
    output_layer: 0.876493
  VSN output std:
    encoder: 0.132181
  Attention entropy: 2.984100
  Saved to: experiments/12c_multi_horizon/macro_heavy_daily_3q_h5_d025/fold_2021/collapse_monitoring/collapse_monitor_latest.json
[DEBUG CollapseMonitor] on_validation_epoch_start called for epoch 2
[DEBUG CollapseMonitor] reset_temporal_state() called on loss function
Epoch 2: val_loss=1.3904433250427246
Epoch 2: train_loss=0.5972710251808167

[CollapseMonitor] Epoch 2
  [DEBUG] Processed 4 batches, 5 horizon(s)
  Multi-horizon metrics (5 horizons):
    h1: std=0.0289, dir_acc=56.3%, pos=92%, unique=196, sharpe=29.95
    h2: std=0.0233, dir_acc=54.3%, pos=95%, unique=197, sharpe=43.52
    h3: std=0.0191, dir_acc=57.4%, pos=100%, unique=197, sharpe=67.39
    h4: std=0.0158, dir_acc=57.4%, pos=100%, unique=196, sharpe=101.67
    h5: std=0.0132, dir_acc=56.9%, pos=100%, unique=196, sharpe=147.09
  Aggregate: std_avg=0.0201, dir_acc_avg=56.4%, composite_avg=0.4512
  H1 detail: range=0.1299, mean=0.0545, dist_match=0.6548
  Collapse penalty: 0.000000 (threshold: 0.005000)
  Saved validation predictions to: experiments/12c_multi_horizon/macro_heavy_daily_3q_h5_d025/fold_2021/collapse_monitoring/val_predictions_epoch2.npz
  Gradient norms:
    lstm_encoder: 0.016386
    lstm_decoder: 0.043771
    output_layer: 0.662614
  VSN output std:
    encoder: 0.140900
  Attention entropy: 2.983364
  Saved to: experiments/12c_multi_horizon/macro_heavy_daily_3q_h5_d025/fold_2021/collapse_monitoring/collapse_monitor_latest.json
[DEBUG CollapseMonitor] on_validation_epoch_start called for epoch 3
[DEBUG CollapseMonitor] reset_temporal_state() called on loss function
Epoch 3: val_loss=1.3212093114852905
Epoch 3: train_loss=0.5295284390449524

[CollapseMonitor] Epoch 3
  [DEBUG] Processed 4 batches, 5 horizon(s)
  Multi-horizon metrics (5 horizons):
    h1: std=0.0123, dir_acc=57.4%, pos=100%, unique=197, sharpe=190.33
    h2: std=0.0099, dir_acc=57.4%, pos=100%, unique=197, sharpe=252.40
    h3: std=0.0081, dir_acc=57.4%, pos=100%, unique=196, sharpe=339.62
    h4: std=0.0068, dir_acc=57.4%, pos=100%, unique=196, sharpe=451.02
    h5: std=0.0057, dir_acc=56.9%, pos=100%, unique=196, sharpe=589.18
  Aggregate: std_avg=0.0086, dir_acc_avg=57.3%, composite_avg=0.4502
  H1 detail: range=0.0491, mean=0.1471, dist_match=0.5736
  Collapse penalty: 0.000000 (threshold: 0.005000)
  Saved validation predictions to: experiments/12c_multi_horizon/macro_heavy_daily_3q_h5_d025/fold_2021/collapse_monitoring/val_predictions_epoch3.npz
  Gradient norms:
    lstm_encoder: 0.008480
    lstm_decoder: 0.024152
    output_layer: 0.430036
  VSN output std:
    encoder: 0.150011
  Attention entropy: 2.983608
  Saved to: experiments/12c_multi_horizon/macro_heavy_daily_3q_h5_d025/fold_2021/collapse_monitoring/collapse_monitor_latest.json
[DEBUG CollapseMonitor] on_validation_epoch_start called for epoch 4
[DEBUG CollapseMonitor] reset_temporal_state() called on loss function
Epoch 4: val_loss=1.2693694829940796
Epoch 4: train_loss=0.4875013828277588

[CollapseMonitor] Epoch 4
  [DEBUG] Processed 4 batches, 5 horizon(s)
  Multi-horizon metrics (5 horizons):
    h1: std=0.0119, dir_acc=57.4%, pos=100%, unique=197, sharpe=176.25
    h2: std=0.0108, dir_acc=57.4%, pos=100%, unique=195, sharpe=209.01
    h3: std=0.0098, dir_acc=57.4%, pos=100%, unique=197, sharpe=255.63
    h4: std=0.0090, dir_acc=57.4%, pos=100%, unique=197, sharpe=311.60
    h5: std=0.0082, dir_acc=56.9%, pos=100%, unique=196, sharpe=375.66
  Aggregate: std_avg=0.0099, dir_acc_avg=57.3%, composite_avg=0.4502
  H1 detail: range=0.0393, mean=0.1318, dist_match=0.5736
  Collapse penalty: 0.000000 (threshold: 0.005000)
  Saved validation predictions to: experiments/12c_multi_horizon/macro_heavy_daily_3q_h5_d025/fold_2021/collapse_monitoring/val_predictions_epoch4.npz
  Gradient norms:
    lstm_encoder: 0.004014
    lstm_decoder: 0.011964
    output_layer: 0.265058
  VSN output std:
    encoder: 0.155665
  Attention entropy: 2.985515
  Saved to: experiments/12c_multi_horizon/macro_heavy_daily_3q_h5_d025/fold_2021/collapse_monitoring/collapse_monitor_latest.json
[DEBUG CollapseMonitor] on_validation_epoch_start called for epoch 5
[DEBUG CollapseMonitor] reset_temporal_state() called on loss function
Epoch 5: val_loss=1.2368882894515991
Epoch 5: train_loss=0.4664279520511627

[CollapseMonitor] Epoch 5
  [DEBUG] Processed 4 batches, 5 horizon(s)
  Multi-horizon metrics (5 horizons):
    h1: std=0.0118, dir_acc=57.4%, pos=100%, unique=196, sharpe=130.10
    h2: std=0.0111, dir_acc=57.4%, pos=100%, unique=195, sharpe=153.80
    h3: std=0.0103, dir_acc=57.4%, pos=100%, unique=197, sharpe=187.33
    h4: std=0.0097, dir_acc=57.4%, pos=100%, unique=197, sharpe=226.46
    h5: std=0.0091, dir_acc=56.9%, pos=100%, unique=197, sharpe=269.70
  Aggregate: std_avg=0.0104, dir_acc_avg=57.3%, composite_avg=0.4502
  H1 detail: range=0.0419, mean=0.0970, dist_match=0.5736
  Collapse penalty: 0.000000 (threshold: 0.005000)
  Saved validation predictions to: experiments/12c_multi_horizon/macro_heavy_daily_3q_h5_d025/fold_2021/collapse_monitoring/val_predictions_epoch5.npz
  Gradient norms:
    lstm_encoder: 0.002215
    lstm_decoder: 0.006530
    output_layer: 0.159583
  VSN output std:
    encoder: 0.157828
  Attention entropy: 2.987058
  Saved to: experiments/12c_multi_horizon/macro_heavy_daily_3q_h5_d025/fold_2021/collapse_monitoring/collapse_monitor_latest.json
[DEBUG CollapseMonitor] on_validation_epoch_start called for epoch 6
[DEBUG CollapseMonitor] reset_temporal_state() called on loss function
Epoch 6: val_loss=1.2069860696792603
Epoch 6: train_loss=0.4518839120864868

[CollapseMonitor] Epoch 6
  [DEBUG] Processed 4 batches, 5 horizon(s)
  Multi-horizon metrics (5 horizons):
    h1: std=0.0108, dir_acc=57.4%, pos=100%, unique=196, sharpe=148.51
    h2: std=0.0103, dir_acc=57.4%, pos=100%, unique=197, sharpe=168.53
    h3: std=0.0098, dir_acc=57.4%, pos=100%, unique=196, sharpe=197.26
    h4: std=0.0094, dir_acc=57.4%, pos=100%, unique=195, sharpe=230.18
    h5: std=0.0090, dir_acc=56.9%, pos=100%, unique=195, sharpe=265.78
  Aggregate: std_avg=0.0099, dir_acc_avg=57.3%, composite_avg=0.4502
  H1 detail: range=0.0401, mean=0.1007, dist_match=0.5736
  Collapse penalty: 0.000000 (threshold: 0.005000)
  Saved validation predictions to: experiments/12c_multi_horizon/macro_heavy_daily_3q_h5_d025/fold_2021/collapse_monitoring/val_predictions_epoch6.npz
  Gradient norms:
    lstm_encoder: 0.001341
    lstm_decoder: 0.003515
    output_layer: 0.091292
  VSN output std:
    encoder: 0.158244
  Attention entropy: 2.988154
  Saved to: experiments/12c_multi_horizon/macro_heavy_daily_3q_h5_d025/fold_2021/collapse_monitoring/collapse_monitor_latest.json
[DEBUG CollapseMonitor] on_validation_epoch_start called for epoch 7
[DEBUG CollapseMonitor] reset_temporal_state() called on loss function
Epoch 7: val_loss=1.193354845046997
Epoch 7: train_loss=0.4471011459827423

[CollapseMonitor] Epoch 7
  [DEBUG] Processed 4 batches, 5 horizon(s)
  Multi-horizon metrics (5 horizons):
    h1: std=0.0104, dir_acc=57.4%, pos=100%, unique=197, sharpe=114.10
    h2: std=0.0102, dir_acc=57.4%, pos=100%, unique=196, sharpe=126.81
    h3: std=0.0099, dir_acc=57.4%, pos=100%, unique=197, sharpe=146.68
    h4: std=0.0097, dir_acc=57.4%, pos=100%, unique=196, sharpe=169.76
    h5: std=0.0095, dir_acc=56.9%, pos=100%, unique=196, sharpe=194.74
  Aggregate: std_avg=0.0099, dir_acc_avg=57.3%, composite_avg=0.4502
  H1 detail: range=0.0401, mean=0.0745, dist_match=0.5736
  Collapse penalty: 0.000000 (threshold: 0.005000)
  Saved validation predictions to: experiments/12c_multi_horizon/macro_heavy_daily_3q_h5_d025/fold_2021/collapse_monitoring/val_predictions_epoch7.npz
  Gradient norms:
    lstm_encoder: 0.001063
    lstm_decoder: 0.002459
    output_layer: 0.058626
  VSN output std:
    encoder: 0.158988
  Attention entropy: 2.988280
  Saved to: experiments/12c_multi_horizon/macro_heavy_daily_3q_h5_d025/fold_2021/collapse_monitoring/collapse_monitor_latest.json
[DEBUG CollapseMonitor] on_validation_epoch_start called for epoch 8
[DEBUG CollapseMonitor] reset_temporal_state() called on loss function
Epoch 8: val_loss=1.1895458698272705
Epoch 8: train_loss=0.4449550211429596

[CollapseMonitor] Epoch 8
  [DEBUG] Processed 4 batches, 5 horizon(s)
  Multi-horizon metrics (5 horizons):
    h1: std=0.0110, dir_acc=57.4%, pos=100%, unique=195, sharpe=133.83
    h2: std=0.0107, dir_acc=57.4%, pos=100%, unique=194, sharpe=144.42
    h3: std=0.0104, dir_acc=57.4%, pos=100%, unique=195, sharpe=161.62
    h4: std=0.0102, dir_acc=57.4%, pos=100%, unique=196, sharpe=181.37
    h5: std=0.0099, dir_acc=56.9%, pos=100%, unique=196, sharpe=202.50
  Aggregate: std_avg=0.0104, dir_acc_avg=57.3%, composite_avg=0.4502
  H1 detail: range=0.0431, mean=0.0924, dist_match=0.5736
  Collapse penalty: 0.000000 (threshold: 0.005000)
  Saved validation predictions to: experiments/12c_multi_horizon/macro_heavy_daily_3q_h5_d025/fold_2021/collapse_monitoring/val_predictions_epoch8.npz
  Gradient norms:
    lstm_encoder: 0.000908
    lstm_decoder: 0.002102
    output_layer: 0.054221
  VSN output std:
    encoder: 0.159890
  Attention entropy: 2.987315
  Saved to: experiments/12c_multi_horizon/macro_heavy_daily_3q_h5_d025/fold_2021/collapse_monitoring/collapse_monitor_latest.json
[DEBUG CollapseMonitor] on_validation_epoch_start called for epoch 9
[DEBUG CollapseMonitor] reset_temporal_state() called on loss function
Epoch 9: val_loss=1.1882537603378296
Epoch 9: train_loss=0.44473275542259216

[CollapseMonitor] Epoch 9
  [DEBUG] Processed 4 batches, 5 horizon(s)
  Multi-horizon metrics (5 horizons):
    h1: std=0.0127, dir_acc=57.4%, pos=100%, unique=197, sharpe=113.16
    h2: std=0.0123, dir_acc=57.4%, pos=100%, unique=195, sharpe=121.12
    h3: std=0.0118, dir_acc=57.4%, pos=100%, unique=196, sharpe=134.39
    h4: std=0.0115, dir_acc=57.4%, pos=100%, unique=197, sharpe=149.84
    h5: std=0.0112, dir_acc=56.9%, pos=100%, unique=196, sharpe=166.44
  Aggregate: std_avg=0.0119, dir_acc_avg=57.3%, composite_avg=0.4502
  H1 detail: range=0.0533, mean=0.0902, dist_match=0.5736
  Collapse penalty: 0.000000 (threshold: 0.005000)
  Saved validation predictions to: experiments/12c_multi_horizon/macro_heavy_daily_3q_h5_d025/fold_2021/collapse_monitoring/val_predictions_epoch9.npz
  Gradient norms:
    lstm_encoder: 0.000921
    lstm_decoder: 0.001986
    output_layer: 0.052234
  VSN output std:
    encoder: 0.162052
  Attention entropy: 2.986140
  Saved to: experiments/12c_multi_horizon/macro_heavy_daily_3q_h5_d025/fold_2021/collapse_monitoring/collapse_monitor_latest.json
[DEBUG CollapseMonitor] on_validation_epoch_start called for epoch 10
[DEBUG CollapseMonitor] reset_temporal_state() called on loss function
Epoch 10: val_loss=1.1854503154754639
Epoch 10: train_loss=0.4428802728652954

[CollapseMonitor] Epoch 10
  [DEBUG] Processed 4 batches, 5 horizon(s)
  Multi-horizon metrics (5 horizons):
    h1: std=0.0164, dir_acc=57.4%, pos=100%, unique=196, sharpe=106.84
    h2: std=0.0157, dir_acc=57.4%, pos=100%, unique=196, sharpe=114.03
    h3: std=0.0150, dir_acc=57.4%, pos=100%, unique=196, sharpe=124.99
    h4: std=0.0144, dir_acc=57.4%, pos=100%, unique=196, sharpe=137.51
    h5: std=0.0140, dir_acc=56.9%, pos=100%, unique=197, sharpe=150.80
  Aggregate: std_avg=0.0151, dir_acc_avg=57.3%, composite_avg=0.4502
  H1 detail: range=0.0704, mean=0.1102, dist_match=0.5736
  Collapse penalty: 0.000000 (threshold: 0.005000)
  Saved validation predictions to: experiments/12c_multi_horizon/macro_heavy_daily_3q_h5_d025/fold_2021/collapse_monitoring/val_predictions_epoch10.npz
  Gradient norms:
    lstm_encoder: 0.000957
    lstm_decoder: 0.002045
    output_layer: 0.058631
  VSN output std:
    encoder: 0.165613
  Attention entropy: 2.984597
  Saved to: experiments/12c_multi_horizon/macro_heavy_daily_3q_h5_d025/fold_2021/collapse_monitoring/collapse_monitor_latest.json
[DEBUG CollapseMonitor] on_validation_epoch_start called for epoch 11
[DEBUG CollapseMonitor] reset_temporal_state() called on loss function
Epoch 11: val_loss=1.1825960874557495
Epoch 11: train_loss=0.44247671961784363

[CollapseMonitor] Epoch 11
  [DEBUG] Processed 4 batches, 5 horizon(s)
  Multi-horizon metrics (5 horizons):
    h1: std=0.0194, dir_acc=57.4%, pos=100%, unique=197, sharpe=89.83
    h2: std=0.0182, dir_acc=57.4%, pos=100%, unique=195, sharpe=97.19
    h3: std=0.0173, dir_acc=57.4%, pos=100%, unique=194, sharpe=107.08
    h4: std=0.0165, dir_acc=57.4%, pos=100%, unique=196, sharpe=118.09
    h5: std=0.0159, dir_acc=56.9%, pos=100%, unique=194, sharpe=129.66
  Aggregate: std_avg=0.0175, dir_acc_avg=57.3%, composite_avg=0.4502
  H1 detail: range=0.0857, mean=0.1097, dist_match=0.5736
  Collapse penalty: 0.000000 (threshold: 0.005000)
  Saved validation predictions to: experiments/12c_multi_horizon/macro_heavy_daily_3q_h5_d025/fold_2021/collapse_monitoring/val_predictions_epoch11.npz
  Gradient norms:
    lstm_encoder: 0.001040
    lstm_decoder: 0.001915
    output_layer: 0.051534
  VSN output std:
    encoder: 0.169403
  Attention entropy: 2.982908
  Saved to: experiments/12c_multi_horizon/macro_heavy_daily_3q_h5_d025/fold_2021/collapse_monitoring/collapse_monitor_latest.json
[DEBUG CollapseMonitor] on_validation_epoch_start called for epoch 12
[DEBUG CollapseMonitor] reset_temporal_state() called on loss function
Epoch 12: val_loss=1.1807518005371094
Epoch 12: train_loss=0.44084417819976807

[CollapseMonitor] Epoch 12
  [DEBUG] Processed 4 batches, 5 horizon(s)
  Multi-horizon metrics (5 horizons):
    h1: std=0.0245, dir_acc=57.4%, pos=100%, unique=197, sharpe=80.41
    h2: std=0.0225, dir_acc=57.4%, pos=100%, unique=196, sharpe=88.79
    h3: std=0.0210, dir_acc=57.4%, pos=100%, unique=194, sharpe=98.33
    h4: std=0.0199, dir_acc=57.4%, pos=100%, unique=196, sharpe=108.41
    h5: std=0.0191, dir_acc=56.9%, pos=100%, unique=197, sharpe=118.72
  Aggregate: std_avg=0.0214, dir_acc_avg=57.3%, composite_avg=0.4502
  H1 detail: range=0.1116, mean=0.1239, dist_match=0.5736
  Collapse penalty: 0.000000 (threshold: 0.005000)
  Saved validation predictions to: experiments/12c_multi_horizon/macro_heavy_daily_3q_h5_d025/fold_2021/collapse_monitoring/val_predictions_epoch12.npz
  Gradient norms:
    lstm_encoder: 0.001071
    lstm_decoder: 0.002028
    output_layer: 0.054224
  VSN output std:
    encoder: 0.173878
  Attention entropy: 2.980222
  Saved to: experiments/12c_multi_horizon/macro_heavy_daily_3q_h5_d025/fold_2021/collapse_monitoring/collapse_monitor_latest.json
[DEBUG CollapseMonitor] on_validation_epoch_start called for epoch 13
[DEBUG CollapseMonitor] reset_temporal_state() called on loss function
Epoch 13: val_loss=1.1752634048461914
Epoch 13: train_loss=0.44070374965667725

[CollapseMonitor] Epoch 13
  [DEBUG] Processed 4 batches, 5 horizon(s)
  Multi-horizon metrics (5 horizons):
    h1: std=0.0258, dir_acc=57.4%, pos=100%, unique=192, sharpe=81.14
    h2: std=0.0239, dir_acc=57.4%, pos=100%, unique=197, sharpe=89.00
    h3: std=0.0226, dir_acc=57.4%, pos=100%, unique=196, sharpe=97.15
    h4: std=0.0216, dir_acc=57.4%, pos=100%, unique=196, sharpe=105.48
    h5: std=0.0208, dir_acc=56.9%, pos=100%, unique=197, sharpe=113.82
  Aggregate: std_avg=0.0229, dir_acc_avg=57.3%, composite_avg=0.4502
  H1 detail: range=0.1207, mean=0.1319, dist_match=0.5736
  Collapse penalty: 0.000000 (threshold: 0.005000)
  Saved validation predictions to: experiments/12c_multi_horizon/macro_heavy_daily_3q_h5_d025/fold_2021/collapse_monitoring/val_predictions_epoch13.npz
  Gradient norms:
    lstm_encoder: 0.001224
    lstm_decoder: 0.002072
    output_layer: 0.057407
  VSN output std:
    encoder: 0.177654
  Attention entropy: 2.976160
  Saved to: experiments/12c_multi_horizon/macro_heavy_daily_3q_h5_d025/fold_2021/collapse_monitoring/collapse_monitor_latest.json
[DEBUG CollapseMonitor] on_validation_epoch_start called for epoch 14
[DEBUG CollapseMonitor] reset_temporal_state() called on loss function
Epoch 14: val_loss=1.1718881130218506
Epoch 14: train_loss=0.4391244947910309

[CollapseMonitor] Epoch 14
  [DEBUG] Processed 4 batches, 5 horizon(s)
  Multi-horizon metrics (5 horizons):
    h1: std=0.0271, dir_acc=57.4%, pos=100%, unique=196, sharpe=75.38
    h2: std=0.0249, dir_acc=57.4%, pos=100%, unique=195, sharpe=83.48
    h3: std=0.0236, dir_acc=57.4%, pos=100%, unique=196, sharpe=91.02
    h4: std=0.0226, dir_acc=57.4%, pos=100%, unique=196, sharpe=98.45
    h5: std=0.0219, dir_acc=56.9%, pos=100%, unique=195, sharpe=105.76
  Aggregate: std_avg=0.0240, dir_acc_avg=57.3%, composite_avg=0.4502
  H1 detail: range=0.1293, mean=0.1287, dist_match=0.5736
  Collapse penalty: 0.000000 (threshold: 0.005000)
  Saved validation predictions to: experiments/12c_multi_horizon/macro_heavy_daily_3q_h5_d025/fold_2021/collapse_monitoring/val_predictions_epoch14.npz
  Gradient norms:
    lstm_encoder: 0.001192
    lstm_decoder: 0.002050
    output_layer: 0.051071
  VSN output std:
    encoder: 0.181295
  Attention entropy: 2.971733
  Saved to: experiments/12c_multi_horizon/macro_heavy_daily_3q_h5_d025/fold_2021/collapse_monitoring/collapse_monitor_latest.json
[DEBUG CollapseMonitor] on_validation_epoch_start called for epoch 15
[DEBUG CollapseMonitor] reset_temporal_state() called on loss function
Epoch 15: val_loss=1.1662499904632568
Epoch 15: train_loss=0.43736180663108826

[CollapseMonitor] Epoch 15
  [DEBUG] Processed 4 batches, 5 horizon(s)
  Multi-horizon metrics (5 horizons):
    h1: std=0.0276, dir_acc=57.4%, pos=100%, unique=195, sharpe=81.15
    h2: std=0.0254, dir_acc=57.4%, pos=100%, unique=196, sharpe=89.56
    h3: std=0.0241, dir_acc=57.4%, pos=100%, unique=197, sharpe=96.85
    h4: std=0.0232, dir_acc=57.4%, pos=100%, unique=196, sharpe=103.89
    h5: std=0.0225, dir_acc=56.9%, pos=100%, unique=197, sharpe=110.76
  Aggregate: std_avg=0.0246, dir_acc_avg=57.3%, composite_avg=0.4502
  H1 detail: range=0.1313, mean=0.1410, dist_match=0.5736
  Collapse penalty: 0.000000 (threshold: 0.005000)
  Saved validation predictions to: experiments/12c_multi_horizon/macro_heavy_daily_3q_h5_d025/fold_2021/collapse_monitoring/val_predictions_epoch15.npz
  Gradient norms:
    lstm_encoder: 0.001387
    lstm_decoder: 0.002296
    output_layer: 0.052228
  VSN output std:
    encoder: 0.182282
  Attention entropy: 2.968871
  Saved to: experiments/12c_multi_horizon/macro_heavy_daily_3q_h5_d025/fold_2021/collapse_monitoring/collapse_monitor_latest.json
[DEBUG CollapseMonitor] on_validation_epoch_start called for epoch 16
[DEBUG CollapseMonitor] reset_temporal_state() called on loss function
Epoch 16: val_loss=1.1593952178955078
Epoch 16: train_loss=0.43582287430763245

[CollapseMonitor] Epoch 16
  [DEBUG] Processed 4 batches, 5 horizon(s)
  Multi-horizon metrics (5 horizons):
    h1: std=0.0279, dir_acc=57.4%, pos=100%, unique=196, sharpe=79.66
    h2: std=0.0261, dir_acc=57.4%, pos=100%, unique=197, sharpe=86.66
    h3: std=0.0249, dir_acc=57.4%, pos=100%, unique=196, sharpe=92.82
    h4: std=0.0241, dir_acc=57.4%, pos=100%, unique=193, sharpe=99.00
    h5: std=0.0234, dir_acc=56.9%, pos=100%, unique=195, sharpe=105.18
  Aggregate: std_avg=0.0253, dir_acc_avg=57.3%, composite_avg=0.4502
  H1 detail: range=0.1330, mean=0.1400, dist_match=0.5736
  Collapse penalty: 0.000000 (threshold: 0.005000)
  Saved validation predictions to: experiments/12c_multi_horizon/macro_heavy_daily_3q_h5_d025/fold_2021/collapse_monitoring/val_predictions_epoch16.npz
  Gradient norms:
    lstm_encoder: 0.001433
    lstm_decoder: 0.002616
    output_layer: 0.064563
  VSN output std:
    encoder: 0.182977
  Attention entropy: 2.964617
  Saved to: experiments/12c_multi_horizon/macro_heavy_daily_3q_h5_d025/fold_2021/collapse_monitoring/collapse_monitor_latest.json
[DEBUG CollapseMonitor] on_validation_epoch_start called for epoch 17
[DEBUG CollapseMonitor] reset_temporal_state() called on loss function
Epoch 17: val_loss=1.1556644439697266
Epoch 17: train_loss=0.43531015515327454

[CollapseMonitor] Epoch 17
  [DEBUG] Processed 4 batches, 5 horizon(s)
  Multi-horizon metrics (5 horizons):
    h1: std=0.0267, dir_acc=57.4%, pos=100%, unique=190, sharpe=77.88
    h2: std=0.0255, dir_acc=57.4%, pos=100%, unique=194, sharpe=82.87
    h3: std=0.0247, dir_acc=57.4%, pos=100%, unique=196, sharpe=87.64
    h4: std=0.0240, dir_acc=57.4%, pos=100%, unique=196, sharpe=92.86
    h5: std=0.0234, dir_acc=56.9%, pos=100%, unique=196, sharpe=98.38
  Aggregate: std_avg=0.0248, dir_acc_avg=57.3%, composite_avg=0.4502
  H1 detail: range=0.1242, mean=0.1308, dist_match=0.5736
  Collapse penalty: 0.000000 (threshold: 0.005000)
  Saved validation predictions to: experiments/12c_multi_horizon/macro_heavy_daily_3q_h5_d025/fold_2021/collapse_monitoring/val_predictions_epoch17.npz
  Gradient norms:
    lstm_encoder: 0.001634
    lstm_decoder: 0.002781
    output_layer: 0.053541
  VSN output std:
    encoder: 0.183288
  Attention entropy: 2.958512
  Saved to: experiments/12c_multi_horizon/macro_heavy_daily_3q_h5_d025/fold_2021/collapse_monitoring/collapse_monitor_latest.json
[DEBUG CollapseMonitor] on_validation_epoch_start called for epoch 18
[DEBUG CollapseMonitor] reset_temporal_state() called on loss function
Epoch 18: val_loss=1.149760365486145
Epoch 18: train_loss=0.43476080894470215

[CollapseMonitor] Epoch 18
  [DEBUG] Processed 4 batches, 5 horizon(s)
  Multi-horizon metrics (5 horizons):
    h1: std=0.0254, dir_acc=57.4%, pos=100%, unique=197, sharpe=79.87
    h2: std=0.0249, dir_acc=57.4%, pos=100%, unique=197, sharpe=82.51
    h3: std=0.0246, dir_acc=57.4%, pos=100%, unique=196, sharpe=85.69
    h4: std=0.0241, dir_acc=57.4%, pos=100%, unique=196, sharpe=89.87
    h5: std=0.0235, dir_acc=56.9%, pos=100%, unique=193, sharpe=94.70
  Aggregate: std_avg=0.0245, dir_acc_avg=57.3%, composite_avg=0.4502
  H1 detail: range=0.1142, mean=0.1276, dist_match=0.5736
  Collapse penalty: 0.000000 (threshold: 0.005000)
  Saved validation predictions to: experiments/12c_multi_horizon/macro_heavy_daily_3q_h5_d025/fold_2021/collapse_monitoring/val_predictions_epoch18.npz
  Gradient norms:
    lstm_encoder: 0.001730
    lstm_decoder: 0.002994
    output_layer: 0.061352
  VSN output std:
    encoder: 0.183389
  Attention entropy: 2.955504
  Saved to: experiments/12c_multi_horizon/macro_heavy_daily_3q_h5_d025/fold_2021/collapse_monitoring/collapse_monitor_latest.json
[DEBUG CollapseMonitor] on_validation_epoch_start called for epoch 19
[DEBUG CollapseMonitor] reset_temporal_state() called on loss function
Epoch 19: val_loss=1.1452786922454834
Epoch 19: train_loss=0.43152037262916565

[CollapseMonitor] Epoch 19
  [DEBUG] Processed 4 batches, 5 horizon(s)
  Multi-horizon metrics (5 horizons):
    h1: std=0.0276, dir_acc=57.4%, pos=100%, unique=193, sharpe=79.37
    h2: std=0.0276, dir_acc=57.4%, pos=100%, unique=196, sharpe=80.63
    h3: std=0.0275, dir_acc=57.4%, pos=100%, unique=197, sharpe=82.77
    h4: std=0.0270, dir_acc=57.4%, pos=100%, unique=195, sharpe=86.16
    h5: std=0.0264, dir_acc=56.9%, pos=100%, unique=195, sharpe=90.32
  Aggregate: std_avg=0.0272, dir_acc_avg=57.3%, composite_avg=0.4502
  H1 detail: range=0.1192, mean=0.1380, dist_match=0.5736
  Collapse penalty: 0.000000 (threshold: 0.005000)
  Saved validation predictions to: experiments/12c_multi_horizon/macro_heavy_daily_3q_h5_d025/fold_2021/collapse_monitoring/val_predictions_epoch19.npz
  Gradient norms:
    lstm_encoder: 0.001872
    lstm_decoder: 0.002946
    output_layer: 0.049029
  VSN output std:
    encoder: 0.183994
  Attention entropy: 2.953904
  Saved to: experiments/12c_multi_horizon/macro_heavy_daily_3q_h5_d025/fold_2021/collapse_monitoring/collapse_monitor_latest.json
[DEBUG CollapseMonitor] on_validation_epoch_start called for epoch 20
[DEBUG CollapseMonitor] reset_temporal_state() called on loss function
Epoch 20: val_loss=1.1414672136306763
Epoch 20: train_loss=0.432472825050354

[CollapseMonitor] Epoch 20
  [DEBUG] Processed 4 batches, 5 horizon(s)
  Multi-horizon metrics (5 horizons):
    h1: std=0.0263, dir_acc=57.4%, pos=100%, unique=196, sharpe=80.48
    h2: std=0.0272, dir_acc=57.4%, pos=100%, unique=195, sharpe=79.73
    h3: std=0.0275, dir_acc=57.4%, pos=100%, unique=196, sharpe=80.70
    h4: std=0.0274, dir_acc=57.4%, pos=100%, unique=197, sharpe=83.26
    h5: std=0.0270, dir_acc=56.9%, pos=100%, unique=196, sharpe=86.85
  Aggregate: std_avg=0.0271, dir_acc_avg=57.3%, composite_avg=0.4502
  H1 detail: range=0.1109, mean=0.1333, dist_match=0.5736
  Collapse penalty: 0.000000 (threshold: 0.005000)
  Saved validation predictions to: experiments/12c_multi_horizon/macro_heavy_daily_3q_h5_d025/fold_2021/collapse_monitoring/val_predictions_epoch20.npz
  Gradient norms:
    lstm_encoder: 0.002181
    lstm_decoder: 0.003663
    output_layer: 0.057939
  VSN output std:
    encoder: 0.186131
  Attention entropy: 2.953012
  Saved to: experiments/12c_multi_horizon/macro_heavy_daily_3q_h5_d025/fold_2021/collapse_monitoring/collapse_monitor_latest.json
[DEBUG CollapseMonitor] on_validation_epoch_start called for epoch 21
[DEBUG CollapseMonitor] reset_temporal_state() called on loss function
Epoch 21: val_loss=1.137844443321228
Epoch 21: train_loss=0.4314616918563843

[CollapseMonitor] Epoch 21
  [DEBUG] Processed 4 batches, 5 horizon(s)
  Multi-horizon metrics (5 horizons):
    h1: std=0.0271, dir_acc=57.4%, pos=100%, unique=196, sharpe=79.51
    h2: std=0.0289, dir_acc=57.4%, pos=100%, unique=196, sharpe=76.84
    h3: std=0.0298, dir_acc=57.4%, pos=100%, unique=197, sharpe=76.83
    h4: std=0.0300, dir_acc=57.4%, pos=100%, unique=197, sharpe=78.70
    h5: std=0.0297, dir_acc=56.9%, pos=100%, unique=197, sharpe=81.76
  Aggregate: std_avg=0.0291, dir_acc_avg=57.3%, composite_avg=0.4502
  H1 detail: range=0.1107, mean=0.1360, dist_match=0.5736
  Collapse penalty: 0.000000 (threshold: 0.005000)
  Saved validation predictions to: experiments/12c_multi_horizon/macro_heavy_daily_3q_h5_d025/fold_2021/collapse_monitoring/val_predictions_epoch21.npz
  Gradient norms:
    lstm_encoder: 0.002407
    lstm_decoder: 0.003949
    output_layer: 0.057585
  VSN output std:
    encoder: 0.183809
  Attention entropy: 2.950573
  Saved to: experiments/12c_multi_horizon/macro_heavy_daily_3q_h5_d025/fold_2021/collapse_monitoring/collapse_monitor_latest.json
[DEBUG CollapseMonitor] on_validation_epoch_start called for epoch 22
[DEBUG CollapseMonitor] reset_temporal_state() called on loss function
Epoch 22: val_loss=1.1350421905517578
Epoch 22: train_loss=0.4299525320529938

[CollapseMonitor] Epoch 22
  [DEBUG] Processed 4 batches, 5 horizon(s)
  Multi-horizon metrics (5 horizons):
    h1: std=0.0295, dir_acc=57.4%, pos=100%, unique=195, sharpe=69.74
    h2: std=0.0323, dir_acc=57.4%, pos=100%, unique=197, sharpe=66.38
    h3: std=0.0337, dir_acc=57.4%, pos=100%, unique=197, sharpe=66.09
    h4: std=0.0342, dir_acc=57.4%, pos=100%, unique=197, sharpe=67.58
    h5: std=0.0342, dir_acc=56.9%, pos=100%, unique=195, sharpe=70.13
  Aggregate: std_avg=0.0328, dir_acc_avg=57.3%, composite_avg=0.4502
  H1 detail: range=0.1192, mean=0.1296, dist_match=0.5736
  Collapse penalty: 0.000000 (threshold: 0.005000)
  Saved validation predictions to: experiments/12c_multi_horizon/macro_heavy_daily_3q_h5_d025/fold_2021/collapse_monitoring/val_predictions_epoch22.npz
  Gradient norms:
    lstm_encoder: 0.002565
    lstm_decoder: 0.004441
    output_layer: 0.052387
  VSN output std:
    encoder: 0.182544
  Attention entropy: 2.952467
  Saved to: experiments/12c_multi_horizon/macro_heavy_daily_3q_h5_d025/fold_2021/collapse_monitoring/collapse_monitor_latest.json
[DEBUG CollapseMonitor] on_validation_epoch_start called for epoch 23
[DEBUG CollapseMonitor] reset_temporal_state() called on loss function
Epoch 23: val_loss=1.1317787170410156
Epoch 23: train_loss=0.4292758107185364

[CollapseMonitor] Epoch 23
  [DEBUG] Processed 4 batches, 5 horizon(s)
  Multi-horizon metrics (5 horizons):
    h1: std=0.0273, dir_acc=57.4%, pos=100%, unique=197, sharpe=80.12
    h2: std=0.0309, dir_acc=57.4%, pos=100%, unique=196, sharpe=74.52
    h3: std=0.0329, dir_acc=57.4%, pos=100%, unique=197, sharpe=73.48
    h4: std=0.0337, dir_acc=57.4%, pos=100%, unique=195, sharpe=74.74
    h5: std=0.0339, dir_acc=56.9%, pos=100%, unique=197, sharpe=77.29
  Aggregate: std_avg=0.0317, dir_acc_avg=57.3%, composite_avg=0.4502
  H1 detail: range=0.1114, mean=0.1376, dist_match=0.5736
  Collapse penalty: 0.000000 (threshold: 0.005000)
  Saved validation predictions to: experiments/12c_multi_horizon/macro_heavy_daily_3q_h5_d025/fold_2021/collapse_monitoring/val_predictions_epoch23.npz
  Gradient norms:
    lstm_encoder: 0.002570
    lstm_decoder: 0.004207
    output_layer: 0.052947
  VSN output std:
    encoder: 0.185346
  Attention entropy: 2.953781
  Saved to: experiments/12c_multi_horizon/macro_heavy_daily_3q_h5_d025/fold_2021/collapse_monitoring/collapse_monitor_latest.json
[DEBUG CollapseMonitor] on_validation_epoch_start called for epoch 24
[DEBUG CollapseMonitor] reset_temporal_state() called on loss function
Epoch 24: val_loss=1.1303333044052124
Epoch 24: train_loss=0.4281587600708008

[CollapseMonitor] Epoch 24
  [DEBUG] Processed 4 batches, 5 horizon(s)
  Multi-horizon metrics (5 horizons):
    h1: std=0.0306, dir_acc=57.4%, pos=100%, unique=196, sharpe=69.52
    h2: std=0.0353, dir_acc=57.4%, pos=100%, unique=197, sharpe=64.47
    h3: std=0.0377, dir_acc=57.4%, pos=100%, unique=195, sharpe=63.64
    h4: std=0.0388, dir_acc=57.4%, pos=100%, unique=197, sharpe=64.77
    h5: std=0.0392, dir_acc=56.9%, pos=100%, unique=197, sharpe=66.94
  Aggregate: std_avg=0.0363, dir_acc_avg=57.3%, composite_avg=0.4502
  H1 detail: range=0.1243, mean=0.1340, dist_match=0.5736
  Collapse penalty: 0.000000 (threshold: 0.005000)
  Saved validation predictions to: experiments/12c_multi_horizon/macro_heavy_daily_3q_h5_d025/fold_2021/collapse_monitoring/val_predictions_epoch24.npz
  Gradient norms:
    lstm_encoder: 0.003481
    lstm_decoder: 0.005564
    output_layer: 0.056052
  VSN output std:
    encoder: 0.188460
  Attention entropy: 2.953530
  Saved to: experiments/12c_multi_horizon/macro_heavy_daily_3q_h5_d025/fold_2021/collapse_monitoring/collapse_monitor_latest.json
[DEBUG CollapseMonitor] on_validation_epoch_start called for epoch 25
[DEBUG CollapseMonitor] reset_temporal_state() called on loss function
Epoch 25: val_loss=1.1267918348312378
Epoch 25: train_loss=0.4262307286262512

[CollapseMonitor] Epoch 25
  [DEBUG] Processed 4 batches, 5 horizon(s)
  Multi-horizon metrics (5 horizons):
    h1: std=0.0299, dir_acc=57.4%, pos=100%, unique=197, sharpe=75.25
    h2: std=0.0349, dir_acc=57.4%, pos=100%, unique=195, sharpe=69.86
    h3: std=0.0374, dir_acc=57.4%, pos=100%, unique=195, sharpe=69.30
    h4: std=0.0385, dir_acc=57.4%, pos=100%, unique=197, sharpe=70.79
    h5: std=0.0389, dir_acc=56.9%, pos=100%, unique=196, sharpe=73.32
  Aggregate: std_avg=0.0359, dir_acc_avg=57.3%, composite_avg=0.4502
  H1 detail: range=0.1225, mean=0.1417, dist_match=0.5736
  Collapse penalty: 0.000000 (threshold: 0.005000)
  Saved validation predictions to: experiments/12c_multi_horizon/macro_heavy_daily_3q_h5_d025/fold_2021/collapse_monitoring/val_predictions_epoch25.npz
  Gradient norms:
    lstm_encoder: 0.003147
    lstm_decoder: 0.004893
    output_layer: 0.055288
  VSN output std:
    encoder: 0.189373
  Attention entropy: 2.959505
  Saved to: experiments/12c_multi_horizon/macro_heavy_daily_3q_h5_d025/fold_2021/collapse_monitoring/collapse_monitor_latest.json
[DEBUG CollapseMonitor] on_validation_epoch_start called for epoch 26
[DEBUG CollapseMonitor] reset_temporal_state() called on loss function
Epoch 26: val_loss=1.1264376640319824
Epoch 26: train_loss=0.42581743001937866

[CollapseMonitor] Epoch 26
  [DEBUG] Processed 4 batches, 5 horizon(s)
  Multi-horizon metrics (5 horizons):
    h1: std=0.0295, dir_acc=57.4%, pos=100%, unique=197, sharpe=68.32
    h2: std=0.0350, dir_acc=57.4%, pos=100%, unique=196, sharpe=63.28
    h3: std=0.0377, dir_acc=57.4%, pos=100%, unique=196, sharpe=62.91
    h4: std=0.0390, dir_acc=57.4%, pos=100%, unique=197, sharpe=64.39
    h5: std=0.0396, dir_acc=56.9%, pos=100%, unique=197, sharpe=66.77
  Aggregate: std_avg=0.0362, dir_acc_avg=57.3%, composite_avg=0.4502
  H1 detail: range=0.1189, mean=0.1271, dist_match=0.5736
  Collapse penalty: 0.000000 (threshold: 0.005000)
  Saved validation predictions to: experiments/12c_multi_horizon/macro_heavy_daily_3q_h5_d025/fold_2021/collapse_monitoring/val_predictions_epoch26.npz
  Gradient norms:
    lstm_encoder: 0.003886
    lstm_decoder: 0.005828
    output_layer: 0.051794
  VSN output std:
    encoder: 0.189244
  Attention entropy: 2.962768
  Saved to: experiments/12c_multi_horizon/macro_heavy_daily_3q_h5_d025/fold_2021/collapse_monitoring/collapse_monitor_latest.json
[DEBUG CollapseMonitor] on_validation_epoch_start called for epoch 27
[DEBUG CollapseMonitor] reset_temporal_state() called on loss function
Epoch 27: val_loss=1.1240007877349854
Epoch 27: train_loss=0.4251631200313568

[CollapseMonitor] Epoch 27
  [DEBUG] Processed 4 batches, 5 horizon(s)
  Multi-horizon metrics (5 horizons):
    h1: std=0.0286, dir_acc=57.4%, pos=100%, unique=196, sharpe=71.03
    h2: std=0.0338, dir_acc=57.4%, pos=100%, unique=197, sharpe=66.74
    h3: std=0.0362, dir_acc=57.4%, pos=100%, unique=197, sharpe=67.30
    h4: std=0.0373, dir_acc=57.4%, pos=100%, unique=197, sharpe=69.63
    h5: std=0.0377, dir_acc=56.9%, pos=100%, unique=196, sharpe=72.74
  Aggregate: std_avg=0.0347, dir_acc_avg=57.3%, composite_avg=0.4502
  H1 detail: range=0.1148, mean=0.1279, dist_match=0.5736
  Collapse penalty: 0.000000 (threshold: 0.005000)
  Saved validation predictions to: experiments/12c_multi_horizon/macro_heavy_daily_3q_h5_d025/fold_2021/collapse_monitoring/val_predictions_epoch27.npz
  Gradient norms:
    lstm_encoder: 0.003725
    lstm_decoder: 0.006489
    output_layer: 0.049975
  VSN output std:
    encoder: 0.190685
  Attention entropy: 2.965452
  Saved to: experiments/12c_multi_horizon/macro_heavy_daily_3q_h5_d025/fold_2021/collapse_monitoring/collapse_monitor_latest.json
[DEBUG CollapseMonitor] on_validation_epoch_start called for epoch 28
[DEBUG CollapseMonitor] reset_temporal_state() called on loss function
Epoch 28: val_loss=1.1224223375320435
Epoch 28: train_loss=0.4237094819545746

[CollapseMonitor] Epoch 28
  [DEBUG] Processed 4 batches, 5 horizon(s)
  Multi-horizon metrics (5 horizons):
    h1: std=0.0277, dir_acc=57.4%, pos=100%, unique=197, sharpe=72.03
    h2: std=0.0329, dir_acc=57.4%, pos=100%, unique=197, sharpe=68.03
    h3: std=0.0353, dir_acc=57.4%, pos=100%, unique=197, sharpe=68.99
    h4: std=0.0364, dir_acc=57.4%, pos=100%, unique=197, sharpe=71.59
    h5: std=0.0368, dir_acc=56.9%, pos=100%, unique=197, sharpe=74.87
  Aggregate: std_avg=0.0338, dir_acc_avg=57.3%, composite_avg=0.4502
  H1 detail: range=0.1098, mean=0.1256, dist_match=0.5736
  Collapse penalty: 0.000000 (threshold: 0.005000)
  Saved validation predictions to: experiments/12c_multi_horizon/macro_heavy_daily_3q_h5_d025/fold_2021/collapse_monitoring/val_predictions_epoch28.npz
  Gradient norms:
    lstm_encoder: 0.004190
    lstm_decoder: 0.006644
    output_layer: 0.050391
  VSN output std:
    encoder: 0.194658
  Attention entropy: 2.965769
  Saved to: experiments/12c_multi_horizon/macro_heavy_daily_3q_h5_d025/fold_2021/collapse_monitoring/collapse_monitor_latest.json
[DEBUG CollapseMonitor] on_validation_epoch_start called for epoch 29
[DEBUG CollapseMonitor] reset_temporal_state() called on loss function
Epoch 29: val_loss=1.120989203453064
Epoch 29: train_loss=0.4248729944229126

[CollapseMonitor] Epoch 29
  [DEBUG] Processed 4 batches, 5 horizon(s)
  Multi-horizon metrics (5 horizons):
    h1: std=0.0301, dir_acc=57.4%, pos=100%, unique=197, sharpe=62.95
    h2: std=0.0354, dir_acc=57.4%, pos=100%, unique=196, sharpe=61.08
    h3: std=0.0376, dir_acc=57.4%, pos=100%, unique=196, sharpe=63.11
    h4: std=0.0384, dir_acc=57.4%, pos=100%, unique=195, sharpe=66.34
    h5: std=0.0387, dir_acc=56.9%, pos=100%, unique=196, sharpe=70.01
  Aggregate: std_avg=0.0360, dir_acc_avg=57.3%, composite_avg=0.4502
  H1 detail: range=0.1169, mean=0.1194, dist_match=0.5736
  Collapse penalty: 0.000000 (threshold: 0.005000)
  Saved validation predictions to: experiments/12c_multi_horizon/macro_heavy_daily_3q_h5_d025/fold_2021/collapse_monitoring/val_predictions_epoch29.npz
  Gradient norms:
    lstm_encoder: 0.004455
    lstm_decoder: 0.007504
    output_layer: 0.057297
  VSN output std:
    encoder: 0.193822
  Attention entropy: 2.967110
  Saved to: experiments/12c_multi_horizon/macro_heavy_daily_3q_h5_d025/fold_2021/collapse_monitoring/collapse_monitor_latest.json
[DEBUG CollapseMonitor] on_validation_epoch_start called for epoch 30
[DEBUG CollapseMonitor] reset_temporal_state() called on loss function
Epoch 30: val_loss=1.1209083795547485
Epoch 30: train_loss=0.4239828288555145

[CollapseMonitor] Epoch 30
  [DEBUG] Processed 4 batches, 5 horizon(s)
  Multi-horizon metrics (5 horizons):
    h1: std=0.0269, dir_acc=57.4%, pos=100%, unique=196, sharpe=73.56
    h2: std=0.0317, dir_acc=57.4%, pos=100%, unique=196, sharpe=70.94
    h3: std=0.0338, dir_acc=57.4%, pos=100%, unique=197, sharpe=72.78
    h4: std=0.0347, dir_acc=57.4%, pos=100%, unique=197, sharpe=75.93
    h5: std=0.0350, dir_acc=56.9%, pos=100%, unique=197, sharpe=79.60
  Aggregate: std_avg=0.0324, dir_acc_avg=57.3%, composite_avg=0.4502
  H1 detail: range=0.1042, mean=0.1247, dist_match=0.5736
  Collapse penalty: 0.000000 (threshold: 0.005000)
  Saved validation predictions to: experiments/12c_multi_horizon/macro_heavy_daily_3q_h5_d025/fold_2021/collapse_monitoring/val_predictions_epoch30.npz
  Gradient norms:
    lstm_encoder: 0.004569
    lstm_decoder: 0.007704
    output_layer: 0.054773
  VSN output std:
    encoder: 0.196185
  Attention entropy: 2.968208
  Saved to: experiments/12c_multi_horizon/macro_heavy_daily_3q_h5_d025/fold_2021/collapse_monitoring/collapse_monitor_latest.json
[DEBUG CollapseMonitor] on_validation_epoch_start called for epoch 31
[DEBUG CollapseMonitor] reset_temporal_state() called on loss function
Epoch 31: val_loss=1.1191014051437378
Epoch 31: train_loss=0.4243820011615753

[CollapseMonitor] Epoch 31
  [DEBUG] Processed 4 batches, 5 horizon(s)
  Multi-horizon metrics (5 horizons):
    h1: std=0.0280, dir_acc=57.4%, pos=100%, unique=196, sharpe=63.21
    h2: std=0.0326, dir_acc=57.4%, pos=100%, unique=197, sharpe=62.77
    h3: std=0.0344, dir_acc=57.4%, pos=100%, unique=196, sharpe=65.89
    h4: std=0.0349, dir_acc=57.4%, pos=100%, unique=196, sharpe=70.10
    h5: std=0.0350, dir_acc=56.9%, pos=100%, unique=197, sharpe=74.68
  Aggregate: std_avg=0.0330, dir_acc_avg=57.3%, composite_avg=0.4502
  H1 detail: range=0.1017, mean=0.1115, dist_match=0.5736
  Collapse penalty: 0.000000 (threshold: 0.005000)
  Saved validation predictions to: experiments/12c_multi_horizon/macro_heavy_daily_3q_h5_d025/fold_2021/collapse_monitoring/val_predictions_epoch31.npz
  Gradient norms:
    lstm_encoder: 0.004978
    lstm_decoder: 0.009252
    output_layer: 0.053584
  VSN output std:
    encoder: 0.197044
  Attention entropy: 2.969510
  Saved to: experiments/12c_multi_horizon/macro_heavy_daily_3q_h5_d025/fold_2021/collapse_monitoring/collapse_monitor_latest.json
[DEBUG CollapseMonitor] on_validation_epoch_start called for epoch 32
[DEBUG CollapseMonitor] reset_temporal_state() called on loss function
Epoch 32: val_loss=1.1175553798675537
Epoch 32: train_loss=0.4231753647327423

[CollapseMonitor] Epoch 32
  [DEBUG] Processed 4 batches, 5 horizon(s)
  Multi-horizon metrics (5 horizons):
    h1: std=0.0300, dir_acc=57.4%, pos=100%, unique=197, sharpe=61.81
    h2: std=0.0349, dir_acc=57.4%, pos=100%, unique=197, sharpe=60.80
    h3: std=0.0368, dir_acc=57.4%, pos=100%, unique=197, sharpe=63.39
    h4: std=0.0374, dir_acc=57.4%, pos=100%, unique=197, sharpe=67.31
    h5: std=0.0373, dir_acc=56.9%, pos=100%, unique=196, sharpe=71.77
  Aggregate: std_avg=0.0353, dir_acc_avg=57.3%, composite_avg=0.4502
  H1 detail: range=0.1048, mean=0.1167, dist_match=0.5736
  Collapse penalty: 0.000000 (threshold: 0.005000)
  Saved validation predictions to: experiments/12c_multi_horizon/macro_heavy_daily_3q_h5_d025/fold_2021/collapse_monitoring/val_predictions_epoch32.npz
  Gradient norms:
    lstm_encoder: 0.004209
    lstm_decoder: 0.007785
    output_layer: 0.059781
  VSN output std:
    encoder: 0.195929
  Attention entropy: 2.969838
  Saved to: experiments/12c_multi_horizon/macro_heavy_daily_3q_h5_d025/fold_2021/collapse_monitoring/collapse_monitor_latest.json
[DEBUG CollapseMonitor] on_validation_epoch_start called for epoch 33
[DEBUG CollapseMonitor] reset_temporal_state() called on loss function
Epoch 33: val_loss=1.1163796186447144
Epoch 33: train_loss=0.42243891954421997

[CollapseMonitor] Epoch 33
  [DEBUG] Processed 4 batches, 5 horizon(s)
  Multi-horizon metrics (5 horizons):
    h1: std=0.0309, dir_acc=57.4%, pos=100%, unique=195, sharpe=60.02
    h2: std=0.0355, dir_acc=57.4%, pos=100%, unique=196, sharpe=60.41
    h3: std=0.0372, dir_acc=57.4%, pos=100%, unique=197, sharpe=63.62
    h4: std=0.0375, dir_acc=57.4%, pos=100%, unique=197, sharpe=67.92
    h5: std=0.0373, dir_acc=56.9%, pos=100%, unique=197, sharpe=72.66
  Aggregate: std_avg=0.0357, dir_acc_avg=57.3%, composite_avg=0.4502
  H1 detail: range=0.1091, mean=0.1168, dist_match=0.5736
  Collapse penalty: 0.000000 (threshold: 0.005000)
  Saved validation predictions to: experiments/12c_multi_horizon/macro_heavy_daily_3q_h5_d025/fold_2021/collapse_monitoring/val_predictions_epoch33.npz
  Gradient norms:
    lstm_encoder: 0.004832
    lstm_decoder: 0.008226
    output_layer: 0.055611
  VSN output std:
    encoder: 0.195835
  Attention entropy: 2.969097
  Saved to: experiments/12c_multi_horizon/macro_heavy_daily_3q_h5_d025/fold_2021/collapse_monitoring/collapse_monitor_latest.json
[DEBUG CollapseMonitor] on_validation_epoch_start called for epoch 34
[DEBUG CollapseMonitor] reset_temporal_state() called on loss function
Epoch 34: val_loss=1.1167330741882324
Epoch 34: train_loss=0.4232355058193207

[CollapseMonitor] Epoch 34
  [DEBUG] Processed 4 batches, 5 horizon(s)
  Multi-horizon metrics (5 horizons):
    h1: std=0.0279, dir_acc=57.4%, pos=100%, unique=196, sharpe=70.60
    h2: std=0.0323, dir_acc=57.4%, pos=100%, unique=197, sharpe=69.98
    h3: std=0.0341, dir_acc=57.4%, pos=100%, unique=196, sharpe=72.52
    h4: std=0.0347, dir_acc=57.4%, pos=100%, unique=196, sharpe=76.15
    h5: std=0.0349, dir_acc=56.9%, pos=100%, unique=197, sharpe=80.27
  Aggregate: std_avg=0.0328, dir_acc_avg=57.3%, composite_avg=0.4502
  H1 detail: range=0.1033, mean=0.1239, dist_match=0.5736
  Collapse penalty: 0.000000 (threshold: 0.005000)
  Saved validation predictions to: experiments/12c_multi_horizon/macro_heavy_daily_3q_h5_d025/fold_2021/collapse_monitoring/val_predictions_epoch34.npz
  Gradient norms:
    lstm_encoder: 0.005375
    lstm_decoder: 0.009996
    output_layer: 0.064205
  VSN output std:
    encoder: 0.200176
  Attention entropy: 2.967481
  Saved to: experiments/12c_multi_horizon/macro_heavy_daily_3q_h5_d025/fold_2021/collapse_monitoring/collapse_monitor_latest.json
[DEBUG CollapseMonitor] on_validation_epoch_start called for epoch 35
[DEBUG CollapseMonitor] reset_temporal_state() called on loss function
Epoch 35: val_loss=1.1164180040359497
Epoch 35: train_loss=0.42187270522117615

[CollapseMonitor] Epoch 35
  [DEBUG] Processed 4 batches, 5 horizon(s)
  Multi-horizon metrics (5 horizons):
    h1: std=0.0283, dir_acc=57.4%, pos=100%, unique=196, sharpe=61.77
    h2: std=0.0327, dir_acc=57.4%, pos=100%, unique=197, sharpe=61.55
    h3: std=0.0344, dir_acc=57.4%, pos=100%, unique=195, sharpe=64.22
    h4: std=0.0349, dir_acc=57.4%, pos=100%, unique=197, sharpe=67.98
    h5: std=0.0348, dir_acc=56.9%, pos=100%, unique=197, sharpe=72.24
  Aggregate: std_avg=0.0330, dir_acc_avg=57.3%, composite_avg=0.4502
  H1 detail: range=0.1003, mean=0.1099, dist_match=0.5736
  Collapse penalty: 0.000000 (threshold: 0.005000)
  Saved validation predictions to: experiments/12c_multi_horizon/macro_heavy_daily_3q_h5_d025/fold_2021/collapse_monitoring/val_predictions_epoch35.npz
  Gradient norms:
    lstm_encoder: 0.004760
    lstm_decoder: 0.008522
    output_layer: 0.056374
  VSN output std:
    encoder: 0.201254
  Attention entropy: 2.968725
  Saved to: experiments/12c_multi_horizon/macro_heavy_daily_3q_h5_d025/fold_2021/collapse_monitoring/collapse_monitor_latest.json
[DEBUG CollapseMonitor] on_validation_epoch_start called for epoch 36
[DEBUG CollapseMonitor] reset_temporal_state() called on loss function
Epoch 36: val_loss=1.1138848066329956
Epoch 36: train_loss=0.4223550856113434

[CollapseMonitor] Epoch 36
  [DEBUG] Processed 4 batches, 5 horizon(s)
  Multi-horizon metrics (5 horizons):
    h1: std=0.0295, dir_acc=57.4%, pos=100%, unique=197, sharpe=59.55
    h2: std=0.0337, dir_acc=57.4%, pos=100%, unique=197, sharpe=60.03
    h3: std=0.0351, dir_acc=57.4%, pos=100%, unique=197, sharpe=63.13
    h4: std=0.0353, dir_acc=57.4%, pos=100%, unique=197, sharpe=67.44
    h5: std=0.0349, dir_acc=56.9%, pos=100%, unique=197, sharpe=72.37
  Aggregate: std_avg=0.0337, dir_acc_avg=57.3%, composite_avg=0.4502
  H1 detail: range=0.1009, mean=0.1106, dist_match=0.5736
  Collapse penalty: 0.000000 (threshold: 0.005000)
  Saved validation predictions to: experiments/12c_multi_horizon/macro_heavy_daily_3q_h5_d025/fold_2021/collapse_monitoring/val_predictions_epoch36.npz
  Gradient norms:
    lstm_encoder: 0.004634
    lstm_decoder: 0.007689
    output_layer: 0.056213
  VSN output std:
    encoder: 0.199114
  Attention entropy: 2.971208
  Saved to: experiments/12c_multi_horizon/macro_heavy_daily_3q_h5_d025/fold_2021/collapse_monitoring/collapse_monitor_latest.json
[DEBUG CollapseMonitor] on_validation_epoch_start called for epoch 37
[DEBUG CollapseMonitor] reset_temporal_state() called on loss function
Epoch 37: val_loss=1.1128010749816895
Epoch 37: train_loss=0.4220632314682007

[CollapseMonitor] Epoch 37
  [DEBUG] Processed 4 batches, 5 horizon(s)
  Multi-horizon metrics (5 horizons):
    h1: std=0.0328, dir_acc=57.4%, pos=100%, unique=197, sharpe=54.69
    h2: std=0.0372, dir_acc=57.4%, pos=100%, unique=196, sharpe=55.55
    h3: std=0.0388, dir_acc=57.4%, pos=100%, unique=197, sharpe=58.11
    h4: std=0.0391, dir_acc=57.4%, pos=100%, unique=196, sharpe=61.77
    h5: std=0.0387, dir_acc=56.9%, pos=100%, unique=197, sharpe=66.07
  Aggregate: std_avg=0.0373, dir_acc_avg=57.3%, composite_avg=0.4502
  H1 detail: range=0.1135, mean=0.1129, dist_match=0.5736
  Collapse penalty: 0.000000 (threshold: 0.005000)
  Saved validation predictions to: experiments/12c_multi_horizon/macro_heavy_daily_3q_h5_d025/fold_2021/collapse_monitoring/val_predictions_epoch37.npz
  Gradient norms:
    lstm_encoder: 0.004927
    lstm_decoder: 0.008476
    output_layer: 0.052580
  VSN output std:
    encoder: 0.198833
  Attention entropy: 2.971592
  Saved to: experiments/12c_multi_horizon/macro_heavy_daily_3q_h5_d025/fold_2021/collapse_monitoring/collapse_monitor_latest.json
[DEBUG CollapseMonitor] on_validation_epoch_start called for epoch 38
[DEBUG CollapseMonitor] reset_temporal_state() called on loss function
Epoch 38: val_loss=1.1128385066986084
Epoch 38: train_loss=0.42146989703178406

[CollapseMonitor] Epoch 38
  [DEBUG] Processed 4 batches, 5 horizon(s)
  Multi-horizon metrics (5 horizons):
    h1: std=0.0317, dir_acc=57.4%, pos=100%, unique=196, sharpe=54.75
    h2: std=0.0359, dir_acc=57.4%, pos=100%, unique=197, sharpe=56.23
    h3: std=0.0376, dir_acc=57.4%, pos=100%, unique=197, sharpe=58.60
    h4: std=0.0381, dir_acc=57.4%, pos=100%, unique=196, sharpe=61.97
    h5: std=0.0378, dir_acc=56.9%, pos=100%, unique=196, sharpe=65.99
  Aggregate: std_avg=0.0362, dir_acc_avg=57.3%, composite_avg=0.4502
  H1 detail: range=0.1133, mean=0.1094, dist_match=0.5736
  Collapse penalty: 0.000000 (threshold: 0.005000)
  Saved validation predictions to: experiments/12c_multi_horizon/macro_heavy_daily_3q_h5_d025/fold_2021/collapse_monitoring/val_predictions_epoch38.npz
  Gradient norms:
    lstm_encoder: 0.004628
    lstm_decoder: 0.008013
    output_layer: 0.057032
  VSN output std:
    encoder: 0.199063
  Attention entropy: 2.971433
  Saved to: experiments/12c_multi_horizon/macro_heavy_daily_3q_h5_d025/fold_2021/collapse_monitoring/collapse_monitor_latest.json
[DEBUG CollapseMonitor] on_validation_epoch_start called for epoch 39
[DEBUG CollapseMonitor] reset_temporal_state() called on loss function
Epoch 39: val_loss=1.11099374294281
Epoch 39: train_loss=0.4207554757595062

[CollapseMonitor] Epoch 39
  [DEBUG] Processed 4 batches, 5 horizon(s)
  Multi-horizon metrics (5 horizons):
    h1: std=0.0328, dir_acc=57.4%, pos=100%, unique=197, sharpe=52.33
    h2: std=0.0368, dir_acc=57.4%, pos=100%, unique=197, sharpe=54.34
    h3: std=0.0388, dir_acc=57.4%, pos=100%, unique=197, sharpe=56.27
    h4: std=0.0393, dir_acc=57.4%, pos=100%, unique=195, sharpe=59.29
    h5: std=0.0391, dir_acc=56.9%, pos=100%, unique=197, sharpe=63.05
  Aggregate: std_avg=0.0374, dir_acc_avg=57.3%, composite_avg=0.4502
  H1 detail: range=0.1156, mean=0.1080, dist_match=0.5736
  Collapse penalty: 0.000000 (threshold: 0.005000)
  Saved validation predictions to: experiments/12c_multi_horizon/macro_heavy_daily_3q_h5_d025/fold_2021/collapse_monitoring/val_predictions_epoch39.npz
  Gradient norms:
    lstm_encoder: 0.004847
    lstm_decoder: 0.008720
    output_layer: 0.053710
  VSN output std:
    encoder: 0.198141
  Attention entropy: 2.971010
  Saved to: experiments/12c_multi_horizon/macro_heavy_daily_3q_h5_d025/fold_2021/collapse_monitoring/collapse_monitor_latest.json
[DEBUG CollapseMonitor] on_validation_epoch_start called for epoch 40
[DEBUG CollapseMonitor] reset_temporal_state() called on loss function
Epoch 40: val_loss=1.109259843826294
Epoch 40: train_loss=0.42152905464172363

[CollapseMonitor] Epoch 40
  [DEBUG] Processed 4 batches, 5 horizon(s)
  Multi-horizon metrics (5 horizons):
    h1: std=0.0359, dir_acc=57.4%, pos=100%, unique=197, sharpe=47.56
    h2: std=0.0404, dir_acc=57.4%, pos=100%, unique=196, sharpe=49.48
    h3: std=0.0427, dir_acc=57.4%, pos=100%, unique=197, sharpe=50.91
    h4: std=0.0434, dir_acc=57.4%, pos=100%, unique=197, sharpe=53.41
    h5: std=0.0432, dir_acc=56.9%, pos=100%, unique=197, sharpe=56.66
  Aggregate: std_avg=0.0411, dir_acc_avg=57.3%, composite_avg=0.4502
  H1 detail: range=0.1271, mean=0.1077, dist_match=0.5736
  Collapse penalty: 0.000000 (threshold: 0.005000)
  Saved validation predictions to: experiments/12c_multi_horizon/macro_heavy_daily_3q_h5_d025/fold_2021/collapse_monitoring/val_predictions_epoch40.npz
  Gradient norms:
    lstm_encoder: 0.004359
    lstm_decoder: 0.007573
    output_layer: 0.046435
  VSN output std:
    encoder: 0.198063
  Attention entropy: 2.972274
  Saved to: experiments/12c_multi_horizon/macro_heavy_daily_3q_h5_d025/fold_2021/collapse_monitoring/collapse_monitor_latest.json
[DEBUG CollapseMonitor] on_validation_epoch_start called for epoch 41
[DEBUG CollapseMonitor] reset_temporal_state() called on loss function
Epoch 41: val_loss=1.1100659370422363
Epoch 41: train_loss=0.4207470417022705

[CollapseMonitor] Epoch 41
  [DEBUG] Processed 4 batches, 5 horizon(s)
  Multi-horizon metrics (5 horizons):
    h1: std=0.0331, dir_acc=57.4%, pos=100%, unique=197, sharpe=53.18
    h2: std=0.0366, dir_acc=57.4%, pos=100%, unique=197, sharpe=56.27
    h3: std=0.0384, dir_acc=57.4%, pos=100%, unique=195, sharpe=58.37
    h4: std=0.0389, dir_acc=57.4%, pos=100%, unique=197, sharpe=61.43
    h5: std=0.0386, dir_acc=56.9%, pos=100%, unique=197, sharpe=65.18
  Aggregate: std_avg=0.0371, dir_acc_avg=57.3%, composite_avg=0.4502
  H1 detail: range=0.1201, mean=0.1110, dist_match=0.5736
  Collapse penalty: 0.000000 (threshold: 0.005000)
  Saved validation predictions to: experiments/12c_multi_horizon/macro_heavy_daily_3q_h5_d025/fold_2021/collapse_monitoring/val_predictions_epoch41.npz
  Gradient norms:
    lstm_encoder: 0.004606
    lstm_decoder: 0.008555
    output_layer: 0.052540
  VSN output std:
    encoder: 0.201458
  Attention entropy: 2.971900
  Saved to: experiments/12c_multi_horizon/macro_heavy_daily_3q_h5_d025/fold_2021/collapse_monitoring/collapse_monitor_latest.json
[DEBUG CollapseMonitor] on_validation_epoch_start called for epoch 42
[DEBUG CollapseMonitor] reset_temporal_state() called on loss function
Epoch 42: val_loss=1.1083167791366577
Epoch 42: train_loss=0.42080754041671753

[CollapseMonitor] Epoch 42
  [DEBUG] Processed 4 batches, 5 horizon(s)
  Multi-horizon metrics (5 horizons):
    h1: std=0.0355, dir_acc=57.4%, pos=100%, unique=196, sharpe=53.05
    h2: std=0.0390, dir_acc=57.4%, pos=100%, unique=197, sharpe=55.74
    h3: std=0.0410, dir_acc=57.4%, pos=100%, unique=197, sharpe=57.33
    h4: std=0.0415, dir_acc=57.4%, pos=100%, unique=197, sharpe=59.92
    h5: std=0.0412, dir_acc=56.9%, pos=100%, unique=197, sharpe=63.26
  Aggregate: std_avg=0.0396, dir_acc_avg=57.3%, composite_avg=0.4502
  H1 detail: range=0.1277, mean=0.1186, dist_match=0.5736
  Collapse penalty: 0.000000 (threshold: 0.005000)
  Saved validation predictions to: experiments/12c_multi_horizon/macro_heavy_daily_3q_h5_d025/fold_2021/collapse_monitoring/val_predictions_epoch42.npz
  Gradient norms:
    lstm_encoder: 0.005705
    lstm_decoder: 0.010002
    output_layer: 0.060499
  VSN output std:
    encoder: 0.201351
  Attention entropy: 2.972502
  Saved to: experiments/12c_multi_horizon/macro_heavy_daily_3q_h5_d025/fold_2021/collapse_monitoring/collapse_monitor_latest.json
[DEBUG CollapseMonitor] on_validation_epoch_start called for epoch 43
[DEBUG CollapseMonitor] reset_temporal_state() called on loss function
Epoch 43: val_loss=1.1081210374832153
Epoch 43: train_loss=0.42101505398750305

[CollapseMonitor] Epoch 43
  [DEBUG] Processed 4 batches, 5 horizon(s)
  Multi-horizon metrics (5 horizons):
    h1: std=0.0363, dir_acc=57.4%, pos=100%, unique=197, sharpe=54.46
    h2: std=0.0401, dir_acc=57.4%, pos=100%, unique=197, sharpe=56.22
    h3: std=0.0423, dir_acc=57.4%, pos=100%, unique=197, sharpe=57.21
    h4: std=0.0430, dir_acc=57.4%, pos=100%, unique=197, sharpe=59.19
    h5: std=0.0429, dir_acc=56.9%, pos=100%, unique=196, sharpe=61.93
  Aggregate: std_avg=0.0409, dir_acc_avg=57.3%, composite_avg=0.4502
  H1 detail: range=0.1332, mean=0.1246, dist_match=0.5736
  Collapse penalty: 0.000000 (threshold: 0.005000)
  Saved validation predictions to: experiments/12c_multi_horizon/macro_heavy_daily_3q_h5_d025/fold_2021/collapse_monitoring/val_predictions_epoch43.npz
  Gradient norms:
    lstm_encoder: 0.004929
    lstm_decoder: 0.008722
    output_layer: 0.045095
  VSN output std:
    encoder: 0.201641
  Attention entropy: 2.973119
  Saved to: experiments/12c_multi_horizon/macro_heavy_daily_3q_h5_d025/fold_2021/collapse_monitoring/collapse_monitor_latest.json
[DEBUG CollapseMonitor] on_validation_epoch_start called for epoch 44
[DEBUG CollapseMonitor] reset_temporal_state() called on loss function
Epoch 44: val_loss=1.1076147556304932
Epoch 44: train_loss=0.42045316100120544

[CollapseMonitor] Epoch 44
  [DEBUG] Processed 4 batches, 5 horizon(s)
  Multi-horizon metrics (5 horizons):
    h1: std=0.0347, dir_acc=57.4%, pos=100%, unique=197, sharpe=51.73
    h2: std=0.0383, dir_acc=57.4%, pos=100%, unique=197, sharpe=53.75
    h3: std=0.0405, dir_acc=57.4%, pos=100%, unique=196, sharpe=54.60
    h4: std=0.0414, dir_acc=57.4%, pos=100%, unique=197, sharpe=56.44
    h5: std=0.0414, dir_acc=56.9%, pos=100%, unique=195, sharpe=59.07
  Aggregate: std_avg=0.0393, dir_acc_avg=57.3%, composite_avg=0.4502
  H1 detail: range=0.1273, mean=0.1132, dist_match=0.5736
  Collapse penalty: 0.000000 (threshold: 0.005000)
  Saved validation predictions to: experiments/12c_multi_horizon/macro_heavy_daily_3q_h5_d025/fold_2021/collapse_monitoring/val_predictions_epoch44.npz
  Gradient norms:
    lstm_encoder: 0.005082
    lstm_decoder: 0.009845
    output_layer: 0.052129
  VSN output std:
    encoder: 0.202629
  Attention entropy: 2.972924
  Saved to: experiments/12c_multi_horizon/macro_heavy_daily_3q_h5_d025/fold_2021/collapse_monitoring/collapse_monitor_latest.json
[DEBUG CollapseMonitor] on_validation_epoch_start called for epoch 45
[DEBUG CollapseMonitor] reset_temporal_state() called on loss function
Epoch 45: val_loss=1.103999137878418
Epoch 45: train_loss=0.4208553731441498

[CollapseMonitor] Epoch 45
  [DEBUG] Processed 4 batches, 5 horizon(s)
  Multi-horizon metrics (5 horizons):
    h1: std=0.0361, dir_acc=57.4%, pos=100%, unique=197, sharpe=53.46
    h2: std=0.0401, dir_acc=57.4%, pos=100%, unique=197, sharpe=54.50
    h3: std=0.0428, dir_acc=57.4%, pos=100%, unique=197, sharpe=54.23
    h4: std=0.0441, dir_acc=57.4%, pos=100%, unique=197, sharpe=55.10
    h5: std=0.0446, dir_acc=56.9%, pos=100%, unique=197, sharpe=56.78
  Aggregate: std_avg=0.0415, dir_acc_avg=57.3%, composite_avg=0.4502
  H1 detail: range=0.1319, mean=0.1217, dist_match=0.5736
  Collapse penalty: 0.000000 (threshold: 0.005000)
  Saved validation predictions to: experiments/12c_multi_horizon/macro_heavy_daily_3q_h5_d025/fold_2021/collapse_monitoring/val_predictions_epoch45.npz
  Gradient norms:
    lstm_encoder: 0.005432
    lstm_decoder: 0.009890
    output_layer: 0.050530
  VSN output std:
    encoder: 0.201079
  Attention entropy: 2.973207
  Saved to: experiments/12c_multi_horizon/macro_heavy_daily_3q_h5_d025/fold_2021/collapse_monitoring/collapse_monitor_latest.json
[DEBUG CollapseMonitor] on_validation_epoch_start called for epoch 46
[DEBUG CollapseMonitor] reset_temporal_state() called on loss function
Epoch 46: val_loss=1.104880928993225
Epoch 46: train_loss=0.42035555839538574

[CollapseMonitor] Epoch 46
  [DEBUG] Processed 4 batches, 5 horizon(s)
  Multi-horizon metrics (5 horizons):
    h1: std=0.0354, dir_acc=57.4%, pos=100%, unique=196, sharpe=51.60
    h2: std=0.0387, dir_acc=57.4%, pos=100%, unique=197, sharpe=53.78
    h3: std=0.0412, dir_acc=57.4%, pos=100%, unique=197, sharpe=53.89
    h4: std=0.0424, dir_acc=57.4%, pos=100%, unique=195, sharpe=54.97
    h5: std=0.0428, dir_acc=56.9%, pos=100%, unique=197, sharpe=56.78
  Aggregate: std_avg=0.0401, dir_acc_avg=57.3%, composite_avg=0.4502
  H1 detail: range=0.1346, mean=0.1150, dist_match=0.5736
  Collapse penalty: 0.000000 (threshold: 0.005000)
  Saved validation predictions to: experiments/12c_multi_horizon/macro_heavy_daily_3q_h5_d025/fold_2021/collapse_monitoring/val_predictions_epoch46.npz
  Gradient norms:
    lstm_encoder: 0.005601
    lstm_decoder: 0.010032
    output_layer: 0.051484
  VSN output std:
    encoder: 0.202849
  Attention entropy: 2.973182
  Saved to: experiments/12c_multi_horizon/macro_heavy_daily_3q_h5_d025/fold_2021/collapse_monitoring/collapse_monitor_latest.json
[DEBUG CollapseMonitor] on_validation_epoch_start called for epoch 47
[DEBUG CollapseMonitor] reset_temporal_state() called on loss function
Epoch 47: val_loss=1.102838397026062
Epoch 47: train_loss=0.42075714468955994

[CollapseMonitor] Epoch 47
  [DEBUG] Processed 4 batches, 5 horizon(s)
  Multi-horizon metrics (5 horizons):
    h1: std=0.0359, dir_acc=57.4%, pos=100%, unique=197, sharpe=49.99
    h2: std=0.0393, dir_acc=57.4%, pos=100%, unique=197, sharpe=51.84
    h3: std=0.0421, dir_acc=57.4%, pos=100%, unique=197, sharpe=51.37
    h4: std=0.0436, dir_acc=57.4%, pos=100%, unique=196, sharpe=51.84
    h5: std=0.0443, dir_acc=56.9%, pos=100%, unique=196, sharpe=53.05
  Aggregate: std_avg=0.0410, dir_acc_avg=57.3%, composite_avg=0.4502
  H1 detail: range=0.1339, mean=0.1129, dist_match=0.5736
  Collapse penalty: 0.000000 (threshold: 0.005000)
  Saved validation predictions to: experiments/12c_multi_horizon/macro_heavy_daily_3q_h5_d025/fold_2021/collapse_monitoring/val_predictions_epoch47.npz
  Gradient norms:
    lstm_encoder: 0.005316
    lstm_decoder: 0.009217
    output_layer: 0.054235
  VSN output std:
    encoder: 0.203425
  Attention entropy: 2.973596
  Saved to: experiments/12c_multi_horizon/macro_heavy_daily_3q_h5_d025/fold_2021/collapse_monitoring/collapse_monitor_latest.json
[DEBUG CollapseMonitor] on_validation_epoch_start called for epoch 48
[DEBUG CollapseMonitor] reset_temporal_state() called on loss function
Epoch 48: val_loss=1.101495623588562
Epoch 48: train_loss=0.42013368010520935

[CollapseMonitor] Epoch 48
  [DEBUG] Processed 4 batches, 5 horizon(s)
  Multi-horizon metrics (5 horizons):
    h1: std=0.0364, dir_acc=57.4%, pos=100%, unique=197, sharpe=45.04
    h2: std=0.0396, dir_acc=57.4%, pos=100%, unique=197, sharpe=47.37
    h3: std=0.0426, dir_acc=57.4%, pos=100%, unique=197, sharpe=46.85
    h4: std=0.0443, dir_acc=57.4%, pos=100%, unique=196, sharpe=47.22
    h5: std=0.0452, dir_acc=56.9%, pos=100%, unique=197, sharpe=48.28
  Aggregate: std_avg=0.0416, dir_acc_avg=57.3%, composite_avg=0.4502
  H1 detail: range=0.1354, mean=0.1032, dist_match=0.5736
  Collapse penalty: 0.000000 (threshold: 0.005000)
  Saved validation predictions to: experiments/12c_multi_horizon/macro_heavy_daily_3q_h5_d025/fold_2021/collapse_monitoring/val_predictions_epoch48.npz
  Gradient norms:
    lstm_encoder: 0.005408
    lstm_decoder: 0.009006
    output_layer: 0.050654
  VSN output std:
    encoder: 0.204367
  Attention entropy: 2.974630
  Saved to: experiments/12c_multi_horizon/macro_heavy_daily_3q_h5_d025/fold_2021/collapse_monitoring/collapse_monitor_latest.json
[DEBUG CollapseMonitor] on_validation_epoch_start called for epoch 49
[DEBUG CollapseMonitor] reset_temporal_state() called on loss function
Epoch 49: val_loss=1.1011556386947632
Epoch 49: train_loss=0.4195283353328705

[CollapseMonitor] Epoch 49
  [DEBUG] Processed 4 batches, 5 horizon(s)
  Multi-horizon metrics (5 horizons):
    h1: std=0.0349, dir_acc=57.4%, pos=100%, unique=196, sharpe=44.23
    h2: std=0.0373, dir_acc=57.4%, pos=100%, unique=196, sharpe=47.51
    h3: std=0.0400, dir_acc=57.4%, pos=100%, unique=197, sharpe=47.21
    h4: std=0.0415, dir_acc=57.4%, pos=100%, unique=195, sharpe=47.72
    h5: std=0.0424, dir_acc=56.9%, pos=100%, unique=197, sharpe=48.92
  Aggregate: std_avg=0.0392, dir_acc_avg=57.3%, composite_avg=0.4502
  H1 detail: range=0.1371, mean=0.0971, dist_match=0.5736
  Collapse penalty: 0.000000 (threshold: 0.005000)
  Saved validation predictions to: experiments/12c_multi_horizon/macro_heavy_daily_3q_h5_d025/fold_2021/collapse_monitoring/val_predictions_epoch49.npz
  Gradient norms:
    lstm_encoder: 0.005375
    lstm_decoder: 0.007852
    output_layer: 0.049811
  VSN output std:
    encoder: 0.205217
  Attention entropy: 2.974732
  Saved to: experiments/12c_multi_horizon/macro_heavy_daily_3q_h5_d025/fold_2021/collapse_monitoring/collapse_monitor_latest.json
[DEBUG CollapseMonitor] on_validation_epoch_start called for epoch 50
[DEBUG CollapseMonitor] reset_temporal_state() called on loss function
Epoch 50: val_loss=1.0996662378311157
Epoch 50: train_loss=0.4191981256008148

[CollapseMonitor] Epoch 50
  [DEBUG] Processed 4 batches, 5 horizon(s)
  Multi-horizon metrics (5 horizons):
    h1: std=0.0377, dir_acc=57.4%, pos=100%, unique=197, sharpe=43.82
    h2: std=0.0402, dir_acc=57.4%, pos=100%, unique=197, sharpe=47.02
    h3: std=0.0430, dir_acc=57.4%, pos=100%, unique=197, sharpe=46.67
    h4: std=0.0447, dir_acc=57.4%, pos=100%, unique=196, sharpe=47.13
    h5: std=0.0455, dir_acc=56.9%, pos=100%, unique=196, sharpe=48.24
  Aggregate: std_avg=0.0422, dir_acc_avg=57.3%, composite_avg=0.4502
  H1 detail: range=0.1496, mean=0.1039, dist_match=0.5736
  Collapse penalty: 0.000000 (threshold: 0.005000)
  Saved validation predictions to: experiments/12c_multi_horizon/macro_heavy_daily_3q_h5_d025/fold_2021/collapse_monitoring/val_predictions_epoch50.npz
  Gradient norms:
    lstm_encoder: 0.006031
    lstm_decoder: 0.009464
    output_layer: 0.047914
  VSN output std:
    encoder: 0.205737
  Attention entropy: 2.974446
  Saved to: experiments/12c_multi_horizon/macro_heavy_daily_3q_h5_d025/fold_2021/collapse_monitoring/collapse_monitor_latest.json
[DEBUG CollapseMonitor] on_validation_epoch_start called for epoch 51
[DEBUG CollapseMonitor] reset_temporal_state() called on loss function
Epoch 51: val_loss=1.0986671447753906
Epoch 51: train_loss=0.41872933506965637

[CollapseMonitor] Epoch 51
  [DEBUG] Processed 4 batches, 5 horizon(s)
  Multi-horizon metrics (5 horizons):
    h1: std=0.0408, dir_acc=57.4%, pos=100%, unique=197, sharpe=39.77
    h2: std=0.0434, dir_acc=57.4%, pos=100%, unique=197, sharpe=42.81
    h3: std=0.0463, dir_acc=57.4%, pos=100%, unique=197, sharpe=42.61
    h4: std=0.0480, dir_acc=57.4%, pos=100%, unique=197, sharpe=43.15
    h5: std=0.0489, dir_acc=56.9%, pos=100%, unique=197, sharpe=44.28
  Aggregate: std_avg=0.0455, dir_acc_avg=57.3%, composite_avg=0.4502
  H1 detail: range=0.1565, mean=0.1022, dist_match=0.5736
  Collapse penalty: 0.000000 (threshold: 0.005000)
  Saved validation predictions to: experiments/12c_multi_horizon/macro_heavy_daily_3q_h5_d025/fold_2021/collapse_monitoring/val_predictions_epoch51.npz
  Gradient norms:
    lstm_encoder: 0.006913
    lstm_decoder: 0.011981
    output_layer: 0.060163
  VSN output std:
    encoder: 0.204657
  Attention entropy: 2.972590
  Saved to: experiments/12c_multi_horizon/macro_heavy_daily_3q_h5_d025/fold_2021/collapse_monitoring/collapse_monitor_latest.json
[DEBUG CollapseMonitor] on_validation_epoch_start called for epoch 52
[DEBUG CollapseMonitor] reset_temporal_state() called on loss function
Epoch 52: val_loss=1.0991010665893555
Epoch 52: train_loss=0.41841793060302734

[CollapseMonitor] Epoch 52
  [DEBUG] Processed 4 batches, 5 horizon(s)
  Multi-horizon metrics (5 horizons):
    h1: std=0.0413, dir_acc=57.4%, pos=100%, unique=197, sharpe=40.93
    h2: std=0.0436, dir_acc=57.4%, pos=100%, unique=197, sharpe=44.11
    h3: std=0.0465, dir_acc=57.4%, pos=100%, unique=196, sharpe=43.77
    h4: std=0.0483, dir_acc=57.4%, pos=100%, unique=196, sharpe=44.16
    h5: std=0.0492, dir_acc=56.9%, pos=100%, unique=197, sharpe=45.15
  Aggregate: std_avg=0.0458, dir_acc_avg=57.3%, composite_avg=0.4502
  H1 detail: range=0.1671, mean=0.1065, dist_match=0.5736
  Collapse penalty: 0.000000 (threshold: 0.005000)
  Saved validation predictions to: experiments/12c_multi_horizon/macro_heavy_daily_3q_h5_d025/fold_2021/collapse_monitoring/val_predictions_epoch52.npz
  Gradient norms:
    lstm_encoder: 0.006501
    lstm_decoder: 0.009836
    output_layer: 0.056265
  VSN output std:
    encoder: 0.207092
  Attention entropy: 2.972211
  Saved to: experiments/12c_multi_horizon/macro_heavy_daily_3q_h5_d025/fold_2021/collapse_monitoring/collapse_monitor_latest.json
[DEBUG CollapseMonitor] on_validation_epoch_start called for epoch 53
[DEBUG CollapseMonitor] reset_temporal_state() called on loss function
Epoch 53: val_loss=1.097061038017273
Epoch 53: train_loss=0.4191461503505707

[CollapseMonitor] Epoch 53
  [DEBUG] Processed 4 batches, 5 horizon(s)
  Multi-horizon metrics (5 horizons):
    h1: std=0.0419, dir_acc=57.4%, pos=100%, unique=196, sharpe=36.61
    h2: std=0.0437, dir_acc=57.4%, pos=100%, unique=196, sharpe=39.85
    h3: std=0.0466, dir_acc=57.4%, pos=100%, unique=197, sharpe=39.43
    h4: std=0.0483, dir_acc=57.4%, pos=100%, unique=196, sharpe=39.84
    h5: std=0.0492, dir_acc=56.9%, pos=100%, unique=195, sharpe=40.91
  Aggregate: std_avg=0.0459, dir_acc_avg=57.3%, composite_avg=0.4502
  H1 detail: range=0.1728, mean=0.0965, dist_match=0.5736
  Collapse penalty: 0.000000 (threshold: 0.005000)
  Saved validation predictions to: experiments/12c_multi_horizon/macro_heavy_daily_3q_h5_d025/fold_2021/collapse_monitoring/val_predictions_epoch53.npz
  Gradient norms:
    lstm_encoder: 0.006796
    lstm_decoder: 0.010268
    output_layer: 0.053588
  VSN output std:
    encoder: 0.204832
  Attention entropy: 2.972835
  Saved to: experiments/12c_multi_horizon/macro_heavy_daily_3q_h5_d025/fold_2021/collapse_monitoring/collapse_monitor_latest.json
[DEBUG CollapseMonitor] on_validation_epoch_start called for epoch 54
[DEBUG CollapseMonitor] reset_temporal_state() called on loss function
Epoch 54: val_loss=1.095510721206665
Epoch 54: train_loss=0.4194250702857971

[CollapseMonitor] Epoch 54
  [DEBUG] Processed 4 batches, 5 horizon(s)
  Multi-horizon metrics (5 horizons):
    h1: std=0.0448, dir_acc=57.4%, pos=100%, unique=196, sharpe=38.22
    h2: std=0.0475, dir_acc=57.4%, pos=100%, unique=196, sharpe=39.80
    h3: std=0.0509, dir_acc=57.4%, pos=100%, unique=197, sharpe=38.67
    h4: std=0.0530, dir_acc=57.4%, pos=100%, unique=197, sharpe=38.51
    h5: std=0.0542, dir_acc=56.9%, pos=100%, unique=197, sharpe=39.07
  Aggregate: std_avg=0.0501, dir_acc_avg=57.3%, composite_avg=0.4502
  H1 detail: range=0.1798, mean=0.1079, dist_match=0.5736
  Collapse penalty: 0.000000 (threshold: 0.005000)
  Saved validation predictions to: experiments/12c_multi_horizon/macro_heavy_daily_3q_h5_d025/fold_2021/collapse_monitoring/val_predictions_epoch54.npz
  Gradient norms:
    lstm_encoder: 0.007447
    lstm_decoder: 0.010923
    output_layer: 0.048263
  VSN output std:
    encoder: 0.202965
  Attention entropy: 2.972777
  Saved to: experiments/12c_multi_horizon/macro_heavy_daily_3q_h5_d025/fold_2021/collapse_monitoring/collapse_monitor_latest.json
[DEBUG CollapseMonitor] on_validation_epoch_start called for epoch 55
[DEBUG CollapseMonitor] reset_temporal_state() called on loss function
Epoch 55: val_loss=1.0950348377227783
Epoch 55: train_loss=0.41915127635002136

[CollapseMonitor] Epoch 55
  [DEBUG] Processed 4 batches, 5 horizon(s)
  Multi-horizon metrics (5 horizons):
    h1: std=0.0481, dir_acc=57.4%, pos=100%, unique=197, sharpe=35.30
    h2: std=0.0505, dir_acc=57.4%, pos=100%, unique=196, sharpe=37.23
    h3: std=0.0537, dir_acc=57.4%, pos=100%, unique=197, sharpe=36.45
    h4: std=0.0556, dir_acc=57.4%, pos=100%, unique=197, sharpe=36.53
    h5: std=0.0566, dir_acc=56.9%, pos=100%, unique=197, sharpe=37.24
  Aggregate: std_avg=0.0529, dir_acc_avg=57.3%, composite_avg=0.4502
  H1 detail: range=0.1900, mean=0.1069, dist_match=0.5736
  Collapse penalty: 0.000000 (threshold: 0.005000)
  Saved validation predictions to: experiments/12c_multi_horizon/macro_heavy_daily_3q_h5_d025/fold_2021/collapse_monitoring/val_predictions_epoch55.npz
  Gradient norms:
    lstm_encoder: 0.008563
    lstm_decoder: 0.012246
    output_layer: 0.057392
  VSN output std:
    encoder: 0.203561
  Attention entropy: 2.973640
  Saved to: experiments/12c_multi_horizon/macro_heavy_daily_3q_h5_d025/fold_2021/collapse_monitoring/collapse_monitor_latest.json
[DEBUG CollapseMonitor] on_validation_epoch_start called for epoch 56
[DEBUG CollapseMonitor] reset_temporal_state() called on loss function
Epoch 56: val_loss=1.0938429832458496
Epoch 56: train_loss=0.41827407479286194

[CollapseMonitor] Epoch 56
  [DEBUG] Processed 4 batches, 5 horizon(s)
  Multi-horizon metrics (5 horizons):
    h1: std=0.0482, dir_acc=57.4%, pos=100%, unique=196, sharpe=34.73
    h2: std=0.0504, dir_acc=57.4%, pos=100%, unique=197, sharpe=36.57
    h3: std=0.0536, dir_acc=57.4%, pos=100%, unique=196, sharpe=35.53
    h4: std=0.0553, dir_acc=57.4%, pos=100%, unique=197, sharpe=35.52
    h5: std=0.0562, dir_acc=56.9%, pos=100%, unique=197, sharpe=36.23
  Aggregate: std_avg=0.0527, dir_acc_avg=57.3%, composite_avg=0.4502
  H1 detail: range=0.1989, mean=0.1054, dist_match=0.5736
  Collapse penalty: 0.000000 (threshold: 0.005000)
  Saved validation predictions to: experiments/12c_multi_horizon/macro_heavy_daily_3q_h5_d025/fold_2021/collapse_monitoring/val_predictions_epoch56.npz
  Gradient norms:
    lstm_encoder: 0.008036
    lstm_decoder: 0.010121
    output_layer: 0.049441
  VSN output std:
    encoder: 0.203668
  Attention entropy: 2.974458
  Saved to: experiments/12c_multi_horizon/macro_heavy_daily_3q_h5_d025/fold_2021/collapse_monitoring/collapse_monitor_latest.json
[DEBUG CollapseMonitor] on_validation_epoch_start called for epoch 57
[DEBUG CollapseMonitor] reset_temporal_state() called on loss function
Epoch 57: val_loss=1.0930346250534058
Epoch 57: train_loss=0.4182744324207306

[CollapseMonitor] Epoch 57
  [DEBUG] Processed 4 batches, 5 horizon(s)
  Multi-horizon metrics (5 horizons):
    h1: std=0.0563, dir_acc=57.4%, pos=100%, unique=197, sharpe=29.32
    h2: std=0.0601, dir_acc=57.4%, pos=100%, unique=194, sharpe=30.11
    h3: std=0.0643, dir_acc=57.4%, pos=100%, unique=197, sharpe=29.04
    h4: std=0.0667, dir_acc=57.4%, pos=100%, unique=197, sharpe=28.86
    h5: std=0.0680, dir_acc=56.9%, pos=100%, unique=197, sharpe=29.27
  Aggregate: std_avg=0.0631, dir_acc_avg=57.3%, composite_avg=0.4502
  H1 detail: range=0.2079, mean=0.1040, dist_match=0.5736
  Collapse penalty: 0.000000 (threshold: 0.005000)
  Saved validation predictions to: experiments/12c_multi_horizon/macro_heavy_daily_3q_h5_d025/fold_2021/collapse_monitoring/val_predictions_epoch57.npz
  Gradient norms:
    lstm_encoder: 0.008895
    lstm_decoder: 0.010686
    output_layer: 0.050871
  VSN output std:
    encoder: 0.202612
  Attention entropy: 2.974150
  Saved to: experiments/12c_multi_horizon/macro_heavy_daily_3q_h5_d025/fold_2021/collapse_monitoring/collapse_monitor_latest.json
[DEBUG CollapseMonitor] on_validation_epoch_start called for epoch 58
[DEBUG CollapseMonitor] reset_temporal_state() called on loss function
Epoch 58: val_loss=1.0938868522644043
Epoch 58: train_loss=0.41862252354621887

[CollapseMonitor] Epoch 58
  [DEBUG] Processed 4 batches, 5 horizon(s)
  Multi-horizon metrics (5 horizons):
    h1: std=0.0530, dir_acc=57.4%, pos=100%, unique=197, sharpe=34.99
    h2: std=0.0565, dir_acc=57.4%, pos=100%, unique=197, sharpe=35.41
    h3: std=0.0607, dir_acc=57.4%, pos=100%, unique=197, sharpe=33.75
    h4: std=0.0635, dir_acc=57.4%, pos=100%, unique=197, sharpe=33.17
    h5: std=0.0651, dir_acc=56.9%, pos=100%, unique=196, sharpe=33.32
  Aggregate: std_avg=0.0598, dir_acc_avg=57.3%, composite_avg=0.4502
  H1 detail: range=0.2056, mean=0.1169, dist_match=0.5736
  Collapse penalty: 0.000000 (threshold: 0.005000)
  Saved validation predictions to: experiments/12c_multi_horizon/macro_heavy_daily_3q_h5_d025/fold_2021/collapse_monitoring/val_predictions_epoch58.npz
  Gradient norms:
    lstm_encoder: 0.009019
    lstm_decoder: 0.011221
    output_layer: 0.049566
  VSN output std:
    encoder: 0.205060
  Attention entropy: 2.973799
  Saved to: experiments/12c_multi_horizon/macro_heavy_daily_3q_h5_d025/fold_2021/collapse_monitoring/collapse_monitor_latest.json
[DEBUG CollapseMonitor] on_validation_epoch_start called for epoch 59
[DEBUG CollapseMonitor] reset_temporal_state() called on loss function
Epoch 59: val_loss=1.092999815940857
Epoch 59: train_loss=0.4181361496448517

[CollapseMonitor] Epoch 59
  [DEBUG] Processed 4 batches, 5 horizon(s)
  Multi-horizon metrics (5 horizons):
    h1: std=0.0583, dir_acc=57.4%, pos=100%, unique=197, sharpe=30.66
    h2: std=0.0626, dir_acc=57.4%, pos=100%, unique=197, sharpe=30.62
    h3: std=0.0673, dir_acc=57.4%, pos=100%, unique=197, sharpe=28.97
    h4: std=0.0701, dir_acc=57.4%, pos=100%, unique=197, sharpe=28.42
    h5: std=0.0715, dir_acc=56.9%, pos=100%, unique=197, sharpe=28.57
  Aggregate: std_avg=0.0660, dir_acc_avg=57.3%, composite_avg=0.4502
  H1 detail: range=0.2223, mean=0.1126, dist_match=0.5736
  Collapse penalty: 0.000000 (threshold: 0.005000)
  Saved validation predictions to: experiments/12c_multi_horizon/macro_heavy_daily_3q_h5_d025/fold_2021/collapse_monitoring/val_predictions_epoch59.npz
  Gradient norms:
    lstm_encoder: 0.009206
    lstm_decoder: 0.010961
    output_layer: 0.053600
  VSN output std:
    encoder: 0.203619
  Attention entropy: 2.975536
  Saved to: experiments/12c_multi_horizon/macro_heavy_daily_3q_h5_d025/fold_2021/collapse_monitoring/collapse_monitor_latest.json
[DEBUG CollapseMonitor] on_validation_epoch_start called for epoch 60
[DEBUG CollapseMonitor] reset_temporal_state() called on loss function
Epoch 60: val_loss=1.0929757356643677
Epoch 60: train_loss=0.41797932982444763

[CollapseMonitor] Epoch 60
  [DEBUG] Processed 4 batches, 5 horizon(s)
  Multi-horizon metrics (5 horizons):
    h1: std=0.0536, dir_acc=57.4%, pos=100%, unique=197, sharpe=30.76
    h2: std=0.0566, dir_acc=57.4%, pos=100%, unique=197, sharpe=31.45
    h3: std=0.0610, dir_acc=57.4%, pos=100%, unique=196, sharpe=29.77
    h4: std=0.0637, dir_acc=57.4%, pos=100%, unique=197, sharpe=29.23
    h5: std=0.0653, dir_acc=56.9%, pos=100%, unique=197, sharpe=29.44
  Aggregate: std_avg=0.0601, dir_acc_avg=57.3%, composite_avg=0.4502
  H1 detail: range=0.2165, mean=0.1038, dist_match=0.5736
  Collapse penalty: 0.000000 (threshold: 0.005000)
  Saved validation predictions to: experiments/12c_multi_horizon/macro_heavy_daily_3q_h5_d025/fold_2021/collapse_monitoring/val_predictions_epoch60.npz
  Gradient norms:
    lstm_encoder: 0.009334
    lstm_decoder: 0.011824
    output_layer: 0.059578
  VSN output std:
    encoder: 0.204315
  Attention entropy: 2.973756
  Saved to: experiments/12c_multi_horizon/macro_heavy_daily_3q_h5_d025/fold_2021/collapse_monitoring/collapse_monitor_latest.json
[DEBUG CollapseMonitor] on_validation_epoch_start called for epoch 61
[DEBUG CollapseMonitor] reset_temporal_state() called on loss function
Epoch 61: val_loss=1.093257188796997
Epoch 61: train_loss=0.41838788986206055

[CollapseMonitor] Epoch 61
  [DEBUG] Processed 4 batches, 5 horizon(s)
  Multi-horizon metrics (5 horizons):
    h1: std=0.0536, dir_acc=57.4%, pos=100%, unique=197, sharpe=35.00
    h2: std=0.0560, dir_acc=57.4%, pos=100%, unique=195, sharpe=35.94
    h3: std=0.0600, dir_acc=57.4%, pos=100%, unique=197, sharpe=34.15
    h4: std=0.0626, dir_acc=57.4%, pos=100%, unique=197, sharpe=33.45
    h5: std=0.0642, dir_acc=56.9%, pos=100%, unique=197, sharpe=33.47
  Aggregate: std_avg=0.0593, dir_acc_avg=57.3%, composite_avg=0.4502
  H1 detail: range=0.2199, mean=0.1182, dist_match=0.5736
  Collapse penalty: 0.000000 (threshold: 0.005000)
  Saved validation predictions to: experiments/12c_multi_horizon/macro_heavy_daily_3q_h5_d025/fold_2021/collapse_monitoring/val_predictions_epoch61.npz
  Gradient norms:
    lstm_encoder: 0.008767
    lstm_decoder: 0.010778
    output_layer: 0.050873
  VSN output std:
    encoder: 0.204637
  Attention entropy: 2.974259
  Saved to: experiments/12c_multi_horizon/macro_heavy_daily_3q_h5_d025/fold_2021/collapse_monitoring/collapse_monitor_latest.json
[DEBUG CollapseMonitor] on_validation_epoch_start called for epoch 62
[DEBUG CollapseMonitor] reset_temporal_state() called on loss function
Epoch 62: val_loss=1.0925085544586182
Epoch 62: train_loss=0.41852253675460815

[CollapseMonitor] Epoch 62
  [DEBUG] Processed 4 batches, 5 horizon(s)
  Multi-horizon metrics (5 horizons):
    h1: std=0.0564, dir_acc=57.4%, pos=100%, unique=197, sharpe=32.66
    h2: std=0.0598, dir_acc=57.4%, pos=100%, unique=197, sharpe=32.74
    h3: std=0.0644, dir_acc=57.4%, pos=100%, unique=197, sharpe=30.67
    h4: std=0.0672, dir_acc=57.4%, pos=100%, unique=197, sharpe=29.78
    h5: std=0.0690, dir_acc=56.9%, pos=100%, unique=197, sharpe=29.66
  Aggregate: std_avg=0.0634, dir_acc_avg=57.3%, composite_avg=0.4502
  H1 detail: range=0.2295, mean=0.1161, dist_match=0.5736
  Collapse penalty: 0.000000 (threshold: 0.005000)
  Saved validation predictions to: experiments/12c_multi_horizon/macro_heavy_daily_3q_h5_d025/fold_2021/collapse_monitoring/val_predictions_epoch62.npz
  Gradient norms:
    lstm_encoder: 0.009191
    lstm_decoder: 0.010666
    output_layer: 0.051973
  VSN output std:
    encoder: 0.205015
  Attention entropy: 2.974663
  Saved to: experiments/12c_multi_horizon/macro_heavy_daily_3q_h5_d025/fold_2021/collapse_monitoring/collapse_monitor_latest.json
[DEBUG CollapseMonitor] on_validation_epoch_start called for epoch 63
[DEBUG CollapseMonitor] reset_temporal_state() called on loss function
Epoch 63: val_loss=1.0920543670654297
Epoch 63: train_loss=0.4171464443206787

[CollapseMonitor] Epoch 63
  [DEBUG] Processed 4 batches, 5 horizon(s)
  Multi-horizon metrics (5 horizons):
    h1: std=0.0541, dir_acc=57.4%, pos=100%, unique=197, sharpe=30.31
    h2: std=0.0568, dir_acc=57.4%, pos=100%, unique=196, sharpe=30.87
    h3: std=0.0610, dir_acc=57.4%, pos=100%, unique=197, sharpe=28.91
    h4: std=0.0637, dir_acc=57.4%, pos=100%, unique=197, sharpe=28.06
    h5: std=0.0654, dir_acc=56.9%, pos=100%, unique=197, sharpe=27.94
  Aggregate: std_avg=0.0602, dir_acc_avg=57.3%, composite_avg=0.4502
  H1 detail: range=0.2262, mean=0.1033, dist_match=0.5736
  Collapse penalty: 0.000000 (threshold: 0.005000)
  Saved validation predictions to: experiments/12c_multi_horizon/macro_heavy_daily_3q_h5_d025/fold_2021/collapse_monitoring/val_predictions_epoch63.npz
  Gradient norms:
    lstm_encoder: 0.009805
    lstm_decoder: 0.012560
    output_layer: 0.052749
  VSN output std:
    encoder: 0.205932
  Attention entropy: 2.975626
  Saved to: experiments/12c_multi_horizon/macro_heavy_daily_3q_h5_d025/fold_2021/collapse_monitoring/collapse_monitor_latest.json
[DEBUG CollapseMonitor] on_validation_epoch_start called for epoch 64
[DEBUG CollapseMonitor] reset_temporal_state() called on loss function
Epoch 64: val_loss=1.0914063453674316
Epoch 64: train_loss=0.41831308603286743

[CollapseMonitor] Epoch 64
  [DEBUG] Processed 4 batches, 5 horizon(s)
  Multi-horizon metrics (5 horizons):
    h1: std=0.0613, dir_acc=57.4%, pos=100%, unique=197, sharpe=29.22
    h2: std=0.0650, dir_acc=57.4%, pos=100%, unique=195, sharpe=29.28
    h3: std=0.0694, dir_acc=57.4%, pos=100%, unique=197, sharpe=27.63
    h4: std=0.0721, dir_acc=57.4%, pos=100%, unique=197, sharpe=26.99
    h5: std=0.0736, dir_acc=56.9%, pos=100%, unique=197, sharpe=26.99
  Aggregate: std_avg=0.0683, dir_acc_avg=57.3%, composite_avg=0.4502
  H1 detail: range=0.2376, mean=0.1129, dist_match=0.5736
  Collapse penalty: 0.000000 (threshold: 0.005000)
  Saved validation predictions to: experiments/12c_multi_horizon/macro_heavy_daily_3q_h5_d025/fold_2021/collapse_monitoring/val_predictions_epoch64.npz
  Gradient norms:
    lstm_encoder: 0.010320
    lstm_decoder: 0.011765
    output_layer: 0.054716
  VSN output std:
    encoder: 0.205758
  Attention entropy: 2.975729
  Saved to: experiments/12c_multi_horizon/macro_heavy_daily_3q_h5_d025/fold_2021/collapse_monitoring/collapse_monitor_latest.json
[DEBUG CollapseMonitor] on_validation_epoch_start called for epoch 65
[DEBUG CollapseMonitor] reset_temporal_state() called on loss function
Epoch 65: val_loss=1.0913119316101074
Epoch 65: train_loss=0.41746994853019714

[CollapseMonitor] Epoch 65
  [DEBUG] Processed 4 batches, 5 horizon(s)
  Multi-horizon metrics (5 horizons):
    h1: std=0.0583, dir_acc=57.4%, pos=100%, unique=197, sharpe=30.13
    h2: std=0.0614, dir_acc=57.4%, pos=100%, unique=197, sharpe=30.39
    h3: std=0.0659, dir_acc=57.4%, pos=100%, unique=197, sharpe=28.57
    h4: std=0.0688, dir_acc=57.4%, pos=100%, unique=197, sharpe=27.76
    h5: std=0.0707, dir_acc=56.9%, pos=100%, unique=196, sharpe=27.63
  Aggregate: std_avg=0.0650, dir_acc_avg=57.3%, composite_avg=0.4502
  H1 detail: range=0.2346, mean=0.1107, dist_match=0.5736
  Collapse penalty: 0.000000 (threshold: 0.005000)
  Saved validation predictions to: experiments/12c_multi_horizon/macro_heavy_daily_3q_h5_d025/fold_2021/collapse_monitoring/val_predictions_epoch65.npz
  Gradient norms:
    lstm_encoder: 0.009424
    lstm_decoder: 0.010569
    output_layer: 0.043156
  VSN output std:
    encoder: 0.206047
  Attention entropy: 2.974409
  Saved to: experiments/12c_multi_horizon/macro_heavy_daily_3q_h5_d025/fold_2021/collapse_monitoring/collapse_monitor_latest.json
[DEBUG CollapseMonitor] on_validation_epoch_start called for epoch 66
[DEBUG CollapseMonitor] reset_temporal_state() called on loss function
Epoch 66: val_loss=1.0902620553970337
Epoch 66: train_loss=0.4177550673484802

[CollapseMonitor] Epoch 66
  [DEBUG] Processed 4 batches, 5 horizon(s)
  Multi-horizon metrics (5 horizons):
    h1: std=0.0583, dir_acc=57.4%, pos=96%, unique=197, sharpe=27.82
    h2: std=0.0611, dir_acc=57.9%, pos=99%, unique=197, sharpe=28.22
    h3: std=0.0655, dir_acc=57.4%, pos=96%, unique=197, sharpe=26.44
    h4: std=0.0683, dir_acc=57.4%, pos=99%, unique=196, sharpe=25.70
    h5: std=0.0700, dir_acc=56.9%, pos=100%, unique=197, sharpe=25.64
  Aggregate: std_avg=0.0646, dir_acc_avg=57.4%, composite_avg=0.4566
  H1 detail: range=0.2347, mean=0.1021, dist_match=0.6142
  Collapse penalty: 0.000000 (threshold: 0.005000)
  Saved validation predictions to: experiments/12c_multi_horizon/macro_heavy_daily_3q_h5_d025/fold_2021/collapse_monitoring/val_predictions_epoch66.npz
  Gradient norms:
    lstm_encoder: 0.011214
    lstm_decoder: 0.012593
    output_layer: 0.055106
  VSN output std:
    encoder: 0.204614
  Attention entropy: 2.975171
  Saved to: experiments/12c_multi_horizon/macro_heavy_daily_3q_h5_d025/fold_2021/collapse_monitoring/collapse_monitor_latest.json
[DEBUG CollapseMonitor] on_validation_epoch_start called for epoch 67
[DEBUG CollapseMonitor] reset_temporal_state() called on loss function
Epoch 67: val_loss=1.0911678075790405
Epoch 67: train_loss=0.4177339971065521

[CollapseMonitor] Epoch 67
  [DEBUG] Processed 4 batches, 5 horizon(s)
  Multi-horizon metrics (5 horizons):
    h1: std=0.0614, dir_acc=55.8%, pos=89%, unique=197, sharpe=23.08
    h2: std=0.0633, dir_acc=54.8%, pos=91%, unique=197, sharpe=24.32
    h3: std=0.0673, dir_acc=55.3%, pos=91%, unique=197, sharpe=23.26
    h4: std=0.0699, dir_acc=53.3%, pos=91%, unique=197, sharpe=23.02
    h5: std=0.0714, dir_acc=54.3%, pos=92%, unique=197, sharpe=23.35
  Aggregate: std_avg=0.0667, dir_acc_avg=54.7%, composite_avg=0.4550
  H1 detail: range=0.2426, mean=0.0893, dist_match=0.6802
  Collapse penalty: 0.000000 (threshold: 0.005000)
  Saved validation predictions to: experiments/12c_multi_horizon/macro_heavy_daily_3q_h5_d025/fold_2021/collapse_monitoring/val_predictions_epoch67.npz
  Gradient norms:
    lstm_encoder: 0.011152
    lstm_decoder: 0.012047
    output_layer: 0.057268
  VSN output std:
    encoder: 0.203979
  Attention entropy: 2.974715
  Saved to: experiments/12c_multi_horizon/macro_heavy_daily_3q_h5_d025/fold_2021/collapse_monitoring/collapse_monitor_latest.json
[DEBUG CollapseMonitor] on_validation_epoch_start called for epoch 68
[DEBUG CollapseMonitor] reset_temporal_state() called on loss function
Epoch 68: val_loss=1.0904326438903809
Epoch 68: train_loss=0.41727492213249207

[CollapseMonitor] Epoch 68
  [DEBUG] Processed 4 batches, 5 horizon(s)
  Multi-horizon metrics (5 horizons):
    h1: std=0.0631, dir_acc=56.3%, pos=87%, unique=197, sharpe=23.05
    h2: std=0.0650, dir_acc=55.8%, pos=90%, unique=197, sharpe=24.03
    h3: std=0.0691, dir_acc=54.8%, pos=89%, unique=197, sharpe=22.68
    h4: std=0.0715, dir_acc=54.3%, pos=90%, unique=196, sharpe=22.29
    h5: std=0.0728, dir_acc=53.8%, pos=91%, unique=197, sharpe=22.52
  Aggregate: std_avg=0.0683, dir_acc_avg=55.0%, composite_avg=0.4618
  H1 detail: range=0.2563, mean=0.0916, dist_match=0.7056
  Collapse penalty: 0.000000 (threshold: 0.005000)
  Saved validation predictions to: experiments/12c_multi_horizon/macro_heavy_daily_3q_h5_d025/fold_2021/collapse_monitoring/val_predictions_epoch68.npz
  Gradient norms:
    lstm_encoder: 0.011206
    lstm_decoder: 0.011538
    output_layer: 0.047275
  VSN output std:
    encoder: 0.202322
  Attention entropy: 2.975005
  Saved to: experiments/12c_multi_horizon/macro_heavy_daily_3q_h5_d025/fold_2021/collapse_monitoring/collapse_monitor_latest.json
[DEBUG CollapseMonitor] on_validation_epoch_start called for epoch 69
[DEBUG CollapseMonitor] reset_temporal_state() called on loss function
Epoch 69: val_loss=1.091124176979065
Epoch 69: train_loss=0.4172630310058594

[CollapseMonitor] Epoch 69
  [DEBUG] Processed 4 batches, 5 horizon(s)
  Multi-horizon metrics (5 horizons):
    h1: std=0.0596, dir_acc=54.8%, pos=91%, unique=197, sharpe=25.57
    h2: std=0.0613, dir_acc=54.8%, pos=92%, unique=196, sharpe=26.89
    h3: std=0.0656, dir_acc=55.8%, pos=92%, unique=197, sharpe=25.44
    h4: std=0.0687, dir_acc=54.8%, pos=92%, unique=197, sharpe=24.79
    h5: std=0.0707, dir_acc=54.8%, pos=93%, unique=197, sharpe=24.73
  Aggregate: std_avg=0.0652, dir_acc_avg=55.0%, composite_avg=0.4539
  H1 detail: range=0.2498, mean=0.0960, dist_match=0.6599
  Collapse penalty: 0.000000 (threshold: 0.005000)
  Saved validation predictions to: experiments/12c_multi_horizon/macro_heavy_daily_3q_h5_d025/fold_2021/collapse_monitoring/val_predictions_epoch69.npz
  Gradient norms:
    lstm_encoder: 0.009096
    lstm_decoder: 0.010108
    output_layer: 0.048811
  VSN output std:
    encoder: 0.206366
  Attention entropy: 2.973517
  Saved to: experiments/12c_multi_horizon/macro_heavy_daily_3q_h5_d025/fold_2021/collapse_monitoring/collapse_monitor_latest.json
[DEBUG CollapseMonitor] on_validation_epoch_start called for epoch 70
[DEBUG CollapseMonitor] reset_temporal_state() called on loss function
Epoch 70: val_loss=1.088765263557434
Epoch 70: train_loss=0.417613685131073

[CollapseMonitor] Epoch 70
  [DEBUG] Processed 4 batches, 5 horizon(s)
  Multi-horizon metrics (5 horizons):
    h1: std=0.0613, dir_acc=55.3%, pos=90%, unique=196, sharpe=24.27
    h2: std=0.0630, dir_acc=54.3%, pos=92%, unique=197, sharpe=25.13
    h3: std=0.0672, dir_acc=55.3%, pos=91%, unique=197, sharpe=23.50
    h4: std=0.0698, dir_acc=55.3%, pos=91%, unique=197, sharpe=22.91
    h5: std=0.0713, dir_acc=54.3%, pos=94%, unique=197, sharpe=22.99
  Aggregate: std_avg=0.0665, dir_acc_avg=54.9%, composite_avg=0.4550
  H1 detail: range=0.2573, mean=0.0937, dist_match=0.6751
  Collapse penalty: 0.000000 (threshold: 0.005000)
  Saved validation predictions to: experiments/12c_multi_horizon/macro_heavy_daily_3q_h5_d025/fold_2021/collapse_monitoring/val_predictions_epoch70.npz
  Gradient norms:
    lstm_encoder: 0.010574
    lstm_decoder: 0.011320
    output_layer: 0.047035
  VSN output std:
    encoder: 0.203583
  Attention entropy: 2.974189
  Saved to: experiments/12c_multi_horizon/macro_heavy_daily_3q_h5_d025/fold_2021/collapse_monitoring/collapse_monitor_latest.json
[DEBUG CollapseMonitor] on_validation_epoch_start called for epoch 71
[DEBUG CollapseMonitor] reset_temporal_state() called on loss function
Epoch 71: val_loss=1.088889479637146
Epoch 71: train_loss=0.4171593189239502

[CollapseMonitor] Epoch 71
  [DEBUG] Processed 4 batches, 5 horizon(s)
  Multi-horizon metrics (5 horizons):
    h1: std=0.0609, dir_acc=55.3%, pos=94%, unique=197, sharpe=28.46
    h2: std=0.0629, dir_acc=56.3%, pos=96%, unique=197, sharpe=29.16
    h3: std=0.0671, dir_acc=55.3%, pos=94%, unique=197, sharpe=27.33
    h4: std=0.0700, dir_acc=56.3%, pos=94%, unique=196, sharpe=26.40
    h5: std=0.0719, dir_acc=55.3%, pos=97%, unique=197, sharpe=26.13
  Aggregate: std_avg=0.0665, dir_acc_avg=55.7%, composite_avg=0.4521
  H1 detail: range=0.2587, mean=0.1092, dist_match=0.6345
  Collapse penalty: 0.000000 (threshold: 0.005000)
  Saved validation predictions to: experiments/12c_multi_horizon/macro_heavy_daily_3q_h5_d025/fold_2021/collapse_monitoring/val_predictions_epoch71.npz
  Gradient norms:
    lstm_encoder: 0.012685
    lstm_decoder: 0.013107
    output_layer: 0.050778
  VSN output std:
    encoder: 0.208550
  Attention entropy: 2.974739
  Saved to: experiments/12c_multi_horizon/macro_heavy_daily_3q_h5_d025/fold_2021/collapse_monitoring/collapse_monitor_latest.json
[DEBUG CollapseMonitor] on_validation_epoch_start called for epoch 72
[DEBUG CollapseMonitor] reset_temporal_state() called on loss function
Epoch 72: val_loss=1.0879794359207153
Epoch 72: train_loss=0.416123628616333

[CollapseMonitor] Epoch 72
  [DEBUG] Processed 4 batches, 5 horizon(s)
  Multi-horizon metrics (5 horizons):
    h1: std=0.0619, dir_acc=54.8%, pos=90%, unique=197, sharpe=25.05
    h2: std=0.0638, dir_acc=54.3%, pos=92%, unique=197, sharpe=25.79
    h3: std=0.0681, dir_acc=55.8%, pos=91%, unique=197, sharpe=24.14
    h4: std=0.0707, dir_acc=54.3%, pos=91%, unique=197, sharpe=23.46
    h5: std=0.0723, dir_acc=54.8%, pos=92%, unique=197, sharpe=23.44
  Aggregate: std_avg=0.0674, dir_acc_avg=54.8%, composite_avg=0.4550
  H1 detail: range=0.2592, mean=0.0977, dist_match=0.6701
  Collapse penalty: 0.000000 (threshold: 0.005000)
  Saved validation predictions to: experiments/12c_multi_horizon/macro_heavy_daily_3q_h5_d025/fold_2021/collapse_monitoring/val_predictions_epoch72.npz
  Gradient norms:
    lstm_encoder: 0.012090
    lstm_decoder: 0.011723
    output_layer: 0.057363
  VSN output std:
    encoder: 0.207644
  Attention entropy: 2.972865
  Saved to: experiments/12c_multi_horizon/macro_heavy_daily_3q_h5_d025/fold_2021/collapse_monitoring/collapse_monitor_latest.json
[DEBUG CollapseMonitor] on_validation_epoch_start called for epoch 73
[DEBUG CollapseMonitor] reset_temporal_state() called on loss function
Epoch 73: val_loss=1.08713960647583
Epoch 73: train_loss=0.4163954257965088

[CollapseMonitor] Epoch 73
  [DEBUG] Processed 4 batches, 5 horizon(s)
  Multi-horizon metrics (5 horizons):
    h1: std=0.0660, dir_acc=54.8%, pos=89%, unique=197, sharpe=23.89
    h2: std=0.0687, dir_acc=54.8%, pos=90%, unique=197, sharpe=24.02
    h3: std=0.0728, dir_acc=54.3%, pos=89%, unique=197, sharpe=22.45
    h4: std=0.0748, dir_acc=55.3%, pos=90%, unique=197, sharpe=21.97
    h5: std=0.0755, dir_acc=54.8%, pos=93%, unique=197, sharpe=22.13
  Aggregate: std_avg=0.0716, dir_acc_avg=54.8%, composite_avg=0.4578
  H1 detail: range=0.2713, mean=0.0992, dist_match=0.6802
  Collapse penalty: 0.000000 (threshold: 0.005000)
  Saved validation predictions to: experiments/12c_multi_horizon/macro_heavy_daily_3q_h5_d025/fold_2021/collapse_monitoring/val_predictions_epoch73.npz
  Gradient norms:
    lstm_encoder: 0.012461
    lstm_decoder: 0.010900
    output_layer: 0.042072
  VSN output std:
    encoder: 0.206306
  Attention entropy: 2.971010
  Saved to: experiments/12c_multi_horizon/macro_heavy_daily_3q_h5_d025/fold_2021/collapse_monitoring/collapse_monitor_latest.json
[DEBUG CollapseMonitor] on_validation_epoch_start called for epoch 74
[DEBUG CollapseMonitor] reset_temporal_state() called on loss function
Epoch 74: val_loss=1.0870434045791626
Epoch 74: train_loss=0.41681864857673645

[CollapseMonitor] Epoch 74
  [DEBUG] Processed 4 batches, 5 horizon(s)
  Multi-horizon metrics (5 horizons):
    h1: std=0.0680, dir_acc=54.8%, pos=90%, unique=197, sharpe=24.43
    h2: std=0.0704, dir_acc=55.3%, pos=91%, unique=197, sharpe=24.71
    h3: std=0.0744, dir_acc=54.8%, pos=89%, unique=197, sharpe=23.14
    h4: std=0.0765, dir_acc=54.3%, pos=90%, unique=197, sharpe=22.57
    h5: std=0.0775, dir_acc=54.8%, pos=91%, unique=197, sharpe=22.63
  Aggregate: std_avg=0.0734, dir_acc_avg=54.8%, composite_avg=0.4578
  H1 detail: range=0.2768, mean=0.1046, dist_match=0.6701
  Collapse penalty: 0.000000 (threshold: 0.005000)
  Saved validation predictions to: experiments/12c_multi_horizon/macro_heavy_daily_3q_h5_d025/fold_2021/collapse_monitoring/val_predictions_epoch74.npz
  Gradient norms:
    lstm_encoder: 0.013558
    lstm_decoder: 0.012936
    output_layer: 0.052667
  VSN output std:
    encoder: 0.206641
  Attention entropy: 2.972634
  Saved to: experiments/12c_multi_horizon/macro_heavy_daily_3q_h5_d025/fold_2021/collapse_monitoring/collapse_monitor_latest.json
[DEBUG CollapseMonitor] on_validation_epoch_start called for epoch 75
[DEBUG CollapseMonitor] reset_temporal_state() called on loss function
Epoch 75: val_loss=1.0864874124526978
Epoch 75: train_loss=0.41698896884918213

[CollapseMonitor] Epoch 75
  [DEBUG] Processed 4 batches, 5 horizon(s)
  Multi-horizon metrics (5 horizons):
    h1: std=0.0699, dir_acc=55.8%, pos=86%, unique=197, sharpe=22.51
    h2: std=0.0731, dir_acc=53.8%, pos=88%, unique=197, sharpe=22.42
    h3: std=0.0770, dir_acc=54.3%, pos=87%, unique=197, sharpe=20.99
    h4: std=0.0788, dir_acc=53.3%, pos=86%, unique=197, sharpe=20.56
    h5: std=0.0794, dir_acc=51.3%, pos=86%, unique=197, sharpe=20.72
  Aggregate: std_avg=0.0756, dir_acc_avg=53.7%, composite_avg=0.4580
  H1 detail: range=0.2811, mean=0.0991, dist_match=0.7107
  Collapse penalty: 0.000000 (threshold: 0.005000)
  Saved validation predictions to: experiments/12c_multi_horizon/macro_heavy_daily_3q_h5_d025/fold_2021/collapse_monitoring/val_predictions_epoch75.npz
  Gradient norms:
    lstm_encoder: 0.013611
    lstm_decoder: 0.012000
    output_layer: 0.051327
  VSN output std:
    encoder: 0.206365
  Attention entropy: 2.973905
  Saved to: experiments/12c_multi_horizon/macro_heavy_daily_3q_h5_d025/fold_2021/collapse_monitoring/collapse_monitor_latest.json
[DEBUG CollapseMonitor] on_validation_epoch_start called for epoch 76
[DEBUG CollapseMonitor] reset_temporal_state() called on loss function
Epoch 76: val_loss=1.0868273973464966
Epoch 76: train_loss=0.41600966453552246

[CollapseMonitor] Epoch 76
  [DEBUG] Processed 4 batches, 5 horizon(s)
  Multi-horizon metrics (5 horizons):
    h1: std=0.0706, dir_acc=56.3%, pos=89%, unique=197, sharpe=23.11
    h2: std=0.0738, dir_acc=54.3%, pos=89%, unique=196, sharpe=23.15
    h3: std=0.0775, dir_acc=54.8%, pos=88%, unique=197, sharpe=21.94
    h4: std=0.0793, dir_acc=54.3%, pos=88%, unique=197, sharpe=21.65
    h5: std=0.0799, dir_acc=52.8%, pos=89%, unique=197, sharpe=21.91
  Aggregate: std_avg=0.0762, dir_acc_avg=54.5%, composite_avg=0.4600
  H1 detail: range=0.2819, mean=0.1029, dist_match=0.6853
  Collapse penalty: 0.000000 (threshold: 0.005000)
  Saved validation predictions to: experiments/12c_multi_horizon/macro_heavy_daily_3q_h5_d025/fold_2021/collapse_monitoring/val_predictions_epoch76.npz
  Gradient norms:
    lstm_encoder: 0.014113
    lstm_decoder: 0.012835
    output_layer: 0.055411
  VSN output std:
    encoder: 0.204764
  Attention entropy: 2.971952
  Saved to: experiments/12c_multi_horizon/macro_heavy_daily_3q_h5_d025/fold_2021/collapse_monitoring/collapse_monitor_latest.json
[DEBUG CollapseMonitor] on_validation_epoch_start called for epoch 77
[DEBUG CollapseMonitor] reset_temporal_state() called on loss function
Epoch 77: val_loss=1.0870851278305054
Epoch 77: train_loss=0.4160257875919342

[CollapseMonitor] Epoch 77
  [DEBUG] Processed 4 batches, 5 horizon(s)
  Multi-horizon metrics (5 horizons):
    h1: std=0.0752, dir_acc=53.8%, pos=84%, unique=197, sharpe=20.49
    h2: std=0.0787, dir_acc=53.8%, pos=84%, unique=197, sharpe=20.25
    h3: std=0.0823, dir_acc=51.8%, pos=83%, unique=197, sharpe=19.10
    h4: std=0.0838, dir_acc=52.8%, pos=81%, unique=197, sharpe=18.86
    h5: std=0.0841, dir_acc=50.3%, pos=82%, unique=197, sharpe=19.15
  Aggregate: std_avg=0.0808, dir_acc_avg=52.5%, composite_avg=0.4572
  H1 detail: range=0.2942, mean=0.0970, dist_match=0.7310
  Collapse penalty: 0.000000 (threshold: 0.005000)
  Saved validation predictions to: experiments/12c_multi_horizon/macro_heavy_daily_3q_h5_d025/fold_2021/collapse_monitoring/val_predictions_epoch77.npz
  Gradient norms:
    lstm_encoder: 0.014320
    lstm_decoder: 0.012200
    output_layer: 0.052906
  VSN output std:
    encoder: 0.205248
  Attention entropy: 2.970846
  Saved to: experiments/12c_multi_horizon/macro_heavy_daily_3q_h5_d025/fold_2021/collapse_monitoring/collapse_monitor_latest.json
[DEBUG CollapseMonitor] on_validation_epoch_start called for epoch 78
[DEBUG CollapseMonitor] reset_temporal_state() called on loss function
Epoch 78: val_loss=1.0869972705841064
Epoch 78: train_loss=0.416164755821228

[CollapseMonitor] Epoch 78
  [DEBUG] Processed 4 batches, 5 horizon(s)
  Multi-horizon metrics (5 horizons):
    h1: std=0.0747, dir_acc=54.3%, pos=85%, unique=197, sharpe=21.41
    h2: std=0.0784, dir_acc=53.8%, pos=85%, unique=197, sharpe=21.09
    h3: std=0.0820, dir_acc=51.8%, pos=84%, unique=197, sharpe=20.03
    h4: std=0.0835, dir_acc=52.8%, pos=84%, unique=197, sharpe=19.92
    h5: std=0.0838, dir_acc=51.3%, pos=85%, unique=197, sharpe=20.34
  Aggregate: std_avg=0.0805, dir_acc_avg=52.8%, composite_avg=0.4553
  H1 detail: range=0.2830, mean=0.1007, dist_match=0.7259
  Collapse penalty: 0.000000 (threshold: 0.005000)
  Saved validation predictions to: experiments/12c_multi_horizon/macro_heavy_daily_3q_h5_d025/fold_2021/collapse_monitoring/val_predictions_epoch78.npz
  Gradient norms:
    lstm_encoder: 0.014950
    lstm_decoder: 0.012775
    output_layer: 0.050802
  VSN output std:
    encoder: 0.203993
  Attention entropy: 2.968749
  Saved to: experiments/12c_multi_horizon/macro_heavy_daily_3q_h5_d025/fold_2021/collapse_monitoring/collapse_monitor_latest.json
[DEBUG CollapseMonitor] on_validation_epoch_start called for epoch 79
[DEBUG CollapseMonitor] reset_temporal_state() called on loss function
Epoch 79: val_loss=1.0864676237106323
Epoch 79: train_loss=0.41587966680526733

[CollapseMonitor] Epoch 79
  [DEBUG] Processed 4 batches, 5 horizon(s)
  Multi-horizon metrics (5 horizons):
    h1: std=0.0708, dir_acc=53.8%, pos=84%, unique=197, sharpe=21.18
    h2: std=0.0724, dir_acc=53.3%, pos=86%, unique=197, sharpe=21.81
    h3: std=0.0753, dir_acc=53.3%, pos=85%, unique=197, sharpe=20.88
    h4: std=0.0763, dir_acc=52.3%, pos=85%, unique=197, sharpe=20.79
    h5: std=0.0764, dir_acc=51.8%, pos=85%, unique=197, sharpe=21.22
  Aggregate: std_avg=0.0743, dir_acc_avg=52.9%, composite_avg=0.4559
  H1 detail: range=0.2818, mean=0.0945, dist_match=0.7310
  Collapse penalty: 0.000000 (threshold: 0.005000)
  Saved validation predictions to: experiments/12c_multi_horizon/macro_heavy_daily_3q_h5_d025/fold_2021/collapse_monitoring/val_predictions_epoch79.npz
  Gradient norms:
    lstm_encoder: 0.014803
    lstm_decoder: 0.012298
    output_layer: 0.051624
  VSN output std:
    encoder: 0.205920
  Attention entropy: 2.970268
  Saved to: experiments/12c_multi_horizon/macro_heavy_daily_3q_h5_d025/fold_2021/collapse_monitoring/collapse_monitor_latest.json
[DEBUG CollapseMonitor] on_validation_epoch_start called for epoch 80
[DEBUG CollapseMonitor] reset_temporal_state() called on loss function
Epoch 80: val_loss=1.0862689018249512
Epoch 80: train_loss=0.41676902770996094

[CollapseMonitor] Epoch 80
  [DEBUG] Processed 4 batches, 5 horizon(s)
  Multi-horizon metrics (5 horizons):
    h1: std=0.0705, dir_acc=54.3%, pos=84%, unique=197, sharpe=19.67
    h2: std=0.0732, dir_acc=53.3%, pos=84%, unique=197, sharpe=19.70
    h3: std=0.0768, dir_acc=51.8%, pos=81%, unique=197, sharpe=18.34
    h4: std=0.0783, dir_acc=52.3%, pos=80%, unique=197, sharpe=17.88
    h5: std=0.0787, dir_acc=49.7%, pos=80%, unique=196, sharpe=17.97
  Aggregate: std_avg=0.0755, dir_acc_avg=52.3%, composite_avg=0.4590
  H1 detail: range=0.2819, mean=0.0874, dist_match=0.7360
  Collapse penalty: 0.000000 (threshold: 0.005000)
  Saved validation predictions to: experiments/12c_multi_horizon/macro_heavy_daily_3q_h5_d025/fold_2021/collapse_monitoring/val_predictions_epoch80.npz
  Gradient norms:
    lstm_encoder: 0.015022
    lstm_decoder: 0.013363
    output_layer: 0.056501
  VSN output std:
    encoder: 0.208060
  Attention entropy: 2.970054
  Saved to: experiments/12c_multi_horizon/macro_heavy_daily_3q_h5_d025/fold_2021/collapse_monitoring/collapse_monitor_latest.json
[DEBUG CollapseMonitor] on_validation_epoch_start called for epoch 81
[DEBUG CollapseMonitor] reset_temporal_state() called on loss function
Epoch 81: val_loss=1.0862456560134888
Epoch 81: train_loss=0.4160626232624054

[CollapseMonitor] Epoch 81
  [DEBUG] Processed 4 batches, 5 horizon(s)
  Multi-horizon metrics (5 horizons):
    h1: std=0.0727, dir_acc=54.3%, pos=85%, unique=197, sharpe=21.30
    h2: std=0.0752, dir_acc=54.3%, pos=85%, unique=197, sharpe=21.42
    h3: std=0.0782, dir_acc=52.3%, pos=84%, unique=196, sharpe=20.38
    h4: std=0.0793, dir_acc=52.3%, pos=84%, unique=197, sharpe=20.22
    h5: std=0.0794, dir_acc=51.8%, pos=84%, unique=197, sharpe=20.56
  Aggregate: std_avg=0.0769, dir_acc_avg=53.0%, composite_avg=0.4586
  H1 detail: range=0.2875, mean=0.0975, dist_match=0.7259
  Collapse penalty: 0.000000 (threshold: 0.005000)
  Saved validation predictions to: experiments/12c_multi_horizon/macro_heavy_daily_3q_h5_d025/fold_2021/collapse_monitoring/val_predictions_epoch81.npz
  Gradient norms:
    lstm_encoder: 0.014236
    lstm_decoder: 0.012866
    output_layer: 0.048919
  VSN output std:
    encoder: 0.206467
  Attention entropy: 2.970499
  Saved to: experiments/12c_multi_horizon/macro_heavy_daily_3q_h5_d025/fold_2021/collapse_monitoring/collapse_monitor_latest.json
[DEBUG CollapseMonitor] on_validation_epoch_start called for epoch 82
[DEBUG CollapseMonitor] reset_temporal_state() called on loss function
Epoch 82: val_loss=1.0851839780807495
Epoch 82: train_loss=0.4168095290660858

[CollapseMonitor] Epoch 82
  [DEBUG] Processed 4 batches, 5 horizon(s)
  Multi-horizon metrics (5 horizons):
    h1: std=0.0698, dir_acc=53.3%, pos=83%, unique=197, sharpe=19.44
    h2: std=0.0717, dir_acc=53.3%, pos=84%, unique=197, sharpe=19.86
    h3: std=0.0742, dir_acc=51.3%, pos=82%, unique=197, sharpe=19.12
    h4: std=0.0749, dir_acc=52.3%, pos=81%, unique=196, sharpe=19.20
    h5: std=0.0747, dir_acc=49.7%, pos=82%, unique=197, sharpe=19.77
  Aggregate: std_avg=0.0730, dir_acc_avg=52.0%, composite_avg=0.4551
  H1 detail: range=0.2779, mean=0.0854, dist_match=0.7462
  Collapse penalty: 0.000000 (threshold: 0.005000)
  Saved validation predictions to: experiments/12c_multi_horizon/macro_heavy_daily_3q_h5_d025/fold_2021/collapse_monitoring/val_predictions_epoch82.npz
  Gradient norms:
    lstm_encoder: 0.017126
    lstm_decoder: 0.013980
    output_layer: 0.064052
  VSN output std:
    encoder: 0.207132
  Attention entropy: 2.970164
  Saved to: experiments/12c_multi_horizon/macro_heavy_daily_3q_h5_d025/fold_2021/collapse_monitoring/collapse_monitor_latest.json
[DEBUG CollapseMonitor] on_validation_epoch_start called for epoch 83
[DEBUG CollapseMonitor] reset_temporal_state() called on loss function
Epoch 83: val_loss=1.0852229595184326
Epoch 83: train_loss=0.41597846150398254

[CollapseMonitor] Epoch 83
  [DEBUG] Processed 4 batches, 5 horizon(s)
  Multi-horizon metrics (5 horizons):
    h1: std=0.0711, dir_acc=53.8%, pos=84%, unique=197, sharpe=18.89
    h2: std=0.0742, dir_acc=52.8%, pos=83%, unique=197, sharpe=18.73
    h3: std=0.0772, dir_acc=51.8%, pos=81%, unique=197, sharpe=17.79
    h4: std=0.0784, dir_acc=53.3%, pos=80%, unique=197, sharpe=17.65
    h5: std=0.0786, dir_acc=49.7%, pos=80%, unique=197, sharpe=17.95
  Aggregate: std_avg=0.0759, dir_acc_avg=52.3%, composite_avg=0.4591
  H1 detail: range=0.2800, mean=0.0846, dist_match=0.7310
  Collapse penalty: 0.000000 (threshold: 0.005000)
  Saved validation predictions to: experiments/12c_multi_horizon/macro_heavy_daily_3q_h5_d025/fold_2021/collapse_monitoring/val_predictions_epoch83.npz
  Gradient norms:
    lstm_encoder: 0.016260
    lstm_decoder: 0.013633
    output_layer: 0.053758
  VSN output std:
    encoder: 0.208037
  Attention entropy: 2.968564
  Saved to: experiments/12c_multi_horizon/macro_heavy_daily_3q_h5_d025/fold_2021/collapse_monitoring/collapse_monitor_latest.json
[DEBUG CollapseMonitor] on_validation_epoch_start called for epoch 84
[DEBUG CollapseMonitor] reset_temporal_state() called on loss function
Epoch 84: val_loss=1.084266185760498
Epoch 84: train_loss=0.4160068929195404

[CollapseMonitor] Epoch 84
  [DEBUG] Processed 4 batches, 5 horizon(s)
  Multi-horizon metrics (5 horizons):
    h1: std=0.0714, dir_acc=55.3%, pos=87%, unique=197, sharpe=22.50
    h2: std=0.0744, dir_acc=53.3%, pos=86%, unique=197, sharpe=22.07
    h3: std=0.0772, dir_acc=53.3%, pos=85%, unique=197, sharpe=21.06
    h4: std=0.0780, dir_acc=52.3%, pos=84%, unique=197, sharpe=20.95
    h5: std=0.0780, dir_acc=51.8%, pos=86%, unique=197, sharpe=21.32
  Aggregate: std_avg=0.0758, dir_acc_avg=53.2%, composite_avg=0.4571
  H1 detail: range=0.2742, mean=0.1012, dist_match=0.7056
  Collapse penalty: 0.000000 (threshold: 0.005000)
  Saved validation predictions to: experiments/12c_multi_horizon/macro_heavy_daily_3q_h5_d025/fold_2021/collapse_monitoring/val_predictions_epoch84.npz
  Gradient norms:
    lstm_encoder: 0.017905
    lstm_decoder: 0.014745
    output_layer: 0.055006
  VSN output std:
    encoder: 0.205902
  Attention entropy: 2.970072
  Saved to: experiments/12c_multi_horizon/macro_heavy_daily_3q_h5_d025/fold_2021/collapse_monitoring/collapse_monitor_latest.json
[DEBUG CollapseMonitor] on_validation_epoch_start called for epoch 85
[DEBUG CollapseMonitor] reset_temporal_state() called on loss function
Epoch 85: val_loss=1.0844568014144897
Epoch 85: train_loss=0.41607850790023804

[CollapseMonitor] Epoch 85
  [DEBUG] Processed 4 batches, 5 horizon(s)
  Multi-horizon metrics (5 horizons):
    h1: std=0.0768, dir_acc=53.8%, pos=84%, unique=197, sharpe=19.53
    h2: std=0.0805, dir_acc=52.8%, pos=83%, unique=197, sharpe=19.11
    h3: std=0.0833, dir_acc=51.8%, pos=80%, unique=197, sharpe=18.30
    h4: std=0.0844, dir_acc=53.3%, pos=80%, unique=196, sharpe=18.25
    h5: std=0.0845, dir_acc=49.7%, pos=81%, unique=197, sharpe=18.59
  Aggregate: std_avg=0.0819, dir_acc_avg=52.3%, composite_avg=0.4591
  H1 detail: range=0.2814, mean=0.0945, dist_match=0.7310
  Collapse penalty: 0.000000 (threshold: 0.005000)
  Saved validation predictions to: experiments/12c_multi_horizon/macro_heavy_daily_3q_h5_d025/fold_2021/collapse_monitoring/val_predictions_epoch85.npz
  Gradient norms:
    lstm_encoder: 0.016957
    lstm_decoder: 0.013075
    output_layer: 0.058831
  VSN output std:
    encoder: 0.204939
  Attention entropy: 2.968697
  Saved to: experiments/12c_multi_horizon/macro_heavy_daily_3q_h5_d025/fold_2021/collapse_monitoring/collapse_monitor_latest.json
[DEBUG CollapseMonitor] on_validation_epoch_start called for epoch 86
[DEBUG CollapseMonitor] reset_temporal_state() called on loss function
Epoch 86: val_loss=1.0839388370513916
Epoch 86: train_loss=0.41502144932746887

[CollapseMonitor] Epoch 86
  [DEBUG] Processed 4 batches, 5 horizon(s)
  Multi-horizon metrics (5 horizons):
    h1: std=0.0722, dir_acc=54.8%, pos=85%, unique=197, sharpe=19.82
    h2: std=0.0763, dir_acc=54.3%, pos=83%, unique=196, sharpe=19.22
    h3: std=0.0792, dir_acc=52.8%, pos=82%, unique=197, sharpe=18.41
    h4: std=0.0804, dir_acc=53.3%, pos=81%, unique=197, sharpe=18.40
    h5: std=0.0808, dir_acc=51.3%, pos=81%, unique=197, sharpe=18.79
  Aggregate: std_avg=0.0778, dir_acc_avg=53.3%, composite_avg=0.4658
  H1 detail: range=0.2721, mean=0.0901, dist_match=0.7208
  Collapse penalty: 0.000000 (threshold: 0.005000)
  Saved validation predictions to: experiments/12c_multi_horizon/macro_heavy_daily_3q_h5_d025/fold_2021/collapse_monitoring/val_predictions_epoch86.npz
  Gradient norms:
    lstm_encoder: 0.018847
    lstm_decoder: 0.013336
    output_layer: 0.050954
  VSN output std:
    encoder: 0.205455
  Attention entropy: 2.967857
  Saved to: experiments/12c_multi_horizon/macro_heavy_daily_3q_h5_d025/fold_2021/collapse_monitoring/collapse_monitor_latest.json
[DEBUG CollapseMonitor] on_validation_epoch_start called for epoch 87
[DEBUG CollapseMonitor] reset_temporal_state() called on loss function
Epoch 87: val_loss=1.0830830335617065
Epoch 87: train_loss=0.4157388210296631

[CollapseMonitor] Epoch 87
  [DEBUG] Processed 4 batches, 5 horizon(s)
  Multi-horizon metrics (5 horizons):
    h1: std=0.0717, dir_acc=51.8%, pos=81%, unique=197, sharpe=19.07
    h2: std=0.0739, dir_acc=50.3%, pos=81%, unique=197, sharpe=19.15
    h3: std=0.0754, dir_acc=51.8%, pos=79%, unique=197, sharpe=18.79
    h4: std=0.0754, dir_acc=51.8%, pos=79%, unique=197, sharpe=19.12
    h5: std=0.0749, dir_acc=50.8%, pos=81%, unique=197, sharpe=19.78
  Aggregate: std_avg=0.0742, dir_acc_avg=51.3%, composite_avg=0.4539
  H1 detail: range=0.2754, mean=0.0861, dist_match=0.7614
  Collapse penalty: 0.000000 (threshold: 0.005000)
  Saved validation predictions to: experiments/12c_multi_horizon/macro_heavy_daily_3q_h5_d025/fold_2021/collapse_monitoring/val_predictions_epoch87.npz
  Gradient norms:
    lstm_encoder: 0.019506
    lstm_decoder: 0.015332
    output_layer: 0.055005
  VSN output std:
    encoder: 0.204575
  Attention entropy: 2.970090
  Saved to: experiments/12c_multi_horizon/macro_heavy_daily_3q_h5_d025/fold_2021/collapse_monitoring/collapse_monitor_latest.json
[DEBUG CollapseMonitor] on_validation_epoch_start called for epoch 88
[DEBUG CollapseMonitor] reset_temporal_state() called on loss function
Epoch 88: val_loss=1.0834627151489258
Epoch 88: train_loss=0.4154435098171234

[CollapseMonitor] Epoch 88
  [DEBUG] Processed 4 batches, 5 horizon(s)
  Multi-horizon metrics (5 horizons):
    h1: std=0.0712, dir_acc=53.3%, pos=84%, unique=197, sharpe=19.76
    h2: std=0.0735, dir_acc=52.8%, pos=83%, unique=196, sharpe=20.07
    h3: std=0.0754, dir_acc=52.8%, pos=82%, unique=195, sharpe=19.74
    h4: std=0.0757, dir_acc=53.3%, pos=83%, unique=196, sharpe=20.08
    h5: std=0.0755, dir_acc=51.3%, pos=83%, unique=197, sharpe=20.75
  Aggregate: std_avg=0.0743, dir_acc_avg=52.7%, composite_avg=0.4590
  H1 detail: range=0.2753, mean=0.0886, dist_match=0.7360
  Collapse penalty: 0.000000 (threshold: 0.005000)
  Saved validation predictions to: experiments/12c_multi_horizon/macro_heavy_daily_3q_h5_d025/fold_2021/collapse_monitoring/val_predictions_epoch88.npz
  Gradient norms:
    lstm_encoder: 0.021217
    lstm_decoder: 0.012482
    output_layer: 0.049217
  VSN output std:
    encoder: 0.206885
  Attention entropy: 2.968277
  Saved to: experiments/12c_multi_horizon/macro_heavy_daily_3q_h5_d025/fold_2021/collapse_monitoring/collapse_monitor_latest.json
[DEBUG CollapseMonitor] on_validation_epoch_start called for epoch 89
[DEBUG CollapseMonitor] reset_temporal_state() called on loss function
Epoch 89: val_loss=1.0831116437911987
Epoch 89: train_loss=0.41545987129211426

[CollapseMonitor] Epoch 89
  [DEBUG] Processed 4 batches, 5 horizon(s)
  Multi-horizon metrics (5 horizons):
    h1: std=0.0676, dir_acc=53.3%, pos=84%, unique=197, sharpe=19.89
    h2: std=0.0697, dir_acc=53.3%, pos=84%, unique=196, sharpe=20.16
    h3: std=0.0717, dir_acc=52.8%, pos=82%, unique=197, sharpe=19.64
    h4: std=0.0721, dir_acc=52.8%, pos=82%, unique=197, sharpe=19.84
    h5: std=0.0720, dir_acc=50.8%, pos=83%, unique=197, sharpe=20.40
  Aggregate: std_avg=0.0706, dir_acc_avg=52.6%, composite_avg=0.4583
  H1 detail: range=0.2615, mean=0.0848, dist_match=0.7360
  Collapse penalty: 0.000000 (threshold: 0.005000)
  Saved validation predictions to: experiments/12c_multi_horizon/macro_heavy_daily_3q_h5_d025/fold_2021/collapse_monitoring/val_predictions_epoch89.npz
  Gradient norms:
    lstm_encoder: 0.020753
    lstm_decoder: 0.013991
    output_layer: 0.055959
  VSN output std:
    encoder: 0.209552
  Attention entropy: 2.966623
  Saved to: experiments/12c_multi_horizon/macro_heavy_daily_3q_h5_d025/fold_2021/collapse_monitoring/collapse_monitor_latest.json
[DEBUG CollapseMonitor] on_validation_epoch_start called for epoch 90
[DEBUG CollapseMonitor] reset_temporal_state() called on loss function
Epoch 90: val_loss=1.0823217630386353
Epoch 90: train_loss=0.4158049523830414

[CollapseMonitor] Epoch 90
  [DEBUG] Processed 4 batches, 5 horizon(s)
  Multi-horizon metrics (5 horizons):
    h1: std=0.0657, dir_acc=52.3%, pos=83%, unique=197, sharpe=18.28
    h2: std=0.0679, dir_acc=53.3%, pos=82%, unique=197, sharpe=18.73
    h3: std=0.0698, dir_acc=51.8%, pos=81%, unique=197, sharpe=18.39
    h4: std=0.0703, dir_acc=53.3%, pos=81%, unique=197, sharpe=18.73
    h5: std=0.0703, dir_acc=51.8%, pos=82%, unique=197, sharpe=19.42
  Aggregate: std_avg=0.0688, dir_acc_avg=52.5%, composite_avg=0.4609
  H1 detail: range=0.2496, mean=0.0756, dist_match=0.7462
  Collapse penalty: 0.000000 (threshold: 0.005000)
  Saved validation predictions to: experiments/12c_multi_horizon/macro_heavy_daily_3q_h5_d025/fold_2021/collapse_monitoring/val_predictions_epoch90.npz
  Gradient norms:
    lstm_encoder: 0.017991
    lstm_decoder: 0.012390
    output_layer: 0.052945
  VSN output std:
    encoder: 0.209558
  Attention entropy: 2.966238
  Saved to: experiments/12c_multi_horizon/macro_heavy_daily_3q_h5_d025/fold_2021/collapse_monitoring/collapse_monitor_latest.json
[DEBUG CollapseMonitor] on_validation_epoch_start called for epoch 91
[DEBUG CollapseMonitor] reset_temporal_state() called on loss function
Epoch 91: val_loss=1.0813337564468384
Epoch 91: train_loss=0.41505876183509827

[CollapseMonitor] Epoch 91
  [DEBUG] Processed 4 batches, 5 horizon(s)
  Multi-horizon metrics (5 horizons):
    h1: std=0.0685, dir_acc=55.8%, pos=89%, unique=196, sharpe=22.44
    h2: std=0.0720, dir_acc=53.8%, pos=88%, unique=197, sharpe=22.29
    h3: std=0.0745, dir_acc=55.3%, pos=88%, unique=197, sharpe=21.87
    h4: std=0.0754, dir_acc=54.8%, pos=89%, unique=197, sharpe=22.23
    h5: std=0.0756, dir_acc=54.3%, pos=91%, unique=197, sharpe=22.96
  Aggregate: std_avg=0.0732, dir_acc_avg=54.8%, composite_avg=0.4606
  H1 detail: range=0.2592, mean=0.0969, dist_match=0.6802
  Collapse penalty: 0.000000 (threshold: 0.005000)
  Saved validation predictions to: experiments/12c_multi_horizon/macro_heavy_daily_3q_h5_d025/fold_2021/collapse_monitoring/val_predictions_epoch91.npz
  Gradient norms:
    lstm_encoder: 0.018621
    lstm_decoder: 0.012801
    output_layer: 0.050430
  VSN output std:
    encoder: 0.208064
  Attention entropy: 2.963023
  Saved to: experiments/12c_multi_horizon/macro_heavy_daily_3q_h5_d025/fold_2021/collapse_monitoring/collapse_monitor_latest.json
[DEBUG CollapseMonitor] on_validation_epoch_start called for epoch 92
[DEBUG CollapseMonitor] reset_temporal_state() called on loss function
Epoch 92: val_loss=1.0816221237182617
Epoch 92: train_loss=0.41494446992874146

[CollapseMonitor] Epoch 92
  [DEBUG] Processed 4 batches, 5 horizon(s)
  Multi-horizon metrics (5 horizons):
    h1: std=0.0730, dir_acc=52.8%, pos=82%, unique=196, sharpe=18.19
    h2: std=0.0763, dir_acc=53.3%, pos=82%, unique=197, sharpe=17.99
    h3: std=0.0785, dir_acc=51.3%, pos=80%, unique=197, sharpe=17.61
    h4: std=0.0790, dir_acc=53.3%, pos=80%, unique=197, sharpe=17.95
    h5: std=0.0789, dir_acc=50.8%, pos=81%, unique=197, sharpe=18.63
  Aggregate: std_avg=0.0771, dir_acc_avg=52.3%, composite_avg=0.4613
  H1 detail: range=0.2653, mean=0.0836, dist_match=0.7513
  Collapse penalty: 0.000000 (threshold: 0.005000)
  Saved validation predictions to: experiments/12c_multi_horizon/macro_heavy_daily_3q_h5_d025/fold_2021/collapse_monitoring/val_predictions_epoch92.npz
  Gradient norms:
    lstm_encoder: 0.019257
    lstm_decoder: 0.011864
    output_layer: 0.054036
  VSN output std:
    encoder: 0.206677
  Attention entropy: 2.964202
  Saved to: experiments/12c_multi_horizon/macro_heavy_daily_3q_h5_d025/fold_2021/collapse_monitoring/collapse_monitor_latest.json
[DEBUG CollapseMonitor] on_validation_epoch_start called for epoch 93
[DEBUG CollapseMonitor] reset_temporal_state() called on loss function
Epoch 93: val_loss=1.079972743988037
Epoch 93: train_loss=0.41482779383659363

[CollapseMonitor] Epoch 93
  [DEBUG] Processed 4 batches, 5 horizon(s)
  Multi-horizon metrics (5 horizons):
    h1: std=0.0697, dir_acc=55.8%, pos=87%, unique=197, sharpe=22.90
    h2: std=0.0732, dir_acc=52.8%, pos=86%, unique=196, sharpe=22.06
    h3: std=0.0750, dir_acc=52.8%, pos=84%, unique=197, sharpe=21.42
    h4: std=0.0752, dir_acc=53.3%, pos=85%, unique=197, sharpe=21.64
    h5: std=0.0749, dir_acc=52.8%, pos=91%, unique=197, sharpe=22.24
  Aggregate: std_avg=0.0736, dir_acc_avg=53.5%, composite_avg=0.4563
  H1 detail: range=0.2563, mean=0.1006, dist_match=0.7005
  Collapse penalty: 0.000000 (threshold: 0.005000)
  Saved validation predictions to: experiments/12c_multi_horizon/macro_heavy_daily_3q_h5_d025/fold_2021/collapse_monitoring/val_predictions_epoch93.npz
  Gradient norms:
    lstm_encoder: 0.020383
    lstm_decoder: 0.013693
    output_layer: 0.056185
  VSN output std:
    encoder: 0.206994
  Attention entropy: 2.965738
  Saved to: experiments/12c_multi_horizon/macro_heavy_daily_3q_h5_d025/fold_2021/collapse_monitoring/collapse_monitor_latest.json
[DEBUG CollapseMonitor] on_validation_epoch_start called for epoch 94
[DEBUG CollapseMonitor] reset_temporal_state() called on loss function
Epoch 94: val_loss=1.0809404850006104
Epoch 94: train_loss=0.41418367624282837

[CollapseMonitor] Epoch 94
  [DEBUG] Processed 4 batches, 5 horizon(s)
  Multi-horizon metrics (5 horizons):
    h1: std=0.0683, dir_acc=55.8%, pos=86%, unique=196, sharpe=20.65
    h2: std=0.0721, dir_acc=53.3%, pos=83%, unique=197, sharpe=19.76
    h3: std=0.0746, dir_acc=52.3%, pos=82%, unique=197, sharpe=18.90
    h4: std=0.0754, dir_acc=53.3%, pos=81%, unique=197, sharpe=18.89
    h5: std=0.0757, dir_acc=51.3%, pos=81%, unique=197, sharpe=19.26
  Aggregate: std_avg=0.0732, dir_acc_avg=53.2%, composite_avg=0.4646
  H1 detail: range=0.2546, mean=0.0889, dist_match=0.7107
  Collapse penalty: 0.000000 (threshold: 0.005000)
  Saved validation predictions to: experiments/12c_multi_horizon/macro_heavy_daily_3q_h5_d025/fold_2021/collapse_monitoring/val_predictions_epoch94.npz
  Gradient norms:
    lstm_encoder: 0.019407
    lstm_decoder: 0.013162
    output_layer: 0.053187
  VSN output std:
    encoder: 0.209106
  Attention entropy: 2.964202
  Saved to: experiments/12c_multi_horizon/macro_heavy_daily_3q_h5_d025/fold_2021/collapse_monitoring/collapse_monitor_latest.json
[DEBUG CollapseMonitor] on_validation_epoch_start called for epoch 95
[DEBUG CollapseMonitor] reset_temporal_state() called on loss function
Epoch 95: val_loss=1.0804723501205444
Epoch 95: train_loss=0.41427159309387207

[CollapseMonitor] Epoch 95
  [DEBUG] Processed 4 batches, 5 horizon(s)
  Multi-horizon metrics (5 horizons):
    h1: std=0.0660, dir_acc=55.3%, pos=86%, unique=197, sharpe=21.00
    h2: std=0.0691, dir_acc=52.3%, pos=83%, unique=197, sharpe=20.16
    h3: std=0.0713, dir_acc=51.3%, pos=81%, unique=197, sharpe=19.21
    h4: std=0.0720, dir_acc=52.3%, pos=81%, unique=197, sharpe=19.12
    h5: std=0.0723, dir_acc=51.3%, pos=81%, unique=197, sharpe=19.42
  Aggregate: std_avg=0.0702, dir_acc_avg=52.5%, composite_avg=0.4592
  H1 detail: range=0.2449, mean=0.0873, dist_match=0.7157
  Collapse penalty: 0.000000 (threshold: 0.005000)
  Saved validation predictions to: experiments/12c_multi_horizon/macro_heavy_daily_3q_h5_d025/fold_2021/collapse_monitoring/val_predictions_epoch95.npz
  Gradient norms:
    lstm_encoder: 0.020286
    lstm_decoder: 0.013602
    output_layer: 0.058213
  VSN output std:
    encoder: 0.209218
  Attention entropy: 2.966252
  Saved to: experiments/12c_multi_horizon/macro_heavy_daily_3q_h5_d025/fold_2021/collapse_monitoring/collapse_monitor_latest.json
[DEBUG CollapseMonitor] on_validation_epoch_start called for epoch 96
[DEBUG CollapseMonitor] reset_temporal_state() called on loss function
Epoch 96: val_loss=1.0806406736373901
Epoch 96: train_loss=0.41523104906082153

[CollapseMonitor] Epoch 96
  [DEBUG] Processed 4 batches, 5 horizon(s)
  Multi-horizon metrics (5 horizons):
    h1: std=0.0681, dir_acc=55.3%, pos=86%, unique=197, sharpe=20.65
    h2: std=0.0716, dir_acc=52.3%, pos=83%, unique=197, sharpe=19.83
    h3: std=0.0738, dir_acc=51.3%, pos=81%, unique=197, sharpe=18.97
    h4: std=0.0745, dir_acc=52.3%, pos=81%, unique=196, sharpe=18.97
    h5: std=0.0746, dir_acc=51.8%, pos=81%, unique=197, sharpe=19.38
  Aggregate: std_avg=0.0725, dir_acc_avg=52.6%, composite_avg=0.4604
  H1 detail: range=0.2519, mean=0.0886, dist_match=0.7157
  Collapse penalty: 0.000000 (threshold: 0.005000)
  Saved validation predictions to: experiments/12c_multi_horizon/macro_heavy_daily_3q_h5_d025/fold_2021/collapse_monitoring/val_predictions_epoch96.npz
  Gradient norms:
    lstm_encoder: 0.022050
    lstm_decoder: 0.013495
    output_layer: 0.057494
  VSN output std:
    encoder: 0.209336
  Attention entropy: 2.966026
  Saved to: experiments/12c_multi_horizon/macro_heavy_daily_3q_h5_d025/fold_2021/collapse_monitoring/collapse_monitor_latest.json
[DEBUG CollapseMonitor] on_validation_epoch_start called for epoch 97
[DEBUG CollapseMonitor] reset_temporal_state() called on loss function
Epoch 97: val_loss=1.0804661512374878
Epoch 97: train_loss=0.4146641790866852

[CollapseMonitor] Epoch 97
  [DEBUG] Processed 4 batches, 5 horizon(s)
  Multi-horizon metrics (5 horizons):
    h1: std=0.0666, dir_acc=53.3%, pos=84%, unique=197, sharpe=20.65
    h2: std=0.0707, dir_acc=53.3%, pos=83%, unique=197, sharpe=19.59
    h3: std=0.0730, dir_acc=51.3%, pos=80%, unique=197, sharpe=18.78
    h4: std=0.0738, dir_acc=52.3%, pos=80%, unique=197, sharpe=18.81
    h5: std=0.0741, dir_acc=50.8%, pos=80%, unique=197, sharpe=19.21
  Aggregate: std_avg=0.0716, dir_acc_avg=52.2%, composite_avg=0.4595
  H1 detail: range=0.2534, mean=0.0866, dist_match=0.7360
  Collapse penalty: 0.000000 (threshold: 0.005000)
  Saved validation predictions to: experiments/12c_multi_horizon/macro_heavy_daily_3q_h5_d025/fold_2021/collapse_monitoring/val_predictions_epoch97.npz
  Gradient norms:
    lstm_encoder: 0.021448
    lstm_decoder: 0.013763
    output_layer: 0.052562
  VSN output std:
    encoder: 0.208522
  Attention entropy: 2.963814
  Saved to: experiments/12c_multi_horizon/macro_heavy_daily_3q_h5_d025/fold_2021/collapse_monitoring/collapse_monitor_latest.json
[DEBUG CollapseMonitor] on_validation_epoch_start called for epoch 98
[DEBUG CollapseMonitor] reset_temporal_state() called on loss function
Epoch 98: val_loss=1.080092191696167
Epoch 98: train_loss=0.41444969177246094

[CollapseMonitor] Epoch 98
  [DEBUG] Processed 4 batches, 5 horizon(s)
  Multi-horizon metrics (5 horizons):
    h1: std=0.0676, dir_acc=52.8%, pos=83%, unique=197, sharpe=19.44
    h2: std=0.0716, dir_acc=52.3%, pos=81%, unique=196, sharpe=18.54
    h3: std=0.0736, dir_acc=50.8%, pos=79%, unique=197, sharpe=17.87
    h4: std=0.0740, dir_acc=51.3%, pos=78%, unique=197, sharpe=17.95
    h5: std=0.0741, dir_acc=51.3%, pos=78%, unique=196, sharpe=18.35
  Aggregate: std_avg=0.0722, dir_acc_avg=51.7%, composite_avg=0.4585
  H1 detail: range=0.2516, mean=0.0828, dist_match=0.7411
  Collapse penalty: 0.000000 (threshold: 0.005000)
  Saved validation predictions to: experiments/12c_multi_horizon/macro_heavy_daily_3q_h5_d025/fold_2021/collapse_monitoring/val_predictions_epoch98.npz
  Gradient norms:
    lstm_encoder: 0.021515
    lstm_decoder: 0.013485
    output_layer: 0.057079
  VSN output std:
    encoder: 0.208563
  Attention entropy: 2.965079
  Saved to: experiments/12c_multi_horizon/macro_heavy_daily_3q_h5_d025/fold_2021/collapse_monitoring/collapse_monitor_latest.json
[DEBUG CollapseMonitor] on_validation_epoch_start called for epoch 99
[DEBUG CollapseMonitor] reset_temporal_state() called on loss function
Epoch 99: val_loss=1.0793051719665527
Epoch 99: train_loss=0.4140140414237976

[CollapseMonitor] Epoch 99
  [DEBUG] Processed 4 batches, 5 horizon(s)
  Multi-horizon metrics (5 horizons):
    h1: std=0.0667, dir_acc=53.3%, pos=84%, unique=197, sharpe=20.06
    h2: std=0.0705, dir_acc=51.8%, pos=81%, unique=196, sharpe=19.10
    h3: std=0.0723, dir_acc=51.3%, pos=80%, unique=197, sharpe=18.41
    h4: std=0.0728, dir_acc=50.8%, pos=78%, unique=197, sharpe=18.50
    h5: std=0.0728, dir_acc=50.8%, pos=79%, unique=196, sharpe=18.91
  Aggregate: std_avg=0.0710, dir_acc_avg=51.6%, composite_avg=0.4562
  H1 detail: range=0.2485, mean=0.0843, dist_match=0.7360
  Collapse penalty: 0.000000 (threshold: 0.005000)
  Saved validation predictions to: experiments/12c_multi_horizon/macro_heavy_daily_3q_h5_d025/fold_2021/collapse_monitoring/val_predictions_epoch99.npz
  Gradient norms:
    lstm_encoder: 0.020929
    lstm_decoder: 0.012658
    output_layer: 0.048805
  VSN output std:
    encoder: 0.209329
  Attention entropy: 2.964883
  Saved to: experiments/12c_multi_horizon/macro_heavy_daily_3q_h5_d025/fold_2021/collapse_monitoring/collapse_monitor_latest.json


======================================================================
Training complete
======================================================================

Best val_loss checkpoint: experiments/12c_multi_horizon/macro_heavy_daily_3q_h5_d025/fold_2021/checkpoints/tft-epoch=epoch=99-valloss=val_loss=1.0793.ckpt
Best validation loss: 1.079305
Checkpoints saved:
  - Best val_loss: experiments/12c_multi_horizon/macro_heavy_daily_3q_h5_d025/fold_2021/checkpoints/tft-epoch=epoch=99-valloss=val_loss=1.0793.ckpt
  - Best pred_std: experiments/12c_multi_horizon/macro_heavy_daily_3q_h5_d025/fold_2021/checkpoints/tft-epoch=epoch=85-predstd=val_pred_std=0.0768.ckpt
  - Best unique: experiments/12c_multi_horizon/macro_heavy_daily_3q_h5_d025/fold_2021/checkpoints/tft-epoch=epoch=00-unique=val_num_unique=197.ckpt
  - Best dir_acc: experiments/12c_multi_horizon/macro_heavy_daily_3q_h5_d025/fold_2021/checkpoints/tft-epoch=epoch=03-diracc=val_dir_acc=0.5736.ckpt
  - Best sharpe: experiments/12c_multi_horizon/macro_heavy_daily_3q_h5_d025/fold_2021/checkpoints/tft-epoch=epoch=03-sharpe=val_sharpe=190.3330.ckpt
  - Best composite: experiments/12c_multi_horizon/macro_heavy_daily_3q_h5_d025/fold_2021/checkpoints/tft-epoch=epoch=68-composite=val_composite=0.4805.ckpt
Completed at: 2025-12-14 18:57:39
Log saved to: experiments/12c_multi_horizon/macro_heavy_daily_3q_h5_d025/fold_2021/training_20251214_184412.log
======================================================================
