{
  "evaluation_timestamp": "2025-10-27T12:02:31.856322",
  "statistical_metrics": {
    "mse": 1.1814388036727905,
    "rmse": 1.0869401693344116,
    "mae": 0.773394763469696,
    "mape": 149.5877504348755,
    "r2": -0.003974318504333496,
    "mean_error": 0.0563344843685627,
    "std_error": 1.0854792594909668
  },
  "financial_metrics": {
    "directional_accuracy": 0.525,
    "sharpe_ratio": 0.8369505814412775,
    "max_drawdown": -0.18902230262756348,
    "total_return": 0.5169917345046997,
    "hit_rate": 0.26484375,
    "num_trades": 599,
    "precision": 0.5659432387312187,
    "recall": 0.49344978165938863,
    "f1_score": 0.5272161741835147,
    "confusion_matrix": [
      [
        333,
        260
      ],
      [
        348,
        339
      ]
    ],
    "auc_roc": 0.5401125699880459,
    "alpha": -0.4046163558959961
  },
  "residual_diagnostics": {
    "normality_p_value": 7.122843012004186e-40,
    "acf_lag1": -0.0352076177802772,
    "skewness": 0.12288830534472381,
    "kurtosis": 6.379042792502242
  },
  "mode_stats": {
    "healthy_days": 74,
    "degraded_days": 125,
    "unidirectional_days": 807,
    "weak_collapse_days": 105,
    "strong_collapse_days": 169,
    "total_days": 1280,
    "healthy_pct": 5.78125,
    "degraded_pct": 9.765625,
    "unidirectional_pct": 63.046875,
    "weak_collapse_pct": 8.203125,
    "strong_collapse_pct": 13.203124999999998
  },
  "collapse_detected": true,
  "degradation_detected": true,
  "checkpoint_used": "experiments/00_baseline_exploration/sweep2_h16_lr_0.0004/checkpoints/tft-epoch=02-val_loss=0.1298.ckpt"
}