{
  "evaluation_timestamp": "2025-10-30T03:16:14.999033",
  "statistical_metrics": {
    "mse": 1.1723554134368896,
    "rmse": 1.0827536582946777,
    "mae": 0.7721511125564575,
    "mape": 139.71846103668213,
    "r2": 0.003744661808013916,
    "mean_error": 0.01761489547789097,
    "std_error": 1.0826104879379272
  },
  "financial_metrics": {
    "directional_accuracy": 0.5328125,
    "sharpe_ratio": 0.8848522644322627,
    "max_drawdown": -0.19158923625946045,
    "total_return": 0.8742597103118896,
    "hit_rate": 0.4546875,
    "num_trades": 1075,
    "precision": 0.5413953488372093,
    "recall": 0.8471615720524017,
    "f1_score": 0.6606129398410896,
    "confusion_matrix": [
      [
        100,
        493
      ],
      [
        105,
        582
      ]
    ],
    "auc_roc": 0.5242666136463496,
    "alpha": -0.04734838008880615
  },
  "residual_diagnostics": {
    "normality_p_value": 8.829939933687955e-39,
    "acf_lag1": -0.03215243510879157,
    "skewness": 0.031060986803132785,
    "kurtosis": 6.275462863535955
  },
  "mode_stats": {
    "healthy_days": 581,
    "degraded_days": 183,
    "unidirectional_days": 466,
    "weak_collapse_days": 15,
    "strong_collapse_days": 35,
    "total_days": 1280,
    "healthy_pct": 45.390625,
    "degraded_pct": 14.296875,
    "unidirectional_pct": 36.40625,
    "weak_collapse_pct": 1.171875,
    "strong_collapse_pct": 2.734375
  },
  "collapse_detected": true,
  "degradation_detected": true,
  "checkpoint_used": "experiments/00_baseline_exploration/sweep2_h16_lr_0.0004/checkpoints/tft-epoch=47-val_loss=0.4040.ckpt"
}