{
  "evaluation_timestamp": "2025-10-16T23:55:12.656000",
  "statistical_metrics": {
    "mse": 1.192757487297058,
    "rmse": 1.0921343564987183,
    "mae": 0.7808202505111694,
    "mape": 126.26492977142334,
    "r2": -0.007865071296691895,
    "mean_error": 0.098473459482193,
    "std_error": 1.0876858234405518
  },
  "financial_metrics": {
    "directional_accuracy": 0.4653543307086614,
    "sharpe_ratio": 0.0,
    "max_drawdown": 0.0,
    "total_return": 0.0,
    "hit_rate": 0.0,
    "num_trades": 0,
    "precision": 0.0,
    "recall": 0.0,
    "f1_score": 0.0,
    "confusion_matrix": [
      [
        591,
        0
      ],
      [
        679,
        0
      ]
    ],
    "auc_roc": 0.5397556374582906,
    "alpha": -0.8470276594161987
  },
  "residual_diagnostics": {
    "normality_p_value": 1.1348059009993254e-39,
    "acf_lag1": -0.03765206691163588,
    "skewness": 0.09310061178570872,
    "kurtosis": 6.471761047792349
  },
  "checkpoint_used": "experiments/sweep2_combo2/checkpoints/tft-epoch=03-val_loss=0.1249.ckpt"
}