{
  "evaluation_timestamp": "2025-10-27T12:02:24.092990",
  "statistical_metrics": {
    "mse": 1.1711280345916748,
    "rmse": 1.0821866989135742,
    "mae": 0.7664262056350708,
    "mape": 149.11843538284302,
    "r2": -0.00678563117980957,
    "mean_error": 0.07207683473825455,
    "std_error": 1.0797836780548096
  },
  "financial_metrics": {
    "directional_accuracy": 0.5258064516129032,
    "sharpe_ratio": 0.893409587470058,
    "max_drawdown": -0.18902239203453064,
    "total_return": 0.5174885988235474,
    "hit_rate": 0.22983870967741934,
    "num_trades": 494,
    "precision": 0.5769230769230769,
    "recall": 0.4292168674698795,
    "f1_score": 0.49222797927461137,
    "confusion_matrix": [
      [
        367,
        209
      ],
      [
        379,
        285
      ]
    ],
    "auc_roc": 0.5418470758032129,
    "alpha": -0.38320279121398926
  },
  "residual_diagnostics": {
    "normality_p_value": 7.035899729611826e-41,
    "acf_lag1": -0.02790005108505823,
    "skewness": 0.1800172384902777,
    "kurtosis": 6.729767835765804
  },
  "mode_stats": {
    "healthy_days": 84,
    "degraded_days": 98,
    "unidirectional_days": 806,
    "weak_collapse_days": 38,
    "strong_collapse_days": 214,
    "total_days": 1240,
    "healthy_pct": 6.774193548387098,
    "degraded_pct": 7.903225806451612,
    "unidirectional_pct": 65.0,
    "weak_collapse_pct": 3.064516129032258,
    "strong_collapse_pct": 17.258064516129032
  },
  "collapse_detected": true,
  "degradation_detected": true,
  "checkpoint_used": "experiments/00_baseline_exploration/sweep2_h16_enc_60/checkpoints/tft-epoch=01-val_loss=0.1357.ckpt"
}