{
  "evaluation_timestamp": "2025-10-30T03:15:39.105079",
  "statistical_metrics": {
    "mse": 1.1578233242034912,
    "rmse": 1.0760220289230347,
    "mae": 0.7633564472198486,
    "mape": 149.35821294784546,
    "r2": 0.004652082920074463,
    "mean_error": -0.003915503155440092,
    "std_error": 1.0760148763656616
  },
  "financial_metrics": {
    "directional_accuracy": 0.5403225806451613,
    "sharpe_ratio": 0.9913182951344301,
    "max_drawdown": -0.22339020669460297,
    "total_return": 1.1238715648651123,
    "hit_rate": 0.5201612903225806,
    "num_trades": 1196,
    "precision": 0.5392976588628763,
    "recall": 0.9713855421686747,
    "f1_score": 0.6935483870967742,
    "confusion_matrix": [
      [
        25,
        551
      ],
      [
        19,
        645
      ]
    ],
    "auc_roc": 0.5278875920348058,
    "alpha": 0.22318017482757568
  },
  "residual_diagnostics": {
    "normality_p_value": 3.0315913282941703e-39,
    "acf_lag1": -0.026820518409551734,
    "skewness": 0.05980749454736436,
    "kurtosis": 6.641031589694828
  },
  "mode_stats": {
    "healthy_days": 424,
    "degraded_days": 13,
    "unidirectional_days": 784,
    "weak_collapse_days": 19,
    "strong_collapse_days": 0,
    "total_days": 1240,
    "healthy_pct": 34.193548387096776,
    "degraded_pct": 1.0483870967741937,
    "unidirectional_pct": 63.2258064516129,
    "weak_collapse_pct": 1.532258064516129,
    "strong_collapse_pct": 0.0
  },
  "collapse_detected": true,
  "degradation_detected": true,
  "checkpoint_used": "experiments/00_baseline_exploration/sweep2_h16_enc_60/checkpoints/tft-epoch=43-val_loss=0.4054.ckpt"
}