{
  "period_statistics": {
    "2022-H1": {
      "n_samples": 124,
      "entropy_mean": 2.9830386638641357,
      "entropy_std": 0.013751605525612831,
      "attention_concentration": 0.050167571753263474,
      "top_features": [
        [
          "t-20",
          0.05945327877998352
        ],
        [
          "t-19",
          0.05467071011662483
        ],
        [
          "t-18",
          0.05251059681177139
        ],
        [
          "t-1",
          0.051189836114645004
        ],
        [
          "t-2",
          0.0511149987578392
        ]
      ],
      "mean_attention": [
        0.05945327877998352,
        0.05467071011662483,
        0.05251059681177139,
        0.05014793947339058,
        0.04862755164504051,
        0.04767715930938721,
        0.04734459146857262,
        0.04723166674375534,
        0.04724628105759621,
        0.04752810671925545,
        0.047863882035017014,
        0.048224691301584244,
        0.04862803965806961,
        0.049118950963020325,
        0.04969117417931557,
        0.05020095407962799,
        0.05061342194676399,
        0.05091610923409462,
        0.0511149987578392,
        0.051189836114645004
      ],
      "std_attention": [
        0.011732970364391804,
        0.010572283528745174,
        0.00945619773119688,
        0.008394120261073112,
        0.007571240421384573,
        0.006926483009010553,
        0.006418090313673019,
        0.006052510347217321,
        0.005740888882428408,
        0.00556884054094553,
        0.005467429291456938,
        0.005421679932624102,
        0.0054665543138980865,
        0.005771013908088207,
        0.006191607564687729,
        0.006661404389888048,
        0.007193547673523426,
        0.007768158335238695,
        0.008294129744172096,
        0.008795885369181633
      ]
    },
    "2022-H2": {
      "n_samples": 125,
      "entropy_mean": 2.9830613136291504,
      "entropy_std": 0.00595054030418396,
      "attention_concentration": 0.05113702639937401,
      "top_features": [
        [
          "t-20",
          0.0731939971446991
        ],
        [
          "t-19",
          0.06572877615690231
        ],
        [
          "t-18",
          0.06012773886322975
        ],
        [
          "t-17",
          0.0550311841070652
        ],
        [
          "t-16",
          0.05154341459274292
        ]
      ],
      "mean_attention": [
        0.0731939971446991,
        0.06572877615690231,
        0.06012773886322975,
        0.0550311841070652,
        0.05154341459274292,
        0.04928002133965492,
        0.04782041162252426,
        0.04691978543996811,
        0.04634832963347435,
        0.04599180445075035,
        0.0458577424287796,
        0.04586717113852501,
        0.04595878720283508,
        0.046064525842666626,
        0.04606935381889343,
        0.04606645554304123,
        0.04593117535114288,
        0.045716699212789536,
        0.04542841017246246,
        0.045054249465465546
      ],
      "std_attention": [
        0.006842849310487509,
        0.005674423184245825,
        0.004543691407889128,
        0.0037235571071505547,
        0.0031743221916258335,
        0.002807545242831111,
        0.002621849300339818,
        0.0026144084986299276,
        0.0025704738218337297,
        0.00254014041274786,
        0.0025550483260303736,
        0.0026021122466772795,
        0.0026698147412389517,
        0.00271728471852839,
        0.0027504924219101667,
        0.0028013347182422876,
        0.002894401317462325,
        0.0029641224537044764,
        0.0030139076989144087,
        0.0030752141028642654
      ]
    }
  },
  "period_comparisons": {
    "2022-H1_vs_2022-H2": {
      "cosine_similarity": 0.9942935712128863,
      "l2_distance": 0.024139290675520897,
      "entropy_change": 2.2649765014648438e-05,
      "concentration_change": 0.0009694546461105347
    }
  },
  "analysis_timestamp": "2025-10-27T00:47:41.252674"
}