{
  "period_statistics": {
    "2020": {
      "n_samples": 92,
      "entropy_mean": 2.98124098777771,
      "entropy_std": 0.004513387568295002,
      "attention_concentration": 0.050020091235637665,
      "top_features": [
        [
          "t-1",
          0.05202273279428482
        ],
        [
          "t-2",
          0.05171879008412361
        ],
        [
          "t-3",
          0.05143381282687187
        ],
        [
          "t-4",
          0.051180150359869
        ],
        [
          "t-5",
          0.050954196602106094
        ]
      ],
      "mean_attention": [
        0.049668919295072556,
        0.04876474291086197,
        0.04854985326528549,
        0.04881959781050682,
        0.04907183721661568,
        0.049240708351135254,
        0.049360815435647964,
        0.049446702003479004,
        0.049537356942892075,
        0.04960586130619049,
        0.049680110067129135,
        0.04977276176214218,
        0.049874402582645416,
        0.05054282024502754,
        0.05075385794043541,
        0.050954196602106094,
        0.051180150359869,
        0.05143381282687187,
        0.05171879008412361,
        0.05202273279428482
      ],
      "std_attention": [
        0.009281779639422894,
        0.008403217419981956,
        0.008453018963336945,
        0.008553995750844479,
        0.008664368651807308,
        0.008736718446016312,
        0.008767467923462391,
        0.008804132230579853,
        0.008824910037219524,
        0.008841779083013535,
        0.008854931220412254,
        0.008882468566298485,
        0.008861488662660122,
        0.010043873451650143,
        0.01007120031863451,
        0.010135902091860771,
        0.010179546661674976,
        0.010270345024764538,
        0.010367310605943203,
        0.010501382872462273
      ]
    },
    "2021": {
      "n_samples": 250,
      "entropy_mean": 2.975391387939453,
      "entropy_std": 0.007025929167866707,
      "attention_concentration": 0.05003735050559044,
      "top_features": [
        [
          "t-1",
          0.05254911631345749
        ],
        [
          "t-2",
          0.05220908299088478
        ],
        [
          "t-3",
          0.05186904966831207
        ],
        [
          "t-4",
          0.051541220396757126
        ],
        [
          "t-5",
          0.0512268990278244
        ]
      ],
      "mean_attention": [
        0.04813937842845917,
        0.048012446612119675,
        0.04810861870646477,
        0.04846379533410072,
        0.04876908287405968,
        0.0490226186811924,
        0.04922008886933327,
        0.049397993832826614,
        0.049570225179195404,
        0.04974561929702759,
        0.0499417819082737,
        0.050168395042419434,
        0.050418972969055176,
        0.050680503249168396,
        0.05094510689377785,
        0.0512268990278244,
        0.051541220396757126,
        0.05186904966831207,
        0.05220908299088478,
        0.05254911631345749
      ],
      "std_attention": [
        0.010278628207743168,
        0.01066618226468563,
        0.010639233514666557,
        0.010718977078795433,
        0.010769634507596493,
        0.010812674649059772,
        0.010852780193090439,
        0.010864080861210823,
        0.010882577858865261,
        0.010906662791967392,
        0.010961352847516537,
        0.011037206277251244,
        0.011128837242722511,
        0.011250363662838936,
        0.011343209072947502,
        0.011440047062933445,
        0.011605004779994488,
        0.011756385676562786,
        0.01197525393217802,
        0.012108497321605682
      ]
    },
    "2022": {
      "n_samples": 249,
      "entropy_mean": 2.9826343059539795,
      "entropy_std": 0.00567697174847126,
      "attention_concentration": 0.050045352429151535,
      "top_features": [
        [
          "t-1",
          0.052794698625802994
        ],
        [
          "t-2",
          0.05239587277173996
        ],
        [
          "t-3",
          0.05201296508312225
        ],
        [
          "t-4",
          0.05165591463446617
        ],
        [
          "t-5",
          0.05132433772087097
        ]
      ],
      "mean_attention": [
        0.047476865351200104,
        0.04760824888944626,
        0.04799366369843483,
        0.04846331477165222,
        0.04882487654685974,
        0.04907185211777687,
        0.049273531883955,
        0.04945354536175728,
        0.04962093010544777,
        0.04980677738785744,
        0.05001295730471611,
        0.05022769048810005,
        0.05046064406633377,
        0.05052228644490242,
        0.050999004393815994,
        0.05132433772087097,
        0.05165591463446617,
        0.05201296508312225,
        0.05239587277173996,
        0.052794698625802994
      ],
      "std_attention": [
        0.007854555733501911,
        0.008352178148925304,
        0.008475677110254765,
        0.008572746999561787,
        0.008618119172751904,
        0.008627461269497871,
        0.00861351191997528,
        0.008596288040280342,
        0.00857684388756752,
        0.00859916489571333,
        0.008624190464615822,
        0.008632085286080837,
        0.008658378385007381,
        0.008233514614403248,
        0.008835061453282833,
        0.008961607702076435,
        0.009104793891310692,
        0.009265146218240261,
        0.009448631666600704,
        0.009636687114834785
      ]
    },
    "2023": {
      "n_samples": 249,
      "entropy_mean": 2.9389803409576416,
      "entropy_std": 0.030450960621237755,
      "attention_concentration": 0.05000639334321022,
      "top_features": [
        [
          "t-1",
          0.051140859723091125
        ],
        [
          "t-2",
          0.051054999232292175
        ],
        [
          "t-3",
          0.05087265372276306
        ],
        [
          "t-4",
          0.05071675032377243
        ],
        [
          "t-5",
          0.05057098716497421
        ]
      ],
      "mean_attention": [
        0.04935862496495247,
        0.04914427548646927,
        0.049260180443525314,
        0.0494828037917614,
        0.04962863028049469,
        0.049713507294654846,
        0.04975676164031029,
        0.04977227374911308,
        0.04979763552546501,
        0.049845140427351,
        0.04988332465291023,
        0.049926042556762695,
        0.04999297484755516,
        0.050087906420230865,
        0.04999363794922829,
        0.05057098716497421,
        0.05071675032377243,
        0.05087265372276306,
        0.051054999232292175,
        0.051140859723091125
      ],
      "std_attention": [
        0.017946455627679825,
        0.01935397833585739,
        0.019489716738462448,
        0.019718043506145477,
        0.019860131666064262,
        0.01995067670941353,
        0.02002737857401371,
        0.020082730799913406,
        0.020127957686781883,
        0.020203467458486557,
        0.020244188606739044,
        0.020289519801735878,
        0.020360231399536133,
        0.020498434081673622,
        0.020406227558851242,
        0.021744489669799805,
        0.02187802642583847,
        0.02203270047903061,
        0.022289065644145012,
        0.021925412118434906
      ]
    },
    "2024": {
      "n_samples": 250,
      "entropy_mean": 2.933750867843628,
      "entropy_std": 0.027361568063497543,
      "attention_concentration": 0.050017163157463074,
      "top_features": [
        [
          "t-1",
          0.05159752815961838
        ],
        [
          "t-2",
          0.05137664079666138
        ],
        [
          "t-3",
          0.051147010177373886
        ],
        [
          "t-6",
          0.05108214169740677
        ],
        [
          "t-4",
          0.05095808953046799
        ]
      ],