{
  "period_statistics": {
    "2020": {
      "n_samples": 92,
      "entropy_mean": 2.953317165374756,
      "entropy_std": 0.04691868647933006,
      "attention_concentration": 0.05021306127309799,
      "top_features": [
        [
          "t-1",
          0.0541287437081337
        ],
        [
          "t-2",
          0.05354243889451027
        ],
        [
          "t-3",
          0.053001098334789276
        ],
        [
          "t-4",
          0.05260438472032547
        ],
        [
          "t-5",
          0.05229093134403229
        ]
      ],
      "mean_attention": [
        0.0400841049849987,
        0.04402041807770729,
        0.04638233408331871,
        0.04809172824025154,
        0.04901134595274925,
        0.04950735345482826,
        0.049827419221401215,
        0.050046589225530624,
        0.05032145977020264,
        0.05051019787788391,
        0.050712570548057556,
        0.05094880610704422,
        0.05119585990905762,
        0.051727134734392166,
        0.052045103162527084,
        0.05229093134403229,
        0.05260438472032547,
        0.053001098334789276,
        0.05354243889451027,
        0.0541287437081337
      ],
      "std_attention": [
        0.015032765455543995,
        0.014827261678874493,
        0.014494395814836025,
        0.014086676761507988,
        0.01371128112077713,
        0.01348024606704712,
        0.01329218689352274,
        0.013176679611206055,
        0.013227112591266632,
        0.01329890638589859,
        0.013423292897641659,
        0.013653387315571308,
        0.013942551799118519,
        0.014534048736095428,
        0.015042039565742016,
        0.01569424755871296,
        0.016690602526068687,
        0.018048863857984543,
        0.01996503211557865,
        0.022179575636982918
      ]
    },
    "2021": {
      "n_samples": 250,
      "entropy_mean": 2.940786600112915,
      "entropy_std": 0.07856467366218567,
      "attention_concentration": 0.05043625831604004,
      "top_features": [
        [
          "t-1",
          0.05674712359905243
        ],
        [
          "t-2",
          0.05572176352143288
        ],
        [
          "t-3",
          0.0547238253057003
        ],
        [
          "t-4",
          0.053812380880117416
        ],
        [
          "t-5",
          0.05313408002257347
        ]
      ],
      "mean_attention": [
        0.03623059019446373,
        0.04173815995454788,
        0.04495969042181969,
        0.04709938168525696,
        0.048385512083768845,
        0.049126770347356796,
        0.049542974680662155,
        0.049851808696985245,
        0.050157323479652405,
        0.05043860897421837,
        0.050787340849637985,
        0.05119626969099045,
        0.05171296373009682,
        0.05207754299044609,
        0.05255588889122009,
        0.05313408002257347,
        0.053812380880117416,
        0.0547238253057003,
        0.05572176352143288,
        0.05674712359905243
      ],
      "std_attention": [
        0.012167421169579029,
        0.015017116442322731,
        0.015714634209871292,
        0.01568700559437275,
        0.015575908124446869,
        0.01531838346272707,
        0.015188131481409073,
        0.01505622174590826,
        0.015102102421224117,
        0.015231233090162277,
        0.015455820597708225,
        0.01568913646042347,
        0.016078930348157883,
        0.01652119681239128,
        0.017126858234405518,
        0.018170643597841263,
        0.019340405240654945,
        0.02193657122552395,
        0.025161927565932274,
        0.028494497761130333
      ]
    },
    "2022": {
      "n_samples": 249,
      "entropy_mean": 2.9138526916503906,
      "entropy_std": 0.07118009030818939,
      "attention_concentration": 0.05096964165568352,
      "top_features": [
        [
          "t-1",
          0.06301910430192947
        ],
        [
          "t-2",
          0.060724686831235886
        ],
        [
          "t-3",
          0.05872521549463272
        ],
        [
          "t-4",
          0.056938402354717255
        ],
        [
          "t-5",
          0.05537310242652893
        ]
      ],
      "mean_attention": [
        0.032691191881895065,
        0.040146604180336,
        0.04350878670811653,
        0.045266520231962204,
        0.04613253101706505,
        0.046606164425611496,
        0.047114089131355286,
        0.0477168969810009,
        0.04826255887746811,
        0.04893892630934715,
        0.049777816981077194,
        0.05068712681531906,
        0.051630787551403046,
        0.05277593061327934,
        0.053963568061590195,
        0.05537310242652893,
        0.056938402354717255,
        0.05872521549463272,
        0.060724686831235886,
        0.06301910430192947
      ],
      "std_attention": [
        0.01758435182273388,
        0.02000797726213932,
        0.01963844522833824,
        0.018579967319965363,
        0.017443064600229263,
        0.016486147418618202,
        0.01582091487944126,
        0.015559420920908451,
        0.01533721387386322,
        0.015273816883563995,
        0.015542649663984776,
        0.01607966236770153,
        0.01670650951564312,
        0.017669154331088066,
        0.01875128597021103,
        0.020196296274662018,
        0.022328779101371765,
        0.025144340470433235,
        0.028410140424966812,
        0.032805126160383224
      ]
    },
    "2023": {
      "n_samples": 249,
      "entropy_mean": 2.9769678115844727,
      "entropy_std": 0.025584183633327484,
      "attention_concentration": 0.05011337995529175,
      "top_features": [
        [
          "t-14",
          0.05135523900389671
        ],
        [
          "t-15",
          0.051283884793519974
        ],
        [
          "t-13",
          0.05120847374200821
        ],
        [
          "t-1",
          0.0512017123401165
        ],
        [
          "t-12",
          0.05107662454247475
        ]
      ],
      "mean_attention": [
        0.041210342198610306,
        0.04566675424575806,
        0.048341210931539536,
        0.05004056915640831,
        0.0509103462100029,
        0.051283884793519974,
        0.05135523900389671,
        0.05120847374200821,
        0.05107662454247475,
        0.05097174644470215,
        0.05081891268491745,
        0.050684649497270584,
        0.05058552324771881,
        0.05054377764463425,
        0.0506289042532444,
        0.05067787691950798,
        0.05079958215355873,
        0.050926513969898224,
        0.051067378371953964,
        0.0512017123401165
      ],
      "std_attention": [
        0.008619695901870728,
        0.009467745199799538,
        0.009815214201807976,
        0.009746821597218513,
        0.009439347311854362,
        0.009111805818974972,
        0.008873962797224522,
        0.008545196615159512,
        0.00845467671751976,
        0.008466643281280994,
        0.008521514013409615,
        0.008639770559966564,
        0.008826014585793018,
        0.009064706042408943,
        0.009365289472043514,
        0.009817808866500854,
        0.010382530279457569,
        0.011096008121967316,
        0.012105422094464302,
        0.013200059533119202
      ]
    },
    "2024": {
      "n_samples": 250,
      "entropy_mean": 2.951951265335083,
      "entropy_std": 0.13443396985530853,
      "attention_concentration": 0.05016332119703293,
      "top_features": [
        [
          "t-1",
          0.05449933558702469
        ],
        [
          "t-2",
          0.05386674776673317
        ],
        [
          "t-3",
          0.05327820032835007
        ],
        [
          "t-4",
          0.052745845168828964
        ],
        [
          "t-5",
          0.052216749638319016
        ]
      ],