{
  "period_statistics": {
    "2020": {
      "n_samples": 92,
      "entropy_mean": 2.9447455406188965,
      "entropy_std": 0.04969806969165802,
      "attention_concentration": 0.05008687824010849,
      "top_features": [
        [
          "t-20",
          0.05746633931994438
        ],
        [
          "t-1",
          0.052200380712747574
        ],
        [
          "t-2",
          0.05162381753325462
        ],
        [
          "t-3",
          0.05109415203332901
        ],
        [
          "t-19",
          0.05100446194410324
        ]
      ],
      "mean_attention": [
        0.05746633931994438,
        0.05100446194410324,
        0.04906428977847099,
        0.048236649483442307,
        0.04803154245018959,
        0.048075396567583084,
        0.04829160496592522,
        0.04850785806775093,
        0.048774946480989456,
        0.048951443284749985,
        0.04913356155157089,
        0.049319520592689514,
        0.04953181743621826,
        0.0496520958840847,
        0.05001644045114517,
        0.05033490061759949,
        0.05068882182240486,
        0.05109415203332901,
        0.05162381753325462,
        0.052200380712747574
      ],
      "std_attention": [
        0.026282500475645065,
        0.02112475223839283,
        0.018107281997799873,
        0.01623152755200863,
        0.015100606717169285,
        0.014463995583355427,
        0.014199403114616871,
        0.014107534661889076,
        0.014032140374183655,
        0.014082787558436394,
        0.014152297750115395,
        0.014313410967588425,
        0.014526940882205963,
        0.014774780720472336,
        0.01508828904479742,
        0.015553385950624943,
        0.01624838076531887,
        0.01717316545546055,
        0.01855175942182541,
        0.02016541175544262
      ]
    },
    "2021": {
      "n_samples": 250,
      "entropy_mean": 2.9584569931030273,
      "entropy_std": 0.03297197073698044,
      "attention_concentration": 0.05008598417043686,
      "top_features": [
        [
          "t-20",
          0.053272660821676254
        ],
        [
          "t-1",
          0.05324801802635193
        ],
        [
          "t-2",
          0.052778035402297974
        ],
        [
          "t-3",
          0.05237114056944847
        ],
        [
          "t-4",
          0.051959000527858734
        ]
      ],
      "mean_attention": [
        0.053272660821676254,
        0.047942791134119034,
        0.046999573707580566,
        0.04689162224531174,
        0.04721098020672798,
        0.047669779509305954,
        0.048158615827560425,
        0.04863854870200157,
        0.049067795276641846,
        0.04948253557085991,
        0.04986650496721268,
        0.050231099128723145,
        0.05059286206960678,
        0.05083654075860977,
        0.051204536110162735,
        0.051577333360910416,
        0.051959000527858734,
        0.05237114056944847,
        0.052778035402297974,
        0.05324801802635193
      ],
      "std_attention": [
        0.015485631301999092,
        0.013771292753517628,
        0.013261159881949425,
        0.012960066087543964,
        0.012940581887960434,
        0.012891066260635853,
        0.01289012935012579,
        0.012942050583660603,
        0.01297419611364603,
        0.013035616837441921,
        0.013091702945530415,
        0.013132739812135696,
        0.013195858336985111,
        0.0134789003059268,
        0.013624242506921291,
        0.013823924586176872,
        0.013996167108416557,
        0.014312304556369781,
        0.01476013008505106,
        0.015475278720259666
      ]
    },
    "2022": {
      "n_samples": 249,
      "entropy_mean": 2.978079080581665,
      "entropy_std": 0.010086527094244957,
      "attention_concentration": 0.05020015314221382,
      "top_features": [
        [
          "t-1",
          0.055300015956163406
        ],
        [
          "t-2",
          0.054605334997177124
        ],
        [
          "t-20",
          0.05414716526865959
        ],
        [
          "t-3",
          0.053918756544589996
        ],
        [
          "t-4",
          0.05324462801218033
        ]
      ],
      "mean_attention": [
        0.05414716526865959,
        0.047580964863300323,
        0.045984432101249695,
        0.04557977616786957,
        0.04578152671456337,
        0.046256761997938156,
        0.04686035215854645,
        0.04752207174897194,
        0.04815999045968056,
        0.04879467561841011,
        0.04943544790148735,
        0.050075139850378036,
        0.050710055977106094,
        0.051489781588315964,
        0.05195891857147217,
        0.052594203501939774,
        0.05324462801218033,
        0.053918756544589996,
        0.054605334997177124,
        0.055300015956163406
      ],
      "std_attention": [
        0.010543715208768845,
        0.00871677603572607,
        0.008113029412925243,
        0.007830177433788776,
        0.00769101083278656,
        0.0076248119585216045,
        0.007605355232954025,
        0.007642504759132862,
        0.007704437244683504,
        0.0077671692706644535,
        0.00783701054751873,
        0.007925077341496944,
        0.008023600094020367,
        0.0077265361323952675,
        0.00816350243985653,
        0.008401384577155113,
        0.008706720545887947,
        0.00909636914730072,
        0.00956733152270317,
        0.01012116577476263
      ]
    },
    "2023": {
      "n_samples": 249,
      "entropy_mean": 2.984816312789917,
      "entropy_std": 0.004803845193237066,
      "attention_concentration": 0.05006098002195358,
      "top_features": [
        [
          "t-20",
          0.05414221063256264
        ],
        [
          "t-1",
          0.052338652312755585
        ],
        [
          "t-2",
          0.05206675082445145
        ],
        [
          "t-3",
          0.05177469551563263
        ],
        [
          "t-4",
          0.05147765204310417
        ]
      ],
      "mean_attention": [
        0.05414221063256264,
        0.04931769520044327,
        0.048085767775774,
        0.04766422510147095,
        0.047685656696558,
        0.04792673885822296,
        0.048255518078804016,
        0.04858770594000816,
        0.048940133303403854,
        0.04928652569651604,
        0.049609746783971786,
        0.049922917038202286,
        0.050230007618665695,
        0.050536416471004486,
        0.050971515476703644,
        0.05117953568696976,
        0.05147765204310417,
        0.05177469551563263,
        0.05206675082445145,
        0.052338652312755585
      ],
      "std_attention": [
        0.006795070134103298,
        0.0062829856760799885,
        0.006180226802825928,
        0.0061673372983932495,
        0.006195133086293936,
        0.006236101966351271,
        0.006274957209825516,
        0.0063049946911633015,
        0.006346536334604025,
        0.0063880812376737595,
        0.006426248233765364,
        0.006465115584433079,
        0.006507339887320995,
        0.006546044256538153,
        0.006259169429540634,
        0.006443515419960022,
        0.006480386480689049,
        0.006537032313644886,
        0.006591991055756807,
        0.006656626705080271
      ]
    },
    "2024": {
      "n_samples": 250,
      "entropy_mean": 2.988114356994629,
      "entropy_std": 0.0038846121169626713,
      "attention_concentration": 0.050030648708343506,
      "top_features": [
        [
          "t-20",
          0.053641028702259064
        ],
        [
          "t-1",
          0.05142314359545708
        ],
        [
          "t-2",
          0.05123835429549217
        ],
        [
          "t-3",
          0.05104171484708786
        ],
        [
          "t-4",
          0.05084335803985596
        ]
      ],