{
  "period_statistics": {
    "2020": {
      "n_samples": 92,
      "entropy_mean": 2.7592265605926514,
      "entropy_std": 0.1689518839120865,
      "attention_concentration": 0.06030752509832382,
      "top_features": [
        [
          "t-1",
          0.1022137999534607
        ],
        [
          "t-2",
          0.08995625376701355
        ],
        [
          "t-3",
          0.08012237399816513
        ],
        [
          "t-4",
          0.07238950580358505
        ],
        [
          "t-5",
          0.06617839634418488
        ]
      ],
      "mean_attention": [
        0.012892751954495907,
        0.019144240766763687,
        0.02488381415605545,
        0.02979397587478161,
        0.033631861209869385,
        0.03639475256204605,
        0.03853905573487282,
        0.04039683938026428,
        0.04238048940896988,
        0.04447685554623604,
        0.046828243881464005,
        0.04957623407244682,
        0.052713874727487564,
        0.05644473433494568,
        0.06104199215769768,
        0.06617839634418488,
        0.07238950580358505,
        0.08012237399816513,
        0.08995625376701355,
        0.1022137999534607
      ],
      "std_attention": [
        0.01093534380197525,
        0.01812327466905117,
        0.021907733753323555,
        0.023520348593592644,
        0.024019062519073486,
        0.023949479684233665,
        0.023596348240971565,
        0.0231761671602726,
        0.022806160151958466,
        0.022799508646130562,
        0.02278890646994114,
        0.023074205964803696,
        0.023487603291869164,
        0.024260422214865685,
        0.02547888457775116,
        0.02722933329641819,
        0.03065677545964718,
        0.03656947612762451,
        0.046543627977371216,
        0.061636414378881454
      ]
    },
    "2021": {
      "n_samples": 250,
      "entropy_mean": 2.667820930480957,
      "entropy_std": 0.28643158078193665,
      "attention_concentration": 0.06474673748016357,
      "top_features": [
        [
          "t-1",
          0.1049787849187851
        ],
        [
          "t-2",
          0.09555194526910782
        ],
        [
          "t-3",
          0.08748990297317505
        ],
        [
          "t-4",
          0.08069255203008652
        ],
        [
          "t-5",
          0.07492011785507202
        ]
      ],
      "mean_attention": [
        0.015788955613970757,
        0.017436547204852104,
        0.020405152812600136,
        0.022965839132666588,
        0.025252345949411392,
        0.02729593962430954,
        0.029339328408241272,
        0.03201701119542122,
        0.03562474623322487,
        0.04032287001609802,
        0.04604778438806534,
        0.05207599699497223,
        0.05829291790723801,
        0.06403478980064392,
        0.06946641206741333,
        0.07492011785507202,
        0.08069255203008652,
        0.08748990297317505,
        0.09555194526910782,
        0.1049787849187851
      ],
      "std_attention": [
        0.009390541352331638,
        0.014180971309542656,
        0.01838066428899765,
        0.020632850006222725,
        0.02223731018602848,
        0.023117385804653168,
        0.02352496236562729,
        0.024252332746982574,
        0.025083722546696663,
        0.02681104652583599,
        0.02952234260737896,
        0.03211899846792221,
        0.03494950383901596,
        0.037214767187833786,
        0.039379630237817764,
        0.04146885871887207,
        0.04399561136960983,
        0.05072968825697899,
        0.06550142914056778,
        0.08725044131278992
      ]
    },
    "2022": {
      "n_samples": 249,
      "entropy_mean": 2.5911240577697754,
      "entropy_std": 0.3190169632434845,
      "attention_concentration": 0.0689239501953125,
      "top_features": [
        [
          "t-1",
          0.12997184693813324
        ],
        [
          "t-2",
          0.1064092367887497
        ],
        [
          "t-3",
          0.08969180285930634
        ],
        [
          "t-4",
          0.07743456214666367
        ],
        [
          "t-5",
          0.06817447394132614
        ]
      ],
      "mean_attention": [
        0.007314564660191536,
        0.01233026571571827,
        0.01734353043138981,
        0.02240336500108242,
        0.027379896491765976,
        0.03164394572377205,
        0.03494134172797203,
        0.03746975585818291,
        0.03939443826675415,
        0.0413137786090374,
        0.04364136606454849,
        0.04662322625517845,
        0.050373341888189316,
        0.05521330237388611,
        0.06093192100524902,
        0.06817447394132614,
        0.07743456214666367,
        0.08969180285930634,
        0.1064092367887497,
        0.12997184693813324
      ],
      "std_attention": [
        0.009597597643733025,
        0.01536865346133709,
        0.019694508984684944,
        0.023069778457283974,
        0.025596430525183678,
        0.027408316731452942,
        0.028409762308001518,
        0.02879980579018593,
        0.02878604084253311,
        0.028468307107686996,
        0.0279533788561821,
        0.027845729142427444,
        0.02848229371011257,
        0.030026037245988846,
        0.03214038163423538,
        0.035053618252277374,
        0.040223706513643265,
        0.04961101710796356,
        0.06676985323429108,
        0.1011163592338562
      ]
    },
    "2023": {
      "n_samples": 249,
      "entropy_mean": 2.7681188583374023,
      "entropy_std": 0.1750190556049347,
      "attention_concentration": 0.06239975616335869,
      "top_features": [
        [
          "t-1",
          0.08732391893863678
        ],
        [
          "t-2",
          0.0845472663640976
        ],
        [
          "t-3",
          0.08183751255273819
        ],
        [
          "t-4",
          0.07903378456830978
        ],
        [
          "t-5",
          0.07597895711660385
        ]
      ],
      "mean_attention": [
        0.018605561926960945,
        0.01629873365163803,
        0.017085952684283257,
        0.018876222893595695,
        0.02172831818461418,
        0.025876959785819054,
        0.031022686511278152,
        0.03638516366481781,
        0.04186005890369415,
        0.04750470444560051,
        0.05310208350419998,
        0.05852670967578888,
        0.06359405070543289,
        0.06826558709144592,
        0.07254573702812195,
        0.07597895711660385,
        0.07903378456830978,
        0.08183751255273819,
        0.0845472663640976,
        0.08732391893863678
      ],
      "std_attention": [
        0.01219270471483469,
        0.00935457181185484,
        0.009291734546422958,
        0.010021398775279522,
        0.011389928869903088,
        0.013610637746751308,
        0.01628144644200802,
        0.018393633887171745,
        0.019827768206596375,
        0.02079649083316326,
        0.021630380302667618,
        0.022234061732888222,
        0.022716866806149483,
        0.023361165076494217,
        0.024246821179986,
        0.026166362687945366,
        0.028872400522232056,
        0.03301151469349861,
        0.04000962898135185,
        0.05063937231898308
      ]
    },
    "2024": {
      "n_samples": 250,
      "entropy_mean": 2.7564382553100586,
      "entropy_std": 0.2416418045759201,
      "attention_concentration": 0.05796944350004196,
      "top_features": [
        [
          "t-1",
          0.07943572103977203
        ],
        [
          "t-2",
          0.07578534632921219
        ],
        [
          "t-3",
          0.07348097860813141
        ],
        [
          "t-4",
          0.07159583270549774
        ],
        [
          "t-5",
          0.06966613978147507
        ]
      ],