
[INFO] Using AUTO device selection.

[INFO] Patched matplotlib.Axes.errorbar to abs() negative yerr for robustness.
======================================================================
Training TFT: 12_feature_ablation/market_only_weekly_7q_h1_s42
======================================================================
Logging to: experiments/12_feature_ablation/market_only_weekly_7q_h1_s42/training_20251212_161227.log
Started at: 2025-12-12 16:12:27
======================================================================

Loading data splits...
Train: 908 samples
Val: 195 samples
Test: 195 samples

Preparing TimeSeriesDataSet...

Final features for TFT: ['SP500_Returns', 'VIX', 'Treasury_10Y', 'Yield_Spread', 'SP500_Volatility']

======================================================================
FEATURE STATISTICS - BEFORE NORMALIZATION
======================================================================
VIX                             mean= 19.6699  std=  8.7549  min=  9.3400  max= 72.9160
Treasury_10Y                    mean=  3.3845  std=  1.1265  min=  1.3700  max=  5.5200
Yield_Spread                    mean=  1.5011  std=  0.8234  min= -0.1800  max=  2.9100
SP500_Volatility                mean=  1.0141  std=  0.6401  min=  0.2165  max=  4.8359

======================================================================
TARGET CONFIGURATION
======================================================================
Target variable: SP500_Returns
  Mode: Point return prediction (single-step)
  Target stats: mean=0.1043, std=2.3760
======================================================================

======================================================================
FEATURES AFTER GROUPNORMALIZER (first batch, last timestep)
======================================================================
VIX                             normalized_value=  1.0000
Treasury_10Y                    normalized_value= -0.0833
Yield_Spread                    normalized_value= -0.8418
SP500_Volatility                normalized_value=  1.2483
======================================================================

Configuration saved to: experiments/12_feature_ablation/market_only_weekly_7q_h1_s42/config.json
[DEBUG] VIX train values: [27.838  25.118  24.686  28.764  27.5725]
[DEBUG] VIX val values: [16.77  15.612 13.752 13.566 12.926]
Batches per epoch: 56
[DEBUG] Validation batches: 12
[DEBUG] Validation dataset size: 183
[DEBUG] Batch size: 16

Initializing model...

Quantile configuration: 7q
  Quantiles: [0.02, 0.1, 0.25, 0.5, 0.75, 0.9, 0.98]
  Output size: 7
  Median index: 3

Using standard QuantileLoss (no penalties)

[REGIME OUTPUT] Disabled (using baseline output layer)

[STALENESS ATTENTION] Disabled

================================================================================
BASELINE MODEL FEATURE CONFIGURATION (after from_dataset)
================================================================================
tft.hparams.time_varying_reals_encoder: ['relative_time_idx', 'VIX', 'Treasury_10Y', 'Yield_Spread', 'SP500_Volatility']
  Count: 5

tft.hparams.time_varying_reals_decoder: ['relative_time_idx']
  Count: 1

tft.hparams.x_reals (all reals passed to model): ['encoder_length', 'relative_time_idx', 'VIX', 'Treasury_10Y', 'Yield_Spread', 'SP500_Volatility']
  Count: 6

Encoder VSN configuration:
  num_inputs: 5
  input_sizes: {'relative_time_idx': 16, 'VIX': 16, 'Treasury_10Y': 16, 'Yield_Spread': 16, 'SP500_Volatility': 16}
  flattened_grn.fc1: in_features=80, out_features=5
  -> Params in fc1: 400 (should be 5*16*5=400 if 5 features)
================================================================================

Model parameters: 22,615

Starting training...
Checkpoints will be saved to: experiments/12_feature_ablation/market_only_weekly_7q_h1_s42/checkpoints/
Logs will be saved to: experiments/12_feature_ablation/market_only_weekly_7q_h1_s42/logs/

[DEBUG CollapseMonitor] on_validation_epoch_start called for epoch 0
[DEBUG CollapseMonitor] reset_temporal_state() called on loss function
Epoch 0: val_loss=N/A
[DEBUG CollapseMonitor] on_validation_epoch_start called for epoch 0
[DEBUG CollapseMonitor] reset_temporal_state() called on loss function
Epoch 0: val_loss=1.647940993309021
Epoch 0: train_loss=1.4982417821884155

[CollapseMonitor] Epoch 0
  [DEBUG] Processed 12 batches from val_dataloader
  [DEBUG] Predictions shape after concat: (183,)
  Pred std: 0.049345, range: 0.182958, mean: 0.206597
  Pos: 100.0%, Neg: 0.0%, Unique: 183
  Dir Acc: 60.11%, Pred Sharpe: 66.4625
  Composite: 0.4812 (dist_match: 0.6011, actual_pos: 60.1%, pred_pos: 100.0%)
  Collapse penalty: 0.000000 (threshold: 0.005000)
  Saved validation predictions to: experiments/12_feature_ablation/market_only_weekly_7q_h1_s42/collapse_monitoring/val_predictions_epoch0.npy
  Gradient norms:
    lstm_encoder: 0.023287
    lstm_decoder: 0.031648
    output_layer: 1.440134
  VSN output std:
    encoder: 0.200217
  Attention entropy: 2.477575
  Saved to: experiments/12_feature_ablation/market_only_weekly_7q_h1_s42/collapse_monitoring/collapse_monitor_latest.json
[DEBUG CollapseMonitor] on_validation_epoch_start called for epoch 1
[DEBUG CollapseMonitor] reset_temporal_state() called on loss function
Epoch 1: val_loss=1.493118405342102
Epoch 1: train_loss=1.3857457637786865

[CollapseMonitor] Epoch 1
  [DEBUG] Processed 12 batches from val_dataloader
  [DEBUG] Predictions shape after concat: (183,)
  Pred std: 0.049562, range: 0.208760, mean: 0.184361
  Pos: 100.0%, Neg: 0.0%, Unique: 183
  Dir Acc: 60.11%, Pred Sharpe: 59.0496
  Composite: 0.4812 (dist_match: 0.6011, actual_pos: 60.1%, pred_pos: 100.0%)
  Collapse penalty: 0.000000 (threshold: 0.005000)
  Saved validation predictions to: experiments/12_feature_ablation/market_only_weekly_7q_h1_s42/collapse_monitoring/val_predictions_epoch1.npy
  Gradient norms:
    lstm_encoder: 0.021529
    lstm_decoder: 0.027941
    output_layer: 1.295746
  VSN output std:
    encoder: 0.199889
  Attention entropy: 2.478527
  Saved to: experiments/12_feature_ablation/market_only_weekly_7q_h1_s42/collapse_monitoring/collapse_monitor_latest.json
[DEBUG CollapseMonitor] on_validation_epoch_start called for epoch 2
[DEBUG CollapseMonitor] reset_temporal_state() called on loss function
Epoch 2: val_loss=1.382248878479004
Epoch 2: train_loss=1.2580801248550415

[CollapseMonitor] Epoch 2
  [DEBUG] Processed 12 batches from val_dataloader
  [DEBUG] Predictions shape after concat: (183,)
  Pred std: 0.040129, range: 0.174877, mean: 0.113377
  Pos: 100.0%, Neg: 0.0%, Unique: 182
  Dir Acc: 60.11%, Pred Sharpe: 44.8510
  Composite: 0.4812 (dist_match: 0.6011, actual_pos: 60.1%, pred_pos: 100.0%)
  Collapse penalty: 0.000000 (threshold: 0.005000)
  Saved validation predictions to: experiments/12_feature_ablation/market_only_weekly_7q_h1_s42/collapse_monitoring/val_predictions_epoch2.npy
  Gradient norms:
    lstm_encoder: 0.019136
    lstm_decoder: 0.022301
    output_layer: 1.118183
  VSN output std:
    encoder: 0.200512
  Attention entropy: 2.478596
  Saved to: experiments/12_feature_ablation/market_only_weekly_7q_h1_s42/collapse_monitoring/collapse_monitor_latest.json
[DEBUG CollapseMonitor] on_validation_epoch_start called for epoch 3
[DEBUG CollapseMonitor] reset_temporal_state() called on loss function
Epoch 3: val_loss=1.280348777770996
Epoch 3: train_loss=1.1486295461654663

[CollapseMonitor] Epoch 3
  [DEBUG] Processed 12 batches from val_dataloader
  [DEBUG] Predictions shape after concat: (183,)
  Pred std: 0.033792, range: 0.138506, mean: 0.079937
  Pos: 100.0%, Neg: 0.0%, Unique: 183
  Dir Acc: 60.11%, Pred Sharpe: 37.5522
  Composite: 0.4812 (dist_match: 0.6011, actual_pos: 60.1%, pred_pos: 100.0%)
  Collapse penalty: 0.000000 (threshold: 0.005000)
  Saved validation predictions to: experiments/12_feature_ablation/market_only_weekly_7q_h1_s42/collapse_monitoring/val_predictions_epoch3.npy
  Gradient norms:
    lstm_encoder: 0.017297
    lstm_decoder: 0.018562
    output_layer: 0.862382
  VSN output std:
    encoder: 0.202560
  Attention entropy: 2.477536
  Saved to: experiments/12_feature_ablation/market_only_weekly_7q_h1_s42/collapse_monitoring/collapse_monitor_latest.json
[DEBUG CollapseMonitor] on_validation_epoch_start called for epoch 4
[DEBUG CollapseMonitor] reset_temporal_state() called on loss function
Epoch 4: val_loss=1.1995201110839844
Epoch 4: train_loss=1.0717628002166748

[CollapseMonitor] Epoch 4
  [DEBUG] Processed 12 batches from val_dataloader
  [DEBUG] Predictions shape after concat: (183,)
  Pred std: 0.032454, range: 0.126488, mean: 0.144852
  Pos: 100.0%, Neg: 0.0%, Unique: 183
  Dir Acc: 60.11%, Pred Sharpe: 70.8522
  Composite: 0.4812 (dist_match: 0.6011, actual_pos: 60.1%, pred_pos: 100.0%)
  Collapse penalty: 0.000000 (threshold: 0.005000)
  Saved validation predictions to: experiments/12_feature_ablation/market_only_weekly_7q_h1_s42/collapse_monitoring/val_predictions_epoch4.npy
  Gradient norms:
    lstm_encoder: 0.014701
    lstm_decoder: 0.013736
    output_layer: 0.643309
  VSN output std:
    encoder: 0.195928
  Attention entropy: 2.474413
  Saved to: experiments/12_feature_ablation/market_only_weekly_7q_h1_s42/collapse_monitoring/collapse_monitor_latest.json
[DEBUG CollapseMonitor] on_validation_epoch_start called for epoch 5
[DEBUG CollapseMonitor] reset_temporal_state() called on loss function
Epoch 5: val_loss=1.1628162860870361
Epoch 5: train_loss=1.0248924493789673

[CollapseMonitor] Epoch 5
  [DEBUG] Processed 12 batches from val_dataloader
  [DEBUG] Predictions shape after concat: (183,)
  Pred std: 0.031472, range: 0.132238, mean: 0.150639
  Pos: 100.0%, Neg: 0.0%, Unique: 183
  Dir Acc: 60.11%, Pred Sharpe: 75.9815
  Composite: 0.4812 (dist_match: 0.6011, actual_pos: 60.1%, pred_pos: 100.0%)
  Collapse penalty: 0.000000 (threshold: 0.005000)
  Saved validation predictions to: experiments/12_feature_ablation/market_only_weekly_7q_h1_s42/collapse_monitoring/val_predictions_epoch5.npy
  Gradient norms:
    lstm_encoder: 0.013218
    lstm_decoder: 0.013143
    output_layer: 0.552721
  VSN output std:
    encoder: 0.193629
  Attention entropy: 2.472254
  Saved to: experiments/12_feature_ablation/market_only_weekly_7q_h1_s42/collapse_monitoring/collapse_monitor_latest.json
[DEBUG CollapseMonitor] on_validation_epoch_start called for epoch 6
[DEBUG CollapseMonitor] reset_temporal_state() called on loss function
Epoch 6: val_loss=1.1400675773620605
Epoch 6: train_loss=1.00150728225708

[CollapseMonitor] Epoch 6
  [DEBUG] Processed 12 batches from val_dataloader
  [DEBUG] Predictions shape after concat: (183,)
  Pred std: 0.029513, range: 0.130258, mean: 0.219034
  Pos: 100.0%, Neg: 0.0%, Unique: 183
  Dir Acc: 60.11%, Pred Sharpe: 117.8149
  Composite: 0.4812 (dist_match: 0.6011, actual_pos: 60.1%, pred_pos: 100.0%)
  Collapse penalty: 0.000000 (threshold: 0.005000)
  Saved validation predictions to: experiments/12_feature_ablation/market_only_weekly_7q_h1_s42/collapse_monitoring/val_predictions_epoch6.npy
  Gradient norms:
    lstm_encoder: 0.011637
    lstm_decoder: 0.011541
    output_layer: 0.436765
  VSN output std:
    encoder: 0.188359
  Attention entropy: 2.471257
  Saved to: experiments/12_feature_ablation/market_only_weekly_7q_h1_s42/collapse_monitoring/collapse_monitor_latest.json
[DEBUG CollapseMonitor] on_validation_epoch_start called for epoch 7
[DEBUG CollapseMonitor] reset_temporal_state() called on loss function
Epoch 7: val_loss=1.1235616207122803
Epoch 7: train_loss=0.9962278008460999

[CollapseMonitor] Epoch 7
  [DEBUG] Processed 12 batches from val_dataloader
  [DEBUG] Predictions shape after concat: (183,)
  Pred std: 0.027222, range: 0.121533, mean: 0.193680
  Pos: 100.0%, Neg: 0.0%, Unique: 183
  Dir Acc: 60.11%, Pred Sharpe: 112.9451
  Composite: 0.4812 (dist_match: 0.6011, actual_pos: 60.1%, pred_pos: 100.0%)
  Collapse penalty: 0.000000 (threshold: 0.005000)
  Saved validation predictions to: experiments/12_feature_ablation/market_only_weekly_7q_h1_s42/collapse_monitoring/val_predictions_epoch7.npy
  Gradient norms:
    lstm_encoder: 0.011660
    lstm_decoder: 0.012039
    output_layer: 0.440192
  VSN output std:
    encoder: 0.185383
  Attention entropy: 2.470584
  Saved to: experiments/12_feature_ablation/market_only_weekly_7q_h1_s42/collapse_monitoring/collapse_monitor_latest.json
[DEBUG CollapseMonitor] on_validation_epoch_start called for epoch 8
[DEBUG CollapseMonitor] reset_temporal_state() called on loss function
Epoch 8: val_loss=1.1181875467300415
Epoch 8: train_loss=0.9842305183410645

[CollapseMonitor] Epoch 8
  [DEBUG] Processed 12 batches from val_dataloader
  [DEBUG] Predictions shape after concat: (183,)
  Pred std: 0.027537, range: 0.122447, mean: 0.193053
  Pos: 100.0%, Neg: 0.0%, Unique: 183
  Dir Acc: 60.11%, Pred Sharpe: 111.2900
  Composite: 0.4812 (dist_match: 0.6011, actual_pos: 60.1%, pred_pos: 100.0%)
  Collapse penalty: 0.000000 (threshold: 0.005000)
  Saved validation predictions to: experiments/12_feature_ablation/market_only_weekly_7q_h1_s42/collapse_monitoring/val_predictions_epoch8.npy
  Gradient norms:
    lstm_encoder: 0.011591
    lstm_decoder: 0.011872
    output_layer: 0.439685
  VSN output std:
    encoder: 0.184285
  Attention entropy: 2.470647
  Saved to: experiments/12_feature_ablation/market_only_weekly_7q_h1_s42/collapse_monitoring/collapse_monitor_latest.json
[DEBUG CollapseMonitor] on_validation_epoch_start called for epoch 9
[DEBUG CollapseMonitor] reset_temporal_state() called on loss function
Epoch 9: val_loss=1.1117876768112183
Epoch 9: train_loss=0.9799647927284241

[CollapseMonitor] Epoch 9
  [DEBUG] Processed 12 batches from val_dataloader
  [DEBUG] Predictions shape after concat: (183,)
  Pred std: 0.026343, range: 0.120288, mean: 0.232813
  Pos: 100.0%, Neg: 0.0%, Unique: 183
  Dir Acc: 60.11%, Pred Sharpe: 140.2926
  Composite: 0.4812 (dist_match: 0.6011, actual_pos: 60.1%, pred_pos: 100.0%)
  Collapse penalty: 0.000000 (threshold: 0.005000)
  Saved validation predictions to: experiments/12_feature_ablation/market_only_weekly_7q_h1_s42/collapse_monitoring/val_predictions_epoch9.npy
  Gradient norms:
    lstm_encoder: 0.011397
    lstm_decoder: 0.011432
    output_layer: 0.408382
  VSN output std:
    encoder: 0.184990
  Attention entropy: 2.471295
  Saved to: experiments/12_feature_ablation/market_only_weekly_7q_h1_s42/collapse_monitoring/collapse_monitor_latest.json
[DEBUG CollapseMonitor] on_validation_epoch_start called for epoch 10
[DEBUG CollapseMonitor] reset_temporal_state() called on loss function
Epoch 10: val_loss=1.1070008277893066
Epoch 10: train_loss=0.9735599756240845

[CollapseMonitor] Epoch 10
  [DEBUG] Processed 12 batches from val_dataloader
  [DEBUG] Predictions shape after concat: (183,)
  Pred std: 0.023525, range: 0.111618, mean: 0.235708
  Pos: 100.0%, Neg: 0.0%, Unique: 181
  Dir Acc: 60.11%, Pred Sharpe: 159.0562
  Composite: 0.4812 (dist_match: 0.6011, actual_pos: 60.1%, pred_pos: 100.0%)
  Collapse penalty: 0.000000 (threshold: 0.005000)
  Saved validation predictions to: experiments/12_feature_ablation/market_only_weekly_7q_h1_s42/collapse_monitoring/val_predictions_epoch10.npy
  Gradient norms:
    lstm_encoder: 0.010764
    lstm_decoder: 0.010895
    output_layer: 0.419108
  VSN output std:
    encoder: 0.181445
  Attention entropy: 2.469171
  Saved to: experiments/12_feature_ablation/market_only_weekly_7q_h1_s42/collapse_monitoring/collapse_monitor_latest.json
[DEBUG CollapseMonitor] on_validation_epoch_start called for epoch 11
[DEBUG CollapseMonitor] reset_temporal_state() called on loss function
Epoch 11: val_loss=1.104641079902649
Epoch 11: train_loss=0.973091185092926

[CollapseMonitor] Epoch 11
  [DEBUG] Processed 12 batches from val_dataloader
  [DEBUG] Predictions shape after concat: (183,)
  Pred std: 0.022619, range: 0.105127, mean: 0.218245
  Pos: 100.0%, Neg: 0.0%, Unique: 183
  Dir Acc: 60.11%, Pred Sharpe: 153.1711
  Composite: 0.4812 (dist_match: 0.6011, actual_pos: 60.1%, pred_pos: 100.0%)
  Collapse penalty: 0.000000 (threshold: 0.005000)
  Saved validation predictions to: experiments/12_feature_ablation/market_only_weekly_7q_h1_s42/collapse_monitoring/val_predictions_epoch11.npy
  Gradient norms:
    lstm_encoder: 0.010582
    lstm_decoder: 0.010590
    output_layer: 0.383961
  VSN output std:
    encoder: 0.180834
  Attention entropy: 2.468679
  Saved to: experiments/12_feature_ablation/market_only_weekly_7q_h1_s42/collapse_monitoring/collapse_monitor_latest.json
[DEBUG CollapseMonitor] on_validation_epoch_start called for epoch 12
[DEBUG CollapseMonitor] reset_temporal_state() called on loss function
Epoch 12: val_loss=1.1044743061065674
Epoch 12: train_loss=0.9642608761787415

[CollapseMonitor] Epoch 12
  [DEBUG] Processed 12 batches from val_dataloader
  [DEBUG] Predictions shape after concat: (183,)
  Pred std: 0.021109, range: 0.095491, mean: 0.164803
  Pos: 100.0%, Neg: 0.0%, Unique: 183
  Dir Acc: 60.11%, Pred Sharpe: 123.9389
  Composite: 0.4812 (dist_match: 0.6011, actual_pos: 60.1%, pred_pos: 100.0%)
  Collapse penalty: 0.000000 (threshold: 0.005000)
  Saved validation predictions to: experiments/12_feature_ablation/market_only_weekly_7q_h1_s42/collapse_monitoring/val_predictions_epoch12.npy
  Gradient norms:
    lstm_encoder: 0.010364
    lstm_decoder: 0.010165
    output_layer: 0.367554
  VSN output std:
    encoder: 0.179685
  Attention entropy: 2.466009
  Saved to: experiments/12_feature_ablation/market_only_weekly_7q_h1_s42/collapse_monitoring/collapse_monitor_latest.json
[DEBUG CollapseMonitor] on_validation_epoch_start called for epoch 13
[DEBUG CollapseMonitor] reset_temporal_state() called on loss function
Epoch 13: val_loss=1.1006207466125488
Epoch 13: train_loss=0.9663161635398865

[CollapseMonitor] Epoch 13
  [DEBUG] Processed 12 batches from val_dataloader
  [DEBUG] Predictions shape after concat: (183,)
  Pred std: 0.019246, range: 0.091823, mean: 0.267458
  Pos: 100.0%, Neg: 0.0%, Unique: 183
  Dir Acc: 60.11%, Pred Sharpe: 220.6032
  Composite: 0.4812 (dist_match: 0.6011, actual_pos: 60.1%, pred_pos: 100.0%)
  Collapse penalty: 0.000000 (threshold: 0.005000)
  Saved validation predictions to: experiments/12_feature_ablation/market_only_weekly_7q_h1_s42/collapse_monitoring/val_predictions_epoch13.npy
  Gradient norms:
    lstm_encoder: 0.010742
    lstm_decoder: 0.010302
    output_layer: 0.377662
  VSN output std:
    encoder: 0.178505
  Attention entropy: 2.463644
  Saved to: experiments/12_feature_ablation/market_only_weekly_7q_h1_s42/collapse_monitoring/collapse_monitor_latest.json
[DEBUG CollapseMonitor] on_validation_epoch_start called for epoch 14
[DEBUG CollapseMonitor] reset_temporal_state() called on loss function
Epoch 14: val_loss=1.099051833152771
Epoch 14: train_loss=0.9637276530265808

[CollapseMonitor] Epoch 14
  [DEBUG] Processed 12 batches from val_dataloader
  [DEBUG] Predictions shape after concat: (183,)
  Pred std: 0.017944, range: 0.085642, mean: 0.251095
  Pos: 100.0%, Neg: 0.0%, Unique: 182
  Dir Acc: 60.11%, Pred Sharpe: 222.1407
  Composite: 0.4812 (dist_match: 0.6011, actual_pos: 60.1%, pred_pos: 100.0%)
  Collapse penalty: 0.000000 (threshold: 0.005000)
  Saved validation predictions to: experiments/12_feature_ablation/market_only_weekly_7q_h1_s42/collapse_monitoring/val_predictions_epoch14.npy
  Gradient norms:
    lstm_encoder: 0.011319
    lstm_decoder: 0.010585
    output_layer: 0.372127
  VSN output std:
    encoder: 0.178935
  Attention entropy: 2.460422
  Saved to: experiments/12_feature_ablation/market_only_weekly_7q_h1_s42/collapse_monitoring/collapse_monitor_latest.json
[DEBUG CollapseMonitor] on_validation_epoch_start called for epoch 15
[DEBUG CollapseMonitor] reset_temporal_state() called on loss function
Epoch 15: val_loss=1.0982646942138672
Epoch 15: train_loss=0.9627857804298401

[CollapseMonitor] Epoch 15
  [DEBUG] Processed 12 batches from val_dataloader
  [DEBUG] Predictions shape after concat: (183,)
  Pred std: 0.016919, range: 0.083532, mean: 0.180140
  Pos: 100.0%, Neg: 0.0%, Unique: 183
  Dir Acc: 60.11%, Pred Sharpe: 169.0167
  Composite: 0.4812 (dist_match: 0.6011, actual_pos: 60.1%, pred_pos: 100.0%)
  Collapse penalty: 0.000000 (threshold: 0.005000)
  Saved validation predictions to: experiments/12_feature_ablation/market_only_weekly_7q_h1_s42/collapse_monitoring/val_predictions_epoch15.npy
  Gradient norms:
    lstm_encoder: 0.011456
    lstm_decoder: 0.010818
    output_layer: 0.379751
  VSN output std:
    encoder: 0.180661
  Attention entropy: 2.449564
  Saved to: experiments/12_feature_ablation/market_only_weekly_7q_h1_s42/collapse_monitoring/collapse_monitor_latest.json
[DEBUG CollapseMonitor] on_validation_epoch_start called for epoch 16
[DEBUG CollapseMonitor] reset_temporal_state() called on loss function
Epoch 16: val_loss=1.0959105491638184
Epoch 16: train_loss=0.960516095161438

[CollapseMonitor] Epoch 16
  [DEBUG] Processed 12 batches from val_dataloader
  [DEBUG] Predictions shape after concat: (183,)
  Pred std: 0.016213, range: 0.087642, mean: 0.216342
  Pos: 100.0%, Neg: 0.0%, Unique: 182
  Dir Acc: 60.11%, Pred Sharpe: 211.8255
  Composite: 0.4812 (dist_match: 0.6011, actual_pos: 60.1%, pred_pos: 100.0%)
  Collapse penalty: 0.000000 (threshold: 0.005000)
  Saved validation predictions to: experiments/12_feature_ablation/market_only_weekly_7q_h1_s42/collapse_monitoring/val_predictions_epoch16.npy
  Gradient norms:
    lstm_encoder: 0.012953
    lstm_decoder: 0.011959
    output_layer: 0.383651
  VSN output std:
    encoder: 0.181818
  Attention entropy: 2.442924
  Saved to: experiments/12_feature_ablation/market_only_weekly_7q_h1_s42/collapse_monitoring/collapse_monitor_latest.json
[DEBUG CollapseMonitor] on_validation_epoch_start called for epoch 17
[DEBUG CollapseMonitor] reset_temporal_state() called on loss function
Epoch 17: val_loss=1.0948954820632935
Epoch 17: train_loss=0.9590815305709839

[CollapseMonitor] Epoch 17
  [DEBUG] Processed 12 batches from val_dataloader
  [DEBUG] Predictions shape after concat: (183,)
  Pred std: 0.017286, range: 0.090058, mean: 0.234492
  Pos: 100.0%, Neg: 0.0%, Unique: 183
  Dir Acc: 60.11%, Pred Sharpe: 215.3477
  Composite: 0.4812 (dist_match: 0.6011, actual_pos: 60.1%, pred_pos: 100.0%)
  Collapse penalty: 0.000000 (threshold: 0.005000)
  Saved validation predictions to: experiments/12_feature_ablation/market_only_weekly_7q_h1_s42/collapse_monitoring/val_predictions_epoch17.npy
  Gradient norms:
    lstm_encoder: 0.013381
    lstm_decoder: 0.011696
    output_layer: 0.379431
  VSN output std:
    encoder: 0.182242
  Attention entropy: 2.429026
  Saved to: experiments/12_feature_ablation/market_only_weekly_7q_h1_s42/collapse_monitoring/collapse_monitor_latest.json
[DEBUG CollapseMonitor] on_validation_epoch_start called for epoch 18
[DEBUG CollapseMonitor] reset_temporal_state() called on loss function
Epoch 18: val_loss=1.0911957025527954
Epoch 18: train_loss=0.9537139534950256

[CollapseMonitor] Epoch 18
  [DEBUG] Processed 12 batches from val_dataloader
  [DEBUG] Predictions shape after concat: (183,)
  Pred std: 0.021903, range: 0.107776, mean: 0.269880
  Pos: 100.0%, Neg: 0.0%, Unique: 182
  Dir Acc: 60.11%, Pred Sharpe: 195.6019
  Composite: 0.4812 (dist_match: 0.6011, actual_pos: 60.1%, pred_pos: 100.0%)
  Collapse penalty: 0.000000 (threshold: 0.005000)
  Saved validation predictions to: experiments/12_feature_ablation/market_only_weekly_7q_h1_s42/collapse_monitoring/val_predictions_epoch18.npy
  Gradient norms:
    lstm_encoder: 0.014207
    lstm_decoder: 0.012373
    output_layer: 0.395474
  VSN output std:
    encoder: 0.181744
  Attention entropy: 2.418433
  Saved to: experiments/12_feature_ablation/market_only_weekly_7q_h1_s42/collapse_monitoring/collapse_monitor_latest.json
[DEBUG CollapseMonitor] on_validation_epoch_start called for epoch 19
[DEBUG CollapseMonitor] reset_temporal_state() called on loss function
Epoch 19: val_loss=1.0871336460113525
Epoch 19: train_loss=0.9542457461357117

[CollapseMonitor] Epoch 19
  [DEBUG] Processed 12 batches from val_dataloader
  [DEBUG] Predictions shape after concat: (183,)
  Pred std: 0.027640, range: 0.136108, mean: 0.253751
  Pos: 100.0%, Neg: 0.0%, Unique: 182
  Dir Acc: 60.11%, Pred Sharpe: 145.7390
  Composite: 0.4812 (dist_match: 0.6011, actual_pos: 60.1%, pred_pos: 100.0%)
  Collapse penalty: 0.000000 (threshold: 0.005000)
  Saved validation predictions to: experiments/12_feature_ablation/market_only_weekly_7q_h1_s42/collapse_monitoring/val_predictions_epoch19.npy
  Gradient norms:
    lstm_encoder: 0.014955
    lstm_decoder: 0.012197
    output_layer: 0.354915
  VSN output std:
    encoder: 0.181540
  Attention entropy: 2.417580
  Saved to: experiments/12_feature_ablation/market_only_weekly_7q_h1_s42/collapse_monitoring/collapse_monitor_latest.json
[DEBUG CollapseMonitor] on_validation_epoch_start called for epoch 20
[DEBUG CollapseMonitor] reset_temporal_state() called on loss function
Epoch 20: val_loss=1.082919955253601
Epoch 20: train_loss=0.9497092962265015

[CollapseMonitor] Epoch 20
  [DEBUG] Processed 12 batches from val_dataloader
  [DEBUG] Predictions shape after concat: (183,)
  Pred std: 0.033847, range: 0.149071, mean: 0.278488
  Pos: 100.0%, Neg: 0.0%, Unique: 183
  Dir Acc: 60.11%, Pred Sharpe: 130.6131
  Composite: 0.4812 (dist_match: 0.6011, actual_pos: 60.1%, pred_pos: 100.0%)
  Collapse penalty: 0.000000 (threshold: 0.005000)
  Saved validation predictions to: experiments/12_feature_ablation/market_only_weekly_7q_h1_s42/collapse_monitoring/val_predictions_epoch20.npy
  Gradient norms:
    lstm_encoder: 0.016271
    lstm_decoder: 0.013917
    output_layer: 0.400968
  VSN output std:
    encoder: 0.182335
  Attention entropy: 2.412717
  Saved to: experiments/12_feature_ablation/market_only_weekly_7q_h1_s42/collapse_monitoring/collapse_monitor_latest.json
[DEBUG CollapseMonitor] on_validation_epoch_start called for epoch 21
[DEBUG CollapseMonitor] reset_temporal_state() called on loss function
Epoch 21: val_loss=1.0806770324707031
Epoch 21: train_loss=0.9467312097549438

[CollapseMonitor] Epoch 21
  [DEBUG] Processed 12 batches from val_dataloader
  [DEBUG] Predictions shape after concat: (183,)
  Pred std: 0.035849, range: 0.165742, mean: 0.314306
  Pos: 100.0%, Neg: 0.0%, Unique: 183
  Dir Acc: 60.11%, Pred Sharpe: 139.1778
  Composite: 0.4812 (dist_match: 0.6011, actual_pos: 60.1%, pred_pos: 100.0%)
  Collapse penalty: 0.000000 (threshold: 0.005000)
  Saved validation predictions to: experiments/12_feature_ablation/market_only_weekly_7q_h1_s42/collapse_monitoring/val_predictions_epoch21.npy
  Gradient norms:
    lstm_encoder: 0.016220
    lstm_decoder: 0.013274
    output_layer: 0.368207
  VSN output std:
    encoder: 0.182867
  Attention entropy: 2.392494
  Saved to: experiments/12_feature_ablation/market_only_weekly_7q_h1_s42/collapse_monitoring/collapse_monitor_latest.json
[DEBUG CollapseMonitor] on_validation_epoch_start called for epoch 22
[DEBUG CollapseMonitor] reset_temporal_state() called on loss function
Epoch 22: val_loss=1.0786961317062378
Epoch 22: train_loss=0.9419398307800293

[CollapseMonitor] Epoch 22
  [DEBUG] Processed 12 batches from val_dataloader
  [DEBUG] Predictions shape after concat: (183,)
  Pred std: 0.046717, range: 0.236062, mean: 0.291415
  Pos: 100.0%, Neg: 0.0%, Unique: 183
  Dir Acc: 60.11%, Pred Sharpe: 99.0234
  Composite: 0.4812 (dist_match: 0.6011, actual_pos: 60.1%, pred_pos: 100.0%)
  Collapse penalty: 0.000000 (threshold: 0.005000)
  Saved validation predictions to: experiments/12_feature_ablation/market_only_weekly_7q_h1_s42/collapse_monitoring/val_predictions_epoch22.npy
  Gradient norms:
    lstm_encoder: 0.018153
    lstm_decoder: 0.014676
    output_layer: 0.404548
  VSN output std:
    encoder: 0.181150
  Attention entropy: 2.400396
  Saved to: experiments/12_feature_ablation/market_only_weekly_7q_h1_s42/collapse_monitoring/collapse_monitor_latest.json
[DEBUG CollapseMonitor] on_validation_epoch_start called for epoch 23
[DEBUG CollapseMonitor] reset_temporal_state() called on loss function
Epoch 23: val_loss=1.0747910737991333
Epoch 23: train_loss=0.9399437308311462

[CollapseMonitor] Epoch 23
  [DEBUG] Processed 12 batches from val_dataloader
  [DEBUG] Predictions shape after concat: (183,)
  Pred std: 0.048319, range: 0.244063, mean: 0.278049
  Pos: 100.0%, Neg: 0.0%, Unique: 182
  Dir Acc: 60.11%, Pred Sharpe: 91.3486
  Composite: 0.4812 (dist_match: 0.6011, actual_pos: 60.1%, pred_pos: 100.0%)
  Collapse penalty: 0.000000 (threshold: 0.005000)
  Saved validation predictions to: experiments/12_feature_ablation/market_only_weekly_7q_h1_s42/collapse_monitoring/val_predictions_epoch23.npy
  Gradient norms:
    lstm_encoder: 0.017994
    lstm_decoder: 0.014861
    output_layer: 0.410541
  VSN output std:
    encoder: 0.182576
  Attention entropy: 2.387347
  Saved to: experiments/12_feature_ablation/market_only_weekly_7q_h1_s42/collapse_monitoring/collapse_monitor_latest.json
[DEBUG CollapseMonitor] on_validation_epoch_start called for epoch 24
[DEBUG CollapseMonitor] reset_temporal_state() called on loss function
Epoch 24: val_loss=1.0762560367584229
Epoch 24: train_loss=0.9359091520309448

[CollapseMonitor] Epoch 24
  [DEBUG] Processed 12 batches from val_dataloader
  [DEBUG] Predictions shape after concat: (183,)
  Pred std: 0.053335, range: 0.295052, mean: 0.313144
  Pos: 100.0%, Neg: 0.0%, Unique: 183
  Dir Acc: 60.11%, Pred Sharpe: 93.2037
  Composite: 0.4812 (dist_match: 0.6011, actual_pos: 60.1%, pred_pos: 100.0%)
  Collapse penalty: 0.000000 (threshold: 0.005000)
  Saved validation predictions to: experiments/12_feature_ablation/market_only_weekly_7q_h1_s42/collapse_monitoring/val_predictions_epoch24.npy
  Gradient norms:
    lstm_encoder: 0.018482
    lstm_decoder: 0.014764
    output_layer: 0.411026
  VSN output std:
    encoder: 0.181439
  Attention entropy: 2.398566
  Saved to: experiments/12_feature_ablation/market_only_weekly_7q_h1_s42/collapse_monitoring/collapse_monitor_latest.json
[DEBUG CollapseMonitor] on_validation_epoch_start called for epoch 25
[DEBUG CollapseMonitor] reset_temporal_state() called on loss function
Epoch 25: val_loss=1.0704221725463867
Epoch 25: train_loss=0.9350641965866089

[CollapseMonitor] Epoch 25
  [DEBUG] Processed 12 batches from val_dataloader
  [DEBUG] Predictions shape after concat: (183,)
  Pred std: 0.071711, range: 0.357806, mean: 0.285840
  Pos: 100.0%, Neg: 0.0%, Unique: 183
  Dir Acc: 60.11%, Pred Sharpe: 63.2755
  Composite: 0.4812 (dist_match: 0.6011, actual_pos: 60.1%, pred_pos: 100.0%)
  Collapse penalty: 0.000000 (threshold: 0.005000)
  Saved validation predictions to: experiments/12_feature_ablation/market_only_weekly_7q_h1_s42/collapse_monitoring/val_predictions_epoch25.npy
  Gradient norms:
    lstm_encoder: 0.020058
    lstm_decoder: 0.015856
    output_layer: 0.433958
  VSN output std:
    encoder: 0.181120
  Attention entropy: 2.371070
  Saved to: experiments/12_feature_ablation/market_only_weekly_7q_h1_s42/collapse_monitoring/collapse_monitor_latest.json
[DEBUG CollapseMonitor] on_validation_epoch_start called for epoch 26
[DEBUG CollapseMonitor] reset_temporal_state() called on loss function
Epoch 26: val_loss=1.070281982421875
Epoch 26: train_loss=0.9345336556434631

[CollapseMonitor] Epoch 26
  [DEBUG] Processed 12 batches from val_dataloader
  [DEBUG] Predictions shape after concat: (183,)
  Pred std: 0.071292, range: 0.371439, mean: 0.307208
  Pos: 100.0%, Neg: 0.0%, Unique: 183
  Dir Acc: 60.11%, Pred Sharpe: 68.4058
  Composite: 0.4812 (dist_match: 0.6011, actual_pos: 60.1%, pred_pos: 100.0%)
  Collapse penalty: 0.000000 (threshold: 0.005000)
  Saved validation predictions to: experiments/12_feature_ablation/market_only_weekly_7q_h1_s42/collapse_monitoring/val_predictions_epoch26.npy
  Gradient norms:
    lstm_encoder: 0.019224
    lstm_decoder: 0.015065
    output_layer: 0.383527
  VSN output std:
    encoder: 0.180765
  Attention entropy: 2.372670
  Saved to: experiments/12_feature_ablation/market_only_weekly_7q_h1_s42/collapse_monitoring/collapse_monitor_latest.json
[DEBUG CollapseMonitor] on_validation_epoch_start called for epoch 27
[DEBUG CollapseMonitor] reset_temporal_state() called on loss function
Epoch 27: val_loss=1.0715185403823853
Epoch 27: train_loss=0.9313979148864746

[CollapseMonitor] Epoch 27
  [DEBUG] Processed 12 batches from val_dataloader
  [DEBUG] Predictions shape after concat: (183,)
  Pred std: 0.076781, range: 0.403406, mean: 0.322356
  Pos: 100.0%, Neg: 0.0%, Unique: 183
  Dir Acc: 60.11%, Pred Sharpe: 66.6474
  Composite: 0.4812 (dist_match: 0.6011, actual_pos: 60.1%, pred_pos: 100.0%)
  Collapse penalty: 0.000000 (threshold: 0.005000)
  Saved validation predictions to: experiments/12_feature_ablation/market_only_weekly_7q_h1_s42/collapse_monitoring/val_predictions_epoch27.npy
  Gradient norms:
    lstm_encoder: 0.020642
    lstm_decoder: 0.016134
    output_layer: 0.386545
  VSN output std:
    encoder: 0.181643
  Attention entropy: 2.371382
  Saved to: experiments/12_feature_ablation/market_only_weekly_7q_h1_s42/collapse_monitoring/collapse_monitor_latest.json
[DEBUG CollapseMonitor] on_validation_epoch_start called for epoch 28
[DEBUG CollapseMonitor] reset_temporal_state() called on loss function
Epoch 28: val_loss=1.0719270706176758
Epoch 28: train_loss=0.9300296902656555

[CollapseMonitor] Epoch 28
  [DEBUG] Processed 12 batches from val_dataloader
  [DEBUG] Predictions shape after concat: (183,)
  Pred std: 0.081050, range: 0.400782, mean: 0.305985
  Pos: 100.0%, Neg: 0.0%, Unique: 183
  Dir Acc: 60.11%, Pred Sharpe: 59.9307
  Composite: 0.4812 (dist_match: 0.6011, actual_pos: 60.1%, pred_pos: 100.0%)
  Collapse penalty: 0.000000 (threshold: 0.005000)
  Saved validation predictions to: experiments/12_feature_ablation/market_only_weekly_7q_h1_s42/collapse_monitoring/val_predictions_epoch28.npy
  Gradient norms:
    lstm_encoder: 0.020673
    lstm_decoder: 0.016337
    output_layer: 0.399959
  VSN output std:
    encoder: 0.182232
  Attention entropy: 2.369107
  Saved to: experiments/12_feature_ablation/market_only_weekly_7q_h1_s42/collapse_monitoring/collapse_monitor_latest.json
[DEBUG CollapseMonitor] on_validation_epoch_start called for epoch 29
[DEBUG CollapseMonitor] reset_temporal_state() called on loss function
Epoch 29: val_loss=1.069514513015747
Epoch 29: train_loss=0.9308001399040222

[CollapseMonitor] Epoch 29
  [DEBUG] Processed 12 batches from val_dataloader
  [DEBUG] Predictions shape after concat: (183,)
  Pred std: 0.084460, range: 0.371844, mean: 0.394682
  Pos: 100.0%, Neg: 0.0%, Unique: 183
  Dir Acc: 60.11%, Pred Sharpe: 74.1816
  Composite: 0.4812 (dist_match: 0.6011, actual_pos: 60.1%, pred_pos: 100.0%)
  Collapse penalty: 0.000000 (threshold: 0.005000)
  Saved validation predictions to: experiments/12_feature_ablation/market_only_weekly_7q_h1_s42/collapse_monitoring/val_predictions_epoch29.npy
  Gradient norms:
    lstm_encoder: 0.023113
    lstm_decoder: 0.017707
    output_layer: 0.436069
  VSN output std:
    encoder: 0.181837
  Attention entropy: 2.371375
  Saved to: experiments/12_feature_ablation/market_only_weekly_7q_h1_s42/collapse_monitoring/collapse_monitor_latest.json
[DEBUG CollapseMonitor] on_validation_epoch_start called for epoch 30
[DEBUG CollapseMonitor] reset_temporal_state() called on loss function
Epoch 30: val_loss=1.0665836334228516
Epoch 30: train_loss=0.930780827999115

[CollapseMonitor] Epoch 30
  [DEBUG] Processed 12 batches from val_dataloader
  [DEBUG] Predictions shape after concat: (183,)
  Pred std: 0.104687, range: 0.476127, mean: 0.266563
  Pos: 100.0%, Neg: 0.0%, Unique: 183
  Dir Acc: 60.11%, Pred Sharpe: 40.4211
  Composite: 0.4812 (dist_match: 0.6011, actual_pos: 60.1%, pred_pos: 100.0%)
  Collapse penalty: 0.000000 (threshold: 0.005000)
  Saved validation predictions to: experiments/12_feature_ablation/market_only_weekly_7q_h1_s42/collapse_monitoring/val_predictions_epoch30.npy
  Gradient norms:
    lstm_encoder: 0.021110
    lstm_decoder: 0.015803
    output_layer: 0.386070
  VSN output std:
    encoder: 0.182664
  Attention entropy: 2.362695
  Saved to: experiments/12_feature_ablation/market_only_weekly_7q_h1_s42/collapse_monitoring/collapse_monitor_latest.json
[DEBUG CollapseMonitor] on_validation_epoch_start called for epoch 31
[DEBUG CollapseMonitor] reset_temporal_state() called on loss function
Epoch 31: val_loss=1.0662707090377808
Epoch 31: train_loss=0.929656982421875

[CollapseMonitor] Epoch 31
  [DEBUG] Processed 12 batches from val_dataloader
  [DEBUG] Predictions shape after concat: (183,)
  Pred std: 0.111009, range: 0.476445, mean: 0.340191
  Pos: 100.0%, Neg: 0.0%, Unique: 183
  Dir Acc: 60.11%, Pred Sharpe: 48.6481
  Composite: 0.4812 (dist_match: 0.6011, actual_pos: 60.1%, pred_pos: 100.0%)
  Collapse penalty: 0.000000 (threshold: 0.005000)
  Saved validation predictions to: experiments/12_feature_ablation/market_only_weekly_7q_h1_s42/collapse_monitoring/val_predictions_epoch31.npy
  Gradient norms:
    lstm_encoder: 0.022215
    lstm_decoder: 0.015808
    output_layer: 0.371354
  VSN output std:
    encoder: 0.183138
  Attention entropy: 2.365490
  Saved to: experiments/12_feature_ablation/market_only_weekly_7q_h1_s42/collapse_monitoring/collapse_monitor_latest.json
[DEBUG CollapseMonitor] on_validation_epoch_start called for epoch 32
[DEBUG CollapseMonitor] reset_temporal_state() called on loss function
Epoch 32: val_loss=1.067755103111267
Epoch 32: train_loss=0.9285434484481812

[CollapseMonitor] Epoch 32
  [DEBUG] Processed 12 batches from val_dataloader
  [DEBUG] Predictions shape after concat: (183,)
  Pred std: 0.112930, range: 0.466613, mean: 0.336754
  Pos: 100.0%, Neg: 0.0%, Unique: 183
  Dir Acc: 60.11%, Pred Sharpe: 47.3373
  Composite: 0.4812 (dist_match: 0.6011, actual_pos: 60.1%, pred_pos: 100.0%)
  Collapse penalty: 0.000000 (threshold: 0.005000)
  Saved validation predictions to: experiments/12_feature_ablation/market_only_weekly_7q_h1_s42/collapse_monitoring/val_predictions_epoch32.npy
  Gradient norms:
    lstm_encoder: 0.024078
    lstm_decoder: 0.017613
    output_layer: 0.404932
  VSN output std:
    encoder: 0.184595
  Attention entropy: 2.353598
  Saved to: experiments/12_feature_ablation/market_only_weekly_7q_h1_s42/collapse_monitoring/collapse_monitor_latest.json
[DEBUG CollapseMonitor] on_validation_epoch_start called for epoch 33
[DEBUG CollapseMonitor] reset_temporal_state() called on loss function
Epoch 33: val_loss=1.0636781454086304
Epoch 33: train_loss=0.9250528216362

[CollapseMonitor] Epoch 33
  [DEBUG] Processed 12 batches from val_dataloader
  [DEBUG] Predictions shape after concat: (183,)
  Pred std: 0.127399, range: 0.504516, mean: 0.324581
  Pos: 100.0%, Neg: 0.0%, Unique: 183
  Dir Acc: 60.11%, Pred Sharpe: 40.4443
  Composite: 0.4812 (dist_match: 0.6011, actual_pos: 60.1%, pred_pos: 100.0%)
  Collapse penalty: 0.000000 (threshold: 0.005000)
  Saved validation predictions to: experiments/12_feature_ablation/market_only_weekly_7q_h1_s42/collapse_monitoring/val_predictions_epoch33.npy
  Gradient norms:
    lstm_encoder: 0.023806
    lstm_decoder: 0.016933
    output_layer: 0.390088
  VSN output std:
    encoder: 0.183928
  Attention entropy: 2.317948
  Saved to: experiments/12_feature_ablation/market_only_weekly_7q_h1_s42/collapse_monitoring/collapse_monitor_latest.json
[DEBUG CollapseMonitor] on_validation_epoch_start called for epoch 34
[DEBUG CollapseMonitor] reset_temporal_state() called on loss function
Epoch 34: val_loss=1.0590583086013794
Epoch 34: train_loss=0.9233989119529724

[CollapseMonitor] Epoch 34
  [DEBUG] Processed 12 batches from val_dataloader
  [DEBUG] Predictions shape after concat: (183,)
  Pred std: 0.144261, range: 0.636952, mean: 0.307282
  Pos: 98.9%, Neg: 1.1%, Unique: 183
  Dir Acc: 61.20%, Pred Sharpe: 33.8133
  Composite: 0.4933 (dist_match: 0.6120, actual_pos: 60.1%, pred_pos: 98.9%)
  Collapse penalty: 0.000000 (threshold: 0.005000)
  Saved validation predictions to: experiments/12_feature_ablation/market_only_weekly_7q_h1_s42/collapse_monitoring/val_predictions_epoch34.npy
  Gradient norms:
    lstm_encoder: 0.023871
    lstm_decoder: 0.016889
    output_layer: 0.382747
  VSN output std:
    encoder: 0.184160
  Attention entropy: 2.276963
  Saved to: experiments/12_feature_ablation/market_only_weekly_7q_h1_s42/collapse_monitoring/collapse_monitor_latest.json
[DEBUG CollapseMonitor] on_validation_epoch_start called for epoch 35
[DEBUG CollapseMonitor] reset_temporal_state() called on loss function
Epoch 35: val_loss=1.0645556449890137
Epoch 35: train_loss=0.9237744212150574

[CollapseMonitor] Epoch 35
  [DEBUG] Processed 12 batches from val_dataloader
  [DEBUG] Predictions shape after concat: (183,)
  Pred std: 0.143056, range: 0.576261, mean: 0.311575
  Pos: 100.0%, Neg: 0.0%, Unique: 183
  Dir Acc: 60.11%, Pred Sharpe: 34.5747
  Composite: 0.4812 (dist_match: 0.6011, actual_pos: 60.1%, pred_pos: 100.0%)
  Collapse penalty: 0.000000 (threshold: 0.005000)
  Saved validation predictions to: experiments/12_feature_ablation/market_only_weekly_7q_h1_s42/collapse_monitoring/val_predictions_epoch35.npy
  Gradient norms:
    lstm_encoder: 0.026381
    lstm_decoder: 0.018975
    output_layer: 0.407398
  VSN output std:
    encoder: 0.185040
  Attention entropy: 2.320182
  Saved to: experiments/12_feature_ablation/market_only_weekly_7q_h1_s42/collapse_monitoring/collapse_monitor_latest.json
[DEBUG CollapseMonitor] on_validation_epoch_start called for epoch 36
[DEBUG CollapseMonitor] reset_temporal_state() called on loss function
Epoch 36: val_loss=1.055382490158081
Epoch 36: train_loss=0.9170330762863159

[CollapseMonitor] Epoch 36
  [DEBUG] Processed 12 batches from val_dataloader
  [DEBUG] Predictions shape after concat: (183,)
  Pred std: 0.175246, range: 0.729077, mean: 0.401450
  Pos: 99.5%, Neg: 0.5%, Unique: 183
  Dir Acc: 60.66%, Pred Sharpe: 36.3650
  Composite: 0.4872 (dist_match: 0.6066, actual_pos: 60.1%, pred_pos: 99.5%)
  Collapse penalty: 0.000000 (threshold: 0.005000)
  Saved validation predictions to: experiments/12_feature_ablation/market_only_weekly_7q_h1_s42/collapse_monitoring/val_predictions_epoch36.npy
  Gradient norms:
    lstm_encoder: 0.026116
    lstm_decoder: 0.018346
    output_layer: 0.384900
  VSN output std:
    encoder: 0.187876
  Attention entropy: 2.279458
  Saved to: experiments/12_feature_ablation/market_only_weekly_7q_h1_s42/collapse_monitoring/collapse_monitor_latest.json
[DEBUG CollapseMonitor] on_validation_epoch_start called for epoch 37
[DEBUG CollapseMonitor] reset_temporal_state() called on loss function
Epoch 37: val_loss=1.0557202100753784
Epoch 37: train_loss=0.9165534973144531

[CollapseMonitor] Epoch 37
  [DEBUG] Processed 12 batches from val_dataloader
  [DEBUG] Predictions shape after concat: (183,)
  Pred std: 0.188488, range: 0.746873, mean: 0.393952
  Pos: 98.9%, Neg: 1.1%, Unique: 183
  Dir Acc: 60.11%, Pred Sharpe: 33.1787
  Composite: 0.4845 (dist_match: 0.6120, actual_pos: 60.1%, pred_pos: 98.9%)
  Collapse penalty: 0.000000 (threshold: 0.005000)
  Saved validation predictions to: experiments/12_feature_ablation/market_only_weekly_7q_h1_s42/collapse_monitoring/val_predictions_epoch37.npy
  Gradient norms:
    lstm_encoder: 0.026261
    lstm_decoder: 0.018366
    output_layer: 0.400564
  VSN output std:
    encoder: 0.187660
  Attention entropy: 2.263066
  Saved to: experiments/12_feature_ablation/market_only_weekly_7q_h1_s42/collapse_monitoring/collapse_monitor_latest.json
[DEBUG CollapseMonitor] on_validation_epoch_start called for epoch 38
[DEBUG CollapseMonitor] reset_temporal_state() called on loss function
Epoch 38: val_loss=1.054417371749878
Epoch 38: train_loss=0.9188408851623535

[CollapseMonitor] Epoch 38
  [DEBUG] Processed 12 batches from val_dataloader
  [DEBUG] Predictions shape after concat: (183,)
  Pred std: 0.194191, range: 0.824475, mean: 0.338086
  Pos: 93.4%, Neg: 6.6%, Unique: 183
  Dir Acc: 61.20%, Pred Sharpe: 27.6374
  Composite: 0.5100 (dist_match: 0.6667, actual_pos: 60.1%, pred_pos: 93.4%)
  Collapse penalty: 0.000000 (threshold: 0.005000)
  Saved validation predictions to: experiments/12_feature_ablation/market_only_weekly_7q_h1_s42/collapse_monitoring/val_predictions_epoch38.npy
  Gradient norms:
    lstm_encoder: 0.025411
    lstm_decoder: 0.017229
    output_layer: 0.383360
  VSN output std:
    encoder: 0.187728
  Attention entropy: 2.229049
  Saved to: experiments/12_feature_ablation/market_only_weekly_7q_h1_s42/collapse_monitoring/collapse_monitor_latest.json
[DEBUG CollapseMonitor] on_validation_epoch_start called for epoch 39
[DEBUG CollapseMonitor] reset_temporal_state() called on loss function
Epoch 39: val_loss=1.053571343421936
Epoch 39: train_loss=0.9149309396743774

[CollapseMonitor] Epoch 39
  [DEBUG] Processed 12 batches from val_dataloader
  [DEBUG] Predictions shape after concat: (183,)
  Pred std: 0.206664, range: 0.860875, mean: 0.377913
  Pos: 95.6%, Neg: 4.4%, Unique: 183
  Dir Acc: 61.20%, Pred Sharpe: 29.0287
  Composite: 0.5033 (dist_match: 0.6448, actual_pos: 60.1%, pred_pos: 95.6%)
  Collapse penalty: 0.000000 (threshold: 0.005000)
  Saved validation predictions to: experiments/12_feature_ablation/market_only_weekly_7q_h1_s42/collapse_monitoring/val_predictions_epoch39.npy
  Gradient norms:
    lstm_encoder: 0.028203
    lstm_decoder: 0.018641
    output_layer: 0.380785
  VSN output std:
    encoder: 0.188413
  Attention entropy: 2.208615
  Saved to: experiments/12_feature_ablation/market_only_weekly_7q_h1_s42/collapse_monitoring/collapse_monitor_latest.json
[DEBUG CollapseMonitor] on_validation_epoch_start called for epoch 40
[DEBUG CollapseMonitor] reset_temporal_state() called on loss function
Epoch 40: val_loss=1.0547500848770142
Epoch 40: train_loss=0.9130312204360962

[CollapseMonitor] Epoch 40
  [DEBUG] Processed 12 batches from val_dataloader
  [DEBUG] Predictions shape after concat: (183,)
  Pred std: 0.187844, range: 0.726299, mean: 0.339948
  Pos: 94.5%, Neg: 5.5%, Unique: 183
  Dir Acc: 61.20%, Pred Sharpe: 28.7287
  Composite: 0.5067 (dist_match: 0.6557, actual_pos: 60.1%, pred_pos: 94.5%)
  Collapse penalty: 0.000000 (threshold: 0.005000)
  Saved validation predictions to: experiments/12_feature_ablation/market_only_weekly_7q_h1_s42/collapse_monitoring/val_predictions_epoch40.npy
  Gradient norms:
    lstm_encoder: 0.029315
    lstm_decoder: 0.020197
    output_layer: 0.413297
  VSN output std:
    encoder: 0.188093
  Attention entropy: 2.193031
  Saved to: experiments/12_feature_ablation/market_only_weekly_7q_h1_s42/collapse_monitoring/collapse_monitor_latest.json
[DEBUG CollapseMonitor] on_validation_epoch_start called for epoch 41
[DEBUG CollapseMonitor] reset_temporal_state() called on loss function
Epoch 41: val_loss=1.0551925897598267
Epoch 41: train_loss=0.916474461555481

[CollapseMonitor] Epoch 41
  [DEBUG] Processed 12 batches from val_dataloader
  [DEBUG] Predictions shape after concat: (183,)
  Pred std: 0.183963, range: 0.700372, mean: 0.421962
  Pos: 100.0%, Neg: 0.0%, Unique: 183
  Dir Acc: 60.11%, Pred Sharpe: 36.4118
  Composite: 0.4812 (dist_match: 0.6011, actual_pos: 60.1%, pred_pos: 100.0%)
  Collapse penalty: 0.000000 (threshold: 0.005000)
  Saved validation predictions to: experiments/12_feature_ablation/market_only_weekly_7q_h1_s42/collapse_monitoring/val_predictions_epoch41.npy
  Gradient norms:
    lstm_encoder: 0.028166
    lstm_decoder: 0.019552
    output_layer: 0.406473
  VSN output std:
    encoder: 0.188452
  Attention entropy: 2.234574
  Saved to: experiments/12_feature_ablation/market_only_weekly_7q_h1_s42/collapse_monitoring/collapse_monitor_latest.json
[DEBUG CollapseMonitor] on_validation_epoch_start called for epoch 42
[DEBUG CollapseMonitor] reset_temporal_state() called on loss function
Epoch 42: val_loss=1.0563498735427856
Epoch 42: train_loss=0.9139934182167053

[CollapseMonitor] Epoch 42
  [DEBUG] Processed 12 batches from val_dataloader
  [DEBUG] Predictions shape after concat: (183,)
  Pred std: 0.208539, range: 0.788597, mean: 0.362559
  Pos: 92.9%, Neg: 7.1%, Unique: 183
  Dir Acc: 60.66%, Pred Sharpe: 27.5988
  Composite: 0.5071 (dist_match: 0.6721, actual_pos: 60.1%, pred_pos: 92.9%)
  Collapse penalty: 0.000000 (threshold: 0.005000)
  Saved validation predictions to: experiments/12_feature_ablation/market_only_weekly_7q_h1_s42/collapse_monitoring/val_predictions_epoch42.npy
  Gradient norms:
    lstm_encoder: 0.027272
    lstm_decoder: 0.019091
    output_layer: 0.388138
  VSN output std:
    encoder: 0.188683
  Attention entropy: 2.257386
  Saved to: experiments/12_feature_ablation/market_only_weekly_7q_h1_s42/collapse_monitoring/collapse_monitor_latest.json
[DEBUG CollapseMonitor] on_validation_epoch_start called for epoch 43
[DEBUG CollapseMonitor] reset_temporal_state() called on loss function
Epoch 43: val_loss=1.0527547597885132
Epoch 43: train_loss=0.9137047529220581

[CollapseMonitor] Epoch 43
  [DEBUG] Processed 12 batches from val_dataloader
  [DEBUG] Predictions shape after concat: (183,)
  Pred std: 0.222772, range: 0.878160, mean: 0.391932
  Pos: 91.3%, Neg: 8.7%, Unique: 183
  Dir Acc: 60.11%, Pred Sharpe: 27.9287
  Composite: 0.5075 (dist_match: 0.6885, actual_pos: 60.1%, pred_pos: 91.3%)
  Collapse penalty: 0.000000 (threshold: 0.005000)
  Saved validation predictions to: experiments/12_feature_ablation/market_only_weekly_7q_h1_s42/collapse_monitoring/val_predictions_epoch43.npy
  Gradient norms:
    lstm_encoder: 0.032249
    lstm_decoder: 0.020669
    output_layer: 0.411154
  VSN output std:
    encoder: 0.188693
  Attention entropy: 2.254894
  Saved to: experiments/12_feature_ablation/market_only_weekly_7q_h1_s42/collapse_monitoring/collapse_monitor_latest.json
[DEBUG CollapseMonitor] on_validation_epoch_start called for epoch 44
[DEBUG CollapseMonitor] reset_temporal_state() called on loss function
Epoch 44: val_loss=1.057288408279419
Epoch 44: train_loss=0.9162918925285339

[CollapseMonitor] Epoch 44
  [DEBUG] Processed 12 batches from val_dataloader
  [DEBUG] Predictions shape after concat: (183,)
  Pred std: 0.208301, range: 0.810752, mean: 0.407652
  Pos: 98.9%, Neg: 1.1%, Unique: 183
  Dir Acc: 60.11%, Pred Sharpe: 31.0669
  Composite: 0.4845 (dist_match: 0.6120, actual_pos: 60.1%, pred_pos: 98.9%)
  Collapse penalty: 0.000000 (threshold: 0.005000)
  Saved validation predictions to: experiments/12_feature_ablation/market_only_weekly_7q_h1_s42/collapse_monitoring/val_predictions_epoch44.npy
  Gradient norms:
    lstm_encoder: 0.030472
    lstm_decoder: 0.020044
    output_layer: 0.391741
  VSN output std:
    encoder: 0.188319
  Attention entropy: 2.282220
  Saved to: experiments/12_feature_ablation/market_only_weekly_7q_h1_s42/collapse_monitoring/collapse_monitor_latest.json
[DEBUG CollapseMonitor] on_validation_epoch_start called for epoch 45
[DEBUG CollapseMonitor] reset_temporal_state() called on loss function
Epoch 45: val_loss=1.0542950630187988
Epoch 45: train_loss=0.908546507358551

[CollapseMonitor] Epoch 45
  [DEBUG] Processed 12 batches from val_dataloader
  [DEBUG] Predictions shape after concat: (183,)
  Pred std: 0.204656, range: 0.794753, mean: 0.419202
  Pos: 99.5%, Neg: 0.5%, Unique: 183
  Dir Acc: 59.56%, Pred Sharpe: 32.5162
  Composite: 0.4785 (dist_match: 0.6066, actual_pos: 60.1%, pred_pos: 99.5%)
  Collapse penalty: 0.000000 (threshold: 0.005000)
  Saved validation predictions to: experiments/12_feature_ablation/market_only_weekly_7q_h1_s42/collapse_monitoring/val_predictions_epoch45.npy
  Gradient norms:
    lstm_encoder: 0.032364
    lstm_decoder: 0.021007
    output_layer: 0.395808
  VSN output std:
    encoder: 0.187956
  Attention entropy: 2.260347
  Saved to: experiments/12_feature_ablation/market_only_weekly_7q_h1_s42/collapse_monitoring/collapse_monitor_latest.json
[DEBUG CollapseMonitor] on_validation_epoch_start called for epoch 46
[DEBUG CollapseMonitor] reset_temporal_state() called on loss function
Epoch 46: val_loss=1.0555824041366577
Epoch 46: train_loss=0.9094878435134888

[CollapseMonitor] Epoch 46
  [DEBUG] Processed 12 batches from val_dataloader
  [DEBUG] Predictions shape after concat: (183,)
  Pred std: 0.183332, range: 0.764385, mean: 0.391696
  Pos: 99.5%, Neg: 0.5%, Unique: 183
  Dir Acc: 59.56%, Pred Sharpe: 33.9165
  Composite: 0.4785 (dist_match: 0.6066, actual_pos: 60.1%, pred_pos: 99.5%)
  Collapse penalty: 0.000000 (threshold: 0.005000)
  Saved validation predictions to: experiments/12_feature_ablation/market_only_weekly_7q_h1_s42/collapse_monitoring/val_predictions_epoch46.npy
  Gradient norms:
    lstm_encoder: 0.031653
    lstm_decoder: 0.019198
    output_layer: 0.358256
  VSN output std:
    encoder: 0.188871
  Attention entropy: 2.266607
  Saved to: experiments/12_feature_ablation/market_only_weekly_7q_h1_s42/collapse_monitoring/collapse_monitor_latest.json
[DEBUG CollapseMonitor] on_validation_epoch_start called for epoch 47
[DEBUG CollapseMonitor] reset_temporal_state() called on loss function
Epoch 47: val_loss=1.053149938583374
Epoch 47: train_loss=0.9092907309532166

[CollapseMonitor] Epoch 47
  [DEBUG] Processed 12 batches from val_dataloader
  [DEBUG] Predictions shape after concat: (183,)
  Pred std: 0.206554, range: 0.814327, mean: 0.429671
  Pos: 100.0%, Neg: 0.0%, Unique: 183
  Dir Acc: 60.11%, Pred Sharpe: 33.0219
  Composite: 0.4812 (dist_match: 0.6011, actual_pos: 60.1%, pred_pos: 100.0%)
  Collapse penalty: 0.000000 (threshold: 0.005000)
  Saved validation predictions to: experiments/12_feature_ablation/market_only_weekly_7q_h1_s42/collapse_monitoring/val_predictions_epoch47.npy
  Gradient norms:
    lstm_encoder: 0.032681
    lstm_decoder: 0.020773
    output_layer: 0.367797
  VSN output std:
    encoder: 0.189340
  Attention entropy: 2.250439
  Saved to: experiments/12_feature_ablation/market_only_weekly_7q_h1_s42/collapse_monitoring/collapse_monitor_latest.json
[DEBUG CollapseMonitor] on_validation_epoch_start called for epoch 48
[DEBUG CollapseMonitor] reset_temporal_state() called on loss function
Epoch 48: val_loss=1.0534472465515137
Epoch 48: train_loss=0.9079557657241821

[CollapseMonitor] Epoch 48
  [DEBUG] Processed 12 batches from val_dataloader
  [DEBUG] Predictions shape after concat: (183,)
  Pred std: 0.199919, range: 0.831141, mean: 0.412700
  Pos: 98.4%, Neg: 1.6%, Unique: 183
  Dir Acc: 60.66%, Pred Sharpe: 32.7702
  Composite: 0.4905 (dist_match: 0.6175, actual_pos: 60.1%, pred_pos: 98.4%)
  Collapse penalty: 0.000000 (threshold: 0.005000)
  Saved validation predictions to: experiments/12_feature_ablation/market_only_weekly_7q_h1_s42/collapse_monitoring/val_predictions_epoch48.npy
  Gradient norms:
    lstm_encoder: 0.032350
    lstm_decoder: 0.020880
    output_layer: 0.393930
  VSN output std:
    encoder: 0.189699
  Attention entropy: 2.238251
  Saved to: experiments/12_feature_ablation/market_only_weekly_7q_h1_s42/collapse_monitoring/collapse_monitor_latest.json
[DEBUG CollapseMonitor] on_validation_epoch_start called for epoch 49
[DEBUG CollapseMonitor] reset_temporal_state() called on loss function
Epoch 49: val_loss=1.055790662765503
Epoch 49: train_loss=0.9087674021720886

[CollapseMonitor] Epoch 49
  [DEBUG] Processed 12 batches from val_dataloader
  [DEBUG] Predictions shape after concat: (183,)
  Pred std: 0.190346, range: 0.823242, mean: 0.426105
  Pos: 99.5%, Neg: 0.5%, Unique: 183
  Dir Acc: 59.56%, Pred Sharpe: 35.5364
  Composite: 0.4785 (dist_match: 0.6066, actual_pos: 60.1%, pred_pos: 99.5%)
  Collapse penalty: 0.000000 (threshold: 0.005000)
  Saved validation predictions to: experiments/12_feature_ablation/market_only_weekly_7q_h1_s42/collapse_monitoring/val_predictions_epoch49.npy
  Gradient norms:
    lstm_encoder: 0.030880
    lstm_decoder: 0.019842
    output_layer: 0.393532
  VSN output std:
    encoder: 0.190893
  Attention entropy: 2.249248
  Saved to: experiments/12_feature_ablation/market_only_weekly_7q_h1_s42/collapse_monitoring/collapse_monitor_latest.json
[DEBUG CollapseMonitor] on_validation_epoch_start called for epoch 50
[DEBUG CollapseMonitor] reset_temporal_state() called on loss function
Epoch 50: val_loss=1.0566344261169434
Epoch 50: train_loss=0.9069810509681702

[CollapseMonitor] Epoch 50
  [DEBUG] Processed 12 batches from val_dataloader
  [DEBUG] Predictions shape after concat: (183,)
  Pred std: 0.189784, range: 0.801680, mean: 0.402931
  Pos: 98.9%, Neg: 1.1%, Unique: 183
  Dir Acc: 60.11%, Pred Sharpe: 33.7032
  Composite: 0.4845 (dist_match: 0.6120, actual_pos: 60.1%, pred_pos: 98.9%)
  Collapse penalty: 0.000000 (threshold: 0.005000)
  Saved validation predictions to: experiments/12_feature_ablation/market_only_weekly_7q_h1_s42/collapse_monitoring/val_predictions_epoch50.npy
  Gradient norms:
    lstm_encoder: 0.031968
    lstm_decoder: 0.021407
    output_layer: 0.394517
  VSN output std:
    encoder: 0.190752
  Attention entropy: 2.249752
  Saved to: experiments/12_feature_ablation/market_only_weekly_7q_h1_s42/collapse_monitoring/collapse_monitor_latest.json
[DEBUG CollapseMonitor] on_validation_epoch_start called for epoch 51
[DEBUG CollapseMonitor] reset_temporal_state() called on loss function
Epoch 51: val_loss=1.0539350509643555
Epoch 51: train_loss=0.9051148295402527

[CollapseMonitor] Epoch 51
  [DEBUG] Processed 12 batches from val_dataloader
  [DEBUG] Predictions shape after concat: (183,)
  Pred std: 0.193539, range: 0.792201, mean: 0.421508
  Pos: 99.5%, Neg: 0.5%, Unique: 183
  Dir Acc: 59.56%, Pred Sharpe: 34.5730
  Composite: 0.4785 (dist_match: 0.6066, actual_pos: 60.1%, pred_pos: 99.5%)
  Collapse penalty: 0.000000 (threshold: 0.005000)
  Saved validation predictions to: experiments/12_feature_ablation/market_only_weekly_7q_h1_s42/collapse_monitoring/val_predictions_epoch51.npy
  Gradient norms:
    lstm_encoder: 0.033330
    lstm_decoder: 0.020906
    output_layer: 0.375184
  VSN output std:
    encoder: 0.191508
  Attention entropy: 2.237843
  Saved to: experiments/12_feature_ablation/market_only_weekly_7q_h1_s42/collapse_monitoring/collapse_monitor_latest.json
[DEBUG CollapseMonitor] on_validation_epoch_start called for epoch 52
[DEBUG CollapseMonitor] reset_temporal_state() called on loss function
Epoch 52: val_loss=1.0525685548782349
Epoch 52: train_loss=0.9050623774528503

[CollapseMonitor] Epoch 52
  [DEBUG] Processed 12 batches from val_dataloader
  [DEBUG] Predictions shape after concat: (183,)
  Pred std: 0.202283, range: 0.815350, mean: 0.377778
  Pos: 98.4%, Neg: 1.6%, Unique: 183
  Dir Acc: 60.66%, Pred Sharpe: 29.6468
  Composite: 0.4905 (dist_match: 0.6175, actual_pos: 60.1%, pred_pos: 98.4%)
  Collapse penalty: 0.000000 (threshold: 0.005000)
  Saved validation predictions to: experiments/12_feature_ablation/market_only_weekly_7q_h1_s42/collapse_monitoring/val_predictions_epoch52.npy
  Gradient norms:
    lstm_encoder: 0.034928
    lstm_decoder: 0.022224
    output_layer: 0.379670
  VSN output std:
    encoder: 0.191620
  Attention entropy: 2.244913
  Saved to: experiments/12_feature_ablation/market_only_weekly_7q_h1_s42/collapse_monitoring/collapse_monitor_latest.json
[DEBUG CollapseMonitor] on_validation_epoch_start called for epoch 53
[DEBUG CollapseMonitor] reset_temporal_state() called on loss function
Epoch 53: val_loss=1.0508575439453125
Epoch 53: train_loss=0.9070104360580444

[CollapseMonitor] Epoch 53
  [DEBUG] Processed 12 batches from val_dataloader
  [DEBUG] Predictions shape after concat: (183,)
  Pred std: 0.205398, range: 0.819582, mean: 0.428816
  Pos: 100.0%, Neg: 0.0%, Unique: 183
  Dir Acc: 60.11%, Pred Sharpe: 33.1418
  Composite: 0.4812 (dist_match: 0.6011, actual_pos: 60.1%, pred_pos: 100.0%)
  Collapse penalty: 0.000000 (threshold: 0.005000)
  Saved validation predictions to: experiments/12_feature_ablation/market_only_weekly_7q_h1_s42/collapse_monitoring/val_predictions_epoch53.npy
  Gradient norms:
    lstm_encoder: 0.035778
    lstm_decoder: 0.022391
    output_layer: 0.393760
  VSN output std:
    encoder: 0.191345
  Attention entropy: 2.239178
  Saved to: experiments/12_feature_ablation/market_only_weekly_7q_h1_s42/collapse_monitoring/collapse_monitor_latest.json
[DEBUG CollapseMonitor] on_validation_epoch_start called for epoch 54
[DEBUG CollapseMonitor] reset_temporal_state() called on loss function
Epoch 54: val_loss=1.0511349439620972
Epoch 54: train_loss=0.9062404632568359

[CollapseMonitor] Epoch 54
  [DEBUG] Processed 12 batches from val_dataloader
  [DEBUG] Predictions shape after concat: (183,)
  Pred std: 0.211635, range: 0.853173, mean: 0.392647
  Pos: 97.8%, Neg: 2.2%, Unique: 183
  Dir Acc: 60.11%, Pred Sharpe: 29.4521
  Composite: 0.4878 (dist_match: 0.6230, actual_pos: 60.1%, pred_pos: 97.8%)
  Collapse penalty: 0.000000 (threshold: 0.005000)
  Saved validation predictions to: experiments/12_feature_ablation/market_only_weekly_7q_h1_s42/collapse_monitoring/val_predictions_epoch54.npy
  Gradient norms:
    lstm_encoder: 0.035383
    lstm_decoder: 0.021583
    output_layer: 0.385676
  VSN output std:
    encoder: 0.192918
  Attention entropy: 2.234005
  Saved to: experiments/12_feature_ablation/market_only_weekly_7q_h1_s42/collapse_monitoring/collapse_monitor_latest.json
[DEBUG CollapseMonitor] on_validation_epoch_start called for epoch 55
[DEBUG CollapseMonitor] reset_temporal_state() called on loss function
Epoch 55: val_loss=1.0512155294418335
Epoch 55: train_loss=0.9055343270301819

[CollapseMonitor] Epoch 55
  [DEBUG] Processed 12 batches from val_dataloader
  [DEBUG] Predictions shape after concat: (183,)
  Pred std: 0.195793, range: 0.821878, mean: 0.407486
  Pos: 98.4%, Neg: 1.6%, Unique: 183
  Dir Acc: 60.66%, Pred Sharpe: 33.0381
  Composite: 0.4905 (dist_match: 0.6175, actual_pos: 60.1%, pred_pos: 98.4%)
  Collapse penalty: 0.000000 (threshold: 0.005000)
  Saved validation predictions to: experiments/12_feature_ablation/market_only_weekly_7q_h1_s42/collapse_monitoring/val_predictions_epoch55.npy
  Gradient norms:
    lstm_encoder: 0.035250
    lstm_decoder: 0.022001
    output_layer: 0.400261
  VSN output std:
    encoder: 0.193275
  Attention entropy: 2.232806
  Saved to: experiments/12_feature_ablation/market_only_weekly_7q_h1_s42/collapse_monitoring/collapse_monitor_latest.json
[DEBUG CollapseMonitor] on_validation_epoch_start called for epoch 56
[DEBUG CollapseMonitor] reset_temporal_state() called on loss function
Epoch 56: val_loss=1.0519675016403198
Epoch 56: train_loss=0.9049167037010193

[CollapseMonitor] Epoch 56
  [DEBUG] Processed 12 batches from val_dataloader
  [DEBUG] Predictions shape after concat: (183,)
  Pred std: 0.206482, range: 0.862152, mean: 0.412033
  Pos: 97.8%, Neg: 2.2%, Unique: 182
  Dir Acc: 60.11%, Pred Sharpe: 31.6774
  Composite: 0.4878 (dist_match: 0.6230, actual_pos: 60.1%, pred_pos: 97.8%)
  Collapse penalty: 0.000000 (threshold: 0.005000)
  Saved validation predictions to: experiments/12_feature_ablation/market_only_weekly_7q_h1_s42/collapse_monitoring/val_predictions_epoch56.npy
  Gradient norms:
    lstm_encoder: 0.037963
    lstm_decoder: 0.022654
    output_layer: 0.390578
  VSN output std:
    encoder: 0.191611
  Attention entropy: 2.237041
  Saved to: experiments/12_feature_ablation/market_only_weekly_7q_h1_s42/collapse_monitoring/collapse_monitor_latest.json
[DEBUG CollapseMonitor] on_validation_epoch_start called for epoch 57
[DEBUG CollapseMonitor] reset_temporal_state() called on loss function
Epoch 57: val_loss=1.0507128238677979
Epoch 57: train_loss=0.9066393971443176

[CollapseMonitor] Epoch 57
  [DEBUG] Processed 12 batches from val_dataloader
  [DEBUG] Predictions shape after concat: (183,)
  Pred std: 0.203570, range: 0.828390, mean: 0.424530
  Pos: 98.4%, Neg: 1.6%, Unique: 183
  Dir Acc: 60.66%, Pred Sharpe: 33.1050
  Composite: 0.4905 (dist_match: 0.6175, actual_pos: 60.1%, pred_pos: 98.4%)
  Collapse penalty: 0.000000 (threshold: 0.005000)
  Saved validation predictions to: experiments/12_feature_ablation/market_only_weekly_7q_h1_s42/collapse_monitoring/val_predictions_epoch57.npy
  Gradient norms:
    lstm_encoder: 0.036413
    lstm_decoder: 0.023327
    output_layer: 0.403420
  VSN output std:
    encoder: 0.191794
  Attention entropy: 2.226969
  Saved to: experiments/12_feature_ablation/market_only_weekly_7q_h1_s42/collapse_monitoring/collapse_monitor_latest.json
[DEBUG CollapseMonitor] on_validation_epoch_start called for epoch 58
[DEBUG CollapseMonitor] reset_temporal_state() called on loss function
Epoch 58: val_loss=1.0526663064956665
Epoch 58: train_loss=0.9025953412055969

[CollapseMonitor] Epoch 58
  [DEBUG] Processed 12 batches from val_dataloader
  [DEBUG] Predictions shape after concat: (183,)
  Pred std: 0.207985, range: 0.872873, mean: 0.380630
  Pos: 97.8%, Neg: 2.2%, Unique: 183
  Dir Acc: 60.11%, Pred Sharpe: 29.0516
  Composite: 0.4878 (dist_match: 0.6230, actual_pos: 60.1%, pred_pos: 97.8%)
  Collapse penalty: 0.000000 (threshold: 0.005000)
  Saved validation predictions to: experiments/12_feature_ablation/market_only_weekly_7q_h1_s42/collapse_monitoring/val_predictions_epoch58.npy
  Gradient norms:
    lstm_encoder: 0.035032
    lstm_decoder: 0.022461
    output_layer: 0.396848
  VSN output std:
    encoder: 0.191243
  Attention entropy: 2.227870
  Saved to: experiments/12_feature_ablation/market_only_weekly_7q_h1_s42/collapse_monitoring/collapse_monitor_latest.json
[DEBUG CollapseMonitor] on_validation_epoch_start called for epoch 59
[DEBUG CollapseMonitor] reset_temporal_state() called on loss function
Epoch 59: val_loss=1.0549675226211548
Epoch 59: train_loss=0.9070940017700195

[CollapseMonitor] Epoch 59
  [DEBUG] Processed 12 batches from val_dataloader
  [DEBUG] Predictions shape after concat: (183,)
  Pred std: 0.193118, range: 0.845816, mean: 0.409750
  Pos: 98.4%, Neg: 1.6%, Unique: 183
  Dir Acc: 60.66%, Pred Sharpe: 33.6819
  Composite: 0.4905 (dist_match: 0.6175, actual_pos: 60.1%, pred_pos: 98.4%)
  Collapse penalty: 0.000000 (threshold: 0.005000)
  Saved validation predictions to: experiments/12_feature_ablation/market_only_weekly_7q_h1_s42/collapse_monitoring/val_predictions_epoch59.npy
  Gradient norms:
    lstm_encoder: 0.036275
    lstm_decoder: 0.022696
    output_layer: 0.386157
  VSN output std:
    encoder: 0.190903
  Attention entropy: 2.228072
  Saved to: experiments/12_feature_ablation/market_only_weekly_7q_h1_s42/collapse_monitoring/collapse_monitor_latest.json
[DEBUG CollapseMonitor] on_validation_epoch_start called for epoch 60
[DEBUG CollapseMonitor] reset_temporal_state() called on loss function
Epoch 60: val_loss=1.0521794557571411
Epoch 60: train_loss=0.9053893685340881

[CollapseMonitor] Epoch 60
  [DEBUG] Processed 12 batches from val_dataloader
  [DEBUG] Predictions shape after concat: (183,)
  Pred std: 0.203164, range: 0.865803, mean: 0.362444
  Pos: 97.3%, Neg: 2.7%, Unique: 183
  Dir Acc: 59.56%, Pred Sharpe: 28.3201
  Composite: 0.4850 (dist_match: 0.6284, actual_pos: 60.1%, pred_pos: 97.3%)
  Collapse penalty: 0.000000 (threshold: 0.005000)
  Saved validation predictions to: experiments/12_feature_ablation/market_only_weekly_7q_h1_s42/collapse_monitoring/val_predictions_epoch60.npy
  Gradient norms:
    lstm_encoder: 0.036155
    lstm_decoder: 0.023357
    output_layer: 0.425005
  VSN output std:
    encoder: 0.190994
  Attention entropy: 2.214988
  Saved to: experiments/12_feature_ablation/market_only_weekly_7q_h1_s42/collapse_monitoring/collapse_monitor_latest.json
[DEBUG CollapseMonitor] on_validation_epoch_start called for epoch 61
[DEBUG CollapseMonitor] reset_temporal_state() called on loss function
Epoch 61: val_loss=1.0493489503860474
Epoch 61: train_loss=0.903359591960907

[CollapseMonitor] Epoch 61
  [DEBUG] Processed 12 batches from val_dataloader
  [DEBUG] Predictions shape after concat: (183,)
  Pred std: 0.207650, range: 0.871940, mean: 0.415482
  Pos: 97.8%, Neg: 2.2%, Unique: 183
  Dir Acc: 60.11%, Pred Sharpe: 31.7630
  Composite: 0.4878 (dist_match: 0.6230, actual_pos: 60.1%, pred_pos: 97.8%)
  Collapse penalty: 0.000000 (threshold: 0.005000)
  Saved validation predictions to: experiments/12_feature_ablation/market_only_weekly_7q_h1_s42/collapse_monitoring/val_predictions_epoch61.npy
  Gradient norms:
    lstm_encoder: 0.036193
    lstm_decoder: 0.022726
    output_layer: 0.369480
  VSN output std:
    encoder: 0.191084
  Attention entropy: 2.209371
  Saved to: experiments/12_feature_ablation/market_only_weekly_7q_h1_s42/collapse_monitoring/collapse_monitor_latest.json
[DEBUG CollapseMonitor] on_validation_epoch_start called for epoch 62
[DEBUG CollapseMonitor] reset_temporal_state() called on loss function
Epoch 62: val_loss=1.051428198814392
Epoch 62: train_loss=0.9053274989128113

[CollapseMonitor] Epoch 62
  [DEBUG] Processed 12 batches from val_dataloader
  [DEBUG] Predictions shape after concat: (183,)
  Pred std: 0.197278, range: 0.868704, mean: 0.424487
  Pos: 98.4%, Neg: 1.6%, Unique: 183
  Dir Acc: 60.66%, Pred Sharpe: 34.1575
  Composite: 0.4905 (dist_match: 0.6175, actual_pos: 60.1%, pred_pos: 98.4%)
  Collapse penalty: 0.000000 (threshold: 0.005000)
  Saved validation predictions to: experiments/12_feature_ablation/market_only_weekly_7q_h1_s42/collapse_monitoring/val_predictions_epoch62.npy
  Gradient norms:
    lstm_encoder: 0.036362
    lstm_decoder: 0.022013
    output_layer: 0.370776
  VSN output std:
    encoder: 0.191671
  Attention entropy: 2.215146
  Saved to: experiments/12_feature_ablation/market_only_weekly_7q_h1_s42/collapse_monitoring/collapse_monitor_latest.json
[DEBUG CollapseMonitor] on_validation_epoch_start called for epoch 63
[DEBUG CollapseMonitor] reset_temporal_state() called on loss function
Epoch 63: val_loss=1.050040364265442
Epoch 63: train_loss=0.9030808806419373

[CollapseMonitor] Epoch 63
  [DEBUG] Processed 12 batches from val_dataloader
  [DEBUG] Predictions shape after concat: (183,)
  Pred std: 0.194987, range: 0.835021, mean: 0.422736
  Pos: 98.4%, Neg: 1.6%, Unique: 183
  Dir Acc: 60.66%, Pred Sharpe: 34.4162
  Composite: 0.4905 (dist_match: 0.6175, actual_pos: 60.1%, pred_pos: 98.4%)
  Collapse penalty: 0.000000 (threshold: 0.005000)
  Saved validation predictions to: experiments/12_feature_ablation/market_only_weekly_7q_h1_s42/collapse_monitoring/val_predictions_epoch63.npy
  Gradient norms:
    lstm_encoder: 0.035961
    lstm_decoder: 0.022189
    output_layer: 0.364522
  VSN output std:
    encoder: 0.191700
  Attention entropy: 2.213866
  Saved to: experiments/12_feature_ablation/market_only_weekly_7q_h1_s42/collapse_monitoring/collapse_monitor_latest.json
[DEBUG CollapseMonitor] on_validation_epoch_start called for epoch 64
[DEBUG CollapseMonitor] reset_temporal_state() called on loss function
Epoch 64: val_loss=1.0511040687561035
Epoch 64: train_loss=0.9064412117004395

[CollapseMonitor] Epoch 64
  [DEBUG] Processed 12 batches from val_dataloader
  [DEBUG] Predictions shape after concat: (183,)
  Pred std: 0.179113, range: 0.768833, mean: 0.404572
  Pos: 99.5%, Neg: 0.5%, Unique: 183
  Dir Acc: 59.56%, Pred Sharpe: 35.8566
  Composite: 0.4785 (dist_match: 0.6066, actual_pos: 60.1%, pred_pos: 99.5%)
  Collapse penalty: 0.000000 (threshold: 0.005000)
  Saved validation predictions to: experiments/12_feature_ablation/market_only_weekly_7q_h1_s42/collapse_monitoring/val_predictions_epoch64.npy
  Gradient norms:
    lstm_encoder: 0.038413
    lstm_decoder: 0.023851
    output_layer: 0.404785
  VSN output std:
    encoder: 0.191910
  Attention entropy: 2.215682
  Saved to: experiments/12_feature_ablation/market_only_weekly_7q_h1_s42/collapse_monitoring/collapse_monitor_latest.json
[DEBUG CollapseMonitor] on_validation_epoch_start called for epoch 65
[DEBUG CollapseMonitor] reset_temporal_state() called on loss function
Epoch 65: val_loss=1.0524348020553589
Epoch 65: train_loss=0.9022340178489685

[CollapseMonitor] Epoch 65
  [DEBUG] Processed 12 batches from val_dataloader
  [DEBUG] Predictions shape after concat: (183,)
  Pred std: 0.173356, range: 0.745071, mean: 0.456030
  Pos: 100.0%, Neg: 0.0%, Unique: 183
  Dir Acc: 60.11%, Pred Sharpe: 41.7594
  Composite: 0.4812 (dist_match: 0.6011, actual_pos: 60.1%, pred_pos: 100.0%)
  Collapse penalty: 0.000000 (threshold: 0.005000)
  Saved validation predictions to: experiments/12_feature_ablation/market_only_weekly_7q_h1_s42/collapse_monitoring/val_predictions_epoch65.npy
  Gradient norms:
    lstm_encoder: 0.038049
    lstm_decoder: 0.022511
    output_layer: 0.392980
  VSN output std:
    encoder: 0.192130
  Attention entropy: 2.213762
  Saved to: experiments/12_feature_ablation/market_only_weekly_7q_h1_s42/collapse_monitoring/collapse_monitor_latest.json
[DEBUG CollapseMonitor] on_validation_epoch_start called for epoch 66
[DEBUG CollapseMonitor] reset_temporal_state() called on loss function
Epoch 66: val_loss=1.0516144037246704
Epoch 66: train_loss=0.900334358215332

[CollapseMonitor] Epoch 66
  [DEBUG] Processed 12 batches from val_dataloader
  [DEBUG] Predictions shape after concat: (183,)
  Pred std: 0.179713, range: 0.751591, mean: 0.458960
  Pos: 100.0%, Neg: 0.0%, Unique: 183
  Dir Acc: 60.11%, Pred Sharpe: 40.5410
  Composite: 0.4812 (dist_match: 0.6011, actual_pos: 60.1%, pred_pos: 100.0%)
  Collapse penalty: 0.000000 (threshold: 0.005000)
  Saved validation predictions to: experiments/12_feature_ablation/market_only_weekly_7q_h1_s42/collapse_monitoring/val_predictions_epoch66.npy
  Gradient norms:
    lstm_encoder: 0.040302
    lstm_decoder: 0.024417
    output_layer: 0.412248
  VSN output std:
    encoder: 0.191946
  Attention entropy: 2.205926
  Saved to: experiments/12_feature_ablation/market_only_weekly_7q_h1_s42/collapse_monitoring/collapse_monitor_latest.json
[DEBUG CollapseMonitor] on_validation_epoch_start called for epoch 67
[DEBUG CollapseMonitor] reset_temporal_state() called on loss function
Epoch 67: val_loss=1.0496997833251953
Epoch 67: train_loss=0.901360034942627

[CollapseMonitor] Epoch 67
  [DEBUG] Processed 12 batches from val_dataloader
  [DEBUG] Predictions shape after concat: (183,)
  Pred std: 0.183427, range: 0.758811, mean: 0.451727
  Pos: 100.0%, Neg: 0.0%, Unique: 183
  Dir Acc: 60.11%, Pred Sharpe: 39.0942
  Composite: 0.4812 (dist_match: 0.6011, actual_pos: 60.1%, pred_pos: 100.0%)
  Collapse penalty: 0.000000 (threshold: 0.005000)
  Saved validation predictions to: experiments/12_feature_ablation/market_only_weekly_7q_h1_s42/collapse_monitoring/val_predictions_epoch67.npy
  Gradient norms:
    lstm_encoder: 0.040504
    lstm_decoder: 0.024604
    output_layer: 0.394699
  VSN output std:
    encoder: 0.191571
  Attention entropy: 2.189385
  Saved to: experiments/12_feature_ablation/market_only_weekly_7q_h1_s42/collapse_monitoring/collapse_monitor_latest.json
[DEBUG CollapseMonitor] on_validation_epoch_start called for epoch 68
[DEBUG CollapseMonitor] reset_temporal_state() called on loss function
Epoch 68: val_loss=1.0500997304916382
Epoch 68: train_loss=0.9045558571815491

[CollapseMonitor] Epoch 68
  [DEBUG] Processed 12 batches from val_dataloader
  [DEBUG] Predictions shape after concat: (183,)
  Pred std: 0.188248, range: 0.782471, mean: 0.453759
  Pos: 100.0%, Neg: 0.0%, Unique: 183
  Dir Acc: 60.11%, Pred Sharpe: 38.2644
  Composite: 0.4812 (dist_match: 0.6011, actual_pos: 60.1%, pred_pos: 100.0%)
  Collapse penalty: 0.000000 (threshold: 0.005000)
  Saved validation predictions to: experiments/12_feature_ablation/market_only_weekly_7q_h1_s42/collapse_monitoring/val_predictions_epoch68.npy
  Gradient norms:
    lstm_encoder: 0.040244
    lstm_decoder: 0.023551
    output_layer: 0.391518
  VSN output std:
    encoder: 0.191649
  Attention entropy: 2.183360
  Saved to: experiments/12_feature_ablation/market_only_weekly_7q_h1_s42/collapse_monitoring/collapse_monitor_latest.json
[DEBUG CollapseMonitor] on_validation_epoch_start called for epoch 69
[DEBUG CollapseMonitor] reset_temporal_state() called on loss function
Epoch 69: val_loss=1.0517826080322266
Epoch 69: train_loss=0.9002310037612915

[CollapseMonitor] Epoch 69
  [DEBUG] Processed 12 batches from val_dataloader
  [DEBUG] Predictions shape after concat: (183,)
  Pred std: 0.179994, range: 0.746568, mean: 0.440577
  Pos: 100.0%, Neg: 0.0%, Unique: 183
  Dir Acc: 60.11%, Pred Sharpe: 38.8566
  Composite: 0.4812 (dist_match: 0.6011, actual_pos: 60.1%, pred_pos: 100.0%)
  Collapse penalty: 0.000000 (threshold: 0.005000)
  Saved validation predictions to: experiments/12_feature_ablation/market_only_weekly_7q_h1_s42/collapse_monitoring/val_predictions_epoch69.npy
  Gradient norms:
    lstm_encoder: 0.039054
    lstm_decoder: 0.024813
    output_layer: 0.398032
  VSN output std:
    encoder: 0.191372
  Attention entropy: 2.194267
  Saved to: experiments/12_feature_ablation/market_only_weekly_7q_h1_s42/collapse_monitoring/collapse_monitor_latest.json
[DEBUG CollapseMonitor] on_validation_epoch_start called for epoch 70
[DEBUG CollapseMonitor] reset_temporal_state() called on loss function
Epoch 70: val_loss=1.0518667697906494
Epoch 70: train_loss=0.9034780859947205

[CollapseMonitor] Epoch 70
  [DEBUG] Processed 12 batches from val_dataloader
  [DEBUG] Predictions shape after concat: (183,)
  Pred std: 0.175305, range: 0.728742, mean: 0.457583
  Pos: 100.0%, Neg: 0.0%, Unique: 183
  Dir Acc: 60.11%, Pred Sharpe: 41.4359
  Composite: 0.4812 (dist_match: 0.6011, actual_pos: 60.1%, pred_pos: 100.0%)
  Collapse penalty: 0.000000 (threshold: 0.005000)
  Saved validation predictions to: experiments/12_feature_ablation/market_only_weekly_7q_h1_s42/collapse_monitoring/val_predictions_epoch70.npy
  Gradient norms:
    lstm_encoder: 0.040034
    lstm_decoder: 0.024422
    output_layer: 0.388085
  VSN output std:
    encoder: 0.191597
  Attention entropy: 2.199520
  Saved to: experiments/12_feature_ablation/market_only_weekly_7q_h1_s42/collapse_monitoring/collapse_monitor_latest.json
[DEBUG CollapseMonitor] on_validation_epoch_start called for epoch 71
[DEBUG CollapseMonitor] reset_temporal_state() called on loss function
Epoch 71: val_loss=1.050358772277832
Epoch 71: train_loss=0.9009105563163757

[CollapseMonitor] Epoch 71
  [DEBUG] Processed 12 batches from val_dataloader
  [DEBUG] Predictions shape after concat: (183,)
  Pred std: 0.175938, range: 0.722852, mean: 0.449128
  Pos: 100.0%, Neg: 0.0%, Unique: 183
  Dir Acc: 60.11%, Pred Sharpe: 40.5237
  Composite: 0.4812 (dist_match: 0.6011, actual_pos: 60.1%, pred_pos: 100.0%)
  Collapse penalty: 0.000000 (threshold: 0.005000)
  Saved validation predictions to: experiments/12_feature_ablation/market_only_weekly_7q_h1_s42/collapse_monitoring/val_predictions_epoch71.npy
  Gradient norms:
    lstm_encoder: 0.041391
    lstm_decoder: 0.024770
    output_layer: 0.399095
  VSN output std:
    encoder: 0.191469
  Attention entropy: 2.198824
  Saved to: experiments/12_feature_ablation/market_only_weekly_7q_h1_s42/collapse_monitoring/collapse_monitor_latest.json
[DEBUG CollapseMonitor] on_validation_epoch_start called for epoch 72
[DEBUG CollapseMonitor] reset_temporal_state() called on loss function
Epoch 72: val_loss=1.0504002571105957
Epoch 72: train_loss=0.8994274735450745

[CollapseMonitor] Epoch 72
  [DEBUG] Processed 12 batches from val_dataloader
  [DEBUG] Predictions shape after concat: (183,)
  Pred std: 0.179520, range: 0.738004, mean: 0.464949
  Pos: 100.0%, Neg: 0.0%, Unique: 183
  Dir Acc: 60.11%, Pred Sharpe: 41.1143
  Composite: 0.4812 (dist_match: 0.6011, actual_pos: 60.1%, pred_pos: 100.0%)
  Collapse penalty: 0.000000 (threshold: 0.005000)
  Saved validation predictions to: experiments/12_feature_ablation/market_only_weekly_7q_h1_s42/collapse_monitoring/val_predictions_epoch72.npy
  Gradient norms:
    lstm_encoder: 0.039550
    lstm_decoder: 0.021938
    output_layer: 0.344366
  VSN output std:
    encoder: 0.191116
  Attention entropy: 2.200249
  Saved to: experiments/12_feature_ablation/market_only_weekly_7q_h1_s42/collapse_monitoring/collapse_monitor_latest.json
[DEBUG CollapseMonitor] on_validation_epoch_start called for epoch 73
[DEBUG CollapseMonitor] reset_temporal_state() called on loss function
Epoch 73: val_loss=1.0503426790237427
Epoch 73: train_loss=0.9030283093452454

[CollapseMonitor] Epoch 73
  [DEBUG] Processed 12 batches from val_dataloader
  [DEBUG] Predictions shape after concat: (183,)
  Pred std: 0.179145, range: 0.722296, mean: 0.459612
  Pos: 100.0%, Neg: 0.0%, Unique: 183
  Dir Acc: 60.11%, Pred Sharpe: 40.7273
  Composite: 0.4812 (dist_match: 0.6011, actual_pos: 60.1%, pred_pos: 100.0%)
  Collapse penalty: 0.000000 (threshold: 0.005000)
  Saved validation predictions to: experiments/12_feature_ablation/market_only_weekly_7q_h1_s42/collapse_monitoring/val_predictions_epoch73.npy
  Gradient norms:
    lstm_encoder: 0.040081
    lstm_decoder: 0.023217
    output_layer: 0.356346
  VSN output std:
    encoder: 0.190896
  Attention entropy: 2.205583
  Saved to: experiments/12_feature_ablation/market_only_weekly_7q_h1_s42/collapse_monitoring/collapse_monitor_latest.json
[DEBUG CollapseMonitor] on_validation_epoch_start called for epoch 74
[DEBUG CollapseMonitor] reset_temporal_state() called on loss function
Epoch 74: val_loss=1.0504045486450195
Epoch 74: train_loss=0.8976265788078308

[CollapseMonitor] Epoch 74
  [DEBUG] Processed 12 batches from val_dataloader
  [DEBUG] Predictions shape after concat: (183,)
  Pred std: 0.180206, range: 0.725647, mean: 0.487960
  Pos: 100.0%, Neg: 0.0%, Unique: 183
  Dir Acc: 60.11%, Pred Sharpe: 42.9848
  Composite: 0.4812 (dist_match: 0.6011, actual_pos: 60.1%, pred_pos: 100.0%)
  Collapse penalty: 0.000000 (threshold: 0.005000)
  Saved validation predictions to: experiments/12_feature_ablation/market_only_weekly_7q_h1_s42/collapse_monitoring/val_predictions_epoch74.npy
  Gradient norms:
    lstm_encoder: 0.038167
    lstm_decoder: 0.023257
    output_layer: 0.364581
  VSN output std:
    encoder: 0.191285
  Attention entropy: 2.207183
  Saved to: experiments/12_feature_ablation/market_only_weekly_7q_h1_s42/collapse_monitoring/collapse_monitor_latest.json
[DEBUG CollapseMonitor] on_validation_epoch_start called for epoch 75
[DEBUG CollapseMonitor] reset_temporal_state() called on loss function
Epoch 75: val_loss=1.0500998497009277
Epoch 75: train_loss=0.9021123647689819

[CollapseMonitor] Epoch 75
  [DEBUG] Processed 12 batches from val_dataloader
  [DEBUG] Predictions shape after concat: (183,)
  Pred std: 0.184774, range: 0.740439, mean: 0.477898
  Pos: 100.0%, Neg: 0.0%, Unique: 183
  Dir Acc: 60.11%, Pred Sharpe: 41.0576
  Composite: 0.4812 (dist_match: 0.6011, actual_pos: 60.1%, pred_pos: 100.0%)
  Collapse penalty: 0.000000 (threshold: 0.005000)
  Saved validation predictions to: experiments/12_feature_ablation/market_only_weekly_7q_h1_s42/collapse_monitoring/val_predictions_epoch75.npy
  Gradient norms:
    lstm_encoder: 0.044293
    lstm_decoder: 0.026604
    output_layer: 0.400463
  VSN output std:
    encoder: 0.191280
  Attention entropy: 2.206719
  Saved to: experiments/12_feature_ablation/market_only_weekly_7q_h1_s42/collapse_monitoring/collapse_monitor_latest.json
[DEBUG CollapseMonitor] on_validation_epoch_start called for epoch 76
[DEBUG CollapseMonitor] reset_temporal_state() called on loss function
Epoch 76: val_loss=1.0503144264221191
Epoch 76: train_loss=0.8993483781814575

[CollapseMonitor] Epoch 76
  [DEBUG] Processed 12 batches from val_dataloader
  [DEBUG] Predictions shape after concat: (183,)
  Pred std: 0.183296, range: 0.732639, mean: 0.467646
  Pos: 100.0%, Neg: 0.0%, Unique: 183
  Dir Acc: 60.11%, Pred Sharpe: 40.5010
  Composite: 0.4812 (dist_match: 0.6011, actual_pos: 60.1%, pred_pos: 100.0%)
  Collapse penalty: 0.000000 (threshold: 0.005000)
  Saved validation predictions to: experiments/12_feature_ablation/market_only_weekly_7q_h1_s42/collapse_monitoring/val_predictions_epoch76.npy
  Gradient norms:
    lstm_encoder: 0.039630
    lstm_decoder: 0.023343
    output_layer: 0.371732
  VSN output std:
    encoder: 0.191127
  Attention entropy: 2.209169
  Saved to: experiments/12_feature_ablation/market_only_weekly_7q_h1_s42/collapse_monitoring/collapse_monitor_latest.json
[DEBUG CollapseMonitor] on_validation_epoch_start called for epoch 77
[DEBUG CollapseMonitor] reset_temporal_state() called on loss function
Epoch 77: val_loss=1.0499387979507446
Epoch 77: train_loss=0.9006328582763672

[CollapseMonitor] Epoch 77
  [DEBUG] Processed 12 batches from val_dataloader
  [DEBUG] Predictions shape after concat: (183,)
  Pred std: 0.186330, range: 0.745977, mean: 0.457902
  Pos: 100.0%, Neg: 0.0%, Unique: 183
  Dir Acc: 60.11%, Pred Sharpe: 39.0113
  Composite: 0.4812 (dist_match: 0.6011, actual_pos: 60.1%, pred_pos: 100.0%)
  Collapse penalty: 0.000000 (threshold: 0.005000)
  Saved validation predictions to: experiments/12_feature_ablation/market_only_weekly_7q_h1_s42/collapse_monitoring/val_predictions_epoch77.npy
  Gradient norms:
    lstm_encoder: 0.039750
    lstm_decoder: 0.022476
    output_layer: 0.351923
  VSN output std:
    encoder: 0.190962
  Attention entropy: 2.205412
  Saved to: experiments/12_feature_ablation/market_only_weekly_7q_h1_s42/collapse_monitoring/collapse_monitor_latest.json
[DEBUG CollapseMonitor] on_validation_epoch_start called for epoch 78
[DEBUG CollapseMonitor] reset_temporal_state() called on loss function
Epoch 78: val_loss=1.0508129596710205
Epoch 78: train_loss=0.9020323753356934

[CollapseMonitor] Epoch 78
  [DEBUG] Processed 12 batches from val_dataloader
  [DEBUG] Predictions shape after concat: (183,)
  Pred std: 0.185574, range: 0.749560, mean: 0.443474
  Pos: 100.0%, Neg: 0.0%, Unique: 183
  Dir Acc: 60.11%, Pred Sharpe: 37.9359
  Composite: 0.4812 (dist_match: 0.6011, actual_pos: 60.1%, pred_pos: 100.0%)
  Collapse penalty: 0.000000 (threshold: 0.005000)
  Saved validation predictions to: experiments/12_feature_ablation/market_only_weekly_7q_h1_s42/collapse_monitoring/val_predictions_epoch78.npy
  Gradient norms:
    lstm_encoder: 0.041563
    lstm_decoder: 0.024721
    output_layer: 0.372121
  VSN output std:
    encoder: 0.191081
  Attention entropy: 2.207701
  Saved to: experiments/12_feature_ablation/market_only_weekly_7q_h1_s42/collapse_monitoring/collapse_monitor_latest.json
[DEBUG CollapseMonitor] on_validation_epoch_start called for epoch 79
[DEBUG CollapseMonitor] reset_temporal_state() called on loss function
Epoch 79: val_loss=1.0502671003341675
Epoch 79: train_loss=0.8990917205810547

[CollapseMonitor] Epoch 79
  [DEBUG] Processed 12 batches from val_dataloader
  [DEBUG] Predictions shape after concat: (183,)
  Pred std: 0.184968, range: 0.746221, mean: 0.452341
  Pos: 100.0%, Neg: 0.0%, Unique: 183
  Dir Acc: 60.11%, Pred Sharpe: 38.8213
  Composite: 0.4812 (dist_match: 0.6011, actual_pos: 60.1%, pred_pos: 100.0%)
  Collapse penalty: 0.000000 (threshold: 0.005000)
  Saved validation predictions to: experiments/12_feature_ablation/market_only_weekly_7q_h1_s42/collapse_monitoring/val_predictions_epoch79.npy
  Gradient norms:
    lstm_encoder: 0.041708
    lstm_decoder: 0.025244
    output_layer: 0.393839
  VSN output std:
    encoder: 0.191087
  Attention entropy: 2.205231
  Saved to: experiments/12_feature_ablation/market_only_weekly_7q_h1_s42/collapse_monitoring/collapse_monitor_latest.json
[DEBUG CollapseMonitor] on_validation_epoch_start called for epoch 80
[DEBUG CollapseMonitor] reset_temporal_state() called on loss function
Epoch 80: val_loss=1.050094485282898
Epoch 80: train_loss=0.901983380317688

[CollapseMonitor] Epoch 80
  [DEBUG] Processed 12 batches from val_dataloader
  [DEBUG] Predictions shape after concat: (183,)
  Pred std: 0.184929, range: 0.736846, mean: 0.463141
  Pos: 100.0%, Neg: 0.0%, Unique: 183
  Dir Acc: 60.11%, Pred Sharpe: 39.7565
  Composite: 0.4812 (dist_match: 0.6011, actual_pos: 60.1%, pred_pos: 100.0%)
  Collapse penalty: 0.000000 (threshold: 0.005000)
  Saved validation predictions to: experiments/12_feature_ablation/market_only_weekly_7q_h1_s42/collapse_monitoring/val_predictions_epoch80.npy
  Gradient norms:
    lstm_encoder: 0.043425
    lstm_decoder: 0.025943
    output_layer: 0.402297
  VSN output std:
    encoder: 0.191171
  Attention entropy: 2.208799
  Saved to: experiments/12_feature_ablation/market_only_weekly_7q_h1_s42/collapse_monitoring/collapse_monitor_latest.json
[DEBUG CollapseMonitor] on_validation_epoch_start called for epoch 81
[DEBUG CollapseMonitor] reset_temporal_state() called on loss function
Epoch 81: val_loss=1.0497090816497803
Epoch 81: train_loss=0.8989043235778809

[CollapseMonitor] Epoch 81
  [DEBUG] Processed 12 batches from val_dataloader
  [DEBUG] Predictions shape after concat: (183,)
  Pred std: 0.186050, range: 0.739037, mean: 0.454495
  Pos: 100.0%, Neg: 0.0%, Unique: 183
  Dir Acc: 60.11%, Pred Sharpe: 38.7793
  Composite: 0.4812 (dist_match: 0.6011, actual_pos: 60.1%, pred_pos: 100.0%)
  Collapse penalty: 0.000000 (threshold: 0.005000)
  Saved validation predictions to: experiments/12_feature_ablation/market_only_weekly_7q_h1_s42/collapse_monitoring/val_predictions_epoch81.npy
  Gradient norms:
    lstm_encoder: 0.040659
    lstm_decoder: 0.023581
    output_layer: 0.361138
  VSN output std:
    encoder: 0.191336
  Attention entropy: 2.208893
  Saved to: experiments/12_feature_ablation/market_only_weekly_7q_h1_s42/collapse_monitoring/collapse_monitor_latest.json
[DEBUG CollapseMonitor] on_validation_epoch_start called for epoch 82
[DEBUG CollapseMonitor] reset_temporal_state() called on loss function
Epoch 82: val_loss=1.0495259761810303
Epoch 82: train_loss=0.8965966105461121

[CollapseMonitor] Epoch 82
  [DEBUG] Processed 12 batches from val_dataloader
  [DEBUG] Predictions shape after concat: (183,)
  Pred std: 0.186171, range: 0.742187, mean: 0.459106
  Pos: 100.0%, Neg: 0.0%, Unique: 183
  Dir Acc: 60.11%, Pred Sharpe: 39.1472
  Composite: 0.4812 (dist_match: 0.6011, actual_pos: 60.1%, pred_pos: 100.0%)
  Collapse penalty: 0.000000 (threshold: 0.005000)
  Saved validation predictions to: experiments/12_feature_ablation/market_only_weekly_7q_h1_s42/collapse_monitoring/val_predictions_epoch82.npy
  Gradient norms:
    lstm_encoder: 0.042803
    lstm_decoder: 0.023922
    output_layer: 0.369831
  VSN output std:
    encoder: 0.191516
  Attention entropy: 2.210710
  Saved to: experiments/12_feature_ablation/market_only_weekly_7q_h1_s42/collapse_monitoring/collapse_monitor_latest.json
[DEBUG CollapseMonitor] on_validation_epoch_start called for epoch 83
[DEBUG CollapseMonitor] reset_temporal_state() called on loss function
Epoch 83: val_loss=1.049080491065979
Epoch 83: train_loss=0.8989558219909668

[CollapseMonitor] Epoch 83
  [DEBUG] Processed 12 batches from val_dataloader
  [DEBUG] Predictions shape after concat: (183,)
  Pred std: 0.188917, range: 0.751098, mean: 0.467698
  Pos: 100.0%, Neg: 0.0%, Unique: 183
  Dir Acc: 60.11%, Pred Sharpe: 39.3002
  Composite: 0.4812 (dist_match: 0.6011, actual_pos: 60.1%, pred_pos: 100.0%)
  Collapse penalty: 0.000000 (threshold: 0.005000)
  Saved validation predictions to: experiments/12_feature_ablation/market_only_weekly_7q_h1_s42/collapse_monitoring/val_predictions_epoch83.npy
  Gradient norms:
    lstm_encoder: 0.044534
    lstm_decoder: 0.028100
    output_layer: 0.418233
  VSN output std:
    encoder: 0.191570
  Attention entropy: 2.209239
  Saved to: experiments/12_feature_ablation/market_only_weekly_7q_h1_s42/collapse_monitoring/collapse_monitor_latest.json
[DEBUG CollapseMonitor] on_validation_epoch_start called for epoch 84
[DEBUG CollapseMonitor] reset_temporal_state() called on loss function
Epoch 84: val_loss=1.0490460395812988
Epoch 84: train_loss=0.8986738920211792

[CollapseMonitor] Epoch 84
  [DEBUG] Processed 12 batches from val_dataloader
  [DEBUG] Predictions shape after concat: (183,)
  Pred std: 0.189579, range: 0.751395, mean: 0.480848
  Pos: 100.0%, Neg: 0.0%, Unique: 183
  Dir Acc: 60.11%, Pred Sharpe: 40.2642
  Composite: 0.4812 (dist_match: 0.6011, actual_pos: 60.1%, pred_pos: 100.0%)
  Collapse penalty: 0.000000 (threshold: 0.005000)
  Saved validation predictions to: experiments/12_feature_ablation/market_only_weekly_7q_h1_s42/collapse_monitoring/val_predictions_epoch84.npy
  Gradient norms:
    lstm_encoder: 0.043103
    lstm_decoder: 0.025753
    output_layer: 0.400514
  VSN output std:
    encoder: 0.191707
  Attention entropy: 2.207294
  Saved to: experiments/12_feature_ablation/market_only_weekly_7q_h1_s42/collapse_monitoring/collapse_monitor_latest.json
[DEBUG CollapseMonitor] on_validation_epoch_start called for epoch 85
[DEBUG CollapseMonitor] reset_temporal_state() called on loss function
Epoch 85: val_loss=1.0496561527252197
Epoch 85: train_loss=0.8973256945610046

[CollapseMonitor] Epoch 85
  [DEBUG] Processed 12 batches from val_dataloader
  [DEBUG] Predictions shape after concat: (183,)
  Pred std: 0.189169, range: 0.750665, mean: 0.475176
  Pos: 100.0%, Neg: 0.0%, Unique: 183
  Dir Acc: 60.11%, Pred Sharpe: 39.8755
  Composite: 0.4812 (dist_match: 0.6011, actual_pos: 60.1%, pred_pos: 100.0%)
  Collapse penalty: 0.000000 (threshold: 0.005000)
  Saved validation predictions to: experiments/12_feature_ablation/market_only_weekly_7q_h1_s42/collapse_monitoring/val_predictions_epoch85.npy
  Gradient norms:
    lstm_encoder: 0.041082
    lstm_decoder: 0.025767
    output_layer: 0.405766
  VSN output std:
    encoder: 0.191705
  Attention entropy: 2.211529
  Saved to: experiments/12_feature_ablation/market_only_weekly_7q_h1_s42/collapse_monitoring/collapse_monitor_latest.json
[DEBUG CollapseMonitor] on_validation_epoch_start called for epoch 86
[DEBUG CollapseMonitor] reset_temporal_state() called on loss function
Epoch 86: val_loss=1.050304889678955
Epoch 86: train_loss=0.8970909118652344

[CollapseMonitor] Epoch 86
  [DEBUG] Processed 12 batches from val_dataloader
  [DEBUG] Predictions shape after concat: (183,)
  Pred std: 0.188029, range: 0.754714, mean: 0.457458
  Pos: 100.0%, Neg: 0.0%, Unique: 183
  Dir Acc: 60.11%, Pred Sharpe: 38.6214
  Composite: 0.4812 (dist_match: 0.6011, actual_pos: 60.1%, pred_pos: 100.0%)
  Collapse penalty: 0.000000 (threshold: 0.005000)
  Saved validation predictions to: experiments/12_feature_ablation/market_only_weekly_7q_h1_s42/collapse_monitoring/val_predictions_epoch86.npy
  Gradient norms:
    lstm_encoder: 0.040410
    lstm_decoder: 0.024474
    output_layer: 0.376221
  VSN output std:
    encoder: 0.191541
  Attention entropy: 2.212667
  Saved to: experiments/12_feature_ablation/market_only_weekly_7q_h1_s42/collapse_monitoring/collapse_monitor_latest.json
[DEBUG CollapseMonitor] on_validation_epoch_start called for epoch 87
[DEBUG CollapseMonitor] reset_temporal_state() called on loss function
Epoch 87: val_loss=1.0500290393829346
Epoch 87: train_loss=0.8995005488395691

[CollapseMonitor] Epoch 87
  [DEBUG] Processed 12 batches from val_dataloader
  [DEBUG] Predictions shape after concat: (183,)
  Pred std: 0.190588, range: 0.763915, mean: 0.466782
  Pos: 100.0%, Neg: 0.0%, Unique: 183
  Dir Acc: 60.11%, Pred Sharpe: 38.8792
  Composite: 0.4812 (dist_match: 0.6011, actual_pos: 60.1%, pred_pos: 100.0%)
  Collapse penalty: 0.000000 (threshold: 0.005000)
  Saved validation predictions to: experiments/12_feature_ablation/market_only_weekly_7q_h1_s42/collapse_monitoring/val_predictions_epoch87.npy
  Gradient norms:
    lstm_encoder: 0.042768
    lstm_decoder: 0.025294
    output_layer: 0.405701
  VSN output std:
    encoder: 0.191990
  Attention entropy: 2.213424
  Saved to: experiments/12_feature_ablation/market_only_weekly_7q_h1_s42/collapse_monitoring/collapse_monitor_latest.json
[DEBUG CollapseMonitor] on_validation_epoch_start called for epoch 88
[DEBUG CollapseMonitor] reset_temporal_state() called on loss function
Epoch 88: val_loss=1.0495259761810303
Epoch 88: train_loss=0.8995493650436401

[CollapseMonitor] Epoch 88
  [DEBUG] Processed 12 batches from val_dataloader
  [DEBUG] Predictions shape after concat: (183,)
  Pred std: 0.189697, range: 0.763232, mean: 0.464642
  Pos: 100.0%, Neg: 0.0%, Unique: 183
  Dir Acc: 60.11%, Pred Sharpe: 38.8828
  Composite: 0.4812 (dist_match: 0.6011, actual_pos: 60.1%, pred_pos: 100.0%)
  Collapse penalty: 0.000000 (threshold: 0.005000)
  Saved validation predictions to: experiments/12_feature_ablation/market_only_weekly_7q_h1_s42/collapse_monitoring/val_predictions_epoch88.npy
  Gradient norms:
    lstm_encoder: 0.040945
    lstm_decoder: 0.023531
    output_layer: 0.354197
  VSN output std:
    encoder: 0.192162
  Attention entropy: 2.205934
  Saved to: experiments/12_feature_ablation/market_only_weekly_7q_h1_s42/collapse_monitoring/collapse_monitor_latest.json
[DEBUG CollapseMonitor] on_validation_epoch_start called for epoch 89
[DEBUG CollapseMonitor] reset_temporal_state() called on loss function
Epoch 89: val_loss=1.049761176109314
Epoch 89: train_loss=0.894085705280304

[CollapseMonitor] Epoch 89
  [DEBUG] Processed 12 batches from val_dataloader
  [DEBUG] Predictions shape after concat: (183,)
  Pred std: 0.189818, range: 0.761620, mean: 0.466316
  Pos: 100.0%, Neg: 0.0%, Unique: 183
  Dir Acc: 60.11%, Pred Sharpe: 38.9981
  Composite: 0.4812 (dist_match: 0.6011, actual_pos: 60.1%, pred_pos: 100.0%)
  Collapse penalty: 0.000000 (threshold: 0.005000)
  Saved validation predictions to: experiments/12_feature_ablation/market_only_weekly_7q_h1_s42/collapse_monitoring/val_predictions_epoch89.npy
  Gradient norms:
    lstm_encoder: 0.041354
    lstm_decoder: 0.024277
    output_layer: 0.367867
  VSN output std:
    encoder: 0.192121
  Attention entropy: 2.208090
  Saved to: experiments/12_feature_ablation/market_only_weekly_7q_h1_s42/collapse_monitoring/collapse_monitor_latest.json
[DEBUG CollapseMonitor] on_validation_epoch_start called for epoch 90
[DEBUG CollapseMonitor] reset_temporal_state() called on loss function
Epoch 90: val_loss=1.0495814085006714
Epoch 90: train_loss=0.9006956815719604

[CollapseMonitor] Epoch 90
  [DEBUG] Processed 12 batches from val_dataloader
  [DEBUG] Predictions shape after concat: (183,)
  Pred std: 0.189796, range: 0.755454, mean: 0.469426
  Pos: 100.0%, Neg: 0.0%, Unique: 183
  Dir Acc: 60.11%, Pred Sharpe: 39.2627
  Composite: 0.4812 (dist_match: 0.6011, actual_pos: 60.1%, pred_pos: 100.0%)
  Collapse penalty: 0.000000 (threshold: 0.005000)
  Saved validation predictions to: experiments/12_feature_ablation/market_only_weekly_7q_h1_s42/collapse_monitoring/val_predictions_epoch90.npy
  Gradient norms:
    lstm_encoder: 0.044574
    lstm_decoder: 0.026416
    output_layer: 0.399529
  VSN output std:
    encoder: 0.192035
  Attention entropy: 2.209399
  Saved to: experiments/12_feature_ablation/market_only_weekly_7q_h1_s42/collapse_monitoring/collapse_monitor_latest.json
[DEBUG CollapseMonitor] on_validation_epoch_start called for epoch 91
[DEBUG CollapseMonitor] reset_temporal_state() called on loss function
Epoch 91: val_loss=1.049548625946045
Epoch 91: train_loss=0.8977437615394592

[CollapseMonitor] Epoch 91
  [DEBUG] Processed 12 batches from val_dataloader
  [DEBUG] Predictions shape after concat: (183,)
  Pred std: 0.189711, range: 0.751247, mean: 0.473038
  Pos: 100.0%, Neg: 0.0%, Unique: 183
  Dir Acc: 60.11%, Pred Sharpe: 39.5825
  Composite: 0.4812 (dist_match: 0.6011, actual_pos: 60.1%, pred_pos: 100.0%)
  Collapse penalty: 0.000000 (threshold: 0.005000)
  Saved validation predictions to: experiments/12_feature_ablation/market_only_weekly_7q_h1_s42/collapse_monitoring/val_predictions_epoch91.npy
  Gradient norms:
    lstm_encoder: 0.044363
    lstm_decoder: 0.026159
    output_layer: 0.393858
  VSN output std:
    encoder: 0.192025
  Attention entropy: 2.210734
  Saved to: experiments/12_feature_ablation/market_only_weekly_7q_h1_s42/collapse_monitoring/collapse_monitor_latest.json
[DEBUG CollapseMonitor] on_validation_epoch_start called for epoch 92
[DEBUG CollapseMonitor] reset_temporal_state() called on loss function
Epoch 92: val_loss=1.0493717193603516
Epoch 92: train_loss=0.899409830570221

[CollapseMonitor] Epoch 92
  [DEBUG] Processed 12 batches from val_dataloader
  [DEBUG] Predictions shape after concat: (183,)
  Pred std: 0.189684, range: 0.747229, mean: 0.478017
  Pos: 100.0%, Neg: 0.0%, Unique: 183
  Dir Acc: 60.11%, Pred Sharpe: 40.0049
  Composite: 0.4812 (dist_match: 0.6011, actual_pos: 60.1%, pred_pos: 100.0%)
  Collapse penalty: 0.000000 (threshold: 0.005000)
  Saved validation predictions to: experiments/12_feature_ablation/market_only_weekly_7q_h1_s42/collapse_monitoring/val_predictions_epoch92.npy
  Gradient norms:
    lstm_encoder: 0.042822
    lstm_decoder: 0.024859
    output_layer: 0.365839
  VSN output std:
    encoder: 0.192238
  Attention entropy: 2.212575
  Saved to: experiments/12_feature_ablation/market_only_weekly_7q_h1_s42/collapse_monitoring/collapse_monitor_latest.json
[DEBUG CollapseMonitor] on_validation_epoch_start called for epoch 93
[DEBUG CollapseMonitor] reset_temporal_state() called on loss function
Epoch 93: val_loss=1.0495898723602295
Epoch 93: train_loss=0.896769642829895

[CollapseMonitor] Epoch 93
  [DEBUG] Processed 12 batches from val_dataloader
  [DEBUG] Predictions shape after concat: (183,)
  Pred std: 0.189853, range: 0.747183, mean: 0.467353
  Pos: 100.0%, Neg: 0.0%, Unique: 183
  Dir Acc: 60.11%, Pred Sharpe: 39.0777
  Composite: 0.4812 (dist_match: 0.6011, actual_pos: 60.1%, pred_pos: 100.0%)
  Collapse penalty: 0.000000 (threshold: 0.005000)
  Saved validation predictions to: experiments/12_feature_ablation/market_only_weekly_7q_h1_s42/collapse_monitoring/val_predictions_epoch93.npy
  Gradient norms:
    lstm_encoder: 0.042320
    lstm_decoder: 0.025109
    output_layer: 0.383370
  VSN output std:
    encoder: 0.192200
  Attention entropy: 2.215247
  Saved to: experiments/12_feature_ablation/market_only_weekly_7q_h1_s42/collapse_monitoring/collapse_monitor_latest.json
[DEBUG CollapseMonitor] on_validation_epoch_start called for epoch 94
[DEBUG CollapseMonitor] reset_temporal_state() called on loss function
Epoch 94: val_loss=1.0494757890701294
Epoch 94: train_loss=0.8994671702384949

[CollapseMonitor] Epoch 94
  [DEBUG] Processed 12 batches from val_dataloader
  [DEBUG] Predictions shape after concat: (183,)
  Pred std: 0.188695, range: 0.742669, mean: 0.474532
  Pos: 100.0%, Neg: 0.0%, Unique: 183
  Dir Acc: 60.11%, Pred Sharpe: 39.9214
  Composite: 0.4812 (dist_match: 0.6011, actual_pos: 60.1%, pred_pos: 100.0%)
  Collapse penalty: 0.000000 (threshold: 0.005000)
  Saved validation predictions to: experiments/12_feature_ablation/market_only_weekly_7q_h1_s42/collapse_monitoring/val_predictions_epoch94.npy
  Gradient norms:
    lstm_encoder: 0.042937
    lstm_decoder: 0.025369
    output_layer: 0.392389
  VSN output std:
    encoder: 0.192307
  Attention entropy: 2.215801
  Saved to: experiments/12_feature_ablation/market_only_weekly_7q_h1_s42/collapse_monitoring/collapse_monitor_latest.json
[DEBUG CollapseMonitor] on_validation_epoch_start called for epoch 95
[DEBUG CollapseMonitor] reset_temporal_state() called on loss function
Epoch 95: val_loss=1.0493438243865967
Epoch 95: train_loss=0.9025076627731323

[CollapseMonitor] Epoch 95
  [DEBUG] Processed 12 batches from val_dataloader
  [DEBUG] Predictions shape after concat: (183,)
  Pred std: 0.190082, range: 0.746180, mean: 0.478221
  Pos: 100.0%, Neg: 0.0%, Unique: 183
  Dir Acc: 60.11%, Pred Sharpe: 39.9382
  Composite: 0.4812 (dist_match: 0.6011, actual_pos: 60.1%, pred_pos: 100.0%)
  Collapse penalty: 0.000000 (threshold: 0.005000)
  Saved validation predictions to: experiments/12_feature_ablation/market_only_weekly_7q_h1_s42/collapse_monitoring/val_predictions_epoch95.npy
  Gradient norms:
    lstm_encoder: 0.043147
    lstm_decoder: 0.025787
    output_layer: 0.382172
  VSN output std:
    encoder: 0.192329
  Attention entropy: 2.215291
  Saved to: experiments/12_feature_ablation/market_only_weekly_7q_h1_s42/collapse_monitoring/collapse_monitor_latest.json
[DEBUG CollapseMonitor] on_validation_epoch_start called for epoch 96
[DEBUG CollapseMonitor] reset_temporal_state() called on loss function
Epoch 96: val_loss=1.0492534637451172
Epoch 96: train_loss=0.9003995656967163

[CollapseMonitor] Epoch 96
  [DEBUG] Processed 12 batches from val_dataloader
  [DEBUG] Predictions shape after concat: (183,)
  Pred std: 0.190059, range: 0.747541, mean: 0.472472
  Pos: 100.0%, Neg: 0.0%, Unique: 183
  Dir Acc: 60.11%, Pred Sharpe: 39.4628
  Composite: 0.4812 (dist_match: 0.6011, actual_pos: 60.1%, pred_pos: 100.0%)
  Collapse penalty: 0.000000 (threshold: 0.005000)
  Saved validation predictions to: experiments/12_feature_ablation/market_only_weekly_7q_h1_s42/collapse_monitoring/val_predictions_epoch96.npy
  Gradient norms:
    lstm_encoder: 0.045223
    lstm_decoder: 0.026014
    output_layer: 0.370220
  VSN output std:
    encoder: 0.192315
  Attention entropy: 2.213790
  Saved to: experiments/12_feature_ablation/market_only_weekly_7q_h1_s42/collapse_monitoring/collapse_monitor_latest.json
[DEBUG CollapseMonitor] on_validation_epoch_start called for epoch 97
[DEBUG CollapseMonitor] reset_temporal_state() called on loss function
Epoch 97: val_loss=1.0494532585144043
Epoch 97: train_loss=0.899017870426178

[CollapseMonitor] Epoch 97
  [DEBUG] Processed 12 batches from val_dataloader
  [DEBUG] Predictions shape after concat: (183,)
  Pred std: 0.189654, range: 0.748394, mean: 0.462962
  Pos: 100.0%, Neg: 0.0%, Unique: 183
  Dir Acc: 60.11%, Pred Sharpe: 38.7511
  Composite: 0.4812 (dist_match: 0.6011, actual_pos: 60.1%, pred_pos: 100.0%)
  Collapse penalty: 0.000000 (threshold: 0.005000)
  Saved validation predictions to: experiments/12_feature_ablation/market_only_weekly_7q_h1_s42/collapse_monitoring/val_predictions_epoch97.npy
  Gradient norms:
    lstm_encoder: 0.042808
    lstm_decoder: 0.027118
    output_layer: 0.437994
  VSN output std:
    encoder: 0.192343
  Attention entropy: 2.214693
  Saved to: experiments/12_feature_ablation/market_only_weekly_7q_h1_s42/collapse_monitoring/collapse_monitor_latest.json
[DEBUG CollapseMonitor] on_validation_epoch_start called for epoch 98
[DEBUG CollapseMonitor] reset_temporal_state() called on loss function
Epoch 98: val_loss=1.0495506525039673
Epoch 98: train_loss=0.8973406553268433

[CollapseMonitor] Epoch 98
  [DEBUG] Processed 12 batches from val_dataloader
  [DEBUG] Predictions shape after concat: (183,)
  Pred std: 0.189750, range: 0.750207, mean: 0.463076
  Pos: 100.0%, Neg: 0.0%, Unique: 183
  Dir Acc: 60.11%, Pred Sharpe: 38.7410
  Composite: 0.4812 (dist_match: 0.6011, actual_pos: 60.1%, pred_pos: 100.0%)
  Collapse penalty: 0.000000 (threshold: 0.005000)
  Saved validation predictions to: experiments/12_feature_ablation/market_only_weekly_7q_h1_s42/collapse_monitoring/val_predictions_epoch98.npy
  Gradient norms:
    lstm_encoder: 0.043336
    lstm_decoder: 0.025022
    output_layer: 0.390232
  VSN output std:
    encoder: 0.192340
  Attention entropy: 2.214400
  Saved to: experiments/12_feature_ablation/market_only_weekly_7q_h1_s42/collapse_monitoring/collapse_monitor_latest.json
[DEBUG CollapseMonitor] on_validation_epoch_start called for epoch 99
[DEBUG CollapseMonitor] reset_temporal_state() called on loss function
Epoch 99: val_loss=1.0494095087051392
Epoch 99: train_loss=0.9010211825370789

[CollapseMonitor] Epoch 99
  [DEBUG] Processed 12 batches from val_dataloader
  [DEBUG] Predictions shape after concat: (183,)
  Pred std: 0.189986, range: 0.748800, mean: 0.461480
  Pos: 100.0%, Neg: 0.0%, Unique: 183
  Dir Acc: 60.11%, Pred Sharpe: 38.5595
  Composite: 0.4812 (dist_match: 0.6011, actual_pos: 60.1%, pred_pos: 100.0%)
  Collapse penalty: 0.000000 (threshold: 0.005000)
  Saved validation predictions to: experiments/12_feature_ablation/market_only_weekly_7q_h1_s42/collapse_monitoring/val_predictions_epoch99.npy
  Gradient norms:
    lstm_encoder: 0.050426
    lstm_decoder: 0.029237
    output_layer: 0.426334
  VSN output std:
    encoder: 0.192326
  Attention entropy: 2.213513
  Saved to: experiments/12_feature_ablation/market_only_weekly_7q_h1_s42/collapse_monitoring/collapse_monitor_latest.json


======================================================================
Training complete
======================================================================

Best val_loss checkpoint: experiments/12_feature_ablation/market_only_weekly_7q_h1_s42/checkpoints/tft-epoch=epoch=84-valloss=val_loss=1.0490.ckpt
Best validation loss: 1.049046
Checkpoints saved:
  - Best val_loss: experiments/12_feature_ablation/market_only_weekly_7q_h1_s42/checkpoints/tft-epoch=epoch=84-valloss=val_loss=1.0490.ckpt
  - Best pred_std: experiments/12_feature_ablation/market_only_weekly_7q_h1_s42/checkpoints/tft-epoch=epoch=43-predstd=val_pred_std=0.2228.ckpt
  - Best unique: experiments/12_feature_ablation/market_only_weekly_7q_h1_s42/checkpoints/tft-epoch=epoch=00-unique=val_num_unique=183.ckpt
  - Best dir_acc: experiments/12_feature_ablation/market_only_weekly_7q_h1_s42/checkpoints/tft-epoch=epoch=34-diracc=val_dir_acc=0.6120.ckpt
  - Best sharpe: experiments/12_feature_ablation/market_only_weekly_7q_h1_s42/checkpoints/tft-epoch=epoch=14-sharpe=val_sharpe=222.1407.ckpt
  - Best composite: experiments/12_feature_ablation/market_only_weekly_7q_h1_s42/checkpoints/tft-epoch=epoch=38-composite=val_composite=0.5100.ckpt
Completed at: 2025-12-12 16:27:31
Log saved to: experiments/12_feature_ablation/market_only_weekly_7q_h1_s42/training_20251212_161227.log
======================================================================
