Date,SP500_Returns,VIX,Treasury_10Y,Yield_Spread,Inflation_YoY,CPI
2006-01-03,1.6430484201434892,11.14,4.37,0.03,3.451882845188292,197.8
2006-01-04,0.3672692252556953,11.37,4.36,0.05,3.451882845188292,197.8
2006-01-05,0.0015720581615585,11.31,4.36,0.04,3.451882845188292,197.8
2006-01-06,0.9399418040885844,11.0,4.38,0.02,3.451882845188292,197.8
2006-01-09,0.3656364246544807,11.13,4.38,0.02,3.451882845188292,197.8
2006-01-10,-0.0356612021165103,10.86,4.43,0.02,3.451882845188292,197.8
2006-01-11,0.3481544021186611,10.94,4.46,0.02,3.451882845188292,197.8
2006-01-12,-0.6274239116809244,11.2,4.42,0.03,3.451882845188292,197.8
2006-01-13,0.1205174476460513,11.23,4.36,0.02,3.451882845188292,197.8
2006-01-17,-0.3634587875106621,11.91,4.34,0.01,3.451882845188292,197.8
2006-01-18,-0.3897328607695538,12.25,4.34,0.01,3.399581589958167,197.7
2006-01-19,0.5563673325403196,11.98,4.38,0.01,3.399581589958167,197.7
2006-01-20,-1.8326315221513176,14.56,4.37,0.0,3.399581589958167,197.7
2006-01-23,0.1846987350454298,13.93,4.36,0.01,3.4536891679748827,197.7
2006-01-24,0.2405436843615493,13.31,4.4,0.03,3.4536891679748827,197.7
2006-01-25,-0.1720736044891424,12.87,4.49,0.03,3.4536891679748827,197.7
2006-01-26,0.7234954261278626,12.42,4.53,0.04,3.4536891679748827,197.7
2006-01-27,0.7763999112620157,11.97,4.52,0.01,3.4536891679748827,197.7
2006-01-30,0.1145086729717137,12.39,4.54,0.02,3.4536891679748827,197.7
2006-01-31,-0.3976054579116317,12.95,4.53,-0.01,3.4536891679748827,197.7
2006-02-01,0.1859262674612782,12.36,4.57,-0.02,3.4536891679748827,197.7
2006-02-02,-0.9060707913791766,13.23,4.57,-0.02,3.4536891679748827,197.7
2006-02-03,-0.5358610609197956,12.96,4.54,-0.05,3.4536891679748827,197.7
2006-02-06,0.0783201515335507,13.04,4.55,-0.07,3.4536891679748827,197.7
2006-02-07,-0.8094725835381955,13.59,4.57,-0.04,3.4536891679748827,197.7
2006-02-08,0.8662869079354651,12.83,4.56,-0.08,3.4536891679748827,197.7
2006-02-09,-0.1477497792530147,13.12,4.54,-0.12,3.4536891679748827,197.7
2006-02-10,0.2539968082329924,12.87,4.59,-0.1,3.4536891679748827,197.7
2006-02-13,-0.3259698114938203,13.35,4.58,-0.1,3.4536891679748827,197.7
2006-02-14,1.0032817645881265,12.25,4.62,-0.07,3.4536891679748827,197.7
2006-02-15,0.3504402562430453,12.31,4.61,-0.1,3.4536891679748827,197.7
2006-02-16,0.7328128814697354,11.48,4.59,-0.1,3.4536891679748827,197.7
2006-02-17,-0.1659723774475652,12.01,4.54,-0.12,3.4536891679748827,197.7
2006-02-21,-0.3270533054782976,12.41,4.57,-0.14,3.4536891679748827,197.7
2006-02-22,0.7513475466915054,11.88,4.53,-0.15,4.133961276818421,199.0
2006-02-23,-0.3775135739912727,11.87,4.56,-0.16,4.079497907949792,199.0
2006-02-24,0.1273510897499497,11.46,4.58,-0.16,4.079497907949792,199.0
2006-02-27,0.36372204857118,11.59,4.59,-0.15,4.0250914793517945,199.0
2006-02-28,-1.0400860034838644,12.34,4.55,-0.14,4.0250914793517945,199.0
2006-03-01,0.8261330698481784,11.54,4.59,-0.12,4.0250914793517945,199.0
2006-03-02,-0.1626324774495535,11.72,4.64,-0.08,4.0250914793517945,199.0
2006-03-03,-0.1481634390356312,11.96,4.68,-0.08,4.0250914793517945,199.0
2006-03-06,-0.6968428982565,12.74,4.74,-0.03,4.0250914793517945,199.0
2006-03-07,-0.1861909834172892,12.66,4.74,-0.03,4.0250914793517945,199.0
2006-03-08,0.2029944673794359,12.32,4.73,0.01,4.0250914793517945,199.0
2006-03-09,-0.4880826595358489,12.68,4.74,0.02,4.0250914793517945,199.0
2006-03-10,0.7223586629499623,11.85,4.76,0.02,4.0250914793517945,199.0
2006-03-13,0.2114810791593591,11.37,4.77,0.03,4.0250914793517945,199.0
2006-03-14,1.039612464094386,10.74,4.71,0.05,4.0250914793517945,199.0
2006-03-15,0.4269845505052494,11.35,4.73,0.04,4.0250914793517945,199.0
2006-03-16,0.1772755973671547,11.98,4.65,0.03,4.077365394668053,199.1
2006-03-17,0.1470926133585237,12.12,4.68,0.03,4.077365394668053,199.1
2006-03-20,-0.1660006842847616,11.79,4.66,0.01,4.077365394668053,199.1
2006-03-21,-0.601493843309675,11.62,4.71,-0.01,4.077365394668053,199.1
2006-03-22,0.6020565906847075,11.21,4.7,-0.04,4.077365394668053,199.1
2006-03-23,-0.2582292509284545,11.17,4.73,-0.04,4.077365394668053,199.1
2006-03-24,0.0983280849487178,11.19,4.67,-0.05,4.077365394668053,199.1
2006-03-27,-0.1028409279348996,11.46,4.7,-0.02,3.697916666666656,199.1
2006-03-28,-0.643818423116127,11.58,4.79,-0.02,3.697916666666656,199.1
2006-03-29,0.7469695510914587,10.95,4.81,-0.01,3.697916666666656,199.1
2006-03-30,-0.2026275908753372,11.57,4.86,0.02,3.697916666666656,199.1
2006-03-31,-0.4137669588781034,11.39,4.86,0.04,3.697916666666656,199.1
2006-04-03,0.2270547226863817,11.57,4.88,0.02,3.697916666666656,199.1
2006-04-04,0.6256689924245107,11.14,4.87,0.03,3.697916666666656,199.1
2006-04-05,0.4311107525869495,11.13,4.84,0.03,3.697916666666656,199.1
2006-04-06,-0.1921390877023143,11.45,4.9,0.06,3.697916666666656,199.1
2006-04-07,-1.0343487333051349,12.26,4.97,0.08,3.697916666666656,199.1
2006-04-10,0.086452730002895,12.19,4.97,0.08,3.697916666666656,199.1
2006-04-11,-0.7750959314195005,13.0,4.93,0.05,3.697916666666656,199.1
2006-04-12,0.1204791727488885,12.76,4.98,0.07,3.697916666666656,199.1
2006-04-13,0.077632519003723,12.38,5.05,0.09,3.697916666666656,199.1
2006-04-17,-0.294002038356056,12.58,5.01,0.1,3.697916666666656,199.1
2006-04-18,1.7077384012400332,11.4,4.99,0.15,3.697916666666656,199.1
2006-04-19,0.2027128354043395,11.32,5.04,0.18,4.062500000000013,199.8
2006-04-20,0.1167930472492306,11.64,5.04,0.15,4.062500000000013,199.8
2006-04-21,-0.0137199492157069,11.59,5.01,0.11,4.062500000000013,199.8
2006-04-24,-0.2417518664577178,11.75,4.99,0.1,3.4161490683229934,199.8
2006-04-25,-0.4869617378140844,11.75,5.07,0.12,3.4161490683229934,199.8
2006-04-26,0.2819337173971092,11.76,5.12,0.13,3.4161490683229934,199.8
2006-04-27,0.330159598179125,11.84,5.09,0.18,3.4161490683229934,199.8
2006-04-28,0.0679545756609112,11.59,5.07,0.2,3.4161490683229934,199.8
2006-05-01,-0.4135512475787029,12.54,5.14,0.2,3.4161490683229934,199.8
2006-05-02,0.6144714479341618,11.99,5.12,0.2,3.4161490683229934,199.8
2006-05-03,-0.3875972595181021,11.99,5.15,0.21,3.4161490683229934,199.8
2006-05-04,0.3157206447595539,11.86,5.16,0.19,3.4161490683229934,199.8
2006-05-05,1.0295301783673103,11.62,5.12,0.18,3.4161490683229934,199.8
2006-05-08,-0.0829694347268761,12.0,5.12,0.15,3.4161490683229934,199.8
2006-05-09,0.0362342379452318,11.99,5.13,0.16,3.4161490683229934,199.8
2006-05-10,-0.1728148751969804,11.78,5.13,0.12,3.4161490683229934,199.8
2006-05-11,-1.2798073820219913,12.49,5.14,0.15,3.4161490683229934,199.8
2006-05-12,-1.1241158123729833,14.19,5.19,0.18,3.4161490683229934,199.8
2006-05-15,0.2524712516867922,13.57,5.15,0.16,3.4161490683229934,199.8
2006-05-16,-0.1869481610901946,13.35,5.1,0.14,3.4161490683229934,199.8
2006-05-17,-1.684107060376383,16.26,5.16,0.19,4.037267080745344,201.0
2006-05-18,-0.6699011316142922,16.99,5.08,0.14,4.037267080745344,201.0
2006-05-19,0.4136891022205491,17.18,5.05,0.09,4.037267080745344,201.0
2006-05-22,-0.3914732005653398,17.72,5.04,0.1,3.501544799176104,201.0
2006-05-23,-0.4349988881771183,18.26,5.07,0.1,3.501544799176104,201.0
2006-05-24,0.1583655878630185,17.36,5.03,0.09,3.501544799176104,201.0
2006-05-25,1.1370093999100828,15.5,5.07,0.09,3.501544799176104,201.0
2006-05-26,0.5719336676629716,14.26,5.06,0.1,3.501544799176104,201.0
2006-05-30,-1.5849611392923737,18.66,5.09,0.1,3.501544799176104,201.0
2006-05-31,0.8111924835684681,16.44,5.12,0.08,3.501544799176104,201.0
2006-06-01,1.2298337548946048,14.52,5.11,0.07,3.501544799176104,201.0
2006-06-02,0.1952236384475725,14.32,5.0,0.08,3.501544799176104,201.0
2006-06-05,-1.7799702040102394,16.65,5.02,0.03,3.501544799176104,201.0
2006-06-06,-0.1138129149921618,17.34,5.01,0.02,3.501544799176104,201.0
2006-06-07,-0.609245663695579,17.8,5.02,0.0,3.501544799176104,201.0
2006-06-08,0.1417051516362732,18.35,5.0,-0.01,3.501544799176104,201.0
2006-06-09,-0.447561044129896,18.12,4.98,-0.03,3.501544799176104,201.0
2006-06-12,-1.1866251571083786,20.96,4.99,-0.03,3.501544799176104,201.0
2006-06-13,-1.111165038391615,23.81,4.97,-0.05,3.501544799176104,201.0
2006-06-14,0.5189302813874974,21.46,5.05,-0.06,3.964984552008244,201.9
2006-06-15,2.1235077141956493,15.9,5.1,-0.04,3.964984552008244,201.9
2006-06-16,-0.3677871442713476,17.25,5.13,-0.03,3.964984552008244,201.9
2006-06-19,-0.9116795167204206,17.83,5.14,-0.05,4.0185471406491535,201.9
2006-06-20,-0.0008071545390841,16.69,5.15,-0.04,4.0185471406491535,201.9
2006-06-21,0.9740957409162698,15.52,5.16,-0.04,4.0185471406491535,201.9
2006-06-22,-0.5270704235182944,15.88,5.2,-0.03,4.0185471406491535,201.9
2006-06-23,-0.0883088959134026,15.89,5.23,-0.04,4.0185471406491535,201.9
2006-06-26,0.4869472554238641,15.62,5.25,-0.02,4.0185471406491535,201.9
2006-06-27,-0.908401587257579,16.4,5.21,-0.03,4.0185471406491535,201.9
2006-06-28,0.5487450852216691,15.79,5.25,-0.04,4.0185471406491535,201.9
2006-06-29,2.1565004106891994,13.03,5.22,0.01,4.0185471406491535,201.9
2006-06-30,-0.2097656442177853,13.08,5.15,-0.01,4.0185471406491535,201.9
2006-07-03,0.7864895778934899,13.05,5.15,-0.02,4.0185471406491535,201.9
2006-07-05,-0.7248851851131444,14.15,5.23,-0.01,4.0185471406491535,201.9
2006-07-06,0.2494214216387069,13.65,5.19,-0.03,4.0185471406491535,201.9
2006-07-07,-0.6749949675504019,13.97,5.14,-0.03,4.0185471406491535,201.9
2006-07-10,0.1469786468588418,14.02,5.13,-0.04,4.0185471406491535,201.9
2006-07-11,0.4016355538295046,13.14,5.1,-0.07,4.0185471406491535,201.9
2006-07-12,-1.086902819111013,14.49,5.1,-0.07,4.0185471406491535,201.9
2006-07-13,-1.2966746071534585,17.79,5.08,-0.04,4.0185471406491535,201.9
2006-07-14,-0.489428951734927,18.05,5.07,-0.01,4.0185471406491535,201.9
2006-07-17,-0.1383239771105771,18.64,5.07,-0.05,4.0185471406491535,201.9
2006-07-18,0.1919817200573215,17.74,5.13,-0.06,4.0185471406491535,201.9
2006-07-19,1.8555110128867456,15.55,5.06,-0.06,4.224626481195259,202.3
2006-07-20,-0.8477511064532206,16.21,5.03,-0.03,4.224626481195259,202.3
2006-07-21,-0.7076898149718125,17.4,5.05,-0.03,4.224626481195259,202.3
2006-07-24,1.6625139659086186,14.98,5.05,-0.05,4.224626481195259,202.3
2006-07-25,0.6320808374175702,14.85,5.07,-0.04,4.224626481195259,202.3
2006-07-26,-0.037827096880949,14.62,5.04,-0.02,4.224626481195259,202.3
2006-07-27,-0.4099710771126585,14.94,5.07,0.0,4.224626481195259,202.3
2006-07-28,1.215175605572938,14.33,5.0,0.02,4.224626481195259,202.3
2006-07-31,-0.1478248466041498,14.95,4.99,0.02,4.224626481195259,202.3
2006-08-01,-0.4496099259552077,15.05,4.99,0.02,4.224626481195259,202.3
2006-08-02,0.5106529136347682,14.34,4.96,-0.01,4.224626481195259,202.3
2006-08-03,0.2238893757711135,14.46,4.96,-0.02,4.224626481195259,202.3
2006-08-04,-0.0710814254652802,14.34,4.91,0.0,4.224626481195259,202.3
2006-08-07,-0.2806063861162555,15.23,4.93,-0.03,4.224626481195259,202.3
2006-08-08,-0.3362705657620202,15.23,4.93,0.02,4.224626481195259,202.3
2006-08-09,-0.4349285385394918,15.2,4.92,0.01,4.224626481195259,202.3
2006-08-10,0.4629019825349578,14.46,4.93,0.0,4.224626481195259,202.3
2006-08-11,-0.3986498082096501,14.3,4.97,0.01,4.224626481195259,202.3
2006-08-14,0.1160436012486609,14.26,5.0,-0.01,4.224626481195259,202.3
2006-08-15,1.3696466399260254,13.42,4.93,-0.01,4.224626481195259,202.3
2006-08-16,0.7661987579892671,12.41,4.87,0.0,4.688304997424009,203.2
2006-08-17,0.1582429519787709,12.24,4.87,-0.02,4.688304997424009,203.2
2006-08-18,0.3714946228020821,11.64,4.84,-0.03,4.151717068170169,203.2
2006-08-21,-0.3670451599211977,12.22,4.82,-0.03,4.151717068170169,203.2
2006-08-22,0.1001854875643637,12.19,4.82,-0.05,4.151717068170169,203.2
2006-08-23,-0.4488656084582487,12.4,4.82,-0.05,4.151717068170169,203.2
2006-08-24,0.2374394529395029,12.4,4.81,-0.07,4.151717068170169,203.2
2006-08-25,-0.0748493688240037,12.31,4.79,-0.07,4.151717068170169,203.2
2006-08-28,0.5165713311912734,12.18,4.8,-0.08,4.151717068170169,203.2
2006-08-29,0.1920447344203157,12.28,4.79,-0.08,4.151717068170169,203.2
2006-08-30,0.0835683899031991,12.22,4.76,-0.07,4.151717068170169,203.2
2006-08-31,-0.1187440215358881,12.31,4.74,-0.05,4.151717068170169,203.2
2006-09-01,0.551461380616769,11.96,4.73,-0.04,4.151717068170169,203.2
2006-09-05,0.1708598880015843,12.63,4.78,-0.02,4.151717068170169,203.2
2006-09-06,-0.98914831405863,13.74,4.8,-0.02,4.151717068170169,203.2
2006-09-07,-0.4799032645401269,13.88,4.8,-0.02,4.151717068170169,203.2
2006-09-08,0.3786668165951079,13.16,4.78,-0.02,4.151717068170169,203.2
2006-09-11,0.0477315844094938,12.99,4.8,-0.03,4.151717068170169,203.2
2006-09-12,1.035748074927345,11.92,4.78,-0.04,4.151717068170169,203.2
2006-09-13,0.386134523157855,11.18,4.77,-0.03,4.151717068170169,203.2
2006-09-14,-0.1357983312818,11.55,4.79,-0.04,4.151717068170169,203.2
2006-09-15,0.2567846360639558,11.76,4.8,-0.07,4.407995899538686,203.7
2006-09-18,0.11518266007009,11.78,4.81,-0.07,4.407995899538686,203.7
2006-09-19,-0.2679452397541637,11.98,4.74,-0.05,3.87557368689444,203.7
2006-09-20,0.5722381666218412,11.39,4.73,-0.08,3.87557368689444,203.7
2006-09-21,-0.5395511646919315,12.25,4.65,-0.06,3.87557368689444,203.7
2006-09-22,-0.2465801178850091,12.59,4.6,-0.07,3.87557368689444,203.7
2006-09-25,0.8815136800115919,12.12,4.56,-0.07,3.87557368689444,203.7
2006-09-26,0.7524280936307193,11.53,4.59,-0.09,3.87557368689444,203.7
2006-09-27,0.0179586364918993,11.58,4.6,-0.06,3.87557368689444,203.7
2006-09-28,0.1713344496862667,11.72,4.63,-0.05,3.87557368689444,203.7
2006-09-29,-0.2263107437428746,11.98,4.64,-0.07,3.87557368689444,203.7
2006-10-02,-0.339112129330843,12.57,4.62,-0.04,3.87557368689444,203.7
2006-10-03,0.2095693879053728,12.24,4.62,-0.05,3.87557368689444,203.7
2006-10-04,1.2060449286025232,11.86,4.57,-0.03,3.87557368689444,203.7
2006-10-05,0.2236720219570998,11.98,4.61,-0.04,3.87557368689444,203.7
2006-10-06,-0.2682494318293593,11.56,4.7,-0.04,3.87557368689444,203.7
2006-10-10,0.2043452605230422,11.52,4.75,-0.07,3.87557368689444,203.7
2006-10-11,-0.2563943683974057,11.62,4.78,-0.07,3.87557368689444,203.7
2006-10-12,0.9541098076733424,11.09,4.79,-0.06,3.87557368689444,203.7
2006-10-13,0.2047239312655602,10.75,4.81,-0.06,3.87557368689444,203.7
2006-10-16,0.2519048848773852,11.09,4.79,-0.06,3.87557368689444,203.7
2006-10-17,-0.3659452143225272,11.73,4.78,-0.05,3.87557368689444,203.7
2006-10-18,0.1282944127675822,11.34,4.77,-0.08,2.115869017632233,202.7
2006-10-19,0.084925469900976,10.9,4.79,-0.06,2.115869017632233,202.7
2006-10-20,0.119975324464705,10.63,4.79,-0.08,2.115869017632233,202.7
2006-10-23,0.6152304614580828,11.08,4.83,-0.07,2.115869017632233,202.7
2006-10-24,0.0261423469852806,10.78,4.83,-0.08,2.115869017632233,202.7
2006-10-25,0.3513892900401272,10.66,4.78,-0.1,2.115869017632233,202.7
2006-10-26,0.4963019994619788,10.56,4.73,-0.08,2.115869017632233,202.7
2006-10-27,-0.8451630291836709,10.8,4.68,-0.08,2.115869017632233,202.7
2006-10-30,0.0428425737485582,11.2,4.68,-0.1,2.115869017632233,202.7
2006-10-31,0.0007175759964006,11.1,4.61,-0.1,2.115869017632233,202.7
2006-11-01,-0.7351469035843494,11.51,4.57,-0.09,2.115869017632233,202.7
2006-11-02,-0.0343682787302235,11.42,4.6,-0.07,2.115869017632233,202.7
2006-11-03,-0.222323421254178,11.16,4.72,-0.1,2.115869017632233,202.7
2006-11-06,1.1346463325312195,11.16,4.71,-0.11,2.115869017632233,202.7
2006-11-07,0.2217698805944357,11.09,4.66,-0.11,2.115869017632233,202.7
2006-11-08,0.2082674028808684,10.75,4.64,-0.11,2.115869017632233,202.7
2006-11-09,-0.5332978382845854,11.01,4.62,-0.13,2.115869017632233,202.7
2006-11-10,0.1864624902103706,10.79,4.59,-0.14,2.115869017632233,202.7
2006-11-13,0.2549076304596109,10.86,4.61,-0.15,2.115869017632233,202.7
2006-11-14,0.6356399415263114,10.5,4.57,-0.17,2.115869017632233,202.7
2006-11-15,0.2404484328664136,10.31,4.61,-0.19,2.115869017632233,202.7
2006-11-16,0.2284213178895155,10.16,4.66,-0.19,1.6120906801007528,201.7
2006-11-17,0.1028705918303174,10.05,4.61,-0.15,1.4077425842131674,201.7
2006-11-20,-0.0499536965648306,9.97,4.6,-0.16,1.4077425842131674,201.7
2006-11-21,0.1649452762406245,9.9,4.58,-0.17,1.4077425842131674,201.7
2006-11-22,0.2338097881797729,10.14,4.57,-0.17,1.4077425842131674,201.7
2006-11-24,-0.3655537535565023,10.73,4.55,-0.18,1.4077425842131674,201.7
2006-11-27,-1.3555081120842472,12.3,4.54,-0.17,1.4077425842131674,201.7
2006-11-28,0.3444390503467121,11.62,4.51,-0.16,1.4077425842131674,201.7
2006-11-29,0.9201576407062984,10.83,4.52,-0.17,1.4077425842131674,201.7
2006-11-30,0.0821751243399226,10.91,4.46,-0.16,1.4077425842131674,201.7
2006-12-01,-0.2798771932377986,11.66,4.43,-0.09,1.4077425842131674,201.7
2006-12-04,0.888519057411008,11.23,4.43,-0.09,1.4077425842131674,201.7
2006-12-05,0.400250842226435,11.27,4.45,-0.07,1.4077425842131674,201.7
2006-12-06,-0.1314700259212653,11.33,4.48,-0.11,1.4077425842131674,201.7
2006-12-07,-0.3970546574156186,12.67,4.49,-0.09,1.4077425842131674,201.7
2006-12-08,0.1811941168510689,12.07,4.56,-0.12,1.4077425842131674,201.7
2006-12-11,0.2269813113380925,10.71,4.52,-0.15,1.4077425842131674,201.7
2006-12-12,-0.1047373342465185,10.65,4.49,-0.12,1.4077425842131674,201.7
2006-12-13,0.1168850261598963,10.18,4.58,-0.12,1.4077425842131674,201.7
2006-12-14,0.8689458492585622,9.97,4.6,-0.13,1.4077425842131674,201.7
2006-12-15,0.1122403943134342,10.05,4.6,-0.13,1.4077425842131674,201.7
2006-12-18,-0.323033968563613,10.6,4.6,-0.11,1.9716885743174872,201.7
2006-12-19,0.2158250661892236,10.3,4.6,-0.11,1.9716885743174872,201.7
2006-12-20,-0.1417010600862855,10.26,4.6,-0.11,1.9716885743174872,201.7
2006-12-21,-0.3673951628075822,10.53,4.55,-0.11,1.9716885743174872,201.7
2006-12-22,-0.5316251006780903,11.36,4.63,-0.08,1.9716885743174872,201.7
2006-12-26,0.4352274381138388,11.26,4.61,-0.1,1.9716885743174872,201.7
2006-12-27,0.7015273650207154,10.64,4.66,-0.11,1.9716885743174872,201.7
2006-12-28,-0.1478782065337913,10.99,4.7,-0.12,1.9716885743174872,201.7
2006-12-29,-0.4513087903512458,11.56,4.71,-0.11,1.9716885743174872,201.7
2007-01-03,-0.1198669663441287,12.04,4.67,-0.09,1.9716885743174872,201.7
2007-01-04,0.1228286223607488,11.51,4.62,-0.09,1.9716885743174872,201.7
2007-01-05,-0.6084581335068839,12.14,4.65,-0.11,1.9716885743174872,201.7
2007-01-08,0.222031834174663,12.0,4.66,-0.12,1.9716885743174872,201.7
2007-01-09,-0.051667597633831,11.91,4.66,-0.13,1.9716885743174872,201.7
2007-01-10,0.1940351858423339,11.47,4.69,-0.12,1.9716885743174872,201.7
2007-01-11,0.6339874091180642,10.87,4.74,-0.12,1.9716885743174872,201.7
2007-01-12,0.4853165737491727,10.15,4.77,-0.11,1.9716885743174872,201.7
2007-01-16,0.0817795084526729,10.74,4.75,-0.11,1.9716885743174872,201.7
2007-01-17,-0.0893937617885587,10.59,4.79,-0.12,1.9716885743174872,201.7
2007-01-18,-0.2970739969038294,10.85,4.75,-0.14,2.5278058645096024,202.8
2007-01-19,0.2895465339954217,10.4,4.78,-0.15,2.5278058645096024,202.8
2007-01-22,-0.5277909002534109,10.77,4.76,-0.15,2.579666160849792,202.8
2007-01-23,0.3541965097471733,10.34,4.81,-0.13,2.579666160849792,202.8
2007-01-24,0.8501470410478884,9.89,4.81,-0.12,2.579666160849792,202.8
2007-01-25,-1.1269802319041844,11.22,4.87,-0.11,2.579666160849792,202.8
2007-01-26,-0.1207929400684371,11.13,4.88,-0.11,2.579666160849792,202.8
2007-01-29,-0.1096948722968838,11.45,4.9,-0.09,2.579666160849792,202.8
2007-01-30,0.5772093311412707,10.96,4.88,-0.1,2.579666160849792,202.8
2007-01-31,0.6592883847806208,10.42,4.83,-0.11,2.579666160849792,202.8
2007-02-01,0.5353731800087358,10.31,4.84,-0.12,2.579666160849792,202.8
2007-02-02,0.1694450213336473,10.08,4.83,-0.11,2.579666160849792,202.8
2007-02-05,-0.0966607336355007,10.55,4.81,-0.11,2.579666160849792,202.8
2007-02-06,0.0698007430902425,10.65,4.77,-0.13,2.579666160849792,202.8
2007-02-07,0.139504111274169,10.32,4.74,-0.13,2.579666160849792,202.8
2007-02-08,-0.1179267123534444,10.44,4.73,-0.14,2.579666160849792,202.8
2007-02-09,-0.7077213846013231,11.1,4.79,-0.13,2.579666160849792,202.8
2007-02-12,-0.3261382199258644,11.61,4.8,-0.14,2.579666160849792,202.8
2007-02-13,0.7597490309923183,10.34,4.82,-0.13,2.579666160849792,202.8
2007-02-14,0.7644080004882037,10.23,4.74,-0.13,2.579666160849792,202.8
2007-02-15,0.103759342744536,10.22,4.7,-0.13,2.579666160849792,202.8
2007-02-16,-0.0871781138356508,10.02,4.69,-0.14,2.579666160849792,202.8
2007-02-20,0.2844315193901492,10.24,4.68,-0.13,2.579666160849792,202.8
2007-02-21,-0.1404450806129165,10.2,4.69,-0.13,2.758219524532124,203.153
2007-02-22,-0.0857556441492546,10.18,4.73,-0.14,2.758219524532124,203.153
2007-02-23,-0.3563673944411261,10.58,4.68,-0.14,2.758219524532124,203.153
2007-02-26,-0.1254106190468062,11.15,4.63,-0.14,2.086934673366825,203.153
2007-02-27,-3.4725402225963764,18.31,4.5,-0.09,2.086934673366825,203.153
2007-02-28,0.5560889616694542,15.42,4.56,-0.09,2.086934673366825,203.153
2007-03-01,-0.2594434599379802,15.82,4.56,-0.07,2.086934673366825,203.153
2007-03-02,-1.1402751982227732,18.61,4.52,-0.04,2.086934673366825,203.153
2007-03-05,-0.9407677800631232,19.63,4.51,-0.02,2.086934673366825,203.153
2007-03-06,1.549358071940743,15.96,4.53,-0.05,2.086934673366825,203.153
2007-03-07,-0.2465270703449373,15.24,4.5,-0.04,2.086934673366825,203.153
2007-03-08,0.7126622092502144,14.29,4.51,-0.05,2.086934673366825,203.153
2007-03-09,0.0677621754880064,14.09,4.59,-0.07,2.086934673366825,203.153
2007-03-12,0.2680284178691927,13.99,4.56,-0.06,2.086934673366825,203.153
2007-03-13,-2.0368281609082217,18.13,4.5,-0.02,2.086934673366825,203.153
2007-03-14,0.6691166660731218,17.27,4.53,-0.01,2.086934673366825,203.153
2007-03-15,0.3683748343518811,16.43,4.54,-0.03,2.086934673366825,203.153
2007-03-16,-0.3828308970065253,16.79,4.55,-0.03,2.465326633165832,203.906
2007-03-19,1.0894486429815275,14.59,4.58,-0.03,2.465326633165832,203.906
2007-03-20,0.6333453947334089,13.27,4.56,-0.04,2.4138623807132165,203.906
2007-03-21,1.7080881296924757,12.19,4.53,0.02,2.4138623807132165,203.906
2007-03-22,-0.0348422334143783,12.93,4.6,0.02,2.4138623807132165,203.906
2007-03-23,0.1094390010953239,12.95,4.62,0.02,2.4138623807132165,203.906
2007-03-26,0.0967902641591411,13.16,4.6,0.04,2.4138623807132165,203.906
2007-03-27,-0.6184358016304348,13.48,4.62,0.04,2.4138623807132165,203.906
2007-03-28,-0.7965788423361819,14.98,4.62,0.09,2.4138623807132165,203.906
2007-03-29,0.3739723898849467,15.14,4.64,0.06,2.4138623807132165,203.906
2007-03-30,-0.117399556488662,14.64,4.65,0.07,2.4138623807132165,203.906
2007-04-02,0.2597063408502853,14.53,4.65,0.05,2.4138623807132165,203.906
2007-04-03,0.9280102663995704,13.46,4.67,0.04,2.4138623807132165,203.906
2007-04-04,0.1112817463295723,13.24,4.66,0.05,2.4138623807132165,203.906
2007-04-05,0.3049955649575775,13.23,4.68,0.05,2.4138623807132165,203.906
2007-04-09,0.0588723596850027,13.14,4.75,0.02,2.4138623807132165,203.906
2007-04-10,0.2616643478312364,12.68,4.73,0.02,2.4138623807132165,203.906
2007-04-11,-0.6572828751212234,13.49,4.74,0.01,2.4138623807132165,203.906
2007-04-12,0.6206296427920366,12.71,4.74,0.01,2.4138623807132165,203.906
2007-04-13,0.3488000129506785,12.2,4.76,0.0,2.4138623807132165,203.906
2007-04-16,1.065490637634969,11.98,4.74,0.0,2.4138623807132165,203.906
2007-04-17,0.2145311005250061,12.14,4.69,0.01,3.036664992466087,205.146
2007-04-18,0.0693192938258757,12.42,4.66,0.02,3.036664992466087,205.146
2007-04-19,-0.1202050615449867,12.54,4.68,0.04,3.036664992466087,205.146
2007-04-20,0.9260704070808812,12.07,4.68,0.04,3.036664992466087,205.146
2007-04-23,-0.2303986210293818,13.04,4.66,0.04,2.6756756756756594,205.146
2007-04-24,-0.0351143884173899,13.12,4.63,0.05,2.6756756756756594,205.146
2007-04-25,1.0139089454322958,13.21,4.66,0.03,2.6756756756756594,205.146
2007-04-26,-0.0782418257699424,12.79,4.69,0.02,2.6756756756756594,205.146
2007-04-27,-0.0120497715199952,12.45,4.71,0.04,2.6756756756756594,205.146
2007-04-30,-0.7830925989064319,14.22,4.63,0.03,2.6756756756756594,205.146
2007-05-01,0.2651196208694806,13.51,4.64,0.01,2.6756756756756594,205.146
2007-05-02,0.6472444863856675,13.08,4.65,0.0,2.6756756756756594,205.146
2007-05-03,0.4325077887225248,13.09,4.68,-0.03,2.6756756756756594,205.146
2007-05-04,0.2149894792468965,12.91,4.65,-0.03,2.6756756756756594,205.146
2007-05-07,0.256371817861134,13.15,4.64,-0.04,2.6756756756756594,205.146
2007-05-08,-0.1165970922700432,13.21,4.63,-0.05,2.6756756756756594,205.146
2007-05-09,0.3223400529274611,12.88,4.67,-0.06,2.6756756756756594,205.146
2007-05-10,-1.3956277330703482,13.6,4.65,-0.05,2.6756756756756594,205.146
2007-05-11,0.964149809602488,12.95,4.67,-0.04,2.6756756756756594,205.146
2007-05-14,-0.1792974875086339,13.96,4.69,-0.04,2.6756756756756594,205.146
2007-05-15,-0.1303983618386017,14.01,4.71,-0.04,3.1026026026026,205.999
2007-05-16,0.8626538777668946,13.5,4.71,-0.02,3.1026026026026,205.999
2007-05-17,-0.0918022530934981,13.51,4.76,-0.02,3.1026026026026,205.999
2007-05-18,0.6610477607007059,12.76,4.81,-0.01,3.1026026026026,205.999
2007-05-21,0.1543244515473718,13.3,4.79,-0.02,2.4870646766169235,205.999
2007-05-22,-0.0642568018121902,13.06,4.83,0.0,2.4870646766169235,205.999
2007-05-23,-0.1207231600010017,13.24,4.86,0.01,2.4870646766169235,205.999
2007-05-24,-0.9702564079535404,14.08,4.86,0.01,2.4870646766169235,205.999
2007-05-25,0.545268067865301,13.34,4.86,0.01,2.4870646766169235,205.999
2007-05-29,0.1570203739109654,13.53,4.88,0.0,2.4870646766169235,205.999
2007-05-30,0.7983608061428171,12.83,4.88,-0.01,2.4870646766169235,205.999
2007-05-31,0.0254873223904494,13.05,4.9,-0.02,2.4870646766169235,205.999
2007-06-01,0.3737028603684855,12.78,4.95,-0.02,2.4870646766169235,205.999
2007-06-04,0.1848606398199503,13.29,4.93,-0.04,2.4870646766169235,205.999
2007-06-05,-0.5347069382311664,13.63,4.98,-0.01,2.4870646766169235,205.999
2007-06-06,-0.8863742592418067,14.87,4.97,0.0,2.4870646766169235,205.999
2007-06-07,-1.7569780868271323,17.06,5.11,0.08,2.4870646766169235,205.999
2007-06-08,1.1370393887050856,14.84,5.12,0.11,2.4870646766169235,205.999
2007-06-11,0.096171650932364,14.71,5.14,0.13,2.4870646766169235,205.999
2007-06-12,-1.068171859715883,16.67,5.26,0.18,2.4870646766169235,205.999
2007-06-13,1.5184222334435615,14.73,5.2,0.12,2.4870646766169235,205.999
2007-06-14,0.4816303381447451,13.64,5.23,0.13,2.4870646766169235,205.999
2007-06-15,0.6526762620259197,13.94,5.16,0.11,3.177611940298508,207.387
2007-06-18,-0.1213368893209554,13.42,5.15,0.14,2.717682020802381,207.387
2007-06-19,0.1730774474536733,12.85,5.09,0.15,2.717682020802381,207.387
2007-06-20,-1.3601086272203244,14.67,5.14,0.17,2.717682020802381,207.387
2007-06-21,0.6180412864005502,14.21,5.16,0.18,2.717682020802381,207.387
2007-06-22,-1.28958169270027,15.75,5.14,0.22,2.717682020802381,207.387
2007-06-25,-0.3207903958185931,16.65,5.09,0.22,2.717682020802381,207.387
2007-06-26,-0.3238195960287182,18.89,5.1,0.2,2.717682020802381,207.387
2007-06-27,0.9009338290096648,15.53,5.09,0.18,2.717682020802381,207.387
2007-06-28,-0.0418235522596233,15.54,5.12,0.16,2.717682020802381,207.387
2007-06-29,-0.1567357202108876,16.23,5.03,0.16,2.717682020802381,207.387
2007-07-02,1.0696164157472765,15.4,5.0,0.14,2.717682020802381,207.387
2007-07-03,0.358025128762196,14.92,5.05,0.16,2.717682020802381,207.387
2007-07-05,0.0347589826393157,15.48,5.16,0.17,2.717682020802381,207.387
2007-07-06,0.3303996926395269,14.72,5.19,0.2,2.717682020802381,207.387
2007-07-09,0.0921326045889792,15.16,5.16,0.19,2.717682020802381,207.387
2007-07-10,-1.4185449499020453,17.57,5.03,0.18,2.717682020802381,207.387
2007-07-11,0.572140934255172,16.64,5.09,0.2,2.717682020802381,207.387
2007-07-12,1.905497986526261,15.54,5.13,0.19,2.717682020802381,207.387
2007-07-13,0.3101407882381002,15.15,5.11,0.17,2.717682020802381,207.387
2007-07-16,-0.1919472121578058,15.59,5.05,0.16,2.717682020802381,207.387
2007-07-17,-0.009681992628141,15.63,5.08,0.17,2.717682020802381,207.387
2007-07-18,-0.2065324087829001,16.0,5.02,0.18,2.914314016840014,207.784
2007-07-19,0.4469050565578891,15.23,5.04,0.17,2.914314016840014,207.784
2007-07-20,-1.2220864994591183,16.95,4.96,0.17,2.914314016840014,207.784
2007-07-23,0.4869285458577677,16.81,4.97,0.17,2.7108255066732534,207.784
2007-07-24,-1.9804425546862456,18.55,4.94,0.17,2.7108255066732534,207.784
2007-07-25,0.4665612144987507,18.1,4.92,0.18,2.7108255066732534,207.784
2007-07-26,-2.333849273648292,20.74,4.79,0.23,2.7108255066732534,207.784
2007-07-27,-1.599158435597181,24.17,4.8,0.24,2.7108255066732534,207.784
2007-07-30,1.0254006997153065,20.87,4.82,0.23,2.7108255066732534,207.784
2007-07-31,-1.2646643428824822,23.52,4.78,0.22,2.7108255066732534,207.784
2007-08-01,0.7242669003718616,23.67,4.76,0.2,2.7108255066732534,207.784
2007-08-02,0.4359290987711706,21.22,4.77,0.18,2.7108255066732534,207.784
2007-08-03,-2.6585989591270898,25.16,4.71,0.25,2.7108255066732534,207.784
2007-08-06,2.4151105980530163,22.94,4.72,0.26,2.7108255066732534,207.784
2007-08-07,0.6159366016551537,21.56,4.77,0.21,2.7108255066732534,207.784
2007-08-08,1.4071842031649018,21.45,4.84,0.2,2.7108255066732534,207.784
2007-08-09,-2.964963018358036,26.48,4.79,0.3,2.7108255066732534,207.784
2007-08-10,0.0378537352168972,28.3,4.81,0.34,2.7108255066732534,207.784
2007-08-13,-0.0495288170296537,26.57,4.78,0.32,2.7108255066732534,207.784
2007-08-14,-1.81565427448982,27.68,4.73,0.34,2.7108255066732534,207.784
2007-08-15,-1.3907838088907498,30.67,4.69,0.42,2.831438457736035,208.028
2007-08-16,0.3248786889889166,30.83,4.6,0.52,2.831438457736035,208.028
2007-08-17,2.4566469488606746,29.99,4.68,0.5,2.831438457736035,208.028
2007-08-20,-0.0269646454157612,26.33,4.64,0.53,2.3759842519684997,208.028
2007-08-21,0.1086054606227682,25.25,4.6,0.55,2.3759842519684997,208.028
2007-08-22,1.1712885751746116,22.89,4.63,0.48,2.3759842519684997,208.028
2007-08-23,-0.1072316451165344,22.62,4.62,0.42,2.3759842519684997,208.028
2007-08-24,1.1535039396367577,20.72,4.63,0.33,2.3759842519684997,208.028
2007-08-27,-0.8503590106740622,22.72,4.6,0.32,2.3759842519684997,208.028
2007-08-28,-2.3473062124790167,26.3,4.53,0.4,2.3759842519684997,208.028
2007-08-29,2.19218804875756,23.81,4.57,0.43,2.3759842519684997,208.028
2007-08-30,-0.4181009917170408,25.06,4.51,0.43,2.3759842519684997,208.028
2007-08-31,1.1216744478492524,23.38,4.54,0.39,2.3759842519684997,208.028
2007-09-04,1.046822150297233,22.78,4.56,0.43,2.3759842519684997,208.028
2007-09-05,-1.1501124180816724,24.58,4.48,0.45,2.3759842519684997,208.028
2007-09-06,0.4251886244921676,23.99,4.51,0.43,2.3759842519684997,208.028
2007-09-07,-1.6908457052106307,26.23,4.38,0.48,2.3759842519684997,208.028
2007-09-10,-0.127281317746275,27.38,4.34,0.47,2.3759842519684997,208.028
2007-09-11,1.3632320540153398,25.27,4.37,0.42,2.3759842519684997,208.028
2007-09-12,0.0047617285771517,24.96,4.41,0.46,2.3759842519684997,208.028
2007-09-13,0.8419562970447103,24.76,4.49,0.41,2.3759842519684997,208.028
2007-09-14,0.0202196056469539,24.92,4.47,0.42,2.3759842519684997,208.028
2007-09-17,-0.5120414745452218,26.48,4.48,0.4,2.3759842519684997,208.028
2007-09-18,2.920800742879237,20.35,4.5,0.5,2.3759842519684997,208.028
2007-09-19,0.6086407125825533,20.03,4.53,0.53,1.982326951399127,207.738
2007-09-20,-0.672323571146749,20.45,4.69,0.59,1.982326951399127,207.738
2007-09-21,0.4609053497942383,19.0,4.64,0.58,1.982326951399127,207.738
2007-09-24,-0.5256444064394517,19.37,4.63,0.58,1.982326951399127,207.738
2007-09-25,-0.0342629807635108,18.6,4.63,0.63,1.982326951399127,207.738
2007-09-26,0.5411303128236344,17.63,4.63,0.66,1.982326951399127,207.738
2007-09-27,0.3907094941590916,17.0,4.58,0.63,1.982326951399127,207.738
2007-09-28,-0.302341996633737,18.0,4.59,0.62,1.982326951399127,207.738
2007-10-01,1.3289693179957318,17.84,4.56,0.54,1.982326951399127,207.738
2007-10-02,-0.0265044322922625,18.49,4.54,0.56,1.982326951399127,207.738
2007-10-03,-0.4551857289897487,18.8,4.55,0.53,1.982326951399127,207.738
2007-10-04,0.2110951663853111,18.44,4.54,0.54,1.982326951399127,207.738
2007-10-05,0.956029162244154,16.91,4.65,0.57,1.982326951399127,207.738
2007-10-09,0.8096245420633474,16.12,4.67,0.52,1.982326951399127,207.738
2007-10-10,-0.171233023616435,16.67,4.65,0.5,1.982326951399127,207.738
2007-10-11,-0.5158458514124553,18.88,4.66,0.53,1.982326951399127,207.738
2007-10-12,0.4754224745041169,17.73,4.7,0.47,1.982326951399127,207.738
2007-10-15,-0.838141086014621,19.25,4.69,0.47,1.982326951399127,207.738
2007-10-16,-0.6573168570868315,20.02,4.66,0.54,1.982326951399127,207.738
2007-10-17,0.1761396193702191,18.54,4.57,0.57,2.2542955326460445,208.292
2007-10-18,-0.0752662912354762,18.5,4.52,0.59,2.2542955326460445,208.292
2007-10-19,-2.561552146483115,22.96,4.41,0.61,2.2542955326460445,208.292
2007-10-22,0.3798372119262039,21.64,4.42,0.57,2.758756783423788,208.292
2007-10-23,0.8802858704579641,20.41,4.41,0.6,2.758756783423788,208.292
2007-10-24,-0.2441422371131096,20.8,4.36,0.62,2.758756783423788,208.292
2007-10-25,-0.0976317692682027,21.17,4.37,0.63,2.758756783423788,208.292
2007-10-26,1.3787641670760742,19.56,4.41,0.64,2.758756783423788,208.292
2007-10-29,0.3712645942828718,19.87,4.39,0.6,2.758756783423788,208.292
2007-10-30,-0.6463394115263088,21.07,4.4,0.58,2.758756783423788,208.292
2007-10-31,1.1991995609034412,18.53,4.48,0.54,2.758756783423788,208.292
2007-11-01,-2.6423513500588247,23.21,4.36,0.59,2.758756783423788,208.292
2007-11-02,0.0802208277967286,23.01,4.31,0.65,2.758756783423788,208.292
2007-11-05,-0.4954777827830159,24.31,4.35,0.66,2.758756783423788,208.292
2007-11-06,1.2049218834373487,21.39,4.38,0.68,2.758756783423788,208.292
2007-11-07,-2.936979868078282,26.49,4.34,0.73,2.758756783423788,208.292
2007-11-08,-0.0576012515925539,26.16,4.28,0.81,2.758756783423788,208.292
2007-11-09,-1.4287019725334529,28.5,4.23,0.81,2.758756783423788,208.292
2007-11-13,2.9092951232353004,24.1,4.26,0.72,2.758756783423788,208.292
2007-11-14,-0.7069371343474851,25.94,4.28,0.71,2.758756783423788,208.292
2007-11-15,-1.3212427900045731,28.06,4.17,0.82,3.0601874691662534,208.903
2007-11-16,0.5230310920731451,25.49,4.15,0.82,3.0601874691662534,208.903
2007-11-19,-1.7460253968243356,26.01,4.07,0.89,3.0601874691662534,208.903
2007-11-20,0.4486196985218349,24.88,4.06,0.92,3.0601874691662534,208.903
2007-11-21,-1.5926882279853285,26.84,4.0,1.01,3.5711452652454234,208.903
2007-11-23,1.689048420755146,25.61,4.01,0.94,3.5711452652454234,208.903
2007-11-26,-2.3238690638891946,28.91,3.83,0.91,3.5711452652454234,208.903
2007-11-27,1.4930153212029174,26.28,3.95,0.9,3.5711452652454234,208.903
2007-11-28,2.8559853539212643,24.11,4.03,0.86,3.5711452652454234,208.903
2007-11-29,0.0476474903383872,23.97,3.94,0.88,3.5711452652454234,208.903
2007-11-30,0.7770217574065486,22.87,3.97,0.93,3.5711452652454234,208.903
2007-12-03,-0.5887337197621245,23.61,3.89,0.99,3.5711452652454234,208.903
2007-12-04,-0.6540256581273551,23.79,3.89,0.99,3.5711452652454234,208.903
2007-12-05,1.5190129895446658,22.53,3.92,1.02,3.5711452652454234,208.903
2007-12-06,1.5036906086721702,20.96,4.02,0.99,3.5711452652454234,208.903
2007-12-07,-0.1777921173321095,20.85,4.12,1.0,3.5711452652454234,208.903
2007-12-10,0.7509953412149439,20.74,4.15,0.98,3.5711452652454234,208.903
2007-12-11,-2.5271074111842595,23.59,3.98,1.04,3.5711452652454234,208.903
2007-12-12,0.6050107439882435,22.47,4.05,0.98,3.5711452652454234,208.903
2007-12-13,0.1224324394232478,22.56,4.18,0.97,3.5711452652454234,208.903
2007-12-14,-1.374626785493871,23.27,4.24,0.93,4.39514129895886,210.565
2007-12-17,-1.5020898185397868,24.52,4.2,0.96,4.39514129895886,210.565
2007-12-18,0.6279795215002659,22.64,4.14,0.95,4.39514129895886,210.565
2007-12-19,-0.1360830042563265,21.68,4.06,0.94,4.39514129895886,210.565
2007-12-20,0.4900203108869627,20.58,4.04,0.95,4.39514129895886,210.565
2007-12-21,1.6669839397931874,18.47,4.18,0.99,4.39514129895886,210.565
2007-12-24,0.8077004803014542,18.6,4.23,0.99,4.39514129895886,210.565
2007-12-26,0.0808635802931334,18.66,4.3,0.99,4.39514129895886,210.565
2007-12-27,-1.4282289812289406,20.26,4.21,0.97,4.39514129895886,210.565
2007-12-28,0.1503770092025513,20.74,4.11,0.99,4.39514129895886,210.565
2007-12-31,-0.6851588410961562,22.5,4.04,0.99,4.39514129895886,210.565
2008-01-02,-1.4437843160646446,23.17,3.91,1.03,4.39514129895886,210.565
2008-01-03,0.0,22.49,3.91,1.08,4.39514129895886,210.565
2008-01-04,-2.455155508562324,23.94,3.88,1.14,4.39514129895886,210.565
2008-01-07,0.3223258794716965,23.79,3.86,1.1,4.39514129895886,210.565
2008-01-08,-1.8352265474000595,25.43,3.86,1.1,4.39514129895886,210.565
2008-01-09,1.3624083236714934,24.12,3.82,1.13,4.39514129895886,210.565
2008-01-10,0.7948131920451518,23.45,3.91,1.2,4.39514129895886,210.565
2008-01-11,-1.3595387776707546,23.68,3.82,1.23,4.39514129895886,210.565
2008-01-14,1.087063729028337,22.9,3.81,1.23,4.39514129895886,210.565
2008-01-15,-2.4925012411738723,23.34,3.72,1.19,4.39514129895886,210.565
2008-01-16,-0.5612078839948742,24.38,3.74,1.23,4.690133862171542,211.16
2008-01-17,-2.909259582902124,28.46,3.66,1.22,4.690133862171542,211.16
2008-01-18,-0.6045421784173999,27.18,3.66,1.3,4.690133862171542,211.16
2008-01-22,-1.1085159151345114,31.01,3.52,1.44,4.122287968441807,211.16
2008-01-23,2.1442179004912187,29.02,3.51,1.42,4.122287968441807,211.16
2008-01-24,1.006273042641359,27.78,3.68,1.43,4.122287968441807,211.16
2008-01-25,-1.587193103167461,29.08,3.61,1.38,4.122287968441807,211.16
2008-01-28,1.7548324334698329,27.78,3.61,1.41,4.122287968441807,211.16
2008-01-29,0.6159774388638573,27.32,3.69,1.4,4.122287968441807,211.16
2008-01-30,-0.4763994716110997,27.62,3.78,1.48,4.122287968441807,211.16
2008-01-31,1.6772253672436177,26.2,3.67,1.5,4.122287968441807,211.16
2008-02-01,1.223749194418322,24.02,3.62,1.53,4.122287968441807,211.16
2008-02-04,-1.0462869384454845,25.99,3.68,1.6,4.122287968441807,211.16
2008-02-05,-3.199543268429605,28.24,3.61,1.68,4.122287968441807,211.16
2008-02-06,-0.7623640894248274,28.97,3.61,1.65,4.122287968441807,211.16
2008-02-07,0.7885772846967454,27.66,3.74,1.75,4.122287968441807,211.16
2008-02-08,-0.4203719751894819,28.01,3.64,1.71,4.122287968441807,211.16
2008-02-11,0.5888999083801139,27.6,3.62,1.69,4.122287968441807,211.16
2008-02-12,0.7265896838448915,26.33,3.66,1.72,4.122287968441807,211.16
2008-02-13,1.3604062530741423,24.88,3.7,1.79,4.122287968441807,211.16
2008-02-14,-1.3421475932895444,25.54,3.85,1.92,4.122287968441807,211.16
2008-02-15,0.0837748094749679,25.02,3.76,1.85,4.378698224852062,211.68
2008-02-19,-0.0896274006661257,25.59,3.89,1.83,4.378698224852062,211.68
2008-02-20,0.8340870828184466,24.4,3.93,1.79,4.790927021696234,212.516
2008-02-21,-1.2867362942748706,25.12,3.77,1.79,4.790927021696234,212.516
2008-02-22,0.7880610357913875,24.06,3.79,1.81,4.790927021696234,212.516
2008-02-25,1.3812671311938196,23.03,3.91,1.78,4.608841611987025,212.516
2008-02-26,0.6917910698780005,21.9,3.88,1.84,4.608841611987025,212.516
2008-02-27,-0.0919444501396693,22.69,3.85,1.84,4.608841611987025,212.516
2008-02-28,-0.894187449867867,23.53,3.71,1.84,4.608841611987025,212.516
2008-02-29,-2.7089704735838493,26.54,3.53,1.88,4.608841611987025,212.516
2008-03-03,0.0533552478821919,26.28,3.54,1.93,4.608841611987025,212.516
2008-03-04,-0.3447628658457935,25.52,3.63,1.98,4.608841611987025,212.516
2008-03-05,0.5238327621537531,24.6,3.7,2.04,4.608841611987025,212.516
2008-03-06,-2.201393598744972,27.55,3.62,2.09,4.608841611987025,212.516
2008-03-07,-0.8410361554953893,27.49,3.56,2.03,4.608841611987025,212.516
2008-03-10,-1.546347918654778,29.38,3.46,1.99,4.608841611987025,212.516
2008-03-11,3.7129844018763736,26.36,3.6,1.86,4.608841611987025,212.516
2008-03-12,-0.8995573894062803,27.22,3.49,1.86,4.608841611987025,212.516
2008-03-13,0.5126921336342294,27.29,3.56,1.93,4.608841611987025,212.516
2008-03-14,-2.078326255529206,31.16,3.44,1.97,4.635914803128682,212.571
2008-03-17,-0.895868378535658,32.24,3.34,1.99,4.635914803128682,212.571
2008-03-18,4.240953758720556,25.79,3.48,1.9,4.635914803128682,212.571
2008-03-19,-2.428719849575589,29.84,3.38,1.84,4.249507125832497,212.571
2008-03-20,2.39444592412823,26.62,3.34,1.75,4.249507125832497,212.571
2008-03-24,1.5321430427423843,25.73,3.56,1.72,4.249507125832497,212.571
2008-03-25,0.2303897635577145,25.72,3.51,1.72,4.249507125832497,212.571
2008-03-26,-0.8765759863092581,26.08,3.51,1.8,4.249507125832497,212.571
2008-03-27,-1.1460481132498757,25.88,3.56,1.83,4.249507125832497,212.571
2008-03-28,-0.795018629681199,25.71,3.47,1.8,4.249507125832497,212.571
2008-03-31,0.568724672326204,25.61,3.45,1.83,4.249507125832497,212.571
2008-04-01,3.589635162305438,22.68,3.57,1.77,4.249507125832497,212.571
2008-04-02,-0.1934070202587845,23.43,3.6,1.72,4.249507125832497,212.571
2008-04-03,0.1301638178863307,23.21,3.61,1.7,4.249507125832497,212.571
2008-04-04,0.0795996358510464,22.45,3.5,1.67,4.249507125832497,212.571
2008-04-07,0.1561598518908802,22.42,3.57,1.62,4.249507125832497,212.571
2008-04-08,-0.5100033369358936,22.36,3.58,1.71,4.249507125832497,212.571
2008-04-09,-0.8092072375784243,22.81,3.49,1.72,4.249507125832497,212.571
2008-04-10,0.4474051958627933,21.98,3.55,1.71,4.249507125832497,212.571
2008-04-11,-2.03741808670056,23.46,3.49,1.73,4.249507125832497,212.571
2008-04-14,-0.3383784814512292,23.82,3.53,1.75,4.249507125832497,212.571
2008-04-15,0.4599876286541349,22.78,3.6,1.76,4.249507125832497,212.571
2008-04-16,2.2691265939609684,20.53,3.72,1.74,4.607515227604875,213.301
2008-04-17,0.0622914524391671,20.37,3.75,1.62,4.607515227604875,213.301
2008-04-18,1.813900260560164,20.13,3.77,1.58,3.9752176498688794,213.301
2008-04-21,-0.1553524830540276,20.5,3.75,1.55,3.9752176498688794,213.301
2008-04-22,-0.8810233726340488,20.87,3.74,1.5,3.9752176498688794,213.301
2008-04-23,0.2899917492481085,20.26,3.77,1.55,3.9752176498688794,213.301
2008-04-24,0.6442277675030139,20.06,3.87,1.46,3.9752176498688794,213.301
2008-04-25,0.6494736452591576,19.59,3.91,1.47,3.9752176498688794,213.301
2008-04-28,-0.1051601570328797,19.64,3.86,1.5,3.9752176498688794,213.301
2008-04-29,-0.3888692631555557,20.24,3.85,1.5,3.9752176498688794,213.301
2008-04-30,-0.384630236480854,20.79,3.77,1.48,3.9752176498688794,213.301
2008-05-01,1.7140713043443112,18.88,3.78,1.41,3.9752176498688794,213.301
2008-05-02,0.3235598723049016,18.18,3.89,1.42,3.9752176498688794,213.301
2008-05-05,-0.453358375345092,18.9,3.88,1.46,3.9752176498688794,213.301
2008-05-06,0.7651933303949532,18.21,3.93,1.55,3.9752176498688794,213.301
2008-05-07,-1.8113789643415144,19.73,3.87,1.56,3.9752176498688794,213.301
2008-05-08,0.3669551705817397,19.4,3.79,1.54,3.9752176498688794,213.301
2008-05-09,-0.6725447922866779,19.41,3.77,1.52,3.9752176498688794,213.301
2008-05-12,1.1020778542468523,17.79,3.78,1.48,3.9752176498688794,213.301
2008-05-13,-0.0384671346907228,17.98,3.9,1.43,3.9752176498688794,213.301
2008-05-14,0.4005584274660245,17.66,3.92,1.39,4.1906739590340525,213.743
2008-05-15,1.058446448937378,16.3,3.83,1.38,4.1906739590340525,213.743
2008-05-16,0.1250398198918922,16.47,3.85,1.38,3.759241549716253,213.743
2008-05-19,0.0898045616024134,17.01,3.83,1.41,3.759241549716253,213.743
2008-05-20,-0.927358910402054,17.58,3.78,1.44,3.759241549716253,213.743
2008-05-21,-1.6053532676263305,18.59,3.81,1.4,3.759241549716253,213.743
2008-05-22,0.2617378713519525,18.05,3.92,1.36,3.759241549716253,213.743
2008-05-23,-1.3210400686713863,19.55,3.85,1.39,3.759241549716253,213.743
2008-05-27,0.6846221470047986,19.64,3.93,1.38,3.759241549716253,213.743
2008-05-28,0.3962890483361736,19.07,4.03,1.41,3.759241549716253,213.743
2008-05-29,0.5334937252062799,18.14,4.08,1.41,3.759241549716253,213.743
2008-05-30,0.1516166594468293,17.83,4.06,1.4,3.759241549716253,213.743
2008-06-02,-1.0504263761414556,19.83,3.98,1.47,3.759241549716253,213.743
2008-06-03,-0.5787827748960472,20.24,3.92,1.47,3.759241549716253,213.743
2008-06-04,-0.0326696355541278,20.8,3.98,1.51,3.759241549716253,213.743
2008-06-05,1.9496150601372664,18.63,4.06,1.54,3.759241549716253,213.743
2008-06-06,-3.088920879521761,23.56,3.94,1.54,3.759241549716253,213.743
2008-06-09,0.0793688458754271,23.12,4.02,1.29,3.759241549716253,213.743
2008-06-10,-0.2438071565889488,23.18,4.11,1.2,3.759241549716253,213.743
2008-06-11,-1.689434363076614,24.12,4.1,1.27,3.759241549716253,213.743
2008-06-12,0.3279698773364758,23.33,4.23,1.2,3.759241549716253,213.743
2008-06-13,1.5046261393385496,21.22,4.27,1.22,4.433516667556647,215.132
2008-06-16,0.0080869796396543,20.95,4.25,1.23,4.433516667556647,215.132
2008-06-17,-0.6771332979186417,21.13,4.23,1.29,4.433516667556647,215.132
2008-06-18,-0.971182414748084,22.24,4.16,1.27,3.734563882982056,215.132
2008-06-19,0.3752324501292925,21.58,4.22,1.23,3.734563882982056,215.132
2008-06-20,-1.8542855877975328,22.87,4.16,1.28,3.734563882982056,215.132
2008-06-23,0.005307283862721,22.64,4.19,1.21,3.734563882982056,215.132
2008-06-24,-0.2814841378983357,22.42,4.1,1.23,3.734563882982056,215.132
2008-06-25,0.5843407020038827,21.14,4.12,1.3,3.734563882982056,215.132
2008-06-26,-2.9365225496321257,23.93,4.07,1.39,3.734563882982056,215.132
2008-06-27,-0.37174293266512,23.44,3.99,1.34,3.734563882982056,215.132
2008-06-30,0.1267225012124617,23.95,3.99,1.36,3.734563882982056,215.132
2008-07-01,0.3835964202880904,23.65,4.01,1.38,3.734563882982056,215.132
2008-07-02,-1.820362050746238,25.92,3.99,1.39,3.734563882982056,215.132
2008-07-03,0.1093922301229399,24.79,3.99,1.45,3.734563882982056,215.132
2008-07-07,-0.8385434805281422,25.78,3.95,1.48,3.734563882982056,215.132
2008-07-08,1.7080348777318122,23.15,3.91,1.44,3.734563882982056,215.132
2008-07-09,-2.2776172472122824,25.23,3.85,1.44,3.734563882982056,215.132
2008-07-10,0.6989751385279241,25.59,3.83,1.39,3.734563882982056,215.132
2008-07-11,-1.1089943474586694,27.49,3.96,1.37,3.734563882982056,215.132
2008-07-14,-0.902785943768214,28.48,3.9,1.43,3.734563882982056,215.132
2008-07-15,-1.0901257116461394,28.54,3.87,1.48,3.734563882982056,215.132
2008-07-16,2.506354406105049,25.1,3.97,1.53,4.82961805706239,217.403
2008-07-17,1.2012559511679566,25.01,4.07,1.49,4.82961805706239,217.403
2008-07-18,0.0285726987766299,24.05,4.11,1.45,4.82961805706239,217.403
2008-07-21,-0.0539434021293305,23.05,4.09,1.43,4.62932660840103,217.403
2008-07-22,1.3492063492063444,21.18,4.14,1.4,4.62932660840103,217.403
2008-07-23,0.4064167115309214,21.31,4.16,1.35,4.62932660840103,217.403
2008-07-24,-2.3124422822433988,23.44,4.03,1.42,4.62932660840103,217.403
2008-07-25,0.416750805589583,22.91,4.13,1.43,4.62932660840103,217.403
2008-07-28,-1.8596564103509736,24.23,4.06,1.47,4.62932660840103,217.403
2008-07-29,2.335600846482855,22.03,4.09,1.44,4.62932660840103,217.403
2008-07-30,1.667199129814123,21.21,4.07,1.43,4.62932660840103,217.403
2008-07-31,-1.3143759639368535,22.94,3.99,1.47,4.62932660840103,217.403
2008-08-01,-0.5578395005305659,22.57,3.97,1.46,4.62932660840103,217.403
2008-08-04,-0.896608636190177,23.49,3.98,1.45,4.62932660840103,217.403
2008-08-05,2.8718741112345736,21.14,4.04,1.5,4.62932660840103,217.403
2008-08-06,0.3354349438903892,20.23,4.06,1.5,4.62932660840103,217.403
2008-08-07,-1.7933738369047658,21.15,3.92,1.49,4.62932660840103,217.403
2008-08-08,2.389283474318682,20.66,3.94,1.43,4.62932660840103,217.403
2008-08-11,0.6942730477737413,20.12,3.99,1.43,4.62932660840103,217.403
2008-08-12,-1.2050670422580567,21.17,3.91,1.46,4.62932660840103,217.403
2008-08-13,-0.2915663013268954,21.55,3.94,1.44,4.62932660840103,217.403
2008-08-14,0.5521801403690407,20.34,3.89,1.44,5.485022908404891,219.181
2008-08-15,0.4075933919094776,19.58,3.84,1.44,5.485022908404891,219.181
2008-08-18,-1.5097809523290096,20.98,3.82,1.47,5.361297517641872,219.181
2008-08-19,-0.9314902555218274,21.28,3.83,1.51,5.361297517641872,219.181
2008-08-20,0.6197331643397197,20.42,3.79,1.54,5.361297517641872,219.181
2008-08-21,0.249496409933414,19.82,3.84,1.51,5.361297517641872,219.181
2008-08-22,1.1332671321386378,18.81,3.87,1.45,5.361297517641872,219.181
2008-08-25,-1.9625434383095277,20.97,3.79,1.46,5.361297517641872,219.181
2008-08-26,0.3686372447437414,20.49,3.79,1.44,5.361297517641872,219.181
2008-08-27,0.7982653959549557,19.76,3.77,1.46,5.361297517641872,219.181
2008-08-28,1.4840144050698667,19.43,3.79,1.42,5.361297517641872,219.181
2008-08-29,-1.372366525136015,20.65,3.83,1.47,5.361297517641872,219.181
2008-09-02,-0.4092514347066145,21.99,3.74,1.48,5.361297517641872,219.181
2008-09-03,-0.2035078566797854,21.43,3.71,1.45,5.361297517641872,219.181
2008-09-04,-2.992205759970956,24.03,3.64,1.44,5.361297517641872,219.181
2008-09-05,0.4430764724152825,23.06,3.66,1.43,5.361297517641872,219.181
2008-09-08,2.051016192977806,22.64,3.66,1.36,5.361297517641872,219.181
2008-09-09,-3.413816796421554,25.47,3.62,1.39,5.361297517641872,219.181
2008-09-10,0.6149422411268146,24.52,3.65,1.43,5.361297517641872,219.181
2008-09-11,1.3806377411702098,24.39,3.64,1.46,5.361297517641872,219.181
2008-09-12,0.2121534158087801,25.66,3.74,1.51,5.361297517641872,219.181
2008-09-15,-4.713589702129706,31.7,3.47,1.69,5.361297517641872,219.181
2008-09-16,1.752328772507061,30.3,3.48,1.59,5.216605456957724,218.88
2008-09-17,-4.714070706031325,36.22,3.41,1.77,5.216605456957724,218.88
2008-09-18,4.3341774386062015,33.1,3.54,1.76,5.216605456957724,218.88
2008-09-19,4.02565630586833,32.07,3.78,1.62,5.216605456957724,218.88
2008-09-22,-3.8236599989398554,33.85,3.83,1.7,5.3634866995927455,218.88
2008-09-23,-1.563263356626765,35.72,3.85,1.74,5.3634866995927455,218.88
2008-09-24,-0.1977727730452905,35.19,3.8,1.77,5.3634866995927455,218.88
2008-09-25,1.9656504245599395,32.82,3.88,1.72,5.3634866995927455,218.88
2008-09-26,0.3382429116127516,34.74,3.85,1.74,5.3634866995927455,218.88
2008-09-29,-8.806776221769596,46.72,3.61,1.91,5.3634866995927455,218.88
2008-09-30,5.41746705821724,39.39,3.85,1.85,5.3634866995927455,218.88
2008-10-01,-0.4543988840816637,39.81,3.77,1.95,5.3634866995927455,218.88
2008-10-02,-4.02907919798171,45.26,3.66,2.04,5.3634866995927455,218.88
2008-10-03,-1.3506522985628489,45.14,3.63,2.03,5.3634866995927455,218.88
2008-10-06,-3.8517841191210263,52.05,3.48,2.05,5.3634866995927455,218.88
2008-10-07,-5.739484084336377,53.68,3.5,2.03,5.3634866995927455,218.88
2008-10-08,-1.133270253725105,57.53,3.72,2.07,5.3634866995927455,218.88
2008-10-09,-7.616709580816616,63.92,3.84,2.19,5.3634866995927455,218.88
2008-10-10,-1.1759289177065702,69.95,3.89,2.27,5.3634866995927455,218.88
2008-10-14,-0.5322136791994336,55.13,4.08,2.26,5.3634866995927455,218.88
2008-10-15,-9.03497780862258,69.25,4.04,2.4,5.3634866995927455,218.88
2008-10-16,4.2507451399756535,67.61,3.99,2.38,5.331234535809526,218.813
2008-10-17,-0.6212826018106576,70.33,3.98,2.34,5.331234535809526,218.813
2008-10-20,4.768490479313692,52.97,3.91,2.2,5.051082134695517,218.813
2008-10-21,-3.079971165937456,53.11,3.76,2.18,5.051082134695517,218.813
2008-10-22,-6.101246975642627,69.65,3.65,2.12,5.051082134695517,218.813
2008-10-23,1.2634041442215027,67.8,3.63,2.09,5.051082134695517,218.813
2008-10-24,-3.4511200543819176,79.13,3.76,2.19,5.051082134695517,218.813
2008-10-27,-3.176435781413156,80.06,3.79,2.2,5.051082134695517,218.813
2008-10-28,10.789005877973532,66.96,3.89,2.24,5.051082134695517,218.813
2008-10-29,-1.1079077098555157,69.96,3.93,2.35,5.051082134695517,218.813
2008-10-30,2.5803953710955563,62.9,4.0,2.41,5.051082134695517,218.813
2008-10-31,1.536539816147986,59.89,4.01,2.45,5.051082134695517,218.813
2008-11-03,-0.2529044858870954,53.68,3.96,2.51,5.051082134695517,218.813
2008-11-04,4.082584363592434,47.73,3.81,2.42,5.051082134695517,218.813
2008-11-05,-5.267708721725084,54.56,3.73,2.37,5.051082134695517,218.813
2008-11-06,-5.026398151360678,63.68,3.75,2.47,5.051082134695517,218.813
2008-11-07,2.885463841688485,56.1,3.83,2.5,5.051082134695517,218.813
2008-11-10,-1.265316317606502,59.98,3.82,2.55,5.051082134695517,218.813
2008-11-12,-5.189390264262972,66.46,3.75,2.56,5.051082134695517,218.813
2008-11-13,6.921270805966984,59.83,3.84,2.6,5.051082134695517,218.813
2008-11-14,-4.169913081043431,66.31,3.72,2.5,5.051082134695517,218.813
2008-11-17,-2.5810416464710606,69.15,3.68,2.46,5.051082134695517,218.813
2008-11-18,0.983837216243022,67.64,3.53,2.38,4.743828475416811,218.813
2008-11-19,-6.115557585198217,74.26,3.38,2.29,3.737141161208801,216.71
2008-11-20,-6.712293077105446,80.86,3.1,2.1,3.737141161208801,216.71
2008-11-21,6.324760339835156,72.67,3.2,2.11,3.737141161208801,216.71
2008-11-24,6.472253086203117,64.7,3.35,2.04,3.737141161208801,216.71
2008-11-25,0.6550776705881445,60.9,3.11,1.96,3.737141161208801,216.71
2008-11-26,3.532812081997916,54.92,2.99,1.9,3.737141161208801,216.71
2008-11-28,0.9643111965147444,55.84,2.93,1.93,3.737141161208801,216.71
2008-12-01,-8.92952436107991,68.51,2.72,1.82,3.737141161208801,216.71
2008-12-02,3.994067054843109,62.98,2.68,1.78,3.737141161208801,216.71
2008-12-03,2.583616208439788,60.72,2.67,1.8,3.737141161208801,216.71
2008-12-04,-2.930842710506598,63.64,2.55,1.73,3.737141161208801,216.71
2008-12-05,3.649941753675101,59.93,2.67,1.74,3.737141161208801,216.71
2008-12-08,3.83873487297306,58.49,2.77,1.8,3.737141161208801,216.71
2008-12-09,-2.3117543162227583,58.91,2.67,1.83,3.737141161208801,216.71
2008-12-10,1.189418741207482,55.73,2.69,1.83,3.737141161208801,216.71
2008-12-11,-2.85240465920793,55.78,2.64,1.85,3.737141161208801,216.71
2008-12-12,0.7028415417449585,54.28,2.6,1.82,3.737141161208801,216.71
2008-12-15,-1.2685680143110334,56.76,2.53,1.78,3.737141161208801,216.71
2008-12-16,5.136026454446818,52.37,2.37,1.72,1.9899187661259088,213.06
2008-12-17,-0.9592862125632596,49.84,2.2,1.47,1.1849072732885269,213.06
2008-12-18,-2.116268323892456,47.34,2.08,1.4,1.1849072732885269,213.06
2008-12-19,0.2936896236101161,44.93,2.13,1.39,1.1849072732885269,213.06
2008-12-22,-1.8302022695223077,44.56,2.16,1.29,1.1849072732885269,213.06
2008-12-23,-0.9717462330154693,45.02,2.18,1.28,1.1849072732885269,213.06
2008-12-24,0.5781143038123382,44.21,2.2,1.3,1.1849072732885269,213.06
2008-12-26,0.5356174910027267,43.38,2.16,1.27,1.1849072732885269,213.06
2008-12-29,-0.3872599599089699,43.9,2.13,1.35,1.1849072732885269,213.06
2008-12-30,2.440711296656972,41.63,2.11,1.36,1.1849072732885269,213.06
2008-12-31,1.415834135471683,40.0,2.25,1.49,1.1849072732885269,213.06
2009-01-02,3.1608068411811407,39.19,2.46,1.58,1.1849072732885269,213.06
2009-01-05,-0.4668357633531128,39.08,2.49,1.71,1.1849072732885269,213.06
2009-01-06,0.78171328961949,38.56,2.51,1.71,1.1849072732885269,213.06
2009-01-07,-3.0009615306130777,43.39,2.52,1.7,1.1849072732885269,213.06
2009-01-08,0.339707270915035,42.56,2.47,1.64,1.1849072732885269,213.06
2009-01-09,-2.130302979882748,42.82,2.43,1.68,1.1849072732885269,213.06
2009-01-12,-2.256412239141281,45.84,2.34,1.6,1.1849072732885269,213.06
2009-01-13,0.1758058792257655,43.27,2.33,1.57,1.1849072732885269,213.06
2009-01-14,-3.345987410426654,49.14,2.24,1.51,1.1849072732885269,213.06
2009-01-15,0.1329181747024233,51.0,2.23,1.5,1.1849072732885269,213.06
2009-01-16,0.7561576974726814,46.11,2.36,1.63,0.4392942796761057,211.49
2009-01-20,-5.281610204671527,56.65,2.4,1.67,0.1562795984088039,211.49
2009-01-21,4.349124562903017,46.42,2.56,1.78,0.1562795984088039,211.49
2009-01-22,-1.5162323124874533,47.29,2.62,1.87,0.1562795984088039,211.49
2009-01-23,0.5377658256231044,47.27,2.65,1.82,0.1562795984088039,211.49
2009-01-26,0.5553212391849582,45.69,2.7,1.85,0.1562795984088039,211.49
2009-01-27,1.0925582519593302,42.25,2.59,1.72,0.1562795984088039,211.49
2009-01-28,3.3557607389604893,39.66,2.71,1.82,0.1562795984088039,211.49
2009-01-29,-3.3120172199171183,42.63,2.87,1.92,0.1562795984088039,211.49
2009-01-30,-2.2789134855526583,44.84,2.87,1.93,0.1562795984088039,211.49
2009-02-02,-0.0532768003589922,45.52,2.76,1.87,0.1562795984088039,211.49
2009-02-03,1.5833988279658762,43.06,2.89,1.93,0.1562795984088039,211.49
2009-02-04,-0.7489510230927809,43.85,2.95,1.97,0.1562795984088039,211.49
2009-02-05,1.6365662661559144,43.73,2.95,1.97,0.1562795984088039,211.49
2009-02-06,2.6896022529575125,43.37,3.05,2.06,0.1562795984088039,211.49
2009-02-09,0.148519352839016,43.64,3.07,2.02,0.1562795984088039,211.49
2009-02-10,-4.912120013376109,46.67,2.9,1.98,0.1562795984088039,211.49
2009-02-11,0.7954951041488467,44.53,2.78,1.85,0.1562795984088039,211.49
2009-02-12,0.17391659558319,41.25,2.75,1.86,0.1562795984088039,211.49
2009-02-13,-0.9997695807575592,42.93,2.89,1.92,0.1562795984088039,211.49
2009-02-17,-4.55590473632177,48.66,2.64,1.77,0.1562795984088039,211.49
2009-02-18,-0.0950365594538094,48.46,2.74,1.77,0.1974805834438431,211.577
2009-02-19,-1.202402358417931,47.08,2.85,1.84,-0.0486583522297801,211.577
2009-02-20,-1.141296456796903,49.3,2.78,1.82,0.2333711262282767,212.174
2009-02-23,-3.469900802116344,52.62,2.78,1.82,-0.1609290594590473,212.174
2009-02-24,4.010331464253336,45.49,2.8,1.77,-0.1609290594590473,212.174
2009-02-25,-1.0657824039959851,44.67,2.95,1.86,-0.1609290594590473,212.174
2009-02-26,-1.577984957375933,44.66,2.98,1.9,-0.1609290594590473,212.174
2009-02-27,-2.356440342662092,46.35,3.02,2.02,-0.1609290594590473,212.174
2009-03-02,-4.662016661802437,52.65,2.91,2.02,-0.1609290594590473,212.174
2009-03-03,-0.6406766626880556,50.93,2.93,2.02,-0.1609290594590473,212.174
2009-03-04,2.375307342984989,47.56,3.01,2.04,-0.1609290594590473,212.174
2009-03-05,-4.253230958224652,50.17,2.83,1.93,-0.1609290594590473,212.174
2009-03-06,0.121605318978557,49.33,2.83,1.92,-0.1609290594590473,212.174
2009-03-09,-1.0023669901070842,49.68,2.89,1.93,-0.1609290594590473,212.174
2009-03-10,6.366302222212594,44.37,2.99,1.98,-0.1609290594590473,212.174
2009-03-11,0.2445816877900686,43.61,2.95,1.92,-0.1609290594590473,212.174
2009-03-12,4.072863130673077,41.18,2.89,1.86,-0.1609290594590473,212.174
2009-03-13,0.7739027671590959,42.36,2.89,1.91,-0.1609290594590473,212.174
2009-03-16,-0.3515925170114675,43.74,2.97,1.97,-0.1609290594590473,212.174
2009-03-17,3.2139940837456527,40.8,3.02,1.97,-0.1609290594590473,212.174
2009-03-18,2.085794038271138,40.06,2.51,1.69,0.205107940405802,213.007
2009-03-19,-1.2979162680767709,43.68,2.61,1.74,0.205107940405802,213.007
2009-03-20,-1.976940007446848,45.89,2.65,1.76,0.205107940405802,213.007
2009-03-23,7.0757548647492285,43.23,2.68,1.75,0.205107940405802,213.007
2009-03-24,-2.041509276947884,42.93,2.68,1.75,0.205107940405802,213.007
2009-03-25,0.9626370531222062,42.25,2.81,1.85,0.205107940405802,213.007
2009-03-26,2.332036707485252,40.36,2.76,1.86,0.205107940405802,213.007
2009-03-27,-2.0315519064124654,41.04,2.78,1.88,0.205107940405802,213.007
2009-03-30,-3.4818703654097893,45.54,2.73,1.89,0.205107940405802,213.007
2009-03-31,1.3129614663131228,44.14,2.71,1.9,0.205107940405802,213.007
2009-04-01,1.655660953977356,42.28,2.68,1.85,0.205107940405802,213.007
2009-04-02,2.8727113604116505,42.04,2.77,1.89,0.205107940405802,213.007
2009-04-03,0.973177097925304,39.7,2.91,1.95,0.205107940405802,213.007
2009-04-06,-0.8332367396142404,40.93,2.95,2.01,0.205107940405802,213.007
2009-04-07,-2.385454246862917,40.39,2.93,2.02,0.205107940405802,213.007
2009-04-08,1.1783441230339475,38.85,2.86,1.93,0.205107940405802,213.007
2009-04-09,3.80532568665477,36.53,2.96,2.0,0.205107940405802,213.007
2009-04-13,0.2533369426941823,37.81,2.88,1.99,0.205107940405802,213.007
2009-04-14,-2.006449158715151,37.67,2.8,1.94,0.205107940405802,213.007
2009-04-15,1.2549016706588034,36.17,2.82,1.96,0.0672716410046625,212.714
2009-04-16,1.5538800404093056,35.79,2.86,1.95,0.0672716410046625,212.714
2009-04-17,0.4969360746134077,33.94,2.98,1.99,0.0672716410046625,212.714
2009-04-20,-4.278974468970964,39.18,2.88,1.95,-0.275197959690765,212.714
2009-04-21,2.1252059887909347,37.14,2.94,1.98,-0.275197959690765,212.714
2009-04-22,-0.7681664273476052,38.1,2.98,1.98,-0.275197959690765,212.714
2009-04-23,0.9922346320087704,37.15,2.96,1.99,-0.275197959690765,212.714
2009-04-24,1.6797349335216705,36.82,3.03,2.04,-0.275197959690765,212.714
2009-04-27,-1.00665768903615,38.32,2.95,2.05,-0.275197959690765,212.714
2009-04-28,-0.2740535497347762,37.95,3.05,2.1,-0.275197959690765,212.714
2009-04-29,2.1610040324914648,36.08,3.12,2.18,-0.275197959690765,212.714
2009-04-30,-0.0950067620446359,36.5,3.16,2.25,-0.275197959690765,212.714
2009-05-01,0.5396388659423046,35.3,3.21,2.29,-0.275197959690765,212.714
2009-05-04,3.386813980494785,34.53,3.19,2.25,-0.275197959690765,212.714
2009-05-05,-0.3791722673641806,33.36,3.2,2.22,-0.275197959690765,212.714
2009-05-06,1.740433914180306,32.45,3.18,2.22,-0.275197959690765,212.714
2009-05-07,-1.3202412386380091,33.44,3.29,2.29,-0.275197959690765,212.714
2009-05-08,2.4068995104353563,32.05,3.29,2.29,-0.275197959690765,212.714
2009-05-11,-2.151242496964101,32.87,3.17,2.25,-0.275197959690765,212.714
2009-05-12,-0.0978855591479255,31.8,3.17,2.27,-0.275197959690765,212.714
2009-05-13,-2.689491201893024,33.65,3.11,2.22,-0.275197959690765,212.714
2009-05-14,1.0351643351174775,31.37,3.1,2.23,-0.275197959690765,212.714
2009-05-15,-1.141008247711417,33.12,3.14,2.26,-0.295357265085483,212.671
2009-05-18,3.0389200051489373,30.24,3.22,2.29,-0.5015368924362495,212.671
2009-05-19,-0.1736835971552275,28.8,3.25,2.34,-0.5015368924362495,212.671
2009-05-20,-0.5131461524926495,29.03,3.19,2.32,-0.5015368924362495,212.671
2009-05-21,-1.6757561517510733,31.35,3.35,2.46,-0.5015368924362495,212.671
2009-05-22,-0.149721056843366,32.63,3.45,2.53,-0.5015368924362495,212.671
2009-05-26,2.630216131887675,30.62,3.5,2.54,-0.5015368924362495,212.671
2009-05-27,-1.8971163431981573,32.36,3.71,2.75,-0.5015368924362495,212.671
2009-05-28,1.5418918738823617,31.67,3.67,2.7,-0.5015368924362495,212.671
2009-05-29,1.3574757481119135,28.92,3.47,2.55,-0.5015368924362495,212.671
2009-06-01,2.58175904547322,30.04,3.71,2.74,-0.5015368924362495,212.671
2009-06-02,0.1983301119848457,29.63,3.65,2.69,-0.5015368924362495,212.671
2009-06-03,-1.3739209309357014,31.02,3.56,2.65,-0.5015368924362495,212.671
2009-06-04,1.148365683747543,30.18,3.72,2.76,-0.5015368924362495,212.671
2009-06-05,-0.2514690344346815,29.62,3.84,2.52,-0.5015368924362495,212.671
2009-06-08,-0.1010554499986549,29.77,3.91,2.49,-0.5015368924362495,212.671
2009-06-09,0.3503181608735195,28.27,3.86,2.53,-0.5015368924362495,212.671
2009-06-10,-0.3480330939390152,28.46,3.98,2.6,-0.5015368924362495,212.671
2009-06-11,0.6111899148334876,28.11,3.88,2.53,-0.5015368924362495,212.671
2009-06-12,0.1396995738927264,28.15,3.81,2.51,-0.5015368924362495,212.671
2009-06-15,-2.3768561680042266,30.81,3.76,2.5,-0.5015368924362495,212.671
2009-06-16,-1.2720305257724385,32.68,3.67,2.44,-0.5015368924362495,212.671
2009-06-17,-0.1381568221481388,31.54,3.68,2.49,-1.0486584980384128,212.876
2009-06-18,0.8410990281999098,30.03,3.86,2.58,-1.0486584980384128,212.876
2009-06-19,0.3114197291689047,27.99,3.79,2.54,-1.0486584980384128,212.876
2009-06-22,-3.0600396251826645,31.17,3.72,2.55,-1.0486584980384128,212.876
2009-06-23,0.2306724905131396,30.58,3.65,2.51,-1.0486584980384128,212.876
2009-06-24,0.6524440861084724,29.05,3.72,2.53,-1.0486584980384128,212.876
2009-06-25,2.1444277390130884,26.36,3.55,2.43,-1.0486584980384128,212.876
2009-06-26,-0.1477827284822375,25.93,3.52,2.42,-1.0486584980384128,212.876
2009-06-29,0.9065138571521024,25.35,3.51,2.4,-1.0486584980384128,212.876
2009-06-30,-0.8530756458643096,26.35,3.53,2.42,-1.0486584980384128,212.876
2009-07-01,0.4361930267673175,26.22,3.55,2.5,-1.0486584980384128,212.876
2009-07-02,-2.9144546025377416,27.95,3.51,2.53,-1.0486584980384128,212.876
2009-07-06,0.2565748016350566,29.0,3.52,2.56,-1.0486584980384128,212.876
2009-07-07,-1.9683485382449015,30.85,3.47,2.49,-1.0486584980384128,212.876
2009-07-08,-0.1668537608706111,31.3,3.33,2.42,-1.0486584980384128,212.876
2009-07-09,0.3547222617954038,29.78,3.44,2.5,-1.0486584980384128,212.876
2009-07-10,-0.402182877421664,29.02,3.32,2.41,-1.0486584980384128,212.876
2009-07-13,2.4933721734452963,26.31,3.38,2.46,-1.0486584980384128,212.876
2009-07-14,0.5316063622877065,25.02,3.5,2.53,-1.0486584980384128,212.876
2009-07-15,2.962991811422233,25.89,3.63,2.6,-0.3128311920123416,214.459
2009-07-16,0.8641760970416357,25.42,3.59,2.59,-0.3128311920123416,214.459
2009-07-17,-0.0382661899461567,24.34,3.67,2.65,-0.3128311920123416,214.459
2009-07-20,1.143154888894049,24.4,3.61,2.62,-1.35416714580755,214.459
2009-07-21,0.3627277227424175,23.87,3.5,2.54,-1.35416714580755,214.459
2009-07-22,-0.053427659965044,23.47,3.58,2.6,-1.35416714580755,214.459
2009-07-23,2.3289664838582524,23.43,3.72,2.64,-1.35416714580755,214.459
2009-07-24,0.3042161453180592,23.09,3.7,2.65,-1.35416714580755,214.459
2009-07-27,0.298182595126617,24.28,3.75,2.67,-1.35416714580755,214.459
2009-07-28,-0.2606444417198372,25.01,3.72,2.6,-1.35416714580755,214.459
2009-07-29,-0.4562963930304753,25.61,3.69,2.52,-1.35416714580755,214.459
2009-07-30,1.189558047020256,25.4,3.67,2.48,-1.35416714580755,214.459
2009-07-31,0.0739782588041526,25.92,3.52,2.39,-1.35416714580755,214.459
2009-08-03,1.5342107904679605,25.56,3.66,2.48,-1.35416714580755,214.459
2009-08-04,0.3012097699592653,24.89,3.7,2.5,-1.35416714580755,214.459
2009-08-05,-0.2913591845875696,24.9,3.8,2.57,-1.35416714580755,214.459
2009-08-06,-0.5624654717235167,25.67,3.79,2.57,-1.35416714580755,214.459
2009-08-07,1.3439205629671047,24.76,3.89,2.57,-1.35416714580755,214.459
2009-08-10,-0.334494987346956,24.99,3.8,2.56,-1.35416714580755,214.459
2009-08-11,-1.2660113503211945,25.99,3.71,2.5,-1.35416714580755,214.459
2009-08-12,1.1525139291026054,25.45,3.72,2.54,-1.35416714580755,214.459
2009-08-13,0.68800100684554,24.71,3.59,2.47,-1.35416714580755,214.459
2009-08-14,-0.8531349698250423,24.27,3.55,2.48,-1.3495673932742425,214.469
2009-08-17,-2.426081898553223,27.89,3.48,2.44,-1.3495673932742425,214.469
2009-08-18,1.014565506778764,26.18,3.51,2.45,-2.149821380502881,214.469
2009-08-19,0.6860912404894393,26.26,3.45,2.44,-2.149821380502881,214.469
2009-08-20,1.0948731413161106,25.09,3.42,2.39,-2.149821380502881,214.469
2009-08-21,1.8622760114512584,25.01,3.56,2.43,-2.149821380502881,214.469
2009-08-24,-0.054579691762735,25.14,3.48,2.43,-2.149821380502881,214.469
2009-08-25,0.236946657780912,24.92,3.45,2.4,-2.149821380502881,214.469
2009-08-26,0.0116726767692032,24.95,3.44,2.38,-2.149821380502881,214.469
2009-08-27,0.2781762211750971,24.68,3.47,2.43,-2.149821380502881,214.469
2009-08-28,-0.1988328383331405,24.76,3.46,2.45,-2.149821380502881,214.469
2009-08-31,-0.8076407685613796,26.01,3.4,2.43,-2.149821380502881,214.469
2009-09-01,-2.2123823948061228,29.15,3.38,2.46,-2.149821380502881,214.469
2009-09-02,-0.3296439120451411,28.9,3.29,2.4,-2.149821380502881,214.469
2009-09-03,0.8534797923473336,27.1,3.33,2.42,-2.149821380502881,214.469
2009-09-04,1.3117533499250822,25.26,3.45,2.51,-2.149821380502881,214.469
2009-09-08,0.8844933115342624,25.62,3.47,2.54,-2.149821380502881,214.469
2009-09-09,0.7782385584753415,24.32,3.48,2.55,-2.149821380502881,214.469
2009-09-10,1.042222977456264,23.55,3.36,2.46,-2.149821380502881,214.469
2009-09-11,-0.135042634120508,24.15,3.34,2.44,-2.149821380502881,214.469
2009-09-14,0.6339115087676817,23.86,3.42,2.48,-2.149821380502881,214.469
2009-09-15,0.3135341423813997,23.42,3.47,2.51,-2.149821380502881,214.469
2009-09-16,1.5323527552882463,23.69,3.48,2.47,-1.7122834552265045,215.428
2009-09-17,-0.3059638741504833,23.65,3.42,2.44,-1.7122834552265045,215.428
2009-09-18,0.2637339270669114,23.92,3.49,2.46,-1.577119883040934,215.428
2009-09-21,-0.340729615469959,24.06,3.49,2.47,-1.577119883040934,215.428
2009-09-22,0.6574868761175523,23.08,3.46,2.44,-1.577119883040934,215.428
2009-09-23,-1.0068528001755062,23.49,3.44,2.48,-1.577119883040934,215.428
2009-09-24,-0.951102950102567,24.95,3.4,2.47,-1.577119883040934,215.428
2009-09-25,-0.6090736629573268,25.61,3.34,2.36,-1.577119883040934,215.428
2009-09-28,1.7809586069224448,24.88,3.31,2.33,-1.577119883040934,215.428
2009-09-29,-0.2229576436747593,25.19,3.31,2.31,-1.577119883040934,215.428
2009-09-30,-0.3328301020761093,25.61,3.31,2.36,-1.577119883040934,215.428
2009-10-01,-2.5759622356647194,28.27,3.21,2.34,-1.577119883040934,215.428
2009-10-02,-0.4505524841904806,28.68,3.24,2.36,-1.577119883040934,215.428
2009-10-05,1.4875001786029074,26.84,3.24,2.36,-1.577119883040934,215.428
2009-10-06,1.3705486324313787,25.7,3.27,2.36,-1.577119883040934,215.428
2009-10-07,0.2711606332490124,24.68,3.21,2.34,-1.577119883040934,215.428
2009-10-08,0.7469907470196047,24.18,3.27,2.37,-1.577119883040934,215.428
2009-10-09,0.5640659492242017,23.12,3.4,2.42,-1.577119883040934,215.428
2009-10-13,-0.2787612004698681,22.99,3.34,2.43,-1.577119883040934,215.428
2009-10-14,1.75458950913443,22.86,3.45,2.49,-1.577119883040934,215.428
2009-10-15,0.4157468710554335,21.72,3.49,2.52,-1.411275584795324,215.791
2009-10-16,-0.8098056110305896,21.43,3.43,2.46,-1.411275584795324,215.791
2009-10-19,0.9405321384581278,21.49,3.41,2.42,-1.411275584795324,215.791
2009-10-20,-0.6239104637617676,20.9,3.35,2.4,-1.3810879609529536,215.791
2009-10-21,-0.8853806079326398,22.22,3.42,2.42,-1.3810879609529536,215.791
2009-10-22,1.0643618925255227,20.69,3.44,2.47,-1.3810879609529536,215.791
2009-10-23,-1.2178549173757158,22.27,3.51,2.47,-1.3810879609529536,215.791
2009-10-26,-1.171732558366989,24.31,3.59,2.53,-1.3810879609529536,215.791
2009-10-27,-0.331779104380614,24.83,3.49,2.5,-1.3810879609529536,215.791
2009-10-28,-1.9540937765275768,27.91,3.44,2.49,-1.3810879609529536,215.791
2009-10-29,2.251995469034007,24.76,3.53,2.55,-1.3810879609529536,215.791
2009-10-30,-2.806468784310845,30.69,3.41,2.51,-1.3810879609529536,215.791
2009-11-02,0.6456406503505763,29.78,3.45,2.53,-1.3810879609529536,215.791
2009-11-03,0.2426002306141983,28.81,3.5,2.58,-1.3810879609529536,215.791
2009-11-04,0.1042620392645909,27.72,3.57,2.66,-1.3810879609529536,215.791
2009-11-05,1.923555172748448,25.43,3.57,2.67,-1.3810879609529536,215.791
2009-11-06,0.250325223656711,24.19,3.54,2.68,-1.3810879609529536,215.791
2009-11-09,2.2238760067974983,23.15,3.52,2.65,-1.3810879609529536,215.791
2009-11-10,-0.0063990093931431,22.84,3.5,2.65,-1.3810879609529536,215.791
2009-11-12,-1.0259368991689557,24.24,3.45,2.63,-1.3810879609529536,215.791
2009-11-13,0.5739294259246241,23.36,3.43,2.61,-1.3810879609529536,215.791
2009-11-16,1.4467634197192325,22.89,3.33,2.55,-1.3810879609529536,215.791
2009-11-17,0.091940630672016,22.41,3.33,2.55,-1.3810879609529536,215.791
2009-11-18,-0.0468241125159529,21.63,3.36,2.59,-1.1096232856365962,216.385
2009-11-19,-1.3425863902056911,22.63,3.35,2.62,-1.1096232856365962,216.385
2009-11-20,-0.321492323752004,22.19,3.36,2.61,-1.1096232856365962,216.385
2009-11-23,1.3615775701478094,21.16,3.37,2.6,-0.1499700059988118,216.385
2009-11-24,-0.0533307262005178,20.47,3.32,2.59,-0.1499700059988118,216.385
2009-11-25,0.4504120073066664,20.48,3.28,2.55,-0.1499700059988118,216.385
2009-11-27,-1.7233475202623416,24.85,3.21,2.53,-0.1499700059988118,216.385
2009-11-30,0.3792993692547375,24.51,3.21,2.54,-0.1499700059988118,216.385
2009-12-01,1.2075226499629332,21.92,3.28,2.61,-0.1499700059988118,216.385
2009-12-02,0.0342698706628841,21.12,3.32,2.6,-0.1499700059988118,216.385
2009-12-03,-0.8402100871871099,22.46,3.39,2.65,-0.1499700059988118,216.385
2009-12-04,0.5509433669106611,21.25,3.48,2.64,-0.1499700059988118,216.385
2009-12-07,-0.2468381450804302,22.1,3.44,2.66,-0.1499700059988118,216.385
2009-12-08,-1.0251582681849114,23.69,3.4,2.67,-0.1499700059988118,216.385
2009-12-09,0.3672372090776976,22.66,3.45,2.69,-0.1499700059988118,216.385
2009-12-10,0.5839705004064388,22.32,3.49,2.71,-0.1499700059988118,216.385
2009-12-11,0.3683094011583732,21.59,3.55,2.72,-0.1499700059988118,216.385
2009-12-14,0.6959401066516824,21.15,3.56,2.69,-0.1499700059988118,216.385
2009-12-15,-0.5546967284989268,21.49,3.6,2.72,-0.1499700059988118,216.385
2009-12-16,0.1128230068146551,20.54,3.61,2.76,0.2491809330441574,217.25
2009-12-17,-1.1810614167124256,22.51,3.5,2.73,0.2491809330441574,217.25
2009-12-18,0.5829880031232637,21.68,3.55,2.73,1.966582183422516,217.25
2009-12-21,1.0503758317892853,20.49,3.69,2.8,1.966582183422516,217.25
2009-12-22,0.3563547892036833,19.54,3.76,2.81,1.966582183422516,217.25
2009-12-23,0.22986585608189,19.71,3.77,2.81,1.966582183422516,217.25
2009-12-24,0.5256172933982839,19.47,3.82,2.82,1.966582183422516,217.25
2009-12-28,0.1154080721065264,19.93,3.85,2.76,1.966582183422516,217.25
2009-12-29,-0.1401051697984989,20.01,3.82,2.73,1.966582183422516,217.25
2009-12-30,0.0195429571106409,19.96,3.8,2.72,1.966582183422516,217.25
2009-12-31,-1.004959776792158,21.68,3.85,2.71,1.966582183422516,217.25
2010-01-04,1.604341766668682,20.04,3.85,2.76,1.966582183422516,217.25
2010-01-05,0.3115675625823266,19.35,3.77,2.76,1.966582183422516,217.25
2010-01-06,0.0545520630110152,19.16,3.85,2.84,1.966582183422516,217.25
2010-01-07,0.400120187417663,19.06,3.85,2.82,1.966582183422516,217.25
2010-01-08,0.288172729142877,18.13,3.83,2.87,1.966582183422516,217.25
2010-01-11,0.1746755431637492,17.55,3.85,2.9,1.966582183422516,217.25
2010-01-12,-0.9381166148364262,18.25,3.74,2.82,1.966582183422516,217.25
2010-01-13,0.8325925658531075,17.85,3.8,2.83,1.966582183422516,217.25
2010-01-14,0.2426425438374568,17.63,3.76,2.82,1.966582183422516,217.25
2010-01-15,-1.0823130159869354,17.91,3.7,2.81,2.103163428142296,217.541
2010-01-19,1.2499626599363545,17.58,3.73,2.8,2.103163428142296,217.541
2010-01-20,-1.0597829662970737,18.68,3.68,2.76,2.103163428142296,217.541
2010-01-21,-1.894490338978838,22.27,3.62,2.75,2.861128185729811,217.541
2010-01-22,-2.2140988764300484,27.31,3.62,2.78,2.861128185729811,217.541
2010-01-25,0.4598098012701168,25.41,3.66,2.8,2.861128185729811,217.541
2010-01-26,-0.4203199573680982,24.55,3.65,2.78,2.861128185729811,217.541
2010-01-27,0.4880152210944954,23.14,3.66,2.76,2.861128185729811,217.541
2010-01-28,-1.1817740959567224,23.73,3.68,2.81,2.861128185729811,217.541
2010-01-29,-0.9829173828039272,24.62,3.63,2.81,2.861128185729811,217.541
2010-02-01,1.4266108894671836,22.59,3.68,2.82,2.861128185729811,217.541
2010-02-02,1.297294837718499,21.48,3.67,2.81,2.861128185729811,217.541
2010-02-03,-0.547431142933863,21.6,3.73,2.85,2.861128185729811,217.541
2010-02-04,-3.1140677888039425,26.08,3.62,2.82,2.861128185729811,217.541
2010-02-05,0.2897118921960873,26.11,3.59,2.82,2.861128185729811,217.541
2010-02-08,-0.886329049344714,26.51,3.62,2.83,2.861128185729811,217.541
2010-02-09,1.3040132316577413,26.0,3.67,2.83,2.861128185729811,217.541
2010-02-10,-0.2232573520188796,25.4,3.72,2.81,2.861128185729811,217.541
2010-02-11,0.9680437561949252,23.96,3.73,2.82,2.861128185729811,217.541
2010-02-12,-0.2744592819371894,22.73,3.69,2.85,2.861128185729811,217.541
2010-02-16,1.800074864554846,22.25,3.66,2.84,2.861128185729811,217.541
2010-02-17,0.4237959455579698,21.72,3.74,2.87,2.711239302094648,217.224
2010-02-18,0.6584742448973557,20.63,3.79,2.89,2.711239302094648,217.224
2010-02-19,0.2186622042297248,20.02,3.78,2.83,2.882878623102747,217.587
2010-02-22,-0.1045857833990249,19.94,3.8,2.89,2.8405734082627143,217.587
2010-02-23,-1.210280959693144,21.37,3.69,2.82,2.8405734082627143,217.587
2010-02-24,0.972045942422195,20.27,3.7,2.83,2.551207970816405,217.587
2010-02-25,-0.2081040179913507,20.1,3.64,2.82,2.551207970816405,217.587
2010-02-26,0.1405379177898513,19.5,3.61,2.8,2.551207970816405,217.587
2010-03-01,1.015850827289455,19.26,3.61,2.81,2.551207970816405,217.587
2010-03-02,0.2330442271990751,19.06,3.62,2.82,2.551207970816405,217.587
2010-03-03,0.0429201602061501,18.83,3.63,2.81,2.551207970816405,217.587
2010-03-04,0.3736118033485169,18.72,3.61,2.75,2.551207970816405,217.587
2010-03-05,1.4007480947064943,17.42,3.69,2.78,2.551207970816405,217.587
2010-03-08,-0.0175596013391565,17.79,3.72,2.82,2.551207970816405,217.587
2010-03-09,0.1712737085529214,17.92,3.71,2.82,2.551207970816405,217.587
2010-03-10,0.452455995494172,18.57,3.73,2.81,2.551207970816405,217.587
2010-03-11,0.4041519314613495,18.06,3.73,2.76,2.551207970816405,217.587
2010-03-12,-0.0217345947039371,17.58,3.71,2.74,2.551207970816405,217.587
2010-03-15,0.0452194832708086,18.0,3.71,2.75,2.551207970816405,217.587
2010-03-16,0.7779116301385613,17.69,3.66,2.73,2.551207970816405,217.587
2010-03-17,0.5821675803744153,16.91,3.65,2.7,2.551207970816405,217.587
2010-03-18,-0.0325846027337206,16.62,3.68,2.7,2.5530932159454123,217.591
2010-03-19,-0.5086446449439896,16.97,3.7,2.68,2.5530932159454123,217.591
2010-03-22,0.5095296193887933,16.87,3.67,2.66,2.152041951672956,217.591
2010-03-23,0.7170966908320198,16.35,3.69,2.67,2.152041951672956,217.591
2010-03-24,-0.5493304207041971,17.55,3.84,2.76,2.152041951672956,217.591
2010-03-25,-0.1704167338318907,18.4,3.91,2.81,2.152041951672956,217.591
2010-03-26,0.0737722599547963,17.77,3.86,2.82,2.152041951672956,217.591
2010-03-29,0.5683234964352302,17.59,3.88,2.84,2.152041951672956,217.591
2010-03-30,0.0042659372815556,17.13,3.88,2.82,2.152041951672956,217.591
2010-03-31,-0.327287474868454,17.59,3.84,2.82,2.152041951672956,217.591
2010-04-01,0.7413801148249854,17.47,3.89,2.84,2.152041951672956,217.591
2010-04-05,0.7927990844467381,17.02,4.01,2.83,2.152041951672956,217.591
2010-04-06,0.1684295710679517,16.23,3.98,2.84,2.152041951672956,217.591
2010-04-07,-0.5876707172041695,16.62,3.89,2.83,2.152041951672956,217.591
2010-04-08,0.3374341747336196,16.48,3.91,2.82,2.152041951672956,217.591
2010-04-09,0.668390656297202,16.14,3.9,2.82,2.152041951672956,217.591
2010-04-12,0.1766609476283376,15.58,3.87,2.8,2.152041951672956,217.591
2010-04-13,0.0685400819705916,16.2,3.84,2.77,2.152041951672956,217.591
2010-04-14,1.1150066851666862,15.59,3.88,2.81,2.216828554930128,217.729
2010-04-15,0.0842538727691799,15.89,3.86,2.82,2.216828554930128,217.729
2010-04-16,-1.6126534744455467,18.36,3.79,2.81,2.216828554930128,217.729
2010-04-19,0.4521331252766547,17.34,3.83,2.82,2.3576257322038163,217.729
2010-04-20,0.8058340784849571,15.73,3.82,2.77,2.3576257322038163,217.729
2010-04-21,-0.1018996905392199,16.32,3.77,2.74,2.3576257322038163,217.729
2010-04-22,0.2263879356942943,16.47,3.8,2.73,2.3576257322038163,217.729
2010-04-23,0.7123520099379554,16.62,3.84,2.74,2.3576257322038163,217.729
2010-04-26,-0.4296448099761374,17.47,3.83,2.74,2.3576257322038163,217.729
2010-04-27,-2.338194525714987,22.81,3.71,2.68,2.3576257322038163,217.729
2010-04-28,0.6462752419523099,21.08,3.8,2.77,2.3576257322038163,217.729
2010-04-29,1.2943228020842137,18.44,3.76,2.75,2.3576257322038163,217.729
2010-04-30,-1.6647680109796337,22.05,3.69,2.72,2.3576257322038163,217.729
2010-05-03,1.3120586781854904,20.19,3.72,2.72,2.3576257322038163,217.729
2010-05-04,-2.383846584506677,23.84,3.63,2.67,2.3576257322038163,217.729
2010-05-05,-0.6586554728659322,24.91,3.58,2.7,2.3576257322038163,217.729
2010-05-06,-3.2353496411350324,32.8,3.41,2.66,2.3576257322038163,217.729
2010-05-07,-1.5308264998017185,40.95,3.45,2.62,2.3576257322038163,217.729
2010-05-10,4.397412445198401,28.84,3.57,2.7,2.3576257322038163,217.729
2010-05-11,-0.3397292018489928,28.32,3.56,2.71,2.3576257322038163,217.729
2010-05-12,1.3739523915341278,25.52,3.56,2.67,2.3576257322038163,217.729
2010-05-13,-1.2145144968583543,26.68,3.55,2.68,2.3576257322038163,217.729
2010-05-14,-1.880001451209212,31.24,3.44,2.65,2.3576257322038163,217.729
2010-05-17,0.1109368515538999,30.84,3.47,2.66,2.3576257322038163,217.729
2010-05-18,-1.4195906037184347,33.55,3.38,2.62,2.3576257322038163,217.729
2010-05-19,-0.5130263873571406,35.32,3.36,2.56,2.3077899666621216,217.579
2010-05-20,-3.8975903416611057,45.79,3.25,2.49,2.3077899666621216,217.579
2010-05-21,1.5024380686144978,40.1,3.2,2.44,2.3077899666621216,217.579
2010-05-24,-1.2908014000787449,38.32,3.23,2.46,2.3077899666621216,217.579
2010-05-25,0.0353937385713543,34.61,3.18,2.37,2.3077899666621216,217.579
2010-05-26,-0.5660994533812413,35.02,3.21,2.39,2.3077899666621216,217.579
2010-05-27,3.2876173067238,29.68,3.34,2.47,2.3077899666621216,217.579
2010-05-28,-1.237468831159061,32.07,3.31,2.55,2.3077899666621216,217.579
2010-06-01,-1.716532127985071,35.54,3.29,2.51,2.3077899666621216,217.579
2010-06-02,2.5842707133391096,30.17,3.35,2.53,2.3077899666621216,217.579
2010-06-03,0.4051376711240895,29.46,3.39,2.57,2.3077899666621216,217.579
2010-06-04,-3.4411425771964765,35.48,3.2,2.48,2.3077899666621216,217.579
2010-06-07,-1.353207320412908,36.57,3.17,2.43,2.3077899666621216,217.579
2010-06-08,1.0976067492112662,33.7,3.18,2.44,2.3077899666621216,217.579
2010-06-09,-0.5941674758709992,33.73,3.2,2.46,2.3077899666621216,217.579
2010-06-10,2.950679284920388,30.57,3.33,2.54,2.3077899666621216,217.579
2010-06-11,0.4379678623643857,28.79,3.24,2.49,2.3077899666621216,217.579
2010-06-14,-0.1804663564661246,28.58,3.28,2.51,2.3077899666621216,217.579
2010-06-15,2.3494191121040897,25.87,3.32,2.53,2.3077899666621216,217.579
2010-06-16,-0.0555934765066989,25.92,3.27,2.52,2.3077899666621216,217.579
2010-06-17,0.1283008164049803,25.05,3.21,2.49,2.1408654682584904,217.224
2010-06-18,0.1317130794303622,23.95,3.24,2.5,2.1408654682584904,217.224
2010-06-21,-0.3856841152281021,24.88,3.26,2.52,2.04250361712921,217.224
2010-06-22,-1.6070691127224812,27.05,3.18,2.47,2.04250361712921,217.224
2010-06-23,-0.2985473844226649,26.91,3.13,2.47,2.04250361712921,217.224
2010-06-24,-1.680350261882635,29.74,3.14,2.47,2.04250361712921,217.224
2010-06-25,0.2859362131449217,28.53,3.12,2.47,2.04250361712921,217.224
2010-06-28,-0.203393834902843,29.0,3.05,2.43,2.04250361712921,217.224
2010-06-29,-3.101701864061035,34.13,2.97,2.36,2.04250361712921,217.224
2010-06-30,-1.01129704925228,34.54,2.97,2.36,2.04250361712921,217.224
2010-07-01,-0.3240451675925015,32.86,2.96,2.33,2.04250361712921,217.224
2010-07-02,-0.4662369010297373,30.12,3.0,2.37,2.04250361712921,217.224
2010-07-06,0.535903441522545,29.65,2.95,2.33,2.04250361712921,217.224
2010-07-07,3.133081639370272,26.84,3.0,2.37,2.04250361712921,217.224
2010-07-08,0.941267817151159,25.71,3.04,2.41,2.04250361712921,217.224
2010-07-09,0.7203887818266752,24.98,3.07,2.44,2.04250361712921,217.224
2010-07-12,0.0732902047505534,24.43,3.08,2.43,2.04250361712921,217.224
2010-07-13,1.5378879091830775,24.56,3.15,2.48,2.04250361712921,217.224
2010-07-14,-0.0155131630637406,24.89,3.07,2.45,2.04250361712921,217.224
2010-07-15,0.1196103318091612,25.14,3.0,2.39,2.04250361712921,217.224
2010-07-16,-2.8819473359129044,26.25,2.96,2.35,1.903925289840092,216.929
2010-07-19,0.5981890060832162,25.97,2.99,2.38,1.1517352967233885,216.929
2010-07-20,1.1416551196032687,23.93,2.98,2.37,1.1517352967233885,216.929
2010-07-21,-1.2819816608358736,25.64,2.9,2.32,1.1517352967233885,216.929
2010-07-22,2.2513373250030444,24.63,2.96,2.36,1.1517352967233885,216.929
2010-07-23,0.8220020548377116,23.47,3.02,2.42,1.1517352967233885,216.929
2010-07-26,1.1200166146517754,22.73,3.03,2.41,1.1517352967233885,216.929
2010-07-27,-0.1049357346629031,23.19,3.08,2.43,1.1517352967233885,216.929
2010-07-28,-0.6921964711350426,24.25,3.03,2.42,1.1517352967233885,216.929
2010-07-29,-0.4158621107493432,24.13,3.03,2.44,1.1517352967233885,216.929
2010-07-30,0.0063499212188622,23.5,2.94,2.39,1.1517352967233885,216.929
2010-08-02,2.2022522061804883,22.01,2.99,2.43,1.1517352967233885,216.929
2010-08-03,-0.4796355216742376,22.63,2.94,2.41,1.1517352967233885,216.929
2010-08-04,0.6051112519185553,22.21,2.98,2.42,1.1517352967233885,216.929
2010-08-05,-0.1268524584838171,22.1,2.94,2.41,1.1517352967233885,216.929
2010-08-06,-0.3704038628435491,21.74,2.86,2.36,1.1517352967233885,216.929
2010-08-09,0.5483064382283187,22.14,2.86,2.32,1.1517352967233885,216.929
2010-08-10,-0.5967405488298549,22.37,2.79,2.27,1.1517352967233885,216.929
2010-08-11,-2.8178764954173263,25.39,2.72,2.18,1.1517352967233885,216.929
2010-08-12,-0.5378748849571791,25.73,2.74,2.19,1.1517352967233885,216.929
2010-08-13,-0.4023574358396065,26.24,2.68,2.14,1.4632167453918932,217.597
2010-08-16,0.012045854325926,26.1,2.58,2.07,1.4632167453918932,217.597
2010-08-17,1.2192216013040102,24.33,2.64,2.12,1.4632167453918932,217.597
2010-08-18,0.1482778716812571,24.59,2.64,2.13,1.45848584177668,217.597
2010-08-19,-1.6935392189468268,26.44,2.58,2.09,1.45848584177668,217.597
2010-08-20,-0.3663028605260798,25.49,2.62,2.13,1.45848584177668,217.597
2010-08-23,-0.4040306703826823,25.66,2.6,2.11,1.45848584177668,217.597
2010-08-24,-1.4512432962598854,27.46,2.5,2.0,1.45848584177668,217.597
2010-08-25,0.3289342745359525,26.7,2.54,2.01,1.45848584177668,217.597
2010-08-26,-0.7684786454732473,27.37,2.5,1.99,1.45848584177668,217.597
2010-08-27,1.658676839931239,24.45,2.66,2.1,1.45848584177668,217.597
2010-08-30,-1.471920868888299,27.21,2.54,2.04,1.45848584177668,217.597
2010-08-31,0.0390794428747121,26.05,2.47,2.0,1.45848584177668,217.597
2010-09-01,2.950462133399623,23.89,2.58,2.08,1.45848584177668,217.597
2010-09-02,0.9080835857702364,23.19,2.63,2.13,1.45848584177668,217.597
2010-09-03,1.3219002387319545,21.31,2.72,2.2,1.45848584177668,217.597
2010-09-07,-1.1471189788493708,23.8,2.61,2.12,1.45848584177668,217.597
2010-09-08,0.6438699367075529,23.25,2.66,2.14,1.45848584177668,217.597
2010-09-09,0.4832290095593716,22.81,2.77,2.2,1.45848584177668,217.597
2010-09-10,0.4863332840635781,21.99,2.81,2.23,1.45848584177668,217.597
2010-09-13,1.1130616053760978,21.21,2.74,2.21,1.45848584177668,217.597
2010-09-14,-0.0713119538920503,21.56,2.68,2.18,1.45848584177668,217.597
2010-09-15,0.354113887216001,22.1,2.74,2.24,1.45848584177668,217.597
2010-09-16,-0.036434366656679,21.72,2.77,2.29,1.45848584177668,217.597
2010-09-17,0.0826855771845158,22.01,2.75,2.27,1.7163319640600694,218.15
2010-09-20,1.5209797205957498,21.5,2.72,2.25,1.263531203000534,218.15
2010-09-21,-0.2564020390809607,22.35,2.61,2.18,1.263531203000534,218.15
2010-09-22,-0.4825492514895946,22.51,2.56,2.12,1.263531203000534,218.15
2010-09-23,-0.8331340584428193,23.87,2.56,2.11,1.263531203000534,218.15
2010-09-24,2.119439277225821,21.71,2.62,2.17,1.263531203000534,218.15
2010-09-27,-0.5667432349210744,22.54,2.54,2.1,1.263531203000534,218.15
2010-09-28,0.4850385958537151,22.6,2.48,2.11,1.263531203000534,218.15
2010-09-29,-0.2587758847678367,23.25,2.52,2.08,1.263531203000534,218.15
2010-09-30,-0.3083722237648967,23.7,2.53,2.11,1.263531203000534,218.15
2010-10-01,0.4416438203773465,22.5,2.54,2.12,1.263531203000534,218.15
2010-10-04,-0.8034932488803492,23.53,2.5,2.09,1.263531203000534,218.15
2010-10-05,2.086134059079603,21.76,2.5,2.09,1.263531203000534,218.15
2010-10-06,-0.0672004563321171,21.49,2.41,2.03,1.263531203000534,218.15
2010-10-07,-0.1646518580319167,21.56,2.41,2.05,1.263531203000534,218.15
2010-10-08,0.612227817348443,20.71,2.41,2.06,1.263531203000534,218.15
2010-10-12,0.3818756605307172,18.93,2.44,2.07,1.263531203000534,218.15
2010-10-13,0.7121020299379444,19.07,2.46,2.09,1.263531203000534,218.15
2010-10-14,-0.3641386199039531,19.88,2.52,2.14,1.263531203000534,218.15
2010-10-15,0.2027485447987365,19.03,2.59,2.22,1.3665818742224944,218.372
2010-10-18,0.7243744595420987,19.09,2.52,2.14,1.3665818742224944,218.372
2010-10-19,-1.5877250249970554,20.63,2.5,2.13,1.1960647107618128,218.372
2010-10-20,1.052407519882892,19.79,2.51,2.16,1.1960647107618128,218.372
2010-10-21,0.1773908470218632,19.27,2.57,2.2,1.1960647107618128,218.372
2010-10-22,0.238925852416405,18.78,2.59,2.24,1.1960647107618128,218.372
2010-10-25,0.2146971596890701,19.85,2.59,2.22,1.1960647107618128,218.372
2010-10-26,0.0016885284772838,20.22,2.67,2.27,1.1960647107618128,218.372
2010-10-27,-0.2690583513671685,20.71,2.75,2.35,1.1960647107618128,218.372
2010-10-28,0.1124849405830463,20.88,2.69,2.32,1.1960647107618128,218.372
2010-10-29,-0.0439287298636736,21.2,2.63,2.29,1.1960647107618128,218.372
2010-11-01,0.0946533397515381,21.83,2.66,2.32,1.1960647107618128,218.372
2010-11-02,0.7759284493458862,21.57,2.63,2.29,1.1960647107618128,218.372
2010-11-03,0.3678053944041082,19.56,2.67,2.33,1.1960647107618128,218.372
2010-11-04,1.928286287479275,18.52,2.53,2.2,1.1960647107618128,218.372
2010-11-05,0.392275298702649,18.26,2.58,2.2,1.1960647107618128,218.372
2010-11-08,-0.2120957407283685,18.29,2.6,2.19,1.1960647107618128,218.372
2010-11-09,-0.8052299681943542,19.08,2.72,2.26,1.1960647107618128,218.372
2010-11-10,0.4376080778473401,18.47,2.65,2.21,1.1960647107618128,218.372
2010-11-12,-1.1808492232419865,20.61,2.76,2.25,1.1960647107618128,218.372
2010-11-15,-0.1217435632671626,20.2,2.92,2.39,1.1960647107618128,218.372
2010-11-16,-1.6205413633636034,22.58,2.85,2.34,1.1960647107618128,218.372
2010-11-17,0.0212162879348554,21.76,2.89,2.39,1.4310142684356597,218.879
2010-11-18,1.5357313493959523,18.75,2.9,2.38,1.4310142684356597,218.879
2010-11-19,0.2540373205550228,18.04,2.88,2.36,1.4310142684356597,218.879
2010-11-22,-0.1575366690177326,18.37,2.8,2.31,1.1525752709291348,218.879
2010-11-23,-1.4284032792181156,20.63,2.77,2.32,1.1525752709291348,218.879
2010-11-24,1.4922967493543604,19.56,2.93,2.4,1.1525752709291348,218.879
2010-11-26,-0.7468562068020934,22.22,2.87,2.36,1.1525752709291348,218.879
2010-11-29,-0.1378858764733426,21.53,2.84,2.32,1.1525752709291348,218.879
2010-11-30,-0.6070216944686235,23.54,2.81,2.36,1.1525752709291348,218.879
2010-12-01,2.161695515261708,21.36,2.97,2.44,1.1525752709291348,218.879
2010-12-02,1.2818562518186694,19.39,3.01,2.46,1.1525752709291348,218.879
2010-12-03,0.2603236567549238,18.01,3.03,2.54,1.1525752709291348,218.879
2010-12-06,-0.1298238661417761,18.02,2.95,2.53,1.1525752709291348,218.879
2010-12-07,0.0515080192726502,17.99,3.15,2.61,1.1525752709291348,218.879
2010-12-08,0.3701760406026544,17.74,3.26,2.63,1.1525752709291348,218.879
2010-12-09,0.3842748062774292,17.25,3.23,2.59,1.1525752709291348,218.879
2010-12-10,0.6001641860553519,17.61,3.32,2.68,1.1525752709291348,218.879
2010-12-13,0.0048320317847405,17.55,3.29,2.68,1.1525752709291348,218.879
2010-12-14,0.091095635360805,17.61,3.49,2.83,1.1525752709291348,218.879
2010-12-15,-0.5122452280258649,17.94,3.53,2.85,1.2759664486909903,219.146
2010-12-16,0.6185094896691501,17.39,3.47,2.81,1.2759664486909903,219.146
2010-12-17,0.0836804385483613,16.11,3.33,2.72,1.2759664486909903,219.146
2010-12-20,0.2548353006164516,16.41,3.36,2.74,0.8727272727272695,219.146
2010-12-21,0.6030102155631267,16.49,3.35,2.72,0.8727272727272695,219.146
2010-12-22,0.3379555489306352,15.45,3.36,2.71,0.8727272727272695,219.146
2010-12-23,-0.1644328385867255,16.47,3.41,2.74,0.8727272727272695,219.146
2010-12-27,0.0612697247136084,17.67,3.36,2.65,0.8727272727272695,219.146
2010-12-28,0.0771323912555521,17.52,3.5,2.75,0.8727272727272695,219.146
2010-12-29,0.1009145355535645,17.28,3.35,2.71,0.8727272727272695,219.146
2010-12-30,-0.1508219188966597,17.52,3.38,2.72,0.8727272727272695,219.146
2010-12-31,-0.0190789450061568,17.75,3.3,2.69,0.8727272727272695,219.146
2011-01-03,1.13148280135853,17.61,3.36,2.75,0.8727272727272695,219.146
2011-01-04,-0.131306183157398,17.38,3.36,2.73,0.8727272727272695,219.146
2011-01-05,0.5007170261664085,17.02,3.5,2.79,0.8727272727272695,219.146
2011-01-06,-0.2122957701494954,17.4,3.44,2.76,0.8727272727272695,219.146
2011-01-07,-0.1844782063018524,17.14,3.34,2.74,0.8727272727272695,219.146
2011-01-10,-0.1376327172630698,17.54,3.32,2.73,0.8727272727272695,219.146
2011-01-11,0.3725127362669722,16.89,3.37,2.77,0.8727272727272695,219.146
2011-01-12,0.900758006769764,16.24,3.4,2.79,0.8727272727272695,219.146
2011-01-13,-0.1710746243041017,16.39,3.34,2.75,0.8727272727272695,219.146
2011-01-14,0.7384542591010179,15.46,3.35,2.76,1.3818181818181952,220.252
2011-01-18,0.137641065101346,15.87,3.39,2.79,1.3818181818181952,220.252
2011-01-19,-1.0115654884377157,17.31,3.37,2.77,1.246201865395502,220.252
2011-01-20,-0.129495921959255,17.99,3.47,2.82,1.246201865395502,220.252
2011-01-21,0.2413545527270022,18.47,3.44,2.81,1.246201865395502,220.252
2011-01-24,0.583628034196626,17.65,3.43,2.78,1.246201865395502,220.252
2011-01-25,0.0263462473761411,17.59,3.35,2.73,1.246201865395502,220.252
2011-01-26,0.4220907189676159,16.64,3.45,2.83,1.246201865395502,220.252
2011-01-27,0.2244305753167141,16.15,3.42,2.83,1.246201865395502,220.252
2011-01-28,-1.7852526697772375,20.04,3.36,2.82,1.246201865395502,220.252
2011-01-31,0.7662558220206783,19.53,3.42,2.84,1.246201865395502,220.252
2011-02-01,1.669359840810869,17.63,3.48,2.87,1.246201865395502,220.252
2011-02-02,-0.272251746839014,17.3,3.52,2.85,1.246201865395502,220.252
2011-02-03,0.2354199075245144,16.69,3.58,2.87,1.246201865395502,220.252
2011-02-04,0.2884262567260709,15.93,3.68,2.91,1.246201865395502,220.252
2011-02-07,0.6240171597036381,16.28,3.68,2.9,1.246201865395502,220.252
2011-02-08,0.4184752099316791,15.81,3.75,2.89,1.246201865395502,220.252
2011-02-09,-0.278576561138788,15.87,3.65,2.84,1.246201865395502,220.252
2011-02-10,0.0749492937068829,16.09,3.7,2.85,1.246201865395502,220.252
2011-02-11,0.5507371620330659,15.69,3.64,2.79,1.246201865395502,220.252
2011-02-14,0.2384924061824778,15.95,3.62,2.75,1.246201865395502,220.252
2011-02-15,-0.3234911055292722,16.37,3.61,2.77,1.2158627569055946,220.186
2011-02-16,0.6257435156610036,16.72,3.62,2.76,1.2158627569055946,220.186
2011-02-17,0.3075691142146564,16.59,3.58,2.78,1.766839759879213,221.062
2011-02-18,0.1924722627297814,16.43,3.59,2.81,1.766839759879213,221.062
2011-02-22,-2.052856505826517,20.8,3.46,2.72,1.5970623244955018,221.062
2011-02-23,-0.6111960522950599,22.13,3.49,2.75,1.5970623244955018,221.062
2011-02-24,-0.0994377240208232,21.32,3.46,2.73,1.5970623244955018,221.062
2011-02-25,1.055051646463201,19.22,3.42,2.7,1.5970623244955018,221.062
2011-02-28,0.5561085699577806,18.35,3.42,2.73,1.5970623244955018,221.062
2011-03-01,-1.5739677754675885,21.01,3.41,2.75,1.5970623244955018,221.062
2011-03-02,0.161520092361278,20.7,3.46,2.77,1.5970623244955018,221.062
2011-03-03,1.7219001487115193,18.6,3.58,2.79,1.5970623244955018,221.062
2011-03-04,-0.737803745029264,19.06,3.49,2.81,1.5970623244955018,221.062
2011-03-07,-0.8341232507744434,20.66,3.51,2.81,1.5970623244955018,221.062
2011-03-08,0.8922733898683255,19.82,3.56,2.83,1.5970623244955018,221.062
2011-03-09,-0.1361703432351535,20.22,3.48,2.78,1.5970623244955018,221.062
2011-03-10,-1.887095181218024,21.88,3.37,2.72,1.5970623244955018,221.062
2011-03-11,0.7080513662183874,20.08,3.4,2.76,1.5970623244955018,221.062
2011-03-14,-0.6049325659529536,21.13,3.36,2.75,1.5970623244955018,221.062
2011-03-15,-1.120034817237281,24.32,3.33,2.7,1.5970623244955018,221.062
2011-03-16,-1.9494949042855536,29.4,3.22,2.64,1.5970623244955018,221.062
2011-03-17,1.3398228752857344,26.37,3.25,2.65,2.152242551255368,222.27
2011-03-18,0.4310201897316901,24.44,3.28,2.67,2.152242551255368,222.27
2011-03-21,1.4985846366661448,20.61,3.34,2.67,2.1503646750095307,222.27
2011-03-22,-0.3550567117658776,20.21,3.34,2.66,2.1503646750095307,222.27
2011-03-23,0.291397966743423,19.17,3.36,2.67,2.1503646750095307,222.27
2011-03-24,0.9340748456551972,18.0,3.42,2.7,2.1503646750095307,222.27
2011-03-25,0.3161136890789118,17.91,3.46,2.67,2.1503646750095307,222.27
2011-03-28,-0.2747836267090409,19.44,3.47,2.66,2.1503646750095307,222.27
2011-03-29,0.7060045042073693,18.16,3.5,2.69,2.1503646750095307,222.27
2011-03-30,0.6684706201916635,17.71,3.47,2.67,2.1503646750095307,222.27
2011-03-31,-0.1829501523098797,17.74,3.47,2.67,2.1503646750095307,222.27
2011-04-01,0.4962987972138233,17.4,3.46,2.66,2.1503646750095307,222.27
2011-04-04,0.0345209752028896,17.5,3.45,2.68,2.1503646750095307,222.27
2011-04-05,-0.0180055245638466,17.25,3.5,2.66,2.1503646750095307,222.27
2011-04-06,0.2183677516658821,16.9,3.56,2.71,2.1503646750095307,222.27
2011-04-07,-0.152000631766902,17.11,3.58,2.77,2.1503646750095307,222.27
2011-04-08,-0.400444374710851,17.87,3.59,2.76,2.1503646750095307,222.27
2011-04-11,-0.2793379526006889,16.59,3.59,2.74,2.1503646750095307,222.27
2011-04-12,-0.7776699229565143,17.09,3.52,2.75,2.1503646750095307,222.27
2011-04-13,0.0190235582804065,16.92,3.49,2.74,2.1503646750095307,222.27
2011-04-14,0.0083676591552395,16.27,3.51,2.74,2.0856201975850697,222.27
2011-04-15,0.3925413156908419,15.32,3.43,2.72,2.645949781609236,223.49
2011-04-18,-1.1017851653977395,16.96,3.4,2.71,2.645949781609236,223.49
2011-04-19,0.573117089721964,15.83,3.39,2.71,2.645949781609236,223.49
2011-04-20,1.351494743365622,15.07,3.43,2.74,2.645949781609236,223.49
2011-04-21,0.527678193011405,14.69,3.42,2.74,2.645949781609236,223.49
2011-04-25,-0.1592669903120902,15.77,3.39,2.72,2.645949781609236,223.49
2011-04-26,0.8979584523029382,15.62,3.34,2.69,2.645949781609236,223.49
2011-04-27,0.6249847099511818,15.35,3.39,2.74,2.645949781609236,223.49
2011-04-28,0.3555424049938249,14.62,3.34,2.72,2.645949781609236,223.49
2011-04-29,0.2300662213150728,14.75,3.32,2.71,2.645949781609236,223.49
2011-05-02,-0.175271131343413,15.99,3.31,2.7,2.645949781609236,223.49
2011-05-03,-0.3379303628319063,16.7,3.28,2.67,2.645949781609236,223.49
2011-05-04,-0.6855308680100647,17.08,3.25,2.65,2.645949781609236,223.49
2011-05-05,-0.9069835815006422,18.2,3.18,2.6,2.645949781609236,223.49
2011-05-06,0.3819920364914519,18.4,3.19,2.62,2.645949781609236,223.49
2011-05-09,0.4544163641626575,17.16,3.17,2.6,2.645949781609236,223.49
2011-05-10,0.8074036650198346,15.91,3.23,2.64,2.645949781609236,223.49
2011-05-11,-1.1111495877577091,16.95,3.19,2.63,2.645949781609236,223.49
2011-05-12,0.4895437361786658,16.03,3.22,2.65,2.645949781609236,223.49
2011-05-13,-0.8067330060324229,17.07,3.18,2.61,3.0790569928672795,224.433
2011-05-16,-0.6204391417766519,18.24,3.15,2.61,3.0790569928672795,224.433
2011-05-17,-0.0368560588183797,17.55,3.12,2.57,3.0790569928672795,224.433
2011-05-18,0.880379946585852,16.23,3.18,2.6,3.0790569928672795,224.433
2011-05-19,0.2177940864352967,15.52,3.17,2.62,3.0790569928672795,224.433
2011-05-20,-0.7688267521873571,17.43,3.15,2.6,3.150120186231198,224.433
2011-05-23,-1.192558460112425,18.27,3.13,2.58,3.150120186231198,224.433
2011-05-24,-0.0827380177438663,17.82,3.12,2.56,3.150120186231198,224.433
2011-05-25,0.3183168712578732,17.07,3.13,2.59,3.150120186231198,224.433
2011-05-26,0.3953115798873918,16.09,3.07,2.59,3.150120186231198,224.433
2011-05-27,0.4080919686204165,15.98,3.07,2.59,3.150120186231198,224.433
2011-05-31,1.0592724697279676,15.45,3.05,2.6,3.150120186231198,224.433
2011-06-01,-2.278464425831217,18.3,2.96,2.52,3.150120186231198,224.433
2011-06-02,-0.1224835390109646,18.09,3.04,2.59,3.150120186231198,224.433
2011-06-03,-0.9733809463420172,17.95,2.99,2.57,3.150120186231198,224.433
2011-06-06,-1.0760206333523925,18.49,3.01,2.58,3.150120186231198,224.433
2011-06-07,-0.0956407393293945,18.07,3.01,2.62,3.150120186231198,224.433
2011-06-08,-0.4186874918536865,18.79,2.98,2.59,3.150120186231198,224.433
2011-06-09,0.7377489898070522,17.77,3.01,2.58,3.150120186231198,224.433
2011-06-10,-1.3979844477308043,18.86,2.99,2.58,3.150120186231198,224.433
2011-06-13,0.0668756077199628,19.61,3.0,2.6,3.150120186231198,224.433
2011-06-14,1.2611779574887017,18.26,3.11,2.66,3.150120186231198,224.433
2011-06-15,-1.743184580508239,21.32,2.98,2.6,3.320632965497583,224.804
2011-06-16,0.1754335023968378,22.73,2.93,2.55,3.320632965497583,224.804
2011-06-17,0.3045016966140013,21.85,2.94,2.56,3.320632965497583,224.804
2011-06-20,0.5395190996116739,19.99,2.97,2.59,3.4894855080469966,224.804
2011-06-21,1.342347568472135,18.86,2.99,2.59,3.4894855080469966,224.804
2011-06-22,-0.6468448774604507,18.52,3.01,2.62,3.4894855080469966,224.804
2011-06-23,-0.2827986549257977,19.29,2.93,2.58,3.4894855080469966,224.804
2011-06-24,-1.1725787945559007,21.1,2.88,2.53,3.4894855080469966,224.804
2011-06-27,0.9184457300265958,20.56,2.95,2.54,3.4894855080469966,224.804
2011-06-28,1.2944354874931063,19.17,3.05,2.57,3.4894855080469966,224.804
2011-06-29,0.8282747245164312,17.27,3.14,2.67,3.4894855080469966,224.804
2011-06-30,1.011922818616795,16.52,3.18,2.73,3.4894855080469966,224.804
2011-07-01,1.4409702179091433,15.87,3.22,2.72,3.4894855080469966,224.804
2011-07-05,-0.1336179061844467,16.06,3.16,2.72,3.4894855080469966,224.804
2011-07-06,0.1001559045222366,16.34,3.12,2.69,3.4894855080469966,224.804
2011-07-07,1.0453846497412655,15.95,3.17,2.68,3.4894855080469966,224.804
2011-07-08,-0.6961116506509657,15.95,3.03,2.63,3.4894855080469966,224.804
2011-07-11,-1.8090532601892528,18.39,2.94,2.57,3.4894855080469966,224.804
2011-07-12,-0.4433512667192274,19.87,2.92,2.55,3.4894855080469966,224.804
2011-07-13,0.3105840267646931,19.91,2.92,2.55,3.4894855080469966,224.804
2011-07-14,-0.6716127692301121,20.8,2.98,2.6,3.4894855080469966,224.804
2011-07-15,0.5554424471774233,19.53,2.94,2.57,3.2593083637167286,224.304
2011-07-18,-0.8129889770918997,20.95,2.94,2.57,3.2593083637167286,224.304
2011-07-19,1.630870818887753,19.21,2.91,2.52,3.3997298655320307,224.304
2011-07-20,-0.0670833298063389,19.09,2.96,2.56,3.3997298655320307,224.304
2011-07-21,1.3546192203295335,17.56,3.03,2.63,3.3997298655320307,224.304
2011-07-22,0.090785136091398,17.52,2.99,2.59,3.3997298655320307,224.304
2011-07-25,-0.5643013271250497,19.35,3.03,2.61,3.3997298655320307,224.304
2011-07-26,-0.4104971538103408,20.23,2.99,2.58,3.3997298655320307,224.304
2011-07-27,-2.0308668519432915,22.98,3.01,2.57,3.3997298655320307,224.304
2011-07-28,-0.3233966583966796,23.74,2.98,2.56,3.3997298655320307,224.304
2011-07-29,-0.6450532698506817,25.25,2.82,2.46,3.3997298655320307,224.304
2011-08-01,-0.4132299323336696,23.66,2.77,2.39,3.3997298655320307,224.304
2011-08-02,-2.5556664705103427,24.79,2.66,2.33,3.3997298655320307,224.304
2011-08-03,0.5015682586245518,23.38,2.64,2.31,3.3997298655320307,224.304
2011-08-04,-4.782044620161063,31.66,2.47,2.2,3.3997298655320307,224.304
2011-08-05,-0.0574917660744245,32.0,2.58,2.3,3.3997298655320307,224.304
2011-08-08,-6.663446415643826,48.0,2.4,2.13,3.3997298655320307,224.304
2011-08-09,4.74068481332115,35.06,2.2,2.01,3.3997298655320307,224.304
2011-08-10,-4.415240397919251,42.99,2.17,1.98,3.3997298655320307,224.304
2011-08-11,4.629002144148742,39.0,2.34,2.15,3.3997298655320307,224.304
2011-08-12,0.526166928318772,36.36,2.24,2.04,3.3997298655320307,224.304
2011-08-15,2.1784622088531824,31.87,2.29,2.1,3.3997298655320307,224.304
2011-08-16,-0.973854541245922,32.85,2.23,2.03,3.0823035244051944,224.304
2011-08-17,0.0947386627285107,31.58,2.17,1.98,3.0823035244051944,224.304
2011-08-18,-4.45937143129993,42.67,2.08,1.88,3.597476068144334,225.425
2011-08-19,-1.5008981502439234,43.05,2.07,1.87,3.597476068144334,225.425
2011-08-22,0.0258041160118294,42.44,2.1,1.88,3.597476068144334,225.425
2011-08-23,3.428487759458632,36.27,2.15,1.93,3.597476068144334,225.425
2011-08-24,1.3119972745138542,35.9,2.29,2.06,3.597476068144334,225.425
2011-08-25,-1.556552007023193,39.76,2.23,2.01,3.597476068144334,225.425
2011-08-26,1.5121610152536658,35.59,2.19,1.99,3.597476068144334,225.425
2011-08-29,2.828000156840837,32.28,2.28,2.08,3.597476068144334,225.425
2011-08-30,0.2347024984931334,32.89,2.19,1.99,3.597476068144334,225.425
2011-08-31,0.4921982065451136,31.62,2.23,2.03,3.597476068144334,225.425
2011-09-01,-1.187143263889856,31.82,2.15,1.96,3.597476068144334,225.425
2011-09-02,-2.5281938303220453,33.92,2.02,1.82,3.597476068144334,225.425
2011-09-06,-0.7436289416773878,37.0,1.98,1.77,3.597476068144334,225.425
2011-09-07,2.8646463529026667,33.38,2.05,1.84,3.597476068144334,225.425
2011-09-08,-1.0612179635699603,34.32,2.0,1.81,3.597476068144334,225.425
2011-09-09,-2.6705492278710663,38.52,1.93,1.76,3.597476068144334,225.425
2011-09-12,0.6965716710316983,38.59,1.94,1.73,3.597476068144334,225.425
2011-09-13,0.912006281484623,36.91,2.0,1.79,3.597476068144334,225.425
2011-09-14,1.3479804803234297,34.6,2.03,1.84,3.597476068144334,225.425
2011-09-15,1.7187073659429952,31.97,2.09,1.88,3.984889497557398,226.268
2011-09-16,0.5706697072769717,30.98,2.08,1.9,3.984889497557398,226.268
2011-09-19,-0.98025870260805,32.73,1.97,1.81,3.984889497557398,226.268
2011-09-20,-0.1661005453722386,32.86,1.95,1.77,3.721292688517064,226.268
2011-09-21,-2.939044252863232,37.32,1.88,1.67,3.721292688517064,226.268
2011-09-22,-3.188312151643557,41.35,1.72,1.52,3.721292688517064,226.268
2011-09-23,0.6082009597382809,41.25,1.84,1.61,3.721292688517064,226.268
2011-09-26,2.3336145831710957,39.02,1.91,1.66,3.721292688517064,226.268
2011-09-27,1.0688382331855315,37.71,2.0,1.75,3.721292688517064,226.268
2011-09-28,-2.069113494191799,41.08,2.03,1.76,3.721292688517064,226.268
2011-09-29,0.8114229792425487,38.84,1.99,1.72,3.721292688517064,226.268
2011-09-30,-2.4974129488995245,42.96,1.92,1.67,3.721292688517064,226.268
2011-10-03,-2.84510281118181,45.45,1.8,1.56,3.721292688517064,226.268
2011-10-04,2.248844294856611,40.82,1.81,1.56,3.721292688517064,226.268
2011-10-05,1.7865633700204997,37.81,1.92,1.67,3.721292688517064,226.268
2011-10-06,1.8303664125949304,36.27,2.01,1.72,3.721292688517064,226.268
2011-10-07,-0.8163308930517088,36.2,2.1,1.8,3.721292688517064,226.268
2011-10-11,0.0544003553543559,32.86,2.18,1.86,3.721292688517064,226.268
2011-10-12,0.979470411269756,31.26,2.24,1.95,3.721292688517064,226.268
2011-10-13,-0.2973672247100878,30.7,2.19,1.9,3.721292688517064,226.268
2011-10-14,1.738025794738407,28.24,2.26,1.98,3.721292688517064,226.268
2011-10-17,-1.9369883187983272,33.39,2.18,1.9,3.721292688517064,226.268
2011-10-18,2.0418716445174567,31.56,2.19,1.91,3.6158481856648272,226.268
2011-10-19,-1.264913736003248,34.44,2.18,1.9,3.9304489586577054,226.955
2011-10-20,0.455417871473851,34.78,2.2,1.92,3.9304489586577054,226.955
2011-10-21,1.880876515031682,31.32,2.23,1.93,3.9304489586577054,226.955
2011-10-24,1.2872958939026846,29.26,2.25,1.95,3.9304489586577054,226.955
2011-10-25,-2.004472508361621,32.22,2.14,1.88,3.9304489586577054,226.955
2011-10-26,1.0536553156824224,29.86,2.23,1.95,3.9304489586577054,226.955
2011-10-27,3.4291437858544604,25.46,2.42,2.11,3.9304489586577054,226.955
2011-10-28,0.0389229258598966,24.53,2.34,2.06,3.9304489586577054,226.955
2011-10-31,-2.473750308360323,29.96,2.17,1.92,3.9304489586577054,226.955
2011-11-01,-2.7942247001422227,34.77,2.01,1.78,3.9304489586577054,226.955
2011-11-02,1.6104667765514558,32.74,2.03,1.8,3.9304489586577054,226.955
2011-11-03,1.878180753005876,30.5,2.09,1.85,3.9304489586577054,226.955
2011-11-04,-0.6280017279460592,30.16,2.06,1.84,3.9304489586577054,226.955
2011-11-07,0.6295743615618132,29.85,2.04,1.79,3.9304489586577054,226.955
2011-11-08,1.1735638864999398,27.48,2.1,1.85,3.9304489586577054,226.955
2011-11-09,-3.669514291397225,36.16,2.0,1.76,3.9304489586577054,226.955
2011-11-10,0.8624176874533207,32.81,2.04,1.8,3.9304489586577054,226.955
2011-11-14,-0.9550141648312916,31.13,2.04,1.8,3.9304489586577054,226.955
2011-11-15,0.4817163683512371,31.22,2.06,1.8,3.9304489586577054,226.955
2011-11-16,-1.6616200730203312,33.51,2.01,1.75,3.842525598519964,226.763
2011-11-17,-1.6799952076269054,34.51,1.96,1.69,3.842525598519964,226.763
2011-11-18,-0.0394678584380692,32.0,2.01,1.72,3.601990140671329,226.763
2011-11-21,-1.8648495446902504,32.91,1.97,1.7,3.601990140671329,226.763
2011-11-22,-0.4140841830647446,31.97,1.94,1.68,3.601990140671329,226.763
2011-11-23,-2.209521492281885,33.98,1.89,1.63,3.601990140671329,226.763
2011-11-25,-0.2685506857766806,34.47,1.97,1.69,3.601990140671329,226.763
2011-11-28,2.9240425313361795,32.13,1.97,1.71,3.601990140671329,226.763
2011-11-29,0.2213653490450218,30.64,2.0,1.73,3.601990140671329,226.763
2011-11-30,4.33153072475978,27.8,2.08,1.83,3.601990140671329,226.763
2011-12-01,-0.1908645792462415,27.41,2.11,1.84,3.601990140671329,226.763
2011-12-02,-0.0240986331455417,27.52,2.05,1.8,3.601990140671329,226.763
2011-12-05,1.0287014543699955,27.84,2.04,1.77,3.601990140671329,226.763
2011-12-06,0.1105748796440986,28.13,2.08,1.83,3.601990140671329,226.763
2011-12-07,0.2018354924337773,28.67,2.02,1.78,3.601990140671329,226.763
2011-12-08,-2.114181011508598,30.59,1.99,1.77,3.601990140671329,226.763
2011-12-09,1.688335256005491,26.38,2.07,1.85,3.601990140671329,226.763
2011-12-12,-1.491405410893598,25.67,2.03,1.79,3.601990140671329,226.763
2011-12-13,-0.868600976072853,25.41,1.96,1.72,3.601990140671329,226.763
2011-12-14,-1.134836742295231,26.04,1.92,1.67,3.601990140671329,226.763
2011-12-15,0.3243100365670992,25.11,1.92,1.66,3.601990140671329,226.763
2011-12-16,0.3216149849629923,24.29,1.86,1.62,3.456143392989164,226.72
2011-12-19,-1.1732825699560243,24.92,1.82,1.58,3.456143392989164,226.72
2011-12-20,2.9825423296426123,23.22,1.94,1.68,3.456143392989164,226.72
2011-12-21,0.1949505985506583,21.43,1.98,1.7,3.456143392989164,226.72
2011-12-22,0.8265549753183832,21.16,1.97,1.69,3.456143392989164,226.72
2011-12-23,0.9035052675189448,20.73,2.03,1.75,3.456143392989164,226.72
2011-12-27,0.0079107947907886,21.91,2.02,1.72,3.456143392989164,226.72
2011-12-28,-1.24780022540123,23.52,1.93,1.65,3.456143392989164,226.72
2011-12-29,1.070708742195392,22.65,1.91,1.63,3.456143392989164,226.72
2011-12-30,-0.4291336527923017,23.4,1.89,1.64,3.456143392989164,226.72
2012-01-03,1.5473984880403524,22.97,1.97,1.7,3.456143392989164,226.72
2012-01-04,0.0187923999940275,22.22,2.0,1.75,3.456143392989164,226.72
2012-01-05,0.2943716919978634,21.48,2.02,1.75,3.456143392989164,226.72
2012-01-06,-0.2536961462655807,20.63,1.98,1.73,3.456143392989164,226.72
2012-01-09,0.226159792583358,21.07,1.98,1.72,3.456143392989164,226.72
2012-01-10,0.8885769748331329,20.69,2.0,1.76,3.456143392989164,226.72
2012-01-11,0.0309597259974481,21.05,1.93,1.69,3.456143392989164,226.72
2012-01-12,0.2336608362904613,20.47,1.94,1.72,3.456143392989164,226.72
2012-01-13,-0.4947922948427274,20.91,1.89,1.65,3.456143392989164,226.72
2012-01-17,0.3552954600872571,22.2,1.87,1.66,3.456143392989164,226.72
2012-01-18,1.1107929092462498,20.89,1.92,1.68,3.456143392989164,226.72
2012-01-19,0.4938656879440728,19.87,2.01,1.75,2.9488949022029365,226.747
2012-01-20,0.0669459781523329,18.28,2.05,1.79,2.9488949022029365,226.747
2012-01-23,0.0471342969245336,18.67,2.09,1.83,2.9488949022029365,226.747
2012-01-24,-0.102581731454221,18.91,2.08,1.84,2.9488949022029365,226.747
2012-01-25,0.8679141952454561,18.31,2.01,1.79,2.9488949022029365,226.747
2012-01-26,-0.5753890884025226,18.57,1.96,1.74,2.9488949022029365,226.747
2012-01-27,-0.1592877567026751,18.53,1.93,1.71,2.9488949022029365,226.747
2012-01-30,-0.2522123175721869,19.4,1.87,1.65,2.9488949022029365,226.747
2012-01-31,-0.0456946696121951,19.44,1.83,1.61,2.9488949022029365,226.747
2012-02-01,0.8899605562620927,18.55,1.87,1.64,2.9488949022029365,226.747
2012-02-02,0.1095147066754842,17.98,1.86,1.63,2.9488949022029365,226.747
2012-02-03,1.4605356896842503,17.1,1.97,1.74,2.9488949022029365,226.747
2012-02-06,-0.0423874153488323,17.76,1.93,1.69,2.9488949022029365,226.747
2012-02-07,0.202338180532724,17.65,2.0,1.75,2.9488949022029365,226.747
2012-02-08,0.2160210833967557,18.16,2.01,1.74,2.9488949022029365,226.747
2012-02-09,0.1474110560281349,18.63,2.04,1.77,2.9488949022029365,226.747
2012-02-10,-0.6886302644093845,20.79,1.96,1.69,2.9488949022029365,226.747
2012-02-13,0.6800039312997219,19.04,1.99,1.7,2.9488949022029365,226.747
2012-02-14,-0.0939523375204309,19.54,1.92,1.63,2.9488949022029365,226.747
2012-02-15,-0.5383205872824925,21.14,1.93,1.64,3.0787461634854463,227.033
2012-02-16,1.102570580548079,19.22,1.99,1.7,3.0787461634854463,227.033
2012-02-17,0.234893030727723,17.78,2.01,1.72,3.3240078842433185,227.505
2012-02-21,0.0719922777789872,18.19,2.05,1.74,3.3240078842433185,227.505
2012-02-22,-0.3340106803125353,18.19,2.01,1.72,2.914566954067177,227.505
2012-02-23,0.4272002277298181,16.8,1.99,1.68,2.914566954067177,227.505
2012-02-24,0.167223780836756,17.31,1.98,1.67,2.914566954067177,227.505
2012-02-27,0.1354559139489008,18.19,1.92,1.62,2.914566954067177,227.505
2012-02-28,0.3356333407924516,17.96,1.94,1.64,2.914566954067177,227.505
2012-02-29,-0.4736987673316872,18.43,1.98,1.68,2.914566954067177,227.505
2012-03-01,0.6158039788692005,17.26,2.03,1.73,2.914566954067177,227.505
2012-03-02,-0.3245756135652589,17.29,1.99,1.71,2.914566954067177,227.505
2012-03-05,-0.3869693865664492,18.05,2.0,1.69,2.914566954067177,227.505
2012-03-06,-1.5370160722531612,20.87,1.96,1.66,2.914566954067177,227.505
2012-03-07,0.6900622046460692,19.07,1.98,1.68,2.914566954067177,227.505
2012-03-08,0.9817931917032618,17.95,2.03,1.71,2.914566954067177,227.505
2012-03-09,0.363125009216203,17.11,2.04,1.71,2.914566954067177,227.505
2012-03-12,0.0160460659222705,15.64,2.04,1.71,2.914566954067177,227.505
2012-03-13,1.813154933030892,14.8,2.14,1.79,2.914566954067177,227.505
2012-03-14,-0.1196261996068037,15.31,2.29,1.89,2.914566954067177,227.505
2012-03-15,0.5967198922915307,15.42,2.29,1.92,2.914566954067177,227.505
2012-03-16,0.1119398536078675,14.47,2.31,1.94,3.334358686703265,228.433
2012-03-19,0.3973846386160939,15.04,2.39,2.0,3.334358686703265,228.433
2012-03-20,-0.3000518154814724,15.58,2.38,1.97,2.772753857920529,228.433
2012-03-21,-0.1871197027623727,15.13,2.31,1.92,2.772753857920529,228.433
2012-03-22,-0.72065416718331,15.57,2.29,1.92,2.772753857920529,228.433
2012-03-23,0.3108858515779689,14.82,2.25,1.88,2.772753857920529,228.433
2012-03-26,1.388582475071254,14.26,2.26,1.9,2.772753857920529,228.433
2012-03-27,-0.2816775177631903,15.59,2.2,1.87,2.772753857920529,228.433
2012-03-28,-0.494150905632218,15.47,2.21,1.87,2.772753857920529,228.433
2012-03-29,-0.1607929836799582,15.48,2.18,1.85,2.772753857920529,228.433
2012-03-30,0.3698436019823115,15.5,2.23,1.9,2.772753857920529,228.433
2012-04-02,0.7504645877610239,15.64,2.22,1.89,2.772753857920529,228.433
2012-04-03,-0.3988635996082901,15.66,2.3,1.94,2.772753857920529,228.433
2012-04-04,-1.0202524371008104,16.44,2.25,1.9,2.772753857920529,228.433
2012-04-05,-0.0629042222354048,16.7,2.19,1.84,2.772753857920529,228.433
2012-04-09,-1.1358438273891824,18.81,2.06,1.74,2.772753857920529,228.433
2012-04-10,-1.7081454337735449,20.39,2.01,1.73,2.772753857920529,228.433
2012-04-11,0.7448895819775148,20.02,2.05,1.75,2.772753857920529,228.433
2012-04-12,1.3779387810288313,17.2,2.08,1.79,2.772753857920529,228.433
2012-04-13,-1.247500104029453,19.55,2.02,1.75,3.0719395330004007,229.098
2012-04-16,-0.0503600390907243,19.55,2.0,1.73,3.0719395330004007,229.098
2012-04-17,1.5486673802446171,18.46,2.03,1.76,3.0719395330004007,229.098
2012-04-18,-0.4055288780130728,18.64,2.0,1.73,3.0719395330004007,229.098
2012-04-19,-0.5934396967956612,18.36,1.98,1.71,2.509284531746392,229.098
2012-04-20,0.1169265680053044,17.44,1.99,1.7,2.509284531746392,229.098
2012-04-23,-0.8407570124922548,18.97,1.96,1.69,2.509284531746392,229.098
2012-04-24,0.3679773444691614,18.1,2.0,1.73,2.509284531746392,229.098
2012-04-25,1.3644592157896265,16.82,2.01,1.75,2.509284531746392,229.098
2012-04-26,0.6680165568110796,16.24,1.98,1.72,2.509284531746392,229.098
2012-04-27,0.2414323726029899,16.32,1.96,1.7,2.509284531746392,229.098
2012-04-30,-0.3883501901694619,17.15,1.95,1.68,2.509284531746392,229.098
2012-05-01,0.5658384242170911,16.6,1.98,1.71,2.509284531746392,229.098
2012-05-02,-0.2496683664631072,16.88,1.96,1.69,2.509284531746392,229.098
2012-05-03,-0.7658871330822326,17.56,1.96,1.68,2.509284531746392,229.098
2012-05-04,-1.6147208958519288,19.16,1.91,1.64,2.509284531746392,229.098
2012-05-07,0.0350581022064977,18.94,1.92,1.65,2.509284531746392,229.098
2012-05-08,-0.4278673417828948,19.05,1.88,1.61,2.509284531746392,229.098
2012-05-09,-0.6702266480503982,20.08,1.87,1.6,2.509284531746392,229.098
2012-05-10,0.2517410777005402,18.83,1.89,1.62,2.509284531746392,229.098
2012-05-11,-0.3387341305176816,19.89,1.84,1.57,2.509284531746392,229.098
2012-05-14,-1.111286391927968,21.87,1.78,1.49,2.509284531746392,229.098
2012-05-15,-0.5745837446504476,21.97,1.76,1.47,2.5446328694796128,229.177
2012-05-16,-0.4403818556987793,22.27,1.76,1.46,2.1137711477367427,229.177
2012-05-17,-1.5051375861739211,24.49,1.7,1.38,2.1137711477367427,229.177
2012-05-18,-0.7387777046316768,25.1,1.71,1.39,2.1137711477367427,229.177
2012-05-21,1.603590123766763,22.01,1.75,1.45,2.1137711477367427,229.177
2012-05-22,0.0486337018660298,22.48,1.79,1.49,2.1137711477367427,229.177
2012-05-23,0.1693703212352737,22.33,1.73,1.45,2.1137711477367427,229.177
2012-05-24,0.1380031526917458,21.54,1.77,1.48,2.1137711477367427,229.177
2012-05-25,-0.2165632329979128,21.76,1.75,1.45,2.1137711477367427,229.177
2012-05-29,1.107897759277621,21.03,1.74,1.44,2.1137711477367427,229.177
2012-05-30,-1.4334892170861036,24.14,1.63,1.36,2.1137711477367427,229.177
2012-05-31,-0.227666551690131,24.06,1.59,1.32,2.1137711477367427,229.177
2012-06-01,-2.464258474972991,26.66,1.47,1.22,2.1137711477367427,229.177
2012-06-04,0.0109554195610428,26.12,1.53,1.28,2.1137711477367427,229.177
2012-06-05,0.5726850663809513,24.68,1.57,1.32,2.1137711477367427,229.177
2012-06-06,2.304940092011853,22.16,1.66,1.4,2.1137711477367427,229.177
2012-06-07,-0.0106464492421021,21.72,1.66,1.39,2.1137711477367427,229.177
2012-06-08,0.8114163624478143,21.23,1.65,1.37,2.1137711477367427,229.177
2012-06-11,-1.2620113782869202,23.56,1.6,1.33,2.1137711477367427,229.177
2012-06-12,1.1650737147309576,22.09,1.67,1.37,2.1137711477367427,229.177
2012-06-13,-0.7023250955987548,24.27,1.61,1.31,2.1137711477367427,229.177
2012-06-14,1.0814652782245693,21.68,1.64,1.34,1.82415241965308,228.527
2012-06-15,1.033781542905965,21.11,1.6,1.31,1.82415241965308,228.527
2012-06-18,0.1444746601191093,18.32,1.59,1.3,1.6561093218981693,228.527
2012-06-19,0.9815695418065262,18.38,1.64,1.34,1.6561093218981693,228.527
2012-06-20,-0.1686357012206873,17.24,1.65,1.33,1.6561093218981693,228.527
2012-06-21,-2.226167703901349,20.08,1.63,1.31,1.6561093218981693,228.527
2012-06-22,0.7174604262178752,18.11,1.69,1.38,1.6561093218981693,228.527
2012-06-25,-1.5954853497705423,20.38,1.63,1.32,1.6561093218981693,228.527
2012-06-26,0.4772721486371312,19.72,1.66,1.35,1.6561093218981693,228.527
2012-06-27,0.8984905521485453,19.45,1.65,1.34,1.6561093218981693,228.527
2012-06-28,-0.2109799583246085,19.71,1.6,1.29,1.6561093218981693,228.527
2012-06-29,2.492023877666627,17.08,1.67,1.34,1.6561093218981693,228.527
2012-07-02,0.2459311315762491,16.8,1.61,1.31,1.6561093218981693,228.527
2012-07-03,0.6232110863167994,16.66,1.65,1.35,1.6561093218981693,228.527
2012-07-05,-0.4687023030974124,17.5,1.62,1.34,1.6561093218981693,228.527
2012-07-06,-0.943264946713962,17.1,1.57,1.3,1.6561093218981693,228.527
2012-07-09,-0.1638831816675789,17.98,1.53,1.26,1.6561093218981693,228.527
2012-07-10,-0.8125926498228409,18.72,1.53,1.26,1.6561093218981693,228.527
2012-07-11,-0.0014923577632885,17.95,1.54,1.27,1.6561093218981693,228.527
2012-07-12,-0.4987097282612596,18.33,1.5,1.25,1.6561093218981693,228.527
2012-07-13,1.649736234989274,16.74,1.52,1.27,1.6561093218981693,228.527
2012-07-16,-0.2314313728559835,17.11,1.5,1.26,1.6561093218981693,228.527
2012-07-17,0.7409672577889825,16.48,1.53,1.28,1.6965890286649632,228.618
2012-07-18,0.6680490923747229,16.16,1.52,1.3,1.9232826877808584,228.618
2012-07-19,0.2717099891568653,15.45,1.54,1.32,1.9232826877808584,228.618
2012-07-20,-1.0061659913606968,16.27,1.49,1.27,1.9232826877808584,228.618
2012-07-23,-0.890905606969361,18.62,1.47,1.25,1.9232826877808584,228.618
2012-07-24,-0.9040932945028056,20.47,1.44,1.22,1.9232826877808584,228.618
2012-07-25,-0.0313861457302278,19.34,1.43,1.21,1.9232826877808584,228.618
2012-07-26,1.6540974699349675,17.53,1.45,1.22,1.9232826877808584,228.618
2012-07-27,1.9080565579335351,16.7,1.58,1.33,1.9232826877808584,228.618
2012-07-30,-0.0483359588707488,18.03,1.53,1.3,1.9232826877808584,228.618
2012-07-31,-0.4316828360845903,18.93,1.51,1.28,1.9232826877808584,228.618
2012-08-01,-0.2899979813067777,18.96,1.56,1.32,1.9232826877808584,228.618
2012-08-02,-0.7503669467536,17.57,1.51,1.27,1.9232826877808584,228.618
2012-08-03,1.904028588598905,15.64,1.6,1.36,1.9232826877808584,228.618
2012-08-06,0.2329269266581279,15.95,1.59,1.35,1.9232826877808584,228.618
2012-08-07,0.5106758007594747,15.99,1.66,1.39,1.9232826877808584,228.618
2012-08-08,0.0620826440464128,15.32,1.68,1.39,1.9232826877808584,228.618
2012-08-09,0.0413685539444319,15.28,1.69,1.4,1.9232826877808584,228.618
2012-08-10,0.2188441817939201,14.74,1.65,1.38,1.9232826877808584,228.618
2012-08-13,-0.1251900795761873,13.7,1.65,1.38,1.9232826877808584,228.618
2012-08-14,-0.0128146400568462,14.85,1.73,1.46,1.9232826877808584,228.618
2012-08-15,0.1139640526754526,14.63,1.8,1.53,1.9700941579285256,228.723
2012-08-16,0.7100510313353237,14.29,1.83,1.54,1.9700941579285256,228.723
2012-08-17,0.1872133998191527,13.45,1.81,1.52,1.9700941579285256,228.723
2012-08-20,-0.0021174829462955,14.02,1.82,1.53,1.9700941579285256,228.723
2012-08-21,-0.3497536135912971,15.02,1.8,1.49,1.4630143063103065,228.723
2012-08-22,0.0226403248804629,15.11,1.71,1.45,1.4630143063103065,228.723
2012-08-23,-0.8072242646582573,15.96,1.68,1.42,1.4630143063103065,228.723
2012-08-24,0.6454730908207917,15.18,1.68,1.4,1.4630143063103065,228.723
2012-08-27,-0.0489014813783827,16.35,1.65,1.37,1.4630143063103065,228.723
2012-08-28,-0.0808182287427627,16.49,1.64,1.37,1.4630143063103065,228.723
2012-08-29,0.0844349226581941,17.06,1.66,1.39,1.4630143063103065,228.723
2012-08-30,-0.780580496271055,17.83,1.63,1.36,1.4630143063103065,228.723
2012-08-31,0.5073295570515723,17.47,1.57,1.35,1.4630143063103065,228.723
2012-09-04,-0.1165959063598176,17.98,1.59,1.36,1.4630143063103065,228.723
2012-09-05,-0.1067661296965227,17.74,1.6,1.35,1.4630143063103065,228.723
2012-09-06,2.0435540463669577,15.6,1.68,1.41,1.4630143063103065,228.723
2012-09-07,0.4049974057970251,14.38,1.67,1.42,1.4630143063103065,228.723
2012-09-10,-0.6147829935223559,16.28,1.68,1.43,1.4630143063103065,228.723
2012-09-11,0.313495582950507,16.41,1.7,1.45,1.4630143063103065,228.723
2012-09-12,0.2092692232889659,15.8,1.77,1.52,1.4630143063103065,228.723
2012-09-13,1.630974737217783,14.05,1.75,1.51,1.4630143063103065,228.723
2012-09-14,0.3958951318527193,14.51,1.88,1.61,2.0747476987911684,230.102
2012-09-17,-0.3124690820504483,14.59,1.85,1.6,2.0747476987911684,230.102
2012-09-18,-0.127977552007219,14.18,1.82,1.57,1.6944508282213944,230.102
2012-09-19,0.1185553958514828,13.88,1.79,1.52,1.6944508282213944,230.102
2012-09-20,-0.0540733743606969,14.07,1.8,1.53,1.6944508282213944,230.102
2012-09-21,-0.0075319019097297,13.98,1.77,1.5,1.6944508282213944,230.102
2012-09-24,-0.2232653981520282,14.15,1.74,1.47,1.6944508282213944,230.102
2012-09-25,-1.05018557847808,15.43,1.7,1.43,1.6944508282213944,230.102
2012-09-26,-0.573673494358995,16.81,1.64,1.38,1.6944508282213944,230.102
2012-09-27,0.9648981834660786,14.84,1.66,1.41,1.6944508282213944,230.102
2012-09-28,-0.4477753072888002,15.73,1.65,1.42,1.6944508282213944,230.102
2012-10-01,0.2651506710448004,16.32,1.64,1.39,1.6944508282213944,230.102
2012-10-02,0.0872286948434108,15.71,1.64,1.41,1.6944508282213944,230.102
2012-10-03,0.3624409638163683,15.43,1.64,1.41,1.6944508282213944,230.102
2012-10-04,0.7174435557619541,14.55,1.7,1.47,1.6944508282213944,230.102
2012-10-05,-0.0321589363126983,14.33,1.75,1.48,1.6944508282213944,230.102
2012-10-09,-0.989094181235195,16.37,1.74,1.49,1.6944508282213944,230.102
2012-10-10,-0.6188030354815854,16.29,1.72,1.45,1.6944508282213944,230.102
2012-10-11,0.019538952303133,15.59,1.7,1.42,1.6944508282213944,230.102
2012-10-12,-0.296613725285566,16.14,1.69,1.42,1.6944508282213944,230.102
2012-10-15,0.8077922524027725,15.27,1.7,1.43,1.6944508282213944,230.102
2012-10-16,1.026993327849146,15.22,1.75,1.48,2.2742941997984545,231.414
2012-10-17,0.4117058019306618,15.07,1.83,1.53,2.2742941997984545,231.414
2012-10-18,-0.2443729097514002,15.03,1.86,1.57,2.2742941997984545,231.414
2012-10-19,-1.6571304555192734,17.06,1.79,1.49,2.2742941997984545,231.414
2012-10-22,0.0439582266530846,16.62,1.83,1.51,1.9647066599105532,231.414
2012-10-23,-1.444390628760639,18.83,1.79,1.5,1.9647066599105532,231.414
2012-10-24,-0.3085382876604425,18.33,1.8,1.51,1.9647066599105532,231.414
2012-10-25,0.2995542646406335,18.12,1.86,1.55,1.9647066599105532,231.414
2012-10-26,-0.0728981732260325,17.81,1.78,1.48,1.9647066599105532,231.414
2012-10-31,0.0155879699258454,18.6,1.72,1.42,1.9647066599105532,231.414
2012-11-01,1.0926475234507071,16.69,1.75,1.45,1.9647066599105532,231.414
2012-11-02,-0.9379454163327194,17.59,1.75,1.47,1.9647066599105532,231.414
2012-11-05,0.2163809008205897,18.42,1.72,1.44,1.9647066599105532,231.414
2012-11-06,0.7853184882181896,17.58,1.78,1.48,1.9647066599105532,231.414
2012-11-07,-2.3705000038029778,19.08,1.68,1.41,1.9647066599105532,231.414
2012-11-08,-1.220484261628385,18.49,1.62,1.35,1.9647066599105532,231.414
2012-11-09,0.1698692425988746,18.61,1.61,1.34,1.9647066599105532,231.414
2012-11-13,-0.3985420522191307,16.65,1.59,1.32,1.9647066599105532,231.414
2012-11-14,-1.3852035718884714,17.92,1.59,1.34,1.9647066599105532,231.414
2012-11-15,-0.1593544913831457,17.99,1.58,1.34,2.113194245555272,231.751
2012-11-16,0.4839949635948359,16.41,1.58,1.34,2.113194245555272,231.751
2012-11-19,1.9862053761098288,15.24,1.61,1.36,2.113194245555272,231.751
2012-11-20,0.0663386379305519,15.08,1.66,1.39,2.113194245555272,231.751
2012-11-21,0.2320181125065268,15.31,1.69,1.42,2.1996533826065034,231.751
2012-11-23,1.302631484263972,15.14,1.7,1.41,2.1996533826065034,231.751
2012-11-26,-0.2029581877026731,15.5,1.66,1.39,2.1996533826065034,231.751
2012-11-27,-0.5226587298556074,15.92,1.64,1.37,2.1996533826065034,231.751
2012-11-28,0.7856028682432292,15.51,1.63,1.36,2.1996533826065034,231.751
2012-11-29,0.4269642628790704,15.06,1.62,1.37,2.1996533826065034,231.751
2012-11-30,0.0162507536987543,15.87,1.62,1.37,2.1996533826065034,231.751
2012-12-03,-0.4745224843287543,16.64,1.63,1.38,2.1996533826065034,231.751
2012-12-04,-0.1709812393515641,17.12,1.62,1.37,2.1996533826065034,231.751
2012-12-05,0.1584862223349636,16.46,1.6,1.35,2.1996533826065034,231.751
2012-12-06,0.3306590608326498,16.58,1.59,1.34,2.1996533826065034,231.751
2012-12-07,0.292091959627716,15.9,1.64,1.39,2.1996533826065034,231.751
2012-12-10,0.03385605486661,16.05,1.63,1.39,2.1996533826065034,231.751
2012-12-11,0.6548882078472928,15.57,1.66,1.42,2.1996533826065034,231.751
2012-12-12,0.044823976338959,15.95,1.72,1.47,2.1996533826065034,231.751
2012-12-13,-0.6321425165448868,16.56,1.74,1.47,2.1996533826065034,231.751
2012-12-14,-0.4135401260425775,17.0,1.72,1.48,1.8794953321308985,231.025
2012-12-17,1.187059085338782,16.34,1.78,1.53,1.8794953321308985,231.025
2012-12-18,1.1486656421599406,15.57,1.84,1.56,1.8794953321308985,231.025
2012-12-19,-0.7589201039747917,17.36,1.82,1.54,1.8794953321308985,231.025
2012-12-20,0.548810949285139,17.67,1.81,1.53,1.8794953321308985,231.025
2012-12-21,-0.9378687628036508,17.84,1.77,1.51,1.898817925194085,231.025
2012-12-24,-0.2440296594621194,17.84,1.79,1.53,1.898817925194085,231.025
2012-12-26,-0.478746019469678,19.48,1.77,1.51,1.898817925194085,231.025
2012-12-27,-0.1218442012279497,19.47,1.74,1.48,1.898817925194085,231.025
2012-12-28,-1.1049941573072375,22.72,1.73,1.46,1.898817925194085,231.025
2012-12-31,1.6941941334216226,18.02,1.78,1.53,1.898817925194085,231.025
2013-01-02,2.5403420320955883,14.68,1.86,1.59,1.898817925194085,231.025
2013-01-03,-0.2085617494613001,14.56,1.92,1.65,1.898817925194085,231.025
2013-01-04,0.4865096315322947,13.83,1.93,1.66,1.898817925194085,231.025
2013-01-07,-0.3123116153883165,13.79,1.92,1.65,1.898817925194085,231.025
2013-01-08,-0.3242371304872038,13.62,1.89,1.64,1.898817925194085,231.025
2013-01-09,0.2655865938542279,13.81,1.88,1.64,1.898817925194085,231.025
2013-01-10,0.7597415119266371,13.49,1.91,1.65,1.898817925194085,231.025
2013-01-11,-0.0047513986152325,13.36,1.89,1.63,1.898817925194085,231.025
2013-01-14,-0.093067156125437,13.52,1.89,1.63,1.898817925194085,231.025
2013-01-15,0.1128669764158818,13.55,1.86,1.6,1.898817925194085,231.025
2013-01-16,0.0196991910314858,13.42,1.84,1.58,1.8785285815102304,230.979
2013-01-17,0.5642922184040833,13.57,1.89,1.61,1.8785285815102304,230.979
2013-01-18,0.3403270397119629,12.46,1.87,1.61,1.8785285815102304,230.979
2013-01-22,0.4428106846314561,12.43,1.86,1.6,1.8785285815102304,230.979
2013-01-23,0.1507477027169024,12.46,1.86,1.6,1.8785285815102304,230.979
2013-01-24,0.0006614683421224,12.69,1.88,1.65,1.8663973503508344,230.979
2013-01-25,0.5445481690718124,12.89,1.98,1.7,1.8663973503508344,230.979
2013-01-28,-0.1849621612560081,13.57,2.0,1.71,1.8663973503508344,230.979
2013-01-29,0.5105995170664235,13.31,2.03,1.73,1.8663973503508344,230.979
2013-01-30,-0.3899621323283808,14.32,2.03,1.76,1.8663973503508344,230.979
2013-01-31,-0.2563301077303292,14.28,2.02,1.75,1.8663973503508344,230.979
2013-02-01,1.005270556968885,12.9,2.04,1.77,1.8663973503508344,230.979
2013-02-04,-1.1538744820964395,14.67,2.0,1.75,1.8663973503508344,230.979
2013-02-05,1.0416510240551349,13.72,2.04,1.77,1.8663973503508344,230.979
2013-02-06,0.0549170598121762,13.41,2.0,1.73,1.8663973503508344,230.979
2013-02-07,-0.1805399358229098,13.5,1.99,1.74,1.8663973503508344,230.979
2013-02-08,0.5657940611518475,13.02,1.99,1.74,1.8663973503508344,230.979
2013-02-11,-0.0606117484177382,12.94,1.99,1.72,1.8663973503508344,230.979
2013-02-12,0.1595272232703504,12.64,2.02,1.73,1.8663973503508344,230.979
2013-02-13,0.0592263093356804,12.98,2.05,1.76,1.8663973503508344,230.979
2013-02-14,0.0690671668964526,12.66,2.0,1.73,1.8663973503508344,230.979
2013-02-15,-0.1045081317757268,12.46,2.01,1.72,1.8663973503508344,230.979
2013-02-19,0.7336475471722448,12.31,2.03,1.74,1.9360785368714768,231.137
2013-02-20,-1.24041379552301,14.68,2.02,1.75,1.9360785368714768,231.137
2013-02-21,-0.6303057332801343,15.22,1.99,1.73,1.8345350675893048,231.198
2013-02-22,0.8772467921830174,14.17,1.97,1.7,1.8345350675893048,231.198
2013-02-25,-1.8309580659152336,18.99,1.88,1.63,1.6232610272301828,231.198
2013-02-26,0.6109463971145868,16.87,1.88,1.63,1.6232610272301828,231.198
2013-02-27,1.2725994077109837,14.73,1.91,1.64,1.6232610272301828,231.198
2013-02-28,-0.086407992920523,15.51,1.89,1.64,1.6232610272301828,231.198
2013-03-01,0.2323855425648391,15.36,1.86,1.61,1.6232610272301828,231.198
2013-03-04,0.461072337316093,14.01,1.88,1.64,1.6232610272301828,231.198
2013-03-05,0.956601649469957,13.48,1.9,1.65,1.6232610272301828,231.198
2013-03-06,0.1084512714484509,13.53,1.95,1.7,1.6232610272301828,231.198
2013-03-07,0.1816491442581558,13.06,2.0,1.75,1.6232610272301828,231.198
2013-03-08,0.4481139122655131,12.59,2.06,1.79,1.6232610272301828,231.198
2013-03-11,0.3249085739679413,11.56,2.07,1.8,1.6232610272301828,231.198
2013-03-12,-0.2403252949314871,12.27,2.03,1.76,1.6232610272301828,231.198
2013-03-13,0.131405176760091,11.83,2.04,1.77,1.6232610272301828,231.198
2013-03-14,0.5602990523162488,11.3,2.04,1.77,1.6232610272301828,231.198
2013-03-15,-0.1618462624492611,11.3,2.01,1.76,2.3142348519812783,232.77
2013-03-18,-0.5510332450180511,13.36,1.96,1.7,2.3142348519812783,232.77
2013-03-19,-0.2422530651870924,14.39,1.92,1.68,2.3142348519812783,232.77
2013-03-20,0.6697492376419811,12.67,1.96,1.7,2.3142348519812783,232.77
2013-03-21,-0.8282433828555424,13.99,1.95,1.68,2.3142348519812783,232.77
2013-03-22,0.7174256352702191,13.57,1.93,1.67,1.8985873319529167,232.77
2013-03-25,-0.3340038919423471,13.74,1.93,1.69,1.8985873319529167,232.77
2013-03-26,0.7785110802517758,12.77,1.92,1.67,1.8985873319529167,232.77
2013-03-27,-0.0588349906841312,13.15,1.87,1.62,1.8985873319529167,232.77
2013-03-28,0.405666949441863,12.7,1.87,1.62,1.8985873319529167,232.77
2013-04-01,-0.4473580460658932,13.58,1.86,1.63,1.8985873319529167,232.77
2013-04-02,0.5172264111710456,12.78,1.88,1.63,1.8985873319529167,232.77
2013-04-03,-1.0546128701639843,14.21,1.83,1.59,1.8985873319529167,232.77
2013-04-04,0.4048451943253761,13.89,1.78,1.56,1.8985873319529167,232.77
2013-04-05,-0.429489561132812,13.92,1.72,1.48,1.8985873319529167,232.77
2013-04-08,0.6302737952936344,13.19,1.76,1.52,1.8985873319529167,232.77
2013-04-09,0.3544332149468365,12.84,1.78,1.54,1.8985873319529167,232.77
2013-04-10,1.218913260513399,12.36,1.84,1.6,1.8985873319529167,232.77
2013-04-11,0.3552250519809563,12.24,1.82,1.58,1.8985873319529167,232.77
2013-04-12,-0.2836767069231527,12.06,1.75,1.53,1.8985873319529167,232.77
2013-04-15,-2.2966290584432447,17.27,1.72,1.5,1.8985873319529167,232.77
2013-04-16,1.4307223290395576,13.96,1.75,1.51,1.7103483297071786,232.34
2013-04-17,-1.4327681394279534,16.51,1.73,1.49,1.7103483297071786,232.34
2013-04-18,-0.6701003439812281,17.56,1.72,1.48,1.7103483297071786,232.34
2013-04-19,0.8847902373522176,14.97,1.73,1.49,1.4151149289823417,232.34
2013-04-22,0.4661629963028435,14.39,1.72,1.48,1.4151149289823417,232.34
2013-04-23,1.041921875000007,13.48,1.74,1.51,1.4151149289823417,232.34
2013-04-24,0.000634019017176,13.61,1.73,1.5,1.4151149289823417,232.34
2013-04-25,0.4034732269384111,13.62,1.74,1.51,1.4151149289823417,232.34
2013-04-26,-0.1842113024773328,13.61,1.7,1.48,1.4151149289823417,232.34
2013-04-29,0.7186011722218666,13.71,1.7,1.5,1.4151149289823417,232.34
2013-04-30,0.2484899676771457,13.52,1.7,1.48,1.4151149289823417,232.34
2013-05-01,-0.9307883608932754,14.49,1.66,1.46,1.4151149289823417,232.34
2013-05-02,0.9407983261396248,13.59,1.66,1.46,1.4151149289823417,232.34
2013-05-03,1.0534666895180678,12.85,1.78,1.56,1.4151149289823417,232.34
2013-05-06,0.1907778626905942,12.66,1.8,1.58,1.4151149289823417,232.34
2013-05-07,0.5230269513137653,12.83,1.82,1.6,1.4151149289823417,232.34
2013-05-08,0.4139081299929126,12.66,1.81,1.59,1.4151149289823417,232.34
2013-05-09,-0.3687103906423572,13.13,1.81,1.59,1.4151149289823417,232.34
2013-05-10,0.4321655306021466,12.59,1.9,1.64,1.4151149289823417,232.34
2013-05-13,0.0042889368592202,12.55,1.92,1.68,1.4151149289823417,232.34
2013-05-14,1.0142153479971716,12.77,1.96,1.7,1.4151149289823417,232.34
2013-05-15,0.5114136269715353,12.81,1.94,1.68,1.4151149289823417,232.34
2013-05-16,-0.5009741163373271,13.07,1.87,1.64,1.0419121947812693,231.485
2013-05-17,1.03000965190283,12.45,1.95,1.69,1.0419121947812693,231.485
2013-05-20,-0.0707617924973758,13.02,1.97,1.71,1.0419121947812693,231.485
2013-05-21,0.1722386289245481,13.37,1.94,1.68,1.0070818624905664,231.485
2013-05-22,-0.8273657594813577,13.82,2.03,1.77,1.0070818624905664,231.485
2013-05-23,-0.2923832356719225,14.07,2.02,1.76,1.0070818624905664,231.485
2013-05-24,-0.0551365441168516,13.99,2.01,1.75,1.0070818624905664,231.485
2013-05-28,0.6340981548631053,14.48,2.15,1.86,1.0070818624905664,231.485
2013-05-29,-0.7047981897774669,14.83,2.13,1.83,1.0070818624905664,231.485
2013-05-30,0.367034439193481,14.53,2.13,1.82,1.0070818624905664,231.485
2013-05-31,-1.4307241527974024,16.3,2.16,1.86,1.0070818624905664,231.485
2013-06-03,0.5935988427895333,16.28,2.13,1.83,1.0070818624905664,231.485
2013-06-04,-0.5510807488524838,16.27,2.14,1.82,1.0070818624905664,231.485
2013-06-05,-1.3779732742503992,17.5,2.1,1.8,1.0070818624905664,231.485
2013-06-06,0.8490293972530871,16.63,2.08,1.78,1.0070818624905664,231.485
2013-06-07,1.2831541229424204,15.14,2.17,1.85,1.0070818624905664,231.485
2013-06-10,-0.0346813449944027,15.44,2.22,1.9,1.0070818624905664,231.485
2013-06-11,-1.0153367167240024,17.07,2.2,1.86,1.0070818624905664,231.485
2013-06-12,-0.8369555515669425,18.59,2.25,1.91,1.0070818624905664,231.485
2013-06-13,1.47842913771965,16.41,2.19,1.87,1.0070818624905664,231.485
2013-06-14,-0.5885016114436148,17.15,2.14,1.85,1.0070818624905664,231.485
2013-06-17,0.7567364431436019,16.8,2.19,1.92,1.0070818624905664,231.485
2013-06-18,0.7791157767295331,16.61,2.2,1.93,1.158056873071911,231.831
2013-06-19,-1.3851474486292426,16.64,2.33,2.02,1.158056873071911,231.831
2013-06-20,-2.501035094286319,20.49,2.41,2.08,1.4457810236864876,231.831
2013-06-21,0.2669776576555538,18.9,2.52,2.14,1.4457810236864876,231.831
2013-06-24,-1.2145015629135836,20.11,2.57,2.15,1.4457810236864876,231.831
2013-06-25,0.9497272121224088,18.47,2.6,2.17,1.4457810236864876,231.831
2013-06-26,0.9590486444071455,17.21,2.55,2.16,1.4457810236864876,231.831
2013-06-27,0.6199831185025984,16.86,2.49,2.13,1.4457810236864876,231.831
2013-06-28,-0.4289562412875813,16.86,2.52,2.16,1.4457810236864876,231.831
2013-07-01,0.5403747467634501,16.37,2.5,2.16,1.4457810236864876,231.831
2013-07-02,-0.0544908173637725,16.44,2.48,2.14,1.4457810236864876,231.831
2013-07-03,0.0824047235089331,16.2,2.52,2.16,1.4457810236864876,231.831
2013-07-05,1.0201732142340214,14.89,2.73,2.33,1.4457810236864876,231.831
2013-07-08,0.5251546496476855,14.78,2.65,2.28,1.4457810236864876,231.831
2013-07-09,0.7229670722828763,14.35,2.65,2.28,1.4457810236864876,231.831
2013-07-10,0.0181592450541279,14.21,2.7,2.32,1.4457810236864876,231.831
2013-07-11,1.3554249906357896,14.01,2.6,2.26,1.4457810236864876,231.831
2013-07-12,0.3086483632862347,13.84,2.61,2.24,1.4457810236864876,231.831
2013-07-15,0.1374879432867404,13.79,2.57,2.23,1.4457810236864876,231.831
2013-07-16,-0.3708760911961373,14.42,2.55,2.21,1.932813190563909,232.944
2013-07-17,0.2774047216405728,13.78,2.52,2.2,1.932813190563909,232.944
2013-07-18,0.5032964742594626,13.77,2.56,2.24,1.932813190563909,232.944
2013-07-19,0.1610050321117606,12.54,2.5,2.18,1.932813190563909,232.944
2013-07-22,0.203302634378244,12.29,2.5,2.18,1.932813190563909,232.944
2013-07-23,-0.1851936913048746,12.66,2.53,2.2,1.892239456210798,232.944
2013-07-24,-0.3811221518892793,13.18,2.61,2.27,1.892239456210798,232.944
2013-07-25,0.2556472201586723,12.97,2.61,2.29,1.892239456210798,232.944
2013-07-26,0.0828294284314523,12.72,2.58,2.27,1.892239456210798,232.944
2013-07-29,-0.3736037754951127,13.39,2.61,2.28,1.892239456210798,232.944
2013-07-30,0.0373816937478066,13.39,2.63,2.3,1.892239456210798,232.944
2013-07-31,-0.0136409211415777,13.45,2.6,2.29,1.892239456210798,232.944
2013-08-01,1.254056989753427,12.94,2.74,2.39,1.892239456210798,232.944
2013-08-02,0.1640458169711145,11.98,2.63,2.33,1.892239456210798,232.944
2013-08-05,-0.1479834840550031,11.84,2.67,2.35,1.892239456210798,232.944
2013-08-06,-0.5723033522392118,12.72,2.67,2.35,1.892239456210798,232.944
2013-08-07,-0.3805864929911196,12.98,2.61,2.29,1.892239456210798,232.944
2013-08-08,0.3885449938943575,12.73,2.58,2.28,1.892239456210798,232.944
2013-08-09,-0.3569960525698801,13.41,2.57,2.25,1.892239456210798,232.944
2013-08-12,-0.1152920736140039,12.81,2.61,2.29,1.892239456210798,232.944
2013-08-13,0.2776056134700333,12.31,2.71,2.37,1.892239456210798,232.944
2013-08-14,-0.5176618120080079,13.04,2.71,2.37,1.892239456210798,232.944
2013-08-15,-1.428160138019796,14.73,2.77,2.41,2.0558311244084138,233.318
2013-08-16,-0.3304595389129083,14.37,2.84,2.48,2.0558311244084138,233.318
2013-08-19,-0.5900302398330837,15.1,2.88,2.52,2.0558311244084138,233.318
2013-08-20,0.3821195319908987,14.91,2.82,2.46,2.0558311244084138,233.318
2013-08-21,-0.5779602928505545,15.94,2.87,2.49,2.00898029494192,233.318
2013-08-22,0.8619376484360286,14.76,2.9,2.48,2.00898029494192,233.318
2013-08-23,0.3947010921615534,13.98,2.82,2.42,2.00898029494192,233.318
2013-08-26,-0.4039657771641169,14.99,2.79,2.38,2.00898029494192,233.318
2013-08-27,-1.5874194741040235,16.77,2.72,2.34,2.00898029494192,233.318
2013-08-28,0.2747645185721348,16.49,2.78,2.38,2.00898029494192,233.318
2013-08-29,0.1963401602796288,16.81,2.75,2.36,2.00898029494192,233.318
2013-08-30,-0.3174318356880645,17.01,2.78,2.39,2.00898029494192,233.318
2013-09-03,0.4164221602432238,16.61,2.86,2.43,2.00898029494192,233.318
2013-09-04,0.8116953209842404,15.88,2.9,2.44,2.00898029494192,233.318
2013-09-05,0.1209862833721153,15.77,2.98,2.46,2.00898029494192,233.318
2013-09-06,0.0054431141103039,15.85,2.94,2.48,2.00898029494192,233.318
2013-09-09,0.9992880823750604,15.63,2.9,2.45,2.00898029494192,233.318
2013-09-10,0.7345789391592916,14.53,2.96,2.46,2.00898029494192,233.318
2013-09-11,0.3052283373562225,13.82,2.93,2.46,2.00898029494192,233.318
2013-09-12,-0.3380415314981122,14.29,2.92,2.47,2.00898029494192,233.318
2013-09-13,0.2714679741101511,14.16,2.9,2.45,2.00898029494192,233.318
2013-09-16,0.5693153044247667,14.38,2.88,2.47,2.00898029494192,233.318
2013-09-17,0.4217739327674108,14.53,2.86,2.47,2.099919990556254,233.526
2013-09-18,1.2177672896303449,13.59,2.69,2.35,2.099919990556254,233.526
2013-09-19,-0.1842953819684689,13.16,2.76,2.42,2.099919990556254,233.526
2013-09-20,-0.7216886263627376,13.12,2.75,2.41,1.488035740671534,233.526
2013-09-23,-0.4719586526811925,14.31,2.72,2.37,1.488035740671534,233.526
2013-09-24,-0.2597143070893537,14.08,2.67,2.32,1.488035740671534,233.526
2013-09-25,-0.273946595048713,14.01,2.63,2.27,1.488035740671534,233.526
2013-09-26,0.3485425867653546,14.06,2.66,2.32,1.488035740671534,233.526
2013-09-27,-0.4073801130465626,15.46,2.64,2.3,1.488035740671534,233.526
2013-09-30,-0.6029230779887707,16.6,2.64,2.31,1.488035740671534,233.526
2013-10-01,0.7998543475556064,15.54,2.66,2.33,1.488035740671534,233.526
2013-10-02,-0.0666669547382037,16.6,2.63,2.32,1.488035740671534,233.526
2013-10-03,-0.8979414583967338,17.67,2.62,2.29,1.488035740671534,233.526
2013-10-04,0.7053224345153541,16.74,2.66,2.33,1.488035740671534,233.526
2013-10-07,-0.8506361953748875,19.41,2.65,2.28,1.488035740671534,233.526
2013-10-08,-1.2332078852067665,20.34,2.66,2.26,1.488035740671534,233.526
2013-10-09,0.0573906351874375,19.6,2.68,2.31,1.488035740671534,233.526
2013-10-10,2.183049604365883,16.48,2.71,2.36,1.488035740671534,233.526
2013-10-11,0.6286271807078414,15.72,2.7,2.35,1.488035740671534,233.526
2013-10-15,-0.7063723409320266,18.66,2.75,2.38,1.488035740671534,233.526
2013-10-16,1.3827532394934838,14.71,2.69,2.35,1.488035740671534,233.526
2013-10-17,0.6743953139704439,13.48,2.61,2.28,1.488035740671534,233.526
2013-10-18,0.6548755402622897,13.04,2.6,2.27,1.488035740671534,233.526
2013-10-21,0.0091736417132448,13.16,2.63,2.3,1.488035740671534,233.526
2013-10-22,0.5737513079636436,13.33,2.54,2.23,0.9126500557442574,233.526
2013-10-23,-0.4724557241463034,13.42,2.51,2.2,0.9126500557442574,233.526
2013-10-24,0.3258134764679621,13.2,2.53,2.2,0.9126500557442574,233.526
2013-10-25,0.4394843515520774,13.09,2.53,2.21,0.9126500557442574,233.526
2013-10-28,0.1329699787098182,13.31,2.54,2.22,0.9126500557442574,233.526
2013-10-29,0.558419502875096,13.41,2.53,2.22,0.9126500557442574,233.526
2013-10-30,-0.4875923596155185,13.65,2.55,2.22,1.094575090530392,233.947
2013-10-31,-0.3839381224110538,13.75,2.57,2.26,1.094575090530392,233.947
2013-11-01,0.2903421198789946,13.28,2.65,2.32,1.094575090530392,233.947
2013-11-04,0.3570558689741876,12.93,2.63,2.31,1.094575090530392,233.947
2013-11-05,-0.2805587810106646,13.27,2.69,2.37,1.094575090530392,233.947
2013-11-06,0.4265540341705787,12.67,2.67,2.37,1.094575090530392,233.947
2013-11-07,-1.3182771972194418,13.91,2.63,2.34,1.094575090530392,233.947
2013-11-08,1.342755951674368,12.9,2.77,2.45,1.094575090530392,233.947
2013-11-12,-0.2370391619945344,12.82,2.8,2.46,1.094575090530392,233.947
2013-11-13,0.8095344244797742,12.52,2.75,2.43,1.094575090530392,233.947
2013-11-14,0.483725876385388,12.37,2.69,2.4,1.094575090530392,233.947
2013-11-15,0.4222034052096646,12.19,2.71,2.4,1.094575090530392,233.947
2013-11-18,-0.369819718572606,13.1,2.67,2.36,1.094575090530392,233.947
2013-11-19,-0.2042965576817046,13.39,2.71,2.42,0.9475687267800348,233.947
2013-11-20,-0.3635611100220925,13.4,2.8,2.52,0.8875905605585155,233.808
2013-11-21,0.8128564255848181,12.66,2.79,2.5,0.8875905605585155,233.808
2013-11-22,0.4961457973002625,12.26,2.75,2.44,0.8875905605585155,233.808
2013-11-25,-0.1263342097862163,12.79,2.74,2.44,0.8875905605585155,233.808
2013-11-26,0.0149804455070734,12.81,2.71,2.42,0.8875905605585155,233.808
2013-11-27,0.2485081386076837,12.98,2.74,2.46,0.8875905605585155,233.808
2013-11-29,-0.0785689641244036,13.7,2.75,2.47,0.8875905605585155,233.808
2013-12-02,-0.2719020284730922,14.23,2.81,2.51,0.8875905605585155,233.808
2013-12-03,-0.3192847977150137,14.55,2.79,2.51,0.8875905605585155,233.808
2013-12-04,-0.1303493183571813,14.7,2.84,2.54,0.8875905605585155,233.808
2013-12-05,-0.4339572538419101,15.08,2.88,2.58,0.8875905605585155,233.808
2013-12-06,1.1237870620775636,13.79,2.88,2.58,0.8875905605585155,233.808
2013-12-09,0.1817100177267105,13.49,2.86,2.56,0.8875905605585155,233.808
2013-12-10,-0.3179659038540561,13.91,2.81,2.51,0.8875905605585155,233.808
2013-12-11,-1.131687458772268,15.42,2.86,2.55,0.8875905605585155,233.808
2013-12-12,-0.377056189111935,15.54,2.89,2.55,0.8875905605585155,233.808
2013-12-13,-0.0101410144149549,15.76,2.88,2.54,0.8875905605585155,233.808
2013-12-16,0.6320039831068547,16.03,2.89,2.55,0.8875905605585155,233.808
2013-12-17,-0.3100987910356179,16.21,2.85,2.51,0.9216788708570788,233.887
2013-12-18,1.664796429762072,13.8,2.89,2.57,1.2388269667784837,233.887
2013-12-19,-0.0579929204410856,14.15,2.94,2.59,1.2388269667784837,233.887
2013-12-20,0.4818728349231804,13.79,2.89,2.52,1.2388269667784837,233.887
2013-12-23,0.531812014989308,13.04,2.94,2.56,1.2388269667784837,233.887
2013-12-24,0.2915746849359912,12.48,2.99,2.61,1.2388269667784837,233.887
2013-12-26,0.4745529147706984,12.33,3.0,2.58,1.2388269667784837,233.887
2013-12-27,-0.0336584353380353,12.46,3.02,2.62,1.2388269667784837,233.887
2013-12-30,-0.0179253894115216,13.56,2.99,2.6,1.2388269667784837,233.887
2013-12-31,0.3959675229718407,13.72,3.04,2.66,1.2388269667784837,233.887
2014-01-02,-0.8861912729460575,14.23,3.0,2.61,1.2388269667784837,233.887
2014-01-03,-0.033296507498215,13.76,3.01,2.6,1.2388269667784837,233.887
2014-01-06,-0.2511767473641013,13.55,2.98,2.58,1.2388269667784837,233.887
2014-01-07,0.6081764662643874,12.92,2.96,2.56,1.2388269667784837,233.887
2014-01-08,-0.0212208983938699,12.87,3.01,2.58,1.2388269667784837,233.887
2014-01-09,0.0348309189077911,12.89,2.97,2.53,1.2388269667784837,233.887
2014-01-10,0.2306686808393188,12.14,2.88,2.49,1.2388269667784837,233.887
2014-01-13,-1.2576216507389826,13.28,2.84,2.45,1.2388269667784837,233.887
2014-01-14,1.0817971767347556,12.28,2.88,2.49,1.2388269667784837,233.887
2014-01-15,0.5166188100786506,12.28,2.9,2.49,1.2388269667784837,233.887
2014-01-16,-0.1347120304156734,12.53,2.86,2.45,1.5396602099339909,234.582
2014-01-17,-0.3895174370902032,12.44,2.84,2.44,1.5396602099339909,234.582
2014-01-21,0.2773751994173734,12.87,2.85,2.45,1.5598820672009015,234.582
2014-01-22,0.0574865221481646,12.84,2.87,2.43,1.5598820672009015,234.582
2014-01-23,-0.8889576739850691,13.77,2.79,2.4,1.5598820672009015,234.582
2014-01-24,-2.087544856898549,18.14,2.75,2.38,1.5598820672009015,234.582
2014-01-27,-0.4876293940238585,17.42,2.78,2.41,1.5598820672009015,234.582
2014-01-28,0.614065260021901,15.8,2.77,2.39,1.5598820672009015,234.582
2014-01-29,-1.0209232261157553,17.35,2.69,2.33,1.5598820672009015,234.582
2014-01-30,1.1267044743841437,17.29,2.72,2.36,1.5598820672009015,234.582
2014-01-31,-0.6465299642046674,18.41,2.67,2.33,1.5598820672009015,234.582
2014-02-03,-2.283191982018462,21.44,2.61,2.31,1.5598820672009015,234.582
2014-02-04,0.7641088938743268,19.11,2.64,2.33,1.5598820672009015,234.582
2014-02-05,-0.2028222779439259,19.95,2.7,2.38,1.5598820672009015,234.582
2014-02-06,1.2439792925644788,17.23,2.73,2.4,1.5598820672009015,234.582
2014-02-07,1.3301886798946505,15.29,2.71,2.41,1.5598820672009015,234.582
2014-02-10,0.1569234765563809,15.26,2.7,2.38,1.5598820672009015,234.582
2014-02-11,1.1062113608869106,14.51,2.75,2.4,1.5598820672009015,234.582
2014-02-12,-0.0269262390094837,14.3,2.8,2.45,1.5598820672009015,234.582
2014-02-13,0.5810025082904069,14.14,2.73,2.41,1.5598820672009015,234.582
2014-02-14,0.4809216724759979,13.57,2.75,2.43,1.5598820672009015,234.582
2014-02-18,0.1158473905655821,13.87,2.71,2.4,1.565077344693666,234.594
2014-02-19,-0.6524484290135191,15.5,2.73,2.4,1.565077344693666,234.594
2014-02-20,0.6031458262132583,14.79,2.76,2.42,1.711843933864099,234.933
2014-02-21,-0.1918723565134117,14.68,2.73,2.4,1.6423160290217398,234.933
2014-02-24,0.618651346579302,14.23,2.75,2.4,1.6423160290217398,234.933
2014-02-25,-0.134768173700972,13.67,2.7,2.36,1.6154984039654208,234.933
2014-02-26,0.0021699977565736,14.35,2.67,2.34,1.6154984039654208,234.933
2014-02-27,0.4948082937896281,14.04,2.65,2.32,1.6154984039654208,234.933
2014-02-28,0.2782688792301258,14.0,2.66,2.33,1.6154984039654208,234.933
2014-03-03,-0.7378510346287226,16.0,2.6,2.28,1.6154984039654208,234.933
2014-03-04,1.526770113133269,14.1,2.7,2.37,1.6154984039654208,234.933
2014-03-05,-0.0053351326431916,13.89,2.7,2.37,1.6154984039654208,234.933
2014-03-06,0.1718408271082383,14.21,2.74,2.37,1.6154984039654208,234.933
2014-03-07,0.0538089295248678,14.11,2.8,2.42,1.6154984039654208,234.933
2014-03-10,-0.0463246309499232,14.2,2.79,2.42,1.6154984039654208,234.933
2014-03-11,-0.5082138985368356,14.8,2.77,2.4,1.6154984039654208,234.933
2014-03-12,0.030517087837123,14.47,2.73,2.36,1.6154984039654208,234.933
2014-03-13,-1.1701095130556172,16.22,2.66,2.32,1.6154984039654208,234.933
2014-03-14,-0.2821777697470384,17.82,2.65,2.29,1.6154984039654208,234.933
2014-03-17,0.9613634629240364,15.64,2.7,2.32,1.6154984039654208,234.933
2014-03-18,0.721961893372769,14.52,2.68,2.32,1.717575411551997,235.169
2014-03-19,-0.6131649335692324,15.12,2.78,2.31,1.0306310950723985,235.169
2014-03-20,0.6040504799839086,14.52,2.79,2.34,1.0306310950723985,235.169
2014-03-21,-0.2932671409733745,15.0,2.75,2.3,1.0306310950723985,235.169
2014-03-24,-0.4864709743258144,15.09,2.74,2.27,1.0306310950723985,235.169
2014-03-25,0.4403939814465518,14.02,2.75,2.28,1.0306310950723985,235.169
2014-03-26,-0.7000319763734719,14.93,2.71,2.26,1.0306310950723985,235.169
2014-03-27,-0.1900083894673887,14.62,2.69,2.24,1.0306310950723985,235.169
2014-03-28,0.4640221884561146,14.41,2.73,2.28,1.0306310950723985,235.169
2014-03-31,0.7924102207026662,13.88,2.73,2.29,1.0306310950723985,235.169
2014-04-01,0.7039348596697304,13.1,2.77,2.33,1.0306310950723985,235.169
2014-04-02,0.2853326841976367,13.09,2.82,2.35,1.0306310950723985,235.169
2014-04-03,-0.1126450291031422,13.37,2.8,2.34,1.0306310950723985,235.169
2014-04-04,-1.2537288005457836,13.96,2.74,2.31,1.0306310950723985,235.169
2014-04-07,-1.0750112394172897,15.57,2.71,2.3,1.0306310950723985,235.169
2014-04-08,0.3750553770375697,14.89,2.69,2.29,1.0306310950723985,235.169
2014-04-09,1.0918212704340349,13.82,2.71,2.34,1.0306310950723985,235.169
2014-04-10,-2.0884795550912827,15.89,2.65,2.28,1.0306310950723985,235.169
2014-04-11,-0.9486773662544356,17.03,2.63,2.26,1.0306310950723985,235.169
2014-04-14,0.8217286225508769,16.11,2.65,2.28,1.0306310950723985,235.169
2014-04-15,0.6757307791485534,15.61,2.64,2.25,1.2329767581732876,235.64
2014-04-16,1.0488490558689278,14.18,2.65,2.26,1.2329767581732876,235.64
2014-04-17,0.1363852909705754,13.36,2.73,2.3,1.420332271670821,235.64
2014-04-21,0.3775123551313042,13.25,2.73,2.31,1.420332271670821,235.64
2014-04-22,0.4092139025126506,13.19,2.73,2.28,1.420332271670821,235.64
2014-04-23,-0.2213313863220212,13.27,2.7,2.27,1.420332271670821,235.64
2014-04-24,0.1716960567121672,13.32,2.7,2.27,1.420332271670821,235.64
2014-04-25,-0.8096390978489132,14.06,2.68,2.25,1.420332271670821,235.64
2014-04-28,0.3236035858039221,13.97,2.7,2.26,1.420332271670821,235.64
2014-04-29,0.4760757069291355,13.71,2.71,2.27,1.420332271670821,235.64
2014-04-30,0.2992016977140688,13.41,2.67,2.25,1.420332271670821,235.64
2014-05-01,-0.0143261481426071,13.25,2.63,2.22,1.420332271670821,235.64
2014-05-02,-0.1348445059709546,12.91,2.6,2.18,1.420332271670821,235.64
2014-05-05,0.1871216126306141,13.29,2.63,2.2,1.420332271670821,235.64
2014-05-06,-0.8988392160571124,13.8,2.61,2.18,1.420332271670821,235.64
2014-05-07,0.5616468420812426,13.4,2.62,2.21,1.420332271670821,235.64
2014-05-08,-0.1373624945210982,13.43,2.61,2.21,1.420332271670821,235.64
2014-05-09,0.1519476431128819,12.92,2.62,2.22,1.420332271670821,235.64
2014-05-12,0.9672737603931392,12.23,2.66,2.25,1.420332271670821,235.64
2014-05-13,0.0421757703063629,12.13,2.61,2.22,1.420332271670821,235.64
2014-05-14,-0.4701005088166399,12.17,2.54,2.15,1.420332271670821,235.64
2014-05-15,-0.9361807033335888,13.17,2.5,2.12,1.684600154945337,236.254
2014-05-16,0.374696520677964,12.44,2.52,2.14,1.684600154945337,236.254
2014-05-19,0.3844786490710294,12.42,2.54,2.18,1.684600154945337,236.254
2014-05-20,-0.649839809746755,12.96,2.52,2.17,2.0601766853143744,236.254
2014-05-21,0.8116098951240547,11.91,2.54,2.17,2.0601766853143744,236.254
2014-05-22,0.2362229873621668,12.03,2.56,2.19,2.0601766853143744,236.254
2014-05-23,0.4248391856225497,11.36,2.54,2.17,2.0601766853143744,236.254
2014-05-27,0.5987805879090757,11.51,2.52,2.13,2.0601766853143744,236.254
2014-05-28,-0.1114071710872299,11.68,2.44,2.07,2.0601766853143744,236.254
2014-05-29,0.5367110265454889,11.57,2.45,2.08,2.0601766853143744,236.254
2014-05-30,0.1843677931164355,11.4,2.48,2.11,2.0601766853143744,236.254
2014-06-02,0.0727826101028172,11.58,2.54,2.15,2.0601766853143744,236.254
2014-06-03,-0.03792165487565,11.87,2.6,2.19,2.0601766853143744,236.254
2014-06-04,0.1891663548679423,12.08,2.61,2.2,2.0601766853143744,236.254
2014-06-05,0.6525279593556643,11.68,2.59,2.19,2.0601766853143744,236.254
2014-06-06,0.4627758701298612,10.73,2.6,2.19,2.0601766853143744,236.254
2014-06-09,0.0938771226611789,11.15,2.62,2.19,2.0601766853143744,236.254
2014-06-10,-0.0245983622945922,10.99,2.64,2.19,2.0601766853143744,236.254
2014-06-11,-0.3537041032554366,11.6,2.65,2.21,2.0601766853143744,236.254
2014-06-12,-0.708889350376507,12.56,2.58,2.16,2.0601766853143744,236.254
2014-06-13,0.3134561695468774,12.18,2.6,2.15,2.0601766853143744,236.254
2014-06-16,0.0836705173430596,12.65,2.61,2.12,2.0601766853143744,236.254
2014-06-17,0.2172569060394202,12.06,2.66,2.15,2.418299241851507,237.083
2014-06-18,0.7718881307192449,10.61,2.61,2.13,2.418299241851507,237.083
2014-06-19,0.1277478576659385,10.62,2.64,2.16,2.418299241851507,237.083
2014-06-20,0.173005832273243,10.85,2.63,2.13,2.265443361759223,237.083
2014-06-23,-0.0132464078757998,10.98,2.63,2.15,2.265443361759223,237.083
2014-06-24,-0.6435310620591883,12.13,2.59,2.1,2.265443361759223,237.083
2014-06-25,0.4897511217437866,11.59,2.57,2.09,2.265443361759223,237.083
2014-06-26,-0.117888399729138,11.63,2.53,2.07,2.265443361759223,237.083
2014-06-27,0.1910868625069062,11.26,2.54,2.09,2.265443361759223,237.083
2014-06-30,-0.0372256692278916,11.57,2.53,2.06,2.265443361759223,237.083
2014-07-01,0.6677770440579822,11.15,2.58,2.11,2.265443361759223,237.083
2014-07-02,0.0658812997136992,10.82,2.64,2.15,2.265443361759223,237.083
2014-07-03,0.5479508115899812,10.32,2.65,2.13,2.265443361759223,237.083
2014-07-07,-0.3923521850109468,11.33,2.63,2.11,2.265443361759223,237.083
2014-07-08,-0.704880201475111,11.98,2.58,2.07,2.265443361759223,237.083
2014-07-09,0.4644267890169251,11.65,2.57,2.06,2.265443361759223,237.083
2014-07-10,-0.4131071874054703,12.59,2.55,2.09,2.265443361759223,237.083
2014-07-11,0.1470922745241187,12.08,2.53,2.05,2.265443361759223,237.083
2014-07-14,0.4843552990250188,11.82,2.55,2.07,2.265443361759223,237.083
2014-07-15,-0.1932095663463084,11.96,2.56,2.07,2.265443361759223,237.083
2014-07-16,0.4201084929208676,11.0,2.55,2.05,2.265443361759223,237.083
2014-07-17,-1.183402645755216,14.54,2.47,2.0,2.265443361759223,237.083
2014-07-18,1.0264935568841116,12.06,2.5,1.99,1.7768218971083272,237.083
2014-07-21,-0.232025047178197,12.81,2.49,1.98,1.7768218971083272,237.083
2014-07-22,0.5016150134305564,12.24,2.48,1.99,2.038687409849582,237.693
2014-07-23,0.1754438005651781,11.52,2.48,1.98,2.038687409849582,237.693
2014-07-24,0.0488155921891664,11.84,2.52,1.99,2.038687409849582,237.693
2014-07-25,-0.4849150767687549,12.69,2.48,1.95,2.038687409849582,237.693
2014-07-28,0.0288154902202908,12.56,2.5,1.96,2.038687409849582,237.693
2014-07-29,-0.4527786939807376,13.28,2.47,1.93,2.038687409849582,237.693
2014-07-30,0.0060912774517918,13.33,2.57,2.01,2.038687409849582,237.693
2014-07-31,-1.9999240340662028,16.95,2.58,2.05,2.038687409849582,237.693
2014-08-01,-0.2859121137017251,17.03,2.52,2.05,2.038687409849582,237.693
2014-08-04,0.7189032358413172,15.12,2.51,2.04,2.038687409849582,237.693
2014-08-05,-0.9685469956760784,16.87,2.49,2.02,2.038687409849582,237.693
2014-08-06,0.001563854864095,16.37,2.49,2.01,2.038687409849582,237.693
2014-08-07,-0.5556620005611967,16.66,2.43,1.99,2.038687409849582,237.693
2014-08-08,1.1531402436471216,15.77,2.44,1.99,2.038687409849582,237.693
2014-08-11,0.2759425250346226,14.23,2.44,1.97,2.038687409849582,237.693
2014-08-12,-0.163664161317445,14.13,2.46,2.01,2.038687409849582,237.693
2014-08-13,0.6707160027472625,12.9,2.43,2.0,2.038687409849582,237.693
2014-08-14,0.434581405396317,12.42,2.4,1.98,2.038687409849582,237.693
2014-08-15,-0.0061372924176295,13.15,2.34,1.92,2.038687409849582,237.693
2014-08-18,0.8531672245722488,12.32,2.39,1.95,2.038687409849582,237.693
2014-08-19,0.5000651911710952,12.21,2.4,1.94,1.9677007346196929,237.909
2014-08-20,0.2477812999687634,11.78,2.43,1.94,1.9677007346196929,237.909
2014-08-21,0.2949889667182681,11.76,2.41,1.92,1.9677007346196929,237.909
2014-08-22,-0.1992587076122598,11.47,2.4,1.87,1.9677007346196929,237.909
2014-08-25,0.4787778824361766,11.7,2.39,1.86,1.9677007346196929,237.909
2014-08-26,0.1051080894003408,11.63,2.39,1.87,1.9677007346196929,237.909
2014-08-27,0.0049987292607633,11.78,2.37,1.86,1.9677007346196929,237.909
2014-08-28,-0.1689901051468934,12.05,2.34,1.84,1.9677007346196929,237.909
2014-08-29,0.332041473363498,11.98,2.35,1.87,1.9677007346196929,237.909
2014-09-02,-0.0544066160004907,12.25,2.42,1.89,1.9677007346196929,237.909
2014-09-03,-0.0779141064648047,12.36,2.41,1.89,1.9677007346196929,237.909
2014-09-04,-0.1534420775528899,12.64,2.45,1.91,1.9677007346196929,237.909
2014-09-05,0.5035885365550108,12.09,2.46,1.94,1.9677007346196929,237.909
2014-09-08,-0.3073114142502442,12.66,2.48,1.94,1.9677007346196929,237.909
2014-09-09,-0.6545009043329442,13.5,2.5,1.94,1.9677007346196929,237.909
2014-09-10,0.3646074416948641,12.88,2.54,1.96,1.9677007346196929,237.909
2014-09-11,0.0881905414818584,12.8,2.54,1.96,1.9677007346196929,237.909
2014-09-12,-0.5962558462297207,13.31,2.62,2.04,1.9677007346196929,237.909
2014-09-15,-0.0710151471109754,14.12,2.6,2.02,1.9677007346196929,237.909
2014-09-16,0.7484376300642026,12.73,2.6,2.05,1.9677007346196929,237.909
2014-09-17,0.1295643701096471,12.65,2.62,2.03,1.7615443300559752,237.428
2014-09-18,0.4891180086237234,12.03,2.63,2.04,1.7615443300559752,237.428
2014-09-19,-0.0477269581025452,12.11,2.59,2.0,1.6709060233121686,237.428
2014-09-22,-0.8013323296818919,13.69,2.57,1.99,1.6709060233121686,237.428
2014-09-23,-0.5776501564770165,14.93,2.54,1.97,1.6709060233121686,237.428
2014-09-24,0.783249148610099,13.27,2.57,1.98,1.6709060233121686,237.428
2014-09-25,-1.6168772358634451,15.64,2.52,1.96,1.6709060233121686,237.428
2014-09-26,0.8575824615237426,14.85,2.54,1.95,1.6709060233121686,237.428
2014-09-29,-0.2546802239196233,15.98,2.5,1.92,1.6709060233121686,237.428
2014-09-30,-0.2785928622506484,16.31,2.52,1.94,1.6709060233121686,237.428
2014-10-01,-1.3248560995234304,16.71,2.42,1.89,1.6709060233121686,237.428
2014-10-02,0.0005143341477165,16.16,2.44,1.91,1.6709060233121686,237.428
2014-10-03,1.11655096821337,14.55,2.45,1.88,1.6709060233121686,237.428
2014-10-06,-0.156515985913308,15.46,2.43,1.89,1.6709060233121686,237.428
2014-10-07,-1.5126053030587785,17.2,2.36,1.84,1.6709060233121686,237.428
2014-10-08,1.7461650296527242,15.11,2.35,1.89,1.6709060233121686,237.428
2014-10-09,-2.066141501469354,18.76,2.34,1.88,1.6709060233121686,237.428
2014-10-10,-1.1451012338901223,21.24,2.31,1.86,1.6709060233121686,237.428
2014-10-14,0.1578864777472377,22.79,2.21,1.82,1.6709060233121686,237.428
2014-10-15,-0.8100314924121665,26.25,2.15,1.81,1.6709060233121686,237.428
2014-10-16,0.0144977708694149,25.2,2.17,1.82,1.6709060233121686,237.428
2014-10-17,1.2884107385910504,21.99,2.22,1.83,1.6709060233121686,237.428
2014-10-20,0.914265720638352,18.57,2.2,1.83,1.6709060233121686,237.428
2014-10-21,1.9574487182363989,16.08,2.23,1.85,1.6709060233121686,237.428
2014-10-22,-0.7299330200416732,17.87,2.25,1.84,1.7586906811233094,237.633
2014-10-23,1.2303377138681793,16.53,2.29,1.88,1.7586906811233094,237.633
2014-10-24,0.7053449392805167,16.11,2.29,1.88,1.7586906811233094,237.633
2014-10-27,-0.1501568395210095,16.04,2.27,1.86,1.7586906811233094,237.633
2014-10-28,1.1939073060167391,14.39,2.3,1.88,1.7586906811233094,237.633
2014-10-29,-0.1385355498529361,15.15,2.34,1.86,1.7586906811233094,237.633
2014-10-30,0.6230124240393486,14.52,2.32,1.84,1.7586906811233094,237.633
2014-10-31,1.1731393541549506,14.03,2.35,1.85,1.7586906811233094,237.633
2014-11-03,-0.0118921844636243,14.73,2.36,1.84,1.575570535206694,237.633
2014-11-04,-0.2829841680832889,14.89,2.35,1.83,1.575570535206694,237.633
2014-11-05,0.5700497411807115,14.17,2.36,1.84,1.575570535206694,237.633
2014-11-06,0.3775513004849795,13.67,2.39,1.85,1.575570535206694,237.633
2014-11-07,0.0349586217805342,13.12,2.32,1.81,1.575570535206694,237.633
2014-11-10,0.3120184693883088,12.67,2.38,1.83,1.575570535206694,237.633
2014-11-12,-0.0701116681675495,13.02,2.37,1.82,1.575570535206694,237.633
2014-11-13,0.0529844746565588,13.79,2.35,1.82,1.575570535206694,237.633
2014-11-14,0.0240270208810677,13.31,2.32,1.78,1.575570535206694,237.633
2014-11-17,0.0735359021627912,13.99,2.34,1.8,1.575570535206694,237.633
2014-11-18,0.5133983312177293,13.86,2.32,1.79,1.575570535206694,237.633
2014-11-19,-0.1501159007554986,13.96,2.36,1.82,1.575570535206694,237.633
2014-11-20,0.196709621349167,13.58,2.34,1.81,1.579417560387597,237.642
2014-11-21,0.5236877359639402,12.9,2.31,1.78,1.579417560387597,237.642
2014-11-24,0.2864023314453678,12.62,2.3,1.77,1.639807021145567,237.642
2014-11-25,-0.1150029676853181,12.25,2.27,1.76,1.639807021145567,237.642
2014-11-26,0.2805981889918651,12.07,2.24,1.71,1.639807021145567,237.642
2014-11-28,-0.2542427180532325,13.33,2.18,1.71,1.639807021145567,237.642
2014-12-01,-0.6829362527492333,14.29,2.22,1.73,1.639807021145567,237.642
2014-12-02,0.6384461097458161,12.85,2.28,1.73,1.639807021145567,237.642
2014-12-03,0.3764742741791727,12.47,2.29,1.72,1.639807021145567,237.642
2014-12-04,-0.1161896207077406,12.38,2.25,1.7,1.639807021145567,237.642
2014-12-05,0.1665216534709301,11.82,2.31,1.66,1.639807021145567,237.642
2014-12-08,-0.7256565211683386,14.21,2.26,1.62,1.639807021145567,237.642
2014-12-09,-0.0237823541331172,14.89,2.22,1.58,1.639807021145567,237.642
2014-12-10,-1.635096881921505,18.53,2.18,1.59,1.639807021145567,237.642
2014-12-11,0.4535689211905058,20.08,2.19,1.57,1.639807021145567,237.642
2014-12-12,-1.6213587335965784,21.08,2.1,1.54,1.639807021145567,237.642
2014-12-15,-0.6342586611898127,20.42,2.12,1.52,1.639807021145567,237.642
2014-12-16,-0.8489022887163578,23.57,2.07,1.49,1.639807021145567,237.642
2014-12-17,2.035241573284696,19.44,2.14,1.52,1.378909190446875,237.032
2014-12-18,2.401520473971619,16.81,2.22,1.55,1.378909190446875,237.032
2014-12-19,0.4570048934014581,16.49,2.17,1.5,1.3446664414866971,237.032
2014-12-22,0.3810463907886641,15.25,2.17,1.46,1.3446664414866971,237.032
2014-12-23,0.1746361746361779,14.8,2.26,1.53,1.3446664414866971,237.032
2014-12-24,-0.0139296538410715,14.37,2.27,1.54,1.3446664414866971,237.032
2014-12-26,0.3309574570383944,14.5,2.25,1.52,1.3446664414866971,237.032
2014-12-29,0.0861774542574522,15.06,2.22,1.5,1.3446664414866971,237.032
2014-12-30,-0.4888604719738176,15.92,2.2,1.51,1.3446664414866971,237.032
2014-12-31,-1.0310858415930158,19.2,2.17,1.5,1.3446664414866971,237.032
2015-01-02,-0.0339963672385534,17.79,2.12,1.46,1.3446664414866971,237.032
2015-01-05,-1.8278105145113743,19.92,2.04,1.36,1.3446664414866971,237.032
2015-01-06,-0.8893471722946522,21.12,1.97,1.32,1.3446664414866971,237.032
2015-01-07,1.162984267174294,19.31,1.96,1.34,1.3446664414866971,237.032
2015-01-08,1.7888280629516196,17.01,2.03,1.41,1.3446664414866971,237.032
2015-01-09,-0.8403811034715436,17.55,1.98,1.39,1.3446664414866971,237.032
2015-01-12,-0.8093685160912578,19.6,1.92,1.36,1.3446664414866971,237.032
2015-01-13,-0.2578555236295576,20.56,1.91,1.37,1.3446664414866971,237.032
2015-01-14,-0.5813067327385291,21.48,1.86,1.35,1.3446664414866971,237.032
2015-01-15,-0.9247875921837956,22.39,1.77,1.33,1.3446664414866971,237.032
2015-01-16,1.3424199395820402,20.95,1.83,1.34,0.9671337013173132,236.149
2015-01-20,0.1549952369838569,19.89,1.82,1.29,0.9671337013173132,236.149
2015-01-21,0.4731623968765364,18.85,1.87,1.34,0.6679966919883151,236.149
2015-01-22,1.5269721916580492,16.4,1.9,1.37,0.6679966919883151,236.149
2015-01-23,-0.5491522439307173,16.66,1.81,1.29,0.6679966919883151,236.149
2015-01-26,0.2568460857030219,15.52,1.83,1.29,0.6679966919883151,236.149
2015-01-27,-1.338786241041101,17.22,1.83,1.29,0.6679966919883151,236.149
2015-01-28,-1.3495609366348305,20.44,1.73,1.23,0.6679966919883151,236.149
2015-01-29,0.9534685287099888,18.76,1.77,1.26,0.6679966919883151,236.149
2015-01-30,-1.2991965252009852,20.97,1.68,1.21,0.6679966919883151,236.149
2015-02-02,1.296246371066978,19.43,1.68,1.19,0.6679966919883151,236.149
2015-02-03,1.4439495293299576,17.33,1.79,1.27,0.6679966919883151,236.149
2015-02-04,-0.4156046208831476,18.33,1.81,1.29,0.6679966919883151,236.149
2015-02-05,1.0291406686777416,16.85,1.83,1.31,0.6679966919883151,236.149
2015-02-06,-0.3418172314141876,17.29,1.95,1.3,0.6679966919883151,236.149
2015-02-09,-0.4247194360987749,18.55,1.96,1.31,0.6679966919883151,236.149
2015-02-10,1.0675561019232394,17.23,2.01,1.34,0.6679966919883151,236.149
2015-02-11,-0.0029033588675453,16.96,2.0,1.33,0.6679966919883151,236.149
2015-02-12,0.9644506431775834,15.34,1.99,1.38,0.6679966919883151,236.149
2015-02-13,0.4074738491730789,14.69,2.02,1.36,0.6679966919883151,236.149
2015-02-17,0.1597574462372852,15.8,2.14,1.44,0.6679966919883151,236.149
2015-02-18,-0.0314309217733899,15.45,2.07,1.45,0.6679966919883151,236.149
2015-02-19,-0.1062057333189647,15.29,2.11,1.44,0.6679966919883151,236.149
2015-02-20,0.6126533626735764,14.3,2.13,1.46,0.7203935309513465,236.284
2015-02-23,-0.0303339195345975,14.56,2.06,1.42,0.7203935309513465,236.284
2015-02-24,0.2758770892866691,13.69,1.99,1.39,0.575057569604942,236.284
2015-02-25,-0.0765723647508154,13.84,1.96,1.35,0.575057569604942,236.284
2015-02-26,-0.1476028227480719,13.91,2.03,1.37,-0.1089672374677053,234.677
2015-02-27,-0.2956304548757837,13.34,2.0,1.37,-0.1089672374677053,234.677
2015-03-02,0.6124919257840311,13.04,2.08,1.42,-0.1089672374677053,234.677
2015-03-03,-0.45385421527393,13.86,2.12,1.44,-0.1089672374677053,234.677
2015-03-04,-0.438850348301556,14.23,2.12,1.46,-0.1089672374677053,234.677
2015-03-05,0.1196079984838727,14.04,2.11,1.46,-0.1089672374677053,234.677
2015-03-06,-1.4173946589881803,15.2,2.24,1.51,-0.1089672374677053,234.677
2015-03-09,0.3944421191197644,15.06,2.2,1.5,-0.1089672374677053,234.677
2015-03-10,-1.696133008584244,16.69,2.14,1.44,-0.1089672374677053,234.677
2015-03-11,-0.1917679574870323,16.87,2.11,1.41,-0.1089672374677053,234.677
2015-03-12,1.2601439566208406,15.42,2.1,1.43,-0.1089672374677053,234.677
2015-03-13,-0.6074710968194674,16.0,2.13,1.45,-0.1089672374677053,234.677
2015-03-16,1.3533671171787054,15.61,2.1,1.44,-0.1089672374677053,234.677
2015-03-17,-0.3320173700583018,15.66,2.06,1.36,-0.1089672374677053,234.677
2015-03-18,1.2158421402569175,13.97,1.93,1.36,-0.1089672374677053,234.677
2015-03-19,-0.4872579408787825,14.07,1.98,1.35,-0.1089672374677053,234.677
2015-03-20,0.9012754669798452,13.02,1.93,1.33,-0.2092112480811758,234.677
2015-03-23,-0.174573104253517,13.41,1.92,1.32,-0.2092112480811758,234.677
2015-03-24,-0.6139421956948832,13.62,1.88,1.3,0.0072288439377565,235.186
2015-03-25,-1.4558905652342855,15.44,1.93,1.34,0.0072288439377565,235.186
2015-03-26,-0.2377499996742527,15.8,2.01,1.4,0.0072288439377565,235.186
2015-03-27,0.2368561349514797,15.07,1.95,1.37,0.0072288439377565,235.186
2015-03-30,1.223664518739653,14.51,1.96,1.38,0.0072288439377565,235.186
2015-03-31,-0.8795775050879251,15.29,1.94,1.38,0.0072288439377565,235.186
2015-04-01,-0.3965371271123064,15.11,1.87,1.32,0.0072288439377565,235.186
2015-04-02,0.35296669586522,14.67,1.92,1.37,0.0072288439377565,235.186
2015-04-06,0.660881512373579,14.74,1.92,1.41,0.0072288439377565,235.186
2015-04-07,-0.2061904057862884,14.78,1.89,1.37,0.0072288439377565,235.186
2015-04-08,0.2682533127767339,13.98,1.92,1.38,0.0072288439377565,235.186
2015-04-09,0.4457481018385056,13.09,1.97,1.41,0.0072288439377565,235.186
2015-04-10,0.5202865037342352,12.58,1.96,1.39,0.0072288439377565,235.186
2015-04-13,-0.458128059365126,13.94,1.94,1.4,0.0072288439377565,235.186
2015-04-14,0.1629758874327702,13.67,1.9,1.37,0.0072288439377565,235.186
2015-04-15,0.5148195696902835,12.84,1.91,1.4,0.0072288439377565,235.186
2015-04-16,-0.0778443613424717,12.6,1.9,1.4,0.0072288439377565,235.186
2015-04-17,-1.1311245518606403,13.89,1.87,1.36,0.242804111086059,235.74
2015-04-20,0.9235131672624686,13.3,1.9,1.35,0.0424376167034612,235.74
2015-04-21,-0.1480605325576256,13.25,1.92,1.37,0.0424376167034612,235.74
2015-04-22,0.5087480356207541,12.71,1.99,1.42,0.0424376167034612,235.74
2015-04-23,0.2357715893671175,12.48,1.96,1.41,0.0424376167034612,235.74
2015-04-24,0.2252800575326619,12.29,1.93,1.39,0.0424376167034612,235.74
2015-04-27,-0.4141314249916261,13.12,1.94,1.4,0.0424376167034612,235.74
2015-04-28,0.2769231695356478,12.41,2.0,1.44,0.0424376167034612,235.74
2015-04-29,-0.3740335580798004,13.39,2.06,1.5,0.0424376167034612,235.74
2015-04-30,-1.0128906614839228,14.55,2.05,1.47,0.0424376167034612,235.74
2015-05-01,1.0923001659165044,12.7,2.12,1.52,0.0424376167034612,235.74
2015-05-04,0.2940748690645867,12.85,2.16,1.56,0.0424376167034612,235.74
2015-05-05,-1.1837383677612334,14.31,2.19,1.57,0.0424376167034612,235.74
2015-05-06,-0.4455724813014705,15.15,2.25,1.6,0.0424376167034612,235.74
2015-05-07,0.3773813438832096,15.13,2.18,1.55,0.0424376167034612,235.74
2015-05-08,1.3457901176364917,12.86,2.16,1.57,0.0424376167034612,235.74
2015-05-11,-0.5089560528435566,13.85,2.28,1.66,0.0424376167034612,235.74
2015-05-12,-0.2949637684856787,13.86,2.28,1.67,0.0424376167034612,235.74
2015-05-13,-0.0304954782486488,13.76,2.27,1.68,0.0424376167034612,235.74
2015-05-14,1.0779286625573148,12.74,2.23,1.67,0.0424376167034612,235.74
2015-05-15,0.0768413906680365,12.38,2.14,1.59,0.0424376167034612,235.74
2015-05-18,0.3047948049283322,12.73,2.23,1.65,0.0424376167034612,235.74
2015-05-19,-0.0643374543626618,12.85,2.27,1.64,-0.2175624539690224,235.74
2015-05-20,-0.09305162517933,12.88,2.26,1.66,-0.2175624539690224,235.74
2015-05-21,0.2337874485413893,12.11,2.19,1.59,-0.2175624539690224,235.74
2015-05-22,-0.2233886303356413,12.13,2.21,1.57,-0.1151303258357439,235.982
2015-05-26,-1.028198019783788,14.06,2.14,1.5,-0.1151303258357439,235.982
2015-05-27,0.9162641262365544,13.27,2.14,1.5,-0.1151303258357439,235.982
2015-05-28,-0.1266760897673413,13.31,2.13,1.51,-0.1151303258357439,235.982
2015-05-29,-0.6318469173072216,13.84,2.12,1.51,-0.1151303258357439,235.982
2015-06-01,0.2059461282371222,13.97,2.19,1.55,-0.1151303258357439,235.982
2015-06-02,-0.1008596189948085,14.24,2.27,1.63,-0.1151303258357439,235.982
2015-06-03,0.2118871111207898,13.66,2.38,1.69,-0.1151303258357439,235.982
2015-06-04,-0.8623167576889856,14.71,2.31,1.65,-0.1151303258357439,235.982
2015-06-05,-0.1436182933524543,14.21,2.41,1.68,-0.1151303258357439,235.982
2015-06-08,-0.6474509789282434,15.29,2.39,1.69,-0.1151303258357439,235.982
2015-06-09,0.0418353004221883,14.47,2.42,1.7,-0.1151303258357439,235.982
2015-06-10,1.2042424827124476,13.22,2.5,1.75,-0.1151303258357439,235.982
2015-06-11,0.173862641786715,12.85,2.39,1.66,-0.1151303258357439,235.982
2015-06-12,-0.6994299881765143,13.78,2.39,1.65,-0.1151303258357439,235.982
2015-06-15,-0.4622572493653387,15.39,2.36,1.64,-0.1151303258357439,235.982
2015-06-16,0.56898566086796,14.81,2.32,1.61,-0.1151303258357439,235.982
2015-06-17,0.1979641302692014,14.5,2.32,1.65,-0.1151303258357439,235.982
2015-06-18,0.9902710578908236,13.19,2.35,1.69,0.3288833204940555,237.031
2015-06-19,-0.530350174982186,13.96,2.26,1.61,-0.0219332470063227,237.031
2015-06-22,0.6094866554531064,12.74,2.37,1.69,-0.0219332470063227,237.031
2015-06-23,0.0635868503911396,12.11,2.42,1.72,-0.0219332470063227,237.031
2015-06-24,-0.735329696164333,13.26,2.38,1.7,-0.0219332470063227,237.031
2015-06-25,-0.2973574300685566,14.01,2.4,1.72,-0.0219332470063227,237.031
2015-06-26,-0.039007964406712,14.02,2.49,1.77,-0.0219332470063227,237.031
2015-06-29,-2.086619391956246,18.85,2.33,1.69,-0.0219332470063227,237.031
2015-06-30,0.2658489886146142,18.23,2.35,1.71,-0.0219332470063227,237.031
2015-07-01,0.6936040108400654,16.09,2.43,1.74,-0.0219332470063227,237.031
2015-07-02,-0.030802274079833,16.79,2.4,1.76,-0.0219332470063227,237.031
2015-07-06,-0.3861756863082544,17.01,2.3,1.7,-0.0219332470063227,237.031
2015-07-07,0.608097510857486,16.09,2.27,1.69,-0.0219332470063227,237.031
2015-07-08,-1.6652749054007043,19.66,2.22,1.67,-0.0219332470063227,237.031
2015-07-09,0.2262202572609117,19.97,2.32,1.72,-0.0219332470063227,237.031
2015-07-10,1.2338485100151564,16.83,2.42,1.77,-0.0219332470063227,237.031
2015-07-13,1.1066049239604414,13.9,2.44,1.75,-0.0219332470063227,237.031
2015-07-14,0.4453159211633695,13.37,2.41,1.75,-0.0219332470063227,237.031
2015-07-15,-0.0734986066058041,13.23,2.36,1.72,-0.0219332470063227,237.031
2015-07-16,0.8014680412562258,12.11,2.36,1.69,-0.0219332470063227,237.031
2015-07-17,0.1106182994042637,11.95,2.34,1.66,0.2965206277970145,237.786
2015-07-20,0.077123387202227,12.25,2.38,1.67,0.2965206277970145,237.786
2015-07-21,-0.4261689361606979,12.22,2.35,1.64,0.2965206277970145,237.786
2015-07-22,-0.2387709895206202,12.12,2.33,1.58,0.2965206277970145,237.786
2015-07-23,-0.5676040278268291,12.64,2.28,1.57,0.2965206277970145,237.786
2015-07-24,-1.070332804283558,13.74,2.27,1.57,0.0391260996327247,237.786
2015-07-27,-0.5775015185050969,15.6,2.23,1.55,0.0391260996327247,237.786
2015-07-28,1.2386154626733423,13.44,2.26,1.57,0.0391260996327247,237.786
2015-07-29,0.7318795346650031,12.5,2.29,1.59,0.0391260996327247,237.786
2015-07-30,0.0028367306366794,12.13,2.28,1.56,0.0391260996327247,237.786
2015-07-31,-0.2271519985995063,12.12,2.2,1.53,0.0391260996327247,237.786
2015-08-03,-0.2756886733696673,12.56,2.16,1.48,0.0391260996327247,237.786
2015-08-04,-0.2249704779339723,13.0,2.23,1.49,0.0391260996327247,237.786
2015-08-05,0.3114678748749488,12.51,2.28,1.55,0.0391260996327247,237.786
2015-08-06,-0.775298528243118,13.77,2.23,1.52,0.0391260996327247,237.786
2015-08-07,-0.2874882444434012,13.39,2.18,1.45,0.0391260996327247,237.786
2015-08-10,1.280816646644478,12.23,2.24,1.51,0.0391260996327247,237.786
2015-08-11,-0.955710249815489,13.71,2.15,1.47,0.0391260996327247,237.786
2015-08-12,0.0950054654500487,13.61,2.14,1.47,0.0391260996327247,237.786
2015-08-13,-0.1275212093542199,13.49,2.19,1.47,0.0391260996327247,237.786
2015-08-14,0.3911964108786803,12.83,2.2,1.47,0.0391260996327247,237.786
2015-08-17,0.521142418513576,13.02,2.16,1.44,0.0391260996327247,237.786
2015-08-18,-0.2625530186397551,13.79,2.2,1.46,0.0391260996327247,237.786
2015-08-19,-0.8254876246131082,15.25,2.12,1.45,0.1708085639879897,238.099
2015-08-20,-2.1100170073477758,19.14,2.09,1.4,0.1708085639879897,238.099
2015-08-21,-3.1850965718637325,28.03,2.05,1.41,0.0798624684227977,238.099
2015-08-24,-3.941369286646568,40.74,2.01,1.42,0.0798624684227977,238.099
2015-08-25,-1.352199497897244,36.02,2.12,1.45,0.0798624684227977,238.099
2015-08-26,3.903385877450183,30.32,2.18,1.51,0.0798624684227977,238.099
2015-08-27,2.429774862112533,26.1,2.18,1.5,0.0798624684227977,238.099
2015-08-28,0.0608736361698447,26.05,2.19,1.47,0.0798624684227977,238.099
2015-08-31,-0.8391670369217175,28.43,2.21,1.47,0.0798624684227977,238.099
2015-09-01,-2.95764466409868,31.4,2.17,1.47,0.0798624684227977,238.099
2015-09-02,1.8292975004431389,26.09,2.2,1.48,0.0798624684227977,238.099
2015-09-03,0.1164793545104458,25.61,2.18,1.47,0.0798624684227977,238.099
2015-09-04,-1.532959572393222,27.8,2.13,1.42,0.0798624684227977,238.099
2015-09-08,2.508305358648033,24.9,2.2,1.46,0.0798624684227977,238.099
2015-09-09,-1.389756050907287,26.23,2.21,1.46,0.0798624684227977,238.099
2015-09-10,0.5277955033794246,24.37,2.23,1.48,0.0798624684227977,238.099
2015-09-11,0.4487043210972707,23.2,2.2,1.49,0.0798624684227977,238.099
2015-09-14,-0.4089655710746709,24.25,2.18,1.45,0.0798624684227977,238.099
2015-09-15,1.283131142251781,22.54,2.28,1.46,0.0798624684227977,238.099
2015-09-16,0.8705414349693852,21.35,2.3,1.48,0.0092472331858051,237.931
2015-09-17,-0.2561059320011938,21.14,2.21,1.51,0.0092472331858051,237.931
2015-09-18,-1.6164165744279924,22.28,2.13,1.44,0.0092472331858051,237.931
2015-09-21,0.4565783605198437,20.14,2.2,1.48,0.2118536988055419,237.931
2015-09-22,-1.2318429274285614,22.44,2.14,1.45,0.2118536988055419,237.931
2015-09-23,-0.2048642890328245,22.13,2.16,1.46,0.2118536988055419,237.931
2015-09-24,-0.3362984329369434,23.47,2.13,1.46,0.2118536988055419,237.931
2015-09-25,-0.0465793285829518,23.62,2.17,1.47,0.2118536988055419,237.931
2015-09-28,-2.566609046896018,27.63,2.1,1.43,0.2118536988055419,237.931
2015-09-29,0.1232853252514099,26.83,2.05,1.41,0.2118536988055419,237.931
2015-09-30,1.9075555906861608,24.5,2.06,1.42,0.2118536988055419,237.931
2015-10-01,0.1973884228037459,22.55,2.05,1.41,0.2118536988055419,237.931
2015-10-02,1.4315289284541954,20.94,1.99,1.41,0.2118536988055419,237.931
2015-10-05,1.8289840800508328,19.54,2.07,1.46,0.2118536988055419,237.931
2015-10-06,-0.3588236183088344,19.4,2.05,1.44,0.2118536988055419,237.931
2015-10-07,0.8035633639867479,18.4,2.08,1.43,0.2118536988055419,237.931
2015-10-08,0.8818435459823082,17.42,2.12,1.47,0.2118536988055419,237.931
2015-10-09,0.0725111326717931,17.08,2.12,1.47,0.2118536988055419,237.931
2015-10-13,-0.6825423947869114,17.67,2.06,1.42,0.2118536988055419,237.931
2015-10-14,-0.4716274198213854,18.03,1.99,1.42,0.2118536988055419,237.931
2015-10-15,1.485277361914017,16.05,2.04,1.43,0.0581228835689229,237.566
2015-10-16,0.4570474275370051,15.05,2.04,1.43,0.0581228835689229,237.566
2015-10-19,0.0270545534716726,14.98,2.04,1.43,0.0581228835689229,237.566
2015-10-20,-0.1421090349352893,15.75,2.08,1.42,0.0581228835689229,237.566
2015-10-21,-0.5825414995899281,16.7,2.04,1.4,0.0581228835689229,237.566
2015-10-22,1.662757156411132,14.45,2.04,1.43,0.0581228835689229,237.566
2015-10-23,1.103034453932339,14.46,2.09,1.43,0.0581228835689229,237.566
2015-10-26,-0.1913100686673829,15.29,2.07,1.41,-0.0281947372629209,237.566
2015-10-27,-0.2554118539720318,15.43,2.05,1.4,-0.0281947372629209,237.566
2015-10-28,1.184003327863703,14.33,2.1,1.37,-0.0281947372629209,237.566
2015-10-29,-0.044977420190484,14.61,2.19,1.44,-0.0281947372629209,237.566
2015-10-30,-0.4809877003672413,15.07,2.16,1.41,-0.0281947372629209,237.566
2015-11-02,1.1873817006551102,14.15,2.2,1.43,-0.0281947372629209,237.566
2015-11-03,0.2728067346863705,14.54,2.23,1.43,-0.0281947372629209,237.566
2015-11-04,-0.3545367230984642,15.51,2.25,1.41,-0.0281947372629209,237.566
2015-11-05,-0.1132148392381848,15.05,2.26,1.41,-0.0281947372629209,237.566
2015-11-06,-0.0347621345717752,14.33,2.34,1.44,-0.0281947372629209,237.566
2015-11-09,-0.9822729385718598,16.52,2.36,1.47,-0.0281947372629209,237.566
2015-11-10,0.1510594954300392,15.29,2.32,1.45,-0.0281947372629209,237.566
2015-11-12,-1.3990375564759017,18.37,2.32,1.43,-0.0281947372629209,237.566
2015-11-13,-1.1207364706699363,20.08,2.28,1.42,-0.0281947372629209,237.566
2015-11-16,1.4903265264943455,18.16,2.27,1.39,-0.0281947372629209,237.566
2015-11-17,-0.133937924813543,18.84,2.25,1.39,0.1721141423960404,238.042
2015-11-18,1.616245179852549,16.85,2.27,1.37,0.1721141423960404,238.042
2015-11-19,-0.112310916925773,16.99,2.24,1.33,0.1721141423960404,238.042
2015-11-20,0.3810195689989637,15.47,2.26,1.33,0.1721141423960404,238.042
2015-11-23,-0.1234860772866053,15.62,2.25,1.31,0.1721141423960404,238.042
2015-11-24,0.1221995974340028,15.93,2.24,1.31,0.1683204147415073,238.042
2015-11-25,-0.0129132276676879,15.19,2.23,1.3,0.1683204147415073,238.042
2015-11-27,0.0593617680760605,15.12,2.22,1.3,0.1683204147415073,238.042
2015-11-30,-0.4640997274763192,16.13,2.21,1.27,0.1683204147415073,238.042
2015-12-01,1.068057336863748,14.67,2.15,1.24,0.1683204147415073,238.042
2015-12-02,-1.0995693172566212,15.91,2.18,1.24,0.1683204147415073,238.042
2015-12-03,-1.4373526666262015,18.11,2.33,1.37,0.1683204147415073,238.042
2015-12-04,2.05256690573854,14.81,2.28,1.32,0.1683204147415073,238.042
2015-12-07,-0.6989502964787397,15.84,2.23,1.29,0.1683204147415073,238.042
2015-12-08,-0.6489901652377839,17.6,2.24,1.3,0.1683204147415073,238.042
2015-12-09,-0.7738985017979982,19.61,2.22,1.29,0.1683204147415073,238.042
2015-12-10,0.2251387153161088,19.34,2.24,1.29,0.1683204147415073,238.042
2015-12-11,-1.9422767297482932,24.39,2.13,1.25,0.1683204147415073,238.042
2015-12-14,0.4755560017433602,22.73,2.23,1.26,0.1683204147415073,238.042
2015-12-15,1.0618561082731848,20.95,2.28,1.3,0.1973556862844061,238.111
2015-12-16,1.4514969430300615,17.86,2.3,1.28,0.1973556862844061,238.111
2015-12-17,-1.5040520909943678,18.94,2.24,1.24,0.1973556862844061,238.111
2015-12-18,-1.779722000676387,20.7,2.19,1.22,0.1973556862844061,238.111
2015-12-21,0.7778402536028795,18.7,2.2,1.24,0.4552127982719645,238.111
2015-12-22,0.8816736053143037,16.6,2.24,1.25,0.4552127982719645,238.111
2015-12-23,1.241806830075265,15.57,2.27,1.26,0.4552127982719645,238.111
2015-12-24,-0.1598636221499028,15.74,2.25,1.22,0.4552127982719645,238.111
2015-12-28,-0.217855994238203,16.91,2.24,1.19,0.4552127982719645,238.111
2015-12-29,1.0629762908764828,16.08,2.32,1.23,0.4552127982719645,238.111
2015-12-30,-0.7217228595965963,17.29,2.31,1.23,0.4552127982719645,238.111
2015-12-31,-0.941191309542666,18.21,2.27,1.21,0.4552127982719645,238.111
