{
  "period_statistics": {
    "2020": {
      "n_samples": 92,
      "entropy_mean": 2.6322667598724365,
      "entropy_std": 0.34441545605659485,
      "attention_concentration": 0.06385129690170288,
      "top_features": [
        [
          "t-1",
          0.12648902833461761
        ],
        [
          "t-2",
          0.1019073873758316
        ],
        [
          "t-3",
          0.08331340551376343
        ],
        [
          "t-4",
          0.06999359279870987
        ],
        [
          "t-5",
          0.060220807790756226
        ]
      ],
      "mean_attention": [
        0.02054787240922451,
        0.023128703236579895,
        0.02572447620332241,
        0.028983283787965775,
        0.032325126230716705,
        0.03528263047337532,
        0.037826284766197205,
        0.03963935002684593,
        0.04107854515314102,
        0.041823018342256546,
        0.0424649678170681,
        0.04333071783185005,
        0.04487881436944008,
        0.04798903316259384,
        0.053053006529808044,
        0.060220807790756226,
        0.06999359279870987,
        0.08331340551376343,
        0.1019073873758316,
        0.12648902833461761
      ],
      "std_attention": [
        0.022361857816576958,
        0.023243235424160957,
        0.023681122809648514,
        0.0252027977257967,
        0.02741679735481739,
        0.02917463891208172,
        0.030255816876888275,
        0.030443472787737846,
        0.030535859987139702,
        0.030174963176250458,
        0.030080804601311684,
        0.030252084136009216,
        0.030971942469477654,
        0.0323583260178566,
        0.03473735228180885,
        0.03842488303780556,
        0.04441453516483307,
        0.05467543005943298,
        0.07557497173547745,
        0.1103837862610817
      ]
    },
    "2021": {
      "n_samples": 250,
      "entropy_mean": 2.68326473236084,
      "entropy_std": 0.3708620071411133,
      "attention_concentration": 0.05297352001070976,
      "top_features": [
        [
          "t-1",
          0.0826098769903183
        ],
        [
          "t-2",
          0.07259391993284225
        ],
        [
          "t-3",
          0.06477577239274979
        ],
        [
          "t-4",
          0.05913500860333443
        ],
        [
          "t-5",
          0.0553826168179512
        ]
      ],
      "mean_attention": [
        0.030797192826867104,
        0.033507656306028366,
        0.036529164761304855,
        0.039517976343631744,
        0.04225333034992218,
        0.04442273825407028,
        0.04605597257614136,
        0.04712488502264023,
        0.04778829589486122,
        0.04802732542157173,
        0.04826437681913376,
        0.04849101975560188,
        0.049369942396879196,
        0.050735682249069214,
        0.05261729285120964,
        0.0553826168179512,
        0.05913500860333443,
        0.06477577239274979,
        0.07259391993284225,
        0.0826098769903183
      ],
      "std_attention": [
        0.02239438332617283,
        0.02630201168358326,
        0.02814726158976555,
        0.030435433611273766,
        0.03269270062446594,
        0.0344274565577507,
        0.035891853272914886,
        0.0366862490773201,
        0.0371994711458683,
        0.0373106524348259,
        0.03756501525640488,
        0.03775600343942642,
        0.03883170709013939,
        0.0410543717443943,
        0.04398774728178978,
        0.04793136566877365,
        0.052771199494600296,
        0.06326719373464584,
        0.0832558423280716,
        0.10528839379549026
      ]
    },
    "2022": {
      "n_samples": 249,
      "entropy_mean": 2.7299699783325195,
      "entropy_std": 0.25804346799850464,
      "attention_concentration": 0.057241883128881454,
      "top_features": [
        [
          "t-1",
          0.09346458315849304
        ],
        [
          "t-2",
          0.08255079388618469
        ],
        [
          "t-3",
          0.07439266890287399
        ],
        [
          "t-4",
          0.06812214106321335
        ],
        [
          "t-5",
          0.06308629363775253
        ]
      ],
      "mean_attention": [
        0.02191450260579586,
        0.024291036650538445,
        0.026292558759450912,
        0.029511163011193275,
        0.03307206183671951,
        0.036478716880083084,
        0.039852675050497055,
        0.043155696243047714,
        0.04582124575972557,
        0.048116397112607956,
        0.05007413029670715,
        0.051753412932157516,
        0.053426261991262436,
        0.05573569983243942,
        0.05888793244957924,
        0.06308629363775253,
        0.06812214106321335,
        0.07439266890287399,
        0.08255079388618469,
        0.09346458315849304
      ],
      "std_attention": [
        0.022989459335803986,
        0.02083885669708252,
        0.020825669169425964,
        0.022321563214063644,
        0.02373281493782997,
        0.025062961503863335,
        0.026266422122716904,
        0.02759050577878952,
        0.028183551505208015,
        0.028019461780786514,
        0.02735610119998455,
        0.02687602862715721,
        0.02706122025847435,
        0.028292203322052956,
        0.03015383705496788,
        0.03315204381942749,
        0.03762035444378853,
        0.04474066570401192,
        0.05784138664603233,
        0.0821143090724945
      ]
    },
    "2023": {
      "n_samples": 249,
      "entropy_mean": 2.896545171737671,
      "entropy_std": 0.12365501374006271,
      "attention_concentration": 0.05061357840895653,
      "top_features": [
        [
          "t-1",
          0.05913378670811653
        ],
        [
          "t-2",
          0.057486824691295624
        ],
        [
          "t-3",
          0.056199390441179276
        ],
        [
          "t-4",
          0.05520479753613472
        ],
        [
          "t-5",
          0.05426491051912308
        ]
      ],
      "mean_attention": [
        0.03874550387263298,
        0.04005248472094536,
        0.04196462407708168,
        0.04397228732705116,
        0.04560760408639908,
        0.04697395861148834,
        0.048206835985183716,
        0.04914877936244011,
        0.0501546747982502,
        0.051012590527534485,
        0.05152712017297745,
        0.05188692733645439,
        0.05225216969847679,
        0.05276516079902649,
        0.053439509123563766,
        0.05426491051912308,
        0.05520479753613472,
        0.056199390441179276,
        0.057486824691295624,
        0.05913378670811653
      ],
      "std_attention": [
        0.017519427463412285,
        0.01757729798555374,
        0.01795700564980507,
        0.018579188734292984,
        0.01895119622349739,
        0.01924048736691475,
        0.019658418372273445,
        0.01977582648396492,
        0.020305119454860687,
        0.02063981629908085,
        0.020849183201789856,
        0.02100110799074173,
        0.021379221230745316,
        0.022047728300094604,
        0.02313671074807644,
        0.024795830249786377,
        0.026931338012218475,
        0.02951277792453766,
        0.033984046429395676,
        0.03982458636164665
      ]
    },
    "2024": {
      "n_samples": 250,
      "entropy_mean": 2.8127219676971436,
      "entropy_std": 0.41144484281539917,
      "attention_concentration": 0.05124202370643616,
      "top_features": [
        [
          "t-1",
          0.06718292832374573
        ],
        [
          "t-2",
          0.06379340589046478
        ],
        [
          "t-3",
          0.061435483396053314
        ],
        [
          "t-4",
          0.059168338775634766
        ],
        [
          "t-5",
          0.05680900439620018
        ]
      ],