{
  "period_statistics": {
    "2020": {
      "n_samples": 92,
      "entropy_mean": 2.994075298309326,
      "entropy_std": 0.0005734977312386036,
      "attention_concentration": 0.05001043528318405,
      "top_features": [
        [
          "t-20",
          0.05223299562931061
        ],
        [
          "t-19",
          0.05165259912610054
        ],
        [
          "t-18",
          0.050621286034584045
        ],
        [
          "t-17",
          0.05010606348514557
        ],
        [
          "t-16",
          0.04991620406508446
        ]
      ],
      "mean_attention": [
        0.05223299562931061,
        0.05165259912610054,
        0.050621286034584045,
        0.05010606348514557,
        0.04991620406508446,
        0.04987409710884094,
        0.049880847334861755,
        0.04989910498261452,
        0.0499069020152092,
        0.04991257190704346,
        0.049909379333257675,
        0.049899872392416,
        0.04988568276166916,
        0.04977712035179138,
        0.04966224357485771,
        0.0495649091899395,
        0.04947006329894066,
        0.049375731498003006,
        0.04927640035748482,
        0.049175925552845
      ],
      "std_attention": [
        0.0031394583638757467,
        0.0030347739811986685,
        0.002908042399212718,
        0.002799966838210821,
        0.0027258030604571104,
        0.002668278757482767,
        0.0026285829953849316,
        0.002601462882012129,
        0.0025782843586057425,
        0.0025677140802145004,
        0.002574644284322858,
        0.0025967606343328953,
        0.0026296349242329597,
        0.002693803980946541,
        0.0027661083731800318,
        0.0028239807579666376,
        0.0028669743333011866,
        0.0029070607852190733,
        0.0029467460699379444,
        0.0029810008127242327
      ]
    },
    "2021": {
      "n_samples": 250,
      "entropy_mean": 2.9927923679351807,
      "entropy_std": 0.0035568249877542257,
      "attention_concentration": 0.050047457218170166,
      "top_features": [
        [
          "t-20",
          0.05488329380750656
        ],
        [
          "t-19",
          0.05306384339928627
        ],
        [
          "t-18",
          0.05149777978658676
        ],
        [
          "t-17",
          0.050705377012491226
        ],
        [
          "t-16",
          0.050324756652116776
        ]
      ],
      "mean_attention": [
        0.05488329380750656,
        0.05306384339928627,
        0.05149777978658676,
        0.050705377012491226,
        0.050324756652116776,
        0.05011768639087677,
        0.04999161884188652,
        0.04988020658493042,
        0.04977385699748993,
        0.04967305436730385,
        0.04956706985831261,
        0.049451980739831924,
        0.04933469370007515,
        0.049225982278585434,
        0.04908924549818039,
        0.048954468220472336,
        0.04881385341286659,
        0.048677973449230194,
        0.04855059087276459,
        0.04842265322804451
      ],
      "std_attention": [
        0.004948195535689592,
        0.0043147555552423,
        0.003869015024974942,
        0.003597310045734048,
        0.0034277590457350016,
        0.00329997343942523,
        0.003209845395758748,
        0.0031317227985709906,
        0.0030758511275053024,
        0.0030577199067920446,
        0.003066027071326971,
        0.0030955092515796423,
        0.0031424423214048147,
        0.0031919293105602264,
        0.003301147138699889,
        0.0033989560324698687,
        0.003510325448587537,
        0.00362400128506124,
        0.0037319546099752188,
        0.003849168075248599
      ]
    },
    "2022": {
      "n_samples": 249,
      "entropy_mean": 2.991835594177246,
      "entropy_std": 0.0019178639631718397,
      "attention_concentration": 0.050047095865011215,
      "top_features": [
        [
          "t-20",
          0.05485090985894203
        ],
        [
          "t-19",
          0.052618831396102905
        ],
        [
          "t-18",
          0.05134650319814682
        ],
        [
          "t-17",
          0.050825878977775574
        ],
        [
          "t-16",
          0.05057010054588318
        ]
      ],
      "mean_attention": [
        0.05485090985894203,
        0.052618831396102905,
        0.05134650319814682,
        0.050825878977775574,
        0.05057010054588318,
        0.050409868359565735,
        0.05025429278612137,
        0.050106633454561234,
        0.04995563626289368,
        0.049793653190135956,
        0.04962925240397453,
        0.04947146773338318,
        0.04931381344795227,
        0.049180131405591965,
        0.04903095215559006,
        0.048853550106287,
        0.048691749572753906,
        0.04852980747818947,
        0.04836447536945343,
        0.04820254445075989
      ],
      "std_attention": [
        0.005748347379267216,
        0.004997336771339178,
        0.004485525190830231,
        0.004232876934111118,
        0.0040895454585552216,
        0.004005234222859144,
        0.0039354357868433,
        0.0038994562346488237,
        0.0038825408555567265,
        0.0038692785892635584,
        0.0038618692196905613,
        0.0038669928908348083,
        0.003876144764944911,
        0.003896536771208048,
        0.0038722220342606306,
        0.0039035899098962545,
        0.003903402481228113,
        0.003908651880919933,
        0.003916832152754068,
        0.003917757421731949
      ]
    },
    "2023": {
      "n_samples": 249,
      "entropy_mean": 2.983009099960327,
      "entropy_std": 0.0046208384446799755,
      "attention_concentration": 0.050016116350889206,
      "top_features": [
        [
          "t-20",
          0.05347072705626488
        ],
        [
          "t-19",
          0.05143111199140549
        ],
        [
          "t-18",
          0.05023061856627464
        ],
        [
          "t-17",
          0.049865901470184326
        ],
        [
          "t-14",
          0.04985738918185234
        ]
      ],
      "mean_attention": [
        0.05347072705626488,
        0.05143111199140549,
        0.05023061856627464,
        0.049865901470184326,
        0.04981778934597969,
        0.04983977973461151,
        0.04985738918185234,
        0.049850866198539734,
        0.049830205738544464,
        0.04980211704969406,
        0.04977520555257797,
        0.0497455969452858,
        0.049706559628248215,
        0.049666669219732285,
        0.04966859146952629,
        0.049644943326711655,
        0.049562789499759674,
        0.04948348179459572,
        0.049410413950681686,
        0.049339186400175095
      ],
      "std_attention": [
        0.009734353981912136,
        0.00901227630674839,
        0.008441557176411152,
        0.00810960866510868,
        0.007895467802882195,
        0.007737273350358009,
        0.007611675187945366,
        0.007512703537940979,
        0.007439751643687487,
        0.007395940832793713,
        0.007379703223705292,
        0.007384724915027618,
        0.007405162323266268,
        0.00744221406057477,
        0.007497952785342932,
        0.007524237968027592,
        0.007627531886100769,
        0.007742070127278566,
        0.007872257381677628,
        0.00803195871412754
      ]
    },
    "2024": {
      "n_samples": 250,
      "entropy_mean": 2.9839460849761963,
      "entropy_std": 0.006948917172849178,
      "attention_concentration": 0.0500316247344017,
      "top_features": [
        [
          "t-20",
          0.05382172018289566
        ],
        [
          "t-19",
          0.0520540326833725
        ],
        [
          "t-18",
          0.05093930661678314
        ],
        [
          "t-17",
          0.05055886134505272
        ],
        [
          "t-16",
          0.05046206712722778
        ]
      ],