{
  "evaluation_timestamp": "2025-10-22T21:55:01.106765",
  "statistical_metrics": {
    "mse": 1.2290844917297363,
    "rmse": 1.1086407899856567,
    "mae": 0.7959379553794861,
    "mape": 370.2400207519531,
    "r2": -0.04446303844451904,
    "mean_error": -0.22763223946094513,
    "std_error": 1.085019826889038
  },
  "financial_metrics": {
    "directional_accuracy": 0.53671875,
    "sharpe_ratio": 0.8329736080938573,
    "max_drawdown": -0.2524605989456177,
    "total_return": 0.9216080904006958,
    "hit_rate": 0.53671875,
    "num_trades": 1280,
    "precision": 0.53671875,
    "recall": 1.0,
    "f1_score": 0.6985256736146417,
    "confusion_matrix": [
      [
        0,
        593
      ],
      [
        0,
        687
      ]
    ],
    "auc_roc": 0.49494220539972655,
    "alpha": 0.0
  },
  "residual_diagnostics": {
    "normality_p_value": 5.445558289851179e-40,
    "acf_lag1": -0.035750988859068925,
    "skewness": 0.0804051609897912,
    "kurtosis": 6.503551378966675
  },
  "checkpoint_used": "experiments/staleness_fixed_h16_drop0.25_seed999/checkpoints/tft-epoch=02-val_loss=0.1369.ckpt"
}