{
  "evaluation_timestamp": "2025-10-27T12:03:06.117623",
  "statistical_metrics": {
    "mse": 1.2290844917297363,
    "rmse": 1.1086407899856567,
    "mae": 0.7959378957748413,
    "mape": 370.2400207519531,
    "r2": -0.04446303844451904,
    "mean_error": -0.22763223946094513,
    "std_error": 1.085019826889038
  },
  "financial_metrics": {
    "directional_accuracy": 0.53671875,
    "sharpe_ratio": 0.8329736080938573,
    "max_drawdown": -0.2524605989456177,
    "total_return": 0.9216080904006958,
    "hit_rate": 0.53671875,
    "num_trades": 1280,
    "precision": 0.53671875,
    "recall": 1.0,
    "f1_score": 0.6985256736146417,
    "confusion_matrix": [
      [
        0,
        593
      ],
      [
        0,
        687
      ]
    ],
    "auc_roc": 0.49494220539972655,
    "alpha": 0.0
  },
  "residual_diagnostics": {
    "normality_p_value": 5.44556048053641e-40,
    "acf_lag1": -0.03575099930639476,
    "skewness": 0.08040513765859081,
    "kurtosis": 6.503551378966675
  },
  "mode_stats": {
    "healthy_days": 29,
    "degraded_days": 1,
    "unidirectional_days": 124,
    "weak_collapse_days": 950,
    "strong_collapse_days": 176,
    "total_days": 1280,
    "healthy_pct": 2.265625,
    "degraded_pct": 0.078125,
    "unidirectional_pct": 9.6875,
    "weak_collapse_pct": 74.21875,
    "strong_collapse_pct": 13.750000000000002
  },
  "collapse_detected": true,
  "degradation_detected": true,
  "checkpoint_used": "experiments/01_staleness_features_fixed/staleness_fixed_h16_drop0.25_seed999/checkpoints/tft-epoch=02-val_loss=0.1369.ckpt"
}