{
  "evaluation_timestamp": "2025-10-30T03:32:30.841097",
  "statistical_metrics": {
    "mse": 1.1793535947799683,
    "rmse": 1.0859805345535278,
    "mae": 0.774996817111969,
    "mape": 135.04559993743896,
    "r2": -0.002202272415161133,
    "mean_error": -0.009933913126587868,
    "std_error": 1.085935115814209
  },
  "financial_metrics": {
    "directional_accuracy": 0.53671875,
    "sharpe_ratio": 0.8329736080938573,
    "max_drawdown": -0.2524605989456177,
    "total_return": 0.9216080904006958,
    "hit_rate": 0.53671875,
    "num_trades": 1280,
    "precision": 0.53671875,
    "recall": 1.0,
    "f1_score": 0.6985256736146417,
    "confusion_matrix": [
      [
        0,
        593
      ],
      [
        0,
        687
      ]
    ],
    "auc_roc": 0.46447270558259757,
    "alpha": 0.0
  },
  "residual_diagnostics": {
    "normality_p_value": 5.916444846957541e-39,
    "acf_lag1": -0.03202131265537888,
    "skewness": -0.00923363107615194,
    "kurtosis": 6.326403038402422
  },
  "mode_stats": {
    "healthy_days": 29,
    "degraded_days": 1,
    "unidirectional_days": 1096,
    "weak_collapse_days": 154,
    "strong_collapse_days": 0,
    "total_days": 1280,
    "healthy_pct": 2.265625,
    "degraded_pct": 0.078125,
    "unidirectional_pct": 85.625,
    "weak_collapse_pct": 12.03125,
    "strong_collapse_pct": 0.0
  },
  "collapse_detected": true,
  "degradation_detected": true,
  "checkpoint_used": "experiments/01_staleness_features_fixed/sweep_stale_h20_drop0.35_lr3/checkpoints/tft-epoch=72-val_loss=0.4039.ckpt"
}