{
  "evaluation_timestamp": "2025-10-27T12:05:21.050254",
  "statistical_metrics": {
    "mse": 1.1807286739349365,
    "rmse": 1.086613416671753,
    "mae": 0.7755461931228638,
    "mape": 106.2669038772583,
    "r2": -0.0033707618713378906,
    "mean_error": 0.05107396841049194,
    "std_error": 1.0854123830795288
  },
  "financial_metrics": {
    "directional_accuracy": 0.46953125,
    "sharpe_ratio": 0.28823813632227707,
    "max_drawdown": -0.2524602711200714,
    "total_return": 0.165033221244812,
    "hit_rate": 0.2734375,
    "num_trades": 692,
    "precision": 0.5057803468208093,
    "recall": 0.5094614264919942,
    "f1_score": 0.5076142131979695,
    "confusion_matrix": [
      [
        251,
        342
      ],
      [
        337,
        350
      ]
    ],
    "auc_roc": 0.46873396810435175,
    "alpha": -0.7565748691558838
  },
  "residual_diagnostics": {
    "normality_p_value": 3.4780145014763997e-40,
    "acf_lag1": -0.03504933729628977,
    "skewness": 0.08004738044075689,
    "kurtosis": 6.551559999580316
  },
  "mode_stats": {
    "healthy_days": 29,
    "degraded_days": 15,
    "unidirectional_days": 91,
    "weak_collapse_days": 1145,
    "strong_collapse_days": 0,
    "total_days": 1280,
    "healthy_pct": 2.265625,
    "degraded_pct": 1.171875,
    "unidirectional_pct": 7.109375,
    "weak_collapse_pct": 89.453125,
    "strong_collapse_pct": 0.0
  },
  "collapse_detected": true,
  "degradation_detected": true,
  "checkpoint_used": "experiments/01_staleness_features_fixed/sweep_stale_h20_drop0.35_lr3/checkpoints/tft-epoch=03-val_loss=0.1762.ckpt"
}