{
  "evaluation_timestamp": "2025-10-22T23:16:45.661037",
  "statistical_metrics": {
    "mse": 1.1807286739349365,
    "rmse": 1.086613416671753,
    "mae": 0.7755461931228638,
    "mape": 106.26680850982666,
    "r2": -0.0033707618713378906,
    "mean_error": 0.05107388645410538,
    "std_error": 1.0854123830795288
  },
  "financial_metrics": {
    "directional_accuracy": 0.46953125,
    "sharpe_ratio": 0.28823813632227707,
    "max_drawdown": -0.2524602711200714,
    "total_return": 0.165033221244812,
    "hit_rate": 0.2734375,
    "num_trades": 692,
    "precision": 0.5057803468208093,
    "recall": 0.5094614264919942,
    "f1_score": 0.5076142131979695,
    "confusion_matrix": [
      [
        251,
        342
      ],
      [
        337,
        350
      ]
    ],
    "auc_roc": 0.46873396810435186,
    "alpha": -0.7565748691558838
  },
  "residual_diagnostics": {
    "normality_p_value": 3.4780530129506214e-40,
    "acf_lag1": -0.03504933352371302,
    "skewness": 0.08004749114376333,
    "kurtosis": 6.551558625376936
  },
  "checkpoint_used": "experiments/sweep_stale_h20_drop0.35_lr3/checkpoints/tft-epoch=03-val_loss=0.1762.ckpt"
}