{
  "evaluation_timestamp": "2025-10-30T03:28:48.842223",
  "statistical_metrics": {
    "mse": 1.1756092309951782,
    "rmse": 1.0842550992965698,
    "mae": 0.7729736566543579,
    "mape": 142.37301349639893,
    "r2": 0.0009796619415283203,
    "mean_error": -0.007888893596827984,
    "std_error": 1.0842264890670776
  },
  "financial_metrics": {
    "directional_accuracy": 0.53671875,
    "sharpe_ratio": 0.8329736080938573,
    "max_drawdown": -0.2524605989456177,
    "total_return": 0.9216080904006958,
    "hit_rate": 0.53671875,
    "num_trades": 1280,
    "precision": 0.53671875,
    "recall": 1.0,
    "f1_score": 0.6985256736146417,
    "confusion_matrix": [
      [
        0,
        593
      ],
      [
        0,
        687
      ]
    ],
    "auc_roc": 0.4773694067861096,
    "alpha": 0.0
  },
  "residual_diagnostics": {
    "normality_p_value": 2.2370915267004e-39,
    "acf_lag1": -0.03486566013476025,
    "skewness": 0.021126702940303072,
    "kurtosis": 6.4232709648978386
  },
  "mode_stats": {
    "healthy_days": 30,
    "degraded_days": 0,
    "unidirectional_days": 1194,
    "weak_collapse_days": 42,
    "strong_collapse_days": 14,
    "total_days": 1280,
    "healthy_pct": 2.34375,
    "degraded_pct": 0.0,
    "unidirectional_pct": 93.28125,
    "weak_collapse_pct": 3.28125,
    "strong_collapse_pct": 1.09375
  },
  "collapse_detected": true,
  "degradation_detected": true,
  "checkpoint_used": "experiments/01_staleness_features_fixed/sweep_stale_h16_drop0.30_lr3/checkpoints/tft-epoch=97-val_loss=0.3989.ckpt"
}