{
  "evaluation_timestamp": "2025-10-22T23:16:01.218175",
  "statistical_metrics": {
    "mse": 1.1786867380142212,
    "rmse": 1.085673451423645,
    "mae": 0.7726027369499207,
    "mape": 145.80034017562866,
    "r2": -0.0016355514526367188,
    "mean_error": -0.0070366994477808475,
    "std_error": 1.0856505632400513
  },
  "financial_metrics": {
    "directional_accuracy": 0.528125,
    "sharpe_ratio": 0.712563037386907,
    "max_drawdown": -0.2524605989456177,
    "total_return": 0.7179447412490845,
    "hit_rate": 0.5234375,
    "num_trades": 1257,
    "precision": 0.5330151153540175,
    "recall": 0.975254730713246,
    "f1_score": 0.6893004115226337,
    "confusion_matrix": [
      [
        6,
        587
      ],
      [
        17,
        670
      ]
    ],
    "auc_roc": 0.5173003330952328,
    "alpha": -0.20366334915161133
  },
  "residual_diagnostics": {
    "normality_p_value": 1.1289136059370202e-40,
    "acf_lag1": -0.03494768735296652,
    "skewness": 0.11590608060975968,
    "kurtosis": 6.591301243532785
  },
  "checkpoint_used": "experiments/sweep_stale_h16_drop0.30_lr3/checkpoints/tft-epoch=01-val_loss=0.1483.ckpt"
}