{
  "evaluation_timestamp": "2025-10-27T12:04:21.932962",
  "statistical_metrics": {
    "mse": 1.1786867380142212,
    "rmse": 1.085673451423645,
    "mae": 0.7726027369499207,
    "mape": 145.8002805709839,
    "r2": -0.0016355514526367188,
    "mean_error": -0.007036635186523199,
    "std_error": 1.0856505632400513
  },
  "financial_metrics": {
    "directional_accuracy": 0.528125,
    "sharpe_ratio": 0.712563037386907,
    "max_drawdown": -0.2524605989456177,
    "total_return": 0.7179447412490845,
    "hit_rate": 0.5234375,
    "num_trades": 1257,
    "precision": 0.5330151153540175,
    "recall": 0.975254730713246,
    "f1_score": 0.6893004115226337,
    "confusion_matrix": [
      [
        6,
        587
      ],
      [
        17,
        670
      ]
    ],
    "auc_roc": 0.5173015604173877,
    "alpha": -0.20366334915161133
  },
  "residual_diagnostics": {
    "normality_p_value": 1.1289195904224162e-40,
    "acf_lag1": -0.03494768830191157,
    "skewness": 0.11590612719087162,
    "kurtosis": 6.591300557034035
  },
  "mode_stats": {
    "healthy_days": 41,
    "degraded_days": 69,
    "unidirectional_days": 942,
    "weak_collapse_days": 215,
    "strong_collapse_days": 13,
    "total_days": 1280,
    "healthy_pct": 3.2031249999999996,
    "degraded_pct": 5.390625,
    "unidirectional_pct": 73.59375,
    "weak_collapse_pct": 16.796875,
    "strong_collapse_pct": 1.015625
  },
  "collapse_detected": true,
  "degradation_detected": true,
  "checkpoint_used": "experiments/01_staleness_features_fixed/sweep_stale_h16_drop0.30_lr3/checkpoints/tft-epoch=01-val_loss=0.1483.ckpt"
}