{
  "evaluation_timestamp": "2025-10-30T03:31:02.745392",
  "statistical_metrics": {
    "mse": 1.1743847131729126,
    "rmse": 1.0836902856826782,
    "mae": 0.7732452750205994,
    "mape": 123.31066131591797,
    "r2": 0.00202023983001709,
    "mean_error": 0.007682141847908497,
    "std_error": 1.083662986755371
  },
  "financial_metrics": {
    "directional_accuracy": 0.52890625,
    "sharpe_ratio": 0.7791432483891337,
    "max_drawdown": -0.23544953763484955,
    "total_return": 0.8255109786987305,
    "hit_rate": 0.51875,
    "num_trades": 1244,
    "precision": 0.5337620578778135,
    "recall": 0.9665211062590975,
    "f1_score": 0.6877265665458312,
    "confusion_matrix": [
      [
        13,
        580
      ],
      [
        23,
        664
      ]
    ],
    "auc_roc": 0.48490516481709217,
    "alpha": -0.09609711170196533
  },
  "residual_diagnostics": {
    "normality_p_value": 8.328325479630697e-39,
    "acf_lag1": -0.029083799748194986,
    "skewness": -0.015485543089526627,
    "kurtosis": 6.289488897295113
  },
  "mode_stats": {
    "healthy_days": 406,
    "degraded_days": 43,
    "unidirectional_days": 776,
    "weak_collapse_days": 20,
    "strong_collapse_days": 35,
    "total_days": 1280,
    "healthy_pct": 31.71875,
    "degraded_pct": 3.359375,
    "unidirectional_pct": 60.62499999999999,
    "weak_collapse_pct": 1.5625,
    "strong_collapse_pct": 2.734375
  },
  "collapse_detected": true,
  "degradation_detected": true,
  "checkpoint_used": "experiments/01_staleness_features_fixed/sweep_stale_h18_drop0.35_lr5/checkpoints/tft-epoch=96-val_loss=0.3936.ckpt"
}