{
  "evaluation_timestamp": "2025-10-27T12:04:56.949875",
  "statistical_metrics": {
    "mse": 1.2022278308868408,
    "rmse": 1.096461534500122,
    "mae": 0.7834115624427795,
    "mape": 294.8408603668213,
    "r2": -0.021640539169311523,
    "mean_error": -0.16147232055664062,
    "std_error": 1.0845065116882324
  },
  "financial_metrics": {
    "directional_accuracy": 0.53671875,
    "sharpe_ratio": 0.8329736080938573,
    "max_drawdown": -0.2524605989456177,
    "total_return": 0.9216080904006958,
    "hit_rate": 0.53671875,
    "num_trades": 1280,
    "precision": 0.53671875,
    "recall": 1.0,
    "f1_score": 0.6985256736146417,
    "confusion_matrix": [
      [
        0,
        593
      ],
      [
        0,
        687
      ]
    ],
    "auc_roc": 0.5188749874199479,
    "alpha": 0.0
  },
  "residual_diagnostics": {
    "normality_p_value": 3.5071496088348392e-40,
    "acf_lag1": -0.03678792713837651,
    "skewness": 0.08389772385675164,
    "kurtosis": 6.543512422053386
  },
  "mode_stats": {
    "healthy_days": 29,
    "degraded_days": 0,
    "unidirectional_days": 216,
    "weak_collapse_days": 1035,
    "strong_collapse_days": 0,
    "total_days": 1280,
    "healthy_pct": 2.265625,
    "degraded_pct": 0.0,
    "unidirectional_pct": 16.875,
    "weak_collapse_pct": 80.859375,
    "strong_collapse_pct": 0.0
  },
  "collapse_detected": true,
  "degradation_detected": true,
  "checkpoint_used": "experiments/01_staleness_features_fixed/sweep_stale_h18_drop0.35_lr5/checkpoints/tft-epoch=00-val_loss=0.0784.ckpt"
}