{
  "evaluation_timestamp": "2025-10-30T03:12:23.189025",
  "statistical_metrics": {
    "mse": 1.1812355518341064,
    "rmse": 1.0868465900421143,
    "mae": 0.7753164172172546,
    "mape": 149.07766580581665,
    "r2": 0.0018708109855651855,
    "mean_error": -0.022905532270669937,
    "std_error": 1.086605191230774
  },
  "financial_metrics": {
    "directional_accuracy": 0.5346456692913386,
    "sharpe_ratio": 0.7914648875824186,
    "max_drawdown": -0.2524600923061371,
    "total_return": 0.8470276594161987,
    "hit_rate": 0.5346456692913386,
    "num_trades": 1270,
    "precision": 0.5346456692913386,
    "recall": 1.0,
    "f1_score": 0.6967675731144177,
    "confusion_matrix": [
      [
        0,
        591
      ],
      [
        0,
        679
      ]
    ],
    "auc_roc": 0.4697213230365148,
    "alpha": 0.0
  },
  "residual_diagnostics": {
    "normality_p_value": 4.899252881756201e-38,
    "acf_lag1": -0.03371371480777389,
    "skewness": -0.007959526298542487,
    "kurtosis": 6.175891711805235
  },
  "mode_stats": {
    "healthy_days": 30,
    "degraded_days": 0,
    "unidirectional_days": 974,
    "weak_collapse_days": 84,
    "strong_collapse_days": 182,
    "total_days": 1270,
    "healthy_pct": 2.3622047244094486,
    "degraded_pct": 0.0,
    "unidirectional_pct": 76.69291338582677,
    "weak_collapse_pct": 6.6141732283464565,
    "strong_collapse_pct": 14.330708661417324
  },
  "collapse_detected": true,
  "degradation_detected": true,
  "checkpoint_used": "experiments/00_baseline_exploration/sweep2_combo3/checkpoints/tft-epoch=97-val_loss=0.3973.ckpt"
}