{
  "evaluation_timestamp": "2025-10-16T23:55:16.910911",
  "statistical_metrics": {
    "mse": 1.2123850584030151,
    "rmse": 1.1010836362838745,
    "mae": 0.7851025462150574,
    "mape": 221.01569175720215,
    "r2": -0.024450063705444336,
    "mean_error": -0.13781562447547913,
    "std_error": 1.092424750328064
  },
  "financial_metrics": {
    "directional_accuracy": 0.5346456692913386,
    "sharpe_ratio": 0.7914648875824186,
    "max_drawdown": -0.2524600923061371,
    "total_return": 0.8470276594161987,
    "hit_rate": 0.5346456692913386,
    "num_trades": 1270,
    "precision": 0.5346456692913386,
    "recall": 1.0,
    "f1_score": 0.6967675731144177,
    "confusion_matrix": [
      [
        0,
        591
      ],
      [
        0,
        679
      ]
    ],
    "auc_roc": 0.47328733157400277,
    "alpha": 0.0
  },
  "residual_diagnostics": {
    "normality_p_value": 4.917707105595294e-39,
    "acf_lag1": -0.0283566160812798,
    "skewness": -0.10416058552959126,
    "kurtosis": 6.294131600292493
  },
  "checkpoint_used": "experiments/sweep2_combo3/checkpoints/tft-epoch=03-val_loss=0.1409.ckpt"
}