{
  "evaluation_timestamp": "2025-10-27T12:01:53.202318",
  "statistical_metrics": {
    "mse": 1.2123850584030151,
    "rmse": 1.1010836362838745,
    "mae": 0.7851025462150574,
    "mape": 221.0158109664917,
    "r2": -0.024450063705444336,
    "mean_error": -0.13781574368476868,
    "std_error": 1.092424750328064
  },
  "financial_metrics": {
    "directional_accuracy": 0.5346456692913386,
    "sharpe_ratio": 0.7914648875824186,
    "max_drawdown": -0.2524600923061371,
    "total_return": 0.8470276594161987,
    "hit_rate": 0.5346456692913386,
    "num_trades": 1270,
    "precision": 0.5346456692913386,
    "recall": 1.0,
    "f1_score": 0.6967675731144177,
    "confusion_matrix": [
      [
        0,
        591
      ],
      [
        0,
        679
      ]
    ],
    "auc_roc": 0.47328733157400277,
    "alpha": 0.0
  },
  "residual_diagnostics": {
    "normality_p_value": 4.9177120677714044e-39,
    "acf_lag1": -0.02835661755791961,
    "skewness": -0.10416053980967092,
    "kurtosis": 6.294131600292493
  },
  "mode_stats": {
    "healthy_days": 30,
    "degraded_days": 0,
    "unidirectional_days": 1134,
    "weak_collapse_days": 47,
    "strong_collapse_days": 59,
    "total_days": 1270,
    "healthy_pct": 2.3622047244094486,
    "degraded_pct": 0.0,
    "unidirectional_pct": 89.29133858267716,
    "weak_collapse_pct": 3.7007874015748032,
    "strong_collapse_pct": 4.645669291338582
  },
  "collapse_detected": true,
  "degradation_detected": true,
  "checkpoint_used": "experiments/00_baseline_exploration/sweep2_combo3/checkpoints/tft-epoch=03-val_loss=0.1409.ckpt"
}