{
  "evaluation_timestamp": "2025-10-27T12:01:24.389362",
  "statistical_metrics": {
    "mse": 1.2373031377792358,
    "rmse": 1.112341284751892,
    "mae": 0.7973648905754089,
    "mape": 378.493070602417,
    "r2": -0.051447272300720215,
    "mean_error": -0.23984375596046448,
    "std_error": 1.0861759185791016
  },
  "financial_metrics": {
    "directional_accuracy": 0.53671875,
    "sharpe_ratio": 0.8329736080938573,
    "max_drawdown": -0.2524605989456177,
    "total_return": 0.9216080904006958,
    "hit_rate": 0.53671875,
    "num_trades": 1280,
    "precision": 0.53671875,
    "recall": 1.0,
    "f1_score": 0.6985256736146417,
    "confusion_matrix": [
      [
        0,
        593
      ],
      [
        0,
        687
      ]
    ],
    "auc_roc": 0.4735278884413254,
    "alpha": 0.0
  },
  "residual_diagnostics": {
    "normality_p_value": 2.1820929737783805e-39,
    "acf_lag1": -0.032547429882457485,
    "skewness": 0.011625283816087023,
    "kurtosis": 6.429373583637936
  },
  "mode_stats": {
    "healthy_days": 30,
    "degraded_days": 0,
    "unidirectional_days": 1250,
    "weak_collapse_days": 0,
    "strong_collapse_days": 0,
    "total_days": 1280,
    "healthy_pct": 2.34375,
    "degraded_pct": 0.0,
    "unidirectional_pct": 97.65625,
    "weak_collapse_pct": 0.0,
    "strong_collapse_pct": 0.0
  },
  "collapse_detected": false,
  "degradation_detected": true,
  "checkpoint_used": "experiments/00_baseline_exploration/sweep_hidden_24/checkpoints/tft-epoch=00-val_loss=0.1056.ckpt"
}