{
  "evaluation_timestamp": "2025-10-30T03:21:33.198464",
  "statistical_metrics": {
    "mse": 1.1800470352172852,
    "rmse": 1.0862996578216553,
    "mae": 0.7725423574447632,
    "mape": 117.07942485809326,
    "r2": -0.0027915239334106445,
    "mean_error": 0.02849510684609413,
    "std_error": 1.0859259366989136
  },
  "financial_metrics": {
    "directional_accuracy": 0.51796875,
    "sharpe_ratio": 0.665468103398234,
    "max_drawdown": -0.18723198771476746,
    "total_return": 0.5284756422042847,
    "hit_rate": 0.37265625,
    "num_trades": 884,
    "precision": 0.5395927601809954,
    "recall": 0.6943231441048034,
    "f1_score": 0.6072565245066837,
    "confusion_matrix": [
      [
        186,
        407
      ],
      [
        210,
        477
      ]
    ],
    "auc_roc": 0.5131777579769803,
    "alpha": -0.39313244819641113
  },
  "residual_diagnostics": {
    "normality_p_value": 1.5348143719325603e-39,
    "acf_lag1": -0.023298735371608884,
    "skewness": 0.041522686086398294,
    "kurtosis": 6.4482511213995615
  },
  "mode_stats": {
    "healthy_days": 788,
    "degraded_days": 376,
    "unidirectional_days": 116,
    "weak_collapse_days": 0,
    "strong_collapse_days": 0,
    "total_days": 1280,
    "healthy_pct": 61.5625,
    "degraded_pct": 29.375,
    "unidirectional_pct": 9.0625,
    "weak_collapse_pct": 0.0,
    "strong_collapse_pct": 0.0
  },
  "collapse_detected": false,
  "degradation_detected": true,
  "checkpoint_used": "experiments/00_baseline_exploration/sweep_hidden_24/checkpoints/tft-epoch=66-val_loss=0.3966.ckpt"
}