{
  "evaluation_timestamp": "2025-10-22T23:16:51.602926",
  "statistical_metrics": {
    "mse": 1.18015456199646,
    "rmse": 1.0863492488861084,
    "mae": 0.7749375104904175,
    "mape": 125.56108236312866,
    "r2": -0.0028829574584960938,
    "mean_error": 0.04404579848051071,
    "std_error": 1.0854560136795044
  },
  "financial_metrics": {
    "directional_accuracy": 0.5109375,
    "sharpe_ratio": 0.7823652177406205,
    "max_drawdown": -0.20308434963226318,
    "total_return": 0.6651341915130615,
    "hit_rate": 0.3515625,
    "num_trades": 839,
    "precision": 0.5363528009535161,
    "recall": 0.6550218340611353,
    "f1_score": 0.5897771952817824,
    "confusion_matrix": [
      [
        204,
        389
      ],
      [
        237,
        450
      ]
    ],
    "auc_roc": 0.5065698554950895,
    "alpha": -0.2564738988876343
  },
  "residual_diagnostics": {
    "normality_p_value": 6.1285047677468e-40,
    "acf_lag1": -0.03478641617170141,
    "skewness": 0.09673364552339148,
    "kurtosis": 6.458601979331144
  },
  "checkpoint_used": "experiments/sweep_stale_h22_drop0.15_lr5/checkpoints/tft-epoch=01-val_loss=0.1330.ckpt"
}