{
  "evaluation_timestamp": "2025-10-27T12:05:29.027317",
  "statistical_metrics": {
    "mse": 1.18015456199646,
    "rmse": 1.0863492488861084,
    "mae": 0.7749374508857727,
    "mape": 125.56101083755493,
    "r2": -0.0028829574584960938,
    "mean_error": 0.04404588043689728,
    "std_error": 1.0854558944702148
  },
  "financial_metrics": {
    "directional_accuracy": 0.5109375,
    "sharpe_ratio": 0.7823652177406205,
    "max_drawdown": -0.20308434963226318,
    "total_return": 0.6651341915130615,
    "hit_rate": 0.3515625,
    "num_trades": 839,
    "precision": 0.5363528009535161,
    "recall": 0.6550218340611353,
    "f1_score": 0.5897771952817824,
    "confusion_matrix": [
      [
        204,
        389
      ],
      [
        237,
        450
      ]
    ],
    "auc_roc": 0.5065674008507797,
    "alpha": -0.2564738988876343
  },
  "residual_diagnostics": {
    "normality_p_value": 6.128407949683205e-40,
    "acf_lag1": -0.034786411363499456,
    "skewness": 0.0967335262115797,
    "kurtosis": 6.458603893334461
  },
  "mode_stats": {
    "healthy_days": 124,
    "degraded_days": 53,
    "unidirectional_days": 923,
    "weak_collapse_days": 180,
    "strong_collapse_days": 0,
    "total_days": 1280,
    "healthy_pct": 9.6875,
    "degraded_pct": 4.140625,
    "unidirectional_pct": 72.109375,
    "weak_collapse_pct": 14.0625,
    "strong_collapse_pct": 0.0
  },
  "collapse_detected": true,
  "degradation_detected": true,
  "checkpoint_used": "experiments/01_staleness_features_fixed/sweep_stale_h22_drop0.15_lr5/checkpoints/tft-epoch=01-val_loss=0.1330.ckpt"
}