{
  "evaluation_timestamp": "2025-10-30T03:32:59.417771",
  "statistical_metrics": {
    "mse": 1.179332971572876,
    "rmse": 1.0859709978103638,
    "mae": 0.7742129564285278,
    "mape": 150.59243440628052,
    "r2": -0.002184748649597168,
    "mean_error": -0.030355017632246017,
    "std_error": 1.085546612739563
  },
  "financial_metrics": {
    "directional_accuracy": 0.53671875,
    "sharpe_ratio": 0.8329736080938573,
    "max_drawdown": -0.2524605989456177,
    "total_return": 0.9216080904006958,
    "hit_rate": 0.53671875,
    "num_trades": 1280,
    "precision": 0.53671875,
    "recall": 1.0,
    "f1_score": 0.6985256736146417,
    "confusion_matrix": [
      [
        0,
        593
      ],
      [
        0,
        687
      ]
    ],
    "auc_roc": 0.4640946903588935,
    "alpha": 0.0
  },
  "residual_diagnostics": {
    "normality_p_value": 2.91051145201436e-39,
    "acf_lag1": -0.03205749427236612,
    "skewness": -0.0144656563773962,
    "kurtosis": 6.3985155308878525
  },
  "mode_stats": {
    "healthy_days": 30,
    "degraded_days": 0,
    "unidirectional_days": 1188,
    "weak_collapse_days": 59,
    "strong_collapse_days": 3,
    "total_days": 1280,
    "healthy_pct": 2.34375,
    "degraded_pct": 0.0,
    "unidirectional_pct": 92.8125,
    "weak_collapse_pct": 4.609375,
    "strong_collapse_pct": 0.234375
  },
  "collapse_detected": true,
  "degradation_detected": true,
  "checkpoint_used": "experiments/01_staleness_features_fixed/sweep_stale_h22_drop0.15_lr5/checkpoints/tft-epoch=56-val_loss=0.3969.ckpt"
}