{
  "evaluation_timestamp": "2025-10-30T03:11:36.174285",
  "statistical_metrics": {
    "mse": 21.161169052124023,
    "rmse": 4.600127220153809,
    "mae": 3.790424346923828,
    "mape": 536.9059085845947,
    "r2": -0.0019049644470214844,
    "mean_error": -0.25352805852890015,
    "std_error": 4.593135356903076
  },
  "financial_metrics": {
    "directional_accuracy": 0.6274509803921569,
    "sharpe_ratio": 3.274471076839194,
    "max_drawdown": -0.24769513309001923,
    "total_return": 0.5335338115692139,
    "hit_rate": 0.6274509803921569,
    "num_trades": 51,
    "precision": 0.6274509803921569,
    "recall": 1.0,
    "f1_score": 0.7710843373493976,
    "confusion_matrix": [
      [
        0,
        19
      ],
      [
        0,
        32
      ]
    ],
    "auc_roc": 0.5657894736842106,
    "alpha": 0.0
  },
  "residual_diagnostics": {
    "normality_p_value": 0.3229291226725497,
    "acf_lag1": -0.21619246011370205,
    "skewness": -0.38869404870340085,
    "kurtosis": -0.5957437601575144
  },
  "mode_stats": {
    "healthy_days": 30,
    "degraded_days": 0,
    "unidirectional_days": 21,
    "weak_collapse_days": 0,
    "strong_collapse_days": 0,
    "total_days": 51,
    "healthy_pct": 58.82352941176471,
    "degraded_pct": 0.0,
    "unidirectional_pct": 41.17647058823529,
    "weak_collapse_pct": 0.0,
    "strong_collapse_pct": 0.0
  },
  "collapse_detected": false,
  "degradation_detected": true,
  "checkpoint_used": "experiments/00_baseline_exploration/exp006_monthly/checkpoints/tft-epoch=63-val_loss=1.7203.ckpt"
}