{
  "evaluation_timestamp": "2025-10-27T12:00:46.825550",
  "statistical_metrics": {
    "mse": 21.188587188720703,
    "rmse": 4.6031060218811035,
    "mae": 3.803274631500244,
    "mape": 522.9626178741455,
    "r2": -0.003203153610229492,
    "mean_error": -0.1768924444913864,
    "std_error": 4.599706172943115
  },
  "financial_metrics": {
    "directional_accuracy": 0.6274509803921569,
    "sharpe_ratio": 3.274471076839194,
    "max_drawdown": -0.24769513309001923,
    "total_return": 0.5335338115692139,
    "hit_rate": 0.6274509803921569,
    "num_trades": 51,
    "precision": 0.6274509803921569,
    "recall": 1.0,
    "f1_score": 0.7710843373493976,
    "confusion_matrix": [
      [
        0,
        19
      ],
      [
        0,
        32
      ]
    ],
    "auc_roc": 0.5032894736842105,
    "alpha": 0.0
  },
  "residual_diagnostics": {
    "normality_p_value": 0.32046310330088246,
    "acf_lag1": -0.21344391090279005,
    "skewness": -0.3966070843048224,
    "kurtosis": -0.5864863534012046
  },
  "mode_stats": {
    "healthy_days": 30,
    "degraded_days": 0,
    "unidirectional_days": 21,
    "weak_collapse_days": 0,
    "strong_collapse_days": 0,
    "total_days": 51,
    "healthy_pct": 58.82352941176471,
    "degraded_pct": 0.0,
    "unidirectional_pct": 41.17647058823529,
    "weak_collapse_pct": 0.0,
    "strong_collapse_pct": 0.0
  },
  "collapse_detected": false,
  "degradation_detected": true,
  "checkpoint_used": "experiments/00_baseline_exploration/exp006_monthly/checkpoints/tft-epoch=48-val_loss=1.9104.ckpt"
}