{
  "experiment": "sweep2_combo1",
  "collapsed": true,
  "collapse_type": "always_positive",
  "predictions": {
    "mean": 0.0805368423461914,
    "std": 0.012225930579006672,
    "min": 0.034518126398324966,
    "max": 0.10700008273124695,
    "range": 0.07248196005821228,
    "pct_positive": 100.0,
    "pct_negative": 0.0,
    "num_unique": 1235
  },
  "hidden_size": 12,
  "total_params": 13985,
  "diagnosed_at": "2025-10-21T13:20:35.648157"
}