{
  "evaluation_timestamp": "2025-10-22T23:15:41.586504",
  "statistical_metrics": {
    "mse": 1.223707914352417,
    "rmse": 1.1062133312225342,
    "mae": 0.7931160926818848,
    "mape": 353.73663902282715,
    "r2": -0.0398942232131958,
    "mean_error": -0.2170373499393463,
    "std_error": 1.0847132205963135
  },
  "financial_metrics": {
    "directional_accuracy": 0.53671875,
    "sharpe_ratio": 0.8329736080938573,
    "max_drawdown": -0.2524605989456177,
    "total_return": 0.9216080904006958,
    "hit_rate": 0.53671875,
    "num_trades": 1280,
    "precision": 0.53671875,
    "recall": 1.0,
    "f1_score": 0.6985256736146417,
    "confusion_matrix": [
      [
        0,
        593
      ],
      [
        0,
        687
      ]
    ],
    "auc_roc": 0.4742802369222687,
    "alpha": 0.0
  },
  "residual_diagnostics": {
    "normality_p_value": 9.264717404704465e-40,
    "acf_lag1": -0.03591063228153382,
    "skewness": 0.06081186770678837,
    "kurtosis": 6.4789027190911135
  },
  "checkpoint_used": "experiments/sweep_stale_h14_drop0.30_lr3/checkpoints/tft-epoch=05-val_loss=0.1624.ckpt"
}