{
  "evaluation_timestamp": "2025-10-30T03:27:03.540725",
  "statistical_metrics": {
    "mse": 1.1741111278533936,
    "rmse": 1.083564043045044,
    "mae": 0.773769199848175,
    "mape": 111.64195537567139,
    "r2": 0.002252638339996338,
    "mean_error": 0.01749453879892826,
    "std_error": 1.0834228992462158
  },
  "financial_metrics": {
    "directional_accuracy": 0.51640625,
    "sharpe_ratio": 0.7869747220460185,
    "max_drawdown": -0.2129708081483841,
    "total_return": 0.8076337575912476,
    "hit_rate": 0.45859375,
    "num_trades": 1106,
    "precision": 0.530741410488246,
    "recall": 0.8544395924308588,
    "f1_score": 0.6547685443390965,
    "confusion_matrix": [
      [
        74,
        519
      ],
      [
        100,
        587
      ]
    ],
    "auc_roc": 0.4860932126630191,
    "alpha": -0.11397433280944824
  },
  "residual_diagnostics": {
    "normality_p_value": 1.2800266730261923e-38,
    "acf_lag1": -0.028105603006163476,
    "skewness": -0.031585424497698786,
    "kurtosis": 6.237111164594166
  },
  "mode_stats": {
    "healthy_days": 576,
    "degraded_days": 219,
    "unidirectional_days": 427,
    "weak_collapse_days": 56,
    "strong_collapse_days": 2,
    "total_days": 1280,
    "healthy_pct": 45.0,
    "degraded_pct": 17.109375,
    "unidirectional_pct": 33.359375,
    "weak_collapse_pct": 4.375,
    "strong_collapse_pct": 0.15625
  },
  "collapse_detected": true,
  "degradation_detected": true,
  "checkpoint_used": "experiments/01_staleness_features_fixed/sweep_stale_h14_drop0.30_lr3/checkpoints/tft-epoch=98-val_loss=0.3989.ckpt"
}