{
  "evaluation_timestamp": "2025-10-27T12:03:55.025592",
  "statistical_metrics": {
    "mse": 1.223707914352417,
    "rmse": 1.1062133312225342,
    "mae": 0.7931161522865295,
    "mape": 353.7367343902588,
    "r2": -0.0398942232131958,
    "mean_error": -0.21703743934631348,
    "std_error": 1.0847132205963135
  },
  "financial_metrics": {
    "directional_accuracy": 0.53671875,
    "sharpe_ratio": 0.8329736080938573,
    "max_drawdown": -0.2524605989456177,
    "total_return": 0.9216080904006958,
    "hit_rate": 0.53671875,
    "num_trades": 1280,
    "precision": 0.53671875,
    "recall": 1.0,
    "f1_score": 0.6985256736146417,
    "confusion_matrix": [
      [
        0,
        593
      ],
      [
        0,
        687
      ]
    ],
    "auc_roc": 0.4742802369222688,
    "alpha": 0.0
  },
  "residual_diagnostics": {
    "normality_p_value": 9.264728720236166e-40,
    "acf_lag1": -0.03591062799763177,
    "skewness": 0.06081177430282023,
    "kurtosis": 6.4789027190911135
  },
  "mode_stats": {
    "healthy_days": 29,
    "degraded_days": 1,
    "unidirectional_days": 240,
    "weak_collapse_days": 985,
    "strong_collapse_days": 25,
    "total_days": 1280,
    "healthy_pct": 2.265625,
    "degraded_pct": 0.078125,
    "unidirectional_pct": 18.75,
    "weak_collapse_pct": 76.953125,
    "strong_collapse_pct": 1.953125
  },
  "collapse_detected": true,
  "degradation_detected": true,
  "checkpoint_used": "experiments/01_staleness_features_fixed/sweep_stale_h14_drop0.30_lr3/checkpoints/tft-epoch=05-val_loss=0.1624.ckpt"
}