{
  "period_statistics": {
    "2020": {
      "n_samples": 92,
      "entropy_mean": 2.7893314361572266,
      "entropy_std": 0.14131523668766022,
      "attention_concentration": 0.053616806864738464,
      "top_features": [
        [
          "t-20",
          0.09525148570537567
        ],
        [
          "t-19",
          0.07666050642728806
        ],
        [
          "t-18",
          0.06211132928729057
        ],
        [
          "t-17",
          0.05344603955745697
        ],
        [
          "t-1",
          0.05185101926326752
        ]
      ],
      "mean_attention": [
        0.09525148570537567,
        0.07666050642728806,
        0.06211132928729057,
        0.05344603955745697,
        0.04800049588084221,
        0.04457405209541321,
        0.04245496913790703,
        0.04115736857056618,
        0.04090576618909836,
        0.04055272415280342,
        0.040525615215301514,
        0.04075981304049492,
        0.04117366671562195,
        0.04279138520359993,
        0.04456372931599617,
        0.04624117538332939,
        0.04753879830241203,
        0.049040842801332474,
        0.05039922147989273,
        0.05185101926326752
      ],
      "std_attention": [
        0.06719781458377838,
        0.05027179792523384,
        0.03737088665366173,
        0.029975008219480515,
        0.025402577593922615,
        0.022374242544174194,
        0.020340779796242714,
        0.019180240109562874,
        0.019799387082457542,
        0.019943419843912125,
        0.020651690661907196,
        0.021382058039307594,
        0.02229556255042553,
        0.02436104789376259,
        0.026610281318426132,
        0.029748231172561646,
        0.03227023035287857,
        0.035676904022693634,
        0.038887325674295425,
        0.04298011213541031
      ]
    },
    "2021": {
      "n_samples": 250,
      "entropy_mean": 2.528627395629883,
      "entropy_std": 0.2557430565357208,
      "attention_concentration": 0.06021040305495262,
      "top_features": [
        [
          "t-20",
          0.1414700150489807
        ],
        [
          "t-19",
          0.07753697037696838
        ],
        [
          "t-18",
          0.05649759992957115
        ],
        [
          "t-1",
          0.04910953342914581
        ],
        [
          "t-17",
          0.04793471843004227
        ]
      ],
      "mean_attention": [
        0.1414700150489807,
        0.07753697037696838,
        0.05649759992957115,
        0.04793471843004227,
        0.044095709919929504,
        0.042162783443927765,
        0.04110492020845413,
        0.04050310701131821,
        0.04030109941959381,
        0.040272582322359085,
        0.04041866958141327,
        0.040664661675691605,
        0.04104333743453026,
        0.04116632789373398,
        0.04155644029378891,
        0.041875116527080536,
        0.04274730384349823,
        0.04377805069088936,
        0.04576104134321213,
        0.04910953342914581
      ],
      "std_attention": [
        0.11636917293071747,
        0.07439523190259933,
        0.05838868021965027,
        0.04979337006807327,
        0.045088768005371094,
        0.04296988248825073,
        0.04201734811067581,
        0.041212908923625946,
        0.04158856347203255,
        0.04218876361846924,
        0.04293232411146164,
        0.04337809607386589,
        0.04404403269290924,
        0.044976722449064255,
        0.04673096910119057,
        0.047934390604496,
        0.04968082159757614,
        0.05308571457862854,
        0.06164124608039856,
        0.07566023617982864
      ]
    },
    "2022": {
      "n_samples": 249,
      "entropy_mean": 2.7162046432495117,
      "entropy_std": 0.20984306931495667,
      "attention_concentration": 0.05883589759469032,
      "top_features": [
        [
          "t-20",
          0.12564533948898315
        ],
        [
          "t-19",
          0.08863330632448196
        ],
        [
          "t-18",
          0.06738100200891495
        ],
        [
          "t-17",
          0.05559545010328293
        ],
        [
          "t-16",
          0.04888877645134926
        ]
      ],
      "mean_attention": [
        0.12564533948898315,
        0.08863330632448196,
        0.06738100200891495,
        0.05559545010328293,
        0.04888877645134926,
        0.04493001848459244,
        0.04280313476920128,
        0.04168480262160301,
        0.04087367281317711,
        0.04022669047117233,
        0.03974194824695587,
        0.03932265192270279,
        0.03911559283733368,
        0.03899308294057846,
        0.03918449953198433,
        0.0395643450319767,
        0.04001564532518387,
        0.040815889835357666,
        0.042220573872327805,
        0.044363509863615036
      ],
      "std_attention": [
        0.09043494611978531,
        0.05611003190279007,
        0.04067672789096832,
        0.032056909054517746,
        0.026632845401763916,
        0.023857122287154198,
        0.022769058123230934,
        0.022509265691041946,
        0.022719521075487137,
        0.02279132604598999,
        0.02303536795079708,
        0.02353096939623356,
        0.0242861770093441,
        0.02498560957610607,
        0.026435833424329758,
        0.0282736923545599,
        0.030412176623940468,
        0.0337044857442379,
        0.039631959050893784,
        0.05138694494962692
      ]
    },
    "2023": {
      "n_samples": 249,
      "entropy_mean": 2.747532367706299,
      "entropy_std": 0.18936629593372345,
      "attention_concentration": 0.06693757325410843,
      "top_features": [
        [
          "t-20",
          0.1730576902627945
        ],
        [
          "t-19",
          0.07275791466236115
        ],
        [
          "t-18",
          0.049986593425273895
        ],
        [
          "t-1",
          0.04413795843720436
        ],
        [
          "t-17",
          0.04354891553521156
        ]
      ],
      "mean_attention": [
        0.1730576902627945,
        0.07275791466236115,
        0.049986593425273895,
        0.04354891553521156,
        0.04110423102974892,
        0.04022949934005737,
        0.040025077760219574,
        0.040057435631752014,
        0.0402914322912693,
        0.040601808577775955,
        0.040722329169511795,
        0.04081224277615547,
        0.0408906452357769,
        0.0410228930413723,
        0.041260331869125366,
        0.04153582826256752,
        0.042000092566013336,
        0.0426192581653595,
        0.04333777353167534,
        0.04413795843720436
      ],
      "std_attention": [
        0.09480693936347961,
        0.04762949049472809,
        0.028515582904219627,
        0.02321711927652359,
        0.02063576690852642,
        0.019844714552164078,
        0.019670771434903145,
        0.01982467621564865,
        0.020250780507922173,
        0.020631929859519005,
        0.020728176459670067,
        0.02105666697025299,
        0.021548854187130928,
        0.02211248315870762,
        0.02286171354353428,
        0.024291370064020157,
        0.026030661538243294,
        0.02844902127981186,
        0.0313875675201416,
        0.03439117968082428
      ]
    },
    "2024": {
      "n_samples": 250,
      "entropy_mean": 2.680344343185425,
      "entropy_std": 0.3751460313796997,
      "attention_concentration": 0.05893336981534958,
      "top_features": [
        [
          "t-20",
          0.13671983778476715
        ],
        [
          "t-19",
          0.06085507944226265
        ],
        [
          "t-1",
          0.058829717338085175
        ],
        [
          "t-2",
          0.054391976445913315
        ],
        [
          "t-3",
          0.05253972113132477
        ]
      ],