{
  "period_statistics": {
    "2020": {
      "n_samples": 92,
      "entropy_mean": 2.9943485260009766,
      "entropy_std": 0.0010730521753430367,
      "attention_concentration": 0.050053615123033524,
      "top_features": [
        [
          "t-19",
          0.05255851894617081
        ],
        [
          "t-18",
          0.052428483963012695
        ],
        [
          "t-17",
          0.05204928293824196
        ],
        [
          "t-16",
          0.05164363980293274
        ],
        [
          "t-15",
          0.05127798393368721
        ]
      ],
      "mean_attention": [
        0.05123370513319969,
        0.05255851894617081,
        0.052428483963012695,
        0.05204928293824196,
        0.05164363980293274,
        0.05127798393368721,
        0.05095565319061279,
        0.05066480487585068,
        0.050406429916620255,
        0.05017835274338722,
        0.049976691603660583,
        0.049794185906648636,
        0.049621012061834335,
        0.049336738884449005,
        0.04903207719326019,
        0.048738494515419006,
        0.0483810119330883,
        0.04790656641125679,
        0.04728851467370987,
        0.04652782157063484
      ],
      "std_attention": [
        0.00213341461494565,
        0.0020694867707788944,
        0.0020124271977692842,
        0.001930965925566852,
        0.0018493547104299068,
        0.001778835547156632,
        0.0017173453234136105,
        0.0016686751041561365,
        0.0016396904829889536,
        0.001644700299948454,
        0.0016670492477715015,
        0.0017087417654693127,
        0.0017605198081582785,
        0.0019936130847781897,
        0.0022097742184996605,
        0.0022911562118679285,
        0.0023742071352899075,
        0.0024634285364300013,
        0.0025578343775123358,
        0.0026600209530442953
      ]
    },
    "2021": {
      "n_samples": 250,
      "entropy_mean": 2.9894931316375732,
      "entropy_std": 0.0058304076083004475,
      "attention_concentration": 0.05030724033713341,
      "top_features": [
        [
          "t-18",
          0.05397043749690056
        ],
        [
          "t-19",
          0.05392215773463249
        ],
        [
          "t-17",
          0.053796347230672836
        ],
        [
          "t-16",
          0.05358836054801941
        ],
        [
          "t-15",
          0.053341206163167953
        ]
      ],
      "mean_attention": [
        0.052988823503255844,
        0.05392215773463249,
        0.05397043749690056,
        0.053796347230672836,
        0.05358836054801941,
        0.053341206163167953,
        0.0530402772128582,
        0.0526902861893177,
        0.05227549374103546,
        0.05178971216082573,
        0.0512288473546505,
        0.05056135728955269,
        0.049769144505262375,
        0.04890942946076393,
        0.04791267216205597,
        0.04675310477614403,
        0.04546186700463295,
        0.04407817870378494,
        0.042655713856220245,
        0.04126666486263275
      ],
      "std_attention": [
        0.003595602698624134,
        0.0036162342876195908,
        0.003575556445866823,
        0.003539926838129759,
        0.0035689547657966614,
        0.0036453998181968927,
        0.0037373120430856943,
        0.0038427291437983513,
        0.003936024382710457,
        0.004014919046312571,
        0.004070121329277754,
        0.00408646184951067,
        0.004075722303241491,
        0.004018428269773722,
        0.003963286057114601,
        0.0039348783902823925,
        0.003936748951673508,
        0.0039445688016712666,
        0.003949374426156282,
        0.003936939872801304
      ]
    },
    "2022": {
      "n_samples": 249,
      "entropy_mean": 2.982302188873291,
      "entropy_std": 0.013009957037866116,
      "attention_concentration": 0.050649095326662064,
      "top_features": [
        [
          "t-18",
          0.05828327313065529
        ],
        [
          "t-19",
          0.05825059115886688
        ],
        [
          "t-17",
          0.05745546519756317
        ],
        [
          "t-20",
          0.057395901530981064
        ],
        [
          "t-16",
          0.05633450672030449
        ]
      ],
      "mean_attention": [
        0.057395901530981064,
        0.05825059115886688,
        0.05828327313065529,
        0.05745546519756317,
        0.05633450672030449,
        0.05514433607459068,
        0.05392439290881157,
        0.052648670971393585,
        0.05140351504087448,
        0.050191882997751236,
        0.048980556428432465,
        0.04782700166106224,
        0.04674835503101349,
        0.04574499651789665,
        0.04485972225666046,
        0.04406966269016266,
        0.04341171309351921,
        0.04284835234284401,
        0.04239426180720329,
        0.04208286851644516
      ],
      "std_attention": [
        0.007045452948659658,
        0.006830853875726461,
        0.006457803770899773,
        0.006108003202825785,
        0.005771399941295385,
        0.005442882422357798,
        0.005173077806830406,
        0.005024625454097986,
        0.004935301840305328,
        0.004939225967973471,
        0.004992942791432142,
        0.005100139882415533,
        0.005262886639684439,
        0.005453514400869608,
        0.005688744131475687,
        0.00592090655118227,
        0.006159703712910414,
        0.006377714220434427,
        0.00658423313871026,
        0.006795223336666822
      ]
    },
    "2023": {
      "n_samples": 249,
      "entropy_mean": 2.991769790649414,
      "entropy_std": 0.003895237110555172,
      "attention_concentration": 0.05007834732532501,
      "top_features": [
        [
          "t-20",
          0.05185363069176674
        ],
        [
          "t-14",
          0.0514974519610405
        ],
        [
          "t-15",
          0.05149177834391594
        ],
        [
          "t-19",
          0.05148737505078316
        ],
        [
          "t-13",
          0.05147932469844818
        ]
      ],
      "mean_attention": [
        0.05185363069176674,
        0.05148737505078316,
        0.05143696814775467,
        0.0514010488986969,
        0.0514458604156971,
        0.05149177834391594,
        0.0514974519610405,
        0.05147932469844818,
        0.05136723816394806,
        0.05117820203304291,
        0.05094781890511513,
        0.05063764005899429,
        0.05024721100926399,
        0.049758121371269226,
        0.04918402060866356,
        0.04854078218340874,
        0.047788139432668686,
        0.04697027429938316,
        0.046099431812763214,
        0.04518768563866615
      ],
      "std_attention": [
        0.004711386281996965,
        0.00450678076595068,
        0.004246806260198355,
        0.00399320712313056,
        0.0037927585653960705,
        0.003641898510977626,
        0.003541863290593028,
        0.0034368527121841908,
        0.003409197786822915,
        0.0034201571252197027,
        0.0034715095534920692,
        0.003556308103725314,
        0.003661317052319646,
        0.0037894758861511946,
        0.003936695400625467,
        0.004083516076207161,
        0.004220895003527403,
        0.004341647494584322,
        0.004414258059114218,
        0.00445493683218956
      ]
    },
    "2024": {
      "n_samples": 250,
      "entropy_mean": 2.9910850524902344,
      "entropy_std": 0.005568000953644514,
      "attention_concentration": 0.05004002898931503,
      "top_features": [
        [
          "t-10",
          0.05122078210115433
        ],
        [
          "t-11",
          0.051193058490753174
        ],
        [
          "t-9",
          0.05117861554026604
        ],
        [
          "t-12",
          0.05110695958137512
        ],
        [
          "t-13",
          0.05096270889043808
        ]
      ],