
[INFO] Using AUTO device selection.

[INFO] Patched matplotlib.Axes.errorbar to abs() negative yerr for robustness.
======================================================================
Training TFT: 12c_h1_rolling/market_only_daily_h1_d025/fold_2018
======================================================================
Logging to: experiments/12c_h1_rolling/market_only_daily_h1_d025/fold_2018/training_20251214_034407.log
Started at: 2025-12-14 03:44:07
======================================================================

Loading data splits...
Train: 2468 samples
Val: 220 samples
Test: 219 samples

Preparing TimeSeriesDataSet...

Final features for TFT: ['SP500_Returns', 'VIX', 'Treasury_10Y', 'Yield_Spread', 'SP500_Volatility', 'cumret_5', 'cumret_10', 'cumret_20', 'cumret_30']

======================================================================
FEATURE STATISTICS - BEFORE NORMALIZATION
======================================================================
VIX                             mean= 20.8018  std=  9.6956  min=  9.8900  max= 80.8600
Treasury_10Y                    mean=  2.8276  std=  0.9276  min=  1.3700  max=  5.2600
Yield_Spread                    mean=  1.7237  std=  0.7226  min= -0.1500  max=  2.9100
SP500_Volatility                mean=  1.0947  std=  0.7246  min=  0.2882  max=  5.0287

======================================================================
TARGET CONFIGURATION
======================================================================
Target variable: SP500_Returns
  Mode: Point return prediction (single-step)
  Target stats: mean=0.0211, std=1.3058
  Dropping unused cumret columns: ['cumret_5', 'cumret_10', 'cumret_20', 'cumret_30']
======================================================================

======================================================================
FEATURES AFTER GROUPNORMALIZER (first batch, last timestep)
======================================================================
VIX                             normalized_value=  1.0000
Treasury_10Y                    normalized_value= -0.0500
Yield_Spread                    normalized_value= -0.5830
SP500_Volatility                normalized_value= -0.5258
======================================================================

Configuration saved to: experiments/12c_h1_rolling/market_only_daily_h1_d025/fold_2018/config.json
[DEBUG] VIX train values: [12.04 11.51 12.14 12.   11.91]
[DEBUG] VIX val values: [12.85 11.85 11.67 11.32 11.56]
Batches per epoch: 38
[DEBUG] Validation batches: 4
[DEBUG] Validation dataset size: 200
[DEBUG] Batch size: 64

Initializing model...

Quantile configuration: 7q
  Quantiles: [0.02, 0.1, 0.25, 0.5, 0.75, 0.9, 0.98]
  Output size: 7
  Median index: 3

Using standard QuantileLoss (no penalties)

[REGIME OUTPUT] Disabled (using baseline output layer)

[STALENESS ATTENTION] Disabled

================================================================================
BASELINE MODEL FEATURE CONFIGURATION (after from_dataset)
================================================================================
tft.hparams.time_varying_reals_encoder: ['relative_time_idx', 'VIX', 'Treasury_10Y', 'Yield_Spread', 'SP500_Volatility']
  Count: 5

tft.hparams.time_varying_reals_decoder: ['relative_time_idx']
  Count: 1

tft.hparams.x_reals (all reals passed to model): ['encoder_length', 'relative_time_idx', 'VIX', 'Treasury_10Y', 'Yield_Spread', 'SP500_Volatility']
  Count: 6

Encoder VSN configuration:
  num_inputs: 5
  input_sizes: {'relative_time_idx': 16, 'VIX': 16, 'Treasury_10Y': 16, 'Yield_Spread': 16, 'SP500_Volatility': 16}
  flattened_grn.fc1: in_features=80, out_features=5
  -> Params in fc1: 400 (should be 5*16*5=400 if 5 features)
================================================================================

Model parameters: 22,615

Starting training...
Checkpoints will be saved to: experiments/12c_h1_rolling/market_only_daily_h1_d025/fold_2018/checkpoints/
Logs will be saved to: experiments/12c_h1_rolling/market_only_daily_h1_d025/fold_2018/logs/

[DEBUG CollapseMonitor] on_validation_epoch_start called for epoch 0
[DEBUG CollapseMonitor] reset_temporal_state() called on loss function
Epoch 0: val_loss=N/A
[DEBUG CollapseMonitor] on_validation_epoch_start called for epoch 0
[DEBUG CollapseMonitor] reset_temporal_state() called on loss function
Epoch 0: val_loss=0.4200659990310669
Epoch 0: train_loss=0.8153035044670105

[CollapseMonitor] Epoch 0
  [DEBUG] Processed 4 batches from val_dataloader
  [DEBUG] Predictions shape after concat: (200,)
  Pred std: 0.008957, range: 0.032851, mean: 0.084931
  Pos: 100.0%, Neg: 0.0%, Unique: 199
  Dir Acc: 59.50%, Pred Sharpe: 150.5197
  Composite: 0.4745 (dist_match: 0.5950, actual_pos: 59.5%, pred_pos: 100.0%)
  Collapse penalty: 0.000000 (threshold: 0.005000)
  Saved validation predictions to: experiments/12c_h1_rolling/market_only_daily_h1_d025/fold_2018/collapse_monitoring/val_predictions_epoch0.npy
  Gradient norms:
    lstm_encoder: 0.010044
    lstm_decoder: 0.015901
    output_layer: 0.742709
  VSN output std:
    encoder: 0.192640
  Attention entropy: 2.994033
  Saved to: experiments/12c_h1_rolling/market_only_daily_h1_d025/fold_2018/collapse_monitoring/collapse_monitor_latest.json
[DEBUG CollapseMonitor] on_validation_epoch_start called for epoch 1
[DEBUG CollapseMonitor] reset_temporal_state() called on loss function
Epoch 1: val_loss=0.35261890292167664
Epoch 1: train_loss=0.776053786277771

[CollapseMonitor] Epoch 1
  [DEBUG] Processed 4 batches from val_dataloader
  [DEBUG] Predictions shape after concat: (200,)
  Pred std: 0.013436, range: 0.045070, mean: 0.039014
  Pos: 100.0%, Neg: 0.0%, Unique: 199
  Dir Acc: 59.50%, Pred Sharpe: 46.0931
  Composite: 0.4745 (dist_match: 0.5950, actual_pos: 59.5%, pred_pos: 100.0%)
  Collapse penalty: 0.000000 (threshold: 0.005000)
  Saved validation predictions to: experiments/12c_h1_rolling/market_only_daily_h1_d025/fold_2018/collapse_monitoring/val_predictions_epoch1.npy
  Gradient norms:
    lstm_encoder: 0.009725
    lstm_decoder: 0.014993
    output_layer: 0.702819
  VSN output std:
    encoder: 0.194579
  Attention entropy: 2.994543
  Saved to: experiments/12c_h1_rolling/market_only_daily_h1_d025/fold_2018/collapse_monitoring/collapse_monitor_latest.json
[DEBUG CollapseMonitor] on_validation_epoch_start called for epoch 2
[DEBUG CollapseMonitor] reset_temporal_state() called on loss function
Epoch 2: val_loss=0.28088316321372986
Epoch 2: train_loss=0.726693868637085

[CollapseMonitor] Epoch 2
  [DEBUG] Processed 4 batches from val_dataloader
  [DEBUG] Predictions shape after concat: (200,)
  Pred std: 0.014767, range: 0.048482, mean: 0.033081
  Pos: 100.0%, Neg: 0.0%, Unique: 200
  Dir Acc: 59.50%, Pred Sharpe: 35.5609
  Composite: 0.4745 (dist_match: 0.5950, actual_pos: 59.5%, pred_pos: 100.0%)
  Collapse penalty: 0.000000 (threshold: 0.005000)
  Saved validation predictions to: experiments/12c_h1_rolling/market_only_daily_h1_d025/fold_2018/collapse_monitoring/val_predictions_epoch2.npy
  Gradient norms:
    lstm_encoder: 0.008832
    lstm_decoder: 0.013352
    output_layer: 0.637350
  VSN output std:
    encoder: 0.198333
  Attention entropy: 2.995044
  Saved to: experiments/12c_h1_rolling/market_only_daily_h1_d025/fold_2018/collapse_monitoring/collapse_monitor_latest.json
[DEBUG CollapseMonitor] on_validation_epoch_start called for epoch 3
[DEBUG CollapseMonitor] reset_temporal_state() called on loss function
Epoch 3: val_loss=0.22078195214271545
Epoch 3: train_loss=0.6758320927619934

[CollapseMonitor] Epoch 3
  [DEBUG] Processed 4 batches from val_dataloader
  [DEBUG] Predictions shape after concat: (200,)
  Pred std: 0.013004, range: 0.043004, mean: 0.041648
  Pos: 100.0%, Neg: 0.0%, Unique: 200
  Dir Acc: 59.50%, Pred Sharpe: 50.8409
  Composite: 0.4745 (dist_match: 0.5950, actual_pos: 59.5%, pred_pos: 100.0%)
  Collapse penalty: 0.000000 (threshold: 0.005000)
  Saved validation predictions to: experiments/12c_h1_rolling/market_only_daily_h1_d025/fold_2018/collapse_monitoring/val_predictions_epoch3.npy
  Gradient norms:
    lstm_encoder: 0.008168
    lstm_decoder: 0.011108
    output_layer: 0.549376
  VSN output std:
    encoder: 0.202628
  Attention entropy: 2.995432
  Saved to: experiments/12c_h1_rolling/market_only_daily_h1_d025/fold_2018/collapse_monitoring/collapse_monitor_latest.json
[DEBUG CollapseMonitor] on_validation_epoch_start called for epoch 4
[DEBUG CollapseMonitor] reset_temporal_state() called on loss function
Epoch 4: val_loss=0.19919759035110474
Epoch 4: train_loss=0.626599133014679

[CollapseMonitor] Epoch 4
  [DEBUG] Processed 4 batches from val_dataloader
  [DEBUG] Predictions shape after concat: (200,)
  Pred std: 0.010439, range: 0.035132, mean: 0.011663
  Pos: 94.5%, Neg: 5.5%, Unique: 196
  Dir Acc: 57.00%, Pred Sharpe: 17.7350
  Composite: 0.4702 (dist_match: 0.6500, actual_pos: 59.5%, pred_pos: 94.5%)
  Collapse penalty: 0.000000 (threshold: 0.005000)
  Saved validation predictions to: experiments/12c_h1_rolling/market_only_daily_h1_d025/fold_2018/collapse_monitoring/val_predictions_epoch4.npy
  Gradient norms:
    lstm_encoder: 0.006638
    lstm_decoder: 0.008340
    output_layer: 0.439557
  VSN output std:
    encoder: 0.211599
  Attention entropy: 2.995637
  Saved to: experiments/12c_h1_rolling/market_only_daily_h1_d025/fold_2018/collapse_monitoring/collapse_monitor_latest.json
[DEBUG CollapseMonitor] on_validation_epoch_start called for epoch 5
[DEBUG CollapseMonitor] reset_temporal_state() called on loss function
Epoch 5: val_loss=0.20113718509674072
Epoch 5: train_loss=0.5928099155426025

[CollapseMonitor] Epoch 5
  [DEBUG] Processed 4 batches from val_dataloader
  [DEBUG] Predictions shape after concat: (200,)
  Pred std: 0.008606, range: 0.029484, mean: 0.017802
  Pos: 100.0%, Neg: 0.0%, Unique: 199
  Dir Acc: 59.50%, Pred Sharpe: 32.8368
  Composite: 0.4745 (dist_match: 0.5950, actual_pos: 59.5%, pred_pos: 100.0%)
  Collapse penalty: 0.000000 (threshold: 0.005000)
  Saved validation predictions to: experiments/12c_h1_rolling/market_only_daily_h1_d025/fold_2018/collapse_monitoring/val_predictions_epoch5.npy
  Gradient norms:
    lstm_encoder: 0.005121
    lstm_decoder: 0.005780
    output_layer: 0.318946
  VSN output std:
    encoder: 0.220298
  Attention entropy: 2.995690
  Saved to: experiments/12c_h1_rolling/market_only_daily_h1_d025/fold_2018/collapse_monitoring/collapse_monitor_latest.json
[DEBUG CollapseMonitor] on_validation_epoch_start called for epoch 6
[DEBUG CollapseMonitor] reset_temporal_state() called on loss function
Epoch 6: val_loss=0.21357078850269318
Epoch 6: train_loss=0.5642623901367188

[CollapseMonitor] Epoch 6
  [DEBUG] Processed 4 batches from val_dataloader
  [DEBUG] Predictions shape after concat: (200,)
  Pred std: 0.007550, range: 0.026576, mean: 0.024096
  Pos: 100.0%, Neg: 0.0%, Unique: 200
  Dir Acc: 59.50%, Pred Sharpe: 50.6673
  Composite: 0.4745 (dist_match: 0.5950, actual_pos: 59.5%, pred_pos: 100.0%)
  Collapse penalty: 0.000000 (threshold: 0.005000)
  Saved validation predictions to: experiments/12c_h1_rolling/market_only_daily_h1_d025/fold_2018/collapse_monitoring/val_predictions_epoch6.npy
  Gradient norms:
    lstm_encoder: 0.004445
    lstm_decoder: 0.004517
    output_layer: 0.238267
  VSN output std:
    encoder: 0.213856
  Attention entropy: 2.995706
  Saved to: experiments/12c_h1_rolling/market_only_daily_h1_d025/fold_2018/collapse_monitoring/collapse_monitor_latest.json
[DEBUG CollapseMonitor] on_validation_epoch_start called for epoch 7
[DEBUG CollapseMonitor] reset_temporal_state() called on loss function
Epoch 7: val_loss=0.22517910599708557
Epoch 7: train_loss=0.5489881634712219

[CollapseMonitor] Epoch 7
  [DEBUG] Processed 4 batches from val_dataloader
  [DEBUG] Predictions shape after concat: (200,)
  Pred std: 0.006812, range: 0.024438, mean: 0.027878
  Pos: 100.0%, Neg: 0.0%, Unique: 198
  Dir Acc: 59.50%, Pred Sharpe: 64.9642
  Composite: 0.4745 (dist_match: 0.5950, actual_pos: 59.5%, pred_pos: 100.0%)
  Collapse penalty: 0.000000 (threshold: 0.005000)
  Saved validation predictions to: experiments/12c_h1_rolling/market_only_daily_h1_d025/fold_2018/collapse_monitoring/val_predictions_epoch7.npy
  Gradient norms:
    lstm_encoder: 0.003898
    lstm_decoder: 0.003940
    output_layer: 0.186183
  VSN output std:
    encoder: 0.213175
  Attention entropy: 2.995706
  Saved to: experiments/12c_h1_rolling/market_only_daily_h1_d025/fold_2018/collapse_monitoring/collapse_monitor_latest.json
[DEBUG CollapseMonitor] on_validation_epoch_start called for epoch 8
[DEBUG CollapseMonitor] reset_temporal_state() called on loss function
Epoch 8: val_loss=0.23295289278030396
Epoch 8: train_loss=0.5382701754570007

[CollapseMonitor] Epoch 8
  [DEBUG] Processed 4 batches from val_dataloader
  [DEBUG] Predictions shape after concat: (200,)
  Pred std: 0.006105, range: 0.022245, mean: 0.043810
  Pos: 100.0%, Neg: 0.0%, Unique: 195
  Dir Acc: 59.50%, Pred Sharpe: 113.9194
  Composite: 0.4745 (dist_match: 0.5950, actual_pos: 59.5%, pred_pos: 100.0%)
  Collapse penalty: 0.000000 (threshold: 0.005000)
  Saved validation predictions to: experiments/12c_h1_rolling/market_only_daily_h1_d025/fold_2018/collapse_monitoring/val_predictions_epoch8.npy
  Gradient norms:
    lstm_encoder: 0.003540
    lstm_decoder: 0.003300
    output_layer: 0.147202
  VSN output std:
    encoder: 0.217422
  Attention entropy: 2.995709
  Saved to: experiments/12c_h1_rolling/market_only_daily_h1_d025/fold_2018/collapse_monitoring/collapse_monitor_latest.json
[DEBUG CollapseMonitor] on_validation_epoch_start called for epoch 9
[DEBUG CollapseMonitor] reset_temporal_state() called on loss function
Epoch 9: val_loss=0.2370920330286026
Epoch 9: train_loss=0.5282632112503052

[CollapseMonitor] Epoch 9
  [DEBUG] Processed 4 batches from val_dataloader
  [DEBUG] Predictions shape after concat: (200,)
  Pred std: 0.005627, range: 0.020871, mean: 0.029785
  Pos: 100.0%, Neg: 0.0%, Unique: 197
  Dir Acc: 59.50%, Pred Sharpe: 84.0321
  Composite: 0.4745 (dist_match: 0.5950, actual_pos: 59.5%, pred_pos: 100.0%)
  Collapse penalty: 0.000000 (threshold: 0.005000)
  Saved validation predictions to: experiments/12c_h1_rolling/market_only_daily_h1_d025/fold_2018/collapse_monitoring/val_predictions_epoch9.npy
  Gradient norms:
    lstm_encoder: 0.003685
    lstm_decoder: 0.003559
    output_layer: 0.146302
  VSN output std:
    encoder: 0.215365
  Attention entropy: 2.995711
  Saved to: experiments/12c_h1_rolling/market_only_daily_h1_d025/fold_2018/collapse_monitoring/collapse_monitor_latest.json
[DEBUG CollapseMonitor] on_validation_epoch_start called for epoch 10
[DEBUG CollapseMonitor] reset_temporal_state() called on loss function
Epoch 10: val_loss=0.23631083965301514
Epoch 10: train_loss=0.5294152498245239

[CollapseMonitor] Epoch 10
  [DEBUG] Processed 4 batches from val_dataloader
  [DEBUG] Predictions shape after concat: (200,)
  Pred std: 0.005486, range: 0.020613, mean: 0.034292
  Pos: 100.0%, Neg: 0.0%, Unique: 199
  Dir Acc: 59.50%, Pred Sharpe: 99.2247
  Composite: 0.4745 (dist_match: 0.5950, actual_pos: 59.5%, pred_pos: 100.0%)
  Collapse penalty: 0.000000 (threshold: 0.005000)
  Saved validation predictions to: experiments/12c_h1_rolling/market_only_daily_h1_d025/fold_2018/collapse_monitoring/val_predictions_epoch10.npy
  Gradient norms:
    lstm_encoder: 0.003430
    lstm_decoder: 0.003138
    output_layer: 0.122185
  VSN output std:
    encoder: 0.213996
  Attention entropy: 2.995709
  Saved to: experiments/12c_h1_rolling/market_only_daily_h1_d025/fold_2018/collapse_monitoring/collapse_monitor_latest.json
[DEBUG CollapseMonitor] on_validation_epoch_start called for epoch 11
[DEBUG CollapseMonitor] reset_temporal_state() called on loss function
Epoch 11: val_loss=0.2363145798444748
Epoch 11: train_loss=0.5287178158760071

[CollapseMonitor] Epoch 11
  [DEBUG] Processed 4 batches from val_dataloader
  [DEBUG] Predictions shape after concat: (200,)
  Pred std: 0.005422, range: 0.020495, mean: 0.046336
  Pos: 100.0%, Neg: 0.0%, Unique: 195
  Dir Acc: 59.50%, Pred Sharpe: 135.6665
  Composite: 0.4745 (dist_match: 0.5950, actual_pos: 59.5%, pred_pos: 100.0%)
  Collapse penalty: 0.000000 (threshold: 0.005000)
  Saved validation predictions to: experiments/12c_h1_rolling/market_only_daily_h1_d025/fold_2018/collapse_monitoring/val_predictions_epoch11.npy
  Gradient norms:
    lstm_encoder: 0.003254
    lstm_decoder: 0.003004
    output_layer: 0.110667
  VSN output std:
    encoder: 0.214013
  Attention entropy: 2.995706
  Saved to: experiments/12c_h1_rolling/market_only_daily_h1_d025/fold_2018/collapse_monitoring/collapse_monitor_latest.json
[DEBUG CollapseMonitor] on_validation_epoch_start called for epoch 12
[DEBUG CollapseMonitor] reset_temporal_state() called on loss function
Epoch 12: val_loss=0.23756954073905945
Epoch 12: train_loss=0.5283562541007996

[CollapseMonitor] Epoch 12
  [DEBUG] Processed 4 batches from val_dataloader
  [DEBUG] Predictions shape after concat: (200,)
  Pred std: 0.005207, range: 0.019797, mean: 0.022101
  Pos: 100.0%, Neg: 0.0%, Unique: 198
  Dir Acc: 59.50%, Pred Sharpe: 67.3744
  Composite: 0.4745 (dist_match: 0.5950, actual_pos: 59.5%, pred_pos: 100.0%)
  Collapse penalty: 0.000000 (threshold: 0.005000)
  Saved validation predictions to: experiments/12c_h1_rolling/market_only_daily_h1_d025/fold_2018/collapse_monitoring/val_predictions_epoch12.npy
  Gradient norms:
    lstm_encoder: 0.003231
    lstm_decoder: 0.003003
    output_layer: 0.116120
  VSN output std:
    encoder: 0.215486
  Attention entropy: 2.995704
  Saved to: experiments/12c_h1_rolling/market_only_daily_h1_d025/fold_2018/collapse_monitoring/collapse_monitor_latest.json
[DEBUG CollapseMonitor] on_validation_epoch_start called for epoch 13
[DEBUG CollapseMonitor] reset_temporal_state() called on loss function
Epoch 13: val_loss=0.23779158294200897
Epoch 13: train_loss=0.5263747572898865

[CollapseMonitor] Epoch 13
  [DEBUG] Processed 4 batches from val_dataloader
  [DEBUG] Predictions shape after concat: (200,)
  Pred std: 0.005067, range: 0.019619, mean: 0.046534
  Pos: 100.0%, Neg: 0.0%, Unique: 199
  Dir Acc: 59.50%, Pred Sharpe: 145.7720
  Composite: 0.4745 (dist_match: 0.5950, actual_pos: 59.5%, pred_pos: 100.0%)
  Collapse penalty: 0.000000 (threshold: 0.005000)
  Saved validation predictions to: experiments/12c_h1_rolling/market_only_daily_h1_d025/fold_2018/collapse_monitoring/val_predictions_epoch13.npy
  Gradient norms:
    lstm_encoder: 0.003531
    lstm_decoder: 0.003211
    output_layer: 0.110241
  VSN output std:
    encoder: 0.211829
  Attention entropy: 2.995696
  Saved to: experiments/12c_h1_rolling/market_only_daily_h1_d025/fold_2018/collapse_monitoring/collapse_monitor_latest.json
[DEBUG CollapseMonitor] on_validation_epoch_start called for epoch 14
[DEBUG CollapseMonitor] reset_temporal_state() called on loss function
Epoch 14: val_loss=0.23750850558280945
Epoch 14: train_loss=0.523370623588562

[CollapseMonitor] Epoch 14
  [DEBUG] Processed 4 batches from val_dataloader
  [DEBUG] Predictions shape after concat: (200,)
  Pred std: 0.004932, range: 0.019349, mean: 0.052909
  Pos: 100.0%, Neg: 0.0%, Unique: 200
  Dir Acc: 59.50%, Pred Sharpe: 170.3087
  Composite: 0.4745 (dist_match: 0.5950, actual_pos: 59.5%, pred_pos: 100.0%)
  Collapse penalty: 0.000000 (threshold: 0.005000)
  Saved validation predictions to: experiments/12c_h1_rolling/market_only_daily_h1_d025/fold_2018/collapse_monitoring/val_predictions_epoch14.npy
  Gradient norms:
    lstm_encoder: 0.003438
    lstm_decoder: 0.003203
    output_layer: 0.114213
  VSN output std:
    encoder: 0.208671
  Attention entropy: 2.995684
  Saved to: experiments/12c_h1_rolling/market_only_daily_h1_d025/fold_2018/collapse_monitoring/collapse_monitor_latest.json
[DEBUG CollapseMonitor] on_validation_epoch_start called for epoch 15
[DEBUG CollapseMonitor] reset_temporal_state() called on loss function
Epoch 15: val_loss=0.2386549413204193
Epoch 15: train_loss=0.5238282084465027

[CollapseMonitor] Epoch 15
  [DEBUG] Processed 4 batches from val_dataloader
  [DEBUG] Predictions shape after concat: (200,)
  Pred std: 0.004603, range: 0.018217, mean: 0.046364
  Pos: 100.0%, Neg: 0.0%, Unique: 198
  Dir Acc: 59.50%, Pred Sharpe: 159.9023
  Composite: 0.4745 (dist_match: 0.5950, actual_pos: 59.5%, pred_pos: 100.0%)
  Collapse penalty: 0.000000 (threshold: 0.005000)
  Saved validation predictions to: experiments/12c_h1_rolling/market_only_daily_h1_d025/fold_2018/collapse_monitoring/val_predictions_epoch15.npy
  Gradient norms:
    lstm_encoder: 0.003492
    lstm_decoder: 0.003136
    output_layer: 0.109552
  VSN output std:
    encoder: 0.209975
  Attention entropy: 2.995682
  Saved to: experiments/12c_h1_rolling/market_only_daily_h1_d025/fold_2018/collapse_monitoring/collapse_monitor_latest.json
[DEBUG CollapseMonitor] on_validation_epoch_start called for epoch 16
[DEBUG CollapseMonitor] reset_temporal_state() called on loss function
Epoch 16: val_loss=0.24033749103546143
Epoch 16: train_loss=0.5231264233589172

[CollapseMonitor] Epoch 16
  [DEBUG] Processed 4 batches from val_dataloader
  [DEBUG] Predictions shape after concat: (200,)
  Pred std: 0.004316, range: 0.017196, mean: 0.029281
  Pos: 100.0%, Neg: 0.0%, Unique: 199
  Dir Acc: 59.50%, Pred Sharpe: 107.7041
  Composite: 0.4745 (dist_match: 0.5950, actual_pos: 59.5%, pred_pos: 100.0%)
  Collapse penalty: 0.000000 (threshold: 0.005000)
  Saved validation predictions to: experiments/12c_h1_rolling/market_only_daily_h1_d025/fold_2018/collapse_monitoring/val_predictions_epoch16.npy
  Gradient norms:
    lstm_encoder: 0.003554
    lstm_decoder: 0.003135
    output_layer: 0.108206
  VSN output std:
    encoder: 0.211029
  Attention entropy: 2.995684
  Saved to: experiments/12c_h1_rolling/market_only_daily_h1_d025/fold_2018/collapse_monitoring/collapse_monitor_latest.json
[DEBUG CollapseMonitor] on_validation_epoch_start called for epoch 17
[DEBUG CollapseMonitor] reset_temporal_state() called on loss function
Epoch 17: val_loss=0.23952503502368927
Epoch 17: train_loss=0.5220091342926025

[CollapseMonitor] Epoch 17
  [DEBUG] Processed 4 batches from val_dataloader
  [DEBUG] Predictions shape after concat: (200,)
  Pred std: 0.004292, range: 0.017228, mean: 0.049177
  Pos: 100.0%, Neg: 0.0%, Unique: 200
  Dir Acc: 59.50%, Pred Sharpe: 181.8947
  Composite: 0.4745 (dist_match: 0.5950, actual_pos: 59.5%, pred_pos: 100.0%)
  Collapse penalty: 0.000000 (threshold: 0.005000)
  Saved validation predictions to: experiments/12c_h1_rolling/market_only_daily_h1_d025/fold_2018/collapse_monitoring/val_predictions_epoch17.npy
  Gradient norms:
    lstm_encoder: 0.003589
    lstm_decoder: 0.003363
    output_layer: 0.124508
  VSN output std:
    encoder: 0.208908
  Attention entropy: 2.995681
  Saved to: experiments/12c_h1_rolling/market_only_daily_h1_d025/fold_2018/collapse_monitoring/collapse_monitor_latest.json
[DEBUG CollapseMonitor] on_validation_epoch_start called for epoch 18
[DEBUG CollapseMonitor] reset_temporal_state() called on loss function
Epoch 18: val_loss=0.23861107230186462
Epoch 18: train_loss=0.5200520157814026

[CollapseMonitor] Epoch 18
  [DEBUG] Processed 4 batches from val_dataloader
  [DEBUG] Predictions shape after concat: (200,)
  Pred std: 0.004146, range: 0.016712, mean: 0.032019
  Pos: 100.0%, Neg: 0.0%, Unique: 200
  Dir Acc: 59.50%, Pred Sharpe: 122.5958
  Composite: 0.4745 (dist_match: 0.5950, actual_pos: 59.5%, pred_pos: 100.0%)
  Collapse penalty: 0.000000 (threshold: 0.005000)
  Saved validation predictions to: experiments/12c_h1_rolling/market_only_daily_h1_d025/fold_2018/collapse_monitoring/val_predictions_epoch18.npy
  Gradient norms:
    lstm_encoder: 0.003489
    lstm_decoder: 0.003235
    output_layer: 0.108201
  VSN output std:
    encoder: 0.210249
  Attention entropy: 2.995681
  Saved to: experiments/12c_h1_rolling/market_only_daily_h1_d025/fold_2018/collapse_monitoring/collapse_monitor_latest.json
[DEBUG CollapseMonitor] on_validation_epoch_start called for epoch 19
[DEBUG CollapseMonitor] reset_temporal_state() called on loss function
Epoch 19: val_loss=0.23859605193138123
Epoch 19: train_loss=0.5202152729034424

[CollapseMonitor] Epoch 19
  [DEBUG] Processed 4 batches from val_dataloader
  [DEBUG] Predictions shape after concat: (200,)
  Pred std: 0.004144, range: 0.016726, mean: 0.032787
  Pos: 100.0%, Neg: 0.0%, Unique: 197
  Dir Acc: 59.50%, Pred Sharpe: 125.5837
  Composite: 0.4745 (dist_match: 0.5950, actual_pos: 59.5%, pred_pos: 100.0%)
  Collapse penalty: 0.000000 (threshold: 0.005000)
  Saved validation predictions to: experiments/12c_h1_rolling/market_only_daily_h1_d025/fold_2018/collapse_monitoring/val_predictions_epoch19.npy
  Gradient norms:
    lstm_encoder: 0.003636
    lstm_decoder: 0.003170
    output_layer: 0.114520
  VSN output std:
    encoder: 0.210278
  Attention entropy: 2.995679
  Saved to: experiments/12c_h1_rolling/market_only_daily_h1_d025/fold_2018/collapse_monitoring/collapse_monitor_latest.json
[DEBUG CollapseMonitor] on_validation_epoch_start called for epoch 20
[DEBUG CollapseMonitor] reset_temporal_state() called on loss function
Epoch 20: val_loss=0.23825965821743011
Epoch 20: train_loss=0.520764946937561

[CollapseMonitor] Epoch 20
  [DEBUG] Processed 4 batches from val_dataloader
  [DEBUG] Predictions shape after concat: (200,)
  Pred std: 0.004097, range: 0.016564, mean: 0.025422
  Pos: 100.0%, Neg: 0.0%, Unique: 200
  Dir Acc: 59.50%, Pred Sharpe: 98.4935
  Composite: 0.4745 (dist_match: 0.5950, actual_pos: 59.5%, pred_pos: 100.0%)
  Collapse penalty: 0.000000 (threshold: 0.005000)
  Saved validation predictions to: experiments/12c_h1_rolling/market_only_daily_h1_d025/fold_2018/collapse_monitoring/val_predictions_epoch20.npy
  Gradient norms:
    lstm_encoder: 0.003718
    lstm_decoder: 0.003210
    output_layer: 0.113372
  VSN output std:
    encoder: 0.211205
  Attention entropy: 2.995679
  Saved to: experiments/12c_h1_rolling/market_only_daily_h1_d025/fold_2018/collapse_monitoring/collapse_monitor_latest.json
[DEBUG CollapseMonitor] on_validation_epoch_start called for epoch 21
[DEBUG CollapseMonitor] reset_temporal_state() called on loss function
Epoch 21: val_loss=0.23789405822753906
Epoch 21: train_loss=0.5216066241264343

[CollapseMonitor] Epoch 21
  [DEBUG] Processed 4 batches from val_dataloader
  [DEBUG] Predictions shape after concat: (200,)
  Pred std: 0.004092, range: 0.016574, mean: 0.032386
  Pos: 100.0%, Neg: 0.0%, Unique: 199
  Dir Acc: 59.50%, Pred Sharpe: 125.6490
  Composite: 0.4745 (dist_match: 0.5950, actual_pos: 59.5%, pred_pos: 100.0%)
  Collapse penalty: 0.000000 (threshold: 0.005000)
  Saved validation predictions to: experiments/12c_h1_rolling/market_only_daily_h1_d025/fold_2018/collapse_monitoring/val_predictions_epoch21.npy
  Gradient norms:
    lstm_encoder: 0.003770
    lstm_decoder: 0.003272
    output_layer: 0.117393
  VSN output std:
    encoder: 0.210070
  Attention entropy: 2.995673
  Saved to: experiments/12c_h1_rolling/market_only_daily_h1_d025/fold_2018/collapse_monitoring/collapse_monitor_latest.json
[DEBUG CollapseMonitor] on_validation_epoch_start called for epoch 22
[DEBUG CollapseMonitor] reset_temporal_state() called on loss function
Epoch 22: val_loss=0.2378193885087967
Epoch 22: train_loss=0.5178421139717102

[CollapseMonitor] Epoch 22
  [DEBUG] Processed 4 batches from val_dataloader
  [DEBUG] Predictions shape after concat: (200,)
  Pred std: 0.004078, range: 0.016557, mean: 0.038564
  Pos: 100.0%, Neg: 0.0%, Unique: 199
  Dir Acc: 59.50%, Pred Sharpe: 150.1049
  Composite: 0.4745 (dist_match: 0.5950, actual_pos: 59.5%, pred_pos: 100.0%)
  Collapse penalty: 0.000000 (threshold: 0.005000)
  Saved validation predictions to: experiments/12c_h1_rolling/market_only_daily_h1_d025/fold_2018/collapse_monitoring/val_predictions_epoch22.npy
  Gradient norms:
    lstm_encoder: 0.003619
    lstm_decoder: 0.003121
    output_layer: 0.104455
  VSN output std:
    encoder: 0.207793
  Attention entropy: 2.995662
  Saved to: experiments/12c_h1_rolling/market_only_daily_h1_d025/fold_2018/collapse_monitoring/collapse_monitor_latest.json
[DEBUG CollapseMonitor] on_validation_epoch_start called for epoch 23
[DEBUG CollapseMonitor] reset_temporal_state() called on loss function
Epoch 23: val_loss=0.23911090195178986
Epoch 23: train_loss=0.5187286734580994

[CollapseMonitor] Epoch 23
  [DEBUG] Processed 4 batches from val_dataloader
  [DEBUG] Predictions shape after concat: (200,)
  Pred std: 0.004170, range: 0.016941, mean: 0.024538
  Pos: 100.0%, Neg: 0.0%, Unique: 198
  Dir Acc: 59.50%, Pred Sharpe: 93.4093
  Composite: 0.4745 (dist_match: 0.5950, actual_pos: 59.5%, pred_pos: 100.0%)
  Collapse penalty: 0.000000 (threshold: 0.005000)
  Saved validation predictions to: experiments/12c_h1_rolling/market_only_daily_h1_d025/fold_2018/collapse_monitoring/val_predictions_epoch23.npy
  Gradient norms:
    lstm_encoder: 0.003942
    lstm_decoder: 0.003358
    output_layer: 0.118836
  VSN output std:
    encoder: 0.206657
  Attention entropy: 2.995660
  Saved to: experiments/12c_h1_rolling/market_only_daily_h1_d025/fold_2018/collapse_monitoring/collapse_monitor_latest.json
[DEBUG CollapseMonitor] on_validation_epoch_start called for epoch 24
[DEBUG CollapseMonitor] reset_temporal_state() called on loss function
Epoch 24: val_loss=0.23885086178779602
Epoch 24: train_loss=0.5193614363670349

[CollapseMonitor] Epoch 24
  [DEBUG] Processed 4 batches from val_dataloader
  [DEBUG] Predictions shape after concat: (200,)
  Pred std: 0.004112, range: 0.016710, mean: 0.032220
  Pos: 100.0%, Neg: 0.0%, Unique: 200
  Dir Acc: 59.50%, Pred Sharpe: 124.3854
  Composite: 0.4745 (dist_match: 0.5950, actual_pos: 59.5%, pred_pos: 100.0%)
  Collapse penalty: 0.000000 (threshold: 0.005000)
  Saved validation predictions to: experiments/12c_h1_rolling/market_only_daily_h1_d025/fold_2018/collapse_monitoring/val_predictions_epoch24.npy
  Gradient norms:
    lstm_encoder: 0.003968
    lstm_decoder: 0.003225
    output_layer: 0.108457
  VSN output std:
    encoder: 0.206955
  Attention entropy: 2.995659
  Saved to: experiments/12c_h1_rolling/market_only_daily_h1_d025/fold_2018/collapse_monitoring/collapse_monitor_latest.json
[DEBUG CollapseMonitor] on_validation_epoch_start called for epoch 25
[DEBUG CollapseMonitor] reset_temporal_state() called on loss function
Epoch 25: val_loss=0.23833630979061127
Epoch 25: train_loss=0.5201309323310852

[CollapseMonitor] Epoch 25
  [DEBUG] Processed 4 batches from val_dataloader
  [DEBUG] Predictions shape after concat: (200,)
  Pred std: 0.004055, range: 0.016460, mean: 0.031113
  Pos: 100.0%, Neg: 0.0%, Unique: 200
  Dir Acc: 59.50%, Pred Sharpe: 121.7866
  Composite: 0.4745 (dist_match: 0.5950, actual_pos: 59.5%, pred_pos: 100.0%)
  Collapse penalty: 0.000000 (threshold: 0.005000)
  Saved validation predictions to: experiments/12c_h1_rolling/market_only_daily_h1_d025/fold_2018/collapse_monitoring/val_predictions_epoch25.npy
  Gradient norms:
    lstm_encoder: 0.004174
    lstm_decoder: 0.003324
    output_layer: 0.106161
  VSN output std:
    encoder: 0.207779
  Attention entropy: 2.995658
  Saved to: experiments/12c_h1_rolling/market_only_daily_h1_d025/fold_2018/collapse_monitoring/collapse_monitor_latest.json
[DEBUG CollapseMonitor] on_validation_epoch_start called for epoch 26
[DEBUG CollapseMonitor] reset_temporal_state() called on loss function
Epoch 26: val_loss=0.23797190189361572
Epoch 26: train_loss=0.5157638788223267

[CollapseMonitor] Epoch 26
  [DEBUG] Processed 4 batches from val_dataloader
  [DEBUG] Predictions shape after concat: (200,)
  Pred std: 0.004022, range: 0.016306, mean: 0.030746
  Pos: 100.0%, Neg: 0.0%, Unique: 199
  Dir Acc: 59.50%, Pred Sharpe: 121.3629
  Composite: 0.4745 (dist_match: 0.5950, actual_pos: 59.5%, pred_pos: 100.0%)
  Collapse penalty: 0.000000 (threshold: 0.005000)
  Saved validation predictions to: experiments/12c_h1_rolling/market_only_daily_h1_d025/fold_2018/collapse_monitoring/val_predictions_epoch26.npy
  Gradient norms:
    lstm_encoder: 0.004301
    lstm_decoder: 0.003362
    output_layer: 0.102270
  VSN output std:
    encoder: 0.207014
  Attention entropy: 2.995654
  Saved to: experiments/12c_h1_rolling/market_only_daily_h1_d025/fold_2018/collapse_monitoring/collapse_monitor_latest.json
[DEBUG CollapseMonitor] on_validation_epoch_start called for epoch 27
[DEBUG CollapseMonitor] reset_temporal_state() called on loss function
Epoch 27: val_loss=0.23782724142074585
Epoch 27: train_loss=0.5195842981338501

[CollapseMonitor] Epoch 27
  [DEBUG] Processed 4 batches from val_dataloader
  [DEBUG] Predictions shape after concat: (200,)
  Pred std: 0.003991, range: 0.016172, mean: 0.029267
  Pos: 100.0%, Neg: 0.0%, Unique: 198
  Dir Acc: 59.50%, Pred Sharpe: 116.4090
  Composite: 0.4745 (dist_match: 0.5950, actual_pos: 59.5%, pred_pos: 100.0%)
  Collapse penalty: 0.000000 (threshold: 0.005000)
  Saved validation predictions to: experiments/12c_h1_rolling/market_only_daily_h1_d025/fold_2018/collapse_monitoring/val_predictions_epoch27.npy
  Gradient norms:
    lstm_encoder: 0.004522
    lstm_decoder: 0.003547
    output_layer: 0.116095
  VSN output std:
    encoder: 0.205427
  Attention entropy: 2.995646
  Saved to: experiments/12c_h1_rolling/market_only_daily_h1_d025/fold_2018/collapse_monitoring/collapse_monitor_latest.json
[DEBUG CollapseMonitor] on_validation_epoch_start called for epoch 28
[DEBUG CollapseMonitor] reset_temporal_state() called on loss function
Epoch 28: val_loss=0.23770692944526672
Epoch 28: train_loss=0.5183263421058655

[CollapseMonitor] Epoch 28
  [DEBUG] Processed 4 batches from val_dataloader
  [DEBUG] Predictions shape after concat: (200,)
  Pred std: 0.003965, range: 0.016073, mean: 0.033911
  Pos: 100.0%, Neg: 0.0%, Unique: 199
  Dir Acc: 59.50%, Pred Sharpe: 135.7545
  Composite: 0.4745 (dist_match: 0.5950, actual_pos: 59.5%, pred_pos: 100.0%)
  Collapse penalty: 0.000000 (threshold: 0.005000)
  Saved validation predictions to: experiments/12c_h1_rolling/market_only_daily_h1_d025/fold_2018/collapse_monitoring/val_predictions_epoch28.npy
  Gradient norms:
    lstm_encoder: 0.004199
    lstm_decoder: 0.003233
    output_layer: 0.109000
  VSN output std:
    encoder: 0.205015
  Attention entropy: 2.995647
  Saved to: experiments/12c_h1_rolling/market_only_daily_h1_d025/fold_2018/collapse_monitoring/collapse_monitor_latest.json
[DEBUG CollapseMonitor] on_validation_epoch_start called for epoch 29
[DEBUG CollapseMonitor] reset_temporal_state() called on loss function
Epoch 29: val_loss=0.23743881285190582
Epoch 29: train_loss=0.5174843668937683

[CollapseMonitor] Epoch 29
  [DEBUG] Processed 4 batches from val_dataloader
  [DEBUG] Predictions shape after concat: (200,)
  Pred std: 0.003903, range: 0.015785, mean: 0.034326
  Pos: 100.0%, Neg: 0.0%, Unique: 198
  Dir Acc: 59.50%, Pred Sharpe: 139.6287
  Composite: 0.4745 (dist_match: 0.5950, actual_pos: 59.5%, pred_pos: 100.0%)
  Collapse penalty: 0.000000 (threshold: 0.005000)
  Saved validation predictions to: experiments/12c_h1_rolling/market_only_daily_h1_d025/fold_2018/collapse_monitoring/val_predictions_epoch29.npy
  Gradient norms:
    lstm_encoder: 0.004341
    lstm_decoder: 0.003407
    output_layer: 0.111279
  VSN output std:
    encoder: 0.205579
  Attention entropy: 2.995649
  Saved to: experiments/12c_h1_rolling/market_only_daily_h1_d025/fold_2018/collapse_monitoring/collapse_monitor_latest.json
[DEBUG CollapseMonitor] on_validation_epoch_start called for epoch 30
[DEBUG CollapseMonitor] reset_temporal_state() called on loss function
Epoch 30: val_loss=0.23743239045143127
Epoch 30: train_loss=0.5200290679931641

[CollapseMonitor] Epoch 30
  [DEBUG] Processed 4 batches from val_dataloader
  [DEBUG] Predictions shape after concat: (200,)
  Pred std: 0.003903, range: 0.015772, mean: 0.027646
  Pos: 100.0%, Neg: 0.0%, Unique: 200
  Dir Acc: 59.50%, Pred Sharpe: 112.4576
  Composite: 0.4745 (dist_match: 0.5950, actual_pos: 59.5%, pred_pos: 100.0%)
  Collapse penalty: 0.000000 (threshold: 0.005000)
  Saved validation predictions to: experiments/12c_h1_rolling/market_only_daily_h1_d025/fold_2018/collapse_monitoring/val_predictions_epoch30.npy
  Gradient norms:
    lstm_encoder: 0.004341
    lstm_decoder: 0.003435
    output_layer: 0.111353
  VSN output std:
    encoder: 0.205169
  Attention entropy: 2.995648
  Saved to: experiments/12c_h1_rolling/market_only_daily_h1_d025/fold_2018/collapse_monitoring/collapse_monitor_latest.json
[DEBUG CollapseMonitor] on_validation_epoch_start called for epoch 31
[DEBUG CollapseMonitor] reset_temporal_state() called on loss function
Epoch 31: val_loss=0.23700736463069916
Epoch 31: train_loss=0.5175108909606934

[CollapseMonitor] Epoch 31
  [DEBUG] Processed 4 batches from val_dataloader
  [DEBUG] Predictions shape after concat: (200,)
  Pred std: 0.003911, range: 0.015769, mean: 0.031088
  Pos: 100.0%, Neg: 0.0%, Unique: 198
  Dir Acc: 59.50%, Pred Sharpe: 126.1975
  Composite: 0.4745 (dist_match: 0.5950, actual_pos: 59.5%, pred_pos: 100.0%)
  Collapse penalty: 0.000000 (threshold: 0.005000)
  Saved validation predictions to: experiments/12c_h1_rolling/market_only_daily_h1_d025/fold_2018/collapse_monitoring/val_predictions_epoch31.npy
  Gradient norms:
    lstm_encoder: 0.004613
    lstm_decoder: 0.003501
    output_layer: 0.110219
  VSN output std:
    encoder: 0.203618
  Attention entropy: 2.995646
  Saved to: experiments/12c_h1_rolling/market_only_daily_h1_d025/fold_2018/collapse_monitoring/collapse_monitor_latest.json
[DEBUG CollapseMonitor] on_validation_epoch_start called for epoch 32
[DEBUG CollapseMonitor] reset_temporal_state() called on loss function
Epoch 32: val_loss=0.23691612482070923
Epoch 32: train_loss=0.5142203569412231

[CollapseMonitor] Epoch 32
  [DEBUG] Processed 4 batches from val_dataloader
  [DEBUG] Predictions shape after concat: (200,)
  Pred std: 0.003893, range: 0.015696, mean: 0.038635
  Pos: 100.0%, Neg: 0.0%, Unique: 198
  Dir Acc: 59.50%, Pred Sharpe: 157.5532
  Composite: 0.4745 (dist_match: 0.5950, actual_pos: 59.5%, pred_pos: 100.0%)
  Collapse penalty: 0.000000 (threshold: 0.005000)
  Saved validation predictions to: experiments/12c_h1_rolling/market_only_daily_h1_d025/fold_2018/collapse_monitoring/val_predictions_epoch32.npy
  Gradient norms:
    lstm_encoder: 0.004532
    lstm_decoder: 0.003415
    output_layer: 0.111137
  VSN output std:
    encoder: 0.202516
  Attention entropy: 2.995643
  Saved to: experiments/12c_h1_rolling/market_only_daily_h1_d025/fold_2018/collapse_monitoring/collapse_monitor_latest.json
[DEBUG CollapseMonitor] on_validation_epoch_start called for epoch 33
[DEBUG CollapseMonitor] reset_temporal_state() called on loss function
Epoch 33: val_loss=0.23654820024967194
Epoch 33: train_loss=0.5159763693809509

[CollapseMonitor] Epoch 33
  [DEBUG] Processed 4 batches from val_dataloader
  [DEBUG] Predictions shape after concat: (200,)
  Pred std: 0.003872, range: 0.015597, mean: 0.040463
  Pos: 100.0%, Neg: 0.0%, Unique: 199
  Dir Acc: 59.50%, Pred Sharpe: 165.9101
  Composite: 0.4745 (dist_match: 0.5950, actual_pos: 59.5%, pred_pos: 100.0%)
  Collapse penalty: 0.000000 (threshold: 0.005000)
  Saved validation predictions to: experiments/12c_h1_rolling/market_only_daily_h1_d025/fold_2018/collapse_monitoring/val_predictions_epoch33.npy
  Gradient norms:
    lstm_encoder: 0.004717
    lstm_decoder: 0.003529
    output_layer: 0.107335
  VSN output std:
    encoder: 0.202696
  Attention entropy: 2.995644
  Saved to: experiments/12c_h1_rolling/market_only_daily_h1_d025/fold_2018/collapse_monitoring/collapse_monitor_latest.json
[DEBUG CollapseMonitor] on_validation_epoch_start called for epoch 34
[DEBUG CollapseMonitor] reset_temporal_state() called on loss function
Epoch 34: val_loss=0.23664678633213043
Epoch 34: train_loss=0.517427384853363

[CollapseMonitor] Epoch 34
  [DEBUG] Processed 4 batches from val_dataloader
  [DEBUG] Predictions shape after concat: (200,)
  Pred std: 0.003855, range: 0.015438, mean: 0.034163
  Pos: 100.0%, Neg: 0.0%, Unique: 199
  Dir Acc: 59.50%, Pred Sharpe: 140.6927
  Composite: 0.4745 (dist_match: 0.5950, actual_pos: 59.5%, pred_pos: 100.0%)
  Collapse penalty: 0.000000 (threshold: 0.005000)
  Saved validation predictions to: experiments/12c_h1_rolling/market_only_daily_h1_d025/fold_2018/collapse_monitoring/val_predictions_epoch34.npy
  Gradient norms:
    lstm_encoder: 0.004400
    lstm_decoder: 0.003314
    output_layer: 0.097302
  VSN output std:
    encoder: 0.202504
  Attention entropy: 2.995641
  Saved to: experiments/12c_h1_rolling/market_only_daily_h1_d025/fold_2018/collapse_monitoring/collapse_monitor_latest.json
[DEBUG CollapseMonitor] on_validation_epoch_start called for epoch 35
[DEBUG CollapseMonitor] reset_temporal_state() called on loss function
Epoch 35: val_loss=0.23674826323986053
Epoch 35: train_loss=0.5172989368438721

[CollapseMonitor] Epoch 35
  [DEBUG] Processed 4 batches from val_dataloader
  [DEBUG] Predictions shape after concat: (200,)
  Pred std: 0.003869, range: 0.015467, mean: 0.037936
  Pos: 100.0%, Neg: 0.0%, Unique: 199
  Dir Acc: 59.50%, Pred Sharpe: 155.6584
  Composite: 0.4745 (dist_match: 0.5950, actual_pos: 59.5%, pred_pos: 100.0%)
  Collapse penalty: 0.000000 (threshold: 0.005000)
  Saved validation predictions to: experiments/12c_h1_rolling/market_only_daily_h1_d025/fold_2018/collapse_monitoring/val_predictions_epoch35.npy
  Gradient norms:
    lstm_encoder: 0.004686
    lstm_decoder: 0.003513
    output_layer: 0.108449
  VSN output std:
    encoder: 0.201793
  Attention entropy: 2.995639
  Saved to: experiments/12c_h1_rolling/market_only_daily_h1_d025/fold_2018/collapse_monitoring/collapse_monitor_latest.json
[DEBUG CollapseMonitor] on_validation_epoch_start called for epoch 36
[DEBUG CollapseMonitor] reset_temporal_state() called on loss function
Epoch 36: val_loss=0.2370283007621765
Epoch 36: train_loss=0.5162520408630371

[CollapseMonitor] Epoch 36
  [DEBUG] Processed 4 batches from val_dataloader
  [DEBUG] Predictions shape after concat: (200,)
  Pred std: 0.003888, range: 0.015490, mean: 0.037528
  Pos: 100.0%, Neg: 0.0%, Unique: 196
  Dir Acc: 59.50%, Pred Sharpe: 153.2300
  Composite: 0.4745 (dist_match: 0.5950, actual_pos: 59.5%, pred_pos: 100.0%)
  Collapse penalty: 0.000000 (threshold: 0.005000)
  Saved validation predictions to: experiments/12c_h1_rolling/market_only_daily_h1_d025/fold_2018/collapse_monitoring/val_predictions_epoch36.npy
  Gradient norms:
    lstm_encoder: 0.004722
    lstm_decoder: 0.003614
    output_layer: 0.109484
  VSN output std:
    encoder: 0.201607
  Attention entropy: 2.995636
  Saved to: experiments/12c_h1_rolling/market_only_daily_h1_d025/fold_2018/collapse_monitoring/collapse_monitor_latest.json
[DEBUG CollapseMonitor] on_validation_epoch_start called for epoch 37
[DEBUG CollapseMonitor] reset_temporal_state() called on loss function
Epoch 37: val_loss=0.23676256835460663
Epoch 37: train_loss=0.5159566402435303

[CollapseMonitor] Epoch 37
  [DEBUG] Processed 4 batches from val_dataloader
  [DEBUG] Predictions shape after concat: (200,)
  Pred std: 0.003891, range: 0.015476, mean: 0.036909
  Pos: 100.0%, Neg: 0.0%, Unique: 194
  Dir Acc: 59.50%, Pred Sharpe: 150.5773
  Composite: 0.4745 (dist_match: 0.5950, actual_pos: 59.5%, pred_pos: 100.0%)
  Collapse penalty: 0.000000 (threshold: 0.005000)
  Saved validation predictions to: experiments/12c_h1_rolling/market_only_daily_h1_d025/fold_2018/collapse_monitoring/val_predictions_epoch37.npy
  Gradient norms:
    lstm_encoder: 0.004577
    lstm_decoder: 0.003272
    output_layer: 0.096218
  VSN output std:
    encoder: 0.201077
  Attention entropy: 2.995635
  Saved to: experiments/12c_h1_rolling/market_only_daily_h1_d025/fold_2018/collapse_monitoring/collapse_monitor_latest.json
[DEBUG CollapseMonitor] on_validation_epoch_start called for epoch 38
[DEBUG CollapseMonitor] reset_temporal_state() called on loss function
Epoch 38: val_loss=0.23685896396636963
Epoch 38: train_loss=0.5149675607681274

[CollapseMonitor] Epoch 38
  [DEBUG] Processed 4 batches from val_dataloader
  [DEBUG] Predictions shape after concat: (200,)
  Pred std: 0.003901, range: 0.015502, mean: 0.033547
  Pos: 100.0%, Neg: 0.0%, Unique: 199
  Dir Acc: 59.50%, Pred Sharpe: 136.5234
  Composite: 0.4745 (dist_match: 0.5950, actual_pos: 59.5%, pred_pos: 100.0%)
  Collapse penalty: 0.000000 (threshold: 0.005000)
  Saved validation predictions to: experiments/12c_h1_rolling/market_only_daily_h1_d025/fold_2018/collapse_monitoring/val_predictions_epoch38.npy
  Gradient norms:
    lstm_encoder: 0.004877
    lstm_decoder: 0.003574
    output_layer: 0.116980
  VSN output std:
    encoder: 0.200656
  Attention entropy: 2.995632
  Saved to: experiments/12c_h1_rolling/market_only_daily_h1_d025/fold_2018/collapse_monitoring/collapse_monitor_latest.json
[DEBUG CollapseMonitor] on_validation_epoch_start called for epoch 39
[DEBUG CollapseMonitor] reset_temporal_state() called on loss function
Epoch 39: val_loss=0.23658175766468048
Epoch 39: train_loss=0.5160775184631348

[CollapseMonitor] Epoch 39
  [DEBUG] Processed 4 batches from val_dataloader
  [DEBUG] Predictions shape after concat: (200,)
  Pred std: 0.003898, range: 0.015449, mean: 0.037841
  Pos: 100.0%, Neg: 0.0%, Unique: 199
  Dir Acc: 59.50%, Pred Sharpe: 154.1021
  Composite: 0.4745 (dist_match: 0.5950, actual_pos: 59.5%, pred_pos: 100.0%)
  Collapse penalty: 0.000000 (threshold: 0.005000)
  Saved validation predictions to: experiments/12c_h1_rolling/market_only_daily_h1_d025/fold_2018/collapse_monitoring/val_predictions_epoch39.npy
  Gradient norms:
    lstm_encoder: 0.004765
    lstm_decoder: 0.003519
    output_layer: 0.109906
  VSN output std:
    encoder: 0.200665
  Attention entropy: 2.995629
  Saved to: experiments/12c_h1_rolling/market_only_daily_h1_d025/fold_2018/collapse_monitoring/collapse_monitor_latest.json
[DEBUG CollapseMonitor] on_validation_epoch_start called for epoch 40
[DEBUG CollapseMonitor] reset_temporal_state() called on loss function
Epoch 40: val_loss=0.23644191026687622
Epoch 40: train_loss=0.5141893625259399

[CollapseMonitor] Epoch 40
  [DEBUG] Processed 4 batches from val_dataloader
  [DEBUG] Predictions shape after concat: (200,)
  Pred std: 0.003885, range: 0.015376, mean: 0.039197
  Pos: 100.0%, Neg: 0.0%, Unique: 200
  Dir Acc: 59.50%, Pred Sharpe: 160.1743
  Composite: 0.4745 (dist_match: 0.5950, actual_pos: 59.5%, pred_pos: 100.0%)
  Collapse penalty: 0.000000 (threshold: 0.005000)
  Saved validation predictions to: experiments/12c_h1_rolling/market_only_daily_h1_d025/fold_2018/collapse_monitoring/val_predictions_epoch40.npy
  Gradient norms:
    lstm_encoder: 0.004622
    lstm_decoder: 0.003465
    output_layer: 0.105176
  VSN output std:
    encoder: 0.201343
  Attention entropy: 2.995630
  Saved to: experiments/12c_h1_rolling/market_only_daily_h1_d025/fold_2018/collapse_monitoring/collapse_monitor_latest.json
[DEBUG CollapseMonitor] on_validation_epoch_start called for epoch 41
[DEBUG CollapseMonitor] reset_temporal_state() called on loss function
Epoch 41: val_loss=0.23648813366889954
Epoch 41: train_loss=0.5140313506126404

[CollapseMonitor] Epoch 41
  [DEBUG] Processed 4 batches from val_dataloader
  [DEBUG] Predictions shape after concat: (200,)
  Pred std: 0.003873, range: 0.015295, mean: 0.037590
  Pos: 100.0%, Neg: 0.0%, Unique: 200
  Dir Acc: 59.50%, Pred Sharpe: 154.0894
  Composite: 0.4745 (dist_match: 0.5950, actual_pos: 59.5%, pred_pos: 100.0%)
  Collapse penalty: 0.000000 (threshold: 0.005000)
  Saved validation predictions to: experiments/12c_h1_rolling/market_only_daily_h1_d025/fold_2018/collapse_monitoring/val_predictions_epoch41.npy
  Gradient norms:
    lstm_encoder: 0.004729
    lstm_decoder: 0.003457
    output_layer: 0.107557
  VSN output std:
    encoder: 0.201262
  Attention entropy: 2.995631
  Saved to: experiments/12c_h1_rolling/market_only_daily_h1_d025/fold_2018/collapse_monitoring/collapse_monitor_latest.json
[DEBUG CollapseMonitor] on_validation_epoch_start called for epoch 42
[DEBUG CollapseMonitor] reset_temporal_state() called on loss function
Epoch 42: val_loss=0.23624354600906372
Epoch 42: train_loss=0.5151441693305969

[CollapseMonitor] Epoch 42
  [DEBUG] Processed 4 batches from val_dataloader
  [DEBUG] Predictions shape after concat: (200,)
  Pred std: 0.003912, range: 0.015428, mean: 0.031197
  Pos: 100.0%, Neg: 0.0%, Unique: 199
  Dir Acc: 59.50%, Pred Sharpe: 126.6095
  Composite: 0.4745 (dist_match: 0.5950, actual_pos: 59.5%, pred_pos: 100.0%)
  Collapse penalty: 0.000000 (threshold: 0.005000)
  Saved validation predictions to: experiments/12c_h1_rolling/market_only_daily_h1_d025/fold_2018/collapse_monitoring/val_predictions_epoch42.npy
  Gradient norms:
    lstm_encoder: 0.004984
    lstm_decoder: 0.003815
    output_layer: 0.110027
  VSN output std:
    encoder: 0.200417
  Attention entropy: 2.995625
  Saved to: experiments/12c_h1_rolling/market_only_daily_h1_d025/fold_2018/collapse_monitoring/collapse_monitor_latest.json
[DEBUG CollapseMonitor] on_validation_epoch_start called for epoch 43
[DEBUG CollapseMonitor] reset_temporal_state() called on loss function
Epoch 43: val_loss=0.2357402741909027
Epoch 43: train_loss=0.5158796906471252

[CollapseMonitor] Epoch 43
  [DEBUG] Processed 4 batches from val_dataloader
  [DEBUG] Predictions shape after concat: (200,)
  Pred std: 0.003934, range: 0.015499, mean: 0.033960
  Pos: 100.0%, Neg: 0.0%, Unique: 198
  Dir Acc: 59.50%, Pred Sharpe: 137.0480
  Composite: 0.4745 (dist_match: 0.5950, actual_pos: 59.5%, pred_pos: 100.0%)
  Collapse penalty: 0.000000 (threshold: 0.005000)
  Saved validation predictions to: experiments/12c_h1_rolling/market_only_daily_h1_d025/fold_2018/collapse_monitoring/val_predictions_epoch43.npy
  Gradient norms:
    lstm_encoder: 0.004973
    lstm_decoder: 0.003841
    output_layer: 0.119794
  VSN output std:
    encoder: 0.199875
  Attention entropy: 2.995623
  Saved to: experiments/12c_h1_rolling/market_only_daily_h1_d025/fold_2018/collapse_monitoring/collapse_monitor_latest.json
[DEBUG CollapseMonitor] on_validation_epoch_start called for epoch 44
[DEBUG CollapseMonitor] reset_temporal_state() called on loss function
Epoch 44: val_loss=0.23564501106739044
Epoch 44: train_loss=0.5126543045043945

[CollapseMonitor] Epoch 44
  [DEBUG] Processed 4 batches from val_dataloader
  [DEBUG] Predictions shape after concat: (200,)
  Pred std: 0.003917, range: 0.015404, mean: 0.031077
  Pos: 100.0%, Neg: 0.0%, Unique: 195
  Dir Acc: 59.50%, Pred Sharpe: 125.9419
  Composite: 0.4745 (dist_match: 0.5950, actual_pos: 59.5%, pred_pos: 100.0%)
  Collapse penalty: 0.000000 (threshold: 0.005000)
  Saved validation predictions to: experiments/12c_h1_rolling/market_only_daily_h1_d025/fold_2018/collapse_monitoring/val_predictions_epoch44.npy
  Gradient norms:
    lstm_encoder: 0.004846
    lstm_decoder: 0.003629
    output_layer: 0.112570
  VSN output std:
    encoder: 0.199689
  Attention entropy: 2.995624
  Saved to: experiments/12c_h1_rolling/market_only_daily_h1_d025/fold_2018/collapse_monitoring/collapse_monitor_latest.json
[DEBUG CollapseMonitor] on_validation_epoch_start called for epoch 45
[DEBUG CollapseMonitor] reset_temporal_state() called on loss function
Epoch 45: val_loss=0.23564442992210388
Epoch 45: train_loss=0.5157161355018616

[CollapseMonitor] Epoch 45
  [DEBUG] Processed 4 batches from val_dataloader
  [DEBUG] Predictions shape after concat: (200,)
  Pred std: 0.003906, range: 0.015315, mean: 0.032314
  Pos: 100.0%, Neg: 0.0%, Unique: 195
  Dir Acc: 59.50%, Pred Sharpe: 131.3427
  Composite: 0.4745 (dist_match: 0.5950, actual_pos: 59.5%, pred_pos: 100.0%)
  Collapse penalty: 0.000000 (threshold: 0.005000)
  Saved validation predictions to: experiments/12c_h1_rolling/market_only_daily_h1_d025/fold_2018/collapse_monitoring/val_predictions_epoch45.npy
  Gradient norms:
    lstm_encoder: 0.004991
    lstm_decoder: 0.003515
    output_layer: 0.104530
  VSN output std:
    encoder: 0.199162
  Attention entropy: 2.995622
  Saved to: experiments/12c_h1_rolling/market_only_daily_h1_d025/fold_2018/collapse_monitoring/collapse_monitor_latest.json
[DEBUG CollapseMonitor] on_validation_epoch_start called for epoch 46
[DEBUG CollapseMonitor] reset_temporal_state() called on loss function
Epoch 46: val_loss=0.23557859659194946
Epoch 46: train_loss=0.5148813724517822

[CollapseMonitor] Epoch 46
  [DEBUG] Processed 4 batches from val_dataloader
  [DEBUG] Predictions shape after concat: (200,)
  Pred std: 0.003925, range: 0.015400, mean: 0.032681
  Pos: 100.0%, Neg: 0.0%, Unique: 196
  Dir Acc: 59.50%, Pred Sharpe: 132.1788
  Composite: 0.4745 (dist_match: 0.5950, actual_pos: 59.5%, pred_pos: 100.0%)
  Collapse penalty: 0.000000 (threshold: 0.005000)
  Saved validation predictions to: experiments/12c_h1_rolling/market_only_daily_h1_d025/fold_2018/collapse_monitoring/val_predictions_epoch46.npy
  Gradient norms:
    lstm_encoder: 0.004891
    lstm_decoder: 0.003790
    output_layer: 0.111053
  VSN output std:
    encoder: 0.198526
  Attention entropy: 2.995620
  Saved to: experiments/12c_h1_rolling/market_only_daily_h1_d025/fold_2018/collapse_monitoring/collapse_monitor_latest.json
[DEBUG CollapseMonitor] on_validation_epoch_start called for epoch 47
[DEBUG CollapseMonitor] reset_temporal_state() called on loss function
Epoch 47: val_loss=0.23559127748012543
Epoch 47: train_loss=0.514490008354187

[CollapseMonitor] Epoch 47
  [DEBUG] Processed 4 batches from val_dataloader
  [DEBUG] Predictions shape after concat: (200,)
  Pred std: 0.003937, range: 0.015445, mean: 0.033387
  Pos: 100.0%, Neg: 0.0%, Unique: 197
  Dir Acc: 59.50%, Pred Sharpe: 134.6357
  Composite: 0.4745 (dist_match: 0.5950, actual_pos: 59.5%, pred_pos: 100.0%)
  Collapse penalty: 0.000000 (threshold: 0.005000)
  Saved validation predictions to: experiments/12c_h1_rolling/market_only_daily_h1_d025/fold_2018/collapse_monitoring/val_predictions_epoch47.npy
  Gradient norms:
    lstm_encoder: 0.004841
    lstm_decoder: 0.003641
    output_layer: 0.109570
  VSN output std:
    encoder: 0.198093
  Attention entropy: 2.995619
  Saved to: experiments/12c_h1_rolling/market_only_daily_h1_d025/fold_2018/collapse_monitoring/collapse_monitor_latest.json
[DEBUG CollapseMonitor] on_validation_epoch_start called for epoch 48
[DEBUG CollapseMonitor] reset_temporal_state() called on loss function
Epoch 48: val_loss=0.23554903268814087
Epoch 48: train_loss=0.5159077644348145

[CollapseMonitor] Epoch 48
  [DEBUG] Processed 4 batches from val_dataloader
  [DEBUG] Predictions shape after concat: (200,)
  Pred std: 0.003945, range: 0.015476, mean: 0.031380
  Pos: 100.0%, Neg: 0.0%, Unique: 198
  Dir Acc: 59.50%, Pred Sharpe: 126.2866
  Composite: 0.4745 (dist_match: 0.5950, actual_pos: 59.5%, pred_pos: 100.0%)
  Collapse penalty: 0.000000 (threshold: 0.005000)
  Saved validation predictions to: experiments/12c_h1_rolling/market_only_daily_h1_d025/fold_2018/collapse_monitoring/val_predictions_epoch48.npy
  Gradient norms:
    lstm_encoder: 0.005032
    lstm_decoder: 0.003783
    output_layer: 0.116736
  VSN output std:
    encoder: 0.197612
  Attention entropy: 2.995616
  Saved to: experiments/12c_h1_rolling/market_only_daily_h1_d025/fold_2018/collapse_monitoring/collapse_monitor_latest.json
[DEBUG CollapseMonitor] on_validation_epoch_start called for epoch 49
[DEBUG CollapseMonitor] reset_temporal_state() called on loss function
Epoch 49: val_loss=0.2355813831090927
Epoch 49: train_loss=0.5143862366676331

[CollapseMonitor] Epoch 49
  [DEBUG] Processed 4 batches from val_dataloader
  [DEBUG] Predictions shape after concat: (200,)
  Pred std: 0.003943, range: 0.015460, mean: 0.031505
  Pos: 100.0%, Neg: 0.0%, Unique: 197
  Dir Acc: 59.50%, Pred Sharpe: 126.8254
  Composite: 0.4745 (dist_match: 0.5950, actual_pos: 59.5%, pred_pos: 100.0%)
  Collapse penalty: 0.000000 (threshold: 0.005000)
  Saved validation predictions to: experiments/12c_h1_rolling/market_only_daily_h1_d025/fold_2018/collapse_monitoring/val_predictions_epoch49.npy
  Gradient norms:
    lstm_encoder: 0.004969
    lstm_decoder: 0.003749
    output_layer: 0.110118
  VSN output std:
    encoder: 0.196955
  Attention entropy: 2.995615
  Saved to: experiments/12c_h1_rolling/market_only_daily_h1_d025/fold_2018/collapse_monitoring/collapse_monitor_latest.json
[DEBUG CollapseMonitor] on_validation_epoch_start called for epoch 50
[DEBUG CollapseMonitor] reset_temporal_state() called on loss function
Epoch 50: val_loss=0.2353743612766266
Epoch 50: train_loss=0.5143677592277527

[CollapseMonitor] Epoch 50
  [DEBUG] Processed 4 batches from val_dataloader
  [DEBUG] Predictions shape after concat: (200,)
  Pred std: 0.003937, range: 0.015416, mean: 0.035342
  Pos: 100.0%, Neg: 0.0%, Unique: 200
  Dir Acc: 59.50%, Pred Sharpe: 142.4915
  Composite: 0.4745 (dist_match: 0.5950, actual_pos: 59.5%, pred_pos: 100.0%)
  Collapse penalty: 0.000000 (threshold: 0.005000)
  Saved validation predictions to: experiments/12c_h1_rolling/market_only_daily_h1_d025/fold_2018/collapse_monitoring/val_predictions_epoch50.npy
  Gradient norms:
    lstm_encoder: 0.005346
    lstm_decoder: 0.003891
    output_layer: 0.115777
  VSN output std:
    encoder: 0.196417
  Attention entropy: 2.995614
  Saved to: experiments/12c_h1_rolling/market_only_daily_h1_d025/fold_2018/collapse_monitoring/collapse_monitor_latest.json
[DEBUG CollapseMonitor] on_validation_epoch_start called for epoch 51
[DEBUG CollapseMonitor] reset_temporal_state() called on loss function
Epoch 51: val_loss=0.23536328971385956
Epoch 51: train_loss=0.5153969526290894

[CollapseMonitor] Epoch 51
  [DEBUG] Processed 4 batches from val_dataloader
  [DEBUG] Predictions shape after concat: (200,)
  Pred std: 0.003939, range: 0.015419, mean: 0.034706
  Pos: 100.0%, Neg: 0.0%, Unique: 197
  Dir Acc: 59.50%, Pred Sharpe: 139.8537
  Composite: 0.4745 (dist_match: 0.5950, actual_pos: 59.5%, pred_pos: 100.0%)
  Collapse penalty: 0.000000 (threshold: 0.005000)
  Saved validation predictions to: experiments/12c_h1_rolling/market_only_daily_h1_d025/fold_2018/collapse_monitoring/val_predictions_epoch51.npy
  Gradient norms:
    lstm_encoder: 0.004757
    lstm_decoder: 0.003454
    output_layer: 0.099302
  VSN output std:
    encoder: 0.195996
  Attention entropy: 2.995612
  Saved to: experiments/12c_h1_rolling/market_only_daily_h1_d025/fold_2018/collapse_monitoring/collapse_monitor_latest.json
[DEBUG CollapseMonitor] on_validation_epoch_start called for epoch 52
[DEBUG CollapseMonitor] reset_temporal_state() called on loss function
Epoch 52: val_loss=0.23545345664024353
Epoch 52: train_loss=0.5137209892272949

[CollapseMonitor] Epoch 52
  [DEBUG] Processed 4 batches from val_dataloader
  [DEBUG] Predictions shape after concat: (200,)
  Pred std: 0.003919, range: 0.015300, mean: 0.034900
  Pos: 100.0%, Neg: 0.0%, Unique: 195
  Dir Acc: 59.50%, Pred Sharpe: 141.3742
  Composite: 0.4745 (dist_match: 0.5950, actual_pos: 59.5%, pred_pos: 100.0%)
  Collapse penalty: 0.000000 (threshold: 0.005000)
  Saved validation predictions to: experiments/12c_h1_rolling/market_only_daily_h1_d025/fold_2018/collapse_monitoring/val_predictions_epoch52.npy
  Gradient norms:
    lstm_encoder: 0.004982
    lstm_decoder: 0.003698
    output_layer: 0.108740
  VSN output std:
    encoder: 0.195844
  Attention entropy: 2.995612
  Saved to: experiments/12c_h1_rolling/market_only_daily_h1_d025/fold_2018/collapse_monitoring/collapse_monitor_latest.json
[DEBUG CollapseMonitor] on_validation_epoch_start called for epoch 53
[DEBUG CollapseMonitor] reset_temporal_state() called on loss function
Epoch 53: val_loss=0.23547440767288208
Epoch 53: train_loss=0.5156165361404419

[CollapseMonitor] Epoch 53
  [DEBUG] Processed 4 batches from val_dataloader
  [DEBUG] Predictions shape after concat: (200,)
  Pred std: 0.003925, range: 0.015331, mean: 0.033916
  Pos: 100.0%, Neg: 0.0%, Unique: 198
  Dir Acc: 59.50%, Pred Sharpe: 137.1591
  Composite: 0.4745 (dist_match: 0.5950, actual_pos: 59.5%, pred_pos: 100.0%)
  Collapse penalty: 0.000000 (threshold: 0.005000)
  Saved validation predictions to: experiments/12c_h1_rolling/market_only_daily_h1_d025/fold_2018/collapse_monitoring/val_predictions_epoch53.npy
  Gradient norms:
    lstm_encoder: 0.004845
    lstm_decoder: 0.003539
    output_layer: 0.104771
  VSN output std:
    encoder: 0.195349
  Attention entropy: 2.995610
  Saved to: experiments/12c_h1_rolling/market_only_daily_h1_d025/fold_2018/collapse_monitoring/collapse_monitor_latest.json
[DEBUG CollapseMonitor] on_validation_epoch_start called for epoch 54
[DEBUG CollapseMonitor] reset_temporal_state() called on loss function
Epoch 54: val_loss=0.23547521233558655
Epoch 54: train_loss=0.5154560208320618

[CollapseMonitor] Epoch 54
  [DEBUG] Processed 4 batches from val_dataloader
  [DEBUG] Predictions shape after concat: (200,)
  Pred std: 0.003942, range: 0.015395, mean: 0.032016
  Pos: 100.0%, Neg: 0.0%, Unique: 196
  Dir Acc: 59.50%, Pred Sharpe: 128.9326
  Composite: 0.4745 (dist_match: 0.5950, actual_pos: 59.5%, pred_pos: 100.0%)
  Collapse penalty: 0.000000 (threshold: 0.005000)
  Saved validation predictions to: experiments/12c_h1_rolling/market_only_daily_h1_d025/fold_2018/collapse_monitoring/val_predictions_epoch54.npy
  Gradient norms:
    lstm_encoder: 0.005330
    lstm_decoder: 0.003996
    output_layer: 0.116494
  VSN output std:
    encoder: 0.194899
  Attention entropy: 2.995608
  Saved to: experiments/12c_h1_rolling/market_only_daily_h1_d025/fold_2018/collapse_monitoring/collapse_monitor_latest.json
[DEBUG CollapseMonitor] on_validation_epoch_start called for epoch 55
[DEBUG CollapseMonitor] reset_temporal_state() called on loss function
Epoch 55: val_loss=0.23551824688911438
Epoch 55: train_loss=0.5159767866134644

[CollapseMonitor] Epoch 55
  [DEBUG] Processed 4 batches from val_dataloader
  [DEBUG] Predictions shape after concat: (200,)
  Pred std: 0.003940, range: 0.015382, mean: 0.032646
  Pos: 100.0%, Neg: 0.0%, Unique: 196
  Dir Acc: 59.50%, Pred Sharpe: 131.5456
  Composite: 0.4745 (dist_match: 0.5950, actual_pos: 59.5%, pred_pos: 100.0%)
  Collapse penalty: 0.000000 (threshold: 0.005000)
  Saved validation predictions to: experiments/12c_h1_rolling/market_only_daily_h1_d025/fold_2018/collapse_monitoring/val_predictions_epoch55.npy
  Gradient norms:
    lstm_encoder: 0.005098
    lstm_decoder: 0.003545
    output_layer: 0.097991
  VSN output std:
    encoder: 0.194733
  Attention entropy: 2.995608
  Saved to: experiments/12c_h1_rolling/market_only_daily_h1_d025/fold_2018/collapse_monitoring/collapse_monitor_latest.json
[DEBUG CollapseMonitor] on_validation_epoch_start called for epoch 56
[DEBUG CollapseMonitor] reset_temporal_state() called on loss function
Epoch 56: val_loss=0.2353932410478592
Epoch 56: train_loss=0.5137812495231628

[CollapseMonitor] Epoch 56
  [DEBUG] Processed 4 batches from val_dataloader
  [DEBUG] Predictions shape after concat: (200,)
  Pred std: 0.003938, range: 0.015369, mean: 0.031904
  Pos: 100.0%, Neg: 0.0%, Unique: 198
  Dir Acc: 59.50%, Pred Sharpe: 128.6198
  Composite: 0.4745 (dist_match: 0.5950, actual_pos: 59.5%, pred_pos: 100.0%)
  Collapse penalty: 0.000000 (threshold: 0.005000)
  Saved validation predictions to: experiments/12c_h1_rolling/market_only_daily_h1_d025/fold_2018/collapse_monitoring/val_predictions_epoch56.npy
  Gradient norms:
    lstm_encoder: 0.005400
    lstm_decoder: 0.003893
    output_layer: 0.106208
  VSN output std:
    encoder: 0.194630
  Attention entropy: 2.995607
  Saved to: experiments/12c_h1_rolling/market_only_daily_h1_d025/fold_2018/collapse_monitoring/collapse_monitor_latest.json
[DEBUG CollapseMonitor] on_validation_epoch_start called for epoch 57
[DEBUG CollapseMonitor] reset_temporal_state() called on loss function
Epoch 57: val_loss=0.23522470891475677
Epoch 57: train_loss=0.511879026889801

[CollapseMonitor] Epoch 57
  [DEBUG] Processed 4 batches from val_dataloader
  [DEBUG] Predictions shape after concat: (200,)
  Pred std: 0.003945, range: 0.015392, mean: 0.032490
  Pos: 100.0%, Neg: 0.0%, Unique: 195
  Dir Acc: 59.50%, Pred Sharpe: 130.7460
  Composite: 0.4745 (dist_match: 0.5950, actual_pos: 59.5%, pred_pos: 100.0%)
  Collapse penalty: 0.000000 (threshold: 0.005000)
  Saved validation predictions to: experiments/12c_h1_rolling/market_only_daily_h1_d025/fold_2018/collapse_monitoring/val_predictions_epoch57.npy
  Gradient norms:
    lstm_encoder: 0.005208
    lstm_decoder: 0.003695
    output_layer: 0.101384
  VSN output std:
    encoder: 0.194312
  Attention entropy: 2.995605
  Saved to: experiments/12c_h1_rolling/market_only_daily_h1_d025/fold_2018/collapse_monitoring/collapse_monitor_latest.json
[DEBUG CollapseMonitor] on_validation_epoch_start called for epoch 58
[DEBUG CollapseMonitor] reset_temporal_state() called on loss function
Epoch 58: val_loss=0.23508460819721222
Epoch 58: train_loss=0.5155119895935059

[CollapseMonitor] Epoch 58
  [DEBUG] Processed 4 batches from val_dataloader
  [DEBUG] Predictions shape after concat: (200,)
  Pred std: 0.003947, range: 0.015401, mean: 0.032517
  Pos: 100.0%, Neg: 0.0%, Unique: 196
  Dir Acc: 59.50%, Pred Sharpe: 130.7927
  Composite: 0.4745 (dist_match: 0.5950, actual_pos: 59.5%, pred_pos: 100.0%)
  Collapse penalty: 0.000000 (threshold: 0.005000)
  Saved validation predictions to: experiments/12c_h1_rolling/market_only_daily_h1_d025/fold_2018/collapse_monitoring/val_predictions_epoch58.npy
  Gradient norms:
    lstm_encoder: 0.005268
    lstm_decoder: 0.003847
    output_layer: 0.111836
  VSN output std:
    encoder: 0.193918
  Attention entropy: 2.995604
  Saved to: experiments/12c_h1_rolling/market_only_daily_h1_d025/fold_2018/collapse_monitoring/collapse_monitor_latest.json
[DEBUG CollapseMonitor] on_validation_epoch_start called for epoch 59
[DEBUG CollapseMonitor] reset_temporal_state() called on loss function
Epoch 59: val_loss=0.23505155742168427
Epoch 59: train_loss=0.5150129199028015

[CollapseMonitor] Epoch 59
  [DEBUG] Processed 4 batches from val_dataloader
  [DEBUG] Predictions shape after concat: (200,)
  Pred std: 0.003940, range: 0.015360, mean: 0.031511
  Pos: 100.0%, Neg: 0.0%, Unique: 198
  Dir Acc: 59.50%, Pred Sharpe: 126.9653
  Composite: 0.4745 (dist_match: 0.5950, actual_pos: 59.5%, pred_pos: 100.0%)
  Collapse penalty: 0.000000 (threshold: 0.005000)
  Saved validation predictions to: experiments/12c_h1_rolling/market_only_daily_h1_d025/fold_2018/collapse_monitoring/val_predictions_epoch59.npy
  Gradient norms:
    lstm_encoder: 0.005359
    lstm_decoder: 0.003768
    output_layer: 0.104433
  VSN output std:
    encoder: 0.194028
  Attention entropy: 2.995605
  Saved to: experiments/12c_h1_rolling/market_only_daily_h1_d025/fold_2018/collapse_monitoring/collapse_monitor_latest.json
[DEBUG CollapseMonitor] on_validation_epoch_start called for epoch 60
[DEBUG CollapseMonitor] reset_temporal_state() called on loss function
Epoch 60: val_loss=0.2350119799375534
Epoch 60: train_loss=0.5140625238418579

[CollapseMonitor] Epoch 60
  [DEBUG] Processed 4 batches from val_dataloader
  [DEBUG] Predictions shape after concat: (200,)
  Pred std: 0.003936, range: 0.015322, mean: 0.031373
  Pos: 100.0%, Neg: 0.0%, Unique: 197
  Dir Acc: 59.50%, Pred Sharpe: 126.5467
  Composite: 0.4745 (dist_match: 0.5950, actual_pos: 59.5%, pred_pos: 100.0%)
  Collapse penalty: 0.000000 (threshold: 0.005000)
  Saved validation predictions to: experiments/12c_h1_rolling/market_only_daily_h1_d025/fold_2018/collapse_monitoring/val_predictions_epoch60.npy
  Gradient norms:
    lstm_encoder: 0.005035
    lstm_decoder: 0.003732
    output_layer: 0.113968
  VSN output std:
    encoder: 0.193900
  Attention entropy: 2.995604
  Saved to: experiments/12c_h1_rolling/market_only_daily_h1_d025/fold_2018/collapse_monitoring/collapse_monitor_latest.json
[DEBUG CollapseMonitor] on_validation_epoch_start called for epoch 61
[DEBUG CollapseMonitor] reset_temporal_state() called on loss function
Epoch 61: val_loss=0.23495453596115112
Epoch 61: train_loss=0.51446932554245

[CollapseMonitor] Epoch 61
  [DEBUG] Processed 4 batches from val_dataloader
  [DEBUG] Predictions shape after concat: (200,)
  Pred std: 0.003945, range: 0.015361, mean: 0.031152
  Pos: 100.0%, Neg: 0.0%, Unique: 198
  Dir Acc: 59.50%, Pred Sharpe: 125.3651
  Composite: 0.4745 (dist_match: 0.5950, actual_pos: 59.5%, pred_pos: 100.0%)
  Collapse penalty: 0.000000 (threshold: 0.005000)
  Saved validation predictions to: experiments/12c_h1_rolling/market_only_daily_h1_d025/fold_2018/collapse_monitoring/val_predictions_epoch61.npy
  Gradient norms:
    lstm_encoder: 0.005007
    lstm_decoder: 0.003555
    output_layer: 0.096184
  VSN output std:
    encoder: 0.193405
  Attention entropy: 2.995602
  Saved to: experiments/12c_h1_rolling/market_only_daily_h1_d025/fold_2018/collapse_monitoring/collapse_monitor_latest.json
[DEBUG CollapseMonitor] on_validation_epoch_start called for epoch 62
[DEBUG CollapseMonitor] reset_temporal_state() called on loss function
Epoch 62: val_loss=0.23480722308158875
Epoch 62: train_loss=0.5160243511199951

[CollapseMonitor] Epoch 62
  [DEBUG] Processed 4 batches from val_dataloader
  [DEBUG] Predictions shape after concat: (200,)
  Pred std: 0.003946, range: 0.015364, mean: 0.033117
  Pos: 100.0%, Neg: 0.0%, Unique: 198
  Dir Acc: 59.50%, Pred Sharpe: 133.2277
  Composite: 0.4745 (dist_match: 0.5950, actual_pos: 59.5%, pred_pos: 100.0%)
  Collapse penalty: 0.000000 (threshold: 0.005000)
  Saved validation predictions to: experiments/12c_h1_rolling/market_only_daily_h1_d025/fold_2018/collapse_monitoring/val_predictions_epoch62.npy
  Gradient norms:
    lstm_encoder: 0.005130
    lstm_decoder: 0.003862
    output_layer: 0.115030
  VSN output std:
    encoder: 0.193014
  Attention entropy: 2.995601
  Saved to: experiments/12c_h1_rolling/market_only_daily_h1_d025/fold_2018/collapse_monitoring/collapse_monitor_latest.json
[DEBUG CollapseMonitor] on_validation_epoch_start called for epoch 63
[DEBUG CollapseMonitor] reset_temporal_state() called on loss function
Epoch 63: val_loss=0.23468124866485596
Epoch 63: train_loss=0.5147457718849182

[CollapseMonitor] Epoch 63
  [DEBUG] Processed 4 batches from val_dataloader
  [DEBUG] Predictions shape after concat: (200,)
  Pred std: 0.003942, range: 0.015338, mean: 0.033895
  Pos: 100.0%, Neg: 0.0%, Unique: 197
  Dir Acc: 59.50%, Pred Sharpe: 136.5052
  Composite: 0.4745 (dist_match: 0.5950, actual_pos: 59.5%, pred_pos: 100.0%)
  Collapse penalty: 0.000000 (threshold: 0.005000)
  Saved validation predictions to: experiments/12c_h1_rolling/market_only_daily_h1_d025/fold_2018/collapse_monitoring/val_predictions_epoch63.npy
  Gradient norms:
    lstm_encoder: 0.004864
    lstm_decoder: 0.003523
    output_layer: 0.103165
  VSN output std:
    encoder: 0.192645
  Attention entropy: 2.995599
  Saved to: experiments/12c_h1_rolling/market_only_daily_h1_d025/fold_2018/collapse_monitoring/collapse_monitor_latest.json
[DEBUG CollapseMonitor] on_validation_epoch_start called for epoch 64
[DEBUG CollapseMonitor] reset_temporal_state() called on loss function
Epoch 64: val_loss=0.23464550077915192
Epoch 64: train_loss=0.5140738487243652

[CollapseMonitor] Epoch 64
  [DEBUG] Processed 4 batches from val_dataloader
  [DEBUG] Predictions shape after concat: (200,)
  Pred std: 0.003932, range: 0.015283, mean: 0.034085
  Pos: 100.0%, Neg: 0.0%, Unique: 198
  Dir Acc: 59.50%, Pred Sharpe: 137.6106
  Composite: 0.4745 (dist_match: 0.5950, actual_pos: 59.5%, pred_pos: 100.0%)
  Collapse penalty: 0.000000 (threshold: 0.005000)
  Saved validation predictions to: experiments/12c_h1_rolling/market_only_daily_h1_d025/fold_2018/collapse_monitoring/val_predictions_epoch64.npy
  Gradient norms:
    lstm_encoder: 0.005149
    lstm_decoder: 0.003660
    output_layer: 0.103538
  VSN output std:
    encoder: 0.192465
  Attention entropy: 2.995599
  Saved to: experiments/12c_h1_rolling/market_only_daily_h1_d025/fold_2018/collapse_monitoring/collapse_monitor_latest.json
[DEBUG CollapseMonitor] on_validation_epoch_start called for epoch 65
[DEBUG CollapseMonitor] reset_temporal_state() called on loss function
Epoch 65: val_loss=0.23458503186702728
Epoch 65: train_loss=0.5106105208396912

[CollapseMonitor] Epoch 65
  [DEBUG] Processed 4 batches from val_dataloader
  [DEBUG] Predictions shape after concat: (200,)
  Pred std: 0.003921, range: 0.015214, mean: 0.033260
  Pos: 100.0%, Neg: 0.0%, Unique: 198
  Dir Acc: 59.50%, Pred Sharpe: 134.6712
  Composite: 0.4745 (dist_match: 0.5950, actual_pos: 59.5%, pred_pos: 100.0%)
  Collapse penalty: 0.000000 (threshold: 0.005000)
  Saved validation predictions to: experiments/12c_h1_rolling/market_only_daily_h1_d025/fold_2018/collapse_monitoring/val_predictions_epoch65.npy
  Gradient norms:
    lstm_encoder: 0.004940
    lstm_decoder: 0.003506
    output_layer: 0.101581
  VSN output std:
    encoder: 0.192349
  Attention entropy: 2.995599
  Saved to: experiments/12c_h1_rolling/market_only_daily_h1_d025/fold_2018/collapse_monitoring/collapse_monitor_latest.json
[DEBUG CollapseMonitor] on_validation_epoch_start called for epoch 66
[DEBUG CollapseMonitor] reset_temporal_state() called on loss function
Epoch 66: val_loss=0.2344435751438141
Epoch 66: train_loss=0.5147629380226135

[CollapseMonitor] Epoch 66
  [DEBUG] Processed 4 batches from val_dataloader
  [DEBUG] Predictions shape after concat: (200,)
  Pred std: 0.003919, range: 0.015197, mean: 0.032624
  Pos: 100.0%, Neg: 0.0%, Unique: 200
  Dir Acc: 59.50%, Pred Sharpe: 132.1529
  Composite: 0.4745 (dist_match: 0.5950, actual_pos: 59.5%, pred_pos: 100.0%)
  Collapse penalty: 0.000000 (threshold: 0.005000)
  Saved validation predictions to: experiments/12c_h1_rolling/market_only_daily_h1_d025/fold_2018/collapse_monitoring/val_predictions_epoch66.npy
  Gradient norms:
    lstm_encoder: 0.005173
    lstm_decoder: 0.003785
    output_layer: 0.108243
  VSN output std:
    encoder: 0.192107
  Attention entropy: 2.995597
  Saved to: experiments/12c_h1_rolling/market_only_daily_h1_d025/fold_2018/collapse_monitoring/collapse_monitor_latest.json
[DEBUG CollapseMonitor] on_validation_epoch_start called for epoch 67
[DEBUG CollapseMonitor] reset_temporal_state() called on loss function
Epoch 67: val_loss=0.23439869284629822
Epoch 67: train_loss=0.5147081613540649

[CollapseMonitor] Epoch 67
  [DEBUG] Processed 4 batches from val_dataloader
  [DEBUG] Predictions shape after concat: (200,)
  Pred std: 0.003916, range: 0.015177, mean: 0.032258
  Pos: 100.0%, Neg: 0.0%, Unique: 199
  Dir Acc: 59.50%, Pred Sharpe: 130.7586
  Composite: 0.4745 (dist_match: 0.5950, actual_pos: 59.5%, pred_pos: 100.0%)
  Collapse penalty: 0.000000 (threshold: 0.005000)
  Saved validation predictions to: experiments/12c_h1_rolling/market_only_daily_h1_d025/fold_2018/collapse_monitoring/val_predictions_epoch67.npy
  Gradient norms:
    lstm_encoder: 0.004917
    lstm_decoder: 0.003334
    output_layer: 0.100614
  VSN output std:
    encoder: 0.191965
  Attention entropy: 2.995595
  Saved to: experiments/12c_h1_rolling/market_only_daily_h1_d025/fold_2018/collapse_monitoring/collapse_monitor_latest.json
[DEBUG CollapseMonitor] on_validation_epoch_start called for epoch 68
[DEBUG CollapseMonitor] reset_temporal_state() called on loss function
Epoch 68: val_loss=0.23441827297210693
Epoch 68: train_loss=0.5149036645889282

[CollapseMonitor] Epoch 68
  [DEBUG] Processed 4 batches from val_dataloader
  [DEBUG] Predictions shape after concat: (200,)
  Pred std: 0.003907, range: 0.015123, mean: 0.033369
  Pos: 100.0%, Neg: 0.0%, Unique: 195
  Dir Acc: 59.50%, Pred Sharpe: 135.5966
  Composite: 0.4745 (dist_match: 0.5950, actual_pos: 59.5%, pred_pos: 100.0%)
  Collapse penalty: 0.000000 (threshold: 0.005000)
  Saved validation predictions to: experiments/12c_h1_rolling/market_only_daily_h1_d025/fold_2018/collapse_monitoring/val_predictions_epoch68.npy
  Gradient norms:
    lstm_encoder: 0.005182
    lstm_decoder: 0.003771
    output_layer: 0.102159
  VSN output std:
    encoder: 0.191927
  Attention entropy: 2.995595
  Saved to: experiments/12c_h1_rolling/market_only_daily_h1_d025/fold_2018/collapse_monitoring/collapse_monitor_latest.json
[DEBUG CollapseMonitor] on_validation_epoch_start called for epoch 69
[DEBUG CollapseMonitor] reset_temporal_state() called on loss function
Epoch 69: val_loss=0.23443356156349182
Epoch 69: train_loss=0.513863205909729

[CollapseMonitor] Epoch 69
  [DEBUG] Processed 4 batches from val_dataloader
  [DEBUG] Predictions shape after concat: (200,)
  Pred std: 0.003907, range: 0.015120, mean: 0.033711
  Pos: 100.0%, Neg: 0.0%, Unique: 198
  Dir Acc: 59.50%, Pred Sharpe: 136.9793
  Composite: 0.4745 (dist_match: 0.5950, actual_pos: 59.5%, pred_pos: 100.0%)
  Collapse penalty: 0.000000 (threshold: 0.005000)
  Saved validation predictions to: experiments/12c_h1_rolling/market_only_daily_h1_d025/fold_2018/collapse_monitoring/val_predictions_epoch69.npy
  Gradient norms:
    lstm_encoder: 0.005203
    lstm_decoder: 0.003716
    output_layer: 0.108245
  VSN output std:
    encoder: 0.191721
  Attention entropy: 2.995595
  Saved to: experiments/12c_h1_rolling/market_only_daily_h1_d025/fold_2018/collapse_monitoring/collapse_monitor_latest.json
[DEBUG CollapseMonitor] on_validation_epoch_start called for epoch 70
[DEBUG CollapseMonitor] reset_temporal_state() called on loss function
Epoch 70: val_loss=0.2344006597995758
Epoch 70: train_loss=0.5147250890731812

[CollapseMonitor] Epoch 70
  [DEBUG] Processed 4 batches from val_dataloader
  [DEBUG] Predictions shape after concat: (200,)
  Pred std: 0.003899, range: 0.015078, mean: 0.033595
  Pos: 100.0%, Neg: 0.0%, Unique: 198
  Dir Acc: 59.50%, Pred Sharpe: 136.7796
  Composite: 0.4745 (dist_match: 0.5950, actual_pos: 59.5%, pred_pos: 100.0%)
  Collapse penalty: 0.000000 (threshold: 0.005000)
  Saved validation predictions to: experiments/12c_h1_rolling/market_only_daily_h1_d025/fold_2018/collapse_monitoring/val_predictions_epoch70.npy
  Gradient norms:
    lstm_encoder: 0.004915
    lstm_decoder: 0.003585
    output_layer: 0.106922
  VSN output std:
    encoder: 0.191615
  Attention entropy: 2.995595
  Saved to: experiments/12c_h1_rolling/market_only_daily_h1_d025/fold_2018/collapse_monitoring/collapse_monitor_latest.json
[DEBUG CollapseMonitor] on_validation_epoch_start called for epoch 71
[DEBUG CollapseMonitor] reset_temporal_state() called on loss function
Epoch 71: val_loss=0.23443390429019928
Epoch 71: train_loss=0.5134262442588806

[CollapseMonitor] Epoch 71
  [DEBUG] Processed 4 batches from val_dataloader
  [DEBUG] Predictions shape after concat: (200,)
  Pred std: 0.003894, range: 0.015052, mean: 0.032028
  Pos: 100.0%, Neg: 0.0%, Unique: 199
  Dir Acc: 59.50%, Pred Sharpe: 130.5779
  Composite: 0.4745 (dist_match: 0.5950, actual_pos: 59.5%, pred_pos: 100.0%)
  Collapse penalty: 0.000000 (threshold: 0.005000)
  Saved validation predictions to: experiments/12c_h1_rolling/market_only_daily_h1_d025/fold_2018/collapse_monitoring/val_predictions_epoch71.npy
  Gradient norms:
    lstm_encoder: 0.005316
    lstm_decoder: 0.003837
    output_layer: 0.115222
  VSN output std:
    encoder: 0.191496
  Attention entropy: 2.995595
  Saved to: experiments/12c_h1_rolling/market_only_daily_h1_d025/fold_2018/collapse_monitoring/collapse_monitor_latest.json
[DEBUG CollapseMonitor] on_validation_epoch_start called for epoch 72
[DEBUG CollapseMonitor] reset_temporal_state() called on loss function
Epoch 72: val_loss=0.2343773990869522
Epoch 72: train_loss=0.5136402249336243

[CollapseMonitor] Epoch 72
  [DEBUG] Processed 4 batches from val_dataloader
  [DEBUG] Predictions shape after concat: (200,)
  Pred std: 0.003892, range: 0.015038, mean: 0.032552
  Pos: 100.0%, Neg: 0.0%, Unique: 200
  Dir Acc: 59.50%, Pred Sharpe: 132.7800
  Composite: 0.4745 (dist_match: 0.5950, actual_pos: 59.5%, pred_pos: 100.0%)
  Collapse penalty: 0.000000 (threshold: 0.005000)
  Saved validation predictions to: experiments/12c_h1_rolling/market_only_daily_h1_d025/fold_2018/collapse_monitoring/val_predictions_epoch72.npy
  Gradient norms:
    lstm_encoder: 0.005203
    lstm_decoder: 0.003597
    output_layer: 0.102094
  VSN output std:
    encoder: 0.191402
  Attention entropy: 2.995594
  Saved to: experiments/12c_h1_rolling/market_only_daily_h1_d025/fold_2018/collapse_monitoring/collapse_monitor_latest.json
[DEBUG CollapseMonitor] on_validation_epoch_start called for epoch 73
[DEBUG CollapseMonitor] reset_temporal_state() called on loss function
Epoch 73: val_loss=0.23420611023902893
Epoch 73: train_loss=0.5114385485649109

[CollapseMonitor] Epoch 73
  [DEBUG] Processed 4 batches from val_dataloader
  [DEBUG] Predictions shape after concat: (200,)
  Pred std: 0.003890, range: 0.015021, mean: 0.032648
  Pos: 100.0%, Neg: 0.0%, Unique: 198
  Dir Acc: 59.50%, Pred Sharpe: 133.2465
  Composite: 0.4745 (dist_match: 0.5950, actual_pos: 59.5%, pred_pos: 100.0%)
  Collapse penalty: 0.000000 (threshold: 0.005000)
  Saved validation predictions to: experiments/12c_h1_rolling/market_only_daily_h1_d025/fold_2018/collapse_monitoring/val_predictions_epoch73.npy
  Gradient norms:
    lstm_encoder: 0.005363
    lstm_decoder: 0.003830
    output_layer: 0.110141
  VSN output std:
    encoder: 0.191229
  Attention entropy: 2.995591
  Saved to: experiments/12c_h1_rolling/market_only_daily_h1_d025/fold_2018/collapse_monitoring/collapse_monitor_latest.json
[DEBUG CollapseMonitor] on_validation_epoch_start called for epoch 74
[DEBUG CollapseMonitor] reset_temporal_state() called on loss function
Epoch 74: val_loss=0.23415926098823547
Epoch 74: train_loss=0.5136905312538147

[CollapseMonitor] Epoch 74
  [DEBUG] Processed 4 batches from val_dataloader
  [DEBUG] Predictions shape after concat: (200,)
  Pred std: 0.003889, range: 0.015020, mean: 0.032821
  Pos: 100.0%, Neg: 0.0%, Unique: 198
  Dir Acc: 59.50%, Pred Sharpe: 133.9637
  Composite: 0.4745 (dist_match: 0.5950, actual_pos: 59.5%, pred_pos: 100.0%)
  Collapse penalty: 0.000000 (threshold: 0.005000)
  Saved validation predictions to: experiments/12c_h1_rolling/market_only_daily_h1_d025/fold_2018/collapse_monitoring/val_predictions_epoch74.npy
  Gradient norms:
    lstm_encoder: 0.005089
    lstm_decoder: 0.003838
    output_layer: 0.114925
  VSN output std:
    encoder: 0.191014
  Attention entropy: 2.995589
  Saved to: experiments/12c_h1_rolling/market_only_daily_h1_d025/fold_2018/collapse_monitoring/collapse_monitor_latest.json
[DEBUG CollapseMonitor] on_validation_epoch_start called for epoch 75
[DEBUG CollapseMonitor] reset_temporal_state() called on loss function
Epoch 75: val_loss=0.2341698408126831
Epoch 75: train_loss=0.5132228136062622

[CollapseMonitor] Epoch 75
  [DEBUG] Processed 4 batches from val_dataloader
  [DEBUG] Predictions shape after concat: (200,)
  Pred std: 0.003870, range: 0.014928, mean: 0.032849
  Pos: 100.0%, Neg: 0.0%, Unique: 197
  Dir Acc: 59.50%, Pred Sharpe: 134.7405
  Composite: 0.4745 (dist_match: 0.5950, actual_pos: 59.5%, pred_pos: 100.0%)
  Collapse penalty: 0.000000 (threshold: 0.005000)
  Saved validation predictions to: experiments/12c_h1_rolling/market_only_daily_h1_d025/fold_2018/collapse_monitoring/val_predictions_epoch75.npy
  Gradient norms:
    lstm_encoder: 0.005152
    lstm_decoder: 0.003857
    output_layer: 0.106911
  VSN output std:
    encoder: 0.190908
  Attention entropy: 2.995589
  Saved to: experiments/12c_h1_rolling/market_only_daily_h1_d025/fold_2018/collapse_monitoring/collapse_monitor_latest.json
[DEBUG CollapseMonitor] on_validation_epoch_start called for epoch 76
[DEBUG CollapseMonitor] reset_temporal_state() called on loss function
Epoch 76: val_loss=0.23414291441440582
Epoch 76: train_loss=0.5151604413986206

[CollapseMonitor] Epoch 76
  [DEBUG] Processed 4 batches from val_dataloader
  [DEBUG] Predictions shape after concat: (200,)
  Pred std: 0.003863, range: 0.014886, mean: 0.032955
  Pos: 100.0%, Neg: 0.0%, Unique: 199
  Dir Acc: 59.50%, Pred Sharpe: 135.4185
  Composite: 0.4745 (dist_match: 0.5950, actual_pos: 59.5%, pred_pos: 100.0%)
  Collapse penalty: 0.000000 (threshold: 0.005000)
  Saved validation predictions to: experiments/12c_h1_rolling/market_only_daily_h1_d025/fold_2018/collapse_monitoring/val_predictions_epoch76.npy
  Gradient norms:
    lstm_encoder: 0.004897
    lstm_decoder: 0.003569
    output_layer: 0.094605
  VSN output std:
    encoder: 0.190594
  Attention entropy: 2.995587
  Saved to: experiments/12c_h1_rolling/market_only_daily_h1_d025/fold_2018/collapse_monitoring/collapse_monitor_latest.json
[DEBUG CollapseMonitor] on_validation_epoch_start called for epoch 77
[DEBUG CollapseMonitor] reset_temporal_state() called on loss function
Epoch 77: val_loss=0.23418617248535156
Epoch 77: train_loss=0.5139378309249878

[CollapseMonitor] Epoch 77
  [DEBUG] Processed 4 batches from val_dataloader
  [DEBUG] Predictions shape after concat: (200,)
  Pred std: 0.003863, range: 0.014887, mean: 0.033121
  Pos: 100.0%, Neg: 0.0%, Unique: 197
  Dir Acc: 59.50%, Pred Sharpe: 136.0944
  Composite: 0.4745 (dist_match: 0.5950, actual_pos: 59.5%, pred_pos: 100.0%)
  Collapse penalty: 0.000000 (threshold: 0.005000)
  Saved validation predictions to: experiments/12c_h1_rolling/market_only_daily_h1_d025/fold_2018/collapse_monitoring/val_predictions_epoch77.npy
  Gradient norms:
    lstm_encoder: 0.005065
    lstm_decoder: 0.003734
    output_layer: 0.114189
  VSN output std:
    encoder: 0.190299
  Attention entropy: 2.995587
  Saved to: experiments/12c_h1_rolling/market_only_daily_h1_d025/fold_2018/collapse_monitoring/collapse_monitor_latest.json
[DEBUG CollapseMonitor] on_validation_epoch_start called for epoch 78
[DEBUG CollapseMonitor] reset_temporal_state() called on loss function
Epoch 78: val_loss=0.23423004150390625
Epoch 78: train_loss=0.5123839974403381

[CollapseMonitor] Epoch 78
  [DEBUG] Processed 4 batches from val_dataloader
  [DEBUG] Predictions shape after concat: (200,)
  Pred std: 0.003864, range: 0.014875, mean: 0.031772
  Pos: 100.0%, Neg: 0.0%, Unique: 198
  Dir Acc: 59.50%, Pred Sharpe: 130.5299
  Composite: 0.4745 (dist_match: 0.5950, actual_pos: 59.5%, pred_pos: 100.0%)
  Collapse penalty: 0.000000 (threshold: 0.005000)
  Saved validation predictions to: experiments/12c_h1_rolling/market_only_daily_h1_d025/fold_2018/collapse_monitoring/val_predictions_epoch78.npy
  Gradient norms:
    lstm_encoder: 0.005462
    lstm_decoder: 0.003975
    output_layer: 0.118258
  VSN output std:
    encoder: 0.189908
  Attention entropy: 2.995586
  Saved to: experiments/12c_h1_rolling/market_only_daily_h1_d025/fold_2018/collapse_monitoring/collapse_monitor_latest.json
[DEBUG CollapseMonitor] on_validation_epoch_start called for epoch 79
[DEBUG CollapseMonitor] reset_temporal_state() called on loss function
Epoch 79: val_loss=0.23419757187366486
Epoch 79: train_loss=0.514983057975769

[CollapseMonitor] Epoch 79
  [DEBUG] Processed 4 batches from val_dataloader
  [DEBUG] Predictions shape after concat: (200,)
  Pred std: 0.003877, range: 0.014930, mean: 0.030385
  Pos: 100.0%, Neg: 0.0%, Unique: 199
  Dir Acc: 59.50%, Pred Sharpe: 124.4137
  Composite: 0.4745 (dist_match: 0.5950, actual_pos: 59.5%, pred_pos: 100.0%)
  Collapse penalty: 0.000000 (threshold: 0.005000)
  Saved validation predictions to: experiments/12c_h1_rolling/market_only_daily_h1_d025/fold_2018/collapse_monitoring/val_predictions_epoch79.npy
  Gradient norms:
    lstm_encoder: 0.005162
    lstm_decoder: 0.003613
    output_layer: 0.102984
  VSN output std:
    encoder: 0.189443
  Attention entropy: 2.995584
  Saved to: experiments/12c_h1_rolling/market_only_daily_h1_d025/fold_2018/collapse_monitoring/collapse_monitor_latest.json
[DEBUG CollapseMonitor] on_validation_epoch_start called for epoch 80
[DEBUG CollapseMonitor] reset_temporal_state() called on loss function
Epoch 80: val_loss=0.23409289121627808
Epoch 80: train_loss=0.5133825540542603

[CollapseMonitor] Epoch 80
  [DEBUG] Processed 4 batches from val_dataloader
  [DEBUG] Predictions shape after concat: (200,)
  Pred std: 0.003878, range: 0.014931, mean: 0.031100
  Pos: 100.0%, Neg: 0.0%, Unique: 199
  Dir Acc: 59.50%, Pred Sharpe: 127.2942
  Composite: 0.4745 (dist_match: 0.5950, actual_pos: 59.5%, pred_pos: 100.0%)
  Collapse penalty: 0.000000 (threshold: 0.005000)
  Saved validation predictions to: experiments/12c_h1_rolling/market_only_daily_h1_d025/fold_2018/collapse_monitoring/val_predictions_epoch80.npy
  Gradient norms:
    lstm_encoder: 0.005295
    lstm_decoder: 0.003696
    output_layer: 0.109451
  VSN output std:
    encoder: 0.189174
  Attention entropy: 2.995583
  Saved to: experiments/12c_h1_rolling/market_only_daily_h1_d025/fold_2018/collapse_monitoring/collapse_monitor_latest.json
[DEBUG CollapseMonitor] on_validation_epoch_start called for epoch 81
[DEBUG CollapseMonitor] reset_temporal_state() called on loss function
Epoch 81: val_loss=0.23395054042339325
Epoch 81: train_loss=0.5125696063041687

[CollapseMonitor] Epoch 81
  [DEBUG] Processed 4 batches from val_dataloader
  [DEBUG] Predictions shape after concat: (200,)
  Pred std: 0.003885, range: 0.014953, mean: 0.031649
  Pos: 100.0%, Neg: 0.0%, Unique: 199
  Dir Acc: 59.50%, Pred Sharpe: 129.3295
  Composite: 0.4745 (dist_match: 0.5950, actual_pos: 59.5%, pred_pos: 100.0%)
  Collapse penalty: 0.000000 (threshold: 0.005000)
  Saved validation predictions to: experiments/12c_h1_rolling/market_only_daily_h1_d025/fold_2018/collapse_monitoring/val_predictions_epoch81.npy
  Gradient norms:
    lstm_encoder: 0.005430
    lstm_decoder: 0.004003
    output_layer: 0.108117
  VSN output std:
    encoder: 0.188621
  Attention entropy: 2.995581
  Saved to: experiments/12c_h1_rolling/market_only_daily_h1_d025/fold_2018/collapse_monitoring/collapse_monitor_latest.json
[DEBUG CollapseMonitor] on_validation_epoch_start called for epoch 82
[DEBUG CollapseMonitor] reset_temporal_state() called on loss function
Epoch 82: val_loss=0.2340550422668457
Epoch 82: train_loss=0.5132365226745605

[CollapseMonitor] Epoch 82
  [DEBUG] Processed 4 batches from val_dataloader
  [DEBUG] Predictions shape after concat: (200,)
  Pred std: 0.003881, range: 0.014911, mean: 0.031440
  Pos: 100.0%, Neg: 0.0%, Unique: 198
  Dir Acc: 59.50%, Pred Sharpe: 128.6135
  Composite: 0.4745 (dist_match: 0.5950, actual_pos: 59.5%, pred_pos: 100.0%)
  Collapse penalty: 0.000000 (threshold: 0.005000)
  Saved validation predictions to: experiments/12c_h1_rolling/market_only_daily_h1_d025/fold_2018/collapse_monitoring/val_predictions_epoch82.npy
  Gradient norms:
    lstm_encoder: 0.005479
    lstm_decoder: 0.003958
    output_layer: 0.111013
  VSN output std:
    encoder: 0.188409
  Attention entropy: 2.995579
  Saved to: experiments/12c_h1_rolling/market_only_daily_h1_d025/fold_2018/collapse_monitoring/collapse_monitor_latest.json
[DEBUG CollapseMonitor] on_validation_epoch_start called for epoch 83
[DEBUG CollapseMonitor] reset_temporal_state() called on loss function
Epoch 83: val_loss=0.2339111715555191
Epoch 83: train_loss=0.5137929916381836

[CollapseMonitor] Epoch 83
  [DEBUG] Processed 4 batches from val_dataloader
  [DEBUG] Predictions shape after concat: (200,)
  Pred std: 0.003877, range: 0.014888, mean: 0.032203
  Pos: 100.0%, Neg: 0.0%, Unique: 197
  Dir Acc: 59.50%, Pred Sharpe: 131.8707
  Composite: 0.4745 (dist_match: 0.5950, actual_pos: 59.5%, pred_pos: 100.0%)
  Collapse penalty: 0.000000 (threshold: 0.005000)
  Saved validation predictions to: experiments/12c_h1_rolling/market_only_daily_h1_d025/fold_2018/collapse_monitoring/val_predictions_epoch83.npy
  Gradient norms:
    lstm_encoder: 0.005172
    lstm_decoder: 0.003578
    output_layer: 0.098370
  VSN output std:
    encoder: 0.188010
  Attention entropy: 2.995579
  Saved to: experiments/12c_h1_rolling/market_only_daily_h1_d025/fold_2018/collapse_monitoring/collapse_monitor_latest.json
[DEBUG CollapseMonitor] on_validation_epoch_start called for epoch 84
[DEBUG CollapseMonitor] reset_temporal_state() called on loss function
Epoch 84: val_loss=0.2339601367712021
Epoch 84: train_loss=0.5137273669242859

[CollapseMonitor] Epoch 84
  [DEBUG] Processed 4 batches from val_dataloader
  [DEBUG] Predictions shape after concat: (200,)
  Pred std: 0.003879, range: 0.014890, mean: 0.032267
  Pos: 100.0%, Neg: 0.0%, Unique: 199
  Dir Acc: 59.50%, Pred Sharpe: 132.0467
  Composite: 0.4745 (dist_match: 0.5950, actual_pos: 59.5%, pred_pos: 100.0%)
  Collapse penalty: 0.000000 (threshold: 0.005000)
  Saved validation predictions to: experiments/12c_h1_rolling/market_only_daily_h1_d025/fold_2018/collapse_monitoring/val_predictions_epoch84.npy
  Gradient norms:
    lstm_encoder: 0.005188
    lstm_decoder: 0.003743
    output_layer: 0.103047
  VSN output std:
    encoder: 0.187608
  Attention entropy: 2.995578
  Saved to: experiments/12c_h1_rolling/market_only_daily_h1_d025/fold_2018/collapse_monitoring/collapse_monitor_latest.json
[DEBUG CollapseMonitor] on_validation_epoch_start called for epoch 85
[DEBUG CollapseMonitor] reset_temporal_state() called on loss function
Epoch 85: val_loss=0.23398295044898987
Epoch 85: train_loss=0.5149168372154236

[CollapseMonitor] Epoch 85
  [DEBUG] Processed 4 batches from val_dataloader
  [DEBUG] Predictions shape after concat: (200,)
  Pred std: 0.003870, range: 0.014838, mean: 0.031905
  Pos: 100.0%, Neg: 0.0%, Unique: 199
  Dir Acc: 59.50%, Pred Sharpe: 130.8707
  Composite: 0.4745 (dist_match: 0.5950, actual_pos: 59.5%, pred_pos: 100.0%)
  Collapse penalty: 0.000000 (threshold: 0.005000)
  Saved validation predictions to: experiments/12c_h1_rolling/market_only_daily_h1_d025/fold_2018/collapse_monitoring/val_predictions_epoch85.npy
  Gradient norms:
    lstm_encoder: 0.005604
    lstm_decoder: 0.004039
    output_layer: 0.118007
  VSN output std:
    encoder: 0.187429
  Attention entropy: 2.995578
  Saved to: experiments/12c_h1_rolling/market_only_daily_h1_d025/fold_2018/collapse_monitoring/collapse_monitor_latest.json
[DEBUG CollapseMonitor] on_validation_epoch_start called for epoch 86
[DEBUG CollapseMonitor] reset_temporal_state() called on loss function
Epoch 86: val_loss=0.23396028578281403
Epoch 86: train_loss=0.5138625502586365

[CollapseMonitor] Epoch 86
  [DEBUG] Processed 4 batches from val_dataloader
  [DEBUG] Predictions shape after concat: (200,)
  Pred std: 0.003864, range: 0.014809, mean: 0.031620
  Pos: 100.0%, Neg: 0.0%, Unique: 199
  Dir Acc: 59.50%, Pred Sharpe: 129.8955
  Composite: 0.4745 (dist_match: 0.5950, actual_pos: 59.5%, pred_pos: 100.0%)
  Collapse penalty: 0.000000 (threshold: 0.005000)
  Saved validation predictions to: experiments/12c_h1_rolling/market_only_daily_h1_d025/fold_2018/collapse_monitoring/val_predictions_epoch86.npy
  Gradient norms:
    lstm_encoder: 0.005386
    lstm_decoder: 0.003780
    output_layer: 0.106592
  VSN output std:
    encoder: 0.187374
  Attention entropy: 2.995577
  Saved to: experiments/12c_h1_rolling/market_only_daily_h1_d025/fold_2018/collapse_monitoring/collapse_monitor_latest.json
[DEBUG CollapseMonitor] on_validation_epoch_start called for epoch 87
[DEBUG CollapseMonitor] reset_temporal_state() called on loss function
Epoch 87: val_loss=0.23389406502246857
Epoch 87: train_loss=0.5134760737419128

[CollapseMonitor] Epoch 87
  [DEBUG] Processed 4 batches from val_dataloader
  [DEBUG] Predictions shape after concat: (200,)
  Pred std: 0.003865, range: 0.014807, mean: 0.032113
  Pos: 100.0%, Neg: 0.0%, Unique: 199
  Dir Acc: 59.50%, Pred Sharpe: 131.8946
  Composite: 0.4745 (dist_match: 0.5950, actual_pos: 59.5%, pred_pos: 100.0%)
  Collapse penalty: 0.000000 (threshold: 0.005000)
  Saved validation predictions to: experiments/12c_h1_rolling/market_only_daily_h1_d025/fold_2018/collapse_monitoring/val_predictions_epoch87.npy
  Gradient norms:
    lstm_encoder: 0.005334
    lstm_decoder: 0.003679
    output_layer: 0.102224
  VSN output std:
    encoder: 0.186976
  Attention entropy: 2.995575
  Saved to: experiments/12c_h1_rolling/market_only_daily_h1_d025/fold_2018/collapse_monitoring/collapse_monitor_latest.json
[DEBUG CollapseMonitor] on_validation_epoch_start called for epoch 88
[DEBUG CollapseMonitor] reset_temporal_state() called on loss function
Epoch 88: val_loss=0.23372583091259003
Epoch 88: train_loss=0.5135425925254822

[CollapseMonitor] Epoch 88
  [DEBUG] Processed 4 batches from val_dataloader
  [DEBUG] Predictions shape after concat: (200,)
  Pred std: 0.003865, range: 0.014801, mean: 0.032730
  Pos: 100.0%, Neg: 0.0%, Unique: 199
  Dir Acc: 59.50%, Pred Sharpe: 134.4420
  Composite: 0.4745 (dist_match: 0.5950, actual_pos: 59.5%, pred_pos: 100.0%)
  Collapse penalty: 0.000000 (threshold: 0.005000)
  Saved validation predictions to: experiments/12c_h1_rolling/market_only_daily_h1_d025/fold_2018/collapse_monitoring/val_predictions_epoch88.npy
  Gradient norms:
    lstm_encoder: 0.005643
    lstm_decoder: 0.004054
    output_layer: 0.107329
  VSN output std:
    encoder: 0.186664
  Attention entropy: 2.995573
  Saved to: experiments/12c_h1_rolling/market_only_daily_h1_d025/fold_2018/collapse_monitoring/collapse_monitor_latest.json
[DEBUG CollapseMonitor] on_validation_epoch_start called for epoch 89
[DEBUG CollapseMonitor] reset_temporal_state() called on loss function
Epoch 89: val_loss=0.2337300330400467
Epoch 89: train_loss=0.5132454037666321

[CollapseMonitor] Epoch 89
  [DEBUG] Processed 4 batches from val_dataloader
  [DEBUG] Predictions shape after concat: (200,)
  Pred std: 0.003861, range: 0.014767, mean: 0.032409
  Pos: 100.0%, Neg: 0.0%, Unique: 197
  Dir Acc: 59.50%, Pred Sharpe: 133.2362
  Composite: 0.4745 (dist_match: 0.5950, actual_pos: 59.5%, pred_pos: 100.0%)
  Collapse penalty: 0.000000 (threshold: 0.005000)
  Saved validation predictions to: experiments/12c_h1_rolling/market_only_daily_h1_d025/fold_2018/collapse_monitoring/val_predictions_epoch89.npy
  Gradient norms:
    lstm_encoder: 0.005213
    lstm_decoder: 0.003639
    output_layer: 0.102589
  VSN output std:
    encoder: 0.186361
  Attention entropy: 2.995571
  Saved to: experiments/12c_h1_rolling/market_only_daily_h1_d025/fold_2018/collapse_monitoring/collapse_monitor_latest.json
[DEBUG CollapseMonitor] on_validation_epoch_start called for epoch 90
[DEBUG CollapseMonitor] reset_temporal_state() called on loss function
Epoch 90: val_loss=0.2336674928665161
Epoch 90: train_loss=0.5139498710632324

[CollapseMonitor] Epoch 90
  [DEBUG] Processed 4 batches from val_dataloader
  [DEBUG] Predictions shape after concat: (200,)
  Pred std: 0.003865, range: 0.014763, mean: 0.032936
  Pos: 100.0%, Neg: 0.0%, Unique: 199
  Dir Acc: 59.50%, Pred Sharpe: 135.2861
  Composite: 0.4745 (dist_match: 0.5950, actual_pos: 59.5%, pred_pos: 100.0%)
  Collapse penalty: 0.000000 (threshold: 0.005000)
  Saved validation predictions to: experiments/12c_h1_rolling/market_only_daily_h1_d025/fold_2018/collapse_monitoring/val_predictions_epoch90.npy
  Gradient norms:
    lstm_encoder: 0.004904
    lstm_decoder: 0.003584
    output_layer: 0.096975
  VSN output std:
    encoder: 0.185825
  Attention entropy: 2.995567
  Saved to: experiments/12c_h1_rolling/market_only_daily_h1_d025/fold_2018/collapse_monitoring/collapse_monitor_latest.json
[DEBUG CollapseMonitor] on_validation_epoch_start called for epoch 91
[DEBUG CollapseMonitor] reset_temporal_state() called on loss function
Epoch 91: val_loss=0.23362348973751068
Epoch 91: train_loss=0.514930248260498

[CollapseMonitor] Epoch 91
  [DEBUG] Processed 4 batches from val_dataloader
  [DEBUG] Predictions shape after concat: (200,)
  Pred std: 0.003861, range: 0.014755, mean: 0.032234
  Pos: 100.0%, Neg: 0.0%, Unique: 199
  Dir Acc: 59.50%, Pred Sharpe: 132.5329
  Composite: 0.4745 (dist_match: 0.5950, actual_pos: 59.5%, pred_pos: 100.0%)
  Collapse penalty: 0.000000 (threshold: 0.005000)
  Saved validation predictions to: experiments/12c_h1_rolling/market_only_daily_h1_d025/fold_2018/collapse_monitoring/val_predictions_epoch91.npy
  Gradient norms:
    lstm_encoder: 0.006208
    lstm_decoder: 0.004274
    output_layer: 0.121648
  VSN output std:
    encoder: 0.185545
  Attention entropy: 2.995565
  Saved to: experiments/12c_h1_rolling/market_only_daily_h1_d025/fold_2018/collapse_monitoring/collapse_monitor_latest.json
[DEBUG CollapseMonitor] on_validation_epoch_start called for epoch 92
[DEBUG CollapseMonitor] reset_temporal_state() called on loss function
Epoch 92: val_loss=0.23355813324451447
Epoch 92: train_loss=0.5146423578262329

[CollapseMonitor] Epoch 92
  [DEBUG] Processed 4 batches from val_dataloader
  [DEBUG] Predictions shape after concat: (200,)
  Pred std: 0.003868, range: 0.014786, mean: 0.032361
  Pos: 100.0%, Neg: 0.0%, Unique: 197
  Dir Acc: 59.50%, Pred Sharpe: 132.8241
  Composite: 0.4745 (dist_match: 0.5950, actual_pos: 59.5%, pred_pos: 100.0%)
  Collapse penalty: 0.000000 (threshold: 0.005000)
  Saved validation predictions to: experiments/12c_h1_rolling/market_only_daily_h1_d025/fold_2018/collapse_monitoring/val_predictions_epoch92.npy
  Gradient norms:
    lstm_encoder: 0.005221
    lstm_decoder: 0.003818
    output_layer: 0.102875
  VSN output std:
    encoder: 0.185083
  Attention entropy: 2.995561
  Saved to: experiments/12c_h1_rolling/market_only_daily_h1_d025/fold_2018/collapse_monitoring/collapse_monitor_latest.json
[DEBUG CollapseMonitor] on_validation_epoch_start called for epoch 93
[DEBUG CollapseMonitor] reset_temporal_state() called on loss function
Epoch 93: val_loss=0.23335279524326324
Epoch 93: train_loss=0.5145246982574463

[CollapseMonitor] Epoch 93
  [DEBUG] Processed 4 batches from val_dataloader
  [DEBUG] Predictions shape after concat: (200,)
  Pred std: 0.003868, range: 0.014794, mean: 0.034063
  Pos: 100.0%, Neg: 0.0%, Unique: 199
  Dir Acc: 59.50%, Pred Sharpe: 139.7865
  Composite: 0.4745 (dist_match: 0.5950, actual_pos: 59.5%, pred_pos: 100.0%)
  Collapse penalty: 0.000000 (threshold: 0.005000)
  Saved validation predictions to: experiments/12c_h1_rolling/market_only_daily_h1_d025/fold_2018/collapse_monitoring/val_predictions_epoch93.npy
  Gradient norms:
    lstm_encoder: 0.005380
    lstm_decoder: 0.003624
    output_layer: 0.098128
  VSN output std:
    encoder: 0.184613
  Attention entropy: 2.995557
  Saved to: experiments/12c_h1_rolling/market_only_daily_h1_d025/fold_2018/collapse_monitoring/collapse_monitor_latest.json
[DEBUG CollapseMonitor] on_validation_epoch_start called for epoch 94
[DEBUG CollapseMonitor] reset_temporal_state() called on loss function
Epoch 94: val_loss=0.23313964903354645
Epoch 94: train_loss=0.513264536857605

[CollapseMonitor] Epoch 94
  [DEBUG] Processed 4 batches from val_dataloader
  [DEBUG] Predictions shape after concat: (200,)
  Pred std: 0.003871, range: 0.014821, mean: 0.034749
  Pos: 100.0%, Neg: 0.0%, Unique: 198
  Dir Acc: 59.50%, Pred Sharpe: 142.4915
  Composite: 0.4745 (dist_match: 0.5950, actual_pos: 59.5%, pred_pos: 100.0%)
  Collapse penalty: 0.000000 (threshold: 0.005000)
  Saved validation predictions to: experiments/12c_h1_rolling/market_only_daily_h1_d025/fold_2018/collapse_monitoring/val_predictions_epoch94.npy
  Gradient norms:
    lstm_encoder: 0.005561
    lstm_decoder: 0.003955
    output_layer: 0.110232
  VSN output std:
    encoder: 0.184162
  Attention entropy: 2.995553
  Saved to: experiments/12c_h1_rolling/market_only_daily_h1_d025/fold_2018/collapse_monitoring/collapse_monitor_latest.json
[DEBUG CollapseMonitor] on_validation_epoch_start called for epoch 95
[DEBUG CollapseMonitor] reset_temporal_state() called on loss function
Epoch 95: val_loss=0.23304632306098938
Epoch 95: train_loss=0.5132505297660828

[CollapseMonitor] Epoch 95
  [DEBUG] Processed 4 batches from val_dataloader
  [DEBUG] Predictions shape after concat: (200,)
  Pred std: 0.003867, range: 0.014811, mean: 0.034821
  Pos: 100.0%, Neg: 0.0%, Unique: 196
  Dir Acc: 59.50%, Pred Sharpe: 142.9409
  Composite: 0.4745 (dist_match: 0.5950, actual_pos: 59.5%, pred_pos: 100.0%)
  Collapse penalty: 0.000000 (threshold: 0.005000)
  Saved validation predictions to: experiments/12c_h1_rolling/market_only_daily_h1_d025/fold_2018/collapse_monitoring/val_predictions_epoch95.npy
  Gradient norms:
    lstm_encoder: 0.005359
    lstm_decoder: 0.003684
    output_layer: 0.099816
  VSN output std:
    encoder: 0.184087
  Attention entropy: 2.995553
  Saved to: experiments/12c_h1_rolling/market_only_daily_h1_d025/fold_2018/collapse_monitoring/collapse_monitor_latest.json
[DEBUG CollapseMonitor] on_validation_epoch_start called for epoch 96
[DEBUG CollapseMonitor] reset_temporal_state() called on loss function
Epoch 96: val_loss=0.23303037881851196
Epoch 96: train_loss=0.512611985206604

[CollapseMonitor] Epoch 96
  [DEBUG] Processed 4 batches from val_dataloader
  [DEBUG] Predictions shape after concat: (200,)
  Pred std: 0.003856, range: 0.014799, mean: 0.034737
  Pos: 100.0%, Neg: 0.0%, Unique: 197
  Dir Acc: 59.50%, Pred Sharpe: 142.9923
  Composite: 0.4745 (dist_match: 0.5950, actual_pos: 59.5%, pred_pos: 100.0%)
  Collapse penalty: 0.000000 (threshold: 0.005000)
  Saved validation predictions to: experiments/12c_h1_rolling/market_only_daily_h1_d025/fold_2018/collapse_monitoring/val_predictions_epoch96.npy
  Gradient norms:
    lstm_encoder: 0.005838
    lstm_decoder: 0.003989
    output_layer: 0.110339
  VSN output std:
    encoder: 0.183735
  Attention entropy: 2.995550
  Saved to: experiments/12c_h1_rolling/market_only_daily_h1_d025/fold_2018/collapse_monitoring/collapse_monitor_latest.json
[DEBUG CollapseMonitor] on_validation_epoch_start called for epoch 97
[DEBUG CollapseMonitor] reset_temporal_state() called on loss function
Epoch 97: val_loss=0.23293793201446533
Epoch 97: train_loss=0.51495361328125

[CollapseMonitor] Epoch 97
  [DEBUG] Processed 4 batches from val_dataloader
  [DEBUG] Predictions shape after concat: (200,)
  Pred std: 0.003855, range: 0.014818, mean: 0.035531
  Pos: 100.0%, Neg: 0.0%, Unique: 198
  Dir Acc: 59.50%, Pred Sharpe: 146.3146
  Composite: 0.4745 (dist_match: 0.5950, actual_pos: 59.5%, pred_pos: 100.0%)
  Collapse penalty: 0.000000 (threshold: 0.005000)
  Saved validation predictions to: experiments/12c_h1_rolling/market_only_daily_h1_d025/fold_2018/collapse_monitoring/val_predictions_epoch97.npy
  Gradient norms:
    lstm_encoder: 0.005272
    lstm_decoder: 0.003699
    output_layer: 0.107422
  VSN output std:
    encoder: 0.183239
  Attention entropy: 2.995547
  Saved to: experiments/12c_h1_rolling/market_only_daily_h1_d025/fold_2018/collapse_monitoring/collapse_monitor_latest.json
[DEBUG CollapseMonitor] on_validation_epoch_start called for epoch 98
[DEBUG CollapseMonitor] reset_temporal_state() called on loss function
Epoch 98: val_loss=0.23294201493263245
Epoch 98: train_loss=0.5125306844711304

[CollapseMonitor] Epoch 98
  [DEBUG] Processed 4 batches from val_dataloader
  [DEBUG] Predictions shape after concat: (200,)
  Pred std: 0.003860, range: 0.014855, mean: 0.035252
  Pos: 100.0%, Neg: 0.0%, Unique: 198
  Dir Acc: 59.50%, Pred Sharpe: 144.9944
  Composite: 0.4745 (dist_match: 0.5950, actual_pos: 59.5%, pred_pos: 100.0%)
  Collapse penalty: 0.000000 (threshold: 0.005000)
  Saved validation predictions to: experiments/12c_h1_rolling/market_only_daily_h1_d025/fold_2018/collapse_monitoring/val_predictions_epoch98.npy
  Gradient norms:
    lstm_encoder: 0.005370
    lstm_decoder: 0.003816
    output_layer: 0.104008
  VSN output std:
    encoder: 0.182694
  Attention entropy: 2.995545
  Saved to: experiments/12c_h1_rolling/market_only_daily_h1_d025/fold_2018/collapse_monitoring/collapse_monitor_latest.json
[DEBUG CollapseMonitor] on_validation_epoch_start called for epoch 99
[DEBUG CollapseMonitor] reset_temporal_state() called on loss function
Epoch 99: val_loss=0.23297804594039917
Epoch 99: train_loss=0.5121944546699524

[CollapseMonitor] Epoch 99
  [DEBUG] Processed 4 batches from val_dataloader
  [DEBUG] Predictions shape after concat: (200,)
  Pred std: 0.003860, range: 0.014857, mean: 0.035220
  Pos: 100.0%, Neg: 0.0%, Unique: 197
  Dir Acc: 59.50%, Pred Sharpe: 144.8314
  Composite: 0.4745 (dist_match: 0.5950, actual_pos: 59.5%, pred_pos: 100.0%)
  Collapse penalty: 0.000000 (threshold: 0.005000)
  Saved validation predictions to: experiments/12c_h1_rolling/market_only_daily_h1_d025/fold_2018/collapse_monitoring/val_predictions_epoch99.npy
  Gradient norms:
    lstm_encoder: 0.006026
    lstm_decoder: 0.004155
    output_layer: 0.118935
  VSN output std:
    encoder: 0.182411
  Attention entropy: 2.995545
  Saved to: experiments/12c_h1_rolling/market_only_daily_h1_d025/fold_2018/collapse_monitoring/collapse_monitor_latest.json


======================================================================
Training complete
======================================================================

Best val_loss checkpoint: experiments/12c_h1_rolling/market_only_daily_h1_d025/fold_2018/checkpoints/tft-epoch=epoch=04-valloss=val_loss=0.1992.ckpt
Best validation loss: 0.199198
Checkpoints saved:
  - Best val_loss: experiments/12c_h1_rolling/market_only_daily_h1_d025/fold_2018/checkpoints/tft-epoch=epoch=04-valloss=val_loss=0.1992.ckpt
  - Best pred_std: experiments/12c_h1_rolling/market_only_daily_h1_d025/fold_2018/checkpoints/tft-epoch=epoch=02-predstd=val_pred_std=0.0148.ckpt
  - Best unique: experiments/12c_h1_rolling/market_only_daily_h1_d025/fold_2018/checkpoints/tft-epoch=epoch=02-unique=val_num_unique=200.ckpt
  - Best dir_acc: experiments/12c_h1_rolling/market_only_daily_h1_d025/fold_2018/checkpoints/tft-epoch=epoch=00-diracc=val_dir_acc=0.5950.ckpt
  - Best sharpe: experiments/12c_h1_rolling/market_only_daily_h1_d025/fold_2018/checkpoints/tft-epoch=epoch=17-sharpe=val_sharpe=181.8947.ckpt
  - Best composite: experiments/12c_h1_rolling/market_only_daily_h1_d025/fold_2018/checkpoints/tft-epoch=epoch=00-composite=val_composite=0.4745.ckpt
Completed at: 2025-12-14 03:55:28
Log saved to: experiments/12c_h1_rolling/market_only_daily_h1_d025/fold_2018/training_20251214_034407.log
======================================================================
