{
  "experiment": "sweep2_hidden_18",
  "collapsed": false,
  "collapse_type": null,
  "predictions": {
    "mean": 0.031985051929950714,
    "std": 0.051413122564554214,
    "min": -0.018179524689912796,
    "max": 0.17806503176689148,
    "range": 0.19624455273151398,
    "pct_positive": 67.8125,
    "pct_negative": 32.1875,
    "num_unique": 1261
  },
  "hidden_size": 18,
  "total_params": 27054,
  "diagnosed_at": "2025-10-21T13:21:00.710725"
}