
[INFO] Using AUTO device selection.

[INFO] Patched matplotlib.Axes.errorbar to abs() negative yerr for robustness.
======================================================================
Training TFT: 06a_weekly_sweep/h16_enc12_d025_bs16
======================================================================
Logging to: experiments/06a_weekly_sweep/h16_enc12_d025_bs16/training_20251129_204245.log
Started at: 2025-11-29 20:42:45
======================================================================
Configuration saved to: experiments/06a_weekly_sweep/h16_enc12_d025_bs16/config.json

Loading data splits...
Train: 1269 samples
Val: 272 samples
Test: 273 samples

Preparing TimeSeriesDataSet...

Dropping source columns (used for staleness only): ['CPI']

Final features for TFT: ['SP500_Returns', 'VIX', 'Treasury_10Y', 'Yield_Spread', 'Inflation_YoY']

======================================================================
FEATURE STATISTICS - BEFORE NORMALIZATION
======================================================================
VIX                             mean= 19.7566  std=  7.9591  min=  9.9050  max= 72.9160
Treasury_10Y                    mean=  4.7641  std=  1.6888  min=  1.4700  max=  8.3400
Yield_Spread                    mean=  1.2798  std=  0.9180  min= -0.5200  max=  2.9100
Inflation_YoY                   mean=  2.5388  std=  1.1868  min= -2.1498  max=  6.7300

======================================================================
FEATURES AFTER GROUPNORMALIZER (first batch, last timestep)
======================================================================
VIX                             normalized_value=  1.0000
Treasury_10Y                    normalized_value= -0.0833
Yield_Spread                    normalized_value=  1.9632
Inflation_YoY                   normalized_value= -0.0972
======================================================================

[DEBUG] VIX train values: [31.318 31.68  23.47  21.908 22.596]
[DEBUG] VIX val values: [14.06  13.318 12.54  13.62  14.158]
Batches per epoch: 78
[DEBUG] Validation batches: 17
[DEBUG] Validation dataset size: 260
[DEBUG] Batch size: 16

Initializing model...

Using standard QuantileLoss (no penalties)

[REGIME OUTPUT] Disabled (using baseline output layer)

================================================================================
BASELINE MODEL FEATURE CONFIGURATION (after from_dataset)
================================================================================
tft.hparams.time_varying_reals_encoder: ['relative_time_idx', 'VIX', 'Treasury_10Y', 'Yield_Spread', 'Inflation_YoY']
  Count: 5

tft.hparams.time_varying_reals_decoder: ['relative_time_idx']
  Count: 1

tft.hparams.x_reals (all reals passed to model): ['encoder_length', 'relative_time_idx', 'VIX', 'Treasury_10Y', 'Yield_Spread', 'Inflation_YoY']
  Count: 6

Encoder VSN configuration:
  num_inputs: 5
  input_sizes: {'relative_time_idx': 16, 'VIX': 16, 'Treasury_10Y': 16, 'Yield_Spread': 16, 'Inflation_YoY': 16}
  flattened_grn.fc1: in_features=80, out_features=5
  -> Params in fc1: 400 (should be 5*16*5=400 if 5 features)
================================================================================

Model parameters: 22,615

Starting training...
Checkpoints will be saved to: experiments/06a_weekly_sweep/h16_enc12_d025_bs16/checkpoints/
Logs will be saved to: experiments/06a_weekly_sweep/h16_enc12_d025_bs16/logs/

[DEBUG CollapseMonitor] on_validation_epoch_start called for epoch 0
[DEBUG CollapseMonitor] reset_temporal_state() called on loss function
Epoch 0: val_loss=N/A
[DEBUG CollapseMonitor] on_validation_epoch_start called for epoch 0
[DEBUG CollapseMonitor] reset_temporal_state() called on loss function
Epoch 0: val_loss=1.3728258609771729
Epoch 0: train_loss=1.4594396352767944

[CollapseMonitor] Epoch 0
  [DEBUG] Processed 17 batches from val_dataloader
  [DEBUG] Predictions shape after concat: (260,)
  [DEBUG] All predictions list length: 17
  [DEBUG] First batch shape: (16,)
  Pred std: 0.061665, range: 0.245952, mean: 0.245909
  Pos: 100.0%, Neg: 0.0%, Unique: 259
  Dir Acc: 60.77%, Pred Sharpe: 63.3049
  Composite: 0.4885 (dist_match: 0.6077, actual_pos: 60.8%, pred_pos: 100.0%)
  Collapse penalty: 0.000000 (threshold: 0.005000)
  Saved validation predictions to: experiments/06a_weekly_sweep/h16_enc12_d025_bs16/collapse_monitoring/val_predictions_epoch0.npy
  Gradient norms:
    lstm_encoder: 0.022184
    lstm_decoder: 0.028990
    output_layer: 1.297206
  VSN output std:
    encoder: 0.163678
  Attention entropy: 2.477852
  Saved to: experiments/06a_weekly_sweep/h16_enc12_d025_bs16/collapse_monitoring/collapse_monitor_latest.json
[DEBUG CollapseMonitor] on_validation_epoch_start called for epoch 1
[DEBUG CollapseMonitor] reset_temporal_state() called on loss function
Epoch 1: val_loss=1.1827389001846313
Epoch 1: train_loss=1.3063814640045166

[CollapseMonitor] Epoch 1
  [DEBUG] Processed 17 batches from val_dataloader
  [DEBUG] Predictions shape after concat: (260,)
  [DEBUG] All predictions list length: 17
  [DEBUG] First batch shape: (16,)
  Pred std: 0.052798, range: 0.196237, mean: 0.194156
  Pos: 100.0%, Neg: 0.0%, Unique: 260
  Dir Acc: 60.77%, Pred Sharpe: 58.3756
  Composite: 0.4885 (dist_match: 0.6077, actual_pos: 60.8%, pred_pos: 100.0%)
  Collapse penalty: 0.000000 (threshold: 0.005000)
  Saved validation predictions to: experiments/06a_weekly_sweep/h16_enc12_d025_bs16/collapse_monitoring/val_predictions_epoch1.npy
  Gradient norms:
    lstm_encoder: 0.021564
    lstm_decoder: 0.024824
    output_layer: 1.126655
  VSN output std:
    encoder: 0.164696
  Attention entropy: 2.477737
  Saved to: experiments/06a_weekly_sweep/h16_enc12_d025_bs16/collapse_monitoring/collapse_monitor_latest.json
[DEBUG CollapseMonitor] on_validation_epoch_start called for epoch 2
[DEBUG CollapseMonitor] reset_temporal_state() called on loss function
Epoch 2: val_loss=1.0615652799606323
Epoch 2: train_loss=1.1375178098678589

[CollapseMonitor] Epoch 2
  [DEBUG] Processed 17 batches from val_dataloader
  [DEBUG] Predictions shape after concat: (260,)
  [DEBUG] All predictions list length: 17
  [DEBUG] First batch shape: (16,)
  Pred std: 0.039281, range: 0.157311, mean: 0.163818
  Pos: 100.0%, Neg: 0.0%, Unique: 260
  Dir Acc: 60.77%, Pred Sharpe: 66.2032
  Composite: 0.4885 (dist_match: 0.6077, actual_pos: 60.8%, pred_pos: 100.0%)
  Collapse penalty: 0.000000 (threshold: 0.005000)
  Saved validation predictions to: experiments/06a_weekly_sweep/h16_enc12_d025_bs16/collapse_monitoring/val_predictions_epoch2.npy
  Gradient norms:
    lstm_encoder: 0.019115
    lstm_decoder: 0.019564
    output_layer: 0.876558
  VSN output std:
    encoder: 0.168148
  Attention entropy: 2.478010
  Saved to: experiments/06a_weekly_sweep/h16_enc12_d025_bs16/collapse_monitoring/collapse_monitor_latest.json
[DEBUG CollapseMonitor] on_validation_epoch_start called for epoch 3
[DEBUG CollapseMonitor] reset_temporal_state() called on loss function
Epoch 3: val_loss=1.00536048412323
Epoch 3: train_loss=1.0521782636642456

[CollapseMonitor] Epoch 3
  [DEBUG] Processed 17 batches from val_dataloader
  [DEBUG] Predictions shape after concat: (260,)
  [DEBUG] All predictions list length: 17
  [DEBUG] First batch shape: (16,)
  Pred std: 0.034541, range: 0.155731, mean: 0.160873
  Pos: 100.0%, Neg: 0.0%, Unique: 260
  Dir Acc: 60.77%, Pred Sharpe: 73.9347
  Composite: 0.4885 (dist_match: 0.6077, actual_pos: 60.8%, pred_pos: 100.0%)
  Collapse penalty: 0.000000 (threshold: 0.005000)
  Saved validation predictions to: experiments/06a_weekly_sweep/h16_enc12_d025_bs16/collapse_monitoring/val_predictions_epoch3.npy
  Gradient norms:
    lstm_encoder: 0.015561
    lstm_decoder: 0.014447
    output_layer: 0.614270
  VSN output std:
    encoder: 0.164339
  Attention entropy: 2.479095
  Saved to: experiments/06a_weekly_sweep/h16_enc12_d025_bs16/collapse_monitoring/collapse_monitor_latest.json
[DEBUG CollapseMonitor] on_validation_epoch_start called for epoch 4
[DEBUG CollapseMonitor] reset_temporal_state() called on loss function
Epoch 4: val_loss=0.9854916930198669
Epoch 4: train_loss=0.9930022954940796

[CollapseMonitor] Epoch 4
  [DEBUG] Processed 17 batches from val_dataloader
  [DEBUG] Predictions shape after concat: (260,)
  [DEBUG] All predictions list length: 17
  [DEBUG] First batch shape: (16,)
  Pred std: 0.033699, range: 0.159046, mean: 0.158939
  Pos: 100.0%, Neg: 0.0%, Unique: 257
  Dir Acc: 60.77%, Pred Sharpe: 74.8703
  Composite: 0.4885 (dist_match: 0.6077, actual_pos: 60.8%, pred_pos: 100.0%)
  Collapse penalty: 0.000000 (threshold: 0.005000)
  Saved validation predictions to: experiments/06a_weekly_sweep/h16_enc12_d025_bs16/collapse_monitoring/val_predictions_epoch4.npy
  Gradient norms:
    lstm_encoder: 0.013427
    lstm_decoder: 0.012038
    output_layer: 0.478036
  VSN output std:
    encoder: 0.164223
  Attention entropy: 2.480758
  Saved to: experiments/06a_weekly_sweep/h16_enc12_d025_bs16/collapse_monitoring/collapse_monitor_latest.json
[DEBUG CollapseMonitor] on_validation_epoch_start called for epoch 5
[DEBUG CollapseMonitor] reset_temporal_state() called on loss function
Epoch 5: val_loss=0.974087655544281
Epoch 5: train_loss=0.972572922706604

[CollapseMonitor] Epoch 5
  [DEBUG] Processed 17 batches from val_dataloader
  [DEBUG] Predictions shape after concat: (260,)
  [DEBUG] All predictions list length: 17
  [DEBUG] First batch shape: (16,)
  Pred std: 0.036059, range: 0.168301, mean: 0.216117
  Pos: 100.0%, Neg: 0.0%, Unique: 259
  Dir Acc: 60.77%, Pred Sharpe: 95.1420
  Composite: 0.4885 (dist_match: 0.6077, actual_pos: 60.8%, pred_pos: 100.0%)
  Collapse penalty: 0.000000 (threshold: 0.005000)
  Saved validation predictions to: experiments/06a_weekly_sweep/h16_enc12_d025_bs16/collapse_monitoring/val_predictions_epoch5.npy
  Gradient norms:
    lstm_encoder: 0.011944
    lstm_decoder: 0.011249
    output_layer: 0.417523
  VSN output std:
    encoder: 0.180593
  Attention entropy: 2.480226
  Saved to: experiments/06a_weekly_sweep/h16_enc12_d025_bs16/collapse_monitoring/collapse_monitor_latest.json
[DEBUG CollapseMonitor] on_validation_epoch_start called for epoch 6
[DEBUG CollapseMonitor] reset_temporal_state() called on loss function
Epoch 6: val_loss=0.9661401510238647
Epoch 6: train_loss=0.9624047875404358

[CollapseMonitor] Epoch 6
  [DEBUG] Processed 17 batches from val_dataloader
  [DEBUG] Predictions shape after concat: (260,)
  [DEBUG] All predictions list length: 17
  [DEBUG] First batch shape: (16,)
  Pred std: 0.030785, range: 0.147024, mean: 0.204809
  Pos: 100.0%, Neg: 0.0%, Unique: 260
  Dir Acc: 60.77%, Pred Sharpe: 105.6097
  Composite: 0.4885 (dist_match: 0.6077, actual_pos: 60.8%, pred_pos: 100.0%)
  Collapse penalty: 0.000000 (threshold: 0.005000)
  Saved validation predictions to: experiments/06a_weekly_sweep/h16_enc12_d025_bs16/collapse_monitoring/val_predictions_epoch6.npy
  Gradient norms:
    lstm_encoder: 0.012024
    lstm_decoder: 0.011825
    output_layer: 0.422708
  VSN output std:
    encoder: 0.174686
  Attention entropy: 2.480197
  Saved to: experiments/06a_weekly_sweep/h16_enc12_d025_bs16/collapse_monitoring/collapse_monitor_latest.json
[DEBUG CollapseMonitor] on_validation_epoch_start called for epoch 7
[DEBUG CollapseMonitor] reset_temporal_state() called on loss function
Epoch 7: val_loss=0.9637026786804199
Epoch 7: train_loss=0.9568616151809692

[CollapseMonitor] Epoch 7
  [DEBUG] Processed 17 batches from val_dataloader
  [DEBUG] Predictions shape after concat: (260,)
  [DEBUG] All predictions list length: 17
  [DEBUG] First batch shape: (16,)
  Pred std: 0.025563, range: 0.124925, mean: 0.243142
  Pos: 100.0%, Neg: 0.0%, Unique: 258
  Dir Acc: 60.77%, Pred Sharpe: 150.9885
  Composite: 0.4885 (dist_match: 0.6077, actual_pos: 60.8%, pred_pos: 100.0%)
  Collapse penalty: 0.000000 (threshold: 0.005000)
  Saved validation predictions to: experiments/06a_weekly_sweep/h16_enc12_d025_bs16/collapse_monitoring/val_predictions_epoch7.npy
  Gradient norms:
    lstm_encoder: 0.011274
    lstm_decoder: 0.011162
    output_layer: 0.401569
  VSN output std:
    encoder: 0.173385
  Attention entropy: 2.479325
  Saved to: experiments/06a_weekly_sweep/h16_enc12_d025_bs16/collapse_monitoring/collapse_monitor_latest.json
[DEBUG CollapseMonitor] on_validation_epoch_start called for epoch 8
[DEBUG CollapseMonitor] reset_temporal_state() called on loss function
Epoch 8: val_loss=0.9606509804725647
Epoch 8: train_loss=0.9504142999649048

[CollapseMonitor] Epoch 8
  [DEBUG] Processed 17 batches from val_dataloader
  [DEBUG] Predictions shape after concat: (260,)
  [DEBUG] All predictions list length: 17
  [DEBUG] First batch shape: (16,)
  Pred std: 0.023519, range: 0.113861, mean: 0.215106
  Pos: 100.0%, Neg: 0.0%, Unique: 259
  Dir Acc: 60.77%, Pred Sharpe: 145.1869
  Composite: 0.4885 (dist_match: 0.6077, actual_pos: 60.8%, pred_pos: 100.0%)
  Collapse penalty: 0.000000 (threshold: 0.005000)
  Saved validation predictions to: experiments/06a_weekly_sweep/h16_enc12_d025_bs16/collapse_monitoring/val_predictions_epoch8.npy
  Gradient norms:
    lstm_encoder: 0.011469
    lstm_decoder: 0.011638
    output_layer: 0.399976
  VSN output std:
    encoder: 0.176315
  Attention entropy: 2.479401
  Saved to: experiments/06a_weekly_sweep/h16_enc12_d025_bs16/collapse_monitoring/collapse_monitor_latest.json
[DEBUG CollapseMonitor] on_validation_epoch_start called for epoch 9
[DEBUG CollapseMonitor] reset_temporal_state() called on loss function
Epoch 9: val_loss=0.9604936838150024
Epoch 9: train_loss=0.9441957473754883

[CollapseMonitor] Epoch 9
  [DEBUG] Processed 17 batches from val_dataloader
  [DEBUG] Predictions shape after concat: (260,)
  [DEBUG] All predictions list length: 17
  [DEBUG] First batch shape: (16,)
  Pred std: 0.022283, range: 0.109972, mean: 0.161677
  Pos: 100.0%, Neg: 0.0%, Unique: 259
  Dir Acc: 60.77%, Pred Sharpe: 115.1797
  Composite: 0.4885 (dist_match: 0.6077, actual_pos: 60.8%, pred_pos: 100.0%)
  Collapse penalty: 0.000000 (threshold: 0.005000)
  Saved validation predictions to: experiments/06a_weekly_sweep/h16_enc12_d025_bs16/collapse_monitoring/val_predictions_epoch9.npy
  Gradient norms:
    lstm_encoder: 0.011318
    lstm_decoder: 0.011327
    output_layer: 0.412207
  VSN output std:
    encoder: 0.177799
  Attention entropy: 2.479924
  Saved to: experiments/06a_weekly_sweep/h16_enc12_d025_bs16/collapse_monitoring/collapse_monitor_latest.json
[DEBUG CollapseMonitor] on_validation_epoch_start called for epoch 10
[DEBUG CollapseMonitor] reset_temporal_state() called on loss function
Epoch 10: val_loss=0.9576481580734253
Epoch 10: train_loss=0.9438642859458923

[CollapseMonitor] Epoch 10
  [DEBUG] Processed 17 batches from val_dataloader
  [DEBUG] Predictions shape after concat: (260,)
  [DEBUG] All predictions list length: 17
  [DEBUG] First batch shape: (16,)
  Pred std: 0.023278, range: 0.104212, mean: 0.247929
  Pos: 100.0%, Neg: 0.0%, Unique: 260
  Dir Acc: 60.77%, Pred Sharpe: 169.0776
  Composite: 0.4885 (dist_match: 0.6077, actual_pos: 60.8%, pred_pos: 100.0%)
  Collapse penalty: 0.000000 (threshold: 0.005000)
  Saved validation predictions to: experiments/06a_weekly_sweep/h16_enc12_d025_bs16/collapse_monitoring/val_predictions_epoch10.npy
  Gradient norms:
    lstm_encoder: 0.011216
    lstm_decoder: 0.010583
    output_layer: 0.366582
  VSN output std:
    encoder: 0.177863
  Attention entropy: 2.479055
  Saved to: experiments/06a_weekly_sweep/h16_enc12_d025_bs16/collapse_monitoring/collapse_monitor_latest.json
[DEBUG CollapseMonitor] on_validation_epoch_start called for epoch 11
[DEBUG CollapseMonitor] reset_temporal_state() called on loss function
Epoch 11: val_loss=0.9567093849182129
Epoch 11: train_loss=0.9420785903930664

[CollapseMonitor] Epoch 11
  [DEBUG] Processed 17 batches from val_dataloader
  [DEBUG] Predictions shape after concat: (260,)
  [DEBUG] All predictions list length: 17
  [DEBUG] First batch shape: (16,)
  Pred std: 0.020243, range: 0.098147, mean: 0.212146
  Pos: 100.0%, Neg: 0.0%, Unique: 259
  Dir Acc: 60.77%, Pred Sharpe: 166.3634
  Composite: 0.4885 (dist_match: 0.6077, actual_pos: 60.8%, pred_pos: 100.0%)
  Collapse penalty: 0.000000 (threshold: 0.005000)
  Saved validation predictions to: experiments/06a_weekly_sweep/h16_enc12_d025_bs16/collapse_monitoring/val_predictions_epoch11.npy
  Gradient norms:
    lstm_encoder: 0.011576
    lstm_decoder: 0.010490
    output_layer: 0.369519
  VSN output std:
    encoder: 0.185140
  Attention entropy: 2.478402
  Saved to: experiments/06a_weekly_sweep/h16_enc12_d025_bs16/collapse_monitoring/collapse_monitor_latest.json
[DEBUG CollapseMonitor] on_validation_epoch_start called for epoch 12
[DEBUG CollapseMonitor] reset_temporal_state() called on loss function
Epoch 12: val_loss=0.9569036364555359
Epoch 12: train_loss=0.9408258199691772

[CollapseMonitor] Epoch 12
  [DEBUG] Processed 17 batches from val_dataloader
  [DEBUG] Predictions shape after concat: (260,)
  [DEBUG] All predictions list length: 17
  [DEBUG] First batch shape: (16,)
  Pred std: 0.018085, range: 0.086666, mean: 0.254739
  Pos: 100.0%, Neg: 0.0%, Unique: 258
  Dir Acc: 60.77%, Pred Sharpe: 223.6055
  Composite: 0.4885 (dist_match: 0.6077, actual_pos: 60.8%, pred_pos: 100.0%)
  Collapse penalty: 0.000000 (threshold: 0.005000)
  Saved validation predictions to: experiments/06a_weekly_sweep/h16_enc12_d025_bs16/collapse_monitoring/val_predictions_epoch12.npy
  Gradient norms:
    lstm_encoder: 0.012053
    lstm_decoder: 0.011095
    output_layer: 0.413279
  VSN output std:
    encoder: 0.179887
  Attention entropy: 2.477372
  Saved to: experiments/06a_weekly_sweep/h16_enc12_d025_bs16/collapse_monitoring/collapse_monitor_latest.json
[DEBUG CollapseMonitor] on_validation_epoch_start called for epoch 13
[DEBUG CollapseMonitor] reset_temporal_state() called on loss function
Epoch 13: val_loss=0.9551273584365845
Epoch 13: train_loss=0.940786600112915

[CollapseMonitor] Epoch 13
  [DEBUG] Processed 17 batches from val_dataloader
  [DEBUG] Predictions shape after concat: (260,)
  [DEBUG] All predictions list length: 17
  [DEBUG] First batch shape: (16,)
  Pred std: 0.017887, range: 0.093808, mean: 0.269273
  Pos: 100.0%, Neg: 0.0%, Unique: 259
  Dir Acc: 60.77%, Pred Sharpe: 238.9716
  Composite: 0.4885 (dist_match: 0.6077, actual_pos: 60.8%, pred_pos: 100.0%)
  Collapse penalty: 0.000000 (threshold: 0.005000)
  Saved validation predictions to: experiments/06a_weekly_sweep/h16_enc12_d025_bs16/collapse_monitoring/val_predictions_epoch13.npy
  Gradient norms:
    lstm_encoder: 0.012207
    lstm_decoder: 0.011027
    output_layer: 0.385487
  VSN output std:
    encoder: 0.178641
  Attention entropy: 2.476200
  Saved to: experiments/06a_weekly_sweep/h16_enc12_d025_bs16/collapse_monitoring/collapse_monitor_latest.json
[DEBUG CollapseMonitor] on_validation_epoch_start called for epoch 14
[DEBUG CollapseMonitor] reset_temporal_state() called on loss function
Epoch 14: val_loss=0.952832818031311
Epoch 14: train_loss=0.9356305003166199

[CollapseMonitor] Epoch 14
  [DEBUG] Processed 17 batches from val_dataloader
  [DEBUG] Predictions shape after concat: (260,)
  [DEBUG] All predictions list length: 17
  [DEBUG] First batch shape: (16,)
  Pred std: 0.015880, range: 0.092654, mean: 0.290688
  Pos: 100.0%, Neg: 0.0%, Unique: 257
  Dir Acc: 60.77%, Pred Sharpe: 290.5900
  Composite: 0.4885 (dist_match: 0.6077, actual_pos: 60.8%, pred_pos: 100.0%)
  Collapse penalty: 0.000000 (threshold: 0.005000)
  Saved validation predictions to: experiments/06a_weekly_sweep/h16_enc12_d025_bs16/collapse_monitoring/val_predictions_epoch14.npy
  Gradient norms:
    lstm_encoder: 0.013201
    lstm_decoder: 0.011190
    output_layer: 0.399024
  VSN output std:
    encoder: 0.190972
  Attention entropy: 2.479319
  Saved to: experiments/06a_weekly_sweep/h16_enc12_d025_bs16/collapse_monitoring/collapse_monitor_latest.json
[DEBUG CollapseMonitor] on_validation_epoch_start called for epoch 15
[DEBUG CollapseMonitor] reset_temporal_state() called on loss function
Epoch 15: val_loss=0.9522148966789246
Epoch 15: train_loss=0.9347310066223145

[CollapseMonitor] Epoch 15
  [DEBUG] Processed 17 batches from val_dataloader
  [DEBUG] Predictions shape after concat: (260,)
  [DEBUG] All predictions list length: 17
  [DEBUG] First batch shape: (16,)
  Pred std: 0.015529, range: 0.080678, mean: 0.225667
  Pos: 100.0%, Neg: 0.0%, Unique: 260
  Dir Acc: 60.77%, Pred Sharpe: 230.6946
  Composite: 0.4885 (dist_match: 0.6077, actual_pos: 60.8%, pred_pos: 100.0%)
  Collapse penalty: 0.000000 (threshold: 0.005000)
  Saved validation predictions to: experiments/06a_weekly_sweep/h16_enc12_d025_bs16/collapse_monitoring/val_predictions_epoch15.npy
  Gradient norms:
    lstm_encoder: 0.013482
    lstm_decoder: 0.011056
    output_layer: 0.374722
  VSN output std:
    encoder: 0.190930
  Attention entropy: 2.474997
  Saved to: experiments/06a_weekly_sweep/h16_enc12_d025_bs16/collapse_monitoring/collapse_monitor_latest.json
[DEBUG CollapseMonitor] on_validation_epoch_start called for epoch 16
[DEBUG CollapseMonitor] reset_temporal_state() called on loss function
Epoch 16: val_loss=0.9532317519187927
Epoch 16: train_loss=0.9347743391990662

[CollapseMonitor] Epoch 16
  [DEBUG] Processed 17 batches from val_dataloader
  [DEBUG] Predictions shape after concat: (260,)
  [DEBUG] All predictions list length: 17
  [DEBUG] First batch shape: (16,)
  Pred std: 0.017750, range: 0.087151, mean: 0.155833
  Pos: 100.0%, Neg: 0.0%, Unique: 259
  Dir Acc: 60.77%, Pred Sharpe: 139.3685
  Composite: 0.4885 (dist_match: 0.6077, actual_pos: 60.8%, pred_pos: 100.0%)
  Collapse penalty: 0.000000 (threshold: 0.005000)
  Saved validation predictions to: experiments/06a_weekly_sweep/h16_enc12_d025_bs16/collapse_monitoring/val_predictions_epoch16.npy
  Gradient norms:
    lstm_encoder: 0.015224
    lstm_decoder: 0.011961
    output_layer: 0.406713
  VSN output std:
    encoder: 0.191956
  Attention entropy: 2.468036
  Saved to: experiments/06a_weekly_sweep/h16_enc12_d025_bs16/collapse_monitoring/collapse_monitor_latest.json
[DEBUG CollapseMonitor] on_validation_epoch_start called for epoch 17
[DEBUG CollapseMonitor] reset_temporal_state() called on loss function
Epoch 17: val_loss=0.9488279819488525
Epoch 17: train_loss=0.9298326373100281

[CollapseMonitor] Epoch 17
  [DEBUG] Processed 17 batches from val_dataloader
  [DEBUG] Predictions shape after concat: (260,)
  [DEBUG] All predictions list length: 17
  [DEBUG] First batch shape: (16,)
  Pred std: 0.022507, range: 0.102456, mean: 0.222410
  Pos: 100.0%, Neg: 0.0%, Unique: 260
  Dir Acc: 60.77%, Pred Sharpe: 156.8675
  Composite: 0.4885 (dist_match: 0.6077, actual_pos: 60.8%, pred_pos: 100.0%)
  Collapse penalty: 0.000000 (threshold: 0.005000)
  Saved validation predictions to: experiments/06a_weekly_sweep/h16_enc12_d025_bs16/collapse_monitoring/val_predictions_epoch17.npy
  Gradient norms:
    lstm_encoder: 0.015721
    lstm_decoder: 0.011592
    output_layer: 0.371388
  VSN output std:
    encoder: 0.189972
  Attention entropy: 2.454153
  Saved to: experiments/06a_weekly_sweep/h16_enc12_d025_bs16/collapse_monitoring/collapse_monitor_latest.json
[DEBUG CollapseMonitor] on_validation_epoch_start called for epoch 18
[DEBUG CollapseMonitor] reset_temporal_state() called on loss function
Epoch 18: val_loss=0.9462406039237976
Epoch 18: train_loss=0.9287197589874268

[CollapseMonitor] Epoch 18
  [DEBUG] Processed 17 batches from val_dataloader
  [DEBUG] Predictions shape after concat: (260,)
  [DEBUG] All predictions list length: 17
  [DEBUG] First batch shape: (16,)
  Pred std: 0.030926, range: 0.152815, mean: 0.264546
  Pos: 100.0%, Neg: 0.0%, Unique: 259
  Dir Acc: 60.77%, Pred Sharpe: 135.7949
  Composite: 0.4885 (dist_match: 0.6077, actual_pos: 60.8%, pred_pos: 100.0%)
  Collapse penalty: 0.000000 (threshold: 0.005000)
  Saved validation predictions to: experiments/06a_weekly_sweep/h16_enc12_d025_bs16/collapse_monitoring/val_predictions_epoch18.npy
  Gradient norms:
    lstm_encoder: 0.016728
    lstm_decoder: 0.011501
    output_layer: 0.350839
  VSN output std:
    encoder: 0.186713
  Attention entropy: 2.444814
  Saved to: experiments/06a_weekly_sweep/h16_enc12_d025_bs16/collapse_monitoring/collapse_monitor_latest.json
[DEBUG CollapseMonitor] on_validation_epoch_start called for epoch 19
[DEBUG CollapseMonitor] reset_temporal_state() called on loss function
Epoch 19: val_loss=0.9429447054862976
Epoch 19: train_loss=0.9274377822875977

[CollapseMonitor] Epoch 19
  [DEBUG] Processed 17 batches from val_dataloader
  [DEBUG] Predictions shape after concat: (260,)
  [DEBUG] All predictions list length: 17
  [DEBUG] First batch shape: (16,)
  Pred std: 0.032599, range: 0.162122, mean: 0.276849
  Pos: 100.0%, Neg: 0.0%, Unique: 260
  Dir Acc: 60.77%, Pred Sharpe: 134.8171
  Composite: 0.4885 (dist_match: 0.6077, actual_pos: 60.8%, pred_pos: 100.0%)
  Collapse penalty: 0.000000 (threshold: 0.005000)
  Saved validation predictions to: experiments/06a_weekly_sweep/h16_enc12_d025_bs16/collapse_monitoring/val_predictions_epoch19.npy
  Gradient norms:
    lstm_encoder: 0.019106
    lstm_decoder: 0.013166
    output_layer: 0.405618
  VSN output std:
    encoder: 0.187082
  Attention entropy: 2.448772
  Saved to: experiments/06a_weekly_sweep/h16_enc12_d025_bs16/collapse_monitoring/collapse_monitor_latest.json
[DEBUG CollapseMonitor] on_validation_epoch_start called for epoch 20
[DEBUG CollapseMonitor] reset_temporal_state() called on loss function
Epoch 20: val_loss=0.9399651288986206
Epoch 20: train_loss=0.9232801795005798

[CollapseMonitor] Epoch 20
  [DEBUG] Processed 17 batches from val_dataloader
  [DEBUG] Predictions shape after concat: (260,)
  [DEBUG] All predictions list length: 17
  [DEBUG] First batch shape: (16,)
  Pred std: 0.032964, range: 0.172528, mean: 0.240165
  Pos: 100.0%, Neg: 0.0%, Unique: 258
  Dir Acc: 60.77%, Pred Sharpe: 115.6569
  Composite: 0.4885 (dist_match: 0.6077, actual_pos: 60.8%, pred_pos: 100.0%)
  Collapse penalty: 0.000000 (threshold: 0.005000)
  Saved validation predictions to: experiments/06a_weekly_sweep/h16_enc12_d025_bs16/collapse_monitoring/val_predictions_epoch20.npy
  Gradient norms:
    lstm_encoder: 0.019663
    lstm_decoder: 0.012563
    output_layer: 0.358095
  VSN output std:
    encoder: 0.183169
  Attention entropy: 2.409595
  Saved to: experiments/06a_weekly_sweep/h16_enc12_d025_bs16/collapse_monitoring/collapse_monitor_latest.json
[DEBUG CollapseMonitor] on_validation_epoch_start called for epoch 21
[DEBUG CollapseMonitor] reset_temporal_state() called on loss function
Epoch 21: val_loss=0.9354010820388794
Epoch 21: train_loss=0.9199639558792114

[CollapseMonitor] Epoch 21
  [DEBUG] Processed 17 batches from val_dataloader
  [DEBUG] Predictions shape after concat: (260,)
  [DEBUG] All predictions list length: 17
  [DEBUG] First batch shape: (16,)
  Pred std: 0.035873, range: 0.191587, mean: 0.255972
  Pos: 100.0%, Neg: 0.0%, Unique: 258
  Dir Acc: 60.77%, Pred Sharpe: 113.2713
  Composite: 0.4885 (dist_match: 0.6077, actual_pos: 60.8%, pred_pos: 100.0%)
  Collapse penalty: 0.000000 (threshold: 0.005000)
  Saved validation predictions to: experiments/06a_weekly_sweep/h16_enc12_d025_bs16/collapse_monitoring/val_predictions_epoch21.npy
  Gradient norms:
    lstm_encoder: 0.020625
    lstm_decoder: 0.013389
    output_layer: 0.376544
  VSN output std:
    encoder: 0.181267
  Attention entropy: 2.382397
  Saved to: experiments/06a_weekly_sweep/h16_enc12_d025_bs16/collapse_monitoring/collapse_monitor_latest.json
[DEBUG CollapseMonitor] on_validation_epoch_start called for epoch 22
[DEBUG CollapseMonitor] reset_temporal_state() called on loss function
Epoch 22: val_loss=0.9327679872512817
Epoch 22: train_loss=0.913931131362915

[CollapseMonitor] Epoch 22
  [DEBUG] Processed 17 batches from val_dataloader
  [DEBUG] Predictions shape after concat: (260,)
  [DEBUG] All predictions list length: 17
  [DEBUG] First batch shape: (16,)
  Pred std: 0.042801, range: 0.218153, mean: 0.183146
  Pos: 100.0%, Neg: 0.0%, Unique: 259
  Dir Acc: 60.77%, Pred Sharpe: 67.9276
  Composite: 0.4885 (dist_match: 0.6077, actual_pos: 60.8%, pred_pos: 100.0%)
  Collapse penalty: 0.000000 (threshold: 0.005000)
  Saved validation predictions to: experiments/06a_weekly_sweep/h16_enc12_d025_bs16/collapse_monitoring/val_predictions_epoch22.npy
  Gradient norms:
    lstm_encoder: 0.021541
    lstm_decoder: 0.013899
    output_layer: 0.396480
  VSN output std:
    encoder: 0.177838
  Attention entropy: 2.347847
  Saved to: experiments/06a_weekly_sweep/h16_enc12_d025_bs16/collapse_monitoring/collapse_monitor_latest.json
[DEBUG CollapseMonitor] on_validation_epoch_start called for epoch 23
[DEBUG CollapseMonitor] reset_temporal_state() called on loss function
Epoch 23: val_loss=0.9312207698822021
Epoch 23: train_loss=0.9122474789619446

[CollapseMonitor] Epoch 23
  [DEBUG] Processed 17 batches from val_dataloader
  [DEBUG] Predictions shape after concat: (260,)
  [DEBUG] All predictions list length: 17
  [DEBUG] First batch shape: (16,)
  Pred std: 0.019626, range: 0.143068, mean: 0.208801
  Pos: 100.0%, Neg: 0.0%, Unique: 259
  Dir Acc: 60.77%, Pred Sharpe: 168.8860
  Composite: 0.4885 (dist_match: 0.6077, actual_pos: 60.8%, pred_pos: 100.0%)
  Collapse penalty: 0.000000 (threshold: 0.005000)
  Saved validation predictions to: experiments/06a_weekly_sweep/h16_enc12_d025_bs16/collapse_monitoring/val_predictions_epoch23.npy
  Gradient norms:
    lstm_encoder: 0.021730
    lstm_decoder: 0.014314
    output_layer: 0.396932
  VSN output std:
    encoder: 0.172405
  Attention entropy: 2.359616
  Saved to: experiments/06a_weekly_sweep/h16_enc12_d025_bs16/collapse_monitoring/collapse_monitor_latest.json
[DEBUG CollapseMonitor] on_validation_epoch_start called for epoch 24
[DEBUG CollapseMonitor] reset_temporal_state() called on loss function
Epoch 24: val_loss=0.9322087168693542
Epoch 24: train_loss=0.91642826795578

[CollapseMonitor] Epoch 24
  [DEBUG] Processed 17 batches from val_dataloader
  [DEBUG] Predictions shape after concat: (260,)
  [DEBUG] All predictions list length: 17
  [DEBUG] First batch shape: (16,)
  Pred std: 0.016731, range: 0.121839, mean: 0.302590
  Pos: 100.0%, Neg: 0.0%, Unique: 259
  Dir Acc: 60.77%, Pred Sharpe: 287.1056
  Composite: 0.4885 (dist_match: 0.6077, actual_pos: 60.8%, pred_pos: 100.0%)
  Collapse penalty: 0.000000 (threshold: 0.005000)
  Saved validation predictions to: experiments/06a_weekly_sweep/h16_enc12_d025_bs16/collapse_monitoring/val_predictions_epoch24.npy
  Gradient norms:
    lstm_encoder: 0.021758
    lstm_decoder: 0.013994
    output_layer: 0.387890
  VSN output std:
    encoder: 0.168342
  Attention entropy: 2.396447
  Saved to: experiments/06a_weekly_sweep/h16_enc12_d025_bs16/collapse_monitoring/collapse_monitor_latest.json
[DEBUG CollapseMonitor] on_validation_epoch_start called for epoch 25
[DEBUG CollapseMonitor] reset_temporal_state() called on loss function
Epoch 25: val_loss=0.9315035343170166
Epoch 25: train_loss=0.9119939804077148

[CollapseMonitor] Epoch 25
  [DEBUG] Processed 17 batches from val_dataloader
  [DEBUG] Predictions shape after concat: (260,)
  [DEBUG] All predictions list length: 17
  [DEBUG] First batch shape: (16,)
  Pred std: 0.016768, range: 0.108134, mean: 0.227143
  Pos: 100.0%, Neg: 0.0%, Unique: 258
  Dir Acc: 60.77%, Pred Sharpe: 215.0363
  Composite: 0.4885 (dist_match: 0.6077, actual_pos: 60.8%, pred_pos: 100.0%)
  Collapse penalty: 0.000000 (threshold: 0.005000)
  Saved validation predictions to: experiments/06a_weekly_sweep/h16_enc12_d025_bs16/collapse_monitoring/val_predictions_epoch25.npy
  Gradient norms:
    lstm_encoder: 0.021082
    lstm_decoder: 0.013759
    output_layer: 0.367544
  VSN output std:
    encoder: 0.167863
  Attention entropy: 2.409581
  Saved to: experiments/06a_weekly_sweep/h16_enc12_d025_bs16/collapse_monitoring/collapse_monitor_latest.json
[DEBUG CollapseMonitor] on_validation_epoch_start called for epoch 26
[DEBUG CollapseMonitor] reset_temporal_state() called on loss function
Epoch 26: val_loss=0.9296507835388184
Epoch 26: train_loss=0.9119012355804443

[CollapseMonitor] Epoch 26
  [DEBUG] Processed 17 batches from val_dataloader
  [DEBUG] Predictions shape after concat: (260,)
  [DEBUG] All predictions list length: 17
  [DEBUG] First batch shape: (16,)
  Pred std: 0.016583, range: 0.120251, mean: 0.271444
  Pos: 100.0%, Neg: 0.0%, Unique: 260
  Dir Acc: 60.77%, Pred Sharpe: 259.8530
  Composite: 0.4885 (dist_match: 0.6077, actual_pos: 60.8%, pred_pos: 100.0%)
  Collapse penalty: 0.000000 (threshold: 0.005000)
  Saved validation predictions to: experiments/06a_weekly_sweep/h16_enc12_d025_bs16/collapse_monitoring/val_predictions_epoch26.npy
  Gradient norms:
    lstm_encoder: 0.022705
    lstm_decoder: 0.014444
    output_layer: 0.385871
  VSN output std:
    encoder: 0.168979
  Attention entropy: 2.382810
  Saved to: experiments/06a_weekly_sweep/h16_enc12_d025_bs16/collapse_monitoring/collapse_monitor_latest.json
[DEBUG CollapseMonitor] on_validation_epoch_start called for epoch 27
[DEBUG CollapseMonitor] reset_temporal_state() called on loss function
Epoch 27: val_loss=0.9320838451385498
Epoch 27: train_loss=0.9087311029434204

[CollapseMonitor] Epoch 27
  [DEBUG] Processed 17 batches from val_dataloader
  [DEBUG] Predictions shape after concat: (260,)
  [DEBUG] All predictions list length: 17
  [DEBUG] First batch shape: (16,)
  Pred std: 0.020316, range: 0.107230, mean: 0.233712
  Pos: 100.0%, Neg: 0.0%, Unique: 259
  Dir Acc: 60.77%, Pred Sharpe: 182.6195
  Composite: 0.4885 (dist_match: 0.6077, actual_pos: 60.8%, pred_pos: 100.0%)
  Collapse penalty: 0.000000 (threshold: 0.005000)
  Saved validation predictions to: experiments/06a_weekly_sweep/h16_enc12_d025_bs16/collapse_monitoring/val_predictions_epoch27.npy
  Gradient norms:
    lstm_encoder: 0.022641
    lstm_decoder: 0.014290
    output_layer: 0.382959
  VSN output std:
    encoder: 0.163965
  Attention entropy: 2.455400
  Saved to: experiments/06a_weekly_sweep/h16_enc12_d025_bs16/collapse_monitoring/collapse_monitor_latest.json
[DEBUG CollapseMonitor] on_validation_epoch_start called for epoch 28
[DEBUG CollapseMonitor] reset_temporal_state() called on loss function
Epoch 28: val_loss=0.9325952529907227
Epoch 28: train_loss=0.9035200476646423

[CollapseMonitor] Epoch 28
  [DEBUG] Processed 17 batches from val_dataloader
  [DEBUG] Predictions shape after concat: (260,)
  [DEBUG] All predictions list length: 17
  [DEBUG] First batch shape: (16,)
  Pred std: 0.013029, range: 0.079432, mean: 0.240860
  Pos: 100.0%, Neg: 0.0%, Unique: 258
  Dir Acc: 60.77%, Pred Sharpe: 293.4521
  Composite: 0.4885 (dist_match: 0.6077, actual_pos: 60.8%, pred_pos: 100.0%)
  Collapse penalty: 0.000000 (threshold: 0.005000)
  Saved validation predictions to: experiments/06a_weekly_sweep/h16_enc12_d025_bs16/collapse_monitoring/val_predictions_epoch28.npy
  Gradient norms:
    lstm_encoder: 0.025605
    lstm_decoder: 0.015304
    output_layer: 0.366323
  VSN output std:
    encoder: 0.161830
  Attention entropy: 2.462523
  Saved to: experiments/06a_weekly_sweep/h16_enc12_d025_bs16/collapse_monitoring/collapse_monitor_latest.json
[DEBUG CollapseMonitor] on_validation_epoch_start called for epoch 29
[DEBUG CollapseMonitor] reset_temporal_state() called on loss function
Epoch 29: val_loss=0.9299725294113159
Epoch 29: train_loss=0.9070002436637878

[CollapseMonitor] Epoch 29
  [DEBUG] Processed 17 batches from val_dataloader
  [DEBUG] Predictions shape after concat: (260,)
  [DEBUG] All predictions list length: 17
  [DEBUG] First batch shape: (16,)
  Pred std: 0.016397, range: 0.097343, mean: 0.222921
  Pos: 100.0%, Neg: 0.0%, Unique: 259
  Dir Acc: 60.77%, Pred Sharpe: 215.8147
  Composite: 0.4885 (dist_match: 0.6077, actual_pos: 60.8%, pred_pos: 100.0%)
  Collapse penalty: 0.000000 (threshold: 0.005000)
  Saved validation predictions to: experiments/06a_weekly_sweep/h16_enc12_d025_bs16/collapse_monitoring/val_predictions_epoch29.npy
  Gradient norms:
    lstm_encoder: 0.025807
    lstm_decoder: 0.015581
    output_layer: 0.393272
  VSN output std:
    encoder: 0.161172
  Attention entropy: 2.444710
  Saved to: experiments/06a_weekly_sweep/h16_enc12_d025_bs16/collapse_monitoring/collapse_monitor_latest.json
[DEBUG CollapseMonitor] on_validation_epoch_start called for epoch 30
[DEBUG CollapseMonitor] reset_temporal_state() called on loss function
Epoch 30: val_loss=0.9298150539398193
Epoch 30: train_loss=0.9017210006713867

[CollapseMonitor] Epoch 30
  [DEBUG] Processed 17 batches from val_dataloader
  [DEBUG] Predictions shape after concat: (260,)
  [DEBUG] All predictions list length: 17
  [DEBUG] First batch shape: (16,)
  Pred std: 0.024244, range: 0.132938, mean: 0.261013
  Pos: 100.0%, Neg: 0.0%, Unique: 259
  Dir Acc: 60.77%, Pred Sharpe: 170.9043
  Composite: 0.4885 (dist_match: 0.6077, actual_pos: 60.8%, pred_pos: 100.0%)
  Collapse penalty: 0.000000 (threshold: 0.005000)
  Saved validation predictions to: experiments/06a_weekly_sweep/h16_enc12_d025_bs16/collapse_monitoring/val_predictions_epoch30.npy
  Gradient norms:
    lstm_encoder: 0.025148
    lstm_decoder: 0.014767
    output_layer: 0.359572
  VSN output std:
    encoder: 0.163378
  Attention entropy: 2.444434
  Saved to: experiments/06a_weekly_sweep/h16_enc12_d025_bs16/collapse_monitoring/collapse_monitor_latest.json
[DEBUG CollapseMonitor] on_validation_epoch_start called for epoch 31
[DEBUG CollapseMonitor] reset_temporal_state() called on loss function
Epoch 31: val_loss=0.9288222789764404
Epoch 31: train_loss=0.9009953141212463

[CollapseMonitor] Epoch 31
  [DEBUG] Processed 17 batches from val_dataloader
  [DEBUG] Predictions shape after concat: (260,)
  [DEBUG] All predictions list length: 17
  [DEBUG] First batch shape: (16,)
  Pred std: 0.032132, range: 0.181805, mean: 0.205478
  Pos: 100.0%, Neg: 0.0%, Unique: 260
  Dir Acc: 60.77%, Pred Sharpe: 101.5159
  Composite: 0.4885 (dist_match: 0.6077, actual_pos: 60.8%, pred_pos: 100.0%)
  Collapse penalty: 0.000000 (threshold: 0.005000)
  Saved validation predictions to: experiments/06a_weekly_sweep/h16_enc12_d025_bs16/collapse_monitoring/val_predictions_epoch31.npy
  Gradient norms:
    lstm_encoder: 0.025410
    lstm_decoder: 0.015718
    output_layer: 0.399303
  VSN output std:
    encoder: 0.164557
  Attention entropy: 2.422163
  Saved to: experiments/06a_weekly_sweep/h16_enc12_d025_bs16/collapse_monitoring/collapse_monitor_latest.json
[DEBUG CollapseMonitor] on_validation_epoch_start called for epoch 32
[DEBUG CollapseMonitor] reset_temporal_state() called on loss function
Epoch 32: val_loss=0.9266949892044067
Epoch 32: train_loss=0.8999049067497253

[CollapseMonitor] Epoch 32
  [DEBUG] Processed 17 batches from val_dataloader
  [DEBUG] Predictions shape after concat: (260,)
  [DEBUG] All predictions list length: 17
  [DEBUG] First batch shape: (16,)
  Pred std: 0.021722, range: 0.124087, mean: 0.309419
  Pos: 100.0%, Neg: 0.0%, Unique: 258
  Dir Acc: 60.77%, Pred Sharpe: 226.1267
  Composite: 0.4885 (dist_match: 0.6077, actual_pos: 60.8%, pred_pos: 100.0%)
  Collapse penalty: 0.000000 (threshold: 0.005000)
  Saved validation predictions to: experiments/06a_weekly_sweep/h16_enc12_d025_bs16/collapse_monitoring/val_predictions_epoch32.npy
  Gradient norms:
    lstm_encoder: 0.026250
    lstm_decoder: 0.015419
    output_layer: 0.382348
  VSN output std:
    encoder: 0.167184
  Attention entropy: 2.442113
  Saved to: experiments/06a_weekly_sweep/h16_enc12_d025_bs16/collapse_monitoring/collapse_monitor_latest.json
[DEBUG CollapseMonitor] on_validation_epoch_start called for epoch 33
[DEBUG CollapseMonitor] reset_temporal_state() called on loss function
Epoch 33: val_loss=0.9271385669708252
Epoch 33: train_loss=0.8996185064315796

[CollapseMonitor] Epoch 33
  [DEBUG] Processed 17 batches from val_dataloader
  [DEBUG] Predictions shape after concat: (260,)
  [DEBUG] All predictions list length: 17
  [DEBUG] First batch shape: (16,)
  Pred std: 0.019300, range: 0.100984, mean: 0.308785
  Pos: 100.0%, Neg: 0.0%, Unique: 260
  Dir Acc: 60.77%, Pred Sharpe: 253.9751
  Composite: 0.4885 (dist_match: 0.6077, actual_pos: 60.8%, pred_pos: 100.0%)
  Collapse penalty: 0.000000 (threshold: 0.005000)
  Saved validation predictions to: experiments/06a_weekly_sweep/h16_enc12_d025_bs16/collapse_monitoring/val_predictions_epoch33.npy
  Gradient norms:
    lstm_encoder: 0.025834
    lstm_decoder: 0.015693
    output_layer: 0.367700
  VSN output std:
    encoder: 0.169389
  Attention entropy: 2.446842
  Saved to: experiments/06a_weekly_sweep/h16_enc12_d025_bs16/collapse_monitoring/collapse_monitor_latest.json
[DEBUG CollapseMonitor] on_validation_epoch_start called for epoch 34
[DEBUG CollapseMonitor] reset_temporal_state() called on loss function
Epoch 34: val_loss=0.9288793802261353
Epoch 34: train_loss=0.8962826132774353

[CollapseMonitor] Epoch 34
  [DEBUG] Processed 17 batches from val_dataloader
  [DEBUG] Predictions shape after concat: (260,)
  [DEBUG] All predictions list length: 17
  [DEBUG] First batch shape: (16,)
  Pred std: 0.024385, range: 0.126828, mean: 0.277318
  Pos: 100.0%, Neg: 0.0%, Unique: 260
  Dir Acc: 60.77%, Pred Sharpe: 180.5329
  Composite: 0.4885 (dist_match: 0.6077, actual_pos: 60.8%, pred_pos: 100.0%)
  Collapse penalty: 0.000000 (threshold: 0.005000)
  Saved validation predictions to: experiments/06a_weekly_sweep/h16_enc12_d025_bs16/collapse_monitoring/val_predictions_epoch34.npy
  Gradient norms:
    lstm_encoder: 0.028547
    lstm_decoder: 0.015961
    output_layer: 0.373259
  VSN output std:
    encoder: 0.162877
  Attention entropy: 2.467456
  Saved to: experiments/06a_weekly_sweep/h16_enc12_d025_bs16/collapse_monitoring/collapse_monitor_latest.json
[DEBUG CollapseMonitor] on_validation_epoch_start called for epoch 35
[DEBUG CollapseMonitor] reset_temporal_state() called on loss function
Epoch 35: val_loss=0.9281045794487
Epoch 35: train_loss=0.9007143974304199

[CollapseMonitor] Epoch 35
  [DEBUG] Processed 17 batches from val_dataloader
  [DEBUG] Predictions shape after concat: (260,)
  [DEBUG] All predictions list length: 17
  [DEBUG] First batch shape: (16,)
  Pred std: 0.043633, range: 0.221044, mean: 0.293802
  Pos: 100.0%, Neg: 0.0%, Unique: 260
  Dir Acc: 60.77%, Pred Sharpe: 106.8901
  Composite: 0.4885 (dist_match: 0.6077, actual_pos: 60.8%, pred_pos: 100.0%)
  Collapse penalty: 0.000000 (threshold: 0.005000)
  Saved validation predictions to: experiments/06a_weekly_sweep/h16_enc12_d025_bs16/collapse_monitoring/val_predictions_epoch35.npy
  Gradient norms:
    lstm_encoder: 0.028133
    lstm_decoder: 0.016204
    output_layer: 0.366011
  VSN output std:
    encoder: 0.162458
  Attention entropy: 2.475628
  Saved to: experiments/06a_weekly_sweep/h16_enc12_d025_bs16/collapse_monitoring/collapse_monitor_latest.json
[DEBUG CollapseMonitor] on_validation_epoch_start called for epoch 36
[DEBUG CollapseMonitor] reset_temporal_state() called on loss function
Epoch 36: val_loss=0.9301667213439941
Epoch 36: train_loss=0.894655168056488

[CollapseMonitor] Epoch 36
  [DEBUG] Processed 17 batches from val_dataloader
  [DEBUG] Predictions shape after concat: (260,)
  [DEBUG] All predictions list length: 17
  [DEBUG] First batch shape: (16,)
  Pred std: 0.015541, range: 0.100393, mean: 0.230464
  Pos: 100.0%, Neg: 0.0%, Unique: 260
  Dir Acc: 60.77%, Pred Sharpe: 235.4038
  Composite: 0.4885 (dist_match: 0.6077, actual_pos: 60.8%, pred_pos: 100.0%)
  Collapse penalty: 0.000000 (threshold: 0.005000)
  Saved validation predictions to: experiments/06a_weekly_sweep/h16_enc12_d025_bs16/collapse_monitoring/val_predictions_epoch36.npy
  Gradient norms:
    lstm_encoder: 0.030301
    lstm_decoder: 0.017018
    output_layer: 0.392078
  VSN output std:
    encoder: 0.164141
  Attention entropy: 2.478481
  Saved to: experiments/06a_weekly_sweep/h16_enc12_d025_bs16/collapse_monitoring/collapse_monitor_latest.json
[DEBUG CollapseMonitor] on_validation_epoch_start called for epoch 37
[DEBUG CollapseMonitor] reset_temporal_state() called on loss function
Epoch 37: val_loss=0.9273783564567566
Epoch 37: train_loss=0.8954125642776489

[CollapseMonitor] Epoch 37
  [DEBUG] Processed 17 batches from val_dataloader
  [DEBUG] Predictions shape after concat: (260,)
  [DEBUG] All predictions list length: 17
  [DEBUG] First batch shape: (16,)
  Pred std: 0.023656, range: 0.144266, mean: 0.261394
  Pos: 100.0%, Neg: 0.0%, Unique: 258
  Dir Acc: 60.77%, Pred Sharpe: 175.4090
  Composite: 0.4885 (dist_match: 0.6077, actual_pos: 60.8%, pred_pos: 100.0%)
  Collapse penalty: 0.000000 (threshold: 0.005000)
  Saved validation predictions to: experiments/06a_weekly_sweep/h16_enc12_d025_bs16/collapse_monitoring/val_predictions_epoch37.npy
  Gradient norms:
    lstm_encoder: 0.031856
    lstm_decoder: 0.017221
    output_layer: 0.372691
  VSN output std:
    encoder: 0.162401
  Attention entropy: 2.478871
  Saved to: experiments/06a_weekly_sweep/h16_enc12_d025_bs16/collapse_monitoring/collapse_monitor_latest.json
[DEBUG CollapseMonitor] on_validation_epoch_start called for epoch 38
[DEBUG CollapseMonitor] reset_temporal_state() called on loss function
Epoch 38: val_loss=0.9276087284088135
Epoch 38: train_loss=0.8956570625305176

[CollapseMonitor] Epoch 38
  [DEBUG] Processed 17 batches from val_dataloader
  [DEBUG] Predictions shape after concat: (260,)
  [DEBUG] All predictions list length: 17
  [DEBUG] First batch shape: (16,)
  Pred std: 0.019790, range: 0.134302, mean: 0.308387
  Pos: 100.0%, Neg: 0.0%, Unique: 260
  Dir Acc: 60.77%, Pred Sharpe: 247.3770
  Composite: 0.4885 (dist_match: 0.6077, actual_pos: 60.8%, pred_pos: 100.0%)
  Collapse penalty: 0.000000 (threshold: 0.005000)
  Saved validation predictions to: experiments/06a_weekly_sweep/h16_enc12_d025_bs16/collapse_monitoring/val_predictions_epoch38.npy
  Gradient norms:
    lstm_encoder: 0.032010
    lstm_decoder: 0.017907
    output_layer: 0.421086
  VSN output std:
    encoder: 0.161543
  Attention entropy: 2.479072
  Saved to: experiments/06a_weekly_sweep/h16_enc12_d025_bs16/collapse_monitoring/collapse_monitor_latest.json
[DEBUG CollapseMonitor] on_validation_epoch_start called for epoch 39
[DEBUG CollapseMonitor] reset_temporal_state() called on loss function
Epoch 39: val_loss=0.9273566603660583
Epoch 39: train_loss=0.8995047211647034

[CollapseMonitor] Epoch 39
  [DEBUG] Processed 17 batches from val_dataloader
  [DEBUG] Predictions shape after concat: (260,)
  [DEBUG] All predictions list length: 17
  [DEBUG] First batch shape: (16,)
  Pred std: 0.023331, range: 0.144999, mean: 0.274535
  Pos: 100.0%, Neg: 0.0%, Unique: 260
  Dir Acc: 60.77%, Pred Sharpe: 186.7911
  Composite: 0.4885 (dist_match: 0.6077, actual_pos: 60.8%, pred_pos: 100.0%)
  Collapse penalty: 0.000000 (threshold: 0.005000)
  Saved validation predictions to: experiments/06a_weekly_sweep/h16_enc12_d025_bs16/collapse_monitoring/val_predictions_epoch39.npy
  Gradient norms:
    lstm_encoder: 0.031859
    lstm_decoder: 0.016572
    output_layer: 0.349670
  VSN output std:
    encoder: 0.161633
  Attention entropy: 2.479238
  Saved to: experiments/06a_weekly_sweep/h16_enc12_d025_bs16/collapse_monitoring/collapse_monitor_latest.json
[DEBUG CollapseMonitor] on_validation_epoch_start called for epoch 40
[DEBUG CollapseMonitor] reset_temporal_state() called on loss function
Epoch 40: val_loss=0.9255542755126953
Epoch 40: train_loss=0.8898237943649292

[CollapseMonitor] Epoch 40
  [DEBUG] Processed 17 batches from val_dataloader
  [DEBUG] Predictions shape after concat: (260,)
  [DEBUG] All predictions list length: 17
  [DEBUG] First batch shape: (16,)
  Pred std: 0.045341, range: 0.263880, mean: 0.329798
  Pos: 100.0%, Neg: 0.0%, Unique: 260
  Dir Acc: 60.77%, Pred Sharpe: 115.4673
  Composite: 0.4885 (dist_match: 0.6077, actual_pos: 60.8%, pred_pos: 100.0%)
  Collapse penalty: 0.000000 (threshold: 0.005000)
  Saved validation predictions to: experiments/06a_weekly_sweep/h16_enc12_d025_bs16/collapse_monitoring/val_predictions_epoch40.npy
  Gradient norms:
    lstm_encoder: 0.031116
    lstm_decoder: 0.016968
    output_layer: 0.393161
  VSN output std:
    encoder: 0.160512
  Attention entropy: 2.479206
  Saved to: experiments/06a_weekly_sweep/h16_enc12_d025_bs16/collapse_monitoring/collapse_monitor_latest.json
[DEBUG CollapseMonitor] on_validation_epoch_start called for epoch 41
[DEBUG CollapseMonitor] reset_temporal_state() called on loss function
Epoch 41: val_loss=0.9255062937736511
Epoch 41: train_loss=0.895997166633606

[CollapseMonitor] Epoch 41
  [DEBUG] Processed 17 batches from val_dataloader
  [DEBUG] Predictions shape after concat: (260,)
  [DEBUG] All predictions list length: 17
  [DEBUG] First batch shape: (16,)
  Pred std: 0.037513, range: 0.227076, mean: 0.311920
  Pos: 100.0%, Neg: 0.0%, Unique: 260
  Dir Acc: 60.77%, Pred Sharpe: 131.9962
  Composite: 0.4885 (dist_match: 0.6077, actual_pos: 60.8%, pred_pos: 100.0%)
  Collapse penalty: 0.000000 (threshold: 0.005000)
  Saved validation predictions to: experiments/06a_weekly_sweep/h16_enc12_d025_bs16/collapse_monitoring/val_predictions_epoch41.npy
  Gradient norms:
    lstm_encoder: 0.034242
    lstm_decoder: 0.017957
    output_layer: 0.368023
  VSN output std:
    encoder: 0.161894
  Attention entropy: 2.479178
  Saved to: experiments/06a_weekly_sweep/h16_enc12_d025_bs16/collapse_monitoring/collapse_monitor_latest.json
[DEBUG CollapseMonitor] on_validation_epoch_start called for epoch 42
[DEBUG CollapseMonitor] reset_temporal_state() called on loss function
Epoch 42: val_loss=0.9259313941001892
Epoch 42: train_loss=0.8923643231391907

[CollapseMonitor] Epoch 42
  [DEBUG] Processed 17 batches from val_dataloader
  [DEBUG] Predictions shape after concat: (260,)
  [DEBUG] All predictions list length: 17
  [DEBUG] First batch shape: (16,)
  Pred std: 0.034055, range: 0.204153, mean: 0.336718
  Pos: 100.0%, Neg: 0.0%, Unique: 259
  Dir Acc: 60.77%, Pred Sharpe: 156.9608
  Composite: 0.4885 (dist_match: 0.6077, actual_pos: 60.8%, pred_pos: 100.0%)
  Collapse penalty: 0.000000 (threshold: 0.005000)
  Saved validation predictions to: experiments/06a_weekly_sweep/h16_enc12_d025_bs16/collapse_monitoring/val_predictions_epoch42.npy
  Gradient norms:
    lstm_encoder: 0.033341
    lstm_decoder: 0.017580
    output_layer: 0.352034
  VSN output std:
    encoder: 0.164112
  Attention entropy: 2.478951
  Saved to: experiments/06a_weekly_sweep/h16_enc12_d025_bs16/collapse_monitoring/collapse_monitor_latest.json
[DEBUG CollapseMonitor] on_validation_epoch_start called for epoch 43
[DEBUG CollapseMonitor] reset_temporal_state() called on loss function
Epoch 43: val_loss=0.9258535504341125
Epoch 43: train_loss=0.8985671997070312

[CollapseMonitor] Epoch 43
  [DEBUG] Processed 17 batches from val_dataloader
  [DEBUG] Predictions shape after concat: (260,)
  [DEBUG] All predictions list length: 17
  [DEBUG] First batch shape: (16,)
  Pred std: 0.037464, range: 0.219218, mean: 0.292528
  Pos: 100.0%, Neg: 0.0%, Unique: 259
  Dir Acc: 60.77%, Pred Sharpe: 123.9512
  Composite: 0.4885 (dist_match: 0.6077, actual_pos: 60.8%, pred_pos: 100.0%)
  Collapse penalty: 0.000000 (threshold: 0.005000)
  Saved validation predictions to: experiments/06a_weekly_sweep/h16_enc12_d025_bs16/collapse_monitoring/val_predictions_epoch43.npy
  Gradient norms:
    lstm_encoder: 0.033987
    lstm_decoder: 0.017243
    output_layer: 0.347612
  VSN output std:
    encoder: 0.165435
  Attention entropy: 2.478683
  Saved to: experiments/06a_weekly_sweep/h16_enc12_d025_bs16/collapse_monitoring/collapse_monitor_latest.json
[DEBUG CollapseMonitor] on_validation_epoch_start called for epoch 44
[DEBUG CollapseMonitor] reset_temporal_state() called on loss function
Epoch 44: val_loss=0.9263930916786194
Epoch 44: train_loss=0.8901872038841248

[CollapseMonitor] Epoch 44
  [DEBUG] Processed 17 batches from val_dataloader
  [DEBUG] Predictions shape after concat: (260,)
  [DEBUG] All predictions list length: 17
  [DEBUG] First batch shape: (16,)
  Pred std: 0.032464, range: 0.203118, mean: 0.294379
  Pos: 100.0%, Neg: 0.0%, Unique: 259
  Dir Acc: 60.77%, Pred Sharpe: 143.9472
  Composite: 0.4885 (dist_match: 0.6077, actual_pos: 60.8%, pred_pos: 100.0%)
  Collapse penalty: 0.000000 (threshold: 0.005000)
  Saved validation predictions to: experiments/06a_weekly_sweep/h16_enc12_d025_bs16/collapse_monitoring/val_predictions_epoch44.npy
  Gradient norms:
    lstm_encoder: 0.031512
    lstm_decoder: 0.017262
    output_layer: 0.378414
  VSN output std:
    encoder: 0.163444
  Attention entropy: 2.478016
  Saved to: experiments/06a_weekly_sweep/h16_enc12_d025_bs16/collapse_monitoring/collapse_monitor_latest.json
[DEBUG CollapseMonitor] on_validation_epoch_start called for epoch 45
[DEBUG CollapseMonitor] reset_temporal_state() called on loss function
Epoch 45: val_loss=0.9261425733566284
Epoch 45: train_loss=0.8974223136901855

[CollapseMonitor] Epoch 45
  [DEBUG] Processed 17 batches from val_dataloader
  [DEBUG] Predictions shape after concat: (260,)
  [DEBUG] All predictions list length: 17
  [DEBUG] First batch shape: (16,)
  Pred std: 0.037176, range: 0.233923, mean: 0.307959
  Pos: 100.0%, Neg: 0.0%, Unique: 260
  Dir Acc: 60.77%, Pred Sharpe: 131.5013
  Composite: 0.4885 (dist_match: 0.6077, actual_pos: 60.8%, pred_pos: 100.0%)
  Collapse penalty: 0.000000 (threshold: 0.005000)
  Saved validation predictions to: experiments/06a_weekly_sweep/h16_enc12_d025_bs16/collapse_monitoring/val_predictions_epoch45.npy
  Gradient norms:
    lstm_encoder: 0.034080
    lstm_decoder: 0.018164
    output_layer: 0.383514
  VSN output std:
    encoder: 0.164164
  Attention entropy: 2.478140
  Saved to: experiments/06a_weekly_sweep/h16_enc12_d025_bs16/collapse_monitoring/collapse_monitor_latest.json
[DEBUG CollapseMonitor] on_validation_epoch_start called for epoch 46
[DEBUG CollapseMonitor] reset_temporal_state() called on loss function
Epoch 46: val_loss=0.9257949590682983
Epoch 46: train_loss=0.8941298127174377

[CollapseMonitor] Epoch 46
  [DEBUG] Processed 17 batches from val_dataloader
  [DEBUG] Predictions shape after concat: (260,)
  [DEBUG] All predictions list length: 17
  [DEBUG] First batch shape: (16,)
  Pred std: 0.031532, range: 0.202437, mean: 0.315377
  Pos: 100.0%, Neg: 0.0%, Unique: 260
  Dir Acc: 60.77%, Pred Sharpe: 158.7717
  Composite: 0.4885 (dist_match: 0.6077, actual_pos: 60.8%, pred_pos: 100.0%)
  Collapse penalty: 0.000000 (threshold: 0.005000)
  Saved validation predictions to: experiments/06a_weekly_sweep/h16_enc12_d025_bs16/collapse_monitoring/val_predictions_epoch46.npy
  Gradient norms:
    lstm_encoder: 0.035481
    lstm_decoder: 0.019221
    output_layer: 0.404374
  VSN output std:
    encoder: 0.163192
  Attention entropy: 2.478754
  Saved to: experiments/06a_weekly_sweep/h16_enc12_d025_bs16/collapse_monitoring/collapse_monitor_latest.json
[DEBUG CollapseMonitor] on_validation_epoch_start called for epoch 47
[DEBUG CollapseMonitor] reset_temporal_state() called on loss function
Epoch 47: val_loss=0.9251127243041992
Epoch 47: train_loss=0.8935081362724304

[CollapseMonitor] Epoch 47
  [DEBUG] Processed 17 batches from val_dataloader
  [DEBUG] Predictions shape after concat: (260,)
  [DEBUG] All predictions list length: 17
  [DEBUG] First batch shape: (16,)
  Pred std: 0.034448, range: 0.218214, mean: 0.298109
  Pos: 100.0%, Neg: 0.0%, Unique: 260
  Dir Acc: 60.77%, Pred Sharpe: 137.3779
  Composite: 0.4885 (dist_match: 0.6077, actual_pos: 60.8%, pred_pos: 100.0%)
  Collapse penalty: 0.000000 (threshold: 0.005000)
  Saved validation predictions to: experiments/06a_weekly_sweep/h16_enc12_d025_bs16/collapse_monitoring/val_predictions_epoch47.npy
  Gradient norms:
    lstm_encoder: 0.034947
    lstm_decoder: 0.018562
    output_layer: 0.371214
  VSN output std:
    encoder: 0.163462
  Attention entropy: 2.479438
  Saved to: experiments/06a_weekly_sweep/h16_enc12_d025_bs16/collapse_monitoring/collapse_monitor_latest.json
[DEBUG CollapseMonitor] on_validation_epoch_start called for epoch 48
[DEBUG CollapseMonitor] reset_temporal_state() called on loss function
Epoch 48: val_loss=0.9248661398887634
Epoch 48: train_loss=0.8920139670372009

[CollapseMonitor] Epoch 48
  [DEBUG] Processed 17 batches from val_dataloader
  [DEBUG] Predictions shape after concat: (260,)
  [DEBUG] All predictions list length: 17
  [DEBUG] First batch shape: (16,)
  Pred std: 0.040345, range: 0.250879, mean: 0.298436
  Pos: 100.0%, Neg: 0.0%, Unique: 260
  Dir Acc: 60.77%, Pred Sharpe: 117.4249
  Composite: 0.4885 (dist_match: 0.6077, actual_pos: 60.8%, pred_pos: 100.0%)
  Collapse penalty: 0.000000 (threshold: 0.005000)
  Saved validation predictions to: experiments/06a_weekly_sweep/h16_enc12_d025_bs16/collapse_monitoring/val_predictions_epoch48.npy
  Gradient norms:
    lstm_encoder: 0.036926
    lstm_decoder: 0.019331
    output_layer: 0.380001
  VSN output std:
    encoder: 0.163733
  Attention entropy: 2.479194
  Saved to: experiments/06a_weekly_sweep/h16_enc12_d025_bs16/collapse_monitoring/collapse_monitor_latest.json
[DEBUG CollapseMonitor] on_validation_epoch_start called for epoch 49
[DEBUG CollapseMonitor] reset_temporal_state() called on loss function
Epoch 49: val_loss=0.9237563014030457
Epoch 49: train_loss=0.8935686945915222

[CollapseMonitor] Epoch 49
  [DEBUG] Processed 17 batches from val_dataloader
  [DEBUG] Predictions shape after concat: (260,)
  [DEBUG] All predictions list length: 17
  [DEBUG] First batch shape: (16,)
  Pred std: 0.041235, range: 0.255150, mean: 0.306776
  Pos: 100.0%, Neg: 0.0%, Unique: 260
  Dir Acc: 60.77%, Pred Sharpe: 118.1019
  Composite: 0.4885 (dist_match: 0.6077, actual_pos: 60.8%, pred_pos: 100.0%)
  Collapse penalty: 0.000000 (threshold: 0.005000)
  Saved validation predictions to: experiments/06a_weekly_sweep/h16_enc12_d025_bs16/collapse_monitoring/val_predictions_epoch49.npy
  Gradient norms:
    lstm_encoder: 0.036617
    lstm_decoder: 0.018653
    output_layer: 0.372067
  VSN output std:
    encoder: 0.164278
  Attention entropy: 2.479620
  Saved to: experiments/06a_weekly_sweep/h16_enc12_d025_bs16/collapse_monitoring/collapse_monitor_latest.json
[DEBUG CollapseMonitor] on_validation_epoch_start called for epoch 50
[DEBUG CollapseMonitor] reset_temporal_state() called on loss function
Epoch 50: val_loss=0.9233861565589905
Epoch 50: train_loss=0.8878560066223145

[CollapseMonitor] Epoch 50
  [DEBUG] Processed 17 batches from val_dataloader
  [DEBUG] Predictions shape after concat: (260,)
  [DEBUG] All predictions list length: 17
  [DEBUG] First batch shape: (16,)
  Pred std: 0.046702, range: 0.279097, mean: 0.312201
  Pos: 100.0%, Neg: 0.0%, Unique: 259
  Dir Acc: 60.77%, Pred Sharpe: 106.1214
  Composite: 0.4885 (dist_match: 0.6077, actual_pos: 60.8%, pred_pos: 100.0%)
  Collapse penalty: 0.000000 (threshold: 0.005000)
  Saved validation predictions to: experiments/06a_weekly_sweep/h16_enc12_d025_bs16/collapse_monitoring/val_predictions_epoch50.npy
  Gradient norms:
    lstm_encoder: 0.034131
    lstm_decoder: 0.018182
    output_layer: 0.360991
  VSN output std:
    encoder: 0.165169
  Attention entropy: 2.479656
  Saved to: experiments/06a_weekly_sweep/h16_enc12_d025_bs16/collapse_monitoring/collapse_monitor_latest.json
[DEBUG CollapseMonitor] on_validation_epoch_start called for epoch 51
[DEBUG CollapseMonitor] reset_temporal_state() called on loss function
Epoch 51: val_loss=0.9232141971588135
Epoch 51: train_loss=0.8971481323242188

[CollapseMonitor] Epoch 51
  [DEBUG] Processed 17 batches from val_dataloader
  [DEBUG] Predictions shape after concat: (260,)
  [DEBUG] All predictions list length: 17
  [DEBUG] First batch shape: (16,)
  Pred std: 0.040769, range: 0.244292, mean: 0.303016
  Pos: 100.0%, Neg: 0.0%, Unique: 260
  Dir Acc: 60.77%, Pred Sharpe: 117.9861
  Composite: 0.4885 (dist_match: 0.6077, actual_pos: 60.8%, pred_pos: 100.0%)
  Collapse penalty: 0.000000 (threshold: 0.005000)
  Saved validation predictions to: experiments/06a_weekly_sweep/h16_enc12_d025_bs16/collapse_monitoring/val_predictions_epoch51.npy
  Gradient norms:
    lstm_encoder: 0.036861
    lstm_decoder: 0.018633
    output_layer: 0.365946
  VSN output std:
    encoder: 0.165177
  Attention entropy: 2.479591
  Saved to: experiments/06a_weekly_sweep/h16_enc12_d025_bs16/collapse_monitoring/collapse_monitor_latest.json
[DEBUG CollapseMonitor] on_validation_epoch_start called for epoch 52
[DEBUG CollapseMonitor] reset_temporal_state() called on loss function
Epoch 52: val_loss=0.9229470491409302
Epoch 52: train_loss=0.8945414423942566

[CollapseMonitor] Epoch 52
  [DEBUG] Processed 17 batches from val_dataloader
  [DEBUG] Predictions shape after concat: (260,)
  [DEBUG] All predictions list length: 17
  [DEBUG] First batch shape: (16,)
  Pred std: 0.044480, range: 0.259548, mean: 0.330423
  Pos: 100.0%, Neg: 0.0%, Unique: 259
  Dir Acc: 60.77%, Pred Sharpe: 117.9245
  Composite: 0.4885 (dist_match: 0.6077, actual_pos: 60.8%, pred_pos: 100.0%)
  Collapse penalty: 0.000000 (threshold: 0.005000)
  Saved validation predictions to: experiments/06a_weekly_sweep/h16_enc12_d025_bs16/collapse_monitoring/val_predictions_epoch52.npy
  Gradient norms:
    lstm_encoder: 0.036812
    lstm_decoder: 0.018773
    output_layer: 0.375380
  VSN output std:
    encoder: 0.165606
  Attention entropy: 2.479274
  Saved to: experiments/06a_weekly_sweep/h16_enc12_d025_bs16/collapse_monitoring/collapse_monitor_latest.json
[DEBUG CollapseMonitor] on_validation_epoch_start called for epoch 53
[DEBUG CollapseMonitor] reset_temporal_state() called on loss function
Epoch 53: val_loss=0.9232671856880188
Epoch 53: train_loss=0.8907525539398193

[CollapseMonitor] Epoch 53
  [DEBUG] Processed 17 batches from val_dataloader
  [DEBUG] Predictions shape after concat: (260,)
  [DEBUG] All predictions list length: 17
  [DEBUG] First batch shape: (16,)
  Pred std: 0.052881, range: 0.305285, mean: 0.299112
  Pos: 100.0%, Neg: 0.0%, Unique: 259
  Dir Acc: 60.77%, Pred Sharpe: 89.7909
  Composite: 0.4885 (dist_match: 0.6077, actual_pos: 60.8%, pred_pos: 100.0%)
  Collapse penalty: 0.000000 (threshold: 0.005000)
  Saved validation predictions to: experiments/06a_weekly_sweep/h16_enc12_d025_bs16/collapse_monitoring/val_predictions_epoch53.npy
  Gradient norms:
    lstm_encoder: 0.036857
    lstm_decoder: 0.018804
    output_layer: 0.380833
  VSN output std:
    encoder: 0.165563
  Attention entropy: 2.479043
  Saved to: experiments/06a_weekly_sweep/h16_enc12_d025_bs16/collapse_monitoring/collapse_monitor_latest.json
[DEBUG CollapseMonitor] on_validation_epoch_start called for epoch 54
[DEBUG CollapseMonitor] reset_temporal_state() called on loss function
Epoch 54: val_loss=0.9235679507255554
Epoch 54: train_loss=0.8930104374885559

[CollapseMonitor] Epoch 54
  [DEBUG] Processed 17 batches from val_dataloader
  [DEBUG] Predictions shape after concat: (260,)
  [DEBUG] All predictions list length: 17
  [DEBUG] First batch shape: (16,)
  Pred std: 0.056306, range: 0.324130, mean: 0.307930
  Pos: 100.0%, Neg: 0.0%, Unique: 260
  Dir Acc: 60.77%, Pred Sharpe: 86.8159
  Composite: 0.4885 (dist_match: 0.6077, actual_pos: 60.8%, pred_pos: 100.0%)
  Collapse penalty: 0.000000 (threshold: 0.005000)
  Saved validation predictions to: experiments/06a_weekly_sweep/h16_enc12_d025_bs16/collapse_monitoring/val_predictions_epoch54.npy
  Gradient norms:
    lstm_encoder: 0.037108
    lstm_decoder: 0.019023
    output_layer: 0.370455
  VSN output std:
    encoder: 0.164617
  Attention entropy: 2.479131
  Saved to: experiments/06a_weekly_sweep/h16_enc12_d025_bs16/collapse_monitoring/collapse_monitor_latest.json
[DEBUG CollapseMonitor] on_validation_epoch_start called for epoch 55
[DEBUG CollapseMonitor] reset_temporal_state() called on loss function
Epoch 55: val_loss=0.9240491390228271
Epoch 55: train_loss=0.8920785784721375

[CollapseMonitor] Epoch 55
  [DEBUG] Processed 17 batches from val_dataloader
  [DEBUG] Predictions shape after concat: (260,)
  [DEBUG] All predictions list length: 17
  [DEBUG] First batch shape: (16,)
  Pred std: 0.058390, range: 0.340114, mean: 0.295509
  Pos: 100.0%, Neg: 0.0%, Unique: 260
  Dir Acc: 60.77%, Pred Sharpe: 80.3402
  Composite: 0.4885 (dist_match: 0.6077, actual_pos: 60.8%, pred_pos: 100.0%)
  Collapse penalty: 0.000000 (threshold: 0.005000)
  Saved validation predictions to: experiments/06a_weekly_sweep/h16_enc12_d025_bs16/collapse_monitoring/val_predictions_epoch55.npy
  Gradient norms:
    lstm_encoder: 0.038131
    lstm_decoder: 0.019845
    output_layer: 0.368056
  VSN output std:
    encoder: 0.164186
  Attention entropy: 2.479615
  Saved to: experiments/06a_weekly_sweep/h16_enc12_d025_bs16/collapse_monitoring/collapse_monitor_latest.json
[DEBUG CollapseMonitor] on_validation_epoch_start called for epoch 56
[DEBUG CollapseMonitor] reset_temporal_state() called on loss function
Epoch 56: val_loss=0.9241433143615723
Epoch 56: train_loss=0.8938764929771423

[CollapseMonitor] Epoch 56
  [DEBUG] Processed 17 batches from val_dataloader
  [DEBUG] Predictions shape after concat: (260,)
  [DEBUG] All predictions list length: 17
  [DEBUG] First batch shape: (16,)
  Pred std: 0.056340, range: 0.335417, mean: 0.316341
  Pos: 100.0%, Neg: 0.0%, Unique: 260
  Dir Acc: 60.77%, Pred Sharpe: 89.1335
  Composite: 0.4885 (dist_match: 0.6077, actual_pos: 60.8%, pred_pos: 100.0%)
  Collapse penalty: 0.000000 (threshold: 0.005000)
  Saved validation predictions to: experiments/06a_weekly_sweep/h16_enc12_d025_bs16/collapse_monitoring/val_predictions_epoch56.npy
  Gradient norms:
    lstm_encoder: 0.036473
    lstm_decoder: 0.018885
    output_layer: 0.346360
  VSN output std:
    encoder: 0.164417
  Attention entropy: 2.479808
  Saved to: experiments/06a_weekly_sweep/h16_enc12_d025_bs16/collapse_monitoring/collapse_monitor_latest.json
[DEBUG CollapseMonitor] on_validation_epoch_start called for epoch 57
[DEBUG CollapseMonitor] reset_temporal_state() called on loss function
Epoch 57: val_loss=0.9236473441123962
Epoch 57: train_loss=0.8925691246986389

[CollapseMonitor] Epoch 57
  [DEBUG] Processed 17 batches from val_dataloader
  [DEBUG] Predictions shape after concat: (260,)
  [DEBUG] All predictions list length: 17
  [DEBUG] First batch shape: (16,)
  Pred std: 0.060351, range: 0.350364, mean: 0.287874
  Pos: 100.0%, Neg: 0.0%, Unique: 260
  Dir Acc: 60.77%, Pred Sharpe: 75.7215
  Composite: 0.4885 (dist_match: 0.6077, actual_pos: 60.8%, pred_pos: 100.0%)
  Collapse penalty: 0.000000 (threshold: 0.005000)
  Saved validation predictions to: experiments/06a_weekly_sweep/h16_enc12_d025_bs16/collapse_monitoring/val_predictions_epoch57.npy
  Gradient norms:
    lstm_encoder: 0.035795
    lstm_decoder: 0.018148
    output_layer: 0.359354
  VSN output std:
    encoder: 0.165554
  Attention entropy: 2.479856
  Saved to: experiments/06a_weekly_sweep/h16_enc12_d025_bs16/collapse_monitoring/collapse_monitor_latest.json
[DEBUG CollapseMonitor] on_validation_epoch_start called for epoch 58
[DEBUG CollapseMonitor] reset_temporal_state() called on loss function
Epoch 58: val_loss=0.9232872724533081
Epoch 58: train_loss=0.8882461786270142

[CollapseMonitor] Epoch 58
  [DEBUG] Processed 17 batches from val_dataloader
  [DEBUG] Predictions shape after concat: (260,)
  [DEBUG] All predictions list length: 17
  [DEBUG] First batch shape: (16,)
  Pred std: 0.060123, range: 0.347600, mean: 0.307973
  Pos: 100.0%, Neg: 0.0%, Unique: 259
  Dir Acc: 60.77%, Pred Sharpe: 81.3160
  Composite: 0.4885 (dist_match: 0.6077, actual_pos: 60.8%, pred_pos: 100.0%)
  Collapse penalty: 0.000000 (threshold: 0.005000)
  Saved validation predictions to: experiments/06a_weekly_sweep/h16_enc12_d025_bs16/collapse_monitoring/val_predictions_epoch58.npy
  Gradient norms:
    lstm_encoder: 0.036776
    lstm_decoder: 0.019481
    output_layer: 0.366684
  VSN output std:
    encoder: 0.165869
  Attention entropy: 2.479785
  Saved to: experiments/06a_weekly_sweep/h16_enc12_d025_bs16/collapse_monitoring/collapse_monitor_latest.json
[DEBUG CollapseMonitor] on_validation_epoch_start called for epoch 59
[DEBUG CollapseMonitor] reset_temporal_state() called on loss function
Epoch 59: val_loss=0.9232138395309448
Epoch 59: train_loss=0.8936936855316162

[CollapseMonitor] Epoch 59
  [DEBUG] Processed 17 batches from val_dataloader
  [DEBUG] Predictions shape after concat: (260,)
  [DEBUG] All predictions list length: 17
  [DEBUG] First batch shape: (16,)
  Pred std: 0.060988, range: 0.351097, mean: 0.321562
  Pos: 100.0%, Neg: 0.0%, Unique: 259
  Dir Acc: 60.77%, Pred Sharpe: 83.6987
  Composite: 0.4885 (dist_match: 0.6077, actual_pos: 60.8%, pred_pos: 100.0%)
  Collapse penalty: 0.000000 (threshold: 0.005000)
  Saved validation predictions to: experiments/06a_weekly_sweep/h16_enc12_d025_bs16/collapse_monitoring/val_predictions_epoch59.npy
  Gradient norms:
    lstm_encoder: 0.040323
    lstm_decoder: 0.021163
    output_layer: 0.386300
  VSN output std:
    encoder: 0.166149
  Attention entropy: 2.479738
  Saved to: experiments/06a_weekly_sweep/h16_enc12_d025_bs16/collapse_monitoring/collapse_monitor_latest.json
[DEBUG CollapseMonitor] on_validation_epoch_start called for epoch 60
[DEBUG CollapseMonitor] reset_temporal_state() called on loss function
Epoch 60: val_loss=0.9229733347892761
Epoch 60: train_loss=0.8851240277290344

[CollapseMonitor] Epoch 60
  [DEBUG] Processed 17 batches from val_dataloader
  [DEBUG] Predictions shape after concat: (260,)
  [DEBUG] All predictions list length: 17
  [DEBUG] First batch shape: (16,)
  Pred std: 0.059377, range: 0.345087, mean: 0.319888
  Pos: 100.0%, Neg: 0.0%, Unique: 259
  Dir Acc: 60.77%, Pred Sharpe: 85.5226
  Composite: 0.4885 (dist_match: 0.6077, actual_pos: 60.8%, pred_pos: 100.0%)
  Collapse penalty: 0.000000 (threshold: 0.005000)
  Saved validation predictions to: experiments/06a_weekly_sweep/h16_enc12_d025_bs16/collapse_monitoring/val_predictions_epoch60.npy
  Gradient norms:
    lstm_encoder: 0.036763
    lstm_decoder: 0.019357
    output_layer: 0.364768
  VSN output std:
    encoder: 0.166154
  Attention entropy: 2.480015
  Saved to: experiments/06a_weekly_sweep/h16_enc12_d025_bs16/collapse_monitoring/collapse_monitor_latest.json
[DEBUG CollapseMonitor] on_validation_epoch_start called for epoch 61
[DEBUG CollapseMonitor] reset_temporal_state() called on loss function
Epoch 61: val_loss=0.9226871728897095
Epoch 61: train_loss=0.8944218754768372

[CollapseMonitor] Epoch 61
  [DEBUG] Processed 17 batches from val_dataloader
  [DEBUG] Predictions shape after concat: (260,)
  [DEBUG] All predictions list length: 17
  [DEBUG] First batch shape: (16,)
  Pred std: 0.057502, range: 0.333532, mean: 0.310481
  Pos: 100.0%, Neg: 0.0%, Unique: 260
  Dir Acc: 60.77%, Pred Sharpe: 85.7138
  Composite: 0.4885 (dist_match: 0.6077, actual_pos: 60.8%, pred_pos: 100.0%)
  Collapse penalty: 0.000000 (threshold: 0.005000)
  Saved validation predictions to: experiments/06a_weekly_sweep/h16_enc12_d025_bs16/collapse_monitoring/val_predictions_epoch61.npy
  Gradient norms:
    lstm_encoder: 0.037824
    lstm_decoder: 0.019430
    output_layer: 0.381991
  VSN output std:
    encoder: 0.167213
  Attention entropy: 2.479876
  Saved to: experiments/06a_weekly_sweep/h16_enc12_d025_bs16/collapse_monitoring/collapse_monitor_latest.json
[DEBUG CollapseMonitor] on_validation_epoch_start called for epoch 62
[DEBUG CollapseMonitor] reset_temporal_state() called on loss function
Epoch 62: val_loss=0.9225912094116211
Epoch 62: train_loss=0.8920362591743469

[CollapseMonitor] Epoch 62
  [DEBUG] Processed 17 batches from val_dataloader
  [DEBUG] Predictions shape after concat: (260,)
  [DEBUG] All predictions list length: 17
  [DEBUG] First batch shape: (16,)
  Pred std: 0.054855, range: 0.318878, mean: 0.322774
  Pos: 100.0%, Neg: 0.0%, Unique: 260
  Dir Acc: 60.77%, Pred Sharpe: 93.4082
  Composite: 0.4885 (dist_match: 0.6077, actual_pos: 60.8%, pred_pos: 100.0%)
  Collapse penalty: 0.000000 (threshold: 0.005000)
  Saved validation predictions to: experiments/06a_weekly_sweep/h16_enc12_d025_bs16/collapse_monitoring/val_predictions_epoch62.npy
  Gradient norms:
    lstm_encoder: 0.038643
    lstm_decoder: 0.019455
    output_layer: 0.366222
  VSN output std:
    encoder: 0.168016
  Attention entropy: 2.479653
  Saved to: experiments/06a_weekly_sweep/h16_enc12_d025_bs16/collapse_monitoring/collapse_monitor_latest.json
[DEBUG CollapseMonitor] on_validation_epoch_start called for epoch 63
[DEBUG CollapseMonitor] reset_temporal_state() called on loss function
Epoch 63: val_loss=0.9225905537605286
Epoch 63: train_loss=0.8930671811103821

[CollapseMonitor] Epoch 63
  [DEBUG] Processed 17 batches from val_dataloader
  [DEBUG] Predictions shape after concat: (260,)
  [DEBUG] All predictions list length: 17
  [DEBUG] First batch shape: (16,)
  Pred std: 0.054431, range: 0.317968, mean: 0.320094
  Pos: 100.0%, Neg: 0.0%, Unique: 260
  Dir Acc: 60.77%, Pred Sharpe: 93.3532
  Composite: 0.4885 (dist_match: 0.6077, actual_pos: 60.8%, pred_pos: 100.0%)
  Collapse penalty: 0.000000 (threshold: 0.005000)
  Saved validation predictions to: experiments/06a_weekly_sweep/h16_enc12_d025_bs16/collapse_monitoring/val_predictions_epoch63.npy
  Gradient norms:
    lstm_encoder: 0.036490
    lstm_decoder: 0.019283
    output_layer: 0.374190
  VSN output std:
    encoder: 0.168085
  Attention entropy: 2.479735
  Saved to: experiments/06a_weekly_sweep/h16_enc12_d025_bs16/collapse_monitoring/collapse_monitor_latest.json
[DEBUG CollapseMonitor] on_validation_epoch_start called for epoch 64
[DEBUG CollapseMonitor] reset_temporal_state() called on loss function
Epoch 64: val_loss=0.9220869541168213
Epoch 64: train_loss=0.8896665573120117

[CollapseMonitor] Epoch 64
  [DEBUG] Processed 17 batches from val_dataloader
  [DEBUG] Predictions shape after concat: (260,)
  [DEBUG] All predictions list length: 17
  [DEBUG] First batch shape: (16,)
  Pred std: 0.053719, range: 0.312410, mean: 0.334289
  Pos: 100.0%, Neg: 0.0%, Unique: 260
  Dir Acc: 60.77%, Pred Sharpe: 98.7850
  Composite: 0.4885 (dist_match: 0.6077, actual_pos: 60.8%, pred_pos: 100.0%)
  Collapse penalty: 0.000000 (threshold: 0.005000)
  Saved validation predictions to: experiments/06a_weekly_sweep/h16_enc12_d025_bs16/collapse_monitoring/val_predictions_epoch64.npy
  Gradient norms:
    lstm_encoder: 0.036249
    lstm_decoder: 0.019582
    output_layer: 0.375730
  VSN output std:
    encoder: 0.168306
  Attention entropy: 2.479602
  Saved to: experiments/06a_weekly_sweep/h16_enc12_d025_bs16/collapse_monitoring/collapse_monitor_latest.json
[DEBUG CollapseMonitor] on_validation_epoch_start called for epoch 65
[DEBUG CollapseMonitor] reset_temporal_state() called on loss function
Epoch 65: val_loss=0.9223477244377136
Epoch 65: train_loss=0.8892399668693542

[CollapseMonitor] Epoch 65
  [DEBUG] Processed 17 batches from val_dataloader
  [DEBUG] Predictions shape after concat: (260,)
  [DEBUG] All predictions list length: 17
  [DEBUG] First batch shape: (16,)
  Pred std: 0.050785, range: 0.299407, mean: 0.327915
  Pos: 100.0%, Neg: 0.0%, Unique: 260
  Dir Acc: 60.77%, Pred Sharpe: 102.5007
  Composite: 0.4885 (dist_match: 0.6077, actual_pos: 60.8%, pred_pos: 100.0%)
  Collapse penalty: 0.000000 (threshold: 0.005000)
  Saved validation predictions to: experiments/06a_weekly_sweep/h16_enc12_d025_bs16/collapse_monitoring/val_predictions_epoch65.npy
  Gradient norms:
    lstm_encoder: 0.036514
    lstm_decoder: 0.019798
    output_layer: 0.383147
  VSN output std:
    encoder: 0.168125
  Attention entropy: 2.479730
  Saved to: experiments/06a_weekly_sweep/h16_enc12_d025_bs16/collapse_monitoring/collapse_monitor_latest.json
[DEBUG CollapseMonitor] on_validation_epoch_start called for epoch 66
[DEBUG CollapseMonitor] reset_temporal_state() called on loss function
Epoch 66: val_loss=0.9226519465446472
Epoch 66: train_loss=0.8933742046356201

[CollapseMonitor] Epoch 66
  [DEBUG] Processed 17 batches from val_dataloader
  [DEBUG] Predictions shape after concat: (260,)
  [DEBUG] All predictions list length: 17
  [DEBUG] First batch shape: (16,)
  Pred std: 0.049546, range: 0.296576, mean: 0.308493
  Pos: 100.0%, Neg: 0.0%, Unique: 260
  Dir Acc: 60.77%, Pred Sharpe: 98.8407
  Composite: 0.4885 (dist_match: 0.6077, actual_pos: 60.8%, pred_pos: 100.0%)
  Collapse penalty: 0.000000 (threshold: 0.005000)
  Saved validation predictions to: experiments/06a_weekly_sweep/h16_enc12_d025_bs16/collapse_monitoring/val_predictions_epoch66.npy
  Gradient norms:
    lstm_encoder: 0.036966
    lstm_decoder: 0.019903
    output_layer: 0.379850
  VSN output std:
    encoder: 0.167375
  Attention entropy: 2.479897
  Saved to: experiments/06a_weekly_sweep/h16_enc12_d025_bs16/collapse_monitoring/collapse_monitor_latest.json
[DEBUG CollapseMonitor] on_validation_epoch_start called for epoch 67
[DEBUG CollapseMonitor] reset_temporal_state() called on loss function
Epoch 67: val_loss=0.9225542545318604
Epoch 67: train_loss=0.8851069808006287

[CollapseMonitor] Epoch 67
  [DEBUG] Processed 17 batches from val_dataloader
  [DEBUG] Predictions shape after concat: (260,)
  [DEBUG] All predictions list length: 17
  [DEBUG] First batch shape: (16,)
  Pred std: 0.050333, range: 0.300644, mean: 0.320235
  Pos: 100.0%, Neg: 0.0%, Unique: 260
  Dir Acc: 60.77%, Pred Sharpe: 100.9989
  Composite: 0.4885 (dist_match: 0.6077, actual_pos: 60.8%, pred_pos: 100.0%)
  Collapse penalty: 0.000000 (threshold: 0.005000)
  Saved validation predictions to: experiments/06a_weekly_sweep/h16_enc12_d025_bs16/collapse_monitoring/val_predictions_epoch67.npy
  Gradient norms:
    lstm_encoder: 0.036107
    lstm_decoder: 0.020149
    output_layer: 0.392084
  VSN output std:
    encoder: 0.167353
  Attention entropy: 2.479773
  Saved to: experiments/06a_weekly_sweep/h16_enc12_d025_bs16/collapse_monitoring/collapse_monitor_latest.json
[DEBUG CollapseMonitor] on_validation_epoch_start called for epoch 68
[DEBUG CollapseMonitor] reset_temporal_state() called on loss function
Epoch 68: val_loss=0.9223964810371399
Epoch 68: train_loss=0.894603431224823

[CollapseMonitor] Epoch 68
  [DEBUG] Processed 17 batches from val_dataloader
  [DEBUG] Predictions shape after concat: (260,)
  [DEBUG] All predictions list length: 17
  [DEBUG] First batch shape: (16,)
  Pred std: 0.047188, range: 0.285689, mean: 0.318530
  Pos: 100.0%, Neg: 0.0%, Unique: 260
  Dir Acc: 60.77%, Pred Sharpe: 107.1558
  Composite: 0.4885 (dist_match: 0.6077, actual_pos: 60.8%, pred_pos: 100.0%)
  Collapse penalty: 0.000000 (threshold: 0.005000)
  Saved validation predictions to: experiments/06a_weekly_sweep/h16_enc12_d025_bs16/collapse_monitoring/val_predictions_epoch68.npy
  Gradient norms:
    lstm_encoder: 0.037997
    lstm_decoder: 0.019916
    output_layer: 0.361348
  VSN output std:
    encoder: 0.166899
  Attention entropy: 2.479906
  Saved to: experiments/06a_weekly_sweep/h16_enc12_d025_bs16/collapse_monitoring/collapse_monitor_latest.json
[DEBUG CollapseMonitor] on_validation_epoch_start called for epoch 69
[DEBUG CollapseMonitor] reset_temporal_state() called on loss function
Epoch 69: val_loss=0.9221232533454895
Epoch 69: train_loss=0.8904867768287659

[CollapseMonitor] Epoch 69
  [DEBUG] Processed 17 batches from val_dataloader
  [DEBUG] Predictions shape after concat: (260,)
  [DEBUG] All predictions list length: 17
  [DEBUG] First batch shape: (16,)
  Pred std: 0.047265, range: 0.285218, mean: 0.325931
  Pos: 100.0%, Neg: 0.0%, Unique: 260
  Dir Acc: 60.77%, Pred Sharpe: 109.4671
  Composite: 0.4885 (dist_match: 0.6077, actual_pos: 60.8%, pred_pos: 100.0%)
  Collapse penalty: 0.000000 (threshold: 0.005000)
  Saved validation predictions to: experiments/06a_weekly_sweep/h16_enc12_d025_bs16/collapse_monitoring/val_predictions_epoch69.npy
  Gradient norms:
    lstm_encoder: 0.037574
    lstm_decoder: 0.019685
    output_layer: 0.354562
  VSN output std:
    encoder: 0.166821
  Attention entropy: 2.479829
  Saved to: experiments/06a_weekly_sweep/h16_enc12_d025_bs16/collapse_monitoring/collapse_monitor_latest.json
[DEBUG CollapseMonitor] on_validation_epoch_start called for epoch 70
[DEBUG CollapseMonitor] reset_temporal_state() called on loss function
Epoch 70: val_loss=0.9222221374511719
Epoch 70: train_loss=0.8896624445915222

[CollapseMonitor] Epoch 70
  [DEBUG] Processed 17 batches from val_dataloader
  [DEBUG] Predictions shape after concat: (260,)
  [DEBUG] All predictions list length: 17
  [DEBUG] First batch shape: (16,)
  Pred std: 0.046584, range: 0.282171, mean: 0.326784
  Pos: 100.0%, Neg: 0.0%, Unique: 260
  Dir Acc: 60.77%, Pred Sharpe: 111.3598
  Composite: 0.4885 (dist_match: 0.6077, actual_pos: 60.8%, pred_pos: 100.0%)
  Collapse penalty: 0.000000 (threshold: 0.005000)
  Saved validation predictions to: experiments/06a_weekly_sweep/h16_enc12_d025_bs16/collapse_monitoring/val_predictions_epoch70.npy
  Gradient norms:
    lstm_encoder: 0.036477
    lstm_decoder: 0.020225
    output_layer: 0.390846
  VSN output std:
    encoder: 0.166649
  Attention entropy: 2.479866
  Saved to: experiments/06a_weekly_sweep/h16_enc12_d025_bs16/collapse_monitoring/collapse_monitor_latest.json
[DEBUG CollapseMonitor] on_validation_epoch_start called for epoch 71
[DEBUG CollapseMonitor] reset_temporal_state() called on loss function
Epoch 71: val_loss=0.9220943450927734
Epoch 71: train_loss=0.8918480277061462

[CollapseMonitor] Epoch 71
  [DEBUG] Processed 17 batches from val_dataloader
  [DEBUG] Predictions shape after concat: (260,)
  [DEBUG] All predictions list length: 17
  [DEBUG] First batch shape: (16,)
  Pred std: 0.046442, range: 0.281261, mean: 0.335898
  Pos: 100.0%, Neg: 0.0%, Unique: 260
  Dir Acc: 60.77%, Pred Sharpe: 114.8157
  Composite: 0.4885 (dist_match: 0.6077, actual_pos: 60.8%, pred_pos: 100.0%)
  Collapse penalty: 0.000000 (threshold: 0.005000)
  Saved validation predictions to: experiments/06a_weekly_sweep/h16_enc12_d025_bs16/collapse_monitoring/val_predictions_epoch71.npy
  Gradient norms:
    lstm_encoder: 0.037084
    lstm_decoder: 0.019515
    output_layer: 0.367853
  VSN output std:
    encoder: 0.166854
  Attention entropy: 2.479902
  Saved to: experiments/06a_weekly_sweep/h16_enc12_d025_bs16/collapse_monitoring/collapse_monitor_latest.json
[DEBUG CollapseMonitor] on_validation_epoch_start called for epoch 72
[DEBUG CollapseMonitor] reset_temporal_state() called on loss function
Epoch 72: val_loss=0.9222545623779297
Epoch 72: train_loss=0.8907569646835327

[CollapseMonitor] Epoch 72
  [DEBUG] Processed 17 batches from val_dataloader
  [DEBUG] Predictions shape after concat: (260,)
  [DEBUG] All predictions list length: 17
  [DEBUG] First batch shape: (16,)
  Pred std: 0.046928, range: 0.284331, mean: 0.335811
  Pos: 100.0%, Neg: 0.0%, Unique: 260
  Dir Acc: 60.77%, Pred Sharpe: 113.5968
  Composite: 0.4885 (dist_match: 0.6077, actual_pos: 60.8%, pred_pos: 100.0%)
  Collapse penalty: 0.000000 (threshold: 0.005000)
  Saved validation predictions to: experiments/06a_weekly_sweep/h16_enc12_d025_bs16/collapse_monitoring/val_predictions_epoch72.npy
  Gradient norms:
    lstm_encoder: 0.040467
    lstm_decoder: 0.021236
    output_layer: 0.370670
  VSN output std:
    encoder: 0.167233
  Attention entropy: 2.480005
  Saved to: experiments/06a_weekly_sweep/h16_enc12_d025_bs16/collapse_monitoring/collapse_monitor_latest.json
[DEBUG CollapseMonitor] on_validation_epoch_start called for epoch 73
[DEBUG CollapseMonitor] reset_temporal_state() called on loss function
Epoch 73: val_loss=0.922196626663208
Epoch 73: train_loss=0.8934106826782227

[CollapseMonitor] Epoch 73
  [DEBUG] Processed 17 batches from val_dataloader
  [DEBUG] Predictions shape after concat: (260,)
  [DEBUG] All predictions list length: 17
  [DEBUG] First batch shape: (16,)
  Pred std: 0.047957, range: 0.290168, mean: 0.334027
  Pos: 100.0%, Neg: 0.0%, Unique: 259
  Dir Acc: 60.77%, Pred Sharpe: 110.5683
  Composite: 0.4885 (dist_match: 0.6077, actual_pos: 60.8%, pred_pos: 100.0%)
  Collapse penalty: 0.000000 (threshold: 0.005000)
  Saved validation predictions to: experiments/06a_weekly_sweep/h16_enc12_d025_bs16/collapse_monitoring/val_predictions_epoch73.npy
  Gradient norms:
    lstm_encoder: 0.037069
    lstm_decoder: 0.019916
    output_layer: 0.376896
  VSN output std:
    encoder: 0.167208
  Attention entropy: 2.479975
  Saved to: experiments/06a_weekly_sweep/h16_enc12_d025_bs16/collapse_monitoring/collapse_monitor_latest.json
[DEBUG CollapseMonitor] on_validation_epoch_start called for epoch 74
[DEBUG CollapseMonitor] reset_temporal_state() called on loss function
Epoch 74: val_loss=0.9222208857536316
Epoch 74: train_loss=0.8900461196899414

[CollapseMonitor] Epoch 74
  [DEBUG] Processed 17 batches from val_dataloader
  [DEBUG] Predictions shape after concat: (260,)
  [DEBUG] All predictions list length: 17
  [DEBUG] First batch shape: (16,)
  Pred std: 0.047531, range: 0.287122, mean: 0.337443
  Pos: 100.0%, Neg: 0.0%, Unique: 259
  Dir Acc: 60.77%, Pred Sharpe: 112.6996
  Composite: 0.4885 (dist_match: 0.6077, actual_pos: 60.8%, pred_pos: 100.0%)
  Collapse penalty: 0.000000 (threshold: 0.005000)
  Saved validation predictions to: experiments/06a_weekly_sweep/h16_enc12_d025_bs16/collapse_monitoring/val_predictions_epoch74.npy
  Gradient norms:
    lstm_encoder: 0.037874
    lstm_decoder: 0.020251
    output_layer: 0.392064
  VSN output std:
    encoder: 0.167481
  Attention entropy: 2.479956
  Saved to: experiments/06a_weekly_sweep/h16_enc12_d025_bs16/collapse_monitoring/collapse_monitor_latest.json
[DEBUG CollapseMonitor] on_validation_epoch_start called for epoch 75
[DEBUG CollapseMonitor] reset_temporal_state() called on loss function
Epoch 75: val_loss=0.9220671057701111
Epoch 75: train_loss=0.8912507891654968

[CollapseMonitor] Epoch 75
  [DEBUG] Processed 17 batches from val_dataloader
  [DEBUG] Predictions shape after concat: (260,)
  [DEBUG] All predictions list length: 17
  [DEBUG] First batch shape: (16,)
  Pred std: 0.046732, range: 0.282812, mean: 0.333305
  Pos: 100.0%, Neg: 0.0%, Unique: 260
  Dir Acc: 60.77%, Pred Sharpe: 113.2218
  Composite: 0.4885 (dist_match: 0.6077, actual_pos: 60.8%, pred_pos: 100.0%)
  Collapse penalty: 0.000000 (threshold: 0.005000)
  Saved validation predictions to: experiments/06a_weekly_sweep/h16_enc12_d025_bs16/collapse_monitoring/val_predictions_epoch75.npy
  Gradient norms:
    lstm_encoder: 0.037465
    lstm_decoder: 0.018978
    output_layer: 0.349718
  VSN output std:
    encoder: 0.167707
  Attention entropy: 2.479923
  Saved to: experiments/06a_weekly_sweep/h16_enc12_d025_bs16/collapse_monitoring/collapse_monitor_latest.json
[DEBUG CollapseMonitor] on_validation_epoch_start called for epoch 76
[DEBUG CollapseMonitor] reset_temporal_state() called on loss function
Epoch 76: val_loss=0.9220747947692871
Epoch 76: train_loss=0.8868150115013123

[CollapseMonitor] Epoch 76
  [DEBUG] Processed 17 batches from val_dataloader
  [DEBUG] Predictions shape after concat: (260,)
  [DEBUG] All predictions list length: 17
  [DEBUG] First batch shape: (16,)
  Pred std: 0.048478, range: 0.291044, mean: 0.335307
  Pos: 100.0%, Neg: 0.0%, Unique: 259
  Dir Acc: 60.77%, Pred Sharpe: 109.7999
  Composite: 0.4885 (dist_match: 0.6077, actual_pos: 60.8%, pred_pos: 100.0%)
  Collapse penalty: 0.000000 (threshold: 0.005000)
  Saved validation predictions to: experiments/06a_weekly_sweep/h16_enc12_d025_bs16/collapse_monitoring/val_predictions_epoch76.npy
  Gradient norms:
    lstm_encoder: 0.039674
    lstm_decoder: 0.020664
    output_layer: 0.377533
  VSN output std:
    encoder: 0.167920
  Attention entropy: 2.479846
  Saved to: experiments/06a_weekly_sweep/h16_enc12_d025_bs16/collapse_monitoring/collapse_monitor_latest.json
[DEBUG CollapseMonitor] on_validation_epoch_start called for epoch 77
[DEBUG CollapseMonitor] reset_temporal_state() called on loss function
Epoch 77: val_loss=0.9222378730773926
Epoch 77: train_loss=0.891447126865387

[CollapseMonitor] Epoch 77
  [DEBUG] Processed 17 batches from val_dataloader
  [DEBUG] Predictions shape after concat: (260,)
  [DEBUG] All predictions list length: 17
  [DEBUG] First batch shape: (16,)
  Pred std: 0.049251, range: 0.295531, mean: 0.326339
  Pos: 100.0%, Neg: 0.0%, Unique: 260
  Dir Acc: 60.77%, Pred Sharpe: 105.1846
  Composite: 0.4885 (dist_match: 0.6077, actual_pos: 60.8%, pred_pos: 100.0%)
  Collapse penalty: 0.000000 (threshold: 0.005000)
  Saved validation predictions to: experiments/06a_weekly_sweep/h16_enc12_d025_bs16/collapse_monitoring/val_predictions_epoch77.npy
  Gradient norms:
    lstm_encoder: 0.041313
    lstm_decoder: 0.021328
    output_layer: 0.378943
  VSN output std:
    encoder: 0.168023
  Attention entropy: 2.479806
  Saved to: experiments/06a_weekly_sweep/h16_enc12_d025_bs16/collapse_monitoring/collapse_monitor_latest.json
[DEBUG CollapseMonitor] on_validation_epoch_start called for epoch 78
[DEBUG CollapseMonitor] reset_temporal_state() called on loss function
Epoch 78: val_loss=0.9223143458366394
Epoch 78: train_loss=0.8932427763938904

[CollapseMonitor] Epoch 78
  [DEBUG] Processed 17 batches from val_dataloader
  [DEBUG] Predictions shape after concat: (260,)
  [DEBUG] All predictions list length: 17
  [DEBUG] First batch shape: (16,)
  Pred std: 0.047969, range: 0.289346, mean: 0.331897
  Pos: 100.0%, Neg: 0.0%, Unique: 260
  Dir Acc: 60.77%, Pred Sharpe: 109.8365
  Composite: 0.4885 (dist_match: 0.6077, actual_pos: 60.8%, pred_pos: 100.0%)
  Collapse penalty: 0.000000 (threshold: 0.005000)
  Saved validation predictions to: experiments/06a_weekly_sweep/h16_enc12_d025_bs16/collapse_monitoring/val_predictions_epoch78.npy
  Gradient norms:
    lstm_encoder: 0.038118
    lstm_decoder: 0.020161
    output_layer: 0.379251
  VSN output std:
    encoder: 0.168112
  Attention entropy: 2.479835
  Saved to: experiments/06a_weekly_sweep/h16_enc12_d025_bs16/collapse_monitoring/collapse_monitor_latest.json
[DEBUG CollapseMonitor] on_validation_epoch_start called for epoch 79
[DEBUG CollapseMonitor] reset_temporal_state() called on loss function
Epoch 79: val_loss=0.9223713874816895
Epoch 79: train_loss=0.8904790878295898

[CollapseMonitor] Epoch 79
  [DEBUG] Processed 17 batches from val_dataloader
  [DEBUG] Predictions shape after concat: (260,)
  [DEBUG] All predictions list length: 17
  [DEBUG] First batch shape: (16,)
  Pred std: 0.048080, range: 0.290169, mean: 0.333403
  Pos: 100.0%, Neg: 0.0%, Unique: 258
  Dir Acc: 60.77%, Pred Sharpe: 110.0789
  Composite: 0.4885 (dist_match: 0.6077, actual_pos: 60.8%, pred_pos: 100.0%)
  Collapse penalty: 0.000000 (threshold: 0.005000)
  Saved validation predictions to: experiments/06a_weekly_sweep/h16_enc12_d025_bs16/collapse_monitoring/val_predictions_epoch79.npy
  Gradient norms:
    lstm_encoder: 0.036538
    lstm_decoder: 0.019661
    output_layer: 0.379268
  VSN output std:
    encoder: 0.168085
  Attention entropy: 2.479856
  Saved to: experiments/06a_weekly_sweep/h16_enc12_d025_bs16/collapse_monitoring/collapse_monitor_latest.json
[DEBUG CollapseMonitor] on_validation_epoch_start called for epoch 80
[DEBUG CollapseMonitor] reset_temporal_state() called on loss function
Epoch 80: val_loss=0.9224343299865723
Epoch 80: train_loss=0.888310968875885

[CollapseMonitor] Epoch 80
  [DEBUG] Processed 17 batches from val_dataloader
  [DEBUG] Predictions shape after concat: (260,)
  [DEBUG] All predictions list length: 17
  [DEBUG] First batch shape: (16,)
  Pred std: 0.048802, range: 0.294682, mean: 0.330556
  Pos: 100.0%, Neg: 0.0%, Unique: 260
  Dir Acc: 60.77%, Pred Sharpe: 107.5238
  Composite: 0.4885 (dist_match: 0.6077, actual_pos: 60.8%, pred_pos: 100.0%)
  Collapse penalty: 0.000000 (threshold: 0.005000)
  Saved validation predictions to: experiments/06a_weekly_sweep/h16_enc12_d025_bs16/collapse_monitoring/val_predictions_epoch80.npy
  Gradient norms:
    lstm_encoder: 0.039690
    lstm_decoder: 0.021624
    output_layer: 0.396433
  VSN output std:
    encoder: 0.168050
  Attention entropy: 2.479879
  Saved to: experiments/06a_weekly_sweep/h16_enc12_d025_bs16/collapse_monitoring/collapse_monitor_latest.json
[DEBUG CollapseMonitor] on_validation_epoch_start called for epoch 81
[DEBUG CollapseMonitor] reset_temporal_state() called on loss function
Epoch 81: val_loss=0.9224196076393127
Epoch 81: train_loss=0.890697181224823

[CollapseMonitor] Epoch 81
  [DEBUG] Processed 17 batches from val_dataloader
  [DEBUG] Predictions shape after concat: (260,)
  [DEBUG] All predictions list length: 17
  [DEBUG] First batch shape: (16,)
  Pred std: 0.049372, range: 0.297888, mean: 0.330514
  Pos: 100.0%, Neg: 0.0%, Unique: 260
  Dir Acc: 60.77%, Pred Sharpe: 106.2689
  Composite: 0.4885 (dist_match: 0.6077, actual_pos: 60.8%, pred_pos: 100.0%)
  Collapse penalty: 0.000000 (threshold: 0.005000)
  Saved validation predictions to: experiments/06a_weekly_sweep/h16_enc12_d025_bs16/collapse_monitoring/val_predictions_epoch81.npy
  Gradient norms:
    lstm_encoder: 0.039843
    lstm_decoder: 0.020717
    output_layer: 0.361162
  VSN output std:
    encoder: 0.167955
  Attention entropy: 2.479890
  Saved to: experiments/06a_weekly_sweep/h16_enc12_d025_bs16/collapse_monitoring/collapse_monitor_latest.json
[DEBUG CollapseMonitor] on_validation_epoch_start called for epoch 82
[DEBUG CollapseMonitor] reset_temporal_state() called on loss function
Epoch 82: val_loss=0.9223899841308594
Epoch 82: train_loss=0.8867834210395813

[CollapseMonitor] Epoch 82
  [DEBUG] Processed 17 batches from val_dataloader
  [DEBUG] Predictions shape after concat: (260,)
  [DEBUG] All predictions list length: 17
  [DEBUG] First batch shape: (16,)
  Pred std: 0.049672, range: 0.299289, mean: 0.326301
  Pos: 100.0%, Neg: 0.0%, Unique: 260
  Dir Acc: 60.77%, Pred Sharpe: 104.2814
  Composite: 0.4885 (dist_match: 0.6077, actual_pos: 60.8%, pred_pos: 100.0%)
  Collapse penalty: 0.000000 (threshold: 0.005000)
  Saved validation predictions to: experiments/06a_weekly_sweep/h16_enc12_d025_bs16/collapse_monitoring/val_predictions_epoch82.npy
  Gradient norms:
    lstm_encoder: 0.039625
    lstm_decoder: 0.020486
    output_layer: 0.363643
  VSN output std:
    encoder: 0.167957
  Attention entropy: 2.479861
  Saved to: experiments/06a_weekly_sweep/h16_enc12_d025_bs16/collapse_monitoring/collapse_monitor_latest.json
[DEBUG CollapseMonitor] on_validation_epoch_start called for epoch 83
[DEBUG CollapseMonitor] reset_temporal_state() called on loss function
Epoch 83: val_loss=0.9223898649215698
Epoch 83: train_loss=0.8932556509971619

[CollapseMonitor] Epoch 83
  [DEBUG] Processed 17 batches from val_dataloader
  [DEBUG] Predictions shape after concat: (260,)
  [DEBUG] All predictions list length: 17
  [DEBUG] First batch shape: (16,)
  Pred std: 0.049481, range: 0.298085, mean: 0.332003
  Pos: 100.0%, Neg: 0.0%, Unique: 260
  Dir Acc: 60.77%, Pred Sharpe: 106.5128
  Composite: 0.4885 (dist_match: 0.6077, actual_pos: 60.8%, pred_pos: 100.0%)
  Collapse penalty: 0.000000 (threshold: 0.005000)
  Saved validation predictions to: experiments/06a_weekly_sweep/h16_enc12_d025_bs16/collapse_monitoring/val_predictions_epoch83.npy
  Gradient norms:
    lstm_encoder: 0.036615
    lstm_decoder: 0.020484
    output_layer: 0.415360
  VSN output std:
    encoder: 0.167994
  Attention entropy: 2.479901
  Saved to: experiments/06a_weekly_sweep/h16_enc12_d025_bs16/collapse_monitoring/collapse_monitor_latest.json
[DEBUG CollapseMonitor] on_validation_epoch_start called for epoch 84
[DEBUG CollapseMonitor] reset_temporal_state() called on loss function
Epoch 84: val_loss=0.9224095344543457
Epoch 84: train_loss=0.8914027214050293

[CollapseMonitor] Epoch 84
  [DEBUG] Processed 17 batches from val_dataloader
  [DEBUG] Predictions shape after concat: (260,)
  [DEBUG] All predictions list length: 17
  [DEBUG] First batch shape: (16,)
  Pred std: 0.050023, range: 0.301002, mean: 0.328176
  Pos: 100.0%, Neg: 0.0%, Unique: 260
  Dir Acc: 60.77%, Pred Sharpe: 104.1444
  Composite: 0.4885 (dist_match: 0.6077, actual_pos: 60.8%, pred_pos: 100.0%)
  Collapse penalty: 0.000000 (threshold: 0.005000)
  Saved validation predictions to: experiments/06a_weekly_sweep/h16_enc12_d025_bs16/collapse_monitoring/val_predictions_epoch84.npy
  Gradient norms:
    lstm_encoder: 0.037685
    lstm_decoder: 0.019950
    output_layer: 0.376934
  VSN output std:
    encoder: 0.167979
  Attention entropy: 2.479904
  Saved to: experiments/06a_weekly_sweep/h16_enc12_d025_bs16/collapse_monitoring/collapse_monitor_latest.json
[DEBUG CollapseMonitor] on_validation_epoch_start called for epoch 85
[DEBUG CollapseMonitor] reset_temporal_state() called on loss function
Epoch 85: val_loss=0.9224443435668945
Epoch 85: train_loss=0.8885310292243958

[CollapseMonitor] Epoch 85
  [DEBUG] Processed 17 batches from val_dataloader
  [DEBUG] Predictions shape after concat: (260,)
  [DEBUG] All predictions list length: 17
  [DEBUG] First batch shape: (16,)
  Pred std: 0.050343, range: 0.302945, mean: 0.328659
  Pos: 100.0%, Neg: 0.0%, Unique: 259
  Dir Acc: 60.77%, Pred Sharpe: 103.6341
  Composite: 0.4885 (dist_match: 0.6077, actual_pos: 60.8%, pred_pos: 100.0%)
  Collapse penalty: 0.000000 (threshold: 0.005000)
  Saved validation predictions to: experiments/06a_weekly_sweep/h16_enc12_d025_bs16/collapse_monitoring/val_predictions_epoch85.npy
  Gradient norms:
    lstm_encoder: 0.039975
    lstm_decoder: 0.021235
    output_layer: 0.393077
  VSN output std:
    encoder: 0.168054
  Attention entropy: 2.479938
  Saved to: experiments/06a_weekly_sweep/h16_enc12_d025_bs16/collapse_monitoring/collapse_monitor_latest.json
[DEBUG CollapseMonitor] on_validation_epoch_start called for epoch 86
[DEBUG CollapseMonitor] reset_temporal_state() called on loss function
Epoch 86: val_loss=0.9224629998207092
Epoch 86: train_loss=0.8861867189407349

[CollapseMonitor] Epoch 86
  [DEBUG] Processed 17 batches from val_dataloader
  [DEBUG] Predictions shape after concat: (260,)
  [DEBUG] All predictions list length: 17
  [DEBUG] First batch shape: (16,)
  Pred std: 0.049843, range: 0.300668, mean: 0.325810
  Pos: 100.0%, Neg: 0.0%, Unique: 260
  Dir Acc: 60.77%, Pred Sharpe: 103.7671
  Composite: 0.4885 (dist_match: 0.6077, actual_pos: 60.8%, pred_pos: 100.0%)
  Collapse penalty: 0.000000 (threshold: 0.005000)
  Saved validation predictions to: experiments/06a_weekly_sweep/h16_enc12_d025_bs16/collapse_monitoring/val_predictions_epoch86.npy
  Gradient norms:
    lstm_encoder: 0.038407
    lstm_decoder: 0.019663
    output_layer: 0.346274
  VSN output std:
    encoder: 0.168120
  Attention entropy: 2.479935
  Saved to: experiments/06a_weekly_sweep/h16_enc12_d025_bs16/collapse_monitoring/collapse_monitor_latest.json
[DEBUG CollapseMonitor] on_validation_epoch_start called for epoch 87
[DEBUG CollapseMonitor] reset_temporal_state() called on loss function
Epoch 87: val_loss=0.9225778579711914
Epoch 87: train_loss=0.8895848393440247

[CollapseMonitor] Epoch 87
  [DEBUG] Processed 17 batches from val_dataloader
  [DEBUG] Predictions shape after concat: (260,)
  [DEBUG] All predictions list length: 17
  [DEBUG] First batch shape: (16,)
  Pred std: 0.049345, range: 0.298518, mean: 0.326389
  Pos: 100.0%, Neg: 0.0%, Unique: 260
  Dir Acc: 60.77%, Pred Sharpe: 105.0011
  Composite: 0.4885 (dist_match: 0.6077, actual_pos: 60.8%, pred_pos: 100.0%)
  Collapse penalty: 0.000000 (threshold: 0.005000)
  Saved validation predictions to: experiments/06a_weekly_sweep/h16_enc12_d025_bs16/collapse_monitoring/val_predictions_epoch87.npy
  Gradient norms:
    lstm_encoder: 0.038167
    lstm_decoder: 0.020909
    output_layer: 0.401908
  VSN output std:
    encoder: 0.168108
  Attention entropy: 2.479921
  Saved to: experiments/06a_weekly_sweep/h16_enc12_d025_bs16/collapse_monitoring/collapse_monitor_latest.json
[DEBUG CollapseMonitor] on_validation_epoch_start called for epoch 88
[DEBUG CollapseMonitor] reset_temporal_state() called on loss function
Epoch 88: val_loss=0.9224971532821655
Epoch 88: train_loss=0.8921168446540833

[CollapseMonitor] Epoch 88
  [DEBUG] Processed 17 batches from val_dataloader
  [DEBUG] Predictions shape after concat: (260,)
  [DEBUG] All predictions list length: 17
  [DEBUG] First batch shape: (16,)
  Pred std: 0.049516, range: 0.298955, mean: 0.327126
  Pos: 100.0%, Neg: 0.0%, Unique: 260
  Dir Acc: 60.77%, Pred Sharpe: 104.8752
  Composite: 0.4885 (dist_match: 0.6077, actual_pos: 60.8%, pred_pos: 100.0%)
  Collapse penalty: 0.000000 (threshold: 0.005000)
  Saved validation predictions to: experiments/06a_weekly_sweep/h16_enc12_d025_bs16/collapse_monitoring/val_predictions_epoch88.npy
  Gradient norms:
    lstm_encoder: 0.040167
    lstm_decoder: 0.020307
    output_layer: 0.352401
  VSN output std:
    encoder: 0.168218
  Attention entropy: 2.479926
  Saved to: experiments/06a_weekly_sweep/h16_enc12_d025_bs16/collapse_monitoring/collapse_monitor_latest.json
[DEBUG CollapseMonitor] on_validation_epoch_start called for epoch 89
[DEBUG CollapseMonitor] reset_temporal_state() called on loss function
Epoch 89: val_loss=0.922429621219635
Epoch 89: train_loss=0.8894596695899963

[CollapseMonitor] Epoch 89
  [DEBUG] Processed 17 batches from val_dataloader
  [DEBUG] Predictions shape after concat: (260,)
  [DEBUG] All predictions list length: 17
  [DEBUG] First batch shape: (16,)
  Pred std: 0.049543, range: 0.298709, mean: 0.327831
  Pos: 100.0%, Neg: 0.0%, Unique: 260
  Dir Acc: 60.77%, Pred Sharpe: 105.0424
  Composite: 0.4885 (dist_match: 0.6077, actual_pos: 60.8%, pred_pos: 100.0%)
  Collapse penalty: 0.000000 (threshold: 0.005000)
  Saved validation predictions to: experiments/06a_weekly_sweep/h16_enc12_d025_bs16/collapse_monitoring/val_predictions_epoch89.npy
  Gradient norms:
    lstm_encoder: 0.038804
    lstm_decoder: 0.019771
    output_layer: 0.374168
  VSN output std:
    encoder: 0.168258
  Attention entropy: 2.479909
  Saved to: experiments/06a_weekly_sweep/h16_enc12_d025_bs16/collapse_monitoring/collapse_monitor_latest.json
[DEBUG CollapseMonitor] on_validation_epoch_start called for epoch 90
[DEBUG CollapseMonitor] reset_temporal_state() called on loss function
Epoch 90: val_loss=0.9223817586898804
Epoch 90: train_loss=0.8911994695663452

[CollapseMonitor] Epoch 90
  [DEBUG] Processed 17 batches from val_dataloader
  [DEBUG] Predictions shape after concat: (260,)
  [DEBUG] All predictions list length: 17
  [DEBUG] First batch shape: (16,)
  Pred std: 0.050079, range: 0.301283, mean: 0.328116
  Pos: 100.0%, Neg: 0.0%, Unique: 260
  Dir Acc: 60.77%, Pred Sharpe: 104.0096
  Composite: 0.4885 (dist_match: 0.6077, actual_pos: 60.8%, pred_pos: 100.0%)
  Collapse penalty: 0.000000 (threshold: 0.005000)
  Saved validation predictions to: experiments/06a_weekly_sweep/h16_enc12_d025_bs16/collapse_monitoring/val_predictions_epoch90.npy
  Gradient norms:
    lstm_encoder: 0.038379
    lstm_decoder: 0.019960
    output_layer: 0.364435
  VSN output std:
    encoder: 0.168310
  Attention entropy: 2.479899
  Saved to: experiments/06a_weekly_sweep/h16_enc12_d025_bs16/collapse_monitoring/collapse_monitor_latest.json


======================================================================
Training complete
======================================================================

Best val_loss checkpoint: experiments/06a_weekly_sweep/h16_enc12_d025_bs16/checkpoints/tft-epoch=epoch=75-valloss=val_loss=0.9221.ckpt
Best validation loss: 0.922067
Checkpoints saved:
  - Best val_loss: experiments/06a_weekly_sweep/h16_enc12_d025_bs16/checkpoints/tft-epoch=epoch=75-valloss=val_loss=0.9221.ckpt
  - Best pred_std: experiments/06a_weekly_sweep/h16_enc12_d025_bs16/checkpoints/tft-epoch=epoch=00-predstd=val_pred_std=0.0617.ckpt
  - Best unique: experiments/06a_weekly_sweep/h16_enc12_d025_bs16/checkpoints/tft-epoch=epoch=01-unique=val_num_unique=260.ckpt
  - Best dir_acc: experiments/06a_weekly_sweep/h16_enc12_d025_bs16/checkpoints/tft-epoch=epoch=00-diracc=val_dir_acc=0.6077.ckpt
  - Best sharpe: experiments/06a_weekly_sweep/h16_enc12_d025_bs16/checkpoints/tft-epoch=epoch=28-sharpe=val_sharpe=293.4521.ckpt
  - Best composite: experiments/06a_weekly_sweep/h16_enc12_d025_bs16/checkpoints/tft-epoch=epoch=00-composite=val_composite=0.4885.ckpt
Completed at: 2025-11-29 21:01:34
Log saved to: experiments/06a_weekly_sweep/h16_enc12_d025_bs16/training_20251129_204245.log
======================================================================
