{
  "period_statistics": {
    "2021": {
      "n_samples": 5,
      "entropy_mean": 2.483931541442871,
      "entropy_std": 0.00047129185986705124,
      "attention_concentration": 0.08345592021942139,
      "top_features": [
        [
          "t-1",
          0.09112326800823212
        ],
        [
          "t-2",
          0.0882248729467392
        ],
        [
          "t-3",
          0.0855569839477539
        ],
        [
          "t-4",
          0.08357469737529755
        ],
        [
          "t-11",
          0.0828881487250328
        ]
      ],
      "mean_attention": [
        0.08123669028282166,
        0.0828881487250328,
        0.081617571413517,
        0.0808519572019577,
        0.08054693788290024,
        0.08078376948833466,
        0.08141179382801056,
        0.08218332380056381,
        0.08357469737529755,
        0.0855569839477539,
        0.0882248729467392,
        0.09112326800823212
      ],
      "std_attention": [
        0.0011497618397697806,
        0.0009781887056306005,
        0.0012117910664528608,
        0.0009523455519229174,
        0.0019030437106266618,
        0.002215763321146369,
        0.0015150471590459347,
        0.0017751820851117373,
        0.0023133298382163048,
        0.002135967370122671,
        0.0008989142370410264,
        0.003640264505520463
      ]
    },
    "2022": {
      "n_samples": 12,
      "entropy_mean": 2.4837398529052734,
      "entropy_std": 0.00045236555160954595,
      "attention_concentration": 0.08340848982334137,
      "top_features": [
        [
          "t-11",
          0.0876019075512886
        ],
        [
          "t-1",
          0.0868849828839302
        ],
        [
          "t-12",
          0.08617188781499863
        ],
        [
          "t-10",
          0.08505293726921082
        ],
        [
          "t-2",
          0.08394720405340195
        ]
      ],
      "mean_attention": [
        0.08617188781499863,
        0.0876019075512886,
        0.08505293726921082,
        0.08341717720031738,
        0.08140537142753601,
        0.08035165071487427,
        0.08006274700164795,
        0.08072881400585175,
        0.0818668082356453,
        0.08250854164361954,
        0.08394720405340195,
        0.0868849828839302
      ],
      "std_attention": [
        0.0020416113547980785,
        0.0014862501993775368,
        0.0017739491304382682,
        0.0019735160749405622,
        0.002634733682498336,
        0.0025553880259394646,
        0.0025685750879347324,
        0.00322889257222414,
        0.0038060792721807957,
        0.004304658621549606,
        0.0044167074374854565,
        0.004736980423331261
      ]
    },
    "2023": {
      "n_samples": 12,
      "entropy_mean": 2.482595205307007,
      "entropy_std": 0.0011610824149101973,
      "attention_concentration": 0.08357997238636017,
      "top_features": [
        [
          "t-12",
          0.09180565923452377
        ],
        [
          "t-11",
          0.09158289432525635
        ],
        [
          "t-10",
          0.08843203634023666
        ],
        [
          "t-9",
          0.0849047303199768
        ],
        [
          "t-8",
          0.08280333131551743
        ]
      ],
      "mean_attention": [
        0.09180565923452377,
        0.09158289432525635,
        0.08843203634023666,
        0.0849047303199768,
        0.08280333131551743,
        0.08134213835000992,
        0.08046161383390427,
        0.07960982620716095,
        0.07907450944185257,
        0.07955302298069,
        0.07999224215745926,
        0.08043799549341202
      ],
      "std_attention": [
        0.004923798143863678,
        0.003869670443236828,
        0.003514650044962764,
        0.003090915735810995,
        0.0021600525360554457,
        0.0024957996793091297,
        0.002937526209279895,
        0.0027448406908661127,
        0.0023500944953411818,
        0.002960873767733574,
        0.004082320723682642,
        0.004929407965391874
      ]
    },
    "2024": {
      "n_samples": 12,
      "entropy_mean": 2.481170892715454,
      "entropy_std": 0.002063165884464979,
      "attention_concentration": 0.0838572159409523,
      "top_features": [
        [
          "t-12",
          0.09806409478187561
        ],
        [
          "t-11",
          0.0943891629576683
        ],
        [
          "t-10",
          0.08847405761480331
        ],
        [
          "t-9",
          0.0850781574845314
        ],
        [
          "t-8",
          0.08281276375055313
        ]
      ],
      "mean_attention": [
        0.09806409478187561,
        0.0943891629576683,
        0.08847405761480331,
        0.0850781574845314,
        0.08281276375055313,
        0.0807991698384285,
        0.07920648902654648,
        0.07821507006883621,
        0.07765087485313416,
        0.07773008197546005,
        0.07840640842914581,
        0.07917368412017822
      ],
      "std_attention": [
        0.005764635279774666,
        0.00464933505281806,
        0.003369168844074011,
        0.0029026009142398834,
        0.0025397988501936197,
        0.00225747749209404,
        0.0018789111636579037,
        0.0018642847426235676,
        0.0021012884099036455,
        0.0024951514787971973,
        0.0028238841332495213,
        0.0027140947058796883
      ]
    },
    "2025": {
      "n_samples": 10,
      "entropy_mean": 2.4836838245391846,
      "entropy_std": 0.0003500238817650825,
      "attention_concentration": 0.0834943875670433,
      "top_features": [
        [
          "t-12",
          0.09152550250291824
        ],
        [
          "t-11",
          0.09003965556621552
        ],
        [
          "t-10",
          0.08576454967260361
        ],
        [
          "t-1",
          0.08340094983577728
        ],
        [
          "t-9",
          0.0828433558344841
        ]
      ],
      "mean_attention": [
        0.09152550250291824,
        0.09003965556621552,
        0.08576454967260361,
        0.0828433558344841,
        0.08108184486627579,
        0.08033009618520737,
        0.08043503761291504,
        0.08054687082767487,
        0.08083726465702057,
        0.0812159851193428,
        0.08197891712188721,
        0.08340094983577728
      ],
      "std_attention": [
        0.002269657561555505,
        0.0017492285696789622,
        0.001676533604040742,
        0.001508531509898603,
        0.0012184549123048782,
        0.001318034715950489,
        0.0021583454217761755,
        0.0022714119404554367,
        0.0022391800303012133,
        0.002193867927417159,
        0.0021637261379510164,
        0.0022074864245951176
      ]
    }
  },
  "period_comparisons": {
    "2021_vs_2022": {
      "cosine_similarity": 0.9992912165824624,
      "l2_distance": 0.010876044631004333,
      "entropy_change": -0.00019168853759765625,
      "concentration_change": -4.743039608001709e-05
    },
    "2021_vs_2023": {
      "cosine_similarity": 0.9969989064375272,
      "l2_distance": 0.022390687838196754,
      "entropy_change": -0.0013363361358642578,
      "concentration_change": 0.00012405216693878174
    },
    "2021_vs_2024": {
      "cosine_similarity": 0.9949728180485552,
      "l2_distance": 0.029010318219661713,
      "entropy_change": -0.002760648727416992,
      "concentration_change": 0.0004012957215309143
    },
    "2021_vs_2025": {
      "cosine_similarity": 0.9981595590408908,
      "l2_distance": 0.017529254779219627,
      "entropy_change": -0.00024771690368652344,
      "concentration_change": 3.8467347621917725e-05
    },
    "2022_vs_2023": {
      "cosine_similarity": 0.9991663679465114,
      "l2_distance": 0.011802657507359982,
      "entropy_change": -0.0011446475982666016,
      "concentration_change": 0.00017148256301879883
    },
    "2022_vs_2024": {
      "cosine_similarity": 0.9979592806578207,
      "l2_distance": 0.01849215477705002,
      "entropy_change": -0.002568960189819336,