{
  "evaluation_timestamp": "2025-10-27T12:02:16.388593",
  "statistical_metrics": {
    "mse": 1.1885480880737305,
    "rmse": 1.0902055501937866,
    "mae": 0.7754629850387573,
    "mape": 160.32651662826538,
    "r2": -0.004308223724365234,
    "mean_error": 0.05827396363019943,
    "std_error": 1.0886468887329102
  },
  "financial_metrics": {
    "directional_accuracy": 0.5267716535433071,
    "sharpe_ratio": 0.852233513428199,
    "max_drawdown": -0.18902240693569183,
    "total_return": 0.5190199613571167,
    "hit_rate": 0.2559055118110236,
    "num_trades": 572,
    "precision": 0.5681818181818182,
    "recall": 0.4786450662739323,
    "f1_score": 0.519584332533973,
    "confusion_matrix": [
      [
        344,
        247
      ],
      [
        354,
        325
      ]
    ],
    "auc_roc": 0.5450834685226857,
    "alpha": -0.32800769805908203
  },
  "residual_diagnostics": {
    "normality_p_value": 1.417774850633789e-39,
    "acf_lag1": -0.036456581086394185,
    "skewness": 0.1374197815863387,
    "kurtosis": 6.335212919227043
  },
  "mode_stats": {
    "healthy_days": 106,
    "degraded_days": 129,
    "unidirectional_days": 821,
    "weak_collapse_days": 96,
    "strong_collapse_days": 118,
    "total_days": 1270,
    "healthy_pct": 8.346456692913385,
    "degraded_pct": 10.15748031496063,
    "unidirectional_pct": 64.64566929133858,
    "weak_collapse_pct": 7.559055118110236,
    "strong_collapse_pct": 9.291338582677165
  },
  "collapse_detected": true,
  "degradation_detected": true,
  "checkpoint_used": "experiments/00_baseline_exploration/sweep2_h16_enc_30/checkpoints/tft-epoch=01-val_loss=0.1304.ckpt"
}