{
  "evaluation_timestamp": "2025-10-30T03:14:50.295549",
  "statistical_metrics": {
    "mse": 1.1786977052688599,
    "rmse": 1.0856784582138062,
    "mae": 0.774669349193573,
    "mape": 148.8316297531128,
    "r2": 0.0040152668952941895,
    "mean_error": 0.01503896526992321,
    "std_error": 1.0855742692947388
  },
  "financial_metrics": {
    "directional_accuracy": 0.5299212598425197,
    "sharpe_ratio": 0.8337530357328016,
    "max_drawdown": -0.16190265119075775,
    "total_return": 0.7533208131790161,
    "hit_rate": 0.3905511811023622,
    "num_trades": 910,
    "precision": 0.545054945054945,
    "recall": 0.7304860088365243,
    "f1_score": 0.6242920075519194,
    "confusion_matrix": [
      [
        177,
        414
      ],
      [
        183,
        496
      ]
    ],
    "auc_roc": 0.5180804856350412,
    "alpha": -0.09370684623718262
  },
  "residual_diagnostics": {
    "normality_p_value": 4.107548608218288e-38,
    "acf_lag1": -0.03022372166581823,
    "skewness": 0.020043840285437535,
    "kurtosis": 6.190199126416646
  },
  "mode_stats": {
    "healthy_days": 767,
    "degraded_days": 175,
    "unidirectional_days": 328,
    "weak_collapse_days": 0,
    "strong_collapse_days": 0,
    "total_days": 1270,
    "healthy_pct": 60.39370078740157,
    "degraded_pct": 13.779527559055119,
    "unidirectional_pct": 25.826771653543307,
    "weak_collapse_pct": 0.0,
    "strong_collapse_pct": 0.0
  },
  "collapse_detected": false,
  "degradation_detected": true,
  "checkpoint_used": "experiments/00_baseline_exploration/sweep2_h16_enc_30/checkpoints/tft-epoch=57-val_loss=0.4031.ckpt"
}