{
  "period_statistics": {
    "2020": {
      "n_samples": 92,
      "entropy_mean": 2.814201593399048,
      "entropy_std": 0.2395525723695755,
      "attention_concentration": 0.05155263468623161,
      "top_features": [
        [
          "t-1",
          0.07171680778265
        ],
        [
          "t-2",
          0.06575052440166473
        ],
        [
          "t-3",
          0.061196476221084595
        ],
        [
          "t-4",
          0.05805344134569168
        ],
        [
          "t-5",
          0.05574273690581322
        ]
      ],
      "mean_attention": [
        0.03712480887770653,
        0.03933670371770859,
        0.040594231337308884,
        0.04137581214308739,
        0.04229963198304176,
        0.04358222708106041,
        0.04500526562333107,
        0.046295903623104095,
        0.04759054630994797,
        0.048443712294101715,
        0.0492418073117733,
        0.04996257275342941,
        0.050774507224559784,
        0.05212701857089996,
        0.05378532037138939,
        0.05574273690581322,
        0.05805344134569168,
        0.061196476221084595,
        0.06575052440166473,
        0.07171680778265
      ],
      "std_attention": [
        0.022495005279779434,
        0.02370370551943779,
        0.023187633603811264,
        0.022533180192112923,
        0.022216947749257088,
        0.022743599489331245,
        0.023502569645643234,
        0.024253427982330322,
        0.025172159075737,
        0.025479890406131744,
        0.026095125824213028,
        0.026566097512841225,
        0.027204187586903572,
        0.028767604380846024,
        0.031269095838069916,
        0.03486094996333122,
        0.03912388160824776,
        0.045963797718286514,
        0.05798903852701187,
        0.07547858357429504
      ]
    },
    "2021": {
      "n_samples": 250,
      "entropy_mean": 2.8487823009490967,
      "entropy_std": 0.3114542067050934,
      "attention_concentration": 0.0504511222243309,
      "top_features": [
        [
          "t-1",
          0.06268291175365448
        ],
        [
          "t-2",
          0.05961122363805771
        ],
        [
          "t-3",
          0.05598277226090431
        ],
        [
          "t-4",
          0.053105149418115616
        ],
        [
          "t-5",
          0.05194290727376938
        ]
      ],
      "mean_attention": [
        0.0431196428835392,
        0.044625476002693176,
        0.045195650309324265,
        0.045753736048936844,
        0.046599194407463074,
        0.04729698598384857,
        0.0479208379983902,
        0.04830725118517876,
        0.048622503876686096,
        0.04885099083185196,
        0.04922856017947197,
        0.049523063004016876,
        0.050118621438741684,
        0.0505533404648304,
        0.05095919594168663,
        0.05194290727376938,
        0.053105149418115616,
        0.05598277226090431,
        0.05961122363805771,
        0.06268291175365448
      ],
      "std_attention": [
        0.01826971210539341,
        0.019776029512286186,
        0.018912792205810547,
        0.018677134066820145,
        0.019949205219745636,
        0.021181875839829445,
        0.022897185757756233,
        0.023814551532268524,
        0.024462617933750153,
        0.024364769458770752,
        0.025187721475958824,
        0.02530728094279766,
        0.027123713865876198,
        0.02877735160291195,
        0.03062358871102333,
        0.0348830409348011,
        0.03936748951673508,
        0.05060391128063202,
        0.06899956613779068,
        0.08019886910915375
      ]
    },
    "2022": {
      "n_samples": 249,
      "entropy_mean": 2.619776964187622,
      "entropy_std": 0.396114319562912,
      "attention_concentration": 0.053536128252744675,
      "top_features": [
        [
          "t-1",
          0.08438951522111893
        ],
        [
          "t-2",
          0.07149334251880646
        ],
        [
          "t-3",
          0.06407643854618073
        ],
        [
          "t-4",
          0.05949973315000534
        ],
        [
          "t-5",
          0.056558944284915924
        ]
      ],
      "mean_attention": [
        0.02865406684577465,
        0.03195220232009888,
        0.03368784859776497,
        0.03516160696744919,
        0.03761360049247742,
        0.0413045734167099,
        0.04533958062529564,
        0.04833953082561493,
        0.049568962305784225,
        0.05006745085120201,
        0.05074369162321091,
        0.05156967416405678,
        0.05229077860713005,
        0.05315474793314934,
        0.05453374236822128,
        0.056558944284915924,
        0.05949973315000534,
        0.06407643854618073,
        0.07149334251880646,
        0.08438951522111893
      ],
      "std_attention": [
        0.027181515470147133,
        0.028781451284885406,
        0.02888604626059532,
        0.02857021801173687,
        0.029512986540794373,
        0.03270832821726799,
        0.03643154352903366,
        0.03852188214659691,
        0.03818472847342491,
        0.037533704191446304,
        0.03791024535894394,
        0.039189137518405914,
        0.04061192646622658,
        0.042148407548666,
        0.044729508459568024,
        0.04817410558462143,
        0.054720569401979446,
        0.06516306847333908,
        0.07934381812810898,
        0.11621929705142975
      ]
    },
    "2023": {
      "n_samples": 249,
      "entropy_mean": 2.9635798931121826,
      "entropy_std": 0.09075801819562912,
      "attention_concentration": 0.05008402094244957,
      "top_features": [
        [
          "t-1",
          0.05420548468828201
        ],
        [
          "t-2",
          0.05328807979822159
        ],
        [
          "t-3",
          0.052522290498018265
        ],
        [
          "t-4",
          0.051879581063985825
        ],
        [
          "t-5",
          0.05137781798839569
        ]
      ],
      "mean_attention": [
        0.04572280868887901,
        0.04682410880923271,
        0.04748600348830223,
        0.04802504554390907,
        0.04858093708753586,
        0.0490887351334095,
        0.04948137328028679,
        0.04956194385886192,
        0.04970255494117737,
        0.04991968721151352,
        0.05005493760108948,
        0.05018853023648262,
        0.05038067698478699,
        0.050656095147132874,
        0.051053304225206375,
        0.05137781798839569,
        0.051879581063985825,
        0.052522290498018265,
        0.05328807979822159,
        0.05420548468828201
      ],
      "std_attention": [
        0.0107563566416502,
        0.010514490306377411,
        0.010241474956274033,
        0.009984702803194523,
        0.009887058287858963,
        0.010026708245277405,
        0.010376105085015297,
        0.010064899921417236,
        0.010236104018986225,
        0.01053606253117323,
        0.011013900861144066,
        0.011454652063548565,
        0.012044595554471016,
        0.012692179530858994,
        0.013713980093598366,
        0.014932091347873211,
        0.016588298603892326,
        0.019319070503115654,
        0.023323604837059975,
        0.028104398399591446
      ]
    },
    "2024": {
      "n_samples": 250,
      "entropy_mean": 2.9434473514556885,
      "entropy_std": 0.28928619623184204,
      "attention_concentration": 0.05008488893508911,
      "top_features": [
        [
          "t-1",
          0.054163429886102676
        ],
        [
          "t-2",
          0.05399084463715553
        ],
        [
          "t-3",
          0.05360701307654381
        ],
        [
          "t-4",
          0.05292076617479324
        ],
        [
          "t-5",
          0.05159223452210426
        ]
      ],