{
  "evaluation_timestamp": "2025-10-27T12:00:39.637309",
  "statistical_metrics": {
    "mse": 1.1804351806640625,
    "rmse": 1.086478352546692,
    "mae": 0.7770892381668091,
    "mape": 108.4222674369812,
    "r2": -0.0031213760375976562,
    "mean_error": 0.04999842494726181,
    "std_error": 1.0853272676467896
  },
  "financial_metrics": {
    "directional_accuracy": 0.47734375,
    "sharpe_ratio": 0.22499262486400587,
    "max_drawdown": -0.2505616247653961,
    "total_return": 0.1150825023651123,
    "hit_rate": 0.25625,
    "num_trades": 638,
    "precision": 0.5141065830721003,
    "recall": 0.4774381368267831,
    "f1_score": 0.4950943396226415,
    "confusion_matrix": [
      [
        283,
        310
      ],
      [
        359,
        328
      ]
    ],
    "auc_roc": 0.47656673809681604,
    "alpha": -0.8065255880355835
  },
  "residual_diagnostics": {
    "normality_p_value": 8.20487353865035e-40,
    "acf_lag1": -0.03490228512434119,
    "skewness": 0.027912558531691493,
    "kurtosis": 6.524794728129596
  },
  "mode_stats": {
    "healthy_days": 402,
    "degraded_days": 155,
    "unidirectional_days": 411,
    "weak_collapse_days": 181,
    "strong_collapse_days": 131,
    "total_days": 1280,
    "healthy_pct": 31.406250000000004,
    "degraded_pct": 12.109375,
    "unidirectional_pct": 32.109375,
    "weak_collapse_pct": 14.140625000000002,
    "strong_collapse_pct": 10.234375
  },
  "collapse_detected": true,
  "degradation_detected": true,
  "checkpoint_used": "experiments/00_baseline_exploration/exp003_large/checkpoints/tft-epoch=00-val_loss=0.1477.ckpt"
}