{
  "evaluation_timestamp": "2025-10-30T03:10:49.818738",
  "statistical_metrics": {
    "mse": 1.1891038417816162,
    "rmse": 1.0904604196548462,
    "mae": 0.7764203548431396,
    "mape": 190.70844650268555,
    "r2": -0.010487914085388184,
    "mean_error": -0.041781939566135406,
    "std_error": 1.0896596908569336
  },
  "financial_metrics": {
    "directional_accuracy": 0.51484375,
    "sharpe_ratio": 0.5491898593321413,
    "max_drawdown": -0.2524605989456177,
    "total_return": 0.46581149101257324,
    "hit_rate": 0.49453125,
    "num_trades": 1200,
    "precision": 0.5275,
    "recall": 0.9213973799126638,
    "f1_score": 0.670906200317965,
    "confusion_matrix": [
      [
        26,
        567
      ],
      [
        54,
        633
      ]
    ],
    "auc_roc": 0.48869513563137135,
    "alpha": -0.45579659938812256
  },
  "residual_diagnostics": {
    "normality_p_value": 1.174766219191471e-40,
    "acf_lag1": -0.01931857897053918,
    "skewness": 0.04114056371995122,
    "kurtosis": 6.72187672563156
  },
  "mode_stats": {
    "healthy_days": 171,
    "degraded_days": 214,
    "unidirectional_days": 895,
    "weak_collapse_days": 0,
    "strong_collapse_days": 0,
    "total_days": 1280,
    "healthy_pct": 13.359375000000002,
    "degraded_pct": 16.71875,
    "unidirectional_pct": 69.921875,
    "weak_collapse_pct": 0.0,
    "strong_collapse_pct": 0.0
  },
  "collapse_detected": false,
  "degradation_detected": true,
  "checkpoint_used": "experiments/00_baseline_exploration/exp003_large/checkpoints/tft-epoch=32-val_loss=0.3923.ckpt"
}