{
  "period_statistics": {
    "2020": {
      "n_samples": 92,
      "entropy_mean": 2.9891250133514404,
      "entropy_std": 0.004538708366453648,
      "attention_concentration": 0.050346653908491135,
      "top_features": [
        [
          "t-20",
          0.06521381437778473
        ],
        [
          "t-19",
          0.0569535493850708
        ],
        [
          "t-18",
          0.05340500921010971
        ],
        [
          "t-17",
          0.05139344185590744
        ],
        [
          "t-16",
          0.050229690968990326
        ]
      ],
      "mean_attention": [
        0.06521381437778473,
        0.0569535493850708,
        0.05340500921010971,
        0.05139344185590744,
        0.050229690968990326,
        0.04950316622853279,
        0.04903631657361984,
        0.04870918393135071,
        0.04847956821322441,
        0.04829116538167,
        0.04814191907644272,
        0.048016954213380814,
        0.04790470004081726,
        0.04794548824429512,
        0.04791615903377533,
        0.047862425446510315,
        0.04781002178788185,
        0.04776321351528168,
        0.047726962715387344,
        0.0476972833275795
      ],
      "std_attention": [
        0.007205404806882143,
        0.005530479829758406,
        0.0047389911487698555,
        0.004234672989696264,
        0.0039194622077047825,
        0.0036990034859627485,
        0.0035711312666535378,
        0.003494950709864497,
        0.0034510097466409206,
        0.0034252020996063948,
        0.0034508933313190937,
        0.0035047493875026703,
        0.0035640927962958813,
        0.0037904835771769285,
        0.003877191571518779,
        0.00397323677316308,
        0.004071544390171766,
        0.004182994831353426,
        0.004302188288420439,
        0.0044531384482979774
      ]
    },
    "2021": {
      "n_samples": 250,
      "entropy_mean": 2.985873222351074,
      "entropy_std": 0.012560948729515076,
      "attention_concentration": 0.050319939851760864,
      "top_features": [
        [
          "t-20",
          0.06427513062953949
        ],
        [
          "t-19",
          0.05674897879362106
        ],
        [
          "t-18",
          0.05351433530449867
        ],
        [
          "t-17",
          0.051633358001708984
        ],
        [
          "t-16",
          0.050476882606744766
        ]
      ],
      "mean_attention": [
        0.06427513062953949,
        0.05674897879362106,
        0.05351433530449867,
        0.051633358001708984,
        0.050476882606744766,
        0.049791835248470306,
        0.04929770901799202,
        0.04896988719701767,
        0.048758357763290405,
        0.04855920746922493,
        0.04840470477938652,
        0.048282310366630554,
        0.04818796366453171,
        0.048034779727458954,
        0.04787005856633186,
        0.047717828303575516,
        0.04756671190261841,
        0.047428201884031296,
        0.04729795083403587,
        0.04718375951051712
      ],
      "std_attention": [
        0.007651170715689659,
        0.006854921113699675,
        0.006503281649202108,
        0.00602306704968214,
        0.005654946900904179,
        0.005429140757769346,
        0.00533321313560009,
        0.0053045861423015594,
        0.00530334934592247,
        0.005347465630620718,
        0.005379767622798681,
        0.005403975956141949,
        0.005410683341324329,
        0.005399344023317099,
        0.00551764527335763,
        0.005700432229787111,
        0.005973259452730417,
        0.006375814322382212,
        0.006903180852532387,
        0.0074917906895279884
      ]
    },
    "2022": {
      "n_samples": 249,
      "entropy_mean": 2.980855941772461,
      "entropy_std": 0.015659883618354797,
      "attention_concentration": 0.05005846917629242,
      "top_features": [
        [
          "t-20",
          0.05616260692477226
        ],
        [
          "t-19",
          0.05291767790913582
        ],
        [
          "t-18",
          0.05143198370933533
        ],
        [
          "t-17",
          0.05061117932200432
        ],
        [
          "t-16",
          0.05013003572821617
        ]
      ],
      "mean_attention": [
        0.05616260692477226,
        0.05291767790913582,
        0.05143198370933533,
        0.05061117932200432,
        0.05013003572821617,
        0.04975266382098198,
        0.04954240471124649,
        0.04941147565841675,
        0.0492548830807209,
        0.049141887575387955,
        0.049085818231105804,
        0.049030933529138565,
        0.04897553101181984,
        0.04892629757523537,
        0.04892541840672493,
        0.049027618020772934,
        0.049138132482767105,
        0.049299273639917374,
        0.0495048426091671,
        0.049729347229003906
      ],
      "std_attention": [
        0.011620557866990566,
        0.009936840273439884,
        0.008910964243113995,
        0.00833707582205534,
        0.007890619337558746,
        0.0075068692676723,
        0.007195479702204466,
        0.0070116580463945866,
        0.0068556275218725204,
        0.00679015601053834,
        0.006798455026000738,
        0.006907581351697445,
        0.007148413453251123,
        0.007476835511624813,
        0.007843824103474617,
        0.008285930380225182,
        0.008849460631608963,
        0.009528319351375103,
        0.01030242070555687,
        0.011187628842890263
      ]
    },
    "2023": {
      "n_samples": 249,
      "entropy_mean": 2.9836037158966064,
      "entropy_std": 0.01044910866767168,
      "attention_concentration": 0.05020640417933464,
      "top_features": [
        [
          "t-20",
          0.061521176248788834
        ],
        [
          "t-19",
          0.05551523342728615
        ],
        [
          "t-18",
          0.052833955734968185
        ],
        [
          "t-17",
          0.05127248540520668
        ],
        [
          "t-16",
          0.0503135584294796
        ]
      ],
      "mean_attention": [
        0.061521176248788834,
        0.05551523342728615,
        0.052833955734968185,
        0.05127248540520668,
        0.0503135584294796,
        0.049706608057022095,
        0.049290627241134644,
        0.048961006104946136,
        0.04876180738210678,
        0.04865340143442154,
        0.048541419208049774,
        0.04846399277448654,
        0.048403460532426834,
        0.048380300402641296,
        0.04837554320693016,
        0.04826163128018379,
        0.0482264906167984,
        0.048187389969825745,
        0.048158664256334305,
        0.04817119985818863
      ],
      "std_attention": [
        0.01023635733872652,
        0.008773437701165676,
        0.007914765737950802,
        0.007321437820792198,
        0.006875901482999325,
        0.006564986892044544,
        0.0063366941176354885,
        0.006128924433141947,
        0.006057330407202244,
        0.00601920997723937,
        0.006059703417122364,
        0.0061595807783305645,
        0.006276724860072136,
        0.006405284162610769,
        0.006538317538797855,
        0.006760908756405115,
        0.0070136236026883125,
        0.007344042882323265,
        0.007736069615930319,
        0.0082310251891613
      ]
    },
    "2024": {
      "n_samples": 250,
      "entropy_mean": 2.9922139644622803,
      "entropy_std": 0.002061496488749981,
      "attention_concentration": 0.05011817440390587,
      "top_features": [
        [
          "t-20",
          0.05903720110654831
        ],
        [
          "t-19",
          0.05383303388953209
        ],
        [
          "t-18",
          0.05186564475297928
        ],
        [
          "t-17",
          0.05077967420220375
        ],
        [
          "t-16",
          0.050137490034103394
        ]
      ],