{
  "period_statistics": {
    "2020": {
      "n_samples": 92,
      "entropy_mean": 2.958864212036133,
      "entropy_std": 0.03303343057632446,
      "attention_concentration": 0.05030658468604088,
      "top_features": [
        [
          "t-20",
          0.0650254413485527
        ],
        [
          "t-19",
          0.054552678018808365
        ],
        [
          "t-1",
          0.05166631564497948
        ],
        [
          "t-2",
          0.051263388246297836
        ],
        [
          "t-3",
          0.05080126225948334
        ]
      ],
      "mean_attention": [
        0.0650254413485527,
        0.054552678018808365,
        0.05001822113990784,
        0.04798055812716484,
        0.04724688455462456,
        0.04704391583800316,
        0.04717070609331131,
        0.04735226556658745,
        0.04764946550130844,
        0.047831565141677856,
        0.0480424165725708,
        0.04830574616789818,
        0.048576775938272476,
        0.0493171326816082,
        0.04971759766340256,
        0.050033994019031525,
        0.050403643399477005,
        0.05080126225948334,
        0.051263388246297836,
        0.05166631564497948
      ],
      "std_attention": [
        0.029021909460425377,
        0.01867254078388214,
        0.014294321648776531,
        0.012313884682953358,
        0.011309163644909859,
        0.010639783926308155,
        0.010266857221722603,
        0.010039378888905048,
        0.009995659813284874,
        0.009971972554922104,
        0.010053550824522972,
        0.010258116759359837,
        0.01053602434694767,
        0.011656280606985092,
        0.012186556123197079,
        0.0129086347296834,
        0.013712155632674694,
        0.014548367820680141,
        0.015547433868050575,
        0.016592159867286682
      ]
    },
    "2021": {
      "n_samples": 250,
      "entropy_mean": 2.958808660507202,
      "entropy_std": 0.04505337029695511,
      "attention_concentration": 0.0500258132815361,
      "top_features": [
        [
          "t-20",
          0.05233918875455856
        ],
        [
          "t-1",
          0.052277449518442154
        ],
        [
          "t-2",
          0.05177229270339012
        ],
        [
          "t-3",
          0.05125948414206505
        ],
        [
          "t-4",
          0.05080113187432289
        ]
      ],
      "mean_attention": [
        0.05233918875455856,
        0.05038923770189285,
        0.049649763852357864,
        0.049071766436100006,
        0.04881425201892853,
        0.0487227737903595,
        0.04874249920248985,
        0.04882696270942688,
        0.04896073415875435,
        0.049148790538311005,
        0.04935581982135773,
        0.0495695024728775,
        0.04982563853263855,
        0.04990130290389061,
        0.050123054534196854,
        0.05044832453131676,
        0.05080113187432289,
        0.05125948414206505,
        0.05177229270339012,
        0.052277449518442154
      ],
      "std_attention": [
        0.021681558340787888,
        0.017483728006482124,
        0.015418540686368942,
        0.014528718777000904,
        0.014227486215531826,
        0.0139083843678236,
        0.013735826127231121,
        0.013576782308518887,
        0.013532468117773533,
        0.013568013906478882,
        0.013612714596092701,
        0.01365229394286871,
        0.01383957639336586,
        0.013755518943071365,
        0.013905085623264313,
        0.01444327924400568,
        0.014765569008886814,
        0.01576106995344162,
        0.016987258568406105,
        0.017869731411337852
      ]
    },
    "2022": {
      "n_samples": 249,
      "entropy_mean": 2.9459128379821777,
      "entropy_std": 0.03721700608730316,
      "attention_concentration": 0.050626225769519806,
      "top_features": [
        [
          "t-20",
          0.0713919997215271
        ],
        [
          "t-19",
          0.058678824454545975
        ],
        [
          "t-18",
          0.0530969612300396
        ],
        [
          "t-17",
          0.05018746107816696
        ],
        [
          "t-1",
          0.05009808391332626
        ]
      ],
      "mean_attention": [
        0.0713919997215271,
        0.058678824454545975,
        0.0530969612300396,
        0.05018746107816696,
        0.04859556257724762,
        0.04768772050738335,
        0.04720555618405342,
        0.047064412385225296,
        0.04696214944124222,
        0.046971555799245834,
        0.04706861451268196,
        0.047205064445734024,
        0.047339241951704025,
        0.04751916602253914,
        0.0477985255420208,
        0.048134829849004745,
        0.048498306423425674,
        0.048966940492391586,
        0.04952899366617203,
        0.05009808391332626
      ],
      "std_attention": [
        0.032073330134153366,
        0.0207650288939476,
        0.016220128163695335,
        0.013822135515511036,
        0.012389883399009705,
        0.011589860543608665,
        0.011152555234730244,
        0.011042407713830471,
        0.010963915847241879,
        0.011079121381044388,
        0.011285563930869102,
        0.01162805687636137,
        0.01199424173682928,
        0.012444419786334038,
        0.013030216097831726,
        0.013935383409261703,
        0.015061788260936737,
        0.016519272699952126,
        0.018315697088837624,
        0.020140137523412704
      ]
    },
    "2023": {
      "n_samples": 249,
      "entropy_mean": 2.98936128616333,
      "entropy_std": 0.010604503564536572,
      "attention_concentration": 0.05000501871109009,
      "top_features": [
        [
          "t-20",
          0.05112559720873833
        ],
        [
          "t-1",
          0.05081629753112793
        ],
        [
          "t-19",
          0.0506276972591877
        ],
        [
          "t-2",
          0.05059271305799484
        ],
        [
          "t-3",
          0.050412390381097794
        ]
      ],
      "mean_attention": [
        0.05112559720873833,
        0.0506276972591877,
        0.05039677768945694,
        0.04997995123267174,
        0.04967940226197243,
        0.04953676089644432,
        0.04948168620467186,
        0.04939025640487671,
        0.04943373054265976,
        0.04951740428805351,
        0.049567416310310364,
        0.04963390529155731,
        0.049717482179403305,
        0.04983305558562279,
        0.04993243142962456,
        0.05008047819137573,
        0.05024462193250656,
        0.050412390381097794,
        0.05059271305799484,
        0.05081629753112793
      ],
      "std_attention": [
        0.011452549137175083,
        0.00812501646578312,
        0.006470934953540564,
        0.0057421219535171986,
        0.0053686415776610374,
        0.005247555673122406,
        0.0052258847281336784,
        0.004980240482836962,
        0.004974670708179474,
        0.00495365122333169,
        0.004941542632877827,
        0.0049294363707304,
        0.004916924983263016,
        0.00486020278185606,
        0.004924141336232424,
        0.005044583231210709,
        0.005217629950493574,
        0.005438553635030985,
        0.005702887661755085,
        0.006010879296809435
      ]
    },
    "2024": {
      "n_samples": 250,
      "entropy_mean": 2.9801695346832275,
      "entropy_std": 0.04022945836186409,
      "attention_concentration": 0.050010476261377335,
      "top_features": [
        [
          "t-1",
          0.05110934004187584
        ],
        [
          "t-2",
          0.050897832959890366
        ],
        [
          "t-3",
          0.050775837153196335
        ],
        [
          "t-4",
          0.05068478733301163
        ],
        [
          "t-5",
          0.050572045147418976
        ]
      ],