{
  "evaluation_timestamp": "2025-10-16T23:54:42.539027",
  "statistical_metrics": {
    "mse": 1.186439871788025,
    "rmse": 1.089238166809082,
    "mae": 0.7789298892021179,
    "mape": 124.10192489624023,
    "r2": -0.008224129676818848,
    "mean_error": 0.09879517555236816,
    "std_error": 1.0847485065460205
  },
  "financial_metrics": {
    "directional_accuracy": 0.46328125,
    "sharpe_ratio": 0.0,
    "max_drawdown": 0.0,
    "total_return": 0.0,
    "hit_rate": 0.0,
    "num_trades": 0,
    "precision": 0.0,
    "recall": 0.0,
    "f1_score": 0.0,
    "confusion_matrix": [
      [
        593,
        0
      ],
      [
        687,
        0
      ]
    ],
    "auc_roc": 0.5312390308082406,
    "alpha": -0.9216080904006958
  },
  "residual_diagnostics": {
    "normality_p_value": 5.153243563488151e-40,
    "acf_lag1": -0.036164464669817965,
    "skewness": 0.08592960499641529,
    "kurtosis": 6.498990528108655
  },
  "checkpoint_used": "experiments/sweep2_hidden_10/checkpoints/tft-epoch=03-val_loss=0.1229.ckpt"
}