{
  "period_statistics": {
    "2020": {
      "n_samples": 92,
      "entropy_mean": 2.7478461265563965,
      "entropy_std": 0.24213770031929016,
      "attention_concentration": 0.051246028393507004,
      "top_features": [
        [
          "t-1",
          0.07190673798322678
        ],
        [
          "t-2",
          0.0650346502661705
        ],
        [
          "t-3",
          0.05910477787256241
        ],
        [
          "t-20",
          0.057699769735336304
        ],
        [
          "t-4",
          0.054213203489780426
        ]
      ],
      "mean_attention": [
        0.057699769735336304,
        0.05273029953241348,
        0.050733115524053574,
        0.04873981326818466,
        0.04691928252577782,
        0.04550850763916969,
        0.04454175755381584,
        0.04365759715437889,
        0.04347017779946327,
        0.04304742440581322,
        0.042798977345228195,
        0.0427868589758873,
        0.042970310896635056,
        0.0454489141702652,
        0.04775775969028473,
        0.05093007907271385,
        0.054213203489780426,
        0.05910477787256241,
        0.0650346502661705,
        0.07190673798322678
      ],
      "std_attention": [
        0.04875672236084938,
        0.04167402163147926,
        0.03635575994849205,
        0.03231768682599068,
        0.02977503277361393,
        0.02844981849193573,
        0.027582388371229172,
        0.026594253256917,
        0.026571787893772125,
        0.02600889280438423,
        0.025752713903784752,
        0.0252445749938488,
        0.024838339537382126,
        0.029232636094093323,
        0.03156740590929985,
        0.03698553517460823,
        0.042050883173942566,
        0.05196911841630936,
        0.06496702134609222,
        0.08432977646589279
      ]
    },
    "2021": {
      "n_samples": 250,
      "entropy_mean": 2.606133222579956,
      "entropy_std": 0.5114429593086243,
      "attention_concentration": 0.05039418488740921,
      "top_features": [
        [
          "t-20",
          0.06205768510699272
        ],
        [
          "t-1",
          0.05974835157394409
        ],
        [
          "t-2",
          0.056269340217113495
        ],
        [
          "t-19",
          0.0545131079852581
        ],
        [
          "t-3",
          0.051965244114398956
        ]
      ],
      "mean_attention": [
        0.06205768510699272,
        0.0545131079852581,
        0.05017036572098732,
        0.047763336449861526,
        0.04731256142258644,
        0.04692864790558815,
        0.047186024487018585,
        0.04696672037243843,
        0.04693734645843506,
        0.047099363058805466,
        0.04735322669148445,
        0.04747324436903,
        0.04781067371368408,
        0.04762423038482666,
        0.047692231833934784,
        0.04814551770687103,
        0.04898279160261154,
        0.051965244114398956,
        0.056269340217113495,
        0.05974835157394409
      ],
      "std_attention": [
        0.05158962681889534,
        0.05547752603888512,
        0.050007641315460205,
        0.046939726918935776,
        0.04725298285484314,
        0.046041082590818405,
        0.046598661690950394,
        0.04535700008273125,
        0.045640140771865845,
        0.04599509760737419,
        0.046683963388204575,
        0.04669398069381714,
        0.047852773219347,
        0.04940839111804962,
        0.051420874893665314,
        0.054223302751779556,
        0.058663260191679,
        0.0746462270617485,
        0.10095559060573578,
        0.11405105888843536
      ]
    },
    "2022": {
      "n_samples": 249,
      "entropy_mean": 2.289839744567871,
      "entropy_std": 0.4953292906284332,
      "attention_concentration": 0.05244019627571106,
      "top_features": [
        [
          "t-1",
          0.08214934915304184
        ],
        [
          "t-20",
          0.07043753564357758
        ],
        [
          "t-19",
          0.06352033466100693
        ],
        [
          "t-2",
          0.059723224490880966
        ],
        [
          "t-18",
          0.05725310742855072
        ]
      ],
      "mean_attention": [
        0.07043753564357758,
        0.06352033466100693,
        0.05725310742855072,
        0.052243638783693314,
        0.04847845435142517,
        0.04635915160179138,
        0.04472595453262329,
        0.04416944459080696,
        0.042539115995168686,
        0.04108922928571701,
        0.040320418775081635,
        0.04022406041622162,
        0.04117608070373535,
        0.04196316376328468,
        0.04241672530770302,
        0.04372693970799446,
        0.046533238142728806,
        0.05095076188445091,
        0.059723224490880966,
        0.08214934915304184
      ],
      "std_attention": [
        0.0922452062368393,
        0.07137694209814072,
        0.06259096413850784,
        0.05618109554052353,
        0.05184779688715935,
        0.050296228379011154,
        0.04938420653343201,
        0.05110716447234154,
        0.04954330995678902,
        0.04815463721752167,
        0.048136308789253235,
        0.04957933351397514,
        0.05274389311671257,
        0.055335842072963715,
        0.05691878870129585,
        0.05935034155845642,
        0.06632660329341888,
        0.07753800600767136,
        0.09667505323886871,
        0.16154351830482483
      ]
    },
    "2023": {
      "n_samples": 249,
      "entropy_mean": 2.8715107440948486,
      "entropy_std": 0.22602328658103943,
      "attention_concentration": 0.050277601927518845,
      "top_features": [
        [
          "t-20",
          0.06381426006555557
        ],
        [
          "t-19",
          0.05583062395453453
        ],
        [
          "t-18",
          0.05197594314813614
        ],
        [
          "t-1",
          0.05194060131907463
        ],
        [
          "t-2",
          0.050163112580776215
        ]
      ],
      "mean_attention": [
        0.06381426006555557,
        0.05583062395453453,
        0.05197594314813614,
        0.04987803474068642,
        0.04860064387321472,
        0.04810633137822151,
        0.04785483330488205,
        0.047251734882593155,
        0.04749945551156998,
        0.04782779514789581,
        0.04805567488074303,
        0.04817042127251625,
        0.04822607338428497,
        0.048394061625003815,
        0.048885393887758255,
        0.048871297389268875,
        0.04908417537808418,
        0.0495695136487484,
        0.050163112580776215,
        0.05194060131907463
      ],
      "std_attention": [
        0.028056373819708824,
        0.030308261513710022,
        0.029810283333063126,
        0.028539743274450302,
        0.02633381262421608,
        0.02539115399122238,
        0.024457866325974464,
        0.021121058613061905,
        0.022049756720662117,
        0.022342808544635773,
        0.023247111588716507,
        0.023708565160632133,
        0.023634808138012886,
        0.023946624249219894,
        0.028964433819055557,
        0.030785661190748215,
        0.03197462856769562,
        0.03649897500872612,
        0.04270170256495476,
        0.05296703800559044
      ]
    },
    "2024": {
      "n_samples": 250,
      "entropy_mean": 2.863180160522461,
      "entropy_std": 0.37587422132492065,
      "attention_concentration": 0.05019854009151459,
      "top_features": [
        [
          "t-20",
          0.060355279594659805
        ],
        [
          "t-2",
          0.052610114216804504
        ],
        [
          "t-3",
          0.05248873680830002
        ],
        [
          "t-1",
          0.05245077237486839
        ],
        [
          "t-4",
          0.0520862340927124
        ]
      ],