{
  "period_statistics": {
    "2020": {
      "n_samples": 92,
      "entropy_mean": 2.988830804824829,
      "entropy_std": 0.004581723362207413,
      "attention_concentration": 0.05036582797765732,
      "top_features": [
        [
          "t-20",
          0.06571397185325623
        ],
        [
          "t-19",
          0.05708477646112442
        ],
        [
          "t-18",
          0.05341138690710068
        ],
        [
          "t-17",
          0.05136013403534889
        ],
        [
          "t-16",
          0.05018456652760506
        ]
      ],
      "mean_attention": [
        0.06571397185325623,
        0.05708477646112442,
        0.05341138690710068,
        0.05136013403534889,
        0.05018456652760506,
        0.04945610836148262,
        0.0489896759390831,
        0.04866325482726097,
        0.04843387380242348,
        0.04824438691139221,
        0.048093464225530624,
        0.04796620458364487,
        0.047850899398326874,
        0.04789642244577408,
        0.04787585511803627,
        0.047829337418079376,
        0.047784674912691116,
        0.0477459542453289,
        0.04771801829338074,
        0.047697070986032486
      ],
      "std_attention": [
        0.0073137967847287655,
        0.0056270211935043335,
        0.004828509874641895,
        0.004316181410104036,
        0.003994571976363659,
        0.003769392380490899,
        0.0036370346788316965,
        0.003557712072506547,
        0.0035110076423734426,
        0.003485989524051547,
        0.00351414131000638,
        0.0035722057800740004,
        0.0036361152306199074,
        0.003863721154630184,
        0.003953426610678434,
        0.004048558417707682,
        0.0041429330594837666,
        0.004248813260346651,
        0.00436049047857523,
        0.004501555114984512
      ]
    },
    "2021": {
      "n_samples": 250,
      "entropy_mean": 2.9851131439208984,
      "entropy_std": 0.013133537955582142,
      "attention_concentration": 0.050364211201667786,
      "top_features": [
        [
          "t-20",
          0.06531697511672974
        ],
        [
          "t-19",
          0.0571397989988327
        ],
        [
          "t-18",
          0.05367111414670944
        ],
        [
          "t-17",
          0.05168335139751434
        ],
        [
          "t-16",
          0.05047307536005974
        ]
      ],
      "mean_attention": [
        0.06531697511672974,
        0.0571397989988327,
        0.05367111414670944,
        0.05168335139751434,
        0.05047307536005974,
        0.049757543951272964,
        0.04924173280596733,
        0.048898741602897644,
        0.04867664724588394,
        0.048465169966220856,
        0.04830065369606018,
        0.04816997051239014,
        0.04807054251432419,
        0.04790825396776199,
        0.04773556441068649,
        0.04757782816886902,
        0.04742320999503136,
        0.0472843162715435,
        0.04715729132294655,
        0.04704815149307251
      ],
      "std_attention": [
        0.007971517741680145,
        0.007071421016007662,
        0.006685268599539995,
        0.006177582312375307,
        0.005793203134089708,
        0.005556474439799786,
        0.005455864127725363,
        0.005424009170383215,
        0.005420471075922251,
        0.005466435570269823,
        0.0054997773841023445,
        0.00552514661103487,
        0.005534134339541197,
        0.005526423919945955,
        0.005651306826621294,
        0.005842347629368305,
        0.006130150053650141,
        0.006558827590197325,
        0.007126513868570328,
        0.00776212802156806
      ]
    },
    "2022": {
      "n_samples": 249,
      "entropy_mean": 2.9805197715759277,
      "entropy_std": 0.015927663072943687,
      "attention_concentration": 0.05006050691008568,
      "top_features": [
        [
          "t-20",
          0.056232254952192307
        ],
        [
          "t-19",
          0.05298591032624245
        ],
        [
          "t-18",
          0.051489826291799545
        ],
        [
          "t-17",
          0.05065825581550598
        ],
        [
          "t-16",
          0.050165023654699326
        ]
      ],
      "mean_attention": [
        0.056232254952192307,
        0.05298591032624245,
        0.051489826291799545,
        0.05065825581550598,
        0.050165023654699326,
        0.04977434128522873,
        0.04955420643091202,
        0.04941653832793236,
        0.04924905672669411,
        0.0491296611726284,
        0.04906773567199707,
        0.04900730028748512,
        0.048945315182209015,
        0.0488920658826828,
        0.048889219760894775,
        0.04898938909173012,
        0.04910064488649368,
        0.0492650642991066,
        0.04947687312960625,
        0.049711354076862335
      ],
      "std_attention": [
        0.01184146013110876,
        0.010109630413353443,
        0.009036536328494549,
        0.008438005112111568,
        0.007971163839101791,
        0.007574622519314289,
        0.0072530535981059074,
        0.00707005662843585,
        0.006913734599947929,
        0.0068465485237538815,
        0.0068566096015274525,
        0.006973072420805693,
        0.007223610300570726,
        0.007556621916592121,
        0.007922645658254623,
        0.008371686562895775,
        0.008948972448706627,
        0.009648595005273819,
        0.010452371090650558,
        0.011375859379768372
      ]
    },
    "2023": {
      "n_samples": 249,
      "entropy_mean": 2.9833877086639404,
      "entropy_std": 0.010536647401750088,
      "attention_concentration": 0.05022573098540306,
      "top_features": [
        [
          "t-20",
          0.06213005632162094
        ],
        [
          "t-19",
          0.05571302771568298
        ],
        [
          "t-18",
          0.05288876220583916
        ],
        [
          "t-17",
          0.051267415285110474
        ],
        [
          "t-16",
          0.050280846655368805
        ]
      ],
      "mean_attention": [
        0.06213005632162094,
        0.05571302771568298,
        0.05288876220583916,
        0.051267415285110474,
        0.050280846655368805,
        0.04966135323047638,
        0.049239546060562134,
        0.0489044189453125,
        0.0487048514187336,
        0.048597000539302826,
        0.04848487675189972,
        0.04840677231550217,
        0.04834558814764023,
        0.04832163453102112,
        0.0483144074678421,
        0.04820160195231438,
        0.0481683686375618,
        0.0481327548623085,
        0.048108723014593124,
        0.048128001391887665
      ],
      "std_attention": [
        0.010436676442623138,
        0.008884580805897713,
        0.007980819791555405,
        0.00735671678557992,
        0.00688807712867856,
        0.006563802249729633,
        0.00632940698415041,
        0.006110655143857002,
        0.006039289757609367,
        0.00600249832496047,
        0.0060441987589001656,
        0.006145139690488577,
        0.00626516155898571,
        0.00639553414657712,
        0.006535367574542761,
        0.006764122750610113,
        0.007024874445050955,
        0.00736656179651618,
        0.00776930246502161,
        0.008276155218482018
      ]
    },
    "2024": {
      "n_samples": 250,
      "entropy_mean": 2.991908550262451,
      "entropy_std": 0.0022063935175538063,
      "attention_concentration": 0.050137244164943695,
      "top_features": [
        [
          "t-20",
          0.0598100982606411
        ],
        [
          "t-19",
          0.05406443402171135
        ],
        [
          "t-18",
          0.051933325827121735
        ],
        [
          "t-17",
          0.05078275129199028
        ],
        [
          "t-16",
          0.050112899392843246
        ]
      ],