{
  "evaluation_timestamp": "2025-10-27T12:00:55.017406",
  "statistical_metrics": {
    "mse": 1.1699919700622559,
    "rmse": 1.0816617012023926,
    "mae": 0.7723828554153442,
    "mape": 117.3944354057312,
    "r2": -0.0027256011962890625,
    "mean_error": 0.02702062390744686,
    "std_error": 1.0813242197036743
  },
  "financial_metrics": {
    "directional_accuracy": 0.5103174603174603,
    "sharpe_ratio": 0.6293772920347097,
    "max_drawdown": -0.22583571076393127,
    "total_return": 0.5366873741149902,
    "hit_rate": 0.39285714285714285,
    "num_trades": 933,
    "precision": 0.5305466237942122,
    "recall": 0.7344213649851632,
    "f1_score": 0.6160547604231488,
    "confusion_matrix": [
      [
        148,
        438
      ],
      [
        179,
        495
      ]
    ],
    "auc_roc": 0.46857181920377555,
    "alpha": -0.3873552083969116
  },
  "residual_diagnostics": {
    "normality_p_value": 6.521559571736094e-40,
    "acf_lag1": -0.03053303046652117,
    "skewness": 0.06564156828988495,
    "kurtosis": 6.652807073988846
  },
  "mode_stats": {
    "healthy_days": 86,
    "degraded_days": 34,
    "unidirectional_days": 719,
    "weak_collapse_days": 330,
    "strong_collapse_days": 91,
    "total_days": 1260,
    "healthy_pct": 6.825396825396825,
    "degraded_pct": 2.6984126984126986,
    "unidirectional_pct": 57.06349206349206,
    "weak_collapse_pct": 26.190476190476193,
    "strong_collapse_pct": 7.222222222222221
  },
  "collapse_detected": true,
  "degradation_detected": true,
  "checkpoint_used": "experiments/00_baseline_exploration/sweep_combo2/checkpoints/tft-epoch=01-val_loss=0.1386.ckpt"
}