{
  "evaluation_timestamp": "2025-10-30T03:19:13.744136",
  "statistical_metrics": {
    "mse": 1.1680206060409546,
    "rmse": 1.0807499885559082,
    "mae": 0.771185040473938,
    "mape": 145.1400637626648,
    "r2": -0.001035928726196289,
    "mean_error": -0.01473419088870287,
    "std_error": 1.0806496143341064
  },
  "financial_metrics": {
    "directional_accuracy": 0.5111111111111111,
    "sharpe_ratio": 0.6219569398456505,
    "max_drawdown": -0.25245988368988037,
    "total_return": 0.5716280937194824,
    "hit_rate": 0.49444444444444446,
    "num_trades": 1188,
    "precision": 0.5244107744107744,
    "recall": 0.9243323442136498,
    "f1_score": 0.669172932330827,
    "confusion_matrix": [
      [
        21,
        565
      ],
      [
        51,
        623
      ]
    ],
    "auc_roc": 0.4734330217437539,
    "alpha": -0.35241448879241943
  },
  "residual_diagnostics": {
    "normality_p_value": 1.5802085514410003e-39,
    "acf_lag1": -0.02258621844555998,
    "skewness": 0.016036142500271813,
    "kurtosis": 6.603392460154815
  },
  "mode_stats": {
    "healthy_days": 276,
    "degraded_days": 200,
    "unidirectional_days": 763,
    "weak_collapse_days": 21,
    "strong_collapse_days": 0,
    "total_days": 1260,
    "healthy_pct": 21.904761904761905,
    "degraded_pct": 15.873015873015872,
    "unidirectional_pct": 60.55555555555555,
    "weak_collapse_pct": 1.6666666666666667,
    "strong_collapse_pct": 0.0
  },
  "collapse_detected": true,
  "degradation_detected": true,
  "checkpoint_used": "experiments/00_baseline_exploration/sweep_combo2/checkpoints/tft-epoch=64-val_loss=0.3951.ckpt"
}