{
  "period_statistics": {
    "2020": {
      "n_samples": 92,
      "entropy_mean": 2.982966661453247,
      "entropy_std": 0.004136498551815748,
      "attention_concentration": 0.05001698061823845,
      "top_features": [
        [
          "t-1",
          0.05183365195989609
        ],
        [
          "t-2",
          0.051563993096351624
        ],
        [
          "t-3",
          0.05130963400006294
        ],
        [
          "t-4",
          0.0510818287730217
        ],
        [
          "t-5",
          0.0508771613240242
        ]
      ],
      "mean_attention": [
        0.04955827817320824,
        0.04879537969827652,
        0.0485997200012207,
        0.04890222102403641,
        0.04917306452989578,
        0.04934871569275856,
        0.04946618154644966,
        0.04954427853226662,
        0.04962249472737312,
        0.04967827349901199,
        0.04973642900586128,
        0.04981020838022232,
        0.049893904477357864,
        0.0505070798099041,
        0.05069749429821968,
        0.0508771613240242,
        0.0510818287730217,
        0.05130963400006294,
        0.051563993096351624,
        0.05183365195989609
      ],
      "std_attention": [
        0.0086147990077734,
        0.007859679870307446,
        0.007926988415420055,
        0.008035627193748951,
        0.00814111903309822,
        0.008215135894715786,
        0.00824449397623539,
        0.008277672342956066,
        0.008293885737657547,
        0.008310467936098576,
        0.008320125751197338,
        0.008334939368069172,
        0.008328580297529697,
        0.00941725354641676,
        0.009442810900509357,
        0.009492727927863598,
        0.009526331909000874,
        0.009594826959073544,
        0.009668692946434021,
        0.009770418517291546
      ]
    },
    "2021": {
      "n_samples": 250,
      "entropy_mean": 2.9761619567871094,
      "entropy_std": 0.006889663636684418,
      "attention_concentration": 0.05003390088677406,
      "top_features": [
        [
          "t-1",
          0.052380625158548355
        ],
        [
          "t-2",
          0.052071474492549896
        ],
        [
          "t-3",
          0.0517621710896492
        ],
        [
          "t-4",
          0.0514606274664402
        ],
        [
          "t-5",
          0.05117077752947807
        ]
      ],
      "mean_attention": [
        0.048138830810785294,
        0.0480692982673645,
        0.04815826192498207,
        0.04852987453341484,
        0.0488457977771759,
        0.04910049960017204,
        0.04929337650537491,
        0.04946346953511238,
        0.049624983221292496,
        0.04978852719068527,
        0.04997086152434349,
        0.05018182843923569,
        0.05041402205824852,
        0.050664521753787994,
        0.050910159945487976,
        0.05117077752947807,
        0.0514606274664402,
        0.0517621710896492,
        0.052071474492549896,
        0.052380625158548355
      ],
      "std_attention": [
        0.010116868652403355,
        0.010502509772777557,
        0.01048088539391756,
        0.01055144052952528,
        0.010596083477139473,
        0.010629996657371521,
        0.010658273473381996,
        0.01066520344465971,
        0.010680152103304863,
        0.010698651894927025,
        0.010747053660452366,
        0.010813837870955467,
        0.010893368162214756,
        0.011036285199224949,
        0.011124377138912678,
        0.01121473964303732,
        0.011364175006747246,
        0.01150542963296175,
        0.011697487905621529,
        0.011815275996923447
      ]
    },
    "2022": {
      "n_samples": 249,
      "entropy_mean": 2.9827017784118652,
      "entropy_std": 0.005279150325804949,
      "attention_concentration": 0.050038985908031464,
      "top_features": [
        [
          "t-1",
          0.05250958353281021
        ],
        [
          "t-2",
          0.052162498235702515
        ],
        [
          "t-3",
          0.05182813107967377
        ],
        [
          "t-4",
          0.05151572823524475
        ],
        [
          "t-5",
          0.05122433975338936
        ]
      ],
      "mean_attention": [
        0.04748235270380974,
        0.047715865075588226,
        0.04810921102762222,
        0.048594508320093155,
        0.0489606074988842,
        0.04920349642634392,
        0.0493929386138916,
        0.049555253237485886,
        0.04970452934503555,
        0.04986961558461189,
        0.05005268752574921,
        0.050242889672517776,
        0.05045050010085106,
        0.05048900842666626,
        0.05093628913164139,
        0.05122433975338936,
        0.05151572823524475,
        0.05182813107967377,
        0.052162498235702515,
        0.05250958353281021
      ],
      "std_attention": [
        0.007856759242713451,
        0.008384731598198414,
        0.00850880891084671,
        0.008609894663095474,
        0.008657664060592651,
        0.008668321184813976,
        0.008654981851577759,
        0.008636143989861012,
        0.008614549413323402,
        0.008632638491690159,
        0.008652222342789173,
        0.008655386045575142,
        0.00867620948702097,
        0.008267124183475971,
        0.008865718729794025,
        0.00897077564150095,
        0.009090568870306015,
        0.009222399443387985,
        0.009371879510581493,
        0.009521961212158203
      ]
    },
    "2023": {
      "n_samples": 249,
      "entropy_mean": 2.936845302581787,
      "entropy_std": 0.03159886226058006,
      "attention_concentration": 0.050005000084638596,
      "top_features": [
        [
          "t-1",
          0.05098371207714081
        ],
        [
          "t-2",
          0.05093332380056381
        ],
        [
          "t-3",
          0.05077492445707321
        ],
        [
          "t-4",
          0.05064141005277634
        ],
        [
          "t-5",
          0.050516825169324875
        ]
      ],
      "mean_attention": [
        0.0494033582508564,
        0.04922359064221382,
        0.04932408779859543,
        0.049550462514162064,
        0.049697794020175934,
        0.04977988824248314,
        0.049817346036434174,
        0.04982550069689751,
        0.04984027147293091,
        0.049875304102897644,
        0.04990043491125107,
        0.049928613007068634,
        0.04998038336634636,
        0.050058819353580475,
        0.049943894147872925,
        0.050516825169324875,
        0.05064141005277634,
        0.05077492445707321,
        0.05093332380056381,
        0.05098371207714081
      ],
      "std_attention": [
        0.01845887303352356,
        0.019931042566895485,
        0.020067380741238594,
        0.02029740810394287,
        0.020436827093362808,
        0.020520491525530815,
        0.020586052909493446,
        0.02062579058110714,
        0.020653000101447105,
        0.02070949785411358,
        0.02072969824075699,
        0.020752863958477974,
        0.02080041542649269,
        0.02091328613460064,
        0.020791426301002502,
        0.022146480157971382,
        0.022249966859817505,
        0.02237214334309101,
        0.022592153400182724,
        0.022157154977321625
      ]
    },
    "2024": {
      "n_samples": 250,
      "entropy_mean": 2.9315297603607178,
      "entropy_std": 0.028308171778917313,
      "attention_concentration": 0.050014372915029526,
      "top_features": [
        [
          "t-1",
          0.051419466733932495
        ],
        [
          "t-2",
          0.051231734454631805
        ],
        [
          "t-6",
          0.05103648453950882
        ],
        [
          "t-3",
          0.051027506589889526
        ],
        [
          "t-4",
          0.05085989832878113
        ]
      ],