{
  "period_statistics": {
    "2020": {
      "n_samples": 92,
      "entropy_mean": 2.93569016456604,
      "entropy_std": 0.06597836315631866,
      "attention_concentration": 0.0503971166908741,
      "top_features": [
        [
          "t-1",
          0.055737826973199844
        ],
        [
          "t-2",
          0.05483922362327576
        ],
        [
          "t-3",
          0.054050736129283905
        ],
        [
          "t-4",
          0.053488679230213165
        ],
        [
          "t-5",
          0.05305531248450279
        ]
      ],
      "mean_attention": [
        0.037555545568466187,
        0.04137503355741501,
        0.04384726658463478,
        0.04654589295387268,
        0.04839408025145531,
        0.04947006702423096,
        0.050096940249204636,
        0.050440672785043716,
        0.05077282711863518,
        0.05096710845828056,
        0.05116935819387436,
        0.05141983926296234,
        0.05169481784105301,
        0.05234834551811218,
        0.052730415016412735,
        0.05305531248450279,
        0.053488679230213165,
        0.054050736129283905,
        0.05483922362327576,
        0.055737826973199844
      ],
      "std_attention": [
        0.015658428892493248,
        0.01584446243941784,
        0.01598559506237507,
        0.016300911083817482,
        0.016333231702446938,
        0.016216536983847618,
        0.016022441908717155,
        0.01584138348698616,
        0.015842124819755554,
        0.01587139628827572,
        0.01598721742630005,
        0.016240974888205528,
        0.016569701954722404,
        0.017307046800851822,
        0.01793629117310047,
        0.018771054223179817,
        0.020077837631106377,
        0.02190403640270233,
        0.024573558941483498,
        0.027749935165047646
      ]
    },
    "2021": {
      "n_samples": 250,
      "entropy_mean": 2.915578603744507,
      "entropy_std": 0.12434914708137512,
      "attention_concentration": 0.050634175539016724,
      "top_features": [
        [
          "t-1",
          0.0582641139626503
        ],
        [
          "t-2",
          0.05682774633169174
        ],
        [
          "t-3",
          0.05549723654985428
        ],
        [
          "t-4",
          0.05434173718094826
        ],
        [
          "t-5",
          0.05359382927417755
        ]
      ],
      "mean_attention": [
        0.034130942076444626,
        0.039700593799352646,
        0.04292852431535721,
        0.045720424503088,
        0.04776407405734062,
        0.0490715391933918,
        0.049822401255369186,
        0.050288014113903046,
        0.05064767971634865,
        0.05092190206050873,
        0.05124886706471443,
        0.051631852984428406,
        0.05214279517531395,
        0.05248869210481644,
        0.05296697840094566,
        0.05359382927417755,
        0.05434173718094826,
        0.05549723654985428,
        0.05682774633169174,
        0.0582641139626503
      ],
      "std_attention": [
        0.012853728607296944,
        0.01680891588330269,
        0.01803961955010891,
        0.01859976537525654,
        0.018923895433545113,
        0.01889917068183422,
        0.01889600045979023,
        0.018787913024425507,
        0.01884058117866516,
        0.018971718847751617,
        0.019224127754569054,
        0.019458141177892685,
        0.019881470128893852,
        0.020351799204945564,
        0.020999781787395477,
        0.022264575585722923,
        0.02369668520987034,
        0.02772512286901474,
        0.03281836956739426,
        0.03790898993611336
      ]
    },
    "2022": {
      "n_samples": 249,
      "entropy_mean": 2.8671176433563232,
      "entropy_std": 0.11240647733211517,
      "attention_concentration": 0.05174553766846657,
      "top_features": [
        [
          "t-1",
          0.06764642149209976
        ],
        [
          "t-2",
          0.06418795883655548
        ],
        [
          "t-3",
          0.06131749227643013
        ],
        [
          "t-4",
          0.05885652080178261
        ],
        [
          "t-5",
          0.0567898266017437
        ]
      ],
      "mean_attention": [
        0.02651304565370083,
        0.036117345094680786,
        0.04037950932979584,
        0.043416451662778854,
        0.04518762230873108,
        0.04614511877298355,
        0.046897850930690765,
        0.04767017811536789,
        0.048264216631650925,
        0.04899391159415245,
        0.04995626211166382,
        0.05102119594812393,
        0.05213599652051926,
        0.05350890010595322,
        0.05499417334794998,
        0.0567898266017437,
        0.05885652080178261,
        0.06131749227643013,
        0.06418795883655548,
        0.06764642149209976
      ],
      "std_attention": [
        0.018334344029426575,
        0.023231158033013344,
        0.023497043177485466,
        0.022940045222640038,
        0.02187407575547695,
        0.02079167030751705,
        0.019953876733779907,
        0.01967342384159565,
        0.019330039620399475,
        0.01915513537824154,
        0.01941058784723282,
        0.020026320591568947,
        0.02076856978237629,
        0.02195628359913826,
        0.023288588970899582,
        0.02508506178855896,
        0.027885423973202705,
        0.03185826167464256,
        0.036812085658311844,
        0.043897416442632675
      ]
    },
    "2023": {
      "n_samples": 249,
      "entropy_mean": 2.9647603034973145,
      "entropy_std": 0.049993280321359634,
      "attention_concentration": 0.050180286169052124,
      "top_features": [
        [
          "t-14",
          0.051797155290842056
        ],
        [
          "t-13",
          0.051719166338443756
        ],
        [
          "t-1",
          0.051649369299411774
        ],
        [
          "t-12",
          0.05161885544657707
        ],
        [
          "t-11",
          0.051515042781829834
        ]
      ],
      "mean_attention": [
        0.03956690430641174,
        0.04417220130562782,
        0.046906728297472,
        0.04919140413403511,
        0.05066463351249695,
        0.051473915576934814,
        0.051797155290842056,
        0.051719166338443756,
        0.05161885544657707,
        0.051515042781829834,
        0.05131080001592636,
        0.0511111356317997,
        0.05094528570771217,
        0.05084738880395889,
        0.05089797079563141,
        0.05093356966972351,
        0.05106078088283539,
        0.05120636150240898,
        0.05141131579875946,
        0.051649369299411774
      ],
      "std_attention": [
        0.010288993827998638,
        0.011484344489872456,
        0.012073388323187828,
        0.012339793145656586,
        0.012217924930155277,
        0.011944619938731194,
        0.011758201755583286,
        0.011320807039737701,
        0.011244557797908783,
        0.011265587992966175,
        0.011314447037875652,
        0.011437809094786644,
        0.011653248220682144,
        0.011941375210881233,
        0.012345206923782825,
        0.012966837733983994,
        0.013799315318465233,
        0.014845528639853,
        0.016535624861717224,
        0.018389210104942322
      ]
    },
    "2024": {
      "n_samples": 250,
      "entropy_mean": 2.941269636154175,
      "entropy_std": 0.1745731234550476,
      "attention_concentration": 0.05018572136759758,
      "top_features": [
        [
          "t-1",
          0.05480373278260231
        ],
        [
          "t-2",
          0.05411186069250107
        ],
        [
          "t-3",
          0.05349843576550484
        ],
        [
          "t-4",
          0.052949756383895874
        ],
        [
          "t-5",
          0.05240698158740997
        ]
      ],