
[INFO] MPS detected but upsample ops unsupported, using CPU for stability.

[INFO] Patched matplotlib.Axes.errorbar to abs() negative yerr for robustness.
======================================================================
Training TFT: 11_staleness_attention/weekly_baseline_no_staleness
======================================================================
Logging to: experiments/11_staleness_attention/weekly_baseline_no_staleness/training_20251211_134653.log
Started at: 2025-12-11 13:46:54
======================================================================

Loading data splits...
Train: 1269 samples
Val: 272 samples
Test: 273 samples

Preparing TimeSeriesDataSet...

Dropping source columns (used for staleness only): ['CPI']

Final features for TFT: ['SP500_Returns', 'VIX', 'Treasury_10Y', 'Yield_Spread', 'Inflation_YoY']

======================================================================
FEATURE STATISTICS - BEFORE NORMALIZATION
======================================================================
VIX                             mean= 19.7566  std=  7.9591  min=  9.9050  max= 72.9160
Treasury_10Y                    mean=  4.7641  std=  1.6888  min=  1.4700  max=  8.3400
Yield_Spread                    mean=  1.2798  std=  0.9180  min= -0.5200  max=  2.9100
Inflation_YoY                   mean=  2.5388  std=  1.1868  min= -2.1498  max=  6.7300

======================================================================
FEATURES AFTER GROUPNORMALIZER (first batch, last timestep)
======================================================================
VIX                             normalized_value=  1.0000
Treasury_10Y                    normalized_value= -0.0833
Yield_Spread                    normalized_value=  1.9632
Inflation_YoY                   normalized_value= -0.0972
======================================================================

Configuration saved to: experiments/11_staleness_attention/weekly_baseline_no_staleness/config.json
[DEBUG] VIX train values: [31.318 31.68  23.47  21.908 22.596]
[DEBUG] VIX val values: [14.06  13.318 12.54  13.62  14.158]
Batches per epoch: 78
[DEBUG] Validation batches: 17
[DEBUG] Validation dataset size: 260
[DEBUG] Batch size: 16

Initializing model...

Quantile configuration: 7q
  Quantiles: [0.02, 0.1, 0.25, 0.5, 0.75, 0.9, 0.98]
  Output size: 7
  Median index: 3

Using standard QuantileLoss (no penalties)

[REGIME OUTPUT] Disabled (using baseline output layer)

[STALENESS ATTENTION] Disabled

================================================================================
BASELINE MODEL FEATURE CONFIGURATION (after from_dataset)
================================================================================
tft.hparams.time_varying_reals_encoder: ['relative_time_idx', 'VIX', 'Treasury_10Y', 'Yield_Spread', 'Inflation_YoY']
  Count: 5

tft.hparams.time_varying_reals_decoder: ['relative_time_idx']
  Count: 1

tft.hparams.x_reals (all reals passed to model): ['encoder_length', 'relative_time_idx', 'VIX', 'Treasury_10Y', 'Yield_Spread', 'Inflation_YoY']
  Count: 6

Encoder VSN configuration:
  num_inputs: 5
  input_sizes: {'relative_time_idx': 16, 'VIX': 16, 'Treasury_10Y': 16, 'Yield_Spread': 16, 'Inflation_YoY': 16}
  flattened_grn.fc1: in_features=80, out_features=5
  -> Params in fc1: 400 (should be 5*16*5=400 if 5 features)
================================================================================

Model parameters: 22,615

Starting training...
Checkpoints will be saved to: experiments/11_staleness_attention/weekly_baseline_no_staleness/checkpoints/
Logs will be saved to: experiments/11_staleness_attention/weekly_baseline_no_staleness/logs/

[DEBUG CollapseMonitor] on_validation_epoch_start called for epoch 0
[DEBUG CollapseMonitor] reset_temporal_state() called on loss function
Epoch 0: val_loss=N/A
[DEBUG CollapseMonitor] on_validation_epoch_start called for epoch 0
[DEBUG CollapseMonitor] reset_temporal_state() called on loss function
Epoch 0: val_loss=1.3622307777404785
Epoch 0: train_loss=1.4451063871383667

[CollapseMonitor] Epoch 0
  [DEBUG] Processed 17 batches from val_dataloader
  [DEBUG] Predictions shape after concat: (260,)
  Pred std: 0.061313, range: 0.244664, mean: 0.269326
  Pos: 100.0%, Neg: 0.0%, Unique: 259
  Dir Acc: 60.77%, Pred Sharpe: 69.7312
  Composite: 0.4885 (dist_match: 0.6077, actual_pos: 60.8%, pred_pos: 100.0%)
  Collapse penalty: 0.000000 (threshold: 0.005000)
  Saved validation predictions to: experiments/11_staleness_attention/weekly_baseline_no_staleness/collapse_monitoring/val_predictions_epoch0.npy
  Gradient norms:
    lstm_encoder: 0.022159
    lstm_decoder: 0.028542
    output_layer: 1.324471
  VSN output std:
    encoder: 0.163175
  Attention entropy: 2.478245
  Saved to: experiments/11_staleness_attention/weekly_baseline_no_staleness/collapse_monitoring/collapse_monitor_latest.json
[DEBUG CollapseMonitor] on_validation_epoch_start called for epoch 1
[DEBUG CollapseMonitor] reset_temporal_state() called on loss function
Epoch 1: val_loss=1.1721303462982178
Epoch 1: train_loss=1.2841174602508545

[CollapseMonitor] Epoch 1
  [DEBUG] Processed 17 batches from val_dataloader
  [DEBUG] Predictions shape after concat: (260,)
  Pred std: 0.049009, range: 0.189755, mean: 0.219477
  Pos: 100.0%, Neg: 0.0%, Unique: 258
  Dir Acc: 60.77%, Pred Sharpe: 71.0913
  Composite: 0.4885 (dist_match: 0.6077, actual_pos: 60.8%, pred_pos: 100.0%)
  Collapse penalty: 0.000000 (threshold: 0.005000)
  Saved validation predictions to: experiments/11_staleness_attention/weekly_baseline_no_staleness/collapse_monitoring/val_predictions_epoch1.npy
  Gradient norms:
    lstm_encoder: 0.019849
    lstm_decoder: 0.023561
    output_layer: 1.120657
  VSN output std:
    encoder: 0.164201
  Attention entropy: 2.478590
  Saved to: experiments/11_staleness_attention/weekly_baseline_no_staleness/collapse_monitoring/collapse_monitor_latest.json
[DEBUG CollapseMonitor] on_validation_epoch_start called for epoch 2
[DEBUG CollapseMonitor] reset_temporal_state() called on loss function
Epoch 2: val_loss=1.0556367635726929
Epoch 2: train_loss=1.1280924081802368

[CollapseMonitor] Epoch 2
  [DEBUG] Processed 17 batches from val_dataloader
  [DEBUG] Predictions shape after concat: (260,)
  Pred std: 0.038405, range: 0.169419, mean: 0.122751
  Pos: 100.0%, Neg: 0.0%, Unique: 260
  Dir Acc: 60.77%, Pred Sharpe: 50.7386
  Composite: 0.4885 (dist_match: 0.6077, actual_pos: 60.8%, pred_pos: 100.0%)
  Collapse penalty: 0.000000 (threshold: 0.005000)
  Saved validation predictions to: experiments/11_staleness_attention/weekly_baseline_no_staleness/collapse_monitoring/val_predictions_epoch2.npy
  Gradient norms:
    lstm_encoder: 0.017593
    lstm_decoder: 0.018105
    output_layer: 0.865700
  VSN output std:
    encoder: 0.164022
  Attention entropy: 2.480743
  Saved to: experiments/11_staleness_attention/weekly_baseline_no_staleness/collapse_monitoring/collapse_monitor_latest.json
[DEBUG CollapseMonitor] on_validation_epoch_start called for epoch 3
[DEBUG CollapseMonitor] reset_temporal_state() called on loss function
Epoch 3: val_loss=1.0022050142288208
Epoch 3: train_loss=1.039697527885437

[CollapseMonitor] Epoch 3
  [DEBUG] Processed 17 batches from val_dataloader
  [DEBUG] Predictions shape after concat: (260,)
  Pred std: 0.038217, range: 0.177961, mean: 0.216379
  Pos: 100.0%, Neg: 0.0%, Unique: 258
  Dir Acc: 60.77%, Pred Sharpe: 89.8782
  Composite: 0.4885 (dist_match: 0.6077, actual_pos: 60.8%, pred_pos: 100.0%)
  Collapse penalty: 0.000000 (threshold: 0.005000)
  Saved validation predictions to: experiments/11_staleness_attention/weekly_baseline_no_staleness/collapse_monitoring/val_predictions_epoch3.npy
  Gradient norms:
    lstm_encoder: 0.014361
    lstm_decoder: 0.013508
    output_layer: 0.589510
  VSN output std:
    encoder: 0.166291
  Attention entropy: 2.481683
  Saved to: experiments/11_staleness_attention/weekly_baseline_no_staleness/collapse_monitoring/collapse_monitor_latest.json
[DEBUG CollapseMonitor] on_validation_epoch_start called for epoch 4
[DEBUG CollapseMonitor] reset_temporal_state() called on loss function
Epoch 4: val_loss=0.9838623404502869
Epoch 4: train_loss=0.9773118495941162

[CollapseMonitor] Epoch 4
  [DEBUG] Processed 17 batches from val_dataloader
  [DEBUG] Predictions shape after concat: (260,)
  Pred std: 0.035680, range: 0.170159, mean: 0.118180
  Pos: 100.0%, Neg: 0.0%, Unique: 260
  Dir Acc: 60.77%, Pred Sharpe: 52.5799
  Composite: 0.4885 (dist_match: 0.6077, actual_pos: 60.8%, pred_pos: 100.0%)
  Collapse penalty: 0.000000 (threshold: 0.005000)
  Saved validation predictions to: experiments/11_staleness_attention/weekly_baseline_no_staleness/collapse_monitoring/val_predictions_epoch4.npy
  Gradient norms:
    lstm_encoder: 0.012751
    lstm_decoder: 0.012021
    output_layer: 0.470485
  VSN output std:
    encoder: 0.168099
  Attention entropy: 2.481943
  Saved to: experiments/11_staleness_attention/weekly_baseline_no_staleness/collapse_monitoring/collapse_monitor_latest.json
[DEBUG CollapseMonitor] on_validation_epoch_start called for epoch 5
[DEBUG CollapseMonitor] reset_temporal_state() called on loss function
Epoch 5: val_loss=0.9712364673614502
Epoch 5: train_loss=0.96759432554245

[CollapseMonitor] Epoch 5
  [DEBUG] Processed 17 batches from val_dataloader
  [DEBUG] Predictions shape after concat: (260,)
  Pred std: 0.033042, range: 0.158152, mean: 0.237047
  Pos: 100.0%, Neg: 0.0%, Unique: 260
  Dir Acc: 60.77%, Pred Sharpe: 113.8851
  Composite: 0.4885 (dist_match: 0.6077, actual_pos: 60.8%, pred_pos: 100.0%)
  Collapse penalty: 0.000000 (threshold: 0.005000)
  Saved validation predictions to: experiments/11_staleness_attention/weekly_baseline_no_staleness/collapse_monitoring/val_predictions_epoch5.npy
  Gradient norms:
    lstm_encoder: 0.011416
    lstm_decoder: 0.010794
    output_layer: 0.409430
  VSN output std:
    encoder: 0.156742
  Attention entropy: 2.481900
  Saved to: experiments/11_staleness_attention/weekly_baseline_no_staleness/collapse_monitoring/collapse_monitor_latest.json
[DEBUG CollapseMonitor] on_validation_epoch_start called for epoch 6
[DEBUG CollapseMonitor] reset_temporal_state() called on loss function
Epoch 6: val_loss=0.9634707570075989
Epoch 6: train_loss=0.9592909216880798

[CollapseMonitor] Epoch 6
  [DEBUG] Processed 17 batches from val_dataloader
  [DEBUG] Predictions shape after concat: (260,)
  Pred std: 0.029604, range: 0.145811, mean: 0.246503
  Pos: 100.0%, Neg: 0.0%, Unique: 260
  Dir Acc: 60.77%, Pred Sharpe: 132.1828
  Composite: 0.4885 (dist_match: 0.6077, actual_pos: 60.8%, pred_pos: 100.0%)
  Collapse penalty: 0.000000 (threshold: 0.005000)
  Saved validation predictions to: experiments/11_staleness_attention/weekly_baseline_no_staleness/collapse_monitoring/val_predictions_epoch6.npy
  Gradient norms:
    lstm_encoder: 0.010624
    lstm_decoder: 0.010735
    output_layer: 0.397725
  VSN output std:
    encoder: 0.155137
  Attention entropy: 2.482490
  Saved to: experiments/11_staleness_attention/weekly_baseline_no_staleness/collapse_monitoring/collapse_monitor_latest.json
[DEBUG CollapseMonitor] on_validation_epoch_start called for epoch 7
[DEBUG CollapseMonitor] reset_temporal_state() called on loss function
Epoch 7: val_loss=0.9612202048301697
Epoch 7: train_loss=0.9527693390846252

[CollapseMonitor] Epoch 7
  [DEBUG] Processed 17 batches from val_dataloader
  [DEBUG] Predictions shape after concat: (260,)
  Pred std: 0.027211, range: 0.136849, mean: 0.189064
  Pos: 100.0%, Neg: 0.0%, Unique: 260
  Dir Acc: 60.77%, Pred Sharpe: 110.2992
  Composite: 0.4885 (dist_match: 0.6077, actual_pos: 60.8%, pred_pos: 100.0%)
  Collapse penalty: 0.000000 (threshold: 0.005000)
  Saved validation predictions to: experiments/11_staleness_attention/weekly_baseline_no_staleness/collapse_monitoring/val_predictions_epoch7.npy
  Gradient norms:
    lstm_encoder: 0.011240
    lstm_decoder: 0.011477
    output_layer: 0.418399
  VSN output std:
    encoder: 0.156147
  Attention entropy: 2.482284
  Saved to: experiments/11_staleness_attention/weekly_baseline_no_staleness/collapse_monitoring/collapse_monitor_latest.json
[DEBUG CollapseMonitor] on_validation_epoch_start called for epoch 8
[DEBUG CollapseMonitor] reset_temporal_state() called on loss function
Epoch 8: val_loss=0.9587526917457581
Epoch 8: train_loss=0.9454993009567261

[CollapseMonitor] Epoch 8
  [DEBUG] Processed 17 batches from val_dataloader
  [DEBUG] Predictions shape after concat: (260,)
  Pred std: 0.025180, range: 0.124875, mean: 0.246773
  Pos: 100.0%, Neg: 0.0%, Unique: 260
  Dir Acc: 60.77%, Pred Sharpe: 155.5749
  Composite: 0.4885 (dist_match: 0.6077, actual_pos: 60.8%, pred_pos: 100.0%)
  Collapse penalty: 0.000000 (threshold: 0.005000)
  Saved validation predictions to: experiments/11_staleness_attention/weekly_baseline_no_staleness/collapse_monitoring/val_predictions_epoch8.npy
  Gradient norms:
    lstm_encoder: 0.010634
    lstm_decoder: 0.010480
    output_layer: 0.378315
  VSN output std:
    encoder: 0.156873
  Attention entropy: 2.482285
  Saved to: experiments/11_staleness_attention/weekly_baseline_no_staleness/collapse_monitoring/collapse_monitor_latest.json
[DEBUG CollapseMonitor] on_validation_epoch_start called for epoch 9
[DEBUG CollapseMonitor] reset_temporal_state() called on loss function
Epoch 9: val_loss=0.9599014520645142
Epoch 9: train_loss=0.9504977464675903

[CollapseMonitor] Epoch 9
  [DEBUG] Processed 17 batches from val_dataloader
  [DEBUG] Predictions shape after concat: (260,)
  Pred std: 0.024757, range: 0.118262, mean: 0.157406
  Pos: 100.0%, Neg: 0.0%, Unique: 260
  Dir Acc: 60.77%, Pred Sharpe: 100.9306
  Composite: 0.4885 (dist_match: 0.6077, actual_pos: 60.8%, pred_pos: 100.0%)
  Collapse penalty: 0.000000 (threshold: 0.005000)
  Saved validation predictions to: experiments/11_staleness_attention/weekly_baseline_no_staleness/collapse_monitoring/val_predictions_epoch9.npy
  Gradient norms:
    lstm_encoder: 0.010621
    lstm_decoder: 0.010134
    output_layer: 0.370740
  VSN output std:
    encoder: 0.157026
  Attention entropy: 2.482101
  Saved to: experiments/11_staleness_attention/weekly_baseline_no_staleness/collapse_monitoring/collapse_monitor_latest.json
[DEBUG CollapseMonitor] on_validation_epoch_start called for epoch 10
[DEBUG CollapseMonitor] reset_temporal_state() called on loss function
Epoch 10: val_loss=0.9594696760177612
Epoch 10: train_loss=0.9443762302398682

[CollapseMonitor] Epoch 10
  [DEBUG] Processed 17 batches from val_dataloader
  [DEBUG] Predictions shape after concat: (260,)
  Pred std: 0.020809, range: 0.097363, mean: 0.147050
  Pos: 100.0%, Neg: 0.0%, Unique: 260
  Dir Acc: 60.77%, Pred Sharpe: 112.1785
  Composite: 0.4885 (dist_match: 0.6077, actual_pos: 60.8%, pred_pos: 100.0%)
  Collapse penalty: 0.000000 (threshold: 0.005000)
  Saved validation predictions to: experiments/11_staleness_attention/weekly_baseline_no_staleness/collapse_monitoring/val_predictions_epoch10.npy
  Gradient norms:
    lstm_encoder: 0.011460
    lstm_decoder: 0.011002
    output_layer: 0.415768
  VSN output std:
    encoder: 0.155823
  Attention entropy: 2.482498
  Saved to: experiments/11_staleness_attention/weekly_baseline_no_staleness/collapse_monitoring/collapse_monitor_latest.json
[DEBUG CollapseMonitor] on_validation_epoch_start called for epoch 11
[DEBUG CollapseMonitor] reset_temporal_state() called on loss function
Epoch 11: val_loss=0.9558185338973999
Epoch 11: train_loss=0.9388023018836975

[CollapseMonitor] Epoch 11
  [DEBUG] Processed 17 batches from val_dataloader
  [DEBUG] Predictions shape after concat: (260,)
  Pred std: 0.017740, range: 0.083162, mean: 0.189972
  Pos: 100.0%, Neg: 0.0%, Unique: 260
  Dir Acc: 60.77%, Pred Sharpe: 169.9923
  Composite: 0.4885 (dist_match: 0.6077, actual_pos: 60.8%, pred_pos: 100.0%)
  Collapse penalty: 0.000000 (threshold: 0.005000)
  Saved validation predictions to: experiments/11_staleness_attention/weekly_baseline_no_staleness/collapse_monitoring/val_predictions_epoch11.npy
  Gradient norms:
    lstm_encoder: 0.010699
    lstm_decoder: 0.009936
    output_layer: 0.365783
  VSN output std:
    encoder: 0.155472
  Attention entropy: 2.481757
  Saved to: experiments/11_staleness_attention/weekly_baseline_no_staleness/collapse_monitoring/collapse_monitor_latest.json
[DEBUG CollapseMonitor] on_validation_epoch_start called for epoch 12
[DEBUG CollapseMonitor] reset_temporal_state() called on loss function
Epoch 12: val_loss=0.9567944407463074
Epoch 12: train_loss=0.9316471815109253

[CollapseMonitor] Epoch 12
  [DEBUG] Processed 17 batches from val_dataloader
  [DEBUG] Predictions shape after concat: (260,)
  Pred std: 0.015629, range: 0.068525, mean: 0.230266
  Pos: 100.0%, Neg: 0.0%, Unique: 260
  Dir Acc: 60.77%, Pred Sharpe: 233.8900
  Composite: 0.4885 (dist_match: 0.6077, actual_pos: 60.8%, pred_pos: 100.0%)
  Collapse penalty: 0.000000 (threshold: 0.005000)
  Saved validation predictions to: experiments/11_staleness_attention/weekly_baseline_no_staleness/collapse_monitoring/val_predictions_epoch12.npy
  Gradient norms:
    lstm_encoder: 0.011406
    lstm_decoder: 0.010559
    output_layer: 0.395124
  VSN output std:
    encoder: 0.155535
  Attention entropy: 2.480590
  Saved to: experiments/11_staleness_attention/weekly_baseline_no_staleness/collapse_monitoring/collapse_monitor_latest.json
[DEBUG CollapseMonitor] on_validation_epoch_start called for epoch 13
[DEBUG CollapseMonitor] reset_temporal_state() called on loss function
Epoch 13: val_loss=0.9536473155021667
Epoch 13: train_loss=0.9354383945465088

[CollapseMonitor] Epoch 13
  [DEBUG] Processed 17 batches from val_dataloader
  [DEBUG] Predictions shape after concat: (260,)
  Pred std: 0.015482, range: 0.071781, mean: 0.345719
  Pos: 100.0%, Neg: 0.0%, Unique: 260
  Dir Acc: 60.77%, Pred Sharpe: 354.4770
  Composite: 0.4885 (dist_match: 0.6077, actual_pos: 60.8%, pred_pos: 100.0%)
  Collapse penalty: 0.000000 (threshold: 0.005000)
  Saved validation predictions to: experiments/11_staleness_attention/weekly_baseline_no_staleness/collapse_monitoring/val_predictions_epoch13.npy
  Gradient norms:
    lstm_encoder: 0.011036
    lstm_decoder: 0.010005
    output_layer: 0.382182
  VSN output std:
    encoder: 0.158884
  Attention entropy: 2.475718
  Saved to: experiments/11_staleness_attention/weekly_baseline_no_staleness/collapse_monitoring/collapse_monitor_latest.json
[DEBUG CollapseMonitor] on_validation_epoch_start called for epoch 14
[DEBUG CollapseMonitor] reset_temporal_state() called on loss function
Epoch 14: val_loss=0.9518342614173889
Epoch 14: train_loss=0.9367555379867554

[CollapseMonitor] Epoch 14
  [DEBUG] Processed 17 batches from val_dataloader
  [DEBUG] Predictions shape after concat: (260,)
  Pred std: 0.013199, range: 0.068390, mean: 0.308242
  Pos: 100.0%, Neg: 0.0%, Unique: 260
  Dir Acc: 60.77%, Pred Sharpe: 370.7325
  Composite: 0.4885 (dist_match: 0.6077, actual_pos: 60.8%, pred_pos: 100.0%)
  Collapse penalty: 0.000000 (threshold: 0.005000)
  Saved validation predictions to: experiments/11_staleness_attention/weekly_baseline_no_staleness/collapse_monitoring/val_predictions_epoch14.npy
  Gradient norms:
    lstm_encoder: 0.011942
    lstm_decoder: 0.010390
    output_layer: 0.366280
  VSN output std:
    encoder: 0.160780
  Attention entropy: 2.467538
  Saved to: experiments/11_staleness_attention/weekly_baseline_no_staleness/collapse_monitoring/collapse_monitor_latest.json
[DEBUG CollapseMonitor] on_validation_epoch_start called for epoch 15
[DEBUG CollapseMonitor] reset_temporal_state() called on loss function
Epoch 15: val_loss=0.9496557712554932
Epoch 15: train_loss=0.9332279562950134

[CollapseMonitor] Epoch 15
  [DEBUG] Processed 17 batches from val_dataloader
  [DEBUG] Predictions shape after concat: (260,)
  Pred std: 0.014509, range: 0.082108, mean: 0.247651
  Pos: 100.0%, Neg: 0.0%, Unique: 258
  Dir Acc: 60.77%, Pred Sharpe: 270.9597
  Composite: 0.4885 (dist_match: 0.6077, actual_pos: 60.8%, pred_pos: 100.0%)
  Collapse penalty: 0.000000 (threshold: 0.005000)
  Saved validation predictions to: experiments/11_staleness_attention/weekly_baseline_no_staleness/collapse_monitoring/val_predictions_epoch15.npy
  Gradient norms:
    lstm_encoder: 0.012503
    lstm_decoder: 0.010080
    output_layer: 0.343952
  VSN output std:
    encoder: 0.187221
  Attention entropy: 2.447844
  Saved to: experiments/11_staleness_attention/weekly_baseline_no_staleness/collapse_monitoring/collapse_monitor_latest.json
[DEBUG CollapseMonitor] on_validation_epoch_start called for epoch 16
[DEBUG CollapseMonitor] reset_temporal_state() called on loss function
Epoch 16: val_loss=0.9458140134811401
Epoch 16: train_loss=0.9311636090278625

[CollapseMonitor] Epoch 16
  [DEBUG] Processed 17 batches from val_dataloader
  [DEBUG] Predictions shape after concat: (260,)
  Pred std: 0.018998, range: 0.099123, mean: 0.260718
  Pos: 100.0%, Neg: 0.0%, Unique: 260
  Dir Acc: 60.77%, Pred Sharpe: 217.8510
  Composite: 0.4885 (dist_match: 0.6077, actual_pos: 60.8%, pred_pos: 100.0%)
  Collapse penalty: 0.000000 (threshold: 0.005000)
  Saved validation predictions to: experiments/11_staleness_attention/weekly_baseline_no_staleness/collapse_monitoring/val_predictions_epoch16.npy
  Gradient norms:
    lstm_encoder: 0.014174
    lstm_decoder: 0.011019
    output_layer: 0.385439
  VSN output std:
    encoder: 0.192082
  Attention entropy: 2.429628
  Saved to: experiments/11_staleness_attention/weekly_baseline_no_staleness/collapse_monitoring/collapse_monitor_latest.json
[DEBUG CollapseMonitor] on_validation_epoch_start called for epoch 17
[DEBUG CollapseMonitor] reset_temporal_state() called on loss function
Epoch 17: val_loss=0.9401505589485168
Epoch 17: train_loss=0.9279003739356995

[CollapseMonitor] Epoch 17
  [DEBUG] Processed 17 batches from val_dataloader
  [DEBUG] Predictions shape after concat: (260,)
  Pred std: 0.031984, range: 0.156968, mean: 0.286803
  Pos: 100.0%, Neg: 0.0%, Unique: 260
  Dir Acc: 60.77%, Pred Sharpe: 142.3466
  Composite: 0.4885 (dist_match: 0.6077, actual_pos: 60.8%, pred_pos: 100.0%)
  Collapse penalty: 0.000000 (threshold: 0.005000)
  Saved validation predictions to: experiments/11_staleness_attention/weekly_baseline_no_staleness/collapse_monitoring/val_predictions_epoch17.npy
  Gradient norms:
    lstm_encoder: 0.015325
    lstm_decoder: 0.011335
    output_layer: 0.368504
  VSN output std:
    encoder: 0.184398
  Attention entropy: 2.385408
  Saved to: experiments/11_staleness_attention/weekly_baseline_no_staleness/collapse_monitoring/collapse_monitor_latest.json
[DEBUG CollapseMonitor] on_validation_epoch_start called for epoch 18
[DEBUG CollapseMonitor] reset_temporal_state() called on loss function
Epoch 18: val_loss=0.935982882976532
Epoch 18: train_loss=0.9224569797515869

[CollapseMonitor] Epoch 18
  [DEBUG] Processed 17 batches from val_dataloader
  [DEBUG] Predictions shape after concat: (260,)
  Pred std: 0.019152, range: 0.141227, mean: 0.288943
  Pos: 100.0%, Neg: 0.0%, Unique: 260
  Dir Acc: 60.77%, Pred Sharpe: 239.4981
  Composite: 0.4885 (dist_match: 0.6077, actual_pos: 60.8%, pred_pos: 100.0%)
  Collapse penalty: 0.000000 (threshold: 0.005000)
  Saved validation predictions to: experiments/11_staleness_attention/weekly_baseline_no_staleness/collapse_monitoring/val_predictions_epoch18.npy
  Gradient norms:
    lstm_encoder: 0.016329
    lstm_decoder: 0.011823
    output_layer: 0.380733
  VSN output std:
    encoder: 0.181480
  Attention entropy: 2.348405
  Saved to: experiments/11_staleness_attention/weekly_baseline_no_staleness/collapse_monitoring/collapse_monitor_latest.json
[DEBUG CollapseMonitor] on_validation_epoch_start called for epoch 19
[DEBUG CollapseMonitor] reset_temporal_state() called on loss function
Epoch 19: val_loss=0.9330930709838867
Epoch 19: train_loss=0.9156836271286011

[CollapseMonitor] Epoch 19
  [DEBUG] Processed 17 batches from val_dataloader
  [DEBUG] Predictions shape after concat: (260,)
  Pred std: 0.034796, range: 0.171249, mean: 0.285524
  Pos: 100.0%, Neg: 0.0%, Unique: 259
  Dir Acc: 60.77%, Pred Sharpe: 130.2605
  Composite: 0.4885 (dist_match: 0.6077, actual_pos: 60.8%, pred_pos: 100.0%)
  Collapse penalty: 0.000000 (threshold: 0.005000)
  Saved validation predictions to: experiments/11_staleness_attention/weekly_baseline_no_staleness/collapse_monitoring/val_predictions_epoch19.npy
  Gradient norms:
    lstm_encoder: 0.017275
    lstm_decoder: 0.012669
    output_layer: 0.406593
  VSN output std:
    encoder: 0.175409
  Attention entropy: 2.304610
  Saved to: experiments/11_staleness_attention/weekly_baseline_no_staleness/collapse_monitoring/collapse_monitor_latest.json
[DEBUG CollapseMonitor] on_validation_epoch_start called for epoch 20
[DEBUG CollapseMonitor] reset_temporal_state() called on loss function
Epoch 20: val_loss=0.9299613833427429
Epoch 20: train_loss=0.9083618521690369

[CollapseMonitor] Epoch 20
  [DEBUG] Processed 17 batches from val_dataloader
  [DEBUG] Predictions shape after concat: (260,)
  Pred std: 0.025168, range: 0.172008, mean: 0.236017
  Pos: 100.0%, Neg: 0.0%, Unique: 259
  Dir Acc: 60.77%, Pred Sharpe: 148.8667
  Composite: 0.4885 (dist_match: 0.6077, actual_pos: 60.8%, pred_pos: 100.0%)
  Collapse penalty: 0.000000 (threshold: 0.005000)
  Saved validation predictions to: experiments/11_staleness_attention/weekly_baseline_no_staleness/collapse_monitoring/val_predictions_epoch20.npy
  Gradient norms:
    lstm_encoder: 0.017175
    lstm_decoder: 0.013063
    output_layer: 0.395203
  VSN output std:
    encoder: 0.175944
  Attention entropy: 2.330075
  Saved to: experiments/11_staleness_attention/weekly_baseline_no_staleness/collapse_monitoring/collapse_monitor_latest.json
[DEBUG CollapseMonitor] on_validation_epoch_start called for epoch 21
[DEBUG CollapseMonitor] reset_temporal_state() called on loss function
Epoch 21: val_loss=0.9282734394073486
Epoch 21: train_loss=0.9145337343215942

[CollapseMonitor] Epoch 21
  [DEBUG] Processed 17 batches from val_dataloader
  [DEBUG] Predictions shape after concat: (260,)
  Pred std: 0.062837, range: 0.204057, mean: 0.269298
  Pos: 100.0%, Neg: 0.0%, Unique: 259
  Dir Acc: 60.77%, Pred Sharpe: 68.0325
  Composite: 0.4885 (dist_match: 0.6077, actual_pos: 60.8%, pred_pos: 100.0%)
  Collapse penalty: 0.000000 (threshold: 0.005000)
  Saved validation predictions to: experiments/11_staleness_attention/weekly_baseline_no_staleness/collapse_monitoring/val_predictions_epoch21.npy
  Gradient norms:
    lstm_encoder: 0.018428
    lstm_decoder: 0.012900
    output_layer: 0.369115
  VSN output std:
    encoder: 0.169928
  Attention entropy: 2.340717
  Saved to: experiments/11_staleness_attention/weekly_baseline_no_staleness/collapse_monitoring/collapse_monitor_latest.json
[DEBUG CollapseMonitor] on_validation_epoch_start called for epoch 22
[DEBUG CollapseMonitor] reset_temporal_state() called on loss function
Epoch 22: val_loss=0.9294044971466064
Epoch 22: train_loss=0.9079176187515259

[CollapseMonitor] Epoch 22
  [DEBUG] Processed 17 batches from val_dataloader
  [DEBUG] Predictions shape after concat: (260,)
  Pred std: 0.043702, range: 0.184200, mean: 0.257994
  Pos: 100.0%, Neg: 0.0%, Unique: 257
  Dir Acc: 60.77%, Pred Sharpe: 93.7145
  Composite: 0.4885 (dist_match: 0.6077, actual_pos: 60.8%, pred_pos: 100.0%)
  Collapse penalty: 0.000000 (threshold: 0.005000)
  Saved validation predictions to: experiments/11_staleness_attention/weekly_baseline_no_staleness/collapse_monitoring/val_predictions_epoch22.npy
  Gradient norms:
    lstm_encoder: 0.017820
    lstm_decoder: 0.013238
    output_layer: 0.382090
  VSN output std:
    encoder: 0.173104
  Attention entropy: 2.388072
  Saved to: experiments/11_staleness_attention/weekly_baseline_no_staleness/collapse_monitoring/collapse_monitor_latest.json
[DEBUG CollapseMonitor] on_validation_epoch_start called for epoch 23
[DEBUG CollapseMonitor] reset_temporal_state() called on loss function
Epoch 23: val_loss=0.9284619688987732
Epoch 23: train_loss=0.9111148118972778

[CollapseMonitor] Epoch 23
  [DEBUG] Processed 17 batches from val_dataloader
  [DEBUG] Predictions shape after concat: (260,)
  Pred std: 0.033059, range: 0.167733, mean: 0.305013
  Pos: 100.0%, Neg: 0.0%, Unique: 257
  Dir Acc: 60.77%, Pred Sharpe: 146.4626
  Composite: 0.4885 (dist_match: 0.6077, actual_pos: 60.8%, pred_pos: 100.0%)
  Collapse penalty: 0.000000 (threshold: 0.005000)
  Saved validation predictions to: experiments/11_staleness_attention/weekly_baseline_no_staleness/collapse_monitoring/val_predictions_epoch23.npy
  Gradient norms:
    lstm_encoder: 0.018807
    lstm_decoder: 0.012832
    output_layer: 0.355241
  VSN output std:
    encoder: 0.171901
  Attention entropy: 2.395942
  Saved to: experiments/11_staleness_attention/weekly_baseline_no_staleness/collapse_monitoring/collapse_monitor_latest.json
[DEBUG CollapseMonitor] on_validation_epoch_start called for epoch 24
[DEBUG CollapseMonitor] reset_temporal_state() called on loss function
Epoch 24: val_loss=0.9290069937705994
Epoch 24: train_loss=0.9088699221611023

[CollapseMonitor] Epoch 24
  [DEBUG] Processed 17 batches from val_dataloader
  [DEBUG] Predictions shape after concat: (260,)
  Pred std: 0.026783, range: 0.146726, mean: 0.320196
  Pos: 100.0%, Neg: 0.0%, Unique: 260
  Dir Acc: 60.77%, Pred Sharpe: 189.7845
  Composite: 0.4885 (dist_match: 0.6077, actual_pos: 60.8%, pred_pos: 100.0%)
  Collapse penalty: 0.000000 (threshold: 0.005000)
  Saved validation predictions to: experiments/11_staleness_attention/weekly_baseline_no_staleness/collapse_monitoring/val_predictions_epoch24.npy
  Gradient norms:
    lstm_encoder: 0.018975
    lstm_decoder: 0.013321
    output_layer: 0.378732
  VSN output std:
    encoder: 0.173143
  Attention entropy: 2.417491
  Saved to: experiments/11_staleness_attention/weekly_baseline_no_staleness/collapse_monitoring/collapse_monitor_latest.json
[DEBUG CollapseMonitor] on_validation_epoch_start called for epoch 25
[DEBUG CollapseMonitor] reset_temporal_state() called on loss function
Epoch 25: val_loss=0.9300742745399475
Epoch 25: train_loss=0.9038649201393127

[CollapseMonitor] Epoch 25
  [DEBUG] Processed 17 batches from val_dataloader
  [DEBUG] Predictions shape after concat: (260,)
  Pred std: 0.039984, range: 0.187645, mean: 0.336170
  Pos: 100.0%, Neg: 0.0%, Unique: 260
  Dir Acc: 60.77%, Pred Sharpe: 133.4682
  Composite: 0.4885 (dist_match: 0.6077, actual_pos: 60.8%, pred_pos: 100.0%)
  Collapse penalty: 0.000000 (threshold: 0.005000)
  Saved validation predictions to: experiments/11_staleness_attention/weekly_baseline_no_staleness/collapse_monitoring/val_predictions_epoch25.npy
  Gradient norms:
    lstm_encoder: 0.019533
    lstm_decoder: 0.013388
    output_layer: 0.361578
  VSN output std:
    encoder: 0.172734
  Attention entropy: 2.426013
  Saved to: experiments/11_staleness_attention/weekly_baseline_no_staleness/collapse_monitoring/collapse_monitor_latest.json
[DEBUG CollapseMonitor] on_validation_epoch_start called for epoch 26
[DEBUG CollapseMonitor] reset_temporal_state() called on loss function
Epoch 26: val_loss=0.9315998554229736
Epoch 26: train_loss=0.907783031463623

[CollapseMonitor] Epoch 26
  [DEBUG] Processed 17 batches from val_dataloader
  [DEBUG] Predictions shape after concat: (260,)
  Pred std: 0.032200, range: 0.179931, mean: 0.199216
  Pos: 100.0%, Neg: 0.0%, Unique: 258
  Dir Acc: 60.77%, Pred Sharpe: 98.2125
  Composite: 0.4885 (dist_match: 0.6077, actual_pos: 60.8%, pred_pos: 100.0%)
  Collapse penalty: 0.000000 (threshold: 0.005000)
  Saved validation predictions to: experiments/11_staleness_attention/weekly_baseline_no_staleness/collapse_monitoring/val_predictions_epoch26.npy
  Gradient norms:
    lstm_encoder: 0.020040
    lstm_decoder: 0.013932
    output_layer: 0.378599
  VSN output std:
    encoder: 0.171079
  Attention entropy: 2.444535
  Saved to: experiments/11_staleness_attention/weekly_baseline_no_staleness/collapse_monitoring/collapse_monitor_latest.json
[DEBUG CollapseMonitor] on_validation_epoch_start called for epoch 27
[DEBUG CollapseMonitor] reset_temporal_state() called on loss function
Epoch 27: val_loss=0.9316281080245972
Epoch 27: train_loss=0.9027137756347656

[CollapseMonitor] Epoch 27
  [DEBUG] Processed 17 batches from val_dataloader
  [DEBUG] Predictions shape after concat: (260,)
  Pred std: 0.029908, range: 0.163318, mean: 0.302743
  Pos: 100.0%, Neg: 0.0%, Unique: 259
  Dir Acc: 60.77%, Pred Sharpe: 160.6874
  Composite: 0.4885 (dist_match: 0.6077, actual_pos: 60.8%, pred_pos: 100.0%)
  Collapse penalty: 0.000000 (threshold: 0.005000)
  Saved validation predictions to: experiments/11_staleness_attention/weekly_baseline_no_staleness/collapse_monitoring/val_predictions_epoch27.npy
  Gradient norms:
    lstm_encoder: 0.019822
    lstm_decoder: 0.013220
    output_layer: 0.345996
  VSN output std:
    encoder: 0.171046
  Attention entropy: 2.452729
  Saved to: experiments/11_staleness_attention/weekly_baseline_no_staleness/collapse_monitoring/collapse_monitor_latest.json
[DEBUG CollapseMonitor] on_validation_epoch_start called for epoch 28
[DEBUG CollapseMonitor] reset_temporal_state() called on loss function
Epoch 28: val_loss=0.9328231811523438
Epoch 28: train_loss=0.9013833403587341

[CollapseMonitor] Epoch 28
  [DEBUG] Processed 17 batches from val_dataloader
  [DEBUG] Predictions shape after concat: (260,)
  Pred std: 0.026128, range: 0.115001, mean: 0.311455
  Pos: 100.0%, Neg: 0.0%, Unique: 259
  Dir Acc: 60.77%, Pred Sharpe: 189.2323
  Composite: 0.4885 (dist_match: 0.6077, actual_pos: 60.8%, pred_pos: 100.0%)
  Collapse penalty: 0.000000 (threshold: 0.005000)
  Saved validation predictions to: experiments/11_staleness_attention/weekly_baseline_no_staleness/collapse_monitoring/val_predictions_epoch28.npy
  Gradient norms:
    lstm_encoder: 0.021508
    lstm_decoder: 0.013932
    output_layer: 0.363060
  VSN output std:
    encoder: 0.172925
  Attention entropy: 2.466113
  Saved to: experiments/11_staleness_attention/weekly_baseline_no_staleness/collapse_monitoring/collapse_monitor_latest.json
[DEBUG CollapseMonitor] on_validation_epoch_start called for epoch 29
[DEBUG CollapseMonitor] reset_temporal_state() called on loss function
Epoch 29: val_loss=0.9303505420684814
Epoch 29: train_loss=0.9013711214065552

[CollapseMonitor] Epoch 29
  [DEBUG] Processed 17 batches from val_dataloader
  [DEBUG] Predictions shape after concat: (260,)
  Pred std: 0.033233, range: 0.168681, mean: 0.322552
  Pos: 100.0%, Neg: 0.0%, Unique: 260
  Dir Acc: 60.77%, Pred Sharpe: 154.0750
  Composite: 0.4885 (dist_match: 0.6077, actual_pos: 60.8%, pred_pos: 100.0%)
  Collapse penalty: 0.000000 (threshold: 0.005000)
  Saved validation predictions to: experiments/11_staleness_attention/weekly_baseline_no_staleness/collapse_monitoring/val_predictions_epoch29.npy
  Gradient norms:
    lstm_encoder: 0.020781
    lstm_decoder: 0.013781
    output_layer: 0.381411
  VSN output std:
    encoder: 0.172815
  Attention entropy: 2.459068
  Saved to: experiments/11_staleness_attention/weekly_baseline_no_staleness/collapse_monitoring/collapse_monitor_latest.json
[DEBUG CollapseMonitor] on_validation_epoch_start called for epoch 30
[DEBUG CollapseMonitor] reset_temporal_state() called on loss function
Epoch 30: val_loss=0.93012934923172
Epoch 30: train_loss=0.9004845023155212

[CollapseMonitor] Epoch 30
  [DEBUG] Processed 17 batches from val_dataloader
  [DEBUG] Predictions shape after concat: (260,)
  Pred std: 0.039397, range: 0.219417, mean: 0.312531
  Pos: 100.0%, Neg: 0.0%, Unique: 259
  Dir Acc: 60.77%, Pred Sharpe: 125.9310
  Composite: 0.4885 (dist_match: 0.6077, actual_pos: 60.8%, pred_pos: 100.0%)
  Collapse penalty: 0.000000 (threshold: 0.005000)
  Saved validation predictions to: experiments/11_staleness_attention/weekly_baseline_no_staleness/collapse_monitoring/val_predictions_epoch30.npy
  Gradient norms:
    lstm_encoder: 0.021663
    lstm_decoder: 0.014292
    output_layer: 0.386179
  VSN output std:
    encoder: 0.171945
  Attention entropy: 2.459617
  Saved to: experiments/11_staleness_attention/weekly_baseline_no_staleness/collapse_monitoring/collapse_monitor_latest.json
[DEBUG CollapseMonitor] on_validation_epoch_start called for epoch 31
[DEBUG CollapseMonitor] reset_temporal_state() called on loss function
Epoch 31: val_loss=0.9312402606010437
Epoch 31: train_loss=0.8947089910507202

[CollapseMonitor] Epoch 31
  [DEBUG] Processed 17 batches from val_dataloader
  [DEBUG] Predictions shape after concat: (260,)
  Pred std: 0.033232, range: 0.177265, mean: 0.341451
  Pos: 100.0%, Neg: 0.0%, Unique: 259
  Dir Acc: 60.77%, Pred Sharpe: 163.1072
  Composite: 0.4885 (dist_match: 0.6077, actual_pos: 60.8%, pred_pos: 100.0%)
  Collapse penalty: 0.000000 (threshold: 0.005000)
  Saved validation predictions to: experiments/11_staleness_attention/weekly_baseline_no_staleness/collapse_monitoring/val_predictions_epoch31.npy
  Gradient norms:
    lstm_encoder: 0.022153
    lstm_decoder: 0.014369
    output_layer: 0.376920
  VSN output std:
    encoder: 0.171561
  Attention entropy: 2.466259
  Saved to: experiments/11_staleness_attention/weekly_baseline_no_staleness/collapse_monitoring/collapse_monitor_latest.json
[DEBUG CollapseMonitor] on_validation_epoch_start called for epoch 32
[DEBUG CollapseMonitor] reset_temporal_state() called on loss function
Epoch 32: val_loss=0.9302528500556946
Epoch 32: train_loss=0.8947330117225647

[CollapseMonitor] Epoch 32
  [DEBUG] Processed 17 batches from val_dataloader
  [DEBUG] Predictions shape after concat: (260,)
  Pred std: 0.031216, range: 0.146980, mean: 0.298657
  Pos: 100.0%, Neg: 0.0%, Unique: 260
  Dir Acc: 60.77%, Pred Sharpe: 151.8791
  Composite: 0.4885 (dist_match: 0.6077, actual_pos: 60.8%, pred_pos: 100.0%)
  Collapse penalty: 0.000000 (threshold: 0.005000)
  Saved validation predictions to: experiments/11_staleness_attention/weekly_baseline_no_staleness/collapse_monitoring/val_predictions_epoch32.npy
  Gradient norms:
    lstm_encoder: 0.022478
    lstm_decoder: 0.014706
    output_layer: 0.376747
  VSN output std:
    encoder: 0.171472
  Attention entropy: 2.464568
  Saved to: experiments/11_staleness_attention/weekly_baseline_no_staleness/collapse_monitoring/collapse_monitor_latest.json
[DEBUG CollapseMonitor] on_validation_epoch_start called for epoch 33
[DEBUG CollapseMonitor] reset_temporal_state() called on loss function
Epoch 33: val_loss=0.9300103783607483
Epoch 33: train_loss=0.8981735110282898

[CollapseMonitor] Epoch 33
  [DEBUG] Processed 17 batches from val_dataloader
  [DEBUG] Predictions shape after concat: (260,)
  Pred std: 0.037582, range: 0.196641, mean: 0.300940
  Pos: 100.0%, Neg: 0.0%, Unique: 260
  Dir Acc: 60.77%, Pred Sharpe: 127.1145
  Composite: 0.4885 (dist_match: 0.6077, actual_pos: 60.8%, pred_pos: 100.0%)
  Collapse penalty: 0.000000 (threshold: 0.005000)
  Saved validation predictions to: experiments/11_staleness_attention/weekly_baseline_no_staleness/collapse_monitoring/val_predictions_epoch33.npy
  Gradient norms:
    lstm_encoder: 0.022875
    lstm_decoder: 0.014354
    output_layer: 0.354418
  VSN output std:
    encoder: 0.171795
  Attention entropy: 2.466465
  Saved to: experiments/11_staleness_attention/weekly_baseline_no_staleness/collapse_monitoring/collapse_monitor_latest.json
[DEBUG CollapseMonitor] on_validation_epoch_start called for epoch 34
[DEBUG CollapseMonitor] reset_temporal_state() called on loss function
Epoch 34: val_loss=0.9307717680931091
Epoch 34: train_loss=0.8969834446907043

[CollapseMonitor] Epoch 34
  [DEBUG] Processed 17 batches from val_dataloader
  [DEBUG] Predictions shape after concat: (260,)
  Pred std: 0.042180, range: 0.232289, mean: 0.288844
  Pos: 100.0%, Neg: 0.0%, Unique: 259
  Dir Acc: 60.77%, Pred Sharpe: 108.7065
  Composite: 0.4885 (dist_match: 0.6077, actual_pos: 60.8%, pred_pos: 100.0%)
  Collapse penalty: 0.000000 (threshold: 0.005000)
  Saved validation predictions to: experiments/11_staleness_attention/weekly_baseline_no_staleness/collapse_monitoring/val_predictions_epoch34.npy
  Gradient norms:
    lstm_encoder: 0.024821
    lstm_decoder: 0.015200
    output_layer: 0.367971
  VSN output std:
    encoder: 0.172294
  Attention entropy: 2.472216
  Saved to: experiments/11_staleness_attention/weekly_baseline_no_staleness/collapse_monitoring/collapse_monitor_latest.json
[DEBUG CollapseMonitor] on_validation_epoch_start called for epoch 35
[DEBUG CollapseMonitor] reset_temporal_state() called on loss function
Epoch 35: val_loss=0.9305518865585327
Epoch 35: train_loss=0.8971665501594543

[CollapseMonitor] Epoch 35
  [DEBUG] Processed 17 batches from val_dataloader
  [DEBUG] Predictions shape after concat: (260,)
  Pred std: 0.043901, range: 0.244800, mean: 0.300192
  Pos: 100.0%, Neg: 0.0%, Unique: 260
  Dir Acc: 60.77%, Pred Sharpe: 108.5478
  Composite: 0.4885 (dist_match: 0.6077, actual_pos: 60.8%, pred_pos: 100.0%)
  Collapse penalty: 0.000000 (threshold: 0.005000)
  Saved validation predictions to: experiments/11_staleness_attention/weekly_baseline_no_staleness/collapse_monitoring/val_predictions_epoch35.npy
  Gradient norms:
    lstm_encoder: 0.022558
    lstm_decoder: 0.014437
    output_layer: 0.369976
  VSN output std:
    encoder: 0.172770
  Attention entropy: 2.468378
  Saved to: experiments/11_staleness_attention/weekly_baseline_no_staleness/collapse_monitoring/collapse_monitor_latest.json
[DEBUG CollapseMonitor] on_validation_epoch_start called for epoch 36
[DEBUG CollapseMonitor] reset_temporal_state() called on loss function
Epoch 36: val_loss=0.929974377155304
Epoch 36: train_loss=0.895265519618988

[CollapseMonitor] Epoch 36
  [DEBUG] Processed 17 batches from val_dataloader
  [DEBUG] Predictions shape after concat: (260,)
  Pred std: 0.045672, range: 0.261128, mean: 0.337033
  Pos: 100.0%, Neg: 0.0%, Unique: 260
  Dir Acc: 60.77%, Pred Sharpe: 117.1458
  Composite: 0.4885 (dist_match: 0.6077, actual_pos: 60.8%, pred_pos: 100.0%)
  Collapse penalty: 0.000000 (threshold: 0.005000)
  Saved validation predictions to: experiments/11_staleness_attention/weekly_baseline_no_staleness/collapse_monitoring/val_predictions_epoch36.npy
  Gradient norms:
    lstm_encoder: 0.024354
    lstm_decoder: 0.015421
    output_layer: 0.385935
  VSN output std:
    encoder: 0.172052
  Attention entropy: 2.467102
  Saved to: experiments/11_staleness_attention/weekly_baseline_no_staleness/collapse_monitoring/collapse_monitor_latest.json
[DEBUG CollapseMonitor] on_validation_epoch_start called for epoch 37
[DEBUG CollapseMonitor] reset_temporal_state() called on loss function
Epoch 37: val_loss=0.9303237795829773
Epoch 37: train_loss=0.8936226963996887

[CollapseMonitor] Epoch 37
  [DEBUG] Processed 17 batches from val_dataloader
  [DEBUG] Predictions shape after concat: (260,)
  Pred std: 0.040863, range: 0.238961, mean: 0.321877
  Pos: 100.0%, Neg: 0.0%, Unique: 260
  Dir Acc: 60.77%, Pred Sharpe: 125.0431
  Composite: 0.4885 (dist_match: 0.6077, actual_pos: 60.8%, pred_pos: 100.0%)
  Collapse penalty: 0.000000 (threshold: 0.005000)
  Saved validation predictions to: experiments/11_staleness_attention/weekly_baseline_no_staleness/collapse_monitoring/val_predictions_epoch37.npy
  Gradient norms:
    lstm_encoder: 0.023870
    lstm_decoder: 0.014838
    output_layer: 0.368082
  VSN output std:
    encoder: 0.172321
  Attention entropy: 2.468856
  Saved to: experiments/11_staleness_attention/weekly_baseline_no_staleness/collapse_monitoring/collapse_monitor_latest.json
[DEBUG CollapseMonitor] on_validation_epoch_start called for epoch 38
[DEBUG CollapseMonitor] reset_temporal_state() called on loss function
Epoch 38: val_loss=0.9306631684303284
Epoch 38: train_loss=0.8979089260101318

[CollapseMonitor] Epoch 38
  [DEBUG] Processed 17 batches from val_dataloader
  [DEBUG] Predictions shape after concat: (260,)
  Pred std: 0.040411, range: 0.231744, mean: 0.319033
  Pos: 100.0%, Neg: 0.0%, Unique: 260
  Dir Acc: 60.77%, Pred Sharpe: 125.3238
  Composite: 0.4885 (dist_match: 0.6077, actual_pos: 60.8%, pred_pos: 100.0%)
  Collapse penalty: 0.000000 (threshold: 0.005000)
  Saved validation predictions to: experiments/11_staleness_attention/weekly_baseline_no_staleness/collapse_monitoring/val_predictions_epoch38.npy
  Gradient norms:
    lstm_encoder: 0.023988
    lstm_decoder: 0.014727
    output_layer: 0.371197
  VSN output std:
    encoder: 0.172622
  Attention entropy: 2.471492
  Saved to: experiments/11_staleness_attention/weekly_baseline_no_staleness/collapse_monitoring/collapse_monitor_latest.json
[DEBUG CollapseMonitor] on_validation_epoch_start called for epoch 39
[DEBUG CollapseMonitor] reset_temporal_state() called on loss function
Epoch 39: val_loss=0.9300362467765808
Epoch 39: train_loss=0.8944033980369568

[CollapseMonitor] Epoch 39
  [DEBUG] Processed 17 batches from val_dataloader
  [DEBUG] Predictions shape after concat: (260,)
  Pred std: 0.040981, range: 0.234265, mean: 0.348141
  Pos: 100.0%, Neg: 0.0%, Unique: 259
  Dir Acc: 60.77%, Pred Sharpe: 134.8580
  Composite: 0.4885 (dist_match: 0.6077, actual_pos: 60.8%, pred_pos: 100.0%)
  Collapse penalty: 0.000000 (threshold: 0.005000)
  Saved validation predictions to: experiments/11_staleness_attention/weekly_baseline_no_staleness/collapse_monitoring/val_predictions_epoch39.npy
  Gradient norms:
    lstm_encoder: 0.024747
    lstm_decoder: 0.015397
    output_layer: 0.373369
  VSN output std:
    encoder: 0.172698
  Attention entropy: 2.470651
  Saved to: experiments/11_staleness_attention/weekly_baseline_no_staleness/collapse_monitoring/collapse_monitor_latest.json
[DEBUG CollapseMonitor] on_validation_epoch_start called for epoch 40
[DEBUG CollapseMonitor] reset_temporal_state() called on loss function
Epoch 40: val_loss=0.9301503896713257
Epoch 40: train_loss=0.8969846963882446

[CollapseMonitor] Epoch 40
  [DEBUG] Processed 17 batches from val_dataloader
  [DEBUG] Predictions shape after concat: (260,)
  Pred std: 0.043158, range: 0.240227, mean: 0.323294
  Pos: 100.0%, Neg: 0.0%, Unique: 260
  Dir Acc: 60.77%, Pred Sharpe: 118.9149
  Composite: 0.4885 (dist_match: 0.6077, actual_pos: 60.8%, pred_pos: 100.0%)
  Collapse penalty: 0.000000 (threshold: 0.005000)
  Saved validation predictions to: experiments/11_staleness_attention/weekly_baseline_no_staleness/collapse_monitoring/val_predictions_epoch40.npy
  Gradient norms:
    lstm_encoder: 0.023872
    lstm_decoder: 0.014940
    output_layer: 0.374471
  VSN output std:
    encoder: 0.172955
  Attention entropy: 2.470969
  Saved to: experiments/11_staleness_attention/weekly_baseline_no_staleness/collapse_monitoring/collapse_monitor_latest.json
[DEBUG CollapseMonitor] on_validation_epoch_start called for epoch 41
[DEBUG CollapseMonitor] reset_temporal_state() called on loss function
Epoch 41: val_loss=0.9301900267601013
Epoch 41: train_loss=0.8947108387947083

[CollapseMonitor] Epoch 41
  [DEBUG] Processed 17 batches from val_dataloader
  [DEBUG] Predictions shape after concat: (260,)
  Pred std: 0.046881, range: 0.270114, mean: 0.285531
  Pos: 100.0%, Neg: 0.0%, Unique: 260
  Dir Acc: 60.77%, Pred Sharpe: 96.6853
  Composite: 0.4885 (dist_match: 0.6077, actual_pos: 60.8%, pred_pos: 100.0%)
  Collapse penalty: 0.000000 (threshold: 0.005000)
  Saved validation predictions to: experiments/11_staleness_attention/weekly_baseline_no_staleness/collapse_monitoring/val_predictions_epoch41.npy
  Gradient norms:
    lstm_encoder: 0.026431
    lstm_decoder: 0.015704
    output_layer: 0.406393
  VSN output std:
    encoder: 0.172399
  Attention entropy: 2.470498
  Saved to: experiments/11_staleness_attention/weekly_baseline_no_staleness/collapse_monitoring/collapse_monitor_latest.json
[DEBUG CollapseMonitor] on_validation_epoch_start called for epoch 42
[DEBUG CollapseMonitor] reset_temporal_state() called on loss function
Epoch 42: val_loss=0.9303481578826904
Epoch 42: train_loss=0.8950031995773315

[CollapseMonitor] Epoch 42
  [DEBUG] Processed 17 batches from val_dataloader
  [DEBUG] Predictions shape after concat: (260,)
  Pred std: 0.048040, range: 0.274000, mean: 0.301992
  Pos: 100.0%, Neg: 0.0%, Unique: 258
  Dir Acc: 60.77%, Pred Sharpe: 99.7912
  Composite: 0.4885 (dist_match: 0.6077, actual_pos: 60.8%, pred_pos: 100.0%)
  Collapse penalty: 0.000000 (threshold: 0.005000)
  Saved validation predictions to: experiments/11_staleness_attention/weekly_baseline_no_staleness/collapse_monitoring/val_predictions_epoch42.npy
  Gradient norms:
    lstm_encoder: 0.024566
    lstm_decoder: 0.015464
    output_layer: 0.389836
  VSN output std:
    encoder: 0.172442
  Attention entropy: 2.474054
  Saved to: experiments/11_staleness_attention/weekly_baseline_no_staleness/collapse_monitoring/collapse_monitor_latest.json
[DEBUG CollapseMonitor] on_validation_epoch_start called for epoch 43
[DEBUG CollapseMonitor] reset_temporal_state() called on loss function
Epoch 43: val_loss=0.9300192594528198
Epoch 43: train_loss=0.8946360349655151

[CollapseMonitor] Epoch 43
  [DEBUG] Processed 17 batches from val_dataloader
  [DEBUG] Predictions shape after concat: (260,)
  Pred std: 0.046432, range: 0.272457, mean: 0.313103
  Pos: 100.0%, Neg: 0.0%, Unique: 260
  Dir Acc: 60.77%, Pred Sharpe: 107.0451
  Composite: 0.4885 (dist_match: 0.6077, actual_pos: 60.8%, pred_pos: 100.0%)
  Collapse penalty: 0.000000 (threshold: 0.005000)
  Saved validation predictions to: experiments/11_staleness_attention/weekly_baseline_no_staleness/collapse_monitoring/val_predictions_epoch43.npy
  Gradient norms:
    lstm_encoder: 0.023844
    lstm_decoder: 0.014913
    output_layer: 0.358820
  VSN output std:
    encoder: 0.172664
  Attention entropy: 2.473949
  Saved to: experiments/11_staleness_attention/weekly_baseline_no_staleness/collapse_monitoring/collapse_monitor_latest.json
[DEBUG CollapseMonitor] on_validation_epoch_start called for epoch 44
[DEBUG CollapseMonitor] reset_temporal_state() called on loss function
Epoch 44: val_loss=0.9312248826026917
Epoch 44: train_loss=0.8960407972335815

[CollapseMonitor] Epoch 44
  [DEBUG] Processed 17 batches from val_dataloader
  [DEBUG] Predictions shape after concat: (260,)
  Pred std: 0.041529, range: 0.239675, mean: 0.300428
  Pos: 100.0%, Neg: 0.0%, Unique: 259
  Dir Acc: 60.77%, Pred Sharpe: 114.8385
  Composite: 0.4885 (dist_match: 0.6077, actual_pos: 60.8%, pred_pos: 100.0%)
  Collapse penalty: 0.000000 (threshold: 0.005000)
  Saved validation predictions to: experiments/11_staleness_attention/weekly_baseline_no_staleness/collapse_monitoring/val_predictions_epoch44.npy
  Gradient norms:
    lstm_encoder: 0.025616
    lstm_decoder: 0.015637
    output_layer: 0.393567
  VSN output std:
    encoder: 0.172700
  Attention entropy: 2.476951
  Saved to: experiments/11_staleness_attention/weekly_baseline_no_staleness/collapse_monitoring/collapse_monitor_latest.json
[DEBUG CollapseMonitor] on_validation_epoch_start called for epoch 45
[DEBUG CollapseMonitor] reset_temporal_state() called on loss function
Epoch 45: val_loss=0.9311543107032776
Epoch 45: train_loss=0.8952363729476929

[CollapseMonitor] Epoch 45
  [DEBUG] Processed 17 batches from val_dataloader
  [DEBUG] Predictions shape after concat: (260,)
  Pred std: 0.042564, range: 0.241628, mean: 0.302451
  Pos: 100.0%, Neg: 0.0%, Unique: 260
  Dir Acc: 60.77%, Pred Sharpe: 112.8022
  Composite: 0.4885 (dist_match: 0.6077, actual_pos: 60.8%, pred_pos: 100.0%)
  Collapse penalty: 0.000000 (threshold: 0.005000)
  Saved validation predictions to: experiments/11_staleness_attention/weekly_baseline_no_staleness/collapse_monitoring/val_predictions_epoch45.npy
  Gradient norms:
    lstm_encoder: 0.024560
    lstm_decoder: 0.015205
    output_layer: 0.371175
  VSN output std:
    encoder: 0.172711
  Attention entropy: 2.476817
  Saved to: experiments/11_staleness_attention/weekly_baseline_no_staleness/collapse_monitoring/collapse_monitor_latest.json
[DEBUG CollapseMonitor] on_validation_epoch_start called for epoch 46
[DEBUG CollapseMonitor] reset_temporal_state() called on loss function
Epoch 46: val_loss=0.9311011433601379
Epoch 46: train_loss=0.8910915851593018

[CollapseMonitor] Epoch 46
  [DEBUG] Processed 17 batches from val_dataloader
  [DEBUG] Predictions shape after concat: (260,)
  Pred std: 0.043385, range: 0.248355, mean: 0.308110
  Pos: 100.0%, Neg: 0.0%, Unique: 260
  Dir Acc: 60.77%, Pred Sharpe: 112.7367
  Composite: 0.4885 (dist_match: 0.6077, actual_pos: 60.8%, pred_pos: 100.0%)
  Collapse penalty: 0.000000 (threshold: 0.005000)
  Saved validation predictions to: experiments/11_staleness_attention/weekly_baseline_no_staleness/collapse_monitoring/val_predictions_epoch46.npy
  Gradient norms:
    lstm_encoder: 0.025621
    lstm_decoder: 0.015444
    output_layer: 0.373895
  VSN output std:
    encoder: 0.172670
  Attention entropy: 2.476684
  Saved to: experiments/11_staleness_attention/weekly_baseline_no_staleness/collapse_monitoring/collapse_monitor_latest.json
[DEBUG CollapseMonitor] on_validation_epoch_start called for epoch 47
[DEBUG CollapseMonitor] reset_temporal_state() called on loss function
Epoch 47: val_loss=0.9313225746154785
Epoch 47: train_loss=0.8871243000030518

[CollapseMonitor] Epoch 47
  [DEBUG] Processed 17 batches from val_dataloader
  [DEBUG] Predictions shape after concat: (260,)
  Pred std: 0.045210, range: 0.258747, mean: 0.319047
  Pos: 100.0%, Neg: 0.0%, Unique: 260
  Dir Acc: 60.77%, Pred Sharpe: 112.0252
  Composite: 0.4885 (dist_match: 0.6077, actual_pos: 60.8%, pred_pos: 100.0%)
  Collapse penalty: 0.000000 (threshold: 0.005000)
  Saved validation predictions to: experiments/11_staleness_attention/weekly_baseline_no_staleness/collapse_monitoring/val_predictions_epoch47.npy
  Gradient norms:
    lstm_encoder: 0.024816
    lstm_decoder: 0.015152
    output_layer: 0.366421
  VSN output std:
    encoder: 0.172875
  Attention entropy: 2.476871
  Saved to: experiments/11_staleness_attention/weekly_baseline_no_staleness/collapse_monitoring/collapse_monitor_latest.json
[DEBUG CollapseMonitor] on_validation_epoch_start called for epoch 48
[DEBUG CollapseMonitor] reset_temporal_state() called on loss function
Epoch 48: val_loss=0.9315062165260315
Epoch 48: train_loss=0.8947480320930481

[CollapseMonitor] Epoch 48
  [DEBUG] Processed 17 batches from val_dataloader
  [DEBUG] Predictions shape after concat: (260,)
  Pred std: 0.046105, range: 0.268815, mean: 0.344279
  Pos: 100.0%, Neg: 0.0%, Unique: 259
  Dir Acc: 60.77%, Pred Sharpe: 118.5393
  Composite: 0.4885 (dist_match: 0.6077, actual_pos: 60.8%, pred_pos: 100.0%)
  Collapse penalty: 0.000000 (threshold: 0.005000)
  Saved validation predictions to: experiments/11_staleness_attention/weekly_baseline_no_staleness/collapse_monitoring/val_predictions_epoch48.npy
  Gradient norms:
    lstm_encoder: 0.024390
    lstm_decoder: 0.014881
    output_layer: 0.382262
  VSN output std:
    encoder: 0.172886
  Attention entropy: 2.477973
  Saved to: experiments/11_staleness_attention/weekly_baseline_no_staleness/collapse_monitoring/collapse_monitor_latest.json
[DEBUG CollapseMonitor] on_validation_epoch_start called for epoch 49
[DEBUG CollapseMonitor] reset_temporal_state() called on loss function
Epoch 49: val_loss=0.9313158988952637
Epoch 49: train_loss=0.8952679634094238

[CollapseMonitor] Epoch 49
  [DEBUG] Processed 17 batches from val_dataloader
  [DEBUG] Predictions shape after concat: (260,)
  Pred std: 0.042603, range: 0.262060, mean: 0.333828
  Pos: 100.0%, Neg: 0.0%, Unique: 260
  Dir Acc: 60.77%, Pred Sharpe: 124.3903
  Composite: 0.4885 (dist_match: 0.6077, actual_pos: 60.8%, pred_pos: 100.0%)
  Collapse penalty: 0.000000 (threshold: 0.005000)
  Saved validation predictions to: experiments/11_staleness_attention/weekly_baseline_no_staleness/collapse_monitoring/val_predictions_epoch49.npy
  Gradient norms:
    lstm_encoder: 0.027673
    lstm_decoder: 0.016472
    output_layer: 0.380350
  VSN output std:
    encoder: 0.172970
  Attention entropy: 2.477902
  Saved to: experiments/11_staleness_attention/weekly_baseline_no_staleness/collapse_monitoring/collapse_monitor_latest.json
[DEBUG CollapseMonitor] on_validation_epoch_start called for epoch 50
[DEBUG CollapseMonitor] reset_temporal_state() called on loss function
Epoch 50: val_loss=0.9311825037002563
Epoch 50: train_loss=0.8938140869140625

[CollapseMonitor] Epoch 50
  [DEBUG] Processed 17 batches from val_dataloader
  [DEBUG] Predictions shape after concat: (260,)
  Pred std: 0.042427, range: 0.253448, mean: 0.331660
  Pos: 100.0%, Neg: 0.0%, Unique: 259
  Dir Acc: 60.77%, Pred Sharpe: 124.0935
  Composite: 0.4885 (dist_match: 0.6077, actual_pos: 60.8%, pred_pos: 100.0%)
  Collapse penalty: 0.000000 (threshold: 0.005000)
  Saved validation predictions to: experiments/11_staleness_attention/weekly_baseline_no_staleness/collapse_monitoring/val_predictions_epoch50.npy
  Gradient norms:
    lstm_encoder: 0.024881
    lstm_decoder: 0.014845
    output_layer: 0.371248
  VSN output std:
    encoder: 0.172873
  Attention entropy: 2.478272
  Saved to: experiments/11_staleness_attention/weekly_baseline_no_staleness/collapse_monitoring/collapse_monitor_latest.json
[DEBUG CollapseMonitor] on_validation_epoch_start called for epoch 51
[DEBUG CollapseMonitor] reset_temporal_state() called on loss function
Epoch 51: val_loss=0.9307315945625305
Epoch 51: train_loss=0.892975926399231

[CollapseMonitor] Epoch 51
  [DEBUG] Processed 17 batches from val_dataloader
  [DEBUG] Predictions shape after concat: (260,)
  Pred std: 0.044311, range: 0.254833, mean: 0.324518
  Pos: 100.0%, Neg: 0.0%, Unique: 259
  Dir Acc: 60.77%, Pred Sharpe: 116.2592
  Composite: 0.4885 (dist_match: 0.6077, actual_pos: 60.8%, pred_pos: 100.0%)
  Collapse penalty: 0.000000 (threshold: 0.005000)
  Saved validation predictions to: experiments/11_staleness_attention/weekly_baseline_no_staleness/collapse_monitoring/val_predictions_epoch51.npy
  Gradient norms:
    lstm_encoder: 0.026431
    lstm_decoder: 0.015714
    output_layer: 0.383075
  VSN output std:
    encoder: 0.172881
  Attention entropy: 2.477407
  Saved to: experiments/11_staleness_attention/weekly_baseline_no_staleness/collapse_monitoring/collapse_monitor_latest.json
[DEBUG CollapseMonitor] on_validation_epoch_start called for epoch 52
[DEBUG CollapseMonitor] reset_temporal_state() called on loss function
Epoch 52: val_loss=0.9304671883583069
Epoch 52: train_loss=0.8958925008773804

[CollapseMonitor] Epoch 52
  [DEBUG] Processed 17 batches from val_dataloader
  [DEBUG] Predictions shape after concat: (260,)
  Pred std: 0.044260, range: 0.254424, mean: 0.321559
  Pos: 100.0%, Neg: 0.0%, Unique: 260
  Dir Acc: 60.77%, Pred Sharpe: 115.3331
  Composite: 0.4885 (dist_match: 0.6077, actual_pos: 60.8%, pred_pos: 100.0%)
  Collapse penalty: 0.000000 (threshold: 0.005000)
  Saved validation predictions to: experiments/11_staleness_attention/weekly_baseline_no_staleness/collapse_monitoring/val_predictions_epoch52.npy
  Gradient norms:
    lstm_encoder: 0.026859
    lstm_decoder: 0.016107
    output_layer: 0.388417
  VSN output std:
    encoder: 0.172910
  Attention entropy: 2.477166
  Saved to: experiments/11_staleness_attention/weekly_baseline_no_staleness/collapse_monitoring/collapse_monitor_latest.json
[DEBUG CollapseMonitor] on_validation_epoch_start called for epoch 53
[DEBUG CollapseMonitor] reset_temporal_state() called on loss function
Epoch 53: val_loss=0.9299495816230774
Epoch 53: train_loss=0.8928999304771423

[CollapseMonitor] Epoch 53
  [DEBUG] Processed 17 batches from val_dataloader
  [DEBUG] Predictions shape after concat: (260,)
  Pred std: 0.048250, range: 0.276809, mean: 0.333350
  Pos: 100.0%, Neg: 0.0%, Unique: 260
  Dir Acc: 60.77%, Pred Sharpe: 109.6751
  Composite: 0.4885 (dist_match: 0.6077, actual_pos: 60.8%, pred_pos: 100.0%)
  Collapse penalty: 0.000000 (threshold: 0.005000)
  Saved validation predictions to: experiments/11_staleness_attention/weekly_baseline_no_staleness/collapse_monitoring/val_predictions_epoch53.npy
  Gradient norms:
    lstm_encoder: 0.026480
    lstm_decoder: 0.015827
    output_layer: 0.372802
  VSN output std:
    encoder: 0.172958
  Attention entropy: 2.476556
  Saved to: experiments/11_staleness_attention/weekly_baseline_no_staleness/collapse_monitoring/collapse_monitor_latest.json
[DEBUG CollapseMonitor] on_validation_epoch_start called for epoch 54
[DEBUG CollapseMonitor] reset_temporal_state() called on loss function
Epoch 54: val_loss=0.9302117824554443
Epoch 54: train_loss=0.8914859294891357

[CollapseMonitor] Epoch 54
  [DEBUG] Processed 17 batches from val_dataloader
  [DEBUG] Predictions shape after concat: (260,)
  Pred std: 0.046661, range: 0.268050, mean: 0.327105
  Pos: 100.0%, Neg: 0.0%, Unique: 260
  Dir Acc: 60.77%, Pred Sharpe: 111.2848
  Composite: 0.4885 (dist_match: 0.6077, actual_pos: 60.8%, pred_pos: 100.0%)
  Collapse penalty: 0.000000 (threshold: 0.005000)
  Saved validation predictions to: experiments/11_staleness_attention/weekly_baseline_no_staleness/collapse_monitoring/val_predictions_epoch54.npy
  Gradient norms:
    lstm_encoder: 0.026014
    lstm_decoder: 0.015109
    output_layer: 0.355050
  VSN output std:
    encoder: 0.173048
  Attention entropy: 2.477118
  Saved to: experiments/11_staleness_attention/weekly_baseline_no_staleness/collapse_monitoring/collapse_monitor_latest.json
[DEBUG CollapseMonitor] on_validation_epoch_start called for epoch 55
[DEBUG CollapseMonitor] reset_temporal_state() called on loss function
Epoch 55: val_loss=0.9302620887756348
Epoch 55: train_loss=0.8948303461074829

[CollapseMonitor] Epoch 55
  [DEBUG] Processed 17 batches from val_dataloader
  [DEBUG] Predictions shape after concat: (260,)
  Pred std: 0.046696, range: 0.268342, mean: 0.325349
  Pos: 100.0%, Neg: 0.0%, Unique: 259
  Dir Acc: 60.77%, Pred Sharpe: 110.6036
  Composite: 0.4885 (dist_match: 0.6077, actual_pos: 60.8%, pred_pos: 100.0%)
  Collapse penalty: 0.000000 (threshold: 0.005000)
  Saved validation predictions to: experiments/11_staleness_attention/weekly_baseline_no_staleness/collapse_monitoring/val_predictions_epoch55.npy
  Gradient norms:
    lstm_encoder: 0.026973
    lstm_decoder: 0.016099
    output_layer: 0.393915
  VSN output std:
    encoder: 0.173110
  Attention entropy: 2.477184
  Saved to: experiments/11_staleness_attention/weekly_baseline_no_staleness/collapse_monitoring/collapse_monitor_latest.json
[DEBUG CollapseMonitor] on_validation_epoch_start called for epoch 56
[DEBUG CollapseMonitor] reset_temporal_state() called on loss function
Epoch 56: val_loss=0.9301556944847107
Epoch 56: train_loss=0.8945390582084656

[CollapseMonitor] Epoch 56
  [DEBUG] Processed 17 batches from val_dataloader
  [DEBUG] Predictions shape after concat: (260,)
  Pred std: 0.048521, range: 0.275951, mean: 0.325356
  Pos: 100.0%, Neg: 0.0%, Unique: 260
  Dir Acc: 60.77%, Pred Sharpe: 106.4451
  Composite: 0.4885 (dist_match: 0.6077, actual_pos: 60.8%, pred_pos: 100.0%)
  Collapse penalty: 0.000000 (threshold: 0.005000)
  Saved validation predictions to: experiments/11_staleness_attention/weekly_baseline_no_staleness/collapse_monitoring/val_predictions_epoch56.npy
  Gradient norms:
    lstm_encoder: 0.025458
    lstm_decoder: 0.015155
    output_layer: 0.372047
  VSN output std:
    encoder: 0.173161
  Attention entropy: 2.476952
  Saved to: experiments/11_staleness_attention/weekly_baseline_no_staleness/collapse_monitoring/collapse_monitor_latest.json
[DEBUG CollapseMonitor] on_validation_epoch_start called for epoch 57
[DEBUG CollapseMonitor] reset_temporal_state() called on loss function
Epoch 57: val_loss=0.930087685585022
Epoch 57: train_loss=0.8909887671470642

[CollapseMonitor] Epoch 57
  [DEBUG] Processed 17 batches from val_dataloader
  [DEBUG] Predictions shape after concat: (260,)
  Pred std: 0.049614, range: 0.282377, mean: 0.328648
  Pos: 100.0%, Neg: 0.0%, Unique: 260
  Dir Acc: 60.77%, Pred Sharpe: 105.1551
  Composite: 0.4885 (dist_match: 0.6077, actual_pos: 60.8%, pred_pos: 100.0%)
  Collapse penalty: 0.000000 (threshold: 0.005000)
  Saved validation predictions to: experiments/11_staleness_attention/weekly_baseline_no_staleness/collapse_monitoring/val_predictions_epoch57.npy
  Gradient norms:
    lstm_encoder: 0.026121
    lstm_decoder: 0.015819
    output_layer: 0.382685
  VSN output std:
    encoder: 0.173241
  Attention entropy: 2.476906
  Saved to: experiments/11_staleness_attention/weekly_baseline_no_staleness/collapse_monitoring/collapse_monitor_latest.json
[DEBUG CollapseMonitor] on_validation_epoch_start called for epoch 58
[DEBUG CollapseMonitor] reset_temporal_state() called on loss function
Epoch 58: val_loss=0.9298912882804871
Epoch 58: train_loss=0.887803316116333

[CollapseMonitor] Epoch 58
  [DEBUG] Processed 17 batches from val_dataloader
  [DEBUG] Predictions shape after concat: (260,)
  Pred std: 0.050960, range: 0.291140, mean: 0.337288
  Pos: 100.0%, Neg: 0.0%, Unique: 260
  Dir Acc: 60.77%, Pred Sharpe: 105.0685
  Composite: 0.4885 (dist_match: 0.6077, actual_pos: 60.8%, pred_pos: 100.0%)
  Collapse penalty: 0.000000 (threshold: 0.005000)
  Saved validation predictions to: experiments/11_staleness_attention/weekly_baseline_no_staleness/collapse_monitoring/val_predictions_epoch58.npy
  Gradient norms:
    lstm_encoder: 0.026178
    lstm_decoder: 0.015679
    output_layer: 0.367776
  VSN output std:
    encoder: 0.173197
  Attention entropy: 2.476582
  Saved to: experiments/11_staleness_attention/weekly_baseline_no_staleness/collapse_monitoring/collapse_monitor_latest.json
[DEBUG CollapseMonitor] on_validation_epoch_start called for epoch 59
[DEBUG CollapseMonitor] reset_temporal_state() called on loss function
Epoch 59: val_loss=0.9299180507659912
Epoch 59: train_loss=0.8920919895172119

[CollapseMonitor] Epoch 59
  [DEBUG] Processed 17 batches from val_dataloader
  [DEBUG] Predictions shape after concat: (260,)
  Pred std: 0.051216, range: 0.292683, mean: 0.334237
  Pos: 100.0%, Neg: 0.0%, Unique: 260
  Dir Acc: 60.77%, Pred Sharpe: 103.5978
  Composite: 0.4885 (dist_match: 0.6077, actual_pos: 60.8%, pred_pos: 100.0%)
  Collapse penalty: 0.000000 (threshold: 0.005000)
  Saved validation predictions to: experiments/11_staleness_attention/weekly_baseline_no_staleness/collapse_monitoring/val_predictions_epoch59.npy
  Gradient norms:
    lstm_encoder: 0.026617
    lstm_decoder: 0.015926
    output_layer: 0.384841
  VSN output std:
    encoder: 0.173246
  Attention entropy: 2.476814
  Saved to: experiments/11_staleness_attention/weekly_baseline_no_staleness/collapse_monitoring/collapse_monitor_latest.json
[DEBUG CollapseMonitor] on_validation_epoch_start called for epoch 60
[DEBUG CollapseMonitor] reset_temporal_state() called on loss function
Epoch 60: val_loss=0.9302533864974976
Epoch 60: train_loss=0.892487645149231

[CollapseMonitor] Epoch 60
  [DEBUG] Processed 17 batches from val_dataloader
  [DEBUG] Predictions shape after concat: (260,)
  Pred std: 0.050968, range: 0.294070, mean: 0.326777
  Pos: 100.0%, Neg: 0.0%, Unique: 258
  Dir Acc: 60.77%, Pred Sharpe: 101.7791
  Composite: 0.4885 (dist_match: 0.6077, actual_pos: 60.8%, pred_pos: 100.0%)
  Collapse penalty: 0.000000 (threshold: 0.005000)
  Saved validation predictions to: experiments/11_staleness_attention/weekly_baseline_no_staleness/collapse_monitoring/val_predictions_epoch60.npy
  Gradient norms:
    lstm_encoder: 0.025748
    lstm_decoder: 0.015382
    output_layer: 0.373810
  VSN output std:
    encoder: 0.173311
  Attention entropy: 2.477655
  Saved to: experiments/11_staleness_attention/weekly_baseline_no_staleness/collapse_monitoring/collapse_monitor_latest.json
[DEBUG CollapseMonitor] on_validation_epoch_start called for epoch 61
[DEBUG CollapseMonitor] reset_temporal_state() called on loss function
Epoch 61: val_loss=0.9302074909210205
Epoch 61: train_loss=0.8937687873840332

[CollapseMonitor] Epoch 61
  [DEBUG] Processed 17 batches from val_dataloader
  [DEBUG] Predictions shape after concat: (260,)
  Pred std: 0.051915, range: 0.299758, mean: 0.323806
  Pos: 100.0%, Neg: 0.0%, Unique: 260
  Dir Acc: 60.77%, Pred Sharpe: 99.0139
  Composite: 0.4885 (dist_match: 0.6077, actual_pos: 60.8%, pred_pos: 100.0%)
  Collapse penalty: 0.000000 (threshold: 0.005000)
  Saved validation predictions to: experiments/11_staleness_attention/weekly_baseline_no_staleness/collapse_monitoring/val_predictions_epoch61.npy
  Gradient norms:
    lstm_encoder: 0.025269
    lstm_decoder: 0.015418
    output_layer: 0.369319
  VSN output std:
    encoder: 0.173350
  Attention entropy: 2.477597
  Saved to: experiments/11_staleness_attention/weekly_baseline_no_staleness/collapse_monitoring/collapse_monitor_latest.json
[DEBUG CollapseMonitor] on_validation_epoch_start called for epoch 62
[DEBUG CollapseMonitor] reset_temporal_state() called on loss function
Epoch 62: val_loss=0.930500328540802
Epoch 62: train_loss=0.8939929008483887

[CollapseMonitor] Epoch 62
  [DEBUG] Processed 17 batches from val_dataloader
  [DEBUG] Predictions shape after concat: (260,)
  Pred std: 0.051064, range: 0.297467, mean: 0.324637
  Pos: 100.0%, Neg: 0.0%, Unique: 260
  Dir Acc: 60.77%, Pred Sharpe: 100.9215
  Composite: 0.4885 (dist_match: 0.6077, actual_pos: 60.8%, pred_pos: 100.0%)
  Collapse penalty: 0.000000 (threshold: 0.005000)
  Saved validation predictions to: experiments/11_staleness_attention/weekly_baseline_no_staleness/collapse_monitoring/val_predictions_epoch62.npy
  Gradient norms:
    lstm_encoder: 0.028337
    lstm_decoder: 0.016434
    output_layer: 0.370942
  VSN output std:
    encoder: 0.173335
  Attention entropy: 2.478423
  Saved to: experiments/11_staleness_attention/weekly_baseline_no_staleness/collapse_monitoring/collapse_monitor_latest.json
[DEBUG CollapseMonitor] on_validation_epoch_start called for epoch 63
[DEBUG CollapseMonitor] reset_temporal_state() called on loss function
Epoch 63: val_loss=0.9305667281150818
Epoch 63: train_loss=0.8921258449554443

[CollapseMonitor] Epoch 63
  [DEBUG] Processed 17 batches from val_dataloader
  [DEBUG] Predictions shape after concat: (260,)
  Pred std: 0.051514, range: 0.300526, mean: 0.323396
  Pos: 100.0%, Neg: 0.0%, Unique: 259
  Dir Acc: 60.77%, Pred Sharpe: 99.6568
  Composite: 0.4885 (dist_match: 0.6077, actual_pos: 60.8%, pred_pos: 100.0%)
  Collapse penalty: 0.000000 (threshold: 0.005000)
  Saved validation predictions to: experiments/11_staleness_attention/weekly_baseline_no_staleness/collapse_monitoring/val_predictions_epoch63.npy
  Gradient norms:
    lstm_encoder: 0.026881
    lstm_decoder: 0.016109
    output_layer: 0.390288
  VSN output std:
    encoder: 0.173349
  Attention entropy: 2.478387
  Saved to: experiments/11_staleness_attention/weekly_baseline_no_staleness/collapse_monitoring/collapse_monitor_latest.json
[DEBUG CollapseMonitor] on_validation_epoch_start called for epoch 64
[DEBUG CollapseMonitor] reset_temporal_state() called on loss function
Epoch 64: val_loss=0.9304709434509277
Epoch 64: train_loss=0.8908296227455139

[CollapseMonitor] Epoch 64
  [DEBUG] Processed 17 batches from val_dataloader
  [DEBUG] Predictions shape after concat: (260,)
  Pred std: 0.052394, range: 0.306095, mean: 0.326227
  Pos: 100.0%, Neg: 0.0%, Unique: 260
  Dir Acc: 60.77%, Pred Sharpe: 98.8411
  Composite: 0.4885 (dist_match: 0.6077, actual_pos: 60.8%, pred_pos: 100.0%)
  Collapse penalty: 0.000000 (threshold: 0.005000)
  Saved validation predictions to: experiments/11_staleness_attention/weekly_baseline_no_staleness/collapse_monitoring/val_predictions_epoch64.npy
  Gradient norms:
    lstm_encoder: 0.024456
    lstm_decoder: 0.014264
    output_layer: 0.339294
  VSN output std:
    encoder: 0.173328
  Attention entropy: 2.478216
  Saved to: experiments/11_staleness_attention/weekly_baseline_no_staleness/collapse_monitoring/collapse_monitor_latest.json
[DEBUG CollapseMonitor] on_validation_epoch_start called for epoch 65
[DEBUG CollapseMonitor] reset_temporal_state() called on loss function
Epoch 65: val_loss=0.9307379722595215
Epoch 65: train_loss=0.889125406742096

[CollapseMonitor] Epoch 65
  [DEBUG] Processed 17 batches from val_dataloader
  [DEBUG] Predictions shape after concat: (260,)
  Pred std: 0.051521, range: 0.301575, mean: 0.324737
  Pos: 100.0%, Neg: 0.0%, Unique: 258
  Dir Acc: 60.77%, Pred Sharpe: 100.0575
  Composite: 0.4885 (dist_match: 0.6077, actual_pos: 60.8%, pred_pos: 100.0%)
  Collapse penalty: 0.000000 (threshold: 0.005000)
  Saved validation predictions to: experiments/11_staleness_attention/weekly_baseline_no_staleness/collapse_monitoring/val_predictions_epoch65.npy
  Gradient norms:
    lstm_encoder: 0.025300
    lstm_decoder: 0.015377
    output_layer: 0.383620
  VSN output std:
    encoder: 0.173354
  Attention entropy: 2.478572
  Saved to: experiments/11_staleness_attention/weekly_baseline_no_staleness/collapse_monitoring/collapse_monitor_latest.json
[DEBUG CollapseMonitor] on_validation_epoch_start called for epoch 66
[DEBUG CollapseMonitor] reset_temporal_state() called on loss function
Epoch 66: val_loss=0.930739164352417
Epoch 66: train_loss=0.8938349485397339

[CollapseMonitor] Epoch 66
  [DEBUG] Processed 17 batches from val_dataloader
  [DEBUG] Predictions shape after concat: (260,)
  Pred std: 0.051064, range: 0.298460, mean: 0.324881
  Pos: 100.0%, Neg: 0.0%, Unique: 260
  Dir Acc: 60.77%, Pred Sharpe: 100.9966
  Composite: 0.4885 (dist_match: 0.6077, actual_pos: 60.8%, pred_pos: 100.0%)
  Collapse penalty: 0.000000 (threshold: 0.005000)
  Saved validation predictions to: experiments/11_staleness_attention/weekly_baseline_no_staleness/collapse_monitoring/val_predictions_epoch66.npy
  Gradient norms:
    lstm_encoder: 0.025717
    lstm_decoder: 0.015411
    output_layer: 0.376276
  VSN output std:
    encoder: 0.173363
  Attention entropy: 2.478581
  Saved to: experiments/11_staleness_attention/weekly_baseline_no_staleness/collapse_monitoring/collapse_monitor_latest.json
[DEBUG CollapseMonitor] on_validation_epoch_start called for epoch 67
[DEBUG CollapseMonitor] reset_temporal_state() called on loss function
Epoch 67: val_loss=0.930804967880249
Epoch 67: train_loss=0.8901519775390625

[CollapseMonitor] Epoch 67
  [DEBUG] Processed 17 batches from val_dataloader
  [DEBUG] Predictions shape after concat: (260,)
  Pred std: 0.050074, range: 0.292004, mean: 0.324503
  Pos: 100.0%, Neg: 0.0%, Unique: 260
  Dir Acc: 60.77%, Pred Sharpe: 102.8738
  Composite: 0.4885 (dist_match: 0.6077, actual_pos: 60.8%, pred_pos: 100.0%)
  Collapse penalty: 0.000000 (threshold: 0.005000)
  Saved validation predictions to: experiments/11_staleness_attention/weekly_baseline_no_staleness/collapse_monitoring/val_predictions_epoch67.npy
  Gradient norms:
    lstm_encoder: 0.024353
    lstm_decoder: 0.014507
    output_layer: 0.351417
  VSN output std:
    encoder: 0.173340
  Attention entropy: 2.478619
  Saved to: experiments/11_staleness_attention/weekly_baseline_no_staleness/collapse_monitoring/collapse_monitor_latest.json
[DEBUG CollapseMonitor] on_validation_epoch_start called for epoch 68
[DEBUG CollapseMonitor] reset_temporal_state() called on loss function
Epoch 68: val_loss=0.930688202381134
Epoch 68: train_loss=0.894180178642273

[CollapseMonitor] Epoch 68
  [DEBUG] Processed 17 batches from val_dataloader
  [DEBUG] Predictions shape after concat: (260,)
  Pred std: 0.049870, range: 0.290140, mean: 0.320688
  Pos: 100.0%, Neg: 0.0%, Unique: 260
  Dir Acc: 60.77%, Pred Sharpe: 102.0802
  Composite: 0.4885 (dist_match: 0.6077, actual_pos: 60.8%, pred_pos: 100.0%)
  Collapse penalty: 0.000000 (threshold: 0.005000)
  Saved validation predictions to: experiments/11_staleness_attention/weekly_baseline_no_staleness/collapse_monitoring/val_predictions_epoch68.npy
  Gradient norms:
    lstm_encoder: 0.027159
    lstm_decoder: 0.015811
    output_layer: 0.381155
  VSN output std:
    encoder: 0.173365
  Attention entropy: 2.478476
  Saved to: experiments/11_staleness_attention/weekly_baseline_no_staleness/collapse_monitoring/collapse_monitor_latest.json
[DEBUG CollapseMonitor] on_validation_epoch_start called for epoch 69
[DEBUG CollapseMonitor] reset_temporal_state() called on loss function
Epoch 69: val_loss=0.9306889772415161
Epoch 69: train_loss=0.8958278298377991

[CollapseMonitor] Epoch 69
  [DEBUG] Processed 17 batches from val_dataloader
  [DEBUG] Predictions shape after concat: (260,)
  Pred std: 0.049364, range: 0.287329, mean: 0.320864
  Pos: 100.0%, Neg: 0.0%, Unique: 258
  Dir Acc: 60.77%, Pred Sharpe: 103.1831
  Composite: 0.4885 (dist_match: 0.6077, actual_pos: 60.8%, pred_pos: 100.0%)
  Collapse penalty: 0.000000 (threshold: 0.005000)
  Saved validation predictions to: experiments/11_staleness_attention/weekly_baseline_no_staleness/collapse_monitoring/val_predictions_epoch69.npy
  Gradient norms:
    lstm_encoder: 0.026483
    lstm_decoder: 0.015681
    output_layer: 0.371903
  VSN output std:
    encoder: 0.173416
  Attention entropy: 2.478479
  Saved to: experiments/11_staleness_attention/weekly_baseline_no_staleness/collapse_monitoring/collapse_monitor_latest.json
[DEBUG CollapseMonitor] on_validation_epoch_start called for epoch 70
[DEBUG CollapseMonitor] reset_temporal_state() called on loss function
Epoch 70: val_loss=0.9307219386100769
Epoch 70: train_loss=0.891836404800415

[CollapseMonitor] Epoch 70
  [DEBUG] Processed 17 batches from val_dataloader
  [DEBUG] Predictions shape after concat: (260,)
  Pred std: 0.049470, range: 0.288309, mean: 0.319065
  Pos: 100.0%, Neg: 0.0%, Unique: 260
  Dir Acc: 60.77%, Pred Sharpe: 102.3846
  Composite: 0.4885 (dist_match: 0.6077, actual_pos: 60.8%, pred_pos: 100.0%)
  Collapse penalty: 0.000000 (threshold: 0.005000)
  Saved validation predictions to: experiments/11_staleness_attention/weekly_baseline_no_staleness/collapse_monitoring/val_predictions_epoch70.npy
  Gradient norms:
    lstm_encoder: 0.026072
    lstm_decoder: 0.015591
    output_layer: 0.376939
  VSN output std:
    encoder: 0.173466
  Attention entropy: 2.478621
  Saved to: experiments/11_staleness_attention/weekly_baseline_no_staleness/collapse_monitoring/collapse_monitor_latest.json
[DEBUG CollapseMonitor] on_validation_epoch_start called for epoch 71
[DEBUG CollapseMonitor] reset_temporal_state() called on loss function
Epoch 71: val_loss=0.9310417175292969
Epoch 71: train_loss=0.8945574760437012

[CollapseMonitor] Epoch 71
  [DEBUG] Processed 17 batches from val_dataloader
  [DEBUG] Predictions shape after concat: (260,)
  Pred std: 0.048533, range: 0.287846, mean: 0.315718
  Pos: 100.0%, Neg: 0.0%, Unique: 260
  Dir Acc: 60.77%, Pred Sharpe: 103.2664
  Composite: 0.4885 (dist_match: 0.6077, actual_pos: 60.8%, pred_pos: 100.0%)
  Collapse penalty: 0.000000 (threshold: 0.005000)
  Saved validation predictions to: experiments/11_staleness_attention/weekly_baseline_no_staleness/collapse_monitoring/val_predictions_epoch71.npy
  Gradient norms:
    lstm_encoder: 0.025557
    lstm_decoder: 0.015417
    output_layer: 0.360774
  VSN output std:
    encoder: 0.173427
  Attention entropy: 2.478998
  Saved to: experiments/11_staleness_attention/weekly_baseline_no_staleness/collapse_monitoring/collapse_monitor_latest.json
[DEBUG CollapseMonitor] on_validation_epoch_start called for epoch 72
[DEBUG CollapseMonitor] reset_temporal_state() called on loss function
Epoch 72: val_loss=0.9309019446372986
Epoch 72: train_loss=0.8908657431602478

[CollapseMonitor] Epoch 72
  [DEBUG] Processed 17 batches from val_dataloader
  [DEBUG] Predictions shape after concat: (260,)
  Pred std: 0.048816, range: 0.287302, mean: 0.318353
  Pos: 100.0%, Neg: 0.0%, Unique: 259
  Dir Acc: 60.77%, Pred Sharpe: 103.5247
  Composite: 0.4885 (dist_match: 0.6077, actual_pos: 60.8%, pred_pos: 100.0%)
  Collapse penalty: 0.000000 (threshold: 0.005000)
  Saved validation predictions to: experiments/11_staleness_attention/weekly_baseline_no_staleness/collapse_monitoring/val_predictions_epoch72.npy
  Gradient norms:
    lstm_encoder: 0.025574
    lstm_decoder: 0.014935
    output_layer: 0.361183
  VSN output std:
    encoder: 0.173422
  Attention entropy: 2.478848
  Saved to: experiments/11_staleness_attention/weekly_baseline_no_staleness/collapse_monitoring/collapse_monitor_latest.json
[DEBUG CollapseMonitor] on_validation_epoch_start called for epoch 73
[DEBUG CollapseMonitor] reset_temporal_state() called on loss function
Epoch 73: val_loss=0.930978000164032
Epoch 73: train_loss=0.8944428563117981

[CollapseMonitor] Epoch 73
  [DEBUG] Processed 17 batches from val_dataloader
  [DEBUG] Predictions shape after concat: (260,)
  Pred std: 0.048552, range: 0.289321, mean: 0.319080
  Pos: 100.0%, Neg: 0.0%, Unique: 260
  Dir Acc: 60.77%, Pred Sharpe: 104.3250
  Composite: 0.4885 (dist_match: 0.6077, actual_pos: 60.8%, pred_pos: 100.0%)
  Collapse penalty: 0.000000 (threshold: 0.005000)
  Saved validation predictions to: experiments/11_staleness_attention/weekly_baseline_no_staleness/collapse_monitoring/val_predictions_epoch73.npy
  Gradient norms:
    lstm_encoder: 0.026117
    lstm_decoder: 0.015200
    output_layer: 0.362171
  VSN output std:
    encoder: 0.173455
  Attention entropy: 2.479040
  Saved to: experiments/11_staleness_attention/weekly_baseline_no_staleness/collapse_monitoring/collapse_monitor_latest.json
[DEBUG CollapseMonitor] on_validation_epoch_start called for epoch 74
[DEBUG CollapseMonitor] reset_temporal_state() called on loss function
Epoch 74: val_loss=0.9309670329093933
Epoch 74: train_loss=0.8836808800697327

[CollapseMonitor] Epoch 74
  [DEBUG] Processed 17 batches from val_dataloader
  [DEBUG] Predictions shape after concat: (260,)
  Pred std: 0.048480, range: 0.290551, mean: 0.319587
  Pos: 100.0%, Neg: 0.0%, Unique: 260
  Dir Acc: 60.77%, Pred Sharpe: 104.6471
  Composite: 0.4885 (dist_match: 0.6077, actual_pos: 60.8%, pred_pos: 100.0%)
  Collapse penalty: 0.000000 (threshold: 0.005000)
  Saved validation predictions to: experiments/11_staleness_attention/weekly_baseline_no_staleness/collapse_monitoring/val_predictions_epoch74.npy
  Gradient norms:
    lstm_encoder: 0.027665
    lstm_decoder: 0.015958
    output_layer: 0.380588
  VSN output std:
    encoder: 0.173504
  Attention entropy: 2.479058
  Saved to: experiments/11_staleness_attention/weekly_baseline_no_staleness/collapse_monitoring/collapse_monitor_latest.json
[DEBUG CollapseMonitor] on_validation_epoch_start called for epoch 75
[DEBUG CollapseMonitor] reset_temporal_state() called on loss function
Epoch 75: val_loss=0.9310667514801025
Epoch 75: train_loss=0.8951191306114197

[CollapseMonitor] Epoch 75
  [DEBUG] Processed 17 batches from val_dataloader
  [DEBUG] Predictions shape after concat: (260,)
  Pred std: 0.048182, range: 0.290982, mean: 0.319622
  Pos: 100.0%, Neg: 0.0%, Unique: 260
  Dir Acc: 60.77%, Pred Sharpe: 105.3046
  Composite: 0.4885 (dist_match: 0.6077, actual_pos: 60.8%, pred_pos: 100.0%)
  Collapse penalty: 0.000000 (threshold: 0.005000)
  Saved validation predictions to: experiments/11_staleness_attention/weekly_baseline_no_staleness/collapse_monitoring/val_predictions_epoch75.npy
  Gradient norms:
    lstm_encoder: 0.026528
    lstm_decoder: 0.015759
    output_layer: 0.372251
  VSN output std:
    encoder: 0.173501
  Attention entropy: 2.479199
  Saved to: experiments/11_staleness_attention/weekly_baseline_no_staleness/collapse_monitoring/collapse_monitor_latest.json
[DEBUG CollapseMonitor] on_validation_epoch_start called for epoch 76
[DEBUG CollapseMonitor] reset_temporal_state() called on loss function
Epoch 76: val_loss=0.930945098400116
Epoch 76: train_loss=0.8896908760070801

[CollapseMonitor] Epoch 76
  [DEBUG] Processed 17 batches from val_dataloader
  [DEBUG] Predictions shape after concat: (260,)
  Pred std: 0.047866, range: 0.287330, mean: 0.324309
  Pos: 100.0%, Neg: 0.0%, Unique: 259
  Dir Acc: 60.77%, Pred Sharpe: 107.5550
  Composite: 0.4885 (dist_match: 0.6077, actual_pos: 60.8%, pred_pos: 100.0%)
  Collapse penalty: 0.000000 (threshold: 0.005000)
  Saved validation predictions to: experiments/11_staleness_attention/weekly_baseline_no_staleness/collapse_monitoring/val_predictions_epoch76.npy
  Gradient norms:
    lstm_encoder: 0.026473
    lstm_decoder: 0.015944
    output_layer: 0.397845
  VSN output std:
    encoder: 0.173506
  Attention entropy: 2.479112
  Saved to: experiments/11_staleness_attention/weekly_baseline_no_staleness/collapse_monitoring/collapse_monitor_latest.json
[DEBUG CollapseMonitor] on_validation_epoch_start called for epoch 77
[DEBUG CollapseMonitor] reset_temporal_state() called on loss function
Epoch 77: val_loss=0.9309957027435303
Epoch 77: train_loss=0.8968791365623474

[CollapseMonitor] Epoch 77
  [DEBUG] Processed 17 batches from val_dataloader
  [DEBUG] Predictions shape after concat: (260,)
  Pred std: 0.048100, range: 0.288547, mean: 0.325270
  Pos: 100.0%, Neg: 0.0%, Unique: 259
  Dir Acc: 60.77%, Pred Sharpe: 107.3489
  Composite: 0.4885 (dist_match: 0.6077, actual_pos: 60.8%, pred_pos: 100.0%)
  Collapse penalty: 0.000000 (threshold: 0.005000)
  Saved validation predictions to: experiments/11_staleness_attention/weekly_baseline_no_staleness/collapse_monitoring/val_predictions_epoch77.npy
  Gradient norms:
    lstm_encoder: 0.027133
    lstm_decoder: 0.015750
    output_layer: 0.385358
  VSN output std:
    encoder: 0.173512
  Attention entropy: 2.479155
  Saved to: experiments/11_staleness_attention/weekly_baseline_no_staleness/collapse_monitoring/collapse_monitor_latest.json
[DEBUG CollapseMonitor] on_validation_epoch_start called for epoch 78
[DEBUG CollapseMonitor] reset_temporal_state() called on loss function
Epoch 78: val_loss=0.9308345913887024
Epoch 78: train_loss=0.8929333090782166

[CollapseMonitor] Epoch 78
  [DEBUG] Processed 17 batches from val_dataloader
  [DEBUG] Predictions shape after concat: (260,)
  Pred std: 0.047880, range: 0.285842, mean: 0.326945
  Pos: 100.0%, Neg: 0.0%, Unique: 260
  Dir Acc: 60.77%, Pred Sharpe: 108.3975
  Composite: 0.4885 (dist_match: 0.6077, actual_pos: 60.8%, pred_pos: 100.0%)
  Collapse penalty: 0.000000 (threshold: 0.005000)
  Saved validation predictions to: experiments/11_staleness_attention/weekly_baseline_no_staleness/collapse_monitoring/val_predictions_epoch78.npy
  Gradient norms:
    lstm_encoder: 0.025717
    lstm_decoder: 0.014942
    output_layer: 0.364217
  VSN output std:
    encoder: 0.173552
  Attention entropy: 2.479069
  Saved to: experiments/11_staleness_attention/weekly_baseline_no_staleness/collapse_monitoring/collapse_monitor_latest.json
[DEBUG CollapseMonitor] on_validation_epoch_start called for epoch 79
[DEBUG CollapseMonitor] reset_temporal_state() called on loss function
Epoch 79: val_loss=0.930760383605957
Epoch 79: train_loss=0.8944106698036194

[CollapseMonitor] Epoch 79
  [DEBUG] Processed 17 batches from val_dataloader
  [DEBUG] Predictions shape after concat: (260,)
  Pred std: 0.048217, range: 0.287456, mean: 0.328133
  Pos: 100.0%, Neg: 0.0%, Unique: 259
  Dir Acc: 60.77%, Pred Sharpe: 108.0311
  Composite: 0.4885 (dist_match: 0.6077, actual_pos: 60.8%, pred_pos: 100.0%)
  Collapse penalty: 0.000000 (threshold: 0.005000)
  Saved validation predictions to: experiments/11_staleness_attention/weekly_baseline_no_staleness/collapse_monitoring/val_predictions_epoch79.npy
  Gradient norms:
    lstm_encoder: 0.025966
    lstm_decoder: 0.015479
    output_layer: 0.374566
  VSN output std:
    encoder: 0.173559
  Attention entropy: 2.479002
  Saved to: experiments/11_staleness_attention/weekly_baseline_no_staleness/collapse_monitoring/collapse_monitor_latest.json
[DEBUG CollapseMonitor] on_validation_epoch_start called for epoch 80
[DEBUG CollapseMonitor] reset_temporal_state() called on loss function
Epoch 80: val_loss=0.9307035207748413
Epoch 80: train_loss=0.890457272529602

[CollapseMonitor] Epoch 80
  [DEBUG] Processed 17 batches from val_dataloader
  [DEBUG] Predictions shape after concat: (260,)
  Pred std: 0.048469, range: 0.288013, mean: 0.328679
  Pos: 100.0%, Neg: 0.0%, Unique: 260
  Dir Acc: 60.77%, Pred Sharpe: 107.6479
  Composite: 0.4885 (dist_match: 0.6077, actual_pos: 60.8%, pred_pos: 100.0%)
  Collapse penalty: 0.000000 (threshold: 0.005000)
  Saved validation predictions to: experiments/11_staleness_attention/weekly_baseline_no_staleness/collapse_monitoring/val_predictions_epoch80.npy
  Gradient norms:
    lstm_encoder: 0.027167
    lstm_decoder: 0.015832
    output_layer: 0.354243
  VSN output std:
    encoder: 0.173573
  Attention entropy: 2.479050
  Saved to: experiments/11_staleness_attention/weekly_baseline_no_staleness/collapse_monitoring/collapse_monitor_latest.json
[DEBUG CollapseMonitor] on_validation_epoch_start called for epoch 81
[DEBUG CollapseMonitor] reset_temporal_state() called on loss function
Epoch 81: val_loss=0.9307956099510193
Epoch 81: train_loss=0.8951025605201721

[CollapseMonitor] Epoch 81
  [DEBUG] Processed 17 batches from val_dataloader
  [DEBUG] Predictions shape after concat: (260,)
  Pred std: 0.048590, range: 0.289309, mean: 0.327778
  Pos: 100.0%, Neg: 0.0%, Unique: 260
  Dir Acc: 60.77%, Pred Sharpe: 107.0863
  Composite: 0.4885 (dist_match: 0.6077, actual_pos: 60.8%, pred_pos: 100.0%)
  Collapse penalty: 0.000000 (threshold: 0.005000)
  Saved validation predictions to: experiments/11_staleness_attention/weekly_baseline_no_staleness/collapse_monitoring/val_predictions_epoch81.npy
  Gradient norms:
    lstm_encoder: 0.025115
    lstm_decoder: 0.015155
    output_layer: 0.363810
  VSN output std:
    encoder: 0.173569
  Attention entropy: 2.479164
  Saved to: experiments/11_staleness_attention/weekly_baseline_no_staleness/collapse_monitoring/collapse_monitor_latest.json
[DEBUG CollapseMonitor] on_validation_epoch_start called for epoch 82
[DEBUG CollapseMonitor] reset_temporal_state() called on loss function
Epoch 82: val_loss=0.9308476448059082
Epoch 82: train_loss=0.8923231363296509

[CollapseMonitor] Epoch 82
  [DEBUG] Processed 17 batches from val_dataloader
  [DEBUG] Predictions shape after concat: (260,)
  Pred std: 0.048420, range: 0.290037, mean: 0.327777
  Pos: 100.0%, Neg: 0.0%, Unique: 260
  Dir Acc: 60.77%, Pred Sharpe: 107.4611
  Composite: 0.4885 (dist_match: 0.6077, actual_pos: 60.8%, pred_pos: 100.0%)
  Collapse penalty: 0.000000 (threshold: 0.005000)
  Saved validation predictions to: experiments/11_staleness_attention/weekly_baseline_no_staleness/collapse_monitoring/val_predictions_epoch82.npy
  Gradient norms:
    lstm_encoder: 0.025558
    lstm_decoder: 0.015595
    output_layer: 0.390769
  VSN output std:
    encoder: 0.173573
  Attention entropy: 2.479262
  Saved to: experiments/11_staleness_attention/weekly_baseline_no_staleness/collapse_monitoring/collapse_monitor_latest.json
[DEBUG CollapseMonitor] on_validation_epoch_start called for epoch 83
[DEBUG CollapseMonitor] reset_temporal_state() called on loss function
Epoch 83: val_loss=0.9308931231498718
Epoch 83: train_loss=0.8895359635353088

[CollapseMonitor] Epoch 83
  [DEBUG] Processed 17 batches from val_dataloader
  [DEBUG] Predictions shape after concat: (260,)
  Pred std: 0.048677, range: 0.293455, mean: 0.323647
  Pos: 100.0%, Neg: 0.0%, Unique: 260
  Dir Acc: 60.77%, Pred Sharpe: 105.5465
  Composite: 0.4885 (dist_match: 0.6077, actual_pos: 60.8%, pred_pos: 100.0%)
  Collapse penalty: 0.000000 (threshold: 0.005000)
  Saved validation predictions to: experiments/11_staleness_attention/weekly_baseline_no_staleness/collapse_monitoring/val_predictions_epoch83.npy
  Gradient norms:
    lstm_encoder: 0.027341
    lstm_decoder: 0.015846
    output_layer: 0.369711
  VSN output std:
    encoder: 0.173599
  Attention entropy: 2.479396
  Saved to: experiments/11_staleness_attention/weekly_baseline_no_staleness/collapse_monitoring/collapse_monitor_latest.json
[DEBUG CollapseMonitor] on_validation_epoch_start called for epoch 84
[DEBUG CollapseMonitor] reset_temporal_state() called on loss function
Epoch 84: val_loss=0.9309910535812378
Epoch 84: train_loss=0.8905491828918457

[CollapseMonitor] Epoch 84
  [DEBUG] Processed 17 batches from val_dataloader
  [DEBUG] Predictions shape after concat: (260,)
  Pred std: 0.048362, range: 0.294566, mean: 0.324911
  Pos: 100.0%, Neg: 0.0%, Unique: 260
  Dir Acc: 60.77%, Pred Sharpe: 106.6507
  Composite: 0.4885 (dist_match: 0.6077, actual_pos: 60.8%, pred_pos: 100.0%)
  Collapse penalty: 0.000000 (threshold: 0.005000)
  Saved validation predictions to: experiments/11_staleness_attention/weekly_baseline_no_staleness/collapse_monitoring/val_predictions_epoch84.npy
  Gradient norms:
    lstm_encoder: 0.028132
    lstm_decoder: 0.016946
    output_layer: 0.396390
  VSN output std:
    encoder: 0.173604
  Attention entropy: 2.479539
  Saved to: experiments/11_staleness_attention/weekly_baseline_no_staleness/collapse_monitoring/collapse_monitor_latest.json
[DEBUG CollapseMonitor] on_validation_epoch_start called for epoch 85
[DEBUG CollapseMonitor] reset_temporal_state() called on loss function
Epoch 85: val_loss=0.9310970902442932
Epoch 85: train_loss=0.8920698761940002

[CollapseMonitor] Epoch 85
  [DEBUG] Processed 17 batches from val_dataloader
  [DEBUG] Predictions shape after concat: (260,)
  Pred std: 0.048004, range: 0.295532, mean: 0.327226
  Pos: 100.0%, Neg: 0.0%, Unique: 260
  Dir Acc: 60.77%, Pred Sharpe: 108.2108
  Composite: 0.4885 (dist_match: 0.6077, actual_pos: 60.8%, pred_pos: 100.0%)
  Collapse penalty: 0.000000 (threshold: 0.005000)
  Saved validation predictions to: experiments/11_staleness_attention/weekly_baseline_no_staleness/collapse_monitoring/val_predictions_epoch85.npy
  Gradient norms:
    lstm_encoder: 0.027171
    lstm_decoder: 0.015828
    output_layer: 0.363818
  VSN output std:
    encoder: 0.173615
  Attention entropy: 2.479723
  Saved to: experiments/11_staleness_attention/weekly_baseline_no_staleness/collapse_monitoring/collapse_monitor_latest.json
[DEBUG CollapseMonitor] on_validation_epoch_start called for epoch 86
[DEBUG CollapseMonitor] reset_temporal_state() called on loss function
Epoch 86: val_loss=0.9309489130973816
Epoch 86: train_loss=0.8956599235534668

[CollapseMonitor] Epoch 86
  [DEBUG] Processed 17 batches from val_dataloader
  [DEBUG] Predictions shape after concat: (260,)
  Pred std: 0.048029, range: 0.293891, mean: 0.329534
  Pos: 100.0%, Neg: 0.0%, Unique: 259
  Dir Acc: 60.77%, Pred Sharpe: 108.9178
  Composite: 0.4885 (dist_match: 0.6077, actual_pos: 60.8%, pred_pos: 100.0%)
  Collapse penalty: 0.000000 (threshold: 0.005000)
  Saved validation predictions to: experiments/11_staleness_attention/weekly_baseline_no_staleness/collapse_monitoring/val_predictions_epoch86.npy
  Gradient norms:
    lstm_encoder: 0.027942
    lstm_decoder: 0.016507
    output_layer: 0.399732
  VSN output std:
    encoder: 0.173646
  Attention entropy: 2.479627
  Saved to: experiments/11_staleness_attention/weekly_baseline_no_staleness/collapse_monitoring/collapse_monitor_latest.json
[DEBUG CollapseMonitor] on_validation_epoch_start called for epoch 87
[DEBUG CollapseMonitor] reset_temporal_state() called on loss function
Epoch 87: val_loss=0.9309724569320679
Epoch 87: train_loss=0.8882304430007935

[CollapseMonitor] Epoch 87
  [DEBUG] Processed 17 batches from val_dataloader
  [DEBUG] Predictions shape after concat: (260,)
  Pred std: 0.047897, range: 0.293413, mean: 0.326477
  Pos: 100.0%, Neg: 0.0%, Unique: 259
  Dir Acc: 60.77%, Pred Sharpe: 108.2048
  Composite: 0.4885 (dist_match: 0.6077, actual_pos: 60.8%, pred_pos: 100.0%)
  Collapse penalty: 0.000000 (threshold: 0.005000)
  Saved validation predictions to: experiments/11_staleness_attention/weekly_baseline_no_staleness/collapse_monitoring/val_predictions_epoch87.npy
  Gradient norms:
    lstm_encoder: 0.025761
    lstm_decoder: 0.015146
    output_layer: 0.372588
  VSN output std:
    encoder: 0.173626
  Attention entropy: 2.479591
  Saved to: experiments/11_staleness_attention/weekly_baseline_no_staleness/collapse_monitoring/collapse_monitor_latest.json
[DEBUG CollapseMonitor] on_validation_epoch_start called for epoch 88
[DEBUG CollapseMonitor] reset_temporal_state() called on loss function
Epoch 88: val_loss=0.9310248494148254
Epoch 88: train_loss=0.8883553743362427

[CollapseMonitor] Epoch 88
  [DEBUG] Processed 17 batches from val_dataloader
  [DEBUG] Predictions shape after concat: (260,)
  Pred std: 0.047831, range: 0.293926, mean: 0.329257
  Pos: 100.0%, Neg: 0.0%, Unique: 259
  Dir Acc: 60.77%, Pred Sharpe: 109.2762
  Composite: 0.4885 (dist_match: 0.6077, actual_pos: 60.8%, pred_pos: 100.0%)
  Collapse penalty: 0.000000 (threshold: 0.005000)
  Saved validation predictions to: experiments/11_staleness_attention/weekly_baseline_no_staleness/collapse_monitoring/val_predictions_epoch88.npy
  Gradient norms:
    lstm_encoder: 0.027676
    lstm_decoder: 0.016256
    output_layer: 0.386064
  VSN output std:
    encoder: 0.173632
  Attention entropy: 2.479707
  Saved to: experiments/11_staleness_attention/weekly_baseline_no_staleness/collapse_monitoring/collapse_monitor_latest.json
[DEBUG CollapseMonitor] on_validation_epoch_start called for epoch 89
[DEBUG CollapseMonitor] reset_temporal_state() called on loss function
Epoch 89: val_loss=0.9310742020606995
Epoch 89: train_loss=0.8945346474647522

[CollapseMonitor] Epoch 89
  [DEBUG] Processed 17 batches from val_dataloader
  [DEBUG] Predictions shape after concat: (260,)
  Pred std: 0.047937, range: 0.294624, mean: 0.327453
  Pos: 100.0%, Neg: 0.0%, Unique: 259
  Dir Acc: 60.77%, Pred Sharpe: 108.4375
  Composite: 0.4885 (dist_match: 0.6077, actual_pos: 60.8%, pred_pos: 100.0%)
  Collapse penalty: 0.000000 (threshold: 0.005000)
  Saved validation predictions to: experiments/11_staleness_attention/weekly_baseline_no_staleness/collapse_monitoring/val_predictions_epoch89.npy
  Gradient norms:
    lstm_encoder: 0.025651
    lstm_decoder: 0.015173
    output_layer: 0.347004
  VSN output std:
    encoder: 0.173627
  Attention entropy: 2.479743
  Saved to: experiments/11_staleness_attention/weekly_baseline_no_staleness/collapse_monitoring/collapse_monitor_latest.json
[DEBUG CollapseMonitor] on_validation_epoch_start called for epoch 90
[DEBUG CollapseMonitor] reset_temporal_state() called on loss function
Epoch 90: val_loss=0.9311420917510986
Epoch 90: train_loss=0.8922502398490906

[CollapseMonitor] Epoch 90
  [DEBUG] Processed 17 batches from val_dataloader
  [DEBUG] Predictions shape after concat: (260,)
  Pred std: 0.047545, range: 0.294636, mean: 0.327578
  Pos: 100.0%, Neg: 0.0%, Unique: 260
  Dir Acc: 60.77%, Pred Sharpe: 109.3735
  Composite: 0.4885 (dist_match: 0.6077, actual_pos: 60.8%, pred_pos: 100.0%)
  Collapse penalty: 0.000000 (threshold: 0.005000)
  Saved validation predictions to: experiments/11_staleness_attention/weekly_baseline_no_staleness/collapse_monitoring/val_predictions_epoch90.npy
  Gradient norms:
    lstm_encoder: 0.027573
    lstm_decoder: 0.015755
    output_layer: 0.373384
  VSN output std:
    encoder: 0.173637
  Attention entropy: 2.479838
  Saved to: experiments/11_staleness_attention/weekly_baseline_no_staleness/collapse_monitoring/collapse_monitor_latest.json
[DEBUG CollapseMonitor] on_validation_epoch_start called for epoch 91
[DEBUG CollapseMonitor] reset_temporal_state() called on loss function
Epoch 91: val_loss=0.9310485124588013
Epoch 91: train_loss=0.8951715230941772

[CollapseMonitor] Epoch 91
  [DEBUG] Processed 17 batches from val_dataloader
  [DEBUG] Predictions shape after concat: (260,)
  Pred std: 0.047617, range: 0.293780, mean: 0.330068
  Pos: 100.0%, Neg: 0.0%, Unique: 260
  Dir Acc: 60.77%, Pred Sharpe: 110.0366
  Composite: 0.4885 (dist_match: 0.6077, actual_pos: 60.8%, pred_pos: 100.0%)
  Collapse penalty: 0.000000 (threshold: 0.005000)
  Saved validation predictions to: experiments/11_staleness_attention/weekly_baseline_no_staleness/collapse_monitoring/val_predictions_epoch91.npy
  Gradient norms:
    lstm_encoder: 0.027062
    lstm_decoder: 0.015703
    output_layer: 0.375440
  VSN output std:
    encoder: 0.173654
  Attention entropy: 2.479806
  Saved to: experiments/11_staleness_attention/weekly_baseline_no_staleness/collapse_monitoring/collapse_monitor_latest.json
[DEBUG CollapseMonitor] on_validation_epoch_start called for epoch 92
[DEBUG CollapseMonitor] reset_temporal_state() called on loss function
Epoch 92: val_loss=0.9310951828956604
Epoch 92: train_loss=0.8920660018920898

[CollapseMonitor] Epoch 92
  [DEBUG] Processed 17 batches from val_dataloader
  [DEBUG] Predictions shape after concat: (260,)
  Pred std: 0.047692, range: 0.295128, mean: 0.332218
  Pos: 100.0%, Neg: 0.0%, Unique: 260
  Dir Acc: 60.77%, Pred Sharpe: 110.5802
  Composite: 0.4885 (dist_match: 0.6077, actual_pos: 60.8%, pred_pos: 100.0%)
  Collapse penalty: 0.000000 (threshold: 0.005000)
  Saved validation predictions to: experiments/11_staleness_attention/weekly_baseline_no_staleness/collapse_monitoring/val_predictions_epoch92.npy
  Gradient norms:
    lstm_encoder: 0.026564
    lstm_decoder: 0.015149
    output_layer: 0.358238
  VSN output std:
    encoder: 0.173664
  Attention entropy: 2.479872
  Saved to: experiments/11_staleness_attention/weekly_baseline_no_staleness/collapse_monitoring/collapse_monitor_latest.json
[DEBUG CollapseMonitor] on_validation_epoch_start called for epoch 93
[DEBUG CollapseMonitor] reset_temporal_state() called on loss function
Epoch 93: val_loss=0.9309917092323303
Epoch 93: train_loss=0.8917909264564514

[CollapseMonitor] Epoch 93
  [DEBUG] Processed 17 batches from val_dataloader
  [DEBUG] Predictions shape after concat: (260,)
  Pred std: 0.047911, range: 0.294627, mean: 0.332928
  Pos: 100.0%, Neg: 0.0%, Unique: 260
  Dir Acc: 60.77%, Pred Sharpe: 110.3107
  Composite: 0.4885 (dist_match: 0.6077, actual_pos: 60.8%, pred_pos: 100.0%)
  Collapse penalty: 0.000000 (threshold: 0.005000)
  Saved validation predictions to: experiments/11_staleness_attention/weekly_baseline_no_staleness/collapse_monitoring/val_predictions_epoch93.npy
  Gradient norms:
    lstm_encoder: 0.025731
    lstm_decoder: 0.015799
    output_layer: 0.387525
  VSN output std:
    encoder: 0.173672
  Attention entropy: 2.479826
  Saved to: experiments/11_staleness_attention/weekly_baseline_no_staleness/collapse_monitoring/collapse_monitor_latest.json
[DEBUG CollapseMonitor] on_validation_epoch_start called for epoch 94
[DEBUG CollapseMonitor] reset_temporal_state() called on loss function
Epoch 94: val_loss=0.9309828877449036
Epoch 94: train_loss=0.8908557295799255

[CollapseMonitor] Epoch 94
  [DEBUG] Processed 17 batches from val_dataloader
  [DEBUG] Predictions shape after concat: (260,)
  Pred std: 0.047916, range: 0.294709, mean: 0.331801
  Pos: 100.0%, Neg: 0.0%, Unique: 260
  Dir Acc: 60.77%, Pred Sharpe: 109.9260
  Composite: 0.4885 (dist_match: 0.6077, actual_pos: 60.8%, pred_pos: 100.0%)
  Collapse penalty: 0.000000 (threshold: 0.005000)
  Saved validation predictions to: experiments/11_staleness_attention/weekly_baseline_no_staleness/collapse_monitoring/val_predictions_epoch94.npy
  Gradient norms:
    lstm_encoder: 0.027676
    lstm_decoder: 0.016523
    output_layer: 0.388551
  VSN output std:
    encoder: 0.173684
  Attention entropy: 2.479845
  Saved to: experiments/11_staleness_attention/weekly_baseline_no_staleness/collapse_monitoring/collapse_monitor_latest.json
[DEBUG CollapseMonitor] on_validation_epoch_start called for epoch 95
[DEBUG CollapseMonitor] reset_temporal_state() called on loss function
Epoch 95: val_loss=0.9309829473495483
Epoch 95: train_loss=0.8948134183883667

[CollapseMonitor] Epoch 95
  [DEBUG] Processed 17 batches from val_dataloader
  [DEBUG] Predictions shape after concat: (260,)
  Pred std: 0.047353, range: 0.294811, mean: 0.331280
  Pos: 100.0%, Neg: 0.0%, Unique: 260
  Dir Acc: 60.77%, Pred Sharpe: 111.0578
  Composite: 0.4885 (dist_match: 0.6077, actual_pos: 60.8%, pred_pos: 100.0%)
  Collapse penalty: 0.000000 (threshold: 0.005000)
  Saved validation predictions to: experiments/11_staleness_attention/weekly_baseline_no_staleness/collapse_monitoring/val_predictions_epoch95.npy
  Gradient norms:
    lstm_encoder: 0.026353
    lstm_decoder: 0.015770
    output_layer: 0.380261
  VSN output std:
    encoder: 0.173685
  Attention entropy: 2.479891
  Saved to: experiments/11_staleness_attention/weekly_baseline_no_staleness/collapse_monitoring/collapse_monitor_latest.json
[DEBUG CollapseMonitor] on_validation_epoch_start called for epoch 96
[DEBUG CollapseMonitor] reset_temporal_state() called on loss function
Epoch 96: val_loss=0.9309815764427185
Epoch 96: train_loss=0.8900020122528076

[CollapseMonitor] Epoch 96
  [DEBUG] Processed 17 batches from val_dataloader
  [DEBUG] Predictions shape after concat: (260,)
  Pred std: 0.047812, range: 0.295804, mean: 0.335465
  Pos: 100.0%, Neg: 0.0%, Unique: 260
  Dir Acc: 60.77%, Pred Sharpe: 111.3808
  Composite: 0.4885 (dist_match: 0.6077, actual_pos: 60.8%, pred_pos: 100.0%)
  Collapse penalty: 0.000000 (threshold: 0.005000)
  Saved validation predictions to: experiments/11_staleness_attention/weekly_baseline_no_staleness/collapse_monitoring/val_predictions_epoch96.npy
  Gradient norms:
    lstm_encoder: 0.028679
    lstm_decoder: 0.016394
    output_layer: 0.387231
  VSN output std:
    encoder: 0.173706
  Attention entropy: 2.479904
  Saved to: experiments/11_staleness_attention/weekly_baseline_no_staleness/collapse_monitoring/collapse_monitor_latest.json
[DEBUG CollapseMonitor] on_validation_epoch_start called for epoch 97
[DEBUG CollapseMonitor] reset_temporal_state() called on loss function
Epoch 97: val_loss=0.9310059547424316
Epoch 97: train_loss=0.8947107195854187

[CollapseMonitor] Epoch 97
  [DEBUG] Processed 17 batches from val_dataloader
  [DEBUG] Predictions shape after concat: (260,)
  Pred std: 0.047485, range: 0.296252, mean: 0.335370
  Pos: 100.0%, Neg: 0.0%, Unique: 260
  Dir Acc: 60.77%, Pred Sharpe: 112.1160
  Composite: 0.4885 (dist_match: 0.6077, actual_pos: 60.8%, pred_pos: 100.0%)
  Collapse penalty: 0.000000 (threshold: 0.005000)
  Saved validation predictions to: experiments/11_staleness_attention/weekly_baseline_no_staleness/collapse_monitoring/val_predictions_epoch97.npy
  Gradient norms:
    lstm_encoder: 0.025837
    lstm_decoder: 0.015584
    output_layer: 0.388134
  VSN output std:
    encoder: 0.173709
  Attention entropy: 2.479963
  Saved to: experiments/11_staleness_attention/weekly_baseline_no_staleness/collapse_monitoring/collapse_monitor_latest.json
[DEBUG CollapseMonitor] on_validation_epoch_start called for epoch 98
[DEBUG CollapseMonitor] reset_temporal_state() called on loss function
Epoch 98: val_loss=0.9310036301612854
Epoch 98: train_loss=0.8940995335578918

[CollapseMonitor] Epoch 98
  [DEBUG] Processed 17 batches from val_dataloader
  [DEBUG] Predictions shape after concat: (260,)
  Pred std: 0.047721, range: 0.296741, mean: 0.333924
  Pos: 100.0%, Neg: 0.0%, Unique: 260
  Dir Acc: 60.77%, Pred Sharpe: 111.0808
  Composite: 0.4885 (dist_match: 0.6077, actual_pos: 60.8%, pred_pos: 100.0%)
  Collapse penalty: 0.000000 (threshold: 0.005000)
  Saved validation predictions to: experiments/11_staleness_attention/weekly_baseline_no_staleness/collapse_monitoring/val_predictions_epoch98.npy
  Gradient norms:
    lstm_encoder: 0.026356
    lstm_decoder: 0.015563
    output_layer: 0.370103
  VSN output std:
    encoder: 0.173733
  Attention entropy: 2.479941
  Saved to: experiments/11_staleness_attention/weekly_baseline_no_staleness/collapse_monitoring/collapse_monitor_latest.json
[DEBUG CollapseMonitor] on_validation_epoch_start called for epoch 99
[DEBUG CollapseMonitor] reset_temporal_state() called on loss function
Epoch 99: val_loss=0.9311339259147644
Epoch 99: train_loss=0.8945518136024475

[CollapseMonitor] Epoch 99
  [DEBUG] Processed 17 batches from val_dataloader
  [DEBUG] Predictions shape after concat: (260,)
  Pred std: 0.047381, range: 0.299757, mean: 0.335637
  Pos: 100.0%, Neg: 0.0%, Unique: 260
  Dir Acc: 60.77%, Pred Sharpe: 112.4516
  Composite: 0.4885 (dist_match: 0.6077, actual_pos: 60.8%, pred_pos: 100.0%)
  Collapse penalty: 0.000000 (threshold: 0.005000)
  Saved validation predictions to: experiments/11_staleness_attention/weekly_baseline_no_staleness/collapse_monitoring/val_predictions_epoch99.npy
  Gradient norms:
    lstm_encoder: 0.026068
    lstm_decoder: 0.015384
    output_layer: 0.383272
  VSN output std:
    encoder: 0.173733
  Attention entropy: 2.480135
  Saved to: experiments/11_staleness_attention/weekly_baseline_no_staleness/collapse_monitoring/collapse_monitor_latest.json
[DEBUG CollapseMonitor] on_validation_epoch_start called for epoch 100
[DEBUG CollapseMonitor] reset_temporal_state() called on loss function
Epoch 100: val_loss=0.9312368631362915
Epoch 100: train_loss=0.8916197419166565

[CollapseMonitor] Epoch 100
  [DEBUG] Processed 17 batches from val_dataloader
  [DEBUG] Predictions shape after concat: (260,)
  Pred std: 0.047438, range: 0.302489, mean: 0.333664
  Pos: 100.0%, Neg: 0.0%, Unique: 259
  Dir Acc: 60.77%, Pred Sharpe: 111.6555
  Composite: 0.4885 (dist_match: 0.6077, actual_pos: 60.8%, pred_pos: 100.0%)
  Collapse penalty: 0.000000 (threshold: 0.005000)
  Saved validation predictions to: experiments/11_staleness_attention/weekly_baseline_no_staleness/collapse_monitoring/val_predictions_epoch100.npy
  Gradient norms:
    lstm_encoder: 0.026849
    lstm_decoder: 0.015518
    output_layer: 0.362555
  VSN output std:
    encoder: 0.173742
  Attention entropy: 2.480322
  Saved to: experiments/11_staleness_attention/weekly_baseline_no_staleness/collapse_monitoring/collapse_monitor_latest.json
[DEBUG CollapseMonitor] on_validation_epoch_start called for epoch 101
[DEBUG CollapseMonitor] reset_temporal_state() called on loss function
Epoch 101: val_loss=0.9311639070510864
Epoch 101: train_loss=0.8940407037734985

[CollapseMonitor] Epoch 101
  [DEBUG] Processed 17 batches from val_dataloader
  [DEBUG] Predictions shape after concat: (260,)
  Pred std: 0.047658, range: 0.300764, mean: 0.332598
  Pos: 100.0%, Neg: 0.0%, Unique: 260
  Dir Acc: 60.77%, Pred Sharpe: 110.7865
  Composite: 0.4885 (dist_match: 0.6077, actual_pos: 60.8%, pred_pos: 100.0%)
  Collapse penalty: 0.000000 (threshold: 0.005000)
  Saved validation predictions to: experiments/11_staleness_attention/weekly_baseline_no_staleness/collapse_monitoring/val_predictions_epoch101.npy
  Gradient norms:
    lstm_encoder: 0.026140
    lstm_decoder: 0.015589
    output_layer: 0.367755
  VSN output std:
    encoder: 0.173775
  Attention entropy: 2.480283
  Saved to: experiments/11_staleness_attention/weekly_baseline_no_staleness/collapse_monitoring/collapse_monitor_latest.json
[DEBUG CollapseMonitor] on_validation_epoch_start called for epoch 102
[DEBUG CollapseMonitor] reset_temporal_state() called on loss function
Epoch 102: val_loss=0.9311724305152893
Epoch 102: train_loss=0.8907343745231628

[CollapseMonitor] Epoch 102
  [DEBUG] Processed 17 batches from val_dataloader
  [DEBUG] Predictions shape after concat: (260,)
  Pred std: 0.047944, range: 0.302458, mean: 0.333455
  Pos: 100.0%, Neg: 0.0%, Unique: 260
  Dir Acc: 60.77%, Pred Sharpe: 110.4090
  Composite: 0.4885 (dist_match: 0.6077, actual_pos: 60.8%, pred_pos: 100.0%)
  Collapse penalty: 0.000000 (threshold: 0.005000)
  Saved validation predictions to: experiments/11_staleness_attention/weekly_baseline_no_staleness/collapse_monitoring/val_predictions_epoch102.npy
  Gradient norms:
    lstm_encoder: 0.027048
    lstm_decoder: 0.015613
    output_layer: 0.363324
  VSN output std:
    encoder: 0.173760
  Attention entropy: 2.480312
  Saved to: experiments/11_staleness_attention/weekly_baseline_no_staleness/collapse_monitoring/collapse_monitor_latest.json
[DEBUG CollapseMonitor] on_validation_epoch_start called for epoch 103
[DEBUG CollapseMonitor] reset_temporal_state() called on loss function
Epoch 103: val_loss=0.9311895966529846
Epoch 103: train_loss=0.8913118243217468

[CollapseMonitor] Epoch 103
  [DEBUG] Processed 17 batches from val_dataloader
  [DEBUG] Predictions shape after concat: (260,)
  Pred std: 0.047853, range: 0.302807, mean: 0.331369
  Pos: 100.0%, Neg: 0.0%, Unique: 260
  Dir Acc: 60.77%, Pred Sharpe: 109.9256
  Composite: 0.4885 (dist_match: 0.6077, actual_pos: 60.8%, pred_pos: 100.0%)
  Collapse penalty: 0.000000 (threshold: 0.005000)
  Saved validation predictions to: experiments/11_staleness_attention/weekly_baseline_no_staleness/collapse_monitoring/val_predictions_epoch103.npy
  Gradient norms:
    lstm_encoder: 0.027215
    lstm_decoder: 0.016057
    output_layer: 0.382917
  VSN output std:
    encoder: 0.173777
  Attention entropy: 2.480294
  Saved to: experiments/11_staleness_attention/weekly_baseline_no_staleness/collapse_monitoring/collapse_monitor_latest.json
[DEBUG CollapseMonitor] on_validation_epoch_start called for epoch 104
[DEBUG CollapseMonitor] reset_temporal_state() called on loss function
Epoch 104: val_loss=0.9311343431472778
Epoch 104: train_loss=0.8873209953308105

[CollapseMonitor] Epoch 104
  [DEBUG] Processed 17 batches from val_dataloader
  [DEBUG] Predictions shape after concat: (260,)
  Pred std: 0.048248, range: 0.303932, mean: 0.330100
  Pos: 100.0%, Neg: 0.0%, Unique: 260
  Dir Acc: 60.77%, Pred Sharpe: 108.6086
  Composite: 0.4885 (dist_match: 0.6077, actual_pos: 60.8%, pred_pos: 100.0%)
  Collapse penalty: 0.000000 (threshold: 0.005000)
  Saved validation predictions to: experiments/11_staleness_attention/weekly_baseline_no_staleness/collapse_monitoring/val_predictions_epoch104.npy
  Gradient norms:
    lstm_encoder: 0.026384
    lstm_decoder: 0.015393
    output_layer: 0.357419
  VSN output std:
    encoder: 0.173780
  Attention entropy: 2.480311
  Saved to: experiments/11_staleness_attention/weekly_baseline_no_staleness/collapse_monitoring/collapse_monitor_latest.json
[DEBUG CollapseMonitor] on_validation_epoch_start called for epoch 105
[DEBUG CollapseMonitor] reset_temporal_state() called on loss function
Epoch 105: val_loss=0.9311885237693787
Epoch 105: train_loss=0.8924360275268555

[CollapseMonitor] Epoch 105
  [DEBUG] Processed 17 batches from val_dataloader
  [DEBUG] Predictions shape after concat: (260,)
  Pred std: 0.047946, range: 0.303971, mean: 0.331165
  Pos: 100.0%, Neg: 0.0%, Unique: 260
  Dir Acc: 60.77%, Pred Sharpe: 109.6457
  Composite: 0.4885 (dist_match: 0.6077, actual_pos: 60.8%, pred_pos: 100.0%)
  Collapse penalty: 0.000000 (threshold: 0.005000)
  Saved validation predictions to: experiments/11_staleness_attention/weekly_baseline_no_staleness/collapse_monitoring/val_predictions_epoch105.npy
  Gradient norms:
    lstm_encoder: 0.026812
    lstm_decoder: 0.016174
    output_layer: 0.383110
  VSN output std:
    encoder: 0.173789
  Attention entropy: 2.480429
  Saved to: experiments/11_staleness_attention/weekly_baseline_no_staleness/collapse_monitoring/collapse_monitor_latest.json
[DEBUG CollapseMonitor] on_validation_epoch_start called for epoch 106
[DEBUG CollapseMonitor] reset_temporal_state() called on loss function
Epoch 106: val_loss=0.931186854839325
Epoch 106: train_loss=0.8915000557899475

[CollapseMonitor] Epoch 106
  [DEBUG] Processed 17 batches from val_dataloader
  [DEBUG] Predictions shape after concat: (260,)
  Pred std: 0.047883, range: 0.304253, mean: 0.331222
  Pos: 100.0%, Neg: 0.0%, Unique: 260
  Dir Acc: 60.77%, Pred Sharpe: 109.8088
  Composite: 0.4885 (dist_match: 0.6077, actual_pos: 60.8%, pred_pos: 100.0%)
  Collapse penalty: 0.000000 (threshold: 0.005000)
  Saved validation predictions to: experiments/11_staleness_attention/weekly_baseline_no_staleness/collapse_monitoring/val_predictions_epoch106.npy
  Gradient norms:
    lstm_encoder: 0.028505
    lstm_decoder: 0.016238
    output_layer: 0.383267
  VSN output std:
    encoder: 0.173804
  Attention entropy: 2.480439
  Saved to: experiments/11_staleness_attention/weekly_baseline_no_staleness/collapse_monitoring/collapse_monitor_latest.json
[DEBUG CollapseMonitor] on_validation_epoch_start called for epoch 107
[DEBUG CollapseMonitor] reset_temporal_state() called on loss function
Epoch 107: val_loss=0.9312267303466797
Epoch 107: train_loss=0.8924362063407898

[CollapseMonitor] Epoch 107
  [DEBUG] Processed 17 batches from val_dataloader
  [DEBUG] Predictions shape after concat: (260,)
  Pred std: 0.047579, range: 0.305024, mean: 0.330768
  Pos: 100.0%, Neg: 0.0%, Unique: 260
  Dir Acc: 60.77%, Pred Sharpe: 110.3591
  Composite: 0.4885 (dist_match: 0.6077, actual_pos: 60.8%, pred_pos: 100.0%)
  Collapse penalty: 0.000000 (threshold: 0.005000)
  Saved validation predictions to: experiments/11_staleness_attention/weekly_baseline_no_staleness/collapse_monitoring/val_predictions_epoch107.npy
  Gradient norms:
    lstm_encoder: 0.026300
    lstm_decoder: 0.015375
    output_layer: 0.343278
  VSN output std:
    encoder: 0.173797
  Attention entropy: 2.480452
  Saved to: experiments/11_staleness_attention/weekly_baseline_no_staleness/collapse_monitoring/collapse_monitor_latest.json
[DEBUG CollapseMonitor] on_validation_epoch_start called for epoch 108
[DEBUG CollapseMonitor] reset_temporal_state() called on loss function
Epoch 108: val_loss=0.931078314781189
Epoch 108: train_loss=0.8911917209625244

[CollapseMonitor] Epoch 108
  [DEBUG] Processed 17 batches from val_dataloader
  [DEBUG] Predictions shape after concat: (260,)
  Pred std: 0.047662, range: 0.303718, mean: 0.330383
  Pos: 100.0%, Neg: 0.0%, Unique: 260
  Dir Acc: 60.77%, Pred Sharpe: 110.0385
  Composite: 0.4885 (dist_match: 0.6077, actual_pos: 60.8%, pred_pos: 100.0%)
  Collapse penalty: 0.000000 (threshold: 0.005000)
  Saved validation predictions to: experiments/11_staleness_attention/weekly_baseline_no_staleness/collapse_monitoring/val_predictions_epoch108.npy
  Gradient norms:
    lstm_encoder: 0.027270
    lstm_decoder: 0.015420
    output_layer: 0.358931
  VSN output std:
    encoder: 0.173830
  Attention entropy: 2.480268
  Saved to: experiments/11_staleness_attention/weekly_baseline_no_staleness/collapse_monitoring/collapse_monitor_latest.json
[DEBUG CollapseMonitor] on_validation_epoch_start called for epoch 109
[DEBUG CollapseMonitor] reset_temporal_state() called on loss function
Epoch 109: val_loss=0.9311438202857971
Epoch 109: train_loss=0.8932225108146667

[CollapseMonitor] Epoch 109
  [DEBUG] Processed 17 batches from val_dataloader
  [DEBUG] Predictions shape after concat: (260,)
  Pred std: 0.047739, range: 0.305495, mean: 0.336039
  Pos: 100.0%, Neg: 0.0%, Unique: 260
  Dir Acc: 60.77%, Pred Sharpe: 111.7421
  Composite: 0.4885 (dist_match: 0.6077, actual_pos: 60.8%, pred_pos: 100.0%)
  Collapse penalty: 0.000000 (threshold: 0.005000)
  Saved validation predictions to: experiments/11_staleness_attention/weekly_baseline_no_staleness/collapse_monitoring/val_predictions_epoch109.npy
  Gradient norms:
    lstm_encoder: 0.027228
    lstm_decoder: 0.015736
    output_layer: 0.363217
  VSN output std:
    encoder: 0.173818
  Attention entropy: 2.480367
  Saved to: experiments/11_staleness_attention/weekly_baseline_no_staleness/collapse_monitoring/collapse_monitor_latest.json
[DEBUG CollapseMonitor] on_validation_epoch_start called for epoch 110
[DEBUG CollapseMonitor] reset_temporal_state() called on loss function
Epoch 110: val_loss=0.9311432242393494
Epoch 110: train_loss=0.888088047504425

[CollapseMonitor] Epoch 110
  [DEBUG] Processed 17 batches from val_dataloader
  [DEBUG] Predictions shape after concat: (260,)
  Pred std: 0.047811, range: 0.305825, mean: 0.337496
  Pos: 100.0%, Neg: 0.0%, Unique: 260
  Dir Acc: 60.77%, Pred Sharpe: 112.0567
  Composite: 0.4885 (dist_match: 0.6077, actual_pos: 60.8%, pred_pos: 100.0%)
  Collapse penalty: 0.000000 (threshold: 0.005000)
  Saved validation predictions to: experiments/11_staleness_attention/weekly_baseline_no_staleness/collapse_monitoring/val_predictions_epoch110.npy
  Gradient norms:
    lstm_encoder: 0.027919
    lstm_decoder: 0.016035
    output_layer: 0.385917
  VSN output std:
    encoder: 0.173795
  Attention entropy: 2.480400
  Saved to: experiments/11_staleness_attention/weekly_baseline_no_staleness/collapse_monitoring/collapse_monitor_latest.json
[DEBUG CollapseMonitor] on_validation_epoch_start called for epoch 111
[DEBUG CollapseMonitor] reset_temporal_state() called on loss function
Epoch 111: val_loss=0.9310977458953857
Epoch 111: train_loss=0.8932400345802307

[CollapseMonitor] Epoch 111
  [DEBUG] Processed 17 batches from val_dataloader
  [DEBUG] Predictions shape after concat: (260,)
  Pred std: 0.048063, range: 0.306758, mean: 0.335605
  Pos: 100.0%, Neg: 0.0%, Unique: 260
  Dir Acc: 60.77%, Pred Sharpe: 110.8459
  Composite: 0.4885 (dist_match: 0.6077, actual_pos: 60.8%, pred_pos: 100.0%)
  Collapse penalty: 0.000000 (threshold: 0.005000)
  Saved validation predictions to: experiments/11_staleness_attention/weekly_baseline_no_staleness/collapse_monitoring/val_predictions_epoch111.npy
  Gradient norms:
    lstm_encoder: 0.027358
    lstm_decoder: 0.015626
    output_layer: 0.375192
  VSN output std:
    encoder: 0.173801
  Attention entropy: 2.480379
  Saved to: experiments/11_staleness_attention/weekly_baseline_no_staleness/collapse_monitoring/collapse_monitor_latest.json
[DEBUG CollapseMonitor] on_validation_epoch_start called for epoch 112
[DEBUG CollapseMonitor] reset_temporal_state() called on loss function
Epoch 112: val_loss=0.9311591386795044
Epoch 112: train_loss=0.8875452876091003

[CollapseMonitor] Epoch 112
  [DEBUG] Processed 17 batches from val_dataloader
  [DEBUG] Predictions shape after concat: (260,)
  Pred std: 0.047502, range: 0.307532, mean: 0.337330
  Pos: 100.0%, Neg: 0.0%, Unique: 260
  Dir Acc: 60.77%, Pred Sharpe: 112.7314
  Composite: 0.4885 (dist_match: 0.6077, actual_pos: 60.8%, pred_pos: 100.0%)
  Collapse penalty: 0.000000 (threshold: 0.005000)
  Saved validation predictions to: experiments/11_staleness_attention/weekly_baseline_no_staleness/collapse_monitoring/val_predictions_epoch112.npy
  Gradient norms:
    lstm_encoder: 0.028429
    lstm_decoder: 0.016239
    output_layer: 0.365940
  VSN output std:
    encoder: 0.173810
  Attention entropy: 2.480503
  Saved to: experiments/11_staleness_attention/weekly_baseline_no_staleness/collapse_monitoring/collapse_monitor_latest.json
[DEBUG CollapseMonitor] on_validation_epoch_start called for epoch 113
[DEBUG CollapseMonitor] reset_temporal_state() called on loss function
Epoch 113: val_loss=0.9311521053314209
Epoch 113: train_loss=0.889419674873352

[CollapseMonitor] Epoch 113
  [DEBUG] Processed 17 batches from val_dataloader
  [DEBUG] Predictions shape after concat: (260,)
  Pred std: 0.048270, range: 0.309589, mean: 0.340205
  Pos: 100.0%, Neg: 0.0%, Unique: 260
  Dir Acc: 60.77%, Pred Sharpe: 111.8832
  Composite: 0.4885 (dist_match: 0.6077, actual_pos: 60.8%, pred_pos: 100.0%)
  Collapse penalty: 0.000000 (threshold: 0.005000)
  Saved validation predictions to: experiments/11_staleness_attention/weekly_baseline_no_staleness/collapse_monitoring/val_predictions_epoch113.npy
  Gradient norms:
    lstm_encoder: 0.025600
    lstm_decoder: 0.015565
    output_layer: 0.379307
  VSN output std:
    encoder: 0.173804
  Attention entropy: 2.480563
  Saved to: experiments/11_staleness_attention/weekly_baseline_no_staleness/collapse_monitoring/collapse_monitor_latest.json
[DEBUG CollapseMonitor] on_validation_epoch_start called for epoch 114
[DEBUG CollapseMonitor] reset_temporal_state() called on loss function
Epoch 114: val_loss=0.9310439825057983
Epoch 114: train_loss=0.8950607180595398

[CollapseMonitor] Epoch 114
  [DEBUG] Processed 17 batches from val_dataloader
  [DEBUG] Predictions shape after concat: (260,)
  Pred std: 0.048461, range: 0.308934, mean: 0.339646
  Pos: 100.0%, Neg: 0.0%, Unique: 260
  Dir Acc: 60.77%, Pred Sharpe: 111.2599
  Composite: 0.4885 (dist_match: 0.6077, actual_pos: 60.8%, pred_pos: 100.0%)
  Collapse penalty: 0.000000 (threshold: 0.005000)
  Saved validation predictions to: experiments/11_staleness_attention/weekly_baseline_no_staleness/collapse_monitoring/val_predictions_epoch114.npy
  Gradient norms:
    lstm_encoder: 0.026252
    lstm_decoder: 0.015586
    output_layer: 0.381337
  VSN output std:
    encoder: 0.173820
  Attention entropy: 2.480490
  Saved to: experiments/11_staleness_attention/weekly_baseline_no_staleness/collapse_monitoring/collapse_monitor_latest.json
[DEBUG CollapseMonitor] on_validation_epoch_start called for epoch 115
[DEBUG CollapseMonitor] reset_temporal_state() called on loss function
Epoch 115: val_loss=0.9310166835784912
Epoch 115: train_loss=0.8893255591392517

[CollapseMonitor] Epoch 115
  [DEBUG] Processed 17 batches from val_dataloader
  [DEBUG] Predictions shape after concat: (260,)
  Pred std: 0.048578, range: 0.309383, mean: 0.339422
  Pos: 100.0%, Neg: 0.0%, Unique: 260
  Dir Acc: 60.77%, Pred Sharpe: 110.9168
  Composite: 0.4885 (dist_match: 0.6077, actual_pos: 60.8%, pred_pos: 100.0%)
  Collapse penalty: 0.000000 (threshold: 0.005000)
  Saved validation predictions to: experiments/11_staleness_attention/weekly_baseline_no_staleness/collapse_monitoring/val_predictions_epoch115.npy
  Gradient norms:
    lstm_encoder: 0.027049
    lstm_decoder: 0.015295
    output_layer: 0.352149
  VSN output std:
    encoder: 0.173843
  Attention entropy: 2.480513
  Saved to: experiments/11_staleness_attention/weekly_baseline_no_staleness/collapse_monitoring/collapse_monitor_latest.json
[DEBUG CollapseMonitor] on_validation_epoch_start called for epoch 116
[DEBUG CollapseMonitor] reset_temporal_state() called on loss function
Epoch 116: val_loss=0.9310096502304077
Epoch 116: train_loss=0.8907994031906128

[CollapseMonitor] Epoch 116
  [DEBUG] Processed 17 batches from val_dataloader
  [DEBUG] Predictions shape after concat: (260,)
  Pred std: 0.048583, range: 0.308890, mean: 0.338422
  Pos: 100.0%, Neg: 0.0%, Unique: 259
  Dir Acc: 60.77%, Pred Sharpe: 110.5788
  Composite: 0.4885 (dist_match: 0.6077, actual_pos: 60.8%, pred_pos: 100.0%)
  Collapse penalty: 0.000000 (threshold: 0.005000)
  Saved validation predictions to: experiments/11_staleness_attention/weekly_baseline_no_staleness/collapse_monitoring/val_predictions_epoch116.npy
  Gradient norms:
    lstm_encoder: 0.026779
    lstm_decoder: 0.015979
    output_layer: 0.364180
  VSN output std:
    encoder: 0.173840
  Attention entropy: 2.480512
  Saved to: experiments/11_staleness_attention/weekly_baseline_no_staleness/collapse_monitoring/collapse_monitor_latest.json
[DEBUG CollapseMonitor] on_validation_epoch_start called for epoch 117
[DEBUG CollapseMonitor] reset_temporal_state() called on loss function
Epoch 117: val_loss=0.9310237765312195
Epoch 117: train_loss=0.8943535089492798

[CollapseMonitor] Epoch 117
  [DEBUG] Processed 17 batches from val_dataloader
  [DEBUG] Predictions shape after concat: (260,)
  Pred std: 0.049063, range: 0.310557, mean: 0.340214
  Pos: 100.0%, Neg: 0.0%, Unique: 260
  Dir Acc: 60.77%, Pred Sharpe: 110.0778
  Composite: 0.4885 (dist_match: 0.6077, actual_pos: 60.8%, pred_pos: 100.0%)
  Collapse penalty: 0.000000 (threshold: 0.005000)
  Saved validation predictions to: experiments/11_staleness_attention/weekly_baseline_no_staleness/collapse_monitoring/val_predictions_epoch117.npy
  Gradient norms:
    lstm_encoder: 0.028180
    lstm_decoder: 0.015624
    output_layer: 0.360362
  VSN output std:
    encoder: 0.173823
  Attention entropy: 2.480592
  Saved to: experiments/11_staleness_attention/weekly_baseline_no_staleness/collapse_monitoring/collapse_monitor_latest.json
[DEBUG CollapseMonitor] on_validation_epoch_start called for epoch 118
[DEBUG CollapseMonitor] reset_temporal_state() called on loss function
Epoch 118: val_loss=0.9309666156768799
Epoch 118: train_loss=0.8879733085632324

[CollapseMonitor] Epoch 118
  [DEBUG] Processed 17 batches from val_dataloader
  [DEBUG] Predictions shape after concat: (260,)
  Pred std: 0.049184, range: 0.310832, mean: 0.340686
  Pos: 100.0%, Neg: 0.0%, Unique: 260
  Dir Acc: 60.77%, Pred Sharpe: 109.9588
  Composite: 0.4885 (dist_match: 0.6077, actual_pos: 60.8%, pred_pos: 100.0%)
  Collapse penalty: 0.000000 (threshold: 0.005000)
  Saved validation predictions to: experiments/11_staleness_attention/weekly_baseline_no_staleness/collapse_monitoring/val_predictions_epoch118.npy
  Gradient norms:
    lstm_encoder: 0.027708
    lstm_decoder: 0.016587
    output_layer: 0.395550
  VSN output std:
    encoder: 0.173817
  Attention entropy: 2.480572
  Saved to: experiments/11_staleness_attention/weekly_baseline_no_staleness/collapse_monitoring/collapse_monitor_latest.json
[DEBUG CollapseMonitor] on_validation_epoch_start called for epoch 119
[DEBUG CollapseMonitor] reset_temporal_state() called on loss function
Epoch 119: val_loss=0.9310223460197449
Epoch 119: train_loss=0.8919073343276978

[CollapseMonitor] Epoch 119
  [DEBUG] Processed 17 batches from val_dataloader
  [DEBUG] Predictions shape after concat: (260,)
  Pred std: 0.048717, range: 0.310781, mean: 0.336225
  Pos: 100.0%, Neg: 0.0%, Unique: 260
  Dir Acc: 60.77%, Pred Sharpe: 109.5586
  Composite: 0.4885 (dist_match: 0.6077, actual_pos: 60.8%, pred_pos: 100.0%)
  Collapse penalty: 0.000000 (threshold: 0.005000)
  Saved validation predictions to: experiments/11_staleness_attention/weekly_baseline_no_staleness/collapse_monitoring/val_predictions_epoch119.npy
  Gradient norms:
    lstm_encoder: 0.027641
    lstm_decoder: 0.015946
    output_layer: 0.382644
  VSN output std:
    encoder: 0.173834
  Attention entropy: 2.480593
  Saved to: experiments/11_staleness_attention/weekly_baseline_no_staleness/collapse_monitoring/collapse_monitor_latest.json
[DEBUG CollapseMonitor] on_validation_epoch_start called for epoch 120
[DEBUG CollapseMonitor] reset_temporal_state() called on loss function
Epoch 120: val_loss=0.9310865998268127
Epoch 120: train_loss=0.8944538831710815

[CollapseMonitor] Epoch 120
  [DEBUG] Processed 17 batches from val_dataloader
  [DEBUG] Predictions shape after concat: (260,)
  Pred std: 0.048510, range: 0.312407, mean: 0.333612
  Pos: 100.0%, Neg: 0.0%, Unique: 259
  Dir Acc: 60.77%, Pred Sharpe: 109.1724
  Composite: 0.4885 (dist_match: 0.6077, actual_pos: 60.8%, pred_pos: 100.0%)
  Collapse penalty: 0.000000 (threshold: 0.005000)
  Saved validation predictions to: experiments/11_staleness_attention/weekly_baseline_no_staleness/collapse_monitoring/val_predictions_epoch120.npy
  Gradient norms:
    lstm_encoder: 0.026185
    lstm_decoder: 0.015715
    output_layer: 0.381280
  VSN output std:
    encoder: 0.173851
  Attention entropy: 2.480706
  Saved to: experiments/11_staleness_attention/weekly_baseline_no_staleness/collapse_monitoring/collapse_monitor_latest.json
[DEBUG CollapseMonitor] on_validation_epoch_start called for epoch 121
[DEBUG CollapseMonitor] reset_temporal_state() called on loss function
Epoch 121: val_loss=0.9311366677284241
Epoch 121: train_loss=0.889552891254425

[CollapseMonitor] Epoch 121
  [DEBUG] Processed 17 batches from val_dataloader
  [DEBUG] Predictions shape after concat: (260,)
  Pred std: 0.048651, range: 0.312640, mean: 0.330017
  Pos: 100.0%, Neg: 0.0%, Unique: 260
  Dir Acc: 60.77%, Pred Sharpe: 107.6833
  Composite: 0.4885 (dist_match: 0.6077, actual_pos: 60.8%, pred_pos: 100.0%)
  Collapse penalty: 0.000000 (threshold: 0.005000)
  Saved validation predictions to: experiments/11_staleness_attention/weekly_baseline_no_staleness/collapse_monitoring/val_predictions_epoch121.npy
  Gradient norms:
    lstm_encoder: 0.027280
    lstm_decoder: 0.015878
    output_layer: 0.366144
  VSN output std:
    encoder: 0.173849
  Attention entropy: 2.480767
  Saved to: experiments/11_staleness_attention/weekly_baseline_no_staleness/collapse_monitoring/collapse_monitor_latest.json


======================================================================
Training complete
======================================================================

Best val_loss checkpoint: experiments/11_staleness_attention/weekly_baseline_no_staleness/checkpoints/tft-epoch=epoch=21-valloss=val_loss=0.9283.ckpt
Best validation loss: 0.928273
Checkpoints saved:
  - Best val_loss: experiments/11_staleness_attention/weekly_baseline_no_staleness/checkpoints/tft-epoch=epoch=21-valloss=val_loss=0.9283.ckpt
  - Best pred_std: experiments/11_staleness_attention/weekly_baseline_no_staleness/checkpoints/tft-epoch=epoch=21-predstd=val_pred_std=0.0628.ckpt
  - Best unique: experiments/11_staleness_attention/weekly_baseline_no_staleness/checkpoints/tft-epoch=epoch=02-unique=val_num_unique=260.ckpt
  - Best dir_acc: experiments/11_staleness_attention/weekly_baseline_no_staleness/checkpoints/tft-epoch=epoch=00-diracc=val_dir_acc=0.6077.ckpt
  - Best sharpe: experiments/11_staleness_attention/weekly_baseline_no_staleness/checkpoints/tft-epoch=epoch=14-sharpe=val_sharpe=370.7325.ckpt
  - Best composite: experiments/11_staleness_attention/weekly_baseline_no_staleness/checkpoints/tft-epoch=epoch=00-composite=val_composite=0.4885.ckpt
Completed at: 2025-12-11 13:50:04
Log saved to: experiments/11_staleness_attention/weekly_baseline_no_staleness/training_20251211_134653.log
======================================================================
