{
  "evaluation_timestamp": "2025-10-27T12:02:39.812747",
  "statistical_metrics": {
    "mse": 1.181227684020996,
    "rmse": 1.0868430137634277,
    "mae": 0.7731342911720276,
    "mape": 153.8635492324829,
    "r2": -0.0037949085235595703,
    "mean_error": 0.052026521414518356,
    "std_error": 1.085597038269043
  },
  "financial_metrics": {
    "directional_accuracy": 0.534375,
    "sharpe_ratio": 0.9642806126755377,
    "max_drawdown": -0.18902234733104706,
    "total_return": 0.6269509792327881,
    "hit_rate": 0.27734375,
    "num_trades": 619,
    "precision": 0.5735056542810986,
    "recall": 0.5167394468704513,
    "f1_score": 0.5436447166921899,
    "confusion_matrix": [
      [
        329,
        264
      ],
      [
        332,
        355
      ]
    ],
    "auc_roc": 0.5413128910555216,
    "alpha": -0.2946571111679077
  },
  "residual_diagnostics": {
    "normality_p_value": 7.058523526142579e-40,
    "acf_lag1": -0.035021087742439554,
    "skewness": 0.1253707810788055,
    "kurtosis": 6.373185816347073
  },
  "mode_stats": {
    "healthy_days": 145,
    "degraded_days": 67,
    "unidirectional_days": 814,
    "weak_collapse_days": 97,
    "strong_collapse_days": 157,
    "total_days": 1280,
    "healthy_pct": 11.328125,
    "degraded_pct": 5.234375,
    "unidirectional_pct": 63.59375000000001,
    "weak_collapse_pct": 7.578124999999999,
    "strong_collapse_pct": 12.265625
  },
  "collapse_detected": true,
  "degradation_detected": true,
  "checkpoint_used": "experiments/00_baseline_exploration/sweep2_h16_lr_0.0007/checkpoints/tft-epoch=01-val_loss=0.1187.ckpt"
}