{
  "evaluation_timestamp": "2025-10-30T03:16:53.231436",
  "statistical_metrics": {
    "mse": 1.1722853183746338,
    "rmse": 1.08272123336792,
    "mae": 0.7709378004074097,
    "mape": 172.98221588134766,
    "r2": 0.0038042664527893066,
    "mean_error": -0.014175507239997387,
    "std_error": 1.0826284885406494
  },
  "financial_metrics": {
    "directional_accuracy": 0.5328125,
    "sharpe_ratio": 0.8752693257994593,
    "max_drawdown": -0.22921346127986908,
    "total_return": 0.9032437801361084,
    "hit_rate": 0.47265625,
    "num_trades": 1121,
    "precision": 0.5396966993755575,
    "recall": 0.8806404657933042,
    "f1_score": 0.6692477876106195,
    "confusion_matrix": [
      [
        77,
        516
      ],
      [
        82,
        605
      ]
    ],
    "auc_roc": 0.5278049834188777,
    "alpha": -0.018364310264587402
  },
  "residual_diagnostics": {
    "normality_p_value": 7.691541405275897e-39,
    "acf_lag1": -0.02835846674296499,
    "skewness": 0.02724522667863756,
    "kurtosis": 6.292092711202894
  },
  "mode_stats": {
    "healthy_days": 455,
    "degraded_days": 102,
    "unidirectional_days": 723,
    "weak_collapse_days": 0,
    "strong_collapse_days": 0,
    "total_days": 1280,
    "healthy_pct": 35.546875,
    "degraded_pct": 7.968749999999999,
    "unidirectional_pct": 56.484375,
    "weak_collapse_pct": 0.0,
    "strong_collapse_pct": 0.0
  },
  "collapse_detected": false,
  "degradation_detected": true,
  "checkpoint_used": "experiments/00_baseline_exploration/sweep2_h16_lr_0.0007/checkpoints/tft-epoch=40-val_loss=0.4007.ckpt"
}