
[INFO] Using AUTO device selection.

[INFO] Patched matplotlib.Axes.errorbar to abs() negative yerr for robustness.
======================================================================
Training TFT: 12b_feature_sweep/core_dynamics_weekly_7q_h1_enc8_s42
======================================================================
Logging to: experiments/12b_feature_sweep/core_dynamics_weekly_7q_h1_enc8_s42/training_20251213_215616.log
Started at: 2025-12-13 21:56:16
======================================================================

Loading data splits...
Train: 908 samples
Val: 195 samples
Test: 195 samples

Preparing TimeSeriesDataSet...

Final features for TFT: ['SP500_Returns', 'VIX', 'Treasury_10Y', 'Yield_Spread', 'Inflation_YoY', 'VIX_relative', 'VIX_spike', 'Treasury_10Y_change', 'CPI']

======================================================================
FEATURE STATISTICS - BEFORE NORMALIZATION
======================================================================
VIX                             mean= 19.6699  std=  8.7549  min=  9.3400  max= 72.9160
Treasury_10Y                    mean=  3.3845  std=  1.1265  min=  1.3700  max=  5.5200
Yield_Spread                    mean=  1.5011  std=  0.8234  min= -0.1800  max=  2.9100
Inflation_YoY                   mean=  2.1526  std=  1.3025  min= -2.1498  max=  5.4850
VIX_relative                    mean=  1.0055  std=  0.1533  min=  0.7207  max=  2.6535
VIX_spike                       mean=  0.0121  std=  0.1095  min=  0.0000  max=  1.0000
Treasury_10Y_change             mean= -0.0029  std=  0.1241  min= -0.5200  max=  0.5700
CPI                             mean=213.3555  std= 22.3182  min=173.9000  max=249.6190

======================================================================
TARGET CONFIGURATION
======================================================================
Target variable: SP500_Returns
  Mode: Point return prediction (single-step)
  Target stats: mean=0.1043, std=2.3760
======================================================================

======================================================================
FEATURES AFTER GROUPNORMALIZER (first batch, last timestep)
======================================================================
VIX                             normalized_value=  1.0000
Treasury_10Y                    normalized_value= -0.1250
Yield_Spread                    normalized_value=  0.3479
Inflation_YoY                   normalized_value=  0.5378
VIX_relative                    normalized_value= -0.1957
VIX_spike                       normalized_value=  1.2152
Treasury_10Y_change             normalized_value=  0.4939
CPI                             normalized_value= -0.1107
======================================================================

Configuration saved to: experiments/12b_feature_sweep/core_dynamics_weekly_7q_h1_enc8_s42/config.json
[DEBUG] VIX train values: [27.838  25.118  24.686  28.764  27.5725]
[DEBUG] VIX val values: [16.77  15.612 13.752 13.566 12.926]
Batches per epoch: 28
[DEBUG] Validation batches: 6
[DEBUG] Validation dataset size: 187
[DEBUG] Batch size: 32

Initializing model...

Quantile configuration: 7q
  Quantiles: [0.02, 0.1, 0.25, 0.5, 0.75, 0.9, 0.98]
  Output size: 7
  Median index: 3

Using standard QuantileLoss (no penalties)

[REGIME OUTPUT] Disabled (using baseline output layer)

[STALENESS ATTENTION] Disabled

================================================================================
BASELINE MODEL FEATURE CONFIGURATION (after from_dataset)
================================================================================
tft.hparams.time_varying_reals_encoder: ['relative_time_idx', 'VIX', 'Treasury_10Y', 'Yield_Spread', 'Inflation_YoY', 'VIX_relative', 'VIX_spike', 'Treasury_10Y_change', 'CPI']
  Count: 9

tft.hparams.time_varying_reals_decoder: ['relative_time_idx']
  Count: 1

tft.hparams.x_reals (all reals passed to model): ['encoder_length', 'relative_time_idx', 'VIX', 'Treasury_10Y', 'Yield_Spread', 'Inflation_YoY', 'VIX_relative', 'VIX_spike', 'Treasury_10Y_change', 'CPI']
  Count: 10

Encoder VSN configuration:
  num_inputs: 9
  input_sizes: {'relative_time_idx': 16, 'VIX': 16, 'Treasury_10Y': 16, 'Yield_Spread': 16, 'Inflation_YoY': 16, 'VIX_relative': 16, 'VIX_spike': 16, 'Treasury_10Y_change': 16, 'CPI': 16}
  flattened_grn.fc1: in_features=144, out_features=9
  -> Params in fc1: 1296 (should be 5*16*5=400 if 5 features)
================================================================================

Model parameters: 28,387

Starting training...
Checkpoints will be saved to: experiments/12b_feature_sweep/core_dynamics_weekly_7q_h1_enc8_s42/checkpoints/
Logs will be saved to: experiments/12b_feature_sweep/core_dynamics_weekly_7q_h1_enc8_s42/logs/

[DEBUG CollapseMonitor] on_validation_epoch_start called for epoch 0
[DEBUG CollapseMonitor] reset_temporal_state() called on loss function
Epoch 0: val_loss=N/A
[DEBUG CollapseMonitor] on_validation_epoch_start called for epoch 0
[DEBUG CollapseMonitor] reset_temporal_state() called on loss function
Epoch 0: val_loss=2.733654737472534
Epoch 0: train_loss=2.642130136489868

[CollapseMonitor] Epoch 0
  [DEBUG] Processed 6 batches from val_dataloader
  [DEBUG] Predictions shape after concat: (187,)
  Pred std: 0.032244, range: 0.117579, mean: 1.488949
  Pos: 100.0%, Neg: 0.0%, Unique: 187
  Dir Acc: 59.89%, Pred Sharpe: 733.0495
  Composite: 0.4788 (dist_match: 0.5989, actual_pos: 59.9%, pred_pos: 100.0%)
  Collapse penalty: 0.000000 (threshold: 0.005000)
  Saved validation predictions to: experiments/12b_feature_sweep/core_dynamics_weekly_7q_h1_enc8_s42/collapse_monitoring/val_predictions_epoch0.npy
  Gradient norms:
    lstm_encoder: 0.044746
    lstm_decoder: 0.064802
    output_layer: 2.315239
  VSN output std:
    encoder: 0.091693
  Attention entropy: 2.073146
  Saved to: experiments/12b_feature_sweep/core_dynamics_weekly_7q_h1_enc8_s42/collapse_monitoring/collapse_monitor_latest.json
[DEBUG CollapseMonitor] on_validation_epoch_start called for epoch 1
[DEBUG CollapseMonitor] reset_temporal_state() called on loss function
Epoch 1: val_loss=2.6132748126983643
Epoch 1: train_loss=2.551114797592163

[CollapseMonitor] Epoch 1
  [DEBUG] Processed 6 batches from val_dataloader
  [DEBUG] Predictions shape after concat: (187,)
  Pred std: 0.029469, range: 0.106375, mean: 1.334901
  Pos: 100.0%, Neg: 0.0%, Unique: 187
  Dir Acc: 59.89%, Pred Sharpe: 719.0953
  Composite: 0.4788 (dist_match: 0.5989, actual_pos: 59.9%, pred_pos: 100.0%)
  Collapse penalty: 0.000000 (threshold: 0.005000)
  Saved validation predictions to: experiments/12b_feature_sweep/core_dynamics_weekly_7q_h1_enc8_s42/collapse_monitoring/val_predictions_epoch1.npy
  Gradient norms:
    lstm_encoder: 0.044981
    lstm_decoder: 0.061912
    output_layer: 2.239677
  VSN output std:
    encoder: 0.092609
  Attention entropy: 2.072848
  Saved to: experiments/12b_feature_sweep/core_dynamics_weekly_7q_h1_enc8_s42/collapse_monitoring/collapse_monitor_latest.json
[DEBUG CollapseMonitor] on_validation_epoch_start called for epoch 2
[DEBUG CollapseMonitor] reset_temporal_state() called on loss function
Epoch 2: val_loss=2.4680638313293457
Epoch 2: train_loss=2.4216597080230713

[CollapseMonitor] Epoch 2
  [DEBUG] Processed 6 batches from val_dataloader
  [DEBUG] Predictions shape after concat: (187,)
  Pred std: 0.027004, range: 0.098029, mean: 1.134061
  Pos: 100.0%, Neg: 0.0%, Unique: 187
  Dir Acc: 59.89%, Pred Sharpe: 666.6768
  Composite: 0.4788 (dist_match: 0.5989, actual_pos: 59.9%, pred_pos: 100.0%)
  Collapse penalty: 0.000000 (threshold: 0.005000)
  Saved validation predictions to: experiments/12b_feature_sweep/core_dynamics_weekly_7q_h1_enc8_s42/collapse_monitoring/val_predictions_epoch2.npy
  Gradient norms:
    lstm_encoder: 0.041041
    lstm_decoder: 0.059903
    output_layer: 2.142336
  VSN output std:
    encoder: 0.093752
  Attention entropy: 2.072505
  Saved to: experiments/12b_feature_sweep/core_dynamics_weekly_7q_h1_enc8_s42/collapse_monitoring/collapse_monitor_latest.json
[DEBUG CollapseMonitor] on_validation_epoch_start called for epoch 3
[DEBUG CollapseMonitor] reset_temporal_state() called on loss function
Epoch 3: val_loss=2.2756004333496094
Epoch 3: train_loss=2.255683660507202

[CollapseMonitor] Epoch 3
  [DEBUG] Processed 6 batches from val_dataloader
  [DEBUG] Predictions shape after concat: (187,)
  Pred std: 0.024028, range: 0.093734, mean: 0.840959
  Pos: 100.0%, Neg: 0.0%, Unique: 187
  Dir Acc: 59.89%, Pred Sharpe: 555.5943
  Composite: 0.4788 (dist_match: 0.5989, actual_pos: 59.9%, pred_pos: 100.0%)
  Collapse penalty: 0.000000 (threshold: 0.005000)
  Saved validation predictions to: experiments/12b_feature_sweep/core_dynamics_weekly_7q_h1_enc8_s42/collapse_monitoring/val_predictions_epoch3.npy
  Gradient norms:
    lstm_encoder: 0.036942
    lstm_decoder: 0.055002
    output_layer: 2.033422
  VSN output std:
    encoder: 0.095446
  Attention entropy: 2.072271
  Saved to: experiments/12b_feature_sweep/core_dynamics_weekly_7q_h1_enc8_s42/collapse_monitoring/collapse_monitor_latest.json
[DEBUG CollapseMonitor] on_validation_epoch_start called for epoch 4
[DEBUG CollapseMonitor] reset_temporal_state() called on loss function
Epoch 4: val_loss=2.1161317825317383
Epoch 4: train_loss=2.119929790496826

[CollapseMonitor] Epoch 4
  [DEBUG] Processed 6 batches from val_dataloader
  [DEBUG] Predictions shape after concat: (187,)
  Pred std: 0.021212, range: 0.087521, mean: 0.586623
  Pos: 100.0%, Neg: 0.0%, Unique: 187
  Dir Acc: 59.89%, Pred Sharpe: 439.0135
  Composite: 0.4788 (dist_match: 0.5989, actual_pos: 59.9%, pred_pos: 100.0%)
  Collapse penalty: 0.000000 (threshold: 0.005000)
  Saved validation predictions to: experiments/12b_feature_sweep/core_dynamics_weekly_7q_h1_enc8_s42/collapse_monitoring/val_predictions_epoch4.npy
  Gradient norms:
    lstm_encoder: 0.033508
    lstm_decoder: 0.048582
    output_layer: 1.891435
  VSN output std:
    encoder: 0.096834
  Attention entropy: 2.072443
  Saved to: experiments/12b_feature_sweep/core_dynamics_weekly_7q_h1_enc8_s42/collapse_monitoring/collapse_monitor_latest.json
[DEBUG CollapseMonitor] on_validation_epoch_start called for epoch 5
[DEBUG CollapseMonitor] reset_temporal_state() called on loss function
Epoch 5: val_loss=1.9604847431182861
Epoch 5: train_loss=1.9543081521987915

[CollapseMonitor] Epoch 5
  [DEBUG] Processed 6 batches from val_dataloader
  [DEBUG] Predictions shape after concat: (187,)
  Pred std: 0.018656, range: 0.079634, mean: 0.342189
  Pos: 100.0%, Neg: 0.0%, Unique: 187
  Dir Acc: 59.89%, Pred Sharpe: 291.1757
  Composite: 0.4788 (dist_match: 0.5989, actual_pos: 59.9%, pred_pos: 100.0%)
  Collapse penalty: 0.000000 (threshold: 0.005000)
  Saved validation predictions to: experiments/12b_feature_sweep/core_dynamics_weekly_7q_h1_enc8_s42/collapse_monitoring/val_predictions_epoch5.npy
  Gradient norms:
    lstm_encoder: 0.031507
    lstm_decoder: 0.043838
    output_layer: 1.764339
  VSN output std:
    encoder: 0.098199
  Attention entropy: 2.072981
  Saved to: experiments/12b_feature_sweep/core_dynamics_weekly_7q_h1_enc8_s42/collapse_monitoring/collapse_monitor_latest.json
[DEBUG CollapseMonitor] on_validation_epoch_start called for epoch 6
[DEBUG CollapseMonitor] reset_temporal_state() called on loss function
Epoch 6: val_loss=1.7790602445602417
Epoch 6: train_loss=1.799235463142395

[CollapseMonitor] Epoch 6
  [DEBUG] Processed 6 batches from val_dataloader
  [DEBUG] Predictions shape after concat: (187,)
  Pred std: 0.016457, range: 0.069669, mean: 0.081921
  Pos: 100.0%, Neg: 0.0%, Unique: 186
  Dir Acc: 59.89%, Pred Sharpe: 79.0240
  Composite: 0.4788 (dist_match: 0.5989, actual_pos: 59.9%, pred_pos: 100.0%)
  Collapse penalty: 0.000000 (threshold: 0.005000)
  Saved validation predictions to: experiments/12b_feature_sweep/core_dynamics_weekly_7q_h1_enc8_s42/collapse_monitoring/val_predictions_epoch6.npy
  Gradient norms:
    lstm_encoder: 0.028942
    lstm_decoder: 0.040542
    output_layer: 1.612604
  VSN output std:
    encoder: 0.099531
  Attention entropy: 2.073754
  Saved to: experiments/12b_feature_sweep/core_dynamics_weekly_7q_h1_enc8_s42/collapse_monitoring/collapse_monitor_latest.json
[DEBUG CollapseMonitor] on_validation_epoch_start called for epoch 7
[DEBUG CollapseMonitor] reset_temporal_state() called on loss function
Epoch 7: val_loss=1.6438443660736084
Epoch 7: train_loss=1.6519383192062378

[CollapseMonitor] Epoch 7
  [DEBUG] Processed 6 batches from val_dataloader
  [DEBUG] Predictions shape after concat: (187,)
  Pred std: 0.015137, range: 0.062571, mean: -0.069855
  Pos: 0.0%, Neg: 100.0%, Unique: 186
  Dir Acc: 40.11%, Pred Sharpe: -73.2578
  Composite: 0.2810 (dist_match: 0.4011, actual_pos: 59.9%, pred_pos: 0.0%)
  Collapse penalty: 0.000000 (threshold: 0.005000)
  Saved validation predictions to: experiments/12b_feature_sweep/core_dynamics_weekly_7q_h1_enc8_s42/collapse_monitoring/val_predictions_epoch7.npy
  Gradient norms:
    lstm_encoder: 0.025160
    lstm_decoder: 0.033387
    output_layer: 1.444149
  VSN output std:
    encoder: 0.100296
  Attention entropy: 2.074521
  Saved to: experiments/12b_feature_sweep/core_dynamics_weekly_7q_h1_enc8_s42/collapse_monitoring/collapse_monitor_latest.json
[DEBUG CollapseMonitor] on_validation_epoch_start called for epoch 8
[DEBUG CollapseMonitor] reset_temporal_state() called on loss function
Epoch 8: val_loss=1.5178827047348022
Epoch 8: train_loss=1.499174952507019

[CollapseMonitor] Epoch 8
  [DEBUG] Processed 6 batches from val_dataloader
  [DEBUG] Predictions shape after concat: (187,)
  Pred std: 0.013814, range: 0.055377, mean: -0.138351
  Pos: 0.0%, Neg: 100.0%, Unique: 186
  Dir Acc: 40.11%, Pred Sharpe: -158.9832
  Composite: 0.2810 (dist_match: 0.4011, actual_pos: 59.9%, pred_pos: 0.0%)
  Collapse penalty: 0.000000 (threshold: 0.005000)
  Saved validation predictions to: experiments/12b_feature_sweep/core_dynamics_weekly_7q_h1_enc8_s42/collapse_monitoring/val_predictions_epoch8.npy
  Gradient norms:
    lstm_encoder: 0.023459
    lstm_decoder: 0.029840
    output_layer: 1.269483
  VSN output std:
    encoder: 0.100891
  Attention entropy: 2.075251
  Saved to: experiments/12b_feature_sweep/core_dynamics_weekly_7q_h1_enc8_s42/collapse_monitoring/collapse_monitor_latest.json
[DEBUG CollapseMonitor] on_validation_epoch_start called for epoch 9
[DEBUG CollapseMonitor] reset_temporal_state() called on loss function
Epoch 9: val_loss=1.3864504098892212
Epoch 9: train_loss=1.3917149305343628

[CollapseMonitor] Epoch 9
  [DEBUG] Processed 6 batches from val_dataloader
  [DEBUG] Predictions shape after concat: (187,)
  Pred std: 0.013093, range: 0.049871, mean: -0.163825
  Pos: 0.0%, Neg: 100.0%, Unique: 185
  Dir Acc: 40.11%, Pred Sharpe: -198.6242
  Composite: 0.2810 (dist_match: 0.4011, actual_pos: 59.9%, pred_pos: 0.0%)
  Collapse penalty: 0.000000 (threshold: 0.005000)
  Saved validation predictions to: experiments/12b_feature_sweep/core_dynamics_weekly_7q_h1_enc8_s42/collapse_monitoring/val_predictions_epoch9.npy
  Gradient norms:
    lstm_encoder: 0.020161
    lstm_decoder: 0.025829
    output_layer: 1.106607
  VSN output std:
    encoder: 0.101722
  Attention entropy: 2.076133
  Saved to: experiments/12b_feature_sweep/core_dynamics_weekly_7q_h1_enc8_s42/collapse_monitoring/collapse_monitor_latest.json
[DEBUG CollapseMonitor] on_validation_epoch_start called for epoch 10
[DEBUG CollapseMonitor] reset_temporal_state() called on loss function
Epoch 10: val_loss=1.301558494567871
Epoch 10: train_loss=1.2792295217514038

[CollapseMonitor] Epoch 10
  [DEBUG] Processed 6 batches from val_dataloader
  [DEBUG] Predictions shape after concat: (187,)
  Pred std: 0.012532, range: 0.046204, mean: -0.104480
  Pos: 0.0%, Neg: 100.0%, Unique: 186
  Dir Acc: 40.11%, Pred Sharpe: -132.3448
  Composite: 0.2810 (dist_match: 0.4011, actual_pos: 59.9%, pred_pos: 0.0%)
  Collapse penalty: 0.000000 (threshold: 0.005000)
  Saved validation predictions to: experiments/12b_feature_sweep/core_dynamics_weekly_7q_h1_enc8_s42/collapse_monitoring/val_predictions_epoch10.npy
  Gradient norms:
    lstm_encoder: 0.017143
    lstm_decoder: 0.020749
    output_layer: 0.931972
  VSN output std:
    encoder: 0.102336
  Attention entropy: 2.076791
  Saved to: experiments/12b_feature_sweep/core_dynamics_weekly_7q_h1_enc8_s42/collapse_monitoring/collapse_monitor_latest.json
[DEBUG CollapseMonitor] on_validation_epoch_start called for epoch 11
[DEBUG CollapseMonitor] reset_temporal_state() called on loss function
Epoch 11: val_loss=1.2342993021011353
Epoch 11: train_loss=1.2021006345748901

[CollapseMonitor] Epoch 11
  [DEBUG] Processed 6 batches from val_dataloader
  [DEBUG] Predictions shape after concat: (187,)
  Pred std: 0.012078, range: 0.043557, mean: -0.010913
  Pos: 18.7%, Neg: 81.3%, Unique: 187
  Dir Acc: 41.71%, Pred Sharpe: -14.3444
  Composite: 0.3312 (dist_match: 0.5882, actual_pos: 59.9%, pred_pos: 18.7%)
  Collapse penalty: 0.000000 (threshold: 0.005000)
  Saved validation predictions to: experiments/12b_feature_sweep/core_dynamics_weekly_7q_h1_enc8_s42/collapse_monitoring/val_predictions_epoch11.npy
  Gradient norms:
    lstm_encoder: 0.013813
    lstm_decoder: 0.016487
    output_layer: 0.789901
  VSN output std:
    encoder: 0.102957
  Attention entropy: 2.077200
  Saved to: experiments/12b_feature_sweep/core_dynamics_weekly_7q_h1_enc8_s42/collapse_monitoring/collapse_monitor_latest.json
[DEBUG CollapseMonitor] on_validation_epoch_start called for epoch 12
[DEBUG CollapseMonitor] reset_temporal_state() called on loss function
Epoch 12: val_loss=1.1750483512878418
Epoch 12: train_loss=1.1282354593276978

[CollapseMonitor] Epoch 12
  [DEBUG] Processed 6 batches from val_dataloader
  [DEBUG] Predictions shape after concat: (187,)
  Pred std: 0.011476, range: 0.039863, mean: 0.080591
  Pos: 100.0%, Neg: 0.0%, Unique: 187
  Dir Acc: 59.89%, Pred Sharpe: 111.4833
  Composite: 0.4788 (dist_match: 0.5989, actual_pos: 59.9%, pred_pos: 100.0%)
  Collapse penalty: 0.000000 (threshold: 0.005000)
  Saved validation predictions to: experiments/12b_feature_sweep/core_dynamics_weekly_7q_h1_enc8_s42/collapse_monitoring/val_predictions_epoch12.npy
  Gradient norms:
    lstm_encoder: 0.012008
    lstm_decoder: 0.014739
    output_layer: 0.666621
  VSN output std:
    encoder: 0.103799
  Attention entropy: 2.077715
  Saved to: experiments/12b_feature_sweep/core_dynamics_weekly_7q_h1_enc8_s42/collapse_monitoring/collapse_monitor_latest.json
[DEBUG CollapseMonitor] on_validation_epoch_start called for epoch 13
[DEBUG CollapseMonitor] reset_temporal_state() called on loss function
Epoch 13: val_loss=1.1468621492385864
Epoch 13: train_loss=1.0912694931030273

[CollapseMonitor] Epoch 13
  [DEBUG] Processed 6 batches from val_dataloader
  [DEBUG] Predictions shape after concat: (187,)
  Pred std: 0.011186, range: 0.038606, mean: 0.125401
  Pos: 100.0%, Neg: 0.0%, Unique: 187
  Dir Acc: 59.89%, Pred Sharpe: 177.9659
  Composite: 0.4788 (dist_match: 0.5989, actual_pos: 59.9%, pred_pos: 100.0%)
  Collapse penalty: 0.000000 (threshold: 0.005000)
  Saved validation predictions to: experiments/12b_feature_sweep/core_dynamics_weekly_7q_h1_enc8_s42/collapse_monitoring/val_predictions_epoch13.npy
  Gradient norms:
    lstm_encoder: 0.009519
    lstm_decoder: 0.011787
    output_layer: 0.549825
  VSN output std:
    encoder: 0.104186
  Attention entropy: 2.077998
  Saved to: experiments/12b_feature_sweep/core_dynamics_weekly_7q_h1_enc8_s42/collapse_monitoring/collapse_monitor_latest.json
[DEBUG CollapseMonitor] on_validation_epoch_start called for epoch 14
[DEBUG CollapseMonitor] reset_temporal_state() called on loss function
Epoch 14: val_loss=1.1284797191619873
Epoch 14: train_loss=1.056831955909729

[CollapseMonitor] Epoch 14
  [DEBUG] Processed 6 batches from val_dataloader
  [DEBUG] Predictions shape after concat: (187,)
  Pred std: 0.010503, range: 0.036558, mean: 0.141282
  Pos: 100.0%, Neg: 0.0%, Unique: 183
  Dir Acc: 59.89%, Pred Sharpe: 213.5422
  Composite: 0.4788 (dist_match: 0.5989, actual_pos: 59.9%, pred_pos: 100.0%)
  Collapse penalty: 0.000000 (threshold: 0.005000)
  Saved validation predictions to: experiments/12b_feature_sweep/core_dynamics_weekly_7q_h1_enc8_s42/collapse_monitoring/val_predictions_epoch14.npy
  Gradient norms:
    lstm_encoder: 0.007788
    lstm_decoder: 0.009510
    output_layer: 0.449636
  VSN output std:
    encoder: 0.104751
  Attention entropy: 2.078200
  Saved to: experiments/12b_feature_sweep/core_dynamics_weekly_7q_h1_enc8_s42/collapse_monitoring/collapse_monitor_latest.json
[DEBUG CollapseMonitor] on_validation_epoch_start called for epoch 15
[DEBUG CollapseMonitor] reset_temporal_state() called on loss function
Epoch 15: val_loss=1.1128166913986206
Epoch 15: train_loss=1.0279544591903687

[CollapseMonitor] Epoch 15
  [DEBUG] Processed 6 batches from val_dataloader
  [DEBUG] Predictions shape after concat: (187,)
  Pred std: 0.010098, range: 0.035560, mean: 0.169051
  Pos: 100.0%, Neg: 0.0%, Unique: 187
  Dir Acc: 59.89%, Pred Sharpe: 265.7522
  Composite: 0.4788 (dist_match: 0.5989, actual_pos: 59.9%, pred_pos: 100.0%)
  Collapse penalty: 0.000000 (threshold: 0.005000)
  Saved validation predictions to: experiments/12b_feature_sweep/core_dynamics_weekly_7q_h1_enc8_s42/collapse_monitoring/val_predictions_epoch15.npy
  Gradient norms:
    lstm_encoder: 0.007238
    lstm_decoder: 0.008513
    output_layer: 0.394831
  VSN output std:
    encoder: 0.105924
  Attention entropy: 2.078425
  Saved to: experiments/12b_feature_sweep/core_dynamics_weekly_7q_h1_enc8_s42/collapse_monitoring/collapse_monitor_latest.json
[DEBUG CollapseMonitor] on_validation_epoch_start called for epoch 16
[DEBUG CollapseMonitor] reset_temporal_state() called on loss function
Epoch 16: val_loss=1.1039843559265137
Epoch 16: train_loss=1.015723466873169

[CollapseMonitor] Epoch 16
  [DEBUG] Processed 6 batches from val_dataloader
  [DEBUG] Predictions shape after concat: (187,)
  Pred std: 0.010250, range: 0.035844, mean: 0.160878
  Pos: 100.0%, Neg: 0.0%, Unique: 187
  Dir Acc: 59.89%, Pred Sharpe: 249.1644
  Composite: 0.4788 (dist_match: 0.5989, actual_pos: 59.9%, pred_pos: 100.0%)
  Collapse penalty: 0.000000 (threshold: 0.005000)
  Saved validation predictions to: experiments/12b_feature_sweep/core_dynamics_weekly_7q_h1_enc8_s42/collapse_monitoring/val_predictions_epoch16.npy
  Gradient norms:
    lstm_encoder: 0.006302
    lstm_decoder: 0.007512
    output_layer: 0.361083
  VSN output std:
    encoder: 0.106914
  Attention entropy: 2.078539
  Saved to: experiments/12b_feature_sweep/core_dynamics_weekly_7q_h1_enc8_s42/collapse_monitoring/collapse_monitor_latest.json
[DEBUG CollapseMonitor] on_validation_epoch_start called for epoch 17
[DEBUG CollapseMonitor] reset_temporal_state() called on loss function
Epoch 17: val_loss=1.097987413406372
Epoch 17: train_loss=0.9894101023674011

[CollapseMonitor] Epoch 17
  [DEBUG] Processed 6 batches from val_dataloader
  [DEBUG] Predictions shape after concat: (187,)
  Pred std: 0.010825, range: 0.037640, mean: 0.151807
  Pos: 100.0%, Neg: 0.0%, Unique: 187
  Dir Acc: 59.89%, Pred Sharpe: 222.6156
  Composite: 0.4788 (dist_match: 0.5989, actual_pos: 59.9%, pred_pos: 100.0%)
  Collapse penalty: 0.000000 (threshold: 0.005000)
  Saved validation predictions to: experiments/12b_feature_sweep/core_dynamics_weekly_7q_h1_enc8_s42/collapse_monitoring/val_predictions_epoch17.npy
  Gradient norms:
    lstm_encoder: 0.005731
    lstm_decoder: 0.006582
    output_layer: 0.304466
  VSN output std:
    encoder: 0.107528
  Attention entropy: 2.078585
  Saved to: experiments/12b_feature_sweep/core_dynamics_weekly_7q_h1_enc8_s42/collapse_monitoring/collapse_monitor_latest.json
[DEBUG CollapseMonitor] on_validation_epoch_start called for epoch 18
[DEBUG CollapseMonitor] reset_temporal_state() called on loss function
Epoch 18: val_loss=1.0938994884490967
Epoch 18: train_loss=0.9933156371116638

[CollapseMonitor] Epoch 18
  [DEBUG] Processed 6 batches from val_dataloader
  [DEBUG] Predictions shape after concat: (187,)
  Pred std: 0.011487, range: 0.039468, mean: 0.208093
  Pos: 100.0%, Neg: 0.0%, Unique: 186
  Dir Acc: 59.89%, Pred Sharpe: 287.5694
  Composite: 0.4788 (dist_match: 0.5989, actual_pos: 59.9%, pred_pos: 100.0%)
  Collapse penalty: 0.000000 (threshold: 0.005000)
  Saved validation predictions to: experiments/12b_feature_sweep/core_dynamics_weekly_7q_h1_enc8_s42/collapse_monitoring/val_predictions_epoch18.npy
  Gradient norms:
    lstm_encoder: 0.005370
    lstm_decoder: 0.006348
    output_layer: 0.306418
  VSN output std:
    encoder: 0.108057
  Attention entropy: 2.078517
  Saved to: experiments/12b_feature_sweep/core_dynamics_weekly_7q_h1_enc8_s42/collapse_monitoring/collapse_monitor_latest.json
[DEBUG CollapseMonitor] on_validation_epoch_start called for epoch 19
[DEBUG CollapseMonitor] reset_temporal_state() called on loss function
Epoch 19: val_loss=1.0907100439071655
Epoch 19: train_loss=0.985329270362854

[CollapseMonitor] Epoch 19
  [DEBUG] Processed 6 batches from val_dataloader
  [DEBUG] Predictions shape after concat: (187,)
  Pred std: 0.012504, range: 0.042374, mean: 0.196566
  Pos: 100.0%, Neg: 0.0%, Unique: 185
  Dir Acc: 59.89%, Pred Sharpe: 249.5517
  Composite: 0.4788 (dist_match: 0.5989, actual_pos: 59.9%, pred_pos: 100.0%)
  Collapse penalty: 0.000000 (threshold: 0.005000)
  Saved validation predictions to: experiments/12b_feature_sweep/core_dynamics_weekly_7q_h1_enc8_s42/collapse_monitoring/val_predictions_epoch19.npy
  Gradient norms:
    lstm_encoder: 0.005774
    lstm_decoder: 0.006650
    output_layer: 0.317196
  VSN output std:
    encoder: 0.108654
  Attention entropy: 2.078476
  Saved to: experiments/12b_feature_sweep/core_dynamics_weekly_7q_h1_enc8_s42/collapse_monitoring/collapse_monitor_latest.json
[DEBUG CollapseMonitor] on_validation_epoch_start called for epoch 20
[DEBUG CollapseMonitor] reset_temporal_state() called on loss function
Epoch 20: val_loss=1.088445782661438
Epoch 20: train_loss=0.9839085340499878

[CollapseMonitor] Epoch 20
  [DEBUG] Processed 6 batches from val_dataloader
  [DEBUG] Predictions shape after concat: (187,)
  Pred std: 0.012696, range: 0.043022, mean: 0.218623
  Pos: 100.0%, Neg: 0.0%, Unique: 187
  Dir Acc: 59.89%, Pred Sharpe: 273.3663
  Composite: 0.4788 (dist_match: 0.5989, actual_pos: 59.9%, pred_pos: 100.0%)
  Collapse penalty: 0.000000 (threshold: 0.005000)
  Saved validation predictions to: experiments/12b_feature_sweep/core_dynamics_weekly_7q_h1_enc8_s42/collapse_monitoring/val_predictions_epoch20.npy
  Gradient norms:
    lstm_encoder: 0.006252
    lstm_decoder: 0.006500
    output_layer: 0.345868
  VSN output std:
    encoder: 0.109384
  Attention entropy: 2.078533
  Saved to: experiments/12b_feature_sweep/core_dynamics_weekly_7q_h1_enc8_s42/collapse_monitoring/collapse_monitor_latest.json
[DEBUG CollapseMonitor] on_validation_epoch_start called for epoch 21
[DEBUG CollapseMonitor] reset_temporal_state() called on loss function
Epoch 21: val_loss=1.087490200996399
Epoch 21: train_loss=0.9746968150138855

[CollapseMonitor] Epoch 21
  [DEBUG] Processed 6 batches from val_dataloader
  [DEBUG] Predictions shape after concat: (187,)
  Pred std: 0.013435, range: 0.045244, mean: 0.210182
  Pos: 100.0%, Neg: 0.0%, Unique: 187
  Dir Acc: 59.89%, Pred Sharpe: 248.3536
  Composite: 0.4788 (dist_match: 0.5989, actual_pos: 59.9%, pred_pos: 100.0%)
  Collapse penalty: 0.000000 (threshold: 0.005000)
  Saved validation predictions to: experiments/12b_feature_sweep/core_dynamics_weekly_7q_h1_enc8_s42/collapse_monitoring/val_predictions_epoch21.npy
  Gradient norms:
    lstm_encoder: 0.005546
    lstm_decoder: 0.006026
    output_layer: 0.302491
  VSN output std:
    encoder: 0.110553
  Attention entropy: 2.078606
  Saved to: experiments/12b_feature_sweep/core_dynamics_weekly_7q_h1_enc8_s42/collapse_monitoring/collapse_monitor_latest.json
[DEBUG CollapseMonitor] on_validation_epoch_start called for epoch 22
[DEBUG CollapseMonitor] reset_temporal_state() called on loss function
Epoch 22: val_loss=1.0866209268569946
Epoch 22: train_loss=0.9716755151748657

[CollapseMonitor] Epoch 22
  [DEBUG] Processed 6 batches from val_dataloader
  [DEBUG] Predictions shape after concat: (187,)
  Pred std: 0.014207, range: 0.047321, mean: 0.199606
  Pos: 100.0%, Neg: 0.0%, Unique: 186
  Dir Acc: 59.89%, Pred Sharpe: 223.0272
  Composite: 0.4788 (dist_match: 0.5989, actual_pos: 59.9%, pred_pos: 100.0%)
  Collapse penalty: 0.000000 (threshold: 0.005000)
  Saved validation predictions to: experiments/12b_feature_sweep/core_dynamics_weekly_7q_h1_enc8_s42/collapse_monitoring/val_predictions_epoch22.npy
  Gradient norms:
    lstm_encoder: 0.005969
    lstm_decoder: 0.005696
    output_layer: 0.292517
  VSN output std:
    encoder: 0.111381
  Attention entropy: 2.078563
  Saved to: experiments/12b_feature_sweep/core_dynamics_weekly_7q_h1_enc8_s42/collapse_monitoring/collapse_monitor_latest.json
[DEBUG CollapseMonitor] on_validation_epoch_start called for epoch 23
[DEBUG CollapseMonitor] reset_temporal_state() called on loss function
Epoch 23: val_loss=1.0845158100128174
Epoch 23: train_loss=0.9699174165725708

[CollapseMonitor] Epoch 23
  [DEBUG] Processed 6 batches from val_dataloader
  [DEBUG] Predictions shape after concat: (187,)
  Pred std: 0.015134, range: 0.049872, mean: 0.241138
  Pos: 100.0%, Neg: 0.0%, Unique: 187
  Dir Acc: 59.89%, Pred Sharpe: 252.9392
  Composite: 0.4788 (dist_match: 0.5989, actual_pos: 59.9%, pred_pos: 100.0%)
  Collapse penalty: 0.000000 (threshold: 0.005000)
  Saved validation predictions to: experiments/12b_feature_sweep/core_dynamics_weekly_7q_h1_enc8_s42/collapse_monitoring/val_predictions_epoch23.npy
  Gradient norms:
    lstm_encoder: 0.005336
    lstm_decoder: 0.005490
    output_layer: 0.284001
  VSN output std:
    encoder: 0.112313
  Attention entropy: 2.078374
  Saved to: experiments/12b_feature_sweep/core_dynamics_weekly_7q_h1_enc8_s42/collapse_monitoring/collapse_monitor_latest.json
[DEBUG CollapseMonitor] on_validation_epoch_start called for epoch 24
[DEBUG CollapseMonitor] reset_temporal_state() called on loss function
Epoch 24: val_loss=1.0846385955810547
Epoch 24: train_loss=0.971723735332489

[CollapseMonitor] Epoch 24
  [DEBUG] Processed 6 batches from val_dataloader
  [DEBUG] Predictions shape after concat: (187,)
  Pred std: 0.016870, range: 0.054758, mean: 0.224565
  Pos: 100.0%, Neg: 0.0%, Unique: 187
  Dir Acc: 59.89%, Pred Sharpe: 211.3168
  Composite: 0.4788 (dist_match: 0.5989, actual_pos: 59.9%, pred_pos: 100.0%)
  Collapse penalty: 0.000000 (threshold: 0.005000)
  Saved validation predictions to: experiments/12b_feature_sweep/core_dynamics_weekly_7q_h1_enc8_s42/collapse_monitoring/val_predictions_epoch24.npy
  Gradient norms:
    lstm_encoder: 0.005045
    lstm_decoder: 0.005136
    output_layer: 0.276714
  VSN output std:
    encoder: 0.113438
  Attention entropy: 2.078065
  Saved to: experiments/12b_feature_sweep/core_dynamics_weekly_7q_h1_enc8_s42/collapse_monitoring/collapse_monitor_latest.json
[DEBUG CollapseMonitor] on_validation_epoch_start called for epoch 25
[DEBUG CollapseMonitor] reset_temporal_state() called on loss function
Epoch 25: val_loss=1.084961175918579
Epoch 25: train_loss=0.9676188230514526

[CollapseMonitor] Epoch 25
  [DEBUG] Processed 6 batches from val_dataloader
  [DEBUG] Predictions shape after concat: (187,)
  Pred std: 0.017872, range: 0.057226, mean: 0.209817
  Pos: 100.0%, Neg: 0.0%, Unique: 187
  Dir Acc: 59.89%, Pred Sharpe: 186.3658
  Composite: 0.4788 (dist_match: 0.5989, actual_pos: 59.9%, pred_pos: 100.0%)
  Collapse penalty: 0.000000 (threshold: 0.005000)
  Saved validation predictions to: experiments/12b_feature_sweep/core_dynamics_weekly_7q_h1_enc8_s42/collapse_monitoring/val_predictions_epoch25.npy
  Gradient norms:
    lstm_encoder: 0.005523
    lstm_decoder: 0.005418
    output_layer: 0.288445
  VSN output std:
    encoder: 0.114839
  Attention entropy: 2.077976
  Saved to: experiments/12b_feature_sweep/core_dynamics_weekly_7q_h1_enc8_s42/collapse_monitoring/collapse_monitor_latest.json
[DEBUG CollapseMonitor] on_validation_epoch_start called for epoch 26
[DEBUG CollapseMonitor] reset_temporal_state() called on loss function
Epoch 26: val_loss=1.0855119228363037
Epoch 26: train_loss=0.9659509062767029

[CollapseMonitor] Epoch 26
  [DEBUG] Processed 6 batches from val_dataloader
  [DEBUG] Predictions shape after concat: (187,)
  Pred std: 0.018988, range: 0.059104, mean: 0.179472
  Pos: 100.0%, Neg: 0.0%, Unique: 186
  Dir Acc: 59.89%, Pred Sharpe: 150.0467
  Composite: 0.4788 (dist_match: 0.5989, actual_pos: 59.9%, pred_pos: 100.0%)
  Collapse penalty: 0.000000 (threshold: 0.005000)
  Saved validation predictions to: experiments/12b_feature_sweep/core_dynamics_weekly_7q_h1_enc8_s42/collapse_monitoring/val_predictions_epoch26.npy
  Gradient norms:
    lstm_encoder: 0.004837
    lstm_decoder: 0.004637
    output_layer: 0.249762
  VSN output std:
    encoder: 0.116250
  Attention entropy: 2.077580
  Saved to: experiments/12b_feature_sweep/core_dynamics_weekly_7q_h1_enc8_s42/collapse_monitoring/collapse_monitor_latest.json
[DEBUG CollapseMonitor] on_validation_epoch_start called for epoch 27
[DEBUG CollapseMonitor] reset_temporal_state() called on loss function
Epoch 27: val_loss=1.0865209102630615
Epoch 27: train_loss=0.9662691950798035

[CollapseMonitor] Epoch 27
  [DEBUG] Processed 6 batches from val_dataloader
  [DEBUG] Predictions shape after concat: (187,)
  Pred std: 0.019858, range: 0.061831, mean: 0.187452
  Pos: 100.0%, Neg: 0.0%, Unique: 187
  Dir Acc: 59.89%, Pred Sharpe: 149.8509
  Composite: 0.4788 (dist_match: 0.5989, actual_pos: 59.9%, pred_pos: 100.0%)
  Collapse penalty: 0.000000 (threshold: 0.005000)
  Saved validation predictions to: experiments/12b_feature_sweep/core_dynamics_weekly_7q_h1_enc8_s42/collapse_monitoring/val_predictions_epoch27.npy
  Gradient norms:
    lstm_encoder: 0.005835
    lstm_decoder: 0.005530
    output_layer: 0.286767
  VSN output std:
    encoder: 0.117783
  Attention entropy: 2.077046
  Saved to: experiments/12b_feature_sweep/core_dynamics_weekly_7q_h1_enc8_s42/collapse_monitoring/collapse_monitor_latest.json
[DEBUG CollapseMonitor] on_validation_epoch_start called for epoch 28
[DEBUG CollapseMonitor] reset_temporal_state() called on loss function
Epoch 28: val_loss=1.0829336643218994
Epoch 28: train_loss=0.9635323286056519

[CollapseMonitor] Epoch 28
  [DEBUG] Processed 6 batches from val_dataloader
  [DEBUG] Predictions shape after concat: (187,)
  Pred std: 0.021274, range: 0.066588, mean: 0.235202
  Pos: 100.0%, Neg: 0.0%, Unique: 187
  Dir Acc: 59.89%, Pred Sharpe: 175.5041
  Composite: 0.4788 (dist_match: 0.5989, actual_pos: 59.9%, pred_pos: 100.0%)
  Collapse penalty: 0.000000 (threshold: 0.005000)
  Saved validation predictions to: experiments/12b_feature_sweep/core_dynamics_weekly_7q_h1_enc8_s42/collapse_monitoring/val_predictions_epoch28.npy
  Gradient norms:
    lstm_encoder: 0.005222
    lstm_decoder: 0.005373
    output_layer: 0.273981
  VSN output std:
    encoder: 0.118992
  Attention entropy: 2.076614
  Saved to: experiments/12b_feature_sweep/core_dynamics_weekly_7q_h1_enc8_s42/collapse_monitoring/collapse_monitor_latest.json
[DEBUG CollapseMonitor] on_validation_epoch_start called for epoch 29
[DEBUG CollapseMonitor] reset_temporal_state() called on loss function
Epoch 29: val_loss=1.082981824874878
Epoch 29: train_loss=0.9593385457992554

[CollapseMonitor] Epoch 29
  [DEBUG] Processed 6 batches from val_dataloader
  [DEBUG] Predictions shape after concat: (187,)
  Pred std: 0.023117, range: 0.073134, mean: 0.218216
  Pos: 100.0%, Neg: 0.0%, Unique: 187
  Dir Acc: 59.89%, Pred Sharpe: 149.8507
  Composite: 0.4788 (dist_match: 0.5989, actual_pos: 59.9%, pred_pos: 100.0%)
  Collapse penalty: 0.000000 (threshold: 0.005000)
  Saved validation predictions to: experiments/12b_feature_sweep/core_dynamics_weekly_7q_h1_enc8_s42/collapse_monitoring/val_predictions_epoch29.npy
  Gradient norms:
    lstm_encoder: 0.005240
    lstm_decoder: 0.004986
    output_layer: 0.272853
  VSN output std:
    encoder: 0.121384
  Attention entropy: 2.075875
  Saved to: experiments/12b_feature_sweep/core_dynamics_weekly_7q_h1_enc8_s42/collapse_monitoring/collapse_monitor_latest.json
[DEBUG CollapseMonitor] on_validation_epoch_start called for epoch 30
[DEBUG CollapseMonitor] reset_temporal_state() called on loss function
Epoch 30: val_loss=1.0832542181015015
Epoch 30: train_loss=0.9624976515769958

[CollapseMonitor] Epoch 30
  [DEBUG] Processed 6 batches from val_dataloader
  [DEBUG] Predictions shape after concat: (187,)
  Pred std: 0.026358, range: 0.083592, mean: 0.190887
  Pos: 100.0%, Neg: 0.0%, Unique: 187
  Dir Acc: 59.89%, Pred Sharpe: 114.9628
  Composite: 0.4788 (dist_match: 0.5989, actual_pos: 59.9%, pred_pos: 100.0%)
  Collapse penalty: 0.000000 (threshold: 0.005000)
  Saved validation predictions to: experiments/12b_feature_sweep/core_dynamics_weekly_7q_h1_enc8_s42/collapse_monitoring/val_predictions_epoch30.npy
  Gradient norms:
    lstm_encoder: 0.005426
    lstm_decoder: 0.005184
    output_layer: 0.284612
  VSN output std:
    encoder: 0.125226
  Attention entropy: 2.074959
  Saved to: experiments/12b_feature_sweep/core_dynamics_weekly_7q_h1_enc8_s42/collapse_monitoring/collapse_monitor_latest.json
[DEBUG CollapseMonitor] on_validation_epoch_start called for epoch 31
[DEBUG CollapseMonitor] reset_temporal_state() called on loss function
Epoch 31: val_loss=1.0842128992080688
Epoch 31: train_loss=0.9645777344703674

[CollapseMonitor] Epoch 31
  [DEBUG] Processed 6 batches from val_dataloader
  [DEBUG] Predictions shape after concat: (187,)
  Pred std: 0.031489, range: 0.099831, mean: 0.179857
  Pos: 100.0%, Neg: 0.0%, Unique: 187
  Dir Acc: 59.89%, Pred Sharpe: 90.6710
  Composite: 0.4788 (dist_match: 0.5989, actual_pos: 59.9%, pred_pos: 100.0%)
  Collapse penalty: 0.000000 (threshold: 0.005000)
  Saved validation predictions to: experiments/12b_feature_sweep/core_dynamics_weekly_7q_h1_enc8_s42/collapse_monitoring/val_predictions_epoch31.npy
  Gradient norms:
    lstm_encoder: 0.005515
    lstm_decoder: 0.005523
    output_layer: 0.286023
  VSN output std:
    encoder: 0.129590
  Attention entropy: 2.073399
  Saved to: experiments/12b_feature_sweep/core_dynamics_weekly_7q_h1_enc8_s42/collapse_monitoring/collapse_monitor_latest.json
[DEBUG CollapseMonitor] on_validation_epoch_start called for epoch 32
[DEBUG CollapseMonitor] reset_temporal_state() called on loss function
Epoch 32: val_loss=1.0826375484466553
Epoch 32: train_loss=0.9620436429977417

[CollapseMonitor] Epoch 32
  [DEBUG] Processed 6 batches from val_dataloader
  [DEBUG] Predictions shape after concat: (187,)
  Pred std: 0.036130, range: 0.114655, mean: 0.194874
  Pos: 100.0%, Neg: 0.0%, Unique: 187
  Dir Acc: 59.89%, Pred Sharpe: 85.6221
  Composite: 0.4788 (dist_match: 0.5989, actual_pos: 59.9%, pred_pos: 100.0%)
  Collapse penalty: 0.000000 (threshold: 0.005000)
  Saved validation predictions to: experiments/12b_feature_sweep/core_dynamics_weekly_7q_h1_enc8_s42/collapse_monitoring/val_predictions_epoch32.npy
  Gradient norms:
    lstm_encoder: 0.005605
    lstm_decoder: 0.005246
    output_layer: 0.337528
  VSN output std:
    encoder: 0.134083
  Attention entropy: 2.072465
  Saved to: experiments/12b_feature_sweep/core_dynamics_weekly_7q_h1_enc8_s42/collapse_monitoring/collapse_monitor_latest.json
[DEBUG CollapseMonitor] on_validation_epoch_start called for epoch 33
[DEBUG CollapseMonitor] reset_temporal_state() called on loss function
Epoch 33: val_loss=1.0798004865646362
Epoch 33: train_loss=0.9549242854118347

[CollapseMonitor] Epoch 33
  [DEBUG] Processed 6 batches from val_dataloader
  [DEBUG] Predictions shape after concat: (187,)
  Pred std: 0.041942, range: 0.131271, mean: 0.265711
  Pos: 100.0%, Neg: 0.0%, Unique: 187
  Dir Acc: 59.89%, Pred Sharpe: 100.5685
  Composite: 0.4788 (dist_match: 0.5989, actual_pos: 59.9%, pred_pos: 100.0%)
  Collapse penalty: 0.000000 (threshold: 0.005000)
  Saved validation predictions to: experiments/12b_feature_sweep/core_dynamics_weekly_7q_h1_enc8_s42/collapse_monitoring/val_predictions_epoch33.npy
  Gradient norms:
    lstm_encoder: 0.005643
    lstm_decoder: 0.005330
    output_layer: 0.279261
  VSN output std:
    encoder: 0.141646
  Attention entropy: 2.069288
  Saved to: experiments/12b_feature_sweep/core_dynamics_weekly_7q_h1_enc8_s42/collapse_monitoring/collapse_monitor_latest.json
[DEBUG CollapseMonitor] on_validation_epoch_start called for epoch 34
[DEBUG CollapseMonitor] reset_temporal_state() called on loss function
Epoch 34: val_loss=1.0802425146102905
Epoch 34: train_loss=0.9562609791755676

[CollapseMonitor] Epoch 34
  [DEBUG] Processed 6 batches from val_dataloader
  [DEBUG] Predictions shape after concat: (187,)
  Pred std: 0.048908, range: 0.151033, mean: 0.196446
  Pos: 100.0%, Neg: 0.0%, Unique: 187
  Dir Acc: 59.89%, Pred Sharpe: 63.7618
  Composite: 0.4788 (dist_match: 0.5989, actual_pos: 59.9%, pred_pos: 100.0%)
  Collapse penalty: 0.000000 (threshold: 0.005000)
  Saved validation predictions to: experiments/12b_feature_sweep/core_dynamics_weekly_7q_h1_enc8_s42/collapse_monitoring/val_predictions_epoch34.npy
  Gradient norms:
    lstm_encoder: 0.005531
    lstm_decoder: 0.005228
    output_layer: 0.282123
  VSN output std:
    encoder: 0.147923
  Attention entropy: 2.066243
  Saved to: experiments/12b_feature_sweep/core_dynamics_weekly_7q_h1_enc8_s42/collapse_monitoring/collapse_monitor_latest.json
[DEBUG CollapseMonitor] on_validation_epoch_start called for epoch 35
[DEBUG CollapseMonitor] reset_temporal_state() called on loss function
Epoch 35: val_loss=1.0798763036727905
Epoch 35: train_loss=0.950787365436554

[CollapseMonitor] Epoch 35
  [DEBUG] Processed 6 batches from val_dataloader
  [DEBUG] Predictions shape after concat: (187,)
  Pred std: 0.054974, range: 0.168007, mean: 0.183185
  Pos: 100.0%, Neg: 0.0%, Unique: 187
  Dir Acc: 59.89%, Pred Sharpe: 52.8976
  Composite: 0.4788 (dist_match: 0.5989, actual_pos: 59.9%, pred_pos: 100.0%)
  Collapse penalty: 0.000000 (threshold: 0.005000)
  Saved validation predictions to: experiments/12b_feature_sweep/core_dynamics_weekly_7q_h1_enc8_s42/collapse_monitoring/val_predictions_epoch35.npy
  Gradient norms:
    lstm_encoder: 0.005763
    lstm_decoder: 0.005459
    output_layer: 0.285057
  VSN output std:
    encoder: 0.156076
  Attention entropy: 2.061868
  Saved to: experiments/12b_feature_sweep/core_dynamics_weekly_7q_h1_enc8_s42/collapse_monitoring/collapse_monitor_latest.json
[DEBUG CollapseMonitor] on_validation_epoch_start called for epoch 36
[DEBUG CollapseMonitor] reset_temporal_state() called on loss function
Epoch 36: val_loss=1.0782688856124878
Epoch 36: train_loss=0.9575971961021423

[CollapseMonitor] Epoch 36
  [DEBUG] Processed 6 batches from val_dataloader
  [DEBUG] Predictions shape after concat: (187,)
  Pred std: 0.056886, range: 0.173407, mean: 0.217241
  Pos: 100.0%, Neg: 0.0%, Unique: 187
  Dir Acc: 59.89%, Pred Sharpe: 60.6233
  Composite: 0.4788 (dist_match: 0.5989, actual_pos: 59.9%, pred_pos: 100.0%)
  Collapse penalty: 0.000000 (threshold: 0.005000)
  Saved validation predictions to: experiments/12b_feature_sweep/core_dynamics_weekly_7q_h1_enc8_s42/collapse_monitoring/val_predictions_epoch36.npy
  Gradient norms:
    lstm_encoder: 0.005918
    lstm_decoder: 0.005346
    output_layer: 0.281026
  VSN output std:
    encoder: 0.163892
  Attention entropy: 2.052086
  Saved to: experiments/12b_feature_sweep/core_dynamics_weekly_7q_h1_enc8_s42/collapse_monitoring/collapse_monitor_latest.json
[DEBUG CollapseMonitor] on_validation_epoch_start called for epoch 37
[DEBUG CollapseMonitor] reset_temporal_state() called on loss function
Epoch 37: val_loss=1.078355312347412
Epoch 37: train_loss=0.960202157497406

[CollapseMonitor] Epoch 37
  [DEBUG] Processed 6 batches from val_dataloader
  [DEBUG] Predictions shape after concat: (187,)
  Pred std: 0.056122, range: 0.172744, mean: 0.168507
  Pos: 100.0%, Neg: 0.0%, Unique: 186
  Dir Acc: 59.89%, Pred Sharpe: 47.6638
  Composite: 0.4788 (dist_match: 0.5989, actual_pos: 59.9%, pred_pos: 100.0%)
  Collapse penalty: 0.000000 (threshold: 0.005000)
  Saved validation predictions to: experiments/12b_feature_sweep/core_dynamics_weekly_7q_h1_enc8_s42/collapse_monitoring/val_predictions_epoch37.npy
  Gradient norms:
    lstm_encoder: 0.005492
    lstm_decoder: 0.004882
    output_layer: 0.271984
  VSN output std:
    encoder: 0.168999
  Attention entropy: 2.046552
  Saved to: experiments/12b_feature_sweep/core_dynamics_weekly_7q_h1_enc8_s42/collapse_monitoring/collapse_monitor_latest.json
[DEBUG CollapseMonitor] on_validation_epoch_start called for epoch 38
[DEBUG CollapseMonitor] reset_temporal_state() called on loss function
Epoch 38: val_loss=1.0755722522735596
Epoch 38: train_loss=0.9546735882759094

[CollapseMonitor] Epoch 38
  [DEBUG] Processed 6 batches from val_dataloader
  [DEBUG] Predictions shape after concat: (187,)
  Pred std: 0.058521, range: 0.182083, mean: 0.195909
  Pos: 100.0%, Neg: 0.0%, Unique: 187
  Dir Acc: 59.89%, Pred Sharpe: 53.1427
  Composite: 0.4788 (dist_match: 0.5989, actual_pos: 59.9%, pred_pos: 100.0%)
  Collapse penalty: 0.000000 (threshold: 0.005000)
  Saved validation predictions to: experiments/12b_feature_sweep/core_dynamics_weekly_7q_h1_enc8_s42/collapse_monitoring/val_predictions_epoch38.npy
  Gradient norms:
    lstm_encoder: 0.005861
    lstm_decoder: 0.005374
    output_layer: 0.245696
  VSN output std:
    encoder: 0.176305
  Attention entropy: 2.040706
  Saved to: experiments/12b_feature_sweep/core_dynamics_weekly_7q_h1_enc8_s42/collapse_monitoring/collapse_monitor_latest.json
[DEBUG CollapseMonitor] on_validation_epoch_start called for epoch 39
[DEBUG CollapseMonitor] reset_temporal_state() called on loss function
Epoch 39: val_loss=1.0731514692306519
Epoch 39: train_loss=0.9501145482063293

[CollapseMonitor] Epoch 39
  [DEBUG] Processed 6 batches from val_dataloader
  [DEBUG] Predictions shape after concat: (187,)
  Pred std: 0.057332, range: 0.188630, mean: 0.227716
  Pos: 100.0%, Neg: 0.0%, Unique: 187
  Dir Acc: 59.89%, Pred Sharpe: 63.0512
  Composite: 0.4788 (dist_match: 0.5989, actual_pos: 59.9%, pred_pos: 100.0%)
  Collapse penalty: 0.000000 (threshold: 0.005000)
  Saved validation predictions to: experiments/12b_feature_sweep/core_dynamics_weekly_7q_h1_enc8_s42/collapse_monitoring/val_predictions_epoch39.npy
  Gradient norms:
    lstm_encoder: 0.006237
    lstm_decoder: 0.005753
    output_layer: 0.302441
  VSN output std:
    encoder: 0.182660
  Attention entropy: 2.028961
  Saved to: experiments/12b_feature_sweep/core_dynamics_weekly_7q_h1_enc8_s42/collapse_monitoring/collapse_monitor_latest.json
[DEBUG CollapseMonitor] on_validation_epoch_start called for epoch 40
[DEBUG CollapseMonitor] reset_temporal_state() called on loss function
Epoch 40: val_loss=1.0717012882232666
Epoch 40: train_loss=0.9548921585083008

[CollapseMonitor] Epoch 40
  [DEBUG] Processed 6 batches from val_dataloader
  [DEBUG] Predictions shape after concat: (187,)
  Pred std: 0.048967, range: 0.180835, mean: 0.188984
  Pos: 100.0%, Neg: 0.0%, Unique: 187
  Dir Acc: 59.89%, Pred Sharpe: 61.2661
  Composite: 0.4788 (dist_match: 0.5989, actual_pos: 59.9%, pred_pos: 100.0%)
  Collapse penalty: 0.000000 (threshold: 0.005000)
  Saved validation predictions to: experiments/12b_feature_sweep/core_dynamics_weekly_7q_h1_enc8_s42/collapse_monitoring/val_predictions_epoch40.npy
  Gradient norms:
    lstm_encoder: 0.006866
    lstm_decoder: 0.005764
    output_layer: 0.297284
  VSN output std:
    encoder: 0.191325
  Attention entropy: 2.019957
  Saved to: experiments/12b_feature_sweep/core_dynamics_weekly_7q_h1_enc8_s42/collapse_monitoring/collapse_monitor_latest.json
[DEBUG CollapseMonitor] on_validation_epoch_start called for epoch 41
[DEBUG CollapseMonitor] reset_temporal_state() called on loss function
Epoch 41: val_loss=1.070465087890625
Epoch 41: train_loss=0.9511911273002625

[CollapseMonitor] Epoch 41
  [DEBUG] Processed 6 batches from val_dataloader
  [DEBUG] Predictions shape after concat: (187,)
  Pred std: 0.051913, range: 0.191199, mean: 0.176148
  Pos: 100.0%, Neg: 0.0%, Unique: 187
  Dir Acc: 59.89%, Pred Sharpe: 53.8640
  Composite: 0.4788 (dist_match: 0.5989, actual_pos: 59.9%, pred_pos: 100.0%)
  Collapse penalty: 0.000000 (threshold: 0.005000)
  Saved validation predictions to: experiments/12b_feature_sweep/core_dynamics_weekly_7q_h1_enc8_s42/collapse_monitoring/val_predictions_epoch41.npy
  Gradient norms:
    lstm_encoder: 0.005795
    lstm_decoder: 0.005611
    output_layer: 0.278289
  VSN output std:
    encoder: 0.194175
  Attention entropy: 2.019920
  Saved to: experiments/12b_feature_sweep/core_dynamics_weekly_7q_h1_enc8_s42/collapse_monitoring/collapse_monitor_latest.json
[DEBUG CollapseMonitor] on_validation_epoch_start called for epoch 42
[DEBUG CollapseMonitor] reset_temporal_state() called on loss function
Epoch 42: val_loss=1.0686664581298828
Epoch 42: train_loss=0.9491333365440369

[CollapseMonitor] Epoch 42
  [DEBUG] Processed 6 batches from val_dataloader
  [DEBUG] Predictions shape after concat: (187,)
  Pred std: 0.054907, range: 0.207589, mean: 0.193825
  Pos: 100.0%, Neg: 0.0%, Unique: 187
  Dir Acc: 59.89%, Pred Sharpe: 56.0378
  Composite: 0.4788 (dist_match: 0.5989, actual_pos: 59.9%, pred_pos: 100.0%)
  Collapse penalty: 0.000000 (threshold: 0.005000)
  Saved validation predictions to: experiments/12b_feature_sweep/core_dynamics_weekly_7q_h1_enc8_s42/collapse_monitoring/val_predictions_epoch42.npy
  Gradient norms:
    lstm_encoder: 0.006690
    lstm_decoder: 0.006227
    output_layer: 0.315801
  VSN output std:
    encoder: 0.198653
  Attention entropy: 2.019314
  Saved to: experiments/12b_feature_sweep/core_dynamics_weekly_7q_h1_enc8_s42/collapse_monitoring/collapse_monitor_latest.json
[DEBUG CollapseMonitor] on_validation_epoch_start called for epoch 43
[DEBUG CollapseMonitor] reset_temporal_state() called on loss function
Epoch 43: val_loss=1.0678218603134155
Epoch 43: train_loss=0.9485584497451782

[CollapseMonitor] Epoch 43
  [DEBUG] Processed 6 batches from val_dataloader
  [DEBUG] Predictions shape after concat: (187,)
  Pred std: 0.047106, range: 0.197877, mean: 0.199199
  Pos: 100.0%, Neg: 0.0%, Unique: 187
  Dir Acc: 59.89%, Pred Sharpe: 67.1292
  Composite: 0.4788 (dist_match: 0.5989, actual_pos: 59.9%, pred_pos: 100.0%)
  Collapse penalty: 0.000000 (threshold: 0.005000)
  Saved validation predictions to: experiments/12b_feature_sweep/core_dynamics_weekly_7q_h1_enc8_s42/collapse_monitoring/val_predictions_epoch43.npy
  Gradient norms:
    lstm_encoder: 0.007070
    lstm_decoder: 0.006253
    output_layer: 0.270177
  VSN output std:
    encoder: 0.201576
  Attention entropy: 2.013210
  Saved to: experiments/12b_feature_sweep/core_dynamics_weekly_7q_h1_enc8_s42/collapse_monitoring/collapse_monitor_latest.json
[DEBUG CollapseMonitor] on_validation_epoch_start called for epoch 44
[DEBUG CollapseMonitor] reset_temporal_state() called on loss function
Epoch 44: val_loss=1.0663373470306396
Epoch 44: train_loss=0.9509762525558472

[CollapseMonitor] Epoch 44
  [DEBUG] Processed 6 batches from val_dataloader
  [DEBUG] Predictions shape after concat: (187,)
  Pred std: 0.037598, range: 0.191237, mean: 0.170391
  Pos: 100.0%, Neg: 0.0%, Unique: 186
  Dir Acc: 59.89%, Pred Sharpe: 71.9413
  Composite: 0.4788 (dist_match: 0.5989, actual_pos: 59.9%, pred_pos: 100.0%)
  Collapse penalty: 0.000000 (threshold: 0.005000)
  Saved validation predictions to: experiments/12b_feature_sweep/core_dynamics_weekly_7q_h1_enc8_s42/collapse_monitoring/val_predictions_epoch44.npy
  Gradient norms:
    lstm_encoder: 0.006591
    lstm_decoder: 0.006453
    output_layer: 0.293982
  VSN output std:
    encoder: 0.204889
  Attention entropy: 2.009138
  Saved to: experiments/12b_feature_sweep/core_dynamics_weekly_7q_h1_enc8_s42/collapse_monitoring/collapse_monitor_latest.json
[DEBUG CollapseMonitor] on_validation_epoch_start called for epoch 45
[DEBUG CollapseMonitor] reset_temporal_state() called on loss function
Epoch 45: val_loss=1.0645108222961426
Epoch 45: train_loss=0.9481066465377808

[CollapseMonitor] Epoch 45
  [DEBUG] Processed 6 batches from val_dataloader
  [DEBUG] Predictions shape after concat: (187,)
  Pred std: 0.040667, range: 0.202704, mean: 0.175997
  Pos: 100.0%, Neg: 0.0%, Unique: 187
  Dir Acc: 59.89%, Pred Sharpe: 68.7016
  Composite: 0.4788 (dist_match: 0.5989, actual_pos: 59.9%, pred_pos: 100.0%)
  Collapse penalty: 0.000000 (threshold: 0.005000)
  Saved validation predictions to: experiments/12b_feature_sweep/core_dynamics_weekly_7q_h1_enc8_s42/collapse_monitoring/val_predictions_epoch45.npy
  Gradient norms:
    lstm_encoder: 0.007590
    lstm_decoder: 0.006227
    output_layer: 0.265079
  VSN output std:
    encoder: 0.208444
  Attention entropy: 2.000929
  Saved to: experiments/12b_feature_sweep/core_dynamics_weekly_7q_h1_enc8_s42/collapse_monitoring/collapse_monitor_latest.json
[DEBUG CollapseMonitor] on_validation_epoch_start called for epoch 46
[DEBUG CollapseMonitor] reset_temporal_state() called on loss function
Epoch 46: val_loss=1.0637249946594238
Epoch 46: train_loss=0.9471175074577332

[CollapseMonitor] Epoch 46
  [DEBUG] Processed 6 batches from val_dataloader
  [DEBUG] Predictions shape after concat: (187,)
  Pred std: 0.044350, range: 0.217450, mean: 0.214313
  Pos: 100.0%, Neg: 0.0%, Unique: 187
  Dir Acc: 59.89%, Pred Sharpe: 76.7099
  Composite: 0.4788 (dist_match: 0.5989, actual_pos: 59.9%, pred_pos: 100.0%)
  Collapse penalty: 0.000000 (threshold: 0.005000)
  Saved validation predictions to: experiments/12b_feature_sweep/core_dynamics_weekly_7q_h1_enc8_s42/collapse_monitoring/val_predictions_epoch46.npy
  Gradient norms:
    lstm_encoder: 0.007350
    lstm_decoder: 0.006458
    output_layer: 0.320174
  VSN output std:
    encoder: 0.210254
  Attention entropy: 2.001585
  Saved to: experiments/12b_feature_sweep/core_dynamics_weekly_7q_h1_enc8_s42/collapse_monitoring/collapse_monitor_latest.json
[DEBUG CollapseMonitor] on_validation_epoch_start called for epoch 47
[DEBUG CollapseMonitor] reset_temporal_state() called on loss function
Epoch 47: val_loss=1.0643178224563599
Epoch 47: train_loss=0.9447221755981445

[CollapseMonitor] Epoch 47
  [DEBUG] Processed 6 batches from val_dataloader
  [DEBUG] Predictions shape after concat: (187,)
  Pred std: 0.042702, range: 0.215658, mean: 0.195664
  Pos: 100.0%, Neg: 0.0%, Unique: 187
  Dir Acc: 59.89%, Pred Sharpe: 72.7378
  Composite: 0.4788 (dist_match: 0.5989, actual_pos: 59.9%, pred_pos: 100.0%)
  Collapse penalty: 0.000000 (threshold: 0.005000)
  Saved validation predictions to: experiments/12b_feature_sweep/core_dynamics_weekly_7q_h1_enc8_s42/collapse_monitoring/val_predictions_epoch47.npy
  Gradient norms:
    lstm_encoder: 0.008035
    lstm_decoder: 0.006633
    output_layer: 0.285504
  VSN output std:
    encoder: 0.210682
  Attention entropy: 2.002468
  Saved to: experiments/12b_feature_sweep/core_dynamics_weekly_7q_h1_enc8_s42/collapse_monitoring/collapse_monitor_latest.json
[DEBUG CollapseMonitor] on_validation_epoch_start called for epoch 48
[DEBUG CollapseMonitor] reset_temporal_state() called on loss function
Epoch 48: val_loss=1.063158631324768
Epoch 48: train_loss=0.9415417909622192

[CollapseMonitor] Epoch 48
  [DEBUG] Processed 6 batches from val_dataloader
  [DEBUG] Predictions shape after concat: (187,)
  Pred std: 0.044399, range: 0.219286, mean: 0.192022
  Pos: 100.0%, Neg: 0.0%, Unique: 186
  Dir Acc: 59.89%, Pred Sharpe: 68.6555
  Composite: 0.4788 (dist_match: 0.5989, actual_pos: 59.9%, pred_pos: 100.0%)
  Collapse penalty: 0.000000 (threshold: 0.005000)
  Saved validation predictions to: experiments/12b_feature_sweep/core_dynamics_weekly_7q_h1_enc8_s42/collapse_monitoring/val_predictions_epoch48.npy
  Gradient norms:
    lstm_encoder: 0.007262
    lstm_decoder: 0.006040
    output_layer: 0.257832
  VSN output std:
    encoder: 0.212568
  Attention entropy: 1.991525
  Saved to: experiments/12b_feature_sweep/core_dynamics_weekly_7q_h1_enc8_s42/collapse_monitoring/collapse_monitor_latest.json
[DEBUG CollapseMonitor] on_validation_epoch_start called for epoch 49
[DEBUG CollapseMonitor] reset_temporal_state() called on loss function
Epoch 49: val_loss=1.0617282390594482
Epoch 49: train_loss=0.9434965252876282

[CollapseMonitor] Epoch 49
  [DEBUG] Processed 6 batches from val_dataloader
  [DEBUG] Predictions shape after concat: (187,)
  Pred std: 0.045977, range: 0.217354, mean: 0.244997
  Pos: 100.0%, Neg: 0.0%, Unique: 187
  Dir Acc: 59.89%, Pred Sharpe: 84.5903
  Composite: 0.4788 (dist_match: 0.5989, actual_pos: 59.9%, pred_pos: 100.0%)
  Collapse penalty: 0.000000 (threshold: 0.005000)
  Saved validation predictions to: experiments/12b_feature_sweep/core_dynamics_weekly_7q_h1_enc8_s42/collapse_monitoring/val_predictions_epoch49.npy
  Gradient norms:
    lstm_encoder: 0.007097
    lstm_decoder: 0.006154
    output_layer: 0.277287
  VSN output std:
    encoder: 0.213892
  Attention entropy: 1.988596
  Saved to: experiments/12b_feature_sweep/core_dynamics_weekly_7q_h1_enc8_s42/collapse_monitoring/collapse_monitor_latest.json
[DEBUG CollapseMonitor] on_validation_epoch_start called for epoch 50
[DEBUG CollapseMonitor] reset_temporal_state() called on loss function
Epoch 50: val_loss=1.0612925291061401
Epoch 50: train_loss=0.9420372247695923

[CollapseMonitor] Epoch 50
  [DEBUG] Processed 6 batches from val_dataloader
  [DEBUG] Predictions shape after concat: (187,)
  Pred std: 0.046322, range: 0.223066, mean: 0.190659
  Pos: 100.0%, Neg: 0.0%, Unique: 186
  Dir Acc: 59.89%, Pred Sharpe: 65.3393
  Composite: 0.4788 (dist_match: 0.5989, actual_pos: 59.9%, pred_pos: 100.0%)
  Collapse penalty: 0.000000 (threshold: 0.005000)
  Saved validation predictions to: experiments/12b_feature_sweep/core_dynamics_weekly_7q_h1_enc8_s42/collapse_monitoring/val_predictions_epoch50.npy
  Gradient norms:
    lstm_encoder: 0.008190
    lstm_decoder: 0.006421
    output_layer: 0.279553
  VSN output std:
    encoder: 0.216555
  Attention entropy: 1.980536
  Saved to: experiments/12b_feature_sweep/core_dynamics_weekly_7q_h1_enc8_s42/collapse_monitoring/collapse_monitor_latest.json
[DEBUG CollapseMonitor] on_validation_epoch_start called for epoch 51
[DEBUG CollapseMonitor] reset_temporal_state() called on loss function
Epoch 51: val_loss=1.0630404949188232
Epoch 51: train_loss=0.9414238929748535

[CollapseMonitor] Epoch 51
  [DEBUG] Processed 6 batches from val_dataloader
  [DEBUG] Predictions shape after concat: (187,)
  Pred std: 0.055375, range: 0.236928, mean: 0.167540
  Pos: 100.0%, Neg: 0.0%, Unique: 187
  Dir Acc: 59.89%, Pred Sharpe: 48.0288
  Composite: 0.4788 (dist_match: 0.5989, actual_pos: 59.9%, pred_pos: 100.0%)
  Collapse penalty: 0.000000 (threshold: 0.005000)
  Saved validation predictions to: experiments/12b_feature_sweep/core_dynamics_weekly_7q_h1_enc8_s42/collapse_monitoring/val_predictions_epoch51.npy
  Gradient norms:
    lstm_encoder: 0.008943
    lstm_decoder: 0.007292
    output_layer: 0.312846
  VSN output std:
    encoder: 0.217712
  Attention entropy: 1.970359
  Saved to: experiments/12b_feature_sweep/core_dynamics_weekly_7q_h1_enc8_s42/collapse_monitoring/collapse_monitor_latest.json
[DEBUG CollapseMonitor] on_validation_epoch_start called for epoch 52
[DEBUG CollapseMonitor] reset_temporal_state() called on loss function
Epoch 52: val_loss=1.0616482496261597
Epoch 52: train_loss=0.9365240931510925

[CollapseMonitor] Epoch 52
  [DEBUG] Processed 6 batches from val_dataloader
  [DEBUG] Predictions shape after concat: (187,)
  Pred std: 0.053324, range: 0.240683, mean: 0.184765
  Pos: 100.0%, Neg: 0.0%, Unique: 187
  Dir Acc: 59.89%, Pred Sharpe: 55.0042
  Composite: 0.4788 (dist_match: 0.5989, actual_pos: 59.9%, pred_pos: 100.0%)
  Collapse penalty: 0.000000 (threshold: 0.005000)
  Saved validation predictions to: experiments/12b_feature_sweep/core_dynamics_weekly_7q_h1_enc8_s42/collapse_monitoring/val_predictions_epoch52.npy
  Gradient norms:
    lstm_encoder: 0.008126
    lstm_decoder: 0.006610
    output_layer: 0.282698
  VSN output std:
    encoder: 0.219483
  Attention entropy: 1.970924
  Saved to: experiments/12b_feature_sweep/core_dynamics_weekly_7q_h1_enc8_s42/collapse_monitoring/collapse_monitor_latest.json
[DEBUG CollapseMonitor] on_validation_epoch_start called for epoch 53
[DEBUG CollapseMonitor] reset_temporal_state() called on loss function
Epoch 53: val_loss=1.0604585409164429
Epoch 53: train_loss=0.932740330696106

[CollapseMonitor] Epoch 53
  [DEBUG] Processed 6 batches from val_dataloader
  [DEBUG] Predictions shape after concat: (187,)
  Pred std: 0.053193, range: 0.261607, mean: 0.168722
  Pos: 100.0%, Neg: 0.0%, Unique: 187
  Dir Acc: 59.89%, Pred Sharpe: 50.3525
  Composite: 0.4788 (dist_match: 0.5989, actual_pos: 59.9%, pred_pos: 100.0%)
  Collapse penalty: 0.000000 (threshold: 0.005000)
  Saved validation predictions to: experiments/12b_feature_sweep/core_dynamics_weekly_7q_h1_enc8_s42/collapse_monitoring/val_predictions_epoch53.npy
  Gradient norms:
    lstm_encoder: 0.008480
    lstm_decoder: 0.006783
    output_layer: 0.290805
  VSN output std:
    encoder: 0.221166
  Attention entropy: 1.965087
  Saved to: experiments/12b_feature_sweep/core_dynamics_weekly_7q_h1_enc8_s42/collapse_monitoring/collapse_monitor_latest.json
[DEBUG CollapseMonitor] on_validation_epoch_start called for epoch 54
[DEBUG CollapseMonitor] reset_temporal_state() called on loss function
Epoch 54: val_loss=1.0584690570831299
Epoch 54: train_loss=0.9324765205383301

[CollapseMonitor] Epoch 54
  [DEBUG] Processed 6 batches from val_dataloader
  [DEBUG] Predictions shape after concat: (187,)
  Pred std: 0.051383, range: 0.267990, mean: 0.215666
  Pos: 100.0%, Neg: 0.0%, Unique: 187
  Dir Acc: 59.89%, Pred Sharpe: 66.6292
  Composite: 0.4788 (dist_match: 0.5989, actual_pos: 59.9%, pred_pos: 100.0%)
  Collapse penalty: 0.000000 (threshold: 0.005000)
  Saved validation predictions to: experiments/12b_feature_sweep/core_dynamics_weekly_7q_h1_enc8_s42/collapse_monitoring/val_predictions_epoch54.npy
  Gradient norms:
    lstm_encoder: 0.009360
    lstm_decoder: 0.007521
    output_layer: 0.321414
  VSN output std:
    encoder: 0.222075
  Attention entropy: 1.966476
  Saved to: experiments/12b_feature_sweep/core_dynamics_weekly_7q_h1_enc8_s42/collapse_monitoring/collapse_monitor_latest.json
[DEBUG CollapseMonitor] on_validation_epoch_start called for epoch 55
[DEBUG CollapseMonitor] reset_temporal_state() called on loss function
Epoch 55: val_loss=1.058745265007019
Epoch 55: train_loss=0.9385257959365845

[CollapseMonitor] Epoch 55
  [DEBUG] Processed 6 batches from val_dataloader
  [DEBUG] Predictions shape after concat: (187,)
  Pred std: 0.051108, range: 0.268117, mean: 0.214394
  Pos: 100.0%, Neg: 0.0%, Unique: 187
  Dir Acc: 59.89%, Pred Sharpe: 66.5922
  Composite: 0.4788 (dist_match: 0.5989, actual_pos: 59.9%, pred_pos: 100.0%)
  Collapse penalty: 0.000000 (threshold: 0.005000)
  Saved validation predictions to: experiments/12b_feature_sweep/core_dynamics_weekly_7q_h1_enc8_s42/collapse_monitoring/val_predictions_epoch55.npy
  Gradient norms:
    lstm_encoder: 0.010519
    lstm_decoder: 0.007722
    output_layer: 0.278394
  VSN output std:
    encoder: 0.221852
  Attention entropy: 1.970914
  Saved to: experiments/12b_feature_sweep/core_dynamics_weekly_7q_h1_enc8_s42/collapse_monitoring/collapse_monitor_latest.json
[DEBUG CollapseMonitor] on_validation_epoch_start called for epoch 56
[DEBUG CollapseMonitor] reset_temporal_state() called on loss function
Epoch 56: val_loss=1.0586285591125488
Epoch 56: train_loss=0.9288711547851562

[CollapseMonitor] Epoch 56
  [DEBUG] Processed 6 batches from val_dataloader
  [DEBUG] Predictions shape after concat: (187,)
  Pred std: 0.052332, range: 0.271185, mean: 0.219717
  Pos: 100.0%, Neg: 0.0%, Unique: 187
  Dir Acc: 59.89%, Pred Sharpe: 66.6494
  Composite: 0.4788 (dist_match: 0.5989, actual_pos: 59.9%, pred_pos: 100.0%)
  Collapse penalty: 0.000000 (threshold: 0.005000)
  Saved validation predictions to: experiments/12b_feature_sweep/core_dynamics_weekly_7q_h1_enc8_s42/collapse_monitoring/val_predictions_epoch56.npy
  Gradient norms:
    lstm_encoder: 0.009299
    lstm_decoder: 0.007204
    output_layer: 0.244992
  VSN output std:
    encoder: 0.222062
  Attention entropy: 1.974342
  Saved to: experiments/12b_feature_sweep/core_dynamics_weekly_7q_h1_enc8_s42/collapse_monitoring/collapse_monitor_latest.json
[DEBUG CollapseMonitor] on_validation_epoch_start called for epoch 57
[DEBUG CollapseMonitor] reset_temporal_state() called on loss function
Epoch 57: val_loss=1.0596712827682495
Epoch 57: train_loss=0.9352354407310486

[CollapseMonitor] Epoch 57
  [DEBUG] Processed 6 batches from val_dataloader
  [DEBUG] Predictions shape after concat: (187,)
  Pred std: 0.051941, range: 0.267036, mean: 0.179905
  Pos: 100.0%, Neg: 0.0%, Unique: 187
  Dir Acc: 59.89%, Pred Sharpe: 54.9836
  Composite: 0.4788 (dist_match: 0.5989, actual_pos: 59.9%, pred_pos: 100.0%)
  Collapse penalty: 0.000000 (threshold: 0.005000)
  Saved validation predictions to: experiments/12b_feature_sweep/core_dynamics_weekly_7q_h1_enc8_s42/collapse_monitoring/val_predictions_epoch57.npy
  Gradient norms:
    lstm_encoder: 0.010071
    lstm_decoder: 0.007762
    output_layer: 0.277287
  VSN output std:
    encoder: 0.221990
  Attention entropy: 1.964685
  Saved to: experiments/12b_feature_sweep/core_dynamics_weekly_7q_h1_enc8_s42/collapse_monitoring/collapse_monitor_latest.json
[DEBUG CollapseMonitor] on_validation_epoch_start called for epoch 58
[DEBUG CollapseMonitor] reset_temporal_state() called on loss function
Epoch 58: val_loss=1.0589940547943115
Epoch 58: train_loss=0.9331013560295105

[CollapseMonitor] Epoch 58
  [DEBUG] Processed 6 batches from val_dataloader
  [DEBUG] Predictions shape after concat: (187,)
  Pred std: 0.055174, range: 0.281749, mean: 0.128607
  Pos: 100.0%, Neg: 0.0%, Unique: 187
  Dir Acc: 59.89%, Pred Sharpe: 37.0023
  Composite: 0.4788 (dist_match: 0.5989, actual_pos: 59.9%, pred_pos: 100.0%)
  Collapse penalty: 0.000000 (threshold: 0.005000)
  Saved validation predictions to: experiments/12b_feature_sweep/core_dynamics_weekly_7q_h1_enc8_s42/collapse_monitoring/val_predictions_epoch58.npy
  Gradient norms:
    lstm_encoder: 0.009893
    lstm_decoder: 0.008135
    output_layer: 0.285985
  VSN output std:
    encoder: 0.222823
  Attention entropy: 1.964783
  Saved to: experiments/12b_feature_sweep/core_dynamics_weekly_7q_h1_enc8_s42/collapse_monitoring/collapse_monitor_latest.json
[DEBUG CollapseMonitor] on_validation_epoch_start called for epoch 59
[DEBUG CollapseMonitor] reset_temporal_state() called on loss function
Epoch 59: val_loss=1.0584466457366943
Epoch 59: train_loss=0.9349128007888794

[CollapseMonitor] Epoch 59
  [DEBUG] Processed 6 batches from val_dataloader
  [DEBUG] Predictions shape after concat: (187,)
  Pred std: 0.053078, range: 0.278986, mean: 0.167092
  Pos: 100.0%, Neg: 0.0%, Unique: 187
  Dir Acc: 59.89%, Pred Sharpe: 49.9735
  Composite: 0.4788 (dist_match: 0.5989, actual_pos: 59.9%, pred_pos: 100.0%)
  Collapse penalty: 0.000000 (threshold: 0.005000)
  Saved validation predictions to: experiments/12b_feature_sweep/core_dynamics_weekly_7q_h1_enc8_s42/collapse_monitoring/val_predictions_epoch59.npy
  Gradient norms:
    lstm_encoder: 0.010805
    lstm_decoder: 0.007994
    output_layer: 0.291091
  VSN output std:
    encoder: 0.223925
  Attention entropy: 1.962563
  Saved to: experiments/12b_feature_sweep/core_dynamics_weekly_7q_h1_enc8_s42/collapse_monitoring/collapse_monitor_latest.json
[DEBUG CollapseMonitor] on_validation_epoch_start called for epoch 60
[DEBUG CollapseMonitor] reset_temporal_state() called on loss function
Epoch 60: val_loss=1.057944893836975
Epoch 60: train_loss=0.9323573112487793

[CollapseMonitor] Epoch 60
  [DEBUG] Processed 6 batches from val_dataloader
  [DEBUG] Predictions shape after concat: (187,)
  Pred std: 0.051070, range: 0.275577, mean: 0.175482
  Pos: 100.0%, Neg: 0.0%, Unique: 187
  Dir Acc: 59.89%, Pred Sharpe: 54.5462
  Composite: 0.4788 (dist_match: 0.5989, actual_pos: 59.9%, pred_pos: 100.0%)
  Collapse penalty: 0.000000 (threshold: 0.005000)
  Saved validation predictions to: experiments/12b_feature_sweep/core_dynamics_weekly_7q_h1_enc8_s42/collapse_monitoring/val_predictions_epoch60.npy
  Gradient norms:
    lstm_encoder: 0.010104
    lstm_decoder: 0.008673
    output_layer: 0.281650
  VSN output std:
    encoder: 0.223700
  Attention entropy: 1.961468
  Saved to: experiments/12b_feature_sweep/core_dynamics_weekly_7q_h1_enc8_s42/collapse_monitoring/collapse_monitor_latest.json
[DEBUG CollapseMonitor] on_validation_epoch_start called for epoch 61
[DEBUG CollapseMonitor] reset_temporal_state() called on loss function
Epoch 61: val_loss=1.0571753978729248
Epoch 61: train_loss=0.9265019297599792

[CollapseMonitor] Epoch 61
  [DEBUG] Processed 6 batches from val_dataloader
  [DEBUG] Predictions shape after concat: (187,)
  Pred std: 0.053499, range: 0.282136, mean: 0.177218
  Pos: 100.0%, Neg: 0.0%, Unique: 187
  Dir Acc: 59.89%, Pred Sharpe: 52.5852
  Composite: 0.4788 (dist_match: 0.5989, actual_pos: 59.9%, pred_pos: 100.0%)
  Collapse penalty: 0.000000 (threshold: 0.005000)
  Saved validation predictions to: experiments/12b_feature_sweep/core_dynamics_weekly_7q_h1_enc8_s42/collapse_monitoring/val_predictions_epoch61.npy
  Gradient norms:
    lstm_encoder: 0.010004
    lstm_decoder: 0.007987
    output_layer: 0.274657
  VSN output std:
    encoder: 0.224669
  Attention entropy: 1.958137
  Saved to: experiments/12b_feature_sweep/core_dynamics_weekly_7q_h1_enc8_s42/collapse_monitoring/collapse_monitor_latest.json
[DEBUG CollapseMonitor] on_validation_epoch_start called for epoch 62
[DEBUG CollapseMonitor] reset_temporal_state() called on loss function
Epoch 62: val_loss=1.0564297437667847
Epoch 62: train_loss=0.9265336394309998

[CollapseMonitor] Epoch 62
  [DEBUG] Processed 6 batches from val_dataloader
  [DEBUG] Predictions shape after concat: (187,)
  Pred std: 0.054753, range: 0.286701, mean: 0.194016
  Pos: 100.0%, Neg: 0.0%, Unique: 186
  Dir Acc: 59.89%, Pred Sharpe: 56.2513
  Composite: 0.4788 (dist_match: 0.5989, actual_pos: 59.9%, pred_pos: 100.0%)
  Collapse penalty: 0.000000 (threshold: 0.005000)
  Saved validation predictions to: experiments/12b_feature_sweep/core_dynamics_weekly_7q_h1_enc8_s42/collapse_monitoring/val_predictions_epoch62.npy
  Gradient norms:
    lstm_encoder: 0.009168
    lstm_decoder: 0.007045
    output_layer: 0.258527
  VSN output std:
    encoder: 0.225044
  Attention entropy: 1.958498
  Saved to: experiments/12b_feature_sweep/core_dynamics_weekly_7q_h1_enc8_s42/collapse_monitoring/collapse_monitor_latest.json
[DEBUG CollapseMonitor] on_validation_epoch_start called for epoch 63
[DEBUG CollapseMonitor] reset_temporal_state() called on loss function
Epoch 63: val_loss=1.05624258518219
Epoch 63: train_loss=0.9242388010025024

[CollapseMonitor] Epoch 63
  [DEBUG] Processed 6 batches from val_dataloader
  [DEBUG] Predictions shape after concat: (187,)
  Pred std: 0.058467, range: 0.294333, mean: 0.184066
  Pos: 100.0%, Neg: 0.0%, Unique: 187
  Dir Acc: 59.89%, Pred Sharpe: 49.9762
  Composite: 0.4788 (dist_match: 0.5989, actual_pos: 59.9%, pred_pos: 100.0%)
  Collapse penalty: 0.000000 (threshold: 0.005000)
  Saved validation predictions to: experiments/12b_feature_sweep/core_dynamics_weekly_7q_h1_enc8_s42/collapse_monitoring/val_predictions_epoch63.npy
  Gradient norms:
    lstm_encoder: 0.010019
    lstm_decoder: 0.007982
    output_layer: 0.250396
  VSN output std:
    encoder: 0.225442
  Attention entropy: 1.953318
  Saved to: experiments/12b_feature_sweep/core_dynamics_weekly_7q_h1_enc8_s42/collapse_monitoring/collapse_monitor_latest.json
[DEBUG CollapseMonitor] on_validation_epoch_start called for epoch 64
[DEBUG CollapseMonitor] reset_temporal_state() called on loss function
Epoch 64: val_loss=1.0559967756271362
Epoch 64: train_loss=0.9290619492530823

[CollapseMonitor] Epoch 64
  [DEBUG] Processed 6 batches from val_dataloader
  [DEBUG] Predictions shape after concat: (187,)
  Pred std: 0.060382, range: 0.295711, mean: 0.198041
  Pos: 100.0%, Neg: 0.0%, Unique: 187
  Dir Acc: 59.89%, Pred Sharpe: 52.0655
  Composite: 0.4788 (dist_match: 0.5989, actual_pos: 59.9%, pred_pos: 100.0%)
  Collapse penalty: 0.000000 (threshold: 0.005000)
  Saved validation predictions to: experiments/12b_feature_sweep/core_dynamics_weekly_7q_h1_enc8_s42/collapse_monitoring/val_predictions_epoch64.npy
  Gradient norms:
    lstm_encoder: 0.011374
    lstm_decoder: 0.008288
    output_layer: 0.275529
  VSN output std:
    encoder: 0.225950
  Attention entropy: 1.950659
  Saved to: experiments/12b_feature_sweep/core_dynamics_weekly_7q_h1_enc8_s42/collapse_monitoring/collapse_monitor_latest.json
[DEBUG CollapseMonitor] on_validation_epoch_start called for epoch 65
[DEBUG CollapseMonitor] reset_temporal_state() called on loss function
Epoch 65: val_loss=1.0560659170150757
Epoch 65: train_loss=0.9258094429969788

[CollapseMonitor] Epoch 65
  [DEBUG] Processed 6 batches from val_dataloader
  [DEBUG] Predictions shape after concat: (187,)
  Pred std: 0.060696, range: 0.301293, mean: 0.181468
  Pos: 100.0%, Neg: 0.0%, Unique: 187
  Dir Acc: 59.89%, Pred Sharpe: 47.4615
  Composite: 0.4788 (dist_match: 0.5989, actual_pos: 59.9%, pred_pos: 100.0%)
  Collapse penalty: 0.000000 (threshold: 0.005000)
  Saved validation predictions to: experiments/12b_feature_sweep/core_dynamics_weekly_7q_h1_enc8_s42/collapse_monitoring/val_predictions_epoch65.npy
  Gradient norms:
    lstm_encoder: 0.010512
    lstm_decoder: 0.008456
    output_layer: 0.295372
  VSN output std:
    encoder: 0.225794
  Attention entropy: 1.953374
  Saved to: experiments/12b_feature_sweep/core_dynamics_weekly_7q_h1_enc8_s42/collapse_monitoring/collapse_monitor_latest.json
[DEBUG CollapseMonitor] on_validation_epoch_start called for epoch 66
[DEBUG CollapseMonitor] reset_temporal_state() called on loss function
Epoch 66: val_loss=1.0561400651931763
Epoch 66: train_loss=0.9293497204780579

[CollapseMonitor] Epoch 66
  [DEBUG] Processed 6 batches from val_dataloader
  [DEBUG] Predictions shape after concat: (187,)
  Pred std: 0.062921, range: 0.304880, mean: 0.191262
  Pos: 100.0%, Neg: 0.0%, Unique: 187
  Dir Acc: 59.89%, Pred Sharpe: 48.2541
  Composite: 0.4788 (dist_match: 0.5989, actual_pos: 59.9%, pred_pos: 100.0%)
  Collapse penalty: 0.000000 (threshold: 0.005000)
  Saved validation predictions to: experiments/12b_feature_sweep/core_dynamics_weekly_7q_h1_enc8_s42/collapse_monitoring/val_predictions_epoch66.npy
  Gradient norms:
    lstm_encoder: 0.012578
    lstm_decoder: 0.009670
    output_layer: 0.288042
  VSN output std:
    encoder: 0.225674
  Attention entropy: 1.953776
  Saved to: experiments/12b_feature_sweep/core_dynamics_weekly_7q_h1_enc8_s42/collapse_monitoring/collapse_monitor_latest.json
[DEBUG CollapseMonitor] on_validation_epoch_start called for epoch 67
[DEBUG CollapseMonitor] reset_temporal_state() called on loss function
Epoch 67: val_loss=1.055566668510437
Epoch 67: train_loss=0.9257668256759644

[CollapseMonitor] Epoch 67
  [DEBUG] Processed 6 batches from val_dataloader
  [DEBUG] Predictions shape after concat: (187,)
  Pred std: 0.064084, range: 0.306684, mean: 0.188305
  Pos: 100.0%, Neg: 0.0%, Unique: 187
  Dir Acc: 59.89%, Pred Sharpe: 46.6458
  Composite: 0.4788 (dist_match: 0.5989, actual_pos: 59.9%, pred_pos: 100.0%)
  Collapse penalty: 0.000000 (threshold: 0.005000)
  Saved validation predictions to: experiments/12b_feature_sweep/core_dynamics_weekly_7q_h1_enc8_s42/collapse_monitoring/val_predictions_epoch67.npy
  Gradient norms:
    lstm_encoder: 0.011607
    lstm_decoder: 0.008473
    output_layer: 0.276633
  VSN output std:
    encoder: 0.225541
  Attention entropy: 1.953129
  Saved to: experiments/12b_feature_sweep/core_dynamics_weekly_7q_h1_enc8_s42/collapse_monitoring/collapse_monitor_latest.json
[DEBUG CollapseMonitor] on_validation_epoch_start called for epoch 68
[DEBUG CollapseMonitor] reset_temporal_state() called on loss function
Epoch 68: val_loss=1.0552659034729004
Epoch 68: train_loss=0.9290194511413574

[CollapseMonitor] Epoch 68
  [DEBUG] Processed 6 batches from val_dataloader
  [DEBUG] Predictions shape after concat: (187,)
  Pred std: 0.060135, range: 0.296488, mean: 0.196275
  Pos: 100.0%, Neg: 0.0%, Unique: 186
  Dir Acc: 59.89%, Pred Sharpe: 51.8132
  Composite: 0.4788 (dist_match: 0.5989, actual_pos: 59.9%, pred_pos: 100.0%)
  Collapse penalty: 0.000000 (threshold: 0.005000)
  Saved validation predictions to: experiments/12b_feature_sweep/core_dynamics_weekly_7q_h1_enc8_s42/collapse_monitoring/val_predictions_epoch68.npy
  Gradient norms:
    lstm_encoder: 0.012411
    lstm_decoder: 0.009376
    output_layer: 0.268360
  VSN output std:
    encoder: 0.225444
  Attention entropy: 1.953278
  Saved to: experiments/12b_feature_sweep/core_dynamics_weekly_7q_h1_enc8_s42/collapse_monitoring/collapse_monitor_latest.json
[DEBUG CollapseMonitor] on_validation_epoch_start called for epoch 69
[DEBUG CollapseMonitor] reset_temporal_state() called on loss function
Epoch 69: val_loss=1.0553897619247437
Epoch 69: train_loss=0.9276061654090881

[CollapseMonitor] Epoch 69
  [DEBUG] Processed 6 batches from val_dataloader
  [DEBUG] Predictions shape after concat: (187,)
  Pred std: 0.063043, range: 0.300268, mean: 0.186220
  Pos: 100.0%, Neg: 0.0%, Unique: 187
  Dir Acc: 59.89%, Pred Sharpe: 46.8909
  Composite: 0.4788 (dist_match: 0.5989, actual_pos: 59.9%, pred_pos: 100.0%)
  Collapse penalty: 0.000000 (threshold: 0.005000)
  Saved validation predictions to: experiments/12b_feature_sweep/core_dynamics_weekly_7q_h1_enc8_s42/collapse_monitoring/val_predictions_epoch69.npy
  Gradient norms:
    lstm_encoder: 0.011141
    lstm_decoder: 0.008281
    output_layer: 0.289158
  VSN output std:
    encoder: 0.225303
  Attention entropy: 1.954139
  Saved to: experiments/12b_feature_sweep/core_dynamics_weekly_7q_h1_enc8_s42/collapse_monitoring/collapse_monitor_latest.json
[DEBUG CollapseMonitor] on_validation_epoch_start called for epoch 70
[DEBUG CollapseMonitor] reset_temporal_state() called on loss function
Epoch 70: val_loss=1.055262565612793
Epoch 70: train_loss=0.9269735217094421

[CollapseMonitor] Epoch 70
  [DEBUG] Processed 6 batches from val_dataloader
  [DEBUG] Predictions shape after concat: (187,)
  Pred std: 0.063806, range: 0.304159, mean: 0.197385
  Pos: 100.0%, Neg: 0.0%, Unique: 187
  Dir Acc: 59.89%, Pred Sharpe: 49.1077
  Composite: 0.4788 (dist_match: 0.5989, actual_pos: 59.9%, pred_pos: 100.0%)
  Collapse penalty: 0.000000 (threshold: 0.005000)
  Saved validation predictions to: experiments/12b_feature_sweep/core_dynamics_weekly_7q_h1_enc8_s42/collapse_monitoring/val_predictions_epoch70.npy
  Gradient norms:
    lstm_encoder: 0.011229
    lstm_decoder: 0.008673
    output_layer: 0.268034
  VSN output std:
    encoder: 0.225903
  Attention entropy: 1.948829
  Saved to: experiments/12b_feature_sweep/core_dynamics_weekly_7q_h1_enc8_s42/collapse_monitoring/collapse_monitor_latest.json
[DEBUG CollapseMonitor] on_validation_epoch_start called for epoch 71
[DEBUG CollapseMonitor] reset_temporal_state() called on loss function
Epoch 71: val_loss=1.055006980895996
Epoch 71: train_loss=0.9298718571662903

[CollapseMonitor] Epoch 71
  [DEBUG] Processed 6 batches from val_dataloader
  [DEBUG] Predictions shape after concat: (187,)
  Pred std: 0.064030, range: 0.306322, mean: 0.194387
  Pos: 100.0%, Neg: 0.0%, Unique: 187
  Dir Acc: 59.89%, Pred Sharpe: 48.1933
  Composite: 0.4788 (dist_match: 0.5989, actual_pos: 59.9%, pred_pos: 100.0%)
  Collapse penalty: 0.000000 (threshold: 0.005000)
  Saved validation predictions to: experiments/12b_feature_sweep/core_dynamics_weekly_7q_h1_enc8_s42/collapse_monitoring/val_predictions_epoch71.npy
  Gradient norms:
    lstm_encoder: 0.013816
    lstm_decoder: 0.010064
    output_layer: 0.291362
  VSN output std:
    encoder: 0.226343
  Attention entropy: 1.948024
  Saved to: experiments/12b_feature_sweep/core_dynamics_weekly_7q_h1_enc8_s42/collapse_monitoring/collapse_monitor_latest.json
[DEBUG CollapseMonitor] on_validation_epoch_start called for epoch 72
[DEBUG CollapseMonitor] reset_temporal_state() called on loss function
Epoch 72: val_loss=1.0549941062927246
Epoch 72: train_loss=0.9140085577964783

[CollapseMonitor] Epoch 72
  [DEBUG] Processed 6 batches from val_dataloader
  [DEBUG] Predictions shape after concat: (187,)
  Pred std: 0.064401, range: 0.307754, mean: 0.182631
  Pos: 100.0%, Neg: 0.0%, Unique: 187
  Dir Acc: 59.89%, Pred Sharpe: 45.0175
  Composite: 0.4788 (dist_match: 0.5989, actual_pos: 59.9%, pred_pos: 100.0%)
  Collapse penalty: 0.000000 (threshold: 0.005000)
  Saved validation predictions to: experiments/12b_feature_sweep/core_dynamics_weekly_7q_h1_enc8_s42/collapse_monitoring/val_predictions_epoch72.npy
  Gradient norms:
    lstm_encoder: 0.012684
    lstm_decoder: 0.009168
    output_layer: 0.308442
  VSN output std:
    encoder: 0.226647
  Attention entropy: 1.948920
  Saved to: experiments/12b_feature_sweep/core_dynamics_weekly_7q_h1_enc8_s42/collapse_monitoring/collapse_monitor_latest.json
[DEBUG CollapseMonitor] on_validation_epoch_start called for epoch 73
[DEBUG CollapseMonitor] reset_temporal_state() called on loss function
Epoch 73: val_loss=1.0550235509872437
Epoch 73: train_loss=0.9111746549606323

[CollapseMonitor] Epoch 73
  [DEBUG] Processed 6 batches from val_dataloader
  [DEBUG] Predictions shape after concat: (187,)
  Pred std: 0.062860, range: 0.306287, mean: 0.169322
  Pos: 100.0%, Neg: 0.0%, Unique: 187
  Dir Acc: 59.89%, Pred Sharpe: 42.7604
  Composite: 0.4788 (dist_match: 0.5989, actual_pos: 59.9%, pred_pos: 100.0%)
  Collapse penalty: 0.000000 (threshold: 0.005000)
  Saved validation predictions to: experiments/12b_feature_sweep/core_dynamics_weekly_7q_h1_enc8_s42/collapse_monitoring/val_predictions_epoch73.npy
  Gradient norms:
    lstm_encoder: 0.011335
    lstm_decoder: 0.008563
    output_layer: 0.274503
  VSN output std:
    encoder: 0.227065
  Attention entropy: 1.946808
  Saved to: experiments/12b_feature_sweep/core_dynamics_weekly_7q_h1_enc8_s42/collapse_monitoring/collapse_monitor_latest.json
[DEBUG CollapseMonitor] on_validation_epoch_start called for epoch 74
[DEBUG CollapseMonitor] reset_temporal_state() called on loss function
Epoch 74: val_loss=1.0545055866241455
Epoch 74: train_loss=0.9233164191246033

[CollapseMonitor] Epoch 74
  [DEBUG] Processed 6 batches from val_dataloader
  [DEBUG] Predictions shape after concat: (187,)
  Pred std: 0.058322, range: 0.296458, mean: 0.194898
  Pos: 100.0%, Neg: 0.0%, Unique: 187
  Dir Acc: 59.89%, Pred Sharpe: 53.0486
  Composite: 0.4788 (dist_match: 0.5989, actual_pos: 59.9%, pred_pos: 100.0%)
  Collapse penalty: 0.000000 (threshold: 0.005000)
  Saved validation predictions to: experiments/12b_feature_sweep/core_dynamics_weekly_7q_h1_enc8_s42/collapse_monitoring/val_predictions_epoch74.npy
  Gradient norms:
    lstm_encoder: 0.013955
    lstm_decoder: 0.010030
    output_layer: 0.320455
  VSN output std:
    encoder: 0.227202
  Attention entropy: 1.947351
  Saved to: experiments/12b_feature_sweep/core_dynamics_weekly_7q_h1_enc8_s42/collapse_monitoring/collapse_monitor_latest.json
[DEBUG CollapseMonitor] on_validation_epoch_start called for epoch 75
[DEBUG CollapseMonitor] reset_temporal_state() called on loss function
Epoch 75: val_loss=1.0544037818908691
Epoch 75: train_loss=0.9226741194725037

[CollapseMonitor] Epoch 75
  [DEBUG] Processed 6 batches from val_dataloader
  [DEBUG] Predictions shape after concat: (187,)
  Pred std: 0.059835, range: 0.292651, mean: 0.200541
  Pos: 100.0%, Neg: 0.0%, Unique: 187
  Dir Acc: 59.89%, Pred Sharpe: 53.2041
  Composite: 0.4788 (dist_match: 0.5989, actual_pos: 59.9%, pred_pos: 100.0%)
  Collapse penalty: 0.000000 (threshold: 0.005000)
  Saved validation predictions to: experiments/12b_feature_sweep/core_dynamics_weekly_7q_h1_enc8_s42/collapse_monitoring/val_predictions_epoch75.npy
  Gradient norms:
    lstm_encoder: 0.012656
    lstm_decoder: 0.009145
    output_layer: 0.283492
  VSN output std:
    encoder: 0.227150
  Attention entropy: 1.943900
  Saved to: experiments/12b_feature_sweep/core_dynamics_weekly_7q_h1_enc8_s42/collapse_monitoring/collapse_monitor_latest.json
[DEBUG CollapseMonitor] on_validation_epoch_start called for epoch 76
[DEBUG CollapseMonitor] reset_temporal_state() called on loss function
Epoch 76: val_loss=1.0543032884597778
Epoch 76: train_loss=0.9204244017601013

[CollapseMonitor] Epoch 76
  [DEBUG] Processed 6 batches from val_dataloader
  [DEBUG] Predictions shape after concat: (187,)
  Pred std: 0.060559, range: 0.291988, mean: 0.182185
  Pos: 100.0%, Neg: 0.0%, Unique: 186
  Dir Acc: 59.89%, Pred Sharpe: 47.7566
  Composite: 0.4788 (dist_match: 0.5989, actual_pos: 59.9%, pred_pos: 100.0%)
  Collapse penalty: 0.000000 (threshold: 0.005000)
  Saved validation predictions to: experiments/12b_feature_sweep/core_dynamics_weekly_7q_h1_enc8_s42/collapse_monitoring/val_predictions_epoch76.npy
  Gradient norms:
    lstm_encoder: 0.011651
    lstm_decoder: 0.009372
    output_layer: 0.286323
  VSN output std:
    encoder: 0.227620
  Attention entropy: 1.941705
  Saved to: experiments/12b_feature_sweep/core_dynamics_weekly_7q_h1_enc8_s42/collapse_monitoring/collapse_monitor_latest.json
[DEBUG CollapseMonitor] on_validation_epoch_start called for epoch 77
[DEBUG CollapseMonitor] reset_temporal_state() called on loss function
Epoch 77: val_loss=1.0535415410995483
Epoch 77: train_loss=0.9245675802230835

[CollapseMonitor] Epoch 77
  [DEBUG] Processed 6 batches from val_dataloader
  [DEBUG] Predictions shape after concat: (187,)
  Pred std: 0.061546, range: 0.286968, mean: 0.182111
  Pos: 100.0%, Neg: 0.0%, Unique: 187
  Dir Acc: 59.89%, Pred Sharpe: 46.9720
  Composite: 0.4788 (dist_match: 0.5989, actual_pos: 59.9%, pred_pos: 100.0%)
  Collapse penalty: 0.000000 (threshold: 0.005000)
  Saved validation predictions to: experiments/12b_feature_sweep/core_dynamics_weekly_7q_h1_enc8_s42/collapse_monitoring/val_predictions_epoch77.npy
  Gradient norms:
    lstm_encoder: 0.013930
    lstm_decoder: 0.009887
    output_layer: 0.283200
  VSN output std:
    encoder: 0.227934
  Attention entropy: 1.938744
  Saved to: experiments/12b_feature_sweep/core_dynamics_weekly_7q_h1_enc8_s42/collapse_monitoring/collapse_monitor_latest.json
[DEBUG CollapseMonitor] on_validation_epoch_start called for epoch 78
[DEBUG CollapseMonitor] reset_temporal_state() called on loss function
Epoch 78: val_loss=1.0527231693267822
Epoch 78: train_loss=0.9282722473144531

[CollapseMonitor] Epoch 78
  [DEBUG] Processed 6 batches from val_dataloader
  [DEBUG] Predictions shape after concat: (187,)
  Pred std: 0.057047, range: 0.277857, mean: 0.214384
  Pos: 100.0%, Neg: 0.0%, Unique: 187
  Dir Acc: 59.89%, Pred Sharpe: 59.6566
  Composite: 0.4788 (dist_match: 0.5989, actual_pos: 59.9%, pred_pos: 100.0%)
  Collapse penalty: 0.000000 (threshold: 0.005000)
  Saved validation predictions to: experiments/12b_feature_sweep/core_dynamics_weekly_7q_h1_enc8_s42/collapse_monitoring/val_predictions_epoch78.npy
  Gradient norms:
    lstm_encoder: 0.012220
    lstm_decoder: 0.009001
    output_layer: 0.257196
  VSN output std:
    encoder: 0.228640
  Attention entropy: 1.935469
  Saved to: experiments/12b_feature_sweep/core_dynamics_weekly_7q_h1_enc8_s42/collapse_monitoring/collapse_monitor_latest.json
[DEBUG CollapseMonitor] on_validation_epoch_start called for epoch 79
[DEBUG CollapseMonitor] reset_temporal_state() called on loss function
Epoch 79: val_loss=1.0515273809432983
Epoch 79: train_loss=0.922481119632721

[CollapseMonitor] Epoch 79
  [DEBUG] Processed 6 batches from val_dataloader
  [DEBUG] Predictions shape after concat: (187,)
  Pred std: 0.057238, range: 0.268534, mean: 0.247320
  Pos: 100.0%, Neg: 0.0%, Unique: 187
  Dir Acc: 59.89%, Pred Sharpe: 68.5923
  Composite: 0.4788 (dist_match: 0.5989, actual_pos: 59.9%, pred_pos: 100.0%)
  Collapse penalty: 0.000000 (threshold: 0.005000)
  Saved validation predictions to: experiments/12b_feature_sweep/core_dynamics_weekly_7q_h1_enc8_s42/collapse_monitoring/val_predictions_epoch79.npy
  Gradient norms:
    lstm_encoder: 0.012172
    lstm_decoder: 0.009707
    output_layer: 0.335823
  VSN output std:
    encoder: 0.228881
  Attention entropy: 1.935895
  Saved to: experiments/12b_feature_sweep/core_dynamics_weekly_7q_h1_enc8_s42/collapse_monitoring/collapse_monitor_latest.json
[DEBUG CollapseMonitor] on_validation_epoch_start called for epoch 80
[DEBUG CollapseMonitor] reset_temporal_state() called on loss function
Epoch 80: val_loss=1.0517420768737793
Epoch 80: train_loss=0.9215699434280396

[CollapseMonitor] Epoch 80
  [DEBUG] Processed 6 batches from val_dataloader
  [DEBUG] Predictions shape after concat: (187,)
  Pred std: 0.060560, range: 0.270465, mean: 0.219933
  Pos: 100.0%, Neg: 0.0%, Unique: 187
  Dir Acc: 59.89%, Pred Sharpe: 57.6508
  Composite: 0.4788 (dist_match: 0.5989, actual_pos: 59.9%, pred_pos: 100.0%)
  Collapse penalty: 0.000000 (threshold: 0.005000)
  Saved validation predictions to: experiments/12b_feature_sweep/core_dynamics_weekly_7q_h1_enc8_s42/collapse_monitoring/val_predictions_epoch80.npy
  Gradient norms:
    lstm_encoder: 0.015353
    lstm_decoder: 0.011445
    output_layer: 0.289565
  VSN output std:
    encoder: 0.229369
  Attention entropy: 1.934548
  Saved to: experiments/12b_feature_sweep/core_dynamics_weekly_7q_h1_enc8_s42/collapse_monitoring/collapse_monitor_latest.json
[DEBUG CollapseMonitor] on_validation_epoch_start called for epoch 81
[DEBUG CollapseMonitor] reset_temporal_state() called on loss function
Epoch 81: val_loss=1.052182912826538
Epoch 81: train_loss=0.9206773638725281

[CollapseMonitor] Epoch 81
  [DEBUG] Processed 6 batches from val_dataloader
  [DEBUG] Predictions shape after concat: (187,)
  Pred std: 0.068842, range: 0.297295, mean: 0.199284
  Pos: 100.0%, Neg: 0.0%, Unique: 187
  Dir Acc: 59.89%, Pred Sharpe: 45.9536
  Composite: 0.4788 (dist_match: 0.5989, actual_pos: 59.9%, pred_pos: 100.0%)
  Collapse penalty: 0.000000 (threshold: 0.005000)
  Saved validation predictions to: experiments/12b_feature_sweep/core_dynamics_weekly_7q_h1_enc8_s42/collapse_monitoring/val_predictions_epoch81.npy
  Gradient norms:
    lstm_encoder: 0.015251
    lstm_decoder: 0.011373
    output_layer: 0.289645
  VSN output std:
    encoder: 0.230142
  Attention entropy: 1.926906
  Saved to: experiments/12b_feature_sweep/core_dynamics_weekly_7q_h1_enc8_s42/collapse_monitoring/collapse_monitor_latest.json
[DEBUG CollapseMonitor] on_validation_epoch_start called for epoch 82
[DEBUG CollapseMonitor] reset_temporal_state() called on loss function
Epoch 82: val_loss=1.0519967079162598
Epoch 82: train_loss=0.9210931658744812

[CollapseMonitor] Epoch 82
  [DEBUG] Processed 6 batches from val_dataloader
  [DEBUG] Predictions shape after concat: (187,)
  Pred std: 0.070129, range: 0.294363, mean: 0.202324
  Pos: 100.0%, Neg: 0.0%, Unique: 187
  Dir Acc: 59.89%, Pred Sharpe: 45.7986
  Composite: 0.4788 (dist_match: 0.5989, actual_pos: 59.9%, pred_pos: 100.0%)
  Collapse penalty: 0.000000 (threshold: 0.005000)
  Saved validation predictions to: experiments/12b_feature_sweep/core_dynamics_weekly_7q_h1_enc8_s42/collapse_monitoring/val_predictions_epoch82.npy
  Gradient norms:
    lstm_encoder: 0.013959
    lstm_decoder: 0.010341
    output_layer: 0.281727
  VSN output std:
    encoder: 0.230000
  Attention entropy: 1.926205
  Saved to: experiments/12b_feature_sweep/core_dynamics_weekly_7q_h1_enc8_s42/collapse_monitoring/collapse_monitor_latest.json
[DEBUG CollapseMonitor] on_validation_epoch_start called for epoch 83
[DEBUG CollapseMonitor] reset_temporal_state() called on loss function
Epoch 83: val_loss=1.0522860288619995
Epoch 83: train_loss=0.9195209741592407

[CollapseMonitor] Epoch 83
  [DEBUG] Processed 6 batches from val_dataloader
  [DEBUG] Predictions shape after concat: (187,)
  Pred std: 0.070934, range: 0.297859, mean: 0.191175
  Pos: 100.0%, Neg: 0.0%, Unique: 187
  Dir Acc: 59.89%, Pred Sharpe: 42.7836
  Composite: 0.4788 (dist_match: 0.5989, actual_pos: 59.9%, pred_pos: 100.0%)
  Collapse penalty: 0.000000 (threshold: 0.005000)
  Saved validation predictions to: experiments/12b_feature_sweep/core_dynamics_weekly_7q_h1_enc8_s42/collapse_monitoring/val_predictions_epoch83.npy
  Gradient norms:
    lstm_encoder: 0.015096
    lstm_decoder: 0.011076
    output_layer: 0.282181
  VSN output std:
    encoder: 0.229916
  Attention entropy: 1.921894
  Saved to: experiments/12b_feature_sweep/core_dynamics_weekly_7q_h1_enc8_s42/collapse_monitoring/collapse_monitor_latest.json
[DEBUG CollapseMonitor] on_validation_epoch_start called for epoch 84
[DEBUG CollapseMonitor] reset_temporal_state() called on loss function
Epoch 84: val_loss=1.051199197769165
Epoch 84: train_loss=0.9170863032341003

[CollapseMonitor] Epoch 84
  [DEBUG] Processed 6 batches from val_dataloader
  [DEBUG] Predictions shape after concat: (187,)
  Pred std: 0.071616, range: 0.301727, mean: 0.218261
  Pos: 100.0%, Neg: 0.0%, Unique: 187
  Dir Acc: 59.89%, Pred Sharpe: 48.3798
  Composite: 0.4788 (dist_match: 0.5989, actual_pos: 59.9%, pred_pos: 100.0%)
  Collapse penalty: 0.000000 (threshold: 0.005000)
  Saved validation predictions to: experiments/12b_feature_sweep/core_dynamics_weekly_7q_h1_enc8_s42/collapse_monitoring/val_predictions_epoch84.npy
  Gradient norms:
    lstm_encoder: 0.015074
    lstm_decoder: 0.011557
    output_layer: 0.291392
  VSN output std:
    encoder: 0.229790
  Attention entropy: 1.915581
  Saved to: experiments/12b_feature_sweep/core_dynamics_weekly_7q_h1_enc8_s42/collapse_monitoring/collapse_monitor_latest.json
[DEBUG CollapseMonitor] on_validation_epoch_start called for epoch 85
[DEBUG CollapseMonitor] reset_temporal_state() called on loss function
Epoch 85: val_loss=1.0512824058532715
Epoch 85: train_loss=0.9168787598609924

[CollapseMonitor] Epoch 85
  [DEBUG] Processed 6 batches from val_dataloader
  [DEBUG] Predictions shape after concat: (187,)
  Pred std: 0.073687, range: 0.307764, mean: 0.193678
  Pos: 100.0%, Neg: 0.0%, Unique: 187
  Dir Acc: 59.89%, Pred Sharpe: 41.7246
  Composite: 0.4788 (dist_match: 0.5989, actual_pos: 59.9%, pred_pos: 100.0%)
  Collapse penalty: 0.000000 (threshold: 0.005000)
  Saved validation predictions to: experiments/12b_feature_sweep/core_dynamics_weekly_7q_h1_enc8_s42/collapse_monitoring/val_predictions_epoch85.npy
  Gradient norms:
    lstm_encoder: 0.014271
    lstm_decoder: 0.010956
    output_layer: 0.267284
  VSN output std:
    encoder: 0.229548
  Attention entropy: 1.915505
  Saved to: experiments/12b_feature_sweep/core_dynamics_weekly_7q_h1_enc8_s42/collapse_monitoring/collapse_monitor_latest.json
[DEBUG CollapseMonitor] on_validation_epoch_start called for epoch 86
[DEBUG CollapseMonitor] reset_temporal_state() called on loss function
Epoch 86: val_loss=1.051171898841858
Epoch 86: train_loss=0.9186462163925171

[CollapseMonitor] Epoch 86
  [DEBUG] Processed 6 batches from val_dataloader
  [DEBUG] Predictions shape after concat: (187,)
  Pred std: 0.074203, range: 0.305619, mean: 0.192093
  Pos: 100.0%, Neg: 0.0%, Unique: 187
  Dir Acc: 59.89%, Pred Sharpe: 41.0951
  Composite: 0.4788 (dist_match: 0.5989, actual_pos: 59.9%, pred_pos: 100.0%)
  Collapse penalty: 0.000000 (threshold: 0.005000)
  Saved validation predictions to: experiments/12b_feature_sweep/core_dynamics_weekly_7q_h1_enc8_s42/collapse_monitoring/val_predictions_epoch86.npy
  Gradient norms:
    lstm_encoder: 0.012614
    lstm_decoder: 0.009661
    output_layer: 0.275180
  VSN output std:
    encoder: 0.229323
  Attention entropy: 1.913152
  Saved to: experiments/12b_feature_sweep/core_dynamics_weekly_7q_h1_enc8_s42/collapse_monitoring/collapse_monitor_latest.json
[DEBUG CollapseMonitor] on_validation_epoch_start called for epoch 87
[DEBUG CollapseMonitor] reset_temporal_state() called on loss function
Epoch 87: val_loss=1.0500975847244263
Epoch 87: train_loss=0.9228397011756897

[CollapseMonitor] Epoch 87
  [DEBUG] Processed 6 batches from val_dataloader
  [DEBUG] Predictions shape after concat: (187,)
  Pred std: 0.076430, range: 0.300829, mean: 0.166570
  Pos: 100.0%, Neg: 0.0%, Unique: 187
  Dir Acc: 59.89%, Pred Sharpe: 34.5966
  Composite: 0.4788 (dist_match: 0.5989, actual_pos: 59.9%, pred_pos: 100.0%)
  Collapse penalty: 0.000000 (threshold: 0.005000)
  Saved validation predictions to: experiments/12b_feature_sweep/core_dynamics_weekly_7q_h1_enc8_s42/collapse_monitoring/val_predictions_epoch87.npy
  Gradient norms:
    lstm_encoder: 0.015853
    lstm_decoder: 0.011624
    output_layer: 0.313101
  VSN output std:
    encoder: 0.228478
  Attention entropy: 1.917197
  Saved to: experiments/12b_feature_sweep/core_dynamics_weekly_7q_h1_enc8_s42/collapse_monitoring/collapse_monitor_latest.json
[DEBUG CollapseMonitor] on_validation_epoch_start called for epoch 88
[DEBUG CollapseMonitor] reset_temporal_state() called on loss function
Epoch 88: val_loss=1.049131989479065
Epoch 88: train_loss=0.9188714623451233

[CollapseMonitor] Epoch 88
  [DEBUG] Processed 6 batches from val_dataloader
  [DEBUG] Predictions shape after concat: (187,)
  Pred std: 0.073772, range: 0.286561, mean: 0.181793
  Pos: 100.0%, Neg: 0.0%, Unique: 187
  Dir Acc: 59.89%, Pred Sharpe: 39.1188
  Composite: 0.4788 (dist_match: 0.5989, actual_pos: 59.9%, pred_pos: 100.0%)
  Collapse penalty: 0.000000 (threshold: 0.005000)
  Saved validation predictions to: experiments/12b_feature_sweep/core_dynamics_weekly_7q_h1_enc8_s42/collapse_monitoring/val_predictions_epoch88.npy
  Gradient norms:
    lstm_encoder: 0.015945
    lstm_decoder: 0.011246
    output_layer: 0.302291
  VSN output std:
    encoder: 0.227603
  Attention entropy: 1.919527
  Saved to: experiments/12b_feature_sweep/core_dynamics_weekly_7q_h1_enc8_s42/collapse_monitoring/collapse_monitor_latest.json
[DEBUG CollapseMonitor] on_validation_epoch_start called for epoch 89
[DEBUG CollapseMonitor] reset_temporal_state() called on loss function
Epoch 89: val_loss=1.0479202270507812
Epoch 89: train_loss=0.9198418855667114

[CollapseMonitor] Epoch 89
  [DEBUG] Processed 6 batches from val_dataloader
  [DEBUG] Predictions shape after concat: (187,)
  Pred std: 0.072294, range: 0.281550, mean: 0.210069
  Pos: 100.0%, Neg: 0.0%, Unique: 187
  Dir Acc: 59.89%, Pred Sharpe: 46.1277
  Composite: 0.4788 (dist_match: 0.5989, actual_pos: 59.9%, pred_pos: 100.0%)
  Collapse penalty: 0.000000 (threshold: 0.005000)
  Saved validation predictions to: experiments/12b_feature_sweep/core_dynamics_weekly_7q_h1_enc8_s42/collapse_monitoring/val_predictions_epoch89.npy
  Gradient norms:
    lstm_encoder: 0.018113
    lstm_decoder: 0.013221
    output_layer: 0.294795
  VSN output std:
    encoder: 0.227239
  Attention entropy: 1.917975
  Saved to: experiments/12b_feature_sweep/core_dynamics_weekly_7q_h1_enc8_s42/collapse_monitoring/collapse_monitor_latest.json
[DEBUG CollapseMonitor] on_validation_epoch_start called for epoch 90
[DEBUG CollapseMonitor] reset_temporal_state() called on loss function
Epoch 90: val_loss=1.0480873584747314
Epoch 90: train_loss=0.916793704032898

[CollapseMonitor] Epoch 90
  [DEBUG] Processed 6 batches from val_dataloader
  [DEBUG] Predictions shape after concat: (187,)
  Pred std: 0.080630, range: 0.307376, mean: 0.191593
  Pos: 100.0%, Neg: 0.0%, Unique: 187
  Dir Acc: 59.89%, Pred Sharpe: 37.7213
  Composite: 0.4788 (dist_match: 0.5989, actual_pos: 59.9%, pred_pos: 100.0%)
  Collapse penalty: 0.000000 (threshold: 0.005000)
  Saved validation predictions to: experiments/12b_feature_sweep/core_dynamics_weekly_7q_h1_enc8_s42/collapse_monitoring/val_predictions_epoch90.npy
  Gradient norms:
    lstm_encoder: 0.017146
    lstm_decoder: 0.011532
    output_layer: 0.261717
  VSN output std:
    encoder: 0.227705
  Attention entropy: 1.913717
  Saved to: experiments/12b_feature_sweep/core_dynamics_weekly_7q_h1_enc8_s42/collapse_monitoring/collapse_monitor_latest.json
[DEBUG CollapseMonitor] on_validation_epoch_start called for epoch 91
[DEBUG CollapseMonitor] reset_temporal_state() called on loss function
Epoch 91: val_loss=1.0477838516235352
Epoch 91: train_loss=0.9160251021385193

[CollapseMonitor] Epoch 91
  [DEBUG] Processed 6 batches from val_dataloader
  [DEBUG] Predictions shape after concat: (187,)
  Pred std: 0.083429, range: 0.319292, mean: 0.185001
  Pos: 100.0%, Neg: 0.0%, Unique: 187
  Dir Acc: 59.89%, Pred Sharpe: 35.2013
  Composite: 0.4788 (dist_match: 0.5989, actual_pos: 59.9%, pred_pos: 100.0%)
  Collapse penalty: 0.000000 (threshold: 0.005000)
  Saved validation predictions to: experiments/12b_feature_sweep/core_dynamics_weekly_7q_h1_enc8_s42/collapse_monitoring/val_predictions_epoch91.npy
  Gradient norms:
    lstm_encoder: 0.016618
    lstm_decoder: 0.011988
    output_layer: 0.274604
  VSN output std:
    encoder: 0.227964
  Attention entropy: 1.915215
  Saved to: experiments/12b_feature_sweep/core_dynamics_weekly_7q_h1_enc8_s42/collapse_monitoring/collapse_monitor_latest.json
[DEBUG CollapseMonitor] on_validation_epoch_start called for epoch 92
[DEBUG CollapseMonitor] reset_temporal_state() called on loss function
Epoch 92: val_loss=1.0468947887420654
Epoch 92: train_loss=0.9188350439071655

[CollapseMonitor] Epoch 92
  [DEBUG] Processed 6 batches from val_dataloader
  [DEBUG] Predictions shape after concat: (187,)
  Pred std: 0.082844, range: 0.320475, mean: 0.189621
  Pos: 100.0%, Neg: 0.0%, Unique: 187
  Dir Acc: 59.89%, Pred Sharpe: 36.3352
  Composite: 0.4788 (dist_match: 0.5989, actual_pos: 59.9%, pred_pos: 100.0%)
  Collapse penalty: 0.000000 (threshold: 0.005000)
  Saved validation predictions to: experiments/12b_feature_sweep/core_dynamics_weekly_7q_h1_enc8_s42/collapse_monitoring/val_predictions_epoch92.npy
  Gradient norms:
    lstm_encoder: 0.016691
    lstm_decoder: 0.011405
    output_layer: 0.298767
  VSN output std:
    encoder: 0.228440
  Attention entropy: 1.917547
  Saved to: experiments/12b_feature_sweep/core_dynamics_weekly_7q_h1_enc8_s42/collapse_monitoring/collapse_monitor_latest.json
[DEBUG CollapseMonitor] on_validation_epoch_start called for epoch 93
[DEBUG CollapseMonitor] reset_temporal_state() called on loss function
Epoch 93: val_loss=1.047073483467102
Epoch 93: train_loss=0.9202371835708618

[CollapseMonitor] Epoch 93
  [DEBUG] Processed 6 batches from val_dataloader
  [DEBUG] Predictions shape after concat: (187,)
  Pred std: 0.086467, range: 0.326567, mean: 0.177472
  Pos: 100.0%, Neg: 0.0%, Unique: 187
  Dir Acc: 59.89%, Pred Sharpe: 32.5820
  Composite: 0.4788 (dist_match: 0.5989, actual_pos: 59.9%, pred_pos: 100.0%)
  Collapse penalty: 0.000000 (threshold: 0.005000)
  Saved validation predictions to: experiments/12b_feature_sweep/core_dynamics_weekly_7q_h1_enc8_s42/collapse_monitoring/val_predictions_epoch93.npy
  Gradient norms:
    lstm_encoder: 0.016257
    lstm_decoder: 0.011703
    output_layer: 0.282861
  VSN output std:
    encoder: 0.229195
  Attention entropy: 1.913046
  Saved to: experiments/12b_feature_sweep/core_dynamics_weekly_7q_h1_enc8_s42/collapse_monitoring/collapse_monitor_latest.json
[DEBUG CollapseMonitor] on_validation_epoch_start called for epoch 94
[DEBUG CollapseMonitor] reset_temporal_state() called on loss function
Epoch 94: val_loss=1.0467016696929932
Epoch 94: train_loss=0.9024964570999146

[CollapseMonitor] Epoch 94
  [DEBUG] Processed 6 batches from val_dataloader
  [DEBUG] Predictions shape after concat: (187,)
  Pred std: 0.089178, range: 0.333446, mean: 0.183703
  Pos: 100.0%, Neg: 0.0%, Unique: 187
  Dir Acc: 59.89%, Pred Sharpe: 32.7007
  Composite: 0.4788 (dist_match: 0.5989, actual_pos: 59.9%, pred_pos: 100.0%)
  Collapse penalty: 0.000000 (threshold: 0.005000)
  Saved validation predictions to: experiments/12b_feature_sweep/core_dynamics_weekly_7q_h1_enc8_s42/collapse_monitoring/val_predictions_epoch94.npy
  Gradient norms:
    lstm_encoder: 0.017321
    lstm_decoder: 0.012073
    output_layer: 0.320048
  VSN output std:
    encoder: 0.229256
  Attention entropy: 1.912908
  Saved to: experiments/12b_feature_sweep/core_dynamics_weekly_7q_h1_enc8_s42/collapse_monitoring/collapse_monitor_latest.json
[DEBUG CollapseMonitor] on_validation_epoch_start called for epoch 95
[DEBUG CollapseMonitor] reset_temporal_state() called on loss function
Epoch 95: val_loss=1.0464026927947998
Epoch 95: train_loss=0.9159123301506042

[CollapseMonitor] Epoch 95
  [DEBUG] Processed 6 batches from val_dataloader
  [DEBUG] Predictions shape after concat: (187,)
  Pred std: 0.089770, range: 0.337037, mean: 0.174817
  Pos: 100.0%, Neg: 0.0%, Unique: 187
  Dir Acc: 59.89%, Pred Sharpe: 30.9137
  Composite: 0.4788 (dist_match: 0.5989, actual_pos: 59.9%, pred_pos: 100.0%)
  Collapse penalty: 0.000000 (threshold: 0.005000)
  Saved validation predictions to: experiments/12b_feature_sweep/core_dynamics_weekly_7q_h1_enc8_s42/collapse_monitoring/val_predictions_epoch95.npy
  Gradient norms:
    lstm_encoder: 0.018746
    lstm_decoder: 0.012609
    output_layer: 0.258634
  VSN output std:
    encoder: 0.228572
  Attention entropy: 1.916569
  Saved to: experiments/12b_feature_sweep/core_dynamics_weekly_7q_h1_enc8_s42/collapse_monitoring/collapse_monitor_latest.json
[DEBUG CollapseMonitor] on_validation_epoch_start called for epoch 96
[DEBUG CollapseMonitor] reset_temporal_state() called on loss function
Epoch 96: val_loss=1.0453128814697266
Epoch 96: train_loss=0.9152464270591736

[CollapseMonitor] Epoch 96
  [DEBUG] Processed 6 batches from val_dataloader
  [DEBUG] Predictions shape after concat: (187,)
  Pred std: 0.088523, range: 0.334161, mean: 0.213267
  Pos: 100.0%, Neg: 0.0%, Unique: 187
  Dir Acc: 59.89%, Pred Sharpe: 38.2445
  Composite: 0.4788 (dist_match: 0.5989, actual_pos: 59.9%, pred_pos: 100.0%)
  Collapse penalty: 0.000000 (threshold: 0.005000)
  Saved validation predictions to: experiments/12b_feature_sweep/core_dynamics_weekly_7q_h1_enc8_s42/collapse_monitoring/val_predictions_epoch96.npy
  Gradient norms:
    lstm_encoder: 0.019463
    lstm_decoder: 0.013770
    output_layer: 0.281092
  VSN output std:
    encoder: 0.227963
  Attention entropy: 1.919231
  Saved to: experiments/12b_feature_sweep/core_dynamics_weekly_7q_h1_enc8_s42/collapse_monitoring/collapse_monitor_latest.json
[DEBUG CollapseMonitor] on_validation_epoch_start called for epoch 97
[DEBUG CollapseMonitor] reset_temporal_state() called on loss function
Epoch 97: val_loss=1.044617772102356
Epoch 97: train_loss=0.9144309163093567

[CollapseMonitor] Epoch 97
  [DEBUG] Processed 6 batches from val_dataloader
  [DEBUG] Predictions shape after concat: (187,)
  Pred std: 0.092434, range: 0.345944, mean: 0.207197
  Pos: 100.0%, Neg: 0.0%, Unique: 187
  Dir Acc: 59.89%, Pred Sharpe: 35.5837
  Composite: 0.4788 (dist_match: 0.5989, actual_pos: 59.9%, pred_pos: 100.0%)
  Collapse penalty: 0.000000 (threshold: 0.005000)
  Saved validation predictions to: experiments/12b_feature_sweep/core_dynamics_weekly_7q_h1_enc8_s42/collapse_monitoring/val_predictions_epoch97.npy
  Gradient norms:
    lstm_encoder: 0.017294
    lstm_decoder: 0.011979
    output_layer: 0.270671
  VSN output std:
    encoder: 0.227898
  Attention entropy: 1.921324
  Saved to: experiments/12b_feature_sweep/core_dynamics_weekly_7q_h1_enc8_s42/collapse_monitoring/collapse_monitor_latest.json
[DEBUG CollapseMonitor] on_validation_epoch_start called for epoch 98
[DEBUG CollapseMonitor] reset_temporal_state() called on loss function
Epoch 98: val_loss=1.0440685749053955
Epoch 98: train_loss=0.9113984107971191

[CollapseMonitor] Epoch 98
  [DEBUG] Processed 6 batches from val_dataloader
  [DEBUG] Predictions shape after concat: (187,)
  Pred std: 0.093842, range: 0.351141, mean: 0.208824
  Pos: 100.0%, Neg: 0.0%, Unique: 187
  Dir Acc: 59.89%, Pred Sharpe: 35.3253
  Composite: 0.4788 (dist_match: 0.5989, actual_pos: 59.9%, pred_pos: 100.0%)
  Collapse penalty: 0.000000 (threshold: 0.005000)
  Saved validation predictions to: experiments/12b_feature_sweep/core_dynamics_weekly_7q_h1_enc8_s42/collapse_monitoring/val_predictions_epoch98.npy
  Gradient norms:
    lstm_encoder: 0.016589
    lstm_decoder: 0.011995
    output_layer: 0.253253
  VSN output std:
    encoder: 0.227101
  Attention entropy: 1.918400
  Saved to: experiments/12b_feature_sweep/core_dynamics_weekly_7q_h1_enc8_s42/collapse_monitoring/collapse_monitor_latest.json
[DEBUG CollapseMonitor] on_validation_epoch_start called for epoch 99
[DEBUG CollapseMonitor] reset_temporal_state() called on loss function
Epoch 99: val_loss=1.0440210103988647
Epoch 99: train_loss=0.9148326516151428

[CollapseMonitor] Epoch 99
  [DEBUG] Processed 6 batches from val_dataloader
  [DEBUG] Predictions shape after concat: (187,)
  Pred std: 0.096206, range: 0.356610, mean: 0.219451
  Pos: 100.0%, Neg: 0.0%, Unique: 187
  Dir Acc: 59.89%, Pred Sharpe: 36.2108
  Composite: 0.4788 (dist_match: 0.5989, actual_pos: 59.9%, pred_pos: 100.0%)
  Collapse penalty: 0.000000 (threshold: 0.005000)
  Saved validation predictions to: experiments/12b_feature_sweep/core_dynamics_weekly_7q_h1_enc8_s42/collapse_monitoring/val_predictions_epoch99.npy
  Gradient norms:
    lstm_encoder: 0.020382
    lstm_decoder: 0.014579
    output_layer: 0.314562
  VSN output std:
    encoder: 0.227285
  Attention entropy: 1.913480
  Saved to: experiments/12b_feature_sweep/core_dynamics_weekly_7q_h1_enc8_s42/collapse_monitoring/collapse_monitor_latest.json


======================================================================
Training complete
======================================================================

Best val_loss checkpoint: experiments/12b_feature_sweep/core_dynamics_weekly_7q_h1_enc8_s42/checkpoints/tft-epoch=epoch=99-valloss=val_loss=1.0440.ckpt
Best validation loss: 1.044021
Checkpoints saved:
  - Best val_loss: experiments/12b_feature_sweep/core_dynamics_weekly_7q_h1_enc8_s42/checkpoints/tft-epoch=epoch=99-valloss=val_loss=1.0440.ckpt
  - Best pred_std: experiments/12b_feature_sweep/core_dynamics_weekly_7q_h1_enc8_s42/checkpoints/tft-epoch=epoch=99-predstd=val_pred_std=0.0962.ckpt
  - Best unique: experiments/12b_feature_sweep/core_dynamics_weekly_7q_h1_enc8_s42/checkpoints/tft-epoch=epoch=00-unique=val_num_unique=187.ckpt
  - Best dir_acc: experiments/12b_feature_sweep/core_dynamics_weekly_7q_h1_enc8_s42/checkpoints/tft-epoch=epoch=00-diracc=val_dir_acc=0.5989.ckpt
  - Best sharpe: experiments/12b_feature_sweep/core_dynamics_weekly_7q_h1_enc8_s42/checkpoints/tft-epoch=epoch=00-sharpe=val_sharpe=733.0496.ckpt
  - Best composite: experiments/12b_feature_sweep/core_dynamics_weekly_7q_h1_enc8_s42/checkpoints/tft-epoch=epoch=00-composite=val_composite=0.4788.ckpt
Completed at: 2025-12-13 22:07:46
Log saved to: experiments/12b_feature_sweep/core_dynamics_weekly_7q_h1_enc8_s42/training_20251213_215616.log
======================================================================
