{
  "period_statistics": {
    "2020": {
      "n_samples": 92,
      "entropy_mean": 2.8512985706329346,
      "entropy_std": 0.10024219751358032,
      "attention_concentration": 0.05054236948490143,
      "top_features": [
        [
          "t-16",
          0.057537924498319626
        ],
        [
          "t-15",
          0.05699918419122696
        ],
        [
          "t-14",
          0.05584048852324486
        ],
        [
          "t-17",
          0.055631402879953384
        ],
        [
          "t-13",
          0.05444343015551567
        ]
      ],
      "mean_attention": [
        0.03481585904955864,
        0.04124930128455162,
        0.049639586359262466,
        0.055631402879953384,
        0.057537924498319626,
        0.05699918419122696,
        0.05584048852324486,
        0.05444343015551567,
        0.0535321906208992,
        0.052235256880521774,
        0.05108420178294182,
        0.05013944208621979,
        0.049365151673555374,
        0.04913918301463127,
        0.048922378569841385,
        0.048352450132369995,
        0.04785647988319397,
        0.047543980181217194,
        0.0476839579641819,
        0.047988198697566986
      ],
      "std_attention": [
        0.024001698940992355,
        0.025810029357671738,
        0.028118586167693138,
        0.028852978721261024,
        0.02779078483581543,
        0.02592969499528408,
        0.02462196722626686,
        0.023727837949991226,
        0.024053260684013367,
        0.02396984212100506,
        0.024078557267785072,
        0.024487800896167755,
        0.025101739913225174,
        0.025783859193325043,
        0.026476463302969933,
        0.02746095135807991,
        0.029164938256144524,
        0.03144298493862152,
        0.03497963771224022,
        0.03937184810638428
      ]
    },
    "2021": {
      "n_samples": 250,
      "entropy_mean": 2.602743625640869,
      "entropy_std": 0.2862214148044586,
      "attention_concentration": 0.05061502382159233,
      "top_features": [
        [
          "t-18",
          0.060847628861665726
        ],
        [
          "t-17",
          0.0584554448723793
        ],
        [
          "t-1",
          0.05838891491293907
        ],
        [
          "t-19",
          0.05746356397867203
        ],
        [
          "t-2",
          0.05462978035211563
        ]
      ],
      "mean_attention": [
        0.053757309913635254,
        0.05746356397867203,
        0.060847628861665726,
        0.0584554448723793,
        0.05373767390847206,
        0.04955264925956726,
        0.046795181930065155,
        0.04501979053020477,
        0.043896328657865524,
        0.043503426015377045,
        0.04368051886558533,
        0.04410872980952263,
        0.04498400539159775,
        0.04586702585220337,
        0.046750105917453766,
        0.047822047024965286,
        0.049133528023958206,
        0.05160636827349663,
        0.05462978035211563,
        0.05838891491293907
      ],
      "std_attention": [
        0.052546508610248566,
        0.058798130601644516,
        0.06302828341722488,
        0.061718933284282684,
        0.05763256922364235,
        0.05273797735571861,
        0.04953840747475624,
        0.04685350880026817,
        0.04515402019023895,
        0.04462100565433502,
        0.04489396512508392,
        0.04513763636350632,
        0.04636506363749504,
        0.04761146381497383,
        0.04832606017589569,
        0.048898883163928986,
        0.049645889550447464,
        0.056167759001255035,
        0.06519762426614761,
        0.07538414001464844
      ]
    },
    "2022": {
      "n_samples": 249,
      "entropy_mean": 2.6718995571136475,
      "entropy_std": 0.2622997760772705,
      "attention_concentration": 0.051827073097229004,
      "top_features": [
        [
          "t-17",
          0.0720721036195755
        ],
        [
          "t-18",
          0.06922266632318497
        ],
        [
          "t-16",
          0.06525585800409317
        ],
        [
          "t-19",
          0.057936377823352814
        ],
        [
          "t-15",
          0.05682024359703064
        ]
      ],
      "mean_attention": [
        0.04894440993666649,
        0.057936377823352814,
        0.06922266632318497,
        0.0720721036195755,
        0.06525585800409317,
        0.05682024359703064,
        0.050229188054800034,
        0.04586774855852127,
        0.043070510029792786,
        0.04154645651578903,
        0.040973082184791565,
        0.04088084027171135,
        0.04102112352848053,
        0.04144437238574028,
        0.04222705960273743,
        0.04344958811998367,
        0.04501009359955788,
        0.04733695462346077,
        0.05067620798945427,
        0.05601511150598526
      ],
      "std_attention": [
        0.0457368865609169,
        0.048165563493967056,
        0.05559464916586876,
        0.056527044624090195,
        0.049481671303510666,
        0.04230044409632683,
        0.037187330424785614,
        0.0343506820499897,
        0.03277914971113205,
        0.03209656849503517,
        0.03220595791935921,
        0.03279446065425873,
        0.03356557339429855,
        0.03444754704833031,
        0.035715363919734955,
        0.037627462297677994,
        0.04071655869483948,
        0.04620268940925598,
        0.05485699698328972,
        0.07481809705495834
      ]
    },
    "2023": {
      "n_samples": 249,
      "entropy_mean": 2.8870558738708496,
      "entropy_std": 0.09032118320465088,
      "attention_concentration": 0.050113700330257416,
      "top_features": [
        [
          "t-1",
          0.05544043704867363
        ],
        [
          "t-2",
          0.05416729301214218
        ],
        [
          "t-3",
          0.05316269397735596
        ],
        [
          "t-4",
          0.052350908517837524
        ],
        [
          "t-5",
          0.051699813455343246
        ]
      ],
      "mean_attention": [
        0.04981290176510811,
        0.04595540836453438,
        0.04658481106162071,
        0.04757704585790634,
        0.04803749546408653,
        0.04831302538514137,
        0.048544954508543015,
        0.0486278161406517,
        0.048915065824985504,
        0.049280621111392975,
        0.04958941042423248,
        0.04989783093333244,
        0.05023282393813133,
        0.050651952624320984,
        0.05115771293640137,
        0.051699813455343246,
        0.052350908517837524,
        0.05316269397735596,
        0.05416729301214218,
        0.05544043704867363
      ],
      "std_attention": [
        0.029579464346170425,
        0.026376323774456978,
        0.02697397582232952,
        0.026809880509972572,
        0.025081170722842216,
        0.023462938144803047,
        0.022420329973101616,
        0.021615616977214813,
        0.021344413980841637,
        0.021294133737683296,
        0.021312428638339043,
        0.02139081247150898,
        0.02163330651819706,
        0.022171124815940857,
        0.022927360609173775,
        0.023995188996195793,
        0.02518819272518158,
        0.02699090726673603,
        0.029568688943982124,
        0.03296763077378273
      ]
    },
    "2024": {
      "n_samples": 250,
      "entropy_mean": 2.7381460666656494,
      "entropy_std": 0.49149078130722046,
      "attention_concentration": 0.05055566877126694,
      "top_features": [
        [
          "t-20",
          0.06617554277181625
        ],
        [
          "t-19",
          0.05742484703660011
        ],
        [
          "t-1",
          0.056443359702825546
        ],
        [
          "t-2",
          0.053656939417123795
        ],
        [
          "t-18",
          0.052857957780361176
        ]
      ],