{
  "period_statistics": {
    "2020": {
      "n_samples": 92,
      "entropy_mean": 2.984815835952759,
      "entropy_std": 0.012651985511183739,
      "attention_concentration": 0.050055522471666336,
      "top_features": [
        [
          "t-1",
          0.052626557648181915
        ],
        [
          "t-2",
          0.05229023098945618
        ],
        [
          "t-3",
          0.05197257921099663
        ],
        [
          "t-4",
          0.051664918661117554
        ],
        [
          "t-5",
          0.051375411450862885
        ]
      ],
      "mean_attention": [
        0.04713809862732887,
        0.04666977748274803,
        0.04736950621008873,
        0.04815003275871277,
        0.048777755349874496,
        0.04922528192400932,
        0.04952066019177437,
        0.049747955054044724,
        0.04991709068417549,
        0.050104960799217224,
        0.050292082130908966,
        0.05047952011227608,
        0.05067571997642517,
        0.050897661596536636,
        0.05110415071249008,
        0.051375411450862885,
        0.051664918661117554,
        0.05197257921099663,
        0.05229023098945618,
        0.052626557648181915
      ],
      "std_attention": [
        0.0068941423669457436,
        0.0067932684905827045,
        0.006905312184244394,
        0.00694281468167901,
        0.006888007279485464,
        0.006746949627995491,
        0.006589032243937254,
        0.0064176470041275024,
        0.006297200918197632,
        0.006239708513021469,
        0.006260001100599766,
        0.006335928104817867,
        0.006467523984611034,
        0.0066558546386659145,
        0.006898879539221525,
        0.007218281738460064,
        0.0075835431925952435,
        0.00798816978931427,
        0.008442489430308342,
        0.008912020362913609
      ]
    },
    "2021": {
      "n_samples": 250,
      "entropy_mean": 2.9901282787323,
      "entropy_std": 0.005443286616355181,
      "attention_concentration": 0.050155144184827805,
      "top_features": [
        [
          "t-1",
          0.054313719272613525
        ],
        [
          "t-2",
          0.053837746381759644
        ],
        [
          "t-3",
          0.0533723309636116
        ],
        [
          "t-4",
          0.05293098837137222
        ],
        [
          "t-5",
          0.05250782519578934
        ]
      ],
      "mean_attention": [
        0.045757561922073364,
        0.0448392778635025,
        0.045640215277671814,
        0.04667995125055313,
        0.04757191240787506,
        0.04824906587600708,
        0.04880162328481674,
        0.049266889691352844,
        0.049689169973134995,
        0.05010141059756279,
        0.050500381737947464,
        0.05089292302727699,
        0.05128209665417671,
        0.051677312701940536,
        0.05208747833967209,
        0.05250782519578934,
        0.05293098837137222,
        0.0533723309636116,
        0.053837746381759644,
        0.054313719272613525
      ],
      "std_attention": [
        0.00406676484271884,
        0.004112243186682463,
        0.00424590427428484,
        0.004289291799068451,
        0.004318469204008579,
        0.004320052918046713,
        0.00432668998837471,
        0.004313913639634848,
        0.004294860176742077,
        0.004297992214560509,
        0.004301959183067083,
        0.004310899879783392,
        0.0043235174380242825,
        0.0043578301556408405,
        0.004407969769090414,
        0.004470459651201963,
        0.004552036058157682,
        0.004672823008149862,
        0.0048126582987606525,
        0.004989775829017162
      ]
    },
    "2022": {
      "n_samples": 249,
      "entropy_mean": 2.9824278354644775,
      "entropy_std": 0.006649210583418608,
      "attention_concentration": 0.05021992698311806,
      "top_features": [
        [
          "t-1",
          0.055403027683496475
        ],
        [
          "t-2",
          0.0547446683049202
        ],
        [
          "t-3",
          0.05411703139543533
        ],
        [
          "t-4",
          0.05350881442427635
        ],
        [
          "t-5",
          0.0529220774769783
        ]
      ],
      "mean_attention": [
        0.04416068270802498,
        0.043885283172130585,
        0.04508624225854874,
        0.0464920736849308,
        0.047558028250932693,
        0.048284199088811874,
        0.04877004027366638,
        0.04913889244198799,
        0.04952466860413551,
        0.04991873353719711,
        0.05031561851501465,
        0.050756558775901794,
        0.051245298236608505,
        0.05179012939333916,
        0.05237801373004913,
        0.0529220774769783,
        0.05350881442427635,
        0.05411703139543533,
        0.0547446683049202,
        0.055403027683496475
      ],
      "std_attention": [
        0.0070637296885252,
        0.007015162613242865,
        0.007350048515945673,
        0.007546925917267799,
        0.007527658715844154,
        0.007379184477031231,
        0.007170794997364283,
        0.006973979063332081,
        0.006809051614254713,
        0.006706167012453079,
        0.006644520442932844,
        0.006669112481176853,
        0.00678657554090023,
        0.007018154952675104,
        0.007318398449569941,
        0.00767378369346261,
        0.00809836108237505,
        0.008597432635724545,
        0.009182877838611603,
        0.009864620864391327
      ]
    },
    "2023": {
      "n_samples": 249,
      "entropy_mean": 2.988611936569214,
      "entropy_std": 0.00475303502753377,
      "attention_concentration": 0.050213493406772614,
      "top_features": [
        [
          "t-1",
          0.05467631295323372
        ],
        [
          "t-2",
          0.05416475608944893
        ],
        [
          "t-3",
          0.0536566786468029
        ],
        [
          "t-4",
          0.05316118150949478
        ],
        [
          "t-5",
          0.052688151597976685
        ]
      ],
      "mean_attention": [
        0.0440039224922657,
        0.04325539991259575,
        0.04467272385954857,
        0.04637698456645012,
        0.0476948507130146,
        0.04859348013997078,
        0.0492185615003109,
        0.04972608759999275,
        0.05011860281229019,
        0.05046037584543228,
        0.050817616283893585,
        0.051162030547857285,
        0.05150740221142769,
        0.05184176564216614,
        0.05220311880111694,
        0.052688151597976685,
        0.05316118150949478,
        0.0536566786468029,
        0.05416475608944893,
        0.05467631295323372
      ],
      "std_attention": [
        0.004511991050094366,
        0.004251065198332071,
        0.004456470254808664,
        0.004651582334190607,
        0.004771733656525612,
        0.004830893129110336,
        0.0048517026007175446,
        0.004829654935747385,
        0.004817505367100239,
        0.004766159690916538,
        0.004758436232805252,
        0.004758868366479874,
        0.004776902962476015,
        0.004792424850165844,
        0.004878563340753317,
        0.005115251988172531,
        0.005398317705839872,
        0.005752623081207275,
        0.006165750324726105,
        0.006652272772043943
      ]
    },
    "2024": {
      "n_samples": 250,
      "entropy_mean": 2.988743543624878,
      "entropy_std": 0.0054235802963376045,
      "attention_concentration": 0.05032310262322426,
      "top_features": [
        [
          "t-1",
          0.056040070950984955
        ],
        [
          "t-2",
          0.05536812171339989
        ],
        [
          "t-3",
          0.054730404168367386
        ],
        [
          "t-4",
          0.05412863567471504
        ],
        [
          "t-5",
          0.05354582518339157
        ]
      ],