{
  "evaluation_timestamp": "2025-10-16T23:55:29.701589",
  "statistical_metrics": {
    "mse": 1.1812622547149658,
    "rmse": 1.086858868598938,
    "mae": 0.7726438641548157,
    "mape": 171.61449193954468,
    "r2": -0.0038242340087890625,
    "mean_error": 0.039706118404865265,
    "std_error": 1.086133360862732
  },
  "financial_metrics": {
    "directional_accuracy": 0.53046875,
    "sharpe_ratio": 0.9282216762359428,
    "max_drawdown": -0.18902228772640228,
    "total_return": 0.6008505821228027,
    "hit_rate": 0.28125,
    "num_trades": 634,
    "precision": 0.5678233438485805,
    "recall": 0.5240174672489083,
    "f1_score": 0.5450416351249054,
    "confusion_matrix": [
      [
        319,
        274
      ],
      [
        327,
        360
      ]
    ],
    "auc_roc": 0.5435367988001698,
    "alpha": -0.32075750827789307
  },
  "residual_diagnostics": {
    "normality_p_value": 8.853909448776785e-40,
    "acf_lag1": -0.0340955021349705,
    "skewness": 0.1310081372526663,
    "kurtosis": 6.333846407539781
  },
  "checkpoint_used": "experiments/sweep2_h16_drop_0.2/checkpoints/tft-epoch=01-val_loss=0.1284.ckpt"
}