{
  "evaluation_timestamp": "2025-10-30T03:18:08.019708",
  "statistical_metrics": {
    "mse": 1.174429178237915,
    "rmse": 1.083710789680481,
    "mae": 0.7731541395187378,
    "mape": 136.50819063186646,
    "r2": 0.001982450485229492,
    "mean_error": -0.005842049606144428,
    "std_error": 1.0836950540542603
  },
  "financial_metrics": {
    "directional_accuracy": 0.53671875,
    "sharpe_ratio": 0.8329736080938573,
    "max_drawdown": -0.2524605989456177,
    "total_return": 0.9216080904006958,
    "hit_rate": 0.53671875,
    "num_trades": 1280,
    "precision": 0.53671875,
    "recall": 1.0,
    "f1_score": 0.6985256736146417,
    "confusion_matrix": [
      [
        0,
        593
      ],
      [
        0,
        687
      ]
    ],
    "auc_roc": 0.46659351826623563,
    "alpha": 0.0
  },
  "residual_diagnostics": {
    "normality_p_value": 9.197282385564232e-39,
    "acf_lag1": -0.03329940861766484,
    "skewness": 0.0023689066918477952,
    "kurtosis": 6.28189361886308
  },
  "mode_stats": {
    "healthy_days": 30,
    "degraded_days": 0,
    "unidirectional_days": 974,
    "weak_collapse_days": 94,
    "strong_collapse_days": 182,
    "total_days": 1280,
    "healthy_pct": 2.34375,
    "degraded_pct": 0.0,
    "unidirectional_pct": 76.09375,
    "weak_collapse_pct": 7.34375,
    "strong_collapse_pct": 14.21875
  },
  "collapse_detected": true,
  "degradation_detected": true,
  "checkpoint_used": "experiments/00_baseline_exploration/sweep2_hidden_18/checkpoints/tft-epoch=60-val_loss=0.3951.ckpt"
}