{
  "evaluation_timestamp": "2025-10-27T12:02:55.623047",
  "statistical_metrics": {
    "mse": 1.1852986812591553,
    "rmse": 1.0887142419815063,
    "mae": 0.7786572575569153,
    "mape": 130.24204969406128,
    "r2": -0.007254362106323242,
    "mean_error": -0.017629053443670273,
    "std_error": 1.088571548461914
  },
  "financial_metrics": {
    "directional_accuracy": 0.48984375,
    "sharpe_ratio": 0.5426946487199897,
    "max_drawdown": -0.2524597644805908,
    "total_return": 0.44951021671295166,
    "hit_rate": 0.3109375,
    "num_trades": 762,
    "precision": 0.5223097112860893,
    "recall": 0.5793304221251819,
    "f1_score": 0.549344375431332,
    "confusion_matrix": [
      [
        229,
        364
      ],
      [
        289,
        398
      ]
    ],
    "auc_roc": 0.479739365867189,
    "alpha": -0.47209787368774414
  },
  "residual_diagnostics": {
    "normality_p_value": 8.616743354081044e-40,
    "acf_lag1": -0.02852952847953174,
    "skewness": -0.08538594168895343,
    "kurtosis": 6.446082543039413
  },
  "mode_stats": {
    "healthy_days": 585,
    "degraded_days": 37,
    "unidirectional_days": 508,
    "weak_collapse_days": 87,
    "strong_collapse_days": 63,
    "total_days": 1280,
    "healthy_pct": 45.703125,
    "degraded_pct": 2.890625,
    "unidirectional_pct": 39.6875,
    "weak_collapse_pct": 6.796874999999999,
    "strong_collapse_pct": 4.921875
  },
  "collapse_detected": true,
  "degradation_detected": true,
  "checkpoint_used": "experiments/00_baseline_exploration/sweep2_hidden_18/checkpoints/tft-epoch=03-val_loss=0.1477.ckpt"
}