{
  "evaluation_timestamp": "2025-10-16T23:54:59.873520",
  "statistical_metrics": {
    "mse": 1.1852986812591553,
    "rmse": 1.0887142419815063,
    "mae": 0.7786573171615601,
    "mape": 130.24208545684814,
    "r2": -0.007254362106323242,
    "mean_error": -0.017629092559218407,
    "std_error": 1.088571548461914
  },
  "financial_metrics": {
    "directional_accuracy": 0.48984375,
    "sharpe_ratio": 0.5426946487199897,
    "max_drawdown": -0.2524597644805908,
    "total_return": 0.44951021671295166,
    "hit_rate": 0.3109375,
    "num_trades": 762,
    "precision": 0.5223097112860893,
    "recall": 0.5793304221251819,
    "f1_score": 0.549344375431332,
    "confusion_matrix": [
      [
        229,
        364
      ],
      [
        289,
        398
      ]
    ],
    "auc_roc": 0.4797332292564146,
    "alpha": -0.47209787368774414
  },
  "residual_diagnostics": {
    "normality_p_value": 8.616904636208992e-40,
    "acf_lag1": -0.028529535461157305,
    "skewness": -0.08538591147658929,
    "kurtosis": 6.446080642495758
  },
  "checkpoint_used": "experiments/sweep2_hidden_18/checkpoints/tft-epoch=03-val_loss=0.1477.ckpt"
}