Date,Actual,Predicted,Error,Strategy_Returns
2018-10-25,1.8625040052811848,0.25564707195022784,1.606856933330957,1.8625040052811848
2018-10-26,-1.7327264039978307,-0.2148436648096407,-1.51788273918819,1.7327264039978307
2018-10-29,-0.6559599573700448,-0.05607103083845265,-0.5998889265315921,0.6559599573700448
2018-10-30,1.5666780052058682,0.16722863173961575,1.3994493734662525,1.5666780052058682
2018-10-31,1.0851331974038647,0.15312974833869678,0.932003449065168,1.0851331974038647
2018-11-01,1.0557843693063784,-0.04599913503331519,1.1017835043396935,-1.0557843693063784
2018-11-02,-0.6316686379398861,0.3657814056048105,-0.9974500435446967,-0.6316686379398861
2018-11-05,0.5600317169601965,-0.017848714815576178,0.5778804317757726,-0.5600317169601965
2018-11-06,0.6259295774170726,0.11270040972948148,0.5132291676875911,0.6259295774170726
2018-11-07,2.1208856064105275,0.13630078519728916,1.9845848212132382,2.1208856064105275
2018-11-08,-0.2508916383596182,0.15841114025439063,-0.4093027786140088,-0.2508916383596182
2018-11-09,-0.919901370610332,-0.13351636966461314,-0.7863850009457188,0.919901370610332
2018-11-13,-0.1481919693170574,-0.19090400131986868,0.04271203200281129,0.1481919693170574
2018-11-14,-0.7567410690302756,-0.09913422842712663,-0.657606840603149,0.7567410690302756
2018-11-15,1.0593753366266334,0.00016125746492168654,1.0592140791617117,1.0593753366266334
2018-11-16,0.2223305423754595,-0.11687360340320582,0.3392041457786653,-0.2223305423754595
2018-11-19,-1.664310858849427,-0.06386745592273602,-1.600443402926691,1.664310858849427
2018-11-20,-1.815124083246611,-0.01220424749253866,-1.8029198357540723,1.815124083246611
2018-11-21,0.3043290746176375,0.05024068460899948,0.254088390008638,0.3043290746176375
2018-11-23,-0.6554842390161242,-0.022291823465235408,-0.6331924155508888,0.6554842390161242
2018-11-26,1.55323683669224,0.14432392452464388,1.408912912167596,1.55323683669224
2018-11-27,0.3261692144003847,-0.005531428349703139,0.33170064275008787,-0.3261692144003847
2018-11-28,2.2973979644221654,0.006752771007505036,2.2906451934146603,2.2973979644221654
2018-11-29,-0.2183108091033725,-0.030745890721118215,-0.18756491838225428,0.2183108091033725
2018-11-30,0.8170747552017188,-0.015722635169867313,0.8327973903715861,-0.8170747552017188
2018-12-03,1.0941426132194287,0.060513904457026875,1.0336287087624019,1.0941426132194287
2018-12-04,-3.236490314939877,-0.21159218778132002,-3.0248981271585573,3.236490314939877
2018-12-06,-0.152222814777525,-0.18489018379022298,0.03266736901269798,0.152222814777525
2018-12-07,-2.3320118765389863,-0.1282578986330914,-2.203753977905895,2.3320118765389863
2018-12-10,0.1762153994735005,-0.014643344219440628,0.19085874369294115,-0.1762153994735005
2018-12-11,-0.0356346168922327,0.2082723705396291,-0.2439069874318618,-0.0356346168922327
2018-12-12,0.5419503676349802,0.03082928858298841,0.5111210790519918,0.5419503676349802
2018-12-13,-0.0199930323683594,-0.024337877808341592,0.004344845439982193,0.0199930323683594
2018-12-14,-1.9086709555430348,-0.0860921923779242,-1.8225787631651107,1.9086709555430348
2018-12-17,-2.077348055922424,-0.17064339141372276,-1.9067046645087014,2.077348055922424
2018-12-18,0.0086400586104762,-0.2480320075924364,0.2566720662029126,-0.0086400586104762
2018-12-19,-1.539571453679811,-0.21439143263864563,-1.3251800210411655,1.539571453679811
2018-12-20,-1.5772106327423652,0.027087879075380905,-1.604298511817746,-1.5772106327423652
2018-12-21,-2.0588228309714296,-0.19870738306347896,-1.8601154479079507,2.0588228309714296
2018-12-24,-2.7112254452099527,-0.48020127933362894,-2.231024165876324,2.7112254452099527
2018-12-26,4.959374278953943,0.15535458932739912,4.804019689626544,4.959374278953943
2018-12-27,0.8562680784222065,-0.3110260904077964,1.167294168830003,-0.8562680784222065
2018-12-28,-0.1241582508096694,-0.29239997844162924,0.16824172763195983,0.1241582508096694
2018-12-31,0.849248413140935,-0.20274450194531848,1.0519929150862535,-0.849248413140935
2019-01-02,0.1268496925124429,-0.05616287485945437,0.18301256737189728,-0.1268496925124429
2019-01-03,-2.475673039503723,-0.5040821986343649,-1.971590840869358,2.475673039503723
2019-01-04,3.4335714642623527,0.47632867146258445,2.9572427927997684,3.4335714642623527
2019-01-07,0.7010434848680358,0.1321481990903622,0.5688952857776736,0.7010434848680358
2019-01-08,0.9695285023358924,0.18383723308733313,0.7856912692485593,0.9695285023358924
2019-01-09,0.4098045450532162,0.009127214526334582,0.4006773305268816,0.4098045450532162
2019-01-10,0.4518418782931244,0.030514487927378153,0.42132739036574623,0.4518418782931244
2019-01-11,-0.0146297841909337,-0.04129106738347854,0.026661283192544842,0.0146297841909337
2019-01-14,-0.5257525167898014,-0.0016148119292291512,-0.5241377048605722,0.5257525167898014
2019-01-15,1.0721688622945758,0.06728821967973347,1.0048806426148422,1.0721688622945758
2019-01-16,0.2221985488116251,0.09927369716326054,0.12292485164836456,0.2221985488116251
2019-01-17,0.7591400382211066,0.11804118863114417,0.6410988495899624,0.7591400382211066
2019-01-18,1.318305304897005,0.2652241979449255,1.0530811069520796,1.318305304897005
2019-01-22,-1.4157306164566674,-0.1839585231555501,-1.2317720933011174,1.4157306164566674
2019-01-23,0.2202912774223575,0.0778864229787115,0.14240485444364598,0.2202912774223575
2019-01-24,0.1375725554363605,-0.09434518281190209,0.23191773824826256,-0.1375725554363605
2019-01-25,0.8488694060713842,0.23237579068676575,0.6164936153846184,0.8488694060713842
2019-01-28,-0.7846827493937836,0.015745456959560485,-0.8004282063533441,-0.7846827493937836
2019-01-29,-0.1456246577543507,-0.11228073869432993,-0.03334391906002078,0.1456246577543507
2019-01-30,1.554926091974429,-0.06730917561782991,1.622235267592259,-1.554926091974429
2019-01-31,0.8597395948725328,-0.2282520123786868,1.0879916072512197,-0.8597395948725328
2019-02-01,0.0898610093143847,0.3797447642128345,-0.28988375489844975,0.0898610093143847
2019-02-04,0.6776236617404008,0.17538140802308555,0.5022422537173152,0.6776236617404008
2019-02-05,0.470842037697472,0.03937679109340343,0.4314652466040686,0.470842037697472
2019-02-06,-0.2224437980280935,0.04678237724083773,-0.2692261752689312,-0.2224437980280935
2019-02-07,-0.935714014394018,-0.12024555999845082,-0.8154684543955673,0.935714014394018
2019-02-08,0.0676201086956096,-0.02025097392087669,0.08787108261648628,-0.0676201086956096
2019-02-11,0.0709103098631702,0.1864135276666888,-0.1155032178035186,0.0709103098631702
2019-02-12,1.28902247439735,0.19885286937744864,1.0901696050199012,1.28902247439735
2019-02-13,0.3023994668760688,0.21484560818543708,0.0875538586906317,0.3023994668760688
2019-02-14,-0.2651641555101225,-0.09893142245396926,-0.16623273305615327,0.2651641555101225
2019-02-15,1.087875260858695,0.1348422227701597,0.9530330380885353,1.087875260858695
2019-02-19,0.1498743321448836,0.03481664288068925,0.11505768926419435,0.1498743321448836
2019-02-20,0.1777110753768518,0.10932871659140903,0.06838235878544277,0.1777110753768518
2019-02-21,-0.3526436790880272,0.2557901668170445,-0.6084338459050717,-0.3526436790880272
2019-02-22,0.6411102394986878,-0.07443960998822231,0.7155498494869101,-0.6411102394986878
2019-02-25,0.1231862569911257,0.202521545466316,-0.07933528847519031,0.1231862569911257
2019-02-26,-0.0790457096899843,-0.03617057632830307,-0.04287513336168123,0.0790457096899843
2019-02-27,-0.0544049387730338,0.2570114247027292,-0.311416363475763,-0.0544049387730338
2019-02-28,-0.2825508315214664,0.2320310622836649,-0.5145818938051313,-0.2825508315214664
2019-03-01,0.689532059343434,0.24476049838574035,0.44477156095769366,0.689532059343434
2019-03-04,-0.3880558492514008,0.00523644087748806,-0.39329229012888883,-0.3880558492514008
2019-03-05,-0.1131532823106185,0.09897356229108749,-0.212126844601706,-0.1131532823106185
2019-03-06,-0.6524098653592381,-0.044368406816009384,-0.6080414585432287,0.6524098653592381
2019-03-07,-0.8125717558683521,-0.14256644865829757,-0.6700053072100545,0.8125717558683521
2019-03-08,-0.2131688848741486,-0.005840272576353344,-0.20732861229779526,0.2131688848741486
2019-03-11,1.4666041867757107,0.1908434542832313,1.2757607324924793,1.4666041867757107
2019-03-12,0.2953318204620414,0.003121259655349248,0.2922105608066921,0.2953318204620414
2019-03-13,0.6949583813841809,0.11810183342901513,0.5768565479551657,0.6949583813841809
2019-03-14,-0.0868022382018773,0.18362383231277737,-0.27042607051465467,-0.0868022382018773
2019-03-15,0.498490290027398,-0.027065222509118744,0.5255555125365167,-0.498490290027398
2019-03-18,0.37059469012648,0.18470371982709544,0.18589097029938456,0.37059469012648
2019-03-19,-0.0130561556024866,0.15893111306872215,-0.17198726867120875,-0.0130561556024866
2019-03-20,-0.2944353604447891,-0.1708386563787225,-0.12359670406606657,0.2944353604447891
2019-03-21,1.08524810499544,0.13409457223716573,0.9511535327582744,1.08524810499544
2019-03-22,-1.8974501239482744,-0.35591742845704927,-1.5415326954912252,1.8974501239482744
2019-03-25,-0.0839020658475631,-0.04350792850707655,-0.04039413734048655,0.0839020658475631
2019-03-26,0.7182725862306283,0.013863284911589299,0.704409301319039,0.7182725862306283
2019-03-27,-0.4644324890691664,0.007103670298936978,-0.4715361593681034,-0.4644324890691664
2019-03-28,0.3589481529391092,0.12258884523690645,0.23635930770220276,0.3589481529391092
2019-03-29,0.6734280017363758,0.23807402017487578,0.43535398156150007,0.6734280017363758
2019-04-01,1.1568600124275408,0.42382485516812873,0.733035157259412,1.1568600124275408
2019-04-02,0.0017455707207236,0.03752071044782854,-0.035775139727104936,0.0017455707207236
2019-04-03,0.2148376881724312,0.2661453211172131,-0.05130763294478191,0.2148376881724312
2019-04-04,0.2084635079680152,0.09182707672242402,0.11663643124559117,0.2084635079680152
2019-04-05,0.4636432770241061,0.14107114483911673,0.32257213218498937,0.4636432770241061
2019-04-08,0.1047459953920526,0.18822612311288076,-0.08348012772082816,0.1047459953920526
2019-04-09,-0.6067494393846573,0.0626027518639749,-0.6693521912486322,-0.6067494393846573
2019-04-10,0.3477871563978496,-0.028432753198441768,0.37621990959629137,-0.3477871563978496
2019-04-11,0.0038123067008344,0.27182749943163315,-0.26801519273079877,0.0038123067008344
2019-04-12,0.6609324208602496,0.35316987294075386,0.30776254791949575,0.6609324208602496
2019-04-15,-0.0629369108481658,0.1099485967478323,-0.1728855075959981,-0.0629369108481658
2019-04-16,0.0509358003894622,0.2740976510203097,-0.22316185063084748,0.0509358003894622
2019-04-17,-0.2273811785323931,0.08676477856451931,-0.3141459570969124,-0.2273811785323931
2019-04-18,0.1579092279509808,0.05111307607492857,0.10679615187605224,0.1579092279509808
2019-04-22,0.1012017561471401,0.17999975002990481,-0.07879799388276472,0.1012017561471401
2019-04-23,0.8841205788409079,0.04838046591236703,0.8357401129285409,0.8841205788409079
2019-04-24,-0.2191763174733685,-0.04996139751742551,-0.16921491995594298,0.2191763174733685
2019-04-25,-0.0368973652745796,0.16338958228132439,-0.20028694755590398,-0.0368973652745796
2019-04-26,0.468529214076363,-0.03939173644398125,0.5079209505203442,-0.468529214076363
2019-04-29,0.1071522174355354,0.2322194776776614,-0.125067260242126,0.1071522174355354
2019-04-30,0.0951417009086297,-0.0066871508901630294,0.10182885179879272,-0.0951417009086297
2019-05-01,-0.7502163081421376,0.19856767741798892,-0.9487839855601266,-0.7502163081421376
2019-05-02,-0.2123985791774196,0.2516924771811794,-0.464091056358599,-0.2123985791774196
2019-05-03,0.9638279380647764,0.06372478196871148,0.900103156096065,0.9638279380647764
2019-05-06,-0.4470988428756373,-0.020896945457692606,-0.4262018974179447,0.4470988428756373
2019-05-07,-1.6511651392423388,-0.16734590429927323,-1.4838192349430654,1.6511651392423388
2019-05-08,-0.160542531326957,0.1655854888571568,-0.3261280201841138,-0.160542531326957
2019-05-09,-0.3021424942496686,-0.13567906366935686,-0.16646343058031174,0.3021424942496686
2019-05-10,0.3720297259787841,0.12793633535373172,0.24409339062505236,0.3720297259787841
2019-05-13,-2.413055719884427,-0.30464981794732077,-2.108405901937106,2.413055719884427
2019-05-14,0.8015944543135589,0.13719800214452166,0.6643964521690373,0.8015944543135589
2019-05-15,0.583897507464215,-0.12125231111252857,0.7051498185767435,-0.583897507464215
2019-05-16,0.8895287120600504,0.2391799990683975,0.6503487129916529,0.8895287120600504
2019-05-17,-0.5837333350761975,0.05759753889665464,-0.6413308739728522,-0.5837333350761975
2019-05-20,-0.6749377915387988,0.1432099662243665,-0.8181477577631653,-0.6749377915387988
2019-05-21,0.8495835590448308,0.23939695705769629,0.6101866019871346,0.8495835590448308
2019-05-22,-0.2824396230649451,-0.053959859372224944,-0.22847976369272013,0.2824396230649451
2019-05-23,-1.191414994527018,-0.3337428126023449,-0.8576721819246731,1.191414994527018
2019-05-24,0.1353559007240212,0.18346641073014677,-0.04811051000612557,0.1353559007240212
2019-05-28,-0.8375676922946718,-0.16032718910690769,-0.6772405031877641,0.8375676922946718
2019-05-29,-0.6911912256811314,-0.027774290278640756,-0.6634169354024907,0.6911912256811314
2019-05-30,0.2098471390661771,-0.06680457446651569,0.2766517135326928,-0.2098471390661771
2019-05-31,-1.319537280847849,-0.35948687676542496,-0.960050404082424,1.319537280847849
2019-06-03,-0.2765240314473227,-0.37612803832538444,0.09960400687806176,0.2765240314473227
2019-06-04,2.1432370568193138,0.30099117927236885,1.842245877546945,2.1432370568193138
2019-06-05,0.8161854781411959,-0.01622642068796515,0.8324118988291611,-0.8161854781411959
2019-06-06,0.6135586748687638,0.1776428620443094,0.4359158128244544,0.6135586748687638
2019-06-07,1.049769746289475,-0.05242241571619355,1.1021921620056685,-1.049769746289475
2019-06-10,0.4660044466909818,0.3204777787710141,0.1455266679199677,0.4660044466909818
2019-06-11,-0.0349880235580912,0.13846630505284543,-0.17345432861093663,-0.0349880235580912
2019-06-12,-0.20375791387226,-0.06129721155097609,-0.1424607023212839,0.20375791387226
2019-06-13,0.4097381912668174,-0.08383260698248068,0.49357079824929806,-0.4097381912668174
2019-06-14,-0.1611511904139773,0.08653422058009541,-0.2476854109940727,-0.1611511904139773
2019-06-17,0.0931749241230628,0.12851407291983052,-0.03533914879676772,0.0931749241230628
2019-06-18,0.9717399870633026,0.021587508046347847,0.9501524790169547,0.9717399870633026
2019-06-19,0.2985163546397107,-0.19650088657705553,0.49501724121676627,-0.2985163546397107
2019-06-20,0.9472185190685156,0.012856533799066594,0.934361985269449,0.9472185190685156
2019-06-21,-0.1259222792519332,0.32824414449618905,-0.4541664237481222,-0.1259222792519332
2019-06-24,-0.1731887010466781,-0.12343817752036845,-0.04975052352630965,0.1731887010466781
2019-06-25,-0.9496397343734198,0.010008644644293074,-0.9596483790177128,-0.9496397343734198
2019-06-26,-0.1233933755707683,0.31192161992261314,-0.43531499549338143,-0.1233933755707683
2019-06-27,0.3823175554131808,-0.06934876923507169,0.4516663246482525,-0.3823175554131808
2019-06-28,0.5757452627909831,0.0894106523301621,0.48633461046082105,0.5757452627909831
2019-07-01,0.7672301032188189,0.23771324059807383,0.529516862620745,0.7672301032188189
2019-07-02,0.2928125887423194,-0.013300492699224314,0.3061130814415437,-0.2928125887423194
2019-07-03,0.7672378673070135,0.08252326734121754,0.684714599965796,0.7672378673070135
2019-07-05,-0.180590159841032,0.5021779691510566,-0.6827681289920886,-0.180590159841032
2019-07-08,-0.4835444424841517,0.1531782495685924,-0.6367226920527441,-0.4835444424841517
2019-07-09,0.1236556965340085,0.23260879984975272,-0.10895310331574422,0.1236556965340085
2019-07-10,0.4510689607592599,-0.06800108357808488,0.5190700443373448,-0.4510689607592599
2019-07-11,0.2285226738359957,0.3254544491430449,-0.09693177530704919,0.2285226738359957
2019-07-12,0.4620174547884881,0.08978503190208922,0.3722324228863989,0.4620174547884881
2019-07-15,0.0175869191557431,0.03795462642642411,-0.02036770727068101,0.0175869191557431
2019-07-16,-0.3403778522185874,0.2979584345507206,-0.638336286769308,-0.3403778522185874
2019-07-17,-0.6531243569450895,-0.13338795843729745,-0.5197363985077921,0.6531243569450895
2019-07-18,0.3581997784064761,-0.04622448745842714,0.4044242658649032,-0.3581997784064761
2019-07-19,-0.617673452276668,0.1844446192473782,-0.8021180715240462,-0.617673452276668
2019-07-22,0.2828694915066654,0.11637597437897579,0.16649351712768962,0.2828694915066654
2019-07-23,0.6847482673755456,0.25856737078604564,0.4261808965895,0.6847482673755456
2019-07-24,0.4688147952890187,0.06588455699734401,0.4029302382916747,0.4688147952890187
2019-07-25,-0.5262401280453521,0.2566976901485035,-0.7829378181938557,-0.5262401280453521
2019-07-26,0.7387691099234761,0.13607953186691973,0.6026895780565564,0.7387691099234761
2019-07-29,-0.1616114607134511,0.05962709233291105,-0.22123855304636214,-0.1616114607134511
2019-07-30,-0.257865491482756,0.11047928929134293,-0.36834478077409893,-0.257865491482756
2019-07-31,-1.0885526112695776,0.06043427927238694,-1.1489868905419645,-1.0885526112695776
2019-08-01,-0.8998793869673061,-0.5385090909574027,-0.36137029600990334,0.8998793869673061
2019-08-02,-0.7282739927037873,-0.05677920593170624,-0.6714947867720811,0.7282739927037873
2019-08-05,-2.97778200029859,-0.5538569668408788,-2.423925033457711,2.97778200029859
2019-08-06,1.3017017169932643,-0.0076243254280229655,1.3093260424212874,-1.3017017169932643
2019-08-07,0.0766876233190716,-0.036158084944247076,0.11284570826331868,-0.0766876233190716
2019-08-08,1.87623034099842,0.14906450872158192,1.7271658322768382,1.87623034099842
2019-08-09,-0.661660635492356,0.1193355826988286,-0.7809962181911846,-0.661660635492356
2019-08-12,-1.2317322177972212,-0.30260532191089723,-0.9291268958863239,1.2317322177972212
2019-08-13,1.5131688322181258,0.28373503998806493,1.2294337922300609,1.5131688322181258
2019-08-14,-2.9292752911742603,-0.3746017434483904,-2.5546735477258697,2.9292752911742603
2019-08-15,0.2464268027652094,-0.35202420542646845,0.5984510081916778,-0.2464268027652094
2019-08-16,1.4426124657807904,0.11681747930947889,1.3257949864713114,1.4426124657807904
2019-08-19,1.2105865492430643,0.28312875982667485,0.9274577894163895,1.2105865492430643
2019-08-20,-0.7914727601131322,-0.11734058565465073,-0.6741321744584814,0.7914727601131322
2019-08-21,0.8246798595579641,0.2939885152912124,0.5306913442667517,0.8246798595579641
2019-08-22,-0.0506074860176175,0.2383456121386703,-0.2889530981562878,-0.0506074860176175
2019-08-23,-2.5946336754618105,-0.4046729466206479,-2.1899607288411627,2.5946336754618105
2019-08-26,1.0982987735216332,0.13823329585233562,0.9600654776692976,1.0982987735216332
2019-08-27,-0.3203180635808267,-0.11944082427661677,-0.20087723930420992,0.3203180635808267
2019-08-28,0.6545480165679685,-0.07245821018564633,0.7270062267536148,-0.6545480165679685
2019-08-29,1.2687291793508804,0.1827733941718369,1.0859557851790433,1.2687291793508804
2019-08-30,0.0642787259121702,-0.0194772320099571,0.0837559579221273,-0.0642787259121702
2019-09-03,-0.689910050906084,-0.10074646911728138,-0.5891635817888027,0.689910050906084
2019-09-04,1.0842079212828093,-0.014903483805144668,1.099111405087954,-1.0842079212828093
2019-09-05,1.300981364226672,0.5451485213921016,0.7558328428345705,1.300981364226672
2019-09-06,0.0910605153729759,0.009260994111485593,0.0817995212614903,0.0910605153729759
2019-09-09,-0.0094010259658494,0.3777734045717995,-0.3871744305376489,-0.0094010259658494
2019-09-10,0.0322304354821945,0.4792372003362469,-0.4470067648540524,0.0322304354821945
2019-09-11,0.7229681189480308,0.191489425818952,0.5314786931290788,0.7229681189480308
2019-09-12,0.2879153101061016,0.2783986986502799,0.009516611455821722,0.2879153101061016
2019-09-13,-0.0724414362094694,0.5095811040833438,-0.5820225402928132,-0.0724414362094694
2019-09-16,-0.313558666400282,-0.1387824935767119,-0.1747761728235701,0.313558666400282
2019-09-17,0.2581752370019785,-0.006514786707367576,0.264690023709346,-0.2581752370019785
2019-09-18,0.0342691989755561,0.1822897466509164,-0.1480205476753603,0.0342691989755561
2019-09-19,0.0019974721421567,0.027597020910105824,-0.025599548767949124,0.0019974721421567
2019-09-20,-0.4895576515783095,-0.12430110704538887,-0.3652565445329206,0.4895576515783095
2019-09-23,-0.009693591923765,0.02971220213223702,-0.039405794056002016,-0.009693591923765
2019-09-24,-0.8416371322106486,-0.27814205204022024,-0.5634950801704284,0.8416371322106486
2019-09-25,0.6158571742003405,0.4491499459527783,0.16670722824756218,0.6158571742003405
2019-09-26,-0.2428916406865711,-0.02995770547039578,-0.21293393521617532,0.2428916406865711
2019-09-27,-0.5316352490240539,-0.017994422328421356,-0.5136408266956325,0.5316352490240539
2019-09-30,0.5047606675254723,0.053570534446562984,0.4511901330789093,0.5047606675254723
2019-10-01,-1.2258373372913245,-0.161553349424814,-1.0642839878665105,1.2258373372913245
2019-10-02,-1.7903202985502964,-0.25713406009675277,-1.5331862384535437,1.7903202985502964
2019-10-03,0.797191259701524,-0.279410354948544,1.076601614650068,-0.797191259701524
2019-10-04,1.4216897585460186,0.037391831460491354,1.3842979270855273,1.4216897585460186
2019-10-07,-0.4478294673592398,0.26436126826554485,-0.7121907356247846,-0.4478294673592398
2019-10-08,-1.5560819201407838,-0.10499043155666996,-1.451091488584114,1.5560819201407838
2019-10-09,0.91044925499415,0.2578161604261045,0.6526330945680454,0.91044925499415
2019-10-10,0.6415695380997066,0.3638512531792764,0.2777182849204302,0.6415695380997066
2019-10-11,1.0938977513132997,0.492928793744346,0.6009689575689536,1.0938977513132997
2019-10-15,0.995567664113728,0.10174831504406268,0.8938193490696653,0.995567664113728
2019-10-16,-0.1999542798650888,0.009088629928691055,-0.20904290979377985,-0.1999542798650888
2019-10-17,0.276283157367807,0.17478003028937075,0.10150312707843626,0.276283157367807
2019-10-18,-0.3919344949506964,0.06770719261229796,-0.45964168756299434,-0.3919344949506964
2019-10-21,0.6871616056117524,0.2815627735753512,0.40559883203640124,0.6871616056117524
2019-10-22,-0.3568666378412577,0.017027359836660566,-0.3738939976779183,-0.3568666378412577
2019-10-23,0.2847148797118448,0.04732912099334105,0.23738575871850373,0.2847148797118448
2019-10-24,0.192044635873323,0.11378718580391745,0.07825745006940554,0.192044635873323
2019-10-25,0.4072700506109195,0.29630571190247623,0.11096433870844324,0.4072700506109195
2019-10-28,0.5581337868471481,0.2607222433825075,0.2974115434646406,0.5581337868471481
2019-10-29,-0.0832405314799111,0.09729229704754805,-0.18053282852745917,-0.0832405314799111
2019-10-30,0.325337015914573,-0.06681461463451005,0.39215163054908303,-0.325337015914573
2019-10-31,-0.3022860563304697,-0.266044987478736,-0.03624106885173367,0.3022860563304697
2019-11-01,0.966231216814606,0.30601244345090206,0.6602187733637039,0.966231216814606
2019-11-04,0.3704089049704651,0.34604947875129966,0.024359426219165425,0.3704089049704651
2019-11-05,-0.1185699214361291,0.34683927187452446,-0.46540919331065356,-0.1185699214361291
2019-11-06,0.070249722796678,-0.027998837219847084,0.09824856001652509,-0.070249722796678
2019-11-07,0.2730095185150327,0.5241070844211712,-0.25109756590613846,0.2730095185150327
2019-11-08,0.2560676090024305,0.18503350559251816,0.07103410340991231,0.2560676090024305
2019-11-12,0.1564646084632137,0.0426276024122374,0.1138370060509763,0.1564646084632137
2019-11-13,0.0711534590838391,-0.028791081559157855,0.09994454064299696,-0.0711534590838391
2019-11-14,0.0837042739364468,-0.11548339640118693,0.19918767033763374,-0.0837042739364468
2019-11-15,0.7695488006902673,0.24279158996719144,0.5267572107230759,0.7695488006902673
2019-11-18,0.0503152861766942,0.04111870135149631,0.00919658482519789,0.0503152861766942
2019-11-19,-0.0592594446206073,0.07835244130362357,-0.13761188592423088,-0.0592594446206073
2019-11-20,-0.3756184245747196,-0.09244339980537815,-0.2831750247693415,0.3756184245747196
2019-11-21,-0.1582752210685156,0.2940752516881331,-0.4523504727566487,-0.1582752210685156
2019-11-22,0.2174935691191759,0.1526475570250837,0.06484601209409219,0.2174935691191759
2019-11-25,0.7507291353015866,0.1164205681854791,0.6343085671161075,0.7507291353015866
2019-11-26,0.2195570387465428,0.039866449654384545,0.17969058909215826,0.2195570387465428
2019-11-27,0.4174424362754614,0.30924965477776784,0.10819278149769357,0.4174424362754614
2019-11-29,-0.4011219709926239,0.11497990109436079,-0.5161018720869848,-0.4011219709926239
2019-12-02,-0.8631020716408422,0.21567754389870186,-1.0787796155395442,-0.8631020716408422
2019-12-03,-0.663809511563529,-0.33395486815947095,-0.329854643404058,0.663809511563529
2019-12-04,0.632356747139462,0.31304365002734885,0.31931309711211314,0.632356747139462
2019-12-05,0.1500251179130218,0.1736270063732589,-0.023601888460237086,0.1500251179130218
2019-12-06,0.9135724328457328,0.2678711801672521,0.6457012526784807,0.9135724328457328
2019-12-09,-0.316282139344648,0.09734938223813067,-0.41363152158277866,-0.316282139344648
2019-12-10,-0.109693409644862,0.17142753997029292,-0.28112094961515494,-0.109693409644862
2019-12-11,0.2908158040315856,-0.12422797064359427,0.41504377467517983,-0.2908158040315856
2019-12-12,0.8575225775086182,0.46839104486683447,0.3891315326417837,0.8575225775086182
2019-12-13,0.0072581784144931,-0.15710246916412016,0.16436064757861327,-0.0072581784144931
2019-12-16,0.7147785279833618,0.37980295800805686,0.334975569975305,0.7147785279833618
2019-12-17,0.033529222633799,0.09589622376293305,-0.062367001129134056,0.033529222633799
2019-12-18,-0.0432300171864796,0.2015283943488876,-0.2447584115353672,-0.0432300171864796
2019-12-19,0.4459292004863613,0.11203278415858728,0.333896416327774,0.4459292004863613
2019-12-20,0.4944781081796634,0.15020259003752862,0.3442755181421348,0.4944781081796634
2019-12-23,0.0866143600212199,0.17259416388153084,-0.08597980386031094,0.0866143600212199
2019-12-24,-0.019544819997963,0.018941634280705888,-0.03848645427866888,-0.019544819997963
2019-12-26,0.5128166675301138,0.16734590154570553,0.3454707659844083,0.5128166675301138
2019-12-27,0.0033984717125346,-0.025629457850172427,0.029027929562707028,-0.0033984717125346
2019-12-30,-0.5780822450430323,0.12632575529590473,-0.704408000338937,-0.5780822450430323
2019-12-31,0.2946021661910603,0.16044001412946404,0.13416215206159623,0.2946021661910603
2020-01-02,0.8378802677341701,0.03630190377818075,0.8015783639559894,0.8378802677341701
2020-01-03,-0.7059870562045378,-0.17709366982707062,-0.5288933863774672,0.7059870562045378
2020-01-06,0.3533372890727193,0.154760287031129,0.19857700204159026,0.3533372890727193
2020-01-07,-0.2803238652896223,0.1602961925419609,-0.4406200578315832,-0.2803238652896223
2020-01-08,0.4902451368978155,0.28947296088802943,0.20077217600978609,0.4902451368978155
2020-01-09,0.6655262605488987,0.08295473210372725,0.5825715284451715,0.6655262605488987
2020-01-10,-0.2855178689662563,0.044353461462276256,-0.32987133042853256,-0.2855178689662563
2020-01-13,0.6976215252569862,0.2197515933713817,0.47786993188560445,0.6976215252569862
2020-01-14,-0.1514532772802224,0.061282266197241295,-0.2127355434774637,-0.1514532772802224
2020-01-15,0.1870196884512287,0.022537173968286972,0.16448251448294174,0.1870196884512287
2020-01-16,0.8366553026468271,0.2197515933713817,0.6169037092754454,0.8366553026468271
2020-01-17,0.3862162248501333,0.2084318305490431,0.1777843943010902,0.3862162248501333
2020-01-21,-0.2651977647365577,-0.11260696465112306,-0.15259080008543463,0.2651977647365577
2020-01-22,0.0289076071118055,0.10146312308514208,-0.07255551597333658,0.0289076071118055
2020-01-23,0.1140976612478361,0.014483165068105486,0.09961449617973062,0.1140976612478361
2020-01-24,-0.9042160974207404,-0.03207043547644109,-0.8721456619442993,0.9042160974207404
2020-01-27,-1.5730711659182384,-0.26147234788496954,-1.3115988180332687,1.5730711659182384
2020-01-28,1.0053584595046017,0.19130101042494452,0.8140574490796572,1.0053584595046017
2020-01-29,-0.0866874190868394,-0.10137638944179009,0.01468897035495069,0.0866874190868394
2020-01-30,0.3134358792605374,-0.002459239661985607,0.315895118922523,-0.3134358792605374
2020-01-31,-1.770582037552626,-0.25622653676523094,-1.514355500787395,1.770582037552626
2020-02-03,0.7254613892351713,0.18147899988430777,0.5439823893508635,0.7254613892351713
2020-02-04,1.4980414164082134,0.342725531027513,1.1553158853807004,1.4980414164082134
2020-02-05,1.125059589785371,0.2696962669982899,0.8553633227870812,1.125059589785371
2020-02-06,0.3325672876785646,0.07197969764697776,0.2605875900315868,0.3325672876785646
2020-02-07,-0.5400853672730133,-0.1119745931105266,-0.42811077416248666,0.5400853672730133
2020-02-10,0.7326397804890528,-0.053457709424006544,0.7860974899130593,-0.7326397804890528
2020-02-11,0.168847255323512,0.24076203653093411,-0.07191478120742212,0.168847255323512
2020-02-12,0.6462646466197652,0.24231553139817846,0.4039491152215868,0.6462646466197652
2020-02-13,-0.1630445736802377,0.08362924623474019,-0.2466738199149779,-0.1630445736802377
2020-02-14,0.1843533320433854,0.02824544366191334,0.15610788838147205,0.1843533320433854
2020-02-18,-0.2919942636890105,-0.01679680460580632,-0.27519745908320414,0.2919942636890105
2020-02-19,0.4705785881164548,0.14713774289345724,0.32344084522299754,0.4705785881164548
2020-02-20,-0.381551976362815,-0.06560940795998743,-0.3159425684028276,0.381551976362815
2020-02-21,-1.051810302712286,-0.17344349616499377,-0.8783668065472923,1.051810302712286
2020-02-24,-3.351362667122315,-0.39291167886780615,-2.958450988254509,3.351362667122315
2020-02-25,-3.027999556505612,-0.3236663699201706,-2.7043331865854414,3.027999556505612
2020-02-26,-0.3778540605322011,-0.16203296782095972,-0.2158210927112414,0.3778540605322011
2020-02-27,-4.416324258407911,-0.4195121922150449,-3.9968120661928666,4.416324258407911
2020-02-28,-0.8238340444361891,-1.1499285737587832,0.3260945293225941,0.8238340444361891
2020-03-02,4.603922900611002,-0.2794881597885171,4.883411060399519,-4.603922900611002
2020-03-03,-2.8107896121075893,-0.6582613992002381,-2.152528212907351,2.8107896121075893
2020-03-04,4.220259077449118,-0.2257459310848952,4.446005008534013,-4.220259077449118
2020-03-05,-3.3922077046888544,-0.6504069544731029,-2.7418007502157513,3.3922077046888544
2020-03-06,-1.7053852000370129,-0.9127255079925763,-0.7926596920444365,1.7053852000370129
2020-03-09,-7.5969697477450975,-1.1596065287179247,-6.437363219027173,7.5969697477450975
2020-03-10,4.939630628156144,0.3848276119979611,4.554803016158183,4.939630628156144
2020-03-11,-4.886844513127397,-0.32125303605739874,-4.565591477069999,4.886844513127397
2020-03-12,-9.51126809783366,-0.6314762003018881,-8.879791897531772,9.51126809783366
2020-03-13,9.28712497297184,-0.3969317336793946,9.684056706651235,-9.28712497297184
2020-03-16,-11.984055240393443,-1.6277582874250516,-10.356296952968393,11.984055240393443
2020-03-17,5.995484974402432,0.12100576445121014,5.874479209951222,5.995484974402432
2020-03-18,-5.183076272915788,-0.2731751225543042,-4.909901150361485,5.183076272915788
2020-03-19,0.470780804058557,-1.0590957233989013,1.5298765274574584,-0.470780804058557
2020-03-20,-4.335951230846192,-1.2495246721137887,-3.086426558732403,4.335951230846192
2020-03-23,-2.929386782180443,-1.1285185342651523,-1.8008682479152909,2.929386782180443
2020-03-24,9.382773976227554,-0.19377469277712467,9.576548669004678,-9.382773976227554
2020-03-25,1.1535011448222,-0.5900805658691135,1.7435817106913134,-1.1535011448222
2020-03-26,6.241416330387684,-0.7621213050269693,7.003537635414654,-6.241416330387684
2020-03-27,-3.3687352562252526,-0.9895518578008701,-2.3791833984243826,3.3687352562252526
2020-03-30,3.351600948370015,-0.5959402461021506,3.9475411944721657,-3.351600948370015
2020-03-31,-1.6012721914555603,-0.4590541972214895,-1.1422179942340709,1.6012721914555603
2020-04-01,-4.414243033166542,-0.700317713774907,-3.7139253193916355,4.414243033166542
2020-04-02,2.282934723487151,-0.3973993299891026,2.680334053476254,-2.282934723487151
2020-04-03,-1.5137125124949469,-0.38594823696333996,-1.1277642755316069,1.5137125124949469
2020-04-06,7.033131865275055,-0.14390607606573758,7.177037941340792,-7.033131865275055
2020-04-07,-0.160305278443118,-0.15088509988377397,-0.009420178559344045,0.160305278443118
2020-04-08,3.405645287963033,-0.28399723385084047,3.689642521813873,-3.405645287963033
2020-04-09,1.4487410153376512,-0.4602843866641707,1.9090254020018218,-1.4487410153376512
2020-04-13,-1.0104660822607414,-0.17134389685643264,-0.8391221854043087,1.0104660822607414
2020-04-14,3.0572589146256046,-0.2704173596078206,3.327676274233425,-3.0572589146256046
2020-04-15,-2.203043852941577,-0.6436584886394908,-1.559385364302086,2.203043852941577
2020-04-16,0.5816689462164515,-0.3135613846427068,0.8952303308591583,-0.5816689462164515
2020-04-17,2.679359484822341,-0.14239361517786375,2.8217531000002047,-2.679359484822341
2020-04-20,-1.788104803401469,-0.36706301519391227,-1.4210417882075568,1.788104803401469
2020-04-21,-3.0674795694063395,-0.4612761951765282,-2.6062033742298114,3.0674795694063395
2020-04-22,2.2930247703843776,-0.1353338660061255,2.428358636390503,-2.2930247703843776
2020-04-23,-0.0539422119743115,-0.3318267262556185,0.277884514281307,0.0539422119743115
2020-04-24,1.3918057304545428,-0.2296141713473176,1.6214199018018605,-1.3918057304545428
2020-04-27,1.4714069804799612,0.03730667297225965,1.4341003075077015,1.4714069804799612
2020-04-28,-0.5242380698498916,-0.3676186905055805,-0.15661937934431114,0.5242380698498916
2020-04-29,2.6583916282167053,-0.11435844578272536,2.772750073999431,-2.6583916282167053
2020-04-30,-0.9212446303987654,-0.15635434933367148,-0.7648902810650939,0.9212446303987654
2020-05-01,-2.8059034078492195,-0.22390590165369123,-2.5819975061955285,2.8059034078492195
2020-05-04,0.4249827591976451,-0.22551648171151822,0.6504992409091633,-0.4249827591976451
2020-05-05,0.9040556385797373,-0.1247581938894618,1.028813832469199,-0.9040556385797373
2020-05-06,-0.6979410390386298,-0.07508756344243361,-0.6228534755961962,0.6979410390386298
2020-05-07,1.1504630788313983,-0.4323038512435283,1.5827669300749267,-1.1504630788313983
2020-05-08,1.6871538638701944,0.10900295995066744,1.578150903919527,1.6871538638701944
2020-05-11,0.0133078220911686,0.028926438133786925,-0.015618616042618324,0.0133078220911686
2020-05-12,-2.0500317528877154,-0.25953910171598493,-1.7904926511717305,2.0500317528877154
2020-05-13,-1.7462724604228042,-0.3347417407689673,-1.411530719653837,1.7462724604228042
2020-05-14,1.152482269503552,-0.1818654042962417,1.3343476737997937,-1.152482269503552
2020-05-15,0.3926363250438269,-0.12385067055793919,0.5164869956017661,-0.3926363250438269
2020-05-18,3.1501191631680747,0.14235106582412127,3.0077680973439533,3.1501191631680747
2020-05-19,-1.0484399194493177,-0.2187669072668593,-0.8296730121824584,1.0484399194493177
2020-05-20,1.665110025908012,-0.158406434322001,1.8235164602300131,-1.665110025908012
2020-05-21,-0.7773596407737116,-0.09458175189298673,-0.6827778888807248,0.7773596407737116
2020-05-22,0.2353711326488428,-0.14169458757633438,0.37706572022517715,-0.2353711326488428
2020-05-26,1.2289184036080147,-0.0012315014353908027,1.2301499050434055,-1.2289184036080147
2020-05-27,1.4827297215913804,-0.09094161839890202,1.5736713399902824,-1.4827297215913804
2020-05-28,-0.2107914546073841,-0.09087338442928017,-0.11991807017810394,0.2107914546073841
2020-05-29,0.4812335824971425,-0.22299236727894944,0.7042259497760919,-0.4812335824971425
2020-06-01,0.3751234813537785,-0.10952559699819775,0.48464907835197624,-0.3751234813537785
2020-06-02,0.8210832780053412,0.03007946204989881,0.7910038159554424,0.8210832780053412
2020-06-03,1.3648979133831007,0.19470212367530104,1.1701957897077997,1.3648979133831007
2020-06-04,-0.3368702231114406,0.05891201352016917,-0.3957822366316098,-0.3368702231114406
2020-06-05,2.621165081839872,0.23025459838389317,2.390910483455979,2.621165081839872
2020-06-08,1.2041579421169235,-0.13172630423210765,1.3358842463490312,-1.2041579421169235
2020-06-09,-0.7799170822611612,-0.219182320818157,-0.5607347614430042,0.7799170822611612
2020-06-10,-0.5313091072437381,-0.3574880831465519,-0.17382102409718625,0.5313091072437381
2020-06-11,-5.894405927443824,-0.4518361531597247,-5.442569774284099,5.894405927443824
2020-06-12,1.3060843963234705,-0.08893657843316216,1.3950209747566327,-1.3060843963234705
2020-06-15,0.8312217041285264,-0.18377967874028717,1.0150013828688136,-0.8312217041285264
2020-06-16,1.896239819380252,-0.03964791650996757,1.9358877358902196,-1.896239819380252
2020-06-17,-0.3600299556174025,-0.23254768828796496,-0.12748226732943752,0.3600299556174025
2020-06-18,0.0594219882528168,-0.2342710961219179,0.2936930843747347,-0.0594219882528168
2020-06-19,-0.5649494809462974,-0.21796462275955503,-0.34698485818674235,0.5649494809462974
2020-06-22,0.6495095537691675,-0.12212481150790033,0.7716343652770679,-0.6495095537691675
2020-06-23,0.4307419569164139,-0.135528761740993,0.566270718657407,-0.4307419569164139
2020-06-24,-2.585514593906457,-0.22805822526398736,-2.35745636864247,2.585514593906457
2020-06-25,1.095944726780984,-0.21456998985005948,1.3105147166310436,-1.095944726780984
2020-06-26,-2.4226905044785974,-0.28384495000403265,-2.138845554474565,2.4226905044785974
2020-06-29,1.4685678433118632,-0.1652552365476605,1.6338230798595237,-1.4685678433118632
2020-06-30,1.5409875731554612,-0.07902292906343145,1.6200105022188926,-1.5409875731554612
2020-07-01,0.5022132820864389,-0.010004618273088461,0.5122179003595273,-0.5022132820864389
2020-07-02,0.4541250844364075,-0.13011817539036602,0.5842432598267735,-0.4541250844364075
2020-07-06,1.588172586745884,-0.06704114349415968,1.6552137302400438,-1.588172586745884
2020-07-07,-1.081853202819716,-0.2076195086273147,-0.8742336941924014,1.081853202819716
2020-07-08,0.7827461915415501,-0.0452248560001699,0.82797104754172,-0.7827461915415501
2020-07-09,-0.5643606159361103,-0.22900433135879483,-0.3353562845773155,0.5643606159361103
2020-07-10,1.046620127324438,-0.010033160868379187,1.0566532881928172,-1.046620127324438
2020-07-13,-0.9362541127788226,-0.1758248976211056,-0.760429215157717,0.9362541127788226
2020-07-14,1.3406370782667931,-0.175738161224185,1.5163752394909782,-1.3406370782667931
2020-07-15,0.9082050740923052,-0.026138727452656274,0.9343438015449614,-0.9082050740923052
2020-07-16,-0.3406101245536641,-0.1393934421762826,-0.20121668237738147,0.3406101245536641
2020-07-17,0.2848612194617406,-0.049021302465836636,0.3338825219275772,-0.2848612194617406
2020-07-20,0.84069387471426,-0.050166972733690945,0.890860847447951,-0.84069387471426
2020-07-21,0.1679037341913547,-0.10842965827266832,0.276333392464023,-0.1679037341913547
2020-07-22,0.5747082068739751,-0.06263730825605546,0.6373455151300305,-0.5747082068739751
2020-07-23,-1.2319859824193036,-0.04963628019018107,-1.1823497022291225,1.2319859824193036
2020-07-24,-0.6190400054688405,-0.09898202730395783,-0.5200579781648826,0.6190400054688405
2020-07-27,0.7395138795039502,0.04579815767816947,0.6937157218257808,0.7395138795039502
2020-07-28,-0.6473392152297919,-0.14556171922770997,-0.5017774960020819,0.6473392152297919
2020-07-29,1.242838167815008,-0.09778686079742865,1.3406250286124366,-1.242838167815008
2020-07-30,-0.3750251937389204,-0.13578185127748904,-0.23924334246143136,0.3750251937389204
2020-07-31,0.7670504990141325,-0.04082102076206612,0.8078715197761985,-0.7670504990141325
2020-08-03,0.718102343932614,-0.014402442467973176,0.7325047864005871,-0.718102343932614
2020-08-04,0.3611930381972161,-0.1260726685129778,0.48726570671019387,-0.3611930381972161
2020-08-05,0.6429743053199433,0.05181012175801414,0.5911641835619291,0.6429743053199433
2020-08-06,0.642769555966427,-0.014789313423979544,0.6575588693904066,-0.642769555966427
2020-08-07,0.0633029548644303,0.0775120433306764,-0.014209088466246106,0.0633029548644303
2020-08-10,0.2742218294476073,0.05950580229748048,0.21471602715012683,0.2742218294476073
2020-08-11,-0.7969132154236114,0.1228258835621911,-0.9197390989858025,-0.7969132154236114
2020-08-12,1.3996549490237653,0.10968103390881306,1.2899739151149523,1.3996549490237653
2020-08-13,-0.2047174350497949,0.040348988564258226,-0.24506642361405312,-0.2047174350497949
2020-08-14,-0.0171882622768126,-0.04447364564022949,0.027285383363416887,0.0171882622768126
2020-08-17,0.2709842511078753,-0.043752086486627845,0.31473633759450315,-0.2709842511078753
2020-08-18,0.2303389154016955,-0.04605323188667895,0.27639214728837447,-0.2303389154016955
2020-08-19,-0.44043954214108,0.010622513757590712,-0.4510620558986707,-0.44043954214108
2020-08-20,0.3158632769134861,-0.10644224742682842,0.42230552434031454,-0.3158632769134861
2020-08-21,0.3441107044476421,0.020433375519188363,0.3236773289284537,0.3441107044476421
2020-08-24,1.0043718303008653,-0.025246146721298823,1.029617977022164,-1.0043718303008653
2020-08-25,0.35963511532906,0.10860359761058164,0.25103151771847837,0.35963511532906
2020-08-26,1.0195626139483993,-0.004549438115958149,1.0241120520643574,-1.0195626139483993
2020-08-27,0.1673044010903845,0.07818410624560407,0.08912029484478043,0.1673044010903845
2020-08-28,0.673256535528588,-0.057561410103024624,0.7308179456316126,-0.673256535528588
2020-08-31,-0.2194962714028747,-0.11652580976326729,-0.10297046163960741,0.2194962714028747
2020-09-01,0.7525003016613407,-0.1791713768969646,0.9316716785583053,-0.7525003016613407
2020-09-02,1.5365910154807594,-0.09967014143009681,1.6362611569108563,-1.5365910154807594
2020-09-03,-3.512584371534122,-0.26292013463035413,-3.249664236903768,3.512584371534122
2020-09-04,-0.8133027264274895,0.1023401219029294,-0.9156428483304189,-0.8133027264274895
2020-09-08,-2.7756342102361,-0.21298550117143858,-2.562648709064661,2.7756342102361
2020-09-09,2.014498633677464,-0.05572383188790625,2.07022246556537,-2.014498633677464
2020-09-10,-1.758479659017942,-0.18781672335837102,-1.570662935659571,1.758479659017942
2020-09-11,0.0533072190594063,-0.118468626802604,0.1717758458620103,-0.0533072190594063
2020-09-14,1.2741829089357504,-0.01782561797275961,1.29200852690851,-1.2741829089357504
2020-09-15,0.5219359577689042,-0.05707286014993229,0.5790088179188365,-0.5219359577689042
2020-09-16,-0.4618946596211537,-0.03971504186854391,-0.4221796177526098,0.4618946596211537
2020-09-17,-0.8412365876402483,-0.08874215199593655,-0.7524944356443117,0.8412365876402483
2020-09-18,-1.1182581807410497,-0.017537974797753098,-1.1007202059432966,1.1182581807410497
2020-09-21,-1.1571097930805796,-0.13622936725121074,-1.0208804258293689,1.1571097930805796
2020-09-22,1.0517945160813724,-0.09449501549606615,1.1462895315774386,-1.0517945160813724
2020-09-23,-2.3721455093028143,-0.08091870108017885,-2.2912268082226355,2.3721455093028143
2020-09-24,0.298745914295706,-0.12289855341991313,0.42164446771561914,-0.298745914295706
2020-09-25,1.59767237756141,-0.13057818274816746,1.7282505603095775,-1.59767237756141
2020-09-28,1.6110590199083896,-0.0035587382146475277,1.6146177581230372,-1.6110590199083896
2020-09-29,-0.4812664543244471,-0.1481529590188541,-0.333113495305593,0.4812664543244471
2020-09-30,0.8253718228220741,0.04151205264836294,0.7838597701737111,0.8253718228220741
2020-10-01,0.5292907769290922,-0.07771003234860385,0.6070008092776961,-0.5292907769290922
2020-10-02,-0.9577652178616392,-0.0579096982957466,-0.8998555195658926,0.9577652178616392
2020-10-05,1.797270867614209,0.11863655509729898,1.67863431251691,1.797270867614209
2020-10-06,-1.3973515692226712,-0.16067903712676215,-1.236672532095909,1.3973515692226712
2020-10-07,1.739675486921799,0.06486578379838509,1.674809703123414,1.739675486921799
2020-10-08,0.8010123642494982,-0.19710693274445254,0.9981192969939507,-0.8010123642494982
2020-10-09,0.879353312061526,0.032712844431460386,0.8466404676300656,0.879353312061526
2020-10-13,-0.6306918994084421,-0.183125244945261,-0.44756665446318106,0.6306918994084421
2020-10-14,-0.6623141753502759,-0.13086582592317397,-0.531448349427102,0.6623141753502759
2020-10-15,-0.152775530609972,-0.05309044950634484,-0.09968508110362717,0.152775530609972
2020-10-16,0.013491955745537,-0.03558880963745281,0.04908076538298981,-0.013491955745537
2020-10-19,-1.6329861778318078,-0.022731603159081792,-1.610254574672726,1.6329861778318078
2020-10-20,0.4727334073110212,-0.07797403536049147,0.5507074426715126,-0.4727334073110212
2020-10-21,-0.2195699928100536,-0.05342268648785481,-0.1661473063221988,0.2195699928100536
2020-10-22,0.5218925396392127,0.04031688614183426,0.4815756534973784,0.5218925396392127
2020-10-23,0.3445761353703114,-0.09460784327219232,0.4391839786425037,-0.3445761353703114
2020-10-26,-1.8589516294535648,-0.28951107710724117,-1.5694405523463237,1.8589516294535648
2020-10-27,-0.3025618911998928,-0.21633799149051622,-0.08622389970937658,0.3025618911998928
2020-10-28,-3.52878787606048,-0.26834677219219266,-3.2604411038682874,3.52878787606048
2020-10-29,1.1947330894238384,-0.0866800268396134,1.281413116263452,-1.1947330894238384
2020-10-30,-1.2129550130175693,-0.20266735172580103,-1.0102876612917682,1.2129550130175693
2020-11-02,1.231820260127181,-0.20855913438126195,1.4403793945084429,-1.231820260127181
2020-11-03,1.779929009643455,-0.10967297841283369,1.8896019880562887,-1.779929009643455
2020-11-04,2.204704770168342,-0.4577417698043042,2.6624465399726462,-2.204704770168342
2020-11-05,1.9460194138962936,-0.0618635663440425,2.007882980240336,-1.9460194138962936
2020-11-06,-0.0287715187418546,0.08705890208038691,-0.11583042082224151,-0.0287715187418546
2020-11-09,1.169988923568721,0.26957007453068804,0.900418849038033,1.169988923568721
2020-11-10,-0.1399794593191061,0.04026225216733753,-0.18024171148644363,-0.1399794593191061
2020-11-12,-0.997853230387702,-0.3302326667066449,-0.667620563681057,0.997853230387702
2020-11-13,1.3610335409063534,0.0025685048574091707,1.3584650360489443,1.3610335409063534
2020-11-16,1.1648051240012336,0.07406032523059908,1.0907447987706345,1.1648051240012336
2020-11-17,-0.4791925698091615,-0.13012821555835982,-0.3490643542508016,0.4791925698091615
2020-11-18,-1.1563829610944043,-0.04638792008427517,-1.1099950410101291,1.1563829610944043
2020-11-19,0.3946442467421596,-0.030751058420753513,0.42539530516291313,-0.3946442467421596
2020-11-20,-0.6792562915180156,-0.13969357673536828,-0.5395627147826473,0.6792562915180156
2020-11-23,0.5635930617216234,0.056556234145621276,0.5070368275760021,0.5635930617216234
2020-11-24,1.6161668273416252,0.04739624635191697,1.5687705809897081,1.6161668273416252
2020-11-25,-0.1584418237524976,0.024502522559696427,-0.18294434631219403,-0.1584418237524976
2020-11-27,0.2396979198154181,-0.10323357869525404,0.3429314985106722,-0.2396979198154181
2020-11-30,-0.4595548640170976,0.01512557677669446,-0.47468044079379207,-0.4595548640170976
2020-12-01,1.1271187194776155,0.2220442765121292,0.9050744429654863,1.1271187194776155
2020-12-02,0.1791166754825157,0.05882883695038116,0.12028783853213454,0.1791166754825157
2020-12-03,-0.0624157213091502,-0.06657512509313906,0.004159403783988866,0.0624157213091502
2020-12-04,0.8836275129611826,0.13111045044679592,0.7525170625143867,0.8836275129611826
2020-12-07,-0.193563767143734,-0.10517639573459056,-0.08838737140914343,0.193563767143734
2020-12-08,0.2787148065356293,-0.03411604012390998,0.3128308466595393,-0.2787148065356293
2020-12-09,-0.7949201604598555,0.10047890352469158,-0.895399063984547,-0.7949201604598555
2020-12-10,-0.128510806826243,-0.1227226294099854,-0.005788177416257589,0.128510806826243
2020-12-11,-0.1264997299750603,-0.1294115588369296,0.0029118288618693033,0.1264997299750603
2020-12-14,-0.4359258971957769,-0.0062467545707057814,-0.4296791426250711,0.4359258971957769
2020-12-15,1.2921249154708825,-0.008895079552432628,1.301019995023315,-1.2921249154708825
2020-12-16,0.1772795166959051,0.025681637855013595,0.15159787884089151,0.1772795166959051
2020-12-17,0.5757654753379748,0.04322542031432258,0.5325400550236523,0.5757654753379748
2020-12-18,-0.3511118509152866,0.024573207745405223,-0.37568505866069185,-0.3511118509152866
2020-12-21,-0.390627905184393,-0.05088853188729292,-0.3397393732971001,0.390627905184393
2020-12-22,-0.2073092860288006,-0.08517270368756055,-0.12213658234124006,0.2073092860288006
2020-12-23,0.0745811250824957,0.0472078309579102,0.0273732941245855,0.0745811250824957
2020-12-24,0.3536589004796253,-0.04634087506168613,0.3999997755413114,-0.3536589004796253
2020-12-28,0.8722529021144565,-0.0011262626111717133,0.8733791647256282,-0.8722529021144565
2020-12-29,-0.222738052560012,-0.04013045541984095,-0.18260759714017105,0.222738052560012
2020-12-30,0.1341547165470746,-0.040344962193052836,0.17449967874012742,-0.1341547165470746
2020-12-31,0.6438845522919845,0.0029292844342103663,0.6409552678577741,0.6438845522919845
2021-01-04,-1.4754827521051062,-0.11523386669182378,-1.3602488854132824,1.4754827521051062
2021-01-05,0.7082595157549276,0.056325676161196714,0.6519338395937309,0.7082595157549276
2021-01-06,0.5709842747752214,0.16020099388573555,0.41078328088948585,0.5709842747752214
2021-01-07,1.4847403800101189,0.08455684990224988,1.400183530107869,1.4847403800101189
2021-01-08,0.5491862685268911,0.12003618820904582,0.4291500803178453,0.5491862685268911
2021-01-11,-0.6554750898592476,0.012303779001126336,-0.667778868860374,-0.6554750898592476
2021-01-12,0.0415788446632703,-0.02456918137419989,0.06614802603747019,-0.0415788446632703
2021-01-13,0.2275641737906619,-0.12761011216900917,0.35517428595967104,-0.2275641737906619
2021-01-14,-0.3753451194336676,0.13404396738744273,-0.5093890868211104,-0.3753451194336676
2021-01-15,-0.7190027975370938,-0.19188476178783162,-0.5271180357492622,0.7190027975370938
2021-01-19,0.8136379515524483,-0.02794776307248309,0.8415857146249315,-0.8136379515524483
2021-01-20,1.3935625421946265,-0.01855721729435511,1.4121197594889816,-1.3935625421946265
2021-01-21,0.031672330755228,0.051998537152020685,-0.02032620639679269,0.031672330755228
2021-01-22,-0.3010611655237638,-0.05180609538680905,-0.24925507013695472,0.3010611655237638
2021-01-25,0.3615838943082483,-0.14170462774432796,0.5032885220525762,-0.3615838943082483
2021-01-26,-0.1488833746898232,-0.058424339628043775,-0.09045903506177944,0.1488833746898232
2021-01-27,-2.5677883699462,-0.2288665208145103,-2.33892184913169,2.5677883699462
2021-01-28,0.9760625975629766,-0.05202906441932531,1.028091661982302,-0.9760625975629766
2021-01-29,-1.93114751731246,-0.0887767056344464,-1.8423708116780135,1.93114751731246
2021-02-01,1.6051767614439385,-0.17160947777700838,1.7767862392209468,-1.6051767614439385
2021-02-02,1.3898223484416938,0.014847973769681333,1.3749743746720124,1.3898223484416938
2021-02-03,0.1008769080953264,0.05296069445803908,0.04791621363728732,0.1008769080953264
2021-02-04,1.0853322230420792,-0.002133013723694399,1.0874652367657736,-1.0853322230420792
2021-02-05,0.3897495164625342,0.0678164605612912,0.321933055901243,0.3897495164625342
2021-02-08,0.7399348360373592,0.04380315788042194,0.6961316781569373,0.7399348360373592
2021-02-09,-0.1113524992148451,-0.023949301217683627,-0.08740319799716147,0.1113524992148451
2021-02-10,-0.0345184932359354,-0.07678645780586954,0.04226796456993414,0.0345184932359354
2021-02-11,0.1662455163539355,0.029175498545508716,0.1370700178084268,0.1662455163539355
2021-02-12,0.4711033113378837,0.11907403090302748,0.3520292804348562,0.4711033113378837
2021-02-16,-0.0569272418351141,0.27893698014569734,-0.33586422198081145,-0.0569272418351141
2021-02-17,-0.0320402009226672,-0.060393248046586134,0.028353047123918937,0.0320402009226672
2021-02-18,-0.4415835627354592,-0.012488168023927715,-0.42909539471153146,0.4415835627354592
2021-02-19,-0.1854896644575165,0.11298893042138802,-0.2984785948789045,-0.1854896644575165
2021-02-22,-0.773283945815384,0.04519432873286505,-0.8184782745482491,-0.773283945815384
2021-02-23,0.1256318118792787,-0.02140510644912863,0.14703691832840732,-0.1256318118792787
2021-02-24,1.135161376597904,0.04703791799120094,1.0881234586067032,1.135161376597904
2021-02-25,-2.447880752512621,0.3725267201446639,-2.820407472657285,-2.447880752512621
2021-02-26,-0.4750214169902844,-0.3867830931907102,-0.08823832379957419,0.4750214169902844
2021-03-01,2.3790763506800205,-0.020183848563394058,2.3992601992434146,-2.3790763506800205
2021-03-02,-0.8080851690870694,-0.10713281276905331,-0.7009523563180161,0.8080851690870694
2021-03-03,-1.306622187199813,0.06570017072811318,-1.372322357927926,-1.306622187199813
2021-03-04,-1.3417213930100202,0.06687683480734485,-1.408598227817365,-1.3417213930100202
2021-03-05,1.949596819778221,0.003962126925938336,1.9456346928522827,1.949596819778221
2021-03-08,-0.5359231030161227,0.07361280925687735,-0.609535912273,-0.5359231030161227
2021-03-09,1.415464230382213,-0.12995585137556528,1.5454200817577781,-1.415464230382213
2021-03-10,0.6030313342701321,-0.08031131230774238,0.6833426465778745,-0.6030313342701321
2021-03-11,1.0395487004435822,-0.018630353696149293,1.0581790541397313,-1.0395487004435822
2021-03-12,0.1015398495878949,0.25169761491700093,-0.15015776532910602,0.1015398495878949
2021-03-15,0.6491921301497117,-0.024767636936198878,0.6739597670859105,-0.6491921301497117
2021-03-16,-0.1569683734378379,0.04550047433516957,-0.20246884777300747,-0.1569683734378379
2021-03-17,0.287938213053085,0.01991383175471778,0.2680243812983672,0.287938213053085
2021-03-18,-1.4760539319459198,0.2487083553908111,-1.724762287336731,-1.4760539319459198
2021-03-19,-0.0602703974703633,0.08114972560867517,-0.14142012307903848,-0.0602703974703633
2021-03-22,0.7025118077311765,-0.09887433726365331,0.8013861449948299,-0.7025118077311765
2021-03-23,-0.7630854183940605,-0.12396997867492583,-0.6391154397191346,0.7630854183940605
2021-03-24,-0.546733601831495,-0.03692178668826562,-0.5098118151432294,0.546733601831495
2021-03-25,0.5240265846959469,0.0498858071459744,0.47414077754997247,0.5240265846959469
2021-03-26,1.6631202604519668,0.13503822711588714,1.5280820333360796,1.6631202604519668
2021-03-29,-0.0868012685233621,0.15565934810334714,-0.24246061662670926,-0.0868012685233621
2021-03-30,-0.3157832933767812,0.06724607664345011,-0.3830293700202313,-0.3157832933767812
2021-03-31,0.3622499039577675,0.055782492233608205,0.3064674117241593,0.3622499039577675
2021-04-01,1.1825201774944727,-0.03826836373420646,1.2207885412286792,-1.1825201774944727
2021-04-05,1.4438226417743616,0.14870127792869503,1.2951213638456665,1.4438226417743616
2021-04-06,-0.0973530751951168,-0.11177368633244171,0.014420611137324915,0.0973530751951168
2021-04-07,0.1475232784985625,0.0879985278343341,0.05952475066422841,0.1475232784985625
2021-04-08,0.4220632828640269,-0.06644379488971555,0.48850707775374247,-0.4220632828640269
2021-04-09,0.7719934348738189,0.1807313493515002,0.5912620855223187,0.7719934348738189
2021-04-12,-0.0196078848768821,0.15373748470739432,-0.17334536958427643,-0.0196078848768821
2021-04-13,0.329448680904143,-0.08595893698365294,0.4154076178877959,-0.329448680904143
2021-04-14,-0.4087726727828533,0.06661370510285458,-0.47538637788570787,-0.4087726727828533
2021-04-15,1.109419052516647,-0.11798410597428541,1.2274031584909324,-1.109419052516647
2021-04-16,0.3608819555509734,0.14874587173519827,0.21213608381577514,0.3608819555509734
2021-04-19,-0.5306560094486046,0.10995863691582664,-0.6406146463644312,-0.5306560094486046
2021-04-20,-0.6802319771775922,-0.04833832607551927,-0.631893651102073,0.6802319771775922
2021-04-21,0.9306055472153574,0.035449014421154695,0.8951565327942027,0.9306055472153574
2021-04-22,-0.92106574765618,0.06103320578551949,-0.9820989534416995,-0.92106574765618
2021-04-23,1.092869654017692,0.08555356084677901,1.007316093170913,1.092869654017692
2021-04-26,0.1782270924804541,0.09557892938158852,0.08264816309886558,0.1782270924804541
2021-04-27,-0.0214895888014376,0.15840800947711975,-0.17989759827855734,-0.0214895888014376
2021-04-28,-0.0845539916889848,0.06244287906526058,-0.1469968707542454,-0.0845539916889848
2021-04-29,0.6762806734045723,0.08619953238250061,0.5900811410220717,0.6762806734045723
2021-04-30,-0.7194706699326425,0.04331460792732961,-0.7627852778599722,-0.7194706699326425
2021-05-03,0.2748090747253684,-3.032388564241928e-05,0.2748393986110108,-0.2748090747253684
2021-05-04,-0.6678337608227225,-0.01685744962352065,-0.6509763111992019,0.6678337608227225
2021-05-05,0.0703463761767775,-0.012111337235914649,0.08245771341269215,-0.0703463761767775
2021-05-06,0.8165456466051824,0.022648893133366238,0.7938967534718161,0.8165456466051824
2021-05-07,0.7373341616968343,0.08027430469957647,0.6570598569972579,0.7373341616968343
2021-05-10,-1.0435647322188155,0.13801633786303685,-1.1815810700818523,-1.0435647322188155
2021-05-11,-0.867391280271812,0.020690024882817515,-0.8880813051546295,-0.867391280271812
2021-05-12,-2.144940066450274,0.03331177094459281,-2.1782518373948667,-2.144940066450274
2021-05-13,1.2173141406923491,-0.09318211878123897,1.310496259473588,-1.2173141406923491
2021-05-14,1.4917956876899785,-0.031051192979839076,1.5228468806698177,-1.4917956876899785
2021-05-17,-0.2530052193220777,0.051180201433504546,-0.30418542075558225,-0.2530052193220777
2021-05-18,-0.8517292959364653,0.004051314538944972,-0.8557806104754102,-0.8517292959364653
2021-05-19,-0.2943411456817757,0.08728946006481131,-0.381630605746587,-0.2943411456817757
2021-05-20,1.0554741756143349,-0.12461840142673337,1.1800925770410682,-1.0554741756143349
2021-05-21,-0.0783880680141235,0.05947971091827514,-0.13786777893239865,-0.0783880680141235
2021-05-24,0.9911292190138532,-0.03963834563961521,1.0307675646534684,-0.9911292190138532
2021-05-25,-0.2125283780296749,-0.07914223718041806,-0.13338614084925682,0.2125283780296749
2021-05-26,0.1876816570268724,0.08979507207008164,0.09788658495679076,0.1876816570268724
2021-05-27,0.1165314541831552,0.14169861394753946,-0.02516715976438426,0.1165314541831552
2021-05-28,0.0768881891140216,-0.0015677675416748138,0.07845595665569641,-0.0768881891140216
2021-06-01,-0.0492333522686405,0.18715872698264285,-0.23639207925128336,-0.0492333522686405
2021-06-02,0.1446934838430724,-0.06939336304157498,0.21408684688464738,-0.1446934838430724
2021-06-03,-0.3628703341637451,0.20430203849081874,-0.5671723726545639,-0.3628703341637451
2021-06-04,0.8834095710505974,-0.13031061990914675,1.0137201909597442,-0.8834095710505974
2021-06-07,-0.0796738704451183,0.13695495277601846,-0.21662882322113675,-0.0796738704451183
2021-06-08,0.0175024864505823,-0.06816965393975447,0.08567214039033677,-0.0175024864505823
2021-06-09,-0.1823867319485694,0.02049402053690319,-0.2028807524854726,-0.1823867319485694
2021-06-10,0.4652243012262191,-0.07804874967097476,0.5432730508971939,-0.4652243012262191
2021-06-11,0.1948434669559073,0.1718590047328026,0.022984462223104685,0.1948434669559073
2021-06-14,0.1815201873095251,0.17056215922918755,0.01095802808033755,0.1815201873095251
2021-06-15,-0.2011693780525791,0.06618224034034487,-0.267351618392924,-0.2011693780525791
2021-06-16,-0.5390124612855707,0.2886932079327979,-0.8277056692183686,-0.5390124612855707
2021-06-17,-0.0435715592051799,-0.02515205667612029,-0.018419502529059606,0.0435715592051799
2021-06-18,-1.3124468779900589,-0.09608219069442321,-1.2163646872956357,1.3124468779900589
2021-06-21,1.4002289962720793,0.1919755245559584,1.2082534717161209,1.4002289962720793
2021-06-22,0.5124491902218642,-0.014613389414052352,0.5270625796359165,-0.5124491902218642
2021-06-23,-0.108328334315888,0.14306614463686318,-0.2513944789527512,-0.108328334315888
2021-06-24,0.5811249724885448,0.05745371730915047,0.5236712551793943,0.5811249724885448
2021-06-25,0.333059731931673,0.24377983865241626,0.08927989327925673,0.333059731931673
2021-06-28,0.2314964262061902,-0.09231562942908687,0.3238120556352771,-0.2314964262061902
2021-06-29,0.0277336193260868,0.11887802655711346,-0.09114440723102667,0.0277336193260868
2021-06-30,0.1328159646746485,-0.050335777089352635,0.18315174176400115,-0.1328159646746485
2021-07-01,0.522162685427574,0.15982013397294775,0.3623425514546263,0.522162685427574
2021-07-02,0.7500081663913916,-0.020248522705884037,0.7702566890972756,-0.7500081663913916
2021-07-06,-0.2021856059824189,-0.13059826308415323,-0.07158734289826565,0.2021856059824189
2021-07-07,0.3358975310182588,-0.01734354836052837,0.3532410793787872,-0.3358975310182588
2021-07-08,-0.8561024934316985,-0.09125424434206755,-0.764848249089631,0.8561024934316985
2021-07-09,1.1277947808795874,0.32169903665674904,0.8060957442228384,1.1277947808795874
2021-07-12,0.3451174331237094,0.10223686499715395,0.24288056812655545,0.3451174331237094
2021-07-13,-0.3516812658565627,0.21753362454111785,-0.5692148903976806,-0.3516812658565627
2021-07-14,0.1164934575244691,-0.1005134599167706,0.2170069174412397,-0.1164934575244691
2021-07-15,-0.3262240854172371,-0.07665267638636013,-0.24957140903087693,0.3262240854172371
2021-07-16,-0.7538854211077806,0.08392938079382606,-0.8378148019016066,-0.7538854211077806
2021-07-19,-1.5869512427409305,-0.3752167211727357,-1.2117345215681947,1.5869512427409305
2021-07-20,1.5162609437855634,0.10336893526988294,1.4128920085156804,1.5162609437855634
2021-07-21,0.8241819990835397,0.25850427455224345,0.5656777245312963,0.8241819990835397
2021-07-22,0.2016669958327943,-0.05325680264592075,0.25492379847871505,-0.2016669958327943
2021-07-23,1.0145452020822845,0.17339644838883495,0.8411487536934495,1.0145452020822845
2021-07-26,0.2382199862628331,0.03429844172112875,0.20392154454170436,0.2382199862628331
2021-07-27,-0.4712444807091209,-0.10110479747799653,-0.37013968323112434,0.4712444807091209
2021-07-28,-0.0186261882653915,0.07145904527146146,-0.09008523353685297,-0.0186261882653915
2021-07-29,0.4206152980007482,0.10406195182819378,0.31655334617255443,0.4206152980007482
2021-07-30,-0.540604805147693,-0.06583996594441124,-0.47476483920328183,0.540604805147693
2021-08-02,-0.1842805614891363,-0.10254301335302893,-0.08173754813610737,0.1842805614891363
2021-08-03,0.82034265474622,0.027682648695979722,0.7926600060502403,0.82034265474622
2021-08-04,-0.4632387901412294,0.052519189527537036,-0.5157579796687664,-0.4632387901412294
2021-08-05,0.6005446813494242,0.23438929287428828,0.3661553884751359,0.6005446813494242
2021-08-06,0.1675266241764728,0.26933303620540383,-0.10180641202893104,0.1675266241764728
2021-08-09,-0.0939908274197431,0.15647009486995592,-0.250460922289699,-0.0939908274197431
2021-08-10,0.0992679334170132,0.16013631974324555,-0.06086838632623234,0.0992679334170132
2021-08-11,0.127574378768247,0.037002509288399044,0.09057186947984797,0.127574378768247
2021-08-12,0.4146380281677686,0.11057851707234329,0.30405951109542534,0.4146380281677686
2021-08-13,0.1607306655808216,-0.07804629845488922,0.23877696403571083,-0.1607306655808216
2021-08-16,0.2620850702215849,-0.030676813407912007,0.2927618836294969,-0.2620850702215849
2021-08-17,-0.706069881494753,0.09169574651900103,-0.7977656280137541,-0.706069881494753
2021-08-18,-1.0748470745585936,0.024573207745405,-1.0994202823039987,-1.0748470745585936
2021-08-19,0.1256692232909584,-0.09134098073898819,0.21701020402994659,-0.1256692232909584
2021-08-20,0.8141567655737925,0.11085010903613735,0.7033066565376551,0.8141567655737925
2021-08-23,0.8523790364248329,0.040482769983768124,0.8118962664410648,0.8523790364248329
2021-08-24,0.1495736301319494,0.1777817811996409,-0.028208151067691478,0.1495736301319494
2021-08-25,0.2220118224179668,0.1933120614339049,0.028699760984061906,0.2220118224179668
2021-08-26,-0.5824918819612557,0.05449054916216506,-0.6369824311234207,-0.5824918819612557
2021-08-27,0.8807632480425154,-0.05371681000372178,0.9344800580462371,-0.8807632480425154
2021-08-30,0.4306570844779589,-0.007853774801400065,0.43851085927935896,-0.4306570844779589
2021-08-31,-0.1349116039505049,0.09777839578455444,-0.23268999973505933,-0.1349116039505049
2021-09-01,0.0311688625761918,0.10309979452217438,-0.07193093194598257,0.0311688625761918
2021-09-02,0.2842638410522902,0.027295777739973243,0.2569680633123169,0.2842638410522902
2021-09-03,-0.0335031125715312,0.18943132978740335,-0.22293444235893456,-0.0335031125715312
2021-09-07,-0.3395574405981705,0.18837998486837676,-0.5279374254665472,-0.3395574405981705
2021-09-08,-0.1318566739775151,-0.018826358042062674,-0.11303031593545243,0.1318566739775151
2021-09-09,-0.4605608657393345,-0.05941013709718328,-0.40115072864215123,0.4605608657393345
2021-09-10,-0.7722578759925436,0.12880930504674448,-0.9010671810392881,-0.7722578759925436
2021-09-13,0.227648761845689,-0.05358903962743053,0.2812378014731195,-0.227648761845689
2021-09-14,-0.574663850657553,-0.08805917560561898,-0.486604675051934,0.574663850657553
2021-09-15,0.8473996979569742,0.12098830534707283,0.7264113926099014,0.8473996979569742
2021-09-16,-0.1551140448935006,0.15196703185085209,-0.3070810767443527,-0.1551140448935006
2021-09-17,-0.9110872450405094,0.08316322783372099,-0.9942504728742304,-0.9110872450405094
2021-09-20,-1.697731100841482,-0.20177745751417936,-1.4959536433273026,1.697731100841482
2021-09-21,-0.0812358516559363,-0.010880039182186718,-0.07035581247374958,0.0812358516559363
2021-09-22,0.9519611195260236,0.04445158063222951,0.907509538893794,0.9519611195260236
2021-09-23,1.2134715784494876,0.29580869969007884,0.9176628787594088,1.2134715784494876
2021-09-24,0.1461009046688222,0.23697563023326068,-0.09087472556443849,0.1461009046688222
2021-09-27,-0.2776382621339612,0.1033007013002602,-0.3809389634342214,-0.2776382621339612
2021-09-28,-2.0364110556098214,0.11956012964003376,-2.155971185249855,-2.0364110556098214
2021-09-29,0.1569184219400332,-0.008821943150638056,0.16574036509067125,-0.1569184219400332
2021-09-30,-1.1909714125195148,-0.1316395678351868,-1.059331844684328,1.1909714125195148
2021-10-01,1.149147763018199,-0.10769204790785428,1.2568398109260532,-1.149147763018199
2021-10-04,-1.2985898136748442,0.004582007082454542,-1.3031718207572986,-1.2985898136748442
2021-10-05,1.052451466060922,0.14293236321735336,0.9095191028435687,1.052451466060922
2021-10-06,0.4102792854185466,0.02342508626146511,0.38685419915708147,0.4102792854185466
2021-10-07,0.8298280656405366,0.18740177635114597,0.6424262892893906,0.8298280656405366
2021-10-08,-0.1913723094788988,0.11250283168438163,-0.3038751411632804,-0.1913723094788988
2021-10-12,-0.2416780558542108,0.03529159283852537,-0.27696964869273616,-0.2416780558542108
2021-10-13,0.302251448379387,0.009707401474160576,0.2925440469052264,0.302251448379387
2021-10-14,1.706310194558336,-0.0459925868689641,1.7523027814273002,-1.706310194558336
2021-10-15,0.7460210377712606,0.339129991339932,0.4068910464313286,0.7460210377712606
2021-10-18,0.337476955709759,0.13386401425274183,0.20361294145701717,0.337476955709759
2021-10-19,0.7393339551406308,0.17067498700531253,0.5686589681353182,0.7393339551406308
2021-10-20,0.3664029804016699,0.06903012949511836,0.2973728509065515,0.3664029804016699
2021-10-21,0.2995871849622578,0.2623638172517115,0.037223367710546296,0.2995871849622578
2021-10-22,-0.1072553627413097,0.0988607345149577,-0.2061160972562674,-0.1072553627413097
2021-10-25,0.4748196569493546,0.024966089744630104,0.44985356720472447,0.4748196569493546
2021-10-26,0.1819795253519718,0.05730989572164724,0.12466962963032455,0.1819795253519718
2021-10-27,-0.5051568068462853,-0.09024013958128646,-0.4149166672649988,0.5051568068462853
2021-10-28,0.9829281576461124,0.14471886728510747,0.838209290361005,0.9829281576461124
2021-10-29,0.1949334719149265,-0.008860525913922751,0.20379399782884924,-0.1949334719149265
2021-11-01,0.1800077143134126,0.18475835380159095,-0.00475063948817836,0.1800077143134126
2021-11-02,0.3680363085413196,-0.0438662568677928,0.4119025654091124,-0.3680363085413196
2021-11-03,0.6461279195357994,0.2082719577503283,0.4378559617854711,0.6461279195357994
2021-11-04,0.4181942361150437,-0.1928433592667197,0.6110375953817634,-0.4181942361150437
2021-11-05,0.3732799652949259,-0.15500333915320177,0.5282833044481277,-0.3732799652949259
2021-11-08,0.0887787911303616,0.3212254293038216,-0.23244663817345998,0.0887787911303616
2021-11-09,-0.3498775895770745,-0.14052440383796372,-0.20935318573911077,0.3498775895770745
2021-11-10,-0.8225823395229703,0.47145478339985986,-1.2940371229228302,-0.8225823395229703
2021-11-12,0.7222656026415475,0.16265442313259523,0.5596111795089522,0.7222656026415475
2021-11-15,-0.0010739820344718,0.1929537330731888,-0.1940277151076606,-0.0010739820344718
2021-11-16,0.3865229864862485,0.09468745726127775,0.29183552922497075,0.3865229864862485
2021-11-17,-0.2601625374463401,-0.04491515057073181,-0.2152473868756083,0.2601625374463401
2021-11-18,0.3384780215271332,0.034154620133625496,0.30432340139350766,0.3384780215271332
2021-11-19,-0.1398665559303236,-0.06576682954261669,-0.07409972638770691,0.1398665559303236
2021-11-22,-0.3197136556321922,0.46045365756390394,-0.7801673131960961,-0.3197136556321922
2021-11-23,0.1657132912945114,0.07008906336605181,0.0956242279284596,0.1657132912945114
2021-11-24,0.2293850635722183,0.04888395846562463,0.18050110510659367,0.2293850635722183
2021-11-26,-2.2724822637582465,-0.7501228289330794,-1.5223594348251672,2.2724822637582465
2021-11-29,1.3200199537034996,0.09522818997278076,1.2247917637307189,1.3200199537034996
2021-11-30,-1.896131033450521,-0.27539560788854034,-1.6207354255619806,1.896131033450521
2021-12-01,-1.1815187417889228,-0.05997894310633517,-1.1215397986825877,1.1815187417889228
2021-12-02,1.419443613158311,0.0669127310508934,1.3525308821074176,1.419443613158311
2021-12-03,-0.8448563730297565,-0.402072775272556,-0.44278359775720044,0.8448563730297565
2021-12-06,1.1730872577451423,0.20648189385543997,0.9666053638897023,1.1730872577451423
2021-12-07,2.0707080374404274,0.2110741444875513,1.8596338929528762,2.0707080374404274
2021-12-08,0.3085285312316665,0.08176715454910577,0.22676137668256074,0.3085285312316665
2021-12-09,-0.7181080169894716,-0.03257614525179234,-0.6855318717376793,0.7181080169894716
2021-12-10,0.9549073338481762,-0.03913619569139781,0.994043529539574,-0.9549073338481762
2021-12-13,-0.9136167611567658,-0.14327061399565133,-0.7703461471611145,0.9136167611567658
2021-12-14,-0.7470677577436025,0.0629575203975582,-0.8100252781411607,-0.7470677577436025
2021-12-15,1.6348464630746795,0.14333773660065768,1.4915087264740219,1.6348464630746795
2021-12-16,-0.8743415379980468,-0.15214786104652087,-0.7221936769515259,0.8743415379980468
2021-12-17,-1.0287680637092622,-0.032432323664288915,-0.9963357400449733,1.0287680637092622
2021-12-20,-1.138805785140995,0.010549377355796086,-1.149355162496791,-1.138805785140995
2021-12-21,1.7777934551572503,0.2237304441878365,1.5540630109694138,1.7777934551572503
2021-12-22,1.0180197220578835,-0.0429462421521907,1.0609659642100742,-1.0180197220578835
2021-12-23,0.6223699921661829,0.20545261119084562,0.4169173809753373,0.6223699921661829
2021-12-27,1.383893524747526,0.10481450479317314,1.2790790199543527,1.383893524747526
2021-12-28,-0.1010154848626099,0.044219680042766385,-0.1452351649053763,-0.1010154848626099
2021-12-29,0.1401895139427011,0.22932454350029763,-0.08913502955759653,0.1401895139427011
2021-12-30,-0.2989755594509313,-0.04807922549580407,-0.2508963339551272,0.2989755594509313
2021-12-31,-0.2626179913657545,0.06330580859028007,-0.32592379995603454,-0.2626179913657545
2022-01-03,0.6374052530970564,0.4301345025909726,0.20727075050608385,0.6374052530970564
2022-01-04,-0.0629621957060511,0.12009683322676207,-0.18305902893281317,-0.0629621957060511
2022-01-05,-1.9392757790687165,0.2612964211214736,-2.20057220019019,-1.9392757790687165
2022-01-06,-0.0963769016207649,0.17237609728118625,-0.26875299890195115,-0.0963769016207649
2022-01-07,-0.4050216740091761,0.09348983953866258,-0.4985115135478387,-0.4050216740091761
2022-01-10,-0.144103125345496,0.1753963506187543,-0.3194994759642503,-0.144103125345496
2022-01-11,0.9159984668711818,-0.06361195694615407,0.9796104238173359,-0.9159984668711818
2022-01-12,0.2817754443029452,0.07203678283756038,0.20973866146538483,0.2817754443029452
2022-01-13,-1.42436152864307,-0.09561103455758227,-1.3287504940854877,1.42436152864307
2022-01-14,0.0819980269748832,0.378865783470197,-0.29686775649531383,0.0819980269748832
2022-01-18,-1.8387945694007368,0.33176298795484277,-2.1705575573555795,-1.8387945694007368
2022-01-19,-0.9689541868338812,-0.16568069026695156,-0.8032734965669297,0.9689541868338812
2022-01-20,-1.103737849414832,0.01955439478295684,-1.1232922441977888,-1.103737849414832
2022-01-21,-1.8914821867908604,-0.42869471156082173,-1.4627874752300387,1.8914821867908604
2022-01-24,0.2771738943381896,-0.1573735918302735,0.4345474861684631,-0.2771738943381896
2022-01-25,-1.2171906253646725,-0.008221674032466542,-1.208968951332206,1.2171906253646725
2022-01-26,-0.1496635847751837,0.2288462677091911,-0.3785098524843748,-0.1496635847751837
2022-01-27,-0.538408875771057,-0.12708052823654745,-0.41132834753450953,0.538408875771057
2022-01-28,2.434764688807612,-0.2158037391198738,2.650568427927486,-2.434764688807612
2022-01-31,1.888595173277952,0.03515781141901553,1.8534373618589366,1.888595173277952
2022-02-01,0.686300355780145,0.042793955551813256,0.6435064002283317,0.686300355780145
2022-02-02,0.942251544733641,-0.11653830114734656,1.0587898458809877,-0.942251544733641
2022-02-03,-2.4391082077444004,0.11355061677627493,-2.5526588245206754,-2.4391082077444004
2022-02-04,0.5156929864423399,0.46902230779638326,0.04667067864595659,0.5156929864423399
2022-02-07,-0.3701712634742948,-0.06079617021380451,-0.3093750932604903,0.3701712634742948
2022-02-08,0.8401207191663262,0.19371632620616253,0.6464043929601637,0.8401207191663262
2022-02-09,1.4517207887505543,-0.004604072090454853,1.456324860841009,-1.4517207887505543
2022-02-10,-1.811572566845976,0.6604776173524797,-2.4720501841984555,-1.811572566845976
2022-02-11,-1.896945434456343,-0.555381919112831,-1.3415635153435121,1.896945434456343
2022-02-14,-0.3840596726293221,0.19975327305416585,-0.583812945683488,-0.3840596726293221
2022-02-15,1.576672117072042,0.10815363042077375,1.4685184866512682,1.576672117072042
2022-02-16,0.0881207755895063,-0.20097651561191396,0.28909729120142025,-0.0881207755895063
2022-02-17,-2.117313815219501,-0.29376507971462257,-1.8235487355048785,2.117313815219501
2022-02-18,-0.71661613961429,-0.24560089911225008,-0.47101524050203997,0.71661613961429
2022-02-22,-1.0142945264832837,0.116687491711094,-1.1309820181943777,-1.0142945264832837
2022-02-23,-1.8412122845487653,0.02229459389742605,-1.8635068784461915,-1.8412122845487653
2022-02-24,1.4956856067329216,-0.2732170951289581,1.7689027018618797,-1.4956856067329216
2022-02-25,2.237267765560347,-0.04285057419832344,2.2801183397586704,-2.237267765560347
2022-02-28,-0.2442603440647617,-0.666997511183339,0.42273716711857734,0.2442603440647617
2022-03-01,-1.5473503680411893,-0.6794132127312078,-0.8679371553099815,1.5473503680411893
2022-03-02,1.8642691757321028,0.566455539283607,1.2978136364484958,1.8642691757321028
2022-03-03,-0.5254666430088317,-0.06993117523935011,-0.4555354677694816,0.5254666430088317
2022-03-04,-0.7934042550334475,-0.49240277239258556,-0.3010014826408619,0.7934042550334475
2022-03-07,-2.951815831344917,-0.02215987663620167,-2.9296559547087155,2.951815831344917
2022-03-08,-0.723375351819977,0.14961417299003155,-0.8729895248100086,-0.723375351819977
2022-03-09,2.569824789143582,0.1306879172412322,2.43913687190235,2.569824789143582
2022-03-10,-0.4291813651667864,0.0481403370575918,-0.4773217022243782,-0.4291813651667864
2022-03-11,-1.2961545123475138,-0.026154778663868228,-1.2699997336836455,1.2961545123475138
2022-03-14,-0.7421002465963666,0.4175442196382173,-1.159644466234584,-0.7421002465963666
2022-03-15,2.140857417087094,-0.13253705099871704,2.273394468085811,-2.140857417087094
2022-03-16,2.238376135718223,0.21428170460807905,2.024094431110144,2.238376135718223
2022-03-17,1.234781757145198,-0.053550456864144946,1.288332214009343,-1.234781757145198
2022-03-18,1.1662294827948785,-0.11784384421391599,1.2840733270087945,-1.1662294827948785
2022-03-21,-0.0434660362103933,0.7271564352831357,-0.770622471493529,-0.0434660362103933
2022-03-22,1.13041136006502,0.2006458537855234,0.9297655062794967,1.13041136006502
2022-03-23,-1.2272698789159042,-0.2667837064545969,-0.9604861724613073,1.2272698789159042
2022-03-24,1.434391292056647,0.04696478158940731,1.3874265104672396,1.434391292056647
2022-03-25,0.5066170567449069,0.6709567482078803,-0.16433969146297345,0.5066170567449069
2022-03-28,0.7144955276586762,0.07676929523004111,0.637726232428635,0.7144955276586762
2022-03-29,1.2256547427530462,-0.08000516670543661,1.3056599094584829,-1.2256547427530462
2022-03-30,-0.629370017469788,-0.18664653962000066,-0.4427234778497874,0.629370017469788
2022-03-31,-1.5652540713177343,-0.11369041199257399,-1.4515636593251604,1.5652540713177343
2022-04-01,0.3410222584358413,0.501962353766799,-0.1609400953309577,0.3410222584358413
2022-04-04,0.8090938687879357,0.09622244970122329,0.7128714190867124,0.8090938687879357
2022-04-05,-1.2551720801807331,0.4477217702457393,-1.7028938504264723,-1.2551720801807331
2022-04-06,-0.9716916613271898,0.1407725881887179,-1.1124642495159076,-0.9716916613271898
2022-04-07,0.4253385628492534,0.0627095685968842,0.3626289942523692,0.4253385628492534
2022-04-08,-0.2651026482054286,0.2645597238275448,-0.5296623720329734,-0.2651026482054286
2022-04-11,-1.687729010355421,0.06981146035903785,-1.7575404707144588,-1.687729010355421
2022-04-12,-0.3417447717741773,-0.41547806811068794,0.07373329633651066,0.3417447717741773
2022-04-13,1.1174577597236055,-0.08882532856572448,1.20628308828933,-1.1174577597236055
2022-04-14,-1.214413784439794,0.48584698231817647,-1.7002607667579706,-1.214413784439794
2022-04-18,-0.0204868284032988,0.020616888481022888,-0.041103716884321684,-0.0204868284032988
2022-04-19,1.6057604355527166,0.48161037352704644,1.1241500620256701,1.6057604355527166
2022-04-20,-0.061847507158097,-0.19107401502122395,0.12922650786312695,0.061847507158097
2022-04-21,-1.4752948498371945,0.2571826802744612,-1.7324775301116557,-1.4752948498371945
2022-04-22,-2.7740054250753654,-0.018126861142892248,-2.755878563932473,2.7740054250753654
2022-04-25,0.5697936985382235,-0.464518778233207,1.0343124767714305,-0.5697936985382235
2022-04-26,-2.814630843100385,-0.43885386151514116,-2.3757769815852434,2.814630843100385
2022-04-27,0.2098046851701784,0.05226656928868151,0.15753811588149688,0.2098046851701784
2022-04-28,2.474690007293945,0.04691907917185817,2.4277709281220865,2.474690007293945
2022-04-29,-3.628450710641396,0.06001933501873141,-3.6884700456601274,-3.628450710641396
2022-05-02,0.5675242812353654,0.1416159066753936,0.42590837455997177,0.5675242812353654
2022-05-03,0.4837126381486367,-0.06158707194807625,0.545299710096713,-0.4837126381486367
2022-05-04,2.986242108440229,-0.37982881683718306,3.366070925277412,-2.986242108440229
2022-05-05,-3.5649708609806985,0.243984774555275,-3.8089556355359733,-3.5649708609806985
2022-05-06,-0.5674224842484032,0.06273455136504291,-0.6301570356134462,-0.5674224842484032
2022-05-09,-3.2037100632356763,-0.566346913401589,-2.637363149834087,3.2037100632356763
2022-05-10,0.2457897449853474,-0.287322759483314,0.5331125044686613,-0.2457897449853474
2022-05-11,-1.646320750393837,-0.27132756945907904,-1.374993180934758,1.646320750393837
2022-05-12,-0.1295964505871771,-0.5043312665924012,0.3747348160052242,0.1295964505871771
2022-05-13,2.386969542307149,0.20600583528642907,2.18096370702072,2.386969542307149
2022-05-16,-0.3946400929555671,-0.2607307083953825,-0.13390938456018464,0.3946400929555671
2022-05-17,2.016963223486368,0.4229287146096384,1.5940345088767298,2.016963223486368
2022-05-18,-4.03952607874526,-0.4062436013101501,-3.6332824774351096,4.03952607874526
2022-05-19,-0.5833781800992588,-0.3260827943124363,-0.2572953857868225,0.5833781800992588
2022-05-20,0.0146141769658436,-0.31274952926505134,0.32736370623089495,-0.0146141769658436
2022-05-23,1.855503993092356,0.1877850874800197,1.6677189056123363,1.855503993092356
2022-05-24,-0.8120797617175213,-0.6382380961148636,-0.17384166560265768,0.8120797617175213
2022-05-25,0.9450764734207696,-0.15919867866131143,1.104275152082081,-0.9450764734207696
2022-05-26,1.98832561672242,-0.12285641082949567,2.1111820275519158,-1.98832561672242
2022-05-27,2.474226295510973,-0.06361551677328592,2.5378418122842588,-2.474226295510973
2022-05-31,-0.6274368617659065,0.3113664139085871,-0.9388032756744936,-0.6274368617659065
2022-06-01,-0.7482768681131846,0.4049956099782356,-1.15327247809142,-0.7482768681131846
2022-06-02,1.8431018038486124,-0.11137677520844189,1.9544785790570542,-1.8431018038486124
2022-06-03,-1.6347313992415624,0.0689088394596879,-1.7036402387012504,-1.6347313992415624
2022-06-06,0.3137400778913113,0.27514187628506925,0.038598201606242055,0.3137400778913113
2022-06-07,0.9523393173235029,-0.13915798175968686,1.0914972990831897,-0.9523393173235029
2022-06-08,-1.079394578593562,0.14298944840793504,-1.222384027001497,-1.079394578593562
2022-06-09,-2.379869397635359,0.05534991886005264,-2.4352193164954117,-2.379869397635359
2022-06-10,-2.9110303335524668,0.6145960797228602,-3.5256264132753268,-2.9110303335524668
2022-06-13,-3.876843066523728,1.1402513206473635,-5.017094387171092,-3.876843066523728
2022-06-14,-0.3773679745995739,0.07957661970308627,-0.45694459430266016,-0.3773679745995739
2022-06-15,1.4592504858983224,-0.9752299387488494,2.434480424647172,-1.4592504858983224
2022-06-16,-3.251195148816344,-0.3970153795468252,-2.854179769269519,3.251195148816344
2022-06-17,0.2200865698254617,-0.15076894758416365,0.37085551740962536,-0.2200865698254617
2022-06-21,2.4477242280086964,0.09637520284567402,2.3513490251630222,2.4477242280086964
2022-06-22,-0.1301572314400645,-0.750195965334874,0.6200387338948095,0.1301572314400645
2022-06-23,0.9532217409177868,-0.3694277261254083,1.322649467043195,-0.9532217409177868
2022-06-24,3.056329358583576,0.07212999957534172,2.984199359008234,3.056329358583576
2022-06-27,-0.2973071533776239,0.16680318691575963,-0.46411034029338355,-0.2973071533776239
2022-06-28,-2.014303607589208,-0.05859781242188539,-1.9557057951673225,2.014303607589208
2022-06-29,-0.0711745409159081,-0.4089601602615006,0.33778561934559254,0.0711745409159081
2022-06-30,-0.8759278267998716,-0.6560980643444708,-0.21982976245540076,0.8759278267998716
2022-07-01,1.0553814029047317,-0.4645894634189166,1.5199708663236482,-1.0553814029047317
2022-07-05,0.1584128514236615,-0.2664104354937166,0.42482328691737814,-0.1584128514236615
2022-07-06,0.3573164290430197,0.4760113717824144,-0.11869494273939474,0.3573164290430197
2022-07-07,1.4964587965241805,0.24145908221401785,1.2549997143101626,1.4964587965241805
2022-07-08,-0.0830271529819071,0.31963983201415314,-0.40266698499606024,-0.0830271529819071
2022-07-11,-1.1527461422777274,-0.3994964780815762,-0.7532496641961512,1.1527461422777274
2022-07-12,-0.9243878717321574,-0.2296391541154771,-0.6947487176166803,0.9243878717321574
2022-07-13,-0.4456902512210092,-0.00234372667578045,-0.4433465245452287,0.4456902512210092
2022-07-14,-0.299863390215227,0.08874016732392204,-0.38860355753914905,-0.299863390215227
2022-07-15,1.920124935943668,-0.14731612087303902,2.067441056816707,-1.920124935943668
2022-07-18,-0.8363571580831342,0.056900962511209185,-0.8932581205943433,-0.8363571580831342
2022-07-19,2.762829164595959,0.2310071513488714,2.531822013247088,2.762829164595959
2022-07-20,0.5895806193263242,0.0773236279366713,0.5122569913896529,0.5895806193263242
2022-07-21,0.986137270919718,-0.6185445787949121,1.60468184971463,-0.986137270919718
2022-07-22,-0.9332466976346708,-0.583753354614255,-0.3494933430204158,0.9332466976346708
2022-07-25,0.131516704796919,0.10863214020587358,0.022884564591045403,0.131516704796919
2022-07-26,-1.154320266205866,-0.005815289808196122,-1.1485049763976698,1.154320266205866
2022-07-27,2.615627378293772,-0.20970503864310927,2.825332416936881,-2.615627378293772
2022-07-28,1.2133338697180918,-0.45920987087966536,1.672543740597757,-1.2133338697180918
2022-07-29,1.4207760082581844,0.05699260134030171,1.3637834069178827,1.4207760082581844
2022-08-01,-0.2823084127197672,-0.16517363788656045,-0.11713477483320675,0.2823084127197672
2022-08-02,-0.6662395550704803,0.6307573888926807,-1.296996943963161,-0.6662395550704803
2022-08-03,1.5638477163140152,0.024245873196067025,1.5396018431179481,1.5638477163140152
2022-08-04,-0.0777340164055839,-0.2506335460638157,0.1728995296582318,0.0777340164055839
2022-08-05,-0.1625746059735533,0.766523858884693,-0.9290984648582463,-0.1625746059735533
2022-08-08,-0.1237550723854119,-0.1956787570374135,0.0719236846520016,0.1237550723854119
2022-08-09,-0.4248692893594086,0.20345405156596444,-0.628323340925373,-0.4248692893594086
2022-08-10,2.1290637641290244,-0.11638087956471718,2.2454446436937414,-2.1290637641290244
2022-08-11,-0.07054739583503,0.2349150829856272,-0.3054624788206572,-0.07054739583503
2022-08-12,1.7322368774566943,-0.0030927198136288803,1.735329597270323,-1.7322368774566943
2022-08-15,0.3969541899851769,-0.19089050205938826,0.5878446920445651,-0.3969541899851769
2022-08-16,0.1875679716581091,0.19505531430019396,-0.0074873426420848654,0.1875679716581091
2022-08-17,-0.7237794954094601,0.249040592372322,-0.9728200877817821,-0.7237794954094601
2022-08-18,0.2269561170191503,-0.10911911500384741,0.3360752320229977,-0.2269561170191503
2022-08-19,-1.2900001139847903,0.310462450404198,-1.6004625643889883,-1.2900001139847903
2022-08-22,-2.14000649197158,0.22191784874087583,-2.3619243407124557,-2.14000649197158
2022-08-23,-0.2237862677713309,-0.0455981269610502,-0.1781881408102807,0.2237862677713309
2022-08-24,0.2916160446301052,0.2598421540352292,0.03177389059487601,0.2916160446301052
2022-08-25,1.4091605518061543,-0.2120719667966971,1.6212325186028513,-1.4091605518061543
2022-08-26,-3.3688058719518743,0.005502021798057644,-3.374307893749932,-3.3688058719518743
2022-08-29,-0.6666355799502699,0.22043258784325526,-0.8870681677935252,-0.6666355799502699
2022-08-30,-1.1028155571448206,-0.013192333361279729,-1.0896232237835408,1.1028155571448206
2022-08-31,-0.7817025105971265,0.01506248054289333,-0.7967649911400199,-0.7817025105971265
2022-09-01,0.2996232024336187,0.32042717392129133,-0.020803971487672657,0.2996232024336187
2022-09-02,-1.0736500458081055,-0.4090506904795443,-0.6645993553285612,1.0736500458081055
2022-09-06,-0.4095056983834944,0.4252980939793122,-0.8348037923628066,-0.4095056983834944
2022-09-07,1.8341016392734,-0.2821726163174437,2.116274255590844,-1.8341016392734
2022-09-08,0.6610721877456038,0.0765338348134455,0.5845383529321584,0.6610721877456038
2022-09-09,1.5271449816332885,0.23177085309289186,1.2953741285403966,1.5271449816332885
2022-09-12,1.05842727693497,0.10129723924320821,0.9571300376917619,1.05842727693497
2022-09-13,-4.32366134006168,0.3635798952094742,-4.687241235271154,-4.32366134006168
2022-09-14,0.3387012085323881,-0.031630039156983925,0.37033124768937203,-0.3387012085323881
2022-09-15,-1.1317739184353417,0.2008777543749864,-1.3326516728103281,-1.1317739184353417
2022-09-16,-0.7182134089448455,-0.1055978203291068,-0.6126155886157387,0.7182134089448455
2022-09-19,0.6857100716286535,0.22736946907087396,0.45834060255777953,0.6857100716286535
2022-09-20,-1.127210309736182,0.13014228209755652,-1.2573525918337385,-1.127210309736182
2022-09-21,-1.7116493600784488,-0.11962789706558423,-1.5920214630128646,1.7116493600784488
2022-09-22,-0.8427580979689431,0.5427918687101569,-1.3855499666791,-0.8427580979689431
2022-09-23,-1.7232619015461026,0.02923392634112948,-1.752495827887232,-1.7232619015461026
2022-09-26,-1.0340526208282077,0.4338618417796196,-1.4679144626078273,-1.0340526208282077
2022-09-27,-0.2120359809242411,0.11404675568127576,-0.3260827366055169,-0.2120359809242411
2022-09-28,1.9672139926234733,-1.1594384276538972,3.1266524202773702,-1.9672139926234733
2022-09-29,-2.1126437880238824,0.12076913013567958,-2.233412918159562,-2.1126437880238824
2022-09-30,-1.5066695771983274,0.13795213301819081,-1.6446217102165182,-1.5066695771983274
2022-10-03,2.5883894952576147,-0.6947811689506709,3.283170664208286,-2.5883894952576147
2022-10-04,3.058370067955152,-0.2645853486626768,3.322955416617829,-3.058370067955152
2022-10-05,-0.2017948757084831,0.329757074681703,-0.5315519503901861,-0.2017948757084831
2022-10-06,-1.0245080846639998,0.1920861351099919,-1.2165942197739916,-1.0245080846639998
2022-10-07,-2.800361778677352,0.1370185183074617,-2.9373802969848137,-2.800361778677352
2022-10-11,-0.6519175777754405,-0.07738625762639906,-0.5745313201490414,0.6519175777754405
2022-10-12,-0.3290773148014958,-0.25781569388203207,-0.07126162091946375,0.3290773148014958
2022-10-13,2.596564246086497,0.35855863103094104,2.2380056150555556,2.596564246086497
2022-10-14,-2.366266361565439,-0.05890395802419074,-2.3073624035412483,2.366266361565439
2022-10-17,2.6480052302171098,-0.15001259948840479,2.7980178297055147,-2.6480052302171098
2022-10-18,1.1427569666488724,-0.18983267679950167,1.3325896434483742,-1.1427569666488724
2022-10-19,-0.6672097293450308,0.408240410257009,-1.0754501396020397,-0.6672097293450308
2022-10-20,-0.7950909706564868,0.2521850562590494,-1.0472760269155361,-0.7950909706564868
2022-10-21,2.372481982226482,-0.43656765871525527,2.8090496409417374,-2.372481982226482
2022-10-24,1.1881976654619877,-0.003864883816951936,1.1920625492789396,-1.1881976654619877
2022-10-25,1.6266654579669917,-0.6090510114146611,2.2357164693816527,-1.6266654579669917
2022-10-26,-0.7387716072364547,-0.28182788795185276,-0.456943719284602,0.7387716072364547
2022-10-27,-0.6082610618211248,-0.4460103872517931,-0.16225067456933173,0.6082610618211248
2022-10-28,2.46263778959277,0.29432968382966684,2.168308105763103,2.46263778959277
2022-10-31,-0.745440410765752,0.32096276889697356,-1.0664031796627256,-0.745440410765752
2022-11-01,-0.4101230608784645,-0.07425586303243781,-0.3358671978460267,0.4101230608784645
2022-11-02,-2.500198485734284,0.14463102227713726,-2.6448295080114215,-2.500198485734284
2022-11-03,-1.058599231542967,0.2339852620960229,-1.29258449363899,-1.058599231542967
2022-11-04,1.3618724670070526,-0.06641011455860163,1.4282825815656541,-1.3618724670070526
2022-11-07,0.9613981920559844,0.19485084769497546,0.7665473443610089,0.9613981920559844
2022-11-08,0.5597892802462701,-0.3427761386308045,0.9025654188770746,-0.5597892802462701
2022-11-09,-2.077788695478977,-0.22686440136249536,-1.8509242941164816,2.077788695478977
2022-11-10,5.543448436034493,-1.2595732754923055,6.803021711526798,-5.543448436034493
2022-11-14,-0.8935777048800997,0.22759757583921197,-1.1211752807193116,-0.8935777048800997
2022-11-15,0.8713116550319144,-0.2900803524140361,1.1613920074459505,-0.8713116550319144
2022-11-16,-0.8252046497990273,-0.3838881590133465,-0.4413164907856808,0.8252046497990273
2022-11-17,-0.3089322835531427,0.35835393043173025,-0.667286213984873,-0.3089322835531427
2022-11-18,0.4758581908814729,0.2508545304243184,0.22500366045715453,0.4758581908814729
2022-11-21,-0.3883688698329779,-0.04425913886701671,-0.3441097309659612,0.3883688698329779
2022-11-22,1.3579987927526016,-0.18119491929000472,1.5391937120426062,-1.3579987927526016
2022-11-23,0.5914689147847652,-0.12001611062662876,0.7114850254113939,-0.5914689147847652
2022-11-25,-0.0283044197633364,-0.13198429620077495,0.10367987643743856,0.0283044197633364
2022-11-28,-1.5444192913123267,0.09199588107808587,-1.6364151723904126,-1.5444192913123267
2022-11-29,-0.1591865337775888,0.17743349300691907,-0.33662002678450786,-0.1591865337775888
2022-11-30,3.0947872397389053,-0.3433949101762731,3.4381821499151783,-3.0947872397389053
2022-12-01,-0.0867633218049834,-0.5808608716529791,0.49409754984799564,0.0867633218049834
2022-12-02,-0.1194660488065602,0.04665349825128137,-0.16611954705784157,-0.1194660488065602
2022-12-05,-1.7894212283564803,0.4760434742048385,-2.265464702561319,-1.7894212283564803
2022-12-06,-1.4399194981406072,-0.3564516808276929,-1.0834678173129142,1.4399194981406072
2022-12-07,-0.1862370884549102,-0.38294339552357826,0.19670630706866807,0.1862370884549102
2022-12-08,0.752178195750397,0.2291510707064563,0.5230271250439407,0.752178195750397
2022-12-09,-0.7349578247904498,0.23540363293871758,-0.9703614577291674,-0.7349578247904498
2022-12-12,1.4279296218109303,0.16167265478823117,1.266256967022699,1.4279296218109303
2022-12-13,0.728966443879342,-0.5773148282040723,1.3062812720834143,-0.728966443879342
2022-12-14,-0.6052724634100337,-0.021575019415835284,-0.5836974439941984,0.6052724634100337
2022-12-15,-2.4921675023714007,-0.136527050594212,-2.3556404517771887,2.4921675023714007
2022-12-16,-1.1137750774080746,-0.03397957218466496,-1.0797955052234096,1.1137750774080746
2022-12-19,-0.9007516001852344,0.35624120042568413,-1.2569928006109186,-0.9007516001852344
2022-12-20,0.1037338361534967,0.2879952889423153,-0.1842614527888186,0.1037338361534967
2022-12-21,1.4867993802734736,-0.07814038850006638,1.56493976877354,-1.4867993802734736
2022-12-22,-1.445169956861636,0.028631206006871884,-1.473801162868508,-1.445169956861636
2022-12-23,0.5868102525282026,0.3355469430364305,0.2512633094917721,0.5868102525282026
2022-12-27,-0.4049622110409712,0.23321776653087745,-0.6381799775718486,-0.4049622110409712
2022-12-28,-1.2020638322615351,0.06870793268160208,-1.2707717649431371,-1.2020638322615351
2022-12-29,1.7461331644819111,-0.05906540873159291,1.805198573213504,-1.7461331644819111
2022-12-30,-0.2540742482344593,0.2525518468790662,-0.5066260951135255,-0.2540742482344593
2023-01-03,-0.4000548879248611,-0.2520097743160938,-0.14804511360876732,0.4000548879248611
2023-01-04,0.7538970575044379,-0.32050988394700763,1.0744069414514454,-0.7538970575044379
2023-01-05,-1.1645528874622113,0.20801419977565164,-1.372567087237863,-1.1645528874622113
2023-01-06,2.284078102943865,-0.7764981560257092,3.060576258969574,-2.284078102943865
2023-01-09,-0.076763254526313,-0.1484530935779397,0.07168983905162671,0.076763254526313
2023-01-10,0.6978233159061986,0.3014041416075797,0.3964191742986189,0.6978233159061986
2023-01-11,1.2849424614881588,-0.23578892873960464,1.5207313902277635,-1.2849424614881588
2023-01-12,0.3415905866365198,-0.3752316637729001,0.7168222504094199,-0.3415905866365198
2023-01-13,0.3996858363534361,0.3816008448488445,0.018084991504591585,0.3996858363534361
2023-01-17,-0.2030491189005223,0.05121989280783423,-0.25426901170835653,-0.2030491189005223
2023-01-18,-1.5562598500411085,-0.5927249270139509,-0.9635349230271576,1.5562598500411085
2023-01-19,-0.7638350296294338,0.12097470535194682,-0.8848097349813806,-0.7638350296294338
2023-01-20,1.8918401045981523,0.33573290721435006,1.5561071973838023,1.8918401045981523
2023-01-23,1.188134498366522,0.2554728724356351,0.932661625930887,1.188134498366522
2023-01-24,-0.0711503125815693,-0.28056092764856977,0.20941061506700048,0.0711503125815693
2023-01-25,-0.0181725059466342,0.01739817958145501,-0.03557068552808921,-0.0181725059466342
2023-01-26,1.1007853469181317,0.2280190004337293,0.8727663464844024,1.1007853469181317
2023-01-27,0.2494840970949097,0.15455582042590948,0.09492827666900022,0.2494840970949097
2023-01-30,-1.296874098468337,0.21061658834583502,-1.507490686814172,-1.296874098468337
2023-01-31,1.4642470285510134,-0.1161639215754185,1.5804109501264318,-1.4642470285510134
2023-02-01,1.045230394459029,-0.4857116257435473,1.5309420202025765,-1.045230394459029
2023-02-02,1.469937324430992,0.06541853859632435,1.4045187858346675,1.469937324430992
2023-02-03,-1.0354610691310495,0.7594219671225376,-1.7948830362535872,-1.0354610691310495
2023-02-06,-0.6140463017754394,0.5380145272075222,-1.1520608289829615,-0.6140463017754394
2023-02-07,1.287251059802652,0.19538510006561877,1.0918659597370333,1.287251059802652
2023-02-08,-1.1080724476164705,-0.10498798034058421,-1.0030844672758863,1.1080724476164705
2023-02-09,-0.8829796177735161,0.1659016746274547,-1.0488812924009707,-0.8829796177735161
2023-02-10,0.2195261775695289,0.22082301862639542,-0.0012968410568665045,0.2195261775695289
2023-02-13,1.1448609342766147,0.009087521317644287,1.1357734129589705,1.1448609342766147
2023-02-14,-0.028041453198746,0.31140341876318267,-0.3394448719619287,-0.028041453198746
2023-02-15,0.2773175690496066,0.1824126145950361,0.09490495445457048,0.2773175690496066
2023-02-16,-1.3788741489130674,0.14002738887199623,-1.5189015377850636,-1.3788741489130674
2023-02-17,-0.2767405825327751,-0.11059702225321041,-0.1661435602795647,0.2767405825327751
2023-02-21,-2.0041234255327334,0.4259315741309563,-2.4300549996636898,-2.0041234255327334
2023-02-22,-0.1573556145886834,-0.07642812944515445,-0.08092748514352896,0.1573556145886834
2023-02-23,0.5329429416074394,-0.11222120230616432,0.6451641439136037,-0.5329429416074394
2023-02-24,-1.0537551485558128,0.39599549498324865,-1.4497506435390615,-1.0537551485558128
2023-02-27,0.307300456716697,-0.06182901270553351,0.36912946942223046,-0.307300456716697
2023-02-28,-0.303600182818553,0.07072633733881922,-0.3743265201573722,-0.303600182818553
2023-03-01,-0.4725264845680033,0.3827043725262802,-0.8552308570942835,-0.4725264845680033
2023-03-02,0.7582194086794392,0.1960286203852557,0.5621907882941835,0.7582194086794392
2023-03-03,1.61477371607488,-0.2745576611316785,1.8893313772065585,-1.61477371607488
2023-03-06,0.0687166769829161,0.12461483884603014,-0.05589816186311404,0.0687166769829161
2023-03-07,-1.5326919115337678,0.21611525369842333,-1.7488071652321913,-1.5326919115337678
2023-03-08,0.141479401368394,0.15573738693731273,-0.014257985568918746,0.141479401368394
2023-03-09,-1.845935787384867,-0.420715181667473,-1.425220605717394,1.845935787384867
2023-03-10,-1.447813845705137,-1.1685005302716402,-0.2793133154334968,1.447813845705137
2023-03-13,-0.1509761003189447,-1.5198334963669238,1.368857396047979,0.1509761003189447
2023-03-14,1.6476655480623936,0.509811896061762,1.1378536520006315,1.6476655480623936
2023-03-15,-0.698088356543769,-0.8920042846070634,0.19391592806329438,0.698088356543769
2023-03-16,1.7562006217166637,0.5017627895937521,1.2544378321229117,1.7562006217166637
2023-03-17,-1.1019457310067593,-1.0932035658698291,-0.008742165136930158,1.1019457310067593
2023-03-20,0.8918403718310097,0.3650007172682566,0.5268396545627532,0.8918403718310097
2023-03-21,1.2982193897784988,0.7683538481479025,0.5298655416305963,1.2982193897784988
2023-03-22,-1.6463223775713631,-0.673601046818401,-0.9727213307529621,1.6463223775713631
2023-03-23,0.2984528733375402,-0.6356481989287585,0.9341010722662987,-0.2984528733375402
2023-03-24,0.5639807253104534,-0.001701548961184629,0.5656822742716381,-0.5639807253104534
2023-03-27,0.1646954305748238,0.7169636049977044,-0.5522681744228806,0.1646954305748238
2023-03-28,-0.1573843495716209,0.22466896133073636,-0.3820533109023573,-0.1573843495716209
2023-03-29,1.423726887983645,0.19858016880206733,1.2251467191815777,1.423726887983645
2023-03-30,0.5715269388667954,0.02807197086807206,0.5434549679987233,0.5715269388667954
2023-03-31,1.443654247176385,-0.20141556932633034,1.6450698165027153,-1.443654247176385
2023-04-03,0.3698846476542394,-0.24738273474182357,0.6172673823960629,-0.3698846476542394
2023-04-04,-0.5796972083329965,-0.4019713302694636,-0.17772587806353296,0.5796972083329965
2023-04-05,-0.2492370531228194,-0.17837802394660823,-0.07085902917621117,0.2492370531228194
2023-04-06,0.3579163094427295,0.10380530246456454,0.25411100697816497,0.3579163094427295
2023-04-10,0.0996302997437581,0.6450873648845958,-0.5454570651408377,0.0996302997437581
2023-04-11,-0.0041352477946232,0.14139737077740694,-0.14553261857203015,-0.0041352477946232
2023-04-12,-0.4134884052006904,-0.16450291757667332,-0.2489854876240171,0.4134884052006904
2023-04-13,1.326268999363811,0.1694401291244529,1.156828870239358,1.326268999363811
2023-04-14,-0.206937347280367,0.4621534252347375,-0.6690907725151045,-0.206937347280367
2023-04-17,0.330615690296554,0.4493954465373673,-0.11877975624081327,0.330615690296554
2023-04-18,0.0855220295973735,0.04041208479805947,0.04510994479931403,0.0855220295973735
2023-04-19,-0.0084261997698065,0.217679897344707,-0.2261060971145135,-0.0084261997698065
2023-04-20,-0.595254815297297,-0.27052195911863447,-0.3247328561786625,0.595254815297297
2023-04-21,0.0903188886957728,0.19873759038469566,-0.10841870168892286,0.0903188886957728
2023-04-24,0.0851579166090354,-0.14688109628339666,0.23203901289243206,-0.0851579166090354
2023-04-25,-1.5810858882773229,-0.7428773495774137,-0.8382085386999092,1.5810858882773229
2023-04-26,-0.3841187197329843,0.18812333550474902,-0.5722420552377333,-0.3841187197329843
2023-04-27,1.956614972249704,0.6300021494079648,1.326612822841739,1.956614972249704
2023-04-28,0.8253202753460531,-0.18792243148023108,1.0132427068262841,-0.8253202753460531
2023-05-01,-0.0386106490207649,0.628716452683391,-0.667327101704156,-0.0386106490207649
2023-05-02,-1.1586262936400304,-0.6278608795601988,-0.5307654140798317,1.1586262936400304
2023-05-03,-0.6998305064656485,-0.249035457390069,-0.4507950490755795,0.6998305064656485
2023-05-04,-0.7218732334382416,-0.2699961690072955,-0.4518770644309461,0.7218732334382416
2023-05-05,1.8474751389515376,0.5562116348508098,1.2912635041007277,1.8474751389515376
2023-05-08,0.0452128664248929,0.4106503543084131,-0.3654374878835202,0.0452128664248929
2023-05-09,-0.4579421277258522,0.09924515425487723,-0.5571872819807294,-0.4579421277258522
2023-05-10,0.4483965263404998,-0.38169003521541883,0.8300865615559186,-0.4483965263404998
2023-05-11,-0.1696623993215906,-0.04699933798148678,-0.12266306134010382,0.1696623993215906
2023-05-12,-0.1583306834556652,0.40525827038508355,-0.5635889538407488,-0.1583306834556652
2023-05-15,0.2958164439133881,0.1792199970746733,0.11659644683871484,0.2958164439133881
2023-05-16,-0.6377683373153031,0.2816484013612251,-0.9194167386765282,-0.6377683373153031
2023-05-17,1.1890829058788244,0.2547698157093301,0.9343130901694943,1.1890829058788244
2023-05-18,0.9445048649426636,0.5006530168791035,0.44385184806356015,0.9445048649426636
2023-05-19,-0.1445867605470607,0.2649786972059761,-0.4095654577530368,-0.1445867605470607
2023-05-22,0.015503469643896,0.13026602334907478,-0.11476255370517878,0.015503469643896
2023-05-23,-1.122202674755013,-0.060664840010380444,-1.0615378347446325,1.122202674755013
2023-05-24,-0.7318600335353365,0.1901653803250836,-0.92202541386042,-0.7318600335353365
2023-05-25,0.8757581265902425,0.6379694219112276,0.23778870467901492,0.8757581265902425
2023-05-26,1.304908677799732,0.05794471847832759,1.2469639593214046,1.304908677799732
2023-05-30,0.0016603268498505,-0.355528106284956,0.3571884331348065,-0.0016603268498505
2023-05-31,-0.6108624209833935,-0.18113917670445925,-0.42972324427893427,0.6108624209833935
2023-06-01,0.9854453563032716,-0.11970126746137208,1.1051466237646437,-0.9854453563032716
2023-06-02,1.4534424705965554,0.617291215733185,0.8361512548633704,1.4534424705965554
2023-06-05,-0.2003581635917739,0.022490128945697796,-0.2228482925374717,-0.2003581635917739
2023-06-06,0.235389630791416,0.22980550450148346,0.005584126289932545,0.235389630791416
2023-06-07,-0.3812009699857288,0.42073146542876505,-0.8019324354144939,-0.3812009699857288
2023-06-08,0.6188642614241457,-0.10495587791816004,0.7238201393423058,-0.6188642614241457
2023-06-09,0.1148059539441082,0.29381860232450363,-0.17901264838039543,0.1148059539441082
2023-06-12,0.9321148810237156,-0.02919645494246223,0.9613113359661779,-0.9321148810237156
2023-06-13,0.6932489951473775,0.5928526946366732,0.10039630051070425,0.6932489951473775
2023-06-14,0.0819425525932171,0.2216101252298847,-0.13966757263666763,0.0819425525932171
2023-06-15,1.217813742034668,-0.38958417131688594,1.607397913351554,-1.217813742034668
2023-06-16,-0.3671619528426317,0.3886356112524231,-0.7557975640950547,-0.3671619528426317
2023-06-20,-0.4735107697622864,0.0015392221928146599,-0.47504999195510106,-0.4735107697622864
2023-06-21,-0.5245281583003636,0.07346250732851345,-0.597990665628877,-0.5245281583003636
2023-06-22,0.3710798414438443,0.48834255415545247,-0.11726271271160815,0.3710798414438443
2023-06-23,-0.7658808766684566,-0.14024925204703464,-0.625631624621422,0.7658808766684566
2023-06-26,-0.4486838293256467,-0.05657964175866034,-0.3921041875669864,0.4486838293256467
2023-06-27,1.1455854954693034,0.40491599323558025,0.7406695022337232,1.1455854954693034
2023-06-28,-0.0354076688438342,-0.08263498925986644,0.04722732041603224,0.0354076688438342
2023-06-29,0.4473544672805918,0.756358228589514,-0.30900376130892215,0.4473544672805918
2023-06-30,1.2269004495714109,0.020193885977817835,1.206706563593593,1.2269004495714109
2023-07-03,0.1170677801600961,0.369047332756691,-0.2519795525965949,0.1170677801600961
2023-07-05,-0.1968318413229197,0.32149567866257783,-0.5183275199854975,-0.1968318413229197
2023-07-06,-0.7922511336500904,0.4229880170223127,-1.215239150672403,-0.7922511336500904
2023-07-07,-0.2865100538620324,0.025724889056476963,-0.31223494291850934,-0.2865100538620324
2023-07-10,0.2405026057131332,-0.19733282229069601,0.43783542800382924,-0.2405026057131332
2023-07-11,0.674221105588857,0.10734620817765081,0.5668748974112061,0.674221105588857
2023-07-12,0.7411233485312474,-0.5000641332875352,1.2411874818187827,-0.7411233485312474
2023-07-13,0.8470153458069118,-0.37211107404328614,1.2191264198501979,-0.8470153458069118
2023-07-14,-0.1024407133303539,0.5732693185731151,-0.675710031903469,-0.1024407133303539
2023-07-17,0.3855382514549532,0.0694355028784227,0.3161027485765305,0.3855382514549532
2023-07-18,0.7117275205842377,0.09585408117251454,0.6158734394117231,0.7117275205842377
2023-07-19,0.2357910335732072,-0.006080870728770921,0.2418719043019781,-0.2357910335732072
2023-07-20,-0.6756896218903741,0.46299896094350673,-1.1386885828338809,-0.6756896218903741
2023-07-21,0.0324094521898077,0.12985306101386213,-0.09744360882405442,0.0324094521898077
2023-07-24,0.4034153877153557,0.1394135197586996,0.2640018679566561,0.4034153877153557
2023-07-25,0.2814673351556163,0.30740606551943206,-0.025938730363815776,0.2814673351556163
2023-07-26,-0.0155438896798587,-0.055353481440754984,0.03980959176089628,0.0155438896798587
2023-07-27,-0.6424666064487883,0.6335778440632099,-1.276044450511998,-0.6424666064487883
2023-07-28,0.9877842794752344,-0.07652379739902077,1.0643080768742552,-0.9877842794752344
2023-07-31,0.1468712940519312,0.15792436195620124,-0.011053067904270047,0.1468712940519312
2023-08-01,-0.2665087639215691,0.3778886835640105,-0.6443974474855796,-0.2665087639215691
2023-08-02,-1.3839541336347905,0.07441976220236213,-1.4583738958371526,-1.3839541336347905
2023-08-03,-0.254797384042682,0.4062737190605614,-0.6610711031032435,-0.254797384042682
2023-08-04,-0.5300074155050516,-0.522296942943869,-0.007710472561182624,0.5300074155050516
2023-08-07,0.902409277936278,0.14116547018794412,0.7612438077483339,0.902409277936278
2023-08-08,-0.4218283044793103,-0.12412629164650954,-0.29770201283280073,0.4218283044793103
2023-08-09,-0.7038730380597102,0.1295518178437324,-0.8334248559034426,-0.7038730380597102
2023-08-10,0.0250713944569769,0.3549479147492015,-0.3298765202922246,0.0250713944569769
2023-08-11,-0.1069692370023078,0.3984415705818507,-0.5054108075841585,-0.1069692370023078
2023-08-14,0.5750475751703066,0.30341005488071865,0.27163752028958793,0.5750475751703066
2023-08-15,-1.1550909428841738,0.04526857374570448,-1.2003595166298782,-1.1550909428841738
2023-08-16,-0.7555395210577687,0.33222655513977745,-1.087766076197546,-0.7555395210577687
2023-08-17,-0.7712913029036983,0.043858900465963635,-0.8151502033696619,-0.7712913029036983
2023-08-18,-0.0148706826000877,-0.07147755045232901,0.05660686785224131,0.0148706826000877
2023-08-21,0.6879188518795987,0.3510225892961977,0.336896262583401,0.6879188518795987
2023-08-22,-0.2777466728829614,0.1626854169439725,-0.44043208982693394,-0.2777466728829614
2023-08-23,1.1044879965972587,-0.41040485647739094,1.5148928530746497,-1.1044879965972587
2023-08-24,-1.3457974663146133,0.2163830518410919,-1.5621805181557051,-1.3457974663146133
2023-08-25,0.6717966037625089,0.2288979811699579,0.44289862259255103,0.6717966037625089
2023-08-28,0.6264619755036449,-0.12084938894531014,0.7473113644489551,-0.6264619755036449
2023-08-29,1.450830719454621,-0.29821888048904455,1.7490495999436657,-1.450830719454621
2023-08-30,0.3833182103508026,0.16881266001602924,0.21450555033477336,0.3833182103508026
2023-08-31,-0.1596936512094249,-0.05147274979425345,-0.10822090141517146,0.1596936512094249
2023-09-01,0.1799129260001031,0.3754858591668736,-0.1955729331667705,0.1799129260001031
2023-09-05,-0.4194177587506065,0.4580383417826871,-0.8774561005332936,-0.4194177587506065
2023-09-06,-0.6971599351452862,0.3087314536183383,-1.0058913887636245,-0.6971599351452862
2023-09-07,-0.3211265936186036,-0.10172356902346677,-0.2194030245951368,0.3211265936186036
2023-09-08,0.1426622721640624,0.16471497038023059,-0.022052698216168176,0.1426622721640624
2023-09-11,0.6723453106275201,0.16482534694027107,0.507519963687249,0.6723453106275201
2023-09-12,-0.5695885604828921,0.07780569754889988,-0.647394258031792,-0.5695885604828921
2023-09-13,0.1241632305464701,0.031121875411980054,0.09304135513449005,0.1241632305464701
2023-09-14,0.8429918867167929,0.2985337209007336,0.5444581658160593,0.8429918867167929
2023-09-15,-1.2159612938677844,0.2462693994464747,-1.462230693314259,-1.2159612938677844
2023-09-18,0.0721287697129424,0.14325701124695667,-0.07112824153401427,0.0721287697129424
2023-09-19,-0.2151010615372817,0.2846537120986269,-0.4997547736359086,-0.2151010615372817
2023-09-20,-0.93947947580596,0.12218837428577206,-1.061667850091732,-0.93947947580596
2023-09-21,-1.6400934103219411,0.3923205738566633,-2.0324139841786044,-1.6400934103219411
2023-09-22,-0.229559847719396,-0.09386912429633024,-0.13569072342306576,0.229559847719396
2023-09-25,0.4023065090941635,0.3108789725665397,0.09142753652762381,0.4023065090941635
2023-09-26,-1.4734533990868215,-0.03338578340735515,-1.4400676156794663,1.4734533990868215
2023-09-27,0.0229314060745222,0.28301348083446576,-0.26008207475994355,0.0229314060745222
2023-09-28,0.5893173970516585,-0.1010205122971636,0.6903379093488221,-0.5893173970516585
2023-09-29,-0.2709582086142026,0.0398343472319605,-0.3107925558461631,-0.2709582086142026
2023-10-02,0.0079367555590792,0.4684059874670024,-0.4604692319079232,0.0079367555590792
2023-10-03,-1.3744071674259506,0.3699154000175293,-1.74432256744348,-1.3744071674259506
2023-10-04,0.8109754957160709,-0.3384603823946567,1.1494358781107277,-0.8109754957160709
2023-10-05,-0.1304030159777203,-0.017102950208113588,-0.11330006576960672,0.1304030159777203
2023-10-06,1.1814893014644443,0.2987607190580266,0.8827285824064177,1.1814893014644443
2023-10-10,0.5207990781392224,-0.44980082267424143,0.9705999008134638,-0.5207990781392224
2023-10-11,0.429300817103373,-0.053610228574464174,0.48291104567783716,-0.429300817103373
2023-10-12,-0.624643434611849,0.49098352548892343,-1.1156269601007724,-0.624643434611849
2023-10-13,-0.5018858888767519,-0.1720188802850885,-0.3298670085916634,0.5018858888767519
2023-10-16,1.059436938392988,0.34987201659617184,0.7095649217968162,1.059436938392988
2023-10-17,-0.0098245053082424,0.5313391977757046,-0.541163703083947,-0.0098245053082424
2023-10-18,-1.3399820506516449,0.2251798088419092,-1.5651618594935541,-1.3399820506516449
2023-10-19,-0.8482848196321058,0.07421284438105769,-0.9224976640131635,-0.8482848196321058
2023-10-20,-1.2585283719027562,-0.2545167289264069,-1.0040116429763493,1.2585283719027562
2023-10-23,-0.1685569894163463,-0.18712014697292498,0.01856315755657867,0.1685569894163463
2023-10-24,0.7265792222727274,-0.09082277957955873,0.8174020018522862,-0.7265792222727274
2023-10-25,-1.4339628627712542,0.42148915612956694,-1.855452018900821,-1.4339628627712542
2023-10-26,-1.1832519778109618,-0.3158654505564857,-0.8673865272544761,1.1832519778109618
2023-10-27,-0.4800280229768527,-0.10007195498627039,-0.37995606799058235,0.4800280229768527
2023-10-30,1.2010022325859904,0.19886536076098787,1.0021368718250026,1.2010022325859904
2023-10-31,0.6474957307233353,0.126701477472871,0.5207942532504644,0.6474957307233353
2023-11-01,1.0505999486313922,-0.4236698875551559,1.474269836186548,-1.0505999486313922
2023-11-02,1.885855702012762,-0.09508547974989219,1.980941181762654,-1.885855702012762
2023-11-03,0.9393730253031364,-0.42912150788515,1.3684945331882865,-0.9393730253031364
2023-11-06,0.1752992422035637,0.5266822730011024,-0.3513830307975387,0.1752992422035637
2023-11-07,0.2840118919285261,-0.15481492375919442,0.43882681568772053,-0.2840118919285261
2023-11-08,0.1004915622105251,-0.07301009167618869,0.1735016538867138,-0.1004915622105251
2023-11-09,-0.8083839306732843,0.5924187786580777,-1.400802709331362,-0.8083839306732843
2023-11-10,1.5616441094852496,0.10249841679295699,1.4591456926922926,1.5616441094852496
2023-11-13,-0.0835838933240351,0.10803187108770013,-0.19161576441173522,-0.0835838933240351
2023-11-14,1.9075017703661823,-0.7669006924262738,2.674402462792456,-1.9075017703661823
2023-11-15,0.1597012075557513,0.5130638159947987,-0.3533626084390474,0.1597012075557513
2023-11-16,0.1190427393579884,-0.21972194491861327,0.33876468427660167,-0.1190427393579884
2023-11-17,0.1282049060336021,0.18444707046346592,-0.05624216442986382,0.1282049060336021
2023-11-20,0.7390278097329839,0.0895990677241657,0.6494287420088182,0.7390278097329839
2023-11-21,-0.2020931095065292,0.03766453203533368,-0.23975764154186288,-0.2020931095065292
2023-11-22,0.406112922094648,0.2074560732478966,0.1986568488467514,0.406112922094648
2023-11-24,0.0596873667884079,0.30838427403666163,-0.24869690724825372,0.0596873667884079
2023-11-27,-0.1954157460090089,-0.21543583988880735,0.020020093879798445,0.1954157460090089
2023-11-28,0.0980118530603313,-0.20141691193136926,0.29942876499170057,-0.0980118530603313
2023-11-29,-0.0946248639238311,-0.21493368994058992,0.12030882601675882,0.0946248639238311
2023-11-30,0.3784072858156406,0.5358583120060223,-0.1574510261903817,0.3784072858156406
2023-12-01,0.5873742123607695,-0.5537927619960318,1.1411669743568011,-0.5873742123607695
2023-12-04,-0.5408509126972105,0.4190811939966095,-0.95993210669382,-0.5408509126972105
2023-12-05,-0.0568869726161436,-0.24623975099370804,0.18935277837756442,0.0568869726161436
2023-12-06,-0.3906202808869552,0.038921686164618025,-0.4295419670515732,-0.3906202808869552
2023-12-07,0.7968189065892917,0.132481540963251,0.6643373656260407,0.7968189065892917
2023-12-08,0.4095497869940789,0.5968536077075624,-0.18730382071348345,0.4095497869940789
2023-12-11,0.3924494286698943,0.12931991725426742,0.2631295114156269,0.3924494286698943
2023-12-12,0.459935752021523,0.10419818446378865,0.35573756755773434,0.459935752021523
2023-12-13,1.3650676351045998,-0.7628625391971458,2.1279301743017456,-1.3650676351045998
2023-12-14,0.2647062484699258,-0.3268915591606001,0.5915978076305259,-0.2647062484699258
2023-12-15,-0.00762494933082,0.24462157923040312,-0.2522465285612231,-0.00762494933082
2023-12-18,0.4528344366900416,0.2064890135097064,0.2463454231803352,0.4528344366900416
2023-12-19,0.5866407818910568,0.044784926224786,0.5418558556662708,0.5866407818910568
2023-12-20,-1.4684266911006771,-0.18654375201186896,-1.2818829390888082,1.4684266911006771
2023-12-21,1.030146782120256,0.16698267075281958,0.8631641113674363,1.030146782120256
2023-12-22,0.1660058526886887,0.10908321600672691,0.05692263668196179,0.1660058526886887
2023-12-26,0.4231689465510779,0.0045284817190057725,0.4186404648320721,0.4231689465510779
2023-12-27,0.1430457746478763,-0.2210424305853479,0.36408820523322416,-0.1430457746478763
2023-12-28,0.0370174608043782,0.36571089364882514,-0.32869343284444696,0.0370174608043782
2023-12-29,-0.2826475013374963,0.1697574235057976,-0.45240492484329387,-0.2826475013374963
2024-01-02,-0.5660579005492328,0.47949875213204907,-1.0455566526812818,-0.5660579005492328
2024-01-03,-0.8016314922730805,0.013721914540171909,-0.8153534068132524,-0.8016314922730805
2024-01-04,-0.3428381297357008,0.39416906554716996,-0.7370071952828707,-0.3428381297357008
2024-01-05,0.1825686178802632,0.30025712873468463,-0.11768851085442142,0.1825686178802632
2024-01-08,1.4114629309846638,-0.04909846799240605,1.4605613989770698,-1.4114629309846638
2024-01-09,-0.1477900679908161,0.1512800263357591,-0.29907009432657516,-0.1477900679908161
2024-01-10,0.566597189372442,0.19527338090054147,0.3713238084719005,0.566597189372442
2024-01-11,-0.0671055578386869,-0.22165116196282386,0.15454560412413698,0.0671055578386869
2024-01-12,0.0750975594110414,-0.14922817809499186,0.22432573750603327,-0.0750975594110414
2024-01-16,-0.3731340236743152,0.5272997019415355,-0.9004337256158508,-0.3731340236743152
2024-01-17,-0.5616897183990499,0.3996255883093358,-0.9613153067083857,-0.5616897183990499
2024-01-18,0.8805260963896,0.20306583800492,0.67746025838468,0.8805260963896
2024-01-19,1.2313502764936146,0.23929772927669915,0.9920525472169155,1.2313502764936146
2024-01-22,0.2194325202627078,-0.012366877988497116,0.2317993982512049,-0.2194325202627078
2024-01-23,0.2921374261968035,0.08701897671206082,0.20511844948474267,0.2921374261968035
2024-01-24,0.0811928411783124,0.2747746163674076,-0.1935817751890952,0.0811928411783124
2024-01-25,0.5260365527706368,-0.09273349419647045,0.6187700469671072,-0.5260365527706368
2024-01-26,-0.0651785251076453,0.25902982935993446,-0.3242083544675798,-0.0651785251076453
2024-01-29,0.7556774896180896,-0.14722337343290176,0.9029008630509914,-0.7556774896180896
2024-01-30,-0.0600649934539898,0.20597816599853178,-0.26604315945252155,-0.0600649934539898
2024-01-31,-1.6105744611597972,-0.23463724742852998,-1.3759372137312673,1.6105744611597972
2024-02-01,1.2493688211609788,-0.3087129539446093,1.5580817751055882,-1.2493688211609788
2024-02-02,1.068444607751462,0.7995593388149829,0.2688852689364791,1.068444607751462
2024-02-05,-0.3186337526672189,0.6395476655526362,-0.9581814182198551,-0.3186337526672189
2024-02-06,0.2310410826963593,-0.20160042489320498,0.4326415075895643,-0.2310410826963593
2024-02-07,0.8241457963390042,0.16475711297064718,0.659388683368357,0.8241457963390042
2024-02-08,0.0570583260825152,0.3657815788345367,-0.3087232527520215,0.0570583260825152
2024-02-09,0.5742341525559524,0.21097847653368215,0.36325567602227027,0.5742341525559524
2024-02-12,-0.0948953601132673,0.07230948341240162,-0.16720484352566892,-0.0948953601132673
2024-02-13,-1.3674255653625456,0.7614490693427081,-2.1288746347052534,-1.3674255653625456
2024-02-14,0.957976327501764,-0.1444225293007165,1.1023988568024805,-0.957976327501764
2024-02-15,0.5821250684729495,0.03798316902171922,0.5441418994512304,0.5821250684729495
2024-02-16,-0.4803469837112106,0.40239788984622993,-0.8827448735574406,-0.4803469837112106
2024-02-20,-0.6005322001165325,-0.07807974348235294,-0.5224524566341796,0.6005322001165325
2024-02-21,0.1264199922982101,0.30527728430217677,-0.17885729200396666,0.1264199922982101
2024-02-22,2.112288421741404,0.22146385242629352,1.8908245693151104,2.112288421741404
2024-02-23,0.0347947546211591,-0.09191025604578354,0.12670501066694265,-0.0347947546211591
2024-02-26,-0.3786751350190576,0.1993289279459235,-0.5780040629649811,-0.3786751350190576
2024-02-27,0.1706349699399867,0.2084603731443316,-0.03782540320434491,0.1706349699399867
2024-02-28,-0.1658155060430544,-0.0983425361090969,-0.06747296993395749,0.1658155060430544
2024-02-29,0.5229094697149161,0.07058607557845054,0.4523233941364656,0.5229094697149161
2024-03-01,0.800782894888763,-0.21213039459231683,1.0129132894810797,-0.800782894888763
2024-03-04,-0.1193262070918965,0.3225383260186458,-0.4418645331105423,-0.1193262070918965
2024-03-05,-1.0193100883444606,-0.2455652368626924,-0.7737448514817682,1.0193100883444606
2024-03-06,0.5141103203274655,0.07392251468631642,0.4401878056411491,0.5141103203274655
2024-03-07,1.0304127925951478,-0.040155438188001685,1.0705682307831494,-1.0304127925951478
2024-03-08,-0.6528519003437983,0.06065993482463922,-0.7135118351684375,-0.6528519003437983
2024-03-11,-0.1122238087346461,0.17337035700962858,-0.28559416574427465,-0.1122238087346461
2024-03-12,1.1201787981366396,0.388993939613141,0.7311848585234986,1.1201787981366396
2024-03-13,-0.1924529715340739,0.24217170981067623,-0.43462468134475013,-0.1924529715340739
2024-03-14,-0.2871091562127392,0.4762590895890944,-0.7633682458018336,-0.2871091562127392
2024-03-15,-0.6482917484461503,0.22800650904964703,-0.8762982574957974,-0.6482917484461503
2024-03-18,0.6318059504952345,0.1955164302690438,0.43628952022619066,0.6318059504952345
2024-03-19,0.5649149650123642,-0.07889807920086814,0.6438130442132323,-0.5649149650123642
2024-03-20,0.8904173912846591,-0.12047746058947076,1.0108948518741299,-0.8904173912846591
2024-03-21,0.3236535401516027,0.18261953241634024,0.14103400773526245,0.3236535401516027
2024-03-22,-0.140218784901569,-0.053483800803210996,-0.086734984098358,0.140218784901569
2024-03-25,-0.3054964452501529,0.09697120884507954,-0.40246765409523244,-0.3054964452501529
2024-03-26,-0.2799795225030266,0.13503063816398067,-0.41501016066700724,-0.2799795225030266
2024-03-27,0.8630626525532925,-0.006470192900864258,0.8695328454541568,-0.8630626525532925
2024-03-28,0.1116485507179021,0.21963876559525564,-0.10799021487735354,0.1116485507179021
2024-04-01,-0.2013584540116464,0.6734759602082759,-0.8748344142199224,-0.2013584540116464
2024-04-02,-0.723905907316913,0.13401898461928619,-0.8579248919361991,-0.723905907316913
2024-04-03,0.1091122364688113,0.06655661991227199,0.042555616556539305,0.1091122364688113
2024-04-04,-1.2334336350379616,-0.10080110309178093,-1.1326325319461805,1.2334336350379616
2024-04-05,1.1099194174331697,0.42431340512122095,0.6856060123119487,1.1099194174331697
2024-04-08,-0.0374630998317915,0.2597750286766541,-0.2972381285084456,-0.0374630998317915
2024-04-09,0.1445493193248381,-0.12408414905608914,0.2686334683809273,-0.1445493193248381
2024-04-10,-0.9456980649108492,0.9771011945415078,-1.9227992594523569,-0.9456980649108492
2024-04-11,0.7444797710585593,0.04373113008967322,0.7007486409688861,0.7444797710585593
2024-04-12,-1.455068829580164,-0.17675139267756643,-1.2783174369025976,1.455068829580164
2024-04-15,-1.202135494776202,0.4399690045156895,-1.6421044992918914,-1.202135494776202
2024-04-16,-0.205650701333615,0.21828127507392536,-0.4239319764075403,-0.205650701333615
2024-04-17,-0.5780602724641426,-0.21819810125770697,-0.3598621712064356,0.5780602724641426
2024-04-18,-0.2208160119998248,0.2670207420263109,-0.4878367540261357,-0.2208160119998248
2024-04-19,-0.875854812743615,-0.024940001118992555,-0.8509148116246225,0.875854812743615
2024-04-22,0.8731248071466746,0.06733281304037075,0.8057919941063039,0.8731248071466746
2024-04-23,1.1964576270872662,-0.1492442293062028,1.345701856393469,-1.1964576270872662
2024-04-24,0.0213010061354879,0.2340731071039905,-0.2127721009685026,0.0213010061354879
2024-04-25,-0.4576430353515626,0.34315944700610773,-0.8008024823576703,-0.4576430353515626
2024-04-26,1.020914263474304,0.02331336709638479,0.9976008963779193,1.020914263474304
2024-04-29,0.3178448666589117,0.02381796826069016,0.29402689839822155,0.3178448666589117
2024-04-30,-1.5730513586862171,0.36296223227505436,-1.9360135909612715,-1.5730513586862171
2024-05-01,-0.3435438815494018,-0.20660808907661482,-0.13693579247278698,0.3435438815494018
2024-05-02,0.9128437077573048,-0.19172378037806967,1.1045674881353744,-0.9128437077573048
2024-05-03,1.2556739721478527,-0.18862793942262202,1.4443019115704747,-1.2556739721478527
2024-05-06,1.032612390701182,0.11227828474317736,0.9203341059580046,1.032612390701182
2024-05-07,0.1343429823275066,0.07303104256600174,0.06131193976150487,0.1343429823275066
2024-05-08,-0.0005835618166138,0.1861419357021296,-0.1867254975187434,-0.0005835618166138
2024-05-09,0.5090947698625836,-0.019659636360745997,0.5287544062233296,-0.5090947698625836
2024-05-10,0.1649398844549843,0.3837171346820215,-0.2187772502270372,0.1649398844549843
2024-05-13,-0.0241304055357272,0.02939601636194117,-0.05352642189766837,-0.0241304055357272
2024-05-14,0.4837813139759728,-0.03015861224848254,0.5139399262244553,-0.4837813139759728
2024-05-15,1.171592788259623,-0.23581391150776324,1.4074066997673864,-1.171592788259623
2024-05-16,-0.2081667792128705,0.2757838186960143,-0.48395059790888484,-0.2081667792128705
2024-05-17,0.1164773510270222,0.32962772639672466,-0.21315037536970247,0.1164773510270222
2024-05-20,0.0916389937406947,0.164726119159272,-0.07308712541857729,0.0916389937406947
2024-05-21,0.2501874243978186,0.06890481033491201,0.18128261406290658,0.2501874243978186
2024-05-22,-0.2706123039226127,0.2584966856003341,-0.5291089895229468,-0.2706123039226127
2024-05-23,-0.7380789485015526,0.3184096425714721,-1.0564885910730246,-0.7380789485015526
2024-05-24,0.700104258816947,0.15387126612690505,0.546232992690042,0.700104258816947
2024-05-28,0.0248801852934077,0.334944222702173,-0.3100640374087653,0.0248801852934077
2024-05-29,-0.7367046509680453,0.31071151081592074,-1.047416161783966,-0.7367046509680453
2024-05-30,-0.5975035585443322,-0.11674924809342765,-0.48075431045090455,0.5975035585443322
2024-05-31,0.802787620486467,-0.027640508859131913,0.830428129345599,-0.802787620486467
2024-06-03,0.1116082580673749,-0.2499791122687886,0.3615873703361635,-0.1116082580673749
2024-06-04,0.1502809091306511,-0.1647250133017928,0.31500592243244385,-0.1502809091306511
2024-06-05,1.1847649793331303,-0.061783310287982535,1.2465482896211129,-1.1847649793331303
2024-06-06,-0.0199816635633176,0.10620923547274996,-0.12619089903606756,-0.0199816635633176
2024-06-07,-0.111521973003037,0.7800156541257512,-0.8915376271287883,-0.111521973003037
2024-06-10,0.258085466451452,0.22305703866787047,0.035028427783581506,0.258085466451452
2024-06-11,0.2710381315137455,-0.1794233578224147,0.4504614893361602,-0.2710381315137455
2024-06-12,0.8503672791998707,-0.16777380923465213,1.0181410884345228,-0.8503672791998707
2024-06-13,0.2344655853681709,-0.16166261737380452,0.3961282027419754,-0.2344655853681709
2024-06-14,-0.0393860697500914,0.014412479882396786,-0.05379854963248819,-0.0393860697500914
2024-06-17,0.7664386564552705,0.47148688582228393,0.2949517706329866,0.7664386564552705
2024-06-18,0.2521327394745754,-0.12385359107166904,0.3759863305462444,-0.2521327394745754
2024-06-20,-0.2525931847270901,0.21061769695688407,-0.4632108816839742,-0.2525931847270901
2024-06-21,-0.1562130321101196,0.12112208676658273,-0.27733511887670237,-0.1562130321101196
2024-06-24,-0.3065171894990004,0.13840921986226287,-0.44492640936126326,-0.3065171894990004
2024-06-25,0.3933590015736898,-0.03630079792070168,0.4296597994943915,-0.3933590015736898
2024-06-26,0.1572431200220325,0.4598794798249378,-0.3026363598029053,0.1572431200220325
2024-06-27,0.0907321223891477,0.0442827762765666,0.0464493461125811,0.0907321223891477
2024-06-28,-0.4083652583445674,0.31801786918329483,-0.7263831275278623,-0.4083652583445674
2024-07-01,0.26755639309195,0.5361149613696496,-0.26855856827769964,0.26755639309195
2024-07-02,0.6195317856513505,-0.03867017729038101,0.6582019629417315,-0.6195317856513505
2024-07-03,0.5084444409779065,-0.08719268625346409,0.5956371272313706,-0.5084444409779065
2024-07-05,0.5448765178485582,-0.2698860277509061,0.8147625455994643,-0.5448765178485582
2024-07-08,0.1016698964751094,0.17137290599579627,-0.06970300952068686,0.1016698964751094
2024-07-09,0.0741071936285697,0.1787053557423737,-0.104598162113804,0.0741071936285697
2024-07-10,1.0208065293514812,0.07849626289112879,0.9423102664603524,1.0208065293514812
2024-07-11,-0.8763028841120457,-0.295370991334271,-0.5809318927777747,0.8763028841120457
2024-07-12,0.5517027074430692,-0.011678763862359998,0.5633814713054291,-0.5517027074430692
2024-07-15,0.282620262521549,0.2222647943285625,0.06035546819298648,0.282620262521549
2024-07-16,0.6389375498743188,-0.04086964369334604,0.6798071935676648,-0.6389375498743188
2024-07-17,-1.3927543241993745,0.05972632011391196,-1.4524806443132865,-1.3927543241993745
2024-07-18,-0.7816403936922511,0.25380520718722577,-1.035445600879477,-0.7816403936922511
2024-07-19,-0.7140265531926926,0.2499927095103459,-0.9640192627030385,-0.7140265531926926
2024-07-22,1.079203564940956,0.13951519875578455,0.9396883661851714,1.079203564940956
2024-07-23,-0.1558102589770738,-0.11613672158516625,-0.03967353739190754,0.1558102589770738
2024-07-24,-2.314909375473495,0.06553136637245244,-2.3804407418459474,-2.314909375473495
2024-07-25,-0.5142620237842288,0.09826939695372977,-0.6125314207379586,-0.5142620237842288
2024-07-26,1.1090468702846357,-0.18734959634630208,1.2963964666309378,-1.1090468702846357
2024-07-29,0.0813310129293309,0.0007333778583760442,0.08059763507095485,0.0813310129293309
2024-07-30,-0.4960171878030217,-0.010270199193661927,-0.4857469886093597,0.4960171878030217
2024-07-31,1.57933986591674,-0.18224515559798468,1.7615850215147246,-1.57933986591674
2024-08-01,-1.3693502993456064,-0.44373422461989803,-0.9256160747257083,1.3693502993456064
2024-08-02,-1.838186086869676,-1.0145889000911021,-0.8235971867785739,1.838186086869676
2024-08-05,-2.996879838863975,-0.2722560464339855,-2.7246237924299894,2.996879838863975
2024-08-06,1.0354085880061037,0.38996257726001915,0.6454460107460845,1.0354085880061037
2024-08-07,-0.7734647858502863,0.07255901312176555,-0.8460237989720518,-0.7734647858502863
2024-08-08,2.3042611519136447,0.11693164969064501,2.1873295022229997,2.3042611519136447
2024-08-09,0.4671676849538508,-0.08199012633519266,0.5491578112890435,-0.4671676849538508
2024-08-12,0.0043033977655149,-0.15883433925737858,0.16313773702289347,-0.0043033977655149
2024-08-13,1.6847579753558328,-0.2220415927459621,1.9067995681017949,-1.6847579753558328
2024-08-14,0.38237284285767,0.04961666639826676,0.33275617645940325,0.38237284285767
2024-08-15,1.6133247764330785,0.5745898042398475,1.038734972193231,1.6133247764330785
2024-08-16,0.1989779357261412,-0.011692363857483262,0.21067029958362446,-0.1989779357261412
2024-08-19,0.9722284736913168,0.028778587421507962,0.9434498862698089,0.9722284736913168
2024-08-20,-0.1984555398297116,-0.1468389536929802,-0.051616586136731396,0.1984555398297116
2024-08-21,0.4239676828782013,-0.12861820588657097,0.5525858887647723,-0.4239676828782013
2024-08-22,-0.8932805548120926,0.3594659203684705,-1.252746475180563,-0.8932805548120926
2024-08-23,1.148337085011919,-0.20869472770345196,1.3570318127153709,-1.148337085011919
2024-08-26,-0.3153726693138181,0.12168132190538275,-0.43705399121920085,-0.3153726693138181
2024-08-27,0.1595196086545014,-0.040374847393382485,0.1998944560478839,-0.1595196086545014
2024-08-28,-0.597597320797616,0.08871763577184938,-0.6863149565694653,-0.597597320797616
2024-08-29,-0.0039379068060729,0.2340024219182828,-0.2379403287243557,-0.0039379068060729
2024-08-30,1.0093051774424433,0.26718061482502714,0.7421245626174162,1.0093051774424433
2024-09-03,-2.115107439771169,-0.2113107162687644,-1.9037967235024045,2.115107439771169
2024-09-04,-0.1602543580910387,-0.3923513351179574,0.2320969770269187,0.1602543580910387
2024-09-05,-0.3018017615584734,-0.08971434946994924,-0.21208741208852414,0.3018017615584734
2024-09-06,-1.7260249859284649,-0.20714724387942618,-1.5188777420490387,1.7260249859284649
2024-09-09,1.15800702824842,0.02188764260543266,1.1361193856429874,1.15800702824842
2024-09-10,0.4472672652839682,-0.2550052788794973,0.7022725441634655,-0.4472672652839682
2024-09-11,1.0665025888896509,0.11401663517729455,0.9524859537123563,1.0665025888896509
2024-09-12,0.7495302358939249,0.17526612902637811,0.5742641068675467,0.7495302358939249
2024-09-13,0.5407711405364557,-0.10895924220513128,0.649730382741587,-0.5407711405364557
2024-09-16,0.1256629765661321,-0.02618980160002124,0.15185277816615333,-0.1256629765661321
2024-09-17,0.0264550081098713,0.16282678731538977,-0.13637177920551846,0.0264550081098713
2024-09-18,-0.2896455862498093,0.20624240431407143,-0.4958879905638807,-0.2896455862498093
2024-09-19,1.697685316676334,0.10928167156872687,1.5884036451076071,1.697685316676334
2024-09-20,-0.1941027395123806,0.0020674635202377334,-0.19617020303261834,-0.1941027395123806
2024-09-23,0.2809273058532735,0.16840728663272483,0.11252001922054869,0.2809273058532735
2024-09-24,0.2511178844347039,-0.08745914048143882,0.3385770249161427,-0.2511178844347039
2024-09-25,-0.1861248930141723,0.28511371945642794,-0.4712386124706002,-0.1861248930141723
2024-09-26,0.403867571712313,0.22401049841093545,0.17985707330137757,0.403867571712313
2024-09-27,-0.1253216966990544,-0.12405805767688569,-0.0012636390221687221,0.1253216966990544
2024-09-30,0.4236552581176722,0.4240567557575917,-0.0004014976399195347,0.4236552581176722
2024-10-01,-0.9324107094664358,-0.22862639195973397,-0.7037843175067018,0.9324107094664358
2024-10-02,0.0138390902123974,0.19660635795135245,-0.18276726773895505,0.0138390902123974
2024-10-03,-0.1681413492255035,0.29335258392348423,-0.46149393314898773,-0.1681413492255035
2024-10-04,0.8970249395274354,0.7850792948886969,0.11194564463873857,0.8970249395274354
2024-10-07,-0.9586022165882668,0.2194443391580314,-1.1780465557462982,-0.9586022165882668
2024-10-08,0.9689347495581924,0.00757371782473043,0.961361031733462,0.9689347495581924
2024-10-09,0.7113411987488272,0.07777114391039014,0.6335700548384371,0.7113411987488272
2024-10-10,-0.2070122839989974,0.062280555050460484,-0.2692928390494579,-0.2070122839989974
2024-10-11,0.6051847587953629,-0.06459261667947042,0.6697773754748333,-0.6051847587953629
2024-10-15,-0.7609466332438197,-0.1050301229310005,-0.6559165103128193,0.7609466332438197
2024-10-16,0.4679145956573816,-0.032779503245966735,0.5006940989033484,-0.4679145956573816
2024-10-17,-0.0171160478911747,0.26040249778507796,-0.27751854567625267,-0.0171160478911747
2024-10-18,0.397155273894878,0.008669656550261584,0.3884856173446164,0.397155273894878
2024-10-21,-0.1822769490636977,0.4429917090693454,-0.6252686581330431,-0.1822769490636977
2024-10-22,-0.0474853888384418,0.09219789646721843,-0.13968328530566024,-0.0474853888384418
2024-10-23,-0.9191323428069388,0.2062002617236532,-1.125332604530592,-0.9191323428069388
2024-10-24,0.2145772011323821,-0.03493437584242756,0.24951157697480966,-0.2145772011323821
2024-10-25,-0.0299447169930133,0.1905237086858,-0.22046842567881328,-0.0299447169930133
2024-10-28,0.2651443502033945,0.11684602190477117,0.14829832829862333,0.2651443502033945
2024-10-29,0.1614127248163344,0.013658818306370724,0.14775390650996367,0.1614127248163344
2024-10-30,-0.3300233889343751,0.11874669635368851,-0.4487700852880636,-0.3300233889343751
2024-10-31,-1.8614700871699583,-0.02679719037245626,-1.8346728967975021,1.8614700871699583
2024-11-01,0.4092509543626166,0.3065371249511922,0.10271382941142443,0.4092509543626166
2024-11-04,-0.2812083478299976,-0.22475926030836135,-0.05644908752163624,0.2812083478299976
2024-11-05,1.2265644545291332,-0.06455917165200734,1.2911236261811405,-1.2265644545291332
2024-11-06,2.5295927786425976,0.6115000047734205,1.918092773869177,2.5295927786425976
2024-11-07,0.7431229727488331,-0.28471080004278104,1.027833772791614,-0.7431229727488331
2024-11-08,0.3756833309231711,0.16805140948809655,0.20763192143507453,0.3756833309231711
2024-11-12,-0.289265965137242,0.5624468032668211,-0.8517127684040631,-0.289265965137242
2024-11-13,0.023222772482434,-0.0009391898222013695,0.02416196230463537,-0.023222772482434
2024-11-14,-0.6049734794859041,0.2154257969672414,-0.8203992764531455,-0.6049734794859041
2024-11-15,-1.3203489851361216,0.02136809884096319,-1.341717083977085,-1.3203489851361216
2024-11-18,0.3917814394541086,0.02474913175533322,0.3670323076987754,0.3917814394541086
2024-11-19,0.3963584828470035,-0.033984709920487466,0.43034319276749095,-0.3963584828470035
2024-11-20,0.0021950862252095,0.18845557248625974,-0.18626048626105024,0.0021950862252095
2024-11-21,0.5340461540581654,0.17346958479062766,0.36057656926753767,0.5340461540581654
2024-11-22,0.3467959094991535,0.10159334467752108,0.24520256482163244,0.3467959094991535
2024-11-25,0.3020480305938378,-0.5391390112819142,0.841187041875752,-0.3020480305938378
2024-11-26,0.5722005647630368,0.179667513048396,0.3925330517146408,0.5722005647630368
2024-11-27,-0.3801238017440034,-0.049284432170325715,-0.33083936957367766,0.3801238017440034
2024-11-29,0.5607785488815242,-0.16508579287859484,0.725864341760119,-0.5607785488815242
2024-12-02,0.2448456466299875,0.21956562919346398,0.025280017436523528,0.2448456466299875
2024-12-03,0.0451449114514668,0.21500302976768892,-0.16985811831622213,0.0451449114514668
2024-12-04,0.6051417924264779,-0.05441986673002594,0.6595616591565039,-0.6051417924264779
2024-12-05,-0.1869775626924807,0.1068862008198459,-0.29386376351232657,-0.1869775626924807
2024-12-06,0.2495453842181527,-0.01613723307495668,0.2656826172931094,-0.2495453842181527
2024-12-09,-0.6144213927296471,0.283503139398601,-0.8979245321282481,-0.6144213927296471
2024-12-10,-0.2963883313944371,0.1930007780957771,-0.4893891094902142,-0.2963883313944371
2024-12-11,0.8165786048233592,0.21097602531759824,0.6056025795057609,0.8165786048233592
2024-12-12,-0.5414022527810203,0.311216111980226,-0.8526183647612462,-0.5414022527810203
2024-12-13,-0.00264666391242,0.4370849838137182,-0.4397316477261382,-0.00264666391242
2024-12-16,0.3799354326022186,0.07586288050956233,0.30407255209265627,0.3799354326022186
2024-12-17,-0.3863994965801476,0.1065515126222551,-0.4929510092024027,-0.3863994965801476
2024-12-18,-2.949284635160343,0.34359739210947715,-3.2928820272698203,-2.949284635160343
2024-12-19,-0.0865112324907046,0.07383846480913059,-0.16034969729983517,-0.0865112324907046
2024-12-20,1.0869123768910471,-0.11055242844671,1.1974648053377572,-1.0869123768910471
2024-12-23,0.7287273468533639,0.23644248647366617,0.49228486037969776,0.7287273468533639
2024-12-24,1.104275925539211,0.0865763631705137,1.0176995623686973,1.104275925539211
2024-12-26,-0.0405658786473916,0.09444440789277544,-0.13501028654016706,-0.0405658786473916
2024-12-27,-1.1055736101235558,0.19604712281255254,-1.3016207329361085,-1.1055736101235558
2024-12-30,-1.0701995701766776,-0.24018920415057765,-0.8300103660260999,1.0701995701766776
2024-12-31,-0.4284800394927401,0.15208231084306506,-0.5805623503358052,-0.4284800394927401
2025-01-02,-0.2223886641222194,0.029264686158516268,-0.25165335028073565,-0.2223886641222194
2025-01-03,1.259602672149196,0.20794217198490117,1.051660500164295,1.259602672149196
2025-01-06,0.5538045085450305,0.1279363353537336,0.4258681731912969,0.5538045085450305
2025-01-07,-1.110391288210788,0.21213908940170245,-1.3225303776124906,-1.110391288210788
2025-01-08,0.1560360190925314,0.018088744923679956,0.13794727416885144,0.1560360190925314
2025-01-10,-1.541164380306681,0.4981188622785401,-2.039283242585221,-1.541164380306681
2025-01-13,0.1575444088200761,0.08263253529021286,0.07491187352986323,0.1575444088200761
2025-01-14,0.1146279811244044,-0.039423838866403216,0.1540518199908076,-0.1146279811244044
2025-01-15,1.8312792279639112,-0.39839943074500206,2.229678658708913,-1.8312792279639112
2025-01-16,-0.2112689464192296,-0.12355345651258043,-0.08771548990664918,0.2112689464192296
2025-01-17,0.9991058969353706,0.15791076196107415,0.8411951349742964,0.9991058969353706
2025-01-21,0.8768227105582893,0.03736574008128593,0.8394569704770034,0.8768227105582893
2025-01-22,0.6137941522227575,0.16528535429806818,0.4485087979246893,0.6137941522227575
2025-01-23,0.531348622041139,0.2140955064361691,0.3172531156049699,0.531348622041139
2025-01-24,-0.2855132319398823,0.011418317924032306,-0.2969315498639146,-0.2855132319398823
2025-01-27,-1.4580715690809545,-0.37634009388250755,-1.0817314751984468,1.4580715690809545
2025-01-28,0.9217869449967608,0.16092856408255446,0.7608583809142064,0.9217869449967608
2025-01-29,-0.4678895760321544,0.11111166083193841,-0.5790012368640929,-0.4678895760321544
2025-01-30,0.5275414405311762,-0.04580662269104446,0.5733480632222208,-0.5275414405311762
2025-01-31,-0.5046825754019935,0.29427370725013496,-0.7989562826521284,-0.5046825754019935
2025-02-03,-0.7608597684666707,0.024478882396576765,-0.7853386508632475,-0.7608597684666707
2025-02-04,0.7224881828679752,-0.07999401792639924,0.8024822007943745,-0.7224881828679752
2025-02-05,0.3908672930614365,-0.20693542362595005,0.5978027166873866,-0.3908672930614365
2025-02-06,0.3644298722618622,0.21232995601179774,0.15209991625006444,0.3644298722618622
2025-02-07,-0.9464770111542896,0.32165934528241713,-1.2681363564367067,-0.9464770111542896
2025-02-10,0.6712541085862833,0.1120874181330821,0.5591666904532012,0.6712541085862833
2025-02-11,0.033958278885926,0.1712105819809961,-0.13725230309507008,0.033958278885926
2025-02-12,-0.2723866714385736,0.40717009361304407,-0.6795567650516177,-0.2723866714385736
2025-02-13,1.0426292122230674,-0.24028598071549268,1.28291519293856,-1.0426292122230674
2025-02-14,-0.0071943807494645,-0.11639091973270965,0.10919653898324515,0.0071943807494645
2025-02-18,0.2444987775061191,0.33830920440532997,-0.09381042689921087,0.2444987775061191
2025-02-19,0.2376969389917382,0.024534624982122305,0.21316231400961588,0.2376969389917382
2025-02-20,-0.433418507617167,0.014252607083680674,-0.44767111470084764,-0.433418507617167
2025-02-21,-1.706412670256352,-0.31398216992381844,-1.3924305003325337,1.706412670256352
2025-02-24,-0.4969106504402409,-0.12460725264769129,-0.3723033977925496,0.4969106504402409
2025-02-25,-0.4679730915472357,-0.3217175418376181,-0.14625554970961763,0.4679730915472357
2025-02-26,0.0136024280046997,-0.12119522592194601,0.13479765392664572,-0.0136024280046997
2025-02-27,-1.5864553655509872,0.14070435421909622,-1.7271597197700834,-1.5864553655509872
2025-02-28,1.585414463498891,-0.24375865245895137,1.8291731159578424,-1.585414463498891
2025-03-03,-1.75967394669998,-0.2647677530134657,-1.4949061936865142,1.75967394669998
2025-03-04,-1.2234826602200433,0.1158207683649477,-1.339303428584991,-1.2234826602200433
2025-03-05,1.1159277893187936,0.1960150203901304,0.9199127689286631,1.1159277893187936
2025-03-06,-1.7819007085749905,-0.08035835733033214,-1.7015423512446584,1.7819007085749905
2025-03-07,0.552061780274804,0.10381534263255882,0.4482464376422452,0.552061780274804
2025-03-10,-2.69730913054258,-0.5195863950357389,-2.1777227355068414,2.69730913054258
2025-03-11,-0.7567865323653167,0.16256167569245783,-0.9193482080577745,-0.7567865323653167
2025-03-12,0.4886869929446424,0.19190373075920303,0.2967832621854394,0.4886869929446424
2025-03-13,-1.3890984206835322,-0.2969440972398629,-1.0921543234436693,1.3890984206835322
2025-03-14,2.1265869083087807,0.24644065501822246,1.8801462532905582,2.1265869083087807
2025-03-17,0.6416130719105961,0.09261576123460294,0.5489973106759932,0.6416130719105961
2025-03-18,-1.0653512117636543,-0.08709946951568365,-0.9782517422479706,1.0653512117636543
2025-03-19,1.0798495567894584,-0.16634160440283838,1.2461911611922967,-1.0798495567894584
2025-03-20,-0.2184893152315181,-0.07425720563747878,-0.14423210959403931,0.2184893152315181
2025-03-21,0.0824653447666134,0.038351537550423864,0.04411380721618953,0.0824653447666134
2025-03-24,1.7646000146633645,0.4656026921187293,1.2989973225446352,1.7646000146633645
2025-03-25,0.1574333454425147,-0.16043131932008028,0.317864664762595,-0.1574333454425147
2025-03-26,-1.1156934922627149,0.18097439872000348,-1.2966678909827183,-1.1156934922627149
2025-03-27,-0.3306980860763864,0.09449659065118637,-0.4251946767275728,-0.3306980860763864
2025-03-28,-1.973722070834405,-0.4157893514488158,-1.5579327193855892,1.973722070834405
2025-03-31,0.5538521570653376,-0.10478707356249445,0.6586392306278321,-0.5538521570653376
2025-04-01,0.378123545590836,-0.18342537950434865,0.5615489250951846,-0.378123545590836
2025-04-02,0.6728194715792668,0.14972297164138387,0.5230964999378829,0.6728194715792668
2025-04-03,-4.8395633359901495,-0.8375391541448003,-4.002024181845349,4.8395633359901495
2025-04-04,-5.974960534553109,-0.5173084205011617,-5.457652114051947,5.974960534553109
2025-04-07,-0.2331472492127395,0.0646938889132348,-0.2978411381259743,-0.2331472492127395
2025-04-08,-1.5700524562941354,-0.21783772569066395,-1.3522147306034715,1.5700524562941354
2025-04-09,9.515387644904848,0.4012129975016883,9.11417464740316,9.515387644904848
2025-04-10,-3.4607579584726933,-0.26579387986068137,-3.1949640786120117,3.4607579584726933
2025-04-11,1.809209520170896,0.1912927821596333,1.6179167380112627,1.809209520170896
2025-04-14,0.7944712390868913,-0.6014779635156654,1.3959492026025568,-0.7944712390868913
2025-04-15,-0.1727780890394714,-0.19371340844600507,0.020935319406533676,0.1727780890394714
2025-04-16,-2.24083715440897,-0.43554351378647876,-1.8052936406224913,2.24083715440897
2025-04-17,0.1326838095580207,0.0803117788518134,0.0523720307062073,0.1326838095580207
2025-04-21,-2.3567493023827546,-0.09974059131215574,-2.2570087110705987,2.3567493023827546
2025-04-22,2.5117204723895226,-0.13336898671235747,2.64508945910188,-2.5117204723895226
2025-04-23,1.6661138470960069,-0.026251555228781254,1.692365402324788,-1.6661138470960069
2025-04-24,2.0259113708281262,-0.3369947325353838,2.36290610336351,-2.0259113708281262
2025-04-25,0.7373133469998461,-0.1752460514439609,0.912559398443807,-0.7373133469998461
2025-04-28,0.064070670391314,-0.32782114474655155,0.39189181513786553,-0.064070670391314
2025-04-29,0.5802410694099036,-0.17028298106705522,0.7505240504769588,-0.5802410694099036
2025-04-30,0.147999135976562,-0.18771638696632623,0.3357155229428882,-0.147999135976562
2025-05-01,0.6299102138585644,0.3393719320973882,0.2905382817611762,0.6299102138585644
2025-05-02,1.472657412963474,0.4244561180976775,1.0482012948657964,1.472657412963474
2025-05-05,-0.6381597588933863,0.04246171857030445,-0.6806214774636907,-0.6381597588933863
2025-05-06,-0.7693239651855532,-0.2838984753674844,-0.4854254898180688,0.7693239651855532
2025-05-07,0.4346356233135839,-0.12305241517540974,0.5576880384889936,-0.4346356233135839
2025-05-08,0.5799775094835535,0.4796651052716249,0.10031240421192861,0.5799775094835535
2025-05-09,-0.0711480912216289,-0.04231632182768108,-0.028831769393947826,0.0711480912216289
2025-05-12,3.2558782749008364,0.4286851379369008,2.8271931369639356,3.2558782749008364
2025-05-13,0.7248200983532183,0.2208700636489837,0.5039500347042345,0.7248200983532183
2025-05-14,0.1024415597859818,0.19596038641563174,-0.09351882662964994,0.1024415597859818
2025-05-15,0.4132332074135769,-0.30851694959869524,0.7217501570122722,-0.4132332074135769
2025-05-16,0.7005272294898557,0.05367221344364689,0.6468550160462088,0.7005272294898557
2025-05-19,0.0876113129142375,0.1024067779638646,-0.014795465049627102,0.0876113129142375
2025-05-20,-0.3880229448625205,0.09845290991556932,-0.4864758547780898,-0.3880229448625205
2025-05-21,-1.613513066101424,0.30657926754160875,-1.920092333643033,-1.613513066101424
2025-05-22,-0.0444871037942995,-0.07602275606185033,0.031535652267550826,0.0444871037942995
2025-05-23,-0.6708297825321674,-0.08110110543096774,-0.5897286771011997,0.6708297825321674
2025-05-27,2.04590558452733,-0.30561197525333916,2.3515175597806692,-2.04590558452733
2025-05-28,-0.5571225417268844,0.2051935106111305,-0.7623160523380148,-0.5571225417268844
2025-05-29,0.4011194261904327,-0.13682963636938275,0.5379490625598154,-0.4011194261904327
2025-05-30,-0.0081185161301622,-0.06124012636039167,0.05312161023022947,0.0081185161301622
2025-06-02,0.4102041927156907,0.26184316487619425,0.14836102783949645,0.4102041927156907
2025-06-03,0.5800290454605506,0.09485982144407229,0.4851692240164783,0.5800290454605506
2025-06-04,0.0073687459506643,-0.32918266439265764,0.3365514103433219,-0.0073687459506643
2025-06-05,-0.5277383403094138,0.21245772638808802,-0.7401960666975018,-0.5277383403094138
2025-06-06,1.0280683010067904,0.5617872317359713,0.466281069270819,1.0280683010067904
2025-06-09,0.0919948079285859,-0.04096128252243475,0.13295609045102064,-0.0919948079285859
2025-06-10,0.548298940767844,0.0195294120147963,0.5287695287530477,0.548298940767844
2025-06-11,-0.2743888954607865,-0.2143459122064947,-0.060042983254291776,0.2743888954607865
2025-06-12,0.3822419955717526,-0.14397612193804066,0.5262181175097933,-0.3822419955717526
2025-06-13,-1.1296379879250695,0.24561986808361935,-1.3752578560086888,-1.1296379879250695
2025-06-16,0.9392659896159116,0.1744292908805622,0.7648366987353494,0.9392659896159116
2025-06-17,-0.8352184790166306,-0.22396701596904964,-0.6112514630475809,0.8352184790166306
2025-06-18,-0.0309240210107031,-0.0025198846796998797,-0.02840413633100322,0.0309240210107031
2025-06-20,-0.2178658486505891,-0.06222078609371079,-0.15564506255687832,0.2178658486505891
2025-06-23,0.9606504133156336,-0.18449166702353795,1.1451420803391716,-0.9606504133156336
2025-06-24,1.112172017970181,-0.20816403515994333,1.3203360531301245,-1.112172017970181
2025-06-25,-0.0003286102950417,0.0269349981631731,-0.0272636084582148,-0.0003286102950417
2025-06-26,0.8020121275230219,-0.07575005548700983,0.8777621830100317,-0.8020121275230219
2025-06-27,0.5218970885222163,0.2052095618223434,0.3166875266998729,0.5218970885222163
2025-06-30,0.5164427424532603,-0.06795269595045567,0.584395438403716,-0.5164427424532603
2025-07-01,-0.1118531087121899,0.23151531234030753,-0.34336842105249743,-0.1118531087121899
2025-07-02,0.4745096791088032,0.16696661954160652,0.3075430595671967,0.4745096791088032
2025-07-03,0.8338955206607324,0.38610390786794735,0.447791612792785,0.8338955206607324
2025-07-07,-0.7862297279128794,0.21257055416421594,-0.9988002820770954,-0.7862297279128794
2025-07-08,-0.0715886881094696,0.11686207311598029,-0.1884507612254499,-0.0715886881094696
2025-07-09,0.6062103402663555,-0.18555060089447134,0.7917609411608268,-0.6062103402663555
2025-07-10,0.2746205004445334,0.10784590690978038,0.16677459353475302,0.2746205004445334
2025-07-11,-0.3297522962698473,0.342364751450712,-0.6721170477205594,-0.3297522962698473
2025-07-14,0.1407413809457303,0.06359345176528652,0.07714792918044378,0.1407413809457303
2025-07-15,-0.3956298214731202,0.32359725988958304,-0.7192270813627033,-0.3956298214731202
2025-07-16,0.3193657417327689,-0.16524811689339483,0.4846138586261637,-0.3193657417327689
2025-07-17,0.537376740890938,0.15467355063420724,0.3827031902567308,0.537376740890938
2025-07-18,-0.0090486208684459,-0.054004453178725376,0.04495583231027948,0.0090486208684459
2025-07-21,0.1399134882868358,-0.12894554043591175,0.2688590287227476,-0.1399134882868358
2025-07-22,0.0637531633625787,-0.036142033733036066,0.09989519709561477,-0.0637531633625787
2025-07-23,0.7811886951519131,0.30484581953966705,0.4763428756122461,0.7811886951519131
2025-07-24,0.0698223641654394,0.21858496946014094,-0.14876260529470153,0.0698223641654394
2025-07-25,0.397432777929585,0.024751582971421104,0.3726811949581639,0.397432777929585
2025-07-28,0.0176858108818178,0.1424623156915571,-0.1247765048097393,0.0176858108818178
2025-07-29,-0.2959442388724254,-0.2052827009777066,-0.09066153789471879,0.2959442388724254
2025-07-30,-0.1249432746649681,0.3369044335577606,-0.4618477082227287,-0.1249432746649681
2025-07-31,-0.369481934115301,0.04666709824640841,-0.4161490323617094,-0.369481934115301
2025-08-01,-1.5992133140148468,-0.794679212457784,-0.8045341015570628,1.5992133140148468
2025-08-04,1.473710033091602,0.035161371246145295,1.4385486618454566,1.473710033091602
2025-08-05,-0.4857865996303334,0.11171548977724277,-0.5975020894075762,-0.4857865996303334
2025-08-06,0.7281907295092482,0.012307338828259018,0.7158833906809892,0.7281907295092482
2025-08-07,-0.0797480015480189,0.15395444269669503,-0.23370244424471392,-0.0797480015480189
2025-08-08,0.7799715348974834,0.2650232910124747,0.5149482438850087,0.7799715348974834
2025-08-11,-0.2504127821786328,0.07725650257809438,-0.3276692847567272,-0.2504127821786328
2025-08-12,1.134543584661274,0.07014970838376916,1.0643938762775047,1.134543584661274
2025-08-13,0.3230078882404896,-0.11236391528261894,0.43537180352310856,-0.3230078882404896
2025-08-14,0.0303090801292427,0.35092581273128254,-0.3206167326020398,0.0303090801292427
2025-08-15,-0.2897135097229109,0.20841577933783134,-0.4981292890607422,-0.2897135097229109
2025-08-18,-0.0100763180785445,0.15752143978898092,-0.16759775786752543,-0.0100763180785445
2025-08-19,-0.5858103118756786,-0.04659641581426857,-0.53921389606141,0.5858103118756786
2025-08-20,-0.2431669322826235,0.042323908026019874,-0.28549084030864336,-0.2431669322826235
2025-08-21,-0.4004181529308925,0.2633259745577309,-0.6637441274886233,-0.4004181529308925
2025-08-22,1.5186444876893468,-0.27108119425743615,1.7897256819467828,-1.5186444876893468
2025-08-25,-0.4266385548063467,0.24169810245774992,-0.6683366572640966,-0.4266385548063467
2025-08-26,0.4133995191134998,-0.17684192289561582,0.5902414420091157,-0.4133995191134998
2025-08-27,0.2390984308174415,0.011418317924036109,0.2276801128934054,0.2390984308174415
2025-08-28,0.3156719419534992,0.11324289326527986,0.20242904868821932,0.3156719419534992
2025-08-29,-0.639818429357164,0.05641597238525342,-0.6962344017424175,-0.639818429357164
2025-09-02,-0.6922279936861564,0.31727156125552436,-1.0094995549416808,-0.6922279936861564
2025-09-03,0.5100073627984258,-0.16294452027725917,0.672951883075685,-0.5100073627984258
2025-09-04,0.8346486409699372,-0.06654302267071455,0.9011916636406517,-0.8346486409699372
2025-09-05,-0.3165152978388819,-0.22741762545808056,-0.08909767238080132,0.3165152978388819
2025-09-08,0.2105978915952988,-0.0638104125081532,0.27440830410345196,-0.2105978915952988
2025-09-09,0.2688153653112701,0.26193235248920277,0.006883012822067325,0.2688153653112701
2025-09-10,0.2983469943562689,-0.005118713422752497,0.3034657077790214,-0.2983469943562689
2025-09-11,0.8485890387959882,-0.010397969569956034,0.8589870083659443,-0.8485890387959882
2025-09-12,-0.0482761314667401,0.2944621226441385,-0.3427382541108786,-0.0482761314667401
2025-09-15,0.4706619226962694,0.02316709429279759,0.44749482840347177,0.4706619226962694
2025-09-16,-0.1287930338240261,-0.005625765803141836,-0.12316726802088426,0.1287930338240261
2025-09-17,-0.097016816051032,0.15169543988705575,-0.24871225593808777,-0.097016816051032
2025-09-18,0.4789119185128365,0.30009970715206014,0.17881221136077635,0.4789119185128365
2025-09-19,0.4885418870829605,0.16025159873545486,0.3282902883475056,0.4885418870829605
2025-09-22,0.4410046474333073,0.1798708710425694,0.26113377639073787,0.4410046474333073
2025-09-23,-0.5502159197012135,-0.15309641835741497,-0.3971195013437986,0.5502159197012135
2025-09-24,-0.2846617843333288,0.2502096674996448,-0.5348714518329736,-0.2846617843333288
2025-09-25,-0.500906134312662,0.25196652036105877,-0.7528726546737208,-0.500906134312662
2025-09-26,0.5901836747171263,0.11956614068325461,0.4706175340338717,0.5901836747171263
2025-09-29,0.263554421636214,-0.040022765379535946,0.30357718701575,-0.263554421636214
2025-09-30,0.4090848383371703,0.043184386334951474,0.3659004520022188,0.4090848383371703
2025-10-01,0.3399920834961989,-0.11442201131416832,0.4544140948103672,-0.3399920834961989
2025-10-02,0.0618354723891156,0.024131702814899875,0.03770376957421573,0.0618354723891156
2025-10-03,0.0065512802735812,0.2004634494347365,-0.1939121691611553,0.0065512802735812
2025-10-06,0.3646591979693303,0.014033197878298133,0.3506260000910321,0.3646591979693303
