{
  "evaluation_timestamp": "2025-10-22T23:15:27.366730",
  "statistical_metrics": {
    "mse": 1.177300214767456,
    "rmse": 1.0850346088409424,
    "mae": 0.7719582319259644,
    "mape": 168.72758865356445,
    "r2": -0.00045740604400634766,
    "mean_error": -0.02433810569345951,
    "std_error": 1.0847617387771606
  },
  "financial_metrics": {
    "directional_accuracy": 0.53671875,
    "sharpe_ratio": 0.8329736080938573,
    "max_drawdown": -0.2524605989456177,
    "total_return": 0.9216080904006958,
    "hit_rate": 0.53671875,
    "num_trades": 1280,
    "precision": 0.53671875,
    "recall": 1.0,
    "f1_score": 0.6985256736146417,
    "confusion_matrix": [
      [
        0,
        593
      ],
      [
        0,
        687
      ]
    ],
    "auc_roc": 0.5475329597364694,
    "alpha": 0.0
  },
  "residual_diagnostics": {
    "normality_p_value": 3.6351595609751315e-40,
    "acf_lag1": -0.03599715018343891,
    "skewness": 0.08807927210120124,
    "kurtosis": 6.5315742388897
  },
  "checkpoint_used": "experiments/sweep_stale_h12_drop0.35_lr5/checkpoints/tft-epoch=03-val_loss=0.1435.ckpt"
}