{
  "evaluation_timestamp": "2025-10-30T03:25:47.112154",
  "statistical_metrics": {
    "mse": 1.1763378381729126,
    "rmse": 1.0845911502838135,
    "mae": 0.7739354968070984,
    "mape": 142.98535585403442,
    "r2": 0.0003604888916015625,
    "mean_error": -0.019530998542904854,
    "std_error": 1.0844151973724365
  },
  "financial_metrics": {
    "directional_accuracy": 0.53671875,
    "sharpe_ratio": 0.8329736080938573,
    "max_drawdown": -0.2524605989456177,
    "total_return": 0.9216080904006958,
    "hit_rate": 0.53671875,
    "num_trades": 1280,
    "precision": 0.53671875,
    "recall": 1.0,
    "f1_score": 0.6985256736146417,
    "confusion_matrix": [
      [
        0,
        593
      ],
      [
        0,
        687
      ]
    ],
    "auc_roc": 0.4645831645765371,
    "alpha": 0.0
  },
  "residual_diagnostics": {
    "normality_p_value": 1.382371294144078e-38,
    "acf_lag1": -0.02990117244901359,
    "skewness": -0.03588359397542726,
    "kurtosis": 6.226076306634903
  },
  "mode_stats": {
    "healthy_days": 30,
    "degraded_days": 0,
    "unidirectional_days": 1139,
    "weak_collapse_days": 44,
    "strong_collapse_days": 67,
    "total_days": 1280,
    "healthy_pct": 2.34375,
    "degraded_pct": 0.0,
    "unidirectional_pct": 88.984375,
    "weak_collapse_pct": 3.4375000000000004,
    "strong_collapse_pct": 5.234375
  },
  "collapse_detected": true,
  "degradation_detected": true,
  "checkpoint_used": "experiments/01_staleness_features_fixed/sweep_stale_h12_drop0.35_lr5/checkpoints/tft-epoch=99-val_loss=0.3968.ckpt"
}