{
  "evaluation_timestamp": "2025-10-27T12:03:36.021118",
  "statistical_metrics": {
    "mse": 1.177300214767456,
    "rmse": 1.0850346088409424,
    "mae": 0.7719582915306091,
    "mape": 168.72756481170654,
    "r2": -0.00045740604400634766,
    "mean_error": -0.024338098242878914,
    "std_error": 1.0847617387771606
  },
  "financial_metrics": {
    "directional_accuracy": 0.53671875,
    "sharpe_ratio": 0.8329736080938573,
    "max_drawdown": -0.2524605989456177,
    "total_return": 0.9216080904006958,
    "hit_rate": 0.53671875,
    "num_trades": 1280,
    "precision": 0.53671875,
    "recall": 1.0,
    "f1_score": 0.6985256736146417,
    "confusion_matrix": [
      [
        0,
        593
      ],
      [
        0,
        687
      ]
    ],
    "auc_roc": 0.5475305050921596,
    "alpha": 0.0
  },
  "residual_diagnostics": {
    "normality_p_value": 3.6351607617887646e-40,
    "acf_lag1": -0.03599715175143048,
    "skewness": 0.08807925459030713,
    "kurtosis": 6.5315742388897
  },
  "mode_stats": {
    "healthy_days": 29,
    "degraded_days": 1,
    "unidirectional_days": 442,
    "weak_collapse_days": 797,
    "strong_collapse_days": 11,
    "total_days": 1280,
    "healthy_pct": 2.265625,
    "degraded_pct": 0.078125,
    "unidirectional_pct": 34.53125,
    "weak_collapse_pct": 62.265625,
    "strong_collapse_pct": 0.8593750000000001
  },
  "collapse_detected": true,
  "degradation_detected": true,
  "checkpoint_used": "experiments/01_staleness_features_fixed/sweep_stale_h12_drop0.35_lr5/checkpoints/tft-epoch=03-val_loss=0.1435.ckpt"
}