{
  "evaluation_timestamp": "2025-10-27T12:05:15.701723",
  "statistical_metrics": {
    "mse": 1.2334446907043457,
    "rmse": 1.1106055974960327,
    "mae": 0.8073455095291138,
    "mape": 268.891978263855,
    "r2": -0.048168301582336426,
    "mean_error": 0.23534508049488068,
    "std_error": 1.0853835344314575
  },
  "financial_metrics": {
    "directional_accuracy": 0.46328125,
    "sharpe_ratio": 0.0,
    "max_drawdown": 0.0,
    "total_return": 0.0,
    "hit_rate": 0.0,
    "num_trades": 0,
    "precision": 0.0,
    "recall": 0.0,
    "f1_score": 0.0,
    "confusion_matrix": [
      [
        593,
        0
      ],
      [
        687,
        0
      ]
    ],
    "auc_roc": 0.4684664118745873,
    "alpha": -0.9216080904006958
  },
  "residual_diagnostics": {
    "normality_p_value": 3.763882198899252e-40,
    "acf_lag1": -0.035053021308367585,
    "skewness": 0.07830443089565321,
    "kurtosis": 6.546329845479578
  },
  "mode_stats": {
    "healthy_days": 29,
    "degraded_days": 1,
    "unidirectional_days": 95,
    "weak_collapse_days": 1155,
    "strong_collapse_days": 0,
    "total_days": 1280,
    "healthy_pct": 2.265625,
    "degraded_pct": 0.078125,
    "unidirectional_pct": 7.421875,
    "weak_collapse_pct": 90.234375,
    "strong_collapse_pct": 0.0
  },
  "collapse_detected": true,
  "degradation_detected": true,
  "checkpoint_used": "experiments/01_staleness_features_fixed/sweep_stale_h20_drop0.30_lr3/checkpoints/tft-epoch=02-val_loss=0.1731.ckpt"
}