{
  "evaluation_timestamp": "2025-10-22T23:16:41.045784",
  "statistical_metrics": {
    "mse": 1.2334446907043457,
    "rmse": 1.1106055974960327,
    "mae": 0.8073455095291138,
    "mape": 268.89209747314453,
    "r2": -0.048168301582336426,
    "mean_error": 0.23534516990184784,
    "std_error": 1.0853835344314575
  },
  "financial_metrics": {
    "directional_accuracy": 0.46328125,
    "sharpe_ratio": 0.0,
    "max_drawdown": 0.0,
    "total_return": 0.0,
    "hit_rate": 0.0,
    "num_trades": 0,
    "precision": 0.0,
    "recall": 0.0,
    "f1_score": 0.0,
    "confusion_matrix": [
      [
        593,
        0
      ],
      [
        687,
        0
      ]
    ],
    "auc_roc": 0.4684664118745873,
    "alpha": -0.9216080904006958
  },
  "residual_diagnostics": {
    "normality_p_value": 3.763790114946299e-40,
    "acf_lag1": -0.03505303125453359,
    "skewness": 0.0783047280695081,
    "kurtosis": 6.546331907003669
  },
  "checkpoint_used": "experiments/sweep_stale_h20_drop0.30_lr3/checkpoints/tft-epoch=02-val_loss=0.1731.ckpt"
}