{
  "evaluation_timestamp": "2025-10-30T03:32:11.423327",
  "statistical_metrics": {
    "mse": 1.1780726909637451,
    "rmse": 1.085390567779541,
    "mae": 0.7749071717262268,
    "mape": 132.74028301239014,
    "r2": -0.0011138916015625,
    "mean_error": -0.011149754747748375,
    "std_error": 1.0853333473205566
  },
  "financial_metrics": {
    "directional_accuracy": 0.53671875,
    "sharpe_ratio": 0.8329736080938573,
    "max_drawdown": -0.2524605989456177,
    "total_return": 0.9216080904006958,
    "hit_rate": 0.53671875,
    "num_trades": 1280,
    "precision": 0.53671875,
    "recall": 1.0,
    "f1_score": 0.6985256736146417,
    "confusion_matrix": [
      [
        0,
        593
      ],
      [
        0,
        687
      ]
    ],
    "auc_roc": 0.4661344997803093,
    "alpha": 0.0
  },
  "residual_diagnostics": {
    "normality_p_value": 5.500525398774721e-39,
    "acf_lag1": -0.03206672181791337,
    "skewness": -0.03445076609531378,
    "kurtosis": 6.32166917471892
  },
  "mode_stats": {
    "healthy_days": 30,
    "degraded_days": 0,
    "unidirectional_days": 1034,
    "weak_collapse_days": 119,
    "strong_collapse_days": 97,
    "total_days": 1280,
    "healthy_pct": 2.34375,
    "degraded_pct": 0.0,
    "unidirectional_pct": 80.78125,
    "weak_collapse_pct": 9.296875,
    "strong_collapse_pct": 7.578124999999999
  },
  "collapse_detected": true,
  "degradation_detected": true,
  "checkpoint_used": "experiments/01_staleness_features_fixed/sweep_stale_h20_drop0.30_lr3/checkpoints/tft-epoch=63-val_loss=0.4037.ckpt"
}