{
  "experiment": "sweep2_hidden_20",
  "collapsed": true,
  "collapse_type": "always_positive",
  "predictions": {
    "mean": 0.2060742825269699,
    "std": 0.028828434646129608,
    "min": 0.18806159496307373,
    "max": 0.358915776014328,
    "range": 0.17085418105125427,
    "pct_positive": 100.0,
    "pct_negative": 0.0,
    "num_unique": 1200
  },
  "hidden_size": 20,
  "total_params": 31557,
  "diagnosed_at": "2025-10-21T13:21:01.796780"
}