{
  "evaluation_timestamp": "2025-10-27T12:01:06.152885",
  "statistical_metrics": {
    "mse": 1.2094767093658447,
    "rmse": 1.0997620820999146,
    "mae": 0.7862895131111145,
    "mape": 329.8293352127075,
    "r2": -0.027800559997558594,
    "mean_error": -0.1806931048631668,
    "std_error": 1.0848164558410645
  },
  "financial_metrics": {
    "directional_accuracy": 0.53671875,
    "sharpe_ratio": 0.8329736080938573,
    "max_drawdown": -0.2524605989456177,
    "total_return": 0.9216080904006958,
    "hit_rate": 0.53671875,
    "num_trades": 1280,
    "precision": 0.53671875,
    "recall": 1.0,
    "f1_score": 0.6985256736146417,
    "confusion_matrix": [
      [
        0,
        593
      ],
      [
        0,
        687
      ]
    ],
    "auc_roc": 0.5233105296876956,
    "alpha": 0.0
  },
  "residual_diagnostics": {
    "normality_p_value": 6.243108360783717e-40,
    "acf_lag1": -0.036684527317776286,
    "skewness": 0.08116328826491688,
    "kurtosis": 6.4877854275681806
  },
  "mode_stats": {
    "healthy_days": 29,
    "degraded_days": 1,
    "unidirectional_days": 1108,
    "weak_collapse_days": 142,
    "strong_collapse_days": 0,
    "total_days": 1280,
    "healthy_pct": 2.265625,
    "degraded_pct": 0.078125,
    "unidirectional_pct": 86.5625,
    "weak_collapse_pct": 11.09375,
    "strong_collapse_pct": 0.0
  },
  "collapse_detected": true,
  "degradation_detected": true,
  "checkpoint_used": "experiments/00_baseline_exploration/sweep_dropout_0.2/checkpoints/tft-epoch=00-val_loss=0.1549.ckpt"
}