{
  "evaluation_timestamp": "2025-10-30T03:20:00.975138",
  "statistical_metrics": {
    "mse": 1.1712961196899414,
    "rmse": 1.0822643041610718,
    "mae": 0.7726714015007019,
    "mape": 133.6087465286255,
    "r2": 0.004644870758056641,
    "mean_error": 0.01116117276251316,
    "std_error": 1.0822068452835083
  },
  "financial_metrics": {
    "directional_accuracy": 0.52890625,
    "sharpe_ratio": 0.8316120343488611,
    "max_drawdown": -0.23102398216724396,
    "total_return": 0.8841729164123535,
    "hit_rate": 0.47890625,
    "num_trades": 1142,
    "precision": 0.5367775831873906,
    "recall": 0.8922852983988355,
    "f1_score": 0.6703116457080371,
    "confusion_matrix": [
      [
        64,
        529
      ],
      [
        74,
        613
      ]
    ],
    "auc_roc": 0.5055339955963681,
    "alpha": -0.037435173988342285
  },
  "residual_diagnostics": {
    "normality_p_value": 3.632529934499612e-38,
    "acf_lag1": -0.030302603270516527,
    "skewness": -0.02205811901320474,
    "kurtosis": 6.136869553901205
  },
  "mode_stats": {
    "healthy_days": 399,
    "degraded_days": 204,
    "unidirectional_days": 641,
    "weak_collapse_days": 36,
    "strong_collapse_days": 0,
    "total_days": 1280,
    "healthy_pct": 31.171875,
    "degraded_pct": 15.937499999999998,
    "unidirectional_pct": 50.07812499999999,
    "weak_collapse_pct": 2.8125,
    "strong_collapse_pct": 0.0
  },
  "collapse_detected": true,
  "degradation_detected": true,
  "checkpoint_used": "experiments/00_baseline_exploration/sweep_dropout_0.2/checkpoints/tft-epoch=46-val_loss=0.3943.ckpt"
}