{
  "evaluation_timestamp": "2025-10-27T12:04:08.593879",
  "statistical_metrics": {
    "mse": 1.1784502267837524,
    "rmse": 1.0855644941329956,
    "mae": 0.77229243516922,
    "mape": 173.5050916671753,
    "r2": -0.0014345645904541016,
    "mean_error": -0.035670243203639984,
    "std_error": 1.0849782228469849
  },
  "financial_metrics": {
    "directional_accuracy": 0.53671875,
    "sharpe_ratio": 0.8329736080938573,
    "max_drawdown": -0.2524605989456177,
    "total_return": 0.9216080904006958,
    "hit_rate": 0.53671875,
    "num_trades": 1280,
    "precision": 0.53671875,
    "recall": 1.0,
    "f1_score": 0.6985256736146417,
    "confusion_matrix": [
      [
        0,
        593
      ],
      [
        0,
        687
      ]
    ],
    "auc_roc": 0.5241954289613664,
    "alpha": 0.0
  },
  "residual_diagnostics": {
    "normality_p_value": 1.973380230062231e-40,
    "acf_lag1": -0.03607464711499666,
    "skewness": 0.10327658399536077,
    "kurtosis": 6.5633288102775325
  },
  "mode_stats": {
    "healthy_days": 29,
    "degraded_days": 1,
    "unidirectional_days": 769,
    "weak_collapse_days": 481,
    "strong_collapse_days": 0,
    "total_days": 1280,
    "healthy_pct": 2.265625,
    "degraded_pct": 0.078125,
    "unidirectional_pct": 60.07812500000001,
    "weak_collapse_pct": 37.578125,
    "strong_collapse_pct": 0.0
  },
  "collapse_detected": true,
  "degradation_detected": true,
  "checkpoint_used": "experiments/01_staleness_features_fixed/sweep_stale_h16_drop0.15_lr5/checkpoints/tft-epoch=01-val_loss=0.1464.ckpt"
}