{
  "evaluation_timestamp": "2025-10-22T23:15:51.276730",
  "statistical_metrics": {
    "mse": 1.1784502267837524,
    "rmse": 1.0855644941329956,
    "mae": 0.77229243516922,
    "mape": 173.50505590438843,
    "r2": -0.0014345645904541016,
    "mean_error": -0.0356701985001564,
    "std_error": 1.0849782228469849
  },
  "financial_metrics": {
    "directional_accuracy": 0.53671875,
    "sharpe_ratio": 0.8329736080938573,
    "max_drawdown": -0.2524605989456177,
    "total_return": 0.9216080904006958,
    "hit_rate": 0.53671875,
    "num_trades": 1280,
    "precision": 0.53671875,
    "recall": 1.0,
    "f1_score": 0.6985256736146417,
    "confusion_matrix": [
      [
        0,
        593
      ],
      [
        0,
        687
      ]
    ],
    "auc_roc": 0.524199110927831,
    "alpha": 0.0
  },
  "residual_diagnostics": {
    "normality_p_value": 1.9733792144121524e-40,
    "acf_lag1": -0.036074647539393274,
    "skewness": 0.10327660732924404,
    "kurtosis": 6.5633288102775325
  },
  "checkpoint_used": "experiments/sweep_stale_h16_drop0.15_lr5/checkpoints/tft-epoch=01-val_loss=0.1464.ckpt"
}