{
  "evaluation_timestamp": "2025-10-30T03:27:57.881534",
  "statistical_metrics": {
    "mse": 1.1741790771484375,
    "rmse": 1.0835953950881958,
    "mae": 0.7716441750526428,
    "mape": 144.8093056678772,
    "r2": 0.0021949410438537598,
    "mean_error": 0.002685540821403265,
    "std_error": 1.0835920572280884
  },
  "financial_metrics": {
    "directional_accuracy": 0.53359375,
    "sharpe_ratio": 0.8132435624158431,
    "max_drawdown": -0.24766525626182556,
    "total_return": 0.878225564956665,
    "hit_rate": 0.52421875,
    "num_trades": 1252,
    "precision": 0.5359424920127795,
    "recall": 0.9767103347889374,
    "f1_score": 0.6921093347086128,
    "confusion_matrix": [
      [
        12,
        581
      ],
      [
        16,
        671
      ]
    ],
    "auc_roc": 0.5368086187471004,
    "alpha": -0.04338252544403076
  },
  "residual_diagnostics": {
    "normality_p_value": 2.989207368487709e-39,
    "acf_lag1": -0.03598524918012514,
    "skewness": 0.061145538181157685,
    "kurtosis": 6.356295437034772
  },
  "mode_stats": {
    "healthy_days": 119,
    "degraded_days": 100,
    "unidirectional_days": 1017,
    "weak_collapse_days": 44,
    "strong_collapse_days": 0,
    "total_days": 1280,
    "healthy_pct": 9.296875,
    "degraded_pct": 7.8125,
    "unidirectional_pct": 79.453125,
    "weak_collapse_pct": 3.4375000000000004,
    "strong_collapse_pct": 0.0
  },
  "collapse_detected": true,
  "degradation_detected": true,
  "checkpoint_used": "experiments/01_staleness_features_fixed/sweep_stale_h16_drop0.15_lr5/checkpoints/tft-epoch=97-val_loss=0.3969.ckpt"
}