{
  "period_statistics": {
    "2020": {
      "n_samples": 92,
      "entropy_mean": 2.6680142879486084,
      "entropy_std": 0.28200894594192505,
      "attention_concentration": 0.05661892145872116,
      "top_features": [
        [
          "t-1",
          0.09266109764575958
        ],
        [
          "t-2",
          0.08104397356510162
        ],
        [
          "t-3",
          0.07226718962192535
        ],
        [
          "t-4",
          0.06628870218992233
        ],
        [
          "t-5",
          0.062136195600032806
        ]
      ],
      "mean_attention": [
        0.02258726768195629,
        0.026864076033234596,
        0.028881091624498367,
        0.030513884499669075,
        0.0328417532145977,
        0.03591723367571831,
        0.039410192519426346,
        0.04269039258360863,
        0.045859962701797485,
        0.0483972504734993,
        0.050518009811639786,
        0.05229204148054123,
        0.053854674100875854,
        0.056106213480234146,
        0.05886884406208992,
        0.062136195600032806,
        0.06628870218992233,
        0.07226718962192535,
        0.08104397356510162,
        0.09266109764575958
      ],
      "std_attention": [
        0.026669306680560112,
        0.02979457564651966,
        0.030130023136734962,
        0.029828418046236038,
        0.030306054279208183,
        0.031599320471286774,
        0.03315737098455429,
        0.0342080183327198,
        0.034954287111759186,
        0.035258956253528595,
        0.03558172285556793,
        0.03591156378388405,
        0.036362580955028534,
        0.0371159091591835,
        0.0383407324552536,
        0.04048171639442444,
        0.0443374365568161,
        0.05149437487125397,
        0.0652397871017456,
        0.08666404336690903
      ]
    },
    "2021": {
      "n_samples": 250,
      "entropy_mean": 2.6087002754211426,
      "entropy_std": 0.373145192861557,
      "attention_concentration": 0.05247453227639198,
      "top_features": [
        [
          "t-1",
          0.07414302229881287
        ],
        [
          "t-2",
          0.06691671907901764
        ],
        [
          "t-3",
          0.062040064483881
        ],
        [
          "t-4",
          0.05910791829228401
        ],
        [
          "t-5",
          0.05761342495679855
        ]
      ],
      "mean_attention": [
        0.03108128346502781,
        0.03435968980193138,
        0.0357685424387455,
        0.03700614720582962,
        0.03918524459004402,
        0.041719626635313034,
        0.0441439263522625,
        0.0463387593626976,
        0.048415616154670715,
        0.050233811140060425,
        0.0519326888024807,
        0.053209688514471054,
        0.054569393396377563,
        0.05566698685288429,
        0.0565473809838295,
        0.05761342495679855,
        0.05910791829228401,
        0.062040064483881,
        0.06691671907901764,
        0.07414302229881287
      ],
      "std_attention": [
        0.02850450575351715,
        0.034422967582941055,
        0.03571522235870361,
        0.036037858575582504,
        0.03729494288563728,
        0.03894943743944168,
        0.040652334690093994,
        0.04204636812210083,
        0.04337602108716965,
        0.044537730515003204,
        0.04580306261777878,
        0.04687269404530525,
        0.04856225475668907,
        0.050978679209947586,
        0.053759071975946426,
        0.056896552443504333,
        0.06031941995024681,
        0.06834575533866882,
        0.08454882353544235,
        0.1051650419831276
      ]
    },
    "2022": {
      "n_samples": 249,
      "entropy_mean": 2.7159953117370605,
      "entropy_std": 0.258466899394989,
      "attention_concentration": 0.05581139028072357,
      "top_features": [
        [
          "t-1",
          0.0781957283616066
        ],
        [
          "t-2",
          0.07144542783498764
        ],
        [
          "t-3",
          0.06699763983488083
        ],
        [
          "t-4",
          0.06439809501171112
        ],
        [
          "t-5",
          0.06294893473386765
        ]
      ],
      "mean_attention": [
        0.01924329623579979,
        0.023652484640479088,
        0.026076430454850197,
        0.028440816327929497,
        0.031637437641620636,
        0.03565264120697975,
        0.04026830196380615,
        0.04531977325677872,
        0.0501105971634388,
        0.05436934530735016,
        0.057633496820926666,
        0.059671301394701004,
        0.06068084016442299,
        0.06131955236196518,
        0.061937905848026276,
        0.06294893473386765,
        0.06439809501171112,
        0.06699763983488083,
        0.07144542783498764,
        0.0781957283616066
      ],
      "std_attention": [
        0.022017087787389755,
        0.02198401279747486,
        0.02234572358429432,
        0.023259781301021576,
        0.024561753496527672,
        0.026493972167372704,
        0.02860015071928501,
        0.03074365109205246,
        0.03210334852337837,
        0.032443251460790634,
        0.03196641802787781,
        0.031420961022377014,
        0.03146221116185188,
        0.03244946151971817,
        0.0337325744330883,
        0.03577679023146629,
        0.0389852449297905,
        0.04488992318511009,
        0.05705800652503967,
        0.07867205888032913
      ]
    },
    "2023": {
      "n_samples": 249,
      "entropy_mean": 2.881221055984497,
      "entropy_std": 0.1310390830039978,
      "attention_concentration": 0.051104526966810226,
      "top_features": [
        [
          "t-1",
          0.058930814266204834
        ],
        [
          "t-2",
          0.0579996183514595
        ],
        [
          "t-3",
          0.05747884139418602
        ],
        [
          "t-4",
          0.05725603550672531
        ],
        [
          "t-5",
          0.05701997131109238
        ]
      ],
      "mean_attention": [
        0.03695008531212807,
        0.038577642291784286,
        0.03918642923235893,
        0.04008428007364273,
        0.041666362434625626,
        0.04364532604813576,
        0.04568555951118469,
        0.04754824936389923,
        0.04962434992194176,
        0.05168310925364494,
        0.053365498781204224,
        0.05466725304722786,
        0.055604152381420135,
        0.05628780648112297,
        0.05673854798078537,
        0.05701997131109238,
        0.05725603550672531,
        0.05747884139418602,
        0.0579996183514595,
        0.058930814266204834
      ],
      "std_attention": [
        0.01857227087020874,
        0.01917884312570095,
        0.018759768456220627,
        0.018395831808447838,
        0.018454356119036674,
        0.018826447427272797,
        0.019466016441583633,
        0.019962845370173454,
        0.020840277895331383,
        0.021684205159544945,
        0.02243199199438095,
        0.023076560348272324,
        0.02381598763167858,
        0.024757303297519684,
        0.02595837600529194,
        0.027536042034626007,
        0.02936241589486599,
        0.03153008595108986,
        0.03528060391545296,
        0.04040368273854256
      ]
    },
    "2024": {
      "n_samples": 250,
      "entropy_mean": 2.80218768119812,
      "entropy_std": 0.4237710237503052,
      "attention_concentration": 0.05073815956711769,
      "top_features": [
        [
          "t-1",
          0.062297288328409195
        ],
        [
          "t-2",
          0.05957811698317528
        ],
        [
          "t-3",
          0.05809514969587326
        ],
        [
          "t-4",
          0.056863412261009216
        ],
        [
          "t-5",
          0.055651068687438965
        ]
      ],