{
  "period_statistics": {
    "2020": {
      "n_samples": 92,
      "entropy_mean": 2.9848499298095703,
      "entropy_std": 0.006815442815423012,
      "attention_concentration": 0.05027441307902336,
      "top_features": [
        [
          "t-20",
          0.057822197675704956
        ],
        [
          "t-1",
          0.05779733881354332
        ],
        [
          "t-2",
          0.055620886385440826
        ],
        [
          "t-3",
          0.053659215569496155
        ],
        [
          "t-19",
          0.05347380414605141
        ]
      ],
      "mean_attention": [
        0.057822197675704956,
        0.05347380414605141,
        0.050558365881443024,
        0.04891430214047432,
        0.047923337668180466,
        0.0472952239215374,
        0.04689088463783264,
        0.046639736741781235,
        0.04650464281439781,
        0.046491168439388275,
        0.046601809561252594,
        0.046854168176651,
        0.04726869985461235,
        0.04817836359143257,
        0.049169424921274185,
        0.05041816458106041,
        0.051918309181928635,
        0.053659215569496155,
        0.055620886385440826,
        0.05779733881354332
      ],
      "std_attention": [
        0.00421435572206974,
        0.004173929337412119,
        0.004451944958418608,
        0.004743173252791166,
        0.005000995937734842,
        0.005227898713201284,
        0.0054328301921486855,
        0.005634137894958258,
        0.005839150864630938,
        0.006041696760803461,
        0.006244321819394827,
        0.006461069453507662,
        0.006696783937513828,
        0.007056304253637791,
        0.007262483239173889,
        0.007491765543818474,
        0.00775884697213769,
        0.008056821301579475,
        0.008386719971895218,
        0.00878160260617733
      ]
    },
    "2021": {
      "n_samples": 250,
      "entropy_mean": 2.987039089202881,
      "entropy_std": 0.0072350166738033295,
      "attention_concentration": 0.0501861535012722,
      "top_features": [
        [
          "t-20",
          0.05830680578947067
        ],
        [
          "t-1",
          0.055028196424245834
        ],
        [
          "t-19",
          0.054363757371902466
        ],
        [
          "t-2",
          0.05320356413722038
        ],
        [
          "t-18",
          0.05168672651052475
        ]
      ],
      "mean_attention": [
        0.05830680578947067,
        0.054363757371902466,
        0.05168672651052475,
        0.0500941202044487,
        0.04905740171670914,
        0.04835477098822594,
        0.047864269465208054,
        0.04752045497298241,
        0.04729766771197319,
        0.0471881739795208,
        0.047194093465805054,
        0.047329336404800415,
        0.04761006683111191,
        0.04798493534326553,
        0.04854685813188553,
        0.04934332147240639,
        0.05037197843194008,
        0.051653508096933365,
        0.05320356413722038,
        0.055028196424245834
      ],
      "std_attention": [
        0.005401105619966984,
        0.004918142221868038,
        0.004894789773970842,
        0.005030124913901091,
        0.005191477481275797,
        0.005344157572835684,
        0.0054878732189536095,
        0.0056198094971477985,
        0.005740906111896038,
        0.00586280133575201,
        0.005967563018202782,
        0.006063401699066162,
        0.006153455935418606,
        0.006217906717211008,
        0.006361543200910091,
        0.006520051043480635,
        0.006690402049571276,
        0.0068866899237036705,
        0.0071449484676122665,
        0.0074873571284115314
      ]
    },
    "2022": {
      "n_samples": 249,
      "entropy_mean": 2.990102767944336,
      "entropy_std": 0.0032505174167454243,
      "attention_concentration": 0.05023037642240524,
      "top_features": [
        [
          "t-20",
          0.059911567717790604
        ],
        [
          "t-19",
          0.055899474769830704
        ],
        [
          "t-1",
          0.054268740117549896
        ],
        [
          "t-18",
          0.05284668877720833
        ],
        [
          "t-2",
          0.052255306392908096
        ]
      ],
      "mean_attention": [
        0.059911567717790604,
        0.055899474769830704,
        0.05284668877720833,
        0.05092616751790047,
        0.04965602606534958,
        0.04879266768693924,
        0.04817993938922882,
        0.04773398116230965,
        0.047410622239112854,
        0.04718950018286705,
        0.04706641286611557,
        0.04704761877655983,
        0.0471496619284153,
        0.047352638095617294,
        0.04779962822794914,
        0.048460207879543304,
        0.04940333589911461,
        0.050649721175432205,
        0.052255306392908096,
        0.054268740117549896
      ],
      "std_attention": [
        0.005289607215672731,
        0.0045053777284920216,
        0.0042221397161483765,
        0.004101663827896118,
        0.004030935000628233,
        0.0039926269091665745,
        0.0039740572683513165,
        0.003970801364630461,
        0.003976520616561174,
        0.003983178175985813,
        0.003986081574112177,
        0.003994021564722061,
        0.0040038106963038445,
        0.004010179545730352,
        0.003978855442255735,
        0.003963586408644915,
        0.00397977652028203,
        0.0040025669150054455,
        0.004061587620526552,
        0.004184708930552006
      ]
    },
    "2023": {
      "n_samples": 249,
      "entropy_mean": 2.9900741577148438,
      "entropy_std": 0.003721054643392563,
      "attention_concentration": 0.050228897482156754,
      "top_features": [
        [
          "t-1",
          0.0587865449488163
        ],
        [
          "t-2",
          0.05638617277145386
        ],
        [
          "t-3",
          0.05434451997280121
        ],
        [
          "t-20",
          0.05342699587345123
        ],
        [
          "t-4",
          0.05264558270573616
        ]
      ],
      "mean_attention": [
        0.05342699587345123,
        0.05069326236844063,
        0.04890209063887596,
        0.04789089411497116,
        0.04731050878763199,
        0.047002289444208145,
        0.046878714114427567,
        0.046886321157217026,
        0.04699907824397087,
        0.04720747843384743,
        0.047519855201244354,
        0.047951776534318924,
        0.04851995036005974,
        0.049249012023210526,
        0.05014472082257271,
        0.05125425010919571,
        0.05264558270573616,
        0.05434451997280121,
        0.05638617277145386,
        0.0587865449488163
      ],
      "std_attention": [
        0.004078279715031385,
        0.003862586338073015,
        0.0037976352032274008,
        0.003819894278421998,
        0.003863551188260317,
        0.003905409248545766,
        0.003940385766327381,
        0.003960321191698313,
        0.00396809121593833,
        0.003965969197452068,
        0.003952161408960819,
        0.003927816636860371,
        0.003910365514457226,
        0.003901353105902672,
        0.003957143519073725,
        0.004072206560522318,
        0.004240049980580807,
        0.004511703737080097,
        0.004906391724944115,
        0.005408879369497299
      ]
    },
    "2024": {
      "n_samples": 250,
      "entropy_mean": 2.9898335933685303,
      "entropy_std": 0.004099076613783836,
      "attention_concentration": 0.050219301134347916,
      "top_features": [
        [
          "t-1",
          0.05862385779619217
        ],
        [
          "t-2",
          0.0562511645257473
        ],
        [
          "t-3",
          0.05423316732048988
        ],
        [
          "t-20",
          0.053483299911022186
        ],
        [
          "t-4",
          0.052540961652994156
        ]
      ],