{
  "evaluation_timestamp": "2025-10-10T13:32:23.410990",
  "statistical_metrics": {
    "mse": 1.2625257968902588,
    "rmse": 1.1236217021942139,
    "mae": 0.8097454905509949,
    "mape": 426.0612487792969,
    "r2": -0.07288110256195068,
    "mean_error": -0.2949345111846924,
    "std_error": 1.0842229127883911
  },
  "financial_metrics": {
    "directional_accuracy": 0.53671875,
    "sharpe_ratio": 0.8329736080938573,
    "max_drawdown": -0.2524605989456177,
    "total_return": 0.9216080904006958,
    "hit_rate": 0.53671875,
    "num_trades": 1280
  },
  "residual_diagnostics": {
    "normality_p_value": 8.43850217544151e-40,
    "acf_lag1": -0.035489613736335995,
    "skewness": 0.04310557015452536,
    "kurtosis": 6.509565194536252
  },
  "checkpoint_used": "experiments/exp004_attn1/checkpoints/tft-epoch=00-val_loss=0.1191.ckpt"
}