{
  "evaluation_timestamp": "2025-10-30T03:13:26.632619",
  "statistical_metrics": {
    "mse": 1.1733239889144897,
    "rmse": 1.0832008123397827,
    "mae": 0.7720001935958862,
    "mape": 141.54138565063477,
    "r2": 0.002921581268310547,
    "mean_error": 0.012346634641289711,
    "std_error": 1.0831304788589478
  },
  "financial_metrics": {
    "directional_accuracy": 0.5390625,
    "sharpe_ratio": 0.9905456091306027,
    "max_drawdown": -0.18902228772640228,
    "total_return": 1.083960771560669,
    "hit_rate": 0.48125,
    "num_trades": 1135,
    "precision": 0.5427312775330396,
    "recall": 0.8966521106259098,
    "f1_score": 0.6761800219538968,
    "confusion_matrix": [
      [
        74,
        519
      ],
      [
        71,
        616
      ]
    ],
    "auc_roc": 0.5184503339543584,
    "alpha": 0.16235268115997314
  },
  "residual_diagnostics": {
    "normality_p_value": 6.791898778673055e-39,
    "acf_lag1": -0.030594524207658704,
    "skewness": 0.03210449500201111,
    "kurtosis": 6.301684296103883
  },
  "mode_stats": {
    "healthy_days": 477,
    "degraded_days": 104,
    "unidirectional_days": 658,
    "weak_collapse_days": 41,
    "strong_collapse_days": 0,
    "total_days": 1280,
    "healthy_pct": 37.265625,
    "degraded_pct": 8.125,
    "unidirectional_pct": 51.40625,
    "weak_collapse_pct": 3.2031249999999996,
    "strong_collapse_pct": 0.0
  },
  "collapse_detected": true,
  "degradation_detected": true,
  "checkpoint_used": "experiments/00_baseline_exploration/sweep2_h16_drop_0.2/checkpoints/tft-epoch=47-val_loss=0.4028.ckpt"
}