{
  "evaluation_timestamp": "2025-10-27T12:02:03.560179",
  "statistical_metrics": {
    "mse": 1.1812622547149658,
    "rmse": 1.086858868598938,
    "mae": 0.7726439237594604,
    "mape": 171.6144561767578,
    "r2": -0.0038242340087890625,
    "mean_error": 0.039706096053123474,
    "std_error": 1.086133360862732
  },
  "financial_metrics": {
    "directional_accuracy": 0.53046875,
    "sharpe_ratio": 0.9282216762359428,
    "max_drawdown": -0.18902228772640228,
    "total_return": 0.6008505821228027,
    "hit_rate": 0.28125,
    "num_trades": 634,
    "precision": 0.5678233438485805,
    "recall": 0.5240174672489083,
    "f1_score": 0.5450416351249054,
    "confusion_matrix": [
      [
        319,
        274
      ],
      [
        327,
        360
      ]
    ],
    "auc_roc": 0.5435367988001698,
    "alpha": -0.32075750827789307
  },
  "residual_diagnostics": {
    "normality_p_value": 8.853883681421904e-40,
    "acf_lag1": -0.03409550882285152,
    "skewness": 0.13100824192049357,
    "kurtosis": 6.333846407539781
  },
  "mode_stats": {
    "healthy_days": 108,
    "degraded_days": 114,
    "unidirectional_days": 872,
    "weak_collapse_days": 103,
    "strong_collapse_days": 83,
    "total_days": 1280,
    "healthy_pct": 8.4375,
    "degraded_pct": 8.90625,
    "unidirectional_pct": 68.125,
    "weak_collapse_pct": 8.046875,
    "strong_collapse_pct": 6.484375000000001
  },
  "collapse_detected": true,
  "degradation_detected": true,
  "checkpoint_used": "experiments/00_baseline_exploration/sweep2_h16_drop_0.2/checkpoints/tft-epoch=01-val_loss=0.1284.ckpt"
}