
[INFO] Using AUTO device selection.

[INFO] Patched matplotlib.Axes.errorbar to abs() negative yerr for robustness.
======================================================================
Training TFT: 12b_feature_sweep/market_only_daily_7q_h5_d015_s42
======================================================================
Logging to: experiments/12b_feature_sweep/market_only_daily_7q_h5_d015_s42/training_20251213_201246.log
Started at: 2025-12-13 20:12:46
======================================================================

Loading data splits...
Train: 4344 samples
Val: 931 samples
Test: 931 samples

Preparing TimeSeriesDataSet...

Final features for TFT: ['SP500_Returns', 'VIX', 'Treasury_10Y', 'Yield_Spread', 'SP500_Volatility']

======================================================================
FEATURE STATISTICS - BEFORE NORMALIZATION
======================================================================
VIX                             mean= 19.6563  std=  8.8366  min=  9.1400  max= 80.8600
Treasury_10Y                    mean=  3.3847  std=  1.1267  min=  1.3700  max=  5.6400
Yield_Spread                    mean=  1.5003  std=  0.8241  min= -0.2200  max=  2.9100
SP500_Volatility                mean=  1.0137  std=  0.6417  min=  0.2092  max=  5.0287

======================================================================
TARGET CONFIGURATION
======================================================================
Target variable: SP500_Returns
  Mode: Point return prediction (single-step)
  Target stats: mean=0.0205, std=1.1926
======================================================================

======================================================================
FEATURES AFTER GROUPNORMALIZER (first batch, last timestep)
======================================================================
VIX                             normalized_value=  1.0000
Treasury_10Y                    normalized_value= -0.0500
Yield_Spread                    normalized_value= -0.6900
SP500_Volatility                normalized_value= -1.3801
======================================================================

Configuration saved to: experiments/12b_feature_sweep/market_only_daily_7q_h5_d015_s42/config.json
[DEBUG] VIX train values: [26.93 27.64 27.49 29.65 27.48]
[DEBUG] VIX val values: [16.34 18.02 17.84 16.24 15.41]
Batches per epoch: 67
[DEBUG] Validation batches: 15
[DEBUG] Validation dataset size: 907
[DEBUG] Batch size: 64

Initializing model...

Quantile configuration: 7q
  Quantiles: [0.02, 0.1, 0.25, 0.5, 0.75, 0.9, 0.98]
  Output size: 7
  Median index: 3

Using standard QuantileLoss (no penalties)

[REGIME OUTPUT] Disabled (using baseline output layer)

[STALENESS ATTENTION] Disabled

================================================================================
BASELINE MODEL FEATURE CONFIGURATION (after from_dataset)
================================================================================
tft.hparams.time_varying_reals_encoder: ['relative_time_idx', 'VIX', 'Treasury_10Y', 'Yield_Spread', 'SP500_Volatility']
  Count: 5

tft.hparams.time_varying_reals_decoder: ['relative_time_idx']
  Count: 1

tft.hparams.x_reals (all reals passed to model): ['encoder_length', 'relative_time_idx', 'VIX', 'Treasury_10Y', 'Yield_Spread', 'SP500_Volatility']
  Count: 6

Encoder VSN configuration:
  num_inputs: 5
  input_sizes: {'relative_time_idx': 16, 'VIX': 16, 'Treasury_10Y': 16, 'Yield_Spread': 16, 'SP500_Volatility': 16}
  flattened_grn.fc1: in_features=80, out_features=5
  -> Params in fc1: 400 (should be 5*16*5=400 if 5 features)
================================================================================

Model parameters: 22,615

Starting training...
Checkpoints will be saved to: experiments/12b_feature_sweep/market_only_daily_7q_h5_d015_s42/checkpoints/
Logs will be saved to: experiments/12b_feature_sweep/market_only_daily_7q_h5_d015_s42/logs/

[DEBUG CollapseMonitor] on_validation_epoch_start called for epoch 0
[DEBUG CollapseMonitor] reset_temporal_state() called on loss function
Epoch 0: val_loss=N/A
[DEBUG CollapseMonitor] on_validation_epoch_start called for epoch 0
[DEBUG CollapseMonitor] reset_temporal_state() called on loss function
Epoch 0: val_loss=0.7352017760276794
Epoch 0: train_loss=0.7349899411201477

[CollapseMonitor] Epoch 0
  [DEBUG] Processed 15 batches, 5 horizon(s)
  Multi-horizon metrics (5 horizons):
    h1: std=0.0270, dir_acc=56.6%, pos=100%, unique=894, sharpe=26.24
    h2: std=0.0266, dir_acc=56.4%, pos=100%, unique=901, sharpe=64.55
    h3: std=0.0247, dir_acc=56.4%, pos=100%, unique=897, sharpe=87.35
    h4: std=0.0229, dir_acc=56.3%, pos=100%, unique=899, sharpe=103.64
    h5: std=0.0214, dir_acc=56.4%, pos=100%, unique=902, sharpe=116.52
  Aggregate: std_avg=0.0245, dir_acc_avg=56.4%, composite_avg=0.4416
  H1 detail: range=0.1122, mean=0.0447, dist_match=0.5656
  Collapse penalty: 0.000000 (threshold: 0.005000)
  Saved validation predictions to: experiments/12b_feature_sweep/market_only_daily_7q_h5_d015_s42/collapse_monitoring/val_predictions_epoch0.npz
  Gradient norms:
    lstm_encoder: 0.003747
    lstm_decoder: 0.021287
    output_layer: 0.677582
  VSN output std:
    encoder: 0.206510
  Attention entropy: 2.992791
  Saved to: experiments/12b_feature_sweep/market_only_daily_7q_h5_d015_s42/collapse_monitoring/collapse_monitor_latest.json
[DEBUG CollapseMonitor] on_validation_epoch_start called for epoch 1
[DEBUG CollapseMonitor] reset_temporal_state() called on loss function
Epoch 1: val_loss=0.630207896232605
Epoch 1: train_loss=0.650414228439331

[CollapseMonitor] Epoch 1
  [DEBUG] Processed 15 batches, 5 horizon(s)
  Multi-horizon metrics (5 horizons):
    h1: std=0.0218, dir_acc=46.0%, pos=32%, unique=898, sharpe=-5.34
    h2: std=0.0183, dir_acc=56.4%, pos=100%, unique=898, sharpe=26.10
    h3: std=0.0165, dir_acc=56.4%, pos=100%, unique=891, sharpe=40.85
    h4: std=0.0156, dir_acc=56.3%, pos=100%, unique=881, sharpe=43.85
    h5: std=0.0151, dir_acc=56.4%, pos=100%, unique=871, sharpe=39.96
  Aggregate: std_avg=0.0175, dir_acc_avg=54.3%, composite_avg=0.4336
  H1 detail: range=0.0978, mean=-0.0073, dist_match=0.7530
  Collapse penalty: 0.000000 (threshold: 0.005000)
  Saved validation predictions to: experiments/12b_feature_sweep/market_only_daily_7q_h5_d015_s42/collapse_monitoring/val_predictions_epoch1.npz
  Gradient norms:
    lstm_encoder: 0.002704
    lstm_decoder: 0.016068
    output_layer: 0.562844
  VSN output std:
    encoder: 0.204804
  Attention entropy: 2.994280
  Saved to: experiments/12b_feature_sweep/market_only_daily_7q_h5_d015_s42/collapse_monitoring/collapse_monitor_latest.json
[DEBUG CollapseMonitor] on_validation_epoch_start called for epoch 2
[DEBUG CollapseMonitor] reset_temporal_state() called on loss function
Epoch 2: val_loss=0.5637364387512207
Epoch 2: train_loss=0.565517008304596

[CollapseMonitor] Epoch 2
  [DEBUG] Processed 15 batches, 5 horizon(s)
  Multi-horizon metrics (5 horizons):
    h1: std=0.0173, dir_acc=43.4%, pos=0%, unique=900, sharpe=-44.99
    h2: std=0.0138, dir_acc=45.6%, pos=15%, unique=897, sharpe=-12.65
    h3: std=0.0116, dir_acc=48.0%, pos=52%, unique=896, sharpe=-0.02
    h4: std=0.0102, dir_acc=47.6%, pos=53%, unique=886, sharpe=0.50
    h5: std=0.0094, dir_acc=47.0%, pos=25%, unique=888, sharpe=-6.93
  Aggregate: std_avg=0.0124, dir_acc_avg=46.3%, composite_avg=0.4010
  H1 detail: range=0.0728, mean=-0.0489, dist_match=0.4344
  Collapse penalty: 0.000000 (threshold: 0.005000)
  Saved validation predictions to: experiments/12b_feature_sweep/market_only_daily_7q_h5_d015_s42/collapse_monitoring/val_predictions_epoch2.npz
  Gradient norms:
    lstm_encoder: 0.001914
    lstm_decoder: 0.009452
    output_layer: 0.372474
  VSN output std:
    encoder: 0.205017
  Attention entropy: 2.994385
  Saved to: experiments/12b_feature_sweep/market_only_daily_7q_h5_d015_s42/collapse_monitoring/collapse_monitor_latest.json
[DEBUG CollapseMonitor] on_validation_epoch_start called for epoch 3
[DEBUG CollapseMonitor] reset_temporal_state() called on loss function
Epoch 3: val_loss=0.5265999436378479
Epoch 3: train_loss=0.5130022168159485

[CollapseMonitor] Epoch 3
  [DEBUG] Processed 15 batches, 5 horizon(s)
  Multi-horizon metrics (5 horizons):
    h1: std=0.0165, dir_acc=47.4%, pos=32%, unique=901, sharpe=-7.61
    h2: std=0.0134, dir_acc=56.4%, pos=98%, unique=900, sharpe=39.83
    h3: std=0.0113, dir_acc=56.4%, pos=100%, unique=884, sharpe=64.94
    h4: std=0.0099, dir_acc=56.3%, pos=100%, unique=883, sharpe=76.64
    h5: std=0.0091, dir_acc=56.4%, pos=100%, unique=882, sharpe=77.94
  Aggregate: std_avg=0.0120, dir_acc_avg=54.6%, composite_avg=0.4376
  H1 detail: range=0.0765, mean=-0.0079, dist_match=0.7585
  Collapse penalty: 0.000000 (threshold: 0.005000)
  Saved validation predictions to: experiments/12b_feature_sweep/market_only_daily_7q_h5_d015_s42/collapse_monitoring/val_predictions_epoch3.npz
  Gradient norms:
    lstm_encoder: 0.001257
    lstm_decoder: 0.004061
    output_layer: 0.192122
  VSN output std:
    encoder: 0.200833
  Attention entropy: 2.993901
  Saved to: experiments/12b_feature_sweep/market_only_daily_7q_h5_d015_s42/collapse_monitoring/collapse_monitor_latest.json
[DEBUG CollapseMonitor] on_validation_epoch_start called for epoch 4
[DEBUG CollapseMonitor] reset_temporal_state() called on loss function
Epoch 4: val_loss=0.5138958692550659
Epoch 4: train_loss=0.4911441504955292

[CollapseMonitor] Epoch 4
  [DEBUG] Processed 15 batches, 5 horizon(s)
  Multi-horizon metrics (5 horizons):
    h1: std=0.0159, dir_acc=48.4%, pos=46%, unique=896, sharpe=-3.33
    h2: std=0.0119, dir_acc=56.4%, pos=100%, unique=891, sharpe=47.43
    h3: std=0.0099, dir_acc=56.4%, pos=100%, unique=883, sharpe=76.37
    h4: std=0.0086, dir_acc=56.3%, pos=100%, unique=871, sharpe=89.64
    h5: std=0.0080, dir_acc=56.4%, pos=100%, unique=872, sharpe=90.34
  Aggregate: std_avg=0.0109, dir_acc_avg=54.8%, composite_avg=0.4449
  H1 detail: range=0.0697, mean=-0.0033, dist_match=0.8986
  Collapse penalty: 0.000000 (threshold: 0.005000)
  Saved validation predictions to: experiments/12b_feature_sweep/market_only_daily_7q_h5_d015_s42/collapse_monitoring/val_predictions_epoch4.npz
  Gradient norms:
    lstm_encoder: 0.000832
    lstm_decoder: 0.002250
    output_layer: 0.099219
  VSN output std:
    encoder: 0.192127
  Attention entropy: 2.993638
  Saved to: experiments/12b_feature_sweep/market_only_daily_7q_h5_d015_s42/collapse_monitoring/collapse_monitor_latest.json
[DEBUG CollapseMonitor] on_validation_epoch_start called for epoch 5
[DEBUG CollapseMonitor] reset_temporal_state() called on loss function
Epoch 5: val_loss=0.5090319514274597
Epoch 5: train_loss=0.482046902179718

[CollapseMonitor] Epoch 5
  [DEBUG] Processed 15 batches, 5 horizon(s)
  Multi-horizon metrics (5 horizons):
    h1: std=0.0158, dir_acc=51.0%, pos=63%, unique=899, sharpe=5.24
    h2: std=0.0104, dir_acc=56.4%, pos=100%, unique=893, sharpe=62.87
    h3: std=0.0081, dir_acc=56.4%, pos=100%, unique=891, sharpe=101.43
    h4: std=0.0070, dir_acc=56.3%, pos=100%, unique=885, sharpe=119.76
    h5: std=0.0065, dir_acc=56.4%, pos=100%, unique=884, sharpe=120.46
  Aggregate: std_avg=0.0096, dir_acc_avg=55.3%, composite_avg=0.4521
  H1 detail: range=0.0601, mean=0.0052, dist_match=0.9405
  Collapse penalty: 0.000000 (threshold: 0.005000)
  Saved validation predictions to: experiments/12b_feature_sweep/market_only_daily_7q_h5_d015_s42/collapse_monitoring/val_predictions_epoch5.npz
  Gradient norms:
    lstm_encoder: 0.000751
    lstm_decoder: 0.001975
    output_layer: 0.068166
  VSN output std:
    encoder: 0.185901
  Attention entropy: 2.992550
  Saved to: experiments/12b_feature_sweep/market_only_daily_7q_h5_d015_s42/collapse_monitoring/collapse_monitor_latest.json
[DEBUG CollapseMonitor] on_validation_epoch_start called for epoch 6
[DEBUG CollapseMonitor] reset_temporal_state() called on loss function
Epoch 6: val_loss=0.5063698887825012
Epoch 6: train_loss=0.47797876596450806

[CollapseMonitor] Epoch 6
  [DEBUG] Processed 15 batches, 5 horizon(s)
  Multi-horizon metrics (5 horizons):
    h1: std=0.0198, dir_acc=50.6%, pos=53%, unique=902, sharpe=-0.32
    h2: std=0.0133, dir_acc=56.6%, pos=100%, unique=892, sharpe=36.92
    h3: std=0.0107, dir_acc=56.4%, pos=100%, unique=895, sharpe=59.57
    h4: std=0.0097, dir_acc=56.3%, pos=100%, unique=892, sharpe=68.24
    h5: std=0.0094, dir_acc=56.4%, pos=100%, unique=896, sharpe=66.96
  Aggregate: std_avg=0.0126, dir_acc_avg=55.3%, composite_avg=0.4528
  H1 detail: range=0.0772, mean=-0.0004, dist_match=0.9669
  Collapse penalty: 0.000000 (threshold: 0.005000)
  Saved validation predictions to: experiments/12b_feature_sweep/market_only_daily_7q_h5_d015_s42/collapse_monitoring/val_predictions_epoch6.npz
  Gradient norms:
    lstm_encoder: 0.000696
    lstm_decoder: 0.001835
    output_layer: 0.053679
  VSN output std:
    encoder: 0.181893
  Attention entropy: 2.988913
  Saved to: experiments/12b_feature_sweep/market_only_daily_7q_h5_d015_s42/collapse_monitoring/collapse_monitor_latest.json
[DEBUG CollapseMonitor] on_validation_epoch_start called for epoch 7
[DEBUG CollapseMonitor] reset_temporal_state() called on loss function
Epoch 7: val_loss=0.5018391013145447
Epoch 7: train_loss=0.4734969139099121

[CollapseMonitor] Epoch 7
  [DEBUG] Processed 15 batches, 5 horizon(s)
  Multi-horizon metrics (5 horizons):
    h1: std=0.0307, dir_acc=53.1%, pos=79%, unique=900, sharpe=15.87
    h2: std=0.0254, dir_acc=56.2%, pos=98%, unique=896, sharpe=34.53
    h3: std=0.0245, dir_acc=56.4%, pos=100%, unique=898, sharpe=40.04
    h4: std=0.0256, dir_acc=56.3%, pos=100%, unique=898, sharpe=38.56
    h5: std=0.0278, dir_acc=56.4%, pos=100%, unique=900, sharpe=34.59
  Aggregate: std_avg=0.0268, dir_acc_avg=55.7%, composite_avg=0.4484
  H1 detail: range=0.1103, mean=0.0307, dist_match=0.7762
  Collapse penalty: 0.000000 (threshold: 0.005000)
  Saved validation predictions to: experiments/12b_feature_sweep/market_only_daily_7q_h5_d015_s42/collapse_monitoring/val_predictions_epoch7.npz
  Gradient norms:
    lstm_encoder: 0.000750
    lstm_decoder: 0.001812
    output_layer: 0.051674
  VSN output std:
    encoder: 0.182571
  Attention entropy: 2.982199
  Saved to: experiments/12b_feature_sweep/market_only_daily_7q_h5_d015_s42/collapse_monitoring/collapse_monitor_latest.json
[DEBUG CollapseMonitor] on_validation_epoch_start called for epoch 8
[DEBUG CollapseMonitor] reset_temporal_state() called on loss function
Epoch 8: val_loss=0.49844440817832947
Epoch 8: train_loss=0.46855369210243225

[CollapseMonitor] Epoch 8
  [DEBUG] Processed 15 batches, 5 horizon(s)
  Multi-horizon metrics (5 horizons):
    h1: std=0.0526, dir_acc=51.0%, pos=64%, unique=901, sharpe=7.47
    h2: std=0.0489, dir_acc=52.9%, pos=72%, unique=905, sharpe=15.03
    h3: std=0.0502, dir_acc=52.7%, pos=74%, unique=898, sharpe=16.47
    h4: std=0.0541, dir_acc=53.3%, pos=73%, unique=900, sharpe=15.57
    h5: std=0.0592, dir_acc=53.7%, pos=71%, unique=900, sharpe=14.16
  Aggregate: std_avg=0.0530, dir_acc_avg=52.7%, composite_avg=0.4891
  H1 detail: range=0.1548, mean=0.0248, dist_match=0.9272
  Collapse penalty: 0.000000 (threshold: 0.005000)
  Saved validation predictions to: experiments/12b_feature_sweep/market_only_daily_7q_h5_d015_s42/collapse_monitoring/val_predictions_epoch8.npz
  Gradient norms:
    lstm_encoder: 0.000785
    lstm_decoder: 0.001908
    output_layer: 0.050199
  VSN output std:
    encoder: 0.189736
  Attention entropy: 2.982341
  Saved to: experiments/12b_feature_sweep/market_only_daily_7q_h5_d015_s42/collapse_monitoring/collapse_monitor_latest.json
[DEBUG CollapseMonitor] on_validation_epoch_start called for epoch 9
[DEBUG CollapseMonitor] reset_temporal_state() called on loss function
Epoch 9: val_loss=0.49528688192367554
Epoch 9: train_loss=0.464608758687973

[CollapseMonitor] Epoch 9
  [DEBUG] Processed 15 batches, 5 horizon(s)
  Multi-horizon metrics (5 horizons):
    h1: std=0.0403, dir_acc=51.8%, pos=67%, unique=900, sharpe=5.65
    h2: std=0.0374, dir_acc=53.0%, pos=74%, unique=898, sharpe=14.44
    h3: std=0.0393, dir_acc=53.7%, pos=75%, unique=903, sharpe=15.80
    h4: std=0.0438, dir_acc=53.8%, pos=73%, unique=901, sharpe=14.36
    h5: std=0.0497, dir_acc=53.3%, pos=72%, unique=902, sharpe=12.43
  Aggregate: std_avg=0.0421, dir_acc_avg=53.1%, composite_avg=0.4894
  H1 detail: range=0.1289, mean=0.0144, dist_match=0.8997
  Collapse penalty: 0.000000 (threshold: 0.005000)
  Saved validation predictions to: experiments/12b_feature_sweep/market_only_daily_7q_h5_d015_s42/collapse_monitoring/val_predictions_epoch9.npz
  Gradient norms:
    lstm_encoder: 0.000898
    lstm_decoder: 0.001996
    output_layer: 0.049491
  VSN output std:
    encoder: 0.189434
  Attention entropy: 2.978652
  Saved to: experiments/12b_feature_sweep/market_only_daily_7q_h5_d015_s42/collapse_monitoring/collapse_monitor_latest.json
[DEBUG CollapseMonitor] on_validation_epoch_start called for epoch 10
[DEBUG CollapseMonitor] reset_temporal_state() called on loss function
Epoch 10: val_loss=0.4921814203262329
Epoch 10: train_loss=0.4605802297592163

[CollapseMonitor] Epoch 10
  [DEBUG] Processed 15 batches, 5 horizon(s)
  Multi-horizon metrics (5 horizons):
    h1: std=0.0430, dir_acc=52.5%, pos=73%, unique=901, sharpe=12.97
    h2: std=0.0404, dir_acc=53.5%, pos=82%, unique=903, sharpe=20.99
    h3: std=0.0419, dir_acc=54.2%, pos=84%, unique=899, sharpe=22.13
    h4: std=0.0458, dir_acc=54.0%, pos=82%, unique=899, sharpe=20.47
    h5: std=0.0510, dir_acc=53.5%, pos=80%, unique=895, sharpe=18.23
  Aggregate: std_avg=0.0444, dir_acc_avg=53.5%, composite_avg=0.4717
  H1 detail: range=0.1463, mean=0.0351, dist_match=0.8357
  Collapse penalty: 0.000000 (threshold: 0.005000)
  Saved validation predictions to: experiments/12b_feature_sweep/market_only_daily_7q_h5_d015_s42/collapse_monitoring/val_predictions_epoch10.npz
  Gradient norms:
    lstm_encoder: 0.000961
    lstm_decoder: 0.002052
    output_layer: 0.048844
  VSN output std:
    encoder: 0.188475
  Attention entropy: 2.974565
  Saved to: experiments/12b_feature_sweep/market_only_daily_7q_h5_d015_s42/collapse_monitoring/collapse_monitor_latest.json
[DEBUG CollapseMonitor] on_validation_epoch_start called for epoch 11
[DEBUG CollapseMonitor] reset_temporal_state() called on loss function
Epoch 11: val_loss=0.4910377860069275
Epoch 11: train_loss=0.4580537974834442

[CollapseMonitor] Epoch 11
  [DEBUG] Processed 15 batches, 5 horizon(s)
  Multi-horizon metrics (5 horizons):
    h1: std=0.0311, dir_acc=50.5%, pos=58%, unique=899, sharpe=-4.51
    h2: std=0.0293, dir_acc=52.8%, pos=71%, unique=904, sharpe=4.00
    h3: std=0.0307, dir_acc=53.5%, pos=72%, unique=899, sharpe=5.99
    h4: std=0.0339, dir_acc=53.3%, pos=72%, unique=898, sharpe=5.44
    h5: std=0.0382, dir_acc=53.8%, pos=71%, unique=900, sharpe=4.41
  Aggregate: std_avg=0.0326, dir_acc_avg=52.8%, composite_avg=0.4953
  H1 detail: range=0.1269, mean=-0.0088, dist_match=0.9857
  Collapse penalty: 0.000000 (threshold: 0.005000)
  Saved validation predictions to: experiments/12b_feature_sweep/market_only_daily_7q_h5_d015_s42/collapse_monitoring/val_predictions_epoch11.npz
  Gradient norms:
    lstm_encoder: 0.001053
    lstm_decoder: 0.002272
    output_layer: 0.049143
  VSN output std:
    encoder: 0.187168
  Attention entropy: 2.966413
  Saved to: experiments/12b_feature_sweep/market_only_daily_7q_h5_d015_s42/collapse_monitoring/collapse_monitor_latest.json
[DEBUG CollapseMonitor] on_validation_epoch_start called for epoch 12
[DEBUG CollapseMonitor] reset_temporal_state() called on loss function
Epoch 12: val_loss=0.4885515570640564
Epoch 12: train_loss=0.45611095428466797

[CollapseMonitor] Epoch 12
  [DEBUG] Processed 15 batches, 5 horizon(s)
  Multi-horizon metrics (5 horizons):
    h1: std=0.0332, dir_acc=52.3%, pos=77%, unique=900, sharpe=10.60
    h2: std=0.0323, dir_acc=53.5%, pos=82%, unique=897, sharpe=18.13
    h3: std=0.0339, dir_acc=53.6%, pos=82%, unique=896, sharpe=19.23
    h4: std=0.0369, dir_acc=53.5%, pos=81%, unique=893, sharpe=17.81
    h5: std=0.0409, dir_acc=53.7%, pos=80%, unique=897, sharpe=15.85
  Aggregate: std_avg=0.0354, dir_acc_avg=53.3%, composite_avg=0.4695
  H1 detail: range=0.1406, mean=0.0222, dist_match=0.8004
  Collapse penalty: 0.000000 (threshold: 0.005000)
  Saved validation predictions to: experiments/12b_feature_sweep/market_only_daily_7q_h5_d015_s42/collapse_monitoring/val_predictions_epoch12.npz
  Gradient norms:
    lstm_encoder: 0.001191
    lstm_decoder: 0.002350
    output_layer: 0.046363
  VSN output std:
    encoder: 0.186664
  Attention entropy: 2.955570
  Saved to: experiments/12b_feature_sweep/market_only_daily_7q_h5_d015_s42/collapse_monitoring/collapse_monitor_latest.json
[DEBUG CollapseMonitor] on_validation_epoch_start called for epoch 13
[DEBUG CollapseMonitor] reset_temporal_state() called on loss function
Epoch 13: val_loss=0.48671624064445496
Epoch 13: train_loss=0.4540969431400299

[CollapseMonitor] Epoch 13
  [DEBUG] Processed 15 batches, 5 horizon(s)
  Multi-horizon metrics (5 horizons):
    h1: std=0.0318, dir_acc=52.4%, pos=79%, unique=904, sharpe=12.07
    h2: std=0.0320, dir_acc=53.7%, pos=83%, unique=902, sharpe=19.02
    h3: std=0.0338, dir_acc=53.9%, pos=84%, unique=899, sharpe=19.96
    h4: std=0.0367, dir_acc=53.8%, pos=82%, unique=899, sharpe=18.53
    h5: std=0.0405, dir_acc=54.1%, pos=81%, unique=894, sharpe=16.55
  Aggregate: std_avg=0.0350, dir_acc_avg=53.6%, composite_avg=0.4681
  H1 detail: range=0.1611, mean=0.0241, dist_match=0.7773
  Collapse penalty: 0.000000 (threshold: 0.005000)
  Saved validation predictions to: experiments/12b_feature_sweep/market_only_daily_7q_h5_d015_s42/collapse_monitoring/val_predictions_epoch13.npz
  Gradient norms:
    lstm_encoder: 0.001333
    lstm_decoder: 0.002560
    output_layer: 0.045612
  VSN output std:
    encoder: 0.185538
  Attention entropy: 2.942259
  Saved to: experiments/12b_feature_sweep/market_only_daily_7q_h5_d015_s42/collapse_monitoring/collapse_monitor_latest.json
[DEBUG CollapseMonitor] on_validation_epoch_start called for epoch 14
[DEBUG CollapseMonitor] reset_temporal_state() called on loss function
Epoch 14: val_loss=0.4856567084789276
Epoch 14: train_loss=0.45334935188293457

[CollapseMonitor] Epoch 14
  [DEBUG] Processed 15 batches, 5 horizon(s)
  Multi-horizon metrics (5 horizons):
    h1: std=0.0295, dir_acc=53.4%, pos=85%, unique=901, sharpe=14.48
    h2: std=0.0290, dir_acc=53.9%, pos=88%, unique=896, sharpe=21.63
    h3: std=0.0296, dir_acc=54.0%, pos=88%, unique=897, sharpe=22.69
    h4: std=0.0312, dir_acc=53.8%, pos=86%, unique=902, sharpe=21.11
    h5: std=0.0338, dir_acc=53.7%, pos=85%, unique=903, sharpe=18.74
  Aggregate: std_avg=0.0306, dir_acc_avg=53.8%, composite_avg=0.4574
  H1 detail: range=0.1689, mean=0.0269, dist_match=0.7189
  Collapse penalty: 0.000000 (threshold: 0.005000)
  Saved validation predictions to: experiments/12b_feature_sweep/market_only_daily_7q_h5_d015_s42/collapse_monitoring/val_predictions_epoch14.npz
  Gradient norms:
    lstm_encoder: 0.001688
    lstm_decoder: 0.002996
    output_layer: 0.046000
  VSN output std:
    encoder: 0.196199
  Attention entropy: 2.928967
  Saved to: experiments/12b_feature_sweep/market_only_daily_7q_h5_d015_s42/collapse_monitoring/collapse_monitor_latest.json
[DEBUG CollapseMonitor] on_validation_epoch_start called for epoch 15
[DEBUG CollapseMonitor] reset_temporal_state() called on loss function
Epoch 15: val_loss=0.4850535988807678
Epoch 15: train_loss=0.45097845792770386

[CollapseMonitor] Epoch 15
  [DEBUG] Processed 15 batches, 5 horizon(s)
  Multi-horizon metrics (5 horizons):
    h1: std=0.0329, dir_acc=54.5%, pos=90%, unique=904, sharpe=16.85
    h2: std=0.0324, dir_acc=54.4%, pos=93%, unique=900, sharpe=22.23
    h3: std=0.0328, dir_acc=54.2%, pos=93%, unique=902, sharpe=22.61
    h4: std=0.0342, dir_acc=53.8%, pos=90%, unique=895, sharpe=20.91
    h5: std=0.0364, dir_acc=54.4%, pos=87%, unique=903, sharpe=18.64
  Aggregate: std_avg=0.0338, dir_acc_avg=54.2%, composite_avg=0.4505
  H1 detail: range=0.2030, mean=0.0350, dist_match=0.6659
  Collapse penalty: 0.000000 (threshold: 0.005000)
  Saved validation predictions to: experiments/12b_feature_sweep/market_only_daily_7q_h5_d015_s42/collapse_monitoring/val_predictions_epoch15.npz
  Gradient norms:
    lstm_encoder: 0.001809
    lstm_decoder: 0.003175
    output_layer: 0.044561
  VSN output std:
    encoder: 0.218010
  Attention entropy: 2.912867
  Saved to: experiments/12b_feature_sweep/market_only_daily_7q_h5_d015_s42/collapse_monitoring/collapse_monitor_latest.json
[DEBUG CollapseMonitor] on_validation_epoch_start called for epoch 16
[DEBUG CollapseMonitor] reset_temporal_state() called on loss function
Epoch 16: val_loss=0.4829724431037903
Epoch 16: train_loss=0.4500526189804077

[CollapseMonitor] Epoch 16
  [DEBUG] Processed 15 batches, 5 horizon(s)
  Multi-horizon metrics (5 horizons):
    h1: std=0.0342, dir_acc=53.4%, pos=87%, unique=903, sharpe=14.73
    h2: std=0.0328, dir_acc=53.8%, pos=90%, unique=902, sharpe=19.45
    h3: std=0.0323, dir_acc=54.0%, pos=88%, unique=898, sharpe=20.25
    h4: std=0.0326, dir_acc=53.6%, pos=87%, unique=896, sharpe=19.19
    h5: std=0.0341, dir_acc=53.5%, pos=85%, unique=904, sharpe=17.47
  Aggregate: std_avg=0.0332, dir_acc_avg=53.6%, composite_avg=0.4538
  H1 detail: range=0.2116, mean=0.0317, dist_match=0.6968
  Collapse penalty: 0.000000 (threshold: 0.005000)
  Saved validation predictions to: experiments/12b_feature_sweep/market_only_daily_7q_h5_d015_s42/collapse_monitoring/val_predictions_epoch16.npz
  Gradient norms:
    lstm_encoder: 0.001933
    lstm_decoder: 0.003533
    output_layer: 0.048643
  VSN output std:
    encoder: 0.225780
  Attention entropy: 2.909870
  Saved to: experiments/12b_feature_sweep/market_only_daily_7q_h5_d015_s42/collapse_monitoring/collapse_monitor_latest.json
[DEBUG CollapseMonitor] on_validation_epoch_start called for epoch 17
[DEBUG CollapseMonitor] reset_temporal_state() called on loss function
Epoch 17: val_loss=0.48298534750938416
Epoch 17: train_loss=0.4485436677932739

[CollapseMonitor] Epoch 17
  [DEBUG] Processed 15 batches, 5 horizon(s)
  Multi-horizon metrics (5 horizons):
    h1: std=0.0352, dir_acc=53.4%, pos=83%, unique=902, sharpe=13.57
    h2: std=0.0341, dir_acc=52.4%, pos=85%, unique=899, sharpe=16.77
    h3: std=0.0339, dir_acc=53.0%, pos=85%, unique=902, sharpe=16.68
    h4: std=0.0345, dir_acc=53.1%, pos=84%, unique=903, sharpe=15.20
    h5: std=0.0362, dir_acc=53.4%, pos=82%, unique=895, sharpe=13.42
  Aggregate: std_avg=0.0348, dir_acc_avg=53.1%, composite_avg=0.4574
  H1 detail: range=0.2086, mean=0.0301, dist_match=0.7321
  Collapse penalty: 0.000000 (threshold: 0.005000)
  Saved validation predictions to: experiments/12b_feature_sweep/market_only_daily_7q_h5_d015_s42/collapse_monitoring/val_predictions_epoch17.npz
  Gradient norms:
    lstm_encoder: 0.002189
    lstm_decoder: 0.003838
    output_layer: 0.046105
  VSN output std:
    encoder: 0.236454
  Attention entropy: 2.902381
  Saved to: experiments/12b_feature_sweep/market_only_daily_7q_h5_d015_s42/collapse_monitoring/collapse_monitor_latest.json
[DEBUG CollapseMonitor] on_validation_epoch_start called for epoch 18
[DEBUG CollapseMonitor] reset_temporal_state() called on loss function
Epoch 18: val_loss=0.4806625545024872
Epoch 18: train_loss=0.4467545449733734

[CollapseMonitor] Epoch 18
  [DEBUG] Processed 15 batches, 5 horizon(s)
  Multi-horizon metrics (5 horizons):
    h1: std=0.0371, dir_acc=53.7%, pos=89%, unique=901, sharpe=22.09
    h2: std=0.0363, dir_acc=53.8%, pos=93%, unique=904, sharpe=25.30
    h3: std=0.0361, dir_acc=54.4%, pos=92%, unique=899, sharpe=25.66
    h4: std=0.0366, dir_acc=53.9%, pos=90%, unique=896, sharpe=24.59
    h5: std=0.0380, dir_acc=53.8%, pos=87%, unique=895, sharpe=23.01
  Aggregate: std_avg=0.0368, dir_acc_avg=53.9%, composite_avg=0.4478
  H1 detail: range=0.2270, mean=0.0516, dist_match=0.6714
  Collapse penalty: 0.000000 (threshold: 0.005000)
  Saved validation predictions to: experiments/12b_feature_sweep/market_only_daily_7q_h5_d015_s42/collapse_monitoring/val_predictions_epoch18.npz
  Gradient norms:
    lstm_encoder: 0.002375
    lstm_decoder: 0.004155
    output_layer: 0.043905
  VSN output std:
    encoder: 0.242828
  Attention entropy: 2.891088
  Saved to: experiments/12b_feature_sweep/market_only_daily_7q_h5_d015_s42/collapse_monitoring/collapse_monitor_latest.json
[DEBUG CollapseMonitor] on_validation_epoch_start called for epoch 19
[DEBUG CollapseMonitor] reset_temporal_state() called on loss function
Epoch 19: val_loss=0.4799489974975586
Epoch 19: train_loss=0.44520193338394165

[CollapseMonitor] Epoch 19
  [DEBUG] Processed 15 batches, 5 horizon(s)
  Multi-horizon metrics (5 horizons):
    h1: std=0.0364, dir_acc=55.5%, pos=96%, unique=901, sharpe=24.99
    h2: std=0.0356, dir_acc=56.3%, pos=100%, unique=898, sharpe=27.96
    h3: std=0.0348, dir_acc=56.2%, pos=100%, unique=896, sharpe=28.89
    h4: std=0.0345, dir_acc=56.1%, pos=98%, unique=902, sharpe=28.47
    h5: std=0.0349, dir_acc=54.8%, pos=95%, unique=895, sharpe=27.38
  Aggregate: std_avg=0.0352, dir_acc_avg=55.8%, composite_avg=0.4429
  H1 detail: range=0.2299, mean=0.0573, dist_match=0.6009
  Collapse penalty: 0.000000 (threshold: 0.005000)
  Saved validation predictions to: experiments/12b_feature_sweep/market_only_daily_7q_h5_d015_s42/collapse_monitoring/val_predictions_epoch19.npz
  Gradient norms:
    lstm_encoder: 0.002703
    lstm_decoder: 0.004604
    output_layer: 0.044751
  VSN output std:
    encoder: 0.247866
  Attention entropy: 2.875019
  Saved to: experiments/12b_feature_sweep/market_only_daily_7q_h5_d015_s42/collapse_monitoring/collapse_monitor_latest.json
[DEBUG CollapseMonitor] on_validation_epoch_start called for epoch 20
[DEBUG CollapseMonitor] reset_temporal_state() called on loss function
Epoch 20: val_loss=0.4792783260345459
Epoch 20: train_loss=0.44521135091781616

[CollapseMonitor] Epoch 20
  [DEBUG] Processed 15 batches, 5 horizon(s)
  Multi-horizon metrics (5 horizons):
    h1: std=0.0357, dir_acc=53.1%, pos=85%, unique=902, sharpe=14.24
    h2: std=0.0352, dir_acc=52.9%, pos=86%, unique=903, sharpe=15.68
    h3: std=0.0347, dir_acc=53.0%, pos=86%, unique=899, sharpe=15.87
    h4: std=0.0345, dir_acc=52.8%, pos=85%, unique=901, sharpe=15.30
    h5: std=0.0349, dir_acc=53.6%, pos=84%, unique=897, sharpe=14.53
  Aggregate: std_avg=0.0350, dir_acc_avg=53.1%, composite_avg=0.4549
  H1 detail: range=0.2406, mean=0.0320, dist_match=0.7189
  Collapse penalty: 0.000000 (threshold: 0.005000)
  Saved validation predictions to: experiments/12b_feature_sweep/market_only_daily_7q_h5_d015_s42/collapse_monitoring/val_predictions_epoch20.npz
  Gradient norms:
    lstm_encoder: 0.002766
    lstm_decoder: 0.004824
    output_layer: 0.043154
  VSN output std:
    encoder: 0.251946
  Attention entropy: 2.877562
  Saved to: experiments/12b_feature_sweep/market_only_daily_7q_h5_d015_s42/collapse_monitoring/collapse_monitor_latest.json
[DEBUG CollapseMonitor] on_validation_epoch_start called for epoch 21
[DEBUG CollapseMonitor] reset_temporal_state() called on loss function
Epoch 21: val_loss=0.47838684916496277
Epoch 21: train_loss=0.4444328844547272

[CollapseMonitor] Epoch 21
  [DEBUG] Processed 15 batches, 5 horizon(s)
  Multi-horizon metrics (5 horizons):
    h1: std=0.0381, dir_acc=54.5%, pos=93%, unique=904, sharpe=19.91
    h2: std=0.0385, dir_acc=55.5%, pos=97%, unique=905, sharpe=20.88
    h3: std=0.0377, dir_acc=55.8%, pos=97%, unique=899, sharpe=21.50
    h4: std=0.0369, dir_acc=55.0%, pos=95%, unique=903, sharpe=21.71
    h5: std=0.0363, dir_acc=54.8%, pos=93%, unique=899, sharpe=21.77
  Aggregate: std_avg=0.0375, dir_acc_avg=55.1%, composite_avg=0.4445
  H1 detail: range=0.2687, mean=0.0478, dist_match=0.6307
  Collapse penalty: 0.000000 (threshold: 0.005000)
  Saved validation predictions to: experiments/12b_feature_sweep/market_only_daily_7q_h5_d015_s42/collapse_monitoring/val_predictions_epoch21.npz
  Gradient norms:
    lstm_encoder: 0.003014
    lstm_decoder: 0.005810
    output_layer: 0.045430
  VSN output std:
    encoder: 0.254531
  Attention entropy: 2.875194
  Saved to: experiments/12b_feature_sweep/market_only_daily_7q_h5_d015_s42/collapse_monitoring/collapse_monitor_latest.json
[DEBUG CollapseMonitor] on_validation_epoch_start called for epoch 22
[DEBUG CollapseMonitor] reset_temporal_state() called on loss function
Epoch 22: val_loss=0.476431667804718
Epoch 22: train_loss=0.44316843152046204

[CollapseMonitor] Epoch 22
  [DEBUG] Processed 15 batches, 5 horizon(s)
  Multi-horizon metrics (5 horizons):
    h1: std=0.0392, dir_acc=55.7%, pos=96%, unique=897, sharpe=24.60
    h2: std=0.0398, dir_acc=55.9%, pos=98%, unique=899, sharpe=25.18
    h3: std=0.0391, dir_acc=55.8%, pos=98%, unique=901, sharpe=26.01
    h4: std=0.0381, dir_acc=55.2%, pos=97%, unique=896, sharpe=26.64
    h5: std=0.0374, dir_acc=55.6%, pos=96%, unique=901, sharpe=27.17
  Aggregate: std_avg=0.0387, dir_acc_avg=55.6%, composite_avg=0.4440
  H1 detail: range=0.2862, mean=0.0608, dist_match=0.6053
  Collapse penalty: 0.000000 (threshold: 0.005000)
  Saved validation predictions to: experiments/12b_feature_sweep/market_only_daily_7q_h5_d015_s42/collapse_monitoring/val_predictions_epoch22.npz
  Gradient norms:
    lstm_encoder: 0.003462
    lstm_decoder: 0.005782
    output_layer: 0.045387
  VSN output std:
    encoder: 0.258325
  Attention entropy: 2.889922
  Saved to: experiments/12b_feature_sweep/market_only_daily_7q_h5_d015_s42/collapse_monitoring/collapse_monitor_latest.json
[DEBUG CollapseMonitor] on_validation_epoch_start called for epoch 23
[DEBUG CollapseMonitor] reset_temporal_state() called on loss function
Epoch 23: val_loss=0.4761386811733246
Epoch 23: train_loss=0.4422181248664856

[CollapseMonitor] Epoch 23
  [DEBUG] Processed 15 batches, 5 horizon(s)
  Multi-horizon metrics (5 horizons):
    h1: std=0.0414, dir_acc=54.4%, pos=94%, unique=901, sharpe=20.83
    h2: std=0.0423, dir_acc=55.3%, pos=97%, unique=898, sharpe=20.94
    h3: std=0.0416, dir_acc=55.3%, pos=97%, unique=894, sharpe=21.47
    h4: std=0.0405, dir_acc=55.5%, pos=96%, unique=900, sharpe=21.91
    h5: std=0.0396, dir_acc=55.3%, pos=95%, unique=900, sharpe=22.30
  Aggregate: std_avg=0.0411, dir_acc_avg=55.2%, composite_avg=0.4429
  H1 detail: range=0.2952, mean=0.0543, dist_match=0.6207
  Collapse penalty: 0.000000 (threshold: 0.005000)
  Saved validation predictions to: experiments/12b_feature_sweep/market_only_daily_7q_h5_d015_s42/collapse_monitoring/val_predictions_epoch23.npz
  Gradient norms:
    lstm_encoder: 0.003964
    lstm_decoder: 0.006980
    output_layer: 0.044288
  VSN output std:
    encoder: 0.259345
  Attention entropy: 2.880126
  Saved to: experiments/12b_feature_sweep/market_only_daily_7q_h5_d015_s42/collapse_monitoring/collapse_monitor_latest.json
[DEBUG CollapseMonitor] on_validation_epoch_start called for epoch 24
[DEBUG CollapseMonitor] reset_temporal_state() called on loss function
Epoch 24: val_loss=0.47604405879974365
Epoch 24: train_loss=0.44129714369773865

[CollapseMonitor] Epoch 24
  [DEBUG] Processed 15 batches, 5 horizon(s)
  Multi-horizon metrics (5 horizons):
    h1: std=0.0411, dir_acc=56.1%, pos=97%, unique=900, sharpe=20.76
    h2: std=0.0425, dir_acc=56.1%, pos=99%, unique=897, sharpe=20.34
    h3: std=0.0418, dir_acc=56.1%, pos=99%, unique=899, sharpe=20.81
    h4: std=0.0405, dir_acc=55.8%, pos=98%, unique=897, sharpe=21.41
    h5: std=0.0391, dir_acc=55.7%, pos=97%, unique=896, sharpe=22.11
  Aggregate: std_avg=0.0410, dir_acc_avg=56.0%, composite_avg=0.4438
  H1 detail: range=0.2972, mean=0.0537, dist_match=0.5943
  Collapse penalty: 0.000000 (threshold: 0.005000)
  Saved validation predictions to: experiments/12b_feature_sweep/market_only_daily_7q_h5_d015_s42/collapse_monitoring/val_predictions_epoch24.npz
  Gradient norms:
    lstm_encoder: 0.004205
    lstm_decoder: 0.008254
    output_layer: 0.045053
  VSN output std:
    encoder: 0.261043
  Attention entropy: 2.870419
  Saved to: experiments/12b_feature_sweep/market_only_daily_7q_h5_d015_s42/collapse_monitoring/collapse_monitor_latest.json
[DEBUG CollapseMonitor] on_validation_epoch_start called for epoch 25
[DEBUG CollapseMonitor] reset_temporal_state() called on loss function
Epoch 25: val_loss=0.4746024012565613
Epoch 25: train_loss=0.4414379894733429

[CollapseMonitor] Epoch 25
  [DEBUG] Processed 15 batches, 5 horizon(s)
  Multi-horizon metrics (5 horizons):
    h1: std=0.0410, dir_acc=54.5%, pos=93%, unique=900, sharpe=16.34
    h2: std=0.0424, dir_acc=55.2%, pos=96%, unique=899, sharpe=16.06
    h3: std=0.0417, dir_acc=55.5%, pos=96%, unique=900, sharpe=16.56
    h4: std=0.0404, dir_acc=55.1%, pos=96%, unique=896, sharpe=17.24
    h5: std=0.0389, dir_acc=55.2%, pos=96%, unique=895, sharpe=18.11
  Aggregate: std_avg=0.0409, dir_acc_avg=55.1%, composite_avg=0.4439
  H1 detail: range=0.3014, mean=0.0422, dist_match=0.6395
  Collapse penalty: 0.000000 (threshold: 0.005000)
  Saved validation predictions to: experiments/12b_feature_sweep/market_only_daily_7q_h5_d015_s42/collapse_monitoring/val_predictions_epoch25.npz
  Gradient norms:
    lstm_encoder: 0.004316
    lstm_decoder: 0.008207
    output_layer: 0.045566
  VSN output std:
    encoder: 0.260695
  Attention entropy: 2.875987
  Saved to: experiments/12b_feature_sweep/market_only_daily_7q_h5_d015_s42/collapse_monitoring/collapse_monitor_latest.json
[DEBUG CollapseMonitor] on_validation_epoch_start called for epoch 26
[DEBUG CollapseMonitor] reset_temporal_state() called on loss function
Epoch 26: val_loss=0.4728222191333771
Epoch 26: train_loss=0.4402226209640503

[CollapseMonitor] Epoch 26
  [DEBUG] Processed 15 batches, 5 horizon(s)
  Multi-horizon metrics (5 horizons):
    h1: std=0.0427, dir_acc=56.2%, pos=97%, unique=898, sharpe=18.92
    h2: std=0.0444, dir_acc=56.3%, pos=98%, unique=900, sharpe=19.12
    h3: std=0.0439, dir_acc=56.6%, pos=98%, unique=895, sharpe=19.93
    h4: std=0.0425, dir_acc=55.9%, pos=98%, unique=898, sharpe=20.90
    h5: std=0.0409, dir_acc=56.0%, pos=97%, unique=896, sharpe=22.08
  Aggregate: std_avg=0.0429, dir_acc_avg=56.2%, composite_avg=0.4457
  H1 detail: range=0.3103, mean=0.0509, dist_match=0.5932
  Collapse penalty: 0.000000 (threshold: 0.005000)
  Saved validation predictions to: experiments/12b_feature_sweep/market_only_daily_7q_h5_d015_s42/collapse_monitoring/val_predictions_epoch26.npz
  Gradient norms:
    lstm_encoder: 0.004651
    lstm_decoder: 0.008868
    output_layer: 0.045957
  VSN output std:
    encoder: 0.260871
  Attention entropy: 2.872752
  Saved to: experiments/12b_feature_sweep/market_only_daily_7q_h5_d015_s42/collapse_monitoring/collapse_monitor_latest.json
[DEBUG CollapseMonitor] on_validation_epoch_start called for epoch 27
[DEBUG CollapseMonitor] reset_temporal_state() called on loss function
Epoch 27: val_loss=0.4728299677371979
Epoch 27: train_loss=0.44074878096580505

[CollapseMonitor] Epoch 27
  [DEBUG] Processed 15 batches, 5 horizon(s)
  Multi-horizon metrics (5 horizons):
    h1: std=0.0413, dir_acc=56.1%, pos=97%, unique=897, sharpe=20.85
    h2: std=0.0429, dir_acc=56.4%, pos=99%, unique=894, sharpe=21.44
    h3: std=0.0425, dir_acc=56.2%, pos=99%, unique=899, sharpe=22.27
    h4: std=0.0414, dir_acc=55.8%, pos=98%, unique=903, sharpe=23.08
    h5: std=0.0401, dir_acc=55.9%, pos=97%, unique=896, sharpe=23.95
  Aggregate: std_avg=0.0416, dir_acc_avg=56.1%, composite_avg=0.4445
  H1 detail: range=0.2967, mean=0.0542, dist_match=0.5987
  Collapse penalty: 0.000000 (threshold: 0.005000)
  Saved validation predictions to: experiments/12b_feature_sweep/market_only_daily_7q_h5_d015_s42/collapse_monitoring/val_predictions_epoch27.npz
  Gradient norms:
    lstm_encoder: 0.005003
    lstm_decoder: 0.009991
    output_layer: 0.044792
  VSN output std:
    encoder: 0.261079
  Attention entropy: 2.860403
  Saved to: experiments/12b_feature_sweep/market_only_daily_7q_h5_d015_s42/collapse_monitoring/collapse_monitor_latest.json
[DEBUG CollapseMonitor] on_validation_epoch_start called for epoch 28
[DEBUG CollapseMonitor] reset_temporal_state() called on loss function
Epoch 28: val_loss=0.4713565409183502
Epoch 28: train_loss=0.43919721245765686

[CollapseMonitor] Epoch 28
  [DEBUG] Processed 15 batches, 5 horizon(s)
  Multi-horizon metrics (5 horizons):
    h1: std=0.0409, dir_acc=55.8%, pos=96%, unique=900, sharpe=20.44
    h2: std=0.0422, dir_acc=56.4%, pos=98%, unique=899, sharpe=20.80
    h3: std=0.0418, dir_acc=56.1%, pos=98%, unique=894, sharpe=21.55
    h4: std=0.0407, dir_acc=55.8%, pos=98%, unique=898, sharpe=22.25
    h5: std=0.0394, dir_acc=55.6%, pos=97%, unique=895, sharpe=22.96
  Aggregate: std_avg=0.0410, dir_acc_avg=55.9%, composite_avg=0.4449
  H1 detail: range=0.3074, mean=0.0527, dist_match=0.6064
  Collapse penalty: 0.000000 (threshold: 0.005000)
  Saved validation predictions to: experiments/12b_feature_sweep/market_only_daily_7q_h5_d015_s42/collapse_monitoring/val_predictions_epoch28.npz
  Gradient norms:
    lstm_encoder: 0.004664
    lstm_decoder: 0.009145
    output_layer: 0.040600
  VSN output std:
    encoder: 0.261164
  Attention entropy: 2.868384
  Saved to: experiments/12b_feature_sweep/market_only_daily_7q_h5_d015_s42/collapse_monitoring/collapse_monitor_latest.json
[DEBUG CollapseMonitor] on_validation_epoch_start called for epoch 29
[DEBUG CollapseMonitor] reset_temporal_state() called on loss function
Epoch 29: val_loss=0.4715193510055542
Epoch 29: train_loss=0.4392862319946289

[CollapseMonitor] Epoch 29
  [DEBUG] Processed 15 batches, 5 horizon(s)
  Multi-horizon metrics (5 horizons):
    h1: std=0.0440, dir_acc=56.1%, pos=97%, unique=903, sharpe=20.17
    h2: std=0.0460, dir_acc=56.4%, pos=99%, unique=891, sharpe=19.86
    h3: std=0.0457, dir_acc=56.3%, pos=99%, unique=893, sharpe=20.20
    h4: std=0.0445, dir_acc=55.9%, pos=98%, unique=897, sharpe=20.59
    h5: std=0.0431, dir_acc=55.8%, pos=98%, unique=898, sharpe=21.07
  Aggregate: std_avg=0.0447, dir_acc_avg=56.1%, composite_avg=0.4442
  H1 detail: range=0.3125, mean=0.0559, dist_match=0.5921
  Collapse penalty: 0.000000 (threshold: 0.005000)
  Saved validation predictions to: experiments/12b_feature_sweep/market_only_daily_7q_h5_d015_s42/collapse_monitoring/val_predictions_epoch29.npz
  Gradient norms:
    lstm_encoder: 0.005562
    lstm_decoder: 0.010860
    output_layer: 0.044187
  VSN output std:
    encoder: 0.260500
  Attention entropy: 2.854739
  Saved to: experiments/12b_feature_sweep/market_only_daily_7q_h5_d015_s42/collapse_monitoring/collapse_monitor_latest.json
[DEBUG CollapseMonitor] on_validation_epoch_start called for epoch 30
[DEBUG CollapseMonitor] reset_temporal_state() called on loss function
Epoch 30: val_loss=0.47101324796676636
Epoch 30: train_loss=0.43897658586502075

[CollapseMonitor] Epoch 30
  [DEBUG] Processed 15 batches, 5 horizon(s)
  Multi-horizon metrics (5 horizons):
    h1: std=0.0387, dir_acc=56.7%, pos=99%, unique=894, sharpe=26.80
    h2: std=0.0404, dir_acc=56.4%, pos=99%, unique=895, sharpe=25.68
    h3: std=0.0402, dir_acc=56.4%, pos=99%, unique=898, sharpe=25.66
    h4: std=0.0392, dir_acc=56.2%, pos=99%, unique=892, sharpe=25.91
    h5: std=0.0381, dir_acc=56.1%, pos=98%, unique=898, sharpe=26.32
  Aggregate: std_avg=0.0393, dir_acc_avg=56.4%, composite_avg=0.4451
  H1 detail: range=0.2886, mean=0.0654, dist_match=0.5799
  Collapse penalty: 0.000000 (threshold: 0.005000)
  Saved validation predictions to: experiments/12b_feature_sweep/market_only_daily_7q_h5_d015_s42/collapse_monitoring/val_predictions_epoch30.npz
  Gradient norms:
    lstm_encoder: 0.005825
    lstm_decoder: 0.011144
    output_layer: 0.042955
  VSN output std:
    encoder: 0.262467
  Attention entropy: 2.857853
  Saved to: experiments/12b_feature_sweep/market_only_daily_7q_h5_d015_s42/collapse_monitoring/collapse_monitor_latest.json
[DEBUG CollapseMonitor] on_validation_epoch_start called for epoch 31
[DEBUG CollapseMonitor] reset_temporal_state() called on loss function
Epoch 31: val_loss=0.470202773809433
Epoch 31: train_loss=0.4383830726146698

[CollapseMonitor] Epoch 31
  [DEBUG] Processed 15 batches, 5 horizon(s)
  Multi-horizon metrics (5 horizons):
    h1: std=0.0383, dir_acc=56.7%, pos=99%, unique=898, sharpe=24.09
    h2: std=0.0402, dir_acc=56.6%, pos=99%, unique=901, sharpe=23.20
    h3: std=0.0402, dir_acc=56.3%, pos=99%, unique=897, sharpe=23.46
    h4: std=0.0392, dir_acc=56.2%, pos=99%, unique=894, sharpe=24.02
    h5: std=0.0380, dir_acc=56.0%, pos=98%, unique=895, sharpe=24.83
  Aggregate: std_avg=0.0392, dir_acc_avg=56.4%, composite_avg=0.4446
  H1 detail: range=0.2813, mean=0.0581, dist_match=0.5799
  Collapse penalty: 0.000000 (threshold: 0.005000)
  Saved validation predictions to: experiments/12b_feature_sweep/market_only_daily_7q_h5_d015_s42/collapse_monitoring/val_predictions_epoch31.npz
  Gradient norms:
    lstm_encoder: 0.006319
    lstm_decoder: 0.012203
    output_layer: 0.041264
  VSN output std:
    encoder: 0.260668
  Attention entropy: 2.855317
  Saved to: experiments/12b_feature_sweep/market_only_daily_7q_h5_d015_s42/collapse_monitoring/collapse_monitor_latest.json
[DEBUG CollapseMonitor] on_validation_epoch_start called for epoch 32
[DEBUG CollapseMonitor] reset_temporal_state() called on loss function
Epoch 32: val_loss=0.46851179003715515
Epoch 32: train_loss=0.43825894594192505

[CollapseMonitor] Epoch 32
  [DEBUG] Processed 15 batches, 5 horizon(s)
  Multi-horizon metrics (5 horizons):
    h1: std=0.0380, dir_acc=56.7%, pos=99%, unique=895, sharpe=25.53
    h2: std=0.0407, dir_acc=56.6%, pos=100%, unique=901, sharpe=23.58
    h3: std=0.0410, dir_acc=56.4%, pos=100%, unique=894, sharpe=23.28
    h4: std=0.0401, dir_acc=56.3%, pos=100%, unique=895, sharpe=23.55
    h5: std=0.0389, dir_acc=56.4%, pos=100%, unique=893, sharpe=24.21
  Aggregate: std_avg=0.0397, dir_acc_avg=56.5%, composite_avg=0.4428
  H1 detail: range=0.2722, mean=0.0612, dist_match=0.5711
  Collapse penalty: 0.000000 (threshold: 0.005000)
  Saved validation predictions to: experiments/12b_feature_sweep/market_only_daily_7q_h5_d015_s42/collapse_monitoring/val_predictions_epoch32.npz
  Gradient norms:
    lstm_encoder: 0.005958
    lstm_decoder: 0.010624
    output_layer: 0.043382
  VSN output std:
    encoder: 0.261631
  Attention entropy: 2.866755
  Saved to: experiments/12b_feature_sweep/market_only_daily_7q_h5_d015_s42/collapse_monitoring/collapse_monitor_latest.json
[DEBUG CollapseMonitor] on_validation_epoch_start called for epoch 33
[DEBUG CollapseMonitor] reset_temporal_state() called on loss function
Epoch 33: val_loss=0.46877482533454895
Epoch 33: train_loss=0.4377146363258362

[CollapseMonitor] Epoch 33
  [DEBUG] Processed 15 batches, 5 horizon(s)
  Multi-horizon metrics (5 horizons):
    h1: std=0.0380, dir_acc=56.7%, pos=99%, unique=899, sharpe=23.86
    h2: std=0.0412, dir_acc=56.7%, pos=100%, unique=899, sharpe=21.70
    h3: std=0.0416, dir_acc=56.4%, pos=100%, unique=899, sharpe=21.14
    h4: std=0.0406, dir_acc=56.2%, pos=99%, unique=898, sharpe=21.18
    h5: std=0.0391, dir_acc=56.3%, pos=99%, unique=897, sharpe=21.69
  Aggregate: std_avg=0.0401, dir_acc_avg=56.5%, composite_avg=0.4436
  H1 detail: range=0.2663, mean=0.0572, dist_match=0.5733
  Collapse penalty: 0.000000 (threshold: 0.005000)
  Saved validation predictions to: experiments/12b_feature_sweep/market_only_daily_7q_h5_d015_s42/collapse_monitoring/val_predictions_epoch33.npz
  Gradient norms:
    lstm_encoder: 0.006939
    lstm_decoder: 0.012344
    output_layer: 0.044163
  VSN output std:
    encoder: 0.259746
  Attention entropy: 2.855317
  Saved to: experiments/12b_feature_sweep/market_only_daily_7q_h5_d015_s42/collapse_monitoring/collapse_monitor_latest.json
[DEBUG CollapseMonitor] on_validation_epoch_start called for epoch 34
[DEBUG CollapseMonitor] reset_temporal_state() called on loss function
Epoch 34: val_loss=0.4676343500614166
Epoch 34: train_loss=0.43808767199516296

[CollapseMonitor] Epoch 34
  [DEBUG] Processed 15 batches, 5 horizon(s)
  Multi-horizon metrics (5 horizons):
    h1: std=0.0335, dir_acc=56.6%, pos=100%, unique=898, sharpe=44.71
    h2: std=0.0363, dir_acc=56.4%, pos=100%, unique=899, sharpe=41.54
    h3: std=0.0369, dir_acc=56.4%, pos=100%, unique=894, sharpe=40.64
    h4: std=0.0361, dir_acc=56.3%, pos=100%, unique=898, sharpe=40.76
    h5: std=0.0348, dir_acc=56.4%, pos=100%, unique=900, sharpe=41.42
  Aggregate: std_avg=0.0355, dir_acc_avg=56.4%, composite_avg=0.4416
  H1 detail: range=0.2360, mean=0.0944, dist_match=0.5656
  Collapse penalty: 0.000000 (threshold: 0.005000)
  Saved validation predictions to: experiments/12b_feature_sweep/market_only_daily_7q_h5_d015_s42/collapse_monitoring/val_predictions_epoch34.npz
  Gradient norms:
    lstm_encoder: 0.007688
    lstm_decoder: 0.014380
    output_layer: 0.045224
  VSN output std:
    encoder: 0.259694
  Attention entropy: 2.857394
  Saved to: experiments/12b_feature_sweep/market_only_daily_7q_h5_d015_s42/collapse_monitoring/collapse_monitor_latest.json
[DEBUG CollapseMonitor] on_validation_epoch_start called for epoch 35
[DEBUG CollapseMonitor] reset_temporal_state() called on loss function
Epoch 35: val_loss=0.4678660035133362
Epoch 35: train_loss=0.43708857893943787

[CollapseMonitor] Epoch 35
  [DEBUG] Processed 15 batches, 5 horizon(s)
  Multi-horizon metrics (5 horizons):
    h1: std=0.0354, dir_acc=56.8%, pos=99%, unique=902, sharpe=23.72
    h2: std=0.0382, dir_acc=56.6%, pos=99%, unique=896, sharpe=21.79
    h3: std=0.0387, dir_acc=56.2%, pos=99%, unique=899, sharpe=20.92
    h4: std=0.0383, dir_acc=56.0%, pos=98%, unique=900, sharpe=20.23
    h5: std=0.0377, dir_acc=55.6%, pos=97%, unique=897, sharpe=19.63
  Aggregate: std_avg=0.0377, dir_acc_avg=56.2%, composite_avg=0.4443
  H1 detail: range=0.2436, mean=0.0529, dist_match=0.5766
  Collapse penalty: 0.000000 (threshold: 0.005000)
  Saved validation predictions to: experiments/12b_feature_sweep/market_only_daily_7q_h5_d015_s42/collapse_monitoring/val_predictions_epoch35.npz
  Gradient norms:
    lstm_encoder: 0.008745
    lstm_decoder: 0.015900
    output_layer: 0.045890
  VSN output std:
    encoder: 0.259775
  Attention entropy: 2.861264
  Saved to: experiments/12b_feature_sweep/market_only_daily_7q_h5_d015_s42/collapse_monitoring/collapse_monitor_latest.json
[DEBUG CollapseMonitor] on_validation_epoch_start called for epoch 36
[DEBUG CollapseMonitor] reset_temporal_state() called on loss function
Epoch 36: val_loss=0.4681648910045624
Epoch 36: train_loss=0.43655815720558167

[CollapseMonitor] Epoch 36
  [DEBUG] Processed 15 batches, 5 horizon(s)
  Multi-horizon metrics (5 horizons):
    h1: std=0.0370, dir_acc=56.6%, pos=100%, unique=898, sharpe=23.38
    h2: std=0.0404, dir_acc=56.4%, pos=100%, unique=903, sharpe=21.76
    h3: std=0.0412, dir_acc=56.3%, pos=100%, unique=903, sharpe=21.12
    h4: std=0.0408, dir_acc=55.8%, pos=99%, unique=898, sharpe=20.74
    h5: std=0.0398, dir_acc=55.7%, pos=98%, unique=902, sharpe=20.54
  Aggregate: std_avg=0.0399, dir_acc_avg=56.2%, composite_avg=0.4409
  H1 detail: range=0.2477, mean=0.0545, dist_match=0.5656
  Collapse penalty: 0.000000 (threshold: 0.005000)
  Saved validation predictions to: experiments/12b_feature_sweep/market_only_daily_7q_h5_d015_s42/collapse_monitoring/val_predictions_epoch36.npz
  Gradient norms:
    lstm_encoder: 0.009717
    lstm_decoder: 0.015301
    output_layer: 0.046842
  VSN output std:
    encoder: 0.258932
  Attention entropy: 2.857638
  Saved to: experiments/12b_feature_sweep/market_only_daily_7q_h5_d015_s42/collapse_monitoring/collapse_monitor_latest.json
[DEBUG CollapseMonitor] on_validation_epoch_start called for epoch 37
[DEBUG CollapseMonitor] reset_temporal_state() called on loss function
Epoch 37: val_loss=0.4689725637435913
Epoch 37: train_loss=0.4373626112937927

[CollapseMonitor] Epoch 37
  [DEBUG] Processed 15 batches, 5 horizon(s)
  Multi-horizon metrics (5 horizons):
    h1: std=0.0407, dir_acc=57.2%, pos=98%, unique=898, sharpe=18.70
    h2: std=0.0450, dir_acc=56.1%, pos=96%, unique=898, sharpe=17.70
    h3: std=0.0461, dir_acc=56.0%, pos=95%, unique=901, sharpe=17.10
    h4: std=0.0457, dir_acc=55.7%, pos=94%, unique=896, sharpe=16.55
    h5: std=0.0448, dir_acc=55.8%, pos=93%, unique=900, sharpe=16.07
  Aggregate: std_avg=0.0445, dir_acc_avg=56.2%, composite_avg=0.4519
  H1 detail: range=0.2616, mean=0.0480, dist_match=0.5854
  Collapse penalty: 0.000000 (threshold: 0.005000)
  Saved validation predictions to: experiments/12b_feature_sweep/market_only_daily_7q_h5_d015_s42/collapse_monitoring/val_predictions_epoch37.npz
  Gradient norms:
    lstm_encoder: 0.009340
    lstm_decoder: 0.014877
    output_layer: 0.043726
  VSN output std:
    encoder: 0.259638
  Attention entropy: 2.846780
  Saved to: experiments/12b_feature_sweep/market_only_daily_7q_h5_d015_s42/collapse_monitoring/collapse_monitor_latest.json
[DEBUG CollapseMonitor] on_validation_epoch_start called for epoch 38
[DEBUG CollapseMonitor] reset_temporal_state() called on loss function
Epoch 38: val_loss=0.4663412272930145
Epoch 38: train_loss=0.43573617935180664

[CollapseMonitor] Epoch 38
  [DEBUG] Processed 15 batches, 5 horizon(s)
  Multi-horizon metrics (5 horizons):
    h1: std=0.0359, dir_acc=56.6%, pos=100%, unique=902, sharpe=26.48
    h2: std=0.0401, dir_acc=56.4%, pos=100%, unique=901, sharpe=23.91
    h3: std=0.0413, dir_acc=56.7%, pos=100%, unique=898, sharpe=22.76
    h4: std=0.0409, dir_acc=56.0%, pos=99%, unique=896, sharpe=22.26
    h5: std=0.0399, dir_acc=55.8%, pos=99%, unique=892, sharpe=22.16
  Aggregate: std_avg=0.0396, dir_acc_avg=56.3%, composite_avg=0.4417
  H1 detail: range=0.2360, mean=0.0600, dist_match=0.5656
  Collapse penalty: 0.000000 (threshold: 0.005000)
  Saved validation predictions to: experiments/12b_feature_sweep/market_only_daily_7q_h5_d015_s42/collapse_monitoring/val_predictions_epoch38.npz
  Gradient norms:
    lstm_encoder: 0.010435
    lstm_decoder: 0.015251
    output_layer: 0.043468
  VSN output std:
    encoder: 0.259197
  Attention entropy: 2.865077
  Saved to: experiments/12b_feature_sweep/market_only_daily_7q_h5_d015_s42/collapse_monitoring/collapse_monitor_latest.json
[DEBUG CollapseMonitor] on_validation_epoch_start called for epoch 39
[DEBUG CollapseMonitor] reset_temporal_state() called on loss function
Epoch 39: val_loss=0.4667554497718811
Epoch 39: train_loss=0.43627941608428955

[CollapseMonitor] Epoch 39
  [DEBUG] Processed 15 batches, 5 horizon(s)
  Multi-horizon metrics (5 horizons):
    h1: std=0.0346, dir_acc=56.6%, pos=100%, unique=900, sharpe=31.45
    h2: std=0.0391, dir_acc=56.4%, pos=100%, unique=902, sharpe=28.63
    h3: std=0.0403, dir_acc=56.4%, pos=100%, unique=896, sharpe=27.89
    h4: std=0.0397, dir_acc=56.3%, pos=100%, unique=903, sharpe=27.93
    h5: std=0.0383, dir_acc=56.4%, pos=100%, unique=898, sharpe=28.43
  Aggregate: std_avg=0.0384, dir_acc_avg=56.4%, composite_avg=0.4416
  H1 detail: range=0.2384, mean=0.0686, dist_match=0.5656
  Collapse penalty: 0.000000 (threshold: 0.005000)
  Saved validation predictions to: experiments/12b_feature_sweep/market_only_daily_7q_h5_d015_s42/collapse_monitoring/val_predictions_epoch39.npz
  Gradient norms:
    lstm_encoder: 0.010340
    lstm_decoder: 0.015293
    output_layer: 0.043794
  VSN output std:
    encoder: 0.259030
  Attention entropy: 2.872941
  Saved to: experiments/12b_feature_sweep/market_only_daily_7q_h5_d015_s42/collapse_monitoring/collapse_monitor_latest.json
[DEBUG CollapseMonitor] on_validation_epoch_start called for epoch 40
[DEBUG CollapseMonitor] reset_temporal_state() called on loss function
Epoch 40: val_loss=0.4657822549343109
Epoch 40: train_loss=0.4363333284854889

[CollapseMonitor] Epoch 40
  [DEBUG] Processed 15 batches, 5 horizon(s)
  Multi-horizon metrics (5 horizons):
    h1: std=0.0364, dir_acc=56.6%, pos=100%, unique=900, sharpe=33.08
    h2: std=0.0412, dir_acc=56.4%, pos=100%, unique=902, sharpe=29.71
    h3: std=0.0426, dir_acc=56.7%, pos=100%, unique=901, sharpe=28.32
    h4: std=0.0423, dir_acc=56.2%, pos=100%, unique=899, sharpe=27.68
    h5: std=0.0414, dir_acc=56.3%, pos=100%, unique=899, sharpe=27.42
  Aggregate: std_avg=0.0408, dir_acc_avg=56.4%, composite_avg=0.4421
  H1 detail: range=0.2498, mean=0.0759, dist_match=0.5656
  Collapse penalty: 0.000000 (threshold: 0.005000)
  Saved validation predictions to: experiments/12b_feature_sweep/market_only_daily_7q_h5_d015_s42/collapse_monitoring/val_predictions_epoch40.npz
  Gradient norms:
    lstm_encoder: 0.012335
    lstm_decoder: 0.017461
    output_layer: 0.043712
  VSN output std:
    encoder: 0.259162
  Attention entropy: 2.870541
  Saved to: experiments/12b_feature_sweep/market_only_daily_7q_h5_d015_s42/collapse_monitoring/collapse_monitor_latest.json
[DEBUG CollapseMonitor] on_validation_epoch_start called for epoch 41
[DEBUG CollapseMonitor] reset_temporal_state() called on loss function
Epoch 41: val_loss=0.4644743502140045
Epoch 41: train_loss=0.43627914786338806

[CollapseMonitor] Epoch 41
  [DEBUG] Processed 15 batches, 5 horizon(s)
  Multi-horizon metrics (5 horizons):
    h1: std=0.0413, dir_acc=56.9%, pos=100%, unique=901, sharpe=26.57
    h2: std=0.0473, dir_acc=56.8%, pos=98%, unique=899, sharpe=23.23
    h3: std=0.0491, dir_acc=56.0%, pos=97%, unique=903, sharpe=21.74
    h4: std=0.0486, dir_acc=55.8%, pos=96%, unique=900, sharpe=21.01
    h5: std=0.0472, dir_acc=56.0%, pos=95%, unique=901, sharpe=20.77
  Aggregate: std_avg=0.0467, dir_acc_avg=56.3%, composite_avg=0.4480
  H1 detail: range=0.2767, mean=0.0691, dist_match=0.5689
  Collapse penalty: 0.000000 (threshold: 0.005000)
  Saved validation predictions to: experiments/12b_feature_sweep/market_only_daily_7q_h5_d015_s42/collapse_monitoring/val_predictions_epoch41.npz
  Gradient norms:
    lstm_encoder: 0.011889
    lstm_decoder: 0.015963
    output_layer: 0.046534
  VSN output std:
    encoder: 0.258150
  Attention entropy: 2.877450
  Saved to: experiments/12b_feature_sweep/market_only_daily_7q_h5_d015_s42/collapse_monitoring/collapse_monitor_latest.json
[DEBUG CollapseMonitor] on_validation_epoch_start called for epoch 42
[DEBUG CollapseMonitor] reset_temporal_state() called on loss function
Epoch 42: val_loss=0.4639180302619934
Epoch 42: train_loss=0.4365820586681366

[CollapseMonitor] Epoch 42
  [DEBUG] Processed 15 batches, 5 horizon(s)
  Multi-horizon metrics (5 horizons):
    h1: std=0.0363, dir_acc=56.6%, pos=100%, unique=903, sharpe=29.24
    h2: std=0.0414, dir_acc=56.9%, pos=99%, unique=902, sharpe=25.47
    h3: std=0.0426, dir_acc=56.4%, pos=98%, unique=904, sharpe=24.06
    h4: std=0.0419, dir_acc=56.1%, pos=97%, unique=899, sharpe=23.68
    h5: std=0.0404, dir_acc=56.8%, pos=97%, unique=901, sharpe=23.98
  Aggregate: std_avg=0.0405, dir_acc_avg=56.6%, composite_avg=0.4477
  H1 detail: range=0.2434, mean=0.0668, dist_match=0.5656
  Collapse penalty: 0.000000 (threshold: 0.005000)
  Saved validation predictions to: experiments/12b_feature_sweep/market_only_daily_7q_h5_d015_s42/collapse_monitoring/val_predictions_epoch42.npz
  Gradient norms:
    lstm_encoder: 0.013582
    lstm_decoder: 0.017716
    output_layer: 0.043979
  VSN output std:
    encoder: 0.259005
  Attention entropy: 2.879551
  Saved to: experiments/12b_feature_sweep/market_only_daily_7q_h5_d015_s42/collapse_monitoring/collapse_monitor_latest.json
[DEBUG CollapseMonitor] on_validation_epoch_start called for epoch 43
[DEBUG CollapseMonitor] reset_temporal_state() called on loss function
Epoch 43: val_loss=0.46451643109321594
Epoch 43: train_loss=0.434837281703949

[CollapseMonitor] Epoch 43
  [DEBUG] Processed 15 batches, 5 horizon(s)
  Multi-horizon metrics (5 horizons):
    h1: std=0.0418, dir_acc=56.1%, pos=95%, unique=905, sharpe=18.57
    h2: std=0.0482, dir_acc=55.3%, pos=93%, unique=899, sharpe=15.94
    h3: std=0.0498, dir_acc=55.6%, pos=93%, unique=903, sharpe=14.86
    h4: std=0.0489, dir_acc=55.6%, pos=92%, unique=902, sharpe=14.49
    h5: std=0.0469, dir_acc=55.7%, pos=92%, unique=903, sharpe=14.66
  Aggregate: std_avg=0.0471, dir_acc_avg=55.7%, composite_avg=0.4552
  H1 detail: range=0.2755, mean=0.0489, dist_match=0.6185
  Collapse penalty: 0.000000 (threshold: 0.005000)
  Saved validation predictions to: experiments/12b_feature_sweep/market_only_daily_7q_h5_d015_s42/collapse_monitoring/val_predictions_epoch43.npz
  Gradient norms:
    lstm_encoder: 0.012714
    lstm_decoder: 0.015990
    output_layer: 0.045778
  VSN output std:
    encoder: 0.257969
  Attention entropy: 2.883124
  Saved to: experiments/12b_feature_sweep/market_only_daily_7q_h5_d015_s42/collapse_monitoring/collapse_monitor_latest.json
[DEBUG CollapseMonitor] on_validation_epoch_start called for epoch 44
[DEBUG CollapseMonitor] reset_temporal_state() called on loss function
Epoch 44: val_loss=0.4641684889793396
Epoch 44: train_loss=0.4344612956047058

[CollapseMonitor] Epoch 44
  [DEBUG] Processed 15 batches, 5 horizon(s)
  Multi-horizon metrics (5 horizons):
    h1: std=0.0386, dir_acc=56.8%, pos=98%, unique=899, sharpe=29.93
    h2: std=0.0445, dir_acc=55.9%, pos=96%, unique=901, sharpe=25.57
    h3: std=0.0459, dir_acc=56.2%, pos=96%, unique=903, sharpe=23.93
    h4: std=0.0452, dir_acc=55.7%, pos=95%, unique=900, sharpe=23.43
    h5: std=0.0435, dir_acc=56.2%, pos=95%, unique=903, sharpe=23.65
  Aggregate: std_avg=0.0435, dir_acc_avg=56.2%, composite_avg=0.4505
  H1 detail: range=0.2540, mean=0.0728, dist_match=0.5877
  Collapse penalty: 0.000000 (threshold: 0.005000)
  Saved validation predictions to: experiments/12b_feature_sweep/market_only_daily_7q_h5_d015_s42/collapse_monitoring/val_predictions_epoch44.npz
  Gradient norms:
    lstm_encoder: 0.012799
    lstm_decoder: 0.015435
    output_layer: 0.040858
  VSN output std:
    encoder: 0.257986
  Attention entropy: 2.876884
  Saved to: experiments/12b_feature_sweep/market_only_daily_7q_h5_d015_s42/collapse_monitoring/collapse_monitor_latest.json
[DEBUG CollapseMonitor] on_validation_epoch_start called for epoch 45
[DEBUG CollapseMonitor] reset_temporal_state() called on loss function
Epoch 45: val_loss=0.463263601064682
Epoch 45: train_loss=0.4351610839366913

[CollapseMonitor] Epoch 45
  [DEBUG] Processed 15 batches, 5 horizon(s)
  Multi-horizon metrics (5 horizons):
    h1: std=0.0409, dir_acc=54.7%, pos=92%, unique=904, sharpe=16.91
    h2: std=0.0469, dir_acc=55.1%, pos=91%, unique=903, sharpe=14.17
    h3: std=0.0483, dir_acc=55.5%, pos=90%, unique=905, sharpe=12.85
    h4: std=0.0474, dir_acc=54.7%, pos=88%, unique=904, sharpe=12.27
    h5: std=0.0455, dir_acc=54.4%, pos=87%, unique=902, sharpe=12.30
  Aggregate: std_avg=0.0458, dir_acc_avg=54.9%, composite_avg=0.4579
  H1 detail: range=0.2679, mean=0.0436, dist_match=0.6483
  Collapse penalty: 0.000000 (threshold: 0.005000)
  Saved validation predictions to: experiments/12b_feature_sweep/market_only_daily_7q_h5_d015_s42/collapse_monitoring/val_predictions_epoch45.npz
  Gradient norms:
    lstm_encoder: 0.013750
    lstm_decoder: 0.016376
    output_layer: 0.044052
  VSN output std:
    encoder: 0.256121
  Attention entropy: 2.887074
  Saved to: experiments/12b_feature_sweep/market_only_daily_7q_h5_d015_s42/collapse_monitoring/collapse_monitor_latest.json
[DEBUG CollapseMonitor] on_validation_epoch_start called for epoch 46
[DEBUG CollapseMonitor] reset_temporal_state() called on loss function
Epoch 46: val_loss=0.46293410658836365
Epoch 46: train_loss=0.43604475259780884

[CollapseMonitor] Epoch 46
  [DEBUG] Processed 15 batches, 5 horizon(s)
  Multi-horizon metrics (5 horizons):
    h1: std=0.0383, dir_acc=55.7%, pos=94%, unique=905, sharpe=23.69
    h2: std=0.0438, dir_acc=55.7%, pos=93%, unique=901, sharpe=20.58
    h3: std=0.0452, dir_acc=55.7%, pos=93%, unique=903, sharpe=19.41
    h4: std=0.0446, dir_acc=55.2%, pos=93%, unique=895, sharpe=19.14
    h5: std=0.0431, dir_acc=55.5%, pos=92%, unique=898, sharpe=19.54
  Aggregate: std_avg=0.0430, dir_acc_avg=55.5%, composite_avg=0.4545
  H1 detail: range=0.2520, mean=0.0572, dist_match=0.6295
  Collapse penalty: 0.000000 (threshold: 0.005000)
  Saved validation predictions to: experiments/12b_feature_sweep/market_only_daily_7q_h5_d015_s42/collapse_monitoring/val_predictions_epoch46.npz
  Gradient norms:
    lstm_encoder: 0.013437
    lstm_decoder: 0.016350
    output_layer: 0.043792
  VSN output std:
    encoder: 0.255662
  Attention entropy: 2.886646
  Saved to: experiments/12b_feature_sweep/market_only_daily_7q_h5_d015_s42/collapse_monitoring/collapse_monitor_latest.json
[DEBUG CollapseMonitor] on_validation_epoch_start called for epoch 47
[DEBUG CollapseMonitor] reset_temporal_state() called on loss function
Epoch 47: val_loss=0.4641757905483246
Epoch 47: train_loss=0.43524235486984253

[CollapseMonitor] Epoch 47
  [DEBUG] Processed 15 batches, 5 horizon(s)
  Multi-horizon metrics (5 horizons):
    h1: std=0.0444, dir_acc=54.6%, pos=91%, unique=907, sharpe=18.43
    h2: std=0.0494, dir_acc=55.0%, pos=91%, unique=903, sharpe=16.61
    h3: std=0.0506, dir_acc=55.6%, pos=90%, unique=900, sharpe=15.85
    h4: std=0.0500, dir_acc=55.2%, pos=90%, unique=902, sharpe=15.62
    h5: std=0.0487, dir_acc=55.6%, pos=90%, unique=902, sharpe=15.83
  Aggregate: std_avg=0.0486, dir_acc_avg=55.2%, composite_avg=0.4585
  H1 detail: range=0.2801, mean=0.0515, dist_match=0.6538
  Collapse penalty: 0.000000 (threshold: 0.005000)
  Saved validation predictions to: experiments/12b_feature_sweep/market_only_daily_7q_h5_d015_s42/collapse_monitoring/val_predictions_epoch47.npz
  Gradient norms:
    lstm_encoder: 0.014908
    lstm_decoder: 0.021370
    output_layer: 0.047288
  VSN output std:
    encoder: 0.255645
  Attention entropy: 2.892307
  Saved to: experiments/12b_feature_sweep/market_only_daily_7q_h5_d015_s42/collapse_monitoring/collapse_monitor_latest.json
[DEBUG CollapseMonitor] on_validation_epoch_start called for epoch 48
[DEBUG CollapseMonitor] reset_temporal_state() called on loss function
Epoch 48: val_loss=0.4612319767475128
Epoch 48: train_loss=0.4347410798072815

[CollapseMonitor] Epoch 48
  [DEBUG] Processed 15 batches, 5 horizon(s)
  Multi-horizon metrics (5 horizons):
    h1: std=0.0457, dir_acc=55.8%, pos=95%, unique=903, sharpe=26.27
    h2: std=0.0515, dir_acc=55.7%, pos=94%, unique=903, sharpe=22.86
    h3: std=0.0528, dir_acc=55.5%, pos=93%, unique=905, sharpe=21.45
    h4: std=0.0520, dir_acc=55.1%, pos=93%, unique=900, sharpe=21.03
    h5: std=0.0501, dir_acc=55.1%, pos=93%, unique=903, sharpe=21.33
  Aggregate: std_avg=0.0504, dir_acc_avg=55.4%, composite_avg=0.4517
  H1 detail: range=0.2878, mean=0.0756, dist_match=0.6196
  Collapse penalty: 0.000000 (threshold: 0.005000)
  Saved validation predictions to: experiments/12b_feature_sweep/market_only_daily_7q_h5_d015_s42/collapse_monitoring/val_predictions_epoch48.npz
  Gradient norms:
    lstm_encoder: 0.015644
    lstm_decoder: 0.018734
    output_layer: 0.046764
  VSN output std:
    encoder: 0.254793
  Attention entropy: 2.896868
  Saved to: experiments/12b_feature_sweep/market_only_daily_7q_h5_d015_s42/collapse_monitoring/collapse_monitor_latest.json
[DEBUG CollapseMonitor] on_validation_epoch_start called for epoch 49
[DEBUG CollapseMonitor] reset_temporal_state() called on loss function
Epoch 49: val_loss=0.4617712199687958
Epoch 49: train_loss=0.4337347745895386

[CollapseMonitor] Epoch 49
  [DEBUG] Processed 15 batches, 5 horizon(s)
  Multi-horizon metrics (5 horizons):
    h1: std=0.0460, dir_acc=56.3%, pos=95%, unique=904, sharpe=26.62
    h2: std=0.0518, dir_acc=56.3%, pos=95%, unique=906, sharpe=24.12
    h3: std=0.0531, dir_acc=55.9%, pos=95%, unique=904, sharpe=23.33
    h4: std=0.0520, dir_acc=55.7%, pos=94%, unique=905, sharpe=23.39
    h5: std=0.0498, dir_acc=56.1%, pos=94%, unique=903, sharpe=24.07
  Aggregate: std_avg=0.0505, dir_acc_avg=56.1%, composite_avg=0.4533
  H1 detail: range=0.2841, mean=0.0772, dist_match=0.6119
  Collapse penalty: 0.000000 (threshold: 0.005000)
  Saved validation predictions to: experiments/12b_feature_sweep/market_only_daily_7q_h5_d015_s42/collapse_monitoring/val_predictions_epoch49.npz
  Gradient norms:
    lstm_encoder: 0.016638
    lstm_decoder: 0.020066
    output_layer: 0.042120
  VSN output std:
    encoder: 0.254668
  Attention entropy: 2.894722
  Saved to: experiments/12b_feature_sweep/market_only_daily_7q_h5_d015_s42/collapse_monitoring/collapse_monitor_latest.json
[DEBUG CollapseMonitor] on_validation_epoch_start called for epoch 50
[DEBUG CollapseMonitor] reset_temporal_state() called on loss function
Epoch 50: val_loss=0.46336957812309265
Epoch 50: train_loss=0.43430206179618835

[CollapseMonitor] Epoch 50
  [DEBUG] Processed 15 batches, 5 horizon(s)
  Multi-horizon metrics (5 horizons):
    h1: std=0.0486, dir_acc=55.2%, pos=93%, unique=902, sharpe=20.11
    h2: std=0.0539, dir_acc=55.3%, pos=93%, unique=904, sharpe=19.02
    h3: std=0.0547, dir_acc=55.2%, pos=93%, unique=903, sharpe=18.94
    h4: std=0.0531, dir_acc=55.2%, pos=93%, unique=903, sharpe=19.41
    h5: std=0.0505, dir_acc=55.7%, pos=93%, unique=902, sharpe=20.37
  Aggregate: std_avg=0.0522, dir_acc_avg=55.3%, composite_avg=0.4520
  H1 detail: range=0.2868, mean=0.0616, dist_match=0.6340
  Collapse penalty: 0.000000 (threshold: 0.005000)
  Saved validation predictions to: experiments/12b_feature_sweep/market_only_daily_7q_h5_d015_s42/collapse_monitoring/val_predictions_epoch50.npz
  Gradient norms:
    lstm_encoder: 0.015172
    lstm_decoder: 0.016967
    output_layer: 0.041645
  VSN output std:
    encoder: 0.253631
  Attention entropy: 2.895770
  Saved to: experiments/12b_feature_sweep/market_only_daily_7q_h5_d015_s42/collapse_monitoring/collapse_monitor_latest.json
[DEBUG CollapseMonitor] on_validation_epoch_start called for epoch 51
[DEBUG CollapseMonitor] reset_temporal_state() called on loss function
Epoch 51: val_loss=0.46101728081703186
Epoch 51: train_loss=0.43449288606643677

[CollapseMonitor] Epoch 51
  [DEBUG] Processed 15 batches, 5 horizon(s)
  Multi-horizon metrics (5 horizons):
    h1: std=0.0496, dir_acc=55.3%, pos=93%, unique=904, sharpe=19.97
    h2: std=0.0552, dir_acc=55.2%, pos=92%, unique=904, sharpe=18.08
    h3: std=0.0560, dir_acc=55.6%, pos=92%, unique=899, sharpe=17.49
    h4: std=0.0544, dir_acc=55.2%, pos=92%, unique=903, sharpe=17.58
    h5: std=0.0520, dir_acc=55.2%, pos=92%, unique=898, sharpe=18.25
  Aggregate: std_avg=0.0534, dir_acc_avg=55.3%, composite_avg=0.4539
  H1 detail: range=0.3159, mean=0.0624, dist_match=0.6395
  Collapse penalty: 0.000000 (threshold: 0.005000)
  Saved validation predictions to: experiments/12b_feature_sweep/market_only_daily_7q_h5_d015_s42/collapse_monitoring/val_predictions_epoch51.npz
  Gradient norms:
    lstm_encoder: 0.013160
    lstm_decoder: 0.019391
    output_layer: 0.043651
  VSN output std:
    encoder: 0.253682
  Attention entropy: 2.886536
  Saved to: experiments/12b_feature_sweep/market_only_daily_7q_h5_d015_s42/collapse_monitoring/collapse_monitor_latest.json
[DEBUG CollapseMonitor] on_validation_epoch_start called for epoch 52
[DEBUG CollapseMonitor] reset_temporal_state() called on loss function
Epoch 52: val_loss=0.46098893880844116
Epoch 52: train_loss=0.4341631233692169

[CollapseMonitor] Epoch 52
  [DEBUG] Processed 15 batches, 5 horizon(s)
  Multi-horizon metrics (5 horizons):
    h1: std=0.0466, dir_acc=55.9%, pos=94%, unique=904, sharpe=24.79
    h2: std=0.0509, dir_acc=55.5%, pos=93%, unique=904, sharpe=22.88
    h3: std=0.0513, dir_acc=55.6%, pos=93%, unique=902, sharpe=22.46
    h4: std=0.0499, dir_acc=54.9%, pos=93%, unique=903, sharpe=22.87
    h5: std=0.0476, dir_acc=55.2%, pos=93%, unique=903, sharpe=23.98
  Aggregate: std_avg=0.0492, dir_acc_avg=55.4%, composite_avg=0.4527
  H1 detail: range=0.2820, mean=0.0727, dist_match=0.6295
  Collapse penalty: 0.000000 (threshold: 0.005000)
  Saved validation predictions to: experiments/12b_feature_sweep/market_only_daily_7q_h5_d015_s42/collapse_monitoring/val_predictions_epoch52.npz
  Gradient norms:
    lstm_encoder: 0.013666
    lstm_decoder: 0.016263
    output_layer: 0.043815
  VSN output std:
    encoder: 0.251711
  Attention entropy: 2.902391
  Saved to: experiments/12b_feature_sweep/market_only_daily_7q_h5_d015_s42/collapse_monitoring/collapse_monitor_latest.json
[DEBUG CollapseMonitor] on_validation_epoch_start called for epoch 53
[DEBUG CollapseMonitor] reset_temporal_state() called on loss function
Epoch 53: val_loss=0.4613914489746094
Epoch 53: train_loss=0.43473246693611145

[CollapseMonitor] Epoch 53
  [DEBUG] Processed 15 batches, 5 horizon(s)
  Multi-horizon metrics (5 horizons):
    h1: std=0.0517, dir_acc=55.8%, pos=94%, unique=905, sharpe=24.17
    h2: std=0.0563, dir_acc=55.5%, pos=93%, unique=901, sharpe=21.96
    h3: std=0.0568, dir_acc=55.0%, pos=93%, unique=901, sharpe=21.18
    h4: std=0.0552, dir_acc=55.0%, pos=93%, unique=901, sharpe=21.18
    h5: std=0.0527, dir_acc=55.3%, pos=93%, unique=902, sharpe=21.85
  Aggregate: std_avg=0.0546, dir_acc_avg=55.3%, composite_avg=0.4519
  H1 detail: range=0.3113, mean=0.0787, dist_match=0.6284
  Collapse penalty: 0.000000 (threshold: 0.005000)
  Saved validation predictions to: experiments/12b_feature_sweep/market_only_daily_7q_h5_d015_s42/collapse_monitoring/val_predictions_epoch53.npz
  Gradient norms:
    lstm_encoder: 0.015195
    lstm_decoder: 0.017628
    output_layer: 0.043007
  VSN output std:
    encoder: 0.252787
  Attention entropy: 2.900770
  Saved to: experiments/12b_feature_sweep/market_only_daily_7q_h5_d015_s42/collapse_monitoring/collapse_monitor_latest.json
[DEBUG CollapseMonitor] on_validation_epoch_start called for epoch 54
[DEBUG CollapseMonitor] reset_temporal_state() called on loss function
Epoch 54: val_loss=0.46097275614738464
Epoch 54: train_loss=0.43360304832458496

[CollapseMonitor] Epoch 54
  [DEBUG] Processed 15 batches, 5 horizon(s)
  Multi-horizon metrics (5 horizons):
    h1: std=0.0571, dir_acc=56.1%, pos=95%, unique=906, sharpe=23.94
    h2: std=0.0621, dir_acc=55.6%, pos=94%, unique=904, sharpe=21.65
    h3: std=0.0620, dir_acc=55.3%, pos=94%, unique=903, sharpe=20.87
    h4: std=0.0596, dir_acc=55.3%, pos=94%, unique=905, sharpe=20.93
    h5: std=0.0561, dir_acc=55.8%, pos=94%, unique=900, sharpe=21.70
  Aggregate: std_avg=0.0594, dir_acc_avg=55.6%, composite_avg=0.4517
  H1 detail: range=0.3248, mean=0.0861, dist_match=0.6185
  Collapse penalty: 0.000000 (threshold: 0.005000)
  Saved validation predictions to: experiments/12b_feature_sweep/market_only_daily_7q_h5_d015_s42/collapse_monitoring/val_predictions_epoch54.npz
  Gradient norms:
    lstm_encoder: 0.015660
    lstm_decoder: 0.018833
    output_layer: 0.044371
  VSN output std:
    encoder: 0.252286
  Attention entropy: 2.897190
  Saved to: experiments/12b_feature_sweep/market_only_daily_7q_h5_d015_s42/collapse_monitoring/collapse_monitor_latest.json
[DEBUG CollapseMonitor] on_validation_epoch_start called for epoch 55
[DEBUG CollapseMonitor] reset_temporal_state() called on loss function
Epoch 55: val_loss=0.4595174491405487
Epoch 55: train_loss=0.4333891272544861

[CollapseMonitor] Epoch 55
  [DEBUG] Processed 15 batches, 5 horizon(s)
  Multi-horizon metrics (5 horizons):
    h1: std=0.0513, dir_acc=56.0%, pos=95%, unique=905, sharpe=25.77
    h2: std=0.0558, dir_acc=56.2%, pos=94%, unique=902, sharpe=23.29
    h3: std=0.0558, dir_acc=55.6%, pos=94%, unique=905, sharpe=22.44
    h4: std=0.0536, dir_acc=55.7%, pos=94%, unique=904, sharpe=22.47
    h5: std=0.0506, dir_acc=55.5%, pos=94%, unique=904, sharpe=23.18
  Aggregate: std_avg=0.0534, dir_acc_avg=55.8%, composite_avg=0.4524
  H1 detail: range=0.3000, mean=0.0833, dist_match=0.6152
  Collapse penalty: 0.000000 (threshold: 0.005000)
  Saved validation predictions to: experiments/12b_feature_sweep/market_only_daily_7q_h5_d015_s42/collapse_monitoring/val_predictions_epoch55.npz
  Gradient norms:
    lstm_encoder: 0.016172
    lstm_decoder: 0.016847
    output_layer: 0.044457
  VSN output std:
    encoder: 0.250202
  Attention entropy: 2.902023
  Saved to: experiments/12b_feature_sweep/market_only_daily_7q_h5_d015_s42/collapse_monitoring/collapse_monitor_latest.json
[DEBUG CollapseMonitor] on_validation_epoch_start called for epoch 56
[DEBUG CollapseMonitor] reset_temporal_state() called on loss function
Epoch 56: val_loss=0.46116122603416443
Epoch 56: train_loss=0.4343641996383667

[CollapseMonitor] Epoch 56
  [DEBUG] Processed 15 batches, 5 horizon(s)
  Multi-horizon metrics (5 horizons):
    h1: std=0.0510, dir_acc=55.9%, pos=94%, unique=905, sharpe=22.86
    h2: std=0.0550, dir_acc=55.8%, pos=94%, unique=903, sharpe=20.92
    h3: std=0.0547, dir_acc=55.3%, pos=93%, unique=905, sharpe=20.48
    h4: std=0.0524, dir_acc=55.1%, pos=93%, unique=900, sharpe=20.90
    h5: std=0.0493, dir_acc=55.5%, pos=93%, unique=903, sharpe=22.03
  Aggregate: std_avg=0.0525, dir_acc_avg=55.5%, composite_avg=0.4526
  H1 detail: range=0.2939, mean=0.0735, dist_match=0.6251
  Collapse penalty: 0.000000 (threshold: 0.005000)
  Saved validation predictions to: experiments/12b_feature_sweep/market_only_daily_7q_h5_d015_s42/collapse_monitoring/val_predictions_epoch56.npz
  Gradient norms:
    lstm_encoder: 0.015220
    lstm_decoder: 0.017244
    output_layer: 0.044179
  VSN output std:
    encoder: 0.248936
  Attention entropy: 2.910709
  Saved to: experiments/12b_feature_sweep/market_only_daily_7q_h5_d015_s42/collapse_monitoring/collapse_monitor_latest.json
[DEBUG CollapseMonitor] on_validation_epoch_start called for epoch 57
[DEBUG CollapseMonitor] reset_temporal_state() called on loss function
Epoch 57: val_loss=0.46014848351478577
Epoch 57: train_loss=0.43372127413749695

[CollapseMonitor] Epoch 57
  [DEBUG] Processed 15 batches, 5 horizon(s)
  Multi-horizon metrics (5 horizons):
    h1: std=0.0557, dir_acc=55.8%, pos=94%, unique=904, sharpe=23.00
    h2: std=0.0585, dir_acc=55.7%, pos=94%, unique=907, sharpe=21.57
    h3: std=0.0578, dir_acc=55.3%, pos=93%, unique=905, sharpe=20.97
    h4: std=0.0554, dir_acc=55.5%, pos=93%, unique=903, sharpe=20.93
    h5: std=0.0524, dir_acc=55.5%, pos=93%, unique=902, sharpe=21.44
  Aggregate: std_avg=0.0559, dir_acc_avg=55.5%, composite_avg=0.4527
  H1 detail: range=0.3094, mean=0.0806, dist_match=0.6240
  Collapse penalty: 0.000000 (threshold: 0.005000)
  Saved validation predictions to: experiments/12b_feature_sweep/market_only_daily_7q_h5_d015_s42/collapse_monitoring/val_predictions_epoch57.npz
  Gradient norms:
    lstm_encoder: 0.016586
    lstm_decoder: 0.020100
    output_layer: 0.044903
  VSN output std:
    encoder: 0.248269
  Attention entropy: 2.905264
  Saved to: experiments/12b_feature_sweep/market_only_daily_7q_h5_d015_s42/collapse_monitoring/collapse_monitor_latest.json
[DEBUG CollapseMonitor] on_validation_epoch_start called for epoch 58
[DEBUG CollapseMonitor] reset_temporal_state() called on loss function
Epoch 58: val_loss=0.460875004529953
Epoch 58: train_loss=0.43406054377555847

[CollapseMonitor] Epoch 58
  [DEBUG] Processed 15 batches, 5 horizon(s)
  Multi-horizon metrics (5 horizons):
    h1: std=0.0504, dir_acc=56.3%, pos=95%, unique=902, sharpe=25.47
    h2: std=0.0532, dir_acc=55.9%, pos=95%, unique=904, sharpe=24.24
    h3: std=0.0524, dir_acc=56.1%, pos=95%, unique=903, sharpe=24.19
    h4: std=0.0499, dir_acc=55.8%, pos=95%, unique=903, sharpe=24.93
    h5: std=0.0469, dir_acc=56.3%, pos=95%, unique=900, sharpe=26.37
  Aggregate: std_avg=0.0505, dir_acc_avg=56.1%, composite_avg=0.4530
  H1 detail: range=0.2586, mean=0.0809, dist_match=0.6141
  Collapse penalty: 0.000000 (threshold: 0.005000)
  Saved validation predictions to: experiments/12b_feature_sweep/market_only_daily_7q_h5_d015_s42/collapse_monitoring/val_predictions_epoch58.npz
  Gradient norms:
    lstm_encoder: 0.015989
    lstm_decoder: 0.019630
    output_layer: 0.045928
  VSN output std:
    encoder: 0.246023
  Attention entropy: 2.903953
  Saved to: experiments/12b_feature_sweep/market_only_daily_7q_h5_d015_s42/collapse_monitoring/collapse_monitor_latest.json
[DEBUG CollapseMonitor] on_validation_epoch_start called for epoch 59
[DEBUG CollapseMonitor] reset_temporal_state() called on loss function
Epoch 59: val_loss=0.46001484990119934
Epoch 59: train_loss=0.4331260621547699

[CollapseMonitor] Epoch 59
  [DEBUG] Processed 15 batches, 5 horizon(s)
  Multi-horizon metrics (5 horizons):
    h1: std=0.0525, dir_acc=56.2%, pos=95%, unique=907, sharpe=30.96
    h2: std=0.0544, dir_acc=56.1%, pos=95%, unique=904, sharpe=29.69
    h3: std=0.0536, dir_acc=56.3%, pos=95%, unique=905, sharpe=29.38
    h4: std=0.0515, dir_acc=55.9%, pos=95%, unique=903, sharpe=29.74
    h5: std=0.0490, dir_acc=56.2%, pos=95%, unique=900, sharpe=30.66
  Aggregate: std_avg=0.0522, dir_acc_avg=56.2%, composite_avg=0.4531
  H1 detail: range=0.2910, mean=0.1024, dist_match=0.6130
  Collapse penalty: 0.000000 (threshold: 0.005000)
  Saved validation predictions to: experiments/12b_feature_sweep/market_only_daily_7q_h5_d015_s42/collapse_monitoring/val_predictions_epoch59.npz
  Gradient norms:
    lstm_encoder: 0.013909
    lstm_decoder: 0.017943
    output_layer: 0.043394
  VSN output std:
    encoder: 0.245384
  Attention entropy: 2.906595
  Saved to: experiments/12b_feature_sweep/market_only_daily_7q_h5_d015_s42/collapse_monitoring/collapse_monitor_latest.json
[DEBUG CollapseMonitor] on_validation_epoch_start called for epoch 60
[DEBUG CollapseMonitor] reset_temporal_state() called on loss function
Epoch 60: val_loss=0.4595015347003937
Epoch 60: train_loss=0.43399298191070557

[CollapseMonitor] Epoch 60
  [DEBUG] Processed 15 batches, 5 horizon(s)
  Multi-horizon metrics (5 horizons):
    h1: std=0.0497, dir_acc=56.3%, pos=96%, unique=906, sharpe=31.58
    h2: std=0.0503, dir_acc=55.9%, pos=96%, unique=905, sharpe=31.02
    h3: std=0.0489, dir_acc=56.1%, pos=96%, unique=904, sharpe=31.05
    h4: std=0.0466, dir_acc=56.0%, pos=96%, unique=904, sharpe=31.58
    h5: std=0.0442, dir_acc=56.7%, pos=95%, unique=906, sharpe=32.60
  Aggregate: std_avg=0.0479, dir_acc_avg=56.2%, composite_avg=0.4519
  H1 detail: range=0.2664, mean=0.0988, dist_match=0.6075
  Collapse penalty: 0.000000 (threshold: 0.005000)
  Saved validation predictions to: experiments/12b_feature_sweep/market_only_daily_7q_h5_d015_s42/collapse_monitoring/val_predictions_epoch60.npz
  Gradient norms:
    lstm_encoder: 0.015652
    lstm_decoder: 0.018501
    output_layer: 0.048493
  VSN output std:
    encoder: 0.245505
  Attention entropy: 2.898669
  Saved to: experiments/12b_feature_sweep/market_only_daily_7q_h5_d015_s42/collapse_monitoring/collapse_monitor_latest.json
[DEBUG CollapseMonitor] on_validation_epoch_start called for epoch 61
[DEBUG CollapseMonitor] reset_temporal_state() called on loss function
Epoch 61: val_loss=0.459406316280365
Epoch 61: train_loss=0.43331050872802734

[CollapseMonitor] Epoch 61
  [DEBUG] Processed 15 batches, 5 horizon(s)
  Multi-horizon metrics (5 horizons):
    h1: std=0.0506, dir_acc=55.3%, pos=94%, unique=905, sharpe=22.37
    h2: std=0.0525, dir_acc=55.5%, pos=94%, unique=901, sharpe=21.28
    h3: std=0.0515, dir_acc=55.7%, pos=93%, unique=904, sharpe=20.91
    h4: std=0.0493, dir_acc=55.6%, pos=93%, unique=903, sharpe=21.05
    h5: std=0.0468, dir_acc=55.5%, pos=93%, unique=905, sharpe=21.67
  Aggregate: std_avg=0.0501, dir_acc_avg=55.5%, composite_avg=0.4521
  H1 detail: range=0.2749, mean=0.0713, dist_match=0.6284
  Collapse penalty: 0.000000 (threshold: 0.005000)
  Saved validation predictions to: experiments/12b_feature_sweep/market_only_daily_7q_h5_d015_s42/collapse_monitoring/val_predictions_epoch61.npz
  Gradient norms:
    lstm_encoder: 0.015114
    lstm_decoder: 0.017471
    output_layer: 0.044263
  VSN output std:
    encoder: 0.245934
  Attention entropy: 2.898306
  Saved to: experiments/12b_feature_sweep/market_only_daily_7q_h5_d015_s42/collapse_monitoring/collapse_monitor_latest.json
[DEBUG CollapseMonitor] on_validation_epoch_start called for epoch 62
[DEBUG CollapseMonitor] reset_temporal_state() called on loss function
Epoch 62: val_loss=0.4602292776107788
Epoch 62: train_loss=0.4329777956008911

[CollapseMonitor] Epoch 62
  [DEBUG] Processed 15 batches, 5 horizon(s)
  Multi-horizon metrics (5 horizons):
    h1: std=0.0540, dir_acc=54.9%, pos=93%, unique=906, sharpe=20.91
    h2: std=0.0555, dir_acc=55.3%, pos=93%, unique=906, sharpe=19.90
    h3: std=0.0543, dir_acc=55.5%, pos=93%, unique=907, sharpe=19.39
    h4: std=0.0520, dir_acc=55.2%, pos=93%, unique=902, sharpe=19.30
    h5: std=0.0495, dir_acc=55.8%, pos=93%, unique=904, sharpe=19.65
  Aggregate: std_avg=0.0531, dir_acc_avg=55.3%, composite_avg=0.4531
  H1 detail: range=0.2923, mean=0.0712, dist_match=0.6351
  Collapse penalty: 0.000000 (threshold: 0.005000)
  Saved validation predictions to: experiments/12b_feature_sweep/market_only_daily_7q_h5_d015_s42/collapse_monitoring/val_predictions_epoch62.npz
  Gradient norms:
    lstm_encoder: 0.015862
    lstm_decoder: 0.017800
    output_layer: 0.043465
  VSN output std:
    encoder: 0.245776
  Attention entropy: 2.898337
  Saved to: experiments/12b_feature_sweep/market_only_daily_7q_h5_d015_s42/collapse_monitoring/collapse_monitor_latest.json
[DEBUG CollapseMonitor] on_validation_epoch_start called for epoch 63
[DEBUG CollapseMonitor] reset_temporal_state() called on loss function
Epoch 63: val_loss=0.45976999402046204
Epoch 63: train_loss=0.4323907792568207

[CollapseMonitor] Epoch 63
  [DEBUG] Processed 15 batches, 5 horizon(s)
  Multi-horizon metrics (5 horizons):
    h1: std=0.0515, dir_acc=55.8%, pos=94%, unique=906, sharpe=25.58
    h2: std=0.0528, dir_acc=55.5%, pos=94%, unique=906, sharpe=24.45
    h3: std=0.0515, dir_acc=55.7%, pos=94%, unique=902, sharpe=24.05
    h4: std=0.0491, dir_acc=55.5%, pos=94%, unique=901, sharpe=24.17
    h5: std=0.0466, dir_acc=55.7%, pos=93%, unique=901, sharpe=24.81
  Aggregate: std_avg=0.0503, dir_acc_avg=55.6%, composite_avg=0.4523
  H1 detail: range=0.2827, mean=0.0830, dist_match=0.6240
  Collapse penalty: 0.000000 (threshold: 0.005000)
  Saved validation predictions to: experiments/12b_feature_sweep/market_only_daily_7q_h5_d015_s42/collapse_monitoring/val_predictions_epoch63.npz
  Gradient norms:
    lstm_encoder: 0.015237
    lstm_decoder: 0.017969
    output_layer: 0.043680
  VSN output std:
    encoder: 0.245617
  Attention entropy: 2.905341
  Saved to: experiments/12b_feature_sweep/market_only_daily_7q_h5_d015_s42/collapse_monitoring/collapse_monitor_latest.json
[DEBUG CollapseMonitor] on_validation_epoch_start called for epoch 64
[DEBUG CollapseMonitor] reset_temporal_state() called on loss function
Epoch 64: val_loss=0.4597603380680084
Epoch 64: train_loss=0.43190494179725647

[CollapseMonitor] Epoch 64
  [DEBUG] Processed 15 batches, 5 horizon(s)
  Multi-horizon metrics (5 horizons):
    h1: std=0.0532, dir_acc=55.2%, pos=94%, unique=906, sharpe=23.70
    h2: std=0.0549, dir_acc=55.6%, pos=93%, unique=906, sharpe=22.17
    h3: std=0.0535, dir_acc=55.7%, pos=93%, unique=904, sharpe=21.50
    h4: std=0.0511, dir_acc=55.3%, pos=93%, unique=903, sharpe=21.39
    h5: std=0.0484, dir_acc=55.8%, pos=93%, unique=899, sharpe=21.86
  Aggregate: std_avg=0.0522, dir_acc_avg=55.5%, composite_avg=0.4533
  H1 detail: range=0.2911, mean=0.0795, dist_match=0.6295
  Collapse penalty: 0.000000 (threshold: 0.005000)
  Saved validation predictions to: experiments/12b_feature_sweep/market_only_daily_7q_h5_d015_s42/collapse_monitoring/val_predictions_epoch64.npz
  Gradient norms:
    lstm_encoder: 0.014155
    lstm_decoder: 0.017745
    output_layer: 0.038372
  VSN output std:
    encoder: 0.245627
  Attention entropy: 2.902839
  Saved to: experiments/12b_feature_sweep/market_only_daily_7q_h5_d015_s42/collapse_monitoring/collapse_monitor_latest.json
[DEBUG CollapseMonitor] on_validation_epoch_start called for epoch 65
[DEBUG CollapseMonitor] reset_temporal_state() called on loss function
Epoch 65: val_loss=0.45907697081565857
Epoch 65: train_loss=0.43277475237846375

[CollapseMonitor] Epoch 65
  [DEBUG] Processed 15 batches, 5 horizon(s)
  Multi-horizon metrics (5 horizons):
    h1: std=0.0508, dir_acc=55.8%, pos=94%, unique=902, sharpe=24.59
    h2: std=0.0521, dir_acc=55.5%, pos=94%, unique=903, sharpe=23.32
    h3: std=0.0505, dir_acc=55.6%, pos=94%, unique=903, sharpe=22.94
    h4: std=0.0479, dir_acc=55.6%, pos=93%, unique=904, sharpe=23.16
    h5: std=0.0452, dir_acc=55.6%, pos=93%, unique=903, sharpe=23.95
  Aggregate: std_avg=0.0493, dir_acc_avg=55.6%, composite_avg=0.4524
  H1 detail: range=0.2794, mean=0.0787, dist_match=0.6240
  Collapse penalty: 0.000000 (threshold: 0.005000)
  Saved validation predictions to: experiments/12b_feature_sweep/market_only_daily_7q_h5_d015_s42/collapse_monitoring/val_predictions_epoch65.npz
  Gradient norms:
    lstm_encoder: 0.016426
    lstm_decoder: 0.021837
    output_layer: 0.043221
  VSN output std:
    encoder: 0.245174
  Attention entropy: 2.903241
  Saved to: experiments/12b_feature_sweep/market_only_daily_7q_h5_d015_s42/collapse_monitoring/collapse_monitor_latest.json
[DEBUG CollapseMonitor] on_validation_epoch_start called for epoch 66
[DEBUG CollapseMonitor] reset_temporal_state() called on loss function
Epoch 66: val_loss=0.4603767991065979
Epoch 66: train_loss=0.43226003646850586

[CollapseMonitor] Epoch 66
  [DEBUG] Processed 15 batches, 5 horizon(s)
  Multi-horizon metrics (5 horizons):
    h1: std=0.0516, dir_acc=55.2%, pos=93%, unique=902, sharpe=21.13
    h2: std=0.0526, dir_acc=55.8%, pos=93%, unique=901, sharpe=20.33
    h3: std=0.0510, dir_acc=55.7%, pos=93%, unique=904, sharpe=20.10
    h4: std=0.0483, dir_acc=55.6%, pos=93%, unique=903, sharpe=20.32
    h5: std=0.0456, dir_acc=55.6%, pos=93%, unique=902, sharpe=21.06
  Aggregate: std_avg=0.0498, dir_acc_avg=55.6%, composite_avg=0.4537
  H1 detail: range=0.2818, mean=0.0687, dist_match=0.6318
  Collapse penalty: 0.000000 (threshold: 0.005000)
  Saved validation predictions to: experiments/12b_feature_sweep/market_only_daily_7q_h5_d015_s42/collapse_monitoring/val_predictions_epoch66.npz
  Gradient norms:
    lstm_encoder: 0.015550
    lstm_decoder: 0.019377
    output_layer: 0.046147
  VSN output std:
    encoder: 0.245368
  Attention entropy: 2.907324
  Saved to: experiments/12b_feature_sweep/market_only_daily_7q_h5_d015_s42/collapse_monitoring/collapse_monitor_latest.json
[DEBUG CollapseMonitor] on_validation_epoch_start called for epoch 67
[DEBUG CollapseMonitor] reset_temporal_state() called on loss function
Epoch 67: val_loss=0.4592578113079071
Epoch 67: train_loss=0.4325336217880249

[CollapseMonitor] Epoch 67
  [DEBUG] Processed 15 batches, 5 horizon(s)
  Multi-horizon metrics (5 horizons):
    h1: std=0.0520, dir_acc=56.4%, pos=95%, unique=904, sharpe=30.16
    h2: std=0.0530, dir_acc=55.9%, pos=95%, unique=905, sharpe=28.89
    h3: std=0.0513, dir_acc=56.0%, pos=95%, unique=906, sharpe=28.78
    h4: std=0.0488, dir_acc=55.7%, pos=95%, unique=900, sharpe=29.38
    h5: std=0.0461, dir_acc=56.1%, pos=95%, unique=904, sharpe=30.57
  Aggregate: std_avg=0.0502, dir_acc_avg=56.0%, composite_avg=0.4528
  H1 detail: range=0.2898, mean=0.0988, dist_match=0.6130
  Collapse penalty: 0.000000 (threshold: 0.005000)
  Saved validation predictions to: experiments/12b_feature_sweep/market_only_daily_7q_h5_d015_s42/collapse_monitoring/val_predictions_epoch67.npz
  Gradient norms:
    lstm_encoder: 0.016129
    lstm_decoder: 0.019800
    output_layer: 0.044888
  VSN output std:
    encoder: 0.244673
  Attention entropy: 2.912822
  Saved to: experiments/12b_feature_sweep/market_only_daily_7q_h5_d015_s42/collapse_monitoring/collapse_monitor_latest.json
[DEBUG CollapseMonitor] on_validation_epoch_start called for epoch 68
[DEBUG CollapseMonitor] reset_temporal_state() called on loss function
Epoch 68: val_loss=0.4602566957473755
Epoch 68: train_loss=0.43258947134017944

[CollapseMonitor] Epoch 68
  [DEBUG] Processed 15 batches, 5 horizon(s)
  Multi-horizon metrics (5 horizons):
    h1: std=0.0525, dir_acc=55.0%, pos=92%, unique=904, sharpe=20.06
    h2: std=0.0534, dir_acc=55.1%, pos=92%, unique=904, sharpe=18.92
    h3: std=0.0518, dir_acc=55.2%, pos=92%, unique=904, sharpe=18.32
    h4: std=0.0494, dir_acc=55.0%, pos=92%, unique=905, sharpe=18.13
    h5: std=0.0471, dir_acc=55.6%, pos=91%, unique=904, sharpe=18.41
  Aggregate: std_avg=0.0508, dir_acc_avg=55.2%, composite_avg=0.4540
  H1 detail: range=0.2917, mean=0.0663, dist_match=0.6428
  Collapse penalty: 0.000000 (threshold: 0.005000)
  Saved validation predictions to: experiments/12b_feature_sweep/market_only_daily_7q_h5_d015_s42/collapse_monitoring/val_predictions_epoch68.npz
  Gradient norms:
    lstm_encoder: 0.016422
    lstm_decoder: 0.017147
    output_layer: 0.041300
  VSN output std:
    encoder: 0.244417
  Attention entropy: 2.911604
  Saved to: experiments/12b_feature_sweep/market_only_daily_7q_h5_d015_s42/collapse_monitoring/collapse_monitor_latest.json
[DEBUG CollapseMonitor] on_validation_epoch_start called for epoch 69
[DEBUG CollapseMonitor] reset_temporal_state() called on loss function
Epoch 69: val_loss=0.45960909128189087
Epoch 69: train_loss=0.43169131875038147

[CollapseMonitor] Epoch 69
  [DEBUG] Processed 15 batches, 5 horizon(s)
  Multi-horizon metrics (5 horizons):
    h1: std=0.0541, dir_acc=55.0%, pos=92%, unique=906, sharpe=17.11
    h2: std=0.0549, dir_acc=55.0%, pos=91%, unique=906, sharpe=15.92
    h3: std=0.0530, dir_acc=55.0%, pos=90%, unique=903, sharpe=15.12
    h4: std=0.0503, dir_acc=55.0%, pos=90%, unique=903, sharpe=14.66
    h5: std=0.0478, dir_acc=54.8%, pos=90%, unique=902, sharpe=14.65
  Aggregate: std_avg=0.0520, dir_acc_avg=55.0%, composite_avg=0.4555
  H1 detail: range=0.3013, mean=0.0583, dist_match=0.6472
  Collapse penalty: 0.000000 (threshold: 0.005000)
  Saved validation predictions to: experiments/12b_feature_sweep/market_only_daily_7q_h5_d015_s42/collapse_monitoring/val_predictions_epoch69.npz
  Gradient norms:
    lstm_encoder: 0.015345
    lstm_decoder: 0.019961
    output_layer: 0.045687
  VSN output std:
    encoder: 0.243857
  Attention entropy: 2.914267
  Saved to: experiments/12b_feature_sweep/market_only_daily_7q_h5_d015_s42/collapse_monitoring/collapse_monitor_latest.json
[DEBUG CollapseMonitor] on_validation_epoch_start called for epoch 70
[DEBUG CollapseMonitor] reset_temporal_state() called on loss function
Epoch 70: val_loss=0.4608308970928192
Epoch 70: train_loss=0.4314088225364685

[CollapseMonitor] Epoch 70
  [DEBUG] Processed 15 batches, 5 horizon(s)
  Multi-horizon metrics (5 horizons):
    h1: std=0.0538, dir_acc=55.1%, pos=93%, unique=906, sharpe=20.49
    h2: std=0.0541, dir_acc=55.6%, pos=93%, unique=905, sharpe=19.92
    h3: std=0.0519, dir_acc=55.6%, pos=93%, unique=905, sharpe=19.70
    h4: std=0.0489, dir_acc=55.2%, pos=93%, unique=903, sharpe=19.76
    h5: std=0.0461, dir_acc=56.0%, pos=93%, unique=904, sharpe=20.21
  Aggregate: std_avg=0.0510, dir_acc_avg=55.5%, composite_avg=0.4541
  H1 detail: range=0.2984, mean=0.0694, dist_match=0.6329
  Collapse penalty: 0.000000 (threshold: 0.005000)
  Saved validation predictions to: experiments/12b_feature_sweep/market_only_daily_7q_h5_d015_s42/collapse_monitoring/val_predictions_epoch70.npz
  Gradient norms:
    lstm_encoder: 0.016124
    lstm_decoder: 0.018056
    output_layer: 0.046696
  VSN output std:
    encoder: 0.244201
  Attention entropy: 2.919495
  Saved to: experiments/12b_feature_sweep/market_only_daily_7q_h5_d015_s42/collapse_monitoring/collapse_monitor_latest.json
[DEBUG CollapseMonitor] on_validation_epoch_start called for epoch 71
[DEBUG CollapseMonitor] reset_temporal_state() called on loss function
Epoch 71: val_loss=0.4599657356739044
Epoch 71: train_loss=0.4314570724964142

[CollapseMonitor] Epoch 71
  [DEBUG] Processed 15 batches, 5 horizon(s)
  Multi-horizon metrics (5 horizons):
    h1: std=0.0532, dir_acc=55.1%, pos=93%, unique=903, sharpe=22.95
    h2: std=0.0536, dir_acc=55.6%, pos=93%, unique=904, sharpe=22.04
    h3: std=0.0515, dir_acc=55.6%, pos=93%, unique=905, sharpe=21.72
    h4: std=0.0487, dir_acc=55.6%, pos=93%, unique=905, sharpe=21.79
    h5: std=0.0460, dir_acc=56.1%, pos=93%, unique=900, sharpe=22.26
  Aggregate: std_avg=0.0506, dir_acc_avg=55.6%, composite_avg=0.4543
  H1 detail: range=0.2992, mean=0.0769, dist_match=0.6329
  Collapse penalty: 0.000000 (threshold: 0.005000)
  Saved validation predictions to: experiments/12b_feature_sweep/market_only_daily_7q_h5_d015_s42/collapse_monitoring/val_predictions_epoch71.npz
  Gradient norms:
    lstm_encoder: 0.015076
    lstm_decoder: 0.018243
    output_layer: 0.043035
  VSN output std:
    encoder: 0.243816
  Attention entropy: 2.920973
  Saved to: experiments/12b_feature_sweep/market_only_daily_7q_h5_d015_s42/collapse_monitoring/collapse_monitor_latest.json
[DEBUG CollapseMonitor] on_validation_epoch_start called for epoch 72
[DEBUG CollapseMonitor] reset_temporal_state() called on loss function
Epoch 72: val_loss=0.4597536325454712
Epoch 72: train_loss=0.4319886565208435

[CollapseMonitor] Epoch 72
  [DEBUG] Processed 15 batches, 5 horizon(s)
  Multi-horizon metrics (5 horizons):
    h1: std=0.0565, dir_acc=55.0%, pos=93%, unique=905, sharpe=21.05
    h2: std=0.0571, dir_acc=55.1%, pos=93%, unique=904, sharpe=20.12
    h3: std=0.0550, dir_acc=55.3%, pos=92%, unique=905, sharpe=19.71
    h4: std=0.0520, dir_acc=55.5%, pos=92%, unique=904, sharpe=19.63
    h5: std=0.0492, dir_acc=55.9%, pos=92%, unique=905, sharpe=19.95
  Aggregate: std_avg=0.0540, dir_acc_avg=55.4%, composite_avg=0.4541
  H1 detail: range=0.3148, mean=0.0749, dist_match=0.6362
  Collapse penalty: 0.000000 (threshold: 0.005000)
  Saved validation predictions to: experiments/12b_feature_sweep/market_only_daily_7q_h5_d015_s42/collapse_monitoring/val_predictions_epoch72.npz
  Gradient norms:
    lstm_encoder: 0.014890
    lstm_decoder: 0.018062
    output_layer: 0.045481
  VSN output std:
    encoder: 0.243906
  Attention entropy: 2.920326
  Saved to: experiments/12b_feature_sweep/market_only_daily_7q_h5_d015_s42/collapse_monitoring/collapse_monitor_latest.json
[DEBUG CollapseMonitor] on_validation_epoch_start called for epoch 73
[DEBUG CollapseMonitor] reset_temporal_state() called on loss function
Epoch 73: val_loss=0.4589121639728546
Epoch 73: train_loss=0.43165409564971924

[CollapseMonitor] Epoch 73
  [DEBUG] Processed 15 batches, 5 horizon(s)
  Multi-horizon metrics (5 horizons):
    h1: std=0.0529, dir_acc=55.3%, pos=94%, unique=906, sharpe=24.01
    h2: std=0.0534, dir_acc=55.3%, pos=94%, unique=907, sharpe=23.11
    h3: std=0.0512, dir_acc=55.7%, pos=93%, unique=906, sharpe=22.97
    h4: std=0.0481, dir_acc=55.5%, pos=93%, unique=899, sharpe=23.31
    h5: std=0.0452, dir_acc=55.6%, pos=93%, unique=900, sharpe=24.10
  Aggregate: std_avg=0.0502, dir_acc_avg=55.5%, composite_avg=0.4520
  H1 detail: range=0.2974, mean=0.0800, dist_match=0.6284
  Collapse penalty: 0.000000 (threshold: 0.005000)
  Saved validation predictions to: experiments/12b_feature_sweep/market_only_daily_7q_h5_d015_s42/collapse_monitoring/val_predictions_epoch73.npz
  Gradient norms:
    lstm_encoder: 0.015776
    lstm_decoder: 0.018283
    output_layer: 0.043582
  VSN output std:
    encoder: 0.243849
  Attention entropy: 2.923526
  Saved to: experiments/12b_feature_sweep/market_only_daily_7q_h5_d015_s42/collapse_monitoring/collapse_monitor_latest.json
[DEBUG CollapseMonitor] on_validation_epoch_start called for epoch 74
[DEBUG CollapseMonitor] reset_temporal_state() called on loss function
Epoch 74: val_loss=0.4594936966896057
Epoch 74: train_loss=0.43181946873664856

[CollapseMonitor] Epoch 74
  [DEBUG] Processed 15 batches, 5 horizon(s)
  Multi-horizon metrics (5 horizons):
    h1: std=0.0545, dir_acc=55.0%, pos=93%, unique=904, sharpe=21.34
    h2: std=0.0551, dir_acc=55.2%, pos=93%, unique=906, sharpe=20.45
    h3: std=0.0528, dir_acc=55.6%, pos=93%, unique=904, sharpe=20.21
    h4: std=0.0496, dir_acc=55.6%, pos=92%, unique=905, sharpe=20.38
    h5: std=0.0466, dir_acc=56.0%, pos=93%, unique=900, sharpe=21.00
  Aggregate: std_avg=0.0517, dir_acc_avg=55.5%, composite_avg=0.4543
  H1 detail: range=0.3033, mean=0.0732, dist_match=0.6362
  Collapse penalty: 0.000000 (threshold: 0.005000)
  Saved validation predictions to: experiments/12b_feature_sweep/market_only_daily_7q_h5_d015_s42/collapse_monitoring/val_predictions_epoch74.npz
  Gradient norms:
    lstm_encoder: 0.014920
    lstm_decoder: 0.017425
    output_layer: 0.042653
  VSN output std:
    encoder: 0.243925
  Attention entropy: 2.922004
  Saved to: experiments/12b_feature_sweep/market_only_daily_7q_h5_d015_s42/collapse_monitoring/collapse_monitor_latest.json
[DEBUG CollapseMonitor] on_validation_epoch_start called for epoch 75
[DEBUG CollapseMonitor] reset_temporal_state() called on loss function
Epoch 75: val_loss=0.4587526023387909
Epoch 75: train_loss=0.4321380853652954

[CollapseMonitor] Epoch 75
  [DEBUG] Processed 15 batches, 5 horizon(s)
  Multi-horizon metrics (5 horizons):
    h1: std=0.0544, dir_acc=55.5%, pos=94%, unique=906, sharpe=24.64
    h2: std=0.0549, dir_acc=55.5%, pos=94%, unique=904, sharpe=23.82
    h3: std=0.0526, dir_acc=55.7%, pos=93%, unique=904, sharpe=23.79
    h4: std=0.0494, dir_acc=55.6%, pos=93%, unique=902, sharpe=24.21
    h5: std=0.0464, dir_acc=55.8%, pos=93%, unique=899, sharpe=25.05
  Aggregate: std_avg=0.0516, dir_acc_avg=55.6%, composite_avg=0.4527
  H1 detail: range=0.3029, mean=0.0845, dist_match=0.6273
  Collapse penalty: 0.000000 (threshold: 0.005000)
  Saved validation predictions to: experiments/12b_feature_sweep/market_only_daily_7q_h5_d015_s42/collapse_monitoring/val_predictions_epoch75.npz
  Gradient norms:
    lstm_encoder: 0.014642
    lstm_decoder: 0.018195
    output_layer: 0.042914
  VSN output std:
    encoder: 0.244010
  Attention entropy: 2.921833
  Saved to: experiments/12b_feature_sweep/market_only_daily_7q_h5_d015_s42/collapse_monitoring/collapse_monitor_latest.json
[DEBUG CollapseMonitor] on_validation_epoch_start called for epoch 76
[DEBUG CollapseMonitor] reset_temporal_state() called on loss function
Epoch 76: val_loss=0.4589311182498932
Epoch 76: train_loss=0.4315195381641388

[CollapseMonitor] Epoch 76
  [DEBUG] Processed 15 batches, 5 horizon(s)
  Multi-horizon metrics (5 horizons):
    h1: std=0.0550, dir_acc=55.5%, pos=94%, unique=904, sharpe=24.48
    h2: std=0.0556, dir_acc=55.3%, pos=94%, unique=906, sharpe=23.59
    h3: std=0.0532, dir_acc=55.7%, pos=93%, unique=903, sharpe=23.48
    h4: std=0.0501, dir_acc=55.6%, pos=93%, unique=906, sharpe=23.81
    h5: std=0.0471, dir_acc=56.0%, pos=93%, unique=902, sharpe=24.56
  Aggregate: std_avg=0.0522, dir_acc_avg=55.6%, composite_avg=0.4532
  H1 detail: range=0.3064, mean=0.0848, dist_match=0.6273
  Collapse penalty: 0.000000 (threshold: 0.005000)
  Saved validation predictions to: experiments/12b_feature_sweep/market_only_daily_7q_h5_d015_s42/collapse_monitoring/val_predictions_epoch76.npz
  Gradient norms:
    lstm_encoder: 0.017144
    lstm_decoder: 0.017285
    output_layer: 0.041371
  VSN output std:
    encoder: 0.243628
  Attention entropy: 2.922292
  Saved to: experiments/12b_feature_sweep/market_only_daily_7q_h5_d015_s42/collapse_monitoring/collapse_monitor_latest.json
[DEBUG CollapseMonitor] on_validation_epoch_start called for epoch 77
[DEBUG CollapseMonitor] reset_temporal_state() called on loss function
Epoch 77: val_loss=0.4590640962123871
Epoch 77: train_loss=0.4321025311946869

[CollapseMonitor] Epoch 77
  [DEBUG] Processed 15 batches, 5 horizon(s)
  Multi-horizon metrics (5 horizons):
    h1: std=0.0567, dir_acc=54.9%, pos=93%, unique=904, sharpe=21.31
    h2: std=0.0575, dir_acc=55.1%, pos=93%, unique=904, sharpe=20.44
    h3: std=0.0551, dir_acc=55.5%, pos=92%, unique=905, sharpe=20.21
    h4: std=0.0519, dir_acc=55.6%, pos=92%, unique=905, sharpe=20.36
    h5: std=0.0488, dir_acc=56.0%, pos=92%, unique=907, sharpe=20.89
  Aggregate: std_avg=0.0540, dir_acc_avg=55.4%, composite_avg=0.4542
  H1 detail: range=0.3119, mean=0.0761, dist_match=0.6373
  Collapse penalty: 0.000000 (threshold: 0.005000)
  Saved validation predictions to: experiments/12b_feature_sweep/market_only_daily_7q_h5_d015_s42/collapse_monitoring/val_predictions_epoch77.npz
  Gradient norms:
    lstm_encoder: 0.016102
    lstm_decoder: 0.017865
    output_layer: 0.045268
  VSN output std:
    encoder: 0.243635
  Attention entropy: 2.921474
  Saved to: experiments/12b_feature_sweep/market_only_daily_7q_h5_d015_s42/collapse_monitoring/collapse_monitor_latest.json
[DEBUG CollapseMonitor] on_validation_epoch_start called for epoch 78
[DEBUG CollapseMonitor] reset_temporal_state() called on loss function
Epoch 78: val_loss=0.4593960642814636
Epoch 78: train_loss=0.43166521191596985

[CollapseMonitor] Epoch 78
  [DEBUG] Processed 15 batches, 5 horizon(s)
  Multi-horizon metrics (5 horizons):
    h1: std=0.0568, dir_acc=55.0%, pos=93%, unique=905, sharpe=21.58
    h2: std=0.0575, dir_acc=55.1%, pos=93%, unique=905, sharpe=21.00
    h3: std=0.0551, dir_acc=55.6%, pos=93%, unique=901, sharpe=21.01
    h4: std=0.0519, dir_acc=55.7%, pos=93%, unique=903, sharpe=21.34
    h5: std=0.0488, dir_acc=56.0%, pos=93%, unique=905, sharpe=21.99
  Aggregate: std_avg=0.0540, dir_acc_avg=55.5%, composite_avg=0.4542
  H1 detail: range=0.3132, mean=0.0772, dist_match=0.6362
  Collapse penalty: 0.000000 (threshold: 0.005000)
  Saved validation predictions to: experiments/12b_feature_sweep/market_only_daily_7q_h5_d015_s42/collapse_monitoring/val_predictions_epoch78.npz
  Gradient norms:
    lstm_encoder: 0.015797
    lstm_decoder: 0.018298
    output_layer: 0.041351
  VSN output std:
    encoder: 0.243886
  Attention entropy: 2.921464
  Saved to: experiments/12b_feature_sweep/market_only_daily_7q_h5_d015_s42/collapse_monitoring/collapse_monitor_latest.json
[DEBUG CollapseMonitor] on_validation_epoch_start called for epoch 79
[DEBUG CollapseMonitor] reset_temporal_state() called on loss function
Epoch 79: val_loss=0.4602473974227905
Epoch 79: train_loss=0.43215909600257874

[CollapseMonitor] Epoch 79
  [DEBUG] Processed 15 batches, 5 horizon(s)
  Multi-horizon metrics (5 horizons):
    h1: std=0.0568, dir_acc=55.1%, pos=92%, unique=905, sharpe=20.61
    h2: std=0.0575, dir_acc=55.2%, pos=92%, unique=906, sharpe=19.97
    h3: std=0.0552, dir_acc=55.3%, pos=92%, unique=902, sharpe=19.85
    h4: std=0.0522, dir_acc=55.3%, pos=92%, unique=904, sharpe=20.01
    h5: std=0.0493, dir_acc=55.8%, pos=92%, unique=902, sharpe=20.44
  Aggregate: std_avg=0.0542, dir_acc_avg=55.4%, composite_avg=0.4549
  H1 detail: range=0.3175, mean=0.0738, dist_match=0.6417
  Collapse penalty: 0.000000 (threshold: 0.005000)
  Saved validation predictions to: experiments/12b_feature_sweep/market_only_daily_7q_h5_d015_s42/collapse_monitoring/val_predictions_epoch79.npz
  Gradient norms:
    lstm_encoder: 0.014974
    lstm_decoder: 0.017653
    output_layer: 0.043387
  VSN output std:
    encoder: 0.243538
  Attention entropy: 2.923943
  Saved to: experiments/12b_feature_sweep/market_only_daily_7q_h5_d015_s42/collapse_monitoring/collapse_monitor_latest.json
[DEBUG CollapseMonitor] on_validation_epoch_start called for epoch 80
[DEBUG CollapseMonitor] reset_temporal_state() called on loss function
Epoch 80: val_loss=0.4598064422607422
Epoch 80: train_loss=0.431438148021698

[CollapseMonitor] Epoch 80
  [DEBUG] Processed 15 batches, 5 horizon(s)
  Multi-horizon metrics (5 horizons):
    h1: std=0.0570, dir_acc=54.9%, pos=93%, unique=903, sharpe=21.68
    h2: std=0.0574, dir_acc=55.2%, pos=93%, unique=903, sharpe=21.15
    h3: std=0.0550, dir_acc=55.6%, pos=93%, unique=906, sharpe=21.11
    h4: std=0.0518, dir_acc=55.7%, pos=93%, unique=903, sharpe=21.32
    h5: std=0.0488, dir_acc=55.9%, pos=92%, unique=902, sharpe=21.79
  Aggregate: std_avg=0.0540, dir_acc_avg=55.5%, composite_avg=0.4542
  H1 detail: range=0.3181, mean=0.0778, dist_match=0.6373
  Collapse penalty: 0.000000 (threshold: 0.005000)
  Saved validation predictions to: experiments/12b_feature_sweep/market_only_daily_7q_h5_d015_s42/collapse_monitoring/val_predictions_epoch80.npz
  Gradient norms:
    lstm_encoder: 0.016004
    lstm_decoder: 0.019930
    output_layer: 0.041802
  VSN output std:
    encoder: 0.243543
  Attention entropy: 2.924074
  Saved to: experiments/12b_feature_sweep/market_only_daily_7q_h5_d015_s42/collapse_monitoring/collapse_monitor_latest.json
[DEBUG CollapseMonitor] on_validation_epoch_start called for epoch 81
[DEBUG CollapseMonitor] reset_temporal_state() called on loss function
Epoch 81: val_loss=0.4598459005355835
Epoch 81: train_loss=0.4319310784339905

[CollapseMonitor] Epoch 81
  [DEBUG] Processed 15 batches, 5 horizon(s)
  Multi-horizon metrics (5 horizons):
    h1: std=0.0578, dir_acc=55.1%, pos=93%, unique=905, sharpe=21.18
    h2: std=0.0583, dir_acc=55.2%, pos=93%, unique=901, sharpe=20.60
    h3: std=0.0558, dir_acc=55.7%, pos=93%, unique=905, sharpe=20.51
    h4: std=0.0526, dir_acc=55.5%, pos=92%, unique=905, sharpe=20.66
    h5: std=0.0497, dir_acc=55.9%, pos=92%, unique=902, sharpe=21.08
  Aggregate: std_avg=0.0548, dir_acc_avg=55.5%, composite_avg=0.4549
  H1 detail: range=0.3220, mean=0.0771, dist_match=0.6395
  Collapse penalty: 0.000000 (threshold: 0.005000)
  Saved validation predictions to: experiments/12b_feature_sweep/market_only_daily_7q_h5_d015_s42/collapse_monitoring/val_predictions_epoch81.npz
  Gradient norms:
    lstm_encoder: 0.016920
    lstm_decoder: 0.017744
    output_layer: 0.043481
  VSN output std:
    encoder: 0.243505
  Attention entropy: 2.926825
  Saved to: experiments/12b_feature_sweep/market_only_daily_7q_h5_d015_s42/collapse_monitoring/collapse_monitor_latest.json
[DEBUG CollapseMonitor] on_validation_epoch_start called for epoch 82
[DEBUG CollapseMonitor] reset_temporal_state() called on loss function
Epoch 82: val_loss=0.460130512714386
Epoch 82: train_loss=0.4317165017127991

[CollapseMonitor] Epoch 82
  [DEBUG] Processed 15 batches, 5 horizon(s)
  Multi-horizon metrics (5 horizons):
    h1: std=0.0569, dir_acc=55.0%, pos=93%, unique=904, sharpe=21.00
    h2: std=0.0573, dir_acc=55.2%, pos=93%, unique=905, sharpe=20.64
    h3: std=0.0548, dir_acc=55.7%, pos=93%, unique=905, sharpe=20.71
    h4: std=0.0516, dir_acc=55.8%, pos=93%, unique=903, sharpe=20.99
    h5: std=0.0487, dir_acc=55.9%, pos=92%, unique=899, sharpe=21.51
  Aggregate: std_avg=0.0539, dir_acc_avg=55.5%, composite_avg=0.4548
  H1 detail: range=0.3179, mean=0.0753, dist_match=0.6384
  Collapse penalty: 0.000000 (threshold: 0.005000)
  Saved validation predictions to: experiments/12b_feature_sweep/market_only_daily_7q_h5_d015_s42/collapse_monitoring/val_predictions_epoch82.npz
  Gradient norms:
    lstm_encoder: 0.015700
    lstm_decoder: 0.017418
    output_layer: 0.039929
  VSN output std:
    encoder: 0.243577
  Attention entropy: 2.926687
  Saved to: experiments/12b_feature_sweep/market_only_daily_7q_h5_d015_s42/collapse_monitoring/collapse_monitor_latest.json
[DEBUG CollapseMonitor] on_validation_epoch_start called for epoch 83
[DEBUG CollapseMonitor] reset_temporal_state() called on loss function
Epoch 83: val_loss=0.4596370756626129
Epoch 83: train_loss=0.43079596757888794

[CollapseMonitor] Epoch 83
  [DEBUG] Processed 15 batches, 5 horizon(s)
  Multi-horizon metrics (5 horizons):
    h1: std=0.0573, dir_acc=55.1%, pos=93%, unique=903, sharpe=20.83
    h2: std=0.0577, dir_acc=55.1%, pos=93%, unique=902, sharpe=20.26
    h3: std=0.0552, dir_acc=55.6%, pos=93%, unique=907, sharpe=20.18
    h4: std=0.0521, dir_acc=55.5%, pos=92%, unique=905, sharpe=20.35
    h5: std=0.0491, dir_acc=55.8%, pos=92%, unique=903, sharpe=20.79
  Aggregate: std_avg=0.0543, dir_acc_avg=55.4%, composite_avg=0.4546
  H1 detail: range=0.3196, mean=0.0752, dist_match=0.6395
  Collapse penalty: 0.000000 (threshold: 0.005000)
  Saved validation predictions to: experiments/12b_feature_sweep/market_only_daily_7q_h5_d015_s42/collapse_monitoring/val_predictions_epoch83.npz
  Gradient norms:
    lstm_encoder: 0.016543
    lstm_decoder: 0.019234
    output_layer: 0.039578
  VSN output std:
    encoder: 0.243702
  Attention entropy: 2.927489
  Saved to: experiments/12b_feature_sweep/market_only_daily_7q_h5_d015_s42/collapse_monitoring/collapse_monitor_latest.json
[DEBUG CollapseMonitor] on_validation_epoch_start called for epoch 84
[DEBUG CollapseMonitor] reset_temporal_state() called on loss function
Epoch 84: val_loss=0.45949870347976685
Epoch 84: train_loss=0.43062129616737366

[CollapseMonitor] Epoch 84
  [DEBUG] Processed 15 batches, 5 horizon(s)
  Multi-horizon metrics (5 horizons):
    h1: std=0.0570, dir_acc=55.1%, pos=93%, unique=905, sharpe=21.40
    h2: std=0.0574, dir_acc=55.2%, pos=93%, unique=903, sharpe=20.85
    h3: std=0.0550, dir_acc=55.7%, pos=93%, unique=906, sharpe=20.79
    h4: std=0.0519, dir_acc=55.6%, pos=92%, unique=902, sharpe=20.98
    h5: std=0.0490, dir_acc=55.8%, pos=92%, unique=903, sharpe=21.42
  Aggregate: std_avg=0.0541, dir_acc_avg=55.5%, composite_avg=0.4548
  H1 detail: range=0.3175, mean=0.0768, dist_match=0.6395
  Collapse penalty: 0.000000 (threshold: 0.005000)
  Saved validation predictions to: experiments/12b_feature_sweep/market_only_daily_7q_h5_d015_s42/collapse_monitoring/val_predictions_epoch84.npz
  Gradient norms:
    lstm_encoder: 0.015912
    lstm_decoder: 0.016418
    output_layer: 0.045208
  VSN output std:
    encoder: 0.243634
  Attention entropy: 2.927113
  Saved to: experiments/12b_feature_sweep/market_only_daily_7q_h5_d015_s42/collapse_monitoring/collapse_monitor_latest.json
[DEBUG CollapseMonitor] on_validation_epoch_start called for epoch 85
[DEBUG CollapseMonitor] reset_temporal_state() called on loss function
Epoch 85: val_loss=0.45956340432167053
Epoch 85: train_loss=0.4312542974948883

[CollapseMonitor] Epoch 85
  [DEBUG] Processed 15 batches, 5 horizon(s)
  Multi-horizon metrics (5 horizons):
    h1: std=0.0568, dir_acc=55.0%, pos=93%, unique=905, sharpe=21.76
    h2: std=0.0572, dir_acc=55.2%, pos=93%, unique=900, sharpe=21.22
    h3: std=0.0547, dir_acc=55.6%, pos=93%, unique=901, sharpe=21.24
    h4: std=0.0515, dir_acc=55.7%, pos=93%, unique=904, sharpe=21.54
    h5: std=0.0485, dir_acc=55.9%, pos=92%, unique=906, sharpe=22.12
  Aggregate: std_avg=0.0538, dir_acc_avg=55.5%, composite_avg=0.4543
  H1 detail: range=0.3161, mean=0.0779, dist_match=0.6362
  Collapse penalty: 0.000000 (threshold: 0.005000)
  Saved validation predictions to: experiments/12b_feature_sweep/market_only_daily_7q_h5_d015_s42/collapse_monitoring/val_predictions_epoch85.npz
  Gradient norms:
    lstm_encoder: 0.016151
    lstm_decoder: 0.017506
    output_layer: 0.039938
  VSN output std:
    encoder: 0.243552
  Attention entropy: 2.926577
  Saved to: experiments/12b_feature_sweep/market_only_daily_7q_h5_d015_s42/collapse_monitoring/collapse_monitor_latest.json
[DEBUG CollapseMonitor] on_validation_epoch_start called for epoch 86
[DEBUG CollapseMonitor] reset_temporal_state() called on loss function
Epoch 86: val_loss=0.45981574058532715
Epoch 86: train_loss=0.4306110143661499

[CollapseMonitor] Epoch 86
  [DEBUG] Processed 15 batches, 5 horizon(s)
  Multi-horizon metrics (5 horizons):
    h1: std=0.0574, dir_acc=55.1%, pos=93%, unique=901, sharpe=21.58
    h2: std=0.0577, dir_acc=55.2%, pos=93%, unique=906, sharpe=21.04
    h3: std=0.0552, dir_acc=55.5%, pos=93%, unique=905, sharpe=21.01
    h4: std=0.0520, dir_acc=55.7%, pos=93%, unique=903, sharpe=21.25
    h5: std=0.0490, dir_acc=55.8%, pos=92%, unique=904, sharpe=21.74
  Aggregate: std_avg=0.0543, dir_acc_avg=55.5%, composite_avg=0.4543
  H1 detail: range=0.3190, mean=0.0780, dist_match=0.6395
  Collapse penalty: 0.000000 (threshold: 0.005000)
  Saved validation predictions to: experiments/12b_feature_sweep/market_only_daily_7q_h5_d015_s42/collapse_monitoring/val_predictions_epoch86.npz
  Gradient norms:
    lstm_encoder: 0.016938
    lstm_decoder: 0.018385
    output_layer: 0.045542
  VSN output std:
    encoder: 0.243477
  Attention entropy: 2.927154
  Saved to: experiments/12b_feature_sweep/market_only_daily_7q_h5_d015_s42/collapse_monitoring/collapse_monitor_latest.json
[DEBUG CollapseMonitor] on_validation_epoch_start called for epoch 87
[DEBUG CollapseMonitor] reset_temporal_state() called on loss function
Epoch 87: val_loss=0.4597330689430237
Epoch 87: train_loss=0.4310310184955597

[CollapseMonitor] Epoch 87
  [DEBUG] Processed 15 batches, 5 horizon(s)
  Multi-horizon metrics (5 horizons):
    h1: std=0.0575, dir_acc=55.0%, pos=93%, unique=905, sharpe=21.82
    h2: std=0.0578, dir_acc=55.1%, pos=93%, unique=905, sharpe=21.36
    h3: std=0.0552, dir_acc=55.3%, pos=93%, unique=901, sharpe=21.40
    h4: std=0.0519, dir_acc=55.8%, pos=93%, unique=901, sharpe=21.67
    h5: std=0.0489, dir_acc=55.9%, pos=93%, unique=903, sharpe=22.20
  Aggregate: std_avg=0.0543, dir_acc_avg=55.4%, composite_avg=0.4536
  H1 detail: range=0.3199, mean=0.0790, dist_match=0.6362
  Collapse penalty: 0.000000 (threshold: 0.005000)
  Saved validation predictions to: experiments/12b_feature_sweep/market_only_daily_7q_h5_d015_s42/collapse_monitoring/val_predictions_epoch87.npz
  Gradient norms:
    lstm_encoder: 0.014829
    lstm_decoder: 0.017849
    output_layer: 0.040060
  VSN output std:
    encoder: 0.243436
  Attention entropy: 2.927346
  Saved to: experiments/12b_feature_sweep/market_only_daily_7q_h5_d015_s42/collapse_monitoring/collapse_monitor_latest.json
[DEBUG CollapseMonitor] on_validation_epoch_start called for epoch 88
[DEBUG CollapseMonitor] reset_temporal_state() called on loss function
Epoch 88: val_loss=0.46006929874420166
Epoch 88: train_loss=0.43144404888153076

[CollapseMonitor] Epoch 88
  [DEBUG] Processed 15 batches, 5 horizon(s)
  Multi-horizon metrics (5 horizons):
    h1: std=0.0585, dir_acc=55.1%, pos=93%, unique=907, sharpe=20.09
    h2: std=0.0588, dir_acc=55.6%, pos=92%, unique=902, sharpe=19.65
    h3: std=0.0562, dir_acc=55.7%, pos=92%, unique=906, sharpe=19.58
    h4: std=0.0531, dir_acc=55.3%, pos=92%, unique=903, sharpe=19.71
    h5: std=0.0502, dir_acc=55.8%, pos=92%, unique=903, sharpe=20.07
  Aggregate: std_avg=0.0554, dir_acc_avg=55.5%, composite_avg=0.4561
  H1 detail: range=0.3247, mean=0.0741, dist_match=0.6395
  Collapse penalty: 0.000000 (threshold: 0.005000)
  Saved validation predictions to: experiments/12b_feature_sweep/market_only_daily_7q_h5_d015_s42/collapse_monitoring/val_predictions_epoch88.npz
  Gradient norms:
    lstm_encoder: 0.015934
    lstm_decoder: 0.017244
    output_layer: 0.038474
  VSN output std:
    encoder: 0.243438
  Attention entropy: 2.926334
  Saved to: experiments/12b_feature_sweep/market_only_daily_7q_h5_d015_s42/collapse_monitoring/collapse_monitor_latest.json
[DEBUG CollapseMonitor] on_validation_epoch_start called for epoch 89
[DEBUG CollapseMonitor] reset_temporal_state() called on loss function
Epoch 89: val_loss=0.45992380380630493
Epoch 89: train_loss=0.43044570088386536

[CollapseMonitor] Epoch 89
  [DEBUG] Processed 15 batches, 5 horizon(s)
  Multi-horizon metrics (5 horizons):
    h1: std=0.0577, dir_acc=55.1%, pos=93%, unique=904, sharpe=21.57
    h2: std=0.0579, dir_acc=55.2%, pos=93%, unique=904, sharpe=21.06
    h3: std=0.0553, dir_acc=55.7%, pos=93%, unique=903, sharpe=21.03
    h4: std=0.0521, dir_acc=55.7%, pos=93%, unique=905, sharpe=21.26
    h5: std=0.0491, dir_acc=55.9%, pos=92%, unique=901, sharpe=21.75
  Aggregate: std_avg=0.0544, dir_acc_avg=55.5%, composite_avg=0.4548
  H1 detail: range=0.3219, mean=0.0784, dist_match=0.6373
  Collapse penalty: 0.000000 (threshold: 0.005000)
  Saved validation predictions to: experiments/12b_feature_sweep/market_only_daily_7q_h5_d015_s42/collapse_monitoring/val_predictions_epoch89.npz
  Gradient norms:
    lstm_encoder: 0.015829
    lstm_decoder: 0.017366
    output_layer: 0.044419
  VSN output std:
    encoder: 0.243224
  Attention entropy: 2.927443
  Saved to: experiments/12b_feature_sweep/market_only_daily_7q_h5_d015_s42/collapse_monitoring/collapse_monitor_latest.json
[DEBUG CollapseMonitor] on_validation_epoch_start called for epoch 90
[DEBUG CollapseMonitor] reset_temporal_state() called on loss function
Epoch 90: val_loss=0.4601201117038727
Epoch 90: train_loss=0.43125829100608826

[CollapseMonitor] Epoch 90
  [DEBUG] Processed 15 batches, 5 horizon(s)
  Multi-horizon metrics (5 horizons):
    h1: std=0.0572, dir_acc=55.0%, pos=93%, unique=906, sharpe=22.26
    h2: std=0.0575, dir_acc=55.3%, pos=93%, unique=906, sharpe=21.77
    h3: std=0.0548, dir_acc=55.5%, pos=93%, unique=904, sharpe=21.84
    h4: std=0.0515, dir_acc=55.8%, pos=93%, unique=905, sharpe=22.19
    h5: std=0.0484, dir_acc=55.9%, pos=93%, unique=903, sharpe=22.82
  Aggregate: std_avg=0.0539, dir_acc_avg=55.5%, composite_avg=0.4539
  H1 detail: range=0.3194, mean=0.0802, dist_match=0.6362
  Collapse penalty: 0.000000 (threshold: 0.005000)
  Saved validation predictions to: experiments/12b_feature_sweep/market_only_daily_7q_h5_d015_s42/collapse_monitoring/val_predictions_epoch90.npz
  Gradient norms:
    lstm_encoder: 0.015771
    lstm_decoder: 0.018151
    output_layer: 0.044049
  VSN output std:
    encoder: 0.243068
  Attention entropy: 2.927753
  Saved to: experiments/12b_feature_sweep/market_only_daily_7q_h5_d015_s42/collapse_monitoring/collapse_monitor_latest.json
[DEBUG CollapseMonitor] on_validation_epoch_start called for epoch 91
[DEBUG CollapseMonitor] reset_temporal_state() called on loss function
Epoch 91: val_loss=0.46032488346099854
Epoch 91: train_loss=0.4316191077232361

[CollapseMonitor] Epoch 91
  [DEBUG] Processed 15 batches, 5 horizon(s)
  Multi-horizon metrics (5 horizons):
    h1: std=0.0580, dir_acc=55.1%, pos=93%, unique=903, sharpe=21.21
    h2: std=0.0583, dir_acc=55.2%, pos=93%, unique=904, sharpe=20.72
    h3: std=0.0557, dir_acc=55.7%, pos=93%, unique=902, sharpe=20.73
    h4: std=0.0524, dir_acc=55.8%, pos=93%, unique=905, sharpe=20.99
    h5: std=0.0493, dir_acc=55.8%, pos=92%, unique=897, sharpe=21.51
  Aggregate: std_avg=0.0547, dir_acc_avg=55.5%, composite_avg=0.4549
  H1 detail: range=0.3218, mean=0.0774, dist_match=0.6395
  Collapse penalty: 0.000000 (threshold: 0.005000)
  Saved validation predictions to: experiments/12b_feature_sweep/market_only_daily_7q_h5_d015_s42/collapse_monitoring/val_predictions_epoch91.npz
  Gradient norms:
    lstm_encoder: 0.016466
    lstm_decoder: 0.019972
    output_layer: 0.042573
  VSN output std:
    encoder: 0.243180
  Attention entropy: 2.927107
  Saved to: experiments/12b_feature_sweep/market_only_daily_7q_h5_d015_s42/collapse_monitoring/collapse_monitor_latest.json
[DEBUG CollapseMonitor] on_validation_epoch_start called for epoch 92
[DEBUG CollapseMonitor] reset_temporal_state() called on loss function
Epoch 92: val_loss=0.4602411389350891
Epoch 92: train_loss=0.4312976598739624

[CollapseMonitor] Epoch 92
  [DEBUG] Processed 15 batches, 5 horizon(s)
  Multi-horizon metrics (5 horizons):
    h1: std=0.0585, dir_acc=55.0%, pos=93%, unique=904, sharpe=20.14
    h2: std=0.0589, dir_acc=55.5%, pos=92%, unique=904, sharpe=19.62
    h3: std=0.0564, dir_acc=55.7%, pos=92%, unique=903, sharpe=19.54
    h4: std=0.0531, dir_acc=55.2%, pos=92%, unique=902, sharpe=19.68
    h5: std=0.0501, dir_acc=55.8%, pos=92%, unique=903, sharpe=20.07
  Aggregate: std_avg=0.0554, dir_acc_avg=55.4%, composite_avg=0.4556
  H1 detail: range=0.3247, mean=0.0742, dist_match=0.6406
  Collapse penalty: 0.000000 (threshold: 0.005000)
  Saved validation predictions to: experiments/12b_feature_sweep/market_only_daily_7q_h5_d015_s42/collapse_monitoring/val_predictions_epoch92.npz
  Gradient norms:
    lstm_encoder: 0.015791
    lstm_decoder: 0.017620
    output_layer: 0.043630
  VSN output std:
    encoder: 0.243251
  Attention entropy: 2.927457
  Saved to: experiments/12b_feature_sweep/market_only_daily_7q_h5_d015_s42/collapse_monitoring/collapse_monitor_latest.json
[DEBUG CollapseMonitor] on_validation_epoch_start called for epoch 93
[DEBUG CollapseMonitor] reset_temporal_state() called on loss function
Epoch 93: val_loss=0.4602440297603607
Epoch 93: train_loss=0.43091854453086853

[CollapseMonitor] Epoch 93
  [DEBUG] Processed 15 batches, 5 horizon(s)
  Multi-horizon metrics (5 horizons):
    h1: std=0.0588, dir_acc=55.0%, pos=93%, unique=904, sharpe=20.23
    h2: std=0.0592, dir_acc=55.3%, pos=92%, unique=906, sharpe=19.72
    h3: std=0.0566, dir_acc=55.7%, pos=92%, unique=903, sharpe=19.66
    h4: std=0.0533, dir_acc=55.2%, pos=92%, unique=902, sharpe=19.82
    h5: std=0.0502, dir_acc=55.8%, pos=92%, unique=902, sharpe=20.23
  Aggregate: std_avg=0.0556, dir_acc_avg=55.4%, composite_avg=0.4554
  H1 detail: range=0.3255, mean=0.0749, dist_match=0.6406
  Collapse penalty: 0.000000 (threshold: 0.005000)
  Saved validation predictions to: experiments/12b_feature_sweep/market_only_daily_7q_h5_d015_s42/collapse_monitoring/val_predictions_epoch93.npz
  Gradient norms:
    lstm_encoder: 0.016741
    lstm_decoder: 0.018425
    output_layer: 0.041853
  VSN output std:
    encoder: 0.243164
  Attention entropy: 2.927279
  Saved to: experiments/12b_feature_sweep/market_only_daily_7q_h5_d015_s42/collapse_monitoring/collapse_monitor_latest.json
[DEBUG CollapseMonitor] on_validation_epoch_start called for epoch 94
[DEBUG CollapseMonitor] reset_temporal_state() called on loss function
Epoch 94: val_loss=0.4601166546344757
Epoch 94: train_loss=0.43046629428863525

[CollapseMonitor] Epoch 94
  [DEBUG] Processed 15 batches, 5 horizon(s)
  Multi-horizon metrics (5 horizons):
    h1: std=0.0586, dir_acc=55.1%, pos=93%, unique=903, sharpe=20.37
    h2: std=0.0589, dir_acc=55.1%, pos=93%, unique=907, sharpe=19.89
    h3: std=0.0563, dir_acc=55.8%, pos=92%, unique=902, sharpe=19.85
    h4: std=0.0530, dir_acc=55.5%, pos=92%, unique=904, sharpe=20.04
    h5: std=0.0499, dir_acc=55.7%, pos=92%, unique=904, sharpe=20.49
  Aggregate: std_avg=0.0553, dir_acc_avg=55.4%, composite_avg=0.4549
  H1 detail: range=0.3244, mean=0.0752, dist_match=0.6395
  Collapse penalty: 0.000000 (threshold: 0.005000)
  Saved validation predictions to: experiments/12b_feature_sweep/market_only_daily_7q_h5_d015_s42/collapse_monitoring/val_predictions_epoch94.npz
  Gradient norms:
    lstm_encoder: 0.016508
    lstm_decoder: 0.017014
    output_layer: 0.044080
  VSN output std:
    encoder: 0.243229
  Attention entropy: 2.926699
  Saved to: experiments/12b_feature_sweep/market_only_daily_7q_h5_d015_s42/collapse_monitoring/collapse_monitor_latest.json
[DEBUG CollapseMonitor] on_validation_epoch_start called for epoch 95
[DEBUG CollapseMonitor] reset_temporal_state() called on loss function
Epoch 95: val_loss=0.45998498797416687
Epoch 95: train_loss=0.4307904839515686

[CollapseMonitor] Epoch 95
  [DEBUG] Processed 15 batches, 5 horizon(s)
  Multi-horizon metrics (5 horizons):
    h1: std=0.0584, dir_acc=55.1%, pos=93%, unique=904, sharpe=20.85
    h2: std=0.0588, dir_acc=55.2%, pos=93%, unique=902, sharpe=20.35
    h3: std=0.0561, dir_acc=55.6%, pos=93%, unique=907, sharpe=20.36
    h4: std=0.0527, dir_acc=55.7%, pos=93%, unique=906, sharpe=20.62
    h5: std=0.0495, dir_acc=55.8%, pos=92%, unique=902, sharpe=21.16
  Aggregate: std_avg=0.0551, dir_acc_avg=55.5%, composite_avg=0.4548
  H1 detail: range=0.3230, mean=0.0767, dist_match=0.6395
  Collapse penalty: 0.000000 (threshold: 0.005000)
  Saved validation predictions to: experiments/12b_feature_sweep/market_only_daily_7q_h5_d015_s42/collapse_monitoring/val_predictions_epoch95.npz
  Gradient norms:
    lstm_encoder: 0.015128
    lstm_decoder: 0.017510
    output_layer: 0.042783
  VSN output std:
    encoder: 0.243209
  Attention entropy: 2.926799
  Saved to: experiments/12b_feature_sweep/market_only_daily_7q_h5_d015_s42/collapse_monitoring/collapse_monitor_latest.json
[DEBUG CollapseMonitor] on_validation_epoch_start called for epoch 96
[DEBUG CollapseMonitor] reset_temporal_state() called on loss function
Epoch 96: val_loss=0.4603539705276489
Epoch 96: train_loss=0.43103912472724915

[CollapseMonitor] Epoch 96
  [DEBUG] Processed 15 batches, 5 horizon(s)
  Multi-horizon metrics (5 horizons):
    h1: std=0.0589, dir_acc=54.9%, pos=92%, unique=904, sharpe=19.68
    h2: std=0.0593, dir_acc=55.5%, pos=92%, unique=904, sharpe=19.20
    h3: std=0.0566, dir_acc=55.7%, pos=92%, unique=905, sharpe=19.15
    h4: std=0.0533, dir_acc=55.5%, pos=92%, unique=905, sharpe=19.33
    h5: std=0.0501, dir_acc=55.8%, pos=92%, unique=900, sharpe=19.77
  Aggregate: std_avg=0.0556, dir_acc_avg=55.5%, composite_avg=0.4560
  H1 detail: range=0.3250, mean=0.0730, dist_match=0.6417
  Collapse penalty: 0.000000 (threshold: 0.005000)
  Saved validation predictions to: experiments/12b_feature_sweep/market_only_daily_7q_h5_d015_s42/collapse_monitoring/val_predictions_epoch96.npz
  Gradient norms:
    lstm_encoder: 0.016844
    lstm_decoder: 0.019052
    output_layer: 0.040041
  VSN output std:
    encoder: 0.243236
  Attention entropy: 2.926945
  Saved to: experiments/12b_feature_sweep/market_only_daily_7q_h5_d015_s42/collapse_monitoring/collapse_monitor_latest.json
[DEBUG CollapseMonitor] on_validation_epoch_start called for epoch 97
[DEBUG CollapseMonitor] reset_temporal_state() called on loss function
Epoch 97: val_loss=0.46033427119255066
Epoch 97: train_loss=0.43125247955322266

[CollapseMonitor] Epoch 97
  [DEBUG] Processed 15 batches, 5 horizon(s)
  Multi-horizon metrics (5 horizons):
    h1: std=0.0581, dir_acc=55.1%, pos=93%, unique=903, sharpe=20.70
    h2: std=0.0584, dir_acc=55.2%, pos=93%, unique=902, sharpe=20.22
    h3: std=0.0557, dir_acc=55.6%, pos=93%, unique=903, sharpe=20.23
    h4: std=0.0523, dir_acc=55.8%, pos=93%, unique=904, sharpe=20.48
    h5: std=0.0492, dir_acc=55.8%, pos=92%, unique=900, sharpe=21.01
  Aggregate: std_avg=0.0548, dir_acc_avg=55.5%, composite_avg=0.4549
  H1 detail: range=0.3213, mean=0.0758, dist_match=0.6395
  Collapse penalty: 0.000000 (threshold: 0.005000)
  Saved validation predictions to: experiments/12b_feature_sweep/market_only_daily_7q_h5_d015_s42/collapse_monitoring/val_predictions_epoch97.npz
  Gradient norms:
    lstm_encoder: 0.016654
    lstm_decoder: 0.018139
    output_layer: 0.040141
  VSN output std:
    encoder: 0.243221
  Attention entropy: 2.927810
  Saved to: experiments/12b_feature_sweep/market_only_daily_7q_h5_d015_s42/collapse_monitoring/collapse_monitor_latest.json
[DEBUG CollapseMonitor] on_validation_epoch_start called for epoch 98
[DEBUG CollapseMonitor] reset_temporal_state() called on loss function
Epoch 98: val_loss=0.4603308141231537
Epoch 98: train_loss=0.4310937523841858

[CollapseMonitor] Epoch 98
  [DEBUG] Processed 15 batches, 5 horizon(s)
  Multi-horizon metrics (5 horizons):
    h1: std=0.0579, dir_acc=55.1%, pos=93%, unique=904, sharpe=21.11
    h2: std=0.0583, dir_acc=55.2%, pos=93%, unique=907, sharpe=20.69
    h3: std=0.0557, dir_acc=55.5%, pos=93%, unique=905, sharpe=20.79
    h4: std=0.0523, dir_acc=55.8%, pos=93%, unique=902, sharpe=21.14
    h5: std=0.0491, dir_acc=55.8%, pos=92%, unique=901, sharpe=21.76
  Aggregate: std_avg=0.0547, dir_acc_avg=55.5%, composite_avg=0.4545
  H1 detail: range=0.3206, mean=0.0771, dist_match=0.6395
  Collapse penalty: 0.000000 (threshold: 0.005000)
  Saved validation predictions to: experiments/12b_feature_sweep/market_only_daily_7q_h5_d015_s42/collapse_monitoring/val_predictions_epoch98.npz
  Gradient norms:
    lstm_encoder: 0.015384
    lstm_decoder: 0.019285
    output_layer: 0.042701
  VSN output std:
    encoder: 0.243235
  Attention entropy: 2.928188
  Saved to: experiments/12b_feature_sweep/market_only_daily_7q_h5_d015_s42/collapse_monitoring/collapse_monitor_latest.json
[DEBUG CollapseMonitor] on_validation_epoch_start called for epoch 99
[DEBUG CollapseMonitor] reset_temporal_state() called on loss function
Epoch 99: val_loss=0.46040770411491394
Epoch 99: train_loss=0.4315732717514038

[CollapseMonitor] Epoch 99
  [DEBUG] Processed 15 batches, 5 horizon(s)
  Multi-horizon metrics (5 horizons):
    h1: std=0.0581, dir_acc=55.1%, pos=93%, unique=905, sharpe=20.88
    h2: std=0.0585, dir_acc=55.2%, pos=93%, unique=901, sharpe=20.46
    h3: std=0.0558, dir_acc=55.5%, pos=93%, unique=904, sharpe=20.54
    h4: std=0.0524, dir_acc=55.8%, pos=93%, unique=904, sharpe=20.87
    h5: std=0.0492, dir_acc=55.8%, pos=92%, unique=903, sharpe=21.48
  Aggregate: std_avg=0.0548, dir_acc_avg=55.5%, composite_avg=0.4547
  H1 detail: range=0.3209, mean=0.0764, dist_match=0.6395
  Collapse penalty: 0.000000 (threshold: 0.005000)
  Saved validation predictions to: experiments/12b_feature_sweep/market_only_daily_7q_h5_d015_s42/collapse_monitoring/val_predictions_epoch99.npz
  Gradient norms:
    lstm_encoder: 0.015288
    lstm_decoder: 0.017476
    output_layer: 0.041460
  VSN output std:
    encoder: 0.243252
  Attention entropy: 2.928453
  Saved to: experiments/12b_feature_sweep/market_only_daily_7q_h5_d015_s42/collapse_monitoring/collapse_monitor_latest.json


======================================================================
Training complete
======================================================================

Best val_loss checkpoint: experiments/12b_feature_sweep/market_only_daily_7q_h5_d015_s42/checkpoints/tft-epoch=epoch=75-valloss=val_loss=0.4588.ckpt
Best validation loss: 0.458753
Checkpoints saved:
  - Best val_loss: experiments/12b_feature_sweep/market_only_daily_7q_h5_d015_s42/checkpoints/tft-epoch=epoch=75-valloss=val_loss=0.4588.ckpt
  - Best pred_std: experiments/12b_feature_sweep/market_only_daily_7q_h5_d015_s42/checkpoints/tft-epoch=epoch=96-predstd=val_pred_std=0.0589.ckpt
  - Best unique: experiments/12b_feature_sweep/market_only_daily_7q_h5_d015_s42/checkpoints/tft-epoch=epoch=47-unique=val_num_unique=907.ckpt
  - Best dir_acc: experiments/12b_feature_sweep/market_only_daily_7q_h5_d015_s42/checkpoints/tft-epoch=epoch=37-diracc=val_dir_acc=0.5722.ckpt
  - Best sharpe: experiments/12b_feature_sweep/market_only_daily_7q_h5_d015_s42/checkpoints/tft-epoch=epoch=34-sharpe=val_sharpe=44.7087.ckpt
  - Best composite: experiments/12b_feature_sweep/market_only_daily_7q_h5_d015_s42/checkpoints/tft-epoch=epoch=11-composite=val_composite=0.5013.ckpt
Completed at: 2025-12-13 20:39:22
Log saved to: experiments/12b_feature_sweep/market_only_daily_7q_h5_d015_s42/training_20251213_201246.log
======================================================================
