{
  "period_statistics": {
    "2020": {
      "n_samples": 82,
      "entropy_mean": 3.3979763984680176,
      "entropy_std": 0.0008483406854793429,
      "attention_concentration": 0.03350741043686867,
      "top_features": [
        [
          "t-1",
          0.037406742572784424
        ],
        [
          "t-2",
          0.03685593977570534
        ],
        [
          "t-3",
          0.03635464236140251
        ],
        [
          "t-4",
          0.035928476601839066
        ],
        [
          "t-5",
          0.03556637838482857
        ]
      ],
      "mean_attention": [
        0.024292154237627983,
        0.02933748997747898,
        0.03097819723188877,
        0.03164958208799362,
        0.03200218081474304,
        0.03220869600772858,
        0.03235824406147003,
        0.032476142048835754,
        0.03257787972688675,
        0.032675132155418396,
        0.03277485817670822,
        0.03288068249821663,
        0.03298104554414749,
        0.0330987311899662,
        0.03321616351604462,
        0.03335973620414734,
        0.033526867628097534,
        0.03371471166610718,
        0.033911723643541336,
        0.0341167226433754,
        0.03431959077715874,
        0.03451500087976456,
        0.03471757844090462,
        0.03495532274246216,
        0.03524339571595192,
        0.03556637838482857,
        0.035928476601839066,
        0.03635464236140251,
        0.03685593977570534,
        0.037406742572784424
      ],
      "std_attention": [
        0.0009421417489647865,
        0.0009144708747044206,
        0.0008525222074240446,
        0.0008151935180649161,
        0.0007830759277567267,
        0.0007651534397155046,
        0.0007567534339614213,
        0.0007606242434121668,
        0.0007787672220729291,
        0.0008029379532672465,
        0.000820026732981205,
        0.000832084275316447,
        0.0008568245102651417,
        0.0008697189623489976,
        0.0008990385686047375,
        0.0009212344302795827,
        0.0009508886723779142,
        0.0009914973052218556,
        0.0010362820466980338,
        0.0010729279601946473,
        0.001111005200073123,
        0.001150955562479794,
        0.001188423135317862,
        0.0012392982607707381,
        0.0013038491597399116,
        0.0013304695021361113,
        0.001348858349956572,
        0.0013973413733765483,
        0.001520141726359725,
        0.0017239509616047144
      ]
    },
    "2021": {
      "n_samples": 250,
      "entropy_mean": 3.3701322078704834,
      "entropy_std": 0.030179841443896294,
      "attention_concentration": 0.033724695444107056,
      "top_features": [
        [
          "t-1",
          0.03824843093752861
        ],
        [
          "t-2",
          0.037836577743291855
        ],
        [
          "t-3",
          0.03753107413649559
        ],
        [
          "t-4",
          0.03729744255542755
        ],
        [
          "t-5",
          0.03707444667816162
        ]
      ],
      "mean_attention": [
        0.02179410308599472,
        0.02699047513306141,
        0.028895065188407898,
        0.0297371968626976,
        0.030189575627446175,
        0.03048684075474739,
        0.030796704813838005,
        0.031085945665836334,
        0.03141449764370918,
        0.03172837942838669,
        0.03208265081048012,
        0.03242136910557747,
        0.032824840396642685,
        0.033194415271282196,
        0.033548180013895035,
        0.03394171968102455,
        0.034286126494407654,
        0.03465062007308006,
        0.03504723310470581,
        0.03536909818649292,
        0.03569383919239044,
        0.03601229190826416,
        0.03634721785783768,
        0.03662068769335747,
        0.03685301914811134,
        0.03707444667816162,
        0.03729744255542755,
        0.03753107413649559,
        0.037836577743291855,
        0.03824843093752861
      ],
      "std_attention": [
        0.0051254816353321075,
        0.005838408134877682,
        0.005986941512674093,
        0.005999308079481125,
        0.005945962853729725,
        0.005877123214304447,
        0.005821980535984039,
        0.005818837787955999,
        0.005958396941423416,
        0.006068984046578407,
        0.006259624380618334,
        0.006369633600115776,
        0.0066140820272266865,
        0.006756405346095562,
        0.006942376960068941,
        0.007149253971874714,
        0.007349072024226189,
        0.007532061543315649,
        0.007743010297417641,
        0.007915188558399677,
        0.008080439642071724,
        0.008219853974878788,
        0.00841349083930254,
        0.008699199184775352,
        0.009192284196615219,
        0.009810756891965866,
        0.010590785183012486,
        0.011566233821213245,
        0.012983111664652824,
        0.014891461469233036
      ]
    },
    "2022": {
      "n_samples": 249,
      "entropy_mean": 3.3827133178710938,
      "entropy_std": 0.016915319487452507,
      "attention_concentration": 0.03361298143863678,
      "top_features": [
        [
          "t-1",
          0.03528650850057602
        ],
        [
          "t-2",
          0.03528238832950592
        ],
        [
          "t-3",
          0.035247448831796646
        ],
        [
          "t-4",
          0.03522108495235443
        ],
        [
          "t-5",
          0.0352049246430397
        ]
      ],
      "mean_attention": [
        0.0207890123128891,
        0.02685718797147274,
        0.02931283973157406,
        0.030577825382351875,
        0.03139626979827881,
        0.03202252462506294,
        0.032478321343660355,
        0.03290091082453728,
        0.03323826566338539,
        0.03353680297732353,
        0.033755578100681305,
        0.03395629674196243,
        0.03408670052886009,
        0.034261804074048996,
        0.03446246311068535,
        0.03459487855434418,
        0.034766919910907745,
        0.034938156604766846,
        0.03499825298786163,
        0.035071998834609985,
        0.03513997420668602,
        0.035164862871170044,
        0.03514442965388298,
        0.03514716029167175,
        0.03515820950269699,
        0.0352049246430397,
        0.03522108495235443,
        0.035247448831796646,
        0.03528238832950592,
        0.03528650850057602
      ],
      "std_attention": [
        0.0038640927523374557,
        0.004600316286087036,
        0.004797087050974369,
        0.004892836790531874,
        0.004962373524904251,
        0.005001033656299114,
        0.0050178091041743755,
        0.005025695543736219,
        0.004968775901943445,
        0.004968860652297735,
        0.004879587795585394,
        0.0048421695828437805,
        0.004603206645697355,
        0.004526820965111256,
        0.004477437119930983,
        0.00445031002163887,
        0.004452398046851158,
        0.004632271360605955,
        0.0047231814824044704,
        0.004897775128483772,
        0.005139396991580725,
        0.005392993800342083,
        0.00563410110771656,
        0.006010955665260553,
        0.006457904353737831,
        0.006948033347725868,
        0.007508495822548866,
        0.008136231452226639,
        0.008842703886330128,
        0.00962290819734335
      ]
    },
    "2023": {
      "n_samples": 249,
      "entropy_mean": 3.373991012573242,
      "entropy_std": 0.021569421514868736,
      "attention_concentration": 0.03349442407488823,
      "top_features": [
        [
          "t-1",
          0.03521426394581795
        ],
        [
          "t-2",
          0.035043105483055115
        ],
        [
          "t-3",
          0.03493925929069519
        ],
        [
          "t-4",
          0.03485541045665741
        ],
        [
          "t-5",
          0.03476465865969658
        ]
      ],