{
  "period_statistics": {
    "2020": {
      "n_samples": 82,
      "entropy_mean": 3.332291841506958,
      "entropy_std": 0.05999889224767685,
      "attention_concentration": 0.03431396931409836,
      "top_features": [
        [
          "t-1",
          0.04441865161061287
        ],
        [
          "t-2",
          0.04349843040108681
        ],
        [
          "t-3",
          0.04210597649216652
        ],
        [
          "t-4",
          0.0408419705927372
        ],
        [
          "t-5",
          0.039722949266433716
        ]
      ],
      "mean_attention": [
        0.020912259817123413,
        0.021895648911595345,
        0.02360169030725956,
        0.025834359228610992,
        0.027798661962151527,
        0.029249371960759163,
        0.030308837071061134,
        0.030954008921980858,
        0.03130906820297241,
        0.03156178444623947,
        0.03179837018251419,
        0.03207321837544441,
        0.032342199236154556,
        0.03264930471777916,
        0.03292063996195793,
        0.03320644050836563,
        0.03356624394655228,
        0.03398403152823448,
        0.0345742367208004,
        0.03505943343043327,
        0.03554140031337738,
        0.03596481308341026,
        0.03644845262169838,
        0.037410661578178406,
        0.03844689205288887,
        0.039722949266433716,
        0.0408419705927372,
        0.04210597649216652,
        0.04349843040108681,
        0.04441865161061287
      ],
      "std_attention": [
        0.010632473044097424,
        0.009854666888713837,
        0.00968028325587511,
        0.009580105543136597,
        0.00947027001529932,
        0.009461709298193455,
        0.009499485604465008,
        0.00949127972126007,
        0.00923684798181057,
        0.009003423154354095,
        0.008713298477232456,
        0.008642471395432949,
        0.008729809895157814,
        0.008976085111498833,
        0.00920525286346674,
        0.009652280248701572,
        0.00979265570640564,
        0.009770016185939312,
        0.010041862726211548,
        0.009991612285375595,
        0.010123888961970806,
        0.010291090235114098,
        0.010576632805168629,
        0.011462703347206116,
        0.0127860764041543,
        0.015122674405574799,
        0.01709577813744545,
        0.019839193671941757,
        0.022235572338104248,
        0.02466905675828457
      ]
    },
    "2021": {
      "n_samples": 250,
      "entropy_mean": 3.296055555343628,
      "entropy_std": 0.1621052324771881,
      "attention_concentration": 0.03395981714129448,
      "top_features": [
        [
          "t-1",
          0.042383912950754166
        ],
        [
          "t-2",
          0.04097617417573929
        ],
        [
          "t-3",
          0.03968368098139763
        ],
        [
          "t-4",
          0.03839513286948204
        ],
        [
          "t-5",
          0.03734418749809265
        ]
      ],
      "mean_attention": [
        0.022432606667280197,
        0.02327529713511467,
        0.025108760222792625,
        0.02726350538432598,
        0.028935173526406288,
        0.029974425211548805,
        0.030927367508411407,
        0.031406812369823456,
        0.03198818489909172,
        0.03249422833323479,
        0.03275962546467781,
        0.03316660225391388,
        0.03342752531170845,
        0.03365987911820412,
        0.03390228748321533,
        0.03406394645571709,
        0.03421563282608986,
        0.034342534840106964,
        0.03447769954800606,
        0.03468135744333267,
        0.03498014435172081,
        0.035245638340711594,
        0.03573394566774368,
        0.03615621104836464,
        0.03659749776124954,
        0.03734418749809265,
        0.03839513286948204,
        0.03968368098139763,
        0.04097617417573929,
        0.042383912950754166
      ],
      "std_attention": [
        0.006657724734395742,
        0.00707350205630064,
        0.008632751181721687,
        0.010515106841921806,
        0.01181408204138279,
        0.01223246194422245,
        0.013040369376540184,
        0.013165201060473919,
        0.014391143806278706,
        0.014784001745283604,
        0.01421203464269638,
        0.014604042284190655,
        0.014722909778356552,
        0.01497876551002264,
        0.015369351021945477,
        0.015461237169802189,
        0.015725214034318924,
        0.01568477973341942,
        0.015690002590417862,
        0.015962667763233185,
        0.016655374318361282,
        0.01678614132106304,
        0.017847949638962746,
        0.019153108820319176,
        0.020284099504351616,
        0.022758236154913902,
        0.026378629729151726,
        0.031066343188285828,
        0.034261591732501984,
        0.03891235217452049
      ]
    },
    "2022": {
      "n_samples": 249,
      "entropy_mean": 3.2255160808563232,
      "entropy_std": 0.17002780735492706,
      "attention_concentration": 0.03452315554022789,
      "top_features": [
        [
          "t-1",
          0.0453789159655571
        ],
        [
          "t-2",
          0.043847110122442245
        ],
        [
          "t-3",
          0.042128801345825195
        ],
        [
          "t-4",
          0.04061621055006981
        ],
        [
          "t-5",
          0.03939799591898918
        ]
      ],
      "mean_attention": [
        0.01979588158428669,
        0.0201258547604084,
        0.02088761515915394,
        0.023074280470609665,
        0.026055095717310905,
        0.028951404616236687,
        0.030845705419778824,
        0.03225908428430557,
        0.032924968749284744,
        0.033055923879146576,
        0.03311562538146973,
        0.033027101308107376,
        0.03301459923386574,
        0.03319133445620537,
        0.033357884734869,
        0.033535461872816086,
        0.03381405025720596,
        0.03421664983034134,
        0.03452485799789429,
        0.034944940358400345,
        0.03552693873643875,
        0.03609081730246544,
        0.03668992221355438,
        0.037333302199840546,
        0.03827165067195892,
        0.03939799591898918,
        0.04061621055006981,
        0.042128801345825195,
        0.043847110122442245,
        0.0453789159655571
      ],
      "std_attention": [
        0.01252826489508152,
        0.012379535473883152,
        0.01272323913872242,
        0.01386274117976427,
        0.0156390517950058,
        0.017170226201415062,
        0.017610037699341774,
        0.018108416348695755,
        0.018225286155939102,
        0.017815446481108665,
        0.017597265541553497,
        0.017249280586838722,
        0.016993124037981033,
        0.017019787803292274,
        0.01701788790524006,
        0.017295604571700096,
        0.01747117005288601,
        0.017728008329868317,
        0.017818527296185493,
        0.018310967832803726,
        0.019143108278512955,
        0.020115887746214867,
        0.021011754870414734,
        0.021695083007216454,
        0.02353161759674549,
        0.0255455169826746,
        0.027984386309981346,
        0.031265225261449814,
        0.03508961573243141,
        0.03919697552919388
      ]
    },
    "2023": {
      "n_samples": 249,
      "entropy_mean": 3.3738176822662354,
      "entropy_std": 0.03611220046877861,
      "attention_concentration": 0.03363623097538948,
      "top_features": [
        [
          "t-1",
          0.037509411573410034
        ],
        [
          "t-2",
          0.03710262104868889
        ],
        [
          "t-3",
          0.03676246106624603
        ],
        [
          "t-4",
          0.036380983889102936
        ],
        [
          "t-5",
          0.03602094575762749
        ]
      ],