{
  "evaluation_timestamp": "2025-10-30T03:15:51.361213",
  "statistical_metrics": {
    "mse": 1.1729071140289307,
    "rmse": 1.0830084085464478,
    "mae": 0.7718166708946228,
    "mape": 147.71549701690674,
    "r2": 0.0032758712768554688,
    "mean_error": 0.015697674825787544,
    "std_error": 1.0828945636749268
  },
  "financial_metrics": {
    "directional_accuracy": 0.534375,
    "sharpe_ratio": 0.9944035985319261,
    "max_drawdown": -0.19158919155597687,
    "total_return": 1.0340607166290283,
    "hit_rate": 0.44609375,
    "num_trades": 1051,
    "precision": 0.5432921027592769,
    "recall": 0.8311499272197962,
    "f1_score": 0.6570771001150747,
    "confusion_matrix": [
      [
        113,
        480
      ],
      [
        116,
        571
      ]
    ],
    "auc_roc": 0.5343367919271658,
    "alpha": 0.11245262622833252
  },
  "residual_diagnostics": {
    "normality_p_value": 4.948334780414189e-39,
    "acf_lag1": -0.03150275230852293,
    "skewness": 0.04885970057580596,
    "kurtosis": 6.319245581049914
  },
  "mode_stats": {
    "healthy_days": 594,
    "degraded_days": 156,
    "unidirectional_days": 494,
    "weak_collapse_days": 36,
    "strong_collapse_days": 0,
    "total_days": 1280,
    "healthy_pct": 46.40625,
    "degraded_pct": 12.1875,
    "unidirectional_pct": 38.59375,
    "weak_collapse_pct": 2.8125,
    "strong_collapse_pct": 0.0
  },
  "collapse_detected": true,
  "degradation_detected": true,
  "checkpoint_used": "experiments/00_baseline_exploration/sweep2_h16_lr_0.0002/checkpoints/tft-epoch=97-val_loss=0.4038.ckpt"
}