{
  "evaluation_timestamp": "2025-10-27T12:02:26.655133",
  "statistical_metrics": {
    "mse": 1.1835319995880127,
    "rmse": 1.087902545928955,
    "mae": 0.7742606401443481,
    "mape": 153.57847213745117,
    "r2": -0.005753040313720703,
    "mean_error": 0.0683661475777626,
    "std_error": 1.085752248764038
  },
  "financial_metrics": {
    "directional_accuracy": 0.5203125,
    "sharpe_ratio": 0.7922912109814298,
    "max_drawdown": -0.18902269005775452,
    "total_return": 0.47316431999206543,
    "hit_rate": 0.25078125,
    "num_trades": 569,
    "precision": 0.5641476274165202,
    "recall": 0.4672489082969432,
    "f1_score": 0.5111464968152867,
    "confusion_matrix": [
      [
        345,
        248
      ],
      [
        366,
        321
      ]
    ],
    "auc_roc": 0.542685037224681,
    "alpha": -0.44844377040863037
  },
  "residual_diagnostics": {
    "normality_p_value": 9.134493597756814e-40,
    "acf_lag1": -0.034736718902180726,
    "skewness": 0.12521906136653402,
    "kurtosis": 6.346900023908532
  },
  "mode_stats": {
    "healthy_days": 103,
    "degraded_days": 129,
    "unidirectional_days": 809,
    "weak_collapse_days": 94,
    "strong_collapse_days": 145,
    "total_days": 1280,
    "healthy_pct": 8.046875,
    "degraded_pct": 10.078125,
    "unidirectional_pct": 63.20312500000001,
    "weak_collapse_pct": 7.34375,
    "strong_collapse_pct": 11.328125
  },
  "collapse_detected": true,
  "degradation_detected": true,
  "checkpoint_used": "experiments/00_baseline_exploration/sweep2_h16_lr_0.0002/checkpoints/tft-epoch=03-val_loss=0.1154.ckpt"
}