{
  "period_statistics": {
    "2020": {
      "n_samples": 92,
      "entropy_mean": 2.989266872406006,
      "entropy_std": 0.0042823301628232,
      "attention_concentration": 0.05034156143665314,
      "top_features": [
        [
          "t-20",
          0.06528794020414352
        ],
        [
          "t-19",
          0.056731462478637695
        ],
        [
          "t-18",
          0.053208041936159134
        ],
        [
          "t-17",
          0.051257990300655365
        ],
        [
          "t-16",
          0.05014611780643463
        ]
      ],
      "mean_attention": [
        0.06528794020414352,
        0.056731462478637695,
        0.053208041936159134,
        0.051257990300655365,
        0.05014611780643463,
        0.04945598915219307,
        0.04901304468512535,
        0.048701975494623184,
        0.04848342388868332,
        0.04830356314778328,
        0.048162154853343964,
        0.0480445995926857,
        0.04793963208794594,
        0.047994960099458694,
        0.04797372221946716,
        0.04792925715446472,
        0.047886595129966736,
        0.047849997878074646,
        0.047824155539274216,
        0.04780538007616997
      ],
      "std_attention": [
        0.007256769575178623,
        0.0055169593542814255,
        0.004695424344390631,
        0.004173011519014835,
        0.0038491347804665565,
        0.0036278185434639454,
        0.003500765422359109,
        0.0034277974627912045,
        0.0033873592037707567,
        0.0033640130423009396,
        0.003390345023944974,
        0.0034427118953317404,
        0.003498228034004569,
        0.0037425716873258352,
        0.003824267303571105,
        0.003914544824510813,
        0.00400548754259944,
        0.004107967484742403,
        0.004215118009597063,
        0.004354601260274649
      ]
    },
    "2021": {
      "n_samples": 250,
      "entropy_mean": 2.9859395027160645,
      "entropy_std": 0.011989775113761425,
      "attention_concentration": 0.050324782729148865,
      "top_features": [
        [
          "t-20",
          0.0645897388458252
        ],
        [
          "t-19",
          0.0566481314599514
        ],
        [
          "t-18",
          0.05337214097380638
        ],
        [
          "t-17",
          0.051513608545064926
        ],
        [
          "t-16",
          0.0503871776163578
        ]
      ],
      "mean_attention": [
        0.0645897388458252,
        0.0566481314599514,
        0.05337214097380638,
        0.051513608545064926,
        0.0503871776163578,
        0.04972803220152855,
        0.04924771934747696,
        0.04893168434500694,
        0.04873126372694969,
        0.048535965383052826,
        0.048387035727500916,
        0.04827173054218292,
        0.048186998814344406,
        0.048048265278339386,
        0.04789557307958603,
        0.04775489121675491,
        0.047616537660360336,
        0.04749251902103424,
        0.04737843945622444,
        0.04728252440690994
      ],
      "std_attention": [
        0.007861196994781494,
        0.006917046848684549,
        0.006497559603303671,
        0.005993605591356754,
        0.005604584701359272,
        0.005365131888538599,
        0.005259956698864698,
        0.005218631587922573,
        0.005210051313042641,
        0.00525284418836236,
        0.00528195733204484,
        0.005305291153490543,
        0.005317094270139933,
        0.0053081330843269825,
        0.005428779870271683,
        0.005618805531412363,
        0.005903386045247316,
        0.0063200234435498714,
        0.006870550103485584,
        0.0074824863113462925
      ]
    },
    "2022": {
      "n_samples": 249,
      "entropy_mean": 2.9824273586273193,
      "entropy_std": 0.014393595047295094,
      "attention_concentration": 0.050050754100084305,
      "top_features": [
        [
          "t-20",
          0.05578874051570892
        ],
        [
          "t-19",
          0.05266153812408447
        ],
        [
          "t-18",
          0.05128870904445648
        ],
        [
          "t-17",
          0.050529345870018005
        ],
        [
          "t-16",
          0.05008532851934433
        ]
      ],
      "mean_attention": [
        0.05578874051570892,
        0.05266153812408447,
        0.05128870904445648,
        0.050529345870018005,
        0.05008532851934433,
        0.04973086342215538,
        0.04954053461551666,
        0.04942047968506813,
        0.049272846430540085,
        0.04917534440755844,
        0.049129705876111984,
        0.04908448085188866,
        0.049036938697099686,
        0.048990655690431595,
        0.049006082117557526,
        0.04911782220005989,
        0.0492396242916584,
        0.04941127449274063,
        0.04962729290127754,
        0.04986231029033661
      ],
      "std_attention": [
        0.01117230486124754,
        0.00949760340154171,
        0.008476771414279938,
        0.00791112706065178,
        0.007481120061129332,
        0.007113276515156031,
        0.006813749670982361,
        0.006641514133661985,
        0.006498922593891621,
        0.006434573791921139,
        0.006437989883124828,
        0.006535207852721214,
        0.006755459122359753,
        0.007058131508529186,
        0.007394833490252495,
        0.007807940244674683,
        0.008336317725479603,
        0.008977462537586689,
        0.00970951933413744,
        0.0105452761054039
      ]
    },
    "2023": {
      "n_samples": 249,
      "entropy_mean": 2.984215259552002,
      "entropy_std": 0.009988545440137386,
      "attention_concentration": 0.050194162875413895,
      "top_features": [
        [
          "t-20",
          0.06132856383919716
        ],
        [
          "t-19",
          0.055235330015420914
        ],
        [
          "t-18",
          0.052622780203819275
        ],
        [
          "t-17",
          0.051125649362802505
        ],
        [
          "t-16",
          0.050217919051647186
        ]
      ],
      "mean_attention": [
        0.06132856383919716,
        0.055235330015420914,
        0.052622780203819275,
        0.051125649362802505,
        0.050217919051647186,
        0.0496487058699131,
        0.04926241934299469,
        0.04895827919244766,
        0.04877771809697151,
        0.04868239536881447,
        0.048584774136543274,
        0.0485200472176075,
        0.04847163334488869,
        0.048458777368068695,
        0.0484585203230381,
        0.048365749418735504,
        0.04834133759140968,
        0.04831475019454956,
        0.04830019176006317,
        0.04832451418042183
      ],
      "std_attention": [
        0.010156482458114624,
        0.008658542297780514,
        0.007781632244586945,
        0.007175244856625795,
        0.006717085838317871,
        0.006394843105226755,
        0.00615951931104064,
        0.0059501673094928265,
        0.005875532981008291,
        0.005834267940372229,
        0.005874880123883486,
        0.005976731888949871,
        0.006099215243011713,
        0.006236793007701635,
        0.006388030014932156,
        0.0066077569499611855,
        0.006865489762276411,
        0.007197451312094927,
        0.007591292727738619,
        0.008085332810878754
      ]
    },
    "2024": {
      "n_samples": 250,
      "entropy_mean": 2.9925882816314697,
      "entropy_std": 0.0018535886192694306,
      "attention_concentration": 0.05011184513568878,
      "top_features": [
        [
          "t-20",
          0.058956120163202286
        ],
        [
          "t-19",
          0.05356820300221443
        ],
        [
          "t-18",
          0.051660750061273575
        ],
        [
          "t-17",
          0.050638530403375626
        ],
        [
          "t-16",
          0.05004839599132538
        ]
      ],