{
  "period_statistics": {
    "2020": {
      "n_samples": 92,
      "entropy_mean": 2.671673059463501,
      "entropy_std": 0.2816345989704132,
      "attention_concentration": 0.051676444709300995,
      "top_features": [
        [
          "t-1",
          0.07310273498296738
        ],
        [
          "t-20",
          0.06649746745824814
        ],
        [
          "t-2",
          0.0645761638879776
        ],
        [
          "t-3",
          0.05793275684118271
        ],
        [
          "t-19",
          0.05786919593811035
        ]
      ],
      "mean_attention": [
        0.06649746745824814,
        0.05786919593811035,
        0.05195426940917969,
        0.04832199215888977,
        0.04601156339049339,
        0.04466443508863449,
        0.0436411015689373,
        0.042654380202293396,
        0.04245215654373169,
        0.04188841953873634,
        0.04150916635990143,
        0.041447412222623825,
        0.04166674241423607,
        0.04434956610202789,
        0.04679068177938461,
        0.04982239753007889,
        0.05284740775823593,
        0.05793275684118271,
        0.0645761638879776,
        0.07310273498296738
      ],
      "std_attention": [
        0.06374845653772354,
        0.049571692943573,
        0.04068020358681679,
        0.035734765231609344,
        0.03308175504207611,
        0.03254450112581253,
        0.031601689755916595,
        0.030745243653655052,
        0.03111671656370163,
        0.030716000124812126,
        0.030794283375144005,
        0.030725443735718727,
        0.030949458479881287,
        0.03587763383984566,
        0.03899263218045235,
        0.04418497905135155,
        0.0489903949201107,
        0.058875590562820435,
        0.07360528409481049,
        0.0968717709183693
      ]
    },
    "2021": {
      "n_samples": 250,
      "entropy_mean": 2.5589351654052734,
      "entropy_std": 0.5015468001365662,
      "attention_concentration": 0.050489697605371475,
      "top_features": [
        [
          "t-20",
          0.06343691796064377
        ],
        [
          "t-1",
          0.06032034009695053
        ],
        [
          "t-19",
          0.05688580498099327
        ],
        [
          "t-2",
          0.05567415803670883
        ],
        [
          "t-18",
          0.05158465728163719
        ]
      ],
      "mean_attention": [
        0.06343691796064377,
        0.05688580498099327,
        0.05158465728163719,
        0.048761285841464996,
        0.048133380711078644,
        0.04732007905840874,
        0.0471455343067646,
        0.04668974503874779,
        0.04630134254693985,
        0.04633425548672676,
        0.046448033303022385,
        0.0465741865336895,
        0.047105178236961365,
        0.04685666039586067,
        0.04696647822856903,
        0.04754002392292023,
        0.04850929230451584,
        0.05141272023320198,
        0.05567415803670883,
        0.06032034009695053
      ],
      "std_attention": [
        0.06532657891511917,
        0.060628704726696014,
        0.05399005115032196,
        0.05143400654196739,
        0.052176814526319504,
        0.05083082988858223,
        0.051164936274290085,
        0.05051974579691887,
        0.05090516433119774,
        0.051875803619623184,
        0.052783798426389694,
        0.05347440391778946,
        0.05576028674840927,
        0.056792065501213074,
        0.05797690153121948,
        0.05999568849802017,
        0.0633125901222229,
        0.07664231210947037,
        0.10003482550382614,
        0.11639934033155441
      ]
    },
    "2022": {
      "n_samples": 249,
      "entropy_mean": 2.418875217437744,
      "entropy_std": 0.3955446779727936,
      "attention_concentration": 0.05210457742214203,
      "top_features": [
        [
          "t-1",
          0.07610147446393967
        ],
        [
          "t-20",
          0.07123954594135284
        ],
        [
          "t-19",
          0.06347312778234482
        ],
        [
          "t-2",
          0.060351453721523285
        ],
        [
          "t-18",
          0.057110004127025604
        ]
      ],
      "mean_attention": [
        0.07123954594135284,
        0.06347312778234482,
        0.057110004127025604,
        0.05201275274157524,
        0.048278406262397766,
        0.04559449478983879,
        0.04365057870745659,
        0.04312381148338318,
        0.04170515388250351,
        0.04057491570711136,
        0.0402383916079998,
        0.04068264365196228,
        0.04185023531317711,
        0.042958684265613556,
        0.04393834248185158,
        0.04583330824971199,
        0.04860967770218849,
        0.05267303064465523,
        0.060351453721523285,
        0.07610147446393967
      ],
      "std_attention": [
        0.08828429877758026,
        0.06692475080490112,
        0.058556221425533295,
        0.051810372620821,
        0.047011565417051315,
        0.044182050973176956,
        0.04260309040546417,
        0.04472101479768753,
        0.04345225170254707,
        0.042128756642341614,
        0.04208620637655258,
        0.04391410946846008,
        0.04724690690636635,
        0.050132494419813156,
        0.051673103123903275,
        0.054480284452438354,
        0.0596204474568367,
        0.06749523431062698,
        0.08425780385732651,
        0.13181601464748383
      ]
    },
    "2023": {
      "n_samples": 249,
      "entropy_mean": 2.869779348373413,
      "entropy_std": 0.24184508621692657,
      "attention_concentration": 0.05032910034060478,
      "top_features": [
        [
          "t-20",
          0.06349410116672516
        ],
        [
          "t-19",
          0.05842539295554161
        ],
        [
          "t-18",
          0.05324864387512207
        ],
        [
          "t-1",
          0.05217958241701126
        ],
        [
          "t-17",
          0.05062481760978699
        ]
      ],
      "mean_attention": [
        0.06349410116672516,
        0.05842539295554161,
        0.05324864387512207,
        0.05062481760978699,
        0.049216825515031815,
        0.04860988259315491,
        0.04830960929393768,
        0.047409843653440475,
        0.04742659628391266,
        0.0475560687482357,
        0.04756505787372589,
        0.047529932111501694,
        0.04755620285868645,
        0.04769936949014664,
        0.04792210832238197,
        0.04798822104930878,
        0.048340510576963425,
        0.04890256002545357,
        0.04999469965696335,
        0.05217958241701126
      ],
      "std_attention": [
        0.04206651821732521,
        0.036406613886356354,
        0.030183065682649612,
        0.027805984020233154,
        0.025818463414907455,
        0.025796493515372276,
        0.02569764293730259,
        0.021344855427742004,
        0.02219434082508087,
        0.022585544735193253,
        0.0233567263931036,
        0.02398030273616314,
        0.024368304759263992,
        0.02491448074579239,
        0.027040962129831314,
        0.02845904231071472,
        0.030814144760370255,
        0.03387906402349472,
        0.04203115776181221,
        0.05356304347515106
      ]
    },
    "2024": {
      "n_samples": 250,
      "entropy_mean": 2.8601951599121094,
      "entropy_std": 0.37262648344039917,
      "attention_concentration": 0.05009174346923828,
      "top_features": [
        [
          "t-20",
          0.05653088912367821
        ],
        [
          "t-1",
          0.05284520611166954
        ],
        [
          "t-2",
          0.05207308381795883
        ],
        [
          "t-19",
          0.05189494043588638
        ],
        [
          "t-3",
          0.05181417614221573
        ]
      ],