{
  "evaluation_timestamp": "2025-11-01T23:56:43.788384",
  "statistical_metrics": {
    "mse": 1.1703423261642456,
    "rmse": 1.0818235874176025,
    "mae": 0.7724085450172424,
    "mape": 154.0714979171753,
    "r2": 0.003951430320739746,
    "mean_error": 0.019212357699871063,
    "std_error": 1.0816529989242554
  },
  "financial_metrics": {
    "directional_accuracy": 0.5226209048361935,
    "sharpe_ratio": 0.758673810922825,
    "max_drawdown": -0.1798790842294693,
    "total_return": 0.6839644908905029,
    "hit_rate": 0.39001560062402496,
    "num_trades": 923,
    "precision": 0.5417118093174431,
    "recall": 0.7256894049346879,
    "f1_score": 0.6203473945409429,
    "confusion_matrix": [
      [
        170,
        423
      ],
      [
        189,
        500
      ]
    ],
    "auc_roc": 0.5136999880071564,
    "alpha": -0.2472912073135376
  },
  "residual_diagnostics": {
    "normality_p_value": 1.4560828754900747e-38,
    "acf_lag1": -0.02902561706421171,
    "skewness": 0.00840450858570616,
    "kurtosis": 6.221054479996678
  },
  "mode_stats": {
    "healthy_days": 795,
    "degraded_days": 194,
    "unidirectional_days": 293,
    "weak_collapse_days": 0,
    "strong_collapse_days": 0,
    "total_days": 1282,
    "healthy_pct": 62.01248049921997,
    "degraded_pct": 15.132605304212168,
    "unidirectional_pct": 22.85491419656786,
    "weak_collapse_pct": 0.0,
    "strong_collapse_pct": 0.0
  },
  "collapse_detected": false,
  "degradation_detected": true,
  "checkpoint_used": "experiments/02_vintage_baseline/baseline_vintage_h16_drop0.15_lr5/checkpoints/tft-epoch=52-val_loss=0.4003.ckpt"
}