{
  "experiment": "sweep2_hidden_16",
  "collapsed": false,
  "collapse_type": null,
  "predictions": {
    "mean": 0.055875517427921295,
    "std": 0.05171949416399002,
    "min": -0.09523221850395203,
    "max": 0.11806751042604446,
    "range": 0.2132997214794159,
    "pct_positive": 87.734375,
    "pct_negative": 12.265625,
    "num_unique": 1275
  },
  "hidden_size": 16,
  "total_params": 22615,
  "diagnosed_at": "2025-10-21T13:20:59.631716"
}