{
  "period_statistics": {
    "2020": {
      "n_samples": 92,
      "entropy_mean": 2.988813877105713,
      "entropy_std": 0.004621041473001242,
      "attention_concentration": 0.05036938190460205,
      "top_features": [
        [
          "t-20",
          0.06575608998537064
        ],
        [
          "t-19",
          0.057149820029735565
        ],
        [
          "t-18",
          0.05345918983221054
        ],
        [
          "t-17",
          0.0513891875743866
        ],
        [
          "t-16",
          0.050200290977954865
        ]
      ],
      "mean_attention": [
        0.06575608998537064,
        0.057149820029735565,
        0.05345918983221054,
        0.0513891875743866,
        0.050200290977954865,
        0.049463167786598206,
        0.04899127408862114,
        0.04866127297282219,
        0.048429399728775024,
        0.04823802784085274,
        0.04808533191680908,
        0.04795629531145096,
        0.04783928021788597,
        0.04787968471646309,
        0.047857094556093216,
        0.04780825227499008,
        0.0477612242102623,
        0.04772000387310982,
        0.047689422965049744,
        0.04766570031642914
      ],
      "std_attention": [
        0.0072701252065598965,
        0.0056051951833069324,
        0.004814174957573414,
        0.0043067471124231815,
        0.003987786825746298,
        0.0037633543834090233,
        0.0036313901655375957,
        0.0035518116783350706,
        0.0035047223791480064,
        0.003479688661172986,
        0.003507948247715831,
        0.003566379426047206,
        0.0036313107702881098,
        0.003851247951388359,
        0.0039420160464942455,
        0.004037901293486357,
        0.0041333031840622425,
        0.0042404173873364925,
        0.00435395585373044,
        0.00449666753411293
      ]
    },
    "2021": {
      "n_samples": 250,
      "entropy_mean": 2.9850637912750244,
      "entropy_std": 0.013358991593122482,
      "attention_concentration": 0.05036536604166031,
      "top_features": [
        [
          "t-20",
          0.06530146300792694
        ],
        [
          "t-19",
          0.05717727169394493
        ],
        [
          "t-18",
          0.05370902270078659
        ],
        [
          "t-17",
          0.051711555570364
        ],
        [
          "t-16",
          0.050492480397224426
        ]
      ],
      "mean_attention": [
        0.06530146300792694,
        0.05717727169394493,
        0.05370902270078659,
        0.051711555570364,
        0.050492480397224426,
        0.049770157784223557,
        0.049250684678554535,
        0.04890467971563339,
        0.048679646104574203,
        0.04846686124801636,
        0.04830050840973854,
        0.04816756024956703,
        0.04806509613990784,
        0.04789979010820389,
        0.047723688185214996,
        0.04756281524896622,
        0.04740481823682785,
        0.04726233333349228,
        0.04713149741292,
        0.047018107026815414
      ],
      "std_attention": [
        0.007922557182610035,
        0.007063509896397591,
        0.0066957431845366955,
        0.006190882530063391,
        0.005810532718896866,
        0.0055765630677342415,
        0.005478538107126951,
        0.005450270604342222,
        0.005448624026030302,
        0.005495001561939716,
        0.005528704728931189,
        0.005553676746785641,
        0.005560712888836861,
        0.005553481634706259,
        0.005677725654095411,
        0.005867046304047108,
        0.006152575835585594,
        0.006579282693564892,
        0.007143671624362469,
        0.007776021957397461
      ]
    },
    "2022": {
      "n_samples": 249,
      "entropy_mean": 2.9799883365631104,
      "entropy_std": 0.016378382220864296,
      "attention_concentration": 0.05006285756826401,
      "top_features": [
        [
          "t-20",
          0.05633905529975891
        ],
        [
          "t-19",
          0.05305737629532814
        ],
        [
          "t-18",
          0.051529210060834885
        ],
        [
          "t-17",
          0.05067959055304527
        ],
        [
          "t-16",
          0.050174638628959656
        ]
      ],
      "mean_attention": [
        0.05633905529975891,
        0.05305737629532814,
        0.051529210060834885,
        0.05067959055304527,
        0.050174638628959656,
        0.04977612569928169,
        0.049549490213394165,
        0.04940851032733917,
        0.04923805221915245,
        0.0491144098341465,
        0.04905001074075699,
        0.04898772016167641,
        0.04892472177743912,
        0.048871297389268875,
        0.048866305500268936,
        0.0489661768078804,
        0.04907722398638725,
        0.04924238100647926,
        0.049455542117357254,
        0.04969214275479317
      ],
      "std_attention": [
        0.012021761387586594,
        0.010270001366734505,
        0.009184380061924458,
        0.008577645756304264,
        0.008101824671030045,
        0.0076980385929346085,
        0.0073714242316782475,
        0.007185987662523985,
        0.007026547100394964,
        0.006959991529583931,
        0.006972476840019226,
        0.007093584164977074,
        0.007351486943662167,
        0.007691578008234501,
        0.008065222762525082,
        0.008523033000528812,
        0.009112043306231499,
        0.009825531393289566,
        0.01064575370401144,
        0.01158975251019001
      ]
    },
    "2023": {
      "n_samples": 249,
      "entropy_mean": 2.983182668685913,
      "entropy_std": 0.010712429881095886,
      "attention_concentration": 0.05022784695029259,
      "top_features": [
        [
          "t-20",
          0.062163516879081726
        ],
        [
          "t-19",
          0.05575977638363838
        ],
        [
          "t-18",
          0.05292186141014099
        ],
        [
          "t-17",
          0.05128822103142738
        ],
        [
          "t-16",
          0.05029235780239105
        ]
      ],
      "mean_attention": [
        0.062163516879081726,
        0.05575977638363838,
        0.05292186141014099,
        0.05128822103142738,
        0.05029235780239105,
        0.049666449427604675,
        0.04923981428146362,
        0.04890013113617897,
        0.048698022961616516,
        0.048589035868644714,
        0.04847531393170357,
        0.04839608073234558,
        0.048333942890167236,
        0.04830949008464813,
        0.048302724957466125,
        0.04818757623434067,
        0.04815385863184929,
        0.048117537051439285,
        0.0480925515294075,
        0.048111703246831894
      ],
      "std_attention": [
        0.010501857846975327,
        0.008948393166065216,
        0.00804088544100523,
        0.007414492778480053,
        0.006945289205759764,
        0.0066221244633197784,
        0.0063887229189276695,
        0.00616856012493372,
        0.006097675301134586,
        0.006061814725399017,
        0.006103947758674622,
        0.006205190904438496,
        0.006325241643935442,
        0.006454584188759327,
        0.006592180579900742,
        0.006822831928730011,
        0.007084985263645649,
        0.007429706398397684,
        0.007835960946977139,
        0.00834741722792387
      ]
    },
    "2024": {
      "n_samples": 250,
      "entropy_mean": 2.9918158054351807,
      "entropy_std": 0.0022642926778644323,
      "attention_concentration": 0.050138477236032486,
      "top_features": [
        [
          "t-20",
          0.059823889285326004
        ],
        [
          "t-19",
          0.05410880595445633
        ],
        [
          "t-18",
          0.051970042288303375
        ],
        [
          "t-17",
          0.05080951377749443
        ],
        [
          "t-16",
          0.050131071358919144
        ]
      ],