{
  "period_statistics": {
    "2020": {
      "n_samples": 92,
      "entropy_mean": 2.7528083324432373,
      "entropy_std": 0.18881596624851227,
      "attention_concentration": 0.05153900384902954,
      "top_features": [
        [
          "t-1",
          0.07392048090696335
        ],
        [
          "t-2",
          0.06757688522338867
        ],
        [
          "t-3",
          0.06226487085223198
        ],
        [
          "t-4",
          0.058130793273448944
        ],
        [
          "t-5",
          0.05538918077945709
        ]
      ],
      "mean_attention": [
        0.048446282744407654,
        0.04516083374619484,
        0.04406319558620453,
        0.043074093759059906,
        0.0426986999809742,
        0.04281983897089958,
        0.04336708411574364,
        0.043692898005247116,
        0.04459398612380028,
        0.04492621868848801,
        0.04522274434566498,
        0.045742180198431015,
        0.04649140685796738,
        0.049896083772182465,
        0.05252227559685707,
        0.05538918077945709,
        0.058130793273448944,
        0.06226487085223198,
        0.06757688522338867,
        0.07392048090696335
      ],
      "std_attention": [
        0.050546083599328995,
        0.03875691816210747,
        0.03315400704741478,
        0.03015262261033058,
        0.02842818945646286,
        0.028059905394911766,
        0.027734728530049324,
        0.02703174762427807,
        0.026856280863285065,
        0.026331249624490738,
        0.025777529925107956,
        0.025579651817679405,
        0.02579154632985592,
        0.03269733861088753,
        0.03506415709853172,
        0.03982745483517647,
        0.04287000745534897,
        0.04942126199603081,
        0.059115566313266754,
        0.07351510971784592
      ]
    },
    "2021": {
      "n_samples": 250,
      "entropy_mean": 2.571647882461548,
      "entropy_std": 0.4807334244251251,
      "attention_concentration": 0.050349801778793335,
      "top_features": [
        [
          "t-1",
          0.06317637115716934
        ],
        [
          "t-2",
          0.05836226046085358
        ],
        [
          "t-3",
          0.05438385531306267
        ],
        [
          "t-4",
          0.051546573638916016
        ],
        [
          "t-20",
          0.051390357315540314
        ]
      ],
      "mean_attention": [
        0.051390357315540314,
        0.049951136112213135,
        0.04894992336630821,
        0.0474378727376461,
        0.04693342372775078,
        0.04638758301734924,
        0.046500664204359055,
        0.04656953364610672,
        0.04668346419930458,
        0.04716287925839424,
        0.047706469893455505,
        0.04827696830034256,
        0.049254052340984344,
        0.049276191741228104,
        0.04970062896609306,
        0.05034986510872841,
        0.051546573638916016,
        0.05438385531306267,
        0.05836226046085358,
        0.06317637115716934
      ],
      "std_attention": [
        0.05814541131258011,
        0.05831247568130493,
        0.05481646955013275,
        0.05255404859781265,
        0.0523018017411232,
        0.05072587728500366,
        0.05077027529478073,
        0.050235457718372345,
        0.05048666521906853,
        0.05127798765897751,
        0.05211012810468674,
        0.053008612245321274,
        0.05499621108174324,
        0.055706605315208435,
        0.0574161671102047,
        0.059358082711696625,
        0.06275247782468796,
        0.07555337250232697,
        0.09665834903717041,
        0.11297014355659485
      ]
    },
    "2022": {
      "n_samples": 249,
      "entropy_mean": 2.536173105239868,
      "entropy_std": 0.40109819173812866,
      "attention_concentration": 0.05145210027694702,
      "top_features": [
        [
          "t-1",
          0.07837088406085968
        ],
        [
          "t-2",
          0.06443290412425995
        ],
        [
          "t-20",
          0.057392533868551254
        ],
        [
          "t-3",
          0.05658232048153877
        ],
        [
          "t-4",
          0.05233868584036827
        ]
      ],
      "mean_attention": [
        0.057392533868551254,
        0.05165198817849159,
        0.0498153418302536,
        0.048161543905735016,
        0.046576209366321564,
        0.045384276658296585,
        0.04448138549923897,
        0.04438450559973717,
        0.043524984270334244,
        0.0429764948785305,
        0.04300287365913391,
        0.04356776550412178,
        0.04469504579901695,
        0.04587980732321739,
        0.04729853942990303,
        0.049482040107250214,
        0.05233868584036827,
        0.05658232048153877,
        0.06443290412425995,
        0.07837088406085968
      ],
      "std_attention": [
        0.07114344090223312,
        0.05138086900115013,
        0.04718239605426788,
        0.04363059625029564,
        0.040677882730960846,
        0.03944939374923706,
        0.03874611109495163,
        0.03998534753918648,
        0.03884512558579445,
        0.0379246361553669,
        0.03725657984614372,
        0.038387734442949295,
        0.04140901565551758,
        0.043864503502845764,
        0.04626443609595299,
        0.0490913987159729,
        0.05416778847575188,
        0.0620562843978405,
        0.08006783574819565,
        0.12264860421419144
      ]
    },
    "2023": {
      "n_samples": 249,
      "entropy_mean": 2.8832483291625977,
      "entropy_std": 0.22583530843257904,
      "attention_concentration": 0.05008883774280548,
      "top_features": [
        [
          "t-20",
          0.05460793524980545
        ],
        [
          "t-1",
          0.05449102446436882
        ],
        [
          "t-19",
          0.05286816507577896
        ],
        [
          "t-2",
          0.051994942128658295
        ],
        [
          "t-18",
          0.05184881016612053
        ]
      ],
      "mean_attention": [
        0.05460793524980545,
        0.05286816507577896,
        0.05184881016612053,
        0.05028347671031952,
        0.04897855222225189,
        0.04833468422293663,
        0.04806975647807121,
        0.04743664339184761,
        0.047713503241539,
        0.048091232776641846,
        0.048329394310712814,
        0.048522911965847015,
        0.0487297885119915,
        0.04907109960913658,
        0.04955850541591644,
        0.04980581998825073,
        0.05026128515601158,
        0.05100236460566521,
        0.051994942128658295,
        0.05449102446436882
      ],
      "std_attention": [
        0.033577051013708115,
        0.032661791890859604,
        0.02867833338677883,
        0.026371562853455544,
        0.02405051328241825,
        0.02347078174352646,
        0.023223979398608208,
        0.020019499585032463,
        0.020975511521100998,
        0.021395070478320122,
        0.021980861201882362,
        0.02243022620677948,
        0.02271455153822899,
        0.023187657818198204,
        0.025453269481658936,
        0.02722739987075329,
        0.029072804376482964,
        0.03362426534295082,
        0.039883099496364594,
        0.053699735552072525
      ]
    },
    "2024": {
      "n_samples": 250,
      "entropy_mean": 2.845883369445801,
      "entropy_std": 0.4104594886302948,
      "attention_concentration": 0.05004091560840607,
      "top_features": [
        [
          "t-20",
          0.05379670485854149
        ],
        [
          "t-1",
          0.052158646285533905
        ],
        [
          "t-2",
          0.0517619363963604
        ],
        [
          "t-3",
          0.051586613059043884
        ],
        [
          "t-4",
          0.05102821812033653
        ]
      ],