
[INFO] Using AUTO device selection.

[INFO] Patched matplotlib.Axes.errorbar to abs() negative yerr for robustness.
======================================================================
Training TFT: 12b_feature_sweep/market_only_daily_7q_h1_d015_s42
======================================================================
Logging to: experiments/12b_feature_sweep/market_only_daily_7q_h1_d015_s42/training_20251213_193918.log
Started at: 2025-12-13 19:39:18
======================================================================

Loading data splits...
Train: 4344 samples
Val: 931 samples
Test: 931 samples

Preparing TimeSeriesDataSet...

Final features for TFT: ['SP500_Returns', 'VIX', 'Treasury_10Y', 'Yield_Spread', 'SP500_Volatility']

======================================================================
FEATURE STATISTICS - BEFORE NORMALIZATION
======================================================================
VIX                             mean= 19.6563  std=  8.8366  min=  9.1400  max= 80.8600
Treasury_10Y                    mean=  3.3847  std=  1.1267  min=  1.3700  max=  5.6400
Yield_Spread                    mean=  1.5003  std=  0.8241  min= -0.2200  max=  2.9100
SP500_Volatility                mean=  1.0137  std=  0.6417  min=  0.2092  max=  5.0287

======================================================================
TARGET CONFIGURATION
======================================================================
Target variable: SP500_Returns
  Mode: Point return prediction (single-step)
  Target stats: mean=0.0205, std=1.1926
======================================================================

======================================================================
FEATURES AFTER GROUPNORMALIZER (first batch, last timestep)
======================================================================
VIX                             normalized_value=  1.0000
Treasury_10Y                    normalized_value= -0.0500
Yield_Spread                    normalized_value= -0.5938
SP500_Volatility                normalized_value= -0.5812
======================================================================

Configuration saved to: experiments/12b_feature_sweep/market_only_daily_7q_h1_d015_s42/config.json
[DEBUG] VIX train values: [26.93 27.64 27.49 29.65 27.48]
[DEBUG] VIX val values: [16.34 18.02 17.84 16.24 15.41]
Batches per epoch: 67
[DEBUG] Validation batches: 15
[DEBUG] Validation dataset size: 911
[DEBUG] Batch size: 64

Initializing model...

Quantile configuration: 7q
  Quantiles: [0.02, 0.1, 0.25, 0.5, 0.75, 0.9, 0.98]
  Output size: 7
  Median index: 3

Using standard QuantileLoss (no penalties)

[REGIME OUTPUT] Disabled (using baseline output layer)

[STALENESS ATTENTION] Disabled

================================================================================
BASELINE MODEL FEATURE CONFIGURATION (after from_dataset)
================================================================================
tft.hparams.time_varying_reals_encoder: ['relative_time_idx', 'VIX', 'Treasury_10Y', 'Yield_Spread', 'SP500_Volatility']
  Count: 5

tft.hparams.time_varying_reals_decoder: ['relative_time_idx']
  Count: 1

tft.hparams.x_reals (all reals passed to model): ['encoder_length', 'relative_time_idx', 'VIX', 'Treasury_10Y', 'Yield_Spread', 'SP500_Volatility']
  Count: 6

Encoder VSN configuration:
  num_inputs: 5
  input_sizes: {'relative_time_idx': 16, 'VIX': 16, 'Treasury_10Y': 16, 'Yield_Spread': 16, 'SP500_Volatility': 16}
  flattened_grn.fc1: in_features=80, out_features=5
  -> Params in fc1: 400 (should be 5*16*5=400 if 5 features)
================================================================================

Model parameters: 22,615

Starting training...
Checkpoints will be saved to: experiments/12b_feature_sweep/market_only_daily_7q_h1_d015_s42/checkpoints/
Logs will be saved to: experiments/12b_feature_sweep/market_only_daily_7q_h1_d015_s42/logs/

[DEBUG CollapseMonitor] on_validation_epoch_start called for epoch 0
[DEBUG CollapseMonitor] reset_temporal_state() called on loss function
Epoch 0: val_loss=N/A
[DEBUG CollapseMonitor] on_validation_epoch_start called for epoch 0
[DEBUG CollapseMonitor] reset_temporal_state() called on loss function
Epoch 0: val_loss=0.7287218570709229
Epoch 0: train_loss=0.7295117974281311

[CollapseMonitor] Epoch 0
  [DEBUG] Processed 15 batches from val_dataloader
  [DEBUG] Predictions shape after concat: (911,)
  Pred std: 0.026936, range: 0.112135, mean: 0.052016
  Pos: 100.0%, Neg: 0.0%, Unique: 899
  Dir Acc: 56.42%, Pred Sharpe: 30.6552
  Composite: 0.4413 (dist_match: 0.5642, actual_pos: 56.4%, pred_pos: 100.0%)
  Collapse penalty: 0.000000 (threshold: 0.005000)
  Saved validation predictions to: experiments/12b_feature_sweep/market_only_daily_7q_h1_d015_s42/collapse_monitoring/val_predictions_epoch0.npy
  Gradient norms:
    lstm_encoder: 0.009527
    lstm_decoder: 0.015051
    output_layer: 0.684630
  VSN output std:
    encoder: 0.208024
  Attention entropy: 2.992905
  Saved to: experiments/12b_feature_sweep/market_only_daily_7q_h1_d015_s42/collapse_monitoring/collapse_monitor_latest.json
[DEBUG CollapseMonitor] on_validation_epoch_start called for epoch 1
[DEBUG CollapseMonitor] reset_temporal_state() called on loss function
Epoch 1: val_loss=0.6326599717140198
Epoch 1: train_loss=0.6503595113754272

[CollapseMonitor] Epoch 1
  [DEBUG] Processed 15 batches from val_dataloader
  [DEBUG] Predictions shape after concat: (911,)
  Pred std: 0.021905, range: 0.098864, mean: 0.023377
  Pos: 84.9%, Neg: 15.1%, Unique: 899
  Dir Acc: 53.13%, Pred Sharpe: 16.9410
  Composite: 0.4558 (dist_match: 0.7157, actual_pos: 56.4%, pred_pos: 84.9%)
  Collapse penalty: 0.000000 (threshold: 0.005000)
  Saved validation predictions to: experiments/12b_feature_sweep/market_only_daily_7q_h1_d015_s42/collapse_monitoring/val_predictions_epoch1.npy
  Gradient norms:
    lstm_encoder: 0.007848
    lstm_decoder: 0.011823
    output_layer: 0.574942
  VSN output std:
    encoder: 0.209896
  Attention entropy: 2.993986
  Saved to: experiments/12b_feature_sweep/market_only_daily_7q_h1_d015_s42/collapse_monitoring/collapse_monitor_latest.json
[DEBUG CollapseMonitor] on_validation_epoch_start called for epoch 2
[DEBUG CollapseMonitor] reset_temporal_state() called on loss function
Epoch 2: val_loss=0.5697526931762695
Epoch 2: train_loss=0.5717236995697021

[CollapseMonitor] Epoch 2
  [DEBUG] Processed 15 batches from val_dataloader
  [DEBUG] Predictions shape after concat: (911,)
  Pred std: 0.017233, range: 0.071886, mean: -0.015752
  Pos: 12.7%, Neg: 87.3%, Unique: 904
  Dir Acc: 44.90%, Pred Sharpe: -14.5102
  Composite: 0.3509 (dist_match: 0.5631, actual_pos: 56.4%, pred_pos: 12.7%)
  Collapse penalty: 0.000000 (threshold: 0.005000)
  Saved validation predictions to: experiments/12b_feature_sweep/market_only_daily_7q_h1_d015_s42/collapse_monitoring/val_predictions_epoch2.npy
  Gradient norms:
    lstm_encoder: 0.005660
    lstm_decoder: 0.007242
    output_layer: 0.402522
  VSN output std:
    encoder: 0.213072
  Attention entropy: 2.993597
  Saved to: experiments/12b_feature_sweep/market_only_daily_7q_h1_d015_s42/collapse_monitoring/collapse_monitor_latest.json
[DEBUG CollapseMonitor] on_validation_epoch_start called for epoch 3
[DEBUG CollapseMonitor] reset_temporal_state() called on loss function
Epoch 3: val_loss=0.532979428768158
Epoch 3: train_loss=0.5213901400566101

[CollapseMonitor] Epoch 3
  [DEBUG] Processed 15 batches from val_dataloader
  [DEBUG] Predictions shape after concat: (911,)
  Pred std: 0.015813, range: 0.069882, mean: 0.005977
  Pos: 68.7%, Neg: 31.3%, Unique: 897
  Dir Acc: 51.92%, Pred Sharpe: 6.0004
  Composite: 0.4873 (dist_match: 0.8771, actual_pos: 56.4%, pred_pos: 68.7%)
  Collapse penalty: 0.000000 (threshold: 0.005000)
  Saved validation predictions to: experiments/12b_feature_sweep/market_only_daily_7q_h1_d015_s42/collapse_monitoring/val_predictions_epoch3.npy
  Gradient norms:
    lstm_encoder: 0.004151
    lstm_decoder: 0.004328
    output_layer: 0.235548
  VSN output std:
    encoder: 0.210024
  Attention entropy: 2.992604
  Saved to: experiments/12b_feature_sweep/market_only_daily_7q_h1_d015_s42/collapse_monitoring/collapse_monitor_latest.json
[DEBUG CollapseMonitor] on_validation_epoch_start called for epoch 4
[DEBUG CollapseMonitor] reset_temporal_state() called on loss function
Epoch 4: val_loss=0.5169616341590881
Epoch 4: train_loss=0.4979190528392792

[CollapseMonitor] Epoch 4
  [DEBUG] Processed 15 batches from val_dataloader
  [DEBUG] Predictions shape after concat: (911,)
  Pred std: 0.014197, range: 0.066401, mean: -0.000777
  Pos: 52.5%, Neg: 47.5%, Unique: 901
  Dir Acc: 48.85%, Pred Sharpe: -0.8686
  Composite: 0.4788 (dist_match: 0.9605, actual_pos: 56.4%, pred_pos: 52.5%)
  Collapse penalty: 0.000000 (threshold: 0.005000)
  Saved validation predictions to: experiments/12b_feature_sweep/market_only_daily_7q_h1_d015_s42/collapse_monitoring/val_predictions_epoch4.npy
  Gradient norms:
    lstm_encoder: 0.003418
    lstm_decoder: 0.003255
    output_layer: 0.153765
  VSN output std:
    encoder: 0.204453
  Attention entropy: 2.992563
  Saved to: experiments/12b_feature_sweep/market_only_daily_7q_h1_d015_s42/collapse_monitoring/collapse_monitor_latest.json
[DEBUG CollapseMonitor] on_validation_epoch_start called for epoch 5
[DEBUG CollapseMonitor] reset_temporal_state() called on loss function
Epoch 5: val_loss=0.5109903216362
Epoch 5: train_loss=0.4870857000350952

[CollapseMonitor] Epoch 5
  [DEBUG] Processed 15 batches from val_dataloader
  [DEBUG] Predictions shape after concat: (911,)
  Pred std: 0.013136, range: 0.057647, mean: 0.040798
  Pos: 100.0%, Neg: 0.0%, Unique: 897
  Dir Acc: 56.42%, Pred Sharpe: 49.3036
  Composite: 0.4413 (dist_match: 0.5642, actual_pos: 56.4%, pred_pos: 100.0%)
  Collapse penalty: 0.000000 (threshold: 0.005000)
  Saved validation predictions to: experiments/12b_feature_sweep/market_only_daily_7q_h1_d015_s42/collapse_monitoring/val_predictions_epoch5.npy
  Gradient norms:
    lstm_encoder: 0.003022
    lstm_decoder: 0.002759
    output_layer: 0.118575
  VSN output std:
    encoder: 0.201358
  Attention entropy: 2.992961
  Saved to: experiments/12b_feature_sweep/market_only_daily_7q_h1_d015_s42/collapse_monitoring/collapse_monitor_latest.json
[DEBUG CollapseMonitor] on_validation_epoch_start called for epoch 6
[DEBUG CollapseMonitor] reset_temporal_state() called on loss function
Epoch 6: val_loss=0.5077134370803833
Epoch 6: train_loss=0.4808003008365631

[CollapseMonitor] Epoch 6
  [DEBUG] Processed 15 batches from val_dataloader
  [DEBUG] Predictions shape after concat: (911,)
  Pred std: 0.013912, range: 0.060451, mean: 0.025667
  Pos: 99.8%, Neg: 0.2%, Unique: 904
  Dir Acc: 56.42%, Pred Sharpe: 29.2876
  Composite: 0.4419 (dist_match: 0.5664, actual_pos: 56.4%, pred_pos: 99.8%)
  Collapse penalty: 0.000000 (threshold: 0.005000)
  Saved validation predictions to: experiments/12b_feature_sweep/market_only_daily_7q_h1_d015_s42/collapse_monitoring/val_predictions_epoch6.npy
  Gradient norms:
    lstm_encoder: 0.003002
    lstm_decoder: 0.002757
    output_layer: 0.107192
  VSN output std:
    encoder: 0.198759
  Attention entropy: 2.992728
  Saved to: experiments/12b_feature_sweep/market_only_daily_7q_h1_d015_s42/collapse_monitoring/collapse_monitor_latest.json
[DEBUG CollapseMonitor] on_validation_epoch_start called for epoch 7
[DEBUG CollapseMonitor] reset_temporal_state() called on loss function
Epoch 7: val_loss=0.5053723454475403
Epoch 7: train_loss=0.4777372479438782

[CollapseMonitor] Epoch 7
  [DEBUG] Processed 15 batches from val_dataloader
  [DEBUG] Predictions shape after concat: (911,)
  Pred std: 0.014143, range: 0.059146, mean: 0.025951
  Pos: 98.4%, Neg: 1.6%, Unique: 902
  Dir Acc: 56.31%, Pred Sharpe: 29.1277
  Composite: 0.4451 (dist_match: 0.5807, actual_pos: 56.4%, pred_pos: 98.4%)
  Collapse penalty: 0.000000 (threshold: 0.005000)
  Saved validation predictions to: experiments/12b_feature_sweep/market_only_daily_7q_h1_d015_s42/collapse_monitoring/val_predictions_epoch7.npy
  Gradient norms:
    lstm_encoder: 0.003326
    lstm_decoder: 0.002889
    output_layer: 0.105127
  VSN output std:
    encoder: 0.196383
  Attention entropy: 2.990754
  Saved to: experiments/12b_feature_sweep/market_only_daily_7q_h1_d015_s42/collapse_monitoring/collapse_monitor_latest.json
[DEBUG CollapseMonitor] on_validation_epoch_start called for epoch 8
[DEBUG CollapseMonitor] reset_temporal_state() called on loss function
Epoch 8: val_loss=0.5027040243148804
Epoch 8: train_loss=0.4726177752017975

[CollapseMonitor] Epoch 8
  [DEBUG] Processed 15 batches from val_dataloader
  [DEBUG] Predictions shape after concat: (911,)
  Pred std: 0.015390, range: 0.066637, mean: 0.017842
  Pos: 84.9%, Neg: 15.1%, Unique: 905
  Dir Acc: 54.45%, Pred Sharpe: 18.4045
  Composite: 0.4671 (dist_match: 0.7157, actual_pos: 56.4%, pred_pos: 84.9%)
  Collapse penalty: 0.000000 (threshold: 0.005000)
  Saved validation predictions to: experiments/12b_feature_sweep/market_only_daily_7q_h1_d015_s42/collapse_monitoring/val_predictions_epoch8.npy
  Gradient norms:
    lstm_encoder: 0.003592
    lstm_decoder: 0.002848
    output_layer: 0.094912
  VSN output std:
    encoder: 0.188626
  Attention entropy: 2.987648
  Saved to: experiments/12b_feature_sweep/market_only_daily_7q_h1_d015_s42/collapse_monitoring/collapse_monitor_latest.json
[DEBUG CollapseMonitor] on_validation_epoch_start called for epoch 9
[DEBUG CollapseMonitor] reset_temporal_state() called on loss function
Epoch 9: val_loss=0.49876800179481506
Epoch 9: train_loss=0.47107505798339844

[CollapseMonitor] Epoch 9
  [DEBUG] Processed 15 batches from val_dataloader
  [DEBUG] Predictions shape after concat: (911,)
  Pred std: 0.017316, range: 0.087150, mean: 0.022236
  Pos: 88.1%, Neg: 11.9%, Unique: 905
  Dir Acc: 55.98%, Pred Sharpe: 20.3854
  Composite: 0.4710 (dist_match: 0.6828, actual_pos: 56.4%, pred_pos: 88.1%)
  Collapse penalty: 0.000000 (threshold: 0.005000)
  Saved validation predictions to: experiments/12b_feature_sweep/market_only_daily_7q_h1_d015_s42/collapse_monitoring/val_predictions_epoch9.npy
  Gradient norms:
    lstm_encoder: 0.004220
    lstm_decoder: 0.003238
    output_layer: 0.100062
  VSN output std:
    encoder: 0.182117
  Attention entropy: 2.969167
  Saved to: experiments/12b_feature_sweep/market_only_daily_7q_h1_d015_s42/collapse_monitoring/collapse_monitor_latest.json
[DEBUG CollapseMonitor] on_validation_epoch_start called for epoch 10
[DEBUG CollapseMonitor] reset_temporal_state() called on loss function
Epoch 10: val_loss=0.49236348271369934
Epoch 10: train_loss=0.46742671728134155

[CollapseMonitor] Epoch 10
  [DEBUG] Processed 15 batches from val_dataloader
  [DEBUG] Predictions shape after concat: (911,)
  Pred std: 0.021212, range: 0.119646, mean: 0.032493
  Pos: 92.4%, Neg: 7.6%, Unique: 903
  Dir Acc: 56.53%, Pred Sharpe: 24.3167
  Composite: 0.4635 (dist_match: 0.6400, actual_pos: 56.4%, pred_pos: 92.4%)
  Collapse penalty: 0.000000 (threshold: 0.005000)
  Saved validation predictions to: experiments/12b_feature_sweep/market_only_daily_7q_h1_d015_s42/collapse_monitoring/val_predictions_epoch10.npy
  Gradient norms:
    lstm_encoder: 0.004717
    lstm_decoder: 0.003755
    output_layer: 0.108186
  VSN output std:
    encoder: 0.187370
  Attention entropy: 2.953164
  Saved to: experiments/12b_feature_sweep/market_only_daily_7q_h1_d015_s42/collapse_monitoring/collapse_monitor_latest.json
[DEBUG CollapseMonitor] on_validation_epoch_start called for epoch 11
[DEBUG CollapseMonitor] reset_temporal_state() called on loss function
Epoch 11: val_loss=0.48865169286727905
Epoch 11: train_loss=0.46308326721191406

[CollapseMonitor] Epoch 11
  [DEBUG] Processed 15 batches from val_dataloader
  [DEBUG] Predictions shape after concat: (911,)
  Pred std: 0.021318, range: 0.125271, mean: 0.053325
  Pos: 98.5%, Neg: 1.5%, Unique: 902
  Dir Acc: 56.64%, Pred Sharpe: 39.7079
  Composite: 0.4473 (dist_match: 0.5796, actual_pos: 56.4%, pred_pos: 98.5%)
  Collapse penalty: 0.000000 (threshold: 0.005000)
  Saved validation predictions to: experiments/12b_feature_sweep/market_only_daily_7q_h1_d015_s42/collapse_monitoring/val_predictions_epoch11.npy
  Gradient norms:
    lstm_encoder: 0.004643
    lstm_decoder: 0.003494
    output_layer: 0.095978
  VSN output std:
    encoder: 0.192276
  Attention entropy: 2.959518
  Saved to: experiments/12b_feature_sweep/market_only_daily_7q_h1_d015_s42/collapse_monitoring/collapse_monitor_latest.json
[DEBUG CollapseMonitor] on_validation_epoch_start called for epoch 12
[DEBUG CollapseMonitor] reset_temporal_state() called on loss function
Epoch 12: val_loss=0.4873216152191162
Epoch 12: train_loss=0.4590120017528534

[CollapseMonitor] Epoch 12
  [DEBUG] Processed 15 batches from val_dataloader
  [DEBUG] Predictions shape after concat: (911,)
  Pred std: 0.036809, range: 0.150414, mean: 0.045848
  Pos: 83.3%, Neg: 16.7%, Unique: 900
  Dir Acc: 54.23%, Pred Sharpe: 19.7726
  Composite: 0.4693 (dist_match: 0.7311, actual_pos: 56.4%, pred_pos: 83.3%)
  Collapse penalty: 0.000000 (threshold: 0.005000)
  Saved validation predictions to: experiments/12b_feature_sweep/market_only_daily_7q_h1_d015_s42/collapse_monitoring/val_predictions_epoch12.npy
  Gradient norms:
    lstm_encoder: 0.004714
    lstm_decoder: 0.003634
    output_layer: 0.100420
  VSN output std:
    encoder: 0.207033
  Attention entropy: 2.955424
  Saved to: experiments/12b_feature_sweep/market_only_daily_7q_h1_d015_s42/collapse_monitoring/collapse_monitor_latest.json
[DEBUG CollapseMonitor] on_validation_epoch_start called for epoch 13
[DEBUG CollapseMonitor] reset_temporal_state() called on loss function
Epoch 13: val_loss=0.4858056306838989
Epoch 13: train_loss=0.45675548911094666

[CollapseMonitor] Epoch 13
  [DEBUG] Processed 15 batches from val_dataloader
  [DEBUG] Predictions shape after concat: (911,)
  Pred std: 0.035027, range: 0.152845, mean: 0.049815
  Pos: 88.4%, Neg: 11.6%, Unique: 904
  Dir Acc: 55.32%, Pred Sharpe: 22.5764
  Composite: 0.4649 (dist_match: 0.6806, actual_pos: 56.4%, pred_pos: 88.4%)
  Collapse penalty: 0.000000 (threshold: 0.005000)
  Saved validation predictions to: experiments/12b_feature_sweep/market_only_daily_7q_h1_d015_s42/collapse_monitoring/val_predictions_epoch13.npy
  Gradient norms:
    lstm_encoder: 0.005193
    lstm_decoder: 0.003784
    output_layer: 0.099284
  VSN output std:
    encoder: 0.217816
  Attention entropy: 2.961466
  Saved to: experiments/12b_feature_sweep/market_only_daily_7q_h1_d015_s42/collapse_monitoring/collapse_monitor_latest.json
[DEBUG CollapseMonitor] on_validation_epoch_start called for epoch 14
[DEBUG CollapseMonitor] reset_temporal_state() called on loss function
Epoch 14: val_loss=0.4841565787792206
Epoch 14: train_loss=0.4526408016681671

[CollapseMonitor] Epoch 14
  [DEBUG] Processed 15 batches from val_dataloader
  [DEBUG] Predictions shape after concat: (911,)
  Pred std: 0.031178, range: 0.159528, mean: 0.046808
  Pos: 90.2%, Neg: 9.8%, Unique: 904
  Dir Acc: 55.65%, Pred Sharpe: 23.8322
  Composite: 0.4625 (dist_match: 0.6619, actual_pos: 56.4%, pred_pos: 90.2%)
  Collapse penalty: 0.000000 (threshold: 0.005000)
  Saved validation predictions to: experiments/12b_feature_sweep/market_only_daily_7q_h1_d015_s42/collapse_monitoring/val_predictions_epoch14.npy
  Gradient norms:
    lstm_encoder: 0.005000
    lstm_decoder: 0.003624
    output_layer: 0.091885
  VSN output std:
    encoder: 0.231746
  Attention entropy: 2.965688
  Saved to: experiments/12b_feature_sweep/market_only_daily_7q_h1_d015_s42/collapse_monitoring/collapse_monitor_latest.json
[DEBUG CollapseMonitor] on_validation_epoch_start called for epoch 15
[DEBUG CollapseMonitor] reset_temporal_state() called on loss function
Epoch 15: val_loss=0.4832785725593567
Epoch 15: train_loss=0.4538370668888092

[CollapseMonitor] Epoch 15
  [DEBUG] Processed 15 batches from val_dataloader
  [DEBUG] Predictions shape after concat: (911,)
  Pred std: 0.030220, range: 0.146628, mean: 0.038236
  Pos: 84.3%, Neg: 15.7%, Unique: 906
  Dir Acc: 54.34%, Pred Sharpe: 20.0850
  Composite: 0.4676 (dist_match: 0.7212, actual_pos: 56.4%, pred_pos: 84.3%)
  Collapse penalty: 0.000000 (threshold: 0.005000)
  Saved validation predictions to: experiments/12b_feature_sweep/market_only_daily_7q_h1_d015_s42/collapse_monitoring/val_predictions_epoch15.npy
  Gradient norms:
    lstm_encoder: 0.005448
    lstm_decoder: 0.004108
    output_layer: 0.107729
  VSN output std:
    encoder: 0.239692
  Attention entropy: 2.951953
  Saved to: experiments/12b_feature_sweep/market_only_daily_7q_h1_d015_s42/collapse_monitoring/collapse_monitor_latest.json
[DEBUG CollapseMonitor] on_validation_epoch_start called for epoch 16
[DEBUG CollapseMonitor] reset_temporal_state() called on loss function
Epoch 16: val_loss=0.48163485527038574
Epoch 16: train_loss=0.45057517290115356

[CollapseMonitor] Epoch 16
  [DEBUG] Processed 15 batches from val_dataloader
  [DEBUG] Predictions shape after concat: (911,)
  Pred std: 0.028966, range: 0.146116, mean: 0.065290
  Pos: 99.0%, Neg: 1.0%, Unique: 903
  Dir Acc: 56.09%, Pred Sharpe: 35.7822
  Composite: 0.4415 (dist_match: 0.5741, actual_pos: 56.4%, pred_pos: 99.0%)
  Collapse penalty: 0.000000 (threshold: 0.005000)
  Saved validation predictions to: experiments/12b_feature_sweep/market_only_daily_7q_h1_d015_s42/collapse_monitoring/val_predictions_epoch16.npy
  Gradient norms:
    lstm_encoder: 0.005822
    lstm_decoder: 0.004020
    output_layer: 0.097042
  VSN output std:
    encoder: 0.245103
  Attention entropy: 2.952830
  Saved to: experiments/12b_feature_sweep/market_only_daily_7q_h1_d015_s42/collapse_monitoring/collapse_monitor_latest.json
[DEBUG CollapseMonitor] on_validation_epoch_start called for epoch 17
[DEBUG CollapseMonitor] reset_temporal_state() called on loss function
Epoch 17: val_loss=0.48089835047721863
Epoch 17: train_loss=0.44957903027534485

[CollapseMonitor] Epoch 17
  [DEBUG] Processed 15 batches from val_dataloader
  [DEBUG] Predictions shape after concat: (911,)
  Pred std: 0.029070, range: 0.161846, mean: 0.046243
  Pos: 93.7%, Neg: 6.3%, Unique: 906
  Dir Acc: 56.31%, Pred Sharpe: 25.2522
  Composite: 0.4580 (dist_match: 0.6268, actual_pos: 56.4%, pred_pos: 93.7%)
  Collapse penalty: 0.000000 (threshold: 0.005000)
  Saved validation predictions to: experiments/12b_feature_sweep/market_only_daily_7q_h1_d015_s42/collapse_monitoring/val_predictions_epoch17.npy
  Gradient norms:
    lstm_encoder: 0.005729
    lstm_decoder: 0.003961
    output_layer: 0.097144
  VSN output std:
    encoder: 0.257687
  Attention entropy: 2.933812
  Saved to: experiments/12b_feature_sweep/market_only_daily_7q_h1_d015_s42/collapse_monitoring/collapse_monitor_latest.json
[DEBUG CollapseMonitor] on_validation_epoch_start called for epoch 18
[DEBUG CollapseMonitor] reset_temporal_state() called on loss function
Epoch 18: val_loss=0.4794493615627289
Epoch 18: train_loss=0.4481247365474701

[CollapseMonitor] Epoch 18
  [DEBUG] Processed 15 batches from val_dataloader
  [DEBUG] Predictions shape after concat: (911,)
  Pred std: 0.029130, range: 0.144619, mean: 0.054698
  Pos: 97.5%, Neg: 2.5%, Unique: 904
  Dir Acc: 56.09%, Pred Sharpe: 29.8086
  Composite: 0.4458 (dist_match: 0.5895, actual_pos: 56.4%, pred_pos: 97.5%)
  Collapse penalty: 0.000000 (threshold: 0.005000)
  Saved validation predictions to: experiments/12b_feature_sweep/market_only_daily_7q_h1_d015_s42/collapse_monitoring/val_predictions_epoch18.npy
  Gradient norms:
    lstm_encoder: 0.006885
    lstm_decoder: 0.004404
    output_layer: 0.097960
  VSN output std:
    encoder: 0.265870
  Attention entropy: 2.934505
  Saved to: experiments/12b_feature_sweep/market_only_daily_7q_h1_d015_s42/collapse_monitoring/collapse_monitor_latest.json
[DEBUG CollapseMonitor] on_validation_epoch_start called for epoch 19
[DEBUG CollapseMonitor] reset_temporal_state() called on loss function
Epoch 19: val_loss=0.47839799523353577
Epoch 19: train_loss=0.4480110704898834

[CollapseMonitor] Epoch 19
  [DEBUG] Processed 15 batches from val_dataloader
  [DEBUG] Predictions shape after concat: (911,)
  Pred std: 0.030008, range: 0.154381, mean: 0.055075
  Pos: 97.9%, Neg: 2.1%, Unique: 904
  Dir Acc: 55.87%, Pred Sharpe: 29.1354
  Composite: 0.4428 (dist_match: 0.5851, actual_pos: 56.4%, pred_pos: 97.9%)
  Collapse penalty: 0.000000 (threshold: 0.005000)
  Saved validation predictions to: experiments/12b_feature_sweep/market_only_daily_7q_h1_d015_s42/collapse_monitoring/val_predictions_epoch19.npy
  Gradient norms:
    lstm_encoder: 0.006838
    lstm_decoder: 0.004501
    output_layer: 0.099797
  VSN output std:
    encoder: 0.271246
  Attention entropy: 2.940586
  Saved to: experiments/12b_feature_sweep/market_only_daily_7q_h1_d015_s42/collapse_monitoring/collapse_monitor_latest.json
[DEBUG CollapseMonitor] on_validation_epoch_start called for epoch 20
[DEBUG CollapseMonitor] reset_temporal_state() called on loss function
Epoch 20: val_loss=0.4779423475265503
Epoch 20: train_loss=0.4468907117843628

[CollapseMonitor] Epoch 20
  [DEBUG] Processed 15 batches from val_dataloader
  [DEBUG] Predictions shape after concat: (911,)
  Pred std: 0.031220, range: 0.163432, mean: 0.055683
  Pos: 96.6%, Neg: 3.4%, Unique: 904
  Dir Acc: 55.43%, Pred Sharpe: 28.3131
  Composite: 0.4430 (dist_match: 0.5982, actual_pos: 56.4%, pred_pos: 96.6%)
  Collapse penalty: 0.000000 (threshold: 0.005000)
  Saved validation predictions to: experiments/12b_feature_sweep/market_only_daily_7q_h1_d015_s42/collapse_monitoring/val_predictions_epoch20.npy
  Gradient norms:
    lstm_encoder: 0.007569
    lstm_decoder: 0.004744
    output_layer: 0.099675
  VSN output std:
    encoder: 0.274745
  Attention entropy: 2.931193
  Saved to: experiments/12b_feature_sweep/market_only_daily_7q_h1_d015_s42/collapse_monitoring/collapse_monitor_latest.json
[DEBUG CollapseMonitor] on_validation_epoch_start called for epoch 21
[DEBUG CollapseMonitor] reset_temporal_state() called on loss function
Epoch 21: val_loss=0.4761198163032532
Epoch 21: train_loss=0.4439026415348053

[CollapseMonitor] Epoch 21
  [DEBUG] Processed 15 batches from val_dataloader
  [DEBUG] Predictions shape after concat: (911,)
  Pred std: 0.031240, range: 0.175509, mean: 0.042177
  Pos: 87.2%, Neg: 12.8%, Unique: 905
  Dir Acc: 54.77%, Pred Sharpe: 21.4323
  Composite: 0.4636 (dist_match: 0.6926, actual_pos: 56.4%, pred_pos: 87.2%)
  Collapse penalty: 0.000000 (threshold: 0.005000)
  Saved validation predictions to: experiments/12b_feature_sweep/market_only_daily_7q_h1_d015_s42/collapse_monitoring/val_predictions_epoch21.npy
  Gradient norms:
    lstm_encoder: 0.007871
    lstm_decoder: 0.004885
    output_layer: 0.097162
  VSN output std:
    encoder: 0.278085
  Attention entropy: 2.931263
  Saved to: experiments/12b_feature_sweep/market_only_daily_7q_h1_d015_s42/collapse_monitoring/collapse_monitor_latest.json
[DEBUG CollapseMonitor] on_validation_epoch_start called for epoch 22
[DEBUG CollapseMonitor] reset_temporal_state() called on loss function
Epoch 22: val_loss=0.4746081829071045
Epoch 22: train_loss=0.44529134035110474

[CollapseMonitor] Epoch 22
  [DEBUG] Processed 15 batches from val_dataloader
  [DEBUG] Predictions shape after concat: (911,)
  Pred std: 0.032463, range: 0.186921, mean: 0.065351
  Pos: 99.8%, Neg: 0.2%, Unique: 906
  Dir Acc: 56.42%, Pred Sharpe: 31.9572
  Composite: 0.4419 (dist_match: 0.5664, actual_pos: 56.4%, pred_pos: 99.8%)
  Collapse penalty: 0.000000 (threshold: 0.005000)
  Saved validation predictions to: experiments/12b_feature_sweep/market_only_daily_7q_h1_d015_s42/collapse_monitoring/val_predictions_epoch22.npy
  Gradient norms:
    lstm_encoder: 0.007620
    lstm_decoder: 0.004950
    output_layer: 0.100737
  VSN output std:
    encoder: 0.279916
  Attention entropy: 2.912563
  Saved to: experiments/12b_feature_sweep/market_only_daily_7q_h1_d015_s42/collapse_monitoring/collapse_monitor_latest.json
[DEBUG CollapseMonitor] on_validation_epoch_start called for epoch 23
[DEBUG CollapseMonitor] reset_temporal_state() called on loss function
Epoch 23: val_loss=0.4742869436740875
Epoch 23: train_loss=0.4430716931819916

[CollapseMonitor] Epoch 23
  [DEBUG] Processed 15 batches from val_dataloader
  [DEBUG] Predictions shape after concat: (911,)
  Pred std: 0.035479, range: 0.205100, mean: 0.070802
  Pos: 100.0%, Neg: 0.0%, Unique: 908
  Dir Acc: 56.42%, Pred Sharpe: 31.6788
  Composite: 0.4413 (dist_match: 0.5642, actual_pos: 56.4%, pred_pos: 100.0%)
  Collapse penalty: 0.000000 (threshold: 0.005000)
  Saved validation predictions to: experiments/12b_feature_sweep/market_only_daily_7q_h1_d015_s42/collapse_monitoring/val_predictions_epoch23.npy
  Gradient norms:
    lstm_encoder: 0.008717
    lstm_decoder: 0.005502
    output_layer: 0.105279
  VSN output std:
    encoder: 0.283168
  Attention entropy: 2.905709
  Saved to: experiments/12b_feature_sweep/market_only_daily_7q_h1_d015_s42/collapse_monitoring/collapse_monitor_latest.json
[DEBUG CollapseMonitor] on_validation_epoch_start called for epoch 24
[DEBUG CollapseMonitor] reset_temporal_state() called on loss function
Epoch 24: val_loss=0.47334787249565125
Epoch 24: train_loss=0.4436895549297333

[CollapseMonitor] Epoch 24
  [DEBUG] Processed 15 batches from val_dataloader
  [DEBUG] Predictions shape after concat: (911,)
  Pred std: 0.030754, range: 0.170624, mean: 0.042808
  Pos: 85.7%, Neg: 14.3%, Unique: 902
  Dir Acc: 53.79%, Pred Sharpe: 22.0962
  Composite: 0.4590 (dist_match: 0.7069, actual_pos: 56.4%, pred_pos: 85.7%)
  Collapse penalty: 0.000000 (threshold: 0.005000)
  Saved validation predictions to: experiments/12b_feature_sweep/market_only_daily_7q_h1_d015_s42/collapse_monitoring/val_predictions_epoch24.npy
  Gradient norms:
    lstm_encoder: 0.008687
    lstm_decoder: 0.005232
    output_layer: 0.095669
  VSN output std:
    encoder: 0.284647
  Attention entropy: 2.891221
  Saved to: experiments/12b_feature_sweep/market_only_daily_7q_h1_d015_s42/collapse_monitoring/collapse_monitor_latest.json
[DEBUG CollapseMonitor] on_validation_epoch_start called for epoch 25
[DEBUG CollapseMonitor] reset_temporal_state() called on loss function
Epoch 25: val_loss=0.47152483463287354
Epoch 25: train_loss=0.443797767162323

[CollapseMonitor] Epoch 25
  [DEBUG] Processed 15 batches from val_dataloader
  [DEBUG] Predictions shape after concat: (911,)
  Pred std: 0.030114, range: 0.190834, mean: 0.048759
  Pos: 94.4%, Neg: 5.6%, Unique: 907
  Dir Acc: 55.65%, Pred Sharpe: 25.7033
  Composite: 0.4508 (dist_match: 0.6202, actual_pos: 56.4%, pred_pos: 94.4%)
  Collapse penalty: 0.000000 (threshold: 0.005000)
  Saved validation predictions to: experiments/12b_feature_sweep/market_only_daily_7q_h1_d015_s42/collapse_monitoring/val_predictions_epoch25.npy
  Gradient norms:
    lstm_encoder: 0.008732
    lstm_decoder: 0.005479
    output_layer: 0.102390
  VSN output std:
    encoder: 0.285215
  Attention entropy: 2.890670
  Saved to: experiments/12b_feature_sweep/market_only_daily_7q_h1_d015_s42/collapse_monitoring/collapse_monitor_latest.json
[DEBUG CollapseMonitor] on_validation_epoch_start called for epoch 26
[DEBUG CollapseMonitor] reset_temporal_state() called on loss function
Epoch 26: val_loss=0.47040855884552
Epoch 26: train_loss=0.44203776121139526

[CollapseMonitor] Epoch 26
  [DEBUG] Processed 15 batches from val_dataloader
  [DEBUG] Predictions shape after concat: (911,)
  Pred std: 0.027625, range: 0.183795, mean: 0.069037
  Pos: 99.0%, Neg: 1.0%, Unique: 903
  Dir Acc: 56.53%, Pred Sharpe: 39.6720
  Composite: 0.4449 (dist_match: 0.5741, actual_pos: 56.4%, pred_pos: 99.0%)
  Collapse penalty: 0.000000 (threshold: 0.005000)
  Saved validation predictions to: experiments/12b_feature_sweep/market_only_daily_7q_h1_d015_s42/collapse_monitoring/val_predictions_epoch26.npy
  Gradient norms:
    lstm_encoder: 0.009024
    lstm_decoder: 0.005571
    output_layer: 0.097404
  VSN output std:
    encoder: 0.286802
  Attention entropy: 2.881351
  Saved to: experiments/12b_feature_sweep/market_only_daily_7q_h1_d015_s42/collapse_monitoring/collapse_monitor_latest.json
[DEBUG CollapseMonitor] on_validation_epoch_start called for epoch 27
[DEBUG CollapseMonitor] reset_temporal_state() called on loss function
Epoch 27: val_loss=0.4683224856853485
Epoch 27: train_loss=0.4397384226322174

[CollapseMonitor] Epoch 27
  [DEBUG] Processed 15 batches from val_dataloader
  [DEBUG] Predictions shape after concat: (911,)
  Pred std: 0.029258, range: 0.191197, mean: 0.091230
  Pos: 99.8%, Neg: 0.2%, Unique: 901
  Dir Acc: 56.42%, Pred Sharpe: 49.4977
  Composite: 0.4419 (dist_match: 0.5664, actual_pos: 56.4%, pred_pos: 99.8%)
  Collapse penalty: 0.000000 (threshold: 0.005000)
  Saved validation predictions to: experiments/12b_feature_sweep/market_only_daily_7q_h1_d015_s42/collapse_monitoring/val_predictions_epoch27.npy
  Gradient norms:
    lstm_encoder: 0.009419
    lstm_decoder: 0.005770
    output_layer: 0.099703
  VSN output std:
    encoder: 0.288415
  Attention entropy: 2.872711
  Saved to: experiments/12b_feature_sweep/market_only_daily_7q_h1_d015_s42/collapse_monitoring/collapse_monitor_latest.json
[DEBUG CollapseMonitor] on_validation_epoch_start called for epoch 28
[DEBUG CollapseMonitor] reset_temporal_state() called on loss function
Epoch 28: val_loss=0.46896764636039734
Epoch 28: train_loss=0.4393158555030823

[CollapseMonitor] Epoch 28
  [DEBUG] Processed 15 batches from val_dataloader
  [DEBUG] Predictions shape after concat: (911,)
  Pred std: 0.029440, range: 0.184169, mean: 0.045246
  Pos: 88.5%, Neg: 11.5%, Unique: 905
  Dir Acc: 53.24%, Pred Sharpe: 24.3969
  Composite: 0.4471 (dist_match: 0.6795, actual_pos: 56.4%, pred_pos: 88.5%)
  Collapse penalty: 0.000000 (threshold: 0.005000)
  Saved validation predictions to: experiments/12b_feature_sweep/market_only_daily_7q_h1_d015_s42/collapse_monitoring/val_predictions_epoch28.npy
  Gradient norms:
    lstm_encoder: 0.009702
    lstm_decoder: 0.005992
    output_layer: 0.097553
  VSN output std:
    encoder: 0.289555
  Attention entropy: 2.871250
  Saved to: experiments/12b_feature_sweep/market_only_daily_7q_h1_d015_s42/collapse_monitoring/collapse_monitor_latest.json
[DEBUG CollapseMonitor] on_validation_epoch_start called for epoch 29
[DEBUG CollapseMonitor] reset_temporal_state() called on loss function
Epoch 29: val_loss=0.46967777609825134
Epoch 29: train_loss=0.44061198830604553

[CollapseMonitor] Epoch 29
  [DEBUG] Processed 15 batches from val_dataloader
  [DEBUG] Predictions shape after concat: (911,)
  Pred std: 0.035408, range: 0.256987, mean: 0.017490
  Pos: 84.2%, Neg: 15.8%, Unique: 903
  Dir Acc: 53.57%, Pred Sharpe: 7.8414
  Composite: 0.4613 (dist_match: 0.7223, actual_pos: 56.4%, pred_pos: 84.2%)
  Collapse penalty: 0.000000 (threshold: 0.005000)
  Saved validation predictions to: experiments/12b_feature_sweep/market_only_daily_7q_h1_d015_s42/collapse_monitoring/val_predictions_epoch29.npy
  Gradient norms:
    lstm_encoder: 0.009796
    lstm_decoder: 0.006210
    output_layer: 0.101390
  VSN output std:
    encoder: 0.290173
  Attention entropy: 2.856832
  Saved to: experiments/12b_feature_sweep/market_only_daily_7q_h1_d015_s42/collapse_monitoring/collapse_monitor_latest.json
[DEBUG CollapseMonitor] on_validation_epoch_start called for epoch 30
[DEBUG CollapseMonitor] reset_temporal_state() called on loss function
Epoch 30: val_loss=0.46906110644340515
Epoch 30: train_loss=0.43971723318099976

[CollapseMonitor] Epoch 30
  [DEBUG] Processed 15 batches from val_dataloader
  [DEBUG] Predictions shape after concat: (911,)
  Pred std: 0.031767, range: 0.229154, mean: 0.035814
  Pos: 86.3%, Neg: 13.7%, Unique: 902
  Dir Acc: 53.24%, Pred Sharpe: 17.8969
  Composite: 0.4529 (dist_match: 0.7014, actual_pos: 56.4%, pred_pos: 86.3%)
  Collapse penalty: 0.000000 (threshold: 0.005000)
  Saved validation predictions to: experiments/12b_feature_sweep/market_only_daily_7q_h1_d015_s42/collapse_monitoring/val_predictions_epoch30.npy
  Gradient norms:
    lstm_encoder: 0.010979
    lstm_decoder: 0.006861
    output_layer: 0.107987
  VSN output std:
    encoder: 0.290589
  Attention entropy: 2.864657
  Saved to: experiments/12b_feature_sweep/market_only_daily_7q_h1_d015_s42/collapse_monitoring/collapse_monitor_latest.json
[DEBUG CollapseMonitor] on_validation_epoch_start called for epoch 31
[DEBUG CollapseMonitor] reset_temporal_state() called on loss function
Epoch 31: val_loss=0.4670606255531311
Epoch 31: train_loss=0.439957857131958

[CollapseMonitor] Epoch 31
  [DEBUG] Processed 15 batches from val_dataloader
  [DEBUG] Predictions shape after concat: (911,)
  Pred std: 0.033314, range: 0.252206, mean: 0.050565
  Pos: 94.5%, Neg: 5.5%, Unique: 904
  Dir Acc: 55.32%, Pred Sharpe: 24.0947
  Composite: 0.4479 (dist_match: 0.6191, actual_pos: 56.4%, pred_pos: 94.5%)
  Collapse penalty: 0.000000 (threshold: 0.005000)
  Saved validation predictions to: experiments/12b_feature_sweep/market_only_daily_7q_h1_d015_s42/collapse_monitoring/val_predictions_epoch31.npy
  Gradient norms:
    lstm_encoder: 0.009783
    lstm_decoder: 0.005778
    output_layer: 0.098359
  VSN output std:
    encoder: 0.291003
  Attention entropy: 2.851267
  Saved to: experiments/12b_feature_sweep/market_only_daily_7q_h1_d015_s42/collapse_monitoring/collapse_monitor_latest.json
[DEBUG CollapseMonitor] on_validation_epoch_start called for epoch 32
[DEBUG CollapseMonitor] reset_temporal_state() called on loss function
Epoch 32: val_loss=0.46563994884490967
Epoch 32: train_loss=0.43875598907470703

[CollapseMonitor] Epoch 32
  [DEBUG] Processed 15 batches from val_dataloader
  [DEBUG] Predictions shape after concat: (911,)
  Pred std: 0.036454, range: 0.278051, mean: 0.042460
  Pos: 93.3%, Neg: 6.7%, Unique: 902
  Dir Acc: 54.99%, Pred Sharpe: 18.4897
  Composite: 0.4485 (dist_match: 0.6312, actual_pos: 56.4%, pred_pos: 93.3%)
  Collapse penalty: 0.000000 (threshold: 0.005000)
  Saved validation predictions to: experiments/12b_feature_sweep/market_only_daily_7q_h1_d015_s42/collapse_monitoring/val_predictions_epoch32.npy
  Gradient norms:
    lstm_encoder: 0.010209
    lstm_decoder: 0.006345
    output_layer: 0.096705
  VSN output std:
    encoder: 0.290971
  Attention entropy: 2.850655
  Saved to: experiments/12b_feature_sweep/market_only_daily_7q_h1_d015_s42/collapse_monitoring/collapse_monitor_latest.json
[DEBUG CollapseMonitor] on_validation_epoch_start called for epoch 33
[DEBUG CollapseMonitor] reset_temporal_state() called on loss function
Epoch 33: val_loss=0.46690046787261963
Epoch 33: train_loss=0.4369780719280243

[CollapseMonitor] Epoch 33
  [DEBUG] Processed 15 batches from val_dataloader
  [DEBUG] Predictions shape after concat: (911,)
  Pred std: 0.036202, range: 0.270832, mean: 0.044592
  Pos: 89.2%, Neg: 10.8%, Unique: 901
  Dir Acc: 53.57%, Pred Sharpe: 19.5540
  Composite: 0.4478 (dist_match: 0.6718, actual_pos: 56.4%, pred_pos: 89.2%)
  Collapse penalty: 0.000000 (threshold: 0.005000)
  Saved validation predictions to: experiments/12b_feature_sweep/market_only_daily_7q_h1_d015_s42/collapse_monitoring/val_predictions_epoch33.npy
  Gradient norms:
    lstm_encoder: 0.010897
    lstm_decoder: 0.007000
    output_layer: 0.104152
  VSN output std:
    encoder: 0.292368
  Attention entropy: 2.854585
  Saved to: experiments/12b_feature_sweep/market_only_daily_7q_h1_d015_s42/collapse_monitoring/collapse_monitor_latest.json
[DEBUG CollapseMonitor] on_validation_epoch_start called for epoch 34
[DEBUG CollapseMonitor] reset_temporal_state() called on loss function
Epoch 34: val_loss=0.4649876058101654
Epoch 34: train_loss=0.4376808702945709

[CollapseMonitor] Epoch 34
  [DEBUG] Processed 15 batches from val_dataloader
  [DEBUG] Predictions shape after concat: (911,)
  Pred std: 0.038564, range: 0.289712, mean: 0.048092
  Pos: 93.4%, Neg: 6.6%, Unique: 904
  Dir Acc: 54.88%, Pred Sharpe: 19.7965
  Composite: 0.4473 (dist_match: 0.6301, actual_pos: 56.4%, pred_pos: 93.4%)
  Collapse penalty: 0.000000 (threshold: 0.005000)
  Saved validation predictions to: experiments/12b_feature_sweep/market_only_daily_7q_h1_d015_s42/collapse_monitoring/val_predictions_epoch34.npy
  Gradient norms:
    lstm_encoder: 0.011489
    lstm_decoder: 0.007044
    output_layer: 0.098584
  VSN output std:
    encoder: 0.293280
  Attention entropy: 2.857573
  Saved to: experiments/12b_feature_sweep/market_only_daily_7q_h1_d015_s42/collapse_monitoring/collapse_monitor_latest.json
[DEBUG CollapseMonitor] on_validation_epoch_start called for epoch 35
[DEBUG CollapseMonitor] reset_temporal_state() called on loss function
Epoch 35: val_loss=0.464364618062973
Epoch 35: train_loss=0.4364689886569977

[CollapseMonitor] Epoch 35
  [DEBUG] Processed 15 batches from val_dataloader
  [DEBUG] Predictions shape after concat: (911,)
  Pred std: 0.038638, range: 0.286674, mean: 0.037121
  Pos: 93.3%, Neg: 6.7%, Unique: 901
  Dir Acc: 54.77%, Pred Sharpe: 15.2509
  Composite: 0.4467 (dist_match: 0.6312, actual_pos: 56.4%, pred_pos: 93.3%)
  Collapse penalty: 0.000000 (threshold: 0.005000)
  Saved validation predictions to: experiments/12b_feature_sweep/market_only_daily_7q_h1_d015_s42/collapse_monitoring/val_predictions_epoch35.npy
  Gradient norms:
    lstm_encoder: 0.011306
    lstm_decoder: 0.007185
    output_layer: 0.104309
  VSN output std:
    encoder: 0.293178
  Attention entropy: 2.862433
  Saved to: experiments/12b_feature_sweep/market_only_daily_7q_h1_d015_s42/collapse_monitoring/collapse_monitor_latest.json
[DEBUG CollapseMonitor] on_validation_epoch_start called for epoch 36
[DEBUG CollapseMonitor] reset_temporal_state() called on loss function
Epoch 36: val_loss=0.4634951055049896
Epoch 36: train_loss=0.43809056282043457

[CollapseMonitor] Epoch 36
  [DEBUG] Processed 15 batches from val_dataloader
  [DEBUG] Predictions shape after concat: (911,)
  Pred std: 0.045033, range: 0.319185, mean: 0.040311
  Pos: 94.6%, Neg: 5.4%, Unique: 903
  Dir Acc: 55.43%, Pred Sharpe: 14.2100
  Composite: 0.4485 (dist_match: 0.6180, actual_pos: 56.4%, pred_pos: 94.6%)
  Collapse penalty: 0.000000 (threshold: 0.005000)
  Saved validation predictions to: experiments/12b_feature_sweep/market_only_daily_7q_h1_d015_s42/collapse_monitoring/val_predictions_epoch36.npy
  Gradient norms:
    lstm_encoder: 0.011419
    lstm_decoder: 0.007311
    output_layer: 0.099896
  VSN output std:
    encoder: 0.293022
  Attention entropy: 2.849161
  Saved to: experiments/12b_feature_sweep/market_only_daily_7q_h1_d015_s42/collapse_monitoring/collapse_monitor_latest.json
[DEBUG CollapseMonitor] on_validation_epoch_start called for epoch 37
[DEBUG CollapseMonitor] reset_temporal_state() called on loss function
Epoch 37: val_loss=0.46628648042678833
Epoch 37: train_loss=0.43701404333114624

[CollapseMonitor] Epoch 37
  [DEBUG] Processed 15 batches from val_dataloader
  [DEBUG] Predictions shape after concat: (911,)
  Pred std: 0.045115, range: 0.324736, mean: 0.032564
  Pos: 91.7%, Neg: 8.3%, Unique: 899
  Dir Acc: 54.45%, Pred Sharpe: 11.4583
  Composite: 0.4485 (dist_match: 0.6476, actual_pos: 56.4%, pred_pos: 91.7%)
  Collapse penalty: 0.000000 (threshold: 0.005000)
  Saved validation predictions to: experiments/12b_feature_sweep/market_only_daily_7q_h1_d015_s42/collapse_monitoring/val_predictions_epoch37.npy
  Gradient norms:
    lstm_encoder: 0.011758
    lstm_decoder: 0.007625
    output_layer: 0.108320
  VSN output std:
    encoder: 0.293712
  Attention entropy: 2.839201
  Saved to: experiments/12b_feature_sweep/market_only_daily_7q_h1_d015_s42/collapse_monitoring/collapse_monitor_latest.json
[DEBUG CollapseMonitor] on_validation_epoch_start called for epoch 38
[DEBUG CollapseMonitor] reset_temporal_state() called on loss function
Epoch 38: val_loss=0.4633938670158386
Epoch 38: train_loss=0.4365566670894623

[CollapseMonitor] Epoch 38
  [DEBUG] Processed 15 batches from val_dataloader
  [DEBUG] Predictions shape after concat: (911,)
  Pred std: 0.048892, range: 0.344508, mean: 0.037387
  Pos: 92.9%, Neg: 7.1%, Unique: 896
  Dir Acc: 54.77%, Pred Sharpe: 12.1391
  Composite: 0.4479 (dist_match: 0.6356, actual_pos: 56.4%, pred_pos: 92.9%)
  Collapse penalty: 0.000000 (threshold: 0.005000)
  Saved validation predictions to: experiments/12b_feature_sweep/market_only_daily_7q_h1_d015_s42/collapse_monitoring/val_predictions_epoch38.npy
  Gradient norms:
    lstm_encoder: 0.012047
    lstm_decoder: 0.007497
    output_layer: 0.094307
  VSN output std:
    encoder: 0.294171
  Attention entropy: 2.839260
  Saved to: experiments/12b_feature_sweep/market_only_daily_7q_h1_d015_s42/collapse_monitoring/collapse_monitor_latest.json
[DEBUG CollapseMonitor] on_validation_epoch_start called for epoch 39
[DEBUG CollapseMonitor] reset_temporal_state() called on loss function
Epoch 39: val_loss=0.46477940678596497
Epoch 39: train_loss=0.43729066848754883

[CollapseMonitor] Epoch 39
  [DEBUG] Processed 15 batches from val_dataloader
  [DEBUG] Predictions shape after concat: (911,)
  Pred std: 0.052767, range: 0.356290, mean: 0.042943
  Pos: 92.8%, Neg: 7.2%, Unique: 900
  Dir Acc: 55.10%, Pred Sharpe: 12.9191
  Composite: 0.4509 (dist_match: 0.6367, actual_pos: 56.4%, pred_pos: 92.8%)
  Collapse penalty: 0.000000 (threshold: 0.005000)
  Saved validation predictions to: experiments/12b_feature_sweep/market_only_daily_7q_h1_d015_s42/collapse_monitoring/val_predictions_epoch39.npy
  Gradient norms:
    lstm_encoder: 0.011698
    lstm_decoder: 0.007353
    output_layer: 0.095152
  VSN output std:
    encoder: 0.294806
  Attention entropy: 2.825208
  Saved to: experiments/12b_feature_sweep/market_only_daily_7q_h1_d015_s42/collapse_monitoring/collapse_monitor_latest.json
[DEBUG CollapseMonitor] on_validation_epoch_start called for epoch 40
[DEBUG CollapseMonitor] reset_temporal_state() called on loss function
Epoch 40: val_loss=0.4640018939971924
Epoch 40: train_loss=0.4368720054626465

[CollapseMonitor] Epoch 40
  [DEBUG] Processed 15 batches from val_dataloader
  [DEBUG] Predictions shape after concat: (911,)
  Pred std: 0.040244, range: 0.298636, mean: 0.056505
  Pos: 97.6%, Neg: 2.4%, Unique: 903
  Dir Acc: 56.42%, Pred Sharpe: 22.2886
  Composite: 0.4481 (dist_match: 0.5884, actual_pos: 56.4%, pred_pos: 97.6%)
  Collapse penalty: 0.000000 (threshold: 0.005000)
  Saved validation predictions to: experiments/12b_feature_sweep/market_only_daily_7q_h1_d015_s42/collapse_monitoring/val_predictions_epoch40.npy
  Gradient norms:
    lstm_encoder: 0.010991
    lstm_decoder: 0.007023
    output_layer: 0.094934
  VSN output std:
    encoder: 0.294245
  Attention entropy: 2.840769
  Saved to: experiments/12b_feature_sweep/market_only_daily_7q_h1_d015_s42/collapse_monitoring/collapse_monitor_latest.json
[DEBUG CollapseMonitor] on_validation_epoch_start called for epoch 41
[DEBUG CollapseMonitor] reset_temporal_state() called on loss function
Epoch 41: val_loss=0.4629586338996887
Epoch 41: train_loss=0.4360859990119934

[CollapseMonitor] Epoch 41
  [DEBUG] Processed 15 batches from val_dataloader
  [DEBUG] Predictions shape after concat: (911,)
  Pred std: 0.044696, range: 0.317112, mean: 0.048266
  Pos: 96.6%, Neg: 3.4%, Unique: 900
  Dir Acc: 55.65%, Pred Sharpe: 17.1425
  Composite: 0.4447 (dist_match: 0.5982, actual_pos: 56.4%, pred_pos: 96.6%)
  Collapse penalty: 0.000000 (threshold: 0.005000)
  Saved validation predictions to: experiments/12b_feature_sweep/market_only_daily_7q_h1_d015_s42/collapse_monitoring/val_predictions_epoch41.npy
  Gradient norms:
    lstm_encoder: 0.011367
    lstm_decoder: 0.007355
    output_layer: 0.096365
  VSN output std:
    encoder: 0.294289
  Attention entropy: 2.842592
  Saved to: experiments/12b_feature_sweep/market_only_daily_7q_h1_d015_s42/collapse_monitoring/collapse_monitor_latest.json
[DEBUG CollapseMonitor] on_validation_epoch_start called for epoch 42
[DEBUG CollapseMonitor] reset_temporal_state() called on loss function
Epoch 42: val_loss=0.46379581093788147
Epoch 42: train_loss=0.43607297539711

[CollapseMonitor] Epoch 42
  [DEBUG] Processed 15 batches from val_dataloader
  [DEBUG] Predictions shape after concat: (911,)
  Pred std: 0.041593, range: 0.292542, mean: 0.055931
  Pos: 98.5%, Neg: 1.5%, Unique: 903
  Dir Acc: 56.42%, Pred Sharpe: 21.3466
  Composite: 0.4456 (dist_match: 0.5796, actual_pos: 56.4%, pred_pos: 98.5%)
  Collapse penalty: 0.000000 (threshold: 0.005000)
  Saved validation predictions to: experiments/12b_feature_sweep/market_only_daily_7q_h1_d015_s42/collapse_monitoring/val_predictions_epoch42.npy
  Gradient norms:
    lstm_encoder: 0.012297
    lstm_decoder: 0.008060
    output_layer: 0.099677
  VSN output std:
    encoder: 0.294232
  Attention entropy: 2.841496
  Saved to: experiments/12b_feature_sweep/market_only_daily_7q_h1_d015_s42/collapse_monitoring/collapse_monitor_latest.json
[DEBUG CollapseMonitor] on_validation_epoch_start called for epoch 43
[DEBUG CollapseMonitor] reset_temporal_state() called on loss function
Epoch 43: val_loss=0.46210551261901855
Epoch 43: train_loss=0.43536561727523804

[CollapseMonitor] Epoch 43
  [DEBUG] Processed 15 batches from val_dataloader
  [DEBUG] Predictions shape after concat: (911,)
  Pred std: 0.034953, range: 0.258881, mean: 0.060688
  Pos: 98.8%, Neg: 1.2%, Unique: 902
  Dir Acc: 56.53%, Pred Sharpe: 27.5628
  Composite: 0.4455 (dist_match: 0.5763, actual_pos: 56.4%, pred_pos: 98.8%)
  Collapse penalty: 0.000000 (threshold: 0.005000)
  Saved validation predictions to: experiments/12b_feature_sweep/market_only_daily_7q_h1_d015_s42/collapse_monitoring/val_predictions_epoch43.npy
  Gradient norms:
    lstm_encoder: 0.012199
    lstm_decoder: 0.007840
    output_layer: 0.102702
  VSN output std:
    encoder: 0.294155
  Attention entropy: 2.854084
  Saved to: experiments/12b_feature_sweep/market_only_daily_7q_h1_d015_s42/collapse_monitoring/collapse_monitor_latest.json
[DEBUG CollapseMonitor] on_validation_epoch_start called for epoch 44
[DEBUG CollapseMonitor] reset_temporal_state() called on loss function
Epoch 44: val_loss=0.46123701333999634
Epoch 44: train_loss=0.4364525377750397

[CollapseMonitor] Epoch 44
  [DEBUG] Processed 15 batches from val_dataloader
  [DEBUG] Predictions shape after concat: (911,)
  Pred std: 0.030230, range: 0.224457, mean: 0.073283
  Pos: 100.0%, Neg: 0.0%, Unique: 900
  Dir Acc: 56.42%, Pred Sharpe: 38.4832
  Composite: 0.4413 (dist_match: 0.5642, actual_pos: 56.4%, pred_pos: 100.0%)
  Collapse penalty: 0.000000 (threshold: 0.005000)
  Saved validation predictions to: experiments/12b_feature_sweep/market_only_daily_7q_h1_d015_s42/collapse_monitoring/val_predictions_epoch44.npy
  Gradient norms:
    lstm_encoder: 0.012551
    lstm_decoder: 0.007599
    output_layer: 0.093672
  VSN output std:
    encoder: 0.294262
  Attention entropy: 2.867014
  Saved to: experiments/12b_feature_sweep/market_only_daily_7q_h1_d015_s42/collapse_monitoring/collapse_monitor_latest.json
[DEBUG CollapseMonitor] on_validation_epoch_start called for epoch 45
[DEBUG CollapseMonitor] reset_temporal_state() called on loss function
Epoch 45: val_loss=0.46369224786758423
Epoch 45: train_loss=0.4360780119895935

[CollapseMonitor] Epoch 45
  [DEBUG] Processed 15 batches from val_dataloader
  [DEBUG] Predictions shape after concat: (911,)
  Pred std: 0.030487, range: 0.233298, mean: 0.080437
  Pos: 99.2%, Neg: 0.8%, Unique: 907
  Dir Acc: 56.31%, Pred Sharpe: 41.8841
  Composite: 0.4426 (dist_match: 0.5719, actual_pos: 56.4%, pred_pos: 99.2%)
  Collapse penalty: 0.000000 (threshold: 0.005000)
  Saved validation predictions to: experiments/12b_feature_sweep/market_only_daily_7q_h1_d015_s42/collapse_monitoring/val_predictions_epoch45.npy
  Gradient norms:
    lstm_encoder: 0.012839
    lstm_decoder: 0.008253
    output_layer: 0.100167
  VSN output std:
    encoder: 0.295133
  Attention entropy: 2.853555
  Saved to: experiments/12b_feature_sweep/market_only_daily_7q_h1_d015_s42/collapse_monitoring/collapse_monitor_latest.json
[DEBUG CollapseMonitor] on_validation_epoch_start called for epoch 46
[DEBUG CollapseMonitor] reset_temporal_state() called on loss function
Epoch 46: val_loss=0.4586588442325592
Epoch 46: train_loss=0.43426278233528137

[CollapseMonitor] Epoch 46
  [DEBUG] Processed 15 batches from val_dataloader
  [DEBUG] Predictions shape after concat: (911,)
  Pred std: 0.025674, range: 0.213930, mean: 0.059578
  Pos: 99.8%, Neg: 0.2%, Unique: 900
  Dir Acc: 56.42%, Pred Sharpe: 36.8372
  Composite: 0.4419 (dist_match: 0.5664, actual_pos: 56.4%, pred_pos: 99.8%)
  Collapse penalty: 0.000000 (threshold: 0.005000)
  Saved validation predictions to: experiments/12b_feature_sweep/market_only_daily_7q_h1_d015_s42/collapse_monitoring/val_predictions_epoch46.npy
  Gradient norms:
    lstm_encoder: 0.013096
    lstm_decoder: 0.008058
    output_layer: 0.098379
  VSN output std:
    encoder: 0.294666
  Attention entropy: 2.890390
  Saved to: experiments/12b_feature_sweep/market_only_daily_7q_h1_d015_s42/collapse_monitoring/collapse_monitor_latest.json
[DEBUG CollapseMonitor] on_validation_epoch_start called for epoch 47
[DEBUG CollapseMonitor] reset_temporal_state() called on loss function
Epoch 47: val_loss=0.4599112570285797
Epoch 47: train_loss=0.43495267629623413

[CollapseMonitor] Epoch 47
  [DEBUG] Processed 15 batches from val_dataloader
  [DEBUG] Predictions shape after concat: (911,)
  Pred std: 0.037426, range: 0.260899, mean: 0.047293
  Pos: 98.6%, Neg: 1.4%, Unique: 902
  Dir Acc: 56.31%, Pred Sharpe: 20.0600
  Composite: 0.4444 (dist_match: 0.5785, actual_pos: 56.4%, pred_pos: 98.6%)
  Collapse penalty: 0.000000 (threshold: 0.005000)
  Saved validation predictions to: experiments/12b_feature_sweep/market_only_daily_7q_h1_d015_s42/collapse_monitoring/val_predictions_epoch47.npy
  Gradient norms:
    lstm_encoder: 0.012689
    lstm_decoder: 0.008047
    output_layer: 0.097444
  VSN output std:
    encoder: 0.295493
  Attention entropy: 2.865126
  Saved to: experiments/12b_feature_sweep/market_only_daily_7q_h1_d015_s42/collapse_monitoring/collapse_monitor_latest.json
[DEBUG CollapseMonitor] on_validation_epoch_start called for epoch 48
[DEBUG CollapseMonitor] reset_temporal_state() called on loss function
Epoch 48: val_loss=0.45904168486595154
Epoch 48: train_loss=0.4357927441596985

[CollapseMonitor] Epoch 48
  [DEBUG] Processed 15 batches from val_dataloader
  [DEBUG] Predictions shape after concat: (911,)
  Pred std: 0.041799, range: 0.267745, mean: 0.056377
  Pos: 100.0%, Neg: 0.0%, Unique: 900
  Dir Acc: 56.42%, Pred Sharpe: 21.4111
  Composite: 0.4413 (dist_match: 0.5642, actual_pos: 56.4%, pred_pos: 100.0%)
  Collapse penalty: 0.000000 (threshold: 0.005000)
  Saved validation predictions to: experiments/12b_feature_sweep/market_only_daily_7q_h1_d015_s42/collapse_monitoring/val_predictions_epoch48.npy
  Gradient norms:
    lstm_encoder: 0.014425
    lstm_decoder: 0.009082
    output_layer: 0.102529
  VSN output std:
    encoder: 0.294568
  Attention entropy: 2.875379
  Saved to: experiments/12b_feature_sweep/market_only_daily_7q_h1_d015_s42/collapse_monitoring/collapse_monitor_latest.json
[DEBUG CollapseMonitor] on_validation_epoch_start called for epoch 49
[DEBUG CollapseMonitor] reset_temporal_state() called on loss function
Epoch 49: val_loss=0.4586032032966614
Epoch 49: train_loss=0.4351973831653595

[CollapseMonitor] Epoch 49
  [DEBUG] Processed 15 batches from val_dataloader
  [DEBUG] Predictions shape after concat: (911,)
  Pred std: 0.030811, range: 0.230484, mean: 0.070429
  Pos: 99.0%, Neg: 1.0%, Unique: 902
  Dir Acc: 56.75%, Pred Sharpe: 36.2867
  Composite: 0.4467 (dist_match: 0.5741, actual_pos: 56.4%, pred_pos: 99.0%)
  Collapse penalty: 0.000000 (threshold: 0.005000)
  Saved validation predictions to: experiments/12b_feature_sweep/market_only_daily_7q_h1_d015_s42/collapse_monitoring/val_predictions_epoch49.npy
  Gradient norms:
    lstm_encoder: 0.014297
    lstm_decoder: 0.008956
    output_layer: 0.095404
  VSN output std:
    encoder: 0.294776
  Attention entropy: 2.870962
  Saved to: experiments/12b_feature_sweep/market_only_daily_7q_h1_d015_s42/collapse_monitoring/collapse_monitor_latest.json
[DEBUG CollapseMonitor] on_validation_epoch_start called for epoch 50
[DEBUG CollapseMonitor] reset_temporal_state() called on loss function
Epoch 50: val_loss=0.45851874351501465
Epoch 50: train_loss=0.4345630705356598

[CollapseMonitor] Epoch 50
  [DEBUG] Processed 15 batches from val_dataloader
  [DEBUG] Predictions shape after concat: (911,)
  Pred std: 0.035031, range: 0.256321, mean: 0.056937
  Pos: 98.5%, Neg: 1.5%, Unique: 903
  Dir Acc: 56.42%, Pred Sharpe: 25.8009
  Composite: 0.4456 (dist_match: 0.5796, actual_pos: 56.4%, pred_pos: 98.5%)
  Collapse penalty: 0.000000 (threshold: 0.005000)
  Saved validation predictions to: experiments/12b_feature_sweep/market_only_daily_7q_h1_d015_s42/collapse_monitoring/val_predictions_epoch50.npy
  Gradient norms:
    lstm_encoder: 0.015395
    lstm_decoder: 0.009957
    output_layer: 0.099837
  VSN output std:
    encoder: 0.294075
  Attention entropy: 2.873811
  Saved to: experiments/12b_feature_sweep/market_only_daily_7q_h1_d015_s42/collapse_monitoring/collapse_monitor_latest.json
[DEBUG CollapseMonitor] on_validation_epoch_start called for epoch 51
[DEBUG CollapseMonitor] reset_temporal_state() called on loss function
Epoch 51: val_loss=0.4584398865699768
Epoch 51: train_loss=0.4339495599269867

[CollapseMonitor] Epoch 51
  [DEBUG] Processed 15 batches from val_dataloader
  [DEBUG] Predictions shape after concat: (911,)
  Pred std: 0.037274, range: 0.238677, mean: 0.061837
  Pos: 100.0%, Neg: 0.0%, Unique: 904
  Dir Acc: 56.42%, Pred Sharpe: 26.3357
  Composite: 0.4413 (dist_match: 0.5642, actual_pos: 56.4%, pred_pos: 100.0%)
  Collapse penalty: 0.000000 (threshold: 0.005000)
  Saved validation predictions to: experiments/12b_feature_sweep/market_only_daily_7q_h1_d015_s42/collapse_monitoring/val_predictions_epoch51.npy
  Gradient norms:
    lstm_encoder: 0.015020
    lstm_decoder: 0.009201
    output_layer: 0.098979
  VSN output std:
    encoder: 0.293771
  Attention entropy: 2.894549
  Saved to: experiments/12b_feature_sweep/market_only_daily_7q_h1_d015_s42/collapse_monitoring/collapse_monitor_latest.json
[DEBUG CollapseMonitor] on_validation_epoch_start called for epoch 52
[DEBUG CollapseMonitor] reset_temporal_state() called on loss function
Epoch 52: val_loss=0.45764589309692383
Epoch 52: train_loss=0.43193358182907104

[CollapseMonitor] Epoch 52
  [DEBUG] Processed 15 batches from val_dataloader
  [DEBUG] Predictions shape after concat: (911,)
  Pred std: 0.032841, range: 0.235373, mean: 0.087804
  Pos: 100.0%, Neg: 0.0%, Unique: 905
  Dir Acc: 56.42%, Pred Sharpe: 42.4425
  Composite: 0.4413 (dist_match: 0.5642, actual_pos: 56.4%, pred_pos: 100.0%)
  Collapse penalty: 0.000000 (threshold: 0.005000)
  Saved validation predictions to: experiments/12b_feature_sweep/market_only_daily_7q_h1_d015_s42/collapse_monitoring/val_predictions_epoch52.npy
  Gradient norms:
    lstm_encoder: 0.016026
    lstm_decoder: 0.010095
    output_layer: 0.104508
  VSN output std:
    encoder: 0.293845
  Attention entropy: 2.878796
  Saved to: experiments/12b_feature_sweep/market_only_daily_7q_h1_d015_s42/collapse_monitoring/collapse_monitor_latest.json
[DEBUG CollapseMonitor] on_validation_epoch_start called for epoch 53
[DEBUG CollapseMonitor] reset_temporal_state() called on loss function
Epoch 53: val_loss=0.45771652460098267
Epoch 53: train_loss=0.43399229645729065

[CollapseMonitor] Epoch 53
  [DEBUG] Processed 15 batches from val_dataloader
  [DEBUG] Predictions shape after concat: (911,)
  Pred std: 0.041622, range: 0.255889, mean: 0.091372
  Pos: 100.0%, Neg: 0.0%, Unique: 901
  Dir Acc: 56.42%, Pred Sharpe: 34.8490
  Composite: 0.4413 (dist_match: 0.5642, actual_pos: 56.4%, pred_pos: 100.0%)
  Collapse penalty: 0.000000 (threshold: 0.005000)
  Saved validation predictions to: experiments/12b_feature_sweep/market_only_daily_7q_h1_d015_s42/collapse_monitoring/val_predictions_epoch53.npy
  Gradient norms:
    lstm_encoder: 0.015861
    lstm_decoder: 0.009651
    output_layer: 0.108413
  VSN output std:
    encoder: 0.294057
  Attention entropy: 2.876736
  Saved to: experiments/12b_feature_sweep/market_only_daily_7q_h1_d015_s42/collapse_monitoring/collapse_monitor_latest.json
[DEBUG CollapseMonitor] on_validation_epoch_start called for epoch 54
[DEBUG CollapseMonitor] reset_temporal_state() called on loss function
Epoch 54: val_loss=0.45665308833122253
Epoch 54: train_loss=0.4342533349990845

[CollapseMonitor] Epoch 54
  [DEBUG] Processed 15 batches from val_dataloader
  [DEBUG] Predictions shape after concat: (911,)
  Pred std: 0.039180, range: 0.254665, mean: 0.060342
  Pos: 100.0%, Neg: 0.0%, Unique: 908
  Dir Acc: 56.42%, Pred Sharpe: 24.4485
  Composite: 0.4413 (dist_match: 0.5642, actual_pos: 56.4%, pred_pos: 100.0%)
  Collapse penalty: 0.000000 (threshold: 0.005000)
  Saved validation predictions to: experiments/12b_feature_sweep/market_only_daily_7q_h1_d015_s42/collapse_monitoring/val_predictions_epoch54.npy
  Gradient norms:
    lstm_encoder: 0.017406
    lstm_decoder: 0.010531
    output_layer: 0.100041
  VSN output std:
    encoder: 0.293694
  Attention entropy: 2.878890
  Saved to: experiments/12b_feature_sweep/market_only_daily_7q_h1_d015_s42/collapse_monitoring/collapse_monitor_latest.json
[DEBUG CollapseMonitor] on_validation_epoch_start called for epoch 55
[DEBUG CollapseMonitor] reset_temporal_state() called on loss function
Epoch 55: val_loss=0.45748138427734375
Epoch 55: train_loss=0.4343942403793335

[CollapseMonitor] Epoch 55
  [DEBUG] Processed 15 batches from val_dataloader
  [DEBUG] Predictions shape after concat: (911,)
  Pred std: 0.039288, range: 0.242735, mean: 0.083290
  Pos: 100.0%, Neg: 0.0%, Unique: 906
  Dir Acc: 56.42%, Pred Sharpe: 33.6533
  Composite: 0.4413 (dist_match: 0.5642, actual_pos: 56.4%, pred_pos: 100.0%)
  Collapse penalty: 0.000000 (threshold: 0.005000)
  Saved validation predictions to: experiments/12b_feature_sweep/market_only_daily_7q_h1_d015_s42/collapse_monitoring/val_predictions_epoch55.npy
  Gradient norms:
    lstm_encoder: 0.017343
    lstm_decoder: 0.010558
    output_layer: 0.098753
  VSN output std:
    encoder: 0.292705
  Attention entropy: 2.882457
  Saved to: experiments/12b_feature_sweep/market_only_daily_7q_h1_d015_s42/collapse_monitoring/collapse_monitor_latest.json
[DEBUG CollapseMonitor] on_validation_epoch_start called for epoch 56
[DEBUG CollapseMonitor] reset_temporal_state() called on loss function
Epoch 56: val_loss=0.45609864592552185
Epoch 56: train_loss=0.43347519636154175

[CollapseMonitor] Epoch 56
  [DEBUG] Processed 15 batches from val_dataloader
  [DEBUG] Predictions shape after concat: (911,)
  Pred std: 0.044670, range: 0.269738, mean: 0.066468
  Pos: 100.0%, Neg: 0.0%, Unique: 904
  Dir Acc: 56.42%, Pred Sharpe: 23.6210
  Composite: 0.4413 (dist_match: 0.5642, actual_pos: 56.4%, pred_pos: 100.0%)
  Collapse penalty: 0.000000 (threshold: 0.005000)
  Saved validation predictions to: experiments/12b_feature_sweep/market_only_daily_7q_h1_d015_s42/collapse_monitoring/val_predictions_epoch56.npy
  Gradient norms:
    lstm_encoder: 0.017064
    lstm_decoder: 0.009790
    output_layer: 0.096289
  VSN output std:
    encoder: 0.293272
  Attention entropy: 2.890364
  Saved to: experiments/12b_feature_sweep/market_only_daily_7q_h1_d015_s42/collapse_monitoring/collapse_monitor_latest.json
[DEBUG CollapseMonitor] on_validation_epoch_start called for epoch 57
[DEBUG CollapseMonitor] reset_temporal_state() called on loss function
Epoch 57: val_loss=0.455733060836792
Epoch 57: train_loss=0.4332890212535858

[CollapseMonitor] Epoch 57
  [DEBUG] Processed 15 batches from val_dataloader
  [DEBUG] Predictions shape after concat: (911,)
  Pred std: 0.040134, range: 0.242061, mean: 0.067490
  Pos: 100.0%, Neg: 0.0%, Unique: 908
  Dir Acc: 56.42%, Pred Sharpe: 26.6947
  Composite: 0.4413 (dist_match: 0.5642, actual_pos: 56.4%, pred_pos: 100.0%)
  Collapse penalty: 0.000000 (threshold: 0.005000)
  Saved validation predictions to: experiments/12b_feature_sweep/market_only_daily_7q_h1_d015_s42/collapse_monitoring/val_predictions_epoch57.npy
  Gradient norms:
    lstm_encoder: 0.017094
    lstm_decoder: 0.010104
    output_layer: 0.094510
  VSN output std:
    encoder: 0.292855
  Attention entropy: 2.896403
  Saved to: experiments/12b_feature_sweep/market_only_daily_7q_h1_d015_s42/collapse_monitoring/collapse_monitor_latest.json
[DEBUG CollapseMonitor] on_validation_epoch_start called for epoch 58
[DEBUG CollapseMonitor] reset_temporal_state() called on loss function
Epoch 58: val_loss=0.4557601511478424
Epoch 58: train_loss=0.43309175968170166

[CollapseMonitor] Epoch 58
  [DEBUG] Processed 15 batches from val_dataloader
  [DEBUG] Predictions shape after concat: (911,)
  Pred std: 0.036098, range: 0.222856, mean: 0.037675
  Pos: 92.1%, Neg: 7.9%, Unique: 903
  Dir Acc: 56.42%, Pred Sharpe: 16.5680
  Composite: 0.4636 (dist_match: 0.6432, actual_pos: 56.4%, pred_pos: 92.1%)
  Collapse penalty: 0.000000 (threshold: 0.005000)
  Saved validation predictions to: experiments/12b_feature_sweep/market_only_daily_7q_h1_d015_s42/collapse_monitoring/val_predictions_epoch58.npy
  Gradient norms:
    lstm_encoder: 0.017241
    lstm_decoder: 0.009676
    output_layer: 0.098183
  VSN output std:
    encoder: 0.292887
  Attention entropy: 2.900948
  Saved to: experiments/12b_feature_sweep/market_only_daily_7q_h1_d015_s42/collapse_monitoring/collapse_monitor_latest.json
[DEBUG CollapseMonitor] on_validation_epoch_start called for epoch 59
[DEBUG CollapseMonitor] reset_temporal_state() called on loss function
Epoch 59: val_loss=0.4559556841850281
Epoch 59: train_loss=0.43459266424179077

[CollapseMonitor] Epoch 59
  [DEBUG] Processed 15 batches from val_dataloader
  [DEBUG] Predictions shape after concat: (911,)
  Pred std: 0.032632, range: 0.204097, mean: 0.073986
  Pos: 100.0%, Neg: 0.0%, Unique: 905
  Dir Acc: 56.42%, Pred Sharpe: 35.9915
  Composite: 0.4413 (dist_match: 0.5642, actual_pos: 56.4%, pred_pos: 100.0%)
  Collapse penalty: 0.000000 (threshold: 0.005000)
  Saved validation predictions to: experiments/12b_feature_sweep/market_only_daily_7q_h1_d015_s42/collapse_monitoring/val_predictions_epoch59.npy
  Gradient norms:
    lstm_encoder: 0.018702
    lstm_decoder: 0.010465
    output_layer: 0.094917
  VSN output std:
    encoder: 0.293599
  Attention entropy: 2.893964
  Saved to: experiments/12b_feature_sweep/market_only_daily_7q_h1_d015_s42/collapse_monitoring/collapse_monitor_latest.json
[DEBUG CollapseMonitor] on_validation_epoch_start called for epoch 60
[DEBUG CollapseMonitor] reset_temporal_state() called on loss function
Epoch 60: val_loss=0.4553065598011017
Epoch 60: train_loss=0.43433091044425964

[CollapseMonitor] Epoch 60
  [DEBUG] Processed 15 batches from val_dataloader
  [DEBUG] Predictions shape after concat: (911,)
  Pred std: 0.039457, range: 0.245582, mean: 0.035317
  Pos: 89.4%, Neg: 10.6%, Unique: 906
  Dir Acc: 55.65%, Pred Sharpe: 14.2086
  Composite: 0.4649 (dist_match: 0.6707, actual_pos: 56.4%, pred_pos: 89.4%)
  Collapse penalty: 0.000000 (threshold: 0.005000)
  Saved validation predictions to: experiments/12b_feature_sweep/market_only_daily_7q_h1_d015_s42/collapse_monitoring/val_predictions_epoch60.npy
  Gradient norms:
    lstm_encoder: 0.019990
    lstm_decoder: 0.011544
    output_layer: 0.107167
  VSN output std:
    encoder: 0.293965
  Attention entropy: 2.885609
  Saved to: experiments/12b_feature_sweep/market_only_daily_7q_h1_d015_s42/collapse_monitoring/collapse_monitor_latest.json
[DEBUG CollapseMonitor] on_validation_epoch_start called for epoch 61
[DEBUG CollapseMonitor] reset_temporal_state() called on loss function
Epoch 61: val_loss=0.455625981092453
Epoch 61: train_loss=0.4333784878253937

[CollapseMonitor] Epoch 61
  [DEBUG] Processed 15 batches from val_dataloader
  [DEBUG] Predictions shape after concat: (911,)
  Pred std: 0.035588, range: 0.202042, mean: 0.075073
  Pos: 100.0%, Neg: 0.0%, Unique: 906
  Dir Acc: 56.42%, Pred Sharpe: 33.4872
  Composite: 0.4413 (dist_match: 0.5642, actual_pos: 56.4%, pred_pos: 100.0%)
  Collapse penalty: 0.000000 (threshold: 0.005000)
  Saved validation predictions to: experiments/12b_feature_sweep/market_only_daily_7q_h1_d015_s42/collapse_monitoring/val_predictions_epoch61.npy
  Gradient norms:
    lstm_encoder: 0.020631
    lstm_decoder: 0.011518
    output_layer: 0.092788
  VSN output std:
    encoder: 0.294272
  Attention entropy: 2.894832
  Saved to: experiments/12b_feature_sweep/market_only_daily_7q_h1_d015_s42/collapse_monitoring/collapse_monitor_latest.json
[DEBUG CollapseMonitor] on_validation_epoch_start called for epoch 62
[DEBUG CollapseMonitor] reset_temporal_state() called on loss function
Epoch 62: val_loss=0.45411917567253113
Epoch 62: train_loss=0.4321214556694031

[CollapseMonitor] Epoch 62
  [DEBUG] Processed 15 batches from val_dataloader
  [DEBUG] Predictions shape after concat: (911,)
  Pred std: 0.037194, range: 0.212032, mean: 0.066543
  Pos: 100.0%, Neg: 0.0%, Unique: 905
  Dir Acc: 56.42%, Pred Sharpe: 28.4005
  Composite: 0.4413 (dist_match: 0.5642, actual_pos: 56.4%, pred_pos: 100.0%)
  Collapse penalty: 0.000000 (threshold: 0.005000)
  Saved validation predictions to: experiments/12b_feature_sweep/market_only_daily_7q_h1_d015_s42/collapse_monitoring/val_predictions_epoch62.npy
  Gradient norms:
    lstm_encoder: 0.021264
    lstm_decoder: 0.012057
    output_layer: 0.099424
  VSN output std:
    encoder: 0.294409
  Attention entropy: 2.888508
  Saved to: experiments/12b_feature_sweep/market_only_daily_7q_h1_d015_s42/collapse_monitoring/collapse_monitor_latest.json
[DEBUG CollapseMonitor] on_validation_epoch_start called for epoch 63
[DEBUG CollapseMonitor] reset_temporal_state() called on loss function
Epoch 63: val_loss=0.45637473464012146
Epoch 63: train_loss=0.43300673365592957

[CollapseMonitor] Epoch 63
  [DEBUG] Processed 15 batches from val_dataloader
  [DEBUG] Predictions shape after concat: (911,)
  Pred std: 0.041559, range: 0.235790, mean: 0.062409
  Pos: 100.0%, Neg: 0.0%, Unique: 906
  Dir Acc: 56.42%, Pred Sharpe: 23.8388
  Composite: 0.4413 (dist_match: 0.5642, actual_pos: 56.4%, pred_pos: 100.0%)
  Collapse penalty: 0.000000 (threshold: 0.005000)
  Saved validation predictions to: experiments/12b_feature_sweep/market_only_daily_7q_h1_d015_s42/collapse_monitoring/val_predictions_epoch63.npy
  Gradient norms:
    lstm_encoder: 0.021448
    lstm_decoder: 0.011856
    output_layer: 0.103080
  VSN output std:
    encoder: 0.294738
  Attention entropy: 2.889544
  Saved to: experiments/12b_feature_sweep/market_only_daily_7q_h1_d015_s42/collapse_monitoring/collapse_monitor_latest.json
[DEBUG CollapseMonitor] on_validation_epoch_start called for epoch 64
[DEBUG CollapseMonitor] reset_temporal_state() called on loss function
Epoch 64: val_loss=0.4561438262462616
Epoch 64: train_loss=0.43280115723609924

[CollapseMonitor] Epoch 64
  [DEBUG] Processed 15 batches from val_dataloader
  [DEBUG] Predictions shape after concat: (911,)
  Pred std: 0.045771, range: 0.262609, mean: 0.033820
  Pos: 84.7%, Neg: 15.3%, Unique: 907
  Dir Acc: 55.65%, Pred Sharpe: 11.7297
  Composite: 0.4777 (dist_match: 0.7168, actual_pos: 56.4%, pred_pos: 84.7%)
  Collapse penalty: 0.000000 (threshold: 0.005000)
  Saved validation predictions to: experiments/12b_feature_sweep/market_only_daily_7q_h1_d015_s42/collapse_monitoring/val_predictions_epoch64.npy
  Gradient norms:
    lstm_encoder: 0.020761
    lstm_decoder: 0.011519
    output_layer: 0.097415
  VSN output std:
    encoder: 0.295079
  Attention entropy: 2.889506
  Saved to: experiments/12b_feature_sweep/market_only_daily_7q_h1_d015_s42/collapse_monitoring/collapse_monitor_latest.json
[DEBUG CollapseMonitor] on_validation_epoch_start called for epoch 65
[DEBUG CollapseMonitor] reset_temporal_state() called on loss function
Epoch 65: val_loss=0.45526444911956787
Epoch 65: train_loss=0.43296509981155396

[CollapseMonitor] Epoch 65
  [DEBUG] Processed 15 batches from val_dataloader
  [DEBUG] Predictions shape after concat: (911,)
  Pred std: 0.042488, range: 0.239562, mean: 0.074814
  Pos: 100.0%, Neg: 0.0%, Unique: 907
  Dir Acc: 56.42%, Pred Sharpe: 27.9521
  Composite: 0.4413 (dist_match: 0.5642, actual_pos: 56.4%, pred_pos: 100.0%)
  Collapse penalty: 0.000000 (threshold: 0.005000)
  Saved validation predictions to: experiments/12b_feature_sweep/market_only_daily_7q_h1_d015_s42/collapse_monitoring/val_predictions_epoch65.npy
  Gradient norms:
    lstm_encoder: 0.019791
    lstm_decoder: 0.010525
    output_layer: 0.092159
  VSN output std:
    encoder: 0.295300
  Attention entropy: 2.893083
  Saved to: experiments/12b_feature_sweep/market_only_daily_7q_h1_d015_s42/collapse_monitoring/collapse_monitor_latest.json
[DEBUG CollapseMonitor] on_validation_epoch_start called for epoch 66
[DEBUG CollapseMonitor] reset_temporal_state() called on loss function
Epoch 66: val_loss=0.45357760787010193
Epoch 66: train_loss=0.4329626262187958

[CollapseMonitor] Epoch 66
  [DEBUG] Processed 15 batches from val_dataloader
  [DEBUG] Predictions shape after concat: (911,)
  Pred std: 0.040064, range: 0.222444, mean: 0.088244
  Pos: 100.0%, Neg: 0.0%, Unique: 910
  Dir Acc: 56.42%, Pred Sharpe: 34.9644
  Composite: 0.4413 (dist_match: 0.5642, actual_pos: 56.4%, pred_pos: 100.0%)
  Collapse penalty: 0.000000 (threshold: 0.005000)
  Saved validation predictions to: experiments/12b_feature_sweep/market_only_daily_7q_h1_d015_s42/collapse_monitoring/val_predictions_epoch66.npy
  Gradient norms:
    lstm_encoder: 0.022054
    lstm_decoder: 0.012005
    output_layer: 0.100879
  VSN output std:
    encoder: 0.294576
  Attention entropy: 2.908758
  Saved to: experiments/12b_feature_sweep/market_only_daily_7q_h1_d015_s42/collapse_monitoring/collapse_monitor_latest.json
[DEBUG CollapseMonitor] on_validation_epoch_start called for epoch 67
[DEBUG CollapseMonitor] reset_temporal_state() called on loss function
Epoch 67: val_loss=0.4527937173843384
Epoch 67: train_loss=0.43194815516471863

[CollapseMonitor] Epoch 67
  [DEBUG] Processed 15 batches from val_dataloader
  [DEBUG] Predictions shape after concat: (911,)
  Pred std: 0.051232, range: 0.289800, mean: 0.065717
  Pos: 99.3%, Neg: 0.7%, Unique: 907
  Dir Acc: 56.20%, Pred Sharpe: 20.3626
  Composite: 0.4414 (dist_match: 0.5708, actual_pos: 56.4%, pred_pos: 99.3%)
  Collapse penalty: 0.000000 (threshold: 0.005000)
  Saved validation predictions to: experiments/12b_feature_sweep/market_only_daily_7q_h1_d015_s42/collapse_monitoring/val_predictions_epoch67.npy
  Gradient norms:
    lstm_encoder: 0.021009
    lstm_decoder: 0.011189
    output_layer: 0.096263
  VSN output std:
    encoder: 0.294158
  Attention entropy: 2.915914
  Saved to: experiments/12b_feature_sweep/market_only_daily_7q_h1_d015_s42/collapse_monitoring/collapse_monitor_latest.json
[DEBUG CollapseMonitor] on_validation_epoch_start called for epoch 68
[DEBUG CollapseMonitor] reset_temporal_state() called on loss function
Epoch 68: val_loss=0.45295190811157227
Epoch 68: train_loss=0.433561772108078

[CollapseMonitor] Epoch 68
  [DEBUG] Processed 15 batches from val_dataloader
  [DEBUG] Predictions shape after concat: (911,)
  Pred std: 0.050902, range: 0.282968, mean: 0.063874
  Pos: 98.9%, Neg: 1.1%, Unique: 906
  Dir Acc: 56.20%, Pred Sharpe: 19.9203
  Composite: 0.4426 (dist_match: 0.5752, actual_pos: 56.4%, pred_pos: 98.9%)
  Collapse penalty: 0.000000 (threshold: 0.005000)
  Saved validation predictions to: experiments/12b_feature_sweep/market_only_daily_7q_h1_d015_s42/collapse_monitoring/val_predictions_epoch68.npy
  Gradient norms:
    lstm_encoder: 0.021409
    lstm_decoder: 0.011425
    output_layer: 0.097961
  VSN output std:
    encoder: 0.294022
  Attention entropy: 2.912556
  Saved to: experiments/12b_feature_sweep/market_only_daily_7q_h1_d015_s42/collapse_monitoring/collapse_monitor_latest.json
[DEBUG CollapseMonitor] on_validation_epoch_start called for epoch 69
[DEBUG CollapseMonitor] reset_temporal_state() called on loss function
Epoch 69: val_loss=0.452412873506546
Epoch 69: train_loss=0.43276968598365784

[CollapseMonitor] Epoch 69
  [DEBUG] Processed 15 batches from val_dataloader
  [DEBUG] Predictions shape after concat: (911,)
  Pred std: 0.053568, range: 0.293363, mean: 0.066822
  Pos: 99.3%, Neg: 0.7%, Unique: 908
  Dir Acc: 56.20%, Pred Sharpe: 19.8022
  Composite: 0.4414 (dist_match: 0.5708, actual_pos: 56.4%, pred_pos: 99.3%)
  Collapse penalty: 0.000000 (threshold: 0.005000)
  Saved validation predictions to: experiments/12b_feature_sweep/market_only_daily_7q_h1_d015_s42/collapse_monitoring/val_predictions_epoch69.npy
  Gradient norms:
    lstm_encoder: 0.022781
    lstm_decoder: 0.011786
    output_layer: 0.095706
  VSN output std:
    encoder: 0.293883
  Attention entropy: 2.911309
  Saved to: experiments/12b_feature_sweep/market_only_daily_7q_h1_d015_s42/collapse_monitoring/collapse_monitor_latest.json
[DEBUG CollapseMonitor] on_validation_epoch_start called for epoch 70
[DEBUG CollapseMonitor] reset_temporal_state() called on loss function
Epoch 70: val_loss=0.4530641436576843
Epoch 70: train_loss=0.43273043632507324

[CollapseMonitor] Epoch 70
  [DEBUG] Processed 15 batches from val_dataloader
  [DEBUG] Predictions shape after concat: (911,)
  Pred std: 0.048170, range: 0.271824, mean: 0.049454
  Pos: 92.4%, Neg: 7.6%, Unique: 909
  Dir Acc: 56.09%, Pred Sharpe: 16.2977
  Composite: 0.4599 (dist_match: 0.6400, actual_pos: 56.4%, pred_pos: 92.4%)
  Collapse penalty: 0.000000 (threshold: 0.005000)
  Saved validation predictions to: experiments/12b_feature_sweep/market_only_daily_7q_h1_d015_s42/collapse_monitoring/val_predictions_epoch70.npy
  Gradient norms:
    lstm_encoder: 0.022885
    lstm_decoder: 0.012187
    output_layer: 0.101740
  VSN output std:
    encoder: 0.293814
  Attention entropy: 2.918828
  Saved to: experiments/12b_feature_sweep/market_only_daily_7q_h1_d015_s42/collapse_monitoring/collapse_monitor_latest.json
[DEBUG CollapseMonitor] on_validation_epoch_start called for epoch 71
[DEBUG CollapseMonitor] reset_temporal_state() called on loss function
Epoch 71: val_loss=0.45195212960243225
Epoch 71: train_loss=0.4319111108779907

[CollapseMonitor] Epoch 71
  [DEBUG] Processed 15 batches from val_dataloader
  [DEBUG] Predictions shape after concat: (911,)
  Pred std: 0.055143, range: 0.300979, mean: 0.065623
  Pos: 99.1%, Neg: 0.9%, Unique: 908
  Dir Acc: 56.20%, Pred Sharpe: 18.8916
  Composite: 0.4420 (dist_match: 0.5730, actual_pos: 56.4%, pred_pos: 99.1%)
  Collapse penalty: 0.000000 (threshold: 0.005000)
  Saved validation predictions to: experiments/12b_feature_sweep/market_only_daily_7q_h1_d015_s42/collapse_monitoring/val_predictions_epoch71.npy
  Gradient norms:
    lstm_encoder: 0.024142
    lstm_decoder: 0.012886
    output_layer: 0.099778
  VSN output std:
    encoder: 0.294121
  Attention entropy: 2.910424
  Saved to: experiments/12b_feature_sweep/market_only_daily_7q_h1_d015_s42/collapse_monitoring/collapse_monitor_latest.json
[DEBUG CollapseMonitor] on_validation_epoch_start called for epoch 72
[DEBUG CollapseMonitor] reset_temporal_state() called on loss function
Epoch 72: val_loss=0.4522140622138977
Epoch 72: train_loss=0.43193724751472473

[CollapseMonitor] Epoch 72
  [DEBUG] Processed 15 batches from val_dataloader
  [DEBUG] Predictions shape after concat: (911,)
  Pred std: 0.053817, range: 0.307442, mean: 0.062777
  Pos: 98.9%, Neg: 1.1%, Unique: 909
  Dir Acc: 55.98%, Pred Sharpe: 18.5177
  Composite: 0.4409 (dist_match: 0.5752, actual_pos: 56.4%, pred_pos: 98.9%)
  Collapse penalty: 0.000000 (threshold: 0.005000)
  Saved validation predictions to: experiments/12b_feature_sweep/market_only_daily_7q_h1_d015_s42/collapse_monitoring/val_predictions_epoch72.npy
  Gradient norms:
    lstm_encoder: 0.025183
    lstm_decoder: 0.012788
    output_layer: 0.100938
  VSN output std:
    encoder: 0.293439
  Attention entropy: 2.915101
  Saved to: experiments/12b_feature_sweep/market_only_daily_7q_h1_d015_s42/collapse_monitoring/collapse_monitor_latest.json
[DEBUG CollapseMonitor] on_validation_epoch_start called for epoch 73
[DEBUG CollapseMonitor] reset_temporal_state() called on loss function
Epoch 73: val_loss=0.45269322395324707
Epoch 73: train_loss=0.43162477016448975

[CollapseMonitor] Epoch 73
  [DEBUG] Processed 15 batches from val_dataloader
  [DEBUG] Predictions shape after concat: (911,)
  Pred std: 0.054113, range: 0.297829, mean: 0.088670
  Pos: 100.0%, Neg: 0.0%, Unique: 907
  Dir Acc: 56.42%, Pred Sharpe: 26.0122
  Composite: 0.4413 (dist_match: 0.5642, actual_pos: 56.4%, pred_pos: 100.0%)
  Collapse penalty: 0.000000 (threshold: 0.005000)
  Saved validation predictions to: experiments/12b_feature_sweep/market_only_daily_7q_h1_d015_s42/collapse_monitoring/val_predictions_epoch73.npy
  Gradient norms:
    lstm_encoder: 0.023738
    lstm_decoder: 0.011673
    output_layer: 0.100082
  VSN output std:
    encoder: 0.293423
  Attention entropy: 2.913075
  Saved to: experiments/12b_feature_sweep/market_only_daily_7q_h1_d015_s42/collapse_monitoring/collapse_monitor_latest.json
[DEBUG CollapseMonitor] on_validation_epoch_start called for epoch 74
[DEBUG CollapseMonitor] reset_temporal_state() called on loss function
Epoch 74: val_loss=0.4533412754535675
Epoch 74: train_loss=0.4324382245540619

[CollapseMonitor] Epoch 74
  [DEBUG] Processed 15 batches from val_dataloader
  [DEBUG] Predictions shape after concat: (911,)
  Pred std: 0.056975, range: 0.317293, mean: 0.069542
  Pos: 99.2%, Neg: 0.8%, Unique: 908
  Dir Acc: 56.09%, Pred Sharpe: 19.3761
  Composite: 0.4409 (dist_match: 0.5719, actual_pos: 56.4%, pred_pos: 99.2%)
  Collapse penalty: 0.000000 (threshold: 0.005000)
  Saved validation predictions to: experiments/12b_feature_sweep/market_only_daily_7q_h1_d015_s42/collapse_monitoring/val_predictions_epoch74.npy
  Gradient norms:
    lstm_encoder: 0.024973
    lstm_decoder: 0.012713
    output_layer: 0.105027
  VSN output std:
    encoder: 0.293207
  Attention entropy: 2.907666
  Saved to: experiments/12b_feature_sweep/market_only_daily_7q_h1_d015_s42/collapse_monitoring/collapse_monitor_latest.json
[DEBUG CollapseMonitor] on_validation_epoch_start called for epoch 75
[DEBUG CollapseMonitor] reset_temporal_state() called on loss function
Epoch 75: val_loss=0.45165157318115234
Epoch 75: train_loss=0.43147554993629456

[CollapseMonitor] Epoch 75
  [DEBUG] Processed 15 batches from val_dataloader
  [DEBUG] Predictions shape after concat: (911,)
  Pred std: 0.054904, range: 0.309951, mean: 0.040512
  Pos: 82.1%, Neg: 17.9%, Unique: 908
  Dir Acc: 54.99%, Pred Sharpe: 11.7134
  Composite: 0.4793 (dist_match: 0.7431, actual_pos: 56.4%, pred_pos: 82.1%)
  Collapse penalty: 0.000000 (threshold: 0.005000)
  Saved validation predictions to: experiments/12b_feature_sweep/market_only_daily_7q_h1_d015_s42/collapse_monitoring/val_predictions_epoch75.npy
  Gradient norms:
    lstm_encoder: 0.024575
    lstm_decoder: 0.011721
    output_layer: 0.096193
  VSN output std:
    encoder: 0.293024
  Attention entropy: 2.899496
  Saved to: experiments/12b_feature_sweep/market_only_daily_7q_h1_d015_s42/collapse_monitoring/collapse_monitor_latest.json
[DEBUG CollapseMonitor] on_validation_epoch_start called for epoch 76
[DEBUG CollapseMonitor] reset_temporal_state() called on loss function
Epoch 76: val_loss=0.45063140988349915
Epoch 76: train_loss=0.43218374252319336

[CollapseMonitor] Epoch 76
  [DEBUG] Processed 15 batches from val_dataloader
  [DEBUG] Predictions shape after concat: (911,)
  Pred std: 0.051600, range: 0.277508, mean: 0.105013
  Pos: 100.0%, Neg: 0.0%, Unique: 904
  Dir Acc: 56.42%, Pred Sharpe: 32.3067
  Composite: 0.4413 (dist_match: 0.5642, actual_pos: 56.4%, pred_pos: 100.0%)
  Collapse penalty: 0.000000 (threshold: 0.005000)
  Saved validation predictions to: experiments/12b_feature_sweep/market_only_daily_7q_h1_d015_s42/collapse_monitoring/val_predictions_epoch76.npy
  Gradient norms:
    lstm_encoder: 0.023576
    lstm_decoder: 0.011431
    output_layer: 0.103367
  VSN output std:
    encoder: 0.292976
  Attention entropy: 2.899939
  Saved to: experiments/12b_feature_sweep/market_only_daily_7q_h1_d015_s42/collapse_monitoring/collapse_monitor_latest.json
[DEBUG CollapseMonitor] on_validation_epoch_start called for epoch 77
[DEBUG CollapseMonitor] reset_temporal_state() called on loss function
Epoch 77: val_loss=0.4518726170063019
Epoch 77: train_loss=0.432242751121521

[CollapseMonitor] Epoch 77
  [DEBUG] Processed 15 batches from val_dataloader
  [DEBUG] Predictions shape after concat: (911,)
  Pred std: 0.054070, range: 0.305444, mean: 0.065025
  Pos: 98.6%, Neg: 1.4%, Unique: 908
  Dir Acc: 56.31%, Pred Sharpe: 19.0909
  Composite: 0.4444 (dist_match: 0.5785, actual_pos: 56.4%, pred_pos: 98.6%)
  Collapse penalty: 0.000000 (threshold: 0.005000)
  Saved validation predictions to: experiments/12b_feature_sweep/market_only_daily_7q_h1_d015_s42/collapse_monitoring/val_predictions_epoch77.npy
  Gradient norms:
    lstm_encoder: 0.029228
    lstm_decoder: 0.014348
    output_layer: 0.105114
  VSN output std:
    encoder: 0.292981
  Attention entropy: 2.905591
  Saved to: experiments/12b_feature_sweep/market_only_daily_7q_h1_d015_s42/collapse_monitoring/collapse_monitor_latest.json
[DEBUG CollapseMonitor] on_validation_epoch_start called for epoch 78
[DEBUG CollapseMonitor] reset_temporal_state() called on loss function
Epoch 78: val_loss=0.4519330859184265
Epoch 78: train_loss=0.43165072798728943

[CollapseMonitor] Epoch 78
  [DEBUG] Processed 15 batches from val_dataloader
  [DEBUG] Predictions shape after concat: (911,)
  Pred std: 0.051190, range: 0.282365, mean: 0.071353
  Pos: 100.0%, Neg: 0.0%, Unique: 909
  Dir Acc: 56.42%, Pred Sharpe: 22.1271
  Composite: 0.4413 (dist_match: 0.5642, actual_pos: 56.4%, pred_pos: 100.0%)
  Collapse penalty: 0.000000 (threshold: 0.005000)
  Saved validation predictions to: experiments/12b_feature_sweep/market_only_daily_7q_h1_d015_s42/collapse_monitoring/val_predictions_epoch78.npy
  Gradient norms:
    lstm_encoder: 0.028653
    lstm_decoder: 0.013552
    output_layer: 0.101707
  VSN output std:
    encoder: 0.293009
  Attention entropy: 2.905212
  Saved to: experiments/12b_feature_sweep/market_only_daily_7q_h1_d015_s42/collapse_monitoring/collapse_monitor_latest.json
[DEBUG CollapseMonitor] on_validation_epoch_start called for epoch 79
[DEBUG CollapseMonitor] reset_temporal_state() called on loss function
Epoch 79: val_loss=0.4511178433895111
Epoch 79: train_loss=0.43313363194465637

[CollapseMonitor] Epoch 79
  [DEBUG] Processed 15 batches from val_dataloader
  [DEBUG] Predictions shape after concat: (911,)
  Pred std: 0.046176, range: 0.262809, mean: 0.042527
  Pos: 85.7%, Neg: 14.3%, Unique: 906
  Dir Acc: 54.88%, Pred Sharpe: 14.6201
  Composite: 0.4684 (dist_match: 0.7069, actual_pos: 56.4%, pred_pos: 85.7%)
  Collapse penalty: 0.000000 (threshold: 0.005000)
  Saved validation predictions to: experiments/12b_feature_sweep/market_only_daily_7q_h1_d015_s42/collapse_monitoring/val_predictions_epoch79.npy
  Gradient norms:
    lstm_encoder: 0.030020
    lstm_decoder: 0.013521
    output_layer: 0.101479
  VSN output std:
    encoder: 0.292013
  Attention entropy: 2.916070
  Saved to: experiments/12b_feature_sweep/market_only_daily_7q_h1_d015_s42/collapse_monitoring/collapse_monitor_latest.json
[DEBUG CollapseMonitor] on_validation_epoch_start called for epoch 80
[DEBUG CollapseMonitor] reset_temporal_state() called on loss function
Epoch 80: val_loss=0.45260435342788696
Epoch 80: train_loss=0.43297064304351807

[CollapseMonitor] Epoch 80
  [DEBUG] Processed 15 batches from val_dataloader
  [DEBUG] Predictions shape after concat: (911,)
  Pred std: 0.051876, range: 0.288654, mean: 0.069667
  Pos: 99.5%, Neg: 0.5%, Unique: 907
  Dir Acc: 56.09%, Pred Sharpe: 21.3188
  Composite: 0.4402 (dist_match: 0.5697, actual_pos: 56.4%, pred_pos: 99.5%)
  Collapse penalty: 0.000000 (threshold: 0.005000)
  Saved validation predictions to: experiments/12b_feature_sweep/market_only_daily_7q_h1_d015_s42/collapse_monitoring/val_predictions_epoch80.npy
  Gradient norms:
    lstm_encoder: 0.028798
    lstm_decoder: 0.012666
    output_layer: 0.103181
  VSN output std:
    encoder: 0.292223
  Attention entropy: 2.900177
  Saved to: experiments/12b_feature_sweep/market_only_daily_7q_h1_d015_s42/collapse_monitoring/collapse_monitor_latest.json
[DEBUG CollapseMonitor] on_validation_epoch_start called for epoch 81
[DEBUG CollapseMonitor] reset_temporal_state() called on loss function
Epoch 81: val_loss=0.4516892433166504
Epoch 81: train_loss=0.432172954082489

[CollapseMonitor] Epoch 81
  [DEBUG] Processed 15 batches from val_dataloader
  [DEBUG] Predictions shape after concat: (911,)
  Pred std: 0.049317, range: 0.278984, mean: 0.059831
  Pos: 98.0%, Neg: 2.0%, Unique: 908
  Dir Acc: 55.76%, Pred Sharpe: 19.2587
  Composite: 0.4416 (dist_match: 0.5840, actual_pos: 56.4%, pred_pos: 98.0%)
  Collapse penalty: 0.000000 (threshold: 0.005000)
  Saved validation predictions to: experiments/12b_feature_sweep/market_only_daily_7q_h1_d015_s42/collapse_monitoring/val_predictions_epoch81.npy
  Gradient norms:
    lstm_encoder: 0.030485
    lstm_decoder: 0.013151
    output_layer: 0.105057
  VSN output std:
    encoder: 0.292075
  Attention entropy: 2.910564
  Saved to: experiments/12b_feature_sweep/market_only_daily_7q_h1_d015_s42/collapse_monitoring/collapse_monitor_latest.json
[DEBUG CollapseMonitor] on_validation_epoch_start called for epoch 82
[DEBUG CollapseMonitor] reset_temporal_state() called on loss function
Epoch 82: val_loss=0.45004260540008545
Epoch 82: train_loss=0.4316391050815582

[CollapseMonitor] Epoch 82
  [DEBUG] Processed 15 batches from val_dataloader
  [DEBUG] Predictions shape after concat: (911,)
  Pred std: 0.049895, range: 0.287787, mean: 0.064985
  Pos: 99.3%, Neg: 0.7%, Unique: 909
  Dir Acc: 55.98%, Pred Sharpe: 20.6757
  Composite: 0.4397 (dist_match: 0.5708, actual_pos: 56.4%, pred_pos: 99.3%)
  Collapse penalty: 0.000000 (threshold: 0.005000)
  Saved validation predictions to: experiments/12b_feature_sweep/market_only_daily_7q_h1_d015_s42/collapse_monitoring/val_predictions_epoch82.npy
  Gradient norms:
    lstm_encoder: 0.029457
    lstm_decoder: 0.013370
    output_layer: 0.097904
  VSN output std:
    encoder: 0.291721
  Attention entropy: 2.914723
  Saved to: experiments/12b_feature_sweep/market_only_daily_7q_h1_d015_s42/collapse_monitoring/collapse_monitor_latest.json
[DEBUG CollapseMonitor] on_validation_epoch_start called for epoch 83
[DEBUG CollapseMonitor] reset_temporal_state() called on loss function
Epoch 83: val_loss=0.44991442561149597
Epoch 83: train_loss=0.43080323934555054

[CollapseMonitor] Epoch 83
  [DEBUG] Processed 15 batches from val_dataloader
  [DEBUG] Predictions shape after concat: (911,)
  Pred std: 0.051731, range: 0.290087, mean: 0.083356
  Pos: 100.0%, Neg: 0.0%, Unique: 905
  Dir Acc: 56.42%, Pred Sharpe: 25.5793
  Composite: 0.4413 (dist_match: 0.5642, actual_pos: 56.4%, pred_pos: 100.0%)
  Collapse penalty: 0.000000 (threshold: 0.005000)
  Saved validation predictions to: experiments/12b_feature_sweep/market_only_daily_7q_h1_d015_s42/collapse_monitoring/val_predictions_epoch83.npy
  Gradient norms:
    lstm_encoder: 0.026501
    lstm_decoder: 0.013254
    output_layer: 0.098657
  VSN output std:
    encoder: 0.291415
  Attention entropy: 2.907573
  Saved to: experiments/12b_feature_sweep/market_only_daily_7q_h1_d015_s42/collapse_monitoring/collapse_monitor_latest.json
[DEBUG CollapseMonitor] on_validation_epoch_start called for epoch 84
[DEBUG CollapseMonitor] reset_temporal_state() called on loss function
Epoch 84: val_loss=0.4502030909061432
Epoch 84: train_loss=0.4288643002510071

[CollapseMonitor] Epoch 84
  [DEBUG] Processed 15 batches from val_dataloader
  [DEBUG] Predictions shape after concat: (911,)
  Pred std: 0.057216, range: 0.330844, mean: 0.057427
  Pos: 93.7%, Neg: 6.3%, Unique: 903
  Dir Acc: 55.43%, Pred Sharpe: 15.9328
  Composite: 0.4509 (dist_match: 0.6268, actual_pos: 56.4%, pred_pos: 93.7%)
  Collapse penalty: 0.000000 (threshold: 0.005000)
  Saved validation predictions to: experiments/12b_feature_sweep/market_only_daily_7q_h1_d015_s42/collapse_monitoring/val_predictions_epoch84.npy
  Gradient norms:
    lstm_encoder: 0.028350
    lstm_decoder: 0.012923
    output_layer: 0.096152
  VSN output std:
    encoder: 0.291604
  Attention entropy: 2.907156
  Saved to: experiments/12b_feature_sweep/market_only_daily_7q_h1_d015_s42/collapse_monitoring/collapse_monitor_latest.json
[DEBUG CollapseMonitor] on_validation_epoch_start called for epoch 85
[DEBUG CollapseMonitor] reset_temporal_state() called on loss function
Epoch 85: val_loss=0.45053014159202576
Epoch 85: train_loss=0.4306904375553131

[CollapseMonitor] Epoch 85
  [DEBUG] Processed 15 batches from val_dataloader
  [DEBUG] Predictions shape after concat: (911,)
  Pred std: 0.059493, range: 0.339533, mean: 0.062303
  Pos: 94.7%, Neg: 5.3%, Unique: 904
  Dir Acc: 55.54%, Pred Sharpe: 16.6243
  Composite: 0.4490 (dist_match: 0.6169, actual_pos: 56.4%, pred_pos: 94.7%)
  Collapse penalty: 0.000000 (threshold: 0.005000)
  Saved validation predictions to: experiments/12b_feature_sweep/market_only_daily_7q_h1_d015_s42/collapse_monitoring/val_predictions_epoch85.npy
  Gradient norms:
    lstm_encoder: 0.029204
    lstm_decoder: 0.011734
    output_layer: 0.095598
  VSN output std:
    encoder: 0.291468
  Attention entropy: 2.902395
  Saved to: experiments/12b_feature_sweep/market_only_daily_7q_h1_d015_s42/collapse_monitoring/collapse_monitor_latest.json
[DEBUG CollapseMonitor] on_validation_epoch_start called for epoch 86
[DEBUG CollapseMonitor] reset_temporal_state() called on loss function
Epoch 86: val_loss=0.45002663135528564
Epoch 86: train_loss=0.4302217662334442

[CollapseMonitor] Epoch 86
  [DEBUG] Processed 15 batches from val_dataloader
  [DEBUG] Predictions shape after concat: (911,)
  Pred std: 0.059661, range: 0.341227, mean: 0.065937
  Pos: 95.3%, Neg: 4.7%, Unique: 907
  Dir Acc: 55.87%, Pred Sharpe: 17.5445
  Composite: 0.4502 (dist_match: 0.6114, actual_pos: 56.4%, pred_pos: 95.3%)
  Collapse penalty: 0.000000 (threshold: 0.005000)
  Saved validation predictions to: experiments/12b_feature_sweep/market_only_daily_7q_h1_d015_s42/collapse_monitoring/val_predictions_epoch86.npy
  Gradient norms:
    lstm_encoder: 0.030353
    lstm_decoder: 0.012646
    output_layer: 0.089045
  VSN output std:
    encoder: 0.291112
  Attention entropy: 2.907041
  Saved to: experiments/12b_feature_sweep/market_only_daily_7q_h1_d015_s42/collapse_monitoring/collapse_monitor_latest.json
[DEBUG CollapseMonitor] on_validation_epoch_start called for epoch 87
[DEBUG CollapseMonitor] reset_temporal_state() called on loss function
Epoch 87: val_loss=0.450228750705719
Epoch 87: train_loss=0.4312034249305725

[CollapseMonitor] Epoch 87
  [DEBUG] Processed 15 batches from val_dataloader
  [DEBUG] Predictions shape after concat: (911,)
  Pred std: 0.060453, range: 0.344040, mean: 0.053542
  Pos: 87.3%, Neg: 12.7%, Unique: 905
  Dir Acc: 55.98%, Pred Sharpe: 14.0598
  Composite: 0.4735 (dist_match: 0.6915, actual_pos: 56.4%, pred_pos: 87.3%)
  Collapse penalty: 0.000000 (threshold: 0.005000)
  Saved validation predictions to: experiments/12b_feature_sweep/market_only_daily_7q_h1_d015_s42/collapse_monitoring/val_predictions_epoch87.npy
  Gradient norms:
    lstm_encoder: 0.032735
    lstm_decoder: 0.013280
    output_layer: 0.095024
  VSN output std:
    encoder: 0.290799
  Attention entropy: 2.904318
  Saved to: experiments/12b_feature_sweep/market_only_daily_7q_h1_d015_s42/collapse_monitoring/collapse_monitor_latest.json
[DEBUG CollapseMonitor] on_validation_epoch_start called for epoch 88
[DEBUG CollapseMonitor] reset_temporal_state() called on loss function
Epoch 88: val_loss=0.45004260540008545
Epoch 88: train_loss=0.43146905303001404

[CollapseMonitor] Epoch 88
  [DEBUG] Processed 15 batches from val_dataloader
  [DEBUG] Predictions shape after concat: (911,)
  Pred std: 0.061207, range: 0.343002, mean: 0.062244
  Pos: 91.4%, Neg: 8.6%, Unique: 909
  Dir Acc: 55.54%, Pred Sharpe: 16.1434
  Composite: 0.4582 (dist_match: 0.6498, actual_pos: 56.4%, pred_pos: 91.4%)
  Collapse penalty: 0.000000 (threshold: 0.005000)
  Saved validation predictions to: experiments/12b_feature_sweep/market_only_daily_7q_h1_d015_s42/collapse_monitoring/val_predictions_epoch88.npy
  Gradient norms:
    lstm_encoder: 0.035305
    lstm_decoder: 0.015097
    output_layer: 0.106168
  VSN output std:
    encoder: 0.290806
  Attention entropy: 2.904075
  Saved to: experiments/12b_feature_sweep/market_only_daily_7q_h1_d015_s42/collapse_monitoring/collapse_monitor_latest.json
[DEBUG CollapseMonitor] on_validation_epoch_start called for epoch 89
[DEBUG CollapseMonitor] reset_temporal_state() called on loss function
Epoch 89: val_loss=0.4493744969367981
Epoch 89: train_loss=0.4302303194999695

[CollapseMonitor] Epoch 89
  [DEBUG] Processed 15 batches from val_dataloader
  [DEBUG] Predictions shape after concat: (911,)
  Pred std: 0.062496, range: 0.352149, mean: 0.051566
  Pos: 84.6%, Neg: 15.4%, Unique: 904
  Dir Acc: 55.54%, Pred Sharpe: 13.0980
  Composite: 0.4771 (dist_match: 0.7179, actual_pos: 56.4%, pred_pos: 84.6%)
  Collapse penalty: 0.000000 (threshold: 0.005000)
  Saved validation predictions to: experiments/12b_feature_sweep/market_only_daily_7q_h1_d015_s42/collapse_monitoring/val_predictions_epoch89.npy
  Gradient norms:
    lstm_encoder: 0.030836
    lstm_decoder: 0.013691
    output_layer: 0.099424
  VSN output std:
    encoder: 0.290979
  Attention entropy: 2.904443
  Saved to: experiments/12b_feature_sweep/market_only_daily_7q_h1_d015_s42/collapse_monitoring/collapse_monitor_latest.json
[DEBUG CollapseMonitor] on_validation_epoch_start called for epoch 90
[DEBUG CollapseMonitor] reset_temporal_state() called on loss function
Epoch 90: val_loss=0.44864609837532043
Epoch 90: train_loss=0.43162789940834045

[CollapseMonitor] Epoch 90
  [DEBUG] Processed 15 batches from val_dataloader
  [DEBUG] Predictions shape after concat: (911,)
  Pred std: 0.064458, range: 0.357851, mean: 0.065593
  Pos: 91.8%, Neg: 8.2%, Unique: 910
  Dir Acc: 55.21%, Pred Sharpe: 16.1540
  Composite: 0.4546 (dist_match: 0.6465, actual_pos: 56.4%, pred_pos: 91.8%)
  Collapse penalty: 0.000000 (threshold: 0.005000)
  Saved validation predictions to: experiments/12b_feature_sweep/market_only_daily_7q_h1_d015_s42/collapse_monitoring/val_predictions_epoch90.npy
  Gradient norms:
    lstm_encoder: 0.029808
    lstm_decoder: 0.012768
    output_layer: 0.089935
  VSN output std:
    encoder: 0.290765
  Attention entropy: 2.901930
  Saved to: experiments/12b_feature_sweep/market_only_daily_7q_h1_d015_s42/collapse_monitoring/collapse_monitor_latest.json
[DEBUG CollapseMonitor] on_validation_epoch_start called for epoch 91
[DEBUG CollapseMonitor] reset_temporal_state() called on loss function
Epoch 91: val_loss=0.4501814842224121
Epoch 91: train_loss=0.43148717284202576

[CollapseMonitor] Epoch 91
  [DEBUG] Processed 15 batches from val_dataloader
  [DEBUG] Predictions shape after concat: (911,)
  Pred std: 0.063562, range: 0.360430, mean: 0.047996
  Pos: 82.5%, Neg: 17.5%, Unique: 907
  Dir Acc: 55.21%, Pred Sharpe: 11.9868
  Composite: 0.4800 (dist_match: 0.7387, actual_pos: 56.4%, pred_pos: 82.5%)
  Collapse penalty: 0.000000 (threshold: 0.005000)
  Saved validation predictions to: experiments/12b_feature_sweep/market_only_daily_7q_h1_d015_s42/collapse_monitoring/val_predictions_epoch91.npy
  Gradient norms:
    lstm_encoder: 0.033683
    lstm_decoder: 0.013491
    output_layer: 0.104539
  VSN output std:
    encoder: 0.290418
  Attention entropy: 2.905013
  Saved to: experiments/12b_feature_sweep/market_only_daily_7q_h1_d015_s42/collapse_monitoring/collapse_monitor_latest.json
[DEBUG CollapseMonitor] on_validation_epoch_start called for epoch 92
[DEBUG CollapseMonitor] reset_temporal_state() called on loss function
Epoch 92: val_loss=0.44976162910461426
Epoch 92: train_loss=0.4315802752971649

[CollapseMonitor] Epoch 92
  [DEBUG] Processed 15 batches from val_dataloader
  [DEBUG] Predictions shape after concat: (911,)
  Pred std: 0.059680, range: 0.333845, mean: 0.054740
  Pos: 85.9%, Neg: 14.1%, Unique: 907
  Dir Acc: 55.32%, Pred Sharpe: 14.5605
  Composite: 0.4716 (dist_match: 0.7047, actual_pos: 56.4%, pred_pos: 85.9%)
  Collapse penalty: 0.000000 (threshold: 0.005000)
  Saved validation predictions to: experiments/12b_feature_sweep/market_only_daily_7q_h1_d015_s42/collapse_monitoring/val_predictions_epoch92.npy
  Gradient norms:
    lstm_encoder: 0.032053
    lstm_decoder: 0.013278
    output_layer: 0.095152
  VSN output std:
    encoder: 0.290540
  Attention entropy: 2.901720
  Saved to: experiments/12b_feature_sweep/market_only_daily_7q_h1_d015_s42/collapse_monitoring/collapse_monitor_latest.json
[DEBUG CollapseMonitor] on_validation_epoch_start called for epoch 93
[DEBUG CollapseMonitor] reset_temporal_state() called on loss function
Epoch 93: val_loss=0.4497608542442322
Epoch 93: train_loss=0.4307270050048828

[CollapseMonitor] Epoch 93
  [DEBUG] Processed 15 batches from val_dataloader
  [DEBUG] Predictions shape after concat: (911,)
  Pred std: 0.062389, range: 0.351165, mean: 0.070413
  Pos: 94.1%, Neg: 5.9%, Unique: 910
  Dir Acc: 55.76%, Pred Sharpe: 17.9163
  Composite: 0.4527 (dist_match: 0.6235, actual_pos: 56.4%, pred_pos: 94.1%)
  Collapse penalty: 0.000000 (threshold: 0.005000)
  Saved validation predictions to: experiments/12b_feature_sweep/market_only_daily_7q_h1_d015_s42/collapse_monitoring/val_predictions_epoch93.npy
  Gradient norms:
    lstm_encoder: 0.032962
    lstm_decoder: 0.014858
    output_layer: 0.098151
  VSN output std:
    encoder: 0.290276
  Attention entropy: 2.907084
  Saved to: experiments/12b_feature_sweep/market_only_daily_7q_h1_d015_s42/collapse_monitoring/collapse_monitor_latest.json
[DEBUG CollapseMonitor] on_validation_epoch_start called for epoch 94
[DEBUG CollapseMonitor] reset_temporal_state() called on loss function
Epoch 94: val_loss=0.44950783252716064
Epoch 94: train_loss=0.43039658665657043

[CollapseMonitor] Epoch 94
  [DEBUG] Processed 15 batches from val_dataloader
  [DEBUG] Predictions shape after concat: (911,)
  Pred std: 0.061776, range: 0.350030, mean: 0.051766
  Pos: 84.4%, Neg: 15.6%, Unique: 901
  Dir Acc: 55.10%, Pred Sharpe: 13.3021
  Composite: 0.4739 (dist_match: 0.7201, actual_pos: 56.4%, pred_pos: 84.4%)
  Collapse penalty: 0.000000 (threshold: 0.005000)
  Saved validation predictions to: experiments/12b_feature_sweep/market_only_daily_7q_h1_d015_s42/collapse_monitoring/val_predictions_epoch94.npy
  Gradient norms:
    lstm_encoder: 0.033214
    lstm_decoder: 0.014285
    output_layer: 0.100753
  VSN output std:
    encoder: 0.289977
  Attention entropy: 2.896931
  Saved to: experiments/12b_feature_sweep/market_only_daily_7q_h1_d015_s42/collapse_monitoring/collapse_monitor_latest.json
[DEBUG CollapseMonitor] on_validation_epoch_start called for epoch 95
[DEBUG CollapseMonitor] reset_temporal_state() called on loss function
Epoch 95: val_loss=0.4501838684082031
Epoch 95: train_loss=0.43090400099754333

[CollapseMonitor] Epoch 95
  [DEBUG] Processed 15 batches from val_dataloader
  [DEBUG] Predictions shape after concat: (911,)
  Pred std: 0.060183, range: 0.334135, mean: 0.067318
  Pos: 92.8%, Neg: 7.2%, Unique: 907
  Dir Acc: 55.98%, Pred Sharpe: 17.7563
  Composite: 0.4581 (dist_match: 0.6367, actual_pos: 56.4%, pred_pos: 92.8%)
  Collapse penalty: 0.000000 (threshold: 0.005000)
  Saved validation predictions to: experiments/12b_feature_sweep/market_only_daily_7q_h1_d015_s42/collapse_monitoring/val_predictions_epoch95.npy
  Gradient norms:
    lstm_encoder: 0.033948
    lstm_decoder: 0.014188
    output_layer: 0.097074
  VSN output std:
    encoder: 0.289751
  Attention entropy: 2.890924
  Saved to: experiments/12b_feature_sweep/market_only_daily_7q_h1_d015_s42/collapse_monitoring/collapse_monitor_latest.json
[DEBUG CollapseMonitor] on_validation_epoch_start called for epoch 96
[DEBUG CollapseMonitor] reset_temporal_state() called on loss function
Epoch 96: val_loss=0.44914332032203674
Epoch 96: train_loss=0.429472953081131

[CollapseMonitor] Epoch 96
  [DEBUG] Processed 15 batches from val_dataloader
  [DEBUG] Predictions shape after concat: (911,)
  Pred std: 0.058267, range: 0.326763, mean: 0.062796
  Pos: 91.1%, Neg: 8.9%, Unique: 907
  Dir Acc: 55.65%, Pred Sharpe: 17.1086
  Composite: 0.4600 (dist_match: 0.6531, actual_pos: 56.4%, pred_pos: 91.1%)
  Collapse penalty: 0.000000 (threshold: 0.005000)
  Saved validation predictions to: experiments/12b_feature_sweep/market_only_daily_7q_h1_d015_s42/collapse_monitoring/val_predictions_epoch96.npy
  Gradient norms:
    lstm_encoder: 0.034296
    lstm_decoder: 0.014609
    output_layer: 0.096265
  VSN output std:
    encoder: 0.289407
  Attention entropy: 2.896472
  Saved to: experiments/12b_feature_sweep/market_only_daily_7q_h1_d015_s42/collapse_monitoring/collapse_monitor_latest.json
[DEBUG CollapseMonitor] on_validation_epoch_start called for epoch 97
[DEBUG CollapseMonitor] reset_temporal_state() called on loss function
Epoch 97: val_loss=0.449037104845047
Epoch 97: train_loss=0.4301471412181854

[CollapseMonitor] Epoch 97
  [DEBUG] Processed 15 batches from val_dataloader
  [DEBUG] Predictions shape after concat: (911,)
  Pred std: 0.059714, range: 0.335287, mean: 0.067465
  Pos: 93.5%, Neg: 6.5%, Unique: 910
  Dir Acc: 56.31%, Pred Sharpe: 17.9351
  Composite: 0.4587 (dist_match: 0.6290, actual_pos: 56.4%, pred_pos: 93.5%)
  Collapse penalty: 0.000000 (threshold: 0.005000)
  Saved validation predictions to: experiments/12b_feature_sweep/market_only_daily_7q_h1_d015_s42/collapse_monitoring/val_predictions_epoch97.npy
  Gradient norms:
    lstm_encoder: 0.032898
    lstm_decoder: 0.014739
    output_layer: 0.098553
  VSN output std:
    encoder: 0.289384
  Attention entropy: 2.892669
  Saved to: experiments/12b_feature_sweep/market_only_daily_7q_h1_d015_s42/collapse_monitoring/collapse_monitor_latest.json
[DEBUG CollapseMonitor] on_validation_epoch_start called for epoch 98
[DEBUG CollapseMonitor] reset_temporal_state() called on loss function
Epoch 98: val_loss=0.44928762316703796
Epoch 98: train_loss=0.4298778474330902

[CollapseMonitor] Epoch 98
  [DEBUG] Processed 15 batches from val_dataloader
  [DEBUG] Predictions shape after concat: (911,)
  Pred std: 0.059577, range: 0.332782, mean: 0.064669
  Pos: 91.8%, Neg: 8.2%, Unique: 909
  Dir Acc: 55.65%, Pred Sharpe: 17.2313
  Composite: 0.4582 (dist_match: 0.6465, actual_pos: 56.4%, pred_pos: 91.8%)
  Collapse penalty: 0.000000 (threshold: 0.005000)
  Saved validation predictions to: experiments/12b_feature_sweep/market_only_daily_7q_h1_d015_s42/collapse_monitoring/val_predictions_epoch98.npy
  Gradient norms:
    lstm_encoder: 0.032085
    lstm_decoder: 0.012715
    output_layer: 0.092116
  VSN output std:
    encoder: 0.289386
  Attention entropy: 2.891763
  Saved to: experiments/12b_feature_sweep/market_only_daily_7q_h1_d015_s42/collapse_monitoring/collapse_monitor_latest.json
[DEBUG CollapseMonitor] on_validation_epoch_start called for epoch 99
[DEBUG CollapseMonitor] reset_temporal_state() called on loss function
Epoch 99: val_loss=0.44914236664772034
Epoch 99: train_loss=0.43015822768211365

[CollapseMonitor] Epoch 99
  [DEBUG] Processed 15 batches from val_dataloader
  [DEBUG] Predictions shape after concat: (911,)
  Pred std: 0.059260, range: 0.329548, mean: 0.067854
  Pos: 92.9%, Neg: 7.1%, Unique: 908
  Dir Acc: 55.65%, Pred Sharpe: 18.1764
  Composite: 0.4551 (dist_match: 0.6356, actual_pos: 56.4%, pred_pos: 92.9%)
  Collapse penalty: 0.000000 (threshold: 0.005000)
  Saved validation predictions to: experiments/12b_feature_sweep/market_only_daily_7q_h1_d015_s42/collapse_monitoring/val_predictions_epoch99.npy
  Gradient norms:
    lstm_encoder: 0.034278
    lstm_decoder: 0.013582
    output_layer: 0.098276
  VSN output std:
    encoder: 0.289112
  Attention entropy: 2.896101
  Saved to: experiments/12b_feature_sweep/market_only_daily_7q_h1_d015_s42/collapse_monitoring/collapse_monitor_latest.json


======================================================================
Training complete
======================================================================

Best val_loss checkpoint: experiments/12b_feature_sweep/market_only_daily_7q_h1_d015_s42/checkpoints/tft-epoch=epoch=90-valloss=val_loss=0.4486.ckpt
Best validation loss: 0.448646
Checkpoints saved:
  - Best val_loss: experiments/12b_feature_sweep/market_only_daily_7q_h1_d015_s42/checkpoints/tft-epoch=epoch=90-valloss=val_loss=0.4486.ckpt
  - Best pred_std: experiments/12b_feature_sweep/market_only_daily_7q_h1_d015_s42/checkpoints/tft-epoch=epoch=90-predstd=val_pred_std=0.0645.ckpt
  - Best unique: experiments/12b_feature_sweep/market_only_daily_7q_h1_d015_s42/checkpoints/tft-epoch=epoch=66-unique=val_num_unique=910.ckpt
  - Best dir_acc: experiments/12b_feature_sweep/market_only_daily_7q_h1_d015_s42/checkpoints/tft-epoch=epoch=49-diracc=val_dir_acc=0.5675.ckpt
  - Best sharpe: experiments/12b_feature_sweep/market_only_daily_7q_h1_d015_s42/checkpoints/tft-epoch=epoch=27-sharpe=val_sharpe=49.4977.ckpt
  - Best composite: experiments/12b_feature_sweep/market_only_daily_7q_h1_d015_s42/checkpoints/tft-epoch=epoch=03-composite=val_composite=0.4873.ckpt
Completed at: 2025-12-13 20:08:33
Log saved to: experiments/12b_feature_sweep/market_only_daily_7q_h1_d015_s42/training_20251213_193918.log
======================================================================
