{
  "period_statistics": {
    "2020": {
      "n_samples": 92,
      "entropy_mean": 2.9903109073638916,
      "entropy_std": 0.008899561129510403,
      "attention_concentration": 0.0500016026198864,
      "top_features": [
        [
          "t-18",
          0.05040127411484718
        ],
        [
          "t-17",
          0.050387702882289886
        ],
        [
          "t-19",
          0.05034312978386879
        ],
        [
          "t-16",
          0.05030421167612076
        ],
        [
          "t-1",
          0.05021987110376358
        ]
      ],
      "mean_attention": [
        0.0491008497774601,
        0.05034312978386879,
        0.05040127411484718,
        0.050387702882289886,
        0.05030421167612076,
        0.05020185559988022,
        0.05011024698615074,
        0.050024062395095825,
        0.04996288940310478,
        0.04990566149353981,
        0.04986272007226944,
        0.0498383454978466,
        0.049823977053165436,
        0.04983476549386978,
        0.04985303059220314,
        0.04986179992556572,
        0.049904290586709976,
        0.04997289180755615,
        0.05008640140295029,
        0.05021987110376358
      ],
      "std_attention": [
        0.006698876619338989,
        0.005815359763801098,
        0.005492205265909433,
        0.00531900255009532,
        0.005269828252494335,
        0.005282531026750803,
        0.005289922468364239,
        0.005283370614051819,
        0.00527591910213232,
        0.005261741578578949,
        0.005249470006674528,
        0.005231432616710663,
        0.005225991830229759,
        0.005222289822995663,
        0.005225795786827803,
        0.0052153789438307285,
        0.005365224089473486,
        0.005640292074531317,
        0.0061056846752762794,
        0.006643766071647406
      ]
    },
    "2021": {
      "n_samples": 250,
      "entropy_mean": 2.993767499923706,
      "entropy_std": 0.0033503586892038584,
      "attention_concentration": 0.05003207176923752,
      "top_features": [
        [
          "t-1",
          0.05142437294125557
        ],
        [
          "t-2",
          0.051274750381708145
        ],
        [
          "t-3",
          0.051132868975400925
        ],
        [
          "t-4",
          0.051002759486436844
        ],
        [
          "t-5",
          0.05088391900062561
        ]
      ],
      "mean_attention": [
        0.045945242047309875,
        0.04796332120895386,
        0.0486510768532753,
        0.04915376752614975,
        0.049491554498672485,
        0.04974277317523956,
        0.04991781711578369,
        0.050060417503118515,
        0.050180092453956604,
        0.05028031766414642,
        0.050375208258628845,
        0.05047650262713432,
        0.05058274045586586,
        0.05068197101354599,
        0.050778504461050034,
        0.05088391900062561,
        0.051002759486436844,
        0.051132868975400925,
        0.051274750381708145,
        0.05142437294125557
      ],
      "std_attention": [
        0.0027288738638162613,
        0.002652198076248169,
        0.002696732757613063,
        0.002752678468823433,
        0.002816556952893734,
        0.00286701787263155,
        0.0029097034130245447,
        0.0029385038651525974,
        0.002950649941340089,
        0.0029697956051677465,
        0.0029867365956306458,
        0.003007944207638502,
        0.0030402273405343294,
        0.0030825119465589523,
        0.0031267593149095774,
        0.0031741447746753693,
        0.00321582262404263,
        0.0033024088479578495,
        0.003475391771644354,
        0.00359712028875947
      ]
    },
    "2022": {
      "n_samples": 249,
      "entropy_mean": 2.989339590072632,
      "entropy_std": 0.006311757955700159,
      "attention_concentration": 0.05004081875085831,
      "top_features": [
        [
          "t-1",
          0.05258427560329437
        ],
        [
          "t-2",
          0.05222293734550476
        ],
        [
          "t-3",
          0.05188753828406334
        ],
        [
          "t-4",
          0.051565613597631454
        ],
        [
          "t-5",
          0.05126584693789482
        ]
      ],
      "mean_attention": [
        0.04717661440372467,
        0.04790908098220825,
        0.048357315361499786,
        0.04868656396865845,
        0.0489172600209713,
        0.04908433184027672,
        0.04925070330500603,
        0.049421876668930054,
        0.049585290253162384,
        0.049768634140491486,
        0.04998243600130081,
        0.050210557878017426,
        0.05044874548912048,
        0.0507037378847599,
        0.05097062140703201,
        0.05126584693789482,
        0.051565613597631454,
        0.05188753828406334,
        0.05222293734550476,
        0.05258427560329437
      ],
      "std_attention": [
        0.00726175494492054,
        0.006161446217447519,
        0.005952329374849796,
        0.005742677487432957,
        0.005567445885390043,
        0.005405459553003311,
        0.005254589952528477,
        0.005148155614733696,
        0.005064033903181553,
        0.005003674887120724,
        0.005037403199821711,
        0.0051398673094809055,
        0.005230277311056852,
        0.00534421019256115,
        0.005467627197504044,
        0.005585985258221626,
        0.005756225436925888,
        0.006001652684062719,
        0.006233108229935169,
        0.006626378279179335
      ]
    },
    "2023": {
      "n_samples": 249,
      "entropy_mean": 2.9953720569610596,
      "entropy_std": 0.00045769361895509064,
      "attention_concentration": 0.05000252649188042,
      "top_features": [
        [
          "t-1",
          0.05054273456335068
        ],
        [
          "t-2",
          0.05047387629747391
        ],
        [
          "t-3",
          0.05040750652551651
        ],
        [
          "t-4",
          0.050337888300418854
        ],
        [
          "t-5",
          0.0502631813287735
        ]
      ],
      "mean_attention": [
        0.048806801438331604,
        0.049711041152477264,
        0.04988662153482437,
        0.0499577559530735,
        0.049942195415496826,
        0.04990467429161072,
        0.04987451434135437,
        0.049851879477500916,
        0.04986505210399628,
        0.049898285418748856,
        0.049935102462768555,
        0.049987200647592545,
        0.05004534870386124,
        0.05011395364999771,
        0.050194427371025085,
        0.0502631813287735,
        0.050337888300418854,
        0.05040750652551651,
        0.05047387629747391,
        0.05054273456335068
      ],
      "std_attention": [
        0.001720443950034678,
        0.0015605128137394786,
        0.0014917714288458228,
        0.001403339672833681,
        0.0013145318953320384,
        0.0012359219836071134,
        0.0011728284880518913,
        0.001098459935747087,
        0.0010719867423176765,
        0.0010552845196798444,
        0.0010550011647865176,
        0.0010714905802160501,
        0.00109546456951648,
        0.0011327739339321852,
        0.0011731218546628952,
        0.001234120107255876,
        0.001303920173086226,
        0.001388391712680459,
        0.0014804506208747625,
        0.0015806005103513598
      ]
    },
    "2024": {
      "n_samples": 250,
      "entropy_mean": 2.993410587310791,
      "entropy_std": 0.007196751423180103,
      "attention_concentration": 0.05000165477395058,
      "top_features": [
        [
          "t-1",
          0.05042784661054611
        ],
        [
          "t-2",
          0.05037577450275421
        ],
        [
          "t-3",
          0.0503198616206646
        ],
        [
          "t-4",
          0.05026445910334587
        ],
        [
          "t-5",
          0.050213489681482315
        ]
      ],