{
  "period_statistics": {
    "2020": {
      "n_samples": 92,
      "entropy_mean": 2.7629072666168213,
      "entropy_std": 0.23427972197532654,
      "attention_concentration": 0.05082260072231293,
      "top_features": [
        [
          "t-1",
          0.06920202076435089
        ],
        [
          "t-2",
          0.0632614716887474
        ],
        [
          "t-3",
          0.058441244065761566
        ],
        [
          "t-4",
          0.054933030158281326
        ],
        [
          "t-5",
          0.05247073993086815
        ]
      ],
      "mean_attention": [
        0.04557368904352188,
        0.04609322547912598,
        0.04655798524618149,
        0.0468602329492569,
        0.04684441536664963,
        0.04665570333600044,
        0.04636178910732269,
        0.04596671462059021,
        0.046086009591817856,
        0.04600057005882263,
        0.04615959897637367,
        0.046488892287015915,
        0.04707358032464981,
        0.048581041395664215,
        0.05038801580667496,
        0.05247073993086815,
        0.054933030158281326,
        0.058441244065761566,
        0.0632614716887474,
        0.06920202076435089
      ],
      "std_attention": [
        0.03579143062233925,
        0.03466979041695595,
        0.032647863030433655,
        0.03135760873556137,
        0.030495451763272285,
        0.030000733211636543,
        0.029415778815746307,
        0.028862932696938515,
        0.02915283478796482,
        0.029009636491537094,
        0.02932027541100979,
        0.029707469046115875,
        0.03048429638147354,
        0.032313160598278046,
        0.03481590375304222,
        0.03820876032114029,
        0.042523402720689774,
        0.049181632697582245,
        0.060535233467817307,
        0.0764644593000412
      ]
    },
    "2021": {
      "n_samples": 250,
      "entropy_mean": 2.7704408168792725,
      "entropy_std": 0.3317606747150421,
      "attention_concentration": 0.0501856729388237,
      "top_features": [
        [
          "t-1",
          0.05967414379119873
        ],
        [
          "t-2",
          0.056693751364946365
        ],
        [
          "t-3",
          0.05361746996641159
        ],
        [
          "t-4",
          0.051157254725694656
        ],
        [
          "t-5",
          0.05025103688240051
        ]
      ],
      "mean_attention": [
        0.0484892763197422,
        0.04864862188696861,
        0.048509832471609116,
        0.04834415391087532,
        0.048577968031167984,
        0.0484878309071064,
        0.04841075837612152,
        0.048191461712121964,
        0.048090577125549316,
        0.048148512840270996,
        0.04836637154221535,
        0.048541802912950516,
        0.04901276156306267,
        0.049271952360868454,
        0.04951448738574982,
        0.05025103688240051,
        0.051157254725694656,
        0.05361746996641159,
        0.056693751364946365,
        0.05967414379119873
      ],
      "std_attention": [
        0.03373643010854721,
        0.0344645231962204,
        0.032880689948797226,
        0.032015398144721985,
        0.03274824842810631,
        0.032543521374464035,
        0.03291511908173561,
        0.03277600556612015,
        0.033208925276994705,
        0.03347562253475189,
        0.03420323133468628,
        0.03427720442414284,
        0.03573456406593323,
        0.03715866059064865,
        0.038756392896175385,
        0.042127594351768494,
        0.04522416368126869,
        0.054809972643852234,
        0.07051730901002884,
        0.08176691830158234
      ]
    },
    "2022": {
      "n_samples": 249,
      "entropy_mean": 2.61167049407959,
      "entropy_std": 0.350300669670105,
      "attention_concentration": 0.051293063908815384,
      "top_features": [
        [
          "t-1",
          0.07666108012199402
        ],
        [
          "t-2",
          0.065337635576725
        ],
        [
          "t-3",
          0.05853165313601494
        ],
        [
          "t-4",
          0.05424610152840614
        ],
        [
          "t-5",
          0.05145687609910965
        ]
      ],
      "mean_attention": [
        0.04265397787094116,
        0.04332004860043526,
        0.04554664343595505,
        0.047258369624614716,
        0.0477692186832428,
        0.0473833903670311,
        0.0467560850083828,
        0.0462639182806015,
        0.04553675651550293,
        0.04514167830348015,
        0.0454612635076046,
        0.046178512275218964,
        0.046998076140880585,
        0.04805437847971916,
        0.049444250762462616,
        0.05145687609910965,
        0.05424610152840614,
        0.05853165313601494,
        0.065337635576725,
        0.07666108012199402
      ],
      "std_attention": [
        0.04139324650168419,
        0.039785727858543396,
        0.04075240343809128,
        0.04109303280711174,
        0.04023578017950058,
        0.039288852363824844,
        0.038376860320568085,
        0.03782133013010025,
        0.0365775041282177,
        0.035774096846580505,
        0.03635738790035248,
        0.037873879075050354,
        0.039742231369018555,
        0.04172690585255623,
        0.04404180496931076,
        0.04722391813993454,
        0.05282355099916458,
        0.06191248074173927,
        0.07564730942249298,
        0.10860766470432281
      ]
    },
    "2023": {
      "n_samples": 249,
      "entropy_mean": 2.956252336502075,
      "entropy_std": 0.09210706502199173,
      "attention_concentration": 0.05002635717391968,
      "top_features": [
        [
          "t-1",
          0.053172167390584946
        ],
        [
          "t-2",
          0.05233057588338852
        ],
        [
          "t-3",
          0.05159797891974449
        ],
        [
          "t-4",
          0.05101756751537323
        ],
        [
          "t-5",
          0.05053236708045006
        ]
      ],
      "mean_attention": [
        0.05004483461380005,
        0.04959803819656372,
        0.049456991255283356,
        0.04931618273258209,
        0.049215540289878845,
        0.049166735261678696,
        0.049155790358781815,
        0.04894309863448143,
        0.04897270351648331,
        0.049146927893161774,
        0.04926646873354912,
        0.04940367490053177,
        0.04959065467119217,
        0.049851901829242706,
        0.050219886004924774,
        0.05053236708045006,
        0.05101756751537323,
        0.05159797891974449,
        0.05233057588338852,
        0.053172167390584946
      ],
      "std_attention": [
        0.015534373000264168,
        0.014036659151315689,
        0.01340798381716013,
        0.012933758087456226,
        0.01251316163688898,
        0.012329358607530594,
        0.012481525540351868,
        0.01192755438387394,
        0.01217822078615427,
        0.012508067302405834,
        0.012954389676451683,
        0.01334893424063921,
        0.013834896497428417,
        0.014295433647930622,
        0.014953351579606533,
        0.015933047980070114,
        0.01738506555557251,
        0.019487926736474037,
        0.02317136898636818,
        0.02684352546930313
      ]
    },
    "2024": {
      "n_samples": 250,
      "entropy_mean": 2.9227075576782227,
      "entropy_std": 0.2933124303817749,
      "attention_concentration": 0.05008522793650627,
      "top_features": [
        [
          "t-1",
          0.05423504114151001
        ],
        [
          "t-2",
          0.05382957309484482
        ],
        [
          "t-3",
          0.05336550250649452
        ],
        [
          "t-4",
          0.05275245010852814
        ],
        [
          "t-5",
          0.05180593580007553
        ]
      ],