{
  "evaluation_timestamp": "2025-10-27T12:03:03.403405",
  "statistical_metrics": {
    "mse": 1.1794917583465576,
    "rmse": 1.0860440731048584,
    "mae": 0.7743465304374695,
    "mape": 106.98235034942627,
    "r2": -0.0023196935653686523,
    "mean_error": 0.05391024798154831,
    "std_error": 1.0847052335739136
  },
  "financial_metrics": {
    "directional_accuracy": 0.54609375,
    "sharpe_ratio": 1.0593565325735437,
    "max_drawdown": -0.21248798072338104,
    "total_return": 0.7764623165130615,
    "hit_rate": 0.365625,
    "num_trades": 830,
    "precision": 0.563855421686747,
    "recall": 0.6812227074235808,
    "f1_score": 0.6170072511535927,
    "confusion_matrix": [
      [
        231,
        362
      ],
      [
        219,
        468
      ]
    ],
    "auc_roc": 0.5322773453512719,
    "alpha": -0.14514577388763428
  },
  "residual_diagnostics": {
    "normality_p_value": 2.9207013397411077e-40,
    "acf_lag1": -0.036510494134122516,
    "skewness": 0.09838162210030511,
    "kurtosis": 6.5329806369045915
  },
  "mode_stats": {
    "healthy_days": 86,
    "degraded_days": 132,
    "unidirectional_days": 167,
    "weak_collapse_days": 282,
    "strong_collapse_days": 613,
    "total_days": 1280,
    "healthy_pct": 6.71875,
    "degraded_pct": 10.3125,
    "unidirectional_pct": 13.046875,
    "weak_collapse_pct": 22.03125,
    "strong_collapse_pct": 47.890625
  },
  "collapse_detected": true,
  "degradation_detected": true,
  "checkpoint_used": "experiments/01_staleness_features_fixed/baseline_fixed_h16_drop0.25/checkpoints/tft-epoch=01-val_loss=0.1051.ckpt"
}