{
  "evaluation_timestamp": "2025-10-22T22:04:14.249611",
  "statistical_metrics": {
    "mse": 1.1794918775558472,
    "rmse": 1.086044192314148,
    "mae": 0.7743465304374695,
    "mape": 106.98235034942627,
    "r2": -0.002319812774658203,
    "mean_error": 0.053910233080387115,
    "std_error": 1.0847052335739136
  },
  "financial_metrics": {
    "directional_accuracy": 0.54609375,
    "sharpe_ratio": 1.0593565325735437,
    "max_drawdown": -0.21248798072338104,
    "total_return": 0.7764623165130615,
    "hit_rate": 0.365625,
    "num_trades": 830,
    "precision": 0.563855421686747,
    "recall": 0.6812227074235808,
    "f1_score": 0.6170072511535927,
    "confusion_matrix": [
      [
        231,
        362
      ],
      [
        219,
        468
      ]
    ],
    "auc_roc": 0.5322797999955816,
    "alpha": -0.14514577388763428
  },
  "residual_diagnostics": {
    "normality_p_value": 2.9207070774187533e-40,
    "acf_lag1": -0.03651048678459621,
    "skewness": 0.09838152869429286,
    "kurtosis": 6.5329806369045915
  },
  "checkpoint_used": "experiments/baseline_fixed_h16_drop0.25/checkpoints/tft-epoch=01-val_loss=0.1051.ckpt"
}