{
  "evaluation_timestamp": "2025-10-30T03:24:36.455292",
  "statistical_metrics": {
    "mse": 1.1769593954086304,
    "rmse": 1.084877610206604,
    "mae": 0.7734233736991882,
    "mape": 154.28364276885986,
    "r2": -0.00016772747039794922,
    "mean_error": -0.0349649041891098,
    "std_error": 1.084313988685608
  },
  "financial_metrics": {
    "directional_accuracy": 0.53671875,
    "sharpe_ratio": 0.8329736080938573,
    "max_drawdown": -0.2524605989456177,
    "total_return": 0.9216080904006958,
    "hit_rate": 0.53671875,
    "num_trades": 1280,
    "precision": 0.53671875,
    "recall": 1.0,
    "f1_score": 0.6985256736146417,
    "confusion_matrix": [
      [
        0,
        593
      ],
      [
        0,
        687
      ]
    ],
    "auc_roc": 0.46365285438313564,
    "alpha": 0.0
  },
  "residual_diagnostics": {
    "normality_p_value": 8.72639853295945e-39,
    "acf_lag1": -0.030436028691952634,
    "skewness": -0.02409047506465177,
    "kurtosis": 6.280924622946575
  },
  "mode_stats": {
    "healthy_days": 30,
    "degraded_days": 0,
    "unidirectional_days": 1067,
    "weak_collapse_days": 159,
    "strong_collapse_days": 24,
    "total_days": 1280,
    "healthy_pct": 2.34375,
    "degraded_pct": 0.0,
    "unidirectional_pct": 83.359375,
    "weak_collapse_pct": 12.421875,
    "strong_collapse_pct": 1.875
  },
  "collapse_detected": true,
  "degradation_detected": true,
  "checkpoint_used": "experiments/01_staleness_features_fixed/sweep_stale_h12_drop0.20_lr5/checkpoints/tft-epoch=69-val_loss=0.3995.ckpt"
}