{
  "evaluation_timestamp": "2025-10-22T23:15:15.549826",
  "statistical_metrics": {
    "mse": 1.17654287815094,
    "rmse": 1.0846855640411377,
    "mae": 0.7722164988517761,
    "mape": 144.50881481170654,
    "r2": 0.0001862645149230957,
    "mean_error": 0.0023216635454446077,
    "std_error": 1.0846830606460571
  },
  "financial_metrics": {
    "directional_accuracy": 0.53671875,
    "sharpe_ratio": 0.8329736080938573,
    "max_drawdown": -0.2524605989456177,
    "total_return": 0.9216080904006958,
    "hit_rate": 0.53671875,
    "num_trades": 1280,
    "precision": 0.53671875,
    "recall": 1.0,
    "f1_score": 0.6985256736146417,
    "confusion_matrix": [
      [
        0,
        593
      ],
      [
        0,
        687
      ]
    ],
    "auc_roc": 0.5492119364443495,
    "alpha": 0.0
  },
  "residual_diagnostics": {
    "normality_p_value": 3.798867122471034e-40,
    "acf_lag1": -0.036125434377799054,
    "skewness": 0.08736965387688628,
    "kurtosis": 6.528328719555194
  },
  "checkpoint_used": "experiments/sweep_stale_h12_drop0.20_lr5/checkpoints/tft-epoch=03-val_loss=0.1432.ckpt"
}