{
  "evaluation_timestamp": "2025-10-27T12:03:19.578817",
  "statistical_metrics": {
    "mse": 1.17654287815094,
    "rmse": 1.0846855640411377,
    "mae": 0.7722164988517761,
    "mape": 144.50876712799072,
    "r2": 0.0001862645149230957,
    "mean_error": 0.0023216709960252047,
    "std_error": 1.0846830606460571
  },
  "financial_metrics": {
    "directional_accuracy": 0.53671875,
    "sharpe_ratio": 0.8329736080938573,
    "max_drawdown": -0.2524605989456177,
    "total_return": 0.9216080904006958,
    "hit_rate": 0.53671875,
    "num_trades": 1280,
    "precision": 0.53671875,
    "recall": 1.0,
    "f1_score": 0.6985256736146417,
    "confusion_matrix": [
      [
        0,
        593
      ],
      [
        0,
        687
      ]
    ],
    "auc_roc": 0.5492143910886593,
    "alpha": 0.0
  },
  "residual_diagnostics": {
    "normality_p_value": 3.798867122471034e-40,
    "acf_lag1": -0.03612543132362721,
    "skewness": 0.08736965387688628,
    "kurtosis": 6.528328719555194
  },
  "mode_stats": {
    "healthy_days": 29,
    "degraded_days": 1,
    "unidirectional_days": 378,
    "weak_collapse_days": 872,
    "strong_collapse_days": 0,
    "total_days": 1280,
    "healthy_pct": 2.265625,
    "degraded_pct": 0.078125,
    "unidirectional_pct": 29.531249999999996,
    "weak_collapse_pct": 68.125,
    "strong_collapse_pct": 0.0
  },
  "collapse_detected": true,
  "degradation_detected": true,
  "checkpoint_used": "experiments/01_staleness_features_fixed/sweep_stale_h12_drop0.20_lr5/checkpoints/tft-epoch=03-val_loss=0.1432.ckpt"
}