{
  "period_statistics": {
    "2020": {
      "n_samples": 92,
      "entropy_mean": 2.775505781173706,
      "entropy_std": 0.2126152366399765,
      "attention_concentration": 0.0518895722925663,
      "top_features": [
        [
          "t-1",
          0.06995680183172226
        ],
        [
          "t-2",
          0.06472832709550858
        ],
        [
          "t-3",
          0.06061519682407379
        ],
        [
          "t-4",
          0.057841312140226364
        ],
        [
          "t-5",
          0.055836744606494904
        ]
      ],
      "mean_attention": [
        0.02897893823683262,
        0.03400179371237755,
        0.037151362746953964,
        0.03995504230260849,
        0.04301067069172859,
        0.045999206602573395,
        0.04843168705701828,
        0.0499064102768898,
        0.050844017416238785,
        0.05115312710404396,
        0.05128946900367737,
        0.05146237462759018,
        0.05174903944134712,
        0.05284789949655533,
        0.05424061045050621,
        0.055836744606494904,
        0.057841312140226364,
        0.06061519682407379,
        0.06472832709550858,
        0.06995680183172226
      ],
      "std_attention": [
        0.02712355926632881,
        0.02970457822084427,
        0.030080309137701988,
        0.029976051300764084,
        0.030529027804732323,
        0.03134153038263321,
        0.03174480050802231,
        0.031588323414325714,
        0.03145790472626686,
        0.03125495836138725,
        0.031213367357850075,
        0.03134261071681976,
        0.03162000700831413,
        0.032279983162879944,
        0.033198993653059006,
        0.034711409360170364,
        0.03751259297132492,
        0.04217500612139702,
        0.05056438595056534,
        0.062446027994155884
      ]
    },
    "2021": {
      "n_samples": 250,
      "entropy_mean": 2.7757070064544678,
      "entropy_std": 0.23952442407608032,
      "attention_concentration": 0.05061597004532814,
      "top_features": [
        [
          "t-1",
          0.060513224452733994
        ],
        [
          "t-2",
          0.057435475289821625
        ],
        [
          "t-3",
          0.05503061041235924
        ],
        [
          "t-4",
          0.0534222312271595
        ],
        [
          "t-5",
          0.05263257399201393
        ]
      ],
      "mean_attention": [
        0.036597613245248795,
        0.03988398611545563,
        0.04217557609081268,
        0.0443706288933754,
        0.04675653949379921,
        0.04880308732390404,
        0.050238244235515594,
        0.05100049078464508,
        0.051313355565071106,
        0.051356226205825806,
        0.05137450248003006,
        0.05139297619462013,
        0.05167426913976669,
        0.05189136043190956,
        0.05213695019483566,
        0.05263257399201393,
        0.0534222312271595,
        0.05503061041235924,
        0.057435475289821625,
        0.060513224452733994
      ],
      "std_attention": [
        0.02543714828789234,
        0.029753999784588814,
        0.03084625117480755,
        0.03147490322589874,
        0.0327683724462986,
        0.03380664438009262,
        0.03459905460476875,
        0.03466217592358589,
        0.03461117669939995,
        0.03454968333244324,
        0.03462231904268265,
        0.034664057195186615,
        0.03520917892456055,
        0.03619745001196861,
        0.03745720535516739,
        0.03922736272215843,
        0.0412684790790081,
        0.04677606374025345,
        0.056235913187265396,
        0.06675170361995697
      ]
    },
    "2022": {
      "n_samples": 249,
      "entropy_mean": 2.8123159408569336,
      "entropy_std": 0.18481014668941498,
      "attention_concentration": 0.05213345214724541,
      "top_features": [
        [
          "t-1",
          0.06810316443443298
        ],
        [
          "t-2",
          0.06380049884319305
        ],
        [
          "t-3",
          0.06064249947667122
        ],
        [
          "t-4",
          0.058398954570293427
        ],
        [
          "t-5",
          0.05681551992893219
        ]
      ],
      "mean_attention": [
        0.0273758452385664,
        0.03249171003699303,
        0.03569862246513367,
        0.03834505379199982,
        0.04117826744914055,
        0.044205863028764725,
        0.04724118113517761,
        0.04982294142246246,
        0.051480021327733994,
        0.052562106400728226,
        0.053317900747060776,
        0.053857266902923584,
        0.05426615849137306,
        0.05479607731103897,
        0.05560041218996048,
        0.05681551992893219,
        0.058398954570293427,
        0.06064249947667122,
        0.06380049884319305,
        0.06810316443443298
      ],
      "std_attention": [
        0.022332603111863136,
        0.023363890126347542,
        0.02414391003549099,
        0.024573899805545807,
        0.02497502975165844,
        0.02565322257578373,
        0.026227641850709915,
        0.026541652157902718,
        0.026172608137130737,
        0.025491325184702873,
        0.02500067837536335,
        0.024992546066641808,
        0.0254802443087101,
        0.026524104177951813,
        0.027857312932610512,
        0.02978987619280815,
        0.0327727273106575,
        0.03750099986791611,
        0.045218437910079956,
        0.05820251628756523
      ]
    },
    "2023": {
      "n_samples": 249,
      "entropy_mean": 2.9500181674957275,
      "entropy_std": 0.056760165840387344,
      "attention_concentration": 0.050121553242206573,
      "top_features": [
        [
          "t-11",
          0.052011240273714066
        ],
        [
          "t-12",
          0.051941413432359695
        ],
        [
          "t-10",
          0.05183761566877365
        ],
        [
          "t-13",
          0.0516803003847599
        ],
        [
          "t-9",
          0.05158359557390213
        ]
      ],
      "mean_attention": [
        0.04316948354244232,
        0.04490743204951286,
        0.046180736273527145,
        0.047590091824531555,
        0.04901678115129471,
        0.050278712064027786,
        0.051228683441877365,
        0.0516803003847599,
        0.051941413432359695,
        0.052011240273714066,
        0.05183761566877365,
        0.05158359557390213,
        0.05131937935948372,
        0.05111623927950859,
        0.05097564682364464,
        0.05085058882832527,
        0.05085897073149681,
        0.05092519521713257,
        0.05111757665872574,
        0.05141029879450798
      ],
      "std_attention": [
        0.013825614005327225,
        0.013960307464003563,
        0.013782036490738392,
        0.013729715719819069,
        0.013835050165653229,
        0.014065622352063656,
        0.014302297495305538,
        0.014240679331123829,
        0.014311609789729118,
        0.014308501966297626,
        0.01432557962834835,
        0.014385432004928589,
        0.01459068525582552,
        0.014920000918209553,
        0.015410814434289932,
        0.016103152185678482,
        0.01699589565396309,
        0.01813410595059395,
        0.0198995228856802,
        0.021906539797782898
      ]
    },
    "2024": {
      "n_samples": 250,
      "entropy_mean": 2.8785223960876465,
      "entropy_std": 0.30469027161598206,
      "attention_concentration": 0.05010971799492836,
      "top_features": [
        [
          "t-1",
          0.05442683398723602
        ],
        [
          "t-2",
          0.05331122875213623
        ],
        [
          "t-3",
          0.05265939608216286
        ],
        [
          "t-4",
          0.05223795026540756
        ],
        [
          "t-5",
          0.05182771384716034
        ]
      ],