{
  "period_statistics": {
    "2020": {
      "n_samples": 92,
      "entropy_mean": 2.9939725399017334,
      "entropy_std": 0.0006069712108001113,
      "attention_concentration": 0.05001012235879898,
      "top_features": [
        [
          "t-20",
          0.05217347294092178
        ],
        [
          "t-19",
          0.051664311438798904
        ],
        [
          "t-18",
          0.050621986389160156
        ],
        [
          "t-17",
          0.05009854957461357
        ],
        [
          "t-10",
          0.04991253465414047
        ]
      ],
      "mean_attention": [
        0.05217347294092178,
        0.051664311438798904,
        0.050621986389160156,
        0.05009854957461357,
        0.049904901534318924,
        0.04986213520169258,
        0.0498705729842186,
        0.04989173635840416,
        0.04990221560001373,
        0.049911778420209885,
        0.04991253465414047,
        0.049907274544239044,
        0.04989716410636902,
        0.04978090897202492,
        0.04966896399855614,
        0.049574729055166245,
        0.04948224872350693,
        0.04938998818397522,
        0.049292124807834625,
        0.0491924025118351
      ],
      "std_attention": [
        0.0033298672642558813,
        0.003184583969414234,
        0.003027698490768671,
        0.0029046074487268925,
        0.002822546288371086,
        0.002759606344625354,
        0.0027151661925017834,
        0.002683525439351797,
        0.0026564626023173332,
        0.002642154460772872,
        0.0026459444779902697,
        0.002665648702532053,
        0.0026968461461365223,
        0.002778203459456563,
        0.0028459900058805943,
        0.002901168540120125,
        0.0029414461459964514,
        0.002979347947984934,
        0.0030177615117281675,
        0.003052497049793601
      ]
    },
    "2021": {
      "n_samples": 250,
      "entropy_mean": 2.992814540863037,
      "entropy_std": 0.003619690425693989,
      "attention_concentration": 0.05004680156707764,
      "top_features": [
        [
          "t-20",
          0.054809775203466415
        ],
        [
          "t-19",
          0.0531039834022522
        ],
        [
          "t-18",
          0.05150841176509857
        ],
        [
          "t-17",
          0.05069351568818092
        ],
        [
          "t-16",
          0.05030446499586105
        ]
      ],
      "mean_attention": [
        0.054809775203466415,
        0.0531039834022522,
        0.05150841176509857,
        0.05069351568818092,
        0.05030446499586105,
        0.050097402185201645,
        0.04997578263282776,
        0.049869995564222336,
        0.04976893588900566,
        0.049673352390527725,
        0.04957163333892822,
        0.049460090696811676,
        0.049345385283231735,
        0.04923975095152855,
        0.04910258203744888,
        0.04896744340658188,
        0.04882631078362465,
        0.04868944734334946,
        0.04856078326702118,
        0.048431120812892914
      ],
      "std_attention": [
        0.004890069365501404,
        0.004280388820916414,
        0.0038396180607378483,
        0.003572208574041724,
        0.003407549113035202,
        0.003283833619207144,
        0.0031981735955923796,
        0.003122539957985282,
        0.0030672657303512096,
        0.0030508895870298147,
        0.003060368588194251,
        0.0030905818566679955,
        0.0031377135310322046,
        0.003182833082973957,
        0.0032967240549623966,
        0.0033964377362281084,
        0.0035101305693387985,
        0.003626137739047408,
        0.003736264770850539,
        0.0038555024657398462
      ]
    },
    "2022": {
      "n_samples": 249,
      "entropy_mean": 2.991490602493286,
      "entropy_std": 0.00212802249006927,
      "attention_concentration": 0.05005331337451935,
      "top_features": [
        [
          "t-20",
          0.05508396774530411
        ],
        [
          "t-19",
          0.05282847210764885
        ],
        [
          "t-18",
          0.05147163197398186
        ],
        [
          "t-17",
          0.05090666562318802
        ],
        [
          "t-16",
          0.05062710493803024
        ]
      ],
      "mean_attention": [
        0.05508396774530411,
        0.05282847210764885,
        0.05147163197398186,
        0.05090666562318802,
        0.05062710493803024,
        0.05045183002948761,
        0.050283510237932205,
        0.05012357980012894,
        0.049961112439632416,
        0.04978717863559723,
        0.04961010068655014,
        0.04943951219320297,
        0.049269139766693115,
        0.04912601411342621,
        0.04895912483334541,
        0.04876662790775299,
        0.048590779304504395,
        0.04841522127389908,
        0.04823661968111992,
        0.04806188493967056
      ],
      "std_attention": [
        0.00613469909876585,
        0.005298996344208717,
        0.0047133127227425575,
        0.004422043915838003,
        0.004259136505424976,
        0.0041639129631221294,
        0.004086687695235014,
        0.004045691806823015,
        0.004026173148304224,
        0.004011204000562429,
        0.004001678433269262,
        0.004004831425845623,
        0.0040123919025063515,
        0.0040306407026946545,
        0.004006346222013235,
        0.004035055637359619,
        0.004029145464301109,
        0.0040271952748298645,
        0.0040269773453474045,
        0.00402003014460206
      ]
    },
    "2023": {
      "n_samples": 249,
      "entropy_mean": 2.9823691844940186,
      "entropy_std": 0.004560785833746195,
      "attention_concentration": 0.0500154048204422,
      "top_features": [
        [
          "t-20",
          0.05338283255696297
        ],
        [
          "t-19",
          0.05143161118030548
        ],
        [
          "t-18",
          0.05021505430340767
        ],
        [
          "t-14",
          0.04984791576862335
        ],
        [
          "t-13",
          0.049846913665533066
        ]
      ],
      "mean_attention": [
        0.05338283255696297,
        0.05143161118030548,
        0.05021505430340767,
        0.049844518303871155,
        0.04979826509952545,
        0.04982493445277214,
        0.04984791576862335,
        0.049846913665533066,
        0.049830708652734756,
        0.04980554059147835,
        0.049781978130340576,
        0.04975513368844986,
        0.04971779137849808,
        0.049678631126880646,
        0.049688246101140976,
        0.049664855003356934,
        0.04958401247859001,
        0.049505386501550674,
        0.04943278431892395,
        0.049362991005182266
      ],
      "std_attention": [
        0.00998708140105009,
        0.009270270355045795,
        0.008678342215716839,
        0.008329642005264759,
        0.008103913627564907,
        0.007937805727124214,
        0.00780721940100193,
        0.007705162279307842,
        0.007629627827554941,
        0.007583147380501032,
        0.007566436193883419,
        0.007571736350655556,
        0.007592414040118456,
        0.007628661580383778,
        0.007681639399379492,
        0.007706732489168644,
        0.007809739094227552,
        0.00792265310883522,
        0.00805098656564951,
        0.008212395012378693
      ]
    },
    "2024": {
      "n_samples": 250,
      "entropy_mean": 2.983449697494507,
      "entropy_std": 0.007061755750328302,
      "attention_concentration": 0.05003036931157112,
      "top_features": [
        [
          "t-20",
          0.05369226634502411
        ],
        [
          "t-19",
          0.052049681544303894
        ],
        [
          "t-18",
          0.05093738064169884
        ],
        [
          "t-17",
          0.050554968416690826
        ],
        [
          "t-16",
          0.050458308309316635
        ]
      ],