{
  "evaluation_timestamp": "2025-10-30T03:33:19.130843",
  "statistical_metrics": {
    "mse": 1.1772302389144897,
    "rmse": 1.0850024223327637,
    "mae": 0.7728646397590637,
    "mape": 163.13396692276,
    "r2": -0.0003979206085205078,
    "mean_error": -0.035344529896974564,
    "std_error": 1.0844265222549438
  },
  "financial_metrics": {
    "directional_accuracy": 0.53671875,
    "sharpe_ratio": 0.8329736080938573,
    "max_drawdown": -0.2524605989456177,
    "total_return": 0.9216080904006958,
    "hit_rate": 0.53671875,
    "num_trades": 1280,
    "precision": 0.53671875,
    "recall": 1.0,
    "f1_score": 0.6985256736146417,
    "confusion_matrix": [
      [
        0,
        593
      ],
      [
        0,
        687
      ]
    ],
    "auc_roc": 0.47038348908051475,
    "alpha": 0.0
  },
  "residual_diagnostics": {
    "normality_p_value": 3.3160961326100227e-39,
    "acf_lag1": -0.03474914382520499,
    "skewness": 0.026875315714501226,
    "kurtosis": 6.379206408343334
  },
  "mode_stats": {
    "healthy_days": 30,
    "degraded_days": 0,
    "unidirectional_days": 1248,
    "weak_collapse_days": 2,
    "strong_collapse_days": 0,
    "total_days": 1280,
    "healthy_pct": 2.34375,
    "degraded_pct": 0.0,
    "unidirectional_pct": 97.5,
    "weak_collapse_pct": 0.15625,
    "strong_collapse_pct": 0.0
  },
  "collapse_detected": true,
  "degradation_detected": true,
  "checkpoint_used": "experiments/01_staleness_features_fixed/sweep_stale_h22_drop0.20_lr5/checkpoints/tft-epoch=49-val_loss=0.3971.ckpt"
}