{
  "evaluation_timestamp": "2025-10-22T23:16:55.692141",
  "statistical_metrics": {
    "mse": 1.1793004274368286,
    "rmse": 1.0859559774398804,
    "mae": 0.7744455337524414,
    "mape": 133.0771565437317,
    "r2": -0.0021570920944213867,
    "mean_error": 0.03304740786552429,
    "std_error": 1.0854530334472656
  },
  "financial_metrics": {
    "directional_accuracy": 0.509375,
    "sharpe_ratio": 0.6666445778632687,
    "max_drawdown": -0.18902207911014557,
    "total_return": 0.5587906837463379,
    "hit_rate": 0.36640625,
    "num_trades": 879,
    "precision": 0.5335608646188851,
    "recall": 0.6826783114992722,
    "f1_score": 0.598978288633461,
    "confusion_matrix": [
      [
        183,
        410
      ],
      [
        218,
        469
      ]
    ],
    "auc_roc": 0.5071712433509822,
    "alpha": -0.3628174066543579
  },
  "residual_diagnostics": {
    "normality_p_value": 5.960340579338974e-40,
    "acf_lag1": -0.03480098128544662,
    "skewness": 0.09754718092620056,
    "kurtosis": 6.459746826529113
  },
  "checkpoint_used": "experiments/sweep_stale_h22_drop0.20_lr5/checkpoints/tft-epoch=01-val_loss=0.1373.ckpt"
}