{
  "evaluation_timestamp": "2025-10-27T12:05:34.326554",
  "statistical_metrics": {
    "mse": 1.1793004274368286,
    "rmse": 1.0859559774398804,
    "mae": 0.7744455337524414,
    "mape": 133.07713270187378,
    "r2": -0.0021570920944213867,
    "mean_error": 0.03304746001958847,
    "std_error": 1.0854530334472656
  },
  "financial_metrics": {
    "directional_accuracy": 0.509375,
    "sharpe_ratio": 0.6666445778632687,
    "max_drawdown": -0.18902207911014557,
    "total_return": 0.5587906837463379,
    "hit_rate": 0.36640625,
    "num_trades": 879,
    "precision": 0.5335608646188851,
    "recall": 0.6826783114992722,
    "f1_score": 0.598978288633461,
    "confusion_matrix": [
      [
        183,
        410
      ],
      [
        218,
        469
      ]
    ],
    "auc_roc": 0.5071700160288273,
    "alpha": -0.3628174066543579
  },
  "residual_diagnostics": {
    "normality_p_value": 5.960336234008283e-40,
    "acf_lag1": -0.034800978723146,
    "skewness": 0.0975472158811186,
    "kurtosis": 6.459746826529113
  },
  "mode_stats": {
    "healthy_days": 109,
    "degraded_days": 11,
    "unidirectional_days": 976,
    "weak_collapse_days": 184,
    "strong_collapse_days": 0,
    "total_days": 1280,
    "healthy_pct": 8.515625,
    "degraded_pct": 0.8593750000000001,
    "unidirectional_pct": 76.25,
    "weak_collapse_pct": 14.374999999999998,
    "strong_collapse_pct": 0.0
  },
  "collapse_detected": true,
  "degradation_detected": true,
  "checkpoint_used": "experiments/01_staleness_features_fixed/sweep_stale_h22_drop0.20_lr5/checkpoints/tft-epoch=01-val_loss=0.1373.ckpt"
}