
[INFO] Using AUTO device selection.

[INFO] Patched matplotlib.Axes.errorbar to abs() negative yerr for robustness.
======================================================================
Training TFT: 12c_h1_rolling/macro_heavy_weekly_h1_enc8/fold_2020
======================================================================
Logging to: experiments/12c_h1_rolling/macro_heavy_weekly_h1_enc8/fold_2020/training_20251214_052621.log
Started at: 2025-12-14 05:26:21
======================================================================

Loading data splits...
Train: 492 samples
Val: 22 samples
Test: 22 samples

Preparing TimeSeriesDataSet...

Dropping source columns (used for staleness only): ['CPI']

Final features for TFT: ['SP500_Returns', 'VIX', 'Inflation_YoY', 'Unemployment', 'Fed_Rate', 'Consumer_Sentiment', 'Industrial_Production', 'cumret_5', 'cumret_10', 'cumret_20', 'cumret_30']

======================================================================
FEATURE STATISTICS - BEFORE NORMALIZATION
======================================================================
VIX                             mean= 18.6208  std=  7.6513  min=  9.3400  max= 50.1280
Inflation_YoY                   mean=  1.4976  std=  1.1562  min= -2.1498  max=  3.9849
Unemployment                    mean=  7.0012  std=  1.9674  min=  3.8000  max= 10.2000
Fed_Rate                        mean=  0.3007  std=  0.3674  min=  0.0700  max=  1.7000
Consumer_Sentiment              mean= 81.2732  std= 11.7942  min= 55.8000  max=100.7000
Industrial_Production           mean=100.8167  std=  4.6404  min= 92.5354  max=108.2189

======================================================================
TARGET CONFIGURATION
======================================================================
Target variable: SP500_Returns
  Mode: Point return prediction (single-step)
  Target stats: mean=0.2558, std=2.1666
  Dropping unused cumret columns: ['cumret_5', 'cumret_10', 'cumret_20', 'cumret_30']
======================================================================

======================================================================
FEATURES AFTER GROUPNORMALIZER (first batch, last timestep)
======================================================================
VIX                             normalized_value=  1.0000
Inflation_YoY                   normalized_value= -0.1250
Unemployment                    normalized_value= -0.8816
Fed_Rate                        normalized_value=  0.7284
Consumer_Sentiment              normalized_value= -1.4761
Industrial_Production           normalized_value=  2.3139
======================================================================

Configuration saved to: experiments/12c_h1_rolling/macro_heavy_weekly_h1_enc8/fold_2020/config.json
[DEBUG] VIX train values: [41.18   41.282  47.072  49.4075 43.014 ]
[DEBUG] VIX val values: [23.8675 19.908  18.514  19.1575 17.674 ]
Batches per epoch: 15
[DEBUG] Validation batches: 1
[DEBUG] Validation dataset size: 14
[DEBUG] Batch size: 32

Initializing model...

Quantile configuration: 7q
  Quantiles: [0.02, 0.1, 0.25, 0.5, 0.75, 0.9, 0.98]
  Output size: 7
  Median index: 3

Using standard QuantileLoss (no penalties)

[REGIME OUTPUT] Disabled (using baseline output layer)

[STALENESS ATTENTION] Disabled

================================================================================
BASELINE MODEL FEATURE CONFIGURATION (after from_dataset)
================================================================================
tft.hparams.time_varying_reals_encoder: ['relative_time_idx', 'VIX', 'Inflation_YoY', 'Unemployment', 'Fed_Rate', 'Consumer_Sentiment', 'Industrial_Production']
  Count: 7

tft.hparams.time_varying_reals_decoder: ['relative_time_idx']
  Count: 1

tft.hparams.x_reals (all reals passed to model): ['encoder_length', 'relative_time_idx', 'VIX', 'Inflation_YoY', 'Unemployment', 'Fed_Rate', 'Consumer_Sentiment', 'Industrial_Production']
  Count: 8

Encoder VSN configuration:
  num_inputs: 7
  input_sizes: {'relative_time_idx': 16, 'VIX': 16, 'Inflation_YoY': 16, 'Unemployment': 16, 'Fed_Rate': 16, 'Consumer_Sentiment': 16, 'Industrial_Production': 16}
  flattened_grn.fc1: in_features=112, out_features=7
  -> Params in fc1: 784 (should be 5*16*5=400 if 5 features)
================================================================================

Model parameters: 25,425

Starting training...
Checkpoints will be saved to: experiments/12c_h1_rolling/macro_heavy_weekly_h1_enc8/fold_2020/checkpoints/
Logs will be saved to: experiments/12c_h1_rolling/macro_heavy_weekly_h1_enc8/fold_2020/logs/

[DEBUG CollapseMonitor] on_validation_epoch_start called for epoch 0
[DEBUG CollapseMonitor] reset_temporal_state() called on loss function
Epoch 0: val_loss=N/A
[DEBUG CollapseMonitor] on_validation_epoch_start called for epoch 0
[DEBUG CollapseMonitor] reset_temporal_state() called on loss function
Epoch 0: val_loss=1.4438809156417847
Epoch 0: train_loss=1.5901449918746948

[CollapseMonitor] Epoch 0
  [DEBUG] Processed 1 batches from val_dataloader
  [DEBUG] Predictions shape after concat: (14,)
  Pred std: 0.010594, range: 0.035093, mean: -0.076197
  Pos: 0.0%, Neg: 100.0%, Unique: 14
  Dir Acc: 50.00%, Pred Sharpe: -114.1791
  Composite: 0.3750 (dist_match: 0.5000, actual_pos: 50.0%, pred_pos: 0.0%)
  Collapse penalty: 0.000000 (threshold: 0.005000)
  Saved validation predictions to: experiments/12c_h1_rolling/macro_heavy_weekly_h1_enc8/fold_2020/collapse_monitoring/val_predictions_epoch0.npy
  Gradient norms:
    lstm_encoder: 0.035051
    lstm_decoder: 0.040290
    output_layer: 1.449688
  VSN output std:
    encoder: 0.117875
  Attention entropy: 2.078350
  Saved to: experiments/12c_h1_rolling/macro_heavy_weekly_h1_enc8/fold_2020/collapse_monitoring/collapse_monitor_latest.json
[DEBUG CollapseMonitor] on_validation_epoch_start called for epoch 1
[DEBUG CollapseMonitor] reset_temporal_state() called on loss function
Epoch 1: val_loss=1.4170581102371216
Epoch 1: train_loss=1.5780073404312134

[CollapseMonitor] Epoch 1
  [DEBUG] Processed 1 batches from val_dataloader
  [DEBUG] Predictions shape after concat: (14,)
  Pred std: 0.010367, range: 0.034272, mean: -0.051755
  Pos: 0.0%, Neg: 100.0%, Unique: 14
  Dir Acc: 50.00%, Pred Sharpe: -79.2505
  Composite: 0.3750 (dist_match: 0.5000, actual_pos: 50.0%, pred_pos: 0.0%)
  Collapse penalty: 0.000000 (threshold: 0.005000)
  Saved validation predictions to: experiments/12c_h1_rolling/macro_heavy_weekly_h1_enc8/fold_2020/collapse_monitoring/val_predictions_epoch1.npy
  Gradient norms:
    lstm_encoder: 0.033895
    lstm_decoder: 0.039555
    output_layer: 1.434583
  VSN output std:
    encoder: 0.118024
  Attention entropy: 2.078368
  Saved to: experiments/12c_h1_rolling/macro_heavy_weekly_h1_enc8/fold_2020/collapse_monitoring/collapse_monitor_latest.json
[DEBUG CollapseMonitor] on_validation_epoch_start called for epoch 2
[DEBUG CollapseMonitor] reset_temporal_state() called on loss function
Epoch 2: val_loss=1.3664683103561401
Epoch 2: train_loss=1.536834716796875

[CollapseMonitor] Epoch 2
  [DEBUG] Processed 1 batches from val_dataloader
  [DEBUG] Predictions shape after concat: (14,)
  Pred std: 0.009947, range: 0.032730, mean: -0.004832
  Pos: 42.9%, Neg: 57.1%, Unique: 14
  Dir Acc: 50.00%, Pred Sharpe: -7.7113
  Composite: 0.4821 (dist_match: 0.9286, actual_pos: 50.0%, pred_pos: 42.9%)
  Collapse penalty: 0.000000 (threshold: 0.005000)
  Saved validation predictions to: experiments/12c_h1_rolling/macro_heavy_weekly_h1_enc8/fold_2020/collapse_monitoring/val_predictions_epoch2.npy
  Gradient norms:
    lstm_encoder: 0.034328
    lstm_decoder: 0.038294
    output_layer: 1.374693
  VSN output std:
    encoder: 0.118071
  Attention entropy: 2.078384
  Saved to: experiments/12c_h1_rolling/macro_heavy_weekly_h1_enc8/fold_2020/collapse_monitoring/collapse_monitor_latest.json
[DEBUG CollapseMonitor] on_validation_epoch_start called for epoch 3
[DEBUG CollapseMonitor] reset_temporal_state() called on loss function
Epoch 3: val_loss=1.330475926399231
Epoch 3: train_loss=1.505108118057251

[CollapseMonitor] Epoch 3
  [DEBUG] Processed 1 batches from val_dataloader
  [DEBUG] Predictions shape after concat: (14,)
  Pred std: 0.009518, range: 0.031161, mean: 0.030032
  Pos: 100.0%, Neg: 0.0%, Unique: 14
  Dir Acc: 50.00%, Pred Sharpe: 50.0859
  Composite: 0.3750 (dist_match: 0.5000, actual_pos: 50.0%, pred_pos: 100.0%)
  Collapse penalty: 0.000000 (threshold: 0.005000)
  Saved validation predictions to: experiments/12c_h1_rolling/macro_heavy_weekly_h1_enc8/fold_2020/collapse_monitoring/val_predictions_epoch3.npy
  Gradient norms:
    lstm_encoder: 0.030354
    lstm_decoder: 0.034992
    output_layer: 1.306189
  VSN output std:
    encoder: 0.118213
  Attention entropy: 2.078403
  Saved to: experiments/12c_h1_rolling/macro_heavy_weekly_h1_enc8/fold_2020/collapse_monitoring/collapse_monitor_latest.json
[DEBUG CollapseMonitor] on_validation_epoch_start called for epoch 4
[DEBUG CollapseMonitor] reset_temporal_state() called on loss function
Epoch 4: val_loss=1.2747325897216797
Epoch 4: train_loss=1.4917727708816528

[CollapseMonitor] Epoch 4
  [DEBUG] Processed 1 batches from val_dataloader
  [DEBUG] Predictions shape after concat: (14,)
  Pred std: 0.008859, range: 0.028839, mean: 0.084618
  Pos: 100.0%, Neg: 0.0%, Unique: 14
  Dir Acc: 50.00%, Pred Sharpe: 151.6202
  Composite: 0.3750 (dist_match: 0.5000, actual_pos: 50.0%, pred_pos: 100.0%)
  Collapse penalty: 0.000000 (threshold: 0.005000)
  Saved validation predictions to: experiments/12c_h1_rolling/macro_heavy_weekly_h1_enc8/fold_2020/collapse_monitoring/val_predictions_epoch4.npy
  Gradient norms:
    lstm_encoder: 0.029175
    lstm_decoder: 0.033408
    output_layer: 1.300725
  VSN output std:
    encoder: 0.118426
  Attention entropy: 2.078443
  Saved to: experiments/12c_h1_rolling/macro_heavy_weekly_h1_enc8/fold_2020/collapse_monitoring/collapse_monitor_latest.json
[DEBUG CollapseMonitor] on_validation_epoch_start called for epoch 5
[DEBUG CollapseMonitor] reset_temporal_state() called on loss function
Epoch 5: val_loss=1.2365423440933228
Epoch 5: train_loss=1.4425712823867798

[CollapseMonitor] Epoch 5
  [DEBUG] Processed 1 batches from val_dataloader
  [DEBUG] Predictions shape after concat: (14,)
  Pred std: 0.008394, range: 0.027197, mean: 0.121385
  Pos: 100.0%, Neg: 0.0%, Unique: 14
  Dir Acc: 50.00%, Pred Sharpe: 229.5473
  Composite: 0.3750 (dist_match: 0.5000, actual_pos: 50.0%, pred_pos: 100.0%)
  Collapse penalty: 0.000000 (threshold: 0.005000)
  Saved validation predictions to: experiments/12c_h1_rolling/macro_heavy_weekly_h1_enc8/fold_2020/collapse_monitoring/val_predictions_epoch5.npy
  Gradient norms:
    lstm_encoder: 0.028200
    lstm_decoder: 0.032144
    output_layer: 1.263610
  VSN output std:
    encoder: 0.118540
  Attention entropy: 2.078472
  Saved to: experiments/12c_h1_rolling/macro_heavy_weekly_h1_enc8/fold_2020/collapse_monitoring/collapse_monitor_latest.json
[DEBUG CollapseMonitor] on_validation_epoch_start called for epoch 6
[DEBUG CollapseMonitor] reset_temporal_state() called on loss function
Epoch 6: val_loss=1.1782788038253784
Epoch 6: train_loss=1.3995040655136108

[CollapseMonitor] Epoch 6
  [DEBUG] Processed 1 batches from val_dataloader
  [DEBUG] Predictions shape after concat: (14,)
  Pred std: 0.007787, range: 0.025130, mean: 0.169898
  Pos: 100.0%, Neg: 0.0%, Unique: 14
  Dir Acc: 50.00%, Pred Sharpe: 346.3547
  Composite: 0.3750 (dist_match: 0.5000, actual_pos: 50.0%, pred_pos: 100.0%)
  Collapse penalty: 0.000000 (threshold: 0.005000)
  Saved validation predictions to: experiments/12c_h1_rolling/macro_heavy_weekly_h1_enc8/fold_2020/collapse_monitoring/val_predictions_epoch6.npy
  Gradient norms:
    lstm_encoder: 0.026250
    lstm_decoder: 0.029954
    output_layer: 1.171289
  VSN output std:
    encoder: 0.118844
  Attention entropy: 2.078523
  Saved to: experiments/12c_h1_rolling/macro_heavy_weekly_h1_enc8/fold_2020/collapse_monitoring/collapse_monitor_latest.json
[DEBUG CollapseMonitor] on_validation_epoch_start called for epoch 7
[DEBUG CollapseMonitor] reset_temporal_state() called on loss function
Epoch 7: val_loss=1.138581395149231
Epoch 7: train_loss=1.3783186674118042

[CollapseMonitor] Epoch 7
  [DEBUG] Processed 1 batches from val_dataloader
  [DEBUG] Predictions shape after concat: (14,)
  Pred std: 0.007453, range: 0.023999, mean: 0.196204
  Pos: 100.0%, Neg: 0.0%, Unique: 14
  Dir Acc: 50.00%, Pred Sharpe: 417.8846
  Composite: 0.3750 (dist_match: 0.5000, actual_pos: 50.0%, pred_pos: 100.0%)
  Collapse penalty: 0.000000 (threshold: 0.005000)
  Saved validation predictions to: experiments/12c_h1_rolling/macro_heavy_weekly_h1_enc8/fold_2020/collapse_monitoring/val_predictions_epoch7.npy
  Gradient norms:
    lstm_encoder: 0.025061
    lstm_decoder: 0.027530
    output_layer: 1.122939
  VSN output std:
    encoder: 0.118830
  Attention entropy: 2.078552
  Saved to: experiments/12c_h1_rolling/macro_heavy_weekly_h1_enc8/fold_2020/collapse_monitoring/collapse_monitor_latest.json
[DEBUG CollapseMonitor] on_validation_epoch_start called for epoch 8
[DEBUG CollapseMonitor] reset_temporal_state() called on loss function
Epoch 8: val_loss=1.0867606401443481
Epoch 8: train_loss=1.315100908279419

[CollapseMonitor] Epoch 8
  [DEBUG] Processed 1 batches from val_dataloader
  [DEBUG] Predictions shape after concat: (14,)
  Pred std: 0.006960, range: 0.022378, mean: 0.232587
  Pos: 100.0%, Neg: 0.0%, Unique: 14
  Dir Acc: 50.00%, Pred Sharpe: 530.4754
  Composite: 0.3750 (dist_match: 0.5000, actual_pos: 50.0%, pred_pos: 100.0%)
  Collapse penalty: 0.000000 (threshold: 0.005000)
  Saved validation predictions to: experiments/12c_h1_rolling/macro_heavy_weekly_h1_enc8/fold_2020/collapse_monitoring/val_predictions_epoch8.npy
  Gradient norms:
    lstm_encoder: 0.023718
    lstm_decoder: 0.027113
    output_layer: 1.110446
  VSN output std:
    encoder: 0.119254
  Attention entropy: 2.078617
  Saved to: experiments/12c_h1_rolling/macro_heavy_weekly_h1_enc8/fold_2020/collapse_monitoring/collapse_monitor_latest.json
[DEBUG CollapseMonitor] on_validation_epoch_start called for epoch 9
[DEBUG CollapseMonitor] reset_temporal_state() called on loss function
Epoch 9: val_loss=1.055153727531433
Epoch 9: train_loss=1.2865757942199707

[CollapseMonitor] Epoch 9
  [DEBUG] Processed 1 batches from val_dataloader
  [DEBUG] Predictions shape after concat: (14,)
  Pred std: 0.006579, range: 0.021065, mean: 0.258506
  Pos: 100.0%, Neg: 0.0%, Unique: 14
  Dir Acc: 50.00%, Pred Sharpe: 623.7410
  Composite: 0.3750 (dist_match: 0.5000, actual_pos: 50.0%, pred_pos: 100.0%)
  Collapse penalty: 0.000000 (threshold: 0.005000)
  Saved validation predictions to: experiments/12c_h1_rolling/macro_heavy_weekly_h1_enc8/fold_2020/collapse_monitoring/val_predictions_epoch9.npy
  Gradient norms:
    lstm_encoder: 0.021426
    lstm_decoder: 0.023060
    output_layer: 1.055283
  VSN output std:
    encoder: 0.119663
  Attention entropy: 2.078675
  Saved to: experiments/12c_h1_rolling/macro_heavy_weekly_h1_enc8/fold_2020/collapse_monitoring/collapse_monitor_latest.json
[DEBUG CollapseMonitor] on_validation_epoch_start called for epoch 10
[DEBUG CollapseMonitor] reset_temporal_state() called on loss function
Epoch 10: val_loss=1.0107743740081787
Epoch 10: train_loss=1.2665499448776245

[CollapseMonitor] Epoch 10
  [DEBUG] Processed 1 batches from val_dataloader
  [DEBUG] Predictions shape after concat: (14,)
  Pred std: 0.006095, range: 0.019444, mean: 0.281898
  Pos: 100.0%, Neg: 0.0%, Unique: 14
  Dir Acc: 50.00%, Pred Sharpe: 734.2325
  Composite: 0.3750 (dist_match: 0.5000, actual_pos: 50.0%, pred_pos: 100.0%)
  Collapse penalty: 0.000000 (threshold: 0.005000)
  Saved validation predictions to: experiments/12c_h1_rolling/macro_heavy_weekly_h1_enc8/fold_2020/collapse_monitoring/val_predictions_epoch10.npy
  Gradient norms:
    lstm_encoder: 0.020974
    lstm_decoder: 0.022154
    output_layer: 0.986986
  VSN output std:
    encoder: 0.119805
  Attention entropy: 2.078751
  Saved to: experiments/12c_h1_rolling/macro_heavy_weekly_h1_enc8/fold_2020/collapse_monitoring/collapse_monitor_latest.json
[DEBUG CollapseMonitor] on_validation_epoch_start called for epoch 11
[DEBUG CollapseMonitor] reset_temporal_state() called on loss function
Epoch 11: val_loss=0.9842472672462463
Epoch 11: train_loss=1.2154946327209473

[CollapseMonitor] Epoch 11
  [DEBUG] Processed 1 batches from val_dataloader
  [DEBUG] Predictions shape after concat: (14,)
  Pred std: 0.005837, range: 0.018593, mean: 0.289832
  Pos: 100.0%, Neg: 0.0%, Unique: 14
  Dir Acc: 50.00%, Pred Sharpe: 788.2160
  Composite: 0.3750 (dist_match: 0.5000, actual_pos: 50.0%, pred_pos: 100.0%)
  Collapse penalty: 0.000000 (threshold: 0.005000)
  Saved validation predictions to: experiments/12c_h1_rolling/macro_heavy_weekly_h1_enc8/fold_2020/collapse_monitoring/val_predictions_epoch11.npy
  Gradient norms:
    lstm_encoder: 0.019171
    lstm_decoder: 0.020283
    output_layer: 0.946947
  VSN output std:
    encoder: 0.119663
  Attention entropy: 2.078784
  Saved to: experiments/12c_h1_rolling/macro_heavy_weekly_h1_enc8/fold_2020/collapse_monitoring/collapse_monitor_latest.json
[DEBUG CollapseMonitor] on_validation_epoch_start called for epoch 12
[DEBUG CollapseMonitor] reset_temporal_state() called on loss function
Epoch 12: val_loss=0.9510011672973633
Epoch 12: train_loss=1.1925431489944458

[CollapseMonitor] Epoch 12
  [DEBUG] Processed 1 batches from val_dataloader
  [DEBUG] Predictions shape after concat: (14,)
  Pred std: 0.005418, range: 0.017164, mean: 0.296189
  Pos: 100.0%, Neg: 0.0%, Unique: 14
  Dir Acc: 50.00%, Pred Sharpe: 867.7819
  Composite: 0.3750 (dist_match: 0.5000, actual_pos: 50.0%, pred_pos: 100.0%)
  Collapse penalty: 0.000000 (threshold: 0.005000)
  Saved validation predictions to: experiments/12c_h1_rolling/macro_heavy_weekly_h1_enc8/fold_2020/collapse_monitoring/val_predictions_epoch12.npy
  Gradient norms:
    lstm_encoder: 0.015367
    lstm_decoder: 0.017085
    output_layer: 0.848936
  VSN output std:
    encoder: 0.119465
  Attention entropy: 2.078836
  Saved to: experiments/12c_h1_rolling/macro_heavy_weekly_h1_enc8/fold_2020/collapse_monitoring/collapse_monitor_latest.json
[DEBUG CollapseMonitor] on_validation_epoch_start called for epoch 13
[DEBUG CollapseMonitor] reset_temporal_state() called on loss function
Epoch 13: val_loss=0.9313027262687683
Epoch 13: train_loss=1.1658930778503418

[CollapseMonitor] Epoch 13
  [DEBUG] Processed 1 batches from val_dataloader
  [DEBUG] Predictions shape after concat: (14,)
  Pred std: 0.005144, range: 0.016163, mean: 0.303972
  Pos: 100.0%, Neg: 0.0%, Unique: 14
  Dir Acc: 50.00%, Pred Sharpe: 938.0008
  Composite: 0.3750 (dist_match: 0.5000, actual_pos: 50.0%, pred_pos: 100.0%)
  Collapse penalty: 0.000000 (threshold: 0.005000)
  Saved validation predictions to: experiments/12c_h1_rolling/macro_heavy_weekly_h1_enc8/fold_2020/collapse_monitoring/val_predictions_epoch13.npy
  Gradient norms:
    lstm_encoder: 0.017221
    lstm_decoder: 0.017473
    output_layer: 0.828357
  VSN output std:
    encoder: 0.119257
  Attention entropy: 2.078865
  Saved to: experiments/12c_h1_rolling/macro_heavy_weekly_h1_enc8/fold_2020/collapse_monitoring/collapse_monitor_latest.json
[DEBUG CollapseMonitor] on_validation_epoch_start called for epoch 14
[DEBUG CollapseMonitor] reset_temporal_state() called on loss function
Epoch 14: val_loss=0.9009617567062378
Epoch 14: train_loss=1.1269382238388062

[CollapseMonitor] Epoch 14
  [DEBUG] Processed 1 batches from val_dataloader
  [DEBUG] Predictions shape after concat: (14,)
  Pred std: 0.004759, range: 0.014801, mean: 0.304437
  Pos: 100.0%, Neg: 0.0%, Unique: 14
  Dir Acc: 50.00%, Pred Sharpe: 1015.5545
  Composite: 0.3750 (dist_match: 0.5000, actual_pos: 50.0%, pred_pos: 100.0%)
  Collapse penalty: 0.000000 (threshold: 0.005000)
  Saved validation predictions to: experiments/12c_h1_rolling/macro_heavy_weekly_h1_enc8/fold_2020/collapse_monitoring/val_predictions_epoch14.npy
  Gradient norms:
    lstm_encoder: 0.014079
    lstm_decoder: 0.014374
    output_layer: 0.778228
  VSN output std:
    encoder: 0.119165
  Attention entropy: 2.078914
  Saved to: experiments/12c_h1_rolling/macro_heavy_weekly_h1_enc8/fold_2020/collapse_monitoring/collapse_monitor_latest.json
[DEBUG CollapseMonitor] on_validation_epoch_start called for epoch 15
[DEBUG CollapseMonitor] reset_temporal_state() called on loss function
Epoch 15: val_loss=0.8808938264846802
Epoch 15: train_loss=1.1075271368026733

[CollapseMonitor] Epoch 15
  [DEBUG] Processed 1 batches from val_dataloader
  [DEBUG] Predictions shape after concat: (14,)
  Pred std: 0.004503, range: 0.013907, mean: 0.308560
  Pos: 100.0%, Neg: 0.0%, Unique: 14
  Dir Acc: 50.00%, Pred Sharpe: 1087.7017
  Composite: 0.3750 (dist_match: 0.5000, actual_pos: 50.0%, pred_pos: 100.0%)
  Collapse penalty: 0.000000 (threshold: 0.005000)
  Saved validation predictions to: experiments/12c_h1_rolling/macro_heavy_weekly_h1_enc8/fold_2020/collapse_monitoring/val_predictions_epoch15.npy
  Gradient norms:
    lstm_encoder: 0.014199
    lstm_decoder: 0.013314
    output_layer: 0.735151
  VSN output std:
    encoder: 0.119050
  Attention entropy: 2.078947
  Saved to: experiments/12c_h1_rolling/macro_heavy_weekly_h1_enc8/fold_2020/collapse_monitoring/collapse_monitor_latest.json
[DEBUG CollapseMonitor] on_validation_epoch_start called for epoch 16
[DEBUG CollapseMonitor] reset_temporal_state() called on loss function
Epoch 16: val_loss=0.8564381003379822
Epoch 16: train_loss=1.0856086015701294

[CollapseMonitor] Epoch 16
  [DEBUG] Processed 1 batches from val_dataloader
  [DEBUG] Predictions shape after concat: (14,)
  Pred std: 0.004168, range: 0.012786, mean: 0.318167
  Pos: 100.0%, Neg: 0.0%, Unique: 14
  Dir Acc: 50.00%, Pred Sharpe: 1211.9245
  Composite: 0.3750 (dist_match: 0.5000, actual_pos: 50.0%, pred_pos: 100.0%)
  Collapse penalty: 0.000000 (threshold: 0.005000)
  Saved validation predictions to: experiments/12c_h1_rolling/macro_heavy_weekly_h1_enc8/fold_2020/collapse_monitoring/val_predictions_epoch16.npy
  Gradient norms:
    lstm_encoder: 0.012368
    lstm_decoder: 0.011877
    output_layer: 0.698158
  VSN output std:
    encoder: 0.118717
  Attention entropy: 2.078991
  Saved to: experiments/12c_h1_rolling/macro_heavy_weekly_h1_enc8/fold_2020/collapse_monitoring/collapse_monitor_latest.json
[DEBUG CollapseMonitor] on_validation_epoch_start called for epoch 17
[DEBUG CollapseMonitor] reset_temporal_state() called on loss function
Epoch 17: val_loss=0.8425718545913696
Epoch 17: train_loss=1.0682741403579712

[CollapseMonitor] Epoch 17
  [DEBUG] Processed 1 batches from val_dataloader
  [DEBUG] Predictions shape after concat: (14,)
  Pred std: 0.003922, range: 0.011914, mean: 0.320739
  Pos: 100.0%, Neg: 0.0%, Unique: 14
  Dir Acc: 50.00%, Pred Sharpe: 1298.0543
  Composite: 0.3750 (dist_match: 0.5000, actual_pos: 50.0%, pred_pos: 100.0%)
  Collapse penalty: 0.000000 (threshold: 0.005000)
  Saved validation predictions to: experiments/12c_h1_rolling/macro_heavy_weekly_h1_enc8/fold_2020/collapse_monitoring/val_predictions_epoch17.npy
  Gradient norms:
    lstm_encoder: 0.013977
    lstm_decoder: 0.014657
    output_layer: 0.713740
  VSN output std:
    encoder: 0.118522
  Attention entropy: 2.079018
  Saved to: experiments/12c_h1_rolling/macro_heavy_weekly_h1_enc8/fold_2020/collapse_monitoring/collapse_monitor_latest.json
[DEBUG CollapseMonitor] on_validation_epoch_start called for epoch 18
[DEBUG CollapseMonitor] reset_temporal_state() called on loss function
Epoch 18: val_loss=0.8232606053352356
Epoch 18: train_loss=1.0784536600112915

[CollapseMonitor] Epoch 18
  [DEBUG] Processed 1 batches from val_dataloader
  [DEBUG] Predictions shape after concat: (14,)
  Pred std: 0.003689, range: 0.010997, mean: 0.328241
  Pos: 100.0%, Neg: 0.0%, Unique: 14
  Dir Acc: 50.00%, Pred Sharpe: 1412.5983
  Composite: 0.3750 (dist_match: 0.5000, actual_pos: 50.0%, pred_pos: 100.0%)
  Collapse penalty: 0.000000 (threshold: 0.005000)
  Saved validation predictions to: experiments/12c_h1_rolling/macro_heavy_weekly_h1_enc8/fold_2020/collapse_monitoring/val_predictions_epoch18.npy
  Gradient norms:
    lstm_encoder: 0.011928
    lstm_decoder: 0.011692
    output_layer: 0.618429
  VSN output std:
    encoder: 0.117754
  Attention entropy: 2.079036
  Saved to: experiments/12c_h1_rolling/macro_heavy_weekly_h1_enc8/fold_2020/collapse_monitoring/collapse_monitor_latest.json
[DEBUG CollapseMonitor] on_validation_epoch_start called for epoch 19
[DEBUG CollapseMonitor] reset_temporal_state() called on loss function
Epoch 19: val_loss=0.8126459121704102
Epoch 19: train_loss=1.0372734069824219

[CollapseMonitor] Epoch 19
  [DEBUG] Processed 1 batches from val_dataloader
  [DEBUG] Predictions shape after concat: (14,)
  Pred std: 0.003567, range: 0.010482, mean: 0.332498
  Pos: 100.0%, Neg: 0.0%, Unique: 14
  Dir Acc: 50.00%, Pred Sharpe: 1479.5873
  Composite: 0.3750 (dist_match: 0.5000, actual_pos: 50.0%, pred_pos: 100.0%)
  Collapse penalty: 0.000000 (threshold: 0.005000)
  Saved validation predictions to: experiments/12c_h1_rolling/macro_heavy_weekly_h1_enc8/fold_2020/collapse_monitoring/val_predictions_epoch19.npy
  Gradient norms:
    lstm_encoder: 0.010803
    lstm_decoder: 0.010521
    output_layer: 0.599037
  VSN output std:
    encoder: 0.117438
  Attention entropy: 2.079052
  Saved to: experiments/12c_h1_rolling/macro_heavy_weekly_h1_enc8/fold_2020/collapse_monitoring/collapse_monitor_latest.json
[DEBUG CollapseMonitor] on_validation_epoch_start called for epoch 20
[DEBUG CollapseMonitor] reset_temporal_state() called on loss function
Epoch 20: val_loss=0.7987284064292908
Epoch 20: train_loss=1.0340229272842407

[CollapseMonitor] Epoch 20
  [DEBUG] Processed 1 batches from val_dataloader
  [DEBUG] Predictions shape after concat: (14,)
  Pred std: 0.003370, range: 0.009704, mean: 0.328642
  Pos: 100.0%, Neg: 0.0%, Unique: 14
  Dir Acc: 50.00%, Pred Sharpe: 1548.1132
  Composite: 0.3750 (dist_match: 0.5000, actual_pos: 50.0%, pred_pos: 100.0%)
  Collapse penalty: 0.000000 (threshold: 0.005000)
  Saved validation predictions to: experiments/12c_h1_rolling/macro_heavy_weekly_h1_enc8/fold_2020/collapse_monitoring/val_predictions_epoch20.npy
  Gradient norms:
    lstm_encoder: 0.010243
    lstm_decoder: 0.010297
    output_layer: 0.555064
  VSN output std:
    encoder: 0.117418
  Attention entropy: 2.079087
  Saved to: experiments/12c_h1_rolling/macro_heavy_weekly_h1_enc8/fold_2020/collapse_monitoring/collapse_monitor_latest.json
[DEBUG CollapseMonitor] on_validation_epoch_start called for epoch 21
[DEBUG CollapseMonitor] reset_temporal_state() called on loss function
Epoch 21: val_loss=0.7914315462112427
Epoch 21: train_loss=1.0138431787490845

[CollapseMonitor] Epoch 21
  [DEBUG] Processed 1 batches from val_dataloader
  [DEBUG] Predictions shape after concat: (14,)
  Pred std: 0.003257, range: 0.009261, mean: 0.328461
  Pos: 100.0%, Neg: 0.0%, Unique: 14
  Dir Acc: 50.00%, Pred Sharpe: 1600.8097
  Composite: 0.3750 (dist_match: 0.5000, actual_pos: 50.0%, pred_pos: 100.0%)
  Collapse penalty: 0.000000 (threshold: 0.005000)
  Saved validation predictions to: experiments/12c_h1_rolling/macro_heavy_weekly_h1_enc8/fold_2020/collapse_monitoring/val_predictions_epoch21.npy
  Gradient norms:
    lstm_encoder: 0.010294
    lstm_decoder: 0.010279
    output_layer: 0.576345
  VSN output std:
    encoder: 0.116674
  Attention entropy: 2.079094
  Saved to: experiments/12c_h1_rolling/macro_heavy_weekly_h1_enc8/fold_2020/collapse_monitoring/collapse_monitor_latest.json
[DEBUG CollapseMonitor] on_validation_epoch_start called for epoch 22
[DEBUG CollapseMonitor] reset_temporal_state() called on loss function
Epoch 22: val_loss=0.7800006866455078
Epoch 22: train_loss=1.001621127128601

[CollapseMonitor] Epoch 22
  [DEBUG] Processed 1 batches from val_dataloader
  [DEBUG] Predictions shape after concat: (14,)
  Pred std: 0.003101, range: 0.008596, mean: 0.321172
  Pos: 100.0%, Neg: 0.0%, Unique: 14
  Dir Acc: 50.00%, Pred Sharpe: 1644.0210
  Composite: 0.3750 (dist_match: 0.5000, actual_pos: 50.0%, pred_pos: 100.0%)
  Collapse penalty: 0.000000 (threshold: 0.005000)
  Saved validation predictions to: experiments/12c_h1_rolling/macro_heavy_weekly_h1_enc8/fold_2020/collapse_monitoring/val_predictions_epoch22.npy
  Gradient norms:
    lstm_encoder: 0.010118
    lstm_decoder: 0.009777
    output_layer: 0.525191
  VSN output std:
    encoder: 0.115634
  Attention entropy: 2.079099
  Saved to: experiments/12c_h1_rolling/macro_heavy_weekly_h1_enc8/fold_2020/collapse_monitoring/collapse_monitor_latest.json
[DEBUG CollapseMonitor] on_validation_epoch_start called for epoch 23
[DEBUG CollapseMonitor] reset_temporal_state() called on loss function
Epoch 23: val_loss=0.7723836898803711
Epoch 23: train_loss=0.9900690913200378

[CollapseMonitor] Epoch 23
  [DEBUG] Processed 1 batches from val_dataloader
  [DEBUG] Predictions shape after concat: (14,)
  Pred std: 0.002979, range: 0.008090, mean: 0.313061
  Pos: 100.0%, Neg: 0.0%, Unique: 14
  Dir Acc: 50.00%, Pred Sharpe: 1668.0033
  Composite: 0.3750 (dist_match: 0.5000, actual_pos: 50.0%, pred_pos: 100.0%)
  Collapse penalty: 0.000000 (threshold: 0.005000)
  Saved validation predictions to: experiments/12c_h1_rolling/macro_heavy_weekly_h1_enc8/fold_2020/collapse_monitoring/val_predictions_epoch23.npy
  Gradient norms:
    lstm_encoder: 0.009257
    lstm_decoder: 0.008711
    output_layer: 0.504124
  VSN output std:
    encoder: 0.115026
  Attention entropy: 2.079106
  Saved to: experiments/12c_h1_rolling/macro_heavy_weekly_h1_enc8/fold_2020/collapse_monitoring/collapse_monitor_latest.json
[DEBUG CollapseMonitor] on_validation_epoch_start called for epoch 24
[DEBUG CollapseMonitor] reset_temporal_state() called on loss function
Epoch 24: val_loss=0.7610124945640564
Epoch 24: train_loss=0.9749656915664673

[CollapseMonitor] Epoch 24
  [DEBUG] Processed 1 batches from val_dataloader
  [DEBUG] Predictions shape after concat: (14,)
  Pred std: 0.002924, range: 0.007722, mean: 0.311704
  Pos: 100.0%, Neg: 0.0%, Unique: 14
  Dir Acc: 50.00%, Pred Sharpe: 1692.1570
  Composite: 0.3750 (dist_match: 0.5000, actual_pos: 50.0%, pred_pos: 100.0%)
  Collapse penalty: 0.000000 (threshold: 0.005000)
  Saved validation predictions to: experiments/12c_h1_rolling/macro_heavy_weekly_h1_enc8/fold_2020/collapse_monitoring/val_predictions_epoch24.npy
  Gradient norms:
    lstm_encoder: 0.009056
    lstm_decoder: 0.008117
    output_layer: 0.473536
  VSN output std:
    encoder: 0.112391
  Attention entropy: 2.079065
  Saved to: experiments/12c_h1_rolling/macro_heavy_weekly_h1_enc8/fold_2020/collapse_monitoring/collapse_monitor_latest.json
[DEBUG CollapseMonitor] on_validation_epoch_start called for epoch 25
[DEBUG CollapseMonitor] reset_temporal_state() called on loss function
Epoch 25: val_loss=0.7535422444343567
Epoch 25: train_loss=0.9683212637901306

[CollapseMonitor] Epoch 25
  [DEBUG] Processed 1 batches from val_dataloader
  [DEBUG] Predictions shape after concat: (14,)
  Pred std: 0.002953, range: 0.007694, mean: 0.302239
  Pos: 100.0%, Neg: 0.0%, Unique: 14
  Dir Acc: 50.00%, Pred Sharpe: 1624.5924
  Composite: 0.3750 (dist_match: 0.5000, actual_pos: 50.0%, pred_pos: 100.0%)
  Collapse penalty: 0.000000 (threshold: 0.005000)
  Saved validation predictions to: experiments/12c_h1_rolling/macro_heavy_weekly_h1_enc8/fold_2020/collapse_monitoring/val_predictions_epoch25.npy
  Gradient norms:
    lstm_encoder: 0.009105
    lstm_decoder: 0.009011
    output_layer: 0.486757
  VSN output std:
    encoder: 0.109760
  Attention entropy: 2.079009
  Saved to: experiments/12c_h1_rolling/macro_heavy_weekly_h1_enc8/fold_2020/collapse_monitoring/collapse_monitor_latest.json
[DEBUG CollapseMonitor] on_validation_epoch_start called for epoch 26
[DEBUG CollapseMonitor] reset_temporal_state() called on loss function
Epoch 26: val_loss=0.7453169822692871
Epoch 26: train_loss=0.9468715190887451

[CollapseMonitor] Epoch 26
  [DEBUG] Processed 1 batches from val_dataloader
  [DEBUG] Predictions shape after concat: (14,)
  Pred std: 0.002857, range: 0.007161, mean: 0.288271
  Pos: 100.0%, Neg: 0.0%, Unique: 14
  Dir Acc: 50.00%, Pred Sharpe: 1601.7484
  Composite: 0.3750 (dist_match: 0.5000, actual_pos: 50.0%, pred_pos: 100.0%)
  Collapse penalty: 0.000000 (threshold: 0.005000)
  Saved validation predictions to: experiments/12c_h1_rolling/macro_heavy_weekly_h1_enc8/fold_2020/collapse_monitoring/val_predictions_epoch26.npy
  Gradient norms:
    lstm_encoder: 0.008473
    lstm_decoder: 0.008080
    output_layer: 0.428937
  VSN output std:
    encoder: 0.107736
  Attention entropy: 2.078976
  Saved to: experiments/12c_h1_rolling/macro_heavy_weekly_h1_enc8/fold_2020/collapse_monitoring/collapse_monitor_latest.json
[DEBUG CollapseMonitor] on_validation_epoch_start called for epoch 27
[DEBUG CollapseMonitor] reset_temporal_state() called on loss function
Epoch 27: val_loss=0.7408280968666077
Epoch 27: train_loss=0.9616013765335083

[CollapseMonitor] Epoch 27
  [DEBUG] Processed 1 batches from val_dataloader
  [DEBUG] Predictions shape after concat: (14,)
  Pred std: 0.002772, range: 0.006819, mean: 0.285916
  Pos: 100.0%, Neg: 0.0%, Unique: 14
  Dir Acc: 50.00%, Pred Sharpe: 1637.6327
  Composite: 0.3750 (dist_match: 0.5000, actual_pos: 50.0%, pred_pos: 100.0%)
  Collapse penalty: 0.000000 (threshold: 0.005000)
  Saved validation predictions to: experiments/12c_h1_rolling/macro_heavy_weekly_h1_enc8/fold_2020/collapse_monitoring/val_predictions_epoch27.npy
  Gradient norms:
    lstm_encoder: 0.007478
    lstm_decoder: 0.007643
    output_layer: 0.410047
  VSN output std:
    encoder: 0.106695
  Attention entropy: 2.078960
  Saved to: experiments/12c_h1_rolling/macro_heavy_weekly_h1_enc8/fold_2020/collapse_monitoring/collapse_monitor_latest.json
[DEBUG CollapseMonitor] on_validation_epoch_start called for epoch 28
[DEBUG CollapseMonitor] reset_temporal_state() called on loss function
Epoch 28: val_loss=0.7332372069358826
Epoch 28: train_loss=0.9446397423744202

[CollapseMonitor] Epoch 28
  [DEBUG] Processed 1 batches from val_dataloader
  [DEBUG] Predictions shape after concat: (14,)
  Pred std: 0.002642, range: 0.006418, mean: 0.274040
  Pos: 100.0%, Neg: 0.0%, Unique: 14
  Dir Acc: 50.00%, Pred Sharpe: 1646.3905
  Composite: 0.3750 (dist_match: 0.5000, actual_pos: 50.0%, pred_pos: 100.0%)
  Collapse penalty: 0.000000 (threshold: 0.005000)
  Saved validation predictions to: experiments/12c_h1_rolling/macro_heavy_weekly_h1_enc8/fold_2020/collapse_monitoring/val_predictions_epoch28.npy
  Gradient norms:
    lstm_encoder: 0.008136
    lstm_decoder: 0.007673
    output_layer: 0.407188
  VSN output std:
    encoder: 0.105437
  Attention entropy: 2.078927
  Saved to: experiments/12c_h1_rolling/macro_heavy_weekly_h1_enc8/fold_2020/collapse_monitoring/collapse_monitor_latest.json
[DEBUG CollapseMonitor] on_validation_epoch_start called for epoch 29
[DEBUG CollapseMonitor] reset_temporal_state() called on loss function
Epoch 29: val_loss=0.7281211018562317
Epoch 29: train_loss=0.9462845325469971

[CollapseMonitor] Epoch 29
  [DEBUG] Processed 1 batches from val_dataloader
  [DEBUG] Predictions shape after concat: (14,)
  Pred std: 0.002519, range: 0.006037, mean: 0.271078
  Pos: 100.0%, Neg: 0.0%, Unique: 14
  Dir Acc: 50.00%, Pred Sharpe: 1708.0965
  Composite: 0.3750 (dist_match: 0.5000, actual_pos: 50.0%, pred_pos: 100.0%)
  Collapse penalty: 0.000000 (threshold: 0.005000)
  Saved validation predictions to: experiments/12c_h1_rolling/macro_heavy_weekly_h1_enc8/fold_2020/collapse_monitoring/val_predictions_epoch29.npy
  Gradient norms:
    lstm_encoder: 0.007107
    lstm_decoder: 0.006769
    output_layer: 0.386858
  VSN output std:
    encoder: 0.105683
  Attention entropy: 2.078926
  Saved to: experiments/12c_h1_rolling/macro_heavy_weekly_h1_enc8/fold_2020/collapse_monitoring/collapse_monitor_latest.json
[DEBUG CollapseMonitor] on_validation_epoch_start called for epoch 30
[DEBUG CollapseMonitor] reset_temporal_state() called on loss function
Epoch 30: val_loss=0.7221540212631226
Epoch 30: train_loss=0.9374476671218872

[CollapseMonitor] Epoch 30
  [DEBUG] Processed 1 batches from val_dataloader
  [DEBUG] Predictions shape after concat: (14,)
  Pred std: 0.002343, range: 0.005504, mean: 0.264479
  Pos: 100.0%, Neg: 0.0%, Unique: 14
  Dir Acc: 50.00%, Pred Sharpe: 1791.6404
  Composite: 0.3750 (dist_match: 0.5000, actual_pos: 50.0%, pred_pos: 100.0%)
  Collapse penalty: 0.000000 (threshold: 0.005000)
  Saved validation predictions to: experiments/12c_h1_rolling/macro_heavy_weekly_h1_enc8/fold_2020/collapse_monitoring/val_predictions_epoch30.npy
  Gradient norms:
    lstm_encoder: 0.008124
    lstm_decoder: 0.007416
    output_layer: 0.370823
  VSN output std:
    encoder: 0.104634
  Attention entropy: 2.078899
  Saved to: experiments/12c_h1_rolling/macro_heavy_weekly_h1_enc8/fold_2020/collapse_monitoring/collapse_monitor_latest.json
[DEBUG CollapseMonitor] on_validation_epoch_start called for epoch 31
[DEBUG CollapseMonitor] reset_temporal_state() called on loss function
Epoch 31: val_loss=0.717070996761322
Epoch 31: train_loss=0.9035261273384094

[CollapseMonitor] Epoch 31
  [DEBUG] Processed 1 batches from val_dataloader
  [DEBUG] Predictions shape after concat: (14,)
  Pred std: 0.002187, range: 0.005022, mean: 0.272648
  Pos: 100.0%, Neg: 0.0%, Unique: 14
  Dir Acc: 50.00%, Pred Sharpe: 1978.8512
  Composite: 0.3750 (dist_match: 0.5000, actual_pos: 50.0%, pred_pos: 100.0%)
  Collapse penalty: 0.000000 (threshold: 0.005000)
  Saved validation predictions to: experiments/12c_h1_rolling/macro_heavy_weekly_h1_enc8/fold_2020/collapse_monitoring/val_predictions_epoch31.npy
  Gradient norms:
    lstm_encoder: 0.006824
    lstm_decoder: 0.007065
    output_layer: 0.389901
  VSN output std:
    encoder: 0.104992
  Attention entropy: 2.078911
  Saved to: experiments/12c_h1_rolling/macro_heavy_weekly_h1_enc8/fold_2020/collapse_monitoring/collapse_monitor_latest.json
[DEBUG CollapseMonitor] on_validation_epoch_start called for epoch 32
[DEBUG CollapseMonitor] reset_temporal_state() called on loss function
Epoch 32: val_loss=0.7105369567871094
Epoch 32: train_loss=0.9262762069702148

[CollapseMonitor] Epoch 32
  [DEBUG] Processed 1 batches from val_dataloader
  [DEBUG] Predictions shape after concat: (14,)
  Pred std: 0.002055, range: 0.004738, mean: 0.295875
  Pos: 100.0%, Neg: 0.0%, Unique: 14
  Dir Acc: 50.00%, Pred Sharpe: 2285.1979
  Composite: 0.3750 (dist_match: 0.5000, actual_pos: 50.0%, pred_pos: 100.0%)
  Collapse penalty: 0.000000 (threshold: 0.005000)
  Saved validation predictions to: experiments/12c_h1_rolling/macro_heavy_weekly_h1_enc8/fold_2020/collapse_monitoring/val_predictions_epoch32.npy
  Gradient norms:
    lstm_encoder: 0.007477
    lstm_decoder: 0.007103
    output_layer: 0.344238
  VSN output std:
    encoder: 0.104988
  Attention entropy: 2.078881
  Saved to: experiments/12c_h1_rolling/macro_heavy_weekly_h1_enc8/fold_2020/collapse_monitoring/collapse_monitor_latest.json
[DEBUG CollapseMonitor] on_validation_epoch_start called for epoch 33
[DEBUG CollapseMonitor] reset_temporal_state() called on loss function
Epoch 33: val_loss=0.7051640748977661
Epoch 33: train_loss=0.9237052202224731

[CollapseMonitor] Epoch 33
  [DEBUG] Processed 1 batches from val_dataloader
  [DEBUG] Predictions shape after concat: (14,)
  Pred std: 0.002035, range: 0.004709, mean: 0.298776
  Pos: 100.0%, Neg: 0.0%, Unique: 13
  Dir Acc: 50.00%, Pred Sharpe: 2331.1665
  Composite: 0.3750 (dist_match: 0.5000, actual_pos: 50.0%, pred_pos: 100.0%)
  Collapse penalty: 0.000000 (threshold: 0.005000)
  Saved validation predictions to: experiments/12c_h1_rolling/macro_heavy_weekly_h1_enc8/fold_2020/collapse_monitoring/val_predictions_epoch33.npy
  Gradient norms:
    lstm_encoder: 0.007820
    lstm_decoder: 0.007761
    output_layer: 0.367405
  VSN output std:
    encoder: 0.103870
  Attention entropy: 2.078839
  Saved to: experiments/12c_h1_rolling/macro_heavy_weekly_h1_enc8/fold_2020/collapse_monitoring/collapse_monitor_latest.json
[DEBUG CollapseMonitor] on_validation_epoch_start called for epoch 34
[DEBUG CollapseMonitor] reset_temporal_state() called on loss function
Epoch 34: val_loss=0.7001485824584961
Epoch 34: train_loss=0.9070045351982117

[CollapseMonitor] Epoch 34
  [DEBUG] Processed 1 batches from val_dataloader
  [DEBUG] Predictions shape after concat: (14,)
  Pred std: 0.001889, range: 0.004460, mean: 0.276989
  Pos: 100.0%, Neg: 0.0%, Unique: 14
  Dir Acc: 50.00%, Pred Sharpe: 2327.6295
  Composite: 0.3750 (dist_match: 0.5000, actual_pos: 50.0%, pred_pos: 100.0%)
  Collapse penalty: 0.000000 (threshold: 0.005000)
  Saved validation predictions to: experiments/12c_h1_rolling/macro_heavy_weekly_h1_enc8/fold_2020/collapse_monitoring/val_predictions_epoch34.npy
  Gradient norms:
    lstm_encoder: 0.006733
    lstm_decoder: 0.007001
    output_layer: 0.328240
  VSN output std:
    encoder: 0.104428
  Attention entropy: 2.078863
  Saved to: experiments/12c_h1_rolling/macro_heavy_weekly_h1_enc8/fold_2020/collapse_monitoring/collapse_monitor_latest.json
[DEBUG CollapseMonitor] on_validation_epoch_start called for epoch 35
[DEBUG CollapseMonitor] reset_temporal_state() called on loss function
Epoch 35: val_loss=0.6966174244880676
Epoch 35: train_loss=0.9008738994598389

[CollapseMonitor] Epoch 35
  [DEBUG] Processed 1 batches from val_dataloader
  [DEBUG] Predictions shape after concat: (14,)
  Pred std: 0.001892, range: 0.004504, mean: 0.270771
  Pos: 100.0%, Neg: 0.0%, Unique: 14
  Dir Acc: 50.00%, Pred Sharpe: 2272.2550
  Composite: 0.3750 (dist_match: 0.5000, actual_pos: 50.0%, pred_pos: 100.0%)
  Collapse penalty: 0.000000 (threshold: 0.005000)
  Saved validation predictions to: experiments/12c_h1_rolling/macro_heavy_weekly_h1_enc8/fold_2020/collapse_monitoring/val_predictions_epoch35.npy
  Gradient norms:
    lstm_encoder: 0.006832
    lstm_decoder: 0.007204
    output_layer: 0.339096
  VSN output std:
    encoder: 0.102846
  Attention entropy: 2.078843
  Saved to: experiments/12c_h1_rolling/macro_heavy_weekly_h1_enc8/fold_2020/collapse_monitoring/collapse_monitor_latest.json
[DEBUG CollapseMonitor] on_validation_epoch_start called for epoch 36
[DEBUG CollapseMonitor] reset_temporal_state() called on loss function
Epoch 36: val_loss=0.6943479776382446
Epoch 36: train_loss=0.9078033566474915

[CollapseMonitor] Epoch 36
  [DEBUG] Processed 1 batches from val_dataloader
  [DEBUG] Predictions shape after concat: (14,)
  Pred std: 0.001865, range: 0.004464, mean: 0.303943
  Pos: 100.0%, Neg: 0.0%, Unique: 14
  Dir Acc: 50.00%, Pred Sharpe: 2587.0540
  Composite: 0.3750 (dist_match: 0.5000, actual_pos: 50.0%, pred_pos: 100.0%)
  Collapse penalty: 0.000000 (threshold: 0.005000)
  Saved validation predictions to: experiments/12c_h1_rolling/macro_heavy_weekly_h1_enc8/fold_2020/collapse_monitoring/val_predictions_epoch36.npy
  Gradient norms:
    lstm_encoder: 0.006167
    lstm_decoder: 0.006339
    output_layer: 0.312327
  VSN output std:
    encoder: 0.100529
  Attention entropy: 2.078799
  Saved to: experiments/12c_h1_rolling/macro_heavy_weekly_h1_enc8/fold_2020/collapse_monitoring/collapse_monitor_latest.json
[DEBUG CollapseMonitor] on_validation_epoch_start called for epoch 37
[DEBUG CollapseMonitor] reset_temporal_state() called on loss function
Epoch 37: val_loss=0.6936360597610474
Epoch 37: train_loss=0.8947337865829468

[CollapseMonitor] Epoch 37
  [DEBUG] Processed 1 batches from val_dataloader
  [DEBUG] Predictions shape after concat: (14,)
  Pred std: 0.001983, range: 0.004915, mean: 0.305324
  Pos: 100.0%, Neg: 0.0%, Unique: 14
  Dir Acc: 50.00%, Pred Sharpe: 2444.7856
  Composite: 0.3750 (dist_match: 0.5000, actual_pos: 50.0%, pred_pos: 100.0%)
  Collapse penalty: 0.000000 (threshold: 0.005000)
  Saved validation predictions to: experiments/12c_h1_rolling/macro_heavy_weekly_h1_enc8/fold_2020/collapse_monitoring/val_predictions_epoch37.npy
  Gradient norms:
    lstm_encoder: 0.007036
    lstm_decoder: 0.006492
    output_layer: 0.298527
  VSN output std:
    encoder: 0.097952
  Attention entropy: 2.078680
  Saved to: experiments/12c_h1_rolling/macro_heavy_weekly_h1_enc8/fold_2020/collapse_monitoring/collapse_monitor_latest.json
[DEBUG CollapseMonitor] on_validation_epoch_start called for epoch 38
[DEBUG CollapseMonitor] reset_temporal_state() called on loss function
Epoch 38: val_loss=0.6948687434196472
Epoch 38: train_loss=0.898057222366333

[CollapseMonitor] Epoch 38
  [DEBUG] Processed 1 batches from val_dataloader
  [DEBUG] Predictions shape after concat: (14,)
  Pred std: 0.001943, range: 0.005003, mean: 0.305509
  Pos: 100.0%, Neg: 0.0%, Unique: 14
  Dir Acc: 50.00%, Pred Sharpe: 2495.5828
  Composite: 0.3750 (dist_match: 0.5000, actual_pos: 50.0%, pred_pos: 100.0%)
  Collapse penalty: 0.000000 (threshold: 0.005000)
  Saved validation predictions to: experiments/12c_h1_rolling/macro_heavy_weekly_h1_enc8/fold_2020/collapse_monitoring/val_predictions_epoch38.npy
  Gradient norms:
    lstm_encoder: 0.007958
    lstm_decoder: 0.007501
    output_layer: 0.350735
  VSN output std:
    encoder: 0.095895
  Attention entropy: 2.078580
  Saved to: experiments/12c_h1_rolling/macro_heavy_weekly_h1_enc8/fold_2020/collapse_monitoring/collapse_monitor_latest.json
[DEBUG CollapseMonitor] on_validation_epoch_start called for epoch 39
[DEBUG CollapseMonitor] reset_temporal_state() called on loss function
Epoch 39: val_loss=0.6936367750167847
Epoch 39: train_loss=0.8937967419624329

[CollapseMonitor] Epoch 39
  [DEBUG] Processed 1 batches from val_dataloader
  [DEBUG] Predictions shape after concat: (14,)
  Pred std: 0.001863, range: 0.004927, mean: 0.305703
  Pos: 100.0%, Neg: 0.0%, Unique: 14
  Dir Acc: 50.00%, Pred Sharpe: 2604.2852
  Composite: 0.3750 (dist_match: 0.5000, actual_pos: 50.0%, pred_pos: 100.0%)
  Collapse penalty: 0.000000 (threshold: 0.005000)
  Saved validation predictions to: experiments/12c_h1_rolling/macro_heavy_weekly_h1_enc8/fold_2020/collapse_monitoring/val_predictions_epoch39.npy
  Gradient norms:
    lstm_encoder: 0.006134
    lstm_decoder: 0.006198
    output_layer: 0.283865
  VSN output std:
    encoder: 0.094243
  Attention entropy: 2.078504
  Saved to: experiments/12c_h1_rolling/macro_heavy_weekly_h1_enc8/fold_2020/collapse_monitoring/collapse_monitor_latest.json
[DEBUG CollapseMonitor] on_validation_epoch_start called for epoch 40
[DEBUG CollapseMonitor] reset_temporal_state() called on loss function
Epoch 40: val_loss=0.6928179860115051
Epoch 40: train_loss=0.8876436352729797

[CollapseMonitor] Epoch 40
  [DEBUG] Processed 1 batches from val_dataloader
  [DEBUG] Predictions shape after concat: (14,)
  Pred std: 0.001606, range: 0.004377, mean: 0.313346
  Pos: 100.0%, Neg: 0.0%, Unique: 14
  Dir Acc: 50.00%, Pred Sharpe: 3097.1258
  Composite: 0.3750 (dist_match: 0.5000, actual_pos: 50.0%, pred_pos: 100.0%)
  Collapse penalty: 0.000000 (threshold: 0.005000)
  Saved validation predictions to: experiments/12c_h1_rolling/macro_heavy_weekly_h1_enc8/fold_2020/collapse_monitoring/val_predictions_epoch40.npy
  Gradient norms:
    lstm_encoder: 0.006092
    lstm_decoder: 0.005481
    output_layer: 0.262778
  VSN output std:
    encoder: 0.093786
  Attention entropy: 2.078491
  Saved to: experiments/12c_h1_rolling/macro_heavy_weekly_h1_enc8/fold_2020/collapse_monitoring/collapse_monitor_latest.json
[DEBUG CollapseMonitor] on_validation_epoch_start called for epoch 41
[DEBUG CollapseMonitor] reset_temporal_state() called on loss function
Epoch 41: val_loss=0.6917031407356262
Epoch 41: train_loss=0.887884795665741

[CollapseMonitor] Epoch 41
  [DEBUG] Processed 1 batches from val_dataloader
  [DEBUG] Predictions shape after concat: (14,)
  Pred std: 0.001538, range: 0.004285, mean: 0.320211
  Pos: 100.0%, Neg: 0.0%, Unique: 14
  Dir Acc: 50.00%, Pred Sharpe: 3304.3095
  Composite: 0.3750 (dist_match: 0.5000, actual_pos: 50.0%, pred_pos: 100.0%)
  Collapse penalty: 0.000000 (threshold: 0.005000)
  Saved validation predictions to: experiments/12c_h1_rolling/macro_heavy_weekly_h1_enc8/fold_2020/collapse_monitoring/val_predictions_epoch41.npy
  Gradient norms:
    lstm_encoder: 0.006414
    lstm_decoder: 0.005889
    output_layer: 0.298437
  VSN output std:
    encoder: 0.093479
  Attention entropy: 2.078454
  Saved to: experiments/12c_h1_rolling/macro_heavy_weekly_h1_enc8/fold_2020/collapse_monitoring/collapse_monitor_latest.json
[DEBUG CollapseMonitor] on_validation_epoch_start called for epoch 42
[DEBUG CollapseMonitor] reset_temporal_state() called on loss function
Epoch 42: val_loss=0.6926641464233398
Epoch 42: train_loss=0.8877944946289062

[CollapseMonitor] Epoch 42
  [DEBUG] Processed 1 batches from val_dataloader
  [DEBUG] Predictions shape after concat: (14,)
  Pred std: 0.001476, range: 0.004302, mean: 0.316129
  Pos: 100.0%, Neg: 0.0%, Unique: 14
  Dir Acc: 50.00%, Pred Sharpe: 3400.3917
  Composite: 0.3750 (dist_match: 0.5000, actual_pos: 50.0%, pred_pos: 100.0%)
  Collapse penalty: 0.000000 (threshold: 0.005000)
  Saved validation predictions to: experiments/12c_h1_rolling/macro_heavy_weekly_h1_enc8/fold_2020/collapse_monitoring/val_predictions_epoch42.npy
  Gradient norms:
    lstm_encoder: 0.006786
    lstm_decoder: 0.006565
    output_layer: 0.336898
  VSN output std:
    encoder: 0.092198
  Attention entropy: 2.078346
  Saved to: experiments/12c_h1_rolling/macro_heavy_weekly_h1_enc8/fold_2020/collapse_monitoring/collapse_monitor_latest.json
[DEBUG CollapseMonitor] on_validation_epoch_start called for epoch 43
[DEBUG CollapseMonitor] reset_temporal_state() called on loss function
Epoch 43: val_loss=0.6924501061439514
Epoch 43: train_loss=0.8698216080665588

[CollapseMonitor] Epoch 43
  [DEBUG] Processed 1 batches from val_dataloader
  [DEBUG] Predictions shape after concat: (14,)
  Pred std: 0.001378, range: 0.004279, mean: 0.321300
  Pos: 100.0%, Neg: 0.0%, Unique: 14
  Dir Acc: 50.00%, Pred Sharpe: 3702.2951
  Composite: 0.3750 (dist_match: 0.5000, actual_pos: 50.0%, pred_pos: 100.0%)
  Collapse penalty: 0.000000 (threshold: 0.005000)
  Saved validation predictions to: experiments/12c_h1_rolling/macro_heavy_weekly_h1_enc8/fold_2020/collapse_monitoring/val_predictions_epoch43.npy
  Gradient norms:
    lstm_encoder: 0.006313
    lstm_decoder: 0.006294
    output_layer: 0.269317
  VSN output std:
    encoder: 0.091596
  Attention entropy: 2.078272
  Saved to: experiments/12c_h1_rolling/macro_heavy_weekly_h1_enc8/fold_2020/collapse_monitoring/collapse_monitor_latest.json
[DEBUG CollapseMonitor] on_validation_epoch_start called for epoch 44
[DEBUG CollapseMonitor] reset_temporal_state() called on loss function
Epoch 44: val_loss=0.6928543448448181
Epoch 44: train_loss=0.8810312151908875

[CollapseMonitor] Epoch 44
  [DEBUG] Processed 1 batches from val_dataloader
  [DEBUG] Predictions shape after concat: (14,)
  Pred std: 0.001249, range: 0.004235, mean: 0.310239
  Pos: 100.0%, Neg: 0.0%, Unique: 14
  Dir Acc: 50.00%, Pred Sharpe: 3943.9078
  Composite: 0.3750 (dist_match: 0.5000, actual_pos: 50.0%, pred_pos: 100.0%)
  Collapse penalty: 0.000000 (threshold: 0.005000)
  Saved validation predictions to: experiments/12c_h1_rolling/macro_heavy_weekly_h1_enc8/fold_2020/collapse_monitoring/val_predictions_epoch44.npy
  Gradient norms:
    lstm_encoder: 0.006427
    lstm_decoder: 0.005806
    output_layer: 0.294479
  VSN output std:
    encoder: 0.089130
  Attention entropy: 2.078075
  Saved to: experiments/12c_h1_rolling/macro_heavy_weekly_h1_enc8/fold_2020/collapse_monitoring/collapse_monitor_latest.json
[DEBUG CollapseMonitor] on_validation_epoch_start called for epoch 45
[DEBUG CollapseMonitor] reset_temporal_state() called on loss function
Epoch 45: val_loss=0.6911152601242065
Epoch 45: train_loss=0.8728411793708801

[CollapseMonitor] Epoch 45
  [DEBUG] Processed 1 batches from val_dataloader
  [DEBUG] Predictions shape after concat: (14,)
  Pred std: 0.001187, range: 0.004004, mean: 0.291882
  Pos: 100.0%, Neg: 0.0%, Unique: 14
  Dir Acc: 50.00%, Pred Sharpe: 3903.3074
  Composite: 0.3750 (dist_match: 0.5000, actual_pos: 50.0%, pred_pos: 100.0%)
  Collapse penalty: 0.000000 (threshold: 0.005000)
  Saved validation predictions to: experiments/12c_h1_rolling/macro_heavy_weekly_h1_enc8/fold_2020/collapse_monitoring/val_predictions_epoch45.npy
  Gradient norms:
    lstm_encoder: 0.006184
    lstm_decoder: 0.005375
    output_layer: 0.266394
  VSN output std:
    encoder: 0.088190
  Attention entropy: 2.077992
  Saved to: experiments/12c_h1_rolling/macro_heavy_weekly_h1_enc8/fold_2020/collapse_monitoring/collapse_monitor_latest.json
[DEBUG CollapseMonitor] on_validation_epoch_start called for epoch 46
[DEBUG CollapseMonitor] reset_temporal_state() called on loss function
Epoch 46: val_loss=0.6898602247238159
Epoch 46: train_loss=0.8744182586669922

[CollapseMonitor] Epoch 46
  [DEBUG] Processed 1 batches from val_dataloader
  [DEBUG] Predictions shape after concat: (14,)
  Pred std: 0.001151, range: 0.003446, mean: 0.278520
  Pos: 100.0%, Neg: 0.0%, Unique: 14
  Dir Acc: 50.00%, Pred Sharpe: 3839.9436
  Composite: 0.3750 (dist_match: 0.5000, actual_pos: 50.0%, pred_pos: 100.0%)
  Collapse penalty: 0.000000 (threshold: 0.005000)
  Saved validation predictions to: experiments/12c_h1_rolling/macro_heavy_weekly_h1_enc8/fold_2020/collapse_monitoring/val_predictions_epoch46.npy
  Gradient norms:
    lstm_encoder: 0.005954
    lstm_decoder: 0.006143
    output_layer: 0.272166
  VSN output std:
    encoder: 0.086541
  Attention entropy: 2.077929
  Saved to: experiments/12c_h1_rolling/macro_heavy_weekly_h1_enc8/fold_2020/collapse_monitoring/collapse_monitor_latest.json
[DEBUG CollapseMonitor] on_validation_epoch_start called for epoch 47
[DEBUG CollapseMonitor] reset_temporal_state() called on loss function
Epoch 47: val_loss=0.6890023946762085
Epoch 47: train_loss=0.8747702836990356

[CollapseMonitor] Epoch 47
  [DEBUG] Processed 1 batches from val_dataloader
  [DEBUG] Predictions shape after concat: (14,)
  Pred std: 0.001257, range: 0.004423, mean: 0.259292
  Pos: 100.0%, Neg: 0.0%, Unique: 14
  Dir Acc: 50.00%, Pred Sharpe: 3273.5749
  Composite: 0.3750 (dist_match: 0.5000, actual_pos: 50.0%, pred_pos: 100.0%)
  Collapse penalty: 0.000000 (threshold: 0.005000)
  Saved validation predictions to: experiments/12c_h1_rolling/macro_heavy_weekly_h1_enc8/fold_2020/collapse_monitoring/val_predictions_epoch47.npy
  Gradient norms:
    lstm_encoder: 0.006279
    lstm_decoder: 0.006097
    output_layer: 0.289695
  VSN output std:
    encoder: 0.085889
  Attention entropy: 2.077931
  Saved to: experiments/12c_h1_rolling/macro_heavy_weekly_h1_enc8/fold_2020/collapse_monitoring/collapse_monitor_latest.json
[DEBUG CollapseMonitor] on_validation_epoch_start called for epoch 48
[DEBUG CollapseMonitor] reset_temporal_state() called on loss function
Epoch 48: val_loss=0.6890869140625
Epoch 48: train_loss=0.8631137609481812

[CollapseMonitor] Epoch 48
  [DEBUG] Processed 1 batches from val_dataloader
  [DEBUG] Predictions shape after concat: (14,)
  Pred std: 0.001465, range: 0.005514, mean: 0.238657
  Pos: 100.0%, Neg: 0.0%, Unique: 14
  Dir Acc: 50.00%, Pred Sharpe: 2586.8653
  Composite: 0.3750 (dist_match: 0.5000, actual_pos: 50.0%, pred_pos: 100.0%)
  Collapse penalty: 0.000000 (threshold: 0.005000)
  Saved validation predictions to: experiments/12c_h1_rolling/macro_heavy_weekly_h1_enc8/fold_2020/collapse_monitoring/val_predictions_epoch48.npy
  Gradient norms:
    lstm_encoder: 0.005914
    lstm_decoder: 0.005274
    output_layer: 0.258689
  VSN output std:
    encoder: 0.085365
  Attention entropy: 2.077894
  Saved to: experiments/12c_h1_rolling/macro_heavy_weekly_h1_enc8/fold_2020/collapse_monitoring/collapse_monitor_latest.json
[DEBUG CollapseMonitor] on_validation_epoch_start called for epoch 49
[DEBUG CollapseMonitor] reset_temporal_state() called on loss function
Epoch 49: val_loss=0.688713014125824
Epoch 49: train_loss=0.8636389374732971

[CollapseMonitor] Epoch 49
  [DEBUG] Processed 1 batches from val_dataloader
  [DEBUG] Predictions shape after concat: (14,)
  Pred std: 0.001661, range: 0.006388, mean: 0.230749
  Pos: 100.0%, Neg: 0.0%, Unique: 14
  Dir Acc: 50.00%, Pred Sharpe: 2205.5770
  Composite: 0.3750 (dist_match: 0.5000, actual_pos: 50.0%, pred_pos: 100.0%)
  Collapse penalty: 0.000000 (threshold: 0.005000)
  Saved validation predictions to: experiments/12c_h1_rolling/macro_heavy_weekly_h1_enc8/fold_2020/collapse_monitoring/val_predictions_epoch49.npy
  Gradient norms:
    lstm_encoder: 0.007517
    lstm_decoder: 0.006991
    output_layer: 0.330787
  VSN output std:
    encoder: 0.085173
  Attention entropy: 2.077888
  Saved to: experiments/12c_h1_rolling/macro_heavy_weekly_h1_enc8/fold_2020/collapse_monitoring/collapse_monitor_latest.json
[DEBUG CollapseMonitor] on_validation_epoch_start called for epoch 50
[DEBUG CollapseMonitor] reset_temporal_state() called on loss function
Epoch 50: val_loss=0.6893185973167419
Epoch 50: train_loss=0.8744090795516968

[CollapseMonitor] Epoch 50
  [DEBUG] Processed 1 batches from val_dataloader
  [DEBUG] Predictions shape after concat: (14,)
  Pred std: 0.002025, range: 0.007722, mean: 0.258228
  Pos: 100.0%, Neg: 0.0%, Unique: 14
  Dir Acc: 50.00%, Pred Sharpe: 2024.4899
  Composite: 0.3750 (dist_match: 0.5000, actual_pos: 50.0%, pred_pos: 100.0%)
  Collapse penalty: 0.000000 (threshold: 0.005000)
  Saved validation predictions to: experiments/12c_h1_rolling/macro_heavy_weekly_h1_enc8/fold_2020/collapse_monitoring/val_predictions_epoch50.npy
  Gradient norms:
    lstm_encoder: 0.007017
    lstm_decoder: 0.006097
    output_layer: 0.241708
  VSN output std:
    encoder: 0.084408
  Attention entropy: 2.077876
  Saved to: experiments/12c_h1_rolling/macro_heavy_weekly_h1_enc8/fold_2020/collapse_monitoring/collapse_monitor_latest.json
[DEBUG CollapseMonitor] on_validation_epoch_start called for epoch 51
[DEBUG CollapseMonitor] reset_temporal_state() called on loss function
Epoch 51: val_loss=0.688603937625885
Epoch 51: train_loss=0.8734891414642334

[CollapseMonitor] Epoch 51
  [DEBUG] Processed 1 batches from val_dataloader
  [DEBUG] Predictions shape after concat: (14,)
  Pred std: 0.002230, range: 0.008677, mean: 0.260346
  Pos: 100.0%, Neg: 0.0%, Unique: 14
  Dir Acc: 50.00%, Pred Sharpe: 1853.0007
  Composite: 0.3750 (dist_match: 0.5000, actual_pos: 50.0%, pred_pos: 100.0%)
  Collapse penalty: 0.000000 (threshold: 0.005000)
  Saved validation predictions to: experiments/12c_h1_rolling/macro_heavy_weekly_h1_enc8/fold_2020/collapse_monitoring/val_predictions_epoch51.npy
  Gradient norms:
    lstm_encoder: 0.006895
    lstm_decoder: 0.006039
    output_layer: 0.276703
  VSN output std:
    encoder: 0.083163
  Attention entropy: 2.077843
  Saved to: experiments/12c_h1_rolling/macro_heavy_weekly_h1_enc8/fold_2020/collapse_monitoring/collapse_monitor_latest.json
[DEBUG CollapseMonitor] on_validation_epoch_start called for epoch 52
[DEBUG CollapseMonitor] reset_temporal_state() called on loss function
Epoch 52: val_loss=0.6890416741371155
Epoch 52: train_loss=0.8670855164527893

[CollapseMonitor] Epoch 52
  [DEBUG] Processed 1 batches from val_dataloader
  [DEBUG] Predictions shape after concat: (14,)
  Pred std: 0.002464, range: 0.009760, mean: 0.264715
  Pos: 100.0%, Neg: 0.0%, Unique: 14
  Dir Acc: 50.00%, Pred Sharpe: 1705.3537
  Composite: 0.3750 (dist_match: 0.5000, actual_pos: 50.0%, pred_pos: 100.0%)
  Collapse penalty: 0.000000 (threshold: 0.005000)
  Saved validation predictions to: experiments/12c_h1_rolling/macro_heavy_weekly_h1_enc8/fold_2020/collapse_monitoring/val_predictions_epoch52.npy
  Gradient norms:
    lstm_encoder: 0.006471
    lstm_decoder: 0.005906
    output_layer: 0.237405
  VSN output std:
    encoder: 0.082604
  Attention entropy: 2.077710
  Saved to: experiments/12c_h1_rolling/macro_heavy_weekly_h1_enc8/fold_2020/collapse_monitoring/collapse_monitor_latest.json
[DEBUG CollapseMonitor] on_validation_epoch_start called for epoch 53
[DEBUG CollapseMonitor] reset_temporal_state() called on loss function
Epoch 53: val_loss=0.6916779279708862
Epoch 53: train_loss=0.8674022555351257

[CollapseMonitor] Epoch 53
  [DEBUG] Processed 1 batches from val_dataloader
  [DEBUG] Predictions shape after concat: (14,)
  Pred std: 0.002385, range: 0.009583, mean: 0.268610
  Pos: 100.0%, Neg: 0.0%, Unique: 14
  Dir Acc: 50.00%, Pred Sharpe: 1787.8279
  Composite: 0.3750 (dist_match: 0.5000, actual_pos: 50.0%, pred_pos: 100.0%)
  Collapse penalty: 0.000000 (threshold: 0.005000)
  Saved validation predictions to: experiments/12c_h1_rolling/macro_heavy_weekly_h1_enc8/fold_2020/collapse_monitoring/val_predictions_epoch53.npy
  Gradient norms:
    lstm_encoder: 0.006751
    lstm_decoder: 0.005931
    output_layer: 0.278712
  VSN output std:
    encoder: 0.082650
  Attention entropy: 2.077555
  Saved to: experiments/12c_h1_rolling/macro_heavy_weekly_h1_enc8/fold_2020/collapse_monitoring/collapse_monitor_latest.json
[DEBUG CollapseMonitor] on_validation_epoch_start called for epoch 54
[DEBUG CollapseMonitor] reset_temporal_state() called on loss function
Epoch 54: val_loss=0.6933656930923462
Epoch 54: train_loss=0.8684187531471252

[CollapseMonitor] Epoch 54
  [DEBUG] Processed 1 batches from val_dataloader
  [DEBUG] Predictions shape after concat: (14,)
  Pred std: 0.001970, range: 0.008052, mean: 0.275668
  Pos: 100.0%, Neg: 0.0%, Unique: 14
  Dir Acc: 50.00%, Pred Sharpe: 2221.7863
  Composite: 0.3750 (dist_match: 0.5000, actual_pos: 50.0%, pred_pos: 100.0%)
  Collapse penalty: 0.000000 (threshold: 0.005000)
  Saved validation predictions to: experiments/12c_h1_rolling/macro_heavy_weekly_h1_enc8/fold_2020/collapse_monitoring/val_predictions_epoch54.npy
  Gradient norms:
    lstm_encoder: 0.005963
    lstm_decoder: 0.005338
    output_layer: 0.266261
  VSN output std:
    encoder: 0.083495
  Attention entropy: 2.077186
  Saved to: experiments/12c_h1_rolling/macro_heavy_weekly_h1_enc8/fold_2020/collapse_monitoring/collapse_monitor_latest.json
[DEBUG CollapseMonitor] on_validation_epoch_start called for epoch 55
[DEBUG CollapseMonitor] reset_temporal_state() called on loss function
Epoch 55: val_loss=0.6960862278938293
Epoch 55: train_loss=0.8580025434494019

[CollapseMonitor] Epoch 55
  [DEBUG] Processed 1 batches from val_dataloader
  [DEBUG] Predictions shape after concat: (14,)
  Pred std: 0.002163, range: 0.008791, mean: 0.276265
  Pos: 100.0%, Neg: 0.0%, Unique: 13
  Dir Acc: 50.00%, Pred Sharpe: 2027.1684
  Composite: 0.3750 (dist_match: 0.5000, actual_pos: 50.0%, pred_pos: 100.0%)
  Collapse penalty: 0.000000 (threshold: 0.005000)
  Saved validation predictions to: experiments/12c_h1_rolling/macro_heavy_weekly_h1_enc8/fold_2020/collapse_monitoring/val_predictions_epoch55.npy
  Gradient norms:
    lstm_encoder: 0.006286
    lstm_decoder: 0.005211
    output_layer: 0.225363
  VSN output std:
    encoder: 0.084164
  Attention entropy: 2.077072
  Saved to: experiments/12c_h1_rolling/macro_heavy_weekly_h1_enc8/fold_2020/collapse_monitoring/collapse_monitor_latest.json
[DEBUG CollapseMonitor] on_validation_epoch_start called for epoch 56
[DEBUG CollapseMonitor] reset_temporal_state() called on loss function
Epoch 56: val_loss=0.6974378228187561
Epoch 56: train_loss=0.8578383326530457

[CollapseMonitor] Epoch 56
  [DEBUG] Processed 1 batches from val_dataloader
  [DEBUG] Predictions shape after concat: (14,)
  Pred std: 0.001872, range: 0.007738, mean: 0.266600
  Pos: 100.0%, Neg: 0.0%, Unique: 14
  Dir Acc: 50.00%, Pred Sharpe: 2260.1568
  Composite: 0.3750 (dist_match: 0.5000, actual_pos: 50.0%, pred_pos: 100.0%)
  Collapse penalty: 0.000000 (threshold: 0.005000)
  Saved validation predictions to: experiments/12c_h1_rolling/macro_heavy_weekly_h1_enc8/fold_2020/collapse_monitoring/val_predictions_epoch56.npy
  Gradient norms:
    lstm_encoder: 0.007479
    lstm_decoder: 0.006465
    output_layer: 0.244062
  VSN output std:
    encoder: 0.085362
  Attention entropy: 2.076672
  Saved to: experiments/12c_h1_rolling/macro_heavy_weekly_h1_enc8/fold_2020/collapse_monitoring/collapse_monitor_latest.json
[DEBUG CollapseMonitor] on_validation_epoch_start called for epoch 57
[DEBUG CollapseMonitor] reset_temporal_state() called on loss function
Epoch 57: val_loss=0.697846531867981
Epoch 57: train_loss=0.8668662905693054

[CollapseMonitor] Epoch 57
  [DEBUG] Processed 1 batches from val_dataloader
  [DEBUG] Predictions shape after concat: (14,)
  Pred std: 0.002166, range: 0.009013, mean: 0.264222
  Pos: 100.0%, Neg: 0.0%, Unique: 14
  Dir Acc: 50.00%, Pred Sharpe: 1936.5015
  Composite: 0.3750 (dist_match: 0.5000, actual_pos: 50.0%, pred_pos: 100.0%)
  Collapse penalty: 0.000000 (threshold: 0.005000)
  Saved validation predictions to: experiments/12c_h1_rolling/macro_heavy_weekly_h1_enc8/fold_2020/collapse_monitoring/val_predictions_epoch57.npy
  Gradient norms:
    lstm_encoder: 0.006504
    lstm_decoder: 0.005716
    output_layer: 0.249564
  VSN output std:
    encoder: 0.085363
  Attention entropy: 2.076774
  Saved to: experiments/12c_h1_rolling/macro_heavy_weekly_h1_enc8/fold_2020/collapse_monitoring/collapse_monitor_latest.json
[DEBUG CollapseMonitor] on_validation_epoch_start called for epoch 58
[DEBUG CollapseMonitor] reset_temporal_state() called on loss function
Epoch 58: val_loss=0.6971825361251831
Epoch 58: train_loss=0.8558900356292725

[CollapseMonitor] Epoch 58
  [DEBUG] Processed 1 batches from val_dataloader
  [DEBUG] Predictions shape after concat: (14,)
  Pred std: 0.002171, range: 0.008938, mean: 0.272429
  Pos: 100.0%, Neg: 0.0%, Unique: 14
  Dir Acc: 50.00%, Pred Sharpe: 1991.5715
  Composite: 0.3750 (dist_match: 0.5000, actual_pos: 50.0%, pred_pos: 100.0%)
  Collapse penalty: 0.000000 (threshold: 0.005000)
  Saved validation predictions to: experiments/12c_h1_rolling/macro_heavy_weekly_h1_enc8/fold_2020/collapse_monitoring/val_predictions_epoch58.npy
  Gradient norms:
    lstm_encoder: 0.007139
    lstm_decoder: 0.005736
    output_layer: 0.221638
  VSN output std:
    encoder: 0.085943
  Attention entropy: 2.076664
  Saved to: experiments/12c_h1_rolling/macro_heavy_weekly_h1_enc8/fold_2020/collapse_monitoring/collapse_monitor_latest.json
[DEBUG CollapseMonitor] on_validation_epoch_start called for epoch 59
[DEBUG CollapseMonitor] reset_temporal_state() called on loss function
Epoch 59: val_loss=0.6962732672691345
Epoch 59: train_loss=0.8625624179840088

[CollapseMonitor] Epoch 59
  [DEBUG] Processed 1 batches from val_dataloader
  [DEBUG] Predictions shape after concat: (14,)
  Pred std: 0.002038, range: 0.008405, mean: 0.274751
  Pos: 100.0%, Neg: 0.0%, Unique: 14
  Dir Acc: 50.00%, Pred Sharpe: 2140.5728
  Composite: 0.3750 (dist_match: 0.5000, actual_pos: 50.0%, pred_pos: 100.0%)
  Collapse penalty: 0.000000 (threshold: 0.005000)
  Saved validation predictions to: experiments/12c_h1_rolling/macro_heavy_weekly_h1_enc8/fold_2020/collapse_monitoring/val_predictions_epoch59.npy
  Gradient norms:
    lstm_encoder: 0.007138
    lstm_decoder: 0.005701
    output_layer: 0.261494
  VSN output std:
    encoder: 0.086341
  Attention entropy: 2.076486
  Saved to: experiments/12c_h1_rolling/macro_heavy_weekly_h1_enc8/fold_2020/collapse_monitoring/collapse_monitor_latest.json
[DEBUG CollapseMonitor] on_validation_epoch_start called for epoch 60
[DEBUG CollapseMonitor] reset_temporal_state() called on loss function
Epoch 60: val_loss=0.6952576041221619
Epoch 60: train_loss=0.8672009110450745

[CollapseMonitor] Epoch 60
  [DEBUG] Processed 1 batches from val_dataloader
  [DEBUG] Predictions shape after concat: (14,)
  Pred std: 0.002246, range: 0.008187, mean: 0.273392
  Pos: 100.0%, Neg: 0.0%, Unique: 14
  Dir Acc: 50.00%, Pred Sharpe: 1932.4419
  Composite: 0.3750 (dist_match: 0.5000, actual_pos: 50.0%, pred_pos: 100.0%)
  Collapse penalty: 0.000000 (threshold: 0.005000)
  Saved validation predictions to: experiments/12c_h1_rolling/macro_heavy_weekly_h1_enc8/fold_2020/collapse_monitoring/val_predictions_epoch60.npy
  Gradient norms:
    lstm_encoder: 0.007529
    lstm_decoder: 0.005666
    output_layer: 0.270211
  VSN output std:
    encoder: 0.086521
  Attention entropy: 2.076361
  Saved to: experiments/12c_h1_rolling/macro_heavy_weekly_h1_enc8/fold_2020/collapse_monitoring/collapse_monitor_latest.json
[DEBUG CollapseMonitor] on_validation_epoch_start called for epoch 61
[DEBUG CollapseMonitor] reset_temporal_state() called on loss function
Epoch 61: val_loss=0.6950536370277405
Epoch 61: train_loss=0.8594868779182434

[CollapseMonitor] Epoch 61
  [DEBUG] Processed 1 batches from val_dataloader
  [DEBUG] Predictions shape after concat: (14,)
  Pred std: 0.002445, range: 0.008159, mean: 0.277027
  Pos: 100.0%, Neg: 0.0%, Unique: 14
  Dir Acc: 50.00%, Pred Sharpe: 1798.3453
  Composite: 0.3750 (dist_match: 0.5000, actual_pos: 50.0%, pred_pos: 100.0%)
  Collapse penalty: 0.000000 (threshold: 0.005000)
  Saved validation predictions to: experiments/12c_h1_rolling/macro_heavy_weekly_h1_enc8/fold_2020/collapse_monitoring/val_predictions_epoch61.npy
  Gradient norms:
    lstm_encoder: 0.006769
    lstm_decoder: 0.005434
    output_layer: 0.273615
  VSN output std:
    encoder: 0.086765
  Attention entropy: 2.076302
  Saved to: experiments/12c_h1_rolling/macro_heavy_weekly_h1_enc8/fold_2020/collapse_monitoring/collapse_monitor_latest.json
[DEBUG CollapseMonitor] on_validation_epoch_start called for epoch 62
[DEBUG CollapseMonitor] reset_temporal_state() called on loss function
Epoch 62: val_loss=0.6961860656738281
Epoch 62: train_loss=0.863457977771759

[CollapseMonitor] Epoch 62
  [DEBUG] Processed 1 batches from val_dataloader
  [DEBUG] Predictions shape after concat: (14,)
  Pred std: 0.003010, range: 0.008217, mean: 0.279006
  Pos: 100.0%, Neg: 0.0%, Unique: 14
  Dir Acc: 50.00%, Pred Sharpe: 1471.5111
  Composite: 0.3750 (dist_match: 0.5000, actual_pos: 50.0%, pred_pos: 100.0%)
  Collapse penalty: 0.000000 (threshold: 0.005000)
  Saved validation predictions to: experiments/12c_h1_rolling/macro_heavy_weekly_h1_enc8/fold_2020/collapse_monitoring/val_predictions_epoch62.npy
  Gradient norms:
    lstm_encoder: 0.006709
    lstm_decoder: 0.005480
    output_layer: 0.253506
  VSN output std:
    encoder: 0.087538
  Attention entropy: 2.075993
  Saved to: experiments/12c_h1_rolling/macro_heavy_weekly_h1_enc8/fold_2020/collapse_monitoring/collapse_monitor_latest.json
[DEBUG CollapseMonitor] on_validation_epoch_start called for epoch 63
[DEBUG CollapseMonitor] reset_temporal_state() called on loss function
Epoch 63: val_loss=0.6961544752120972
Epoch 63: train_loss=0.8615545630455017

[CollapseMonitor] Epoch 63
  [DEBUG] Processed 1 batches from val_dataloader
  [DEBUG] Predictions shape after concat: (14,)
  Pred std: 0.002882, range: 0.009007, mean: 0.277997
  Pos: 100.0%, Neg: 0.0%, Unique: 14
  Dir Acc: 50.00%, Pred Sharpe: 1531.1992
  Composite: 0.3750 (dist_match: 0.5000, actual_pos: 50.0%, pred_pos: 100.0%)
  Collapse penalty: 0.000000 (threshold: 0.005000)
  Saved validation predictions to: experiments/12c_h1_rolling/macro_heavy_weekly_h1_enc8/fold_2020/collapse_monitoring/val_predictions_epoch63.npy
  Gradient norms:
    lstm_encoder: 0.008604
    lstm_decoder: 0.006994
    output_layer: 0.325290
  VSN output std:
    encoder: 0.087476
  Attention entropy: 2.076030
  Saved to: experiments/12c_h1_rolling/macro_heavy_weekly_h1_enc8/fold_2020/collapse_monitoring/collapse_monitor_latest.json
[DEBUG CollapseMonitor] on_validation_epoch_start called for epoch 64
[DEBUG CollapseMonitor] reset_temporal_state() called on loss function
Epoch 64: val_loss=0.694200873374939
Epoch 64: train_loss=0.8597378134727478

[CollapseMonitor] Epoch 64
  [DEBUG] Processed 1 batches from val_dataloader
  [DEBUG] Predictions shape after concat: (14,)
  Pred std: 0.003118, range: 0.009130, mean: 0.281046
  Pos: 100.0%, Neg: 0.0%, Unique: 14
  Dir Acc: 50.00%, Pred Sharpe: 1431.0270
  Composite: 0.3750 (dist_match: 0.5000, actual_pos: 50.0%, pred_pos: 100.0%)
  Collapse penalty: 0.000000 (threshold: 0.005000)
  Saved validation predictions to: experiments/12c_h1_rolling/macro_heavy_weekly_h1_enc8/fold_2020/collapse_monitoring/val_predictions_epoch64.npy
  Gradient norms:
    lstm_encoder: 0.007634
    lstm_decoder: 0.006781
    output_layer: 0.256256
  VSN output std:
    encoder: 0.087287
  Attention entropy: 2.075849
  Saved to: experiments/12c_h1_rolling/macro_heavy_weekly_h1_enc8/fold_2020/collapse_monitoring/collapse_monitor_latest.json
[DEBUG CollapseMonitor] on_validation_epoch_start called for epoch 65
[DEBUG CollapseMonitor] reset_temporal_state() called on loss function
Epoch 65: val_loss=0.6936469674110413
Epoch 65: train_loss=0.8551135659217834

[CollapseMonitor] Epoch 65
  [DEBUG] Processed 1 batches from val_dataloader
  [DEBUG] Predictions shape after concat: (14,)
  Pred std: 0.003130, range: 0.009483, mean: 0.275232
  Pos: 100.0%, Neg: 0.0%, Unique: 14
  Dir Acc: 50.00%, Pred Sharpe: 1395.9307
  Composite: 0.3750 (dist_match: 0.5000, actual_pos: 50.0%, pred_pos: 100.0%)
  Collapse penalty: 0.000000 (threshold: 0.005000)
  Saved validation predictions to: experiments/12c_h1_rolling/macro_heavy_weekly_h1_enc8/fold_2020/collapse_monitoring/val_predictions_epoch65.npy
  Gradient norms:
    lstm_encoder: 0.007197
    lstm_decoder: 0.005599
    output_layer: 0.242727
  VSN output std:
    encoder: 0.087033
  Attention entropy: 2.075820
  Saved to: experiments/12c_h1_rolling/macro_heavy_weekly_h1_enc8/fold_2020/collapse_monitoring/collapse_monitor_latest.json
[DEBUG CollapseMonitor] on_validation_epoch_start called for epoch 66
[DEBUG CollapseMonitor] reset_temporal_state() called on loss function
Epoch 66: val_loss=0.6939948201179504
Epoch 66: train_loss=0.8609725832939148

[CollapseMonitor] Epoch 66
  [DEBUG] Processed 1 batches from val_dataloader
  [DEBUG] Predictions shape after concat: (14,)
  Pred std: 0.003305, range: 0.009439, mean: 0.274121
  Pos: 100.0%, Neg: 0.0%, Unique: 14
  Dir Acc: 50.00%, Pred Sharpe: 1316.7635
  Composite: 0.3750 (dist_match: 0.5000, actual_pos: 50.0%, pred_pos: 100.0%)
  Collapse penalty: 0.000000 (threshold: 0.005000)
  Saved validation predictions to: experiments/12c_h1_rolling/macro_heavy_weekly_h1_enc8/fold_2020/collapse_monitoring/val_predictions_epoch66.npy
  Gradient norms:
    lstm_encoder: 0.008449
    lstm_decoder: 0.006542
    output_layer: 0.281868
  VSN output std:
    encoder: 0.087206
  Attention entropy: 2.075745
  Saved to: experiments/12c_h1_rolling/macro_heavy_weekly_h1_enc8/fold_2020/collapse_monitoring/collapse_monitor_latest.json
[DEBUG CollapseMonitor] on_validation_epoch_start called for epoch 67
[DEBUG CollapseMonitor] reset_temporal_state() called on loss function
Epoch 67: val_loss=0.6939701437950134
Epoch 67: train_loss=0.8616216778755188

[CollapseMonitor] Epoch 67
  [DEBUG] Processed 1 batches from val_dataloader
  [DEBUG] Predictions shape after concat: (14,)
  Pred std: 0.003211, range: 0.010058, mean: 0.273236
  Pos: 100.0%, Neg: 0.0%, Unique: 14
  Dir Acc: 50.00%, Pred Sharpe: 1350.8638
  Composite: 0.3750 (dist_match: 0.5000, actual_pos: 50.0%, pred_pos: 100.0%)
  Collapse penalty: 0.000000 (threshold: 0.005000)
  Saved validation predictions to: experiments/12c_h1_rolling/macro_heavy_weekly_h1_enc8/fold_2020/collapse_monitoring/val_predictions_epoch67.npy
  Gradient norms:
    lstm_encoder: 0.006972
    lstm_decoder: 0.005816
    output_layer: 0.271257
  VSN output std:
    encoder: 0.087184
  Attention entropy: 2.075781
  Saved to: experiments/12c_h1_rolling/macro_heavy_weekly_h1_enc8/fold_2020/collapse_monitoring/collapse_monitor_latest.json
[DEBUG CollapseMonitor] on_validation_epoch_start called for epoch 68
[DEBUG CollapseMonitor] reset_temporal_state() called on loss function
Epoch 68: val_loss=0.694642186164856
Epoch 68: train_loss=0.8543614745140076

[CollapseMonitor] Epoch 68
  [DEBUG] Processed 1 batches from val_dataloader
  [DEBUG] Predictions shape after concat: (14,)
  Pred std: 0.003800, range: 0.009867, mean: 0.267451
  Pos: 100.0%, Neg: 0.0%, Unique: 14
  Dir Acc: 50.00%, Pred Sharpe: 1117.2395
  Composite: 0.3750 (dist_match: 0.5000, actual_pos: 50.0%, pred_pos: 100.0%)
  Collapse penalty: 0.000000 (threshold: 0.005000)
  Saved validation predictions to: experiments/12c_h1_rolling/macro_heavy_weekly_h1_enc8/fold_2020/collapse_monitoring/val_predictions_epoch68.npy
  Gradient norms:
    lstm_encoder: 0.007485
    lstm_decoder: 0.006030
    output_layer: 0.255183
  VSN output std:
    encoder: 0.087785
  Attention entropy: 2.075481
  Saved to: experiments/12c_h1_rolling/macro_heavy_weekly_h1_enc8/fold_2020/collapse_monitoring/collapse_monitor_latest.json
[DEBUG CollapseMonitor] on_validation_epoch_start called for epoch 69
[DEBUG CollapseMonitor] reset_temporal_state() called on loss function
Epoch 69: val_loss=0.6947970986366272
Epoch 69: train_loss=0.8565929532051086

[CollapseMonitor] Epoch 69
  [DEBUG] Processed 1 batches from val_dataloader
  [DEBUG] Predictions shape after concat: (14,)
  Pred std: 0.003935, range: 0.010340, mean: 0.267840
  Pos: 100.0%, Neg: 0.0%, Unique: 14
  Dir Acc: 50.00%, Pred Sharpe: 1080.4088
  Composite: 0.3750 (dist_match: 0.5000, actual_pos: 50.0%, pred_pos: 100.0%)
  Collapse penalty: 0.000000 (threshold: 0.005000)
  Saved validation predictions to: experiments/12c_h1_rolling/macro_heavy_weekly_h1_enc8/fold_2020/collapse_monitoring/val_predictions_epoch69.npy
  Gradient norms:
    lstm_encoder: 0.006405
    lstm_decoder: 0.005230
    output_layer: 0.211593
  VSN output std:
    encoder: 0.087974
  Attention entropy: 2.075419
  Saved to: experiments/12c_h1_rolling/macro_heavy_weekly_h1_enc8/fold_2020/collapse_monitoring/collapse_monitor_latest.json
[DEBUG CollapseMonitor] on_validation_epoch_start called for epoch 70
[DEBUG CollapseMonitor] reset_temporal_state() called on loss function
Epoch 70: val_loss=0.694917619228363
Epoch 70: train_loss=0.865465521812439

[CollapseMonitor] Epoch 70
  [DEBUG] Processed 1 batches from val_dataloader
  [DEBUG] Predictions shape after concat: (14,)
  Pred std: 0.004139, range: 0.011000, mean: 0.267420
  Pos: 100.0%, Neg: 0.0%, Unique: 14
  Dir Acc: 50.00%, Pred Sharpe: 1025.6185
  Composite: 0.3750 (dist_match: 0.5000, actual_pos: 50.0%, pred_pos: 100.0%)
  Collapse penalty: 0.000000 (threshold: 0.005000)
  Saved validation predictions to: experiments/12c_h1_rolling/macro_heavy_weekly_h1_enc8/fold_2020/collapse_monitoring/val_predictions_epoch70.npy
  Gradient norms:
    lstm_encoder: 0.007204
    lstm_decoder: 0.005708
    output_layer: 0.249344
  VSN output std:
    encoder: 0.088146
  Attention entropy: 2.075192
  Saved to: experiments/12c_h1_rolling/macro_heavy_weekly_h1_enc8/fold_2020/collapse_monitoring/collapse_monitor_latest.json
[DEBUG CollapseMonitor] on_validation_epoch_start called for epoch 71
[DEBUG CollapseMonitor] reset_temporal_state() called on loss function
Epoch 71: val_loss=0.6951766014099121
Epoch 71: train_loss=0.8584295511245728

[CollapseMonitor] Epoch 71
  [DEBUG] Processed 1 batches from val_dataloader
  [DEBUG] Predictions shape after concat: (14,)
  Pred std: 0.004522, range: 0.012289, mean: 0.269942
  Pos: 100.0%, Neg: 0.0%, Unique: 14
  Dir Acc: 50.00%, Pred Sharpe: 947.6374
  Composite: 0.3750 (dist_match: 0.5000, actual_pos: 50.0%, pred_pos: 100.0%)
  Collapse penalty: 0.000000 (threshold: 0.005000)
  Saved validation predictions to: experiments/12c_h1_rolling/macro_heavy_weekly_h1_enc8/fold_2020/collapse_monitoring/val_predictions_epoch71.npy
  Gradient norms:
    lstm_encoder: 0.007395
    lstm_decoder: 0.005836
    output_layer: 0.239641
  VSN output std:
    encoder: 0.088564
  Attention entropy: 2.074983
  Saved to: experiments/12c_h1_rolling/macro_heavy_weekly_h1_enc8/fold_2020/collapse_monitoring/collapse_monitor_latest.json
[DEBUG CollapseMonitor] on_validation_epoch_start called for epoch 72
[DEBUG CollapseMonitor] reset_temporal_state() called on loss function
Epoch 72: val_loss=0.6958993077278137
Epoch 72: train_loss=0.8562576770782471

[CollapseMonitor] Epoch 72
  [DEBUG] Processed 1 batches from val_dataloader
  [DEBUG] Predictions shape after concat: (14,)
  Pred std: 0.004753, range: 0.013014, mean: 0.270626
  Pos: 100.0%, Neg: 0.0%, Unique: 14
  Dir Acc: 50.00%, Pred Sharpe: 903.9430
  Composite: 0.3750 (dist_match: 0.5000, actual_pos: 50.0%, pred_pos: 100.0%)
  Collapse penalty: 0.000000 (threshold: 0.005000)
  Saved validation predictions to: experiments/12c_h1_rolling/macro_heavy_weekly_h1_enc8/fold_2020/collapse_monitoring/val_predictions_epoch72.npy
  Gradient norms:
    lstm_encoder: 0.007607
    lstm_decoder: 0.006529
    output_layer: 0.239520
  VSN output std:
    encoder: 0.088910
  Attention entropy: 2.074773
  Saved to: experiments/12c_h1_rolling/macro_heavy_weekly_h1_enc8/fold_2020/collapse_monitoring/collapse_monitor_latest.json
[DEBUG CollapseMonitor] on_validation_epoch_start called for epoch 73
[DEBUG CollapseMonitor] reset_temporal_state() called on loss function
Epoch 73: val_loss=0.6958428025245667
Epoch 73: train_loss=0.8510636687278748

[CollapseMonitor] Epoch 73
  [DEBUG] Processed 1 batches from val_dataloader
  [DEBUG] Predictions shape after concat: (14,)
  Pred std: 0.005033, range: 0.013858, mean: 0.266461
  Pos: 100.0%, Neg: 0.0%, Unique: 14
  Dir Acc: 50.00%, Pred Sharpe: 840.4842
  Composite: 0.3750 (dist_match: 0.5000, actual_pos: 50.0%, pred_pos: 100.0%)
  Collapse penalty: 0.000000 (threshold: 0.005000)
  Saved validation predictions to: experiments/12c_h1_rolling/macro_heavy_weekly_h1_enc8/fold_2020/collapse_monitoring/val_predictions_epoch73.npy
  Gradient norms:
    lstm_encoder: 0.006536
    lstm_decoder: 0.005439
    output_layer: 0.251620
  VSN output std:
    encoder: 0.089238
  Attention entropy: 2.074538
  Saved to: experiments/12c_h1_rolling/macro_heavy_weekly_h1_enc8/fold_2020/collapse_monitoring/collapse_monitor_latest.json
[DEBUG CollapseMonitor] on_validation_epoch_start called for epoch 74
[DEBUG CollapseMonitor] reset_temporal_state() called on loss function
Epoch 74: val_loss=0.6955471038818359
Epoch 74: train_loss=0.8578040599822998

[CollapseMonitor] Epoch 74
  [DEBUG] Processed 1 batches from val_dataloader
  [DEBUG] Predictions shape after concat: (14,)
  Pred std: 0.004915, range: 0.013456, mean: 0.267677
  Pos: 100.0%, Neg: 0.0%, Unique: 14
  Dir Acc: 50.00%, Pred Sharpe: 864.5333
  Composite: 0.3750 (dist_match: 0.5000, actual_pos: 50.0%, pred_pos: 100.0%)
  Collapse penalty: 0.000000 (threshold: 0.005000)
  Saved validation predictions to: experiments/12c_h1_rolling/macro_heavy_weekly_h1_enc8/fold_2020/collapse_monitoring/val_predictions_epoch74.npy
  Gradient norms:
    lstm_encoder: 0.007413
    lstm_decoder: 0.005927
    output_layer: 0.267073
  VSN output std:
    encoder: 0.088874
  Attention entropy: 2.074477
  Saved to: experiments/12c_h1_rolling/macro_heavy_weekly_h1_enc8/fold_2020/collapse_monitoring/collapse_monitor_latest.json
[DEBUG CollapseMonitor] on_validation_epoch_start called for epoch 75
[DEBUG CollapseMonitor] reset_temporal_state() called on loss function
Epoch 75: val_loss=0.6954683661460876
Epoch 75: train_loss=0.8606454730033875

[CollapseMonitor] Epoch 75
  [DEBUG] Processed 1 batches from val_dataloader
  [DEBUG] Predictions shape after concat: (14,)
  Pred std: 0.004908, range: 0.013411, mean: 0.267926
  Pos: 100.0%, Neg: 0.0%, Unique: 14
  Dir Acc: 50.00%, Pred Sharpe: 866.5664
  Composite: 0.3750 (dist_match: 0.5000, actual_pos: 50.0%, pred_pos: 100.0%)
  Collapse penalty: 0.000000 (threshold: 0.005000)
  Saved validation predictions to: experiments/12c_h1_rolling/macro_heavy_weekly_h1_enc8/fold_2020/collapse_monitoring/val_predictions_epoch75.npy
  Gradient norms:
    lstm_encoder: 0.008666
    lstm_decoder: 0.007826
    output_layer: 0.339294
  VSN output std:
    encoder: 0.088829
  Attention entropy: 2.074438
  Saved to: experiments/12c_h1_rolling/macro_heavy_weekly_h1_enc8/fold_2020/collapse_monitoring/collapse_monitor_latest.json
[DEBUG CollapseMonitor] on_validation_epoch_start called for epoch 76
[DEBUG CollapseMonitor] reset_temporal_state() called on loss function
Epoch 76: val_loss=0.6951506733894348
Epoch 76: train_loss=0.8500542044639587

[CollapseMonitor] Epoch 76
  [DEBUG] Processed 1 batches from val_dataloader
  [DEBUG] Predictions shape after concat: (14,)
  Pred std: 0.004874, range: 0.013256, mean: 0.266224
  Pos: 100.0%, Neg: 0.0%, Unique: 14
  Dir Acc: 50.00%, Pred Sharpe: 867.1243
  Composite: 0.3750 (dist_match: 0.5000, actual_pos: 50.0%, pred_pos: 100.0%)
  Collapse penalty: 0.000000 (threshold: 0.005000)
  Saved validation predictions to: experiments/12c_h1_rolling/macro_heavy_weekly_h1_enc8/fold_2020/collapse_monitoring/val_predictions_epoch76.npy
  Gradient norms:
    lstm_encoder: 0.006795
    lstm_decoder: 0.005810
    output_layer: 0.251053
  VSN output std:
    encoder: 0.088654
  Attention entropy: 2.074406
  Saved to: experiments/12c_h1_rolling/macro_heavy_weekly_h1_enc8/fold_2020/collapse_monitoring/collapse_monitor_latest.json
[DEBUG CollapseMonitor] on_validation_epoch_start called for epoch 77
[DEBUG CollapseMonitor] reset_temporal_state() called on loss function
Epoch 77: val_loss=0.695110023021698
Epoch 77: train_loss=0.854675829410553

[CollapseMonitor] Epoch 77
  [DEBUG] Processed 1 batches from val_dataloader
  [DEBUG] Predictions shape after concat: (14,)
  Pred std: 0.004855, range: 0.013156, mean: 0.264313
  Pos: 100.0%, Neg: 0.0%, Unique: 14
  Dir Acc: 50.00%, Pred Sharpe: 864.2698
  Composite: 0.3750 (dist_match: 0.5000, actual_pos: 50.0%, pred_pos: 100.0%)
  Collapse penalty: 0.000000 (threshold: 0.005000)
  Saved validation predictions to: experiments/12c_h1_rolling/macro_heavy_weekly_h1_enc8/fold_2020/collapse_monitoring/val_predictions_epoch77.npy
  Gradient norms:
    lstm_encoder: 0.007931
    lstm_decoder: 0.005988
    output_layer: 0.243541
  VSN output std:
    encoder: 0.088656
  Attention entropy: 2.074400
  Saved to: experiments/12c_h1_rolling/macro_heavy_weekly_h1_enc8/fold_2020/collapse_monitoring/collapse_monitor_latest.json
[DEBUG CollapseMonitor] on_validation_epoch_start called for epoch 78
[DEBUG CollapseMonitor] reset_temporal_state() called on loss function
Epoch 78: val_loss=0.6951786875724792
Epoch 78: train_loss=0.8593186140060425

[CollapseMonitor] Epoch 78
  [DEBUG] Processed 1 batches from val_dataloader
  [DEBUG] Predictions shape after concat: (14,)
  Pred std: 0.005020, range: 0.013638, mean: 0.261736
  Pos: 100.0%, Neg: 0.0%, Unique: 14
  Dir Acc: 50.00%, Pred Sharpe: 827.6342
  Composite: 0.3750 (dist_match: 0.5000, actual_pos: 50.0%, pred_pos: 100.0%)
  Collapse penalty: 0.000000 (threshold: 0.005000)
  Saved validation predictions to: experiments/12c_h1_rolling/macro_heavy_weekly_h1_enc8/fold_2020/collapse_monitoring/val_predictions_epoch78.npy
  Gradient norms:
    lstm_encoder: 0.007564
    lstm_decoder: 0.006493
    output_layer: 0.252230
  VSN output std:
    encoder: 0.088809
  Attention entropy: 2.074341
  Saved to: experiments/12c_h1_rolling/macro_heavy_weekly_h1_enc8/fold_2020/collapse_monitoring/collapse_monitor_latest.json
[DEBUG CollapseMonitor] on_validation_epoch_start called for epoch 79
[DEBUG CollapseMonitor] reset_temporal_state() called on loss function
Epoch 79: val_loss=0.695401132106781
Epoch 79: train_loss=0.8641194701194763

[CollapseMonitor] Epoch 79
  [DEBUG] Processed 1 batches from val_dataloader
  [DEBUG] Predictions shape after concat: (14,)
  Pred std: 0.005179, range: 0.014110, mean: 0.261010
  Pos: 100.0%, Neg: 0.0%, Unique: 14
  Dir Acc: 50.00%, Pred Sharpe: 800.0617
  Composite: 0.3750 (dist_match: 0.5000, actual_pos: 50.0%, pred_pos: 100.0%)
  Collapse penalty: 0.000000 (threshold: 0.005000)
  Saved validation predictions to: experiments/12c_h1_rolling/macro_heavy_weekly_h1_enc8/fold_2020/collapse_monitoring/val_predictions_epoch79.npy
  Gradient norms:
    lstm_encoder: 0.007650
    lstm_decoder: 0.006388
    output_layer: 0.276361
  VSN output std:
    encoder: 0.088932
  Attention entropy: 2.074238
  Saved to: experiments/12c_h1_rolling/macro_heavy_weekly_h1_enc8/fold_2020/collapse_monitoring/collapse_monitor_latest.json
[DEBUG CollapseMonitor] on_validation_epoch_start called for epoch 80
[DEBUG CollapseMonitor] reset_temporal_state() called on loss function
Epoch 80: val_loss=0.695499062538147
Epoch 80: train_loss=0.8655425310134888

[CollapseMonitor] Epoch 80
  [DEBUG] Processed 1 batches from val_dataloader
  [DEBUG] Predictions shape after concat: (14,)
  Pred std: 0.005287, range: 0.014385, mean: 0.259199
  Pos: 100.0%, Neg: 0.0%, Unique: 14
  Dir Acc: 50.00%, Pred Sharpe: 778.2279
  Composite: 0.3750 (dist_match: 0.5000, actual_pos: 50.0%, pred_pos: 100.0%)
  Collapse penalty: 0.000000 (threshold: 0.005000)
  Saved validation predictions to: experiments/12c_h1_rolling/macro_heavy_weekly_h1_enc8/fold_2020/collapse_monitoring/val_predictions_epoch80.npy
  Gradient norms:
    lstm_encoder: 0.006890
    lstm_decoder: 0.005590
    output_layer: 0.245565
  VSN output std:
    encoder: 0.088999
  Attention entropy: 2.074118
  Saved to: experiments/12c_h1_rolling/macro_heavy_weekly_h1_enc8/fold_2020/collapse_monitoring/collapse_monitor_latest.json
[DEBUG CollapseMonitor] on_validation_epoch_start called for epoch 81
[DEBUG CollapseMonitor] reset_temporal_state() called on loss function
Epoch 81: val_loss=0.6951976418495178
Epoch 81: train_loss=0.8623219728469849

[CollapseMonitor] Epoch 81
  [DEBUG] Processed 1 batches from val_dataloader
  [DEBUG] Predictions shape after concat: (14,)
  Pred std: 0.005368, range: 0.014594, mean: 0.258075
  Pos: 100.0%, Neg: 0.0%, Unique: 14
  Dir Acc: 50.00%, Pred Sharpe: 763.2103
  Composite: 0.3750 (dist_match: 0.5000, actual_pos: 50.0%, pred_pos: 100.0%)
  Collapse penalty: 0.000000 (threshold: 0.005000)
  Saved validation predictions to: experiments/12c_h1_rolling/macro_heavy_weekly_h1_enc8/fold_2020/collapse_monitoring/val_predictions_epoch81.npy
  Gradient norms:
    lstm_encoder: 0.006860
    lstm_decoder: 0.005499
    output_layer: 0.257902
  VSN output std:
    encoder: 0.089024
  Attention entropy: 2.074009
  Saved to: experiments/12c_h1_rolling/macro_heavy_weekly_h1_enc8/fold_2020/collapse_monitoring/collapse_monitor_latest.json
[DEBUG CollapseMonitor] on_validation_epoch_start called for epoch 82
[DEBUG CollapseMonitor] reset_temporal_state() called on loss function
Epoch 82: val_loss=0.6948934197425842
Epoch 82: train_loss=0.8545225262641907

[CollapseMonitor] Epoch 82
  [DEBUG] Processed 1 batches from val_dataloader
  [DEBUG] Predictions shape after concat: (14,)
  Pred std: 0.005269, range: 0.014247, mean: 0.254872
  Pos: 100.0%, Neg: 0.0%, Unique: 14
  Dir Acc: 50.00%, Pred Sharpe: 767.8778
  Composite: 0.3750 (dist_match: 0.5000, actual_pos: 50.0%, pred_pos: 100.0%)
  Collapse penalty: 0.000000 (threshold: 0.005000)
  Saved validation predictions to: experiments/12c_h1_rolling/macro_heavy_weekly_h1_enc8/fold_2020/collapse_monitoring/val_predictions_epoch82.npy
  Gradient norms:
    lstm_encoder: 0.006849
    lstm_decoder: 0.005867
    output_layer: 0.265953
  VSN output std:
    encoder: 0.088934
  Attention entropy: 2.073968
  Saved to: experiments/12c_h1_rolling/macro_heavy_weekly_h1_enc8/fold_2020/collapse_monitoring/collapse_monitor_latest.json
[DEBUG CollapseMonitor] on_validation_epoch_start called for epoch 83
[DEBUG CollapseMonitor] reset_temporal_state() called on loss function
Epoch 83: val_loss=0.6950669884681702
Epoch 83: train_loss=0.8595117330551147

[CollapseMonitor] Epoch 83
  [DEBUG] Processed 1 batches from val_dataloader
  [DEBUG] Predictions shape after concat: (14,)
  Pred std: 0.005333, range: 0.014427, mean: 0.256730
  Pos: 100.0%, Neg: 0.0%, Unique: 14
  Dir Acc: 50.00%, Pred Sharpe: 764.1576
  Composite: 0.3750 (dist_match: 0.5000, actual_pos: 50.0%, pred_pos: 100.0%)
  Collapse penalty: 0.000000 (threshold: 0.005000)
  Saved validation predictions to: experiments/12c_h1_rolling/macro_heavy_weekly_h1_enc8/fold_2020/collapse_monitoring/val_predictions_epoch83.npy
  Gradient norms:
    lstm_encoder: 0.007142
    lstm_decoder: 0.006122
    output_layer: 0.253597
  VSN output std:
    encoder: 0.089092
  Attention entropy: 2.073891
  Saved to: experiments/12c_h1_rolling/macro_heavy_weekly_h1_enc8/fold_2020/collapse_monitoring/collapse_monitor_latest.json
[DEBUG CollapseMonitor] on_validation_epoch_start called for epoch 84
[DEBUG CollapseMonitor] reset_temporal_state() called on loss function
Epoch 84: val_loss=0.6951689124107361
Epoch 84: train_loss=0.8531062006950378

[CollapseMonitor] Epoch 84
  [DEBUG] Processed 1 batches from val_dataloader
  [DEBUG] Predictions shape after concat: (14,)
  Pred std: 0.005443, range: 0.014760, mean: 0.255955
  Pos: 100.0%, Neg: 0.0%, Unique: 14
  Dir Acc: 50.00%, Pred Sharpe: 746.4615
  Composite: 0.3750 (dist_match: 0.5000, actual_pos: 50.0%, pred_pos: 100.0%)
  Collapse penalty: 0.000000 (threshold: 0.005000)
  Saved validation predictions to: experiments/12c_h1_rolling/macro_heavy_weekly_h1_enc8/fold_2020/collapse_monitoring/val_predictions_epoch84.npy
  Gradient norms:
    lstm_encoder: 0.007945
    lstm_decoder: 0.005507
    output_layer: 0.238164
  VSN output std:
    encoder: 0.089181
  Attention entropy: 2.073815
  Saved to: experiments/12c_h1_rolling/macro_heavy_weekly_h1_enc8/fold_2020/collapse_monitoring/collapse_monitor_latest.json
[DEBUG CollapseMonitor] on_validation_epoch_start called for epoch 85
[DEBUG CollapseMonitor] reset_temporal_state() called on loss function
Epoch 85: val_loss=0.6952515840530396
Epoch 85: train_loss=0.8589295148849487

[CollapseMonitor] Epoch 85
  [DEBUG] Processed 1 batches from val_dataloader
  [DEBUG] Predictions shape after concat: (14,)
  Pred std: 0.005567, range: 0.015140, mean: 0.255494
  Pos: 100.0%, Neg: 0.0%, Unique: 14
  Dir Acc: 50.00%, Pred Sharpe: 728.5234
  Composite: 0.3750 (dist_match: 0.5000, actual_pos: 50.0%, pred_pos: 100.0%)
  Collapse penalty: 0.000000 (threshold: 0.005000)
  Saved validation predictions to: experiments/12c_h1_rolling/macro_heavy_weekly_h1_enc8/fold_2020/collapse_monitoring/val_predictions_epoch85.npy
  Gradient norms:
    lstm_encoder: 0.007255
    lstm_decoder: 0.006704
    output_layer: 0.270341
  VSN output std:
    encoder: 0.089319
  Attention entropy: 2.073745
  Saved to: experiments/12c_h1_rolling/macro_heavy_weekly_h1_enc8/fold_2020/collapse_monitoring/collapse_monitor_latest.json
[DEBUG CollapseMonitor] on_validation_epoch_start called for epoch 86
[DEBUG CollapseMonitor] reset_temporal_state() called on loss function
Epoch 86: val_loss=0.6955016255378723
Epoch 86: train_loss=0.8592430949211121

[CollapseMonitor] Epoch 86
  [DEBUG] Processed 1 batches from val_dataloader
  [DEBUG] Predictions shape after concat: (14,)
  Pred std: 0.005790, range: 0.015787, mean: 0.256723
  Pos: 100.0%, Neg: 0.0%, Unique: 14
  Dir Acc: 50.00%, Pred Sharpe: 703.8609
  Composite: 0.3750 (dist_match: 0.5000, actual_pos: 50.0%, pred_pos: 100.0%)
  Collapse penalty: 0.000000 (threshold: 0.005000)
  Saved validation predictions to: experiments/12c_h1_rolling/macro_heavy_weekly_h1_enc8/fold_2020/collapse_monitoring/val_predictions_epoch86.npy
  Gradient norms:
    lstm_encoder: 0.007302
    lstm_decoder: 0.005470
    output_layer: 0.260770
  VSN output std:
    encoder: 0.089458
  Attention entropy: 2.073627
  Saved to: experiments/12c_h1_rolling/macro_heavy_weekly_h1_enc8/fold_2020/collapse_monitoring/collapse_monitor_latest.json
[DEBUG CollapseMonitor] on_validation_epoch_start called for epoch 87
[DEBUG CollapseMonitor] reset_temporal_state() called on loss function
Epoch 87: val_loss=0.6955317258834839
Epoch 87: train_loss=0.8511943221092224

[CollapseMonitor] Epoch 87
  [DEBUG] Processed 1 batches from val_dataloader
  [DEBUG] Predictions shape after concat: (14,)
  Pred std: 0.005879, range: 0.016038, mean: 0.257910
  Pos: 100.0%, Neg: 0.0%, Unique: 14
  Dir Acc: 50.00%, Pred Sharpe: 696.4588
  Composite: 0.3750 (dist_match: 0.5000, actual_pos: 50.0%, pred_pos: 100.0%)
  Collapse penalty: 0.000000 (threshold: 0.005000)
  Saved validation predictions to: experiments/12c_h1_rolling/macro_heavy_weekly_h1_enc8/fold_2020/collapse_monitoring/val_predictions_epoch87.npy
  Gradient norms:
    lstm_encoder: 0.006814
    lstm_decoder: 0.005463
    output_layer: 0.244072
  VSN output std:
    encoder: 0.089523
  Attention entropy: 2.073559
  Saved to: experiments/12c_h1_rolling/macro_heavy_weekly_h1_enc8/fold_2020/collapse_monitoring/collapse_monitor_latest.json
[DEBUG CollapseMonitor] on_validation_epoch_start called for epoch 88
[DEBUG CollapseMonitor] reset_temporal_state() called on loss function
Epoch 88: val_loss=0.6956920623779297
Epoch 88: train_loss=0.8620643615722656

[CollapseMonitor] Epoch 88
  [DEBUG] Processed 1 batches from val_dataloader
  [DEBUG] Predictions shape after concat: (14,)
  Pred std: 0.006088, range: 0.016621, mean: 0.257917
  Pos: 100.0%, Neg: 0.0%, Unique: 14
  Dir Acc: 50.00%, Pred Sharpe: 672.5396
  Composite: 0.3750 (dist_match: 0.5000, actual_pos: 50.0%, pred_pos: 100.0%)
  Collapse penalty: 0.000000 (threshold: 0.005000)
  Saved validation predictions to: experiments/12c_h1_rolling/macro_heavy_weekly_h1_enc8/fold_2020/collapse_monitoring/val_predictions_epoch88.npy
  Gradient norms:
    lstm_encoder: 0.007087
    lstm_decoder: 0.006012
    output_layer: 0.234709
  VSN output std:
    encoder: 0.089767
  Attention entropy: 2.073428
  Saved to: experiments/12c_h1_rolling/macro_heavy_weekly_h1_enc8/fold_2020/collapse_monitoring/collapse_monitor_latest.json
[DEBUG CollapseMonitor] on_validation_epoch_start called for epoch 89
[DEBUG CollapseMonitor] reset_temporal_state() called on loss function
Epoch 89: val_loss=0.6959036588668823
Epoch 89: train_loss=0.8516302704811096

[CollapseMonitor] Epoch 89
  [DEBUG] Processed 1 batches from val_dataloader
  [DEBUG] Predictions shape after concat: (14,)
  Pred std: 0.006257, range: 0.017106, mean: 0.258181
  Pos: 100.0%, Neg: 0.0%, Unique: 14
  Dir Acc: 50.00%, Pred Sharpe: 655.0077
  Composite: 0.3750 (dist_match: 0.5000, actual_pos: 50.0%, pred_pos: 100.0%)
  Collapse penalty: 0.000000 (threshold: 0.005000)
  Saved validation predictions to: experiments/12c_h1_rolling/macro_heavy_weekly_h1_enc8/fold_2020/collapse_monitoring/val_predictions_epoch89.npy
  Gradient norms:
    lstm_encoder: 0.007255
    lstm_decoder: 0.005555
    output_layer: 0.231886
  VSN output std:
    encoder: 0.089967
  Attention entropy: 2.073322
  Saved to: experiments/12c_h1_rolling/macro_heavy_weekly_h1_enc8/fold_2020/collapse_monitoring/collapse_monitor_latest.json
[DEBUG CollapseMonitor] on_validation_epoch_start called for epoch 90
[DEBUG CollapseMonitor] reset_temporal_state() called on loss function
Epoch 90: val_loss=0.6961268782615662
Epoch 90: train_loss=0.856776773929596

[CollapseMonitor] Epoch 90
  [DEBUG] Processed 1 batches from val_dataloader
  [DEBUG] Predictions shape after concat: (14,)
  Pred std: 0.006435, range: 0.017666, mean: 0.259408
  Pos: 100.0%, Neg: 0.0%, Unique: 14
  Dir Acc: 50.00%, Pred Sharpe: 639.9597
  Composite: 0.3750 (dist_match: 0.5000, actual_pos: 50.0%, pred_pos: 100.0%)
  Collapse penalty: 0.000000 (threshold: 0.005000)
  Saved validation predictions to: experiments/12c_h1_rolling/macro_heavy_weekly_h1_enc8/fold_2020/collapse_monitoring/val_predictions_epoch90.npy
  Gradient norms:
    lstm_encoder: 0.006513
    lstm_decoder: 0.005271
    output_layer: 0.232102
  VSN output std:
    encoder: 0.090248
  Attention entropy: 2.073241
  Saved to: experiments/12c_h1_rolling/macro_heavy_weekly_h1_enc8/fold_2020/collapse_monitoring/collapse_monitor_latest.json
[DEBUG CollapseMonitor] on_validation_epoch_start called for epoch 91
[DEBUG CollapseMonitor] reset_temporal_state() called on loss function
Epoch 91: val_loss=0.6962763071060181
Epoch 91: train_loss=0.8528731465339661

[CollapseMonitor] Epoch 91
  [DEBUG] Processed 1 batches from val_dataloader
  [DEBUG] Predictions shape after concat: (14,)
  Pred std: 0.006501, range: 0.017884, mean: 0.261467
  Pos: 100.0%, Neg: 0.0%, Unique: 14
  Dir Acc: 50.00%, Pred Sharpe: 638.4210
  Composite: 0.3750 (dist_match: 0.5000, actual_pos: 50.0%, pred_pos: 100.0%)
  Collapse penalty: 0.000000 (threshold: 0.005000)
  Saved validation predictions to: experiments/12c_h1_rolling/macro_heavy_weekly_h1_enc8/fold_2020/collapse_monitoring/val_predictions_epoch91.npy
  Gradient norms:
    lstm_encoder: 0.007236
    lstm_decoder: 0.005895
    output_layer: 0.287871
  VSN output std:
    encoder: 0.090387
  Attention entropy: 2.073191
  Saved to: experiments/12c_h1_rolling/macro_heavy_weekly_h1_enc8/fold_2020/collapse_monitoring/collapse_monitor_latest.json
[DEBUG CollapseMonitor] on_validation_epoch_start called for epoch 92
[DEBUG CollapseMonitor] reset_temporal_state() called on loss function
Epoch 92: val_loss=0.6964045763015747
Epoch 92: train_loss=0.864978015422821

[CollapseMonitor] Epoch 92
  [DEBUG] Processed 1 batches from val_dataloader
  [DEBUG] Predictions shape after concat: (14,)
  Pred std: 0.006562, range: 0.018086, mean: 0.262621
  Pos: 100.0%, Neg: 0.0%, Unique: 14
  Dir Acc: 50.00%, Pred Sharpe: 635.3504
  Composite: 0.3750 (dist_match: 0.5000, actual_pos: 50.0%, pred_pos: 100.0%)
  Collapse penalty: 0.000000 (threshold: 0.005000)
  Saved validation predictions to: experiments/12c_h1_rolling/macro_heavy_weekly_h1_enc8/fold_2020/collapse_monitoring/val_predictions_epoch92.npy
  Gradient norms:
    lstm_encoder: 0.006771
    lstm_decoder: 0.005188
    output_layer: 0.200587
  VSN output std:
    encoder: 0.090554
  Attention entropy: 2.073119
  Saved to: experiments/12c_h1_rolling/macro_heavy_weekly_h1_enc8/fold_2020/collapse_monitoring/collapse_monitor_latest.json
[DEBUG CollapseMonitor] on_validation_epoch_start called for epoch 93
[DEBUG CollapseMonitor] reset_temporal_state() called on loss function
Epoch 93: val_loss=0.6964721083641052
Epoch 93: train_loss=0.858266294002533

[CollapseMonitor] Epoch 93
  [DEBUG] Processed 1 batches from val_dataloader
  [DEBUG] Predictions shape after concat: (14,)
  Pred std: 0.006570, range: 0.018110, mean: 0.262835
  Pos: 100.0%, Neg: 0.0%, Unique: 14
  Dir Acc: 50.00%, Pred Sharpe: 635.0988
  Composite: 0.3750 (dist_match: 0.5000, actual_pos: 50.0%, pred_pos: 100.0%)
  Collapse penalty: 0.000000 (threshold: 0.005000)
  Saved validation predictions to: experiments/12c_h1_rolling/macro_heavy_weekly_h1_enc8/fold_2020/collapse_monitoring/val_predictions_epoch93.npy
  Gradient norms:
    lstm_encoder: 0.008914
    lstm_decoder: 0.006967
    output_layer: 0.321130
  VSN output std:
    encoder: 0.090580
  Attention entropy: 2.073105
  Saved to: experiments/12c_h1_rolling/macro_heavy_weekly_h1_enc8/fold_2020/collapse_monitoring/collapse_monitor_latest.json
[DEBUG CollapseMonitor] on_validation_epoch_start called for epoch 94
[DEBUG CollapseMonitor] reset_temporal_state() called on loss function
Epoch 94: val_loss=0.6965249180793762
Epoch 94: train_loss=0.8629715442657471

[CollapseMonitor] Epoch 94
  [DEBUG] Processed 1 batches from val_dataloader
  [DEBUG] Predictions shape after concat: (14,)
  Pred std: 0.006647, range: 0.018341, mean: 0.262538
  Pos: 100.0%, Neg: 0.0%, Unique: 14
  Dir Acc: 50.00%, Pred Sharpe: 627.0407
  Composite: 0.3750 (dist_match: 0.5000, actual_pos: 50.0%, pred_pos: 100.0%)
  Collapse penalty: 0.000000 (threshold: 0.005000)
  Saved validation predictions to: experiments/12c_h1_rolling/macro_heavy_weekly_h1_enc8/fold_2020/collapse_monitoring/val_predictions_epoch94.npy
  Gradient norms:
    lstm_encoder: 0.007989
    lstm_decoder: 0.006503
    output_layer: 0.254289
  VSN output std:
    encoder: 0.090688
  Attention entropy: 2.073059
  Saved to: experiments/12c_h1_rolling/macro_heavy_weekly_h1_enc8/fold_2020/collapse_monitoring/collapse_monitor_latest.json
[DEBUG CollapseMonitor] on_validation_epoch_start called for epoch 95
[DEBUG CollapseMonitor] reset_temporal_state() called on loss function
Epoch 95: val_loss=0.696559488773346
Epoch 95: train_loss=0.8583841323852539

[CollapseMonitor] Epoch 95
  [DEBUG] Processed 1 batches from val_dataloader
  [DEBUG] Predictions shape after concat: (14,)
  Pred std: 0.006720, range: 0.018555, mean: 0.262345
  Pos: 100.0%, Neg: 0.0%, Unique: 14
  Dir Acc: 50.00%, Pred Sharpe: 619.7504
  Composite: 0.3750 (dist_match: 0.5000, actual_pos: 50.0%, pred_pos: 100.0%)
  Collapse penalty: 0.000000 (threshold: 0.005000)
  Saved validation predictions to: experiments/12c_h1_rolling/macro_heavy_weekly_h1_enc8/fold_2020/collapse_monitoring/val_predictions_epoch95.npy
  Gradient norms:
    lstm_encoder: 0.007932
    lstm_decoder: 0.006161
    output_layer: 0.265522
  VSN output std:
    encoder: 0.090766
  Attention entropy: 2.073012
  Saved to: experiments/12c_h1_rolling/macro_heavy_weekly_h1_enc8/fold_2020/collapse_monitoring/collapse_monitor_latest.json
[DEBUG CollapseMonitor] on_validation_epoch_start called for epoch 96
[DEBUG CollapseMonitor] reset_temporal_state() called on loss function
Epoch 96: val_loss=0.696622908115387
Epoch 96: train_loss=0.85765141248703

[CollapseMonitor] Epoch 96
  [DEBUG] Processed 1 batches from val_dataloader
  [DEBUG] Predictions shape after concat: (14,)
  Pred std: 0.006812, range: 0.018827, mean: 0.262793
  Pos: 100.0%, Neg: 0.0%, Unique: 14
  Dir Acc: 50.00%, Pred Sharpe: 612.4036
  Composite: 0.3750 (dist_match: 0.5000, actual_pos: 50.0%, pred_pos: 100.0%)
  Collapse penalty: 0.000000 (threshold: 0.005000)
  Saved validation predictions to: experiments/12c_h1_rolling/macro_heavy_weekly_h1_enc8/fold_2020/collapse_monitoring/val_predictions_epoch96.npy
  Gradient norms:
    lstm_encoder: 0.006751
    lstm_decoder: 0.005654
    output_layer: 0.265980
  VSN output std:
    encoder: 0.090879
  Attention entropy: 2.072950
  Saved to: experiments/12c_h1_rolling/macro_heavy_weekly_h1_enc8/fold_2020/collapse_monitoring/collapse_monitor_latest.json
[DEBUG CollapseMonitor] on_validation_epoch_start called for epoch 97
[DEBUG CollapseMonitor] reset_temporal_state() called on loss function
Epoch 97: val_loss=0.6966955065727234
Epoch 97: train_loss=0.8576230406761169

[CollapseMonitor] Epoch 97
  [DEBUG] Processed 1 batches from val_dataloader
  [DEBUG] Predictions shape after concat: (14,)
  Pred std: 0.006816, range: 0.018844, mean: 0.263272
  Pos: 100.0%, Neg: 0.0%, Unique: 14
  Dir Acc: 50.00%, Pred Sharpe: 613.1581
  Composite: 0.3750 (dist_match: 0.5000, actual_pos: 50.0%, pred_pos: 100.0%)
  Collapse penalty: 0.000000 (threshold: 0.005000)
  Saved validation predictions to: experiments/12c_h1_rolling/macro_heavy_weekly_h1_enc8/fold_2020/collapse_monitoring/val_predictions_epoch97.npy
  Gradient norms:
    lstm_encoder: 0.006936
    lstm_decoder: 0.005278
    output_layer: 0.213775
  VSN output std:
    encoder: 0.090912
  Attention entropy: 2.072931
  Saved to: experiments/12c_h1_rolling/macro_heavy_weekly_h1_enc8/fold_2020/collapse_monitoring/collapse_monitor_latest.json
[DEBUG CollapseMonitor] on_validation_epoch_start called for epoch 98
[DEBUG CollapseMonitor] reset_temporal_state() called on loss function
Epoch 98: val_loss=0.6966906189918518
Epoch 98: train_loss=0.85570228099823

[CollapseMonitor] Epoch 98
  [DEBUG] Processed 1 batches from val_dataloader
  [DEBUG] Predictions shape after concat: (14,)
  Pred std: 0.006815, range: 0.018846, mean: 0.263755
  Pos: 100.0%, Neg: 0.0%, Unique: 14
  Dir Acc: 50.00%, Pred Sharpe: 614.3627
  Composite: 0.3750 (dist_match: 0.5000, actual_pos: 50.0%, pred_pos: 100.0%)
  Collapse penalty: 0.000000 (threshold: 0.005000)
  Saved validation predictions to: experiments/12c_h1_rolling/macro_heavy_weekly_h1_enc8/fold_2020/collapse_monitoring/val_predictions_epoch98.npy
  Gradient norms:
    lstm_encoder: 0.007833
    lstm_decoder: 0.005936
    output_layer: 0.242274
  VSN output std:
    encoder: 0.090942
  Attention entropy: 2.072890
  Saved to: experiments/12c_h1_rolling/macro_heavy_weekly_h1_enc8/fold_2020/collapse_monitoring/collapse_monitor_latest.json
[DEBUG CollapseMonitor] on_validation_epoch_start called for epoch 99
[DEBUG CollapseMonitor] reset_temporal_state() called on loss function
Epoch 99: val_loss=0.6967057585716248
Epoch 99: train_loss=0.8594139218330383

[CollapseMonitor] Epoch 99
  [DEBUG] Processed 1 batches from val_dataloader
  [DEBUG] Predictions shape after concat: (14,)
  Pred std: 0.006833, range: 0.018898, mean: 0.263669
  Pos: 100.0%, Neg: 0.0%, Unique: 14
  Dir Acc: 50.00%, Pred Sharpe: 612.5868
  Composite: 0.3750 (dist_match: 0.5000, actual_pos: 50.0%, pred_pos: 100.0%)
  Collapse penalty: 0.000000 (threshold: 0.005000)
  Saved validation predictions to: experiments/12c_h1_rolling/macro_heavy_weekly_h1_enc8/fold_2020/collapse_monitoring/val_predictions_epoch99.npy
  Gradient norms:
    lstm_encoder: 0.008180
    lstm_decoder: 0.006342
    output_layer: 0.238529
  VSN output std:
    encoder: 0.090969
  Attention entropy: 2.072865
  Saved to: experiments/12c_h1_rolling/macro_heavy_weekly_h1_enc8/fold_2020/collapse_monitoring/collapse_monitor_latest.json


======================================================================
Training complete
======================================================================

Best val_loss checkpoint: experiments/12c_h1_rolling/macro_heavy_weekly_h1_enc8/fold_2020/checkpoints/tft-epoch=epoch=51-valloss=val_loss=0.6886.ckpt
Best validation loss: 0.688604
Checkpoints saved:
  - Best val_loss: experiments/12c_h1_rolling/macro_heavy_weekly_h1_enc8/fold_2020/checkpoints/tft-epoch=epoch=51-valloss=val_loss=0.6886.ckpt
  - Best pred_std: experiments/12c_h1_rolling/macro_heavy_weekly_h1_enc8/fold_2020/checkpoints/tft-epoch=epoch=00-predstd=val_pred_std=0.0106.ckpt
  - Best unique: experiments/12c_h1_rolling/macro_heavy_weekly_h1_enc8/fold_2020/checkpoints/tft-epoch=epoch=00-unique=val_num_unique=14.ckpt
  - Best dir_acc: experiments/12c_h1_rolling/macro_heavy_weekly_h1_enc8/fold_2020/checkpoints/tft-epoch=epoch=00-diracc=val_dir_acc=0.5000.ckpt
  - Best sharpe: experiments/12c_h1_rolling/macro_heavy_weekly_h1_enc8/fold_2020/checkpoints/tft-epoch=epoch=44-sharpe=val_sharpe=3943.9077.ckpt
  - Best composite: experiments/12c_h1_rolling/macro_heavy_weekly_h1_enc8/fold_2020/checkpoints/tft-epoch=epoch=02-composite=val_composite=0.4821.ckpt
Completed at: 2025-12-14 05:30:58
Log saved to: experiments/12c_h1_rolling/macro_heavy_weekly_h1_enc8/fold_2020/training_20251214_052621.log
======================================================================
