{
  "evaluation_timestamp": "2025-10-30T03:23:16.294669",
  "statistical_metrics": {
    "mse": 1.1725213527679443,
    "rmse": 1.0828303098678589,
    "mae": 0.7722307443618774,
    "mape": 180.88343143463135,
    "r2": 0.003603637218475342,
    "mean_error": -0.04180379956960678,
    "std_error": 1.082023024559021
  },
  "financial_metrics": {
    "directional_accuracy": 0.53671875,
    "sharpe_ratio": 0.8329736080938573,
    "max_drawdown": -0.2524605989456177,
    "total_return": 0.9216080904006958,
    "hit_rate": 0.53671875,
    "num_trades": 1280,
    "precision": 0.53671875,
    "recall": 1.0,
    "f1_score": 0.6985256736146417,
    "confusion_matrix": [
      [
        0,
        593
      ],
      [
        0,
        687
      ]
    ],
    "auc_roc": 0.5003939704117174,
    "alpha": 0.0
  },
  "residual_diagnostics": {
    "normality_p_value": 2.215281191090407e-38,
    "acf_lag1": -0.03259536294587519,
    "skewness": -0.012305655876680166,
    "kurtosis": 6.190567417148166
  },
  "mode_stats": {
    "healthy_days": 30,
    "degraded_days": 0,
    "unidirectional_days": 1212,
    "weak_collapse_days": 38,
    "strong_collapse_days": 0,
    "total_days": 1280,
    "healthy_pct": 2.34375,
    "degraded_pct": 0.0,
    "unidirectional_pct": 94.6875,
    "weak_collapse_pct": 2.96875,
    "strong_collapse_pct": 0.0
  },
  "collapse_detected": true,
  "degradation_detected": true,
  "checkpoint_used": "experiments/00_baseline_exploration/sweep_lr_0.002/checkpoints/tft-epoch=18-val_loss=0.3960.ckpt"
}