{
  "evaluation_timestamp": "2025-10-27T12:01:45.478881",
  "statistical_metrics": {
    "mse": 1.1757500171661377,
    "rmse": 1.084320068359375,
    "mae": 0.7720663547515869,
    "mape": 139.99534845352173,
    "r2": 0.0008599162101745605,
    "mean_error": 0.006707479245960712,
    "std_error": 1.0842994451522827
  },
  "financial_metrics": {
    "directional_accuracy": 0.53671875,
    "sharpe_ratio": 0.8329736080938573,
    "max_drawdown": -0.2524605989456177,
    "total_return": 0.9216080904006958,
    "hit_rate": 0.53671875,
    "num_trades": 1280,
    "precision": 0.53671875,
    "recall": 1.0,
    "f1_score": 0.6985256736146417,
    "confusion_matrix": [
      [
        0,
        593
      ],
      [
        0,
        687
      ]
    ],
    "auc_roc": 0.5406034988499991,
    "alpha": 0.0
  },
  "residual_diagnostics": {
    "normality_p_value": 4.651669727274475e-40,
    "acf_lag1": -0.03709580075535019,
    "skewness": 0.07686939795724138,
    "kurtosis": 6.526462530396632
  },
  "mode_stats": {
    "healthy_days": 29,
    "degraded_days": 1,
    "unidirectional_days": 656,
    "weak_collapse_days": 594,
    "strong_collapse_days": 0,
    "total_days": 1280,
    "healthy_pct": 2.265625,
    "degraded_pct": 0.078125,
    "unidirectional_pct": 51.24999999999999,
    "weak_collapse_pct": 46.40625,
    "strong_collapse_pct": 0.0
  },
  "collapse_detected": true,
  "degradation_detected": true,
  "checkpoint_used": "experiments/00_baseline_exploration/sweep_lr_0.002/checkpoints/tft-epoch=00-val_loss=0.1701.ckpt"
}