{
  "evaluation_timestamp": "2025-10-27T12:01:42.912170",
  "statistical_metrics": {
    "mse": 1.1850945949554443,
    "rmse": 1.0886205434799194,
    "mae": 0.7748261094093323,
    "mape": 239.95625972747803,
    "r2": -0.007081031799316406,
    "mean_error": -0.09414764493703842,
    "std_error": 1.0845417976379395
  },
  "financial_metrics": {
    "directional_accuracy": 0.53671875,
    "sharpe_ratio": 0.8329736080938573,
    "max_drawdown": -0.2524605989456177,
    "total_return": 0.9216080904006958,
    "hit_rate": 0.53671875,
    "num_trades": 1280,
    "precision": 0.53671875,
    "recall": 1.0,
    "f1_score": 0.6985256736146417,
    "confusion_matrix": [
      [
        0,
        593
      ],
      [
        0,
        687
      ]
    ],
    "auc_roc": 0.5422235640944449,
    "alpha": 0.0
  },
  "residual_diagnostics": {
    "normality_p_value": 4.2049787450691574e-40,
    "acf_lag1": -0.037018560757708326,
    "skewness": 0.08976475151448138,
    "kurtosis": 6.512814110103834
  },
  "mode_stats": {
    "healthy_days": 29,
    "degraded_days": 1,
    "unidirectional_days": 821,
    "weak_collapse_days": 429,
    "strong_collapse_days": 0,
    "total_days": 1280,
    "healthy_pct": 2.265625,
    "degraded_pct": 0.078125,
    "unidirectional_pct": 64.140625,
    "weak_collapse_pct": 33.515625,
    "strong_collapse_pct": 0.0
  },
  "collapse_detected": true,
  "degradation_detected": true,
  "checkpoint_used": "experiments/00_baseline_exploration/sweep_lr_0.001/checkpoints/tft-epoch=00-val_loss=0.1370.ckpt"
}