{
  "evaluation_timestamp": "2025-10-16T23:39:40.455197",
  "statistical_metrics": {
    "mse": 1.1850945949554443,
    "rmse": 1.0886205434799194,
    "mae": 0.7748261094093323,
    "mape": 239.9561643600464,
    "r2": -0.007081031799316406,
    "mean_error": -0.09414760023355484,
    "std_error": 1.0845417976379395
  },
  "financial_metrics": {
    "directional_accuracy": 0.53671875,
    "sharpe_ratio": 0.8329736080938573,
    "max_drawdown": -0.2524605989456177,
    "total_return": 0.9216080904006958,
    "hit_rate": 0.53671875,
    "num_trades": 1280,
    "precision": 0.53671875,
    "recall": 1.0,
    "f1_score": 0.6985256736146417,
    "confusion_matrix": [
      [
        0,
        593
      ],
      [
        0,
        687
      ]
    ],
    "auc_roc": 0.5422309280273743,
    "alpha": 0.0
  },
  "residual_diagnostics": {
    "normality_p_value": 4.204981577215672e-40,
    "acf_lag1": -0.037018559400584045,
    "skewness": 0.08976471647138388,
    "kurtosis": 6.512814110103834
  },
  "checkpoint_used": "experiments/sweep_lr_0.001/checkpoints/tft-epoch=00-val_loss=0.1370.ckpt"
}