{
  "period_statistics": {
    "2020": {
      "n_samples": 92,
      "entropy_mean": 2.9904463291168213,
      "entropy_std": 0.005766024813055992,
      "attention_concentration": 0.05000685900449753,
      "top_features": [
        [
          "t-20",
          0.05151481181383133
        ],
        [
          "t-19",
          0.051230259239673615
        ],
        [
          "t-18",
          0.0508594810962677
        ],
        [
          "t-17",
          0.05047304183244705
        ],
        [
          "t-16",
          0.0501798614859581
        ]
      ],
      "mean_attention": [
        0.05151481181383133,
        0.051230259239673615,
        0.0508594810962677,
        0.05047304183244705,
        0.0501798614859581,
        0.04999682679772377,
        0.04989118501543999,
        0.04984411969780922,
        0.049824248999357224,
        0.04983979091048241,
        0.04986840859055519,
        0.049894317984580994,
        0.04991975426673889,
        0.04983377829194069,
        0.04973142221570015,
        0.049644917249679565,
        0.04954305291175842,
        0.04943062365055084,
        0.049306873232126236,
        0.049173250794410706
      ],
      "std_attention": [
        0.004611446522176266,
        0.0051279631443321705,
        0.005239083431661129,
        0.00520365871489048,
        0.005120834801346064,
        0.004990399815142155,
        0.004878981038928032,
        0.004765921737998724,
        0.004695408046245575,
        0.004628804046660662,
        0.004606083035469055,
        0.004602322354912758,
        0.004644857719540596,
        0.004737067501991987,
        0.004879887215793133,
        0.005059209652245045,
        0.005248749628663063,
        0.005477653816342354,
        0.005754504818469286,
        0.006094124633818865
      ]
    },
    "2021": {
      "n_samples": 250,
      "entropy_mean": 2.9924466609954834,
      "entropy_std": 0.002392290160059929,
      "attention_concentration": 0.050029605627059937,
      "top_features": [
        [
          "t-20",
          0.05316609516739845
        ],
        [
          "t-19",
          0.05231871455907822
        ],
        [
          "t-18",
          0.051578912883996964
        ],
        [
          "t-17",
          0.05102676525712013
        ],
        [
          "t-16",
          0.05063483491539955
        ]
      ],
      "mean_attention": [
        0.05316609516739845,
        0.05231871455907822,
        0.051578912883996964,
        0.05102676525712013,
        0.05063483491539955,
        0.050356991589069366,
        0.050171755254268646,
        0.050033606588840485,
        0.049922771751880646,
        0.04982804134488106,
        0.04972758889198303,
        0.04961647093296051,
        0.04948816075921059,
        0.04932938516139984,
        0.04919974505901337,
        0.04905436933040619,
        0.048894234001636505,
        0.04872436076402664,
        0.048553217202425,
        0.0483739972114563
      ],
      "std_attention": [
        0.003088780213147402,
        0.0030818639788776636,
        0.003079750807955861,
        0.003098270623013377,
        0.0031174705363810062,
        0.0031556023750454187,
        0.0032008059788495302,
        0.003235292388126254,
        0.0032834887970238924,
        0.00335127767175436,
        0.0034313099458813667,
        0.00353672681376338,
        0.003665430238470435,
        0.0039012546185404062,
        0.004056721925735474,
        0.004224717151373625,
        0.004425183869898319,
        0.00464254105463624,
        0.004893745761364698,
        0.005169772543013096
      ]
    },
    "2022": {
      "n_samples": 249,
      "entropy_mean": 2.9874958992004395,
      "entropy_std": 0.00617636414244771,
      "attention_concentration": 0.05018076300621033,
      "top_features": [
        [
          "t-20",
          0.05796249210834503
        ],
        [
          "t-19",
          0.0559888631105423
        ],
        [
          "t-18",
          0.054057322442531586
        ],
        [
          "t-17",
          0.052571263164281845
        ],
        [
          "t-16",
          0.051502831280231476
        ]
      ],
      "mean_attention": [
        0.05796249210834503,
        0.0559888631105423,
        0.054057322442531586,
        0.052571263164281845,
        0.051502831280231476,
        0.05075876787304878,
        0.050220344215631485,
        0.04982086643576622,
        0.04952821880578995,
        0.04927697777748108,
        0.0490473210811615,
        0.048825301229953766,
        0.048599228262901306,
        0.04841522499918938,
        0.048091210424900055,
        0.04777655750513077,
        0.04744643345475197,
        0.04708841070532799,
        0.04670660197734833,
        0.04631569981575012
      ],
      "std_attention": [
        0.006241967901587486,
        0.006076994817703962,
        0.005818464327603579,
        0.005592575296759605,
        0.005391136277467012,
        0.005225543398410082,
        0.005092073231935501,
        0.004998181015253067,
        0.004955835174769163,
        0.004949959460645914,
        0.004984577652066946,
        0.00506357429549098,
        0.005180181935429573,
        0.005279338452965021,
        0.005519649013876915,
        0.005707690957933664,
        0.005901829339563847,
        0.006094352807849646,
        0.006290871184319258,
        0.006492252461612225
      ]
    },
    "2023": {
      "n_samples": 249,
      "entropy_mean": 2.992755651473999,
      "entropy_std": 0.0018366912845522165,
      "attention_concentration": 0.0500510111451149,
      "top_features": [
        [
          "t-20",
          0.055147696286439896
        ],
        [
          "t-19",
          0.05316723883152008
        ],
        [
          "t-18",
          0.05183824896812439
        ],
        [
          "t-17",
          0.05093212425708771
        ],
        [
          "t-16",
          0.050328329205513
        ]
      ],
      "mean_attention": [
        0.055147696286439896,
        0.05316723883152008,
        0.05183824896812439,
        0.05093212425708771,
        0.050328329205513,
        0.049934860318899155,
        0.0496831089258194,
        0.04953305423259735,
        0.04942784458398819,
        0.04935450106859207,
        0.04930473864078522,
        0.04925808683037758,
        0.04921083524823189,
        0.04915414750576019,
        0.049165353178977966,
        0.04907698184251785,
        0.049001920968294144,
        0.04891996085643768,
        0.04883327707648277,
        0.0487276129424572
      ],
      "std_attention": [
        0.0026351893320679665,
        0.002591189928352833,
        0.002668163273483515,
        0.0027530083898454905,
        0.002822192618623376,
        0.0028777148108929396,
        0.002935247728601098,
        0.0029908297583460808,
        0.0030528686475008726,
        0.0031200048979371786,
        0.0032096686773002148,
        0.003313650842756033,
        0.0034325411543250084,
        0.003563680686056614,
        0.003586609149351716,
        0.0037815661635249853,
        0.003952739294618368,
        0.004128356464207172,
        0.004317520651966333,
        0.004519379697740078
      ]
    },
    "2024": {
      "n_samples": 250,
      "entropy_mean": 2.9943296909332275,
      "entropy_std": 0.0010844626231119037,
      "attention_concentration": 0.050037261098623276,
      "top_features": [
        [
          "t-20",
          0.05434339493513107
        ],
        [
          "t-19",
          0.05262644961476326
        ],
        [
          "t-18",
          0.051585517823696136
        ],
        [
          "t-17",
          0.050869282335042953
        ],
        [
          "t-16",
          0.05038022994995117
        ]
      ],