{
  "period_statistics": {
    "2020": {
      "n_samples": 92,
      "entropy_mean": 2.616032361984253,
      "entropy_std": 0.45167654752731323,
      "attention_concentration": 0.05487814545631409,
      "top_features": [
        [
          "t-1",
          0.09633869677782059
        ],
        [
          "t-2",
          0.07906593382358551
        ],
        [
          "t-3",
          0.06828106939792633
        ],
        [
          "t-4",
          0.062142569571733475
        ],
        [
          "t-5",
          0.0576244592666626
        ]
      ],
      "mean_attention": [
        0.03415378928184509,
        0.03512749820947647,
        0.036905642598867416,
        0.038540519773960114,
        0.03909649699926376,
        0.03933727368712425,
        0.039903320372104645,
        0.040893085300922394,
        0.04222995415329933,
        0.04363949969410896,
        0.045210305601358414,
        0.04699127748608589,
        0.04891205206513405,
        0.05138666182756424,
        0.054219894111156464,
        0.0576244592666626,
        0.062142569571733475,
        0.06828106939792633,
        0.07906593382358551,
        0.09633869677782059
      ],
      "std_attention": [
        0.030143048614263535,
        0.031265970319509506,
        0.033645037561655045,
        0.03506194427609444,
        0.03454137593507767,
        0.03385812044143677,
        0.03399352356791496,
        0.0351785309612751,
        0.0367693267762661,
        0.03837401792407036,
        0.03994758799672127,
        0.04153816029429436,
        0.043041013181209564,
        0.044486891478300095,
        0.046002183109521866,
        0.04831543564796448,
        0.05361685901880264,
        0.06147713586688042,
        0.08456487208604813,
        0.12636877596378326
      ]
    },
    "2021": {
      "n_samples": 250,
      "entropy_mean": 2.7791311740875244,
      "entropy_std": 0.41684916615486145,
      "attention_concentration": 0.052038781344890594,
      "top_features": [
        [
          "t-1",
          0.07331925630569458
        ],
        [
          "t-2",
          0.06808388233184814
        ],
        [
          "t-3",
          0.06266508996486664
        ],
        [
          "t-4",
          0.059138279408216476
        ],
        [
          "t-5",
          0.05734275281429291
        ]
      ],
      "mean_attention": [
        0.03716030716896057,
        0.038956452161073685,
        0.0394657701253891,
        0.03936932608485222,
        0.03980331867933273,
        0.040768008679151535,
        0.042382679879665375,
        0.04420590028166771,
        0.04612981155514717,
        0.04790095239877701,
        0.049549926072359085,
        0.05107877030968666,
        0.052773211151361465,
        0.054237958043813705,
        0.05566840618848801,
        0.05734275281429291,
        0.059138279408216476,
        0.06266508996486664,
        0.06808388233184814,
        0.07331925630569458
      ],
      "std_attention": [
        0.01790809817612171,
        0.020258154720067978,
        0.021019786596298218,
        0.022175626829266548,
        0.023708675056695938,
        0.024710334837436676,
        0.027055494487285614,
        0.02999085932970047,
        0.03340248391032219,
        0.03540497645735741,
        0.03682009503245354,
        0.037727467715740204,
        0.039673879742622375,
        0.041033901274204254,
        0.0427185483276844,
        0.044847533106803894,
        0.046677324920892715,
        0.05534395948052406,
        0.07977491617202759,
        0.0958494022488594
      ]
    },
    "2022": {
      "n_samples": 249,
      "entropy_mean": 2.576857328414917,
      "entropy_std": 0.42267856001853943,
      "attention_concentration": 0.06081433594226837,
      "top_features": [
        [
          "t-1",
          0.11049546301364899
        ],
        [
          "t-2",
          0.08906818926334381
        ],
        [
          "t-3",
          0.07754037529230118
        ],
        [
          "t-4",
          0.0700744092464447
        ],
        [
          "t-5",
          0.06493090093135834
        ]
      ],
      "mean_attention": [
        0.01924719847738743,
        0.02327175810933113,
        0.02650587446987629,
        0.029597409069538116,
        0.031409598886966705,
        0.03199845924973488,
        0.03265770152211189,
        0.03481314703822136,
        0.03862564265727997,
        0.04346034303307533,
        0.048318907618522644,
        0.052423134446144104,
        0.05568794906139374,
        0.05855562165379524,
        0.06131796911358833,
        0.06493090093135834,
        0.0700744092464447,
        0.07754037529230118,
        0.08906818926334381,
        0.11049546301364899
      ],
      "std_attention": [
        0.019069043919444084,
        0.021382521837949753,
        0.023541651666164398,
        0.02570401318371296,
        0.026722876355051994,
        0.026974502950906754,
        0.027584731578826904,
        0.03019200824201107,
        0.034025534987449646,
        0.03781069815158844,
        0.04064963757991791,
        0.04213342070579529,
        0.04276397079229355,
        0.04332932457327843,
        0.04390463978052139,
        0.0458713173866272,
        0.05133597180247307,
        0.060953158885240555,
        0.07757650315761566,
        0.12456371635198593
      ]
    },
    "2023": {
      "n_samples": 249,
      "entropy_mean": 2.9566104412078857,
      "entropy_std": 0.11601925641298294,
      "attention_concentration": 0.0503704696893692,
      "top_features": [
        [
          "t-1",
          0.05852297693490982
        ],
        [
          "t-2",
          0.057071782648563385
        ],
        [
          "t-3",
          0.055679239332675934
        ],
        [
          "t-4",
          0.05467979237437248
        ],
        [
          "t-5",
          0.05373784154653549
        ]
      ],
      "mean_attention": [
        0.04232051596045494,
        0.04666175693273544,
        0.047773223370313644,
        0.04754786193370819,
        0.04659668356180191,
        0.04561397433280945,
        0.04527774453163147,
        0.04575883597135544,
        0.04703626409173012,
        0.048545148223638535,
        0.04977860301733017,
        0.05071665346622467,
        0.051478657871484756,
        0.05220859497785568,
        0.052993882447481155,
        0.05373784154653549,
        0.05467979237437248,
        0.055679239332675934,
        0.057071782648563385,
        0.05852297693490982
      ],
      "std_attention": [
        0.00866432674229145,
        0.008408344350755215,
        0.00825412105768919,
        0.008138768374919891,
        0.008140785619616508,
        0.008235320448875427,
        0.008612948469817638,
        0.009279689751565456,
        0.010834542103111744,
        0.012621571309864521,
        0.014050565659999847,
        0.014866791665554047,
        0.015404394827783108,
        0.015857115387916565,
        0.016354814171791077,
        0.017302656546235085,
        0.01921553537249565,
        0.021202009171247482,
        0.027950460091233253,
        0.03330147638916969
      ]
    },
    "2024": {
      "n_samples": 250,
      "entropy_mean": 2.9035184383392334,
      "entropy_std": 0.35970285534858704,
      "attention_concentration": 0.050181154161691666,
      "top_features": [
        [
          "t-1",
          0.05662697181105614
        ],
        [
          "t-2",
          0.05551191419363022
        ],
        [
          "t-3",
          0.05442408099770546
        ],
        [
          "t-4",
          0.05357721075415611
        ],
        [
          "t-5",
          0.05262307450175285
        ]
      ],