{
  "period_statistics": {
    "2020": {
      "n_samples": 92,
      "entropy_mean": 2.9803314208984375,
      "entropy_std": 0.005706533323973417,
      "attention_concentration": 0.05140766128897667,
      "top_features": [
        [
          "t-20",
          0.06643515080213547
        ],
        [
          "t-19",
          0.0630684345960617
        ],
        [
          "t-18",
          0.06084863469004631
        ],
        [
          "t-17",
          0.05930594354867935
        ],
        [
          "t-16",
          0.057960059493780136
        ]
      ],
      "mean_attention": [
        0.06643515080213547,
        0.0630684345960617,
        0.06084863469004631,
        0.05930594354867935,
        0.057960059493780136,
        0.05657104402780533,
        0.055104974657297134,
        0.05348466709256172,
        0.0517236553132534,
        0.049767427146434784,
        0.04769285395741463,
        0.045607250183820724,
        0.043622106313705444,
        0.04196805879473686,
        0.04069766402244568,
        0.039899930357933044,
        0.039780568331480026,
        0.04040852189064026,
        0.04187377914786339,
        0.044179294258356094
      ],
      "std_attention": [
        0.003722182009369135,
        0.003267248859629035,
        0.003007171442732215,
        0.0028479385655373335,
        0.0027589499950408936,
        0.0027189345564693213,
        0.002697927178815007,
        0.00263204169459641,
        0.002544074086472392,
        0.0024238587357103825,
        0.0022594272159039974,
        0.0020753350108861923,
        0.0019147390266880393,
        0.0019040503539144993,
        0.0020007649436593056,
        0.00221253908239305,
        0.0025541209615767,
        0.002953593386337161,
        0.003353014588356018,
        0.003740140702575445
      ]
    },
    "2021": {
      "n_samples": 250,
      "entropy_mean": 2.981325149536133,
      "entropy_std": 0.005607175640761852,
      "attention_concentration": 0.051192544400691986,
      "top_features": [
        [
          "t-20",
          0.06523489952087402
        ],
        [
          "t-19",
          0.06280141323804855
        ],
        [
          "t-18",
          0.06076163426041603
        ],
        [
          "t-17",
          0.05895056575536728
        ],
        [
          "t-16",
          0.057196494191884995
        ]
      ],
      "mean_attention": [
        0.06523489952087402,
        0.06280141323804855,
        0.06076163426041603,
        0.05895056575536728,
        0.057196494191884995,
        0.05552816763520241,
        0.05393112078309059,
        0.0523659810423851,
        0.05081218108534813,
        0.049287281930446625,
        0.047785185277462006,
        0.04633539170026779,
        0.04498088359832764,
        0.04373627156019211,
        0.0426936000585556,
        0.04190956801176071,
        0.04140797629952431,
        0.04120953753590584,
        0.04131823033094406,
        0.04175364598631859
      ],
      "std_attention": [
        0.004285124596208334,
        0.003468983806669712,
        0.003273331793025136,
        0.0031919158063828945,
        0.003112068399786949,
        0.0030528646893799305,
        0.0030218614265322685,
        0.003018921473994851,
        0.0030387279111891985,
        0.0031141911167651415,
        0.003259570337831974,
        0.003450223943218589,
        0.003615402150899172,
        0.0037108592223376036,
        0.0037151214201003313,
        0.003651650156825781,
        0.0036178193986415863,
        0.0037785882595926523,
        0.004315619356930256,
        0.005340951960533857
      ]
    },
    "2022": {
      "n_samples": 249,
      "entropy_mean": 2.9848248958587646,
      "entropy_std": 0.010119649581611156,
      "attention_concentration": 0.05052392557263374,
      "top_features": [
        [
          "t-20",
          0.06367582827806473
        ],
        [
          "t-19",
          0.05964220315217972
        ],
        [
          "t-18",
          0.05712859705090523
        ],
        [
          "t-17",
          0.055120013654232025
        ],
        [
          "t-16",
          0.053392741829156876
        ]
      ],
      "mean_attention": [
        0.06367582827806473,
        0.05964220315217972,
        0.05712859705090523,
        0.055120013654232025,
        0.053392741829156876,
        0.051911044865846634,
        0.05065585672855377,
        0.049605220556259155,
        0.04868127405643463,
        0.047871675342321396,
        0.047200869768857956,
        0.04664353281259537,
        0.046206288039684296,
        0.045889075845479965,
        0.0456828847527504,
        0.0456279031932354,
        0.04570836201310158,
        0.04596065357327461,
        0.04638933017849922,
        0.04700666666030884
      ],
      "std_attention": [
        0.00846814550459385,
        0.007474019192159176,
        0.006720181088894606,
        0.006069033406674862,
        0.005487368442118168,
        0.005018358118832111,
        0.004635542631149292,
        0.004317949991673231,
        0.004028399009257555,
        0.0037758275866508484,
        0.003635709173977375,
        0.003581099910661578,
        0.0036470231134444475,
        0.003827110631391406,
        0.004164204467087984,
        0.0046289823949337006,
        0.005233393050730228,
        0.005966721102595329,
        0.006823014933615923,
        0.007832773961126804
      ]
    },
    "2023": {
      "n_samples": 249,
      "entropy_mean": 2.9796853065490723,
      "entropy_std": 0.00882510282099247,
      "attention_concentration": 0.051351580768823624,
      "top_features": [
        [
          "t-20",
          0.0646597295999527
        ],
        [
          "t-19",
          0.06281021237373352
        ],
        [
          "t-18",
          0.06123501434922218
        ],
        [
          "t-17",
          0.0595715269446373
        ],
        [
          "t-16",
          0.05784085392951965
        ]
      ],
      "mean_attention": [
        0.0646597295999527,
        0.06281021237373352,
        0.06123501434922218,
        0.0595715269446373,
        0.05784085392951965,
        0.056153248995542526,
        0.05454227328300476,
        0.05298096314072609,
        0.05149507150053978,
        0.05005037412047386,
        0.04860381409525871,
        0.04717680811882019,
        0.045773521065711975,
        0.04441787302494049,
        0.04312694072723389,
        0.04189730063080788,
        0.04078257828950882,
        0.03977440670132637,
        0.03890280798077583,
        0.03820464387536049
      ],
      "std_attention": [
        0.007128990720957518,
        0.005301434546709061,
        0.0044033704325556755,
        0.0038638205733150244,
        0.0034865301568061113,
        0.003181066829711199,
        0.0029837649781256914,
        0.002837451407685876,
        0.0027608575765043497,
        0.002695850795134902,
        0.0026694589760154486,
        0.002677946351468563,
        0.0027200377080589533,
        0.002808237448334694,
        0.0029295252170413733,
        0.003088977886363864,
        0.0032889863941818476,
        0.0035375708248466253,
        0.003840035991743207,
        0.004224898759275675
      ]
    },
    "2024": {
      "n_samples": 250,
      "entropy_mean": 2.9766385555267334,
      "entropy_std": 0.013644964434206486,
      "attention_concentration": 0.051371894776821136,
      "top_features": [
        [
          "t-20",
          0.06263477355241776
        ],
        [
          "t-19",
          0.06190405786037445
        ],
        [
          "t-18",
          0.06095612794160843
        ],
        [
          "t-17",
          0.05977996066212654
        ],
        [
          "t-16",
          0.05838409438729286
        ]
      ],