{
  "period_statistics": {
    "2020": {
      "n_samples": 92,
      "entropy_mean": 2.9814984798431396,
      "entropy_std": 0.006737981457263231,
      "attention_concentration": 0.051272373646497726,
      "top_features": [
        [
          "t-20",
          0.07370980829000473
        ],
        [
          "t-19",
          0.06302394717931747
        ],
        [
          "t-18",
          0.058000363409519196
        ],
        [
          "t-17",
          0.055413153022527695
        ],
        [
          "t-16",
          0.05387644097208977
        ]
      ],
      "mean_attention": [
        0.07370980829000473,
        0.06302394717931747,
        0.058000363409519196,
        0.055413153022527695,
        0.05387644097208977,
        0.05281050130724907,
        0.051911380141973495,
        0.05108295753598213,
        0.0502205416560173,
        0.04936826601624489,
        0.048459529876708984,
        0.047476861625909805,
        0.04642915353178978,
        0.04523000121116638,
        0.04403480887413025,
        0.04297934100031853,
        0.042082250118255615,
        0.041442517191171646,
        0.041135769337415695,
        0.04131241887807846
      ],
      "std_attention": [
        0.004170587752014399,
        0.00395298283547163,
        0.0036959063727408648,
        0.0033760867081582546,
        0.003079754998907447,
        0.002780477749183774,
        0.002533214632421732,
        0.002288554795086384,
        0.0021456927061080933,
        0.0020198398269712925,
        0.0019786071497946978,
        0.0020525637082755566,
        0.0022430075332522392,
        0.002570183714851737,
        0.0029323743656277657,
        0.003323623677715659,
        0.0037329955957829952,
        0.004147296771407127,
        0.004566393792629242,
        0.004969100933521986
      ]
    },
    "2021": {
      "n_samples": 250,
      "entropy_mean": 2.9878041744232178,
      "entropy_std": 0.005874241702258587,
      "attention_concentration": 0.05059463530778885,
      "top_features": [
        [
          "t-20",
          0.06517995148897171
        ],
        [
          "t-19",
          0.05916962772607803
        ],
        [
          "t-18",
          0.05610591545701027
        ],
        [
          "t-17",
          0.054261934012174606
        ],
        [
          "t-16",
          0.05304841324687004
        ]
      ],
      "mean_attention": [
        0.06517995148897171,
        0.05916962772607803,
        0.05610591545701027,
        0.054261934012174606,
        0.05304841324687004,
        0.05216347798705101,
        0.05142311379313469,
        0.0507626049220562,
        0.05014047399163246,
        0.04949205741286278,
        0.04882926493883133,
        0.04813942685723305,
        0.04742525890469551,
        0.046734750270843506,
        0.04603821411728859,
        0.04535893350839615,
        0.04470346122980118,
        0.044118281453847885,
        0.04364103078842163,
        0.04326381906867027
      ],
      "std_attention": [
        0.004335018806159496,
        0.0029998200479894876,
        0.0026792758144438267,
        0.0026481912937015295,
        0.0026397465262562037,
        0.0026412182487547398,
        0.0026404266245663166,
        0.0026481454260647297,
        0.0026412776205688715,
        0.002660921076312661,
        0.0027226603124290705,
        0.002831547288224101,
        0.002980350749567151,
        0.0031274876091629267,
        0.0033047122415155172,
        0.003500893944874406,
        0.0037075853906571865,
        0.003888295730575919,
        0.0040129912085831165,
        0.004108237102627754
      ]
    },
    "2022": {
      "n_samples": 249,
      "entropy_mean": 2.9715983867645264,
      "entropy_std": 0.013624722138047218,
      "attention_concentration": 0.05196022614836693,
      "top_features": [
        [
          "t-20",
          0.07835440337657928
        ],
        [
          "t-19",
          0.0674867108464241
        ],
        [
          "t-18",
          0.06167394295334816
        ],
        [
          "t-17",
          0.058207955211400986
        ],
        [
          "t-16",
          0.05578581243753433
        ]
      ],
      "mean_attention": [
        0.07835440337657928,
        0.0674867108464241,
        0.06167394295334816,
        0.058207955211400986,
        0.05578581243753433,
        0.05381501093506813,
        0.05208789184689522,
        0.05048196390271187,
        0.04897875711321831,
        0.04756652191281319,
        0.046234969049692154,
        0.045010872185230255,
        0.04390720650553703,
        0.04294507950544357,
        0.04214002937078476,
        0.04150473698973656,
        0.04107150062918663,
        0.04084649309515953,
        0.04083918780088425,
        0.04106086120009422
      ],
      "std_attention": [
        0.009168406948447227,
        0.006415335927158594,
        0.005604225676506758,
        0.005229069851338863,
        0.004985657520592213,
        0.004835067316889763,
        0.00472510838881135,
        0.00463541503995657,
        0.004568156320601702,
        0.00453378539532423,
        0.004522937815636396,
        0.004535853862762451,
        0.004559694789350033,
        0.004626596812158823,
        0.004760142415761948,
        0.004959875717759132,
        0.005235389340668917,
        0.005585630889981985,
        0.00600930443033576,
        0.006502670235931873
      ]
    },
    "2023": {
      "n_samples": 249,
      "entropy_mean": 2.9881398677825928,
      "entropy_std": 0.005770165007561445,
      "attention_concentration": 0.0506630465388298,
      "top_features": [
        [
          "t-20",
          0.06467760354280472
        ],
        [
          "t-19",
          0.05965017154812813
        ],
        [
          "t-18",
          0.056888483464717865
        ],
        [
          "t-17",
          0.055081501603126526
        ],
        [
          "t-16",
          0.05379372462630272
        ]
      ],
      "mean_attention": [
        0.06467760354280472,
        0.05965017154812813,
        0.056888483464717865,
        0.055081501603126526,
        0.05379372462630272,
        0.05278701335191727,
        0.05191905423998833,
        0.05112430453300476,
        0.05034378916025162,
        0.04956981539726257,
        0.04879828914999962,
        0.04802199453115463,
        0.04724561423063278,
        0.04646610841155052,
        0.045689307153224945,
        0.044940654188394547,
        0.04422055557370186,
        0.043540310114622116,
        0.042909909039735794,
        0.04233169183135033
      ],
      "std_attention": [
        0.005669932346791029,
        0.00404174393042922,
        0.0030016135424375534,
        0.002337006153538823,
        0.0018525290070101619,
        0.0014687089715152979,
        0.0011511382181197405,
        0.0009128088713623583,
        0.0008211533422581851,
        0.0009097505244426429,
        0.0011252800468355417,
        0.0013978865463286638,
        0.0016773592215031385,
        0.001947206910699606,
        0.002179686212912202,
        0.002362387953326106,
        0.002493401523679495,
        0.002565679606050253,
        0.0025807071942836046,
        0.0025354346726089716
      ]
    },
    "2024": {
      "n_samples": 250,
      "entropy_mean": 2.9910361766815186,
      "entropy_std": 0.005748146679252386,
      "attention_concentration": 0.0502973310649395,
      "top_features": [
        [
          "t-20",
          0.059983573853969574
        ],
        [
          "t-19",
          0.05630451440811157
        ],
        [
          "t-18",
          0.05446817725896835
        ],
        [
          "t-17",
          0.05328183248639107
        ],
        [
          "t-16",
          0.052453093230724335
        ]
      ],