{
  "period_statistics": {
    "2020": {
      "n_samples": 92,
      "entropy_mean": 2.730151414871216,
      "entropy_std": 0.22592414915561676,
      "attention_concentration": 0.07228954136371613,
      "top_features": [
        [
          "t-1",
          0.12662599980831146
        ],
        [
          "t-2",
          0.11091785132884979
        ],
        [
          "t-3",
          0.09744662791490555
        ],
        [
          "t-4",
          0.08623247593641281
        ],
        [
          "t-5",
          0.07624681293964386
        ]
      ],
      "mean_attention": [
        0.011604753322899342,
        0.011673682369291782,
        0.013880987651646137,
        0.017405107617378235,
        0.021118702366948128,
        0.024558618664741516,
        0.027899635955691338,
        0.03129603713750839,
        0.03483032062649727,
        0.03856376186013222,
        0.042658839374780655,
        0.04732893779873848,
        0.052741583436727524,
        0.05953172966837883,
        0.06743758171796799,
        0.07624681293964386,
        0.08623247593641281,
        0.09744662791490555,
        0.11091785132884979,
        0.12662599980831146
      ],
      "std_attention": [
        0.003157953033223748,
        0.003090387210249901,
        0.003511246759444475,
        0.004261402878910303,
        0.0050737312994897366,
        0.0058782752603292465,
        0.006714692804962397,
        0.007555676624178886,
        0.008389506489038467,
        0.009240818209946156,
        0.010239840485155582,
        0.011613749898970127,
        0.01340111531317234,
        0.016045773401856422,
        0.019011788070201874,
        0.022102592512965202,
        0.026318976655602455,
        0.03293221816420555,
        0.04782285913825035,
        0.07216855138540268
      ]
    },
    "2021": {
      "n_samples": 250,
      "entropy_mean": 2.7983267307281494,
      "entropy_std": 0.19227111339569092,
      "attention_concentration": 0.06453043967485428,
      "top_features": [
        [
          "t-1",
          0.10794676840305328
        ],
        [
          "t-2",
          0.09802965819835663
        ],
        [
          "t-3",
          0.08866944909095764
        ],
        [
          "t-4",
          0.08017998188734055
        ],
        [
          "t-5",
          0.07251811027526855
        ]
      ],
      "mean_attention": [
        0.016718503087759018,
        0.017983434721827507,
        0.01997959427535534,
        0.022623853757977486,
        0.025665339082479477,
        0.028797682374715805,
        0.03191220760345459,
        0.03506643325090408,
        0.03830250725150108,
        0.041670020669698715,
        0.045338213443756104,
        0.04943190887570381,
        0.05414353311061859,
        0.0594513975083828,
        0.06557145714759827,
        0.07251811027526855,
        0.08017998188734055,
        0.08866944909095764,
        0.09802965819835663,
        0.10794676840305328
      ],
      "std_attention": [
        0.0050868806429207325,
        0.005625625606626272,
        0.0058953179977834225,
        0.006153068970888853,
        0.006632938515394926,
        0.007286862004548311,
        0.008022237569093704,
        0.0088599668815732,
        0.009695603512227535,
        0.010602189227938652,
        0.011719612404704094,
        0.013156529515981674,
        0.01504701841622591,
        0.017548901960253716,
        0.021055089309811592,
        0.025124402716755867,
        0.029920389875769615,
        0.03743809461593628,
        0.051065586507320404,
        0.06536003202199936
      ]
    },
    "2022": {
      "n_samples": 249,
      "entropy_mean": 2.49796462059021,
      "entropy_std": 0.2354358434677124,
      "attention_concentration": 0.10452702641487122,
      "top_features": [
        [
          "t-1",
          0.1967446357011795
        ],
        [
          "t-2",
          0.15643814206123352
        ],
        [
          "t-3",
          0.12310201674699783
        ],
        [
          "t-4",
          0.09605997055768967
        ],
        [
          "t-5",
          0.07482800632715225
        ]
      ],
      "mean_attention": [
        0.00923949759453535,
        0.009750446304678917,
        0.010590405203402042,
        0.01176171749830246,
        0.013196570798754692,
        0.014791742898523808,
        0.016568390652537346,
        0.018569914624094963,
        0.020884472876787186,
        0.02375587821006775,
        0.027404190972447395,
        0.032134685665369034,
        0.03842068091034889,
        0.04701097309589386,
        0.05874765291810036,
        0.07482800632715225,
        0.09605997055768967,
        0.12310201674699783,
        0.15643814206123352,
        0.1967446357011795
      ],
      "std_attention": [
        0.00394852552562952,
        0.004324181005358696,
        0.004708135966211557,
        0.005177911836653948,
        0.0057416148483753204,
        0.006352932192385197,
        0.007044319529086351,
        0.007785128895193338,
        0.008515031076967716,
        0.009380307979881763,
        0.010317811742424965,
        0.01124701090157032,
        0.01218942366540432,
        0.013434297405183315,
        0.01514908205717802,
        0.017972106114029884,
        0.023068081587553024,
        0.03194908797740936,
        0.04747799411416054,
        0.07672809064388275
      ]
    },
    "2023": {
      "n_samples": 249,
      "entropy_mean": 2.9470598697662354,
      "entropy_std": 0.06423037499189377,
      "attention_concentration": 0.05144200101494789,
      "top_features": [
        [
          "t-1",
          0.06479392945766449
        ],
        [
          "t-2",
          0.06288203597068787
        ],
        [
          "t-3",
          0.06088566407561302
        ],
        [
          "t-4",
          0.05884890258312225
        ],
        [
          "t-5",
          0.05680352821946144
        ]
      ],
      "mean_attention": [
        0.030415313318371773,
        0.03563978895545006,
        0.039917707443237305,
        0.043378885835409164,
        0.045690346509218216,
        0.04698416218161583,
        0.04766413941979408,
        0.04809540882706642,
        0.048520322889089584,
        0.04904826730489731,
        0.04974575340747833,
        0.050662171095609665,
        0.05181524157524109,
        0.05323600769042969,
        0.05497241020202637,
        0.05680352821946144,
        0.05884890258312225,
        0.06088566407561302,
        0.06288203597068787,
        0.06479392945766449
      ],
      "std_attention": [
        0.007866929285228252,
        0.009894953109323978,
        0.011571706272661686,
        0.012714534997940063,
        0.01300210040062666,
        0.01252556312829256,
        0.011593269184231758,
        0.010511830449104309,
        0.009404845535755157,
        0.00837935134768486,
        0.007619807031005621,
        0.0072547029703855515,
        0.007474763318896294,
        0.00845001358538866,
        0.010277149267494678,
        0.012796937488019466,
        0.016162870451807976,
        0.020078981295228004,
        0.025010762736201286,
        0.030546944588422775
      ]
    },
    "2024": {
      "n_samples": 250,
      "entropy_mean": 2.9458963871002197,
      "entropy_std": 0.12184805423021317,
      "attention_concentration": 0.05043112486600876,
      "top_features": [
        [
          "t-15",
          0.053238365799188614
        ],
        [
          "t-14",
          0.053157564252614975
        ],
        [
          "t-13",
          0.05269269272685051
        ],
        [
          "t-16",
          0.05251453071832657
        ],
        [
          "t-12",
          0.0521644689142704
        ]
      ],