{
  "period_statistics": {
    "2020": {
      "n_samples": 92,
      "entropy_mean": 2.983685255050659,
      "entropy_std": 0.014082917012274265,
      "attention_concentration": 0.05005810037255287,
      "top_features": [
        [
          "t-1",
          0.051942918449640274
        ],
        [
          "t-2",
          0.05173853784799576
        ],
        [
          "t-3",
          0.05154906585812569
        ],
        [
          "t-4",
          0.051367681473493576
        ],
        [
          "t-5",
          0.05120391026139259
        ]
      ],
      "mean_attention": [
        0.04675666615366936,
        0.04590482637286186,
        0.04693058878183365,
        0.048141416162252426,
        0.049079086631536484,
        0.04969445988535881,
        0.0500592477619648,
        0.050291936844587326,
        0.05042613670229912,
        0.050553545355796814,
        0.05066535621881485,
        0.05076928064227104,
        0.050878044217824936,
        0.050986431539058685,
        0.05106084421277046,
        0.05120391026139259,
        0.051367681473493576,
        0.05154906585812569,
        0.05173853784799576,
        0.051942918449640274
      ],
      "std_attention": [
        0.0065175811760127544,
        0.006637113634496927,
        0.006935080047696829,
        0.007152501028031111,
        0.007229959592223167,
        0.007167441304773092,
        0.00704822177067399,
        0.006888475734740496,
        0.0067552076652646065,
        0.006674912758171558,
        0.006668718531727791,
        0.006724571343511343,
        0.00685607036575675,
        0.007058167364448309,
        0.007341922260820866,
        0.007706979289650917,
        0.008104348555207253,
        0.008530251681804657,
        0.008986317552626133,
        0.009441107511520386
      ]
    },
    "2021": {
      "n_samples": 250,
      "entropy_mean": 2.9903764724731445,
      "entropy_std": 0.005279487930238247,
      "attention_concentration": 0.050136879086494446,
      "top_features": [
        [
          "t-1",
          0.053436148911714554
        ],
        [
          "t-2",
          0.05311371013522148
        ],
        [
          "t-3",
          0.05279666557908058
        ],
        [
          "t-4",
          0.05249737203121185
        ],
        [
          "t-5",
          0.05220869183540344
        ]
      ],
      "mean_attention": [
        0.04561945050954819,
        0.044428031891584396,
        0.04550182446837425,
        0.04687412083148956,
        0.04799783229827881,
        0.048794496804475784,
        0.04938189312815666,
        0.04982701689004898,
        0.050192564725875854,
        0.05052121728658676,
        0.05081823840737343,
        0.051095299422740936,
        0.051356811076402664,
        0.05162307992577553,
        0.05191556364297867,
        0.05220869183540344,
        0.05249737203121185,
        0.05279666557908058,
        0.05311371013522148,
        0.053436148911714554
      ],
      "std_attention": [
        0.003797637764364481,
        0.003892752109095454,
        0.004091604147106409,
        0.004210086073726416,
        0.0042853583581745625,
        0.004309938754886389,
        0.004320639651268721,
        0.004307060968130827,
        0.00428960332646966,
        0.004283482208848,
        0.004282600246369839,
        0.004289248492568731,
        0.0043024769984185696,
        0.004337658639997244,
        0.004378657788038254,
        0.004433417692780495,
        0.004504972603172064,
        0.0046084909699857235,
        0.004730103071779013,
        0.00488250469788909
      ]
    },
    "2022": {
      "n_samples": 249,
      "entropy_mean": 2.9829659461975098,
      "entropy_std": 0.006269532721489668,
      "attention_concentration": 0.050223175436258316,
      "top_features": [
        [
          "t-1",
          0.055006593465805054
        ],
        [
          "t-2",
          0.05443176254630089
        ],
        [
          "t-3",
          0.05388656258583069
        ],
        [
          "t-4",
          0.05335615202784538
        ],
        [
          "t-5",
          0.0528407022356987
        ]
      ],
      "mean_attention": [
        0.04368708282709122,
        0.04324560984969139,
        0.04481150582432747,
        0.04656058922410011,
        0.04782617837190628,
        0.04863240569829941,
        0.04913226142525673,
        0.049480315297842026,
        0.04983232542872429,
        0.050188902765512466,
        0.050543613731861115,
        0.05093717947602272,
        0.05137484520673752,
        0.05186187103390694,
        0.05236359313130379,
        0.0528407022356987,
        0.05335615202784538,
        0.05388656258583069,
        0.05443176254630089,
        0.055006593465805054
      ],
      "std_attention": [
        0.006890574470162392,
        0.006947732996195555,
        0.007389470469206572,
        0.007621778640896082,
        0.007554668467491865,
        0.007309795822948217,
        0.006997032091021538,
        0.006703794002532959,
        0.006461294833570719,
        0.006310510449111462,
        0.0062211002223193645,
        0.006237351801246405,
        0.0063658952713012695,
        0.006618754472583532,
        0.006940996274352074,
        0.007352293003350496,
        0.007829245179891586,
        0.00837251078337431,
        0.0089907580986619,
        0.009692798368632793
      ]
    },
    "2023": {
      "n_samples": 249,
      "entropy_mean": 2.989490032196045,
      "entropy_std": 0.004032645840197802,
      "attention_concentration": 0.05024931579828262,
      "top_features": [
        [
          "t-1",
          0.05467084050178528
        ],
        [
          "t-2",
          0.05420289561152458
        ],
        [
          "t-3",
          0.053731635212898254
        ],
        [
          "t-4",
          0.05326978489756584
        ],
        [
          "t-5",
          0.05282748118042946
        ]
      ],
      "mean_attention": [
        0.043378401547670364,
        0.042318906635046005,
        0.044068172574043274,
        0.04610646143555641,
        0.04766208678483963,
        0.04870448261499405,
        0.04941166564822197,
        0.04996190592646599,
        0.050372250378131866,
        0.05071182921528816,
        0.051058243960142136,
        0.05139106139540672,
        0.05172125995159149,
        0.052040278911590576,
        0.05239039286971092,
        0.05282748118042946,
        0.05326978489756584,
        0.053731635212898254,
        0.05420289561152458,
        0.05467084050178528
      ],
      "std_attention": [
        0.0035262019373476505,
        0.003421958303079009,
        0.0037494078278541565,
        0.0040367585606873035,
        0.004191608168184757,
        0.004244329873472452,
        0.004240508656948805,
        0.004186148289591074,
        0.0041417027823626995,
        0.004052507691085339,
        0.004015839658677578,
        0.0040008993819355965,
        0.004008329939097166,
        0.004034193232655525,
        0.004163960460573435,
        0.004384411033242941,
        0.004700786899775267,
        0.005082228686660528,
        0.005521904211491346,
        0.006023347843438387
      ]
    },
    "2024": {
      "n_samples": 250,
      "entropy_mean": 2.9891743659973145,
      "entropy_std": 0.004996009171009064,
      "attention_concentration": 0.05032951757311821,
      "top_features": [
        [
          "t-1",
          0.055712513625621796
        ],
        [
          "t-2",
          0.05509307235479355
        ],
        [
          "t-3",
          0.05451299622654915
        ],
        [
          "t-4",
          0.053973909467458725
        ],
        [
          "t-5",
          0.053455792367458344
        ]
      ],