{
  "period_statistics": {
    "2020": {
      "n_samples": 92,
      "entropy_mean": 2.801037073135376,
      "entropy_std": 0.13897112011909485,
      "attention_concentration": 0.051666345447301865,
      "top_features": [
        [
          "t-17",
          0.06851740181446075
        ],
        [
          "t-16",
          0.06821072846651077
        ],
        [
          "t-15",
          0.06407056748867035
        ],
        [
          "t-18",
          0.06112198159098625
        ],
        [
          "t-14",
          0.05933704972267151
        ]
      ],
      "mean_attention": [
        0.03790273144841194,
        0.04790010675787926,
        0.06112198159098625,
        0.06851740181446075,
        0.06821072846651077,
        0.06407056748867035,
        0.05933704972267151,
        0.05490701645612717,
        0.05162900313735008,
        0.04873862862586975,
        0.04653643071651459,
        0.044911518692970276,
        0.04375232383608818,
        0.04314466938376427,
        0.0428471639752388,
        0.04255209118127823,
        0.042517878115177155,
        0.04283781722187996,
        0.04370298236608505,
        0.04486190900206566
      ],
      "std_attention": [
        0.02670379728078842,
        0.029901359230279922,
        0.034534480422735214,
        0.035949014127254486,
        0.03435292840003967,
        0.032096512615680695,
        0.030687762424349785,
        0.029794491827487946,
        0.029669003561139107,
        0.029381724074482918,
        0.02924518473446369,
        0.02933572418987751,
        0.029604190960526466,
        0.029931306838989258,
        0.030382540076971054,
        0.031115952879190445,
        0.03264336287975311,
        0.034753959625959396,
        0.03848540782928467,
        0.04323527589440346
      ]
    },
    "2021": {
      "n_samples": 250,
      "entropy_mean": 2.8030450344085693,
      "entropy_std": 0.20690098404884338,
      "attention_concentration": 0.05023759603500366,
      "top_features": [
        [
          "t-1",
          0.05631724372506142
        ],
        [
          "t-2",
          0.05432996526360512
        ],
        [
          "t-3",
          0.05266394466161728
        ],
        [
          "t-16",
          0.05264466628432274
        ],
        [
          "t-17",
          0.052297089248895645
        ]
      ],
      "mean_attention": [
        0.03974573686718941,
        0.043451208621263504,
        0.04934271425008774,
        0.052297089248895645,
        0.05264466628432274,
        0.05180033668875694,
        0.05081189051270485,
        0.0499502457678318,
        0.04922596365213394,
        0.04887312278151512,
        0.04882265627384186,
        0.048903293907642365,
        0.04927708953619003,
        0.04965351149439812,
        0.04998515918850899,
        0.05057436227798462,
        0.051329825073480606,
        0.05266394466161728,
        0.05432996526360512,
        0.05631724372506142
      ],
      "std_attention": [
        0.02736804075539112,
        0.03192264959216118,
        0.03756977617740631,
        0.03885548561811447,
        0.03770901635289192,
        0.03562195971608162,
        0.03413134813308716,
        0.03289012983441353,
        0.031999144703149796,
        0.03162192925810814,
        0.03167968615889549,
        0.031581077724695206,
        0.03187720105051994,
        0.032453443855047226,
        0.03299102187156677,
        0.03423302248120308,
        0.03532174229621887,
        0.039137907326221466,
        0.04468229413032532,
        0.05112981051206589
      ]
    },
    "2022": {
      "n_samples": 249,
      "entropy_mean": 2.8071322441101074,
      "entropy_std": 0.17683425545692444,
      "attention_concentration": 0.05053116753697395,
      "top_features": [
        [
          "t-17",
          0.058686405420303345
        ],
        [
          "t-1",
          0.05839990824460983
        ],
        [
          "t-16",
          0.05658777803182602
        ],
        [
          "t-2",
          0.055036190897226334
        ],
        [
          "t-18",
          0.05487893149256706
        ]
      ],
      "mean_attention": [
        0.03630948066711426,
        0.04448304697871208,
        0.05487893149256706,
        0.058686405420303345,
        0.05658777803182602,
        0.053250640630722046,
        0.05056668445467949,
        0.04873844236135483,
        0.04747433215379715,
        0.04682936519384384,
        0.04670505225658417,
        0.046853456646203995,
        0.04710838198661804,
        0.047514718025922775,
        0.04820065200328827,
        0.04924795776605606,
        0.05061044543981552,
        0.052518125623464584,
        0.055036190897226334,
        0.05839990824460983
      ],
      "std_attention": [
        0.024456357583403587,
        0.029878877103328705,
        0.037706613540649414,
        0.03897632658481598,
        0.03519582003355026,
        0.031551603227853775,
        0.028993677347898483,
        0.027402890846133232,
        0.0262758769094944,
        0.025821255519986153,
        0.026152338832616806,
        0.02694382518529892,
        0.027761399745941162,
        0.028539149090647697,
        0.029651936143636703,
        0.031376082450151443,
        0.03427166864275932,
        0.03877682238817215,
        0.04495907574892044,
        0.05619074031710625
      ]
    },
    "2023": {
      "n_samples": 249,
      "entropy_mean": 2.9505722522735596,
      "entropy_std": 0.03912178426980972,
      "attention_concentration": 0.050155527889728546,
      "top_features": [
        [
          "t-1",
          0.05256687477231026
        ],
        [
          "t-2",
          0.05210594832897186
        ],
        [
          "t-3",
          0.05174461379647255
        ],
        [
          "t-4",
          0.05143043026328087
        ],
        [
          "t-14",
          0.05126339569687843
        ]
      ],
      "mean_attention": [
        0.04223204776644707,
        0.042859409004449844,
        0.04617190361022949,
        0.04896245524287224,
        0.05045191943645477,
        0.05108225345611572,
        0.05126339569687843,
        0.05117466300725937,
        0.051103390753269196,
        0.05105239152908325,
        0.050963785499334335,
        0.0508882962167263,
        0.050854820758104324,
        0.05088184028863907,
        0.051020629703998566,
        0.05118892714381218,
        0.05143043026328087,
        0.05174461379647255,
        0.05210594832897186,
        0.05256687477231026
      ],
      "std_attention": [
        0.015690285712480545,
        0.015120659954845905,
        0.015757590532302856,
        0.016000669449567795,
        0.015448766760528088,
        0.014619490131735802,
        0.013860227540135384,
        0.013180488720536232,
        0.01283105369657278,
        0.012654352933168411,
        0.012653596699237823,
        0.012777465395629406,
        0.013057596050202847,
        0.0134887108579278,
        0.014132539741694927,
        0.014994419179856777,
        0.01603551395237446,
        0.0174242090433836,
        0.01908084750175476,
        0.021035144105553627
      ]
    },
    "2024": {
      "n_samples": 250,
      "entropy_mean": 2.846036195755005,
      "entropy_std": 0.32593703269958496,
      "attention_concentration": 0.050285883247852325,
      "top_features": [
        [
          "t-1",
          0.05802451819181442
        ],
        [
          "t-2",
          0.056154247373342514
        ],
        [
          "t-3",
          0.05491514131426811
        ],
        [
          "t-4",
          0.053981658071279526
        ],
        [
          "t-5",
          0.05306558683514595
        ]
      ],