{
  "period_statistics": {
    "2021": {
      "n_samples": 5,
      "entropy_mean": 2.4817490577697754,
      "entropy_std": 0.0005104545271024108,
      "attention_concentration": 0.0836099237203598,
      "top_features": [
        [
          "t-4",
          0.08953560143709183
        ],
        [
          "t-5",
          0.0893884152173996
        ],
        [
          "t-3",
          0.08832396566867828
        ],
        [
          "t-6",
          0.08832132816314697
        ],
        [
          "t-2",
          0.08574793487787247
        ]
      ],
      "mean_attention": [
        0.07765983045101166,
        0.07707934081554413,
        0.07667245715856552,
        0.07864739000797272,
        0.08139833062887192,
        0.08508163690567017,
        0.08832132816314697,
        0.0893884152173996,
        0.08953560143709183,
        0.08832396566867828,
        0.08574793487787247,
        0.08214376121759415
      ],
      "std_attention": [
        0.0009879624703899026,
        0.0009309306624345481,
        0.0016741236904636025,
        0.003923586569726467,
        0.006095899268984795,
        0.007036772556602955,
        0.00490171555429697,
        0.0044503300450742245,
        0.005334894638508558,
        0.005220735911279917,
        0.003427427262067795,
        0.005935308989137411
      ]
    },
    "2022": {
      "n_samples": 12,
      "entropy_mean": 2.4748079776763916,
      "entropy_std": 0.005041547119617462,
      "attention_concentration": 0.08449342846870422,
      "top_features": [
        [
          "t-12",
          0.10283022373914719
        ],
        [
          "t-11",
          0.09715581685304642
        ],
        [
          "t-10",
          0.09268617630004883
        ],
        [
          "t-9",
          0.08887151628732681
        ],
        [
          "t-8",
          0.08568989485502243
        ]
      ],
      "mean_attention": [
        0.10283022373914719,
        0.09715581685304642,
        0.09268617630004883,
        0.08887151628732681,
        0.08568989485502243,
        0.08248374611139297,
        0.07979119569063187,
        0.07765068858861923,
        0.07555440813302994,
        0.07367286086082458,
        0.07200866937637329,
        0.07160482555627823
      ],
      "std_attention": [
        0.012540943920612335,
        0.008472796529531479,
        0.006321359891444445,
        0.006365899927914143,
        0.00607862276956439,
        0.005489928647875786,
        0.005199404899030924,
        0.005478931590914726,
        0.005448448937386274,
        0.005412612576037645,
        0.005427990108728409,
        0.006550580728799105
      ]
    },
    "2023": {
      "n_samples": 12,
      "entropy_mean": 2.4775755405426025,
      "entropy_std": 0.004793977364897728,
      "attention_concentration": 0.0840185135602951,
      "top_features": [
        [
          "t-1",
          0.09577243775129318
        ],
        [
          "t-2",
          0.09324569255113602
        ],
        [
          "t-3",
          0.09150359779596329
        ],
        [
          "t-4",
          0.08988028019666672
        ],
        [
          "t-5",
          0.08711867779493332
        ]
      ],
      "mean_attention": [
        0.07591801881790161,
        0.07447922974824905,
        0.0743534117937088,
        0.0759899690747261,
        0.07789195328950882,
        0.08009069412946701,
        0.08375603705644608,
        0.08711867779493332,
        0.08988028019666672,
        0.09150359779596329,
        0.09324569255113602,
        0.09577243775129318
      ],
      "std_attention": [
        0.007288571447134018,
        0.005737991072237492,
        0.00461834529414773,
        0.004037514328956604,
        0.0035899365320801735,
        0.00369451311416924,
        0.006740920711308718,
        0.00722294207662344,
        0.0071032047271728516,
        0.008109564892947674,
        0.009619624353945255,
        0.010652758181095123
      ]
    },
    "2024": {
      "n_samples": 12,
      "entropy_mean": 2.4783496856689453,
      "entropy_std": 0.002815395127981901,
      "attention_concentration": 0.083369180560112,
      "top_features": [
        [
          "t-12",
          0.08582791686058044
        ],
        [
          "t-7",
          0.08516792207956314
        ],
        [
          "t-9",
          0.08492573350667953
        ],
        [
          "t-8",
          0.08487561345100403
        ],
        [
          "t-6",
          0.08430939167737961
        ]
      ],
      "mean_attention": [
        0.08582791686058044,
        0.08389931917190552,
        0.08406586199998856,
        0.08492573350667953,
        0.08487561345100403,
        0.08516792207956314,
        0.08430939167737961,
        0.08107904344797134,
        0.08109278231859207,
        0.08199607580900192,
        0.08141744881868362,
        0.081342913210392
      ],
      "std_attention": [
        0.011024857871234417,
        0.009075160138309002,
        0.007580071222037077,
        0.007798425853252411,
        0.008396351709961891,
        0.008213690482079983,
        0.0067648980766534805,
        0.009897055104374886,
        0.009531432762742043,
        0.009805800393223763,
        0.0104512395337224,
        0.010546432808041573
      ]
    },
    "2025": {
      "n_samples": 10,
      "entropy_mean": 2.475074291229248,
      "entropy_std": 0.0029022893868386745,
      "attention_concentration": 0.08349978923797607,
      "top_features": [
        [
          "t-12",
          0.09221730381250381
        ],
        [
          "t-11",
          0.0886843204498291
        ],
        [
          "t-10",
          0.08581146597862244
        ],
        [
          "t-9",
          0.08412518352270126
        ],
        [
          "t-8",
          0.08378459513187408
        ]
      ],
      "mean_attention": [
        0.09221730381250381,
        0.0886843204498291,
        0.08581146597862244,
        0.08412518352270126,
        0.08378459513187408,
        0.08217530697584152,
        0.08002589643001556,
        0.08196479082107544,
        0.08073525130748749,
        0.07952497154474258,
        0.08077644556760788,
        0.080174520611763
      ],
      "std_attention": [
        0.015107627958059311,
        0.01438781339675188,
        0.013647538609802723,
        0.012550946325063705,
        0.012634320184588432,
        0.012301099486649036,
        0.011872864328324795,
        0.008019696921110153,
        0.006852309685200453,
        0.0057748109102249146,
        0.00519492058083415,
        0.005552786402404308
      ]
    }
  },
  "period_comparisons": {
    "2021_vs_2022": {
      "cosine_similarity": 0.9860741921435765,
      "l2_distance": 0.0484071746468544,
      "entropy_change": -0.006941080093383789,
      "concentration_change": 0.0008835047483444214
    },
    "2021_vs_2023": {
      "cosine_similarity": 0.9979888552033692,
      "l2_distance": 0.01837438903748989,
      "entropy_change": -0.0041735172271728516,
      "concentration_change": 0.00040858983993530273
    },
    "2021_vs_2024": {
      "cosine_similarity": 0.9973942867103598,
      "l2_distance": 0.02086307480931282,
      "entropy_change": -0.003399372100830078,
      "concentration_change": -0.00024074316024780273
    },
    "2021_vs_2025": {
      "cosine_similarity": 0.9953227672861308,
      "l2_distance": 0.027958016842603683,
      "entropy_change": -0.006674766540527344,
      "concentration_change": -0.00011013448238372803
    },
    "2022_vs_2023": {
      "cosine_similarity": 0.9794077964953058,
      "l2_distance": 0.05891236290335655,
      "entropy_change": 0.0027675628662109375,
      "concentration_change": -0.00047491490840911865
    },
    "2022_vs_2024": {
      "cosine_similarity": 0.9947915697741148,
      "l2_distance": 0.029631618410348892,
      "entropy_change": 0.003541707992553711,