{
  "period_statistics": {
    "2021": {
      "n_samples": 5,
      "entropy_mean": 2.481630802154541,
      "entropy_std": 0.000516689324285835,
      "attention_concentration": 0.0838196724653244,
      "top_features": [
        [
          "t-2",
          0.09134427458047867
        ],
        [
          "t-3",
          0.09065059572458267
        ],
        [
          "t-1",
          0.0904405489563942
        ],
        [
          "t-4",
          0.08979029953479767
        ],
        [
          "t-5",
          0.08752324432134628
        ]
      ],
      "mean_attention": [
        0.07491544634103775,
        0.07477374374866486,
        0.07591569423675537,
        0.07694730162620544,
        0.0796242505311966,
        0.08259250968694687,
        0.0854821428656578,
        0.08752324432134628,
        0.08979029953479767,
        0.09065059572458267,
        0.09134427458047867,
        0.0904405489563942
      ],
      "std_attention": [
        0.0018296478083357215,
        0.0016878147143870592,
        0.0017016964266076684,
        0.001207861234433949,
        0.002070579444989562,
        0.0025143628008663654,
        0.002899619285017252,
        0.002515550237149,
        0.0013776455307379365,
        0.0022170671727508307,
        0.002424085047096014,
        0.003167430404573679
      ]
    },
    "2022": {
      "n_samples": 12,
      "entropy_mean": 2.4828929901123047,
      "entropy_std": 0.0007499736384488642,
      "attention_concentration": 0.08349926769733429,
      "top_features": [
        [
          "t-12",
          0.08972367644309998
        ],
        [
          "t-11",
          0.08709355443716049
        ],
        [
          "t-10",
          0.08633879572153091
        ],
        [
          "t-9",
          0.08587831258773804
        ],
        [
          "t-8",
          0.08530613034963608
        ]
      ],
      "mean_attention": [
        0.08972367644309998,
        0.08709355443716049,
        0.08633879572153091,
        0.08587831258773804,
        0.08530613034963608,
        0.08454930782318115,
        0.08339273184537888,
        0.08221080154180527,
        0.08091164380311966,
        0.07965590804815292,
        0.07804461568593979,
        0.07689454406499863
      ],
      "std_attention": [
        0.007579102646559477,
        0.005378001369535923,
        0.0037170008290559053,
        0.002347160829231143,
        0.0021750619634985924,
        0.0026208471972495317,
        0.0028551260475069284,
        0.0032601715065538883,
        0.0033342281822115183,
        0.0034336561802774668,
        0.002627571113407612,
        0.0024186710361391306
      ]
    },
    "2023": {
      "n_samples": 12,
      "entropy_mean": 2.484471559524536,
      "entropy_std": 0.00012487091589719057,
      "attention_concentration": 0.0833386555314064,
      "top_features": [
        [
          "t-12",
          0.0846979096531868
        ],
        [
          "t-1",
          0.08398818969726562
        ],
        [
          "t-4",
          0.08378586918115616
        ],
        [
          "t-3",
          0.08367391675710678
        ],
        [
          "t-2",
          0.08367245644330978
        ]
      ],
      "mean_attention": [
        0.0846979096531868,
        0.08273149281740189,
        0.08222530037164688,
        0.0825725570321083,
        0.08288726955652237,
        0.0829252228140831,
        0.0832599326968193,
        0.08357987552881241,
        0.08378586918115616,
        0.08367391675710678,
        0.08367245644330978,
        0.08398818969726562
      ],
      "std_attention": [
        0.0029258716385811567,
        0.002417380455881357,
        0.002150850836187601,
        0.0019143796525895596,
        0.0017888539005070925,
        0.001650510006584227,
        0.0020597949624061584,
        0.002261137356981635,
        0.0024464887101203203,
        0.00274983374401927,
        0.002843315713107586,
        0.0027917169500142336
      ]
    },
    "2024": {
      "n_samples": 12,
      "entropy_mean": 2.475382089614868,
      "entropy_std": 0.010689632035791874,
      "attention_concentration": 0.08340499550104141,
      "top_features": [
        [
          "t-12",
          0.08723444491624832
        ],
        [
          "t-9",
          0.08519088476896286
        ],
        [
          "t-7",
          0.08515623956918716
        ],
        [
          "t-8",
          0.0850558951497078
        ],
        [
          "t-6",
          0.08503782749176025
        ]
      ],
      "mean_attention": [
        0.08723444491624832,
        0.08481193333864212,
        0.08484575897455215,
        0.08519088476896286,
        0.0850558951497078,
        0.08515623956918716,
        0.08503782749176025,
        0.08034410327672958,
        0.08037887513637543,
        0.0807519182562828,
        0.08060374110937119,
        0.08058839291334152
      ],
      "std_attention": [
        0.003900709096342325,
        0.0033923417795449495,
        0.0033797125797718763,
        0.003945841919630766,
        0.003960121423006058,
        0.0034551999997347593,
        0.0032468964345753193,
        0.014702251181006432,
        0.014737353660166264,
        0.014927324838936329,
        0.014810535125434399,
        0.01487204059958458
      ]
    },
    "2025": {
      "n_samples": 10,
      "entropy_mean": 2.4698901176452637,
      "entropy_std": 0.009428323246538639,
      "attention_concentration": 0.08338182419538498,
      "top_features": [
        [
          "t-5",
          0.08575208485126495
        ],
        [
          "t-2",
          0.08547304570674896
        ],
        [
          "t-4",
          0.08539441972970963
        ],
        [
          "t-1",
          0.0852716714143753
        ],
        [
          "t-3",
          0.08497657626867294
        ]
      ],
      "mean_attention": [
        0.08491124212741852,
        0.08237551152706146,
        0.08155962824821472,
        0.08124062418937683,
        0.08138532936573029,
        0.08104103803634644,
        0.08061882853507996,
        0.08575208485126495,
        0.08539441972970963,
        0.08497657626867294,
        0.08547304570674896,
        0.0852716714143753
      ],
      "std_attention": [
        0.01739884912967682,
        0.016602560877799988,
        0.016422685235738754,
        0.016169419512152672,
        0.016451990231871605,
        0.016424085944890976,
        0.01634674333035946,
        0.003698039334267378,
        0.0028535143937915564,
        0.002165661659091711,
        0.001585307763889432,
        0.001387249561958015
      ]
    }
  },
  "period_comparisons": {
    "2021_vs_2022": {
      "cosine_similarity": 0.992900070451887,
      "l2_distance": 0.034471072256565094,
      "entropy_change": 0.0012621879577636719,
      "concentration_change": -0.0003204047679901123
    },
    "2021_vs_2023": {
      "cosine_similarity": 0.9973303036091038,
      "l2_distance": 0.021140962839126587,
      "entropy_change": 0.002840757369995117,
      "concentration_change": -0.00048101693391799927
    },
    "2021_vs_2024": {
      "cosine_similarity": 0.9946986427421182,
      "l2_distance": 0.02978290431201458,
      "entropy_change": -0.0062487125396728516,
      "concentration_change": -0.0004146769642829895
    },
    "2021_vs_2025": {
      "cosine_similarity": 0.9978921912826655,
      "l2_distance": 0.01878812350332737,
      "entropy_change": -0.011740684509277344,
      "concentration_change": -0.0004378482699394226
    },
    "2022_vs_2023": {
      "cosine_similarity": 0.9988680177016891,
      "l2_distance": 0.01374457310885191,
      "entropy_change": 0.0015785694122314453,
      "concentration_change": -0.00016061216592788696
    },
    "2022_vs_2024": {
      "cosine_similarity": 0.9997459980672407,
      "l2_distance": 0.006511865649372339,
      "entropy_change": -0.0075109004974365234,