{
  "period_statistics": {
    "2020": {
      "n_samples": 92,
      "entropy_mean": 2.2267327308654785,
      "entropy_std": 0.48389190435409546,
      "attention_concentration": 0.061073653399944305,
      "top_features": [
        [
          "t-20",
          0.1427992731332779
        ],
        [
          "t-1",
          0.07094375789165497
        ],
        [
          "t-19",
          0.07028260827064514
        ],
        [
          "t-2",
          0.05813455209136009
        ],
        [
          "t-3",
          0.05030612275004387
        ]
      ],
      "mean_attention": [
        0.1427992731332779,
        0.07028260827064514,
        0.04911196604371071,
        0.04227409511804581,
        0.03893572464585304,
        0.037785470485687256,
        0.0375414602458477,
        0.03744416683912277,
        0.038181986659765244,
        0.03797001764178276,
        0.03795832023024559,
        0.03811100125312805,
        0.03827747330069542,
        0.04026645049452782,
        0.04234811291098595,
        0.0447542779147625,
        0.04657312482595444,
        0.05030612275004387,
        0.05813455209136009,
        0.07094375789165497
      ],
      "std_attention": [
        0.15984560549259186,
        0.08253343403339386,
        0.06020043045282364,
        0.05421090126037598,
        0.05256006866693497,
        0.0530325211584568,
        0.05378171056509018,
        0.05461058020591736,
        0.05644381418824196,
        0.05670808255672455,
        0.057352155447006226,
        0.05787599831819534,
        0.0582779236137867,
        0.0605306401848793,
        0.06292138993740082,
        0.06672516465187073,
        0.07062238454818726,
        0.07759880274534225,
        0.09839209169149399,
        0.13359268009662628
      ]
    },
    "2021": {
      "n_samples": 250,
      "entropy_mean": 2.2487406730651855,
      "entropy_std": 0.640539824962616,
      "attention_concentration": 0.05365195870399475,
      "top_features": [
        [
          "t-20",
          0.10636796802282333
        ],
        [
          "t-19",
          0.05804353579878807
        ],
        [
          "t-1",
          0.05625822767615318
        ],
        [
          "t-2",
          0.051978759467601776
        ],
        [
          "t-3",
          0.049260880798101425
        ]
      ],
      "mean_attention": [
        0.10636796802282333,
        0.05804353579878807,
        0.04818541556596756,
        0.045518629252910614,
        0.04557592421770096,
        0.04478319734334946,
        0.04477624222636223,
        0.04436631500720978,
        0.043886151164770126,
        0.043941788375377655,
        0.04404653236269951,
        0.04422086104750633,
        0.04476635903120041,
        0.04495789483189583,
        0.04548053815960884,
        0.04637161269783974,
        0.04721317067742348,
        0.049260880798101425,
        0.051978759467601776,
        0.05625822767615318
      ],
      "std_attention": [
        0.13471095263957977,
        0.09294997900724411,
        0.07556106895208359,
        0.0720343291759491,
        0.07260080426931381,
        0.0706796646118164,
        0.07124782353639603,
        0.07081543654203415,
        0.07113010436296463,
        0.07201234996318817,
        0.07276836037635803,
        0.07328730821609497,
        0.07505226135253906,
        0.07654731720685959,
        0.07875154167413712,
        0.08221142739057541,
        0.08476229757070541,
        0.09487991034984589,
        0.11230044811964035,
        0.1253117024898529
      ]
    },
    "2022": {
      "n_samples": 249,
      "entropy_mean": 2.2505125999450684,
      "entropy_std": 0.4031195640563965,
      "attention_concentration": 0.0625549703836441,
      "top_features": [
        [
          "t-20",
          0.1495659202337265
        ],
        [
          "t-1",
          0.0726998895406723
        ],
        [
          "t-19",
          0.06757108867168427
        ],
        [
          "t-2",
          0.058590710163116455
        ],
        [
          "t-3",
          0.05075719580054283
        ]
      ],
      "mean_attention": [
        0.1495659202337265,
        0.06757108867168427,
        0.05022422969341278,
        0.04387980327010155,
        0.0404517762362957,
        0.03850383311510086,
        0.037298671901226044,
        0.03707568347454071,
        0.036152590066194534,
        0.03541773557662964,
        0.0357450507581234,
        0.036792777478694916,
        0.03838512301445007,
        0.039784107357263565,
        0.04124718904495239,
        0.043401047587394714,
        0.04645542427897453,
        0.05075719580054283,
        0.058590710163116455,
        0.0726998895406723
      ],
      "std_attention": [
        0.17245928943157196,
        0.07911571115255356,
        0.05983920395374298,
        0.0530216358602047,
        0.04912365600466728,
        0.04713120311498642,
        0.046269264072179794,
        0.04724385589361191,
        0.04601692780852318,
        0.04468371719121933,
        0.04488425329327583,
        0.04709801450371742,
        0.049929648637771606,
        0.05181077867746353,
        0.053798940032720566,
        0.05640522390604019,
        0.06238357350230217,
        0.07105351984500885,
        0.08796031028032303,
        0.1282358020544052
      ]
    },
    "2023": {
      "n_samples": 249,
      "entropy_mean": 2.8176381587982178,
      "entropy_std": 0.2364177405834198,
      "attention_concentration": 0.0545821450650692,
      "top_features": [
        [
          "t-20",
          0.11524499952793121
        ],
        [
          "t-19",
          0.055266886949539185
        ],
        [
          "t-1",
          0.049229126423597336
        ],
        [
          "t-2",
          0.0477813258767128
        ],
        [
          "t-18",
          0.04712046682834625
        ]
      ],
      "mean_attention": [
        0.11524499952793121,
        0.055266886949539185,
        0.04712046682834625,
        0.04533858969807625,
        0.04472215101122856,
        0.0448063388466835,
        0.045228511095047,
        0.04504762962460518,
        0.04533758386969566,
        0.0457177460193634,
        0.045823317021131516,
        0.0458558090031147,
        0.045918721705675125,
        0.04599902778863907,
        0.046095967292785645,
        0.04617350921034813,
        0.046428509056568146,
        0.04686379060149193,
        0.0477813258767128,
        0.049229126423597336
      ],
      "std_attention": [
        0.076034776866436,
        0.03859720379114151,
        0.026964999735355377,
        0.025909997522830963,
        0.024921270087361336,
        0.02545870840549469,
        0.02631721831858158,
        0.02457514777779579,
        0.024964340031147003,
        0.025185752660036087,
        0.025244519114494324,
        0.025345785543322563,
        0.02574307657778263,
        0.025981025770306587,
        0.02640111744403839,
        0.027833672240376472,
        0.029812335968017578,
        0.03220180794596672,
        0.03844914585351944,
        0.045393798500299454
      ]
    },
    "2024": {
      "n_samples": 250,
      "entropy_mean": 2.614081621170044,
      "entropy_std": 0.7113562226295471,
      "attention_concentration": 0.05690041929483414,
      "top_features": [
        [
          "t-20",
          0.1282723844051361
        ],
        [
          "t-1",
          0.05309482291340828
        ],
        [
          "t-19",
          0.05298236384987831
        ],
        [
          "t-2",
          0.05107294023036957
        ],
        [
          "t-3",
          0.050823111087083817
        ]
      ],