{
  "period_statistics": {
    "2020": {
      "n_samples": 92,
      "entropy_mean": 2.99499249458313,
      "entropy_std": 0.0006279982044361532,
      "attention_concentration": 0.05001852288842201,
      "top_features": [
        [
          "t-20",
          0.052202075719833374
        ],
        [
          "t-19",
          0.05199773982167244
        ],
        [
          "t-18",
          0.05149566009640694
        ],
        [
          "t-17",
          0.051037151366472244
        ],
        [
          "t-16",
          0.050650253891944885
        ]
      ],
      "mean_attention": [
        0.052202075719833374,
        0.05199773982167244,
        0.05149566009640694,
        0.051037151366472244,
        0.050650253891944885,
        0.050360582768917084,
        0.05013353377580643,
        0.04995385557413101,
        0.04980066046118736,
        0.04968123510479927,
        0.04958448186516762,
        0.049507591873407364,
        0.0494510754942894,
        0.04932170733809471,
        0.049211036413908005,
        0.04917563125491142,
        0.04914765805006027,
        0.04912269115447998,
        0.04909762740135193,
        0.04906773939728737
      ],
      "std_attention": [
        0.0019538451451808214,
        0.001779582118615508,
        0.001665314077399671,
        0.0015714233741164207,
        0.001498822937719524,
        0.0014345756499096751,
        0.0013755438849329948,
        0.0013237025123089552,
        0.0012789712054654956,
        0.0012569368118420243,
        0.001256088726222515,
        0.001278247800655663,
        0.0013180992100387812,
        0.0015433838125318289,
        0.0017545238370075822,
        0.0018396422965452075,
        0.001926845288835466,
        0.002029275521636009,
        0.0021466624457389116,
        0.0022868686355650425
      ]
    },
    "2021": {
      "n_samples": 250,
      "entropy_mean": 2.987429141998291,
      "entropy_std": 0.007447187323123217,
      "attention_concentration": 0.050184961408376694,
      "top_features": [
        [
          "t-20",
          0.055421147495508194
        ],
        [
          "t-19",
          0.05409160256385803
        ],
        [
          "t-18",
          0.05343000963330269
        ],
        [
          "t-17",
          0.052858974784612656
        ],
        [
          "t-16",
          0.052384600043296814
        ]
      ],
      "mean_attention": [
        0.055421147495508194,
        0.05409160256385803,
        0.05343000963330269,
        0.052858974784612656,
        0.052384600043296814,
        0.05199388414621353,
        0.05161195248365402,
        0.0512697771191597,
        0.050937920808792114,
        0.050571881234645844,
        0.05020216479897499,
        0.04979751631617546,
        0.04934396222233772,
        0.04887832701206207,
        0.048317860811948776,
        0.047639716416597366,
        0.04684648662805557,
        0.04591961205005646,
        0.04484235495328903,
        0.043640267103910446
      ],
      "std_attention": [
        0.006300455424934626,
        0.005834395065903664,
        0.005507857538759708,
        0.005276466719806194,
        0.00514118280261755,
        0.005111756734549999,
        0.005117279477417469,
        0.005177068989723921,
        0.005261071026325226,
        0.0053532798774540424,
        0.005442568100988865,
        0.005506629124283791,
        0.005563109647482634,
        0.00559648871421814,
        0.005643706768751144,
        0.005699456669390202,
        0.0057995798997581005,
        0.005931543186306953,
        0.0061012813821434975,
        0.006341590080410242
      ]
    },
    "2022": {
      "n_samples": 249,
      "entropy_mean": 2.9550840854644775,
      "entropy_std": 0.04047324135899544,
      "attention_concentration": 0.051021844148635864,
      "top_features": [
        [
          "t-20",
          0.06450174748897552
        ],
        [
          "t-19",
          0.06096441671252251
        ],
        [
          "t-18",
          0.05916885286569595
        ],
        [
          "t-17",
          0.057614926248788834
        ],
        [
          "t-16",
          0.056231096386909485
        ]
      ],
      "mean_attention": [
        0.06450174748897552,
        0.06096441671252251,
        0.05916885286569595,
        0.057614926248788834,
        0.056231096386909485,
        0.05494227260351181,
        0.05372893810272217,
        0.0524698942899704,
        0.051263537257909775,
        0.050090204924345016,
        0.048888739198446274,
        0.047701478004455566,
        0.046528492122888565,
        0.045369528234004974,
        0.04426633566617966,
        0.04320228099822998,
        0.04218974709510803,
        0.041203323751688004,
        0.04026598483324051,
        0.039408110082149506
      ],
      "std_attention": [
        0.01782047003507614,
        0.015734799206256866,
        0.014290910214185715,
        0.013079878874123096,
        0.012038467451930046,
        0.011155863292515278,
        0.010458658449351788,
        0.009966693818569183,
        0.009630628861486912,
        0.009455650113523006,
        0.009473111480474472,
        0.009683235548436642,
        0.010033425875008106,
        0.010495155118405819,
        0.011090254411101341,
        0.011750081554055214,
        0.01244179904460907,
        0.01313767209649086,
        0.01381831243634224,
        0.014520375058054924
      ]
    },
    "2023": {
      "n_samples": 249,
      "entropy_mean": 2.97933030128479,
      "entropy_std": 0.01629084348678589,
      "attention_concentration": 0.050183407962322235,
      "top_features": [
        [
          "t-20",
          0.055664170533418655
        ],
        [
          "t-19",
          0.053307317197322845
        ],
        [
          "t-18",
          0.05271928012371063
        ],
        [
          "t-17",
          0.05230996385216713
        ],
        [
          "t-16",
          0.052071936428546906
        ]
      ],
      "mean_attention": [
        0.055664170533418655,
        0.053307317197322845,
        0.05271928012371063,
        0.05230996385216713,
        0.052071936428546906,
        0.05189625918865204,
        0.05172041058540344,
        0.05157098546624184,
        0.05132118612527847,
        0.05101383849978447,
        0.050670474767684937,
        0.05024931579828262,
        0.04975147172808647,
        0.049152154475450516,
        0.04848208278417587,
        0.04769895225763321,
        0.04676973819732666,
        0.04573160782456398,
        0.0445796400308609,
        0.04331928491592407
      ],
      "std_attention": [
        0.011907960288226604,
        0.010686530731618404,
        0.009785865433514118,
        0.009021719917654991,
        0.008427513763308525,
        0.007967550307512283,
        0.007653091102838516,
        0.007391082122921944,
        0.007260140497237444,
        0.007212257012724876,
        0.007240841165184975,
        0.0073471879586577415,
        0.007515512872487307,
        0.007728534750640392,
        0.007972841151058674,
        0.008234201930463314,
        0.008509458042681217,
        0.008780128322541714,
        0.008965595625340939,
        0.009082691743969917
      ]
    },
    "2024": {
      "n_samples": 250,
      "entropy_mean": 2.9752089977264404,
      "entropy_std": 0.020208297297358513,
      "attention_concentration": 0.050068583339452744,
      "top_features": [
        [
          "t-20",
          0.05212385952472687
        ],
        [
          "t-11",
          0.05142192542552948
        ],
        [
          "t-12",
          0.05142100527882576
        ],
        [
          "t-10",
          0.05134842172265053
        ],
        [
          "t-13",
          0.051326118409633636
        ]
      ],