{
  "evaluation_timestamp": "2025-10-30T03:15:04.240238",
  "statistical_metrics": {
    "mse": 1.162594199180603,
    "rmse": 1.0782365798950195,
    "mae": 0.7685431838035583,
    "mape": 134.9103569984436,
    "r2": 0.003614664077758789,
    "mean_error": 0.009265928529202938,
    "std_error": 1.0781967639923096
  },
  "financial_metrics": {
    "directional_accuracy": 0.5333333333333333,
    "sharpe_ratio": 0.9159910491167349,
    "max_drawdown": -0.21950364112854004,
    "total_return": 1.015639305114746,
    "hit_rate": 0.5158730158730159,
    "num_trades": 1214,
    "precision": 0.5354200988467874,
    "recall": 0.9643916913946587,
    "f1_score": 0.6885593220338981,
    "confusion_matrix": [
      [
        22,
        564
      ],
      [
        24,
        650
      ]
    ],
    "auc_roc": 0.5174218409779119,
    "alpha": 0.09159672260284424
  },
  "residual_diagnostics": {
    "normality_p_value": 3.6767895238641784e-39,
    "acf_lag1": -0.027730859390865528,
    "skewness": 0.04958011386474184,
    "kurtosis": 6.487576261807009
  },
  "mode_stats": {
    "healthy_days": 305,
    "degraded_days": 21,
    "unidirectional_days": 885,
    "weak_collapse_days": 31,
    "strong_collapse_days": 18,
    "total_days": 1260,
    "healthy_pct": 24.206349206349206,
    "degraded_pct": 1.6666666666666667,
    "unidirectional_pct": 70.23809523809523,
    "weak_collapse_pct": 2.4603174603174605,
    "strong_collapse_pct": 1.4285714285714286
  },
  "collapse_detected": true,
  "degradation_detected": true,
  "checkpoint_used": "experiments/00_baseline_exploration/sweep2_h16_enc_40/checkpoints/tft-epoch=48-val_loss=0.4053.ckpt"
}