{
  "evaluation_timestamp": "2025-10-27T12:02:18.939903",
  "statistical_metrics": {
    "mse": 1.1729038953781128,
    "rmse": 1.0830068588256836,
    "mae": 0.7701699137687683,
    "mape": 160.95478534698486,
    "r2": -0.005221128463745117,
    "mean_error": 0.06598620861768723,
    "std_error": 1.0809948444366455
  },
  "financial_metrics": {
    "directional_accuracy": 0.5246031746031746,
    "sharpe_ratio": 0.8151465367704398,
    "max_drawdown": -0.18902236223220825,
    "total_return": 0.4754694700241089,
    "hit_rate": 0.24285714285714285,
    "num_trades": 537,
    "precision": 0.5698324022346368,
    "recall": 0.4540059347181009,
    "f1_score": 0.5053674649050371,
    "confusion_matrix": [
      [
        355,
        231
      ],
      [
        368,
        306
      ]
    ],
    "auc_roc": 0.5442622618770317,
    "alpha": -0.44857311248779297
  },
  "residual_diagnostics": {
    "normality_p_value": 1.019649499754275e-40,
    "acf_lag1": -0.03153399296472248,
    "skewness": 0.17245137321709877,
    "kurtosis": 6.56601684145275
  },
  "mode_stats": {
    "healthy_days": 110,
    "degraded_days": 118,
    "unidirectional_days": 799,
    "weak_collapse_days": 105,
    "strong_collapse_days": 128,
    "total_days": 1260,
    "healthy_pct": 8.73015873015873,
    "degraded_pct": 9.365079365079366,
    "unidirectional_pct": 63.41269841269841,
    "weak_collapse_pct": 8.333333333333332,
    "strong_collapse_pct": 10.158730158730158
  },
  "collapse_detected": true,
  "degradation_detected": true,
  "checkpoint_used": "experiments/00_baseline_exploration/sweep2_h16_enc_40/checkpoints/tft-epoch=01-val_loss=0.1277.ckpt"
}