{
  "evaluation_timestamp": "2025-10-22T23:16:23.604624",
  "statistical_metrics": {
    "mse": 1.2024083137512207,
    "rmse": 1.096543788909912,
    "mae": 0.7834937572479248,
    "mape": 295.2929973602295,
    "r2": -0.02179396152496338,
    "mean_error": -0.16209128499031067,
    "std_error": 1.0844974517822266
  },
  "financial_metrics": {
    "directional_accuracy": 0.53671875,
    "sharpe_ratio": 0.8329736080938573,
    "max_drawdown": -0.2524605989456177,
    "total_return": 0.9216080904006958,
    "hit_rate": 0.53671875,
    "num_trades": 1280,
    "precision": 0.53671875,
    "recall": 1.0,
    "f1_score": 0.6985256736146417,
    "confusion_matrix": [
      [
        0,
        593
      ],
      [
        0,
        687
      ]
    ],
    "auc_roc": 0.5187448912715303,
    "alpha": 0.0
  },
  "residual_diagnostics": {
    "normality_p_value": 3.4862978805027544e-40,
    "acf_lag1": -0.0368047587346592,
    "skewness": 0.08389032589564387,
    "kurtosis": 6.544157597371674
  },
  "checkpoint_used": "experiments/sweep_stale_h18_drop0.30_lr5/checkpoints/tft-epoch=00-val_loss=0.0764.ckpt"
}