{
  "evaluation_timestamp": "2025-10-27T12:04:51.577779",
  "statistical_metrics": {
    "mse": 1.2024081945419312,
    "rmse": 1.096543788909912,
    "mae": 0.7834937572479248,
    "mape": 295.29292583465576,
    "r2": -0.021793842315673828,
    "mean_error": -0.1620912253856659,
    "std_error": 1.0844974517822266
  },
  "financial_metrics": {
    "directional_accuracy": 0.53671875,
    "sharpe_ratio": 0.8329736080938573,
    "max_drawdown": -0.2524605989456177,
    "total_return": 0.9216080904006958,
    "hit_rate": 0.53671875,
    "num_trades": 1280,
    "precision": 0.53671875,
    "recall": 1.0,
    "f1_score": 0.6985256736146417,
    "confusion_matrix": [
      [
        0,
        593
      ],
      [
        0,
        687
      ]
    ],
    "auc_roc": 0.5187448912715303,
    "alpha": 0.0
  },
  "residual_diagnostics": {
    "normality_p_value": 3.48623708258449e-40,
    "acf_lag1": -0.03680475648310728,
    "skewness": 0.08389057122742359,
    "kurtosis": 6.544158976218272
  },
  "mode_stats": {
    "healthy_days": 29,
    "degraded_days": 0,
    "unidirectional_days": 220,
    "weak_collapse_days": 1031,
    "strong_collapse_days": 0,
    "total_days": 1280,
    "healthy_pct": 2.265625,
    "degraded_pct": 0.0,
    "unidirectional_pct": 17.1875,
    "weak_collapse_pct": 80.546875,
    "strong_collapse_pct": 0.0
  },
  "collapse_detected": true,
  "degradation_detected": true,
  "checkpoint_used": "experiments/01_staleness_features_fixed/sweep_stale_h18_drop0.30_lr5/checkpoints/tft-epoch=00-val_loss=0.0764.ckpt"
}