{
  "evaluation_timestamp": "2025-10-30T03:30:42.977100",
  "statistical_metrics": {
    "mse": 1.1752135753631592,
    "rmse": 1.0840727090835571,
    "mae": 0.7736563682556152,
    "mape": 118.74222755432129,
    "r2": 0.001315772533416748,
    "mean_error": 0.007910537533462048,
    "std_error": 1.0840438604354858
  },
  "financial_metrics": {
    "directional_accuracy": 0.52265625,
    "sharpe_ratio": 0.7583260844799576,
    "max_drawdown": -0.22432655096054077,
    "total_return": 0.7872072458267212,
    "hit_rate": 0.5,
    "num_trades": 1204,
    "precision": 0.53156146179402,
    "recall": 0.9315866084425036,
    "f1_score": 0.6768905341089371,
    "confusion_matrix": [
      [
        29,
        564
      ],
      [
        47,
        640
      ]
    ],
    "auc_roc": 0.48347410718449846,
    "alpha": -0.1344008445739746
  },
  "residual_diagnostics": {
    "normality_p_value": 4.760497238097482e-39,
    "acf_lag1": -0.027970996092849466,
    "skewness": -0.027872815922930002,
    "kurtosis": 6.341146439176526
  },
  "mode_stats": {
    "healthy_days": 599,
    "degraded_days": 103,
    "unidirectional_days": 549,
    "weak_collapse_days": 29,
    "strong_collapse_days": 0,
    "total_days": 1280,
    "healthy_pct": 46.796875,
    "degraded_pct": 8.046875,
    "unidirectional_pct": 42.890625,
    "weak_collapse_pct": 2.265625,
    "strong_collapse_pct": 0.0
  },
  "collapse_detected": true,
  "degradation_detected": true,
  "checkpoint_used": "experiments/01_staleness_features_fixed/sweep_stale_h18_drop0.30_lr5/checkpoints/tft-epoch=96-val_loss=0.3925.ckpt"
}