{
  "period_statistics": {
    "2020": {
      "n_samples": 92,
      "entropy_mean": 2.9945473670959473,
      "entropy_std": 0.00038221568684093654,
      "attention_concentration": 0.050006039440631866,
      "top_features": [
        [
          "t-20",
          0.05175624042749405
        ],
        [
          "t-19",
          0.05118643864989281
        ],
        [
          "t-18",
          0.05036293342709541
        ],
        [
          "t-17",
          0.050000160932540894
        ],
        [
          "t-11",
          0.04998406767845154
        ]
      ],
      "mean_attention": [
        0.05175624042749405,
        0.05118643864989281,
        0.05036293342709541,
        0.050000160932540894,
        0.04990151524543762,
        0.04990808293223381,
        0.049939170479774475,
        0.049967460334300995,
        0.049979232251644135,
        0.04998406767845154,
        0.04997875913977623,
        0.04996667057275772,
        0.04995032399892807,
        0.04985206201672554,
        0.049753256142139435,
        0.04966876283288002,
        0.04958613961935043,
        0.04950456693768501,
        0.049419958144426346,
        0.04933417961001396
      ],
      "std_attention": [
        0.00278293015435338,
        0.0026317667216062546,
        0.002504401607438922,
        0.002409096574410796,
        0.0023431761655956507,
        0.00229022279381752,
        0.002251826459541917,
        0.0022242499981075525,
        0.002201045397669077,
        0.0021886841859668493,
        0.002190669998526573,
        0.002204620512202382,
        0.002226822078227997,
        0.0022809994406998158,
        0.0023328568786382675,
        0.002372815040871501,
        0.00240101246163249,
        0.002426441293209791,
        0.0024506638292223215,
        0.0024711384903639555
      ]
    },
    "2021": {
      "n_samples": 250,
      "entropy_mean": 2.9933927059173584,
      "entropy_std": 0.0029459556099027395,
      "attention_concentration": 0.05003330856561661,
      "top_features": [
        [
          "t-20",
          0.05422069877386093
        ],
        [
          "t-19",
          0.05246749147772789
        ],
        [
          "t-18",
          0.05113036558032036
        ],
        [
          "t-17",
          0.05050089210271835
        ],
        [
          "t-16",
          0.0502246730029583
        ]
      ],
      "mean_attention": [
        0.05422069877386093,
        0.05246749147772789,
        0.05113036558032036,
        0.05050089210271835,
        0.0502246730029583,
        0.05008401349186897,
        0.050001684576272964,
        0.04992189258337021,
        0.04983959719538689,
        0.049759481102228165,
        0.0496719591319561,
        0.04957492649555206,
        0.049475159496068954,
        0.04938679561018944,
        0.049261484295129776,
        0.049139246344566345,
        0.04901249334216118,
        0.048890478909015656,
        0.04877606779336929,
        0.04866065829992294
      ],
      "std_attention": [
        0.0043522659689188,
        0.0037730091717094183,
        0.0033827146980911493,
        0.0031595102045685053,
        0.003028272185474634,
        0.0029303974006325006,
        0.002868271665647626,
        0.002813856117427349,
        0.0027756791096180677,
        0.002771820640191436,
        0.0027890161145478487,
        0.002822811482474208,
        0.0028706411831080914,
        0.002915777964517474,
        0.003029588609933853,
        0.003127915784716606,
        0.0032352302223443985,
        0.0033403881825506687,
        0.0034371179062873125,
        0.003540273290127516
      ]
    },
    "2022": {
      "n_samples": 249,
      "entropy_mean": 2.9919419288635254,
      "entropy_std": 0.0017129958141595125,
      "attention_concentration": 0.05003564432263374,
      "top_features": [
        [
          "t-20",
          0.054150957614183426
        ],
        [
          "t-19",
          0.052138473838567734
        ],
        [
          "t-18",
          0.05111407861113548
        ],
        [
          "t-17",
          0.050739437341690063
        ],
        [
          "t-16",
          0.050569429993629456
        ]
      ],
      "mean_attention": [
        0.054150957614183426,
        0.052138473838567734,
        0.05111407861113548,
        0.050739437341690063,
        0.050569429993629456,
        0.05045730993151665,
        0.050328779965639114,
        0.05019489675760269,
        0.05005227401852608,
        0.049895431846380234,
        0.04973433166742325,
        0.049578312784433365,
        0.0494212806224823,
        0.04928017780184746,
        0.04914405941963196,
        0.048968810588121414,
        0.04880552738904953,
        0.04864168539643288,
        0.04847460240125656,
        0.04831020534038544
      ],
      "std_attention": [
        0.005703405011445284,
        0.0049463664181530476,
        0.004443234298378229,
        0.004201393574476242,
        0.004070168361067772,
        0.003995732869952917,
        0.003935109358280897,
        0.0039046171586960554,
        0.0038921230006963015,
        0.0038827769458293915,
        0.003879118710756302,
        0.003886869642883539,
        0.0038970184978097677,
        0.003917526453733444,
        0.0038840603083372116,
        0.003913626074790955,
        0.003919037524610758,
        0.003930245991796255,
        0.003944655880331993,
        0.003949613310396671
      ]
    },
    "2023": {
      "n_samples": 249,
      "entropy_mean": 2.9833645820617676,
      "entropy_std": 0.004928924143314362,
      "attention_concentration": 0.05001160129904747,
      "top_features": [
        [
          "t-20",
          0.05294419825077057
        ],
        [
          "t-19",
          0.05112350359559059
        ],
        [
          "t-18",
          0.05015650764107704
        ],
        [
          "t-14",
          0.04995344579219818
        ],
        [
          "t-13",
          0.04994196444749832
        ]
      ],
      "mean_attention": [
        0.05294419825077057,
        0.05112350359559059,
        0.05015650764107704,
        0.049901653081178665,
        0.04989864304661751,
        0.04993528872728348,
        0.04995344579219818,
        0.04994196444749832,
        0.04991323500871658,
        0.049877528101205826,
        0.04984454810619354,
        0.04980962723493576,
        0.04976571723818779,
        0.04972189664840698,
        0.04970668628811836,
        0.04967619851231575,
        0.0495850145816803,
        0.04949675500392914,
        0.049414556473493576,
        0.049333032220602036
      ],
      "std_attention": [
        0.00971104484051466,
        0.00899498350918293,
        0.008422194048762321,
        0.008069275878369808,
        0.007831203751266003,
        0.0076521048322319984,
        0.007510183844715357,
        0.007397972978651524,
        0.007314366288483143,
        0.007264230400323868,
        0.007249847985804081,
        0.007263171020895243,
        0.007292034570127726,
        0.007340473588556051,
        0.007412901613861322,
        0.007446533069014549,
        0.00755816325545311,
        0.007677648216485977,
        0.007805538829416037,
        0.00796477310359478
      ]
    },
    "2024": {
      "n_samples": 250,
      "entropy_mean": 2.9833827018737793,
      "entropy_std": 0.007266869302839041,
      "attention_concentration": 0.05002845823764801,
      "top_features": [
        [
          "t-20",
          0.05338574945926666
        ],
        [
          "t-19",
          0.05182070657610893
        ],
        [
          "t-18",
          0.05092362314462662
        ],
        [
          "t-17",
          0.05063910409808159
        ],
        [
          "t-16",
          0.05057629570364952
        ]
      ],