{
  "period_statistics": {
    "2020": {
      "n_samples": 92,
      "entropy_mean": 2.6737842559814453,
      "entropy_std": 0.2637777328491211,
      "attention_concentration": 0.05695214867591858,
      "top_features": [
        [
          "t-1",
          0.09449521452188492
        ],
        [
          "t-2",
          0.08389538526535034
        ],
        [
          "t-3",
          0.07541289180517197
        ],
        [
          "t-4",
          0.06904521584510803
        ],
        [
          "t-5",
          0.06393172591924667
        ]
      ],
      "mean_attention": [
        0.025453124195337296,
        0.030381472781300545,
        0.03218647092580795,
        0.03268996626138687,
        0.03330674767494202,
        0.034815143793821335,
        0.03709394857287407,
        0.039459485560655594,
        0.0420023575425148,
        0.0442306213080883,
        0.04650504142045975,
        0.04889867454767227,
        0.05147433280944824,
        0.05532791465520859,
        0.05939428135752678,
        0.06393172591924667,
        0.06904521584510803,
        0.07541289180517197,
        0.08389538526535034,
        0.09449521452188492
      ],
      "std_attention": [
        0.03047480247914791,
        0.034447893500328064,
        0.03426460921764374,
        0.03227245435118675,
        0.03051025979220867,
        0.03015523962676525,
        0.030839161947369576,
        0.03150928393006325,
        0.03230633586645126,
        0.03268013894557953,
        0.03325728699564934,
        0.03386599197983742,
        0.0346565879881382,
        0.03628626465797424,
        0.037944208830595016,
        0.0407092347741127,
        0.04519975557923317,
        0.05254203453660011,
        0.06529749184846878,
        0.08428383618593216
      ]
    },
    "2021": {
      "n_samples": 250,
      "entropy_mean": 2.66933536529541,
      "entropy_std": 0.3329090178012848,
      "attention_concentration": 0.05165233835577965,
      "top_features": [
        [
          "t-1",
          0.07063741236925125
        ],
        [
          "t-2",
          0.06502571702003479
        ],
        [
          "t-3",
          0.0607830248773098
        ],
        [
          "t-4",
          0.058011915534734726
        ],
        [
          "t-5",
          0.056344274431467056
        ]
      ],
      "mean_attention": [
        0.034712065011262894,
        0.03850739449262619,
        0.039735712110996246,
        0.04030705615878105,
        0.041518840938806534,
        0.043121665716171265,
        0.04482242092490196,
        0.04636021703481674,
        0.0477808453142643,
        0.04903685301542282,
        0.05028465390205383,
        0.05137549713253975,
        0.05273808538913727,
        0.05387607589364052,
        0.05502023547887802,
        0.056344274431467056,
        0.058011915534734726,
        0.0607830248773098,
        0.06502571702003479,
        0.07063741236925125
      ],
      "std_attention": [
        0.03054737113416195,
        0.03783354535698891,
        0.03829551488161087,
        0.037290140986442566,
        0.03703153133392334,
        0.03749025613069534,
        0.03846746310591698,
        0.03916923329234123,
        0.03988634794950485,
        0.04051319137215614,
        0.041257601231336594,
        0.04186016693711281,
        0.04311075806617737,
        0.045054834336042404,
        0.04734353721141815,
        0.05014615133404732,
        0.05330362170934677,
        0.06096304580569267,
        0.07547557353973389,
        0.09213848412036896
      ]
    },
    "2022": {
      "n_samples": 249,
      "entropy_mean": 2.753476619720459,
      "entropy_std": 0.23711250722408295,
      "attention_concentration": 0.05356411635875702,
      "top_features": [
        [
          "t-1",
          0.07611681520938873
        ],
        [
          "t-2",
          0.07018118351697922
        ],
        [
          "t-3",
          0.06601594388484955
        ],
        [
          "t-4",
          0.06316054612398148
        ],
        [
          "t-5",
          0.06104537099599838
        ]
      ],
      "mean_attention": [
        0.026833370327949524,
        0.03243086114525795,
        0.03470655903220177,
        0.035545431077480316,
        0.03657572343945503,
        0.03846020996570587,
        0.04098958522081375,
        0.04389334097504616,
        0.0466332845389843,
        0.04929991438984871,
        0.051797132939100266,
        0.053959429264068604,
        0.055768828839063644,
        0.057451073080301285,
        0.05913544073700905,
        0.06104537099599838,
        0.06316054612398148,
        0.06601594388484955,
        0.07018118351697922,
        0.07611681520938873
      ],
      "std_attention": [
        0.02795686200261116,
        0.028302058577537537,
        0.02836126834154129,
        0.027491455897688866,
        0.026537921279668808,
        0.02650364860892296,
        0.02695954218506813,
        0.027857789769768715,
        0.028340468183159828,
        0.028344642370939255,
        0.028123952448368073,
        0.02816867269575596,
        0.028867358341813087,
        0.03022095374763012,
        0.03179122507572174,
        0.034065309911966324,
        0.03745787963271141,
        0.043086450546979904,
        0.05349692329764366,
        0.07199785113334656
      ]
    },
    "2023": {
      "n_samples": 249,
      "entropy_mean": 2.9113824367523193,
      "entropy_std": 0.09687274694442749,
      "attention_concentration": 0.050510894507169724,
      "top_features": [
        [
          "t-1",
          0.05695953220129013
        ],
        [
          "t-2",
          0.056154217571020126
        ],
        [
          "t-3",
          0.05556349456310272
        ],
        [
          "t-4",
          0.05519019067287445
        ],
        [
          "t-5",
          0.054782211780548096
        ]
      ],
      "mean_attention": [
        0.04014877602458,
        0.042584892362356186,
        0.043272942304611206,
        0.043790772557258606,
        0.04470299556851387,
        0.04592003673315048,
        0.047186944633722305,
        0.04823990538716316,
        0.04945676401257515,
        0.05067141354084015,
        0.051660921424627304,
        0.05249366536736488,
        0.05317959561944008,
        0.053779423236846924,
        0.054261233657598495,
        0.054782211780548096,
        0.05519019067287445,
        0.05556349456310272,
        0.056154217571020126,
        0.05695953220129013
      ],
      "std_attention": [
        0.017710337415337563,
        0.018567537888884544,
        0.017975762486457825,
        0.017320359125733376,
        0.01698354259133339,
        0.017027877271175385,
        0.01730922795832157,
        0.01742522232234478,
        0.01795937307178974,
        0.018436046317219734,
        0.018891192972660065,
        0.01934359222650528,
        0.01995992660522461,
        0.02077694609761238,
        0.021830715239048004,
        0.023326396942138672,
        0.025014864280819893,
        0.026929834857583046,
        0.03012665919959545,
        0.03404858708381653
      ]
    },
    "2024": {
      "n_samples": 250,
      "entropy_mean": 2.8136191368103027,
      "entropy_std": 0.39665916562080383,
      "attention_concentration": 0.050770893692970276,
      "top_features": [
        [
          "t-1",
          0.061326347291469574
        ],
        [
          "t-2",
          0.05931974574923515
        ],
        [
          "t-3",
          0.058132920414209366
        ],
        [
          "t-4",
          0.05712388828396797
        ],
        [
          "t-5",
          0.056036680936813354
        ]
      ],