{
  "period_statistics": {
    "2020": {
      "n_samples": 92,
      "entropy_mean": 2.5079684257507324,
      "entropy_std": 0.3277042508125305,
      "attention_concentration": 0.052130673080682755,
      "top_features": [
        [
          "t-19",
          0.06932167708873749
        ],
        [
          "t-20",
          0.06919054687023163
        ],
        [
          "t-1",
          0.06773201376199722
        ],
        [
          "t-18",
          0.06463683396577835
        ],
        [
          "t-17",
          0.05794944614171982
        ]
      ],
      "mean_attention": [
        0.06919054687023163,
        0.06932167708873749,
        0.06463683396577835,
        0.05794944614171982,
        0.05150493234395981,
        0.046664200723171234,
        0.043604444712400436,
        0.04157574102282524,
        0.041172824800014496,
        0.04034803807735443,
        0.03993489220738411,
        0.03988690301775932,
        0.04013947397470474,
        0.04176035523414612,
        0.043412137776613235,
        0.04523485526442528,
        0.04731277376413345,
        0.0510142557322979,
        0.0576036237180233,
        0.06773201376199722
      ],
      "std_attention": [
        0.08155293762683868,
        0.06827148795127869,
        0.05881104618310928,
        0.05191311240196228,
        0.04680068418383598,
        0.044020313769578934,
        0.04289496690034866,
        0.04273829236626625,
        0.044335007667541504,
        0.0446014367043972,
        0.04497731849551201,
        0.04542358219623566,
        0.04594163969159126,
        0.047352053225040436,
        0.04860407114028931,
        0.050402622669935226,
        0.0538131445646286,
        0.059829775243997574,
        0.07527580857276917,
        0.10238784551620483
      ]
    },
    "2021": {
      "n_samples": 250,
      "entropy_mean": 2.2341620922088623,
      "entropy_std": 0.5300501585006714,
      "attention_concentration": 0.051610033959150314,
      "top_features": [
        [
          "t-20",
          0.08134157210588455
        ],
        [
          "t-19",
          0.06393001228570938
        ],
        [
          "t-1",
          0.05833140388131142
        ],
        [
          "t-18",
          0.05605221167206764
        ],
        [
          "t-2",
          0.051850318908691406
        ]
      ],
      "mean_attention": [
        0.08134157210588455,
        0.06393001228570938,
        0.05605221167206764,
        0.051341939717531204,
        0.04922261834144592,
        0.04743702709674835,
        0.04631601274013519,
        0.04526873305439949,
        0.04445059597492218,
        0.043943870812654495,
        0.04382867366075516,
        0.04379816725850105,
        0.04405733570456505,
        0.044116683304309845,
        0.044803742319345474,
        0.04545412212610245,
        0.04615267738699913,
        0.04830227792263031,
        0.051850318908691406,
        0.05833140388131142
      ],
      "std_attention": [
        0.11095408350229263,
        0.09403356909751892,
        0.08403986692428589,
        0.0795874148607254,
        0.07746918499469757,
        0.07516007125377655,
        0.07421267032623291,
        0.07347532361745834,
        0.07357046753168106,
        0.07376828789710999,
        0.07451451569795609,
        0.07493037730455399,
        0.0758301168680191,
        0.07678037136793137,
        0.07932311296463013,
        0.08150798082351685,
        0.08285840600728989,
        0.09050414711236954,
        0.10663755238056183,
        0.12449423968791962
      ]
    },
    "2022": {
      "n_samples": 249,
      "entropy_mean": 2.4119443893432617,
      "entropy_std": 0.3371700346469879,
      "attention_concentration": 0.05522475764155388,
      "top_features": [
        [
          "t-20",
          0.09253628551959991
        ],
        [
          "t-19",
          0.0812482088804245
        ],
        [
          "t-1",
          0.07256278395652771
        ],
        [
          "t-18",
          0.06904177367687225
        ],
        [
          "t-2",
          0.05858098715543747
        ]
      ],
      "mean_attention": [
        0.09253628551959991,
        0.0812482088804245,
        0.06904177367687225,
        0.05572621524333954,
        0.04597119614481926,
        0.04040711745619774,
        0.03774254024028778,
        0.03716561570763588,
        0.036685168743133545,
        0.0364188589155674,
        0.03670170530676842,
        0.03756726160645485,
        0.03889719769358635,
        0.04024241864681244,
        0.041572730988264084,
        0.04356838017702103,
        0.046427566558122635,
        0.05093599855899811,
        0.05858098715543747,
        0.07256278395652771
      ],
      "std_attention": [
        0.10774631053209305,
        0.0825415626168251,
        0.07131791114807129,
        0.05945856496691704,
        0.048815980553627014,
        0.04326261207461357,
        0.04108361899852753,
        0.04146065562963486,
        0.041423626244068146,
        0.040652330964803696,
        0.04011057689785957,
        0.04126407951116562,
        0.04339003935456276,
        0.044911596924066544,
        0.046106595546007156,
        0.04812832921743393,
        0.05258174240589142,
        0.06032141298055649,
        0.07573509216308594,
        0.11616207659244537
      ]
    },
    "2023": {
      "n_samples": 249,
      "entropy_mean": 2.807915687561035,
      "entropy_std": 0.2035454958677292,
      "attention_concentration": 0.05054958537220955,
      "top_features": [
        [
          "t-20",
          0.07128579169511795
        ],
        [
          "t-19",
          0.056231848895549774
        ],
        [
          "t-1",
          0.0513862743973732
        ],
        [
          "t-18",
          0.049979712814092636
        ],
        [
          "t-2",
          0.04955196753144264
        ]
      ],
      "mean_attention": [
        0.07128579169511795,
        0.056231848895549774,
        0.049979712814092636,
        0.04773268476128578,
        0.04739372804760933,
        0.04781147465109825,
        0.04839712753891945,
        0.048238880932331085,
        0.04843795672059059,
        0.048581574112176895,
        0.04839044809341431,
        0.048160139471292496,
        0.04796909913420677,
        0.04791847988963127,
        0.04787766560912132,
        0.04791734367609024,
        0.04815661534667015,
        0.04858129099011421,
        0.04955196753144264,
        0.0513862743973732
      ],
      "std_attention": [
        0.0644269660115242,
        0.05015290156006813,
        0.036518342792987823,
        0.03128187358379364,
        0.029380662366747856,
        0.02887639030814171,
        0.029445404186844826,
        0.028522314503788948,
        0.02906651422381401,
        0.02932930923998356,
        0.02928769960999489,
        0.02928273007273674,
        0.029504261910915375,
        0.02987443283200264,
        0.03015780635178089,
        0.031545013189315796,
        0.03318437933921814,
        0.0354122631251812,
        0.04006108269095421,
        0.04719056189060211
      ]
    },
    "2024": {
      "n_samples": 250,
      "entropy_mean": 2.636898994445801,
      "entropy_std": 0.6536441445350647,
      "attention_concentration": 0.05027611553668976,
      "top_features": [
        [
          "t-20",
          0.06455682963132858
        ],
        [
          "t-19",
          0.05392966791987419
        ],
        [
          "t-1",
          0.05205134302377701
        ],
        [
          "t-7",
          0.05009805038571358
        ],
        [
          "t-6",
          0.04992002248764038
        ]
      ],