{
  "period_statistics": {
    "2020": {
      "n_samples": 92,
      "entropy_mean": 2.980699062347412,
      "entropy_std": 0.0041966126300394535,
      "attention_concentration": 0.051368191838264465,
      "top_features": [
        [
          "t-19",
          0.06253939867019653
        ],
        [
          "t-20",
          0.06171765178442001
        ],
        [
          "t-18",
          0.061540573835372925
        ],
        [
          "t-17",
          0.06019481271505356
        ],
        [
          "t-16",
          0.058774422854185104
        ]
      ],
      "mean_attention": [
        0.06171765178442001,
        0.06253939867019653,
        0.061540573835372925,
        0.06019481271505356,
        0.058774422854185104,
        0.05729605257511139,
        0.05574117600917816,
        0.05410350486636162,
        0.052346471697092056,
        0.05051697418093681,
        0.04861358925700188,
        0.046691421419382095,
        0.04483427852392197,
        0.04311273247003555,
        0.0416741743683815,
        0.04062415659427643,
        0.0399775467813015,
        0.03974943980574608,
        0.03985654190182686,
        0.04009510576725006
      ],
      "std_attention": [
        0.004424880724400282,
        0.004290237557142973,
        0.0038366741500794888,
        0.003388140117749572,
        0.0030838113743811846,
        0.0028954222798347473,
        0.0028671114705502987,
        0.002934529446065426,
        0.003019733587279916,
        0.003031318774446845,
        0.0029348856769502163,
        0.002718278206884861,
        0.002389286644756794,
        0.0019977460615336895,
        0.0015590161783620715,
        0.00115106045268476,
        0.0007746121264062822,
        0.0004926943220198154,
        0.000358909135684371,
        0.0004149266751483083
      ]
    },
    "2021": {
      "n_samples": 250,
      "entropy_mean": 2.977874994277954,
      "entropy_std": 0.010282858274877071,
      "attention_concentration": 0.051163386553525925,
      "top_features": [
        [
          "t-19",
          0.06304483115673065
        ],
        [
          "t-20",
          0.06200239062309265
        ],
        [
          "t-18",
          0.06174979731440544
        ],
        [
          "t-17",
          0.05993017926812172
        ],
        [
          "t-16",
          0.05803121253848076
        ]
      ],
      "mean_attention": [
        0.06200239062309265,
        0.06304483115673065,
        0.06174979731440544,
        0.05993017926812172,
        0.05803121253848076,
        0.056095391511917114,
        0.05426262691617012,
        0.052428822964429855,
        0.05061723664402962,
        0.04893316701054573,
        0.047324489802122116,
        0.0458238311111927,
        0.044485125690698624,
        0.04340691491961479,
        0.042615778744220734,
        0.04208576679229736,
        0.04177842661738396,
        0.04168761521577835,
        0.04175757244229317,
        0.04193878546357155
      ],
      "std_attention": [
        0.007841157726943493,
        0.007631181739270687,
        0.007127274759113789,
        0.006538564804941416,
        0.005980686750262976,
        0.005566173233091831,
        0.005194021854549646,
        0.004895173944532871,
        0.004801311995834112,
        0.00473371148109436,
        0.0048008086159825325,
        0.0048537226393818855,
        0.004932306241244078,
        0.00494769774377346,
        0.004901220556348562,
        0.00495230732485652,
        0.0050716944970190525,
        0.005345162935554981,
        0.005804821383208036,
        0.00623676972463727
      ]
    },
    "2022": {
      "n_samples": 249,
      "entropy_mean": 2.9523801803588867,
      "entropy_std": 0.03714389726519585,
      "attention_concentration": 0.05056312307715416,
      "top_features": [
        [
          "t-20",
          0.062320541590452194
        ],
        [
          "t-19",
          0.05948420614004135
        ],
        [
          "t-18",
          0.057161830365657806
        ],
        [
          "t-1",
          0.05581630393862724
        ],
        [
          "t-17",
          0.05480042099952698
        ]
      ],
      "mean_attention": [
        0.062320541590452194,
        0.05948420614004135,
        0.057161830365657806,
        0.05480042099952698,
        0.05245540663599968,
        0.05044395849108696,
        0.048709478229284286,
        0.04731079563498497,
        0.046254053711891174,
        0.04539009928703308,
        0.04471537470817566,
        0.044375091791152954,
        0.04438506066799164,
        0.04472951963543892,
        0.04542480781674385,
        0.046392399817705154,
        0.04782995954155922,
        0.04972156509757042,
        0.052279192954301834,
        0.05581630393862724
      ],
      "std_attention": [
        0.026918599382042885,
        0.021900780498981476,
        0.01872069761157036,
        0.016663607209920883,
        0.014785234816372395,
        0.013396373949944973,
        0.012580692768096924,
        0.012116564437747002,
        0.011867912486195564,
        0.011563194915652275,
        0.011210738681256771,
        0.011022550985217094,
        0.010999037884175777,
        0.011100842617452145,
        0.011411559768021107,
        0.011783278547227383,
        0.012353774160146713,
        0.013172190636396408,
        0.014641006477177143,
        0.017797395586967468
      ]
    },
    "2023": {
      "n_samples": 249,
      "entropy_mean": 2.9793190956115723,
      "entropy_std": 0.018812838941812515,
      "attention_concentration": 0.050193753093481064,
      "top_features": [
        [
          "t-20",
          0.05587522312998772
        ],
        [
          "t-19",
          0.05525188148021698
        ],
        [
          "t-18",
          0.05442428961396217
        ],
        [
          "t-17",
          0.05368417873978615
        ],
        [
          "t-16",
          0.05297946557402611
        ]
      ],
      "mean_attention": [
        0.05587522312998772,
        0.05525188148021698,
        0.05442428961396217,
        0.05368417873978615,
        0.05297946557402611,
        0.05226987972855568,
        0.05156899616122246,
        0.0508699007332325,
        0.0501190721988678,
        0.049295574426651,
        0.048558659851551056,
        0.04786435887217522,
        0.04723342880606651,
        0.04669475927948952,
        0.04625801369547844,
        0.046172477304935455,
        0.04635738953948021,
        0.0469202883541584,
        0.04801229387521744,
        0.04958992823958397
      ],
      "std_attention": [
        0.01012439839541912,
        0.008969160728156567,
        0.008254285901784897,
        0.007932213135063648,
        0.007728401105850935,
        0.007579206954687834,
        0.007426731754094362,
        0.007230984512716532,
        0.0071953716687858105,
        0.007162193767726421,
        0.007199161220341921,
        0.007337982300668955,
        0.007504460401833057,
        0.007769020274281502,
        0.00803499948233366,
        0.00841869879513979,
        0.00899141002446413,
        0.00958048366010189,
        0.011237269267439842,
        0.013037149794399738
      ]
    },
    "2024": {
      "n_samples": 250,
      "entropy_mean": 2.982395887374878,
      "entropy_std": 0.016884928569197655,
      "attention_concentration": 0.050461187958717346,
      "top_features": [
        [
          "t-20",
          0.057865262031555176
        ],
        [
          "t-19",
          0.057271089404821396
        ],
        [
          "t-18",
          0.05635569617152214
        ],
        [
          "t-17",
          0.05555890128016472
        ],
        [
          "t-16",
          0.054827265441417694
        ]
      ],