{
  "period_statistics": {
    "2020": {
      "n_samples": 92,
      "entropy_mean": 2.894775152206421,
      "entropy_std": 0.08756531774997711,
      "attention_concentration": 0.05575500801205635,
      "top_features": [
        [
          "t-1",
          0.08258902281522751
        ],
        [
          "t-2",
          0.07775408774614334
        ],
        [
          "t-3",
          0.07329963147640228
        ],
        [
          "t-4",
          0.06943056732416153
        ],
        [
          "t-5",
          0.0657787099480629
        ]
      ],
      "mean_attention": [
        0.024573830887675285,
        0.028366034850478172,
        0.03061874769628048,
        0.03253606706857681,
        0.03435739874839783,
        0.03628299757838249,
        0.038417693227529526,
        0.0407404750585556,
        0.043349266052246094,
        0.04602213576436043,
        0.04882297292351723,
        0.051738590002059937,
        0.054791249334812164,
        0.05836350470781326,
        0.06216704845428467,
        0.0657787099480629,
        0.06943056732416153,
        0.07329963147640228,
        0.07775408774614334,
        0.08258902281522751
      ],
      "std_attention": [
        0.010215514339506626,
        0.010808582417666912,
        0.010543785989284515,
        0.010382160544395447,
        0.010441789403557777,
        0.010633587837219238,
        0.01102511677891016,
        0.011429588310420513,
        0.011918899603188038,
        0.012372564524412155,
        0.012841057032346725,
        0.01342446357011795,
        0.01416256744414568,
        0.015286007896065712,
        0.01677066646516323,
        0.01862487569451332,
        0.020717041566967964,
        0.023812951520085335,
        0.02878458984196186,
        0.035231273621320724
      ]
    },
    "2021": {
      "n_samples": 250,
      "entropy_mean": 2.7923786640167236,
      "entropy_std": 0.21200594305992126,
      "attention_concentration": 0.05659674480557442,
      "top_features": [
        [
          "t-1",
          0.08144886791706085
        ],
        [
          "t-2",
          0.07717448472976685
        ],
        [
          "t-3",
          0.07317259162664413
        ],
        [
          "t-4",
          0.06951064616441727
        ],
        [
          "t-5",
          0.06655310839414597
        ]
      ],
      "mean_attention": [
        0.021456865593791008,
        0.024209478870034218,
        0.026374056935310364,
        0.02865506522357464,
        0.031517453491687775,
        0.03493855521082878,
        0.03851187601685524,
        0.0421433299779892,
        0.04567469656467438,
        0.04889313131570816,
        0.05202455073595047,
        0.05500089377164841,
        0.05811271443963051,
        0.06095511466264725,
        0.06367254257202148,
        0.06655310839414597,
        0.06951064616441727,
        0.07317259162664413,
        0.07717448472976685,
        0.08144886791706085
      ],
      "std_attention": [
        0.01338429655879736,
        0.0152417728677392,
        0.01608610525727272,
        0.016830237582325935,
        0.01804257184267044,
        0.019638456404209137,
        0.02139265649020672,
        0.02312680147588253,
        0.02471989579498768,
        0.02609504759311676,
        0.027410082519054413,
        0.028393346816301346,
        0.029676472768187523,
        0.031208327040076256,
        0.03296247497200966,
        0.035268742591142654,
        0.03775181621313095,
        0.04385935887694359,
        0.052102405577898026,
        0.060239166021347046
      ]
    },
    "2022": {
      "n_samples": 249,
      "entropy_mean": 2.7713587284088135,
      "entropy_std": 0.2043716460466385,
      "attention_concentration": 0.05943302437663078,
      "top_features": [
        [
          "t-1",
          0.09132731705904007
        ],
        [
          "t-2",
          0.08397325873374939
        ],
        [
          "t-3",
          0.07816077768802643
        ],
        [
          "t-4",
          0.07338438183069229
        ],
        [
          "t-5",
          0.06926307082176208
        ]
      ],
      "mean_attention": [
        0.01881144940853119,
        0.021701714023947716,
        0.023183641955256462,
        0.025148555636405945,
        0.02776358835399151,
        0.03093758597970009,
        0.0347520112991333,
        0.038945022970438004,
        0.04309513792395592,
        0.047256261110305786,
        0.05128188803792,
        0.055061224848032,
        0.058518655598163605,
        0.06200982630252838,
        0.06542465090751648,
        0.06926307082176208,
        0.07338438183069229,
        0.07816077768802643,
        0.08397325873374939,
        0.09132731705904007
      ],
      "std_attention": [
        0.013338694348931313,
        0.014093209058046341,
        0.014176576398313046,
        0.014693883247673512,
        0.015513047575950623,
        0.01676033064723015,
        0.01826380379498005,
        0.019921425729990005,
        0.021312832832336426,
        0.02238200046122074,
        0.023235710337758064,
        0.024124866351485252,
        0.024928253144025803,
        0.026277825236320496,
        0.027957504615187645,
        0.03030375763773918,
        0.033915646374225616,
        0.03939104825258255,
        0.04793018102645874,
        0.06239490583539009
      ]
    },
    "2023": {
      "n_samples": 249,
      "entropy_mean": 2.876988410949707,
      "entropy_std": 0.09304217994213104,
      "attention_concentration": 0.054281193763017654,
      "top_features": [
        [
          "t-1",
          0.07453415542840958
        ],
        [
          "t-2",
          0.07150553911924362
        ],
        [
          "t-3",
          0.06875159591436386
        ],
        [
          "t-4",
          0.06614016741514206
        ],
        [
          "t-5",
          0.06360666453838348
        ]
      ],
      "mean_attention": [
        0.026975350454449654,
        0.029157478362321854,
        0.030812479555606842,
        0.03267572820186615,
        0.035033371299505234,
        0.037791796028614044,
        0.040716178715229034,
        0.04360475018620491,
        0.046471454203128815,
        0.0492662638425827,
        0.05184861272573471,
        0.05425987392663956,
        0.05657127499580383,
        0.058868758380413055,
        0.06140850856900215,
        0.06360666453838348,
        0.06614016741514206,
        0.06875159591436386,
        0.07150553911924362,
        0.07453415542840958
      ],
      "std_attention": [
        0.013925557024776936,
        0.014866850338876247,
        0.015050225891172886,
        0.015156513080000877,
        0.015383160673081875,
        0.01582607813179493,
        0.01647191308438778,
        0.017086800187826157,
        0.01769379712641239,
        0.018149450421333313,
        0.01863591931760311,
        0.019095322117209435,
        0.019594673067331314,
        0.020259128883481026,
        0.021211154758930206,
        0.022471031174063683,
        0.024238454177975655,
        0.026533499360084534,
        0.029911071062088013,
        0.03417251259088516
      ]
    },
    "2024": {
      "n_samples": 250,
      "entropy_mean": 2.8214058876037598,
      "entropy_std": 0.24088336527347565,
      "attention_concentration": 0.05450516939163208,
      "top_features": [
        [
          "t-1",
          0.0806303396821022
        ],
        [
          "t-2",
          0.07524833083152771
        ],
        [
          "t-3",
          0.0707738921046257
        ],
        [
          "t-4",
          0.0669703409075737
        ],
        [
          "t-5",
          0.06344109028577805
        ]
      ],