{
  "period_statistics": {
    "2020": {
      "n_samples": 92,
      "entropy_mean": 2.9900708198547363,
      "entropy_std": 0.006134075578302145,
      "attention_concentration": 0.05000628903508186,
      "top_features": [
        [
          "t-20",
          0.05143072456121445
        ],
        [
          "t-19",
          0.05118728056550026
        ],
        [
          "t-18",
          0.05083906650543213
        ],
        [
          "t-17",
          0.05045672506093979
        ],
        [
          "t-16",
          0.0501641184091568
        ]
      ],
      "mean_attention": [
        0.05143072456121445,
        0.05118728056550026,
        0.05083906650543213,
        0.05045672506093979,
        0.0501641184091568,
        0.049982357770204544,
        0.04987962171435356,
        0.04983663931488991,
        0.04982156306505203,
        0.04984280467033386,
        0.04987705126404762,
        0.049908094108104706,
        0.049938492476940155,
        0.04985806718468666,
        0.04975587874650955,
        0.049670033156871796,
        0.04956819862127304,
        0.04945552349090576,
        0.04933113232254982,
        0.049196623265743256
      ],
      "std_attention": [
        0.004875682294368744,
        0.00538648571819067,
        0.005484094377607107,
        0.005437055602669716,
        0.0053439149633049965,
        0.0052037546411156654,
        0.005084805656224489,
        0.004963733721524477,
        0.004886214155703783,
        0.004811541642993689,
        0.004780714865773916,
        0.004767562262713909,
        0.004802410956472158,
        0.004883094225078821,
        0.005020760465413332,
        0.005196859128773212,
        0.005384376272559166,
        0.005612592212855816,
        0.005891161039471626,
        0.006234051194041967
      ]
    },
    "2021": {
      "n_samples": 250,
      "entropy_mean": 2.9923253059387207,
      "entropy_std": 0.0024965531192719936,
      "attention_concentration": 0.050029508769512177,
      "top_features": [
        [
          "t-20",
          0.05314239114522934
        ],
        [
          "t-19",
          0.052319761365652084
        ],
        [
          "t-18",
          0.05158914625644684
        ],
        [
          "t-17",
          0.05103524029254913
        ],
        [
          "t-16",
          0.050639886409044266
        ]
      ],
      "mean_attention": [
        0.05314239114522934,
        0.052319761365652084,
        0.05158914625644684,
        0.05103524029254913,
        0.050639886409044266,
        0.050359271466732025,
        0.05017256364226341,
        0.05003346875309944,
        0.04992235451936722,
        0.0498274490237236,
        0.04972672089934349,
        0.04961523413658142,
        0.04948632791638374,
        0.04932541400194168,
        0.04919682443141937,
        0.049052730202674866,
        0.04889386147260666,
        0.048725422471761703,
        0.048556458204984665,
        0.048379551619291306
      ],
      "std_attention": [
        0.0031705505680292845,
        0.0031631409656256437,
        0.0031553476583212614,
        0.0031698348466306925,
        0.003186686895787716,
        0.0032237633131444454,
        0.003268427448347211,
        0.003302549012005329,
        0.003351004561409354,
        0.0034190742298960686,
        0.003499662736430764,
        0.003605986712500453,
        0.003735497361049056,
        0.003977189306169748,
        0.004133219365030527,
        0.004301411099731922,
        0.0045022922568023205,
        0.004720469005405903,
        0.004972613882273436,
        0.0052508763037621975
      ]
    },
    "2022": {
      "n_samples": 249,
      "entropy_mean": 2.987305164337158,
      "entropy_std": 0.006240569055080414,
      "attention_concentration": 0.050184447318315506,
      "top_features": [
        [
          "t-20",
          0.058066416531801224
        ],
        [
          "t-19",
          0.05606009066104889
        ],
        [
          "t-18",
          0.05409802123904228
        ],
        [
          "t-17",
          0.05258624628186226
        ],
        [
          "t-16",
          0.05150131508708
        ]
      ],
      "mean_attention": [
        0.058066416531801224,
        0.05606009066104889,
        0.05409802123904228,
        0.05258624628186226,
        0.05150131508708,
        0.05074809864163399,
        0.050205059349536896,
        0.04980435222387314,
        0.04951196163892746,
        0.04926152899861336,
        0.04903312772512436,
        0.04881230741739273,
        0.04858709126710892,
        0.04840473830699921,
        0.048078276216983795,
        0.04776252433657646,
        0.04743087291717529,
        0.04707074537873268,
        0.04668593034148216,
        0.04629123583436012
      ],
      "std_attention": [
        0.006303056143224239,
        0.00614677369594574,
        0.0058875312097370625,
        0.0056610372848808765,
        0.005459148902446032,
        0.005293072201311588,
        0.005158852320164442,
        0.005064278841018677,
        0.005021526478230953,
        0.005014907568693161,
        0.005048844963312149,
        0.00512694101780653,
        0.005241828039288521,
        0.005336432717740536,
        0.005579074379056692,
        0.00576432142406702,
        0.005955489352345467,
        0.00614551967009902,
        0.006339383777230978,
        0.00653821649029851
      ]
    },
    "2023": {
      "n_samples": 249,
      "entropy_mean": 2.9926257133483887,
      "entropy_std": 0.0019032856216654181,
      "attention_concentration": 0.050049908459186554,
      "top_features": [
        [
          "t-20",
          0.055117275565862656
        ],
        [
          "t-19",
          0.05312471464276314
        ],
        [
          "t-18",
          0.05180465430021286
        ],
        [
          "t-17",
          0.05090493708848953
        ],
        [
          "t-16",
          0.05030710622668266
        ]
      ],
      "mean_attention": [
        0.055117275565862656,
        0.05312471464276314,
        0.05180465430021286,
        0.05090493708848953,
        0.05030710622668266,
        0.04991910606622696,
        0.04967241361737251,
        0.04952683672308922,
        0.04942597448825836,
        0.049356743693351746,
        0.0493108406662941,
        0.04926765710115433,
        0.049223642796278,
        0.04916992411017418,
        0.04918596148490906,
        0.049097903072834015,
        0.04902491346001625,
        0.04894474521279335,
        0.04885963350534439,
        0.04875512793660164
      ],
      "std_attention": [
        0.002708856947720051,
        0.0026737325824797153,
        0.0027513005770742893,
        0.0028360167052596807,
        0.002905330853536725,
        0.002961442805826664,
        0.003019896103069186,
        0.0030768115539103746,
        0.0031405207701027393,
        0.003209545975551009,
        0.00330070941708982,
        0.0034060876350849867,
        0.0035259919241070747,
        0.003657958935946226,
        0.0036748184356838465,
        0.0038743573240935802,
        0.004045213107019663,
        0.004219974856823683,
        0.004407479427754879,
        0.004605770576745272
      ]
    },
    "2024": {
      "n_samples": 250,
      "entropy_mean": 2.994245767593384,
      "entropy_std": 0.0011570280184969306,
      "attention_concentration": 0.05003710091114044,
      "top_features": [
        [
          "t-20",
          0.054352957755327225
        ],
        [
          "t-19",
          0.0526089183986187
        ],
        [
          "t-18",
          0.05157094821333885
        ],
        [
          "t-17",
          0.05085768550634384
        ],
        [
          "t-16",
          0.050371624529361725
        ]
      ],