{
  "evaluation_timestamp": "2025-10-30T03:12:06.042808",
  "statistical_metrics": {
    "mse": 1.1802077293395996,
    "rmse": 1.0863736867904663,
    "mae": 0.7752647995948792,
    "mape": 126.06546878814697,
    "r2": 0.0027393698692321777,
    "mean_error": 0.015339510515332222,
    "std_error": 1.0862654447555542
  },
  "financial_metrics": {
    "directional_accuracy": 0.5338582677165354,
    "sharpe_ratio": 0.9090400093512463,
    "max_drawdown": -0.18902239203453064,
    "total_return": 0.9302901029586792,
    "hit_rate": 0.41181102362204725,
    "num_trades": 959,
    "precision": 0.5453597497393118,
    "recall": 0.7702503681885126,
    "f1_score": 0.6385836385836386,
    "confusion_matrix": [
      [
        155,
        436
      ],
      [
        156,
        523
      ]
    ],
    "auc_roc": 0.5047858276703323,
    "alpha": 0.08326244354248047
  },
  "residual_diagnostics": {
    "normality_p_value": 7.241877376317628e-39,
    "acf_lag1": -0.034494532332933606,
    "skewness": 0.018868584309342434,
    "kurtosis": 6.370089857662553
  },
  "mode_stats": {
    "healthy_days": 571,
    "degraded_days": 125,
    "unidirectional_days": 520,
    "weak_collapse_days": 20,
    "strong_collapse_days": 34,
    "total_days": 1270,
    "healthy_pct": 44.960629921259844,
    "degraded_pct": 9.84251968503937,
    "unidirectional_pct": 40.94488188976378,
    "weak_collapse_pct": 1.574803149606299,
    "strong_collapse_pct": 2.677165354330709
  },
  "collapse_detected": true,
  "degradation_detected": true,
  "checkpoint_used": "experiments/00_baseline_exploration/sweep2_combo2/checkpoints/tft-epoch=80-val_loss=0.4025.ckpt"
}