{
  "evaluation_timestamp": "2025-10-27T12:01:50.672892",
  "statistical_metrics": {
    "mse": 1.192757487297058,
    "rmse": 1.0921343564987183,
    "mae": 0.7808202505111694,
    "mape": 126.26487016677856,
    "r2": -0.007865071296691895,
    "mean_error": 0.09847337752580643,
    "std_error": 1.0876858234405518
  },
  "financial_metrics": {
    "directional_accuracy": 0.4653543307086614,
    "sharpe_ratio": 0.0,
    "max_drawdown": 0.0,
    "total_return": 0.0,
    "hit_rate": 0.0,
    "num_trades": 0,
    "precision": 0.0,
    "recall": 0.0,
    "f1_score": 0.0,
    "confusion_matrix": [
      [
        591,
        0
      ],
      [
        679,
        0
      ]
    ],
    "auc_roc": 0.5397556374582907,
    "alpha": -0.8470276594161987
  },
  "residual_diagnostics": {
    "normality_p_value": 1.1348319983228383e-39,
    "acf_lag1": -0.03765206145339163,
    "skewness": 0.09310042650523645,
    "kurtosis": 6.471759003667522
  },
  "mode_stats": {
    "healthy_days": 29,
    "degraded_days": 1,
    "unidirectional_days": 75,
    "weak_collapse_days": 868,
    "strong_collapse_days": 297,
    "total_days": 1270,
    "healthy_pct": 2.283464566929134,
    "degraded_pct": 0.07874015748031496,
    "unidirectional_pct": 5.905511811023622,
    "weak_collapse_pct": 68.34645669291338,
    "strong_collapse_pct": 23.38582677165354
  },
  "collapse_detected": true,
  "degradation_detected": true,
  "checkpoint_used": "experiments/00_baseline_exploration/sweep2_combo2/checkpoints/tft-epoch=03-val_loss=0.1249.ckpt"
}