{
  "experiment": "sweep2_h16_enc_50",
  "collapsed": true,
  "collapse_type": "low_diversity",
  "predictions": {
    "mean": 0.0447114072740078,
    "std": 0.04685515910387039,
    "min": -0.09398122131824493,
    "max": 0.10363348573446274,
    "range": 0.19761469960212708,
    "pct_positive": 88.08,
    "pct_negative": 11.92,
    "num_unique": 1242
  },
  "hidden_size": 16,
  "total_params": 22615,
  "diagnosed_at": "2025-10-21T13:20:47.829449"
}