{
  "evaluation_timestamp": "2025-10-30T03:28:38.044509",
  "statistical_metrics": {
    "mse": 1.175083875656128,
    "rmse": 1.0840128660202026,
    "mae": 0.772561252117157,
    "mape": 145.1730251312256,
    "r2": 0.0014260411262512207,
    "mean_error": -0.0057796286419034,
    "std_error": 1.0839974880218506
  },
  "financial_metrics": {
    "directional_accuracy": 0.53671875,
    "sharpe_ratio": 0.8329736080938573,
    "max_drawdown": -0.2524605989456177,
    "total_return": 0.9216080904006958,
    "hit_rate": 0.53671875,
    "num_trades": 1280,
    "precision": 0.53671875,
    "recall": 1.0,
    "f1_score": 0.6985256736146417,
    "confusion_matrix": [
      [
        0,
        593
      ],
      [
        0,
        687
      ]
    ],
    "auc_roc": 0.4914688837014073,
    "alpha": 0.0
  },
  "residual_diagnostics": {
    "normality_p_value": 3.4379874539918765e-39,
    "acf_lag1": -0.034558576112985476,
    "skewness": 0.03160133592897311,
    "kurtosis": 6.372368737988447
  },
  "mode_stats": {
    "healthy_days": 30,
    "degraded_days": 0,
    "unidirectional_days": 1230,
    "weak_collapse_days": 20,
    "strong_collapse_days": 0,
    "total_days": 1280,
    "healthy_pct": 2.34375,
    "degraded_pct": 0.0,
    "unidirectional_pct": 96.09375,
    "weak_collapse_pct": 1.5625,
    "strong_collapse_pct": 0.0
  },
  "collapse_detected": true,
  "degradation_detected": true,
  "checkpoint_used": "experiments/01_staleness_features_fixed/sweep_stale_h16_drop0.25_lr5/checkpoints/tft-epoch=83-val_loss=0.3950.ckpt"
}