{
  "period_statistics": {
    "2020": {
      "n_samples": 92,
      "entropy_mean": 2.9942569732666016,
      "entropy_std": 0.0011568464105948806,
      "attention_concentration": 0.050066154450178146,
      "top_features": [
        [
          "t-19",
          0.05336597189307213
        ],
        [
          "t-20",
          0.053047262132167816
        ],
        [
          "t-18",
          0.05274555832147598
        ],
        [
          "t-17",
          0.05211682990193367
        ],
        [
          "t-16",
          0.05156402662396431
        ]
      ],
      "mean_attention": [
        0.053047262132167816,
        0.05336597189307213,
        0.05274555832147598,
        0.05211682990193367,
        0.05156402662396431,
        0.05111421272158623,
        0.05073646828532219,
        0.05040812864899635,
        0.05011918768286705,
        0.04986068978905678,
        0.04962952807545662,
        0.04942028596997261,
        0.04922821745276451,
        0.048939574509859085,
        0.0486527718603611,
        0.04841667041182518,
        0.0481623113155365,
        0.04786994680762291,
        0.04752148315310478,
        0.04708091542124748
      ],
      "std_attention": [
        0.0020088967867195606,
        0.0019188955193385482,
        0.001863811514340341,
        0.001808078377507627,
        0.0017568476032465696,
        0.0017166027100756764,
        0.001681887311860919,
        0.0016552511369809508,
        0.0016395143466070294,
        0.0016399462474510074,
        0.0016554620815441012,
        0.0016876818845048547,
        0.001727266819216311,
        0.001971629448235035,
        0.002201853785663843,
        0.002282161032781005,
        0.0023672976531088352,
        0.002462594071403146,
        0.002564078662544489,
        0.0026857699267566204
      ]
    },
    "2021": {
      "n_samples": 250,
      "entropy_mean": 2.9858906269073486,
      "entropy_std": 0.007669209968298674,
      "attention_concentration": 0.05043434724211693,
      "top_features": [
        [
          "t-20",
          0.05645183473825455
        ],
        [
          "t-19",
          0.05589709058403969
        ],
        [
          "t-18",
          0.05521456524729729
        ],
        [
          "t-17",
          0.05458546057343483
        ],
        [
          "t-16",
          0.05403853952884674
        ]
      ],
      "mean_attention": [
        0.05645183473825455,
        0.05589709058403969,
        0.05521456524729729,
        0.05458546057343483,
        0.05403853952884674,
        0.05353700369596481,
        0.05301199480891228,
        0.05248769745230675,
        0.05193639174103737,
        0.05132472887635231,
        0.050671208649873734,
        0.049940723925828934,
        0.049113329499959946,
        0.04823911190032959,
        0.04723602533340454,
        0.04607496038079262,
        0.044778142124414444,
        0.043357037007808685,
        0.041834063827991486,
        0.04027017951011658
      ],
      "std_attention": [
        0.005900055635720491,
        0.005545704159885645,
        0.005241728387773037,
        0.005032905377447605,
        0.004927511792629957,
        0.004918307531625032,
        0.0049389926716685295,
        0.00499644735828042,
        0.00506174610927701,
        0.005119020119309425,
        0.0051580071449279785,
        0.005154030863195658,
        0.005121889058500528,
        0.005049495957791805,
        0.004993042908608913,
        0.004964207764714956,
        0.004991610534489155,
        0.00505463033914566,
        0.005147745832800865,
        0.005259148310869932
      ]
    },
    "2022": {
      "n_samples": 249,
      "entropy_mean": 2.968632459640503,
      "entropy_std": 0.025855090469121933,
      "attention_concentration": 0.05124267190694809,
      "top_features": [
        [
          "t-20",
          0.06392227858304977
        ],
        [
          "t-19",
          0.06210268661379814
        ],
        [
          "t-18",
          0.060669511556625366
        ],
        [
          "t-17",
          0.059080880135297775
        ],
        [
          "t-16",
          0.05751685053110123
        ]
      ],
      "mean_attention": [
        0.06392227858304977,
        0.06210268661379814,
        0.060669511556625366,
        0.059080880135297775,
        0.05751685053110123,
        0.05600348487496376,
        0.054545141756534576,
        0.053044069558382034,
        0.051588017493486404,
        0.05017070099711418,
        0.048736412078142166,
        0.04733032360672951,
        0.04596573859453201,
        0.04464304819703102,
        0.04340551793575287,
        0.042239874601364136,
        0.04116816446185112,
        0.040165118873119354,
        0.03925042226910591,
        0.038451775908470154
      ],
      "std_attention": [
        0.01172797754406929,
        0.010720409452915192,
        0.009851609356701374,
        0.009111526422202587,
        0.00846895668655634,
        0.007910676300525665,
        0.007464645430445671,
        0.007188346702605486,
        0.007013321854174137,
        0.00696291821077466,
        0.007004770450294018,
        0.007133993320167065,
        0.007341193035244942,
        0.007597580552101135,
        0.007922373712062836,
        0.008258585818111897,
        0.008592586033046246,
        0.0089075593277812,
        0.009199353866279125,
        0.009490803815424442
      ]
    },
    "2023": {
      "n_samples": 249,
      "entropy_mean": 2.9839391708374023,
      "entropy_std": 0.011541962623596191,
      "attention_concentration": 0.0502658486366272,
      "top_features": [
        [
          "t-20",
          0.05571972206234932
        ],
        [
          "t-19",
          0.054077859967947006
        ],
        [
          "t-18",
          0.053484100848436356
        ],
        [
          "t-17",
          0.053063832223415375
        ],
        [
          "t-16",
          0.05280165374279022
        ]
      ],
      "mean_attention": [
        0.05571972206234932,
        0.054077859967947006,
        0.053484100848436356,
        0.053063832223415375,
        0.05280165374279022,
        0.05258238688111305,
        0.05234381929039955,
        0.05210360884666443,
        0.051758769899606705,
        0.051338423043489456,
        0.050861652940511703,
        0.05029039829969406,
        0.04962439090013504,
        0.048843320459127426,
        0.04797197878360748,
        0.04699346795678139,
        0.0458863340318203,
        0.044695258140563965,
        0.043436113744974136,
        0.042122986167669296
      ],
      "std_attention": [
        0.009321766905486584,
        0.008552098646759987,
        0.007866091094911098,
        0.007271308917552233,
        0.0068031721748411655,
        0.00643622362986207,
        0.006188161671161652,
        0.005985206924378872,
        0.005886889528483152,
        0.005848221480846405,
        0.005862073507159948,
        0.005924849305301905,
        0.006022528279572725,
        0.006144505459815264,
        0.006288140546530485,
        0.00643924530595541,
        0.006592620629817247,
        0.006723096594214439,
        0.006778923328965902,
        0.006777571048587561
      ]
    },
    "2024": {
      "n_samples": 250,
      "entropy_mean": 2.982675075531006,
      "entropy_std": 0.01266784779727459,
      "attention_concentration": 0.0501115508377552,
      "top_features": [
        [
          "t-20",
          0.05297783389687538
        ],
        [
          "t-12",
          0.05160117521882057
        ],
        [
          "t-13",
          0.05160088464617729
        ],
        [
          "t-14",
          0.05154745280742645
        ],
        [
          "t-11",
          0.05151016265153885
        ]
      ],