{
  "period_statistics": {
    "2020": {
      "n_samples": 92,
      "entropy_mean": 2.9920411109924316,
      "entropy_std": 0.0015607301611453295,
      "attention_concentration": 0.05027182027697563,
      "top_features": [
        [
          "t-1",
          0.05980873480439186
        ],
        [
          "t-2",
          0.05594184994697571
        ],
        [
          "t-3",
          0.05269273370504379
        ],
        [
          "t-16",
          0.051388226449489594
        ],
        [
          "t-17",
          0.05132986232638359
        ]
      ],
      "mean_attention": [
        0.04018304869532585,
        0.04831263795495033,
        0.05070168524980545,
        0.05132986232638359,
        0.051388226449489594,
        0.05120444297790527,
        0.05087142437696457,
        0.05042603611946106,
        0.04989299178123474,
        0.049293793737888336,
        0.04865120351314545,
        0.048025790601968765,
        0.04752485826611519,
        0.047329891473054886,
        0.04762572422623634,
        0.04855811595916748,
        0.050236936658620834,
        0.05269273370504379,
        0.05594184994697571,
        0.05980873480439186
      ],
      "std_attention": [
        0.002793211955577135,
        0.00285132834687829,
        0.002611797768622637,
        0.002307786839082837,
        0.0020080902613699436,
        0.0017419797368347645,
        0.0015384259168058634,
        0.001450059120543301,
        0.0014983877772465348,
        0.0016508570406585932,
        0.0018188674002885818,
        0.0019422761397436261,
        0.0019592733588069677,
        0.0018770279129967093,
        0.0017363658407703042,
        0.001632536412216723,
        0.0017784121446311474,
        0.002244100905954838,
        0.003062432399019599,
        0.004115857649594545
      ]
    },
    "2021": {
      "n_samples": 250,
      "entropy_mean": 2.967528820037842,
      "entropy_std": 0.030298316851258278,
      "attention_concentration": 0.05076143518090248,
      "top_features": [
        [
          "t-1",
          0.06067216023802757
        ],
        [
          "t-2",
          0.058717031031847
        ],
        [
          "t-3",
          0.057173069566488266
        ],
        [
          "t-4",
          0.05589357018470764
        ],
        [
          "t-5",
          0.05473483353853226
        ]
      ],
      "mean_attention": [
        0.033028580248355865,
        0.04128449782729149,
        0.04443754255771637,
        0.045871831476688385,
        0.046703044325113297,
        0.04733649268746376,
        0.04785875603556633,
        0.048403169959783554,
        0.04901133105158806,
        0.04958302900195122,
        0.05022570490837097,
        0.0509294793009758,
        0.05179474502801895,
        0.05267888307571411,
        0.05366223677992821,
        0.05473483353853226,
        0.05589357018470764,
        0.057173069566488266,
        0.058717031031847,
        0.06067216023802757
      ],
      "std_attention": [
        0.006099225487560034,
        0.006786466110497713,
        0.006839522626250982,
        0.0067251152358949184,
        0.006630063522607088,
        0.006575970910489559,
        0.006540300324559212,
        0.006723262835294008,
        0.0071059963665902615,
        0.007614428177475929,
        0.008428703993558884,
        0.009296625852584839,
        0.010387727059423923,
        0.011334936134517193,
        0.012585917487740517,
        0.013625919818878174,
        0.01460687443614006,
        0.01601399853825569,
        0.018603503704071045,
        0.02322094514966011
      ]
    },
    "2022": {
      "n_samples": 249,
      "entropy_mean": 2.9846560955047607,
      "entropy_std": 0.01401221938431263,
      "attention_concentration": 0.05034896358847618,
      "top_features": [
        [
          "t-1",
          0.053123682737350464
        ],
        [
          "t-2",
          0.05297987163066864
        ],
        [
          "t-3",
          0.052835121750831604
        ],
        [
          "t-4",
          0.052720483392477036
        ],
        [
          "t-5",
          0.052636876702308655
        ]
      ],
      "mean_attention": [
        0.03514706715941429,
        0.0438646599650383,
        0.04658723250031471,
        0.047731827944517136,
        0.04852743446826935,
        0.04922397434711456,
        0.049927033483982086,
        0.050629593431949615,
        0.05114015191793442,
        0.051588594913482666,
        0.051947612315416336,
        0.052190039306879044,
        0.052278321236371994,
        0.05240430682897568,
        0.052516113966703415,
        0.052636876702308655,
        0.052720483392477036,
        0.052835121750831604,
        0.05297987163066864,
        0.053123682737350464
      ],
      "std_attention": [
        0.004094380885362625,
        0.0043885596096515656,
        0.004399810917675495,
        0.004509933292865753,
        0.004593386314809322,
        0.004728025756776333,
        0.004879992455244064,
        0.005146770738065243,
        0.005264773033559322,
        0.005369683727622032,
        0.005328538827598095,
        0.005275126546621323,
        0.004908946808427572,
        0.005195906851440668,
        0.00567256985232234,
        0.006362037267535925,
        0.007360202260315418,
        0.008703113533556461,
        0.010444938205182552,
        0.012571112252771854
      ]
    },
    "2023": {
      "n_samples": 249,
      "entropy_mean": 2.9780755043029785,
      "entropy_std": 0.01485140435397625,
      "attention_concentration": 0.050523094832897186,
      "top_features": [
        [
          "t-1",
          0.05510381609201431
        ],
        [
          "t-2",
          0.054619453847408295
        ],
        [
          "t-3",
          0.0543132908642292
        ],
        [
          "t-4",
          0.0540621355175972
        ],
        [
          "t-5",
          0.05378680303692818
        ]
      ],
      "mean_attention": [
        0.033104926347732544,
        0.04191879555583,
        0.04534583538770676,
        0.04697497934103012,
        0.04795379936695099,
        0.048695847392082214,
        0.04934414476156235,
        0.04990239813923836,
        0.05052199959754944,
        0.0511491522192955,
        0.05171876400709152,
        0.05223020911216736,
        0.05268165096640587,
        0.05309516191482544,
        0.053476765751838684,
        0.05378680303692818,
        0.0540621355175972,
        0.0543132908642292,
        0.054619453847408295,
        0.05510381609201431
      ],
      "std_attention": [
        0.0069009591825306416,
        0.007006623316556215,
        0.0066719138994812965,
        0.006350066512823105,
        0.0060625579208135605,
        0.005844030994921923,
        0.005825341679155827,
        0.00584093714132905,
        0.006057753227651119,
        0.00624074274674058,
        0.006379945669323206,
        0.006535925902426243,
        0.00676359748467803,
        0.007243498228490353,
        0.007896121591329575,
        0.00891018845140934,
        0.010026872158050537,
        0.011333681643009186,
        0.012997619807720184,
        0.015436672605574131
      ]
    },
    "2024": {
      "n_samples": 250,
      "entropy_mean": 2.959134340286255,
      "entropy_std": 0.056280799210071564,
      "attention_concentration": 0.05073816329240799,
      "top_features": [
        [
          "t-1",
          0.05824616178870201
        ],
        [
          "t-2",
          0.056934259831905365
        ],
        [
          "t-3",
          0.05610233172774315
        ],
        [
          "t-4",
          0.05543486773967743
        ],
        [
          "t-5",
          0.05485232546925545
        ]
      ],