{
  "period_statistics": {
    "2020": {
      "n_samples": 92,
      "entropy_mean": 2.9048216342926025,
      "entropy_std": 0.1099909171462059,
      "attention_concentration": 0.052713654935359955,
      "top_features": [
        [
          "t-1",
          0.07264671474695206
        ],
        [
          "t-2",
          0.06889194250106812
        ],
        [
          "t-3",
          0.065487802028656
        ],
        [
          "t-4",
          0.06264152377843857
        ],
        [
          "t-5",
          0.060187600553035736
        ]
      ],
      "mean_attention": [
        0.03256780281662941,
        0.03442246839404106,
        0.03517923876643181,
        0.03688224405050278,
        0.038872864097356796,
        0.04096575826406479,
        0.04300322383642197,
        0.044844869524240494,
        0.04670098423957825,
        0.04832858219742775,
        0.049937423318624496,
        0.05160941183567047,
        0.05332651361823082,
        0.055597368627786636,
        0.05790572613477707,
        0.060187600553035736,
        0.06264152377843857,
        0.065487802028656,
        0.06889194250106812,
        0.07264671474695206
      ],
      "std_attention": [
        0.012716038152575493,
        0.011720871552824974,
        0.011550205759704113,
        0.012040062807500362,
        0.012804989702999592,
        0.013692282140254974,
        0.014517624862492085,
        0.015066363848745823,
        0.015595369972288609,
        0.01594194769859314,
        0.016243826597929,
        0.016702234745025635,
        0.017226900905370712,
        0.01845325157046318,
        0.019959475845098495,
        0.022114170715212822,
        0.024890532717108727,
        0.02892400696873665,
        0.0348043330013752,
        0.042103398591279984
      ]
    },
    "2021": {
      "n_samples": 250,
      "entropy_mean": 2.859379529953003,
      "entropy_std": 0.21607400476932526,
      "attention_concentration": 0.05219157412648201,
      "top_features": [
        [
          "t-1",
          0.06828311085700989
        ],
        [
          "t-2",
          0.06559725850820541
        ],
        [
          "t-3",
          0.06331362575292587
        ],
        [
          "t-4",
          0.061186227947473526
        ],
        [
          "t-5",
          0.05966932699084282
        ]
      ],
      "mean_attention": [
        0.033907704055309296,
        0.034945517778396606,
        0.03616073355078697,
        0.03801550716161728,
        0.0399245023727417,
        0.041655831038951874,
        0.043313756585121155,
        0.04498125985264778,
        0.04678548872470856,
        0.04874042049050331,
        0.05083995312452316,
        0.052897628396749496,
        0.054992929100990295,
        0.05667359009385109,
        0.058115698397159576,
        0.05966932699084282,
        0.061186227947473526,
        0.06331362575292587,
        0.06559725850820541,
        0.06828311085700989
      ],
      "std_attention": [
        0.012395156547427177,
        0.012616642750799656,
        0.013591893017292023,
        0.015160802751779556,
        0.01687708869576454,
        0.018065420910716057,
        0.01901106722652912,
        0.01974584348499775,
        0.020915692672133446,
        0.022548427805304527,
        0.02466615103185177,
        0.026874888688325882,
        0.02942255511879921,
        0.031600501388311386,
        0.033491116017103195,
        0.03627955541014671,
        0.039014577865600586,
        0.04609094560146332,
        0.053881432861089706,
        0.0614546574652195
      ]
    },
    "2022": {
      "n_samples": 249,
      "entropy_mean": 2.7574031352996826,
      "entropy_std": 0.27179792523384094,
      "attention_concentration": 0.06304658204317093,
      "top_features": [
        [
          "t-1",
          0.117402583360672
        ],
        [
          "t-2",
          0.10145188868045807
        ],
        [
          "t-3",
          0.0874297097325325
        ],
        [
          "t-4",
          0.075331911444664
        ],
        [
          "t-5",
          0.06516016274690628
        ]
      ],
      "mean_attention": [
        0.027720214799046516,
        0.02911207638680935,
        0.029180003330111504,
        0.029947659000754356,
        0.031047804281115532,
        0.03221537172794342,
        0.03340600058436394,
        0.03460006043314934,
        0.03569492697715759,
        0.037092264741659164,
        0.03903580829501152,
        0.041731078177690506,
        0.04534912109375,
        0.050321098417043686,
        0.056770239025354385,
        0.06516016274690628,
        0.075331911444664,
        0.0874297097325325,
        0.10145188868045807,
        0.117402583360672
      ],
      "std_attention": [
        0.014598027803003788,
        0.014514011330902576,
        0.01442634779959917,
        0.014744766987860203,
        0.015166819095611572,
        0.015568551607429981,
        0.015857558697462082,
        0.016126543283462524,
        0.016109799966216087,
        0.016176050528883934,
        0.01642908714711666,
        0.017231760546565056,
        0.018928861245512962,
        0.021808452904224396,
        0.02507030963897705,
        0.0299015361815691,
        0.037255577743053436,
        0.048052828758955,
        0.06193362921476364,
        0.08271744102239609
      ]
    },
    "2023": {
      "n_samples": 249,
      "entropy_mean": 2.9565625190734863,
      "entropy_std": 0.0703483372926712,
      "attention_concentration": 0.05073145031929016,
      "top_features": [
        [
          "t-1",
          0.05811535194516182
        ],
        [
          "t-2",
          0.057287100702524185
        ],
        [
          "t-3",
          0.05663754791021347
        ],
        [
          "t-4",
          0.05605402588844299
        ],
        [
          "t-5",
          0.055469997227191925
        ]
      ],
      "mean_attention": [
        0.03884013369679451,
        0.03917127102613449,
        0.040258679538965225,
        0.042526982724666595,
        0.04495430365204811,
        0.04669928923249245,
        0.047832585871219635,
        0.04865958169102669,
        0.04959118366241455,
        0.050664957612752914,
        0.05173089727759361,
        0.052720654755830765,
        0.05356081202626228,
        0.054272741079330444,
        0.05495194345712662,
        0.055469997227191925,
        0.05605402588844299,
        0.05663754791021347,
        0.057287100702524185,
        0.05811535194516182
      ],
      "std_attention": [
        0.008823823183774948,
        0.008246328681707382,
        0.008500334806740284,
        0.009182843379676342,
        0.009963177144527435,
        0.010512597858905792,
        0.010860930196940899,
        0.011060505174100399,
        0.011345315724611282,
        0.011707484722137451,
        0.012299963273108006,
        0.012954497709870338,
        0.013537643477320671,
        0.014050503261387348,
        0.014690258540213108,
        0.015639344230294228,
        0.016925524920225143,
        0.01853008195757866,
        0.020973553881049156,
        0.02374429628252983
      ]
    },
    "2024": {
      "n_samples": 250,
      "entropy_mean": 2.9047629833221436,
      "entropy_std": 0.2574728727340698,
      "attention_concentration": 0.051231835037469864,
      "top_features": [
        [
          "t-1",
          0.06205803528428078
        ],
        [
          "t-2",
          0.06040693819522858
        ],
        [
          "t-3",
          0.05931694805622101
        ],
        [
          "t-4",
          0.05816273018717766
        ],
        [
          "t-5",
          0.05705950781702995
        ]
      ],