
[INFO] Using AUTO device selection.

[INFO] Patched matplotlib.Axes.errorbar to abs() negative yerr for robustness.
======================================================================
Training TFT: 07b_regime_attention_sweep/rolling_enc8_gs500_vix25/fold_2020
======================================================================
Logging to: experiments/07b_regime_attention_sweep/rolling_enc8_gs500_vix25/fold_2020/training_20251203_082945.log
Started at: 2025-12-03 08:29:45
======================================================================
Configuration saved to: experiments/07b_regime_attention_sweep/rolling_enc8_gs500_vix25/fold_2020/config.json

Loading data splits...
Train: 522 samples
Val: 52 samples
Test: 64 samples

Preparing TimeSeriesDataSet...

Dropping source columns (used for staleness only): ['CPI']

Final features for TFT: ['SP500_Returns', 'VIX', 'Treasury_10Y', 'Yield_Spread', 'Inflation_YoY']

======================================================================
FEATURE STATISTICS - BEFORE NORMALIZATION
======================================================================
VIX                             mean= 18.5053  std=  7.5369  min=  9.3400  max= 50.1280
Treasury_10Y                    mean=  2.5163  std=  0.5987  min=  1.3700  max=  3.9000
Yield_Spread                    mean=  1.6566  std=  0.7275  min=  0.1300  max=  2.9100
Inflation_YoY                   mean=  1.5654  std=  1.1576  min= -2.1498  max=  3.9849

======================================================================
FEATURES AFTER GROUPNORMALIZER (first batch, last timestep)
======================================================================
VIX                             normalized_value=  1.0000
Treasury_10Y                    normalized_value= -0.1250
Yield_Spread                    normalized_value=  3.2311
Inflation_YoY                   normalized_value=  0.2235
======================================================================

[DEBUG] VIX train values: [41.18   41.282  47.072  49.4075 43.014 ]
[DEBUG] VIX val values: [23.8675 19.908  18.514  19.1575 17.674 ]
Batches per epoch: 16
[DEBUG] Validation batches: 2
[DEBUG] Validation dataset size: 44
[DEBUG] Batch size: 32

Initializing model...

Using standard QuantileLoss (no penalties)

[REGIME OUTPUT] Disabled (using baseline output layer)

[REGIME ATTENTION] Replaced attention module:
  Mode: vix_threshold
  Regimes: 2
  VIX threshold: 25.0
  Gate grad scale: 500.0
  Heads: 2
  New parameters: 4 (regime gates only)
  Total attention parameters: 812
[REGIME ATTENTION] Using raw VIX values (train: 522, val: 52)
[REGIME ATTENTION] VIX range - train: 9.3-50.1, val: 11.9-23.9

[REGIME ATTENTION] Enabled: vix_threshold=25.0

================================================================================
BASELINE MODEL FEATURE CONFIGURATION (after from_dataset)
================================================================================
tft.hparams.time_varying_reals_encoder: ['relative_time_idx', 'VIX', 'Treasury_10Y', 'Yield_Spread', 'Inflation_YoY']
  Count: 5

tft.hparams.time_varying_reals_decoder: ['relative_time_idx']
  Count: 1

tft.hparams.x_reals (all reals passed to model): ['encoder_length', 'relative_time_idx', 'VIX', 'Treasury_10Y', 'Yield_Spread', 'Inflation_YoY']
  Count: 6

Encoder VSN configuration:
  num_inputs: 5
  input_sizes: {'relative_time_idx': 16, 'VIX': 16, 'Treasury_10Y': 16, 'Yield_Spread': 16, 'Inflation_YoY': 16}
  flattened_grn.fc1: in_features=80, out_features=5
  -> Params in fc1: 400 (should be 5*16*5=400 if 5 features)
================================================================================

Model parameters: 22,619

Starting training...
Checkpoints will be saved to: experiments/07b_regime_attention_sweep/rolling_enc8_gs500_vix25/fold_2020/checkpoints/
Logs will be saved to: experiments/07b_regime_attention_sweep/rolling_enc8_gs500_vix25/fold_2020/logs/

[DEBUG CollapseMonitor] on_validation_epoch_start called for epoch 0
[DEBUG CollapseMonitor] reset_temporal_state() called on loss function
Epoch 0: val_loss=N/A
[DEBUG CollapseMonitor] on_validation_epoch_start called for epoch 0
[DEBUG CollapseMonitor] reset_temporal_state() called on loss function
Epoch 0: val_loss=1.0931442975997925
Epoch 0: train_loss=1.4223911762237549

[CollapseMonitor] Epoch 0
  [DEBUG] Processed 2 batches from val_dataloader
  [DEBUG] Predictions shape after concat: (44,)
  [DEBUG] All predictions list length: 2
  [DEBUG] First batch shape: (32,)
  Pred std: 0.005065, range: 0.020222, mean: 0.490407
  Pos: 100.0%, Neg: 0.0%, Unique: 43
  Dir Acc: 61.36%, Pred Sharpe: 1537.0342
  Composite: 0.4951 (dist_match: 0.6136, actual_pos: 61.4%, pred_pos: 100.0%)
  Collapse penalty: 0.000000 (threshold: 0.005000)
  Regime distribution: {'regime_0_fraction': 1.0, 'regime_1_fraction': 0.0}
  Regime gates: {'mean': 0.4992774426937103, 'std': 0.0032592604402452707, 'min': 0.49608683586120605, 'max': 0.5024681091308594}
  Saved validation predictions to: experiments/07b_regime_attention_sweep/rolling_enc8_gs500_vix25/fold_2020/collapse_monitoring/val_predictions_epoch0.npy
  Gradient norms:
    lstm_encoder: 0.018230
    lstm_decoder: 0.027722
    output_layer: 1.254619
  Regime gate grads (epoch avg): tensor([[ 0.3320,  0.2457],
        [-0.2779, -0.2919]])
  VSN output std:
    encoder: 0.247185
  Attention entropy: 2.078070
  Regime attention gates: [[0.5024681091308594, 0.49608683586120605], [0.5014997720718384, 0.5041889548301697]]
  Saved to: experiments/07b_regime_attention_sweep/rolling_enc8_gs500_vix25/fold_2020/collapse_monitoring/collapse_monitor_latest.json
[DEBUG CollapseMonitor] on_validation_epoch_start called for epoch 1
[DEBUG CollapseMonitor] reset_temporal_state() called on loss function
Epoch 1: val_loss=1.0721020698547363
Epoch 1: train_loss=1.4109725952148438

[CollapseMonitor] Epoch 1
  [DEBUG] Processed 2 batches from val_dataloader
  [DEBUG] Predictions shape after concat: (44,)
  [DEBUG] All predictions list length: 2
  [DEBUG] First batch shape: (32,)
  Pred std: 0.005376, range: 0.020602, mean: 0.476787
  Pos: 100.0%, Neg: 0.0%, Unique: 44
  Dir Acc: 61.36%, Pred Sharpe: 1407.7658
  Composite: 0.4951 (dist_match: 0.6136, actual_pos: 61.4%, pred_pos: 100.0%)
  Collapse penalty: 0.000000 (threshold: 0.005000)
  Regime distribution: {'regime_0_fraction': 1.0, 'regime_1_fraction': 0.0}
  Regime gates: {'mean': 0.49928808212280273, 'std': 0.003242623060941696, 'min': 0.49611374735832214, 'max': 0.5024624466896057}
  Saved validation predictions to: experiments/07b_regime_attention_sweep/rolling_enc8_gs500_vix25/fold_2020/collapse_monitoring/val_predictions_epoch1.npy
  Gradient norms:
    lstm_encoder: 0.018312
    lstm_decoder: 0.027095
    output_layer: 1.274007
  Regime gate grads (epoch avg): tensor([[ 0.1021, -0.4114],
        [-0.1590, -0.2310]])
  VSN output std:
    encoder: 0.247158
  Attention entropy: 2.078172
  Regime attention gates: [[0.5024624466896057, 0.49611374735832214], [0.5015466809272766, 0.5042487382888794]]
  Saved to: experiments/07b_regime_attention_sweep/rolling_enc8_gs500_vix25/fold_2020/collapse_monitoring/collapse_monitor_latest.json
[DEBUG CollapseMonitor] on_validation_epoch_start called for epoch 2
[DEBUG CollapseMonitor] reset_temporal_state() called on loss function
Epoch 2: val_loss=1.0456900596618652
Epoch 2: train_loss=1.3825621604919434

[CollapseMonitor] Epoch 2
  [DEBUG] Processed 2 batches from val_dataloader
  [DEBUG] Predictions shape after concat: (44,)
  [DEBUG] All predictions list length: 2
  [DEBUG] First batch shape: (32,)
  Pred std: 0.005867, range: 0.021937, mean: 0.462578
  Pos: 100.0%, Neg: 0.0%, Unique: 44
  Dir Acc: 61.36%, Pred Sharpe: 1251.5487
  Composite: 0.4951 (dist_match: 0.6136, actual_pos: 61.4%, pred_pos: 100.0%)
  Collapse penalty: 0.000000 (threshold: 0.005000)
  Regime distribution: {'regime_0_fraction': 1.0, 'regime_1_fraction': 0.0}
  Regime gates: {'mean': 0.49931421875953674, 'std': 0.0032252094242721796, 'min': 0.4961569011211395, 'max': 0.5024715065956116}
  Saved validation predictions to: experiments/07b_regime_attention_sweep/rolling_enc8_gs500_vix25/fold_2020/collapse_monitoring/val_predictions_epoch2.npy
  Gradient norms:
    lstm_encoder: 0.018080
    lstm_decoder: 0.027397
    output_layer: 1.219993
  Regime gate grads (epoch avg): tensor([[-0.2086, -0.5584],
        [-0.2538, -0.3164]])
  VSN output std:
    encoder: 0.247223
  Attention entropy: 2.078302
  Regime attention gates: [[0.5024715065956116, 0.4961569011211395], [0.501605749130249, 0.5043197870254517]]
  Saved to: experiments/07b_regime_attention_sweep/rolling_enc8_gs500_vix25/fold_2020/collapse_monitoring/collapse_monitor_latest.json
[DEBUG CollapseMonitor] on_validation_epoch_start called for epoch 3
[DEBUG CollapseMonitor] reset_temporal_state() called on loss function
Epoch 3: val_loss=1.0034308433532715
Epoch 3: train_loss=1.3486934900283813

[CollapseMonitor] Epoch 3
  [DEBUG] Processed 2 batches from val_dataloader
  [DEBUG] Predictions shape after concat: (44,)
  [DEBUG] All predictions list length: 2
  [DEBUG] First batch shape: (32,)
  Pred std: 0.006699, range: 0.024377, mean: 0.439737
  Pos: 100.0%, Neg: 0.0%, Unique: 44
  Dir Acc: 61.36%, Pred Sharpe: 1042.0255
  Composite: 0.4951 (dist_match: 0.6136, actual_pos: 61.4%, pred_pos: 100.0%)
  Collapse penalty: 0.000000 (threshold: 0.005000)
  Regime distribution: {'regime_0_fraction': 1.0, 'regime_1_fraction': 0.0}
  Regime gates: {'mean': 0.49938395619392395, 'std': 0.003191889263689518, 'min': 0.49625927209854126, 'max': 0.5025086402893066}
  Saved validation predictions to: experiments/07b_regime_attention_sweep/rolling_enc8_gs500_vix25/fold_2020/collapse_monitoring/val_predictions_epoch3.npy
  Gradient norms:
    lstm_encoder: 0.017317
    lstm_decoder: 0.025426
    output_layer: 1.213397
  Regime gate grads (epoch avg): tensor([[-0.3211, -0.7435],
        [-0.2105, -0.3398]])
  VSN output std:
    encoder: 0.247321
  Attention entropy: 2.078521
  Regime attention gates: [[0.5025086402893066, 0.49625927209854126], [0.5016868710517883, 0.5044352412223816]]
  Saved to: experiments/07b_regime_attention_sweep/rolling_enc8_gs500_vix25/fold_2020/collapse_monitoring/collapse_monitor_latest.json
[DEBUG CollapseMonitor] on_validation_epoch_start called for epoch 4
[DEBUG CollapseMonitor] reset_temporal_state() called on loss function
Epoch 4: val_loss=0.9703683257102966
Epoch 4: train_loss=1.323300838470459

[CollapseMonitor] Epoch 4
  [DEBUG] Processed 2 batches from val_dataloader
  [DEBUG] Predictions shape after concat: (44,)
  [DEBUG] All predictions list length: 2
  [DEBUG] First batch shape: (32,)
  Pred std: 0.007320, range: 0.025965, mean: 0.440394
  Pos: 100.0%, Neg: 0.0%, Unique: 44
  Dir Acc: 61.36%, Pred Sharpe: 955.0318
  Composite: 0.4951 (dist_match: 0.6136, actual_pos: 61.4%, pred_pos: 100.0%)
  Collapse penalty: 0.000000 (threshold: 0.005000)
  Regime distribution: {'regime_0_fraction': 1.0, 'regime_1_fraction': 0.0}
  Regime gates: {'mean': 0.499439001083374, 'std': 0.003187901107594371, 'min': 0.4963182210922241, 'max': 0.5025597810745239}
  Saved validation predictions to: experiments/07b_regime_attention_sweep/rolling_enc8_gs500_vix25/fold_2020/collapse_monitoring/val_predictions_epoch4.npy
  Gradient norms:
    lstm_encoder: 0.017990
    lstm_decoder: 0.026557
    output_layer: 1.162685
  Regime gate grads (epoch avg): tensor([[-0.5263, -0.2661],
        [-0.1561, -0.2673]])
  VSN output std:
    encoder: 0.247292
  Attention entropy: 2.078659
  Regime attention gates: [[0.5025597810745239, 0.4963182210922241], [0.5017626881599426, 0.5045410990715027]]
  Saved to: experiments/07b_regime_attention_sweep/rolling_enc8_gs500_vix25/fold_2020/collapse_monitoring/collapse_monitor_latest.json
[DEBUG CollapseMonitor] on_validation_epoch_start called for epoch 5
[DEBUG CollapseMonitor] reset_temporal_state() called on loss function
Epoch 5: val_loss=0.9370729327201843
Epoch 5: train_loss=1.284697413444519

[CollapseMonitor] Epoch 5
  [DEBUG] Processed 2 batches from val_dataloader
  [DEBUG] Predictions shape after concat: (44,)
  [DEBUG] All predictions list length: 2
  [DEBUG] First batch shape: (32,)
  Pred std: 0.007830, range: 0.027174, mean: 0.440851
  Pos: 100.0%, Neg: 0.0%, Unique: 44
  Dir Acc: 61.36%, Pred Sharpe: 893.7633
  Composite: 0.4951 (dist_match: 0.6136, actual_pos: 61.4%, pred_pos: 100.0%)
  Collapse penalty: 0.000000 (threshold: 0.005000)
  Regime distribution: {'regime_0_fraction': 1.0, 'regime_1_fraction': 0.0}
  Regime gates: {'mean': 0.4995034635066986, 'std': 0.0031837457790970802, 'min': 0.49638673663139343, 'max': 0.5026201605796814}
  Saved validation predictions to: experiments/07b_regime_attention_sweep/rolling_enc8_gs500_vix25/fold_2020/collapse_monitoring/val_predictions_epoch5.npy
  Gradient norms:
    lstm_encoder: 0.016295
    lstm_decoder: 0.023634
    output_layer: 1.136738
  Regime gate grads (epoch avg): tensor([[-0.3064, -0.6041],
        [-0.2453, -0.1469]])
  VSN output std:
    encoder: 0.247347
  Attention entropy: 2.078790
  Regime attention gates: [[0.5026201605796814, 0.49638673663139343], [0.5018283128738403, 0.504618763923645]]
  Saved to: experiments/07b_regime_attention_sweep/rolling_enc8_gs500_vix25/fold_2020/collapse_monitoring/collapse_monitor_latest.json
[DEBUG CollapseMonitor] on_validation_epoch_start called for epoch 6
[DEBUG CollapseMonitor] reset_temporal_state() called on loss function
Epoch 6: val_loss=0.8920921087265015
Epoch 6: train_loss=1.2489100694656372

[CollapseMonitor] Epoch 6
  [DEBUG] Processed 2 batches from val_dataloader
  [DEBUG] Predictions shape after concat: (44,)
  [DEBUG] All predictions list length: 2
  [DEBUG] First batch shape: (32,)
  Pred std: 0.008143, range: 0.027750, mean: 0.409606
  Pos: 100.0%, Neg: 0.0%, Unique: 44
  Dir Acc: 61.36%, Pred Sharpe: 798.4854
  Composite: 0.4951 (dist_match: 0.6136, actual_pos: 61.4%, pred_pos: 100.0%)
  Collapse penalty: 0.000000 (threshold: 0.005000)
  Regime distribution: {'regime_0_fraction': 1.0, 'regime_1_fraction': 0.0}
  Regime gates: {'mean': 0.49961063265800476, 'std': 0.003162861568853259, 'min': 0.49651435017585754, 'max': 0.5027068853378296}
  Saved validation predictions to: experiments/07b_regime_attention_sweep/rolling_enc8_gs500_vix25/fold_2020/collapse_monitoring/val_predictions_epoch6.npy
  Gradient norms:
    lstm_encoder: 0.015905
    lstm_decoder: 0.022155
    output_layer: 1.109125
  Regime gate grads (epoch avg): tensor([[-0.1511, -0.3674],
        [-0.2236, -0.1504]])
  VSN output std:
    encoder: 0.247452
  Attention entropy: 2.078960
  Regime attention gates: [[0.5027068853378296, 0.49651435017585754], [0.5019552111625671, 0.5047288537025452]]
  Saved to: experiments/07b_regime_attention_sweep/rolling_enc8_gs500_vix25/fold_2020/collapse_monitoring/collapse_monitor_latest.json
[DEBUG CollapseMonitor] on_validation_epoch_start called for epoch 7
[DEBUG CollapseMonitor] reset_temporal_state() called on loss function
Epoch 7: val_loss=0.8611699938774109
Epoch 7: train_loss=1.2201040983200073

[CollapseMonitor] Epoch 7
  [DEBUG] Processed 2 batches from val_dataloader
  [DEBUG] Predictions shape after concat: (44,)
  [DEBUG] All predictions list length: 2
  [DEBUG] First batch shape: (32,)
  Pred std: 0.008115, range: 0.027557, mean: 0.403516
  Pos: 100.0%, Neg: 0.0%, Unique: 44
  Dir Acc: 61.36%, Pred Sharpe: 789.3524
  Composite: 0.4951 (dist_match: 0.6136, actual_pos: 61.4%, pred_pos: 100.0%)
  Collapse penalty: 0.000000 (threshold: 0.005000)
  Regime distribution: {'regime_0_fraction': 1.0, 'regime_1_fraction': 0.0}
  Regime gates: {'mean': 0.4997136890888214, 'std': 0.0031377002596855164, 'min': 0.4966420531272888, 'max': 0.502785325050354}
  Saved validation predictions to: experiments/07b_regime_attention_sweep/rolling_enc8_gs500_vix25/fold_2020/collapse_monitoring/val_predictions_epoch7.npy
  Gradient norms:
    lstm_encoder: 0.014891
    lstm_decoder: 0.020013
    output_layer: 1.032225
  Regime gate grads (epoch avg): tensor([[-0.4209, -0.7582],
        [-0.0252,  0.0080]])
  VSN output std:
    encoder: 0.247571
  Attention entropy: 2.079052
  Regime attention gates: [[0.502785325050354, 0.4966420531272888], [0.5019970536231995, 0.5047485828399658]]
  Saved to: experiments/07b_regime_attention_sweep/rolling_enc8_gs500_vix25/fold_2020/collapse_monitoring/collapse_monitor_latest.json
[DEBUG CollapseMonitor] on_validation_epoch_start called for epoch 8
[DEBUG CollapseMonitor] reset_temporal_state() called on loss function
Epoch 8: val_loss=0.8331515789031982
Epoch 8: train_loss=1.1858755350112915

[CollapseMonitor] Epoch 8
  [DEBUG] Processed 2 batches from val_dataloader
  [DEBUG] Predictions shape after concat: (44,)
  [DEBUG] All predictions list length: 2
  [DEBUG] First batch shape: (32,)
  Pred std: 0.007989, range: 0.027096, mean: 0.390527
  Pos: 100.0%, Neg: 0.0%, Unique: 44
  Dir Acc: 61.36%, Pred Sharpe: 776.0361
  Composite: 0.4951 (dist_match: 0.6136, actual_pos: 61.4%, pred_pos: 100.0%)
  Collapse penalty: 0.000000 (threshold: 0.005000)
  Regime distribution: {'regime_0_fraction': 1.0, 'regime_1_fraction': 0.0}
  Regime gates: {'mean': 0.49984797835350037, 'std': 0.003116435604169965, 'min': 0.496797114610672, 'max': 0.5028987526893616}
  Saved validation predictions to: experiments/07b_regime_attention_sweep/rolling_enc8_gs500_vix25/fold_2020/collapse_monitoring/val_predictions_epoch8.npy
  Gradient norms:
    lstm_encoder: 0.014641
    lstm_decoder: 0.019804
    output_layer: 0.970479
  Regime gate grads (epoch avg): tensor([[-0.6918, -0.8401],
        [-0.1110, -0.0678]])
  VSN output std:
    encoder: 0.247761
  Attention entropy: 2.079123
  Regime attention gates: [[0.5028987526893616, 0.496797114610672], [0.5020624995231628, 0.5047821402549744]]
  Saved to: experiments/07b_regime_attention_sweep/rolling_enc8_gs500_vix25/fold_2020/collapse_monitoring/collapse_monitor_latest.json
[DEBUG CollapseMonitor] on_validation_epoch_start called for epoch 9
[DEBUG CollapseMonitor] reset_temporal_state() called on loss function
Epoch 9: val_loss=0.7961900234222412
Epoch 9: train_loss=1.156097173690796

[CollapseMonitor] Epoch 9
  [DEBUG] Processed 2 batches from val_dataloader
  [DEBUG] Predictions shape after concat: (44,)
  [DEBUG] All predictions list length: 2
  [DEBUG] First batch shape: (32,)
  Pred std: 0.007635, range: 0.026008, mean: 0.363344
  Pos: 100.0%, Neg: 0.0%, Unique: 44
  Dir Acc: 61.36%, Pred Sharpe: 755.4380
  Composite: 0.4951 (dist_match: 0.6136, actual_pos: 61.4%, pred_pos: 100.0%)
  Collapse penalty: 0.000000 (threshold: 0.005000)
  Regime distribution: {'regime_0_fraction': 1.0, 'regime_1_fraction': 0.0}
  Regime gates: {'mean': 0.5000048279762268, 'std': 0.0031034667044878006, 'min': 0.49696674942970276, 'max': 0.503042995929718}
  Saved validation predictions to: experiments/07b_regime_attention_sweep/rolling_enc8_gs500_vix25/fold_2020/collapse_monitoring/val_predictions_epoch9.npy
  Gradient norms:
    lstm_encoder: 0.014516
    lstm_decoder: 0.019027
    output_layer: 0.918206
  Regime gate grads (epoch avg): tensor([[-0.3085, -0.3154],
        [ 0.0624, -0.0060]])
  VSN output std:
    encoder: 0.247971
  Attention entropy: 2.079205
  Regime attention gates: [[0.503042995929718, 0.49696674942970276], [0.5021347403526306, 0.5048491954803467]]
  Saved to: experiments/07b_regime_attention_sweep/rolling_enc8_gs500_vix25/fold_2020/collapse_monitoring/collapse_monitor_latest.json
[DEBUG CollapseMonitor] on_validation_epoch_start called for epoch 10
[DEBUG CollapseMonitor] reset_temporal_state() called on loss function
Epoch 10: val_loss=0.7740554213523865
Epoch 10: train_loss=1.116351842880249

[CollapseMonitor] Epoch 10
  [DEBUG] Processed 2 batches from val_dataloader
  [DEBUG] Predictions shape after concat: (44,)
  [DEBUG] All predictions list length: 2
  [DEBUG] First batch shape: (32,)
  Pred std: 0.007583, range: 0.025790, mean: 0.330400
  Pos: 100.0%, Neg: 0.0%, Unique: 44
  Dir Acc: 61.36%, Pred Sharpe: 691.6823
  Composite: 0.4951 (dist_match: 0.6136, actual_pos: 61.4%, pred_pos: 100.0%)
  Collapse penalty: 0.000000 (threshold: 0.005000)
  Regime distribution: {'regime_0_fraction': 1.0, 'regime_1_fraction': 0.0}
  Regime gates: {'mean': 0.5000951886177063, 'std': 0.0031120670028030872, 'min': 0.49704861640930176, 'max': 0.5031417012214661}
  Saved validation predictions to: experiments/07b_regime_attention_sweep/rolling_enc8_gs500_vix25/fold_2020/collapse_monitoring/val_predictions_epoch10.npy
  Gradient norms:
    lstm_encoder: 0.013365
    lstm_decoder: 0.016378
    output_layer: 0.864397
  Regime gate grads (epoch avg): tensor([[-0.1312, -0.0056],
        [-0.1843, -0.0796]])
  VSN output std:
    encoder: 0.248015
  Attention entropy: 2.079240
  Regime attention gates: [[0.5031417012214661, 0.49704861640930176], [0.5021716356277466, 0.5048698782920837]]
  Saved to: experiments/07b_regime_attention_sweep/rolling_enc8_gs500_vix25/fold_2020/collapse_monitoring/collapse_monitor_latest.json
[DEBUG CollapseMonitor] on_validation_epoch_start called for epoch 11
[DEBUG CollapseMonitor] reset_temporal_state() called on loss function
Epoch 11: val_loss=0.7540355920791626
Epoch 11: train_loss=1.0923547744750977

[CollapseMonitor] Epoch 11
  [DEBUG] Processed 2 batches from val_dataloader
  [DEBUG] Predictions shape after concat: (44,)
  [DEBUG] All predictions list length: 2
  [DEBUG] First batch shape: (32,)
  Pred std: 0.007523, range: 0.025621, mean: 0.325466
  Pos: 100.0%, Neg: 0.0%, Unique: 44
  Dir Acc: 61.36%, Pred Sharpe: 686.7725
  Composite: 0.4951 (dist_match: 0.6136, actual_pos: 61.4%, pred_pos: 100.0%)
  Collapse penalty: 0.000000 (threshold: 0.005000)
  Regime distribution: {'regime_0_fraction': 1.0, 'regime_1_fraction': 0.0}
  Regime gates: {'mean': 0.5001800060272217, 'std': 0.0031174705363810062, 'min': 0.4971281588077545, 'max': 0.5032318234443665}
  Saved validation predictions to: experiments/07b_regime_attention_sweep/rolling_enc8_gs500_vix25/fold_2020/collapse_monitoring/val_predictions_epoch11.npy
  Gradient norms:
    lstm_encoder: 0.013191
    lstm_decoder: 0.017542
    output_layer: 0.785429
  Regime gate grads (epoch avg): tensor([[-0.4594, -0.5246],
        [-0.0504, -0.0651]])
  VSN output std:
    encoder: 0.248099
  Attention entropy: 2.079265
  Regime attention gates: [[0.5032318234443665, 0.4971281588077545], [0.5022290349006653, 0.5049004554748535]]
  Saved to: experiments/07b_regime_attention_sweep/rolling_enc8_gs500_vix25/fold_2020/collapse_monitoring/collapse_monitor_latest.json
[DEBUG CollapseMonitor] on_validation_epoch_start called for epoch 12
[DEBUG CollapseMonitor] reset_temporal_state() called on loss function
Epoch 12: val_loss=0.7299917340278625
Epoch 12: train_loss=1.0743104219436646

[CollapseMonitor] Epoch 12
  [DEBUG] Processed 2 batches from val_dataloader
  [DEBUG] Predictions shape after concat: (44,)
  [DEBUG] All predictions list length: 2
  [DEBUG] First batch shape: (32,)
  Pred std: 0.007330, range: 0.025103, mean: 0.308091
  Pos: 100.0%, Neg: 0.0%, Unique: 44
  Dir Acc: 61.36%, Pred Sharpe: 667.2363
  Composite: 0.4951 (dist_match: 0.6136, actual_pos: 61.4%, pred_pos: 100.0%)
  Collapse penalty: 0.000000 (threshold: 0.005000)
  Regime distribution: {'regime_0_fraction': 1.0, 'regime_1_fraction': 0.0}
  Regime gates: {'mean': 0.5002883076667786, 'std': 0.003092826809734106, 'min': 0.4972606301307678, 'max': 0.5033160448074341}
  Saved validation predictions to: experiments/07b_regime_attention_sweep/rolling_enc8_gs500_vix25/fold_2020/collapse_monitoring/val_predictions_epoch12.npy
  Gradient norms:
    lstm_encoder: 0.012130
    lstm_decoder: 0.015003
    output_layer: 0.768044
  Regime gate grads (epoch avg): tensor([[ 0.1610, -0.0736],
        [-0.0640, -0.0812]])
  VSN output std:
    encoder: 0.248334
  Attention entropy: 2.079293
  Regime attention gates: [[0.5033160448074341, 0.4972606301307678], [0.5022888779640198, 0.5049727559089661]]
  Saved to: experiments/07b_regime_attention_sweep/rolling_enc8_gs500_vix25/fold_2020/collapse_monitoring/collapse_monitor_latest.json
[DEBUG CollapseMonitor] on_validation_epoch_start called for epoch 13
[DEBUG CollapseMonitor] reset_temporal_state() called on loss function
Epoch 13: val_loss=0.7152699828147888
Epoch 13: train_loss=1.0355428457260132

[CollapseMonitor] Epoch 13
  [DEBUG] Processed 2 batches from val_dataloader
  [DEBUG] Predictions shape after concat: (44,)
  [DEBUG] All predictions list length: 2
  [DEBUG] First batch shape: (32,)
  Pred std: 0.007122, range: 0.024481, mean: 0.303197
  Pos: 100.0%, Neg: 0.0%, Unique: 44
  Dir Acc: 61.36%, Pred Sharpe: 675.7719
  Composite: 0.4951 (dist_match: 0.6136, actual_pos: 61.4%, pred_pos: 100.0%)
  Collapse penalty: 0.000000 (threshold: 0.005000)
  Regime distribution: {'regime_0_fraction': 1.0, 'regime_1_fraction': 0.0}
  Regime gates: {'mean': 0.5003065466880798, 'std': 0.0030665236990898848, 'min': 0.49730461835861206, 'max': 0.5033085346221924}
  Saved validation predictions to: experiments/07b_regime_attention_sweep/rolling_enc8_gs500_vix25/fold_2020/collapse_monitoring/val_predictions_epoch13.npy
  Gradient norms:
    lstm_encoder: 0.011702
    lstm_decoder: 0.014472
    output_layer: 0.679113
  Regime gate grads (epoch avg): tensor([[ 0.2745, -0.0890],
        [ 0.0101, -0.1127]])
  VSN output std:
    encoder: 0.248358
  Attention entropy: 2.079302
  Regime attention gates: [[0.5033085346221924, 0.49730461835861206], [0.5022945404052734, 0.5050401091575623]]
  Saved to: experiments/07b_regime_attention_sweep/rolling_enc8_gs500_vix25/fold_2020/collapse_monitoring/collapse_monitor_latest.json
[DEBUG CollapseMonitor] on_validation_epoch_start called for epoch 14
[DEBUG CollapseMonitor] reset_temporal_state() called on loss function
Epoch 14: val_loss=0.7029359340667725
Epoch 14: train_loss=1.016222357749939

[CollapseMonitor] Epoch 14
  [DEBUG] Processed 2 batches from val_dataloader
  [DEBUG] Predictions shape after concat: (44,)
  [DEBUG] All predictions list length: 2
  [DEBUG] First batch shape: (32,)
  Pred std: 0.006947, range: 0.023960, mean: 0.301524
  Pos: 100.0%, Neg: 0.0%, Unique: 44
  Dir Acc: 61.36%, Pred Sharpe: 689.0421
  Composite: 0.4951 (dist_match: 0.6136, actual_pos: 61.4%, pred_pos: 100.0%)
  Collapse penalty: 0.000000 (threshold: 0.005000)
  Regime distribution: {'regime_0_fraction': 1.0, 'regime_1_fraction': 0.0}
  Regime gates: {'mean': 0.5003254413604736, 'std': 0.0030282868538051844, 'min': 0.4973609447479248, 'max': 0.5032899975776672}
  Saved validation predictions to: experiments/07b_regime_attention_sweep/rolling_enc8_gs500_vix25/fold_2020/collapse_monitoring/val_predictions_epoch14.npy
  Gradient norms:
    lstm_encoder: 0.011931
    lstm_decoder: 0.013612
    output_layer: 0.651954
  Regime gate grads (epoch avg): tensor([[-0.0724, -0.0182],
        [-0.2294, -0.1039]])
  VSN output std:
    encoder: 0.248607
  Attention entropy: 2.079307
  Regime attention gates: [[0.5032899975776672, 0.4973609447479248], [0.5023950934410095, 0.5051000714302063]]
  Saved to: experiments/07b_regime_attention_sweep/rolling_enc8_gs500_vix25/fold_2020/collapse_monitoring/collapse_monitor_latest.json
[DEBUG CollapseMonitor] on_validation_epoch_start called for epoch 15
[DEBUG CollapseMonitor] reset_temporal_state() called on loss function
Epoch 15: val_loss=0.6864804625511169
Epoch 15: train_loss=0.9955012798309326

[CollapseMonitor] Epoch 15
  [DEBUG] Processed 2 batches from val_dataloader
  [DEBUG] Predictions shape after concat: (44,)
  [DEBUG] All predictions list length: 2
  [DEBUG] First batch shape: (32,)
  Pred std: 0.006688, range: 0.023164, mean: 0.254813
  Pos: 100.0%, Neg: 0.0%, Unique: 44
  Dir Acc: 61.36%, Pred Sharpe: 604.8436
  Composite: 0.4951 (dist_match: 0.6136, actual_pos: 61.4%, pred_pos: 100.0%)
  Collapse penalty: 0.000000 (threshold: 0.005000)
  Regime distribution: {'regime_0_fraction': 1.0, 'regime_1_fraction': 0.0}
  Regime gates: {'mean': 0.5002767443656921, 'std': 0.0029710382223129272, 'min': 0.49736830592155457, 'max': 0.5031852722167969}
  Saved validation predictions to: experiments/07b_regime_attention_sweep/rolling_enc8_gs500_vix25/fold_2020/collapse_monitoring/val_predictions_epoch15.npy
  Gradient norms:
    lstm_encoder: 0.010356
    lstm_decoder: 0.010634
    output_layer: 0.537581
  Regime gate grads (epoch avg): tensor([[ 0.3967,  0.1999],
        [-0.1344, -0.2058]])
  VSN output std:
    encoder: 0.248223
  Attention entropy: 2.079302
  Regime attention gates: [[0.5031852722167969, 0.49736830592155457], [0.502541184425354, 0.505275309085846]]
  Saved to: experiments/07b_regime_attention_sweep/rolling_enc8_gs500_vix25/fold_2020/collapse_monitoring/collapse_monitor_latest.json
[DEBUG CollapseMonitor] on_validation_epoch_start called for epoch 16
[DEBUG CollapseMonitor] reset_temporal_state() called on loss function
Epoch 16: val_loss=0.6759935617446899
Epoch 16: train_loss=0.9753506779670715

[CollapseMonitor] Epoch 16
  [DEBUG] Processed 2 batches from val_dataloader
  [DEBUG] Predictions shape after concat: (44,)
  [DEBUG] All predictions list length: 2
  [DEBUG] First batch shape: (32,)
  Pred std: 0.006518, range: 0.022652, mean: 0.242322
  Pos: 100.0%, Neg: 0.0%, Unique: 44
  Dir Acc: 61.36%, Pred Sharpe: 590.1867
  Composite: 0.4951 (dist_match: 0.6136, actual_pos: 61.4%, pred_pos: 100.0%)
  Collapse penalty: 0.000000 (threshold: 0.005000)
  Regime distribution: {'regime_0_fraction': 1.0, 'regime_1_fraction': 0.0}
  Regime gates: {'mean': 0.5001882314682007, 'std': 0.002972210291773081, 'min': 0.49727863073349, 'max': 0.5030978918075562}
  Saved validation predictions to: experiments/07b_regime_attention_sweep/rolling_enc8_gs500_vix25/fold_2020/collapse_monitoring/val_predictions_epoch16.npy
  Gradient norms:
    lstm_encoder: 0.008922
    lstm_decoder: 0.010335
    output_layer: 0.493424
  Regime gate grads (epoch avg): tensor([[ 0.2396,  0.3986],
        [-0.1223, -0.1162]])
  VSN output std:
    encoder: 0.247896
  Attention entropy: 2.079295
  Regime attention gates: [[0.5030978918075562, 0.49727863073349], [0.5026598572731018, 0.5054110288619995]]
  Saved to: experiments/07b_regime_attention_sweep/rolling_enc8_gs500_vix25/fold_2020/collapse_monitoring/collapse_monitor_latest.json
[DEBUG CollapseMonitor] on_validation_epoch_start called for epoch 17
[DEBUG CollapseMonitor] reset_temporal_state() called on loss function
Epoch 17: val_loss=0.6681545972824097
Epoch 17: train_loss=0.9657498598098755

[CollapseMonitor] Epoch 17
  [DEBUG] Processed 2 batches from val_dataloader
  [DEBUG] Predictions shape after concat: (44,)
  [DEBUG] All predictions list length: 2
  [DEBUG] First batch shape: (32,)
  Pred std: 0.006349, range: 0.022136, mean: 0.252443
  Pos: 100.0%, Neg: 0.0%, Unique: 44
  Dir Acc: 61.36%, Pred Sharpe: 631.1687
  Composite: 0.4951 (dist_match: 0.6136, actual_pos: 61.4%, pred_pos: 100.0%)
  Collapse penalty: 0.000000 (threshold: 0.005000)
  Regime distribution: {'regime_0_fraction': 1.0, 'regime_1_fraction': 0.0}
  Regime gates: {'mean': 0.5001320242881775, 'std': 0.002954948926344514, 'min': 0.49723929166793823, 'max': 0.5030247569084167}
  Saved validation predictions to: experiments/07b_regime_attention_sweep/rolling_enc8_gs500_vix25/fold_2020/collapse_monitoring/val_predictions_epoch17.npy
  Gradient norms:
    lstm_encoder: 0.008903
    lstm_decoder: 0.009753
    output_layer: 0.472572
  Regime gate grads (epoch avg): tensor([[ 0.0765, -0.0573],
        [ 0.0763,  0.0069]])
  VSN output std:
    encoder: 0.247759
  Attention entropy: 2.079290
  Regime attention gates: [[0.5030247569084167, 0.49723929166793823], [0.5027264952659607, 0.5055025219917297]]
  Saved to: experiments/07b_regime_attention_sweep/rolling_enc8_gs500_vix25/fold_2020/collapse_monitoring/collapse_monitor_latest.json
[DEBUG CollapseMonitor] on_validation_epoch_start called for epoch 18
[DEBUG CollapseMonitor] reset_temporal_state() called on loss function
Epoch 18: val_loss=0.6615038514137268
Epoch 18: train_loss=0.93766188621521

[CollapseMonitor] Epoch 18
  [DEBUG] Processed 2 batches from val_dataloader
  [DEBUG] Predictions shape after concat: (44,)
  [DEBUG] All predictions list length: 2
  [DEBUG] First batch shape: (32,)
  Pred std: 0.006311, range: 0.021903, mean: 0.261650
  Pos: 100.0%, Neg: 0.0%, Unique: 44
  Dir Acc: 61.36%, Pred Sharpe: 658.1362
  Composite: 0.4951 (dist_match: 0.6136, actual_pos: 61.4%, pred_pos: 100.0%)
  Collapse penalty: 0.000000 (threshold: 0.005000)
  Regime distribution: {'regime_0_fraction': 1.0, 'regime_1_fraction': 0.0}
  Regime gates: {'mean': 0.5000742077827454, 'std': 0.0029516154900193214, 'min': 0.49718472361564636, 'max': 0.502963662147522}
  Saved validation predictions to: experiments/07b_regime_attention_sweep/rolling_enc8_gs500_vix25/fold_2020/collapse_monitoring/val_predictions_epoch18.npy
  Gradient norms:
    lstm_encoder: 0.009466
    lstm_decoder: 0.010485
    output_layer: 0.434082
  Regime gate grads (epoch avg): tensor([[ 0.3109,  0.3753],
        [-0.1042, -0.0265]])
  VSN output std:
    encoder: 0.247572
  Attention entropy: 2.079279
  Regime attention gates: [[0.502963662147522, 0.49718472361564636], [0.5028280019760132, 0.5056026577949524]]
  Saved to: experiments/07b_regime_attention_sweep/rolling_enc8_gs500_vix25/fold_2020/collapse_monitoring/collapse_monitor_latest.json
[DEBUG CollapseMonitor] on_validation_epoch_start called for epoch 19
[DEBUG CollapseMonitor] reset_temporal_state() called on loss function
Epoch 19: val_loss=0.6584672927856445
Epoch 19: train_loss=0.9428537487983704

[CollapseMonitor] Epoch 19
  [DEBUG] Processed 2 batches from val_dataloader
  [DEBUG] Predictions shape after concat: (44,)
  [DEBUG] All predictions list length: 2
  [DEBUG] First batch shape: (32,)
  Pred std: 0.006196, range: 0.021527, mean: 0.272945
  Pos: 100.0%, Neg: 0.0%, Unique: 43
  Dir Acc: 61.36%, Pred Sharpe: 699.2685
  Composite: 0.4951 (dist_match: 0.6136, actual_pos: 61.4%, pred_pos: 100.0%)
  Collapse penalty: 0.000000 (threshold: 0.005000)
  Regime distribution: {'regime_0_fraction': 1.0, 'regime_1_fraction': 0.0}
  Regime gates: {'mean': 0.4999500811100006, 'std': 0.002970703411847353, 'min': 0.4970419108867645, 'max': 0.5028582215309143}
  Saved validation predictions to: experiments/07b_regime_attention_sweep/rolling_enc8_gs500_vix25/fold_2020/collapse_monitoring/val_predictions_epoch19.npy
  Gradient norms:
    lstm_encoder: 0.008858
    lstm_decoder: 0.009385
    output_layer: 0.399480
  Regime gate grads (epoch avg): tensor([[ 0.2200,  0.2970],
        [-0.1922, -0.0442]])
  VSN output std:
    encoder: 0.247319
  Attention entropy: 2.079273
  Regime attention gates: [[0.5028582215309143, 0.4970419108867645], [0.5029773712158203, 0.5056537389755249]]
  Saved to: experiments/07b_regime_attention_sweep/rolling_enc8_gs500_vix25/fold_2020/collapse_monitoring/collapse_monitor_latest.json
[DEBUG CollapseMonitor] on_validation_epoch_start called for epoch 20
[DEBUG CollapseMonitor] reset_temporal_state() called on loss function
Epoch 20: val_loss=0.6565836071968079
Epoch 20: train_loss=0.9299024343490601

[CollapseMonitor] Epoch 20
  [DEBUG] Processed 2 batches from val_dataloader
  [DEBUG] Predictions shape after concat: (44,)
  [DEBUG] All predictions list length: 2
  [DEBUG] First batch shape: (32,)
  Pred std: 0.006188, range: 0.021410, mean: 0.257184
  Pos: 100.0%, Neg: 0.0%, Unique: 44
  Dir Acc: 61.36%, Pred Sharpe: 659.7257
  Composite: 0.4951 (dist_match: 0.6136, actual_pos: 61.4%, pred_pos: 100.0%)
  Collapse penalty: 0.000000 (threshold: 0.005000)
  Regime distribution: {'regime_0_fraction': 1.0, 'regime_1_fraction': 0.0}
  Regime gates: {'mean': 0.4998682737350464, 'std': 0.0029624532908201218, 'min': 0.49696817994117737, 'max': 0.502768337726593}
  Saved validation predictions to: experiments/07b_regime_attention_sweep/rolling_enc8_gs500_vix25/fold_2020/collapse_monitoring/val_predictions_epoch20.npy
  Gradient norms:
    lstm_encoder: 0.008296
    lstm_decoder: 0.008980
    output_layer: 0.370990
  Regime gate grads (epoch avg): tensor([[ 0.2965,  0.2144],
        [-0.0076,  0.0168]])
  VSN output std:
    encoder: 0.247016
  Attention entropy: 2.079263
  Regime attention gates: [[0.502768337726593, 0.49696817994117737], [0.5030918121337891, 0.5056676864624023]]
  Saved to: experiments/07b_regime_attention_sweep/rolling_enc8_gs500_vix25/fold_2020/collapse_monitoring/collapse_monitor_latest.json
[DEBUG CollapseMonitor] on_validation_epoch_start called for epoch 21
[DEBUG CollapseMonitor] reset_temporal_state() called on loss function
Epoch 21: val_loss=0.6549515724182129
Epoch 21: train_loss=0.9256690144538879

[CollapseMonitor] Epoch 21
  [DEBUG] Processed 2 batches from val_dataloader
  [DEBUG] Predictions shape after concat: (44,)
  [DEBUG] All predictions list length: 2
  [DEBUG] First batch shape: (32,)
  Pred std: 0.006139, range: 0.021191, mean: 0.214057
  Pos: 100.0%, Neg: 0.0%, Unique: 44
  Dir Acc: 61.36%, Pred Sharpe: 553.4821
  Composite: 0.4951 (dist_match: 0.6136, actual_pos: 61.4%, pred_pos: 100.0%)
  Collapse penalty: 0.000000 (threshold: 0.005000)
  Regime distribution: {'regime_0_fraction': 1.0, 'regime_1_fraction': 0.0}
  Regime gates: {'mean': 0.4996914565563202, 'std': 0.002918584505096078, 'min': 0.49683430790901184, 'max': 0.5025485754013062}
  Saved validation predictions to: experiments/07b_regime_attention_sweep/rolling_enc8_gs500_vix25/fold_2020/collapse_monitoring/val_predictions_epoch21.npy
  Gradient norms:
    lstm_encoder: 0.008305
    lstm_decoder: 0.008720
    output_layer: 0.343241
  Regime gate grads (epoch avg): tensor([[ 0.3158,  0.2172],
        [-0.0436, -0.0127]])
  VSN output std:
    encoder: 0.246817
  Attention entropy: 2.079235
  Regime attention gates: [[0.5025485754013062, 0.49683430790901184], [0.5031806826591492, 0.5056983828544617]]
  Saved to: experiments/07b_regime_attention_sweep/rolling_enc8_gs500_vix25/fold_2020/collapse_monitoring/collapse_monitor_latest.json
[DEBUG CollapseMonitor] on_validation_epoch_start called for epoch 22
[DEBUG CollapseMonitor] reset_temporal_state() called on loss function
Epoch 22: val_loss=0.6545270681381226
Epoch 22: train_loss=0.924807071685791

[CollapseMonitor] Epoch 22
  [DEBUG] Processed 2 batches from val_dataloader
  [DEBUG] Predictions shape after concat: (44,)
  [DEBUG] All predictions list length: 2
  [DEBUG] First batch shape: (32,)
  Pred std: 0.006231, range: 0.021360, mean: 0.204742
  Pos: 100.0%, Neg: 0.0%, Unique: 44
  Dir Acc: 61.36%, Pred Sharpe: 521.6042
  Composite: 0.4951 (dist_match: 0.6136, actual_pos: 61.4%, pred_pos: 100.0%)
  Collapse penalty: 0.000000 (threshold: 0.005000)
  Regime distribution: {'regime_0_fraction': 1.0, 'regime_1_fraction': 0.0}
  Regime gates: {'mean': 0.49963870644569397, 'std': 0.002913043834269047, 'min': 0.4967869818210602, 'max': 0.5024904012680054}
  Saved validation predictions to: experiments/07b_regime_attention_sweep/rolling_enc8_gs500_vix25/fold_2020/collapse_monitoring/val_predictions_epoch22.npy
  Gradient norms:
    lstm_encoder: 0.008519
    lstm_decoder: 0.009752
    output_layer: 0.360873
  Regime gate grads (epoch avg): tensor([[ 0.1663,  0.0346],
        [ 0.0191, -0.1128]])
  VSN output std:
    encoder: 0.247080
  Attention entropy: 2.079220
  Regime attention gates: [[0.5024904012680054, 0.4967869818210602], [0.5032162666320801, 0.5057785511016846]]
  Saved to: experiments/07b_regime_attention_sweep/rolling_enc8_gs500_vix25/fold_2020/collapse_monitoring/collapse_monitor_latest.json
[DEBUG CollapseMonitor] on_validation_epoch_start called for epoch 23
[DEBUG CollapseMonitor] reset_temporal_state() called on loss function
Epoch 23: val_loss=0.6532862782478333
Epoch 23: train_loss=0.9101279377937317

[CollapseMonitor] Epoch 23
  [DEBUG] Processed 2 batches from val_dataloader
  [DEBUG] Predictions shape after concat: (44,)
  [DEBUG] All predictions list length: 2
  [DEBUG] First batch shape: (32,)
  Pred std: 0.006233, range: 0.021264, mean: 0.250845
  Pos: 100.0%, Neg: 0.0%, Unique: 44
  Dir Acc: 61.36%, Pred Sharpe: 638.8214
  Composite: 0.4951 (dist_match: 0.6136, actual_pos: 61.4%, pred_pos: 100.0%)
  Collapse penalty: 0.000000 (threshold: 0.005000)
  Regime distribution: {'regime_0_fraction': 1.0, 'regime_1_fraction': 0.0}
  Regime gates: {'mean': 0.4995618760585785, 'std': 0.002895051846280694, 'min': 0.4967277944087982, 'max': 0.5023959875106812}
  Saved validation predictions to: experiments/07b_regime_attention_sweep/rolling_enc8_gs500_vix25/fold_2020/collapse_monitoring/val_predictions_epoch23.npy
  Gradient norms:
    lstm_encoder: 0.007798
    lstm_decoder: 0.008051
    output_layer: 0.318608
  Regime gate grads (epoch avg): tensor([[ 3.8302e-02,  1.2659e-01],
        [-1.1293e-01, -1.1612e-04]])
  VSN output std:
    encoder: 0.247106
  Attention entropy: 2.079221
  Regime attention gates: [[0.5023959875106812, 0.4967277944087982], [0.5032826066017151, 0.5058193206787109]]
  Saved to: experiments/07b_regime_attention_sweep/rolling_enc8_gs500_vix25/fold_2020/collapse_monitoring/collapse_monitor_latest.json
[DEBUG CollapseMonitor] on_validation_epoch_start called for epoch 24
[DEBUG CollapseMonitor] reset_temporal_state() called on loss function
Epoch 24: val_loss=0.6527847647666931
Epoch 24: train_loss=0.9080856442451477

[CollapseMonitor] Epoch 24
  [DEBUG] Processed 2 batches from val_dataloader
  [DEBUG] Predictions shape after concat: (44,)
  [DEBUG] All predictions list length: 2
  [DEBUG] First batch shape: (32,)
  Pred std: 0.006165, range: 0.020960, mean: 0.254579
  Pos: 100.0%, Neg: 0.0%, Unique: 44
  Dir Acc: 61.36%, Pred Sharpe: 655.5538
  Composite: 0.4951 (dist_match: 0.6136, actual_pos: 61.4%, pred_pos: 100.0%)
  Collapse penalty: 0.000000 (threshold: 0.005000)
  Regime distribution: {'regime_0_fraction': 1.0, 'regime_1_fraction': 0.0}
  Regime gates: {'mean': 0.499480277299881, 'std': 0.0028953105211257935, 'min': 0.4966459274291992, 'max': 0.5023146271705627}
  Saved validation predictions to: experiments/07b_regime_attention_sweep/rolling_enc8_gs500_vix25/fold_2020/collapse_monitoring/val_predictions_epoch24.npy
  Gradient norms:
    lstm_encoder: 0.007942
    lstm_decoder: 0.008723
    output_layer: 0.297709
  Regime gate grads (epoch avg): tensor([[ 0.3168,  0.3054],
        [-0.1286, -0.1122]])
  VSN output std:
    encoder: 0.247254
  Attention entropy: 2.079202
  Regime attention gates: [[0.5023146271705627, 0.4966459274291992], [0.5034075975418091, 0.5058947801589966]]
  Saved to: experiments/07b_regime_attention_sweep/rolling_enc8_gs500_vix25/fold_2020/collapse_monitoring/collapse_monitor_latest.json
[DEBUG CollapseMonitor] on_validation_epoch_start called for epoch 25
[DEBUG CollapseMonitor] reset_temporal_state() called on loss function
Epoch 25: val_loss=0.6525654196739197
Epoch 25: train_loss=0.8981027007102966

[CollapseMonitor] Epoch 25
  [DEBUG] Processed 2 batches from val_dataloader
  [DEBUG] Predictions shape after concat: (44,)
  [DEBUG] All predictions list length: 2
  [DEBUG] First batch shape: (32,)
  Pred std: 0.006240, range: 0.021087, mean: 0.258612
  Pos: 100.0%, Neg: 0.0%, Unique: 44
  Dir Acc: 61.36%, Pred Sharpe: 657.8788
  Composite: 0.4951 (dist_match: 0.6136, actual_pos: 61.4%, pred_pos: 100.0%)
  Collapse penalty: 0.000000 (threshold: 0.005000)
  Regime distribution: {'regime_0_fraction': 1.0, 'regime_1_fraction': 0.0}
  Regime gates: {'mean': 0.4993813931941986, 'std': 0.0028957673348486423, 'min': 0.49654656648635864, 'max': 0.5022161602973938}
  Saved validation predictions to: experiments/07b_regime_attention_sweep/rolling_enc8_gs500_vix25/fold_2020/collapse_monitoring/val_predictions_epoch25.npy
  Gradient norms:
    lstm_encoder: 0.007748
    lstm_decoder: 0.008371
    output_layer: 0.322135
  Regime gate grads (epoch avg): tensor([[ 0.0850,  0.1318],
        [-0.0416, -0.0903]])
  VSN output std:
    encoder: 0.247145
  Attention entropy: 2.079185
  Regime attention gates: [[0.5022161602973938, 0.49654656648635864], [0.5035022497177124, 0.5060107707977295]]
  Saved to: experiments/07b_regime_attention_sweep/rolling_enc8_gs500_vix25/fold_2020/collapse_monitoring/collapse_monitor_latest.json
[DEBUG CollapseMonitor] on_validation_epoch_start called for epoch 26
[DEBUG CollapseMonitor] reset_temporal_state() called on loss function
Epoch 26: val_loss=0.6524882912635803
Epoch 26: train_loss=0.9054570198059082

[CollapseMonitor] Epoch 26
  [DEBUG] Processed 2 batches from val_dataloader
  [DEBUG] Predictions shape after concat: (44,)
  [DEBUG] All predictions list length: 2
  [DEBUG] First batch shape: (32,)
  Pred std: 0.006397, range: 0.021441, mean: 0.265950
  Pos: 100.0%, Neg: 0.0%, Unique: 44
  Dir Acc: 61.36%, Pred Sharpe: 659.9962
  Composite: 0.4951 (dist_match: 0.6136, actual_pos: 61.4%, pred_pos: 100.0%)
  Collapse penalty: 0.000000 (threshold: 0.005000)
  Regime distribution: {'regime_0_fraction': 1.0, 'regime_1_fraction': 0.0}
  Regime gates: {'mean': 0.4992586672306061, 'std': 0.002893134020268917, 'min': 0.49642643332481384, 'max': 0.5020908713340759}
  Saved validation predictions to: experiments/07b_regime_attention_sweep/rolling_enc8_gs500_vix25/fold_2020/collapse_monitoring/val_predictions_epoch26.npy
  Gradient norms:
    lstm_encoder: 0.007365
    lstm_decoder: 0.007385
    output_layer: 0.261193
  Regime gate grads (epoch avg): tensor([[ 0.1339,  0.2405],
        [-0.1204, -0.1531]])
  VSN output std:
    encoder: 0.247316
  Attention entropy: 2.079161
  Regime attention gates: [[0.5020908713340759, 0.49642643332481384], [0.5036488771438599, 0.5062397718429565]]
  Saved to: experiments/07b_regime_attention_sweep/rolling_enc8_gs500_vix25/fold_2020/collapse_monitoring/collapse_monitor_latest.json
[DEBUG CollapseMonitor] on_validation_epoch_start called for epoch 27
[DEBUG CollapseMonitor] reset_temporal_state() called on loss function
Epoch 27: val_loss=0.6516777276992798
Epoch 27: train_loss=0.8994821906089783

[CollapseMonitor] Epoch 27
  [DEBUG] Processed 2 batches from val_dataloader
  [DEBUG] Predictions shape after concat: (44,)
  [DEBUG] All predictions list length: 2
  [DEBUG] First batch shape: (32,)
  Pred std: 0.006555, range: 0.021887, mean: 0.249301
  Pos: 100.0%, Neg: 0.0%, Unique: 44
  Dir Acc: 61.36%, Pred Sharpe: 603.7284
  Composite: 0.4951 (dist_match: 0.6136, actual_pos: 61.4%, pred_pos: 100.0%)
  Collapse penalty: 0.000000 (threshold: 0.005000)
  Regime distribution: {'regime_0_fraction': 1.0, 'regime_1_fraction': 0.0}
  Regime gates: {'mean': 0.49911466240882874, 'std': 0.002872660756111145, 'min': 0.4963024854660034, 'max': 0.501926839351654}
  Saved validation predictions to: experiments/07b_regime_attention_sweep/rolling_enc8_gs500_vix25/fold_2020/collapse_monitoring/val_predictions_epoch27.npy
  Gradient norms:
    lstm_encoder: 0.007901
    lstm_decoder: 0.008177
    output_layer: 0.311037
  Regime gate grads (epoch avg): tensor([[ 0.3006,  0.0916],
        [-0.1625, -0.1513]])
  VSN output std:
    encoder: 0.247422
  Attention entropy: 2.079142
  Regime attention gates: [[0.501926839351654, 0.4963024854660034], [0.5038845539093018, 0.5065063238143921]]
  Saved to: experiments/07b_regime_attention_sweep/rolling_enc8_gs500_vix25/fold_2020/collapse_monitoring/collapse_monitor_latest.json
[DEBUG CollapseMonitor] on_validation_epoch_start called for epoch 28
[DEBUG CollapseMonitor] reset_temporal_state() called on loss function
Epoch 28: val_loss=0.6510019898414612
Epoch 28: train_loss=0.9024220705032349

[CollapseMonitor] Epoch 28
  [DEBUG] Processed 2 batches from val_dataloader
  [DEBUG] Predictions shape after concat: (44,)
  [DEBUG] All predictions list length: 2
  [DEBUG] First batch shape: (32,)
  Pred std: 0.006600, range: 0.022038, mean: 0.255673
  Pos: 100.0%, Neg: 0.0%, Unique: 44
  Dir Acc: 61.36%, Pred Sharpe: 614.9240
  Composite: 0.4951 (dist_match: 0.6136, actual_pos: 61.4%, pred_pos: 100.0%)
  Collapse penalty: 0.000000 (threshold: 0.005000)
  Regime distribution: {'regime_0_fraction': 1.0, 'regime_1_fraction': 0.0}
  Regime gates: {'mean': 0.49899348616600037, 'std': 0.002838335931301117, 'min': 0.496214896440506, 'max': 0.5017720460891724}
  Saved validation predictions to: experiments/07b_regime_attention_sweep/rolling_enc8_gs500_vix25/fold_2020/collapse_monitoring/val_predictions_epoch28.npy
  Gradient norms:
    lstm_encoder: 0.008172
    lstm_decoder: 0.008351
    output_layer: 0.289509
  Regime gate grads (epoch avg): tensor([[ 0.1982,  0.1407],
        [-0.1311, -0.1448]])
  VSN output std:
    encoder: 0.247287
  Attention entropy: 2.079127
  Regime attention gates: [[0.5017720460891724, 0.496214896440506], [0.5041059255599976, 0.5067536234855652]]
  Saved to: experiments/07b_regime_attention_sweep/rolling_enc8_gs500_vix25/fold_2020/collapse_monitoring/collapse_monitor_latest.json
[DEBUG CollapseMonitor] on_validation_epoch_start called for epoch 29
[DEBUG CollapseMonitor] reset_temporal_state() called on loss function
Epoch 29: val_loss=0.6508972644805908
Epoch 29: train_loss=0.9045129418373108

[CollapseMonitor] Epoch 29
  [DEBUG] Processed 2 batches from val_dataloader
  [DEBUG] Predictions shape after concat: (44,)
  [DEBUG] All predictions list length: 2
  [DEBUG] First batch shape: (32,)
  Pred std: 0.006647, range: 0.022196, mean: 0.254034
  Pos: 100.0%, Neg: 0.0%, Unique: 44
  Dir Acc: 61.36%, Pred Sharpe: 606.6449
  Composite: 0.4951 (dist_match: 0.6136, actual_pos: 61.4%, pred_pos: 100.0%)
  Collapse penalty: 0.000000 (threshold: 0.005000)
  Regime distribution: {'regime_0_fraction': 1.0, 'regime_1_fraction': 0.0}
  Regime gates: {'mean': 0.49882379174232483, 'std': 0.00278422306291759, 'min': 0.49609822034835815, 'max': 0.5015494227409363}
  Saved validation predictions to: experiments/07b_regime_attention_sweep/rolling_enc8_gs500_vix25/fold_2020/collapse_monitoring/val_predictions_epoch29.npy
  Gradient norms:
    lstm_encoder: 0.007352
    lstm_decoder: 0.007915
    output_layer: 0.276737
  Regime gate grads (epoch avg): tensor([[ 0.2912,  0.1455],
        [-0.0800, -0.0341]])
  VSN output std:
    encoder: 0.247054
  Attention entropy: 2.079122
  Regime attention gates: [[0.5015494227409363, 0.49609822034835815], [0.5042524337768555, 0.5068721771240234]]
  Saved to: experiments/07b_regime_attention_sweep/rolling_enc8_gs500_vix25/fold_2020/collapse_monitoring/collapse_monitor_latest.json
[DEBUG CollapseMonitor] on_validation_epoch_start called for epoch 30
[DEBUG CollapseMonitor] reset_temporal_state() called on loss function
Epoch 30: val_loss=0.6509530544281006
Epoch 30: train_loss=0.893817663192749

[CollapseMonitor] Epoch 30
  [DEBUG] Processed 2 batches from val_dataloader
  [DEBUG] Predictions shape after concat: (44,)
  [DEBUG] All predictions list length: 2
  [DEBUG] First batch shape: (32,)
  Pred std: 0.006804, range: 0.022627, mean: 0.242325
  Pos: 100.0%, Neg: 0.0%, Unique: 44
  Dir Acc: 61.36%, Pred Sharpe: 565.3324
  Composite: 0.4951 (dist_match: 0.6136, actual_pos: 61.4%, pred_pos: 100.0%)
  Collapse penalty: 0.000000 (threshold: 0.005000)
  Regime distribution: {'regime_0_fraction': 1.0, 'regime_1_fraction': 0.0}
  Regime gates: {'mean': 0.4986465275287628, 'std': 0.0026833948213607073, 'min': 0.4960196018218994, 'max': 0.5012733936309814}
  Saved validation predictions to: experiments/07b_regime_attention_sweep/rolling_enc8_gs500_vix25/fold_2020/collapse_monitoring/val_predictions_epoch30.npy
  Gradient norms:
    lstm_encoder: 0.007157
    lstm_decoder: 0.008045
    output_layer: 0.289504
  Regime gate grads (epoch avg): tensor([[ 0.1743,  0.0605],
        [-0.1276, -0.1487]])
  VSN output std:
    encoder: 0.246915
  Attention entropy: 2.079094
  Regime attention gates: [[0.5012733936309814, 0.4960196018218994], [0.5044957399368286, 0.5071314573287964]]
  Saved to: experiments/07b_regime_attention_sweep/rolling_enc8_gs500_vix25/fold_2020/collapse_monitoring/collapse_monitor_latest.json
[DEBUG CollapseMonitor] on_validation_epoch_start called for epoch 31
[DEBUG CollapseMonitor] reset_temporal_state() called on loss function
Epoch 31: val_loss=0.650217592716217
Epoch 31: train_loss=0.8909962177276611

[CollapseMonitor] Epoch 31
  [DEBUG] Processed 2 batches from val_dataloader
  [DEBUG] Predictions shape after concat: (44,)
  [DEBUG] All predictions list length: 2
  [DEBUG] First batch shape: (32,)
  Pred std: 0.006932, range: 0.022925, mean: 0.249069
  Pos: 100.0%, Neg: 0.0%, Unique: 44
  Dir Acc: 61.36%, Pred Sharpe: 570.3803
  Composite: 0.4951 (dist_match: 0.6136, actual_pos: 61.4%, pred_pos: 100.0%)
  Collapse penalty: 0.000000 (threshold: 0.005000)
  Regime distribution: {'regime_0_fraction': 1.0, 'regime_1_fraction': 0.0}
  Regime gates: {'mean': 0.4985363185405731, 'std': 0.002666118089109659, 'min': 0.4959263503551483, 'max': 0.5011463165283203}
  Saved validation predictions to: experiments/07b_regime_attention_sweep/rolling_enc8_gs500_vix25/fold_2020/collapse_monitoring/val_predictions_epoch31.npy
  Gradient norms:
    lstm_encoder: 0.007172
    lstm_decoder: 0.007624
    output_layer: 0.269079
  Regime gate grads (epoch avg): tensor([[ 0.1662,  0.2334],
        [-0.1526, -0.1831]])
  VSN output std:
    encoder: 0.247085
  Attention entropy: 2.079090
  Regime attention gates: [[0.5011463165283203, 0.4959263503551483], [0.5046594142913818, 0.5073267817497253]]
  Saved to: experiments/07b_regime_attention_sweep/rolling_enc8_gs500_vix25/fold_2020/collapse_monitoring/collapse_monitor_latest.json
[DEBUG CollapseMonitor] on_validation_epoch_start called for epoch 32
[DEBUG CollapseMonitor] reset_temporal_state() called on loss function
Epoch 32: val_loss=0.6502748131752014
Epoch 32: train_loss=0.8925303816795349

[CollapseMonitor] Epoch 32
  [DEBUG] Processed 2 batches from val_dataloader
  [DEBUG] Predictions shape after concat: (44,)
  [DEBUG] All predictions list length: 2
  [DEBUG] First batch shape: (32,)
  Pred std: 0.006954, range: 0.022895, mean: 0.230553
  Pos: 100.0%, Neg: 0.0%, Unique: 44
  Dir Acc: 61.36%, Pred Sharpe: 526.3325
  Composite: 0.4951 (dist_match: 0.6136, actual_pos: 61.4%, pred_pos: 100.0%)
  Collapse penalty: 0.000000 (threshold: 0.005000)
  Regime distribution: {'regime_0_fraction': 1.0, 'regime_1_fraction': 0.0}
  Regime gates: {'mean': 0.4983956813812256, 'std': 0.0026404086966067553, 'min': 0.495810866355896, 'max': 0.5009804964065552}
  Saved validation predictions to: experiments/07b_regime_attention_sweep/rolling_enc8_gs500_vix25/fold_2020/collapse_monitoring/val_predictions_epoch32.npy
  Gradient norms:
    lstm_encoder: 0.008254
    lstm_decoder: 0.008248
    output_layer: 0.271110
  Regime gate grads (epoch avg): tensor([[ 0.3108,  0.2947],
        [-0.0813, -0.1641]])
  VSN output std:
    encoder: 0.247114
  Attention entropy: 2.079097
  Regime attention gates: [[0.5009804964065552, 0.495810866355896], [0.5048677325248718, 0.5076155662536621]]
  Saved to: experiments/07b_regime_attention_sweep/rolling_enc8_gs500_vix25/fold_2020/collapse_monitoring/collapse_monitor_latest.json
[DEBUG CollapseMonitor] on_validation_epoch_start called for epoch 33
[DEBUG CollapseMonitor] reset_temporal_state() called on loss function
Epoch 33: val_loss=0.6485987305641174
Epoch 33: train_loss=0.8886292576789856

[CollapseMonitor] Epoch 33
  [DEBUG] Processed 2 batches from val_dataloader
  [DEBUG] Predictions shape after concat: (44,)
  [DEBUG] All predictions list length: 2
  [DEBUG] First batch shape: (32,)
  Pred std: 0.006988, range: 0.022909, mean: 0.269573
  Pos: 100.0%, Neg: 0.0%, Unique: 44
  Dir Acc: 61.36%, Pred Sharpe: 612.3834
  Composite: 0.4951 (dist_match: 0.6136, actual_pos: 61.4%, pred_pos: 100.0%)
  Collapse penalty: 0.000000 (threshold: 0.005000)
  Regime distribution: {'regime_0_fraction': 1.0, 'regime_1_fraction': 0.0}
  Regime gates: {'mean': 0.4981687068939209, 'std': 0.0026386582758277655, 'min': 0.4955855906009674, 'max': 0.500751793384552}
  Saved validation predictions to: experiments/07b_regime_attention_sweep/rolling_enc8_gs500_vix25/fold_2020/collapse_monitoring/val_predictions_epoch33.npy
  Gradient norms:
    lstm_encoder: 0.007707
    lstm_decoder: 0.007460
    output_layer: 0.265355
  Regime gate grads (epoch avg): tensor([[ 0.0566,  0.1094],
        [ 0.0338, -0.0608]])
  VSN output std:
    encoder: 0.246965
  Attention entropy: 2.079094
  Regime attention gates: [[0.500751793384552, 0.4955855906009674], [0.5049740076065063, 0.507876992225647]]
  Saved to: experiments/07b_regime_attention_sweep/rolling_enc8_gs500_vix25/fold_2020/collapse_monitoring/collapse_monitor_latest.json
[DEBUG CollapseMonitor] on_validation_epoch_start called for epoch 34
[DEBUG CollapseMonitor] reset_temporal_state() called on loss function
Epoch 34: val_loss=0.6478891968727112
Epoch 34: train_loss=0.8853982090950012

[CollapseMonitor] Epoch 34
  [DEBUG] Processed 2 batches from val_dataloader
  [DEBUG] Predictions shape after concat: (44,)
  [DEBUG] All predictions list length: 2
  [DEBUG] First batch shape: (32,)
  Pred std: 0.006952, range: 0.022662, mean: 0.268213
  Pos: 100.0%, Neg: 0.0%, Unique: 44
  Dir Acc: 61.36%, Pred Sharpe: 612.4437
  Composite: 0.4951 (dist_match: 0.6136, actual_pos: 61.4%, pred_pos: 100.0%)
  Collapse penalty: 0.000000 (threshold: 0.005000)
  Regime distribution: {'regime_0_fraction': 1.0, 'regime_1_fraction': 0.0}
  Regime gates: {'mean': 0.49799299240112305, 'std': 0.002626085188239813, 'min': 0.49542221426963806, 'max': 0.5005638003349304}
  Saved validation predictions to: experiments/07b_regime_attention_sweep/rolling_enc8_gs500_vix25/fold_2020/collapse_monitoring/val_predictions_epoch34.npy
  Gradient norms:
    lstm_encoder: 0.008597
    lstm_decoder: 0.008229
    output_layer: 0.298194
  Regime gate grads (epoch avg): tensor([[ 0.3313,  0.2684],
        [-0.1855, -0.1479]])
  VSN output std:
    encoder: 0.247236
  Attention entropy: 2.079104
  Regime attention gates: [[0.5005638003349304, 0.49542221426963806], [0.5051225423812866, 0.508089542388916]]
  Saved to: experiments/07b_regime_attention_sweep/rolling_enc8_gs500_vix25/fold_2020/collapse_monitoring/collapse_monitor_latest.json
[DEBUG CollapseMonitor] on_validation_epoch_start called for epoch 35
[DEBUG CollapseMonitor] reset_temporal_state() called on loss function
Epoch 35: val_loss=0.6476815938949585
Epoch 35: train_loss=0.8869162201881409

[CollapseMonitor] Epoch 35
  [DEBUG] Processed 2 batches from val_dataloader
  [DEBUG] Predictions shape after concat: (44,)
  [DEBUG] All predictions list length: 2
  [DEBUG] First batch shape: (32,)
  Pred std: 0.007070, range: 0.022846, mean: 0.260862
  Pos: 100.0%, Neg: 0.0%, Unique: 44
  Dir Acc: 61.36%, Pred Sharpe: 585.6997
  Composite: 0.4951 (dist_match: 0.6136, actual_pos: 61.4%, pred_pos: 100.0%)
  Collapse penalty: 0.000000 (threshold: 0.005000)
  Regime distribution: {'regime_0_fraction': 1.0, 'regime_1_fraction': 0.0}
  Regime gates: {'mean': 0.4978949725627899, 'std': 0.0026133903302252293, 'min': 0.4953366219997406, 'max': 0.5004533529281616}
  Saved validation predictions to: experiments/07b_regime_attention_sweep/rolling_enc8_gs500_vix25/fold_2020/collapse_monitoring/val_predictions_epoch35.npy
  Gradient norms:
    lstm_encoder: 0.008223
    lstm_decoder: 0.008294
    output_layer: 0.267786
  Regime gate grads (epoch avg): tensor([[ 0.0678,  0.0234],
        [-0.1808, -0.1148]])
  VSN output std:
    encoder: 0.247245
  Attention entropy: 2.079100
  Regime attention gates: [[0.5004533529281616, 0.4953366219997406], [0.5052831768989563, 0.5082607865333557]]
  Saved to: experiments/07b_regime_attention_sweep/rolling_enc8_gs500_vix25/fold_2020/collapse_monitoring/collapse_monitor_latest.json
[DEBUG CollapseMonitor] on_validation_epoch_start called for epoch 36
[DEBUG CollapseMonitor] reset_temporal_state() called on loss function
Epoch 36: val_loss=0.6483362317085266
Epoch 36: train_loss=0.8948941230773926

[CollapseMonitor] Epoch 36
  [DEBUG] Processed 2 batches from val_dataloader
  [DEBUG] Predictions shape after concat: (44,)
  [DEBUG] All predictions list length: 2
  [DEBUG] First batch shape: (32,)
  Pred std: 0.007373, range: 0.023529, mean: 0.225224
  Pos: 100.0%, Neg: 0.0%, Unique: 43
  Dir Acc: 61.36%, Pred Sharpe: 484.9440
  Composite: 0.4951 (dist_match: 0.6136, actual_pos: 61.4%, pred_pos: 100.0%)
  Collapse penalty: 0.000000 (threshold: 0.005000)
  Regime distribution: {'regime_0_fraction': 1.0, 'regime_1_fraction': 0.0}
  Regime gates: {'mean': 0.49777570366859436, 'std': 0.002589644631370902, 'min': 0.49524059891700745, 'max': 0.5003108382225037}
  Saved validation predictions to: experiments/07b_regime_attention_sweep/rolling_enc8_gs500_vix25/fold_2020/collapse_monitoring/val_predictions_epoch36.npy
  Gradient norms:
    lstm_encoder: 0.008241
    lstm_decoder: 0.008640
    output_layer: 0.295157
  Regime gate grads (epoch avg): tensor([[ 0.2491,  0.2309],
        [-0.0286, -0.1109]])
  VSN output std:
    encoder: 0.247126
  Attention entropy: 2.079049
  Regime attention gates: [[0.5003108382225037, 0.49524059891700745], [0.5055225491523743, 0.5085198879241943]]
  Saved to: experiments/07b_regime_attention_sweep/rolling_enc8_gs500_vix25/fold_2020/collapse_monitoring/collapse_monitor_latest.json
[DEBUG CollapseMonitor] on_validation_epoch_start called for epoch 37
[DEBUG CollapseMonitor] reset_temporal_state() called on loss function
Epoch 37: val_loss=0.6488050222396851
Epoch 37: train_loss=0.8822591304779053

[CollapseMonitor] Epoch 37
  [DEBUG] Processed 2 batches from val_dataloader
  [DEBUG] Predictions shape after concat: (44,)
  [DEBUG] All predictions list length: 2
  [DEBUG] First batch shape: (32,)
  Pred std: 0.007430, range: 0.023702, mean: 0.213900
  Pos: 100.0%, Neg: 0.0%, Unique: 44
  Dir Acc: 61.36%, Pred Sharpe: 456.9865
  Composite: 0.4951 (dist_match: 0.6136, actual_pos: 61.4%, pred_pos: 100.0%)
  Collapse penalty: 0.000000 (threshold: 0.005000)
  Regime distribution: {'regime_0_fraction': 1.0, 'regime_1_fraction': 0.0}
  Regime gates: {'mean': 0.4976452887058258, 'std': 0.00254723709076643, 'min': 0.49515166878700256, 'max': 0.5001388788223267}
  Saved validation predictions to: experiments/07b_regime_attention_sweep/rolling_enc8_gs500_vix25/fold_2020/collapse_monitoring/val_predictions_epoch37.npy
  Gradient norms:
    lstm_encoder: 0.008673
    lstm_decoder: 0.007771
    output_layer: 0.247201
  Regime gate grads (epoch avg): tensor([[ 0.1496,  0.1623],
        [-0.0656, -0.0199]])
  VSN output std:
    encoder: 0.247202
  Attention entropy: 2.079043
  Regime attention gates: [[0.5001388788223267, 0.49515166878700256], [0.5056359767913818, 0.5086036920547485]]
  Saved to: experiments/07b_regime_attention_sweep/rolling_enc8_gs500_vix25/fold_2020/collapse_monitoring/collapse_monitor_latest.json
[DEBUG CollapseMonitor] on_validation_epoch_start called for epoch 38
[DEBUG CollapseMonitor] reset_temporal_state() called on loss function
Epoch 38: val_loss=0.6490095257759094
Epoch 38: train_loss=0.8865094780921936

[CollapseMonitor] Epoch 38
  [DEBUG] Processed 2 batches from val_dataloader
  [DEBUG] Predictions shape after concat: (44,)
  [DEBUG] All predictions list length: 2
  [DEBUG] First batch shape: (32,)
  Pred std: 0.007349, range: 0.023435, mean: 0.226079
  Pos: 100.0%, Neg: 0.0%, Unique: 44
  Dir Acc: 61.36%, Pred Sharpe: 488.3743
  Composite: 0.4951 (dist_match: 0.6136, actual_pos: 61.4%, pred_pos: 100.0%)
  Collapse penalty: 0.000000 (threshold: 0.005000)
  Regime distribution: {'regime_0_fraction': 1.0, 'regime_1_fraction': 0.0}
  Regime gates: {'mean': 0.4975309371948242, 'std': 0.0025678472593426704, 'min': 0.4950172007083893, 'max': 0.5000447630882263}
  Saved validation predictions to: experiments/07b_regime_attention_sweep/rolling_enc8_gs500_vix25/fold_2020/collapse_monitoring/val_predictions_epoch38.npy
  Gradient norms:
    lstm_encoder: 0.006794
    lstm_decoder: 0.006837
    output_layer: 0.235009
  Regime gate grads (epoch avg): tensor([[ 0.1104,  0.2774],
        [-0.2141, -0.1621]])
  VSN output std:
    encoder: 0.247368
  Attention entropy: 2.079062
  Regime attention gates: [[0.5000447630882263, 0.4950172007083893], [0.5058573484420776, 0.5087802410125732]]
  Saved to: experiments/07b_regime_attention_sweep/rolling_enc8_gs500_vix25/fold_2020/collapse_monitoring/collapse_monitor_latest.json
[DEBUG CollapseMonitor] on_validation_epoch_start called for epoch 39
[DEBUG CollapseMonitor] reset_temporal_state() called on loss function
Epoch 39: val_loss=0.6489706039428711
Epoch 39: train_loss=0.8864970803260803

[CollapseMonitor] Epoch 39
  [DEBUG] Processed 2 batches from val_dataloader
  [DEBUG] Predictions shape after concat: (44,)
  [DEBUG] All predictions list length: 2
  [DEBUG] First batch shape: (32,)
  Pred std: 0.007366, range: 0.023387, mean: 0.254089
  Pos: 100.0%, Neg: 0.0%, Unique: 44
  Dir Acc: 61.36%, Pred Sharpe: 547.5649
  Composite: 0.4951 (dist_match: 0.6136, actual_pos: 61.4%, pred_pos: 100.0%)
  Collapse penalty: 0.000000 (threshold: 0.005000)
  Regime distribution: {'regime_0_fraction': 1.0, 'regime_1_fraction': 0.0}
  Regime gates: {'mean': 0.4973851442337036, 'std': 0.002614866942167282, 'min': 0.4948253035545349, 'max': 0.49994492530822754}
  Saved validation predictions to: experiments/07b_regime_attention_sweep/rolling_enc8_gs500_vix25/fold_2020/collapse_monitoring/val_predictions_epoch39.npy
  Gradient norms:
    lstm_encoder: 0.008304
    lstm_decoder: 0.007941
    output_layer: 0.234282
  Regime gate grads (epoch avg): tensor([[-0.0701,  0.0245],
        [-0.1104, -0.0894]])
  VSN output std:
    encoder: 0.247876
  Attention entropy: 2.079090
  Regime attention gates: [[0.49994492530822754, 0.4948253035545349], [0.5061473846435547, 0.5090177059173584]]
  Saved to: experiments/07b_regime_attention_sweep/rolling_enc8_gs500_vix25/fold_2020/collapse_monitoring/collapse_monitor_latest.json
[DEBUG CollapseMonitor] on_validation_epoch_start called for epoch 40
[DEBUG CollapseMonitor] reset_temporal_state() called on loss function
Epoch 40: val_loss=0.6491507887840271
Epoch 40: train_loss=0.8664031624794006

[CollapseMonitor] Epoch 40
  [DEBUG] Processed 2 batches from val_dataloader
  [DEBUG] Predictions shape after concat: (44,)
  [DEBUG] All predictions list length: 2
  [DEBUG] First batch shape: (32,)
  Pred std: 0.007462, range: 0.023526, mean: 0.237083
  Pos: 100.0%, Neg: 0.0%, Unique: 44
  Dir Acc: 61.36%, Pred Sharpe: 504.3436
  Composite: 0.4951 (dist_match: 0.6136, actual_pos: 61.4%, pred_pos: 100.0%)
  Collapse penalty: 0.000000 (threshold: 0.005000)
  Regime distribution: {'regime_0_fraction': 1.0, 'regime_1_fraction': 0.0}
  Regime gates: {'mean': 0.49738815426826477, 'std': 0.0026676252018660307, 'min': 0.4947766661643982, 'max': 0.4999995827674866}
  Saved validation predictions to: experiments/07b_regime_attention_sweep/rolling_enc8_gs500_vix25/fold_2020/collapse_monitoring/val_predictions_epoch40.npy
  Gradient norms:
    lstm_encoder: 0.007502
    lstm_decoder: 0.007235
    output_layer: 0.241085
  Regime gate grads (epoch avg): tensor([[-0.1393,  0.0104],
        [-0.0075, -0.0756]])
  VSN output std:
    encoder: 0.248331
  Attention entropy: 2.079095
  Regime attention gates: [[0.4999995827674866, 0.4947766661643982], [0.5062980651855469, 0.5091774463653564]]
  Saved to: experiments/07b_regime_attention_sweep/rolling_enc8_gs500_vix25/fold_2020/collapse_monitoring/collapse_monitor_latest.json
[DEBUG CollapseMonitor] on_validation_epoch_start called for epoch 41
[DEBUG CollapseMonitor] reset_temporal_state() called on loss function
Epoch 41: val_loss=0.6489993333816528
Epoch 41: train_loss=0.8810927867889404

[CollapseMonitor] Epoch 41
  [DEBUG] Processed 2 batches from val_dataloader
  [DEBUG] Predictions shape after concat: (44,)
  [DEBUG] All predictions list length: 2
  [DEBUG] First batch shape: (32,)
  Pred std: 0.007509, range: 0.023634, mean: 0.252978
  Pos: 100.0%, Neg: 0.0%, Unique: 44
  Dir Acc: 61.36%, Pred Sharpe: 534.8373
  Composite: 0.4951 (dist_match: 0.6136, actual_pos: 61.4%, pred_pos: 100.0%)
  Collapse penalty: 0.000000 (threshold: 0.005000)
  Regime distribution: {'regime_0_fraction': 1.0, 'regime_1_fraction': 0.0}
  Regime gates: {'mean': 0.4973887503147125, 'std': 0.0026919646188616753, 'min': 0.4947534501552582, 'max': 0.5000240206718445}
  Saved validation predictions to: experiments/07b_regime_attention_sweep/rolling_enc8_gs500_vix25/fold_2020/collapse_monitoring/val_predictions_epoch41.npy
  Gradient norms:
    lstm_encoder: 0.007834
    lstm_decoder: 0.007513
    output_layer: 0.256264
  Regime gate grads (epoch avg): tensor([[-0.0320,  0.0031],
        [-0.2123, -0.2033]])
  VSN output std:
    encoder: 0.248428
  Attention entropy: 2.079099
  Regime attention gates: [[0.5000240206718445, 0.4947534501552582], [0.506372332572937, 0.5092718005180359]]
  Saved to: experiments/07b_regime_attention_sweep/rolling_enc8_gs500_vix25/fold_2020/collapse_monitoring/collapse_monitor_latest.json
[DEBUG CollapseMonitor] on_validation_epoch_start called for epoch 42
[DEBUG CollapseMonitor] reset_temporal_state() called on loss function
Epoch 42: val_loss=0.6484728455543518
Epoch 42: train_loss=0.8769562244415283

[CollapseMonitor] Epoch 42
  [DEBUG] Processed 2 batches from val_dataloader
  [DEBUG] Predictions shape after concat: (44,)
  [DEBUG] All predictions list length: 2
  [DEBUG] First batch shape: (32,)
  Pred std: 0.007568, range: 0.023781, mean: 0.274098
  Pos: 100.0%, Neg: 0.0%, Unique: 44
  Dir Acc: 61.36%, Pred Sharpe: 574.9652
  Composite: 0.4951 (dist_match: 0.6136, actual_pos: 61.4%, pred_pos: 100.0%)
  Collapse penalty: 0.000000 (threshold: 0.005000)
  Regime distribution: {'regime_0_fraction': 1.0, 'regime_1_fraction': 0.0}
  Regime gates: {'mean': 0.49733617901802063, 'std': 0.0027059989515691996, 'min': 0.49468716979026794, 'max': 0.4999852180480957}
  Saved validation predictions to: experiments/07b_regime_attention_sweep/rolling_enc8_gs500_vix25/fold_2020/collapse_monitoring/val_predictions_epoch42.npy
  Gradient norms:
    lstm_encoder: 0.007351
    lstm_decoder: 0.007718
    output_layer: 0.259563
  Regime gate grads (epoch avg): tensor([[ 0.2402,  0.2114],
        [-0.0632, -0.0130]])
  VSN output std:
    encoder: 0.248665
  Attention entropy: 2.079118
  Regime attention gates: [[0.4999852180480957, 0.49468716979026794], [0.506507933139801, 0.5094270706176758]]
  Saved to: experiments/07b_regime_attention_sweep/rolling_enc8_gs500_vix25/fold_2020/collapse_monitoring/collapse_monitor_latest.json
[DEBUG CollapseMonitor] on_validation_epoch_start called for epoch 43
[DEBUG CollapseMonitor] reset_temporal_state() called on loss function
Epoch 43: val_loss=0.6482162475585938
Epoch 43: train_loss=0.8828424215316772

[CollapseMonitor] Epoch 43
  [DEBUG] Processed 2 batches from val_dataloader
  [DEBUG] Predictions shape after concat: (44,)
  [DEBUG] All predictions list length: 2
  [DEBUG] First batch shape: (32,)
  Pred std: 0.007575, range: 0.023798, mean: 0.290813
  Pos: 100.0%, Neg: 0.0%, Unique: 44
  Dir Acc: 61.36%, Pred Sharpe: 609.4797
  Composite: 0.4951 (dist_match: 0.6136, actual_pos: 61.4%, pred_pos: 100.0%)
  Collapse penalty: 0.000000 (threshold: 0.005000)
  Regime distribution: {'regime_0_fraction': 1.0, 'regime_1_fraction': 0.0}
  Regime gates: {'mean': 0.49729251861572266, 'std': 0.00271519273519516, 'min': 0.4946344792842865, 'max': 0.4999505281448364}
  Saved validation predictions to: experiments/07b_regime_attention_sweep/rolling_enc8_gs500_vix25/fold_2020/collapse_monitoring/val_predictions_epoch43.npy
  Gradient norms:
    lstm_encoder: 0.008586
    lstm_decoder: 0.007664
    output_layer: 0.243947
  Regime gate grads (epoch avg): tensor([[ 0.1382,  0.1169],
        [-0.0840, -0.0683]])
  VSN output std:
    encoder: 0.248610
  Attention entropy: 2.079134
  Regime attention gates: [[0.4999505281448364, 0.4946344792842865], [0.5066125988960266, 0.5095192193984985]]
  Saved to: experiments/07b_regime_attention_sweep/rolling_enc8_gs500_vix25/fold_2020/collapse_monitoring/collapse_monitor_latest.json
[DEBUG CollapseMonitor] on_validation_epoch_start called for epoch 44
[DEBUG CollapseMonitor] reset_temporal_state() called on loss function
Epoch 44: val_loss=0.6482193470001221
Epoch 44: train_loss=0.8818193078041077

[CollapseMonitor] Epoch 44
  [DEBUG] Processed 2 batches from val_dataloader
  [DEBUG] Predictions shape after concat: (44,)
  [DEBUG] All predictions list length: 2
  [DEBUG] First batch shape: (32,)
  Pred std: 0.007562, range: 0.023800, mean: 0.288164
  Pos: 100.0%, Neg: 0.0%, Unique: 44
  Dir Acc: 61.36%, Pred Sharpe: 604.9042
  Composite: 0.4951 (dist_match: 0.6136, actual_pos: 61.4%, pred_pos: 100.0%)
  Collapse penalty: 0.000000 (threshold: 0.005000)
  Regime distribution: {'regime_0_fraction': 1.0, 'regime_1_fraction': 0.0}
  Regime gates: {'mean': 0.4972439110279083, 'std': 0.002739440882578492, 'min': 0.49456214904785156, 'max': 0.4999256730079651}
  Saved validation predictions to: experiments/07b_regime_attention_sweep/rolling_enc8_gs500_vix25/fold_2020/collapse_monitoring/val_predictions_epoch44.npy
  Gradient norms:
    lstm_encoder: 0.007740
    lstm_decoder: 0.006805
    output_layer: 0.228554
  Regime gate grads (epoch avg): tensor([[ 0.0297,  0.1413],
        [-0.0732, -0.0777]])
  VSN output std:
    encoder: 0.248557
  Attention entropy: 2.079136
  Regime attention gates: [[0.4999256730079651, 0.49456214904785156], [0.5067213177680969, 0.5096112489700317]]
  Saved to: experiments/07b_regime_attention_sweep/rolling_enc8_gs500_vix25/fold_2020/collapse_monitoring/collapse_monitor_latest.json
[DEBUG CollapseMonitor] on_validation_epoch_start called for epoch 45
[DEBUG CollapseMonitor] reset_temporal_state() called on loss function
Epoch 45: val_loss=0.6481497287750244
Epoch 45: train_loss=0.8835728168487549

[CollapseMonitor] Epoch 45
  [DEBUG] Processed 2 batches from val_dataloader
  [DEBUG] Predictions shape after concat: (44,)
  [DEBUG] All predictions list length: 2
  [DEBUG] First batch shape: (32,)
  Pred std: 0.007626, range: 0.023992, mean: 0.303762
  Pos: 100.0%, Neg: 0.0%, Unique: 44
  Dir Acc: 61.36%, Pred Sharpe: 632.3184
  Composite: 0.4951 (dist_match: 0.6136, actual_pos: 61.4%, pred_pos: 100.0%)
  Collapse penalty: 0.000000 (threshold: 0.005000)
  Regime distribution: {'regime_0_fraction': 1.0, 'regime_1_fraction': 0.0}
  Regime gates: {'mean': 0.4971367418766022, 'std': 0.00276186247356236, 'min': 0.4944330155849457, 'max': 0.4998404383659363}
  Saved validation predictions to: experiments/07b_regime_attention_sweep/rolling_enc8_gs500_vix25/fold_2020/collapse_monitoring/val_predictions_epoch45.npy
  Gradient norms:
    lstm_encoder: 0.008077
    lstm_decoder: 0.007872
    output_layer: 0.265730
  Regime gate grads (epoch avg): tensor([[ 0.1336,  0.1220],
        [-0.1955, -0.1570]])
  VSN output std:
    encoder: 0.248423
  Attention entropy: 2.079130
  Regime attention gates: [[0.4998404383659363, 0.4944330155849457], [0.5068476796150208, 0.5097264051437378]]
  Saved to: experiments/07b_regime_attention_sweep/rolling_enc8_gs500_vix25/fold_2020/collapse_monitoring/collapse_monitor_latest.json
[DEBUG CollapseMonitor] on_validation_epoch_start called for epoch 46
[DEBUG CollapseMonitor] reset_temporal_state() called on loss function
Epoch 46: val_loss=0.6484626531600952
Epoch 46: train_loss=0.876879096031189

[CollapseMonitor] Epoch 46
  [DEBUG] Processed 2 batches from val_dataloader
  [DEBUG] Predictions shape after concat: (44,)
  [DEBUG] All predictions list length: 2
  [DEBUG] First batch shape: (32,)
  Pred std: 0.007654, range: 0.024013, mean: 0.284503
  Pos: 100.0%, Neg: 0.0%, Unique: 44
  Dir Acc: 61.36%, Pred Sharpe: 590.0295
  Composite: 0.4951 (dist_match: 0.6136, actual_pos: 61.4%, pred_pos: 100.0%)
  Collapse penalty: 0.000000 (threshold: 0.005000)
  Regime distribution: {'regime_0_fraction': 1.0, 'regime_1_fraction': 0.0}
  Regime gates: {'mean': 0.49711164832115173, 'std': 0.002752714091911912, 'min': 0.49441686272621155, 'max': 0.49980637431144714}
  Saved validation predictions to: experiments/07b_regime_attention_sweep/rolling_enc8_gs500_vix25/fold_2020/collapse_monitoring/val_predictions_epoch46.npy
  Gradient norms:
    lstm_encoder: 0.008853
    lstm_decoder: 0.008294
    output_layer: 0.270803
  Regime gate grads (epoch avg): tensor([[ 0.0283, -0.0438],
        [-0.0946, -0.1088]])
  VSN output std:
    encoder: 0.248791
  Attention entropy: 2.079120
  Regime attention gates: [[0.49980637431144714, 0.49441686272621155], [0.5069145560264587, 0.5098119974136353]]
  Saved to: experiments/07b_regime_attention_sweep/rolling_enc8_gs500_vix25/fold_2020/collapse_monitoring/collapse_monitor_latest.json
[DEBUG CollapseMonitor] on_validation_epoch_start called for epoch 47
[DEBUG CollapseMonitor] reset_temporal_state() called on loss function
Epoch 47: val_loss=0.648605227470398
Epoch 47: train_loss=0.8811980485916138

[CollapseMonitor] Epoch 47
  [DEBUG] Processed 2 batches from val_dataloader
  [DEBUG] Predictions shape after concat: (44,)
  [DEBUG] All predictions list length: 2
  [DEBUG] First batch shape: (32,)
  Pred std: 0.007601, range: 0.023862, mean: 0.270428
  Pos: 100.0%, Neg: 0.0%, Unique: 44
  Dir Acc: 61.36%, Pred Sharpe: 564.7823
  Composite: 0.4951 (dist_match: 0.6136, actual_pos: 61.4%, pred_pos: 100.0%)
  Collapse penalty: 0.000000 (threshold: 0.005000)
  Regime distribution: {'regime_0_fraction': 1.0, 'regime_1_fraction': 0.0}
  Regime gates: {'mean': 0.4970386028289795, 'std': 0.0027544493786990643, 'min': 0.4943421185016632, 'max': 0.499735027551651}
  Saved validation predictions to: experiments/07b_regime_attention_sweep/rolling_enc8_gs500_vix25/fold_2020/collapse_monitoring/val_predictions_epoch47.npy
  Gradient norms:
    lstm_encoder: 0.008190
    lstm_decoder: 0.008407
    output_layer: 0.261913
  Regime gate grads (epoch avg): tensor([[ 0.1439,  0.2169],
        [-0.0547, -0.0193]])
  VSN output std:
    encoder: 0.248924
  Attention entropy: 2.079107
  Regime attention gates: [[0.499735027551651, 0.4943421185016632], [0.506980299949646, 0.5098687410354614]]
  Saved to: experiments/07b_regime_attention_sweep/rolling_enc8_gs500_vix25/fold_2020/collapse_monitoring/collapse_monitor_latest.json
[DEBUG CollapseMonitor] on_validation_epoch_start called for epoch 48
[DEBUG CollapseMonitor] reset_temporal_state() called on loss function
Epoch 48: val_loss=0.6486914753913879
Epoch 48: train_loss=0.8787727952003479

[CollapseMonitor] Epoch 48
  [DEBUG] Processed 2 batches from val_dataloader
  [DEBUG] Predictions shape after concat: (44,)
  [DEBUG] All predictions list length: 2
  [DEBUG] First batch shape: (32,)
  Pred std: 0.007512, range: 0.023649, mean: 0.256788
  Pos: 100.0%, Neg: 0.0%, Unique: 44
  Dir Acc: 61.36%, Pred Sharpe: 542.6162
  Composite: 0.4951 (dist_match: 0.6136, actual_pos: 61.4%, pred_pos: 100.0%)
  Collapse penalty: 0.000000 (threshold: 0.005000)
  Regime distribution: {'regime_0_fraction': 1.0, 'regime_1_fraction': 0.0}
  Regime gates: {'mean': 0.4970056116580963, 'std': 0.0027224381919950247, 'min': 0.4943404793739319, 'max': 0.49967071413993835}
  Saved validation predictions to: experiments/07b_regime_attention_sweep/rolling_enc8_gs500_vix25/fold_2020/collapse_monitoring/val_predictions_epoch48.npy
  Gradient norms:
    lstm_encoder: 0.008454
    lstm_decoder: 0.008404
    output_layer: 0.276985
  Regime gate grads (epoch avg): tensor([[ 0.0034, -0.1367],
        [-0.0572, -0.0386]])
  VSN output std:
    encoder: 0.248782
  Attention entropy: 2.079098
  Regime attention gates: [[0.49967071413993835, 0.4943404793739319], [0.5070924162864685, 0.5099377036094666]]
  Saved to: experiments/07b_regime_attention_sweep/rolling_enc8_gs500_vix25/fold_2020/collapse_monitoring/collapse_monitor_latest.json
[DEBUG CollapseMonitor] on_validation_epoch_start called for epoch 49
[DEBUG CollapseMonitor] reset_temporal_state() called on loss function
Epoch 49: val_loss=0.6483379602432251
Epoch 49: train_loss=0.8816465735435486

[CollapseMonitor] Epoch 49
  [DEBUG] Processed 2 batches from val_dataloader
  [DEBUG] Predictions shape after concat: (44,)
  [DEBUG] All predictions list length: 2
  [DEBUG] First batch shape: (32,)
  Pred std: 0.007452, range: 0.023475, mean: 0.282785
  Pos: 100.0%, Neg: 0.0%, Unique: 44
  Dir Acc: 61.36%, Pred Sharpe: 602.3933
  Composite: 0.4951 (dist_match: 0.6136, actual_pos: 61.4%, pred_pos: 100.0%)
  Collapse penalty: 0.000000 (threshold: 0.005000)
  Regime distribution: {'regime_0_fraction': 1.0, 'regime_1_fraction': 0.0}
  Regime gates: {'mean': 0.4969387948513031, 'std': 0.0027141880709677935, 'min': 0.49428170919418335, 'max': 0.4995957911014557}
  Saved validation predictions to: experiments/07b_regime_attention_sweep/rolling_enc8_gs500_vix25/fold_2020/collapse_monitoring/val_predictions_epoch49.npy
  Gradient norms:
    lstm_encoder: 0.008373
    lstm_decoder: 0.008245
    output_layer: 0.294632
  Regime gate grads (epoch avg): tensor([[ 0.3003,  0.3537],
        [-0.0707, -0.1118]])
  VSN output std:
    encoder: 0.248685
  Attention entropy: 2.079103
  Regime attention gates: [[0.4995957911014557, 0.49428170919418335], [0.5071601271629333, 0.5100101232528687]]
  Saved to: experiments/07b_regime_attention_sweep/rolling_enc8_gs500_vix25/fold_2020/collapse_monitoring/collapse_monitor_latest.json
[DEBUG CollapseMonitor] on_validation_epoch_start called for epoch 50
[DEBUG CollapseMonitor] reset_temporal_state() called on loss function
Epoch 50: val_loss=0.6482232809066772
Epoch 50: train_loss=0.876059353351593

[CollapseMonitor] Epoch 50
  [DEBUG] Processed 2 batches from val_dataloader
  [DEBUG] Predictions shape after concat: (44,)
  [DEBUG] All predictions list length: 2
  [DEBUG] First batch shape: (32,)
  Pred std: 0.007509, range: 0.023622, mean: 0.280059
  Pos: 100.0%, Neg: 0.0%, Unique: 44
  Dir Acc: 61.36%, Pred Sharpe: 592.0764
  Composite: 0.4951 (dist_match: 0.6136, actual_pos: 61.4%, pred_pos: 100.0%)
  Collapse penalty: 0.000000 (threshold: 0.005000)
  Regime distribution: {'regime_0_fraction': 1.0, 'regime_1_fraction': 0.0}
  Regime gates: {'mean': 0.49691882729530334, 'std': 0.0027145077474415302, 'min': 0.4942615032196045, 'max': 0.499576210975647}
  Saved validation predictions to: experiments/07b_regime_attention_sweep/rolling_enc8_gs500_vix25/fold_2020/collapse_monitoring/val_predictions_epoch50.npy
  Gradient norms:
    lstm_encoder: 0.008757
    lstm_decoder: 0.007700
    output_layer: 0.262971
  Regime gate grads (epoch avg): tensor([[ 0.0262, -0.0530],
        [-0.0865, -0.0991]])
  VSN output std:
    encoder: 0.248598
  Attention entropy: 2.079104
  Regime attention gates: [[0.499576210975647, 0.4942615032196045], [0.5072008967399597, 0.5100613832473755]]
  Saved to: experiments/07b_regime_attention_sweep/rolling_enc8_gs500_vix25/fold_2020/collapse_monitoring/collapse_monitor_latest.json
[DEBUG CollapseMonitor] on_validation_epoch_start called for epoch 51
[DEBUG CollapseMonitor] reset_temporal_state() called on loss function
Epoch 51: val_loss=0.6484315991401672
Epoch 51: train_loss=0.8794475793838501

[CollapseMonitor] Epoch 51
  [DEBUG] Processed 2 batches from val_dataloader
  [DEBUG] Predictions shape after concat: (44,)
  [DEBUG] All predictions list length: 2
  [DEBUG] First batch shape: (32,)
  Pred std: 0.007572, range: 0.023796, mean: 0.265281
  Pos: 100.0%, Neg: 0.0%, Unique: 44
  Dir Acc: 61.36%, Pred Sharpe: 556.1477
  Composite: 0.4951 (dist_match: 0.6136, actual_pos: 61.4%, pred_pos: 100.0%)
  Collapse penalty: 0.000000 (threshold: 0.005000)
  Regime distribution: {'regime_0_fraction': 1.0, 'regime_1_fraction': 0.0}
  Regime gates: {'mean': 0.49689701199531555, 'std': 0.0027237473987042904, 'min': 0.49423062801361084, 'max': 0.49956342577934265}
  Saved validation predictions to: experiments/07b_regime_attention_sweep/rolling_enc8_gs500_vix25/fold_2020/collapse_monitoring/val_predictions_epoch51.npy
  Gradient norms:
    lstm_encoder: 0.007916
    lstm_decoder: 0.007284
    output_layer: 0.228587
  Regime gate grads (epoch avg): tensor([[-0.0196,  0.1843],
        [-0.1233, -0.0538]])
  VSN output std:
    encoder: 0.248512
  Attention entropy: 2.079106
  Regime attention gates: [[0.49956342577934265, 0.49423062801361084], [0.5072638988494873, 0.5101017355918884]]
  Saved to: experiments/07b_regime_attention_sweep/rolling_enc8_gs500_vix25/fold_2020/collapse_monitoring/collapse_monitor_latest.json
[DEBUG CollapseMonitor] on_validation_epoch_start called for epoch 52
[DEBUG CollapseMonitor] reset_temporal_state() called on loss function
Epoch 52: val_loss=0.648597776889801
Epoch 52: train_loss=0.8844889402389526

[CollapseMonitor] Epoch 52
  [DEBUG] Processed 2 batches from val_dataloader
  [DEBUG] Predictions shape after concat: (44,)
  [DEBUG] All predictions list length: 2
  [DEBUG] First batch shape: (32,)
  Pred std: 0.007564, range: 0.023768, mean: 0.260523
  Pos: 100.0%, Neg: 0.0%, Unique: 44
  Dir Acc: 61.36%, Pred Sharpe: 546.7588
  Composite: 0.4951 (dist_match: 0.6136, actual_pos: 61.4%, pred_pos: 100.0%)
  Collapse penalty: 0.000000 (threshold: 0.005000)
  Regime distribution: {'regime_0_fraction': 1.0, 'regime_1_fraction': 0.0}
  Regime gates: {'mean': 0.4968653917312622, 'std': 0.002732271561399102, 'min': 0.49419066309928894, 'max': 0.49954015016555786}
  Saved validation predictions to: experiments/07b_regime_attention_sweep/rolling_enc8_gs500_vix25/fold_2020/collapse_monitoring/val_predictions_epoch52.npy
  Gradient norms:
    lstm_encoder: 0.007237
    lstm_decoder: 0.007254
    output_layer: 0.223632
  Regime gate grads (epoch avg): tensor([[ 0.2133,  0.2001],
        [-0.1011, -0.0542]])
  VSN output std:
    encoder: 0.248516
  Attention entropy: 2.079107
  Regime attention gates: [[0.49954015016555786, 0.49419066309928894], [0.5073122978210449, 0.5101235508918762]]
  Saved to: experiments/07b_regime_attention_sweep/rolling_enc8_gs500_vix25/fold_2020/collapse_monitoring/collapse_monitor_latest.json
[DEBUG CollapseMonitor] on_validation_epoch_start called for epoch 53
[DEBUG CollapseMonitor] reset_temporal_state() called on loss function
Epoch 53: val_loss=0.6485682725906372
Epoch 53: train_loss=0.8754255771636963

[CollapseMonitor] Epoch 53
  [DEBUG] Processed 2 batches from val_dataloader
  [DEBUG] Predictions shape after concat: (44,)
  [DEBUG] All predictions list length: 2
  [DEBUG] First batch shape: (32,)
  Pred std: 0.007577, range: 0.023801, mean: 0.257283
  Pos: 100.0%, Neg: 0.0%, Unique: 44
  Dir Acc: 61.36%, Pred Sharpe: 539.0489
  Composite: 0.4951 (dist_match: 0.6136, actual_pos: 61.4%, pred_pos: 100.0%)
  Collapse penalty: 0.000000 (threshold: 0.005000)
  Regime distribution: {'regime_0_fraction': 1.0, 'regime_1_fraction': 0.0}
  Regime gates: {'mean': 0.4968409538269043, 'std': 0.0027312212623655796, 'min': 0.4941672682762146, 'max': 0.49951469898223877}
  Saved validation predictions to: experiments/07b_regime_attention_sweep/rolling_enc8_gs500_vix25/fold_2020/collapse_monitoring/val_predictions_epoch53.npy
  Gradient norms:
    lstm_encoder: 0.008478
    lstm_decoder: 0.008038
    output_layer: 0.244808
  Regime gate grads (epoch avg): tensor([[ 0.0870, -0.0707],
        [-0.1354, -0.1511]])
  VSN output std:
    encoder: 0.248461
  Attention entropy: 2.079102
  Regime attention gates: [[0.49951469898223877, 0.4941672682762146], [0.5073586702346802, 0.5101454854011536]]
  Saved to: experiments/07b_regime_attention_sweep/rolling_enc8_gs500_vix25/fold_2020/collapse_monitoring/collapse_monitor_latest.json
[DEBUG CollapseMonitor] on_validation_epoch_start called for epoch 54
[DEBUG CollapseMonitor] reset_temporal_state() called on loss function
Epoch 54: val_loss=0.6488707065582275
Epoch 54: train_loss=0.8777538537979126

[CollapseMonitor] Epoch 54
  [DEBUG] Processed 2 batches from val_dataloader
  [DEBUG] Predictions shape after concat: (44,)
  [DEBUG] All predictions list length: 2
  [DEBUG] First batch shape: (32,)
  Pred std: 0.007595, range: 0.023836, mean: 0.237382
  Pos: 100.0%, Neg: 0.0%, Unique: 43
  Dir Acc: 61.36%, Pred Sharpe: 496.1861
  Composite: 0.4951 (dist_match: 0.6136, actual_pos: 61.4%, pred_pos: 100.0%)
  Collapse penalty: 0.000000 (threshold: 0.005000)
  Regime distribution: {'regime_0_fraction': 1.0, 'regime_1_fraction': 0.0}
  Regime gates: {'mean': 0.49680522084236145, 'std': 0.00272385380230844, 'min': 0.4941387474536896, 'max': 0.4994717538356781}
  Saved validation predictions to: experiments/07b_regime_attention_sweep/rolling_enc8_gs500_vix25/fold_2020/collapse_monitoring/val_predictions_epoch54.npy
  Gradient norms:
    lstm_encoder: 0.008811
    lstm_decoder: 0.008284
    output_layer: 0.254822
  Regime gate grads (epoch avg): tensor([[ 0.0394,  0.1747],
        [-0.0577, -0.0533]])
  VSN output std:
    encoder: 0.248300
  Attention entropy: 2.079087
  Regime attention gates: [[0.4994717538356781, 0.4941387474536896], [0.5074281692504883, 0.5102062225341797]]
  Saved to: experiments/07b_regime_attention_sweep/rolling_enc8_gs500_vix25/fold_2020/collapse_monitoring/collapse_monitor_latest.json
[DEBUG CollapseMonitor] on_validation_epoch_start called for epoch 55
[DEBUG CollapseMonitor] reset_temporal_state() called on loss function
Epoch 55: val_loss=0.6489430069923401
Epoch 55: train_loss=0.8756600022315979

[CollapseMonitor] Epoch 55
  [DEBUG] Processed 2 batches from val_dataloader
  [DEBUG] Predictions shape after concat: (44,)
  [DEBUG] All predictions list length: 2
  [DEBUG] First batch shape: (32,)
  Pred std: 0.007523, range: 0.023647, mean: 0.238056
  Pos: 100.0%, Neg: 0.0%, Unique: 44
  Dir Acc: 61.36%, Pred Sharpe: 502.3350
  Composite: 0.4951 (dist_match: 0.6136, actual_pos: 61.4%, pred_pos: 100.0%)
  Collapse penalty: 0.000000 (threshold: 0.005000)
  Regime distribution: {'regime_0_fraction': 1.0, 'regime_1_fraction': 0.0}
  Regime gates: {'mean': 0.4967708885669708, 'std': 0.0027428960893303156, 'min': 0.49408575892448425, 'max': 0.4994560480117798}
  Saved validation predictions to: experiments/07b_regime_attention_sweep/rolling_enc8_gs500_vix25/fold_2020/collapse_monitoring/val_predictions_epoch55.npy
  Gradient norms:
    lstm_encoder: 0.007579
    lstm_decoder: 0.006937
    output_layer: 0.224159
  Regime gate grads (epoch avg): tensor([[ 0.1480,  0.2440],
        [-0.0546, -0.0454]])
  VSN output std:
    encoder: 0.248195
  Attention entropy: 2.079088
  Regime attention gates: [[0.4994560480117798, 0.49408575892448425], [0.5074660181999207, 0.5102431178092957]]
  Saved to: experiments/07b_regime_attention_sweep/rolling_enc8_gs500_vix25/fold_2020/collapse_monitoring/collapse_monitor_latest.json
[DEBUG CollapseMonitor] on_validation_epoch_start called for epoch 56
[DEBUG CollapseMonitor] reset_temporal_state() called on loss function
Epoch 56: val_loss=0.6491367816925049
Epoch 56: train_loss=0.8707346320152283

[CollapseMonitor] Epoch 56
  [DEBUG] Processed 2 batches from val_dataloader
  [DEBUG] Predictions shape after concat: (44,)
  [DEBUG] All predictions list length: 2
  [DEBUG] First batch shape: (32,)
  Pred std: 0.007417, range: 0.023364, mean: 0.229566
  Pos: 100.0%, Neg: 0.0%, Unique: 44
  Dir Acc: 61.36%, Pred Sharpe: 491.3241
  Composite: 0.4951 (dist_match: 0.6136, actual_pos: 61.4%, pred_pos: 100.0%)
  Collapse penalty: 0.000000 (threshold: 0.005000)
  Regime distribution: {'regime_0_fraction': 1.0, 'regime_1_fraction': 0.0}
  Regime gates: {'mean': 0.4967399835586548, 'std': 0.002758955117315054, 'min': 0.4940390884876251, 'max': 0.4994408190250397}
  Saved validation predictions to: experiments/07b_regime_attention_sweep/rolling_enc8_gs500_vix25/fold_2020/collapse_monitoring/val_predictions_epoch56.npy
  Gradient norms:
    lstm_encoder: 0.009440
    lstm_decoder: 0.007962
    output_layer: 0.239183
  Regime gate grads (epoch avg): tensor([[ 0.1396,  0.1955],
        [-0.1571, -0.0772]])
  VSN output std:
    encoder: 0.248077
  Attention entropy: 2.079088
  Regime attention gates: [[0.4994408190250397, 0.4940390884876251], [0.5075097680091858, 0.5102753043174744]]
  Saved to: experiments/07b_regime_attention_sweep/rolling_enc8_gs500_vix25/fold_2020/collapse_monitoring/collapse_monitor_latest.json
[DEBUG CollapseMonitor] on_validation_epoch_start called for epoch 57
[DEBUG CollapseMonitor] reset_temporal_state() called on loss function
Epoch 57: val_loss=0.6492910981178284
Epoch 57: train_loss=0.8755578994750977

[CollapseMonitor] Epoch 57
  [DEBUG] Processed 2 batches from val_dataloader
  [DEBUG] Predictions shape after concat: (44,)
  [DEBUG] All predictions list length: 2
  [DEBUG] First batch shape: (32,)
  Pred std: 0.007321, range: 0.023101, mean: 0.225982
  Pos: 100.0%, Neg: 0.0%, Unique: 44
  Dir Acc: 61.36%, Pred Sharpe: 490.0409
  Composite: 0.4951 (dist_match: 0.6136, actual_pos: 61.4%, pred_pos: 100.0%)
  Collapse penalty: 0.000000 (threshold: 0.005000)
  Regime distribution: {'regime_0_fraction': 1.0, 'regime_1_fraction': 0.0}
  Regime gates: {'mean': 0.49671459197998047, 'std': 0.0027751661837100983, 'min': 0.49399784207344055, 'max': 0.499431312084198}
  Saved validation predictions to: experiments/07b_regime_attention_sweep/rolling_enc8_gs500_vix25/fold_2020/collapse_monitoring/val_predictions_epoch57.npy
  Gradient norms:
    lstm_encoder: 0.009285
    lstm_decoder: 0.008747
    output_layer: 0.269566
  Regime gate grads (epoch avg): tensor([[ 0.0177,  0.1379],
        [-0.1016, -0.0561]])
  VSN output std:
    encoder: 0.247764
  Attention entropy: 2.079092
  Regime attention gates: [[0.499431312084198, 0.49399784207344055], [0.5075829029083252, 0.5103257894515991]]
  Saved to: experiments/07b_regime_attention_sweep/rolling_enc8_gs500_vix25/fold_2020/collapse_monitoring/collapse_monitor_latest.json
[DEBUG CollapseMonitor] on_validation_epoch_start called for epoch 58
[DEBUG CollapseMonitor] reset_temporal_state() called on loss function
Epoch 58: val_loss=0.649172306060791
Epoch 58: train_loss=0.8745077252388

[CollapseMonitor] Epoch 58
  [DEBUG] Processed 2 batches from val_dataloader
  [DEBUG] Predictions shape after concat: (44,)
  [DEBUG] All predictions list length: 2
  [DEBUG] First batch shape: (32,)
  Pred std: 0.007292, range: 0.023008, mean: 0.234951
  Pos: 100.0%, Neg: 0.0%, Unique: 44
  Dir Acc: 61.36%, Pred Sharpe: 511.4596
  Composite: 0.4951 (dist_match: 0.6136, actual_pos: 61.4%, pred_pos: 100.0%)
  Collapse penalty: 0.000000 (threshold: 0.005000)
  Regime distribution: {'regime_0_fraction': 1.0, 'regime_1_fraction': 0.0}
  Regime gates: {'mean': 0.49668005108833313, 'std': 0.0027714520692825317, 'min': 0.4939669370651245, 'max': 0.49939313530921936}
  Saved validation predictions to: experiments/07b_regime_attention_sweep/rolling_enc8_gs500_vix25/fold_2020/collapse_monitoring/val_predictions_epoch58.npy
  Gradient norms:
    lstm_encoder: 0.009102
    lstm_decoder: 0.007636
    output_layer: 0.232911
  Regime gate grads (epoch avg): tensor([[ 0.3223,  0.2983],
        [-0.0466, -0.0246]])
  VSN output std:
    encoder: 0.247598
  Attention entropy: 2.079097
  Regime attention gates: [[0.49939313530921936, 0.4939669370651245], [0.5076191425323486, 0.5103484988212585]]
  Saved to: experiments/07b_regime_attention_sweep/rolling_enc8_gs500_vix25/fold_2020/collapse_monitoring/collapse_monitor_latest.json
[DEBUG CollapseMonitor] on_validation_epoch_start called for epoch 59
[DEBUG CollapseMonitor] reset_temporal_state() called on loss function
Epoch 59: val_loss=0.6491109728813171
Epoch 59: train_loss=0.8831227421760559

[CollapseMonitor] Epoch 59
  [DEBUG] Processed 2 batches from val_dataloader
  [DEBUG] Predictions shape after concat: (44,)
  [DEBUG] All predictions list length: 2
  [DEBUG] First batch shape: (32,)
  Pred std: 0.007270, range: 0.022933, mean: 0.238949
  Pos: 100.0%, Neg: 0.0%, Unique: 44
  Dir Acc: 61.36%, Pred Sharpe: 521.7678
  Composite: 0.4951 (dist_match: 0.6136, actual_pos: 61.4%, pred_pos: 100.0%)
  Collapse penalty: 0.000000 (threshold: 0.005000)
  Regime distribution: {'regime_0_fraction': 1.0, 'regime_1_fraction': 0.0}
  Regime gates: {'mean': 0.49666324257850647, 'std': 0.002770767081528902, 'min': 0.4939507842063904, 'max': 0.4993756413459778}
  Saved validation predictions to: experiments/07b_regime_attention_sweep/rolling_enc8_gs500_vix25/fold_2020/collapse_monitoring/val_predictions_epoch59.npy
  Gradient norms:
    lstm_encoder: 0.008444
    lstm_decoder: 0.007493
    output_layer: 0.258769
  Regime gate grads (epoch avg): tensor([[ 0.3033,  0.1706],
        [-0.1251, -0.1533]])
  VSN output std:
    encoder: 0.247562
  Attention entropy: 2.079100
  Regime attention gates: [[0.4993756413459778, 0.4939507842063904], [0.507641613483429, 0.5103760361671448]]
  Saved to: experiments/07b_regime_attention_sweep/rolling_enc8_gs500_vix25/fold_2020/collapse_monitoring/collapse_monitor_latest.json
[DEBUG CollapseMonitor] on_validation_epoch_start called for epoch 60
[DEBUG CollapseMonitor] reset_temporal_state() called on loss function
Epoch 60: val_loss=0.6490892767906189
Epoch 60: train_loss=0.8780848979949951

[CollapseMonitor] Epoch 60
  [DEBUG] Processed 2 batches from val_dataloader
  [DEBUG] Predictions shape after concat: (44,)
  [DEBUG] All predictions list length: 2
  [DEBUG] First batch shape: (32,)
  Pred std: 0.007245, range: 0.022878, mean: 0.237761
  Pos: 100.0%, Neg: 0.0%, Unique: 44
  Dir Acc: 61.36%, Pred Sharpe: 520.9653
  Composite: 0.4951 (dist_match: 0.6136, actual_pos: 61.4%, pred_pos: 100.0%)
  Collapse penalty: 0.000000 (threshold: 0.005000)
  Regime distribution: {'regime_0_fraction': 1.0, 'regime_1_fraction': 0.0}
  Regime gates: {'mean': 0.49665340781211853, 'std': 0.002770812716335058, 'min': 0.49394094944000244, 'max': 0.499365895986557}
  Saved validation predictions to: experiments/07b_regime_attention_sweep/rolling_enc8_gs500_vix25/fold_2020/collapse_monitoring/val_predictions_epoch60.npy
  Gradient norms:
    lstm_encoder: 0.008581
    lstm_decoder: 0.007465
    output_layer: 0.212497
  Regime gate grads (epoch avg): tensor([[-0.1624,  0.0011],
        [-0.0323, -0.0456]])
  VSN output std:
    encoder: 0.247411
  Attention entropy: 2.079103
  Regime attention gates: [[0.499365895986557, 0.49394094944000244], [0.507678747177124, 0.5104221105575562]]
  Saved to: experiments/07b_regime_attention_sweep/rolling_enc8_gs500_vix25/fold_2020/collapse_monitoring/collapse_monitor_latest.json
[DEBUG CollapseMonitor] on_validation_epoch_start called for epoch 61
[DEBUG CollapseMonitor] reset_temporal_state() called on loss function
Epoch 61: val_loss=0.6490569710731506
Epoch 61: train_loss=0.8807739615440369

[CollapseMonitor] Epoch 61
  [DEBUG] Processed 2 batches from val_dataloader
  [DEBUG] Predictions shape after concat: (44,)
  [DEBUG] All predictions list length: 2
  [DEBUG] First batch shape: (32,)
  Pred std: 0.007226, range: 0.022814, mean: 0.239799
  Pos: 100.0%, Neg: 0.0%, Unique: 44
  Dir Acc: 61.36%, Pred Sharpe: 526.7698
  Composite: 0.4951 (dist_match: 0.6136, actual_pos: 61.4%, pred_pos: 100.0%)
  Collapse penalty: 0.000000 (threshold: 0.005000)
  Regime distribution: {'regime_0_fraction': 1.0, 'regime_1_fraction': 0.0}
  Regime gates: {'mean': 0.4966404438018799, 'std': 0.00277880416251719, 'min': 0.4939201772212982, 'max': 0.4993607699871063}
  Saved validation predictions to: experiments/07b_regime_attention_sweep/rolling_enc8_gs500_vix25/fold_2020/collapse_monitoring/val_predictions_epoch61.npy
  Gradient norms:
    lstm_encoder: 0.008628
    lstm_decoder: 0.007793
    output_layer: 0.218307
  Regime gate grads (epoch avg): tensor([[ 0.1470,  0.2665],
        [-0.1265, -0.0758]])
  VSN output std:
    encoder: 0.247391
  Attention entropy: 2.079105
  Regime attention gates: [[0.4993607699871063, 0.4939201772212982], [0.5076972842216492, 0.5104400515556335]]
  Saved to: experiments/07b_regime_attention_sweep/rolling_enc8_gs500_vix25/fold_2020/collapse_monitoring/collapse_monitor_latest.json
[DEBUG CollapseMonitor] on_validation_epoch_start called for epoch 62
[DEBUG CollapseMonitor] reset_temporal_state() called on loss function
Epoch 62: val_loss=0.6489711403846741
Epoch 62: train_loss=0.8736812472343445

[CollapseMonitor] Epoch 62
  [DEBUG] Processed 2 batches from val_dataloader
  [DEBUG] Predictions shape after concat: (44,)
  [DEBUG] All predictions list length: 2
  [DEBUG] First batch shape: (32,)
  Pred std: 0.007228, range: 0.022791, mean: 0.242556
  Pos: 100.0%, Neg: 0.0%, Unique: 44
  Dir Acc: 61.36%, Pred Sharpe: 532.7285
  Composite: 0.4951 (dist_match: 0.6136, actual_pos: 61.4%, pred_pos: 100.0%)
  Collapse penalty: 0.000000 (threshold: 0.005000)
  Regime distribution: {'regime_0_fraction': 1.0, 'regime_1_fraction': 0.0}
  Regime gates: {'mean': 0.49662670493125916, 'std': 0.002790129045024514, 'min': 0.4938952922821045, 'max': 0.49935805797576904}
  Saved validation predictions to: experiments/07b_regime_attention_sweep/rolling_enc8_gs500_vix25/fold_2020/collapse_monitoring/val_predictions_epoch62.npy
  Gradient norms:
    lstm_encoder: 0.006715
    lstm_decoder: 0.006442
    output_layer: 0.204651
  Regime gate grads (epoch avg): tensor([[ 0.0546,  0.2334],
        [-0.1434, -0.0914]])
  VSN output std:
    encoder: 0.247445
  Attention entropy: 2.079108
  Regime attention gates: [[0.49935805797576904, 0.4938952922821045], [0.5077254176139832, 0.5104588866233826]]
  Saved to: experiments/07b_regime_attention_sweep/rolling_enc8_gs500_vix25/fold_2020/collapse_monitoring/collapse_monitor_latest.json
[DEBUG CollapseMonitor] on_validation_epoch_start called for epoch 63
[DEBUG CollapseMonitor] reset_temporal_state() called on loss function
Epoch 63: val_loss=0.6489030122756958
Epoch 63: train_loss=0.8759955763816833

[CollapseMonitor] Epoch 63
  [DEBUG] Processed 2 batches from val_dataloader
  [DEBUG] Predictions shape after concat: (44,)
  [DEBUG] All predictions list length: 2
  [DEBUG] First batch shape: (32,)
  Pred std: 0.007261, range: 0.022840, mean: 0.245932
  Pos: 100.0%, Neg: 0.0%, Unique: 44
  Dir Acc: 61.36%, Pred Sharpe: 537.6469
  Composite: 0.4951 (dist_match: 0.6136, actual_pos: 61.4%, pred_pos: 100.0%)
  Collapse penalty: 0.000000 (threshold: 0.005000)
  Regime distribution: {'regime_0_fraction': 1.0, 'regime_1_fraction': 0.0}
  Regime gates: {'mean': 0.4966158866882324, 'std': 0.0027952587697654963, 'min': 0.4938794672489166, 'max': 0.49935227632522583}
  Saved validation predictions to: experiments/07b_regime_attention_sweep/rolling_enc8_gs500_vix25/fold_2020/collapse_monitoring/val_predictions_epoch63.npy
  Gradient norms:
    lstm_encoder: 0.009466
    lstm_decoder: 0.008837
    output_layer: 0.303952
  Regime gate grads (epoch avg): tensor([[ 0.0394, -0.0217],
        [-0.0654, -0.0792]])
  VSN output std:
    encoder: 0.247581
  Attention entropy: 2.079111
  Regime attention gates: [[0.49935227632522583, 0.4938794672489166], [0.5077651739120483, 0.5104956030845642]]
  Saved to: experiments/07b_regime_attention_sweep/rolling_enc8_gs500_vix25/fold_2020/collapse_monitoring/collapse_monitor_latest.json
[DEBUG CollapseMonitor] on_validation_epoch_start called for epoch 64
[DEBUG CollapseMonitor] reset_temporal_state() called on loss function
Epoch 64: val_loss=0.6488417983055115
Epoch 64: train_loss=0.8805606365203857

[CollapseMonitor] Epoch 64
  [DEBUG] Processed 2 batches from val_dataloader
  [DEBUG] Predictions shape after concat: (44,)
  [DEBUG] All predictions list length: 2
  [DEBUG] First batch shape: (32,)
  Pred std: 0.007237, range: 0.022752, mean: 0.246981
  Pos: 100.0%, Neg: 0.0%, Unique: 44
  Dir Acc: 61.36%, Pred Sharpe: 541.7918
  Composite: 0.4951 (dist_match: 0.6136, actual_pos: 61.4%, pred_pos: 100.0%)
  Collapse penalty: 0.000000 (threshold: 0.005000)
  Regime distribution: {'regime_0_fraction': 1.0, 'regime_1_fraction': 0.0}
  Regime gates: {'mean': 0.4966077506542206, 'std': 0.002795867621898651, 'min': 0.49387073516845703, 'max': 0.49934473633766174}
  Saved validation predictions to: experiments/07b_regime_attention_sweep/rolling_enc8_gs500_vix25/fold_2020/collapse_monitoring/val_predictions_epoch64.npy
  Gradient norms:
    lstm_encoder: 0.008133
    lstm_decoder: 0.007363
    output_layer: 0.239634
  Regime gate grads (epoch avg): tensor([[ 0.0876,  0.0654],
        [-0.1722, -0.0679]])
  VSN output std:
    encoder: 0.247548
  Attention entropy: 2.079111
  Regime attention gates: [[0.49934473633766174, 0.49387073516845703], [0.5077919960021973, 0.5105099678039551]]
  Saved to: experiments/07b_regime_attention_sweep/rolling_enc8_gs500_vix25/fold_2020/collapse_monitoring/collapse_monitor_latest.json
[DEBUG CollapseMonitor] on_validation_epoch_start called for epoch 65
[DEBUG CollapseMonitor] reset_temporal_state() called on loss function
Epoch 65: val_loss=0.6488743424415588
Epoch 65: train_loss=0.8826906085014343

[CollapseMonitor] Epoch 65
  [DEBUG] Processed 2 batches from val_dataloader
  [DEBUG] Predictions shape after concat: (44,)
  [DEBUG] All predictions list length: 2
  [DEBUG] First batch shape: (32,)
  Pred std: 0.007213, range: 0.022665, mean: 0.242813
  Pos: 100.0%, Neg: 0.0%, Unique: 44
  Dir Acc: 61.36%, Pred Sharpe: 534.4021
  Composite: 0.4951 (dist_match: 0.6136, actual_pos: 61.4%, pred_pos: 100.0%)
  Collapse penalty: 0.000000 (threshold: 0.005000)
  Regime distribution: {'regime_0_fraction': 1.0, 'regime_1_fraction': 0.0}
  Regime gates: {'mean': 0.49659720063209534, 'std': 0.002790722530335188, 'min': 0.4938652217388153, 'max': 0.499329149723053}
  Saved validation predictions to: experiments/07b_regime_attention_sweep/rolling_enc8_gs500_vix25/fold_2020/collapse_monitoring/val_predictions_epoch65.npy
  Gradient norms:
    lstm_encoder: 0.009272
    lstm_decoder: 0.008343
    output_layer: 0.262178
  Regime gate grads (epoch avg): tensor([[ 0.3206,  0.2296],
        [-0.1071, -0.0757]])
  VSN output std:
    encoder: 0.247556
  Attention entropy: 2.079109
  Regime attention gates: [[0.499329149723053, 0.4938652217388153], [0.5078220367431641, 0.5105277895927429]]
  Saved to: experiments/07b_regime_attention_sweep/rolling_enc8_gs500_vix25/fold_2020/collapse_monitoring/collapse_monitor_latest.json
[DEBUG CollapseMonitor] on_validation_epoch_start called for epoch 66
[DEBUG CollapseMonitor] reset_temporal_state() called on loss function
Epoch 66: val_loss=0.6489254236221313
Epoch 66: train_loss=0.8822764158248901

[CollapseMonitor] Epoch 66
  [DEBUG] Processed 2 batches from val_dataloader
  [DEBUG] Predictions shape after concat: (44,)
  [DEBUG] All predictions list length: 2
  [DEBUG] First batch shape: (32,)
  Pred std: 0.007186, range: 0.022572, mean: 0.235386
  Pos: 100.0%, Neg: 0.0%, Unique: 44
  Dir Acc: 61.36%, Pred Sharpe: 519.9710
  Composite: 0.4951 (dist_match: 0.6136, actual_pos: 61.4%, pred_pos: 100.0%)
  Collapse penalty: 0.000000 (threshold: 0.005000)
  Regime distribution: {'regime_0_fraction': 1.0, 'regime_1_fraction': 0.0}
  Regime gates: {'mean': 0.4965847432613373, 'std': 0.002782776951789856, 'min': 0.49386051297187805, 'max': 0.49930888414382935}
  Saved validation predictions to: experiments/07b_regime_attention_sweep/rolling_enc8_gs500_vix25/fold_2020/collapse_monitoring/val_predictions_epoch66.npy
  Gradient norms:
    lstm_encoder: 0.008798
    lstm_decoder: 0.007565
    output_layer: 0.229551
  Regime gate grads (epoch avg): tensor([[ 0.0590,  0.0357],
        [-0.0181,  0.0184]])
  VSN output std:
    encoder: 0.247407
  Attention entropy: 2.079105
  Regime attention gates: [[0.49930888414382935, 0.49386051297187805], [0.5078535079956055, 0.5105444192886353]]
  Saved to: experiments/07b_regime_attention_sweep/rolling_enc8_gs500_vix25/fold_2020/collapse_monitoring/collapse_monitor_latest.json
[DEBUG CollapseMonitor] on_validation_epoch_start called for epoch 67
[DEBUG CollapseMonitor] reset_temporal_state() called on loss function
Epoch 67: val_loss=0.6489481329917908
Epoch 67: train_loss=0.8798930644989014

[CollapseMonitor] Epoch 67
  [DEBUG] Processed 2 batches from val_dataloader
  [DEBUG] Predictions shape after concat: (44,)
  [DEBUG] All predictions list length: 2
  [DEBUG] First batch shape: (32,)
  Pred std: 0.007173, range: 0.022542, mean: 0.233422
  Pos: 100.0%, Neg: 0.0%, Unique: 44
  Dir Acc: 61.36%, Pred Sharpe: 516.5642
  Composite: 0.4951 (dist_match: 0.6136, actual_pos: 61.4%, pred_pos: 100.0%)
  Collapse penalty: 0.000000 (threshold: 0.005000)
  Regime distribution: {'regime_0_fraction': 1.0, 'regime_1_fraction': 0.0}
  Regime gates: {'mean': 0.496563583612442, 'std': 0.002777708228677511, 'min': 0.4938443601131439, 'max': 0.4992828071117401}
  Saved validation predictions to: experiments/07b_regime_attention_sweep/rolling_enc8_gs500_vix25/fold_2020/collapse_monitoring/val_predictions_epoch67.npy
  Gradient norms:
    lstm_encoder: 0.008880
    lstm_decoder: 0.007929
    output_layer: 0.259145
  Regime gate grads (epoch avg): tensor([[ 0.1426,  0.0970],
        [-0.1503, -0.1791]])
  VSN output std:
    encoder: 0.247255
  Attention entropy: 2.079105
  Regime attention gates: [[0.4992828071117401, 0.4938443601131439], [0.5078779458999634, 0.5105730891227722]]
  Saved to: experiments/07b_regime_attention_sweep/rolling_enc8_gs500_vix25/fold_2020/collapse_monitoring/collapse_monitor_latest.json
[DEBUG CollapseMonitor] on_validation_epoch_start called for epoch 68
[DEBUG CollapseMonitor] reset_temporal_state() called on loss function
Epoch 68: val_loss=0.6489302515983582
Epoch 68: train_loss=0.8791944980621338

[CollapseMonitor] Epoch 68
  [DEBUG] Processed 2 batches from val_dataloader
  [DEBUG] Predictions shape after concat: (44,)
  [DEBUG] All predictions list length: 2
  [DEBUG] First batch shape: (32,)
  Pred std: 0.007169, range: 0.022528, mean: 0.234029
  Pos: 100.0%, Neg: 0.0%, Unique: 44
  Dir Acc: 61.36%, Pred Sharpe: 518.2092
  Composite: 0.4951 (dist_match: 0.6136, actual_pos: 61.4%, pred_pos: 100.0%)
  Collapse penalty: 0.000000 (threshold: 0.005000)
  Regime distribution: {'regime_0_fraction': 1.0, 'regime_1_fraction': 0.0}
  Regime gates: {'mean': 0.4965580701828003, 'std': 0.0027744050603359938, 'min': 0.49384212493896484, 'max': 0.4992741048336029}
  Saved validation predictions to: experiments/07b_regime_attention_sweep/rolling_enc8_gs500_vix25/fold_2020/collapse_monitoring/val_predictions_epoch68.npy
  Gradient norms:
    lstm_encoder: 0.007991
    lstm_decoder: 0.007633
    output_layer: 0.274813
  Regime gate grads (epoch avg): tensor([[ 0.0664, -0.0014],
        [-0.0461, -0.0912]])
  VSN output std:
    encoder: 0.247216
  Attention entropy: 2.079104
  Regime attention gates: [[0.4992741048336029, 0.49384212493896484], [0.5078871846199036, 0.5105871558189392]]
  Saved to: experiments/07b_regime_attention_sweep/rolling_enc8_gs500_vix25/fold_2020/collapse_monitoring/collapse_monitor_latest.json
[DEBUG CollapseMonitor] on_validation_epoch_start called for epoch 69
[DEBUG CollapseMonitor] reset_temporal_state() called on loss function
Epoch 69: val_loss=0.6488819718360901
Epoch 69: train_loss=0.8786031007766724

[CollapseMonitor] Epoch 69
  [DEBUG] Processed 2 batches from val_dataloader
  [DEBUG] Predictions shape after concat: (44,)
  [DEBUG] All predictions list length: 2
  [DEBUG] First batch shape: (32,)
  Pred std: 0.007177, range: 0.022529, mean: 0.235879
  Pos: 100.0%, Neg: 0.0%, Unique: 44
  Dir Acc: 61.36%, Pred Sharpe: 521.7344
  Composite: 0.4951 (dist_match: 0.6136, actual_pos: 61.4%, pred_pos: 100.0%)
  Collapse penalty: 0.000000 (threshold: 0.005000)
  Regime distribution: {'regime_0_fraction': 1.0, 'regime_1_fraction': 0.0}
  Regime gates: {'mean': 0.4965563118457794, 'std': 0.002773963613435626, 'min': 0.493840754032135, 'max': 0.49927186965942383}
  Saved validation predictions to: experiments/07b_regime_attention_sweep/rolling_enc8_gs500_vix25/fold_2020/collapse_monitoring/val_predictions_epoch69.npy
  Gradient norms:
    lstm_encoder: 0.008508
    lstm_decoder: 0.007229
    output_layer: 0.245725
  Regime gate grads (epoch avg): tensor([[ 0.0455, -0.0249],
        [-0.0879, -0.0477]])
  VSN output std:
    encoder: 0.247206
  Attention entropy: 2.079102
  Regime attention gates: [[0.49927186965942383, 0.493840754032135], [0.5079030394554138, 0.5106042623519897]]
  Saved to: experiments/07b_regime_attention_sweep/rolling_enc8_gs500_vix25/fold_2020/collapse_monitoring/collapse_monitor_latest.json
[DEBUG CollapseMonitor] on_validation_epoch_start called for epoch 70
[DEBUG CollapseMonitor] reset_temporal_state() called on loss function
Epoch 70: val_loss=0.6488427519798279
Epoch 70: train_loss=0.8725771903991699

[CollapseMonitor] Epoch 70
  [DEBUG] Processed 2 batches from val_dataloader
  [DEBUG] Predictions shape after concat: (44,)
  [DEBUG] All predictions list length: 2
  [DEBUG] First batch shape: (32,)
  Pred std: 0.007187, range: 0.022550, mean: 0.237503
  Pos: 100.0%, Neg: 0.0%, Unique: 44
  Dir Acc: 61.36%, Pred Sharpe: 524.5839
  Composite: 0.4951 (dist_match: 0.6136, actual_pos: 61.4%, pred_pos: 100.0%)
  Collapse penalty: 0.000000 (threshold: 0.005000)
  Regime distribution: {'regime_0_fraction': 1.0, 'regime_1_fraction': 0.0}
  Regime gates: {'mean': 0.49655404686927795, 'std': 0.002772852312773466, 'min': 0.4938395917415619, 'max': 0.4992685317993164}
  Saved validation predictions to: experiments/07b_regime_attention_sweep/rolling_enc8_gs500_vix25/fold_2020/collapse_monitoring/val_predictions_epoch70.npy
  Gradient norms:
    lstm_encoder: 0.008029
    lstm_decoder: 0.007152
    output_layer: 0.256760
  Regime gate grads (epoch avg): tensor([[ 0.0559,  0.0885],
        [-0.0727,  0.0265]])
  VSN output std:
    encoder: 0.247201
  Attention entropy: 2.079102
  Regime attention gates: [[0.4992685317993164, 0.4938395917415619], [0.5079129934310913, 0.5106068253517151]]
  Saved to: experiments/07b_regime_attention_sweep/rolling_enc8_gs500_vix25/fold_2020/collapse_monitoring/collapse_monitor_latest.json
[DEBUG CollapseMonitor] on_validation_epoch_start called for epoch 71
[DEBUG CollapseMonitor] reset_temporal_state() called on loss function
Epoch 71: val_loss=0.6488522291183472
Epoch 71: train_loss=0.8762171268463135

[CollapseMonitor] Epoch 71
  [DEBUG] Processed 2 batches from val_dataloader
  [DEBUG] Predictions shape after concat: (44,)
  [DEBUG] All predictions list length: 2
  [DEBUG] First batch shape: (32,)
  Pred std: 0.007177, range: 0.022517, mean: 0.237346
  Pos: 100.0%, Neg: 0.0%, Unique: 44
  Dir Acc: 61.36%, Pred Sharpe: 524.9901
  Composite: 0.4951 (dist_match: 0.6136, actual_pos: 61.4%, pred_pos: 100.0%)
  Collapse penalty: 0.000000 (threshold: 0.005000)
  Regime distribution: {'regime_0_fraction': 1.0, 'regime_1_fraction': 0.0}
  Regime gates: {'mean': 0.49654731154441833, 'std': 0.002776140347123146, 'min': 0.4938295781612396, 'max': 0.4992649555206299}
  Saved validation predictions to: experiments/07b_regime_attention_sweep/rolling_enc8_gs500_vix25/fold_2020/collapse_monitoring/val_predictions_epoch71.npy
  Gradient norms:
    lstm_encoder: 0.009581
    lstm_decoder: 0.008553
    output_layer: 0.267884
  Regime gate grads (epoch avg): tensor([[ 0.2029,  0.3350],
        [-0.0619, -0.0999]])
  VSN output std:
    encoder: 0.247202
  Attention entropy: 2.079101
  Regime attention gates: [[0.4992649555206299, 0.4938295781612396], [0.5079207420349121, 0.5106115341186523]]
  Saved to: experiments/07b_regime_attention_sweep/rolling_enc8_gs500_vix25/fold_2020/collapse_monitoring/collapse_monitor_latest.json
[DEBUG CollapseMonitor] on_validation_epoch_start called for epoch 72
[DEBUG CollapseMonitor] reset_temporal_state() called on loss function
Epoch 72: val_loss=0.6487447619438171
Epoch 72: train_loss=0.8786313533782959

[CollapseMonitor] Epoch 72
  [DEBUG] Processed 2 batches from val_dataloader
  [DEBUG] Predictions shape after concat: (44,)
  [DEBUG] All predictions list length: 2
  [DEBUG] First batch shape: (32,)
  Pred std: 0.007177, range: 0.022507, mean: 0.243010
  Pos: 100.0%, Neg: 0.0%, Unique: 44
  Dir Acc: 61.36%, Pred Sharpe: 537.4731
  Composite: 0.4951 (dist_match: 0.6136, actual_pos: 61.4%, pred_pos: 100.0%)
  Collapse penalty: 0.000000 (threshold: 0.005000)
  Regime distribution: {'regime_0_fraction': 1.0, 'regime_1_fraction': 0.0}
  Regime gates: {'mean': 0.49653640389442444, 'std': 0.0027798390947282314, 'min': 0.4938150942325592, 'max': 0.4992577135562897}
  Saved validation predictions to: experiments/07b_regime_attention_sweep/rolling_enc8_gs500_vix25/fold_2020/collapse_monitoring/val_predictions_epoch72.npy
  Gradient norms:
    lstm_encoder: 0.009140
    lstm_decoder: 0.008791
    output_layer: 0.279771
  Regime gate grads (epoch avg): tensor([[-0.0058,  0.0398],
        [-0.0478, -0.0284]])
  VSN output std:
    encoder: 0.247172
  Attention entropy: 2.079102
  Regime attention gates: [[0.4992577135562897, 0.4938150942325592], [0.5079288482666016, 0.5106194615364075]]
  Saved to: experiments/07b_regime_attention_sweep/rolling_enc8_gs500_vix25/fold_2020/collapse_monitoring/collapse_monitor_latest.json
[DEBUG CollapseMonitor] on_validation_epoch_start called for epoch 73
[DEBUG CollapseMonitor] reset_temporal_state() called on loss function
Epoch 73: val_loss=0.6487259864807129
Epoch 73: train_loss=0.8782397508621216

[CollapseMonitor] Epoch 73
  [DEBUG] Processed 2 batches from val_dataloader
  [DEBUG] Predictions shape after concat: (44,)
  [DEBUG] All predictions list length: 2
  [DEBUG] First batch shape: (32,)
  Pred std: 0.007180, range: 0.022513, mean: 0.245368
  Pos: 100.0%, Neg: 0.0%, Unique: 44
  Dir Acc: 61.36%, Pred Sharpe: 542.5183
  Composite: 0.4951 (dist_match: 0.6136, actual_pos: 61.4%, pred_pos: 100.0%)
  Collapse penalty: 0.000000 (threshold: 0.005000)
  Regime distribution: {'regime_0_fraction': 1.0, 'regime_1_fraction': 0.0}
  Regime gates: {'mean': 0.49653056263923645, 'std': 0.0027825941797345877, 'min': 0.4938066005706787, 'max': 0.49925461411476135}
  Saved validation predictions to: experiments/07b_regime_attention_sweep/rolling_enc8_gs500_vix25/fold_2020/collapse_monitoring/val_predictions_epoch73.npy
  Gradient norms:
    lstm_encoder: 0.008656
    lstm_decoder: 0.008227
    output_layer: 0.291552
  Regime gate grads (epoch avg): tensor([[ 0.0400,  0.0868],
        [-0.0619, -0.0334]])
  VSN output std:
    encoder: 0.247129
  Attention entropy: 2.079101
  Regime attention gates: [[0.49925461411476135, 0.4938066005706787], [0.5079354643821716, 0.5106273889541626]]
  Saved to: experiments/07b_regime_attention_sweep/rolling_enc8_gs500_vix25/fold_2020/collapse_monitoring/collapse_monitor_latest.json
[DEBUG CollapseMonitor] on_validation_epoch_start called for epoch 74
[DEBUG CollapseMonitor] reset_temporal_state() called on loss function
Epoch 74: val_loss=0.6487569212913513
Epoch 74: train_loss=0.8701677918434143

[CollapseMonitor] Epoch 74
  [DEBUG] Processed 2 batches from val_dataloader
  [DEBUG] Predictions shape after concat: (44,)
  [DEBUG] All predictions list length: 2
  [DEBUG] First batch shape: (32,)
  Pred std: 0.007182, range: 0.022507, mean: 0.243864
  Pos: 100.0%, Neg: 0.0%, Unique: 44
  Dir Acc: 61.36%, Pred Sharpe: 539.0511
  Composite: 0.4951 (dist_match: 0.6136, actual_pos: 61.4%, pred_pos: 100.0%)
  Collapse penalty: 0.000000 (threshold: 0.005000)
  Regime distribution: {'regime_0_fraction': 1.0, 'regime_1_fraction': 0.0}
  Regime gates: {'mean': 0.49652591347694397, 'std': 0.0027844361029565334, 'min': 0.4938001036643982, 'max': 0.49925172328948975}
  Saved validation predictions to: experiments/07b_regime_attention_sweep/rolling_enc8_gs500_vix25/fold_2020/collapse_monitoring/val_predictions_epoch74.npy
  Gradient norms:
    lstm_encoder: 0.009709
    lstm_decoder: 0.008605
    output_layer: 0.265681
  Regime gate grads (epoch avg): tensor([[0.0535, 0.1118],
        [0.0227, 0.0017]])
  VSN output std:
    encoder: 0.247132
  Attention entropy: 2.079101
  Regime attention gates: [[0.49925172328948975, 0.4938001036643982], [0.5079389214515686, 0.5106310248374939]]
  Saved to: experiments/07b_regime_attention_sweep/rolling_enc8_gs500_vix25/fold_2020/collapse_monitoring/collapse_monitor_latest.json
[DEBUG CollapseMonitor] on_validation_epoch_start called for epoch 75
[DEBUG CollapseMonitor] reset_temporal_state() called on loss function
Epoch 75: val_loss=0.6487587094306946
Epoch 75: train_loss=0.8767938613891602

[CollapseMonitor] Epoch 75
  [DEBUG] Processed 2 batches from val_dataloader
  [DEBUG] Predictions shape after concat: (44,)
  [DEBUG] All predictions list length: 2
  [DEBUG] First batch shape: (32,)
  Pred std: 0.007177, range: 0.022477, mean: 0.244224
  Pos: 100.0%, Neg: 0.0%, Unique: 44
  Dir Acc: 61.36%, Pred Sharpe: 540.1662
  Composite: 0.4951 (dist_match: 0.6136, actual_pos: 61.4%, pred_pos: 100.0%)
  Collapse penalty: 0.000000 (threshold: 0.005000)
  Regime distribution: {'regime_0_fraction': 1.0, 'regime_1_fraction': 0.0}
  Regime gates: {'mean': 0.49651992321014404, 'std': 0.002789352787658572, 'min': 0.49378934502601624, 'max': 0.499250590801239}
  Saved validation predictions to: experiments/07b_regime_attention_sweep/rolling_enc8_gs500_vix25/fold_2020/collapse_monitoring/val_predictions_epoch75.npy
  Gradient norms:
    lstm_encoder: 0.008967
    lstm_decoder: 0.008057
    output_layer: 0.257011
  Regime gate grads (epoch avg): tensor([[-0.0260,  0.0516],
        [ 0.0126, -0.0220]])
  VSN output std:
    encoder: 0.247137
  Attention entropy: 2.079101
  Regime attention gates: [[0.499250590801239, 0.49378934502601624], [0.5079413056373596, 0.5106390714645386]]
  Saved to: experiments/07b_regime_attention_sweep/rolling_enc8_gs500_vix25/fold_2020/collapse_monitoring/collapse_monitor_latest.json
[DEBUG CollapseMonitor] on_validation_epoch_start called for epoch 76
[DEBUG CollapseMonitor] reset_temporal_state() called on loss function
Epoch 76: val_loss=0.6487475037574768
Epoch 76: train_loss=0.8782860040664673

[CollapseMonitor] Epoch 76
  [DEBUG] Processed 2 batches from val_dataloader
  [DEBUG] Predictions shape after concat: (44,)
  [DEBUG] All predictions list length: 2
  [DEBUG] First batch shape: (32,)
  Pred std: 0.007161, range: 0.022423, mean: 0.244525
  Pos: 100.0%, Neg: 0.0%, Unique: 44
  Dir Acc: 61.36%, Pred Sharpe: 542.0351
  Composite: 0.4951 (dist_match: 0.6136, actual_pos: 61.4%, pred_pos: 100.0%)
  Collapse penalty: 0.000000 (threshold: 0.005000)
  Regime distribution: {'regime_0_fraction': 1.0, 'regime_1_fraction': 0.0}
  Regime gates: {'mean': 0.49651825428009033, 'std': 0.002790737897157669, 'min': 0.4937862753868103, 'max': 0.49925023317337036}
  Saved validation predictions to: experiments/07b_regime_attention_sweep/rolling_enc8_gs500_vix25/fold_2020/collapse_monitoring/val_predictions_epoch76.npy
  Gradient norms:
    lstm_encoder: 0.009193
    lstm_decoder: 0.007440
    output_layer: 0.255938
  Regime gate grads (epoch avg): tensor([[ 0.0774,  0.0822],
        [-0.0543, -0.0645]])
  VSN output std:
    encoder: 0.247102
  Attention entropy: 2.079102
  Regime attention gates: [[0.49925023317337036, 0.4937862753868103], [0.5079399347305298, 0.5106430649757385]]
  Saved to: experiments/07b_regime_attention_sweep/rolling_enc8_gs500_vix25/fold_2020/collapse_monitoring/collapse_monitor_latest.json
[DEBUG CollapseMonitor] on_validation_epoch_start called for epoch 77
[DEBUG CollapseMonitor] reset_temporal_state() called on loss function
Epoch 77: val_loss=0.6487317681312561
Epoch 77: train_loss=0.8813607692718506

[CollapseMonitor] Epoch 77
  [DEBUG] Processed 2 batches from val_dataloader
  [DEBUG] Predictions shape after concat: (44,)
  [DEBUG] All predictions list length: 2
  [DEBUG] First batch shape: (32,)
  Pred std: 0.007147, range: 0.022381, mean: 0.245091
  Pos: 100.0%, Neg: 0.0%, Unique: 44
  Dir Acc: 61.36%, Pred Sharpe: 544.4108
  Composite: 0.4951 (dist_match: 0.6136, actual_pos: 61.4%, pred_pos: 100.0%)
  Collapse penalty: 0.000000 (threshold: 0.005000)
  Regime distribution: {'regime_0_fraction': 1.0, 'regime_1_fraction': 0.0}
  Regime gates: {'mean': 0.49651655554771423, 'std': 0.0027887134347110987, 'min': 0.4937865436077118, 'max': 0.4992465376853943}
  Saved validation predictions to: experiments/07b_regime_attention_sweep/rolling_enc8_gs500_vix25/fold_2020/collapse_monitoring/val_predictions_epoch77.npy
  Gradient norms:
    lstm_encoder: 0.008562
    lstm_decoder: 0.008044
    output_layer: 0.255904
  Regime gate grads (epoch avg): tensor([[ 0.1411, -0.0505],
        [-0.0440,  0.0075]])
  VSN output std:
    encoder: 0.247078
  Attention entropy: 2.079102
  Regime attention gates: [[0.4992465376853943, 0.4937865436077118], [0.5079421997070312, 0.5106438398361206]]
  Saved to: experiments/07b_regime_attention_sweep/rolling_enc8_gs500_vix25/fold_2020/collapse_monitoring/collapse_monitor_latest.json
[DEBUG CollapseMonitor] on_validation_epoch_start called for epoch 78
[DEBUG CollapseMonitor] reset_temporal_state() called on loss function
Epoch 78: val_loss=0.6487410068511963
Epoch 78: train_loss=0.8743339776992798

[CollapseMonitor] Epoch 78
  [DEBUG] Processed 2 batches from val_dataloader
  [DEBUG] Predictions shape after concat: (44,)
  [DEBUG] All predictions list length: 2
  [DEBUG] First batch shape: (32,)
  Pred std: 0.007134, range: 0.022339, mean: 0.245139
  Pos: 100.0%, Neg: 0.0%, Unique: 44
  Dir Acc: 61.36%, Pred Sharpe: 545.4895
  Composite: 0.4951 (dist_match: 0.6136, actual_pos: 61.4%, pred_pos: 100.0%)
  Collapse penalty: 0.000000 (threshold: 0.005000)
  Regime distribution: {'regime_0_fraction': 1.0, 'regime_1_fraction': 0.0}
  Regime gates: {'mean': 0.49651816487312317, 'std': 0.002787404228001833, 'min': 0.4937894642353058, 'max': 0.49924689531326294}
  Saved validation predictions to: experiments/07b_regime_attention_sweep/rolling_enc8_gs500_vix25/fold_2020/collapse_monitoring/val_predictions_epoch78.npy
  Gradient norms:
    lstm_encoder: 0.008560
    lstm_decoder: 0.007771
    output_layer: 0.249941
  Regime gate grads (epoch avg): tensor([[-0.0071,  0.0289],
        [-0.1429, -0.1467]])
  VSN output std:
    encoder: 0.247069
  Attention entropy: 2.079103
  Regime attention gates: [[0.49924689531326294, 0.4937894642353058], [0.5079516172409058, 0.5106511116027832]]
  Saved to: experiments/07b_regime_attention_sweep/rolling_enc8_gs500_vix25/fold_2020/collapse_monitoring/collapse_monitor_latest.json
[DEBUG CollapseMonitor] on_validation_epoch_start called for epoch 79
[DEBUG CollapseMonitor] reset_temporal_state() called on loss function
Epoch 79: val_loss=0.6487459540367126
Epoch 79: train_loss=0.8775966167449951

[CollapseMonitor] Epoch 79
  [DEBUG] Processed 2 batches from val_dataloader
  [DEBUG] Predictions shape after concat: (44,)
  [DEBUG] All predictions list length: 2
  [DEBUG] First batch shape: (32,)
  Pred std: 0.007127, range: 0.022309, mean: 0.244681
  Pos: 100.0%, Neg: 0.0%, Unique: 44
  Dir Acc: 61.36%, Pred Sharpe: 545.0160
  Composite: 0.4951 (dist_match: 0.6136, actual_pos: 61.4%, pred_pos: 100.0%)
  Collapse penalty: 0.000000 (threshold: 0.005000)
  Regime distribution: {'regime_0_fraction': 1.0, 'regime_1_fraction': 0.0}
  Regime gates: {'mean': 0.4965168237686157, 'std': 0.0027871455531567335, 'min': 0.49378830194473267, 'max': 0.49924522638320923}
  Saved validation predictions to: experiments/07b_regime_attention_sweep/rolling_enc8_gs500_vix25/fold_2020/collapse_monitoring/val_predictions_epoch79.npy
  Gradient norms:
    lstm_encoder: 0.008193
    lstm_decoder: 0.006987
    output_layer: 0.219655
  Regime gate grads (epoch avg): tensor([[ 0.1745,  0.0896],
        [-0.1725, -0.1699]])
  VSN output std:
    encoder: 0.247090
  Attention entropy: 2.079103
  Regime attention gates: [[0.49924522638320923, 0.49378830194473267], [0.5079613924026489, 0.5106610059738159]]
  Saved to: experiments/07b_regime_attention_sweep/rolling_enc8_gs500_vix25/fold_2020/collapse_monitoring/collapse_monitor_latest.json
[DEBUG CollapseMonitor] on_validation_epoch_start called for epoch 80
[DEBUG CollapseMonitor] reset_temporal_state() called on loss function
Epoch 80: val_loss=0.6487540602684021
Epoch 80: train_loss=0.8769662976264954

[CollapseMonitor] Epoch 80
  [DEBUG] Processed 2 batches from val_dataloader
  [DEBUG] Predictions shape after concat: (44,)
  [DEBUG] All predictions list length: 2
  [DEBUG] First batch shape: (32,)
  Pred std: 0.007124, range: 0.022299, mean: 0.244413
  Pos: 100.0%, Neg: 0.0%, Unique: 44
  Dir Acc: 61.36%, Pred Sharpe: 544.6009
  Composite: 0.4951 (dist_match: 0.6136, actual_pos: 61.4%, pred_pos: 100.0%)
  Collapse penalty: 0.000000 (threshold: 0.005000)
  Regime distribution: {'regime_0_fraction': 1.0, 'regime_1_fraction': 0.0}
  Regime gates: {'mean': 0.49651622772216797, 'std': 0.002785318996757269, 'min': 0.49378952383995056, 'max': 0.4992428719997406}
  Saved validation predictions to: experiments/07b_regime_attention_sweep/rolling_enc8_gs500_vix25/fold_2020/collapse_monitoring/val_predictions_epoch80.npy
  Gradient norms:
    lstm_encoder: 0.008415
    lstm_decoder: 0.007104
    output_layer: 0.217192
  Regime gate grads (epoch avg): tensor([[ 0.0233, -0.1452],
        [-0.0998, -0.0659]])
  VSN output std:
    encoder: 0.247081
  Attention entropy: 2.079102
  Regime attention gates: [[0.4992428719997406, 0.49378952383995056], [0.50797039270401, 0.5106667280197144]]
  Saved to: experiments/07b_regime_attention_sweep/rolling_enc8_gs500_vix25/fold_2020/collapse_monitoring/collapse_monitor_latest.json
[DEBUG CollapseMonitor] on_validation_epoch_start called for epoch 81
[DEBUG CollapseMonitor] reset_temporal_state() called on loss function
Epoch 81: val_loss=0.6487504839897156
Epoch 81: train_loss=0.86626797914505

[CollapseMonitor] Epoch 81
  [DEBUG] Processed 2 batches from val_dataloader
  [DEBUG] Predictions shape after concat: (44,)
  [DEBUG] All predictions list length: 2
  [DEBUG] First batch shape: (32,)
  Pred std: 0.007122, range: 0.022282, mean: 0.243544
  Pos: 100.0%, Neg: 0.0%, Unique: 44
  Dir Acc: 61.36%, Pred Sharpe: 542.8240
  Composite: 0.4951 (dist_match: 0.6136, actual_pos: 61.4%, pred_pos: 100.0%)
  Collapse penalty: 0.000000 (threshold: 0.005000)
  Regime distribution: {'regime_0_fraction': 1.0, 'regime_1_fraction': 0.0}
  Regime gates: {'mean': 0.4965153634548187, 'std': 0.002784131560474634, 'min': 0.49378982186317444, 'max': 0.49924084544181824}
  Saved validation predictions to: experiments/07b_regime_attention_sweep/rolling_enc8_gs500_vix25/fold_2020/collapse_monitoring/val_predictions_epoch81.npy
  Gradient norms:
    lstm_encoder: 0.008201
    lstm_decoder: 0.007384
    output_layer: 0.240640
  Regime gate grads (epoch avg): tensor([[ 0.0044,  0.0755],
        [-0.1836, -0.1144]])
  VSN output std:
    encoder: 0.247094
  Attention entropy: 2.079102
  Regime attention gates: [[0.49924084544181824, 0.49378982186317444], [0.5079829096794128, 0.5106759667396545]]
  Saved to: experiments/07b_regime_attention_sweep/rolling_enc8_gs500_vix25/fold_2020/collapse_monitoring/collapse_monitor_latest.json
[DEBUG CollapseMonitor] on_validation_epoch_start called for epoch 82
[DEBUG CollapseMonitor] reset_temporal_state() called on loss function
Epoch 82: val_loss=0.6487475633621216
Epoch 82: train_loss=0.8787840604782104

[CollapseMonitor] Epoch 82
  [DEBUG] Processed 2 batches from val_dataloader
  [DEBUG] Predictions shape after concat: (44,)
  [DEBUG] All predictions list length: 2
  [DEBUG] First batch shape: (32,)
  Pred std: 0.007111, range: 0.022248, mean: 0.244011
  Pos: 100.0%, Neg: 0.0%, Unique: 44
  Dir Acc: 61.36%, Pred Sharpe: 544.7196
  Composite: 0.4951 (dist_match: 0.6136, actual_pos: 61.4%, pred_pos: 100.0%)
  Collapse penalty: 0.000000 (threshold: 0.005000)
  Regime distribution: {'regime_0_fraction': 1.0, 'regime_1_fraction': 0.0}
  Regime gates: {'mean': 0.4965135157108307, 'std': 0.0027837511152029037, 'min': 0.4937884211540222, 'max': 0.4992386996746063}
  Saved validation predictions to: experiments/07b_regime_attention_sweep/rolling_enc8_gs500_vix25/fold_2020/collapse_monitoring/val_predictions_epoch82.npy
  Gradient norms:
    lstm_encoder: 0.009273
    lstm_decoder: 0.008080
    output_layer: 0.223172
  Regime gate grads (epoch avg): tensor([[-0.1044, -0.0868],
        [-0.1924, -0.1720]])
  VSN output std:
    encoder: 0.247088
  Attention entropy: 2.079102
  Regime attention gates: [[0.4992386996746063, 0.4937884211540222], [0.5079923272132874, 0.5106829404830933]]
  Saved to: experiments/07b_regime_attention_sweep/rolling_enc8_gs500_vix25/fold_2020/collapse_monitoring/collapse_monitor_latest.json
[DEBUG CollapseMonitor] on_validation_epoch_start called for epoch 83
[DEBUG CollapseMonitor] reset_temporal_state() called on loss function
Epoch 83: val_loss=0.6487377285957336
Epoch 83: train_loss=0.8775438666343689

[CollapseMonitor] Epoch 83
  [DEBUG] Processed 2 batches from val_dataloader
  [DEBUG] Predictions shape after concat: (44,)
  [DEBUG] All predictions list length: 2
  [DEBUG] First batch shape: (32,)
  Pred std: 0.007105, range: 0.022226, mean: 0.244467
  Pos: 100.0%, Neg: 0.0%, Unique: 44
  Dir Acc: 61.36%, Pred Sharpe: 546.2228
  Composite: 0.4951 (dist_match: 0.6136, actual_pos: 61.4%, pred_pos: 100.0%)
  Collapse penalty: 0.000000 (threshold: 0.005000)
  Regime distribution: {'regime_0_fraction': 1.0, 'regime_1_fraction': 0.0}
  Regime gates: {'mean': 0.4965111017227173, 'std': 0.002783233532682061, 'min': 0.49378645420074463, 'max': 0.49923571944236755}
  Saved validation predictions to: experiments/07b_regime_attention_sweep/rolling_enc8_gs500_vix25/fold_2020/collapse_monitoring/val_predictions_epoch83.npy
  Gradient norms:
    lstm_encoder: 0.009810
    lstm_decoder: 0.008469
    output_layer: 0.281671
  Regime gate grads (epoch avg): tensor([[ 0.1457,  0.1450],
        [-0.0840, -0.1122]])
  VSN output std:
    encoder: 0.247079
  Attention entropy: 2.079103
  Regime attention gates: [[0.49923571944236755, 0.49378645420074463], [0.5080024003982544, 0.5106927752494812]]
  Saved to: experiments/07b_regime_attention_sweep/rolling_enc8_gs500_vix25/fold_2020/collapse_monitoring/collapse_monitor_latest.json
[DEBUG CollapseMonitor] on_validation_epoch_start called for epoch 84
[DEBUG CollapseMonitor] reset_temporal_state() called on loss function
Epoch 84: val_loss=0.6487010717391968
Epoch 84: train_loss=0.8769633769989014

[CollapseMonitor] Epoch 84
  [DEBUG] Processed 2 batches from val_dataloader
  [DEBUG] Predictions shape after concat: (44,)
  [DEBUG] All predictions list length: 2
  [DEBUG] First batch shape: (32,)
  Pred std: 0.007095, range: 0.022184, mean: 0.246273
  Pos: 100.0%, Neg: 0.0%, Unique: 44
  Dir Acc: 61.36%, Pred Sharpe: 551.0379
  Composite: 0.4951 (dist_match: 0.6136, actual_pos: 61.4%, pred_pos: 100.0%)
  Collapse penalty: 0.000000 (threshold: 0.005000)
  Regime distribution: {'regime_0_fraction': 1.0, 'regime_1_fraction': 0.0}
  Regime gates: {'mean': 0.4965094029903412, 'std': 0.0027830356266349554, 'min': 0.49378493428230286, 'max': 0.49923381209373474}
  Saved validation predictions to: experiments/07b_regime_attention_sweep/rolling_enc8_gs500_vix25/fold_2020/collapse_monitoring/val_predictions_epoch84.npy
  Gradient norms:
    lstm_encoder: 0.008446
    lstm_decoder: 0.007627
    output_layer: 0.243191
  Regime gate grads (epoch avg): tensor([[-0.0156, -0.0873],
        [-0.1224, -0.1416]])
  VSN output std:
    encoder: 0.247070
  Attention entropy: 2.079103
  Regime attention gates: [[0.49923381209373474, 0.49378493428230286], [0.5080137252807617, 0.510705828666687]]
  Saved to: experiments/07b_regime_attention_sweep/rolling_enc8_gs500_vix25/fold_2020/collapse_monitoring/collapse_monitor_latest.json
[DEBUG CollapseMonitor] on_validation_epoch_start called for epoch 85
[DEBUG CollapseMonitor] reset_temporal_state() called on loss function
Epoch 85: val_loss=0.6486911177635193
Epoch 85: train_loss=0.8789042234420776

[CollapseMonitor] Epoch 85
  [DEBUG] Processed 2 batches from val_dataloader
  [DEBUG] Predictions shape after concat: (44,)
  [DEBUG] All predictions list length: 2
  [DEBUG] First batch shape: (32,)
  Pred std: 0.007085, range: 0.022146, mean: 0.246508
  Pos: 100.0%, Neg: 0.0%, Unique: 44
  Dir Acc: 61.36%, Pred Sharpe: 552.3167
  Composite: 0.4951 (dist_match: 0.6136, actual_pos: 61.4%, pred_pos: 100.0%)
  Collapse penalty: 0.000000 (threshold: 0.005000)
  Regime distribution: {'regime_0_fraction': 1.0, 'regime_1_fraction': 0.0}
  Regime gates: {'mean': 0.49650731682777405, 'std': 0.0027816505171358585, 'min': 0.49378421902656555, 'max': 0.49923038482666016}
  Saved validation predictions to: experiments/07b_regime_attention_sweep/rolling_enc8_gs500_vix25/fold_2020/collapse_monitoring/val_predictions_epoch85.npy
  Gradient norms:
    lstm_encoder: 0.009319
    lstm_decoder: 0.007915
    output_layer: 0.252629
  Regime gate grads (epoch avg): tensor([[ 0.1724,  0.1583],
        [-0.1275, -0.0318]])
  VSN output std:
    encoder: 0.247066
  Attention entropy: 2.079104
  Regime attention gates: [[0.49923038482666016, 0.49378421902656555], [0.5080225467681885, 0.5107117295265198]]
  Saved to: experiments/07b_regime_attention_sweep/rolling_enc8_gs500_vix25/fold_2020/collapse_monitoring/collapse_monitor_latest.json
[DEBUG CollapseMonitor] on_validation_epoch_start called for epoch 86
[DEBUG CollapseMonitor] reset_temporal_state() called on loss function
Epoch 86: val_loss=0.6486939787864685
Epoch 86: train_loss=0.8786416053771973

[CollapseMonitor] Epoch 86
  [DEBUG] Processed 2 batches from val_dataloader
  [DEBUG] Predictions shape after concat: (44,)
  [DEBUG] All predictions list length: 2
  [DEBUG] First batch shape: (32,)
  Pred std: 0.007083, range: 0.022130, mean: 0.246447
  Pos: 100.0%, Neg: 0.0%, Unique: 44
  Dir Acc: 61.36%, Pred Sharpe: 552.3690
  Composite: 0.4951 (dist_match: 0.6136, actual_pos: 61.4%, pred_pos: 100.0%)
  Collapse penalty: 0.000000 (threshold: 0.005000)
  Regime distribution: {'regime_0_fraction': 1.0, 'regime_1_fraction': 0.0}
  Regime gates: {'mean': 0.4965079724788666, 'std': 0.002782396273687482, 'min': 0.4937841296195984, 'max': 0.49923175573349}
  Saved validation predictions to: experiments/07b_regime_attention_sweep/rolling_enc8_gs500_vix25/fold_2020/collapse_monitoring/val_predictions_epoch86.npy
  Gradient norms:
    lstm_encoder: 0.007993
    lstm_decoder: 0.007218
    output_layer: 0.206067
  Regime gate grads (epoch avg): tensor([[-0.0027,  0.1399],
        [-0.0023, -0.0920]])
  VSN output std:
    encoder: 0.247090
  Attention entropy: 2.079104
  Regime attention gates: [[0.49923175573349, 0.4937841296195984], [0.5080243349075317, 0.5107136368751526]]
  Saved to: experiments/07b_regime_attention_sweep/rolling_enc8_gs500_vix25/fold_2020/collapse_monitoring/collapse_monitor_latest.json
[DEBUG CollapseMonitor] on_validation_epoch_start called for epoch 87
[DEBUG CollapseMonitor] reset_temporal_state() called on loss function
Epoch 87: val_loss=0.6486914157867432
Epoch 87: train_loss=0.8755473494529724

[CollapseMonitor] Epoch 87
  [DEBUG] Processed 2 batches from val_dataloader
  [DEBUG] Predictions shape after concat: (44,)
  [DEBUG] All predictions list length: 2
  [DEBUG] First batch shape: (32,)
  Pred std: 0.007076, range: 0.022104, mean: 0.246669
  Pos: 100.0%, Neg: 0.0%, Unique: 44
  Dir Acc: 61.36%, Pred Sharpe: 553.3671
  Composite: 0.4951 (dist_match: 0.6136, actual_pos: 61.4%, pred_pos: 100.0%)
  Collapse penalty: 0.000000 (threshold: 0.005000)
  Regime distribution: {'regime_0_fraction': 1.0, 'regime_1_fraction': 0.0}
  Regime gates: {'mean': 0.49650657176971436, 'std': 0.0027834924403578043, 'min': 0.4937816858291626, 'max': 0.4992314577102661}
  Saved validation predictions to: experiments/07b_regime_attention_sweep/rolling_enc8_gs500_vix25/fold_2020/collapse_monitoring/val_predictions_epoch87.npy
  Gradient norms:
    lstm_encoder: 0.009422
    lstm_decoder: 0.008267
    output_layer: 0.255296
  Regime gate grads (epoch avg): tensor([[ 0.1170,  0.0957],
        [-0.1590, -0.1575]])
  VSN output std:
    encoder: 0.247102
  Attention entropy: 2.079104
  Regime attention gates: [[0.4992314577102661, 0.4937816858291626], [0.5080308318138123, 0.5107219219207764]]
  Saved to: experiments/07b_regime_attention_sweep/rolling_enc8_gs500_vix25/fold_2020/collapse_monitoring/collapse_monitor_latest.json
[DEBUG CollapseMonitor] on_validation_epoch_start called for epoch 88
[DEBUG CollapseMonitor] reset_temporal_state() called on loss function
Epoch 88: val_loss=0.6486844420433044
Epoch 88: train_loss=0.8774830102920532

[CollapseMonitor] Epoch 88
  [DEBUG] Processed 2 batches from val_dataloader
  [DEBUG] Predictions shape after concat: (44,)
  [DEBUG] All predictions list length: 2
  [DEBUG] First batch shape: (32,)
  Pred std: 0.007072, range: 0.022085, mean: 0.246981
  Pos: 100.0%, Neg: 0.0%, Unique: 44
  Dir Acc: 61.36%, Pred Sharpe: 554.3910
  Composite: 0.4951 (dist_match: 0.6136, actual_pos: 61.4%, pred_pos: 100.0%)
  Collapse penalty: 0.000000 (threshold: 0.005000)
  Regime distribution: {'regime_0_fraction': 1.0, 'regime_1_fraction': 0.0}
  Regime gates: {'mean': 0.4965018332004547, 'std': 0.0027844056021422148, 'min': 0.4937760829925537, 'max': 0.4992276430130005}
  Saved validation predictions to: experiments/07b_regime_attention_sweep/rolling_enc8_gs500_vix25/fold_2020/collapse_monitoring/val_predictions_epoch88.npy
  Gradient norms:
    lstm_encoder: 0.008753
    lstm_decoder: 0.008050
    output_layer: 0.269945
  Regime gate grads (epoch avg): tensor([[ 0.2239,  0.3435],
        [-0.0441,  0.0605]])
  VSN output std:
    encoder: 0.247114
  Attention entropy: 2.079104
  Regime attention gates: [[0.4992276430130005, 0.4937760829925537], [0.5080340504646301, 0.5107247233390808]]
  Saved to: experiments/07b_regime_attention_sweep/rolling_enc8_gs500_vix25/fold_2020/collapse_monitoring/collapse_monitor_latest.json
[DEBUG CollapseMonitor] on_validation_epoch_start called for epoch 89
[DEBUG CollapseMonitor] reset_temporal_state() called on loss function
Epoch 89: val_loss=0.6486660242080688
Epoch 89: train_loss=0.8741719722747803

[CollapseMonitor] Epoch 89
  [DEBUG] Processed 2 batches from val_dataloader
  [DEBUG] Predictions shape after concat: (44,)
  [DEBUG] All predictions list length: 2
  [DEBUG] First batch shape: (32,)
  Pred std: 0.007071, range: 0.022072, mean: 0.247637
  Pos: 100.0%, Neg: 0.0%, Unique: 43
  Dir Acc: 61.36%, Pred Sharpe: 555.9856
  Composite: 0.4951 (dist_match: 0.6136, actual_pos: 61.4%, pred_pos: 100.0%)
  Collapse penalty: 0.000000 (threshold: 0.005000)
  Regime distribution: {'regime_0_fraction': 1.0, 'regime_1_fraction': 0.0}
  Regime gates: {'mean': 0.4964967668056488, 'std': 0.0027853951323777437, 'min': 0.4937700629234314, 'max': 0.4992235600948334}
  Saved validation predictions to: experiments/07b_regime_attention_sweep/rolling_enc8_gs500_vix25/fold_2020/collapse_monitoring/val_predictions_epoch89.npy
  Gradient norms:
    lstm_encoder: 0.009415
    lstm_decoder: 0.008254
    output_layer: 0.264845
  Regime gate grads (epoch avg): tensor([[ 0.2323,  0.2207],
        [-0.1178, -0.0080]])
  VSN output std:
    encoder: 0.247127
  Attention entropy: 2.079105
  Regime attention gates: [[0.4992235600948334, 0.4937700629234314], [0.508038341999054, 0.5107251405715942]]
  Saved to: experiments/07b_regime_attention_sweep/rolling_enc8_gs500_vix25/fold_2020/collapse_monitoring/collapse_monitor_latest.json
[DEBUG CollapseMonitor] on_validation_epoch_start called for epoch 90
[DEBUG CollapseMonitor] reset_temporal_state() called on loss function
Epoch 90: val_loss=0.6486513614654541
Epoch 90: train_loss=0.8721898198127747

[CollapseMonitor] Epoch 90
  [DEBUG] Processed 2 batches from val_dataloader
  [DEBUG] Predictions shape after concat: (44,)
  [DEBUG] All predictions list length: 2
  [DEBUG] First batch shape: (32,)
  Pred std: 0.007065, range: 0.022052, mean: 0.248048
  Pos: 100.0%, Neg: 0.0%, Unique: 44
  Dir Acc: 61.36%, Pred Sharpe: 557.3328
  Composite: 0.4951 (dist_match: 0.6136, actual_pos: 61.4%, pred_pos: 100.0%)
  Collapse penalty: 0.000000 (threshold: 0.005000)
  Regime distribution: {'regime_0_fraction': 1.0, 'regime_1_fraction': 0.0}
  Regime gates: {'mean': 0.4964950978755951, 'std': 0.002785897348076105, 'min': 0.4937678277492523, 'max': 0.4992223083972931}
  Saved validation predictions to: experiments/07b_regime_attention_sweep/rolling_enc8_gs500_vix25/fold_2020/collapse_monitoring/val_predictions_epoch90.npy
  Gradient norms:
    lstm_encoder: 0.008450
    lstm_decoder: 0.008090
    output_layer: 0.261306
  Regime gate grads (epoch avg): tensor([[-0.0369, -0.0380],
        [ 0.0102, -0.0530]])
  VSN output std:
    encoder: 0.247119
  Attention entropy: 2.079106
  Regime attention gates: [[0.4992223083972931, 0.4937678277492523], [0.5080407857894897, 0.5107252597808838]]
  Saved to: experiments/07b_regime_attention_sweep/rolling_enc8_gs500_vix25/fold_2020/collapse_monitoring/collapse_monitor_latest.json
[DEBUG CollapseMonitor] on_validation_epoch_start called for epoch 91
[DEBUG CollapseMonitor] reset_temporal_state() called on loss function
Epoch 91: val_loss=0.6486537456512451
Epoch 91: train_loss=0.8759028315544128

[CollapseMonitor] Epoch 91
  [DEBUG] Processed 2 batches from val_dataloader
  [DEBUG] Predictions shape after concat: (44,)
  [DEBUG] All predictions list length: 2
  [DEBUG] First batch shape: (32,)
  Pred std: 0.007059, range: 0.022031, mean: 0.247960
  Pos: 100.0%, Neg: 0.0%, Unique: 44
  Dir Acc: 61.36%, Pred Sharpe: 557.6468
  Composite: 0.4951 (dist_match: 0.6136, actual_pos: 61.4%, pred_pos: 100.0%)
  Collapse penalty: 0.000000 (threshold: 0.005000)
  Regime distribution: {'regime_0_fraction': 1.0, 'regime_1_fraction': 0.0}
  Regime gates: {'mean': 0.4964941740036011, 'std': 0.0027856689412146807, 'min': 0.4937672019004822, 'max': 0.49922123551368713}
  Saved validation predictions to: experiments/07b_regime_attention_sweep/rolling_enc8_gs500_vix25/fold_2020/collapse_monitoring/val_predictions_epoch91.npy
  Gradient norms:
    lstm_encoder: 0.007988
    lstm_decoder: 0.007219
    output_layer: 0.221162
  Regime gate grads (epoch avg): tensor([[ 0.1789,  0.1374],
        [-0.0947, -0.1298]])
  VSN output std:
    encoder: 0.247100
  Attention entropy: 2.079107
  Regime attention gates: [[0.49922123551368713, 0.4937672019004822], [0.5080424547195435, 0.5107284188270569]]
  Saved to: experiments/07b_regime_attention_sweep/rolling_enc8_gs500_vix25/fold_2020/collapse_monitoring/collapse_monitor_latest.json
[DEBUG CollapseMonitor] on_validation_epoch_start called for epoch 92
[DEBUG CollapseMonitor] reset_temporal_state() called on loss function
Epoch 92: val_loss=0.6486557722091675
Epoch 92: train_loss=0.8722469806671143

[CollapseMonitor] Epoch 92
  [DEBUG] Processed 2 batches from val_dataloader
  [DEBUG] Predictions shape after concat: (44,)
  [DEBUG] All predictions list length: 2
  [DEBUG] First batch shape: (32,)
  Pred std: 0.007054, range: 0.022016, mean: 0.247845
  Pos: 100.0%, Neg: 0.0%, Unique: 44
  Dir Acc: 61.36%, Pred Sharpe: 557.7947
  Composite: 0.4951 (dist_match: 0.6136, actual_pos: 61.4%, pred_pos: 100.0%)
  Collapse penalty: 0.000000 (threshold: 0.005000)
  Regime distribution: {'regime_0_fraction': 1.0, 'regime_1_fraction': 0.0}
  Regime gates: {'mean': 0.4964931011199951, 'std': 0.0027867041062563658, 'min': 0.49376505613327026, 'max': 0.4992211163043976}
  Saved validation predictions to: experiments/07b_regime_attention_sweep/rolling_enc8_gs500_vix25/fold_2020/collapse_monitoring/val_predictions_epoch92.npy
  Gradient norms:
    lstm_encoder: 0.009319
    lstm_decoder: 0.007708
    output_layer: 0.203046
  Regime gate grads (epoch avg): tensor([[-0.0229,  0.0410],
        [-0.0525, -0.1207]])
  VSN output std:
    encoder: 0.247088
  Attention entropy: 2.079107
  Regime attention gates: [[0.4992211163043976, 0.49376505613327026], [0.5080450177192688, 0.5107321739196777]]
  Saved to: experiments/07b_regime_attention_sweep/rolling_enc8_gs500_vix25/fold_2020/collapse_monitoring/collapse_monitor_latest.json
[DEBUG CollapseMonitor] on_validation_epoch_start called for epoch 93
[DEBUG CollapseMonitor] reset_temporal_state() called on loss function
Epoch 93: val_loss=0.6486499309539795
Epoch 93: train_loss=0.8767841458320618

[CollapseMonitor] Epoch 93
  [DEBUG] Processed 2 batches from val_dataloader
  [DEBUG] Predictions shape after concat: (44,)
  [DEBUG] All predictions list length: 2
  [DEBUG] First batch shape: (32,)
  Pred std: 0.007045, range: 0.021989, mean: 0.248122
  Pos: 100.0%, Neg: 0.0%, Unique: 44
  Dir Acc: 61.36%, Pred Sharpe: 559.0681
  Composite: 0.4951 (dist_match: 0.6136, actual_pos: 61.4%, pred_pos: 100.0%)
  Collapse penalty: 0.000000 (threshold: 0.005000)
  Regime distribution: {'regime_0_fraction': 1.0, 'regime_1_fraction': 0.0}
  Regime gates: {'mean': 0.49649015069007874, 'std': 0.0027859429828822613, 'min': 0.4937628507614136, 'max': 0.4992174208164215}
  Saved validation predictions to: experiments/07b_regime_attention_sweep/rolling_enc8_gs500_vix25/fold_2020/collapse_monitoring/val_predictions_epoch93.npy
  Gradient norms:
    lstm_encoder: 0.009441
    lstm_decoder: 0.008130
    output_layer: 0.251311
  Regime gate grads (epoch avg): tensor([[ 0.2626,  0.1000],
        [-0.1009, -0.0770]])
  VSN output std:
    encoder: 0.247080
  Attention entropy: 2.079108
  Regime attention gates: [[0.4992174208164215, 0.4937628507614136], [0.5080505013465881, 0.5107386112213135]]
  Saved to: experiments/07b_regime_attention_sweep/rolling_enc8_gs500_vix25/fold_2020/collapse_monitoring/collapse_monitor_latest.json
[DEBUG CollapseMonitor] on_validation_epoch_start called for epoch 94
[DEBUG CollapseMonitor] reset_temporal_state() called on loss function
Epoch 94: val_loss=0.6486389636993408
Epoch 94: train_loss=0.872962474822998

[CollapseMonitor] Epoch 94
  [DEBUG] Processed 2 batches from val_dataloader
  [DEBUG] Predictions shape after concat: (44,)
  [DEBUG] All predictions list length: 2
  [DEBUG] First batch shape: (32,)
  Pred std: 0.007042, range: 0.021977, mean: 0.248428
  Pos: 100.0%, Neg: 0.0%, Unique: 44
  Dir Acc: 61.36%, Pred Sharpe: 560.0128
  Composite: 0.4951 (dist_match: 0.6136, actual_pos: 61.4%, pred_pos: 100.0%)
  Collapse penalty: 0.000000 (threshold: 0.005000)
  Regime distribution: {'regime_0_fraction': 1.0, 'regime_1_fraction': 0.0}
  Regime gates: {'mean': 0.4964864253997803, 'std': 0.0027863692957907915, 'min': 0.4937587082386017, 'max': 0.4992141127586365}
  Saved validation predictions to: experiments/07b_regime_attention_sweep/rolling_enc8_gs500_vix25/fold_2020/collapse_monitoring/val_predictions_epoch94.npy
  Gradient norms:
    lstm_encoder: 0.008148
    lstm_decoder: 0.006923
    output_layer: 0.221007
  Regime gate grads (epoch avg): tensor([[ 0.1949,  0.3599],
        [-0.0118, -0.0380]])
  VSN output std:
    encoder: 0.247079
  Attention entropy: 2.079108
  Regime attention gates: [[0.4992141127586365, 0.4937587082386017], [0.5080533027648926, 0.5107430219650269]]
  Saved to: experiments/07b_regime_attention_sweep/rolling_enc8_gs500_vix25/fold_2020/collapse_monitoring/collapse_monitor_latest.json
[DEBUG CollapseMonitor] on_validation_epoch_start called for epoch 95
[DEBUG CollapseMonitor] reset_temporal_state() called on loss function
Epoch 95: val_loss=0.6486446261405945
Epoch 95: train_loss=0.875015139579773

[CollapseMonitor] Epoch 95
  [DEBUG] Processed 2 batches from val_dataloader
  [DEBUG] Predictions shape after concat: (44,)
  [DEBUG] All predictions list length: 2
  [DEBUG] First batch shape: (32,)
  Pred std: 0.007040, range: 0.021967, mean: 0.248503
  Pos: 100.0%, Neg: 0.0%, Unique: 44
  Dir Acc: 61.36%, Pred Sharpe: 560.3875
  Composite: 0.4951 (dist_match: 0.6136, actual_pos: 61.4%, pred_pos: 100.0%)
  Collapse penalty: 0.000000 (threshold: 0.005000)
  Regime distribution: {'regime_0_fraction': 1.0, 'regime_1_fraction': 0.0}
  Regime gates: {'mean': 0.49648264050483704, 'std': 0.002787906676530838, 'min': 0.49375343322753906, 'max': 0.499211847782135}
  Saved validation predictions to: experiments/07b_regime_attention_sweep/rolling_enc8_gs500_vix25/fold_2020/collapse_monitoring/val_predictions_epoch95.npy
  Gradient norms:
    lstm_encoder: 0.009597
    lstm_decoder: 0.008690
    output_layer: 0.268103
  Regime gate grads (epoch avg): tensor([[-0.0133,  0.0559],
        [-0.0712, -0.0553]])
  VSN output std:
    encoder: 0.247077
  Attention entropy: 2.079108
  Regime attention gates: [[0.499211847782135, 0.49375343322753906], [0.5080567598342896, 0.5107461810112]]
  Saved to: experiments/07b_regime_attention_sweep/rolling_enc8_gs500_vix25/fold_2020/collapse_monitoring/collapse_monitor_latest.json
[DEBUG CollapseMonitor] on_validation_epoch_start called for epoch 96
[DEBUG CollapseMonitor] reset_temporal_state() called on loss function
Epoch 96: val_loss=0.6486414074897766
Epoch 96: train_loss=0.8761857151985168

[CollapseMonitor] Epoch 96
  [DEBUG] Processed 2 batches from val_dataloader
  [DEBUG] Predictions shape after concat: (44,)
  [DEBUG] All predictions list length: 2
  [DEBUG] First batch shape: (32,)
  Pred std: 0.007043, range: 0.021976, mean: 0.248590
  Pos: 100.0%, Neg: 0.0%, Unique: 44
  Dir Acc: 61.36%, Pred Sharpe: 560.2997
  Composite: 0.4951 (dist_match: 0.6136, actual_pos: 61.4%, pred_pos: 100.0%)
  Collapse penalty: 0.000000 (threshold: 0.005000)
  Regime distribution: {'regime_0_fraction': 1.0, 'regime_1_fraction': 0.0}
  Regime gates: {'mean': 0.4964792728424072, 'std': 0.0027897940017282963, 'min': 0.49374818801879883, 'max': 0.49921029806137085}
  Saved validation predictions to: experiments/07b_regime_attention_sweep/rolling_enc8_gs500_vix25/fold_2020/collapse_monitoring/val_predictions_epoch96.npy
  Gradient norms:
    lstm_encoder: 0.008626
    lstm_decoder: 0.007896
    output_layer: 0.251352
  Regime gate grads (epoch avg): tensor([[ 0.0251,  0.0921],
        [-0.1346, -0.1568]])
  VSN output std:
    encoder: 0.247052
  Attention entropy: 2.079107
  Regime attention gates: [[0.49921029806137085, 0.49374818801879883], [0.5080636739730835, 0.5107530951499939]]
  Saved to: experiments/07b_regime_attention_sweep/rolling_enc8_gs500_vix25/fold_2020/collapse_monitoring/collapse_monitor_latest.json
[DEBUG CollapseMonitor] on_validation_epoch_start called for epoch 97
[DEBUG CollapseMonitor] reset_temporal_state() called on loss function
Epoch 97: val_loss=0.6486431360244751
Epoch 97: train_loss=0.8804979920387268

[CollapseMonitor] Epoch 97
  [DEBUG] Processed 2 batches from val_dataloader
  [DEBUG] Predictions shape after concat: (44,)
  [DEBUG] All predictions list length: 2
  [DEBUG] First batch shape: (32,)
  Pred std: 0.007049, range: 0.021986, mean: 0.248485
  Pos: 100.0%, Neg: 0.0%, Unique: 44
  Dir Acc: 61.36%, Pred Sharpe: 559.6060
  Composite: 0.4951 (dist_match: 0.6136, actual_pos: 61.4%, pred_pos: 100.0%)
  Collapse penalty: 0.000000 (threshold: 0.005000)
  Regime distribution: {'regime_0_fraction': 1.0, 'regime_1_fraction': 0.0}
  Regime gates: {'mean': 0.4964773654937744, 'std': 0.00279139238409698, 'min': 0.49374470114707947, 'max': 0.4992099404335022}
  Saved validation predictions to: experiments/07b_regime_attention_sweep/rolling_enc8_gs500_vix25/fold_2020/collapse_monitoring/val_predictions_epoch97.npy
  Gradient norms:
    lstm_encoder: 0.008192
    lstm_decoder: 0.007663
    output_layer: 0.236490
  Regime gate grads (epoch avg): tensor([[ 0.0307,  0.1900],
        [-0.0908, -0.0797]])
  VSN output std:
    encoder: 0.247047
  Attention entropy: 2.079106
  Regime attention gates: [[0.4992099404335022, 0.49374470114707947], [0.5080679059028625, 0.5107570886611938]]
  Saved to: experiments/07b_regime_attention_sweep/rolling_enc8_gs500_vix25/fold_2020/collapse_monitoring/collapse_monitor_latest.json
[DEBUG CollapseMonitor] on_validation_epoch_start called for epoch 98
[DEBUG CollapseMonitor] reset_temporal_state() called on loss function
Epoch 98: val_loss=0.6486491560935974
Epoch 98: train_loss=0.8689883947372437

[CollapseMonitor] Epoch 98
  [DEBUG] Processed 2 batches from val_dataloader
  [DEBUG] Predictions shape after concat: (44,)
  [DEBUG] All predictions list length: 2
  [DEBUG] First batch shape: (32,)
  Pred std: 0.007045, range: 0.021973, mean: 0.247821
  Pos: 100.0%, Neg: 0.0%, Unique: 44
  Dir Acc: 61.36%, Pred Sharpe: 558.4106
  Composite: 0.4951 (dist_match: 0.6136, actual_pos: 61.4%, pred_pos: 100.0%)
  Collapse penalty: 0.000000 (threshold: 0.005000)
  Regime distribution: {'regime_0_fraction': 1.0, 'regime_1_fraction': 0.0}
  Regime gates: {'mean': 0.49647554755210876, 'std': 0.0027923816815018654, 'min': 0.4937419295310974, 'max': 0.49920910596847534}
  Saved validation predictions to: experiments/07b_regime_attention_sweep/rolling_enc8_gs500_vix25/fold_2020/collapse_monitoring/val_predictions_epoch98.npy
  Gradient norms:
    lstm_encoder: 0.009309
    lstm_decoder: 0.007774
    output_layer: 0.264984
  Regime gate grads (epoch avg): tensor([[ 0.0981,  0.0475],
        [-0.1489, -0.1089]])
  VSN output std:
    encoder: 0.247042
  Attention entropy: 2.079106
  Regime attention gates: [[0.49920910596847534, 0.4937419295310974], [0.5080734491348267, 0.5107612013816833]]
  Saved to: experiments/07b_regime_attention_sweep/rolling_enc8_gs500_vix25/fold_2020/collapse_monitoring/collapse_monitor_latest.json
[DEBUG CollapseMonitor] on_validation_epoch_start called for epoch 99
[DEBUG CollapseMonitor] reset_temporal_state() called on loss function
Epoch 99: val_loss=0.6486517190933228
Epoch 99: train_loss=0.8820715546607971

[CollapseMonitor] Epoch 99
  [DEBUG] Processed 2 batches from val_dataloader
  [DEBUG] Predictions shape after concat: (44,)
  [DEBUG] All predictions list length: 2
  [DEBUG] First batch shape: (32,)
  Pred std: 0.007049, range: 0.021977, mean: 0.247793
  Pos: 100.0%, Neg: 0.0%, Unique: 44
  Dir Acc: 61.36%, Pred Sharpe: 558.0722
  Composite: 0.4951 (dist_match: 0.6136, actual_pos: 61.4%, pred_pos: 100.0%)
  Collapse penalty: 0.000000 (threshold: 0.005000)
  Regime distribution: {'regime_0_fraction': 1.0, 'regime_1_fraction': 0.0}
  Regime gates: {'mean': 0.4964723587036133, 'std': 0.002792412182316184, 'min': 0.4937387704849243, 'max': 0.499206006526947}
  Saved validation predictions to: experiments/07b_regime_attention_sweep/rolling_enc8_gs500_vix25/fold_2020/collapse_monitoring/val_predictions_epoch99.npy
  Gradient norms:
    lstm_encoder: 0.010121
    lstm_decoder: 0.008409
    output_layer: 0.289242
  Regime gate grads (epoch avg): tensor([[ 0.1569,  0.1413],
        [-0.1170, -0.0456]])
  VSN output std:
    encoder: 0.247028
  Attention entropy: 2.079105
  Regime attention gates: [[0.499206006526947, 0.4937387704849243], [0.5080808401107788, 0.5107662677764893]]
  Saved to: experiments/07b_regime_attention_sweep/rolling_enc8_gs500_vix25/fold_2020/collapse_monitoring/collapse_monitor_latest.json
Final gate values: tensor([[0.4992, 0.4937],
        [0.5081, 0.5108]], grad_fn=<SigmoidBackward0>)


======================================================================
Training complete
======================================================================

Best val_loss checkpoint: experiments/07b_regime_attention_sweep/rolling_enc8_gs500_vix25/fold_2020/checkpoints/tft-epoch=epoch=35-valloss=val_loss=0.6477.ckpt
Best validation loss: 0.647682
Checkpoints saved:
  - Best val_loss: experiments/07b_regime_attention_sweep/rolling_enc8_gs500_vix25/fold_2020/checkpoints/tft-epoch=epoch=35-valloss=val_loss=0.6477.ckpt
  - Best pred_std: experiments/07b_regime_attention_sweep/rolling_enc8_gs500_vix25/fold_2020/checkpoints/tft-epoch=epoch=06-predstd=val_pred_std=0.0081.ckpt
  - Best unique: experiments/07b_regime_attention_sweep/rolling_enc8_gs500_vix25/fold_2020/checkpoints/tft-epoch=epoch=01-unique=val_num_unique=44.ckpt
  - Best dir_acc: experiments/07b_regime_attention_sweep/rolling_enc8_gs500_vix25/fold_2020/checkpoints/tft-epoch=epoch=00-diracc=val_dir_acc=0.6136.ckpt
  - Best sharpe: experiments/07b_regime_attention_sweep/rolling_enc8_gs500_vix25/fold_2020/checkpoints/tft-epoch=epoch=00-sharpe=val_sharpe=1537.0342.ckpt
  - Best composite: experiments/07b_regime_attention_sweep/rolling_enc8_gs500_vix25/fold_2020/checkpoints/tft-epoch=epoch=00-composite=val_composite=0.4951.ckpt
Completed at: 2025-12-03 08:34:16
Log saved to: experiments/07b_regime_attention_sweep/rolling_enc8_gs500_vix25/fold_2020/training_20251203_082945.log
======================================================================
