
[INFO] Using AUTO device selection.

[INFO] Patched matplotlib.Axes.errorbar to abs() negative yerr for robustness.
======================================================================
Training TFT: 12c_h1_rolling/macro_heavy_daily_h1_d010/fold_2024
======================================================================
Logging to: experiments/12c_h1_rolling/macro_heavy_daily_h1_d010/fold_2024/training_20251214_030627.log
Started at: 2025-12-14 03:06:27
======================================================================

Loading data splits...
Train: 2469 samples
Val: 219 samples
Test: 220 samples

Preparing TimeSeriesDataSet...

Dropping source columns (used for staleness only): ['CPI']

Final features for TFT: ['SP500_Returns', 'VIX', 'Inflation_YoY', 'Unemployment', 'Fed_Rate', 'Consumer_Sentiment', 'Industrial_Production', 'cumret_5', 'cumret_10', 'cumret_20', 'cumret_30']

======================================================================
FEATURE STATISTICS - BEFORE NORMALIZATION
======================================================================
VIX                             mean= 17.8118  std=  7.4001  min=  9.1400  max= 82.6900
Inflation_YoY                   mean=  2.3868  std=  2.1794  min= -0.2176  max=  9.9709
Unemployment                    mean=  5.3341  std=  1.8535  min=  3.5000  max= 14.7000
Fed_Rate                        mean=  0.7177  std=  0.8202  min=  0.0500  max=  3.0800
Consumer_Sentiment              mean= 86.1509  std= 11.9770  min= 50.0000  max=101.0000
Industrial_Production           mean=104.4942  std=  3.5605  min= 92.5503  max=110.4750

======================================================================
TARGET CONFIGURATION
======================================================================
Target variable: SP500_Returns
  Mode: Point return prediction (single-step)
  Target stats: mean=0.0482, std=1.1095
  Dropping unused cumret columns: ['cumret_5', 'cumret_10', 'cumret_20', 'cumret_30']
======================================================================

======================================================================
FEATURES AFTER GROUPNORMALIZER (first batch, last timestep)
======================================================================
VIX                             normalized_value=  1.0000
Inflation_YoY                   normalized_value= -0.0500
Unemployment                    normalized_value= -0.5098
Fed_Rate                        normalized_value= -0.3540
Consumer_Sentiment              normalized_value=  0.6831
Industrial_Production           normalized_value= -0.7899
======================================================================

Configuration saved to: experiments/12c_h1_rolling/macro_heavy_daily_h1_d010/fold_2024/config.json
[DEBUG] VIX train values: [14.68 14.56 13.83 13.79 13.62]
[DEBUG] VIX val values: [22.9  22.01 22.46 21.13 21.97]
Batches per epoch: 38
[DEBUG] Validation batches: 4
[DEBUG] Validation dataset size: 199
[DEBUG] Batch size: 64

Initializing model...

Quantile configuration: 7q
  Quantiles: [0.02, 0.1, 0.25, 0.5, 0.75, 0.9, 0.98]
  Output size: 7
  Median index: 3

Using standard QuantileLoss (no penalties)

[REGIME OUTPUT] Disabled (using baseline output layer)

[STALENESS ATTENTION] Disabled

================================================================================
BASELINE MODEL FEATURE CONFIGURATION (after from_dataset)
================================================================================
tft.hparams.time_varying_reals_encoder: ['relative_time_idx', 'VIX', 'Inflation_YoY', 'Unemployment', 'Fed_Rate', 'Consumer_Sentiment', 'Industrial_Production']
  Count: 7

tft.hparams.time_varying_reals_decoder: ['relative_time_idx']
  Count: 1

tft.hparams.x_reals (all reals passed to model): ['encoder_length', 'relative_time_idx', 'VIX', 'Inflation_YoY', 'Unemployment', 'Fed_Rate', 'Consumer_Sentiment', 'Industrial_Production']
  Count: 8

Encoder VSN configuration:
  num_inputs: 7
  input_sizes: {'relative_time_idx': 16, 'VIX': 16, 'Inflation_YoY': 16, 'Unemployment': 16, 'Fed_Rate': 16, 'Consumer_Sentiment': 16, 'Industrial_Production': 16}
  flattened_grn.fc1: in_features=112, out_features=7
  -> Params in fc1: 784 (should be 5*16*5=400 if 5 features)
================================================================================

Model parameters: 25,425

Starting training...
Checkpoints will be saved to: experiments/12c_h1_rolling/macro_heavy_daily_h1_d010/fold_2024/checkpoints/
Logs will be saved to: experiments/12c_h1_rolling/macro_heavy_daily_h1_d010/fold_2024/logs/

[DEBUG CollapseMonitor] on_validation_epoch_start called for epoch 0
[DEBUG CollapseMonitor] reset_temporal_state() called on loss function
Epoch 0: val_loss=N/A
[DEBUG CollapseMonitor] on_validation_epoch_start called for epoch 0
[DEBUG CollapseMonitor] reset_temporal_state() called on loss function
Epoch 0: val_loss=0.6977196931838989
Epoch 0: train_loss=0.7597379684448242

[CollapseMonitor] Epoch 0
  [DEBUG] Processed 4 batches from val_dataloader
  [DEBUG] Predictions shape after concat: (199,)
  Pred std: 0.016659, range: 0.059707, mean: -0.205183
  Pos: 0.0%, Neg: 100.0%, Unique: 199
  Dir Acc: 47.74%, Pred Sharpe: -195.5171
  Composite: 0.3526 (dist_match: 0.4774, actual_pos: 52.3%, pred_pos: 0.0%)
  Collapse penalty: 0.000000 (threshold: 0.005000)
  Saved validation predictions to: experiments/12c_h1_rolling/macro_heavy_daily_h1_d010/fold_2024/collapse_monitoring/val_predictions_epoch0.npy
  Gradient norms:
    lstm_encoder: 0.020933
    lstm_decoder: 0.022730
    output_layer: 0.767617
  VSN output std:
    encoder: 0.142084
  Attention entropy: 2.994597
  Saved to: experiments/12c_h1_rolling/macro_heavy_daily_h1_d010/fold_2024/collapse_monitoring/collapse_monitor_latest.json
[DEBUG CollapseMonitor] on_validation_epoch_start called for epoch 1
[DEBUG CollapseMonitor] reset_temporal_state() called on loss function
Epoch 1: val_loss=0.6278151869773865
Epoch 1: train_loss=0.7120846509933472

[CollapseMonitor] Epoch 1
  [DEBUG] Processed 4 batches from val_dataloader
  [DEBUG] Predictions shape after concat: (199,)
  Pred std: 0.016133, range: 0.060799, mean: -0.124892
  Pos: 0.0%, Neg: 100.0%, Unique: 198
  Dir Acc: 47.74%, Pred Sharpe: -122.8908
  Composite: 0.3526 (dist_match: 0.4774, actual_pos: 52.3%, pred_pos: 0.0%)
  Collapse penalty: 0.000000 (threshold: 0.005000)
  Saved validation predictions to: experiments/12c_h1_rolling/macro_heavy_daily_h1_d010/fold_2024/collapse_monitoring/val_predictions_epoch1.npy
  Gradient norms:
    lstm_encoder: 0.018997
    lstm_decoder: 0.019981
    output_layer: 0.695714
  VSN output std:
    encoder: 0.143107
  Attention entropy: 2.994752
  Saved to: experiments/12c_h1_rolling/macro_heavy_daily_h1_d010/fold_2024/collapse_monitoring/collapse_monitor_latest.json
[DEBUG CollapseMonitor] on_validation_epoch_start called for epoch 2
[DEBUG CollapseMonitor] reset_temporal_state() called on loss function
Epoch 2: val_loss=0.565147340297699
Epoch 2: train_loss=0.654306173324585

[CollapseMonitor] Epoch 2
  [DEBUG] Processed 4 batches from val_dataloader
  [DEBUG] Predictions shape after concat: (199,)
  Pred std: 0.014990, range: 0.059397, mean: -0.057702
  Pos: 0.0%, Neg: 100.0%, Unique: 198
  Dir Acc: 47.74%, Pred Sharpe: -61.1091
  Composite: 0.3526 (dist_match: 0.4774, actual_pos: 52.3%, pred_pos: 0.0%)
  Collapse penalty: 0.000000 (threshold: 0.005000)
  Saved validation predictions to: experiments/12c_h1_rolling/macro_heavy_daily_h1_d010/fold_2024/collapse_monitoring/val_predictions_epoch2.npy
  Gradient norms:
    lstm_encoder: 0.014773
    lstm_decoder: 0.015250
    output_layer: 0.604023
  VSN output std:
    encoder: 0.143384
  Attention entropy: 2.994890
  Saved to: experiments/12c_h1_rolling/macro_heavy_daily_h1_d010/fold_2024/collapse_monitoring/collapse_monitor_latest.json
[DEBUG CollapseMonitor] on_validation_epoch_start called for epoch 3
[DEBUG CollapseMonitor] reset_temporal_state() called on loss function
Epoch 3: val_loss=0.5052685141563416
Epoch 3: train_loss=0.6020954847335815

[CollapseMonitor] Epoch 3
  [DEBUG] Processed 4 batches from val_dataloader
  [DEBUG] Predictions shape after concat: (199,)
  Pred std: 0.012973, range: 0.056271, mean: -0.005269
  Pos: 31.7%, Neg: 68.3%, Unique: 198
  Dir Acc: 48.24%, Pred Sharpe: -6.4475
  Composite: 0.4327 (dist_match: 0.7940, actual_pos: 52.3%, pred_pos: 31.7%)
  Collapse penalty: 0.000000 (threshold: 0.005000)
  Saved validation predictions to: experiments/12c_h1_rolling/macro_heavy_daily_h1_d010/fold_2024/collapse_monitoring/val_predictions_epoch3.npy
  Gradient norms:
    lstm_encoder: 0.009696
    lstm_decoder: 0.010056
    output_layer: 0.492602
  VSN output std:
    encoder: 0.143111
  Attention entropy: 2.995005
  Saved to: experiments/12c_h1_rolling/macro_heavy_daily_h1_d010/fold_2024/collapse_monitoring/collapse_monitor_latest.json
[DEBUG CollapseMonitor] on_validation_epoch_start called for epoch 4
[DEBUG CollapseMonitor] reset_temporal_state() called on loss function
Epoch 4: val_loss=0.4634537696838379
Epoch 4: train_loss=0.5607287287712097

[CollapseMonitor] Epoch 4
  [DEBUG] Processed 4 batches from val_dataloader
  [DEBUG] Predictions shape after concat: (199,)
  Pred std: 0.010187, range: 0.046235, mean: 0.024432
  Pos: 98.0%, Neg: 2.0%, Unique: 198
  Dir Acc: 52.26%, Pred Sharpe: 38.0729
  Composite: 0.4031 (dist_match: 0.5427, actual_pos: 52.3%, pred_pos: 98.0%)
  Collapse penalty: 0.000000 (threshold: 0.005000)
  Saved validation predictions to: experiments/12c_h1_rolling/macro_heavy_daily_h1_d010/fold_2024/collapse_monitoring/val_predictions_epoch4.npy
  Gradient norms:
    lstm_encoder: 0.006789
    lstm_decoder: 0.006929
    output_layer: 0.396922
  VSN output std:
    encoder: 0.143193
  Attention entropy: 2.995086
  Saved to: experiments/12c_h1_rolling/macro_heavy_daily_h1_d010/fold_2024/collapse_monitoring/collapse_monitor_latest.json
[DEBUG CollapseMonitor] on_validation_epoch_start called for epoch 5
[DEBUG CollapseMonitor] reset_temporal_state() called on loss function
Epoch 5: val_loss=0.43780970573425293
Epoch 5: train_loss=0.5269896984100342

[CollapseMonitor] Epoch 5
  [DEBUG] Processed 4 batches from val_dataloader
  [DEBUG] Predictions shape after concat: (199,)
  Pred std: 0.008356, range: 0.038475, mean: 0.022587
  Pos: 100.0%, Neg: 0.0%, Unique: 197
  Dir Acc: 52.26%, Pred Sharpe: 42.9122
  Composite: 0.3979 (dist_match: 0.5226, actual_pos: 52.3%, pred_pos: 100.0%)
  Collapse penalty: 0.000000 (threshold: 0.005000)
  Saved validation predictions to: experiments/12c_h1_rolling/macro_heavy_daily_h1_d010/fold_2024/collapse_monitoring/val_predictions_epoch5.npy
  Gradient norms:
    lstm_encoder: 0.005043
    lstm_decoder: 0.004845
    output_layer: 0.327450
  VSN output std:
    encoder: 0.143107
  Attention entropy: 2.995129
  Saved to: experiments/12c_h1_rolling/macro_heavy_daily_h1_d010/fold_2024/collapse_monitoring/collapse_monitor_latest.json
[DEBUG CollapseMonitor] on_validation_epoch_start called for epoch 6
[DEBUG CollapseMonitor] reset_temporal_state() called on loss function
Epoch 6: val_loss=0.4147738218307495
Epoch 6: train_loss=0.5062758922576904

[CollapseMonitor] Epoch 6
  [DEBUG] Processed 4 batches from val_dataloader
  [DEBUG] Predictions shape after concat: (199,)
  Pred std: 0.006626, range: 0.030850, mean: 0.033031
  Pos: 100.0%, Neg: 0.0%, Unique: 198
  Dir Acc: 52.26%, Pred Sharpe: 79.1297
  Composite: 0.3979 (dist_match: 0.5226, actual_pos: 52.3%, pred_pos: 100.0%)
  Collapse penalty: 0.000000 (threshold: 0.005000)
  Saved validation predictions to: experiments/12c_h1_rolling/macro_heavy_daily_h1_d010/fold_2024/collapse_monitoring/val_predictions_epoch6.npy
  Gradient norms:
    lstm_encoder: 0.004648
    lstm_decoder: 0.004225
    output_layer: 0.280457
  VSN output std:
    encoder: 0.143195
  Attention entropy: 2.995148
  Saved to: experiments/12c_h1_rolling/macro_heavy_daily_h1_d010/fold_2024/collapse_monitoring/collapse_monitor_latest.json
[DEBUG CollapseMonitor] on_validation_epoch_start called for epoch 7
[DEBUG CollapseMonitor] reset_temporal_state() called on loss function
Epoch 7: val_loss=0.3976407051086426
Epoch 7: train_loss=0.4905466139316559

[CollapseMonitor] Epoch 7
  [DEBUG] Processed 4 batches from val_dataloader
  [DEBUG] Predictions shape after concat: (199,)
  Pred std: 0.005078, range: 0.023474, mean: 0.041464
  Pos: 100.0%, Neg: 0.0%, Unique: 198
  Dir Acc: 52.26%, Pred Sharpe: 129.6273
  Composite: 0.3979 (dist_match: 0.5226, actual_pos: 52.3%, pred_pos: 100.0%)
  Collapse penalty: 0.000000 (threshold: 0.005000)
  Saved validation predictions to: experiments/12c_h1_rolling/macro_heavy_daily_h1_d010/fold_2024/collapse_monitoring/val_predictions_epoch7.npy
  Gradient norms:
    lstm_encoder: 0.004006
    lstm_decoder: 0.003821
    output_layer: 0.242765
  VSN output std:
    encoder: 0.143826
  Attention entropy: 2.995193
  Saved to: experiments/12c_h1_rolling/macro_heavy_daily_h1_d010/fold_2024/collapse_monitoring/collapse_monitor_latest.json
[DEBUG CollapseMonitor] on_validation_epoch_start called for epoch 8
[DEBUG CollapseMonitor] reset_temporal_state() called on loss function
Epoch 8: val_loss=0.3864208161830902
Epoch 8: train_loss=0.4752303659915924

[CollapseMonitor] Epoch 8
  [DEBUG] Processed 4 batches from val_dataloader
  [DEBUG] Predictions shape after concat: (199,)
  Pred std: 0.003794, range: 0.016594, mean: 0.046740
  Pos: 100.0%, Neg: 0.0%, Unique: 196
  Dir Acc: 52.26%, Pred Sharpe: 195.5497
  Composite: 0.3979 (dist_match: 0.5226, actual_pos: 52.3%, pred_pos: 100.0%)
  Collapse penalty: 0.000000 (threshold: 0.005000)
  Saved validation predictions to: experiments/12c_h1_rolling/macro_heavy_daily_h1_d010/fold_2024/collapse_monitoring/val_predictions_epoch8.npy
  Gradient norms:
    lstm_encoder: 0.003747
    lstm_decoder: 0.003372
    output_layer: 0.207426
  VSN output std:
    encoder: 0.144422
  Attention entropy: 2.995193
  Saved to: experiments/12c_h1_rolling/macro_heavy_daily_h1_d010/fold_2024/collapse_monitoring/collapse_monitor_latest.json
[DEBUG CollapseMonitor] on_validation_epoch_start called for epoch 9
[DEBUG CollapseMonitor] reset_temporal_state() called on loss function
Epoch 9: val_loss=0.37748950719833374
Epoch 9: train_loss=0.46552446484565735

[CollapseMonitor] Epoch 9
  [DEBUG] Processed 4 batches from val_dataloader
  [DEBUG] Predictions shape after concat: (199,)
  Pred std: 0.003006, range: 0.013655, mean: 0.045153
  Pos: 100.0%, Neg: 0.0%, Unique: 197
  Dir Acc: 52.26%, Pred Sharpe: 238.4338
  Composite: 0.3979 (dist_match: 0.5226, actual_pos: 52.3%, pred_pos: 100.0%)
  Collapse penalty: 0.000000 (threshold: 0.005000)
  Saved validation predictions to: experiments/12c_h1_rolling/macro_heavy_daily_h1_d010/fold_2024/collapse_monitoring/val_predictions_epoch9.npy
  Gradient norms:
    lstm_encoder: 0.003500
    lstm_decoder: 0.002944
    output_layer: 0.177798
  VSN output std:
    encoder: 0.145266
  Attention entropy: 2.995228
  Saved to: experiments/12c_h1_rolling/macro_heavy_daily_h1_d010/fold_2024/collapse_monitoring/collapse_monitor_latest.json
[DEBUG CollapseMonitor] on_validation_epoch_start called for epoch 10
[DEBUG CollapseMonitor] reset_temporal_state() called on loss function
Epoch 10: val_loss=0.37068819999694824
Epoch 10: train_loss=0.45754292607307434

[CollapseMonitor] Epoch 10
  [DEBUG] Processed 4 batches from val_dataloader
  [DEBUG] Predictions shape after concat: (199,)
  Pred std: 0.002518, range: 0.011441, mean: 0.065727
  Pos: 100.0%, Neg: 0.0%, Unique: 196
  Dir Acc: 52.26%, Pred Sharpe: 414.3501
  Composite: 0.3979 (dist_match: 0.5226, actual_pos: 52.3%, pred_pos: 100.0%)
  Collapse penalty: 0.000000 (threshold: 0.005000)
  Saved validation predictions to: experiments/12c_h1_rolling/macro_heavy_daily_h1_d010/fold_2024/collapse_monitoring/val_predictions_epoch10.npy
  Gradient norms:
    lstm_encoder: 0.003292
    lstm_decoder: 0.002747
    output_layer: 0.152756
  VSN output std:
    encoder: 0.146155
  Attention entropy: 2.995260
  Saved to: experiments/12c_h1_rolling/macro_heavy_daily_h1_d010/fold_2024/collapse_monitoring/collapse_monitor_latest.json
[DEBUG CollapseMonitor] on_validation_epoch_start called for epoch 11
[DEBUG CollapseMonitor] reset_temporal_state() called on loss function
Epoch 11: val_loss=0.3657206594944
Epoch 11: train_loss=0.4513537883758545

[CollapseMonitor] Epoch 11
  [DEBUG] Processed 4 batches from val_dataloader
  [DEBUG] Predictions shape after concat: (199,)
  Pred std: 0.002481, range: 0.011123, mean: 0.056637
  Pos: 100.0%, Neg: 0.0%, Unique: 194
  Dir Acc: 52.26%, Pred Sharpe: 362.3809
  Composite: 0.3979 (dist_match: 0.5226, actual_pos: 52.3%, pred_pos: 100.0%)
  Collapse penalty: 0.000000 (threshold: 0.005000)
  Saved validation predictions to: experiments/12c_h1_rolling/macro_heavy_daily_h1_d010/fold_2024/collapse_monitoring/val_predictions_epoch11.npy
  Gradient norms:
    lstm_encoder: 0.002834
    lstm_decoder: 0.002416
    output_layer: 0.141296
  VSN output std:
    encoder: 0.146392
  Attention entropy: 2.995287
  Saved to: experiments/12c_h1_rolling/macro_heavy_daily_h1_d010/fold_2024/collapse_monitoring/collapse_monitor_latest.json
[DEBUG CollapseMonitor] on_validation_epoch_start called for epoch 12
[DEBUG CollapseMonitor] reset_temporal_state() called on loss function
Epoch 12: val_loss=0.3616959750652313
Epoch 12: train_loss=0.44431832432746887

[CollapseMonitor] Epoch 12
  [DEBUG] Processed 4 batches from val_dataloader
  [DEBUG] Predictions shape after concat: (199,)
  Pred std: 0.002479, range: 0.010838, mean: 0.060400
  Pos: 100.0%, Neg: 0.0%, Unique: 196
  Dir Acc: 52.26%, Pred Sharpe: 386.7259
  Composite: 0.3979 (dist_match: 0.5226, actual_pos: 52.3%, pred_pos: 100.0%)
  Collapse penalty: 0.000000 (threshold: 0.005000)
  Saved validation predictions to: experiments/12c_h1_rolling/macro_heavy_daily_h1_d010/fold_2024/collapse_monitoring/val_predictions_epoch12.npy
  Gradient norms:
    lstm_encoder: 0.002744
    lstm_decoder: 0.002159
    output_layer: 0.121914
  VSN output std:
    encoder: 0.146144
  Attention entropy: 2.995307
  Saved to: experiments/12c_h1_rolling/macro_heavy_daily_h1_d010/fold_2024/collapse_monitoring/collapse_monitor_latest.json
[DEBUG CollapseMonitor] on_validation_epoch_start called for epoch 13
[DEBUG CollapseMonitor] reset_temporal_state() called on loss function
Epoch 13: val_loss=0.3587278127670288
Epoch 13: train_loss=0.44100967049598694

[CollapseMonitor] Epoch 13
  [DEBUG] Processed 4 batches from val_dataloader
  [DEBUG] Predictions shape after concat: (199,)
  Pred std: 0.002378, range: 0.009363, mean: 0.057842
  Pos: 100.0%, Neg: 0.0%, Unique: 196
  Dir Acc: 52.26%, Pred Sharpe: 386.0816
  Composite: 0.3979 (dist_match: 0.5226, actual_pos: 52.3%, pred_pos: 100.0%)
  Collapse penalty: 0.000000 (threshold: 0.005000)
  Saved validation predictions to: experiments/12c_h1_rolling/macro_heavy_daily_h1_d010/fold_2024/collapse_monitoring/val_predictions_epoch13.npy
  Gradient norms:
    lstm_encoder: 0.002769
    lstm_decoder: 0.002172
    output_layer: 0.112778
  VSN output std:
    encoder: 0.145346
  Attention entropy: 2.995267
  Saved to: experiments/12c_h1_rolling/macro_heavy_daily_h1_d010/fold_2024/collapse_monitoring/collapse_monitor_latest.json
[DEBUG CollapseMonitor] on_validation_epoch_start called for epoch 14
[DEBUG CollapseMonitor] reset_temporal_state() called on loss function
Epoch 14: val_loss=0.35732030868530273
Epoch 14: train_loss=0.43851161003112793

[CollapseMonitor] Epoch 14
  [DEBUG] Processed 4 batches from val_dataloader
  [DEBUG] Predictions shape after concat: (199,)
  Pred std: 0.002761, range: 0.009848, mean: 0.071015
  Pos: 100.0%, Neg: 0.0%, Unique: 196
  Dir Acc: 52.26%, Pred Sharpe: 408.3307
  Composite: 0.3979 (dist_match: 0.5226, actual_pos: 52.3%, pred_pos: 100.0%)
  Collapse penalty: 0.000000 (threshold: 0.005000)
  Saved validation predictions to: experiments/12c_h1_rolling/macro_heavy_daily_h1_d010/fold_2024/collapse_monitoring/val_predictions_epoch14.npy
  Gradient norms:
    lstm_encoder: 0.002878
    lstm_decoder: 0.002093
    output_layer: 0.105157
  VSN output std:
    encoder: 0.144643
  Attention entropy: 2.995239
  Saved to: experiments/12c_h1_rolling/macro_heavy_daily_h1_d010/fold_2024/collapse_monitoring/collapse_monitor_latest.json
[DEBUG CollapseMonitor] on_validation_epoch_start called for epoch 15
[DEBUG CollapseMonitor] reset_temporal_state() called on loss function
Epoch 15: val_loss=0.35575154423713684
Epoch 15: train_loss=0.4359132945537567

[CollapseMonitor] Epoch 15
  [DEBUG] Processed 4 batches from val_dataloader
  [DEBUG] Predictions shape after concat: (199,)
  Pred std: 0.003591, range: 0.012194, mean: 0.052209
  Pos: 100.0%, Neg: 0.0%, Unique: 194
  Dir Acc: 52.26%, Pred Sharpe: 230.7675
  Composite: 0.3979 (dist_match: 0.5226, actual_pos: 52.3%, pred_pos: 100.0%)
  Collapse penalty: 0.000000 (threshold: 0.005000)
  Saved validation predictions to: experiments/12c_h1_rolling/macro_heavy_daily_h1_d010/fold_2024/collapse_monitoring/val_predictions_epoch15.npy
  Gradient norms:
    lstm_encoder: 0.003018
    lstm_decoder: 0.002152
    output_layer: 0.103876
  VSN output std:
    encoder: 0.142246
  Attention entropy: 2.994946
  Saved to: experiments/12c_h1_rolling/macro_heavy_daily_h1_d010/fold_2024/collapse_monitoring/collapse_monitor_latest.json
[DEBUG CollapseMonitor] on_validation_epoch_start called for epoch 16
[DEBUG CollapseMonitor] reset_temporal_state() called on loss function
Epoch 16: val_loss=0.35530251264572144
Epoch 16: train_loss=0.4311138093471527

[CollapseMonitor] Epoch 16
  [DEBUG] Processed 4 batches from val_dataloader
  [DEBUG] Predictions shape after concat: (199,)
  Pred std: 0.004886, range: 0.016614, mean: 0.075166
  Pos: 100.0%, Neg: 0.0%, Unique: 199
  Dir Acc: 52.26%, Pred Sharpe: 244.1996
  Composite: 0.3979 (dist_match: 0.5226, actual_pos: 52.3%, pred_pos: 100.0%)
  Collapse penalty: 0.000000 (threshold: 0.005000)
  Saved validation predictions to: experiments/12c_h1_rolling/macro_heavy_daily_h1_d010/fold_2024/collapse_monitoring/val_predictions_epoch16.npy
  Gradient norms:
    lstm_encoder: 0.002846
    lstm_decoder: 0.002047
    output_layer: 0.101909
  VSN output std:
    encoder: 0.139955
  Attention entropy: 2.994195
  Saved to: experiments/12c_h1_rolling/macro_heavy_daily_h1_d010/fold_2024/collapse_monitoring/collapse_monitor_latest.json
[DEBUG CollapseMonitor] on_validation_epoch_start called for epoch 17
[DEBUG CollapseMonitor] reset_temporal_state() called on loss function
Epoch 17: val_loss=0.35662171244621277
Epoch 17: train_loss=0.42924192547798157

[CollapseMonitor] Epoch 17
  [DEBUG] Processed 4 batches from val_dataloader
  [DEBUG] Predictions shape after concat: (199,)
  Pred std: 0.006997, range: 0.024100, mean: 0.119389
  Pos: 100.0%, Neg: 0.0%, Unique: 197
  Dir Acc: 52.26%, Pred Sharpe: 270.8505
  Composite: 0.3979 (dist_match: 0.5226, actual_pos: 52.3%, pred_pos: 100.0%)
  Collapse penalty: 0.000000 (threshold: 0.005000)
  Saved validation predictions to: experiments/12c_h1_rolling/macro_heavy_daily_h1_d010/fold_2024/collapse_monitoring/val_predictions_epoch17.npy
  Gradient norms:
    lstm_encoder: 0.003029
    lstm_decoder: 0.002357
    output_layer: 0.106536
  VSN output std:
    encoder: 0.131302
  Attention entropy: 2.991812
  Saved to: experiments/12c_h1_rolling/macro_heavy_daily_h1_d010/fold_2024/collapse_monitoring/collapse_monitor_latest.json
[DEBUG CollapseMonitor] on_validation_epoch_start called for epoch 18
[DEBUG CollapseMonitor] reset_temporal_state() called on loss function
Epoch 18: val_loss=0.3563712537288666
Epoch 18: train_loss=0.4236600399017334

[CollapseMonitor] Epoch 18
  [DEBUG] Processed 4 batches from val_dataloader
  [DEBUG] Predictions shape after concat: (199,)
  Pred std: 0.010307, range: 0.034595, mean: 0.078575
  Pos: 100.0%, Neg: 0.0%, Unique: 198
  Dir Acc: 52.26%, Pred Sharpe: 121.0242
  Composite: 0.3979 (dist_match: 0.5226, actual_pos: 52.3%, pred_pos: 100.0%)
  Collapse penalty: 0.000000 (threshold: 0.005000)
  Saved validation predictions to: experiments/12c_h1_rolling/macro_heavy_daily_h1_d010/fold_2024/collapse_monitoring/val_predictions_epoch18.npy
  Gradient norms:
    lstm_encoder: 0.003279
    lstm_decoder: 0.002481
    output_layer: 0.118610
  VSN output std:
    encoder: 0.126977
  Attention entropy: 2.988001
  Saved to: experiments/12c_h1_rolling/macro_heavy_daily_h1_d010/fold_2024/collapse_monitoring/collapse_monitor_latest.json
[DEBUG CollapseMonitor] on_validation_epoch_start called for epoch 19
[DEBUG CollapseMonitor] reset_temporal_state() called on loss function
Epoch 19: val_loss=0.35694456100463867
Epoch 19: train_loss=0.42425280809402466

[CollapseMonitor] Epoch 19
  [DEBUG] Processed 4 batches from val_dataloader
  [DEBUG] Predictions shape after concat: (199,)
  Pred std: 0.015281, range: 0.051109, mean: 0.089761
  Pos: 100.0%, Neg: 0.0%, Unique: 198
  Dir Acc: 52.26%, Pred Sharpe: 93.2463
  Composite: 0.3979 (dist_match: 0.5226, actual_pos: 52.3%, pred_pos: 100.0%)
  Collapse penalty: 0.000000 (threshold: 0.005000)
  Saved validation predictions to: experiments/12c_h1_rolling/macro_heavy_daily_h1_d010/fold_2024/collapse_monitoring/val_predictions_epoch19.npy
  Gradient norms:
    lstm_encoder: 0.003240
    lstm_decoder: 0.002341
    output_layer: 0.099568
  VSN output std:
    encoder: 0.123228
  Attention entropy: 2.981079
  Saved to: experiments/12c_h1_rolling/macro_heavy_daily_h1_d010/fold_2024/collapse_monitoring/collapse_monitor_latest.json
[DEBUG CollapseMonitor] on_validation_epoch_start called for epoch 20
[DEBUG CollapseMonitor] reset_temporal_state() called on loss function
Epoch 20: val_loss=0.3564381003379822
Epoch 20: train_loss=0.42402347922325134

[CollapseMonitor] Epoch 20
  [DEBUG] Processed 4 batches from val_dataloader
  [DEBUG] Predictions shape after concat: (199,)
  Pred std: 0.022212, range: 0.073546, mean: 0.060884
  Pos: 100.0%, Neg: 0.0%, Unique: 199
  Dir Acc: 52.26%, Pred Sharpe: 43.5136
  Composite: 0.3979 (dist_match: 0.5226, actual_pos: 52.3%, pred_pos: 100.0%)
  Collapse penalty: 0.000000 (threshold: 0.005000)
  Saved validation predictions to: experiments/12c_h1_rolling/macro_heavy_daily_h1_d010/fold_2024/collapse_monitoring/val_predictions_epoch20.npy
  Gradient norms:
    lstm_encoder: 0.003585
    lstm_decoder: 0.002681
    output_layer: 0.109443
  VSN output std:
    encoder: 0.119848
  Attention entropy: 2.971317
  Saved to: experiments/12c_h1_rolling/macro_heavy_daily_h1_d010/fold_2024/collapse_monitoring/collapse_monitor_latest.json
[DEBUG CollapseMonitor] on_validation_epoch_start called for epoch 21
[DEBUG CollapseMonitor] reset_temporal_state() called on loss function
Epoch 21: val_loss=0.35788434743881226
Epoch 21: train_loss=0.42170119285583496

[CollapseMonitor] Epoch 21
  [DEBUG] Processed 4 batches from val_dataloader
  [DEBUG] Predictions shape after concat: (199,)
  Pred std: 0.019031, range: 0.062243, mean: 0.067719
  Pos: 100.0%, Neg: 0.0%, Unique: 196
  Dir Acc: 52.26%, Pred Sharpe: 56.4879
  Composite: 0.3979 (dist_match: 0.5226, actual_pos: 52.3%, pred_pos: 100.0%)
  Collapse penalty: 0.000000 (threshold: 0.005000)
  Saved validation predictions to: experiments/12c_h1_rolling/macro_heavy_daily_h1_d010/fold_2024/collapse_monitoring/val_predictions_epoch21.npy
  Gradient norms:
    lstm_encoder: 0.003906
    lstm_decoder: 0.002700
    output_layer: 0.111211
  VSN output std:
    encoder: 0.123633
  Attention entropy: 2.971627
  Saved to: experiments/12c_h1_rolling/macro_heavy_daily_h1_d010/fold_2024/collapse_monitoring/collapse_monitor_latest.json
[DEBUG CollapseMonitor] on_validation_epoch_start called for epoch 22
[DEBUG CollapseMonitor] reset_temporal_state() called on loss function
Epoch 22: val_loss=0.35780176520347595
Epoch 22: train_loss=0.4206900894641876

[CollapseMonitor] Epoch 22
  [DEBUG] Processed 4 batches from val_dataloader
  [DEBUG] Predictions shape after concat: (199,)
  Pred std: 0.018405, range: 0.060215, mean: 0.064521
  Pos: 100.0%, Neg: 0.0%, Unique: 198
  Dir Acc: 52.26%, Pred Sharpe: 55.6508
  Composite: 0.3979 (dist_match: 0.5226, actual_pos: 52.3%, pred_pos: 100.0%)
  Collapse penalty: 0.000000 (threshold: 0.005000)
  Saved validation predictions to: experiments/12c_h1_rolling/macro_heavy_daily_h1_d010/fold_2024/collapse_monitoring/val_predictions_epoch22.npy
  Gradient norms:
    lstm_encoder: 0.003267
    lstm_decoder: 0.002228
    output_layer: 0.100195
  VSN output std:
    encoder: 0.126220
  Attention entropy: 2.972241
  Saved to: experiments/12c_h1_rolling/macro_heavy_daily_h1_d010/fold_2024/collapse_monitoring/collapse_monitor_latest.json
[DEBUG CollapseMonitor] on_validation_epoch_start called for epoch 23
[DEBUG CollapseMonitor] reset_temporal_state() called on loss function
Epoch 23: val_loss=0.3584609925746918
Epoch 23: train_loss=0.42001357674598694

[CollapseMonitor] Epoch 23
  [DEBUG] Processed 4 batches from val_dataloader
  [DEBUG] Predictions shape after concat: (199,)
  Pred std: 0.018209, range: 0.059409, mean: 0.061762
  Pos: 100.0%, Neg: 0.0%, Unique: 198
  Dir Acc: 52.26%, Pred Sharpe: 53.8446
  Composite: 0.3979 (dist_match: 0.5226, actual_pos: 52.3%, pred_pos: 100.0%)
  Collapse penalty: 0.000000 (threshold: 0.005000)
  Saved validation predictions to: experiments/12c_h1_rolling/macro_heavy_daily_h1_d010/fold_2024/collapse_monitoring/val_predictions_epoch23.npy
  Gradient norms:
    lstm_encoder: 0.003888
    lstm_decoder: 0.002407
    output_layer: 0.097642
  VSN output std:
    encoder: 0.126825
  Attention entropy: 2.971230
  Saved to: experiments/12c_h1_rolling/macro_heavy_daily_h1_d010/fold_2024/collapse_monitoring/collapse_monitor_latest.json
[DEBUG CollapseMonitor] on_validation_epoch_start called for epoch 24
[DEBUG CollapseMonitor] reset_temporal_state() called on loss function
Epoch 24: val_loss=0.3578348457813263
Epoch 24: train_loss=0.41996538639068604

[CollapseMonitor] Epoch 24
  [DEBUG] Processed 4 batches from val_dataloader
  [DEBUG] Predictions shape after concat: (199,)
  Pred std: 0.018901, range: 0.062518, mean: 0.053471
  Pos: 100.0%, Neg: 0.0%, Unique: 196
  Dir Acc: 52.26%, Pred Sharpe: 44.9104
  Composite: 0.3979 (dist_match: 0.5226, actual_pos: 52.3%, pred_pos: 100.0%)
  Collapse penalty: 0.000000 (threshold: 0.005000)
  Saved validation predictions to: experiments/12c_h1_rolling/macro_heavy_daily_h1_d010/fold_2024/collapse_monitoring/val_predictions_epoch24.npy
  Gradient norms:
    lstm_encoder: 0.003379
    lstm_decoder: 0.002113
    output_layer: 0.090122
  VSN output std:
    encoder: 0.127258
  Attention entropy: 2.971758
  Saved to: experiments/12c_h1_rolling/macro_heavy_daily_h1_d010/fold_2024/collapse_monitoring/collapse_monitor_latest.json
[DEBUG CollapseMonitor] on_validation_epoch_start called for epoch 25
[DEBUG CollapseMonitor] reset_temporal_state() called on loss function
Epoch 25: val_loss=0.3576369881629944
Epoch 25: train_loss=0.41861096024513245

[CollapseMonitor] Epoch 25
  [DEBUG] Processed 4 batches from val_dataloader
  [DEBUG] Predictions shape after concat: (199,)
  Pred std: 0.020468, range: 0.067834, mean: 0.057411
  Pos: 100.0%, Neg: 0.0%, Unique: 199
  Dir Acc: 52.26%, Pred Sharpe: 44.5263
  Composite: 0.3979 (dist_match: 0.5226, actual_pos: 52.3%, pred_pos: 100.0%)
  Collapse penalty: 0.000000 (threshold: 0.005000)
  Saved validation predictions to: experiments/12c_h1_rolling/macro_heavy_daily_h1_d010/fold_2024/collapse_monitoring/val_predictions_epoch25.npy
  Gradient norms:
    lstm_encoder: 0.003633
    lstm_decoder: 0.002248
    output_layer: 0.099087
  VSN output std:
    encoder: 0.125017
  Attention entropy: 2.967232
  Saved to: experiments/12c_h1_rolling/macro_heavy_daily_h1_d010/fold_2024/collapse_monitoring/collapse_monitor_latest.json
[DEBUG CollapseMonitor] on_validation_epoch_start called for epoch 26
[DEBUG CollapseMonitor] reset_temporal_state() called on loss function
Epoch 26: val_loss=0.3576197028160095
Epoch 26: train_loss=0.4183657169342041

[CollapseMonitor] Epoch 26
  [DEBUG] Processed 4 batches from val_dataloader
  [DEBUG] Predictions shape after concat: (199,)
  Pred std: 0.019954, range: 0.066749, mean: 0.060734
  Pos: 100.0%, Neg: 0.0%, Unique: 199
  Dir Acc: 52.26%, Pred Sharpe: 48.3162
  Composite: 0.3979 (dist_match: 0.5226, actual_pos: 52.3%, pred_pos: 100.0%)
  Collapse penalty: 0.000000 (threshold: 0.005000)
  Saved validation predictions to: experiments/12c_h1_rolling/macro_heavy_daily_h1_d010/fold_2024/collapse_monitoring/val_predictions_epoch26.npy
  Gradient norms:
    lstm_encoder: 0.003491
    lstm_decoder: 0.002180
    output_layer: 0.091649
  VSN output std:
    encoder: 0.123848
  Attention entropy: 2.966297
  Saved to: experiments/12c_h1_rolling/macro_heavy_daily_h1_d010/fold_2024/collapse_monitoring/collapse_monitor_latest.json
[DEBUG CollapseMonitor] on_validation_epoch_start called for epoch 27
[DEBUG CollapseMonitor] reset_temporal_state() called on loss function
Epoch 27: val_loss=0.3567753732204437
Epoch 27: train_loss=0.4176342785358429

[CollapseMonitor] Epoch 27
  [DEBUG] Processed 4 batches from val_dataloader
  [DEBUG] Predictions shape after concat: (199,)
  Pred std: 0.020005, range: 0.067229, mean: 0.039492
  Pos: 100.0%, Neg: 0.0%, Unique: 199
  Dir Acc: 52.26%, Pred Sharpe: 31.3385
  Composite: 0.3979 (dist_match: 0.5226, actual_pos: 52.3%, pred_pos: 100.0%)
  Collapse penalty: 0.000000 (threshold: 0.005000)
  Saved validation predictions to: experiments/12c_h1_rolling/macro_heavy_daily_h1_d010/fold_2024/collapse_monitoring/val_predictions_epoch27.npy
  Gradient norms:
    lstm_encoder: 0.003602
    lstm_decoder: 0.002273
    output_layer: 0.091425
  VSN output std:
    encoder: 0.121265
  Attention entropy: 2.960370
  Saved to: experiments/12c_h1_rolling/macro_heavy_daily_h1_d010/fold_2024/collapse_monitoring/collapse_monitor_latest.json
[DEBUG CollapseMonitor] on_validation_epoch_start called for epoch 28
[DEBUG CollapseMonitor] reset_temporal_state() called on loss function
Epoch 28: val_loss=0.35662841796875
Epoch 28: train_loss=0.41653797030448914

[CollapseMonitor] Epoch 28
  [DEBUG] Processed 4 batches from val_dataloader
  [DEBUG] Predictions shape after concat: (199,)
  Pred std: 0.018889, range: 0.063693, mean: 0.044877
  Pos: 100.0%, Neg: 0.0%, Unique: 198
  Dir Acc: 52.26%, Pred Sharpe: 37.7148
  Composite: 0.3979 (dist_match: 0.5226, actual_pos: 52.3%, pred_pos: 100.0%)
  Collapse penalty: 0.000000 (threshold: 0.005000)
  Saved validation predictions to: experiments/12c_h1_rolling/macro_heavy_daily_h1_d010/fold_2024/collapse_monitoring/val_predictions_epoch28.npy
  Gradient norms:
    lstm_encoder: 0.003685
    lstm_decoder: 0.002376
    output_layer: 0.093434
  VSN output std:
    encoder: 0.121427
  Attention entropy: 2.959213
  Saved to: experiments/12c_h1_rolling/macro_heavy_daily_h1_d010/fold_2024/collapse_monitoring/collapse_monitor_latest.json
[DEBUG CollapseMonitor] on_validation_epoch_start called for epoch 29
[DEBUG CollapseMonitor] reset_temporal_state() called on loss function
Epoch 29: val_loss=0.3566599190235138
Epoch 29: train_loss=0.4121324419975281

[CollapseMonitor] Epoch 29
  [DEBUG] Processed 4 batches from val_dataloader
  [DEBUG] Predictions shape after concat: (199,)
  Pred std: 0.019244, range: 0.065287, mean: 0.043545
  Pos: 100.0%, Neg: 0.0%, Unique: 199
  Dir Acc: 52.26%, Pred Sharpe: 35.9207
  Composite: 0.3979 (dist_match: 0.5226, actual_pos: 52.3%, pred_pos: 100.0%)
  Collapse penalty: 0.000000 (threshold: 0.005000)
  Saved validation predictions to: experiments/12c_h1_rolling/macro_heavy_daily_h1_d010/fold_2024/collapse_monitoring/val_predictions_epoch29.npy
  Gradient norms:
    lstm_encoder: 0.004113
    lstm_decoder: 0.002536
    output_layer: 0.102626
  VSN output std:
    encoder: 0.120623
  Attention entropy: 2.957129
  Saved to: experiments/12c_h1_rolling/macro_heavy_daily_h1_d010/fold_2024/collapse_monitoring/collapse_monitor_latest.json
[DEBUG CollapseMonitor] on_validation_epoch_start called for epoch 30
[DEBUG CollapseMonitor] reset_temporal_state() called on loss function
Epoch 30: val_loss=0.3564651608467102
Epoch 30: train_loss=0.41464999318122864

[CollapseMonitor] Epoch 30
  [DEBUG] Processed 4 batches from val_dataloader
  [DEBUG] Predictions shape after concat: (199,)
  Pred std: 0.016676, range: 0.057328, mean: 0.027684
  Pos: 100.0%, Neg: 0.0%, Unique: 199
  Dir Acc: 52.26%, Pred Sharpe: 26.3526
  Composite: 0.3979 (dist_match: 0.5226, actual_pos: 52.3%, pred_pos: 100.0%)
  Collapse penalty: 0.000000 (threshold: 0.005000)
  Saved validation predictions to: experiments/12c_h1_rolling/macro_heavy_daily_h1_d010/fold_2024/collapse_monitoring/val_predictions_epoch30.npy
  Gradient norms:
    lstm_encoder: 0.003608
    lstm_decoder: 0.002331
    output_layer: 0.093134
  VSN output std:
    encoder: 0.123291
  Attention entropy: 2.961803
  Saved to: experiments/12c_h1_rolling/macro_heavy_daily_h1_d010/fold_2024/collapse_monitoring/collapse_monitor_latest.json
[DEBUG CollapseMonitor] on_validation_epoch_start called for epoch 31
[DEBUG CollapseMonitor] reset_temporal_state() called on loss function
Epoch 31: val_loss=0.35646891593933105
Epoch 31: train_loss=0.4157083034515381

[CollapseMonitor] Epoch 31
  [DEBUG] Processed 4 batches from val_dataloader
  [DEBUG] Predictions shape after concat: (199,)
  Pred std: 0.015658, range: 0.054283, mean: 0.027965
  Pos: 100.0%, Neg: 0.0%, Unique: 199
  Dir Acc: 52.26%, Pred Sharpe: 28.3519
  Composite: 0.3979 (dist_match: 0.5226, actual_pos: 52.3%, pred_pos: 100.0%)
  Collapse penalty: 0.000000 (threshold: 0.005000)
  Saved validation predictions to: experiments/12c_h1_rolling/macro_heavy_daily_h1_d010/fold_2024/collapse_monitoring/val_predictions_epoch31.npy
  Gradient norms:
    lstm_encoder: 0.003919
    lstm_decoder: 0.002473
    output_layer: 0.103539
  VSN output std:
    encoder: 0.123318
  Attention entropy: 2.962351
  Saved to: experiments/12c_h1_rolling/macro_heavy_daily_h1_d010/fold_2024/collapse_monitoring/collapse_monitor_latest.json
[DEBUG CollapseMonitor] on_validation_epoch_start called for epoch 32
[DEBUG CollapseMonitor] reset_temporal_state() called on loss function
Epoch 32: val_loss=0.35648712515830994
Epoch 32: train_loss=0.4137108325958252

[CollapseMonitor] Epoch 32
  [DEBUG] Processed 4 batches from val_dataloader
  [DEBUG] Predictions shape after concat: (199,)
  Pred std: 0.015253, range: 0.053008, mean: 0.028979
  Pos: 100.0%, Neg: 0.0%, Unique: 199
  Dir Acc: 52.26%, Pred Sharpe: 30.1596
  Composite: 0.3979 (dist_match: 0.5226, actual_pos: 52.3%, pred_pos: 100.0%)
  Collapse penalty: 0.000000 (threshold: 0.005000)
  Saved validation predictions to: experiments/12c_h1_rolling/macro_heavy_daily_h1_d010/fold_2024/collapse_monitoring/val_predictions_epoch32.npy
  Gradient norms:
    lstm_encoder: 0.003885
    lstm_decoder: 0.002375
    output_layer: 0.094794
  VSN output std:
    encoder: 0.122993
  Attention entropy: 2.962085
  Saved to: experiments/12c_h1_rolling/macro_heavy_daily_h1_d010/fold_2024/collapse_monitoring/collapse_monitor_latest.json
[DEBUG CollapseMonitor] on_validation_epoch_start called for epoch 33
[DEBUG CollapseMonitor] reset_temporal_state() called on loss function
Epoch 33: val_loss=0.35724759101867676
Epoch 33: train_loss=0.41469278931617737

[CollapseMonitor] Epoch 33
  [DEBUG] Processed 4 batches from val_dataloader
  [DEBUG] Predictions shape after concat: (199,)
  Pred std: 0.016088, range: 0.055287, mean: 0.032219
  Pos: 100.0%, Neg: 0.0%, Unique: 198
  Dir Acc: 52.26%, Pred Sharpe: 31.7918
  Composite: 0.3979 (dist_match: 0.5226, actual_pos: 52.3%, pred_pos: 100.0%)
  Collapse penalty: 0.000000 (threshold: 0.005000)
  Saved validation predictions to: experiments/12c_h1_rolling/macro_heavy_daily_h1_d010/fold_2024/collapse_monitoring/val_predictions_epoch33.npy
  Gradient norms:
    lstm_encoder: 0.004605
    lstm_decoder: 0.002500
    output_layer: 0.090412
  VSN output std:
    encoder: 0.124051
  Attention entropy: 2.962097
  Saved to: experiments/12c_h1_rolling/macro_heavy_daily_h1_d010/fold_2024/collapse_monitoring/collapse_monitor_latest.json
[DEBUG CollapseMonitor] on_validation_epoch_start called for epoch 34
[DEBUG CollapseMonitor] reset_temporal_state() called on loss function
Epoch 34: val_loss=0.35739952325820923
Epoch 34: train_loss=0.41431117057800293

[CollapseMonitor] Epoch 34
  [DEBUG] Processed 4 batches from val_dataloader
  [DEBUG] Predictions shape after concat: (199,)
  Pred std: 0.016074, range: 0.055253, mean: 0.033284
  Pos: 100.0%, Neg: 0.0%, Unique: 199
  Dir Acc: 52.26%, Pred Sharpe: 32.8707
  Composite: 0.3979 (dist_match: 0.5226, actual_pos: 52.3%, pred_pos: 100.0%)
  Collapse penalty: 0.000000 (threshold: 0.005000)
  Saved validation predictions to: experiments/12c_h1_rolling/macro_heavy_daily_h1_d010/fold_2024/collapse_monitoring/val_predictions_epoch34.npy
  Gradient norms:
    lstm_encoder: 0.003849
    lstm_decoder: 0.002172
    output_layer: 0.088345
  VSN output std:
    encoder: 0.123647
  Attention entropy: 2.962356
  Saved to: experiments/12c_h1_rolling/macro_heavy_daily_h1_d010/fold_2024/collapse_monitoring/collapse_monitor_latest.json
[DEBUG CollapseMonitor] on_validation_epoch_start called for epoch 35
[DEBUG CollapseMonitor] reset_temporal_state() called on loss function
Epoch 35: val_loss=0.3573128879070282
Epoch 35: train_loss=0.41457468271255493

[CollapseMonitor] Epoch 35
  [DEBUG] Processed 4 batches from val_dataloader
  [DEBUG] Predictions shape after concat: (199,)
  Pred std: 0.016076, range: 0.055410, mean: 0.030623
  Pos: 100.0%, Neg: 0.0%, Unique: 199
  Dir Acc: 52.26%, Pred Sharpe: 30.2387
  Composite: 0.3979 (dist_match: 0.5226, actual_pos: 52.3%, pred_pos: 100.0%)
  Collapse penalty: 0.000000 (threshold: 0.005000)
  Saved validation predictions to: experiments/12c_h1_rolling/macro_heavy_daily_h1_d010/fold_2024/collapse_monitoring/val_predictions_epoch35.npy
  Gradient norms:
    lstm_encoder: 0.004479
    lstm_decoder: 0.002532
    output_layer: 0.090724
  VSN output std:
    encoder: 0.122959
  Attention entropy: 2.960355
  Saved to: experiments/12c_h1_rolling/macro_heavy_daily_h1_d010/fold_2024/collapse_monitoring/collapse_monitor_latest.json
[DEBUG CollapseMonitor] on_validation_epoch_start called for epoch 36
[DEBUG CollapseMonitor] reset_temporal_state() called on loss function
Epoch 36: val_loss=0.3572797179222107
Epoch 36: train_loss=0.4119458794593811

[CollapseMonitor] Epoch 36
  [DEBUG] Processed 4 batches from val_dataloader
  [DEBUG] Predictions shape after concat: (199,)
  Pred std: 0.016038, range: 0.055132, mean: 0.031035
  Pos: 100.0%, Neg: 0.0%, Unique: 199
  Dir Acc: 52.26%, Pred Sharpe: 30.7185
  Composite: 0.3979 (dist_match: 0.5226, actual_pos: 52.3%, pred_pos: 100.0%)
  Collapse penalty: 0.000000 (threshold: 0.005000)
  Saved validation predictions to: experiments/12c_h1_rolling/macro_heavy_daily_h1_d010/fold_2024/collapse_monitoring/val_predictions_epoch36.npy
  Gradient norms:
    lstm_encoder: 0.004264
    lstm_decoder: 0.002315
    output_layer: 0.088567
  VSN output std:
    encoder: 0.122116
  Attention entropy: 2.957593
  Saved to: experiments/12c_h1_rolling/macro_heavy_daily_h1_d010/fold_2024/collapse_monitoring/collapse_monitor_latest.json
[DEBUG CollapseMonitor] on_validation_epoch_start called for epoch 37
[DEBUG CollapseMonitor] reset_temporal_state() called on loss function
Epoch 37: val_loss=0.35725459456443787
Epoch 37: train_loss=0.41312557458877563

[CollapseMonitor] Epoch 37
  [DEBUG] Processed 4 batches from val_dataloader
  [DEBUG] Predictions shape after concat: (199,)
  Pred std: 0.015395, range: 0.053122, mean: 0.031383
  Pos: 100.0%, Neg: 0.0%, Unique: 199
  Dir Acc: 52.26%, Pred Sharpe: 32.3613
  Composite: 0.3979 (dist_match: 0.5226, actual_pos: 52.3%, pred_pos: 100.0%)
  Collapse penalty: 0.000000 (threshold: 0.005000)
  Saved validation predictions to: experiments/12c_h1_rolling/macro_heavy_daily_h1_d010/fold_2024/collapse_monitoring/val_predictions_epoch37.npy
  Gradient norms:
    lstm_encoder: 0.004609
    lstm_decoder: 0.002605
    output_layer: 0.099020
  VSN output std:
    encoder: 0.122415
  Attention entropy: 2.958405
  Saved to: experiments/12c_h1_rolling/macro_heavy_daily_h1_d010/fold_2024/collapse_monitoring/collapse_monitor_latest.json
[DEBUG CollapseMonitor] on_validation_epoch_start called for epoch 38
[DEBUG CollapseMonitor] reset_temporal_state() called on loss function
Epoch 38: val_loss=0.3570394515991211
Epoch 38: train_loss=0.4131084978580475

[CollapseMonitor] Epoch 38
  [DEBUG] Processed 4 batches from val_dataloader
  [DEBUG] Predictions shape after concat: (199,)
  Pred std: 0.014336, range: 0.049711, mean: 0.028094
  Pos: 100.0%, Neg: 0.0%, Unique: 199
  Dir Acc: 52.26%, Pred Sharpe: 31.1092
  Composite: 0.3979 (dist_match: 0.5226, actual_pos: 52.3%, pred_pos: 100.0%)
  Collapse penalty: 0.000000 (threshold: 0.005000)
  Saved validation predictions to: experiments/12c_h1_rolling/macro_heavy_daily_h1_d010/fold_2024/collapse_monitoring/val_predictions_epoch38.npy
  Gradient norms:
    lstm_encoder: 0.004517
    lstm_decoder: 0.002592
    output_layer: 0.099205
  VSN output std:
    encoder: 0.122539
  Attention entropy: 2.958415
  Saved to: experiments/12c_h1_rolling/macro_heavy_daily_h1_d010/fold_2024/collapse_monitoring/collapse_monitor_latest.json
[DEBUG CollapseMonitor] on_validation_epoch_start called for epoch 39
[DEBUG CollapseMonitor] reset_temporal_state() called on loss function
Epoch 39: val_loss=0.3573203682899475
Epoch 39: train_loss=0.4121156334877014

[CollapseMonitor] Epoch 39
  [DEBUG] Processed 4 batches from val_dataloader
  [DEBUG] Predictions shape after concat: (199,)
  Pred std: 0.015607, range: 0.053436, mean: 0.029075
  Pos: 100.0%, Neg: 0.0%, Unique: 198
  Dir Acc: 52.26%, Pred Sharpe: 29.5732
  Composite: 0.3979 (dist_match: 0.5226, actual_pos: 52.3%, pred_pos: 100.0%)
  Collapse penalty: 0.000000 (threshold: 0.005000)
  Saved validation predictions to: experiments/12c_h1_rolling/macro_heavy_daily_h1_d010/fold_2024/collapse_monitoring/val_predictions_epoch39.npy
  Gradient norms:
    lstm_encoder: 0.003806
    lstm_decoder: 0.002156
    output_layer: 0.090893
  VSN output std:
    encoder: 0.121144
  Attention entropy: 2.952811
  Saved to: experiments/12c_h1_rolling/macro_heavy_daily_h1_d010/fold_2024/collapse_monitoring/collapse_monitor_latest.json
[DEBUG CollapseMonitor] on_validation_epoch_start called for epoch 40
[DEBUG CollapseMonitor] reset_temporal_state() called on loss function
Epoch 40: val_loss=0.35721859335899353
Epoch 40: train_loss=0.41000762581825256

[CollapseMonitor] Epoch 40
  [DEBUG] Processed 4 batches from val_dataloader
  [DEBUG] Predictions shape after concat: (199,)
  Pred std: 0.015735, range: 0.053761, mean: 0.029242
  Pos: 100.0%, Neg: 0.0%, Unique: 199
  Dir Acc: 52.26%, Pred Sharpe: 29.5009
  Composite: 0.3979 (dist_match: 0.5226, actual_pos: 52.3%, pred_pos: 100.0%)
  Collapse penalty: 0.000000 (threshold: 0.005000)
  Saved validation predictions to: experiments/12c_h1_rolling/macro_heavy_daily_h1_d010/fold_2024/collapse_monitoring/val_predictions_epoch40.npy
  Gradient norms:
    lstm_encoder: 0.004105
    lstm_decoder: 0.002364
    output_layer: 0.091152
  VSN output std:
    encoder: 0.120555
  Attention entropy: 2.950541
  Saved to: experiments/12c_h1_rolling/macro_heavy_daily_h1_d010/fold_2024/collapse_monitoring/collapse_monitor_latest.json
[DEBUG CollapseMonitor] on_validation_epoch_start called for epoch 41
[DEBUG CollapseMonitor] reset_temporal_state() called on loss function
Epoch 41: val_loss=0.3571828305721283
Epoch 41: train_loss=0.41168367862701416

[CollapseMonitor] Epoch 41
  [DEBUG] Processed 4 batches from val_dataloader
  [DEBUG] Predictions shape after concat: (199,)
  Pred std: 0.016055, range: 0.054494, mean: 0.028515
  Pos: 100.0%, Neg: 0.0%, Unique: 196
  Dir Acc: 52.26%, Pred Sharpe: 28.1951
  Composite: 0.3979 (dist_match: 0.5226, actual_pos: 52.3%, pred_pos: 100.0%)
  Collapse penalty: 0.000000 (threshold: 0.005000)
  Saved validation predictions to: experiments/12c_h1_rolling/macro_heavy_daily_h1_d010/fold_2024/collapse_monitoring/val_predictions_epoch41.npy
  Gradient norms:
    lstm_encoder: 0.004229
    lstm_decoder: 0.002521
    output_layer: 0.102300
  VSN output std:
    encoder: 0.119846
  Attention entropy: 2.947741
  Saved to: experiments/12c_h1_rolling/macro_heavy_daily_h1_d010/fold_2024/collapse_monitoring/collapse_monitor_latest.json
[DEBUG CollapseMonitor] on_validation_epoch_start called for epoch 42
[DEBUG CollapseMonitor] reset_temporal_state() called on loss function
Epoch 42: val_loss=0.35717979073524475
Epoch 42: train_loss=0.41219720244407654

[CollapseMonitor] Epoch 42
  [DEBUG] Processed 4 batches from val_dataloader
  [DEBUG] Predictions shape after concat: (199,)
  Pred std: 0.015954, range: 0.053983, mean: 0.029680
  Pos: 100.0%, Neg: 0.0%, Unique: 197
  Dir Acc: 52.26%, Pred Sharpe: 29.5319
  Composite: 0.3979 (dist_match: 0.5226, actual_pos: 52.3%, pred_pos: 100.0%)
  Collapse penalty: 0.000000 (threshold: 0.005000)
  Saved validation predictions to: experiments/12c_h1_rolling/macro_heavy_daily_h1_d010/fold_2024/collapse_monitoring/val_predictions_epoch42.npy
  Gradient norms:
    lstm_encoder: 0.004592
    lstm_decoder: 0.002511
    output_layer: 0.091151
  VSN output std:
    encoder: 0.119601
  Attention entropy: 2.947288
  Saved to: experiments/12c_h1_rolling/macro_heavy_daily_h1_d010/fold_2024/collapse_monitoring/collapse_monitor_latest.json
[DEBUG CollapseMonitor] on_validation_epoch_start called for epoch 43
[DEBUG CollapseMonitor] reset_temporal_state() called on loss function
Epoch 43: val_loss=0.35719621181488037
Epoch 43: train_loss=0.41025716066360474

[CollapseMonitor] Epoch 43
  [DEBUG] Processed 4 batches from val_dataloader
  [DEBUG] Predictions shape after concat: (199,)
  Pred std: 0.015559, range: 0.052536, mean: 0.031226
  Pos: 100.0%, Neg: 0.0%, Unique: 198
  Dir Acc: 52.26%, Pred Sharpe: 31.8586
  Composite: 0.3979 (dist_match: 0.5226, actual_pos: 52.3%, pred_pos: 100.0%)
  Collapse penalty: 0.000000 (threshold: 0.005000)
  Saved validation predictions to: experiments/12c_h1_rolling/macro_heavy_daily_h1_d010/fold_2024/collapse_monitoring/val_predictions_epoch43.npy
  Gradient norms:
    lstm_encoder: 0.004678
    lstm_decoder: 0.002501
    output_layer: 0.091522
  VSN output std:
    encoder: 0.119445
  Attention entropy: 2.946459
  Saved to: experiments/12c_h1_rolling/macro_heavy_daily_h1_d010/fold_2024/collapse_monitoring/collapse_monitor_latest.json
[DEBUG CollapseMonitor] on_validation_epoch_start called for epoch 44
[DEBUG CollapseMonitor] reset_temporal_state() called on loss function
Epoch 44: val_loss=0.35735243558883667
Epoch 44: train_loss=0.412031352519989

[CollapseMonitor] Epoch 44
  [DEBUG] Processed 4 batches from val_dataloader
  [DEBUG] Predictions shape after concat: (199,)
  Pred std: 0.015956, range: 0.053734, mean: 0.032483
  Pos: 100.0%, Neg: 0.0%, Unique: 198
  Dir Acc: 52.26%, Pred Sharpe: 32.3165
  Composite: 0.3979 (dist_match: 0.5226, actual_pos: 52.3%, pred_pos: 100.0%)
  Collapse penalty: 0.000000 (threshold: 0.005000)
  Saved validation predictions to: experiments/12c_h1_rolling/macro_heavy_daily_h1_d010/fold_2024/collapse_monitoring/val_predictions_epoch44.npy
  Gradient norms:
    lstm_encoder: 0.004615
    lstm_decoder: 0.002770
    output_layer: 0.104644
  VSN output std:
    encoder: 0.119429
  Attention entropy: 2.945673
  Saved to: experiments/12c_h1_rolling/macro_heavy_daily_h1_d010/fold_2024/collapse_monitoring/collapse_monitor_latest.json
[DEBUG CollapseMonitor] on_validation_epoch_start called for epoch 45
[DEBUG CollapseMonitor] reset_temporal_state() called on loss function
Epoch 45: val_loss=0.3575984239578247
Epoch 45: train_loss=0.4120703637599945

[CollapseMonitor] Epoch 45
  [DEBUG] Processed 4 batches from val_dataloader
  [DEBUG] Predictions shape after concat: (199,)
  Pred std: 0.016310, range: 0.054868, mean: 0.035884
  Pos: 100.0%, Neg: 0.0%, Unique: 199
  Dir Acc: 52.26%, Pred Sharpe: 34.9265
  Composite: 0.3979 (dist_match: 0.5226, actual_pos: 52.3%, pred_pos: 100.0%)
  Collapse penalty: 0.000000 (threshold: 0.005000)
  Saved validation predictions to: experiments/12c_h1_rolling/macro_heavy_daily_h1_d010/fold_2024/collapse_monitoring/val_predictions_epoch45.npy
  Gradient norms:
    lstm_encoder: 0.004150
    lstm_decoder: 0.002309
    output_layer: 0.086591
  VSN output std:
    encoder: 0.119707
  Attention entropy: 2.945501
  Saved to: experiments/12c_h1_rolling/macro_heavy_daily_h1_d010/fold_2024/collapse_monitoring/collapse_monitor_latest.json
[DEBUG CollapseMonitor] on_validation_epoch_start called for epoch 46
[DEBUG CollapseMonitor] reset_temporal_state() called on loss function
Epoch 46: val_loss=0.3574542999267578
Epoch 46: train_loss=0.41126829385757446

[CollapseMonitor] Epoch 46
  [DEBUG] Processed 4 batches from val_dataloader
  [DEBUG] Predictions shape after concat: (199,)
  Pred std: 0.015679, range: 0.052769, mean: 0.032430
  Pos: 100.0%, Neg: 0.0%, Unique: 198
  Dir Acc: 52.26%, Pred Sharpe: 32.8339
  Composite: 0.3979 (dist_match: 0.5226, actual_pos: 52.3%, pred_pos: 100.0%)
  Collapse penalty: 0.000000 (threshold: 0.005000)
  Saved validation predictions to: experiments/12c_h1_rolling/macro_heavy_daily_h1_d010/fold_2024/collapse_monitoring/val_predictions_epoch46.npy
  Gradient norms:
    lstm_encoder: 0.004515
    lstm_decoder: 0.002673
    output_layer: 0.098189
  VSN output std:
    encoder: 0.119652
  Attention entropy: 2.945338
  Saved to: experiments/12c_h1_rolling/macro_heavy_daily_h1_d010/fold_2024/collapse_monitoring/collapse_monitor_latest.json
[DEBUG CollapseMonitor] on_validation_epoch_start called for epoch 47
[DEBUG CollapseMonitor] reset_temporal_state() called on loss function
Epoch 47: val_loss=0.3573938012123108
Epoch 47: train_loss=0.41002392768859863

[CollapseMonitor] Epoch 47
  [DEBUG] Processed 4 batches from val_dataloader
  [DEBUG] Predictions shape after concat: (199,)
  Pred std: 0.015337, range: 0.051631, mean: 0.033286
  Pos: 100.0%, Neg: 0.0%, Unique: 199
  Dir Acc: 52.26%, Pred Sharpe: 34.4531
  Composite: 0.3979 (dist_match: 0.5226, actual_pos: 52.3%, pred_pos: 100.0%)
  Collapse penalty: 0.000000 (threshold: 0.005000)
  Saved validation predictions to: experiments/12c_h1_rolling/macro_heavy_daily_h1_d010/fold_2024/collapse_monitoring/val_predictions_epoch47.npy
  Gradient norms:
    lstm_encoder: 0.004795
    lstm_decoder: 0.002688
    output_layer: 0.097384
  VSN output std:
    encoder: 0.119445
  Attention entropy: 2.945869
  Saved to: experiments/12c_h1_rolling/macro_heavy_daily_h1_d010/fold_2024/collapse_monitoring/collapse_monitor_latest.json
[DEBUG CollapseMonitor] on_validation_epoch_start called for epoch 48
[DEBUG CollapseMonitor] reset_temporal_state() called on loss function
Epoch 48: val_loss=0.35757848620414734
Epoch 48: train_loss=0.41091200709342957

[CollapseMonitor] Epoch 48
  [DEBUG] Processed 4 batches from val_dataloader
  [DEBUG] Predictions shape after concat: (199,)
  Pred std: 0.015485, range: 0.051943, mean: 0.033111
  Pos: 100.0%, Neg: 0.0%, Unique: 199
  Dir Acc: 52.26%, Pred Sharpe: 33.9447
  Composite: 0.3979 (dist_match: 0.5226, actual_pos: 52.3%, pred_pos: 100.0%)
  Collapse penalty: 0.000000 (threshold: 0.005000)
  Saved validation predictions to: experiments/12c_h1_rolling/macro_heavy_daily_h1_d010/fold_2024/collapse_monitoring/val_predictions_epoch48.npy
  Gradient norms:
    lstm_encoder: 0.004443
    lstm_decoder: 0.002409
    output_layer: 0.090302
  VSN output std:
    encoder: 0.119213
  Attention entropy: 2.945519
  Saved to: experiments/12c_h1_rolling/macro_heavy_daily_h1_d010/fold_2024/collapse_monitoring/collapse_monitor_latest.json
[DEBUG CollapseMonitor] on_validation_epoch_start called for epoch 49
[DEBUG CollapseMonitor] reset_temporal_state() called on loss function
Epoch 49: val_loss=0.35754215717315674
Epoch 49: train_loss=0.41144999861717224

[CollapseMonitor] Epoch 49
  [DEBUG] Processed 4 batches from val_dataloader
  [DEBUG] Predictions shape after concat: (199,)
  Pred std: 0.015519, range: 0.051990, mean: 0.033082
  Pos: 100.0%, Neg: 0.0%, Unique: 198
  Dir Acc: 52.26%, Pred Sharpe: 33.8403
  Composite: 0.3979 (dist_match: 0.5226, actual_pos: 52.3%, pred_pos: 100.0%)
  Collapse penalty: 0.000000 (threshold: 0.005000)
  Saved validation predictions to: experiments/12c_h1_rolling/macro_heavy_daily_h1_d010/fold_2024/collapse_monitoring/val_predictions_epoch49.npy
  Gradient norms:
    lstm_encoder: 0.005082
    lstm_decoder: 0.002871
    output_layer: 0.104852
  VSN output std:
    encoder: 0.119186
  Attention entropy: 2.945400
  Saved to: experiments/12c_h1_rolling/macro_heavy_daily_h1_d010/fold_2024/collapse_monitoring/collapse_monitor_latest.json
[DEBUG CollapseMonitor] on_validation_epoch_start called for epoch 50
[DEBUG CollapseMonitor] reset_temporal_state() called on loss function
Epoch 50: val_loss=0.3576495945453644
Epoch 50: train_loss=0.4079819917678833

[CollapseMonitor] Epoch 50
  [DEBUG] Processed 4 batches from val_dataloader
  [DEBUG] Predictions shape after concat: (199,)
  Pred std: 0.015591, range: 0.052180, mean: 0.030707
  Pos: 100.0%, Neg: 0.0%, Unique: 199
  Dir Acc: 52.26%, Pred Sharpe: 31.2659
  Composite: 0.3979 (dist_match: 0.5226, actual_pos: 52.3%, pred_pos: 100.0%)
  Collapse penalty: 0.000000 (threshold: 0.005000)
  Saved validation predictions to: experiments/12c_h1_rolling/macro_heavy_daily_h1_d010/fold_2024/collapse_monitoring/val_predictions_epoch50.npy
  Gradient norms:
    lstm_encoder: 0.004622
    lstm_decoder: 0.002422
    output_layer: 0.089696
  VSN output std:
    encoder: 0.119167
  Attention entropy: 2.945137
  Saved to: experiments/12c_h1_rolling/macro_heavy_daily_h1_d010/fold_2024/collapse_monitoring/collapse_monitor_latest.json
[DEBUG CollapseMonitor] on_validation_epoch_start called for epoch 51
[DEBUG CollapseMonitor] reset_temporal_state() called on loss function
Epoch 51: val_loss=0.3576784133911133
Epoch 51: train_loss=0.41090619564056396

[CollapseMonitor] Epoch 51
  [DEBUG] Processed 4 batches from val_dataloader
  [DEBUG] Predictions shape after concat: (199,)
  Pred std: 0.015439, range: 0.051637, mean: 0.029357
  Pos: 100.0%, Neg: 0.0%, Unique: 197
  Dir Acc: 52.26%, Pred Sharpe: 30.1844
  Composite: 0.3979 (dist_match: 0.5226, actual_pos: 52.3%, pred_pos: 100.0%)
  Collapse penalty: 0.000000 (threshold: 0.005000)
  Saved validation predictions to: experiments/12c_h1_rolling/macro_heavy_daily_h1_d010/fold_2024/collapse_monitoring/val_predictions_epoch51.npy
  Gradient norms:
    lstm_encoder: 0.004093
    lstm_decoder: 0.002337
    output_layer: 0.092690
  VSN output std:
    encoder: 0.119259
  Attention entropy: 2.945146
  Saved to: experiments/12c_h1_rolling/macro_heavy_daily_h1_d010/fold_2024/collapse_monitoring/collapse_monitor_latest.json
[DEBUG CollapseMonitor] on_validation_epoch_start called for epoch 52
[DEBUG CollapseMonitor] reset_temporal_state() called on loss function
Epoch 52: val_loss=0.35761183500289917
Epoch 52: train_loss=0.41029128432273865

[CollapseMonitor] Epoch 52
  [DEBUG] Processed 4 batches from val_dataloader
  [DEBUG] Predictions shape after concat: (199,)
  Pred std: 0.015335, range: 0.051324, mean: 0.029392
  Pos: 100.0%, Neg: 0.0%, Unique: 197
  Dir Acc: 52.26%, Pred Sharpe: 30.4265
  Composite: 0.3979 (dist_match: 0.5226, actual_pos: 52.3%, pred_pos: 100.0%)
  Collapse penalty: 0.000000 (threshold: 0.005000)
  Saved validation predictions to: experiments/12c_h1_rolling/macro_heavy_daily_h1_d010/fold_2024/collapse_monitoring/val_predictions_epoch52.npy
  Gradient norms:
    lstm_encoder: 0.004967
    lstm_decoder: 0.002766
    output_layer: 0.100400
  VSN output std:
    encoder: 0.119056
  Attention entropy: 2.944524
  Saved to: experiments/12c_h1_rolling/macro_heavy_daily_h1_d010/fold_2024/collapse_monitoring/collapse_monitor_latest.json
[DEBUG CollapseMonitor] on_validation_epoch_start called for epoch 53
[DEBUG CollapseMonitor] reset_temporal_state() called on loss function
Epoch 53: val_loss=0.35760319232940674
Epoch 53: train_loss=0.4106619358062744

[CollapseMonitor] Epoch 53
  [DEBUG] Processed 4 batches from val_dataloader
  [DEBUG] Predictions shape after concat: (199,)
  Pred std: 0.015156, range: 0.050947, mean: 0.028537
  Pos: 100.0%, Neg: 0.0%, Unique: 199
  Dir Acc: 52.26%, Pred Sharpe: 29.8898
  Composite: 0.3979 (dist_match: 0.5226, actual_pos: 52.3%, pred_pos: 100.0%)
  Collapse penalty: 0.000000 (threshold: 0.005000)
  Saved validation predictions to: experiments/12c_h1_rolling/macro_heavy_daily_h1_d010/fold_2024/collapse_monitoring/val_predictions_epoch53.npy
  Gradient norms:
    lstm_encoder: 0.004882
    lstm_decoder: 0.002658
    output_layer: 0.099492
  VSN output std:
    encoder: 0.119095
  Attention entropy: 2.944475
  Saved to: experiments/12c_h1_rolling/macro_heavy_daily_h1_d010/fold_2024/collapse_monitoring/collapse_monitor_latest.json
[DEBUG CollapseMonitor] on_validation_epoch_start called for epoch 54
[DEBUG CollapseMonitor] reset_temporal_state() called on loss function
Epoch 54: val_loss=0.3575611710548401
Epoch 54: train_loss=0.4107908010482788

[CollapseMonitor] Epoch 54
  [DEBUG] Processed 4 batches from val_dataloader
  [DEBUG] Predictions shape after concat: (199,)
  Pred std: 0.014942, range: 0.050402, mean: 0.028392
  Pos: 100.0%, Neg: 0.0%, Unique: 199
  Dir Acc: 52.26%, Pred Sharpe: 30.1637
  Composite: 0.3979 (dist_match: 0.5226, actual_pos: 52.3%, pred_pos: 100.0%)
  Collapse penalty: 0.000000 (threshold: 0.005000)
  Saved validation predictions to: experiments/12c_h1_rolling/macro_heavy_daily_h1_d010/fold_2024/collapse_monitoring/val_predictions_epoch54.npy
  Gradient norms:
    lstm_encoder: 0.005188
    lstm_decoder: 0.002946
    output_layer: 0.101152
  VSN output std:
    encoder: 0.118981
  Attention entropy: 2.943600
  Saved to: experiments/12c_h1_rolling/macro_heavy_daily_h1_d010/fold_2024/collapse_monitoring/collapse_monitor_latest.json
[DEBUG CollapseMonitor] on_validation_epoch_start called for epoch 55
[DEBUG CollapseMonitor] reset_temporal_state() called on loss function
Epoch 55: val_loss=0.3577772378921509
Epoch 55: train_loss=0.4113134443759918

[CollapseMonitor] Epoch 55
  [DEBUG] Processed 4 batches from val_dataloader
  [DEBUG] Predictions shape after concat: (199,)
  Pred std: 0.015154, range: 0.050624, mean: 0.030030
  Pos: 100.0%, Neg: 0.0%, Unique: 199
  Dir Acc: 52.26%, Pred Sharpe: 31.4582
  Composite: 0.3979 (dist_match: 0.5226, actual_pos: 52.3%, pred_pos: 100.0%)
  Collapse penalty: 0.000000 (threshold: 0.005000)
  Saved validation predictions to: experiments/12c_h1_rolling/macro_heavy_daily_h1_d010/fold_2024/collapse_monitoring/val_predictions_epoch55.npy
  Gradient norms:
    lstm_encoder: 0.005201
    lstm_decoder: 0.002890
    output_layer: 0.098597
  VSN output std:
    encoder: 0.119057
  Attention entropy: 2.942935
  Saved to: experiments/12c_h1_rolling/macro_heavy_daily_h1_d010/fold_2024/collapse_monitoring/collapse_monitor_latest.json
[DEBUG CollapseMonitor] on_validation_epoch_start called for epoch 56
[DEBUG CollapseMonitor] reset_temporal_state() called on loss function
Epoch 56: val_loss=0.3576548099517822
Epoch 56: train_loss=0.4100545644760132

[CollapseMonitor] Epoch 56
  [DEBUG] Processed 4 batches from val_dataloader
  [DEBUG] Predictions shape after concat: (199,)
  Pred std: 0.014622, range: 0.049386, mean: 0.030271
  Pos: 100.0%, Neg: 0.0%, Unique: 199
  Dir Acc: 52.26%, Pred Sharpe: 32.8641
  Composite: 0.3979 (dist_match: 0.5226, actual_pos: 52.3%, pred_pos: 100.0%)
  Collapse penalty: 0.000000 (threshold: 0.005000)
  Saved validation predictions to: experiments/12c_h1_rolling/macro_heavy_daily_h1_d010/fold_2024/collapse_monitoring/val_predictions_epoch56.npy
  Gradient norms:
    lstm_encoder: 0.004762
    lstm_decoder: 0.002548
    output_layer: 0.099922
  VSN output std:
    encoder: 0.119159
  Attention entropy: 2.943418
  Saved to: experiments/12c_h1_rolling/macro_heavy_daily_h1_d010/fold_2024/collapse_monitoring/collapse_monitor_latest.json
[DEBUG CollapseMonitor] on_validation_epoch_start called for epoch 57
[DEBUG CollapseMonitor] reset_temporal_state() called on loss function
Epoch 57: val_loss=0.357715904712677
Epoch 57: train_loss=0.40995997190475464

[CollapseMonitor] Epoch 57
  [DEBUG] Processed 4 batches from val_dataloader
  [DEBUG] Predictions shape after concat: (199,)
  Pred std: 0.014780, range: 0.049794, mean: 0.031058
  Pos: 100.0%, Neg: 0.0%, Unique: 197
  Dir Acc: 52.26%, Pred Sharpe: 33.3566
  Composite: 0.3979 (dist_match: 0.5226, actual_pos: 52.3%, pred_pos: 100.0%)
  Collapse penalty: 0.000000 (threshold: 0.005000)
  Saved validation predictions to: experiments/12c_h1_rolling/macro_heavy_daily_h1_d010/fold_2024/collapse_monitoring/val_predictions_epoch57.npy
  Gradient norms:
    lstm_encoder: 0.004703
    lstm_decoder: 0.002570
    output_layer: 0.093186
  VSN output std:
    encoder: 0.119160
  Attention entropy: 2.943415
  Saved to: experiments/12c_h1_rolling/macro_heavy_daily_h1_d010/fold_2024/collapse_monitoring/collapse_monitor_latest.json
[DEBUG CollapseMonitor] on_validation_epoch_start called for epoch 58
[DEBUG CollapseMonitor] reset_temporal_state() called on loss function
Epoch 58: val_loss=0.35780954360961914
Epoch 58: train_loss=0.4098070561885834

[CollapseMonitor] Epoch 58
  [DEBUG] Processed 4 batches from val_dataloader
  [DEBUG] Predictions shape after concat: (199,)
  Pred std: 0.014932, range: 0.050061, mean: 0.032195
  Pos: 100.0%, Neg: 0.0%, Unique: 198
  Dir Acc: 52.26%, Pred Sharpe: 34.2264
  Composite: 0.3979 (dist_match: 0.5226, actual_pos: 52.3%, pred_pos: 100.0%)
  Collapse penalty: 0.000000 (threshold: 0.005000)
  Saved validation predictions to: experiments/12c_h1_rolling/macro_heavy_daily_h1_d010/fold_2024/collapse_monitoring/val_predictions_epoch58.npy
  Gradient norms:
    lstm_encoder: 0.004440
    lstm_decoder: 0.002483
    output_layer: 0.098058
  VSN output std:
    encoder: 0.119147
  Attention entropy: 2.943269
  Saved to: experiments/12c_h1_rolling/macro_heavy_daily_h1_d010/fold_2024/collapse_monitoring/collapse_monitor_latest.json
[DEBUG CollapseMonitor] on_validation_epoch_start called for epoch 59
[DEBUG CollapseMonitor] reset_temporal_state() called on loss function
Epoch 59: val_loss=0.3579041659832001
Epoch 59: train_loss=0.41009876132011414

[CollapseMonitor] Epoch 59
  [DEBUG] Processed 4 batches from val_dataloader
  [DEBUG] Predictions shape after concat: (199,)
  Pred std: 0.015173, range: 0.050680, mean: 0.031564
  Pos: 100.0%, Neg: 0.0%, Unique: 199
  Dir Acc: 52.26%, Pred Sharpe: 33.0240
  Composite: 0.3979 (dist_match: 0.5226, actual_pos: 52.3%, pred_pos: 100.0%)
  Collapse penalty: 0.000000 (threshold: 0.005000)
  Saved validation predictions to: experiments/12c_h1_rolling/macro_heavy_daily_h1_d010/fold_2024/collapse_monitoring/val_predictions_epoch59.npy
  Gradient norms:
    lstm_encoder: 0.004581
    lstm_decoder: 0.002477
    output_layer: 0.095690
  VSN output std:
    encoder: 0.119120
  Attention entropy: 2.942862
  Saved to: experiments/12c_h1_rolling/macro_heavy_daily_h1_d010/fold_2024/collapse_monitoring/collapse_monitor_latest.json
[DEBUG CollapseMonitor] on_validation_epoch_start called for epoch 60
[DEBUG CollapseMonitor] reset_temporal_state() called on loss function
Epoch 60: val_loss=0.35788294672966003
Epoch 60: train_loss=0.41091451048851013

[CollapseMonitor] Epoch 60
  [DEBUG] Processed 4 batches from val_dataloader
  [DEBUG] Predictions shape after concat: (199,)
  Pred std: 0.015075, range: 0.050553, mean: 0.031796
  Pos: 100.0%, Neg: 0.0%, Unique: 199
  Dir Acc: 52.26%, Pred Sharpe: 33.4815
  Composite: 0.3979 (dist_match: 0.5226, actual_pos: 52.3%, pred_pos: 100.0%)
  Collapse penalty: 0.000000 (threshold: 0.005000)
  Saved validation predictions to: experiments/12c_h1_rolling/macro_heavy_daily_h1_d010/fold_2024/collapse_monitoring/val_predictions_epoch60.npy
  Gradient norms:
    lstm_encoder: 0.004526
    lstm_decoder: 0.002687
    output_layer: 0.097836
  VSN output std:
    encoder: 0.119015
  Attention entropy: 2.942468
  Saved to: experiments/12c_h1_rolling/macro_heavy_daily_h1_d010/fold_2024/collapse_monitoring/collapse_monitor_latest.json
[DEBUG CollapseMonitor] on_validation_epoch_start called for epoch 61
[DEBUG CollapseMonitor] reset_temporal_state() called on loss function
Epoch 61: val_loss=0.3579256534576416
Epoch 61: train_loss=0.41036278009414673

[CollapseMonitor] Epoch 61
  [DEBUG] Processed 4 batches from val_dataloader
  [DEBUG] Predictions shape after concat: (199,)
  Pred std: 0.015165, range: 0.050810, mean: 0.031675
  Pos: 100.0%, Neg: 0.0%, Unique: 199
  Dir Acc: 52.26%, Pred Sharpe: 33.1564
  Composite: 0.3979 (dist_match: 0.5226, actual_pos: 52.3%, pred_pos: 100.0%)
  Collapse penalty: 0.000000 (threshold: 0.005000)
  Saved validation predictions to: experiments/12c_h1_rolling/macro_heavy_daily_h1_d010/fold_2024/collapse_monitoring/val_predictions_epoch61.npy
  Gradient norms:
    lstm_encoder: 0.004437
    lstm_decoder: 0.002291
    output_layer: 0.088313
  VSN output std:
    encoder: 0.118919
  Attention entropy: 2.941944
  Saved to: experiments/12c_h1_rolling/macro_heavy_daily_h1_d010/fold_2024/collapse_monitoring/collapse_monitor_latest.json
[DEBUG CollapseMonitor] on_validation_epoch_start called for epoch 62
[DEBUG CollapseMonitor] reset_temporal_state() called on loss function
Epoch 62: val_loss=0.35798874497413635
Epoch 62: train_loss=0.40902891755104065

[CollapseMonitor] Epoch 62
  [DEBUG] Processed 4 batches from val_dataloader
  [DEBUG] Predictions shape after concat: (199,)
  Pred std: 0.015268, range: 0.051038, mean: 0.032935
  Pos: 100.0%, Neg: 0.0%, Unique: 199
  Dir Acc: 52.26%, Pred Sharpe: 34.2426
  Composite: 0.3979 (dist_match: 0.5226, actual_pos: 52.3%, pred_pos: 100.0%)
  Collapse penalty: 0.000000 (threshold: 0.005000)
  Saved validation predictions to: experiments/12c_h1_rolling/macro_heavy_daily_h1_d010/fold_2024/collapse_monitoring/val_predictions_epoch62.npy
  Gradient norms:
    lstm_encoder: 0.005436
    lstm_decoder: 0.002902
    output_layer: 0.094811
  VSN output std:
    encoder: 0.118762
  Attention entropy: 2.941336
  Saved to: experiments/12c_h1_rolling/macro_heavy_daily_h1_d010/fold_2024/collapse_monitoring/collapse_monitor_latest.json
[DEBUG CollapseMonitor] on_validation_epoch_start called for epoch 63
[DEBUG CollapseMonitor] reset_temporal_state() called on loss function
Epoch 63: val_loss=0.35789504647254944
Epoch 63: train_loss=0.40942296385765076

[CollapseMonitor] Epoch 63
  [DEBUG] Processed 4 batches from val_dataloader
  [DEBUG] Predictions shape after concat: (199,)
  Pred std: 0.015137, range: 0.050915, mean: 0.031606
  Pos: 100.0%, Neg: 0.0%, Unique: 199
  Dir Acc: 52.26%, Pred Sharpe: 33.1457
  Composite: 0.3979 (dist_match: 0.5226, actual_pos: 52.3%, pred_pos: 100.0%)
  Collapse penalty: 0.000000 (threshold: 0.005000)
  Saved validation predictions to: experiments/12c_h1_rolling/macro_heavy_daily_h1_d010/fold_2024/collapse_monitoring/val_predictions_epoch63.npy
  Gradient norms:
    lstm_encoder: 0.004641
    lstm_decoder: 0.002569
    output_layer: 0.091186
  VSN output std:
    encoder: 0.118516
  Attention entropy: 2.940625
  Saved to: experiments/12c_h1_rolling/macro_heavy_daily_h1_d010/fold_2024/collapse_monitoring/collapse_monitor_latest.json
[DEBUG CollapseMonitor] on_validation_epoch_start called for epoch 64
[DEBUG CollapseMonitor] reset_temporal_state() called on loss function
Epoch 64: val_loss=0.35792821645736694
Epoch 64: train_loss=0.40884169936180115

[CollapseMonitor] Epoch 64
  [DEBUG] Processed 4 batches from val_dataloader
  [DEBUG] Predictions shape after concat: (199,)
  Pred std: 0.015285, range: 0.051348, mean: 0.031514
  Pos: 100.0%, Neg: 0.0%, Unique: 199
  Dir Acc: 52.26%, Pred Sharpe: 32.7295
  Composite: 0.3979 (dist_match: 0.5226, actual_pos: 52.3%, pred_pos: 100.0%)
  Collapse penalty: 0.000000 (threshold: 0.005000)
  Saved validation predictions to: experiments/12c_h1_rolling/macro_heavy_daily_h1_d010/fold_2024/collapse_monitoring/val_predictions_epoch64.npy
  Gradient norms:
    lstm_encoder: 0.004669
    lstm_decoder: 0.002569
    output_layer: 0.093753
  VSN output std:
    encoder: 0.118426
  Attention entropy: 2.940173
  Saved to: experiments/12c_h1_rolling/macro_heavy_daily_h1_d010/fold_2024/collapse_monitoring/collapse_monitor_latest.json
[DEBUG CollapseMonitor] on_validation_epoch_start called for epoch 65
[DEBUG CollapseMonitor] reset_temporal_state() called on loss function
Epoch 65: val_loss=0.3579122722148895
Epoch 65: train_loss=0.4100755751132965

[CollapseMonitor] Epoch 65
  [DEBUG] Processed 4 batches from val_dataloader
  [DEBUG] Predictions shape after concat: (199,)
  Pred std: 0.015295, range: 0.051406, mean: 0.031887
  Pos: 100.0%, Neg: 0.0%, Unique: 199
  Dir Acc: 52.26%, Pred Sharpe: 33.0965
  Composite: 0.3979 (dist_match: 0.5226, actual_pos: 52.3%, pred_pos: 100.0%)
  Collapse penalty: 0.000000 (threshold: 0.005000)
  Saved validation predictions to: experiments/12c_h1_rolling/macro_heavy_daily_h1_d010/fold_2024/collapse_monitoring/val_predictions_epoch65.npy
  Gradient norms:
    lstm_encoder: 0.005001
    lstm_decoder: 0.002717
    output_layer: 0.101452
  VSN output std:
    encoder: 0.118412
  Attention entropy: 2.939949
  Saved to: experiments/12c_h1_rolling/macro_heavy_daily_h1_d010/fold_2024/collapse_monitoring/collapse_monitor_latest.json
[DEBUG CollapseMonitor] on_validation_epoch_start called for epoch 66
[DEBUG CollapseMonitor] reset_temporal_state() called on loss function
Epoch 66: val_loss=0.35797587037086487
Epoch 66: train_loss=0.40619638562202454

[CollapseMonitor] Epoch 66
  [DEBUG] Processed 4 batches from val_dataloader
  [DEBUG] Predictions shape after concat: (199,)
  Pred std: 0.015549, range: 0.052076, mean: 0.031402
  Pos: 100.0%, Neg: 0.0%, Unique: 197
  Dir Acc: 52.26%, Pred Sharpe: 32.0601
  Composite: 0.3979 (dist_match: 0.5226, actual_pos: 52.3%, pred_pos: 100.0%)
  Collapse penalty: 0.000000 (threshold: 0.005000)
  Saved validation predictions to: experiments/12c_h1_rolling/macro_heavy_daily_h1_d010/fold_2024/collapse_monitoring/val_predictions_epoch66.npy
  Gradient norms:
    lstm_encoder: 0.004446
    lstm_decoder: 0.002447
    output_layer: 0.088102
  VSN output std:
    encoder: 0.118316
  Attention entropy: 2.939222
  Saved to: experiments/12c_h1_rolling/macro_heavy_daily_h1_d010/fold_2024/collapse_monitoring/collapse_monitor_latest.json
[DEBUG CollapseMonitor] on_validation_epoch_start called for epoch 67
[DEBUG CollapseMonitor] reset_temporal_state() called on loss function
Epoch 67: val_loss=0.35800883173942566
Epoch 67: train_loss=0.41131916642189026

[CollapseMonitor] Epoch 67
  [DEBUG] Processed 4 batches from val_dataloader
  [DEBUG] Predictions shape after concat: (199,)
  Pred std: 0.015498, range: 0.051869, mean: 0.031633
  Pos: 100.0%, Neg: 0.0%, Unique: 199
  Dir Acc: 52.26%, Pred Sharpe: 32.4016
  Composite: 0.3979 (dist_match: 0.5226, actual_pos: 52.3%, pred_pos: 100.0%)
  Collapse penalty: 0.000000 (threshold: 0.005000)
  Saved validation predictions to: experiments/12c_h1_rolling/macro_heavy_daily_h1_d010/fold_2024/collapse_monitoring/val_predictions_epoch67.npy
  Gradient norms:
    lstm_encoder: 0.005177
    lstm_decoder: 0.002745
    output_layer: 0.098316
  VSN output std:
    encoder: 0.118420
  Attention entropy: 2.939532
  Saved to: experiments/12c_h1_rolling/macro_heavy_daily_h1_d010/fold_2024/collapse_monitoring/collapse_monitor_latest.json
[DEBUG CollapseMonitor] on_validation_epoch_start called for epoch 68
[DEBUG CollapseMonitor] reset_temporal_state() called on loss function
Epoch 68: val_loss=0.3580153286457062
Epoch 68: train_loss=0.41135087609291077

[CollapseMonitor] Epoch 68
  [DEBUG] Processed 4 batches from val_dataloader
  [DEBUG] Predictions shape after concat: (199,)
  Pred std: 0.015457, range: 0.051734, mean: 0.032200
  Pos: 100.0%, Neg: 0.0%, Unique: 198
  Dir Acc: 52.26%, Pred Sharpe: 33.0704
  Composite: 0.3979 (dist_match: 0.5226, actual_pos: 52.3%, pred_pos: 100.0%)
  Collapse penalty: 0.000000 (threshold: 0.005000)
  Saved validation predictions to: experiments/12c_h1_rolling/macro_heavy_daily_h1_d010/fold_2024/collapse_monitoring/val_predictions_epoch68.npy
  Gradient norms:
    lstm_encoder: 0.004922
    lstm_decoder: 0.002732
    output_layer: 0.103764
  VSN output std:
    encoder: 0.118427
  Attention entropy: 2.939526
  Saved to: experiments/12c_h1_rolling/macro_heavy_daily_h1_d010/fold_2024/collapse_monitoring/collapse_monitor_latest.json
[DEBUG CollapseMonitor] on_validation_epoch_start called for epoch 69
[DEBUG CollapseMonitor] reset_temporal_state() called on loss function
Epoch 69: val_loss=0.3580334484577179
Epoch 69: train_loss=0.4101483225822449

[CollapseMonitor] Epoch 69
  [DEBUG] Processed 4 batches from val_dataloader
  [DEBUG] Predictions shape after concat: (199,)
  Pred std: 0.015499, range: 0.051865, mean: 0.032254
  Pos: 100.0%, Neg: 0.0%, Unique: 199
  Dir Acc: 52.26%, Pred Sharpe: 33.0360
  Composite: 0.3979 (dist_match: 0.5226, actual_pos: 52.3%, pred_pos: 100.0%)
  Collapse penalty: 0.000000 (threshold: 0.005000)
  Saved validation predictions to: experiments/12c_h1_rolling/macro_heavy_daily_h1_d010/fold_2024/collapse_monitoring/val_predictions_epoch69.npy
  Gradient norms:
    lstm_encoder: 0.004830
    lstm_decoder: 0.002640
    output_layer: 0.091520
  VSN output std:
    encoder: 0.118386
  Attention entropy: 2.939175
  Saved to: experiments/12c_h1_rolling/macro_heavy_daily_h1_d010/fold_2024/collapse_monitoring/collapse_monitor_latest.json
[DEBUG CollapseMonitor] on_validation_epoch_start called for epoch 70
[DEBUG CollapseMonitor] reset_temporal_state() called on loss function
Epoch 70: val_loss=0.3580358028411865
Epoch 70: train_loss=0.4110097885131836

[CollapseMonitor] Epoch 70
  [DEBUG] Processed 4 batches from val_dataloader
  [DEBUG] Predictions shape after concat: (199,)
  Pred std: 0.015516, range: 0.051993, mean: 0.032802
  Pos: 100.0%, Neg: 0.0%, Unique: 197
  Dir Acc: 52.26%, Pred Sharpe: 33.5601
  Composite: 0.3979 (dist_match: 0.5226, actual_pos: 52.3%, pred_pos: 100.0%)
  Collapse penalty: 0.000000 (threshold: 0.005000)
  Saved validation predictions to: experiments/12c_h1_rolling/macro_heavy_daily_h1_d010/fold_2024/collapse_monitoring/val_predictions_epoch70.npy
  Gradient norms:
    lstm_encoder: 0.004896
    lstm_decoder: 0.002765
    output_layer: 0.100121
  VSN output std:
    encoder: 0.118308
  Attention entropy: 2.938910
  Saved to: experiments/12c_h1_rolling/macro_heavy_daily_h1_d010/fold_2024/collapse_monitoring/collapse_monitor_latest.json
[DEBUG CollapseMonitor] on_validation_epoch_start called for epoch 71
[DEBUG CollapseMonitor] reset_temporal_state() called on loss function
Epoch 71: val_loss=0.3580571711063385
Epoch 71: train_loss=0.41091692447662354

[CollapseMonitor] Epoch 71
  [DEBUG] Processed 4 batches from val_dataloader
  [DEBUG] Predictions shape after concat: (199,)
  Pred std: 0.015511, range: 0.051993, mean: 0.032572
  Pos: 100.0%, Neg: 0.0%, Unique: 198
  Dir Acc: 52.26%, Pred Sharpe: 33.3361
  Composite: 0.3979 (dist_match: 0.5226, actual_pos: 52.3%, pred_pos: 100.0%)
  Collapse penalty: 0.000000 (threshold: 0.005000)
  Saved validation predictions to: experiments/12c_h1_rolling/macro_heavy_daily_h1_d010/fold_2024/collapse_monitoring/val_predictions_epoch71.npy
  Gradient norms:
    lstm_encoder: 0.004982
    lstm_decoder: 0.002594
    output_layer: 0.092218
  VSN output std:
    encoder: 0.118303
  Attention entropy: 2.938983
  Saved to: experiments/12c_h1_rolling/macro_heavy_daily_h1_d010/fold_2024/collapse_monitoring/collapse_monitor_latest.json
[DEBUG CollapseMonitor] on_validation_epoch_start called for epoch 72
[DEBUG CollapseMonitor] reset_temporal_state() called on loss function
Epoch 72: val_loss=0.35805267095565796
Epoch 72: train_loss=0.40818166732788086

[CollapseMonitor] Epoch 72
  [DEBUG] Processed 4 batches from val_dataloader
  [DEBUG] Predictions shape after concat: (199,)
  Pred std: 0.015417, range: 0.051791, mean: 0.032413
  Pos: 100.0%, Neg: 0.0%, Unique: 199
  Dir Acc: 52.26%, Pred Sharpe: 33.3746
  Composite: 0.3979 (dist_match: 0.5226, actual_pos: 52.3%, pred_pos: 100.0%)
  Collapse penalty: 0.000000 (threshold: 0.005000)
  Saved validation predictions to: experiments/12c_h1_rolling/macro_heavy_daily_h1_d010/fold_2024/collapse_monitoring/val_predictions_epoch72.npy
  Gradient norms:
    lstm_encoder: 0.004886
    lstm_decoder: 0.002671
    output_layer: 0.101435
  VSN output std:
    encoder: 0.118279
  Attention entropy: 2.938989
  Saved to: experiments/12c_h1_rolling/macro_heavy_daily_h1_d010/fold_2024/collapse_monitoring/collapse_monitor_latest.json
[DEBUG CollapseMonitor] on_validation_epoch_start called for epoch 73
[DEBUG CollapseMonitor] reset_temporal_state() called on loss function
Epoch 73: val_loss=0.3580279052257538
Epoch 73: train_loss=0.41020289063453674

[CollapseMonitor] Epoch 73
  [DEBUG] Processed 4 batches from val_dataloader
  [DEBUG] Predictions shape after concat: (199,)
  Pred std: 0.015399, range: 0.051907, mean: 0.032108
  Pos: 100.0%, Neg: 0.0%, Unique: 197
  Dir Acc: 52.26%, Pred Sharpe: 33.0996
  Composite: 0.3979 (dist_match: 0.5226, actual_pos: 52.3%, pred_pos: 100.0%)
  Collapse penalty: 0.000000 (threshold: 0.005000)
  Saved validation predictions to: experiments/12c_h1_rolling/macro_heavy_daily_h1_d010/fold_2024/collapse_monitoring/val_predictions_epoch73.npy
  Gradient norms:
    lstm_encoder: 0.004806
    lstm_decoder: 0.002614
    output_layer: 0.094266
  VSN output std:
    encoder: 0.118133
  Attention entropy: 2.938383
  Saved to: experiments/12c_h1_rolling/macro_heavy_daily_h1_d010/fold_2024/collapse_monitoring/collapse_monitor_latest.json
[DEBUG CollapseMonitor] on_validation_epoch_start called for epoch 74
[DEBUG CollapseMonitor] reset_temporal_state() called on loss function
Epoch 74: val_loss=0.35802531242370605
Epoch 74: train_loss=0.4092825949192047

[CollapseMonitor] Epoch 74
  [DEBUG] Processed 4 batches from val_dataloader
  [DEBUG] Predictions shape after concat: (199,)
  Pred std: 0.015462, range: 0.052154, mean: 0.032199
  Pos: 100.0%, Neg: 0.0%, Unique: 199
  Dir Acc: 52.26%, Pred Sharpe: 33.0577
  Composite: 0.3979 (dist_match: 0.5226, actual_pos: 52.3%, pred_pos: 100.0%)
  Collapse penalty: 0.000000 (threshold: 0.005000)
  Saved validation predictions to: experiments/12c_h1_rolling/macro_heavy_daily_h1_d010/fold_2024/collapse_monitoring/val_predictions_epoch74.npy
  Gradient norms:
    lstm_encoder: 0.005242
    lstm_decoder: 0.002831
    output_layer: 0.097862
  VSN output std:
    encoder: 0.117984
  Attention entropy: 2.937865
  Saved to: experiments/12c_h1_rolling/macro_heavy_daily_h1_d010/fold_2024/collapse_monitoring/collapse_monitor_latest.json
[DEBUG CollapseMonitor] on_validation_epoch_start called for epoch 75
[DEBUG CollapseMonitor] reset_temporal_state() called on loss function
Epoch 75: val_loss=0.35801252722740173
Epoch 75: train_loss=0.40791934728622437

[CollapseMonitor] Epoch 75
  [DEBUG] Processed 4 batches from val_dataloader
  [DEBUG] Predictions shape after concat: (199,)
  Pred std: 0.015505, range: 0.052372, mean: 0.032173
  Pos: 100.0%, Neg: 0.0%, Unique: 197
  Dir Acc: 52.26%, Pred Sharpe: 32.9396
  Composite: 0.3979 (dist_match: 0.5226, actual_pos: 52.3%, pred_pos: 100.0%)
  Collapse penalty: 0.000000 (threshold: 0.005000)
  Saved validation predictions to: experiments/12c_h1_rolling/macro_heavy_daily_h1_d010/fold_2024/collapse_monitoring/val_predictions_epoch75.npy
  Gradient norms:
    lstm_encoder: 0.004861
    lstm_decoder: 0.002600
    output_layer: 0.086467
  VSN output std:
    encoder: 0.117909
  Attention entropy: 2.937520
  Saved to: experiments/12c_h1_rolling/macro_heavy_daily_h1_d010/fold_2024/collapse_monitoring/collapse_monitor_latest.json
[DEBUG CollapseMonitor] on_validation_epoch_start called for epoch 76
[DEBUG CollapseMonitor] reset_temporal_state() called on loss function
Epoch 76: val_loss=0.357987642288208
Epoch 76: train_loss=0.4090625047683716

[CollapseMonitor] Epoch 76
  [DEBUG] Processed 4 batches from val_dataloader
  [DEBUG] Predictions shape after concat: (199,)
  Pred std: 0.015442, range: 0.052321, mean: 0.032771
  Pos: 100.0%, Neg: 0.0%, Unique: 199
  Dir Acc: 52.26%, Pred Sharpe: 33.6894
  Composite: 0.3979 (dist_match: 0.5226, actual_pos: 52.3%, pred_pos: 100.0%)
  Collapse penalty: 0.000000 (threshold: 0.005000)
  Saved validation predictions to: experiments/12c_h1_rolling/macro_heavy_daily_h1_d010/fold_2024/collapse_monitoring/val_predictions_epoch76.npy
  Gradient norms:
    lstm_encoder: 0.004807
    lstm_decoder: 0.002613
    output_layer: 0.096426
  VSN output std:
    encoder: 0.117833
  Attention entropy: 2.937231
  Saved to: experiments/12c_h1_rolling/macro_heavy_daily_h1_d010/fold_2024/collapse_monitoring/collapse_monitor_latest.json
[DEBUG CollapseMonitor] on_validation_epoch_start called for epoch 77
[DEBUG CollapseMonitor] reset_temporal_state() called on loss function
Epoch 77: val_loss=0.3579525649547577
Epoch 77: train_loss=0.4098086655139923

[CollapseMonitor] Epoch 77
  [DEBUG] Processed 4 batches from val_dataloader
  [DEBUG] Predictions shape after concat: (199,)
  Pred std: 0.015375, range: 0.052191, mean: 0.032575
  Pos: 100.0%, Neg: 0.0%, Unique: 198
  Dir Acc: 52.26%, Pred Sharpe: 33.6334
  Composite: 0.3979 (dist_match: 0.5226, actual_pos: 52.3%, pred_pos: 100.0%)
  Collapse penalty: 0.000000 (threshold: 0.005000)
  Saved validation predictions to: experiments/12c_h1_rolling/macro_heavy_daily_h1_d010/fold_2024/collapse_monitoring/val_predictions_epoch77.npy
  Gradient norms:
    lstm_encoder: 0.004890
    lstm_decoder: 0.002644
    output_layer: 0.092606
  VSN output std:
    encoder: 0.117862
  Attention entropy: 2.937276
  Saved to: experiments/12c_h1_rolling/macro_heavy_daily_h1_d010/fold_2024/collapse_monitoring/collapse_monitor_latest.json
[DEBUG CollapseMonitor] on_validation_epoch_start called for epoch 78
[DEBUG CollapseMonitor] reset_temporal_state() called on loss function
Epoch 78: val_loss=0.3579629361629486
Epoch 78: train_loss=0.40874090790748596

[CollapseMonitor] Epoch 78
  [DEBUG] Processed 4 batches from val_dataloader
  [DEBUG] Predictions shape after concat: (199,)
  Pred std: 0.015428, range: 0.052339, mean: 0.032648
  Pos: 100.0%, Neg: 0.0%, Unique: 198
  Dir Acc: 52.26%, Pred Sharpe: 33.5922
  Composite: 0.3979 (dist_match: 0.5226, actual_pos: 52.3%, pred_pos: 100.0%)
  Collapse penalty: 0.000000 (threshold: 0.005000)
  Saved validation predictions to: experiments/12c_h1_rolling/macro_heavy_daily_h1_d010/fold_2024/collapse_monitoring/val_predictions_epoch78.npy
  Gradient norms:
    lstm_encoder: 0.004927
    lstm_decoder: 0.002560
    output_layer: 0.092946
  VSN output std:
    encoder: 0.117842
  Attention entropy: 2.937028
  Saved to: experiments/12c_h1_rolling/macro_heavy_daily_h1_d010/fold_2024/collapse_monitoring/collapse_monitor_latest.json
[DEBUG CollapseMonitor] on_validation_epoch_start called for epoch 79
[DEBUG CollapseMonitor] reset_temporal_state() called on loss function
Epoch 79: val_loss=0.3579983413219452
Epoch 79: train_loss=0.4095074534416199

[CollapseMonitor] Epoch 79
  [DEBUG] Processed 4 batches from val_dataloader
  [DEBUG] Predictions shape after concat: (199,)
  Pred std: 0.015477, range: 0.052437, mean: 0.033230
  Pos: 100.0%, Neg: 0.0%, Unique: 199
  Dir Acc: 52.26%, Pred Sharpe: 34.0829
  Composite: 0.3979 (dist_match: 0.5226, actual_pos: 52.3%, pred_pos: 100.0%)
  Collapse penalty: 0.000000 (threshold: 0.005000)
  Saved validation predictions to: experiments/12c_h1_rolling/macro_heavy_daily_h1_d010/fold_2024/collapse_monitoring/val_predictions_epoch79.npy
  Gradient norms:
    lstm_encoder: 0.004914
    lstm_decoder: 0.002675
    output_layer: 0.090658
  VSN output std:
    encoder: 0.117847
  Attention entropy: 2.936917
  Saved to: experiments/12c_h1_rolling/macro_heavy_daily_h1_d010/fold_2024/collapse_monitoring/collapse_monitor_latest.json
[DEBUG CollapseMonitor] on_validation_epoch_start called for epoch 80
[DEBUG CollapseMonitor] reset_temporal_state() called on loss function
Epoch 80: val_loss=0.3579808175563812
Epoch 80: train_loss=0.40929359197616577

[CollapseMonitor] Epoch 80
  [DEBUG] Processed 4 batches from val_dataloader
  [DEBUG] Predictions shape after concat: (199,)
  Pred std: 0.015302, range: 0.051940, mean: 0.032798
  Pos: 100.0%, Neg: 0.0%, Unique: 199
  Dir Acc: 52.26%, Pred Sharpe: 34.0245
  Composite: 0.3979 (dist_match: 0.5226, actual_pos: 52.3%, pred_pos: 100.0%)
  Collapse penalty: 0.000000 (threshold: 0.005000)
  Saved validation predictions to: experiments/12c_h1_rolling/macro_heavy_daily_h1_d010/fold_2024/collapse_monitoring/val_predictions_epoch80.npy
  Gradient norms:
    lstm_encoder: 0.004920
    lstm_decoder: 0.002772
    output_layer: 0.097195
  VSN output std:
    encoder: 0.117865
  Attention entropy: 2.936954
  Saved to: experiments/12c_h1_rolling/macro_heavy_daily_h1_d010/fold_2024/collapse_monitoring/collapse_monitor_latest.json
[DEBUG CollapseMonitor] on_validation_epoch_start called for epoch 81
[DEBUG CollapseMonitor] reset_temporal_state() called on loss function
Epoch 81: val_loss=0.3580317795276642
Epoch 81: train_loss=0.4107062816619873

[CollapseMonitor] Epoch 81
  [DEBUG] Processed 4 batches from val_dataloader
  [DEBUG] Predictions shape after concat: (199,)
  Pred std: 0.015283, range: 0.051880, mean: 0.032535
  Pos: 100.0%, Neg: 0.0%, Unique: 199
  Dir Acc: 52.26%, Pred Sharpe: 33.7952
  Composite: 0.3979 (dist_match: 0.5226, actual_pos: 52.3%, pred_pos: 100.0%)
  Collapse penalty: 0.000000 (threshold: 0.005000)
  Saved validation predictions to: experiments/12c_h1_rolling/macro_heavy_daily_h1_d010/fold_2024/collapse_monitoring/val_predictions_epoch81.npy
  Gradient norms:
    lstm_encoder: 0.005092
    lstm_decoder: 0.002737
    output_layer: 0.095938
  VSN output std:
    encoder: 0.117850
  Attention entropy: 2.936744
  Saved to: experiments/12c_h1_rolling/macro_heavy_daily_h1_d010/fold_2024/collapse_monitoring/collapse_monitor_latest.json
[DEBUG CollapseMonitor] on_validation_epoch_start called for epoch 82
[DEBUG CollapseMonitor] reset_temporal_state() called on loss function
Epoch 82: val_loss=0.3580418527126312
Epoch 82: train_loss=0.4094528555870056

[CollapseMonitor] Epoch 82
  [DEBUG] Processed 4 batches from val_dataloader
  [DEBUG] Predictions shape after concat: (199,)
  Pred std: 0.015352, range: 0.052067, mean: 0.032377
  Pos: 100.0%, Neg: 0.0%, Unique: 197
  Dir Acc: 52.26%, Pred Sharpe: 33.4793
  Composite: 0.3979 (dist_match: 0.5226, actual_pos: 52.3%, pred_pos: 100.0%)
  Collapse penalty: 0.000000 (threshold: 0.005000)
  Saved validation predictions to: experiments/12c_h1_rolling/macro_heavy_daily_h1_d010/fold_2024/collapse_monitoring/val_predictions_epoch82.npy
  Gradient norms:
    lstm_encoder: 0.004739
    lstm_decoder: 0.002655
    output_layer: 0.096357
  VSN output std:
    encoder: 0.117863
  Attention entropy: 2.936568
  Saved to: experiments/12c_h1_rolling/macro_heavy_daily_h1_d010/fold_2024/collapse_monitoring/collapse_monitor_latest.json
[DEBUG CollapseMonitor] on_validation_epoch_start called for epoch 83
[DEBUG CollapseMonitor] reset_temporal_state() called on loss function
Epoch 83: val_loss=0.35802161693573
Epoch 83: train_loss=0.4093804657459259

[CollapseMonitor] Epoch 83
  [DEBUG] Processed 4 batches from val_dataloader
  [DEBUG] Predictions shape after concat: (199,)
  Pred std: 0.015285, range: 0.051925, mean: 0.032572
  Pos: 100.0%, Neg: 0.0%, Unique: 197
  Dir Acc: 52.26%, Pred Sharpe: 33.8294
  Composite: 0.3979 (dist_match: 0.5226, actual_pos: 52.3%, pred_pos: 100.0%)
  Collapse penalty: 0.000000 (threshold: 0.005000)
  Saved validation predictions to: experiments/12c_h1_rolling/macro_heavy_daily_h1_d010/fold_2024/collapse_monitoring/val_predictions_epoch83.npy
  Gradient norms:
    lstm_encoder: 0.004870
    lstm_decoder: 0.002757
    output_layer: 0.096301
  VSN output std:
    encoder: 0.117880
  Attention entropy: 2.936660
  Saved to: experiments/12c_h1_rolling/macro_heavy_daily_h1_d010/fold_2024/collapse_monitoring/collapse_monitor_latest.json
[DEBUG CollapseMonitor] on_validation_epoch_start called for epoch 84
[DEBUG CollapseMonitor] reset_temporal_state() called on loss function
Epoch 84: val_loss=0.3580125570297241
Epoch 84: train_loss=0.40983501076698303

[CollapseMonitor] Epoch 84
  [DEBUG] Processed 4 batches from val_dataloader
  [DEBUG] Predictions shape after concat: (199,)
  Pred std: 0.015235, range: 0.051794, mean: 0.033032
  Pos: 100.0%, Neg: 0.0%, Unique: 199
  Dir Acc: 52.26%, Pred Sharpe: 34.4187
  Composite: 0.3979 (dist_match: 0.5226, actual_pos: 52.3%, pred_pos: 100.0%)
  Collapse penalty: 0.000000 (threshold: 0.005000)
  Saved validation predictions to: experiments/12c_h1_rolling/macro_heavy_daily_h1_d010/fold_2024/collapse_monitoring/val_predictions_epoch84.npy
  Gradient norms:
    lstm_encoder: 0.005293
    lstm_decoder: 0.002868
    output_layer: 0.091614
  VSN output std:
    encoder: 0.117921
  Attention entropy: 2.936810
  Saved to: experiments/12c_h1_rolling/macro_heavy_daily_h1_d010/fold_2024/collapse_monitoring/collapse_monitor_latest.json
[DEBUG CollapseMonitor] on_validation_epoch_start called for epoch 85
[DEBUG CollapseMonitor] reset_temporal_state() called on loss function
Epoch 85: val_loss=0.35801318287849426
Epoch 85: train_loss=0.4102669358253479

[CollapseMonitor] Epoch 85
  [DEBUG] Processed 4 batches from val_dataloader
  [DEBUG] Predictions shape after concat: (199,)
  Pred std: 0.015220, range: 0.051838, mean: 0.032763
  Pos: 100.0%, Neg: 0.0%, Unique: 198
  Dir Acc: 52.26%, Pred Sharpe: 34.1718
  Composite: 0.3979 (dist_match: 0.5226, actual_pos: 52.3%, pred_pos: 100.0%)
  Collapse penalty: 0.000000 (threshold: 0.005000)
  Saved validation predictions to: experiments/12c_h1_rolling/macro_heavy_daily_h1_d010/fold_2024/collapse_monitoring/val_predictions_epoch85.npy
  Gradient norms:
    lstm_encoder: 0.004931
    lstm_decoder: 0.002633
    output_layer: 0.095548
  VSN output std:
    encoder: 0.117815
  Attention entropy: 2.936289
  Saved to: experiments/12c_h1_rolling/macro_heavy_daily_h1_d010/fold_2024/collapse_monitoring/collapse_monitor_latest.json
[DEBUG CollapseMonitor] on_validation_epoch_start called for epoch 86
[DEBUG CollapseMonitor] reset_temporal_state() called on loss function
Epoch 86: val_loss=0.3579922318458557
Epoch 86: train_loss=0.4080111086368561

[CollapseMonitor] Epoch 86
  [DEBUG] Processed 4 batches from val_dataloader
  [DEBUG] Predictions shape after concat: (199,)
  Pred std: 0.015185, range: 0.051794, mean: 0.032765
  Pos: 100.0%, Neg: 0.0%, Unique: 199
  Dir Acc: 52.26%, Pred Sharpe: 34.2525
  Composite: 0.3979 (dist_match: 0.5226, actual_pos: 52.3%, pred_pos: 100.0%)
  Collapse penalty: 0.000000 (threshold: 0.005000)
  Saved validation predictions to: experiments/12c_h1_rolling/macro_heavy_daily_h1_d010/fold_2024/collapse_monitoring/val_predictions_epoch86.npy
  Gradient norms:
    lstm_encoder: 0.004811
    lstm_decoder: 0.002698
    output_layer: 0.094574
  VSN output std:
    encoder: 0.117809
  Attention entropy: 2.936214
  Saved to: experiments/12c_h1_rolling/macro_heavy_daily_h1_d010/fold_2024/collapse_monitoring/collapse_monitor_latest.json
[DEBUG CollapseMonitor] on_validation_epoch_start called for epoch 87
[DEBUG CollapseMonitor] reset_temporal_state() called on loss function
Epoch 87: val_loss=0.35802769660949707
Epoch 87: train_loss=0.4091234505176544

[CollapseMonitor] Epoch 87
  [DEBUG] Processed 4 batches from val_dataloader
  [DEBUG] Predictions shape after concat: (199,)
  Pred std: 0.015372, range: 0.052386, mean: 0.032798
  Pos: 100.0%, Neg: 0.0%, Unique: 198
  Dir Acc: 52.26%, Pred Sharpe: 33.8693
  Composite: 0.3979 (dist_match: 0.5226, actual_pos: 52.3%, pred_pos: 100.0%)
  Collapse penalty: 0.000000 (threshold: 0.005000)
  Saved validation predictions to: experiments/12c_h1_rolling/macro_heavy_daily_h1_d010/fold_2024/collapse_monitoring/val_predictions_epoch87.npy
  Gradient norms:
    lstm_encoder: 0.004932
    lstm_decoder: 0.002777
    output_layer: 0.100509
  VSN output std:
    encoder: 0.117633
  Attention entropy: 2.935332
  Saved to: experiments/12c_h1_rolling/macro_heavy_daily_h1_d010/fold_2024/collapse_monitoring/collapse_monitor_latest.json
[DEBUG CollapseMonitor] on_validation_epoch_start called for epoch 88
[DEBUG CollapseMonitor] reset_temporal_state() called on loss function
Epoch 88: val_loss=0.3580552637577057
Epoch 88: train_loss=0.40931999683380127

[CollapseMonitor] Epoch 88
  [DEBUG] Processed 4 batches from val_dataloader
  [DEBUG] Predictions shape after concat: (199,)
  Pred std: 0.015412, range: 0.052511, mean: 0.033058
  Pos: 100.0%, Neg: 0.0%, Unique: 198
  Dir Acc: 52.26%, Pred Sharpe: 34.0501
  Composite: 0.3979 (dist_match: 0.5226, actual_pos: 52.3%, pred_pos: 100.0%)
  Collapse penalty: 0.000000 (threshold: 0.005000)
  Saved validation predictions to: experiments/12c_h1_rolling/macro_heavy_daily_h1_d010/fold_2024/collapse_monitoring/val_predictions_epoch88.npy
  Gradient norms:
    lstm_encoder: 0.004664
    lstm_decoder: 0.002539
    output_layer: 0.093109
  VSN output std:
    encoder: 0.117553
  Attention entropy: 2.934922
  Saved to: experiments/12c_h1_rolling/macro_heavy_daily_h1_d010/fold_2024/collapse_monitoring/collapse_monitor_latest.json
[DEBUG CollapseMonitor] on_validation_epoch_start called for epoch 89
[DEBUG CollapseMonitor] reset_temporal_state() called on loss function
Epoch 89: val_loss=0.35811012983322144
Epoch 89: train_loss=0.4090067148208618

[CollapseMonitor] Epoch 89
  [DEBUG] Processed 4 batches from val_dataloader
  [DEBUG] Predictions shape after concat: (199,)
  Pred std: 0.015549, range: 0.052859, mean: 0.033037
  Pos: 100.0%, Neg: 0.0%, Unique: 196
  Dir Acc: 52.26%, Pred Sharpe: 33.7278
  Composite: 0.3979 (dist_match: 0.5226, actual_pos: 52.3%, pred_pos: 100.0%)
  Collapse penalty: 0.000000 (threshold: 0.005000)
  Saved validation predictions to: experiments/12c_h1_rolling/macro_heavy_daily_h1_d010/fold_2024/collapse_monitoring/val_predictions_epoch89.npy
  Gradient norms:
    lstm_encoder: 0.004619
    lstm_decoder: 0.002611
    output_layer: 0.098796
  VSN output std:
    encoder: 0.117523
  Attention entropy: 2.934641
  Saved to: experiments/12c_h1_rolling/macro_heavy_daily_h1_d010/fold_2024/collapse_monitoring/collapse_monitor_latest.json
[DEBUG CollapseMonitor] on_validation_epoch_start called for epoch 90
[DEBUG CollapseMonitor] reset_temporal_state() called on loss function
Epoch 90: val_loss=0.35807496309280396
Epoch 90: train_loss=0.40915337204933167

[CollapseMonitor] Epoch 90
  [DEBUG] Processed 4 batches from val_dataloader
  [DEBUG] Predictions shape after concat: (199,)
  Pred std: 0.015448, range: 0.052604, mean: 0.033073
  Pos: 100.0%, Neg: 0.0%, Unique: 198
  Dir Acc: 52.26%, Pred Sharpe: 33.9854
  Composite: 0.3979 (dist_match: 0.5226, actual_pos: 52.3%, pred_pos: 100.0%)
  Collapse penalty: 0.000000 (threshold: 0.005000)
  Saved validation predictions to: experiments/12c_h1_rolling/macro_heavy_daily_h1_d010/fold_2024/collapse_monitoring/val_predictions_epoch90.npy
  Gradient norms:
    lstm_encoder: 0.005191
    lstm_decoder: 0.002785
    output_layer: 0.101203
  VSN output std:
    encoder: 0.117571
  Attention entropy: 2.934819
  Saved to: experiments/12c_h1_rolling/macro_heavy_daily_h1_d010/fold_2024/collapse_monitoring/collapse_monitor_latest.json
[DEBUG CollapseMonitor] on_validation_epoch_start called for epoch 91
[DEBUG CollapseMonitor] reset_temporal_state() called on loss function
Epoch 91: val_loss=0.3580694794654846
Epoch 91: train_loss=0.40855470299720764

[CollapseMonitor] Epoch 91
  [DEBUG] Processed 4 batches from val_dataloader
  [DEBUG] Predictions shape after concat: (199,)
  Pred std: 0.015436, range: 0.052639, mean: 0.032517
  Pos: 100.0%, Neg: 0.0%, Unique: 198
  Dir Acc: 52.26%, Pred Sharpe: 33.4407
  Composite: 0.3979 (dist_match: 0.5226, actual_pos: 52.3%, pred_pos: 100.0%)
  Collapse penalty: 0.000000 (threshold: 0.005000)
  Saved validation predictions to: experiments/12c_h1_rolling/macro_heavy_daily_h1_d010/fold_2024/collapse_monitoring/val_predictions_epoch91.npy
  Gradient norms:
    lstm_encoder: 0.004750
    lstm_decoder: 0.002467
    output_layer: 0.093410
  VSN output std:
    encoder: 0.117528
  Attention entropy: 2.934759
  Saved to: experiments/12c_h1_rolling/macro_heavy_daily_h1_d010/fold_2024/collapse_monitoring/collapse_monitor_latest.json
[DEBUG CollapseMonitor] on_validation_epoch_start called for epoch 92
[DEBUG CollapseMonitor] reset_temporal_state() called on loss function
Epoch 92: val_loss=0.3580562174320221
Epoch 92: train_loss=0.4095716178417206

[CollapseMonitor] Epoch 92
  [DEBUG] Processed 4 batches from val_dataloader
  [DEBUG] Predictions shape after concat: (199,)
  Pred std: 0.015393, range: 0.052569, mean: 0.032347
  Pos: 100.0%, Neg: 0.0%, Unique: 198
  Dir Acc: 52.26%, Pred Sharpe: 33.3587
  Composite: 0.3979 (dist_match: 0.5226, actual_pos: 52.3%, pred_pos: 100.0%)
  Collapse penalty: 0.000000 (threshold: 0.005000)
  Saved validation predictions to: experiments/12c_h1_rolling/macro_heavy_daily_h1_d010/fold_2024/collapse_monitoring/val_predictions_epoch92.npy
  Gradient norms:
    lstm_encoder: 0.005217
    lstm_decoder: 0.002925
    output_layer: 0.096424
  VSN output std:
    encoder: 0.117531
  Attention entropy: 2.934736
  Saved to: experiments/12c_h1_rolling/macro_heavy_daily_h1_d010/fold_2024/collapse_monitoring/collapse_monitor_latest.json
[DEBUG CollapseMonitor] on_validation_epoch_start called for epoch 93
[DEBUG CollapseMonitor] reset_temporal_state() called on loss function
Epoch 93: val_loss=0.35801202058792114
Epoch 93: train_loss=0.4097870886325836

[CollapseMonitor] Epoch 93
  [DEBUG] Processed 4 batches from val_dataloader
  [DEBUG] Predictions shape after concat: (199,)
  Pred std: 0.015344, range: 0.052520, mean: 0.032074
  Pos: 100.0%, Neg: 0.0%, Unique: 197
  Dir Acc: 52.26%, Pred Sharpe: 33.1830
  Composite: 0.3979 (dist_match: 0.5226, actual_pos: 52.3%, pred_pos: 100.0%)
  Collapse penalty: 0.000000 (threshold: 0.005000)
  Saved validation predictions to: experiments/12c_h1_rolling/macro_heavy_daily_h1_d010/fold_2024/collapse_monitoring/val_predictions_epoch93.npy
  Gradient norms:
    lstm_encoder: 0.004933
    lstm_decoder: 0.002580
    output_layer: 0.092800
  VSN output std:
    encoder: 0.117446
  Attention entropy: 2.934454
  Saved to: experiments/12c_h1_rolling/macro_heavy_daily_h1_d010/fold_2024/collapse_monitoring/collapse_monitor_latest.json
[DEBUG CollapseMonitor] on_validation_epoch_start called for epoch 94
[DEBUG CollapseMonitor] reset_temporal_state() called on loss function
Epoch 94: val_loss=0.3579956889152527
Epoch 94: train_loss=0.4085324704647064

[CollapseMonitor] Epoch 94
  [DEBUG] Processed 4 batches from val_dataloader
  [DEBUG] Predictions shape after concat: (199,)
  Pred std: 0.015404, range: 0.052748, mean: 0.031780
  Pos: 100.0%, Neg: 0.0%, Unique: 198
  Dir Acc: 52.26%, Pred Sharpe: 32.7500
  Composite: 0.3979 (dist_match: 0.5226, actual_pos: 52.3%, pred_pos: 100.0%)
  Collapse penalty: 0.000000 (threshold: 0.005000)
  Saved validation predictions to: experiments/12c_h1_rolling/macro_heavy_daily_h1_d010/fold_2024/collapse_monitoring/val_predictions_epoch94.npy
  Gradient norms:
    lstm_encoder: 0.005488
    lstm_decoder: 0.002948
    output_layer: 0.101206
  VSN output std:
    encoder: 0.117358
  Attention entropy: 2.934159
  Saved to: experiments/12c_h1_rolling/macro_heavy_daily_h1_d010/fold_2024/collapse_monitoring/collapse_monitor_latest.json
[DEBUG CollapseMonitor] on_validation_epoch_start called for epoch 95
[DEBUG CollapseMonitor] reset_temporal_state() called on loss function
Epoch 95: val_loss=0.35800865292549133
Epoch 95: train_loss=0.40839099884033203

[CollapseMonitor] Epoch 95
  [DEBUG] Processed 4 batches from val_dataloader
  [DEBUG] Predictions shape after concat: (199,)
  Pred std: 0.015333, range: 0.052538, mean: 0.031658
  Pos: 100.0%, Neg: 0.0%, Unique: 196
  Dir Acc: 52.26%, Pred Sharpe: 32.7761
  Composite: 0.3979 (dist_match: 0.5226, actual_pos: 52.3%, pred_pos: 100.0%)
  Collapse penalty: 0.000000 (threshold: 0.005000)
  Saved validation predictions to: experiments/12c_h1_rolling/macro_heavy_daily_h1_d010/fold_2024/collapse_monitoring/val_predictions_epoch95.npy
  Gradient norms:
    lstm_encoder: 0.005134
    lstm_decoder: 0.002819
    output_layer: 0.101359
  VSN output std:
    encoder: 0.117400
  Attention entropy: 2.934347
  Saved to: experiments/12c_h1_rolling/macro_heavy_daily_h1_d010/fold_2024/collapse_monitoring/collapse_monitor_latest.json
[DEBUG CollapseMonitor] on_validation_epoch_start called for epoch 96
[DEBUG CollapseMonitor] reset_temporal_state() called on loss function
Epoch 96: val_loss=0.3580162823200226
Epoch 96: train_loss=0.4082307815551758

[CollapseMonitor] Epoch 96
  [DEBUG] Processed 4 batches from val_dataloader
  [DEBUG] Predictions shape after concat: (199,)
  Pred std: 0.015384, range: 0.052732, mean: 0.032553
  Pos: 100.0%, Neg: 0.0%, Unique: 199
  Dir Acc: 52.26%, Pred Sharpe: 33.5908
  Composite: 0.3979 (dist_match: 0.5226, actual_pos: 52.3%, pred_pos: 100.0%)
  Collapse penalty: 0.000000 (threshold: 0.005000)
  Saved validation predictions to: experiments/12c_h1_rolling/macro_heavy_daily_h1_d010/fold_2024/collapse_monitoring/val_predictions_epoch96.npy
  Gradient norms:
    lstm_encoder: 0.004756
    lstm_decoder: 0.002636
    output_layer: 0.094680
  VSN output std:
    encoder: 0.117315
  Attention entropy: 2.933937
  Saved to: experiments/12c_h1_rolling/macro_heavy_daily_h1_d010/fold_2024/collapse_monitoring/collapse_monitor_latest.json
[DEBUG CollapseMonitor] on_validation_epoch_start called for epoch 97
[DEBUG CollapseMonitor] reset_temporal_state() called on loss function
Epoch 97: val_loss=0.3580761253833771
Epoch 97: train_loss=0.40943166613578796

[CollapseMonitor] Epoch 97
  [DEBUG] Processed 4 batches from val_dataloader
  [DEBUG] Predictions shape after concat: (199,)
  Pred std: 0.015523, range: 0.053121, mean: 0.033095
  Pos: 100.0%, Neg: 0.0%, Unique: 198
  Dir Acc: 52.26%, Pred Sharpe: 33.8437
  Composite: 0.3979 (dist_match: 0.5226, actual_pos: 52.3%, pred_pos: 100.0%)
  Collapse penalty: 0.000000 (threshold: 0.005000)
  Saved validation predictions to: experiments/12c_h1_rolling/macro_heavy_daily_h1_d010/fold_2024/collapse_monitoring/val_predictions_epoch97.npy
  Gradient norms:
    lstm_encoder: 0.005105
    lstm_decoder: 0.002724
    output_layer: 0.086980
  VSN output std:
    encoder: 0.117277
  Attention entropy: 2.933566
  Saved to: experiments/12c_h1_rolling/macro_heavy_daily_h1_d010/fold_2024/collapse_monitoring/collapse_monitor_latest.json
[DEBUG CollapseMonitor] on_validation_epoch_start called for epoch 98
[DEBUG CollapseMonitor] reset_temporal_state() called on loss function
Epoch 98: val_loss=0.3580871522426605
Epoch 98: train_loss=0.4097351133823395

[CollapseMonitor] Epoch 98
  [DEBUG] Processed 4 batches from val_dataloader
  [DEBUG] Predictions shape after concat: (199,)
  Pred std: 0.015502, range: 0.053047, mean: 0.032884
  Pos: 100.0%, Neg: 0.0%, Unique: 194
  Dir Acc: 52.26%, Pred Sharpe: 33.6736
  Composite: 0.3979 (dist_match: 0.5226, actual_pos: 52.3%, pred_pos: 100.0%)
  Collapse penalty: 0.000000 (threshold: 0.005000)
  Saved validation predictions to: experiments/12c_h1_rolling/macro_heavy_daily_h1_d010/fold_2024/collapse_monitoring/val_predictions_epoch98.npy
  Gradient norms:
    lstm_encoder: 0.004937
    lstm_decoder: 0.002637
    output_layer: 0.092860
  VSN output std:
    encoder: 0.117351
  Attention entropy: 2.933941
  Saved to: experiments/12c_h1_rolling/macro_heavy_daily_h1_d010/fold_2024/collapse_monitoring/collapse_monitor_latest.json
[DEBUG CollapseMonitor] on_validation_epoch_start called for epoch 99
[DEBUG CollapseMonitor] reset_temporal_state() called on loss function
Epoch 99: val_loss=0.3581486940383911
Epoch 99: train_loss=0.40947234630584717

[CollapseMonitor] Epoch 99
  [DEBUG] Processed 4 batches from val_dataloader
  [DEBUG] Predictions shape after concat: (199,)
  Pred std: 0.015488, range: 0.052952, mean: 0.032896
  Pos: 100.0%, Neg: 0.0%, Unique: 197
  Dir Acc: 52.26%, Pred Sharpe: 33.7173
  Composite: 0.3979 (dist_match: 0.5226, actual_pos: 52.3%, pred_pos: 100.0%)
  Collapse penalty: 0.000000 (threshold: 0.005000)
  Saved validation predictions to: experiments/12c_h1_rolling/macro_heavy_daily_h1_d010/fold_2024/collapse_monitoring/val_predictions_epoch99.npy
  Gradient norms:
    lstm_encoder: 0.004749
    lstm_decoder: 0.002743
    output_layer: 0.092648
  VSN output std:
    encoder: 0.117373
  Attention entropy: 2.933971
  Saved to: experiments/12c_h1_rolling/macro_heavy_daily_h1_d010/fold_2024/collapse_monitoring/collapse_monitor_latest.json


======================================================================
Training complete
======================================================================

Best val_loss checkpoint: experiments/12c_h1_rolling/macro_heavy_daily_h1_d010/fold_2024/checkpoints/tft-epoch=epoch=16-valloss=val_loss=0.3553.ckpt
Best validation loss: 0.355303
Checkpoints saved:
  - Best val_loss: experiments/12c_h1_rolling/macro_heavy_daily_h1_d010/fold_2024/checkpoints/tft-epoch=epoch=16-valloss=val_loss=0.3553.ckpt
  - Best pred_std: experiments/12c_h1_rolling/macro_heavy_daily_h1_d010/fold_2024/checkpoints/tft-epoch=epoch=20-predstd=val_pred_std=0.0222.ckpt
  - Best unique: experiments/12c_h1_rolling/macro_heavy_daily_h1_d010/fold_2024/checkpoints/tft-epoch=epoch=00-unique=val_num_unique=199.ckpt
  - Best dir_acc: experiments/12c_h1_rolling/macro_heavy_daily_h1_d010/fold_2024/checkpoints/tft-epoch=epoch=04-diracc=val_dir_acc=0.5226.ckpt
  - Best sharpe: experiments/12c_h1_rolling/macro_heavy_daily_h1_d010/fold_2024/checkpoints/tft-epoch=epoch=10-sharpe=val_sharpe=414.3501.ckpt
  - Best composite: experiments/12c_h1_rolling/macro_heavy_daily_h1_d010/fold_2024/checkpoints/tft-epoch=epoch=03-composite=val_composite=0.4327.ckpt
Completed at: 2025-12-14 03:19:09
Log saved to: experiments/12c_h1_rolling/macro_heavy_daily_h1_d010/fold_2024/training_20251214_030627.log
======================================================================
