{
  "period_statistics": {
    "2020": {
      "n_samples": 92,
      "entropy_mean": 2.9434194564819336,
      "entropy_std": 0.05134744942188263,
      "attention_concentration": 0.050085071474313736,
      "top_features": [
        [
          "t-20",
          0.057250045239925385
        ],
        [
          "t-1",
          0.052327804267406464
        ],
        [
          "t-2",
          0.05172130465507507
        ],
        [
          "t-3",
          0.05116874352097511
        ],
        [
          "t-19",
          0.05082138627767563
        ]
      ],
      "mean_attention": [
        0.057250045239925385,
        0.05082138627767563,
        0.04893825203180313,
        0.048152726143598557,
        0.047980308532714844,
        0.048052139580249786,
        0.04828861355781555,
        0.04852068051695824,
        0.04879700019955635,
        0.04898209497332573,
        0.049170706421136856,
        0.049361322075128555,
        0.04957936704158783,
        0.049692459404468536,
        0.05006081238389015,
        0.05038519576191902,
        0.05074894800782204,
        0.05116874352097511,
        0.05172130465507507,
        0.052327804267406464
      ],
      "std_attention": [
        0.02675517462193966,
        0.02136504277586937,
        0.018287857994437218,
        0.016400914639234543,
        0.015281428582966328,
        0.01467346865683794,
        0.014428922906517982,
        0.014351945370435715,
        0.01428057998418808,
        0.014334116131067276,
        0.014399945735931396,
        0.014554674737155437,
        0.014761353842914104,
        0.015005459077656269,
        0.015307676047086716,
        0.01576049253344536,
        0.016461089253425598,
        0.01741023175418377,
        0.018847845494747162,
        0.02054651826620102
      ]
    },
    "2021": {
      "n_samples": 250,
      "entropy_mean": 2.958277940750122,
      "entropy_std": 0.03378375619649887,
      "attention_concentration": 0.05008729174733162,
      "top_features": [
        [
          "t-1",
          0.05329885333776474
        ],
        [
          "t-20",
          0.05297510698437691
        ],
        [
          "t-2",
          0.05282805114984512
        ],
        [
          "t-3",
          0.05242159217596054
        ],
        [
          "t-4",
          0.05201086029410362
        ]
      ],
      "mean_attention": [
        0.05297510698437691,
        0.04776894301176071,
        0.04689770191907883,
        0.04683460667729378,
        0.047187454998493195,
        0.047669921070337296,
        0.048175785690546036,
        0.048667874187231064,
        0.04910631850361824,
        0.04952746257185936,
        0.04991568624973297,
        0.050282638520002365,
        0.05064548924565315,
        0.05089329183101654,
        0.05126040428876877,
        0.05163204297423363,
        0.05201086029410362,
        0.05242159217596054,
        0.05282805114984512,
        0.05329885333776474
      ],
      "std_attention": [
        0.01550284307450056,
        0.013791640289127827,
        0.013294311240315437,
        0.013000722043216228,
        0.012990396469831467,
        0.012945562601089478,
        0.012948230840265751,
        0.01300231833010912,
        0.013037674129009247,
        0.013101508840918541,
        0.01315874420106411,
        0.013200554065406322,
        0.013264973647892475,
        0.013543871231377125,
        0.01368674635887146,
        0.013887397013604641,
        0.014059450477361679,
        0.014387539587914944,
        0.01486726850271225,
        0.015605445019900799
      ]
    },
    "2022": {
      "n_samples": 249,
      "entropy_mean": 2.9778096675872803,
      "entropy_std": 0.010190684348344803,
      "attention_concentration": 0.05019993707537651,
      "top_features": [
        [
          "t-1",
          0.055333059281110764
        ],
        [
          "t-2",
          0.054631248116493225
        ],
        [
          "t-20",
          0.053986404091119766
        ],
        [
          "t-3",
          0.05393889918923378
        ],
        [
          "t-4",
          0.053260691463947296
        ]
      ],
      "mean_attention": [
        0.053986404091119766,
        0.04751560091972351,
        0.045968297868967056,
        0.04557986184954643,
        0.04578813165426254,
        0.046266820281744,
        0.046872328966856,
        0.04753611981868744,
        0.04817475378513336,
        0.04880905523896217,
        0.049449145793914795,
        0.05008786916732788,
        0.05072219669818878,
        0.051501013338565826,
        0.051970694214105606,
        0.05260777845978737,
        0.053260691463947296,
        0.05393889918923378,
        0.054631248116493225,
        0.055333059281110764
      ],
      "std_attention": [
        0.010607747361063957,
        0.008785628713667393,
        0.00818964559584856,
        0.007902851328253746,
        0.007758379448205233,
        0.007686643395572901,
        0.007663631346076727,
        0.007700282149016857,
        0.007761561777442694,
        0.007824905216693878,
        0.007896611467003822,
        0.00798840168863535,
        0.008092537522315979,
        0.007807913701981306,
        0.008251208811998367,
        0.008499921299517155,
        0.008820664137601852,
        0.009229825809597969,
        0.00972572062164545,
        0.010313441045582294
      ]
    },
    "2023": {
      "n_samples": 249,
      "entropy_mean": 2.985018730163574,
      "entropy_std": 0.004787529818713665,
      "attention_concentration": 0.050059039145708084,
      "top_features": [
        [
          "t-20",
          0.05408576875925064
        ],
        [
          "t-1",
          0.052303921431303024
        ],
        [
          "t-2",
          0.05203501507639885
        ],
        [
          "t-3",
          0.051746856421232224
        ],
        [
          "t-4",
          0.0514533668756485
        ]
      ],
      "mean_attention": [
        0.05408576875925064,
        0.049352530390024185,
        0.04814118891954422,
        0.047714460641145706,
        0.047725554555654526,
        0.047956328839063644,
        0.04827622324228287,
        0.04859989881515503,
        0.04894616827368736,
        0.049287743866443634,
        0.04960659146308899,
        0.04991571232676506,
        0.05021904036402702,
        0.050521980971097946,
        0.050953008234500885,
        0.051158662885427475,
        0.0514533668756485,
        0.051746856421232224,
        0.05203501507639885,
        0.052303921431303024
      ],
      "std_attention": [
        0.006739914882928133,
        0.006231722887605429,
        0.0061352867633104324,
        0.006123848259449005,
        0.006152854301035404,
        0.006193437613546848,
        0.006232216954231262,
        0.006260607857257128,
        0.006301119923591614,
        0.006342018023133278,
        0.006380017381161451,
        0.006419018376618624,
        0.006461929064244032,
        0.006501181051135063,
        0.006211532279849052,
        0.006392723880708218,
        0.006429760716855526,
        0.006488635670393705,
        0.006544945295900106,
        0.006611949764192104
      ]
    },
    "2024": {
      "n_samples": 250,
      "entropy_mean": 2.9882872104644775,
      "entropy_std": 0.003951519262045622,
      "attention_concentration": 0.050029803067445755,
      "top_features": [
        [
          "t-20",
          0.05357423424720764
        ],
        [
          "t-1",
          0.05141216889023781
        ],
        [
          "t-2",
          0.05122777074575424
        ],
        [
          "t-3",
          0.05103322118520737
        ],
        [
          "t-4",
          0.05083741992712021
        ]
      ],