{
  "period_statistics": {
    "2020": {
      "n_samples": 92,
      "entropy_mean": 2.705436944961548,
      "entropy_std": 0.17996884882450104,
      "attention_concentration": 0.07073314487934113,
      "top_features": [
        [
          "t-1",
          0.11988179385662079
        ],
        [
          "t-2",
          0.10913128405809402
        ],
        [
          "t-3",
          0.09811746329069138
        ],
        [
          "t-4",
          0.08723793178796768
        ],
        [
          "t-5",
          0.07686809450387955
        ]
      ],
      "mean_attention": [
        0.008139757439494133,
        0.011269805021584034,
        0.01610245741903782,
        0.020991772413253784,
        0.02496405318379402,
        0.027816979214549065,
        0.030085477977991104,
        0.0322379507124424,
        0.03474396839737892,
        0.037676528096199036,
        0.04130629822611809,
        0.045883744955062866,
        0.05150085315108299,
        0.05872111767530441,
        0.06732268631458282,
        0.07686809450387955,
        0.08723793178796768,
        0.09811746329069138,
        0.10913128405809402,
        0.11988179385662079
      ],
      "std_attention": [
        0.006399726960808039,
        0.009999938309192657,
        0.013790460303425789,
        0.016550667583942413,
        0.017919693142175674,
        0.01818087138235569,
        0.01797022856771946,
        0.01759639009833336,
        0.017333874478936195,
        0.0172763392329216,
        0.017376892268657684,
        0.01766910031437874,
        0.01822524704039097,
        0.01926543191075325,
        0.020666763186454773,
        0.022398607805371284,
        0.025590533390641212,
        0.03158913552761078,
        0.04106571152806282,
        0.05397714674472809
      ]
    },
    "2021": {
      "n_samples": 250,
      "entropy_mean": 2.7061078548431396,
      "entropy_std": 0.27143070101737976,
      "attention_concentration": 0.0617951974272728,
      "top_features": [
        [
          "t-1",
          0.09183137118816376
        ],
        [
          "t-2",
          0.08627010881900787
        ],
        [
          "t-3",
          0.08130582422018051
        ],
        [
          "t-4",
          0.07704704999923706
        ],
        [
          "t-5",
          0.07336906343698502
        ]
      ],
      "mean_attention": [
        0.015297917649149895,
        0.016199858859181404,
        0.01987113058567047,
        0.02333979867398739,
        0.026333294808864594,
        0.028969189152121544,
        0.031716879457235336,
        0.03535504639148712,
        0.040260788053274155,
        0.04599906876683235,
        0.05194523185491562,
        0.057146962732076645,
        0.061978425830602646,
        0.06600327044725418,
        0.06975968182086945,
        0.07336906343698502,
        0.07704704999923706,
        0.08130582422018051,
        0.08627010881900787,
        0.09183137118816376
      ],
      "std_attention": [
        0.009193980135023594,
        0.012235518544912338,
        0.016619833186268806,
        0.019548814743757248,
        0.021534200757741928,
        0.022665705531835556,
        0.023392995819449425,
        0.024454602971673012,
        0.02599509246647358,
        0.027982158586382866,
        0.030197393149137497,
        0.03163047879934311,
        0.03317055478692055,
        0.034286532551050186,
        0.03569347783923149,
        0.037683092057704926,
        0.04040231928229332,
        0.04733462631702423,
        0.06121506169438362,
        0.0797056183218956
      ]
    },
    "2022": {
      "n_samples": 249,
      "entropy_mean": 2.662858009338379,
      "entropy_std": 0.2716321349143982,
      "attention_concentration": 0.05875886231660843,
      "top_features": [
        [
          "t-1",
          0.09324047714471817
        ],
        [
          "t-2",
          0.08151847124099731
        ],
        [
          "t-3",
          0.07340191304683685
        ],
        [
          "t-4",
          0.06762837618589401
        ],
        [
          "t-5",
          0.06338251382112503
        ]
      ],
      "mean_attention": [
        0.00889237318187952,
        0.01405585277825594,
        0.020625263452529907,
        0.0280468687415123,
        0.035372715443372726,
        0.04116181284189224,
        0.045141804963350296,
        0.04789573699235916,
        0.049525998532772064,
        0.0508170984685421,
        0.05223024636507034,
        0.05380338430404663,
        0.05548117309808731,
        0.05765196308493614,
        0.060126014053821564,
        0.06338251382112503,
        0.06762837618589401,
        0.07340191304683685,
        0.08151847124099731,
        0.09324047714471817
      ],
      "std_attention": [
        0.010790214873850346,
        0.015782257542014122,
        0.020800070837140083,
        0.025475312024354935,
        0.02917172759771347,
        0.03150607645511627,
        0.03240332007408142,
        0.032551493495702744,
        0.031886354088783264,
        0.030921190977096558,
        0.030164843425154686,
        0.03008474037051201,
        0.030548889189958572,
        0.031866323202848434,
        0.03375856578350067,
        0.036502450704574585,
        0.04100367799401283,
        0.048471417278051376,
        0.06175808981060982,
        0.08835852891206741
      ]
    },
    "2023": {
      "n_samples": 249,
      "entropy_mean": 2.8324599266052246,
      "entropy_std": 0.16661149263381958,
      "attention_concentration": 0.05751907080411911,
      "top_features": [
        [
          "t-1",
          0.07967258989810944
        ],
        [
          "t-2",
          0.07688871026039124
        ],
        [
          "t-3",
          0.07439832389354706
        ],
        [
          "t-4",
          0.07195217907428741
        ],
        [
          "t-5",
          0.06928300857543945
        ]
      ],
      "mean_attention": [
        0.02361808530986309,
        0.0209809523075819,
        0.022639356553554535,
        0.025257427245378494,
        0.028535112738609314,
        0.03262399509549141,
        0.03744920343160629,
        0.042076438665390015,
        0.046314116567373276,
        0.05007271096110344,
        0.053302254527807236,
        0.05633534491062164,
        0.059458307921886444,
        0.06283777952194214,
        0.06630402058362961,
        0.06928300857543945,
        0.07195217907428741,
        0.07439832389354706,
        0.07688871026039124,
        0.07967258989810944
      ],
      "std_attention": [
        0.013892085291445255,
        0.010415281169116497,
        0.010442406870424747,
        0.011594627052545547,
        0.013124390505254269,
        0.014792747795581818,
        0.01665324904024601,
        0.017731327563524246,
        0.018718553707003593,
        0.01929810829460621,
        0.019672013819217682,
        0.01982427015900612,
        0.020105017349123955,
        0.020832303911447525,
        0.021842028945684433,
        0.023760423064231873,
        0.02633518911898136,
        0.030162781476974487,
        0.037034742534160614,
        0.047817524522542953
      ]
    },
    "2024": {
      "n_samples": 250,
      "entropy_mean": 2.815650224685669,
      "entropy_std": 0.20853197574615479,
      "attention_concentration": 0.05510064586997032,
      "top_features": [
        [
          "t-1",
          0.07252135872840881
        ],
        [
          "t-2",
          0.06983164697885513
        ],
        [
          "t-3",
          0.06807081401348114
        ],
        [
          "t-4",
          0.06664814054965973
        ],
        [
          "t-5",
          0.0652410089969635
        ]
      ],