{
  "period_statistics": {
    "2020": {
      "n_samples": 92,
      "entropy_mean": 2.9636011123657227,
      "entropy_std": 0.046256668865680695,
      "attention_concentration": 0.050484899431467056,
      "top_features": [
        [
          "t-20",
          0.05884407460689545
        ],
        [
          "t-1",
          0.056038156151771545
        ],
        [
          "t-2",
          0.05494149774312973
        ],
        [
          "t-3",
          0.05401919037103653
        ],
        [
          "t-4",
          0.053473908454179764
        ]
      ],
      "mean_attention": [
        0.05884407460689545,
        0.045406460762023926,
        0.04129146784543991,
        0.04124835878610611,
        0.042501240968704224,
        0.04427431523799896,
        0.04612041637301445,
        0.04786518216133118,
        0.04940911382436752,
        0.05057219788432121,
        0.051389098167419434,
        0.05188543349504471,
        0.052155815064907074,
        0.05255509540438652,
        0.05286042019724846,
        0.05314851179718971,
        0.053473908454179764,
        0.05401919037103653,
        0.05494149774312973,
        0.056038156151771545
      ],
      "std_attention": [
        0.01344431284815073,
        0.009690806269645691,
        0.008780541829764843,
        0.009002912789583206,
        0.009284690022468567,
        0.009596391580998898,
        0.009766421280801296,
        0.00988994911313057,
        0.009997742250561714,
        0.010074598714709282,
        0.010175993666052818,
        0.010394230484962463,
        0.010815627872943878,
        0.011519762687385082,
        0.01245527807623148,
        0.013660800643265247,
        0.015242993831634521,
        0.017197785899043083,
        0.01970130391418934,
        0.022312046959996223
      ]
    },
    "2021": {
      "n_samples": 250,
      "entropy_mean": 2.7765214443206787,
      "entropy_std": 0.29325178265571594,
      "attention_concentration": 0.05046392232179642,
      "top_features": [
        [
          "t-1",
          0.06185394898056984
        ],
        [
          "t-2",
          0.05849459022283554
        ],
        [
          "t-3",
          0.05547267943620682
        ],
        [
          "t-4",
          0.05333767086267471
        ],
        [
          "t-5",
          0.05206196755170822
        ]
      ],
      "mean_attention": [
        0.04292002692818642,
        0.04189125448465347,
        0.04286513850092888,
        0.044994719326496124,
        0.04704282432794571,
        0.048449158668518066,
        0.04923168197274208,
        0.04960431531071663,
        0.04987360164523125,
        0.04982135817408562,
        0.0498618558049202,
        0.049950845539569855,
        0.050365906208753586,
        0.050678979605436325,
        0.051227521151304245,
        0.05206196755170822,
        0.05333767086267471,
        0.05547267943620682,
        0.05849459022283554,
        0.06185394898056984
      ],
      "std_attention": [
        0.029462402686476707,
        0.026572149246931076,
        0.0264752060174942,
        0.027778951451182365,
        0.029158513993024826,
        0.029732389375567436,
        0.030295386910438538,
        0.030511949211359024,
        0.030926041305065155,
        0.03143904358148575,
        0.0321258120238781,
        0.03291632607579231,
        0.034464042633771896,
        0.036102332174777985,
        0.03867797181010246,
        0.0419393926858902,
        0.04625202342867851,
        0.05475442111492157,
        0.06802783161401749,
        0.08019137382507324
      ]
    },
    "2022": {
      "n_samples": 249,
      "entropy_mean": 2.817605495452881,
      "entropy_std": 0.20214852690696716,
      "attention_concentration": 0.051799703389406204,
      "top_features": [
        [
          "t-1",
          0.0671873390674591
        ],
        [
          "t-2",
          0.06350681185722351
        ],
        [
          "t-3",
          0.06075890362262726
        ],
        [
          "t-4",
          0.0587959848344326
        ],
        [
          "t-5",
          0.05731503292918205
        ]
      ],
      "mean_attention": [
        0.03959661349654198,
        0.03323352709412575,
        0.033233195543289185,
        0.0368783064186573,
        0.040832601487636566,
        0.043784450739622116,
        0.04614363983273506,
        0.04821092262864113,
        0.04954865947365761,
        0.05079356208443642,
        0.05204470828175545,
        0.05312705785036087,
        0.054016273468732834,
        0.05500168353319168,
        0.05599076300859451,
        0.05731503292918205,
        0.0587959848344326,
        0.06075890362262726,
        0.06350681185722351,
        0.0671873390674591
      ],
      "std_attention": [
        0.03207460418343544,
        0.023582369089126587,
        0.02177567221224308,
        0.02260926552116871,
        0.02362397313117981,
        0.024094220250844955,
        0.02391090989112854,
        0.024134714156389236,
        0.02361908182501793,
        0.02319546788930893,
        0.023174084722995758,
        0.023708540946245193,
        0.024714170023798943,
        0.026039980351924896,
        0.02729465812444687,
        0.02906889282166958,
        0.03174383193254471,
        0.03599159047007561,
        0.04388631135225296,
        0.05746239423751831
      ]
    },
    "2023": {
      "n_samples": 249,
      "entropy_mean": 2.919459104537964,
      "entropy_std": 0.10969062149524689,
      "attention_concentration": 0.05023428797721863,
      "top_features": [
        [
          "t-14",
          0.05240916088223457
        ],
        [
          "t-13",
          0.052293561398983
        ],
        [
          "t-1",
          0.05222463980317116
        ],
        [
          "t-12",
          0.05213712528347969
        ],
        [
          "t-11",
          0.051970988512039185
        ]
      ],
      "mean_attention": [
        0.03908953815698624,
        0.04288668558001518,
        0.04554193094372749,
        0.048286184668540955,
        0.05045385658740997,
        0.05179201439023018,
        0.05240916088223457,
        0.052293561398983,
        0.05213712528347969,
        0.051970988512039185,
        0.051605235785245895,
        0.05125900357961655,
        0.05101343244314194,
        0.050919096916913986,
        0.050970353186130524,
        0.050941966474056244,
        0.05111261084675789,
        0.0513526126742363,
        0.05173996090888977,
        0.05222463980317116
      ],
      "std_attention": [
        0.017612557858228683,
        0.016421522945165634,
        0.016032693907618523,
        0.016563614830374718,
        0.017303163185715675,
        0.017914656549692154,
        0.018404200673103333,
        0.018037620931863785,
        0.018061965703964233,
        0.018121931701898575,
        0.018314499408006668,
        0.018613578751683235,
        0.019210293889045715,
        0.019969116896390915,
        0.020836209878325462,
        0.022089481353759766,
        0.023447642102837563,
        0.025321844965219498,
        0.028139963746070862,
        0.03140654042363167
      ]
    },
    "2024": {
      "n_samples": 250,
      "entropy_mean": 2.9087607860565186,
      "entropy_std": 0.22636258602142334,
      "attention_concentration": 0.0503760427236557,
      "top_features": [
        [
          "t-1",
          0.0586860217154026
        ],
        [
          "t-2",
          0.056887950748205185
        ],
        [
          "t-3",
          0.05549801141023636
        ],
        [
          "t-4",
          0.05426745489239693
        ],
        [
          "t-5",
          0.05296467989683151
        ]
      ],