{
  "period_statistics": {
    "2020": {
      "n_samples": 92,
      "entropy_mean": 2.9869470596313477,
      "entropy_std": 0.010471252724528313,
      "attention_concentration": 0.05014806613326073,
      "top_features": [
        [
          "t-1",
          0.057884346693754196
        ],
        [
          "t-2",
          0.05553120747208595
        ],
        [
          "t-3",
          0.05360392481088638
        ],
        [
          "t-4",
          0.05209190025925636
        ],
        [
          "t-5",
          0.050955504179000854
        ]
      ],
      "mean_attention": [
        0.05022003501653671,
        0.0481533482670784,
        0.04743758961558342,
        0.04752569645643234,
        0.047817379236221313,
        0.04808169975876808,
        0.04829965904355049,
        0.048450879752635956,
        0.048569317907094955,
        0.04867133870720863,
        0.04878850653767586,
        0.048960912972688675,
        0.04922177642583847,
        0.049592021852731705,
        0.05014300346374512,
        0.050955504179000854,
        0.05209190025925636,
        0.05360392481088638,
        0.05553120747208595,
        0.057884346693754196
      ],
      "std_attention": [
        0.0050880201160907745,
        0.004827688913792372,
        0.004631414543837309,
        0.004459869582206011,
        0.0043187313713133335,
        0.004164136480540037,
        0.004035907797515392,
        0.003932163584977388,
        0.003864004509523511,
        0.0038612917996942997,
        0.003924725577235222,
        0.004092475399374962,
        0.004351665731519461,
        0.004751682747155428,
        0.005345593672245741,
        0.006232092157006264,
        0.0074999104253947735,
        0.009214529767632484,
        0.011495784856379032,
        0.014305008575320244
      ]
    },
    "2021": {
      "n_samples": 250,
      "entropy_mean": 2.9933676719665527,
      "entropy_std": 0.003778882324695587,
      "attention_concentration": 0.050021108239889145,
      "top_features": [
        [
          "t-20",
          0.05349802225828171
        ],
        [
          "t-19",
          0.05142802745103836
        ],
        [
          "t-18",
          0.050638724118471146
        ],
        [
          "t-17",
          0.05046062916517258
        ],
        [
          "t-16",
          0.05041537806391716
        ]
      ],
      "mean_attention": [
        0.05349802225828171,
        0.05142802745103836,
        0.050638724118471146,
        0.05046062916517258,
        0.05041537806391716,
        0.05036526545882225,
        0.050294920802116394,
        0.05018279328942299,
        0.05003434419631958,
        0.049875810742378235,
        0.04969936981797218,
        0.04951617494225502,
        0.04932623729109764,
        0.04917038977146149,
        0.04906497150659561,
        0.049004774540662766,
        0.0490051694214344,
        0.04909190908074379,
        0.04929482564330101,
        0.049632132053375244
      ],
      "std_attention": [
        0.003446712391451001,
        0.0027965542394667864,
        0.0025061238557100296,
        0.002338455291464925,
        0.002256408566609025,
        0.002229869132861495,
        0.0022228045854717493,
        0.0022413425613194704,
        0.0022874039132148027,
        0.0023292861878871918,
        0.002404700266197324,
        0.0025169532746076584,
        0.0026642410084605217,
        0.002863885136321187,
        0.003133467398583889,
        0.003510348265990615,
        0.004004529677331448,
        0.0046658325009047985,
        0.005550461355596781,
        0.006772642023861408
      ]
    },
    "2022": {
      "n_samples": 249,
      "entropy_mean": 2.989604949951172,
      "entropy_std": 0.005284266546368599,
      "attention_concentration": 0.05002461373806,
      "top_features": [
        [
          "t-1",
          0.05264178663492203
        ],
        [
          "t-2",
          0.05199941620230675
        ],
        [
          "t-3",
          0.051460184156894684
        ],
        [
          "t-4",
          0.05100860819220543
        ],
        [
          "t-5",
          0.05064299702644348
        ]
      ],
      "mean_attention": [
        0.04819922149181366,
        0.04834582284092903,
        0.04854331165552139,
        0.04903503134846687,
        0.04937835782766342,
        0.04958275705575943,
        0.049673791974782944,
        0.04974061995744705,
        0.04976346343755722,
        0.04977632313966751,
        0.04981306195259094,
        0.04988192394375801,
        0.04999539628624916,
        0.050152093172073364,
        0.050365790724754333,
        0.05064299702644348,
        0.05100860819220543,
        0.051460184156894684,
        0.05199941620230675,
        0.05264178663492203
      ],
      "std_attention": [
        0.0060270181857049465,
        0.00555309047922492,
        0.005237596109509468,
        0.005018806084990501,
        0.004825913347303867,
        0.004643335938453674,
        0.004470909014344215,
        0.004352150019258261,
        0.004257088992744684,
        0.004225925542414188,
        0.004266527947038412,
        0.004396667238324881,
        0.004586480557918549,
        0.0048664952628314495,
        0.005224491469562054,
        0.00567511236295104,
        0.006226797588169575,
        0.006869614589959383,
        0.007604940794408321,
        0.008456571027636528
      ]
    },
    "2023": {
      "n_samples": 249,
      "entropy_mean": 2.9951186180114746,
      "entropy_std": 0.0005997306434437633,
      "attention_concentration": 0.0500197596848011,
      "top_features": [
        [
          "t-20",
          0.053643401712179184
        ],
        [
          "t-19",
          0.051399629563093185
        ],
        [
          "t-18",
          0.05053997039794922
        ],
        [
          "t-17",
          0.05031789466738701
        ],
        [
          "t-16",
          0.05024838075041771
        ]
      ],
      "mean_attention": [
        0.053643401712179184,
        0.051399629563093185,
        0.05053997039794922,
        0.05031789466738701,
        0.05024838075041771,
        0.050195932388305664,
        0.05012552812695503,
        0.05000588297843933,
        0.04989531263709068,
        0.049773018807172775,
        0.04965073615312576,
        0.04953590780496597,
        0.0494326613843441,
        0.04934505373239517,
        0.04927287995815277,
        0.04923885315656662,
        0.04923591762781143,
        0.049277886748313904,
        0.0493675172328949,
        0.04949761927127838
      ],
      "std_attention": [
        0.001576737966388464,
        0.001267466926947236,
        0.0012223799712955952,
        0.0012226449325680733,
        0.0012388587929308414,
        0.001252311049029231,
        0.001274862326681614,
        0.0012390062911435962,
        0.0012677368940785527,
        0.001296810805797577,
        0.0013279495760798454,
        0.001358155277557671,
        0.0013913058210164309,
        0.0014311998384073377,
        0.0014757625758647919,
        0.0015472415834665298,
        0.001638487447053194,
        0.001737929997034371,
        0.0018963220063596964,
        0.0020588405895978212
      ]
    },
    "2024": {
      "n_samples": 250,
      "entropy_mean": 2.9943716526031494,
      "entropy_std": 0.002686673542484641,
      "attention_concentration": 0.050023339688777924,
      "top_features": [
        [
          "t-20",
          0.053424254059791565
        ],
        [
          "t-19",
          0.05137919262051582
        ],
        [
          "t-18",
          0.050642844289541245
        ],
        [
          "t-17",
          0.05048241466283798
        ],
        [
          "t-16",
          0.05046846717596054
        ]
      ],