{
  "evaluation_timestamp": "2025-10-30T03:18:35.611041",
  "statistical_metrics": {
    "mse": 1.1709707975387573,
    "rmse": 1.0821141004562378,
    "mae": 0.7726625204086304,
    "mape": 134.66545343399048,
    "r2": 0.004921317100524902,
    "mean_error": 0.01016310416162014,
    "std_error": 1.082066297531128
  },
  "financial_metrics": {
    "directional_accuracy": 0.53671875,
    "sharpe_ratio": 0.8329736080938573,
    "max_drawdown": -0.2524605989456177,
    "total_return": 0.9216080904006958,
    "hit_rate": 0.53671875,
    "num_trades": 1280,
    "precision": 0.53671875,
    "recall": 1.0,
    "f1_score": 0.6985256736146417,
    "confusion_matrix": [
      [
        0,
        593
      ],
      [
        0,
        687
      ]
    ],
    "auc_roc": 0.5079076366439121,
    "alpha": 0.0
  },
  "residual_diagnostics": {
    "normality_p_value": 2.9826235945802086e-38,
    "acf_lag1": -0.03525574140050707,
    "skewness": 0.01660197753296272,
    "kurtosis": 6.159075482933073
  },
  "mode_stats": {
    "healthy_days": 30,
    "degraded_days": 0,
    "unidirectional_days": 1201,
    "weak_collapse_days": 25,
    "strong_collapse_days": 24,
    "total_days": 1280,
    "healthy_pct": 2.34375,
    "degraded_pct": 0.0,
    "unidirectional_pct": 93.828125,
    "weak_collapse_pct": 1.953125,
    "strong_collapse_pct": 1.875
  },
  "collapse_detected": true,
  "degradation_detected": true,
  "checkpoint_used": "experiments/00_baseline_exploration/sweep2_hidden_8/checkpoints/tft-epoch=99-val_loss=0.3989.ckpt"
}