{
  "evaluation_timestamp": "2025-10-27T12:03:00.809172",
  "statistical_metrics": {
    "mse": 1.2022234201431274,
    "rmse": 1.0964595079421997,
    "mae": 0.7886959314346313,
    "mape": 182.600998878479,
    "r2": -0.02163684368133545,
    "mean_error": 0.15599434077739716,
    "std_error": 1.0853060483932495
  },
  "financial_metrics": {
    "directional_accuracy": 0.46328125,
    "sharpe_ratio": 0.0,
    "max_drawdown": 0.0,
    "total_return": 0.0,
    "hit_rate": 0.0,
    "num_trades": 0,
    "precision": 0.0,
    "recall": 0.0,
    "f1_score": 0.0,
    "confusion_matrix": [
      [
        593,
        0
      ],
      [
        687,
        0
      ]
    ],
    "auc_roc": 0.49007464573346,
    "alpha": -0.9216080904006958
  },
  "residual_diagnostics": {
    "normality_p_value": 3.437435210890577e-40,
    "acf_lag1": -0.03522040937066418,
    "skewness": 0.08526179947061986,
    "kurtosis": 6.54302069543917
  },
  "mode_stats": {
    "healthy_days": 29,
    "degraded_days": 1,
    "unidirectional_days": 172,
    "weak_collapse_days": 1069,
    "strong_collapse_days": 9,
    "total_days": 1280,
    "healthy_pct": 2.265625,
    "degraded_pct": 0.078125,
    "unidirectional_pct": 13.4375,
    "weak_collapse_pct": 83.515625,
    "strong_collapse_pct": 0.703125
  },
  "collapse_detected": true,
  "degradation_detected": true,
  "checkpoint_used": "experiments/00_baseline_exploration/sweep2_hidden_8/checkpoints/tft-epoch=04-val_loss=0.1451.ckpt"
}