{
  "period_statistics": {
    "2020": {
      "n_samples": 92,
      "entropy_mean": 2.948434591293335,
      "entropy_std": 0.044529058039188385,
      "attention_concentration": 0.050345707684755325,
      "top_features": [
        [
          "t-16",
          0.05563196912407875
        ],
        [
          "t-17",
          0.05533425882458687
        ],
        [
          "t-15",
          0.05450480058789253
        ],
        [
          "t-14",
          0.05322985723614693
        ],
        [
          "t-13",
          0.05209499970078468
        ]
      ],
      "mean_attention": [
        0.03574229031801224,
        0.04369232431054115,
        0.05164520815014839,
        0.05533425882458687,
        0.05563196912407875,
        0.05450480058789253,
        0.05322985723614693,
        0.05209499970078468,
        0.05130434408783913,
        0.05061708763241768,
        0.0501038134098053,
        0.049730513244867325,
        0.049465522170066833,
        0.04946190491318703,
        0.049418024718761444,
        0.0492827482521534,
        0.04927537217736244,
        0.04938822239637375,
        0.0497695729136467,
        0.05030721798539162
      ],
      "std_attention": [
        0.011141638271510601,
        0.014993076212704182,
        0.018483569845557213,
        0.018874187022447586,
        0.017726652324199677,
        0.016425270587205887,
        0.015640411525964737,
        0.015126136131584644,
        0.014836843125522137,
        0.014621463604271412,
        0.01450246013700962,
        0.014469941146671772,
        0.014518562704324722,
        0.014592055231332779,
        0.014604727737605572,
        0.014680108055472374,
        0.01506135519593954,
        0.01564531773328781,
        0.016817567870020866,
        0.01841643638908863
      ]
    },
    "2021": {
      "n_samples": 250,
      "entropy_mean": 2.9555864334106445,
      "entropy_std": 0.04564857855439186,
      "attention_concentration": 0.050104714930057526,
      "top_features": [
        [
          "t-1",
          0.05231732130050659
        ],
        [
          "t-2",
          0.05169568583369255
        ],
        [
          "t-3",
          0.05119065195322037
        ],
        [
          "t-16",
          0.05112876370549202
        ],
        [
          "t-15",
          0.05108579248189926
        ]
      ],
      "mean_attention": [
        0.04203343018889427,
        0.045159973204135895,
        0.048710230737924576,
        0.05058477073907852,
        0.05112876370549202,
        0.05108579248189926,
        0.050865937024354935,
        0.050662752240896225,
        0.05047646537423134,
        0.05036611109972,
        0.050341520458459854,
        0.05035724490880966,
        0.05047178268432617,
        0.050510551780462265,
        0.05055515468120575,
        0.0506584532558918,
        0.05082738772034645,
        0.05119065195322037,
        0.05169568583369255,
        0.05231732130050659
      ],
      "std_attention": [
        0.011271273717284203,
        0.013350103050470352,
        0.015447649173438549,
        0.01601010002195835,
        0.015666674822568893,
        0.015106826089322567,
        0.01464393176138401,
        0.014297460205852985,
        0.013976609334349632,
        0.013873960822820663,
        0.013956303708255291,
        0.014010722748935223,
        0.014197704382240772,
        0.014364512637257576,
        0.014555550180375576,
        0.014853499829769135,
        0.015218179672956467,
        0.01662478968501091,
        0.0186932273209095,
        0.02132543921470642
      ]
    },
    "2022": {
      "n_samples": 249,
      "entropy_mean": 2.955320119857788,
      "entropy_std": 0.03650139644742012,
      "attention_concentration": 0.05016101524233818,
      "top_features": [
        [
          "t-17",
          0.05365600809454918
        ],
        [
          "t-16",
          0.053362973034381866
        ],
        [
          "t-1",
          0.05287054926156998
        ],
        [
          "t-15",
          0.05223764106631279
        ],
        [
          "t-2",
          0.05183781683444977
        ]
      ],
      "mean_attention": [
        0.040145162492990494,
        0.046270206570625305,
        0.05162983387708664,
        0.05365600809454918,
        0.053362973034381866,
        0.05223764106631279,
        0.05116330459713936,
        0.05036434158682823,
        0.049749862402677536,
        0.04937860369682312,
        0.04920835793018341,
        0.04914596676826477,
        0.04914046823978424,
        0.04924098402261734,
        0.04944739118218422,
        0.0498308464884758,
        0.05032918229699135,
        0.0509905070066452,
        0.05183781683444977,
        0.05287054926156998
      ],
      "std_attention": [
        0.011089432053267956,
        0.013629080727696419,
        0.016056329011917114,
        0.01640309765934944,
        0.015402044169604778,
        0.014162286184728146,
        0.013109217397868633,
        0.012407630681991577,
        0.01192844845354557,
        0.011721177957952023,
        0.011793925426900387,
        0.012073157355189323,
        0.012369373813271523,
        0.012751303613185883,
        0.013224087655544281,
        0.013986506499350071,
        0.015137609094381332,
        0.01676086336374283,
        0.01906266063451767,
        0.022389095276594162
      ]
    },
    "2023": {
      "n_samples": 249,
      "entropy_mean": 2.9793338775634766,
      "entropy_std": 0.01353730633854866,
      "attention_concentration": 0.05002811923623085,
      "top_features": [
        [
          "t-16",
          0.05198020488023758
        ],
        [
          "t-17",
          0.05190524458885193
        ],
        [
          "t-15",
          0.05173814296722412
        ],
        [
          "t-14",
          0.05138518661260605
        ],
        [
          "t-18",
          0.05099506676197052
        ]
      ],
      "mean_attention": [
        0.0474340096116066,
        0.04898322746157646,
        0.05099506676197052,
        0.05190524458885193,
        0.05198020488023758,
        0.05173814296722412,
        0.05138518661260605,
        0.05098487436771393,
        0.050652798265218735,
        0.05037359148263931,
        0.05010079964995384,
        0.04984332621097565,
        0.04961484298110008,
        0.049418747425079346,
        0.04930303618311882,
        0.0492047555744648,
        0.049107667058706284,
        0.049031950533390045,
        0.04897485300898552,
        0.048967648297548294
      ],
      "std_attention": [
        0.010401081293821335,
        0.010190287604928017,
        0.010148579254746437,
        0.009775994345545769,
        0.009160068817436695,
        0.008562933653593063,
        0.008099277503788471,
        0.007707154843956232,
        0.007528963033109903,
        0.007451364770531654,
        0.007476134225726128,
        0.00757548026740551,
        0.007762696128338575,
        0.00803623627871275,
        0.008421085774898529,
        0.008967263624072075,
        0.009542123414576054,
        0.010253402404487133,
        0.011079512536525726,
        0.011999087408185005
      ]
    },
    "2024": {
      "n_samples": 250,
      "entropy_mean": 2.9479076862335205,
      "entropy_std": 0.08112461864948273,
      "attention_concentration": 0.050067685544490814,
      "top_features": [
        [
          "t-1",
          0.052709031850099564
        ],
        [
          "t-2",
          0.051931701600551605
        ],
        [
          "t-3",
          0.0514826774597168
        ],
        [
          "t-4",
          0.05132485553622246
        ],
        [
          "t-5",
          0.05118456110358238
        ]
      ],