{
  "period_statistics": {
    "2020": {
      "n_samples": 92,
      "entropy_mean": 2.9855422973632812,
      "entropy_std": 0.01222248189151287,
      "attention_concentration": 0.050096917897462845,
      "top_features": [
        [
          "t-1",
          0.05238324776291847
        ],
        [
          "t-2",
          0.05218067765235901
        ],
        [
          "t-3",
          0.051990605890750885
        ],
        [
          "t-4",
          0.05180606245994568
        ],
        [
          "t-5",
          0.051633335649967194
        ]
      ],
      "mean_attention": [
        0.04557773843407631,
        0.04489602893590927,
        0.04615208879113197,
        0.04757971316576004,
        0.0487113818526268,
        0.04948604479432106,
        0.049980759620666504,
        0.05031776800751686,
        0.050541795790195465,
        0.05074039101600647,
        0.05091128498315811,
        0.05106528475880623,
        0.05121440812945366,
        0.051358986645936966,
        0.051472414284944534,
        0.051633335649967194,
        0.05180606245994568,
        0.051990605890750885,
        0.05218067765235901,
        0.05238324776291847
      ],
      "std_attention": [
        0.006030692718923092,
        0.006067490205168724,
        0.006277209613472223,
        0.006416591815650463,
        0.006448517087846994,
        0.006381502375006676,
        0.0062759448774158955,
        0.006146763917058706,
        0.006041735876351595,
        0.005990036763250828,
        0.006003925576806068,
        0.006070082541555166,
        0.006189909763634205,
        0.006354066077619791,
        0.006573155056685209,
        0.006856616120785475,
        0.007179410196840763,
        0.007531330920755863,
        0.007919326424598694,
        0.00831090472638607
      ]
    },
    "2021": {
      "n_samples": 250,
      "entropy_mean": 2.9904305934906006,
      "entropy_std": 0.004698854871094227,
      "attention_concentration": 0.05019880831241608,
      "top_features": [
        [
          "t-1",
          0.05407702550292015
        ],
        [
          "t-2",
          0.05370863899588585
        ],
        [
          "t-3",
          0.05334527790546417
        ],
        [
          "t-4",
          0.05299857631325722
        ],
        [
          "t-5",
          0.05266324058175087
        ]
      ],
      "mean_attention": [
        0.04437597095966339,
        0.04333919659256935,
        0.044699836522340775,
        0.0463237389922142,
        0.04763971269130707,
        0.048577480018138885,
        0.0492694191634655,
        0.04979889839887619,
        0.050237301737070084,
        0.050632040947675705,
        0.05099370703101158,
        0.051336031407117844,
        0.05166584998369217,
        0.05199216678738594,
        0.05232592672109604,
        0.05266324058175087,
        0.05299857631325722,
        0.05334527790546417,
        0.05370863899588585,
        0.05407702550292015
      ],
      "std_attention": [
        0.003556666662916541,
        0.003619374008849263,
        0.003767632180824876,
        0.003840644843876362,
        0.003892691107466817,
        0.003909356892108917,
        0.003921545576304197,
        0.003909149672836065,
        0.0038855276070535183,
        0.0038796798326075077,
        0.003875299822539091,
        0.003878776216879487,
        0.0038896461483091116,
        0.003922328352928162,
        0.003971648868173361,
        0.004034214653074741,
        0.004118239041417837,
        0.004236724227666855,
        0.004369988571852446,
        0.004536017309874296
      ]
    },
    "2022": {
      "n_samples": 249,
      "entropy_mean": 2.981351852416992,
      "entropy_std": 0.006429980508983135,
      "attention_concentration": 0.050324734300374985,
      "top_features": [
        [
          "t-1",
          0.05563501641154289
        ],
        [
          "t-2",
          0.055052414536476135
        ],
        [
          "t-3",
          0.05448825657367706
        ],
        [
          "t-4",
          0.05393555015325546
        ],
        [
          "t-5",
          0.05339805781841278
        ]
      ],
      "mean_attention": [
        0.04225090891122818,
        0.041667040437459946,
        0.04354557394981384,
        0.04570096731185913,
        0.047329701483249664,
        0.048411961644887924,
        0.049113769084215164,
        0.04961065575480461,
        0.05006315931677818,
        0.05049103870987892,
        0.050903670489788055,
        0.05134373530745506,
        0.051818788051605225,
        0.052345577627420425,
        0.052894167602062225,
        0.05339805781841278,
        0.05393555015325546,
        0.05448825657367706,
        0.055052414536476135,
        0.05563501641154289
      ],
      "std_attention": [
        0.006194436922669411,
        0.006220461335033178,
        0.006844990886747837,
        0.007313394919037819,
        0.007497340906411409,
        0.007487783674150705,
        0.0073659843765199184,
        0.007208682596683502,
        0.007060585077852011,
        0.006955400109291077,
        0.00687915226444602,
        0.00688184192404151,
        0.006974977441132069,
        0.007181656081229448,
        0.007432071957737207,
        0.007764543406665325,
        0.00817266758531332,
        0.00866167526692152,
        0.009237546473741531,
        0.00989631749689579
      ]
    },
    "2023": {
      "n_samples": 249,
      "entropy_mean": 2.9865732192993164,
      "entropy_std": 0.005345731042325497,
      "attention_concentration": 0.05030347406864166,
      "top_features": [
        [
          "t-1",
          0.054869674146175385
        ],
        [
          "t-2",
          0.054415538907051086
        ],
        [
          "t-3",
          0.053962185978889465
        ],
        [
          "t-4",
          0.053519584238529205
        ],
        [
          "t-5",
          0.05309567600488663
        ]
      ],
      "mean_attention": [
        0.04267213121056557,
        0.04145647585391998,
        0.0432865247130394,
        0.045568764209747314,
        0.04738606885075569,
        0.04863526672124863,
        0.04948531463742256,
        0.05012286454439163,
        0.05059128999710083,
        0.050969645380973816,
        0.05133218318223953,
        0.05166888236999512,
        0.051996804773807526,
        0.052309565246105194,
        0.052655547857284546,
        0.05309567600488663,
        0.053519584238529205,
        0.053962185978889465,
        0.054415538907051086,
        0.054869674146175385
      ],
      "std_attention": [
        0.005117517895996571,
        0.004506686236709356,
        0.004656191915273666,
        0.004932695999741554,
        0.005176559090614319,
        0.005352200474590063,
        0.0054648686200380325,
        0.005521650426089764,
        0.005543138831853867,
        0.00550793157890439,
        0.00548606226220727,
        0.005453231744468212,
        0.005425008945167065,
        0.005394676700234413,
        0.005466590169817209,
        0.005627279635518789,
        0.005856947507709265,
        0.006159594748169184,
        0.006535044405609369,
        0.00699230283498764
      ]
    },
    "2024": {
      "n_samples": 250,
      "entropy_mean": 2.988394021987915,
      "entropy_std": 0.005123825743794441,
      "attention_concentration": 0.05035616084933281,
      "top_features": [
        [
          "t-1",
          0.055735763162374496
        ],
        [
          "t-2",
          0.05515056103467941
        ],
        [
          "t-3",
          0.054595205932855606
        ],
        [
          "t-4",
          0.05407002940773964
        ],
        [
          "t-5",
          0.053559962660074234
        ]
      ],