{
  "evaluation_timestamp": "2025-10-27T12:00:34.402182",
  "statistical_metrics": {
    "mse": 1.1851791143417358,
    "rmse": 1.0886592864990234,
    "mae": 0.7748648524284363,
    "mape": 240.38047790527344,
    "r2": -0.0071527957916259766,
    "mean_error": -0.09459646791219711,
    "std_error": 1.08454167842865
  },
  "financial_metrics": {
    "directional_accuracy": 0.53671875,
    "sharpe_ratio": 0.8329736080938573,
    "max_drawdown": -0.2524605989456177,
    "total_return": 0.9216080904006958,
    "hit_rate": 0.53671875,
    "num_trades": 1280,
    "precision": 0.53671875,
    "recall": 1.0,
    "f1_score": 0.6985256736146417,
    "confusion_matrix": [
      [
        0,
        593
      ],
      [
        0,
        687
      ]
    ],
    "auc_roc": 0.5421253783220542,
    "alpha": 0.0
  },
  "residual_diagnostics": {
    "normality_p_value": 4.21311272871627e-40,
    "acf_lag1": -0.037017889740307314,
    "skewness": 0.08968301155472237,
    "kurtosis": 6.5127759185850795
  },
  "mode_stats": {
    "healthy_days": 29,
    "degraded_days": 1,
    "unidirectional_days": 821,
    "weak_collapse_days": 429,
    "strong_collapse_days": 0,
    "total_days": 1280,
    "healthy_pct": 2.265625,
    "degraded_pct": 0.078125,
    "unidirectional_pct": 64.140625,
    "weak_collapse_pct": 33.515625,
    "strong_collapse_pct": 0.0
  },
  "collapse_detected": true,
  "degradation_detected": true,
  "checkpoint_used": "experiments/00_baseline_exploration/exp001_baseline/checkpoints/tft-epoch=00-val_loss=0.1371.ckpt"
}