
[INFO] Using AUTO device selection.

[INFO] Patched matplotlib.Axes.errorbar to abs() negative yerr for robustness.
======================================================================
Training TFT: 12c_h1_rolling/market_only_weekly_h1_enc8/fold_2018
======================================================================
Logging to: experiments/12c_h1_rolling/market_only_weekly_h1_enc8/fold_2018/training_20251214_051556.log
Started at: 2025-12-14 05:15:56
======================================================================

Loading data splits...
Train: 492 samples
Val: 22 samples
Test: 22 samples

Preparing TimeSeriesDataSet...

Final features for TFT: ['SP500_Returns', 'VIX', 'Treasury_10Y', 'Yield_Spread', 'SP500_Volatility', 'cumret_5', 'cumret_10', 'cumret_20', 'cumret_30']

======================================================================
FEATURE STATISTICS - BEFORE NORMALIZATION
======================================================================
VIX                             mean= 21.1049  std=  9.7207  min= 10.3000  max= 72.9160
Treasury_10Y                    mean=  2.8825  std=  0.9127  min=  1.4700  max=  5.1900
Yield_Spread                    mean=  1.7644  std=  0.7145  min= -0.1500  max=  2.9100
SP500_Volatility                mean=  1.1154  std=  0.7328  min=  0.3401  max=  4.8359

======================================================================
TARGET CONFIGURATION
======================================================================
Target variable: SP500_Returns
  Mode: Point return prediction (single-step)
  Target stats: mean=0.1147, std=2.6309
  Dropping unused cumret columns: ['cumret_5', 'cumret_10', 'cumret_20', 'cumret_30']
======================================================================

======================================================================
FEATURES AFTER GROUPNORMALIZER (first batch, last timestep)
======================================================================
VIX                             normalized_value=  1.0000
Treasury_10Y                    normalized_value= -0.1250
Yield_Spread                    normalized_value= -0.3957
SP500_Volatility                normalized_value= -0.6827
======================================================================

Configuration saved to: experiments/12c_h1_rolling/market_only_weekly_h1_enc8/fold_2018/config.json
[DEBUG] VIX train values: [11.89666667 11.28       10.645      10.67       10.644     ]
[DEBUG] VIX val values: [11.9225 11.416  12.1675 10.972  11.716 ]
Batches per epoch: 15
[DEBUG] Validation batches: 1
[DEBUG] Validation dataset size: 14
[DEBUG] Batch size: 32

Initializing model...

Quantile configuration: 7q
  Quantiles: [0.02, 0.1, 0.25, 0.5, 0.75, 0.9, 0.98]
  Output size: 7
  Median index: 3

Using standard QuantileLoss (no penalties)

[REGIME OUTPUT] Disabled (using baseline output layer)

[STALENESS ATTENTION] Disabled

================================================================================
BASELINE MODEL FEATURE CONFIGURATION (after from_dataset)
================================================================================
tft.hparams.time_varying_reals_encoder: ['relative_time_idx', 'VIX', 'Treasury_10Y', 'Yield_Spread', 'SP500_Volatility']
  Count: 5

tft.hparams.time_varying_reals_decoder: ['relative_time_idx']
  Count: 1

tft.hparams.x_reals (all reals passed to model): ['encoder_length', 'relative_time_idx', 'VIX', 'Treasury_10Y', 'Yield_Spread', 'SP500_Volatility']
  Count: 6

Encoder VSN configuration:
  num_inputs: 5
  input_sizes: {'relative_time_idx': 16, 'VIX': 16, 'Treasury_10Y': 16, 'Yield_Spread': 16, 'SP500_Volatility': 16}
  flattened_grn.fc1: in_features=80, out_features=5
  -> Params in fc1: 400 (should be 5*16*5=400 if 5 features)
================================================================================

Model parameters: 22,615

Starting training...
Checkpoints will be saved to: experiments/12c_h1_rolling/market_only_weekly_h1_enc8/fold_2018/checkpoints/
Logs will be saved to: experiments/12c_h1_rolling/market_only_weekly_h1_enc8/fold_2018/logs/

[DEBUG CollapseMonitor] on_validation_epoch_start called for epoch 0
[DEBUG CollapseMonitor] reset_temporal_state() called on loss function
Epoch 0: val_loss=N/A
[DEBUG CollapseMonitor] on_validation_epoch_start called for epoch 0
[DEBUG CollapseMonitor] reset_temporal_state() called on loss function
Epoch 0: val_loss=0.8911181688308716
Epoch 0: train_loss=1.7182674407958984

[CollapseMonitor] Epoch 0
  [DEBUG] Processed 1 batches from val_dataloader
  [DEBUG] Predictions shape after concat: (14,)
  Pred std: 0.010267, range: 0.026468, mean: 0.326504
  Pos: 100.0%, Neg: 0.0%, Unique: 14
  Dir Acc: 57.14%, Pred Sharpe: 504.8069
  Composite: 0.4490 (dist_match: 0.5714, actual_pos: 57.1%, pred_pos: 100.0%)
  Collapse penalty: 0.000000 (threshold: 0.005000)
  Saved validation predictions to: experiments/12c_h1_rolling/market_only_weekly_h1_enc8/fold_2018/collapse_monitoring/val_predictions_epoch0.npy
  Gradient norms:
    lstm_encoder: 0.022573
    lstm_decoder: 0.033526
    output_layer: 1.529293
  VSN output std:
    encoder: 0.184875
  Attention entropy: 2.078014
  Saved to: experiments/12c_h1_rolling/market_only_weekly_h1_enc8/fold_2018/collapse_monitoring/collapse_monitor_latest.json
[DEBUG CollapseMonitor] on_validation_epoch_start called for epoch 1
[DEBUG CollapseMonitor] reset_temporal_state() called on loss function
Epoch 1: val_loss=0.8682307004928589
Epoch 1: train_loss=1.6979771852493286

[CollapseMonitor] Epoch 1
  [DEBUG] Processed 1 batches from val_dataloader
  [DEBUG] Predictions shape after concat: (14,)
  Pred std: 0.011282, range: 0.029813, mean: 0.293029
  Pos: 100.0%, Neg: 0.0%, Unique: 14
  Dir Acc: 57.14%, Pred Sharpe: 412.3194
  Composite: 0.4490 (dist_match: 0.5714, actual_pos: 57.1%, pred_pos: 100.0%)
  Collapse penalty: 0.000000 (threshold: 0.005000)
  Saved validation predictions to: experiments/12c_h1_rolling/market_only_weekly_h1_enc8/fold_2018/collapse_monitoring/val_predictions_epoch1.npy
  Gradient norms:
    lstm_encoder: 0.021267
    lstm_decoder: 0.030712
    output_layer: 1.502305
  VSN output std:
    encoder: 0.184637
  Attention entropy: 2.078059
  Saved to: experiments/12c_h1_rolling/market_only_weekly_h1_enc8/fold_2018/collapse_monitoring/collapse_monitor_latest.json
[DEBUG CollapseMonitor] on_validation_epoch_start called for epoch 2
[DEBUG CollapseMonitor] reset_temporal_state() called on loss function
Epoch 2: val_loss=0.8257507681846619
Epoch 2: train_loss=1.6809500455856323

[CollapseMonitor] Epoch 2
  [DEBUG] Processed 1 batches from val_dataloader
  [DEBUG] Predictions shape after concat: (14,)
  Pred std: 0.013190, range: 0.035986, mean: 0.241585
  Pos: 100.0%, Neg: 0.0%, Unique: 14
  Dir Acc: 57.14%, Pred Sharpe: 290.7501
  Composite: 0.4490 (dist_match: 0.5714, actual_pos: 57.1%, pred_pos: 100.0%)
  Collapse penalty: 0.000000 (threshold: 0.005000)
  Saved validation predictions to: experiments/12c_h1_rolling/market_only_weekly_h1_enc8/fold_2018/collapse_monitoring/val_predictions_epoch2.npy
  Gradient norms:
    lstm_encoder: 0.022367
    lstm_decoder: 0.030602
    output_layer: 1.477887
  VSN output std:
    encoder: 0.184238
  Attention entropy: 2.078150
  Saved to: experiments/12c_h1_rolling/market_only_weekly_h1_enc8/fold_2018/collapse_monitoring/collapse_monitor_latest.json
[DEBUG CollapseMonitor] on_validation_epoch_start called for epoch 3
[DEBUG CollapseMonitor] reset_temporal_state() called on loss function
Epoch 3: val_loss=0.7901121973991394
Epoch 3: train_loss=1.6430803537368774

[CollapseMonitor] Epoch 3
  [DEBUG] Processed 1 batches from val_dataloader
  [DEBUG] Predictions shape after concat: (14,)
  Pred std: 0.014674, range: 0.040733, mean: 0.218373
  Pos: 100.0%, Neg: 0.0%, Unique: 14
  Dir Acc: 57.14%, Pred Sharpe: 236.2459
  Composite: 0.4490 (dist_match: 0.5714, actual_pos: 57.1%, pred_pos: 100.0%)
  Collapse penalty: 0.000000 (threshold: 0.005000)
  Saved validation predictions to: experiments/12c_h1_rolling/market_only_weekly_h1_enc8/fold_2018/collapse_monitoring/val_predictions_epoch3.npy
  Gradient norms:
    lstm_encoder: 0.021029
    lstm_decoder: 0.029615
    output_layer: 1.442620
  VSN output std:
    encoder: 0.184329
  Attention entropy: 2.078237
  Saved to: experiments/12c_h1_rolling/market_only_weekly_h1_enc8/fold_2018/collapse_monitoring/collapse_monitor_latest.json
[DEBUG CollapseMonitor] on_validation_epoch_start called for epoch 4
[DEBUG CollapseMonitor] reset_temporal_state() called on loss function
Epoch 4: val_loss=0.7341855764389038
Epoch 4: train_loss=1.6072821617126465

[CollapseMonitor] Epoch 4
  [DEBUG] Processed 1 batches from val_dataloader
  [DEBUG] Predictions shape after concat: (14,)
  Pred std: 0.016594, range: 0.046860, mean: 0.193061
  Pos: 100.0%, Neg: 0.0%, Unique: 14
  Dir Acc: 57.14%, Pred Sharpe: 184.6850
  Composite: 0.4490 (dist_match: 0.5714, actual_pos: 57.1%, pred_pos: 100.0%)
  Collapse penalty: 0.000000 (threshold: 0.005000)
  Saved validation predictions to: experiments/12c_h1_rolling/market_only_weekly_h1_enc8/fold_2018/collapse_monitoring/val_predictions_epoch4.npy
  Gradient norms:
    lstm_encoder: 0.021587
    lstm_decoder: 0.029478
    output_layer: 1.449818
  VSN output std:
    encoder: 0.184265
  Attention entropy: 2.078390
  Saved to: experiments/12c_h1_rolling/market_only_weekly_h1_enc8/fold_2018/collapse_monitoring/collapse_monitor_latest.json
[DEBUG CollapseMonitor] on_validation_epoch_start called for epoch 5
[DEBUG CollapseMonitor] reset_temporal_state() called on loss function
Epoch 5: val_loss=0.6935504078865051
Epoch 5: train_loss=1.5547034740447998

[CollapseMonitor] Epoch 5
  [DEBUG] Processed 1 batches from val_dataloader
  [DEBUG] Predictions shape after concat: (14,)
  Pred std: 0.017624, range: 0.050170, mean: 0.185108
  Pos: 100.0%, Neg: 0.0%, Unique: 14
  Dir Acc: 57.14%, Pred Sharpe: 166.7307
  Composite: 0.4490 (dist_match: 0.5714, actual_pos: 57.1%, pred_pos: 100.0%)
  Collapse penalty: 0.000000 (threshold: 0.005000)
  Saved validation predictions to: experiments/12c_h1_rolling/market_only_weekly_h1_enc8/fold_2018/collapse_monitoring/val_predictions_epoch5.npy
  Gradient norms:
    lstm_encoder: 0.020025
    lstm_decoder: 0.028649
    output_layer: 1.365935
  VSN output std:
    encoder: 0.184513
  Attention entropy: 2.078493
  Saved to: experiments/12c_h1_rolling/market_only_weekly_h1_enc8/fold_2018/collapse_monitoring/collapse_monitor_latest.json
[DEBUG CollapseMonitor] on_validation_epoch_start called for epoch 6
[DEBUG CollapseMonitor] reset_temporal_state() called on loss function
Epoch 6: val_loss=0.6278738379478455
Epoch 6: train_loss=1.5120792388916016

[CollapseMonitor] Epoch 6
  [DEBUG] Processed 1 batches from val_dataloader
  [DEBUG] Predictions shape after concat: (14,)
  Pred std: 0.018573, range: 0.053292, mean: 0.188771
  Pos: 100.0%, Neg: 0.0%, Unique: 14
  Dir Acc: 57.14%, Pred Sharpe: 161.3432
  Composite: 0.4490 (dist_match: 0.5714, actual_pos: 57.1%, pred_pos: 100.0%)
  Collapse penalty: 0.000000 (threshold: 0.005000)
  Saved validation predictions to: experiments/12c_h1_rolling/market_only_weekly_h1_enc8/fold_2018/collapse_monitoring/val_predictions_epoch6.npy
  Gradient norms:
    lstm_encoder: 0.019723
    lstm_decoder: 0.026681
    output_layer: 1.304091
  VSN output std:
    encoder: 0.185674
  Attention entropy: 2.078641
  Saved to: experiments/12c_h1_rolling/market_only_weekly_h1_enc8/fold_2018/collapse_monitoring/collapse_monitor_latest.json
[DEBUG CollapseMonitor] on_validation_epoch_start called for epoch 7
[DEBUG CollapseMonitor] reset_temporal_state() called on loss function
Epoch 7: val_loss=0.5888162851333618
Epoch 7: train_loss=1.4848074913024902

[CollapseMonitor] Epoch 7
  [DEBUG] Processed 1 batches from val_dataloader
  [DEBUG] Predictions shape after concat: (14,)
  Pred std: 0.018777, range: 0.054058, mean: 0.187300
  Pos: 100.0%, Neg: 0.0%, Unique: 14
  Dir Acc: 57.14%, Pred Sharpe: 158.3484
  Composite: 0.4490 (dist_match: 0.5714, actual_pos: 57.1%, pred_pos: 100.0%)
  Collapse penalty: 0.000000 (threshold: 0.005000)
  Saved validation predictions to: experiments/12c_h1_rolling/market_only_weekly_h1_enc8/fold_2018/collapse_monitoring/val_predictions_epoch7.npy
  Gradient norms:
    lstm_encoder: 0.017063
    lstm_decoder: 0.023326
    output_layer: 1.220615
  VSN output std:
    encoder: 0.185859
  Attention entropy: 2.078732
  Saved to: experiments/12c_h1_rolling/market_only_weekly_h1_enc8/fold_2018/collapse_monitoring/collapse_monitor_latest.json
[DEBUG CollapseMonitor] on_validation_epoch_start called for epoch 8
[DEBUG CollapseMonitor] reset_temporal_state() called on loss function
Epoch 8: val_loss=0.5443363189697266
Epoch 8: train_loss=1.4527366161346436

[CollapseMonitor] Epoch 8
  [DEBUG] Processed 1 batches from val_dataloader
  [DEBUG] Predictions shape after concat: (14,)
  Pred std: 0.018259, range: 0.052768, mean: 0.201679
  Pos: 100.0%, Neg: 0.0%, Unique: 14
  Dir Acc: 57.14%, Pred Sharpe: 175.3462
  Composite: 0.4490 (dist_match: 0.5714, actual_pos: 57.1%, pred_pos: 100.0%)
  Collapse penalty: 0.000000 (threshold: 0.005000)
  Saved validation predictions to: experiments/12c_h1_rolling/market_only_weekly_h1_enc8/fold_2018/collapse_monitoring/val_predictions_epoch8.npy
  Gradient norms:
    lstm_encoder: 0.018210
    lstm_decoder: 0.023389
    output_layer: 1.182814
  VSN output std:
    encoder: 0.186950
  Attention entropy: 2.078880
  Saved to: experiments/12c_h1_rolling/market_only_weekly_h1_enc8/fold_2018/collapse_monitoring/collapse_monitor_latest.json
[DEBUG CollapseMonitor] on_validation_epoch_start called for epoch 9
[DEBUG CollapseMonitor] reset_temporal_state() called on loss function
Epoch 9: val_loss=0.519260048866272
Epoch 9: train_loss=1.4093856811523438

[CollapseMonitor] Epoch 9
  [DEBUG] Processed 1 batches from val_dataloader
  [DEBUG] Predictions shape after concat: (14,)
  Pred std: 0.017585, range: 0.050871, mean: 0.208891
  Pos: 100.0%, Neg: 0.0%, Unique: 14
  Dir Acc: 57.14%, Pred Sharpe: 188.5718
  Composite: 0.4490 (dist_match: 0.5714, actual_pos: 57.1%, pred_pos: 100.0%)
  Collapse penalty: 0.000000 (threshold: 0.005000)
  Saved validation predictions to: experiments/12c_h1_rolling/market_only_weekly_h1_enc8/fold_2018/collapse_monitoring/val_predictions_epoch9.npy
  Gradient norms:
    lstm_encoder: 0.017607
    lstm_decoder: 0.022983
    output_layer: 1.127672
  VSN output std:
    encoder: 0.187569
  Attention entropy: 2.078959
  Saved to: experiments/12c_h1_rolling/market_only_weekly_h1_enc8/fold_2018/collapse_monitoring/collapse_monitor_latest.json
[DEBUG CollapseMonitor] on_validation_epoch_start called for epoch 10
[DEBUG CollapseMonitor] reset_temporal_state() called on loss function
Epoch 10: val_loss=0.48881980776786804
Epoch 10: train_loss=1.3875075578689575

[CollapseMonitor] Epoch 10
  [DEBUG] Processed 1 batches from val_dataloader
  [DEBUG] Predictions shape after concat: (14,)
  Pred std: 0.016178, range: 0.046794, mean: 0.209201
  Pos: 100.0%, Neg: 0.0%, Unique: 14
  Dir Acc: 57.14%, Pred Sharpe: 205.2787
  Composite: 0.4490 (dist_match: 0.5714, actual_pos: 57.1%, pred_pos: 100.0%)
  Collapse penalty: 0.000000 (threshold: 0.005000)
  Saved validation predictions to: experiments/12c_h1_rolling/market_only_weekly_h1_enc8/fold_2018/collapse_monitoring/val_predictions_epoch10.npy
  Gradient norms:
    lstm_encoder: 0.017567
    lstm_decoder: 0.022711
    output_layer: 1.104369
  VSN output std:
    encoder: 0.189481
  Attention entropy: 2.079068
  Saved to: experiments/12c_h1_rolling/market_only_weekly_h1_enc8/fold_2018/collapse_monitoring/collapse_monitor_latest.json
[DEBUG CollapseMonitor] on_validation_epoch_start called for epoch 11
[DEBUG CollapseMonitor] reset_temporal_state() called on loss function
Epoch 11: val_loss=0.47189950942993164
Epoch 11: train_loss=1.3370229005813599

[CollapseMonitor] Epoch 11
  [DEBUG] Processed 1 batches from val_dataloader
  [DEBUG] Predictions shape after concat: (14,)
  Pred std: 0.015296, range: 0.044218, mean: 0.208248
  Pos: 100.0%, Neg: 0.0%, Unique: 14
  Dir Acc: 57.14%, Pred Sharpe: 216.1199
  Composite: 0.4490 (dist_match: 0.5714, actual_pos: 57.1%, pred_pos: 100.0%)
  Collapse penalty: 0.000000 (threshold: 0.005000)
  Saved validation predictions to: experiments/12c_h1_rolling/market_only_weekly_h1_enc8/fold_2018/collapse_monitoring/val_predictions_epoch11.npy
  Gradient norms:
    lstm_encoder: 0.016139
    lstm_decoder: 0.019032
    output_layer: 0.969381
  VSN output std:
    encoder: 0.189517
  Attention entropy: 2.079119
  Saved to: experiments/12c_h1_rolling/market_only_weekly_h1_enc8/fold_2018/collapse_monitoring/collapse_monitor_latest.json
[DEBUG CollapseMonitor] on_validation_epoch_start called for epoch 12
[DEBUG CollapseMonitor] reset_temporal_state() called on loss function
Epoch 12: val_loss=0.4456886649131775
Epoch 12: train_loss=1.3103991746902466

[CollapseMonitor] Epoch 12
  [DEBUG] Processed 1 batches from val_dataloader
  [DEBUG] Predictions shape after concat: (14,)
  Pred std: 0.013875, range: 0.040034, mean: 0.210380
  Pos: 100.0%, Neg: 0.0%, Unique: 14
  Dir Acc: 57.14%, Pred Sharpe: 240.6996
  Composite: 0.4490 (dist_match: 0.5714, actual_pos: 57.1%, pred_pos: 100.0%)
  Collapse penalty: 0.000000 (threshold: 0.005000)
  Saved validation predictions to: experiments/12c_h1_rolling/market_only_weekly_h1_enc8/fold_2018/collapse_monitoring/val_predictions_epoch12.npy
  Gradient norms:
    lstm_encoder: 0.016145
    lstm_decoder: 0.018614
    output_layer: 0.899625
  VSN output std:
    encoder: 0.189676
  Attention entropy: 2.079184
  Saved to: experiments/12c_h1_rolling/market_only_weekly_h1_enc8/fold_2018/collapse_monitoring/collapse_monitor_latest.json
[DEBUG CollapseMonitor] on_validation_epoch_start called for epoch 13
[DEBUG CollapseMonitor] reset_temporal_state() called on loss function
Epoch 13: val_loss=0.4353615343570709
Epoch 13: train_loss=1.2725809812545776

[CollapseMonitor] Epoch 13
  [DEBUG] Processed 1 batches from val_dataloader
  [DEBUG] Predictions shape after concat: (14,)
  Pred std: 0.013075, range: 0.037707, mean: 0.206793
  Pos: 100.0%, Neg: 0.0%, Unique: 14
  Dir Acc: 57.14%, Pred Sharpe: 251.0775
  Composite: 0.4490 (dist_match: 0.5714, actual_pos: 57.1%, pred_pos: 100.0%)
  Collapse penalty: 0.000000 (threshold: 0.005000)
  Saved validation predictions to: experiments/12c_h1_rolling/market_only_weekly_h1_enc8/fold_2018/collapse_monitoring/val_predictions_epoch13.npy
  Gradient norms:
    lstm_encoder: 0.014446
    lstm_decoder: 0.016566
    output_layer: 0.859330
  VSN output std:
    encoder: 0.189751
  Attention entropy: 2.079214
  Saved to: experiments/12c_h1_rolling/market_only_weekly_h1_enc8/fold_2018/collapse_monitoring/collapse_monitor_latest.json
[DEBUG CollapseMonitor] on_validation_epoch_start called for epoch 14
[DEBUG CollapseMonitor] reset_temporal_state() called on loss function
Epoch 14: val_loss=0.4282684028148651
Epoch 14: train_loss=1.2490941286087036

[CollapseMonitor] Epoch 14
  [DEBUG] Processed 1 batches from val_dataloader
  [DEBUG] Predictions shape after concat: (14,)
  Pred std: 0.011928, range: 0.034337, mean: 0.194127
  Pos: 100.0%, Neg: 0.0%, Unique: 14
  Dir Acc: 57.14%, Pred Sharpe: 258.3567
  Composite: 0.4490 (dist_match: 0.5714, actual_pos: 57.1%, pred_pos: 100.0%)
  Collapse penalty: 0.000000 (threshold: 0.005000)
  Saved validation predictions to: experiments/12c_h1_rolling/market_only_weekly_h1_enc8/fold_2018/collapse_monitoring/val_predictions_epoch14.npy
  Gradient norms:
    lstm_encoder: 0.014553
    lstm_decoder: 0.015748
    output_layer: 0.792009
  VSN output std:
    encoder: 0.191755
  Attention entropy: 2.079243
  Saved to: experiments/12c_h1_rolling/market_only_weekly_h1_enc8/fold_2018/collapse_monitoring/collapse_monitor_latest.json
[DEBUG CollapseMonitor] on_validation_epoch_start called for epoch 15
[DEBUG CollapseMonitor] reset_temporal_state() called on loss function
Epoch 15: val_loss=0.429549902677536
Epoch 15: train_loss=1.224051833152771

[CollapseMonitor] Epoch 15
  [DEBUG] Processed 1 batches from val_dataloader
  [DEBUG] Predictions shape after concat: (14,)
  Pred std: 0.011252, range: 0.032322, mean: 0.212038
  Pos: 100.0%, Neg: 0.0%, Unique: 14
  Dir Acc: 57.14%, Pred Sharpe: 299.1588
  Composite: 0.4490 (dist_match: 0.5714, actual_pos: 57.1%, pred_pos: 100.0%)
  Collapse penalty: 0.000000 (threshold: 0.005000)
  Saved validation predictions to: experiments/12c_h1_rolling/market_only_weekly_h1_enc8/fold_2018/collapse_monitoring/val_predictions_epoch15.npy
  Gradient norms:
    lstm_encoder: 0.014532
    lstm_decoder: 0.015561
    output_layer: 0.729409
  VSN output std:
    encoder: 0.189272
  Attention entropy: 2.079252
  Saved to: experiments/12c_h1_rolling/market_only_weekly_h1_enc8/fold_2018/collapse_monitoring/collapse_monitor_latest.json
[DEBUG CollapseMonitor] on_validation_epoch_start called for epoch 16
[DEBUG CollapseMonitor] reset_temporal_state() called on loss function
Epoch 16: val_loss=0.43733611702919006
Epoch 16: train_loss=1.208106279373169

[CollapseMonitor] Epoch 16
  [DEBUG] Processed 1 batches from val_dataloader
  [DEBUG] Predictions shape after concat: (14,)
  Pred std: 0.010361, range: 0.029672, mean: 0.210798
  Pos: 100.0%, Neg: 0.0%, Unique: 14
  Dir Acc: 57.14%, Pred Sharpe: 322.9578
  Composite: 0.4490 (dist_match: 0.5714, actual_pos: 57.1%, pred_pos: 100.0%)
  Collapse penalty: 0.000000 (threshold: 0.005000)
  Saved validation predictions to: experiments/12c_h1_rolling/market_only_weekly_h1_enc8/fold_2018/collapse_monitoring/val_predictions_epoch16.npy
  Gradient norms:
    lstm_encoder: 0.013082
    lstm_decoder: 0.013944
    output_layer: 0.679003
  VSN output std:
    encoder: 0.186924
  Attention entropy: 2.079273
  Saved to: experiments/12c_h1_rolling/market_only_weekly_h1_enc8/fold_2018/collapse_monitoring/collapse_monitor_latest.json
[DEBUG CollapseMonitor] on_validation_epoch_start called for epoch 17
[DEBUG CollapseMonitor] reset_temporal_state() called on loss function
Epoch 17: val_loss=0.44663289189338684
Epoch 17: train_loss=1.1660090684890747

[CollapseMonitor] Epoch 17
  [DEBUG] Processed 1 batches from val_dataloader
  [DEBUG] Predictions shape after concat: (14,)
  Pred std: 0.009723, range: 0.027772, mean: 0.201041
  Pos: 100.0%, Neg: 0.0%, Unique: 14
  Dir Acc: 57.14%, Pred Sharpe: 328.2298
  Composite: 0.4490 (dist_match: 0.5714, actual_pos: 57.1%, pred_pos: 100.0%)
  Collapse penalty: 0.000000 (threshold: 0.005000)
  Saved validation predictions to: experiments/12c_h1_rolling/market_only_weekly_h1_enc8/fold_2018/collapse_monitoring/val_predictions_epoch17.npy
  Gradient norms:
    lstm_encoder: 0.012312
    lstm_decoder: 0.012072
    output_layer: 0.577674
  VSN output std:
    encoder: 0.181783
  Attention entropy: 2.079275
  Saved to: experiments/12c_h1_rolling/market_only_weekly_h1_enc8/fold_2018/collapse_monitoring/collapse_monitor_latest.json
[DEBUG CollapseMonitor] on_validation_epoch_start called for epoch 18
[DEBUG CollapseMonitor] reset_temporal_state() called on loss function
Epoch 18: val_loss=0.45966434478759766
Epoch 18: train_loss=1.1621609926223755

[CollapseMonitor] Epoch 18
  [DEBUG] Processed 1 batches from val_dataloader
  [DEBUG] Predictions shape after concat: (14,)
  Pred std: 0.008871, range: 0.025244, mean: 0.224631
  Pos: 100.0%, Neg: 0.0%, Unique: 14
  Dir Acc: 57.14%, Pred Sharpe: 401.9610
  Composite: 0.4490 (dist_match: 0.5714, actual_pos: 57.1%, pred_pos: 100.0%)
  Collapse penalty: 0.000000 (threshold: 0.005000)
  Saved validation predictions to: experiments/12c_h1_rolling/market_only_weekly_h1_enc8/fold_2018/collapse_monitoring/val_predictions_epoch18.npy
  Gradient norms:
    lstm_encoder: 0.011633
    lstm_decoder: 0.012183
    output_layer: 0.578011
  VSN output std:
    encoder: 0.178909
  Attention entropy: 2.079294
  Saved to: experiments/12c_h1_rolling/market_only_weekly_h1_enc8/fold_2018/collapse_monitoring/collapse_monitor_latest.json
[DEBUG CollapseMonitor] on_validation_epoch_start called for epoch 19
[DEBUG CollapseMonitor] reset_temporal_state() called on loss function
Epoch 19: val_loss=0.467384397983551
Epoch 19: train_loss=1.142464518547058

[CollapseMonitor] Epoch 19
  [DEBUG] Processed 1 batches from val_dataloader
  [DEBUG] Predictions shape after concat: (14,)
  Pred std: 0.008225, range: 0.023316, mean: 0.219313
  Pos: 100.0%, Neg: 0.0%, Unique: 14
  Dir Acc: 57.14%, Pred Sharpe: 423.2676
  Composite: 0.4490 (dist_match: 0.5714, actual_pos: 57.1%, pred_pos: 100.0%)
  Collapse penalty: 0.000000 (threshold: 0.005000)
  Saved validation predictions to: experiments/12c_h1_rolling/market_only_weekly_h1_enc8/fold_2018/collapse_monitoring/val_predictions_epoch19.npy
  Gradient norms:
    lstm_encoder: 0.010286
    lstm_decoder: 0.010208
    output_layer: 0.475545
  VSN output std:
    encoder: 0.176086
  Attention entropy: 2.079297
  Saved to: experiments/12c_h1_rolling/market_only_weekly_h1_enc8/fold_2018/collapse_monitoring/collapse_monitor_latest.json
[DEBUG CollapseMonitor] on_validation_epoch_start called for epoch 20
[DEBUG CollapseMonitor] reset_temporal_state() called on loss function
Epoch 20: val_loss=0.472581684589386
Epoch 20: train_loss=1.1441131830215454

[CollapseMonitor] Epoch 20
  [DEBUG] Processed 1 batches from val_dataloader
  [DEBUG] Predictions shape after concat: (14,)
  Pred std: 0.007840, range: 0.022167, mean: 0.215982
  Pos: 100.0%, Neg: 0.0%, Unique: 14
  Dir Acc: 57.14%, Pred Sharpe: 437.3478
  Composite: 0.4490 (dist_match: 0.5714, actual_pos: 57.1%, pred_pos: 100.0%)
  Collapse penalty: 0.000000 (threshold: 0.005000)
  Saved validation predictions to: experiments/12c_h1_rolling/market_only_weekly_h1_enc8/fold_2018/collapse_monitoring/val_predictions_epoch20.npy
  Gradient norms:
    lstm_encoder: 0.010925
    lstm_decoder: 0.010712
    output_layer: 0.452067
  VSN output std:
    encoder: 0.175858
  Attention entropy: 2.079304
  Saved to: experiments/12c_h1_rolling/market_only_weekly_h1_enc8/fold_2018/collapse_monitoring/collapse_monitor_latest.json
[DEBUG CollapseMonitor] on_validation_epoch_start called for epoch 21
[DEBUG CollapseMonitor] reset_temporal_state() called on loss function
Epoch 21: val_loss=0.4762558937072754
Epoch 21: train_loss=1.1370407342910767

[CollapseMonitor] Epoch 21
  [DEBUG] Processed 1 batches from val_dataloader
  [DEBUG] Predictions shape after concat: (14,)
  Pred std: 0.007602, range: 0.021459, mean: 0.211307
  Pos: 100.0%, Neg: 0.0%, Unique: 14
  Dir Acc: 57.14%, Pred Sharpe: 441.2768
  Composite: 0.4490 (dist_match: 0.5714, actual_pos: 57.1%, pred_pos: 100.0%)
  Collapse penalty: 0.000000 (threshold: 0.005000)
  Saved validation predictions to: experiments/12c_h1_rolling/market_only_weekly_h1_enc8/fold_2018/collapse_monitoring/val_predictions_epoch21.npy
  Gradient norms:
    lstm_encoder: 0.010350
    lstm_decoder: 0.011326
    output_layer: 0.442446
  VSN output std:
    encoder: 0.175301
  Attention entropy: 2.079311
  Saved to: experiments/12c_h1_rolling/market_only_weekly_h1_enc8/fold_2018/collapse_monitoring/collapse_monitor_latest.json
[DEBUG CollapseMonitor] on_validation_epoch_start called for epoch 22
[DEBUG CollapseMonitor] reset_temporal_state() called on loss function
Epoch 22: val_loss=0.4825930595397949
Epoch 22: train_loss=1.1304670572280884

[CollapseMonitor] Epoch 22
  [DEBUG] Processed 1 batches from val_dataloader
  [DEBUG] Predictions shape after concat: (14,)
  Pred std: 0.007271, range: 0.020476, mean: 0.187815
  Pos: 100.0%, Neg: 0.0%, Unique: 14
  Dir Acc: 57.14%, Pred Sharpe: 410.0292
  Composite: 0.4490 (dist_match: 0.5714, actual_pos: 57.1%, pred_pos: 100.0%)
  Collapse penalty: 0.000000 (threshold: 0.005000)
  Saved validation predictions to: experiments/12c_h1_rolling/market_only_weekly_h1_enc8/fold_2018/collapse_monitoring/val_predictions_epoch22.npy
  Gradient norms:
    lstm_encoder: 0.009916
    lstm_decoder: 0.010086
    output_layer: 0.405074
  VSN output std:
    encoder: 0.174697
  Attention entropy: 2.079323
  Saved to: experiments/12c_h1_rolling/market_only_weekly_h1_enc8/fold_2018/collapse_monitoring/collapse_monitor_latest.json
[DEBUG CollapseMonitor] on_validation_epoch_start called for epoch 23
[DEBUG CollapseMonitor] reset_temporal_state() called on loss function
Epoch 23: val_loss=0.4864354431629181
Epoch 23: train_loss=1.130218744277954

[CollapseMonitor] Epoch 23
  [DEBUG] Processed 1 batches from val_dataloader
  [DEBUG] Predictions shape after concat: (14,)
  Pred std: 0.007043, range: 0.019791, mean: 0.180820
  Pos: 100.0%, Neg: 0.0%, Unique: 14
  Dir Acc: 57.14%, Pred Sharpe: 407.5858
  Composite: 0.4490 (dist_match: 0.5714, actual_pos: 57.1%, pred_pos: 100.0%)
  Collapse penalty: 0.000000 (threshold: 0.005000)
  Saved validation predictions to: experiments/12c_h1_rolling/market_only_weekly_h1_enc8/fold_2018/collapse_monitoring/val_predictions_epoch23.npy
  Gradient norms:
    lstm_encoder: 0.009877
    lstm_decoder: 0.010033
    output_layer: 0.418859
  VSN output std:
    encoder: 0.174099
  Attention entropy: 2.079329
  Saved to: experiments/12c_h1_rolling/market_only_weekly_h1_enc8/fold_2018/collapse_monitoring/collapse_monitor_latest.json
[DEBUG CollapseMonitor] on_validation_epoch_start called for epoch 24
[DEBUG CollapseMonitor] reset_temporal_state() called on loss function
Epoch 24: val_loss=0.4926116168498993
Epoch 24: train_loss=1.1291985511779785

[CollapseMonitor] Epoch 24
  [DEBUG] Processed 1 batches from val_dataloader
  [DEBUG] Predictions shape after concat: (14,)
  Pred std: 0.006988, range: 0.019643, mean: 0.182041
  Pos: 100.0%, Neg: 0.0%, Unique: 14
  Dir Acc: 57.14%, Pred Sharpe: 413.5619
  Composite: 0.4490 (dist_match: 0.5714, actual_pos: 57.1%, pred_pos: 100.0%)
  Collapse penalty: 0.000000 (threshold: 0.005000)
  Saved validation predictions to: experiments/12c_h1_rolling/market_only_weekly_h1_enc8/fold_2018/collapse_monitoring/val_predictions_epoch24.npy
  Gradient norms:
    lstm_encoder: 0.009155
    lstm_decoder: 0.009123
    output_layer: 0.401337
  VSN output std:
    encoder: 0.175171
  Attention entropy: 2.079338
  Saved to: experiments/12c_h1_rolling/market_only_weekly_h1_enc8/fold_2018/collapse_monitoring/collapse_monitor_latest.json
[DEBUG CollapseMonitor] on_validation_epoch_start called for epoch 25
[DEBUG CollapseMonitor] reset_temporal_state() called on loss function
Epoch 25: val_loss=0.4958208203315735
Epoch 25: train_loss=1.1237486600875854

[CollapseMonitor] Epoch 25
  [DEBUG] Processed 1 batches from val_dataloader
  [DEBUG] Predictions shape after concat: (14,)
  Pred std: 0.006869, range: 0.019298, mean: 0.196345
  Pos: 100.0%, Neg: 0.0%, Unique: 14
  Dir Acc: 57.14%, Pred Sharpe: 453.7835
  Composite: 0.4490 (dist_match: 0.5714, actual_pos: 57.1%, pred_pos: 100.0%)
  Collapse penalty: 0.000000 (threshold: 0.005000)
  Saved validation predictions to: experiments/12c_h1_rolling/market_only_weekly_h1_enc8/fold_2018/collapse_monitoring/val_predictions_epoch25.npy
  Gradient norms:
    lstm_encoder: 0.010119
    lstm_decoder: 0.011165
    output_layer: 0.453830
  VSN output std:
    encoder: 0.174683
  Attention entropy: 2.079339
  Saved to: experiments/12c_h1_rolling/market_only_weekly_h1_enc8/fold_2018/collapse_monitoring/collapse_monitor_latest.json
[DEBUG CollapseMonitor] on_validation_epoch_start called for epoch 26
[DEBUG CollapseMonitor] reset_temporal_state() called on loss function
Epoch 26: val_loss=0.49990591406822205
Epoch 26: train_loss=1.1275523900985718

[CollapseMonitor] Epoch 26
  [DEBUG] Processed 1 batches from val_dataloader
  [DEBUG] Predictions shape after concat: (14,)
  Pred std: 0.006671, range: 0.018718, mean: 0.204764
  Pos: 100.0%, Neg: 0.0%, Unique: 14
  Dir Acc: 57.14%, Pred Sharpe: 487.2265
  Composite: 0.4490 (dist_match: 0.5714, actual_pos: 57.1%, pred_pos: 100.0%)
  Collapse penalty: 0.000000 (threshold: 0.005000)
  Saved validation predictions to: experiments/12c_h1_rolling/market_only_weekly_h1_enc8/fold_2018/collapse_monitoring/val_predictions_epoch26.npy
  Gradient norms:
    lstm_encoder: 0.008956
    lstm_decoder: 0.008631
    output_layer: 0.352512
  VSN output std:
    encoder: 0.173966
  Attention entropy: 2.079345
  Saved to: experiments/12c_h1_rolling/market_only_weekly_h1_enc8/fold_2018/collapse_monitoring/collapse_monitor_latest.json
[DEBUG CollapseMonitor] on_validation_epoch_start called for epoch 27
[DEBUG CollapseMonitor] reset_temporal_state() called on loss function
Epoch 27: val_loss=0.5023559331893921
Epoch 27: train_loss=1.1154438257217407

[CollapseMonitor] Epoch 27
  [DEBUG] Processed 1 batches from val_dataloader
  [DEBUG] Predictions shape after concat: (14,)
  Pred std: 0.006585, range: 0.018488, mean: 0.226653
  Pos: 100.0%, Neg: 0.0%, Unique: 14
  Dir Acc: 57.14%, Pred Sharpe: 546.3619
  Composite: 0.4490 (dist_match: 0.5714, actual_pos: 57.1%, pred_pos: 100.0%)
  Collapse penalty: 0.000000 (threshold: 0.005000)
  Saved validation predictions to: experiments/12c_h1_rolling/market_only_weekly_h1_enc8/fold_2018/collapse_monitoring/val_predictions_epoch27.npy
  Gradient norms:
    lstm_encoder: 0.008464
    lstm_decoder: 0.008113
    output_layer: 0.359829
  VSN output std:
    encoder: 0.173509
  Attention entropy: 2.079345
  Saved to: experiments/12c_h1_rolling/market_only_weekly_h1_enc8/fold_2018/collapse_monitoring/collapse_monitor_latest.json
[DEBUG CollapseMonitor] on_validation_epoch_start called for epoch 28
[DEBUG CollapseMonitor] reset_temporal_state() called on loss function
Epoch 28: val_loss=0.5051928162574768
Epoch 28: train_loss=1.110373854637146

[CollapseMonitor] Epoch 28
  [DEBUG] Processed 1 batches from val_dataloader
  [DEBUG] Predictions shape after concat: (14,)
  Pred std: 0.006519, range: 0.018329, mean: 0.242024
  Pos: 100.0%, Neg: 0.0%, Unique: 14
  Dir Acc: 57.14%, Pred Sharpe: 589.3789
  Composite: 0.4490 (dist_match: 0.5714, actual_pos: 57.1%, pred_pos: 100.0%)
  Collapse penalty: 0.000000 (threshold: 0.005000)
  Saved validation predictions to: experiments/12c_h1_rolling/market_only_weekly_h1_enc8/fold_2018/collapse_monitoring/val_predictions_epoch28.npy
  Gradient norms:
    lstm_encoder: 0.009064
    lstm_decoder: 0.009142
    output_layer: 0.379439
  VSN output std:
    encoder: 0.172415
  Attention entropy: 2.079338
  Saved to: experiments/12c_h1_rolling/market_only_weekly_h1_enc8/fold_2018/collapse_monitoring/collapse_monitor_latest.json
[DEBUG CollapseMonitor] on_validation_epoch_start called for epoch 29
[DEBUG CollapseMonitor] reset_temporal_state() called on loss function
Epoch 29: val_loss=0.5059799551963806
Epoch 29: train_loss=1.104328989982605

[CollapseMonitor] Epoch 29
  [DEBUG] Processed 1 batches from val_dataloader
  [DEBUG] Predictions shape after concat: (14,)
  Pred std: 0.006501, range: 0.018274, mean: 0.246121
  Pos: 100.0%, Neg: 0.0%, Unique: 14
  Dir Acc: 57.14%, Pred Sharpe: 600.9911
  Composite: 0.4490 (dist_match: 0.5714, actual_pos: 57.1%, pred_pos: 100.0%)
  Collapse penalty: 0.000000 (threshold: 0.005000)
  Saved validation predictions to: experiments/12c_h1_rolling/market_only_weekly_h1_enc8/fold_2018/collapse_monitoring/val_predictions_epoch29.npy
  Gradient norms:
    lstm_encoder: 0.009018
    lstm_decoder: 0.008309
    output_layer: 0.340519
  VSN output std:
    encoder: 0.172641
  Attention entropy: 2.079339
  Saved to: experiments/12c_h1_rolling/market_only_weekly_h1_enc8/fold_2018/collapse_monitoring/collapse_monitor_latest.json
[DEBUG CollapseMonitor] on_validation_epoch_start called for epoch 30
[DEBUG CollapseMonitor] reset_temporal_state() called on loss function
Epoch 30: val_loss=0.5073814392089844
Epoch 30: train_loss=1.1075167655944824

[CollapseMonitor] Epoch 30
  [DEBUG] Processed 1 batches from val_dataloader
  [DEBUG] Predictions shape after concat: (14,)
  Pred std: 0.006420, range: 0.018033, mean: 0.251190
  Pos: 100.0%, Neg: 0.0%, Unique: 14
  Dir Acc: 57.14%, Pred Sharpe: 621.0829
  Composite: 0.4490 (dist_match: 0.5714, actual_pos: 57.1%, pred_pos: 100.0%)
  Collapse penalty: 0.000000 (threshold: 0.005000)
  Saved validation predictions to: experiments/12c_h1_rolling/market_only_weekly_h1_enc8/fold_2018/collapse_monitoring/val_predictions_epoch30.npy
  Gradient norms:
    lstm_encoder: 0.008751
    lstm_decoder: 0.009667
    output_layer: 0.383939
  VSN output std:
    encoder: 0.172431
  Attention entropy: 2.079335
  Saved to: experiments/12c_h1_rolling/market_only_weekly_h1_enc8/fold_2018/collapse_monitoring/collapse_monitor_latest.json
[DEBUG CollapseMonitor] on_validation_epoch_start called for epoch 31
[DEBUG CollapseMonitor] reset_temporal_state() called on loss function
Epoch 31: val_loss=0.5081517100334167
Epoch 31: train_loss=1.1093904972076416

[CollapseMonitor] Epoch 31
  [DEBUG] Processed 1 batches from val_dataloader
  [DEBUG] Predictions shape after concat: (14,)
  Pred std: 0.006322, range: 0.017742, mean: 0.254459
  Pos: 100.0%, Neg: 0.0%, Unique: 14
  Dir Acc: 57.14%, Pred Sharpe: 638.9353
  Composite: 0.4490 (dist_match: 0.5714, actual_pos: 57.1%, pred_pos: 100.0%)
  Collapse penalty: 0.000000 (threshold: 0.005000)
  Saved validation predictions to: experiments/12c_h1_rolling/market_only_weekly_h1_enc8/fold_2018/collapse_monitoring/val_predictions_epoch31.npy
  Gradient norms:
    lstm_encoder: 0.008956
    lstm_decoder: 0.008724
    output_layer: 0.324427
  VSN output std:
    encoder: 0.171983
  Attention entropy: 2.079331
  Saved to: experiments/12c_h1_rolling/market_only_weekly_h1_enc8/fold_2018/collapse_monitoring/collapse_monitor_latest.json
[DEBUG CollapseMonitor] on_validation_epoch_start called for epoch 32
[DEBUG CollapseMonitor] reset_temporal_state() called on loss function
Epoch 32: val_loss=0.5098099112510681
Epoch 32: train_loss=1.0958510637283325

[CollapseMonitor] Epoch 32
  [DEBUG] Processed 1 batches from val_dataloader
  [DEBUG] Predictions shape after concat: (14,)
  Pred std: 0.006212, range: 0.017415, mean: 0.255673
  Pos: 100.0%, Neg: 0.0%, Unique: 14
  Dir Acc: 57.14%, Pred Sharpe: 653.3194
  Composite: 0.4490 (dist_match: 0.5714, actual_pos: 57.1%, pred_pos: 100.0%)
  Collapse penalty: 0.000000 (threshold: 0.005000)
  Saved validation predictions to: experiments/12c_h1_rolling/market_only_weekly_h1_enc8/fold_2018/collapse_monitoring/val_predictions_epoch32.npy
  Gradient norms:
    lstm_encoder: 0.009249
    lstm_decoder: 0.008782
    output_layer: 0.327897
  VSN output std:
    encoder: 0.171516
  Attention entropy: 2.079327
  Saved to: experiments/12c_h1_rolling/market_only_weekly_h1_enc8/fold_2018/collapse_monitoring/collapse_monitor_latest.json
[DEBUG CollapseMonitor] on_validation_epoch_start called for epoch 33
[DEBUG CollapseMonitor] reset_temporal_state() called on loss function
Epoch 33: val_loss=0.5102677345275879
Epoch 33: train_loss=1.1026110649108887

[CollapseMonitor] Epoch 33
  [DEBUG] Processed 1 batches from val_dataloader
  [DEBUG] Predictions shape after concat: (14,)
  Pred std: 0.006138, range: 0.017196, mean: 0.255570
  Pos: 100.0%, Neg: 0.0%, Unique: 14
  Dir Acc: 57.14%, Pred Sharpe: 660.9577
  Composite: 0.4490 (dist_match: 0.5714, actual_pos: 57.1%, pred_pos: 100.0%)
  Collapse penalty: 0.000000 (threshold: 0.005000)
  Saved validation predictions to: experiments/12c_h1_rolling/market_only_weekly_h1_enc8/fold_2018/collapse_monitoring/val_predictions_epoch33.npy
  Gradient norms:
    lstm_encoder: 0.009092
    lstm_decoder: 0.009527
    output_layer: 0.351879
  VSN output std:
    encoder: 0.171188
  Attention entropy: 2.079324
  Saved to: experiments/12c_h1_rolling/market_only_weekly_h1_enc8/fold_2018/collapse_monitoring/collapse_monitor_latest.json
[DEBUG CollapseMonitor] on_validation_epoch_start called for epoch 34
[DEBUG CollapseMonitor] reset_temporal_state() called on loss function
Epoch 34: val_loss=0.5111821293830872
Epoch 34: train_loss=1.103864312171936

[CollapseMonitor] Epoch 34
  [DEBUG] Processed 1 batches from val_dataloader
  [DEBUG] Predictions shape after concat: (14,)
  Pred std: 0.006061, range: 0.016964, mean: 0.245489
  Pos: 100.0%, Neg: 0.0%, Unique: 14
  Dir Acc: 57.14%, Pred Sharpe: 642.9431
  Composite: 0.4490 (dist_match: 0.5714, actual_pos: 57.1%, pred_pos: 100.0%)
  Collapse penalty: 0.000000 (threshold: 0.005000)
  Saved validation predictions to: experiments/12c_h1_rolling/market_only_weekly_h1_enc8/fold_2018/collapse_monitoring/val_predictions_epoch34.npy
  Gradient norms:
    lstm_encoder: 0.009100
    lstm_decoder: 0.009294
    output_layer: 0.343015
  VSN output std:
    encoder: 0.171057
  Attention entropy: 2.079319
  Saved to: experiments/12c_h1_rolling/market_only_weekly_h1_enc8/fold_2018/collapse_monitoring/collapse_monitor_latest.json
[DEBUG CollapseMonitor] on_validation_epoch_start called for epoch 35
[DEBUG CollapseMonitor] reset_temporal_state() called on loss function
Epoch 35: val_loss=0.5125095248222351
Epoch 35: train_loss=1.1045317649841309

[CollapseMonitor] Epoch 35
  [DEBUG] Processed 1 batches from val_dataloader
  [DEBUG] Predictions shape after concat: (14,)
  Pred std: 0.006028, range: 0.016861, mean: 0.252687
  Pos: 100.0%, Neg: 0.0%, Unique: 14
  Dir Acc: 57.14%, Pred Sharpe: 665.4910
  Composite: 0.4490 (dist_match: 0.5714, actual_pos: 57.1%, pred_pos: 100.0%)
  Collapse penalty: 0.000000 (threshold: 0.005000)
  Saved validation predictions to: experiments/12c_h1_rolling/market_only_weekly_h1_enc8/fold_2018/collapse_monitoring/val_predictions_epoch35.npy
  Gradient norms:
    lstm_encoder: 0.009806
    lstm_decoder: 0.010409
    output_layer: 0.393756
  VSN output std:
    encoder: 0.171272
  Attention entropy: 2.079315
  Saved to: experiments/12c_h1_rolling/market_only_weekly_h1_enc8/fold_2018/collapse_monitoring/collapse_monitor_latest.json
[DEBUG CollapseMonitor] on_validation_epoch_start called for epoch 36
[DEBUG CollapseMonitor] reset_temporal_state() called on loss function
Epoch 36: val_loss=0.5133598446846008
Epoch 36: train_loss=1.1055161952972412

[CollapseMonitor] Epoch 36
  [DEBUG] Processed 1 batches from val_dataloader
  [DEBUG] Predictions shape after concat: (14,)
  Pred std: 0.005974, range: 0.016700, mean: 0.246927
  Pos: 100.0%, Neg: 0.0%, Unique: 14
  Dir Acc: 57.14%, Pred Sharpe: 656.1872
  Composite: 0.4490 (dist_match: 0.5714, actual_pos: 57.1%, pred_pos: 100.0%)
  Collapse penalty: 0.000000 (threshold: 0.005000)
  Saved validation predictions to: experiments/12c_h1_rolling/market_only_weekly_h1_enc8/fold_2018/collapse_monitoring/val_predictions_epoch36.npy
  Gradient norms:
    lstm_encoder: 0.009215
    lstm_decoder: 0.009851
    output_layer: 0.351208
  VSN output std:
    encoder: 0.170887
  Attention entropy: 2.079308
  Saved to: experiments/12c_h1_rolling/market_only_weekly_h1_enc8/fold_2018/collapse_monitoring/collapse_monitor_latest.json
[DEBUG CollapseMonitor] on_validation_epoch_start called for epoch 37
[DEBUG CollapseMonitor] reset_temporal_state() called on loss function
Epoch 37: val_loss=0.5143863558769226
Epoch 37: train_loss=1.0994205474853516

[CollapseMonitor] Epoch 37
  [DEBUG] Processed 1 batches from val_dataloader
  [DEBUG] Predictions shape after concat: (14,)
  Pred std: 0.005961, range: 0.016669, mean: 0.246627
  Pos: 100.0%, Neg: 0.0%, Unique: 14
  Dir Acc: 57.14%, Pred Sharpe: 656.7453
  Composite: 0.4490 (dist_match: 0.5714, actual_pos: 57.1%, pred_pos: 100.0%)
  Collapse penalty: 0.000000 (threshold: 0.005000)
  Saved validation predictions to: experiments/12c_h1_rolling/market_only_weekly_h1_enc8/fold_2018/collapse_monitoring/val_predictions_epoch37.npy
  Gradient norms:
    lstm_encoder: 0.008680
    lstm_decoder: 0.008961
    output_layer: 0.333186
  VSN output std:
    encoder: 0.170888
  Attention entropy: 2.079306
  Saved to: experiments/12c_h1_rolling/market_only_weekly_h1_enc8/fold_2018/collapse_monitoring/collapse_monitor_latest.json
[DEBUG CollapseMonitor] on_validation_epoch_start called for epoch 38
[DEBUG CollapseMonitor] reset_temporal_state() called on loss function
Epoch 38: val_loss=0.5149208307266235
Epoch 38: train_loss=1.1040842533111572

[CollapseMonitor] Epoch 38
  [DEBUG] Processed 1 batches from val_dataloader
  [DEBUG] Predictions shape after concat: (14,)
  Pred std: 0.005897, range: 0.016479, mean: 0.246662
  Pos: 100.0%, Neg: 0.0%, Unique: 14
  Dir Acc: 57.14%, Pred Sharpe: 664.0309
  Composite: 0.4490 (dist_match: 0.5714, actual_pos: 57.1%, pred_pos: 100.0%)
  Collapse penalty: 0.000000 (threshold: 0.005000)
  Saved validation predictions to: experiments/12c_h1_rolling/market_only_weekly_h1_enc8/fold_2018/collapse_monitoring/val_predictions_epoch38.npy
  Gradient norms:
    lstm_encoder: 0.009865
    lstm_decoder: 0.010905
    output_layer: 0.388806
  VSN output std:
    encoder: 0.170595
  Attention entropy: 2.079304
  Saved to: experiments/12c_h1_rolling/market_only_weekly_h1_enc8/fold_2018/collapse_monitoring/collapse_monitor_latest.json
[DEBUG CollapseMonitor] on_validation_epoch_start called for epoch 39
[DEBUG CollapseMonitor] reset_temporal_state() called on loss function
Epoch 39: val_loss=0.5151005387306213
Epoch 39: train_loss=1.1038191318511963

[CollapseMonitor] Epoch 39
  [DEBUG] Processed 1 batches from val_dataloader
  [DEBUG] Predictions shape after concat: (14,)
  Pred std: 0.005871, range: 0.016403, mean: 0.250338
  Pos: 100.0%, Neg: 0.0%, Unique: 14
  Dir Acc: 57.14%, Pred Sharpe: 676.8342
  Composite: 0.4490 (dist_match: 0.5714, actual_pos: 57.1%, pred_pos: 100.0%)
  Collapse penalty: 0.000000 (threshold: 0.005000)
  Saved validation predictions to: experiments/12c_h1_rolling/market_only_weekly_h1_enc8/fold_2018/collapse_monitoring/val_predictions_epoch39.npy
  Gradient norms:
    lstm_encoder: 0.009121
    lstm_decoder: 0.008449
    output_layer: 0.316930
  VSN output std:
    encoder: 0.170660
  Attention entropy: 2.079303
  Saved to: experiments/12c_h1_rolling/market_only_weekly_h1_enc8/fold_2018/collapse_monitoring/collapse_monitor_latest.json
[DEBUG CollapseMonitor] on_validation_epoch_start called for epoch 40
[DEBUG CollapseMonitor] reset_temporal_state() called on loss function
Epoch 40: val_loss=0.5157647728919983
Epoch 40: train_loss=1.0982565879821777

[CollapseMonitor] Epoch 40
  [DEBUG] Processed 1 batches from val_dataloader
  [DEBUG] Predictions shape after concat: (14,)
  Pred std: 0.005843, range: 0.016320, mean: 0.251229
  Pos: 100.0%, Neg: 0.0%, Unique: 14
  Dir Acc: 57.14%, Pred Sharpe: 682.5762
  Composite: 0.4490 (dist_match: 0.5714, actual_pos: 57.1%, pred_pos: 100.0%)
  Collapse penalty: 0.000000 (threshold: 0.005000)
  Saved validation predictions to: experiments/12c_h1_rolling/market_only_weekly_h1_enc8/fold_2018/collapse_monitoring/val_predictions_epoch40.npy
  Gradient norms:
    lstm_encoder: 0.008585
    lstm_decoder: 0.008615
    output_layer: 0.326455
  VSN output std:
    encoder: 0.170781
  Attention entropy: 2.079303
  Saved to: experiments/12c_h1_rolling/market_only_weekly_h1_enc8/fold_2018/collapse_monitoring/collapse_monitor_latest.json
[DEBUG CollapseMonitor] on_validation_epoch_start called for epoch 41
[DEBUG CollapseMonitor] reset_temporal_state() called on loss function
Epoch 41: val_loss=0.5161392092704773
Epoch 41: train_loss=1.0962508916854858

[CollapseMonitor] Epoch 41
  [DEBUG] Processed 1 batches from val_dataloader
  [DEBUG] Predictions shape after concat: (14,)
  Pred std: 0.005762, range: 0.016080, mean: 0.254822
  Pos: 100.0%, Neg: 0.0%, Unique: 14
  Dir Acc: 57.14%, Pred Sharpe: 702.0837
  Composite: 0.4490 (dist_match: 0.5714, actual_pos: 57.1%, pred_pos: 100.0%)
  Collapse penalty: 0.000000 (threshold: 0.005000)
  Saved validation predictions to: experiments/12c_h1_rolling/market_only_weekly_h1_enc8/fold_2018/collapse_monitoring/val_predictions_epoch41.npy
  Gradient norms:
    lstm_encoder: 0.008764
    lstm_decoder: 0.008440
    output_layer: 0.308626
  VSN output std:
    encoder: 0.170512
  Attention entropy: 2.079299
  Saved to: experiments/12c_h1_rolling/market_only_weekly_h1_enc8/fold_2018/collapse_monitoring/collapse_monitor_latest.json
[DEBUG CollapseMonitor] on_validation_epoch_start called for epoch 42
[DEBUG CollapseMonitor] reset_temporal_state() called on loss function
Epoch 42: val_loss=0.5167776346206665
Epoch 42: train_loss=1.0959628820419312

[CollapseMonitor] Epoch 42
  [DEBUG] Processed 1 batches from val_dataloader
  [DEBUG] Predictions shape after concat: (14,)
  Pred std: 0.005775, range: 0.016120, mean: 0.253366
  Pos: 100.0%, Neg: 0.0%, Unique: 14
  Dir Acc: 57.14%, Pred Sharpe: 696.4970
  Composite: 0.4490 (dist_match: 0.5714, actual_pos: 57.1%, pred_pos: 100.0%)
  Collapse penalty: 0.000000 (threshold: 0.005000)
  Saved validation predictions to: experiments/12c_h1_rolling/market_only_weekly_h1_enc8/fold_2018/collapse_monitoring/val_predictions_epoch42.npy
  Gradient norms:
    lstm_encoder: 0.008851
    lstm_decoder: 0.008600
    output_layer: 0.310501
  VSN output std:
    encoder: 0.170694
  Attention entropy: 2.079298
  Saved to: experiments/12c_h1_rolling/market_only_weekly_h1_enc8/fold_2018/collapse_monitoring/collapse_monitor_latest.json
[DEBUG CollapseMonitor] on_validation_epoch_start called for epoch 43
[DEBUG CollapseMonitor] reset_temporal_state() called on loss function
Epoch 43: val_loss=0.5169066190719604
Epoch 43: train_loss=1.096191167831421

[CollapseMonitor] Epoch 43
  [DEBUG] Processed 1 batches from val_dataloader
  [DEBUG] Predictions shape after concat: (14,)
  Pred std: 0.005776, range: 0.016123, mean: 0.246365
  Pos: 100.0%, Neg: 0.0%, Unique: 14
  Dir Acc: 57.14%, Pred Sharpe: 677.0497
  Composite: 0.4490 (dist_match: 0.5714, actual_pos: 57.1%, pred_pos: 100.0%)
  Collapse penalty: 0.000000 (threshold: 0.005000)
  Saved validation predictions to: experiments/12c_h1_rolling/market_only_weekly_h1_enc8/fold_2018/collapse_monitoring/val_predictions_epoch43.npy
  Gradient norms:
    lstm_encoder: 0.008339
    lstm_decoder: 0.009036
    output_layer: 0.309317
  VSN output std:
    encoder: 0.170720
  Attention entropy: 2.079298
  Saved to: experiments/12c_h1_rolling/market_only_weekly_h1_enc8/fold_2018/collapse_monitoring/collapse_monitor_latest.json
[DEBUG CollapseMonitor] on_validation_epoch_start called for epoch 44
[DEBUG CollapseMonitor] reset_temporal_state() called on loss function
Epoch 44: val_loss=0.5171152353286743
Epoch 44: train_loss=1.102134108543396

[CollapseMonitor] Epoch 44
  [DEBUG] Processed 1 batches from val_dataloader
  [DEBUG] Predictions shape after concat: (14,)
  Pred std: 0.005742, range: 0.016019, mean: 0.243641
  Pos: 100.0%, Neg: 0.0%, Unique: 14
  Dir Acc: 57.14%, Pred Sharpe: 673.5648
  Composite: 0.4490 (dist_match: 0.5714, actual_pos: 57.1%, pred_pos: 100.0%)
  Collapse penalty: 0.000000 (threshold: 0.005000)
  Saved validation predictions to: experiments/12c_h1_rolling/market_only_weekly_h1_enc8/fold_2018/collapse_monitoring/val_predictions_epoch44.npy
  Gradient norms:
    lstm_encoder: 0.008466
    lstm_decoder: 0.008040
    output_layer: 0.305445
  VSN output std:
    encoder: 0.170699
  Attention entropy: 2.079298
  Saved to: experiments/12c_h1_rolling/market_only_weekly_h1_enc8/fold_2018/collapse_monitoring/collapse_monitor_latest.json
[DEBUG CollapseMonitor] on_validation_epoch_start called for epoch 45
[DEBUG CollapseMonitor] reset_temporal_state() called on loss function
Epoch 45: val_loss=0.5173385739326477
Epoch 45: train_loss=1.1081531047821045

[CollapseMonitor] Epoch 45
  [DEBUG] Processed 1 batches from val_dataloader
  [DEBUG] Predictions shape after concat: (14,)
  Pred std: 0.005682, range: 0.015839, mean: 0.239923
  Pos: 100.0%, Neg: 0.0%, Unique: 14
  Dir Acc: 57.14%, Pred Sharpe: 670.2764
  Composite: 0.4490 (dist_match: 0.5714, actual_pos: 57.1%, pred_pos: 100.0%)
  Collapse penalty: 0.000000 (threshold: 0.005000)
  Saved validation predictions to: experiments/12c_h1_rolling/market_only_weekly_h1_enc8/fold_2018/collapse_monitoring/val_predictions_epoch45.npy
  Gradient norms:
    lstm_encoder: 0.007832
    lstm_decoder: 0.008373
    output_layer: 0.290778
  VSN output std:
    encoder: 0.170490
  Attention entropy: 2.079296
  Saved to: experiments/12c_h1_rolling/market_only_weekly_h1_enc8/fold_2018/collapse_monitoring/collapse_monitor_latest.json
[DEBUG CollapseMonitor] on_validation_epoch_start called for epoch 46
[DEBUG CollapseMonitor] reset_temporal_state() called on loss function
Epoch 46: val_loss=0.5173882246017456
Epoch 46: train_loss=1.1033473014831543

[CollapseMonitor] Epoch 46
  [DEBUG] Processed 1 batches from val_dataloader
  [DEBUG] Predictions shape after concat: (14,)
  Pred std: 0.005616, range: 0.015642, mean: 0.237769
  Pos: 100.0%, Neg: 0.0%, Unique: 14
  Dir Acc: 57.14%, Pred Sharpe: 672.1162
  Composite: 0.4490 (dist_match: 0.5714, actual_pos: 57.1%, pred_pos: 100.0%)
  Collapse penalty: 0.000000 (threshold: 0.005000)
  Saved validation predictions to: experiments/12c_h1_rolling/market_only_weekly_h1_enc8/fold_2018/collapse_monitoring/val_predictions_epoch46.npy
  Gradient norms:
    lstm_encoder: 0.008780
    lstm_decoder: 0.008899
    output_layer: 0.344436
  VSN output std:
    encoder: 0.170236
  Attention entropy: 2.079293
  Saved to: experiments/12c_h1_rolling/market_only_weekly_h1_enc8/fold_2018/collapse_monitoring/collapse_monitor_latest.json
[DEBUG CollapseMonitor] on_validation_epoch_start called for epoch 47
[DEBUG CollapseMonitor] reset_temporal_state() called on loss function
Epoch 47: val_loss=0.5174115300178528
Epoch 47: train_loss=1.0914946794509888

[CollapseMonitor] Epoch 47
  [DEBUG] Processed 1 batches from val_dataloader
  [DEBUG] Predictions shape after concat: (14,)
  Pred std: 0.005612, range: 0.015632, mean: 0.235616
  Pos: 100.0%, Neg: 0.0%, Unique: 14
  Dir Acc: 57.14%, Pred Sharpe: 666.4572
  Composite: 0.4490 (dist_match: 0.5714, actual_pos: 57.1%, pred_pos: 100.0%)
  Collapse penalty: 0.000000 (threshold: 0.005000)
  Saved validation predictions to: experiments/12c_h1_rolling/market_only_weekly_h1_enc8/fold_2018/collapse_monitoring/val_predictions_epoch47.npy
  Gradient norms:
    lstm_encoder: 0.007773
    lstm_decoder: 0.007581
    output_layer: 0.279289
  VSN output std:
    encoder: 0.170297
  Attention entropy: 2.079293
  Saved to: experiments/12c_h1_rolling/market_only_weekly_h1_enc8/fold_2018/collapse_monitoring/collapse_monitor_latest.json
[DEBUG CollapseMonitor] on_validation_epoch_start called for epoch 48
[DEBUG CollapseMonitor] reset_temporal_state() called on loss function
Epoch 48: val_loss=0.5174437761306763
Epoch 48: train_loss=1.1027711629867554

[CollapseMonitor] Epoch 48
  [DEBUG] Processed 1 batches from val_dataloader
  [DEBUG] Predictions shape after concat: (14,)
  Pred std: 0.005595, range: 0.015587, mean: 0.234843
  Pos: 100.0%, Neg: 0.0%, Unique: 14
  Dir Acc: 57.14%, Pred Sharpe: 666.3638
  Composite: 0.4490 (dist_match: 0.5714, actual_pos: 57.1%, pred_pos: 100.0%)
  Collapse penalty: 0.000000 (threshold: 0.005000)
  Saved validation predictions to: experiments/12c_h1_rolling/market_only_weekly_h1_enc8/fold_2018/collapse_monitoring/val_predictions_epoch48.npy
  Gradient norms:
    lstm_encoder: 0.009495
    lstm_decoder: 0.010058
    output_layer: 0.382569
  VSN output std:
    encoder: 0.170267
  Attention entropy: 2.079293
  Saved to: experiments/12c_h1_rolling/market_only_weekly_h1_enc8/fold_2018/collapse_monitoring/collapse_monitor_latest.json
[DEBUG CollapseMonitor] on_validation_epoch_start called for epoch 49
[DEBUG CollapseMonitor] reset_temporal_state() called on loss function
Epoch 49: val_loss=0.5174673795700073
Epoch 49: train_loss=1.1009255647659302

[CollapseMonitor] Epoch 49
  [DEBUG] Processed 1 batches from val_dataloader
  [DEBUG] Predictions shape after concat: (14,)
  Pred std: 0.005581, range: 0.015550, mean: 0.234225
  Pos: 100.0%, Neg: 0.0%, Unique: 14
  Dir Acc: 57.14%, Pred Sharpe: 666.2505
  Composite: 0.4490 (dist_match: 0.5714, actual_pos: 57.1%, pred_pos: 100.0%)
  Collapse penalty: 0.000000 (threshold: 0.005000)
  Saved validation predictions to: experiments/12c_h1_rolling/market_only_weekly_h1_enc8/fold_2018/collapse_monitoring/val_predictions_epoch49.npy
  Gradient norms:
    lstm_encoder: 0.008446
    lstm_decoder: 0.009937
    output_layer: 0.378171
  VSN output std:
    encoder: 0.170219
  Attention entropy: 2.079293
  Saved to: experiments/12c_h1_rolling/market_only_weekly_h1_enc8/fold_2018/collapse_monitoring/collapse_monitor_latest.json
[DEBUG CollapseMonitor] on_validation_epoch_start called for epoch 50
[DEBUG CollapseMonitor] reset_temporal_state() called on loss function
Epoch 50: val_loss=0.5174936056137085
Epoch 50: train_loss=1.0981768369674683

[CollapseMonitor] Epoch 50
  [DEBUG] Processed 1 batches from val_dataloader
  [DEBUG] Predictions shape after concat: (14,)
  Pred std: 0.005598, range: 0.015601, mean: 0.232734
  Pos: 100.0%, Neg: 0.0%, Unique: 14
  Dir Acc: 57.14%, Pred Sharpe: 659.9344
  Composite: 0.4490 (dist_match: 0.5714, actual_pos: 57.1%, pred_pos: 100.0%)
  Collapse penalty: 0.000000 (threshold: 0.005000)
  Saved validation predictions to: experiments/12c_h1_rolling/market_only_weekly_h1_enc8/fold_2018/collapse_monitoring/val_predictions_epoch50.npy
  Gradient norms:
    lstm_encoder: 0.009735
    lstm_decoder: 0.010365
    output_layer: 0.375878
  VSN output std:
    encoder: 0.170269
  Attention entropy: 2.079293
  Saved to: experiments/12c_h1_rolling/market_only_weekly_h1_enc8/fold_2018/collapse_monitoring/collapse_monitor_latest.json
[DEBUG CollapseMonitor] on_validation_epoch_start called for epoch 51
[DEBUG CollapseMonitor] reset_temporal_state() called on loss function
Epoch 51: val_loss=0.517478346824646
Epoch 51: train_loss=1.0988831520080566

[CollapseMonitor] Epoch 51
  [DEBUG] Processed 1 batches from val_dataloader
  [DEBUG] Predictions shape after concat: (14,)
  Pred std: 0.005609, range: 0.015630, mean: 0.232656
  Pos: 100.0%, Neg: 0.0%, Unique: 14
  Dir Acc: 57.14%, Pred Sharpe: 658.4137
  Composite: 0.4490 (dist_match: 0.5714, actual_pos: 57.1%, pred_pos: 100.0%)
  Collapse penalty: 0.000000 (threshold: 0.005000)
  Saved validation predictions to: experiments/12c_h1_rolling/market_only_weekly_h1_enc8/fold_2018/collapse_monitoring/val_predictions_epoch51.npy
  Gradient norms:
    lstm_encoder: 0.008048
    lstm_decoder: 0.007846
    output_layer: 0.295290
  VSN output std:
    encoder: 0.170313
  Attention entropy: 2.079292
  Saved to: experiments/12c_h1_rolling/market_only_weekly_h1_enc8/fold_2018/collapse_monitoring/collapse_monitor_latest.json
[DEBUG CollapseMonitor] on_validation_epoch_start called for epoch 52
[DEBUG CollapseMonitor] reset_temporal_state() called on loss function
Epoch 52: val_loss=0.5175066590309143
Epoch 52: train_loss=1.084572672843933

[CollapseMonitor] Epoch 52
  [DEBUG] Processed 1 batches from val_dataloader
  [DEBUG] Predictions shape after concat: (14,)
  Pred std: 0.005622, range: 0.015660, mean: 0.231731
  Pos: 100.0%, Neg: 0.0%, Unique: 14
  Dir Acc: 57.14%, Pred Sharpe: 654.3650
  Composite: 0.4490 (dist_match: 0.5714, actual_pos: 57.1%, pred_pos: 100.0%)
  Collapse penalty: 0.000000 (threshold: 0.005000)
  Saved validation predictions to: experiments/12c_h1_rolling/market_only_weekly_h1_enc8/fold_2018/collapse_monitoring/val_predictions_epoch52.npy
  Gradient norms:
    lstm_encoder: 0.009656
    lstm_decoder: 0.009837
    output_layer: 0.383642
  VSN output std:
    encoder: 0.170457
  Attention entropy: 2.079291
  Saved to: experiments/12c_h1_rolling/market_only_weekly_h1_enc8/fold_2018/collapse_monitoring/collapse_monitor_latest.json
[DEBUG CollapseMonitor] on_validation_epoch_start called for epoch 53
[DEBUG CollapseMonitor] reset_temporal_state() called on loss function
Epoch 53: val_loss=0.5175725817680359
Epoch 53: train_loss=1.095632791519165

[CollapseMonitor] Epoch 53
  [DEBUG] Processed 1 batches from val_dataloader
  [DEBUG] Predictions shape after concat: (14,)
  Pred std: 0.005632, range: 0.015687, mean: 0.233478
  Pos: 100.0%, Neg: 0.0%, Unique: 14
  Dir Acc: 57.14%, Pred Sharpe: 658.0882
  Composite: 0.4490 (dist_match: 0.5714, actual_pos: 57.1%, pred_pos: 100.0%)
  Collapse penalty: 0.000000 (threshold: 0.005000)
  Saved validation predictions to: experiments/12c_h1_rolling/market_only_weekly_h1_enc8/fold_2018/collapse_monitoring/val_predictions_epoch53.npy
  Gradient norms:
    lstm_encoder: 0.009552
    lstm_decoder: 0.010401
    output_layer: 0.386834
  VSN output std:
    encoder: 0.170586
  Attention entropy: 2.079291
  Saved to: experiments/12c_h1_rolling/market_only_weekly_h1_enc8/fold_2018/collapse_monitoring/collapse_monitor_latest.json
[DEBUG CollapseMonitor] on_validation_epoch_start called for epoch 54
[DEBUG CollapseMonitor] reset_temporal_state() called on loss function
Epoch 54: val_loss=0.5177518129348755
Epoch 54: train_loss=1.0984313488006592

[CollapseMonitor] Epoch 54
  [DEBUG] Processed 1 batches from val_dataloader
  [DEBUG] Predictions shape after concat: (14,)
  Pred std: 0.005627, range: 0.015673, mean: 0.230639
  Pos: 100.0%, Neg: 0.0%, Unique: 14
  Dir Acc: 57.14%, Pred Sharpe: 650.6618
  Composite: 0.4490 (dist_match: 0.5714, actual_pos: 57.1%, pred_pos: 100.0%)
  Collapse penalty: 0.000000 (threshold: 0.005000)
  Saved validation predictions to: experiments/12c_h1_rolling/market_only_weekly_h1_enc8/fold_2018/collapse_monitoring/val_predictions_epoch54.npy
  Gradient norms:
    lstm_encoder: 0.008784
    lstm_decoder: 0.009102
    output_layer: 0.336929
  VSN output std:
    encoder: 0.170579
  Attention entropy: 2.079291
  Saved to: experiments/12c_h1_rolling/market_only_weekly_h1_enc8/fold_2018/collapse_monitoring/collapse_monitor_latest.json
[DEBUG CollapseMonitor] on_validation_epoch_start called for epoch 55
[DEBUG CollapseMonitor] reset_temporal_state() called on loss function
Epoch 55: val_loss=0.5177599787712097
Epoch 55: train_loss=1.1058423519134521

[CollapseMonitor] Epoch 55
  [DEBUG] Processed 1 batches from val_dataloader
  [DEBUG] Predictions shape after concat: (14,)
  Pred std: 0.005615, range: 0.015640, mean: 0.230412
  Pos: 100.0%, Neg: 0.0%, Unique: 14
  Dir Acc: 57.14%, Pred Sharpe: 651.4221
  Composite: 0.4490 (dist_match: 0.5714, actual_pos: 57.1%, pred_pos: 100.0%)
  Collapse penalty: 0.000000 (threshold: 0.005000)
  Saved validation predictions to: experiments/12c_h1_rolling/market_only_weekly_h1_enc8/fold_2018/collapse_monitoring/val_predictions_epoch55.npy
  Gradient norms:
    lstm_encoder: 0.009029
    lstm_decoder: 0.008665
    output_layer: 0.322006
  VSN output std:
    encoder: 0.170518
  Attention entropy: 2.079290
  Saved to: experiments/12c_h1_rolling/market_only_weekly_h1_enc8/fold_2018/collapse_monitoring/collapse_monitor_latest.json
[DEBUG CollapseMonitor] on_validation_epoch_start called for epoch 56
[DEBUG CollapseMonitor] reset_temporal_state() called on loss function
Epoch 56: val_loss=0.5178495049476624
Epoch 56: train_loss=1.0920885801315308

[CollapseMonitor] Epoch 56
  [DEBUG] Processed 1 batches from val_dataloader
  [DEBUG] Predictions shape after concat: (14,)
  Pred std: 0.005605, range: 0.015612, mean: 0.230841
  Pos: 100.0%, Neg: 0.0%, Unique: 14
  Dir Acc: 57.14%, Pred Sharpe: 653.7792
  Composite: 0.4490 (dist_match: 0.5714, actual_pos: 57.1%, pred_pos: 100.0%)
  Collapse penalty: 0.000000 (threshold: 0.005000)
  Saved validation predictions to: experiments/12c_h1_rolling/market_only_weekly_h1_enc8/fold_2018/collapse_monitoring/val_predictions_epoch56.npy
  Gradient norms:
    lstm_encoder: 0.009033
    lstm_decoder: 0.008763
    output_layer: 0.328831
  VSN output std:
    encoder: 0.170518
  Attention entropy: 2.079290
  Saved to: experiments/12c_h1_rolling/market_only_weekly_h1_enc8/fold_2018/collapse_monitoring/collapse_monitor_latest.json
[DEBUG CollapseMonitor] on_validation_epoch_start called for epoch 57
[DEBUG CollapseMonitor] reset_temporal_state() called on loss function
Epoch 57: val_loss=0.5179795622825623
Epoch 57: train_loss=1.096247911453247

[CollapseMonitor] Epoch 57
  [DEBUG] Processed 1 batches from val_dataloader
  [DEBUG] Predictions shape after concat: (14,)
  Pred std: 0.005587, range: 0.015562, mean: 0.232113
  Pos: 100.0%, Neg: 0.0%, Unique: 14
  Dir Acc: 57.14%, Pred Sharpe: 659.4759
  Composite: 0.4490 (dist_match: 0.5714, actual_pos: 57.1%, pred_pos: 100.0%)
  Collapse penalty: 0.000000 (threshold: 0.005000)
  Saved validation predictions to: experiments/12c_h1_rolling/market_only_weekly_h1_enc8/fold_2018/collapse_monitoring/val_predictions_epoch57.npy
  Gradient norms:
    lstm_encoder: 0.008687
    lstm_decoder: 0.008782
    output_layer: 0.304936
  VSN output std:
    encoder: 0.170466
  Attention entropy: 2.079289
  Saved to: experiments/12c_h1_rolling/market_only_weekly_h1_enc8/fold_2018/collapse_monitoring/collapse_monitor_latest.json
[DEBUG CollapseMonitor] on_validation_epoch_start called for epoch 58
[DEBUG CollapseMonitor] reset_temporal_state() called on loss function
Epoch 58: val_loss=0.518058180809021
Epoch 58: train_loss=1.1027610301971436

[CollapseMonitor] Epoch 58
  [DEBUG] Processed 1 batches from val_dataloader
  [DEBUG] Predictions shape after concat: (14,)
  Pred std: 0.005583, range: 0.015550, mean: 0.232842
  Pos: 100.0%, Neg: 0.0%, Unique: 14
  Dir Acc: 57.14%, Pred Sharpe: 662.1044
  Composite: 0.4490 (dist_match: 0.5714, actual_pos: 57.1%, pred_pos: 100.0%)
  Collapse penalty: 0.000000 (threshold: 0.005000)
  Saved validation predictions to: experiments/12c_h1_rolling/market_only_weekly_h1_enc8/fold_2018/collapse_monitoring/val_predictions_epoch58.npy
  Gradient norms:
    lstm_encoder: 0.008381
    lstm_decoder: 0.008576
    output_layer: 0.304231
  VSN output std:
    encoder: 0.170452
  Attention entropy: 2.079288
  Saved to: experiments/12c_h1_rolling/market_only_weekly_h1_enc8/fold_2018/collapse_monitoring/collapse_monitor_latest.json
[DEBUG CollapseMonitor] on_validation_epoch_start called for epoch 59
[DEBUG CollapseMonitor] reset_temporal_state() called on loss function
Epoch 59: val_loss=0.5180866122245789
Epoch 59: train_loss=1.0920640230178833

[CollapseMonitor] Epoch 59
  [DEBUG] Processed 1 batches from val_dataloader
  [DEBUG] Predictions shape after concat: (14,)
  Pred std: 0.005575, range: 0.015529, mean: 0.233565
  Pos: 100.0%, Neg: 0.0%, Unique: 14
  Dir Acc: 57.14%, Pred Sharpe: 665.0148
  Composite: 0.4490 (dist_match: 0.5714, actual_pos: 57.1%, pred_pos: 100.0%)
  Collapse penalty: 0.000000 (threshold: 0.005000)
  Saved validation predictions to: experiments/12c_h1_rolling/market_only_weekly_h1_enc8/fold_2018/collapse_monitoring/val_predictions_epoch59.npy
  Gradient norms:
    lstm_encoder: 0.009270
    lstm_decoder: 0.008791
    output_layer: 0.309414
  VSN output std:
    encoder: 0.170424
  Attention entropy: 2.079288
  Saved to: experiments/12c_h1_rolling/market_only_weekly_h1_enc8/fold_2018/collapse_monitoring/collapse_monitor_latest.json
[DEBUG CollapseMonitor] on_validation_epoch_start called for epoch 60
[DEBUG CollapseMonitor] reset_temporal_state() called on loss function
Epoch 60: val_loss=0.5181382894515991
Epoch 60: train_loss=1.0985524654388428

[CollapseMonitor] Epoch 60
  [DEBUG] Processed 1 batches from val_dataloader
  [DEBUG] Predictions shape after concat: (14,)
  Pred std: 0.005572, range: 0.015520, mean: 0.234117
  Pos: 100.0%, Neg: 0.0%, Unique: 14
  Dir Acc: 57.14%, Pred Sharpe: 666.9788
  Composite: 0.4490 (dist_match: 0.5714, actual_pos: 57.1%, pred_pos: 100.0%)
  Collapse penalty: 0.000000 (threshold: 0.005000)
  Saved validation predictions to: experiments/12c_h1_rolling/market_only_weekly_h1_enc8/fold_2018/collapse_monitoring/val_predictions_epoch60.npy
  Gradient norms:
    lstm_encoder: 0.008488
    lstm_decoder: 0.008785
    output_layer: 0.360668
  VSN output std:
    encoder: 0.170472
  Attention entropy: 2.079288
  Saved to: experiments/12c_h1_rolling/market_only_weekly_h1_enc8/fold_2018/collapse_monitoring/collapse_monitor_latest.json
[DEBUG CollapseMonitor] on_validation_epoch_start called for epoch 61
[DEBUG CollapseMonitor] reset_temporal_state() called on loss function
Epoch 61: val_loss=0.5181341767311096
Epoch 61: train_loss=1.0913158655166626

[CollapseMonitor] Epoch 61
  [DEBUG] Processed 1 batches from val_dataloader
  [DEBUG] Predictions shape after concat: (14,)
  Pred std: 0.005576, range: 0.015530, mean: 0.234839
  Pos: 100.0%, Neg: 0.0%, Unique: 14
  Dir Acc: 57.14%, Pred Sharpe: 668.6176
  Composite: 0.4490 (dist_match: 0.5714, actual_pos: 57.1%, pred_pos: 100.0%)
  Collapse penalty: 0.000000 (threshold: 0.005000)
  Saved validation predictions to: experiments/12c_h1_rolling/market_only_weekly_h1_enc8/fold_2018/collapse_monitoring/val_predictions_epoch61.npy
  Gradient norms:
    lstm_encoder: 0.008714
    lstm_decoder: 0.008733
    output_layer: 0.330510
  VSN output std:
    encoder: 0.170497
  Attention entropy: 2.079288
  Saved to: experiments/12c_h1_rolling/market_only_weekly_h1_enc8/fold_2018/collapse_monitoring/collapse_monitor_latest.json
[DEBUG CollapseMonitor] on_validation_epoch_start called for epoch 62
[DEBUG CollapseMonitor] reset_temporal_state() called on loss function
Epoch 62: val_loss=0.5181525945663452
Epoch 62: train_loss=1.1009749174118042

[CollapseMonitor] Epoch 62
  [DEBUG] Processed 1 batches from val_dataloader
  [DEBUG] Predictions shape after concat: (14,)
  Pred std: 0.005566, range: 0.015503, mean: 0.235562
  Pos: 100.0%, Neg: 0.0%, Unique: 14
  Dir Acc: 57.14%, Pred Sharpe: 671.8510
  Composite: 0.4490 (dist_match: 0.5714, actual_pos: 57.1%, pred_pos: 100.0%)
  Collapse penalty: 0.000000 (threshold: 0.005000)
  Saved validation predictions to: experiments/12c_h1_rolling/market_only_weekly_h1_enc8/fold_2018/collapse_monitoring/val_predictions_epoch62.npy
  Gradient norms:
    lstm_encoder: 0.008278
    lstm_decoder: 0.008259
    output_layer: 0.303203
  VSN output std:
    encoder: 0.170426
  Attention entropy: 2.079286
  Saved to: experiments/12c_h1_rolling/market_only_weekly_h1_enc8/fold_2018/collapse_monitoring/collapse_monitor_latest.json
[DEBUG CollapseMonitor] on_validation_epoch_start called for epoch 63
[DEBUG CollapseMonitor] reset_temporal_state() called on loss function
Epoch 63: val_loss=0.5182129144668579
Epoch 63: train_loss=1.101883053779602

[CollapseMonitor] Epoch 63
  [DEBUG] Processed 1 batches from val_dataloader
  [DEBUG] Predictions shape after concat: (14,)
  Pred std: 0.005559, range: 0.015483, mean: 0.237105
  Pos: 100.0%, Neg: 0.0%, Unique: 13
  Dir Acc: 57.14%, Pred Sharpe: 677.1100
  Composite: 0.4490 (dist_match: 0.5714, actual_pos: 57.1%, pred_pos: 100.0%)
  Collapse penalty: 0.000000 (threshold: 0.005000)
  Saved validation predictions to: experiments/12c_h1_rolling/market_only_weekly_h1_enc8/fold_2018/collapse_monitoring/val_predictions_epoch63.npy
  Gradient norms:
    lstm_encoder: 0.007693
    lstm_decoder: 0.007485
    output_layer: 0.299302
  VSN output std:
    encoder: 0.170423
  Attention entropy: 2.079285
  Saved to: experiments/12c_h1_rolling/market_only_weekly_h1_enc8/fold_2018/collapse_monitoring/collapse_monitor_latest.json
[DEBUG CollapseMonitor] on_validation_epoch_start called for epoch 64
[DEBUG CollapseMonitor] reset_temporal_state() called on loss function
Epoch 64: val_loss=0.518310546875
Epoch 64: train_loss=1.091765284538269

[CollapseMonitor] Epoch 64
  [DEBUG] Processed 1 batches from val_dataloader
  [DEBUG] Predictions shape after concat: (14,)
  Pred std: 0.005556, range: 0.015476, mean: 0.237199
  Pos: 100.0%, Neg: 0.0%, Unique: 14
  Dir Acc: 57.14%, Pred Sharpe: 677.7820
  Composite: 0.4490 (dist_match: 0.5714, actual_pos: 57.1%, pred_pos: 100.0%)
  Collapse penalty: 0.000000 (threshold: 0.005000)
  Saved validation predictions to: experiments/12c_h1_rolling/market_only_weekly_h1_enc8/fold_2018/collapse_monitoring/val_predictions_epoch64.npy
  Gradient norms:
    lstm_encoder: 0.009447
    lstm_decoder: 0.009097
    output_layer: 0.363011
  VSN output std:
    encoder: 0.170358
  Attention entropy: 2.079284
  Saved to: experiments/12c_h1_rolling/market_only_weekly_h1_enc8/fold_2018/collapse_monitoring/collapse_monitor_latest.json
[DEBUG CollapseMonitor] on_validation_epoch_start called for epoch 65
[DEBUG CollapseMonitor] reset_temporal_state() called on loss function
Epoch 65: val_loss=0.5183213353157043
Epoch 65: train_loss=1.090482234954834

[CollapseMonitor] Epoch 65
  [DEBUG] Processed 1 batches from val_dataloader
  [DEBUG] Predictions shape after concat: (14,)
  Pred std: 0.005549, range: 0.015458, mean: 0.237123
  Pos: 100.0%, Neg: 0.0%, Unique: 14
  Dir Acc: 57.14%, Pred Sharpe: 678.3192
  Composite: 0.4490 (dist_match: 0.5714, actual_pos: 57.1%, pred_pos: 100.0%)
  Collapse penalty: 0.000000 (threshold: 0.005000)
  Saved validation predictions to: experiments/12c_h1_rolling/market_only_weekly_h1_enc8/fold_2018/collapse_monitoring/val_predictions_epoch65.npy
  Gradient norms:
    lstm_encoder: 0.008270
    lstm_decoder: 0.008729
    output_layer: 0.319659
  VSN output std:
    encoder: 0.170318
  Attention entropy: 2.079283
  Saved to: experiments/12c_h1_rolling/market_only_weekly_h1_enc8/fold_2018/collapse_monitoring/collapse_monitor_latest.json
[DEBUG CollapseMonitor] on_validation_epoch_start called for epoch 66
[DEBUG CollapseMonitor] reset_temporal_state() called on loss function
Epoch 66: val_loss=0.518414318561554
Epoch 66: train_loss=1.0977282524108887

[CollapseMonitor] Epoch 66
  [DEBUG] Processed 1 batches from val_dataloader
  [DEBUG] Predictions shape after concat: (14,)
  Pred std: 0.005540, range: 0.015431, mean: 0.235716
  Pos: 100.0%, Neg: 0.0%, Unique: 14
  Dir Acc: 57.14%, Pred Sharpe: 675.4509
  Composite: 0.4490 (dist_match: 0.5714, actual_pos: 57.1%, pred_pos: 100.0%)
  Collapse penalty: 0.000000 (threshold: 0.005000)
  Saved validation predictions to: experiments/12c_h1_rolling/market_only_weekly_h1_enc8/fold_2018/collapse_monitoring/val_predictions_epoch66.npy
  Gradient norms:
    lstm_encoder: 0.008801
    lstm_decoder: 0.008517
    output_layer: 0.312956
  VSN output std:
    encoder: 0.170276
  Attention entropy: 2.079283
  Saved to: experiments/12c_h1_rolling/market_only_weekly_h1_enc8/fold_2018/collapse_monitoring/collapse_monitor_latest.json
[DEBUG CollapseMonitor] on_validation_epoch_start called for epoch 67
[DEBUG CollapseMonitor] reset_temporal_state() called on loss function
Epoch 67: val_loss=0.5184980034828186
Epoch 67: train_loss=1.0998079776763916

[CollapseMonitor] Epoch 67
  [DEBUG] Processed 1 batches from val_dataloader
  [DEBUG] Predictions shape after concat: (14,)
  Pred std: 0.005543, range: 0.015439, mean: 0.235494
  Pos: 100.0%, Neg: 0.0%, Unique: 14
  Dir Acc: 57.14%, Pred Sharpe: 674.4874
  Composite: 0.4490 (dist_match: 0.5714, actual_pos: 57.1%, pred_pos: 100.0%)
  Collapse penalty: 0.000000 (threshold: 0.005000)
  Saved validation predictions to: experiments/12c_h1_rolling/market_only_weekly_h1_enc8/fold_2018/collapse_monitoring/val_predictions_epoch67.npy
  Gradient norms:
    lstm_encoder: 0.009575
    lstm_decoder: 0.009693
    output_layer: 0.347184
  VSN output std:
    encoder: 0.170280
  Attention entropy: 2.079282
  Saved to: experiments/12c_h1_rolling/market_only_weekly_h1_enc8/fold_2018/collapse_monitoring/collapse_monitor_latest.json
[DEBUG CollapseMonitor] on_validation_epoch_start called for epoch 68
[DEBUG CollapseMonitor] reset_temporal_state() called on loss function
Epoch 68: val_loss=0.5185608267784119
Epoch 68: train_loss=1.0995818376541138

[CollapseMonitor] Epoch 68
  [DEBUG] Processed 1 batches from val_dataloader
  [DEBUG] Predictions shape after concat: (14,)
  Pred std: 0.005549, range: 0.015457, mean: 0.235569
  Pos: 100.0%, Neg: 0.0%, Unique: 14
  Dir Acc: 57.14%, Pred Sharpe: 673.9312
  Composite: 0.4490 (dist_match: 0.5714, actual_pos: 57.1%, pred_pos: 100.0%)
  Collapse penalty: 0.000000 (threshold: 0.005000)
  Saved validation predictions to: experiments/12c_h1_rolling/market_only_weekly_h1_enc8/fold_2018/collapse_monitoring/val_predictions_epoch68.npy
  Gradient norms:
    lstm_encoder: 0.008399
    lstm_decoder: 0.008545
    output_layer: 0.311261
  VSN output std:
    encoder: 0.170306
  Attention entropy: 2.079282
  Saved to: experiments/12c_h1_rolling/market_only_weekly_h1_enc8/fold_2018/collapse_monitoring/collapse_monitor_latest.json
[DEBUG CollapseMonitor] on_validation_epoch_start called for epoch 69
[DEBUG CollapseMonitor] reset_temporal_state() called on loss function
Epoch 69: val_loss=0.5185566544532776
Epoch 69: train_loss=1.092660665512085

[CollapseMonitor] Epoch 69
  [DEBUG] Processed 1 batches from val_dataloader
  [DEBUG] Predictions shape after concat: (14,)
  Pred std: 0.005562, range: 0.015493, mean: 0.235908
  Pos: 100.0%, Neg: 0.0%, Unique: 14
  Dir Acc: 57.14%, Pred Sharpe: 673.3527
  Composite: 0.4490 (dist_match: 0.5714, actual_pos: 57.1%, pred_pos: 100.0%)
  Collapse penalty: 0.000000 (threshold: 0.005000)
  Saved validation predictions to: experiments/12c_h1_rolling/market_only_weekly_h1_enc8/fold_2018/collapse_monitoring/val_predictions_epoch69.npy
  Gradient norms:
    lstm_encoder: 0.009273
    lstm_decoder: 0.009086
    output_layer: 0.337307
  VSN output std:
    encoder: 0.170353
  Attention entropy: 2.079282
  Saved to: experiments/12c_h1_rolling/market_only_weekly_h1_enc8/fold_2018/collapse_monitoring/collapse_monitor_latest.json
[DEBUG CollapseMonitor] on_validation_epoch_start called for epoch 70
[DEBUG CollapseMonitor] reset_temporal_state() called on loss function
Epoch 70: val_loss=0.5186142325401306
Epoch 70: train_loss=1.1003495454788208

[CollapseMonitor] Epoch 70
  [DEBUG] Processed 1 batches from val_dataloader
  [DEBUG] Predictions shape after concat: (14,)
  Pred std: 0.005569, range: 0.015516, mean: 0.234966
  Pos: 100.0%, Neg: 0.0%, Unique: 14
  Dir Acc: 57.14%, Pred Sharpe: 669.7271
  Composite: 0.4490 (dist_match: 0.5714, actual_pos: 57.1%, pred_pos: 100.0%)
  Collapse penalty: 0.000000 (threshold: 0.005000)
  Saved validation predictions to: experiments/12c_h1_rolling/market_only_weekly_h1_enc8/fold_2018/collapse_monitoring/val_predictions_epoch70.npy
  Gradient norms:
    lstm_encoder: 0.008607
    lstm_decoder: 0.008702
    output_layer: 0.312485
  VSN output std:
    encoder: 0.170374
  Attention entropy: 2.079282
  Saved to: experiments/12c_h1_rolling/market_only_weekly_h1_enc8/fold_2018/collapse_monitoring/collapse_monitor_latest.json
[DEBUG CollapseMonitor] on_validation_epoch_start called for epoch 71
[DEBUG CollapseMonitor] reset_temporal_state() called on loss function
Epoch 71: val_loss=0.5186306834220886
Epoch 71: train_loss=1.0936105251312256

[CollapseMonitor] Epoch 71
  [DEBUG] Processed 1 batches from val_dataloader
  [DEBUG] Predictions shape after concat: (14,)
  Pred std: 0.005567, range: 0.015509, mean: 0.234342
  Pos: 100.0%, Neg: 0.0%, Unique: 14
  Dir Acc: 57.14%, Pred Sharpe: 668.2230
  Composite: 0.4490 (dist_match: 0.5714, actual_pos: 57.1%, pred_pos: 100.0%)
  Collapse penalty: 0.000000 (threshold: 0.005000)
  Saved validation predictions to: experiments/12c_h1_rolling/market_only_weekly_h1_enc8/fold_2018/collapse_monitoring/val_predictions_epoch71.npy
  Gradient norms:
    lstm_encoder: 0.008199
    lstm_decoder: 0.008513
    output_layer: 0.338395
  VSN output std:
    encoder: 0.170373
  Attention entropy: 2.079282
  Saved to: experiments/12c_h1_rolling/market_only_weekly_h1_enc8/fold_2018/collapse_monitoring/collapse_monitor_latest.json
[DEBUG CollapseMonitor] on_validation_epoch_start called for epoch 72
[DEBUG CollapseMonitor] reset_temporal_state() called on loss function
Epoch 72: val_loss=0.5187054872512817
Epoch 72: train_loss=1.1014118194580078

[CollapseMonitor] Epoch 72
  [DEBUG] Processed 1 batches from val_dataloader
  [DEBUG] Predictions shape after concat: (14,)
  Pred std: 0.005554, range: 0.015475, mean: 0.233624
  Pos: 100.0%, Neg: 0.0%, Unique: 14
  Dir Acc: 57.14%, Pred Sharpe: 667.6891
  Composite: 0.4490 (dist_match: 0.5714, actual_pos: 57.1%, pred_pos: 100.0%)
  Collapse penalty: 0.000000 (threshold: 0.005000)
  Saved validation predictions to: experiments/12c_h1_rolling/market_only_weekly_h1_enc8/fold_2018/collapse_monitoring/val_predictions_epoch72.npy
  Gradient norms:
    lstm_encoder: 0.008479
    lstm_decoder: 0.008357
    output_layer: 0.318750
  VSN output std:
    encoder: 0.170275
  Attention entropy: 2.079281
  Saved to: experiments/12c_h1_rolling/market_only_weekly_h1_enc8/fold_2018/collapse_monitoring/collapse_monitor_latest.json
[DEBUG CollapseMonitor] on_validation_epoch_start called for epoch 73
[DEBUG CollapseMonitor] reset_temporal_state() called on loss function
Epoch 73: val_loss=0.5187236070632935
Epoch 73: train_loss=1.1025651693344116

[CollapseMonitor] Epoch 73
  [DEBUG] Processed 1 batches from val_dataloader
  [DEBUG] Predictions shape after concat: (14,)
  Pred std: 0.005554, range: 0.015474, mean: 0.232827
  Pos: 100.0%, Neg: 0.0%, Unique: 14
  Dir Acc: 57.14%, Pred Sharpe: 665.4622
  Composite: 0.4490 (dist_match: 0.5714, actual_pos: 57.1%, pred_pos: 100.0%)
  Collapse penalty: 0.000000 (threshold: 0.005000)
  Saved validation predictions to: experiments/12c_h1_rolling/market_only_weekly_h1_enc8/fold_2018/collapse_monitoring/val_predictions_epoch73.npy
  Gradient norms:
    lstm_encoder: 0.008795
    lstm_decoder: 0.009272
    output_layer: 0.363359
  VSN output std:
    encoder: 0.170289
  Attention entropy: 2.079281
  Saved to: experiments/12c_h1_rolling/market_only_weekly_h1_enc8/fold_2018/collapse_monitoring/collapse_monitor_latest.json
[DEBUG CollapseMonitor] on_validation_epoch_start called for epoch 74
[DEBUG CollapseMonitor] reset_temporal_state() called on loss function
Epoch 74: val_loss=0.5187392234802246
Epoch 74: train_loss=1.1003168821334839

[CollapseMonitor] Epoch 74
  [DEBUG] Processed 1 batches from val_dataloader
  [DEBUG] Predictions shape after concat: (14,)
  Pred std: 0.005564, range: 0.015502, mean: 0.231630
  Pos: 100.0%, Neg: 0.0%, Unique: 14
  Dir Acc: 57.14%, Pred Sharpe: 660.8709
  Composite: 0.4490 (dist_match: 0.5714, actual_pos: 57.1%, pred_pos: 100.0%)
  Collapse penalty: 0.000000 (threshold: 0.005000)
  Saved validation predictions to: experiments/12c_h1_rolling/market_only_weekly_h1_enc8/fold_2018/collapse_monitoring/val_predictions_epoch74.npy
  Gradient norms:
    lstm_encoder: 0.007982
    lstm_decoder: 0.007645
    output_layer: 0.280428
  VSN output std:
    encoder: 0.170374
  Attention entropy: 2.079281
  Saved to: experiments/12c_h1_rolling/market_only_weekly_h1_enc8/fold_2018/collapse_monitoring/collapse_monitor_latest.json
[DEBUG CollapseMonitor] on_validation_epoch_start called for epoch 75
[DEBUG CollapseMonitor] reset_temporal_state() called on loss function
Epoch 75: val_loss=0.5187937617301941
Epoch 75: train_loss=1.0932165384292603

[CollapseMonitor] Epoch 75
  [DEBUG] Processed 1 batches from val_dataloader
  [DEBUG] Predictions shape after concat: (14,)
  Pred std: 0.005568, range: 0.015514, mean: 0.231433
  Pos: 100.0%, Neg: 0.0%, Unique: 14
  Dir Acc: 57.14%, Pred Sharpe: 659.7614
  Composite: 0.4490 (dist_match: 0.5714, actual_pos: 57.1%, pred_pos: 100.0%)
  Collapse penalty: 0.000000 (threshold: 0.005000)
  Saved validation predictions to: experiments/12c_h1_rolling/market_only_weekly_h1_enc8/fold_2018/collapse_monitoring/val_predictions_epoch75.npy
  Gradient norms:
    lstm_encoder: 0.008942
    lstm_decoder: 0.008567
    output_layer: 0.346707
  VSN output std:
    encoder: 0.170409
  Attention entropy: 2.079281
  Saved to: experiments/12c_h1_rolling/market_only_weekly_h1_enc8/fold_2018/collapse_monitoring/collapse_monitor_latest.json
[DEBUG CollapseMonitor] on_validation_epoch_start called for epoch 76
[DEBUG CollapseMonitor] reset_temporal_state() called on loss function
Epoch 76: val_loss=0.5188467502593994
Epoch 76: train_loss=1.094496488571167

[CollapseMonitor] Epoch 76
  [DEBUG] Processed 1 batches from val_dataloader
  [DEBUG] Predictions shape after concat: (14,)
  Pred std: 0.005556, range: 0.015480, mean: 0.231309
  Pos: 100.0%, Neg: 0.0%, Unique: 14
  Dir Acc: 57.14%, Pred Sharpe: 660.8331
  Composite: 0.4490 (dist_match: 0.5714, actual_pos: 57.1%, pred_pos: 100.0%)
  Collapse penalty: 0.000000 (threshold: 0.005000)
  Saved validation predictions to: experiments/12c_h1_rolling/market_only_weekly_h1_enc8/fold_2018/collapse_monitoring/val_predictions_epoch76.npy
  Gradient norms:
    lstm_encoder: 0.008869
    lstm_decoder: 0.008277
    output_layer: 0.296266
  VSN output std:
    encoder: 0.170370
  Attention entropy: 2.079280
  Saved to: experiments/12c_h1_rolling/market_only_weekly_h1_enc8/fold_2018/collapse_monitoring/collapse_monitor_latest.json
[DEBUG CollapseMonitor] on_validation_epoch_start called for epoch 77
[DEBUG CollapseMonitor] reset_temporal_state() called on loss function
Epoch 77: val_loss=0.5188788175582886
Epoch 77: train_loss=1.0987309217453003

[CollapseMonitor] Epoch 77
  [DEBUG] Processed 1 batches from val_dataloader
  [DEBUG] Predictions shape after concat: (14,)
  Pred std: 0.005554, range: 0.015471, mean: 0.231582
  Pos: 100.0%, Neg: 0.0%, Unique: 14
  Dir Acc: 57.14%, Pred Sharpe: 661.9630
  Composite: 0.4490 (dist_match: 0.5714, actual_pos: 57.1%, pred_pos: 100.0%)
  Collapse penalty: 0.000000 (threshold: 0.005000)
  Saved validation predictions to: experiments/12c_h1_rolling/market_only_weekly_h1_enc8/fold_2018/collapse_monitoring/val_predictions_epoch77.npy
  Gradient norms:
    lstm_encoder: 0.008824
    lstm_decoder: 0.009933
    output_layer: 0.372288
  VSN output std:
    encoder: 0.170357
  Attention entropy: 2.079279
  Saved to: experiments/12c_h1_rolling/market_only_weekly_h1_enc8/fold_2018/collapse_monitoring/collapse_monitor_latest.json
[DEBUG CollapseMonitor] on_validation_epoch_start called for epoch 78
[DEBUG CollapseMonitor] reset_temporal_state() called on loss function
Epoch 78: val_loss=0.5189200639724731
Epoch 78: train_loss=1.07572340965271

[CollapseMonitor] Epoch 78
  [DEBUG] Processed 1 batches from val_dataloader
  [DEBUG] Predictions shape after concat: (14,)
  Pred std: 0.005550, range: 0.015460, mean: 0.232083
  Pos: 100.0%, Neg: 0.0%, Unique: 14
  Dir Acc: 57.14%, Pred Sharpe: 663.8101
  Composite: 0.4490 (dist_match: 0.5714, actual_pos: 57.1%, pred_pos: 100.0%)
  Collapse penalty: 0.000000 (threshold: 0.005000)
  Saved validation predictions to: experiments/12c_h1_rolling/market_only_weekly_h1_enc8/fold_2018/collapse_monitoring/val_predictions_epoch78.npy
  Gradient norms:
    lstm_encoder: 0.008163
    lstm_decoder: 0.007891
    output_layer: 0.284302
  VSN output std:
    encoder: 0.170377
  Attention entropy: 2.079279
  Saved to: experiments/12c_h1_rolling/market_only_weekly_h1_enc8/fold_2018/collapse_monitoring/collapse_monitor_latest.json
[DEBUG CollapseMonitor] on_validation_epoch_start called for epoch 79
[DEBUG CollapseMonitor] reset_temporal_state() called on loss function
Epoch 79: val_loss=0.5189234018325806
Epoch 79: train_loss=1.0924487113952637

[CollapseMonitor] Epoch 79
  [DEBUG] Processed 1 batches from val_dataloader
  [DEBUG] Predictions shape after concat: (14,)
  Pred std: 0.005548, range: 0.015453, mean: 0.232177
  Pos: 100.0%, Neg: 0.0%, Unique: 14
  Dir Acc: 57.14%, Pred Sharpe: 664.3359
  Composite: 0.4490 (dist_match: 0.5714, actual_pos: 57.1%, pred_pos: 100.0%)
  Collapse penalty: 0.000000 (threshold: 0.005000)
  Saved validation predictions to: experiments/12c_h1_rolling/market_only_weekly_h1_enc8/fold_2018/collapse_monitoring/val_predictions_epoch79.npy
  Gradient norms:
    lstm_encoder: 0.008456
    lstm_decoder: 0.008217
    output_layer: 0.338464
  VSN output std:
    encoder: 0.170389
  Attention entropy: 2.079278
  Saved to: experiments/12c_h1_rolling/market_only_weekly_h1_enc8/fold_2018/collapse_monitoring/collapse_monitor_latest.json
[DEBUG CollapseMonitor] on_validation_epoch_start called for epoch 80
[DEBUG CollapseMonitor] reset_temporal_state() called on loss function
Epoch 80: val_loss=0.51898592710495
Epoch 80: train_loss=1.0980111360549927

[CollapseMonitor] Epoch 80
  [DEBUG] Processed 1 batches from val_dataloader
  [DEBUG] Predictions shape after concat: (14,)
  Pred std: 0.005542, range: 0.015434, mean: 0.231803
  Pos: 100.0%, Neg: 0.0%, Unique: 14
  Dir Acc: 57.14%, Pred Sharpe: 664.0304
  Composite: 0.4490 (dist_match: 0.5714, actual_pos: 57.1%, pred_pos: 100.0%)
  Collapse penalty: 0.000000 (threshold: 0.005000)
  Saved validation predictions to: experiments/12c_h1_rolling/market_only_weekly_h1_enc8/fold_2018/collapse_monitoring/val_predictions_epoch80.npy
  Gradient norms:
    lstm_encoder: 0.008421
    lstm_decoder: 0.007808
    output_layer: 0.297194
  VSN output std:
    encoder: 0.170416
  Attention entropy: 2.079279
  Saved to: experiments/12c_h1_rolling/market_only_weekly_h1_enc8/fold_2018/collapse_monitoring/collapse_monitor_latest.json
[DEBUG CollapseMonitor] on_validation_epoch_start called for epoch 81
[DEBUG CollapseMonitor] reset_temporal_state() called on loss function
Epoch 81: val_loss=0.519036591053009
Epoch 81: train_loss=1.0907065868377686

[CollapseMonitor] Epoch 81
  [DEBUG] Processed 1 batches from val_dataloader
  [DEBUG] Predictions shape after concat: (14,)
  Pred std: 0.005538, range: 0.015425, mean: 0.232443
  Pos: 100.0%, Neg: 0.0%, Unique: 14
  Dir Acc: 57.14%, Pred Sharpe: 666.2483
  Composite: 0.4490 (dist_match: 0.5714, actual_pos: 57.1%, pred_pos: 100.0%)
  Collapse penalty: 0.000000 (threshold: 0.005000)
  Saved validation predictions to: experiments/12c_h1_rolling/market_only_weekly_h1_enc8/fold_2018/collapse_monitoring/val_predictions_epoch81.npy
  Gradient norms:
    lstm_encoder: 0.008840
    lstm_decoder: 0.008841
    output_layer: 0.321145
  VSN output std:
    encoder: 0.170417
  Attention entropy: 2.079278
  Saved to: experiments/12c_h1_rolling/market_only_weekly_h1_enc8/fold_2018/collapse_monitoring/collapse_monitor_latest.json
[DEBUG CollapseMonitor] on_validation_epoch_start called for epoch 82
[DEBUG CollapseMonitor] reset_temporal_state() called on loss function
Epoch 82: val_loss=0.5191378593444824
Epoch 82: train_loss=1.0930979251861572

[CollapseMonitor] Epoch 82
  [DEBUG] Processed 1 batches from val_dataloader
  [DEBUG] Predictions shape after concat: (14,)
  Pred std: 0.005542, range: 0.015435, mean: 0.233014
  Pos: 100.0%, Neg: 0.0%, Unique: 14
  Dir Acc: 57.14%, Pred Sharpe: 667.4351
  Composite: 0.4490 (dist_match: 0.5714, actual_pos: 57.1%, pred_pos: 100.0%)
  Collapse penalty: 0.000000 (threshold: 0.005000)
  Saved validation predictions to: experiments/12c_h1_rolling/market_only_weekly_h1_enc8/fold_2018/collapse_monitoring/val_predictions_epoch82.npy
  Gradient norms:
    lstm_encoder: 0.008054
    lstm_decoder: 0.009233
    output_layer: 0.343395
  VSN output std:
    encoder: 0.170463
  Attention entropy: 2.079278
  Saved to: experiments/12c_h1_rolling/market_only_weekly_h1_enc8/fold_2018/collapse_monitoring/collapse_monitor_latest.json
[DEBUG CollapseMonitor] on_validation_epoch_start called for epoch 83
[DEBUG CollapseMonitor] reset_temporal_state() called on loss function
Epoch 83: val_loss=0.5192310214042664
Epoch 83: train_loss=1.0931040048599243

[CollapseMonitor] Epoch 83
  [DEBUG] Processed 1 batches from val_dataloader
  [DEBUG] Predictions shape after concat: (14,)
  Pred std: 0.005547, range: 0.015448, mean: 0.233268
  Pos: 100.0%, Neg: 0.0%, Unique: 14
  Dir Acc: 57.14%, Pred Sharpe: 667.5238
  Composite: 0.4490 (dist_match: 0.5714, actual_pos: 57.1%, pred_pos: 100.0%)
  Collapse penalty: 0.000000 (threshold: 0.005000)
  Saved validation predictions to: experiments/12c_h1_rolling/market_only_weekly_h1_enc8/fold_2018/collapse_monitoring/val_predictions_epoch83.npy
  Gradient norms:
    lstm_encoder: 0.008335
    lstm_decoder: 0.008024
    output_layer: 0.283995
  VSN output std:
    encoder: 0.170546
  Attention entropy: 2.079279
  Saved to: experiments/12c_h1_rolling/market_only_weekly_h1_enc8/fold_2018/collapse_monitoring/collapse_monitor_latest.json
[DEBUG CollapseMonitor] on_validation_epoch_start called for epoch 84
[DEBUG CollapseMonitor] reset_temporal_state() called on loss function
Epoch 84: val_loss=0.5193220973014832
Epoch 84: train_loss=1.100587010383606

[CollapseMonitor] Epoch 84
  [DEBUG] Processed 1 batches from val_dataloader
  [DEBUG] Predictions shape after concat: (14,)
  Pred std: 0.005545, range: 0.015440, mean: 0.232683
  Pos: 100.0%, Neg: 0.0%, Unique: 14
  Dir Acc: 57.14%, Pred Sharpe: 666.1550
  Composite: 0.4490 (dist_match: 0.5714, actual_pos: 57.1%, pred_pos: 100.0%)
  Collapse penalty: 0.000000 (threshold: 0.005000)
  Saved validation predictions to: experiments/12c_h1_rolling/market_only_weekly_h1_enc8/fold_2018/collapse_monitoring/val_predictions_epoch84.npy
  Gradient norms:
    lstm_encoder: 0.008513
    lstm_decoder: 0.008663
    output_layer: 0.309771
  VSN output std:
    encoder: 0.170596
  Attention entropy: 2.079280
  Saved to: experiments/12c_h1_rolling/market_only_weekly_h1_enc8/fold_2018/collapse_monitoring/collapse_monitor_latest.json
[DEBUG CollapseMonitor] on_validation_epoch_start called for epoch 85
[DEBUG CollapseMonitor] reset_temporal_state() called on loss function
Epoch 85: val_loss=0.519402265548706
Epoch 85: train_loss=1.0880742073059082

[CollapseMonitor] Epoch 85
  [DEBUG] Processed 1 batches from val_dataloader
  [DEBUG] Predictions shape after concat: (14,)
  Pred std: 0.005542, range: 0.015430, mean: 0.231957
  Pos: 100.0%, Neg: 0.0%, Unique: 14
  Dir Acc: 57.14%, Pred Sharpe: 664.4569
  Composite: 0.4490 (dist_match: 0.5714, actual_pos: 57.1%, pred_pos: 100.0%)
  Collapse penalty: 0.000000 (threshold: 0.005000)
  Saved validation predictions to: experiments/12c_h1_rolling/market_only_weekly_h1_enc8/fold_2018/collapse_monitoring/val_predictions_epoch85.npy
  Gradient norms:
    lstm_encoder: 0.009140
    lstm_decoder: 0.009307
    output_layer: 0.337639
  VSN output std:
    encoder: 0.170616
  Attention entropy: 2.079280
  Saved to: experiments/12c_h1_rolling/market_only_weekly_h1_enc8/fold_2018/collapse_monitoring/collapse_monitor_latest.json
[DEBUG CollapseMonitor] on_validation_epoch_start called for epoch 86
[DEBUG CollapseMonitor] reset_temporal_state() called on loss function
Epoch 86: val_loss=0.519523024559021
Epoch 86: train_loss=1.0995761156082153

[CollapseMonitor] Epoch 86
  [DEBUG] Processed 1 batches from val_dataloader
  [DEBUG] Predictions shape after concat: (14,)
  Pred std: 0.005526, range: 0.015387, mean: 0.231570
  Pos: 100.0%, Neg: 0.0%, Unique: 14
  Dir Acc: 57.14%, Pred Sharpe: 665.1776
  Composite: 0.4490 (dist_match: 0.5714, actual_pos: 57.1%, pred_pos: 100.0%)
  Collapse penalty: 0.000000 (threshold: 0.005000)
  Saved validation predictions to: experiments/12c_h1_rolling/market_only_weekly_h1_enc8/fold_2018/collapse_monitoring/val_predictions_epoch86.npy
  Gradient norms:
    lstm_encoder: 0.008773
    lstm_decoder: 0.008619
    output_layer: 0.279813
  VSN output std:
    encoder: 0.170571
  Attention entropy: 2.079279
  Saved to: experiments/12c_h1_rolling/market_only_weekly_h1_enc8/fold_2018/collapse_monitoring/collapse_monitor_latest.json
[DEBUG CollapseMonitor] on_validation_epoch_start called for epoch 87
[DEBUG CollapseMonitor] reset_temporal_state() called on loss function
Epoch 87: val_loss=0.5195335745811462
Epoch 87: train_loss=1.093202829360962

[CollapseMonitor] Epoch 87
  [DEBUG] Processed 1 batches from val_dataloader
  [DEBUG] Predictions shape after concat: (14,)
  Pred std: 0.005511, range: 0.015343, mean: 0.231062
  Pos: 100.0%, Neg: 0.0%, Unique: 14
  Dir Acc: 57.14%, Pred Sharpe: 665.5642
  Composite: 0.4490 (dist_match: 0.5714, actual_pos: 57.1%, pred_pos: 100.0%)
  Collapse penalty: 0.000000 (threshold: 0.005000)
  Saved validation predictions to: experiments/12c_h1_rolling/market_only_weekly_h1_enc8/fold_2018/collapse_monitoring/val_predictions_epoch87.npy
  Gradient norms:
    lstm_encoder: 0.008447
    lstm_decoder: 0.008879
    output_layer: 0.322151
  VSN output std:
    encoder: 0.170507
  Attention entropy: 2.079278
  Saved to: experiments/12c_h1_rolling/market_only_weekly_h1_enc8/fold_2018/collapse_monitoring/collapse_monitor_latest.json
[DEBUG CollapseMonitor] on_validation_epoch_start called for epoch 88
[DEBUG CollapseMonitor] reset_temporal_state() called on loss function
Epoch 88: val_loss=0.5195932984352112
Epoch 88: train_loss=1.0947035551071167

[CollapseMonitor] Epoch 88
  [DEBUG] Processed 1 batches from val_dataloader
  [DEBUG] Predictions shape after concat: (14,)
  Pred std: 0.005495, range: 0.015300, mean: 0.230255
  Pos: 100.0%, Neg: 0.0%, Unique: 14
  Dir Acc: 57.14%, Pred Sharpe: 665.1297
  Composite: 0.4490 (dist_match: 0.5714, actual_pos: 57.1%, pred_pos: 100.0%)
  Collapse penalty: 0.000000 (threshold: 0.005000)
  Saved validation predictions to: experiments/12c_h1_rolling/market_only_weekly_h1_enc8/fold_2018/collapse_monitoring/val_predictions_epoch88.npy
  Gradient norms:
    lstm_encoder: 0.008118
    lstm_decoder: 0.008862
    output_layer: 0.313956
  VSN output std:
    encoder: 0.170415
  Attention entropy: 2.079277
  Saved to: experiments/12c_h1_rolling/market_only_weekly_h1_enc8/fold_2018/collapse_monitoring/collapse_monitor_latest.json
[DEBUG CollapseMonitor] on_validation_epoch_start called for epoch 89
[DEBUG CollapseMonitor] reset_temporal_state() called on loss function
Epoch 89: val_loss=0.5196385383605957
Epoch 89: train_loss=1.0933606624603271

[CollapseMonitor] Epoch 89
  [DEBUG] Processed 1 batches from val_dataloader
  [DEBUG] Predictions shape after concat: (14,)
  Pred std: 0.005483, range: 0.015265, mean: 0.229329
  Pos: 100.0%, Neg: 0.0%, Unique: 14
  Dir Acc: 57.14%, Pred Sharpe: 663.9688
  Composite: 0.4490 (dist_match: 0.5714, actual_pos: 57.1%, pred_pos: 100.0%)
  Collapse penalty: 0.000000 (threshold: 0.005000)
  Saved validation predictions to: experiments/12c_h1_rolling/market_only_weekly_h1_enc8/fold_2018/collapse_monitoring/val_predictions_epoch89.npy
  Gradient norms:
    lstm_encoder: 0.008660
    lstm_decoder: 0.008865
    output_layer: 0.342257
  VSN output std:
    encoder: 0.170352
  Attention entropy: 2.079276
  Saved to: experiments/12c_h1_rolling/market_only_weekly_h1_enc8/fold_2018/collapse_monitoring/collapse_monitor_latest.json
[DEBUG CollapseMonitor] on_validation_epoch_start called for epoch 90
[DEBUG CollapseMonitor] reset_temporal_state() called on loss function
Epoch 90: val_loss=0.5196290612220764
Epoch 90: train_loss=1.0890119075775146

[CollapseMonitor] Epoch 90
  [DEBUG] Processed 1 batches from val_dataloader
  [DEBUG] Predictions shape after concat: (14,)
  Pred std: 0.005467, range: 0.015223, mean: 0.228970
  Pos: 100.0%, Neg: 0.0%, Unique: 14
  Dir Acc: 57.14%, Pred Sharpe: 664.8041
  Composite: 0.4490 (dist_match: 0.5714, actual_pos: 57.1%, pred_pos: 100.0%)
  Collapse penalty: 0.000000 (threshold: 0.005000)
  Saved validation predictions to: experiments/12c_h1_rolling/market_only_weekly_h1_enc8/fold_2018/collapse_monitoring/val_predictions_epoch90.npy
  Gradient norms:
    lstm_encoder: 0.008111
    lstm_decoder: 0.008324
    output_layer: 0.311117
  VSN output std:
    encoder: 0.170286
  Attention entropy: 2.079275
  Saved to: experiments/12c_h1_rolling/market_only_weekly_h1_enc8/fold_2018/collapse_monitoring/collapse_monitor_latest.json
[DEBUG CollapseMonitor] on_validation_epoch_start called for epoch 91
[DEBUG CollapseMonitor] reset_temporal_state() called on loss function
Epoch 91: val_loss=0.5196484327316284
Epoch 91: train_loss=1.0956765413284302

[CollapseMonitor] Epoch 91
  [DEBUG] Processed 1 batches from val_dataloader
  [DEBUG] Predictions shape after concat: (14,)
  Pred std: 0.005464, range: 0.015214, mean: 0.228829
  Pos: 100.0%, Neg: 0.0%, Unique: 14
  Dir Acc: 57.14%, Pred Sharpe: 664.7654
  Composite: 0.4490 (dist_match: 0.5714, actual_pos: 57.1%, pred_pos: 100.0%)
  Collapse penalty: 0.000000 (threshold: 0.005000)
  Saved validation predictions to: experiments/12c_h1_rolling/market_only_weekly_h1_enc8/fold_2018/collapse_monitoring/val_predictions_epoch91.npy
  Gradient norms:
    lstm_encoder: 0.008412
    lstm_decoder: 0.008857
    output_layer: 0.321379
  VSN output std:
    encoder: 0.170288
  Attention entropy: 2.079275
  Saved to: experiments/12c_h1_rolling/market_only_weekly_h1_enc8/fold_2018/collapse_monitoring/collapse_monitor_latest.json
[DEBUG CollapseMonitor] on_validation_epoch_start called for epoch 92
[DEBUG CollapseMonitor] reset_temporal_state() called on loss function
Epoch 92: val_loss=0.5196372270584106
Epoch 92: train_loss=1.0742794275283813

[CollapseMonitor] Epoch 92
  [DEBUG] Processed 1 batches from val_dataloader
  [DEBUG] Predictions shape after concat: (14,)
  Pred std: 0.005463, range: 0.015210, mean: 0.227982
  Pos: 100.0%, Neg: 0.0%, Unique: 14
  Dir Acc: 57.14%, Pred Sharpe: 662.4147
  Composite: 0.4490 (dist_match: 0.5714, actual_pos: 57.1%, pred_pos: 100.0%)
  Collapse penalty: 0.000000 (threshold: 0.005000)
  Saved validation predictions to: experiments/12c_h1_rolling/market_only_weekly_h1_enc8/fold_2018/collapse_monitoring/val_predictions_epoch92.npy
  Gradient norms:
    lstm_encoder: 0.008477
    lstm_decoder: 0.008454
    output_layer: 0.311374
  VSN output std:
    encoder: 0.170309
  Attention entropy: 2.079275
  Saved to: experiments/12c_h1_rolling/market_only_weekly_h1_enc8/fold_2018/collapse_monitoring/collapse_monitor_latest.json
[DEBUG CollapseMonitor] on_validation_epoch_start called for epoch 93
[DEBUG CollapseMonitor] reset_temporal_state() called on loss function
Epoch 93: val_loss=0.5196657776832581
Epoch 93: train_loss=1.0979350805282593

[CollapseMonitor] Epoch 93
  [DEBUG] Processed 1 batches from val_dataloader
  [DEBUG] Predictions shape after concat: (14,)
  Pred std: 0.005463, range: 0.015210, mean: 0.228923
  Pos: 100.0%, Neg: 0.0%, Unique: 14
  Dir Acc: 57.14%, Pred Sharpe: 665.1682
  Composite: 0.4490 (dist_match: 0.5714, actual_pos: 57.1%, pred_pos: 100.0%)
  Collapse penalty: 0.000000 (threshold: 0.005000)
  Saved validation predictions to: experiments/12c_h1_rolling/market_only_weekly_h1_enc8/fold_2018/collapse_monitoring/val_predictions_epoch93.npy
  Gradient norms:
    lstm_encoder: 0.007298
    lstm_decoder: 0.007279
    output_layer: 0.265872
  VSN output std:
    encoder: 0.170308
  Attention entropy: 2.079275
  Saved to: experiments/12c_h1_rolling/market_only_weekly_h1_enc8/fold_2018/collapse_monitoring/collapse_monitor_latest.json
[DEBUG CollapseMonitor] on_validation_epoch_start called for epoch 94
[DEBUG CollapseMonitor] reset_temporal_state() called on loss function
Epoch 94: val_loss=0.5196321606636047
Epoch 94: train_loss=1.0962157249450684

[CollapseMonitor] Epoch 94
  [DEBUG] Processed 1 batches from val_dataloader
  [DEBUG] Predictions shape after concat: (14,)
  Pred std: 0.005469, range: 0.015226, mean: 0.228600
  Pos: 100.0%, Neg: 0.0%, Unique: 14
  Dir Acc: 57.14%, Pred Sharpe: 663.5448
  Composite: 0.4490 (dist_match: 0.5714, actual_pos: 57.1%, pred_pos: 100.0%)
  Collapse penalty: 0.000000 (threshold: 0.005000)
  Saved validation predictions to: experiments/12c_h1_rolling/market_only_weekly_h1_enc8/fold_2018/collapse_monitoring/val_predictions_epoch94.npy
  Gradient norms:
    lstm_encoder: 0.008622
    lstm_decoder: 0.008474
    output_layer: 0.287926
  VSN output std:
    encoder: 0.170357
  Attention entropy: 2.079274
  Saved to: experiments/12c_h1_rolling/market_only_weekly_h1_enc8/fold_2018/collapse_monitoring/collapse_monitor_latest.json
[DEBUG CollapseMonitor] on_validation_epoch_start called for epoch 95
[DEBUG CollapseMonitor] reset_temporal_state() called on loss function
Epoch 95: val_loss=0.5196382403373718
Epoch 95: train_loss=1.089446783065796

[CollapseMonitor] Epoch 95
  [DEBUG] Processed 1 batches from val_dataloader
  [DEBUG] Predictions shape after concat: (14,)
  Pred std: 0.005472, range: 0.015234, mean: 0.228578
  Pos: 100.0%, Neg: 0.0%, Unique: 14
  Dir Acc: 57.14%, Pred Sharpe: 663.1215
  Composite: 0.4490 (dist_match: 0.5714, actual_pos: 57.1%, pred_pos: 100.0%)
  Collapse penalty: 0.000000 (threshold: 0.005000)
  Saved validation predictions to: experiments/12c_h1_rolling/market_only_weekly_h1_enc8/fold_2018/collapse_monitoring/val_predictions_epoch95.npy
  Gradient norms:
    lstm_encoder: 0.008604
    lstm_decoder: 0.008697
    output_layer: 0.322469
  VSN output std:
    encoder: 0.170394
  Attention entropy: 2.079274
  Saved to: experiments/12c_h1_rolling/market_only_weekly_h1_enc8/fold_2018/collapse_monitoring/collapse_monitor_latest.json
[DEBUG CollapseMonitor] on_validation_epoch_start called for epoch 96
[DEBUG CollapseMonitor] reset_temporal_state() called on loss function
Epoch 96: val_loss=0.5197505950927734
Epoch 96: train_loss=1.1043976545333862

[CollapseMonitor] Epoch 96
  [DEBUG] Processed 1 batches from val_dataloader
  [DEBUG] Predictions shape after concat: (14,)
  Pred std: 0.005458, range: 0.015195, mean: 0.227716
  Pos: 100.0%, Neg: 0.0%, Unique: 14
  Dir Acc: 57.14%, Pred Sharpe: 662.2677
  Composite: 0.4490 (dist_match: 0.5714, actual_pos: 57.1%, pred_pos: 100.0%)
  Collapse penalty: 0.000000 (threshold: 0.005000)
  Saved validation predictions to: experiments/12c_h1_rolling/market_only_weekly_h1_enc8/fold_2018/collapse_monitoring/val_predictions_epoch96.npy
  Gradient norms:
    lstm_encoder: 0.008312
    lstm_decoder: 0.008908
    output_layer: 0.316310
  VSN output std:
    encoder: 0.170385
  Attention entropy: 2.079273
  Saved to: experiments/12c_h1_rolling/market_only_weekly_h1_enc8/fold_2018/collapse_monitoring/collapse_monitor_latest.json
[DEBUG CollapseMonitor] on_validation_epoch_start called for epoch 97
[DEBUG CollapseMonitor] reset_temporal_state() called on loss function
Epoch 97: val_loss=0.5198287963867188
Epoch 97: train_loss=1.1009727716445923

[CollapseMonitor] Epoch 97
  [DEBUG] Processed 1 batches from val_dataloader
  [DEBUG] Predictions shape after concat: (14,)
  Pred std: 0.005453, range: 0.015180, mean: 0.227024
  Pos: 100.0%, Neg: 0.0%, Unique: 14
  Dir Acc: 57.14%, Pred Sharpe: 660.8887
  Composite: 0.4490 (dist_match: 0.5714, actual_pos: 57.1%, pred_pos: 100.0%)
  Collapse penalty: 0.000000 (threshold: 0.005000)
  Saved validation predictions to: experiments/12c_h1_rolling/market_only_weekly_h1_enc8/fold_2018/collapse_monitoring/val_predictions_epoch97.npy
  Gradient norms:
    lstm_encoder: 0.009418
    lstm_decoder: 0.009680
    output_layer: 0.347631
  VSN output std:
    encoder: 0.170395
  Attention entropy: 2.079273
  Saved to: experiments/12c_h1_rolling/market_only_weekly_h1_enc8/fold_2018/collapse_monitoring/collapse_monitor_latest.json
[DEBUG CollapseMonitor] on_validation_epoch_start called for epoch 98
[DEBUG CollapseMonitor] reset_temporal_state() called on loss function
Epoch 98: val_loss=0.5199808478355408
Epoch 98: train_loss=1.1005241870880127

[CollapseMonitor] Epoch 98
  [DEBUG] Processed 1 batches from val_dataloader
  [DEBUG] Predictions shape after concat: (14,)
  Pred std: 0.005456, range: 0.015187, mean: 0.225096
  Pos: 100.0%, Neg: 0.0%, Unique: 14
  Dir Acc: 57.14%, Pred Sharpe: 654.9099
  Composite: 0.4490 (dist_match: 0.5714, actual_pos: 57.1%, pred_pos: 100.0%)
  Collapse penalty: 0.000000 (threshold: 0.005000)
  Saved validation predictions to: experiments/12c_h1_rolling/market_only_weekly_h1_enc8/fold_2018/collapse_monitoring/val_predictions_epoch98.npy
  Gradient norms:
    lstm_encoder: 0.009137
    lstm_decoder: 0.009508
    output_layer: 0.334210
  VSN output std:
    encoder: 0.170464
  Attention entropy: 2.079273
  Saved to: experiments/12c_h1_rolling/market_only_weekly_h1_enc8/fold_2018/collapse_monitoring/collapse_monitor_latest.json
[DEBUG CollapseMonitor] on_validation_epoch_start called for epoch 99
[DEBUG CollapseMonitor] reset_temporal_state() called on loss function
Epoch 99: val_loss=0.5200334191322327
Epoch 99: train_loss=1.0918238162994385

[CollapseMonitor] Epoch 99
  [DEBUG] Processed 1 batches from val_dataloader
  [DEBUG] Predictions shape after concat: (14,)
  Pred std: 0.005454, range: 0.015181, mean: 0.226146
  Pos: 100.0%, Neg: 0.0%, Unique: 14
  Dir Acc: 57.14%, Pred Sharpe: 658.1946
  Composite: 0.4490 (dist_match: 0.5714, actual_pos: 57.1%, pred_pos: 100.0%)
  Collapse penalty: 0.000000 (threshold: 0.005000)
  Saved validation predictions to: experiments/12c_h1_rolling/market_only_weekly_h1_enc8/fold_2018/collapse_monitoring/val_predictions_epoch99.npy
  Gradient norms:
    lstm_encoder: 0.009053
    lstm_decoder: 0.009858
    output_layer: 0.361265
  VSN output std:
    encoder: 0.170488
  Attention entropy: 2.079273
  Saved to: experiments/12c_h1_rolling/market_only_weekly_h1_enc8/fold_2018/collapse_monitoring/collapse_monitor_latest.json


======================================================================
Training complete
======================================================================

Best val_loss checkpoint: experiments/12c_h1_rolling/market_only_weekly_h1_enc8/fold_2018/checkpoints/tft-epoch=epoch=14-valloss=val_loss=0.4283.ckpt
Best validation loss: 0.428268
Checkpoints saved:
  - Best val_loss: experiments/12c_h1_rolling/market_only_weekly_h1_enc8/fold_2018/checkpoints/tft-epoch=epoch=14-valloss=val_loss=0.4283.ckpt
  - Best pred_std: experiments/12c_h1_rolling/market_only_weekly_h1_enc8/fold_2018/checkpoints/tft-epoch=epoch=07-predstd=val_pred_std=0.0188.ckpt
  - Best unique: experiments/12c_h1_rolling/market_only_weekly_h1_enc8/fold_2018/checkpoints/tft-epoch=epoch=00-unique=val_num_unique=14.ckpt
  - Best dir_acc: experiments/12c_h1_rolling/market_only_weekly_h1_enc8/fold_2018/checkpoints/tft-epoch=epoch=00-diracc=val_dir_acc=0.5714.ckpt
  - Best sharpe: experiments/12c_h1_rolling/market_only_weekly_h1_enc8/fold_2018/checkpoints/tft-epoch=epoch=41-sharpe=val_sharpe=702.0837.ckpt
  - Best composite: experiments/12c_h1_rolling/market_only_weekly_h1_enc8/fold_2018/checkpoints/tft-epoch=epoch=00-composite=val_composite=0.4490.ckpt
Completed at: 2025-12-14 05:20:27
Log saved to: experiments/12c_h1_rolling/market_only_weekly_h1_enc8/fold_2018/training_20251214_051556.log
======================================================================
