{
  "evaluation_timestamp": "2025-10-16T23:55:33.900839",
  "statistical_metrics": {
    "mse": 1.180079698562622,
    "rmse": 1.0863146781921387,
    "mae": 0.7721870541572571,
    "mape": 184.51602458953857,
    "r2": -0.0028194189071655273,
    "mean_error": 0.017061719670891762,
    "std_error": 1.0861808061599731
  },
  "financial_metrics": {
    "directional_accuracy": 0.53671875,
    "sharpe_ratio": 1.0193497774015514,
    "max_drawdown": -0.18902236223220825,
    "total_return": 0.6986955404281616,
    "hit_rate": 0.309375,
    "num_trades": 698,
    "precision": 0.5673352435530086,
    "recall": 0.5764192139737991,
    "f1_score": 0.5718411552346571,
    "confusion_matrix": [
      [
        291,
        302
      ],
      [
        291,
        396
      ]
    ],
    "auc_roc": 0.5429182284341088,
    "alpha": -0.22291254997253418
  },
  "residual_diagnostics": {
    "normality_p_value": 9.087692726549103e-40,
    "acf_lag1": -0.034017736333418466,
    "skewness": 0.13027245347051322,
    "kurtosis": 6.33326180644872
  },
  "checkpoint_used": "experiments/sweep2_h16_drop_0.25/checkpoints/tft-epoch=01-val_loss=0.1260.ckpt"
}