{
  "evaluation_timestamp": "2025-10-27T12:02:06.129965",
  "statistical_metrics": {
    "mse": 1.180079698562622,
    "rmse": 1.0863146781921387,
    "mae": 0.7721871137619019,
    "mape": 184.51595306396484,
    "r2": -0.0028194189071655273,
    "mean_error": 0.017061766237020493,
    "std_error": 1.0861806869506836
  },
  "financial_metrics": {
    "directional_accuracy": 0.53671875,
    "sharpe_ratio": 1.0193497774015514,
    "max_drawdown": -0.18902236223220825,
    "total_return": 0.6986955404281616,
    "hit_rate": 0.309375,
    "num_trades": 698,
    "precision": 0.5673352435530086,
    "recall": 0.5764192139737991,
    "f1_score": 0.5718411552346571,
    "confusion_matrix": [
      [
        291,
        302
      ],
      [
        291,
        396
      ]
    ],
    "auc_roc": 0.5429182284341088,
    "alpha": -0.22291254997253418
  },
  "residual_diagnostics": {
    "normality_p_value": 9.08755283747791e-40,
    "acf_lag1": -0.034017740900939515,
    "skewness": 0.1302725894975351,
    "kurtosis": 6.333263007409423
  },
  "mode_stats": {
    "healthy_days": 156,
    "degraded_days": 130,
    "unidirectional_days": 810,
    "weak_collapse_days": 135,
    "strong_collapse_days": 49,
    "total_days": 1280,
    "healthy_pct": 12.1875,
    "degraded_pct": 10.15625,
    "unidirectional_pct": 63.28125,
    "weak_collapse_pct": 10.546875,
    "strong_collapse_pct": 3.8281250000000004
  },
  "collapse_detected": true,
  "degradation_detected": true,
  "checkpoint_used": "experiments/00_baseline_exploration/sweep2_h16_drop_0.25/checkpoints/tft-epoch=01-val_loss=0.1260.ckpt"
}