{
  "evaluation_timestamp": "2025-10-30T03:13:43.500233",
  "statistical_metrics": {
    "mse": 1.1733026504516602,
    "rmse": 1.08319091796875,
    "mae": 0.7719786763191223,
    "mape": 139.90213871002197,
    "r2": 0.0029397010803222656,
    "mean_error": 0.00703614205121994,
    "std_error": 1.0831681489944458
  },
  "financial_metrics": {
    "directional_accuracy": 0.5390625,
    "sharpe_ratio": 0.9279255765251542,
    "max_drawdown": -0.22382667660713196,
    "total_return": 1.0357539653778076,
    "hit_rate": 0.5125,
    "num_trades": 1215,
    "precision": 0.5399176954732511,
    "recall": 0.9548762736535662,
    "f1_score": 0.6898002103049422,
    "confusion_matrix": [
      [
        34,
        559
      ],
      [
        31,
        656
      ]
    ],
    "auc_roc": 0.5087078506888959,
    "alpha": 0.11414587497711182
  },
  "residual_diagnostics": {
    "normality_p_value": 6.581789394801599e-39,
    "acf_lag1": -0.03191240922938619,
    "skewness": 0.032510768901347416,
    "kurtosis": 6.3046261047748615
  },
  "mode_stats": {
    "healthy_days": 267,
    "degraded_days": 35,
    "unidirectional_days": 925,
    "weak_collapse_days": 26,
    "strong_collapse_days": 27,
    "total_days": 1280,
    "healthy_pct": 20.859375,
    "degraded_pct": 2.734375,
    "unidirectional_pct": 72.265625,
    "weak_collapse_pct": 2.03125,
    "strong_collapse_pct": 2.109375
  },
  "collapse_detected": true,
  "degradation_detected": true,
  "checkpoint_used": "experiments/00_baseline_exploration/sweep2_h16_drop_0.25/checkpoints/tft-epoch=47-val_loss=0.4023.ckpt"
}