{
  "evaluation_timestamp": "2025-10-16T23:42:31.229346",
  "statistical_metrics": {
    "mse": 1.1835319995880127,
    "rmse": 1.087902545928955,
    "mae": 0.7742606401443481,
    "mape": 153.57846021652222,
    "r2": -0.005753040313720703,
    "mean_error": 0.06836609542369843,
    "std_error": 1.085752248764038
  },
  "financial_metrics": {
    "directional_accuracy": 0.5203125,
    "sharpe_ratio": 0.7922912109814298,
    "max_drawdown": -0.18902269005775452,
    "total_return": 0.47316431999206543,
    "hit_rate": 0.25078125,
    "num_trades": 569,
    "precision": 0.5641476274165202,
    "recall": 0.4672489082969432,
    "f1_score": 0.5111464968152867,
    "confusion_matrix": [
      [
        345,
        248
      ],
      [
        366,
        321
      ]
    ],
    "auc_roc": 0.5426874918689908,
    "alpha": -0.44844377040863037
  },
  "residual_diagnostics": {
    "normality_p_value": 9.13460067560052e-40,
    "acf_lag1": -0.03473672787044579,
    "skewness": 0.1252191195765678,
    "kurtosis": 6.346898651425256
  },
  "checkpoint_used": "experiments/sweep2_h16_lr_0.0002/checkpoints/tft-epoch=03-val_loss=0.1154.ckpt"
}