Date,SP500_Close,SP500_Volume,SP500_Returns,VIX,Treasury_10Y,Yield_Spread,CPI,Unemployment,Fed_Rate,Consumer_Sentiment,Industrial_Production,Wilshire5000,Inflation_YoY,SP500_Volatility
1990-01-12,339.92999267578125,809580000,-3.483821438381274,21.918,8.1,0.17,125.8,5.3,8.23,93.0,141.5,3300.590087890625,,
1990-01-19,339.1499938964844,720720000,-0.22945865210570737,23.795,8.26,0.06,126.3,5.3,8.23,93.0,142.8,3286.239990234375,,
1990-01-26,325.79998779296875,905970000,-3.936313237142597,25.744,8.49,0.21,126.3,5.3,8.23,93.0,142.8,3152.340087890625,,
1990-02-02,330.9200134277344,845440000,1.571524194782703,25.648000000000003,8.5,0.13,126.3,5.3,8.24,89.5,142.8,3189.760009765625,,1.0804191185118943
1990-02-09,333.6199951171875,774880000,0.8159016015641285,24.196,8.31,0.06,126.3,5.3,8.24,89.5,142.8,3224.0,,1.097607604659227
1990-02-16,332.7200012207031,742870000,-0.26976617398734026,22.136000000000003,8.42,0.06,126.3,5.3,8.24,89.5,140.9,3215.679931640625,,0.9574197762587096
1990-02-23,324.1499938964844,639350000,-2.57574155228919,23.225,8.53,0.1,127.7,5.3,8.24,89.5,140.9,3138.679931640625,,0.8159970458047779
1990-03-02,335.5400085449219,808150000,3.513809922228428,22.296,8.54,0.06,127.7,5.3,8.28,91.3,140.9,3237.639892578125,,0.8019439356767251
1990-03-09,337.92999267578125,768640000,0.7122799278761471,20.344,8.65,-0.08,127.7,5.3,8.28,91.3,140.9,3264.77001953125,,0.7746220031023358
1990-03-16,341.9100036621094,772220000,1.1777619840174003,19.44,8.59,-0.05,127.7,5.3,8.28,91.3,141.8,3296.340087890625,,0.769858707233533
1990-03-23,337.2200012207031,758610000,-1.3717067038614972,20.130000000000003,8.52,-0.09,128.3,5.3,8.28,91.3,141.8,3253.469970703125,,0.7303718160521546
1990-03-30,339.94000244140625,661550000,0.8065954601912617,19.712,8.65,0.01,128.3,5.3,8.28,91.3,141.8,3273.4599609375,,0.7085213705655906
1990-04-06,340.0799865722656,719860000,0.041179069792907086,21.656,8.56,0.04,128.3,5.2,8.26,93.9,141.8,3268.0400390625,,0.7094858214567805
1990-04-13,344.3399963378906,534540000,1.252649357159319,20.380000000000003,8.64,0.07,128.3,5.2,8.26,93.9,141.8,3301.510009765625,,0.6732030518062724
1990-04-20,335.1199951171875,745120000,-2.677586489736672,21.918,8.95,0.13,128.9,5.2,8.26,93.9,108.8,3218.52001953125,,0.6471104719397871
1990-04-27,329.1099853515625,678950000,-1.7933903835022913,21.832,9.06,0.08,128.9,5.2,8.26,93.9,108.8,3161.330078125,,0.6709685277584041
1990-05-04,338.3900146484375,699490000,2.8197349548546358,18.472,8.84,0.14,128.9,5.4,8.18,90.6,108.8,3238.639892578125,,0.6665902973701607
1990-05-11,352.0,821710000,4.0219819623526165,18.636,8.64,0.09,128.9,5.4,8.18,90.6,108.8,3353.969970703125,,0.7118544355587341
1990-05-18,354.6400146484375,878240000,0.750004161487916,18.362000000000002,8.75,0.12,129.1,5.4,8.18,90.6,108.7,3383.699951171875,,0.810523678767708
1990-05-25,354.5799865722656,817350000,-0.016926481415635575,17.351999999999997,8.69,0.16,129.1,5.4,8.18,90.6,108.7,3396.800048828125,,0.6535822505461885
1990-06-01,363.1600036621094,690500000,2.419769139478789,17.6625,8.44,0.11,129.1,5.3,8.29,88.3,108.7,3467.969970703125,,0.722708522396343
1990-06-08,358.7099914550781,842230000,-1.2253585643125064,17.848,8.46,0.13,129.1,5.3,8.29,88.3,108.7,3437.340087890625,,0.783265941527401
1990-06-15,362.9100036621094,776460000,1.170865687346545,16.724,8.46,0.13,129.3,5.3,8.29,88.3,109.7,3470.340087890625,,0.7495985232783329
1990-06-22,355.42999267578125,716960000,-2.0611200878586033,16.458,8.51,0.11,129.3,5.3,8.29,88.3,109.7,3405.389892578125,,0.8612030646800495
1990-06-29,358.0199890136719,702770000,0.7286938050422798,16.206,8.43,0.19,129.3,5.3,8.29,88.3,109.7,3424.3701171875,,0.836795463630095
1990-07-06,358.4200134277344,500300000,0.11173242453990095,16.5075,8.51,0.19,129.3,5.2,8.15,88.2,109.7,3426.5,,0.813812384405452
1990-07-13,367.30999755859375,858020000,2.4803258182600985,16.881999999999998,8.45,0.32,129.3,5.2,8.15,88.2,109.7,3505.64990234375,,0.822382888923792
1990-07-20,361.6099853515625,834780000,-1.5518260447354049,17.3,8.48,0.4,130.0,5.2,8.15,88.2,109.8,3449.800048828125,,0.7998433398005783
1990-07-27,353.44000244140625,858590000,-2.259335538595064,21.408,8.42,0.42,130.0,5.2,8.15,88.2,109.8,3371.909912109375,,0.829121483861169
1990-08-03,344.8599853515625,1049080000,-2.4275738542827052,22.616,8.43,0.64,130.0,5.5,8.13,76.4,109.8,3274.72998046875,,0.8312545456289844
1990-08-10,335.5199890136719,963530000,-2.7083444686599734,29.413999999999998,8.68,0.73,130.0,5.5,8.13,76.4,109.8,3193.75,,1.046700713586631
1990-08-17,327.8299865722656,741260000,-2.2919655141896422,25.584,8.8,0.69,130.5,5.5,8.13,76.4,109.9,3117.090087890625,,1.0827851565097892
1990-08-24,311.510009765625,949290000,-4.978183044595619,31.262,9.05,0.73,130.5,5.5,8.13,76.4,109.9,2948.27001953125,,1.2163559901817451
1990-08-31,322.55999755859375,639420000,3.5472336190039533,29.183999999999997,8.86,0.79,130.5,5.5,8.13,76.4,109.9,3053.60009765625,,1.618137214378446
1990-09-07,323.3999938964844,462970000,0.2604155333111535,29.255,8.81,0.77,130.5,5.6,8.2,72.8,109.9,3060.419921875,,1.5195853476361754
1990-09-14,316.8299865722656,619620000,-2.031542191779301,29.145999999999997,8.87,0.84,130.5,5.6,8.2,72.8,109.8,3004.60009765625,,1.4817252213874479
1990-09-21,311.32000732421875,745410000,-1.7390965128201707,28.99,8.99,0.87,131.5,5.6,8.2,72.8,109.8,2946.52001953125,,1.3316322208378455
1990-09-28,306.04998779296875,859280000,-1.6927982163901345,29.068,8.82,0.8,131.5,5.6,8.2,72.8,109.8,2879.340087890625,,1.044307097749846
1990-10-05,311.5,824850000,1.7807588382320105,27.72,8.65,0.84,131.5,5.7,8.11,63.9,109.8,2924.139892578125,,1.2127472285021705
1990-10-12,300.0299987792969,682800000,-3.6821833774327795,31.955,8.84,0.9,131.5,5.7,8.11,63.9,109.8,2806.719970703125,,1.3573396177673092
1990-10-19,312.4800109863281,901400000,4.149589126982445,30.384000000000004,8.62,0.77,132.5,5.7,8.11,63.9,110.7,2904.89990234375,,1.5147908334723008
1990-10-26,304.7099914550781,719890000,-2.486565302761068,28.582,8.63,0.83,132.5,5.7,8.11,63.9,110.7,2848.909912109375,,1.5647647938830755
1990-11-02,311.8500061035156,771460000,2.343216451269581,30.476,8.57,0.89,132.5,5.7,7.81,66.0,110.7,2899.35009765625,,1.4043362514429891
1990-11-09,313.739990234375,740030000,0.6060555054894001,29.516000000000002,8.49,0.88,132.5,5.7,7.81,66.0,110.7,2922.179931640625,,1.3147761392861117
1990-11-16,317.1199951171875,656360000,1.0773267635686201,22.845,8.3,0.72,133.3,5.7,7.81,66.0,109.6,2967.820068359375,,1.2340323669466449
1990-11-23,315.1000061035156,506130000,-0.6369793910110944,20.7775,8.28,0.75,133.3,5.7,7.81,66.0,109.6,2949.9599609375,,1.0756875103687826
1990-11-30,322.2200012207031,757890000,2.2595985335679414,22.93,8.26,0.73,133.3,5.7,7.81,66.0,109.6,3015.02001953125,,1.0002013275639527
1990-12-07,327.75,989970000,1.7162183471997272,22.094,8.03,0.7,133.3,5.9,7.31,65.5,109.6,3077.43994140625,,0.9554445405917598
1990-12-14,326.82000732421875,779370000,-0.2837506257151068,23.102,8.05,0.7,133.3,5.9,7.31,65.5,107.5,3069.25,,0.7822958790623711
1990-12-21,331.75,883500000,1.5084733386259597,23.366,8.11,0.81,133.7,5.9,7.31,65.5,107.5,3106.320068359375,,0.7331754671065785
1990-12-28,328.7200012207031,349860000,-0.913337989237939,24.5175,8.14,0.89,133.7,5.9,7.31,65.5,107.5,3086.669921875,,0.7349033765898773
1991-01-04,321.0,522680000,-2.348503648100164,27.03,8.02,0.85,133.7,6.1,6.91,66.8,107.5,3024.820068359375,,0.6841512474618164
1991-01-11,315.2300109863281,712660000,-1.797504365629865,31.318,8.2,1.06,133.7,6.1,6.91,66.8,107.5,2969.5400390625,6.279809220985677,0.7827487302295995
1991-01-18,332.2300109863281,911240000,5.392887544814795,31.68,8.03,0.89,134.1,6.1,6.91,66.8,107.1,3107.56005859375,6.597774244833077,0.9457518088167879
1991-01-25,336.07000732421875,763180000,1.1558246428401864,23.47,8.06,0.96,134.1,6.1,6.91,66.8,107.1,3161.929931640625,6.175771971496435,1.2266298435169358
1991-02-01,343.04998779296875,974990000,2.0769423979022816,21.908,7.91,1.08,134.1,6.2,6.25,70.4,107.1,3248.260009765625,6.175771971496435,1.2252212678778527
1991-02-08,359.3500061035156,1298280000,4.751499457969355,22.596,7.77,0.97,134.1,6.2,6.25,70.4,107.1,3401.43994140625,6.175771971496435,1.103931387514337
1991-02-15,369.05999755859375,1190700000,2.7020985919452123,21.346,7.78,0.96,134.1,6.2,6.25,70.4,106.5,3490.219970703125,6.175771971496435,1.1290003463845664
1991-02-22,365.6499938964844,775110000,-0.923970000722707,20.9725,7.91,0.93,134.8,6.2,6.25,70.4,106.5,3466.320068359375,6.730007917656389,1.0294764632607167
1991-03-01,367.07000732421875,792410000,0.38835319333723195,21.4325,8.02,0.98,134.8,6.2,6.25,70.4,106.5,3484.85009765625,5.5599060297572445,1.0745969570691658
1991-03-08,374.95001220703125,1119730000,2.1467307940123748,20.744,8.13,1.05,134.8,6.5,6.12,87.7,106.5,3573.760009765625,5.5599060297572445,1.100123821313763
1991-03-15,373.5899963378906,983760000,-0.36271924919679677,17.125999999999998,8.1,1.09,134.8,6.5,6.12,87.7,105.7,3548.179931640625,5.5599060297572445,0.9703423010906208
1991-03-22,367.4800109863281,897700000,-1.6354788435063883,16.258,8.13,1.0,135.1,6.5,6.12,87.7,105.7,3502.449951171875,5.794831636648379,0.8399426788637866
1991-03-29,375.2200012207031,705220000,2.1062343537001205,16.625,8.05,1.03,135.1,6.5,6.12,87.7,105.7,3583.669921875,5.3000779423226785,0.8626293565034537
1991-04-05,375.3599853515625,932790000,0.03730721454184849,17.613999999999997,7.99,1.07,135.1,6.8,5.91,81.8,105.7,3604.52001953125,5.3000779423226785,0.9052053138464634
1991-04-12,380.3999938964844,871640000,1.3427133263023139,18.59,7.98,1.1,135.0,6.8,5.91,81.8,105.7,3647.10009765625,5.222135619641466,0.9657748806497406
1991-04-19,384.20001220703125,1036140000,0.9989533048154975,15.946000000000002,8.1,1.07,135.0,6.8,5.91,81.8,105.3,3679.550048828125,5.222135619641466,0.9857145794978941
1991-04-26,379.0199890136719,820540000,-1.3482621105613268,16.988,8.06,1.17,135.0,6.8,5.91,81.8,105.3,3626.780029296875,4.732350659425899,1.0001905663471302
1991-05-03,380.79998779296875,883230000,0.469631900926637,17.808,8.04,1.24,135.0,6.6,5.78,78.3,105.3,3639.830078125,4.732350659425899,0.9277376840455114
1991-05-10,375.739990234375,792830000,-1.3287809140752227,17.574,8.12,1.25,135.0,6.6,5.78,78.3,105.3,3601.699951171875,4.732350659425899,0.8577887848753069
1991-05-17,372.3900146484375,859290000,-0.891567486294953,17.584,8.08,1.22,135.3,6.6,5.78,78.3,105.1,3560.72998046875,4.965089216446872,0.8933117548004816
1991-05-24,377.489990234375,743160000,1.369525332399757,16.134,8.1,1.41,135.3,6.6,5.78,78.3,105.1,3609.18994140625,4.802478698683199,0.880559325885824
1991-05-31,389.8299865722656,817280000,3.268959881619371,15.879999999999999,8.06,1.38,135.3,6.6,5.78,78.3,105.1,3719.300048828125,4.802478698683199,0.8519586978522096
1991-06-07,379.42999267578125,878830000,-2.667828092941349,16.669999999999998,8.29,1.31,135.3,6.9,5.9,82.1,105.1,3640.89990234375,4.802478698683199,0.8599852456057843
1991-06-14,382.2900085449219,769070000,0.7537664191940907,17.095999999999997,8.29,1.27,135.7,6.9,5.9,82.1,105.8,3653.840087890625,5.112316034082109,0.7172568660055814
1991-06-21,377.75,803160000,-1.187582317989977,16.468,8.32,1.38,135.7,6.9,5.9,82.1,105.8,3608.3798828125,4.949729311678253,0.7400751967088043
1991-06-28,371.1600036621094,807670000,-1.744539070255624,18.306,8.24,1.34,135.7,6.9,5.9,82.1,105.8,3545.469970703125,4.949729311678253,0.7854296342913758
1991-07-05,374.0799865722656,535260000,0.7867180949848507,18.5225,8.34,1.3,135.7,7.0,5.82,82.9,105.8,3569.4599609375,4.949729311678253,0.8855283227950831
1991-07-12,380.25,801140000,1.6493834605456614,18.984,8.26,1.38,135.7,7.0,5.82,82.9,105.8,3635.610107421875,4.949729311678253,0.8862758219675232
1991-07-19,384.2200012207031,931830000,1.044050288153353,16.812,8.28,1.39,136.0,7.0,5.82,82.9,106.9,3676.830078125,5.181747873163167,0.831728877269
1991-07-26,380.92999267578125,741500000,-0.8562824773487132,16.216,8.2,1.35,136.0,7.0,5.82,82.9,106.9,3640.68994140625,4.615384615384621,0.7618466192545326
1991-08-02,387.17999267578125,804720000,1.640721423928282,15.41,8.06,1.37,136.0,6.8,5.66,82.0,106.9,3705.760009765625,4.615384615384621,0.6139177067125775
1991-08-09,387.1199951171875,782360000,-0.015496037948425911,15.690000000000001,7.98,1.49,136.0,6.8,5.66,82.0,106.9,3710.080078125,4.615384615384621,0.5913288465713787
1991-08-16,385.5799865722656,846600000,-0.3978116770888329,15.256,7.84,1.53,136.3,6.8,5.66,82.0,107.6,3708.72998046875,4.846153846153856,0.5861496197845019
1991-08-23,394.1700134277344,1009260000,2.2278196884212065,16.934,7.88,1.42,136.3,6.8,5.66,82.0,107.6,3777.760009765625,4.444444444444451,0.9321238640678485
1991-08-30,395.42999267578125,742720000,0.3196537547567324,14.972,7.82,1.46,136.3,6.8,5.66,82.0,107.6,3795.0400390625,4.444444444444451,1.0232453066143254
1991-09-06,389.1000061035156,640060000,-1.600785648410763,16.955,7.76,1.5,136.3,6.8,5.45,83.0,107.6,3738.02001953125,4.444444444444451,1.009028586532016
1991-09-13,383.5899963378906,736540000,-1.4160908967344343,17.6,7.66,1.48,136.6,6.8,5.45,83.0,107.6,3690.570068359375,4.674329501915708,1.0153686138136908
1991-09-20,387.9200134277344,947770000,1.128813871889811,17.54,7.57,1.39,136.6,6.8,5.45,83.0,108.2,3736.409912109375,4.674329501915708,0.7625548432151171
1991-09-27,385.8999938964844,789840000,-0.5207309397111892,15.951999999999998,7.49,1.47,136.6,6.8,5.45,83.0,108.2,3725.840087890625,3.878326996197723,0.49984485805335843
1991-10-04,381.25,815090000,-1.2049738196502013,15.828,7.39,1.48,136.6,6.7,5.21,78.3,108.2,3688.159912109375,3.878326996197723,0.4884795719987217
1991-10-11,381.45001220703125,825350000,0.05246221823771435,18.066,7.49,1.58,136.6,6.7,5.21,78.3,108.2,3682.260009765625,3.878326996197723,0.5375462023648774
1991-10-18,392.5,849040000,2.896837708572786,15.815,7.53,1.58,137.1,6.7,5.21,78.3,108.1,3797.570068359375,4.258555133079844,0.5937327965202257
1991-10-25,384.20001220703125,880040000,-2.1146465714570017,16.168,7.68,1.75,137.1,6.7,5.21,78.3,108.1,3717.360107421875,3.471698113207533,0.6123510053364675
1991-11-01,391.32000732421875,935300000,1.8532001277893784,15.508000000000001,7.48,1.83,137.1,6.8,4.81,69.1,108.1,3799.260009765625,3.471698113207533,0.6950410219340905
1991-11-08,392.8900146484375,883930000,0.4012080381359029,16.14,7.41,1.78,137.1,6.8,4.81,69.1,108.1,3816.260009765625,3.471698113207533,0.6240654225718975
1991-11-15,382.6199951171875,822810000,-2.613968069521877,15.782499999999999,7.33,1.79,137.2,6.8,4.81,69.1,108.2,3725.639892578125,3.5471698113207495,0.6851188561104462
1991-11-22,376.1400146484375,1061950000,-1.6935812428635177,19.866,7.44,1.95,137.2,6.8,4.81,69.1,108.2,3659.159912109375,2.925731432858192,1.0519299529735129
1991-11-29,375.2200012207031,634230000,-0.24459334075218608,20.455000000000002,7.38,2.0,137.2,6.8,4.81,69.1,108.2,3649.989990234375,2.925731432858192,1.0336306017847585
1991-12-06,379.1000061035156,929110000,1.0340613160784828,19.73,7.26,2.07,137.2,6.8,4.43,68.2,108.2,3691.179931640625,2.925731432858192,1.0981317367896613
1991-12-13,384.4700012207031,962530000,1.4165114826511394,19.432,7.22,2.13,137.8,6.8,4.43,68.2,108.2,3729.800048828125,3.3758439609902435,1.0727014366059477
1991-12-20,387.0400085449219,1072270000,0.6684545780057949,17.826,6.97,2.17,137.8,6.8,4.43,68.2,107.8,3740.31005859375,3.3758439609902435,0.6722700786213818
1991-12-27,406.4599914550781,698720000,5.017564717189238,15.855,6.82,1.97,137.8,6.8,4.43,68.2,107.8,3934.360107421875,3.0665669409125185,0.8213148492478541
1992-01-03,419.3399963378906,924520000,3.1688247683870685,18.66,6.85,2.05,137.8,6.8,4.03,67.5,107.8,4060.969970703125,3.0665669409125185,0.8531498150753555
1992-01-10,415.1000061035156,1323220000,-1.011110380932645,18.863999999999997,6.85,2.0,137.8,7.1,4.03,67.5,107.8,4062.2900390625,3.0665669409125185,0.8123280097175447
1992-01-17,418.8599853515625,1404610000,0.9058008173358667,17.274,7.09,2.07,138.2,7.1,4.03,67.5,107.8,4107.8798828125,3.365744203440535,0.862037511158942
1992-01-24,415.4800109863281,895100000,-0.8069461116934962,16.8425,7.25,2.12,138.2,7.1,4.03,67.5,107.8,4077.340087890625,3.0574198359433202,0.8611373257269564
1992-01-31,408.7799987792969,1050610000,-1.6125955593208396,17.369999999999997,7.31,2.2,138.2,7.1,4.03,67.5,107.8,4027.77001953125,3.0574198359433202,0.6945198712832032
1992-02-07,411.0899963378906,1154580000,0.5650955441782513,18.336000000000002,7.2,2.23,138.2,7.1,4.06,68.8,107.8,4062.800048828125,3.0574198359433202,0.6869860080461215
1992-02-14,412.4800109863281,1066640000,0.33812903763656976,17.622,7.41,2.14,138.2,7.1,4.06,68.8,106.7,4072.5,3.0574198359433202,0.6823409683967115
1992-02-21,411.42999267578125,999570000,-0.2545622290971328,17.2425,7.45,1.99,138.3,7.1,4.06,68.8,106.7,4057.300048828125,3.1319910514541416,0.6999857065320698
1992-02-28,412.70001220703125,1046820000,0.30868423640928455,16.662,7.27,2.0,138.3,7.1,4.06,68.8,106.7,4071.25,2.596439169139475,0.7131118013266785
1992-03-06,404.44000244140625,979090000,-2.0014561476391135,18.05,7.48,1.88,138.3,7.3,3.98,76.0,106.7,3987.43994140625,2.596439169139475,0.6894042298295331
1992-03-13,405.8399963378906,908190000,0.34615613886690433,19.244,7.71,1.85,138.3,7.3,3.98,76.0,106.7,3995.6298828125,2.596439169139475,0.671635623388432
1992-03-20,411.29998779296875,978440000,1.3453556831131808,17.056,7.64,1.78,138.7,7.3,3.98,76.0,107.2,4042.280029296875,2.664692820133241,0.5849218021776272
1992-03-27,403.5,884170000,-1.8964230548178196,16.31,7.54,1.86,138.7,7.3,3.98,76.0,107.2,3963.93994140625,2.664692820133241,0.47501164496552467
1992-04-03,401.54998779296875,876670000,-0.4832744007512435,16.482,7.42,2.05,138.7,7.3,3.73,77.2,107.2,3926.260009765625,2.664692820133241,0.47138409072610576
1992-04-10,404.2900085449219,1065360000,0.6823610597059382,18.084,7.37,2.21,139.4,7.3,3.73,77.2,107.2,3941.419921875,3.1828275351591495,0.678659107242888
1992-04-17,416.0400085449219,837210000,2.906329553453313,15.7425,7.45,2.11,139.4,7.3,3.73,77.2,107.2,4033.340087890625,3.259259259259273,0.8459702954198645
1992-04-24,409.0199890136719,1060460000,-1.687342415889792,15.992,7.55,2.22,139.4,7.3,3.73,77.2,107.2,3957.419921875,3.259259259259273,0.9288319476097368
1992-05-01,412.5299987792969,969880000,0.8581511563992672,16.163999999999998,7.56,2.23,139.4,7.3,3.82,79.2,107.2,3992.760009765625,3.259259259259273,0.9099213272316288
1992-05-08,416.04998779296875,912740000,0.8532686166067283,16.516,7.41,2.12,139.4,7.2,3.82,79.2,107.2,4032.739990234375,3.259259259259273,0.8081181569812532
1992-05-15,410.0899963378906,906340000,-1.4325181180017021,15.27,7.28,2.17,139.7,7.2,3.82,79.2,108.2,3976.409912109375,3.2520325203251765,0.622993803889753
1992-05-22,414.0199890136719,868260000,0.958324443628511,13.892,7.35,2.11,139.7,7.2,3.82,79.2,108.2,4011.580078125,3.2520325203251765,0.5626510651493597
1992-05-29,415.3500061035156,779250000,0.3212446560882931,14.135,7.33,2.14,139.7,7.2,3.82,79.2,108.2,4021.510009765625,3.2520325203251765,0.5981222164322805
1992-06-05,413.4800109863281,1002630000,-0.450221521538019,14.331999999999999,7.31,2.18,139.7,7.5,3.76,80.4,108.2,4008.02001953125,3.2520325203251765,0.5885949832171742
1992-06-12,409.760009765625,949800000,-0.8996810297623115,15.803999999999998,7.29,2.23,139.9,7.5,3.76,80.4,108.2,3955.010009765625,3.3998521803399795,0.5975351210487218
1992-06-19,403.6700134277344,1045300000,-1.4862349162315769,16.514,7.24,2.24,139.9,7.5,3.76,80.4,108.8,3885.0,3.095062638172452,0.5884235527316789
1992-06-26,403.45001220703125,889820000,-0.05450026342928016,14.931999999999999,7.15,2.27,139.9,7.5,3.76,80.4,108.8,3875.610107421875,3.095062638172452,0.57000341779336
1992-07-03,411.7699890136719,806730000,2.0622075981921784,13.445,6.93,2.38,139.9,7.8,3.25,76.6,108.8,3964.68994140625,3.095062638172452,0.6167136630518381
1992-07-10,414.6199951171875,986750000,0.6921354590076811,14.906,6.93,2.55,139.9,7.8,3.25,76.6,108.8,3989.330078125,3.095062638172452,0.6784031970921364
1992-07-17,415.6199951171875,950020000,0.24118470208300824,12.98,6.9,2.63,140.3,7.8,3.25,76.6,108.2,4001.8701171875,3.3898305084745894,0.6441671991714429
1992-07-24,411.6000061035156,869060000,-0.9672270489629375,13.106,6.73,2.48,140.3,7.8,3.25,76.6,108.2,3967.6298828125,3.161764705882364,0.6013326191875974
1992-07-31,424.2099914550781,1024940000,3.0636504287104183,13.412,6.72,2.3,140.3,7.8,3.25,76.6,108.2,4083.85009765625,3.161764705882364,0.6243923297264983
1992-08-07,418.8800048828125,875750000,-1.2564500317362337,13.88,6.57,2.39,140.3,7.7,3.3,76.1,108.2,4041.639892578125,3.161764705882364,0.5542431208206511
1992-08-14,419.9100036621094,845550000,0.24589351778321333,14.896,6.53,2.39,140.5,7.7,3.3,76.1,108.9,4042.2099609375,3.308823529411775,0.5296419796430291
1992-08-21,414.8500061035156,899870000,-1.205019531438789,14.457999999999998,6.53,2.4,140.5,7.7,3.3,76.1,108.9,3996.449951171875,3.0814380044020373,0.5235717999027574
1992-08-28,414.8399963378906,871170000,-0.0024128638008269476,14.622,6.63,2.47,140.5,7.7,3.3,76.1,108.9,3991.840087890625,3.0814380044020373,0.47263838424546484
1992-09-04,417.0799865722656,858520000,0.5399648669725865,13.114,6.4,2.51,140.5,7.6,3.22,75.6,108.9,4020.989990234375,3.0814380044020373,0.4343340706989463
1992-09-11,419.5799865722656,742790000,0.5994054091508882,13.1,6.37,2.5,140.5,7.6,3.22,75.6,108.9,4046.699951171875,3.0814380044020373,0.4802633341498952
1992-09-18,422.92999267578125,1119960000,0.7984189453084545,13.88,6.41,2.55,140.9,7.6,3.22,75.6,108.6,4077.56005859375,3.1478770131771583,0.628449718193034
1992-09-25,414.3500061035156,950080000,-2.0287013739512805,13.88,6.41,2.63,140.9,7.6,3.22,75.6,108.6,3997.3798828125,3.1478770131771583,0.6346021151035797
1992-10-02,410.4700012207031,906790000,-0.9364075843269482,15.707999999999998,6.26,2.55,140.9,7.5,3.1,73.3,108.6,3959.419921875,3.1478770131771583,0.6831100392375153
1992-10-09,402.6600036621094,1058370000,-1.9026963079804782,20.15,6.52,2.52,140.9,7.5,3.1,73.3,108.6,3899.31005859375,3.1478770131771583,0.7459086426382194
1992-10-16,411.7300109863281,812060000,2.252522535570689,17.61,6.6,2.56,141.2,7.5,3.1,73.3,108.6,3975.4599609375,3.367496339677878,0.676511307619098
1992-10-23,414.1000061035156,1114920000,0.5756187438243909,16.619999999999997,6.83,2.46,141.2,7.5,3.1,73.3,108.6,4016.2900390625,2.9905178701677526,0.6581815095804435
1992-10-30,418.67999267578125,1002180000,1.1060097813958336,16.026,6.8,2.4,141.2,7.5,3.1,73.3,108.6,4067.780029296875,2.9905178701677526,0.6404827691990986
1992-11-06,417.5799865722656,1030860000,-0.26273194868603467,16.07,6.97,2.49,141.2,7.4,3.09,85.3,108.6,4074.030029296875,2.9905178701677526,0.5913482208858386
1992-11-13,422.42999267578125,839700000,1.1614555916166447,14.395,6.82,2.28,141.8,7.4,3.09,85.3,108.6,4133.3798828125,3.428154631655733,0.4699738761857547
1992-11-20,426.6499938964844,1056520000,0.9989823861635827,14.484,6.84,2.18,141.8,7.4,3.09,85.3,109.0,4170.10009765625,3.352769679300316,0.4813892049628544
1992-11-27,430.1600036621094,747790000,0.822690686942007,12.785,6.93,2.16,141.8,7.4,3.09,85.3,109.0,4209.490234375,3.352769679300316,0.4922746600454545
1992-12-04,432.05999755859375,1209220000,0.44169469041961396,12.442,6.84,2.14,141.8,7.2,2.92,91.0,109.0,4236.7001953125,3.352769679300316,0.42586457543240835
1992-12-11,433.7300109863281,1087240000,0.3865235007107781,12.28,6.8,2.02,141.8,7.2,2.92,91.0,109.0,4244.68017578125,3.352769679300316,0.3938979546967766
1992-12-18,441.2799987792969,1297880000,1.7407114107229171,12.290000000000001,6.76,2.1,142.1,7.2,2.92,91.0,109.7,4301.52001953125,3.1204644412191396,0.41544516396060766
1992-12-25,439.7699890136719,804490000,-0.3421885809014924,11.620000000000001,6.69,2.09,142.1,7.2,2.92,91.0,109.7,4294.669921875,3.1204644412191396,0.45882479476685
1993-01-01,435.7099914550781,707470000,-0.9232093276077435,12.42,6.7,2.14,142.1,7.2,2.92,91.0,109.7,4289.740234375,3.1204644412191396,0.46721513912266643
1993-01-08,429.04998779296875,1305120000,-1.5285404954492599,13.713999999999999,6.75,2.25,142.1,7.3,3.02,89.3,109.7,4226.68994140625,3.1204644412191396,0.47895728217126504
1993-01-15,437.1499938964844,1292680000,1.8878933303744017,12.324,6.6,2.29,142.2,7.3,3.02,89.3,110.5,4313.56982421875,3.1930333817126177,0.5093339154096705
1993-01-22,436.1099853515625,1102970000,-0.23790656741222715,11.8,6.57,2.27,142.2,7.3,3.02,89.3,110.5,4320.22021484375,2.894356005788712,0.4249639493805101
1993-01-29,438.7799987792969,1384050000,0.6122339587299352,11.86,6.39,2.19,142.2,7.3,3.02,89.3,110.5,4336.919921875,2.894356005788712,0.4582079469399222
1993-02-05,448.92999267578125,1531390000,2.313230759087026,12.378,6.32,2.25,142.2,7.1,3.03,86.6,110.5,4430.83984375,2.894356005788712,0.47774504908554205
1993-02-12,444.5799865722656,1209720000,-0.9689720389560175,13.040000000000001,6.35,2.15,142.2,7.1,3.03,86.6,110.5,4385.52978515625,2.894356005788712,0.4688982052808096
1993-02-19,434.2200012207031,1256940000,-2.33028603726374,15.56,6.15,2.16,142.9,7.1,3.03,86.6,111.0,4261.06982421875,3.400868306801752,0.7370711918487487
1993-02-26,443.3800048828125,1444400000,2.109530568918583,14.276,6.03,2.11,142.9,7.1,3.03,86.6,111.0,4342.8701171875,3.3261026753434564,0.7541984846799052
1993-03-05,446.1099853515625,1267290000,0.6157202486998914,13.347999999999999,5.9,1.99,142.9,7.0,3.07,85.9,111.0,4382.509765625,3.3261026753434564,0.7946527373670795
1993-03-12,449.8299865722656,1334050000,0.833875354251834,14.844,6.11,2.0,142.9,7.0,3.07,85.9,111.0,4427.7900390625,3.3261026753434564,0.8961455057049663
1993-03-19,450.17999267578125,1236860000,0.0778085307701959,14.236,5.95,2.0,143.4,7.0,3.07,85.9,111.8,4419.8798828125,3.388608507570301,0.7519819103929588
1993-03-26,447.7799987792969,1218400000,-0.5331187381783176,12.681999999999999,6.09,2.07,143.4,7.0,3.07,85.9,111.8,4398.58984375,3.388608507570301,0.7072993989985997
1993-04-02,441.3900146484375,1268210000,-1.4270365242483485,12.982,6.16,2.17,143.4,7.0,2.96,85.6,111.8,4343.58984375,3.388608507570301,0.6908578061015824
1993-04-09,441.8399963378906,1174130000,0.10194650411643469,13.7075,5.97,2.12,143.4,7.0,2.96,85.6,111.8,4330.10009765625,3.388608507570301,0.6369581817881531
1993-04-16,448.94000244140625,1368380000,1.6069179255754795,11.528,5.89,2.09,143.6,7.0,2.96,85.6,112.0,4393.68994140625,3.012912482065988,0.6860213492985651
1993-04-23,437.0299987792969,1420200000,-2.652916558413354,12.43,5.89,2.14,143.6,7.0,2.96,85.6,112.0,4291.9501953125,3.012912482065988,0.6700189033835852
1993-04-30,440.19000244140625,1332600000,0.7230633299626588,13.504,6.05,2.22,143.6,7.0,2.96,85.6,112.0,4316.1201171875,3.012912482065988,0.7047093553000329
1993-05-07,442.30999755859375,1246550000,0.4816091018490898,12.73,5.92,2.13,143.6,7.0,3.0,80.3,112.0,4357.2099609375,3.012912482065988,0.5766275109558474
1993-05-14,439.55999755859375,1256570000,-0.621735890027153,13.956,6.03,2.06,144.2,7.0,3.0,80.3,110.0,4330.43017578125,3.443328550932545,0.4960119535030333
1993-05-21,445.8399963378906,1402580000,1.428701158926482,14.219999999999999,6.16,2.02,144.2,7.0,3.0,80.3,110.0,4394.2099609375,3.2211882605583497,0.5989541172429127
1993-05-28,450.19000244140625,1202940000,0.9756877218837223,13.518,6.16,1.92,144.2,7.0,3.0,80.3,110.0,4438.5498046875,3.2211882605583497,0.6233862100732066
1993-06-04,450.05999755859375,1037260000,-0.02887778096081206,13.3875,6.11,1.8,144.2,6.9,3.04,81.5,110.0,4436.81982421875,3.2211882605583497,0.6624304079712945
1993-06-11,447.260009765625,1215940000,-0.6221365613824026,13.758000000000001,5.97,1.82,144.2,6.9,3.04,81.5,110.0,4393.419921875,3.2211882605583497,0.6848398643199687
1993-06-18,443.67999267578125,1252360000,-0.8004330840398088,12.018,5.97,1.81,144.4,6.9,3.04,81.5,110.4,4370.4599609375,3.216583273766971,0.6052310171344513
1993-06-25,447.6000061035156,1239320000,0.8835226948353592,11.888,5.84,1.74,144.4,6.9,3.04,81.5,110.4,4407.919921875,3.216583273766971,0.5200419746961784
1993-07-02,445.8399963378906,1312310000,-0.3932103980396229,11.3,5.76,1.83,144.4,7.0,3.06,77.0,110.4,4421.43994140625,3.216583273766971,0.5244526634296778
1993-07-09,448.1099853515625,1006100000,0.5091488050236626,12.49,5.76,1.78,144.4,7.0,3.06,77.0,110.4,4438.83984375,3.216583273766971,0.5866353083753915
1993-07-16,445.75,1277370000,-0.526653149608125,10.842,5.71,1.72,144.4,7.0,3.06,77.0,110.1,4426.6298828125,2.9223093371347098,0.6226171115870954
1993-07-23,447.1000061035156,1244180000,0.302861716997338,11.498000000000001,5.95,1.7,144.4,7.0,3.06,77.0,110.1,4425.22998046875,2.9223093371347098,0.580340385508639
1993-07-30,448.1300048828125,1268090000,0.23037324205681387,11.402,5.83,1.7,144.4,7.0,3.06,77.0,110.1,4443.27978515625,2.9223093371347098,0.5513082104823825
1993-08-06,448.67999267578125,1196600000,0.12272951754537242,11.806000000000001,5.86,1.77,144.4,6.8,3.03,77.3,110.1,4461.009765625,2.9223093371347098,0.46305433158158904
1993-08-13,450.1400146484375,1249500000,0.3254038505147383,12.268,5.72,1.72,144.5,6.8,3.03,77.3,110.1,4472.52001953125,2.9935851746258013,0.3957036554873306
1993-08-20,456.1600036621094,1378030000,1.3373592255230937,11.674,5.61,1.68,144.5,6.8,3.03,77.3,110.6,4536.7900390625,2.8469750889679624,0.3707056081670247
1993-08-27,460.5400085449219,1235060000,0.9601904699336306,12.02,5.48,1.61,144.5,6.8,3.03,77.3,110.6,4569.72021484375,2.8469750889679624,0.36574626004850713
1993-09-03,461.3399963378906,1149080000,0.17370647025789498,11.620000000000001,5.31,1.6,144.5,6.7,3.09,77.9,110.6,4598.75,2.8469750889679624,0.3378596298844459
1993-09-10,461.7200012207031,1040620000,0.08236981094831286,12.6275,5.29,1.49,144.5,6.7,3.09,77.9,110.6,4589.16015625,2.8469750889679624,0.39051061385459657
1993-09-17,458.8299865722656,1409100000,-0.625923642206716,12.952000000000002,5.38,1.49,144.9,6.7,3.09,77.9,111.1,4565.93017578125,2.838892831795592,0.42503893857849795
1993-09-24,457.6300048828125,1354020000,-0.2615307901773556,14.296000000000001,5.42,1.52,144.9,6.7,3.09,77.9,111.1,4576.47021484375,2.838892831795592,0.46146745110998477
1993-10-01,461.2799987792969,1303790000,0.7975862285120483,12.426,5.34,1.5,144.9,6.7,2.99,82.7,111.1,4619.8701171875,2.838892831795592,0.4974080819398613
1993-10-08,460.30999755859375,1299830000,-0.21028469113555381,12.736,5.26,1.48,144.9,6.7,2.99,82.7,111.1,4609.81982421875,2.838892831795592,0.47347304273209423
1993-10-15,469.5,1273540000,1.9964811735892152,11.415,5.19,1.38,144.9,6.7,2.99,82.7,111.0,4701.68017578125,2.838892831795592,0.4555363698695045
1993-10-22,463.2699890136719,1530690000,-1.3269458969815018,11.388,5.42,1.51,144.9,6.7,2.99,82.7,111.0,4630.85986328125,2.620396600566588,0.44700977891668325
1993-10-29,467.8299865722656,1396460000,0.9843067038083353,11.802000000000001,5.43,1.44,144.9,6.7,2.99,82.7,111.0,4672.77001953125,2.620396600566588,0.4002584431399573
1993-11-05,459.57000732421875,1563240000,-1.7655942297685412,13.286000000000001,5.75,1.55,144.9,6.8,3.02,81.2,111.0,4575.27001953125,2.620396600566588,0.46936638448761325
1993-11-12,465.3900146484375,1120390000,1.2664027746512208,13.825,5.66,1.55,145.5,6.8,3.02,81.2,111.0,4647.58984375,3.045325779036845,0.5511822304396604
1993-11-19,462.6000061035156,1488410000,-0.5994990131082845,14.963999999999999,5.84,1.62,145.5,6.8,3.02,81.2,112.2,4587.64990234375,2.6093088857545688,0.5322505841525533
1993-11-26,463.05999755859375,861380000,0.09943611089688886,14.3625,5.78,1.62,145.5,6.8,3.02,81.2,112.2,4591.759765625,2.6093088857545688,0.5620157607713244
1993-12-03,464.8900146484375,1377970000,0.395200859390199,13.581999999999999,5.8,1.56,145.5,6.4,2.96,88.2,112.2,4625.33984375,2.6093088857545688,0.5324775651696458
1993-12-10,463.92999267578125,1425710000,-0.2065051823886277,12.548,5.73,1.52,145.8,6.4,2.96,88.2,112.2,4614.33984375,2.8208744710860323,0.3883789964310774
1993-12-17,466.3800048828125,1511770000,0.5280995507318753,11.024000000000001,5.81,1.61,145.8,6.4,2.96,88.2,113.2,4624.169921875,2.603800140745971,0.35557775630108135
1993-12-24,467.3800048828125,1028950000,0.2144174256036635,9.905000000000001,5.72,1.54,145.8,6.4,2.96,88.2,113.2,4633.18017578125,2.603800140745971,0.32767505178090334
1993-12-31,466.45001220703125,1006180000,-0.1989799876043974,10.466,5.83,1.58,145.8,6.4,2.96,88.2,113.2,4657.830078125,2.603800140745971,0.3467672746871878
1994-01-07,469.8999938964844,1687650000,0.7396251686497601,11.53,5.7,1.61,145.8,6.4,3.05,94.3,113.2,4677.27978515625,2.603800140745971,0.3654410106362832
1994-01-14,474.9100036621094,1518560000,1.066186386614132,11.382,5.78,1.61,146.1,6.4,3.05,94.3,114.0,4728.490234375,2.814919071076716,0.42955544185588745
1994-01-21,474.7200012207031,1277010000,-0.04000809415281026,11.41,5.73,1.64,146.1,6.4,3.05,94.3,114.0,4728.89990234375,2.742616033755274,0.4050902082937292
1994-01-28,478.70001220703125,1587320000,0.8383912571818808,10.878,5.68,1.6,146.1,6.4,3.05,94.3,114.0,4767.91015625,2.742616033755274,0.4281630519527189
1994-02-04,469.80999755859375,1671070000,-1.8571160271023124,11.578,5.94,1.52,146.1,6.7,3.25,93.2,114.0,4685.14013671875,2.742616033755274,0.4955735398940221
1994-02-11,470.17999267578125,1540110000,0.0787542025734167,13.924000000000001,5.88,1.44,146.1,6.7,3.25,93.2,114.0,4692.06005859375,2.742616033755274,0.6745947980530772
1994-02-18,467.69000244140625,1498670000,-0.5295823457320159,13.86,6.09,1.52,146.3,6.7,3.25,93.2,114.4,4677.009765625,2.3792862141357674,0.6808899428858113
1994-02-25,466.07000732421875,1197430000,-0.3463822422397067,14.5475,6.21,1.49,146.3,6.7,3.25,93.2,114.4,4659.41015625,2.3792862141357674,0.7310767859908269
1994-03-04,464.739990234375,1537910000,-0.28536852166900495,15.828,6.38,1.5,146.3,6.5,3.34,91.5,114.4,4654.830078125,2.3792862141357674,0.7229575696431365
1994-03-11,466.44000244140625,1566770000,0.3657985632297134,15.264,6.46,1.51,146.3,6.5,3.34,91.5,114.4,4668.10009765625,2.3792862141357674,0.5331919438948859
1994-03-18,471.05999755859375,1637710000,0.9904800388058188,14.396,6.49,1.46,146.7,6.5,3.34,91.5,115.1,4733.66015625,2.3012552301255207,0.5295349896916386
1994-03-25,460.5799865722656,1364500000,-2.224772012194598,13.428,6.61,1.51,146.7,6.5,3.34,91.5,115.1,4640.52978515625,2.3012552301255207,0.47409008510232276
1994-04-01,445.7699890136719,1386810000,-3.215510441261882,17.607499999999998,6.77,1.56,146.7,6.5,3.34,91.5,115.1,4457.68994140625,2.3012552301255207,0.5695571739722436
1994-04-08,447.1000061035156,1565750000,0.2983639820138162,18.656,6.94,1.51,146.7,6.5,3.56,92.6,115.1,4485.0,2.3012552301255207,0.8366609603033588
1994-04-15,446.17999267578125,1363880000,-0.20577352162266527,16.46,6.97,1.46,147.2,6.5,3.56,92.6,115.6,4452.60009765625,2.506963788300842,0.8787554400988398
1994-04-22,447.6300048828125,1635770000,0.324983690625702,16.206,6.93,1.31,147.2,6.5,3.56,92.6,115.6,4453.77001953125,2.506963788300842,0.9012691035793396
1994-04-29,450.9100036621094,1169610000,0.7327477478091593,14.085,7.06,1.33,147.2,6.5,3.56,92.6,115.6,4494.72021484375,2.506963788300842,0.9282985646157336
1994-05-06,447.82000732421875,1399940000,-0.6852800587245578,14.37,7.35,1.23,147.2,6.4,4.01,92.8,115.6,4470.4501953125,2.506963788300842,0.691785189651253
1994-05-13,444.1400146484375,1350770000,-0.8217570933843898,15.38,7.29,1.24,147.4,6.4,4.01,92.8,115.6,4407.4501953125,2.646239554317553,0.6838507461602207
1994-05-20,454.9200134277344,1482510000,2.4271622514872693,13.284,7.02,1.22,147.4,6.4,4.01,92.8,116.0,4506.8798828125,2.2191400832177743,0.7199176657172294
1994-05-27,457.3299865722656,1226050000,0.5297575559212175,12.728,7.12,1.15,147.4,6.4,4.01,92.8,116.0,4532.490234375,2.2191400832177743,0.6455793916599621
1994-06-03,460.1300048828125,1039730000,0.6122533821876219,12.6675,6.98,1.14,147.4,6.0,4.25,91.2,116.0,4566.22998046875,2.2191400832177743,0.618604167168197
1994-06-10,458.6700134277344,1225110000,-0.3172997717134196,13.059999999999999,7.03,1.18,147.4,6.0,4.25,91.2,116.0,4547.509765625,2.2191400832177743,0.48148640975630974
1994-06-17,458.45001220703125,1431770000,-0.04796503243345018,11.714,7.14,1.26,147.7,6.0,4.25,91.2,116.1,4543.0498046875,2.2853185595567815,0.37973164359148953
1994-06-24,442.79998779296875,1297100000,-3.413681753158093,14.703999999999999,7.22,1.16,147.7,6.0,4.25,91.2,116.1,4373.580078125,2.2853185595567815,0.445565338135468
1994-07-01,446.20001220703125,1274690000,0.767846546475548,14.863999999999999,7.34,1.15,147.7,6.0,4.26,89.0,116.1,4413.39013671875,2.2853185595567815,0.6153069601702371
1994-07-08,449.54998779296875,927900000,0.7507789095225537,14.2225,7.42,1.17,147.7,6.0,4.26,89.0,116.1,4440.18017578125,2.2853185595567815,0.630793403381715
1994-07-15,454.1600036621094,1339250000,1.0254734722100922,12.514,7.25,1.21,148.1,6.0,4.26,89.0,116.8,4499.3798828125,2.5623268698060864,0.6423572849528093
1994-07-22,453.1099853515625,1300550000,-0.23120008412895743,11.532,7.29,1.14,148.1,6.0,4.26,89.0,116.8,4481.77001953125,2.5623268698060864,0.6123363136492697
1994-07-29,458.260009765625,1213370000,1.13659477401864,11.642,7.12,1.13,148.1,6.0,4.26,89.0,116.8,4519.7998046875,2.5623268698060864,0.4024222537101876
1994-08-05,457.0899963378906,1356180000,-0.2553165021605852,11.662,7.28,1.1,148.1,6.1,4.47,91.7,116.8,4519.0400390625,2.5623268698060864,0.4068591464283219
1994-08-12,461.94000244140625,1281290000,1.0610615288833447,12.016,7.27,1.05,148.6,6.1,4.47,91.7,116.8,4563.0400390625,2.908587257617712,0.41199279701542996
1994-08-19,463.67999267578125,1403060000,0.3766701790663074,11.978,7.27,1.04,148.6,6.1,4.47,91.7,117.2,4587.60009765625,2.837370242214532,0.41903340132468303
1994-08-26,473.79998779296875,1442970000,2.182538663958211,12.03,7.24,1.03,148.6,6.1,4.47,91.7,117.2,4681.89990234375,2.837370242214532,0.4643579606612505
1994-09-02,470.989990234375,1414230000,-0.5930767477819399,11.656,7.21,1.04,148.6,6.1,4.73,91.5,117.2,4666.419921875,2.837370242214532,0.4941647592105062
1994-09-09,468.17999267578125,1078370000,-0.5966151334119485,12.12,7.44,1.09,148.6,6.1,4.73,91.5,117.2,4648.89990234375,2.837370242214532,0.5124056112377138
1994-09-16,471.19000244140625,1528200000,0.642917214044525,13.11,7.52,1.1,149.1,6.1,4.73,91.5,118.5,4681.72021484375,2.898550724637672,0.5675925906617938
1994-09-23,459.6700134277344,1560260000,-2.444871273580218,14.084,7.57,1.05,149.1,6.1,4.73,91.5,118.5,4568.97998046875,2.898550724637672,0.6792194744851441
1994-09-30,462.7099914550781,1487060000,0.6613392082452263,14.038,7.62,1.0,149.1,6.1,4.73,91.5,118.5,4605.81982421875,2.898550724637672,0.6220034184927293
1994-10-07,455.1000061035156,1511270000,-1.6446555060614654,15.835999999999999,7.7,1.05,149.1,5.9,4.76,92.7,118.5,4526.47021484375,2.898550724637672,0.6775066240380502
1994-10-14,469.1000061035156,1214760000,3.0762469374293167,14.07,7.61,1.04,149.4,5.9,4.76,92.7,118.7,4644.72998046875,3.105590062111796,0.7487602348346364
1994-10-21,464.8900146484375,1462020000,-0.8974613942232867,15.276,7.81,1.01,149.4,5.9,4.76,92.7,118.7,4610.39013671875,3.105590062111796,0.6452236611910939
1994-10-28,473.7699890136719,1640720000,1.91012370354946,15.806000000000001,7.82,1.0,149.4,5.9,4.76,92.7,118.7,4679.3798828125,3.105590062111796,0.671208508409638
1994-11-04,462.2799987792969,1514850000,-2.4252254260122452,15.413999999999998,8.04,0.99,149.4,5.8,5.29,91.6,118.7,4596.009765625,3.105590062111796,0.73112837657259
1994-11-11,464.3699951171875,1164580000,0.4521061571795215,16.5225,7.98,0.92,149.4,5.8,5.29,91.6,118.7,4597.7099609375,3.105590062111796,0.6826384349937961
1994-11-18,461.4700012207031,1573730000,-0.6245007056824403,16.162,8.01,0.78,149.5,5.8,5.29,91.6,119.8,4568.22998046875,2.7491408934707806,0.6768483333582591
1994-11-25,452.2900085449219,1229350000,-1.9892934863583456,17.305,7.8,0.61,149.5,5.8,5.29,91.6,119.8,4472.2900390625,2.7491408934707806,0.7388857237121581
1994-12-02,453.29998779296875,1421420000,0.2233034621516694,16.434,7.81,0.37,149.5,5.6,5.45,95.1,119.8,4476.93994140625,2.7491408934707806,0.6696129704482986
1994-12-09,446.9599914550781,1539640000,-1.3986314821579526,16.524,7.79,0.26,149.5,5.6,5.45,95.1,119.8,4391.6201171875,2.7491408934707806,0.6622174387076727
1994-12-16,458.79998779296875,1762490000,2.649005853822728,13.725999999999999,7.81,0.22,149.9,5.6,5.45,95.1,120.2,4504.18017578125,2.8120713305898493,0.7114510283623998
1994-12-23,459.8299865722656,1514380000,0.22449843214940035,12.458,7.85,0.11,149.9,5.6,5.45,95.1,120.2,4527.2998046875,2.8120713305898493,0.6494585761108037
1994-12-30,459.2699890136719,964350000,-0.12178361023563733,12.735,7.84,0.15,149.9,5.6,5.45,95.1,120.2,4540.6201171875,2.8120713305898493,0.585252766599127
1995-01-06,460.67999267578125,1199080000,0.30700975370445693,13.6025,7.87,0.23,149.9,5.4,5.53,97.6,120.2,4546.97998046875,2.8120713305898493,0.5081299351589393
1995-01-13,465.9700012207031,1627330000,1.1483043824403572,12.386,7.69,0.3,150.2,5.4,5.53,97.6,120.2,4599.47021484375,3.0178326474622708,0.3685749536681034
1995-01-20,464.7799987792969,1351590000,-0.25538177099143633,11.8425,7.82,0.32,150.2,5.4,5.53,97.6,121.4,4595.990234375,2.8062970568103918,0.34567412421415183
1995-01-27,470.3900146484375,1628110000,1.2070260948997102,11.738,7.66,0.37,150.2,5.4,5.53,97.6,121.4,4629.64013671875,2.8062970568103918,0.3433651586317198
1995-02-03,478.6499938964844,1888560000,1.7559852443339574,11.612,7.49,0.35,150.2,5.7,5.92,95.1,121.4,4715.22021484375,2.8062970568103918,0.36237029182433067
1995-02-10,481.4599914550781,1579920000,0.587067292264809,11.344,7.62,0.29,150.2,5.7,5.92,95.1,121.4,4756.7998046875,2.8062970568103918,0.4415503083933384
1995-02-17,481.9700012207031,1643990000,0.10592983314847704,11.536,7.43,0.36,150.6,5.7,5.92,95.1,121.9,4754.60009765625,3.0800821355236208,0.3977005845364551
1995-02-24,488.1099853515625,1344760000,1.273934916137609,11.3575,7.33,0.44,150.6,5.7,5.92,95.1,121.9,4804.47021484375,2.939166097060819,0.39509091787853695
1995-03-03,485.4200134277344,1626480000,-0.5510995481665226,11.876,7.36,0.47,150.6,5.7,5.98,90.3,121.9,4787.8701171875,2.939166097060819,0.4680871613756826
1995-03-10,489.57000732421875,1706460000,0.8549284705382743,13.169999999999998,7.23,0.4,150.6,5.4,5.98,90.3,121.9,4814.990234375,2.939166097060819,0.4277406458527439
1995-03-17,495.5199890136719,1685030000,1.2153484895803146,12.084,7.12,0.43,151.0,5.4,5.98,90.3,122.6,4864.06005859375,3.2125768967874224,0.5195526587268429
1995-03-24,500.9700012207031,1658870000,1.0998571859592188,11.356,7.09,0.45,151.0,5.4,5.98,90.3,122.6,4911.259765625,2.9311520109066125,0.5075384800825448
1995-03-31,500.7099914550781,1718570000,-0.05190126454507338,12.331999999999999,7.2,0.4,151.0,5.4,5.98,90.3,122.6,4920.419921875,2.9311520109066125,0.46732629196815284
1995-04-07,506.4200134277344,1577400000,1.1403850672248028,12.947999999999999,7.11,0.46,151.0,5.5,6.05,92.5,122.6,4957.7900390625,2.9311520109066125,0.424531141233508
1995-04-14,509.2300109863281,1201100000,0.5548749030620082,12.26,7.03,0.52,151.3,5.5,6.05,92.5,122.6,4997.18017578125,3.135650988411731,0.3414999145693988
1995-04-21,508.489990234375,1828360000,-0.14532151208445088,12.468,7.01,0.57,151.3,5.5,6.05,92.5,121.9,4980.509765625,2.785326086956541,0.36795583624368977
1995-04-28,514.7100219726562,1700170000,1.2232358272016963,12.058,7.07,0.47,151.3,5.5,6.05,92.5,121.9,5035.89013671875,2.785326086956541,0.35961775693317827
1995-05-05,520.1199951171875,1769130000,1.0510720432054477,12.082,6.69,0.53,151.3,5.8,6.01,89.8,121.9,5073.91015625,2.785326086956541,0.368921818955546
1995-05-12,525.5499877929688,1736000000,1.0439884501186825,12.574000000000002,6.67,0.47,151.9,5.8,6.01,89.8,121.9,5140.06005859375,3.192934782608714,0.40572982886109454
1995-05-19,519.1900024414062,1736260000,-1.2101580247905752,12.576,6.61,0.42,151.9,5.8,6.01,89.8,121.1,5090.81982421875,3.0529172320217013,0.41493934387476805
1995-05-26,523.6500244140625,1673100000,0.8590346408219984,11.664,6.4,0.43,151.9,5.8,6.01,89.8,121.1,5129.35986328125,3.0529172320217013,0.5339319916968269
1995-06-02,532.510009765625,1353120000,1.6919669509184887,12.64,6.1,0.56,151.9,5.7,6.0,92.7,121.1,5202.89990234375,3.0529172320217013,0.6585558262443743
1995-06-09,527.9400024414062,1623250000,-0.8582012056881583,12.988,6.4,0.39,151.9,5.7,6.0,92.7,121.1,5176.85986328125,3.0529172320217013,0.6836059864559154
1995-06-16,539.8300170898438,1737790000,2.2521526297407446,11.294,6.21,0.44,152.3,5.7,6.0,92.7,120.9,5292.77001953125,3.114421123899813,0.7197747318341555
1995-06-23,549.7100219726562,1846230000,1.8302066521002969,11.25,6.06,0.42,152.3,5.7,6.0,92.7,120.9,5389.64990234375,3.114421123899813,0.6722930010786167
1995-06-30,544.75,1636460000,-0.9022978978729612,11.776,6.21,0.42,152.3,5.7,6.0,92.7,120.9,5348.77001953125,3.114421123899813,0.6392661017846403
1995-07-07,556.3699951171875,1362790000,2.1330876763997253,11.74,6.04,0.5,152.3,5.6,5.85,94.4,120.9,5471.72998046875,3.114421123899813,0.6033787301948357
1995-07-14,559.8900146484375,1903260000,0.6326760181430302,12.278,6.15,0.45,152.5,5.6,5.85,94.4,121.0,5518.18994140625,3.2498307379823954,0.5880215925964265
1995-07-21,553.6199951171875,1999830000,-1.1198662893080913,12.716,6.53,0.58,152.5,5.6,5.85,94.4,121.0,5448.77978515625,2.9709655638082477,0.6451142527781532
1995-07-28,562.9299926757812,1750130000,1.6816584734485662,12.972,6.49,0.57,152.5,5.6,5.85,94.4,121.0,5564.259765625,2.9709655638082477,0.6110696482414427
1995-08-04,558.9400024414062,1666340000,-0.7087897760446826,13.540000000000001,6.5,0.59,152.5,5.7,5.74,96.2,121.0,5526.7001953125,2.9709655638082477,0.6017639496111726
1995-08-11,555.1099853515625,1461040000,-0.6852286601629065,12.962,6.59,0.54,152.8,5.7,5.74,96.2,121.0,5510.740234375,3.1735313977042656,0.5263238603284464
1995-08-18,559.2100219726562,1660110000,0.7385989676436999,12.440000000000001,6.57,0.44,152.8,5.7,5.74,96.2,121.3,5575.97021484375,2.826379542395707,0.4456441458037447
1995-08-25,560.0999755859375,1441170000,0.1591447896698739,12.892,6.38,0.48,152.8,5.7,5.74,96.2,121.3,5580.27001953125,2.826379542395707,0.3384155451069319
1995-09-01,563.8400268554688,1466640000,0.6677470866908397,11.994,6.22,0.44,152.8,5.6,5.8,88.9,121.3,5622.31005859375,2.826379542395707,0.3145210387190662
1995-09-08,572.6799926757812,1341870000,1.5678145217204564,11.5775,6.24,0.39,152.8,5.6,5.8,88.9,121.3,5726.7900390625,2.826379542395707,0.3729717881228399
1995-09-15,583.3499755859375,1868010000,1.863166698089458,11.4,6.11,0.4,153.0,5.6,5.8,88.9,123.0,5805.2001953125,2.6156941649899457,0.3218284489531031
1995-09-22,581.72998046875,1835200000,-0.2777055258398442,12.464,6.25,0.4,153.0,5.6,5.8,88.9,123.0,5793.0400390625,2.6156941649899457,0.33732458324073017
1995-09-29,584.4099731445312,1751020000,0.4606935804858825,12.844,6.17,0.34,153.0,5.6,5.8,88.9,123.0,5806.6298828125,2.6156941649899457,0.37094027549035824
1995-10-06,582.489990234375,1711470000,-0.3285335634888975,14.606,6.06,0.33,153.0,5.6,5.76,90.2,123.0,5757.259765625,2.6156941649899457,0.3908615817004969
1995-10-13,584.5,1472190000,0.3450719839522387,14.3625,5.97,0.3,153.2,5.6,5.76,90.2,123.0,5785.10009765625,2.749832327297108,0.3742843269305068
1995-10-20,587.4600219726562,1864380000,0.5064194991712956,13.942000000000002,6.04,0.32,153.2,5.6,5.76,90.2,122.6,5808.47021484375,2.5435073627844584,0.3735023298593476
1995-10-27,579.7000122070312,2023410000,-1.3209426131785662,14.546000000000001,6.05,0.41,153.2,5.6,5.76,90.2,122.6,5715.52001953125,2.5435073627844584,0.42576880653490534
1995-11-03,590.5700073242188,1820210000,1.8751069326018,13.39,5.94,0.45,153.2,5.5,5.8,88.2,122.6,5841.89013671875,2.5435073627844584,0.48850295013603623
1995-11-10,592.719970703125,1713010000,0.3640488599560676,12.676,6.0,0.48,153.2,5.5,5.8,88.2,122.6,5863.68017578125,2.5435073627844584,0.5415536681506367
1995-11-17,600.0700073242188,1886840000,1.2400521299079204,12.918000000000001,5.92,0.46,153.7,5.5,5.8,88.2,122.5,5907.740234375,2.809364548494986,0.556473006081862
1995-11-24,599.969970703125,1272320000,-0.016670825049203142,11.9475,5.91,0.42,153.7,5.5,5.8,88.2,122.5,5892.60986328125,2.809364548494986,0.5434264393927342
1995-12-01,606.97998046875,1999630000,1.1683934376598426,11.668000000000001,5.71,0.39,153.7,5.5,5.6,91.0,122.5,5980.60009765625,2.809364548494986,0.4799036128176478
1995-12-08,617.47998046875,1967780000,1.7298758341076192,11.774,5.73,0.34,153.7,5.6,5.6,91.0,122.5,6057.14990234375,2.809364548494986,0.4957822243150761
1995-12-15,616.3400268554688,2209320000,-0.184613857831617,10.912,5.75,0.39,153.7,5.6,5.6,91.0,122.8,6021.2099609375,2.535023348899257,0.4909981743230868
1995-12-22,611.9500122070312,2047640000,-0.712271547709642,12.437999999999999,5.71,0.43,153.7,5.6,5.6,91.0,122.8,6002.990234375,2.535023348899257,0.6540918855914367
1995-12-29,615.9299926757812,1079490000,0.6503767283860373,12.06,5.58,0.4,153.7,5.6,5.6,91.0,122.8,6057.2001953125,2.535023348899257,0.6611034346357811
1996-01-05,616.7100219726562,1782820000,0.12664252531140452,12.9125,5.69,0.49,153.7,5.6,5.56,89.3,122.8,6036.41015625,2.535023348899257,0.6350152955906879
1996-01-12,601.8099975585938,1836790000,-2.4160503126578248,14.728,5.75,0.58,153.7,5.6,5.56,89.3,122.8,5897.509765625,2.330226364846877,0.7345236934336166
1996-01-19,611.8300170898438,1832070000,1.664980570595187,13.655,5.54,0.51,153.7,5.6,5.56,89.3,122.8,5982.3798828125,2.330226364846877,0.8179739045973123
1996-01-26,621.6199951171875,2130300000,1.6001140437518213,12.876,5.65,0.57,153.7,5.6,5.56,89.3,122.8,6085.1298828125,2.330226364846877,0.756583684659612
1996-02-02,635.8400268554688,2181340000,2.2875763086739997,12.604,5.66,0.76,154.0,5.8,5.22,88.5,122.8,6225.31982421875,2.5299600532623145,0.8103775424502062
1996-02-09,656.3699951171875,2259040000,3.228794570113691,14.136000000000001,5.66,0.81,154.0,5.8,5.22,88.5,122.8,6390.6298828125,2.5299600532623145,0.6962886192872284
1996-02-16,647.97998046875,2122110000,-1.2782446959568206,15.344,5.76,0.86,154.0,5.8,5.22,88.5,121.9,6343.27978515625,2.257636122177953,0.5575260859036801
1996-02-23,659.0800170898438,1755730000,1.7130215370332769,15.1525,5.97,0.84,154.0,5.8,5.22,88.5,121.9,6443.259765625,2.257636122177953,0.7285214093004697
1996-03-01,644.3699951171875,2203110000,-2.231902286706866,16.698,5.99,0.73,154.7,5.8,5.31,93.7,121.9,6328.31005859375,2.722443559096943,0.8222560029546326
1996-03-08,633.5,2263530000,-1.6869182611786049,17.304,6.41,0.68,154.7,5.5,5.31,93.7,121.9,6226.22998046875,2.722443559096943,0.8791043662525148
1996-03-15,641.4299926757812,2340110000,1.251774692309593,18.018,6.46,0.59,155.0,5.5,5.31,93.7,123.7,6315.52978515625,2.921646746347939,1.0715494530931944
1996-03-22,650.6199951171875,1981750000,1.4327366269652142,17.822,6.32,0.58,155.0,5.5,5.31,93.7,123.7,6395.08984375,2.6490066225165476,1.0596683764066617
1996-03-29,645.5,1927330000,-0.7869409418112538,18.113999999999997,6.34,0.55,155.0,5.5,5.31,93.7,123.7,6365.89013671875,2.6490066225165476,0.9531990497943186
1996-04-05,655.8599853515625,1568780000,1.6049551280499674,16.715,6.33,0.5,155.0,5.5,5.22,92.7,123.7,6461.60986328125,2.6490066225165476,0.9479985681662882
1996-04-12,636.7100219726562,2246730000,-2.9198249331587545,18.657999999999998,6.52,0.56,155.6,5.6,5.22,92.7,123.7,6287.2099609375,3.0463576158940464,0.7498346223674316
1996-04-19,645.0700073242188,2115720000,1.3129972928118239,16.375999999999998,6.53,0.58,155.6,5.6,5.22,92.7,123.5,6392.60009765625,2.8420356906807553,0.7380166331256323
1996-04-26,653.4600219726562,2206930000,1.3006362957781459,14.953999999999999,6.54,0.62,155.6,5.6,5.22,92.7,123.5,6507.72998046875,2.8420356906807553,0.732517249269954
1996-05-03,641.6300048828125,2019010000,-1.8103658513234588,16.534,6.9,0.7,155.6,5.4,5.24,89.4,123.5,6421.25,2.8420356906807553,0.7082329378713832
1996-05-10,652.0900268554688,2114730000,1.6302264378310394,16.434,6.75,0.71,155.6,5.4,5.24,89.4,123.5,6506.580078125,2.8420356906807553,0.6256110197323959
1996-05-17,668.9099731445312,2123620000,2.579390206314347,15.298000000000002,6.65,0.61,156.2,5.4,5.24,89.4,124.5,6681.259765625,2.8308097432521384,0.6565091819233149
1996-05-24,678.510009765625,1979280000,1.435176183121345,15.802000000000001,6.65,0.62,156.2,5.4,5.24,89.4,124.5,6758.68994140625,2.8308097432521384,0.670613924567845
1996-05-31,669.1199951171875,1421920000,-1.3839168933824642,16.54,6.85,0.58,156.2,5.4,5.24,89.4,124.5,6677.35009765625,2.8308097432521384,0.7131879327732522
1996-06-07,673.3099975585938,1997520000,0.6261959696290953,16.404,6.93,0.53,156.2,5.6,5.27,92.4,124.5,6694.1298828125,2.8308097432521384,0.6389577859217509
1996-06-14,665.8499755859375,1928310000,-1.1079624541008082,17.244,6.95,0.66,156.7,5.6,5.27,92.4,125.3,6628.9501953125,2.8890347997373444,0.5636326891302698
1996-06-21,666.8400268554688,2016710000,0.14868984093001636,17.044,6.96,0.61,156.7,5.6,5.27,92.4,125.3,6575.2001953125,2.8890347997373444,0.5065716369300853
1996-06-28,670.6300048828125,1988300000,0.5683489104899131,14.888,6.73,0.62,156.7,5.6,5.27,92.4,125.3,6612.77001953125,2.8890347997373444,0.4642869225483649
1996-07-05,657.4400024414062,1251480000,-1.9668076801471313,14.567499999999999,7.06,0.62,156.7,5.3,5.4,94.7,125.3,6498.18994140625,2.8890347997373444,0.4974946309257601
1996-07-12,646.1900024414062,2106290000,-1.7111827631758114,16.464,6.85,0.59,156.7,5.3,5.4,94.7,125.3,6329.169921875,2.8890347997373444,0.6803906285665933
1996-07-19,638.72998046875,2498360000,-1.1544626107601652,18.924,6.78,0.6,156.8,5.3,5.4,94.7,125.7,6270.08984375,2.8196721311475548,0.9577530623331267
1996-07-26,635.9000244140625,1967520000,-0.44305984394386044,20.048000000000002,6.85,0.6,156.8,5.3,5.4,94.7,125.7,6220.27978515625,2.8196721311475548,1.0264197621512303
1996-08-02,662.489990234375,1907400000,4.181469539148597,19.006,6.51,0.6,156.8,5.4,5.22,95.3,125.7,6462.22998046875,2.8196721311475548,1.0828069258646227
1996-08-09,662.0999755859375,1710720000,-0.058871025100248886,16.468,6.5,0.57,156.8,5.4,5.22,95.3,125.7,6473.9501953125,2.8196721311475548,1.085417766170199
1996-08-16,665.2100219726562,1679700000,0.46972458864182887,15.642000000000001,6.56,0.61,157.2,5.4,5.22,95.3,126.2,6503.14013671875,2.8795811518324443,0.8293119889312276
1996-08-23,667.030029296875,1640820000,0.273598903218808,14.482,6.72,0.63,157.2,5.4,5.22,95.3,126.2,6529.18017578125,2.8795811518324443,0.6969237740953165
1996-08-30,651.989990234375,1467890000,-2.2547769068738788,15.764,6.96,0.62,157.2,5.4,5.22,95.3,126.2,6434.02001953125,2.8795811518324443,0.6365586316359535
1996-09-06,655.6799926757812,1407170000,0.5659599835389884,18.68,6.94,0.61,157.2,5.1,5.3,94.7,126.2,6449.75,2.8795811518324443,0.541041534225599
1996-09-13,680.5399780273438,1948550000,3.791481458830348,15.968,6.74,0.64,157.4,5.1,5.3,94.7,126.2,6671.10986328125,2.8758169934640643,0.6526727034164719
1996-09-20,687.030029296875,2194530000,0.953662015322565,15.742,6.85,0.59,157.4,5.1,5.3,94.7,126.9,6736.2001953125,2.8758169934640643,0.7025205077574339
1996-09-27,686.1900024414062,2125250000,-0.12226930696587202,16.268,6.68,0.61,157.4,5.1,5.3,94.7,126.9,6754.330078125,2.8758169934640643,0.6511724654301727
1996-10-04,701.4600219726562,2100690000,2.2253340149114065,16.47,6.48,0.63,157.4,5.2,5.24,96.5,126.9,6885.58984375,2.8758169934640643,0.5176088865968334
1996-10-11,700.6599731445312,2015270000,-0.1140548004254116,15.622,6.55,0.63,157.4,5.2,5.24,96.5,126.9,6866.27978515625,2.8758169934640643,0.4788666538278125
1996-10-18,710.8200073242188,1851960000,1.4500663044999973,15.48,6.5,0.61,157.8,5.2,5.24,96.5,127.1,6943.7998046875,3.0026109660574507,0.4462359583433539
1996-10-25,700.9199829101562,2054200000,-1.3927610804498558,16.601999999999997,6.54,0.64,157.8,5.2,5.24,96.5,127.1,6834.31005859375,3.0026109660574507,0.47096096903920925
1996-11-01,703.77001953125,2213630000,0.40661369208803144,18.22,6.38,0.59,157.8,5.2,5.31,99.2,127.1,6841.7900390625,3.0026109660574507,0.5258448896670396
1996-11-08,730.8200073242188,2299900000,3.8435834210422293,17.13,6.29,0.53,157.8,5.2,5.31,99.2,127.1,7069.89013671875,3.0026109660574507,0.5328391969623325
1996-11-15,737.6199951171875,1911030000,0.9304599935442193,14.6,6.19,0.51,158.3,5.2,5.31,99.2,126.6,7128.18017578125,3.3289817232376118,0.5455569026406627
1996-11-22,748.72998046875,2338040000,1.5061936261363762,15.396,6.15,0.46,158.3,5.2,5.31,99.2,126.6,7210.60009765625,2.9928432010410067,0.5329568152291371
1996-11-29,757.02001953125,1395410000,1.1072134519456434,16.745,6.06,0.47,158.3,5.2,5.31,99.2,126.6,7292.16015625,2.9928432010410067,0.4974066034613473
1996-12-06,739.5999755859375,2411490000,-2.3011338532498815,18.3,6.26,0.53,158.3,5.4,5.31,96.9,126.6,7168.43994140625,2.9928432010410067,0.5535928360961033
1996-12-13,728.6400146484375,2273360000,-1.4818768657769543,19.369999999999997,6.33,0.56,158.7,5.4,5.31,96.9,126.6,7072.7001953125,3.2530904359141077,0.6508937205264986
1996-12-20,748.8699951171875,2648640000,2.7764026216033244,19.96,6.35,0.52,158.7,5.4,5.31,96.9,128.0,7222.64013671875,3.2530904359141077,0.8092696853188261
1996-12-27,756.7899780273438,1016860000,1.0575911655956949,18.975,6.3,0.49,158.7,5.4,5.31,96.9,128.0,7288.85986328125,3.2530904359141077,0.8588494300637524
1997-01-03,748.030029296875,1655020000,-1.1575138393484674,20.175,6.52,0.57,158.7,5.4,5.31,97.4,128.0,7243.27978515625,3.2530904359141077,0.9250021057663393
1997-01-10,759.5,2728300000,1.5333569848668294,20.003999999999998,6.63,0.57,158.7,5.3,5.29,97.4,128.0,7362.72998046875,3.2530904359141077,0.9588430897151179
1997-01-17,776.1699829101562,2573920000,2.194862792647312,19.35,6.56,0.56,159.1,5.3,5.29,97.4,129.1,7501.830078125,3.5133376707872532,0.844197170216006
1997-01-24,770.52001953125,2388500000,-0.7279286114263761,18.174999999999997,6.64,0.57,159.1,5.3,5.29,97.4,129.1,7467.2099609375,3.5133376707872532,0.7786426264153464
1997-01-31,784.1699829101562,2009890000,1.7715261165063945,20.15,6.61,0.6,159.1,5.3,5.29,97.4,117.656,7556.7900390625,3.5133376707872532,0.8324071211600266
1997-02-07,789.5599975585938,2611220000,0.6873528400608286,19.826,6.43,0.57,159.1,5.4,5.25,99.7,117.656,7582.919921875,3.31168831168831,0.7802100004991145
1997-02-14,808.47998046875,2603820000,2.3962691839326755,19.701999999999998,6.28,0.49,159.1,5.4,5.25,99.7,117.689,7737.85986328125,3.31168831168831,0.8459045869017835
1997-02-21,801.77001953125,1964130000,-0.829947691915589,20.5675,6.36,0.51,159.4,5.4,5.25,99.7,117.689,7668.9599609375,3.506493506493502,0.9121032812607881
1997-02-28,790.8200073242188,2536760000,-1.3657298153194941,20.548,6.56,0.47,159.4,5.4,5.25,99.7,117.689,7559.419921875,3.506493506493502,0.9107175073770669
1997-03-07,804.969970703125,2556190000,1.789277363730779,20.16,6.57,0.47,159.4,5.3,5.19,100.0,117.689,7687.1201171875,3.0381383322559907,0.9056236338287718
1997-03-14,793.1699829101562,2451330000,-1.4658916757679386,19.491999999999997,6.71,0.53,159.4,5.3,5.19,100.0,118.13,7580.93017578125,3.0381383322559907,0.904857400150329
1997-03-21,784.0999755859375,2634410000,-1.1435136880673102,20.972,6.74,0.45,159.8,5.3,5.19,100.0,118.13,7468.06982421875,3.0967741935483906,0.8683886174965461
1997-03-28,773.8800048828125,1922950000,-1.303401482124511,19.535,6.9,0.45,159.8,5.3,5.19,100.0,118.13,7376.83984375,3.0967741935483906,0.8451252931953592
1997-04-04,757.9000244140625,2592450000,-2.06491708894454,20.94,6.92,0.48,159.8,5.2,5.19,101.4,118.13,7213.9599609375,3.0967741935483906,0.9904975776691426
1997-04-11,737.6500244140625,2222250000,-2.671856359373437,18.856,6.98,0.45,159.8,5.2,5.39,101.4,118.13,7059.97021484375,3.0967741935483906,0.9702981699035462
1997-04-18,766.3400268554688,2385690000,3.8893786337491854,18.488,6.84,0.42,159.9,5.2,5.39,101.4,119.59,7269.47021484375,2.7634961439588768,1.1298392263625785
1997-04-25,765.3699951171875,2302140000,-0.12657980847765593,20.416,6.94,0.4,159.9,5.2,5.39,101.4,119.59,7216.509765625,2.7634961439588768,1.208076739835763
1997-05-02,812.969970703125,2468380000,6.2192110860903815,19.718,6.68,0.42,159.9,4.9,5.39,103.2,119.59,7655.7001953125,2.7634961439588768,1.1697923880131484
1997-05-09,824.780029296875,2643480000,1.4527053912625654,20.738,6.67,0.43,159.9,4.9,5.51,103.2,119.59,7781.10986328125,2.7634961439588768,1.2670294599379237
1997-05-16,829.75,2399040000,0.6025813582515971,20.726,6.7,0.42,160.0,4.9,5.51,103.2,118.994,7832.41015625,2.8277634961439535,1.1360989847533634
1997-05-23,847.030029296875,2180690000,2.0825585172491667,19.374000000000002,6.74,0.49,160.0,4.9,5.51,103.2,118.994,8000.31982421875,2.432778489116516,1.128669397256437
1997-05-30,848.280029296875,1923290000,0.14757446097131144,19.2125,6.67,0.45,160.0,4.9,5.51,103.2,118.994,8038.5,2.432778489116516,1.0132525387486055
1997-06-06,858.010009765625,2371310000,1.1470245830041526,20.052,6.51,0.39,160.0,4.8,5.5,104.5,118.994,8140.16015625,2.432778489116516,0.8091044602729479
1997-06-13,893.27001953125,2675070000,4.109510304577535,19.026,6.43,0.4,160.0,4.8,5.5,104.5,118.994,8409.9296875,2.432778489116516,0.7691657833095548
1997-06-20,898.7000122070312,2639080000,0.6078780835643283,20.137999999999998,6.37,0.35,160.1,4.8,5.5,104.5,119.737,8484.509765625,2.169751116783658,0.7015356431006403
1997-06-27,887.2999877929688,2610950000,-1.2685016422850914,21.294,6.46,0.43,160.1,4.8,5.5,104.5,119.737,8399.759765625,2.169751116783658,0.9579835628942917
1997-07-04,916.9199829101562,2007380000,3.338216558625562,20.0125,6.31,0.38,160.1,5.0,5.5,107.1,119.737,8639.33984375,2.169751116783658,1.003463160695282
1997-07-11,916.6799926757812,2685290000,-0.0261735199197366,19.454,6.23,0.34,160.1,5.0,5.56,107.1,119.737,8682.7001953125,2.169751116783658,1.0298639012822357
1997-07-18,915.2999877929688,2950680000,-0.15054379869078316,20.151999999999997,6.24,0.33,160.3,5.0,5.56,107.1,119.886,8697.7802734375,2.2973835354180183,1.0301585967755773
1997-07-25,938.7899780273438,2748550000,2.5663706487111027,21.672,6.18,0.31,160.3,5.0,5.56,107.1,119.886,8885.7001953125,2.2321428571428603,1.0109924668753625
1997-08-01,947.1400146484375,2641510000,0.8894467150831087,21.804,6.2,0.31,160.3,4.8,5.56,104.4,119.886,8977.580078125,2.2321428571428603,0.9339117353232529
1997-08-08,933.5399780273438,2686360000,-1.4359056117106306,20.972,6.38,0.36,160.3,4.8,5.52,104.4,119.886,8881.83984375,2.2321428571428603,0.8889618380651007
1997-08-15,900.8099975585938,2635140000,-3.5060073739864306,23.72,6.27,0.4,160.6,4.8,5.52,104.4,119.811,8631.3603515625,2.423469387755084,0.9965446818793616
1997-08-22,923.5399780273438,2540390000,2.5232824380672536,23.334,6.38,0.4,160.6,4.8,5.52,104.4,119.811,8815.83984375,2.1628498727735312,1.0896191375500404
1997-08-29,899.469970703125,2230460000,-2.606276706681565,24.472,6.34,0.37,160.6,4.8,5.52,104.4,119.811,8679.98046875,2.1628498727735312,1.1062375560135567
1997-09-05,929.0499877929688,2136640000,3.288605295707736,24.765,6.37,0.39,160.6,4.9,5.54,106.0,119.811,8943.919921875,2.1628498727735312,1.3155898803332455
1997-09-12,923.9099731445312,2605420000,-0.5532549072680193,24.818,6.29,0.36,160.6,4.9,5.54,106.0,119.811,8940.1103515625,2.1628498727735312,1.2539986725310768
1997-09-19,950.510009765625,2892830000,2.879072354913581,23.966,6.09,0.28,160.9,4.9,5.54,106.0,121.315,9172.6904296875,2.223634053367207,1.1992224183032754
1997-09-26,945.219970703125,2683510000,-0.5565474332884124,22.387999999999998,6.08,0.28,160.9,4.9,5.54,106.0,121.315,9147.1904296875,2.223634053367207,1.1439410003103727
1997-10-03,965.030029296875,2761390000,2.095814647146499,22.253999999999998,6.01,0.29,160.9,4.9,5.54,105.6,121.315,9340.080078125,2.223634053367207,0.9750428963803006
1997-10-10,966.97998046875,2673220000,0.20206119112124998,20.945999999999998,6.15,0.29,160.9,4.9,5.54,105.6,121.315,9384.400390625,2.223634053367207,0.9242190951822622
1997-10-17,944.1599731445312,2237630000,-2.3599255191567248,20.565,6.17,0.26,161.3,4.9,5.54,105.6,122.387,9154.759765625,2.4777636594663255,0.7356201212629871
1997-10-24,941.6400146484375,3030580000,-0.26689952632720226,21.253999999999998,6.01,0.22,161.3,4.9,5.54,105.6,122.387,9137.08984375,2.217997465145749,0.887082841556116
1997-10-31,914.6199951171875,4024240000,-2.8694638196039235,33.876,5.84,0.21,161.3,4.9,5.54,105.6,122.387,8865.25,2.217997465145749,2.100296415346132
1997-11-07,927.510009765625,2764880000,1.4093300733914127,33.07000000000001,5.9,0.19,161.3,4.7,5.5,107.2,122.387,8962.169921875,2.217997465145749,2.267784736621792
1997-11-14,928.3499755859375,2339200000,0.09056137523786312,36.1925,5.86,0.16,161.3,4.7,5.5,107.2,122.387,8932.580078125,2.217997465145749,2.3038081400958395
1997-11-21,963.0900268554688,2854250000,3.742128742730322,29.406,5.82,0.14,161.6,4.7,5.5,107.2,122.694,9220.0595703125,2.0846493998736504,2.341593225282646
1997-11-28,955.4000244140625,1291880000,-0.798471817480495,28.72666666666667,5.86,0.1,161.6,4.7,5.5,107.2,122.694,9142.4296875,2.0846493998736504,1.7608146859792608
1997-12-05,983.7899780273438,2988090000,2.9715253179622314,24.416,5.92,0.12,161.6,4.6,5.56,102.1,122.694,9407.8798828125,2.0846493998736504,1.2109717634225405
1997-12-12,953.3900146484375,2842790000,-3.0900867113795027,25.336000000000002,5.74,0.11,161.6,4.6,5.52,102.1,126.307,9097.849609375,2.0846493998736504,1.1234677638080486
1997-12-19,946.780029296875,3251440000,-0.6933138851889398,27.236,5.72,0.06,161.8,4.6,5.52,102.1,127.327,9043.1103515625,1.953371140516702,0.9950716338985467
1997-12-26,936.4600219726562,1466620000,-1.0900110907369753,29.49,5.75,0.06,161.8,4.6,5.52,102.1,127.327,8976.0,1.953371140516702,0.9341144310842068
1998-01-02,975.0399780273438,1776670000,4.1197654090367575,24.65,5.67,0.08,161.8,4.6,5.52,106.6,127.327,9327.7001953125,1.953371140516702,0.986786285679788
1998-01-09,927.6900024414062,3312380000,-4.85620863277153,25.958,5.4,0.23,161.8,4.7,5.5,106.6,127.327,8875.4697265625,1.953371140516702,1.0130695361947364
1998-01-16,961.510009765625,3194600000,3.6456151554090876,24.407999999999998,5.54,0.19,161.9,4.7,5.5,106.6,128.135,9182.3798828125,2.0163831127914422,1.1997997141487005
1998-01-23,957.5900268554688,2553290000,-0.4076902861481102,22.665,5.7,0.28,161.9,4.7,5.5,106.6,128.135,9146.3896484375,1.7598994343180463,1.254156031260783
1998-01-30,980.280029296875,3306830000,2.3694902625412295,22.284,5.53,0.21,161.9,4.7,5.5,106.6,128.135,9340.7998046875,1.7598994343180463,1.1800177453417748
1998-02-06,1012.4600219726562,3385490000,3.2827346996819884,20.875999999999998,5.62,0.24,161.9,4.7,5.56,110.4,128.135,9646.7197265625,1.7598994343180463,1.206773346986727
1998-02-13,1020.0900268554688,2910330000,0.7536104850783598,20.432,5.49,0.13,161.9,4.7,5.56,110.4,128.135,9747.1396484375,1.7598994343180463,0.8760349547559594
1998-02-20,1034.2099609375,2388010000,1.3841850925214283,19.825,5.54,0.13,161.9,4.7,5.56,110.4,127.925,9858.5595703125,1.7598994343180463,0.7554337324398407
1998-02-27,1049.3399658203125,2972720000,1.462952925835026,18.828,5.62,0.07,161.9,4.7,5.56,110.4,127.925,10006.4404296875,1.5683814303638632,0.6845431771698611
1998-03-06,1055.68994140625,3161880000,0.6051399730089724,19.576,5.73,0.15,161.9,4.6,5.51,106.5,127.925,10065.9501953125,1.5683814303638632,0.6071113793245968
1998-03-13,1068.6099853515625,3104620000,1.223848351543655,19.102,5.58,0.08,161.9,4.6,5.51,106.5,127.925,10197.16015625,1.5683814303638632,0.7348879490881289
1998-03-20,1099.1600341796875,3178180000,2.858858633823669,18.381999999999998,5.57,0.05,162.0,4.6,5.51,106.5,128.103,10455.8798828125,1.6311166875784044,0.731586314478282
1998-03-27,1095.43994140625,3102580000,-0.3384486933437181,21.862000000000002,5.68,0.05,162.0,4.6,5.51,106.5,128.103,10443.0703125,1.3767209011263937,0.7138785400306494
1998-04-03,1122.699951171875,3177860000,2.4884987971709682,23.21,5.47,0.05,162.0,4.7,5.51,108.7,128.103,10671.58984375,1.3767209011263937,0.6661600166245131
1998-04-10,1110.6700439453125,2461840000,-1.0715157878118386,22.7025,5.59,0.09,162.0,4.7,5.49,108.7,128.103,10571.23046875,1.3767209011263937,0.571690493929963
1998-04-17,1122.719970703125,3235090000,1.0849240801533488,21.618000000000002,5.59,0.05,162.0,4.7,5.49,108.7,127.693,10707.6396484375,1.3767209011263937,0.626176248728955
1998-04-24,1107.9000244140625,3254650000,-1.3200038011064508,20.462,5.67,0.06,162.0,4.7,5.49,108.7,127.693,10564.9599609375,1.31332082551594,0.6777959968224858
1998-05-01,1121.0,3280920000,1.182414955976352,22.712,5.67,0.08,162.0,4.7,5.49,106.5,127.693,10682.490234375,1.31332082551594,0.8685886403777527
1998-05-08,1108.1400146484375,2892000000,-1.1471887021911265,21.706,5.71,0.1,162.0,4.3,5.45,106.5,127.693,10572.919921875,1.31332082551594,0.9087824701452686
1998-05-15,1108.72998046875,2965640000,0.05323928497427133,20.51,5.68,0.05,162.4,4.3,5.45,106.5,127.808,10536.98046875,1.563477173233263,0.9203009754375413
1998-05-22,1110.469970703125,2668400000,0.15693543649277775,20.068,5.64,0.01,162.4,4.3,5.45,106.5,127.808,10497.7099609375,1.5000000000000124,0.8768680316691994
1998-05-29,1090.8199462890625,2369130000,-1.7695232588433307,21.68,5.56,0.03,162.4,4.3,5.45,106.5,127.808,10314.1796875,1.5000000000000124,0.7716762739591121
1998-06-05,1113.8599853515625,2848980000,2.11217617911017,21.736,5.58,0.0,162.4,4.3,5.49,105.6,127.808,10472.9501953125,1.5000000000000124,0.7092838623479443
1998-06-12,1098.8399658203125,2977180000,-1.3484656715187837,21.786,5.43,0.0,162.4,4.3,5.49,105.6,127.808,10316.1904296875,1.5000000000000124,0.7750300169433224
1998-06-19,1100.6500244140625,3310760000,0.1647244958367322,23.59,5.47,-0.05,162.9,4.3,5.49,105.6,128.763,10325.849609375,1.8124999999999947,0.9854993628543113
1998-06-26,1133.199951171875,3093500000,2.957336667951349,20.348000000000003,5.46,-0.05,162.9,4.3,5.49,105.6,128.763,10617.669921875,1.7489069331667828,1.0229690133496985
1998-07-03,1146.4200439453125,2533360000,1.1666160733386999,18.7375,5.42,-0.02,162.9,4.5,5.49,105.2,128.763,10764.7197265625,1.7489069331667828,1.0218174335710493
1998-07-10,1164.3299560546875,2986550000,1.5622469446486154,18.23,5.42,0.01,162.9,4.5,5.56,105.2,128.763,10916.2197265625,1.7489069331667828,0.960409206113121
1998-07-17,1186.75,3294910000,1.9255747761813602,17.446,5.51,0.05,163.0,4.5,5.56,105.2,128.072,11106.099609375,1.8113678950655965,0.7394114601854547
1998-07-24,1140.800048828125,3400280000,-3.871914992363601,20.756,5.45,-0.03,163.0,4.5,5.56,105.2,128.072,10659.8603515625,1.6843418590143378,0.7719228273304528
1998-07-31,1120.6700439453125,3301250000,-1.764551544636661,24.125999999999998,5.5,0.01,163.0,4.5,5.56,105.2,128.072,10420.259765625,1.6843418590143378,0.9326778541741412
1998-08-07,1089.449951171875,3852100000,-2.7858416437658406,28.418,5.4,0.06,163.0,4.5,5.54,105.2,128.072,10165.91015625,1.6843418590143378,1.2204392206949048
1998-08-14,1062.75,3370010000,-2.450773543397289,30.694,5.4,0.06,163.0,4.5,5.54,105.2,126.788,9913.76953125,1.6843418590143378,1.2783318296035746
1998-08-21,1081.239990234375,3255940000,1.7398250044107222,30.418,5.32,0.07,163.3,4.5,5.54,105.2,126.788,9996.8203125,1.6811955168119619,1.410083680133237
1998-08-28,1027.1400146484375,3676000000,-5.0035122705931805,34.284,5.09,0.16,163.3,4.5,5.54,104.4,126.788,9418.01953125,1.6811955168119619,1.4350597097275883
1998-09-04,973.8900146484375,4689500000,-5.184298074321059,40.452,5.02,0.11,163.3,4.5,5.54,104.4,126.788,8931.150390625,1.6811955168119619,2.159055543996749
1998-09-11,1009.0599975585938,3218500000,3.611288993742501,41.6475,4.85,0.17,163.3,4.5,5.55,104.4,126.788,9206.7802734375,1.6811955168119619,2.5471054136290507
1998-09-18,1020.0900268554688,3725700000,1.0930994513271841,37.79,4.7,0.09,163.6,4.5,5.55,104.4,129.096,9361.48046875,1.8679950186799577,2.6596634142230187
1998-09-25,1044.75,3747180000,2.417431059545616,35.376,4.6,0.17,163.6,4.5,5.55,104.4,129.096,9575.98046875,1.678060907395884,2.7372881209339996
1998-10-02,1002.5999755859375,4053300000,-4.034460341140223,39.17,4.31,0.14,163.6,4.6,5.55,100.9,129.096,9167.9404296875,1.678060907395884,2.274735656482107
1998-10-09,984.3900146484375,4632900000,-1.8162738261446432,43.092,4.77,0.58,163.6,4.6,5.51,100.9,129.096,8850.91015625,1.678060907395884,1.9538374442943849
1998-10-16,1056.4200439453125,3504300000,7.31722470006968,36.8375,4.44,0.58,163.6,4.6,5.51,100.9,128.658,9536.51953125,1.678060907395884,1.858576172843727
1998-10-23,1070.6700439453125,3834440000,1.348895269610928,32.65,4.7,0.5,163.6,4.6,5.51,100.9,128.658,9750.4697265625,1.4259144451332917,1.8468786467764537
1998-10-30,1098.6700439453125,3536310000,2.6151847768919323,31.060000000000002,4.64,0.52,163.6,4.6,5.51,97.4,128.658,10032.1904296875,1.4259144451332917,1.6098311714239233
1998-11-06,1141.010009765625,3772500000,3.8537471785678346,26.82,4.93,0.34,163.6,4.6,5.07,97.4,128.658,10455.2197265625,1.4259144451332917,1.2517881078756243
1998-11-13,1125.719970703125,2528860000,-1.3400442530421608,28.642500000000002,4.82,0.28,163.6,4.6,5.07,97.4,128.658,10307.33984375,1.4259144451332917,1.0043511359014248
1998-11-20,1163.550048828125,3365490000,3.3605229639278145,26.389999999999997,4.82,0.16,164.0,4.6,5.07,97.4,128.289,10632.349609375,1.673899566026038,0.718245319037883
1998-11-27,1192.3299560546875,2380830000,2.4734567503605254,22.34,4.81,0.19,164.0,4.6,5.07,102.7,132.041,10900.3896484375,1.4851485148514865,0.7611462056114552
1998-12-04,1176.739990234375,3713300000,-1.3075211053069857,26.083999999999996,4.62,0.16,164.0,4.4,5.07,102.7,132.041,10743.650390625,1.4851485148514865,1.010678399395866
1998-12-11,1166.4599609375,3530600000,-0.873602442526622,26.133999999999997,4.61,0.15,164.0,4.4,4.83,102.7,132.041,10643.580078125,1.4851485148514865,1.14781381835826
1998-12-18,1188.030029296875,3824200000,1.8491906350595055,28.738,4.58,0.13,164.3,4.4,4.83,102.7,131.811,10818.5595703125,1.5451174289246028,1.3384962646156906
1998-12-25,1226.27001953125,2369780000,3.2187730353084643,22.0825,4.86,0.08,164.3,4.4,4.83,100.5,131.811,11168.9697265625,1.5451174289246028,1.357132517091617
1999-01-01,1229.22998046875,2431470000,0.24137921423141862,23.36,4.65,0.11,164.3,4.4,4.83,100.5,131.811,11317.58984375,1.5451174289246028,1.2912633738801265
1999-01-08,1275.0899658203125,4439700000,3.7307896878722824,24.324,4.86,0.15,164.3,4.3,4.68,100.5,131.811,11702.08984375,1.5451174289246028,1.1619850220317027
1999-01-15,1243.260009765625,4145000000,-2.496290999687234,29.177999999999997,4.66,0.1,164.5,4.3,4.68,100.5,132.774,11450.66015625,1.6059295861643008,1.1755052203243241
1999-01-22,1225.18994140625,3348900000,-1.453442418917783,30.177500000000002,4.64,0.05,164.5,4.3,4.68,100.5,132.774,11290.330078125,1.6059295861643008,1.2630747689342798
1999-01-29,1279.6400146484375,4279900000,4.4442148439196805,28.889999999999997,4.66,0.08,164.5,4.3,4.68,103.9,132.774,11724.830078125,1.6059295861643008,1.2794291130078002
1999-02-05,1239.4000244140625,4247800000,-3.1446336292813015,28.572000000000003,4.94,0.14,164.5,4.3,4.63,103.9,132.774,11381.1201171875,1.6059295861643008,1.3107901263524133
1999-02-12,1230.1300048828125,3670100000,-0.7479441139782494,29.851999999999997,5.06,0.15,164.5,4.3,4.63,103.9,132.774,11242.8095703125,1.6059295861643008,1.3692035297427414
1999-02-19,1239.219970703125,2831260000,0.7389435087536533,30.0125,5.07,0.12,164.6,4.3,4.63,103.9,132.506,11280.8203125,1.6676961087090714,1.3495196856128517
1999-02-26,1238.3299560546875,3806700000,-0.07182055401613319,27.092000000000002,5.29,0.16,164.6,4.3,4.63,108.1,132.506,11286.080078125,1.6676961087090714,1.4208698486534481
1999-03-05,1275.469970703125,3810600000,2.9992018255591057,27.476,5.34,0.2,164.6,4.4,4.76,108.1,132.506,11601.4404296875,1.6676961087090714,1.366387991879534
1999-03-12,1294.5899658203125,4090800000,1.499054901829422,24.712,5.16,0.16,164.6,4.4,4.76,108.1,132.506,11760.3896484375,1.6676961087090714,1.3171470798994367
1999-03-19,1299.2900390625,3977100000,0.36305497232935746,24.881999999999998,5.17,0.13,164.7,4.4,4.76,108.1,132.593,11795.1396484375,1.729462631253842,1.0807978770409405
1999-03-26,1282.800048828125,3722800000,-1.269153902409148,25.448,5.21,0.22,164.7,4.4,4.76,105.7,132.593,11658.830078125,1.6666666666666607,1.1048278060013743
1999-04-02,1293.719970703125,3104200000,0.8512567398929916,22.8975,5.27,0.26,164.7,4.4,4.76,105.7,132.593,11768.849609375,1.6666666666666607,1.232986986104171
1999-04-09,1348.3499755859375,3866300000,4.222707086536004,22.401999999999997,5.05,0.17,164.7,4.2,4.81,105.7,132.593,12218.919921875,1.6666666666666607,1.2173442104266405
1999-04-16,1319.0,4665800000,-2.17673275613649,23.486,5.23,0.21,165.0,4.2,4.81,105.7,132.755,12065.51953125,1.85185185185186,1.255850924046538
1999-04-23,1356.8499755859375,4792600000,2.8695963294873117,24.026,5.26,0.22,165.0,4.2,4.81,105.7,132.755,12394.4599609375,1.85185185185186,1.3045205283116754
1999-04-30,1335.1800537109375,4495500000,-1.597075746391352,24.284,5.36,0.28,165.0,4.2,4.81,104.6,132.755,12259.3603515625,1.85185185185186,1.1977300913555542
1999-05-07,1345.0,4348300000,0.7354773059835118,25.552,5.54,0.35,165.0,4.3,4.74,104.6,132.755,12295.0595703125,1.85185185185186,1.1953831614380004
1999-05-14,1337.800048828125,3959600000,-0.5353123547862437,26.05,5.62,0.32,166.2,4.3,4.74,104.6,133.966,12295.33984375,2.592592592592591,1.2185711244803872
1999-05-21,1330.2900390625,3658800000,-0.5613701219553402,25.695999999999998,5.52,0.22,166.2,4.3,4.74,104.6,133.966,12253.4296875,2.3399014778324956,1.0547949417311555
1999-05-28,1301.8399658203125,3913560000,-2.138636869162547,27.52,5.64,0.22,166.2,4.3,4.74,106.8,133.966,11976.75,2.3399014778324956,1.1496050507542683
1999-06-04,1327.75,2825900000,1.9902626175223537,25.615000000000002,5.82,0.26,166.2,4.2,4.74,106.8,133.966,12152.33984375,2.3399014778324956,1.1861734445000571
1999-06-11,1293.6400146484375,3426900000,-2.5690066165740877,24.584,6.02,0.32,166.2,4.2,4.74,106.8,133.966,11885.26953125,2.3399014778324956,1.2185275833218798
1999-06-18,1342.8399658203125,3787600000,3.8032180989118203,23.704,5.84,0.28,166.2,4.2,4.74,106.8,134.126,12268.5703125,2.025782688766098,1.2060965120239922
1999-06-25,1315.31005859375,3448760000,-2.050125698317673,21.93,6.02,0.29,166.2,4.2,4.74,107.3,134.126,12060.83984375,2.025782688766098,1.1384294537768496
1999-07-02,1391.219970703125,4046980000,5.771256109037393,20.916,5.82,0.24,166.2,4.3,4.74,107.3,134.126,12735.900390625,2.025782688766098,1.0359754542749253
1999-07-09,1403.280029296875,3045700000,0.8668692836298897,19.82,5.84,0.23,166.2,4.3,4.76,107.3,134.126,12838.4599609375,2.025782688766098,0.9335242242619177
1999-07-16,1418.780029296875,3710300000,1.104555019411646,19.098000000000003,5.68,0.18,166.2,4.3,4.76,107.3,134.184,12976.990234375,1.9631901840490684,0.8145100563145347
1999-07-23,1356.93994140625,3584910000,-4.358680458821507,21.738,5.84,0.26,166.2,4.3,4.76,107.3,134.184,12436.6298828125,1.9631901840490684,0.9085373589045374
1999-07-30,1328.719970703125,3535050000,-2.0796772091386417,24.044,5.92,0.29,166.2,4.3,4.76,106.0,134.184,12189.83984375,1.9631901840490684,0.9044615017991677
1999-08-06,1300.2900390625,3736650000,-2.139648102495262,26.574,6.02,0.33,166.2,4.3,4.99,106.0,134.184,11842.76953125,1.9631901840490684,0.8766361866826629
1999-08-13,1327.6800537109375,3750100000,2.106454239100808,25.768,5.98,0.27,166.2,4.3,4.99,106.0,134.184,12075.2197265625,1.9631901840490684,0.9744066473110777
1999-08-20,1336.6099853515625,3303250000,0.6725966557729945,23.076,5.88,0.23,166.7,4.3,4.99,106.0,135.148,12170.16015625,2.0820575627678917,1.068212369118689
1999-08-27,1348.27001953125,3568950000,0.8723587514289477,21.79,5.85,0.2,166.7,4.3,4.99,104.5,135.148,12277.080078125,2.0820575627678917,1.1234207639438807
1999-09-03,1357.239990234375,3518100000,0.6652948276817394,23.503999999999998,5.89,0.25,166.7,4.2,4.99,104.5,135.148,12350.5595703125,2.0820575627678917,1.2109941178136685
1999-09-10,1351.6600341796875,3088900000,-0.41112523170820925,23.075000000000003,5.89,0.25,166.7,4.2,5.07,104.5,135.148,12347.259765625,2.0820575627678917,1.274303216418492
1999-09-17,1335.4200439453125,3780600000,-1.2014848278199541,23.954,5.87,0.24,167.2,4.2,5.07,104.5,135.63,12182.599609375,2.388242498469051,1.1686701438089147
1999-09-24,1277.3599853515625,3971100000,-4.347700100578066,26.1,5.75,0.2,167.2,4.2,5.07,104.5,135.63,11675.900390625,2.2004889975550057,1.1859567844390222
1999-10-01,1282.81005859375,4435800000,0.426666977569945,25.857999999999997,6.0,0.27,167.2,4.2,5.07,107.2,135.63,11703.2998046875,2.2004889975550057,1.1559458221626178
1999-10-08,1336.02001953125,4389300000,4.147922023298611,23.076,6.04,0.24,167.2,4.2,5.22,107.2,135.63,12170.400390625,2.2004889975550057,1.0749895198872113
1999-10-15,1247.4100341796875,3404700000,-6.632384549346182,25.9,6.09,0.27,167.2,4.2,5.22,107.2,135.043,11446.599609375,2.2004889975550057,1.2783619332993077
1999-10-22,1301.6500244140625,4624900000,4.348208588048097,24.862000000000002,6.21,0.25,167.9,4.2,5.22,107.2,135.043,11875.2001953125,2.6283618581907087,1.3701297467455984
1999-10-29,1362.9300537109375,4861000000,4.707872941842428,23.119999999999997,6.02,0.23,167.9,4.2,5.22,103.2,135.043,12449.400390625,2.6283618581907087,1.442081809674936
1999-11-05,1370.22998046875,4668900000,0.5356053847324294,22.602,5.92,0.2,167.9,4.1,5.2,103.2,135.043,12619.099609375,2.6283618581907087,1.5390900358885413
1999-11-12,1396.06005859375,3546000000,1.885090714199933,22.12,5.93,0.15,167.9,4.1,5.2,103.2,135.043,12842.3896484375,2.6283618581907087,1.3925047986603696
1999-11-19,1422.0,4614500000,1.8580820536030052,20.66,6.07,0.15,168.2,4.1,5.2,103.2,136.133,13126.150390625,2.5609756097561,1.1328420109765585
1999-11-26,1416.6199951171875,2846520000,-0.37834070905854444,20.8925,6.12,0.13,168.2,4.1,5.2,107.2,136.133,13101.669921875,2.5609756097561,1.0980215770614137
1999-12-03,1433.300048828125,4608700000,1.1774543468559218,22.214,6.17,0.18,168.2,4.1,5.2,107.2,138.502,13281.0595703125,2.5609756097561,0.8369399673557083
1999-12-10,1417.0400390625,5068900000,-1.1344456297841643,21.118000000000002,6.08,0.15,168.2,4.1,5.42,107.2,138.502,13254.8896484375,2.5609756097561,0.9272289878814937
1999-12-17,1421.030029296875,5459400000,0.2815721591758802,22.014,6.3,0.15,168.4,4.1,5.42,107.2,139.542,13251.0400390625,2.495435179549599,0.8524307413602903
1999-12-24,1458.3399658203125,3446700000,2.6255558119273825,22.497500000000002,6.41,0.17,168.4,4.1,5.42,105.4,139.542,13652.83984375,2.495435179549599,0.806314681837028
1999-12-31,1469.25,2874590000,0.7481132270520163,23.706,6.45,0.21,168.4,4.1,5.42,105.4,139.542,13812.669921875,2.495435179549599,0.7576705087529141
2000-01-07,1441.469970703125,5343800000,-1.8907625861408928,25.016,6.52,0.21,168.4,4.1,5.3,105.4,139.542,13497.009765625,2.495435179549599,1.0203161178245144
2000-01-14,1465.1500244140625,5169700000,1.6427712121804827,21.684,6.69,0.25,168.8,4.1,5.3,105.4,140.492,13795.2998046875,2.738892270237381,1.274421435738356
2000-01-21,1441.3599853515625,4455000000,-1.623727172377043,21.447499999999998,6.79,0.31,168.8,4.1,5.3,105.4,140.492,13793.3896484375,2.6139817629179385,1.3100814254477193
2000-01-28,1360.1600341796875,5532100000,-5.633564966219695,23.96,6.66,0.08,168.8,4.1,5.3,112.0,140.492,13017.599609375,2.6139817629179385,1.424274442074514
2000-02-04,1424.3699951171875,5205000000,4.7207651543904605,23.014,6.53,-0.1,168.8,4.0,5.3,112.0,140.492,13603.83984375,2.6139817629179385,1.509137467872482
2000-02-11,1387.1199951171875,5100800000,-2.615191286512275,22.886000000000003,6.63,-0.02,168.8,4.0,5.45,112.0,140.492,13385.6103515625,2.6139817629179385,1.3285815069814073
2000-02-18,1346.0899658203125,5115300000,-2.95792933857959,23.996000000000002,6.49,-0.17,169.1,4.0,5.45,112.0,141.485,13124.3798828125,2.7963525835866143,1.40186650399057
2000-02-25,1333.3599853515625,4253900000,-0.9457005692032117,24.8325,6.36,-0.09,169.1,4.0,5.45,112.0,141.485,13142.740234375,2.733900364520059,1.424112153641318
2000-03-03,1409.1700439453125,5853800000,5.6856407441806756,21.992,6.39,-0.11,169.1,4.1,5.45,111.3,141.485,13999.5400390625,2.733900364520059,1.2802721837227986
2000-03-10,1395.0699462890625,5807900000,-1.0005958980488505,22.616,6.39,-0.16,169.1,4.1,5.73,111.3,141.485,13952.01953125,2.733900364520059,1.4345918913491311
2000-03-17,1464.469970703125,6190300000,4.974662711261835,22.548000000000002,6.2,-0.3,170.0,4.1,5.73,111.3,142.075,14273.5400390625,3.280680437424066,1.6422839844853343
2000-03-24,1527.4599609375,5192200000,4.301214193154945,22.344,6.2,-0.44,170.0,4.1,5.73,111.3,142.075,14751.6396484375,3.2179720704310855,1.760511460636754
2000-03-31,1498.5799560546875,5342800000,-1.8907209106212464,24.613999999999997,6.03,-0.47,170.0,4.1,5.73,107.1,142.075,14296.1796875,3.2179720704310855,1.7707936759844043
2000-04-07,1516.3499755859375,5547060000,1.1857905518790623,26.22,5.86,-0.52,170.0,4.1,5.85,107.1,142.075,14341.1201171875,3.2179720704310855,1.6161170615174707
2000-04-14,1356.56005859375,5312700000,-10.537799292042893,29.022000000000002,5.85,-0.42,171.2,4.1,5.85,107.1,142.017,12474.650390625,3.7575757575757596,1.485250574651234
2000-04-21,1434.5400390625,4211700000,5.7483618196444874,26.985,5.99,-0.39,171.2,4.1,5.85,107.1,142.017,13249.4404296875,3.7575757575757596,1.9215599711536422
2000-04-28,1452.4300537109375,5035000000,1.2470906465691156,26.394,6.23,-0.45,171.2,4.1,5.85,109.2,142.017,13541.7001953125,3.7575757575757596,2.023827200492412
2000-05-05,1432.6300048828125,4700700000,-1.363235962897913,28.862000000000002,6.51,-0.33,171.2,3.9,6.02,109.2,142.017,13385.830078125,3.7575757575757596,2.1041729382967733
2000-05-12,1420.9599609375,4502400000,-0.8145888265314594,28.162,6.51,-0.4,171.2,3.9,6.02,109.2,142.017,13151.1201171875,3.7575757575757596,2.148618039838019
2000-05-19,1406.949951171875,4292200000,-0.9859538727876371,24.516,6.51,-0.35,171.2,3.9,6.02,109.2,143.683,12980.740234375,3.0084235860409203,1.5637040586383666
2000-05-26,1378.02001953125,4598300000,-2.0562161160408543,25.048,6.33,-0.36,171.2,3.9,6.02,110.7,143.683,12617.0400390625,3.0084235860409203,1.4575727743696105
2000-06-02,1477.260009765625,3927200000,7.201636320794003,22.7775,6.15,-0.37,171.2,4.1,6.02,110.7,143.683,13734.3701171875,3.0084235860409203,1.6063070610542962
2000-06-09,1456.949951171875,4283600000,-1.3748465713203983,22.630000000000003,6.13,-0.43,171.2,4.1,6.27,110.7,143.683,13644.900390625,3.0084235860409203,1.5620148947629957
2000-06-16,1464.4599609375,4901900000,0.5154610671138427,21.330000000000002,5.99,-0.39,171.3,4.1,6.27,110.7,144.159,13634.580078125,3.0685920577617543,1.437835434571901
2000-06-23,1441.47998046875,4833100000,-1.5691777912479776,21.291999999999998,6.19,-0.36,171.3,4.1,6.27,110.7,144.159,13477.6904296875,3.0685920577617543,1.3018892651011265
2000-06-30,1454.5999755859375,5597200000,0.9101753263975887,20.756,6.03,-0.35,171.3,4.1,6.27,106.4,144.159,13618.5,3.0685920577617543,1.0649912537069006
2000-07-07,1478.9000244140625,3350200000,1.6705657387582784,20.2875,6.01,-0.28,171.3,4.0,6.53,106.4,144.159,13849.1796875,3.0685920577617543,0.979430559300931
2000-07-14,1509.97998046875,4807800000,2.1015589655562605,19.964,6.1,-0.31,171.3,4.0,6.53,106.4,144.602,14218.4501953125,3.0685920577617543,0.9840411789307305
2000-07-21,1480.18994140625,4756600000,-1.9728764253716835,19.346,6.01,-0.31,172.3,4.0,6.53,106.4,144.602,13892.6103515625,3.6702767749699383,0.9270483383253083
2000-07-28,1419.8900146484375,5221900000,-4.073796549416131,19.884,6.04,-0.26,172.3,4.0,6.53,108.3,144.602,13196.5703125,3.6702767749699383,0.9497600843527376
2000-08-04,1462.9300537109375,4937400000,3.0312234481877587,19.98,5.91,-0.24,172.3,4.0,6.53,108.3,144.602,13619.73046875,3.6702767749699383,0.9784624991336169
2000-08-11,1471.8399658203125,4677300000,0.6090456674106681,18.948,5.79,-0.46,172.3,4.0,6.54,108.3,144.602,13703.8603515625,3.6702767749699383,0.9471480644129382
2000-08-18,1491.719970703125,4353300000,1.3506906555382558,17.682,5.78,-0.49,172.7,4.0,6.54,108.3,145.319,13907.1796875,3.5992801439711952,0.9700750866525055
2000-08-25,1506.449951171875,3944100000,0.9874494381010956,17.154,5.73,-0.46,172.7,4.0,6.54,108.3,145.319,14091.2900390625,3.5992801439711952,0.8182327602020344
2000-09-01,1520.77001953125,4171900000,0.9505837447991716,17.098000000000003,5.68,-0.41,172.7,4.1,6.54,107.3,145.319,14329.9404296875,3.5992801439711952,0.6446154724561288
2000-09-08,1494.5,3780100000,-1.7274156640296745,19.622500000000002,5.73,-0.38,172.7,4.1,6.5,107.3,145.319,14050.2001953125,3.5992801439711952,0.6766026724126526
2000-09-15,1465.81005859375,5241200000,-1.9197016665272626,18.418,5.84,-0.23,172.6,4.1,6.5,107.3,145.681,13813.580078125,3.229665071770338,0.5979636361009497
2000-09-22,1448.719970703125,5382300000,-1.1659142185871385,20.128,5.85,-0.24,172.6,4.1,6.5,107.3,145.681,13678.150390625,3.229665071770338,0.6718571723911553
2000-09-29,1436.510009765625,5667000000,-0.8428102866266163,21.0,5.8,-0.18,172.7,4.1,6.5,106.8,145.681,13613.330078125,3.289473684210531,0.7508828069657819
2000-10-06,1408.989990234375,5642900000,-1.9157555007737193,21.672,5.82,-0.16,172.7,3.9,6.52,106.8,145.681,13142.16015625,3.289473684210531,0.8722735858243766
2000-10-13,1374.1700439453125,5044000000,-2.4712699543926853,27.385,5.73,-0.11,172.7,3.9,6.52,106.8,145.681,12803.25,3.289473684210531,1.0967687366094108
2000-10-20,1396.9300537109375,6083900000,1.656273171279432,26.536,5.64,-0.2,173.6,3.9,6.52,106.8,145.96,13057.400390625,3.394877903513982,1.4710004845110727
2000-10-27,1379.5799560546875,5911100000,-1.242016206191543,26.142000000000003,5.72,-0.22,173.6,3.9,6.52,105.8,145.96,12860.650390625,3.394877903513982,1.6436655793711927
2000-11-03,1426.68994140625,5925100000,3.4148064521238197,24.192,5.83,-0.11,173.6,3.9,6.52,105.8,145.96,13382.9599609375,3.394877903513982,1.6906707382706663
2000-11-10,1365.97998046875,4794600000,-4.255301672461487,26.163999999999998,5.82,-0.1,173.6,3.9,6.51,105.8,145.96,12688.8896484375,3.394877903513982,1.5661525753791985
2000-11-17,1367.719970703125,5341600000,0.12738036129766872,26.375999999999998,5.71,-0.17,173.9,3.9,6.51,105.8,146.316,12659.900390625,3.388822829964333,1.4046893120578572
2000-11-24,1341.77001953125,3460970000,-1.8973146351394243,26.94,5.63,-0.23,173.9,3.9,6.51,107.6,146.316,12353.3896484375,3.388822829964333,1.3427574149046455
2000-12-01,1315.22998046875,4758130000,-1.9779871867886767,27.838,5.52,-0.1,173.9,3.9,6.51,107.6,146.316,12037.4404296875,3.388822829964333,1.2621494058840115
2000-12-08,1369.8900146484375,5888900000,4.155929760680066,25.118000000000002,5.35,-0.15,173.9,4.0,6.51,107.6,148.814,12666.4599609375,3.388822829964333,1.5373420620770752
2000-12-15,1312.1500244140625,6103300000,-4.214936207794251,24.686,5.2,-0.18,174.2,4.0,6.51,107.6,148.602,12093.9599609375,3.444180522565321,1.5271276345260147
2000-12-22,1305.949951171875,6473400000,-0.47251252728941484,28.764,5.02,-0.08,174.2,4.0,6.51,98.4,148.602,11981.580078125,3.444180522565321,1.620722539925574
2000-12-29,1320.280029296875,3950000000,1.0972915242380532,27.5725,5.12,0.01,174.2,4.0,6.51,98.4,148.602,12175.8798828125,3.444180522565321,1.7028321670366884
2001-01-05,1298.3499755859375,6571900000,-1.6610153319229215,28.0575,4.93,0.37,174.2,4.0,6.4,98.4,148.602,11872.66015625,3.444180522565321,1.953221294729524
2001-01-12,1318.550048828125,6290500000,1.555826519969794,26.996,5.25,0.35,174.2,4.0,6.4,98.4,148.602,12181.330078125,3.444180522565321,1.9378985232455026
2001-01-19,1342.5400390625,5407600000,1.819422042848995,24.205,5.19,0.44,174.5,4.0,6.4,98.4,147.306,12383.9599609375,3.376777251184837,1.8729690605005347
2001-01-26,1354.949951171875,6061600000,0.9243606706911267,22.412,5.29,0.51,174.5,4.0,6.4,98.4,147.306,12527.349609375,3.376777251184837,1.6419533337364622
2001-02-02,1349.469970703125,5665400000,-0.40444154147616374,22.162,5.17,0.52,174.5,4.2,6.4,94.7,147.306,12435.4404296875,3.376777251184837,1.3129808062416555
2001-02-09,1314.760009765625,5413600000,-2.572118067911866,21.866000000000003,5.03,0.36,174.5,4.2,5.98,94.7,147.306,12124.3095703125,3.376777251184837,0.7827854952028577
2001-02-16,1301.530029296875,5675500000,-1.006265810526774,21.44,5.11,0.36,174.5,4.2,5.98,94.7,146.997,12029.6201171875,3.376777251184837,0.8568208602801404
2001-02-23,1245.8599853515625,4917900000,-4.277276950374098,26.1025,5.1,0.57,175.7,4.2,5.98,94.7,146.997,11500.7099609375,3.903015966883494,0.9619524148233761
2001-03-02,1234.1800537109375,6059100000,-0.9374995407151698,27.156,4.95,0.47,175.7,4.2,5.98,90.6,146.997,11374.41015625,3.903015966883494,1.0445676658657947
2001-03-09,1233.4200439453125,5353200000,-0.06158013681551999,25.408,4.95,0.48,175.7,4.2,5.49,90.6,146.997,11331.73046875,3.903015966883494,1.0698630274410512
2001-03-16,1150.530029296875,6790360000,-6.72033951899299,29.189999999999998,4.78,0.52,175.7,4.2,5.49,90.6,146.001,10559.3701171875,3.903015966883494,1.5206337105779126
2001-03-23,1139.8299560546875,6797250000,-0.9300125133393178,31.192,4.8,0.56,176.2,4.2,5.49,90.6,146.001,10475.3798828125,3.6470588235294032,1.6700468524784018
2001-03-30,1160.3299560546875,6276900000,1.7985138828038094,28.494,4.93,0.75,176.2,4.2,5.49,91.5,146.001,10645.849609375,3.6470588235294032,1.8475538984900843
2001-04-06,1128.4300537109375,6701390000,-2.749209582782375,32.326,4.89,0.82,176.2,4.3,5.31,91.5,146.001,10318.490234375,3.6470588235294032,2.080899197441944
2001-04-13,1183.5,4804700000,4.880226834437851,28.9825,5.17,0.81,176.2,4.3,5.31,91.5,146.001,10852.650390625,3.6470588235294032,2.083315721705058
2001-04-20,1242.97998046875,6767900000,5.025769367870714,25.122,5.29,1.03,176.3,4.3,5.31,91.5,146.466,11409.75,2.9789719626168276,2.030958909219521
2001-04-27,1253.050048828125,5869200000,0.8101553136501405,26.806,5.34,1.06,176.3,4.3,5.31,88.4,146.466,11508.8798828125,2.9789719626168276,2.00360568501227
2001-05-04,1266.6099853515625,6010300000,1.0821544228116764,24.72,5.21,1.07,176.3,4.5,5.31,88.4,146.466,11687.26953125,2.9789719626168276,1.7501831987523402
2001-05-11,1245.6700439453125,5050600000,-1.6532272481996846,24.238,5.51,1.15,176.3,4.5,4.8,88.4,146.466,11491.33984375,2.9789719626168276,1.3559559986186618
2001-05-18,1291.9599609375,5821700000,3.716065680248448,22.512,5.41,1.04,176.8,4.5,4.8,88.4,144.866,11923.5,3.2710280373831946,1.202791672573463
2001-05-25,1277.8900146484375,5498900000,-1.0890388800325335,21.072,5.52,1.21,176.8,4.5,4.8,92.0,144.866,11849.900390625,3.2710280373831946,1.061850077207255
2001-06-01,1260.6700439453125,4426200000,-1.3475315172458258,22.2825,5.39,1.17,176.8,4.4,4.8,92.0,144.866,11671.48046875,3.2710280373831946,1.0899164248007147
2001-06-08,1264.9599609375,4831000000,0.34028864355037935,20.188,5.38,1.21,176.8,4.4,4.21,92.0,144.866,11736.7197265625,3.2710280373831946,1.0685266116042136
2001-06-15,1214.3599853515625,5948650000,-4.000124679712103,21.756,5.27,1.26,177.5,4.4,4.21,92.0,143.12,11238.009765625,3.6193812025685945,1.0629385554909336
2001-06-22,1225.3499755859375,6382620000,0.9050026653499632,21.324,5.14,1.21,177.5,4.4,4.21,92.0,143.12,11312.4599609375,3.6193812025685945,0.9203240398888252
2001-06-29,1224.3800048828125,6570760000,-0.0791586667034605,20.363999999999997,5.42,1.17,177.5,4.4,4.21,92.6,143.12,11407.150390625,3.6193812025685945,0.8804843557296497
2001-07-06,1190.5899658203125,3742010000,-2.7597673049009064,19.85,5.41,1.25,177.5,4.5,3.97,92.6,143.12,11059.58984375,3.6193812025685945,0.884600828586982
2001-07-13,1215.6800537109375,6209300000,2.1073659791293498,22.594,5.27,1.15,177.5,4.5,3.97,92.6,143.12,11271.919921875,3.6193812025685945,1.0363719120842638
2001-07-20,1210.8499755859375,6108600000,-0.3973149111277996,22.794,5.15,1.17,177.9,4.5,3.97,92.6,142.501,11212.3701171875,3.2501450957632017,1.1127975693339027
2001-07-27,1205.8199462890625,5695500000,-0.41541308983723546,23.598,5.13,1.26,177.9,4.5,3.97,92.4,142.501,11165.2001953125,3.2501450957632017,1.2043233845496228
2001-08-03,1214.3499755859375,5536800000,0.7074048926729359,20.97,5.2,1.29,177.9,4.5,3.97,92.4,142.501,11242.9404296875,3.2501450957632017,1.179008428160154
2001-08-10,1190.1600341796875,5013400000,-1.9920074025264523,21.504,4.99,1.26,177.9,4.5,3.77,92.4,142.501,10994.4501953125,3.2501450957632017,1.0284518494349002
2001-08-17,1161.969970703125,4897500000,-2.3685943626894135,21.438,4.84,1.17,177.4,4.5,3.77,92.4,142.849,10760.08984375,2.7214823393167498,0.9182866170328309
2001-08-24,1184.9300537109375,5079300000,1.9759618223110342,22.330000000000002,4.93,1.17,177.4,4.5,3.77,92.4,142.849,10948.41015625,2.7214823393167498,0.8617406827807992
2001-08-31,1133.5799560546875,4870500000,-4.333597371037468,23.184,4.85,1.21,177.4,4.5,3.77,91.5,142.849,10515.08984375,2.7214823393167498,0.9639171859825634
2001-09-07,1085.780029296875,5346800000,-4.2167230024228175,27.95,4.8,1.27,177.4,4.9,3.65,91.5,142.849,10066.490234375,2.7214823393167498,1.020354662858115
2001-09-14,1092.5400390625,1276600000,0.6225947782446006,31.84,4.84,1.31,177.4,4.9,3.65,91.5,142.849,10104.4501953125,2.7214823393167498,1.08161950327115
2001-09-21,965.7999877929688,10423890000,-11.600494877815725,41.518,4.7,1.79,177.5,4.9,3.65,91.5,141.499,8900.4501953125,2.7793862188766782,1.5051127491630267
2001-09-28,1040.93994140625,7978000000,7.78007398664291,34.95,4.6,1.74,177.5,4.9,3.65,81.8,141.499,9562.9501953125,2.8389339513325673,1.89142760198847
2001-10-05,1071.3800048828125,7026800000,2.924286240322349,32.04,4.52,1.81,177.5,4.9,3.07,81.8,141.499,9837.1103515625,2.7793862188766782,1.9836796233509602
2001-10-12,1091.6500244140625,5576180000,1.8919542495537955,33.3,4.68,1.87,177.5,4.9,3.07,81.8,141.499,10049.1201171875,2.7793862188766782,2.036025068781425
2001-10-19,1073.47998046875,6245200000,-1.6644568807723137,34.466,4.63,1.86,178.2,4.9,3.07,81.8,140.3,9894.8896484375,3.1847133757961776,1.6876568595390533
2001-10-26,1104.6099853515625,6368100000,2.899914805045478,30.616000000000003,4.53,1.9,178.2,4.9,3.07,82.7,140.3,10185.5302734375,2.6497695852534475,1.1738437922235265
2001-11-02,1087.199951171875,6195300000,-1.5761250043513253,32.336,4.37,1.89,178.2,5.4,3.07,82.7,140.3,10016.8095703125,2.6497695852534475,1.2634411344976189
2001-11-09,1120.31005859375,6646300000,3.0454478393037165,28.898000000000003,4.34,1.89,178.2,5.4,2.49,82.7,140.3,10297.23046875,2.6497695852534475,1.2609091151763783
2001-11-16,1138.6500244140625,5605400000,1.6370437522745585,25.915,4.91,1.82,177.6,5.4,2.49,82.7,139.307,10486.669921875,2.304147465437789,1.199889805804773
2001-11-23,1150.3399658203125,4086600000,1.0266492034956443,24.005000000000003,5.04,1.84,177.6,5.4,2.49,83.9,139.307,10596.400390625,2.304147465437789,1.1453842232190843
2001-11-30,1139.449951171875,6560800000,-0.9466779362631073,24.541999999999998,4.78,1.94,177.6,5.4,2.49,83.9,136.891,10531.4501953125,2.127659574468077,1.0743289041833743
2001-12-07,1158.31005859375,7022800000,1.6551940172956359,24.014,5.2,2.01,177.6,5.7,2.09,83.9,136.891,10745.3701171875,2.127659574468077,0.983863203965387
2001-12-14,1123.0899658203125,6853900000,-3.0406446453721148,25.266,5.24,2.04,177.6,5.7,2.09,83.9,137.139,10443.5595703125,2.127659574468077,1.0657477642285036
2001-12-21,1144.8900146484375,7283800000,1.9410776956058085,23.259999999999998,5.12,1.95,177.6,5.7,2.09,88.8,137.139,10644.8095703125,2.127659574468077,1.0786858493917155
2001-12-28,1161.02001953125,3024470000,1.40886938277347,21.975,5.15,1.99,177.6,5.7,2.09,88.8,137.139,10818.5703125,1.9517795637198576,0.9942792394861348
2002-01-04,1172.510009765625,5026500000,0.989646176731207,22.075,5.18,1.99,177.6,5.8,2.09,88.8,137.139,10932.3203125,1.9517795637198576,0.9147146350997113
2002-01-11,1145.5999755859375,6530000000,-2.2950792705869194,22.172,4.92,2.16,177.6,5.8,1.82,88.8,137.139,10698.2197265625,1.9517795637198576,0.7539480701364487
2002-01-18,1127.5799560546875,6869200000,-1.5729765987497757,22.9,4.94,2.03,177.3,5.8,1.82,88.8,136.737,10509.3603515625,1.7795637198622316,0.7240041749983466
2002-01-25,1133.280029296875,5688700000,0.5055138849870744,21.9125,5.1,1.93,177.3,5.8,1.82,88.8,136.737,10576.51953125,1.6045845272206316,0.7847032324228965
2002-02-01,1122.199951171875,7942600000,-0.9776999363409256,22.184,5.02,1.94,177.3,5.6,1.82,93.0,136.737,10490.169921875,1.6045845272206316,0.9690702555859166
2002-02-08,1096.219970703125,7695200000,-2.315093708712068,24.956,4.9,1.95,177.3,5.6,1.73,93.0,136.737,10249.3203125,1.6045845272206316,1.1507873199433725
2002-02-15,1104.1800537109375,6101200000,0.7261392075083917,21.678,4.86,1.89,177.3,5.6,1.73,93.0,136.518,10315.4697265625,1.6045845272206316,1.233453706918358
2002-02-22,1089.8399658203125,5421400000,-1.2987091953373664,23.4375,4.84,1.87,177.6,5.6,1.73,93.0,136.518,10179.2900390625,1.7765042979942747,1.2963684481374735
2002-03-01,1131.780029296875,6919100000,3.848277250962684,21.312,4.98,1.8,177.6,5.6,1.73,90.7,136.518,10560.009765625,1.081388730791133,1.3044869618418888
2002-03-08,1164.31005859375,7614300000,2.8742360224437213,20.009999999999998,5.33,1.73,177.6,5.5,1.74,90.7,136.518,10890.669921875,1.081388730791133,1.2327475735038997
2002-03-15,1166.1600341796875,6571300000,0.15889028633591096,19.302,5.35,1.72,177.6,5.5,1.74,90.7,137.634,10904.6904296875,1.081388730791133,1.1691075388121583
2002-03-22,1148.699951171875,6311900000,-1.4972287247088212,18.294,5.4,1.63,178.0,5.5,1.74,90.7,137.634,10776.8603515625,1.3090495162208393,1.0495401103549458
2002-03-29,1147.3900146484375,4609200000,-0.11403643937663022,17.9275,5.42,1.7,178.0,5.5,1.74,95.7,137.634,10775.740234375,1.3090495162208393,1.0128760462709938
2002-04-05,1122.72998046875,5841300000,-2.1492285852987347,19.4,5.22,1.73,178.0,5.7,1.73,95.7,137.634,10551.4296875,1.0215664018161208,0.7852586955178569
2002-04-12,1111.010009765625,6566300000,-1.0438815126529222,19.398000000000003,5.18,1.77,178.0,5.7,1.73,95.7,137.634,10505.9697265625,1.0215664018161208,0.7976884868795916
2002-04-19,1125.1700439453125,6382900000,1.2745190462032596,18.79,5.21,1.85,178.6,5.7,1.73,95.7,138.845,10635.0498046875,1.3620885357548351,0.9875782808698608
2002-04-26,1076.3199462890625,6835100000,-4.341574673012206,20.782,5.08,1.86,178.6,5.7,1.73,93.0,138.845,10208.259765625,1.3045944412932498,0.9999131687590166
2002-05-03,1073.4300537109375,7043200000,-0.2684975399823042,21.256,5.08,1.91,178.6,6.0,1.73,93.0,138.845,10202.0400390625,1.3045944412932498,1.0561540049393012
2002-05-10,1054.989990234375,6304200000,-1.717863535943831,21.772,5.15,1.96,178.6,6.0,1.75,93.0,138.845,10017.4697265625,1.3045944412932498,1.2941071524115186
2002-05-17,1106.5899658203125,6454300000,4.891039352370918,19.092000000000002,5.27,1.86,179.5,6.0,1.75,93.0,139.151,10474.1796875,1.8150879183210344,1.4589656624981953
2002-05-24,1083.8199462890625,5404900000,-2.05767449864509,19.2,5.16,1.88,179.5,6.0,1.75,93.0,139.151,10250.6396484375,1.527149321266963,1.4784484306385501
2002-05-31,1067.1400146484375,4642200000,-1.538994710121011,20.322499999999998,5.08,1.86,179.5,6.0,1.75,96.9,139.151,10106.490234375,1.527149321266963,1.4624061053077362
2002-06-07,1027.530029296875,7033800000,-3.7117889693801587,23.508000000000003,5.1,1.94,179.5,5.8,1.75,96.9,139.151,9752.6904296875,1.527149321266963,1.402606514259575
2002-06-14,1007.27001953125,7188820000,-1.9717194814723449,24.66,4.83,1.91,179.5,5.8,1.75,96.9,139.334,9549.7197265625,1.527149321266963,1.0820029886097025
2002-06-21,989.1400146484375,6652700000,-1.7999150705636624,25.93,4.79,1.91,179.5,5.8,1.75,96.9,139.334,9389.98046875,1.527149321266963,1.2251521589669334
2002-06-28,989.8200073242188,9106190000,0.06874584646370252,26.986,4.86,1.96,179.5,5.8,1.75,92.4,139.334,9384.0302734375,1.1267605633802802,1.2876694370612936
2002-07-05,989.030029296875,5475700000,-0.07981027070560476,28.15,4.9,2.0,179.5,5.9,1.75,92.4,139.334,9313.400390625,1.1267605633802802,1.4129804642982464
2002-07-12,921.3900146484375,8038080000,-6.839025372821528,31.872000000000003,4.63,2.07,179.5,5.9,1.75,92.4,139.334,8711.599609375,1.1267605633802802,1.7357508360445852
2002-07-19,847.75,11375400000,-7.992274007498912,36.084,4.61,2.13,179.7,5.9,1.75,92.4,140.57,8082.990234375,1.2394366197183038,1.7221632906809998
2002-07-26,852.8400268554688,11685440000,0.6004160254165392,40.286,4.43,2.23,179.7,5.9,1.75,88.1,140.57,8091.6298828125,1.0118043844856484,2.2294790202268673
2002-08-02,864.239990234375,8864400000,1.3367059495248412,34.704,4.33,2.34,179.7,5.9,1.75,88.1,140.57,8186.56005859375,1.0118043844856484,2.7626860718237656
2002-08-09,908.6400146484375,7371600000,5.1374646991308115,39.5,4.27,2.17,179.7,5.9,1.73,88.1,140.57,8571.8701171875,1.0118043844856484,2.839955665829791
2002-08-16,928.77001953125,6638400000,2.215399339484403,32.694,4.32,2.04,179.9,5.9,1.73,88.1,140.687,8770.2802734375,1.1242270938729648,2.9359900509561685
2002-08-23,940.8599853515625,6405900000,1.3017179243591803,28.7,4.25,2.06,179.9,5.9,1.73,88.1,140.687,8876.8896484375,1.1242270938729648,2.503342465996727
2002-08-30,916.0700073242188,5672200000,-2.6348211650302766,31.926,4.14,2.0,179.9,5.9,1.73,87.6,140.687,8654.0400390625,1.4092446448703555,2.1406008234196756
2002-09-06,893.9199829101562,5247700000,-2.4179401396145828,38.15,4.05,1.97,179.9,5.7,1.74,87.6,140.687,8481.2001953125,1.4092446448703555,2.0219907608266054
2002-09-13,889.8099975585938,5626200000,-0.45977105670940155,35.932,3.92,1.85,179.9,5.7,1.74,87.6,140.687,8440.9296875,1.4092446448703555,1.831695032740067
2002-09-20,845.3900146484375,7267800000,-4.992075053329714,38.38,3.79,1.85,180.5,5.7,1.74,87.6,140.542,8023.169921875,1.6901408450704203,1.6460051738723227
2002-09-27,827.3699951171875,7860140000,-2.131562854896485,37.82,3.69,1.87,180.5,5.7,1.74,86.1,140.542,7872.5400390625,1.6901408450704203,1.698222645583248
2002-10-04,800.5800170898438,8682100000,-3.237968283288939,37.482,3.69,1.91,180.5,5.6,1.74,86.1,140.542,7598.6201171875,1.6901408450704203,1.927294923918653
2002-10-11,835.3200073242188,9344320000,4.339352655922757,39.80800000000001,3.83,1.98,180.5,5.6,1.75,86.1,140.542,7873.02978515625,1.6901408450704203,2.085254264929268
2002-10-18,884.3900146484375,6744490000,5.874396266576287,34.4125,4.14,2.05,180.8,5.6,1.75,86.1,140.493,8323.7802734375,1.8591549295774668,2.6463538935683832
2002-10-25,897.6500244140625,7631070000,1.499339606507899,32.886,4.12,2.14,180.8,5.6,1.75,80.6,140.493,8450.6396484375,1.4590347923681302,2.5840921925408487
2002-11-01,900.9600219726562,7426300000,0.3687403184503113,31.002,4.01,2.25,180.8,5.7,1.75,80.6,140.493,8502.2001953125,1.4590347923681302,2.3029005846245783
2002-11-08,894.739990234375,7587400000,-0.6903782173000805,30.722,3.85,1.98,180.8,5.7,1.75,80.6,140.493,8438.7998046875,1.4590347923681302,1.989775396067858
2002-11-15,909.8300170898438,5759600000,1.6865264792194967,29.285,4.05,2.14,180.8,5.7,1.75,80.6,139.293,8584.0498046875,1.4590347923681302,1.4064236567052162
2002-11-22,930.5499877929688,8179200000,2.277345252841778,25.472,4.18,2.08,181.3,5.7,1.75,80.6,139.293,8783.1298828125,2.083333333333348,1.2745911398595857
2002-11-29,936.3099975585938,5111360000,0.6189898276487416,26.197499999999998,4.22,2.14,181.3,5.7,1.75,84.2,139.293,8846.7099609375,2.083333333333348,1.3432083994532904
2002-12-06,912.22998046875,7180600000,-2.571799633949423,28.738,4.09,2.2,181.3,6.0,1.34,84.2,110.448,8629.16015625,2.083333333333348,1.4252836793218733
2002-12-13,889.47998046875,6478600000,-2.4938886560503026,28.554000000000002,4.07,2.2,181.3,6.0,1.34,84.2,110.448,8426.08984375,2.083333333333348,1.4234119839969408
2002-12-20,895.760009765625,7138230000,0.7060337989355903,27.622000000000003,3.97,2.21,181.5,6.0,1.34,84.2,110.796,8475.259765625,2.195945945945943,1.433792936342403
2002-12-27,875.4000244140625,3049910000,-2.2729285890860096,27.4025,3.83,2.23,181.5,6.0,1.34,86.7,110.796,8305.4501953125,2.195945945945943,1.2790573160210275
2003-01-03,908.5900268554688,4506300000,3.791409814458424,27.0775,4.05,2.26,181.5,6.0,1.34,86.7,110.796,8593.2197265625,2.195945945945943,1.248168542186343
2003-01-10,927.5700073242188,7494400000,2.0889488006419876,24.828,4.16,2.37,181.5,6.0,1.24,86.7,110.796,8758.4296875,2.195945945945943,1.403084086556175
2003-01-17,901.780029296875,7100600000,-2.780380760880863,25.137999999999998,4.05,2.35,181.6,6.0,1.24,86.7,110.602,8530.3203125,2.2522522522522515,1.331832614132031
2003-01-24,861.4000244140625,6215350000,-4.477810948452376,28.91,3.94,2.28,181.6,6.0,1.24,86.7,110.602,8175.75,2.425267907501394,1.3767301816956106
2003-01-31,855.7000122070312,7579230000,-0.6617148880287638,32.074,4.0,2.28,181.6,6.0,1.24,82.4,110.602,8125.06982421875,2.425267907501394,1.525465468414762
2003-02-07,829.6900024414062,6868600000,-3.039617785973814,32.836,3.96,2.33,181.6,5.7,1.24,82.4,110.602,7873.419921875,2.425267907501394,1.326297338621552
2003-02-14,834.8900146484375,6699600000,0.626741577183032,33.664,3.95,2.33,181.6,5.7,1.24,82.4,111.129,7896.93994140625,2.425267907501394,1.2422533925603647
2003-02-21,848.1699829101562,4918700000,1.5906248761773378,30.9575,3.9,2.27,182.2,5.7,1.24,82.4,111.129,8035.97021484375,2.7636773829667005,1.4062537371180563
2003-02-28,841.1500244140625,6748400000,-0.8276593887474704,31.163999999999998,3.71,2.18,182.2,5.7,1.24,79.9,111.129,7972.60009765625,2.5900900900900803,1.274600748076282
2003-03-07,828.8900146484375,6465900000,-1.4575295024410462,31.018,3.63,2.24,182.2,5.8,1.26,79.9,111.129,7857.31982421875,2.5900900900900803,1.1951483948952961
2003-03-14,833.27001953125,7660900000,0.5284181019685974,32.634,3.72,2.16,182.2,5.8,1.26,79.9,111.108,7896.3701171875,2.5900900900900803,1.3966061356040798
2003-03-21,895.7899780273438,8051730000,7.502965069025747,30.566000000000003,4.11,2.31,183.3,5.8,1.26,79.9,111.108,8463.3203125,3.209459459459474,1.5949960308202464
2003-03-28,863.5,6406000000,-3.60463711577248,28.616000000000003,3.92,2.36,183.3,5.8,1.26,77.6,111.108,8185.580078125,2.977528089887649,1.7534462537402196
2003-04-04,878.8499755859375,7127600000,1.7776462751520006,28.574,3.96,2.41,183.3,5.8,1.26,77.6,111.108,8320.0,2.977528089887649,1.8030202883339719
2003-04-11,868.2999877929688,6440000000,-1.200431027597737,26.546,4.0,2.35,183.3,5.8,1.25,77.6,111.108,8227.5400390625,2.977528089887649,1.640190864161945
2003-04-18,893.5800170898438,5609400000,2.911439554563544,22.4975,3.98,2.27,183.9,5.8,1.25,77.6,110.14,8466.830078125,2.9675251959686566,1.447133395376432
2003-04-25,898.8099975585938,7401000000,0.5852839554070011,20.916,3.91,2.34,183.9,5.8,1.25,86.0,110.14,8525.8896484375,2.9675251959686566,1.254917155919142
2003-05-02,930.0800170898438,7538910000,3.4790466968755984,21.006,3.94,2.38,183.9,6.0,1.25,86.0,110.14,8834.0595703125,2.9675251959686566,1.1681072823639886
2003-05-09,933.4099731445312,7333500000,0.35802898605505895,20.772,3.69,2.24,183.9,6.0,1.26,86.0,110.14,8883.33984375,2.9675251959686566,1.1048835063006028
2003-05-16,944.2999877929688,7212900000,1.1666914819594698,19.413999999999998,3.46,2.08,183.3,6.0,1.26,86.0,109.656,8989.8701171875,2.6315789473684292,1.055009585036968
2003-05-23,933.219970703125,6988300000,-1.1733577499815628,20.392000000000003,3.34,1.96,183.3,6.0,1.26,86.0,109.656,8916.23046875,2.116991643454047,1.0665997379491066
2003-05-30,963.5900268554688,6465600000,3.254329858528604,19.98,3.37,2.04,183.3,6.0,1.26,92.1,109.656,9218.8896484375,2.116991643454047,1.0189230558406441
2003-06-06,987.760009765625,8261700000,2.5083263874192907,20.878,3.37,2.1,183.3,6.1,1.26,92.1,109.656,9452.5400390625,2.116991643454047,1.0073771710649662
2003-06-13,988.6099853515625,6927100000,0.08605081978760865,20.814,3.13,2.03,183.3,6.1,1.26,92.1,109.656,9454.259765625,2.116991643454047,1.0051721230103208
2003-06-20,995.6900024414062,7542600000,0.71615876784068,19.786,3.4,2.18,183.3,6.1,1.26,92.1,109.583,9511.990234375,2.116991643454047,0.986341707940881
2003-06-27,976.219970703125,6900800000,-1.9554310769959726,20.139999999999997,3.58,2.2,183.3,6.1,1.26,89.7,109.583,9358.4697265625,2.116991643454047,1.0305747983682352
2003-07-04,985.7000122070312,5342600000,0.9710968622244298,19.35,3.67,2.35,183.3,6.4,1.26,89.7,109.583,9462.509765625,2.116991643454047,1.020499334622952
2003-07-11,998.1400146484375,7291200000,1.2620475081006166,19.226,3.66,2.37,183.3,6.4,1.22,89.7,109.583,9610.9296875,2.116991643454047,1.0780756746085225
2003-07-18,993.3200073242188,7656100000,-0.4828989173344067,19.646,4.0,2.49,183.6,6.4,1.22,89.7,109.678,9546.66015625,2.2841225626740957,0.9876569210398435
2003-07-25,998.6799926757812,7013100000,0.5396030797769846,18.788,4.22,2.7,183.6,6.4,1.22,89.7,109.678,9599.3603515625,2.17028380634392,1.013955779086547
2003-08-01,980.1500244140625,7228000000,-1.8554460285192143,19.224,4.44,2.59,183.6,6.2,1.22,90.9,109.678,9454.16015625,2.17028380634392,1.0097563991140164
2003-08-08,977.5900268554688,6637300000,-0.2611842569839373,21.06,4.27,2.55,183.6,6.2,1.01,90.9,109.678,9392.73046875,2.17028380634392,0.931309580555569
2003-08-15,990.6699829101562,5186470000,1.33797969449021,18.64,4.55,2.7,183.9,6.2,1.01,90.9,110.037,9547.509765625,2.33722871452422,0.9071046107787059
2003-08-22,993.0599975585938,6355000000,0.24125235342415952,18.05,4.48,2.51,183.9,6.2,1.01,90.9,110.037,9612.4697265625,2.2234574763757564,0.7763340071352032
2003-08-29,1008.010009765625,5312100000,1.5054490407211407,19.052,4.45,2.5,183.9,6.2,1.01,89.3,110.037,9770.5595703125,2.2234574763757564,0.6899619712295619
2003-09-05,1021.3900146484375,6065200000,1.327368255591388,18.835,4.35,2.63,183.9,6.1,1.03,89.3,110.037,9906.6904296875,2.2234574763757564,0.5938244238304219
2003-09-12,1018.6300048828125,6868800000,-0.2702209465573202,19.01,4.27,2.61,183.9,6.1,1.03,89.3,110.037,9877.3095703125,2.2234574763757564,0.6549037653684987
2003-09-19,1036.300048828125,6910110000,1.7346871641922057,18.113999999999997,4.17,2.47,184.5,6.1,1.03,89.3,110.213,10054.0703125,2.55697609783212,0.7299216855479732
2003-09-26,996.8499755859375,7139000000,-3.806819587319199,20.966,4.04,2.44,184.5,6.1,1.03,87.7,110.213,9646.4599609375,2.216066481994461,0.8830956625304239
2003-10-03,1029.8499755859375,7363100000,3.3104279287967,21.152,4.21,2.56,184.5,6.1,1.03,87.7,110.213,9990.2998046875,2.216066481994461,1.020023756509543
2003-10-10,1038.06005859375,6254600000,0.797211555318178,19.074,4.29,2.64,184.5,6.1,1.01,87.7,110.213,10085.3203125,2.216066481994461,1.0255845066380507
2003-10-17,1039.3199462890625,5562700000,0.12136944147713713,17.4675,4.41,2.51,185.0,6.1,1.01,87.7,110.602,10098.3798828125,2.4930747922437657,0.9660142775104881
2003-10-24,1028.9100341796875,7342400000,-1.0016080367305613,17.330000000000002,4.24,2.48,185.0,6.1,1.01,87.7,110.602,9983.5,2.3230088495575174,0.8952674005593273
2003-10-31,1050.7099609375,7692200000,2.1187398347410236,16.746000000000002,4.33,2.48,185.0,6.1,1.01,89.6,110.602,10224.51953125,2.3230088495575174,0.7614863107033558
2003-11-07,1053.2099609375,7092000000,0.23793435800012475,16.726,4.48,2.44,185.0,6.0,1.01,89.6,110.602,10289.759765625,2.3230088495575174,0.6562831306761322
2003-11-14,1050.3499755859375,5332000000,-0.2715494020790188,16.945,4.22,2.38,185.0,6.0,1.01,89.6,111.751,10244.66015625,2.3230088495575174,0.7066285937951738
2003-11-21,1035.280029296875,6655300000,-1.4347547616836653,18.994,4.15,2.31,185.0,6.0,1.01,89.6,111.751,10098.8798828125,2.0408163265306145,0.7134476965513519
2003-11-28,1058.199951171875,4221420000,2.2138862169075457,16.675,4.34,2.28,185.0,6.0,1.01,93.7,111.751,10352.2197265625,2.0408163265306145,0.7332713425642342
2003-12-05,1061.5,6928900000,0.3118549405025428,16.612000000000002,4.23,2.35,185.0,5.9,1.0,93.7,111.751,10352.599609375,2.0408163265306145,0.7317101630776872
2003-12-12,1074.1400146484375,6792600000,1.1907691614166271,17.036,4.26,2.42,185.0,5.9,1.0,93.7,111.751,10464.48046875,2.0408163265306145,0.7545363843161856
2003-12-19,1088.6600341796875,7747600000,1.3517808975771484,16.264,4.15,2.33,184.6,5.9,1.0,93.7,112.946,10579.419921875,1.7079889807162463,0.7108816167751548
2003-12-26,1095.8900146484375,3271130000,0.6641173774876163,16.884999999999998,4.17,2.35,184.6,5.9,1.0,92.6,112.946,10659.4404296875,1.7079889807162463,0.6144566424645903
2004-01-02,1108.47998046875,4252100000,1.1488347965604273,17.825,4.38,2.44,184.6,5.9,1.0,92.6,112.946,10777.8603515625,1.7079889807162463,0.6087840259870476
2004-01-09,1121.8599853515625,8366700000,1.2070587758521656,16.416,4.11,2.43,184.6,5.7,0.98,92.6,112.946,10929.0,1.7079889807162463,0.5860092470145272
2004-01-16,1139.8299560546875,8036800000,1.6018015561445997,16.434,4.04,2.34,185.0,5.7,0.98,92.6,113.187,11116.0400390625,1.9283746556473913,0.562970384752034
2004-01-23,1141.550048828125,6710700000,0.15090784062135043,14.775,4.09,2.38,185.0,5.7,0.98,92.6,113.187,11156.7900390625,1.8722466960352513,0.5455487817781656
2004-01-30,1131.1300048828125,8552600000,-0.9127978187210783,16.09,4.16,2.32,185.0,5.7,0.98,103.8,113.187,11029.2001953125,1.8722466960352513,0.6753788949383633
2004-02-06,1142.760009765625,7755100000,1.0281757916957845,17.206,4.12,2.35,185.0,5.6,1.0,103.8,113.187,11129.41015625,1.8722466960352513,0.694656671560703
2004-02-13,1145.81005859375,7200200000,0.2669019568466213,15.722,4.05,2.35,185.0,5.6,1.0,103.8,113.187,11174.0,1.8722466960352513,0.7164768424231194
2004-02-20,1144.1099853515625,5821300000,-0.14837304223651593,15.7075,4.1,2.35,185.8,5.6,1.0,103.8,113.795,11143.580078125,2.312775330396488,0.7476029723829618
2004-02-27,1144.93994140625,7209000000,0.07254163195091756,15.3,3.99,2.33,185.8,5.6,1.0,94.4,113.795,11172.8896484375,1.975850713501659,0.6469286468996029
2004-03-05,1156.8599853515625,6971600000,1.0411064820283977,14.546000000000001,3.85,2.28,185.8,5.6,1.01,94.4,113.795,11314.419921875,1.975850713501659,0.597160612063309
2004-03-12,1120.5699462890625,7680600000,-3.1369430632931516,18.006,3.78,2.24,185.8,5.6,1.01,94.4,113.795,10968.1796875,1.975850713501659,0.6282540127709677
2004-03-19,1109.780029296875,7418000000,-0.9628954469036,19.451999999999998,3.8,2.24,186.3,5.6,1.01,94.4,114.59,10852.9697265625,2.250274423710219,0.7976975035877956
2004-03-26,1108.06005859375,7229100000,-0.15498302886336468,19.454,3.85,2.26,186.3,5.6,1.01,95.8,114.59,10840.1796875,1.6366612111292866,0.9070047445675116
2004-04-02,1141.81005859375,7488500000,3.0458637813217893,16.362000000000002,4.15,2.29,186.3,5.7,1.01,95.8,114.59,11202.419921875,1.6366612111292866,0.9880091405569708
2004-04-09,1139.3199462890625,5470000000,-0.21808463552636104,15.5775,4.21,2.33,186.3,5.7,1.0,95.8,114.59,11166.0595703125,1.6366612111292866,0.9573578920484058
2004-04-16,1134.6099853515625,7129800000,-0.41340107779567203,15.768,4.37,2.34,187.2,5.7,1.0,95.8,114.523,11078.099609375,2.127659574468077,0.8178326791746036
2004-04-23,1140.5999755859375,7664300000,0.5279338549553536,15.262,4.48,2.19,187.2,5.7,1.0,95.8,114.523,11150.419921875,1.7944535073409318,0.7732516030624447
2004-04-30,1107.300048828125,8157900000,-2.919509685304522,15.984,4.53,2.22,187.2,5.7,1.0,94.2,114.523,10793.66015625,1.7944535073409318,0.7644516175634182
2004-05-07,1098.699951171875,7865600000,-0.7766727424379338,16.824,4.79,2.15,187.2,5.6,1.0,94.2,114.523,10686.0400390625,1.7944535073409318,0.7855151810480157
2004-05-14,1095.699951171875,7896800000,-0.2730499802789832,18.762,4.79,2.2,187.6,5.6,1.0,94.2,115.423,10634.7197265625,2.0119630233822683,0.8143030525743864
2004-05-21,1093.56005859375,6801300000,-0.19529913968110435,19.076,4.76,2.16,187.6,5.6,1.0,94.2,115.423,10625.099609375,2.345881069285305,0.7475907057759322
2004-05-28,1120.6800537109375,6762700000,2.479973084611564,16.157999999999998,4.66,2.12,187.6,5.6,1.0,90.2,115.423,10926.3603515625,2.345881069285305,0.7336580498111739
2004-06-04,1122.5,4837400000,0.1623965986577547,16.5475,4.78,2.08,187.6,5.6,1.0,90.2,115.423,10936.3203125,2.345881069285305,0.6954889969325081
2004-06-11,1136.469970703125,4839500000,1.2445408198775043,15.2075,4.81,2.0,187.6,5.6,1.0,90.2,115.423,11045.9501953125,2.345881069285305,0.6733930047052149
2004-06-18,1135.02001953125,6491000000,-0.12758376457390197,15.209999999999999,4.72,1.91,188.8,5.6,1.0,90.2,116.947,11034.1396484375,3.000545553737033,0.6926396022797577
2004-06-25,1134.4300537109375,7158200000,-0.051978450614131866,14.709999999999999,4.66,1.92,188.8,5.6,1.0,95.6,116.947,11073.599609375,3.000545553737033,0.6581602648435528
2004-07-02,1125.3800048828125,6784100000,-0.7977617305289564,15.232,4.48,1.94,188.8,5.6,1.0,95.6,116.947,10997.5498046875,3.000545553737033,0.6426548127580565
2004-07-09,1112.81005859375,5199300000,-1.1169512728610664,16.009999999999998,4.49,1.94,188.8,5.6,1.03,95.6,116.947,10842.6796875,3.000545553737033,0.590716734089632
2004-07-16,1101.3900146484375,6635300000,-1.026234787969471,14.446000000000002,4.38,1.84,189.4,5.6,1.03,95.6,116.19,10733.169921875,3.327877795962908,0.5001661208965931
2004-07-23,1086.199951171875,7463500000,-1.3791720711587518,15.6,4.45,1.76,189.4,5.6,1.03,95.6,116.19,10553.8203125,3.1590413943355156,0.5307824018621241
2004-07-30,1101.719970703125,7406800000,1.428836331147476,16.2,4.5,1.82,189.4,5.6,1.03,96.7,116.19,10701.650390625,3.1590413943355156,0.5936601163208078
2004-08-06,1063.969970703125,6901900000,-3.4264605347861354,17.054,4.24,1.84,189.4,5.5,1.26,96.7,116.19,10307.83984375,3.1590413943355156,0.6240604199167752
2004-08-13,1064.800048828125,6322200000,0.07801706324959135,18.291999999999998,4.22,1.75,189.4,5.5,1.26,96.7,116.19,10304.66015625,3.1590413943355156,0.7883402534886065
2004-08-20,1098.3499755859375,6205800000,3.150819423302642,16.756,4.24,1.78,189.3,5.5,1.26,96.7,116.213,10665.330078125,2.9363784665579207,0.8750186896165462
2004-08-27,1107.77001953125,5175600000,0.8576541316247743,15.162,4.23,1.75,189.3,5.5,1.26,95.9,116.213,10755.01953125,2.9363784665579207,0.8463501984210202
2004-09-03,1113.6300048828125,5165970000,0.5289893432972814,14.766,4.3,1.69,189.3,5.4,1.26,95.9,116.213,10820.8798828125,2.9363784665579207,0.8096342596073651
2004-09-10,1123.9200439453125,5093200000,0.9240087836518862,13.975,4.19,1.69,189.3,5.4,1.43,95.9,116.213,10936.9296875,2.9363784665579207,0.6554577477994672
2004-09-17,1128.550048828125,6296800000,0.41195144688048746,13.958000000000002,4.14,1.61,189.4,5.4,1.43,95.9,116.62,10993.599609375,2.9907558455682492,0.5350045991041
2004-09-24,1110.1099853515625,6444200000,-1.6339606290133535,14.382,4.04,1.42,189.4,5.4,1.43,95.9,116.62,10838.2998046875,2.655826558265595,0.5722680975062064
2004-10-01,1131.5,7393200000,1.9268374242813024,13.55,4.21,1.58,189.4,5.4,1.43,94.2,116.62,11058.7001953125,2.655826558265595,0.6186951591980356
2004-10-08,1122.1400146484375,7108200000,-0.8272192091526742,14.038,4.15,1.54,189.4,5.4,1.61,94.2,116.62,10964.51953125,2.655826558265595,0.652820844675231
2004-10-15,1108.199951171875,6000900000,-1.2422748760928748,15.485,4.07,1.54,189.4,5.4,1.61,94.2,116.666,10838.669921875,2.655826558265595,0.7096450351637013
2004-10-22,1095.739990234375,7939100000,-1.1243423106384487,14.902000000000001,4.0,1.45,189.7,5.4,1.61,94.2,116.666,10748.0400390625,2.540540540540537,0.7120394045458319
2004-10-29,1130.199951171875,7936800000,3.1449031015222007,16.07,4.05,1.49,189.7,5.4,1.61,91.7,116.666,11068.9501953125,2.540540540540537,0.7715788788868355
2004-11-05,1166.1700439453125,8329500000,3.1826308907676903,14.86,4.21,1.41,189.7,5.5,1.76,91.7,116.666,11409.58984375,2.540540540540537,0.7667505949523628
2004-11-12,1184.1700439453125,5845400000,1.5435141807539132,13.455,4.2,1.34,189.7,5.5,1.76,91.7,116.666,11609.669921875,2.540540540540537,0.7429258725546657
2004-11-19,1170.3399658203125,7485200000,-1.1679131891330519,13.256,4.2,1.25,190.9,5.5,1.76,91.7,117.592,11480.6298828125,3.189189189189201,0.7105459351983618
2004-11-26,1182.6500244140625,4475180000,1.0518361290961842,12.7875,4.24,1.21,190.9,5.5,1.76,92.8,117.592,11635.6396484375,3.189189189189201,0.6574817107374932
2004-12-03,1191.1700439453125,8046400000,0.7204176514917116,13.09,4.27,1.33,190.9,5.4,1.76,92.8,117.592,11735.26953125,3.189189189189201,0.6529598367267067
2004-12-10,1188.0,7481900000,-0.26612858184486,13.138,4.16,1.21,190.9,5.4,1.93,92.8,117.592,11691.98046875,3.189189189189201,0.6145310494364853
2004-12-17,1194.199951171875,8805200000,0.5218814117739834,12.367999999999999,4.21,1.18,191.2,5.4,1.93,92.8,117.6,11783.23046875,3.3513513513513393,0.6240868363004386
2004-12-24,1210.1300048828125,5253400000,1.3339519646860865,11.515,4.23,1.21,191.2,5.4,1.93,97.1,116.956,11933.8095703125,3.5752979414951147,0.5851485458703582
2004-12-31,1211.9200439453125,4447600000,0.14792121964395388,12.322,4.24,1.16,191.2,5.4,1.93,97.1,116.956,11971.1396484375,3.5752979414951147,0.5625043540092783
2005-01-07,1186.18994140625,8017700000,-2.1230858147456733,13.844,4.29,1.09,191.2,5.4,2.16,97.1,116.956,11648.8896484375,3.5752979414951147,0.5616241577726615
2005-01-14,1184.52001953125,7387000000,-0.14078030985663625,12.85,4.23,0.99,191.2,5.4,2.16,97.1,117.813,11652.740234375,3.5752979414951147,0.5405777216436995
2005-01-21,1167.8699951171875,6431000000,-1.4056346992473268,13.46,4.16,1.0,191.1,5.4,2.16,97.1,117.813,11507.2900390625,3.297297297297286,0.6087567227647515
2005-01-28,1171.3599853515625,7983300000,0.2988337956250753,13.725999999999999,4.16,0.91,191.1,5.4,2.16,97.1,117.813,11531.25,3.297297297297286,0.6068224761480033
2005-02-04,1203.030029296875,8126140000,2.703698635890084,11.902,4.09,0.8,191.1,5.2,2.16,95.5,117.813,11865.91015625,3.297297297297286,0.6240784470819586
2005-02-11,1205.300048828125,7328450000,0.18869184276113504,11.654,4.1,0.76,191.1,5.2,2.28,95.5,117.813,11875.48046875,3.297297297297286,0.6399851210037774
2005-02-18,1201.5899658203125,7438680000,-0.3078140593638645,11.367999999999999,4.27,0.82,191.2,5.2,2.28,95.5,117.667,11841.7099609375,3.3513513513513393,0.5581268217347322
2005-02-25,1211.3699951171875,6288460000,0.8139240152690741,12.1475,4.27,0.73,191.3,5.2,2.28,95.5,117.667,11934.0498046875,2.9601722282023735,0.6309694634880972
2005-03-04,1222.1199951171875,8325140000,0.8874249852094174,12.297999999999998,4.32,0.75,191.3,5.4,2.28,94.1,117.667,12040.2998046875,2.9601722282023735,0.6618290967760208
2005-03-11,1200.0799560546875,7770730000,-1.8034267625567035,12.53,4.56,0.83,191.3,5.4,2.5,94.1,117.667,11821.5400390625,2.9601722282023735,0.6606721853758695
2005-03-18,1189.6500244140625,8530450000,-0.8691030616754802,13.092000000000002,4.51,0.79,191.3,5.4,2.5,94.1,118.393,11729.759765625,2.9601722282023735,0.6945128354396647
2005-03-25,1171.4200439453125,7902500000,-1.532381800919036,13.84,4.6,0.72,192.0,5.4,2.5,94.1,118.393,11561.6904296875,3.059581320450877,0.6514049714296113
2005-04-01,1172.9200439453125,10449500000,0.12804971263322695,13.998,4.46,0.71,192.0,5.2,2.5,92.6,118.393,11568.740234375,3.059581320450877,0.6179245193039022
2005-04-08,1181.199951171875,9309920000,0.7059225621817822,13.178,4.5,0.73,192.0,5.2,2.63,92.6,118.393,11634.58984375,3.059581320450877,0.6188458811831705
2005-04-15,1142.6199951171875,10599880000,-3.2661664112339395,13.772,4.27,0.73,192.0,5.2,2.63,92.6,118.527,11246.7802734375,3.059581320450877,0.6506881518721445
2005-04-22,1152.1199951171875,10894860000,0.8314225237258999,15.646,4.26,0.64,193.2,5.2,2.63,92.6,118.527,11337.3095703125,3.205128205128216,0.8251046385156018
2005-04-29,1156.8499755859375,10450920000,0.41054581890742625,15.313999999999998,4.21,0.55,193.2,5.2,2.63,87.7,118.527,11363.51953125,3.205128205128216,0.9377998810572155
2005-05-06,1171.3499755859375,10157840000,1.2534036656443481,14.306000000000001,4.28,0.55,193.2,5.2,2.79,87.7,118.527,11538.650390625,3.205128205128216,0.9833467255588182
2005-05-13,1154.050048828125,9765530000,-1.4769221085405015,15.11,4.12,0.51,193.2,5.2,2.79,87.7,118.527,11360.4296875,3.205128205128216,0.9750526786508864
2005-05-20,1189.280029296875,9418050000,3.052725529930367,14.068000000000001,4.13,0.44,194.2,5.2,2.79,87.7,118.277,11729.6103515625,3.518123667377404,0.8664176296363474
2005-05-27,1198.780029296875,8139890000,0.7988026172117468,12.522,4.08,0.44,194.2,5.2,2.79,86.9,118.277,11840.349609375,3.518123667377404,0.7024223992091103
2005-06-03,1196.02001953125,7092090000,-0.2302348803094323,12.41,3.98,0.41,194.2,5.1,2.79,86.9,118.277,11843.9404296875,3.518123667377404,0.6471484053463474
2005-06-10,1198.1099853515625,8602280000,0.17474338106242548,12.282,4.05,0.34,194.2,5.1,3.0,86.9,118.277,11875.98046875,3.518123667377404,0.5887696758389681
2005-06-17,1216.9599609375,9383350000,1.5733092801498039,11.506,4.09,0.37,194.1,5.1,3.0,86.9,118.641,12076.099609375,2.8072033898304927,0.44271359988895453
2005-06-24,1191.5699462890625,9707200000,-2.086347576207681,11.582,3.92,0.33,194.1,5.1,3.0,86.9,118.641,11843.8798828125,2.8072033898304927,0.4312557389238414
2005-07-01,1194.43994140625,8983620000,0.24085830010447395,11.862,4.06,0.3,194.1,5.1,3.0,96.0,118.641,11916.2197265625,2.8072033898304927,0.48152014404712284
2005-07-08,1211.8599853515625,7542540000,1.4584277820451463,11.9725,4.11,0.33,194.1,5.0,3.04,96.0,118.641,12115.5498046875,2.8072033898304927,0.5478464465415551
2005-07-15,1227.9200439453125,9355920000,1.3252404393145234,10.842,4.18,0.32,194.1,5.0,3.04,96.0,119.657,12254.7001953125,2.8072033898304927,0.6017894791318038
2005-07-22,1233.6800537109375,9583550000,0.4690867124473419,10.588,4.23,0.31,194.1,5.0,3.04,96.0,119.657,12337.25,2.48152059134108,0.61994018686325
2005-07-29,1234.1800537109375,9388840000,0.04052914679912867,10.908,4.28,0.26,194.1,5.0,3.04,96.5,119.657,12360.8095703125,2.48152059134108,0.5593009934943638
2005-08-05,1226.4200439453125,9671470000,-0.6287583195249469,12.132,4.4,0.29,194.1,5.0,3.26,96.5,119.657,12258.3701171875,2.48152059134108,0.5295555762670924
2005-08-12,1230.3900146484375,9524840000,0.32370399707051245,12.63,4.24,0.19,194.1,5.0,3.26,96.5,119.657,12283.7900390625,2.48152059134108,0.5335865924428923
2005-08-19,1219.7099609375,8609400000,-0.8680218129037076,13.184000000000001,4.21,0.18,195.1,5.0,3.26,96.5,119.444,12167.91015625,3.063919704173257,0.5697796113860004
2005-08-26,1205.0999755859375,8342950000,-1.1978245500539275,13.675999999999998,4.2,0.14,195.1,5.0,3.26,89.1,119.444,12042.41015625,3.063919704173257,0.542181568783568
2005-09-02,1218.02001953125,9751450000,1.0721138666549779,13.297999999999998,4.03,0.28,195.1,4.9,3.26,89.1,119.444,12189.580078125,3.063919704173257,0.5451570954461519
2005-09-09,1241.47998046875,7947730000,1.9260735095740333,12.59,4.14,0.26,195.1,4.9,3.5,89.1,119.444,12418.0498046875,3.063919704173257,0.5944152026395451
2005-09-16,1237.9100341796875,11238970000,-0.28755568718188407,12.132000000000001,4.26,0.29,196.1,4.9,3.5,89.1,119.678,12356.009765625,3.59218172213418,0.5684392028157087
2005-09-23,1215.2900390625,11341680000,-1.827272943318281,12.972,4.25,0.23,196.1,4.9,3.5,89.1,119.678,12126.919921875,3.5374868004223847,0.6229821331522051
2005-09-30,1228.81005859375,10379110000,1.1124932400235599,12.518,4.34,0.16,196.1,4.9,3.5,76.9,119.678,12289.259765625,3.5374868004223847,0.5976061007407603
2005-10-07,1195.9000244140625,11903800000,-2.67820351481739,13.952000000000002,4.35,0.17,196.1,5.1,3.62,76.9,119.678,11953.83984375,3.5374868004223847,0.6010501622264119
2005-10-14,1186.5699462890625,9330410000,-0.7801720824925362,15.7975,4.48,0.21,198.5,5.1,3.62,76.9,118.016,11835.6103515625,4.804646251319955,0.6083094221637586
2005-10-21,1179.5899658203125,12043340000,-0.5882485470476984,15.148,4.39,0.17,198.5,5.1,3.62,76.9,118.016,11792.5703125,4.638903531892469,0.6920004745365673
2005-10-28,1198.4100341796875,11752780000,1.5954754537342186,14.825999999999999,4.58,0.18,198.5,5.1,3.62,74.2,118.016,11947.3603515625,4.638903531892469,0.880492616178475
2005-11-04,1220.1400146484375,12440550000,1.8132341893836168,13.963999999999999,4.66,0.19,198.5,5.0,3.62,74.2,118.016,12219.599609375,4.638903531892469,0.9365868563564683
2005-11-11,1230.9599609375,8545550000,0.8867790711855283,12.72,4.55,0.11,198.5,5.0,3.78,74.2,107.055,12324.98046875,4.638903531892469,0.8851890647827027
2005-11-18,1248.27001953125,11132060000,1.406224340600537,11.808,4.5,0.1,198.9,5.0,3.78,74.2,107.877,12495.1103515625,4.190675746464123,0.8216106873941431
2005-11-25,1268.25,7119110000,1.6006136617983335,10.815000000000001,4.43,0.1,198.9,5.0,3.78,81.6,107.877,12702.41015625,4.190675746464123,0.6357645942344792
2005-12-02,1265.0799560546875,11400340000,-0.24995418453085394,11.608,4.52,0.09,198.9,5.0,3.78,81.6,107.877,12692.759765625,4.190675746464123,0.5212792773838105
2005-12-09,1259.3699951171875,10605000000,-0.4513517829582314,11.84,4.54,0.11,198.9,5.0,4.0,81.6,107.877,12640.8203125,4.190675746464123,0.5241866766483472
2005-12-16,1267.3199462890625,11176870000,0.6312641402207886,10.894,4.45,0.08,197.8,5.0,4.0,81.6,108.96,12688.7099609375,3.6144578313253017,0.497632522796844
2005-12-23,1268.6600341796875,9444980000,0.10574187635481458,10.788,4.38,0.01,197.8,5.0,4.0,91.5,108.96,12711.6904296875,3.451882845188292,0.47688272577012264
2005-12-30,1248.2900390625,5788870000,-1.6056307102287448,11.65,4.39,-0.02,197.8,5.0,4.0,91.5,108.96,12517.6904296875,3.451882845188292,0.4518933865527738
2006-01-06,1285.449951171875,9949800000,2.9768652273539864,11.205,4.38,0.02,197.8,4.9,4.16,91.5,108.96,12901.6904296875,3.451882845188292,0.5465549110778832
2006-01-13,1287.6099853515625,11605560000,0.168037205782956,11.072,4.36,0.02,197.8,4.9,4.16,91.5,108.96,12944.5703125,3.451882845188292,0.5680782114716523
2006-01-20,1261.489990234375,9703000000,-2.0285641936875654,12.675,4.37,0.0,197.7,4.9,4.16,91.5,109.762,12715.0302734375,3.399581589958167,0.6144069735797676
2006-01-27,1283.719970703125,12962250000,1.7622003060539404,12.9,4.52,0.01,197.7,4.9,4.16,91.5,109.762,12963.41015625,3.4536891679748827,0.7116760876744308
2006-02-03,1264.030029296875,12427960000,-1.5338190458675571,12.778,4.54,-0.05,197.7,4.7,4.16,91.2,109.762,12787.3095703125,3.4536891679748827,0.6621243264347662
2006-02-10,1266.989990234375,11687560000,0.2341685615765421,13.09,4.59,-0.1,197.7,4.7,4.29,91.2,109.762,12774.5302734375,3.4536891679748827,0.6378122209928808
2006-02-17,1287.239990234375,10985360000,1.5982762418078833,12.28,4.54,-0.12,197.7,4.7,4.29,91.2,110.269,12971.5595703125,3.4536891679748827,0.6522201572228103
2006-02-24,1289.4300537109375,8403920000,0.17013637652476543,11.905000000000001,4.58,-0.16,199.0,4.7,4.29,91.2,110.269,13010.580078125,4.079497907949792,0.5664564838766483
2006-03-03,1287.22998046875,11302040000,-0.17062369811031708,11.83,4.68,-0.08,199.0,4.7,4.29,86.7,110.269,13004.509765625,4.0250914793517945,0.586277577298767
2006-03-10,1281.4200439453125,11254670000,-0.45135186498078683,12.45,4.76,0.02,199.0,4.8,4.49,86.7,110.269,12907.01953125,4.0250914793517945,0.562926898830179
2006-03-17,1307.25,11370400000,2.0157290481551016,11.512,4.68,0.03,199.1,4.8,4.49,86.7,110.878,13177.0595703125,4.077365394668053,0.5563679801055559
2006-03-24,1302.949951171875,10471020000,-0.32893852194492146,11.395999999999999,4.67,-0.05,199.1,4.8,4.49,86.7,110.878,13166.76953125,4.077365394668053,0.536557256209291
2006-03-31,1294.8699951171875,10853090000,-0.620127891130462,11.39,4.86,0.04,199.1,4.8,4.49,88.9,110.878,13155.4404296875,3.6979166666666563,0.49855917892444096
2006-04-07,1295.5,11425910000,0.048653910059548444,11.51,4.97,0.08,199.1,4.7,4.59,88.9,110.878,13139.1796875,3.6979166666666563,0.4826746895451725
2006-04-14,1289.1199951171875,7961240000,-0.4924743251881525,12.5825,5.05,0.09,199.1,4.7,4.59,88.9,110.878,13065.259765625,3.6979166666666563,0.49059001197872903
2006-04-21,1311.280029296875,11742950000,1.7190047678744547,11.706,5.01,0.11,199.8,4.7,4.59,88.9,111.2088,13310.58984375,4.062500000000013,0.5777846999095033
2006-04-28,1310.6099853515625,12178330000,-0.05109846335963342,11.738,5.07,0.2,199.8,4.7,4.59,87.4,111.2088,13280.9296875,3.4161490683229934,0.5823726456124751
2006-05-05,1325.760009765625,11961950000,1.1559521584141308,12.0,5.12,0.18,199.8,4.7,4.79,87.4,111.2088,13457.2802734375,3.4161490683229934,0.5769356630312159
2006-05-12,1291.239990234375,11676630000,-2.603790978531073,12.49,5.19,0.18,199.8,4.7,4.79,87.4,111.2088,13078.7197265625,3.4161490683229934,0.5779047463068381
2006-05-19,1267.030029296875,13241860000,-1.8749389052848064,15.469999999999999,5.05,0.09,201.0,4.7,4.79,87.4,112.2624,12811.7998046875,4.037267080745344,0.6277055761023815
2006-05-26,1280.1600341796875,12564040000,1.036282059557725,16.619999999999997,5.06,0.1,201.0,4.7,4.79,79.1,112.2624,12933.2900390625,3.501544799176104,0.6835508672149201
2006-06-02,1288.219970703125,9524050000,0.6296038236033752,15.985,5.0,0.08,201.0,4.6,4.79,79.1,112.2624,13035.7802734375,3.501544799176104,0.832937859881521
2006-06-09,1252.300048828125,13413080000,-2.7883376047488584,17.652,4.98,-0.03,201.0,4.6,4.94,79.1,112.2624,12629.2197265625,3.501544799176104,0.8941107596454139
2006-06-16,1251.5400390625,13689640000,-0.060689110915246314,19.875999999999998,5.13,-0.03,201.9,4.6,4.94,79.1,112.0991,12594.9404296875,3.964984552008244,0.9278431201277287
2006-06-23,1244.5,11276830000,-0.5625100949845363,16.362000000000002,5.23,-0.04,201.9,4.6,4.94,79.1,112.0991,12549.9599609375,4.0185471406491535,0.9977877721503712
2006-06-30,1270.199951171875,11838010000,2.0650824565588533,14.783999999999997,5.15,-0.01,201.9,4.6,4.94,84.9,112.0991,12849.2900390625,4.0185471406491535,0.9702131633954257
2006-07-07,1265.47998046875,7276850000,-0.37159273221277767,13.705,5.14,-0.03,201.9,4.6,4.99,84.9,112.0991,12760.33984375,4.0185471406491535,0.9509528645380811
2006-07-14,1236.199951171875,11428770000,-2.3137489133592815,15.498,5.07,-0.01,201.9,4.6,4.99,84.9,112.0991,12424.7099609375,4.0185471406491535,0.9115462916771093
2006-07-21,1240.2900390625,12379810000,0.3308597356558529,17.107999999999997,5.05,-0.03,202.3,4.6,4.99,84.9,113.2096,12407.16015625,4.224626481195259,0.8702006202106464
2006-07-28,1278.550048828125,12801490000,3.0847631248046348,14.744,5.0,0.02,202.3,4.6,4.99,84.7,113.2096,12798.6103515625,4.224626481195259,0.9535663103710241
2006-08-04,1279.3599853515625,12859150000,0.06334804993983756,14.628,4.91,0.0,202.3,4.8,4.99,84.7,113.2096,12811.599609375,4.224626481195259,0.8547030470261665
2006-08-11,1266.739990234375,11465410000,-0.9864303449915734,14.884,4.97,0.01,202.3,4.8,5.24,84.7,113.2096,12641.2099609375,4.224626481195259,0.7950598926152405
2006-08-18,1302.300048828125,11498940000,2.8072105458019525,12.794,4.84,-0.03,203.2,4.8,5.24,84.7,113.5293,13021.349609375,4.151717068170169,0.7057283387024462
2006-08-25,1295.0899658203125,9159550000,-0.5536422281716469,12.304,4.79,-0.07,203.2,4.8,5.24,84.7,113.5293,12921.5595703125,4.151717068170169,0.5284842965199623
2006-09-01,1311.010009765625,9764390000,1.2292616239389043,12.190000000000001,4.73,-0.04,203.2,4.7,5.24,82.0,113.5293,13128.3798828125,4.151717068170169,0.4643296211482489
2006-09-08,1298.9200439453125,8903090000,-0.9221871480961319,13.352500000000001,4.78,-0.02,203.2,4.7,5.25,82.0,113.5293,12992.2998046875,4.151717068170169,0.49907661291127897
2006-09-15,1319.6600341796875,13444480000,1.596710308001703,11.879999999999999,4.8,-0.07,203.7,4.7,5.25,82.0,113.7063,13213.3896484375,4.407995899538686,0.4767122963035993
2006-09-22,1314.780029296875,12049320000,-0.3697925796355528,11.998000000000001,4.6,-0.07,203.7,4.7,5.25,82.0,113.7063,13137.6298828125,3.87557368689444,0.4454450387057583
2006-09-29,1335.8499755859375,12804030000,1.6025453550835067,11.786,4.64,-0.07,203.7,4.7,5.25,85.4,113.7063,13345.9697265625,3.87557368689444,0.5014972841157481
2006-10-06,1349.5899658203125,13197290000,1.0285578834066555,12.042,4.7,-0.04,203.7,4.6,5.25,85.4,113.7063,13494.830078125,3.87557368689444,0.49505240752422974
2006-10-13,1365.6199951171875,9894410000,1.187770337869365,11.245,4.81,-0.06,203.7,4.6,5.25,85.4,113.7063,13696.3095703125,3.87557368689444,0.4761258886043136
2006-10-20,1368.5999755859375,12630620000,0.2182144725036972,11.138,4.79,-0.08,202.7,4.6,5.25,85.4,113.1336,13717.7099609375,2.1158690176322326,0.47777706590213054
2006-10-27,1377.3399658203125,13562660000,0.638608095154547,10.776,4.68,-0.08,202.7,4.6,5.25,93.6,113.1336,13820.419921875,2.1158690176322326,0.42873955868997227
2006-11-03,1364.300048828125,13460540000,-0.9467464326733066,11.278,4.72,-0.1,202.7,4.4,5.25,93.6,113.1336,13683.51953125,2.1158690176322326,0.4484089515049751
2006-11-10,1380.9000244140625,13287010000,1.2167393529155301,10.959999999999999,4.59,-0.14,202.7,4.4,5.25,93.6,113.1336,13876.4697265625,2.1158690176322326,0.46944524110959607
2006-11-17,1401.199951171875,13806780000,1.4700504307997297,10.376000000000001,4.61,-0.15,201.7,4.4,5.25,93.6,113.6615,14098.1201171875,1.4077425842131674,0.46039938833028665
2006-11-24,1400.949951171875,8214910000,-0.017841850464728193,10.185,4.55,-0.18,201.7,4.4,5.25,92.1,113.6615,14136.25,1.4077425842131674,0.4472079038013429
2006-12-01,1396.7099609375,14949140000,-0.30265108548869213,11.464,4.43,-0.09,201.7,4.4,5.25,92.1,113.6615,14077.7197265625,1.4077425842131674,0.5232391339442649
2006-12-08,1409.8399658203125,13430910000,0.9400666745441821,11.714,4.56,-0.12,201.7,4.5,5.25,92.1,113.6615,14221.8798828125,1.4077425842131674,0.5107962806011145
2006-12-15,1427.0899658203125,13539610000,1.2235431267521912,10.312000000000001,4.6,-0.13,201.7,4.5,5.25,92.1,112.3227,14356.8798828125,1.4077425842131674,0.4973766489346361
2006-12-22,1410.760009765625,11642830000,-1.1442835732714873,10.61,4.63,-0.08,201.7,4.5,5.25,91.7,112.3227,14177.66015625,1.9716885743174872,0.5237543422198627
2006-12-29,1418.300048828125,6164450000,0.5344664585263281,11.1125,4.71,-0.11,201.7,4.5,5.25,91.7,112.3227,14257.5498046875,1.9716885743174872,0.4292253085956775
2007-01-05,1409.7099609375,9353020000,-0.6056608330319513,11.896666666666667,4.65,-0.11,201.7,4.5,5.24,91.7,112.3227,14164.7998046875,1.9716885743174872,0.3983381875439313
2007-01-12,1430.72998046875,14110730000,1.4910882460723363,11.28,4.77,-0.11,201.7,4.5,5.24,91.7,112.3227,14426.0,1.9716885743174872,0.3981985809380318
2007-01-19,1430.5,10889710000,-0.016074344697425413,10.645,4.78,-0.15,202.8,4.5,5.24,91.7,112.4425,14405.7900390625,2.5278058645096024,0.3862804729790377
2007-01-26,1422.1800537109375,13919320000,-0.5816110652962281,10.67,4.88,-0.11,202.8,4.5,5.24,91.7,112.4425,14354.900390625,2.5796661608497917,0.43927969445367854
2007-02-02,1448.3900146484375,13897760000,1.8429425211744066,10.644,4.83,-0.11,202.8,4.6,5.24,96.9,112.4425,14642.4501953125,2.5796661608497917,0.4783745027270248
2007-02-09,1438.06005859375,13434950000,-0.713202656067391,10.612,4.79,-0.13,202.8,4.6,5.25,96.9,112.4425,14556.0498046875,2.5796661608497917,0.46709262260445705
2007-02-16,1455.5400390625,12637490000,1.2155250654721117,10.484,4.69,-0.14,202.8,4.6,5.25,96.9,111.9282,14733.650390625,2.5796661608497917,0.5120872957769316
2007-02-23,1451.18994140625,9475560000,-0.2988648569950625,10.3,4.68,-0.14,203.153,4.6,5.25,96.9,111.9282,14729.830078125,2.758219524532124,0.469374637304292
2007-03-02,1387.1700439453125,17999820000,-4.411545011047979,15.862,4.52,-0.04,203.153,4.6,5.25,91.3,111.9282,14060.1298828125,2.086934673366825,0.7889854303174784
2007-03-09,1402.8399658203125,15617930000,1.1296323722816526,15.841999999999999,4.59,-0.07,203.153,4.5,5.26,91.3,111.9282,14213.26953125,2.086934673366825,0.975300891307484
2007-03-16,1386.949951171875,16123460000,-1.1327033044104762,16.522,4.55,-0.03,203.906,4.5,5.26,91.3,113.1433,14054.3798828125,2.465326633165832,1.061934595268562
2007-03-23,1436.1099853515625,14506880000,3.544470666598376,13.185999999999998,4.62,0.02,203.906,4.5,5.26,91.3,113.1433,14556.4599609375,2.4138623807132165,1.1615799933815611
2007-03-30,1420.8599853515625,14186810000,-1.0618963836719453,14.280000000000001,4.65,0.07,203.906,4.5,5.26,88.4,113.1433,14409.26953125,2.4138623807132165,0.953689793681838
2007-04-06,1443.760009765625,10771190000,1.6117016912399196,13.615,4.68,0.05,203.906,4.5,5.26,88.4,113.1433,14640.3798828125,2.4138623807132165,0.7899244987906657
2007-04-13,1452.8499755859375,13270300000,0.6296036570363261,12.844,4.76,0.0,203.906,4.4,5.26,88.4,113.1433,14736.4404296875,2.4138623807132165,0.6714095838011409
2007-04-20,1484.3499755859375,15005590000,2.16815228890348,12.23,4.68,0.04,205.146,4.4,5.26,88.4,112.4866,15009.91015625,3.036664992466087,0.5497753626488284
2007-04-27,1494.0699462890625,14891970000,0.65483011843539,12.922,4.71,0.04,205.146,4.4,5.26,87.1,112.4866,15092.75,2.6756756756756594,0.48687595106466935
2007-05-04,1505.6199951171875,15453470000,0.77305944456032,13.362,4.65,-0.03,205.146,4.5,5.26,87.1,112.4866,15194.080078125,2.6756756756756594,0.49804169595124304
2007-05-11,1505.8499755859375,14028380000,0.015274801709308505,13.158000000000001,4.67,-0.04,205.146,4.5,5.25,87.1,112.4866,15194.51953125,2.6756756756756594,0.5236595135492965
2007-05-18,1522.75,14590190000,1.1222913761702369,13.547999999999998,4.81,-0.01,205.999,4.5,5.25,87.1,113.0344,15304.990234375,3.1026026026026,0.5824407194878921
2007-05-25,1515.72998046875,15091900000,-0.46100932728615485,13.404,4.86,0.01,205.999,4.5,5.25,87.1,113.0344,15269.2099609375,2.4870646766169235,0.5747601625916079
2007-06-01,1536.3399658203125,11814550000,1.3597399020364165,13.0475,4.95,-0.02,205.999,4.5,5.25,88.3,113.0344,15532.669921875,2.4870646766169235,0.5720616359530429
2007-06-08,1507.6700439453125,15174500000,-1.8661183405257575,14.738,5.12,0.11,205.999,4.5,5.25,88.3,113.0344,15233.0703125,2.4870646766169235,0.6458392265106814
2007-06-15,1532.9100341796875,14879070000,1.6741057060685627,14.738,5.16,0.11,207.387,4.5,5.25,88.3,112.6889,15481.8896484375,3.177611940298508,0.7565735469864402
2007-06-22,1502.56005859375,16086160000,-1.9798928123122894,14.180000000000001,5.14,0.22,207.387,4.5,5.25,88.3,112.6889,15203.3203125,2.717682020802381,0.8290999241601508
2007-06-29,1503.3499755859375,16256050000,0.052571408887769344,16.568,5.03,0.16,207.387,4.5,5.25,85.3,112.6889,15210.650390625,2.717682020802381,0.8724098416694378
2007-07-06,1530.43994140625,9274250000,1.8019733435492347,15.13,5.19,0.2,207.387,4.5,5.25,85.3,112.6889,15507.33984375,2.717682020802381,0.8666335253739512
2007-07-13,1552.5,15333250000,1.441419424370216,16.012,5.11,0.17,207.387,4.5,5.25,85.3,112.6889,15700.9501953125,2.717682020802381,0.7928909265244494
2007-07-20,1534.0999755859375,16317700000,-1.1851867577496011,15.88,4.96,0.17,207.784,4.5,5.25,85.3,113.3704,15506.48046875,2.914314016840014,0.7917555086316905
2007-07-27,1458.949951171875,20758930000,-4.8986393070868495,19.674,4.8,0.24,207.784,4.5,5.25,90.4,113.3704,14710.7802734375,2.7108255066732534,0.9041976641290612
2007-08-03,1433.06005859375,22551040000,-1.7745565951271636,22.887999999999998,4.71,0.25,207.784,4.6,5.25,90.4,113.3704,14432.33984375,2.7108255066732534,1.1189433248166307
2007-08-10,1453.6400146484375,26711530000,1.4360846868401556,24.146,4.81,0.34,207.784,4.6,5.26,90.4,113.3704,14641.0302734375,2.7108255066732534,1.398970396739929
2007-08-17,1445.93994140625,21881180000,-0.5297097744003554,29.148000000000003,4.68,0.5,208.028,4.6,5.26,90.4,113.8604,14531.51953125,2.831438457736035,1.505099082526487
2007-08-24,1479.3699951171875,15268400000,2.3119946239554823,23.562,4.63,0.33,208.028,4.6,5.26,90.4,113.8604,14896.2099609375,2.3759842519684993,1.5446609748272748
2007-08-31,1473.989990234375,13622910000,-0.36366864953120137,24.253999999999998,4.54,0.39,208.028,4.6,5.26,83.4,113.8604,14847.7001953125,2.3759842519684993,1.5482204925727472
2007-09-07,1453.550048828125,11408870000,-1.386708291214378,24.395,4.38,0.48,208.028,4.6,5.02,83.4,113.8604,14655.51953125,2.3759842519684993,1.3960772676700757
2007-09-14,1484.25,14255590000,2.112067018031194,25.458000000000002,4.47,0.42,208.028,4.6,5.02,83.4,114.4254,14927.599609375,2.3759842519684993,1.262841147738153
2007-09-21,1525.75,16791240000,2.7960249284150196,21.262,4.64,0.58,207.738,4.6,5.02,83.4,114.4254,15338.9296875,1.982326951399127,1.238730428108432
2007-09-28,1526.75,15354000000,0.06554153694904308,18.119999999999997,4.59,0.62,207.738,4.6,5.02,83.4,114.4254,15362.01953125,1.982326951399127,1.1177027333041534
2007-10-05,1557.5899658203125,15058680000,2.0199748367651926,18.096,4.65,0.57,207.738,4.7,4.94,83.4,114.4254,15723.6904296875,1.982326951399127,0.9494228710830466
2007-10-12,1561.800048828125,12676750000,0.27029469245425375,17.35,4.7,0.47,207.738,4.7,4.94,83.4,114.4254,15789.2998046875,1.982326951399127,0.8375867550664804
2007-10-19,1500.6300048828125,17376100000,-3.916637343635032,19.854,4.41,0.61,208.292,4.7,4.94,83.4,114.357,15174.490234375,2.2542955326460445,0.7536318581427555
2007-10-26,1535.280029296875,18580330000,2.3090318267205534,20.716,4.41,0.64,208.292,4.7,4.94,80.9,114.357,15518.1201171875,2.758756783423788,0.8412207556307983
2007-11-02,1509.6500244140625,18817530000,-1.669402610190307,21.137999999999998,4.31,0.65,208.292,4.7,4.94,80.9,114.357,15268.8203125,2.758756783423788,0.9485794183117472
2007-11-09,1453.699951171875,22078420000,-3.706161847935807,25.369999999999997,4.23,0.81,208.292,4.7,4.76,80.9,114.357,14709.2900390625,2.758756783423788,1.1625072371680079
2007-11-16,1458.739990234375,16282660000,0.3467042190128167,25.8975,4.15,0.82,208.903,4.7,4.76,80.9,113.9957,14727.2802734375,3.0601874691662534,1.4495707330285725
2007-11-23,1440.699951171875,14683750000,-1.2366863994454191,25.835,4.01,0.94,208.903,4.7,4.76,76.1,113.9957,14518.1904296875,3.5711452652454234,1.432360768241589
2007-11-30,1481.1400146484375,20482140000,2.806973335680918,25.228,3.97,0.93,208.903,4.7,4.76,76.1,113.9957,14932.669921875,3.5711452652454234,1.6525269208093802
2007-12-07,1504.6600341796875,17076810000,1.5879673291274043,22.348000000000003,4.12,1.0,208.903,4.7,4.49,76.1,113.9957,15195.099609375,3.5711452652454234,1.601126077659174
2007-12-14,1467.949951171875,18510280000,-2.4397592927246303,22.526,4.24,0.93,210.565,4.7,4.49,76.1,113.9019,14792.75,4.39514129895886,1.4886746557247634
2007-12-21,1484.4599609375,18729500000,1.1246984103541857,21.578,4.18,0.99,210.565,4.7,4.49,75.5,113.9019,14979.26953125,4.39514129895886,1.4223568412841983
2007-12-28,1478.489990234375,8064200000,-0.402164481375078,19.565,4.11,0.99,210.565,4.7,4.49,75.5,113.9019,14911.6298828125,4.39514129895886,1.177013116146204
2008-01-04,1411.6300048828125,13489030000,-4.522180453921343,23.025,3.88,1.14,210.565,5.0,4.49,75.5,113.9019,14210.849609375,4.39514129895886,1.1498642442443892
2008-01-11,1401.02001953125,23944010000,-0.7516123428138122,24.094,3.82,1.23,210.565,5.0,4.24,75.5,113.9019,14042.5400390625,4.39514129895886,1.1651843611976163
2008-01-18,1325.18994140625,25032320000,-5.412490690202343,25.252,3.66,1.3,211.16,5.0,4.24,75.5,113.9673,13308.4501953125,4.690133862171542,1.277377212348082
2008-01-25,1330.6099853515625,20403920000,0.4090012892461914,29.2225,3.61,1.38,211.16,5.0,4.24,75.5,113.9673,13423.6201171875,4.122287968441807,1.3804976670769786
2008-02-01,1395.4200439453125,22697710000,4.870702858631137,26.588,3.62,1.53,211.16,4.9,4.24,78.4,113.9673,14091.08984375,4.122287968441807,1.5187602179030333
2008-02-08,1331.2900390625,20177290000,-4.595749155322137,27.774,3.64,1.71,211.16,4.9,3.94,78.4,113.9673,13484.9501953125,4.122287968441807,1.5797957619236744
2008-02-15,1349.989990234375,18722260000,1.4046489212105495,25.874000000000002,3.76,1.85,211.68,4.9,3.94,78.4,114.2334,13652.73046875,4.378698224852062,1.4897214943862733
2008-02-22,1353.1099853515625,14753390000,0.23111246303728628,24.7925,3.79,1.81,212.516,4.9,3.94,78.4,114.2334,13663.0302734375,4.790927021696234,1.3055165953829395
2008-02-29,1330.6300048828125,20232420000,-1.661356483368892,23.538,3.53,1.88,212.516,4.9,3.94,70.8,114.2334,13455.9599609375,4.608841611987025,1.2277936567148136
2008-03-07,1293.3699951171875,22041330000,-2.800178083231064,26.288,3.56,2.03,212.516,4.8,2.98,70.8,114.2334,13052.41015625,4.608841611987025,1.1495754685971031
2008-03-14,1288.1400146484375,24011740000,-0.404368470622829,28.282,3.44,1.97,212.571,4.8,2.98,70.8,114.2334,12992.9296875,4.635914803128682,1.38268160483679
2008-03-21,1329.510009765625,22522410000,3.2116070183937584,28.622500000000002,3.34,1.75,212.571,4.8,2.98,70.8,113.6597,13336.419921875,4.249507125832497,1.7436561662655246
2008-03-28,1315.219970703125,20424700000,-1.0748350112098182,25.824,3.47,1.8,212.571,4.8,2.98,69.5,111.9137,13255.1396484375,4.249507125832497,1.9147113700900575
2008-04-04,1370.4000244140625,20877750000,4.195499987841411,23.476,3.5,1.67,212.571,5.1,2.98,69.5,111.9137,13823.7998046875,4.249507125832497,1.9451007864017906
2008-04-11,1332.8299560546875,18316890000,-2.741540257592945,22.606,3.49,1.73,212.571,5.1,2.61,69.5,111.9137,13455.240234375,4.249507125832497,1.7770145498446468
2008-04-18,1390.3299560546875,19342880000,4.314128725783295,21.526,3.77,1.58,213.301,5.1,2.61,69.5,112.1281,14017.2998046875,3.9752176498688785,1.4829311636760212
2008-04-25,1397.8399658203125,19698890000,0.5401602499406799,20.256,3.91,1.47,213.301,5.1,2.61,62.6,112.1281,14089.2099609375,3.9752176498688785,1.2363747974947044
2008-05-02,1413.9000244140625,20333020000,1.1489196894098885,19.546,3.89,1.42,213.301,5.0,2.61,62.6,112.1281,14251.0595703125,3.9752176498688785,1.001537461563815
2008-05-09,1388.280029296875,18756220000,-1.8120089592476463,19.130000000000003,3.77,1.52,213.301,5.0,2.28,62.6,112.1281,14040.0498046875,3.9752176498688785,1.0206891516641703
2008-05-16,1425.3499755859375,19047660000,2.6702066951029613,17.240000000000002,3.85,1.38,213.743,5.0,2.28,62.6,111.1807,14423.75,3.7592415497162524,0.8947681320547026
2008-05-23,1375.9300537109375,19528620000,-3.4672131561713004,18.156,3.85,1.39,213.743,5.0,2.28,62.6,111.1807,13954.4697265625,3.7592415497162524,0.8487800874239942
2008-05-30,1400.3800048828125,15256170000,1.776976315469847,18.67,4.06,1.4,213.743,5.0,2.28,59.8,111.1807,14260.759765625,3.7592415497162524,0.9042929662807287
2008-06-06,1360.6800537109375,21571790000,-2.8349413040353433,20.612000000000002,3.94,1.54,213.743,5.5,1.98,59.8,111.1807,13924.6298828125,3.7592415497162524,0.9142207863639898
2008-06-13,1360.030029296875,22634280000,-0.047772024899583876,22.994,4.27,1.22,215.132,5.5,1.98,59.8,111.1807,13889.66015625,4.433516667556647,1.116297840343011
2008-06-20,1317.9300537109375,22219040000,-3.0955180899720935,21.753999999999998,4.16,1.28,215.132,5.5,1.98,59.8,110.9051,13514.8896484375,3.734563882982056,1.1510959454235647
2008-06-27,1278.3800048828125,25156600000,-3.0009216890352186,22.714000000000002,3.99,1.34,215.132,5.5,1.98,56.4,110.9051,13081.01953125,3.734563882982056,1.1894480690995313
2008-07-04,1262.9000244140625,19402300000,-1.2109060224364976,24.5775,3.99,1.45,215.132,5.5,1.98,56.4,110.9051,12815.4697265625,3.734563882982056,1.2580172798241143
2008-07-11,1239.489990234375,29063160000,-1.8536727949268084,25.448,3.96,1.37,215.132,5.5,2.0,56.4,110.9051,12635.4296875,3.734563882982056,1.1571419157867184
2008-07-18,1260.6800537109375,32555620000,1.7095792336778493,26.236,4.11,1.45,217.403,5.5,2.0,56.4,111.7251,12843.509765625,4.82961805706239,1.2524206067965988
2008-07-25,1257.760009765625,28317240000,-0.2316245058940236,22.378,4.13,1.43,217.403,5.5,2.0,61.2,111.7251,12837.099609375,4.62932660840103,1.339092758538407
2008-08-01,1260.31005859375,25359450000,0.20274526207906263,22.596,3.97,1.46,217.403,5.7,2.0,61.2,111.7251,12888.2099609375,4.62932660840103,1.4487806545778035
2008-08-08,1296.3199462890625,20941200000,2.857224494065558,21.334,3.94,1.43,217.403,5.7,2.01,61.2,111.7251,13197.1298828125,4.62932660840103,1.5282010325189215
2008-08-15,1298.199951171875,22672020000,0.14502630220218915,20.552,3.84,1.44,219.181,5.7,2.01,61.2,111.8419,13271.8798828125,5.485022908404891,1.516254569490198
2008-08-22,1292.199951171875,20317740000,-0.4621784182462729,20.262,3.87,1.45,219.181,5.7,2.01,61.2,111.8419,13185.259765625,5.361297517641872,1.4755741214582172
2008-08-29,1282.8299560546875,17650180000,-0.725119600003854,20.259999999999998,3.83,1.47,219.181,5.7,2.01,63.0,111.8419,13124.490234375,5.361297517641872,1.3436111979682777
2008-09-05,1242.31005859375,20070120000,-3.158633556200652,22.627499999999998,3.66,1.43,219.181,6.1,2.0,63.0,111.8419,12702.580078125,5.361297517641872,1.2698036533939598
2008-09-12,1251.699951171875,34417920000,0.7558413065377634,24.536,3.74,1.51,219.181,6.1,2.0,63.0,111.8419,12764.8798828125,5.361297517641872,1.4086008549862306
2008-09-19,1255.0799560546875,46641070000,0.2700331560808955,32.678,3.78,1.62,218.88,6.1,2.0,63.0,110.3034,12882.1396484375,5.216605456957724,2.1018633722353046
2008-09-26,1213.27001953125,26635470000,-3.3312568113083363,34.464,3.85,1.74,218.88,6.1,2.0,70.3,110.3034,12347.0302734375,5.3634866995927455,2.6288185767159424
2008-10-03,1099.22998046875,31026630000,-9.3993947947844,43.263999999999996,3.63,2.03,218.88,6.1,2.0,70.3,110.3034,11122.98046875,5.3634866995927455,3.4783234827068683
2008-10-10,899.219970703125,42016790000,-18.19546530930076,59.426,3.89,2.27,218.88,6.1,1.81,70.3,110.3034,9120.7802734375,5.3634866995927455,3.754490106152931
2008-10-17,940.5499877929688,29270600000,4.596207650673811,65.58,3.98,2.34,218.813,6.1,1.81,70.3,107.254,9514.3701171875,5.331234535809526,4.071252433513973
2008-10-24,876.77001953125,30185400000,-6.781135409015371,64.532,3.76,2.19,218.813,6.1,1.81,70.3,107.254,8806.2001953125,5.051082134695517,4.181029765942711
2008-10-31,968.75,32302980000,10.490776192133655,67.954,4.01,2.45,218.813,6.1,1.81,57.6,107.254,9768.6396484375,5.051082134695517,4.537595644846819
2008-11-07,930.989990234375,26484080000,-3.897807459677416,55.15,3.83,2.5,218.813,6.5,0.97,57.6,107.254,9358.2998046875,5.051082134695517,4.672085750586976
2008-11-14,873.2899780273438,24066330000,-6.197704896108003,63.144999999999996,3.72,2.5,218.813,6.5,0.97,57.6,107.254,8721.8798828125,5.051082134695517,4.588064205316151
2008-11-21,800.030029296875,36745200000,-8.38896020494293,72.91600000000001,3.2,2.11,216.71,6.5,0.97,57.6,107.2854,7926.06005859375,3.7371411612088012,4.603899455840515
2008-11-28,896.239990234375,23366260000,12.02579370952568,59.09,2.93,1.93,216.71,6.5,0.97,55.3,107.2854,8945.2197265625,3.7371411612088012,4.696691310845266
2008-12-05,876.0700073242188,30469750000,-2.250511373062214,63.15599999999999,2.67,1.74,216.71,6.7,0.39,55.3,107.2854,8737.1396484375,3.7371411612088012,4.835897440608581
2008-12-12,879.72998046875,29662270000,0.41777176640367397,56.638,2.6,1.82,216.71,6.7,0.39,55.3,107.2854,8800.1796875,3.7371411612088012,4.625598801503867
2008-12-19,887.8800048828125,29279860000,0.9264234020670559,50.248000000000005,2.13,1.39,213.06,6.7,0.39,55.3,106.1173,8923.9697265625,1.1849072732885269,4.159765101197943
2008-12-26,872.7999877929688,12348420000,-1.6984296309087488,44.292500000000004,2.16,1.27,213.06,6.7,0.39,60.1,106.1173,8769.349609375,1.1849072732885269,3.3358122975414752
2009-01-02,931.7999877929688,15172440000,6.75985344009824,41.18,2.46,1.58,213.06,6.7,0.39,60.1,106.1173,9364.5498046875,1.1849072732885269,2.582803038078351
2009-01-09,890.3499755859375,25219520000,-4.448380848899602,41.282,2.43,1.68,213.06,7.2,0.16,60.1,106.1173,8985.7998046875,1.1849072732885269,2.0956713983943533
2009-01-16,850.1199951171875,30293780000,-4.518445731665766,47.072,2.36,1.63,211.49,7.2,0.16,60.1,103.5966,8603.169921875,0.4392942796761057,1.917412599617101
2009-01-23,831.9500122070312,24519050000,-2.1373433179455503,49.4075,2.65,1.82,211.49,7.2,0.16,60.1,103.5966,8385.1298828125,0.1562795984088039,2.2225055911393303
2009-01-30,825.8800048828125,28010020000,-0.7296120241787052,43.013999999999996,2.87,1.93,211.49,7.2,0.16,61.2,103.5966,8335.6396484375,0.1562795984088039,2.3874412632448374
2009-02-06,868.5999755859375,31088160000,5.172660731650325,43.906,3.05,2.06,211.49,7.6,0.15,61.2,103.5966,8785.099609375,0.1562795984088039,2.365926621355114
2009-02-13,826.8400268554688,30044110000,-4.807730820196998,43.804,2.89,1.92,211.49,7.6,0.15,61.2,103.5966,8385.740234375,0.1562795984088039,2.5032503755144297
2009-02-20,770.0499877929688,25606060000,-6.86832243456773,48.375,2.78,1.82,212.174,7.6,0.15,61.2,101.337,7802.2001953125,0.23337112622827672,2.3550318712295435
2009-02-27,735.0900268554688,37753880000,-4.539959936587801,46.757999999999996,3.02,2.02,212.174,7.6,0.15,56.3,101.337,7473.97021484375,-0.16092905945904734,2.346831177354601
2009-03-06,683.3800048828125,37964220000,-7.034515512862938,50.128,2.83,1.92,212.174,8.1,0.22,56.3,101.337,6935.3798828125,-0.16092905945904734,2.4541756546871722
2009-03-13,756.5499877929688,37297180000,10.70707108597706,44.239999999999995,2.89,1.91,212.174,8.1,0.22,56.3,101.337,7675.93994140625,-0.16092905945904734,2.757333378473142
2009-03-20,768.5399780273438,39816380000,1.5848245889676926,42.834,2.65,1.76,213.007,8.1,0.22,56.3,99.7298,7801.35009765625,0.20510794040580205,2.89938606033432
2009-03-27,815.9400024414062,34764100000,6.167541802539267,41.962,2.78,1.88,213.007,8.1,0.22,57.3,98.7849,8286.830078125,0.20510794040580205,3.137976616814747
2009-04-03,842.5,31434350000,3.25514100045623,42.739999999999995,2.91,1.95,213.007,8.5,0.22,57.3,98.7849,8599.2802734375,0.20510794040580205,2.9095069946386722
2009-04-10,856.5599975585938,24904750000,1.6688424401891666,39.175,2.96,2.0,213.007,8.5,0.18,57.3,98.7849,8744.599609375,0.20510794040580205,2.61761224683944
2009-04-17,869.5999755859375,34196510000,1.5223659830614134,36.275999999999996,2.98,1.99,212.714,8.5,0.18,57.3,97.3755,8890.259765625,0.06727164100466254,2.553477994004735
2009-04-24,866.22998046875,35415850000,-0.387533947999108,37.678,3.03,2.04,212.714,8.5,0.18,57.3,97.3755,8863.0498046875,-0.275197959690765,2.270620277671631
2009-05-01,877.52001953125,30217790000,1.3033535339414648,36.83,3.21,2.29,212.714,8.5,0.18,65.1,97.3755,8998.400390625,-0.275197959690765,1.9344470510524203
2009-05-08,929.22998046875,39760120000,5.892738602718395,33.166,3.29,2.29,212.714,8.9,0.15,65.1,97.3755,9509.3603515625,-0.275197959690765,1.8795851798227587
2009-05-15,882.8800048828125,31688760000,-4.987998295379603,32.562,3.14,2.26,212.671,8.9,0.15,65.1,97.0723,9004.1103515625,-0.295357265085483,1.8757430433560256
2009-05-22,887.0,31698640000,0.4666540293586596,30.410000000000004,3.45,2.53,212.671,8.9,0.15,65.1,97.0723,9068.3798828125,-0.5015368924362495,1.6999917507258497
2009-05-29,919.1400146484375,23155250000,3.623451482349216,30.892500000000002,3.47,2.55,212.671,8.9,0.15,68.7,97.0723,9408.2900390625,-0.5015368924362495,1.7968709856978737
2009-06-05,940.0900268554688,28312350000,2.279305859080072,30.098000000000003,3.84,2.52,212.671,9.4,0.18,68.7,97.0723,9655.150390625,-0.5015368924362495,1.7758169043005871
2009-06-12,946.2100219726562,24331760000,0.6510009618609036,28.552,3.81,2.51,212.671,9.4,0.18,68.7,97.0723,9701.2802734375,-0.5015368924362495,1.5138879487112615
2009-06-19,921.22998046875,25570130000,-2.6400102433736583,30.610000000000003,3.79,2.54,212.876,9.4,0.18,68.7,95.8402,9428.6201171875,-1.0486584980384128,1.3847350051615925
2009-06-26,918.9000244140625,25599580000,-0.2529179579568108,28.618000000000002,3.52,2.42,212.876,9.4,0.18,70.8,95.8402,9420.0498046875,-1.0486584980384128,1.3724003384836672
2009-07-03,896.4199829101562,16689730000,-2.446407759999858,26.4675,3.51,2.53,212.876,9.5,0.18,70.8,95.8402,9206.1904296875,-1.0486584980384128,1.221172746266035
2009-07-10,879.1300048828125,23366910000,-1.9287809684042534,29.99,3.32,2.41,212.876,9.5,0.21,70.8,95.8402,9010.4599609375,-1.0486584980384128,1.3496292641151622
2009-07-17,940.3800048828125,23927320000,6.967115177483296,25.396,3.67,2.65,214.459,9.5,0.21,70.8,95.3964,9643.6103515625,-0.31283119201234166,1.5020671824989527
2009-07-24,979.260009765625,25016500000,4.134499317396445,23.651999999999997,3.7,2.65,214.459,9.5,0.21,66.0,95.3964,10075.259765625,-1.35416714580755,1.4096281949588878
2009-07-31,987.47998046875,26474660000,0.8394063498102344,25.244,3.52,2.39,214.459,9.5,0.21,66.0,95.3964,10158.3896484375,-1.35416714580755,1.311690137916944
2009-08-07,1010.47998046875,32139730000,2.329161143001812,25.156,3.89,2.57,214.459,9.4,0.16,66.0,95.3964,10429.0498046875,-1.35416714580755,1.0359568244521395
2009-08-14,1004.0900268554688,26868820000,-0.6323681554103677,25.082,3.55,2.48,214.469,9.4,0.16,66.0,95.9709,10348.3095703125,-1.3495673932742425,0.9213616615505831
2009-08-21,1026.1300048828125,23323250000,2.1950201115299217,26.086000000000002,3.56,2.43,214.469,9.4,0.16,66.0,95.9709,10575.4599609375,-2.149821380502881,1.0616236167000377
2009-08-28,1028.9300537109375,28722910000,0.272874666445877,24.89,3.46,2.45,214.469,9.4,0.16,65.7,95.9709,10603.01953125,-2.149821380502881,1.0480487328022934
2009-09-04,1016.4000244140625,26431300000,-1.2177727000668548,27.284000000000002,3.45,2.51,214.469,9.7,0.16,65.7,95.9709,10477.4501953125,-2.149821380502881,1.1079870411473685
2009-09-11,1042.72998046875,20551690000,2.5905111592127605,24.41,3.34,2.44,214.469,9.7,0.16,65.7,95.9709,10781.5302734375,-2.149821380502881,1.1171879992295244
2009-09-18,1068.300048828125,30234840000,2.452223378854046,23.708000000000002,3.49,2.46,215.428,9.7,0.16,65.7,97.4422,11062.6103515625,-1.5771198830409339,0.9392051286729632
2009-09-25,1044.3800048828125,25406510000,-2.239075433119342,24.238,3.34,2.36,215.428,9.7,0.16,73.5,97.4422,10804.3798828125,-1.5771198830409339,0.8794658432789533
2009-10-02,1025.2099609375,26050400000,-1.8355429877713436,26.526,3.24,2.36,215.428,9.8,0.16,73.5,97.4422,10599.48046875,-1.5771198830409339,0.9696147683870924
2009-10-09,1071.489990234375,22333550000,4.514200120973699,24.904,3.4,2.42,215.428,9.8,0.15,73.5,97.4422,11108.08984375,-1.5771198830409339,1.0463117599610041
2009-10-16,1087.6800537109375,19991420000,1.510985975055279,22.25,3.43,2.46,215.791,9.8,0.15,73.5,98.4622,11256.4404296875,-1.411275584795324,1.0693742911076254
2009-10-23,1079.5999755859375,25592330000,-0.7428726947260378,21.514,3.51,2.47,215.791,9.8,0.15,73.5,98.4622,11160.5595703125,-1.3810879609529536,1.106797699321088
2009-10-30,1036.18994140625,30408570000,-4.020936936028308,26.5,3.41,2.51,215.791,9.8,0.15,70.6,98.4622,10655.4697265625,-1.3810879609529536,1.193840527940837
2009-11-06,1069.300048828125,26451130000,3.1953704720333542,27.186,3.54,2.68,215.791,10.2,0.12,70.6,98.4622,11010.5595703125,-1.3810879609529536,1.2736228500245281
2009-11-13,1093.47998046875,16807660000,2.261285938135371,23.3975,3.43,2.61,215.791,10.2,0.12,70.6,98.4622,11241.58984375,-1.3810879609529536,1.3565509278485943
2009-11-20,1091.3800048828125,20612520000,-0.1920451790107136,22.35,3.36,2.61,216.385,10.2,0.12,70.6,98.6271,11228.5595703125,-1.1096232856365962,1.3532976592107198
2009-11-27,1091.489990234375,12928000000,0.010077640333383542,21.740000000000002,3.21,2.53,216.385,10.2,0.12,67.4,98.6271,11166.33984375,-0.14997000599881183,1.3154377366284058
2009-12-04,1105.97998046875,22677340000,1.327542200479881,22.252000000000002,3.48,2.64,216.385,10.0,0.12,67.4,98.6271,11355.580078125,-0.14997000599881183,1.0560064359439043
2009-12-11,1106.4100341796875,20754380000,0.03888440284021133,22.472,3.55,2.72,216.385,10.0,0.12,67.4,98.6271,11365.240234375,-0.14997000599881183,0.9101799629700414
2009-12-18,1102.469970703125,28364370000,-0.35611241355776313,21.474,3.55,2.73,217.25,10.0,0.12,67.4,99.4398,11373.5400390625,1.9665821834225161,0.8153353907301657
2009-12-25,1126.47998046875,12053050000,2.1778379823182092,19.8025,3.82,2.82,217.25,10.0,0.12,72.5,99.4398,11668.5595703125,1.9665821834225161,0.7821681148104579
2010-01-01,1115.0999755859375,9561710000,-1.0102269973832123,20.395,3.85,2.71,217.25,10.0,0.12,72.5,99.4398,11548.41015625,1.9665821834225161,0.6324062179770128
2010-01-08,1144.97998046875,21115350000,2.6795808032469726,19.148,3.83,2.87,217.25,10.0,0.12,72.5,99.4398,11889.2001953125,1.9665821834225161,0.6688041167946146
2010-01-15,1136.030029296875,21816230000,-0.7816687911181619,17.838,3.7,2.81,217.541,10.0,0.12,72.5,100.3043,11777.1103515625,2.103163428142296,0.6710117699755992
2010-01-22,1091.760009765625,22618330000,-3.8969057498110415,21.46,3.62,2.78,217.541,10.0,0.12,72.5,100.3043,11348.3798828125,2.861128185729811,0.8132150514195602
2010-01-29,1073.8699951171875,25397670000,-1.6386398556838544,24.29,3.63,2.81,217.541,10.0,0.12,74.4,100.3043,11151.150390625,2.861128185729811,0.9919873890522511
2010-02-05,1066.18994140625,25411190000,-0.7151753700036512,23.572,3.59,2.82,217.541,9.7,0.11,74.4,100.3043,11057.2197265625,2.861128185729811,1.1231587086139556
2010-02-12,1075.510009765625,22017080000,0.8741470911911131,24.919999999999998,3.69,2.85,217.541,9.7,0.11,74.4,100.3043,11201.3701171875,2.861128185729811,1.2634136268368024
2010-02-19,1109.1700439453125,16162900000,3.129681162802256,21.155,3.78,2.83,217.587,9.7,0.11,74.4,101.0516,11556.0703125,2.882878623102747,1.2973860294755992
2010-02-26,1104.489990234375,20970170000,-0.4219419498826871,20.236,3.61,2.8,217.587,9.7,0.11,73.6,101.0516,11512.259765625,2.551207970816405,1.1531945802818342
2010-03-05,1138.699951171875,20011650000,3.097353641950207,18.657999999999998,3.69,2.78,217.587,9.7,0.13,73.6,101.0516,11906.3603515625,2.551207970816405,1.0114137032212809
2010-03-12,1149.989990234375,24026590000,0.9914849869696596,17.984,3.71,2.74,217.587,9.7,0.13,73.6,101.0516,12047.5595703125,2.551207970816405,0.687325784819084
2010-03-19,1159.9000244140625,22944000000,0.8617496033741734,17.238,3.7,2.68,217.591,9.7,0.13,73.6,100.9862,12116.419921875,2.5530932159454123,0.5706514491048449
2010-03-26,1166.5899658203125,23756390000,0.5767687960545942,17.387999999999998,3.86,2.82,217.591,9.7,0.13,73.6,100.9862,12191.0498046875,2.152041951672956,0.4955309835805683
2010-04-02,1178.0999755859375,16951790000,0.9866371306846977,17.445,3.89,2.84,217.591,9.7,0.13,73.6,100.9862,12314.099609375,2.152041951672956,0.46781058030165396
2010-04-09,1194.3699951171875,22307770000,1.3810389498699394,16.498,3.9,2.82,217.591,9.7,0.16,73.6,100.9862,12515.419921875,2.152041951672956,0.44586159319500507
2010-04-16,1192.1300048828125,29874510000,-0.18754575579866817,16.324,3.79,2.81,217.729,9.7,0.16,73.6,101.61,12517.3798828125,2.216828554930128,0.5067426624921432
2010-04-23,1217.280029296875,29000480000,2.1096712867767042,16.496000000000002,3.84,2.74,217.729,9.7,0.16,73.6,101.61,12813.509765625,2.3576257322038163,0.6126922605566338
2010-04-30,1186.68994140625,31552280000,-2.5129869179152164,20.369999999999997,3.69,2.72,217.729,9.7,0.16,72.2,101.61,12477.2099609375,2.3576257322038163,0.8253496732810955
2010-05-07,1110.8800048828125,38419430000,-6.3883524986822815,28.538,3.45,2.62,217.729,9.9,0.2,72.2,101.61,11620.4404296875,2.3576257322038163,1.1799136190423585
2010-05-14,1135.6800537109375,28958750000,2.2324687382181407,28.119999999999997,3.44,2.65,217.729,9.9,0.2,72.2,102.2666,11941.009765625,2.3576257322038163,1.7222748231307192
2010-05-21,1087.68994140625,32640260000,-4.225671847266799,37.12,3.2,2.44,217.579,9.9,0.2,72.2,102.2666,11396.259765625,2.3077899666621216,1.8121153767709401
2010-05-28,1089.4100341796875,27644340000,0.1581418295744763,33.94,3.31,2.55,217.579,9.9,0.2,73.6,102.2666,11466.1904296875,2.3077899666621216,1.9584283039518333
2010-06-04,1064.8800048828125,21474390000,-2.2516801321135094,32.6625,3.2,2.48,217.579,9.7,0.2,73.6,102.2666,11185.6201171875,2.3077899666621216,2.058260347959929
2010-06-11,1091.5999755859375,26847570000,2.5092001521866747,32.672000000000004,3.24,2.49,217.579,9.7,0.2,73.6,102.2666,11465.58984375,2.3077899666621216,1.9088625779814437
2010-06-18,1117.510009765625,23186040000,2.373583250199296,25.874000000000002,3.24,2.5,217.224,9.7,0.2,73.6,103.538,11737.3203125,2.1408654682584904,1.8853849966900094
2010-06-25,1076.760009765625,23498560000,-3.6464997757421846,27.422000000000004,3.12,2.47,217.224,9.7,0.2,76.0,92.5537,11324.259765625,2.04250361712921,1.6756705723087335
2010-07-02,1022.5800170898438,25504460000,-5.031761226679887,32.13,3.0,2.37,217.224,9.5,0.2,76.0,92.5537,10721.5595703125,2.04250361712921,1.5149112282738115
2010-07-09,1077.9599609375,17677490000,5.41570761428154,26.795,3.07,2.44,217.224,9.5,0.18,76.0,92.5537,11296.240234375,2.04250361712921,1.4055788345742823
2010-07-16,1064.8800048828125,22438320000,-1.2133990619940915,25.054,2.96,2.35,216.929,9.5,0.18,76.0,92.5354,11140.4501953125,1.9039252898400916,1.332199772425517
2010-07-23,1102.6600341796875,22901430000,3.5478203293931365,24.728,3.02,2.42,216.929,9.5,0.18,76.0,92.5354,11583.5302734375,1.1517352967233885,1.4658911185287447
2010-07-30,1101.5999755859375,21356600000,-0.09613648458191015,23.56,2.94,2.39,216.929,9.5,0.18,67.8,92.5354,11568.3701171875,1.1517352967233885,1.3723900971907568
2010-08-06,1121.6400146484375,19817300000,1.8191756995855846,22.137999999999998,2.86,2.36,216.929,9.5,0.18,67.8,92.5354,11754.4404296875,1.1517352967233885,1.2397333315918608
2010-08-13,1079.25,20320520000,-3.7792887285430954,24.374000000000002,2.68,2.14,217.597,9.5,0.18,67.8,92.5354,11275.33984375,1.4632167453918932,1.2303218582880413
2010-08-20,1071.68994140625,18887030000,-0.7004918780403102,25.39,2.62,2.13,217.597,9.5,0.18,67.8,93.4009,11224.0302734375,1.45848584177668,1.1056994379606286
2010-08-27,1064.5899658203125,19756640000,-0.6625027735747024,26.327999999999996,2.66,2.1,217.597,9.5,0.18,68.9,93.4009,11170.01953125,1.45848584177668,1.0528198392859216
2010-09-03,1104.510009765625,18592350000,3.74980464094008,24.330000000000002,2.72,2.2,217.597,9.6,0.18,68.9,93.4009,11596.3203125,1.45848584177668,1.1737595679410084
2010-09-10,1109.550048828125,12780950000,0.4563144759158311,22.9625,2.81,2.23,217.597,9.6,0.19,68.9,93.4009,11625.0498046875,1.45848584177668,1.2466686361620365
2010-09-17,1125.5899658203125,19862160000,1.445623566879961,21.72,2.75,2.27,218.15,9.6,0.19,68.9,93.2093,11811.25,1.7163319640600694,1.1467176077466361
2010-09-24,1148.6700439453125,19422610000,2.050487195679618,22.387999999999998,2.62,2.17,218.15,9.6,0.19,68.9,93.2093,12062.509765625,1.2635312030005341,1.0782653676241063
2010-10-01,1146.239990234375,20187050000,-0.21155367668430625,22.918,2.54,2.12,218.15,9.6,0.19,68.2,93.2093,12072.3701171875,1.2635312030005341,0.9503678807977758
2010-10-08,1165.1500244140625,19528080000,1.6497447603290194,21.81,2.41,2.06,218.15,9.6,0.19,68.2,93.2093,12271.099609375,1.2635312030005341,0.8522601791989304
2010-10-15,1176.18994140625,19739900000,0.9475103429482656,19.2275,2.59,2.22,218.372,9.6,0.19,68.2,93.2093,12399.6298828125,1.3665818742224944,0.8510600382367767
2010-10-22,1183.0799560546875,22881410000,0.5857909854423582,19.512,2.59,2.24,218.372,9.6,0.19,68.2,93.1902,12465.2802734375,1.1960647107618128,0.8941486767251534
2010-10-29,1183.260009765625,20582070000,0.015219065289384659,20.572,2.63,2.29,218.372,9.6,0.19,67.7,93.1902,12489.0595703125,1.1960647107618128,0.7415960430165758
2010-11-05,1225.8499755859375,23993790000,3.599375071312383,19.948,2.58,2.2,218.372,9.6,0.19,67.7,93.1902,12947.4501953125,1.1960647107618128,0.6668431635239154
2010-11-12,1199.2099609375,17560190000,-2.1731871908472256,19.112499999999997,2.76,2.25,218.372,9.6,0.19,67.7,93.1902,12674.419921875,1.1960647107618128,0.7136122420080443
2010-11-19,1199.72998046875,20887180000,0.04336350999314398,20.266,2.88,2.36,218.879,9.6,0.19,67.7,93.3753,12697.509765625,1.4310142684356597,0.7874489878105528
2010-11-26,1189.4000244140625,12820640000,-0.8610234155065011,20.195,2.87,2.36,218.879,9.6,0.19,71.6,93.3753,12635.6298828125,1.1525752709291348,0.8797304213892031
2010-12-03,1224.7099609375,21212840000,2.968718328455755,20.766,3.03,2.54,218.879,9.8,0.19,71.6,93.3753,13002.0703125,1.1525752709291348,1.0265789149183953
2010-12-10,1240.4000244140625,24175410000,1.2811248358388427,17.722,3.32,2.68,218.879,9.8,0.19,71.6,93.3753,13175.599609375,1.1525752709291348,0.9944693827066138
2010-12-17,1243.9100341796875,22270220000,0.28297401616732554,17.32,3.33,2.72,219.146,9.8,0.19,71.6,93.8961,13203.01953125,1.2759664486909905,0.8773765712604
2010-12-24,1256.77001953125,10828420000,1.0338356471288668,16.205,3.41,2.74,219.146,9.8,0.19,74.5,93.8961,13348.4697265625,0.8727272727272695,0.7394994318830452
2010-12-31,1257.6400146484375,10455790000,0.06922468738648213,17.548000000000002,3.3,2.69,219.146,9.8,0.19,74.5,93.8961,13360.080078125,0.8727272727272695,0.49093749874980486
2011-01-07,1271.5,23655220000,1.1020630061168157,17.31,3.34,2.74,219.146,9.4,0.18,74.5,93.8961,13501.1103515625,0.8727272727272695,0.37055119509301704
2011-01-14,1293.239990234375,21286570000,1.7097908167027054,16.503999999999998,3.35,2.76,220.252,9.4,0.18,74.5,94.8756,13741.25,1.3818181818181952,0.3896155510713946
2011-01-21,1283.3499755859375,19899340000,-0.7647470479663299,17.409999999999997,3.44,2.81,220.252,9.4,0.18,74.5,94.8756,13563.6103515625,1.246201865395502,0.4537442696967196
2011-01-28,1276.3399658203125,23156650000,-0.5462274437200487,17.613999999999997,3.36,2.82,220.252,9.4,0.18,74.2,94.8756,13516.3798828125,1.246201865395502,0.512033833327391
2011-02-04,1310.8699951171875,21726860000,2.7053943480240594,17.416,3.68,2.91,220.252,9.0,0.18,74.2,94.8756,13882.4501953125,1.246201865395502,0.7051026582744082
2011-02-11,1329.1500244140625,20109950000,1.3944959732822948,15.947999999999999,3.64,2.79,220.252,9.0,0.17,74.2,94.8756,14105.5,1.246201865395502,0.7092357988103175
2011-02-18,1343.010009765625,12589110000,1.0427705749524119,16.412,3.59,2.81,221.062,9.0,0.17,74.2,95.1452,14257.2197265625,1.766839759879213,0.6655568994157195
2011-02-25,1319.8800048828125,7712050000,-1.7222511161215426,20.8675,3.42,2.7,221.062,9.0,0.17,77.5,95.1452,14008.169921875,1.5970623244955018,0.833499070624462
2011-03-04,1321.1500244140625,12022480000,0.09622234798252194,19.544,3.49,2.81,221.062,8.9,0.17,77.5,95.1452,14020.6298828125,1.5970623244955018,0.7970090081219745
2011-03-11,1304.280029296875,20669090000,-1.276917443548431,20.532,3.4,2.76,221.062,8.9,0.16,77.5,95.1452,13807.400390625,1.5970623244955018,0.9172800374944756
2011-03-18,1279.2099609375,23905220000,-1.9221384822467935,25.131999999999998,3.28,2.67,222.27,8.9,0.16,77.5,95.485,13560.5302734375,2.152242551255368,1.062073601103331
2011-03-25,1313.800048828125,20090110000,2.7040195860634775,19.18,3.46,2.67,222.27,8.9,0.16,67.5,93.0238,13949.240234375,2.1503646750095307,1.1190580562444772
2011-04-01,1332.4100341796875,18297330000,1.416500583034841,18.09,3.46,2.66,222.27,8.8,0.16,67.5,93.0238,14174.330078125,2.1503646750095307,1.0215338198624169
2011-04-08,1328.1700439453125,19888170000,-0.3182196265119952,17.326,3.59,2.76,222.27,8.8,0.14,67.5,93.0238,14117.4501953125,2.1503646750095307,0.8781704501393126
2011-04-15,1319.6800537109375,19701690000,-0.6392246439436033,16.438,3.43,2.72,223.49,8.8,0.14,67.5,93.5904,14025.240234375,2.645949781609236,0.6402408182344943
2011-04-22,1337.3800048828125,15933560000,1.341230484017908,15.6375,3.42,2.74,223.49,8.8,0.14,67.5,93.5904,14215.23046875,2.645949781609236,0.5357250318444193
2011-04-29,1363.6099853515625,17617650000,1.9612959946300634,15.222,3.32,2.71,223.49,8.8,0.14,69.8,93.5904,14495.2802734375,2.645949781609236,0.567351418496553
2011-05-06,1340.199951171875,20363720000,-1.7167690491538878,17.274,3.19,2.62,223.49,9.0,0.1,69.8,93.5904,14206.599609375,2.645949781609236,0.5957430750072054
2011-05-13,1337.77001953125,19539110000,-0.1813111273806789,16.624000000000002,3.18,2.61,224.433,9.0,0.1,69.8,93.5904,14186.599609375,3.0790569928672795,0.6687233497809227
2011-05-20,1333.27001953125,19514380000,-0.3363806883321274,16.994,3.15,2.6,224.433,9.0,0.1,69.8,93.097,14135.0595703125,3.150120186231198,0.6699166422015473
2011-05-27,1331.0999755859375,17595530000,-0.1627610246629163,17.046,3.07,2.59,224.433,9.0,0.1,74.3,93.097,14140.26953125,3.150120186231198,0.6538232182183055
2011-06-03,1300.1600341796875,16204530000,-2.3243889996039213,17.447499999999998,2.99,2.57,224.433,9.1,0.1,74.3,93.097,13792.58984375,3.150120186231198,0.8124789858495526
2011-06-10,1270.97998046875,18551800000,-2.2443432303584143,18.395999999999997,2.99,2.58,224.433,9.1,0.09,74.3,93.097,13457.400390625,3.150120186231198,0.8421499899788405
2011-06-17,1271.5,20466010000,0.04091484832500214,20.754,2.94,2.56,224.804,9.1,0.09,74.3,92.9815,13448.240234375,3.320632965497583,0.9195091558840242
2011-06-24,1268.449951171875,19888020000,-0.23987800457136998,19.552,2.88,2.53,224.804,9.1,0.09,74.3,92.9815,13480.3603515625,3.4894855080469966,0.9813287032340222
2011-07-01,1339.6700439453125,19505540000,5.614734164926238,17.878,3.22,2.72,224.804,9.1,0.09,71.5,92.9815,14226.3095703125,3.4894855080469966,0.990792729583605
2011-07-08,1343.800048828125,14950400000,0.30828523049224454,16.075,3.03,2.63,224.804,9.2,0.09,71.5,92.9815,14306.349609375,3.4894855080469966,0.9491107761662404
2011-07-15,1316.1400146484375,20768430000,-2.0583444838991327,19.7,2.94,2.57,224.304,9.2,0.09,71.5,93.07,14000.4697265625,3.2593083637167286,0.9612749450672176
2011-07-22,1345.02001953125,20550440000,2.194295786267597,18.866,2.99,2.59,224.304,9.2,0.09,71.5,93.07,14290.580078125,3.3997298655320307,0.9604552416753849
2011-07-29,1292.280029296875,21035970000,-3.921130501295833,22.31,2.82,2.46,224.304,9.2,0.09,63.7,93.07,13701.4697265625,3.3997298655320307,0.9670439788552097
2011-08-05,1199.3800048828125,26341740000,-7.1888462491066285,27.098000000000003,2.58,2.3,224.304,9.1,0.07,63.7,93.07,12622.509765625,3.3997298655320307,1.1698648569549384
2011-08-12,1178.81005859375,19325310000,-1.7150482920608945,40.282,2.24,2.04,224.304,9.1,0.07,63.7,93.07,12431.3603515625,3.3997298655320307,2.444509280038253
2011-08-19,1123.530029296875,22135160000,-4.6894772312021775,36.404,2.07,1.87,225.425,9.1,0.07,63.7,94.1525,11802.080078125,3.597476068144334,2.8168112988451393
2011-08-26,1176.800048828125,26548480000,4.74130803291366,37.992000000000004,2.19,1.99,225.425,9.1,0.07,55.8,94.1525,12375.51953125,3.597476068144334,3.0134188234360217
2011-09-02,1173.969970703125,23250630000,-0.2404892936415326,32.506,2.02,1.82,225.425,9.1,0.07,55.8,94.1525,12350.2802734375,3.597476068144334,3.0668106309485603
2011-09-09,1154.22998046875,18596560000,-1.6814731830450569,35.805,1.93,1.76,225.425,9.1,0.1,55.8,94.1525,12159.2802734375,3.597476068144334,2.3086504269161536
2011-09-16,1216.010009765625,24565280000,5.352488701756397,34.61,2.08,1.9,226.268,9.1,0.1,55.8,94.0419,12802.080078125,3.984889497557398,1.966800246217836
2011-09-23,1136.4300537109375,25641420000,-6.544350409584688,37.102,1.84,1.61,226.268,9.1,0.1,55.8,94.0419,11927.009765625,3.721292688517064,1.7554832828775921
2011-09-30,1131.4200439453125,24801410000,-0.44085509260030076,39.922000000000004,1.92,1.67,226.268,9.1,0.1,59.5,94.0419,11842.080078125,3.721292688517064,1.8123161933648237
2011-10-07,1155.4599609375,22574340000,2.124756152309204,39.31,2.1,1.8,226.268,9.1,0.1,59.5,94.0419,12085.080078125,3.721292688517064,1.9044216334972834
2011-10-14,1224.5799560546875,18332820000,5.982032909310497,30.765,2.26,1.98,226.268,9.1,0.08,59.5,94.0419,12850.23046875,3.721292688517064,1.8264634121779961
2011-10-21,1238.25,23838320000,1.116304727814943,33.098,2.23,1.93,226.955,9.1,0.08,59.5,94.1851,12976.2998046875,3.9304489586577063,1.8373727757464213
2011-10-28,1285.0899658203125,24561180000,3.7827551641681723,28.266000000000002,2.34,2.06,226.955,9.1,0.08,60.8,94.1851,13518.6298828125,3.9304489586577063,1.733134228268256
2011-11-04,1253.22998046875,22746070000,-2.4792027172374054,31.625999999999998,2.06,1.84,226.955,9.0,0.08,60.8,94.1851,13210.51953125,3.9304489586577063,1.7485119959363593
2011-11-11,1239.699951171875,16000730000,-1.0796126415531737,31.575,2.04,1.8,226.955,9.0,0.07,60.8,94.1851,13017.1298828125,3.9304489586577063,1.8175776797603864
2011-11-18,1215.6500244140625,19328050000,-1.9399796487108323,32.474000000000004,2.01,1.72,226.763,9.0,0.07,60.8,94.7136,12785.2900390625,3.6019901406713295,1.860792283650054
2011-11-25,1158.6700439453125,13424920000,-4.687202675475133,33.332499999999996,1.97,1.69,226.763,9.0,0.07,63.7,94.7136,12158.599609375,3.6019901406713295,1.8018652562119202
2011-12-02,1244.280029296875,21678300000,7.388642331690698,29.1,2.05,1.8,226.763,8.6,0.07,63.7,94.7136,13080.0302734375,3.6019901406713295,1.8135502292135413
2011-12-09,1255.18994140625,20171810000,0.8768052088355072,28.322000000000003,2.07,1.85,226.763,8.6,0.08,63.7,94.7136,13186.1904296875,3.6019901406713295,1.7529882086742634
2011-12-16,1219.6600341796875,21176570000,-2.830639893971476,25.304,1.86,1.62,226.72,8.6,0.08,63.7,94.8263,12811.259765625,3.456143392989164,1.6552600935955386
2011-12-23,1265.3299560546875,16400510000,3.7444796578676387,22.292,2.03,1.75,226.72,8.6,0.08,69.9,94.8263,13274.0302734375,3.456143392989164,1.6400117307098168
2011-12-30,1257.5999755859375,9030550000,-0.6109063040641294,22.869999999999997,1.89,1.64,226.72,8.6,0.08,69.9,94.8263,13189.599609375,3.456143392989164,1.3515481287865108
2012-01-06,1277.81005859375,15509070000,1.6070358937782414,21.825,1.98,1.73,226.72,8.5,0.08,69.9,94.8263,13398.5703125,3.456143392989164,1.2363275177256348
2012-01-13,1289.0899658203125,19273940000,0.8827530469572409,20.838,1.89,1.65,226.72,8.5,0.07,69.9,94.8263,13546.580078125,3.456143392989164,1.023654381604026
2012-01-20,1315.3800048828125,16485160000,2.039426243285547,20.310000000000002,2.05,1.79,226.747,8.5,0.07,69.9,95.2915,13834.08984375,2.9488949022029365,0.8547242090358889
2012-01-27,1316.3299560546875,20404830000,0.07221876327363486,18.598000000000003,1.93,1.71,226.747,8.5,0.07,75.0,95.2915,13891.099609375,2.9488949022029365,0.636424199134208
2012-02-03,1344.9000244140625,21128390000,2.170433653656678,18.494,1.97,1.74,226.747,8.3,0.07,75.0,95.2915,14231.51953125,2.9488949022029365,0.5177922366858554
2012-02-10,1342.6400146484375,19306360000,-0.1680429566955799,18.598,1.96,1.69,226.747,8.3,0.08,75.0,95.2915,14186.1904296875,2.9488949022029365,0.5361400332723123
2012-02-17,1361.22998046875,19414420000,1.3845830317503305,19.344,2.01,1.72,227.505,8.3,0.08,75.0,95.9054,14400.3095703125,3.3240078842433185,0.5524891597177154
2012-02-24,1365.739990234375,14720720000,0.33131872132818874,17.622500000000002,1.98,1.67,227.505,8.3,0.08,75.3,95.9054,14434.0498046875,2.914566954067177,0.5578777055303358
2012-03-02,1369.6300048828125,18913110000,0.28482834772745047,17.826,1.99,1.71,227.505,8.3,0.08,75.3,95.9054,14426.2099609375,2.914566954067177,0.5249687449702382
2012-03-09,1370.8699951171875,18383450000,0.09053468673687615,18.61,2.04,1.71,227.505,8.3,0.1,75.3,95.9054,14459.2900390625,2.914566954067177,0.5770582544727996
2012-03-16,1404.1700439453125,21406220000,2.4291179285223397,15.128,2.31,1.94,228.433,8.3,0.1,75.3,96.1735,14774.2900390625,3.334358686703265,0.6782983359496029
2012-03-23,1397.1099853515625,18414980000,-0.5027922810483365,15.228,2.25,1.88,228.433,8.3,0.1,75.3,96.1735,14707.4697265625,2.772753857920529,0.6809106035540891
2012-03-30,1408.469970703125,18492280000,0.8131060167538617,15.26,2.23,1.9,228.433,8.3,0.1,76.2,96.2095,14805.349609375,2.772753857920529,0.7547994453986006
2012-04-06,1398.0799560546875,14636130000,-0.7376809491543956,16.11,2.19,1.84,228.433,8.3,0.13,76.2,96.2095,14690.080078125,2.772753857920529,0.6920752418575995
2012-04-13,1370.260009765625,19093190000,-1.9898680449985884,19.194,2.02,1.75,229.098,8.2,0.13,76.2,96.2095,14398.240234375,3.0719395330004007,0.7808504648021022
2012-04-20,1378.530029296875,18507460000,0.6035365165961926,18.490000000000002,1.99,1.7,229.098,8.2,0.13,76.2,96.5685,14488.099609375,2.509284531746392,0.8888136323025021
2012-04-27,1403.3599853515625,18950920000,1.801190799401886,17.29,1.96,1.7,229.098,8.2,0.13,76.4,96.5685,14755.6103515625,2.509284531746392,0.9055537985563404
2012-05-04,1369.0999755859375,19165870000,-2.441284497437224,17.47,1.91,1.64,229.098,8.1,0.13,76.4,96.5685,14366.3095703125,2.509284531746392,0.9260171516690606
2012-05-11,1353.3900146484375,19706660000,-1.147466307621292,19.357999999999997,1.84,1.57,229.098,8.1,0.14,76.4,96.5685,14217.599609375,2.509284531746392,0.8386866523876911
2012-05-18,1295.219970703125,21259330000,-4.298099093070595,23.14,1.71,1.39,229.177,8.1,0.14,76.4,97.4133,13558.5,2.1137711477367427,0.7261940583554395
2012-05-25,1317.8199462890625,18829090000,1.7448754726711702,22.024,1.75,1.45,229.177,8.1,0.14,79.3,97.4133,13829.6298828125,2.1137711477367427,0.7763786189241084
2012-06-01,1278.0400390625,16202900000,-3.018614746163273,23.9725,1.47,1.22,229.177,8.2,0.14,79.3,97.4133,13383.150390625,2.1137711477367427,0.8323334579690927
2012-06-08,1325.6600341796875,19438880000,3.7260174690707526,23.182,1.65,1.37,229.177,8.2,0.16,79.3,97.4133,13878.080078125,2.1137711477367427,1.0124219065218405
2012-06-15,1342.8399658203125,18576250000,1.2959530496260196,22.541999999999998,1.6,1.31,228.527,8.2,0.16,79.3,97.2853,14010.3701171875,1.82415241965308,1.1393664925376912
2012-06-22,1335.02001953125,20136440000,-0.5823438747807441,18.426,1.69,1.38,228.527,8.2,0.16,79.3,97.2853,13962.1201171875,1.6561093218981693,1.1341917433056998
2012-06-29,1362.1600341796875,18761520000,2.032929413145945,19.268,1.67,1.34,228.527,8.2,0.16,73.2,97.2853,14258.26953125,1.6561093218981693,1.2225028636150346
2012-07-06,1354.6800537109375,11204700000,-0.5491264081356362,17.015,1.57,1.3,228.527,8.2,0.16,73.2,97.2853,14226.490234375,1.6561093218981693,1.1375544892335083
2012-07-13,1356.780029296875,16669120000,0.15501635092249888,17.944,1.52,1.27,228.527,8.2,0.16,73.2,97.2853,14221.3798828125,1.6561093218981693,1.0766740137801751
2012-07-20,1362.6600341796875,18040410000,0.4333793802861141,16.294,1.49,1.27,228.618,8.2,0.16,73.2,97.4298,14257.4501953125,1.9232826877808584,1.0447164570961882
2012-07-27,1385.969970703125,20155950000,1.7106201061712234,18.532,1.58,1.33,228.618,8.2,0.16,72.3,97.4298,14457.1201171875,1.9232826877808584,0.9626305959889916
2012-08-03,1390.989990234375,19419460000,0.3622026189141314,17.826,1.6,1.36,228.618,8.3,0.16,72.3,97.4298,14473.099609375,1.9232826877808584,0.9122157962768014
2012-08-10,1405.8699951171875,15913920000,1.0697420533058777,15.456,1.65,1.38,228.618,8.3,0.16,72.3,97.4298,14643.169921875,1.9232826877808584,0.9293250419490116
2012-08-17,1418.1600341796875,14123730000,0.8741945631662418,14.184000000000001,1.81,1.52,228.723,8.3,0.16,72.3,98.0398,14793.58984375,1.9700941579285258,0.8476885989420181
2012-08-24,1411.1300048828125,14718990000,-0.49571480844483595,15.057999999999998,1.68,1.4,228.723,8.3,0.16,72.3,98.0398,14708.2099609375,1.4630143063103063,0.7066545191319558
2012-08-31,1406.5799560546875,13141340000,-0.32244008789983347,17.04,1.57,1.35,228.723,8.3,0.16,74.3,98.0398,14680.580078125,1.4630143063103063,0.5343929034827589
2012-09-07,1437.9200439453125,14259910000,2.2281056797176735,16.425,1.67,1.42,228.723,8.1,0.13,74.3,98.0398,15040.0595703125,1.4630143063103063,0.4898510570488068
2012-09-14,1465.77001953125,20023040000,1.936823657421427,15.41,1.88,1.61,230.102,8.1,0.13,74.3,96.8202,15354.099609375,2.0747476987911684,0.6502990721550781
2012-09-21,1460.1500244140625,18527570000,-0.3834158866876547,14.14,1.77,1.5,230.102,8.1,0.13,74.3,96.8202,15263.580078125,1.6944508282213944,0.6927493908167506
2012-09-28,1440.6700439453125,16973760000,-1.3341081493709606,15.392000000000001,1.65,1.42,230.102,8.1,0.13,78.3,96.8202,15044.1396484375,1.6944508282213944,0.7169755452767616
2012-10-05,1460.9300537109375,17147310000,1.406290763854745,15.268,1.75,1.48,230.102,7.8,0.14,78.3,96.8202,15248.2900390625,1.6944508282213944,0.675218108291989
2012-10-12,1428.5899658203125,13248670000,-2.2136643577478132,16.0975,1.69,1.42,230.102,7.8,0.14,78.3,96.8202,14917.599609375,1.6944508282213944,0.6000113363289379
2012-10-19,1433.18994140625,18463100000,0.3219941127961201,15.530000000000001,1.79,1.49,231.414,7.8,0.14,78.3,97.0328,14959.5595703125,2.2742941997984545,0.6024812886061499
2012-10-26,1411.93994140625,16987410000,-1.4827064707940596,17.942,1.78,1.48,231.414,7.8,0.14,82.6,97.0328,14754.2099609375,1.9647066599105534,0.7263012076661554
2012-11-02,1414.199951171875,11239480000,0.16006415707554567,17.62666666666667,1.75,1.47,231.414,7.9,0.14,82.6,97.0328,14794.330078125,1.9647066599105534,0.7273502924061095
2012-11-09,1379.8499755859375,18011370000,-2.428933444487358,18.436,1.61,1.34,231.414,7.9,0.16,82.6,97.0328,14436.419921875,1.9647066599105534,0.8561424621273712
2012-11-16,1359.8800048828125,15539840000,-1.4472566624241123,17.2425,1.58,1.34,231.751,7.9,0.16,82.6,96.5879,14213.5302734375,2.113194245555272,0.9278090102660803
2012-11-23,1409.1500244140625,10754010000,3.6231152273980216,15.1925,1.7,1.41,231.751,7.9,0.16,82.7,96.5879,14733.01953125,2.1996533826065034,1.0134806030712036
2012-11-30,1416.1800537109375,16954180000,0.4988843753381156,15.572,1.62,1.37,231.751,7.9,0.16,82.7,96.5879,14848.0400390625,2.1996533826065034,0.9911006730235904
2012-12-07,1418.0699462890625,16930770000,0.13345002093292369,16.54,1.64,1.39,231.751,7.7,0.16,82.7,96.5879,14857.2802734375,2.1996533826065034,0.914292953560078
2012-12-14,1413.5799560546875,16918840000,-0.31662685230194887,16.226,1.72,1.48,231.025,7.7,0.16,82.7,97.509,14816.4404296875,1.8794953321308983,0.6691881233028573
2012-12-21,1430.1500244140625,20543390000,1.1722059504594373,16.956,1.77,1.51,231.025,7.7,0.16,72.9,97.509,15026.3798828125,1.898817925194085,0.6128576173719721
2012-12-28,1402.4300537109375,8790850000,-1.9382561430561829,19.877499999999998,1.73,1.46,231.025,7.7,0.16,72.9,97.509,14741.580078125,1.898817925194085,0.6045551109875448
2013-01-04,1466.469970703125,14660950000,4.566353724574923,15.2725,1.93,1.66,231.025,7.8,0.16,72.9,97.509,15450.1201171875,1.898817925194085,0.8708700620783136
2013-01-11,1472.050048828125,18003450000,0.38051090281272515,13.613999999999999,1.89,1.63,231.025,7.8,0.16,72.9,97.509,15522.5595703125,1.898817925194085,0.9300285248238549
2013-01-18,1485.97998046875,17024890000,0.946294703207573,13.303999999999998,1.87,1.61,230.979,7.8,0.16,72.9,98.093,15674.3701171875,1.8785285815102304,0.8761281538085658
2013-01-25,1502.9599609375,14298680000,1.1426789520672775,12.6175,1.98,1.7,230.979,7.8,0.16,72.9,98.093,15878.4599609375,1.8663973503508346,0.7865853123648989
2013-02-01,1513.1700439453125,18901190000,0.6793316703822105,13.675999999999998,2.04,1.77,230.979,7.9,0.16,73.8,98.093,15979.099609375,1.8663973503508346,0.5657816186620159
2013-02-08,1517.9300537109375,17220660000,0.3145720327118129,13.663999999999998,1.99,1.74,230.979,7.9,0.14,73.8,98.093,16035.0302734375,1.8663973503508346,0.5047901000895928
2013-02-15,1519.7900390625,17082600000,0.1225343254134259,12.736,2.01,1.72,230.979,7.9,0.14,73.8,98.6212,16069.240234375,1.8663973503508346,0.49934655666479816
2013-02-22,1515.5999755859375,15683400000,-0.2757001538940984,14.095,1.97,1.7,231.198,7.9,0.14,73.8,98.6212,15997.2099609375,1.8345350675893046,0.5882966823387928
2013-03-01,1518.199951171875,19146110000,0.17154761334252644,16.291999999999998,1.86,1.61,231.198,7.9,0.14,77.6,98.6212,16028.169921875,1.6232610272301828,0.7919041265554759
2013-03-08,1551.1800537109375,17988980000,2.1723161375157174,13.334,2.06,1.79,231.198,7.7,0.15,77.6,98.6212,16397.630859375,1.6232610272301828,0.7427537690069119
2013-03-15,1560.699951171875,18074930000,0.613719692834036,11.652000000000001,2.01,1.76,232.77,7.7,0.15,77.6,99.4965,16498.439453125,2.3142348519812783,0.7262260357399166
2013-03-22,1556.8900146484375,16501510000,-0.244117168106317,13.596,1.93,1.67,232.77,7.7,0.15,77.6,99.0446,16461.330078125,1.8985873319529167,0.7088037574521471
2013-03-29,1569.18994140625,12266080000,0.7900318353952551,13.09,1.87,1.62,232.77,7.7,0.15,77.6,99.0446,16598.169921875,1.8985873319529167,0.49846841884336485
2013-04-05,1553.280029296875,16991960000,-1.0138933273506123,13.675999999999998,1.72,1.48,232.77,7.6,0.14,78.6,99.0446,16376.25,1.8985873319529167,0.5150870527084908
2013-04-12,1588.8499755859375,16193490000,2.2899892883554207,12.538,1.75,1.53,232.77,7.6,0.14,78.6,99.0446,16756.150390625,1.8985873319529167,0.5823459951815884
2013-04-19,1555.25,20025810000,-2.114735569892079,16.054,1.73,1.49,232.34,7.6,0.14,78.6,99.4765,16393.41015625,1.4151149289823417,0.8838839837347449
2013-04-26,1582.239990234375,17250470000,1.7354116852194235,13.741999999999999,1.7,1.48,232.34,7.6,0.14,76.4,99.4765,16695.509765625,1.4151149289823417,0.9241891428037267
2013-05-03,1614.4200439453125,17137450000,2.0338288698019014,13.632,1.78,1.56,232.34,7.5,0.14,76.4,99.4765,17029.599609375,1.4151149289823417,0.928927918998564
2013-05-10,1633.699951171875,16470390000,1.194231160525372,12.774000000000001,1.9,1.64,232.34,7.5,0.15,76.4,99.4765,17259.419921875,1.4151149289823417,0.9257128449665531
2013-05-17,1667.469970703125,16979670000,2.067088237777459,12.73,1.95,1.69,231.485,7.5,0.15,76.4,98.7439,17599.609375,1.0419121947812693,0.6139173611141564
2013-05-24,1649.5999755859375,17853250000,-1.0716831745792854,13.654,2.01,1.75,231.485,7.5,0.15,76.4,98.7439,17392.5390625,1.0070818624905664,0.5779809388309017
2013-05-31,1630.739990234375,14642760000,-1.1433065973987633,15.035,2.16,1.86,231.485,7.5,0.15,84.5,98.7439,17212.259765625,1.0070818624905664,0.6125100219335884
2013-06-07,1643.3800048828125,18157630000,0.7751091359831541,16.363999999999997,2.17,1.85,231.485,7.6,0.15,84.5,98.7439,17325.240234375,1.0070818624905664,0.6973448630632647
2013-06-14,1626.72998046875,15935010000,-1.013157295609779,16.932,2.14,1.85,231.485,7.6,0.11,84.5,98.6709,17161.310546875,1.0070818624905664,0.8180662558150675
2013-06-21,1592.4300537109375,20459250000,-2.1085199860845227,17.887999999999998,2.52,2.14,231.831,7.6,0.11,84.5,98.6709,16788.529296875,1.4457810236864876,0.9448629085150253
2013-06-28,1606.280029296875,20394900000,0.8697383947045001,17.901999999999997,2.52,2.16,231.831,7.6,0.11,84.1,98.6709,16992.08984375,1.4457810236864876,1.1000795849060085
2013-07-05,1631.8900146484375,11022010000,1.5943661680692722,15.975000000000001,2.73,2.33,231.831,7.6,0.11,84.1,98.6709,17280.01953125,1.4457810236864876,1.058007095751784
2013-07-12,1680.18994140625,16166370000,2.959753802293963,14.238,2.61,2.24,231.831,7.6,0.09,84.1,98.6709,17797.029296875,1.4457810236864876,0.9931066974067205
2013-07-19,1692.0899658203125,15613300000,0.7082547110181192,13.66,2.5,2.18,232.944,7.6,0.09,84.1,99.0549,17925.400390625,1.932813190563909,0.8492340870724512
2013-07-26,1691.6500244140625,15296700000,-0.02599988269753606,12.764,2.58,2.27,232.944,7.6,0.09,85.1,99.0549,17942.48046875,1.892239456210798,0.4929153952910788
2013-08-02,1709.6700439453125,16920240000,1.0652333089695487,13.030000000000001,2.63,2.33,232.944,7.4,0.09,85.1,99.0549,18154.439453125,1.892239456210798,0.462444967064051
2013-08-09,1691.4200439453125,14910070000,-1.0674574351133503,12.736,2.57,2.25,232.944,7.4,0.09,85.1,99.0549,17969.5,1.892239456210798,0.4560143263580982
2013-08-16,1655.8299560546875,15334290000,-2.104154318025553,13.452000000000002,2.84,2.48,233.318,7.4,0.09,85.1,98.9462,17571.4296875,2.0558311244084138,0.45754780735137957
2013-08-23,1663.5,13950930000,0.46321446941253175,14.937999999999999,2.82,2.42,233.318,7.4,0.09,85.1,98.9462,17688.25,2.00898029494192,0.5543085687235264
2013-08-30,1632.969970703125,13695720000,-1.8352888065449324,16.413999999999998,2.78,2.39,233.318,7.4,0.09,82.1,98.9462,17352.080078125,2.00898029494192,0.6324913562396033
2013-09-06,1655.1700439453125,13124750000,1.3594905993665307,16.0275,2.94,2.48,233.318,7.3,0.08,82.1,98.9462,17598.5703125,2.00898029494192,0.640027820305988
2013-09-13,1687.989990234375,15772830000,1.9828745940104087,14.486,2.9,2.45,233.318,7.3,0.08,82.1,98.9462,17964.630859375,2.00898029494192,0.6840702356573628
2013-09-20,1709.9100341796875,18657960000,1.2985885030200262,13.756,2.75,2.41,233.526,7.3,0.08,82.1,99.3579,18216.529296875,1.4880357406715339,0.6241671875406172
2013-09-27,1691.75,15310240000,-1.0620461788447,14.384,2.64,2.3,233.526,7.3,0.08,77.5,99.3579,18072.740234375,1.4880357406715339,0.5732232187276705
2013-10-04,1690.5,15855840000,-0.07388798581350331,16.630000000000003,2.66,2.33,233.526,7.3,0.08,77.5,99.3579,18089.470703125,1.4880357406715339,0.5749073291403158
2013-10-11,1703.199951171875,16132530000,0.7512541361653247,18.31,2.7,2.35,233.526,7.3,0.08,77.5,99.3579,18187.970703125,1.4880357406715339,0.7057138815403959
2013-10-18,1744.5,13932400000,2.424850282534874,14.9725,2.6,2.27,233.526,7.3,0.08,77.5,99.3579,18650.970703125,1.4880357406715339,0.8567991346377588
2013-10-25,1759.77001953125,17464350000,0.8753235615505783,13.24,2.53,2.21,233.526,7.2,0.08,73.2,99.3579,18794.4609375,0.9126500557442574,0.8432195151065358
2013-11-01,1761.6400146484375,17676620000,0.10626360810974678,13.48,2.65,2.32,233.947,7.2,0.08,73.2,100.0439,18751.359375,1.094575090530392,0.8172682929991696
2013-11-08,1770.6099853515625,18014020000,0.5091829561395977,13.136000000000001,2.77,2.45,233.947,7.3,0.09,73.2,100.0439,18798.630859375,1.094575090530392,0.7254627479167146
2013-11-15,1798.1800537109375,12942390000,1.5570943678994809,12.475,2.71,2.4,233.947,7.3,0.09,73.2,99.9778,19106.5703125,1.094575090530392,0.6214652884830631
2013-11-22,1804.760009765625,15813880000,0.3659230921346568,12.962,2.75,2.44,233.808,7.3,0.09,73.2,99.9778,19151.3203125,0.8875905605585155,0.5915095237094921
2013-11-29,1805.81005859375,10637550000,0.058182186132405,13.07,2.75,2.47,233.808,7.3,0.09,75.1,99.9778,19201.9609375,0.8875905605585155,0.5911537282152004
2013-12-06,1805.0899658203125,16668560000,-0.03987644049331385,14.469999999999999,2.88,2.58,233.808,7.0,0.08,75.1,99.9778,19179.83984375,0.8875905605585155,0.5871455334192802
2013-12-13,1775.3199462890625,16086600000,-1.6492263596247558,14.824000000000002,2.88,2.54,233.808,7.0,0.08,75.1,99.9778,18893.2109375,0.8875905605585155,0.5053776702685815
2013-12-20,1818.3199462890625,19402600000,2.422098624525826,14.796000000000001,2.89,2.52,233.887,7.0,0.08,75.1,101.2825,19370.189453125,1.2388269667784835,0.5733347531127252
2013-12-27,1841.4000244140625,8194360000,1.2693078669737456,12.5775,3.02,2.62,233.887,7.0,0.08,82.5,101.2825,19623.619140625,1.2388269667784835,0.6093607981330698
2014-01-03,1831.3699951171875,10461570000,-0.5446958381607803,13.8175,3.01,2.6,233.887,7.0,0.08,82.5,101.2825,19541.73046875,1.2388269667784835,0.625992552798128
2014-01-10,1842.3699951171875,17375600000,0.6006432359014546,12.874,2.88,2.49,233.887,6.7,0.09,82.5,101.2825,19674.009765625,1.2388269667784835,0.589790987536045
2014-01-17,1838.699951171875,17839850000,-0.199202329338799,12.562,2.84,2.44,234.582,6.7,0.09,82.5,101.7629,19658.7109375,1.5396602099339907,0.6035375968269328
2014-01-24,1790.2900390625,15747340000,-2.632833708323179,14.405,2.75,2.38,234.582,6.7,0.09,82.5,101.7629,19168.630859375,1.5598820672009017,0.5809134393568858
2014-01-31,1782.5899658203125,19054250000,-0.43010199879230937,17.254,2.67,2.33,234.582,6.7,0.09,81.2,101.7629,19105.240234375,1.5598820672009017,0.757244292823911
2014-02-07,1797.02001953125,20380140000,0.8094993233229042,18.604,2.71,2.41,234.582,6.6,0.07,81.2,101.7629,19203.91015625,1.5598820672009017,0.9688439343182257
2014-02-14,1838.6300048828125,16742180000,2.315499265412546,14.356,2.75,2.43,234.582,6.6,0.07,81.2,101.0251,19665.76953125,1.5598820672009017,1.0247282330524936
2014-02-21,1836.25,13891540000,-0.12944447096435718,14.709999999999999,2.73,2.4,234.933,6.6,0.07,81.2,101.0251,19689.259765625,1.6423160290217398,1.0208500668304263
2014-02-28,1859.449951171875,18711730000,1.2634418609598352,14.057999999999998,2.66,2.33,234.933,6.6,0.07,81.6,101.0251,19946.83984375,1.6154984039654208,0.8555178731265525
2014-03-07,1878.0400390625,17512170000,0.9997627459082281,14.462,2.8,2.42,234.933,6.7,0.07,81.6,101.0251,20154.890625,1.6154984039654208,0.6516426217635508
2014-03-14,1841.1300048828125,16641060000,-1.9653486300597045,15.501999999999999,2.65,2.29,234.933,6.7,0.07,81.6,101.0251,19770.779296875,1.6154984039654208,0.5522151720779906
2014-03-21,1866.52001953125,17678140000,1.3790451831810602,14.959999999999999,2.75,2.3,235.169,6.7,0.07,81.6,101.6276,20007.0703125,1.0306310950723985,0.6222713314654955
2014-03-28,1857.6199951171875,16779360000,-0.4768244819735479,14.613999999999999,2.73,2.28,235.169,6.7,0.07,80.0,101.6276,19809.279296875,1.0306310950723985,0.6417502979727463
2014-04-04,1865.0899658203125,16381500000,0.40212587734629324,13.48,2.74,2.31,235.169,6.7,0.07,80.0,101.6276,19877.599609375,1.0306310950723985,0.6055512086952505
2014-04-11,1815.68994140625,18333880000,-2.6486671055749977,15.440000000000001,2.63,2.26,235.169,6.7,0.08,80.0,101.6276,19321.150390625,1.0306310950723985,0.7582488718119889
2014-04-18,1864.8499755859375,13344490000,2.707512613172991,14.815,2.73,2.3,235.64,6.7,0.08,80.0,103.2374,19832.16015625,1.420332271670821,0.8554251562776867
2014-04-25,1863.4000244140625,15348510000,-0.07775162564588323,13.418000000000001,2.68,2.25,235.64,6.7,0.08,84.1,103.2374,19763.25,1.420332271670821,0.8538302730946914
2014-05-02,1881.1400146484375,18038030000,0.9520226468792359,13.45,2.6,2.18,235.64,6.3,0.08,84.1,103.2374,19965.98046875,1.420332271670821,0.8376642392831117
2014-05-09,1878.47998046875,16112380000,-0.14140543282126217,13.368,2.62,2.22,235.64,6.3,0.09,84.1,103.2374,19867.2109375,1.420332271670821,0.7161278554061815
2014-05-16,1877.8599853515625,15469770000,-0.03300514903719076,12.428,2.52,2.14,236.254,6.3,0.09,84.1,102.7435,19863.9609375,1.684600154945337,0.49904966694418507
2014-05-23,1900.530029296875,13605170000,1.2072275953560085,12.136,2.54,2.17,236.254,6.3,0.09,84.1,102.7435,20123.5,2.0601766853143744,0.5274652839279558
2014-05-30,1923.5699462890625,11860010000,1.212289026588631,11.54,2.48,2.11,236.254,6.3,0.09,81.9,102.7435,20348.349609375,2.0601766853143744,0.5270430333088993
2014-06-06,1949.43994140625,14147690000,1.344894952590403,11.588,2.6,2.19,236.254,6.3,0.09,81.9,102.7435,20661.859375,2.0601766853143744,0.49522667247986646
2014-06-13,1936.1600341796875,13863870000,-0.6812165352979682,11.696000000000002,2.6,2.15,236.254,6.3,0.09,81.9,102.7435,20532.98046875,2.0601766853143744,0.449643187106253
2014-06-20,1962.8699951171875,16251000000,1.3795327073165442,11.358,2.63,2.13,237.083,6.3,0.09,81.9,103.6585,20834.759765625,2.265443361759223,0.37532170460344394
2014-06-27,1960.9599609375,15983470000,-0.09730823663507415,11.518,2.54,2.09,237.083,6.3,0.09,82.5,103.6585,20846.0,2.265443361759223,0.3692725741999833
2014-07-04,1985.43994140625,11075160000,1.2483671750771697,10.965,2.65,2.13,237.083,6.1,0.09,82.5,103.6585,21107.5390625,2.265443361759223,0.38650463076591146
2014-07-11,1967.5699462890625,14692810000,-0.900052161967213,11.926,2.53,2.05,237.083,6.1,0.1,82.5,103.6585,20828.859375,2.265443361759223,0.4223003839334443
2014-07-18,1978.219970703125,15952350000,0.541278058965533,12.276,2.5,1.99,237.083,6.1,0.1,82.5,103.9152,20912.560546875,1.7768218971083272,0.4534008499691266
2014-07-25,1978.3399658203125,14213850000,0.006065812647970681,12.22,2.48,1.95,237.693,6.1,0.1,82.5,103.9152,20907.169921875,2.038687409849582,0.5283706957702456
2014-08-01,1925.1500244140625,17417530000,-2.688614814703749,14.63,2.52,2.05,237.693,6.2,0.1,81.8,103.9152,20346.009765625,2.038687409849582,0.5842759270112585
2014-08-08,1931.5899658203125,16207390000,0.33451634026340216,16.157999999999998,2.44,1.99,237.693,6.2,0.09,81.8,103.9152,20436.16015625,2.038687409849582,0.7052288171502095
2014-08-15,1955.06005859375,13747450000,1.2150659916826623,13.366,2.34,1.92,237.693,6.2,0.09,81.8,104.3882,20704.880859375,2.038687409849582,0.7262572402168896
2014-08-22,1988.4000244140625,12814930000,1.705316707472071,11.908,2.4,1.87,237.909,6.2,0.09,81.8,104.3882,21054.859375,1.9677007346196929,0.7025577282423839
2014-08-29,2003.3699951171875,11571710000,0.7528651438000411,11.828,2.35,1.87,237.909,6.2,0.09,82.5,104.3882,21233.830078125,1.9677007346196929,0.6179649537926524
2014-09-05,2007.7099609375,11520670000,0.21663326449383735,12.335,2.46,1.94,237.909,6.1,0.09,82.5,104.3882,21270.3203125,1.9677007346196929,0.41546608802107976
2014-09-12,1985.5400390625,14732610000,-1.1042392729200712,13.030000000000001,2.62,2.04,237.909,6.1,0.09,82.5,104.3882,21041.4296875,1.9677007346196929,0.3608220747468087
2014-09-19,2010.4000244140625,17261820000,1.252051576018598,12.728,2.59,2.0,237.428,6.1,0.09,82.5,104.1152,21219.880859375,1.6709060233121686,0.3669530814971599
2014-09-26,1982.8499755859375,16145360000,-1.3703764670493612,14.475999999999999,2.54,1.95,237.428,6.1,0.09,84.6,104.1152,20885.669921875,1.6709060233121686,0.4920657795278854
2014-10-03,1967.9000244140625,18807610000,-0.753962798797081,15.942000000000002,2.45,1.88,237.428,5.9,0.09,84.6,104.1152,20715.529296875,1.6709060233121686,0.6563146736928949
2014-10-10,1906.1300048828125,20382540000,-3.1388799616302587,17.554,2.31,1.86,237.428,5.9,0.09,84.6,104.1152,19975.650390625,1.6709060233121686,0.8691290738012241
2014-10-17,1886.760009765625,20458080000,-1.016194859089814,24.057499999999997,2.22,1.83,237.428,5.9,0.09,84.6,105.0728,19900.419921875,1.6709060233121686,1.0030528371975973
2014-10-24,1964.5799560546875,17947860000,4.124528073855527,17.032,2.29,1.88,237.633,5.9,0.09,84.6,105.0728,20690.130859375,1.7586906811233094,1.1377015730292408
2014-10-31,2018.050048828125,18810910000,2.721706113749489,14.825999999999999,2.35,1.85,237.633,5.9,0.09,86.9,105.0728,21256.740234375,1.7586906811233094,1.1206317005087798
2014-11-07,2031.9200439453125,18652340000,0.6872968846952876,14.116,2.32,1.81,237.633,5.8,0.09,86.9,105.0728,21381.830078125,1.575570535206694,0.9968577583095091
2014-11-14,2039.8199462890625,13213990000,0.38879001992671025,13.1975,2.32,1.78,237.633,5.8,0.09,86.9,105.0728,21467.76953125,1.575570535206694,0.6993300777959213
2014-11-21,2063.5,17004640000,1.1608894085979093,13.658000000000001,2.31,1.78,237.642,5.8,0.09,86.9,104.8568,21696.140625,1.579417560387597,0.5428945924367559
2014-11-28,2067.56005859375,11770900000,0.19675592894354832,12.567499999999999,2.18,1.71,237.642,5.8,0.09,88.8,104.8568,21731.1796875,1.6398070211455673,0.3820764235294513
2014-12-05,2075.3701171875,18286300000,0.3777427679204637,12.762,2.31,1.66,237.642,5.8,0.09,88.8,104.8568,21775.240234375,1.6398070211455673,0.34012872018355456
2014-12-12,2002.3299560546875,19961180000,-3.5193800145776,17.758,2.1,1.54,237.642,5.8,0.09,88.8,104.8568,21009.830078125,1.6398070211455673,0.4806254579264845
2014-12-19,2070.64990234375,25431950000,3.4120223833477237,19.346,2.17,1.5,237.032,5.8,0.09,88.8,106.6617,21727.5,1.3446664414866971,0.8247344848099478
2014-12-26,2088.77001953125,9565680000,0.8750932336263118,14.73,2.25,1.52,237.032,5.8,0.09,93.6,106.6617,21949.029296875,1.3446664414866971,0.9906875377572116
2015-01-02,2058.199951171875,10207410000,-1.4635440030987934,16.9925,2.12,1.46,237.032,5.8,0.09,93.6,106.6617,21665.3203125,1.3446664414866971,0.992024498421971
2015-01-09,2044.81005859375,19362860000,-0.6505632540949824,18.982,1.98,1.39,237.032,5.6,0.12,93.6,106.6617,21497.119140625,1.3446664414866971,1.1235770743806897
2015-01-16,2019.4200439453125,20275570000,-1.2416808368938992,20.996000000000002,1.83,1.34,236.149,5.6,0.12,93.6,106.5114,21244.6796875,0.9671337013173131,1.0988378862488606
2015-01-23,2051.820068359375,15424020000,1.604422245446413,17.95,1.81,1.29,236.149,5.6,0.12,93.6,106.5114,21588.009765625,0.6679966919883151,0.9169172074139891
2015-01-30,1994.989990234375,19558890000,-2.7697398520154404,18.582,1.68,1.21,236.149,5.6,0.12,98.1,106.5114,21060.439453125,0.6679966919883151,1.0216674684553726
2015-02-06,2055.469970703125,20821110000,3.0315931791539796,17.845999999999997,1.95,1.3,236.149,5.7,0.11,98.1,106.5114,21705.75,0.6679966919883151,1.067958795932082
2015-02-13,2096.989990234375,18132050000,2.019976945566704,16.554,2.02,1.36,236.149,5.7,0.11,98.1,106.5114,22120.810546875,0.6679966919883151,0.975941003588894
2015-02-20,2110.300048828125,13260470000,0.6347220852619406,15.21,2.13,1.46,236.284,5.7,0.11,98.1,106.1878,22278.55078125,0.7203935309513465,0.9034448947383451
2015-02-27,2104.5,16561930000,-0.2748447469043902,13.868,2.0,1.37,234.677,5.7,0.11,95.4,106.1878,22212.33984375,-0.10896723746770531,0.7742194913246924
2015-03-06,2071.260009765625,17049500000,-1.5794720947671648,14.074000000000002,2.24,1.51,234.677,5.5,0.11,95.4,106.1878,21886.4296875,-0.10896723746770531,0.5434408436730866
2015-03-13,2053.39990234375,17328980000,-0.8622822503050243,16.008000000000003,2.13,1.45,234.677,5.5,0.11,95.4,106.1878,21746.759765625,-0.10896723746770531,0.6443293595442421
2015-03-20,2108.10009765625,19504990000,2.663884187881038,14.466,1.93,1.33,234.677,5.5,0.11,95.4,105.8028,22330.890625,-0.20921124808117586,0.7729666379624327
2015-03-27,2061.02001953125,16498140000,-2.233294243349393,14.668000000000001,1.95,1.37,235.186,5.5,0.11,93.0,105.8028,21846.7890625,0.007228843937756579,0.8533353040763254
2015-04-03,2066.9599609375,12933470000,0.2882039645399015,14.895,1.92,1.37,235.186,5.5,0.11,93.0,105.8028,21946.619140625,0.007228843937756579,0.9277442873827547
2015-04-10,2102.06005859375,15962370000,1.698150826314504,13.834,1.96,1.39,235.186,5.5,0.11,93.0,105.8028,22274.80078125,0.007228843937756579,0.8259744535688209
2015-04-17,2081.179931640625,17285170000,-0.9933173349525259,13.388,1.87,1.36,235.74,5.5,0.11,93.0,105.2161,22060.7890625,0.24280411108605904,0.6907866036545657
2015-04-24,2117.68994140625,16604500000,1.754293764347592,12.806000000000001,1.93,1.39,235.74,5.5,0.11,93.0,105.2161,22431.1796875,0.042437616703461245,0.6381083923493558
2015-05-01,2108.2900390625,18949060000,-0.4438752888209829,13.234,2.12,1.52,235.74,5.5,0.11,95.9,105.2161,22247.990234375,0.042437616703461245,0.5441217690747887
2015-05-08,2116.10009765625,17753820000,0.37044516878821376,14.059999999999999,2.16,1.57,235.74,5.4,0.12,95.9,105.2161,22319.279296875,0.042437616703461245,0.6359804639154145
2015-05-15,2122.72998046875,15824270000,0.3133066729614109,13.318000000000001,2.14,1.59,235.74,5.4,0.12,95.9,105.1786,22402.169921875,0.042437616703461245,0.7019181743222827
2015-05-22,2126.06005859375,14852420000,0.1568771419653059,12.540000000000001,2.21,1.57,235.982,5.4,0.12,95.9,105.1786,22449.830078125,-0.1151303258357439,0.6495885674392232
2015-05-29,2107.389892578125,13377830000,-0.8781579777183746,13.620000000000001,2.12,1.51,235.982,5.4,0.12,90.7,105.1786,22259.69921875,-0.1151303258357439,0.6952356867031086
2015-06-05,2092.830078125,15604780000,-0.6908932468738804,14.158000000000001,2.41,1.68,235.982,5.5,0.12,90.7,105.1786,22167.66015625,-0.1151303258357439,0.6071553413703826
2015-06-12,2094.110107421875,15214050000,0.06116260035893273,13.922,2.39,1.65,235.982,5.5,0.12,90.7,105.1786,22173.669921875,-0.1151303258357439,0.549064249182294
2015-06-19,2109.989990234375,17173880000,0.7583117409260876,14.37,2.26,1.61,237.031,5.5,0.12,90.7,105.1018,22347.650390625,-0.02193324700632271,0.5863328238766897
2015-06-26,2101.489990234375,17463770000,-0.402845512980643,13.228,2.49,1.77,237.031,5.5,0.12,96.1,105.1018,22245.419921875,-0.02193324700632271,0.592406403938623
2015-07-03,2076.780029296875,14481300000,-1.1758305322569829,17.490000000000002,2.4,1.76,237.031,5.3,0.13,96.1,105.1018,21950.58984375,-0.02193324700632271,0.7362577546770555
2015-07-10,2076.6201171875,18065680000,-0.007700002268851147,17.912,2.42,1.77,237.031,5.3,0.13,96.1,105.1018,21954.359375,-0.02193324700632271,0.7779366818277565
2015-07-17,2126.639892578125,15950490000,2.408710913307055,12.912,2.34,1.66,237.786,5.3,0.13,96.1,105.7065,22420.66015625,0.2965206277970145,0.8475549692287558
2015-07-24,2079.64990234375,17926480000,-2.209588487377101,12.594,2.27,1.57,237.786,5.3,0.13,96.1,107.1086,21906.75,0.03912609963272473,0.8223065657253018
2015-07-31,2103.840087890625,19254140000,1.1631854726900315,13.157999999999998,2.2,1.53,237.786,5.3,0.13,93.1,107.1086,22180.080078125,0.03912609963272473,0.7803379832290422
2015-08-07,2077.570068359375,18841050000,-1.2486699765089648,13.046000000000001,2.18,1.45,237.786,5.3,0.13,93.1,107.1086,21852.580078125,0.03912609963272473,0.6855130854806203
2015-08-14,2091.5400390625,17509360000,0.6724187509187907,13.174000000000001,2.2,1.47,237.786,5.3,0.13,93.1,107.477,22009.759765625,0.03912609963272473,0.6421982273561218
2015-08-21,1970.8900146484375,18271310000,-5.76847787566821,17.846,2.05,1.41,238.099,5.3,0.13,93.1,107.477,20770.279296875,0.07986246842279776,0.7595156041376301
2015-08-28,1988.8699951171875,26089970000,0.9122772115701894,31.846000000000004,2.19,1.47,238.099,5.3,0.13,91.9,107.477,20968.310546875,0.07986246842279776,1.5280871313331148
2015-09-04,1921.219970703125,18717360000,-3.40143018800364,27.865999999999996,2.13,1.42,238.099,5.1,0.13,91.9,107.477,20304.16015625,0.07986246842279776,1.8481106248798773
2015-09-11,1961.050048828125,14045680000,2.0731659431180605,24.675,2.2,1.49,238.099,5.1,0.13,91.9,107.477,20691.66015625,0.07986246842279776,1.9958616618540548
2015-09-18,1958.030029296875,20075770000,-0.1540001252418155,22.312,2.13,1.44,237.931,5.1,0.14,91.9,107.0793,20678.740234375,0.009247233185805115,2.023807877348212
2015-09-25,1931.3399658203125,18081540000,-1.3631079747100094,22.36,2.17,1.47,237.931,5.1,0.14,87.2,107.0793,20313.51953125,0.21185369880554195,1.5742645724074684
2015-10-02,1951.3599853515625,21346290000,1.036587026911473,24.490000000000002,1.99,1.41,237.931,5.1,0.14,87.2,107.0793,20453.859375,0.21185369880554195,1.3076239949373463
2015-10-09,2014.8900146484375,20849400000,3.255679616973861,18.368000000000002,2.12,1.47,237.931,5.1,0.14,87.2,107.0793,21157.55078125,0.21185369880554195,1.1586954012029533
2015-10-16,2033.1099853515625,14388230000,0.9042662661814749,16.700000000000003,2.04,1.43,237.566,5.1,0.14,87.2,107.0917,21280.380859375,0.05812288356892292,1.1281292012208342
2015-10-23,2075.14990234375,18785920000,2.067764031217334,15.268,2.09,1.43,237.566,5.1,0.14,87.2,107.0917,21614.060546875,0.05812288356892292,1.0623684885163125
2015-10-30,2079.360107421875,20565930000,0.20288679258158027,14.946000000000002,2.16,1.41,237.566,5.1,0.14,90.0,107.0917,21648.509765625,-0.028194737262920988,0.8884078880967092
2015-11-06,2099.199951171875,20531860000,0.9541321716803886,14.716,2.34,1.44,237.566,5.0,0.12,90.0,107.0917,21865.240234375,-0.028194737262920988,0.7526959573576704
2015-11-13,2023.0400390625,15998910000,-3.6280446780145414,17.564999999999998,2.28,1.42,237.566,5.0,0.12,90.0,107.0917,21043.66015625,-0.028194737262920988,0.7827621948088097
2015-11-20,2089.169921875,19652690000,3.2688370736915884,17.262,2.26,1.33,238.042,5.0,0.12,90.0,107.2123,21681.310546875,0.1721141423960404,0.8805481430055059
2015-11-27,2090.110107421875,11792690000,0.04500282801465083,15.465,2.22,1.3,238.042,5.0,0.12,91.3,107.2123,21761.33984375,0.16832041474150738,0.7986986502647984
2015-12-04,2091.68994140625,20459190000,0.07558616068910062,15.925999999999998,2.28,1.32,238.042,5.0,0.12,91.3,107.2123,21678.169921875,0.16832041474150738,0.8379730195476617
2015-12-11,2012.3699951171875,20618850000,-3.792146470606228,19.356,2.13,1.25,238.042,5.0,0.12,91.3,107.2123,20823.359375,0.16832041474150738,0.9998675681897282
2015-12-18,2005.550048828125,24611890000,-0.3389012112887002,20.236,2.19,1.22,238.111,5.0,0.12,91.3,106.5339,20754.91015625,0.19735568628440614,1.0287680674867998
2015-12-25,2060.989990234375,12177090000,2.764325998179129,16.6525,2.25,1.22,238.111,5.0,0.12,92.6,106.5339,21354.560546875,0.4552127982719645,1.142777600609042
2016-01-01,2043.93994140625,10057270000,-0.8272747033665206,17.1225,2.27,1.21,238.111,5.0,0.12,92.6,106.5339,21167.859375,0.4552127982719645,1.1756067625351232
2016-01-08,1922.030029296875,22089690000,-5.964456667229657,22.526,2.13,1.19,238.111,5.0,0.24,92.6,106.5339,19867.099609375,0.4552127982719645,1.1423569053329188
2016-01-15,1880.3299560546875,25291150000,-2.1695848975597065,24.592,2.03,1.18,238.111,5.0,0.24,92.6,106.0222,19335.23046875,0.4552127982719645,1.2366376941909238
2016-01-22,1906.9000244140625,21324990000,1.4130535055200788,25.6675,2.07,1.19,237.847,5.0,0.24,92.6,106.0222,19592.33984375,0.7190375567967644,1.265753673769132
2016-01-29,1940.239990234375,23703940000,1.7483856202978876,22.476,1.94,1.18,237.847,5.0,0.24,92.0,106.0222,19926.099609375,0.7190375567967644,1.3683779799891087
2016-02-05,1880.050048828125,24081930000,-3.1021905387579984,21.766,1.86,1.12,237.847,4.9,0.34,92.0,106.0222,19244.939453125,0.7190375567967644,1.4854288552885364
2016-02-12,1864.780029296875,25488570000,-0.8122134589325536,26.474,1.74,1.03,237.847,4.9,0.34,92.0,106.0222,19026.83984375,0.7190375567967644,1.4258760416842056
2016-02-19,1917.780029296875,18161550000,2.842158279654239,22.1475,1.76,1.0,238.107,4.9,0.34,92.0,106.8477,19624.1796875,0.8291375360471642,1.3791996429789997
2016-02-26,1948.050048828125,20729330000,1.5783885048770818,20.0,1.76,0.96,238.107,4.9,0.34,91.7,106.8477,19996.51953125,0.7715291767534049,1.3010901171944542
2016-03-04,1999.989990234375,25206170000,2.666252924943846,17.78,1.88,1.0,238.107,4.9,0.34,91.7,106.8477,20609.470703125,1.4615833677778411,1.2112499488936987
2016-03-11,2022.18994140625,22103360000,1.1100031140292677,17.782,1.98,1.01,238.107,4.9,0.38,91.7,106.8477,20802.970703125,1.4615833677778411,1.0700409905871977
2016-03-18,2049.580078125,22138770000,1.3544789318703954,15.442000000000002,1.88,1.04,237.707,4.9,0.38,91.7,106.3275,21096.80078125,1.2911363278037546,0.9218599343106995
2016-03-25,2035.93994140625,13842290000,-0.6655088456572145,14.41,1.91,1.02,237.707,4.9,0.38,91.7,106.3275,20914.76953125,1.2911363278037546,0.7998232393161738
2016-04-01,2072.780029296875,17687000000,1.8094879490982985,13.934000000000001,1.79,1.03,237.707,5.0,0.38,91.0,104.1893,21224.3203125,1.071917546112422,0.6473459982153977
2016-04-08,2047.5999755859375,18552210000,-1.2147962328389994,15.030000000000001,1.72,1.02,237.707,5.0,0.36,91.0,104.1893,21071.240234375,1.071917546112422,0.6418928288413346
2016-04-15,2080.72998046875,19466730000,1.6179920530294156,14.458000000000002,1.76,1.02,237.92,5.0,0.36,91.0,103.3759,21463.5390625,1.162484161472177,0.6273078445427174
2016-04-22,2091.580078125,19364460000,0.5214563041863629,13.407999999999998,1.89,1.05,237.92,5.0,0.36,91.0,103.3759,21622.0390625,0.9247476032917534,0.6379379108771287
2016-04-29,2065.300048828125,19991600000,-1.256467757162505,14.546000000000001,1.83,1.06,237.92,5.0,0.36,89.0,103.3759,21377.58984375,0.9247476032917534,0.6277927097173046
2016-05-06,2057.139892578125,19877940000,-0.39510754161993233,15.392,1.79,1.05,237.92,5.0,0.37,89.0,103.3759,21258.080078125,0.9247476032917534,0.6061127808779995
2016-05-13,2046.6099853515625,18573070000,-0.5118712278417648,14.468,1.71,0.95,237.92,5.0,0.37,89.0,103.3759,21117.2109375,0.9247476032917534,0.5756328139515038
2016-05-20,2052.320068359375,19066060000,0.2790020105775781,15.545999999999998,1.85,0.96,238.89,5.0,0.37,89.0,104.147,21218.33984375,1.3362178671417535,0.6468911712012724
2016-05-27,2099.06005859375,16852120000,2.277422072461577,14.138,1.85,0.95,238.89,5.0,0.37,94.7,104.147,21701.470703125,1.2322973786136115,0.7208071982467972
2016-06-03,2099.1298828125,15300080000,0.003326451687946097,13.8725,1.71,0.93,238.89,4.7,0.37,94.7,104.147,21742.3203125,1.2322973786136115,0.6673804979848936
2016-06-10,2096.070068359375,17344140000,-0.14576584699110828,14.690000000000001,1.64,0.91,238.89,4.7,0.37,94.7,104.147,21688.7890625,1.2322973786136115,0.6171285844347008
2016-06-17,2071.219970703125,19277430000,-1.1855566295882691,20.078,1.62,0.92,239.41,4.7,0.37,94.7,103.5527,21431.140625,1.4526531684619925,0.5470793115264146
2016-06-24,2037.4100341796875,20763870000,-1.6323682178460253,20.206,1.57,0.93,239.41,4.7,0.37,93.5,103.5527,21102.3203125,1.0036661871231978,0.5838408250669819
2016-07-01,2102.949951171875,22140480000,3.216825081485153,17.928,1.46,0.87,239.41,4.7,0.37,93.5,103.5527,21739.0703125,1.0036661871231978,1.1531050146823665
2016-07-08,2129.89990234375,14779810000,1.2815307923451646,14.625,1.37,0.76,239.41,4.9,0.38,93.5,103.5527,22040.7109375,1.0036661871231978,1.2443903434397283
2016-07-15,2161.739990234375,17441690000,1.4949100591810982,13.124,1.6,0.89,239.927,4.9,0.38,93.5,104.1342,22388.880859375,1.2217811172378301,1.2504372273469095
2016-07-22,2175.030029296875,15651690000,0.6147843460609259,12.187999999999999,1.57,0.86,239.927,4.9,0.38,93.5,104.1342,22424.880859375,0.9003894257862077,1.2381621238017664
2016-07-29,2173.60009765625,18198170000,-0.06574307579041427,12.668000000000001,1.46,0.79,239.927,4.9,0.38,90.0,104.1342,22547.919921875,0.9003894257862077,0.6374410771335557
2016-08-05,2182.8701171875,18513540000,0.42648229272925775,12.495999999999999,1.59,0.87,239.927,4.9,0.39,90.0,104.1342,22634.55078125,0.9003894257862077,0.44622664971210924
2016-08-12,2184.050048828125,16340620000,0.054054138692660736,11.687999999999999,1.51,0.8,239.927,4.9,0.39,90.0,104.1342,22659.359375,0.9003894257862077,0.3510413211116485
2016-08-19,2183.8701171875,16049210000,-0.008238439440599876,11.882,1.58,0.82,239.828,4.9,0.39,90.0,104.9141,22665.279296875,0.8587553514504576,0.35483005839286164
2016-08-26,2169.0400390625,15278970000,-0.6790732657718235,13.075999999999999,1.62,0.78,239.828,4.9,0.39,89.8,104.9141,22538.140625,0.7261685265372853,0.3480778673313358
2016-09-02,2179.97998046875,15911210000,0.5043678866794243,12.988,1.6,0.8,239.828,4.9,0.39,89.8,104.9141,22686.69921875,0.7261685265372853,0.342308437056253
2016-09-09,2127.81005859375,14728870000,-2.393137659171629,13.4925,1.67,0.88,239.828,4.9,0.4,89.8,104.9141,22157.51953125,0.7261685265372853,0.38300522987461694
2016-09-16,2139.159912109375,20204330000,0.533405388783903,16.564,1.7,0.93,240.305,4.9,0.4,89.8,104.4016,22240.51953125,0.9265053612153018,0.7739468121269661
2016-09-23,2164.68994140625,16758370000,1.1934605333782766,13.812000000000001,1.62,0.85,240.305,4.9,0.4,89.8,104.4016,22557.109375,0.9977682605461169,0.8363121213023605
2016-09-30,2168.27001953125,18848810000,0.1653852617190088,13.459999999999999,1.6,0.83,240.305,4.9,0.4,91.2,104.4016,22576.669921875,0.9977682605461169,0.9054799458927955
2016-10-07,2153.739990234375,17730470000,-0.6701208413155246,13.302000000000001,1.73,0.9,240.305,5.0,0.4,91.2,104.4016,22397.4296875,0.9977682605461169,0.9040921438204034
2016-10-14,2132.97998046875,13078510000,-0.9639051073832672,16.02,1.8,0.96,240.305,5.0,0.4,91.2,104.4016,22168.8203125,0.9977682605461169,0.6695270987018047
2016-10-21,2141.159912109375,16166080000,0.3834978159910962,14.597999999999999,1.74,0.9,241.002,5.0,0.4,91.2,104.226,22264.259765625,1.446334913245173,0.6052297508670135
2016-10-28,2126.409912109375,19131940000,-0.688878953719485,14.454000000000002,1.86,1.0,241.002,5.0,0.4,87.2,104.226,22059.650390625,1.446334913245173,0.5097077002893847
2016-11-04,2085.179931640625,20488880000,-1.9389479062317916,19.906,1.79,0.99,241.002,4.9,0.4,87.2,104.226,21594.279296875,1.446334913245173,0.4171256987236182
2016-11-11,2167.47998046875,20387610000,3.946903937607482,16.6425,2.15,1.23,241.002,4.9,0.4,87.2,104.226,22498.099609375,1.446334913245173,0.6602710552807094
2016-11-18,2181.89990234375,21162310000,0.6652851239660196,13.553999999999998,2.34,1.27,241.863,4.9,0.4,87.2,104.2687,22805.9296875,1.6051789180060672,0.6725113413899687
2016-11-25,2213.35009765625,12576460000,1.441413296673999,12.4,2.36,1.24,241.863,4.9,0.4,93.8,104.2687,23168.220703125,1.6051789180060672,0.6817648312510929
2016-12-02,2191.949951171875,21612530000,-0.9668667648663365,13.514,2.4,1.29,241.863,4.6,0.41,93.8,104.2687,22928.720703125,1.6051789180060672,0.6674576520766229
2016-12-09,2259.530029296875,20349620000,3.0831031561131095,12.108,2.47,1.32,241.863,4.6,0.41,93.8,104.2687,23678.759765625,1.6051789180060672,0.5254820014805841
2016-12-16,2258.070068359375,22426490000,-0.06461347796091754,12.708,2.6,1.32,242.348,4.6,0.41,93.8,103.8589,23600.08984375,1.7794222022502248,0.47805545890477197
2016-12-23,2263.7900390625,14315870000,0.253312365425451,11.459999999999999,2.55,1.33,242.348,4.6,0.41,98.2,103.8589,23671.859375,1.7794222022502248,0.47990144755947417
2016-12-30,2238.830078125,9402730000,-1.1025740243930326,13.087499999999999,2.45,1.25,242.348,4.6,0.41,98.2,103.8589,23425.859375,1.7794222022502248,0.49265938865234593
2017-01-06,2276.97998046875,14669060000,1.7040106221772877,11.9225,2.42,1.2,242.348,4.7,0.54,98.2,103.8589,23816.560546875,1.7794222022502248,0.5136300179222566
2017-01-13,2274.639892578125,17042270000,-0.10277156192401993,11.416,2.4,1.19,242.348,4.7,0.54,98.2,103.8589,23807.98046875,1.7794222022502248,0.4365873411755821
2017-01-20,2271.31005859375,13609860000,-0.14638950082779267,12.1675,2.48,1.28,243.032,4.7,0.54,98.2,104.5712,23743.6796875,2.066683185573126,0.3882624232924166
2017-01-27,2294.68994140625,17570460000,1.0293567240650336,10.972,2.49,1.27,243.032,4.7,0.54,98.5,104.5712,24009.08984375,2.1799728396826534,0.4201994287119806
2017-02-03,2297.419921875,19019690000,0.11896947031881933,11.716,2.49,1.28,243.032,4.8,0.65,98.5,104.5712,24052.7890625,2.1799728396826534,0.38700424919572557
2017-02-10,2316.10009765625,17355000000,0.8130936623029106,11.168,2.41,1.21,243.032,4.8,0.65,98.5,104.5712,24248.91015625,2.1799728396826534,0.3757912286886912
2017-02-17,2351.159912109375,17859010000,1.5137434901282276,11.406,2.42,1.21,244.158,4.8,0.65,98.5,104.5548,24571.560546875,2.653386420682202,0.38493447931883024
2017-02-24,2367.340087890625,14914870000,0.6881784474937591,11.6225,2.31,1.19,244.158,4.8,0.65,96.3,104.5548,24689.9296875,2.541294460053667,0.35051465052867414
2017-03-03,2383.1201171875,19525470000,0.6665721320562534,12.064,2.49,1.17,244.158,4.8,0.66,96.3,104.5548,24819.009765625,2.541294460053667,0.3718971023008457
2017-03-10,2372.60009765625,17745030000,-0.44143891259940116,11.702,2.58,1.22,244.158,4.7,0.66,96.3,104.5548,24642.279296875,2.541294460053667,0.43334533402011505
2017-03-17,2378.25,18798600000,0.23813125310629957,11.554,2.5,1.17,244.456,4.7,0.66,96.3,104.7361,24761.640625,2.66644827745508,0.44216592063200044
2017-03-24,2343.97998046875,17156540000,-1.440976328445287,12.540000000000001,2.4,1.14,244.456,4.7,0.66,96.3,104.7361,24377.2890625,2.8392096151985458,0.5056944067252221
2017-03-31,2362.719970703125,16235510000,0.7994944662721659,11.872,2.4,1.13,244.456,4.7,0.66,96.9,103.7332,24624.720703125,2.8392096151985458,0.4709168432420414
2017-04-07,2355.5400390625,16665670000,-0.3038841559581118,12.464,2.38,1.09,244.456,4.5,0.79,96.9,103.7332,24535.23046875,2.8392096151985458,0.42272445695913763
2017-04-14,2328.949951171875,12261150000,-1.1288319217536147,15.2125,2.24,1.03,244.456,4.5,0.79,96.9,103.7332,24262.58984375,2.8392096151985458,0.397121246151218
2017-04-21,2348.68994140625,16793410000,0.8475918610634903,14.558000000000002,2.24,1.04,243.752,4.5,0.79,96.9,104.0998,24519.94921875,2.451244115669149,0.40790207465741685
2017-04-28,2384.199951171875,19649630000,1.5119070908254484,10.725999999999999,2.29,1.01,243.752,4.5,0.79,97.0,104.0998,24878.48046875,2.451244115669149,0.4614326169862116
2017-05-05,2399.2900390625,18870720000,0.6329204009591471,10.482,2.36,1.04,243.752,4.4,0.9,97.0,104.0998,24975.869140625,2.451244115669149,0.44847453153194416
2017-05-12,2390.89990234375,17769530000,-0.34969247494681666,10.187999999999999,2.33,1.04,244.158,4.4,0.9,97.0,104.0998,24855.890625,2.6218897108271744,0.4365624809557499
2017-05-19,2381.72998046875,19227790000,-0.38353432805827703,12.672,2.23,0.95,244.158,4.4,0.9,97.0,105.1241,24762.349609375,2.205199045585826,0.4819669714222032
2017-05-26,2415.820068359375,16127520000,1.4313162352650677,10.294,2.25,0.95,244.158,4.4,0.9,97.1,105.1241,25107.109375,2.205199045585826,0.5090800044308487
2017-06-02,2439.070068359375,15050020000,0.9624061122974981,10.1075,2.15,0.87,244.158,4.3,0.91,97.1,105.1241,25345.26953125,2.205199045585826,0.5222594156769098
2017-06-09,2431.77001953125,17635530000,-0.29929639672202635,10.354,2.21,0.86,244.158,4.3,0.91,97.1,105.1241,25295.44921875,2.205199045585826,0.5367487184541635
2017-06-16,2433.14990234375,19540080000,0.056743968443440096,10.760000000000002,2.16,0.84,243.846,4.3,0.91,97.1,105.0284,25266.609375,2.0745950018837167,0.4420072299641851
2017-06-23,2438.300048828125,19053080000,0.21166581144114183,10.495999999999999,2.15,0.81,243.846,4.3,0.91,97.1,105.0284,25349.119140625,1.8528883505283922,0.3462313534357852
2017-06-30,2423.409912109375,17524000000,-0.6106769643016818,10.722,2.31,0.93,243.846,4.3,0.91,95.1,105.0284,25230.41015625,1.8528883505283922,0.41409884432370997
2017-07-07,2425.179931640625,11567730000,0.07303838786849592,11.504999999999999,2.39,0.99,243.846,4.4,1.04,95.1,105.0284,25219.16015625,1.8528883505283922,0.47353630245795725
2017-07-14,2459.27001953125,15102550000,1.4056725212781673,10.342,2.33,0.98,243.79,4.4,1.04,95.1,105.16,25569.9296875,1.8294975147236991,0.5248445043889246
2017-07-21,2472.5400390625,15129180000,0.5395918067500061,9.687999999999999,2.24,0.88,243.79,4.4,1.04,95.1,105.16,25711.94921875,1.6100730638902716,0.5019706027832085
2017-07-28,2472.10009765625,18072700000,-0.017793095331097852,9.772,2.3,0.96,243.79,4.4,1.04,93.4,105.16,25711.990234375,1.6100730638902716,0.43939608888144666
2017-08-04,2476.830078125,17335730000,0.19133450434447585,10.219999999999999,2.27,0.91,243.79,4.3,1.15,93.4,105.16,25710.109375,1.6100730638902716,0.31724880324732263
2017-08-11,2441.320068359375,16391220000,-1.433687764019187,12.709999999999999,2.19,0.89,244.048,4.3,1.15,93.4,105.16,25291.140625,1.7176057717555704,0.29708615784739384
2017-08-18,2425.550048828125,15295240000,-0.6459628024869324,13.184000000000001,2.19,0.86,244.048,4.3,1.15,93.4,105.4757,25107.810546875,1.7595943759694421,0.4840328092817637
2017-08-25,2443.050048828125,13824620000,0.721485834046387,12.059999999999999,2.17,0.82,244.048,4.3,1.15,93.4,105.4757,25334.830078125,1.7595943759694421,0.5910177425280645
2017-09-01,2476.550048828125,14126800000,1.3712367462987096,10.992,2.16,0.81,244.048,4.4,1.16,96.8,105.4757,25717.2890625,1.7595943759694421,0.6134642788282717
2017-09-08,2461.429931640625,13576530000,-0.6105314606766998,11.8825,2.06,0.79,244.048,4.4,1.16,96.8,105.4757,25536.41015625,1.7595943759694421,0.6252093130545816
2017-09-15,2500.22998046875,18184550000,1.5763214840839979,10.484,2.2,0.81,245.03,4.4,1.16,96.8,104.739,25939.4609375,2.1690544890504926,0.5460846833055091
2017-09-22,2502.219970703125,15886600000,0.07959228750635816,9.873999999999999,2.26,0.8,245.03,4.4,1.16,96.8,104.739,26001.279296875,1.9662512224048578,0.3863117722080826
2017-09-29,2519.360107421875,16263660000,0.6849971992643589,9.862,2.33,0.86,245.03,4.4,1.16,95.1,104.739,26233.33984375,1.9662512224048578,0.3658138590275371
2017-10-06,2549.330078125,15278620000,1.1895866182383141,9.486,2.37,0.83,245.03,4.2,1.15,95.1,104.739,26548.890625,1.9662512224048578,0.3129457926100489
2017-10-13,2553.169921875,12261680000,0.15062167833614915,9.8625,2.28,0.77,246.373,4.2,1.15,95.1,104.739,26577.9296875,2.525124321175176,0.21830679825500326
2017-10-20,2575.2099609375,15233210000,0.8632421553170344,10.062000000000001,2.39,0.79,246.373,4.2,1.15,95.1,104.6367,26769.73046875,2.228612210687042,0.2165068561334263
2017-10-27,2581.070068359375,18323450000,0.22755843254589347,10.912,2.42,0.83,246.373,4.2,1.15,100.7,104.6367,26817.33984375,2.228612210687042,0.26064491410375235
2017-11-03,2587.840087890625,18964700000,0.2622950695621018,9.99,2.34,0.71,246.373,4.1,1.15,100.7,104.6367,26875.0,2.228612210687042,0.3055422140623968
2017-11-10,2582.300048828125,18589450000,-0.2140796523101951,10.172,2.4,0.73,246.373,4.1,1.15,100.7,104.6367,26774.359375,2.228612210687042,0.29266902459945465
2017-11-17,2578.85009765625,17274900000,-0.13359993442437768,11.882,2.35,0.62,246.639,4.1,1.15,100.7,106.1469,26790.380859375,2.3389847387158547,0.3382561946295909
2017-11-24,2602.419921875,10525170000,0.9139664317895368,9.9825,2.34,0.59,246.639,4.1,1.15,98.5,106.1469,27058.830078125,1.9746716116148422,0.36773564564535666
2017-12-01,2642.219970703125,19518320000,1.529347684959692,10.661999999999999,2.37,0.59,246.639,4.1,1.16,98.5,106.1469,27448.009765625,1.9746716116148422,0.3798779717376294
2017-12-08,2651.5,17250300000,0.3512209202780836,10.754,2.38,0.58,246.639,4.1,1.16,98.5,106.1469,27516.669921875,1.9746716116148422,0.426903126120898
2017-12-15,2675.81005859375,19458420000,0.9168417346313351,9.870000000000001,2.35,0.51,247.592,4.1,1.16,98.5,106.3969,27734.3203125,2.3686963280865614,0.42061625712500705
2017-12-22,2683.340087890625,16075840000,0.28141120378448736,9.76,2.48,0.57,247.592,4.1,1.16,95.9,106.3969,27864.83984375,2.1638305247000167,0.4169590507374913
2017-12-29,2673.610107421875,8796210000,-0.36260705501548474,10.485,2.4,0.51,247.592,4.1,1.16,95.9,106.3969,27794.169921875,2.1638305247000167,0.3774951700116845
2018-01-05,2743.14990234375,13878080000,2.600969929341379,9.34,2.47,0.51,247.592,4.1,1.3,95.9,106.3969,28440.55078125,2.1638305247000167,0.3967863919027136
2018-01-12,2786.239990234375,17526430000,1.5708251252988026,9.892,2.55,0.56,247.963,4.1,1.3,95.9,106.3969,28917.669921875,2.3169161701354968,0.40845040222379003
2018-01-19,2810.300048828125,15580750000,0.8635314502009495,11.765,2.64,0.58,247.963,4.1,1.3,95.9,107.4637,29152.189453125,2.0289509200434486,0.42274567943829167
2018-01-26,2872.8701171875,18457670000,2.226455085657708,11.251999999999999,2.66,0.53,247.963,4.1,1.3,95.7,107.4637,29760.58984375,2.0289509200434486,0.4310413829658115
2018-02-02,2762.1298828125,20193360000,-3.8546899044434757,14.589999999999998,2.84,0.69,247.963,4.1,1.41,95.7,107.4637,28616.359375,2.0289509200434486,0.5918097421039366
2018-02-09,2619.550048828125,26898440000,-5.161952552325133,31.51,2.83,0.78,247.963,4.1,1.41,95.7,107.4637,27159.390625,2.0289509200434486,1.3491199359021155
2018-02-16,2732.219970703125,18927760000,4.301117358891604,21.686,2.87,0.66,249.245,4.1,1.41,95.7,107.2433,28337.619140625,2.083486922402722,1.5936056337005087
2018-02-23,2747.300048828125,14356940000,0.551934993766956,18.9575,2.88,0.63,249.245,4.1,1.41,95.7,107.2433,28410.099609375,2.083486922402722,1.6154535362911016
2018-03-02,2691.25,19838970000,-2.0401866498722443,19.259999999999998,2.86,0.61,249.245,4.1,1.42,99.7,107.2433,27879.390625,2.083486922402722,1.6751311626336336
2018-03-09,2786.570068359375,17112270000,3.5418511234324157,17.206,2.9,0.63,249.245,4.1,1.42,99.7,107.2433,28859.55078125,2.083486922402722,1.323321895965941
2018-03-16,2752.010009765625,18908730000,-1.2402364823396517,16.35,2.85,0.54,249.619,4.1,1.42,99.7,108.2189,28545.1796875,2.112036521909877,0.9313594365193634
2018-03-23,2588.260009765625,17629670000,-5.950196380788086,20.657999999999998,2.82,0.54,249.619,4.1,1.42,99.7,106.5109,26912.640625,2.112036521909877,0.9938088177124005
2018-03-30,2640.8701171875,14747480000,2.032643831121095,21.5925,2.74,0.47,249.619,4.1,1.42,99.7,106.5109,27410.720703125,2.112036521909877,1.2587138495704924
2018-04-06,2604.469970703125,16943670000,-1.3783391408563772,21.042,2.77,0.5,249.619,4.1,1.51,99.7,106.5109,27049.44921875,2.112036521909877,1.393426984255345
2018-04-13,2656.300048828125,15743660000,1.9900432221534592,19.676,2.82,0.45,249.462,4.1,1.51,99.7,106.5109,27559.94921875,2.047812285237427,1.4613864977575473
2018-04-20,2670.139892578125,16522340000,0.5210195947594753,16.05,2.96,0.5,249.462,4.1,1.51,99.7,107.1665,27775.400390625,2.3425448816830174,1.471568669492282
2018-04-27,2669.909912109375,17235520000,-0.00861304942820773,16.77,2.96,0.47,249.462,4.1,1.51,98.8,107.1665,27734.7109375,2.3425448816830174,1.1666860549391493
2018-05-04,2663.419921875,18562140000,-0.24307899697063595,15.612,2.95,0.44,249.462,3.9,1.69,98.8,107.1665,27699.0703125,2.3425448816830174,0.9147502475876765
2018-05-11,2727.719970703125,17181050000,2.414191179544045,13.752,2.97,0.43,250.013,3.9,1.69,98.8,107.1665,28353.380859375,2.5685943089697627,0.7497956091905936
2018-05-18,2712.969970703125,16395450000,-0.540744657018366,13.565999999999999,3.06,0.51,250.013,3.9,1.69,98.8,107.3051,28266.58984375,2.398037336478853,0.698037983185125
2018-05-25,2721.330078125,16071790000,0.308153334248229,12.925999999999998,2.93,0.45,250.013,3.9,1.69,98.0,107.3051,28335.51953125,2.398037336478853,0.6053590855325213
2018-06-01,2734.6201171875,15245210000,0.48836556687223975,15.2125,2.89,0.42,250.013,3.8,1.7,98.0,107.3051,28498.619140625,2.398037336478853,0.6546631057182689
2018-06-08,2779.030029296875,17477350000,1.6239883496158125,12.218,2.93,0.43,250.013,3.8,1.7,98.0,107.3051,28987.279296875,2.398037336478853,0.6369573849482268
2018-06-15,2779.659912109375,19511520000,0.02266556337497949,12.346,2.93,0.38,250.535,3.8,1.7,98.0,107.3006,29036.08984375,2.7431247590692376,0.5969645401284975
2018-06-22,2754.8798828125,19124110000,-0.891477018066944,13.372,2.9,0.34,250.535,3.8,1.7,98.0,107.3006,28827.6796875,2.7431247590692376,0.5837237850851674
2018-06-29,2718.3701171875,18084070000,-1.325276134643183,16.82,2.85,0.33,250.535,3.8,1.7,98.2,107.3006,28394.130859375,2.7431247590692376,0.5881632157979183
2018-07-06,2759.820068359375,10576910000,1.5248089621717975,15.02,2.82,0.29,250.535,4.0,1.82,98.2,107.3006,28869.279296875,2.7431247590692376,0.5258085945110793
2018-07-13,2801.31005859375,14590400000,1.5033585236243097,12.744,2.83,0.24,250.857,4.0,1.82,98.2,107.3006,29261.380859375,2.8751753155680237,0.6141601369976352
2018-07-20,2801.830078125,15517950000,0.018563440689289834,12.544,2.89,0.29,250.857,4.0,1.82,98.2,107.714,29287.109375,2.8988063497272343,0.6325224838360357
2018-07-27,2818.820068359375,17044960000,0.6063890300494146,12.498,2.96,0.29,250.857,4.0,1.82,97.9,107.714,29321.740234375,2.8988063497272343,0.5404509854870059
2018-08-03,2840.35009765625,17214500000,0.7637958001840861,12.813999999999998,2.95,0.32,250.857,3.9,1.91,97.9,107.714,29554.140625,2.8988063497272343,0.5352969894553381
2018-08-10,2833.280029296875,15374300000,-0.2489153842411551,11.495999999999999,2.87,0.26,251.286,3.9,1.91,97.9,107.714,29566.849609375,3.0747774724147803,0.4448804251792241
2018-08-17,2850.1298828125,16086450000,0.5947119007437607,13.764,2.87,0.26,251.286,3.9,1.91,97.9,107.9989,29709.69921875,2.9658100045892644,0.4899950941335886
2018-08-24,2874.68994140625,13959870000,0.8617171709211391,12.4,2.82,0.19,251.286,3.9,1.91,97.9,107.9989,30014.720703125,2.9658100045892644,0.48666925328321364
2018-08-31,2901.52001953125,14056030000,0.9333207640429997,12.66,2.86,0.24,251.286,3.9,1.91,96.2,107.9989,30274.529296875,2.9658100045892644,0.4549620818919043
2018-09-07,2871.679931640625,12457020000,-1.0284295021147472,14.15,2.94,0.23,251.286,3.9,1.91,96.2,107.9989,29919.2890625,2.9658100045892644,0.4677941732571208
2018-09-14,2904.97998046875,15450380000,1.1596016833637979,12.992,2.99,0.21,251.846,3.9,1.91,96.2,108.2317,30275.51953125,3.195273061037174,0.4008916205934037
2018-09-21,2929.669921875,18420620000,0.8499177816112091,12.34,3.07,0.26,251.846,3.9,1.91,96.2,108.2317,30424.0,2.781700199975523,0.3901507996912549
2018-09-28,2913.97998046875,16703490000,-0.5355532133192842,12.408,3.05,0.24,251.846,3.9,1.91,100.1,108.2317,30259.8203125,2.781700199975523,0.3727716577015548
2018-10-05,2885.570068359375,17285210000,-0.9749522062538318,12.940000000000001,3.23,0.35,251.846,3.7,1.95,100.1,108.2317,29823.029296875,2.781700199975523,0.3686827378214899
2018-10-12,2767.1298828125,17024050000,-4.10456799665293,21.3,3.15,0.3,251.994,3.7,1.95,100.1,108.2317,28568.9296875,2.8421009672285003,0.7893102481679317
2018-10-19,2767.780029296875,17367750000,0.023495336753542873,19.253999999999998,3.2,0.28,251.994,3.7,1.95,100.1,108.4822,28563.5,2.2815000020294463,1.1007445636505546
2018-10-26,2658.68994140625,21911910000,-3.941429114160422,22.792,3.08,0.27,251.994,3.7,1.95,98.6,108.4822,27427.140625,2.2815000020294463,1.2648490018230887
2018-11-02,2723.06005859375,23951720000,2.4211216277988834,21.625999999999998,3.22,0.31,251.994,3.7,2.19,98.6,108.4822,28177.009765625,2.2815000020294463,1.4893882472245559
2018-11-09,2781.010009765625,18826370000,2.128118731314421,18.062,3.19,0.25,251.994,3.7,2.19,98.6,108.4822,28668.119140625,2.2815000020294463,1.4589952421693677
2018-11-16,2736.27001953125,16763810000,-1.6087676807084006,19.8475,3.08,0.27,252.827,3.7,2.19,98.6,109.0654,28206.1796875,2.619605232716249,1.2939049674311514
2018-11-23,2632.56005859375,13066840000,-3.790194688288351,21.225,3.05,0.24,252.827,3.7,2.19,97.5,109.0654,27196.5703125,2.5089300556683902,1.3069738106314415
2018-11-30,2760.169921875,19269950000,4.847367598117258,18.654,3.01,0.21,252.827,3.7,2.19,97.5,109.0654,28448.869140625,2.5089300556683902,1.1284457289127938
2018-12-07,2633.080078125,18159960000,-4.604421008387305,20.4,2.85,0.13,252.827,3.7,2.2,97.5,109.0654,27143.859375,2.5089300556683902,1.3118968574704322
2018-12-14,2599.949951171875,20198330000,-1.2582270941306373,21.628,2.89,0.16,252.876,3.7,2.2,97.5,109.3931,26749.33984375,2.5287971488693994,1.3482916386531436
2018-12-21,2416.6201171875,27611110000,-7.0512831949608445,26.833999999999996,2.79,0.16,252.876,3.7,2.2,98.3,109.3931,24792.94921875,2.1341561924456354,1.4164258186483951
2018-12-28,2485.739990234375,14730860000,2.8601877703194,31.195,2.72,0.2,252.876,3.7,2.2,98.3,109.3931,25541.169921875,2.1341561924456354,1.7989099587106223
2019-01-04,2531.93994140625,15288050000,1.8585995057157634,23.8675,2.67,0.17,252.876,3.9,2.27,98.3,109.3931,26080.80078125,2.1341561924456354,1.8698530555233441
2019-01-11,2596.260009765625,19510680000,2.5403473165975354,19.907999999999998,2.71,0.16,252.733,3.9,2.27,98.3,109.3931,26855.23046875,2.0763998836796027,1.9301252548372623
2019-01-18,2670.7099609375,18984150000,2.867584559783598,18.514,2.79,0.17,252.733,3.9,2.27,98.3,109.9487,27617.279296875,1.9236740965385968,1.8533429928023342
2019-01-25,2664.760009765625,14552950000,-0.22278537388561448,19.1575,2.76,0.16,252.733,3.9,2.27,98.3,109.9487,27580.240234375,1.9236740965385968,1.5403604980161831
2019-02-01,2706.530029296875,19768450000,1.5674964866694951,17.674,2.7,0.18,252.733,4.0,2.4,91.2,109.9487,28026.69921875,1.9236740965385968,1.1427322664592425
2019-02-08,2707.8798828125,18217210000,0.04987395303261977,15.754000000000001,2.63,0.18,252.733,4.0,2.4,91.2,109.9487,28056.580078125,1.9236740965385968,0.7367081976267766
2019-02-15,2775.60009765625,18417330000,2.5008574151898166,15.636000000000001,2.66,0.14,252.673,4.0,2.4,91.2,109.4447,28804.2890625,1.8994769380915821,0.7688201863634218
2019-02-22,2792.669921875,14467710000,0.6149958069667116,14.217500000000001,2.65,0.17,252.673,4.0,2.4,91.2,109.4447,28986.2890625,1.375353567774673,0.6706866470410715
2019-03-01,2803.68994140625,19748980000,0.3946051570552722,14.613999999999999,2.76,0.21,252.673,4.0,2.4,93.8,109.4447,29102.58984375,1.375353567774673,0.5784675791151426
2019-03-08,2743.070068359375,18737740000,-2.162146111508667,15.55,2.62,0.17,252.673,3.8,2.4,93.8,109.4447,28402.189453125,1.375353567774673,0.5420902470789962
2019-03-15,2822.47998046875,20454890000,2.8949283150054628,13.578,2.59,0.16,253.113,3.8,2.4,93.8,109.6678,29193.75,1.5518866978274426,0.5908433742586756
2019-03-22,2800.7099609375,18917020000,-0.7713081999481397,14.136000000000001,2.44,0.13,253.113,3.8,2.4,93.8,109.6678,28909.55078125,1.3997331933867319,0.5790149745694833
2019-03-29,2834.39990234375,17055060000,1.2029071869681385,14.86,2.41,0.14,253.113,3.8,2.4,98.4,110.475,29266.91015625,1.3997331933867319,0.7382971386269388
2019-04-05,2892.739990234375,16592010000,2.058287111934476,13.38,2.5,0.15,253.113,3.8,2.41,98.4,110.475,29887.0390625,1.3997331933867319,0.7441949612397043
2019-04-12,2907.409912109375,15877870000,0.5071289477977414,13.157999999999998,2.56,0.16,254.148,3.8,2.41,98.4,110.475,30059.939453125,1.814365092400827,0.6625333429412091
2019-04-19,2905.030029296875,13672850000,-0.08185577144068645,12.2975,2.57,0.19,254.148,3.8,2.41,98.4,110.2214,29981.130859375,1.878442408062142,0.6552973676964557
2019-04-26,2939.8798828125,16857490000,1.199638322639296,12.764,2.51,0.23,254.148,3.8,2.41,97.2,110.2214,30371.119140625,1.878442408062142,0.42188163028630754
2019-05-03,2945.639892578125,17918950000,0.19592670432897474,13.663999999999998,2.54,0.21,254.148,3.6,2.42,97.2,110.2214,30460.58984375,1.878442408062142,0.38606631371416283
2019-05-10,2881.39990234375,17765260000,-2.1808500895250327,17.86,2.47,0.21,254.958,3.6,2.42,97.2,110.2214,29801.599609375,2.2031411597758455,0.549767151985276
2019-05-17,2859.530029296875,17050540000,-0.7590016585023784,17.259999999999998,2.39,0.19,254.958,3.6,2.42,97.2,109.1818,29521.599609375,1.97789714934824,0.8121535686644501
2019-05-24,2826.06005859375,16499350000,-1.1704710340585178,15.756,2.32,0.16,254.958,3.6,2.42,97.2,109.1818,29147.58984375,1.97789714934824,0.8657299449248743
2019-05-31,2752.06005859375,15106790000,-2.618486460504399,17.8525,2.14,0.19,254.958,3.6,2.42,100.0,109.1818,28369.390625,1.97789714934824,0.8947224716585829
2019-06-07,2873.340087890625,18026770000,4.406881634656146,16.830000000000002,2.09,0.24,254.958,3.6,2.39,100.0,109.1818,29545.5390625,1.97789714934824,0.9913102711249507
2019-06-14,2886.97998046875,15894210000,0.4747051222933507,15.788,2.09,0.25,255.155,3.6,2.39,100.0,109.5645,29684.75,2.0566930519613003,0.8931909324414644
2019-06-21,2950.4599609375,18516760000,2.1988368779212397,14.996,2.07,0.3,255.155,3.6,2.39,100.0,109.5645,30321.869140625,1.8440537250284494,0.8119391486693426
2019-06-28,2941.760009765625,18812890000,-0.2948676235928538,15.73,2.0,0.25,255.155,3.6,2.39,98.2,109.5645,30268.05078125,1.8440537250284494,0.7463289809231465
2019-07-05,2990.409912109375,11147600000,1.6537685665128699,13.21,2.04,0.17,255.155,3.7,2.38,98.2,109.5645,30763.720703125,1.8440537250284494,0.5446864984886542
2019-07-12,3013.77001953125,15253340000,0.7811674020768988,13.280000000000001,2.12,0.28,255.305,3.7,2.38,98.2,109.5645,30984.9296875,1.9039255992176818,0.49370779623970995
2019-07-19,2976.610107421875,16014490000,-1.23300423949253,13.498,2.05,0.25,255.305,3.7,2.38,98.2,109.5965,30607.580078125,1.773121738679806,0.4934394785341495
2019-07-26,3025.860107421875,16700450000,1.654566712556682,12.622,2.08,0.22,255.305,3.7,2.38,98.2,109.5965,31146.51953125,1.773121738679806,0.4759134932936041
2019-08-02,2932.050048828125,20160210000,-3.1002774504892416,15.674000000000001,1.86,0.14,255.305,3.7,2.4,98.4,109.5965,30120.890625,1.773121738679806,0.5095706187256077
2019-08-09,2918.64990234375,20687590000,-0.45702311560918973,19.826,1.74,0.11,255.305,3.7,2.4,98.4,109.5965,29945.650390625,1.773121738679806,0.9353356589406143
2019-08-16,2888.679931640625,19076710000,-1.0268436333887965,20.072,1.55,0.07,256.161,3.7,2.4,98.4,109.1756,29597.939453125,1.9400205343711896,1.1970805565306333
2019-08-23,2847.110107421875,16141480000,-1.4390595428528608,17.346,1.52,0.01,256.161,3.7,2.4,98.4,109.1756,29154.109375,1.9400205343711896,1.366907904444275
2019-08-30,2926.4599609375,15686820000,2.787031429124398,19.168,1.5,0.0,256.161,3.7,2.4,89.8,109.1756,29925.349609375,1.9400205343711896,1.4800866476966552
2019-09-06,2978.7099609375,13707670000,1.7854336193706688,17.064999999999998,1.55,0.02,256.161,3.7,2.13,89.8,109.1756,30398.6796875,1.9400205343711896,1.3138955351013655
2019-09-13,3007.389892578125,19712530000,0.9628306218709026,14.607999999999999,1.9,0.11,256.3,3.7,2.13,89.8,109.1756,30764.5,1.9953359916589086,1.1194396010234064
2019-09-20,2992.070068359375,20787010000,-0.5094059887797542,14.486,1.74,0.05,256.3,3.7,2.13,89.8,109.9206,30609.51953125,1.768541092572451,0.8792904351056338
2019-09-27,2961.7900390625,16722640000,-1.0120093649236717,16.242,1.69,0.06,256.3,3.7,2.13,93.2,109.9206,30204.05078125,1.768541092572451,0.5828868859913042
2019-10-04,2952.010009765625,17244790000,-0.3302067049955615,18.304,1.52,0.12,256.3,3.5,2.04,93.2,109.9206,30092.890625,1.768541092572451,0.6439741466948331
2019-10-11,2970.27001953125,15880820000,0.6185619190049785,17.986,1.76,0.13,256.358,3.5,2.04,93.2,109.9206,30278.029296875,1.7915710394447393,0.8103831606254964
2019-10-18,2986.199951171875,12947850000,0.5363125754856091,13.815,1.76,0.18,256.358,3.5,2.04,93.2,109.5174,30432.73046875,1.7317872647761412,0.9019871123824186
2019-10-25,3022.550048828125,17288670000,1.2172693808391921,13.766,1.8,0.17,256.358,3.5,2.04,95.5,109.5174,30836.220703125,1.7317872647761412,0.8996799221265324
2019-11-01,3066.909912109375,19004660000,1.4676303970036386,12.831999999999999,1.73,0.17,256.358,3.6,1.83,95.5,109.5174,31267.1796875,1.7317872647761412,0.7925929673616551
2019-11-08,3093.080078125,20794290000,0.8533072951472986,12.67,1.94,0.26,256.358,3.6,1.83,95.5,109.5174,31505.01953125,1.7317872647761412,0.5255851657610368
2019-11-15,3120.4599609375,13651170000,0.8851979942626542,12.695,1.84,0.23,257.271,3.6,1.83,95.5,108.6714,31751.880859375,2.094097478511392,0.3625320213434211
2019-11-22,3110.2900390625,18074100000,-0.3259109875566102,12.714,1.77,0.16,257.271,3.6,1.83,96.8,108.6714,31679.220703125,1.7577236608431912,0.333271005868248
2019-11-29,3140.97998046875,12893650000,0.986722814297436,11.945,1.78,0.17,257.271,3.6,1.83,96.8,108.6714,32025.859375,1.7577236608431912,0.3547033794262042
2019-12-06,3145.909912109375,17504100000,0.15695520733274293,14.762,1.84,0.23,257.271,3.5,1.55,96.8,108.6714,32038.98046875,1.7577236608431912,0.42980837751002265
2019-12-13,3168.800048828125,17765280000,0.7276157728052013,14.62,1.82,0.21,257.936,3.5,1.55,96.8,108.6714,32241.16015625,2.0207493661673626,0.4860027972223433
2019-12-20,3221.219970703125,22184930000,1.6542514853338908,12.404,1.92,0.29,257.936,3.5,1.55,99.3,109.677,32811.23046875,2.000980717822154,0.498722356929059
2019-12-27,3240.02001953125,8954750000,0.5836313259917292,12.84,1.88,0.29,257.936,3.5,1.55,99.3,109.677,32976.8203125,2.000980717822154,0.4837319816986356
2020-01-03,3234.85009765625,12861110000,-0.1595645040411764,13.7725,1.8,0.27,257.936,3.5,1.55,99.3,109.677,32943.328125,2.000980717822154,0.4473170274648125
2020-01-10,3265.35009765625,17721020000,0.9428566727743615,13.238,1.83,0.27,257.936,3.5,1.55,99.3,109.677,33237.1484375,2.000980717822154,0.43862281567943756
2020-01-17,3329.6201171875,18135300000,1.9682428410166652,12.309999999999999,1.84,0.26,258.501,3.5,1.55,99.3,109.433,33917.37890625,2.2822504382094877,0.4386743968756047
2020-01-24,3295.469970703125,15204110000,-1.025646929152424,13.325,1.7,0.21,258.501,3.5,1.55,99.3,109.433,33539.55859375,2.2822504382094877,0.4656353816772598
2020-01-31,3225.52001953125,19282920000,-2.122609272538767,17.046,1.51,0.18,258.501,3.5,1.55,99.8,109.433,32838.19140625,2.2822504382094877,0.6630975787482527
2020-02-07,3327.7099609375,19500010000,3.168169497862894,15.919999999999998,1.59,0.18,258.501,3.6,1.55,99.8,109.433,33827.98046875,2.2822504382094877,0.8138264069710968
2020-02-14,3380.159912109375,18077170000,1.576157531382294,14.357999999999999,1.59,0.17,258.82,3.6,1.55,99.8,109.2026,34428.33984375,2.412522801644479,0.8403103109987591
2020-02-21,3337.75,15292560000,-1.254671767375326,15.4625,1.46,0.12,258.82,3.6,1.55,99.8,109.2026,34066.28125,2.4327886240318453,0.8442265471210321
2020-02-28,2954.219970703125,31566850000,-11.490675733559286,31.941999999999997,1.13,0.27,258.82,3.6,1.55,101.0,109.2026,30125.0703125,2.4327886240318453,1.3555295286715445
2020-03-06,2972.3701171875,29965390000,0.6143803326891462,36.757999999999996,0.74,0.25,258.82,3.5,1.58,101.0,109.2026,30157.91015625,2.4327886240318453,2.1188777244720485
2020-03-13,2711.02001953125,40664410000,-8.792649883842296,57.791999999999994,0.94,0.45,259.05,3.5,1.58,101.0,109.2026,27142.669921875,2.345592679949271,3.411643815204596
2020-03-20,2304.919921875,41985050000,-14.979605267779128,74.61800000000001,0.92,0.55,259.05,3.5,1.58,101.0,109.6035,23082.44921875,2.345592679949271,5.282199460279206
2020-03-27,2541.469970703125,37243200000,10.262831544954354,62.75,0.72,0.47,259.05,3.5,1.58,89.1,109.6035,25500.5703125,2.345592679949271,5.886837598686296
2020-04-03,2488.64990234375,30852490000,-2.0783274627778403,53.077999999999996,0.62,0.39,259.05,4.4,0.65,89.1,109.6035,24736.259765625,2.345592679949271,6.0297682750273776
2020-04-10,2789.820068359375,27229510000,12.101749054054988,44.24,0.73,0.5,259.05,4.4,0.65,89.1,109.6035,27938.9296875,2.345592679949271,5.79594735497388
2020-04-17,2874.56005859375,27176880000,3.037471527122837,39.606,0.65,0.45,257.953,4.4,0.65,89.1,103.6635,28760.23046875,1.4971591356217617,4.15444061137227
2020-04-24,2836.739990234375,26590900000,-1.3156819683175058,41.706,0.6,0.38,257.953,4.4,0.65,71.8,103.6635,28483.890625,1.4971591356217617,3.288018432122594
2020-05-01,2830.7099609375,28845520000,-0.2125689812120135,33.886,0.64,0.44,257.953,4.4,0.05,71.8,103.6635,28500.609375,1.4971591356217617,2.581822294746447
2020-05-08,2929.800048828125,24823610000,3.500538354618543,32.624,0.69,0.53,257.953,14.7,0.05,71.8,103.6635,29670.6796875,1.4971591356217617,2.0128020049585253
2020-05-15,2863.699951171875,27249840000,-2.2561299936727397,32.077999999999996,0.64,0.48,255.902,14.7,0.05,71.8,92.5919,28934.880859375,0.37025706194744323,1.757189750570829
2020-05-22,2955.449951171875,25310860000,3.2038971108846237,29.101999999999997,0.66,0.49,255.902,14.7,0.05,71.8,92.5919,30016.30078125,0.37025706194744323,1.6092508691807001
2020-05-29,3044.31005859375,24991070000,3.006652418073963,27.9325,0.65,0.49,255.902,14.7,0.05,72.3,92.5919,30927.0390625,0.37025706194744323,1.5056408439161186
2020-06-05,3193.929931640625,30977470000,4.914738320576606,26.212,0.91,0.69,255.902,13.3,0.05,72.3,92.5919,32525.310546875,0.37025706194744323,1.2768709361043609
2020-06-12,3041.31005859375,34390750000,-4.778435229118472,31.565999999999995,0.71,0.52,255.768,13.3,0.05,72.3,92.5919,30947.189453125,0.3176993857811894,1.5203728669315395
2020-06-19,3097.739990234375,28959080000,1.8554481638980658,33.92,0.7,0.51,255.768,13.3,0.05,72.3,92.5503,31612.05078125,0.24024612490447517,1.7606319030205149
2020-06-26,3009.050048828125,27951760000,-2.8630531189139496,32.786,0.64,0.47,255.768,13.3,0.05,78.1,92.5503,30683.80078125,0.24024612490447517,1.778955008984117
2020-07-03,3130.010009765625,17826770000,4.019872018566395,29.6275,0.68,0.52,255.768,11.1,0.08,78.1,92.5503,31876.75,0.24024612490447517,1.9199429538599713
2020-07-10,3185.0400390625,23635640000,1.7581422783052192,28.4,0.65,0.49,255.768,11.1,0.08,78.1,92.5503,32525.94921875,0.24024612490447517,1.7309390758482905
2020-07-17,3224.72998046875,22082120000,1.2461363411284676,28.630000000000003,0.64,0.5,257.214,11.1,0.08,78.1,97.4587,32906.96875,0.7477331035428136,1.2401414222188376
2020-07-24,3215.6298828125,20789280000,-0.28219719825742784,25.107999999999997,0.59,0.45,257.214,11.1,0.08,78.1,97.4587,32803.26953125,0.7477331035428136,1.1633498248269198
2020-07-31,3271.1201171875,21774140000,1.7256412086351869,24.7,0.55,0.44,257.214,11.1,0.08,72.5,97.4587,33393.390625,0.7477331035428136,0.8761503237409778
2020-08-07,3351.280029296875,21777340000,2.4505340445369006,23.178,0.57,0.44,257.214,10.2,0.09,72.5,97.4587,34267.3515625,0.7477331035428136,0.7675138344266891
2020-08-14,3372.85009765625,19619500000,0.6436367051040115,22.524,0.71,0.57,258.723,10.2,0.09,72.5,100.1665,34478.01171875,1.0001522480002967,0.6894997717316393
2020-08-21,3397.159912109375,17745410000,0.7207499221509206,22.131999999999998,0.64,0.48,258.723,10.2,0.09,72.5,100.1665,34741.23046875,1.0001522480002967,0.6534020286754677
2020-08-28,3508.010009765625,18975990000,3.263022657871306,23.02,0.74,0.6,258.723,10.2,0.09,74.1,100.1665,35841.5703125,1.0001522480002967,0.5413991964778413
2020-09-04,3426.9599609375,22095960000,-2.3104280946319222,28.689999999999998,0.72,0.58,258.723,8.4,0.1,74.1,100.1665,34970.26953125,1.0001522480002967,0.7482121760489273
2020-09-11,3340.969970703125,16545570000,-2.5092207441738235,29.2125,0.67,0.54,259.681,8.4,0.1,74.1,100.1665,34072.71875,1.3741357974086599,1.3084166695601158
2020-09-18,3319.469970703125,24071910000,-0.6435256883040807,25.954,0.7,0.56,259.681,8.4,0.1,74.1,101.3605,34055.1796875,1.3191572376121563,1.3822311978975557
2020-09-25,3298.4599609375,21594480000,-0.6329326654873957,27.622000000000003,0.66,0.54,259.681,8.4,0.1,74.1,101.3605,33816.19140625,1.3191572376121563,1.4702642063638849
2020-10-02,3348.419921875,20402660000,1.5146450625188157,26.631999999999998,0.7,0.57,259.681,7.9,0.09,80.4,101.3605,34470.87109375,1.3191572376121563,1.5246443354202417
2020-10-09,3477.139892578125,19772590000,3.844200360361194,27.372000000000003,0.79,0.63,259.681,7.9,0.09,80.4,101.3605,35881.25,1.3191572376121563,1.2801223169950846
2020-10-16,3483.81005859375,15882190000,0.19182909579975593,26.7125,0.76,0.62,260.209,7.9,0.09,80.4,101.5055,35960.3515625,1.5021961475748746,1.2047336846729675
2020-10-23,3465.389892578125,19936550000,-0.5287362314769894,28.568,0.85,0.67,260.209,7.9,0.09,80.4,101.5055,35793.37109375,1.5021961475748746,1.1259311476601106
2020-10-30,3269.9599609375,22860370000,-5.639478895554584,36.34,0.88,0.74,260.209,7.9,0.09,81.8,101.5055,33724.80859375,1.5021961475748746,1.1937847039209168
2020-11-06,3509.43994140625,23047080000,7.323636476579076,30.938,0.83,0.67,260.209,6.9,0.09,81.8,101.5055,36256.9296875,1.5021961475748746,1.3749317899080626
2020-11-13,3585.14990234375,24237220000,2.1573231684131056,24.75,0.89,0.72,260.325,6.9,0.09,81.8,101.5055,36994.94140625,1.5474453693662626,1.4168437163301215
2020-11-20,3557.5400390625,23992240000,-0.7701174018748924,23.162,0.83,0.67,260.325,6.9,0.09,81.8,103.2054,37023.1796875,1.1870751075713892,1.4388709544050977
2020-11-27,3638.35009765625,19026670000,2.271515083637543,21.5975,0.84,0.68,260.325,6.9,0.09,76.9,103.2054,38057.37109375,1.1870751075713892,1.3345744859716397
2020-12-04,3699.1201171875,26933100000,1.6702631110292687,20.916,0.97,0.81,260.325,6.7,0.09,76.9,103.2054,38704.21875,1.1870751075713892,0.9942866094654781
2020-12-11,3663.4599609375,23655640000,-0.964017256003924,22.016,0.9,0.79,260.817,6.7,0.09,76.9,103.2054,38481.0,1.378313140618248,0.7902365092065687
2020-12-18,3709.409912109375,24367880000,1.2542774224865827,22.722,0.95,0.82,260.817,6.7,0.09,76.9,103.9818,39130.6484375,1.116943737981524,0.6914242755806974
2020-12-25,3703.06005859375,14464830000,-0.1711823084015518,23.5575,0.94,0.81,260.817,6.7,0.09,80.7,103.9818,39175.58984375,1.116943737981524,0.5927518960780055
2021-01-01,3756.070068359375,13262640000,1.4315190390337795,22.575,0.93,0.8,260.817,6.7,0.09,80.7,103.9818,39456.66015625,1.116943737981524,0.5398623767027664
2021-01-08,3824.679931640625,25542330000,1.8266396002356355,24.262,1.13,0.99,260.817,6.7,0.09,80.7,103.9818,40386.078125,1.116943737981524,0.6523261858805337
2021-01-15,3768.25,24631190000,-1.4754157903199783,23.442,1.11,0.98,261.775,6.7,0.09,80.7,105.7244,39981.96875,1.2665328180548663,0.6760958671491779
2021-01-22,3841.469970703125,19193280000,1.9430762476779773,22.0125,1.1,0.97,261.775,6.7,0.09,80.7,105.7244,40783.62890625,1.2665328180548663,0.7116609761939644
2021-01-29,3714.239990234375,36751000000,-3.312012886709159,29.344,1.11,1.0,261.775,6.7,0.09,79.0,105.7244,39396.171875,1.2665328180548663,0.877917636905751
2021-02-05,3886.830078125,25573900000,4.6467134149760225,24.27,1.19,1.1,261.775,6.3,0.09,79.0,105.7244,41448.87109375,1.2665328180548663,1.0862061659794893
2021-02-12,3934.830078125,22779770000,1.2349395017328568,21.216,1.2,1.09,262.231,6.3,0.09,79.0,105.7244,42099.8515625,1.465307764931656,1.0482226581565839
2021-02-19,3906.7099609375,19428610000,-0.7146462904161655,21.875,1.34,1.23,262.231,6.3,0.09,79.0,107.1843,41747.25,1.3179043350591169,0.9989782170237035
2021-02-26,3811.14990234375,31300040000,-2.446049477674006,24.948,1.44,1.3,262.231,6.3,0.09,76.8,107.1843,40508.6796875,1.3179043350591169,1.0023201816875325
2021-03-05,3841.93994140625,30870960000,0.8078936764876365,25.470000000000002,1.56,1.42,262.231,6.2,0.08,76.8,107.1843,40564.859375,1.3179043350591169,1.0223275813183645
2021-03-12,3943.340087890625,27021810000,2.6392954609087305,22.932,1.64,1.5,263.161,6.2,0.08,76.8,107.1843,41900.33984375,1.6772274167375034,1.1428626811919245
2021-03-19,3913.10009765625,26950850000,-0.766862344113739,20.316,1.74,1.58,263.161,6.2,0.08,76.8,104.6526,41443.12109375,1.586952325805835,1.19102319305919
2021-03-26,3974.5400390625,24199790000,1.57010911739901,19.81,1.67,1.53,263.161,6.2,0.08,84.9,104.6526,41720.1484375,1.586952325805835,1.1657259963358428
2021-04-02,4019.8701171875,17489870000,1.140511296388702,19.27,1.69,1.52,263.161,6.2,0.07,84.9,104.6526,42280.96875,1.586952325805835,0.9358809975554783
2021-04-09,4128.7998046875,19754600000,2.709781269654865,17.366,1.67,1.51,263.161,6.0,0.07,84.9,104.6526,43288.23828125,1.586952325805835,0.7767340328624761
2021-04-16,4185.47021484375,19506210000,1.3725637676089475,16.674,1.59,1.43,264.793,6.0,0.07,84.9,105.583,43887.91015625,2.6516458424596934,0.7346394986829917
2021-04-23,4180.169921875,19855210000,-0.12663554383812725,17.901999999999997,1.58,1.42,264.793,6.0,0.07,84.9,105.583,43875.28125,2.6516458424596934,0.7073066783058054
2021-04-30,4181.169921875,19845940000,0.023922472499671166,17.740000000000002,1.65,1.49,264.793,6.0,0.07,88.3,105.583,43870.08984375,2.6516458424596934,0.6635037588340165
2021-05-07,4232.60009765625,21280680000,1.23004270915128,18.404,1.6,1.46,264.793,6.1,0.07,88.3,105.583,44085.0703125,2.6516458424596934,0.624086115580186
2021-05-14,4173.85009765625,22952900000,-1.3880356906983082,22.206,1.63,1.47,266.832,6.1,0.07,88.3,106.3127,43415.80078125,4.27116630585147,0.8141237173259425
2021-05-21,4155.85986328125,20744780000,-0.4310225320526495,20.812,1.63,1.46,266.832,6.1,0.07,88.3,106.3127,43322.73828125,4.27116630585147,0.9152902965545409
2021-05-28,4204.10986328125,23343500000,1.1610112368395376,17.619999999999997,1.58,1.44,266.832,6.1,0.07,82.9,99.0122,43966.359375,4.27116630585147,0.9064498161706883
2021-06-04,4229.89013671875,20636100000,0.6132159785514846,17.46,1.56,1.42,266.832,5.8,0.06,82.9,99.0122,44239.75,4.27116630585147,0.877646514730282
2021-06-11,4247.43994140625,22073020000,0.41489977565030145,16.626,1.47,1.31,268.551,5.8,0.06,82.9,99.0122,44618.1484375,4.942907831904408,0.7330856939480318
2021-06-18,4166.4501953125,24868180000,-1.9067896712139487,18.002,1.45,1.19,268.551,5.8,0.06,82.9,99.8562,43762.78125,4.997888711644927,0.4555673053019033
2021-06-25,4280.7001953125,22845800000,2.742142462870145,16.492,1.54,1.26,268.551,5.8,0.06,85.5,99.8562,45037.9609375,4.997888711644927,0.5514693589658943
2021-07-02,4352.33984375,19135150000,1.6735497738418426,15.632,1.44,1.2,268.551,5.9,0.08,85.5,99.8562,45563.390625,4.997888711644927,0.5504090559534244
2021-07-09,4369.5498046875,16225570000,0.39541859219043296,16.955,1.37,1.14,268.551,5.9,0.08,85.5,99.8562,45684.890625,4.997888711644927,0.5749754183512346
2021-07-16,4327.16015625,18977190000,-0.970114779147857,17.016,1.31,1.06,270.981,5.9,0.08,85.5,100.0951,44920.28125,5.352352515803949,0.633226111860808
2021-07-23,4411.7900390625,21304580000,1.955783464364358,19.006,1.3,1.08,270.981,5.9,0.08,85.5,100.0951,45940.78125,5.352352515803949,0.7065939890620524
2021-07-30,4395.259765625,20734210000,-0.3746840464106227,18.238,1.24,1.05,270.981,5.9,0.08,81.2,100.0951,45708.0,5.352352515803949,0.7421745828560511
2021-08-06,4436.52001953125,19171320000,0.9387443770432657,17.78,1.31,1.1,270.981,5.4,0.1,81.2,100.0951,46143.3515625,5.352352515803949,0.7418757586494398
2021-08-13,4468.0,17260230000,0.7095647113089409,16.122,1.29,1.06,272.265,5.4,0.1,81.2,100.0951,46378.5703125,5.8515477384590175,0.6900638983730498
2021-08-20,4441.669921875,19014210000,-0.5893034495299876,19.166,1.26,1.03,272.265,5.4,0.1,81.2,101.1148,45908.66015625,5.2341693626001495,0.5025820514523053
2021-08-27,4509.3701171875,17595630000,1.5242059068612868,17.278,1.31,1.09,272.265,5.4,0.1,70.3,101.1148,46877.8984375,5.2341693626001495,0.5235811283432334
2021-09-03,4535.43017578125,18470230000,0.5779090630512185,16.32,1.33,1.12,272.265,5.2,0.09,70.3,101.1148,47198.26953125,5.2341693626001495,0.5076044399215316
2021-09-10,4458.580078125,14932410000,-1.6944389986780495,18.9625,1.35,1.12,272.265,5.2,0.09,70.3,101.1148,46344.48046875,5.2341693626001495,0.5150441266575023
2021-09-17,4432.990234375,22890790000,-0.5739460389093565,19.302,1.37,1.14,273.012,5.2,0.09,70.3,101.5949,46143.7109375,5.133606232261889,0.5425282255732639
2021-09-24,4455.47998046875,20058800000,0.507326768269345,21.464,1.47,1.18,273.012,5.2,0.09,70.3,101.5949,46361.23046875,5.133606232261889,0.6587140296704834
2021-10-01,4357.0400390625,20646370000,-2.209412719567272,21.772,1.48,1.21,273.012,5.2,0.08,72.8,101.5949,45362.75,5.133606232261889,0.7865894564770939
2021-10-08,4391.33984375,19344290000,0.7872272088387922,20.714,1.61,1.29,273.012,4.8,0.08,72.8,101.5949,45654.55859375,5.133606232261889,0.9519073641422068
2021-10-15,4471.3701171875,14596180000,1.822456841991027,17.9125,1.59,1.18,274.138,4.8,0.08,72.8,101.5949,46547.78125,5.353004700068009,0.9971087007740009
2021-10-22,4544.89990234375,18372450000,1.6444575874765777,15.588,1.66,1.18,274.138,4.8,0.08,72.8,100.0178,47281.859375,5.353004700068009,0.932302076476347
2021-10-29,4605.3798828125,20648340000,1.3307219469797626,16.198,1.55,1.07,274.138,4.8,0.08,71.7,100.0178,47795.08984375,5.353004700068009,0.7802523939355854
2021-11-05,4697.52978515625,21195930000,2.000918592788792,15.892000000000001,1.45,1.06,274.138,4.6,0.08,71.7,100.0178,48868.23046875,5.353004700068009,0.5193026338270659
2021-11-12,4682.85009765625,16619110000,-0.3124980185625681,17.505,1.58,1.05,276.724,4.6,0.08,71.7,100.0178,48712.26953125,6.346821209104991,0.4810090696153411
2021-11-19,4697.9599609375,19909710000,0.32266382579302366,17.094,1.54,1.02,276.724,4.6,0.08,71.7,101.611,48593.6015625,6.299433400556986,0.4336155333788783
2021-11-26,4594.6201171875,15654820000,-2.1996748505574315,21.4375,1.48,0.98,276.724,4.6,0.08,67.4,101.611,47377.6484375,6.299433400556986,0.5014927072530058
2021-12-03,4538.43017578125,26646380000,-1.2229507548633944,27.978,1.35,0.75,276.724,4.2,0.08,67.4,101.611,46360.94921875,6.299433400556986,0.8554804972713251
2021-12-10,4712.02001953125,21271750000,3.824887395565546,21.848,1.48,0.81,278.88,4.2,0.08,67.4,101.611,47962.05078125,7.127628925381746,1.0632385518763745
2021-12-17,4620.64013671875,26609380000,-1.9392931785886303,20.726,1.41,0.75,278.88,4.2,0.08,67.4,102.2852,47028.3203125,6.925545497417729,1.159368394070602
2021-12-24,4725.7900390625,14940780000,2.2756566023862668,20.1175,1.5,0.79,278.88,4.2,0.08,70.6,102.2852,48171.1015625,6.925545497417729,1.296453909804267
2021-12-31,4766.18017578125,14244290000,0.8546748032581375,17.344,1.52,0.79,278.88,4.2,0.08,70.6,102.2852,48461.16015625,6.925545497417729,1.1412275589417373
2022-01-07,4677.02978515625,21878940000,-1.8704788181950538,18.322,1.76,0.89,278.88,3.9,0.08,70.6,102.2852,47321.140625,6.925545497417729,1.011304053118565
2022-01-14,4662.85009765625,21251840000,-0.3031771904682512,18.986,1.78,0.79,280.192,3.9,0.08,70.6,101.8926,47103.44140625,7.035431190908237,0.9588541393028651
2022-01-21,4397.93994140625,19444410000,-5.681292572179308,25.27,1.75,0.74,280.192,3.9,0.08,70.6,101.8926,44219.80859375,7.035431190908237,0.9559533236818198
2022-01-28,4431.85009765625,27889090000,0.7710463694771796,30.233999999999998,1.78,0.63,280.192,3.9,0.08,67.2,101.8926,44400.4296875,7.035431190908237,0.9056419708820738
2022-02-04,4500.52978515625,23505280000,1.5496843527338822,23.29,1.93,0.62,280.192,4.0,0.08,67.2,101.8926,45244.28125,7.035431190908237,1.2176398038903167
2022-02-11,4418.64013671875,23778810000,-1.8195557489162795,23.106,1.92,0.42,281.933,4.0,0.08,67.2,101.8926,44660.30078125,7.513223074312347,1.322488787610965
2022-02-18,4348.8701171875,22562340000,-1.5789930243801376,26.836000000000002,1.92,0.45,281.933,4.0,0.08,67.2,103.4677,43866.55859375,7.513223074312347,1.3958650341822776
2022-02-25,4384.64990234375,21848520000,0.8227374971453427,29.435,1.97,0.42,281.933,4.0,0.08,62.8,103.4677,44260.12109375,7.513223074312347,1.4653165338084126
2022-03-04,4328.8701171875,28092740000,-1.2721605236129307,31.333999999999996,1.74,0.24,281.933,3.8,0.08,62.8,103.4677,43535.76171875,7.513223074312347,1.436169260610757
2022-03-11,4204.31005859375,29765730000,-2.8774265621690165,33.002,2.0,0.25,284.182,3.8,0.08,62.8,103.4677,42305.62890625,7.987885742948242,1.542854078795016
2022-03-18,4463.1201171875,30540660000,6.155827115194179,27.562,2.14,0.17,284.182,3.8,0.08,62.8,103.5811,45009.6015625,7.987885742948242,1.6038295671460308
2022-03-25,4543.06005859375,22611740000,1.791122338348039,22.504,2.48,0.18,284.182,3.8,0.08,59.4,103.5811,45692.828125,7.987885742948242,1.5588998823477571
2022-04-01,4545.85986328125,23169700000,0.0616281680495101,19.61,2.39,-0.05,284.182,3.6,0.2,59.4,103.5811,45803.7109375,7.987885742948242,1.448466332074839
2022-04-08,4488.27978515625,23239490000,-1.2666487717779784,20.881999999999998,2.72,0.19,284.182,3.6,0.2,59.4,103.5811,44927.3984375,7.987885742948242,1.200135208396505
2022-04-15,4392.58984375,16329620000,-2.1319959090500107,23.2875,2.83,0.36,287.708,3.6,0.2,59.4,103.5811,44180.8515625,8.65392967336751,1.097931040123579
2022-04-22,4271.77978515625,21597890000,-2.75031502806129,22.95,2.9,0.18,287.708,3.6,0.2,59.4,104.5853,42808.71875,8.65392967336751,1.0632146801398699
2022-04-29,4131.93017578125,24637900000,-3.2738019375660454,31.106,2.89,0.19,287.708,3.6,0.2,65.2,104.5853,41343.96875,8.65392967336751,1.3101400488596018
2022-05-06,4123.33984375,25076170000,-0.20790119062517043,29.68,3.12,0.4,287.708,3.6,0.33,65.2,104.5853,41057.4609375,8.65392967336751,1.6990234720598312
2022-05-13,4023.889892578125,29126270000,-2.411878596973216,32.188,2.93,0.32,288.663,3.6,0.33,65.2,104.5853,40022.26953125,8.18155243748877,1.9560854710711086
2022-05-20,3901.360107421875,24603940000,-3.045058101173459,28.662,2.78,0.18,288.663,3.6,0.33,65.2,105.5973,38831.6484375,8.18155243748877,2.1156440311232907
2022-05-27,4158.240234375,23231370000,6.584373651241293,27.904000000000003,2.74,0.27,288.663,3.6,0.33,58.4,105.5973,41391.26953125,8.18155243748877,2.101424180497834
2022-06-03,4108.5400390625,19471340000,-1.1952218369117418,25.3475,2.96,0.3,288.663,3.6,0.77,58.4,105.5973,40945.390625,8.18155243748877,1.9466674293385524
2022-06-10,3900.860107421875,21764190000,-5.054835286161996,25.378,3.15,0.09,291.474,3.6,0.77,58.4,105.5973,38860.5390625,9.23502428494334,1.7382786503750736
2022-06-17,3674.840087890625,30486930000,-5.794107281653571,32.082,3.25,0.08,291.474,3.6,0.77,58.4,105.7475,36527.66015625,8.535808840778847,1.9000967961279813
2022-06-24,3911.739990234375,23570150000,6.446536357442745,28.855,3.13,0.09,291.474,3.6,0.77,50.0,105.7475,38930.578125,8.535808840778847,1.937138420187721
2022-07-01,3825.330078125,21693690000,-2.2089891538061512,27.776,2.88,0.04,291.474,3.6,1.21,50.0,105.1924,37997.76171875,8.535808840778847,1.9028230821519656
2022-07-08,3899.3798828125,17073700000,1.935775558583841,26.2475,3.09,-0.03,291.474,3.6,1.21,50.0,105.1924,38850.4609375,8.535808840778847,1.8505061185054832
2022-07-15,3863.159912109375,19693570000,-0.9288648911272679,26.182,2.93,-0.2,295.328,3.6,1.21,50.0,104.3648,38411.30859375,8.984762769345455,1.573065285704444
2022-07-22,3961.6298828125,20385270000,2.548948864230627,23.964,2.77,-0.21,295.328,3.6,1.21,50.0,104.3648,39472.44140625,8.984762769345455,1.3187628620017664
2022-07-29,4130.2900390625,20488830000,4.257342589769197,22.99,2.67,-0.22,295.328,3.6,1.21,51.5,104.3648,41119.578125,8.984762769345455,1.1940499955925468
2022-08-05,4145.18994140625,21651540000,0.36074711952025496,22.262,2.83,-0.41,295.328,3.5,1.68,51.5,104.3648,41439.91015625,8.984762769345455,1.2403609412625929
2022-08-12,4280.14990234375,21098400000,3.255820911591689,20.506,2.84,-0.41,295.271,3.5,1.68,51.5,104.3648,42867.30859375,8.963728084256829,1.2033815657023035
2022-08-19,4228.47998046875,19013350000,-1.207198884476135,19.94,2.98,-0.27,295.271,3.5,1.68,51.5,104.8075,42177.2890625,8.449855838980413,1.0876145089325115
2022-08-26,4057.659912109375,18714200000,-4.039751143398784,23.613999999999997,3.04,-0.33,295.271,3.5,1.68,58.2,104.8075,40598.7890625,8.449855838980413,1.1598842417135764
2022-09-02,3924.260009765625,19592960000,-3.2876067791103303,25.863999999999997,3.2,-0.2,295.271,3.7,2.33,58.2,104.8075,39180.41015625,8.449855838980413,1.267913095311517
2022-09-09,4067.360107421875,15886450000,3.646549853988823,24.4875,3.33,-0.23,295.271,3.7,2.33,58.2,104.8075,40711.19921875,8.449855838980413,1.2942171938679592
2022-09-16,3873.330078125,24728470000,-4.770416785639919,25.974,3.45,-0.4,295.62,3.7,2.33,58.2,104.5464,38750.4609375,8.280954683310625,1.5056068702151626
2022-09-23,3693.22998046875,21332100000,-4.649748253405573,27.636000000000003,3.69,-0.51,295.62,3.7,2.33,58.2,104.5464,36787.19921875,8.280954683310625,1.544679666422859
2022-09-30,3585.6201171875,24475900000,-2.9137059931369835,31.7,3.83,-0.39,295.62,3.7,2.33,58.6,104.5464,35836.921875,8.280954683310625,1.4517422771784703
2022-10-07,3639.659912109375,22948200000,1.5071254944950097,29.919999999999998,3.89,-0.41,295.62,3.5,2.56,58.6,104.5464,36419.87109375,8.280954683310625,1.764878929441527
2022-10-14,3583.070068359375,18030570000,-1.554811304257353,32.790000000000006,4.0,-0.48,296.761,3.5,2.56,58.6,104.5464,35778.62890625,8.698885030694626,1.6600760032343052
2022-10-21,3752.75,22634960000,4.735601827577951,30.46,4.21,-0.28,296.761,3.5,2.56,58.6,105.1762,37419.4296875,8.252413018260896,1.8454070366286373
2022-10-28,3901.06005859375,23555090000,3.9520367355605934,27.746000000000002,4.02,-0.39,296.761,3.5,2.56,59.9,105.1762,38952.7109375,8.252413018260896,1.8467744807543327
2022-11-04,3770.550048828125,24226300000,-3.345501166487319,25.48,4.17,-0.49,296.761,3.7,3.08,59.9,105.1762,37635.44921875,8.252413018260896,1.7295375080905668
2022-11-11,3956.3701171875,19375530000,4.928195248784117,24.8775,3.82,-0.52,298.062,3.7,3.08,59.9,105.1762,39420.30859375,8.72699151522227,1.7059575157024842
2022-11-18,3965.340087890625,21831700000,0.2267222336999497,23.886000000000003,3.82,-0.69,298.062,3.7,3.08,59.9,104.6894,39439.890625,7.710932192364961,1.8471154987993397
2022-11-25,4026.1201171875,12724860000,1.5327822569994876,21.125,3.68,-0.74,298.062,3.7,3.08,56.8,104.6894,40018.87890625,7.710932192364961,1.748594068058095
2022-12-02,4071.699951171875,22280580000,1.1321031826595274,20.716,3.51,-0.77,298.062,3.7,3.78,56.8,104.6894,40504.140625,7.710932192364961,1.7424747668051643
2022-12-09,3934.3798828125,20662410000,-3.372548812685794,22.144,3.57,-0.76,298.062,3.7,3.78,56.8,104.6894,39011.9609375,7.710932192364961,1.721794422333862
2022-12-16,3852.360107421875,25443390000,-2.084693848424035,22.828,3.48,-0.69,298.349,3.7,3.78,56.8,104.5175,38217.0,6.981138841078605,1.1963126440584224
2022-12-23,3844.820068359375,18506410000,-0.19572518799511052,21.362000000000002,3.75,-0.56,298.349,3.7,3.78,59.7,104.5175,38110.421875,6.981138841078605,1.2990794846406364
2022-12-30,3839.5,12097370000,-0.1383697615177426,21.725,3.88,-0.53,298.349,3.7,3.78,59.7,104.5175,38073.94140625,6.981138841078605,1.2262307948764783
2023-01-06,3895.080078125,16190230000,1.4475863556452584,22.125,3.55,-0.69,298.349,3.5,4.1,59.7,104.5175,38630.69140625,6.981138841078605,1.1536823513302688
2023-01-13,3999.090087890625,20846120000,2.67029194983055,20.163999999999998,3.49,-0.73,298.112,3.5,4.1,59.7,104.5175,39834.1015625,6.896156052782576,1.2118531186602635
2023-01-20,3972.610107421875,16539130000,-0.6621501363255677,20.0175,3.48,-0.66,298.112,3.5,4.1,59.7,103.4332,39585.9296875,6.395614435815444,1.0866825303427001
2023-01-27,4070.56005859375,18707010000,2.4656321290850824,19.066,3.52,-0.67,298.112,3.5,4.1,64.9,103.4332,40638.23828125,6.395614435815444,1.0675155419321598
2023-02-03,4136.47998046875,23657120000,1.619431255800552,18.854,3.53,-0.77,298.112,3.4,4.33,64.9,103.4332,41385.359375,6.395614435815444,1.052766406738422
2023-02-10,4090.4599609375,20661640000,-1.1125406081630485,19.792,3.74,-0.76,298.99,3.4,4.33,64.9,103.4332,40790.3984375,6.70897099132024,1.0378250393770991
2023-02-17,4079.090087890625,19642940000,-0.27796074660193515,19.534,3.82,-0.78,300.536,3.4,4.33,64.9,102.9525,40819.55859375,6.598376209950585,1.0346570164110713
2023-02-24,3970.0400390625,16031550000,-2.6733915279747333,21.9925,3.95,-0.83,300.536,3.4,4.33,67.0,102.9525,39690.73828125,6.598376209950585,1.0505749692466029
2023-03-03,4045.639892578125,21459460000,1.904259220858573,20.062,3.97,-0.89,300.536,3.4,4.57,67.0,102.9525,40450.94921875,6.598376209950585,0.9787065770452056
2023-03-10,3861.590087890625,21422390000,-4.549337300760414,20.944,3.7,-0.9,300.536,3.6,4.57,67.0,102.9525,38379.1796875,6.598376209950585,0.9560434735800232
2023-03-17,3916.639892578125,33867970000,1.4255734926430508,24.978,3.39,-0.42,301.648,3.6,4.57,67.0,102.646,38762.8515625,6.146061326896146,1.060465657664778
2023-03-24,3970.989990234375,24375960000,1.387671553855152,22.428,3.38,-0.38,301.648,3.6,4.57,67.0,102.646,39259.359375,6.146061326896146,1.1377451933443306
2023-03-31,4109.31005859375,20849370000,3.483264090303373,19.482,3.48,-0.58,301.648,3.6,4.57,62.0,102.004,40708.41015625,6.146061326896146,1.152549423566945
2023-04-07,4105.02001953125,15917210000,-0.1043980376591036,18.7575,3.3,-0.52,301.648,3.6,4.65,62.0,102.004,40506.71875,6.146061326896146,1.093851566092555
2023-04-14,4137.64013671875,17894880000,0.794639661494867,18.406,3.52,-0.56,301.808,3.5,4.65,62.0,103.0258,40870.25,6.2023632742397306,0.8885134692178134
2023-04-21,4133.52001953125,18104210000,-0.09957649895496745,16.836000000000002,3.57,-0.6,301.808,3.5,4.65,62.0,103.0258,40845.91015625,4.900802202232812,0.6864557611804498
2023-04-28,4169.47998046875,18944960000,0.8699597623232913,17.46,3.44,-0.6,301.808,3.5,4.65,63.5,103.0258,41064.05078125,4.900802202232812,0.7232264329844883
2023-05-05,4136.25,21160370000,-0.7969814131357,17.896,3.44,-0.48,301.808,3.4,4.83,63.5,103.0258,40768.03125,4.900802202232812,0.7979266499441401
2023-05-12,4124.080078125,18795580000,-0.29422597461469246,17.118000000000002,3.46,-0.52,302.918,3.4,4.83,63.5,103.0258,40637.53125,5.286610035174544,0.8838484806795858
2023-05-19,4191.97998046875,19277850000,1.6464254102122267,16.968,3.7,-0.58,302.918,3.4,4.83,63.5,103.0398,41325.0703125,4.938284435483586,0.8933411891055056
2023-05-26,4205.4501953125,15747060000,0.32133299554173433,18.572,3.8,-0.74,302.918,3.4,4.83,59.2,103.0398,41437.26171875,4.938284435483586,0.867858368275417
2023-06-02,4282.3701171875,19055240000,1.8290532119661584,16.4125,3.69,-0.81,302.918,3.7,5.06,59.2,103.0398,43181.5390625,4.938284435483586,0.817501157593264
2023-06-09,4298.85986328125,19960900000,0.3850612077542559,14.022,3.75,-0.84,302.918,3.7,5.06,59.2,103.0398,43402.26171875,4.938284435483586,0.7417766408939508
2023-06-16,4409.58984375,23498470000,2.5757987929439397,14.307999999999998,3.77,-0.93,303.294,3.7,5.06,59.2,103.0107,44473.359375,4.055250210996508,0.7395739885383292
2023-06-23,4348.330078125,17329740000,-1.3892395391790768,13.3575,3.74,-0.97,303.294,3.7,5.06,59.2,103.0107,43765.80859375,4.055250210996508,0.7233191973405763
2023-06-30,4450.3798828125,18347970000,2.346873463007748,13.709999999999999,3.81,-1.06,303.294,3.7,5.06,64.4,103.0107,44883.609375,4.055250210996508,0.6830171121139376
2023-07-07,4398.9501953125,12829400000,-1.155624662483823,14.504999999999999,4.06,-0.88,303.294,3.6,5.08,64.4,103.0107,44374.7109375,4.055250210996508,0.6366363171370057
2023-07-14,4505.419921875,18461090000,2.4203439874348476,14.080000000000002,3.83,-0.91,303.841,3.6,5.08,64.4,103.0107,45530.3203125,4.242917035481741,0.6504629805527886
2023-07-21,4536.33984375,19075880000,0.6862827974119634,13.626,3.84,-0.98,303.841,3.6,5.08,64.4,102.2468,45873.44140625,2.8825576985588963,0.6041209150557368
2023-07-28,4582.22998046875,20193230000,1.0116115260186298,13.74,3.96,-0.91,303.841,3.6,5.08,71.6,102.2468,46323.69921875,2.8825576985588963,0.5396276495953469
2023-08-04,4478.02978515625,21109110000,-2.274006231826897,15.334,4.05,-0.73,303.841,3.5,5.12,71.6,102.2468,45305.3515625,2.8825576985588963,0.5644928015367775
2023-08-11,4464.0498046875,19439590000,-0.3121904306016665,15.681999999999999,4.16,-0.73,304.348,3.5,5.12,71.6,102.2468,45089.76953125,3.0542312276519823,0.6094724705702351
2023-08-18,4369.7099609375,19366670000,-2.1133241759744292,16.65,4.26,-0.66,304.348,3.5,5.12,71.6,102.8957,44074.859375,3.0741251257319524,0.6236560154352756
2023-08-25,4405.7099609375,18106530000,0.8238533065539233,16.592,4.25,-0.78,304.348,3.5,5.12,69.5,102.8957,44390.6484375,3.0741251257319524,0.6937723339953595
2023-09-01,4515.77001953125,16568780000,2.498123107730188,14.014,4.18,-0.69,304.348,3.8,5.33,69.5,102.8957,45606.109375,3.0741251257319524,0.7753531291626992
2023-09-08,4457.490234375,13968150000,-1.2905835528422172,14.175,4.26,-0.72,304.348,3.8,5.33,69.5,102.8957,44941.44921875,3.0741251257319524,0.7418403082769006
2023-09-15,4450.31982421875,20916040000,-0.16086204970128248,13.624,4.33,-0.69,306.269,3.8,5.33,69.5,103.4886,44849.6015625,3.724713906885535,0.7301798259333929
2023-09-22,4320.06005859375,17096470000,-2.9269753808731536,15.597999999999999,4.44,-0.66,306.269,3.8,5.33,69.5,103.4886,43490.140625,3.602259657668627,0.7522458739161049
2023-09-29,4288.0498046875,18256060000,-0.7409677984122731,17.784,4.59,-0.44,306.269,3.8,5.33,67.9,103.4886,43249.30078125,3.602259657668627,0.7125452672066237
2023-10-06,4308.5,19153590000,0.47691132901825917,18.381999999999998,4.78,-0.3,306.269,3.8,5.33,67.9,103.4886,43332.12109375,3.602259657668627,0.7515727500140661
2023-10-13,4327.77978515625,14401600000,0.44748253815132255,17.2825,4.63,-0.41,307.481,3.8,5.33,67.9,103.4886,43443.48046875,4.0122454502401705,0.8122044710279985
2023-10-20,4224.16015625,18864600000,-2.3942906998561386,19.484,4.93,-0.14,307.481,3.8,5.33,67.9,103.6115,42406.6015625,3.6123345048709066,0.824617878974361
2023-10-27,4117.3701171875,19764430000,-2.5280774192355193,20.296,4.84,-0.15,307.481,3.8,5.33,63.8,103.6115,41300.7890625,3.6123345048709066,0.8336927611872944
2023-11-03,4358.33984375,21626250000,5.852515554931514,17.066,4.57,-0.26,307.481,3.9,5.33,63.8,103.6115,43792.109375,3.6123345048709066,0.9428989392856449
2023-11-10,4415.240234375,18742940000,1.3055519455784648,14.722,4.61,-0.43,307.481,3.9,5.33,63.8,103.6115,44188.98828125,3.6123345048709066,0.9792604411966579
2023-11-17,4514.02001953125,20115520000,2.2372459914456355,14.244,4.44,-0.44,307.619,3.9,5.33,63.8,102.7081,45312.9609375,3.2063798806959642,1.0039768986550675
2023-11-24,4559.33984375,11838180000,1.0039792473817144,13.0175,4.47,-0.45,307.619,3.9,5.33,61.3,102.7081,45766.87890625,3.2063798806959642,0.8555960277389785
2023-12-01,4594.6298828125,21205410000,0.7740164206200939,12.782,4.22,-0.34,307.619,3.9,5.33,61.3,102.7081,46295.421875,3.2063798806959642,0.6958521071731237
2023-12-08,4604.3701171875,20051430000,0.21199170822086,12.862,4.23,-0.48,307.619,3.7,5.33,61.3,102.7081,46421.69921875,3.2063798806959642,0.6303115850244145
2023-12-15,4719.18994140625,27228260000,2.4937140433203497,12.33,3.91,-0.53,307.917,3.7,5.33,61.3,102.6651,47743.359375,3.2069824266211633,0.4791494294130959
2023-12-22,4754.6298828125,18766580000,0.7509751005209564,13.088,3.9,-0.41,307.917,3.7,5.33,69.7,102.6651,48171.76171875,3.2069824266211633,0.5369342202775771
2023-12-29,4769.830078125,11087280000,0.31969250366779,12.585,3.88,-0.35,307.917,3.7,5.33,69.7,102.6651,48295.37890625,3.2069824266211633,0.6013042535406767
2024-01-05,4697.240234375,15253660000,-1.5218538723822839,13.68,4.05,-0.35,307.917,3.7,5.33,69.7,102.6651,47439.62890625,3.2069824266211633,0.6397115166736325
2024-01-12,4783.830078125,18017190000,1.8434195278394405,12.734,3.96,-0.18,308.85,3.7,5.33,69.7,102.6651,48240.1484375,3.5197034345682443,0.6756535988740103
2024-01-19,4839.81005859375,16495350000,1.1701916571980497,14.015,4.15,-0.24,308.85,3.7,5.33,69.7,102.484,48725.62109375,3.602001932159715,0.6655734291896813
2024-01-26,4890.97021484375,19914270000,1.0570695054273438,13.118,4.15,-0.19,308.85,3.7,5.33,69.7,102.484,49249.171875,3.602001932159715,0.5859691580060502
2024-02-02,4958.60986328125,20417850000,1.3829495062599007,13.797999999999998,4.03,-0.33,308.85,3.7,5.33,79.0,102.484,49837.0703125,3.602001932159715,0.6629871232273807
2024-02-09,5026.60986328125,21614960000,1.3713520900997533,13.056000000000001,4.17,-0.31,308.742,3.7,5.33,79.0,102.484,50577.921875,3.5657739373121444,0.6934771537101576
2024-02-16,5005.56982421875,19924770000,-0.41857314641016163,14.482,4.3,-0.34,309.685,3.7,5.33,79.0,102.5739,50672.5390625,3.0442276466047247,0.7413919420912182
2024-02-23,5088.7998046875,15547770000,1.6627473672638393,14.7625,4.26,-0.41,309.685,3.7,5.33,79.0,102.5739,51154.37890625,3.0442276466047247,0.8133906764878442
2024-03-01,5137.080078125,21367100000,0.9487556062438784,13.504,4.19,-0.35,309.685,3.7,5.33,76.9,102.5739,51725.80078125,3.0442276466047247,0.8271098776694592
2024-03-08,5123.68994140625,22082750000,-0.2606565697850116,14.325999999999999,4.09,-0.39,309.685,3.9,5.33,76.9,102.5739,51615.3984375,3.0442276466047247,0.7658075420527789
2024-03-15,5117.08984375,24701470000,-0.12881532121825634,14.324000000000002,4.31,-0.41,311.054,3.9,5.33,76.9,102.3313,51445.53125,3.118203999363489,0.7699729094058625
2024-03-22,5234.18017578125,19715260000,2.2882211492585736,13.434000000000001,4.22,-0.37,311.054,3.9,5.33,76.9,102.3313,52617.76953125,3.118203999363489,0.6852506864936292
2024-03-29,5254.35009765625,15051920000,0.38535016368612673,13.055,4.2,-0.39,311.054,3.9,5.33,79.4,102.3313,52915.8203125,3.118203999363489,0.6149244742465441
2024-04-05,5204.33984375,18378230000,-0.951787623145961,14.994,4.39,-0.34,311.054,3.8,5.33,79.4,102.3313,52338.1484375,3.118203999363489,0.6232934847278027
2024-04-12,5123.41015625,17997390000,-1.555042328705536,15.638,4.5,-0.38,312.23,3.8,5.33,79.4,102.3313,51459.671875,3.5080623773404707,0.6495562571798447
2024-04-19,4967.22998046875,19051050000,-3.0483637073390857,18.509999999999998,4.62,-0.35,312.23,3.8,5.33,79.4,102.6577,50451.30859375,3.4531887822721874,0.7212046471149081
2024-04-26,5099.9599609375,18790580000,2.672112646095459,15.8,4.67,-0.29,312.23,3.8,5.33,77.2,102.6577,51238.08984375,3.4531887822721874,0.7843450833215638
2024-05-03,5127.7900390625,20380740000,0.5456920904901352,14.776,4.5,-0.31,312.23,3.9,5.33,77.2,102.6577,51555.359375,3.4531887822721874,0.8622816747122573
2024-05-10,5222.68017578125,18858510000,1.8505074504980845,12.992,4.5,-0.37,312.23,3.9,5.33,77.2,102.6577,52468.2890625,3.4531887822721874,0.8792867325501108
2024-05-17,5303.27001953125,20775690000,1.5430744567456633,12.776,4.42,-0.41,313.207,3.9,5.33,77.2,102.7623,53273.2109375,3.3966287906298076,0.7404709590487435
2024-05-24,5304.72021484375,17804500000,0.027345304070114373,12.2,4.46,-0.47,313.207,3.9,5.33,69.1,102.7623,53188.109375,3.3966287906298076,0.675473890442212
2024-05-31,5277.509765625,16560200000,-0.5129478674975041,13.6475,4.51,-0.38,313.207,3.9,5.33,69.1,102.7623,52875.51953125,3.3966287906298076,0.6044360453818642
2024-06-07,5346.990234375,18649030000,1.3165388949644363,12.74,4.43,-0.44,313.207,4.0,5.33,69.1,102.7623,53376.30078125,3.3966287906298076,0.5284676968216163
2024-06-14,5431.60009765625,18122180000,1.5823829775731824,12.446,4.2,-0.47,313.225,4.0,5.33,69.1,102.7623,54101.01953125,3.2743806339723402,0.5295860654174481
2024-06-21,5464.6201171875,17613030000,0.6079243489500952,12.8825,4.25,-0.45,313.225,4.0,5.33,69.1,103.3284,54432.46875,3.2743806339723402,0.5249491994819122
2024-06-28,5460.47998046875,21641380000,-0.075762571413307,12.68,4.36,-0.35,313.225,4.0,5.33,68.2,103.1168,54470.66015625,3.2743806339723402,0.4623142828485548
2024-07-05,5567.18994140625,12251260000,1.95422309612312,12.205,4.28,-0.32,313.225,4.1,5.33,68.2,103.1168,55391.5390625,3.2743806339723402,0.39050667768317926
2024-07-12,5615.35009765625,17475920000,0.8650711895386687,12.622,4.18,-0.27,313.049,4.1,5.33,68.2,103.1168,56083.51953125,3.2163511312455872,0.3977440942165602
2024-07-19,5505.0,19676760000,-1.965150805152971,14.648,4.25,-0.24,313.049,4.1,5.33,68.2,103.9941,55135.87109375,3.0305324166257863,0.5326139871741334
2024-07-26,5459.10009765625,19051830000,-0.8337856919845565,16.504,4.2,-0.16,313.049,4.1,5.33,66.4,103.9941,54853.37109375,3.0305324166257863,0.7750775673981791
2024-08-02,5346.56005859375,21564690000,-2.0615126495082348,18.526,3.8,-0.08,313.049,4.3,5.33,66.4,103.9941,53487.26171875,3.0305324166257863,0.9499526861492293
2024-08-09,5344.16015625,22114930000,-0.044886849066483325,27.657999999999998,3.94,-0.11,313.049,4.3,5.33,66.4,103.9941,53461.48828125,3.0305324166257863,1.2789948882875797
2024-08-16,5554.25,17470190000,3.931204110795594,17.01,3.89,-0.17,313.534,4.3,5.33,66.4,102.8887,55519.8203125,3.018255418139759,1.3911781412361575
2024-08-23,5634.60986328125,15609610000,1.446817541184675,16.042,3.81,-0.09,313.534,4.3,5.33,66.4,102.8887,56430.30078125,3.018255418139759,1.3444746801490743
2024-08-30,5648.39990234375,16042500000,0.24473813444236825,15.868,3.91,0.0,313.534,4.3,5.33,67.9,102.8887,56554.44140625,3.018255418139759,1.2524077172580252
2024-09-06,5408.419921875,14688940000,-4.248636509769299,21.08,3.72,0.06,313.534,4.2,5.33,67.9,102.8887,54070.96875,3.018255418139759,1.0030015531099787
2024-09-13,5626.02001953125,18669430000,4.023358038012925,17.97,3.66,0.09,314.121,4.2,5.33,67.9,102.8887,56251.421875,3.2111267364989926,0.969372462982582
2024-09-20,5702.5498046875,22463850000,1.3602828445432147,17.092,3.73,0.18,314.121,4.2,5.33,67.9,103.1389,57100.66015625,2.56375930962649,0.9167586829623113
2024-09-27,5738.169921875,19316880000,0.6246349160899944,15.804000000000002,3.75,0.2,314.121,4.2,5.33,70.1,103.1389,57418.69921875,2.56375930962649,0.8989594259871792
2024-10-04,5751.06982421875,19356810000,0.2248086501337898,18.918,3.98,0.05,314.121,4.1,5.13,70.1,103.1389,57538.28125,2.56375930962649,0.7392521571748774
2024-10-11,5815.02978515625,17099040000,1.1121402259480995,21.262,4.08,0.13,314.686,4.1,5.13,70.1,103.1389,58213.05859375,2.748237660357389,0.6328952429639909
2024-10-18,5864.669921875,14203850000,0.8536523208438895,19.34,4.08,0.13,314.686,4.1,5.13,70.1,102.6418,58763.37890625,2.3432342160979003,0.6342591705021308
2024-10-25,5808.1201171875,17326050000,-0.9642453103212434,19.044,4.25,0.14,314.686,4.1,5.13,70.5,102.6418,58080.41015625,2.3432342160979003,0.5760157695309763
2024-11-01,5728.7998046875,19643610000,-1.3656796157722972,20.906,4.37,0.16,314.686,4.1,4.83,70.5,102.6418,57410.4609375,2.3432342160979003,0.6216226440866525
2024-11-08,5995.5400390625,23292380000,4.656127696358747,17.776,4.3,0.04,314.686,4.1,4.83,70.5,102.6418,60309.1796875,2.3432342160979003,0.7936109697435105
2024-11-15,5870.6201171875,17239110000,-2.083547454626511,14.795,4.43,0.12,315.454,4.1,4.83,70.5,102.2805,59000.8515625,2.5930057466965417,0.8689059508431212
2024-11-22,5969.33984375,20164960000,1.6815894163118683,16.240000000000002,4.41,0.04,315.454,4.1,4.83,71.8,102.2805,60269.8984375,2.546981818418237,0.903534420255786
2024-11-29,6032.3798828125,15276080000,1.0560638313883874,14.0775,4.18,0.05,315.454,4.1,4.83,71.8,102.2805,60880.73828125,2.546981818418237,0.8973375800615491
2024-12-06,6090.27001953125,20647710000,0.9596566834872311,13.280000000000001,4.15,0.05,315.454,4.2,4.64,71.8,102.2805,61423.328125,2.546981818418237,0.7010893833301779
2024-12-13,6051.08984375,20137790000,-0.6433241162641545,13.936000000000002,4.4,0.15,316.441,4.2,4.64,71.8,102.2805,60877.48828125,2.8678332612744883,0.5174647934007759
2024-12-20,5930.85009765625,27302660000,-1.9870758689518042,20.125999999999998,4.52,0.22,316.441,4.2,4.64,74.0,101.9621,59494.12890625,2.768278464651197,0.6513806191348589
2024-12-27,5970.83984375,11415140000,0.6742666807504127,15.432500000000001,4.62,0.31,316.441,4.2,4.64,74.0,101.9621,59833.5,2.768278464651197,0.8726922133404409
2025-01-03,5942.47021484375,13850620000,-0.4751363233422845,17.2025,4.6,0.32,316.441,4.2,4.48,74.0,101.9621,59659.671875,2.768278464651197,0.9276451412131785
2025-01-10,5827.0400390625,18651120000,-1.9424611585417084,17.775,4.77,0.37,316.441,4.1,4.48,74.0,101.9621,58470.828125,2.768278464651197,0.9956567844662394
2025-01-17,5996.66015625,21760690000,2.9109138782370536,17.318,4.61,0.34,317.685,4.1,4.48,74.0,103.1942,60289.421875,2.8606119475473424,1.0734046557445438
2025-01-24,6101.240234375,17672460000,1.7439720677851378,15.0075,4.63,0.36,317.685,4.1,4.48,71.7,103.1942,61333.8515625,2.8606119475473424,0.9033180730094168
2025-01-31,6040.52978515625,23266090000,-0.995050954996024,16.628,4.58,0.36,317.685,4.1,4.48,71.7,103.1942,60775.19921875,2.8606119475473424,0.9106394472053847
2025-02-07,6025.990234375,23577640000,-0.2406999269663257,16.728,4.49,0.2,317.685,4.0,4.33,71.7,103.1942,60611.0390625,2.8606119475473424,0.8685116971316523
2025-02-14,6114.6298828125,22510590000,1.4709557266100237,15.518,4.47,0.21,319.086,4.0,4.33,71.7,103.511,61386.578125,3.3503702120216916,0.7562340026523412
2025-02-21,6013.1298828125,19495560000,-1.6599532914543969,16.122500000000002,4.42,0.23,319.086,4.0,4.33,64.7,103.511,60137.69140625,3.0356652727771882,0.6905424681493555
2025-02-28,5954.5,26733210000,-0.9750310396601236,19.654,4.24,0.25,319.086,4.0,4.33,64.7,103.511,59524.46875,3.0356652727771882,0.7312734282320875
2025-03-07,5770.2001953125,27908150000,-3.095134850743131,23.292,4.32,0.33,319.086,4.1,4.33,64.7,103.511,57564.80078125,3.0356652727771882,0.9512489962405102
2025-03-14,5638.93994140625,27732600000,-2.274795491721082,25.088,4.31,0.29,319.775,4.1,4.33,64.7,103.511,56252.05859375,3.2581494098842256,1.1538502420671979
2025-03-21,5667.56005859375,28404010000,0.5075442811040665,20.238,4.25,0.31,319.775,4.1,4.33,64.7,104.2062,56595.609375,2.803693249403638,1.2791673050350376
2025-03-28,5580.93994140625,22085260000,-1.5283493477260546,18.66,4.27,0.38,319.775,4.1,4.33,57.0,104.2062,55689.87109375,2.803693249403638,1.3387157196051171
2025-04-04,5074.080078125,29999550000,-9.081980250687572,28.177999999999997,4.01,0.33,319.775,4.2,4.33,57.0,104.2062,50558.94921875,2.803693249403638,1.4860144517088254
2025-04-11,5363.35986328125,37869410000,5.701127705953479,42.242,4.48,0.52,319.615,4.2,4.33,57.0,104.2062,53283.01953125,2.7522552354253715,2.617842333679436
2025-04-18,5282.7001953125,18671180000,-1.5039018455756392,30.825000000000003,4.34,0.53,319.615,4.2,4.33,57.0,103.8892,52644.73828125,2.3652435704448527,3.073783006517426
2025-04-25,5525.2099609375,23198970000,4.590640328977713,28.830000000000002,4.29,0.55,319.615,4.2,4.33,52.2,103.8892,55092.8515625,2.3652435704448527,3.1750661046225277
2025-05-02,5686.669921875,24244170000,2.922241183212959,24.259999999999998,4.33,0.5,319.615,4.2,4.33,52.2,103.8892,56727.78125,2.3652435704448527,3.1499079408156954
2025-05-09,5659.91015625,24335450000,-0.4705700522912859,23.266,4.37,0.49,319.615,4.2,4.33,52.2,103.8892,56545.83984375,2.3652435704448527,2.120770682897913
2025-05-16,5958.3798828125,26606460000,5.2734004307985805,18.06,4.43,0.45,320.321,4.2,4.33,52.2,103.8799,59535.55859375,2.5913589341190812,1.31389730174284
2025-05-23,5802.81982421875,23634980000,-2.6107777894873285,19.934,4.51,0.51,320.321,4.2,4.33,52.2,103.8799,57933.48046875,2.271341317403519,0.9835348519612161
2025-05-30,5911.68994140625,20979720000,1.8761588414845765,19.005,4.41,0.52,320.321,4.2,4.33,52.2,103.8799,58996.7890625,2.271341317403519,1.069379052489792
2025-06-06,6000.35986328125,24073530000,1.4999081946761805,17.782,4.51,0.47,320.321,4.2,4.33,52.2,103.8799,59984.78125,2.271341317403519,1.014988971996233
2025-06-13,5976.97021484375,24565200000,-0.3898040945949144,18.042,4.41,0.45,320.58,4.2,4.33,52.2,103.8799,59645.23046875,2.354034232951374,0.8098205773481922
2025-06-20,5967.83984375,22625380000,-0.1527591867711675,20.3675,4.38,0.48,320.58,4.2,4.33,52.2,103.5948,59614.1796875,2.348152286694849,0.7975775625234949
2025-06-27,6173.06982421875,29409290000,3.4389324419234146,17.396,4.29,0.56,320.58,4.2,4.33,60.7,103.5948,61629.23828125,2.348152286694849,0.6769088919093973
2025-07-04,6279.35009765625,21082030000,1.721676191325927,16.645,4.35,0.47,320.58,4.1,4.33,60.7,103.5948,62778.98046875,2.348152286694849,0.6296290923001175
2025-07-11,6259.75,25812670000,-0.31213576805608767,16.544,4.43,0.53,320.58,4.1,4.33,60.7,103.5948,62540.23046875,2.348152286694849,0.6412443554063836
2025-07-18,6296.7900390625,25730370000,0.5917175456288115,16.934,4.44,0.56,321.5,4.1,4.33,60.7,104.0071,62947.5390625,2.699577382454521,0.5520565971609671
2025-07-25,6388.64013671875,26068830000,1.458681281834906,15.768,4.4,0.49,321.5,4.1,4.33,60.7,104.0071,63834.25,2.699577382454521,0.44491217484407536
2025-08-01,6238.009765625,26921040000,-2.3577845655760266,16.718,4.23,0.54,321.5,4.2,4.33,61.7,104.0071,62243.078125,2.699577382454521,0.4349876538674077
2025-08-08,6389.4501953125,25844550000,2.4277042739179855,16.772,4.27,0.51,321.5,4.2,4.33,61.7,104.0071,63684.83984375,2.699577382454521,0.6126076339532956
2025-08-15,6449.7998046875,24020760000,0.9445195991867106,15.078,4.33,0.58,322.132,4.2,4.33,61.7,103.9867,64366.46875,2.9014627103105317,0.6565623513070299
2025-08-22,6466.91015625,22070540000,0.26528500233549135,15.414000000000001,4.26,0.58,322.132,4.2,4.33,61.7,103.9867,64699.19921875,2.742286323014409,0.6874823133617591
2025-08-29,6460.259765625,21589030000,-0.10283722000641315,14.809999999999999,4.23,0.64,322.132,4.2,4.33,58.2,103.9867,64683.390625,2.742286323014409,0.7362689142159471
2025-09-05,6481.5,18986250000,0.3287829769325956,16.0,4.1,0.59,322.132,4.3,4.33,58.2,103.9867,64961.26171875,2.742286323014409,0.6103282867507543
2025-09-12,6584.2900390625,25330960000,1.5858989286816394,14.994,4.06,0.5,323.364,4.3,4.33,58.2,103.9867,65909.6875,3.1352261636696355,0.5746135112113668
2025-09-19,6664.35986328125,30628230000,1.2160737717160197,15.784,4.14,0.57,323.364,4.3,4.33,58.2,103.9203,66744.640625,2.942496681215201,0.5531726485061416
2025-09-26,6643.7001953125,27713200000,-0.31000228667991125,16.19,4.2,0.57,323.364,4.3,4.33,58.2,103.9203,66455.0703125,2.942496681215201,0.4628869251968366
2025-10-03,6715.7900390625,28583160000,1.0850857448513995,16.394,4.13,0.55,323.364,4.3,4.22,58.2,103.9203,67182.828125,2.942496681215201,0.4046323902310537
2025-10-10,6740.27978515625,5604460000,0.36465919796933033,16.37,4.18,0.58,323.364,4.3,4.22,58.2,103.9203,67430.3203125,2.942496681215201,0.3680492977569614
