Date,SP500_Close,SP500_Volume,SP500_Returns,VIX,Treasury_10Y,Yield_Spread,CPI,Unemployment,Fed_Rate,Consumer_Sentiment,Industrial_Production,Wilshire5000,Inflation_YoY,SP500_Volatility,VIX_lag_1,VIX_lag_2,VIX_lag_3,VIX_MA,VIX_relative,VIX_spike,Volatility_short,Volatility_medium,Volatility_long,MA_short,Price_to_MA_short,MA_medium,Price_to_MA_medium,MA_long,Price_to_MA_long,MA_short_vs_medium,MA_medium_vs_long,RSI,RSI_overbought,RSI_oversold,Momentum_short,Momentum_short_positive,Momentum_medium,Momentum_medium_positive,Momentum_long,Momentum_long_positive,Yield_Spread_MA,Yield_Spread_relative,Yield_Curve_Inversion,Treasury_10Y_change,Treasury_10Y_MA,Treasury_Rising,CPI_YoY,CPI_acceleration,Unemployment_change,Unemployment_Rising,Stock_Bond_Corr,Gold_Price,Gold_Returns,Gold_SPX_Ratio,Gold_SPX_Ratio_Norm,Real_Interest_Rate,Gold_Real_Rate_Signal,Gold_Momentum,Gold_Momentum_Strength,Gold_Vol_Regime,Gold_Trend_Direction,Gold_Trend_Strength,Gold_Safe_Haven,Gold_Returns_lag
2001-02-28,1239.93994140625,21644400000,-9.229073539585965,23.411578947368422,4.92,0.51,175.7,4.2,5.98,94.7,146.997,11425.2900390625,3.903015966883494,0.901215734933728,24.918571428571425,26.5305,26.38285714285714,25.94397619047619,0.9023897792491273,0,2.162553935709435,5.9398552227611505,5.280427098954347,1333.7466634114583,0.929666761628277,1397.4716796875,0.8872737526126634,1417.3575032552083,0.8748251154408906,0,0,48.55378026760427,0,0,0.03463657667616449,1,-0.04434728806893806,0,-0.04530234079512452,0,0.14999999999999994,3.4000000000000012,0,-0.27000000000000046,5.263333333333333,0,0.03903015966883494,0.00526238715698657,0.20000000000000018,1,-0.5650585033008888,266.79998779296875,0.45180032450204965,0.2151717021796907,2.1540936794223207,1.5432227488151629,0,0.0026425527488112,0,0,0,-0.014589149425784856,1,-2.3529389325310235
2001-03-31,1160.3299560546875,27806610000,-6.420471080339151,28.49681818181818,4.93,0.75,176.2,4.2,5.49,91.5,146.001,10645.849609375,3.6470588235294032,1.482123119371835,23.411578947368422,24.918571428571425,26.5305,24.953550125313285,1.1419945474175455,0,8.975116308390943,6.624207080994001,5.0752527345540175,1308.7433268229167,0.8865985654127345,1351.181660970052,0.8587520017268836,1406.8174947102864,0.8247906785475685,0,0,36.30903306983041,0,0,-0.09229073539585964,0,-0.0570440036130474,0,-0.18300307210704558,0,0.3633333333333333,2.064220183486239,0,0.009999999999999787,5.076666666666667,1,0.03647058823529403,-0.002559571433540908,0.0,0,-0.5591018181804881,257.8999938964844,-3.3358299489093635,0.22226435898749589,2.028655403278351,1.0269840331165057,0,-0.012217764664848363,0,0,0,-0.04066958253012625,0,0.45180032450204965
2001-04-30,1249.4599609375,25409990000,7.681436165439459,28.134,5.35,1.05,176.3,4.3,5.31,88.4,146.466,11512.4599609375,2.978971962616828,2.0423481707192037,28.49681818181818,23.411578947368422,24.918571428571425,25.608989519252674,1.0985985987010163,0,1.9859818445906408,6.666954256861966,5.183666138829606,1255.4266357421875,0.9952472931234567,1305.1516520182292,0.95732933334252,1378.6299947102864,0.9063055103483869,0,0,36.101252239713844,0,0,-0.06420471080339152,0,-0.12114859703465342,0,-0.19225766046419535,0,0.61,1.7213114754098362,0,0.41999999999999993,5.013333333333333,1,0.029789719626168276,-0.006680868609125756,0.09999999999999964,1,-0.2730438338821915,264.0,2.3652602744783424,0.21129128443772974,0.485768567740666,1.7029411764705964,0,-0.05183825773351336,0,0,0,-0.008326543476248052,0,-3.3358299489093635
2001-05-31,1255.8199462890625,24525900000,0.5090187401275648,22.944090909090907,5.43,1.21,176.8,4.5,4.8,92.0,144.866,11610.2197265625,3.2710280373831946,1.2825532602834595,28.134,28.49681818181818,23.411578947368422,26.680799043062198,0.8599476676864014,0,9.971554241153768,9.06198446098121,6.888367300080017,1216.5766194661458,1.032257176568244,1275.161641438802,0.9848319659867468,1361.7158203125,0.9222334994983494,0,0,43.526387415042606,0,0,0.07681436165439459,1,-0.08532151887241457,0,-0.1258850289654383,0,0.7699999999999999,1.5714285714285716,0,0.08000000000000007,5.066666666666666,1,0.032710280373831946,0.0029205607476636697,0.20000000000000018,1,-0.025655947751234053,265.29998779296875,0.49241961854877836,0.21125638956199733,0.22674703776371102,2.451028037383172,0,-0.006024119227211244,0,0,0,-0.0028815254048229206,0,2.3652602744783424
2001-06-30,1224.3800048828125,24748030000,-2.503538942756467,20.94047619047619,5.42,1.17,177.5,4.4,4.21,92.6,143.12,11407.150390625,3.6193812025685945,0.9867802358618236,22.944090909090907,28.134,28.49681818181818,26.524969696969695,0.7894627752531798,0,5.071664998938606,7.051302348543053,6.255795972203578,1221.8699544270833,1.0020542697253785,1265.306640625,0.9676547688693298,1347.984151204427,0.9083044513459791,0,0,34.38963454590382,0,0,0.005090187401275648,1,0.012807075853046967,1,-0.044967494641234174,0,1.0033333333333332,1.1661129568106314,0,-0.009999999999999787,5.236666666666667,0,0.036193812025685945,0.0034835316518539994,-0.09999999999999964,0,-0.014068872962652048,270.6000061035156,1.9977454030954744,0.22100982131721042,1.1678880957532398,2.1489719626168053,0,-0.00562218916278201,1,0,0,0.020105592816043887,0,0.49241961854877836
2001-07-31,1211.22998046875,23793710000,-1.0740149595403703,22.316190476190474,5.07,1.28,177.9,4.5,3.97,92.4,142.501,11208.509765625,3.2501450957632017,1.0829530678326167,20.94047619047619,22.944090909090907,28.134,24.00618903318903,0.9296015475566697,0,2.1301999662829476,5.232156876314518,6.275141485098579,1243.219970703125,0.9742684392237663,1249.3233032226562,0.9695088351784973,1328.7991536458333,0.9115222395690815,0,0,35.05276616308784,0,0,-0.02503538942756467,0,0.0551998580178914,1,-0.07263612437214151,0,1.1433333333333333,1.119533527696793,0,-0.34999999999999964,5.3999999999999995,0,0.032501450957632017,-0.0036923610680539287,0.09999999999999964,1,0.26705766752736526,266.20001220703125,-1.6260139679380448,0.21977660436047905,0.7174961020339174,1.4506187974314058,0,0.04924394147961397,1,0,1,0.0044020196411381435,0,1.9977454030954744
2001-08-31,1133.5799560546875,23359200000,-6.410840688075748,21.86173913043478,4.85,1.21,177.4,4.5,3.77,91.5,142.849,10515.08984375,2.7214823393167498,0.9704729146373114,22.316190476190474,20.94047619047619,22.944090909090907,22.066919191919187,0.9907019163073955,0,1.0108261024009395,1.506930561637228,5.87846534256097,1230.4766438802083,0.9212527207993442,1223.526631673177,0.9264857230810848,1310.4991556803386,0.8649986160931142,1,0,35.9326555716365,0,0,-0.010740149595403703,0,-0.03059720332299809,0,-0.11330812233464638,0,1.22,0.9918032786885246,0,-0.22000000000000064,5.306666666666666,0,0.027214823393167498,-0.005286627564464519,0.0,0,0.543856050822054,274.3999938964844,3.0803836639480497,0.2420649663315381,5.154538710355564,1.599854904236798,0,0.008333379572088129,1,0,1,0.03495095298754392,1,-1.6260139679380448
2001-09-30,1040.93994140625,25025290000,-8.172340570563886,35.065333333333335,4.6,1.74,177.5,4.9,3.65,81.8,141.499,9562.9501953125,2.8389339513325678,1.4763826606974062,21.86173913043478,22.316190476190474,20.94047619047619,21.706135265700482,1.615457238430774,1,3.7737056626582106,2.7626151440353883,5.248791447879304,1189.72998046875,0.8749379762592204,1205.7999674479167,0.8632774668334134,1278.4908142089844,0.8141943061595561,0,0,29.626063555498263,0,1,-0.06410840688075747,0,-0.09733878697785714,0,-0.08577833635307908,0,1.22,1.4262295081967213,0,-0.25,5.113333333333333,0,0.027793862188766782,0.0005790387955992848,0.40000000000000036,1,0.5390769885042369,292.3999938964844,6.559766909758169,0.2808999657573604,5.28831302244986,1.8785176606832499,0,0.03430081614107339,1,0,1,0.09759757887769667,1,3.0803836639480497
2001-10-31,1059.780029296875,28972280000,1.8099111333141016,32.61227272727273,4.3,1.86,178.2,4.9,3.07,82.7,140.3,9796.8603515625,2.6497695852534475,1.6419052249781267,35.065333333333335,21.86173913043478,22.316190476190474,26.414420979986193,1.2346389402963842,0,1.2455685119666902,3.696187611870619,5.621442122447593,1128.5832926432292,0.9390357239958677,1185.901631673177,0.8936491872446805,1245.5266418457031,0.8508690169215677,0,0,27.24440143761612,0,1,-0.08172340570563885,0,-0.14982281868783043,0,-0.10289315898934748,0,1.41,1.319148936170213,0,-0.2999999999999998,4.84,0,0.026497695852534475,-0.0012961663362323073,0.0,0,0.49520439636972113,279.5,-4.411762710587208,0.2637339752339341,1.2152945870522491,1.5206137811233216,0,0.0805616677799681,1,0,1,0.02700716900505507,0,6.559766909758169
2001-11-30,1139.449951171875,25338400000,7.51759041240454,26.495,4.78,1.94,177.6,5.4,2.49,83.9,136.891,10531.4501953125,2.127659574468077,1.1811289293278449,32.61227272727273,35.065333333333335,21.86173913043478,29.846448397013617,0.8877103113766476,0,7.058517871323098,5.3280545452736146,3.9246653367524758,1078.0999755859375,1.0569056460209958,1154.288309733073,0.987145015299835,1214.7249755859375,0.9380312202951514,0,0,20.97049174035257,0,1,0.018099111333141016,1,-0.1250381460284391,0,-0.15180953177427436,0,1.6033333333333333,1.20997920997921,0,0.4800000000000004,4.583333333333333,1,0.02127659574468077,-0.0052211001078537045,0.5,1,-0.08247094893356373,273.8999938964844,-2.003580001257832,0.24037913522642226,0.02125953288262899,2.1302304147465527,0,0.04996238611223269,1,0,1,-0.0030332628828511317,0,-4.411762710587208
2001-12-31,1148.0799560546875,25128570000,0.7573834088927756,23.72,5.07,2.0,177.6,5.7,2.09,88.8,137.139,10707.6796875,1.9517795637198576,1.0295205880064604,26.495,32.61227272727273,35.065333333333335,31.39086868686869,0.7556337556826664,0,4.035938723082807,7.94141975219005,5.693730798039572,1080.056640625,1.0629812482707612,1134.893310546875,1.0116192820816419,1200.0999755859375,0.9566535950424866,0,0,31.13138086214329,0,0,0.0751759041240454,1,0.005178280619584585,1,-0.0926645539124139,0,1.8466666666666665,1.0830324909747293,0,0.29000000000000004,4.56,1,0.019517795637198576,-0.0017588001074821946,0.2999999999999998,1,0.12395939069619931,278.70001220703125,1.7524711272395743,0.2427531381740765,-0.07877925318618066,2.942340425531923,0,-0.0018221574749328617,0,1,1,0.009173248788284481,0,-2.003580001257832
2002-01-31,1130.199951171875,29746200000,-1.5573832456979853,22.252857142857145,5.07,1.91,177.3,5.8,1.82,88.8,136.737,10564.6904296875,1.6045845272206316,0.810585704432046,23.72,26.495,32.61227272727273,27.60909090909091,0.8059974598993368,0,4.78018821440797,3.6374399443831176,5.731108123333736,1115.7699788411458,1.0129327483301858,1122.1766357421875,1.007149779432345,1185.7499694824219,0.9531519968456804,0,0,32.16558902664467,0,0,0.0075738340889277556,1,0.10292622118399786,1,-0.06231729407850617,0,1.9333333333333333,0.9879310344827585,0,0.0,4.716666666666668,0,0.016045845272206316,-0.00347195036499226,0.09999999999999964,1,0.08854874458171196,282.1000061035156,1.2199475233458879,0.24960185656618852,0.06292327829169793,3.1182204362801427,0,-0.04685356352744385,0,0,0,0.016515542860353952,0,1.7524711272395743
2002-02-28,1106.72998046875,26047600000,-2.0766211039727644,22.87578947368421,4.88,1.82,177.6,5.6,1.73,93.0,136.518,10332.8896484375,1.776504297994275,1.2312967476376366,22.252857142857145,23.72,26.495,24.15595238095238,0.9470042461137813,0,1.6367871983256528,4.715465517683793,5.736953356074881,1139.2432861328125,0.9714606124435197,1108.671630859375,0.9982486695459863,1166.0991312662761,0.9490873895660511,1,0,36.65352129567738,0,0,-0.015573832456979853,0,0.06644767775226046,1,-0.06689896271021634,0,1.95,0.9333333333333333,0,-0.1900000000000004,4.973333333333334,0,0.01081388730791133,-0.0052319579642949865,-0.20000000000000018,0,-0.12035435292767811,296.70001220703125,5.175471743222215,0.26808708306733087,0.9248807086887737,3.2754154727793683,0,0.00930234741866065,0,0,0,0.05901253613455525,0,1.2199475233458879
2002-03-31,1147.3900146484375,26563200000,3.6738892862074657,18.985,5.42,1.7,178.0,5.5,1.74,95.7,137.634,10775.740234375,1.309049516220839,1.1290814647878136,22.87578947368421,22.252857142857145,23.72,22.949548872180447,0.8272493766974961,0,0.3671566106349895,1.5088259341627777,5.165164424548229,1128.3366292317708,1.01688625975888,1104.1966349283855,1.039117470886744,1154.9983011881511,0.9934127292378812,1,0,34.966981362309255,0,0,-0.020766211039727644,0,-0.028715583926677835,0,-0.02368600065882087,0,1.9100000000000001,0.8900523560209423,0,0.54,5.006666666666667,1,0.010215664018161208,-0.0005982232897501216,-0.09999999999999964,0,-0.6271346212783203,302.6000061035156,1.9885384744667611,0.26372898686610313,0.38586178323714215,4.338611269208867,0,0.08324212785183094,1,0,1,0.06593085017514065,0,5.175471743222215
2002-04-30,1076.9200439453125,28568900000,-6.141762591921907,19.900454545454547,5.11,1.87,178.6,5.7,1.73,93.0,138.845,10241.1796875,1.3045944412932498,0.905280173456294,18.985,22.87578947368421,22.252857142857145,21.37121553884712,0.9311802835585498,0,4.066224892180151,3.1807805646859904,3.564089587160869,1128.1066487630208,0.9546260941961162,1121.9383138020833,0.9598745587854911,1153.9199727376301,0.933270997459522,1,0,34.49943474111731,0,0,0.03673889286207466,1,-0.0006009524011035827,0,0.10226341502313718,1,1.8099999999999998,1.0331491712707184,0,-0.3099999999999996,5.123333333333333,0,0.013045944412932498,0.0028302803947712896,0.20000000000000018,1,-0.7906070767086762,308.8999938964844,2.081952302014689,0.2868365164463136,2.6840524434768724,4.0884335981838795,0,0.08575526677311496,1,0,1,0.08164571366775521,1,1.9885384744667611
2002-05-31,1067.1400146484375,26905500000,-0.9081481352177012,20.087727272727275,5.08,1.86,179.5,6.0,1.75,96.9,139.151,10106.490234375,1.527149321266963,1.373819546261906,19.900454545454547,18.985,22.87578947368421,20.58708133971292,0.9757443000906407,0,6.940714004791756,4.9318821095879235,4.780318931172814,1110.3466796875,0.9610872299350481,1124.7949829101562,0.9487417981608085,1139.5416463216145,0.936464251300612,0,0,37.4522857460167,0,0,-0.061417625919219065,0,-0.04714201869440704,0,0.01617318139105639,1,1.7966666666666666,1.0352504638218925,0,-0.03000000000000025,5.136666666666667,0,0.015271493212669629,0.0022255487997371315,0.2999999999999998,1,-0.5164184497368759,326.5,5.69763886412169,0.30595797694603677,2.6680416903803716,3.7754055587067503,0,0.09500172709366961,1,0,1,0.12398873863036818,0,2.081952302014689
2002-06-30,989.8200073242188,29981510000,-7.24553538081798,25.271,4.86,1.96,179.5,5.8,1.75,92.4,139.334,9384.0302734375,1.1267605633802802,1.2493577747243765,20.087727272727275,19.900454545454547,18.985,19.657727272727275,1.285550442805281,0,3.700724272451502,4.9114290012410216,3.2508136789915465,1097.1500244140625,0.9021738005728398,1112.7433268229167,0.8895312903383872,1123.8183186848958,0.8807651475929995,0,0,41.96319762432741,0,0,-0.009081481352177012,0,-0.03577201893775783,0,-0.06346038845240187,0,1.8099999999999998,1.0828729281767957,0,-0.21999999999999975,5.203333333333333,0,0.011267605633802802,-0.004003887578866827,-0.20000000000000018,0,-0.5264070188914501,313.5,-3.9816232771822335,0.31672425055084996,2.004306640737402,3.3328506787330374,0,0.10043810774154904,1,0,1,0.04761902981297941,0,5.69763886412169
2002-07-31,911.6199951171876,42228720000,-7.900427514940766,34.04954545454546,4.51,2.28,179.7,5.9,1.75,88.1,140.57,8616.9404296875,1.0118043844856484,1.9276348709804656,25.271,20.087727272727275,19.900454545454547,21.753060606060604,1.5652760809694495,1,4.481209496369101,3.3855455432280412,3.9346881268477794,1044.626688639323,0.8726753825374852,1086.3666687011719,0.8391457703752028,1104.2716522216797,0.8255396154407324,0,0,27.14276150005314,0,1,-0.0724553538081798,0,-0.1373290732118655,0,-0.13784749737668112,0,1.8966666666666665,1.2021089630931459,0,-0.35000000000000053,5.016666666666667,0,0.010118043844856484,-0.0011495617889463183,0.10000000000000053,1,-0.36510232257700054,303.20001220703125,-3.285482549591312,0.33259473665675277,1.9527674636465189,3.3832394366197196,0,0.036021129136248664,0,1,1,-0.0060645495040781055,0,-3.9816232771822335
2002-08-31,916.0700073242188,29298400000,0.4881433306494376,33.74272727272727,4.14,2.0,179.9,5.9,1.73,87.6,140.687,8654.0400390625,1.4092446448703555,2.617899810023438,34.04954545454546,25.271,20.087727272727275,26.469424242424243,1.2747813085652857,0,0.4630786689840032,3.8618504142473182,4.4844898332950685,989.5266723632812,0.9257658564537464,1049.9366760253906,0.8725002452453289,1079.3041534423828,0.8487598277116442,0,0,23.10097492159302,0,1,-0.07900427514940755,0,-0.15349333477213933,0,-0.19339936780925138,0,2.033333333333333,0.9836065573770493,0,-0.3700000000000001,4.816666666666667,0,0.014092446448703555,0.0039744026038470714,0.0,0,-0.46349025742968714,312.3999938964844,3.034294630295453,0.34102196491399667,1.6518120399040286,3.1281956155143513,0,-0.018452514736414183,0,1,1,0.012422998088769586,0,-3.285482549591312
2002-09-30,815.280029296875,27723710000,-11.002431825242788,37.6475,3.63,1.91,180.5,5.7,1.74,86.1,140.542,7773.6298828125,1.6901408450704205,1.7924807938728418,33.74272727272727,34.04954545454546,25.271,31.021090909090912,1.213609802128757,0,5.931615329380611,4.665597334944118,4.753799073118663,939.1700032552084,0.8680856782809026,1018.1600138346354,0.8007386051494346,1061.1783243815105,0.7682780646429496,0,0,24.844573573189834,0,1,0.004881433306494154,1,-0.1415653103158987,0,-0.17227325229210666,0,2.08,0.9182692307692307,0,-0.5099999999999998,4.503333333333334,0,0.016901408450704203,0.002808962002000648,-0.20000000000000018,0,-0.1588958003168171,323.8999938964844,3.6811780488736456,0.3972867999426242,3.093397725444344,2.2207553551296444,0,-0.04318531731551489,0,0,0,0.04086549034650928,1,3.034294630295453
2002-10-31,885.760009765625,36656010000,8.644880033371404,35.206818181818186,3.93,2.25,180.8,5.6,1.75,80.6,140.493,8357.3203125,1.4590347923681302,2.318618060047128,37.6475,33.74272727272727,34.04954545454546,35.14659090909091,1.001713602120987,0,8.125063612465068,5.944519450522272,4.3915037136002395,880.9900105794271,1.00541436239789,962.808349609375,0.9199754137206957,1042.3733317057292,0.8497531381738022,0,0,21.73603328077806,0,1,-0.11002431825242787,0,-0.1763350677252704,0,-0.28944820951167305,0,2.063333333333333,1.090468497576737,0,0.30000000000000027,4.093333333333333,1,0.014590347923681302,-0.002311060527022901,-0.10000000000000053,0,-0.6225201224647575,318.0,-1.8215480110104432,0.3590137243655241,0.7588841628663601,2.23985915492958,0,0.03317382423121007,0,0,0,0.010379160223927599,0,3.6811780488736456
2002-11-30,936.3099975585938,28087960000,5.706962070498589,28.01052631578948,4.22,2.14,181.3,5.7,1.75,84.2,139.293,8846.7099609375,2.083333333333348,1.5532552849685517,35.206818181818186,37.6475,33.74272727272727,35.532348484848484,0.7883105820526775,0,13.892747447312969,9.870685000886722,7.186416629302414,872.3700154622396,1.0732945664833224,930.9483439127604,1.0057593460269756,1027.8716634114583,0.9109211109595379,0,0,32.12699516670041,0,0,0.08644880033371405,1,-0.028367066859079082,0,-0.17750624594131414,0,2.0533333333333332,1.0422077922077924,0,0.2899999999999996,3.9,1,0.02083333333333348,0.00624298540965218,0.10000000000000053,1,0.07971573404982904,316.79998779296875,-0.37736232925511537,0.3383494661159416,-0.11440506129104244,2.7609652076318696,0,0.04881262268176623,0,0,1,0.0017390918354743083,0,-1.8215480110104432
2002-12-31,879.8200073242188,25993640000,-6.033257188502883,28.21047619047619,3.83,2.22,181.5,6.0,1.34,86.7,110.796,8343.1904296875,2.195945945945943,1.3715624312164532,28.01052631578948,35.206818181818186,37.6475,33.62161483253589,0.8390577410094145,0,2.0774217141171736,10.597578886938054,8.02740731852593,879.1166788736979,1.0008000399348833,909.1433410644531,0.9677461931295656,1010.9433339436849,0.8702960668349682,0,0,41.96625075205521,0,0,0.05706962070498589,1,0.022094370596734914,1,-0.12259873614892502,0,2.1,1.0571428571428572,0,-0.3899999999999997,3.926666666666667,0,0.02195945945945943,0.001126126126125948,0.2999999999999998,1,-0.018429535256050223,347.6000061035156,9.722228376686349,0.39508081563258085,1.702345661723343,1.746666666666652,0,0.014084487779927324,0,0,1,0.1047780750647072,1,-0.37736232925511537
2003-01-31,855.7000122070312,30749580000,-2.741469268304464,27.424285714285716,4.0,2.28,181.6,6.0,1.24,82.4,110.602,8125.06982421875,2.425267907501394,1.4060650927565397,28.21047619047619,28.01052631578948,35.206818181818186,30.475940229361285,0.899866764007644,0,8.301588650656852,7.766507392968118,7.879383988894306,900.6300048828125,0.9501127072913506,890.8100077311198,0.9605864379392042,988.5883382161459,0.8655776920766591,1,0,36.93745667734041,0,0,-0.06033257188502883,0,0.07916295715351351,1,-0.11113131598275439,0,2.2033333333333336,1.0347957639939485,0,0.16999999999999993,3.9933333333333336,1,0.02425267907501394,0.0022932196155545093,0.0,0,-0.024236535091709803,368.29998779296875,5.955115456266324,0.43040783281403167,2.410041253215854,1.804054054054057,0,0.07317077077378875,1,1,1,0.14979964294481116,0,9.722228376686349
2003-02-28,841.1500244140625,25235300000,-1.700360825687175,32.21842105263158,3.71,2.18,182.2,5.7,1.24,79.9,111.129,7972.60009765625,2.5900900900900803,1.3074090707770116,27.424285714285716,28.21047619047619,28.01052631578948,27.88176274018379,1.1555374512314351,0,2.3276455606002817,6.055914575127669,7.327324071944403,890.6100056966146,0.9444650509581176,881.4900105794271,0.9542365929491952,965.7133433024088,0.8710141888871676,1,0,27.597155425646704,0,1,-0.02741469268304464,0,-0.033936954962041854,0,-0.06134132995071917,0,2.2133333333333334,0.9849397590361446,0,-0.29000000000000004,4.016666666666667,0,0.025900900900900803,0.0016482218258868642,-0.2999999999999998,0,-0.014628074767882436,350.20001220703125,-4.914465431943482,0.4163347821941483,1.0781619186635043,1.284732092498606,0,0.15817606224204006,1,1,1,0.05747363136070548,0,5.955115456266324
2003-03-31,848.1799926757812,30080030000,0.8357567684332823,30.63428571428572,3.83,2.32,183.3,5.8,1.26,77.6,111.108,8051.85986328125,2.977528089887649,1.4993858009497274,32.21842105263158,27.424285714285716,28.21047619047619,29.284394319131163,1.0460959301546042,0,0.7361748397253157,2.2617753127338722,7.3034430300132485,858.8900146484375,0.987530391796393,869.0033467610677,0.9760376595062621,943.5816802978516,0.8988940866338612,0,0,25.99146208622399,0,1,-0.01700360825687175,0,-0.10163297774525382,0,-0.08178412382367228,0,2.2266666666666666,1.0419161676646707,0,0.1200000000000001,3.846666666666667,1,0.02977528089887649,0.0038743799979756854,0.09999999999999964,1,-0.35530229956406606,335.8999938964844,-4.0833860114467875,0.39602442500065305,0.19038497072950164,1.2399099099099198,0,0.10542937405631991,1,1,1,-0.0046424459061304175,0,-4.914465431943482
2003-04-30,916.9199829101562,29669610000,8.10441071800323,23.99190476190476,3.89,2.38,183.9,5.8,1.25,86.0,110.14,8701.9697265625,2.9675251959686566,1.4847635436583375,30.63428571428572,32.21842105263158,27.424285714285716,30.09233082706767,0.797276385793431,0,1.7933059486891179,1.8399431765868155,5.497410935764927,848.3433430989584,1.0808359497001423,874.4866739908854,1.0485236770111297,918.6475118001302,0.9981194866716736,0,0,27.55904318668128,0,1,0.008357567684332823,1,-0.035961917647978625,0,0.04035418775960986,1,2.26,1.0530973451327434,0,0.06000000000000005,3.846666666666667,1,0.029675251959686566,-0.00010002893918992228,0.0,0,0.1669057286907644,339.1000061035156,0.9526681349144139,0.36982508007652626,-0.5587759112848952,0.9124719101123513,0,-0.03365941312310272,0,1,1,-0.001080101720865928,0,-4.0833860114467875
2003-05-31,963.5900268554688,30952100000,5.0898709609522585,20.23952380952381,3.37,2.04,183.3,6.0,1.26,92.1,109.656,9218.8896484375,2.116991643454047,1.0648436068441325,23.99190476190476,30.63428571428572,32.21842105263158,28.948203842940686,0.6991633719084587,0,5.1397144978393055,5.089184081850558,5.345193393484808,868.75,1.1091683762365108,879.6800028483073,1.09538698587608,905.3141733805338,1.0643708617278431,0,0,35.91140437771868,0,0,0.0810441071800323,1,0.0715437300803885,1,0.035178798772792064,1,2.2933333333333334,0.8895348837209303,0,-0.52,3.8100000000000005,0,0.02116991643454047,-0.008505335525146096,0.20000000000000018,1,0.012654632985604056,364.5,7.490413871809443,0.3782729063619421,-0.38535180654748713,0.4024748040313435,0,-0.07928314596053476,0,0,0,0.06273385805258398,0,0.9526681349144139
2003-06-30,974.5,31219400000,1.1322214676852127,20.362380952380956,3.54,2.22,183.3,6.1,1.26,89.7,109.583,9342.419921875,2.116991643454047,1.0080224805318398,20.23952380952381,23.99190476190476,30.63428571428572,24.955238095238098,0.8159561882227226,0,2.1316015043672274,3.6519005953163264,5.234262932249898,909.5633341471354,1.0713932316915054,884.2266743977865,1.1020929680318627,896.6850077311198,1.0867807441832615,1,0,36.478135458649625,0,0,0.050898709609522585,1,0.14556262127757402,1,0.029135680883475512,1,2.2466666666666666,0.9881305637982197,0,0.16999999999999993,3.696666666666667,1,0.02116991643454047,0.0,0.09999999999999964,1,0.4530077965848839,346.0,-5.075445816186552,0.3550538737814264,-1.8751129382206184,1.423008356545953,0,0.04083377297118673,0,0,0,-0.014057753617835251,0,7.490413871809443
2003-07-31,990.3099975585938,31553200000,1.6223701958536507,19.161363636363635,4.49,2.69,183.6,6.4,1.22,89.7,109.678,9555.1904296875,2.17028380634392,1.0232690679709509,20.362380952380956,20.23952380952381,23.99190476190476,21.531269841269843,0.889931888719182,0,2.7984807942486554,3.4967094627341497,4.118760794419373,951.6700032552084,1.0406023034993395,900.0066731770834,1.100336283133028,895.4083404541016,1.1059870148812365,1,1,41.74138407916223,0,0,0.011322214676852127,1,0.14893066143391676,1,0.10761291160419262,1,2.2133333333333334,1.2153614457831325,0,0.9500000000000002,3.6,1,0.0217028380634392,0.0005329216288987304,0.3000000000000007,1,0.2303948686543374,354.0,2.3121387283236983,0.35746382534026155,-1.1674555622735006,2.373008356545953,0,0.030068491476746395,0,1,0,0.009505703422053178,0,-5.075445816186552
2003-08-31,1008.010009765625,24881470000,1.7873203593487874,19.274285714285718,4.45,2.5,183.9,6.2,1.01,89.3,110.037,9770.5595703125,2.2234574763757564,0.8342718796011483,19.161363636363635,20.362380952380956,20.23952380952381,19.921089466089466,0.9675317078965603,0,0.3465874894780314,2.157421178291375,3.497697995103372,976.1333414713541,1.0326560593107312,922.4416707356771,1.0927628724336622,901.9658406575521,1.1175700501371144,1,1,43.86449454752473,0,0,0.016223701958536507,1,0.08003971558729628,1,0.15730978547537333,1,2.3166666666666664,1.0791366906474822,0,-0.040000000000000036,3.8000000000000003,0,0.022234574763757564,0.0005317367003183637,-0.20000000000000018,0,0.12418996804946598,375.70001220703125,6.129946951138776,0.3727145649023726,-0.2581361491547842,2.27971619365608,0,0.04393982196489832,0,1,1,0.07871946215926937,0,2.3121387283236983
2003-09-30,995.969970703125,29940110000,-1.1944364585525724,19.532380952380954,3.96,2.46,184.5,6.1,1.03,87.7,110.213,9649.6796875,2.216066481994461,0.7432121085171228,19.274285714285718,19.161363636363635,20.362380952380956,19.599343434343435,0.9965834323896205,0,0.11663737916574998,0.3407366749706868,2.8951355542485344,990.9400024414062,1.0050759564144411,950.2516682942709,1.0481117833667368,909.6275075276693,1.0949206817745991,1,1,51.60550095454648,0,0,0.017873203593487874,1,0.046098425338745086,1,0.19837125424539526,1,2.47,0.9959514170040485,0,-0.4900000000000002,4.16,0,0.02216066481994461,-7.390994381295535e-05,-0.10000000000000053,0,0.08542697530175611,385.3999938964844,2.581842260922773,0.38695945182403796,1.0294066106291748,1.7365425236242436,0,0.030727056809413567,0,0,1,0.09322993099178054,0,6.129946951138776
2003-10-31,1050.7099609375,31258000000,5.496148663571665,18.045,4.33,2.48,185.0,6.1,1.01,89.6,110.602,10224.51953125,2.3230088495575174,0.9310598166268148,19.532380952380954,19.274285714285718,19.161363636363635,19.32267676767677,0.9338768234319333,0,2.1084204657872982,1.6759316814757566,3.302075318966792,998.0966593424479,1.0527136335970848,974.8833312988281,1.0777802093894135,924.6850026448568,1.1362896099019415,1,1,58.42943487244622,0,0,-0.011944364585525724,0,0.02203178112172899,1,0.17424365029067213,1,2.5500000000000003,0.972549019607843,0,0.3700000000000001,4.3,1,0.023230088495575174,0.0010694236756305653,0.0,0,-0.1840348487905185,384.5,-0.2335220318467668,0.3659430426041915,-0.33654224750396866,2.113933518005539,0,0.11387281472972366,1,0,1,0.06573658566569043,0,2.581842260922773
2003-11-30,1058.199951171875,23300720000,0.7128504071372888,17.39333333333333,4.34,2.28,185.0,6.0,1.01,93.7,111.751,10352.2197265625,2.0408163265306145,0.7004585489763918,18.045,19.532380952380954,19.274285714285718,18.950555555555557,0.9178270938993285,0,4.730958109959887,3.351870383027353,2.5413615062131436,1018.22998046875,1.039254364406678,997.1816609700521,1.0611907464708734,938.4308319091797,1.1276270079692847,1,1,62.22621496965479,0,0,0.05496148663571665,1,0.060990965988235946,1,0.1459123811466252,1,2.48,0.9193548387096774,0,0.009999999999999787,4.246666666666667,1,0.020408163265306145,-0.002821925230269029,-0.09999999999999964,0,-0.2782915230145987,396.79998779296875,3.1989565131258058,0.3749763807431132,0.4527121726644025,2.0169911504424824,0,0.08615819209039555,1,0,1,0.07723628803352059,0,-0.2335220318467668
2003-12-31,1111.9200439453125,27839130000,5.076554077889206,16.826363636363638,4.27,2.43,184.6,5.9,1.0,92.6,112.946,10799.6298828125,1.7079889807162465,0.6945615773116127,17.39333333333333,18.045,19.532380952380954,18.32357142857143,0.9182906128292633,0,3.382302633562556,3.4467766264156334,2.19225793577033,1034.9599609375,1.0743604447635826,1012.9499816894531,1.097704787052557,948.5883280436198,1.1721839823167022,1,1,76.55907793287628,1,0,0.0071285040713728876,1,0.04979111409609893,1,0.09818483139053602,1,2.4066666666666663,1.009695290858726,0,-0.07000000000000028,4.21,0,0.017079889807162463,-0.0033282734581436824,-0.09999999999999964,0,-0.4094372541718998,415.70001220703125,4.763111137978071,0.37385782770139236,0.4204329607140393,2.229183673469385,0,0.05616176444069487,0,0,1,0.1122904388294102,0,3.1989565131258058
2004-01-31,1131.1300048828125,32820000000,1.7276386950755285,16.101,4.16,2.32,185.0,5.7,0.98,103.8,113.187,11029.2001953125,1.8722466960352515,0.5951118277216748,16.826363636363638,17.39333333333333,18.045,17.421565656565658,0.9241993697582526,0,3.085604456677331,2.6488334398521958,2.583093184591008,1073.6099853515625,1.0535762710072174,1035.8533223470051,1.0919789322294515,967.9299977620443,1.168607241740729,1,1,75.66733295133258,1,0,0.05076554077889206,1,0.11641924621515476,1,0.14101595068785278,1,2.396666666666667,0.968011126564673,0,-0.10999999999999943,4.3133333333333335,0,0.018722466960352513,0.0016425771531900502,-0.20000000000000018,0,-0.3819013568360357,402.20001220703125,-3.2475341841646577,0.355573639166879,-1.6671086552994303,2.452011019283754,0,0.07861966473898097,1,0,1,0.043726511341112544,0,4.763111137978071
2004-02-29,1144.93994140625,27985600000,1.220897373761054,15.99842105263158,3.99,2.33,185.8,5.6,1.0,94.4,113.795,11172.8896484375,1.975850713501659,0.6989854049446829,16.101,16.826363636363638,17.39333333333333,16.773565656565655,0.9537877264855334,0,2.3680407768075225,2.2835257547892853,2.5783296502934685,1100.4166666666667,1.0404603784078,1059.3233235677083,1.0808219888430215,990.8824971516927,1.155474987899572,1,1,73.80382095381108,1,0,0.017276386950755285,1,0.07653876610587895,1,0.1421979053744602,1,2.3433333333333333,0.9943100995732576,0,-0.16999999999999993,4.256666666666667,0,0.01975850713501659,0.0010360401746640768,-0.10000000000000053,0,-0.5212305589766005,396.3999938964844,-1.442073131405408,0.3462190282309602,-2.4435219127538916,2.117753303964749,0,0.04603384189084858,0,0,1,0.007668493381326603,0,-3.2475341841646577
2004-03-31,1126.2099609375,33597900000,-1.635891961786684,17.687391304347827,3.86,2.26,186.3,5.6,1.01,95.8,114.59,11039.419921875,1.6366612111292866,0.7650564894888837,15.99842105263158,16.101,16.826363636363638,16.308594896331737,1.0845441570399312,0,0.35832022460906027,2.095157497184932,2.609615071496087,1129.3299967447917,0.997237268277399,1082.1449788411458,1.0407200356310324,1016.1983235677084,1.1082580386312373,1,1,86.16521388865438,1,0,0.01220897373761054,1,0.08196937652313929,1,0.13584183719808784,1,2.36,0.9576271186440678,0,-0.13000000000000034,4.14,0,0.016366612111292866,-0.0033918950237237233,0.0,0,-0.3660278602867239,427.29998779296875,7.795154987957331,0.3794141435556723,0.8303475522195928,1.884149286498341,0,-0.0010080491652965096,0,0,1,0.07677443374960631,0,-1.442073131405408
2004-04-30,1107.300048828125,31611900000,-1.6790751960348185,15.69857142857143,4.53,2.22,187.2,5.7,1.0,94.2,114.523,10793.66015625,1.7944535073409318,0.8381638988897334,17.687391304347827,15.99842105263158,16.101,16.595604118993133,0.9459475723818286,0,2.0200551115872423,1.8134392074213663,2.727132064789572,1134.0933024088542,0.9763747360787517,1103.8516438802083,1.003123975007905,1039.3674875895183,1.0653595211027378,1,1,87.45119426284683,1,0,-0.01635891961786684,0,0.012851568842561667,1,0.13076698501504969,1,2.3033333333333332,0.9638205499276412,0,0.6700000000000004,4.003333333333333,1,0.017944535073409318,0.0015779229621164514,0.10000000000000053,1,0.2592251121047989,387.0,-9.431310307571206,0.34949876540651187,-1.286551462955192,2.8933387888707136,0,0.0279046794450426,0,0,1,-0.041644308122770674,0,7.795154987957331
2004-05-31,1120.6800537109375,29326400000,1.208345009735412,17.705000000000002,4.66,2.12,187.6,5.6,1.0,90.2,115.423,10926.3603515625,2.345881069285305,0.770266747302377,15.69857142857143,17.687391304347827,15.99842105263158,16.46146126185028,1.0755424271496266,0,0.030535157771888685,1.6619742780293634,2.503952028915486,1126.1499837239583,0.9951428050507688,1113.2833251953125,1.0066440665625953,1055.2324930826824,1.0620219345568682,1,1,86.4080471382383,1,0,-0.016790751960348183,0,-0.021067389205325138,0,0.053858904925705886,1,2.27,0.933920704845815,0,0.1299999999999999,4.126666666666667,1,0.02345881069285305,0.0055142756194437315,-0.10000000000000053,0,0.22717212073476786,394.0,1.8087855297157729,0.3515722428496317,-0.806533585642249,2.8655464926590684,0,-0.037792172415964775,0,1,0,-0.025315409438029804,0,-9.431310307571206
2004-06-30,1140.8399658203125,27529500000,1.7988998771432565,15.357142857142858,4.62,1.92,188.8,5.6,1.0,95.6,116.947,11138.91015625,3.000545553737033,0.6719292307399642,17.705000000000002,15.69857142857143,17.687391304347827,17.030320910973085,0.9017529932303181,0,2.0417144076352116,1.654727781569271,2.504564510742549,1118.0633544921875,1.0203714854230868,1123.6966756184895,1.0152561545956227,1068.3233286539714,1.0678789231886456,0,1,86.64014904753394,1,0,0.01208345009735412,1,-0.021188786256784553,0,0.05904375866760403,1,2.2,0.8727272727272726,0,-0.040000000000000036,4.3500000000000005,0,0.03000545553737033,0.00654664484451728,0.0,0,0.4351656099074543,392.6000061035156,-0.355328400122934,0.34413240933509853,-1.1002290697269,2.274118930714695,0,-0.0060544751095811256,0,1,0,-0.02765622443392288,0,1.8087855297157729
2004-07-31,1101.719970703125,29285600000,-3.4290519520026264,15.502380952380951,4.5,1.82,189.4,5.6,1.03,96.7,116.19,10701.650390625,3.159041394335516,0.5627713186749824,15.357142857142858,17.705000000000002,15.69857142857143,16.25357142857143,0.9537830513440269,0,0.41758535140695185,1.8611045602794039,1.6434466258793154,1122.9400227864583,0.9811031295948666,1128.5166625976562,0.9762549435177592,1082.1849924723308,1.0180514222306531,0,1,84.63253053788861,1,0,0.017988998771432563,1,0.012990477255798716,1,0.026008994111111017,1,2.0866666666666664,0.8722044728434506,0,-0.1200000000000001,4.603333333333334,0,0.031590413943355156,0.0015849584059848265,0.0,0,0.5025344653627238,391.0,-0.4075410286911052,0.3548996209540081,0.03861196721011684,1.499454446262967,0,-0.08120754196292101,0,0,0,-0.0222963117316108,0,-0.355328400122934
2004-08-31,1104.239990234375,26586800000,0.228735032336913,16.68409090909091,4.13,1.72,189.3,5.5,1.26,95.9,116.213,10719.150390625,2.9363784665579207,0.7900114225636634,15.502380952380951,15.357142857142858,17.705000000000002,16.188174603174605,1.0306344796787064,0,3.696720190105682,2.863147625720846,2.1159216788527546,1121.0799967447917,0.9849787646204428,1123.614990234375,0.9827565490240046,1091.4691569010417,1.0117005902114475,0,1,71.8747082158867,1,0,-0.034290519520026264,0,-0.005039355078964802,0,-0.02600057822949753,0,1.9533333333333334,0.8805460750853242,0,-0.3700000000000001,4.593333333333334,0,0.029363784665579207,-0.002226629277775949,-0.09999999999999964,0,0.5803912674696735,410.3999938964844,4.961635267643061,0.3716583329040429,1.3478871988120633,0.9709586056644843,0,0.010335917312661591,0,0,0,0.031026242919514172,0,-0.4075410286911052
2004-09-30,1114.5799560546875,26829870000,0.9363875526838816,14.08095238095238,4.14,1.51,189.4,5.4,1.43,95.9,116.62,10895.48046875,2.655826558265595,0.616154187150249,16.68409090909091,15.502380952380951,15.357142857142858,15.847871572871574,0.8885074766163672,0,2.5864459807623983,2.682545544519816,1.9975602602104197,1115.5999755859375,0.9990856762696555,1116.8316650390625,0.997983842100057,1099.4883219401042,1.0137260522130451,0,1,71.10692656236098,1,0,0.0022873503233691306,1,-0.014669720784379114,0,-0.03554767346301679,0,1.82,0.8296703296703296,0,0.009999999999999787,4.416666666666667,1,0.02655826558265595,-0.002805519082923258,-0.09999999999999964,0,0.2939426965837556,418.70001220703125,2.0224216457080058,0.3756572239905663,1.23678501355895,1.203621533442079,0,0.041624349991077114,1,0,0,0.04574786080325701,0,4.961635267643061
2004-10-31,1130.199951171875,30567200000,1.4014243690939845,14.987,4.05,1.49,189.7,5.4,1.61,91.7,116.666,11068.9501953125,2.540540540540537,0.708498796506481,14.08095238095238,16.68409090909091,15.502380952380951,15.422474747474746,0.9717636271347405,0,0.5003858958612042,2.34297673133396,2.002849448624095,1106.8466389973958,1.021098959288193,1114.893330891927,1.0137292240036118,1109.3724873860676,1.0187740943845485,0,1,70.58336964334637,1,0,0.009363875526838816,1,-0.02301813624380078,0,-0.010326675563348098,0,1.6833333333333333,0.8851485148514852,0,-0.08999999999999986,4.256666666666667,0,0.025405405405405368,-0.0011528601772505809,0.0,0,0.21479979519113712,428.5,2.3405749957616573,0.3791364524088852,1.6643699997986003,1.394173441734405,0,0.06647989225103057,1,0,1,0.074069426782304,0,2.0224216457080058
2004-11-30,1173.8199462890625,29067280000,3.859493629597055,13.604500000000002,4.36,1.34,190.9,5.5,1.76,92.8,117.592,11568.5400390625,3.189189189189201,0.7107950432326093,14.987,14.08095238095238,16.68409090909091,15.250681096681097,0.8920585194690522,0,0.3288306863851647,0.5905127165880835,1.927745616739748,1116.3399658203125,1.0514896736018158,1118.709981282552,1.049262066065889,1115.9966532389324,1.0518131419859647,0,1,70.37926965427437,1,0,0.014014243690939843,1,0.025850471286795296,1,0.02068084650405755,1,1.5733333333333333,0.8516949152542374,0,0.3100000000000005,4.1066666666666665,1,0.03189189189189201,0.006486486486486642,0.09999999999999964,1,0.02359738696840053,451.29998779296875,5.3208839656869955,0.3844712208373332,1.4942142566182974,1.8194594594594635,0,0.09590792838874673,1,0,1,0.11194148865978482,0,2.3405749957616573
2004-12-31,1211.9200439453125,31102500000,3.245821284320516,12.459545454545456,4.24,1.16,191.2,5.4,1.93,97.1,116.956,11971.1396484375,3.5752979414951147,0.6083280311416387,13.604500000000002,14.987,14.08095238095238,14.224150793650793,0.8759430095543559,0,1.7381174427279609,1.5707170797087704,2.406235081158608,1139.5332845052083,1.0635231637586917,1127.566630045573,1.0748101368487024,1125.6316528320312,1.076657751135715,1,1,76.83557794002095,1,0,0.03859493629597055,1,0.06301162489136014,1,0.0474175411636546,1,1.4466666666666665,0.8018433179723502,0,-0.1200000000000001,4.183333333333334,0,0.03575297941495115,0.003861087523059137,-0.09999999999999964,0,0.26234714250250435,437.5,-3.057830304949938,0.36099741248255324,-0.47148469474469235,1.0508108108107992,0,0.09965885600573521,1,0,1,0.05315947843530587,0,5.3208839656869955
2005-01-31,1181.27001953125,31498800000,-2.529046744229402,13.438,4.14,0.85,191.1,5.4,2.16,97.1,117.813,11642.5703125,3.297297297297286,0.5812410137514755,12.459545454545456,13.604500000000002,14.987,13.68368181818182,0.9820456349799529,0,0.4339318767718528,1.2793551902999067,2.5917997554221377,1171.97998046875,1.0079267898917388,1139.413309733073,1.036735317588999,1133.9649861653645,1.0417164850264495,1,1,75.61086574819443,1,0,0.03245821284320516,1,0.08733342759471707,1,0.062305038615902975,1,1.33,0.6390977443609022,0,-0.10000000000000053,4.216666666666666,0,0.03297297297297286,-0.002780006441978289,0.0,0,0.41541022748402284,421.79998779296875,-3.588574218749996,0.3570733031558245,-1.25390270001413,0.564702058504885,0,0.04490085322393744,0,0,1,-0.002601114193484552,0,-3.057830304949938
2005-02-28,1203.5999755859375,29297410000,1.8903346132113308,11.708947368421052,4.36,0.77,191.3,5.2,2.28,95.5,117.667,11863.48046875,2.960172228202373,0.6140014269475442,13.438,12.459545454545456,13.604500000000002,13.167348484848487,0.8892410937474922,0,4.083448343445049,3.524654654537929,2.289845175194343,1189.0033365885417,1.0122763650430755,1152.671651204427,1.0441828549598626,1138.1433207194011,1.057511785796153,1,1,68.21156404240762,0,0,-0.025290467442294018,0,0.04518675505729908,1,0.07220532525824663,1,1.1166666666666667,0.6895522388059702,0,0.22000000000000064,4.246666666666667,1,0.029601722282023735,-0.0033712506909491236,-0.20000000000000018,0,0.3898840772245261,436.5,3.4850670062718025,0.3626620213144344,-0.8332986232395452,1.0627027027027145,0,-0.015635967811041374,0,0,1,0.01978039820603415,0,-3.588574218749996
2005-03-31,1180.5899658203125,39014150000,-1.911765556028966,13.126363636363635,4.5,0.7,192.0,5.4,2.5,94.1,118.393,11638.26953125,3.059581320450877,0.6566748423914326,11.708947368421052,13.438,12.459545454545456,12.535497607655502,1.04713542670594,0,3.124974526495768,3.019861377757176,2.250408028195727,1198.9300130208333,0.984702987662882,1169.2316487630208,1.009714342807354,1143.0316569010417,1.032858502817934,1,1,64.95595508446158,0,0,0.018903346132113308,1,0.025370185087604025,1,0.0899804265651285,1,0.9266666666666666,0.7553956834532374,0,0.13999999999999968,4.246666666666666,1,0.03059581320450877,0.0009940909224850358,0.20000000000000018,1,0.056942543319317966,428.70001220703125,-1.7869387841852769,0.3631235438369633,-0.6140872528513962,1.5398277717976265,0,-0.032794124071100494,0,0,0,-0.008518642660744164,0,3.4850670062718025
2005-04-30,1156.8499755859375,43424270000,-2.0108582083263493,14.459047619047618,4.21,0.55,193.2,5.2,2.63,87.7,118.527,11363.51953125,3.205128205128216,0.7533233516965515,13.126363636363635,11.708947368421052,13.438,12.75777033492823,1.133352242551477,0,2.688490812420353,2.393321727388435,2.6497730107048496,1188.4866536458333,0.9733807039710154,1180.2333170572917,0.9801875263700769,1147.5633239746094,1.008092496002019,1,1,57.96970545748661,0,0,-0.01911765556028966,0,-0.025851604882288548,0,0.05922411344923395,1,0.7733333333333333,0.7112068965517242,0,-0.29000000000000004,4.333333333333333,0,0.03205128205128216,0.001455468846773389,-0.20000000000000018,0,-0.030034199014453436,435.0,1.4695562429623443,0.3760210996933074,0.7307138796283316,1.150418679549123,0,-0.02011425781249998,0,0,0,0.002188692636696454,0,-1.7869387841852769
2005-05-31,1191.5,39321990000,2.995204663120865,13.967619047619047,4.0,0.4,194.2,5.2,2.79,86.9,118.277,11787.8095703125,3.518123667377404,0.8708379429755382,14.459047619047618,13.126363636363635,11.708947368421052,13.098119541277434,1.0663835372399428,0,0.07006908640585849,2.224301031840977,2.8989739336000824,1180.3466389973958,1.009449225027724,1184.6749877929688,1.0057610840756808,1151.6924845377605,1.0345643615780098,0,1,51.859607070879186,0,0,-0.020108582083263493,0,-0.020672702719572,0,0.023579919983565567,1,0.6733333333333333,0.594059405940594,0,-0.20999999999999996,4.3566666666666665,0,0.03518123667377404,0.0031299546224918817,0.0,0,-0.15768152524478413,416.29998779296875,-4.298853380926726,0.34939151304487515,-1.709833214590435,0.794871794871784,0,0.031294482193086726,0,0,0,-0.0432817762997925,0,1.4695562429623443
2005-06-30,1191.3299560546875,40334040000,-0.0142714179867775,11.868636363636364,3.94,0.28,194.1,5.1,3.0,86.9,118.641,11876.740234375,2.8072033898304927,0.5086319841649056,13.967619047619047,14.459047619047618,13.126363636363635,13.851010101010099,0.8568787602552418,0,3.5398210034465407,2.8620750502110774,2.7093992322348464,1176.3133138020833,1.012765852495597,1187.6216634114583,1.0031224528462854,1157.5941467285156,1.029143037239358,0,1,59.71144697756505,0,0,0.02995204663120865,1,-0.010053153731618303,0,0.015061980985100476,1,0.5499999999999999,0.5090909090909091,0,-0.06000000000000005,4.236666666666667,0,0.028072033898304927,-0.0071092027754691145,-0.10000000000000053,0,-0.677687018425366,435.8999938964844,4.708144770175426,0.36589358949727824,0.4979873749431303,0.42187633262259583,0,-0.046277233005799,0,0,0,0.015373855025082116,0,-4.298853380926726
2005-07-31,1234.1800537109375,37464670000,3.596828690361842,11.049,4.28,0.26,194.1,5.0,3.04,96.5,119.657,12360.8095703125,2.48152059134108,0.5782562604827358,11.868636363636364,13.967619047619047,14.459047619047618,13.431767676767677,0.8226020778419922,0,2.1280209447699585,2.520051936204201,2.2901098904122175,1179.893310546875,1.0460098745189943,1184.1899820963542,1.0422145706097654,1161.8016459147136,1.062298420776671,0,1,63.23680699693834,0,0,-0.00014271417986777557,0,0.009097138333640231,1,-0.016989642174409125,0,0.41,0.6341463414634146,0,0.3400000000000003,4.05,1,0.0248152059134108,-0.0032568279848941284,-0.09999999999999964,0,-0.725146621231956,429.8999938964844,-1.376462510670473,0.3483284246928634,-1.5769413944452646,1.4727966101695076,0,0.016794918321523244,1,1,1,0.002020037963810597,0,4.708144770175426
2005-08-31,1220.3299560546875,42030090000,-1.122210459860007,12.951304347826088,4.02,0.18,195.1,5.0,3.26,89.1,119.444,12217.1298828125,3.063919704173257,0.5440689399443467,11.049,11.868636363636364,13.967619047619047,12.295085137085138,1.053372482046637,0,2.553433374156809,1.9347240003605808,2.438722644940661,1205.6700032552083,1.012159175197109,1193.008321126302,1.022901462164649,1172.8399861653645,1.0404914314395035,1,1,66.36011855117569,0,0,0.03596828690361842,1,0.06684538164582032,1,0.044790804223308056,1,0.31333333333333335,0.5744680851063829,0,-0.2600000000000007,4.073333333333333,0,0.03063919704173257,0.0058239911283217705,0.0,0,-0.7135927960734296,433.79998779296875,0.9071863112013467,0.35547761950828366,-0.5163294013577515,1.5384794086589197,0,-0.011724151962104856,0,1,0,0.007938635736262604,0,-1.376462510670473
2005-09-30,1228.81005859375,44777510000,0.694902431673361,12.628095238095238,4.34,0.16,196.1,4.9,3.5,76.9,119.678,12289.259765625,3.5374868004223847,0.5909768855719096,12.951304347826088,11.049,11.868636363636364,11.956313570487483,1.0561863540670224,0,3.3368645838066895,2.4676879669827367,2.468794900564172,1215.2799886067708,1.0111332944784934,1195.796651204427,1.0276078774397563,1182.5141499837239,1.0391504056088152,1,1,61.67012909182667,0,0,-0.011222104598600069,0,0.02419635422130728,1,0.013899950820957407,1,0.24,0.6666666666666667,0,0.3200000000000003,4.08,1,0.03537486800422385,0.0047356709624912785,-0.09999999999999964,0,-0.6040765993220366,469.0,8.114341447107298,0.38167005284504546,2.057368209380041,1.276080295826743,0,0.042036993786084276,1,0,1,0.0908668113786984,0,0.9071863112013467
2005-10-31,1207.010009765625,47597800000,-1.7740779932313488,14.907,4.57,0.17,198.5,5.1,3.62,74.2,118.016,12063.240234375,4.638903531892469,0.7131949803251022,12.628095238095238,12.951304347826088,11.049,12.209466528640442,1.2209378653057281,0,1.284892847784781,2.3802102768722087,2.2288286440675855,1227.7733561197917,0.9830886162737833,1203.8333333333333,1.0026388008575038,1192.0333251953125,1.0125639814372291,1,1,70.50300320998838,1,0,0.00694902431673361,1,0.03146072366314434,1,0.04084406455202472,1,0.19999999999999998,0.8500000000000001,0,0.23000000000000043,4.213333333333334,1,0.04638903531892469,0.01101416731470084,0.1999999999999993,1,-0.6707397216847345,465.1000061035156,-0.8315552018090311,0.38533235212674655,1.6069791927862949,1.0325131995776156,0,0.0759348625074221,1,1,1,0.06515518746068237,0,8.114341447107298
2005-11-30,1249.47998046875,43329730000,3.5186096519093324,12.1735,4.49,0.07,198.9,5.0,3.78,81.6,107.877,12521.919921875,4.190675746464123,0.7734101723406148,14.907,12.628095238095238,12.951304347826088,13.495466528640442,0.90204365845116,0,1.7458328010669932,1.2794982662618506,2.172837715221326,1218.7166748046875,1.025242376919962,1212.193339029948,1.0307596488433441,1198.4341634114583,1.042593759937538,1,1,65.60855977918285,0,0,-0.01774077993231349,0,-0.02201465164148253,0,0.043359152213563235,1,0.17,0.411764705882353,0,-0.08000000000000007,4.31,0,0.04190675746464123,-0.004482277854283456,-0.09999999999999964,0,-0.26768927586520896,494.6000061035156,6.342721912034177,0.39584468245578724,1.951938815692729,-0.14890353189246852,1,0.08187953641959589,1,1,1,0.11984908331931161,0,-0.8315552018090311
2005-12-31,1248.2900390625,41756130000,-0.0952349317196454,11.26,4.39,-0.02,197.8,5.0,4.0,91.5,108.96,12517.6904296875,3.451882845188292,0.4929110863845936,12.1735,14.907,12.628095238095238,13.236198412698414,0.8506974320661053,0,3.7424953245812507,2.648324291358583,2.2893791210504024,1228.433349609375,1.016164238344261,1221.856669108073,1.021633773111639,1204.7391662597656,1.036149628087499,1,1,68.66660968662893,0,0,0.035186096519093324,1,0.023887002256589795,1,0.04866133484578272,1,0.13333333333333333,-0.15,1,-0.10000000000000053,4.466666666666667,0,0.03451882845188292,-0.00738792901275831,0.0,0,-0.3235442010827461,517.0999755859375,4.549124384303549,0.4142466569502499,2.2792428764692136,0.19932425353587657,0,0.1401568004182696,1,1,1,0.1371916092062305,0,6.342721912034177
2006-01-31,1280.0799560546875,49211650000,2.5466771341108085,12.036,4.53,-0.01,197.7,4.9,4.16,91.5,109.762,12953.6298828125,3.4536891679748827,0.6227545222630763,11.26,12.1735,14.907,12.780166666666666,0.9417717557152359,0,2.55537401123835,2.704654297343585,2.29548651906601,1234.9266764322917,1.0365635308428545,1231.3500162760417,1.0395744013761572,1207.769999186198,1.0598706350689389,1,1,67.02025764544018,0,0,-0.0009523493171964548,0,0.015852718923087927,1,0.04781218059558112,1,0.07333333333333335,-0.13636363636363635,1,0.14000000000000057,4.483333333333333,1,0.03453689167974883,1.8063227865905418e-05,-0.09999999999999964,0,-0.32438445439331626,570.7999877929688,10.384841373504727,0.44590963642007303,2.6584328598060383,1.0781171548117081,0,0.10255858333888601,1,0,1,0.2190069279085074,0,4.549124384303549
2006-02-28,1280.6600341796875,42859940000,0.045315772835619,12.471052631578948,4.55,-0.14,199.0,4.7,4.29,91.2,110.269,12922.26953125,4.0250914793517945,0.6181686309854624,12.036,11.26,12.1735,11.823166666666667,1.054798006589798,0,1.8681139370473068,1.870125880672147,2.068705202389891,1259.2833251953125,1.016975297422492,1239.0,1.033623917820571,1216.0041605631511,1.0531707667731935,1,1,65.85590121305162,0,0,0.025466771341108085,1,0.06053797872252198,1,0.037190604568383634,1,0.013333333333333336,-10.499999999999998,1,0.019999999999999574,4.47,1,0.040250914793517945,0.005714023113769118,-0.20000000000000018,0,-0.18005048386735856,561.5999755859375,-1.611775123297332,0.4385238553537466,1.3613596625121025,1.0963108320251171,0,0.22726291185196823,1,0,1,0.1420823940279052,0,10.384841373504727
2006-03-31,1294.8699951171875,50905040000,1.1095810408889628,11.69391304347826,4.86,0.04,199.1,4.8,4.49,88.9,110.878,13155.4404296875,3.697916666666656,0.5466251528685111,12.471052631578948,12.036,11.26,11.922350877192983,0.9808395310566043,0,1.7687295807557342,1.4863973517542017,1.9207574001054928,1269.6766764322917,1.0198423103712413,1249.0550130208333,1.0366797151596638,1222.4258321126301,1.0592626244484358,1,1,61.55059824894344,0,0,0.0004531577283561905,1,0.024954424399213027,1,0.04943751304773869,1,-0.05666666666666667,-0.7058823529411764,0,0.3100000000000005,4.489999999999999,1,0.03697916666666656,-0.0032717481268513815,0.09999999999999964,1,-0.2747381375026481,581.7999877929688,3.596868426847033,0.449311506164227,1.4295538234079996,0.8349085206482059,0,0.13546293703118018,1,1,1,0.1340393678548595,0,-1.611775123297332
2006-04-30,1310.6099853515625,43308430000,1.215565291784415,11.84736842105263,5.07,0.2,199.8,4.7,4.59,87.4,111.2088,13280.9296875,3.4161490683229934,0.535606327539509,11.69391304347826,12.471052631578948,12.036,12.066988558352401,0.9817999216426077,0,0.7525491880219142,1.2553030445286941,1.9226988758187227,1285.2033284505208,1.019768589404194,1260.0650024414062,1.0401129964027445,1231.9491678873699,1.063850700592692,1,1,70.20487316848008,1,0,0.011095810408889628,1,0.03731501061217335,1,0.05375927391010826,1,-0.036666666666666674,-5.454545454545454,0,0.20999999999999996,4.6466666666666665,1,0.034161490683229934,-0.0028176759834366294,-0.09999999999999964,0,0.20668611642165902,651.7999877929688,12.031626240753578,0.49732566902283115,2.794686013097001,1.372083333333344,0,0.12512089588424025,0,1,1,0.22557192151701239,0,3.596868426847033
2006-05-31,1270.0899658203125,54312830000,-3.0916916538203165,14.454545454545457,5.12,0.08,201.0,4.7,4.79,79.1,112.2624,12841.6904296875,3.501544799176104,0.6334785408974478,11.84736842105263,11.69391304347826,12.471052631578948,12.004111365369946,1.2041329020192735,0,0.07494218250794865,0.6472219040923874,1.413650715841396,1295.3800048828125,0.9804767412132567,1277.3316650390625,0.9943306038541458,1244.7625020345051,1.0203472258719322,1,1,69.48965562626503,0,0,0.01215565291784415,1,0.02385009557603812,1,0.08583191087707243,1,0.03333333333333333,2.4,0,0.04999999999999982,4.826666666666667,1,0.03501544799176104,0.0008539573085311059,0.0,0,-0.40456709419480974,642.5,-1.4268161962474157,0.5058696763933795,1.8923203534120607,1.7038509316770067,0,0.14190609974115653,1,1,1,0.14130920169286226,0,12.031626240753578
2006-06-30,1270.199951171875,54873260000,0.008659650459597,16.918636363636363,5.15,-0.01,201.9,4.6,4.94,84.9,112.0991,12849.2900390625,4.0185471406491535,0.9397946308933504,14.454545454545457,11.84736842105263,11.69391304347826,12.665275639692117,1.335828516089654,0,3.0456905945499786,2.456772520747742,1.9112861993621126,1291.8566487630208,0.9832359901449728,1280.7666625976562,0.9917496982593614,1251.3116658528645,1.0150947887999884,1,1,65.32322853175522,0,0,-0.030916916538203165,0,-0.008253609917752702,0,0.01649485039674703,1,0.10666666666666667,-0.09375,1,0.03000000000000025,5.016666666666667,1,0.040185471406491535,0.005170023414730496,-0.10000000000000053,0,-0.4960788576490095,613.5,-4.513618677042796,0.4829948225348225,0.6863768432472858,1.6484552008238964,0,0.14405275628734948,1,1,1,0.044077629117205,0,-1.4268161962474157
2006-07-31,1276.6600341796875,46348220000,0.5085878803453348,15.326,4.99,0.02,202.3,4.6,4.99,84.7,113.2096,12789.669921875,4.224626481195259,0.9176684211155052,16.918636363636363,14.454545454545457,11.84736842105263,14.406850079744816,1.0637995061493322,0,2.192279431316906,2.221908407670888,1.9075828189479374,1283.63330078125,0.9945675555493002,1284.4183146158855,0.993959693389674,1257.8841654459636,1.014926548286,0,1,71.11505868837652,1,0,8.659650459597046e-05,1,-0.019052139626634768,0,0.017551940193186066,1,0.09000000000000001,0.2222222222222222,0,-0.16000000000000014,5.113333333333333,0,0.042246264811952594,0.002060793405461059,0.0,0,-0.2203938545382029,634.2000122070312,3.3740851193204913,0.4967649924237926,0.9237101180760668,0.9714528593508467,0,0.05448609981461794,0,1,1,0.0505798280962152,0,-4.513618677042796
2006-08-31,1303.8199462890625,50485620000,2.127419311502643,13.351739130434783,4.74,-0.05,203.2,4.8,5.24,84.7,113.5293,13062.5400390625,4.151717068170169,0.6696733630950406,15.326,16.918636363636363,14.454545454545457,15.56639393939394,0.857728461865884,0,0.35350264145895005,1.950389669148123,1.5824779120604993,1272.316650390625,1.0247605781852853,1283.8483276367188,1.0155560576918825,1261.4241638183594,1.0336094580132111,0,1,67.72540062046309,0,0,0.0050858788034533475,1,-0.02590393141462921,0,-0.0026716470786251056,0,0.03,-1.6666666666666667,1,-0.25,5.086666666666667,0,0.04151717068170169,-0.0007290941302509069,0.20000000000000018,1,-0.48341751385426485,625.9000244140625,-1.3087334647132187,0.48005096577598894,0.05672998236514051,0.5153735188047408,0,-0.02700211094745797,0,0,1,0.01899391756689818,0,3.3740851193204913
2006-09-30,1335.8499755859375,49001440000,2.456629796778232,12.1845,4.64,-0.07,203.7,4.7,5.25,85.4,113.7063,13345.9697265625,3.87557368689444,0.4790313661640577,13.351739130434783,15.326,16.918636363636363,15.198791831357047,0.8016755631103403,0,1.1446866825693092,1.1075262178087248,1.814612125001925,1283.5599772135417,1.0407382586717226,1287.7083129882812,1.0373855337517686,1268.3816630045574,1.0531924376938409,0,1,71.04896970560799,1,0,0.02127419311502643,1,0.026557158450555063,1,0.018084356106427446,1,-0.013333333333333334,5.25,1,-0.10000000000000053,4.96,0,0.0387557368689444,-0.0027614338127572857,-0.09999999999999964,0,-0.6163311359280869,598.5999755859375,-4.361726755591999,0.4481041932297648,-1.8515706823031954,0.48828293182983096,0,-0.02583653787694551,0,0,0,-0.042163415253677984,0,-1.3087334647132187
2006-10-31,1377.93994140625,54858450000,3.1508003585395628,11.288571428571428,4.61,-0.1,202.7,4.6,5.25,93.6,113.1336,13829.0703125,2.115869017632233,0.467652931789231,12.1845,13.351739130434783,15.326,13.620746376811596,0.8287777421499795,0,0.23278696657636108,1.0427417428984354,2.006101453824566,1305.4433186848958,1.0555341022346243,1294.538309733073,1.06442577330166,1277.3016560872395,1.0787897556065933,1,1,69.82719054175784,0,0,0.024566297967782313,1,0.051684795258805094,1,0.03164794969632556,1,-0.03333333333333333,3.0,1,-0.02999999999999936,4.79,0,0.021158690176322326,-0.017597046692622076,-0.10000000000000053,0,-0.9087056948392875,604.0999755859375,0.9188105954425207,0.43840805933052945,-2.2741122208640947,0.7344263131055602,0,-0.024286918360330034,0,0,0,-0.03767427226453604,0,-4.361726755591999
2006-11-30,1400.6300048828125,55343930000,1.6466656343095964,10.817619047619049,4.46,-0.16,201.7,4.4,5.25,92.1,113.6615,14116.7099609375,1.4077425842131674,0.4697220901841799,11.288571428571428,12.1845,13.351739130434783,12.27493685300207,0.8812769611090419,0,0.49085271152164833,0.5224240104017112,2.2745321483724816,1339.2032877604167,1.045868105076953,1305.7599690755208,1.072655034657296,1291.5458170572917,1.0844601766231279,1,1,77.68681843933732,1,0,0.03150800358539563,1,0.07933193216284828,1,0.05137299181848265,1,-0.07333333333333335,2.1818181818181817,1,-0.15000000000000036,4.663333333333333,0,0.014077425842131674,-0.007081264334190651,-0.1999999999999993,0,-0.7870345959201238,646.9000244140625,7.084928084397246,0.46186360577659274,-0.5047544585914774,2.3441309823677674,0,-0.04746142548364973,0,0,0,0.0437238246813877,0,0.9188105954425207
2006-12-31,1418.300048828125,47578780000,1.2615782814670462,10.9645,4.71,-0.11,201.7,4.5,5.25,91.7,112.3227,14257.5498046875,1.9716885743174872,0.4950153018184525,10.817619047619049,11.288571428571428,12.1845,11.43023015873016,0.9592545248640995,0,1.0635838633212278,0.7528098456154504,1.1939692774085071,1371.4733072916667,1.0341433852831814,1327.5166422526042,1.0683858896273228,1304.1416524251301,1.087535273634356,1,1,78.74781922448335,1,0,0.016466656343095964,1,0.07425109492249393,1,0.1027801514660327,1,-0.11,1.0,1,0.25,4.57,1,0.019716885743174872,0.005639459901043198,0.09999999999999964,1,-0.5739390948299161,635.2000122070312,-1.8086275723406708,0.4478601074094775,-0.900873381116867,3.3022574157868325,0,0.03355168426404709,1,0,0,0.023635598610506015,0,7.084928084397246
2007-01-31,1438.239990234375,56686200000,1.4059043023177953,11.0425,4.83,-0.11,202.8,4.5,5.24,91.7,112.4425,14531.919921875,2.579666160849792,0.416958882961261,10.9645,10.817619047619049,11.288571428571428,11.023563492063493,1.0017178209160895,0,0.27229787854436716,0.9983213906729697,0.9298998931665071,1398.9566650390625,1.0280804446463792,1352.1999918619792,1.0636296397649867,1318.3091532389324,1.090973226348908,1,1,85.84711531133298,1,0,0.012615782814670462,1,0.06172105756563173,1,0.11659589304787343,1,-0.12333333333333334,0.8918918918918919,1,0.1200000000000001,4.593333333333334,1,0.025796661608497917,0.006079775865323045,0.0,0,-0.4373339958332827,652.0,2.6448342994510377,0.453331853117052,-0.396772684453554,2.858311425682513,0,0.06114272989281022,1,0,1,0.04462067732023972,0,-1.8086275723406708
2007-02-28,1406.8199462890625,51844990000,-2.1846175991944383,11.155263157894735,4.56,-0.09,203.153,4.6,5.25,96.9,111.9282,14271.6103515625,2.086934673366825,0.5228579703783001,11.0425,10.9645,10.817619047619049,10.941539682539682,1.0195332175869278,0,0.10205390804582584,0.19454574808846758,0.7171818869705341,1419.0566813151042,0.9913768525336836,1379.1299845377605,1.0200778476733523,1331.4891560872395,1.056576345257811,1,1,84.67559283813324,1,0,0.014059043023177953,1,0.04376101382661579,1,0.12656459176973445,1,-0.12666666666666668,0.7105263157894736,1,-0.27000000000000046,4.666666666666667,0,0.020869346733668248,-0.004927314874829669,0.09999999999999964,1,-0.514730820398227,669.4000244140625,2.668715400929833,0.47582494560147454,1.4405909766374434,1.9803338391502079,0,0.0792915516468986,1,0,1,0.06742502284377824,0,2.6448342994510377
2007-03-31,1420.8599853515625,67622250000,0.9979982939206432,15.162727272727272,4.65,0.07,203.906,4.5,5.26,88.4,113.1433,14409.26953125,2.4138623807132165,1.0239442231653375,11.155263157894735,11.0425,10.9645,11.054087719298245,1.37168508679881,0,2.5388823845581383,2.032606847270326,1.845969715585749,1421.1199951171875,0.9998170388380162,1396.296651204427,1.0175917732997122,1342.0024820963542,1.0587610710913322,1,1,76.21108582864787,1,0,-0.021846175991944383,0,0.004419397974247952,1,0.07899863803522789,1,-0.10333333333333333,-0.6774193548387097,0,0.09000000000000075,4.7,1,0.024138623807132165,0.0032692770734639165,-0.09999999999999964,0,-0.3295982525263373,663.0,-0.9560836839921816,0.4666188131379844,0.9478683730088212,2.5630653266331755,0,0.03478126317954566,0,0,1,0.04513687857757907,0,2.668715400929833
2007-04-30,1482.3699951171875,57032470000,4.3290690426759815,12.933000000000002,4.63,0.03,205.146,4.4,5.26,87.1,112.4866,14952.349609375,2.6756756756756594,0.610377584247338,15.162727272727272,11.155263157894735,11.0425,12.453496810207335,1.0385034980215073,0,2.2504492799337776,1.96584497354334,1.7553451049623412,1421.9733072916667,1.042473854829634,1410.4649861653645,1.0509796483125124,1352.5016479492188,1.096020842092789,1,1,74.72773695332977,1,0,0.009979982939206433,1,0.0018049329727884977,1,0.06363739291033599,1,-0.043333333333333335,-0.6923076923076923,0,-0.020000000000000462,4.680000000000001,0,0.026756756756756594,0.00261813294962443,-0.09999999999999964,0,-0.021053375297623952,680.5,2.639517345399689,0.45906217897118434,0.1291103241201305,2.2161376192867834,0,0.04376572301435644,0,0,1,0.054875203164707356,0,-0.9560836839921816
2007-05-31,1530.6199951171875,64958050000,3.254922870736165,13.297727272727274,4.9,-0.02,205.999,4.5,5.25,87.1,113.0344,15462.16015625,2.4870646766169235,0.5502385972597545,12.933000000000002,15.162727272727272,11.155263157894735,13.083663476874003,1.0163611511585908,0,2.355422715057078,3.2571252643193085,2.074716316001254,1436.6833089192708,1.0653844069982128,1427.8699951171875,1.0719603327693479,1366.8149820963542,1.119844320677256,1,1,79.18341237283094,1,0,0.043290690426759815,1,0.03068333879078211,1,0.07578708663046796,1,0.003333333333333336,-5.999999999999995,1,0.27000000000000046,4.613333333333333,1,0.024870646766169235,-0.001886109990587359,0.09999999999999964,1,-0.0353341625493632,661.0,-2.865540044085235,0.4318511466651737,-2.9293513660845094,2.224324324324341,0,0.043711656441717706,0,0,1,0.004813767081589745,0,2.639517345399689
2007-06-30,1503.3499755859375,65322800000,-1.781632254788501,14.947619047619046,5.03,0.16,207.387,4.5,5.25,85.3,112.6889,15210.650390625,2.717682020802381,0.7661700645914484,13.297727272727274,12.933000000000002,15.162727272727272,13.797818181818181,1.0833320783510536,0,0.7595360421643091,1.7001730734124174,2.2350300391358267,1477.9499918619792,1.0171859561310044,1449.5349934895833,1.0371256867464793,1388.5258178710938,1.0826950109511781,1,1,81.0499593238433,1,0,0.032549228707361655,1,0.08799992433622172,1,0.09280822899781516,1,0.02666666666666667,6.0,0,0.1299999999999999,4.726666666666667,1,0.02717682020802381,0.0023061734418545754,0.0,0,-0.2983177869358304,648.0999755859375,-1.951592195773444,0.43110385878932656,-1.6107686961893937,2.5429353233830767,0,-0.012548586955035135,0,0,1,-0.018303042699046108,0,-2.865540044085235
2007-07-31,1455.27001953125,70337430000,-3.198187836198829,17.273333333333333,4.78,0.22,207.784,4.5,5.25,90.4,113.3704,14682.66015625,2.7108255066732534,0.8609790093318833,14.947619047619046,13.297727272727274,12.933000000000002,13.726115440115441,1.2584283884755132,0,3.56138228307837,3.262446624799025,2.6157725178411537,1505.4466552734375,0.9666699344234991,1463.709981282552,0.9942338565294836,1407.9549865722656,1.0336055011774028,1,1,74.63696610643419,1,0,-0.01781632254788501,0,0.05805638210999686,1,0.05996610296113669,1,0.056666666666666664,3.882352941176471,0,-0.25,4.8533333333333335,0,0.027108255066732534,-6.856514129127689e-05,0.0,0,-0.4139623030778914,666.9000244140625,2.9007945589147877,0.4582654871354214,0.2900026713181975,2.062317979197619,0,-0.02247364165016963,0,0,1,0.006894853166677094,0,-1.951592195773444
2007-08-31,1473.989990234375,91381760000,1.2863572018857905,25.02608695652174,4.54,0.39,208.028,4.6,5.26,83.4,113.8604,14847.7001953125,2.3759842519684997,1.4525942069290263,17.273333333333333,14.947619047619046,13.297727272727274,15.172893217893218,1.6493945220024857,1,1.0016560575429372,3.391561956867663,3.1039209415568125,1496.413330078125,0.985015276599695,1466.548319498698,1.0050742758603555,1422.8391520182292,1.0359498388441102,1,1,73.22181112354443,1,0,-0.03198187836198829,0,-0.018281519239597865,0,0.011840881502745537,1,0.12,3.2500000000000004,0,-0.2400000000000002,4.903333333333333,0,0.023759842519684993,-0.003348412547047541,0.09999999999999964,1,-0.3612037806712374,673.0,0.9146761677354842,0.4565838333087921,0.1519115518862583,1.8291744933267466,0,-0.019985269046197685,0,0,0,0.012309151717370922,0,2.9007945589147877
2007-09-30,1526.75,57809700000,3.579400817860079,22.198947368421056,4.59,0.62,207.738,4.6,5.02,83.4,114.4254,15362.01953125,1.982326951399127,1.246351611391263,25.02608695652174,17.273333333333333,14.947619047619046,19.082346445824708,1.163323778417107,0,3.171052206966134,2.292390790568449,2.8776985996778515,1477.5366617838542,1.033307693466455,1477.7433268229167,1.0331631835431432,1437.0199890136719,1.0624417277924687,0,1,74.41592994903428,1,0,0.012863572018857905,1,-0.0369980825178472,0,0.04774601335621864,1,0.25666666666666665,2.4155844155844157,0,0.04999999999999982,4.783333333333334,1,0.01982326951399127,-0.003936573005693722,0.0,0,-0.5343211701232065,742.7999877929688,10.371469211436658,0.4865236533767603,2.3654814620376046,2.2140157480315006,0,0.018154311649016597,0,0,0,0.11629303112280845,0,0.9146761677354842
2007-10-31,1549.3800048828125,73981930000,1.4822338223554832,19.19090909090909,4.48,0.54,208.292,4.7,4.94,80.9,114.357,15673.3603515625,2.758756783423788,0.849249336675219,22.198947368421056,25.02608695652174,17.273333333333333,21.49945588609204,0.892623013000234,0,1.6214266904119818,3.447339582610464,3.0953135658774555,1485.336669921875,1.0431170496614117,1495.3916625976562,1.0361031451729326,1452.9283243815105,1.0663843349205544,0,1,76.9708564142139,1,0,0.03579400817860079,1,0.01556525412849541,1,0.07452529857981549,1,0.41,1.3170731707317074,0,-0.10999999999999943,4.636666666666667,0,0.02758756783423788,0.00776429832024661,0.10000000000000053,1,-0.7207302852486626,792.0,6.623588181956741,0.5111722092088719,2.7794802385292545,2.4976730486008734,0,0.14611945035395868,1,1,1,0.16690813894960682,0,10.371469211436658
2007-11-30,1481.1400146484375,82054430000,-4.404341737941575,25.307,3.97,0.93,208.903,4.7,4.76,76.1,113.9957,14932.669921875,3.5711452652454234,1.3867016462110215,19.19090909090909,22.198947368421056,25.02608695652174,22.138647805283963,1.1431140791697236,0,1.4829210038019627,1.271123261938057,2.7239242528919956,1516.7066650390625,0.9765500797151775,1506.5599975585938,0.983127135360457,1467.2149963378906,1.0094907824315476,1,1,76.74362953170318,1,0,0.014822338223554832,1,0.06466840111354433,1,0.04520464525479517,1,0.5166666666666667,1.7999999999999998,0,-0.5100000000000002,4.536666666666666,0,0.035711452652454234,0.008123884818216354,0.0,0,-0.490287128414298,782.2000122070312,-1.2373721960819095,0.528106731619626,2.087943049751772,1.2112432165762121,0,0.18758430200366272,1,1,1,0.12175536281263218,0,6.623588181956741
2007-12-31,1468.3599853515625,64821670000,-0.8628508561297932,21.651,4.04,0.99,210.565,4.7,4.49,75.5,113.9019,14819.580078125,4.39514129895886,1.4189850664422692,25.307,19.19090909090909,22.198947368421056,22.232285486443384,0.97385399324789,0,4.162437496653062,4.139042289214543,3.0960716790758225,1519.0900065104167,0.9666049931594317,1498.3133341471355,0.9800086216194406,1473.9241638183594,0.9962249221477024,1,1,64.66657465780095,0,0,-0.04404341737941575,0,0.004850795772992633,1,-0.03232675688714082,0,0.6966666666666668,1.4210526315789471,0,0.06999999999999984,4.346666666666667,1,0.0439514129895886,0.008239960337134367,0.0,0,-0.2631222393711565,834.9000244140625,6.737408768165909,0.568593555220157,2.4524742539547475,0.4688547347545766,0,0.16225856197181465,1,1,1,0.1636237274063589,0,-1.2373721960819095
2008-01-31,1378.550048828125,98475340000,-6.116343227776988,25.816190476190474,3.67,1.5,211.16,5.0,4.24,75.5,113.9673,13896.650390625,4.122287968441807,1.2972322366896556,21.651,25.307,19.19090909090909,22.049636363636363,1.1708215977096932,0,2.5042122180394544,2.9634819509688404,3.0426226497688535,1499.6266682942708,0.9192621590253108,1492.481669108073,0.9236629684383092,1478.0958251953125,0.9326526909349508,1,1,59.701718911960874,0,0,-0.008628508561297932,0,-0.03824464689598006,0,-0.02327468041547509,0,0.82,1.829268292682927,0,-0.3700000000000001,4.163333333333333,0,0.04122287968441807,-0.002728533305170533,0.2999999999999998,1,-0.3542999985465006,922.7000122070312,10.51622771895202,0.6693264513619931,3.866810353115114,-0.7251412989588601,1,0.12399035828574045,0,0,1,0.23251258138405748,1,6.737408768165909
2008-02-29,1330.6300048828125,78536130000,-3.476119273728817,25.456,3.53,1.88,212.516,4.9,3.94,70.8,114.2334,13455.9599609375,4.608841611987025,1.4141969793891016,25.816190476190474,21.651,25.307,24.258063492063496,1.0493830230235992,0,3.7147800809035405,2.6793123765283977,3.7413932484842873,1442.683349609375,0.92232991060935,1479.6950073242188,0.8992596435727891,1473.1216634114583,0.9032723080056652,0,1,47.929175771222575,0,0,-0.06116343227776988,0,-0.11025697731758721,0,-0.052718718638783524,0,1.14,1.6491228070175439,0,-0.14000000000000012,3.893333333333333,0,0.046088416119870246,0.004865536435452178,-0.09999999999999964,0,-0.18975533506436354,972.0999755859375,5.353848783500625,0.7305561816724173,2.5779328750443216,-0.592287968441807,1,0.16502526793817074,1,1,1,0.22853648338640062,0,10.51622771895202
2008-03-31,1322.699951171875,93189170000,-0.5959623397817415,27.103500000000004,3.45,1.83,212.571,4.8,2.98,69.5,111.9137,13332.009765625,4.249507125832497,1.551788779190406,25.456,25.816190476190474,21.651,24.307730158730156,1.1150156688022037,0,1.8669202617586396,2.626757711479594,3.7052590716820744,1392.5133463541667,0.9498651877448249,1455.8016764322917,0.9085715263176459,1466.7725016276042,0.9017758034760952,0,0,42.219141531749834,0,0,-0.03476119273728817,0,-0.10161767846191772,0,-0.09725980929406941,0,1.4566666666666663,1.25629290617849,0,-0.07999999999999963,3.746666666666666,0,0.04249507125832497,-0.003593344861545278,-0.10000000000000053,0,-0.12687757548004738,916.2000122070312,-5.750433575025271,0.6926741105534205,1.1386835671228186,-1.1588416119870244,1,0.24277673282449896,1,0,1,0.0892662650733113,0,5.353848783500625
2008-04-30,1385.5899658203125,85978630000,4.75466976412291,21.562727272727276,3.77,1.48,213.301,5.1,2.61,62.6,112.1281,13991.1201171875,3.9752176498688794,1.5186106293494772,27.103500000000004,25.456,25.816190476190474,26.12523015873016,0.8253602797647219,0,2.0365784988754565,2.761059326908059,2.815862592938118,1343.9600016276042,1.030975597593896,1421.7933349609375,0.9745368273641404,1458.5924987792969,0.9499500148121696,0,0,39.52227069865846,0,0,-0.005959623397817415,0,-0.09919913075322118,0,-0.1336499419211561,0,1.7366666666666666,0.8522072936660269,0,0.31999999999999984,3.5500000000000003,1,0.039752176498688785,-0.002742894759636183,0.2999999999999998,1,-0.13511837140622338,862.7999877929688,-5.8284243290313125,0.622695031774544,0.06438103767216587,-0.47950712583249677,1,0.09737691390059022,0,1,1,-0.008294881239729775,0,-5.750433575025271
2008-05-31,1400.3800048828125,80990480000,1.067418170406853,18.30333333333333,4.06,1.4,213.743,5.0,2.28,59.8,111.1807,14260.759765625,3.759241549716253,0.9246385699489228,21.562727272727276,27.103500000000004,25.456,24.707409090909096,0.7408034272629542,0,3.7834682443054413,4.176730301346539,3.834391901259126,1346.306640625,1.04016422605827,1394.4949951171875,1.0042201727408355,1450.5274963378906,0.9654281000658835,0,0,48.17871612451367,0,0,0.047546697641229096,1,0.005106754737103758,1,-0.10571327792169893,0,1.7299999999999998,0.8092485549132948,0,0.2899999999999996,3.5833333333333335,1,0.037592415497162524,-0.0021597610015262614,-0.09999999999999964,0,0.12972265418886186,887.2999877929688,2.8395920661369756,0.6336137224890043,-0.022237341382644087,0.08478235013112112,0,-0.06491820052195074,0,1,1,0.00621820525656091,0,-5.8284243290313125
2008-06-30,1280.0,96614040000,-8.596238482631446,22.11047619047619,3.99,1.36,215.132,5.5,1.98,56.4,110.9051,13073.5400390625,3.734563882982056,1.1006993891020724,18.30333333333333,21.562727272727276,27.103500000000004,22.32318686868687,0.9904713122072614,0,2.6072806058575573,2.738366999642042,3.7358160483437803,1369.556640625,0.9346090274994902,1381.0349934895833,0.9268411054275394,1439.6741638183594,0.8890900678561423,0,0,48.24531531863196,0,0,0.01067418170406853,1,0.05241877888222035,1,-0.054525574197517135,0,1.57,0.8662420382165605,0,-0.0699999999999994,3.7600000000000002,0,0.03734563882982056,-0.0002467766673419636,0.5,1,-0.21493867209060444,926.2000122070312,4.384089366531008,0.7235937595367432,1.2389569704051189,0.23075845028374786,0,-0.0872338133141658,0,0,0,0.029873994299886446,1,2.8395920661369756
2008-07-31,1267.3800048828125,124980570000,-0.985937118530278,24.321818181818184,3.99,1.47,217.403,5.5,2.0,61.2,111.7251,12946.8896484375,4.62932660840103,1.2855466071433796,22.11047619047619,18.30333333333333,21.562727272727276,20.658845598845602,1.1773077089640123,0,6.833237150421882,6.894790729679254,4.888457551716156,1355.3233235677083,0.9351126648854557,1349.6416625976562,0.9390492602632652,1421.0616658528645,0.8918543335149228,1,0,34.25013837293943,0,0,-0.08596238482631446,0,-0.03228241683538591,0,-0.12827915989992356,0,1.4133333333333333,1.0400943396226414,0,0.0,3.94,0,0.0462932660840103,0.008947627254189738,0.0,0,-0.193920166811733,913.9000244140625,-1.3280055744826935,0.7210939267568496,0.9396447352842475,0.2554361170179442,0,0.010914647311465409,0,0,0,-0.0007107031358353103,0,4.384089366531008
2008-08-31,1282.8299560546875,86266010000,1.2190464669121548,20.695714285714285,3.83,1.47,219.181,5.7,2.01,63.0,111.8419,13124.490234375,5.361297517641872,1.466478765848799,24.321818181818184,22.11047619047619,18.30333333333333,21.57854256854257,0.959087677954892,0,5.381295701429175,5.091155970616383,4.490621735985069,1315.9200032552083,0.9748540586671944,1331.1133219401042,0.9637270808656294,1405.4041646321614,0.9127836592048556,0,0,28.309880971299947,0,1,-0.009859371185302779,0,-0.08531381133921245,0,-0.08064273331230576,0,1.4100000000000001,1.0425531914893615,0,-0.16000000000000014,4.013333333333333,0,0.05361297517641872,0.007319709092408422,0.20000000000000018,1,-0.4971507658297055,829.2999877929688,-9.257034069490722,0.6464613520122814,-0.8561890236462134,-0.7993266084010298,1,0.059225819823904846,0,0,0,-0.09175870644194355,0,-1.3280055744826935
2008-09-30,1166.3599853515625,140007320000,-9.079143354379216,30.23857142857143,3.85,1.85,218.88,6.1,2.0,70.3,110.3034,11875.41015625,5.3634866995927455,2.0252033861214094,20.695714285714285,24.321818181818184,22.11047619047619,22.37600288600289,1.3513839617658836,0,1.559158845671411,5.149732324843808,4.445554356870924,1276.7366536458333,0.9135478189812437,1323.1466471354167,0.8815046978176653,1389.4741617838542,0.8394254585160115,0,0,31.468905921743698,0,0,0.012190464669121548,1,-0.08394153616750755,0,-0.03592287010868567,0,1.4333333333333333,1.2906976744186047,0,0.020000000000000018,3.936666666666667,1,0.053634866995927455,2.1891819508734756e-05,0.39999999999999947,1,-0.07429077144079504,874.2000122070312,5.414207774626378,0.7495113199922845,1.6990613958186287,-1.511297517641872,1,-0.06536684413156213,0,1,1,-0.016961211979271227,1,-9.257034069490722
2008-10-31,968.75,152559660000,-16.942452401777075,61.45863636363636,4.01,2.45,218.813,6.1,1.81,57.6,107.254,9768.6396484375,5.051082134695517,4.058571011682553,30.23857142857143,20.695714285714285,24.321818181818184,25.085367965367965,2.4499794640638375,1,7.281919856581413,5.422401887592549,5.657310155795263,1238.8566487630208,0.7819710222060655,1297.0899861653645,0.7468641422974451,1359.4416605631511,0.712608733499232,0,0,28.22472242570646,0,1,-0.09079143354379215,0,-0.08878126144409182,0,-0.1181976045903681,0,1.5966666666666667,1.5344467640918582,0,0.1599999999999997,3.89,1,0.05051082134695517,-0.0031240456489722845,0.0,0,0.17721299176975233,716.7999877929688,-18.005035714502647,0.7399225680443549,1.0447198013719228,-1.3534866995927457,1,-0.05614338081910597,0,1,0,-0.18756259009003837,0,5.414207774626378
2008-11-30,896.239990234375,110661870000,-7.484904233870971,62.73722222222222,2.93,1.93,216.71,6.5,0.97,55.3,107.2854,8945.2197265625,3.737141161208801,4.639941560932396,61.45863636363636,30.23857142857143,20.695714285714285,37.464307359307355,1.674586470277723,1,5.560199149980553,9.107912164043945,7.238276408295142,1139.3133138020833,0.7866492731867312,1227.6166585286458,0.7300650280426785,1311.0558268229167,0.6836016986448507,0,0,20.007600046261146,0,1,-0.16942452401777075,0,-0.2356278335876264,0,-0.3008393363858768,0,1.9233333333333336,1.0034662045060656,0,-1.0799999999999996,3.8966666666666665,0,0.03737141161208801,-0.013139409734867158,0.40000000000000036,1,-0.15891716459662336,816.2000122070312,13.86719114213657,0.9106935877672535,4.202554072590556,-2.121082134695517,1,-0.21566914471576082,0,1,0,-0.048662497498070854,1,-18.005035714502647
2008-12-31,903.25,112884470000,0.7821576633499472,52.405,2.25,1.49,213.06,6.7,0.39,60.1,106.1173,9087.169921875,1.1849072732885269,4.064564808175328,62.73722222222222,61.45863636363636,30.23857142857143,51.47814333814333,1.0180048580184495,0,6.687496442924813,5.063240808291853,6.475757108875868,1010.4499918619791,0.8939086617592631,1143.5933227539062,0.7898349719504033,1262.3141581217449,0.7155508747077567,0,0,13.428767656742309,0,1,-0.0748490423387097,0,-0.301357139343129,0,-0.36000229429912867,0,2.0766666666666667,0.7174959871589085,0,-0.6800000000000002,3.5966666666666662,0,0.011849072732885269,-0.025522338879202744,0.20000000000000018,1,-0.4368739460761104,883.5999755859375,8.257775345611007,0.9782451985451841,2.629140079423675,-1.4871411612088012,1,-0.015796425634589384,1,1,0,0.04432096585735512,0,13.86719114213657
2009-01-31,825.8800048828125,112090640000,-8.565734305805428,44.683,2.87,1.93,211.49,7.2,0.16,61.2,103.5966,8335.6396484375,0.1562795984088039,2.16264954750064,52.405,62.73722222222222,61.45863636363636,58.86695286195286,0.759050669817831,0,5.845695528013843,8.868965852168145,7.108087539110379,922.7466634114584,0.8950235613201536,1080.8016560872395,0.7641365094430884,1215.221659342448,0.6796126439432401,0,0,11.831146915157959,0,1,0.007821576633499472,1,-0.22558214329708537,0,-0.2943359375,0,1.9566666666666668,0.9863713798977852,0,0.6200000000000001,3.063333333333333,1,0.001562795984088039,-0.01028627674879723,0.5,1,-0.40595414801286217,927.2999877929688,4.945678294983269,1.1228023227472945,2.6315281091634763,1.6850927267114733,0,0.010752646130917753,1,1,0,0.10524432394871126,1,8.257775345611007
2009-02-28,735.0900268554688,124492210000,-10.993119762019942,45.57052631578947,3.02,2.02,212.174,7.6,0.15,56.3,101.337,7473.97021484375,-0.1609290594590473,2.394745702949416,44.683,52.405,62.73722222222222,53.27507407407407,0.8553817541844778,0,6.609957801189041,5.113635209318301,6.83163818568975,875.1233317057291,0.8399844915832408,1007.2183227539062,0.7298219365644656,1169.1658223470051,0.6287303415864787,0,0,11.70488931858418,0,1,-0.08565734305805428,0,-0.14747870463709678,0,-0.3483564505507747,0,1.7833333333333332,1.1327102803738318,0,0.1499999999999999,2.6833333333333336,1,-0.0016092905945904734,-0.0031720865786785124,0.39999999999999947,1,-0.6679507631707765,941.5,1.5313288465395258,1.2807955020523152,2.380134433027259,2.863720401591196,0,0.2936662996439645,1,0,1,0.11919008618020463,1,4.945678294983269
2009-03-31,797.8699951171875,161843640000,8.540446199532292,44.79545454545455,2.71,1.9,213.007,8.1,0.22,57.3,98.7849,8113.14013671875,0.205107940405802,2.829805967687305,45.57052631578947,44.683,52.405,47.55284210526315,0.9420142427301224,0,1.7164207166428829,6.217347275492802,5.740118724645842,821.4066772460938,0.9713458841023584,915.9283345540365,0.8711052655726266,1119.5374908447266,0.7126782279664161,0,0,10.72679727468919,0,1,-0.10993119762019943,0,-0.17980670929084974,0,-0.4269778130873866,0,1.8133333333333335,1.0477941176470587,0,-0.31000000000000005,2.7133333333333334,0,0.0020510794040580205,0.003660369998648494,0.5,1,-0.23914235964605493,922.5999755859375,-2.007437537340684,1.1563287017083907,0.9085689353212623,2.8709290594590473,0,0.1535162777738186,1,0,1,0.0728738428771289,0,1.5313288465395258
2009-04-30,872.8099975585938,138855320000,9.392507914826332,38.063809523809525,3.16,2.25,212.714,8.5,0.18,57.3,97.3755,8962.6103515625,-0.275197959690765,2.427290052427504,44.79545454545455,45.57052631578947,44.683,45.016326953748006,0.845555648352167,0,13.812316952168313,10.64639070928539,9.061799193398583,786.2800089518229,1.1100498392705196,854.5133361816406,1.0214117914867322,1075.8016611735027,0.8113112565809927,0,0,17.972022613951765,0,1,0.08540446199532292,1,-0.11666759466682808,0,-0.3159316119056548,0,1.95,1.153846153846154,0,0.4500000000000002,2.866666666666667,1,-0.00275197959690765,-0.00480305900096567,0.40000000000000036,1,-0.22405963496249873,890.7000122070312,-3.457615892374888,1.020497032227494,-0.05648395833410416,2.954892059594198,0,0.04413762005158284,0,0,1,0.02615209982210849,0,-2.007437537340684
2009-05-31,919.1400146484376,131614940000,5.308144638516654,31.978,3.47,2.55,212.671,8.9,0.15,68.7,97.0723,9408.2900390625,-0.5015368924362495,1.8145165273979167,38.063809523809525,44.79545454545455,45.57052631578947,42.809930128351176,0.7469762250049164,0,0.6024986168741464,11.53155109630373,8.949339815843928,801.92333984375,1.1461694266530846,838.5233357747396,1.0961412466824356,1033.0699971516926,0.8897170735599962,0,0,25.47935717270326,0,1,0.09392507914826331,1,0.056824226762143715,1,-0.09903484122983874,0,2.0566666666666666,1.2398703403565638,0,0.31000000000000005,2.9633333333333334,1,-0.0050153689243624955,-0.0022633893274548456,0.40000000000000036,1,-0.015334013074844471,978.7999877929688,9.891094013531898,1.0649084711727521,-0.09898676416916245,3.745197959690765,0,-0.03946940156124412,0,0,1,0.09121313415693913,0,-3.457615892374888
2009-06-30,919.3200073242188,112653150000,0.019582726560996,29.140454545454546,3.53,2.42,212.876,9.4,0.18,70.8,95.8402,9428.1201171875,-1.0486584980384128,1.4835512983086765,31.978,38.063809523809525,44.79545454545455,38.27908802308803,0.761263030296816,0,2.888080969507933,2.1546773123014904,8.727488389099081,863.2733357747396,1.0649234364445883,842.3400065104169,1.091388275777983,992.9666646321615,0.9258316921089947,1,0,29.239461239778493,0,1,0.05308144638516654,1,0.2503774790419735,1,0.0255512191640479,1,2.233333333333333,1.083582089552239,0,0.05999999999999961,3.1133333333333333,1,-0.010486584980384128,-0.005471216056021633,0.5,1,-0.02601768251998011,927.0999755859375,-5.281979245178192,1.00846274224398,-0.8813592776694318,4.031536892436249,0,0.03961761847367895,0,0,1,0.0032644809721398835,0,9.891094013531898
2009-07-31,987.47998046875,106635790000,7.414172714778422,26.162727272727277,3.52,2.39,214.459,9.5,0.21,66.0,95.3964,10158.3896484375,-1.35416714580755,1.3793562410458426,29.140454545454546,31.978,38.063809523809525,33.060754689754695,0.7913529959688104,0,3.7395779906687694,4.699337489729688,8.732373955261494,903.7566731770834,1.092639213381788,845.0183410644531,1.1685899967861535,962.9099985758463,1.0255163846353688,1,0,24.35907307215774,0,1,0.00019582726560973818,1,0.15221779606988894,1,0.01779131727010097,1,2.4066666666666663,0.9930747922437675,0,-0.009999999999999787,3.3866666666666667,0,-0.0135416714580755,-0.003055086477691371,0.09999999999999964,1,-0.7753039972826287,953.7000122070312,2.8691659283328397,0.9657917437012914,-1.4062542269639513,4.568658498038413,0,0.004877520181096884,0,0,1,0.024015772323398424,0,-5.281979245178192
2009-08-31,1020.6199951171876,116059270000,3.356018886854417,25.337142857142855,3.4,2.43,214.469,9.4,0.16,65.7,95.9709,10512.3095703125,-2.149821380502881,1.0162594275184464,26.162727272727277,29.140454545454546,31.978,29.093727272727275,0.8708799192221109,0,5.228764724762718,3.8097288278046735,7.753606515343398,941.9800008138021,1.0834837196495108,871.951670328776,1.17050064796866,939.5849965413412,1.0862455220912852,1,0,28.552873091240286,0,1,0.07414172714778422,1,0.13138023536727217,1,0.1956700424159894,1,2.453333333333333,0.9904891304347827,0,-0.1200000000000001,3.5066666666666664,0,-0.02149821380502881,-0.00795654234695331,-0.09999999999999964,0,-0.5363400551436246,951.7000122070312,-0.20970954958590138,0.9324724351473802,-1.2887658763199226,4.75416714580755,0,0.07073088485077572,0,0,1,0.017063285567141137,0,2.8691659283328397
2009-09-30,1057.0799560546875,112295490000,3.572334572311964,24.92666666666667,3.31,2.36,215.428,9.7,0.16,73.5,97.4422,10945.1103515625,-1.577119883040934,0.9947232141586126,25.337142857142855,26.162727272727277,29.140454545454546,26.880108225108227,0.9273276155705027,0,2.8695480908232582,3.7031603583212687,3.5369848338367467,975.8066609700521,1.0832883175893075,919.5399983723959,1.1495747416379278,917.7341664632162,1.1518367678610955,1,1,35.18437869023734,0,0,0.03356018886854417,1,0.1104075318792046,1,0.3884285704203396,1,2.4133333333333336,0.9779005524861877,0,-0.08999999999999986,3.483333333333333,0,-0.01577119883040934,0.005727014974619471,0.29999999999999893,1,-0.5154320699809727,1008.0,5.915728388235153,0.9535702519250603,-0.9009961097945938,5.459821380502881,0,-0.02768693903137809,0,0,1,0.07527646877144457,0,-0.20970954958590138
2009-10-31,1036.18994140625,109700560000,-1.9762000526814203,24.31142857142857,3.41,2.51,215.791,9.8,0.15,70.6,98.4622,10655.4697265625,-1.3810879609529536,1.098413414628674,24.92666666666667,25.337142857142855,26.162727272727277,25.475512265512265,0.9543057787434727,0,0.15295828806483835,2.2830945841035897,3.305037512832136,1021.7266438802084,1.0141557407870998,962.7416585286459,1.0762907496802983,908.6274973551432,1.1403902527960237,1,1,38.30626730444073,0,0,0.03572334572311964,1,0.1498498320856021,1,0.3248774393370042,1,2.3933333333333335,1.0487465181058495,0,0.10000000000000009,3.41,1,-0.013810879609529536,0.0019603192208798026,0.10000000000000142,1,0.19897887137581327,1039.699951171875,3.14483642578125,1.0033874192610492,0.2528238283727327,4.9871198830409345,0,0.08726138123661675,1,0,1,0.09250432697570057,0,5.915728388235153
2009-11-30,1095.6300048828125,80694830000,5.736406145372763,23.82842105263158,3.21,2.54,216.385,10.2,0.12,67.4,98.6271,11207.2197265625,-0.1499700059988118,1.3169719907342716,24.31142857142857,24.92666666666667,25.337142857142855,24.858412698412696,0.9585656711763062,0,3.923406458981204,3.142864611032149,3.432102046324318,1037.9632975260417,1.055557559206783,989.9716491699219,1.1067286682416448,914.2474924723307,1.1983954168908713,1,1,36.36805558366764,0,0,-0.019762000526814205,0,0.049327542735983165,1,0.1871884422779979,1,2.433333333333333,1.0438356164383562,0,-0.20000000000000018,3.3733333333333335,0,-0.0014997000599881183,0.012311179549541418,0.3999999999999986,1,-0.005467639240304157,1181.0999755859375,13.600079932165677,1.0780098850179507,1.8885977469189914,4.591087960952954,0,0.09017504232365958,1,0,1,0.209523797122222,0,3.14483642578125
2009-12-31,1115.0999755859375,89515330000,1.777057091933831,21.239545454545453,3.85,2.71,217.25,10.0,0.12,72.5,99.4398,11548.41015625,1.966582183422516,0.8348179845228872,23.82842105263158,24.31142857142857,24.92666666666667,24.355505430242275,0.8720634238274634,0,5.453636143265529,3.978143131000182,3.4948566853014653,1062.9666341145833,1.0490451344362088,1019.3866475423177,1.0938930564515232,930.8633270263672,1.197920192159801,1,1,45.82768126313346,0,0,0.05736406145372763,1,0.07349455245290604,1,0.19201643647500277,1,2.4699999999999998,1.097165991902834,0,0.6400000000000001,3.31,1,0.01966582183422516,0.02116552189421328,-0.1999999999999993,0,0.6678971526754462,1095.199951171875,-7.272883429825483,0.9821540446150526,-0.15650041561053246,3.999970005998812,0,0.24104230370546942,1,0,1,0.08412383258291971,0,13.600079932165677
2010-01-31,1073.8699951171875,90947580000,-3.6974245692262153,20.643157894736845,3.63,2.81,217.541,10.0,0.12,74.4,100.3043,11151.150390625,2.861128185729811,0.7848356097258192,21.239545454545453,23.82842105263158,24.31142857142857,23.126465026201867,0.892620548421409,0,2.799682564771251,3.8567619943599594,3.258722980168319,1082.306640625,0.9922049397175087,1052.0166422526042,1.02077282049245,948.5174916585287,1.1321562380884236,1,1,60.930286793314295,0,0,0.017770570919338313,1,0.05488706809634025,1,0.21296171811984999,1,2.5866666666666664,1.0863402061855671,0,-0.2200000000000002,3.4899999999999998,0,0.02861128185729811,0.008945460023072949,0.0,0,-0.528044421331166,1083.0,-1.113947380916236,1.0085019647856128,0.4414752165787793,1.6634178165774838,0,0.08650788806733622,0,1,1,0.043118133667288144,0,-7.272883429825483
2010-02-28,1104.489990234375,84561340000,2.8513689046546054,22.54,3.61,2.8,217.587,9.7,0.11,73.6,101.0516,11512.259765625,2.551207970816405,1.204651510345545,20.643157894736845,21.239545454545453,23.82842105263158,21.903708133971293,1.0290495044097971,0,3.871043106087683,4.737150274462766,3.601430479370994,1094.8666585286458,1.0087895011056978,1066.4149780273438,1.0357037485327358,969.1833241780599,1.139608949804275,1,1,63.916703582902386,0,0,-0.03697424569226215,0,0.03636404119094272,1,0.0874853327228251,1,2.686666666666667,1.042183622828784,0,-0.020000000000000018,3.563333333333333,0,0.025512079708164048,-0.0030992021491340616,-0.3000000000000007,0,-0.5500619139710592,1118.300048828125,3.2594689591989745,1.0125035615676512,0.3835002774261874,0.7488718142701889,0,0.04164667775478903,0,1,1,0.05521575304672583,0,-1.113947380916236
2010-03-31,1169.4300537109375,103683550000,5.879642554549736,17.767391304347825,3.84,2.82,217.591,9.7,0.13,73.6,100.9862,12222.1904296875,2.152041951672956,0.6612830244219314,22.54,20.643157894736845,21.239545454545453,21.47423444976077,0.8273818256904503,0,4.630696273971353,3.51214064099737,3.5539122125975067,1097.8199869791667,1.0652293341177161,1080.393310546875,1.0824114165599505,999.9666544596354,1.1694690502883591,1,1,65.2039900654159,0,0,0.028513689046546054,1,0.008086658189422335,1,0.08217553596679972,1,2.7733333333333334,1.016826923076923,0,0.22999999999999998,3.6966666666666668,1,0.02152041951672956,-0.003991660191434487,0.0,0,-0.4904479596328646,1113.300048828125,-0.44710719678850985,0.9520022555391869,-1.3137952816140919,1.288792029183595,0,-0.05317071209544122,0,0,1,0.02367712870597554,0,3.2594689591989745
2010-04-30,1186.68994140625,116741910000,1.4759230482012995,17.424285714285716,3.69,2.72,217.729,9.7,0.16,72.2,101.61,12477.2099609375,2.3576257322038163,0.5923606338454985,17.767391304347825,22.54,20.643157894736845,20.316849733028224,0.8576273360903884,0,2.1413128331294438,4.89519070032862,3.9425192905656505,1115.9300130208333,1.0634089302732068,1099.1183268229167,1.0796744194380468,1030.9299926757812,1.1510868340595983,1,1,76.45256567221949,1,0,0.058796425545497355,1,0.04872215883284525,1,0.10628344337884466,1,2.81,0.9679715302491104,0,-0.1499999999999999,3.6933333333333334,0,0.023576257322038163,0.0020558378053086024,0.0,0,-0.6723201926825144,1180.0999755859375,6.0001728040995905,0.994446766935175,-0.27879907343626525,1.5379580483270439,0,0.01652675170126039,0,0,0,0.067867143182608,0,-0.44710719678850985
2010-05-31,1089.4100341796875,127662780000,-8.197584207319053,31.9295,3.31,2.55,217.579,9.9,0.2,73.6,102.2666,11466.1904296875,2.3077899666621216,1.668183030723963,17.424285714285716,17.767391304347825,22.54,19.243892339544512,1.6592017579721996,1,3.1138999253824937,2.252962423613148,3.5168202422537465,1153.5366617838542,0.9444086783466423,1124.20166015625,0.969052148551598,1057.086654663086,1.03057779546645,1,1,89.21228025342144,1,0,0.014759230482012997,1,0.10505922206789187,1,0.1452436411375999,1,2.78,0.9172661870503597,0,-0.3799999999999999,3.7133333333333334,0,0.023077899666621216,-0.0004983576554169478,0.20000000000000107,1,-0.2236805062506675,1212.199951171875,2.7201064528451724,1.1127123058717252,2.571096179792574,0.9523742677961837,0,0.08965833387436528,1,0,1,0.07416920795026584,1,6.0001728040995905
2010-06-30,1030.7099609375,110106750000,-5.388244223983851,29.916363636363634,2.97,2.36,217.224,9.7,0.2,76.0,92.5537,10823.2001953125,2.04250361712921,1.8319334445608697,31.9295,17.424285714285716,17.767391304347825,22.37372567287785,1.337120338103958,0,6.840202578235718,7.201131871892003,5.077534787197154,1148.510009765625,0.8974322837184812,1123.1649983723958,0.9176834769879096,1071.2758229573567,0.9621331302821052,1,1,73.88341856163639,1,0,-0.08197584207319053,0,-0.01365332070731351,0,-0.005677072255601767,0,2.6966666666666668,0.8751545117428924,0,-0.33999999999999986,3.6133333333333333,0,0.0204250361712921,-0.0026528634953291164,-0.20000000000000107,0,0.06262446426862102,1245.5,2.7470755790686807,1.2083903786736805,3.622471165507382,0.6622100333378786,0,0.08396664423125832,0,0,1,0.09863130898135178,1,2.7201064528451724
2010-07-31,1101.5999755859375,94778110000,6.8777849574635175,25.565238095238094,2.94,2.39,216.929,9.5,0.18,67.8,92.5354,11568.3701171875,1.1517352967233885,1.3966367984187047,29.916363636363634,31.9295,17.424285714285716,26.423383116883116,0.9675232721771834,0,1.9865033528748328,4.976376293802346,5.411795399675191,1102.2699788411458,0.9993921604796743,1109.0999959309895,0.9932377419776687,1080.5583190917969,1.0194729484955758,0,1,63.28900741370243,0,0,-0.05388244223983851,0,-0.11862196660094271,0,-0.075679326065893,0,2.5433333333333334,0.9397116644823067,0,-0.03000000000000025,3.3233333333333337,0,0.011517352967233885,-0.008907683204058214,-0.1999999999999993,0,0.1517557398152008,1181.699951171875,-5.122444707195905,1.0727123977497663,0.2600438717110132,0.89749638287079,0,0.1187460211746425,1,0,1,0.019820447922054233,0,2.7470755790686807
2010-08-31,1049.3299560546875,85738250000,-4.744918363260475,24.74590909090909,2.47,2.0,217.597,9.5,0.18,68.9,93.4009,11001.080078125,1.45848584177668,1.144816491436655,25.565238095238094,29.916363636363634,31.9295,29.137033910533912,0.8492940347631851,0,8.673392412433522,8.016801299734627,6.105341358858597,1073.9066569010417,0.977114676877714,1113.721659342448,0.9421833069801498,1090.0683186848958,0.9626276977947981,0,1,64.746386291249,0,0,0.06877784957463517,1,-0.07170362101449956,0,0.025822474410157836,1,2.4333333333333336,0.821917808219178,0,-0.46999999999999975,3.0733333333333337,0,0.0145848584177668,0.0030675054505329147,0.0,0,0.11593328302645037,1248.300048828125,5.635956707132261,1.1896163276625906,1.407941913848347,1.3182647032766117,0,0.0013557966435369107,0,0,1,0.06221728792696016,0,-5.122444707195905
2010-09-30,1141.199951171875,79589450000,8.755110305113556,22.517619047619046,2.53,2.11,218.15,9.6,0.19,68.9,93.2093,12020.580078125,1.263531203000534,1.1366784643505654,24.74590909090909,25.565238095238094,29.916363636363634,26.742503607503608,0.8420161170437643,0,8.21849233380335,6.903580864604033,6.324589709144898,1060.546630859375,1.0760488204532275,1104.5283203125,1.0332011684852043,1092.4608154296875,1.0446140813966105,0,1,59.69138729487704,0,0,-0.04744918363260475,0,-0.03679062691503465,0,-0.04994163339405411,0,2.25,0.9377777777777777,0,0.05999999999999961,2.793333333333333,1,0.012635312030005341,-0.0019495463877614583,0.09999999999999964,1,-0.32060750705646135,1307.800048828125,4.7664822296416,1.145986772506581,0.5606434744530321,1.0715141582233199,0,0.029780646024074597,0,1,1,0.0927017197429417,0,5.635956707132261
2010-10-31,1183.260009765625,87030370000,3.685599403554063,20.444,2.63,2.29,218.372,9.6,0.19,67.7,93.1902,12489.0595703125,1.1960647107618128,0.8331576542755081,22.517619047619046,24.74590909090909,25.565238095238094,24.27625541125541,0.8421397638830811,0,9.545961817620084,7.312801070604637,6.994757931634751,1097.3766276041667,1.0782624488266732,1099.8233032226562,1.0758637376553906,1099.4708150227864,1.0762086574722787,0,1,61.06759059914755,0,0,0.08755110305113556,1,0.10719794551502826,1,-0.024140052198487916,0,2.1666666666666665,1.056923076923077,0,0.10000000000000009,2.6466666666666665,1,0.011960647107618128,-0.0006746649223872137,0.0,0,-0.3445005773168498,1357.0999755859375,3.7696838138206568,1.1469161168175928,0.33160165101286876,1.3664687969994658,0,0.0500201114637695,0,1,1,0.10399152346501207,0,4.7664822296416
2010-11-30,1180.550048828125,83219950000,-0.2290249746576655,20.1685,2.81,2.36,218.879,9.6,0.19,71.6,93.3753,12541.0302734375,1.1525752709291348,0.7768206802170312,20.444,22.517619047619046,24.74590909090909,22.569176046176043,0.8936303194558671,0,3.5846855357918828,6.819388347993856,7.157160479180538,1124.5966389973958,1.0497542033209464,1099.2516479492188,1.0739579522401244,1111.7266540527344,1.0619067596558012,1,0,61.56131916740612,0,0,0.03685599403554063,1,0.07412857297518793,1,-0.0028903351422701062,0,2.1333333333333333,1.10625,0,0.18000000000000016,2.5433333333333334,1,0.011525752709291348,-0.00043489439832677945,0.0,0,-0.33738576164791206,1385.0,2.055856231374298,1.173181942921287,0.5474762338391341,1.6139352892381873,0,0.14843025443144064,1,0,1,0.10028334968916486,0,3.7696838138206568
2010-12-31,1257.6400146484375,80984530000,6.530004034715509,17.56954545454545,3.3,2.69,219.146,9.8,0.19,74.5,93.8961,13360.080078125,0.8727272727272695,0.8187830623467707,20.1685,20.444,22.517619047619046,21.043373015873016,0.8349205919266243,0,2.768057443631719,4.504422114780641,5.929083645534712,1168.336669921875,1.0764363107190105,1114.441650390625,1.1284933708351799,1118.8033243815105,1.1240939200316353,1,0,59.21927720331507,0,0,-0.002290249746576656,0,0.12505131681059023,1,0.08365997355354349,1,2.2533333333333334,1.1937869822485208,0,0.48999999999999977,2.6566666666666667,1,0.008727272727272695,-0.0027984799820186534,0.20000000000000107,1,-0.4795500657657226,1421.0999755859375,2.606496432197658,1.1299735687745223,-0.550543767172754,2.147424729070865,0,0.10950888874850695,1,0,1,0.1037098178177939,0,2.055856231374298
2011-01-31,1286.1199951171875,92164940000,2.2645574359139164,17.3155,3.42,2.84,220.252,9.4,0.18,74.2,94.8756,13617.33984375,1.246201865395502,0.4419886726288221,17.56954545454545,20.1685,20.444,19.39401515151515,0.892826981144605,0,4.7793552467643865,3.393606608457775,5.101424712353556,1207.1500244140625,1.0654185222267267,1152.2633260091145,1.1161684712917905,1130.681660970052,1.1374731186616924,1,1,65.25495547510182,0,0,0.06530004034715509,1,0.1020330077625684,1,0.22016868208446283,1,2.4466666666666668,1.1607629427792914,0,0.1200000000000001,2.9133333333333327,1,0.01246201865395502,0.0037347459266823257,-0.40000000000000036,0,-0.31556928185025684,1333.800048828125,-6.143123514010174,1.0370727878362493,-2.614363926661544,2.5472727272727305,0,0.08663398266373878,0,0,1,0.012884482086919436,0,2.606496432197658
2011-02-28,1327.219970703125,59223660000,3.195656372809341,17.43,3.42,2.73,221.062,9.0,0.17,77.5,95.1452,14072.099609375,1.5970623244955018,0.7269222829216325,17.3155,17.56954545454545,20.1685,18.351181818181818,0.9498025888845405,0,3.01612621480174,3.4180028543748437,4.8270006838828285,1241.4366861979167,1.0691000076435089,1183.0166625976562,1.1218945706046342,1148.369160970052,1.1557433060828575,1,1,63.70688222523678,0,0,0.022645574359139164,1,0.08692931773460044,1,0.16750183698316112,1,2.63,1.038022813688213,0,0.0,3.176666666666667,0,0.015970623244955018,0.0035086045909999974,-0.40000000000000036,0,-0.6438175183016572,1409.300048828125,5.6605186111917005,1.0618436129178468,-1.4080964975333001,2.173798134604498,0,-0.017168909569652446,0,0,1,0.05000561155693329,0,-6.143123514010174
2011-03-31,1325.8299560546875,89507640000,-0.1047312939166489,20.72347826086957,3.47,2.67,222.27,8.9,0.16,67.5,93.0238,14101.1904296875,2.1503646750095307,0.9947313457657624,17.43,17.3155,17.56954545454545,17.438348484848486,1.1883853725526479,0,0.658386372234496,2.242723576665001,3.18268533965197,1290.32666015625,1.027514967329388,1229.3316650390625,1.0784965471564247,1166.9299926757812,1.1361692341239316,1,1,64.80251439331045,0,0,0.03195656372809341,1,0.124238630984423,1,0.26482615219836037,1,2.7533333333333334,0.969733656174334,0,0.050000000000000266,3.3800000000000003,1,0.021503646750095307,0.005533023505140289,-0.09999999999999964,0,0.19844226033912069,1438.9000244140625,2.100331693775992,1.0852824812435533,-0.5675837800436865,1.8729376755044984,0,0.017545161608754523,0,1,1,0.05104637682072628,0,5.6605186111917005
2011-04-30,1363.6099853515625,77364810000,2.8495380666536008,16.244,3.32,2.71,223.49,8.8,0.14,69.8,93.5904,14495.2802734375,2.645949781609236,0.6767910718204411,20.72347826086957,17.43,17.3155,18.489659420289858,0.8785451170709204,0,2.333726499686434,1.7016184975030015,2.5455314152136848,1313.056640625,1.038500505737894,1260.1033325195312,1.0821414007572485,1179.9633178710938,1.1556376072874932,1,1,68.61791694974633,0,0,-0.0010473129391664893,0,0.05422055644858914,1,0.16178585066816709,1,2.7466666666666666,0.9866504854368933,0,-0.15000000000000036,3.436666666666667,0,0.02645949781609236,0.004955851065997052,-0.09999999999999964,0,0.23700724614720547,1556.0,8.13815926048247,1.1410887399734286,0.6711623154725728,1.1696353249904692,0,0.01252554298355113,0,1,1,0.11872692302904574,0,2.100331693775992
2011-05-31,1345.199951171875,81708980000,-1.350095289522324,16.91142857142857,3.05,2.6,224.433,9.0,0.1,74.3,93.097,14287.3095703125,3.150120186231198,0.6494593741167694,16.244,20.72347826086957,17.43,18.132492753623193,0.9326587800813745,0,2.0889838983109126,1.8138386590936815,2.493752596790381,1338.8866373697917,1.004715346038919,1290.1616617838542,1.0426599944939625,1194.7066548665364,1.12596673475645,1,1,68.94650752170755,0,0,0.028495380666536008,1,0.06025098010183294,1,0.1524178744295266,1,2.703333333333333,0.9617755856966709,0,-0.27,3.4033333333333338,0,0.03150120186231198,0.005041704046219619,0.1999999999999993,1,0.49543394805609503,1535.9000244140625,-1.2917722098931606,1.1417633661643078,0.7140986494593977,0.40405021839076394,0,0.16659165020056754,1,0,1,0.07856884179204211,0,8.13815926048247
2011-06-30,1320.6400146484375,86122730000,-1.8257461652479323,19.153181818181817,3.18,2.73,224.804,9.1,0.09,74.3,92.9815,14023.0498046875,3.4894855080469966,0.9198773322844404,16.91142857142857,16.244,20.72347826086957,17.959635610766046,1.0664571505393066,0,2.969589224649244,2.1569870677505927,2.7595505796585753,1344.8799641927083,0.9819761241228534,1317.6033121744792,1.0023047167883532,1216.022481282552,1.086032565167335,1,1,63.79041883249287,0,0,-0.01350095289522324,0,0.013547099098595305,1,0.13946880312883803,1,2.6599999999999997,1.0263157894736843,0,0.13000000000000034,3.28,1,0.034894855080469966,0.003393653218157988,0.09999999999999964,1,0.7362665599508961,1502.300048828125,-2.1876408003024594,1.1375545433764904,0.8524657639254606,0.029879813768802332,0,0.08983181096971449,0,0,1,0.036664768996291855,0,-1.2917722098931606
2011-07-31,1292.280029296875,81102170000,-2.147442530666621,19.2275,2.82,2.46,224.304,9.2,0.09,63.7,93.07,13701.4697265625,3.3997298655320307,0.9612108014392374,19.153181818181817,16.91142857142857,16.244,17.436203463203466,1.10273432175627,0,0.336335959703081,2.5729829229563608,2.2096127159986803,1343.1499837239583,0.9621263782574426,1328.1033121744792,0.9730267347809325,1240.1833190917969,1.0420072657026458,1,1,60.39033186560088,0,0,-0.018257461652479323,0,-0.003914484947748376,0,0.050093825948764215,1,2.68,0.917910447761194,0,-0.3600000000000003,3.183333333333333,0,0.03399729865532031,-0.0008975564251496593,0.09999999999999964,1,0.5061928515190428,1628.300048828125,8.387139446496516,1.260021057289013,3.4799014256248544,-0.6694855080469968,1,0.044061452038601345,0,0,1,0.11321529540619951,0,-2.1876408003024594
2011-08-31,1218.8900146484375,108419170000,-5.679110795232889,35.02913043478261,2.23,2.03,225.425,9.1,0.07,55.8,94.1525,12856.2001953125,3.597476068144334,2.462140041942324,19.2275,19.153181818181817,16.91142857142857,18.43070346320346,1.9005856452911623,1,0.2274736814708755,0.40114314362451486,2.3684250566253917,1319.3733317057292,0.9238401181511047,1329.1299845377605,0.9170585486959262,1256.0733235677083,0.970397182854217,0,1,67.62033627169765,0,0,-0.02147442530666621,0,-0.05230964632185309,0,0.004789626320307772,1,2.5966666666666662,0.7817715019255457,0,-0.5899999999999999,3.016666666666667,0,0.03597476068144334,0.0019774620261230336,-0.09999999999999964,0,0.664645446660745,1828.5,12.295028260667152,1.500135351036895,5.2842781259785925,-1.1697298655320307,1,0.04646532701036321,0,0,1,0.20949868960166101,1,8.387139446496516
2011-09-30,1131.4200439453125,102786820000,-7.176198808089652,36.53,1.92,1.67,226.268,9.1,0.1,59.5,94.0419,11842.080078125,3.721292688517064,2.0397835145908085,35.02913043478261,19.2275,19.153181818181817,24.46993741765481,1.4928522037675496,0,2.49726657877615,2.1379346830561485,2.7851795064900817,1277.27001953125,0.8858111649410956,1311.0749918619792,0.8629712647775227,1270.2033284505208,0.8907393159845476,0,1,65.93773785319098,0,0,-0.05679110795232889,0,-0.09389677453779433,0,-0.08162170434890104,0,2.4066666666666667,0.6939058171745152,0,-0.31000000000000005,2.7433333333333336,0,0.03721292688517064,0.0012381662037272978,0.0,0,0.8045713513740099,1620.4000244140625,-11.380911981730247,1.4321825329907139,1.4468089558613737,-1.6774760681443341,1,0.1905071755549732,1,1,1,0.024499730915096284,0,12.295028260667152
2011-10-31,1253.300048828125,93616870000,10.772303843744147,32.8195,2.17,1.92,226.955,9.1,0.08,60.8,94.1851,13191.0498046875,3.9304489586577054,1.8227152004602645,36.53,35.02913043478261,19.2275,30.262210144927536,1.0845043981528595,0,1.0586010859241273,2.582064514650521,3.53480658191239,1214.1966959635417,1.0322051221145452,1278.67333984375,0.9801565495854277,1269.3883361816406,0.9873259530634182,0,1,52.45659136308309,0,0,-0.07176198808089651,0,-0.14327899246146691,0,-0.14663261394989635,0,2.0533333333333332,0.935064935064935,0,0.25,2.3233333333333337,1,0.03930448958657706,0.002091562701406424,0.0,0,0.19057384572086125,1724.199951171875,6.405821105522791,1.375727985316889,0.6632954435996491,-1.551292688517064,1,0.07861277491008667,0,1,1,0.06966928783231104,0,-11.380911981730247
2011-11-30,1246.9599609375,80904870000,-0.5058715107011391,32.037,2.08,1.83,226.763,9.0,0.07,63.7,94.7136,13101.1298828125,3.601990140671329,1.8075408918901776,32.8195,36.53,35.02913043478261,34.792876811594205,0.9207919245506065,0,12.691507937256418,9.958573053611241,6.331162399882139,1201.203369140625,1.0380922939215618,1260.288350423177,0.9894243333430784,1275.2250061035156,0.9778352486575054,0,0,65.07428237786607,0,0,0.10772303843744147,1,-0.030163725806363284,0,-0.08089551829953612,0,1.873333333333333,0.9768683274021354,0,-0.08999999999999986,2.106666666666667,0,0.036019901406713295,-0.0032845881798637677,-0.09999999999999964,0,0.17550635463946776,1745.5,1.2353583941147939,1.3998043679667818,0.60362586929743,-1.8504489586577062,1,0.058895719135283686,0,1,1,0.06437252490521674,0,6.405821105522791
2011-12-31,1257.5999755859375,74742430000,0.8532763666636134,25.047619047619047,1.89,1.64,226.72,8.6,0.08,69.9,94.8263,13189.599609375,3.456143392989164,1.6340434265331467,32.037,32.8195,36.53,33.7955,0.7411524921252548,0,7.974874272539271,9.072295308821502,6.337454352814355,1210.5600179036458,1.0388580136355006,1243.915018717448,1.0110015207329834,1280.7591654459636,0.9819176075527345,0,0,58.94724427858683,0,0,-0.005058715107011391,0,0.02302910512984946,1,-0.0730300281001296,0,1.8066666666666666,0.9077490774907748,0,-0.19000000000000017,2.0566666666666666,0,0.03456143392989164,-0.0014584674768216566,-0.40000000000000036,0,0.1807742022693389,1565.800048828125,-10.29504160251361,1.2450700375519583,-0.8085721937896014,-1.7119901406713296,1,-0.045392398140552404,0,1,1,-0.06511958917166906,0,1.2353583941147939
2012-01-31,1312.4100341796875,79567560000,4.358306270498535,20.228,1.83,1.61,226.747,8.5,0.07,75.0,95.2915,13839.0703125,2.9488949022029365,0.8881381543900835,25.047619047619047,32.037,32.8195,29.968039682539683,0.674985758637575,0,0.9610626807200087,6.1567257040470285,6.3698532234274206,1252.6199951171875,1.0477319851954834,1233.4083455403645,1.064051527561792,1280.7558288574219,1.024715253765821,1,0,56.642241696175354,0,0,0.008532763666636134,1,0.11152350739750894,1,-0.047734460839641946,0,1.7966666666666666,0.8961038961038962,0,-0.05999999999999983,2.0466666666666664,0,0.029488949022029365,-0.005072484907862274,-0.09999999999999964,0,0.26326220670568345,1737.800048828125,10.984799759632669,1.3241288953679209,-0.4495728237238583,-1.6261433929891638,1,-0.03369536828147168,0,0,0,0.031059975817700706,0,-10.29504160251361
2012-02-29,1365.6800537109375,78385710000,4.058946376811723,18.4205,1.98,1.68,227.505,8.3,0.08,75.3,95.9054,14400.330078125,2.914566954067177,0.5369553610028847,20.228,25.047619047619047,32.037,25.77087301587302,0.7147798209495769,0,2.478430413263348,2.509739132075885,6.6124889168426755,1272.3233235677083,1.073375004933061,1236.7633463541667,1.1042371669056996,1282.9466654459636,1.0644870051836606,1,0,60.77815674049755,0,0,0.043583062704985354,1,0.047163474865282495,1,0.01557712293500746,1,1.6933333333333334,0.9921259842519684,0,0.1499999999999999,1.9333333333333333,1,0.02914566954067177,-0.00034327948135759456,-0.1999999999999993,0,0.1985499554677994,1709.9000244140625,-1.6054795505890729,1.2520502293108715,-1.4451758467567561,-0.9688949022029365,1,0.007887772904184631,0,1,0,0.0036391454848905837,0,10.984799759632669
2012-03-31,1408.469970703125,83899660000,3.133231453144192,16.167272727272728,2.23,1.9,228.433,8.3,0.1,76.2,96.2095,14805.349609375,2.772753857920529,0.6593874725047869,18.4205,20.228,25.047619047619047,21.232039682539682,0.7614564106418847,0,0.21167941084177366,1.9429861548094651,5.975441129463605,1311.8966878255208,1.0736134817427394,1261.2283528645833,1.11674461448961,1286.1516723632812,1.09510410083679,1,0,59.18895146383427,0,0,0.04058946376811723,1,0.09520762213101075,1,0.12042927360007827,1,1.6433333333333333,1.156186612576065,0,0.25,1.9000000000000001,1,0.02772753857920529,-0.0014181309614664794,0.0,0,-0.7818538930863531,1669.300048828125,-2.374406398400397,1.1851868222613156,-1.9641392451700943,-0.684566954067177,1,-0.020395288218812646,0,1,0,-0.008689952476233404,0,-1.6054795505890729
2012-04-30,1397.9100341796875,74761710000,-0.7497452372495994,17.823,1.95,1.68,229.098,8.2,0.13,76.4,96.5685,14689.5400390625,2.509284531746392,0.8284639459276132,16.167272727272728,18.4205,20.228,18.271924242424245,0.9754309268981141,0,0.6545792999710679,0.6386669416271408,3.9155398509541373,1362.1866861979167,1.0262250015682362,1307.403340657552,1.069226298195487,1293.0383402506511,1.081104860284891,1,1,60.15875078372988,0,0,0.03133231453144192,1,0.11996660149972938,1,0.24486920506704735,1,1.7300000000000002,0.9710982658959536,0,-0.28,2.013333333333333,0,0.02509284531746392,-0.002634693261741372,-0.10000000000000142,0,-0.724737138822743,1663.4000244140625,-0.35344301452602256,1.1899192249450932,-1.2849063847384052,-0.8227538579205291,1,0.06610039390244071,1,0,1,-0.016951487172289052,0,-2.374406398400397
2012-05-31,1310.3299560546875,86920490000,-6.265072571454367,21.001818181818184,1.59,1.32,229.177,8.1,0.14,79.3,97.4133,13740.240234375,2.1137711477367427,0.8094605011634592,17.823,16.167272727272728,18.4205,17.470257575757575,1.2021470256375122,0,2.745679148966781,2.551403899071561,2.285589857189058,1390.6866861979167,0.9422179481972884,1331.5050048828125,0.9840969063199363,1295.8966776529949,1.011137676830712,1,1,56.18298438358499,0,0,-0.007497452372495994,0,0.06514732269129686,1,0.11538337167287072,1,1.7533333333333332,0.7528517110266161,0,-0.3599999999999999,2.0533333333333332,0,0.021137711477367427,-0.003955133840096492,-0.09999999999999964,0,0.26773777198606563,1562.5999755859375,-6.059880206123724,1.1925240420289387,-0.8882941300673154,-0.9192845317463918,1,-0.04281276460098715,0,0,0,-0.07095933568552665,0,-0.35344301452602256
2012-06-30,1362.1600341796875,81582440000,3.955498222833631,21.13095238095238,1.67,1.34,228.527,8.2,0.16,73.2,97.2853,14258.26953125,1.6561093218981693,1.1178624652402835,21.001818181818184,17.823,16.167272727272728,18.33069696969697,1.1527631718469078,0,3.899925358479731,4.722719240020389,4.024630025677741,1372.2366536458333,0.9926567917863339,1342.066670735677,1.0149719562240496,1292.9908447265625,1.0534954982359157,1,1,48.82190213964453,0,0,-0.06265072571454366,0,-0.0405293300622267,0,0.050819590926996616,1,1.6333333333333335,0.8204081632653061,0,0.07999999999999985,1.9233333333333331,1,0.016561093218981693,-0.004576618258385734,0.09999999999999964,1,0.04603952791789845,1603.5,2.617434087615811,1.1771744580405714,-1.0056709021689008,-0.44377114773674275,1,-0.08614541594535674,0,0,0,-0.02904490613744429,0,-6.059880206123724
2012-07-31,1379.3199462890625,73103810000,1.259757420478791,17.565238095238094,1.51,1.28,228.618,8.2,0.16,72.3,97.4298,14370.2099609375,1.9232826877808584,1.036425254656472,21.13095238095238,21.001818181818184,17.823,19.985256854256857,0.8789097995253786,0,7.227034916238233,5.115633212404475,4.212590443211663,1356.8000081380208,1.0165978316745048,1359.4933471679688,1.0145838147442174,1296.4508463541667,1.0639199705626614,0,1,49.89209908788393,0,0,0.03955498222833631,1,-0.03287960516497135,0,0.08314254184446335,1,1.4466666666666665,0.8847926267281107,0,-0.15999999999999992,1.7366666666666666,0,0.019232826877808584,0.0026717336588268914,0.0,0,0.1387868269784857,1610.5,0.4365450576863106,1.1676043722364102,-0.912854513863128,-0.14610932189816928,1,-0.039417748100060046,0,0,0,-0.028502500235359468,0,2.617434087615811
2012-08-31,1406.5799560546875,70283810000,1.9763369506085704,15.689565217391303,1.57,1.35,228.723,8.3,0.16,74.3,98.0398,14680.580078125,1.4630143063103065,0.7763816192342444,17.565238095238094,21.13095238095238,21.001818181818184,19.899336219336217,0.7884466619618059,0,1.9061766016664285,5.297014131282352,3.96211244010516,1350.6033121744792,1.0414456586738896,1370.644999186198,1.0262175522398764,1303.7041727701824,1.0789103735596006,0,1,52.54383830161655,0,0,0.012597574204787909,1,-0.013298486623664507,0,0.05098247526825461,1,1.3133333333333335,1.0279187817258884,0,0.06000000000000005,1.5899999999999999,1,0.014630143063103063,-0.004602683814705522,0.10000000000000142,1,0.12455302376123965,1684.5999755859375,4.601054056872855,1.1976567477266402,0.12006162648793829,-0.35328268778085836,1,-0.031802346782276114,0,0,0,0.02937100559335193,0,0.4365450576863106
2012-09-30,1440.6700439453125,69784280000,2.423615361777532,15.284736842105264,1.65,1.42,230.102,8.1,0.13,78.3,96.8202,15044.1396484375,1.6944508282213944,0.6452381194441146,15.689565217391303,17.565238095238094,21.13095238095238,18.128585231193927,0.8431290499053814,0,0.5066982450144357,1.3962798214038026,3.713306632297076,1382.6866455078125,1.0419353138513932,1377.461649576823,1.045887589239169,1319.3450012207031,1.0919585420131621,1,1,56.38161479999464,0,0,0.019763369506085704,1,0.07345478103072756,1,0.029948377903457946,1,1.3233333333333333,1.0730478589420656,0,0.07999999999999985,1.5833333333333333,1,0.016944508282213944,0.002314365219110881,-0.20000000000000107,0,0.05860151768785229,1771.0999755859375,5.134750163457258,1.229358507889658,4.031981885323034,0.18698569368969364,0,0.078075004419639,1,0,1,0.08502229214366325,0,4.601054056872855
2012-10-31,1412.1600341796875,69423600000,-1.9789409716293949,16.3345,1.72,1.42,231.414,7.8,0.14,82.6,97.0328,14773.0595703125,1.9647066599105532,0.6554277583659771,15.284736842105264,15.689565217391303,17.565238095238094,16.179846718244885,1.0095583897949245,0,0.31627359761624907,0.5870987292926593,3.6248867993473453,1408.8566487630208,1.0023447278469155,1382.8283284505208,1.021211386204413,1345.1158345540364,1.0498426959993963,1,1,60.92597030025294,0,0,0.024236153617775313,1,0.05763640673315229,1,0.022861739271667236,1,1.3499999999999999,1.0518518518518518,0,0.07000000000000006,1.5766666666666669,1,0.019647066599105534,0.00270255831689159,-0.2999999999999998,0,0.06369475754703632,1717.5,-3.0263664572749427,1.2162219284145668,1.1251622965308434,0.025549171778605606,0,0.10452134430055349,1,0,1,0.04136140453406276,0,5.134750163457258
2012-11-30,1416.1800537109375,68921770000,0.2846716685042771,16.703,1.62,1.37,231.751,7.9,0.16,82.7,96.5879,14848.0400390625,2.1996533826065034,0.9247459103569976,16.3345,15.284736842105264,15.689565217391303,15.769600686498855,1.0591897874941294,0,3.1130774379078496,2.423041603992169,3.7380945267714933,1419.8033447265625,0.9974480331877773,1385.2033284505208,1.0223625836180072,1358.3541666666667,1.0425705522633855,1,1,65.23754418909758,0,0,-0.01978940971629395,0,0.023808897985545974,1,0.010193789050496394,1,1.3966666666666665,0.9809069212410503,0,-0.09999999999999987,1.6466666666666667,0,0.021996533826065034,0.0023494672269595007,0.10000000000000053,1,-0.7157454285948119,1710.9000244140625,-0.3842780544941804,1.208109110088682,0.4890909547093904,-0.34470665991055327,1,0.0664389941012109,1,0,1,0.0317192528543036,0,-3.0263664572749427
2012-12-31,1426.18994140625,66388180000,0.7068230956284616,17.307,1.78,1.53,231.025,7.7,0.16,72.9,97.509,14995.0703125,1.898817925194085,0.7068604042378379,16.703,16.3345,15.284736842105264,16.10741228070175,1.0744742667781262,0,1.6006158478181556,2.201572338745921,2.027468433879051,1423.0033772786458,1.0022393229548747,1402.8450113932292,1.0166411327148934,1372.4558410644531,1.0391517881552543,1,1,75.85247926264012,1,0,0.0028467166850427716,1,0.006825134692788559,1,0.08078125449788032,1,1.4033333333333333,1.0902612826603326,0,0.15999999999999992,1.6633333333333333,1,0.01898817925194085,-0.0030083545741241835,-0.20000000000000018,0,-0.36311002049452534,1674.800048828125,-2.109999127406681,1.1743176699007853,-1.0647956085844734,-0.4196533826065034,1,0.01561204393284954,0,0,1,-0.004882075116742633,0,-0.3842780544941804
2013-01-31,1498.1099853515625,75848510000,5.0428096466868855,13.505238095238097,2.02,1.75,230.979,7.8,0.16,72.9,98.093,15824.2099609375,1.8663973503508344,0.8266758504255216,17.307,16.703,16.3345,16.781499999999998,0.8047694243803056,0,0.298506136807402,1.4442692868118852,1.5636694704515506,1418.1766764322917,1.0563634349990574,1413.5166625976562,1.059846003228888,1386.5050048828125,1.0804937451186358,1,1,69.6971593425055,0,0,0.007068230956284616,1,-0.010050949972839285,0,0.047006156119623776,1,1.4400000000000002,1.2152777777777777,0,0.24,1.7066666666666668,1,0.018663973503508346,-0.0003242057484325045,0.09999999999999964,1,0.18954122785733374,1660.5999755859375,-0.8478667798059503,1.1084633250049685,-3.7556742731561568,0.12118207480591492,0,-0.05437294793364411,0,0,1,-0.020237198891219315,0,-2.109999127406681
2013-02-28,1514.6800537109375,69273480000,1.1060648765041536,14.072631578947368,1.89,1.64,231.198,7.9,0.14,73.8,98.6212,15993.4501953125,1.6232610272301828,0.5746355611665371,13.505238095238097,17.307,16.703,15.838412698412698,0.8885127472627169,0,3.0660054933871184,2.633719430064813,2.357591925545358,1446.82666015625,1.0468980807606625,1433.3150024414062,1.0567670408325733,1401.980000813802,1.0803863484726721,1,1,74.89344711557658,1,0,0.050428096466868855,1,0.060864171971700465,1,0.08612217881869544,1,1.55,1.058064516129032,0,-0.13000000000000012,1.8066666666666666,0,0.01623261027230183,-0.002431363231206518,0.10000000000000053,1,0.2730453995525558,1577.699951171875,-4.992173047865512,1.041606078660995,-3.379860913506974,0.023602649649165253,0,-0.03312956297762004,0,0,0,-0.07371204980368413,0,-0.8478667798059503
2013-03-31,1569.18994140625,68527110000,3.5987723982872977,13.0315,1.87,1.62,232.77,7.7,0.15,77.6,99.0446,16598.169921875,1.8985873319529167,0.6845066212892836,14.072631578947368,13.505238095238097,17.307,14.96162322472849,0.870995065459315,0,2.7836989227969267,2.3964603326613734,2.342445290031839,1479.6599934895833,1.0605071085996738,1451.3316853841145,1.081206975089876,1414.3966674804688,1.1094412037901091,1,1,75.18515754715222,1,0,0.011060648765041536,1,0.06955330273286364,1,0.07685314808513244,1,1.64,0.9878048780487806,0,-0.019999999999999796,1.8966666666666667,0,0.018985873319529167,0.002753263047227339,-0.20000000000000018,0,-0.0397341355963001,1594.800048828125,1.0838624697648402,1.0163205911190867,-1.9921855041869825,0.24673897276981727,0,-0.07785380287653276,0,0,0,-0.053774467884623256,0,-4.992173047865512
2013-04-30,1597.5699462890625,77098000000,1.8085767779890016,13.967272727272729,1.7,1.48,232.34,7.6,0.14,76.4,99.4765,16864.279296875,1.4151149289823417,0.7444755526994427,13.0315,14.072631578947368,13.505238095238097,13.536456558061822,1.0318263621918344,0,1.7626103921676357,1.991515074404417,2.5024439871231534,1527.32666015625,1.0459910037356557,1472.7516682942708,1.0847517478213793,1427.7899983723958,1.11891100799852,1,1,75.17055455508158,1,0,0.03598772398287298,1,0.10026714945065396,1,0.08920841937476709,1,1.67,0.8862275449101796,0,-0.17000000000000015,1.9266666666666667,0,0.014151149289823417,-0.00483472402970575,-0.10000000000000053,0,0.04226721561777453,1472.199951171875,-7.687490212101366,0.921524565851777,-2.405492621224555,-0.19858733195291678,1,-0.047766896147379945,0,0,0,-0.1110172132862446,0,1.0838624697648402
2013-05-31,1630.739990234375,76447250000,2.0762811683057825,13.493636363636364,2.16,1.86,231.485,7.5,0.15,84.5,98.7439,17212.259765625,1.0070818624905664,0.7196274600018293,13.967272727272729,13.0315,14.072631578947368,13.690468102073366,0.9856227166982557,0,1.2658594627634698,1.2852959529369536,1.855542245313258,1560.47998046875,1.0450246146346074,1503.6533203125,1.0845185976082992,1444.4283243815105,1.1289864389308768,1,1,73.89681574045281,1,0,0.018085767779890016,1,0.06639029304257638,1,0.13129525522727192,1,1.58,1.1772151898734178,0,0.4600000000000002,1.82,1,0.010070818624905664,-0.004080330664917753,-0.09999999999999964,0,0.14075013929686941,1392.5999755859375,-5.406872587013445,0.8539681273075229,-2.106604356482318,0.7448850710176584,0,-0.11345298517638847,0,1,0,-0.13779797198270308,0,-7.687490212101366
2013-06-30,1606.280029296875,74946790000,-1.4999301595580827,17.2715,2.52,2.16,231.831,7.6,0.11,84.1,98.6709,16992.08984375,1.4457810236864876,0.8900884030748415,13.493636363636364,13.967272727272729,13.0315,13.497469696969697,1.2796102075248672,0,0.1892955897469554,0.9656125469445174,1.6380827829113516,1599.1666259765625,1.0044481939560042,1539.413309733073,1.0434364956708062,1471.1291605631511,1.0918687987137634,1,1,73.36879824018769,1,0,0.020762811683057825,1,0.0766234005914932,1,0.15150611390211854,1,1.6533333333333335,1.3064516129032258,0,0.3599999999999999,1.9100000000000001,1,0.014457810236864876,0.004386991611959212,0.09999999999999964,1,-0.5805466114541584,1223.800048828125,-12.12120707432799,0.7618846194357687,-2.1857965683980396,1.5129181375094336,0,-0.11732267307763433,0,1,0,-0.21657576459057828,0,-5.406872587013445
2013-07-31,1685.72998046875,68106820000,4.946207991308538,13.974545454545456,2.6,2.29,232.944,7.6,0.09,85.1,99.0549,17890.390625,1.892239456210798,0.7841363425775227,17.2715,13.493636363636364,13.967272727272729,14.910803030303029,0.9372094464761671,0,2.5287632808887226,1.991949265499049,2.2317225265992646,1611.5299886067708,1.0460431964571308,1569.4283243815105,1.0741044712144292,1491.4724934895833,1.1302454371952007,1,1,71.28526320541063,1,0,-0.014999301595580827,0,0.02363645528939995,1,0.12627356473503992,1,1.8333333333333333,1.2490909090909093,0,0.08000000000000007,2.126666666666667,1,0.01892239456210798,0.004464584325243104,0.0,0,-0.33587886805291717,1312.4000244140625,7.239742772585944,0.7785351388536876,-1.3331415574979995,1.1542189763135124,0,-0.23263104379299115,0,0,0,-0.11738792051059019,0,-12.12120707432799
2013-08-31,1632.969970703125,64802810000,-3.1298019479343964,14.21,2.78,2.39,233.318,7.4,0.09,82.1,98.9462,17352.080078125,2.00898029494192,0.5214247669925536,13.974545454545456,17.2715,13.493636363636364,14.913227272727275,0.9528453995995013,0,4.558107998943122,3.22951143082536,2.2057693363625854,1640.9166666666667,0.9951571605524097,1600.6983235677083,1.0201609801548917,1517.0066630045574,1.076442187451499,1,1,88.99531007925923,1,0,0.04946207991308538,1,0.05518383366216373,1,0.12523779759278386,1,2.1033333333333335,1.1362916006339143,0,0.17999999999999972,2.4266666666666667,1,0.0200898029494192,0.0011674083873112195,-0.1999999999999993,0,-0.1936427216158715,1396.0999755859375,6.377624932553916,0.8549452841345295,-0.34422581374379585,0.8877605437892018,0,-0.10854498849195815,0,1,0,-0.022966133607555308,0,7.239742772585944
2013-09-30,1681.550048828125,66174410000,2.974952325919533,14.692000000000002,2.64,2.31,233.526,7.3,0.08,77.5,99.3579,17982.4296875,1.488035740671534,0.6259564029017867,14.21,13.974545454545456,17.2715,15.152015151515153,0.969640001879938,0,5.710601392968653,4.270657943950266,3.0627831866075974,1641.6599934895833,1.0242986096370357,1620.413309733073,1.037729102030841,1535.8724975585938,1.0948500292186354,1,1,78.07659548617923,1,0,-0.031298019479343964,0,0.0013674653728394937,1,0.07809564581139061,1,2.2800000000000002,1.013157894736842,0,-0.13999999999999968,2.6333333333333333,0,0.014880357406715339,-0.005209445542703861,-0.10000000000000053,0,-0.022196763313256485,1326.5,-4.985314576538591,0.7888554972981269,-0.8028366784685435,0.6310197050580801,0,0.002513284547867034,1,1,0,-0.051585460164522014,0,6.377624932553916
2013-10-31,1756.5400390625,74066820000,4.459575276194472,15.377727272727272,2.57,2.26,233.947,7.2,0.08,73.2,100.0439,18711.919921875,1.094575090530392,0.7632451465819748,14.692000000000002,14.21,13.974545454545456,14.292181818181819,1.0759537954635083,0,4.316713144519692,4.210617733405556,2.97857276239793,1666.75,1.0538713298710065,1639.1399943033855,1.0716229517717357,1555.9458312988281,1.1289210740686426,1,1,79.41755389364778,1,0,0.029749523259195332,1,0.04685983649077574,1,0.07160389221025842,1,2.33,0.9699570815450642,0,-0.07000000000000028,2.6733333333333333,0,0.01094575090530392,-0.0039346065014114195,-0.09999999999999964,0,-0.2054865231487739,1323.5999755859375,-0.21862227018940583,0.7535267891145646,-1.2020781378584344,1.081964259328466,0,0.08391889775639205,1,1,0,-0.02240387545143564,0,-4.985314576538591
2013-11-30,1805.81005859375,61094130000,2.8049471367328715,12.944736842105264,2.75,2.47,233.808,7.3,0.09,75.1,99.9778,19201.9609375,0.8875905605585155,0.6434195929168544,15.377727272727272,14.692000000000002,14.21,14.75990909090909,0.877020092900042,0,1.0497869556447057,4.0222459873961425,3.2699724791798195,1690.3533528645833,1.068303296191596,1665.635009765625,1.0841571220623234,1584.6441650390625,1.1395681746313284,1,1,81.16740191074314,1,0,0.04459575276194472,1,0.04200557587168263,1,0.09950743824563268,1,2.3200000000000003,1.0646551724137931,0,0.18000000000000016,2.6633333333333336,1,0.008875905605585155,-0.0020698452997187644,0.09999999999999964,1,-0.2503604212548792,1250.5999755859375,-5.515261510010527,0.6925423688025225,-2.3581274067692033,1.655424909469608,0,0.008533946177633922,1,0,1,-0.05910973623628532,0,-0.21862227018940583
2013-12-31,1848.3599853515625,64958820000,2.3562791975445974,14.192380952380953,3.04,2.66,233.887,7.0,0.08,82.5,101.2825,19706.029296875,1.2388269667784837,0.570792172723244,12.944736842105264,15.377727272727272,14.692000000000002,14.338154704944179,0.9898331580623161,0,1.1699987777554832,0.9102015663879969,3.3028762226535826,1747.9667154947917,1.057434314376148,1694.8133544921875,1.0905979590333013,1617.1133321126301,1.1429996578760666,1,1,81.66320066848635,1,0,0.028049471367328715,1,0.10584400876410682,1,0.10735621215385382,1,2.3466666666666667,1.1335227272727273,0,0.29000000000000004,2.6533333333333338,1,0.012388269667784835,0.00351236406219968,-0.2999999999999998,0,0.09529445333980374,1201.9000244140625,-3.89412698885252,0.6502521337505899,-2.2984424154307495,2.1524094394414846,0,-0.10421889731710243,0,0,0,-0.0793565496636825,0,-5.515261510010527
2014-01-31,1782.5899658203125,75871910000,-3.5582905955811595,14.24095238095238,2.67,2.33,234.582,6.7,0.09,81.2,101.7629,19105.240234375,1.5598820672009015,0.6362183668524567,14.192380952380953,12.944736842105264,15.377727272727272,14.171615022404497,1.0048926927833042,0,0.31725614230138055,1.1077719074804244,2.8913724859209977,1803.5700276692708,0.9883674814245663,1735.1600138346355,1.027334627128053,1652.294169108073,1.0788575056114702,1,1,86.92604890501687,1,0,0.023562791975445974,1,0.09920010209609131,1,0.15070843915095833,1,2.4633333333333334,0.945872801082544,0,-0.3700000000000001,2.7866666666666666,0,0.015598820672009017,0.0032105510042241825,-0.2999999999999998,0,-0.5881257969374265,1240.0999755859375,3.1782968962412506,0.6956731493859095,-0.7883107815819823,1.4311730332215165,0,-0.09393138001201473,0,0,0,-0.04743251568003642,0,-3.89412698885252
2014-02-28,1859.449951171875,69725590000,4.31170301781616,15.47,2.66,2.33,234.933,6.6,0.07,81.6,101.0251,19946.83984375,1.6154984039654208,0.964676340516214,14.24095238095238,14.192380952380953,12.944736842105264,13.792690058479531,1.1216086154628906,0,4.182232408520359,3.5513901783985804,3.4292355247956343,1812.2533365885417,1.0260430556978188,1751.3033447265625,1.061752069834708,1676.0008341471355,1.1094564592613052,1,1,78.08212667592,1,0,-0.035582905955811595,0,0.014830249341606816,1,0.057458778377204034,1,2.486666666666667,0.9369973190348525,0,-0.009999999999999787,2.82,0,0.016154984039654208,0.0005561633676451905,-0.10000000000000053,0,-0.718883345333221,1321.4000244140625,6.555926975944937,0.7106402748733737,-0.382622190653353,1.1001179327990984,0,-0.06308552549121638,0,0,0,0.024499951093320996,0,3.1782968962412506
2014-03-31,1872.3399658203125,71885030000,0.6932165418227054,14.836666666666666,2.73,2.29,235.169,6.7,0.07,80.0,101.6276,19996.009765625,1.0306310950723985,0.6185621023735612,15.47,14.24095238095238,14.192380952380953,14.634444444444446,1.0138182370359121,0,5.5649258519280815,4.097613484894897,2.9566909729262627,1830.13330078125,1.0230620715010459,1789.0500081380208,1.0465554105829478,1704.7316589355469,1.0983194662961924,1,1,80.11929367445495,1,0,0.0431170301781616,1,0.02970406124545355,1,0.138692066928354,1,2.44,0.9385245901639344,0,0.06999999999999984,2.7899999999999996,1,0.010306310950723985,-0.005848673088930223,0.10000000000000053,1,-0.8010831216371495,1283.4000244140625,-2.8757378006595724,0.6854524540642262,-0.6075047047891852,1.1145015960345792,0,0.05661286599254356,1,0,0,0.0047363905760718795,0,6.555926975944937
2014-04-30,1883.949951171875,71595810000,0.6200789153414155,14.19809523809524,2.67,2.25,235.64,6.7,0.08,84.1,103.2374,19959.83984375,1.420332271670821,0.780495269904028,14.836666666666666,15.47,14.24095238095238,14.84920634920635,0.956151790486371,0,2.5586563248068286,3.9392375910248045,2.9874968073842707,1838.1266276041667,1.0249293617096635,1820.8483276367188,1.034655068507027,1729.994160970052,1.0889920866065212,1,1,78.34173994719364,1,0,0.006932165418227054,1,0.012973652675233094,1,0.1134607424412668,1,2.316666666666667,0.9712230215827338,0,-0.06000000000000005,2.686666666666667,0,0.014203322716708211,0.0038970117659842263,0.0,0,-0.7956701424546679,1295.5999755859375,0.9505961461583112,0.6877040309802468,-0.3049562460290337,1.6393689049276015,0,0.06780930056119439,1,0,1,0.020023599726495808,0,-2.8757378006595724
2014-05-31,1923.5699462890625,63623630000,2.103028007328045,12.475238095238096,2.48,2.11,236.254,6.3,0.09,81.9,102.7435,20348.349609375,2.0601766853143744,0.594226288225367,14.19809523809524,14.836666666666666,15.47,14.834920634920636,0.8409372993794136,0,0.05171611164668386,2.110563984788846,2.714032786905674,1871.9132893880208,1.0275956462267168,1842.0833129882812,1.0442361280438457,1753.8591613769531,1.0967642035628844,1,1,78.17779215981498,1,0,0.006200789153414155,1,0.05686107702559551,1,0.07253459031732423,1,2.29,0.9213973799126637,0,-0.18999999999999995,2.686666666666667,0,0.020601766853143744,0.006398444136435533,-0.40000000000000036,0,-0.7956753683016851,1245.5999755859375,-3.8592158800703436,0.6475459746025561,-1.966034038794218,1.0596677283291789,0,0.04475445616695284,1,0,1,-0.01572502916954761,0,0.9505961461583112
2014-06-30,1960.22998046875,63283380000,1.9058331749470137,11.541428571428572,2.53,2.06,237.083,6.3,0.09,82.5,103.6585,20862.740234375,2.265443361759223,0.4200285486456413,12.475238095238096,14.19809523809524,14.836666666666666,13.836666666666668,0.8341191451285405,0,1.0486033590982768,0.8358683598610599,2.645520549454019,1893.28662109375,1.0353582804785928,1861.7099609375,1.0529191021149387,1778.2616577148438,1.1023293293000225,1,1,77.670373929459,1,0,0.02103028007328045,1,0.03448331323829246,1,0.06521166893212249,1,2.216666666666667,0.9293233082706767,0,0.04999999999999982,2.626666666666667,1,0.02265443361759223,0.0020526667644484853,0.0,0,-0.9552872078156434,1321.800048828125,6.117539718667908,0.6743086586768982,-0.2066324294498865,0.46982331468562544,0,-0.057363438343915885,0,0,1,0.0451766332325711,0,-3.8592158800703436
2014-07-31,1930.6700439453125,66524690000,-1.5079830845342368,12.296363636363637,2.58,2.05,237.693,6.1,0.1,82.5,103.9152,20410.810546875,2.038687409849582,0.4750514461167933,11.541428571428572,12.475238095238096,14.19809523809524,12.73825396825397,0.9653099763129543,0,0.13943780319234486,0.8053144134886091,2.608451605762559,1922.5832926432292,1.0042061903549393,1880.354960123698,1.026758290263613,1807.7574869791667,1.0679917288969647,1,1,77.95541640891898,1,0,0.019058331749470137,1,0.04694126934898324,1,0.06052392174888466,1,2.14,0.9579439252336447,0,0.050000000000000266,2.56,1,0.020386874098495822,-0.002267559519096407,-0.20000000000000018,0,-0.8806976619919417,1281.300048828125,-3.0640035182254888,0.6636556323263794,-0.9311323477833756,0.3145566382407772,0,0.02992054206294248,0,0,1,-0.0026076793136455985,0,6.117539718667908
2014-08-31,2003.3699951171875,58131140000,3.765529557982528,13.49190476190476,2.35,1.87,237.909,6.2,0.09,82.5,104.3882,21233.830078125,1.9677007346196929,0.6868281361578339,12.296363636363637,11.541428571428572,12.475238095238096,12.104343434343434,1.114633340923261,0,2.4139326268041255,2.0302885000646285,1.938029487736391,1938.1566569010417,1.0336470934812962,1905.0349731445312,1.0516184864629232,1828.1691589355469,1.0958340399329631,1,1,73.24931374116805,1,0,-0.015079830845342368,0,0.024799009519534287,1,0.0830701849355786,1,2.0733333333333333,0.9019292604501609,0,-0.22999999999999998,2.53,0,0.01967700734619693,-0.0007098667522988933,0.10000000000000053,1,-0.25772412238626496,1285.800048828125,0.35120579321883394,0.6418185617045302,-1.674828990017481,0.3113125901504179,0,-0.011037300885518575,0,0,0,-0.004426295215604929,0,-3.0640035182254888
2014-09-30,1972.2900390625,66706000000,-1.5513837249453988,13.466666666666669,2.52,1.94,237.428,6.1,0.09,84.6,104.1152,20760.4609375,1.6709060233121686,0.4276979116821657,13.49190476190476,12.296363636363637,11.541428571428572,12.443232323232323,1.0822482709354808,0,3.728936550196621,2.674650995343673,1.7775198009663697,1964.7566731770833,1.0038342487842198,1929.0216471354167,1.0224302262192528,1859.0358276367188,1.0609209407059974,1,1,78.63891590235148,1,0,0.037655295579825276,1,0.04148538969538107,1,0.07739925662135216,1,1.9933333333333332,0.9732441471571907,0,0.16999999999999993,2.4866666666666664,1,0.016709060233121686,-0.002967947113075242,-0.10000000000000053,0,0.21512503271879196,1210.5,-5.856279823348376,0.613753543355821,-2.758060768970733,0.5522992653803072,0,0.032273662516151935,0,0,1,-0.058404111614818795,0,0.35120579321883394
2014-10-31,2018.050048828125,89361460000,2.320146066720308,17.759545454545453,2.35,1.85,237.633,5.9,0.09,86.9,105.0728,21256.740234375,1.7586906811233094,0.9868413336167816,13.466666666666669,13.49190476190476,12.296363636363637,13.084978354978356,1.3572468347101694,0,3.7596254373391926,3.0572696442127074,2.1239376161168497,1968.7766927083333,1.025027397115317,1945.6799926757812,1.0371952512359535,1883.26416015625,1.0715703572146205,1,1,72.217405953413,1,0,-0.015513837249453988,0,0.006152369218874076,1,0.053382438588494896,1,1.9533333333333331,0.9470989761092151,0,-0.16999999999999993,2.4833333333333334,0,0.01575570535206694,-0.0009533548810547465,-0.1999999999999993,0,0.36748272551426897,1171.0999755859375,-3.2548553832352334,0.5803126519414082,-2.836570828756256,0.6790939766878314,0,-0.08420339288593681,0,0,0,-0.08036021206357459,0,-5.856279823348376
2014-11-30,2067.56005859375,60641870000,2.453358864631494,13.440555555555555,2.18,1.71,237.642,5.8,0.09,88.8,104.8568,21731.1796875,1.639807021145567,0.6680215421684896,17.759545454545453,13.466666666666669,13.49190476190476,14.906038961038961,0.9016852559346014,0,2.7375849692525978,2.749164819320686,2.1931295360561465,1997.9033610026042,1.0348648983483315,1968.030008951823,1.050573441049782,1905.056660970052,1.0853010836648562,1,1,80.18342507266046,1,0,0.023201460667203078,1,0.045258901259094486,1,0.07118028670179677,1,1.8866666666666667,0.9063604240282686,0,-0.16999999999999993,2.4066666666666667,0,0.016398070211455673,0.0006423648593887332,-0.10000000000000053,0,0.26193462593299904,1175.199951171875,0.35009612086160935,0.5683994263127653,-1.978953708058235,0.6044294647933062,0,-0.08600645363509996,0,0,0,-0.0618539381573657,0,-3.2548553832352334
2014-12-31,2058.89990234375,80743820000,-0.4188587515997044,16.292272727272728,2.17,1.5,237.032,5.8,0.09,93.6,106.6617,21669.859375,1.3446664414866971,0.6891446697108743,13.440555555555555,17.759545454545453,13.466666666666669,14.888922558922559,1.0942546489040053,0,0.09419567274501683,2.27465938058327,2.227255159678514,2019.300048828125,1.0196106831862883,1992.0283610026042,1.0335695729289158,1926.869160970052,1.0685208648558313,1,1,80.21227165911183,1,0,0.02453358864631494,1,0.03204104265962493,1,0.07485566749598682,1,1.8333333333333333,0.8181818181818182,0,-0.010000000000000231,2.35,0,0.013446664414866971,-0.002951405796588702,0.0,0,0.4188185903415828,1183.9000244140625,0.740305786561013,0.5750158242595326,-1.115579647851568,0.5301929788544326,0,-0.08601656047303052,0,0,0,-0.04597283309704415,0,0.35009612086160935
2015-01-31,1994.989990234375,77330040000,-3.1040805838410623,19.1195,1.68,1.21,236.149,5.6,0.12,98.1,106.5114,21060.439453125,0.6679966919883151,1.0442594850379,16.292272727272728,13.440555555555555,17.759545454545453,15.830791245791247,1.2077412747820222,0,2.030964553480591,1.6211892280717735,2.287744578078204,2048.1700032552085,0.9740353520770673,2008.4733479817708,0.9932867629232199,1944.4141540527344,1.0260108352308719,1,1,76.40697495906113,1,0,-0.004188587515997044,0,0.04391335025066545,1,0.0503358906139193,1,1.6866666666666668,0.717391304347826,0,-0.49,2.2333333333333334,0,0.006679966919883151,-0.00676669749498382,-0.20000000000000018,0,0.4007017776052928,1278.5,7.990537514580853,0.6408553457703312,0.859053961302413,0.3353335585133028,0,-0.02197437057904794,0,0,0,0.04970031319208269,0,0.740305786561013
2015-02-28,2104.5,68775560000,5.48925108906233,15.90421052631579,2.0,1.37,234.677,5.7,0.11,95.4,106.1878,22212.33984375,-0.1089672374677053,0.9318092649043012,19.1195,16.292272727272728,13.440555555555555,16.284109427609426,0.9766705755090589,0,1.8987385665680723,2.779244008322307,2.6757468682259797,2040.4833170572917,1.0313732939679363,2019.193339029948,1.0422478914332367,1962.1141560872395,1.0725675636511893,1,1,66.11029449982848,0,0,-0.031040805838410623,0,-0.011426901234258713,0,0.03331483103017696,1,1.4733333333333334,0.9298642533936652,0,0.32000000000000006,2.01,1,-0.0010896723746770531,-0.007769639294560204,0.10000000000000053,1,-0.4247489202154734,1212.5999755859375,-5.154479813379941,0.5761938586770907,-0.8153833430055789,1.3320033080116849,0,0.09170867274617356,1,0,0,-0.004024660709702259,0,7.990537514580853
2015-03-31,2067.889892578125,76675850000,-1.7396107114219572,14.812727272727273,1.94,1.38,235.186,5.5,0.11,93.0,105.8028,21947.91015625,0.0072288439377565,0.7235189913045799,15.90421052631579,19.1195,16.292272727272728,17.10532775119617,0.8659715550724494,0,6.0764030988951445,4.396239442565223,3.1389436428529307,2052.796630859375,1.0073525362872557,2036.04833984375,1.0156388982084867,1982.5349934895833,1.0430534136188452,1,1,69.57957683907489,0,0,0.0548925108906233,1,0.017866441776484443,1,0.05047994385924537,1,1.36,1.0147058823529411,0,-0.06000000000000005,1.95,0,7.22884393775658e-05,0.001161960814054619,-0.20000000000000018,0,-0.6345835991527878,1183.0999755859375,-2.432789097306831,0.572129096347058,-0.7094412829773679,2.0489672374677053,0,0.031824392416599734,1,1,1,-0.018418661272603023,0,-5.154479813379941
2015-04-30,2085.510009765625,72060940000,0.8520819822535275,13.494761904761903,2.05,1.47,235.74,5.5,0.11,93.0,105.2161,22034.2890625,0.0424376167034612,0.7036255876567884,14.812727272727273,15.90421052631579,19.1195,16.61214593301435,0.8123430867497332,0,5.111577199382856,4.618144833223334,3.168719596222747,2055.7932942708335,1.014455108681212,2051.981648763021,1.0163395033395233,1998.8308207194011,1.0433649452208402,1,1,72.82618313592182,1,0,-0.017396107114219572,0,0.004366404711633187,1,0.0484714984217367,1,1.32,1.1136363636363635,0,0.10999999999999988,1.873333333333333,1,0.00042437616703461245,0.00035208772765704666,0.0,0,-0.8034529786521347,1182.4000244140625,-0.059162470316875826,0.5669596496192045,-0.6756298853339822,2.0427711560622432,0,-0.0006757739772165205,0,1,1,-0.015268413379383632,0,-2.432789097306831
2015-05-31,2107.389892578125,65187730000,1.0491382304589791,13.3385,2.12,1.51,235.982,5.4,0.12,90.7,105.1786,22259.69921875,-0.1151303258357439,0.6650558797376416,13.494761904761903,14.812727272727273,15.90421052631579,14.737233234601655,0.9050884781196541,0,1.8326034784496155,3.6623455888745466,3.0865695382807252,2085.9666341145835,1.0102701827120235,2063.2249755859375,1.0214057688884097,2015.6274922688801,1.0455254756452805,1,1,69.9805533449455,0,0,0.008520819822535275,1,0.04537367103311407,1,0.03342828934132425,1,1.4066666666666665,1.0734597156398105,0,0.07000000000000028,1.9966666666666668,1,-0.001151303258357439,-0.0015756794253920514,-0.09999999999999964,0,-0.7344281512047769,1189.4000244140625,0.5920162259357875,0.5643948604873406,-0.6631775901247868,2.077562383296539,0,-0.07516619130695146,0,0,0,-0.010989897754080083,0,-0.059162470316875826
2015-06-30,2063.110107421875,73213980000,-2.1011671979729973,14.339545454545457,2.35,1.71,237.031,5.5,0.12,96.1,105.1018,21841.75,-0.0219332470063227,0.597146112319021,13.3385,13.494761904761903,14.812727272727273,13.881996392496392,1.032959889133553,0,0.13933980938199075,1.556321670063155,2.967859221416802,2086.929931640625,0.9885861888041328,2069.86328125,0.9967373816960284,2030.945821126302,1.0158370971598523,1,1,70.45014710502285,1,0,0.010491382304589791,1,0.0013731967584342808,1,0.019264172674851032,1,1.4533333333333331,1.1766055045871562,0,0.22999999999999998,2.0366666666666666,1,-0.0002193324700632271,0.0009319707882942119,0.09999999999999964,1,-0.7813849132158649,1171.5,-1.5049625060232108,0.5678320298008437,-0.5105912452668804,2.465130325835744,0,-0.019132402803046955,0,0,0,-0.027787386234340655,0,0.5920162259357875
2015-07-31,2103.840087890625,77920590000,1.974202943518488,14.352727272727272,2.2,1.53,237.786,5.3,0.13,93.1,107.1086,22180.080078125,0.0391260996327247,0.8010587108901812,14.339545454545457,13.3385,13.494761904761903,13.724269119769119,1.0457917392521028,0,2.2276023312530837,1.7646971495544068,3.1305584937127513,2085.336669921875,1.0088731082302616,2070.564982096354,1.0160705440698516,2039.5191650390625,1.0315372975915775,1,1,64.74909415993433,0,0,-0.021011671979729973,0,-0.002311431171168832,0,0.0020448808965081167,1,1.5633333333333332,0.978678038379531,0,-0.1499999999999999,2.1733333333333333,0,0.0003912609963272473,0.0006105934663904744,-0.20000000000000018,0,-0.7676954660605807,1094.9000244140625,-6.538623609555061,0.5204293000766247,-2.07172227597557,2.221933247006323,0,-0.009804729799096301,0,0,0,-0.08979561531217532,0,-1.5049625060232108
2015-08-31,1972.1800537109373,84626790000,-6.258081825586559,19.42809523809524,2.21,1.47,238.099,5.3,0.13,91.9,107.477,20802.9609375,0.0798624684227977,0.9430191295431216,14.352727272727272,14.339545454545457,13.3385,14.010257575757578,1.3867050718405298,0,2.881721862893842,2.136539679244434,2.7644770480110803,2091.4466959635415,0.9429740942081923,2088.7066650390625,0.9442111172054186,2053.9500020345054,0.9601889295053082,1,1,64.81339971130996,0,0,0.019742029435184882,1,0.008789254445755512,1,0.054561726218717466,1,1.5833333333333333,0.9284210526315789,0,0.009999999999999787,2.2233333333333336,1,0.0007986246842279776,0.0004073636879007303,0.0,0,0.4874006401299792,1131.5999755859375,3.3518997491588376,0.5737812698473809,0.6087964763947892,2.1708739003672752,0,-0.07400202824197388,0,0,0,-0.03473182303565478,1,-6.538623609555061
2015-09-30,1920.030029296875,79989370000,-2.644283128000146,24.377142857142857,2.06,1.42,237.931,5.1,0.14,87.2,107.0793,20119.279296875,0.2118536988055419,1.7874035610688437,19.42809523809524,14.352727272727272,14.339545454545457,16.040122655122655,1.5197603772286399,1,5.821104384892925,4.116209695238774,3.028985154861897,2046.3767496744792,0.9382583288254704,2066.6533406575522,0.9290527789658106,2051.350840250651,0.9359832514375113,0,1,50.84936641317408,0,0,-0.0625808182558657,0,-0.06415985923790091,0,-0.06287476659019375,0,1.57,0.9044585987261146,0,-0.1499999999999999,2.2533333333333334,0,0.0021185369880554195,0.0013199123038274418,-0.20000000000000018,0,0.7440950272864917,1115.5,-1.422762100856445,0.5809804966480143,0.9963000623586948,1.9801375315772023,0,-0.04859597077661004,0,1,0,-0.037380089387372493,0,3.3518997491588376
2015-10-31,2079.360107421875,82951650000,8.298311781266655,16.81904761904762,2.16,1.41,237.566,5.1,0.14,90.0,107.0917,21648.509765625,-0.0281947372629209,1.073811972758577,24.377142857142857,19.42809523809524,14.352727272727272,19.385988455988453,0.8675878280455753,0,2.555341564906493,4.126347600867846,3.092785605534542,1998.6833902994792,1.0403649309910497,2042.010030110677,1.0182908393007128,2046.9958394368489,1.0158106173747425,0,0,49.26727711355452,0,0,-0.026442831280001355,0,-0.06935164420467954,0,-0.07150277382366177,0,1.4733333333333334,0.9570135746606334,0,0.10000000000000009,2.1566666666666667,1,-0.0002819473726292099,-0.0024004843606846293,0.0,0,0.022322606287617747,1141.5,2.3307933662034985,0.5489669614828311,-0.6274301976851855,1.9481463011944582,0,-0.047801963294921035,0,1,0,-0.005272108487748881,0,-1.422762100856445
2015-11-30,2080.409912109375,72251180000,0.0504869110334871,16.217894736842105,2.21,1.27,238.042,5.0,0.12,91.3,107.2123,21658.55078125,0.1683204147415073,0.8033554292734237,16.81904761904762,24.377142857142857,19.42809523809524,20.20809523809524,0.8025444528917788,0,7.737583064119964,7.579451598594554,4.988266329916525,1990.5233968098958,1.045157226206703,2040.9850463867188,1.0193165872491092,2052.105010986328,1.013793105602058,0,0,54.67522095567488,0,0,0.08298311781266654,1,-0.011635856075589035,0,-0.0029488721295761744,0,1.4333333333333333,0.8860465116279069,0,0.04999999999999982,2.143333333333333,1,0.0016832041474150738,0.0019651515200442837,-0.09999999999999964,0,-0.00215512784459447,1065.800048828125,-6.6316207772119995,0.5123029084914742,-2.1512896603359146,2.238194737262921,0,0.04256094122463416,1,0,0,-0.06568869876710662,0,2.3307933662034985
2015-12-31,2043.93994140625,83649260000,-1.753018503269255,18.025454545454547,2.27,1.21,238.111,5.0,0.12,92.6,106.5339,21167.859375,0.4552127982719645,1.0379496115733124,16.217894736842105,16.81904761904762,24.377142857142857,19.138028404344194,0.9418658058508733,0,5.832092895780951,5.701297863960757,4.964988270606147,2026.6000162760417,1.0085561654943984,2036.4883829752605,1.0036590232938638,2053.1758321126304,0.995501656233272,0,0,56.907206525723105,0,0,0.0005048691103348713,1,0.054878284665128785,1,-0.012802557592104358,0,1.3666666666666665,0.8853658536585367,0,0.06000000000000005,2.143333333333333,1,0.004552127982719645,0.002868923835304571,0.0,0,0.012051518221764363,1060.300048828125,-0.5160442623405204,0.5187530354236478,-1.1111999091108178,2.1016795852584926,0,-0.05814769192067326,0,0,0,-0.05341622325484487,0,-6.6316207772119995
2016-01-31,1940.239990234375,92409770000,-5.07353220469523,23.717894736842105,1.94,1.18,237.847,5.0,0.24,92.0,106.0222,19926.099609375,0.7190375567967644,1.2526251364548044,18.025454545454547,16.217894736842105,16.81904761904762,17.020798967114757,1.3934654173794399,0,1.27527090836019,5.358925379810832,4.93907859692945,2067.9033203125,0.938264362349961,2033.2933553059895,0.9542351501671972,2051.929168701172,0.9455686969265641,1,0,51.67383638026431,0,0,-0.017530185032692547,0,0.06453540320655904,1,-0.009291877319907327,0,1.2966666666666666,0.910025706940874,0,-0.33000000000000007,2.2133333333333334,0,0.007190375567967644,0.002638247585247999,0.0,0,-0.2873188210459082,1116.4000244140625,5.290952843767283,0.5753927503984725,1.0996462883322355,1.4847872017280355,0,-0.0494844923100628,0,0,0,0.013435010820036276,1,-0.5160442623405204
2016-02-29,1932.22998046875,93049560000,-0.4128360309003542,22.517,1.74,0.96,238.107,4.9,0.34,91.7,106.8477,19864.01953125,0.7715291767534049,1.3874412741951958,23.717894736842105,18.025454545454547,16.217894736842105,19.320414673046255,1.1654511759218746,0,2.3479577553011786,2.5991670114073506,5.191463452675049,2021.5299479166667,0.9558255530471133,2006.0266723632812,0.9632125071360133,2047.3666687011719,0.9437635231673165,1,0,42.30750054946109,0,0,-0.0507353220469523,0,-0.06690525450158324,0,-0.07776261066509127,0,1.22,0.7868852459016393,0,-0.19999999999999996,2.14,0,0.014615833677778411,0.0074254581098107675,-0.09999999999999964,0,-0.4209491429203163,1233.9000244140625,10.524901238843064,0.6385885929141437,2.8800171191948327,1.0209624432032356,0,-0.021988590088425353,1,1,0,0.11646635361470309,0,5.290952843767283
2016-03-31,2059.739990234375,92639420000,6.599111444005845,15.84909090909091,1.78,1.05,237.707,4.9,0.38,91.7,106.3275,21224.3203125,1.071917546112422,0.9410140467632508,22.517,23.717894736842105,18.025454545454547,21.42011642743222,0.7399161887277776,0,3.2956098695405744,2.3994440024384716,4.570522045628105,1972.1366373697917,1.0444205290873854,1999.3683268229167,1.0301953685079084,2033.0108337402344,1.013147572088913,0,0,42.34076424658594,0,0,-0.0041283603090035426,0,-0.07122631495750853,0,-0.020256808280266103,0,1.1166666666666665,0.9402985074626867,0,0.040000000000000036,1.9833333333333332,1,0.01071917546112422,-0.003896658216654192,0.0,0,-0.496826528289432,1234.199951171875,0.02430721710657835,0.5992018201440256,0.7856198175190621,0.3184166322221589,0,0.15772186891037188,1,0,1,0.09977122195799305,0,10.524901238843064
2016-04-30,2065.300048828125,81124990000,0.2699398283332543,14.300476190476193,1.83,1.06,237.92,5.0,0.36,89.0,103.3759,21377.58984375,0.9247476032917534,0.6311463293927921,15.84909090909091,22.517,23.717894736842105,20.69466188197767,0.6910224613493215,0,4.958195608830085,5.875657494624613,5.12822542788791,1977.4033203125,1.0444505820399523,2022.6533203125,1.0210845467620897,2032.3316752115886,1.016221945472116,0,0,53.63555810949223,0,0,0.06599111444005845,1,0.007730192315364315,1,0.07276446659985969,1,1.0633333333333332,0.9968652037617556,0,0.050000000000000044,1.82,1,0.009247476032917534,-0.0014716994282066853,0.09999999999999964,1,-0.4716974604748761,1289.199951171875,4.456328162043555,0.6242192033566173,1.2047376219649533,0.7580824538875781,0,0.16401008614113466,1,0,1,0.12888013846690058,0,0.02430721710657835
2016-05-31,2096.949951171875,78883600000,1.5324602525288444,14.85285714285714,1.84,0.97,238.89,5.0,0.37,94.7,104.147,21701.470703125,1.2322973786136115,0.6403520859737113,14.300476190476193,15.84909090909091,22.517,17.555522366522368,0.8460504240637639,0,4.475400168735533,3.866350639501251,3.8102722807274594,2019.0900065104167,1.0385618988803889,2020.3099772135417,1.0379347599243345,2030.6475118001301,1.0326508854867524,0,0,47.50813921258298,0,0,0.0026993982833325436,1,0.06445597411825488,1,-0.006761723735857594,0,1.0233333333333334,0.9478827361563517,0,0.010000000000000009,1.7833333333333332,1,0.012322973786136115,0.003075497753218581,0.0,0,-0.4388627830029241,1214.800048828125,-5.771013431711736,0.5793176170700866,0.02338222292954373,0.9152523967082467,0,0.15478316282598237,1,1,1,0.04128692850148022,0,4.456328162043555
2016-06-30,2098.860107421875,86852700000,0.0910921240124373,17.774545454545457,1.49,0.91,239.41,4.7,0.37,93.5,103.5527,21711.380859375,1.0036661871231978,0.6931992624848424,14.85285714285714,14.300476190476193,15.84909090909091,15.00080808080808,1.184905863657177,0,0.8927367533353321,3.349709575924484,3.865972614418348,2073.9966634114585,1.011988179368389,2023.066650390625,1.037464636677499,2029.7775166829426,1.0340345629859113,1,0,51.859011842200616,0,0,0.015324602525288444,1,0.08524863622246692,1,0.007950375051678948,1,1.0266666666666666,0.8863636363636365,0,-0.3500000000000001,1.8166666666666667,0,0.010036661871231978,-0.0022863119149041378,-0.2999999999999998,0,-0.39556982506295163,1318.4000244140625,8.528150429848669,0.6281504992886415,0.9161510719283922,0.25770262138638844,0,-0.015479354249147925,0,0,1,0.10653537551118053,0,-5.771013431711736
2016-07-31,2173.60009765625,69530250000,3.5609800753315435,13.1585,1.46,0.79,239.927,4.9,0.38,90.0,104.1342,22547.919921875,0.9003894257862077,1.091624821346768,17.774545454545457,14.85285714285714,14.300476190476193,15.642626262626264,0.8411950639924577,0,1.0192011778602137,0.7856511529461703,3.751873992796358,2087.0367024739585,1.041476699992712,2032.2200113932292,1.0695692816084883,2032.7566833496094,1.0692869025891267,1,0,50.8715418522424,0,0,0.0009109212401243738,1,0.018992745381929854,1,0.02686975527169322,1,0.9800000000000001,0.8061224489795918,0,-0.030000000000000027,1.72,0,0.009003894257862077,-0.0010327676133699004,0.20000000000000018,1,-0.3296428010507155,1349.0,2.3209932508562403,0.6206293427455216,0.4924057063870244,0.4563338128768022,0,0.0682223922973253,0,1,1,0.09276485079063719,0,8.528150429848669
2016-08-31,2170.949951171875,75610310000,-0.1219242899019312,12.399565217391304,1.58,0.78,239.828,4.9,0.39,89.8,104.9141,22561.220703125,0.7261685265372853,0.3724866215653654,13.1585,17.774545454545457,14.85285714285714,15.261967532467532,0.8124486696104615,0,2.4535813003352804,1.7432038104266074,2.6923737892076502,2123.13671875,1.0225200911460968,2071.1133626302085,1.0482043090170976,2038.5700174967449,1.064937643808617,1,1,54.043372508162136,0,0,0.035609800753315435,1,0.052437924886302056,1,0.12027383653384338,1,0.89,0.8764044943820225,0,0.1200000000000001,1.5966666666666667,1,0.0072616852653728525,-0.0017422089924892248,0.0,0,-0.715174941220043,1306.9000244140625,-3.120828434835987,0.6019945433143681,-0.5983248281223346,0.6796105742137923,0,0.046385394890658516,0,1,1,0.026428450354653445,0,2.3209932508562403
2016-09-30,2168.27001953125,77023620000,-0.1234451139317305,14.21952380952381,1.6,0.83,240.305,4.9,0.4,91.2,104.4016,22576.669921875,0.9977682605461168,0.7026640327679389,12.399565217391304,13.1585,17.774545454545457,14.444203557312255,0.9844449888221977,0,2.6042066511181683,2.067578412489733,2.6437057343288797,2147.8033854166665,1.009529100407211,2110.9000244140625,1.027177978328515,2055.1341756184897,1.055050344281639,1,1,56.93842826642338,0,0,-0.0012192428990193127,0,0.03528934963786101,1,0.12354635479013365,1,0.8266666666666667,1.004032258064516,0,0.020000000000000018,1.51,1,0.009977682605461169,0.0027159973400883164,0.0,0,-0.8519392069023798,1313.300048828125,0.489710329367532,0.6056902678163868,-0.1720983867509122,0.8738314734627148,0,0.0758149258182721,0,0,1,0.021692096333063147,0,-3.120828434835987
2016-10-31,2126.14990234375,70033560000,-1.942567890903446,14.645500000000002,1.84,0.98,241.002,5.0,0.4,87.2,104.226,22072.490234375,1.446334913245173,0.6589872119654536,14.21952380952381,12.399565217391304,13.1585,13.259196342305039,1.1045541239382508,0,0.0010753850728312236,2.126764986689032,1.4572456375630678,2170.9400227864585,0.9793683289392678,2128.9883626302085,0.9986667563166236,2075.820841471354,1.0242453779569543,1,1,54.358851372756156,0,0,-0.0012344511393173052,0,0.03307028985111082,1,0.052691130827889454,1,0.7999999999999999,1.225,0,0.24,1.5466666666666669,1,0.01446334913245173,0.0044856665269905616,0.09999999999999964,1,-0.7366711765379783,1271.5,-3.182825498668318,0.5980293292577201,-0.6552786100218265,0.8422317394538832,0,-0.003868306653137421,0,0,1,-0.02086864002493677,0,0.489710329367532
2016-11-30,2198.81005859375,83451390000,3.4174521829295035,15.2895,2.37,1.26,241.863,4.9,0.4,93.8,104.2687,22991.0703125,1.6051789180060672,0.6224901883007575,14.645500000000002,14.21952380952381,12.399565217391304,13.754863008971705,1.1115705034668333,0,1.286314051407673,1.0507103242148372,1.8624923327435101,2155.123291015625,1.0202711221953047,2139.1300048828125,1.027899217707531,2079.7199910481772,1.0572625488326202,1,1,61.85240194844871,0,0,-0.01942567890903446,0,-0.02183023241656301,0,0.02946296038202867,1,0.8633333333333333,1.4594594594594597,0,0.53,1.6733333333333336,1,0.01605178918006067,0.001588440047608941,-0.09999999999999964,0,-0.22201854094362905,1170.800048828125,-7.9197759474538,0.5324698439741133,-4.230579643540107,0.9236650867548271,0,-0.05744996293550775,0,0,1,-0.0963608792755582,0,-3.182825498668318
2016-12-31,2238.830078125,75344550000,1.8200762441865856,12.472380952380954,2.45,1.25,242.348,4.6,0.41,98.2,103.8589,23425.859375,1.7794222022502248,0.5088170221799426,15.2895,14.645500000000002,14.21952380952381,14.718174603174603,0.8474135746215942,0,3.790106541503324,2.7257101990890313,2.1999946265888264,2164.4099934895835,1.0343835432562536,2156.106689453125,1.0383670200906696,2089.586669921875,1.0714224541874136,1,1,70.8032290211096,1,0,0.034174521829295035,1,0.012833141273863147,1,0.04857536412108976,1,1.0233333333333334,1.2214983713355048,0,0.08000000000000007,1.9366666666666668,1,0.01779422202250225,0.001742432842441577,-0.3000000000000007,0,-0.0295993009259673,1150.0,-1.7765671302238273,0.5136611354458461,-2.473281467223206,0.844821081993933,0,-0.10413954628775579,0,0,0,-0.10736233725629964,0,-7.9197759474538
2017-01-31,2278.8701171875,70576420000,1.7884358198382522,11.6085,2.45,1.26,243.032,4.7,0.54,98.5,104.5712,23847.2109375,2.179972839682653,0.4364262142662344,12.472380952380954,15.2895,14.645500000000002,14.135793650793653,0.8212131760531353,0,1.1295153583894422,2.751936165953393,2.1996652023217322,2187.9300130208335,1.0415644484172084,2179.435017903646,1.0456242551243848,2105.8275146484375,1.0821732080787023,1,1,64.47804783333207,0,0,0.01820076244186586,1,0.03254209944248743,1,0.06668856595452488,1,1.1633333333333333,1.0830945558739256,0,0.0,2.22,0,0.021799728396826534,0.004005506374324286,0.10000000000000053,1,0.5703715106556306,1208.5999755859375,5.095650050951095,0.5303505304977839,-1.0948094413727263,0.6705777977497753,0,-0.12434328999975275,0,0,0,-0.04098396661400006,0,-1.7765671302238273
2017-02-28,2363.639892578125,69260940000,3.719816006681631,11.530526315789476,2.36,1.14,244.158,4.8,0.65,96.3,104.5548,24609.7890625,2.541294460053667,0.3642447816806254,11.6085,12.472380952380954,15.2895,13.123460317460319,0.8786193608135883,0,0.02237315862105138,0.9315135816996978,1.9022486560175562,2238.8367513020835,1.0557446366750312,2196.980021158854,1.075858619475002,2134.0466918945312,1.1075858375337462,1,1,66.8266338783562,0,0,0.01788435819838252,1,0.07182946728045825,1,0.04843118089880494,1,1.2566666666666666,0.9071618037135278,0,-0.0900000000000003,2.4233333333333333,0,0.02541294460053667,0.0036132162037101345,0.09999999999999964,1,0.20686247304959002,1252.5999755859375,3.640575946451463,0.5299453523013915,-0.7956072490519317,0.18002716031734645,0,-0.049469150148692465,0,1,0,0.012733928206846271,0,5.095650050951095
2017-03-31,2362.719970703125,81664010000,-0.0389197135269414,11.89782608695652,2.4,1.13,244.456,4.7,0.66,96.9,103.7332,24624.720703125,2.8392096151985458,0.4566580391205214,11.530526315789476,11.6085,12.472380952380954,11.870469089390143,1.0023046264945696,0,1.365692027166376,1.1060622125200152,2.1568312970901236,2293.780029296875,1.0300551668101245,2229.095011393229,1.0599458339043062,2169.997517903646,1.0888122918157348,1,1,75.05405935949177,1,0,0.03719816006681631,1,0.07496319808987595,1,0.08875835267516696,1,1.2166666666666666,0.9287671232876712,0,0.040000000000000036,2.42,1,0.028392096151985458,0.0029791515514487887,-0.09999999999999964,0,0.3128550644455144,1247.300048828125,-0.4231140716199788,0.5279085394351406,-0.6018610761176602,-0.14129446005366697,1,0.06986669230129228,1,0,0,0.015882098518370576,0,3.640575946451463
2017-04-30,2384.199951171875,65369860000,0.9091208748854608,13.136315789473684,2.29,1.01,243.752,4.5,0.79,97.0,104.0998,24878.48046875,2.451244115669149,0.4236200382957211,11.89782608695652,11.530526315789476,11.6085,11.67895080091533,1.1247856090329735,0,2.657827516447623,1.8796077554382895,2.144767489055976,2335.07666015625,1.0210371213304568,2261.5033365885415,1.0542544477375921,2195.245849609375,1.0860742324583474,1,1,89.4663884864784,1,0,-0.0003891971352694146,0,0.05533688947125537,1,0.08967976747375417,1,1.1766666666666665,0.8583569405099152,0,-0.10999999999999988,2.4033333333333333,0,0.02451244115669149,-0.0038796549952939685,-0.20000000000000018,0,0.2613359661287275,1266.0999755859375,1.5072497411890318,0.5310376652610985,-0.2578047105809087,-0.5492096151985457,1,0.08460873811141312,1,0,1,0.04051608080062133,0,-0.4231140716199788
2017-05-31,2411.800048828125,79719460000,1.1576251246328662,10.862272727272726,2.21,0.93,244.158,4.4,0.9,97.1,105.1241,25041.33984375,2.205199045585826,0.4727645980633843,13.136315789473684,11.89782608695652,11.530526315789476,12.188222730739895,0.891210553600814,0,0.670365928906639,1.9547754472722714,1.4399098744605097,2370.1866048177085,1.0175570328200454,2304.511678059896,1.0465557939192358,2221.820841471354,1.0855060875344753,1,1,91.18476078267706,1,0,0.009091208748854607,1,0.04622020061168275,1,0.12136964027967401,1,1.0933333333333333,0.8506097560975611,0,-0.08000000000000007,2.35,0,0.02205199045585826,-0.0024604507008332277,-0.09999999999999964,0,0.2156078384612926,1272.0,0.46599988372419965,0.5274069053187286,-0.022273909504261113,-0.24124411566914894,1,0.047575708391127236,1,0,1,0.046138659218069596,0,1.5072497411890318
2017-06-30,2423.409912109375,81078810000,0.4813775207812565,10.513636363636364,2.31,0.93,243.846,4.3,0.91,95.1,105.0284,25230.41015625,1.852888350528392,0.4438212353593698,10.862272727272726,13.136315789473684,11.89782608695652,11.965471534567643,0.8786646086836611,0,0.1757190401506389,0.6314341967756011,1.259104342030973,2386.239990234375,1.0155767743509105,2340.010009765625,1.0356408314475984,2248.058349609375,1.0780013394805652,1,1,89.22235169065097,1,0,0.011576251246328662,1,0.02037542030036965,1,0.09686602505838682,1,1.0233333333333332,0.9087947882736158,0,0.10000000000000009,2.3,1,0.018528883505283922,-0.0035231069505743395,-0.10000000000000053,0,0.4488888378679929,1240.699951171875,-2.4606956625884413,0.5119645442449932,-2.251798615956141,0.10480095441417392,0,0.015487805198932447,0,0,1,0.006435352946276074,0,0.46599988372419965
2017-07-31,2470.300048828125,63348090000,1.934882600110188,10.2645,2.3,0.96,243.79,4.4,1.04,93.4,105.16,25685.189453125,1.6100730638902716,0.4790391026622557,10.513636363636364,10.862272727272726,13.136315789473684,11.504074960127591,0.8922490539722767,0,0.4781792664448351,0.34205982927869943,1.3207652142520347,2406.469970703125,1.0265243609527985,2370.7733154296875,1.041980704249828,2275.1041666666665,1.0857964593539673,1,1,89.36570148346865,1,0,0.004813775207812565,1,0.025686472438030572,1,0.08244477139549544,1,0.9566666666666667,1.0034843205574913,0,-0.010000000000000231,2.27,0,0.016100730638902716,-0.0024281528663812058,0.10000000000000053,1,0.46342045701349405,1266.5999755859375,2.0875332822895,0.5127312271992199,-1.8955438685451798,0.44711164947160764,0,-0.005291507574661791,0,0,1,0.014998721549337162,0,-2.4606956625884413
2017-08-31,2471.64990234375,70784900000,0.0546433019853243,11.975652173913044,2.12,0.79,244.048,4.3,1.15,93.4,105.4757,25657.9609375,1.759594375969442,0.4579757135038517,10.2645,10.513636363636364,10.862272727272726,10.54680303030303,1.1354769914167024,0,1.027783298082677,0.7273372693753783,1.3320976280054069,2435.1700032552085,1.0149804321832878,2402.6783040364585,1.02870613106691,2299.8291625976562,1.07471021871556,1,1,89.7104633106378,1,0,0.019348826001101882,1,0.03611278391895367,1,0.08400212464801671,1,0.9400000000000001,0.8404255319148936,0,-0.17999999999999972,2.2733333333333334,0,0.01759594375969442,0.0014952131207917052,-0.10000000000000053,0,0.5796342357705203,1316.199951171875,3.915993726669087,0.5325187640546439,1.0317981191831542,0.5099269361097285,0,0.00039491352155551773,0,0,1,0.0466382759717078,0,2.0875332822895
2017-09-30,2519.360107421875,66624120000,1.9302978562167672,10.438,2.33,0.86,245.03,4.4,1.16,95.1,104.739,26233.33984375,1.9662512224048576,0.4808557754927037,11.975652173913044,10.2645,10.513636363636364,10.917929512516471,0.9560420762960347,0,1.3295299579576012,0.9857382113031344,0.7447815102923739,2455.1199544270835,1.0261657899358252,2420.679972330729,1.0407654610353687,2324.887491861979,1.0836481835102243,1,1,89.69818453146976,1,0,0.000546433019853243,1,0.024815429266080935,1,0.045696474367681095,1,0.8933333333333332,0.9626865671641792,0,0.20999999999999996,2.2433333333333336,1,0.01966251222404858,0.002066568464354157,0.10000000000000053,1,-0.06449125318777209,1281.5,-2.636373838259154,0.5086609080713719,-1.6642093180065867,0.570405624030558,0,0.03474838928606516,0,0,1,0.01052715881195617,0,3.915993726669087
2017-10-31,2575.260009765625,68601610000,2.218813506615125,10.115714285714288,2.38,0.78,246.373,4.2,1.15,100.7,104.6367,26760.189453125,2.228612210687042,0.2593234103508807,10.438,11.975652173913044,10.2645,10.89271739130435,0.928667652186557,0,1.32628805446056,1.0842355867075175,0.7614114602595217,2487.1033528645835,1.0354455140754424,2446.786661783854,1.0525069676030137,2354.1449991861978,1.0939258247286656,1,1,89.06890610163637,1,0,0.019302978562167672,1,0.039593052266169604,1,0.06629653054997253,1,0.87,0.896551724137931,0,0.04999999999999982,2.25,1,0.02228612210687042,0.0026236098828218424,-0.20000000000000018,0,0.37125218549763167,1267.0,-1.1314865392118567,0.49198915651057307,-2.676188255261221,0.41374877759514206,0,0.03288470253391096,0,0,1,-0.005377380160318087,0,-2.636373838259154
2017-11-30,2647.580078125,73416960000,2.8082627806563343,10.54047619047619,2.42,0.64,246.639,4.1,1.15,98.5,106.1469,27493.380859375,1.9746716116148424,0.3340554131332353,10.115714285714288,10.438,11.975652173913044,10.84312215320911,0.9720886698077684,0,0.20401137287564997,1.1750853842693376,0.8815682512869233,2522.0900065104165,1.049756381132572,2478.6300048828125,1.0681626837847367,2391.570841471354,1.1070464784961764,1,1,90.7776155919062,1,0,0.02218813506615125,1,0.04248874989388085,1,0.08013592085673893,1,0.81,0.7901234567901234,0,0.040000000000000036,2.276666666666667,1,0.01974671611614842,-0.002539405990721999,-0.10000000000000053,0,0.371230277370893,1273.199951171875,0.4893410553965971,0.4808919517454397,-2.3090407034897176,0.19138778931295786,0,0.00031582537641972053,0,0,1,-0.0006279658523147491,0,-1.1314865392118567
2017-12-31,2673.610107421875,65531700000,0.9831630594270502,10.2645,2.4,0.51,247.592,4.1,1.16,95.9,106.3969,27794.169921875,2.1638305247000167,0.412390108589011,10.54047619047619,10.115714285714288,10.438,10.36473015873016,0.9903296895148075,0,0.41680357884028973,0.44749564909204337,1.0675767833909138,2580.7333984375,1.0359884942166466,2517.9266764322915,1.0618300097642934,2428.9683430989585,1.100718383184358,1,1,92.38755042451156,1,0,0.028082627806563343,1,0.07117924573962675,1,0.09776101854357244,1,0.7600000000000001,0.6710526315789472,0,-0.020000000000000018,2.3766666666666665,0,0.021638305247000167,0.0018915891308517452,0.0,0,0.2267278230068145,1306.300048828125,2.5997564346263102,0.48859033155278275,-0.9937518054018907,0.42532838838515774,0,-0.03266980823218768,0,0,0,0.025192338744901285,0,0.4893410553965971
2018-01-31,2823.81005859375,77318690000,5.617870412552817,11.062380952380952,2.72,0.58,247.963,4.1,1.3,95.7,107.4637,29237.48046875,2.028950920043449,0.4344084121701578,10.2645,10.54047619047619,10.115714285714288,10.306896825396827,1.0732988929434673,0,1.2905403892229863,0.9314210886895885,0.9812777716738228,2632.1500651041665,1.0728149948707422,2559.626708984375,1.1032116709370483,2465.2000122070312,1.145468945566678,1,1,99.83252834639964,1,0,0.009831630594270502,1,0.06122586427624599,1,0.1032430353867464,1,0.6433333333333334,0.9015544041450775,0,0.3200000000000003,2.4,1,0.020289509200434486,-0.0013487960465656812,0.0,0,-0.015665538249133276,1339.0,2.5032496325182008,0.4741820349867365,-1.4898160323634886,0.5561694752999835,0,0.019352359600565805,1,0,0,0.04191524566998914,0,2.5997564346263102
2018-02-28,2713.830078125,79933970000,-3.89473718793677,22.464736842105264,2.87,0.62,249.245,4.1,1.41,95.7,107.2433,28117.01953125,2.083486922402722,1.4462829316190169,11.062380952380952,10.2645,10.54047619047619,10.62245238095238,2.1148352599243316,1,3.2772329982104194,2.334716124312883,1.9068155278711372,2715.0000813802085,0.999569059587426,2618.5450439453125,1.0363885411862626,2510.6116739908853,1.0809437820429941,1,1,99.85324451146936,1,0,0.05617870412552817,1,0.09651454528303938,1,0.14310407755257315,1,0.5766666666666667,1.0751445086705202,0,0.1499999999999999,2.5133333333333336,1,0.02083486922402722,0.0005453600235927336,0.0,0,-0.6344462039279563,1315.5,-1.75504107542942,0.4847392659561376,-0.5351190065863876,0.8410490799565515,0,0.0568271507498026,1,0,1,0.014107314410134424,0,2.5032496325182008
2018-03-31,2640.8701171875,76803890000,-2.688449860055664,19.02380952380953,2.74,0.47,249.619,4.1,1.42,99.7,106.5109,27410.720703125,2.112036521909877,1.1743375010053936,22.464736842105264,11.062380952380952,10.2645,14.597205931495404,1.3032500612163826,0,6.726429341072894,4.75682188078766,3.119844783024871,2737.0834147135415,0.9648482406459246,2658.908406575521,0.9932159041870672,2539.794189453125,1.0397968969903577,1,1,84.08439531731983,1,0,-0.0389473718793677,0,0.025022850318060286,1,0.09798320366958202,1,0.57,0.8245614035087719,0,-0.1299999999999999,2.6633333333333336,0,0.02112036521909877,0.00028549599507154966,0.0,0,-0.7763126157787381,1322.800048828125,0.5549257946123154,0.5008955344751652,1.0788568146895143,0.6565130775972783,0,0.033223413800158585,0,0,1,0.01982657153469328,0,-1.75504107542942
2018-04-30,2648.050048828125,70194700000,0.2718774995368322,18.267619047619046,2.95,0.46,249.462,4.1,1.51,98.8,107.1665,27520.94921875,2.342544881683017,1.3545979846423677,19.02380952380953,22.464736842105264,11.062380952380952,17.51697577276525,1.0428523327651609,0,0.8529739496042138,5.179121369329045,3.5634650837459816,2726.1700846354165,0.9713444013462063,2679.1600748697915,0.9883881421145847,2562.9733683268228,1.0331945238107731,1,1,74.80404371862592,1,0,-0.02688449860055664,0,-0.012245611334087081,0,0.04823050480463831,1,0.5566666666666666,0.8263473053892216,0,0.20999999999999996,2.776666666666667,1,0.023425448816830174,0.0023050835977314055,0.0,0,-0.6794130082904207,1316.199951171875,-0.4989490030709476,0.49704496776952894,1.099628779689552,0.8379634780901233,0,0.01263109498832371,0,0,1,0.009381586664413676,0,0.5549257946123154
2018-05-31,2705.27001953125,76011820000,2.16083418545836,14.124545454545457,2.83,0.43,250.013,3.9,1.69,98.0,107.3051,28218.4609375,2.398037336478853,0.7177032256160202,18.267619047619046,19.02380952380953,22.464736842105264,19.91872180451128,0.709109027836639,0,2.0932675504999616,2.1439583775199673,3.5009852404777853,2667.5834147135415,1.0141276200061229,2691.291748046875,1.0051938893263874,2584.9608764648438,1.0465419589757734,0,1,71.80625085170138,1,0,0.0027187749953683227,1,-0.06224215018667123,0,0.028265122273662957,1,0.5166666666666666,0.8322580645161292,0,-0.1200000000000001,2.8533333333333335,0,0.023980373364788532,0.0005549245479583576,-0.19999999999999973,0,-0.5486932022267329,1300.0999755859375,-1.223216546361583,0.480580484092013,-0.7142883006197476,0.4874551183169826,0,-0.0170276690277259,0,0,1,-0.009196004888146253,0,-0.4989490030709476
2018-06-30,2718.3701171875,77891360000,0.484243626760783,13.67809523809524,2.85,0.33,250.535,3.8,1.7,98.2,107.3006,28394.130859375,2.7431247590692376,0.6055582891110077,14.124545454545457,18.267619047619046,19.02380952380953,17.138658008658012,0.7980843792545144,0,1.3356940819828544,2.4442875987124055,3.425377854514901,2664.7300618489585,1.0201296394357193,2700.90673828125,1.0064657467282128,2609.416707356771,1.041753932794082,0,1,74.17670637058113,1,0,0.0216083418545836,1,-0.0031542352864126766,0,0.021789687074207587,1,0.4533333333333333,0.7279411764705883,0,0.020000000000000018,2.8400000000000003,1,0.027431247590692376,0.003450874225903844,-0.10000000000000009,0,-0.48377504428593565,1251.300048828125,-3.7535518555654956,0.4603126119274568,-2.7239158233778618,0.4519626635211469,0,-0.011706594005368665,0,0,0,-0.04963350551697584,0,-1.223216546361583
2018-07-31,2816.2900390625,64898300000,3.602155617289915,13.147619047619049,2.96,0.29,250.857,4.0,1.82,97.9,107.714,29295.75,2.8988063497272343,0.5786153478469002,13.67809523809524,14.124545454545457,18.267619047619046,15.356753246753248,0.8561457514073648,0,1.1855285533284836,1.0347473632722113,3.4146744043927955,2690.5633951822915,1.046728742428197,2708.366739908854,1.0398481112485076,2633.9967244466147,1.0692078744532927,0,1,73.86759107973936,1,0,0.00484243626760783,1,0.02934638833451486,1,0.016741412534824196,1,0.4066666666666667,0.7131147540983606,0,0.10999999999999988,2.876666666666667,1,0.028988063497272343,0.001556815906579967,0.20000000000000018,1,-0.4671322215596996,1223.699951171875,-2.2057137840039376,0.4345077865556866,-3.2389497268205085,0.21687524093076238,0,-0.054052008890793535,0,0,0,-0.06407988831194306,0,-3.7535518555654956
2018-08-31,2901.52001953125,69523070000,3.0263211276748248,12.54695652173913,2.86,0.24,251.286,3.9,1.91,96.2,107.9989,30274.529296875,2.9658100045892644,0.475956492373006,13.147619047619049,13.67809523809524,14.124545454545457,13.650086580086585,0.9191851237078045,0,2.204696711646043,1.5604346911494102,2.8407461996686423,2746.6433919270835,1.0563875995185175,2707.1134033203125,1.0718132516992067,2662.8292236328125,1.089638041290834,1,1,76.2529730449209,1,0,0.03602155617289915,1,0.06353353869154721,1,-0.0026630755522539795,0,0.35000000000000003,0.6857142857142856,0,-0.10000000000000009,2.8800000000000003,0,0.029658100045892644,0.0006700365486203008,-0.10000000000000009,0,0.05366456195511081,1200.300048828125,-1.9122254864308075,0.4136797405320117,-2.505875498706606,-0.0388063497272344,1,-0.0702780758483108,0,0,0,-0.06828292334457813,0,-2.2057137840039376
2018-09-30,2913.97998046875,63031510000,0.4294287426461762,12.910526315789474,3.05,0.24,251.846,3.9,1.91,100.1,108.2317,30259.8203125,2.781700199975523,0.4047498464715552,12.54695652173913,13.147619047619049,13.67809523809524,13.124223602484475,0.9837173387799834,0,0.4071764724482019,1.659071957489496,2.3023098608417367,2812.06005859375,1.036243863840507,2738.395060221354,1.064119645407629,2698.6517333984375,1.0797910469162864,1,1,78.3243944213784,1,0,0.030263211276748248,1,0.07254359031931479,1,0.06916053548051404,1,0.2866666666666667,0.8372093023255813,0,0.18999999999999995,2.89,1,0.02781700199975523,-0.0018410980461374127,0.0,0,0.7216001840979801,1191.5,-0.7331540839906392,0.4088909354169044,-1.5867101878322203,0.08418999541073546,0,-0.07676327100370417,0,0,0,-0.0611210368409657,0,-1.9122254864308075
2018-10-31,2711.739990234375,88549160000,-6.94033560936963,19.518636363636364,3.15,0.28,251.994,3.7,1.95,98.6,108.4822,27980.900390625,2.2815000020294463,0.9639770953134312,12.910526315789474,12.54695652173913,13.147619047619049,12.868367295049218,1.5167919842593918,1,1.8362802154655202,1.69024807054743,1.4637754393846538,2877.2633463541665,0.9424719477521829,2783.913370768229,0.9740748468355043,2731.5367228190103,0.9927525292194481,1,1,77.40254170967837,1,0,0.0042942874264617625,1,0.071958510007325,1,0.10341662072048785,1,0.25666666666666665,1.090909090909091,0,0.10000000000000009,2.9566666666666666,1,0.022815000020294463,-0.005002001979460768,-0.19999999999999973,0,-0.2571038918883021,1212.300048828125,1.745702797156956,0.44705615331628684,-0.058612714539255144,0.3682998000244768,0,-0.04779033524703313,0,0,0,-0.027969649383282426,1,-0.7331540839906392
2018-11-30,2760.169921875,76918450000,1.785935665477978,19.336,3.01,0.21,252.827,3.7,2.19,97.5,109.0654,28448.869140625,2.5089300556683902,1.3204393808017931,19.518636363636364,12.910526315789474,12.54695652173913,14.99203973372166,1.289751117488533,0,5.211210349057272,5.170292112600851,3.8501550955300945,2842.413330078125,0.971065640829631,2794.528361002604,0.9877051027260725,2742.9100545247397,1.0062925385838986,1,1,61.880355262137385,0,0,-0.0694033560936963,0,-0.037123324436757255,0,0.024051638085328397,1,0.25333333333333335,0.8289473684210525,0,-0.14000000000000012,3.0199999999999996,0,0.025089300556683902,0.0022743005363894397,0.0,0,-0.3880499013341857,1220.199951171875,0.6516457993535951,0.4420742148885478,0.044869666930915916,0.7284999979705535,0,-0.009315929393339362,1,0,0,-0.007859980165228726,0,1.745702797156956
2018-12-31,2506.85009765625,84162180000,-9.177689467997252,24.953157894736844,2.69,0.21,252.876,3.7,2.2,98.3,109.3931,25749.720703125,2.134156192445636,1.4798201091320216,19.336,19.518636363636364,12.910526315789474,17.25505422647528,1.4461361620324544,0,6.170405592918135,4.69576667503407,3.8199645499867034,2795.296630859375,0.8968100451241033,2803.6783447265625,0.89412899392378,2752.2925415039062,0.910822545152289,0,1,61.90748791996429,0,0,0.01785935665477978,1,-0.048715878816884994,0,0.020293686747492545,1,0.24333333333333332,0.863013698630137,0,-0.31999999999999984,3.0700000000000003,0,0.021341561924456354,-0.0037477386322275485,0.0,0,0.20635679740334284,1278.300048828125,4.761522699656795,0.509922811109949,3.803199008887519,0.18106994433160972,0,0.01657910650189387,1,0,0,0.05075832499858776,1,0.6516457993535951
2019-01-31,2704.10009765625,80859870000,7.868440166582613,19.57238095238095,2.63,0.18,252.733,3.9,2.27,98.3,109.9487,27992.41015625,1.9236740965385968,1.6870007520457528,24.953157894736844,19.336,19.518636363636364,21.26926475279107,0.920218972299574,0,7.752453678267612,5.793022221004554,5.4605385012748,2659.586669921875,1.016736972040728,2768.425008138021,0.976764799374127,2738.3958740234375,0.9874759611301934,0,1,47.16984524227721,0,0,-0.09177689467997252,0,-0.1397160878047653,0,-0.07781133929992379,0,0.2333333333333333,0.7714285714285715,0,-0.06000000000000005,2.9499999999999997,0,0.019236740965385968,-0.002104820959070386,0.19999999999999973,1,-0.35012000220312917,1319.699951171875,3.2386686037994883,0.4880366493517422,1.2490522641633837,0.4958438075543645,0,0.07284939053976092,1,1,1,0.0807910752027966,0,4.761522699656795
2019-02-28,2784.489990234375,70638770000,2.9728889343927145,15.234736842105262,2.73,0.21,252.673,4.0,2.4,91.2,109.4447,28903.30078125,1.375353567774673,0.7146280567212354,19.57238095238095,24.953157894736844,19.336,21.287179615705934,0.7156766240119894,0,12.053433857596394,8.638754468404082,6.408358261455177,2657.0400390625,1.0479668914650018,2749.7266845703125,1.0126424585611113,2728.4200439453125,1.0205503351338765,0,1,52.11920478878438,0,0,0.07868440166582613,1,-0.002817339643785166,0,-0.03983607506689768,0,0.19999999999999998,1.05,0,0.10000000000000009,2.776666666666667,1,0.013753535677746731,-0.005483205287639237,0.10000000000000009,1,-0.4771845555531734,1312.800048828125,-0.5228387208488505,0.47146876211884836,0.4933143699626211,0.8063259034614032,0,0.08859184856716662,1,1,1,0.06123442075241684,0,3.2386686037994883
2019-03-31,2834.39990234375,79159660000,1.7924256249588488,14.485238095238095,2.41,0.14,253.113,3.8,2.4,98.4,110.475,29266.91015625,1.399733193386732,0.6081474032415705,15.234736842105262,19.57238095238095,24.953157894736844,19.920091896407687,0.7271672324890383,0,3.461677473927665,8.776612035200168,6.402510107201531,2665.146728515625,1.0635061372108363,2730.2216796875,1.038157422685243,2734.3083699544272,1.0366057952677046,0,0,53.99457918495682,0,0,0.029728889343927145,1,0.008811076508961513,1,-0.04033404164338028,0,0.19999999999999998,0.7000000000000002,0,-0.31999999999999984,2.6833333333333336,0,0.013997331933867319,0.00024379625612058753,-0.20000000000000018,0,-0.39392156914807885,1293.0,-1.5082303543330622,0.45618121808811285,-0.14033172597003873,1.034646432225327,0,0.0758892815618597,1,1,1,0.02962254468936961,0,-0.5228387208488505
2019-04-30,2945.830078125,70090370000,3.9313498313737982,12.94904761904762,2.51,0.24,254.148,3.8,2.41,97.2,110.2214,30410.01953125,1.878442408062142,0.5947810102001435,14.485238095238095,15.234736842105262,19.57238095238095,16.430785296574772,0.7880966968600722,0,0.8347136110427018,3.221745598324459,6.466379110202444,2774.3299967447915,1.06181675632727,2716.9583333333335,1.0842382240403636,2750.4358520507812,1.0710411864099754,1,0,50.41122752782251,0,0,0.01792425624958849,1,0.13066190315637094,1,-0.0273097545825276,0,0.17666666666666667,1.3584905660377358,0,0.09999999999999964,2.5900000000000003,1,0.01878442408062142,0.004787092146754102,0.0,0,-0.24643618971620423,1282.800048828125,-0.7888593327049498,0.43546301545152877,-1.2881777163561887,1.110266806613268,0,0.01149960933299754,0,1,1,0.00792271699039765,0,-1.5082303543330622
2019-05-31,2752.06005859375,77250740000,-6.57777313668354,16.721818181818183,2.14,0.19,254.958,3.6,2.42,100.0,109.1818,28369.390625,1.97789714934824,0.7236960323635028,12.94904761904762,14.485238095238095,15.234736842105262,14.223007518796996,1.1756879239302083,0,1.5124478108001231,1.0713805483851404,5.706368545455049,2854.9066569010415,0.9639754952902979,2755.973347981771,0.9985800699448394,2775.2508544921875,0.991643711824861,1,0,58.998948087333375,0,0,0.03931349831373798,1,0.08939387291109036,1,0.08632468036524132,1,0.19666666666666666,0.9661016949152543,0,-0.36999999999999966,2.5500000000000003,0,0.0197789714934824,0.00099454741286098,-0.19999999999999973,0,-0.4904540183982431,1305.800048828125,1.792952847250917,0.47448094192223544,0.2565321328991514,0.2615575919378581,0,-0.02796082724030069,0,0,1,0.016608740765252938,1,-0.7888593327049498
2019-06-30,2941.760009765625,71250630000,6.89301639982407,15.836000000000002,2.0,0.25,255.155,3.6,2.39,98.2,109.5645,30268.05078125,1.8440537250284492,0.860692333289726,16.721818181818183,12.94904761904762,14.485238095238095,14.7187012987013,1.075910141705049,0,7.43107211503665,5.553930884636828,6.5849305303710635,2844.0966796875,1.0343389627981479,2754.6217041015625,1.0679361181919893,2779.1500244140625,1.0585106899314822,1,0,53.94332631888098,0,0,-0.0657777313668354,0,-0.011646632508775956,0,-0.0029381753699210256,0,0.19000000000000003,1.3157894736842104,0,-0.14000000000000012,2.3533333333333335,0,0.018440537250284494,-0.0013384342431979057,0.0,0,-0.8051019070829427,1409.699951171875,7.956800310812806,0.4792029079503967,0.257913601013132,0.022102850651759987,0,-0.0053321143659680326,0,0,0,0.08544216775716505,0,1.792952847250917
2019-07-31,2980.3798828125,70599470000,1.3128152166957952,13.305909090909092,2.02,0.13,255.305,3.7,2.38,98.2,109.5965,30684.8203125,1.773121738679806,0.4980645090127727,15.836000000000002,16.721818181818183,12.94904761904762,15.16895526695527,0.8771803236769561,0,9.525286629201329,7.0790218857940665,5.151863180604521,2879.8833821614585,1.034896031302356,2827.106689453125,1.0542155674319542,2797.7658487955728,1.065271378623605,1,1,59.222417823280146,0,0,0.0689301639982407,1,0.037877544143682496,1,0.17348859930475657,1,0.22666666666666668,0.5735294117647058,0,0.020000000000000018,2.216666666666667,1,0.01773121738679806,-0.000709319863486435,0.10000000000000009,1,-0.7595836058777373,1426.0999755859375,1.1633698646601465,0.4784960413301969,0.5846417283705053,0.17594627497155058,0,0.09025518265419574,1,1,1,0.0798606477685017,0,7.956800310812806
2019-08-31,2926.4599609375,80269220000,-1.809162724052393,18.97909090909091,1.5,0.0,256.161,3.7,2.4,89.8,109.1756,29925.349609375,1.9400205343711896,1.1809789803499935,13.305909090909092,15.836000000000002,16.721818181818183,15.287909090909094,1.2414445164628016,0,3.9457980969752215,6.768335597269019,4.52203444614649,2891.3999837239585,1.0121256060769517,2873.1533203125,1.0185533574724799,2811.4400024414062,1.040911404261237,1,1,58.74047494942726,0,0,0.013128152166957952,1,0.011728376644687843,1,0.10217069456700689,1,0.19000000000000003,0.0,0,-0.52,2.0533333333333332,0,0.019400205343711896,0.0016689879569138366,0.0,0,-0.8091017014175923,1519.0999755859375,6.521281929185174,0.519091323941876,3.112622796716698,-0.27312173867980594,1,0.11170870073533368,1,1,1,0.135040194563373,0,1.1633698646601465
2019-09-30,2976.739990234375,74178980000,1.7181177931020697,15.559,1.68,0.05,256.3,3.7,2.13,93.2,109.9206,30351.919921875,1.768541092572451,0.9360551219765958,18.97909090909091,13.305909090909092,15.836000000000002,16.040333333333336,0.9699923110492298,0,2.2075717726178863,4.408577113815275,4.676011730194625,2949.5332845052085,1.0092240714394007,2896.814982096354,1.0275906499489937,2813.5183308919272,1.0580133626819854,1,1,56.44404854538346,0,0,-0.018091627240523933,0,0.0633706745603746,1,0.0509859870931606,1,0.12666666666666668,0.39473684210526316,0,0.17999999999999994,1.8399999999999999,1,0.01768541092572451,-0.0017147944179873864,0.0,0,-0.7956637444367555,1465.699951171875,-3.5152409500543547,0.4923842713775187,0.6661748936594954,-0.26002053437118966,1,0.16334807687381847,1,1,1,0.06771076392050629,0,6.521281929185174
2019-10-31,3037.56005859375,75161370000,2.0431770513684056,15.507272727272728,1.69,0.17,256.358,3.5,2.04,95.5,109.5174,30945.630859375,1.7317872647761412,0.8221663661951136,15.559,18.97909090909091,13.305909090909092,15.948000000000002,0.9723647308297421,0,2.494163972827139,1.930143530399417,4.673348592156664,2961.1932779947915,1.0257891915284474,2920.538330078125,1.0400685474011548,2818.748331705729,1.077627266126171,1,1,55.11981895305945,0,0,0.017181177931020697,1,0.011890834178392762,1,0.05021877391857266,1,0.06,2.8333333333333335,0,0.010000000000000009,1.7333333333333334,1,0.017317872647761412,-0.00036753827796309757,-0.20000000000000018,0,-0.5678948905585802,1511.4000244140625,3.1179692136612758,0.49757041680149394,0.6514542146944617,-0.07854109257245101,1,0.039724765510169346,0,1,1,0.07839035807688653,0,-3.5152409500543547
2019-11-30,3140.97998046875,69369500000,3.4047037714499906,12.514736842105265,1.78,0.17,257.271,3.6,1.83,96.8,108.6714,32025.859375,1.7577236608431912,0.4136434815778924,15.507272727272728,15.559,18.97909090909091,16.68178787878788,0.7502035712861853,0,0.22985160580793015,2.1365038853763845,4.489265756737104,2980.2533365885415,1.0539305306387778,2935.82666015625,1.0698792347302895,2845.9000040690103,1.103685995986451,1,1,54.40961267390518,0,0,0.020431770513684056,1,0.01918553272722079,1,0.03113892452586242,1,0.07333333333333335,2.318181818181818,0,0.09000000000000008,1.6233333333333333,1,0.017577236608431912,0.00025936396067050005,0.10000000000000009,1,-0.37497663425296085,1465.5999755859375,-3.030306212009004,0.46660595887249684,-1.4108713784383078,0.04821273522385883,0,0.059813512578652084,0,1,1,0.018036991835754673,0,3.1179692136612758
2019-12-31,3230.780029296875,72325540000,2.858981890573009,13.756666666666666,1.92,0.34,257.936,3.5,1.55,99.3,109.677,32886.73828125,2.000980717822154,0.4730981007085261,12.514736842105265,15.507272727272728,15.559,14.527003189792666,0.9469720965114626,0,0.9627447765364524,0.8947989339547793,2.8485462715295067,3051.760009765625,1.0586612377639089,3000.6466471354165,1.0766945959402305,2877.6341756184897,1.1227208992270477,1,1,56.94827266159244,0,0,0.034047037714499906,1,0.07330358945438231,1,0.14131956192617778,1,0.13,2.6153846153846154,0,0.1399999999999999,1.7166666666666668,1,0.02000980717822154,0.002432570569789627,-0.10000000000000009,0,0.05158108280228018,1519.5,3.677676399558738,0.4703198565736751,-1.0077599221084586,0.16227633915680872,0,-0.03521822188125856,0,0,1,0.03630537326117855,0,-3.030306212009004
2020-01-31,3225.52001953125,77287980000,-0.1628092819048965,13.94095238095238,1.51,0.18,258.501,3.5,1.55,99.8,109.433,32838.19140625,2.282250438209488,0.4964913839670182,13.756666666666666,12.514736842105265,15.507272727272728,13.926225412014887,1.0010574989634153,0,0.3858836426102103,0.6852134602239836,1.830648274213868,3136.4400227864585,1.02840162607849,3048.816650390625,1.0579580176190606,2937.961669921875,1.0978768213871972,1,1,67.06179196373827,0,0,0.02858981890573009,1,0.08534169591429386,1,0.09824731404730613,1,0.2266666666666667,0.7941176470588234,0,-0.4099999999999999,1.7966666666666669,0,0.022822504382094877,0.0028126972038733378,0.0,0,-0.07350972711277688,1582.9000244140625,4.172426746565483,0.4907425825383958,0.16929325687915328,-0.4909807178221539,1,0.03670604531651245,0,0,1,0.06623708945473324,0,3.677676399558738
2020-02-29,2954.219970703125,84436590000,-8.411048363840312,19.62894736842105,1.13,0.27,258.82,3.6,1.55,101.0,109.2026,30125.0703125,2.4327886240318453,0.9697493379837436,13.94095238095238,13.756666666666666,12.514736842105265,13.404118629908105,1.4643967209170858,0,2.13672902938881,1.9216392154958863,1.9689272244339624,3199.0933430989585,0.9234553837186179,3089.67333984375,0.9561593235783705,2981.413330078125,0.9908790374348103,1,1,65.74373628464892,0,0,-0.0016280928190489652,0,0.061878599043903915,1,0.08225130565819616,1,0.23,1.173913043478261,0,-0.3800000000000001,1.7366666666666666,0,0.024327886240318453,0.0015053818582235756,0.10000000000000009,1,0.4979622131252122,1564.0999755859375,-1.1876965404106432,0.5294460098086977,2.0833154873338535,-1.1522504382094878,1,0.047307131695805804,0,0,1,0.03534784140571902,0,4.172426746565483
2020-03-31,2584.590087890625,162185380000,-12.51192824089282,57.73681818181819,0.7,0.47,259.05,3.5,1.58,89.1,109.6035,25899.9296875,2.345592679949271,4.346289519040871,19.62894736842105,13.94095238095238,13.756666666666666,15.775522138680033,3.6598990305527304,1,5.8323857876844425,5.833498832579277,4.4116565660637415,3136.8400065104165,0.8239470558034157,3094.300008138021,0.8352745632592649,2995.5574951171875,0.8628077051111699,1,1,64.95350234361115,0,0,-0.08411048363840312,0,-0.05945915317096462,0,0.009485866930067921,1,0.26333333333333336,1.7848101265822782,0,-0.42999999999999994,1.5199999999999998,0,0.02345592679949271,-0.0008719594408257425,-0.10000000000000009,0,0.9093707634979644,1583.4000244140625,1.2339395901399985,0.6126310055248765,5.382460481287005,-1.7327886240318453,1,0.06720797055186933,1,0,1,0.04294561513738346,1,-1.1876965404106432
2020-04-30,2912.429931640625,123608160000,12.68440381652789,41.453809523809525,0.64,0.44,257.953,4.4,0.65,71.8,103.6635,29365.490234375,1.4971591356217615,4.229997096841357,57.73681818181819,19.62894736842105,13.94095238095238,30.43557264373054,1.3620183858229014,0,2.899759969895284,6.289560169863694,6.6939395653125695,2921.443359375,0.9969147347301974,3028.941691080729,0.9615338387717419,2974.7400105794272,0.9790536051160097,0,1,46.41810198545298,0,0,-0.12511928240892822,0,-0.20001050382463903,0,-0.13173804350741225,0,0.3066666666666667,1.434782608695652,0,-0.05999999999999994,1.1133333333333333,0,0.014971591356217617,-0.008484335443275093,0.9000000000000004,1,0.21881367563495113,1684.199951171875,6.366043021573997,0.5782799898032687,1.2290652082852904,-1.7055926799492709,1,0.04205332307605292,0,0,1,0.09518903210105636,0,1.2339395901399985
2020-05-31,3044.31005859375,107135190000,4.528181966555822,30.897,0.65,0.49,255.902,14.7,0.05,72.3,92.5919,30927.0390625,0.3702570619474432,1.7711149263048376,41.453809523809525,57.73681818181819,19.62894736842105,39.606525024682924,0.7800987332452135,0,17.816497258830182,13.519679900106247,9.024620222778267,2817.0799967447915,1.0806615581068086,3008.086669921875,1.0120420029895003,2971.9566650390625,1.024345373001506,0,1,53.339248341915706,0,0,0.1268440381652789,1,-0.09706654616768584,0,-0.041194289014668706,0,0.3933333333333333,1.2457627118644068,0,0.010000000000000009,0.8233333333333333,1,0.0037025706194744323,-0.011269020736743185,10.299999999999999,1,0.21136037884258582,1736.9000244140625,3.1290864962630227,0.5705397909490153,0.7621473977666451,-0.8471591356217617,1,0.0639964149317076,1,0,1,0.10869497969295537,0,6.366043021573997
2020-06-30,3100.2900390625,131458880000,1.838839651392421,31.119545454545456,0.66,0.5,255.768,13.3,0.05,78.1,92.5503,31630.509765625,0.2402461249044751,1.6151694331106723,30.897,41.453809523809525,57.73681818181819,43.36254256854257,0.7176596115265893,0,5.767319778977158,12.856544765836599,9.129309497832523,2847.1100260416665,1.0889252648141698,2991.9750162760415,1.036201847340715,2996.310831705729,1.0347024101293183,0,0,55.25387487570969,0,0,0.04528181966555822,1,0.03049538923439843,1,-0.03077699395606248,0,0.4666666666666666,1.0714285714285716,0,0.010000000000000009,0.6633333333333333,1,0.0024024612490447517,-0.0013001093704296807,-1.3999999999999986,0,0.18566020355752985,1793.0,3.229890885911102,0.5783329873685583,0.6625334605354177,0.2897429380525568,0,0.11047890257999105,1,0,1,0.11239789060076523,0,3.1290864962630227
2020-07-31,3271.1201171875,96928130000,5.510132148044367,26.840454545454545,0.55,0.44,257.214,11.1,0.08,72.5,97.4587,33393.390625,0.7477331035428136,1.3128682316083131,31.119545454545456,30.897,41.453809523809525,34.49011832611833,0.7782070879452181,0,1.9016521879840187,5.647754406460438,9.070950145433365,3019.010009765625,1.0835075427396303,2970.2266845703125,1.1013031881304765,3009.5216674804688,1.0869235973722156,1,0,53.97637710154649,0,0,0.01838839651392421,1,0.19952871969448593,1,-0.04038962388373246,0,0.4766666666666666,0.9230769230769231,0,-0.10999999999999999,0.65,0,0.007477331035428136,0.005074869786383385,-2.200000000000001,0,0.324783223891101,1962.800048828125,9.470164463364483,0.6000391237591529,0.9294165005225514,0.3097538750955249,0,0.1323733562928926,1,0,1,0.18425263140115133,0,3.229890885911102
2020-08-31,3500.31005859375,82466520000,7.006466690171775,22.88952380952381,0.72,0.58,258.723,10.2,0.09,74.1,100.1665,35807.66015625,1.000152248000297,0.655966844344043,26.840454545454545,31.119545454545456,30.897,29.619,0.7727986700943249,0,2.5959958201019178,1.900665534447763,9.383271895071848,3138.5734049479165,1.1152551197545868,2977.826700846354,1.1754579464274721,3033.7500203450522,1.1537898756060436,1,0,63.522261387010154,0,0,0.055101321480443666,1,0.12315839143461149,1,0.014137285578800007,1,0.4766666666666666,1.2167832167832169,0,0.16999999999999993,0.62,1,0.010001522480002967,0.0025241914445748304,-0.9000000000000004,0,0.1661382366375667,1967.5999755859375,0.24454486643599171,0.5621216242701714,-0.5620128651293527,-0.027733103542813664,1,0.1654198466532424,1,0,1,0.1434659472317012,0,9.470164463364483
2020-09-30,3363.0,92310780000,-3.9227970178423055,27.64761904761905,0.69,0.56,259.681,8.4,0.1,74.1,101.3605,34480.26953125,1.3191572376121563,1.3075225164378297,22.88952380952381,26.840454545454545,31.119545454545456,26.949841269841272,1.025891721245818,0,1.0580683016620613,2.6590027851890548,8.488319945026156,3290.5734049479165,1.022010326511233,3068.8417154947915,1.0958531953668327,3081.5708618164062,1.0913265184554957,1,0,64.25767478765434,0,0,0.07006466690171775,1,0.14978763372435155,1,0.18485085515167365,1,0.5066666666666667,1.105263157894737,0,-0.030000000000000027,0.6433333333333334,0,0.013191572376121563,0.0031900498961185964,-1.799999999999999,0,-0.9386013154516879,1887.5,-4.070948189663614,0.5612548319952424,-1.1804060283585491,-0.3101522480002967,1,0.1328228153198978,1,1,1,0.05565860739073675,0,0.24454486643599171
2020-10-31,3269.9599609375,86503220000,-2.766578622137972,29.64666666666667,0.88,0.74,260.209,7.9,0.09,81.8,101.5055,33724.80859375,1.5021961475748746,1.2240166389811813,27.64761904761905,22.88952380952381,26.840454545454545,25.792532467532467,1.149428296891194,0,7.728156481312799,5.925481343456576,5.518041317660869,3378.1433919270835,0.9679754769296902,3198.576700846354,1.022317195042488,3113.7591959635415,1.0501646900558161,1,1,59.29836119418712,0,0,-0.039227970178423055,0,0.0847372205914454,1,0.30117344942101165,1,0.5266666666666667,1.4050632911392402,0,0.19000000000000006,0.6533333333333333,1,0.015021961475748746,0.0018303890996271832,-0.5,0,-0.7113313435473092,1877.4000244140625,-0.5350980442880848,0.5741354777554556,-0.06704753409199676,-0.4391572376121563,1,0.05270496374790845,0,1,1,0.021066003125849758,0,-4.070948189663614
2020-11-30,3621.6298828125,96611620000,10.75456354438591,25.07684210526316,0.84,0.68,260.325,6.9,0.09,76.9,103.2054,37839.6484375,1.1870751075713892,1.3767544439165973,29.64666666666667,27.64761904761905,22.88952380952381,26.72793650793651,0.9382258932640357,0,0.8175698681352297,6.004138306955977,4.5077027607861915,3377.7566731770835,1.0721997565934884,3258.1650390625,1.1115550745258083,3133.1258544921875,1.155915865179788,1,1,58.19191223802901,0,0,-0.027665786221379718,0,-0.00035466635538827784,0,0.1227600449413977,1,0.6266666666666667,1.0851063829787233,0,-0.040000000000000036,0.7633333333333333,0,0.011870751075713892,-0.003151210400034854,-1.0,0,0.0075626487147849196,1775.699951171875,-5.417069986132983,0.49030409197775193,-5.9132726405998834,-0.6621961475748747,1,-0.04350928382391772,0,0,1,-0.050867722845497156,0,-0.5350980442880848
2020-12-31,3756.070068359375,96375680000,3.712145909357001,22.37409090909091,0.93,0.8,260.817,6.7,0.09,80.7,103.9818,39456.66015625,1.116943737981524,0.7193884617611049,25.07684210526316,29.64666666666667,27.64761904761905,27.457042606516296,0.8148762133537621,0,9.560891315336413,8.160709114813146,5.744269277361344,3418.1966145833335,1.0988455293456627,3354.385009765625,1.1197492408964158,3173.1800130208335,1.1836927161228512,1,1,63.446579824955705,0,0,0.10754563544385909,1,0.034659736477028025,1,0.18963897011378328,1,0.66,1.2121212121212122,0,0.09000000000000008,0.8033333333333332,1,0.011169437379815239,-0.0007013136958986532,-0.20000000000000018,0,-0.013621159804407543,1893.0999755859375,6.611478720635455,0.5040108254457645,-1.5243456136248479,-0.2570751075713892,1,-0.09752999938766316,0,0,0,0.008398424495350271,0,-5.417069986132983
2021-01-31,3714.239990234375,106117800000,-1.1136660755445171,24.91,1.11,1.0,261.775,6.7,0.09,79.0,105.7244,39396.171875,1.2665328180548665,0.730439071287009,22.37409090909091,25.07684210526316,29.64666666666667,25.699199893673583,0.9692908768779271,0,4.979741265676691,6.762529151982882,5.714796106374114,3549.219970703125,1.0464947286709194,3463.681681315104,1.0723387227732017,3216.9541829427085,1.154582806907363,1,1,64.5353797396646,0,0,0.03712145909357001,1,0.11688078155199966,1,0.21152215471271751,1,0.7400000000000001,1.351351351351351,0,0.18000000000000005,0.8833333333333333,1,0.012665328180548663,0.0014958908007334237,0.0,0,-0.04861938646444901,1847.300048828125,-2.419308401482434,0.497356135759972,-1.2070237034242062,-0.006943737981523812,1,0.0029668744826159,0,1,0,-0.02466536577638082,0,6.611478720635455
2021-02-28,3811.14990234375,99082320000,2.60914513774484,23.14052631578948,1.44,1.3,262.231,6.3,0.09,76.8,107.1843,40508.6796875,1.3179043350591169,1.0357714682743602,24.91,22.37409090909091,25.07684210526316,24.120311004784693,0.9593792680035985,0,3.412364379255201,5.968514356900693,5.859494114537824,3697.3133138020835,1.030789002413378,3537.5349934895835,1.077346205580361,3257.6808471679688,1.1698966476893935,1,1,61.89335999362196,0,0,-0.011136660755445171,0,0.13586711599046608,1,0.13546426214023244,1,0.8266666666666667,1.5725806451612905,0,0.32999999999999985,0.96,1,0.013179043350591169,0.0005137151700425058,-0.40000000000000036,0,0.2854981874582494,1728.0999755859375,-6.452664434118571,0.4534326961327878,-2.0496242316984863,0.17346718194513366,0,-0.01603279812214331,0,1,0,-0.0782319687765831,0,-2.419308401482434
2021-03-31,3972.889892578125,122371150000,4.243863253316516,21.84304347826087,1.74,1.58,263.161,6.2,0.08,84.9,104.6526,41741.87109375,1.586952325805835,1.1082424008249028,23.14052631578948,24.91,22.37409090909091,23.474872408293464,0.9304861427295306,0,2.6324250539942553,2.52864902486117,5.407402433154986,3760.4866536458335,1.0564829125842965,3589.3416341145835,1.1068575514846903,3329.0916748046875,1.19338554796969,1,1,62.00544963311386,0,0,0.026091451377448394,1,0.05233003527794833,1,0.08880351698754363,1,1.0333333333333334,1.5290322580645161,0,0.30000000000000004,1.1600000000000001,1,0.01586952325805835,0.0026904799074671804,-0.09999999999999964,0,0.4896137635761102,1713.800048828125,-0.8274941820402448,0.4313736587640464,-1.7942430946282335,0.42209566494088313,0,-0.026806316886208048,0,1,0,-0.06597266663286262,0,-6.452664434118571
2021-04-30,4181.169921875,83124090000,5.242532134755851,17.416190476190476,1.65,1.49,264.793,6.0,0.07,88.3,105.583,43870.08984375,2.6516458424596934,0.7273602797239147,21.84304347826087,23.14052631578948,24.91,23.29785659801679,0.7475447538668863,0,1.1559202648493068,2.745746624532093,4.742650807386459,3832.7599283854165,1.0909031611683422,3690.989949544271,1.1328044722503923,3444.7833251953125,1.2137686255311677,1,1,64.51998662419929,0,0,0.042438632533165155,1,0.0577251809132131,1,0.1813529267255798,1,1.2933333333333334,1.152061855670103,0,-0.09000000000000008,1.43,0,0.026516458424596934,0.010646935166538585,-0.20000000000000018,0,0.2962207343904461,1767.300048828125,3.1217177311076982,0.422680752480779,-1.4053015585898774,0.06304767419416502,0,-0.0947123390576966,0,0,0,-0.021374359130579213,0,-0.8274941820402448
2021-05-31,4204.10986328125,88321860000,0.548648867060697,19.7605,1.58,1.44,266.832,6.1,0.07,82.9,99.0122,43966.359375,4.27116630585147,0.8149874864078394,17.416190476190476,21.84304347826087,23.14052631578948,20.799920090080278,0.9500276882998224,0,0.706165538225874,1.3294340856268594,3.874136535291547,3988.4032389322915,1.0540834543115816,3842.8582763671875,1.0940059614312836,3550.5116577148438,1.1840856385152867,1,1,74.43568428212942,1,0,0.05242532134755851,1,0.12571345224549169,1,0.2786608924337579,1,1.4566666666666668,0.9885583524027459,0,-0.06999999999999984,1.61,0,0.042711663058514704,0.01619520463391777,0.09999999999999964,1,0.5703549976442206,1902.5,7.6500847301806285,0.45253336898173374,-0.3957646337126949,-1.0716458424596933,1,-0.04330644610265111,0,0,0,0.06430588869606813,0,3.1217177311076982
2021-06-30,4297.5,102544180000,2.2214009565834747,16.956818181818182,1.45,1.2,268.551,5.8,0.06,85.5,99.8562,45113.859375,4.997888711644927,0.6305880983713651,19.7605,17.416190476190476,21.84304347826087,19.673244651483785,0.8619228033917259,0,3.3190766886853407,2.4726668809841312,2.4041751578064314,4119.389892578125,1.0432370113212093,3939.938273111979,1.0907531291361068,3647.1616414388022,1.1783135551690656,1,1,87.42166109892159,1,0,0.00548648867060697,1,0.10310797817106088,1,0.1608336575841387,1,1.5033333333333336,0.7982261640798224,0,-0.13000000000000012,1.656666666666667,0,0.049978887116449267,0.007267224057934563,-0.2999999999999998,0,0.6879071631608014,1770.800048828125,-6.922467867115634,0.4120535308500582,-1.4340653478551213,-2.82116630585147,1,0.10092010119665074,1,0,0,-0.020945236649318265,0,7.6500847301806285
2021-07-31,4395.259765625,84255620000,2.274805482838871,17.603333333333335,1.24,1.05,270.981,5.9,0.08,81.2,100.0951,45708.0,5.352352515803949,0.657151431328422,16.956818181818182,19.7605,17.416190476190476,18.04450288600289,0.9755510276200644,0,1.1828143457455944,2.3790009555650142,2.3349008497613064,4227.59326171875,1.0396600366985362,4030.1765950520835,1.0905873879127619,3746.9291381835938,1.1730298608624605,1,1,85.89323704182756,1,0,0.022214009565834747,1,0.08170629345361147,1,0.14414798493818237,1,1.376666666666667,0.7627118644067795,0,-0.20999999999999996,1.5599999999999998,0,0.05352352515803949,0.00354463804159022,0.10000000000000053,1,0.8451398435396648,1812.5999755859375,2.3605108202631175,0.4123988278831998,-1.0672672945487496,-3.7578887116449264,1,0.033259422555727,1,1,1,0.013588294310701856,0,-6.922467867115634
2021-08-31,4522.68017578125,80500760000,2.899041625543864,17.472727272727273,1.3,1.1,272.265,5.4,0.1,70.3,101.1148,46979.62890625,5.2341693626001495,0.6066543403848996,17.603333333333335,16.956818181818182,19.7605,18.10688383838384,0.9649770456740738,0,0.037762702663570756,0.9815437041230068,1.6581318648376595,4298.95654296875,1.0520413804085589,4143.6798909505205,1.0914646630060485,3840.6074422200522,1.177595014284232,1,1,85.63927972908044,1,0,0.02274805482838871,1,0.05120333489197049,1,0.18335373513321396,1,1.2300000000000002,0.8943089430894308,0,0.06000000000000005,1.4233333333333331,1,0.052341693626001495,-0.0011818315320379913,-0.5,0,0.7733610936823041,1815.0,0.1324078366097714,0.4013107116703153,-1.5774858434702383,-4.052352515803949,1,0.025632278337710757,1,1,1,0.01822328922255354,0,2.3605108202631175
2021-09-30,4307.5400390625,85528860000,-4.75691688019011,19.824761904761903,1.52,1.24,273.012,5.2,0.09,70.3,101.5949,44850.03125,5.133606232261889,0.6005405938382337,17.472727272727273,17.603333333333335,16.956818181818182,17.344292929292934,1.1430135541172557,0,0.4414016095686357,0.37676687785946195,1.6536922460606678,4405.146647135417,0.9778425973318303,4262.2682698567705,1.010621520359452,3925.8049519856772,1.0972374052571665,1,1,86.16091988266854,1,0,0.028990416255438634,1,0.07577592471652506,1,0.18669700527914923,1,1.116666666666667,1.1104477611940295,0,0.21999999999999997,1.33,1,0.05133606232261889,-0.0010056313033826036,-0.20000000000000018,0,0.12231640125885657,1755.300048828125,-3.2892535080922825,0.4074947726336518,-0.8042056703584197,-3.7141693626001495,1,-0.04599211563731931,0,0,1,-0.0232053261239919,0,0.1324078366097714
2021-10-31,4605.3798828125,76971630000,6.914383640060651,17.765,1.55,1.07,274.138,4.8,0.08,71.7,100.0178,47795.08984375,5.353004700068009,0.9090433732864008,19.824761904761903,17.472727272727273,17.603333333333335,18.300274170274175,0.9707504835559436,0,5.413580175887334,4.251440751755033,3.3788886405333414,4408.493326822917,1.0446607358554116,4318.043294270833,1.0665432393702268,4004.5166219075522,1.150046389523719,1,1,75.76799399415148,1,0,-0.047569168801901096,0,0.0023362510907505296,1,0.084233430961564,1,1.1300000000000001,0.9469026548672566,0,0.030000000000000027,1.3533333333333333,1,0.05353004700068009,0.0021939846780612005,-0.40000000000000036,0,0.17017630513612408,1783.0,1.578074995803025,0.3871559014391499,-1.6919919369023155,-3.5836062322618893,1,-0.008753105699459196,0,0,0,-0.011595151351678178,0,-3.2892535080922825
2021-11-30,4567.0,84341970000,-0.8333706184746159,18.5425,1.43,0.91,276.724,4.6,0.08,67.4,101.611,46936.078125,6.299433400556986,0.5120413393322278,17.765,19.824761904761903,17.472727272727273,18.35416305916306,1.0102612655357726,0,8.252855743135402,5.9295296042922425,3.8011977421580827,4478.533365885417,1.0197534833140833,4388.744954427083,1.0406164056977394,4115.801615397136,1.1096258825777559,1,1,76.5678769040631,1,0,0.0691438364006065,1,0.047806074815152755,1,0.1014572401657543,1,1.1366666666666667,0.8005865102639296,0,-0.1200000000000001,1.4566666666666668,0,0.06299433400556986,0.009464287004889771,-0.20000000000000018,0,0.09859416928058924,1773.5999755859375,-0.5272027153147785,0.3883512098940087,-1.087809207911837,-3.9230047000680095,1,-0.016330120260742653,0,0,0,-0.018230147832990085,0,1.578074995803025
2021-12-31,4766.18017578125,92750180000,4.361291346206486,21.354545454545452,1.52,0.79,278.88,4.2,0.08,70.6,102.2852,48461.16015625,6.925545497417729,1.124370991221628,18.5425,17.765,19.824761904761903,18.71075396825397,1.1412979664409637,0,5.478489575177253,5.939152116148084,3.923623577540932,4493.306640625,1.0607288923237819,4449.226643880208,1.0712378930700244,4194.582458496094,1.1362704686201577,1,1,80.39206357579849,1,0,-0.008333706184746159,0,0.009799460164369167,1,0.08631794803657189,1,1.0733333333333335,0.7360248447204968,0,0.09000000000000008,1.5,1,0.06925545497417729,0.006261120968607425,-0.39999999999999947,0,0.0167955048431723,1827.5,3.039018107578384,0.38343074172609193,-1.5877444410961516,-4.779433400556986,1,-0.02280993080664595,0,0,0,0.023780841807484528,0,-0.5272027153147785
2022-01-31,4515.5498046875,95562890000,-5.258516502739385,23.181,1.79,0.61,280.192,3.9,0.08,67.2,101.8926,45416.46875,7.035431190908237,0.9690963866878364,21.354545454545452,18.5425,17.765,19.22068181818182,1.2060446252261412,0,3.673180701197861,3.9482166699851624,4.100675093627662,4646.186686197917,0.9718829891406451,4527.340006510417,0.9973957772542017,4278.75830078125,1.0553411731303015,1,1,85.84756293441316,1,0,0.04361291346206486,1,0.10647379538196211,1,0.10905879599331003,1,0.9233333333333335,0.6606498194945848,0,0.27,1.5,1,0.07035431190908237,0.0010988569349050792,-0.30000000000000027,0,-0.11282856606757212,1795.0,-1.7783857729138153,0.3975152700423428,0.06868980073784214,-5.135545497417729,1,0.04113254096932151,1,0,1,0.00027862914460852607,0,3.039018107578384
2022-02-28,4373.93994140625,92667710000,-3.1360491945908286,25.748421052631578,1.83,0.39,281.933,4.0,0.08,62.8,103.4677,44259.2109375,7.513223074312347,1.3588382657553162,23.181,21.354545454545452,18.5425,21.026015151515153,1.2245982354281773,0,6.80223136370121,4.815030842320214,4.987286847483631,4616.243326822917,0.9475106990117373,4547.388346354167,0.9618575780784199,4345.534118652344,1.0065367851173874,1,1,72.50688699815396,1,0,-0.052585165027393854,0,-0.01950546543624998,0,0.027368129638953187,1,0.7700000000000001,0.5064935064935064,0,0.040000000000000036,1.58,1,0.07513223074312347,0.004777918834041106,0.10000000000000009,1,-0.1092385238398079,1899.4000244140625,5.81615734897285,0.4342537963160493,4.277914042012232,-5.205431190908237,1,0.006730229949523325,0,0,1,0.060189417139639864,0,-1.7783857729138153
2022-03-31,4530.41015625,123546260000,3.577328837154625,26.968695652173917,2.32,0.04,284.182,3.8,0.08,59.4,103.5811,45606.671875,7.987885742948242,1.524053438276273,25.748421052631578,23.181,21.354545454545452,23.42798883572568,1.151131488121975,0,1.500811026438638,5.0539701507739085,5.028237346287606,4551.889973958333,0.9952811210659264,4522.598307291667,1.0017272922394496,4392.433288574219,1.031412399144386,1,1,65.5006072736872,0,0,-0.031360491945908286,0,-0.042272839630775105,0,-0.032887630474402574,0,0.5966666666666667,0.0670391061452514,0,0.48999999999999977,1.7133333333333336,1,0.07987885742948242,0.004746626686358946,-0.20000000000000018,0,-0.20950142922110201,1949.199951171875,2.621876704101611,0.43024800932931534,1.6054045313710283,-5.193223074312348,1,0.07092921208829228,1,0,1,0.07951038918207658,0,5.81615734897285
2022-04-30,4131.93017578125,90367840000,-8.795671180434306,24.3735,2.89,0.19,287.708,3.6,0.2,65.2,104.5853,41343.96875,8.65392967336751,1.1850616981890216,26.968695652173917,25.748421052631578,23.181,25.299372234935166,0.963403351421635,0,4.747075130916023,4.61241937493776,4.744145609237633,4473.299967447917,0.9236872568012864,4559.743326822917,0.9061760453653093,4438.893310546875,0.9308469221289288,0,1,69.36171602764753,0,0,0.03577328837154625,1,-0.049467290542075215,0,0.05173953466861003,1,0.3466666666666667,0.548076923076923,0,0.5700000000000003,1.9799999999999998,1,0.08653929673367511,0.006660439304192689,-0.19999999999999973,0,-0.8539626708992839,1909.300048828125,-2.0469886796252945,0.46208429658836664,2.571172154668456,-5.097885742948241,1,0.0665936805318057,1,0,1,0.03882045609623082,0,2.621876704101611
2022-05-31,4132.14990234375,108860390000,0.0053177704644635,29.445714285714285,2.85,0.32,288.663,3.6,0.33,58.4,105.5973,41084.8984375,8.18155243748877,1.9703626195069777,24.3735,26.968695652173917,25.748421052631578,25.696872234935167,1.1458870953828586,0,8.749032216058412,6.193974155782644,5.107095471231192,4345.4267578125,0.9509192382347013,4480.835042317708,0.9221830001147284,4434.7899983723955,0.9317577391173614,0,1,56.65723447488391,0,0,-0.08795671180434306,0,-0.08495524255053555,0,-0.1028036164395878,0,0.20666666666666675,1.548387096774193,0,-0.040000000000000036,2.3466666666666662,0,0.0818155243748877,-0.004723772358787404,0.0,0,-0.5687975640077535,1842.699951171875,-3.4881944143419052,0.4459421837834823,0.9643127009945756,-5.803929673367511,1,0.06367690742513932,1,0,1,-0.008768181187802582,0,-2.0469886796252945
2022-06-30,3785.3798828125,106116710000,-8.391999993382681,28.1,2.98,0.06,291.474,3.6,0.77,50.0,105.1924,37564.23046875,8.535808840778847,1.8745694325746964,29.445714285714285,24.3735,26.968695652173917,26.9293033126294,1.0434729660021158,0,6.223238968328408,6.367990250851701,5.146256827455131,4264.830078125,0.887580469437299,4408.360026041667,0.8586821086415326,4428.7933349609375,0.8547203711066567,0,0,53.54266898887718,0,0,5.317770464463578e-05,1,-0.05527968886211154,0,-0.09521569907077954,0,0.18333333333333343,0.3272727272727271,0,0.1299999999999999,2.686666666666666,1,0.08535808840778847,0.0035425640329007635,0.0,0,0.009647263015538868,1804.0999755859375,-2.0947509962970123,0.47659680968281287,1.718169775693657,-5.20155243748877,1,-0.029851570239754377,0,0,1,-0.035507134654167376,0,-3.4881944143419052
2022-07-31,4130.2900390625,81688320000,9.111639173021002,24.8685,2.67,-0.22,295.328,3.6,1.21,51.5,104.3648,41119.578125,8.984762769345455,1.484497195597054,28.1,29.445714285714285,24.3735,27.306404761904762,0.9107204048587938,0,5.9378003345945825,4.968824518403383,4.845821781515173,4016.4866536458335,1.0283340628838802,4244.893310546875,0.9730020843634323,4386.1166585286455,0.9416735487487092,0,0,41.70679353386535,0,0,-0.08391999993382682,0,-0.16445095427169687,0,-0.20578330167889258,0,0.19000000000000009,-1.1578947368421046,1,-0.31000000000000005,2.9066666666666667,0,0.08984762769345456,0.004489539285666089,0.0,0,-0.1901967760766957,1762.9000244140625,-2.2836844814264845,0.42682233154120297,-0.518964402575779,-5.865808840778847,1,-0.07444078556368838,0,0,0,-0.055563971124278695,0,-2.0947509962970123
2022-08-31,3955.0,92252350000,-4.244012827299837,22.169565217391305,3.15,-0.3,295.271,3.5,1.68,58.2,104.8075,39560.859375,8.449855838980413,1.1862498086348163,24.8685,28.1,29.445714285714285,27.471404761904765,0.8070051535236508,0,12.3769419500065,8.75421250200289,6.982008300956563,4015.93994140625,0.9848254848689518,4180.683349609375,0.9460175931213586,4364.0358479817705,0.9062711989016,0,0,48.63710572362769,0,0,0.09111639173021002,1,-0.00039694202200302175,0,-0.08531846226678086,0,0.05333333333333343,-5.62499999999999,1,0.48,2.8333333333333335,1,0.08449855838980413,-0.005349069303650422,-0.10000000000000009,0,-0.003960865219451635,1712.800048828125,-2.8419067951734434,0.433072073028603,-0.6543964930842644,-5.8347627693454545,1,-0.07667732711991426,0,0,0,-0.0797664390347622,0,-2.2836844814264845
2022-09-30,3585.6201171875,94241020000,-9.339567201327435,27.406190476190478,3.83,-0.39,295.62,3.7,2.33,58.6,104.5464,35836.921875,8.280954683310625,1.4380494766936205,22.169565217391305,24.8685,28.1,25.04602173913044,1.094233278308333,0,9.443872096594555,9.146553284811008,7.0554479750733,3956.8899739583335,0.9061712963427618,4110.860026041667,0.8722311376386321,4316.729166666667,0.8306335604455534,0,0,43.86222844928516,0,0,-0.04244012827299837,0,-0.042871121941454926,0,-0.09578090852147325,0,-0.15333333333333324,2.5434782608695667,1,0.6800000000000002,2.9333333333333336,1,0.08280954683310626,-0.0016890115566978725,0.20000000000000018,1,-0.09414287640076065,1662.4000244140625,-2.942551551685535,0.46362971259711167,0.896794484653699,-4.619855838980413,1,-0.07049433211366807,0,0,0,-0.0916674122134255,0,-2.8419067951734434
2022-10-31,3871.97998046875,91989440000,7.98634138370089,29.8835,4.1,-0.41,296.761,3.5,2.56,59.9,105.1762,38702.5,8.252413018260896,1.7856091681271746,27.406190476190478,22.169565217391305,24.8685,24.8147518978606,1.2042635011223466,0,3.6031010517797077,9.528773368077877,7.181911201234278,3890.3033854166665,0.9952899804635792,3953.39501953125,0.9794062979640842,4256.569173177083,0.9096480811044174,0,0,36.778028975485476,0,0,-0.09339567201327437,0,-0.05277139198948255,0,-0.20854404049026332,0,-0.3033333333333333,1.3516483516483517,1,0.2699999999999996,3.2166666666666663,1,0.08252413018260896,-0.00028541665049730547,-0.20000000000000018,0,0.323835884566847,1635.9000244140625,-1.5940808235575088,0.4224970254665462,-1.4930187474274417,-4.180954683310626,1,-0.07854329199569643,0,0,0,-0.08217537737643849,0,-2.942551551685535
2022-11-30,4080.110107421875,87078600000,5.375289335249311,23.482,3.68,-0.7,298.062,3.7,3.08,56.8,104.6894,40552.421875,7.710932192364961,1.7577395505467457,29.8835,27.406190476190478,22.169565217391305,26.486418564527266,0.8865675796367944,0,12.251267450691756,8.904430983148899,7.981377677879173,3804.2000325520835,1.0725277515663902,3910.0699869791665,1.0434877434442236,4195.4525146484375,0.9725077552841216,0,0,39.898030780277246,0,0,0.0798634138370089,1,-0.06254041632688379,0,-0.06291253342957315,0,-0.36666666666666653,1.9090909090909096,1,-0.4199999999999995,3.693333333333333,0,0.07710932192364961,-0.005414808258959347,0.20000000000000018,1,0.3434174702173296,1746.0,6.730238641898212,0.4279296278852769,-0.7804818592357617,-4.572413018260896,1,-0.07204038699937687,0,0,0,0.0052970934010083985,0,-1.5940808235575088
2022-12-31,3839.5,85249330000,-5.897147407473047,21.78428571428572,3.88,-0.53,298.349,3.7,3.78,59.7,104.5175,38073.94140625,6.981138841078605,1.4030158577033094,23.482,29.8835,27.406190476190478,26.923896825396827,0.8091059721242504,0,1.84629260949121,9.341053687785227,8.382373104257256,3845.9034016927085,0.9983350071429536,3901.396687825521,0.9841347361526521,4154.878356933594,0.9240944427633374,0,0,46.461501388235654,0,0,0.053752893352493114,1,0.031633402635113717,1,-0.012593878768134226,0,-0.49999999999999994,1.0600000000000003,1,0.19999999999999973,3.8699999999999997,1,0.06981138841078605,-0.007297933512863564,0.0,0,0.4050325562645481,1819.699951171875,4.221073950279219,0.4739419068034575,1.424336666523321,-3.830932192364961,1,0.01938343660988906,1,1,0,0.05754492921953275,1,6.730238641898212
2023-01-31,4076.60009765625,80763810000,6.17528578346791,20.203,3.52,-0.69,298.112,3.5,4.1,64.9,103.4332,40724.9609375,6.395614435815444,1.1215524561877144,21.78428571428572,23.482,29.8835,25.049928571428577,0.8065092857407632,0,7.970816461275389,7.37830924549624,7.927424660768721,3930.530029296875,1.0371629442519499,3910.416707356771,1.0424976166828548,4077.6550089518228,0.99974129461829,1,0,37.867904409245234,0,0,-0.05897147407473047,0,0.07080501406034023,1,0.014297142919058814,1,-0.5466666666666666,1.2621951219512195,1,-0.3599999999999999,3.8866666666666667,0,0.06395614435815444,-0.005855244052631603,-0.20000000000000018,0,0.46413906656888976,1929.5,6.0339644872449805,0.4733110812388301,1.4684533724396722,-3.4611388410786046,1,0.09462218746853979,1,1,1,0.11966497267747504,0,4.221073950279219
2023-02-28,3970.14990234375,80392280000,-2.611249393181858,20.062105263157896,3.92,-0.89,300.536,3.4,4.33,67.0,102.9525,39704.37890625,6.598376209950585,1.0430448099343512,20.203,21.78428571428572,23.482,21.823095238095238,0.9193061316131137,0,8.536499374735913,6.750943978259279,7.359680976403253,3998.7367350260415,0.9928510340698622,3901.4683837890625,1.0176040177180636,4041.0758666992188,0.9824487421926573,1,0,42.69181299451867,0,0,0.0617528578346791,1,0.052846377878928985,1,-0.012999072921870747,0,-0.6399999999999999,1.3906250000000002,1,0.3999999999999999,3.6933333333333334,1,0.06598376209950585,0.0020276177413514063,-0.10000000000000009,0,0.42498612081043063,1828.9000244140625,-5.213784689605472,0.46066271284476795,0.48778976881848035,-2.4756144358154444,1,0.17947305532384084,1,0,1,0.04445904795079129,0,6.0339644872449805
2023-03-31,4109.31005859375,113094800000,3.505161257710898,21.64434782608696,3.48,-0.58,301.648,3.6,4.57,62.0,102.004,40708.41015625,6.146061326896146,1.059369397077079,20.062105263157896,20.203,21.78428571428572,20.683130325814542,1.0464735020826479,0,6.213018606543208,6.241580586685801,7.1993971738057025,3962.0833333333335,1.0371589168813755,3903.993367513021,1.0525914548905915,4007.4266967773438,1.0254236370432772,1,0,37.79996818040245,0,0,-0.02611249393181858,0,-0.026950303345515847,0,0.003830569492730751,1,-0.7033333333333333,0.8246445497630333,1,-0.43999999999999995,3.7733333333333334,0,0.06146061326896146,-0.004523148830544388,0.20000000000000018,1,0.9327046671298168,1969.0,7.6603408450837795,0.47915586118459336,1.1224919408436813,-3.118376209950585,1,0.047479968163838704,0,1,1,0.11217803630509258,0,-5.213784689605472
2023-04-30,4169.47998046875,70861260000,1.4642341662481018,17.817894736842106,3.44,-0.6,301.808,3.5,4.65,63.5,103.0258,41064.05078125,4.900802202232812,0.8350728726991568,21.64434782608696,20.062105263157896,20.203,20.63648436308162,0.8634171607600987,0,4.324955447767915,4.50450227816397,5.4678335377907255,4052.02001953125,1.028988001138032,3991.2750244140625,1.0446486285622096,3972.3350219726562,1.0496294893068188,1,1,43.5536746066945,0,0,0.03505161257710898,1,0.07027218611635622,1,0.14605282330271607,1,-0.7199999999999999,0.8333333333333335,1,-0.040000000000000036,3.64,0,0.049008022022328124,-0.012452591246633338,-0.10000000000000009,0,0.7972195667744523,1990.0999755859375,1.0716087143695985,0.4773017222551102,0.8468992816049201,-2.706061326896146,1,0.08204652021448733,1,1,1,0.09256106263296048,0,7.6603408450837795
2023-05-31,4179.830078125,85190040000,0.2482347368192972,17.64409090909091,3.64,-0.76,302.918,3.4,4.83,59.2,103.0398,42053.1796875,4.938284435483586,0.8569613111601327,17.817894736842106,21.64434782608696,20.062105263157896,19.841449275362322,0.8892541398676994,0,1.4431533862807548,3.1140924008503696,4.740368038796057,4082.97998046875,1.023720443920749,4040.858357747396,1.0343916336763348,3975.4641723632812,1.0514068035582949,1,1,46.669491311076705,0,0,0.014642341662481018,1,0.022783663000425003,1,0.07683407494374084,1,-0.69,1.1014492753623188,1,0.20000000000000018,3.6133333333333333,1,0.049382844354835864,0.00037482233250774044,-0.10000000000000009,0,0.7483987777700868,1963.9000244140625,-1.3165143205512098,0.46985164174306204,0.22962433466890234,-1.2608022022328123,1,0.03140708763199673,0,1,1,0.044331412850709,0,1.0716087143695985
2023-06-30,4450.3798828125,87983140000,6.472746490423464,13.994285714285716,3.81,-1.06,303.294,3.7,5.06,64.4,103.0107,44883.609375,4.055250210996508,0.7308021296174654,17.64409090909091,17.817894736842106,21.64434782608696,19.035444490673328,0.7351698943065084,0,0.8598414424681935,1.6457829123512475,4.308924257525648,4152.873372395833,1.071638714629296,4057.4783528645835,1.0968339189463643,3979.4375203450522,1.1183439518926315,1,1,44.0038579722379,0,0,0.002482347368192972,1,0.052814170985701736,1,0.02444050971117928,1,-0.6466666666666665,1.6391752577319592,1,0.16999999999999993,3.52,1,0.04055250210996508,-0.008830342244870781,0.30000000000000027,1,0.7268069888506794,1921.0999755859375,-2.179339492645227,0.4316710092559251,-6.1761590067422105,-1.1282844354835864,1,0.0738148604067359,0,0,1,0.0022171686172468763,0,-1.3165143205512098
2023-07-31,4588.9599609375,75063200000,3.113893235501086,13.944,3.97,-0.91,303.841,3.6,5.08,71.6,102.2468,46450.21875,2.8825576985588963,0.6012564576936985,13.994285714285716,17.64409090909091,17.817894736842106,16.48542378673958,0.8458381282995083,0,4.401394470548901,3.29920184500593,3.537177682207284,4266.563313802083,1.0755635445728609,4159.291666666667,1.1033032373551184,4034.8541870117188,1.137329813728947,1,1,55.695857282044166,0,0,0.06472746490423464,1,0.08299929169508036,1,0.1591040194849589,1,-0.8066666666666666,1.1280991735537191,1,0.16000000000000014,3.6300000000000003,1,0.028825576985588963,-0.01172692512437612,-0.10000000000000009,0,0.7083976499317582,1970.5,2.57144474737685,0.429400129173809,-2.0252486020085985,-0.08525021099650809,1,-0.024327081977685405,0,0,1,0.019004524886877826,0,-2.179339492645227
2023-08-31,4507.66015625,86840820000,-1.7716390070854016,15.85391304347826,4.09,-0.76,304.348,3.5,5.12,69.5,102.8957,45468.4296875,3.0741251257319524,0.6549755682010333,13.944,13.994285714285716,17.64409090909091,15.194125541125544,1.043423854868573,0,2.375067913566173,3.115510669481686,3.1024141492158477,4406.389973958333,1.0229825736918818,4244.684977213542,1.0619539919801282,4073.0766805013022,1.1066966104098022,1,1,57.78526853208585,0,0,0.031138932355010862,1,0.10060726575825663,1,0.12568313079711202,1,-0.9099999999999998,0.8351648351648353,1,0.11999999999999966,3.8066666666666666,1,0.030741251257319524,0.0019156742717305608,-0.10000000000000009,0,0.3177598487145138,1938.199951171875,-1.6391803515922398,0.42997916524041974,-1.258787778096814,1.2074423014411035,0,-0.0098487391720945,0,0,1,-0.0012281782083350837,0,2.57144474737685
2023-09-30,4288.0498046875,73482980000,-4.871936746562488,15.241,4.59,-0.44,306.269,3.8,5.33,67.9,103.4886,43249.30078125,3.602259657668627,0.7351992796979797,15.85391304347826,13.944,13.994285714285716,14.597399585921329,1.044090073049682,0,3.454592978438456,4.145684758737862,2.8605942038727368,4515.666666666667,0.9495939628008045,4334.27001953125,0.9893361016652237,4119.131693522136,1.0410081841838195,1,1,63.534260693194085,0,0,-0.017716390070854016,0,0.07843143668463637,1,0.1353878989780548,1,-0.91,0.4835164835164835,1,0.5,3.9566666666666666,1,0.03602259657668627,0.005281345319366748,0.2999999999999998,1,0.03534019168775452,1848.0999755859375,-4.6486419283759295,0.4309884585682002,-0.8796538264816496,1.5158748742680475,0,-0.013086243150210897,0,0,0,-0.05651419894675405,0,-1.6391803515922398
2023-10-31,4193.7998046875,80344830000,-2.197968873798295,18.944285714285712,4.88,-0.19,307.481,3.8,5.33,63.8,103.6115,42059.94921875,3.6123345048709066,0.815027128777698,15.241,15.85391304347826,13.944,15.012971014492756,1.2618612062860752,0,2.1922415552816092,4.026035102289089,3.9258253085075356,4461.556640625,0.9399857813079358,4364.059977213542,0.96098583121794,4177.667500813802,1.0038615576444405,1,1,53.10179416978822,0,0,-0.048719367465624885,0,-0.03647555543559855,0,0.04349629099414232,1,-0.7033333333333333,0.27014218009478674,1,0.29000000000000004,4.216666666666666,1,0.036123345048709066,0.00010074847202279358,0.0,0,-0.09376224247053078,1985.199951171875,7.4184285156148055,0.473365454629707,1.273579562740052,1.2777403423313727,0,-0.037999063519708276,0,0,0,0.02401153784268926,0,-4.6486419283759295
2023-11-30,4567.7998046875,80970570000,8.917926878197013,14.077142857142857,4.37,-0.36,307.619,3.9,5.33,61.3,102.7081,45900.8984375,3.206379880695964,0.9096199082046708,18.944285714285712,15.241,15.85391304347826,16.679732919254658,0.8439669223295874,0,1.890780815506571,1.6804616138248196,4.079104990226544,4329.836588541667,1.0549589369667138,4368.11328125,1.045714593596885,4204.485819498698,1.0864110383019725,0,1,54.84971074993996,0,0,-0.02197968873798295,0,-0.08611104904242195,0,0.0058328195201013955,1,-0.4633333333333332,0.7769784172661872,1,-0.5099999999999998,4.52,0,0.03206379880695964,-0.004059546241749423,0.10000000000000009,1,0.03271606186032825,2038.0999755859375,2.6647202153533778,0.44618855088492027,0.09306646470934411,0.7576654951290935,0,0.0074600107444176,0,1,0,0.05174163429105143,0,7.4184285156148055
2023-12-31,4769.830078125,81530670000,4.422923115636013,12.7185,3.88,-0.35,307.917,3.7,5.33,69.7,102.6651,48295.37890625,3.2069824266211637,0.5625083144303691,14.077142857142857,18.944285714285712,15.241,16.087476190476192,0.7905839206481232,0,7.8601252651986355,7.312928977084201,5.427069288915039,4349.883138020833,1.0965421200476755,4432.77490234375,1.076037061029884,4245.126627604167,1.123601366119192,0,1,69.90941949731562,0,0,0.08917926878197013,1,0.013341655393899865,1,0.09281949727883121,1,-0.3299999999999999,1.0606060606060608,1,-0.4900000000000002,4.613333333333333,0,0.03206982426621163,6.025459251990384e-06,-0.19999999999999973,0,-0.234594508865293,2062.39990234375,1.1922833545408684,0.43238435511616186,-0.4528349531341237,0.6736201193040356,0,0.051542682350012914,1,0,1,0.05753252613348689,0,2.6647202153533778
2024-01-31,4845.64990234375,81737880000,1.5895707598991615,13.395238095238096,3.99,-0.28,308.85,3.7,5.33,69.7,102.484,48769.87109375,3.602001932159715,0.6389757956195568,12.7185,14.077142857142857,18.944285714285712,15.24664285714286,0.8785696773216273,0,3.1784476419659726,5.591726148671496,5.115337862141319,4510.4765625,1.074309961530534,4486.0166015625,1.0801676259191704,4322.654134114583,1.120989501357895,1,1,68.84425730877167,0,0,0.04422923115636013,1,0.11235416923349151,1,0.07178043306959614,1,-0.29999999999999993,0.9333333333333337,1,0.11000000000000032,4.376666666666666,1,0.03602001932159715,0.003950195055385519,0.0,0,-0.23594528944754867,2048.39990234375,-0.6788208234537851,0.42272965311690747,-1.0183968085985589,0.7830175733788369,0,0.11595689063838055,1,0,1,0.037821377870961397,0,1.1922833545408684
2024-02-29,5096.27001953125,82066930000,5.172064062372317,13.944,4.25,-0.39,309.685,3.7,5.33,79.0,102.5739,51321.23046875,3.0442276466047247,0.7622085902111364,13.395238095238096,12.7185,14.077142857142857,13.39696031746032,1.040833119571663,0,2.0034826642324672,3.695441962602708,5.04271503755001,4727.759928385417,1.0779460244868404,4528.798258463542,1.1253029454352932,4386.741617838542,1.1617438325538558,1,1,67.01214127161029,0,0,0.015895707598991615,1,0.15543185846106988,1,0.05593640903195185,1,-0.3299999999999999,1.181818181818182,1,0.2599999999999998,4.080000000000001,1,0.030442276466047247,-0.005577742855549905,0.0,0,-0.1526803633021677,2045.699951171875,-0.13180781588525425,0.40141121709246413,-2.061667511140376,0.6479980678402848,0,0.0318355595034987,1,0,1,0.029680217020631054,0,-0.6788208234537851
2024-03-31,5254.35009765625,86299510000,3.1018779915342964,13.7875,4.2,-0.39,311.054,3.9,5.33,79.4,102.3313,52915.8203125,3.118203999363489,0.7154918415905062,13.944,13.395238095238096,12.7185,13.35257936507937,1.0325720314427087,0,2.5332053077342063,1.889592371919607,5.0720304673409755,4903.916666666667,1.071459907418815,4626.89990234375,1.1356092002324636,4480.5849609375,1.17269288351065,1,1,77.8047605888869,1,0,0.05172064062372317,1,0.11569469710590896,1,0.13057991127949742,1,-0.3399999999999999,1.1470588235294121,1,-0.04999999999999982,4.04,0,0.03118203999363489,0.0007397635275876446,0.19999999999999973,1,-0.09222160891837597,2217.39990234375,8.393212849886279,0.4220122110502003,-0.5192320019186406,1.1557723533952755,0,0.0037289513159199927,0,0,1,0.10612823453251802,0,-0.13180781588525425
2024-04-30,5035.68994140625,81747170000,-4.161507173789869,16.137727272727275,4.69,-0.35,312.23,3.8,5.33,77.2,102.6577,50572.37890625,3.4531887822721874,0.7084134426954329,13.7875,13.944,13.395238095238096,13.708912698412702,1.177170474985649,0,1.4638426090075853,1.7984716563891945,3.7222735109511045,5065.42333984375,0.9941301256691376,4787.949951171875,1.0517423934587578,4576.004964192708,1.1004555241549303,1,1,77.00059194542281,1,0,0.031018779915342964,1,0.10158014260367798,1,0.2253472643700254,1,-0.3533333333333333,0.9905660377358492,1,0.4900000000000002,4.146666666666667,1,0.034531887822721874,0.0033498478290869826,-0.10000000000000009,0,0.3042524408459715,2291.39990234375,3.3372419617130555,0.45503196761631065,0.8947009340969005,1.5717960006365113,0,0.07515516259666954,1,0,1,0.10899234297564316,0,8.393212849886279
2024-05-31,5277.509765625,86849720000,4.80211901511991,13.090454545454548,4.51,-0.38,313.207,3.9,5.33,69.1,102.7623,52875.51953125,3.396628790629808,0.7505550948961429,16.137727272727275,13.7875,13.944,14.62307575757576,0.8951915973404426,0,5.13598890477051,4.901666152922836,4.355916615538906,5128.77001953125,1.0290010559115192,4928.264973958333,1.0708656684476439,4648.189127604167,1.1353904974054285,1,1,73.23279747996033,1,0,-0.04161507173789869,0,0.039218689524098904,1,0.20074638178430715,1,-0.37666666666666665,1.008849557522124,1,-0.1800000000000006,4.38,0,0.033966287906298076,-0.0005655999164237979,0.10000000000000009,1,0.19366931524851302,2322.89990234375,1.3747054788550983,0.4401507539548164,0.5329409876419374,1.0568112177278124,0,0.11862917964503072,1,0,1,0.09713934245866793,0,3.3372419617130555
2024-06-30,5460.47998046875,76025620000,3.466980128308328,12.67684210526316,4.36,-0.35,313.225,4.0,5.33,68.2,103.1168,54470.66015625,3.27438063397234,0.5106124749139865,13.090454545454548,16.137727272727275,13.7875,14.33856060606061,0.8841084160082933,0,6.338240862199451,4.760850380142938,3.512925873445052,5189.183268229167,1.0522811969083075,5046.549967447917,1.082022374828513,4739.662434895833,1.15208204286151,1,1,74.37974875481002,1,0,0.0480211901511991,1,0.0355632149393883,1,0.15537238742582193,1,-0.37333333333333324,0.9375000000000002,1,-0.14999999999999947,4.466666666666666,0,0.0327438063397234,-0.0012224815665746736,0.10000000000000009,1,0.3744286994034391,2327.699951171875,0.20664036462707536,0.42628119863046465,-0.1465334082225358,0.9633712093701927,0,0.13550371891688306,1,0,1,0.07529913957164948,0,1.3747054788550983
2024-07-31,5522.2998046875,80160390000,1.1321316887868749,14.47,4.09,-0.2,313.049,4.1,5.33,66.4,103.9941,55429.83984375,3.0305324166257863,0.5818943579882515,12.67684210526316,13.090454545454548,16.137727272727275,13.968341307814995,1.0359139772668884,0,0.9440857606904604,4.836028136461061,3.4282680077558285,5257.893229166667,1.050287551305552,5161.658284505208,1.0698693133687098,4823.8374430338545,1.1447939259773983,1,1,75.62890448096383,1,0,0.03466980128308328,1,0.039230328961986416,1,0.1447954939760121,1,-0.3599999999999999,0.5555555555555558,1,-0.27000000000000046,4.5200000000000005,0,0.030305324166257863,-0.0024384821734655393,0.09999999999999964,1,0.45871663009524727,2426.5,4.244535416963191,0.4394002654365689,0.6307164471213687,0.8156193660276596,0,0.04974296639570519,0,0,1,0.09850232288664024,0,0.20664036462707536
2024-08-31,5648.39990234375,81097300000,2.2834706936630367,19.312272727272727,3.91,0.0,313.534,4.3,5.33,67.9,102.8887,56554.44140625,3.018255418139759,1.289662256560722,14.47,12.67684210526316,13.090454545454548,13.412432216905904,1.4398784959323248,0,1.6509871646285188,1.8575485663483278,3.4529850643347215,5420.096516927083,1.0421216457499733,5274.433268229167,1.070901766141813,4901.6157633463545,1.1523546877300646,1,1,76.11696664593302,1,0,0.011321316887868749,1,0.0966322130518944,1,0.13964069133770218,1,-0.3099999999999999,-0.0,0,-0.17999999999999972,4.32,0,0.03018255418139759,-0.00012276998486027146,0.20000000000000018,1,0.3822566232590506,2493.800048828125,2.7735441511693715,0.4415055753742483,0.5835275899649447,0.8794675833742138,0,0.05895963315616082,0,0,1,0.09765550058250175,0,4.244535416963191
2024-09-30,5762.47998046875,79564830000,2.0196884090601275,17.769,3.81,0.15,314.121,4.2,5.33,70.1,103.1389,57636.94140625,2.56375930962649,0.9404657621336928,19.312272727272727,14.47,12.67684210526316,15.486371610845296,1.1473959457072662,0,0.8141196177926455,1.1674611572109832,3.15279835899374,5543.7265625,1.039459633425733,5366.454915364583,1.0737964021593316,4996.677408854167,1.1532623599549519,1,1,74.69471610202842,1,0,0.022834706936630367,1,0.07027748942020695,1,0.1083399978212467,1,-0.18333333333333326,-0.8181818181818185,0,-0.10000000000000009,4.12,0,0.0256375930962649,-0.004544961085132693,-0.09999999999999964,0,0.31015269556558017,2636.10009765625,5.706153101368083,0.4574593068593734,1.6959122183541928,0.7917445818602409,0,0.07357189447205226,0,0,1,0.1233620684423306,0,2.7735441511693715
2024-10-31,5705.4501953125,79407180000,-0.9896743303151712,19.972727272727276,4.28,0.12,314.686,4.1,5.13,70.5,102.6418,57178.6796875,2.3432342160979003,0.6279375893464748,17.769,19.312272727272727,14.47,17.18375757575758,1.1623026677764767,0,0.18652224220021876,0.603174868165776,3.091788268194532,5644.393229166667,1.0108172771929371,5451.143229166667,1.0466520426000088,5119.5465901692705,1.1144444326902507,1,1,74.43651619486589,1,0,0.020196884090601275,1,0.05530649339988525,1,0.09670651429168298,1,-0.016666666666666597,-7.2000000000000295,0,0.4700000000000002,3.936666666666667,1,0.023432342160979003,-0.0022052509352858962,-0.10000000000000053,0,0.5464610276714458,2738.300048828125,3.8769374221692354,0.4799446064883478,3.198521478071065,1.7162406903735103,0,0.13249136613553292,1,0,1,0.13321472739297094,0,5.706153101368083
2024-11-30,6032.3798828125,79768980000,5.730129548209884,16.181578947368422,4.18,0.05,315.454,4.1,4.83,71.8,102.2805,60880.73828125,2.546981818418237,0.8552728256952711,19.972727272727276,17.769,19.312272727272727,19.018,0.8508559757791787,0,2.12794080006245,1.8183932256621074,1.9844826301618168,5705.443359375,1.0573025622803334,5562.769938151042,1.0844201629552825,5245.5174560546875,1.1500066358276186,1,1,75.19657460179725,1,0,-0.009896743303151712,0,0.03316560076465547,1,0.13300267921563402,1,0.09000000000000008,0.5555555555555551,0,-0.10000000000000053,4.0,0,0.02546981818418237,0.002037476023203366,0.0,0,0.6424061394294983,2657.0,-2.968997092298853,0.4404563458561924,-0.37338638487095827,1.8367657839020994,0,0.12849785651272416,1,0,1,0.0666898588797505,0,3.8769374221692354
2024-12-31,5881.6298828125,86064900000,-2.499013704848363,15.866190476190477,4.58,0.33,316.441,4.2,4.64,74.0,101.9621,58970.01953125,2.768278464651197,0.6989276577131017,16.181578947368422,19.972727272727276,17.769,17.974435406698564,0.8827086980588884,0,4.751618890748754,3.3659917238478854,2.253363274038582,5833.436686197917,1.0082615444731935,5688.581624348958,1.0339360971172908,5367.5657958984375,1.0957722935239804,1,1,85.10834642710148,1,0,0.057301295482098835,1,0.06798031072648048,1,0.14303528571455004,1,0.10666666666666674,3.093749999999998,0,0.40000000000000036,4.09,1,0.02768278464651197,0.002212966462329602,0.10000000000000053,1,0.611871324048376,2629.199951171875,-1.0462946491578862,0.44701893923230585,-0.026111068762844462,2.033018181581763,0,0.06544227603514763,0,1,1,0.0324488890789966,0,-2.968997092298853
2025-01-31,6040.52978515625,88639380000,2.70163042404441,16.746000000000002,4.58,0.36,317.685,4.1,4.48,71.7,103.1942,60775.19921875,2.8606119475473424,0.9694831265110336,15.866190476190477,16.181578947368422,19.972727272727276,17.340165565428727,0.9657347236283995,0,5.818882997593032,4.380880204416873,2.856990541683137,5873.1533203125,1.0284985689484512,5758.773274739583,1.0489264808622645,5460.2157796223955,1.106280416187872,1,1,83.21571734032571,1,0,-0.02499013704848363,0,0.020676844474530887,1,0.07712690163687719,1,0.16666666666666674,2.159999999999999,0,0.0,4.346666666666667,0,0.028606119475473424,0.0009233348289614529,-0.10000000000000053,0,0.6100202827147063,2812.5,6.971704405609214,0.4656048558706427,0.9329930098653936,1.811721535348803,0,-0.00261755860124957,0,0,1,0.08305680938515113,0,-1.0462946491578862
2025-02-28,5954.5,92317000000,-1.4242092699825126,17.052105263157895,4.24,0.25,319.086,4.0,4.33,64.7,103.511,59524.46875,3.035665272777188,0.7653823954040962,16.746000000000002,15.866190476190477,16.181578947368422,16.264589807852968,1.0484190173012966,0,3.6774107300781145,4.162076905020117,2.91212286723626,5984.846516927083,0.9949294410740103,5845.144938151042,1.0187086997852186,5559.7891031901045,1.0709938613648884,1,1,81.66330698285837,1,0,0.0270163042404441,1,0.05872973707123852,1,0.09384314484861189,1,0.24666666666666673,1.0135135135135132,0,-0.33999999999999986,4.446666666666666,0,0.030356652727771882,0.0017505332522984585,-0.09999999999999964,0,0.7583122694897475,2836.800048828125,0.8640017361111196,0.47641280524445795,1.362262506313448,1.3793880524526578,0,0.02709708572792424,0,1,1,0.0660053070298949,0,6.971704405609214
2025-03-31,5611.85009765625,111387270000,-5.754469768137538,21.841428571428573,4.23,0.34,319.775,4.1,4.33,57.0,104.2062,55933.390625,2.803693249403638,1.1857630755911557,17.052105263157895,16.746000000000002,15.866190476190477,16.55476524644946,1.3193439016667998,0,2.917409225735105,2.745434304119034,3.1097472032842144,5958.886555989583,0.9417615262394098,5896.16162109375,0.9517802357349967,5631.308268229167,0.996544644752855,1,1,76.80722518827564,1,0,-0.014242092699825126,0,-0.012910308091570233,0,0.05419235587927074,1,0.3133333333333334,1.0851063829787233,0,-0.009999999999999787,4.466666666666667,0,0.028036932494036382,-0.0023197202337355005,0.09999999999999964,1,0.9721927451537316,3122.800048828125,10.081782116372494,0.5564653357601873,6.034168411860207,1.1943347272228122,0,0.06767032323226374,0,0,1,0.14879920322550216,1,0.8640017361111196
2025-04-30,5569.06005859375,118936380000,-0.7624943346289825,31.966190476190476,4.17,0.57,319.615,4.2,4.33,52.2,103.8892,55521.828125,2.3652435704448527,2.7129831212577264,21.841428571428573,17.052105263157895,16.746000000000002,18.546511278195492,1.7235689233787084,1,3.061956562549684,4.228461887867907,4.0414606485752795,5868.9599609375,0.9489006733152352,5871.056640625,0.9485618006234903,5661.099934895833,0.9837416973096101,0,1,65.46979463490695,0,0,-0.05754469768137538,0,-0.04586820159231875,0,-0.026139766788438767,0,0.31666666666666676,1.7999999999999994,0,-0.0600000000000005,4.3500000000000005,0,0.023652435704448527,-0.004384496789587855,0.10000000000000053,1,0.9831257171078598,3305.0,5.8345058384461135,0.59345741745054,2.7785963043103417,1.3663067505963618,0,0.1877377555237838,1,1,1,0.1805960661507338,0,10.081782116372494
2025-05-31,5911.68994140625,105346260000,6.152382614078289,20.45714285714286,4.41,0.52,320.321,4.2,4.33,52.2,103.8799,58996.7890625,2.271341317403519,1.5499551311468536,31.966190476190476,21.841428571428573,17.052105263157895,23.61990810359232,0.8660974787633302,0,3.5298596805505795,2.7113600943162477,4.035583141974695,5711.803385416667,1.034995349542306,5848.324951171875,1.0108347246029272,5705.547444661458,1.0361301871107347,0,1,60.420261069901024,0,0,-0.007624943346289825,0,-0.07805105567413484,0,-0.023905236580770706,0,0.3866666666666667,1.3448275862068964,0,0.2400000000000002,4.213333333333334,1,0.02271341317403519,-0.0009390225304133359,0.0,0,0.580369978928022,3288.89990234375,-0.4871436507186133,0.5563383626241736,0.9463620959129219,2.0447564295551475,0,0.17511111111111122,1,1,1,0.13650051306890465,0,5.8345058384461135
2025-06-30,6204.9501953125,106456300000,4.960683946771582,18.215,4.24,0.52,320.58,4.2,4.33,60.7,103.5948,61940.58984375,2.348152286694849,0.8161999022260623,20.45714285714286,31.966190476190476,21.841428571428573,24.754920634920637,0.7358133063171663,0,4.889556381501478,5.979248497879895,4.1641338970313,5697.533365885417,1.089059036049757,5828.2099609375,1.0646408137146794,5758.3957926432295,1.0775484038870298,0,1,63.39782288065254,0,0,0.06152382614078289,1,-0.0071895303709379466,0,-0.02000701941038574,0,0.47666666666666674,1.0909090909090908,0,-0.16999999999999993,4.2700000000000005,0,0.02348152286694849,0.0007681096929132991,0.0,0,0.6365273914393,3294.39990234375,0.16722916973181956,0.5309309178391938,0.2499027694708113,1.9686586825964811,0,0.15936965797162417,1,1,1,0.09842621741890024,0,-0.4871436507186133
2025-07-31,6339.39013671875,114004890000,2.16665625306407,16.331363636363633,4.37,0.43,321.5,4.1,4.33,60.7,104.0071,63290.8984375,2.699577382454521,0.5332027527023809,18.215,20.45714285714286,31.966190476190476,23.546111111111117,0.693590697814089,0,0.8426582087837042,3.696629964578502,4.4661612755238025,5895.2333984375,1.0753416715271988,5882.0966796875,1.077743274538552,5820.434977213542,1.0891608894415743,1,1,73.12839407585808,1,0,0.049606839467715824,1,0.10568708845304942,1,0.05497121018186091,1,0.5366666666666667,0.8012422360248446,0,0.1299999999999999,4.273333333333333,1,0.02699577382454521,0.0035142509575967207,-0.10000000000000053,0,0.6357026517955924,3293.199951171875,-0.03642396817160609,0.5194821394722404,-0.20822276386691213,2.021847713305151,0,0.0549506375152069,0,0,1,0.05888404377386845,0,0.16722916973181956
2025-08-31,6460.259765625,99352030000,1.906644429503612,15.75,4.23,0.64,322.132,4.2,4.33,58.2,103.9867,64683.390625,2.742286323014409,0.6663604853416315,16.331363636363633,18.215,20.45714285714286,18.33450216450217,0.8590361417335847,0,1.9756759290436552,2.045839318052935,4.430085100315919,6152.010091145833,1.050105521595748,5931.90673828125,1.0890696787146115,5888.5258382161455,1.0970928791206687,1,1,71.93623804377583,1,0,0.0216665625306407,1,0.13832317662588056,1,0.049475850991896,1,0.49000000000000016,1.3061224489795915,0,-0.13999999999999968,4.34,0,0.02742286323014409,0.0004270894055988794,0.10000000000000053,1,0.6670708776926446,3473.699951171875,5.4809912145106665,0.53770282886385,-0.02874321597130762,1.5304226175454794,0,-0.0035703627316565623,0,0,1,0.08887158347921083,0,-0.03642396817160609
2025-09-30,6688.4599609375,114074610000,3.5323687218701494,15.773333333333332,4.16,0.56,323.364,4.3,4.33,58.2,103.9203,66847.84375,2.942496681215201,0.536358340263296,15.75,16.331363636363633,18.215,16.765454545454546,0.940823482630228,0,0.18385612362891385,1.6931900008873386,4.288561160486437,6334.86669921875,1.0558170011315877,6016.200032552083,1.111741618421594,5956.180826822917,1.122944409413639,1,1,71.19723464233692,1,0,0.019066444295036122,1,0.09279407913065518,1,0.0849374029095642,1,0.5300000000000001,1.0566037735849054,0,-0.07000000000000028,4.28,0,0.02942496681215201,0.002002103582007919,0.09999999999999964,1,0.12491649559779275,3840.800048828125,10.567985226599852,0.57424281093996,0.9639872230771216,1.4177136769855911,0,0.05618901587623015,0,0,1,0.16517345421351634,0,5.4809912145106665
2025-10-31,6740.27978515625,22771650000,0.7747646621403481,16.485,4.18,0.58,323.364,4.3,4.22,58.2,103.9203,67430.3203125,2.942496681215201,0.3805911687394395,15.773333333333332,15.75,16.331363636363633,15.951565656565656,1.0334408768969197,0,1.1495606714721844,0.8732846205212227,2.4540230981155395,6496.03662109375,1.0375987972834697,6195.635009765625,1.0879078213180973,6033.3458251953125,1.1171711319793363,1,1,73.09539770026198,1,0,0.035323687218701494,1,0.07792323071187024,1,0.19184579854171235,1,0.5433333333333334,1.0674846625766867,0,0.019999999999999574,4.253333333333334,1,0.027576695499640813,-0.001848271312511196,0.0,0,0.2317302797720944,3982.199951171875,3.681522092952827,0.590806328239023,1.381851083966017,1.2375033187847988,0,0.16585726162013503,0,1,1,0.1657494141119262,0,10.567985226599852
