{
  "evaluation_timestamp": "2025-10-22T23:16:39.279537",
  "statistical_metrics": {
    "mse": 1.1782492399215698,
    "rmse": 1.0854718685150146,
    "mae": 0.7733171582221985,
    "mape": 137.97883987426758,
    "r2": -0.0012638568878173828,
    "mean_error": 0.001182410167530179,
    "std_error": 1.085471272468567
  },
  "financial_metrics": {
    "directional_accuracy": 0.53671875,
    "sharpe_ratio": 0.8329736080938573,
    "max_drawdown": -0.2524605989456177,
    "total_return": 0.9216080904006958,
    "hit_rate": 0.53671875,
    "num_trades": 1280,
    "precision": 0.53671875,
    "recall": 1.0,
    "f1_score": 0.6985256736146417,
    "confusion_matrix": [
      [
        0,
        593
      ],
      [
        0,
        687
      ]
    ],
    "auc_roc": 0.46520664423121766,
    "alpha": 0.0
  },
  "residual_diagnostics": {
    "normality_p_value": 3.5971991385158797e-40,
    "acf_lag1": -0.03493687351122376,
    "skewness": 0.08025064223533286,
    "kurtosis": 6.547621743657613
  },
  "checkpoint_used": "experiments/sweep_stale_h20_drop0.25_lr5/checkpoints/tft-epoch=02-val_loss=0.1718.ckpt"
}