{
  "evaluation_timestamp": "2025-10-30T03:32:01.724271",
  "statistical_metrics": {
    "mse": 1.1794366836547852,
    "rmse": 1.086018681526184,
    "mae": 0.7751477360725403,
    "mape": 143.64885091781616,
    "r2": -0.002272963523864746,
    "mean_error": -0.019815633073449135,
    "std_error": 1.085837960243225
  },
  "financial_metrics": {
    "directional_accuracy": 0.53671875,
    "sharpe_ratio": 0.8329736080938573,
    "max_drawdown": -0.2524605989456177,
    "total_return": 0.9216080904006958,
    "hit_rate": 0.53671875,
    "num_trades": 1280,
    "precision": 0.53671875,
    "recall": 1.0,
    "f1_score": 0.6985256736146417,
    "confusion_matrix": [
      [
        0,
        593
      ],
      [
        0,
        687
      ]
    ],
    "auc_roc": 0.46481881043027456,
    "alpha": 0.0
  },
  "residual_diagnostics": {
    "normality_p_value": 7.15184317479616e-39,
    "acf_lag1": -0.030415733465271624,
    "skewness": -0.034658286516588546,
    "kurtosis": 6.294485217148603
  },
  "mode_stats": {
    "healthy_days": 30,
    "degraded_days": 0,
    "unidirectional_days": 1249,
    "weak_collapse_days": 1,
    "strong_collapse_days": 0,
    "total_days": 1280,
    "healthy_pct": 2.34375,
    "degraded_pct": 0.0,
    "unidirectional_pct": 97.578125,
    "weak_collapse_pct": 0.078125,
    "strong_collapse_pct": 0.0
  },
  "collapse_detected": true,
  "degradation_detected": true,
  "checkpoint_used": "experiments/01_staleness_features_fixed/sweep_stale_h20_drop0.25_lr5/checkpoints/tft-epoch=63-val_loss=0.4013.ckpt"
}