{
  "evaluation_timestamp": "2025-10-30T03:26:32.194662",
  "statistical_metrics": {
    "mse": 1.1740254163742065,
    "rmse": 1.0835245847702026,
    "mae": 0.7735245823860168,
    "mape": 120.32918930053711,
    "r2": 0.0023255348205566406,
    "mean_error": 0.014722553081810474,
    "std_error": 1.0834245681762695
  },
  "financial_metrics": {
    "directional_accuracy": 0.5359375,
    "sharpe_ratio": 1.01785786537763,
    "max_drawdown": -0.1967669427394867,
    "total_return": 1.0546705722808838,
    "hit_rate": 0.41640625,
    "num_trades": 973,
    "precision": 0.5477903391572456,
    "recall": 0.7758369723435226,
    "f1_score": 0.6421686746987951,
    "confusion_matrix": [
      [
        153,
        440
      ],
      [
        154,
        533
      ]
    ],
    "auc_roc": 0.4964935406034988,
    "alpha": 0.133062481880188
  },
  "residual_diagnostics": {
    "normality_p_value": 7.413706234947257e-38,
    "acf_lag1": -0.02077812207753962,
    "skewness": -0.053105291370092136,
    "kurtosis": 6.040129607493611
  },
  "mode_stats": {
    "healthy_days": 634,
    "degraded_days": 295,
    "unidirectional_days": 321,
    "weak_collapse_days": 30,
    "strong_collapse_days": 0,
    "total_days": 1280,
    "healthy_pct": 49.53125,
    "degraded_pct": 23.046875,
    "unidirectional_pct": 25.078125,
    "weak_collapse_pct": 2.34375,
    "strong_collapse_pct": 0.0
  },
  "collapse_detected": true,
  "degradation_detected": true,
  "checkpoint_used": "experiments/01_staleness_features_fixed/sweep_stale_h14_drop0.20_lr5/checkpoints/tft-epoch=76-val_loss=0.3967.ckpt"
}