{
  "evaluation_timestamp": "2025-10-27T12:03:46.907241",
  "statistical_metrics": {
    "mse": 1.2300362586975098,
    "rmse": 1.1090699434280396,
    "mae": 0.7959233522415161,
    "mape": 367.26298332214355,
    "r2": -0.045271873474121094,
    "mean_error": -0.23112919926643372,
    "std_error": 1.0847190618515015
  },
  "financial_metrics": {
    "directional_accuracy": 0.53671875,
    "sharpe_ratio": 0.8329736080938573,
    "max_drawdown": -0.2524605989456177,
    "total_return": 0.9216080904006958,
    "hit_rate": 0.53671875,
    "num_trades": 1280,
    "precision": 0.53671875,
    "recall": 1.0,
    "f1_score": 0.6985256736146417,
    "confusion_matrix": [
      [
        0,
        593
      ],
      [
        0,
        687
      ]
    ],
    "auc_roc": 0.47125120584401714,
    "alpha": 0.0
  },
  "residual_diagnostics": {
    "normality_p_value": 1.040451172102142e-39,
    "acf_lag1": -0.035835207666713206,
    "skewness": 0.05632588003024476,
    "kurtosis": 6.4726538345130304
  },
  "mode_stats": {
    "healthy_days": 29,
    "degraded_days": 1,
    "unidirectional_days": 385,
    "weak_collapse_days": 839,
    "strong_collapse_days": 26,
    "total_days": 1280,
    "healthy_pct": 2.265625,
    "degraded_pct": 0.078125,
    "unidirectional_pct": 30.078125,
    "weak_collapse_pct": 65.546875,
    "strong_collapse_pct": 2.03125
  },
  "collapse_detected": true,
  "degradation_detected": true,
  "checkpoint_used": "experiments/01_staleness_features_fixed/sweep_stale_h14_drop0.20_lr5/checkpoints/tft-epoch=03-val_loss=0.1603.ckpt"
}