{
  "evaluation_timestamp": "2025-10-22T23:15:35.418699",
  "statistical_metrics": {
    "mse": 1.2300362586975098,
    "rmse": 1.1090699434280396,
    "mae": 0.7959233522415161,
    "mape": 367.26295948028564,
    "r2": -0.045271873474121094,
    "mean_error": -0.23112919926643372,
    "std_error": 1.0847190618515015
  },
  "financial_metrics": {
    "directional_accuracy": 0.53671875,
    "sharpe_ratio": 0.8329736080938573,
    "max_drawdown": -0.2524605989456177,
    "total_return": 0.9216080904006958,
    "hit_rate": 0.53671875,
    "num_trades": 1280,
    "precision": 0.53671875,
    "recall": 1.0,
    "f1_score": 0.6985256736146417,
    "confusion_matrix": [
      [
        0,
        593
      ],
      [
        0,
        687
      ]
    ],
    "auc_roc": 0.47124752387755253,
    "alpha": 0.0
  },
  "residual_diagnostics": {
    "normality_p_value": 1.0404367786274237e-39,
    "acf_lag1": -0.035835217137493505,
    "skewness": 0.056325938406775564,
    "kurtosis": 6.47265521223305
  },
  "checkpoint_used": "experiments/sweep_stale_h14_drop0.20_lr5/checkpoints/tft-epoch=03-val_loss=0.1603.ckpt"
}