{
  "evaluation_timestamp": "2025-10-27T12:05:50.440746",
  "statistical_metrics": {
    "mse": 1.178053379058838,
    "rmse": 1.0853816270828247,
    "mae": 0.7734634876251221,
    "mape": 153.2733678817749,
    "r2": -0.0010974407196044922,
    "mean_error": 0.007050561718642712,
    "std_error": 1.085358738899231
  },
  "financial_metrics": {
    "directional_accuracy": 0.5296875,
    "sharpe_ratio": 0.7716639364613774,
    "max_drawdown": -0.2524603605270386,
    "total_return": 0.7828199863433838,
    "hit_rate": 0.490625,
    "num_trades": 1171,
    "precision": 0.5362937660119556,
    "recall": 0.9141193595342066,
    "f1_score": 0.6759956942949408,
    "confusion_matrix": [
      [
        50,
        543
      ],
      [
        59,
        628
      ]
    ],
    "auc_roc": 0.5070951493773795,
    "alpha": -0.138788104057312
  },
  "residual_diagnostics": {
    "normality_p_value": 4.476018993673471e-40,
    "acf_lag1": -0.035030565736720164,
    "skewness": 0.10078337804482483,
    "kurtosis": 6.482602299751068
  },
  "mode_stats": {
    "healthy_days": 41,
    "degraded_days": 34,
    "unidirectional_days": 679,
    "weak_collapse_days": 526,
    "strong_collapse_days": 0,
    "total_days": 1280,
    "healthy_pct": 3.2031249999999996,
    "degraded_pct": 2.65625,
    "unidirectional_pct": 53.04687500000001,
    "weak_collapse_pct": 41.09375,
    "strong_collapse_pct": 0.0
  },
  "collapse_detected": true,
  "degradation_detected": true,
  "checkpoint_used": "experiments/01_staleness_features_fixed/sweep_stale_h22_drop0.35_lr5/checkpoints/tft-epoch=02-val_loss=0.1391.ckpt"
}