{
  "evaluation_timestamp": "2025-10-22T23:17:07.344088",
  "statistical_metrics": {
    "mse": 1.1780534982681274,
    "rmse": 1.0853817462921143,
    "mae": 0.7734634280204773,
    "mape": 153.27346324920654,
    "r2": -0.0010974407196044922,
    "mean_error": 0.007050436921417713,
    "std_error": 1.085358738899231
  },
  "financial_metrics": {
    "directional_accuracy": 0.5296875,
    "sharpe_ratio": 0.7716639364613774,
    "max_drawdown": -0.2524603605270386,
    "total_return": 0.7828199863433838,
    "hit_rate": 0.490625,
    "num_trades": 1171,
    "precision": 0.5362937660119556,
    "recall": 0.9141193595342066,
    "f1_score": 0.6759956942949408,
    "confusion_matrix": [
      [
        50,
        543
      ],
      [
        59,
        628
      ]
    ],
    "auc_roc": 0.5070951493773795,
    "alpha": -0.138788104057312
  },
  "residual_diagnostics": {
    "normality_p_value": 4.476042585385905e-40,
    "acf_lag1": -0.035030567750142655,
    "skewness": 0.10078313329666064,
    "kurtosis": 6.482602299751068
  },
  "checkpoint_used": "experiments/sweep_stale_h22_drop0.35_lr5/checkpoints/tft-epoch=02-val_loss=0.1391.ckpt"
}