{
  "experiment": "sweep2_h16_lr_0.0004",
  "collapsed": true,
  "collapse_type": "low_diversity",
  "predictions": {
    "mean": 0.04321352764964104,
    "std": 0.04406421259045601,
    "min": -0.09182886779308319,
    "max": 0.09873692691326141,
    "range": 0.1905657947063446,
    "pct_positive": 87.265625,
    "pct_negative": 12.734375,
    "num_unique": 1268
  },
  "hidden_size": 16,
  "total_params": 22615,
  "diagnosed_at": "2025-10-21T13:20:51.699403"
}