{
  "evaluation_timestamp": "2025-10-30T03:24:48.127952",
  "statistical_metrics": {
    "mse": 1.176138162612915,
    "rmse": 1.0844990015029907,
    "mae": 0.773595929145813,
    "mape": 139.7435188293457,
    "r2": 0.0005301833152770996,
    "mean_error": -0.023243650794029236,
    "std_error": 1.0842498540878296
  },
  "financial_metrics": {
    "directional_accuracy": 0.53671875,
    "sharpe_ratio": 0.8329736080938573,
    "max_drawdown": -0.2524605989456177,
    "total_return": 0.9216080904006958,
    "hit_rate": 0.53671875,
    "num_trades": 1280,
    "precision": 0.53671875,
    "recall": 1.0,
    "f1_score": 0.6985256736146417,
    "confusion_matrix": [
      [
        0,
        593
      ],
      [
        0,
        687
      ]
    ],
    "auc_roc": 0.46854618781465474,
    "alpha": 0.0
  },
  "residual_diagnostics": {
    "normality_p_value": 1.393190000437097e-38,
    "acf_lag1": -0.030556222812070762,
    "skewness": -0.03995131039904204,
    "kurtosis": 6.221894275441395
  },
  "mode_stats": {
    "healthy_days": 30,
    "degraded_days": 0,
    "unidirectional_days": 1036,
    "weak_collapse_days": 61,
    "strong_collapse_days": 153,
    "total_days": 1280,
    "healthy_pct": 2.34375,
    "degraded_pct": 0.0,
    "unidirectional_pct": 80.9375,
    "weak_collapse_pct": 4.765625,
    "strong_collapse_pct": 11.953125
  },
  "collapse_detected": true,
  "degradation_detected": true,
  "checkpoint_used": "experiments/01_staleness_features_fixed/sweep_stale_h12_drop0.25_lr3/checkpoints/tft-epoch=99-val_loss=0.4017.ckpt"
}