{
  "evaluation_timestamp": "2025-10-22T23:15:17.666432",
  "statistical_metrics": {
    "mse": 1.176735281944275,
    "rmse": 1.0847742557525635,
    "mae": 0.7719519138336182,
    "mape": 152.5848627090454,
    "r2": 2.2709369659423828e-05,
    "mean_error": -0.005013170186430216,
    "std_error": 1.084762692451477
  },
  "financial_metrics": {
    "directional_accuracy": 0.53671875,
    "sharpe_ratio": 0.8329736080938573,
    "max_drawdown": -0.2524605989456177,
    "total_return": 0.9216080904006958,
    "hit_rate": 0.53671875,
    "num_trades": 1280,
    "precision": 0.53671875,
    "recall": 1.0,
    "f1_score": 0.6985256736146417,
    "confusion_matrix": [
      [
        0,
        593
      ],
      [
        0,
        687
      ]
    ],
    "auc_roc": 0.5454416027845485,
    "alpha": 0.0
  },
  "residual_diagnostics": {
    "normality_p_value": 3.1780679592685903e-40,
    "acf_lag1": -0.03601358869972355,
    "skewness": 0.09368859574438686,
    "kurtosis": 6.534242817266055
  },
  "checkpoint_used": "experiments/sweep_stale_h12_drop0.25_lr3/checkpoints/tft-epoch=04-val_loss=0.1415.ckpt"
}