{
  "evaluation_timestamp": "2025-10-30T03:24:02.640495",
  "statistical_metrics": {
    "mse": 1.1758421659469604,
    "rmse": 1.084362506866455,
    "mae": 0.773136556148529,
    "mape": 139.29153680801392,
    "r2": 0.0007816553115844727,
    "mean_error": -0.01911240816116333,
    "std_error": 1.0841941833496094
  },
  "financial_metrics": {
    "directional_accuracy": 0.53671875,
    "sharpe_ratio": 0.8329736080938573,
    "max_drawdown": -0.2524605989456177,
    "total_return": 0.9216080904006958,
    "hit_rate": 0.53671875,
    "num_trades": 1280,
    "precision": 0.53671875,
    "recall": 1.0,
    "f1_score": 0.6985256736146417,
    "confusion_matrix": [
      [
        0,
        593
      ],
      [
        0,
        687
      ]
    ],
    "auc_roc": 0.4671200394706805,
    "alpha": 0.0
  },
  "residual_diagnostics": {
    "normality_p_value": 7.376572944206744e-39,
    "acf_lag1": -0.03111301701682908,
    "skewness": -0.0070484392499015015,
    "kurtosis": 6.304073124997938
  },
  "mode_stats": {
    "healthy_days": 30,
    "degraded_days": 0,
    "unidirectional_days": 1042,
    "weak_collapse_days": 104,
    "strong_collapse_days": 104,
    "total_days": 1280,
    "healthy_pct": 2.34375,
    "degraded_pct": 0.0,
    "unidirectional_pct": 81.40625,
    "weak_collapse_pct": 8.125,
    "strong_collapse_pct": 8.125
  },
  "collapse_detected": true,
  "degradation_detected": true,
  "checkpoint_used": "experiments/01_staleness_features_fixed/sweep_stale_h12_drop0.15_lr3/checkpoints/tft-epoch=99-val_loss=0.4016.ckpt"
}