{
  "evaluation_timestamp": "2025-10-22T23:15:09.059893",
  "statistical_metrics": {
    "mse": 1.1766971349716187,
    "rmse": 1.0847567319869995,
    "mae": 0.772140383720398,
    "mape": 141.91974401474,
    "r2": 5.513429641723633e-05,
    "mean_error": 0.00950429867953062,
    "std_error": 1.0847151279449463
  },
  "financial_metrics": {
    "directional_accuracy": 0.53671875,
    "sharpe_ratio": 0.8329736080938573,
    "max_drawdown": -0.2524605989456177,
    "total_return": 0.9216080904006958,
    "hit_rate": 0.53671875,
    "num_trades": 1280,
    "precision": 0.53671875,
    "recall": 1.0,
    "f1_score": 0.6985256736146417,
    "confusion_matrix": [
      [
        0,
        593
      ],
      [
        0,
        687
      ]
    ],
    "auc_roc": 0.5416737237690572,
    "alpha": 0.0
  },
  "residual_diagnostics": {
    "normality_p_value": 3.0902610018219127e-40,
    "acf_lag1": -0.03611841706920389,
    "skewness": 0.0968168252807283,
    "kurtosis": 6.530467682331999
  },
  "checkpoint_used": "experiments/sweep_stale_h12_drop0.15_lr3/checkpoints/tft-epoch=04-val_loss=0.1419.ckpt"
}