{
  "evaluation_timestamp": "2025-10-27T12:03:11.517910",
  "statistical_metrics": {
    "mse": 1.1766971349716187,
    "rmse": 1.0847567319869995,
    "mae": 0.7721403241157532,
    "mape": 141.91958904266357,
    "r2": 5.513429641723633e-05,
    "mean_error": 0.009504439309239388,
    "std_error": 1.0847151279449463
  },
  "financial_metrics": {
    "directional_accuracy": 0.53671875,
    "sharpe_ratio": 0.8329736080938573,
    "max_drawdown": -0.2524605989456177,
    "total_return": 0.9216080904006958,
    "hit_rate": 0.53671875,
    "num_trades": 1280,
    "precision": 0.53671875,
    "recall": 1.0,
    "f1_score": 0.6985256736146417,
    "confusion_matrix": [
      [
        0,
        593
      ],
      [
        0,
        687
      ]
    ],
    "auc_roc": 0.5416712691247475,
    "alpha": 0.0
  },
  "residual_diagnostics": {
    "normality_p_value": 3.0902621222886497e-40,
    "acf_lag1": -0.03611841118570099,
    "skewness": 0.09681680776757744,
    "kurtosis": 6.530467682331999
  },
  "mode_stats": {
    "healthy_days": 29,
    "degraded_days": 1,
    "unidirectional_days": 713,
    "weak_collapse_days": 468,
    "strong_collapse_days": 69,
    "total_days": 1280,
    "healthy_pct": 2.265625,
    "degraded_pct": 0.078125,
    "unidirectional_pct": 55.703125,
    "weak_collapse_pct": 36.5625,
    "strong_collapse_pct": 5.390625
  },
  "collapse_detected": true,
  "degradation_detected": true,
  "checkpoint_used": "experiments/01_staleness_features_fixed/sweep_stale_h12_drop0.15_lr3/checkpoints/tft-epoch=04-val_loss=0.1419.ckpt"
}