{
  "period_statistics": {
    "2020": {
      "n_samples": 92,
      "entropy_mean": 2.9885480403900146,
      "entropy_std": 0.007583562284708023,
      "attention_concentration": 0.05000471696257591,
      "top_features": [
        [
          "t-20",
          0.05120045319199562
        ],
        [
          "t-19",
          0.05102596431970596
        ],
        [
          "t-18",
          0.050753477960824966
        ],
        [
          "t-17",
          0.05040672421455383
        ],
        [
          "t-16",
          0.05013084411621094
        ]
      ],
      "mean_attention": [
        0.05120045319199562,
        0.05102596431970596,
        0.050753477960824966,
        0.05040672421455383,
        0.05013084411621094,
        0.0499577522277832,
        0.04986266419291496,
        0.04982679337263107,
        0.0498192198574543,
        0.04985126852989197,
        0.04989609122276306,
        0.04993712529540062,
        0.04997837916016579,
        0.04993889480829239,
        0.04983332008123398,
        0.04974701255559921,
        0.049643777310848236,
        0.049528688192367554,
        0.04940101504325867,
        0.04926055297255516
      ],
      "std_attention": [
        0.00584757374599576,
        0.006387496367096901,
        0.0064812591299414635,
        0.006423912476748228,
        0.006312733981758356,
        0.006146726664155722,
        0.006004451774060726,
        0.0058511667884886265,
        0.005740990862250328,
        0.0056226132437586784,
        0.005544357001781464,
        0.005468400195240974,
        0.005445951130241156,
        0.005440048407763243,
        0.005514978431165218,
        0.005631577223539352,
        0.0057668001390993595,
        0.005942530930042267,
        0.0061798058450222015,
        0.006487109232693911
      ]
    },
    "2021": {
      "n_samples": 250,
      "entropy_mean": 2.9922454357147217,
      "entropy_std": 0.002764857839792967,
      "attention_concentration": 0.05003193020820618,
      "top_features": [
        [
          "t-20",
          0.053104106336832047
        ],
        [
          "t-19",
          0.052359241992235184
        ],
        [
          "t-18",
          0.05167093500494957
        ],
        [
          "t-17",
          0.051132041960954666
        ],
        [
          "t-16",
          0.050737977027893066
        ]
      ],
      "mean_attention": [
        0.053104106336832047,
        0.052359241992235184,
        0.05167093500494957,
        0.051132041960954666,
        0.050737977027893066,
        0.050451524555683136,
        0.05025651305913925,
        0.050106823444366455,
        0.049983955919742584,
        0.04987548291683197,
        0.04975902661681175,
        0.04962948337197304,
        0.049480024725198746,
        0.049290671944618225,
        0.04914441704750061,
        0.048980407416820526,
        0.04879936948418617,
        0.04860788211226463,
        0.04841555282473564,
        0.04821453243494034
      ],
      "std_attention": [
        0.0033376598730683327,
        0.0033613124396651983,
        0.0033414470963180065,
        0.003339979099109769,
        0.003344146301969886,
        0.0033697832841426134,
        0.003402132075279951,
        0.0034204639960080385,
        0.0034523361828178167,
        0.0035016664769500494,
        0.0035612855572253466,
        0.0036455937661230564,
        0.0037512099370360374,
        0.003970572724938393,
        0.00410718098282814,
        0.004257786553353071,
        0.0044445013627409935,
        0.004654030781239271,
        0.004900484345853329,
        0.005185970105230808
      ]
    },
    "2022": {
      "n_samples": 249,
      "entropy_mean": 2.987032651901245,
      "entropy_std": 0.006830055732280016,
      "attention_concentration": 0.05020875483751297,
      "top_features": [
        [
          "t-20",
          0.058384448289871216
        ],
        [
          "t-19",
          0.056358106434345245
        ],
        [
          "t-18",
          0.05437953770160675
        ],
        [
          "t-17",
          0.052830200642347336
        ],
        [
          "t-16",
          0.05170396715402603
        ]
      ],
      "mean_attention": [
        0.058384448289871216,
        0.056358106434345245,
        0.05437953770160675,
        0.052830200642347336,
        0.05170396715402603,
        0.05091243237257004,
        0.05033398047089577,
        0.049900397658348083,
        0.04957795515656471,
        0.04929701238870621,
        0.049036655575037,
        0.04878229275345802,
        0.04852144420146942,
        0.0482964813709259,
        0.04792844131588936,
        0.04756518080830574,
        0.047185081988573074,
        0.04677474871277809,
        0.04633847251534462,
        0.04589309170842171
      ],
      "std_attention": [
        0.006520264316350222,
        0.0063773286528885365,
        0.006071117706596851,
        0.005800161045044661,
        0.0055607459507882595,
        0.005362612660974264,
        0.0052022687159478664,
        0.005088081583380699,
        0.005031341686844826,
        0.005014183931052685,
        0.005040259566158056,
        0.0051131234504282475,
        0.005224898923188448,
        0.005327548831701279,
        0.0055627101100981236,
        0.005745250266045332,
        0.00593172712251544,
        0.006115222815424204,
        0.0062991417944431305,
        0.006487142760306597
      ]
    },
    "2023": {
      "n_samples": 249,
      "entropy_mean": 2.99259090423584,
      "entropy_std": 0.0019123507663607597,
      "attention_concentration": 0.05005033314228058,
      "top_features": [
        [
          "t-20",
          0.055153924971818924
        ],
        [
          "t-19",
          0.053122323006391525
        ],
        [
          "t-18",
          0.05180112645030022
        ],
        [
          "t-17",
          0.05090076103806496
        ],
        [
          "t-16",
          0.05030405893921852
        ]
      ],
      "mean_attention": [
        0.055153924971818924,
        0.053122323006391525,
        0.05180112645030022,
        0.05090076103806496,
        0.05030405893921852,
        0.04991794005036354,
        0.04967358708381653,
        0.04953133687376976,
        0.04943251609802246,
        0.04936473071575165,
        0.049319930374622345,
        0.04927647486329079,
        0.04923097416758537,
        0.04917401447892189,
        0.049185074865818024,
        0.04909517988562584,
        0.04901687428355217,
        0.04893084987998009,
        0.0488397441804409,
        0.04872855544090271
      ],
      "std_attention": [
        0.0028509011026471853,
        0.0027871138881891966,
        0.002842713613063097,
        0.0029110407922416925,
        0.002968497108668089,
        0.003015910740941763,
        0.003067995421588421,
        0.0031193201430141926,
        0.003178061218932271,
        0.0032419178169220686,
        0.0033286362886428833,
        0.0034291918855160475,
        0.0035440304782241583,
        0.003669947851449251,
        0.003687299322336912,
        0.003875449998304248,
        0.004039304330945015,
        0.004205354023724794,
        0.004384004510939121,
        0.004572176840156317
      ]
    },
    "2024": {
      "n_samples": 250,
      "entropy_mean": 2.9942541122436523,
      "entropy_std": 0.001141392276622355,
      "attention_concentration": 0.05003794655203819,
      "top_features": [
        [
          "t-20",
          0.05442953482270241
        ],
        [
          "t-19",
          0.052620064467191696
        ],
        [
          "t-18",
          0.051573000848293304
        ],
        [
          "t-17",
          0.05085417628288269
        ],
        [
          "t-16",
          0.05036607384681702
        ]
      ],