{
  "period_statistics": {
    "2020": {
      "n_samples": 92,
      "entropy_mean": 2.954427719116211,
      "entropy_std": 0.037160273641347885,
      "attention_concentration": 0.05153053626418114,
      "top_features": [
        [
          "t-1",
          0.06674546003341675
        ],
        [
          "t-2",
          0.06407084316015244
        ],
        [
          "t-3",
          0.06170940771698952
        ],
        [
          "t-4",
          0.059763938188552856
        ],
        [
          "t-5",
          0.058006249368190765
        ]
      ],
      "mean_attention": [
        0.03721505403518677,
        0.03856595605611801,
        0.03937779366970062,
        0.04025660455226898,
        0.04137779772281647,
        0.04276851564645767,
        0.04425908252596855,
        0.045744046568870544,
        0.04723602905869484,
        0.04860074073076248,
        0.04991748183965683,
        0.05120949074625969,
        0.05249393358826637,
        0.05444628745317459,
        0.05623527243733406,
        0.058006249368190765,
        0.059763938188552856,
        0.06170940771698952,
        0.06407084316015244,
        0.06674546003341675
      ],
      "std_attention": [
        0.010450227186083794,
        0.008962832391262054,
        0.007991640828549862,
        0.007600996643304825,
        0.0076864915899932384,
        0.00800000224262476,
        0.008414464071393013,
        0.008738210424780846,
        0.009021894074976444,
        0.00923146028071642,
        0.009484739042818546,
        0.009865978732705116,
        0.010303248651325703,
        0.011824389919638634,
        0.012853777967393398,
        0.014396173879504204,
        0.015913965180516243,
        0.018074169754981995,
        0.021458197385072708,
        0.02604193240404129
      ]
    },
    "2021": {
      "n_samples": 250,
      "entropy_mean": 2.897866725921631,
      "entropy_std": 0.11695318669080734,
      "attention_concentration": 0.051604535430669785,
      "top_features": [
        [
          "t-1",
          0.06672206521034241
        ],
        [
          "t-2",
          0.0639825165271759
        ],
        [
          "t-3",
          0.06136014312505722
        ],
        [
          "t-4",
          0.05918017402291298
        ],
        [
          "t-5",
          0.057500340044498444
        ]
      ],
      "mean_attention": [
        0.034888118505477905,
        0.03636395186185837,
        0.03823310509324074,
        0.04019884765148163,
        0.04208027571439743,
        0.04380491375923157,
        0.045301321893930435,
        0.046688176691532135,
        0.0480537973344326,
        0.04927655681967735,
        0.050542984157800674,
        0.051836419850587845,
        0.05330945551395416,
        0.054665423929691315,
        0.05601135268807411,
        0.057500340044498444,
        0.05918017402291298,
        0.06136014312505722,
        0.0639825165271759,
        0.06672206521034241
      ],
      "std_attention": [
        0.01743675023317337,
        0.01697435788810253,
        0.01688504032790661,
        0.01701483689248562,
        0.017379049211740494,
        0.017673222348093987,
        0.017939187586307526,
        0.018020261079072952,
        0.018153173848986626,
        0.018248990178108215,
        0.018489142879843712,
        0.01871670037508011,
        0.019350171089172363,
        0.020330073311924934,
        0.0214210394769907,
        0.022965840995311737,
        0.024956321343779564,
        0.029719602316617966,
        0.03723291680216789,
        0.0443669855594635
      ]
    },
    "2022": {
      "n_samples": 249,
      "entropy_mean": 2.8962059020996094,
      "entropy_std": 0.10964435338973999,
      "attention_concentration": 0.05341602861881256,
      "top_features": [
        [
          "t-1",
          0.07539981603622437
        ],
        [
          "t-2",
          0.06978163123130798
        ],
        [
          "t-3",
          0.06561170518398285
        ],
        [
          "t-4",
          0.06251756846904755
        ],
        [
          "t-5",
          0.06005486100912094
        ]
      ],
      "mean_attention": [
        0.027898263186216354,
        0.029653560370206833,
        0.031777895987033844,
        0.03463025391101837,
        0.03790057450532913,
        0.04111654311418533,
        0.04414311423897743,
        0.046728335320949554,
        0.04868743196129799,
        0.0503544844686985,
        0.051853157579898834,
        0.05323949456214905,
        0.05464302375912666,
        0.05612766370177269,
        0.05788065493106842,
        0.06005486100912094,
        0.06251756846904755,
        0.06561170518398285,
        0.06978163123130798,
        0.07539981603622437
      ],
      "std_attention": [
        0.012725815176963806,
        0.011635676957666874,
        0.011693685315549374,
        0.012416116893291473,
        0.013345877639949322,
        0.01429856289178133,
        0.015075289644300938,
        0.01564631797373295,
        0.015755435451865196,
        0.015710290521383286,
        0.015650112181901932,
        0.015731506049633026,
        0.01617347076535225,
        0.016961371526122093,
        0.018002210184931755,
        0.019713066518306732,
        0.022117706015706062,
        0.02593834325671196,
        0.033083539456129074,
        0.045861758291721344
      ]
    },
    "2023": {
      "n_samples": 249,
      "entropy_mean": 2.93267560005188,
      "entropy_std": 0.052613113075494766,
      "attention_concentration": 0.051313962787389755,
      "top_features": [
        [
          "t-1",
          0.06414186209440231
        ],
        [
          "t-2",
          0.06226739287376404
        ],
        [
          "t-3",
          0.06051009148359299
        ],
        [
          "t-4",
          0.058834753930568695
        ],
        [
          "t-5",
          0.05721738934516907
        ]
      ],
      "mean_attention": [
        0.037563979625701904,
        0.037229809910058975,
        0.03859492763876915,
        0.040540676563978195,
        0.04249759390950203,
        0.04424840211868286,
        0.04574776813387871,
        0.047022655606269836,
        0.048275869339704514,
        0.049529481679201126,
        0.05068684369325638,
        0.05184512957930565,
        0.05306834354996681,
        0.054381705820560455,
        0.05579536035656929,
        0.05721738934516907,
        0.058834753930568695,
        0.06051009148359299,
        0.06226739287376404,
        0.06414186209440231
      ],
      "std_attention": [
        0.01566358655691147,
        0.014612060971558094,
        0.014263294637203217,
        0.01409967616200447,
        0.014006869867444038,
        0.013998085632920265,
        0.014006241224706173,
        0.014087718911468983,
        0.01429907325655222,
        0.014431887306272984,
        0.01460830308496952,
        0.014810901135206223,
        0.015172137878835201,
        0.015724407508969307,
        0.01662871614098549,
        0.017671070992946625,
        0.019081836566329002,
        0.020800555124878883,
        0.023234078660607338,
        0.026130851358175278
      ]
    },
    "2024": {
      "n_samples": 250,
      "entropy_mean": 2.913827896118164,
      "entropy_std": 0.14041851460933685,
      "attention_concentration": 0.05181794986128807,
      "top_features": [
        [
          "t-1",
          0.06888393312692642
        ],
        [
          "t-2",
          0.06625863164663315
        ],
        [
          "t-3",
          0.0636611208319664
        ],
        [
          "t-4",
          0.061285246163606644
        ],
        [
          "t-5",
          0.05891996622085571
        ]
      ],