{
  "evaluation_timestamp": "2025-10-30T03:15:22.580185",
  "statistical_metrics": {
    "mse": 1.159854531288147,
    "rmse": 1.0769654512405396,
    "mae": 0.7665221691131592,
    "mape": 138.3346438407898,
    "r2": 0.0028074979782104492,
    "mean_error": -0.0031147797126322985,
    "std_error": 1.0769609212875366
  },
  "financial_metrics": {
    "directional_accuracy": 0.5352,
    "sharpe_ratio": 0.8757427778235402,
    "max_drawdown": -0.2450161874294281,
    "total_return": 0.9541944265365601,
    "hit_rate": 0.5336,
    "num_trades": 1246,
    "precision": 0.5353130016051364,
    "recall": 0.9970104633781763,
    "f1_score": 0.6966057441253263,
    "confusion_matrix": [
      [
        2,
        579
      ],
      [
        2,
        667
      ]
    ],
    "auc_roc": 0.49489308933363174,
    "alpha": 0.017283916473388672
  },
  "residual_diagnostics": {
    "normality_p_value": 4.577049333000595e-39,
    "acf_lag1": -0.02578861859272168,
    "skewness": 0.013766214558433866,
    "kurtosis": 6.561392238111752
  },
  "mode_stats": {
    "healthy_days": 90,
    "degraded_days": 0,
    "unidirectional_days": 1132,
    "weak_collapse_days": 28,
    "strong_collapse_days": 0,
    "total_days": 1250,
    "healthy_pct": 7.199999999999999,
    "degraded_pct": 0.0,
    "unidirectional_pct": 90.56,
    "weak_collapse_pct": 2.2399999999999998,
    "strong_collapse_pct": 0.0
  },
  "collapse_detected": true,
  "degradation_detected": true,
  "checkpoint_used": "experiments/00_baseline_exploration/sweep2_h16_enc_50/checkpoints/tft-epoch=55-val_loss=0.4035.ckpt"
}