{
  "evaluation_timestamp": "2025-10-27T12:02:21.515705",
  "statistical_metrics": {
    "mse": 1.170960783958435,
    "rmse": 1.0821094512939453,
    "mae": 0.7680103778839111,
    "mape": 147.69905805587769,
    "r2": -0.006741166114807129,
    "mean_error": 0.07385954260826111,
    "std_error": 1.0795857906341553
  },
  "financial_metrics": {
    "directional_accuracy": 0.5272,
    "sharpe_ratio": 0.9139599836949186,
    "max_drawdown": -0.18902242183685303,
    "total_return": 0.5347671508789062,
    "hit_rate": 0.2336,
    "num_trades": 506,
    "precision": 0.5770750988142292,
    "recall": 0.43647234678624813,
    "f1_score": 0.49702127659574463,
    "confusion_matrix": [
      [
        367,
        214
      ],
      [
        377,
        292
      ]
    ],
    "auc_roc": 0.5424105132895451,
    "alpha": -0.40214335918426514
  },
  "residual_diagnostics": {
    "normality_p_value": 6.537492039216971e-41,
    "acf_lag1": -0.03161351777699686,
    "skewness": 0.1772604933805543,
    "kurtosis": 6.671256600515509
  },
  "mode_stats": {
    "healthy_days": 110,
    "degraded_days": 94,
    "unidirectional_days": 800,
    "weak_collapse_days": 29,
    "strong_collapse_days": 217,
    "total_days": 1250,
    "healthy_pct": 8.799999999999999,
    "degraded_pct": 7.5200000000000005,
    "unidirectional_pct": 64.0,
    "weak_collapse_pct": 2.32,
    "strong_collapse_pct": 17.36
  },
  "collapse_detected": true,
  "degradation_detected": true,
  "checkpoint_used": "experiments/00_baseline_exploration/sweep2_h16_enc_50/checkpoints/tft-epoch=01-val_loss=0.1314.ckpt"
}