{
  "period_statistics": {
    "2020": {
      "n_samples": 92,
      "entropy_mean": 2.99355149269104,
      "entropy_std": 0.0015111505053937435,
      "attention_concentration": 0.05012866109609604,
      "top_features": [
        [
          "t-1",
          0.0556306466460228
        ],
        [
          "t-2",
          0.05439930409193039
        ],
        [
          "t-20",
          0.054111547768116
        ],
        [
          "t-3",
          0.053254369646310806
        ],
        [
          "t-4",
          0.05223698541522026
        ]
      ],
      "mean_attention": [
        0.054111547768116,
        0.04954009875655174,
        0.04902656748890877,
        0.048265885561704636,
        0.04774702712893486,
        0.04753091558814049,
        0.047475289553403854,
        0.04753779247403145,
        0.04769619554281235,
        0.04792394861578941,
        0.04823707416653633,
        0.048644065856933594,
        0.04915697127580643,
        0.0497712679207325,
        0.05048811435699463,
        0.0513259656727314,
        0.05223698541522026,
        0.053254369646310806,
        0.05439930409193039,
        0.0556306466460228
      ],
      "std_attention": [
        0.0028910483233630657,
        0.002207454526796937,
        0.0020581837743520737,
        0.0018986535724252462,
        0.0018682344816625118,
        0.001790467998944223,
        0.0017533265054225922,
        0.001766405301168561,
        0.001821691868826747,
        0.0018622432835400105,
        0.0019181700190529227,
        0.0019770925864577293,
        0.0020272498950362206,
        0.0020809811539947987,
        0.0021415739320218563,
        0.0022092165891081095,
        0.002308922354131937,
        0.002426285995170474,
        0.0025941687636077404,
        0.0028279649559408426
      ]
    },
    "2021": {
      "n_samples": 250,
      "entropy_mean": 2.9566636085510254,
      "entropy_std": 0.025209540501236916,
      "attention_concentration": 0.05008971318602562,
      "top_features": [
        [
          "t-20",
          0.05394728481769562
        ],
        [
          "t-1",
          0.05384118854999542
        ],
        [
          "t-2",
          0.053314030170440674
        ],
        [
          "t-3",
          0.0527210533618927
        ],
        [
          "t-4",
          0.05206618458032608
        ]
      ],
      "mean_attention": [
        0.05394728481769562,
        0.050095297396183014,
        0.04968251660466194,
        0.04893277585506439,
        0.04833148792386055,
        0.04795772582292557,
        0.04769048094749451,
        0.04761438071727753,
        0.04770924150943756,
        0.047884851694107056,
        0.04821036010980606,
        0.04868245869874954,
        0.04929446429014206,
        0.04997612163424492,
        0.050681546330451965,
        0.05136660858988762,
        0.05206618458032608,
        0.0527210533618927,
        0.053314030170440674,
        0.05384118854999542
      ],
      "std_attention": [
        0.019733823835849762,
        0.017692523077130318,
        0.01684427447617054,
        0.015812372788786888,
        0.014817342162132263,
        0.014058342203497887,
        0.013386214151978493,
        0.012856373563408852,
        0.012544668279588223,
        0.012318901717662811,
        0.012188625521957874,
        0.012139976024627686,
        0.012210645712912083,
        0.012381346896290779,
        0.012767729349434376,
        0.01315530575811863,
        0.013558548875153065,
        0.01397690363228321,
        0.014586399309337139,
        0.01533467136323452
      ]
    },
    "2022": {
      "n_samples": 249,
      "entropy_mean": 2.9829680919647217,
      "entropy_std": 0.007931563071906567,
      "attention_concentration": 0.05069752037525177,
      "top_features": [
        [
          "t-20",
          0.06830717623233795
        ],
        [
          "t-19",
          0.06173684820532799
        ],
        [
          "t-18",
          0.05786297097802162
        ],
        [
          "t-17",
          0.0542079359292984
        ],
        [
          "t-16",
          0.05165562778711319
        ]
      ],
      "mean_attention": [
        0.06830717623233795,
        0.06173684820532799,
        0.05786297097802162,
        0.0542079359292984,
        0.05165562778711319,
        0.04988889396190643,
        0.04874222353100777,
        0.04794076085090637,
        0.0473417229950428,
        0.04696514084935188,
        0.04673072323203087,
        0.04659252613782883,
        0.046537306159734726,
        0.04654480516910553,
        0.046572551131248474,
        0.04661265388131142,
        0.046596307307481766,
        0.046536270529031754,
        0.04641725867986679,
        0.046210289001464844
      ],
      "std_attention": [
        0.010984414257109165,
        0.009098757989704609,
        0.007369935046881437,
        0.006101824343204498,
        0.005290544126182795,
        0.0047498480416834354,
        0.004396734293550253,
        0.004211429040879011,
        0.0040669431909918785,
        0.004023125860840082,
        0.004023904912173748,
        0.0040537822060287,
        0.0041290754452347755,
        0.0043291375041007996,
        0.0045878649689257145,
        0.004858724307268858,
        0.005174535792320967,
        0.005499154329299927,
        0.0057986341416835785,
        0.006085590459406376
      ]
    },
    "2023": {
      "n_samples": 249,
      "entropy_mean": 2.9508321285247803,
      "entropy_std": 0.03956742212176323,
      "attention_concentration": 0.0505828894674778,
      "top_features": [
        [
          "t-1",
          0.059455253183841705
        ],
        [
          "t-2",
          0.058366283774375916
        ],
        [
          "t-20",
          0.057715319097042084
        ],
        [
          "t-3",
          0.05712495371699333
        ],
        [
          "t-4",
          0.055734772235155106
        ]
      ],
      "mean_attention": [
        0.057715319097042084,
        0.05166827514767647,
        0.04860794171690941,
        0.04607180505990982,
        0.04443642869591713,
        0.043560341000556946,
        0.04332564026117325,
        0.04356082156300545,
        0.044194359332323074,
        0.04514177143573761,
        0.046329762786626816,
        0.04772175848484039,
        0.049271680414676666,
        0.05091752111911774,
        0.052589721977710724,
        0.05420557036995888,
        0.055734772235155106,
        0.05712495371699333,
        0.058366283774375916,
        0.059455253183841705
      ],
      "std_attention": [
        0.029884453862905502,
        0.02346126362681389,
        0.02004079706966877,
        0.01711510494351387,
        0.014338328503072262,
        0.011868595145642757,
        0.010346968658268452,
        0.009389851242303848,
        0.008782041259109974,
        0.008445451967418194,
        0.008371153846383095,
        0.008593594655394554,
        0.009132972918450832,
        0.009985961019992828,
        0.011022182181477547,
        0.012235153466463089,
        0.013490813784301281,
        0.014778343960642815,
        0.016094261780381203,
        0.017379192635416985
      ]
    },
    "2024": {
      "n_samples": 250,
      "entropy_mean": 2.877012252807617,
      "entropy_std": 0.11034148186445236,
      "attention_concentration": 0.052763380110263824,
      "top_features": [
        [
          "t-1",
          0.07496990263462067
        ],
        [
          "t-2",
          0.07148609310388565
        ],
        [
          "t-3",
          0.06799592822790146
        ],
        [
          "t-4",
          0.06449264287948608
        ],
        [
          "t-5",
          0.06089174002408981
        ]
      ],