{
  "period_statistics": {
    "2020": {
      "n_samples": 92,
      "entropy_mean": 2.7146193981170654,
      "entropy_std": 0.3061072528362274,
      "attention_concentration": 0.0517340786755085,
      "top_features": [
        [
          "t-1",
          0.07460760325193405
        ],
        [
          "t-2",
          0.06668336689472198
        ],
        [
          "t-3",
          0.060997795313596725
        ],
        [
          "t-4",
          0.057560328394174576
        ],
        [
          "t-5",
          0.055227410048246384
        ]
      ],
      "mean_attention": [
        0.03676515445113182,
        0.03895386680960655,
        0.039901115000247955,
        0.04068390280008316,
        0.04193592444062233,
        0.04364553093910217,
        0.04541816562414169,
        0.0467364527285099,
        0.04794249311089516,
        0.04855653643608093,
        0.04914331063628197,
        0.04971253499388695,
        0.0503922700881958,
        0.051764193922281265,
        0.05337202548980713,
        0.055227410048246384,
        0.057560328394174576,
        0.060997795313596725,
        0.06668336689472198,
        0.07460760325193405
      ],
      "std_attention": [
        0.031273189932107925,
        0.0323481447994709,
        0.03087995946407318,
        0.029711373150348663,
        0.029660435393452644,
        0.0308560598641634,
        0.03230636194348335,
        0.033367350697517395,
        0.034360356628894806,
        0.03468940779566765,
        0.035333890467882156,
        0.035963572561740875,
        0.036765191704034805,
        0.03828509896993637,
        0.04034597426652908,
        0.0432220920920372,
        0.04753988981246948,
        0.05426517501473427,
        0.06877843290567398,
        0.09048210084438324
      ]
    },
    "2021": {
      "n_samples": 250,
      "entropy_mean": 2.762789487838745,
      "entropy_std": 0.3801943361759186,
      "attention_concentration": 0.05048219859600067,
      "top_features": [
        [
          "t-1",
          0.06298567354679108
        ],
        [
          "t-2",
          0.059775833040475845
        ],
        [
          "t-3",
          0.05615219473838806
        ],
        [
          "t-4",
          0.053290028125047684
        ],
        [
          "t-5",
          0.05225352942943573
        ]
      ],
      "mean_attention": [
        0.04292285814881325,
        0.04444311186671257,
        0.044926177710294724,
        0.04545675963163376,
        0.04650220647454262,
        0.04721652343869209,
        0.04779946058988571,
        0.04804359748959541,
        0.048326410353183746,
        0.04865839704871178,
        0.049142349511384964,
        0.04955689236521721,
        0.0503118634223938,
        0.05087316781282425,
        0.05136298015713692,
        0.05225352942943573,
        0.053290028125047684,
        0.05615219473838806,
        0.059775833040475845,
        0.06298567354679108
      ],
      "std_attention": [
        0.026674915105104446,
        0.029232550412416458,
        0.028096720576286316,
        0.027810677886009216,
        0.029688918963074684,
        0.030744491145014763,
        0.03221670165657997,
        0.032629288733005524,
        0.03350411728024483,
        0.03410878777503967,
        0.03543469309806824,
        0.036079052835702896,
        0.038611214607954025,
        0.04099660366773605,
        0.0433497317135334,
        0.04673013091087341,
        0.050054557621479034,
        0.061569083482027054,
        0.08084028214216232,
        0.09161785244941711
      ]
    },
    "2022": {
      "n_samples": 249,
      "entropy_mean": 2.582423448562622,
      "entropy_std": 0.3823883831501007,
      "attention_concentration": 0.052868422120809555,
      "top_features": [
        [
          "t-1",
          0.08234827220439911
        ],
        [
          "t-2",
          0.06958585977554321
        ],
        [
          "t-3",
          0.06217390298843384
        ],
        [
          "t-4",
          0.05761559307575226
        ],
        [
          "t-5",
          0.05471852421760559
        ]
      ],
      "mean_attention": [
        0.02976692095398903,
        0.033197831362485886,
        0.03502469137310982,
        0.037157852202653885,
        0.04065369442105293,
        0.04481612518429756,
        0.04809337109327316,
        0.049857936799526215,
        0.04998289421200752,
        0.049703724682331085,
        0.04983081668615341,
        0.050301846116781235,
        0.05078674852848053,
        0.05157889053225517,
        0.05280449613928795,
        0.05471852421760559,
        0.05761559307575226,
        0.06217390298843384,
        0.06958585977554321,
        0.08234827220439911
      ],
      "std_attention": [
        0.03203629329800606,
        0.03306347504258156,
        0.03292112797498703,
        0.0331215038895607,
        0.035088106989860535,
        0.03863677382469177,
        0.041252508759498596,
        0.04211343824863434,
        0.04098726063966751,
        0.039796847850084305,
        0.03970976918935776,
        0.04071598872542381,
        0.04201348498463631,
        0.0437183640897274,
        0.0459892675280571,
        0.049219634383916855,
        0.05548226460814476,
        0.06555675715208054,
        0.08007484674453735,
        0.11542416363954544
      ]
    },
    "2023": {
      "n_samples": 249,
      "entropy_mean": 2.9537320137023926,
      "entropy_std": 0.10958529263734818,
      "attention_concentration": 0.05006387457251549,
      "top_features": [
        [
          "t-1",
          0.05403953790664673
        ],
        [
          "t-2",
          0.05307205766439438
        ],
        [
          "t-3",
          0.05226290225982666
        ],
        [
          "t-4",
          0.05164042487740517
        ],
        [
          "t-5",
          0.0511532798409462
        ]
      ],
      "mean_attention": [
        0.04675695300102234,
        0.047376614063978195,
        0.04785475507378578,
        0.04828823730349541,
        0.048750437796115875,
        0.049166932702064514,
        0.049479056149721146,
        0.049446284770965576,
        0.0495571494102478,
        0.04976522549986839,
        0.04988778755068779,
        0.050010815262794495,
        0.050195593386888504,
        0.05045715346932411,
        0.050838764756917953,
        0.0511532798409462,
        0.05164042487740517,
        0.05226290225982666,
        0.05307205766439438,
        0.05403953790664673
      ],
      "std_attention": [
        0.013314378447830677,
        0.012868402525782585,
        0.012449653819203377,
        0.012161961756646633,
        0.012052545323967934,
        0.012185530737042427,
        0.01253547053784132,
        0.012029571458697319,
        0.012319604866206646,
        0.012712216004729271,
        0.013267985545098782,
        0.013769690878689289,
        0.014399564824998379,
        0.015059083700180054,
        0.01602954789996147,
        0.01726503297686577,
        0.01897486113011837,
        0.021582143381237984,
        0.026092855259776115,
        0.030967777594923973
      ]
    },
    "2024": {
      "n_samples": 250,
      "entropy_mean": 2.9213829040527344,
      "entropy_std": 0.3381238877773285,
      "attention_concentration": 0.05009215697646141,
      "top_features": [
        [
          "t-1",
          0.054419200867414474
        ],
        [
          "t-2",
          0.05403458699584007
        ],
        [
          "t-3",
          0.05358278751373291
        ],
        [
          "t-4",
          0.05298146232962608
        ],
        [
          "t-5",
          0.05198023468255997
        ]
      ],