{
  "period_statistics": {
    "2020": {
      "n_samples": 92,
      "entropy_mean": 2.9946253299713135,
      "entropy_std": 0.00035813290742225945,
      "attention_concentration": 0.0500064417719841,
      "top_features": [
        [
          "t-20",
          0.05185125768184662
        ],
        [
          "t-19",
          0.051188353449106216
        ],
        [
          "t-18",
          0.050365980714559555
        ],
        [
          "t-17",
          0.050006404519081116
        ],
        [
          "t-11",
          0.049976516515016556
        ]
      ],
      "mean_attention": [
        0.05185125768184662,
        0.051188353449106216,
        0.050365980714559555,
        0.050006404519081116,
        0.049907755106687546,
        0.04991225153207779,
        0.04994026571512222,
        0.04996524751186371,
        0.049974631518125534,
        0.049976516515016556,
        0.049968570470809937,
        0.04995397478342056,
        0.049935393035411835,
        0.04984261840581894,
        0.04974382743239403,
        0.04965883865952492,
        0.04957615211606026,
        0.04949474707245827,
        0.049410898238420486,
        0.04932631179690361
      ],
      "std_attention": [
        0.0026091630570590496,
        0.0024939379654824734,
        0.0023938666563481092,
        0.0023136555682867765,
        0.0022558546625077724,
        0.002208658028393984,
        0.0021745243575423956,
        0.002150637796148658,
        0.0021303733810782433,
        0.0021202429197728634,
        0.002123412908986211,
        0.0021373513154685497,
        0.002158963354304433,
        0.0022027003578841686,
        0.0022547119297087193,
        0.002293873578310013,
        0.002322073094546795,
        0.0023471307940781116,
        0.002370260888710618,
        0.0023886053822934628
      ]
    },
    "2021": {
      "n_samples": 250,
      "entropy_mean": 2.993377923965454,
      "entropy_std": 0.002869416493922472,
      "attention_concentration": 0.05003434792160988,
      "top_features": [
        [
          "t-20",
          0.05431879684329033
        ],
        [
          "t-19",
          0.052454691380262375
        ],
        [
          "t-18",
          0.05113530531525612
        ],
        [
          "t-17",
          0.05051756277680397
        ],
        [
          "t-16",
          0.050242550671100616
        ]
      ],
      "mean_attention": [
        0.05431879684329033,
        0.052454691380262375,
        0.05113530531525612,
        0.05051756277680397,
        0.050242550671100616,
        0.050097741186618805,
        0.050009239464998245,
        0.04992349445819855,
        0.04983634874224663,
        0.04975196719169617,
        0.049661267548799515,
        0.04956194385886192,
        0.049460723996162415,
        0.04937048628926277,
        0.049245648086071014,
        0.049123864620923996,
        0.04899783805012703,
        0.048876892775297165,
        0.048763737082481384,
        0.048649925738573074
      ],
      "std_attention": [
        0.004360695835202932,
        0.003778263460844755,
        0.0033923552837222815,
        0.0031709587201476097,
        0.003039667848497629,
        0.0029419579077512026,
        0.0028796428814530373,
        0.0028262624982744455,
        0.002789777936413884,
        0.002785872668027878,
        0.002802391303703189,
        0.0028348672203719616,
        0.0028811709489673376,
        0.0029273054096847773,
        0.0030354068148881197,
        0.003130090655758977,
        0.0032332115806639194,
        0.0033338640350848436,
        0.0034259380772709846,
        0.003524418920278549
      ]
    },
    "2022": {
      "n_samples": 249,
      "entropy_mean": 2.9921176433563232,
      "entropy_std": 0.0015889412024989724,
      "attention_concentration": 0.05003347992897034,
      "top_features": [
        [
          "t-20",
          0.0540926493704319
        ],
        [
          "t-19",
          0.05204267427325249
        ],
        [
          "t-18",
          0.05105246603488922
        ],
        [
          "t-17",
          0.05069437250494957
        ],
        [
          "t-16",
          0.05053206533193588
        ]
      ],
      "mean_attention": [
        0.0540926493704319,
        0.05204267427325249,
        0.05105246603488922,
        0.05069437250494957,
        0.05053206533193588,
        0.050424590706825256,
        0.05030127614736557,
        0.05017358064651489,
        0.0500372089445591,
        0.04988742992281914,
        0.04973434656858444,
        0.04958655312657356,
        0.04943789169192314,
        0.049303337931632996,
        0.049178965389728546,
        0.04901392385363579,
        0.04886028170585632,
        0.04870591312646866,
        0.04854804277420044,
        0.04839259386062622
      ],
      "std_attention": [
        0.005452746991068125,
        0.004760530311614275,
        0.0043127392418682575,
        0.004098982084542513,
        0.003981012385338545,
        0.0039130691438913345,
        0.0038566121365875006,
        0.0038285371847450733,
        0.003816744079813361,
        0.003807655069977045,
        0.0038046371191740036,
        0.0038127917796373367,
        0.0038233643863350153,
        0.003844124497845769,
        0.0038138432428240776,
        0.0038445957470685244,
        0.0038530081510543823,
        0.0038679807912558317,
        0.003886856371536851,
        0.003895961446687579
      ]
    },
    "2023": {
      "n_samples": 249,
      "entropy_mean": 2.9840214252471924,
      "entropy_std": 0.0048060365952551365,
      "attention_concentration": 0.05001267418265343,
      "top_features": [
        [
          "t-20",
          0.053084444254636765
        ],
        [
          "t-19",
          0.051150161772966385
        ],
        [
          "t-18",
          0.05017838627099991
        ],
        [
          "t-14",
          0.049952901899814606
        ],
        [
          "t-15",
          0.04994004964828491
        ]
      ],
      "mean_attention": [
        0.053084444254636765,
        0.051150161772966385,
        0.05017838627099991,
        0.04991927742958069,
        0.049909718334674835,
        0.04994004964828491,
        0.049952901899814606,
        0.04993698000907898,
        0.04990527406334877,
        0.049867771565914154,
        0.049832358956336975,
        0.04979533329606056,
        0.04975022003054619,
        0.04970557987689972,
        0.04968466982245445,
        0.04965323582291603,
        0.049561645835638046,
        0.049473244696855545,
        0.04939074441790581,
        0.049307987093925476
      ],
      "std_attention": [
        0.009450036101043224,
        0.008727503940463066,
        0.008174275979399681,
        0.007837573997676373,
        0.007611371576786041,
        0.0074408636428415775,
        0.0073050991632044315,
        0.00719710486009717,
        0.0071168383583426476,
        0.007069484330713749,
        0.007055280730128288,
        0.007067341357469559,
        0.007094893138855696,
        0.007141950540244579,
        0.007211777847260237,
        0.0072440835647284985,
        0.007352754008024931,
        0.007469880394637585,
        0.007595323491841555,
        0.007749289274215698
      ]
    },
    "2024": {
      "n_samples": 250,
      "entropy_mean": 2.9838674068450928,
      "entropy_std": 0.007137029431760311,
      "attention_concentration": 0.05002981051802635,
      "top_features": [
        [
          "t-20",
          0.0535464733839035
        ],
        [
          "t-19",
          0.05184316262602806
        ],
        [
          "t-18",
          0.05093096196651459
        ],
        [
          "t-17",
          0.0506402924656868
        ],
        [
          "t-16",
          0.050572384148836136
        ]
      ],