{
  "period_statistics": {
    "2020": {
      "n_samples": 92,
      "entropy_mean": 2.8268847465515137,
      "entropy_std": 0.13549381494522095,
      "attention_concentration": 0.053398359566926956,
      "top_features": [
        [
          "t-1",
          0.07490334659814835
        ],
        [
          "t-2",
          0.069941446185112
        ],
        [
          "t-3",
          0.06573372334241867
        ],
        [
          "t-4",
          0.06257231533527374
        ],
        [
          "t-5",
          0.06001272052526474
        ]
      ],
      "mean_attention": [
        0.024395499378442764,
        0.027023155242204666,
        0.032202307134866714,
        0.03773528337478638,
        0.041847530752420425,
        0.04438500851392746,
        0.04608677327632904,
        0.0472298339009285,
        0.048420920968055725,
        0.04938511177897453,
        0.050423361361026764,
        0.05163373798131943,
        0.052995309233665466,
        0.05534762516617775,
        0.05772503465414047,
        0.06001272052526474,
        0.06257231533527374,
        0.06573372334241867,
        0.069941446185112,
        0.07490334659814835
      ],
      "std_attention": [
        0.017973143607378006,
        0.019701039418578148,
        0.022811388596892357,
        0.025119155645370483,
        0.025748085230588913,
        0.025241956114768982,
        0.024565279483795166,
        0.023864692077040672,
        0.023473750799894333,
        0.023136038333177567,
        0.023009907454252243,
        0.023262595757842064,
        0.023790884763002396,
        0.025137558579444885,
        0.026487046852707863,
        0.028387565165758133,
        0.03125571832060814,
        0.03528817370533943,
        0.04147113114595413,
        0.04946153610944748
      ]
    },
    "2021": {
      "n_samples": 250,
      "entropy_mean": 2.713263511657715,
      "entropy_std": 0.24623903632164001,
      "attention_concentration": 0.052151285111904144,
      "top_features": [
        [
          "t-1",
          0.07956824451684952
        ],
        [
          "t-2",
          0.07113084942102432
        ],
        [
          "t-3",
          0.06442642956972122
        ],
        [
          "t-4",
          0.05904575064778328
        ],
        [
          "t-5",
          0.05494986101984978
        ]
      ],
      "mean_attention": [
        0.043556153774261475,
        0.044104866683483124,
        0.04572262614965439,
        0.0459321066737175,
        0.045030396431684494,
        0.0438355877995491,
        0.04276436194777489,
        0.04208914190530777,
        0.041881196200847626,
        0.042135268449783325,
        0.04297848418354988,
        0.04429849609732628,
        0.04631806164979935,
        0.048678863793611526,
        0.051553212106227875,
        0.05494986101984978,
        0.05904575064778328,
        0.06442642956972122,
        0.07113084942102432,
        0.07956824451684952
      ],
      "std_attention": [
        0.028163181617856026,
        0.029523828998208046,
        0.032693710178136826,
        0.0351882241666317,
        0.03646369278430939,
        0.03658468648791313,
        0.036466822028160095,
        0.03610512241721153,
        0.035887330770492554,
        0.035932887345552444,
        0.03637823089957237,
        0.03713318333029747,
        0.03874921798706055,
        0.04068499058485031,
        0.04283270239830017,
        0.04539204388856888,
        0.04833287000656128,
        0.05489754304289818,
        0.0649476945400238,
        0.0788174644112587
      ]
    },
    "2022": {
      "n_samples": 249,
      "entropy_mean": 2.80704927444458,
      "entropy_std": 0.17882834374904633,
      "attention_concentration": 0.052210595458745956,
      "top_features": [
        [
          "t-1",
          0.06580667942762375
        ],
        [
          "t-2",
          0.06147358566522598
        ],
        [
          "t-3",
          0.0582226924598217
        ],
        [
          "t-4",
          0.055871784687042236
        ],
        [
          "t-5",
          0.054215963929891586
        ]
      ],
      "mean_attention": [
        0.02088373340666294,
        0.026398448273539543,
        0.03552558645606041,
        0.04510805755853653,
        0.05106879770755768,
        0.05334969237446785,
        0.05373578518629074,
        0.05337057262659073,
        0.05259221792221069,
        0.051993176341056824,
        0.05173018202185631,
        0.051707230508327484,
        0.05182071402668953,
        0.052182234823703766,
        0.052942730486392975,
        0.054215963929891586,
        0.055871784687042236,
        0.0582226924598217,
        0.06147358566522598,
        0.06580667942762375
      ],
      "std_attention": [
        0.017286939546465874,
        0.01906747557222843,
        0.024635840207338333,
        0.030139436945319176,
        0.03184603154659271,
        0.031044263392686844,
        0.029202237725257874,
        0.027409499511122704,
        0.025811657309532166,
        0.02467973344027996,
        0.024270780384540558,
        0.024446900933980942,
        0.02493307553231716,
        0.025779737159609795,
        0.026984039694070816,
        0.028812093660235405,
        0.03164272382855415,
        0.03629371151328087,
        0.04388204589486122,
        0.05716357380151749
      ]
    },
    "2023": {
      "n_samples": 249,
      "entropy_mean": 2.884042739868164,
      "entropy_std": 0.08808764070272446,
      "attention_concentration": 0.05126120522618294,
      "top_features": [
        [
          "t-1",
          0.06252986192703247
        ],
        [
          "t-2",
          0.06063498184084892
        ],
        [
          "t-3",
          0.05902989208698273
        ],
        [
          "t-4",
          0.057647962123155594
        ],
        [
          "t-5",
          0.056433096528053284
        ]
      ],
      "mean_attention": [
        0.037586621940135956,
        0.03492306172847748,
        0.03634374961256981,
        0.039756517857313156,
        0.04331577941775322,
        0.0460439994931221,
        0.04790223762392998,
        0.04907223582267761,
        0.050085537135601044,
        0.05102560669183731,
        0.05184066295623779,
        0.05263180285692215,
        0.05345521122217178,
        0.05436503887176514,
        0.05537619814276695,
        0.056433096528053284,
        0.057647962123155594,
        0.05902989208698273,
        0.06063498184084892,
        0.06252986192703247
      ],
      "std_attention": [
        0.023421386256814003,
        0.02037005126476288,
        0.02032838761806488,
        0.021560484543442726,
        0.022434459999203682,
        0.02237352356314659,
        0.021906934678554535,
        0.021243195980787277,
        0.020868977531790733,
        0.020690713077783585,
        0.02064526081085205,
        0.020736919716000557,
        0.02103513292968273,
        0.021662116050720215,
        0.0225868858397007,
        0.023828038945794106,
        0.02531648986041546,
        0.02740359865128994,
        0.03043505735695362,
        0.03444284573197365
      ]
    },
    "2024": {
      "n_samples": 250,
      "entropy_mean": 2.7998852729797363,
      "entropy_std": 0.3322080373764038,
      "attention_concentration": 0.050858937203884125,
      "top_features": [
        [
          "t-1",
          0.06582667678594589
        ],
        [
          "t-2",
          0.061345379799604416
        ],
        [
          "t-3",
          0.05865902453660965
        ],
        [
          "t-4",
          0.056632112711668015
        ],
        [
          "t-5",
          0.054927416145801544
        ]
      ],