{
  "period_statistics": {
    "2020": {
      "n_samples": 92,
      "entropy_mean": 2.984442710876465,
      "entropy_std": 0.01274438388645649,
      "attention_concentration": 0.050065163522958755,
      "top_features": [
        [
          "t-1",
          0.05258912965655327
        ],
        [
          "t-2",
          0.052271414548158646
        ],
        [
          "t-3",
          0.05197213962674141
        ],
        [
          "t-4",
          0.05168336257338524
        ],
        [
          "t-5",
          0.05141430348157883
        ]
      ],
      "mean_attention": [
        0.046572089195251465,
        0.04615117236971855,
        0.047058992087841034,
        0.048042986541986465,
        0.04882298409938812,
        0.049361735582351685,
        0.04970265552401543,
        0.049945421516895294,
        0.05011065676808357,
        0.050284501165151596,
        0.05045192688703537,
        0.05061672627925873,
        0.050790008157491684,
        0.05099084600806236,
        0.051166970282793045,
        0.05141430348157883,
        0.05168336257338524,
        0.05197213962674141,
        0.052271414548158646,
        0.05258912965655327
      ],
      "std_attention": [
        0.00631645368412137,
        0.006508328951895237,
        0.006810619495809078,
        0.006981472484767437,
        0.007014657370746136,
        0.006921013817191124,
        0.0067838155664503574,
        0.006612793542444706,
        0.006482793018221855,
        0.00640828674659133,
        0.006409362889826298,
        0.0064686560072004795,
        0.006593733560293913,
        0.006792932748794556,
        0.007057692389935255,
        0.007407994009554386,
        0.00780451949685812,
        0.008239640854299068,
        0.008719447068870068,
        0.009209725074470043
      ]
    },
    "2021": {
      "n_samples": 250,
      "entropy_mean": 2.990081787109375,
      "entropy_std": 0.005082199815660715,
      "attention_concentration": 0.050168342888355255,
      "top_features": [
        [
          "t-1",
          0.05420536547899246
        ],
        [
          "t-2",
          0.05376940593123436
        ],
        [
          "t-3",
          0.053342610597610474
        ],
        [
          "t-4",
          0.05293809622526169
        ],
        [
          "t-5",
          0.0525493286550045
        ]
      ],
      "mean_attention": [
        0.04512210190296173,
        0.04434007778763771,
        0.04535144567489624,
        0.04658512771129608,
        0.04762228950858116,
        0.04839102551341057,
        0.048994194716215134,
        0.04948120564222336,
        0.049905989319086075,
        0.050308503210544586,
        0.05068841204047203,
        0.05105522274971008,
        0.0514129139482975,
        0.05177677795290947,
        0.052160002291202545,
        0.0525493286550045,
        0.05293809622526169,
        0.053342610597610474,
        0.05376940593123436,
        0.05420536547899246
      ],
      "std_attention": [
        0.0037518444005399942,
        0.0038885651156306267,
        0.004106234293431044,
        0.0042212726548314095,
        0.0042923856526613235,
        0.004314193967729807,
        0.004326352383941412,
        0.00431255204603076,
        0.004291817080229521,
        0.004289181903004646,
        0.004288961179554462,
        0.004295027814805508,
        0.004307383205741644,
        0.004343070555478334,
        0.00439384113997221,
        0.004457689821720123,
        0.00453891372308135,
        0.004657047800719738,
        0.004794486798346043,
        0.004966642241925001
      ]
    },
    "2022": {
      "n_samples": 249,
      "entropy_mean": 2.9832191467285156,
      "entropy_std": 0.006189413834363222,
      "attention_concentration": 0.050225935876369476,
      "top_features": [
        [
          "t-1",
          0.05532236397266388
        ],
        [
          "t-2",
          0.05467633157968521
        ],
        [
          "t-3",
          0.054064661264419556
        ],
        [
          "t-4",
          0.053473781794309616
        ],
        [
          "t-5",
          0.05290420353412628
        ]
      ],
      "mean_attention": [
        0.043775152415037155,
        0.04357610270380974,
        0.04494693875312805,
        0.04651322215795517,
        0.047679539769887924,
        0.04844655096530914,
        0.04893555864691734,
        0.0492900013923645,
        0.04965586960315704,
        0.050029028207063675,
        0.050403982400894165,
        0.050823699682950974,
        0.05129234865307808,
        0.0518130399286747,
        0.05237767472863197,
        0.05290420353412628,
        0.053473781794309616,
        0.054064661264419556,
        0.05467633157968521,
        0.05532236397266388
      ],
      "std_attention": [
        0.006208178587257862,
        0.006542674731463194,
        0.0070939394645392895,
        0.007404124829918146,
        0.007414977997541428,
        0.007244272157549858,
        0.00699284253641963,
        0.006749327760189772,
        0.006540009751915932,
        0.006405271124094725,
        0.006319455336779356,
        0.006327777169644833,
        0.0064377631060779095,
        0.0066693429835140705,
        0.006985151208937168,
        0.007360175251960754,
        0.0078061409294605255,
        0.008328311145305634,
        0.008940820582211018,
        0.009655224159359932
      ]
    },
    "2023": {
      "n_samples": 249,
      "entropy_mean": 2.989164113998413,
      "entropy_std": 0.004303338471800089,
      "attention_concentration": 0.05024421215057373,
      "top_features": [
        [
          "t-1",
          0.05486402288079262
        ],
        [
          "t-2",
          0.05434654653072357
        ],
        [
          "t-3",
          0.05383271351456642
        ],
        [
          "t-4",
          0.053332313895225525
        ],
        [
          "t-5",
          0.0528547540307045
        ]
      ],
      "mean_attention": [
        0.04362715408205986,
        0.04266892373561859,
        0.044187989085912704,
        0.04606978967785835,
        0.047542329877614975,
        0.04854771867394447,
        0.04924207925796509,
        0.04979541897773743,
        0.050218768417835236,
        0.05057981610298157,
        0.050951696932315826,
        0.05130743607878685,
        0.05166121572256088,
        0.05200280249118805,
        0.0523664765059948,
        0.0528547540307045,
        0.053332313895225525,
        0.05383271351456642,
        0.05434654653072357,
        0.05486402288079262
      ],
      "std_attention": [
        0.0035533979535102844,
        0.0035283085890114307,
        0.0038834386505186558,
        0.004179590847343206,
        0.004352543968707323,
        0.004429287742823362,
        0.004448275547474623,
        0.0044121043756604195,
        0.00438887532800436,
        0.0043215579353272915,
        0.0043019517324864864,
        0.004295607563108206,
        0.004307347349822521,
        0.004324913490563631,
        0.004410911817103624,
        0.0046683019027113914,
        0.004981365520507097,
        0.005372089799493551,
        0.005827884189784527,
        0.0063582113943994045
      ]
    },
    "2024": {
      "n_samples": 250,
      "entropy_mean": 2.988413095474243,
      "entropy_std": 0.00555548258125782,
      "attention_concentration": 0.0503629595041275,
      "top_features": [
        [
          "t-1",
          0.056282252073287964
        ],
        [
          "t-2",
          0.05559761822223663
        ],
        [
          "t-3",
          0.054950375109910965
        ],
        [
          "t-4",
          0.0543409027159214
        ],
        [
          "t-5",
          0.05375272408127785
        ]
      ],