{
  "evaluation_timestamp": "2025-10-30T03:17:41.653165",
  "statistical_metrics": {
    "mse": 1.1776353120803833,
    "rmse": 1.0851891040802002,
    "mae": 0.7743974328041077,
    "mape": 144.88506317138672,
    "r2": -0.0007420778274536133,
    "mean_error": -0.018796740099787712,
    "std_error": 1.0850262641906738
  },
  "financial_metrics": {
    "directional_accuracy": 0.53203125,
    "sharpe_ratio": 0.7791355605596145,
    "max_drawdown": -0.24135524034500122,
    "total_return": 0.8191012144088745,
    "hit_rate": 0.5109375,
    "num_trades": 1220,
    "precision": 0.5360655737704918,
    "recall": 0.9519650655021834,
    "f1_score": 0.6858940744625066,
    "confusion_matrix": [
      [
        27,
        566
      ],
      [
        33,
        654
      ]
    ],
    "auc_roc": 0.47859181965237324,
    "alpha": -0.10250687599182129
  },
  "residual_diagnostics": {
    "normality_p_value": 1.0455682922660599e-38,
    "acf_lag1": -0.028117328671725075,
    "skewness": -0.0426136802118557,
    "kurtosis": 6.248770908489517
  },
  "mode_stats": {
    "healthy_days": 423,
    "degraded_days": 48,
    "unidirectional_days": 809,
    "weak_collapse_days": 0,
    "strong_collapse_days": 0,
    "total_days": 1280,
    "healthy_pct": 33.046875,
    "degraded_pct": 3.75,
    "unidirectional_pct": 63.20312500000001,
    "weak_collapse_pct": 0.0,
    "strong_collapse_pct": 0.0
  },
  "collapse_detected": false,
  "degradation_detected": true,
  "checkpoint_used": "experiments/00_baseline_exploration/sweep2_hidden_14/checkpoints/tft-epoch=63-val_loss=0.3981.ckpt"
}