{
  "evaluation_timestamp": "2025-10-27T12:02:50.301645",
  "statistical_metrics": {
    "mse": 1.2816402912139893,
    "rmse": 1.1320955753326416,
    "mae": 0.8361026644706726,
    "mape": 361.04443073272705,
    "r2": -0.08912444114685059,
    "mean_error": 0.32435712218284607,
    "std_error": 1.084634780883789
  },
  "financial_metrics": {
    "directional_accuracy": 0.46328125,
    "sharpe_ratio": 0.0,
    "max_drawdown": 0.0,
    "total_return": 0.0,
    "hit_rate": 0.0,
    "num_trades": 0,
    "precision": 0.0,
    "recall": 0.0,
    "f1_score": 0.0,
    "confusion_matrix": [
      [
        593,
        0
      ],
      [
        687,
        0
      ]
    ],
    "auc_roc": 0.48534700079285015,
    "alpha": -0.9216080904006958
  },
  "residual_diagnostics": {
    "normality_p_value": 9.086537518474087e-40,
    "acf_lag1": -0.035914679548843226,
    "skewness": 0.04374447594140507,
    "kurtosis": 6.501140183742665
  },
  "mode_stats": {
    "healthy_days": 29,
    "degraded_days": 1,
    "unidirectional_days": 933,
    "weak_collapse_days": 85,
    "strong_collapse_days": 232,
    "total_days": 1280,
    "healthy_pct": 2.265625,
    "degraded_pct": 0.078125,
    "unidirectional_pct": 72.890625,
    "weak_collapse_pct": 6.640625,
    "strong_collapse_pct": 18.125
  },
  "collapse_detected": true,
  "degradation_detected": true,
  "checkpoint_used": "experiments/00_baseline_exploration/sweep2_hidden_14/checkpoints/tft-epoch=01-val_loss=0.1377.ckpt"
}