{
  "period_statistics": {
    "2020": {
      "n_samples": 92,
      "entropy_mean": 2.9909114837646484,
      "entropy_std": 0.0029686852358281612,
      "attention_concentration": 0.0503900870680809,
      "top_features": [
        [
          "t-1",
          0.06102171540260315
        ],
        [
          "t-2",
          0.05837380886077881
        ],
        [
          "t-3",
          0.056023191660642624
        ],
        [
          "t-20",
          0.054201390594244
        ],
        [
          "t-4",
          0.05400203540921211
        ]
      ],
      "mean_attention": [
        0.054201390594244,
        0.04902123287320137,
        0.048066481947898865,
        0.04694138467311859,
        0.046205900609493256,
        0.0458868034183979,
        0.0458129420876503,
        0.04591815546154976,
        0.04617513343691826,
        0.046539969742298126,
        0.047037314623594284,
        0.04768325388431549,
        0.048502203077077866,
        0.049534741789102554,
        0.05077856406569481,
        0.05227377265691757,
        0.05400203540921211,
        0.056023191660642624,
        0.05837380886077881,
        0.06102171540260315
      ],
      "std_attention": [
        0.0027897271793335676,
        0.0022242905106395483,
        0.0021495979744940996,
        0.0020252850372344255,
        0.0020402257796376944,
        0.0019557999912649393,
        0.001907050027512014,
        0.00190933293197304,
        0.0019735211972147226,
        0.002017657272517681,
        0.002074710326269269,
        0.0021278292406350374,
        0.002155967988073826,
        0.0021692446898669004,
        0.0021852771751582623,
        0.002237280597910285,
        0.0023432376328855753,
        0.0025274602230638266,
        0.0028794596437364817,
        0.0034316950477659702
      ]
    },
    "2021": {
      "n_samples": 250,
      "entropy_mean": 2.9469985961914062,
      "entropy_std": 0.03105827048420906,
      "attention_concentration": 0.05034082010388374,
      "top_features": [
        [
          "t-1",
          0.05861101299524307
        ],
        [
          "t-2",
          0.0571398064494133
        ],
        [
          "t-3",
          0.0556488111615181
        ],
        [
          "t-20",
          0.055618174374103546
        ],
        [
          "t-4",
          0.05414854735136032
        ]
      ],
      "mean_attention": [
        0.055618174374103546,
        0.05013186112046242,
        0.048842791467905045,
        0.047452375292778015,
        0.0464768223464489,
        0.04591594263911247,
        0.04558504372835159,
        0.04555404186248779,
        0.04578373208642006,
        0.046169061213731766,
        0.04678303375840187,
        0.04762433096766472,
        0.04868816211819649,
        0.04991384595632553,
        0.05125492438673973,
        0.05265773460268974,
        0.05414854735136032,
        0.0556488111615181,
        0.0571398064494133,
        0.05861101299524307
      ],
      "std_attention": [
        0.021403660997748375,
        0.018896054476499557,
        0.017798159271478653,
        0.01660473830997944,
        0.015532158315181732,
        0.014781206846237183,
        0.01414813194423914,
        0.013692349195480347,
        0.013472376391291618,
        0.013340463861823082,
        0.013312699273228645,
        0.013363742269575596,
        0.013549982570111752,
        0.013852993957698345,
        0.01440047100186348,
        0.014941560104489326,
        0.015495838597416878,
        0.01608060859143734,
        0.016937820240855217,
        0.018045907840132713
      ]
    },
    "2022": {
      "n_samples": 249,
      "entropy_mean": 2.9831604957580566,
      "entropy_std": 0.009909704327583313,
      "attention_concentration": 0.050538405776023865,
      "top_features": [
        [
          "t-20",
          0.06686633825302124
        ],
        [
          "t-19",
          0.06047103926539421
        ],
        [
          "t-18",
          0.05648382380604744
        ],
        [
          "t-17",
          0.05268995836377144
        ],
        [
          "t-16",
          0.05013794079422951
        ]
      ],
      "mean_attention": [
        0.06686633825302124,
        0.06047103926539421,
        0.05648382380604744,
        0.05268995836377144,
        0.05013794079422951,
        0.04849403351545334,
        0.04756608605384827,
        0.04703506827354431,
        0.046737752854824066,
        0.04668361693620682,
        0.04677243530750275,
        0.046948593109846115,
        0.04718966782093048,
        0.04748387634754181,
        0.04776890203356743,
        0.04802096635103226,
        0.04816293343901634,
        0.048218127340078354,
        0.04819547012448311,
        0.048073410987854004
      ],
      "std_attention": [
        0.011703365482389927,
        0.009938931092619896,
        0.008131943643093109,
        0.006738054100424051,
        0.005806327797472477,
        0.0051851654425263405,
        0.004766585770994425,
        0.004535518120974302,
        0.0043515716679394245,
        0.004283389076590538,
        0.004276086576282978,
        0.004307430237531662,
        0.004397887736558914,
        0.004646414425224066,
        0.004989237058907747,
        0.005360967479646206,
        0.005789280869066715,
        0.006231188308447599,
        0.006637937389314175,
        0.007029837463051081
      ]
    },
    "2023": {
      "n_samples": 249,
      "entropy_mean": 2.924619436264038,
      "entropy_std": 0.06254574656486511,
      "attention_concentration": 0.051308564841747284,
      "top_features": [
        [
          "t-1",
          0.06508392095565796
        ],
        [
          "t-2",
          0.06342113763093948
        ],
        [
          "t-3",
          0.061528079211711884
        ],
        [
          "t-4",
          0.059421706944704056
        ],
        [
          "t-20",
          0.05721587687730789
        ]
      ],
      "mean_attention": [
        0.05721587687730789,
        0.04964124783873558,
        0.0457918681204319,
        0.04283055663108826,
        0.041093792766332626,
        0.04032033309340477,
        0.04033581167459488,
        0.040949590504169464,
        0.042065780609846115,
        0.043576642870903015,
        0.045395515859127045,
        0.047486551105976105,
        0.04978564381599426,
        0.052227336913347244,
        0.054704513400793076,
        0.05712408944964409,
        0.059421706944704056,
        0.061528079211711884,
        0.06342113763093948,
        0.06508392095565796
      ],
      "std_attention": [
        0.033591847866773605,
        0.026586590334773064,
        0.02304871566593647,
        0.02010047808289528,
        0.01736569218337536,
        0.014979205094277859,
        0.013518369756639004,
        0.012547215446829796,
        0.011814718134701252,
        0.011270268820226192,
        0.010940414853394032,
        0.010945653542876244,
        0.01139345858246088,
        0.01238204911351204,
        0.013744968920946121,
        0.015486634336411953,
        0.017372768372297287,
        0.019350117072463036,
        0.021403010934591293,
        0.023435795679688454
      ]
    },
    "2024": {
      "n_samples": 250,
      "entropy_mean": 2.8124618530273438,
      "entropy_std": 0.14207492768764496,
      "attention_concentration": 0.055532027035951614,
      "top_features": [
        [
          "t-1",
          0.08703703433275223
        ],
        [
          "t-2",
          0.0812586098909378
        ],
        [
          "t-3",
          0.0755692645907402
        ],
        [
          "t-4",
          0.06993430852890015
        ],
        [
          "t-5",
          0.06428040564060211
        ]
      ],