{
  "period_statistics": {
    "2020": {
      "n_samples": 92,
      "entropy_mean": 2.8157103061676025,
      "entropy_std": 0.21087373793125153,
      "attention_concentration": 0.05091018229722977,
      "top_features": [
        [
          "t-1",
          0.06850278377532959
        ],
        [
          "t-2",
          0.06326708197593689
        ],
        [
          "t-3",
          0.05900537595152855
        ],
        [
          "t-4",
          0.05589907616376877
        ],
        [
          "t-5",
          0.053618524223566055
        ]
      ],
      "mean_attention": [
        0.04178852215409279,
        0.043481215834617615,
        0.044134244322776794,
        0.04454538971185684,
        0.0451112762093544,
        0.04588725417852402,
        0.04652654752135277,
        0.04686306416988373,
        0.04732748866081238,
        0.04750153794884682,
        0.04779522866010666,
        0.048183735460042953,
        0.048765603452920914,
        0.050083089619874954,
        0.05171306058764458,
        0.053618524223566055,
        0.05589907616376877,
        0.05900537595152855,
        0.06326708197593689,
        0.06850278377532959
      ],
      "std_attention": [
        0.027367906644940376,
        0.02718976140022278,
        0.025629963725805283,
        0.024587923660874367,
        0.024288447573781013,
        0.024777794256806374,
        0.02510397508740425,
        0.02509933151304722,
        0.025415655225515366,
        0.025304358452558517,
        0.02559293620288372,
        0.025906141847372055,
        0.02650780789554119,
        0.028139108791947365,
        0.030612105503678322,
        0.034089453518390656,
        0.03828096389770508,
        0.04474244266748428,
        0.05536695569753647,
        0.06998790800571442
      ]
    },
    "2021": {
      "n_samples": 250,
      "entropy_mean": 2.845852851867676,
      "entropy_std": 0.280205100774765,
      "attention_concentration": 0.05026509612798691,
      "top_features": [
        [
          "t-1",
          0.060588374733924866
        ],
        [
          "t-2",
          0.05794715881347656
        ],
        [
          "t-3",
          0.05476197227835655
        ],
        [
          "t-4",
          0.05208825692534447
        ],
        [
          "t-5",
          0.050963204354047775
        ]
      ],
      "mean_attention": [
        0.045919083058834076,
        0.04710736498236656,
        0.04728231951594353,
        0.04744958505034447,
        0.04791253060102463,
        0.04813341796398163,
        0.04828759282827377,
        0.04827527701854706,
        0.04829475283622742,
        0.04837404936552048,
        0.048634521663188934,
        0.04885661602020264,
        0.049370575696229935,
        0.04971102997660637,
        0.0500422939658165,
        0.050963204354047775,
        0.05208825692534447,
        0.05476197227835655,
        0.05794715881347656,
        0.060588374733924866
      ],
      "std_attention": [
        0.023509016260504723,
        0.024374693632125854,
        0.02273922972381115,
        0.021993368864059448,
        0.02294538915157318,
        0.023486686870455742,
        0.024310031905770302,
        0.02445930428802967,
        0.024831494316458702,
        0.024782389402389526,
        0.025412030518054962,
        0.025491252541542053,
        0.026940738782286644,
        0.028404362499713898,
        0.030089441686868668,
        0.03413686901330948,
        0.03825690969824791,
        0.04880502074956894,
        0.06396245956420898,
        0.0736662745475769
      ]
    },
    "2022": {
      "n_samples": 249,
      "entropy_mean": 2.6530773639678955,
      "entropy_std": 0.3484463095664978,
      "attention_concentration": 0.05176728963851929,
      "top_features": [
        [
          "t-1",
          0.077703557908535
        ],
        [
          "t-2",
          0.06698677688837051
        ],
        [
          "t-3",
          0.06036873161792755
        ],
        [
          "t-4",
          0.05608901008963585
        ],
        [
          "t-5",
          0.05330643430352211
        ]
      ],
      "mean_attention": [
        0.035945698618888855,
        0.03883117809891701,
        0.04055752977728844,
        0.04200555011630058,
        0.04399988427758217,
        0.046080585569143295,
        0.04753272607922554,
        0.04813668876886368,
        0.04787923023104668,
        0.04760044068098068,
        0.04788189008831978,
        0.04852103814482689,
        0.049175359308719635,
        0.050034020096063614,
        0.051363687962293625,
        0.05330643430352211,
        0.05608901008963585,
        0.06036873161792755,
        0.06698677688837051,
        0.077703557908535
      ],
      "std_attention": [
        0.032644450664520264,
        0.03351326659321785,
        0.03352676331996918,
        0.03326837718486786,
        0.033972371369600296,
        0.035713355988264084,
        0.03685096651315689,
        0.03677036613225937,
        0.035395730286836624,
        0.034360792487859726,
        0.03467904031276703,
        0.036054015159606934,
        0.037597693502902985,
        0.03924066200852394,
        0.04169536009430885,
        0.04503868147730827,
        0.05103718116879463,
        0.060555748641490936,
        0.07381688058376312,
        0.10518354922533035
      ]
    },
    "2023": {
      "n_samples": 249,
      "entropy_mean": 2.9673221111297607,
      "entropy_std": 0.07000882178544998,
      "attention_concentration": 0.05005347356200218,
      "top_features": [
        [
          "t-1",
          0.05391160026192665
        ],
        [
          "t-2",
          0.05306089669466019
        ],
        [
          "t-3",
          0.05230734124779701
        ],
        [
          "t-4",
          0.05163954570889473
        ],
        [
          "t-5",
          0.05109606310725212
        ]
      ],
      "mean_attention": [
        0.047373171895742416,
        0.04813561588525772,
        0.048476506024599075,
        0.04868166521191597,
        0.04888518154621124,
        0.04907863959670067,
        0.04922938346862793,
        0.04916856437921524,
        0.04923904687166214,
        0.04942413419485092,
        0.04956795275211334,
        0.04973885416984558,
        0.04997206851840019,
        0.05029205605387688,
        0.05072179064154625,
        0.05109606310725212,
        0.05163954570889473,
        0.05230734124779701,
        0.05306089669466019,
        0.05391160026192665
      ],
      "std_attention": [
        0.011775186285376549,
        0.01118047907948494,
        0.010746787302196026,
        0.01032827515155077,
        0.010015422478318214,
        0.009892866015434265,
        0.009965529665350914,
        0.009516121819615364,
        0.009603731334209442,
        0.009850040078163147,
        0.010268817655742168,
        0.010669255629181862,
        0.011171584017574787,
        0.011706845834851265,
        0.012556390836834908,
        0.01357344537973404,
        0.014945028349757195,
        0.01725112833082676,
        0.020296497270464897,
        0.023907478898763657
      ]
    },
    "2024": {
      "n_samples": 250,
      "entropy_mean": 2.945704698562622,
      "entropy_std": 0.248262420296669,
      "attention_concentration": 0.05008014664053917,
      "top_features": [
        [
          "t-1",
          0.054194796830415726
        ],
        [
          "t-2",
          0.053937457501888275
        ],
        [
          "t-3",
          0.053482405841350555
        ],
        [
          "t-4",
          0.05272404104471207
        ],
        [
          "t-5",
          0.051450736820697784
        ]
      ],