
[INFO] Using AUTO device selection.

[INFO] Patched matplotlib.Axes.errorbar to abs() negative yerr for robustness.
======================================================================
Training TFT: 06b_rolling/daily_h16_baseline/fold_2019
======================================================================
Logging to: experiments/06b_rolling/daily_h16_baseline/fold_2019/training_20251129_221927.log
Started at: 2025-11-29 22:19:27
======================================================================
Configuration saved to: experiments/06b_rolling/daily_h16_baseline/fold_2019/config.json

Loading data splits...
Train: 2499 samples
Val: 249 samples
Test: 250 samples

Preparing TimeSeriesDataSet...

Dropping source columns (used for staleness only): ['CPI']

Final features for TFT: ['SP500_Returns', 'VIX', 'Treasury_10Y', 'Yield_Spread', 'Inflation_YoY']

======================================================================
FEATURE STATISTICS - BEFORE NORMALIZATION
======================================================================
VIX                             mean= 20.0626  std=  9.9412  min=  9.1400  max= 80.8600
Treasury_10Y                    mean=  2.5931  std=  0.6990  min=  1.3700  max=  4.2700
Yield_Spread                    mean=  1.7835  std=  0.5993  min=  0.5100  max=  2.9100
Inflation_YoY                   mean=  1.7424  std=  1.4351  min= -2.1498  max=  5.4850

======================================================================
FEATURES AFTER GROUPNORMALIZER (first batch, last timestep)
======================================================================
VIX                             normalized_value=  1.0000
Treasury_10Y                    normalized_value= -0.0500
Yield_Spread                    normalized_value=  2.0160
Inflation_YoY                   normalized_value=  0.8684
======================================================================

[DEBUG] VIX train values: [23.17 22.49 23.94 23.79 25.43]
[DEBUG] VIX val values: [9.77 9.15 9.22 9.22 9.52]
Batches per epoch: 38
[DEBUG] Validation batches: 4
[DEBUG] Validation dataset size: 229
[DEBUG] Batch size: 64

Initializing model...

Using standard QuantileLoss (no penalties)

[REGIME OUTPUT] Disabled (using baseline output layer)

================================================================================
BASELINE MODEL FEATURE CONFIGURATION (after from_dataset)
================================================================================
tft.hparams.time_varying_reals_encoder: ['relative_time_idx', 'VIX', 'Treasury_10Y', 'Yield_Spread', 'Inflation_YoY']
  Count: 5

tft.hparams.time_varying_reals_decoder: ['relative_time_idx']
  Count: 1

tft.hparams.x_reals (all reals passed to model): ['encoder_length', 'relative_time_idx', 'VIX', 'Treasury_10Y', 'Yield_Spread', 'Inflation_YoY']
  Count: 6

Encoder VSN configuration:
  num_inputs: 5
  input_sizes: {'relative_time_idx': 16, 'VIX': 16, 'Treasury_10Y': 16, 'Yield_Spread': 16, 'Inflation_YoY': 16}
  flattened_grn.fc1: in_features=80, out_features=5
  -> Params in fc1: 400 (should be 5*16*5=400 if 5 features)
================================================================================

Model parameters: 22,615

Starting training...
Checkpoints will be saved to: experiments/06b_rolling/daily_h16_baseline/fold_2019/checkpoints/
Logs will be saved to: experiments/06b_rolling/daily_h16_baseline/fold_2019/logs/

[DEBUG CollapseMonitor] on_validation_epoch_start called for epoch 0
[DEBUG CollapseMonitor] reset_temporal_state() called on loss function
Epoch 0: val_loss=N/A
[DEBUG CollapseMonitor] on_validation_epoch_start called for epoch 0
[DEBUG CollapseMonitor] reset_temporal_state() called on loss function
Epoch 0: val_loss=0.7082586884498596
Epoch 0: train_loss=0.7640604972839355

[CollapseMonitor] Epoch 0
  [DEBUG] Processed 4 batches from val_dataloader
  [DEBUG] Predictions shape after concat: (229,)
  [DEBUG] All predictions list length: 4
  [DEBUG] First batch shape: (64,)
  Pred std: 0.009730, range: 0.033730, mean: 0.089408
  Pos: 100.0%, Neg: 0.0%, Unique: 228
  Dir Acc: 51.53%, Pred Sharpe: 145.8669
  Composite: 0.3904 (dist_match: 0.5153, actual_pos: 51.5%, pred_pos: 100.0%)
  Collapse penalty: 0.000000 (threshold: 0.005000)
  Saved validation predictions to: experiments/06b_rolling/daily_h16_baseline/fold_2019/collapse_monitoring/val_predictions_epoch0.npy
  Gradient norms:
    lstm_encoder: 0.011496
    lstm_decoder: 0.017870
    output_layer: 0.764655
  VSN output std:
    encoder: 0.265639
  Attention entropy: 2.995104
  Saved to: experiments/06b_rolling/daily_h16_baseline/fold_2019/collapse_monitoring/collapse_monitor_latest.json
[DEBUG CollapseMonitor] on_validation_epoch_start called for epoch 1
[DEBUG CollapseMonitor] reset_temporal_state() called on loss function
Epoch 1: val_loss=0.6448678374290466
Epoch 1: train_loss=0.722883403301239

[CollapseMonitor] Epoch 1
  [DEBUG] Processed 4 batches from val_dataloader
  [DEBUG] Predictions shape after concat: (229,)
  [DEBUG] All predictions list length: 4
  [DEBUG] First batch shape: (64,)
  Pred std: 0.006827, range: 0.023805, mean: 0.064086
  Pos: 100.0%, Neg: 0.0%, Unique: 228
  Dir Acc: 51.53%, Pred Sharpe: 149.0176
  Composite: 0.3904 (dist_match: 0.5153, actual_pos: 51.5%, pred_pos: 100.0%)
  Collapse penalty: 0.000000 (threshold: 0.005000)
  Saved validation predictions to: experiments/06b_rolling/daily_h16_baseline/fold_2019/collapse_monitoring/val_predictions_epoch1.npy
  Gradient norms:
    lstm_encoder: 0.010930
    lstm_decoder: 0.016829
    output_layer: 0.723072
  VSN output std:
    encoder: 0.265475
  Attention entropy: 2.995427
  Saved to: experiments/06b_rolling/daily_h16_baseline/fold_2019/collapse_monitoring/collapse_monitor_latest.json
[DEBUG CollapseMonitor] on_validation_epoch_start called for epoch 2
[DEBUG CollapseMonitor] reset_temporal_state() called on loss function
Epoch 2: val_loss=0.5904364585876465
Epoch 2: train_loss=0.6607468128204346

[CollapseMonitor] Epoch 2
  [DEBUG] Processed 4 batches from val_dataloader
  [DEBUG] Predictions shape after concat: (229,)
  [DEBUG] All predictions list length: 4
  [DEBUG] First batch shape: (64,)
  Pred std: 0.005632, range: 0.019569, mean: 0.049618
  Pos: 100.0%, Neg: 0.0%, Unique: 229
  Dir Acc: 51.53%, Pred Sharpe: 139.8543
  Composite: 0.3904 (dist_match: 0.5153, actual_pos: 51.5%, pred_pos: 100.0%)
  Collapse penalty: 0.000000 (threshold: 0.005000)
  Saved validation predictions to: experiments/06b_rolling/daily_h16_baseline/fold_2019/collapse_monitoring/val_predictions_epoch2.npy
  Gradient norms:
    lstm_encoder: 0.008606
    lstm_decoder: 0.013090
    output_layer: 0.628140
  VSN output std:
    encoder: 0.265675
  Attention entropy: 2.995540
  Saved to: experiments/06b_rolling/daily_h16_baseline/fold_2019/collapse_monitoring/collapse_monitor_latest.json
[DEBUG CollapseMonitor] on_validation_epoch_start called for epoch 3
[DEBUG CollapseMonitor] reset_temporal_state() called on loss function
Epoch 3: val_loss=0.540407121181488
Epoch 3: train_loss=0.6180574297904968

[CollapseMonitor] Epoch 3
  [DEBUG] Processed 4 batches from val_dataloader
  [DEBUG] Predictions shape after concat: (229,)
  [DEBUG] All predictions list length: 4
  [DEBUG] First batch shape: (64,)
  Pred std: 0.005209, range: 0.018204, mean: 0.026180
  Pos: 100.0%, Neg: 0.0%, Unique: 226
  Dir Acc: 51.53%, Pred Sharpe: 79.7916
  Composite: 0.3904 (dist_match: 0.5153, actual_pos: 51.5%, pred_pos: 100.0%)
  Collapse penalty: 0.000000 (threshold: 0.005000)
  Saved validation predictions to: experiments/06b_rolling/daily_h16_baseline/fold_2019/collapse_monitoring/val_predictions_epoch3.npy
  Gradient norms:
    lstm_encoder: 0.006806
    lstm_decoder: 0.009916
    output_layer: 0.515848
  VSN output std:
    encoder: 0.266232
  Attention entropy: 2.995481
  Saved to: experiments/06b_rolling/daily_h16_baseline/fold_2019/collapse_monitoring/collapse_monitor_latest.json
[DEBUG CollapseMonitor] on_validation_epoch_start called for epoch 4
[DEBUG CollapseMonitor] reset_temporal_state() called on loss function
Epoch 4: val_loss=0.5046610236167908
Epoch 4: train_loss=0.577915370464325

[CollapseMonitor] Epoch 4
  [DEBUG] Processed 4 batches from val_dataloader
  [DEBUG] Predictions shape after concat: (229,)
  [DEBUG] All predictions list length: 4
  [DEBUG] First batch shape: (64,)
  Pred std: 0.005144, range: 0.018232, mean: 0.003039
  Pos: 68.1%, Neg: 31.9%, Unique: 227
  Dir Acc: 49.34%, Pred Sharpe: 9.3774
  Composite: 0.4525 (dist_match: 0.8341, actual_pos: 51.5%, pred_pos: 68.1%)
  Collapse penalty: 0.000000 (threshold: 0.005000)
  Saved validation predictions to: experiments/06b_rolling/daily_h16_baseline/fold_2019/collapse_monitoring/val_predictions_epoch4.npy
  Gradient norms:
    lstm_encoder: 0.005538
    lstm_decoder: 0.006877
    output_layer: 0.388418
  VSN output std:
    encoder: 0.266429
  Attention entropy: 2.995376
  Saved to: experiments/06b_rolling/daily_h16_baseline/fold_2019/collapse_monitoring/collapse_monitor_latest.json
[DEBUG CollapseMonitor] on_validation_epoch_start called for epoch 5
[DEBUG CollapseMonitor] reset_temporal_state() called on loss function
Epoch 5: val_loss=0.48389917612075806
Epoch 5: train_loss=0.5421577095985413

[CollapseMonitor] Epoch 5
  [DEBUG] Processed 4 batches from val_dataloader
  [DEBUG] Predictions shape after concat: (229,)
  [DEBUG] All predictions list length: 4
  [DEBUG] First batch shape: (64,)
  Pred std: 0.004956, range: 0.017706, mean: -0.004124
  Pos: 27.5%, Neg: 72.5%, Unique: 226
  Dir Acc: 49.78%, Pred Sharpe: -13.2084
  Composite: 0.4380 (dist_match: 0.7598, actual_pos: 51.5%, pred_pos: 27.5%)
  Collapse penalty: 0.000000 (threshold: 0.005000)
  Saved validation predictions to: experiments/06b_rolling/daily_h16_baseline/fold_2019/collapse_monitoring/val_predictions_epoch5.npy
  Gradient norms:
    lstm_encoder: 0.004476
    lstm_decoder: 0.004713
    output_layer: 0.268889
  VSN output std:
    encoder: 0.265853
  Attention entropy: 2.995300
  Saved to: experiments/06b_rolling/daily_h16_baseline/fold_2019/collapse_monitoring/collapse_monitor_latest.json
[DEBUG CollapseMonitor] on_validation_epoch_start called for epoch 6
[DEBUG CollapseMonitor] reset_temporal_state() called on loss function
Epoch 6: val_loss=0.4680781364440918
Epoch 6: train_loss=0.5254195332527161

[CollapseMonitor] Epoch 6
  [DEBUG] Processed 4 batches from val_dataloader
  [DEBUG] Predictions shape after concat: (229,)
  [DEBUG] All predictions list length: 4
  [DEBUG] First batch shape: (64,)
  Pred std: 0.004684, range: 0.016868, mean: 0.020492
  Pos: 100.0%, Neg: 0.0%, Unique: 228
  Dir Acc: 51.53%, Pred Sharpe: 69.4534
  Composite: 0.3904 (dist_match: 0.5153, actual_pos: 51.5%, pred_pos: 100.0%)
  Collapse penalty: 0.000000 (threshold: 0.005000)
  Saved validation predictions to: experiments/06b_rolling/daily_h16_baseline/fold_2019/collapse_monitoring/val_predictions_epoch6.npy
  Gradient norms:
    lstm_encoder: 0.003965
    lstm_decoder: 0.003867
    output_layer: 0.199916
  VSN output std:
    encoder: 0.264532
  Attention entropy: 2.995257
  Saved to: experiments/06b_rolling/daily_h16_baseline/fold_2019/collapse_monitoring/collapse_monitor_latest.json
[DEBUG CollapseMonitor] on_validation_epoch_start called for epoch 7
[DEBUG CollapseMonitor] reset_temporal_state() called on loss function
Epoch 7: val_loss=0.45946499705314636
Epoch 7: train_loss=0.5123448967933655

[CollapseMonitor] Epoch 7
  [DEBUG] Processed 4 batches from val_dataloader
  [DEBUG] Predictions shape after concat: (229,)
  [DEBUG] All predictions list length: 4
  [DEBUG] First batch shape: (64,)
  Pred std: 0.004334, range: 0.015761, mean: -0.000121
  Pos: 51.5%, Neg: 48.5%, Unique: 227
  Dir Acc: 50.22%, Pred Sharpe: -0.4437
  Composite: 0.5022 (dist_match: 1.0000, actual_pos: 51.5%, pred_pos: 51.5%)
  Collapse penalty: 0.000000 (threshold: 0.005000)
  Saved validation predictions to: experiments/06b_rolling/daily_h16_baseline/fold_2019/collapse_monitoring/val_predictions_epoch7.npy
  Gradient norms:
    lstm_encoder: 0.003406
    lstm_decoder: 0.003260
    output_layer: 0.155893
  VSN output std:
    encoder: 0.262722
  Attention entropy: 2.995296
  Saved to: experiments/06b_rolling/daily_h16_baseline/fold_2019/collapse_monitoring/collapse_monitor_latest.json
[DEBUG CollapseMonitor] on_validation_epoch_start called for epoch 8
[DEBUG CollapseMonitor] reset_temporal_state() called on loss function
Epoch 8: val_loss=0.4563916325569153
Epoch 8: train_loss=0.5022328495979309

[CollapseMonitor] Epoch 8
  [DEBUG] Processed 4 batches from val_dataloader
  [DEBUG] Predictions shape after concat: (229,)
  [DEBUG] All predictions list length: 4
  [DEBUG] First batch shape: (64,)
  Pred std: 0.004185, range: 0.015337, mean: 0.013596
  Pos: 100.0%, Neg: 0.0%, Unique: 227
  Dir Acc: 51.53%, Pred Sharpe: 51.5727
  Composite: 0.3904 (dist_match: 0.5153, actual_pos: 51.5%, pred_pos: 100.0%)
  Collapse penalty: 0.000000 (threshold: 0.005000)
  Saved validation predictions to: experiments/06b_rolling/daily_h16_baseline/fold_2019/collapse_monitoring/val_predictions_epoch8.npy
  Gradient norms:
    lstm_encoder: 0.003470
    lstm_decoder: 0.003431
    output_layer: 0.149155
  VSN output std:
    encoder: 0.262463
  Attention entropy: 2.995315
  Saved to: experiments/06b_rolling/daily_h16_baseline/fold_2019/collapse_monitoring/collapse_monitor_latest.json
[DEBUG CollapseMonitor] on_validation_epoch_start called for epoch 9
[DEBUG CollapseMonitor] reset_temporal_state() called on loss function
Epoch 9: val_loss=0.45502668619155884
Epoch 9: train_loss=0.5080779194831848

[CollapseMonitor] Epoch 9
  [DEBUG] Processed 4 batches from val_dataloader
  [DEBUG] Predictions shape after concat: (229,)
  [DEBUG] All predictions list length: 4
  [DEBUG] First batch shape: (64,)
  Pred std: 0.004118, range: 0.015047, mean: 0.025555
  Pos: 100.0%, Neg: 0.0%, Unique: 228
  Dir Acc: 51.53%, Pred Sharpe: 98.5027
  Composite: 0.3904 (dist_match: 0.5153, actual_pos: 51.5%, pred_pos: 100.0%)
  Collapse penalty: 0.000000 (threshold: 0.005000)
  Saved validation predictions to: experiments/06b_rolling/daily_h16_baseline/fold_2019/collapse_monitoring/val_predictions_epoch9.npy
  Gradient norms:
    lstm_encoder: 0.003551
    lstm_decoder: 0.003238
    output_layer: 0.132436
  VSN output std:
    encoder: 0.261470
  Attention entropy: 2.995321
  Saved to: experiments/06b_rolling/daily_h16_baseline/fold_2019/collapse_monitoring/collapse_monitor_latest.json
[DEBUG CollapseMonitor] on_validation_epoch_start called for epoch 10
[DEBUG CollapseMonitor] reset_temporal_state() called on loss function
Epoch 10: val_loss=0.45310574769973755
Epoch 10: train_loss=0.5020803809165955

[CollapseMonitor] Epoch 10
  [DEBUG] Processed 4 batches from val_dataloader
  [DEBUG] Predictions shape after concat: (229,)
  [DEBUG] All predictions list length: 4
  [DEBUG] First batch shape: (64,)
  Pred std: 0.004189, range: 0.017395, mean: 0.035012
  Pos: 100.0%, Neg: 0.0%, Unique: 227
  Dir Acc: 51.53%, Pred Sharpe: 132.6684
  Composite: 0.3904 (dist_match: 0.5153, actual_pos: 51.5%, pred_pos: 100.0%)
  Collapse penalty: 0.000000 (threshold: 0.005000)
  Saved validation predictions to: experiments/06b_rolling/daily_h16_baseline/fold_2019/collapse_monitoring/val_predictions_epoch10.npy
  Gradient norms:
    lstm_encoder: 0.003177
    lstm_decoder: 0.003021
    output_layer: 0.116872
  VSN output std:
    encoder: 0.260954
  Attention entropy: 2.995239
  Saved to: experiments/06b_rolling/daily_h16_baseline/fold_2019/collapse_monitoring/collapse_monitor_latest.json
[DEBUG CollapseMonitor] on_validation_epoch_start called for epoch 11
[DEBUG CollapseMonitor] reset_temporal_state() called on loss function
Epoch 11: val_loss=0.45224326848983765
Epoch 11: train_loss=0.4957539439201355

[CollapseMonitor] Epoch 11
  [DEBUG] Processed 4 batches from val_dataloader
  [DEBUG] Predictions shape after concat: (229,)
  [DEBUG] All predictions list length: 4
  [DEBUG] First batch shape: (64,)
  Pred std: 0.004510, range: 0.021762, mean: 0.024889
  Pos: 100.0%, Neg: 0.0%, Unique: 228
  Dir Acc: 51.53%, Pred Sharpe: 87.5989
  Composite: 0.3904 (dist_match: 0.5153, actual_pos: 51.5%, pred_pos: 100.0%)
  Collapse penalty: 0.000000 (threshold: 0.005000)
  Saved validation predictions to: experiments/06b_rolling/daily_h16_baseline/fold_2019/collapse_monitoring/val_predictions_epoch11.npy
  Gradient norms:
    lstm_encoder: 0.003551
    lstm_decoder: 0.003060
    output_layer: 0.115241
  VSN output std:
    encoder: 0.260777
  Attention entropy: 2.995127
  Saved to: experiments/06b_rolling/daily_h16_baseline/fold_2019/collapse_monitoring/collapse_monitor_latest.json
[DEBUG CollapseMonitor] on_validation_epoch_start called for epoch 12
[DEBUG CollapseMonitor] reset_temporal_state() called on loss function
Epoch 12: val_loss=0.45189952850341797
Epoch 12: train_loss=0.49380573630332947

[CollapseMonitor] Epoch 12
  [DEBUG] Processed 4 batches from val_dataloader
  [DEBUG] Predictions shape after concat: (229,)
  [DEBUG] All predictions list length: 4
  [DEBUG] First batch shape: (64,)
  Pred std: 0.005077, range: 0.026984, mean: 0.013565
  Pos: 100.0%, Neg: 0.0%, Unique: 229
  Dir Acc: 51.53%, Pred Sharpe: 42.4176
  Composite: 0.3904 (dist_match: 0.5153, actual_pos: 51.5%, pred_pos: 100.0%)
  Collapse penalty: 0.000000 (threshold: 0.005000)
  Saved validation predictions to: experiments/06b_rolling/daily_h16_baseline/fold_2019/collapse_monitoring/val_predictions_epoch12.npy
  Gradient norms:
    lstm_encoder: 0.003648
    lstm_decoder: 0.003036
    output_layer: 0.108726
  VSN output std:
    encoder: 0.259300
  Attention entropy: 2.994901
  Saved to: experiments/06b_rolling/daily_h16_baseline/fold_2019/collapse_monitoring/collapse_monitor_latest.json
[DEBUG CollapseMonitor] on_validation_epoch_start called for epoch 13
[DEBUG CollapseMonitor] reset_temporal_state() called on loss function
Epoch 13: val_loss=0.4513818919658661
Epoch 13: train_loss=0.49305304884910583

[CollapseMonitor] Epoch 13
  [DEBUG] Processed 4 batches from val_dataloader
  [DEBUG] Predictions shape after concat: (229,)
  [DEBUG] All predictions list length: 4
  [DEBUG] First batch shape: (64,)
  Pred std: 0.006401, range: 0.037711, mean: 0.021521
  Pos: 100.0%, Neg: 0.0%, Unique: 229
  Dir Acc: 51.53%, Pred Sharpe: 53.3759
  Composite: 0.3904 (dist_match: 0.5153, actual_pos: 51.5%, pred_pos: 100.0%)
  Collapse penalty: 0.000000 (threshold: 0.005000)
  Saved validation predictions to: experiments/06b_rolling/daily_h16_baseline/fold_2019/collapse_monitoring/val_predictions_epoch13.npy
  Gradient norms:
    lstm_encoder: 0.003784
    lstm_decoder: 0.003148
    output_layer: 0.108860
  VSN output std:
    encoder: 0.257243
  Attention entropy: 2.992832
  Saved to: experiments/06b_rolling/daily_h16_baseline/fold_2019/collapse_monitoring/collapse_monitor_latest.json
[DEBUG CollapseMonitor] on_validation_epoch_start called for epoch 14
[DEBUG CollapseMonitor] reset_temporal_state() called on loss function
Epoch 14: val_loss=0.45140913128852844
Epoch 14: train_loss=0.49358075857162476

[CollapseMonitor] Epoch 14
  [DEBUG] Processed 4 batches from val_dataloader
  [DEBUG] Predictions shape after concat: (229,)
  [DEBUG] All predictions list length: 4
  [DEBUG] First batch shape: (64,)
  Pred std: 0.008576, range: 0.052878, mean: 0.018481
  Pos: 100.0%, Neg: 0.0%, Unique: 227
  Dir Acc: 51.53%, Pred Sharpe: 34.2073
  Composite: 0.3904 (dist_match: 0.5153, actual_pos: 51.5%, pred_pos: 100.0%)
  Collapse penalty: 0.000000 (threshold: 0.005000)
  Saved validation predictions to: experiments/06b_rolling/daily_h16_baseline/fold_2019/collapse_monitoring/val_predictions_epoch14.npy
  Gradient norms:
    lstm_encoder: 0.003891
    lstm_decoder: 0.003222
    output_layer: 0.112968
  VSN output std:
    encoder: 0.255258
  Attention entropy: 2.987510
  Saved to: experiments/06b_rolling/daily_h16_baseline/fold_2019/collapse_monitoring/collapse_monitor_latest.json
[DEBUG CollapseMonitor] on_validation_epoch_start called for epoch 15
[DEBUG CollapseMonitor] reset_temporal_state() called on loss function
Epoch 15: val_loss=0.45187556743621826
Epoch 15: train_loss=0.48996689915657043

[CollapseMonitor] Epoch 15
  [DEBUG] Processed 4 batches from val_dataloader
  [DEBUG] Predictions shape after concat: (229,)
  [DEBUG] All predictions list length: 4
  [DEBUG] First batch shape: (64,)
  Pred std: 0.011247, range: 0.069193, mean: 0.008341
  Pos: 93.9%, Neg: 6.1%, Unique: 226
  Dir Acc: 50.66%, Pred Sharpe: 11.7734
  Composite: 0.3993 (dist_match: 0.5764, actual_pos: 51.5%, pred_pos: 93.9%)
  Collapse penalty: 0.000000 (threshold: 0.005000)
  Saved validation predictions to: experiments/06b_rolling/daily_h16_baseline/fold_2019/collapse_monitoring/val_predictions_epoch15.npy
  Gradient norms:
    lstm_encoder: 0.004614
    lstm_decoder: 0.003567
    output_layer: 0.112334
  VSN output std:
    encoder: 0.249951
  Attention entropy: 2.983691
  Saved to: experiments/06b_rolling/daily_h16_baseline/fold_2019/collapse_monitoring/collapse_monitor_latest.json
[DEBUG CollapseMonitor] on_validation_epoch_start called for epoch 16
[DEBUG CollapseMonitor] reset_temporal_state() called on loss function
Epoch 16: val_loss=0.44652581214904785
Epoch 16: train_loss=0.48834484815597534

[CollapseMonitor] Epoch 16
  [DEBUG] Processed 4 batches from val_dataloader
  [DEBUG] Predictions shape after concat: (229,)
  [DEBUG] All predictions list length: 4
  [DEBUG] First batch shape: (64,)
  Pred std: 0.013461, range: 0.082708, mean: 0.051455
  Pos: 100.0%, Neg: 0.0%, Unique: 228
  Dir Acc: 51.53%, Pred Sharpe: 60.6788
  Composite: 0.3904 (dist_match: 0.5153, actual_pos: 51.5%, pred_pos: 100.0%)
  Collapse penalty: 0.000000 (threshold: 0.005000)
  Saved validation predictions to: experiments/06b_rolling/daily_h16_baseline/fold_2019/collapse_monitoring/val_predictions_epoch16.npy
  Gradient norms:
    lstm_encoder: 0.004402
    lstm_decoder: 0.003411
    output_layer: 0.108865
  VSN output std:
    encoder: 0.239481
  Attention entropy: 2.971750
  Saved to: experiments/06b_rolling/daily_h16_baseline/fold_2019/collapse_monitoring/collapse_monitor_latest.json
[DEBUG CollapseMonitor] on_validation_epoch_start called for epoch 17
[DEBUG CollapseMonitor] reset_temporal_state() called on loss function
Epoch 17: val_loss=0.44645723700523376
Epoch 17: train_loss=0.48393404483795166

[CollapseMonitor] Epoch 17
  [DEBUG] Processed 4 batches from val_dataloader
  [DEBUG] Predictions shape after concat: (229,)
  [DEBUG] All predictions list length: 4
  [DEBUG] First batch shape: (64,)
  Pred std: 0.014822, range: 0.095780, mean: 0.024772
  Pos: 94.3%, Neg: 5.7%, Unique: 226
  Dir Acc: 51.09%, Pred Sharpe: 26.5308
  Composite: 0.4016 (dist_match: 0.5721, actual_pos: 51.5%, pred_pos: 94.3%)
  Collapse penalty: 0.000000 (threshold: 0.005000)
  Saved validation predictions to: experiments/06b_rolling/daily_h16_baseline/fold_2019/collapse_monitoring/val_predictions_epoch17.npy
  Gradient norms:
    lstm_encoder: 0.005275
    lstm_decoder: 0.003769
    output_layer: 0.117150
  VSN output std:
    encoder: 0.236575
  Attention entropy: 2.968809
  Saved to: experiments/06b_rolling/daily_h16_baseline/fold_2019/collapse_monitoring/collapse_monitor_latest.json
[DEBUG CollapseMonitor] on_validation_epoch_start called for epoch 18
[DEBUG CollapseMonitor] reset_temporal_state() called on loss function
Epoch 18: val_loss=0.44480255246162415
Epoch 18: train_loss=0.4780508279800415

[CollapseMonitor] Epoch 18
  [DEBUG] Processed 4 batches from val_dataloader
  [DEBUG] Predictions shape after concat: (229,)
  [DEBUG] All predictions list length: 4
  [DEBUG] First batch shape: (64,)
  Pred std: 0.016607, range: 0.106683, mean: 0.014285
  Pos: 87.3%, Neg: 12.7%, Unique: 227
  Dir Acc: 51.09%, Pred Sharpe: 13.6554
  Composite: 0.4194 (dist_match: 0.6419, actual_pos: 51.5%, pred_pos: 87.3%)
  Collapse penalty: 0.000000 (threshold: 0.005000)
  Saved validation predictions to: experiments/06b_rolling/daily_h16_baseline/fold_2019/collapse_monitoring/val_predictions_epoch18.npy
  Gradient norms:
    lstm_encoder: 0.004592
    lstm_decoder: 0.003344
    output_layer: 0.100941
  VSN output std:
    encoder: 0.235156
  Attention entropy: 2.968076
  Saved to: experiments/06b_rolling/daily_h16_baseline/fold_2019/collapse_monitoring/collapse_monitor_latest.json
[DEBUG CollapseMonitor] on_validation_epoch_start called for epoch 19
[DEBUG CollapseMonitor] reset_temporal_state() called on loss function
Epoch 19: val_loss=0.43777546286582947
Epoch 19: train_loss=0.4795936644077301

[CollapseMonitor] Epoch 19
  [DEBUG] Processed 4 batches from val_dataloader
  [DEBUG] Predictions shape after concat: (229,)
  [DEBUG] All predictions list length: 4
  [DEBUG] First batch shape: (64,)
  Pred std: 0.022369, range: 0.119117, mean: 0.027742
  Pos: 86.5%, Neg: 13.5%, Unique: 226
  Dir Acc: 50.22%, Pred Sharpe: 19.6877
  Composite: 0.4145 (dist_match: 0.6507, actual_pos: 51.5%, pred_pos: 86.5%)
  Collapse penalty: 0.000000 (threshold: 0.005000)
  Saved validation predictions to: experiments/06b_rolling/daily_h16_baseline/fold_2019/collapse_monitoring/val_predictions_epoch19.npy
  Gradient norms:
    lstm_encoder: 0.005109
    lstm_decoder: 0.003614
    output_layer: 0.111219
  VSN output std:
    encoder: 0.222568
  Attention entropy: 2.945673
  Saved to: experiments/06b_rolling/daily_h16_baseline/fold_2019/collapse_monitoring/collapse_monitor_latest.json
[DEBUG CollapseMonitor] on_validation_epoch_start called for epoch 20
[DEBUG CollapseMonitor] reset_temporal_state() called on loss function
Epoch 20: val_loss=0.43417856097221375
Epoch 20: train_loss=0.4723069965839386

[CollapseMonitor] Epoch 20
  [DEBUG] Processed 4 batches from val_dataloader
  [DEBUG] Predictions shape after concat: (229,)
  [DEBUG] All predictions list length: 4
  [DEBUG] First batch shape: (64,)
  Pred std: 0.020626, range: 0.120492, mean: 0.049043
  Pos: 97.8%, Neg: 2.2%, Unique: 229
  Dir Acc: 51.97%, Pred Sharpe: 37.7460
  Composite: 0.3994 (dist_match: 0.5371, actual_pos: 51.5%, pred_pos: 97.8%)
  Collapse penalty: 0.000000 (threshold: 0.005000)
  Saved validation predictions to: experiments/06b_rolling/daily_h16_baseline/fold_2019/collapse_monitoring/val_predictions_epoch20.npy
  Gradient norms:
    lstm_encoder: 0.005127
    lstm_decoder: 0.003472
    output_layer: 0.101795
  VSN output std:
    encoder: 0.210762
  Attention entropy: 2.931081
  Saved to: experiments/06b_rolling/daily_h16_baseline/fold_2019/collapse_monitoring/collapse_monitor_latest.json
[DEBUG CollapseMonitor] on_validation_epoch_start called for epoch 21
[DEBUG CollapseMonitor] reset_temporal_state() called on loss function
Epoch 21: val_loss=0.43232595920562744
Epoch 21: train_loss=0.4724380671977997

[CollapseMonitor] Epoch 21
  [DEBUG] Processed 4 batches from val_dataloader
  [DEBUG] Predictions shape after concat: (229,)
  [DEBUG] All predictions list length: 4
  [DEBUG] First batch shape: (64,)
  Pred std: 0.028619, range: 0.132968, mean: 0.017854
  Pos: 70.3%, Neg: 29.7%, Unique: 229
  Dir Acc: 50.66%, Pred Sharpe: 9.9032
  Composite: 0.4590 (dist_match: 0.8122, actual_pos: 51.5%, pred_pos: 70.3%)
  Collapse penalty: 0.000000 (threshold: 0.005000)
  Saved validation predictions to: experiments/06b_rolling/daily_h16_baseline/fold_2019/collapse_monitoring/val_predictions_epoch21.npy
  Gradient norms:
    lstm_encoder: 0.005224
    lstm_decoder: 0.003623
    output_layer: 0.101816
  VSN output std:
    encoder: 0.209194
  Attention entropy: 2.915446
  Saved to: experiments/06b_rolling/daily_h16_baseline/fold_2019/collapse_monitoring/collapse_monitor_latest.json
[DEBUG CollapseMonitor] on_validation_epoch_start called for epoch 22
[DEBUG CollapseMonitor] reset_temporal_state() called on loss function
Epoch 22: val_loss=0.432211697101593
Epoch 22: train_loss=0.4741571247577667

[CollapseMonitor] Epoch 22
  [DEBUG] Processed 4 batches from val_dataloader
  [DEBUG] Predictions shape after concat: (229,)
  [DEBUG] All predictions list length: 4
  [DEBUG] First batch shape: (64,)
  Pred std: 0.026229, range: 0.131351, mean: 0.026581
  Pos: 80.3%, Neg: 19.7%, Unique: 229
  Dir Acc: 51.09%, Pred Sharpe: 16.0873
  Composite: 0.4373 (dist_match: 0.7118, actual_pos: 51.5%, pred_pos: 80.3%)
  Collapse penalty: 0.000000 (threshold: 0.005000)
  Saved validation predictions to: experiments/06b_rolling/daily_h16_baseline/fold_2019/collapse_monitoring/val_predictions_epoch22.npy
  Gradient norms:
    lstm_encoder: 0.005565
    lstm_decoder: 0.003757
    output_layer: 0.102685
  VSN output std:
    encoder: 0.213100
  Attention entropy: 2.920153
  Saved to: experiments/06b_rolling/daily_h16_baseline/fold_2019/collapse_monitoring/collapse_monitor_latest.json
[DEBUG CollapseMonitor] on_validation_epoch_start called for epoch 23
[DEBUG CollapseMonitor] reset_temporal_state() called on loss function
Epoch 23: val_loss=0.4325063228607178
Epoch 23: train_loss=0.4742788076400757

[CollapseMonitor] Epoch 23
  [DEBUG] Processed 4 batches from val_dataloader
  [DEBUG] Predictions shape after concat: (229,)
  [DEBUG] All predictions list length: 4
  [DEBUG] First batch shape: (64,)
  Pred std: 0.025847, range: 0.132007, mean: 0.058124
  Pos: 98.3%, Neg: 1.7%, Unique: 227
  Dir Acc: 51.53%, Pred Sharpe: 35.6977
  Composite: 0.3949 (dist_match: 0.5328, actual_pos: 51.5%, pred_pos: 98.3%)
  Collapse penalty: 0.000000 (threshold: 0.005000)
  Saved validation predictions to: experiments/06b_rolling/daily_h16_baseline/fold_2019/collapse_monitoring/val_predictions_epoch23.npy
  Gradient norms:
    lstm_encoder: 0.005806
    lstm_decoder: 0.003887
    output_layer: 0.104375
  VSN output std:
    encoder: 0.227766
  Attention entropy: 2.936755
  Saved to: experiments/06b_rolling/daily_h16_baseline/fold_2019/collapse_monitoring/collapse_monitor_latest.json
[DEBUG CollapseMonitor] on_validation_epoch_start called for epoch 24
[DEBUG CollapseMonitor] reset_temporal_state() called on loss function
Epoch 24: val_loss=0.4318292737007141
Epoch 24: train_loss=0.46636897325515747

[CollapseMonitor] Epoch 24
  [DEBUG] Processed 4 batches from val_dataloader
  [DEBUG] Predictions shape after concat: (229,)
  [DEBUG] All predictions list length: 4
  [DEBUG] First batch shape: (64,)
  Pred std: 0.023291, range: 0.126234, mean: 0.044805
  Pos: 96.1%, Neg: 3.9%, Unique: 228
  Dir Acc: 51.97%, Pred Sharpe: 30.5379
  Composite: 0.4039 (dist_match: 0.5546, actual_pos: 51.5%, pred_pos: 96.1%)
  Collapse penalty: 0.000000 (threshold: 0.005000)
  Saved validation predictions to: experiments/06b_rolling/daily_h16_baseline/fold_2019/collapse_monitoring/val_predictions_epoch24.npy
  Gradient norms:
    lstm_encoder: 0.006480
    lstm_decoder: 0.004082
    output_layer: 0.113332
  VSN output std:
    encoder: 0.242185
  Attention entropy: 2.929616
  Saved to: experiments/06b_rolling/daily_h16_baseline/fold_2019/collapse_monitoring/collapse_monitor_latest.json
[DEBUG CollapseMonitor] on_validation_epoch_start called for epoch 25
[DEBUG CollapseMonitor] reset_temporal_state() called on loss function
Epoch 25: val_loss=0.4317930042743683
Epoch 25: train_loss=0.46839994192123413

[CollapseMonitor] Epoch 25
  [DEBUG] Processed 4 batches from val_dataloader
  [DEBUG] Predictions shape after concat: (229,)
  [DEBUG] All predictions list length: 4
  [DEBUG] First batch shape: (64,)
  Pred std: 0.019942, range: 0.111690, mean: 0.050903
  Pos: 99.1%, Neg: 0.9%, Unique: 229
  Dir Acc: 52.40%, Pred Sharpe: 40.5201
  Composite: 0.3993 (dist_match: 0.5240, actual_pos: 51.5%, pred_pos: 99.1%)
  Collapse penalty: 0.000000 (threshold: 0.005000)
  Saved validation predictions to: experiments/06b_rolling/daily_h16_baseline/fold_2019/collapse_monitoring/val_predictions_epoch25.npy
  Gradient norms:
    lstm_encoder: 0.005782
    lstm_decoder: 0.003969
    output_layer: 0.112911
  VSN output std:
    encoder: 0.251614
  Attention entropy: 2.919514
  Saved to: experiments/06b_rolling/daily_h16_baseline/fold_2019/collapse_monitoring/collapse_monitor_latest.json
[DEBUG CollapseMonitor] on_validation_epoch_start called for epoch 26
[DEBUG CollapseMonitor] reset_temporal_state() called on loss function
Epoch 26: val_loss=0.43181082606315613
Epoch 26: train_loss=0.46512362360954285

[CollapseMonitor] Epoch 26
  [DEBUG] Processed 4 batches from val_dataloader
  [DEBUG] Predictions shape after concat: (229,)
  [DEBUG] All predictions list length: 4
  [DEBUG] First batch shape: (64,)
  Pred std: 0.019806, range: 0.107479, mean: 0.028740
  Pos: 88.2%, Neg: 11.8%, Unique: 227
  Dir Acc: 53.71%, Pred Sharpe: 23.0352
  Composite: 0.4386 (dist_match: 0.6332, actual_pos: 51.5%, pred_pos: 88.2%)
  Collapse penalty: 0.000000 (threshold: 0.005000)
  Saved validation predictions to: experiments/06b_rolling/daily_h16_baseline/fold_2019/collapse_monitoring/val_predictions_epoch26.npy
  Gradient norms:
    lstm_encoder: 0.006095
    lstm_decoder: 0.003854
    output_layer: 0.102361
  VSN output std:
    encoder: 0.256898
  Attention entropy: 2.916058
  Saved to: experiments/06b_rolling/daily_h16_baseline/fold_2019/collapse_monitoring/collapse_monitor_latest.json
[DEBUG CollapseMonitor] on_validation_epoch_start called for epoch 27
[DEBUG CollapseMonitor] reset_temporal_state() called on loss function
Epoch 27: val_loss=0.4311988055706024
Epoch 27: train_loss=0.46475958824157715

[CollapseMonitor] Epoch 27
  [DEBUG] Processed 4 batches from val_dataloader
  [DEBUG] Predictions shape after concat: (229,)
  [DEBUG] All predictions list length: 4
  [DEBUG] First batch shape: (64,)
  Pred std: 0.021035, range: 0.113068, mean: 0.034213
  Pos: 90.4%, Neg: 9.6%, Unique: 228
  Dir Acc: 54.15%, Pred Sharpe: 25.8198
  Composite: 0.4363 (dist_match: 0.6114, actual_pos: 51.5%, pred_pos: 90.4%)
  Collapse penalty: 0.000000 (threshold: 0.005000)
  Saved validation predictions to: experiments/06b_rolling/daily_h16_baseline/fold_2019/collapse_monitoring/val_predictions_epoch27.npy
  Gradient norms:
    lstm_encoder: 0.006862
    lstm_decoder: 0.004072
    output_layer: 0.103481
  VSN output std:
    encoder: 0.259194
  Attention entropy: 2.906423
  Saved to: experiments/06b_rolling/daily_h16_baseline/fold_2019/collapse_monitoring/collapse_monitor_latest.json
[DEBUG CollapseMonitor] on_validation_epoch_start called for epoch 28
[DEBUG CollapseMonitor] reset_temporal_state() called on loss function
Epoch 28: val_loss=0.43056201934814453
Epoch 28: train_loss=0.4662705957889557

[CollapseMonitor] Epoch 28
  [DEBUG] Processed 4 batches from val_dataloader
  [DEBUG] Predictions shape after concat: (229,)
  [DEBUG] All predictions list length: 4
  [DEBUG] First batch shape: (64,)
  Pred std: 0.022795, range: 0.127354, mean: 0.055135
  Pos: 97.4%, Neg: 2.6%, Unique: 228
  Dir Acc: 51.53%, Pred Sharpe: 38.3964
  Composite: 0.3972 (dist_match: 0.5415, actual_pos: 51.5%, pred_pos: 97.4%)
  Collapse penalty: 0.000000 (threshold: 0.005000)
  Saved validation predictions to: experiments/06b_rolling/daily_h16_baseline/fold_2019/collapse_monitoring/val_predictions_epoch28.npy
  Gradient norms:
    lstm_encoder: 0.007265
    lstm_decoder: 0.004472
    output_layer: 0.111690
  VSN output std:
    encoder: 0.258319
  Attention entropy: 2.896874
  Saved to: experiments/06b_rolling/daily_h16_baseline/fold_2019/collapse_monitoring/collapse_monitor_latest.json
[DEBUG CollapseMonitor] on_validation_epoch_start called for epoch 29
[DEBUG CollapseMonitor] reset_temporal_state() called on loss function
Epoch 29: val_loss=0.4321126937866211
Epoch 29: train_loss=0.45892325043678284

[CollapseMonitor] Epoch 29
  [DEBUG] Processed 4 batches from val_dataloader
  [DEBUG] Predictions shape after concat: (229,)
  [DEBUG] All predictions list length: 4
  [DEBUG] First batch shape: (64,)
  Pred std: 0.027533, range: 0.165473, mean: 0.073785
  Pos: 97.8%, Neg: 2.2%, Unique: 227
  Dir Acc: 51.09%, Pred Sharpe: 42.5409
  Composite: 0.3927 (dist_match: 0.5371, actual_pos: 51.5%, pred_pos: 97.8%)
  Collapse penalty: 0.000000 (threshold: 0.005000)
  Saved validation predictions to: experiments/06b_rolling/daily_h16_baseline/fold_2019/collapse_monitoring/val_predictions_epoch29.npy
  Gradient norms:
    lstm_encoder: 0.007453
    lstm_decoder: 0.004529
    output_layer: 0.113524
  VSN output std:
    encoder: 0.250496
  Attention entropy: 2.905821
  Saved to: experiments/06b_rolling/daily_h16_baseline/fold_2019/collapse_monitoring/collapse_monitor_latest.json
[DEBUG CollapseMonitor] on_validation_epoch_start called for epoch 30
[DEBUG CollapseMonitor] reset_temporal_state() called on loss function
Epoch 30: val_loss=0.43114012479782104
Epoch 30: train_loss=0.4617721140384674

[CollapseMonitor] Epoch 30
  [DEBUG] Processed 4 batches from val_dataloader
  [DEBUG] Predictions shape after concat: (229,)
  [DEBUG] All predictions list length: 4
  [DEBUG] First batch shape: (64,)
  Pred std: 0.027513, range: 0.165257, mean: 0.045107
  Pos: 93.0%, Neg: 7.0%, Unique: 228
  Dir Acc: 50.66%, Pred Sharpe: 26.0260
  Composite: 0.4015 (dist_match: 0.5852, actual_pos: 51.5%, pred_pos: 93.0%)
  Collapse penalty: 0.000000 (threshold: 0.005000)
  Saved validation predictions to: experiments/06b_rolling/daily_h16_baseline/fold_2019/collapse_monitoring/val_predictions_epoch30.npy
  Gradient norms:
    lstm_encoder: 0.006904
    lstm_decoder: 0.004057
    output_layer: 0.105802
  VSN output std:
    encoder: 0.252749
  Attention entropy: 2.892386
  Saved to: experiments/06b_rolling/daily_h16_baseline/fold_2019/collapse_monitoring/collapse_monitor_latest.json
[DEBUG CollapseMonitor] on_validation_epoch_start called for epoch 31
[DEBUG CollapseMonitor] reset_temporal_state() called on loss function
Epoch 31: val_loss=0.43064236640930176
Epoch 31: train_loss=0.45966193079948425

[CollapseMonitor] Epoch 31
  [DEBUG] Processed 4 batches from val_dataloader
  [DEBUG] Predictions shape after concat: (229,)
  [DEBUG] All predictions list length: 4
  [DEBUG] First batch shape: (64,)
  Pred std: 0.026069, range: 0.138166, mean: 0.064627
  Pos: 98.3%, Neg: 1.7%, Unique: 228
  Dir Acc: 50.66%, Pred Sharpe: 39.3550
  Composite: 0.3882 (dist_match: 0.5328, actual_pos: 51.5%, pred_pos: 98.3%)
  Collapse penalty: 0.000000 (threshold: 0.005000)
  Saved validation predictions to: experiments/06b_rolling/daily_h16_baseline/fold_2019/collapse_monitoring/val_predictions_epoch31.npy
  Gradient norms:
    lstm_encoder: 0.007336
    lstm_decoder: 0.004233
    output_layer: 0.108183
  VSN output std:
    encoder: 0.251685
  Attention entropy: 2.885481
  Saved to: experiments/06b_rolling/daily_h16_baseline/fold_2019/collapse_monitoring/collapse_monitor_latest.json
[DEBUG CollapseMonitor] on_validation_epoch_start called for epoch 32
[DEBUG CollapseMonitor] reset_temporal_state() called on loss function
Epoch 32: val_loss=0.4302489757537842
Epoch 32: train_loss=0.45979559421539307

[CollapseMonitor] Epoch 32
  [DEBUG] Processed 4 batches from val_dataloader
  [DEBUG] Predictions shape after concat: (229,)
  [DEBUG] All predictions list length: 4
  [DEBUG] First batch shape: (64,)
  Pred std: 0.031350, range: 0.122656, mean: 0.044776
  Pos: 98.3%, Neg: 1.7%, Unique: 229
  Dir Acc: 50.66%, Pred Sharpe: 22.6732
  Composite: 0.3882 (dist_match: 0.5328, actual_pos: 51.5%, pred_pos: 98.3%)
  Collapse penalty: 0.000000 (threshold: 0.005000)
  Saved validation predictions to: experiments/06b_rolling/daily_h16_baseline/fold_2019/collapse_monitoring/val_predictions_epoch32.npy
  Gradient norms:
    lstm_encoder: 0.008462
    lstm_decoder: 0.004771
    output_layer: 0.114927
  VSN output std:
    encoder: 0.251001
  Attention entropy: 2.897796
  Saved to: experiments/06b_rolling/daily_h16_baseline/fold_2019/collapse_monitoring/collapse_monitor_latest.json
[DEBUG CollapseMonitor] on_validation_epoch_start called for epoch 33
[DEBUG CollapseMonitor] reset_temporal_state() called on loss function
Epoch 33: val_loss=0.4305412471294403
Epoch 33: train_loss=0.45875269174575806

[CollapseMonitor] Epoch 33
  [DEBUG] Processed 4 batches from val_dataloader
  [DEBUG] Predictions shape after concat: (229,)
  [DEBUG] All predictions list length: 4
  [DEBUG] First batch shape: (64,)
  Pred std: 0.033533, range: 0.140304, mean: 0.070568
  Pos: 100.0%, Neg: 0.0%, Unique: 229
  Dir Acc: 51.53%, Pred Sharpe: 33.4069
  Composite: 0.3904 (dist_match: 0.5153, actual_pos: 51.5%, pred_pos: 100.0%)
  Collapse penalty: 0.000000 (threshold: 0.005000)
  Saved validation predictions to: experiments/06b_rolling/daily_h16_baseline/fold_2019/collapse_monitoring/val_predictions_epoch33.npy
  Gradient norms:
    lstm_encoder: 0.008489
    lstm_decoder: 0.004726
    output_layer: 0.110288
  VSN output std:
    encoder: 0.254241
  Attention entropy: 2.898880
  Saved to: experiments/06b_rolling/daily_h16_baseline/fold_2019/collapse_monitoring/collapse_monitor_latest.json
[DEBUG CollapseMonitor] on_validation_epoch_start called for epoch 34
[DEBUG CollapseMonitor] reset_temporal_state() called on loss function
Epoch 34: val_loss=0.42981889843940735
Epoch 34: train_loss=0.4594179391860962

[CollapseMonitor] Epoch 34
  [DEBUG] Processed 4 batches from val_dataloader
  [DEBUG] Predictions shape after concat: (229,)
  [DEBUG] All predictions list length: 4
  [DEBUG] First batch shape: (64,)
  Pred std: 0.034676, range: 0.148672, mean: 0.041662
  Pos: 97.8%, Neg: 2.2%, Unique: 228
  Dir Acc: 51.09%, Pred Sharpe: 19.0724
  Composite: 0.3927 (dist_match: 0.5371, actual_pos: 51.5%, pred_pos: 97.8%)
  Collapse penalty: 0.000000 (threshold: 0.005000)
  Saved validation predictions to: experiments/06b_rolling/daily_h16_baseline/fold_2019/collapse_monitoring/val_predictions_epoch34.npy
  Gradient norms:
    lstm_encoder: 0.008776
    lstm_decoder: 0.004680
    output_layer: 0.105534
  VSN output std:
    encoder: 0.247365
  Attention entropy: 2.880227
  Saved to: experiments/06b_rolling/daily_h16_baseline/fold_2019/collapse_monitoring/collapse_monitor_latest.json
[DEBUG CollapseMonitor] on_validation_epoch_start called for epoch 35
[DEBUG CollapseMonitor] reset_temporal_state() called on loss function
Epoch 35: val_loss=0.4297758638858795
Epoch 35: train_loss=0.45552533864974976

[CollapseMonitor] Epoch 35
  [DEBUG] Processed 4 batches from val_dataloader
  [DEBUG] Predictions shape after concat: (229,)
  [DEBUG] All predictions list length: 4
  [DEBUG] First batch shape: (64,)
  Pred std: 0.036851, range: 0.163812, mean: 0.067813
  Pos: 98.3%, Neg: 1.7%, Unique: 228
  Dir Acc: 50.66%, Pred Sharpe: 29.2122
  Composite: 0.3882 (dist_match: 0.5328, actual_pos: 51.5%, pred_pos: 98.3%)
  Collapse penalty: 0.000000 (threshold: 0.005000)
  Saved validation predictions to: experiments/06b_rolling/daily_h16_baseline/fold_2019/collapse_monitoring/val_predictions_epoch35.npy
  Gradient norms:
    lstm_encoder: 0.008414
    lstm_decoder: 0.004426
    output_layer: 0.109023
  VSN output std:
    encoder: 0.249142
  Attention entropy: 2.881535
  Saved to: experiments/06b_rolling/daily_h16_baseline/fold_2019/collapse_monitoring/collapse_monitor_latest.json
[DEBUG CollapseMonitor] on_validation_epoch_start called for epoch 36
[DEBUG CollapseMonitor] reset_temporal_state() called on loss function
Epoch 36: val_loss=0.4301704466342926
Epoch 36: train_loss=0.4548114538192749

[CollapseMonitor] Epoch 36
  [DEBUG] Processed 4 batches from val_dataloader
  [DEBUG] Predictions shape after concat: (229,)
  [DEBUG] All predictions list length: 4
  [DEBUG] First batch shape: (64,)
  Pred std: 0.038368, range: 0.155832, mean: 0.056790
  Pos: 97.8%, Neg: 2.2%, Unique: 229
  Dir Acc: 51.09%, Pred Sharpe: 23.4963
  Composite: 0.3927 (dist_match: 0.5371, actual_pos: 51.5%, pred_pos: 97.8%)
  Collapse penalty: 0.000000 (threshold: 0.005000)
  Saved validation predictions to: experiments/06b_rolling/daily_h16_baseline/fold_2019/collapse_monitoring/val_predictions_epoch36.npy
  Gradient norms:
    lstm_encoder: 0.008328
    lstm_decoder: 0.004476
    output_layer: 0.105710
  VSN output std:
    encoder: 0.254911
  Attention entropy: 2.882222
  Saved to: experiments/06b_rolling/daily_h16_baseline/fold_2019/collapse_monitoring/collapse_monitor_latest.json
[DEBUG CollapseMonitor] on_validation_epoch_start called for epoch 37
[DEBUG CollapseMonitor] reset_temporal_state() called on loss function
Epoch 37: val_loss=0.4298363924026489
Epoch 37: train_loss=0.4499841630458832

[CollapseMonitor] Epoch 37
  [DEBUG] Processed 4 batches from val_dataloader
  [DEBUG] Predictions shape after concat: (229,)
  [DEBUG] All predictions list length: 4
  [DEBUG] First batch shape: (64,)
  Pred std: 0.043779, range: 0.152645, mean: 0.071081
  Pos: 100.0%, Neg: 0.0%, Unique: 229
  Dir Acc: 51.53%, Pred Sharpe: 25.7744
  Composite: 0.3904 (dist_match: 0.5153, actual_pos: 51.5%, pred_pos: 100.0%)
  Collapse penalty: 0.000000 (threshold: 0.005000)
  Saved validation predictions to: experiments/06b_rolling/daily_h16_baseline/fold_2019/collapse_monitoring/val_predictions_epoch37.npy
  Gradient norms:
    lstm_encoder: 0.010698
    lstm_decoder: 0.005561
    output_layer: 0.113105
  VSN output std:
    encoder: 0.246594
  Attention entropy: 2.887600
  Saved to: experiments/06b_rolling/daily_h16_baseline/fold_2019/collapse_monitoring/collapse_monitor_latest.json
[DEBUG CollapseMonitor] on_validation_epoch_start called for epoch 38
[DEBUG CollapseMonitor] reset_temporal_state() called on loss function
Epoch 38: val_loss=0.4286690652370453
Epoch 38: train_loss=0.45567870140075684

[CollapseMonitor] Epoch 38
  [DEBUG] Processed 4 batches from val_dataloader
  [DEBUG] Predictions shape after concat: (229,)
  [DEBUG] All predictions list length: 4
  [DEBUG] First batch shape: (64,)
  Pred std: 0.040470, range: 0.182690, mean: 0.070988
  Pos: 96.9%, Neg: 3.1%, Unique: 229
  Dir Acc: 50.22%, Pred Sharpe: 27.8455
  Composite: 0.3882 (dist_match: 0.5459, actual_pos: 51.5%, pred_pos: 96.9%)
  Collapse penalty: 0.000000 (threshold: 0.005000)
  Saved validation predictions to: experiments/06b_rolling/daily_h16_baseline/fold_2019/collapse_monitoring/val_predictions_epoch38.npy
  Gradient norms:
    lstm_encoder: 0.009215
    lstm_decoder: 0.004929
    output_layer: 0.109382
  VSN output std:
    encoder: 0.251895
  Attention entropy: 2.871347
  Saved to: experiments/06b_rolling/daily_h16_baseline/fold_2019/collapse_monitoring/collapse_monitor_latest.json
[DEBUG CollapseMonitor] on_validation_epoch_start called for epoch 39
[DEBUG CollapseMonitor] reset_temporal_state() called on loss function
Epoch 39: val_loss=0.42824846506118774
Epoch 39: train_loss=0.453419029712677

[CollapseMonitor] Epoch 39
  [DEBUG] Processed 4 batches from val_dataloader
  [DEBUG] Predictions shape after concat: (229,)
  [DEBUG] All predictions list length: 4
  [DEBUG] First batch shape: (64,)
  Pred std: 0.040906, range: 0.190131, mean: 0.062711
  Pos: 95.6%, Neg: 4.4%, Unique: 228
  Dir Acc: 48.91%, Pred Sharpe: 24.3367
  Composite: 0.3812 (dist_match: 0.5590, actual_pos: 51.5%, pred_pos: 95.6%)
  Collapse penalty: 0.000000 (threshold: 0.005000)
  Saved validation predictions to: experiments/06b_rolling/daily_h16_baseline/fold_2019/collapse_monitoring/val_predictions_epoch39.npy
  Gradient norms:
    lstm_encoder: 0.009413
    lstm_decoder: 0.004915
    output_layer: 0.105205
  VSN output std:
    encoder: 0.251775
  Attention entropy: 2.869531
  Saved to: experiments/06b_rolling/daily_h16_baseline/fold_2019/collapse_monitoring/collapse_monitor_latest.json
[DEBUG CollapseMonitor] on_validation_epoch_start called for epoch 40
[DEBUG CollapseMonitor] reset_temporal_state() called on loss function
Epoch 40: val_loss=0.4278694689273834
Epoch 40: train_loss=0.451826810836792

[CollapseMonitor] Epoch 40
  [DEBUG] Processed 4 batches from val_dataloader
  [DEBUG] Predictions shape after concat: (229,)
  [DEBUG] All predictions list length: 4
  [DEBUG] First batch shape: (64,)
  Pred std: 0.043981, range: 0.162946, mean: 0.067031
  Pos: 98.3%, Neg: 1.7%, Unique: 228
  Dir Acc: 50.66%, Pred Sharpe: 24.1940
  Composite: 0.3882 (dist_match: 0.5328, actual_pos: 51.5%, pred_pos: 98.3%)
  Collapse penalty: 0.000000 (threshold: 0.005000)
  Saved validation predictions to: experiments/06b_rolling/daily_h16_baseline/fold_2019/collapse_monitoring/val_predictions_epoch40.npy
  Gradient norms:
    lstm_encoder: 0.009157
    lstm_decoder: 0.004599
    output_layer: 0.094712
  VSN output std:
    encoder: 0.258549
  Attention entropy: 2.856586
  Saved to: experiments/06b_rolling/daily_h16_baseline/fold_2019/collapse_monitoring/collapse_monitor_latest.json
[DEBUG CollapseMonitor] on_validation_epoch_start called for epoch 41
[DEBUG CollapseMonitor] reset_temporal_state() called on loss function
Epoch 41: val_loss=0.4275338351726532
Epoch 41: train_loss=0.4531201422214508

[CollapseMonitor] Epoch 41
  [DEBUG] Processed 4 batches from val_dataloader
  [DEBUG] Predictions shape after concat: (229,)
  [DEBUG] All predictions list length: 4
  [DEBUG] First batch shape: (64,)
  Pred std: 0.042179, range: 0.177889, mean: 0.069863
  Pos: 96.5%, Neg: 3.5%, Unique: 229
  Dir Acc: 48.91%, Pred Sharpe: 26.2934
  Composite: 0.3791 (dist_match: 0.5502, actual_pos: 51.5%, pred_pos: 96.5%)
  Collapse penalty: 0.000000 (threshold: 0.005000)
  Saved validation predictions to: experiments/06b_rolling/daily_h16_baseline/fold_2019/collapse_monitoring/val_predictions_epoch41.npy
  Gradient norms:
    lstm_encoder: 0.010219
    lstm_decoder: 0.005220
    output_layer: 0.107136
  VSN output std:
    encoder: 0.262856
  Attention entropy: 2.851341
  Saved to: experiments/06b_rolling/daily_h16_baseline/fold_2019/collapse_monitoring/collapse_monitor_latest.json
[DEBUG CollapseMonitor] on_validation_epoch_start called for epoch 42
[DEBUG CollapseMonitor] reset_temporal_state() called on loss function
Epoch 42: val_loss=0.4276191294193268
Epoch 42: train_loss=0.45286837220191956

[CollapseMonitor] Epoch 42
  [DEBUG] Processed 4 batches from val_dataloader
  [DEBUG] Predictions shape after concat: (229,)
  [DEBUG] All predictions list length: 4
  [DEBUG] First batch shape: (64,)
  Pred std: 0.041479, range: 0.186293, mean: 0.044916
  Pos: 95.2%, Neg: 4.8%, Unique: 229
  Dir Acc: 49.34%, Pred Sharpe: 17.1898
  Composite: 0.3857 (dist_match: 0.5633, actual_pos: 51.5%, pred_pos: 95.2%)
  Collapse penalty: 0.000000 (threshold: 0.005000)
  Saved validation predictions to: experiments/06b_rolling/daily_h16_baseline/fold_2019/collapse_monitoring/val_predictions_epoch42.npy
  Gradient norms:
    lstm_encoder: 0.010729
    lstm_decoder: 0.005706
    output_layer: 0.113240
  VSN output std:
    encoder: 0.264503
  Attention entropy: 2.846584
  Saved to: experiments/06b_rolling/daily_h16_baseline/fold_2019/collapse_monitoring/collapse_monitor_latest.json
[DEBUG CollapseMonitor] on_validation_epoch_start called for epoch 43
[DEBUG CollapseMonitor] reset_temporal_state() called on loss function
Epoch 43: val_loss=0.42622703313827515
Epoch 43: train_loss=0.45334699749946594

[CollapseMonitor] Epoch 43
  [DEBUG] Processed 4 batches from val_dataloader
  [DEBUG] Predictions shape after concat: (229,)
  [DEBUG] All predictions list length: 4
  [DEBUG] First batch shape: (64,)
  Pred std: 0.040081, range: 0.188121, mean: 0.033816
  Pos: 93.0%, Neg: 7.0%, Unique: 228
  Dir Acc: 49.78%, Pred Sharpe: 13.3933
  Composite: 0.3946 (dist_match: 0.5852, actual_pos: 51.5%, pred_pos: 93.0%)
  Collapse penalty: 0.000000 (threshold: 0.005000)
  Saved validation predictions to: experiments/06b_rolling/daily_h16_baseline/fold_2019/collapse_monitoring/val_predictions_epoch43.npy
  Gradient norms:
    lstm_encoder: 0.012048
    lstm_decoder: 0.005914
    output_layer: 0.104979
  VSN output std:
    encoder: 0.265225
  Attention entropy: 2.822511
  Saved to: experiments/06b_rolling/daily_h16_baseline/fold_2019/collapse_monitoring/collapse_monitor_latest.json
[DEBUG CollapseMonitor] on_validation_epoch_start called for epoch 44
[DEBUG CollapseMonitor] reset_temporal_state() called on loss function
Epoch 44: val_loss=0.4264090955257416
Epoch 44: train_loss=0.451815664768219

[CollapseMonitor] Epoch 44
  [DEBUG] Processed 4 batches from val_dataloader
  [DEBUG] Predictions shape after concat: (229,)
  [DEBUG] All predictions list length: 4
  [DEBUG] First batch shape: (64,)
  Pred std: 0.041739, range: 0.179593, mean: 0.048099
  Pos: 94.3%, Neg: 5.7%, Unique: 229
  Dir Acc: 49.34%, Pred Sharpe: 18.2934
  Composite: 0.3879 (dist_match: 0.5721, actual_pos: 51.5%, pred_pos: 94.3%)
  Collapse penalty: 0.000000 (threshold: 0.005000)
  Saved validation predictions to: experiments/06b_rolling/daily_h16_baseline/fold_2019/collapse_monitoring/val_predictions_epoch44.npy
  Gradient norms:
    lstm_encoder: 0.011018
    lstm_decoder: 0.005320
    output_layer: 0.102067
  VSN output std:
    encoder: 0.265789
  Attention entropy: 2.812514
  Saved to: experiments/06b_rolling/daily_h16_baseline/fold_2019/collapse_monitoring/collapse_monitor_latest.json
[DEBUG CollapseMonitor] on_validation_epoch_start called for epoch 45
[DEBUG CollapseMonitor] reset_temporal_state() called on loss function
Epoch 45: val_loss=0.4256693124771118
Epoch 45: train_loss=0.4469642639160156

[CollapseMonitor] Epoch 45
  [DEBUG] Processed 4 batches from val_dataloader
  [DEBUG] Predictions shape after concat: (229,)
  [DEBUG] All predictions list length: 4
  [DEBUG] First batch shape: (64,)
  Pred std: 0.044417, range: 0.159629, mean: 0.056676
  Pos: 96.5%, Neg: 3.5%, Unique: 229
  Dir Acc: 48.91%, Pred Sharpe: 20.2558
  Composite: 0.3791 (dist_match: 0.5502, actual_pos: 51.5%, pred_pos: 96.5%)
  Collapse penalty: 0.000000 (threshold: 0.005000)
  Saved validation predictions to: experiments/06b_rolling/daily_h16_baseline/fold_2019/collapse_monitoring/val_predictions_epoch45.npy
  Gradient norms:
    lstm_encoder: 0.011601
    lstm_decoder: 0.005804
    output_layer: 0.104283
  VSN output std:
    encoder: 0.259935
  Attention entropy: 2.815139
  Saved to: experiments/06b_rolling/daily_h16_baseline/fold_2019/collapse_monitoring/collapse_monitor_latest.json
[DEBUG CollapseMonitor] on_validation_epoch_start called for epoch 46
[DEBUG CollapseMonitor] reset_temporal_state() called on loss function
Epoch 46: val_loss=0.4259253144264221
Epoch 46: train_loss=0.44990795850753784

[CollapseMonitor] Epoch 46
  [DEBUG] Processed 4 batches from val_dataloader
  [DEBUG] Predictions shape after concat: (229,)
  [DEBUG] All predictions list length: 4
  [DEBUG] First batch shape: (64,)
  Pred std: 0.042664, range: 0.179766, mean: 0.060372
  Pos: 95.2%, Neg: 4.8%, Unique: 227
  Dir Acc: 49.34%, Pred Sharpe: 22.4631
  Composite: 0.3857 (dist_match: 0.5633, actual_pos: 51.5%, pred_pos: 95.2%)
  Collapse penalty: 0.000000 (threshold: 0.005000)
  Saved validation predictions to: experiments/06b_rolling/daily_h16_baseline/fold_2019/collapse_monitoring/val_predictions_epoch46.npy
  Gradient norms:
    lstm_encoder: 0.011191
    lstm_decoder: 0.005493
    output_layer: 0.108997
  VSN output std:
    encoder: 0.257810
  Attention entropy: 2.811086
  Saved to: experiments/06b_rolling/daily_h16_baseline/fold_2019/collapse_monitoring/collapse_monitor_latest.json
[DEBUG CollapseMonitor] on_validation_epoch_start called for epoch 47
[DEBUG CollapseMonitor] reset_temporal_state() called on loss function
Epoch 47: val_loss=0.4271901845932007
Epoch 47: train_loss=0.44928812980651855

[CollapseMonitor] Epoch 47
  [DEBUG] Processed 4 batches from val_dataloader
  [DEBUG] Predictions shape after concat: (229,)
  [DEBUG] All predictions list length: 4
  [DEBUG] First batch shape: (64,)
  Pred std: 0.044322, range: 0.174989, mean: 0.057323
  Pos: 94.3%, Neg: 5.7%, Unique: 229
  Dir Acc: 49.34%, Pred Sharpe: 20.5307
  Composite: 0.3879 (dist_match: 0.5721, actual_pos: 51.5%, pred_pos: 94.3%)
  Collapse penalty: 0.000000 (threshold: 0.005000)
  Saved validation predictions to: experiments/06b_rolling/daily_h16_baseline/fold_2019/collapse_monitoring/val_predictions_epoch47.npy
  Gradient norms:
    lstm_encoder: 0.011452
    lstm_decoder: 0.005461
    output_layer: 0.103734
  VSN output std:
    encoder: 0.259245
  Attention entropy: 2.805618
  Saved to: experiments/06b_rolling/daily_h16_baseline/fold_2019/collapse_monitoring/collapse_monitor_latest.json
[DEBUG CollapseMonitor] on_validation_epoch_start called for epoch 48
[DEBUG CollapseMonitor] reset_temporal_state() called on loss function
Epoch 48: val_loss=0.4249219000339508
Epoch 48: train_loss=0.44971707463264465

[CollapseMonitor] Epoch 48
  [DEBUG] Processed 4 batches from val_dataloader
  [DEBUG] Predictions shape after concat: (229,)
  [DEBUG] All predictions list length: 4
  [DEBUG] First batch shape: (64,)
  Pred std: 0.043861, range: 0.164462, mean: 0.064237
  Pos: 95.6%, Neg: 4.4%, Unique: 226
  Dir Acc: 49.78%, Pred Sharpe: 23.2487
  Composite: 0.3880 (dist_match: 0.5590, actual_pos: 51.5%, pred_pos: 95.6%)
  Collapse penalty: 0.000000 (threshold: 0.005000)
  Saved validation predictions to: experiments/06b_rolling/daily_h16_baseline/fold_2019/collapse_monitoring/val_predictions_epoch48.npy
  Gradient norms:
    lstm_encoder: 0.013020
    lstm_decoder: 0.006219
    output_layer: 0.111491
  VSN output std:
    encoder: 0.261958
  Attention entropy: 2.799341
  Saved to: experiments/06b_rolling/daily_h16_baseline/fold_2019/collapse_monitoring/collapse_monitor_latest.json
[DEBUG CollapseMonitor] on_validation_epoch_start called for epoch 49
[DEBUG CollapseMonitor] reset_temporal_state() called on loss function
Epoch 49: val_loss=0.42624568939208984
Epoch 49: train_loss=0.4481019377708435

[CollapseMonitor] Epoch 49
  [DEBUG] Processed 4 batches from val_dataloader
  [DEBUG] Predictions shape after concat: (229,)
  [DEBUG] All predictions list length: 4
  [DEBUG] First batch shape: (64,)
  Pred std: 0.043966, range: 0.174840, mean: 0.054443
  Pos: 95.2%, Neg: 4.8%, Unique: 229
  Dir Acc: 49.34%, Pred Sharpe: 19.6575
  Composite: 0.3857 (dist_match: 0.5633, actual_pos: 51.5%, pred_pos: 95.2%)
  Collapse penalty: 0.000000 (threshold: 0.005000)
  Saved validation predictions to: experiments/06b_rolling/daily_h16_baseline/fold_2019/collapse_monitoring/val_predictions_epoch49.npy
  Gradient norms:
    lstm_encoder: 0.010931
    lstm_decoder: 0.005327
    output_layer: 0.106852
  VSN output std:
    encoder: 0.259720
  Attention entropy: 2.804636
  Saved to: experiments/06b_rolling/daily_h16_baseline/fold_2019/collapse_monitoring/collapse_monitor_latest.json
[DEBUG CollapseMonitor] on_validation_epoch_start called for epoch 50
[DEBUG CollapseMonitor] reset_temporal_state() called on loss function
Epoch 50: val_loss=0.42538774013519287
Epoch 50: train_loss=0.4480881989002228

[CollapseMonitor] Epoch 50
  [DEBUG] Processed 4 batches from val_dataloader
  [DEBUG] Predictions shape after concat: (229,)
  [DEBUG] All predictions list length: 4
  [DEBUG] First batch shape: (64,)
  Pred std: 0.043201, range: 0.177799, mean: 0.054257
  Pos: 95.2%, Neg: 4.8%, Unique: 229
  Dir Acc: 49.34%, Pred Sharpe: 19.9373
  Composite: 0.3857 (dist_match: 0.5633, actual_pos: 51.5%, pred_pos: 95.2%)
  Collapse penalty: 0.000000 (threshold: 0.005000)
  Saved validation predictions to: experiments/06b_rolling/daily_h16_baseline/fold_2019/collapse_monitoring/val_predictions_epoch50.npy
  Gradient norms:
    lstm_encoder: 0.012369
    lstm_decoder: 0.005921
    output_layer: 0.096607
  VSN output std:
    encoder: 0.263250
  Attention entropy: 2.800302
  Saved to: experiments/06b_rolling/daily_h16_baseline/fold_2019/collapse_monitoring/collapse_monitor_latest.json
[DEBUG CollapseMonitor] on_validation_epoch_start called for epoch 51
[DEBUG CollapseMonitor] reset_temporal_state() called on loss function
Epoch 51: val_loss=0.4241931736469269
Epoch 51: train_loss=0.4450487196445465

[CollapseMonitor] Epoch 51
  [DEBUG] Processed 4 batches from val_dataloader
  [DEBUG] Predictions shape after concat: (229,)
  [DEBUG] All predictions list length: 4
  [DEBUG] First batch shape: (64,)
  Pred std: 0.044391, range: 0.154766, mean: 0.044575
  Pos: 94.3%, Neg: 5.7%, Unique: 229
  Dir Acc: 50.22%, Pred Sharpe: 15.9402
  Composite: 0.3947 (dist_match: 0.5721, actual_pos: 51.5%, pred_pos: 94.3%)
  Collapse penalty: 0.000000 (threshold: 0.005000)
  Saved validation predictions to: experiments/06b_rolling/daily_h16_baseline/fold_2019/collapse_monitoring/val_predictions_epoch51.npy
  Gradient norms:
    lstm_encoder: 0.011792
    lstm_decoder: 0.005923
    output_layer: 0.111775
  VSN output std:
    encoder: 0.266687
  Attention entropy: 2.796584
  Saved to: experiments/06b_rolling/daily_h16_baseline/fold_2019/collapse_monitoring/collapse_monitor_latest.json
[DEBUG CollapseMonitor] on_validation_epoch_start called for epoch 52
[DEBUG CollapseMonitor] reset_temporal_state() called on loss function
Epoch 52: val_loss=0.42467769980430603
Epoch 52: train_loss=0.44853290915489197

[CollapseMonitor] Epoch 52
  [DEBUG] Processed 4 batches from val_dataloader
  [DEBUG] Predictions shape after concat: (229,)
  [DEBUG] All predictions list length: 4
  [DEBUG] First batch shape: (64,)
  Pred std: 0.044009, range: 0.157160, mean: 0.056193
  Pos: 94.3%, Neg: 5.7%, Unique: 229
  Dir Acc: 48.47%, Pred Sharpe: 20.2695
  Composite: 0.3810 (dist_match: 0.5721, actual_pos: 51.5%, pred_pos: 94.3%)
  Collapse penalty: 0.000000 (threshold: 0.005000)
  Saved validation predictions to: experiments/06b_rolling/daily_h16_baseline/fold_2019/collapse_monitoring/val_predictions_epoch52.npy
  Gradient norms:
    lstm_encoder: 0.012748
    lstm_decoder: 0.006095
    output_layer: 0.104484
  VSN output std:
    encoder: 0.266521
  Attention entropy: 2.758840
  Saved to: experiments/06b_rolling/daily_h16_baseline/fold_2019/collapse_monitoring/collapse_monitor_latest.json
[DEBUG CollapseMonitor] on_validation_epoch_start called for epoch 53
[DEBUG CollapseMonitor] reset_temporal_state() called on loss function
Epoch 53: val_loss=0.42521417140960693
Epoch 53: train_loss=0.4436039626598358

[CollapseMonitor] Epoch 53
  [DEBUG] Processed 4 batches from val_dataloader
  [DEBUG] Predictions shape after concat: (229,)
  [DEBUG] All predictions list length: 4
  [DEBUG] First batch shape: (64,)
  Pred std: 0.048946, range: 0.136824, mean: 0.050258
  Pos: 91.7%, Neg: 8.3%, Unique: 229
  Dir Acc: 53.71%, Pred Sharpe: 16.3001
  Composite: 0.4292 (dist_match: 0.5983, actual_pos: 51.5%, pred_pos: 91.7%)
  Collapse penalty: 0.000000 (threshold: 0.005000)
  Saved validation predictions to: experiments/06b_rolling/daily_h16_baseline/fold_2019/collapse_monitoring/val_predictions_epoch53.npy
  Gradient norms:
    lstm_encoder: 0.011444
    lstm_decoder: 0.005485
    output_layer: 0.094029
  VSN output std:
    encoder: 0.266104
  Attention entropy: 2.814828
  Saved to: experiments/06b_rolling/daily_h16_baseline/fold_2019/collapse_monitoring/collapse_monitor_latest.json
[DEBUG CollapseMonitor] on_validation_epoch_start called for epoch 54
[DEBUG CollapseMonitor] reset_temporal_state() called on loss function
Epoch 54: val_loss=0.4236404299736023
Epoch 54: train_loss=0.4470241367816925

[CollapseMonitor] Epoch 54
  [DEBUG] Processed 4 batches from val_dataloader
  [DEBUG] Predictions shape after concat: (229,)
  [DEBUG] All predictions list length: 4
  [DEBUG] First batch shape: (64,)
  Pred std: 0.048377, range: 0.149246, mean: 0.059891
  Pos: 96.1%, Neg: 3.9%, Unique: 229
  Dir Acc: 49.34%, Pred Sharpe: 19.6525
  Composite: 0.3836 (dist_match: 0.5546, actual_pos: 51.5%, pred_pos: 96.1%)
  Collapse penalty: 0.000000 (threshold: 0.005000)
  Saved validation predictions to: experiments/06b_rolling/daily_h16_baseline/fold_2019/collapse_monitoring/val_predictions_epoch54.npy
  Gradient norms:
    lstm_encoder: 0.013094
    lstm_decoder: 0.005921
    output_layer: 0.093371
  VSN output std:
    encoder: 0.268768
  Attention entropy: 2.771837
  Saved to: experiments/06b_rolling/daily_h16_baseline/fold_2019/collapse_monitoring/collapse_monitor_latest.json
[DEBUG CollapseMonitor] on_validation_epoch_start called for epoch 55
[DEBUG CollapseMonitor] reset_temporal_state() called on loss function
Epoch 55: val_loss=0.4244133532047272
Epoch 55: train_loss=0.4455396234989166

[CollapseMonitor] Epoch 55
  [DEBUG] Processed 4 batches from val_dataloader
  [DEBUG] Predictions shape after concat: (229,)
  [DEBUG] All predictions list length: 4
  [DEBUG] First batch shape: (64,)
  Pred std: 0.047524, range: 0.156077, mean: 0.042869
  Pos: 77.3%, Neg: 22.7%, Unique: 227
  Dir Acc: 51.53%, Pred Sharpe: 14.3196
  Composite: 0.4489 (dist_match: 0.7424, actual_pos: 51.5%, pred_pos: 77.3%)
  Collapse penalty: 0.000000 (threshold: 0.005000)
  Saved validation predictions to: experiments/06b_rolling/daily_h16_baseline/fold_2019/collapse_monitoring/val_predictions_epoch55.npy
  Gradient norms:
    lstm_encoder: 0.013699
    lstm_decoder: 0.006399
    output_layer: 0.096968
  VSN output std:
    encoder: 0.268080
  Attention entropy: 2.779352
  Saved to: experiments/06b_rolling/daily_h16_baseline/fold_2019/collapse_monitoring/collapse_monitor_latest.json
[DEBUG CollapseMonitor] on_validation_epoch_start called for epoch 56
[DEBUG CollapseMonitor] reset_temporal_state() called on loss function
Epoch 56: val_loss=0.42317983508110046
Epoch 56: train_loss=0.4459557831287384

[CollapseMonitor] Epoch 56
  [DEBUG] Processed 4 batches from val_dataloader
  [DEBUG] Predictions shape after concat: (229,)
  [DEBUG] All predictions list length: 4
  [DEBUG] First batch shape: (64,)
  Pred std: 0.048084, range: 0.154271, mean: 0.061995
  Pos: 95.2%, Neg: 4.8%, Unique: 229
  Dir Acc: 49.34%, Pred Sharpe: 20.4672
  Composite: 0.3857 (dist_match: 0.5633, actual_pos: 51.5%, pred_pos: 95.2%)
  Collapse penalty: 0.000000 (threshold: 0.005000)
  Saved validation predictions to: experiments/06b_rolling/daily_h16_baseline/fold_2019/collapse_monitoring/val_predictions_epoch56.npy
  Gradient norms:
    lstm_encoder: 0.014581
    lstm_decoder: 0.007136
    output_layer: 0.116339
  VSN output std:
    encoder: 0.268163
  Attention entropy: 2.770036
  Saved to: experiments/06b_rolling/daily_h16_baseline/fold_2019/collapse_monitoring/collapse_monitor_latest.json
[DEBUG CollapseMonitor] on_validation_epoch_start called for epoch 57
[DEBUG CollapseMonitor] reset_temporal_state() called on loss function
Epoch 57: val_loss=0.42332664132118225
Epoch 57: train_loss=0.44437047839164734

[CollapseMonitor] Epoch 57
  [DEBUG] Processed 4 batches from val_dataloader
  [DEBUG] Predictions shape after concat: (229,)
  [DEBUG] All predictions list length: 4
  [DEBUG] First batch shape: (64,)
  Pred std: 0.045889, range: 0.158888, mean: 0.042271
  Pos: 78.2%, Neg: 21.8%, Unique: 228
  Dir Acc: 51.53%, Pred Sharpe: 14.6226
  Composite: 0.4467 (dist_match: 0.7336, actual_pos: 51.5%, pred_pos: 78.2%)
  Collapse penalty: 0.000000 (threshold: 0.005000)
  Saved validation predictions to: experiments/06b_rolling/daily_h16_baseline/fold_2019/collapse_monitoring/val_predictions_epoch57.npy
  Gradient norms:
    lstm_encoder: 0.014204
    lstm_decoder: 0.007040
    output_layer: 0.110995
  VSN output std:
    encoder: 0.265725
  Attention entropy: 2.748828
  Saved to: experiments/06b_rolling/daily_h16_baseline/fold_2019/collapse_monitoring/collapse_monitor_latest.json
[DEBUG CollapseMonitor] on_validation_epoch_start called for epoch 58
[DEBUG CollapseMonitor] reset_temporal_state() called on loss function
Epoch 58: val_loss=0.42320582270622253
Epoch 58: train_loss=0.4481801986694336

[CollapseMonitor] Epoch 58
  [DEBUG] Processed 4 batches from val_dataloader
  [DEBUG] Predictions shape after concat: (229,)
  [DEBUG] All predictions list length: 4
  [DEBUG] First batch shape: (64,)
  Pred std: 0.044595, range: 0.161032, mean: 0.060581
  Pos: 95.2%, Neg: 4.8%, Unique: 228
  Dir Acc: 49.34%, Pred Sharpe: 21.5650
  Composite: 0.3857 (dist_match: 0.5633, actual_pos: 51.5%, pred_pos: 95.2%)
  Collapse penalty: 0.000000 (threshold: 0.005000)
  Saved validation predictions to: experiments/06b_rolling/daily_h16_baseline/fold_2019/collapse_monitoring/val_predictions_epoch58.npy
  Gradient norms:
    lstm_encoder: 0.012468
    lstm_decoder: 0.006187
    output_layer: 0.117128
  VSN output std:
    encoder: 0.264935
  Attention entropy: 2.771267
  Saved to: experiments/06b_rolling/daily_h16_baseline/fold_2019/collapse_monitoring/collapse_monitor_latest.json
[DEBUG CollapseMonitor] on_validation_epoch_start called for epoch 59
[DEBUG CollapseMonitor] reset_temporal_state() called on loss function
Epoch 59: val_loss=0.4225570559501648
Epoch 59: train_loss=0.44566893577575684

[CollapseMonitor] Epoch 59
  [DEBUG] Processed 4 batches from val_dataloader
  [DEBUG] Predictions shape after concat: (229,)
  [DEBUG] All predictions list length: 4
  [DEBUG] First batch shape: (64,)
  Pred std: 0.044543, range: 0.161151, mean: 0.045732
  Pos: 94.3%, Neg: 5.7%, Unique: 229
  Dir Acc: 48.47%, Pred Sharpe: 16.2981
  Composite: 0.3810 (dist_match: 0.5721, actual_pos: 51.5%, pred_pos: 94.3%)
  Collapse penalty: 0.000000 (threshold: 0.005000)
  Saved validation predictions to: experiments/06b_rolling/daily_h16_baseline/fold_2019/collapse_monitoring/val_predictions_epoch59.npy
  Gradient norms:
    lstm_encoder: 0.014461
    lstm_decoder: 0.006826
    output_layer: 0.107300
  VSN output std:
    encoder: 0.265886
  Attention entropy: 2.749425
  Saved to: experiments/06b_rolling/daily_h16_baseline/fold_2019/collapse_monitoring/collapse_monitor_latest.json
[DEBUG CollapseMonitor] on_validation_epoch_start called for epoch 60
[DEBUG CollapseMonitor] reset_temporal_state() called on loss function
Epoch 60: val_loss=0.4224923551082611
Epoch 60: train_loss=0.44661858677864075

[CollapseMonitor] Epoch 60
  [DEBUG] Processed 4 batches from val_dataloader
  [DEBUG] Predictions shape after concat: (229,)
  [DEBUG] All predictions list length: 4
  [DEBUG] First batch shape: (64,)
  Pred std: 0.042719, range: 0.154605, mean: 0.044949
  Pos: 94.8%, Neg: 5.2%, Unique: 229
  Dir Acc: 48.91%, Pred Sharpe: 16.7034
  Composite: 0.3834 (dist_match: 0.5677, actual_pos: 51.5%, pred_pos: 94.8%)
  Collapse penalty: 0.000000 (threshold: 0.005000)
  Saved validation predictions to: experiments/06b_rolling/daily_h16_baseline/fold_2019/collapse_monitoring/val_predictions_epoch60.npy
  Gradient norms:
    lstm_encoder: 0.014839
    lstm_decoder: 0.007377
    output_layer: 0.105982
  VSN output std:
    encoder: 0.263735
  Attention entropy: 2.766098
  Saved to: experiments/06b_rolling/daily_h16_baseline/fold_2019/collapse_monitoring/collapse_monitor_latest.json
[DEBUG CollapseMonitor] on_validation_epoch_start called for epoch 61
[DEBUG CollapseMonitor] reset_temporal_state() called on loss function
Epoch 61: val_loss=0.4221474230289459
Epoch 61: train_loss=0.4473887085914612

[CollapseMonitor] Epoch 61
  [DEBUG] Processed 4 batches from val_dataloader
  [DEBUG] Predictions shape after concat: (229,)
  [DEBUG] All predictions list length: 4
  [DEBUG] First batch shape: (64,)
  Pred std: 0.046908, range: 0.131948, mean: 0.065282
  Pos: 100.0%, Neg: 0.0%, Unique: 229
  Dir Acc: 51.53%, Pred Sharpe: 22.0928
  Composite: 0.3904 (dist_match: 0.5153, actual_pos: 51.5%, pred_pos: 100.0%)
  Collapse penalty: 0.000000 (threshold: 0.005000)
  Saved validation predictions to: experiments/06b_rolling/daily_h16_baseline/fold_2019/collapse_monitoring/val_predictions_epoch61.npy
  Gradient norms:
    lstm_encoder: 0.013947
    lstm_decoder: 0.007032
    output_layer: 0.107529
  VSN output std:
    encoder: 0.262552
  Attention entropy: 2.763125
  Saved to: experiments/06b_rolling/daily_h16_baseline/fold_2019/collapse_monitoring/collapse_monitor_latest.json
[DEBUG CollapseMonitor] on_validation_epoch_start called for epoch 62
[DEBUG CollapseMonitor] reset_temporal_state() called on loss function
Epoch 62: val_loss=0.4219285845756531
Epoch 62: train_loss=0.44440752267837524

[CollapseMonitor] Epoch 62
  [DEBUG] Processed 4 batches from val_dataloader
  [DEBUG] Predictions shape after concat: (229,)
  [DEBUG] All predictions list length: 4
  [DEBUG] First batch shape: (64,)
  Pred std: 0.047078, range: 0.127605, mean: 0.051841
  Pos: 95.2%, Neg: 4.8%, Unique: 229
  Dir Acc: 52.84%, Pred Sharpe: 17.4804
  Composite: 0.4130 (dist_match: 0.5633, actual_pos: 51.5%, pred_pos: 95.2%)
  Collapse penalty: 0.000000 (threshold: 0.005000)
  Saved validation predictions to: experiments/06b_rolling/daily_h16_baseline/fold_2019/collapse_monitoring/val_predictions_epoch62.npy
  Gradient norms:
    lstm_encoder: 0.013257
    lstm_decoder: 0.006697
    output_layer: 0.107753
  VSN output std:
    encoder: 0.262636
  Attention entropy: 2.766649
  Saved to: experiments/06b_rolling/daily_h16_baseline/fold_2019/collapse_monitoring/collapse_monitor_latest.json
[DEBUG CollapseMonitor] on_validation_epoch_start called for epoch 63
[DEBUG CollapseMonitor] reset_temporal_state() called on loss function
Epoch 63: val_loss=0.4215752184391022
Epoch 63: train_loss=0.4434545040130615

[CollapseMonitor] Epoch 63
  [DEBUG] Processed 4 batches from val_dataloader
  [DEBUG] Predictions shape after concat: (229,)
  [DEBUG] All predictions list length: 4
  [DEBUG] First batch shape: (64,)
  Pred std: 0.045343, range: 0.123360, mean: 0.069229
  Pos: 100.0%, Neg: 0.0%, Unique: 229
  Dir Acc: 51.53%, Pred Sharpe: 24.2368
  Composite: 0.3904 (dist_match: 0.5153, actual_pos: 51.5%, pred_pos: 100.0%)
  Collapse penalty: 0.000000 (threshold: 0.005000)
  Saved validation predictions to: experiments/06b_rolling/daily_h16_baseline/fold_2019/collapse_monitoring/val_predictions_epoch63.npy
  Gradient norms:
    lstm_encoder: 0.012613
    lstm_decoder: 0.006512
    output_layer: 0.116414
  VSN output std:
    encoder: 0.262731
  Attention entropy: 2.793749
  Saved to: experiments/06b_rolling/daily_h16_baseline/fold_2019/collapse_monitoring/collapse_monitor_latest.json
[DEBUG CollapseMonitor] on_validation_epoch_start called for epoch 64
[DEBUG CollapseMonitor] reset_temporal_state() called on loss function
Epoch 64: val_loss=0.4218645989894867
Epoch 64: train_loss=0.445774644613266

[CollapseMonitor] Epoch 64
  [DEBUG] Processed 4 batches from val_dataloader
  [DEBUG] Predictions shape after concat: (229,)
  [DEBUG] All predictions list length: 4
  [DEBUG] First batch shape: (64,)
  Pred std: 0.044045, range: 0.120392, mean: 0.061039
  Pos: 100.0%, Neg: 0.0%, Unique: 227
  Dir Acc: 51.53%, Pred Sharpe: 21.9992
  Composite: 0.3904 (dist_match: 0.5153, actual_pos: 51.5%, pred_pos: 100.0%)
  Collapse penalty: 0.000000 (threshold: 0.005000)
  Saved validation predictions to: experiments/06b_rolling/daily_h16_baseline/fold_2019/collapse_monitoring/val_predictions_epoch64.npy
  Gradient norms:
    lstm_encoder: 0.013778
    lstm_decoder: 0.006949
    output_layer: 0.109073
  VSN output std:
    encoder: 0.264805
  Attention entropy: 2.809380
  Saved to: experiments/06b_rolling/daily_h16_baseline/fold_2019/collapse_monitoring/collapse_monitor_latest.json
[DEBUG CollapseMonitor] on_validation_epoch_start called for epoch 65
[DEBUG CollapseMonitor] reset_temporal_state() called on loss function
Epoch 65: val_loss=0.4212493896484375
Epoch 65: train_loss=0.4467151463031769

[CollapseMonitor] Epoch 65
  [DEBUG] Processed 4 batches from val_dataloader
  [DEBUG] Predictions shape after concat: (229,)
  [DEBUG] All predictions list length: 4
  [DEBUG] First batch shape: (64,)
  Pred std: 0.041047, range: 0.112188, mean: 0.047509
  Pos: 95.2%, Neg: 4.8%, Unique: 228
  Dir Acc: 54.59%, Pred Sharpe: 18.3735
  Composite: 0.4267 (dist_match: 0.5633, actual_pos: 51.5%, pred_pos: 95.2%)
  Collapse penalty: 0.000000 (threshold: 0.005000)
  Saved validation predictions to: experiments/06b_rolling/daily_h16_baseline/fold_2019/collapse_monitoring/val_predictions_epoch65.npy
  Gradient norms:
    lstm_encoder: 0.015266
    lstm_decoder: 0.007571
    output_layer: 0.108588
  VSN output std:
    encoder: 0.264789
  Attention entropy: 2.819315
  Saved to: experiments/06b_rolling/daily_h16_baseline/fold_2019/collapse_monitoring/collapse_monitor_latest.json
[DEBUG CollapseMonitor] on_validation_epoch_start called for epoch 66
[DEBUG CollapseMonitor] reset_temporal_state() called on loss function
Epoch 66: val_loss=0.42144811153411865
Epoch 66: train_loss=0.4437686502933502

[CollapseMonitor] Epoch 66
  [DEBUG] Processed 4 batches from val_dataloader
  [DEBUG] Predictions shape after concat: (229,)
  [DEBUG] All predictions list length: 4
  [DEBUG] First batch shape: (64,)
  Pred std: 0.039362, range: 0.113954, mean: 0.060824
  Pos: 100.0%, Neg: 0.0%, Unique: 229
  Dir Acc: 51.53%, Pred Sharpe: 24.5303
  Composite: 0.3904 (dist_match: 0.5153, actual_pos: 51.5%, pred_pos: 100.0%)
  Collapse penalty: 0.000000 (threshold: 0.005000)
  Saved validation predictions to: experiments/06b_rolling/daily_h16_baseline/fold_2019/collapse_monitoring/val_predictions_epoch66.npy
  Gradient norms:
    lstm_encoder: 0.015073
    lstm_decoder: 0.007319
    output_layer: 0.103821
  VSN output std:
    encoder: 0.264447
  Attention entropy: 2.780664
  Saved to: experiments/06b_rolling/daily_h16_baseline/fold_2019/collapse_monitoring/collapse_monitor_latest.json
[DEBUG CollapseMonitor] on_validation_epoch_start called for epoch 67
[DEBUG CollapseMonitor] reset_temporal_state() called on loss function
Epoch 67: val_loss=0.42130982875823975
Epoch 67: train_loss=0.4416872262954712

[CollapseMonitor] Epoch 67
  [DEBUG] Processed 4 batches from val_dataloader
  [DEBUG] Predictions shape after concat: (229,)
  [DEBUG] All predictions list length: 4
  [DEBUG] First batch shape: (64,)
  Pred std: 0.037821, range: 0.108911, mean: 0.048083
  Pos: 99.1%, Neg: 0.9%, Unique: 229
  Dir Acc: 51.53%, Pred Sharpe: 20.1816
  Composite: 0.3927 (dist_match: 0.5240, actual_pos: 51.5%, pred_pos: 99.1%)
  Collapse penalty: 0.000000 (threshold: 0.005000)
  Saved validation predictions to: experiments/06b_rolling/daily_h16_baseline/fold_2019/collapse_monitoring/val_predictions_epoch67.npy
  Gradient norms:
    lstm_encoder: 0.016273
    lstm_decoder: 0.007949
    output_layer: 0.117462
  VSN output std:
    encoder: 0.263161
  Attention entropy: 2.783923
  Saved to: experiments/06b_rolling/daily_h16_baseline/fold_2019/collapse_monitoring/collapse_monitor_latest.json
[DEBUG CollapseMonitor] on_validation_epoch_start called for epoch 68
[DEBUG CollapseMonitor] reset_temporal_state() called on loss function
Epoch 68: val_loss=0.42085719108581543
Epoch 68: train_loss=0.44374555349349976

[CollapseMonitor] Epoch 68
  [DEBUG] Processed 4 batches from val_dataloader
  [DEBUG] Predictions shape after concat: (229,)
  [DEBUG] All predictions list length: 4
  [DEBUG] First batch shape: (64,)
  Pred std: 0.037638, range: 0.107865, mean: 0.069277
  Pos: 100.0%, Neg: 0.0%, Unique: 229
  Dir Acc: 51.53%, Pred Sharpe: 29.2188
  Composite: 0.3904 (dist_match: 0.5153, actual_pos: 51.5%, pred_pos: 100.0%)
  Collapse penalty: 0.000000 (threshold: 0.005000)
  Saved validation predictions to: experiments/06b_rolling/daily_h16_baseline/fold_2019/collapse_monitoring/val_predictions_epoch68.npy
  Gradient norms:
    lstm_encoder: 0.013233
    lstm_decoder: 0.006794
    output_layer: 0.118399
  VSN output std:
    encoder: 0.262182
  Attention entropy: 2.772914
  Saved to: experiments/06b_rolling/daily_h16_baseline/fold_2019/collapse_monitoring/collapse_monitor_latest.json
[DEBUG CollapseMonitor] on_validation_epoch_start called for epoch 69
[DEBUG CollapseMonitor] reset_temporal_state() called on loss function
Epoch 69: val_loss=0.4216836988925934
Epoch 69: train_loss=0.44405320286750793

[CollapseMonitor] Epoch 69
  [DEBUG] Processed 4 batches from val_dataloader
  [DEBUG] Predictions shape after concat: (229,)
  [DEBUG] All predictions list length: 4
  [DEBUG] First batch shape: (64,)
  Pred std: 0.034895, range: 0.101862, mean: 0.043081
  Pos: 98.7%, Neg: 1.3%, Unique: 228
  Dir Acc: 52.84%, Pred Sharpe: 19.5987
  Composite: 0.4038 (dist_match: 0.5284, actual_pos: 51.5%, pred_pos: 98.7%)
  Collapse penalty: 0.000000 (threshold: 0.005000)
  Saved validation predictions to: experiments/06b_rolling/daily_h16_baseline/fold_2019/collapse_monitoring/val_predictions_epoch69.npy
  Gradient norms:
    lstm_encoder: 0.015695
    lstm_decoder: 0.008178
    output_layer: 0.110394
  VSN output std:
    encoder: 0.262174
  Attention entropy: 2.784015
  Saved to: experiments/06b_rolling/daily_h16_baseline/fold_2019/collapse_monitoring/collapse_monitor_latest.json
[DEBUG CollapseMonitor] on_validation_epoch_start called for epoch 70
[DEBUG CollapseMonitor] reset_temporal_state() called on loss function
Epoch 70: val_loss=0.42004963755607605
Epoch 70: train_loss=0.4452846944332123

[CollapseMonitor] Epoch 70
  [DEBUG] Processed 4 batches from val_dataloader
  [DEBUG] Predictions shape after concat: (229,)
  [DEBUG] All predictions list length: 4
  [DEBUG] First batch shape: (64,)
  Pred std: 0.039670, range: 0.116419, mean: 0.052067
  Pos: 99.1%, Neg: 0.9%, Unique: 229
  Dir Acc: 52.40%, Pred Sharpe: 20.8351
  Composite: 0.3993 (dist_match: 0.5240, actual_pos: 51.5%, pred_pos: 99.1%)
  Collapse penalty: 0.000000 (threshold: 0.005000)
  Saved validation predictions to: experiments/06b_rolling/daily_h16_baseline/fold_2019/collapse_monitoring/val_predictions_epoch70.npy
  Gradient norms:
    lstm_encoder: 0.015414
    lstm_decoder: 0.007486
    output_layer: 0.108567
  VSN output std:
    encoder: 0.263202
  Attention entropy: 2.770010
  Saved to: experiments/06b_rolling/daily_h16_baseline/fold_2019/collapse_monitoring/collapse_monitor_latest.json
[DEBUG CollapseMonitor] on_validation_epoch_start called for epoch 71
[DEBUG CollapseMonitor] reset_temporal_state() called on loss function
Epoch 71: val_loss=0.4204219877719879
Epoch 71: train_loss=0.44347134232521057

[CollapseMonitor] Epoch 71
  [DEBUG] Processed 4 batches from val_dataloader
  [DEBUG] Predictions shape after concat: (229,)
  [DEBUG] All predictions list length: 4
  [DEBUG] First batch shape: (64,)
  Pred std: 0.034673, range: 0.104462, mean: 0.044463
  Pos: 99.1%, Neg: 0.9%, Unique: 229
  Dir Acc: 52.40%, Pred Sharpe: 20.3567
  Composite: 0.3993 (dist_match: 0.5240, actual_pos: 51.5%, pred_pos: 99.1%)
  Collapse penalty: 0.000000 (threshold: 0.005000)
  Saved validation predictions to: experiments/06b_rolling/daily_h16_baseline/fold_2019/collapse_monitoring/val_predictions_epoch71.npy
  Gradient norms:
    lstm_encoder: 0.014831
    lstm_decoder: 0.007277
    output_layer: 0.103837
  VSN output std:
    encoder: 0.262935
  Attention entropy: 2.754889
  Saved to: experiments/06b_rolling/daily_h16_baseline/fold_2019/collapse_monitoring/collapse_monitor_latest.json
[DEBUG CollapseMonitor] on_validation_epoch_start called for epoch 72
[DEBUG CollapseMonitor] reset_temporal_state() called on loss function
Epoch 72: val_loss=0.42054101824760437
Epoch 72: train_loss=0.4411664307117462

[CollapseMonitor] Epoch 72
  [DEBUG] Processed 4 batches from val_dataloader
  [DEBUG] Predictions shape after concat: (229,)
  [DEBUG] All predictions list length: 4
  [DEBUG] First batch shape: (64,)
  Pred std: 0.039104, range: 0.115796, mean: 0.065726
  Pos: 100.0%, Neg: 0.0%, Unique: 229
  Dir Acc: 51.53%, Pred Sharpe: 26.6820
  Composite: 0.3904 (dist_match: 0.5153, actual_pos: 51.5%, pred_pos: 100.0%)
  Collapse penalty: 0.000000 (threshold: 0.005000)
  Saved validation predictions to: experiments/06b_rolling/daily_h16_baseline/fold_2019/collapse_monitoring/val_predictions_epoch72.npy
  Gradient norms:
    lstm_encoder: 0.015793
    lstm_decoder: 0.007589
    output_layer: 0.100044
  VSN output std:
    encoder: 0.261146
  Attention entropy: 2.771424
  Saved to: experiments/06b_rolling/daily_h16_baseline/fold_2019/collapse_monitoring/collapse_monitor_latest.json
[DEBUG CollapseMonitor] on_validation_epoch_start called for epoch 73
[DEBUG CollapseMonitor] reset_temporal_state() called on loss function
Epoch 73: val_loss=0.4199284315109253
Epoch 73: train_loss=0.44055184721946716

[CollapseMonitor] Epoch 73
  [DEBUG] Processed 4 batches from val_dataloader
  [DEBUG] Predictions shape after concat: (229,)
  [DEBUG] All predictions list length: 4
  [DEBUG] First batch shape: (64,)
  Pred std: 0.039006, range: 0.117206, mean: 0.074290
  Pos: 100.0%, Neg: 0.0%, Unique: 229
  Dir Acc: 51.53%, Pred Sharpe: 30.2338
  Composite: 0.3904 (dist_match: 0.5153, actual_pos: 51.5%, pred_pos: 100.0%)
  Collapse penalty: 0.000000 (threshold: 0.005000)
  Saved validation predictions to: experiments/06b_rolling/daily_h16_baseline/fold_2019/collapse_monitoring/val_predictions_epoch73.npy
  Gradient norms:
    lstm_encoder: 0.014020
    lstm_decoder: 0.006954
    output_layer: 0.103408
  VSN output std:
    encoder: 0.260856
  Attention entropy: 2.743438
  Saved to: experiments/06b_rolling/daily_h16_baseline/fold_2019/collapse_monitoring/collapse_monitor_latest.json
[DEBUG CollapseMonitor] on_validation_epoch_start called for epoch 74
[DEBUG CollapseMonitor] reset_temporal_state() called on loss function
Epoch 74: val_loss=0.41960984468460083
Epoch 74: train_loss=0.44237688183784485

[CollapseMonitor] Epoch 74
  [DEBUG] Processed 4 batches from val_dataloader
  [DEBUG] Predictions shape after concat: (229,)
  [DEBUG] All predictions list length: 4
  [DEBUG] First batch shape: (64,)
  Pred std: 0.035091, range: 0.107667, mean: 0.047068
  Pos: 99.1%, Neg: 0.9%, Unique: 229
  Dir Acc: 52.40%, Pred Sharpe: 21.2922
  Composite: 0.3993 (dist_match: 0.5240, actual_pos: 51.5%, pred_pos: 99.1%)
  Collapse penalty: 0.000000 (threshold: 0.005000)
  Saved validation predictions to: experiments/06b_rolling/daily_h16_baseline/fold_2019/collapse_monitoring/val_predictions_epoch74.npy
  Gradient norms:
    lstm_encoder: 0.016500
    lstm_decoder: 0.008771
    output_layer: 0.117254
  VSN output std:
    encoder: 0.260800
  Attention entropy: 2.730577
  Saved to: experiments/06b_rolling/daily_h16_baseline/fold_2019/collapse_monitoring/collapse_monitor_latest.json
[DEBUG CollapseMonitor] on_validation_epoch_start called for epoch 75
[DEBUG CollapseMonitor] reset_temporal_state() called on loss function
Epoch 75: val_loss=0.4203220307826996
Epoch 75: train_loss=0.44438377022743225

[CollapseMonitor] Epoch 75
  [DEBUG] Processed 4 batches from val_dataloader
  [DEBUG] Predictions shape after concat: (229,)
  [DEBUG] All predictions list length: 4
  [DEBUG] First batch shape: (64,)
  Pred std: 0.034433, range: 0.106941, mean: 0.065186
  Pos: 100.0%, Neg: 0.0%, Unique: 229
  Dir Acc: 51.53%, Pred Sharpe: 30.0527
  Composite: 0.3904 (dist_match: 0.5153, actual_pos: 51.5%, pred_pos: 100.0%)
  Collapse penalty: 0.000000 (threshold: 0.005000)
  Saved validation predictions to: experiments/06b_rolling/daily_h16_baseline/fold_2019/collapse_monitoring/val_predictions_epoch75.npy
  Gradient norms:
    lstm_encoder: 0.016647
    lstm_decoder: 0.008242
    output_layer: 0.110941
  VSN output std:
    encoder: 0.260802
  Attention entropy: 2.720609
  Saved to: experiments/06b_rolling/daily_h16_baseline/fold_2019/collapse_monitoring/collapse_monitor_latest.json
[DEBUG CollapseMonitor] on_validation_epoch_start called for epoch 76
[DEBUG CollapseMonitor] reset_temporal_state() called on loss function
Epoch 76: val_loss=0.4205404818058014
Epoch 76: train_loss=0.44368019700050354

[CollapseMonitor] Epoch 76
  [DEBUG] Processed 4 batches from val_dataloader
  [DEBUG] Predictions shape after concat: (229,)
  [DEBUG] All predictions list length: 4
  [DEBUG] First batch shape: (64,)
  Pred std: 0.033035, range: 0.102662, mean: 0.084665
  Pos: 100.0%, Neg: 0.0%, Unique: 229
  Dir Acc: 51.53%, Pred Sharpe: 40.6841
  Composite: 0.3904 (dist_match: 0.5153, actual_pos: 51.5%, pred_pos: 100.0%)
  Collapse penalty: 0.000000 (threshold: 0.005000)
  Saved validation predictions to: experiments/06b_rolling/daily_h16_baseline/fold_2019/collapse_monitoring/val_predictions_epoch76.npy
  Gradient norms:
    lstm_encoder: 0.016051
    lstm_decoder: 0.007837
    output_layer: 0.105073
  VSN output std:
    encoder: 0.259132
  Attention entropy: 2.758578
  Saved to: experiments/06b_rolling/daily_h16_baseline/fold_2019/collapse_monitoring/collapse_monitor_latest.json
[DEBUG CollapseMonitor] on_validation_epoch_start called for epoch 77
[DEBUG CollapseMonitor] reset_temporal_state() called on loss function
Epoch 77: val_loss=0.42068541049957275
Epoch 77: train_loss=0.44297805428504944

[CollapseMonitor] Epoch 77
  [DEBUG] Processed 4 batches from val_dataloader
  [DEBUG] Predictions shape after concat: (229,)
  [DEBUG] All predictions list length: 4
  [DEBUG] First batch shape: (64,)
  Pred std: 0.035116, range: 0.110171, mean: 0.057954
  Pos: 100.0%, Neg: 0.0%, Unique: 229
  Dir Acc: 51.53%, Pred Sharpe: 26.1983
  Composite: 0.3904 (dist_match: 0.5153, actual_pos: 51.5%, pred_pos: 100.0%)
  Collapse penalty: 0.000000 (threshold: 0.005000)
  Saved validation predictions to: experiments/06b_rolling/daily_h16_baseline/fold_2019/collapse_monitoring/val_predictions_epoch77.npy
  Gradient norms:
    lstm_encoder: 0.016661
    lstm_decoder: 0.008112
    output_layer: 0.097973
  VSN output std:
    encoder: 0.259016
  Attention entropy: 2.719729
  Saved to: experiments/06b_rolling/daily_h16_baseline/fold_2019/collapse_monitoring/collapse_monitor_latest.json
[DEBUG CollapseMonitor] on_validation_epoch_start called for epoch 78
[DEBUG CollapseMonitor] reset_temporal_state() called on loss function
Epoch 78: val_loss=0.419647216796875
Epoch 78: train_loss=0.440389484167099

[CollapseMonitor] Epoch 78
  [DEBUG] Processed 4 batches from val_dataloader
  [DEBUG] Predictions shape after concat: (229,)
  [DEBUG] All predictions list length: 4
  [DEBUG] First batch shape: (64,)
  Pred std: 0.032619, range: 0.104519, mean: 0.039489
  Pos: 94.3%, Neg: 5.7%, Unique: 229
  Dir Acc: 53.71%, Pred Sharpe: 19.2178
  Composite: 0.4222 (dist_match: 0.5721, actual_pos: 51.5%, pred_pos: 94.3%)
  Collapse penalty: 0.000000 (threshold: 0.005000)
  Saved validation predictions to: experiments/06b_rolling/daily_h16_baseline/fold_2019/collapse_monitoring/val_predictions_epoch78.npy
  Gradient norms:
    lstm_encoder: 0.015370
    lstm_decoder: 0.007274
    output_layer: 0.092735
  VSN output std:
    encoder: 0.258369
  Attention entropy: 2.696913
  Saved to: experiments/06b_rolling/daily_h16_baseline/fold_2019/collapse_monitoring/collapse_monitor_latest.json
[DEBUG CollapseMonitor] on_validation_epoch_start called for epoch 79
[DEBUG CollapseMonitor] reset_temporal_state() called on loss function
Epoch 79: val_loss=0.41972291469573975
Epoch 79: train_loss=0.4409983158111572

[CollapseMonitor] Epoch 79
  [DEBUG] Processed 4 batches from val_dataloader
  [DEBUG] Predictions shape after concat: (229,)
  [DEBUG] All predictions list length: 4
  [DEBUG] First batch shape: (64,)
  Pred std: 0.036002, range: 0.113432, mean: 0.030829
  Pos: 66.8%, Neg: 33.2%, Unique: 227
  Dir Acc: 52.40%, Pred Sharpe: 13.5937
  Composite: 0.4840 (dist_match: 0.8472, actual_pos: 51.5%, pred_pos: 66.8%)
  Collapse penalty: 0.000000 (threshold: 0.005000)
  Saved validation predictions to: experiments/06b_rolling/daily_h16_baseline/fold_2019/collapse_monitoring/val_predictions_epoch79.npy
  Gradient norms:
    lstm_encoder: 0.017466
    lstm_decoder: 0.007825
    output_layer: 0.096698
  VSN output std:
    encoder: 0.258163
  Attention entropy: 2.688665
  Saved to: experiments/06b_rolling/daily_h16_baseline/fold_2019/collapse_monitoring/collapse_monitor_latest.json
[DEBUG CollapseMonitor] on_validation_epoch_start called for epoch 80
[DEBUG CollapseMonitor] reset_temporal_state() called on loss function
Epoch 80: val_loss=0.41977187991142273
Epoch 80: train_loss=0.44228148460388184

[CollapseMonitor] Epoch 80
  [DEBUG] Processed 4 batches from val_dataloader
  [DEBUG] Predictions shape after concat: (229,)
  [DEBUG] All predictions list length: 4
  [DEBUG] First batch shape: (64,)
  Pred std: 0.037324, range: 0.117414, mean: 0.044045
  Pos: 87.8%, Neg: 12.2%, Unique: 229
  Dir Acc: 55.02%, Pred Sharpe: 18.7331
  Composite: 0.4505 (dist_match: 0.6376, actual_pos: 51.5%, pred_pos: 87.8%)
  Collapse penalty: 0.000000 (threshold: 0.005000)
  Saved validation predictions to: experiments/06b_rolling/daily_h16_baseline/fold_2019/collapse_monitoring/val_predictions_epoch80.npy
  Gradient norms:
    lstm_encoder: 0.016013
    lstm_decoder: 0.007660
    output_layer: 0.104656
  VSN output std:
    encoder: 0.257390
  Attention entropy: 2.700274
  Saved to: experiments/06b_rolling/daily_h16_baseline/fold_2019/collapse_monitoring/collapse_monitor_latest.json
[DEBUG CollapseMonitor] on_validation_epoch_start called for epoch 81
[DEBUG CollapseMonitor] reset_temporal_state() called on loss function
Epoch 81: val_loss=0.41972991824150085
Epoch 81: train_loss=0.43995893001556396

[CollapseMonitor] Epoch 81
  [DEBUG] Processed 4 batches from val_dataloader
  [DEBUG] Predictions shape after concat: (229,)
  [DEBUG] All predictions list length: 4
  [DEBUG] First batch shape: (64,)
  Pred std: 0.038244, range: 0.120313, mean: 0.055043
  Pos: 100.0%, Neg: 0.0%, Unique: 229
  Dir Acc: 51.53%, Pred Sharpe: 22.8475
  Composite: 0.3904 (dist_match: 0.5153, actual_pos: 51.5%, pred_pos: 100.0%)
  Collapse penalty: 0.000000 (threshold: 0.005000)
  Saved validation predictions to: experiments/06b_rolling/daily_h16_baseline/fold_2019/collapse_monitoring/val_predictions_epoch81.npy
  Gradient norms:
    lstm_encoder: 0.017137
    lstm_decoder: 0.008504
    output_layer: 0.106979
  VSN output std:
    encoder: 0.256672
  Attention entropy: 2.700968
  Saved to: experiments/06b_rolling/daily_h16_baseline/fold_2019/collapse_monitoring/collapse_monitor_latest.json
[DEBUG CollapseMonitor] on_validation_epoch_start called for epoch 82
[DEBUG CollapseMonitor] reset_temporal_state() called on loss function
Epoch 82: val_loss=0.42007339000701904
Epoch 82: train_loss=0.43988072872161865

[CollapseMonitor] Epoch 82
  [DEBUG] Processed 4 batches from val_dataloader
  [DEBUG] Predictions shape after concat: (229,)
  [DEBUG] All predictions list length: 4
  [DEBUG] First batch shape: (64,)
  Pred std: 0.033231, range: 0.108249, mean: 0.049872
  Pos: 100.0%, Neg: 0.0%, Unique: 229
  Dir Acc: 51.53%, Pred Sharpe: 23.8235
  Composite: 0.3904 (dist_match: 0.5153, actual_pos: 51.5%, pred_pos: 100.0%)
  Collapse penalty: 0.000000 (threshold: 0.005000)
  Saved validation predictions to: experiments/06b_rolling/daily_h16_baseline/fold_2019/collapse_monitoring/val_predictions_epoch82.npy
  Gradient norms:
    lstm_encoder: 0.018290
    lstm_decoder: 0.008881
    output_layer: 0.102248
  VSN output std:
    encoder: 0.256482
  Attention entropy: 2.681188
  Saved to: experiments/06b_rolling/daily_h16_baseline/fold_2019/collapse_monitoring/collapse_monitor_latest.json
[DEBUG CollapseMonitor] on_validation_epoch_start called for epoch 83
[DEBUG CollapseMonitor] reset_temporal_state() called on loss function
Epoch 83: val_loss=0.4193652272224426
Epoch 83: train_loss=0.44196826219558716

[CollapseMonitor] Epoch 83
  [DEBUG] Processed 4 batches from val_dataloader
  [DEBUG] Predictions shape after concat: (229,)
  [DEBUG] All predictions list length: 4
  [DEBUG] First batch shape: (64,)
  Pred std: 0.033781, range: 0.110208, mean: 0.044231
  Pos: 98.7%, Neg: 1.3%, Unique: 229
  Dir Acc: 52.84%, Pred Sharpe: 20.7852
  Composite: 0.4038 (dist_match: 0.5284, actual_pos: 51.5%, pred_pos: 98.7%)
  Collapse penalty: 0.000000 (threshold: 0.005000)
  Saved validation predictions to: experiments/06b_rolling/daily_h16_baseline/fold_2019/collapse_monitoring/val_predictions_epoch83.npy
  Gradient norms:
    lstm_encoder: 0.018281
    lstm_decoder: 0.008941
    output_layer: 0.102374
  VSN output std:
    encoder: 0.256127
  Attention entropy: 2.676967
  Saved to: experiments/06b_rolling/daily_h16_baseline/fold_2019/collapse_monitoring/collapse_monitor_latest.json
[DEBUG CollapseMonitor] on_validation_epoch_start called for epoch 84
[DEBUG CollapseMonitor] reset_temporal_state() called on loss function
Epoch 84: val_loss=0.4192306101322174
Epoch 84: train_loss=0.44350895285606384

[CollapseMonitor] Epoch 84
  [DEBUG] Processed 4 batches from val_dataloader
  [DEBUG] Predictions shape after concat: (229,)
  [DEBUG] All predictions list length: 4
  [DEBUG] First batch shape: (64,)
  Pred std: 0.032671, range: 0.107372, mean: 0.057957
  Pos: 100.0%, Neg: 0.0%, Unique: 229
  Dir Acc: 51.53%, Pred Sharpe: 28.1603
  Composite: 0.3904 (dist_match: 0.5153, actual_pos: 51.5%, pred_pos: 100.0%)
  Collapse penalty: 0.000000 (threshold: 0.005000)
  Saved validation predictions to: experiments/06b_rolling/daily_h16_baseline/fold_2019/collapse_monitoring/val_predictions_epoch84.npy
  Gradient norms:
    lstm_encoder: 0.018204
    lstm_decoder: 0.008798
    output_layer: 0.102010
  VSN output std:
    encoder: 0.256048
  Attention entropy: 2.674114
  Saved to: experiments/06b_rolling/daily_h16_baseline/fold_2019/collapse_monitoring/collapse_monitor_latest.json
[DEBUG CollapseMonitor] on_validation_epoch_start called for epoch 85
[DEBUG CollapseMonitor] reset_temporal_state() called on loss function
Epoch 85: val_loss=0.4192276895046234
Epoch 85: train_loss=0.4411119520664215

[CollapseMonitor] Epoch 85
  [DEBUG] Processed 4 batches from val_dataloader
  [DEBUG] Predictions shape after concat: (229,)
  [DEBUG] All predictions list length: 4
  [DEBUG] First batch shape: (64,)
  Pred std: 0.032575, range: 0.105665, mean: 0.050154
  Pos: 100.0%, Neg: 0.0%, Unique: 229
  Dir Acc: 51.53%, Pred Sharpe: 24.4410
  Composite: 0.3904 (dist_match: 0.5153, actual_pos: 51.5%, pred_pos: 100.0%)
  Collapse penalty: 0.000000 (threshold: 0.005000)
  Saved validation predictions to: experiments/06b_rolling/daily_h16_baseline/fold_2019/collapse_monitoring/val_predictions_epoch85.npy
  Gradient norms:
    lstm_encoder: 0.017976
    lstm_decoder: 0.008354
    output_layer: 0.101156
  VSN output std:
    encoder: 0.255963
  Attention entropy: 2.683851
  Saved to: experiments/06b_rolling/daily_h16_baseline/fold_2019/collapse_monitoring/collapse_monitor_latest.json
[DEBUG CollapseMonitor] on_validation_epoch_start called for epoch 86
[DEBUG CollapseMonitor] reset_temporal_state() called on loss function
Epoch 86: val_loss=0.4194839298725128
Epoch 86: train_loss=0.4372881352901459

[CollapseMonitor] Epoch 86
  [DEBUG] Processed 4 batches from val_dataloader
  [DEBUG] Predictions shape after concat: (229,)
  [DEBUG] All predictions list length: 4
  [DEBUG] First batch shape: (64,)
  Pred std: 0.030683, range: 0.100883, mean: 0.038459
  Pos: 98.3%, Neg: 1.7%, Unique: 229
  Dir Acc: 53.28%, Pred Sharpe: 19.8975
  Composite: 0.4083 (dist_match: 0.5328, actual_pos: 51.5%, pred_pos: 98.3%)
  Collapse penalty: 0.000000 (threshold: 0.005000)
  Saved validation predictions to: experiments/06b_rolling/daily_h16_baseline/fold_2019/collapse_monitoring/val_predictions_epoch86.npy
  Gradient norms:
    lstm_encoder: 0.018186
    lstm_decoder: 0.008690
    output_layer: 0.101116
  VSN output std:
    encoder: 0.255853
  Attention entropy: 2.671879
  Saved to: experiments/06b_rolling/daily_h16_baseline/fold_2019/collapse_monitoring/collapse_monitor_latest.json
[DEBUG CollapseMonitor] on_validation_epoch_start called for epoch 87
[DEBUG CollapseMonitor] reset_temporal_state() called on loss function
Epoch 87: val_loss=0.4192846715450287
Epoch 87: train_loss=0.4402797520160675

[CollapseMonitor] Epoch 87
  [DEBUG] Processed 4 batches from val_dataloader
  [DEBUG] Predictions shape after concat: (229,)
  [DEBUG] All predictions list length: 4
  [DEBUG] First batch shape: (64,)
  Pred std: 0.030166, range: 0.099810, mean: 0.049255
  Pos: 100.0%, Neg: 0.0%, Unique: 229
  Dir Acc: 51.53%, Pred Sharpe: 25.9198
  Composite: 0.3904 (dist_match: 0.5153, actual_pos: 51.5%, pred_pos: 100.0%)
  Collapse penalty: 0.000000 (threshold: 0.005000)
  Saved validation predictions to: experiments/06b_rolling/daily_h16_baseline/fold_2019/collapse_monitoring/val_predictions_epoch87.npy
  Gradient norms:
    lstm_encoder: 0.019148
    lstm_decoder: 0.009096
    output_layer: 0.105659
  VSN output std:
    encoder: 0.255949
  Attention entropy: 2.664487
  Saved to: experiments/06b_rolling/daily_h16_baseline/fold_2019/collapse_monitoring/collapse_monitor_latest.json
[DEBUG CollapseMonitor] on_validation_epoch_start called for epoch 88
[DEBUG CollapseMonitor] reset_temporal_state() called on loss function
Epoch 88: val_loss=0.41905465722084045
Epoch 88: train_loss=0.4418375492095947

[CollapseMonitor] Epoch 88
  [DEBUG] Processed 4 batches from val_dataloader
  [DEBUG] Predictions shape after concat: (229,)
  [DEBUG] All predictions list length: 4
  [DEBUG] First batch shape: (64,)
  Pred std: 0.030415, range: 0.101591, mean: 0.051321
  Pos: 100.0%, Neg: 0.0%, Unique: 228
  Dir Acc: 51.53%, Pred Sharpe: 26.7862
  Composite: 0.3904 (dist_match: 0.5153, actual_pos: 51.5%, pred_pos: 100.0%)
  Collapse penalty: 0.000000 (threshold: 0.005000)
  Saved validation predictions to: experiments/06b_rolling/daily_h16_baseline/fold_2019/collapse_monitoring/val_predictions_epoch88.npy
  Gradient norms:
    lstm_encoder: 0.016745
    lstm_decoder: 0.007536
    output_layer: 0.098602
  VSN output std:
    encoder: 0.255228
  Attention entropy: 2.649751
  Saved to: experiments/06b_rolling/daily_h16_baseline/fold_2019/collapse_monitoring/collapse_monitor_latest.json
[DEBUG CollapseMonitor] on_validation_epoch_start called for epoch 89
[DEBUG CollapseMonitor] reset_temporal_state() called on loss function
Epoch 89: val_loss=0.41898536682128906
Epoch 89: train_loss=0.4384748637676239

[CollapseMonitor] Epoch 89
  [DEBUG] Processed 4 batches from val_dataloader
  [DEBUG] Predictions shape after concat: (229,)
  [DEBUG] All predictions list length: 4
  [DEBUG] First batch shape: (64,)
  Pred std: 0.030356, range: 0.101066, mean: 0.045359
  Pos: 100.0%, Neg: 0.0%, Unique: 229
  Dir Acc: 51.53%, Pred Sharpe: 23.7203
  Composite: 0.3904 (dist_match: 0.5153, actual_pos: 51.5%, pred_pos: 100.0%)
  Collapse penalty: 0.000000 (threshold: 0.005000)
  Saved validation predictions to: experiments/06b_rolling/daily_h16_baseline/fold_2019/collapse_monitoring/val_predictions_epoch89.npy
  Gradient norms:
    lstm_encoder: 0.019655
    lstm_decoder: 0.009358
    output_layer: 0.104186
  VSN output std:
    encoder: 0.255323
  Attention entropy: 2.640127
  Saved to: experiments/06b_rolling/daily_h16_baseline/fold_2019/collapse_monitoring/collapse_monitor_latest.json
[DEBUG CollapseMonitor] on_validation_epoch_start called for epoch 90
[DEBUG CollapseMonitor] reset_temporal_state() called on loss function
Epoch 90: val_loss=0.41905272006988525
Epoch 90: train_loss=0.44118842482566833

[CollapseMonitor] Epoch 90
  [DEBUG] Processed 4 batches from val_dataloader
  [DEBUG] Predictions shape after concat: (229,)
  [DEBUG] All predictions list length: 4
  [DEBUG] First batch shape: (64,)
  Pred std: 0.033580, range: 0.109186, mean: 0.059586
  Pos: 100.0%, Neg: 0.0%, Unique: 228
  Dir Acc: 51.53%, Pred Sharpe: 28.1679
  Composite: 0.3904 (dist_match: 0.5153, actual_pos: 51.5%, pred_pos: 100.0%)
  Collapse penalty: 0.000000 (threshold: 0.005000)
  Saved validation predictions to: experiments/06b_rolling/daily_h16_baseline/fold_2019/collapse_monitoring/val_predictions_epoch90.npy
  Gradient norms:
    lstm_encoder: 0.021486
    lstm_decoder: 0.009918
    output_layer: 0.111131
  VSN output std:
    encoder: 0.254641
  Attention entropy: 2.648743
  Saved to: experiments/06b_rolling/daily_h16_baseline/fold_2019/collapse_monitoring/collapse_monitor_latest.json
[DEBUG CollapseMonitor] on_validation_epoch_start called for epoch 91
[DEBUG CollapseMonitor] reset_temporal_state() called on loss function
Epoch 91: val_loss=0.41927433013916016
Epoch 91: train_loss=0.4399842321872711

[CollapseMonitor] Epoch 91
  [DEBUG] Processed 4 batches from val_dataloader
  [DEBUG] Predictions shape after concat: (229,)
  [DEBUG] All predictions list length: 4
  [DEBUG] First batch shape: (64,)
  Pred std: 0.036571, range: 0.116577, mean: 0.045548
  Pos: 98.7%, Neg: 1.3%, Unique: 228
  Dir Acc: 52.84%, Pred Sharpe: 19.7712
  Composite: 0.4038 (dist_match: 0.5284, actual_pos: 51.5%, pred_pos: 98.7%)
  Collapse penalty: 0.000000 (threshold: 0.005000)
  Saved validation predictions to: experiments/06b_rolling/daily_h16_baseline/fold_2019/collapse_monitoring/val_predictions_epoch91.npy
  Gradient norms:
    lstm_encoder: 0.019837
    lstm_decoder: 0.008530
    output_layer: 0.102009
  VSN output std:
    encoder: 0.254441
  Attention entropy: 2.642710
  Saved to: experiments/06b_rolling/daily_h16_baseline/fold_2019/collapse_monitoring/collapse_monitor_latest.json
[DEBUG CollapseMonitor] on_validation_epoch_start called for epoch 92
[DEBUG CollapseMonitor] reset_temporal_state() called on loss function
Epoch 92: val_loss=0.41845908761024475
Epoch 92: train_loss=0.44046035408973694

[CollapseMonitor] Epoch 92
  [DEBUG] Processed 4 batches from val_dataloader
  [DEBUG] Predictions shape after concat: (229,)
  [DEBUG] All predictions list length: 4
  [DEBUG] First batch shape: (64,)
  Pred std: 0.039880, range: 0.123801, mean: 0.050275
  Pos: 98.7%, Neg: 1.3%, Unique: 228
  Dir Acc: 52.84%, Pred Sharpe: 20.0123
  Composite: 0.4038 (dist_match: 0.5284, actual_pos: 51.5%, pred_pos: 98.7%)
  Collapse penalty: 0.000000 (threshold: 0.005000)
  Saved validation predictions to: experiments/06b_rolling/daily_h16_baseline/fold_2019/collapse_monitoring/val_predictions_epoch92.npy
  Gradient norms:
    lstm_encoder: 0.020156
    lstm_decoder: 0.008837
    output_layer: 0.090139
  VSN output std:
    encoder: 0.254746
  Attention entropy: 2.654410
  Saved to: experiments/06b_rolling/daily_h16_baseline/fold_2019/collapse_monitoring/collapse_monitor_latest.json
[DEBUG CollapseMonitor] on_validation_epoch_start called for epoch 93
[DEBUG CollapseMonitor] reset_temporal_state() called on loss function
Epoch 93: val_loss=0.41910943388938904
Epoch 93: train_loss=0.44083699584007263

[CollapseMonitor] Epoch 93
  [DEBUG] Processed 4 batches from val_dataloader
  [DEBUG] Predictions shape after concat: (229,)
  [DEBUG] All predictions list length: 4
  [DEBUG] First batch shape: (64,)
  Pred std: 0.035994, range: 0.115398, mean: 0.053536
  Pos: 100.0%, Neg: 0.0%, Unique: 229
  Dir Acc: 51.53%, Pred Sharpe: 23.6110
  Composite: 0.3904 (dist_match: 0.5153, actual_pos: 51.5%, pred_pos: 100.0%)
  Collapse penalty: 0.000000 (threshold: 0.005000)
  Saved validation predictions to: experiments/06b_rolling/daily_h16_baseline/fold_2019/collapse_monitoring/val_predictions_epoch93.npy
  Gradient norms:
    lstm_encoder: 0.019602
    lstm_decoder: 0.008616
    output_layer: 0.100477
  VSN output std:
    encoder: 0.254604
  Attention entropy: 2.656507
  Saved to: experiments/06b_rolling/daily_h16_baseline/fold_2019/collapse_monitoring/collapse_monitor_latest.json
[DEBUG CollapseMonitor] on_validation_epoch_start called for epoch 94
[DEBUG CollapseMonitor] reset_temporal_state() called on loss function
Epoch 94: val_loss=0.41875994205474854
Epoch 94: train_loss=0.4389215409755707

[CollapseMonitor] Epoch 94
  [DEBUG] Processed 4 batches from val_dataloader
  [DEBUG] Predictions shape after concat: (229,)
  [DEBUG] All predictions list length: 4
  [DEBUG] First batch shape: (64,)
  Pred std: 0.036095, range: 0.116390, mean: 0.043315
  Pos: 94.8%, Neg: 5.2%, Unique: 229
  Dir Acc: 54.15%, Pred Sharpe: 19.0497
  Composite: 0.4244 (dist_match: 0.5677, actual_pos: 51.5%, pred_pos: 94.8%)
  Collapse penalty: 0.000000 (threshold: 0.005000)
  Saved validation predictions to: experiments/06b_rolling/daily_h16_baseline/fold_2019/collapse_monitoring/val_predictions_epoch94.npy
  Gradient norms:
    lstm_encoder: 0.018062
    lstm_decoder: 0.008391
    output_layer: 0.102595
  VSN output std:
    encoder: 0.253964
  Attention entropy: 2.667224
  Saved to: experiments/06b_rolling/daily_h16_baseline/fold_2019/collapse_monitoring/collapse_monitor_latest.json
[DEBUG CollapseMonitor] on_validation_epoch_start called for epoch 95
[DEBUG CollapseMonitor] reset_temporal_state() called on loss function
Epoch 95: val_loss=0.41895124316215515
Epoch 95: train_loss=0.43882155418395996

[CollapseMonitor] Epoch 95
  [DEBUG] Processed 4 batches from val_dataloader
  [DEBUG] Predictions shape after concat: (229,)
  [DEBUG] All predictions list length: 4
  [DEBUG] First batch shape: (64,)
  Pred std: 0.034231, range: 0.112433, mean: 0.059994
  Pos: 100.0%, Neg: 0.0%, Unique: 229
  Dir Acc: 51.53%, Pred Sharpe: 27.8224
  Composite: 0.3904 (dist_match: 0.5153, actual_pos: 51.5%, pred_pos: 100.0%)
  Collapse penalty: 0.000000 (threshold: 0.005000)
  Saved validation predictions to: experiments/06b_rolling/daily_h16_baseline/fold_2019/collapse_monitoring/val_predictions_epoch95.npy
  Gradient norms:
    lstm_encoder: 0.019240
    lstm_decoder: 0.008685
    output_layer: 0.101795
  VSN output std:
    encoder: 0.254105
  Attention entropy: 2.640336
  Saved to: experiments/06b_rolling/daily_h16_baseline/fold_2019/collapse_monitoring/collapse_monitor_latest.json
[DEBUG CollapseMonitor] on_validation_epoch_start called for epoch 96
[DEBUG CollapseMonitor] reset_temporal_state() called on loss function
Epoch 96: val_loss=0.41901615262031555
Epoch 96: train_loss=0.4392082691192627

[CollapseMonitor] Epoch 96
  [DEBUG] Processed 4 batches from val_dataloader
  [DEBUG] Predictions shape after concat: (229,)
  [DEBUG] All predictions list length: 4
  [DEBUG] First batch shape: (64,)
  Pred std: 0.034778, range: 0.112369, mean: 0.047587
  Pos: 100.0%, Neg: 0.0%, Unique: 229
  Dir Acc: 51.53%, Pred Sharpe: 21.7209
  Composite: 0.3904 (dist_match: 0.5153, actual_pos: 51.5%, pred_pos: 100.0%)
  Collapse penalty: 0.000000 (threshold: 0.005000)
  Saved validation predictions to: experiments/06b_rolling/daily_h16_baseline/fold_2019/collapse_monitoring/val_predictions_epoch96.npy
  Gradient norms:
    lstm_encoder: 0.021923
    lstm_decoder: 0.010077
    output_layer: 0.110750
  VSN output std:
    encoder: 0.253879
  Attention entropy: 2.652142
  Saved to: experiments/06b_rolling/daily_h16_baseline/fold_2019/collapse_monitoring/collapse_monitor_latest.json
[DEBUG CollapseMonitor] on_validation_epoch_start called for epoch 97
[DEBUG CollapseMonitor] reset_temporal_state() called on loss function
Epoch 97: val_loss=0.41848406195640564
Epoch 97: train_loss=0.4376234710216522

[CollapseMonitor] Epoch 97
  [DEBUG] Processed 4 batches from val_dataloader
  [DEBUG] Predictions shape after concat: (229,)
  [DEBUG] All predictions list length: 4
  [DEBUG] First batch shape: (64,)
  Pred std: 0.035020, range: 0.112845, mean: 0.045247
  Pos: 100.0%, Neg: 0.0%, Unique: 229
  Dir Acc: 51.53%, Pred Sharpe: 20.5105
  Composite: 0.3904 (dist_match: 0.5153, actual_pos: 51.5%, pred_pos: 100.0%)
  Collapse penalty: 0.000000 (threshold: 0.005000)
  Saved validation predictions to: experiments/06b_rolling/daily_h16_baseline/fold_2019/collapse_monitoring/val_predictions_epoch97.npy
  Gradient norms:
    lstm_encoder: 0.020003
    lstm_decoder: 0.008762
    output_layer: 0.105290
  VSN output std:
    encoder: 0.253409
  Attention entropy: 2.650848
  Saved to: experiments/06b_rolling/daily_h16_baseline/fold_2019/collapse_monitoring/collapse_monitor_latest.json
[DEBUG CollapseMonitor] on_validation_epoch_start called for epoch 98
[DEBUG CollapseMonitor] reset_temporal_state() called on loss function
Epoch 98: val_loss=0.418497234582901
Epoch 98: train_loss=0.4393549859523773

[CollapseMonitor] Epoch 98
  [DEBUG] Processed 4 batches from val_dataloader
  [DEBUG] Predictions shape after concat: (229,)
  [DEBUG] All predictions list length: 4
  [DEBUG] First batch shape: (64,)
  Pred std: 0.036142, range: 0.116376, mean: 0.047887
  Pos: 100.0%, Neg: 0.0%, Unique: 229
  Dir Acc: 51.53%, Pred Sharpe: 21.0332
  Composite: 0.3904 (dist_match: 0.5153, actual_pos: 51.5%, pred_pos: 100.0%)
  Collapse penalty: 0.000000 (threshold: 0.005000)
  Saved validation predictions to: experiments/06b_rolling/daily_h16_baseline/fold_2019/collapse_monitoring/val_predictions_epoch98.npy
  Gradient norms:
    lstm_encoder: 0.020037
    lstm_decoder: 0.008703
    output_layer: 0.101224
  VSN output std:
    encoder: 0.253394
  Attention entropy: 2.662177
  Saved to: experiments/06b_rolling/daily_h16_baseline/fold_2019/collapse_monitoring/collapse_monitor_latest.json
[DEBUG CollapseMonitor] on_validation_epoch_start called for epoch 99
[DEBUG CollapseMonitor] reset_temporal_state() called on loss function
Epoch 99: val_loss=0.41842740774154663
Epoch 99: train_loss=0.4403703510761261

[CollapseMonitor] Epoch 99
  [DEBUG] Processed 4 batches from val_dataloader
  [DEBUG] Predictions shape after concat: (229,)
  [DEBUG] All predictions list length: 4
  [DEBUG] First batch shape: (64,)
  Pred std: 0.035045, range: 0.112584, mean: 0.048206
  Pos: 100.0%, Neg: 0.0%, Unique: 229
  Dir Acc: 51.53%, Pred Sharpe: 21.8359
  Composite: 0.3904 (dist_match: 0.5153, actual_pos: 51.5%, pred_pos: 100.0%)
  Collapse penalty: 0.000000 (threshold: 0.005000)
  Saved validation predictions to: experiments/06b_rolling/daily_h16_baseline/fold_2019/collapse_monitoring/val_predictions_epoch99.npy
  Gradient norms:
    lstm_encoder: 0.021565
    lstm_decoder: 0.009936
    output_layer: 0.110377
  VSN output std:
    encoder: 0.253509
  Attention entropy: 2.652602
  Saved to: experiments/06b_rolling/daily_h16_baseline/fold_2019/collapse_monitoring/collapse_monitor_latest.json


======================================================================
Training complete
======================================================================

Best val_loss checkpoint: experiments/06b_rolling/daily_h16_baseline/fold_2019/checkpoints/tft-epoch=epoch=99-valloss=val_loss=0.4184.ckpt
Best validation loss: 0.418427
Checkpoints saved:
  - Best val_loss: experiments/06b_rolling/daily_h16_baseline/fold_2019/checkpoints/tft-epoch=epoch=99-valloss=val_loss=0.4184.ckpt
  - Best pred_std: experiments/06b_rolling/daily_h16_baseline/fold_2019/checkpoints/tft-epoch=epoch=53-predstd=val_pred_std=0.0489.ckpt
  - Best unique: experiments/06b_rolling/daily_h16_baseline/fold_2019/checkpoints/tft-epoch=epoch=02-unique=val_num_unique=229.ckpt
  - Best dir_acc: experiments/06b_rolling/daily_h16_baseline/fold_2019/checkpoints/tft-epoch=epoch=80-diracc=val_dir_acc=0.5502.ckpt
  - Best sharpe: experiments/06b_rolling/daily_h16_baseline/fold_2019/checkpoints/tft-epoch=epoch=01-sharpe=val_sharpe=149.0176.ckpt
  - Best composite: experiments/06b_rolling/daily_h16_baseline/fold_2019/checkpoints/tft-epoch=epoch=07-composite=val_composite=0.5022.ckpt
Completed at: 2025-11-29 22:29:50
Log saved to: experiments/06b_rolling/daily_h16_baseline/fold_2019/training_20251129_221927.log
======================================================================
