{
  "evaluation_timestamp": "2025-10-30T03:12:36.421040",
  "statistical_metrics": {
    "mse": 1.1721553802490234,
    "rmse": 1.0826612710952759,
    "mae": 0.772081732749939,
    "mape": 153.38127613067627,
    "r2": 0.00391465425491333,
    "mean_error": 0.017170768231153488,
    "std_error": 1.0825250148773193
  },
  "financial_metrics": {
    "directional_accuracy": 0.5296875,
    "sharpe_ratio": 0.8048062877928472,
    "max_drawdown": -0.1753367781639099,
    "total_return": 0.714472770690918,
    "hit_rate": 0.4046875,
    "num_trades": 951,
    "precision": 0.544689800210305,
    "recall": 0.7540029112081513,
    "f1_score": 0.6324786324786325,
    "confusion_matrix": [
      [
        160,
        433
      ],
      [
        169,
        518
      ]
    ],
    "auc_roc": 0.5231853428278975,
    "alpha": -0.20713531970977783
  },
  "residual_diagnostics": {
    "normality_p_value": 4.0494098522171706e-38,
    "acf_lag1": -0.02639574592037174,
    "skewness": -0.00011693816143160034,
    "kurtosis": 6.131207893971839
  },
  "mode_stats": {
    "healthy_days": 789,
    "degraded_days": 187,
    "unidirectional_days": 276,
    "weak_collapse_days": 28,
    "strong_collapse_days": 0,
    "total_days": 1280,
    "healthy_pct": 61.64062500000001,
    "degraded_pct": 14.609375,
    "unidirectional_pct": 21.5625,
    "weak_collapse_pct": 2.1875,
    "strong_collapse_pct": 0.0
  },
  "collapse_detected": true,
  "degradation_detected": true,
  "checkpoint_used": "experiments/00_baseline_exploration/sweep2_h16_drop_0.05/checkpoints/tft-epoch=47-val_loss=0.4025.ckpt"
}