{
  "evaluation_timestamp": "2025-10-27T12:01:55.740573",
  "statistical_metrics": {
    "mse": 1.190743088722229,
    "rmse": 1.0912117958068848,
    "mae": 0.778039276599884,
    "mape": 143.34388971328735,
    "r2": -0.011880993843078613,
    "mean_error": 0.10931289196014404,
    "std_error": 1.0857226848602295
  },
  "financial_metrics": {
    "directional_accuracy": 0.5109375,
    "sharpe_ratio": 0.6879127808166198,
    "max_drawdown": -0.17846821248531342,
    "total_return": 0.3431161642074585,
    "hit_rate": 0.18671875,
    "num_trades": 417,
    "precision": 0.5731414868105515,
    "recall": 0.34788937409024745,
    "f1_score": 0.43297101449275366,
    "confusion_matrix": [
      [
        415,
        178
      ],
      [
        448,
        239
      ]
    ],
    "auc_roc": 0.5449236728351877,
    "alpha": -0.5784919261932373
  },
  "residual_diagnostics": {
    "normality_p_value": 1.255250996008577e-39,
    "acf_lag1": -0.034780490135687334,
    "skewness": 0.12185361695428092,
    "kurtosis": 6.323203213819864
  },
  "mode_stats": {
    "healthy_days": 235,
    "degraded_days": 172,
    "unidirectional_days": 670,
    "weak_collapse_days": 83,
    "strong_collapse_days": 120,
    "total_days": 1280,
    "healthy_pct": 18.359375,
    "degraded_pct": 13.4375,
    "unidirectional_pct": 52.34375,
    "weak_collapse_pct": 6.484375000000001,
    "strong_collapse_pct": 9.375
  },
  "collapse_detected": true,
  "degradation_detected": true,
  "checkpoint_used": "experiments/00_baseline_exploration/sweep2_h16_drop_0.05/checkpoints/tft-epoch=01-val_loss=0.1388.ckpt"
}