
[INFO] Using AUTO device selection.

[INFO] Patched matplotlib.Axes.errorbar to abs() negative yerr for robustness.
======================================================================
Training TFT: 12c_h1_rolling/market_only_daily_h1_d010/fold_2018
======================================================================
Logging to: experiments/12c_h1_rolling/market_only_daily_h1_d010/fold_2018/training_20251214_034333.log
Started at: 2025-12-14 03:43:33
======================================================================

Loading data splits...
Train: 2468 samples
Val: 220 samples
Test: 219 samples

Preparing TimeSeriesDataSet...

Final features for TFT: ['SP500_Returns', 'VIX', 'Treasury_10Y', 'Yield_Spread', 'SP500_Volatility', 'cumret_5', 'cumret_10', 'cumret_20', 'cumret_30']

======================================================================
FEATURE STATISTICS - BEFORE NORMALIZATION
======================================================================
VIX                             mean= 20.8018  std=  9.6956  min=  9.8900  max= 80.8600
Treasury_10Y                    mean=  2.8276  std=  0.9276  min=  1.3700  max=  5.2600
Yield_Spread                    mean=  1.7237  std=  0.7226  min= -0.1500  max=  2.9100
SP500_Volatility                mean=  1.0947  std=  0.7246  min=  0.2882  max=  5.0287

======================================================================
TARGET CONFIGURATION
======================================================================
Target variable: SP500_Returns
  Mode: Point return prediction (single-step)
  Target stats: mean=0.0211, std=1.3058
  Dropping unused cumret columns: ['cumret_5', 'cumret_10', 'cumret_20', 'cumret_30']
======================================================================

======================================================================
FEATURES AFTER GROUPNORMALIZER (first batch, last timestep)
======================================================================
VIX                             normalized_value=  1.0000
Treasury_10Y                    normalized_value= -0.0500
Yield_Spread                    normalized_value= -0.5830
SP500_Volatility                normalized_value= -0.5258
======================================================================

Configuration saved to: experiments/12c_h1_rolling/market_only_daily_h1_d010/fold_2018/config.json
[DEBUG] VIX train values: [12.04 11.51 12.14 12.   11.91]
[DEBUG] VIX val values: [12.85 11.85 11.67 11.32 11.56]
Batches per epoch: 38
[DEBUG] Validation batches: 4
[DEBUG] Validation dataset size: 200
[DEBUG] Batch size: 64

Initializing model...

Quantile configuration: 7q
  Quantiles: [0.02, 0.1, 0.25, 0.5, 0.75, 0.9, 0.98]
  Output size: 7
  Median index: 3

Using standard QuantileLoss (no penalties)

[REGIME OUTPUT] Disabled (using baseline output layer)

[STALENESS ATTENTION] Disabled

================================================================================
BASELINE MODEL FEATURE CONFIGURATION (after from_dataset)
================================================================================
tft.hparams.time_varying_reals_encoder: ['relative_time_idx', 'VIX', 'Treasury_10Y', 'Yield_Spread', 'SP500_Volatility']
  Count: 5

tft.hparams.time_varying_reals_decoder: ['relative_time_idx']
  Count: 1

tft.hparams.x_reals (all reals passed to model): ['encoder_length', 'relative_time_idx', 'VIX', 'Treasury_10Y', 'Yield_Spread', 'SP500_Volatility']
  Count: 6

Encoder VSN configuration:
  num_inputs: 5
  input_sizes: {'relative_time_idx': 16, 'VIX': 16, 'Treasury_10Y': 16, 'Yield_Spread': 16, 'SP500_Volatility': 16}
  flattened_grn.fc1: in_features=80, out_features=5
  -> Params in fc1: 400 (should be 5*16*5=400 if 5 features)
================================================================================

Model parameters: 22,615

Starting training...
Checkpoints will be saved to: experiments/12c_h1_rolling/market_only_daily_h1_d010/fold_2018/checkpoints/
Logs will be saved to: experiments/12c_h1_rolling/market_only_daily_h1_d010/fold_2018/logs/

[DEBUG CollapseMonitor] on_validation_epoch_start called for epoch 0
[DEBUG CollapseMonitor] reset_temporal_state() called on loss function
Epoch 0: val_loss=N/A
[DEBUG CollapseMonitor] on_validation_epoch_start called for epoch 0
[DEBUG CollapseMonitor] reset_temporal_state() called on loss function
Epoch 0: val_loss=0.4157494306564331
Epoch 0: train_loss=0.8055619597434998

[CollapseMonitor] Epoch 0
  [DEBUG] Processed 4 batches from val_dataloader
  [DEBUG] Predictions shape after concat: (200,)
  Pred std: 0.009122, range: 0.033198, mean: 0.096189
  Pos: 100.0%, Neg: 0.0%, Unique: 199
  Dir Acc: 59.50%, Pred Sharpe: 167.3893
  Composite: 0.4745 (dist_match: 0.5950, actual_pos: 59.5%, pred_pos: 100.0%)
  Collapse penalty: 0.000000 (threshold: 0.005000)
  Saved validation predictions to: experiments/12c_h1_rolling/market_only_daily_h1_d010/fold_2018/collapse_monitoring/val_predictions_epoch0.npy
  Gradient norms:
    lstm_encoder: 0.011539
    lstm_decoder: 0.017604
    output_layer: 0.775982
  VSN output std:
    encoder: 0.192645
  Attention entropy: 2.994109
  Saved to: experiments/12c_h1_rolling/market_only_daily_h1_d010/fold_2018/collapse_monitoring/collapse_monitor_latest.json
[DEBUG CollapseMonitor] on_validation_epoch_start called for epoch 1
[DEBUG CollapseMonitor] reset_temporal_state() called on loss function
Epoch 1: val_loss=0.33854660391807556
Epoch 1: train_loss=0.7616152763366699

[CollapseMonitor] Epoch 1
  [DEBUG] Processed 4 batches from val_dataloader
  [DEBUG] Predictions shape after concat: (200,)
  Pred std: 0.013355, range: 0.044552, mean: 0.082206
  Pos: 100.0%, Neg: 0.0%, Unique: 198
  Dir Acc: 59.50%, Pred Sharpe: 97.7166
  Composite: 0.4745 (dist_match: 0.5950, actual_pos: 59.5%, pred_pos: 100.0%)
  Collapse penalty: 0.000000 (threshold: 0.005000)
  Saved validation predictions to: experiments/12c_h1_rolling/market_only_daily_h1_d010/fold_2018/collapse_monitoring/val_predictions_epoch1.npy
  Gradient norms:
    lstm_encoder: 0.010442
    lstm_decoder: 0.016086
    output_layer: 0.733464
  VSN output std:
    encoder: 0.195302
  Attention entropy: 2.994752
  Saved to: experiments/12c_h1_rolling/market_only_daily_h1_d010/fold_2018/collapse_monitoring/collapse_monitor_latest.json
[DEBUG CollapseMonitor] on_validation_epoch_start called for epoch 2
[DEBUG CollapseMonitor] reset_temporal_state() called on loss function
Epoch 2: val_loss=0.26748359203338623
Epoch 2: train_loss=0.7038393020629883

[CollapseMonitor] Epoch 2
  [DEBUG] Processed 4 batches from val_dataloader
  [DEBUG] Predictions shape after concat: (200,)
  Pred std: 0.013289, range: 0.043750, mean: 0.074035
  Pos: 100.0%, Neg: 0.0%, Unique: 198
  Dir Acc: 59.50%, Pred Sharpe: 88.4420
  Composite: 0.4745 (dist_match: 0.5950, actual_pos: 59.5%, pred_pos: 100.0%)
  Collapse penalty: 0.000000 (threshold: 0.005000)
  Saved validation predictions to: experiments/12c_h1_rolling/market_only_daily_h1_d010/fold_2018/collapse_monitoring/val_predictions_epoch2.npy
  Gradient norms:
    lstm_encoder: 0.008403
    lstm_decoder: 0.013124
    output_layer: 0.646523
  VSN output std:
    encoder: 0.200385
  Attention entropy: 2.995264
  Saved to: experiments/12c_h1_rolling/market_only_daily_h1_d010/fold_2018/collapse_monitoring/collapse_monitor_latest.json
[DEBUG CollapseMonitor] on_validation_epoch_start called for epoch 3
[DEBUG CollapseMonitor] reset_temporal_state() called on loss function
Epoch 3: val_loss=0.21328523755073547
Epoch 3: train_loss=0.6541540622711182

[CollapseMonitor] Epoch 3
  [DEBUG] Processed 4 batches from val_dataloader
  [DEBUG] Predictions shape after concat: (200,)
  Pred std: 0.010630, range: 0.035205, mean: 0.018277
  Pos: 100.0%, Neg: 0.0%, Unique: 197
  Dir Acc: 59.50%, Pred Sharpe: 27.2940
  Composite: 0.4745 (dist_match: 0.5950, actual_pos: 59.5%, pred_pos: 100.0%)
  Collapse penalty: 0.000000 (threshold: 0.005000)
  Saved validation predictions to: experiments/12c_h1_rolling/market_only_daily_h1_d010/fold_2018/collapse_monitoring/val_predictions_epoch3.npy
  Gradient norms:
    lstm_encoder: 0.007078
    lstm_decoder: 0.010025
    output_layer: 0.538756
  VSN output std:
    encoder: 0.209965
  Attention entropy: 2.995579
  Saved to: experiments/12c_h1_rolling/market_only_daily_h1_d010/fold_2018/collapse_monitoring/collapse_monitor_latest.json
[DEBUG CollapseMonitor] on_validation_epoch_start called for epoch 4
[DEBUG CollapseMonitor] reset_temporal_state() called on loss function
Epoch 4: val_loss=0.19711099565029144
Epoch 4: train_loss=0.6082245707511902

[CollapseMonitor] Epoch 4
  [DEBUG] Processed 4 batches from val_dataloader
  [DEBUG] Predictions shape after concat: (200,)
  Pred std: 0.008739, range: 0.029618, mean: 0.014381
  Pos: 100.0%, Neg: 0.0%, Unique: 198
  Dir Acc: 59.50%, Pred Sharpe: 26.1245
  Composite: 0.4745 (dist_match: 0.5950, actual_pos: 59.5%, pred_pos: 100.0%)
  Collapse penalty: 0.000000 (threshold: 0.005000)
  Saved validation predictions to: experiments/12c_h1_rolling/market_only_daily_h1_d010/fold_2018/collapse_monitoring/val_predictions_epoch4.npy
  Gradient norms:
    lstm_encoder: 0.006249
    lstm_decoder: 0.007525
    output_layer: 0.411463
  VSN output std:
    encoder: 0.217188
  Attention entropy: 2.995655
  Saved to: experiments/12c_h1_rolling/market_only_daily_h1_d010/fold_2018/collapse_monitoring/collapse_monitor_latest.json
[DEBUG CollapseMonitor] on_validation_epoch_start called for epoch 5
[DEBUG CollapseMonitor] reset_temporal_state() called on loss function
Epoch 5: val_loss=0.20102010667324066
Epoch 5: train_loss=0.5774257183074951

[CollapseMonitor] Epoch 5
  [DEBUG] Processed 4 batches from val_dataloader
  [DEBUG] Predictions shape after concat: (200,)
  Pred std: 0.007799, range: 0.026788, mean: 0.033452
  Pos: 100.0%, Neg: 0.0%, Unique: 199
  Dir Acc: 59.50%, Pred Sharpe: 68.0897
  Composite: 0.4745 (dist_match: 0.5950, actual_pos: 59.5%, pred_pos: 100.0%)
  Collapse penalty: 0.000000 (threshold: 0.005000)
  Saved validation predictions to: experiments/12c_h1_rolling/market_only_daily_h1_d010/fold_2018/collapse_monitoring/val_predictions_epoch5.npy
  Gradient norms:
    lstm_encoder: 0.004659
    lstm_decoder: 0.004841
    output_layer: 0.290650
  VSN output std:
    encoder: 0.221689
  Attention entropy: 2.995663
  Saved to: experiments/12c_h1_rolling/market_only_daily_h1_d010/fold_2018/collapse_monitoring/collapse_monitor_latest.json
[DEBUG CollapseMonitor] on_validation_epoch_start called for epoch 6
[DEBUG CollapseMonitor] reset_temporal_state() called on loss function
Epoch 6: val_loss=0.21365323662757874
Epoch 6: train_loss=0.5534946322441101

[CollapseMonitor] Epoch 6
  [DEBUG] Processed 4 batches from val_dataloader
  [DEBUG] Predictions shape after concat: (200,)
  Pred std: 0.007232, range: 0.025155, mean: -0.000595
  Pos: 36.0%, Neg: 64.0%, Unique: 199
  Dir Acc: 43.50%, Pred Sharpe: -1.3066
  Composite: 0.3839 (dist_match: 0.7650, actual_pos: 59.5%, pred_pos: 36.0%)
  Collapse penalty: 0.000000 (threshold: 0.005000)
  Saved validation predictions to: experiments/12c_h1_rolling/market_only_daily_h1_d010/fold_2018/collapse_monitoring/val_predictions_epoch6.npy
  Gradient norms:
    lstm_encoder: 0.004119
    lstm_decoder: 0.004006
    output_layer: 0.216320
  VSN output std:
    encoder: 0.222450
  Attention entropy: 2.995670
  Saved to: experiments/12c_h1_rolling/market_only_daily_h1_d010/fold_2018/collapse_monitoring/collapse_monitor_latest.json
[DEBUG CollapseMonitor] on_validation_epoch_start called for epoch 7
[DEBUG CollapseMonitor] reset_temporal_state() called on loss function
Epoch 7: val_loss=0.22323185205459595
Epoch 7: train_loss=0.5410910248756409

[CollapseMonitor] Epoch 7
  [DEBUG] Processed 4 batches from val_dataloader
  [DEBUG] Predictions shape after concat: (200,)
  Pred std: 0.007063, range: 0.025147, mean: 0.042721
  Pos: 100.0%, Neg: 0.0%, Unique: 200
  Dir Acc: 59.50%, Pred Sharpe: 96.0232
  Composite: 0.4745 (dist_match: 0.5950, actual_pos: 59.5%, pred_pos: 100.0%)
  Collapse penalty: 0.000000 (threshold: 0.005000)
  Saved validation predictions to: experiments/12c_h1_rolling/market_only_daily_h1_d010/fold_2018/collapse_monitoring/val_predictions_epoch7.npy
  Gradient norms:
    lstm_encoder: 0.003837
    lstm_decoder: 0.003863
    output_layer: 0.178548
  VSN output std:
    encoder: 0.215720
  Attention entropy: 2.995673
  Saved to: experiments/12c_h1_rolling/market_only_daily_h1_d010/fold_2018/collapse_monitoring/collapse_monitor_latest.json
[DEBUG CollapseMonitor] on_validation_epoch_start called for epoch 8
[DEBUG CollapseMonitor] reset_temporal_state() called on loss function
Epoch 8: val_loss=0.23049280047416687
Epoch 8: train_loss=0.532048225402832

[CollapseMonitor] Epoch 8
  [DEBUG] Processed 4 batches from val_dataloader
  [DEBUG] Predictions shape after concat: (200,)
  Pred std: 0.006494, range: 0.023631, mean: 0.018418
  Pos: 100.0%, Neg: 0.0%, Unique: 200
  Dir Acc: 59.50%, Pred Sharpe: 45.0216
  Composite: 0.4745 (dist_match: 0.5950, actual_pos: 59.5%, pred_pos: 100.0%)
  Collapse penalty: 0.000000 (threshold: 0.005000)
  Saved validation predictions to: experiments/12c_h1_rolling/market_only_daily_h1_d010/fold_2018/collapse_monitoring/val_predictions_epoch8.npy
  Gradient norms:
    lstm_encoder: 0.003387
    lstm_decoder: 0.003170
    output_layer: 0.138807
  VSN output std:
    encoder: 0.212661
  Attention entropy: 2.995685
  Saved to: experiments/12c_h1_rolling/market_only_daily_h1_d010/fold_2018/collapse_monitoring/collapse_monitor_latest.json
[DEBUG CollapseMonitor] on_validation_epoch_start called for epoch 9
[DEBUG CollapseMonitor] reset_temporal_state() called on loss function
Epoch 9: val_loss=0.232887402176857
Epoch 9: train_loss=0.5251529812812805

[CollapseMonitor] Epoch 9
  [DEBUG] Processed 4 batches from val_dataloader
  [DEBUG] Predictions shape after concat: (200,)
  Pred std: 0.006350, range: 0.023622, mean: 0.046743
  Pos: 100.0%, Neg: 0.0%, Unique: 197
  Dir Acc: 59.50%, Pred Sharpe: 116.8499
  Composite: 0.4745 (dist_match: 0.5950, actual_pos: 59.5%, pred_pos: 100.0%)
  Collapse penalty: 0.000000 (threshold: 0.005000)
  Saved validation predictions to: experiments/12c_h1_rolling/market_only_daily_h1_d010/fold_2018/collapse_monitoring/val_predictions_epoch9.npy
  Gradient norms:
    lstm_encoder: 0.003513
    lstm_decoder: 0.003357
    output_layer: 0.135016
  VSN output std:
    encoder: 0.207514
  Attention entropy: 2.995694
  Saved to: experiments/12c_h1_rolling/market_only_daily_h1_d010/fold_2018/collapse_monitoring/collapse_monitor_latest.json
[DEBUG CollapseMonitor] on_validation_epoch_start called for epoch 10
[DEBUG CollapseMonitor] reset_temporal_state() called on loss function
Epoch 10: val_loss=0.23272846639156342
Epoch 10: train_loss=0.5254913568496704

[CollapseMonitor] Epoch 10
  [DEBUG] Processed 4 batches from val_dataloader
  [DEBUG] Predictions shape after concat: (200,)
  Pred std: 0.006407, range: 0.024121, mean: 0.039689
  Pos: 100.0%, Neg: 0.0%, Unique: 198
  Dir Acc: 59.50%, Pred Sharpe: 98.3356
  Composite: 0.4745 (dist_match: 0.5950, actual_pos: 59.5%, pred_pos: 100.0%)
  Collapse penalty: 0.000000 (threshold: 0.005000)
  Saved validation predictions to: experiments/12c_h1_rolling/market_only_daily_h1_d010/fold_2018/collapse_monitoring/val_predictions_epoch10.npy
  Gradient norms:
    lstm_encoder: 0.003264
    lstm_decoder: 0.002981
    output_layer: 0.119255
  VSN output std:
    encoder: 0.203421
  Attention entropy: 2.995697
  Saved to: experiments/12c_h1_rolling/market_only_daily_h1_d010/fold_2018/collapse_monitoring/collapse_monitor_latest.json
[DEBUG CollapseMonitor] on_validation_epoch_start called for epoch 11
[DEBUG CollapseMonitor] reset_temporal_state() called on loss function
Epoch 11: val_loss=0.23267598450183868
Epoch 11: train_loss=0.5256462097167969

[CollapseMonitor] Epoch 11
  [DEBUG] Processed 4 batches from val_dataloader
  [DEBUG] Predictions shape after concat: (200,)
  Pred std: 0.006504, range: 0.024698, mean: 0.052729
  Pos: 100.0%, Neg: 0.0%, Unique: 200
  Dir Acc: 59.50%, Pred Sharpe: 128.6976
  Composite: 0.4745 (dist_match: 0.5950, actual_pos: 59.5%, pred_pos: 100.0%)
  Collapse penalty: 0.000000 (threshold: 0.005000)
  Saved validation predictions to: experiments/12c_h1_rolling/market_only_daily_h1_d010/fold_2018/collapse_monitoring/val_predictions_epoch11.npy
  Gradient norms:
    lstm_encoder: 0.003076
    lstm_decoder: 0.002860
    output_layer: 0.106064
  VSN output std:
    encoder: 0.203190
  Attention entropy: 2.995702
  Saved to: experiments/12c_h1_rolling/market_only_daily_h1_d010/fold_2018/collapse_monitoring/collapse_monitor_latest.json
[DEBUG CollapseMonitor] on_validation_epoch_start called for epoch 12
[DEBUG CollapseMonitor] reset_temporal_state() called on loss function
Epoch 12: val_loss=0.2346881926059723
Epoch 12: train_loss=0.5255439281463623

[CollapseMonitor] Epoch 12
  [DEBUG] Processed 4 batches from val_dataloader
  [DEBUG] Predictions shape after concat: (200,)
  Pred std: 0.006054, range: 0.023208, mean: 0.036171
  Pos: 100.0%, Neg: 0.0%, Unique: 198
  Dir Acc: 59.50%, Pred Sharpe: 94.8511
  Composite: 0.4745 (dist_match: 0.5950, actual_pos: 59.5%, pred_pos: 100.0%)
  Collapse penalty: 0.000000 (threshold: 0.005000)
  Saved validation predictions to: experiments/12c_h1_rolling/market_only_daily_h1_d010/fold_2018/collapse_monitoring/val_predictions_epoch12.npy
  Gradient norms:
    lstm_encoder: 0.003136
    lstm_decoder: 0.002826
    output_layer: 0.112498
  VSN output std:
    encoder: 0.204621
  Attention entropy: 2.995709
  Saved to: experiments/12c_h1_rolling/market_only_daily_h1_d010/fold_2018/collapse_monitoring/collapse_monitor_latest.json
[DEBUG CollapseMonitor] on_validation_epoch_start called for epoch 13
[DEBUG CollapseMonitor] reset_temporal_state() called on loss function
Epoch 13: val_loss=0.233719602227211
Epoch 13: train_loss=0.5227696299552917

[CollapseMonitor] Epoch 13
  [DEBUG] Processed 4 batches from val_dataloader
  [DEBUG] Predictions shape after concat: (200,)
  Pred std: 0.005981, range: 0.023109, mean: 0.046884
  Pos: 100.0%, Neg: 0.0%, Unique: 199
  Dir Acc: 59.50%, Pred Sharpe: 124.4440
  Composite: 0.4745 (dist_match: 0.5950, actual_pos: 59.5%, pred_pos: 100.0%)
  Collapse penalty: 0.000000 (threshold: 0.005000)
  Saved validation predictions to: experiments/12c_h1_rolling/market_only_daily_h1_d010/fold_2018/collapse_monitoring/val_predictions_epoch13.npy
  Gradient norms:
    lstm_encoder: 0.003304
    lstm_decoder: 0.002970
    output_layer: 0.108683
  VSN output std:
    encoder: 0.205927
  Attention entropy: 2.995709
  Saved to: experiments/12c_h1_rolling/market_only_daily_h1_d010/fold_2018/collapse_monitoring/collapse_monitor_latest.json
[DEBUG CollapseMonitor] on_validation_epoch_start called for epoch 14
[DEBUG CollapseMonitor] reset_temporal_state() called on loss function
Epoch 14: val_loss=0.23340225219726562
Epoch 14: train_loss=0.5203434824943542

[CollapseMonitor] Epoch 14
  [DEBUG] Processed 4 batches from val_dataloader
  [DEBUG] Predictions shape after concat: (200,)
  Pred std: 0.006001, range: 0.023505, mean: 0.058209
  Pos: 100.0%, Neg: 0.0%, Unique: 200
  Dir Acc: 59.50%, Pred Sharpe: 153.9785
  Composite: 0.4745 (dist_match: 0.5950, actual_pos: 59.5%, pred_pos: 100.0%)
  Collapse penalty: 0.000000 (threshold: 0.005000)
  Saved validation predictions to: experiments/12c_h1_rolling/market_only_daily_h1_d010/fold_2018/collapse_monitoring/val_predictions_epoch14.npy
  Gradient norms:
    lstm_encoder: 0.003327
    lstm_decoder: 0.003004
    output_layer: 0.111322
  VSN output std:
    encoder: 0.201198
  Attention entropy: 2.995706
  Saved to: experiments/12c_h1_rolling/market_only_daily_h1_d010/fold_2018/collapse_monitoring/collapse_monitor_latest.json
[DEBUG CollapseMonitor] on_validation_epoch_start called for epoch 15
[DEBUG CollapseMonitor] reset_temporal_state() called on loss function
Epoch 15: val_loss=0.23392534255981445
Epoch 15: train_loss=0.5212039351463318

[CollapseMonitor] Epoch 15
  [DEBUG] Processed 4 batches from val_dataloader
  [DEBUG] Predictions shape after concat: (200,)
  Pred std: 0.005934, range: 0.023448, mean: 0.036775
  Pos: 100.0%, Neg: 0.0%, Unique: 196
  Dir Acc: 59.50%, Pred Sharpe: 98.3825
  Composite: 0.4745 (dist_match: 0.5950, actual_pos: 59.5%, pred_pos: 100.0%)
  Collapse penalty: 0.000000 (threshold: 0.005000)
  Saved validation predictions to: experiments/12c_h1_rolling/market_only_daily_h1_d010/fold_2018/collapse_monitoring/val_predictions_epoch15.npy
  Gradient norms:
    lstm_encoder: 0.003421
    lstm_decoder: 0.002930
    output_layer: 0.103870
  VSN output std:
    encoder: 0.197997
  Attention entropy: 2.995710
  Saved to: experiments/12c_h1_rolling/market_only_daily_h1_d010/fold_2018/collapse_monitoring/collapse_monitor_latest.json
[DEBUG CollapseMonitor] on_validation_epoch_start called for epoch 16
[DEBUG CollapseMonitor] reset_temporal_state() called on loss function
Epoch 16: val_loss=0.235974982380867
Epoch 16: train_loss=0.5187881588935852

[CollapseMonitor] Epoch 16
  [DEBUG] Processed 4 batches from val_dataloader
  [DEBUG] Predictions shape after concat: (200,)
  Pred std: 0.005698, range: 0.022677, mean: 0.037764
  Pos: 100.0%, Neg: 0.0%, Unique: 198
  Dir Acc: 59.50%, Pred Sharpe: 105.2060
  Composite: 0.4745 (dist_match: 0.5950, actual_pos: 59.5%, pred_pos: 100.0%)
  Collapse penalty: 0.000000 (threshold: 0.005000)
  Saved validation predictions to: experiments/12c_h1_rolling/market_only_daily_h1_d010/fold_2018/collapse_monitoring/val_predictions_epoch16.npy
  Gradient norms:
    lstm_encoder: 0.003671
    lstm_decoder: 0.003138
    output_layer: 0.106367
  VSN output std:
    encoder: 0.197940
  Attention entropy: 2.995718
  Saved to: experiments/12c_h1_rolling/market_only_daily_h1_d010/fold_2018/collapse_monitoring/collapse_monitor_latest.json
[DEBUG CollapseMonitor] on_validation_epoch_start called for epoch 17
[DEBUG CollapseMonitor] reset_temporal_state() called on loss function
Epoch 17: val_loss=0.23479783535003662
Epoch 17: train_loss=0.5202351212501526

[CollapseMonitor] Epoch 17
  [DEBUG] Processed 4 batches from val_dataloader
  [DEBUG] Predictions shape after concat: (200,)
  Pred std: 0.005783, range: 0.023155, mean: 0.061804
  Pos: 100.0%, Neg: 0.0%, Unique: 200
  Dir Acc: 59.50%, Pred Sharpe: 169.6507
  Composite: 0.4745 (dist_match: 0.5950, actual_pos: 59.5%, pred_pos: 100.0%)
  Collapse penalty: 0.000000 (threshold: 0.005000)
  Saved validation predictions to: experiments/12c_h1_rolling/market_only_daily_h1_d010/fold_2018/collapse_monitoring/val_predictions_epoch17.npy
  Gradient norms:
    lstm_encoder: 0.003934
    lstm_decoder: 0.003586
    output_layer: 0.128986
  VSN output std:
    encoder: 0.195190
  Attention entropy: 2.995719
  Saved to: experiments/12c_h1_rolling/market_only_daily_h1_d010/fold_2018/collapse_monitoring/collapse_monitor_latest.json
[DEBUG CollapseMonitor] on_validation_epoch_start called for epoch 18
[DEBUG CollapseMonitor] reset_temporal_state() called on loss function
Epoch 18: val_loss=0.23390769958496094
Epoch 18: train_loss=0.5166691541671753

[CollapseMonitor] Epoch 18
  [DEBUG] Processed 4 batches from val_dataloader
  [DEBUG] Predictions shape after concat: (200,)
  Pred std: 0.005828, range: 0.023402, mean: 0.041228
  Pos: 100.0%, Neg: 0.0%, Unique: 200
  Dir Acc: 59.50%, Pred Sharpe: 112.2963
  Composite: 0.4745 (dist_match: 0.5950, actual_pos: 59.5%, pred_pos: 100.0%)
  Collapse penalty: 0.000000 (threshold: 0.005000)
  Saved validation predictions to: experiments/12c_h1_rolling/market_only_daily_h1_d010/fold_2018/collapse_monitoring/val_predictions_epoch18.npy
  Gradient norms:
    lstm_encoder: 0.003786
    lstm_decoder: 0.003156
    output_layer: 0.108741
  VSN output std:
    encoder: 0.193525
  Attention entropy: 2.995720
  Saved to: experiments/12c_h1_rolling/market_only_daily_h1_d010/fold_2018/collapse_monitoring/collapse_monitor_latest.json
[DEBUG CollapseMonitor] on_validation_epoch_start called for epoch 19
[DEBUG CollapseMonitor] reset_temporal_state() called on loss function
Epoch 19: val_loss=0.2336268275976181
Epoch 19: train_loss=0.5178565382957458

[CollapseMonitor] Epoch 19
  [DEBUG] Processed 4 batches from val_dataloader
  [DEBUG] Predictions shape after concat: (200,)
  Pred std: 0.005769, range: 0.023216, mean: 0.049556
  Pos: 100.0%, Neg: 0.0%, Unique: 197
  Dir Acc: 59.50%, Pred Sharpe: 136.3525
  Composite: 0.4745 (dist_match: 0.5950, actual_pos: 59.5%, pred_pos: 100.0%)
  Collapse penalty: 0.000000 (threshold: 0.005000)
  Saved validation predictions to: experiments/12c_h1_rolling/market_only_daily_h1_d010/fold_2018/collapse_monitoring/val_predictions_epoch19.npy
  Gradient norms:
    lstm_encoder: 0.003839
    lstm_decoder: 0.003170
    output_layer: 0.109577
  VSN output std:
    encoder: 0.193582
  Attention entropy: 2.995721
  Saved to: experiments/12c_h1_rolling/market_only_daily_h1_d010/fold_2018/collapse_monitoring/collapse_monitor_latest.json
[DEBUG CollapseMonitor] on_validation_epoch_start called for epoch 20
[DEBUG CollapseMonitor] reset_temporal_state() called on loss function
Epoch 20: val_loss=0.23313786089420319
Epoch 20: train_loss=0.5177158713340759

[CollapseMonitor] Epoch 20
  [DEBUG] Processed 4 batches from val_dataloader
  [DEBUG] Predictions shape after concat: (200,)
  Pred std: 0.005839, range: 0.023496, mean: 0.034220
  Pos: 100.0%, Neg: 0.0%, Unique: 199
  Dir Acc: 59.50%, Pred Sharpe: 93.0309
  Composite: 0.4745 (dist_match: 0.5950, actual_pos: 59.5%, pred_pos: 100.0%)
  Collapse penalty: 0.000000 (threshold: 0.005000)
  Saved validation predictions to: experiments/12c_h1_rolling/market_only_daily_h1_d010/fold_2018/collapse_monitoring/val_predictions_epoch20.npy
  Gradient norms:
    lstm_encoder: 0.003975
    lstm_decoder: 0.003316
    output_layer: 0.109933
  VSN output std:
    encoder: 0.194212
  Attention entropy: 2.995720
  Saved to: experiments/12c_h1_rolling/market_only_daily_h1_d010/fold_2018/collapse_monitoring/collapse_monitor_latest.json
[DEBUG CollapseMonitor] on_validation_epoch_start called for epoch 21
[DEBUG CollapseMonitor] reset_temporal_state() called on loss function
Epoch 21: val_loss=0.23289483785629272
Epoch 21: train_loss=0.5183917284011841

[CollapseMonitor] Epoch 21
  [DEBUG] Processed 4 batches from val_dataloader
  [DEBUG] Predictions shape after concat: (200,)
  Pred std: 0.005761, range: 0.023226, mean: 0.049574
  Pos: 100.0%, Neg: 0.0%, Unique: 198
  Dir Acc: 59.50%, Pred Sharpe: 136.6120
  Composite: 0.4745 (dist_match: 0.5950, actual_pos: 59.5%, pred_pos: 100.0%)
  Collapse penalty: 0.000000 (threshold: 0.005000)
  Saved validation predictions to: experiments/12c_h1_rolling/market_only_daily_h1_d010/fold_2018/collapse_monitoring/val_predictions_epoch21.npy
  Gradient norms:
    lstm_encoder: 0.004103
    lstm_decoder: 0.003313
    output_layer: 0.114620
  VSN output std:
    encoder: 0.193570
  Attention entropy: 2.995720
  Saved to: experiments/12c_h1_rolling/market_only_daily_h1_d010/fold_2018/collapse_monitoring/collapse_monitor_latest.json
[DEBUG CollapseMonitor] on_validation_epoch_start called for epoch 22
[DEBUG CollapseMonitor] reset_temporal_state() called on loss function
Epoch 22: val_loss=0.2319047600030899
Epoch 22: train_loss=0.5149514079093933

[CollapseMonitor] Epoch 22
  [DEBUG] Processed 4 batches from val_dataloader
  [DEBUG] Predictions shape after concat: (200,)
  Pred std: 0.005842, range: 0.023769, mean: 0.060091
  Pos: 100.0%, Neg: 0.0%, Unique: 199
  Dir Acc: 59.50%, Pred Sharpe: 163.2821
  Composite: 0.4745 (dist_match: 0.5950, actual_pos: 59.5%, pred_pos: 100.0%)
  Collapse penalty: 0.000000 (threshold: 0.005000)
  Saved validation predictions to: experiments/12c_h1_rolling/market_only_daily_h1_d010/fold_2018/collapse_monitoring/val_predictions_epoch22.npy
  Gradient norms:
    lstm_encoder: 0.003958
    lstm_decoder: 0.003134
    output_layer: 0.104518
  VSN output std:
    encoder: 0.188133
  Attention entropy: 2.995716
  Saved to: experiments/12c_h1_rolling/market_only_daily_h1_d010/fold_2018/collapse_monitoring/collapse_monitor_latest.json
[DEBUG CollapseMonitor] on_validation_epoch_start called for epoch 23
[DEBUG CollapseMonitor] reset_temporal_state() called on loss function
Epoch 23: val_loss=0.2328583002090454
Epoch 23: train_loss=0.5166019201278687

[CollapseMonitor] Epoch 23
  [DEBUG] Processed 4 batches from val_dataloader
  [DEBUG] Predictions shape after concat: (200,)
  Pred std: 0.005920, range: 0.024154, mean: 0.039863
  Pos: 100.0%, Neg: 0.0%, Unique: 198
  Dir Acc: 59.50%, Pred Sharpe: 106.8859
  Composite: 0.4745 (dist_match: 0.5950, actual_pos: 59.5%, pred_pos: 100.0%)
  Collapse penalty: 0.000000 (threshold: 0.005000)
  Saved validation predictions to: experiments/12c_h1_rolling/market_only_daily_h1_d010/fold_2018/collapse_monitoring/val_predictions_epoch23.npy
  Gradient norms:
    lstm_encoder: 0.004420
    lstm_decoder: 0.003607
    output_layer: 0.121492
  VSN output std:
    encoder: 0.186148
  Attention entropy: 2.995716
  Saved to: experiments/12c_h1_rolling/market_only_daily_h1_d010/fold_2018/collapse_monitoring/collapse_monitor_latest.json
[DEBUG CollapseMonitor] on_validation_epoch_start called for epoch 24
[DEBUG CollapseMonitor] reset_temporal_state() called on loss function
Epoch 24: val_loss=0.23217229545116425
Epoch 24: train_loss=0.5160881280899048

[CollapseMonitor] Epoch 24
  [DEBUG] Processed 4 batches from val_dataloader
  [DEBUG] Predictions shape after concat: (200,)
  Pred std: 0.005865, range: 0.024002, mean: 0.048369
  Pos: 100.0%, Neg: 0.0%, Unique: 200
  Dir Acc: 59.50%, Pred Sharpe: 130.9128
  Composite: 0.4745 (dist_match: 0.5950, actual_pos: 59.5%, pred_pos: 100.0%)
  Collapse penalty: 0.000000 (threshold: 0.005000)
  Saved validation predictions to: experiments/12c_h1_rolling/market_only_daily_h1_d010/fold_2018/collapse_monitoring/val_predictions_epoch24.npy
  Gradient norms:
    lstm_encoder: 0.004452
    lstm_decoder: 0.003397
    output_layer: 0.110477
  VSN output std:
    encoder: 0.184563
  Attention entropy: 2.995717
  Saved to: experiments/12c_h1_rolling/market_only_daily_h1_d010/fold_2018/collapse_monitoring/collapse_monitor_latest.json
[DEBUG CollapseMonitor] on_validation_epoch_start called for epoch 25
[DEBUG CollapseMonitor] reset_temporal_state() called on loss function
Epoch 25: val_loss=0.23130670189857483
Epoch 25: train_loss=0.5162912011146545

[CollapseMonitor] Epoch 25
  [DEBUG] Processed 4 batches from val_dataloader
  [DEBUG] Predictions shape after concat: (200,)
  Pred std: 0.005861, range: 0.024003, mean: 0.033786
  Pos: 100.0%, Neg: 0.0%, Unique: 198
  Dir Acc: 59.50%, Pred Sharpe: 91.5098
  Composite: 0.4745 (dist_match: 0.5950, actual_pos: 59.5%, pred_pos: 100.0%)
  Collapse penalty: 0.000000 (threshold: 0.005000)
  Saved validation predictions to: experiments/12c_h1_rolling/market_only_daily_h1_d010/fold_2018/collapse_monitoring/val_predictions_epoch25.npy
  Gradient norms:
    lstm_encoder: 0.004252
    lstm_decoder: 0.003241
    output_layer: 0.100706
  VSN output std:
    encoder: 0.183040
  Attention entropy: 2.995717
  Saved to: experiments/12c_h1_rolling/market_only_daily_h1_d010/fold_2018/collapse_monitoring/collapse_monitor_latest.json
[DEBUG CollapseMonitor] on_validation_epoch_start called for epoch 26
[DEBUG CollapseMonitor] reset_temporal_state() called on loss function
Epoch 26: val_loss=0.23027931153774261
Epoch 26: train_loss=0.5120694637298584

[CollapseMonitor] Epoch 26
  [DEBUG] Processed 4 batches from val_dataloader
  [DEBUG] Predictions shape after concat: (200,)
  Pred std: 0.005856, range: 0.024019, mean: 0.045895
  Pos: 100.0%, Neg: 0.0%, Unique: 198
  Dir Acc: 59.50%, Pred Sharpe: 124.4074
  Composite: 0.4745 (dist_match: 0.5950, actual_pos: 59.5%, pred_pos: 100.0%)
  Collapse penalty: 0.000000 (threshold: 0.005000)
  Saved validation predictions to: experiments/12c_h1_rolling/market_only_daily_h1_d010/fold_2018/collapse_monitoring/val_predictions_epoch26.npy
  Gradient norms:
    lstm_encoder: 0.004529
    lstm_decoder: 0.003397
    output_layer: 0.102958
  VSN output std:
    encoder: 0.180993
  Attention entropy: 2.995715
  Saved to: experiments/12c_h1_rolling/market_only_daily_h1_d010/fold_2018/collapse_monitoring/collapse_monitor_latest.json
[DEBUG CollapseMonitor] on_validation_epoch_start called for epoch 27
[DEBUG CollapseMonitor] reset_temporal_state() called on loss function
Epoch 27: val_loss=0.23036497831344604
Epoch 27: train_loss=0.5156909823417664

[CollapseMonitor] Epoch 27
  [DEBUG] Processed 4 batches from val_dataloader
  [DEBUG] Predictions shape after concat: (200,)
  Pred std: 0.005683, range: 0.023315, mean: 0.050187
  Pos: 100.0%, Neg: 0.0%, Unique: 198
  Dir Acc: 59.50%, Pred Sharpe: 140.1948
  Composite: 0.4745 (dist_match: 0.5950, actual_pos: 59.5%, pred_pos: 100.0%)
  Collapse penalty: 0.000000 (threshold: 0.005000)
  Saved validation predictions to: experiments/12c_h1_rolling/market_only_daily_h1_d010/fold_2018/collapse_monitoring/val_predictions_epoch27.npy
  Gradient norms:
    lstm_encoder: 0.004874
    lstm_decoder: 0.003625
    output_layer: 0.113055
  VSN output std:
    encoder: 0.179070
  Attention entropy: 2.995715
  Saved to: experiments/12c_h1_rolling/market_only_daily_h1_d010/fold_2018/collapse_monitoring/collapse_monitor_latest.json
[DEBUG CollapseMonitor] on_validation_epoch_start called for epoch 28
[DEBUG CollapseMonitor] reset_temporal_state() called on loss function
Epoch 28: val_loss=0.2301011085510254
Epoch 28: train_loss=0.5145291686058044

[CollapseMonitor] Epoch 28
  [DEBUG] Processed 4 batches from val_dataloader
  [DEBUG] Predictions shape after concat: (200,)
  Pred std: 0.005653, range: 0.023195, mean: 0.047444
  Pos: 100.0%, Neg: 0.0%, Unique: 199
  Dir Acc: 59.50%, Pred Sharpe: 133.2203
  Composite: 0.4745 (dist_match: 0.5950, actual_pos: 59.5%, pred_pos: 100.0%)
  Collapse penalty: 0.000000 (threshold: 0.005000)
  Saved validation predictions to: experiments/12c_h1_rolling/market_only_daily_h1_d010/fold_2018/collapse_monitoring/val_predictions_epoch28.npy
  Gradient norms:
    lstm_encoder: 0.004383
    lstm_decoder: 0.003230
    output_layer: 0.103230
  VSN output std:
    encoder: 0.177812
  Attention entropy: 2.995713
  Saved to: experiments/12c_h1_rolling/market_only_daily_h1_d010/fold_2018/collapse_monitoring/collapse_monitor_latest.json
[DEBUG CollapseMonitor] on_validation_epoch_start called for epoch 29
[DEBUG CollapseMonitor] reset_temporal_state() called on loss function
Epoch 29: val_loss=0.22955723106861115
Epoch 29: train_loss=0.5145859122276306

[CollapseMonitor] Epoch 29
  [DEBUG] Processed 4 batches from val_dataloader
  [DEBUG] Predictions shape after concat: (200,)
  Pred std: 0.005631, range: 0.023072, mean: 0.050524
  Pos: 100.0%, Neg: 0.0%, Unique: 198
  Dir Acc: 59.50%, Pred Sharpe: 142.4443
  Composite: 0.4745 (dist_match: 0.5950, actual_pos: 59.5%, pred_pos: 100.0%)
  Collapse penalty: 0.000000 (threshold: 0.005000)
  Saved validation predictions to: experiments/12c_h1_rolling/market_only_daily_h1_d010/fold_2018/collapse_monitoring/val_predictions_epoch29.npy
  Gradient norms:
    lstm_encoder: 0.004788
    lstm_decoder: 0.003661
    output_layer: 0.112225
  VSN output std:
    encoder: 0.177184
  Attention entropy: 2.995712
  Saved to: experiments/12c_h1_rolling/market_only_daily_h1_d010/fold_2018/collapse_monitoring/collapse_monitor_latest.json
[DEBUG CollapseMonitor] on_validation_epoch_start called for epoch 30
[DEBUG CollapseMonitor] reset_temporal_state() called on loss function
Epoch 30: val_loss=0.22914956510066986
Epoch 30: train_loss=0.5155448913574219

[CollapseMonitor] Epoch 30
  [DEBUG] Processed 4 batches from val_dataloader
  [DEBUG] Predictions shape after concat: (200,)
  Pred std: 0.005616, range: 0.022994, mean: 0.043405
  Pos: 100.0%, Neg: 0.0%, Unique: 196
  Dir Acc: 59.50%, Pred Sharpe: 122.6843
  Composite: 0.4745 (dist_match: 0.5950, actual_pos: 59.5%, pred_pos: 100.0%)
  Collapse penalty: 0.000000 (threshold: 0.005000)
  Saved validation predictions to: experiments/12c_h1_rolling/market_only_daily_h1_d010/fold_2018/collapse_monitoring/val_predictions_epoch30.npy
  Gradient norms:
    lstm_encoder: 0.004786
    lstm_decoder: 0.003663
    output_layer: 0.110315
  VSN output std:
    encoder: 0.175917
  Attention entropy: 2.995710
  Saved to: experiments/12c_h1_rolling/market_only_daily_h1_d010/fold_2018/collapse_monitoring/collapse_monitor_latest.json
[DEBUG CollapseMonitor] on_validation_epoch_start called for epoch 31
[DEBUG CollapseMonitor] reset_temporal_state() called on loss function
Epoch 31: val_loss=0.2283150553703308
Epoch 31: train_loss=0.5128452777862549

[CollapseMonitor] Epoch 31
  [DEBUG] Processed 4 batches from val_dataloader
  [DEBUG] Predictions shape after concat: (200,)
  Pred std: 0.005553, range: 0.022734, mean: 0.043947
  Pos: 100.0%, Neg: 0.0%, Unique: 198
  Dir Acc: 59.50%, Pred Sharpe: 125.6286
  Composite: 0.4745 (dist_match: 0.5950, actual_pos: 59.5%, pred_pos: 100.0%)
  Collapse penalty: 0.000000 (threshold: 0.005000)
  Saved validation predictions to: experiments/12c_h1_rolling/market_only_daily_h1_d010/fold_2018/collapse_monitoring/val_predictions_epoch31.npy
  Gradient norms:
    lstm_encoder: 0.004984
    lstm_decoder: 0.003633
    output_layer: 0.113840
  VSN output std:
    encoder: 0.174094
  Attention entropy: 2.995710
  Saved to: experiments/12c_h1_rolling/market_only_daily_h1_d010/fold_2018/collapse_monitoring/collapse_monitor_latest.json
[DEBUG CollapseMonitor] on_validation_epoch_start called for epoch 32
[DEBUG CollapseMonitor] reset_temporal_state() called on loss function
Epoch 32: val_loss=0.22823414206504822
Epoch 32: train_loss=0.5108762979507446

[CollapseMonitor] Epoch 32
  [DEBUG] Processed 4 batches from val_dataloader
  [DEBUG] Predictions shape after concat: (200,)
  Pred std: 0.005465, range: 0.022362, mean: 0.049316
  Pos: 100.0%, Neg: 0.0%, Unique: 200
  Dir Acc: 59.50%, Pred Sharpe: 143.2489
  Composite: 0.4745 (dist_match: 0.5950, actual_pos: 59.5%, pred_pos: 100.0%)
  Collapse penalty: 0.000000 (threshold: 0.005000)
  Saved validation predictions to: experiments/12c_h1_rolling/market_only_daily_h1_d010/fold_2018/collapse_monitoring/val_predictions_epoch32.npy
  Gradient norms:
    lstm_encoder: 0.004850
    lstm_decoder: 0.003647
    output_layer: 0.107199
  VSN output std:
    encoder: 0.173218
  Attention entropy: 2.995710
  Saved to: experiments/12c_h1_rolling/market_only_daily_h1_d010/fold_2018/collapse_monitoring/collapse_monitor_latest.json
[DEBUG CollapseMonitor] on_validation_epoch_start called for epoch 33
[DEBUG CollapseMonitor] reset_temporal_state() called on loss function
Epoch 33: val_loss=0.22800767421722412
Epoch 33: train_loss=0.5117400288581848

[CollapseMonitor] Epoch 33
  [DEBUG] Processed 4 batches from val_dataloader
  [DEBUG] Predictions shape after concat: (200,)
  Pred std: 0.005425, range: 0.022158, mean: 0.053293
  Pos: 100.0%, Neg: 0.0%, Unique: 199
  Dir Acc: 59.50%, Pred Sharpe: 155.9567
  Composite: 0.4745 (dist_match: 0.5950, actual_pos: 59.5%, pred_pos: 100.0%)
  Collapse penalty: 0.000000 (threshold: 0.005000)
  Saved validation predictions to: experiments/12c_h1_rolling/market_only_daily_h1_d010/fold_2018/collapse_monitoring/val_predictions_epoch33.npy
  Gradient norms:
    lstm_encoder: 0.005293
    lstm_decoder: 0.003771
    output_layer: 0.107057
  VSN output std:
    encoder: 0.172415
  Attention entropy: 2.995709
  Saved to: experiments/12c_h1_rolling/market_only_daily_h1_d010/fold_2018/collapse_monitoring/collapse_monitor_latest.json
[DEBUG CollapseMonitor] on_validation_epoch_start called for epoch 34
[DEBUG CollapseMonitor] reset_temporal_state() called on loss function
Epoch 34: val_loss=0.22777800261974335
Epoch 34: train_loss=0.5127424597740173

[CollapseMonitor] Epoch 34
  [DEBUG] Processed 4 batches from val_dataloader
  [DEBUG] Predictions shape after concat: (200,)
  Pred std: 0.005408, range: 0.022032, mean: 0.046424
  Pos: 100.0%, Neg: 0.0%, Unique: 199
  Dir Acc: 59.50%, Pred Sharpe: 136.2621
  Composite: 0.4745 (dist_match: 0.5950, actual_pos: 59.5%, pred_pos: 100.0%)
  Collapse penalty: 0.000000 (threshold: 0.005000)
  Saved validation predictions to: experiments/12c_h1_rolling/market_only_daily_h1_d010/fold_2018/collapse_monitoring/val_predictions_epoch34.npy
  Gradient norms:
    lstm_encoder: 0.004942
    lstm_decoder: 0.003443
    output_layer: 0.095454
  VSN output std:
    encoder: 0.171198
  Attention entropy: 2.995706
  Saved to: experiments/12c_h1_rolling/market_only_daily_h1_d010/fold_2018/collapse_monitoring/collapse_monitor_latest.json
[DEBUG CollapseMonitor] on_validation_epoch_start called for epoch 35
[DEBUG CollapseMonitor] reset_temporal_state() called on loss function
Epoch 35: val_loss=0.2272707223892212
Epoch 35: train_loss=0.5132997632026672

[CollapseMonitor] Epoch 35
  [DEBUG] Processed 4 batches from val_dataloader
  [DEBUG] Predictions shape after concat: (200,)
  Pred std: 0.005362, range: 0.021793, mean: 0.052197
  Pos: 100.0%, Neg: 0.0%, Unique: 199
  Dir Acc: 59.50%, Pred Sharpe: 154.5312
  Composite: 0.4745 (dist_match: 0.5950, actual_pos: 59.5%, pred_pos: 100.0%)
  Collapse penalty: 0.000000 (threshold: 0.005000)
  Saved validation predictions to: experiments/12c_h1_rolling/market_only_daily_h1_d010/fold_2018/collapse_monitoring/val_predictions_epoch35.npy
  Gradient norms:
    lstm_encoder: 0.005128
    lstm_decoder: 0.003656
    output_layer: 0.107768
  VSN output std:
    encoder: 0.170666
  Attention entropy: 2.995706
  Saved to: experiments/12c_h1_rolling/market_only_daily_h1_d010/fold_2018/collapse_monitoring/collapse_monitor_latest.json
[DEBUG CollapseMonitor] on_validation_epoch_start called for epoch 36
[DEBUG CollapseMonitor] reset_temporal_state() called on loss function
Epoch 36: val_loss=0.22726842761039734
Epoch 36: train_loss=0.5119588971138

[CollapseMonitor] Epoch 36
  [DEBUG] Processed 4 batches from val_dataloader
  [DEBUG] Predictions shape after concat: (200,)
  Pred std: 0.005290, range: 0.021410, mean: 0.050816
  Pos: 100.0%, Neg: 0.0%, Unique: 199
  Dir Acc: 59.50%, Pred Sharpe: 152.4907
  Composite: 0.4745 (dist_match: 0.5950, actual_pos: 59.5%, pred_pos: 100.0%)
  Collapse penalty: 0.000000 (threshold: 0.005000)
  Saved validation predictions to: experiments/12c_h1_rolling/market_only_daily_h1_d010/fold_2018/collapse_monitoring/val_predictions_epoch36.npy
  Gradient norms:
    lstm_encoder: 0.005232
    lstm_decoder: 0.003865
    output_layer: 0.113240
  VSN output std:
    encoder: 0.169648
  Attention entropy: 2.995705
  Saved to: experiments/12c_h1_rolling/market_only_daily_h1_d010/fold_2018/collapse_monitoring/collapse_monitor_latest.json
[DEBUG CollapseMonitor] on_validation_epoch_start called for epoch 37
[DEBUG CollapseMonitor] reset_temporal_state() called on loss function
Epoch 37: val_loss=0.226909339427948
Epoch 37: train_loss=0.5111902952194214

[CollapseMonitor] Epoch 37
  [DEBUG] Processed 4 batches from val_dataloader
  [DEBUG] Predictions shape after concat: (200,)
  Pred std: 0.005263, range: 0.021271, mean: 0.049592
  Pos: 100.0%, Neg: 0.0%, Unique: 200
  Dir Acc: 59.50%, Pred Sharpe: 149.5721
  Composite: 0.4745 (dist_match: 0.5950, actual_pos: 59.5%, pred_pos: 100.0%)
  Collapse penalty: 0.000000 (threshold: 0.005000)
  Saved validation predictions to: experiments/12c_h1_rolling/market_only_daily_h1_d010/fold_2018/collapse_monitoring/val_predictions_epoch37.npy
  Gradient norms:
    lstm_encoder: 0.004873
    lstm_decoder: 0.003489
    output_layer: 0.100450
  VSN output std:
    encoder: 0.169075
  Attention entropy: 2.995705
  Saved to: experiments/12c_h1_rolling/market_only_daily_h1_d010/fold_2018/collapse_monitoring/collapse_monitor_latest.json
[DEBUG CollapseMonitor] on_validation_epoch_start called for epoch 38
[DEBUG CollapseMonitor] reset_temporal_state() called on loss function
Epoch 38: val_loss=0.22684898972511292
Epoch 38: train_loss=0.5101844072341919

[CollapseMonitor] Epoch 38
  [DEBUG] Processed 4 batches from val_dataloader
  [DEBUG] Predictions shape after concat: (200,)
  Pred std: 0.005228, range: 0.021085, mean: 0.048252
  Pos: 100.0%, Neg: 0.0%, Unique: 197
  Dir Acc: 59.50%, Pred Sharpe: 146.5149
  Composite: 0.4745 (dist_match: 0.5950, actual_pos: 59.5%, pred_pos: 100.0%)
  Collapse penalty: 0.000000 (threshold: 0.005000)
  Saved validation predictions to: experiments/12c_h1_rolling/market_only_daily_h1_d010/fold_2018/collapse_monitoring/val_predictions_epoch38.npy
  Gradient norms:
    lstm_encoder: 0.005034
    lstm_decoder: 0.003657
    output_layer: 0.112342
  VSN output std:
    encoder: 0.168657
  Attention entropy: 2.995704
  Saved to: experiments/12c_h1_rolling/market_only_daily_h1_d010/fold_2018/collapse_monitoring/collapse_monitor_latest.json
[DEBUG CollapseMonitor] on_validation_epoch_start called for epoch 39
[DEBUG CollapseMonitor] reset_temporal_state() called on loss function
Epoch 39: val_loss=0.22625069320201874
Epoch 39: train_loss=0.5113674998283386

[CollapseMonitor] Epoch 39
  [DEBUG] Processed 4 batches from val_dataloader
  [DEBUG] Predictions shape after concat: (200,)
  Pred std: 0.005194, range: 0.020917, mean: 0.053674
  Pos: 100.0%, Neg: 0.0%, Unique: 198
  Dir Acc: 59.50%, Pred Sharpe: 164.0598
  Composite: 0.4745 (dist_match: 0.5950, actual_pos: 59.5%, pred_pos: 100.0%)
  Collapse penalty: 0.000000 (threshold: 0.005000)
  Saved validation predictions to: experiments/12c_h1_rolling/market_only_daily_h1_d010/fold_2018/collapse_monitoring/val_predictions_epoch39.npy
  Gradient norms:
    lstm_encoder: 0.005221
    lstm_decoder: 0.003831
    output_layer: 0.111697
  VSN output std:
    encoder: 0.168062
  Attention entropy: 2.995702
  Saved to: experiments/12c_h1_rolling/market_only_daily_h1_d010/fold_2018/collapse_monitoring/collapse_monitor_latest.json
[DEBUG CollapseMonitor] on_validation_epoch_start called for epoch 40
[DEBUG CollapseMonitor] reset_temporal_state() called on loss function
Epoch 40: val_loss=0.22629396617412567
Epoch 40: train_loss=0.5100338459014893

[CollapseMonitor] Epoch 40
  [DEBUG] Processed 4 batches from val_dataloader
  [DEBUG] Predictions shape after concat: (200,)
  Pred std: 0.005158, range: 0.020731, mean: 0.056298
  Pos: 100.0%, Neg: 0.0%, Unique: 200
  Dir Acc: 59.50%, Pred Sharpe: 173.2510
  Composite: 0.4745 (dist_match: 0.5950, actual_pos: 59.5%, pred_pos: 100.0%)
  Collapse penalty: 0.000000 (threshold: 0.005000)
  Saved validation predictions to: experiments/12c_h1_rolling/market_only_daily_h1_d010/fold_2018/collapse_monitoring/val_predictions_epoch40.npy
  Gradient norms:
    lstm_encoder: 0.004992
    lstm_decoder: 0.003439
    output_layer: 0.101028
  VSN output std:
    encoder: 0.167878
  Attention entropy: 2.995701
  Saved to: experiments/12c_h1_rolling/market_only_daily_h1_d010/fold_2018/collapse_monitoring/collapse_monitor_latest.json
[DEBUG CollapseMonitor] on_validation_epoch_start called for epoch 41
[DEBUG CollapseMonitor] reset_temporal_state() called on loss function
Epoch 41: val_loss=0.2261938601732254
Epoch 41: train_loss=0.5095365643501282

[CollapseMonitor] Epoch 41
  [DEBUG] Processed 4 batches from val_dataloader
  [DEBUG] Predictions shape after concat: (200,)
  Pred std: 0.005130, range: 0.020573, mean: 0.056796
  Pos: 100.0%, Neg: 0.0%, Unique: 198
  Dir Acc: 59.50%, Pred Sharpe: 175.7491
  Composite: 0.4745 (dist_match: 0.5950, actual_pos: 59.5%, pred_pos: 100.0%)
  Collapse penalty: 0.000000 (threshold: 0.005000)
  Saved validation predictions to: experiments/12c_h1_rolling/market_only_daily_h1_d010/fold_2018/collapse_monitoring/val_predictions_epoch41.npy
  Gradient norms:
    lstm_encoder: 0.004908
    lstm_decoder: 0.003518
    output_layer: 0.104931
  VSN output std:
    encoder: 0.167666
  Attention entropy: 2.995701
  Saved to: experiments/12c_h1_rolling/market_only_daily_h1_d010/fold_2018/collapse_monitoring/collapse_monitor_latest.json
[DEBUG CollapseMonitor] on_validation_epoch_start called for epoch 42
[DEBUG CollapseMonitor] reset_temporal_state() called on loss function
Epoch 42: val_loss=0.22591422498226166
Epoch 42: train_loss=0.5103870630264282

[CollapseMonitor] Epoch 42
  [DEBUG] Processed 4 batches from val_dataloader
  [DEBUG] Predictions shape after concat: (200,)
  Pred std: 0.005128, range: 0.020557, mean: 0.050965
  Pos: 100.0%, Neg: 0.0%, Unique: 198
  Dir Acc: 59.50%, Pred Sharpe: 157.7697
  Composite: 0.4745 (dist_match: 0.5950, actual_pos: 59.5%, pred_pos: 100.0%)
  Collapse penalty: 0.000000 (threshold: 0.005000)
  Saved validation predictions to: experiments/12c_h1_rolling/market_only_daily_h1_d010/fold_2018/collapse_monitoring/val_predictions_epoch42.npy
  Gradient norms:
    lstm_encoder: 0.005231
    lstm_decoder: 0.003800
    output_layer: 0.109782
  VSN output std:
    encoder: 0.167084
  Attention entropy: 2.995698
  Saved to: experiments/12c_h1_rolling/market_only_daily_h1_d010/fold_2018/collapse_monitoring/collapse_monitor_latest.json
[DEBUG CollapseMonitor] on_validation_epoch_start called for epoch 43
[DEBUG CollapseMonitor] reset_temporal_state() called on loss function
Epoch 43: val_loss=0.22540731728076935
Epoch 43: train_loss=0.5104158520698547

[CollapseMonitor] Epoch 43
  [DEBUG] Processed 4 batches from val_dataloader
  [DEBUG] Predictions shape after concat: (200,)
  Pred std: 0.005091, range: 0.020408, mean: 0.057431
  Pos: 100.0%, Neg: 0.0%, Unique: 198
  Dir Acc: 59.50%, Pred Sharpe: 179.0763
  Composite: 0.4745 (dist_match: 0.5950, actual_pos: 59.5%, pred_pos: 100.0%)
  Collapse penalty: 0.000000 (threshold: 0.005000)
  Saved validation predictions to: experiments/12c_h1_rolling/market_only_daily_h1_d010/fold_2018/collapse_monitoring/val_predictions_epoch43.npy
  Gradient norms:
    lstm_encoder: 0.005575
    lstm_decoder: 0.004087
    output_layer: 0.120344
  VSN output std:
    encoder: 0.166524
  Attention entropy: 2.995697
  Saved to: experiments/12c_h1_rolling/market_only_daily_h1_d010/fold_2018/collapse_monitoring/collapse_monitor_latest.json
[DEBUG CollapseMonitor] on_validation_epoch_start called for epoch 44
[DEBUG CollapseMonitor] reset_temporal_state() called on loss function
Epoch 44: val_loss=0.2251589000225067
Epoch 44: train_loss=0.5077773928642273

[CollapseMonitor] Epoch 44
  [DEBUG] Processed 4 batches from val_dataloader
  [DEBUG] Predictions shape after concat: (200,)
  Pred std: 0.005076, range: 0.020358, mean: 0.058216
  Pos: 100.0%, Neg: 0.0%, Unique: 198
  Dir Acc: 59.50%, Pred Sharpe: 182.0572
  Composite: 0.4745 (dist_match: 0.5950, actual_pos: 59.5%, pred_pos: 100.0%)
  Collapse penalty: 0.000000 (threshold: 0.005000)
  Saved validation predictions to: experiments/12c_h1_rolling/market_only_daily_h1_d010/fold_2018/collapse_monitoring/val_predictions_epoch44.npy
  Gradient norms:
    lstm_encoder: 0.005810
    lstm_decoder: 0.004001
    output_layer: 0.113757
  VSN output std:
    encoder: 0.166003
  Attention entropy: 2.995696
  Saved to: experiments/12c_h1_rolling/market_only_daily_h1_d010/fold_2018/collapse_monitoring/collapse_monitor_latest.json
[DEBUG CollapseMonitor] on_validation_epoch_start called for epoch 45
[DEBUG CollapseMonitor] reset_temporal_state() called on loss function
Epoch 45: val_loss=0.22471237182617188
Epoch 45: train_loss=0.5107071399688721

[CollapseMonitor] Epoch 45
  [DEBUG] Processed 4 batches from val_dataloader
  [DEBUG] Predictions shape after concat: (200,)
  Pred std: 0.005002, range: 0.020041, mean: 0.061622
  Pos: 100.0%, Neg: 0.0%, Unique: 200
  Dir Acc: 59.50%, Pred Sharpe: 195.5462
  Composite: 0.4745 (dist_match: 0.5950, actual_pos: 59.5%, pred_pos: 100.0%)
  Collapse penalty: 0.000000 (threshold: 0.005000)
  Saved validation predictions to: experiments/12c_h1_rolling/market_only_daily_h1_d010/fold_2018/collapse_monitoring/val_predictions_epoch45.npy
  Gradient norms:
    lstm_encoder: 0.005291
    lstm_decoder: 0.003722
    output_layer: 0.105548
  VSN output std:
    encoder: 0.165317
  Attention entropy: 2.995695
  Saved to: experiments/12c_h1_rolling/market_only_daily_h1_d010/fold_2018/collapse_monitoring/collapse_monitor_latest.json
[DEBUG CollapseMonitor] on_validation_epoch_start called for epoch 46
[DEBUG CollapseMonitor] reset_temporal_state() called on loss function
Epoch 46: val_loss=0.22445881366729736
Epoch 46: train_loss=0.509274959564209

[CollapseMonitor] Epoch 46
  [DEBUG] Processed 4 batches from val_dataloader
  [DEBUG] Predictions shape after concat: (200,)
  Pred std: 0.004986, range: 0.019966, mean: 0.061491
  Pos: 100.0%, Neg: 0.0%, Unique: 199
  Dir Acc: 59.50%, Pred Sharpe: 195.7801
  Composite: 0.4745 (dist_match: 0.5950, actual_pos: 59.5%, pred_pos: 100.0%)
  Collapse penalty: 0.000000 (threshold: 0.005000)
  Saved validation predictions to: experiments/12c_h1_rolling/market_only_daily_h1_d010/fold_2018/collapse_monitoring/val_predictions_epoch46.npy
  Gradient norms:
    lstm_encoder: 0.005095
    lstm_decoder: 0.003827
    output_layer: 0.112051
  VSN output std:
    encoder: 0.165100
  Attention entropy: 2.995694
  Saved to: experiments/12c_h1_rolling/market_only_daily_h1_d010/fold_2018/collapse_monitoring/collapse_monitor_latest.json
[DEBUG CollapseMonitor] on_validation_epoch_start called for epoch 47
[DEBUG CollapseMonitor] reset_temporal_state() called on loss function
Epoch 47: val_loss=0.22435760498046875
Epoch 47: train_loss=0.509630024433136

[CollapseMonitor] Epoch 47
  [DEBUG] Processed 4 batches from val_dataloader
  [DEBUG] Predictions shape after concat: (200,)
  Pred std: 0.004981, range: 0.019944, mean: 0.061360
  Pos: 100.0%, Neg: 0.0%, Unique: 198
  Dir Acc: 59.50%, Pred Sharpe: 195.5635
  Composite: 0.4745 (dist_match: 0.5950, actual_pos: 59.5%, pred_pos: 100.0%)
  Collapse penalty: 0.000000 (threshold: 0.005000)
  Saved validation predictions to: experiments/12c_h1_rolling/market_only_daily_h1_d010/fold_2018/collapse_monitoring/val_predictions_epoch47.npy
  Gradient norms:
    lstm_encoder: 0.005541
    lstm_decoder: 0.003961
    output_layer: 0.112711
  VSN output std:
    encoder: 0.164884
  Attention entropy: 2.995692
  Saved to: experiments/12c_h1_rolling/market_only_daily_h1_d010/fold_2018/collapse_monitoring/collapse_monitor_latest.json
[DEBUG CollapseMonitor] on_validation_epoch_start called for epoch 48
[DEBUG CollapseMonitor] reset_temporal_state() called on loss function
Epoch 48: val_loss=0.2241593897342682
Epoch 48: train_loss=0.5107792019844055

[CollapseMonitor] Epoch 48
  [DEBUG] Processed 4 batches from val_dataloader
  [DEBUG] Predictions shape after concat: (200,)
  Pred std: 0.004973, range: 0.019905, mean: 0.058387
  Pos: 100.0%, Neg: 0.0%, Unique: 197
  Dir Acc: 59.50%, Pred Sharpe: 186.3930
  Composite: 0.4745 (dist_match: 0.5950, actual_pos: 59.5%, pred_pos: 100.0%)
  Collapse penalty: 0.000000 (threshold: 0.005000)
  Saved validation predictions to: experiments/12c_h1_rolling/market_only_daily_h1_d010/fold_2018/collapse_monitoring/val_predictions_epoch48.npy
  Gradient norms:
    lstm_encoder: 0.005547
    lstm_decoder: 0.004086
    output_layer: 0.118721
  VSN output std:
    encoder: 0.164677
  Attention entropy: 2.995690
  Saved to: experiments/12c_h1_rolling/market_only_daily_h1_d010/fold_2018/collapse_monitoring/collapse_monitor_latest.json
[DEBUG CollapseMonitor] on_validation_epoch_start called for epoch 49
[DEBUG CollapseMonitor] reset_temporal_state() called on loss function
Epoch 49: val_loss=0.2241804003715515
Epoch 49: train_loss=0.5086323618888855

[CollapseMonitor] Epoch 49
  [DEBUG] Processed 4 batches from val_dataloader
  [DEBUG] Predictions shape after concat: (200,)
  Pred std: 0.004949, range: 0.019791, mean: 0.055793
  Pos: 100.0%, Neg: 0.0%, Unique: 197
  Dir Acc: 59.50%, Pred Sharpe: 178.9622
  Composite: 0.4745 (dist_match: 0.5950, actual_pos: 59.5%, pred_pos: 100.0%)
  Collapse penalty: 0.000000 (threshold: 0.005000)
  Saved validation predictions to: experiments/12c_h1_rolling/market_only_daily_h1_d010/fold_2018/collapse_monitoring/val_predictions_epoch49.npy
  Gradient norms:
    lstm_encoder: 0.005328
    lstm_decoder: 0.003949
    output_layer: 0.113947
  VSN output std:
    encoder: 0.164493
  Attention entropy: 2.995689
  Saved to: experiments/12c_h1_rolling/market_only_daily_h1_d010/fold_2018/collapse_monitoring/collapse_monitor_latest.json
[DEBUG CollapseMonitor] on_validation_epoch_start called for epoch 50
[DEBUG CollapseMonitor] reset_temporal_state() called on loss function
Epoch 50: val_loss=0.22389520704746246
Epoch 50: train_loss=0.5091118812561035

[CollapseMonitor] Epoch 50
  [DEBUG] Processed 4 batches from val_dataloader
  [DEBUG] Predictions shape after concat: (200,)
  Pred std: 0.004918, range: 0.019643, mean: 0.058545
  Pos: 100.0%, Neg: 0.0%, Unique: 198
  Dir Acc: 59.50%, Pred Sharpe: 188.9572
  Composite: 0.4745 (dist_match: 0.5950, actual_pos: 59.5%, pred_pos: 100.0%)
  Collapse penalty: 0.000000 (threshold: 0.005000)
  Saved validation predictions to: experiments/12c_h1_rolling/market_only_daily_h1_d010/fold_2018/collapse_monitoring/val_predictions_epoch50.npy
  Gradient norms:
    lstm_encoder: 0.005692
    lstm_decoder: 0.004078
    output_layer: 0.116522
  VSN output std:
    encoder: 0.164370
  Attention entropy: 2.995688
  Saved to: experiments/12c_h1_rolling/market_only_daily_h1_d010/fold_2018/collapse_monitoring/collapse_monitor_latest.json
[DEBUG CollapseMonitor] on_validation_epoch_start called for epoch 51
[DEBUG CollapseMonitor] reset_temporal_state() called on loss function
Epoch 51: val_loss=0.22371381521224976
Epoch 51: train_loss=0.5096890330314636

[CollapseMonitor] Epoch 51
  [DEBUG] Processed 4 batches from val_dataloader
  [DEBUG] Predictions shape after concat: (200,)
  Pred std: 0.004891, range: 0.019507, mean: 0.057114
  Pos: 100.0%, Neg: 0.0%, Unique: 199
  Dir Acc: 59.50%, Pred Sharpe: 185.3874
  Composite: 0.4745 (dist_match: 0.5950, actual_pos: 59.5%, pred_pos: 100.0%)
  Collapse penalty: 0.000000 (threshold: 0.005000)
  Saved validation predictions to: experiments/12c_h1_rolling/market_only_daily_h1_d010/fold_2018/collapse_monitoring/val_predictions_epoch51.npy
  Gradient norms:
    lstm_encoder: 0.005447
    lstm_decoder: 0.003688
    output_layer: 0.102925
  VSN output std:
    encoder: 0.164215
  Attention entropy: 2.995687
  Saved to: experiments/12c_h1_rolling/market_only_daily_h1_d010/fold_2018/collapse_monitoring/collapse_monitor_latest.json
[DEBUG CollapseMonitor] on_validation_epoch_start called for epoch 52
[DEBUG CollapseMonitor] reset_temporal_state() called on loss function
Epoch 52: val_loss=0.22385473549365997
Epoch 52: train_loss=0.5087110996246338

[CollapseMonitor] Epoch 52
  [DEBUG] Processed 4 batches from val_dataloader
  [DEBUG] Predictions shape after concat: (200,)
  Pred std: 0.004867, range: 0.019387, mean: 0.057310
  Pos: 100.0%, Neg: 0.0%, Unique: 198
  Dir Acc: 59.50%, Pred Sharpe: 186.9151
  Composite: 0.4745 (dist_match: 0.5950, actual_pos: 59.5%, pred_pos: 100.0%)
  Collapse penalty: 0.000000 (threshold: 0.005000)
  Saved validation predictions to: experiments/12c_h1_rolling/market_only_daily_h1_d010/fold_2018/collapse_monitoring/val_predictions_epoch52.npy
  Gradient norms:
    lstm_encoder: 0.005562
    lstm_decoder: 0.003947
    output_layer: 0.108049
  VSN output std:
    encoder: 0.164058
  Attention entropy: 2.995685
  Saved to: experiments/12c_h1_rolling/market_only_daily_h1_d010/fold_2018/collapse_monitoring/collapse_monitor_latest.json
[DEBUG CollapseMonitor] on_validation_epoch_start called for epoch 53
[DEBUG CollapseMonitor] reset_temporal_state() called on loss function
Epoch 53: val_loss=0.22385406494140625
Epoch 53: train_loss=0.510423481464386

[CollapseMonitor] Epoch 53
  [DEBUG] Processed 4 batches from val_dataloader
  [DEBUG] Predictions shape after concat: (200,)
  Pred std: 0.004848, range: 0.019299, mean: 0.055817
  Pos: 100.0%, Neg: 0.0%, Unique: 199
  Dir Acc: 59.50%, Pred Sharpe: 182.7636
  Composite: 0.4745 (dist_match: 0.5950, actual_pos: 59.5%, pred_pos: 100.0%)
  Collapse penalty: 0.000000 (threshold: 0.005000)
  Saved validation predictions to: experiments/12c_h1_rolling/market_only_daily_h1_d010/fold_2018/collapse_monitoring/val_predictions_epoch53.npy
  Gradient norms:
    lstm_encoder: 0.005500
    lstm_decoder: 0.003802
    output_layer: 0.107250
  VSN output std:
    encoder: 0.163863
  Attention entropy: 2.995683
  Saved to: experiments/12c_h1_rolling/market_only_daily_h1_d010/fold_2018/collapse_monitoring/collapse_monitor_latest.json
[DEBUG CollapseMonitor] on_validation_epoch_start called for epoch 54
[DEBUG CollapseMonitor] reset_temporal_state() called on loss function
Epoch 54: val_loss=0.2236289083957672
Epoch 54: train_loss=0.5093572735786438

[CollapseMonitor] Epoch 54
  [DEBUG] Processed 4 batches from val_dataloader
  [DEBUG] Predictions shape after concat: (200,)
  Pred std: 0.004839, range: 0.019246, mean: 0.054112
  Pos: 100.0%, Neg: 0.0%, Unique: 199
  Dir Acc: 59.50%, Pred Sharpe: 177.5303
  Composite: 0.4745 (dist_match: 0.5950, actual_pos: 59.5%, pred_pos: 100.0%)
  Collapse penalty: 0.000000 (threshold: 0.005000)
  Saved validation predictions to: experiments/12c_h1_rolling/market_only_daily_h1_d010/fold_2018/collapse_monitoring/val_predictions_epoch54.npy
  Gradient norms:
    lstm_encoder: 0.005704
    lstm_decoder: 0.004053
    output_layer: 0.115472
  VSN output std:
    encoder: 0.163641
  Attention entropy: 2.995681
  Saved to: experiments/12c_h1_rolling/market_only_daily_h1_d010/fold_2018/collapse_monitoring/collapse_monitor_latest.json
[DEBUG CollapseMonitor] on_validation_epoch_start called for epoch 55
[DEBUG CollapseMonitor] reset_temporal_state() called on loss function
Epoch 55: val_loss=0.22350265085697174
Epoch 55: train_loss=0.5096023678779602

[CollapseMonitor] Epoch 55
  [DEBUG] Processed 4 batches from val_dataloader
  [DEBUG] Predictions shape after concat: (200,)
  Pred std: 0.004820, range: 0.019164, mean: 0.054414
  Pos: 100.0%, Neg: 0.0%, Unique: 198
  Dir Acc: 59.50%, Pred Sharpe: 179.2113
  Composite: 0.4745 (dist_match: 0.5950, actual_pos: 59.5%, pred_pos: 100.0%)
  Collapse penalty: 0.000000 (threshold: 0.005000)
  Saved validation predictions to: experiments/12c_h1_rolling/market_only_daily_h1_d010/fold_2018/collapse_monitoring/val_predictions_epoch55.npy
  Gradient norms:
    lstm_encoder: 0.005539
    lstm_decoder: 0.003779
    output_layer: 0.101305
  VSN output std:
    encoder: 0.163536
  Attention entropy: 2.995679
  Saved to: experiments/12c_h1_rolling/market_only_daily_h1_d010/fold_2018/collapse_monitoring/collapse_monitor_latest.json
[DEBUG CollapseMonitor] on_validation_epoch_start called for epoch 56
[DEBUG CollapseMonitor] reset_temporal_state() called on loss function
Epoch 56: val_loss=0.22332417964935303
Epoch 56: train_loss=0.5084446668624878

[CollapseMonitor] Epoch 56
  [DEBUG] Processed 4 batches from val_dataloader
  [DEBUG] Predictions shape after concat: (200,)
  Pred std: 0.004805, range: 0.019116, mean: 0.053383
  Pos: 100.0%, Neg: 0.0%, Unique: 196
  Dir Acc: 59.50%, Pred Sharpe: 176.3737
  Composite: 0.4745 (dist_match: 0.5950, actual_pos: 59.5%, pred_pos: 100.0%)
  Collapse penalty: 0.000000 (threshold: 0.005000)
  Saved validation predictions to: experiments/12c_h1_rolling/market_only_daily_h1_d010/fold_2018/collapse_monitoring/val_predictions_epoch56.npy
  Gradient norms:
    lstm_encoder: 0.005394
    lstm_decoder: 0.003775
    output_layer: 0.100754
  VSN output std:
    encoder: 0.163459
  Attention entropy: 2.995679
  Saved to: experiments/12c_h1_rolling/market_only_daily_h1_d010/fold_2018/collapse_monitoring/collapse_monitor_latest.json
[DEBUG CollapseMonitor] on_validation_epoch_start called for epoch 57
[DEBUG CollapseMonitor] reset_temporal_state() called on loss function
Epoch 57: val_loss=0.22314465045928955
Epoch 57: train_loss=0.5068402290344238

[CollapseMonitor] Epoch 57
  [DEBUG] Processed 4 batches from val_dataloader
  [DEBUG] Predictions shape after concat: (200,)
  Pred std: 0.004789, range: 0.019101, mean: 0.053829
  Pos: 100.0%, Neg: 0.0%, Unique: 199
  Dir Acc: 59.50%, Pred Sharpe: 178.4402
  Composite: 0.4745 (dist_match: 0.5950, actual_pos: 59.5%, pred_pos: 100.0%)
  Collapse penalty: 0.000000 (threshold: 0.005000)
  Saved validation predictions to: experiments/12c_h1_rolling/market_only_daily_h1_d010/fold_2018/collapse_monitoring/val_predictions_epoch57.npy
  Gradient norms:
    lstm_encoder: 0.005506
    lstm_decoder: 0.003778
    output_layer: 0.103732
  VSN output std:
    encoder: 0.163336
  Attention entropy: 2.995679
  Saved to: experiments/12c_h1_rolling/market_only_daily_h1_d010/fold_2018/collapse_monitoring/collapse_monitor_latest.json
[DEBUG CollapseMonitor] on_validation_epoch_start called for epoch 58
[DEBUG CollapseMonitor] reset_temporal_state() called on loss function
Epoch 58: val_loss=0.22300946712493896
Epoch 58: train_loss=0.510465145111084

[CollapseMonitor] Epoch 58
  [DEBUG] Processed 4 batches from val_dataloader
  [DEBUG] Predictions shape after concat: (200,)
  Pred std: 0.004761, range: 0.019026, mean: 0.053764
  Pos: 100.0%, Neg: 0.0%, Unique: 199
  Dir Acc: 59.50%, Pred Sharpe: 179.2558
  Composite: 0.4745 (dist_match: 0.5950, actual_pos: 59.5%, pred_pos: 100.0%)
  Collapse penalty: 0.000000 (threshold: 0.005000)
  Saved validation predictions to: experiments/12c_h1_rolling/market_only_daily_h1_d010/fold_2018/collapse_monitoring/val_predictions_epoch58.npy
  Gradient norms:
    lstm_encoder: 0.005603
    lstm_decoder: 0.003967
    output_layer: 0.110782
  VSN output std:
    encoder: 0.163269
  Attention entropy: 2.995677
  Saved to: experiments/12c_h1_rolling/market_only_daily_h1_d010/fold_2018/collapse_monitoring/collapse_monitor_latest.json
[DEBUG CollapseMonitor] on_validation_epoch_start called for epoch 59
[DEBUG CollapseMonitor] reset_temporal_state() called on loss function
Epoch 59: val_loss=0.22290024161338806
Epoch 59: train_loss=0.509433388710022

[CollapseMonitor] Epoch 59
  [DEBUG] Processed 4 batches from val_dataloader
  [DEBUG] Predictions shape after concat: (200,)
  Pred std: 0.004752, range: 0.019007, mean: 0.052549
  Pos: 100.0%, Neg: 0.0%, Unique: 198
  Dir Acc: 59.50%, Pred Sharpe: 175.5480
  Composite: 0.4745 (dist_match: 0.5950, actual_pos: 59.5%, pred_pos: 100.0%)
  Collapse penalty: 0.000000 (threshold: 0.005000)
  Saved validation predictions to: experiments/12c_h1_rolling/market_only_daily_h1_d010/fold_2018/collapse_monitoring/val_predictions_epoch59.npy
  Gradient norms:
    lstm_encoder: 0.005483
    lstm_decoder: 0.003766
    output_layer: 0.106156
  VSN output std:
    encoder: 0.163210
  Attention entropy: 2.995676
  Saved to: experiments/12c_h1_rolling/market_only_daily_h1_d010/fold_2018/collapse_monitoring/collapse_monitor_latest.json
[DEBUG CollapseMonitor] on_validation_epoch_start called for epoch 60
[DEBUG CollapseMonitor] reset_temporal_state() called on loss function
Epoch 60: val_loss=0.22283576428890228
Epoch 60: train_loss=0.5091176629066467

[CollapseMonitor] Epoch 60
  [DEBUG] Processed 4 batches from val_dataloader
  [DEBUG] Predictions shape after concat: (200,)
  Pred std: 0.004728, range: 0.018967, mean: 0.052632
  Pos: 100.0%, Neg: 0.0%, Unique: 198
  Dir Acc: 59.50%, Pred Sharpe: 176.7262
  Composite: 0.4745 (dist_match: 0.5950, actual_pos: 59.5%, pred_pos: 100.0%)
  Collapse penalty: 0.000000 (threshold: 0.005000)
  Saved validation predictions to: experiments/12c_h1_rolling/market_only_daily_h1_d010/fold_2018/collapse_monitoring/val_predictions_epoch60.npy
  Gradient norms:
    lstm_encoder: 0.005677
    lstm_decoder: 0.004066
    output_layer: 0.116881
  VSN output std:
    encoder: 0.163147
  Attention entropy: 2.995675
  Saved to: experiments/12c_h1_rolling/market_only_daily_h1_d010/fold_2018/collapse_monitoring/collapse_monitor_latest.json
[DEBUG CollapseMonitor] on_validation_epoch_start called for epoch 61
[DEBUG CollapseMonitor] reset_temporal_state() called on loss function
Epoch 61: val_loss=0.2227429896593094
Epoch 61: train_loss=0.5091147422790527

[CollapseMonitor] Epoch 61
  [DEBUG] Processed 4 batches from val_dataloader
  [DEBUG] Predictions shape after concat: (200,)
  Pred std: 0.004701, range: 0.018905, mean: 0.052211
  Pos: 100.0%, Neg: 0.0%, Unique: 199
  Dir Acc: 59.50%, Pred Sharpe: 176.3056
  Composite: 0.4745 (dist_match: 0.5950, actual_pos: 59.5%, pred_pos: 100.0%)
  Collapse penalty: 0.000000 (threshold: 0.005000)
  Saved validation predictions to: experiments/12c_h1_rolling/market_only_daily_h1_d010/fold_2018/collapse_monitoring/val_predictions_epoch61.npy
  Gradient norms:
    lstm_encoder: 0.005317
    lstm_decoder: 0.003663
    output_layer: 0.100414
  VSN output std:
    encoder: 0.163085
  Attention entropy: 2.995674
  Saved to: experiments/12c_h1_rolling/market_only_daily_h1_d010/fold_2018/collapse_monitoring/collapse_monitor_latest.json
[DEBUG CollapseMonitor] on_validation_epoch_start called for epoch 62
[DEBUG CollapseMonitor] reset_temporal_state() called on loss function
Epoch 62: val_loss=0.22261051833629608
Epoch 62: train_loss=0.509715735912323

[CollapseMonitor] Epoch 62
  [DEBUG] Processed 4 batches from val_dataloader
  [DEBUG] Predictions shape after concat: (200,)
  Pred std: 0.004681, range: 0.018865, mean: 0.054738
  Pos: 100.0%, Neg: 0.0%, Unique: 199
  Dir Acc: 59.50%, Pred Sharpe: 185.6335
  Composite: 0.4745 (dist_match: 0.5950, actual_pos: 59.5%, pred_pos: 100.0%)
  Collapse penalty: 0.000000 (threshold: 0.005000)
  Saved validation predictions to: experiments/12c_h1_rolling/market_only_daily_h1_d010/fold_2018/collapse_monitoring/val_predictions_epoch62.npy
  Gradient norms:
    lstm_encoder: 0.005536
    lstm_decoder: 0.004142
    output_layer: 0.114903
  VSN output std:
    encoder: 0.163015
  Attention entropy: 2.995674
  Saved to: experiments/12c_h1_rolling/market_only_daily_h1_d010/fold_2018/collapse_monitoring/collapse_monitor_latest.json
[DEBUG CollapseMonitor] on_validation_epoch_start called for epoch 63
[DEBUG CollapseMonitor] reset_temporal_state() called on loss function
Epoch 63: val_loss=0.2224586308002472
Epoch 63: train_loss=0.5091745257377625

[CollapseMonitor] Epoch 63
  [DEBUG] Processed 4 batches from val_dataloader
  [DEBUG] Predictions shape after concat: (200,)
  Pred std: 0.004652, range: 0.018802, mean: 0.055577
  Pos: 100.0%, Neg: 0.0%, Unique: 199
  Dir Acc: 59.50%, Pred Sharpe: 189.6597
  Composite: 0.4745 (dist_match: 0.5950, actual_pos: 59.5%, pred_pos: 100.0%)
  Collapse penalty: 0.000000 (threshold: 0.005000)
  Saved validation predictions to: experiments/12c_h1_rolling/market_only_daily_h1_d010/fold_2018/collapse_monitoring/val_predictions_epoch63.npy
  Gradient norms:
    lstm_encoder: 0.005244
    lstm_decoder: 0.003641
    output_layer: 0.101166
  VSN output std:
    encoder: 0.162957
  Attention entropy: 2.995673
  Saved to: experiments/12c_h1_rolling/market_only_daily_h1_d010/fold_2018/collapse_monitoring/collapse_monitor_latest.json
[DEBUG CollapseMonitor] on_validation_epoch_start called for epoch 64
[DEBUG CollapseMonitor] reset_temporal_state() called on loss function
Epoch 64: val_loss=0.2224714308977127
Epoch 64: train_loss=0.5091593265533447

[CollapseMonitor] Epoch 64
  [DEBUG] Processed 4 batches from val_dataloader
  [DEBUG] Predictions shape after concat: (200,)
  Pred std: 0.004630, range: 0.018752, mean: 0.056083
  Pos: 100.0%, Neg: 0.0%, Unique: 198
  Dir Acc: 59.50%, Pred Sharpe: 192.3041
  Composite: 0.4745 (dist_match: 0.5950, actual_pos: 59.5%, pred_pos: 100.0%)
  Collapse penalty: 0.000000 (threshold: 0.005000)
  Saved validation predictions to: experiments/12c_h1_rolling/market_only_daily_h1_d010/fold_2018/collapse_monitoring/val_predictions_epoch64.npy
  Gradient norms:
    lstm_encoder: 0.005290
    lstm_decoder: 0.003800
    output_layer: 0.104411
  VSN output std:
    encoder: 0.162924
  Attention entropy: 2.995673
  Saved to: experiments/12c_h1_rolling/market_only_daily_h1_d010/fold_2018/collapse_monitoring/collapse_monitor_latest.json
[DEBUG CollapseMonitor] on_validation_epoch_start called for epoch 65
[DEBUG CollapseMonitor] reset_temporal_state() called on loss function
Epoch 65: val_loss=0.2223663479089737
Epoch 65: train_loss=0.5055705308914185

[CollapseMonitor] Epoch 65
  [DEBUG] Processed 4 batches from val_dataloader
  [DEBUG] Predictions shape after concat: (200,)
  Pred std: 0.004620, range: 0.018735, mean: 0.055258
  Pos: 100.0%, Neg: 0.0%, Unique: 197
  Dir Acc: 59.50%, Pred Sharpe: 189.8712
  Composite: 0.4745 (dist_match: 0.5950, actual_pos: 59.5%, pred_pos: 100.0%)
  Collapse penalty: 0.000000 (threshold: 0.005000)
  Saved validation predictions to: experiments/12c_h1_rolling/market_only_daily_h1_d010/fold_2018/collapse_monitoring/val_predictions_epoch65.npy
  Gradient norms:
    lstm_encoder: 0.005580
    lstm_decoder: 0.003808
    output_layer: 0.105944
  VSN output std:
    encoder: 0.162881
  Attention entropy: 2.995671
  Saved to: experiments/12c_h1_rolling/market_only_daily_h1_d010/fold_2018/collapse_monitoring/collapse_monitor_latest.json
[DEBUG CollapseMonitor] on_validation_epoch_start called for epoch 66
[DEBUG CollapseMonitor] reset_temporal_state() called on loss function
Epoch 66: val_loss=0.22213859856128693
Epoch 66: train_loss=0.5086420178413391

[CollapseMonitor] Epoch 66
  [DEBUG] Processed 4 batches from val_dataloader
  [DEBUG] Predictions shape after concat: (200,)
  Pred std: 0.004594, range: 0.018666, mean: 0.056166
  Pos: 100.0%, Neg: 0.0%, Unique: 198
  Dir Acc: 59.50%, Pred Sharpe: 194.0726
  Composite: 0.4745 (dist_match: 0.5950, actual_pos: 59.5%, pred_pos: 100.0%)
  Collapse penalty: 0.000000 (threshold: 0.005000)
  Saved validation predictions to: experiments/12c_h1_rolling/market_only_daily_h1_d010/fold_2018/collapse_monitoring/val_predictions_epoch66.npy
  Gradient norms:
    lstm_encoder: 0.005565
    lstm_decoder: 0.003929
    output_layer: 0.105435
  VSN output std:
    encoder: 0.162827
  Attention entropy: 2.995670
  Saved to: experiments/12c_h1_rolling/market_only_daily_h1_d010/fold_2018/collapse_monitoring/collapse_monitor_latest.json
[DEBUG CollapseMonitor] on_validation_epoch_start called for epoch 67
[DEBUG CollapseMonitor] reset_temporal_state() called on loss function
Epoch 67: val_loss=0.22211124002933502
Epoch 67: train_loss=0.509156346321106

[CollapseMonitor] Epoch 67
  [DEBUG] Processed 4 batches from val_dataloader
  [DEBUG] Predictions shape after concat: (200,)
  Pred std: 0.004572, range: 0.018616, mean: 0.058052
  Pos: 100.0%, Neg: 0.0%, Unique: 199
  Dir Acc: 59.50%, Pred Sharpe: 201.5571
  Composite: 0.4745 (dist_match: 0.5950, actual_pos: 59.5%, pred_pos: 100.0%)
  Collapse penalty: 0.000000 (threshold: 0.005000)
  Saved validation predictions to: experiments/12c_h1_rolling/market_only_daily_h1_d010/fold_2018/collapse_monitoring/val_predictions_epoch67.npy
  Gradient norms:
    lstm_encoder: 0.005376
    lstm_decoder: 0.003690
    output_layer: 0.100542
  VSN output std:
    encoder: 0.162801
  Attention entropy: 2.995669
  Saved to: experiments/12c_h1_rolling/market_only_daily_h1_d010/fold_2018/collapse_monitoring/collapse_monitor_latest.json
[DEBUG CollapseMonitor] on_validation_epoch_start called for epoch 68
[DEBUG CollapseMonitor] reset_temporal_state() called on loss function
Epoch 68: val_loss=0.2221400886774063
Epoch 68: train_loss=0.5099039673805237

[CollapseMonitor] Epoch 68
  [DEBUG] Processed 4 batches from val_dataloader
  [DEBUG] Predictions shape after concat: (200,)
  Pred std: 0.004553, range: 0.018570, mean: 0.059041
  Pos: 100.0%, Neg: 0.0%, Unique: 199
  Dir Acc: 59.50%, Pred Sharpe: 205.8750
  Composite: 0.4745 (dist_match: 0.5950, actual_pos: 59.5%, pred_pos: 100.0%)
  Collapse penalty: 0.000000 (threshold: 0.005000)
  Saved validation predictions to: experiments/12c_h1_rolling/market_only_daily_h1_d010/fold_2018/collapse_monitoring/val_predictions_epoch68.npy
  Gradient norms:
    lstm_encoder: 0.005495
    lstm_decoder: 0.003879
    output_layer: 0.108097
  VSN output std:
    encoder: 0.162779
  Attention entropy: 2.995668
  Saved to: experiments/12c_h1_rolling/market_only_daily_h1_d010/fold_2018/collapse_monitoring/collapse_monitor_latest.json
[DEBUG CollapseMonitor] on_validation_epoch_start called for epoch 69
[DEBUG CollapseMonitor] reset_temporal_state() called on loss function
Epoch 69: val_loss=0.22211074829101562
Epoch 69: train_loss=0.5081426501274109

[CollapseMonitor] Epoch 69
  [DEBUG] Processed 4 batches from val_dataloader
  [DEBUG] Predictions shape after concat: (200,)
  Pred std: 0.004536, range: 0.018520, mean: 0.058520
  Pos: 100.0%, Neg: 0.0%, Unique: 197
  Dir Acc: 59.50%, Pred Sharpe: 204.7862
  Composite: 0.4745 (dist_match: 0.5950, actual_pos: 59.5%, pred_pos: 100.0%)
  Collapse penalty: 0.000000 (threshold: 0.005000)
  Saved validation predictions to: experiments/12c_h1_rolling/market_only_daily_h1_d010/fold_2018/collapse_monitoring/val_predictions_epoch69.npy
  Gradient norms:
    lstm_encoder: 0.005543
    lstm_decoder: 0.003886
    output_layer: 0.111405
  VSN output std:
    encoder: 0.162752
  Attention entropy: 2.995667
  Saved to: experiments/12c_h1_rolling/market_only_daily_h1_d010/fold_2018/collapse_monitoring/collapse_monitor_latest.json
[DEBUG CollapseMonitor] on_validation_epoch_start called for epoch 70
[DEBUG CollapseMonitor] reset_temporal_state() called on loss function
Epoch 70: val_loss=0.22198976576328278
Epoch 70: train_loss=0.5089051723480225

[CollapseMonitor] Epoch 70
  [DEBUG] Processed 4 batches from val_dataloader
  [DEBUG] Predictions shape after concat: (200,)
  Pred std: 0.004523, range: 0.018503, mean: 0.057684
  Pos: 100.0%, Neg: 0.0%, Unique: 199
  Dir Acc: 59.50%, Pred Sharpe: 202.4736
  Composite: 0.4745 (dist_match: 0.5950, actual_pos: 59.5%, pred_pos: 100.0%)
  Collapse penalty: 0.000000 (threshold: 0.005000)
  Saved validation predictions to: experiments/12c_h1_rolling/market_only_daily_h1_d010/fold_2018/collapse_monitoring/val_predictions_epoch70.npy
  Gradient norms:
    lstm_encoder: 0.005271
    lstm_decoder: 0.003691
    output_layer: 0.106836
  VSN output std:
    encoder: 0.162745
  Attention entropy: 2.995667
  Saved to: experiments/12c_h1_rolling/market_only_daily_h1_d010/fold_2018/collapse_monitoring/collapse_monitor_latest.json
[DEBUG CollapseMonitor] on_validation_epoch_start called for epoch 71
[DEBUG CollapseMonitor] reset_temporal_state() called on loss function
Epoch 71: val_loss=0.2219521403312683
Epoch 71: train_loss=0.5069637894630432

[CollapseMonitor] Epoch 71
  [DEBUG] Processed 4 batches from val_dataloader
  [DEBUG] Predictions shape after concat: (200,)
  Pred std: 0.004511, range: 0.018478, mean: 0.056568
  Pos: 100.0%, Neg: 0.0%, Unique: 197
  Dir Acc: 59.50%, Pred Sharpe: 199.0667
  Composite: 0.4745 (dist_match: 0.5950, actual_pos: 59.5%, pred_pos: 100.0%)
  Collapse penalty: 0.000000 (threshold: 0.005000)
  Saved validation predictions to: experiments/12c_h1_rolling/market_only_daily_h1_d010/fold_2018/collapse_monitoring/val_predictions_epoch71.npy
  Gradient norms:
    lstm_encoder: 0.005773
    lstm_decoder: 0.004021
    output_layer: 0.114447
  VSN output std:
    encoder: 0.162752
  Attention entropy: 2.995665
  Saved to: experiments/12c_h1_rolling/market_only_daily_h1_d010/fold_2018/collapse_monitoring/collapse_monitor_latest.json
[DEBUG CollapseMonitor] on_validation_epoch_start called for epoch 72
[DEBUG CollapseMonitor] reset_temporal_state() called on loss function
Epoch 72: val_loss=0.22176484763622284
Epoch 72: train_loss=0.5075245499610901

[CollapseMonitor] Epoch 72
  [DEBUG] Processed 4 batches from val_dataloader
  [DEBUG] Predictions shape after concat: (200,)
  Pred std: 0.004491, range: 0.018431, mean: 0.057638
  Pos: 100.0%, Neg: 0.0%, Unique: 199
  Dir Acc: 59.50%, Pred Sharpe: 203.7221
  Composite: 0.4745 (dist_match: 0.5950, actual_pos: 59.5%, pred_pos: 100.0%)
  Collapse penalty: 0.000000 (threshold: 0.005000)
  Saved validation predictions to: experiments/12c_h1_rolling/market_only_daily_h1_d010/fold_2018/collapse_monitoring/val_predictions_epoch72.npy
  Gradient norms:
    lstm_encoder: 0.005510
    lstm_decoder: 0.003737
    output_layer: 0.104489
  VSN output std:
    encoder: 0.162758
  Attention entropy: 2.995663
  Saved to: experiments/12c_h1_rolling/market_only_daily_h1_d010/fold_2018/collapse_monitoring/collapse_monitor_latest.json
[DEBUG CollapseMonitor] on_validation_epoch_start called for epoch 73
[DEBUG CollapseMonitor] reset_temporal_state() called on loss function
Epoch 73: val_loss=0.22150065004825592
Epoch 73: train_loss=0.5061608552932739

[CollapseMonitor] Epoch 73
  [DEBUG] Processed 4 batches from val_dataloader
  [DEBUG] Predictions shape after concat: (200,)
  Pred std: 0.004456, range: 0.018337, mean: 0.059862
  Pos: 100.0%, Neg: 0.0%, Unique: 199
  Dir Acc: 59.50%, Pred Sharpe: 213.2407
  Composite: 0.4745 (dist_match: 0.5950, actual_pos: 59.5%, pred_pos: 100.0%)
  Collapse penalty: 0.000000 (threshold: 0.005000)
  Saved validation predictions to: experiments/12c_h1_rolling/market_only_daily_h1_d010/fold_2018/collapse_monitoring/val_predictions_epoch73.npy
  Gradient norms:
    lstm_encoder: 0.005557
    lstm_decoder: 0.003905
    output_layer: 0.110698
  VSN output std:
    encoder: 0.162752
  Attention entropy: 2.995662
  Saved to: experiments/12c_h1_rolling/market_only_daily_h1_d010/fold_2018/collapse_monitoring/collapse_monitor_latest.json
[DEBUG CollapseMonitor] on_validation_epoch_start called for epoch 74
[DEBUG CollapseMonitor] reset_temporal_state() called on loss function
Epoch 74: val_loss=0.22141435742378235
Epoch 74: train_loss=0.5070281028747559

[CollapseMonitor] Epoch 74
  [DEBUG] Processed 4 batches from val_dataloader
  [DEBUG] Predictions shape after concat: (200,)
  Pred std: 0.004434, range: 0.018275, mean: 0.060798
  Pos: 100.0%, Neg: 0.0%, Unique: 197
  Dir Acc: 59.50%, Pred Sharpe: 217.6657
  Composite: 0.4745 (dist_match: 0.5950, actual_pos: 59.5%, pred_pos: 100.0%)
  Collapse penalty: 0.000000 (threshold: 0.005000)
  Saved validation predictions to: experiments/12c_h1_rolling/market_only_daily_h1_d010/fold_2018/collapse_monitoring/val_predictions_epoch74.npy
  Gradient norms:
    lstm_encoder: 0.005713
    lstm_decoder: 0.004068
    output_layer: 0.113926
  VSN output std:
    encoder: 0.162758
  Attention entropy: 2.995661
  Saved to: experiments/12c_h1_rolling/market_only_daily_h1_d010/fold_2018/collapse_monitoring/collapse_monitor_latest.json
[DEBUG CollapseMonitor] on_validation_epoch_start called for epoch 75
[DEBUG CollapseMonitor] reset_temporal_state() called on loss function
Epoch 75: val_loss=0.22138628363609314
Epoch 75: train_loss=0.5075211524963379

[CollapseMonitor] Epoch 75
  [DEBUG] Processed 4 batches from val_dataloader
  [DEBUG] Predictions shape after concat: (200,)
  Pred std: 0.004394, range: 0.018167, mean: 0.061258
  Pos: 100.0%, Neg: 0.0%, Unique: 199
  Dir Acc: 59.50%, Pred Sharpe: 221.3090
  Composite: 0.4745 (dist_match: 0.5950, actual_pos: 59.5%, pred_pos: 100.0%)
  Collapse penalty: 0.000000 (threshold: 0.005000)
  Saved validation predictions to: experiments/12c_h1_rolling/market_only_daily_h1_d010/fold_2018/collapse_monitoring/val_predictions_epoch75.npy
  Gradient norms:
    lstm_encoder: 0.005394
    lstm_decoder: 0.003935
    output_layer: 0.104997
  VSN output std:
    encoder: 0.162786
  Attention entropy: 2.995660
  Saved to: experiments/12c_h1_rolling/market_only_daily_h1_d010/fold_2018/collapse_monitoring/collapse_monitor_latest.json
[DEBUG CollapseMonitor] on_validation_epoch_start called for epoch 76
[DEBUG CollapseMonitor] reset_temporal_state() called on loss function
Epoch 76: val_loss=0.22121389210224152
Epoch 76: train_loss=0.509236216545105

[CollapseMonitor] Epoch 76
  [DEBUG] Processed 4 batches from val_dataloader
  [DEBUG] Predictions shape after concat: (200,)
  Pred std: 0.004355, range: 0.018060, mean: 0.061971
  Pos: 100.0%, Neg: 0.0%, Unique: 198
  Dir Acc: 59.50%, Pred Sharpe: 225.9073
  Composite: 0.4745 (dist_match: 0.5950, actual_pos: 59.5%, pred_pos: 100.0%)
  Collapse penalty: 0.000000 (threshold: 0.005000)
  Saved validation predictions to: experiments/12c_h1_rolling/market_only_daily_h1_d010/fold_2018/collapse_monitoring/val_predictions_epoch76.npy
  Gradient norms:
    lstm_encoder: 0.005320
    lstm_decoder: 0.003718
    output_layer: 0.097070
  VSN output std:
    encoder: 0.162793
  Attention entropy: 2.995659
  Saved to: experiments/12c_h1_rolling/market_only_daily_h1_d010/fold_2018/collapse_monitoring/collapse_monitor_latest.json
[DEBUG CollapseMonitor] on_validation_epoch_start called for epoch 77
[DEBUG CollapseMonitor] reset_temporal_state() called on loss function
Epoch 77: val_loss=0.22109290957450867
Epoch 77: train_loss=0.5078377723693848

[CollapseMonitor] Epoch 77
  [DEBUG] Processed 4 batches from val_dataloader
  [DEBUG] Predictions shape after concat: (200,)
  Pred std: 0.004336, range: 0.018006, mean: 0.061276
  Pos: 100.0%, Neg: 0.0%, Unique: 197
  Dir Acc: 59.50%, Pred Sharpe: 224.3354
  Composite: 0.4745 (dist_match: 0.5950, actual_pos: 59.5%, pred_pos: 100.0%)
  Collapse penalty: 0.000000 (threshold: 0.005000)
  Saved validation predictions to: experiments/12c_h1_rolling/market_only_daily_h1_d010/fold_2018/collapse_monitoring/val_predictions_epoch77.npy
  Gradient norms:
    lstm_encoder: 0.005586
    lstm_decoder: 0.003993
    output_layer: 0.110747
  VSN output std:
    encoder: 0.162801
  Attention entropy: 2.995658
  Saved to: experiments/12c_h1_rolling/market_only_daily_h1_d010/fold_2018/collapse_monitoring/collapse_monitor_latest.json
[DEBUG CollapseMonitor] on_validation_epoch_start called for epoch 78
[DEBUG CollapseMonitor] reset_temporal_state() called on loss function
Epoch 78: val_loss=0.22102004289627075
Epoch 78: train_loss=0.5067701935768127

[CollapseMonitor] Epoch 78
  [DEBUG] Processed 4 batches from val_dataloader
  [DEBUG] Predictions shape after concat: (200,)
  Pred std: 0.004316, range: 0.017951, mean: 0.059438
  Pos: 100.0%, Neg: 0.0%, Unique: 199
  Dir Acc: 59.50%, Pred Sharpe: 218.6204
  Composite: 0.4745 (dist_match: 0.5950, actual_pos: 59.5%, pred_pos: 100.0%)
  Collapse penalty: 0.000000 (threshold: 0.005000)
  Saved validation predictions to: experiments/12c_h1_rolling/market_only_daily_h1_d010/fold_2018/collapse_monitoring/val_predictions_epoch78.npy
  Gradient norms:
    lstm_encoder: 0.006191
    lstm_decoder: 0.004260
    output_layer: 0.115048
  VSN output std:
    encoder: 0.162852
  Attention entropy: 2.995657
  Saved to: experiments/12c_h1_rolling/market_only_daily_h1_d010/fold_2018/collapse_monitoring/collapse_monitor_latest.json
[DEBUG CollapseMonitor] on_validation_epoch_start called for epoch 79
[DEBUG CollapseMonitor] reset_temporal_state() called on loss function
Epoch 79: val_loss=0.22092479467391968
Epoch 79: train_loss=0.5083917379379272

[CollapseMonitor] Epoch 79
  [DEBUG] Processed 4 batches from val_dataloader
  [DEBUG] Predictions shape after concat: (200,)
  Pred std: 0.004300, range: 0.017902, mean: 0.058215
  Pos: 100.0%, Neg: 0.0%, Unique: 200
  Dir Acc: 59.50%, Pred Sharpe: 214.9026
  Composite: 0.4745 (dist_match: 0.5950, actual_pos: 59.5%, pred_pos: 100.0%)
  Collapse penalty: 0.000000 (threshold: 0.005000)
  Saved validation predictions to: experiments/12c_h1_rolling/market_only_daily_h1_d010/fold_2018/collapse_monitoring/val_predictions_epoch79.npy
  Gradient norms:
    lstm_encoder: 0.005502
    lstm_decoder: 0.003824
    output_layer: 0.109328
  VSN output std:
    encoder: 0.162889
  Attention entropy: 2.995656
  Saved to: experiments/12c_h1_rolling/market_only_daily_h1_d010/fold_2018/collapse_monitoring/collapse_monitor_latest.json
[DEBUG CollapseMonitor] on_validation_epoch_start called for epoch 80
[DEBUG CollapseMonitor] reset_temporal_state() called on loss function
Epoch 80: val_loss=0.22084836661815643
Epoch 80: train_loss=0.5077223181724548

[CollapseMonitor] Epoch 80
  [DEBUG] Processed 4 batches from val_dataloader
  [DEBUG] Predictions shape after concat: (200,)
  Pred std: 0.004284, range: 0.017865, mean: 0.058918
  Pos: 100.0%, Neg: 0.0%, Unique: 198
  Dir Acc: 59.50%, Pred Sharpe: 218.3135
  Composite: 0.4745 (dist_match: 0.5950, actual_pos: 59.5%, pred_pos: 100.0%)
  Collapse penalty: 0.000000 (threshold: 0.005000)
  Saved validation predictions to: experiments/12c_h1_rolling/market_only_daily_h1_d010/fold_2018/collapse_monitoring/val_predictions_epoch80.npy
  Gradient norms:
    lstm_encoder: 0.005365
    lstm_decoder: 0.003878
    output_layer: 0.113094
  VSN output std:
    encoder: 0.162948
  Attention entropy: 2.995655
  Saved to: experiments/12c_h1_rolling/market_only_daily_h1_d010/fold_2018/collapse_monitoring/collapse_monitor_latest.json
[DEBUG CollapseMonitor] on_validation_epoch_start called for epoch 81
[DEBUG CollapseMonitor] reset_temporal_state() called on loss function
Epoch 81: val_loss=0.22060182690620422
Epoch 81: train_loss=0.5072963833808899

[CollapseMonitor] Epoch 81
  [DEBUG] Processed 4 batches from val_dataloader
  [DEBUG] Predictions shape after concat: (200,)
  Pred std: 0.004262, range: 0.017807, mean: 0.059926
  Pos: 100.0%, Neg: 0.0%, Unique: 200
  Dir Acc: 59.50%, Pred Sharpe: 223.1974
  Composite: 0.4745 (dist_match: 0.5950, actual_pos: 59.5%, pred_pos: 100.0%)
  Collapse penalty: 0.000000 (threshold: 0.005000)
  Saved validation predictions to: experiments/12c_h1_rolling/market_only_daily_h1_d010/fold_2018/collapse_monitoring/val_predictions_epoch81.npy
  Gradient norms:
    lstm_encoder: 0.005734
    lstm_decoder: 0.004098
    output_layer: 0.108793
  VSN output std:
    encoder: 0.162998
  Attention entropy: 2.995654
  Saved to: experiments/12c_h1_rolling/market_only_daily_h1_d010/fold_2018/collapse_monitoring/collapse_monitor_latest.json
[DEBUG CollapseMonitor] on_validation_epoch_start called for epoch 82
[DEBUG CollapseMonitor] reset_temporal_state() called on loss function
Epoch 82: val_loss=0.2206084281206131
Epoch 82: train_loss=0.5072315335273743

[CollapseMonitor] Epoch 82
  [DEBUG] Processed 4 batches from val_dataloader
  [DEBUG] Predictions shape after concat: (200,)
  Pred std: 0.004242, range: 0.017749, mean: 0.060017
  Pos: 100.0%, Neg: 0.0%, Unique: 195
  Dir Acc: 59.50%, Pred Sharpe: 224.6023
  Composite: 0.4745 (dist_match: 0.5950, actual_pos: 59.5%, pred_pos: 100.0%)
  Collapse penalty: 0.000000 (threshold: 0.005000)
  Saved validation predictions to: experiments/12c_h1_rolling/market_only_daily_h1_d010/fold_2018/collapse_monitoring/val_predictions_epoch82.npy
  Gradient norms:
    lstm_encoder: 0.006292
    lstm_decoder: 0.004309
    output_layer: 0.112529
  VSN output std:
    encoder: 0.163044
  Attention entropy: 2.995654
  Saved to: experiments/12c_h1_rolling/market_only_daily_h1_d010/fold_2018/collapse_monitoring/collapse_monitor_latest.json
[DEBUG CollapseMonitor] on_validation_epoch_start called for epoch 83
[DEBUG CollapseMonitor] reset_temporal_state() called on loss function
Epoch 83: val_loss=0.22034800052642822
Epoch 83: train_loss=0.5062590837478638

[CollapseMonitor] Epoch 83
  [DEBUG] Processed 4 batches from val_dataloader
  [DEBUG] Predictions shape after concat: (200,)
  Pred std: 0.004213, range: 0.017652, mean: 0.060570
  Pos: 100.0%, Neg: 0.0%, Unique: 195
  Dir Acc: 59.50%, Pred Sharpe: 228.2403
  Composite: 0.4745 (dist_match: 0.5950, actual_pos: 59.5%, pred_pos: 100.0%)
  Collapse penalty: 0.000000 (threshold: 0.005000)
  Saved validation predictions to: experiments/12c_h1_rolling/market_only_daily_h1_d010/fold_2018/collapse_monitoring/val_predictions_epoch83.npy
  Gradient norms:
    lstm_encoder: 0.005675
    lstm_decoder: 0.004016
    output_layer: 0.106123
  VSN output std:
    encoder: 0.163098
  Attention entropy: 2.995653
  Saved to: experiments/12c_h1_rolling/market_only_daily_h1_d010/fold_2018/collapse_monitoring/collapse_monitor_latest.json
[DEBUG CollapseMonitor] on_validation_epoch_start called for epoch 84
[DEBUG CollapseMonitor] reset_temporal_state() called on loss function
Epoch 84: val_loss=0.22030651569366455
Epoch 84: train_loss=0.5080029368400574

[CollapseMonitor] Epoch 84
  [DEBUG] Processed 4 batches from val_dataloader
  [DEBUG] Predictions shape after concat: (200,)
  Pred std: 0.004195, range: 0.017603, mean: 0.059957
  Pos: 100.0%, Neg: 0.0%, Unique: 198
  Dir Acc: 59.50%, Pred Sharpe: 226.9072
  Composite: 0.4745 (dist_match: 0.5950, actual_pos: 59.5%, pred_pos: 100.0%)
  Collapse penalty: 0.000000 (threshold: 0.005000)
  Saved validation predictions to: experiments/12c_h1_rolling/market_only_daily_h1_d010/fold_2018/collapse_monitoring/val_predictions_epoch84.npy
  Gradient norms:
    lstm_encoder: 0.005434
    lstm_decoder: 0.003804
    output_layer: 0.104730
  VSN output std:
    encoder: 0.163198
  Attention entropy: 2.995651
  Saved to: experiments/12c_h1_rolling/market_only_daily_h1_d010/fold_2018/collapse_monitoring/collapse_monitor_latest.json
[DEBUG CollapseMonitor] on_validation_epoch_start called for epoch 85
[DEBUG CollapseMonitor] reset_temporal_state() called on loss function
Epoch 85: val_loss=0.22017702460289001
Epoch 85: train_loss=0.5076931715011597

[CollapseMonitor] Epoch 85
  [DEBUG] Processed 4 batches from val_dataloader
  [DEBUG] Predictions shape after concat: (200,)
  Pred std: 0.004167, range: 0.017513, mean: 0.059237
  Pos: 100.0%, Neg: 0.0%, Unique: 200
  Dir Acc: 59.50%, Pred Sharpe: 225.6735
  Composite: 0.4745 (dist_match: 0.5950, actual_pos: 59.5%, pred_pos: 100.0%)
  Collapse penalty: 0.000000 (threshold: 0.005000)
  Saved validation predictions to: experiments/12c_h1_rolling/market_only_daily_h1_d010/fold_2018/collapse_monitoring/val_predictions_epoch85.npy
  Gradient norms:
    lstm_encoder: 0.006016
    lstm_decoder: 0.004218
    output_layer: 0.115258
  VSN output std:
    encoder: 0.163287
  Attention entropy: 2.995651
  Saved to: experiments/12c_h1_rolling/market_only_daily_h1_d010/fold_2018/collapse_monitoring/collapse_monitor_latest.json
[DEBUG CollapseMonitor] on_validation_epoch_start called for epoch 86
[DEBUG CollapseMonitor] reset_temporal_state() called on loss function
Epoch 86: val_loss=0.2200753390789032
Epoch 86: train_loss=0.5073198080062866

[CollapseMonitor] Epoch 86
  [DEBUG] Processed 4 batches from val_dataloader
  [DEBUG] Predictions shape after concat: (200,)
  Pred std: 0.004149, range: 0.017453, mean: 0.058458
  Pos: 100.0%, Neg: 0.0%, Unique: 198
  Dir Acc: 59.50%, Pred Sharpe: 223.6643
  Composite: 0.4745 (dist_match: 0.5950, actual_pos: 59.5%, pred_pos: 100.0%)
  Collapse penalty: 0.000000 (threshold: 0.005000)
  Saved validation predictions to: experiments/12c_h1_rolling/market_only_daily_h1_d010/fold_2018/collapse_monitoring/val_predictions_epoch86.npy
  Gradient norms:
    lstm_encoder: 0.005596
    lstm_decoder: 0.003817
    output_layer: 0.105070
  VSN output std:
    encoder: 0.163361
  Attention entropy: 2.995651
  Saved to: experiments/12c_h1_rolling/market_only_daily_h1_d010/fold_2018/collapse_monitoring/collapse_monitor_latest.json
[DEBUG CollapseMonitor] on_validation_epoch_start called for epoch 87
[DEBUG CollapseMonitor] reset_temporal_state() called on loss function
Epoch 87: val_loss=0.21995681524276733
Epoch 87: train_loss=0.5066419243812561

[CollapseMonitor] Epoch 87
  [DEBUG] Processed 4 batches from val_dataloader
  [DEBUG] Predictions shape after concat: (200,)
  Pred std: 0.004126, range: 0.017381, mean: 0.058862
  Pos: 100.0%, Neg: 0.0%, Unique: 197
  Dir Acc: 59.50%, Pred Sharpe: 226.4925
  Composite: 0.4745 (dist_match: 0.5950, actual_pos: 59.5%, pred_pos: 100.0%)
  Collapse penalty: 0.000000 (threshold: 0.005000)
  Saved validation predictions to: experiments/12c_h1_rolling/market_only_daily_h1_d010/fold_2018/collapse_monitoring/val_predictions_epoch87.npy
  Gradient norms:
    lstm_encoder: 0.005334
    lstm_decoder: 0.003760
    output_layer: 0.103694
  VSN output std:
    encoder: 0.163451
  Attention entropy: 2.995650
  Saved to: experiments/12c_h1_rolling/market_only_daily_h1_d010/fold_2018/collapse_monitoring/collapse_monitor_latest.json
[DEBUG CollapseMonitor] on_validation_epoch_start called for epoch 88
[DEBUG CollapseMonitor] reset_temporal_state() called on loss function
Epoch 88: val_loss=0.21977582573890686
Epoch 88: train_loss=0.5076005458831787

[CollapseMonitor] Epoch 88
  [DEBUG] Processed 4 batches from val_dataloader
  [DEBUG] Predictions shape after concat: (200,)
  Pred std: 0.004103, range: 0.017311, mean: 0.058852
  Pos: 100.0%, Neg: 0.0%, Unique: 199
  Dir Acc: 59.50%, Pred Sharpe: 227.7099
  Composite: 0.4745 (dist_match: 0.5950, actual_pos: 59.5%, pred_pos: 100.0%)
  Collapse penalty: 0.000000 (threshold: 0.005000)
  Saved validation predictions to: experiments/12c_h1_rolling/market_only_daily_h1_d010/fold_2018/collapse_monitoring/val_predictions_epoch88.npy
  Gradient norms:
    lstm_encoder: 0.005554
    lstm_decoder: 0.003971
    output_layer: 0.106448
  VSN output std:
    encoder: 0.163576
  Attention entropy: 2.995648
  Saved to: experiments/12c_h1_rolling/market_only_daily_h1_d010/fold_2018/collapse_monitoring/collapse_monitor_latest.json
[DEBUG CollapseMonitor] on_validation_epoch_start called for epoch 89
[DEBUG CollapseMonitor] reset_temporal_state() called on loss function
Epoch 89: val_loss=0.21973168849945068
Epoch 89: train_loss=0.5077211856842041

[CollapseMonitor] Epoch 89
  [DEBUG] Processed 4 batches from val_dataloader
  [DEBUG] Predictions shape after concat: (200,)
  Pred std: 0.004080, range: 0.017236, mean: 0.058161
  Pos: 100.0%, Neg: 0.0%, Unique: 199
  Dir Acc: 59.50%, Pred Sharpe: 226.2762
  Composite: 0.4745 (dist_match: 0.5950, actual_pos: 59.5%, pred_pos: 100.0%)
  Collapse penalty: 0.000000 (threshold: 0.005000)
  Saved validation predictions to: experiments/12c_h1_rolling/market_only_daily_h1_d010/fold_2018/collapse_monitoring/val_predictions_epoch89.npy
  Gradient norms:
    lstm_encoder: 0.005835
    lstm_decoder: 0.003916
    output_layer: 0.102041
  VSN output std:
    encoder: 0.163688
  Attention entropy: 2.995647
  Saved to: experiments/12c_h1_rolling/market_only_daily_h1_d010/fold_2018/collapse_monitoring/collapse_monitor_latest.json
[DEBUG CollapseMonitor] on_validation_epoch_start called for epoch 90
[DEBUG CollapseMonitor] reset_temporal_state() called on loss function
Epoch 90: val_loss=0.2195976972579956
Epoch 90: train_loss=0.5076791048049927

[CollapseMonitor] Epoch 90
  [DEBUG] Processed 4 batches from val_dataloader
  [DEBUG] Predictions shape after concat: (200,)
  Pred std: 0.004045, range: 0.017129, mean: 0.058732
  Pos: 100.0%, Neg: 0.0%, Unique: 200
  Dir Acc: 59.50%, Pred Sharpe: 230.4770
  Composite: 0.4745 (dist_match: 0.5950, actual_pos: 59.5%, pred_pos: 100.0%)
  Collapse penalty: 0.000000 (threshold: 0.005000)
  Saved validation predictions to: experiments/12c_h1_rolling/market_only_daily_h1_d010/fold_2018/collapse_monitoring/val_predictions_epoch90.npy
  Gradient norms:
    lstm_encoder: 0.005481
    lstm_decoder: 0.003797
    output_layer: 0.099148
  VSN output std:
    encoder: 0.163833
  Attention entropy: 2.995646
  Saved to: experiments/12c_h1_rolling/market_only_daily_h1_d010/fold_2018/collapse_monitoring/collapse_monitor_latest.json
[DEBUG CollapseMonitor] on_validation_epoch_start called for epoch 91
[DEBUG CollapseMonitor] reset_temporal_state() called on loss function
Epoch 91: val_loss=0.21949419379234314
Epoch 91: train_loss=0.5070917010307312

[CollapseMonitor] Epoch 91
  [DEBUG] Processed 4 batches from val_dataloader
  [DEBUG] Predictions shape after concat: (200,)
  Pred std: 0.004026, range: 0.017066, mean: 0.057860
  Pos: 100.0%, Neg: 0.0%, Unique: 198
  Dir Acc: 59.50%, Pred Sharpe: 228.1274
  Composite: 0.4745 (dist_match: 0.5950, actual_pos: 59.5%, pred_pos: 100.0%)
  Collapse penalty: 0.000000 (threshold: 0.005000)
  Saved validation predictions to: experiments/12c_h1_rolling/market_only_daily_h1_d010/fold_2018/collapse_monitoring/val_predictions_epoch91.npy
  Gradient norms:
    lstm_encoder: 0.006216
    lstm_decoder: 0.004243
    output_layer: 0.117635
  VSN output std:
    encoder: 0.163952
  Attention entropy: 2.995645
  Saved to: experiments/12c_h1_rolling/market_only_daily_h1_d010/fold_2018/collapse_monitoring/collapse_monitor_latest.json
[DEBUG CollapseMonitor] on_validation_epoch_start called for epoch 92
[DEBUG CollapseMonitor] reset_temporal_state() called on loss function
Epoch 92: val_loss=0.21936462819576263
Epoch 92: train_loss=0.5087687969207764

[CollapseMonitor] Epoch 92
  [DEBUG] Processed 4 batches from val_dataloader
  [DEBUG] Predictions shape after concat: (200,)
  Pred std: 0.004002, range: 0.016982, mean: 0.058465
  Pos: 100.0%, Neg: 0.0%, Unique: 198
  Dir Acc: 59.50%, Pred Sharpe: 231.8858
  Composite: 0.4745 (dist_match: 0.5950, actual_pos: 59.5%, pred_pos: 100.0%)
  Collapse penalty: 0.000000 (threshold: 0.005000)
  Saved validation predictions to: experiments/12c_h1_rolling/market_only_daily_h1_d010/fold_2018/collapse_monitoring/val_predictions_epoch92.npy
  Gradient norms:
    lstm_encoder: 0.005793
    lstm_decoder: 0.004040
    output_layer: 0.108979
  VSN output std:
    encoder: 0.164105
  Attention entropy: 2.995642
  Saved to: experiments/12c_h1_rolling/market_only_daily_h1_d010/fold_2018/collapse_monitoring/collapse_monitor_latest.json
[DEBUG CollapseMonitor] on_validation_epoch_start called for epoch 93
[DEBUG CollapseMonitor] reset_temporal_state() called on loss function
Epoch 93: val_loss=0.2192937433719635
Epoch 93: train_loss=0.5077134966850281

[CollapseMonitor] Epoch 93
  [DEBUG] Processed 4 batches from val_dataloader
  [DEBUG] Predictions shape after concat: (200,)
  Pred std: 0.003970, range: 0.016880, mean: 0.060633
  Pos: 100.0%, Neg: 0.0%, Unique: 200
  Dir Acc: 59.50%, Pred Sharpe: 242.4248
  Composite: 0.4745 (dist_match: 0.5950, actual_pos: 59.5%, pred_pos: 100.0%)
  Collapse penalty: 0.000000 (threshold: 0.005000)
  Saved validation predictions to: experiments/12c_h1_rolling/market_only_daily_h1_d010/fold_2018/collapse_monitoring/val_predictions_epoch93.npy
  Gradient norms:
    lstm_encoder: 0.005176
    lstm_decoder: 0.003612
    output_layer: 0.102208
  VSN output std:
    encoder: 0.164284
  Attention entropy: 2.995641
  Saved to: experiments/12c_h1_rolling/market_only_daily_h1_d010/fold_2018/collapse_monitoring/collapse_monitor_latest.json
[DEBUG CollapseMonitor] on_validation_epoch_start called for epoch 94
[DEBUG CollapseMonitor] reset_temporal_state() called on loss function
Epoch 94: val_loss=0.21906036138534546
Epoch 94: train_loss=0.5067459940910339

[CollapseMonitor] Epoch 94
  [DEBUG] Processed 4 batches from val_dataloader
  [DEBUG] Predictions shape after concat: (200,)
  Pred std: 0.003944, range: 0.016790, mean: 0.060826
  Pos: 100.0%, Neg: 0.0%, Unique: 198
  Dir Acc: 59.50%, Pred Sharpe: 244.7944
  Composite: 0.4745 (dist_match: 0.5950, actual_pos: 59.5%, pred_pos: 100.0%)
  Collapse penalty: 0.000000 (threshold: 0.005000)
  Saved validation predictions to: experiments/12c_h1_rolling/market_only_daily_h1_d010/fold_2018/collapse_monitoring/val_predictions_epoch94.npy
  Gradient norms:
    lstm_encoder: 0.005679
    lstm_decoder: 0.004139
    output_layer: 0.112485
  VSN output std:
    encoder: 0.164431
  Attention entropy: 2.995641
  Saved to: experiments/12c_h1_rolling/market_only_daily_h1_d010/fold_2018/collapse_monitoring/collapse_monitor_latest.json
[DEBUG CollapseMonitor] on_validation_epoch_start called for epoch 95
[DEBUG CollapseMonitor] reset_temporal_state() called on loss function
Epoch 95: val_loss=0.21890830993652344
Epoch 95: train_loss=0.5067735910415649

[CollapseMonitor] Epoch 95
  [DEBUG] Processed 4 batches from val_dataloader
  [DEBUG] Predictions shape after concat: (200,)
  Pred std: 0.003931, range: 0.016738, mean: 0.060555
  Pos: 100.0%, Neg: 0.0%, Unique: 197
  Dir Acc: 59.50%, Pred Sharpe: 244.5375
  Composite: 0.4745 (dist_match: 0.5950, actual_pos: 59.5%, pred_pos: 100.0%)
  Collapse penalty: 0.000000 (threshold: 0.005000)
  Saved validation predictions to: experiments/12c_h1_rolling/market_only_daily_h1_d010/fold_2018/collapse_monitoring/val_predictions_epoch95.npy
  Gradient norms:
    lstm_encoder: 0.005264
    lstm_decoder: 0.003634
    output_layer: 0.099507
  VSN output std:
    encoder: 0.164569
  Attention entropy: 2.995641
  Saved to: experiments/12c_h1_rolling/market_only_daily_h1_d010/fold_2018/collapse_monitoring/collapse_monitor_latest.json
[DEBUG CollapseMonitor] on_validation_epoch_start called for epoch 96
[DEBUG CollapseMonitor] reset_temporal_state() called on loss function
Epoch 96: val_loss=0.21890400350093842
Epoch 96: train_loss=0.5067229866981506

[CollapseMonitor] Epoch 96
  [DEBUG] Processed 4 batches from val_dataloader
  [DEBUG] Predictions shape after concat: (200,)
  Pred std: 0.003893, range: 0.016601, mean: 0.059749
  Pos: 100.0%, Neg: 0.0%, Unique: 199
  Dir Acc: 59.50%, Pred Sharpe: 243.6499
  Composite: 0.4745 (dist_match: 0.5950, actual_pos: 59.5%, pred_pos: 100.0%)
  Collapse penalty: 0.000000 (threshold: 0.005000)
  Saved validation predictions to: experiments/12c_h1_rolling/market_only_daily_h1_d010/fold_2018/collapse_monitoring/val_predictions_epoch96.npy
  Gradient norms:
    lstm_encoder: 0.005949
    lstm_decoder: 0.004109
    output_layer: 0.114756
  VSN output std:
    encoder: 0.164755
  Attention entropy: 2.995641
  Saved to: experiments/12c_h1_rolling/market_only_daily_h1_d010/fold_2018/collapse_monitoring/collapse_monitor_latest.json
[DEBUG CollapseMonitor] on_validation_epoch_start called for epoch 97
[DEBUG CollapseMonitor] reset_temporal_state() called on loss function
Epoch 97: val_loss=0.2187691628932953
Epoch 97: train_loss=0.5074341297149658

[CollapseMonitor] Epoch 97
  [DEBUG] Processed 4 batches from val_dataloader
  [DEBUG] Predictions shape after concat: (200,)
  Pred std: 0.003867, range: 0.016509, mean: 0.060007
  Pos: 100.0%, Neg: 0.0%, Unique: 198
  Dir Acc: 59.50%, Pred Sharpe: 246.3384
  Composite: 0.4745 (dist_match: 0.5950, actual_pos: 59.5%, pred_pos: 100.0%)
  Collapse penalty: 0.000000 (threshold: 0.005000)
  Saved validation predictions to: experiments/12c_h1_rolling/market_only_daily_h1_d010/fold_2018/collapse_monitoring/val_predictions_epoch97.npy
  Gradient norms:
    lstm_encoder: 0.005769
    lstm_decoder: 0.003943
    output_layer: 0.105935
  VSN output std:
    encoder: 0.164954
  Attention entropy: 2.995640
  Saved to: experiments/12c_h1_rolling/market_only_daily_h1_d010/fold_2018/collapse_monitoring/collapse_monitor_latest.json
[DEBUG CollapseMonitor] on_validation_epoch_start called for epoch 98
[DEBUG CollapseMonitor] reset_temporal_state() called on loss function
Epoch 98: val_loss=0.21863660216331482
Epoch 98: train_loss=0.5064783096313477

[CollapseMonitor] Epoch 98
  [DEBUG] Processed 4 batches from val_dataloader
  [DEBUG] Predictions shape after concat: (200,)
  Pred std: 0.003845, range: 0.016425, mean: 0.058802
  Pos: 100.0%, Neg: 0.0%, Unique: 198
  Dir Acc: 59.50%, Pred Sharpe: 242.7951
  Composite: 0.4745 (dist_match: 0.5950, actual_pos: 59.5%, pred_pos: 100.0%)
  Collapse penalty: 0.000000 (threshold: 0.005000)
  Saved validation predictions to: experiments/12c_h1_rolling/market_only_daily_h1_d010/fold_2018/collapse_monitoring/val_predictions_epoch98.npy
  Gradient norms:
    lstm_encoder: 0.005553
    lstm_decoder: 0.003932
    output_layer: 0.104825
  VSN output std:
    encoder: 0.165130
  Attention entropy: 2.995639
  Saved to: experiments/12c_h1_rolling/market_only_daily_h1_d010/fold_2018/collapse_monitoring/collapse_monitor_latest.json
[DEBUG CollapseMonitor] on_validation_epoch_start called for epoch 99
[DEBUG CollapseMonitor] reset_temporal_state() called on loss function
Epoch 99: val_loss=0.21857120096683502
Epoch 99: train_loss=0.5066671371459961

[CollapseMonitor] Epoch 99
  [DEBUG] Processed 4 batches from val_dataloader
  [DEBUG] Predictions shape after concat: (200,)
  Pred std: 0.003824, range: 0.016349, mean: 0.058606
  Pos: 100.0%, Neg: 0.0%, Unique: 200
  Dir Acc: 59.50%, Pred Sharpe: 243.3038
  Composite: 0.4745 (dist_match: 0.5950, actual_pos: 59.5%, pred_pos: 100.0%)
  Collapse penalty: 0.000000 (threshold: 0.005000)
  Saved validation predictions to: experiments/12c_h1_rolling/market_only_daily_h1_d010/fold_2018/collapse_monitoring/val_predictions_epoch99.npy
  Gradient norms:
    lstm_encoder: 0.006602
    lstm_decoder: 0.004655
    output_layer: 0.121835
  VSN output std:
    encoder: 0.165301
  Attention entropy: 2.995638
  Saved to: experiments/12c_h1_rolling/market_only_daily_h1_d010/fold_2018/collapse_monitoring/collapse_monitor_latest.json


======================================================================
Training complete
======================================================================

Best val_loss checkpoint: experiments/12c_h1_rolling/market_only_daily_h1_d010/fold_2018/checkpoints/tft-epoch=epoch=04-valloss=val_loss=0.1971.ckpt
Best validation loss: 0.197111
Checkpoints saved:
  - Best val_loss: experiments/12c_h1_rolling/market_only_daily_h1_d010/fold_2018/checkpoints/tft-epoch=epoch=04-valloss=val_loss=0.1971.ckpt
  - Best pred_std: experiments/12c_h1_rolling/market_only_daily_h1_d010/fold_2018/checkpoints/tft-epoch=epoch=01-predstd=val_pred_std=0.0134.ckpt
  - Best unique: experiments/12c_h1_rolling/market_only_daily_h1_d010/fold_2018/checkpoints/tft-epoch=epoch=07-unique=val_num_unique=200.ckpt
  - Best dir_acc: experiments/12c_h1_rolling/market_only_daily_h1_d010/fold_2018/checkpoints/tft-epoch=epoch=00-diracc=val_dir_acc=0.5950.ckpt
  - Best sharpe: experiments/12c_h1_rolling/market_only_daily_h1_d010/fold_2018/checkpoints/tft-epoch=epoch=97-sharpe=val_sharpe=246.3384.ckpt
  - Best composite: experiments/12c_h1_rolling/market_only_daily_h1_d010/fold_2018/checkpoints/tft-epoch=epoch=00-composite=val_composite=0.4745.ckpt
Completed at: 2025-12-14 03:55:14
Log saved to: experiments/12c_h1_rolling/market_only_daily_h1_d010/fold_2018/training_20251214_034333.log
======================================================================
