{
  "evaluation_timestamp": "2025-10-27T12:02:08.704507",
  "statistical_metrics": {
    "mse": 1.1800422668457031,
    "rmse": 1.0862975120544434,
    "mae": 0.7721684575080872,
    "mape": 191.85774326324463,
    "r2": -0.002787470817565918,
    "mean_error": 0.008180568926036358,
    "std_error": 1.0862666368484497
  },
  "financial_metrics": {
    "directional_accuracy": 0.540625,
    "sharpe_ratio": 1.0108386404780214,
    "max_drawdown": -0.1890222579240799,
    "total_return": 0.7091919183731079,
    "hit_rate": 0.3296875,
    "num_trades": 745,
    "precision": 0.5664429530201343,
    "recall": 0.6142649199417758,
    "f1_score": 0.5893854748603352,
    "confusion_matrix": [
      [
        270,
        323
      ],
      [
        265,
        422
      ]
    ],
    "auc_roc": 0.5427071290234688,
    "alpha": -0.2124161720275879
  },
  "residual_diagnostics": {
    "normality_p_value": 9.403600454261552e-40,
    "acf_lag1": -0.033867303303541575,
    "skewness": 0.13093698354526856,
    "kurtosis": 6.327833290801106
  },
  "mode_stats": {
    "healthy_days": 184,
    "degraded_days": 117,
    "unidirectional_days": 798,
    "weak_collapse_days": 142,
    "strong_collapse_days": 39,
    "total_days": 1280,
    "healthy_pct": 14.374999999999998,
    "degraded_pct": 9.140625,
    "unidirectional_pct": 62.34375,
    "weak_collapse_pct": 11.09375,
    "strong_collapse_pct": 3.046875
  },
  "collapse_detected": true,
  "degradation_detected": true,
  "checkpoint_used": "experiments/00_baseline_exploration/sweep2_h16_drop_0.3/checkpoints/tft-epoch=01-val_loss=0.1280.ckpt"
}