{
  "evaluation_timestamp": "2025-10-30T03:14:00.910601",
  "statistical_metrics": {
    "mse": 1.1724140644073486,
    "rmse": 1.0827807188034058,
    "mae": 0.7725491523742676,
    "mape": 133.95071029663086,
    "r2": 0.003694891929626465,
    "mean_error": 0.015471112914383411,
    "std_error": 1.0826702117919922
  },
  "financial_metrics": {
    "directional_accuracy": 0.54375,
    "sharpe_ratio": 1.0389086801670389,
    "max_drawdown": -0.18902236223220825,
    "total_return": 1.1923389434814453,
    "hit_rate": 0.47734375,
    "num_trades": 1119,
    "precision": 0.5460232350312779,
    "recall": 0.8893740902474527,
    "f1_score": 0.6766334440753046,
    "confusion_matrix": [
      [
        85,
        508
      ],
      [
        76,
        611
      ]
    ],
    "auc_roc": 0.509914308367146,
    "alpha": 0.2707308530807495
  },
  "residual_diagnostics": {
    "normality_p_value": 1.690980862330417e-38,
    "acf_lag1": -0.02910377971263068,
    "skewness": -0.0018466056769798963,
    "kurtosis": 6.219653917023274
  },
  "mode_stats": {
    "healthy_days": 568,
    "degraded_days": 36,
    "unidirectional_days": 647,
    "weak_collapse_days": 29,
    "strong_collapse_days": 0,
    "total_days": 1280,
    "healthy_pct": 44.375,
    "degraded_pct": 2.8125,
    "unidirectional_pct": 50.546875,
    "weak_collapse_pct": 2.265625,
    "strong_collapse_pct": 0.0
  },
  "collapse_detected": true,
  "degradation_detected": true,
  "checkpoint_used": "experiments/00_baseline_exploration/sweep2_h16_drop_0.3/checkpoints/tft-epoch=70-val_loss=0.3997.ckpt"
}