{
  "period_statistics": {
    "2020": {
      "n_samples": 92,
      "entropy_mean": 2.9943695068359375,
      "entropy_std": 0.0010250253835693002,
      "attention_concentration": 0.0500558577477932,
      "top_features": [
        [
          "t-19",
          0.05257759988307953
        ],
        [
          "t-18",
          0.05246255546808243
        ],
        [
          "t-17",
          0.05208612605929375
        ],
        [
          "t-16",
          0.05168004706501961
        ],
        [
          "t-15",
          0.05131187662482262
        ]
      ],
      "mean_attention": [
        0.05119220167398453,
        0.05257759988307953,
        0.05246255546808243,
        0.05208612605929375,
        0.05168004706501961,
        0.05131187662482262,
        0.05098705738782883,
        0.05069315806031227,
        0.05043283849954605,
        0.05020131915807724,
        0.04999588429927826,
        0.04980916157364845,
        0.0496305488049984,
        0.04934496805071831,
        0.04903583973646164,
        0.04872984439134598,
        0.04835619032382965,
        0.047858528792858124,
        0.047208402305841446,
        0.04640590026974678
      ],
      "std_attention": [
        0.002064401749521494,
        0.0020141066052019596,
        0.0019654976204037666,
        0.001888393540866673,
        0.0018095485866069794,
        0.0017422465607523918,
        0.0016848373925313354,
        0.0016406866488978267,
        0.0016170631861314178,
        0.0016254652291536331,
        0.0016485605156049132,
        0.0016878837486729026,
        0.001735231140628457,
        0.0019500617636367679,
        0.002151334658265114,
        0.0022254870273172855,
        0.002301601693034172,
        0.0023821485228836536,
        0.00246503041125834,
        0.0025530313141644
      ]
    },
    "2021": {
      "n_samples": 250,
      "entropy_mean": 2.9896960258483887,
      "entropy_std": 0.0057113440707325935,
      "attention_concentration": 0.05029754340648651,
      "top_features": [
        [
          "t-18",
          0.05386952683329582
        ],
        [
          "t-19",
          0.053793080151081085
        ],
        [
          "t-17",
          0.05371544510126114
        ],
        [
          "t-16",
          0.053524602204561234
        ],
        [
          "t-15",
          0.05329267680644989
        ]
      ],
      "mean_attention": [
        0.05279175937175751,
        0.053793080151081085,
        0.05386952683329582,
        0.05371544510126114,
        0.053524602204561234,
        0.05329267680644989,
        0.053007353097200394,
        0.052672430872917175,
        0.05227232351899147,
        0.05180249735713005,
        0.051257286220788956,
        0.05060452222824097,
        0.04982539266347885,
        0.048974085599184036,
        0.04798343777656555,
        0.04682796820998192,
        0.04553863778710365,
        0.04415636137127876,
        0.042736638337373734,
        0.04135401174426079
      ],
      "std_attention": [
        0.0034859906882047653,
        0.0035201748833060265,
        0.003485735272988677,
        0.003453008597716689,
        0.0034846507478505373,
        0.003563392674550414,
        0.003658650442957878,
        0.0037677776999771595,
        0.0038654122035950422,
        0.0039488766342401505,
        0.00400854367762804,
        0.004029156640172005,
        0.004021636210381985,
        0.003967788070440292,
        0.003913292195647955,
        0.003883296623826027,
        0.0038844295777380466,
        0.0038935337215662003,
        0.0039016823284327984,
        0.003895160974934697
      ]
    },
    "2022": {
      "n_samples": 249,
      "entropy_mean": 2.98276948928833,
      "entropy_std": 0.01265864446759224,
      "attention_concentration": 0.05061166733503342,
      "top_features": [
        [
          "t-18",
          0.05806593596935272
        ],
        [
          "t-19",
          0.057978931814432144
        ],
        [
          "t-17",
          0.057279426604509354
        ],
        [
          "t-20",
          0.05703933909535408
        ],
        [
          "t-16",
          0.056192584335803986
        ]
      ],
      "mean_attention": [
        0.05703933909535408,
        0.057978931814432144,
        0.05806593596935272,
        0.057279426604509354,
        0.056192584335803986,
        0.055033694952726364,
        0.05384223908185959,
        0.0525946281850338,
        0.051376551389694214,
        0.05019102245569229,
        0.04900548979640007,
        0.04787776619195938,
        0.04682487994432449,
        0.04584747925400734,
        0.044988472014665604,
        0.044224657118320465,
        0.043594054877758026,
        0.04305872693657875,
        0.04263326898217201,
        0.042350903153419495
      ],
      "std_attention": [
        0.006962442304939032,
        0.0067727090790867805,
        0.006411699112504721,
        0.0060684639029204845,
        0.005735860206186771,
        0.00540952617302537,
        0.005140642635524273,
        0.004991545807570219,
        0.004900988657027483,
        0.0049033756367862225,
        0.004956268705427647,
        0.005063100717961788,
        0.005226427223533392,
        0.00541840260848403,
        0.005655426066368818,
        0.0058895498514175415,
        0.006131296511739492,
        0.00635248189792037,
        0.0065627554431557655,
        0.00677830446511507
      ]
    },
    "2023": {
      "n_samples": 249,
      "entropy_mean": 2.9920244216918945,
      "entropy_std": 0.003655776148661971,
      "attention_concentration": 0.050065647810697556,
      "top_features": [
        [
          "t-20",
          0.05158684030175209
        ],
        [
          "t-13",
          0.05138181522488594
        ],
        [
          "t-14",
          0.05137941986322403
        ],
        [
          "t-15",
          0.051354050636291504
        ],
        [
          "t-12",
          0.05129239335656166
        ]
      ],
      "mean_attention": [
        0.05158684030175209,
        0.05126812309026718,
        0.051240112632513046,
        0.0512247271835804,
        0.051288995891809464,
        0.051354050636291504,
        0.05137941986322403,
        0.05138181522488594,
        0.05129239335656166,
        0.05112820118665695,
        0.05092557519674301,
        0.05064617097377777,
        0.05029003694653511,
        0.04983816668391228,
        0.04930397868156433,
        0.04870379716157913,
        0.047995828092098236,
        0.047223564237356186,
        0.046397969126701355,
        0.0455302856862545
      ],
      "std_attention": [
        0.004578076768666506,
        0.004382312297821045,
        0.004133307840675116,
        0.0038904258981347084,
        0.003699219785630703,
        0.003555672476068139,
        0.003459879895672202,
        0.003356576431542635,
        0.003330018138512969,
        0.003341605421155691,
        0.0033938433043658733,
        0.0034799505956470966,
        0.0035869304556399584,
        0.003717945422977209,
        0.0038687889464199543,
        0.004020301159471273,
        0.004163472447544336,
        0.004291572142392397,
        0.0043730237521231174,
        0.004424617625772953
      ]
    },
    "2024": {
      "n_samples": 250,
      "entropy_mean": 2.991283416748047,
      "entropy_std": 0.0054170540533959866,
      "attention_concentration": 0.050033800303936005,
      "top_features": [
        [
          "t-10",
          0.05118058621883392
        ],
        [
          "t-9",
          0.05116872116923332
        ],
        [
          "t-11",
          0.05112800374627113
        ],
        [
          "t-12",
          0.0510219968855381
        ],
        [
          "t-8",
          0.05097922682762146
        ]
      ],