{
  "period_statistics": {
    "2020": {
      "n_samples": 92,
      "entropy_mean": 2.7516708374023438,
      "entropy_std": 0.15708255767822266,
      "attention_concentration": 0.06034097820520401,
      "top_features": [
        [
          "t-20",
          0.13860969245433807
        ],
        [
          "t-19",
          0.08306325227022171
        ],
        [
          "t-18",
          0.05978160724043846
        ],
        [
          "t-1",
          0.04965031519532204
        ],
        [
          "t-17",
          0.0487469919025898
        ]
      ],
      "mean_attention": [
        0.13860969245433807,
        0.08306325227022171,
        0.05978160724043846,
        0.0487469919025898,
        0.04298751428723335,
        0.03995702415704727,
        0.0383845679461956,
        0.03770694136619568,
        0.037887562066316605,
        0.03798157721757889,
        0.03830750286579132,
        0.038811396807432175,
        0.039457328617572784,
        0.04107523709535599,
        0.04275723546743393,
        0.044252172112464905,
        0.045477453619241714,
        0.046887435019016266,
        0.04821724817156792,
        0.04965031519532204
      ],
      "std_attention": [
        0.08251255005598068,
        0.050755660980939865,
        0.03570227697491646,
        0.027487510815262794,
        0.022644568234682083,
        0.019927825778722763,
        0.018561692908406258,
        0.01812528446316719,
        0.019015027210116386,
        0.01939539797604084,
        0.020160501822829247,
        0.02085145376622677,
        0.021802958101034164,
        0.023727724328637123,
        0.025984754785895348,
        0.028971966356039047,
        0.031461138278245926,
        0.03494061529636383,
        0.038599178194999695,
        0.04335160180926323
      ]
    },
    "2021": {
      "n_samples": 250,
      "entropy_mean": 2.61856746673584,
      "entropy_std": 0.23561744391918182,
      "attention_concentration": 0.06165247783064842,
      "top_features": [
        [
          "t-20",
          0.15247966349124908
        ],
        [
          "t-19",
          0.06447380781173706
        ],
        [
          "t-1",
          0.051716845482587814
        ],
        [
          "t-18",
          0.04864097014069557
        ],
        [
          "t-2",
          0.04846957325935364
        ]
      ],
      "mean_attention": [
        0.15247966349124908,
        0.06447380781173706,
        0.04864097014069557,
        0.043563954532146454,
        0.041685160249471664,
        0.04089346155524254,
        0.04058891907334328,
        0.040562380105257034,
        0.040677376091480255,
        0.04087886959314346,
        0.04122977703809738,
        0.04167059436440468,
        0.042199283838272095,
        0.042543526738882065,
        0.043083950877189636,
        0.04365377500653267,
        0.04476059228181839,
        0.04622754082083702,
        0.04846957325935364,
        0.051716845482587814
      ],
      "std_attention": [
        0.10702953487634659,
        0.05865376070141792,
        0.043623413890600204,
        0.03785577788949013,
        0.03571924939751625,
        0.03494861349463463,
        0.03501392900943756,
        0.03518754616379738,
        0.03572361171245575,
        0.03636161983013153,
        0.037151556462049484,
        0.0377710722386837,
        0.038595039397478104,
        0.039711013436317444,
        0.04141984507441521,
        0.04262419417500496,
        0.04494298994541168,
        0.049910128116607666,
        0.0586111880838871,
        0.07140982896089554
      ]
    },
    "2022": {
      "n_samples": 249,
      "entropy_mean": 2.6588478088378906,
      "entropy_std": 0.20791088044643402,
      "attention_concentration": 0.06914404779672623,
      "top_features": [
        [
          "t-20",
          0.17472466826438904
        ],
        [
          "t-19",
          0.0894445851445198
        ],
        [
          "t-18",
          0.06014801561832428
        ],
        [
          "t-17",
          0.04759027808904648
        ],
        [
          "t-1",
          0.04483318701386452
        ]
      ],
      "mean_attention": [
        0.17472466826438904,
        0.0894445851445198,
        0.06014801561832428,
        0.04759027808904648,
        0.04179300740361214,
        0.039084065705537796,
        0.03806553781032562,
        0.03780704364180565,
        0.03768289089202881,
        0.03752001002430916,
        0.03741738945245743,
        0.03733408451080322,
        0.03749008849263191,
        0.037738628685474396,
        0.038362085819244385,
        0.03913724422454834,
        0.0399501733481884,
        0.0411125123500824,
        0.04276451840996742,
        0.04483318701386452
      ],
      "std_attention": [
        0.10579168051481247,
        0.05717102810740471,
        0.03836367651820183,
        0.02826377935707569,
        0.023007109761238098,
        0.021165532991290092,
        0.0210976991802454,
        0.021488336846232414,
        0.022102972492575645,
        0.02233550325036049,
        0.02272188663482666,
        0.023312151432037354,
        0.024081578478217125,
        0.024745585396885872,
        0.026532301679253578,
        0.0286884568631649,
        0.0311299879103899,
        0.034815575927495956,
        0.040948301553726196,
        0.051694195717573166
      ]
    },
    "2023": {
      "n_samples": 249,
      "entropy_mean": 2.8196089267730713,
      "entropy_std": 0.1435970962047577,
      "attention_concentration": 0.06542711704969406,
      "top_features": [
        [
          "t-20",
          0.17015813291072845
        ],
        [
          "t-19",
          0.05748818442225456
        ],
        [
          "t-1",
          0.04528573900461197
        ],
        [
          "t-2",
          0.04476035386323929
        ],
        [
          "t-18",
          0.04472215846180916
        ]
      ],
      "mean_attention": [
        0.17015813291072845,
        0.05748818442225456,
        0.04472215846180916,
        0.042124439030885696,
        0.041314247995615005,
        0.04119151458144188,
        0.04134503751993179,
        0.041552964597940445,
        0.04186670109629631,
        0.04225070774555206,
        0.04247991740703583,
        0.04267041012644768,
        0.04282958433032036,
        0.04301661252975464,
        0.04328407347202301,
        0.0435045026242733,
        0.04385814443230629,
        0.04429670795798302,
        0.04476035386323929,
        0.04528573900461197
      ],
      "std_attention": [
        0.0790020152926445,
        0.02926129475235939,
        0.01731274463236332,
        0.01577627658843994,
        0.01501035038381815,
        0.01513671688735485,
        0.015232033096253872,
        0.015317489393055439,
        0.015447591431438923,
        0.01563829928636551,
        0.015670321881771088,
        0.01585393026471138,
        0.01616281270980835,
        0.016438521444797516,
        0.017079396173357964,
        0.018135108053684235,
        0.019325613975524902,
        0.02115629054605961,
        0.023111343383789062,
        0.025423338636755943
      ]
    },
    "2024": {
      "n_samples": 250,
      "entropy_mean": 2.762464761734009,
      "entropy_std": 0.28720518946647644,
      "attention_concentration": 0.062349073588848114,
      "top_features": [
        [
          "t-20",
          0.1547127068042755
        ],
        [
          "t-1",
          0.056695785373449326
        ],
        [
          "t-19",
          0.054389577358961105
        ],
        [
          "t-2",
          0.05353095754981041
        ],
        [
          "t-3",
          0.05183481052517891
        ]
      ],