{
  "period_statistics": {
    "2020": {
      "n_samples": 92,
      "entropy_mean": 2.9884872436523438,
      "entropy_std": 0.004907594528049231,
      "attention_concentration": 0.05037873983383179,
      "top_features": [
        [
          "t-20",
          0.06588950008153915
        ],
        [
          "t-19",
          0.057298921048641205
        ],
        [
          "t-18",
          0.05356159061193466
        ],
        [
          "t-17",
          0.05144977942109108
        ],
        [
          "t-16",
          0.05023100972175598
        ]
      ],
      "mean_attention": [
        0.06588950008153915,
        0.057298921048641205,
        0.05356159061193466,
        0.05144977942109108,
        0.05023100972175598,
        0.04947363957762718,
        0.04898853972554207,
        0.04864935949444771,
        0.04841113090515137,
        0.048214398324489594,
        0.048057008534669876,
        0.04792372137308121,
        0.04780268669128418,
        0.047842565923929214,
        0.047818075865507126,
        0.04776568338274956,
        0.047714460641145706,
        0.04766874387860298,
        0.04763379320502281,
        0.04760543256998062
      ],
      "std_attention": [
        0.0074104322120547295,
        0.005752799566835165,
        0.004965332802385092,
        0.0044569410383701324,
        0.004134967923164368,
        0.0039063673466444016,
        0.003770548617467284,
        0.0036876462399959564,
        0.0036376584321260452,
        0.0036105040926486254,
        0.0036386449355632067,
        0.0036986530758440495,
        0.003765865694731474,
        0.00399135472252965,
        0.004086787346750498,
        0.00418742885813117,
        0.004288468975573778,
        0.004402123857289553,
        0.004523575305938721,
        0.00467488169670105
      ]
    },
    "2021": {
      "n_samples": 250,
      "entropy_mean": 2.985027313232422,
      "entropy_std": 0.01338263787329197,
      "attention_concentration": 0.050367217510938644,
      "top_features": [
        [
          "t-20",
          0.06528283655643463
        ],
        [
          "t-19",
          0.057244885712862015
        ],
        [
          "t-18",
          0.05376575142145157
        ],
        [
          "t-17",
          0.051747892051935196
        ],
        [
          "t-16",
          0.050512343645095825
        ]
      ],
      "mean_attention": [
        0.06528283655643463,
        0.057244885712862015,
        0.05376575142145157,
        0.051747892051935196,
        0.050512343645095825,
        0.04977836832404137,
        0.04925362393260002,
        0.04890412837266922,
        0.048676226288080215,
        0.04846392571926117,
        0.04829765483736992,
        0.048164304345846176,
        0.048060301691293716,
        0.047889888286590576,
        0.04771067947149277,
        0.047546759247779846,
        0.04738493636250496,
        0.047237198799848557,
        0.047099702060222626,
        0.04697851464152336
      ],
      "std_attention": [
        0.007831854745745659,
        0.007032736204564571,
        0.00668928399682045,
        0.006200123578310013,
        0.005827715154737234,
        0.00559835834428668,
        0.005500768311321735,
        0.005473040975630283,
        0.005471458658576012,
        0.005516824312508106,
        0.005551460199058056,
        0.005578010808676481,
        0.005585879553109407,
        0.005578150041401386,
        0.005701787769794464,
        0.005888934712857008,
        0.006169058382511139,
        0.006586612667888403,
        0.007136079948395491,
        0.0077517153695225716
      ]
    },
    "2022": {
      "n_samples": 249,
      "entropy_mean": 2.9795689582824707,
      "entropy_std": 0.01669885963201523,
      "attention_concentration": 0.050065550953149796,
      "top_features": [
        [
          "t-20",
          0.056460171937942505
        ],
        [
          "t-19",
          0.05313493311405182
        ],
        [
          "t-18",
          0.05157472938299179
        ],
        [
          "t-17",
          0.05070830136537552
        ],
        [
          "t-16",
          0.05019395425915718
        ]
      ],
      "mean_attention": [
        0.056460171937942505,
        0.05313493311405182,
        0.05157472938299179,
        0.05070830136537552,
        0.05019395425915718,
        0.04979034885764122,
        0.04955875128507614,
        0.049414247274398804,
        0.04924140125513077,
        0.049112413078546524,
        0.04904383048415184,
        0.048977240920066833,
        0.04891030862927437,
        0.04885363578796387,
        0.04884003847837448,
        0.04893337935209274,
        0.0490366593003273,
        0.04919353127479553,
        0.04939773678779602,
        0.04962437227368355
      ],
      "std_attention": [
        0.01204425934702158,
        0.010333494283258915,
        0.009273490868508816,
        0.008677835576236248,
        0.00820778775960207,
        0.007805945817381144,
        0.007480294443666935,
        0.007292174268513918,
        0.007128819357603788,
        0.007061908952891827,
        0.007075193338096142,
        0.00719796447083354,
        0.0074592516757547855,
        0.007804479915648699,
        0.00818708911538124,
        0.008650848641991615,
        0.009244774468243122,
        0.009960794821381569,
        0.01078085321933031,
        0.011723310686647892
      ]
    },
    "2023": {
      "n_samples": 249,
      "entropy_mean": 2.983058214187622,
      "entropy_std": 0.010829855687916279,
      "attention_concentration": 0.050236500799655914,
      "top_features": [
        [
          "t-20",
          0.0623151957988739
        ],
        [
          "t-19",
          0.05590805038809776
        ],
        [
          "t-18",
          0.053037453442811966
        ],
        [
          "t-17",
          0.05137300863862038
        ],
        [
          "t-16",
          0.05035247281193733
        ]
      ],
      "mean_attention": [
        0.0623151957988739,
        0.05590805038809776,
        0.053037453442811966,
        0.05137300863862038,
        0.05035247281193733,
        0.04970739409327507,
        0.04926489293575287,
        0.04891207441687584,
        0.04869825765490532,
        0.0485796220600605,
        0.04845559597015381,
        0.04836650565266609,
        0.04829476773738861,
        0.04826125502586365,
        0.0482473224401474,
        0.048120561987161636,
        0.04807773232460022,
        0.048031069338321686,
        0.047994524240493774,
        0.04800226539373398
      ],
      "std_attention": [
        0.010397300124168396,
        0.008901006542146206,
        0.008025535382330418,
        0.00741930166259408,
        0.006964356638491154,
        0.006650170776993036,
        0.006421830039471388,
        0.006205671466886997,
        0.006136240437626839,
        0.006101204082369804,
        0.0061423578299582005,
        0.006241378374397755,
        0.006357260514050722,
        0.006480873562395573,
        0.00660881819203496,
        0.006835242733359337,
        0.0070918588899075985,
        0.007430835161358118,
        0.007830457761883736,
        0.008335591293871403
      ]
    },
    "2024": {
      "n_samples": 250,
      "entropy_mean": 2.991732597351074,
      "entropy_std": 0.00232942053116858,
      "attention_concentration": 0.05014444515109062,
      "top_features": [
        [
          "t-20",
          0.05995894968509674
        ],
        [
          "t-19",
          0.05426624417304993
        ],
        [
          "t-18",
          0.05207892507314682
        ],
        [
          "t-17",
          0.050878431648015976
        ],
        [
          "t-16",
          0.05017048493027687
        ]
      ],