{
  "period_statistics": {
    "2020": {
      "n_samples": 92,
      "entropy_mean": 2.9769742488861084,
      "entropy_std": 0.01355013158172369,
      "attention_concentration": 0.05033903196454048,
      "top_features": [
        [
          "t-1",
          0.05543684586882591
        ],
        [
          "t-2",
          0.05510495603084564
        ],
        [
          "t-3",
          0.054727740585803986
        ],
        [
          "t-4",
          0.05439509078860283
        ],
        [
          "t-5",
          0.05405297502875328
        ]
      ],
      "mean_attention": [
        0.04455963894724846,
        0.04391586780548096,
        0.043599169701337814,
        0.04397626593708992,
        0.044963013380765915,
        0.04624351114034653,
        0.047587860375642776,
        0.04874734953045845,
        0.049796659499406815,
        0.05058435723185539,
        0.051257964223623276,
        0.05183938890695572,
        0.052335020154714584,
        0.05318572744727135,
        0.05369063466787338,
        0.05405297502875328,
        0.05439509078860283,
        0.054727740585803986,
        0.05510495603084564,
        0.05543684586882591
      ],
      "std_attention": [
        0.014255599118769169,
        0.010617190971970558,
        0.008998775854706764,
        0.00826227106153965,
        0.00787864625453949,
        0.007584052160382271,
        0.007344950456172228,
        0.0070485686883330345,
        0.006831837818026543,
        0.006657260470092297,
        0.006604672409594059,
        0.006708590313792229,
        0.00694225262850523,
        0.008045283146202564,
        0.008534177206456661,
        0.009170719422399998,
        0.009768623858690262,
        0.010369147174060345,
        0.010997500270605087,
        0.011598833836615086
      ]
    },
    "2021": {
      "n_samples": 250,
      "entropy_mean": 2.9655158519744873,
      "entropy_std": 0.03850557655096054,
      "attention_concentration": 0.05020848289132118,
      "top_features": [
        [
          "t-1",
          0.05519416555762291
        ],
        [
          "t-2",
          0.05470098927617073
        ],
        [
          "t-3",
          0.05421317741274834
        ],
        [
          "t-4",
          0.053665678948163986
        ],
        [
          "t-5",
          0.05312415584921837
        ]
      ],
      "mean_attention": [
        0.04279949143528938,
        0.046483125537633896,
        0.047470420598983765,
        0.047307416796684265,
        0.04714873805642128,
        0.047264620661735535,
        0.04757082089781761,
        0.04808129370212555,
        0.048707954585552216,
        0.04937712848186493,
        0.05007936805486679,
        0.050769079476594925,
        0.051482170820236206,
        0.05200781673192978,
        0.05255240947008133,
        0.05312415584921837,
        0.053665678948163986,
        0.05421317741274834,
        0.05470098927617073,
        0.05519416555762291
      ],
      "std_attention": [
        0.012663007713854313,
        0.01309590507298708,
        0.012870673090219498,
        0.012466738931834698,
        0.012084955349564552,
        0.01173449493944645,
        0.011499088257551193,
        0.011342369951307774,
        0.011273019947111607,
        0.011297542601823807,
        0.01142637338489294,
        0.011573701165616512,
        0.011876421980559826,
        0.012027416378259659,
        0.012439378537237644,
        0.013159604743123055,
        0.013827074319124222,
        0.014903625473380089,
        0.016014115884900093,
        0.017007101327180862
      ]
    },
    "2022": {
      "n_samples": 249,
      "entropy_mean": 2.962095022201538,
      "entropy_std": 0.036988068372011185,
      "attention_concentration": 0.050067976117134094,
      "top_features": [
        [
          "t-1",
          0.05404311791062355
        ],
        [
          "t-2",
          0.05332880839705467
        ],
        [
          "t-3",
          0.05260355398058891
        ],
        [
          "t-4",
          0.05195268988609314
        ],
        [
          "t-5",
          0.051386862993240356
        ]
      ],
      "mean_attention": [
        0.05045033618807793,
        0.050262801349163055,
        0.049493592232465744,
        0.048624131828546524,
        0.047988198697566986,
        0.04764924570918083,
        0.04768418148159981,
        0.04796983301639557,
        0.04827055707573891,
        0.04867270588874817,
        0.049104928970336914,
        0.04951329529285431,
        0.049892608076334,
        0.05029250308871269,
        0.05081606283783913,
        0.051386862993240356,
        0.05195268988609314,
        0.05260355398058891,
        0.05332880839705467,
        0.05404311791062355
      ],
      "std_attention": [
        0.018546372652053833,
        0.015024234540760517,
        0.013452067039906979,
        0.01258301641792059,
        0.011920607648789883,
        0.011418960988521576,
        0.010960024781525135,
        0.01064328383654356,
        0.010390767827630043,
        0.010342022404074669,
        0.010379129089415073,
        0.010542059317231178,
        0.01078005786985159,
        0.011185265146195889,
        0.011809972114861012,
        0.01272871159017086,
        0.01385420374572277,
        0.015292394906282425,
        0.017009910196065903,
        0.018852708861231804
      ]
    },
    "2023": {
      "n_samples": 249,
      "entropy_mean": 2.98861026763916,
      "entropy_std": 0.008598142303526402,
      "attention_concentration": 0.0500468984246254,
      "top_features": [
        [
          "t-1",
          0.051919952034950256
        ],
        [
          "t-2",
          0.051741477102041245
        ],
        [
          "t-3",
          0.05159597843885422
        ],
        [
          "t-4",
          0.05142351612448692
        ],
        [
          "t-5",
          0.05120854824781418
        ]
      ],
      "mean_attention": [
        0.04471276327967644,
        0.04922698438167572,
        0.050414685159921646,
        0.05004992336034775,
        0.04948665201663971,
        0.04913843423128128,
        0.04902508854866028,
        0.049031805247068405,
        0.0492553748190403,
        0.04956459626555443,
        0.04986092448234558,
        0.050159942358732224,
        0.050452861934900284,
        0.05074077844619751,
        0.050989702343940735,
        0.05120854824781418,
        0.05142351612448692,
        0.05159597843885422,
        0.051741477102041245,
        0.051919952034950256
      ],
      "std_attention": [
        0.006857225205749273,
        0.007009207736700773,
        0.006754860747605562,
        0.006312387064099312,
        0.005914945621043444,
        0.005649085156619549,
        0.0054962970316410065,
        0.005263185128569603,
        0.005213505122810602,
        0.005162336397916079,
        0.005185788031667471,
        0.005230070557445288,
        0.005292612127959728,
        0.005366567522287369,
        0.005542713217437267,
        0.005724286660552025,
        0.005967907141894102,
        0.00626034289598465,
        0.006588878575712442,
        0.00702715665102005
      ]
    },
    "2024": {
      "n_samples": 250,
      "entropy_mean": 2.9820444583892822,
      "entropy_std": 0.03268691152334213,
      "attention_concentration": 0.05008206516504288,
      "top_features": [
        [
          "t-1",
          0.05241132155060768
        ],
        [
          "t-2",
          0.05213689059019089
        ],
        [
          "t-3",
          0.05197107419371605
        ],
        [
          "t-4",
          0.05179138109087944
        ],
        [
          "t-5",
          0.051592499017715454
        ]
      ],