experiment_name,phase,hidden_size,dropout,learning_rate,encoder_length,attention_heads,batch_size,created_at,best_val_loss,total_epochs,early_stopped,pred_min,pred_max,pred_mean,pred_std,num_unique,num_negative,num_positive,pct_negative,pct_positive,checkpoint_selected,checkpoint_epoch,test_mse,test_rmse,test_mae,test_r2,dir_acc,sharpe_ratio,max_drawdown,total_return,num_trades,precision,recall,f1_score,auc_roc,alpha,hit_rate,healthy_pct,degraded_pct,unidirectional_pct,weak_collapse_pct,strong_collapse_pct,healthy_days,degraded_days,unidirectional_days,weak_collapse_days,strong_collapse_days,has_any_collapse,has_strong_collapse,has_degradation,has_unidirectional,problematic_pct,predicted_down,predicted_up,pct_down_predictions,pct_up_predictions,evaluated,collapsed,evaluation_type,selection_warning,n_folds,dir_acc_std,sharpe_std,healthy_pct_std,fold_years,checkpoint_epoch_min,checkpoint_epoch_max,composite_score
exp001_baseline,00_baseline_exploration,32.0,0.15,0.001,20.0,2.0,64.0,2025-10-29T17:24:47.172295,0.39423084259033203,48,True,-0.057795,0.332268,0.10518,0.067879,1280.0,77.0,1203.0,6.015625,93.984375,default,,1.176902174949646,1.0848512649536133,0.7738154530525208,-0.00011909008026123047,0.5265625,0.7697217541762329,-0.24135597050189972,0.7995294332504272,1203.0,0.5336658354114713,0.9344978165938864,0.6793650793650793,0.5018913034406749,-0.12207865715026855,0.5015625,30.234375000000004,7.03125,62.734375,0.0,0.0,387.0,90.0,803.0,0.0,0.0,False,False,True,True,69.765625,77.0,1203.0,0.06015625,0.93984375,True,False,standard,,,,,,,,,0.5284538034406749
exp002_small,00_baseline_exploration,16.0,0.15,0.001,20.0,2.0,64.0,2025-10-29T17:24:49.245200,0.40068119764328003,51,True,-0.113902,0.334301,0.078949,0.069927,1280.0,191.0,1089.0,14.921875000000002,85.078125,default,,1.1725597381591797,1.0828479528427124,0.7709203958511353,0.003571033477783203,0.5375,0.9489821276181274,-0.19335544109344482,1.0041823387145996,1089.0,0.5436179981634527,0.8617176128093159,0.6666666666666666,0.5227950543826447,0.08257424831390381,0.4625,43.4375,5.390625,51.171875,0.0,0.0,556.0,69.0,655.0,0.0,0.0,False,False,True,True,56.5625,191.0,1089.0,0.14921875,0.85078125,True,False,standard,,,,,,,,,0.5602950543826447
exp003_large,00_baseline_exploration,64.0,0.15,0.001,20.0,2.0,64.0,2025-10-29T17:24:51.537678,0.3922594487667084,43,True,-0.201462,0.284872,0.098703,0.07009,1280.0,80.0,1200.0,6.25,93.75,default,,1.1891038417816162,1.0904604196548462,0.7764203548431396,-0.010487914085388184,0.51484375,0.5491898593321413,-0.2524605989456177,0.46581149101257324,1200.0,0.5275,0.9213973799126638,0.670906200317965,0.48869513563137135,-0.45579659938812256,0.49453125,13.359375000000002,16.71875,69.921875,0.0,0.0,171.0,214.0,895.0,0.0,0.0,False,False,True,True,86.640625,80.0,1200.0,0.0625,0.9375,True,False,standard,,,,,,,,,0.5035388856313714
exp004_attn1,00_baseline_exploration,32.0,0.15,0.001,20.0,1.0,64.0,2025-10-29T17:24:53.849316,0.393707275390625,38,True,-0.131112,0.264005,0.076798,0.05508,1280.0,37.0,1243.0,2.890625,97.109375,default,,1.1753171682357788,1.084120512008667,0.7732990980148315,0.0012277960777282715,0.5328125,0.7652061596652693,-0.24038992822170258,0.7976610660552979,1243.0,0.5358004827031375,0.9694323144104804,0.6901554404145077,0.49169962026652525,-0.12394702434539795,0.5203125,31.5625,4.84375,63.59375000000001,0.0,0.0,404.0,62.0,814.0,0.0,0.0,False,False,True,True,68.4375,37.0,1243.0,0.02890625,0.97109375,True,False,standard,,,,,,,,,0.5245121202665253
exp005_attn4,00_baseline_exploration,32.0,0.15,0.001,20.0,4.0,64.0,2025-10-29T17:24:55.924480,0.3964081406593323,40,True,-0.143688,0.306421,0.021703,0.068749,1280.0,425.0,855.0,33.203125,66.796875,default,,1.17354154586792,1.0833011865615845,0.7731990814208984,0.002736687660217285,0.5265625,0.9715244996085568,-0.19083577394485474,0.9285787343978882,855.0,0.5473684210526316,0.6812227074235808,0.6070038910505836,0.5201293106622384,0.006970643997192383,0.365625,51.87500000000001,17.578125,28.281250000000004,2.265625,0.0,664.0,225.0,362.0,29.0,0.0,True,False,True,True,48.125,425.0,855.0,0.33203125,0.66796875,True,False,standard,,,,,,,,,0.5466918106622385
exp006_monthly,00_baseline_exploration,32.0,0.15,0.001,12.0,2.0,64.0,2025-10-29T17:24:58.021191,1.720292091369629,74,True,1.177493,1.264809,1.201504,0.016072,51.0,0.0,51.0,0.0,100.0,default,,21.161169052124023,4.600127220153809,3.790424346923828,-0.0019049644470214844,0.6274509803921569,3.274471076839194,-0.24769513309001923,0.5335338115692139,51.0,0.6274509803921569,1.0,0.7710843373493976,0.5657894736842106,0.0,0.6274509803921569,58.82352941176471,0.0,41.17647058823529,0.0,0.0,30.0,0.0,21.0,0.0,0.0,False,False,False,True,41.17647058823529,0.0,51.0,0.0,1.0,True,True,standard,,,,,,,,,0.6932404540763675
sweep2_combo1,00_baseline_exploration,12.0,0.2,0.0004,40.0,2.0,64.0,2025-10-29T17:25:00.168726,0.3973938226699829,100,False,-0.019954,0.213426,0.069137,0.035913,1260.0,17.0,1243.0,1.3492063492063493,98.65079365079364,default,,1.1638619899749756,1.0788244009017944,0.7693415284156799,0.0025281310081481934,0.530952380952381,0.7907138457755453,-0.25245994329452515,0.8278985023498535,1243.0,0.5333869670152857,0.983679525222552,0.6917057902973396,0.5025597269624573,-0.09614408016204834,0.5261904761904762,9.841269841269842,1.507936507936508,85.79365079365078,1.8253968253968256,1.0317460317460316,124.0,19.0,1081.0,23.0,13.0,True,True,True,True,90.15873015873015,17.0,1243.0,0.013492063492063493,0.9865079365079366,True,True,standard,,,,,,,,,0.5335121079148383
sweep2_combo2,00_baseline_exploration,10.0,0.15,0.0005,30.0,2.0,64.0,2025-10-29T17:25:02.492003,0.402525395154953,91,True,-0.050932,0.186949,0.038899,0.046706,1270.0,311.0,959.0,24.488188976377952,75.51181102362204,default,,1.1802077293395996,1.0863736867904663,0.7752647995948792,0.0027393698692321777,0.5338582677165354,0.9090400093512463,-0.18902239203453064,0.9302901029586792,959.0,0.5453597497393118,0.7702503681885126,0.6385836385836386,0.5047858276703323,0.08326244354248047,0.41181102362204725,44.960629921259844,9.84251968503937,40.94488188976378,1.574803149606299,2.677165354330709,571.0,125.0,520.0,20.0,34.0,True,True,True,True,55.039370078740156,311.0,959.0,0.24488188976377953,0.7551181102362204,True,True,standard,,,,,,,,,0.5386440953868677
sweep2_combo3,00_baseline_exploration,18.0,0.25,0.0003,30.0,2.0,64.0,2025-10-29T17:25:04.603149,0.3973490297794342,100,False,0.043918,0.292909,0.077144,0.031594,1270.0,0.0,1270.0,0.0,100.0,default,,1.1812355518341064,1.0868465900421143,0.7753164172172546,0.0018708109855651855,0.5346456692913386,0.7914648875824186,-0.2524600923061371,0.8470276594161987,1270.0,0.5346456692913386,1.0,0.6967675731144177,0.4697213230365148,0.0,0.5346456692913386,2.3622047244094486,0.0,76.69291338582677,6.6141732283464565,14.330708661417324,30.0,0.0,974.0,84.0,182.0,True,True,False,True,97.63779527559055,0.0,1270.0,0.0,1.0,True,True,standard,,,,,,,,,0.5043669923278534
sweep2_h16_drop_0.05,00_baseline_exploration,16.0,0.05,0.0005,20.0,2.0,64.0,2025-10-29T17:25:06.444912,0.4024626612663269,58,True,-0.171759,0.36483,0.039751,0.06868,1280.0,329.0,951.0,25.703125,74.296875,default,,1.1721553802490234,1.0826612710952759,0.772081732749939,0.00391465425491333,0.5296875,0.8048062877928472,-0.1753367781639099,0.714472770690918,951.0,0.544689800210305,0.7540029112081513,0.6324786324786325,0.5231853428278975,-0.20713531970977783,0.4046875,61.64062500000001,14.609375,21.5625,2.1875,0.0,789.0,187.0,276.0,28.0,0.0,True,False,True,True,38.359375,329.0,951.0,0.25703125,0.74296875,True,False,standard,,,,,,,,,0.5528728428278975
sweep2_h16_drop_0.1,00_baseline_exploration,16.0,0.1,0.0005,20.0,2.0,64.0,2025-10-29T17:29:39.095725,0.4031470715999603,58,True,-0.148645,0.31521,0.049674,0.056025,1280.0,205.0,1075.0,16.015625,83.984375,default,,1.171387791633606,1.0823067426681519,0.7713769674301147,0.004566967487335205,0.5359375,0.8790067345516318,-0.1942625492811203,0.8648793697357178,1075.0,0.5432558139534883,0.8500727802037845,0.6628830874006809,0.5287230203907303,-0.05672872066497803,0.45625,48.203125,11.328125,37.65625,2.8125,0.0,617.0,145.0,482.0,36.0,0.0,True,False,True,True,51.796875,205.0,1075.0,0.16015625,0.83984375,True,False,standard,,,,,,,,,0.5646605203907302
sweep2_h16_drop_0.15,00_baseline_exploration,16.0,0.15,0.0005,20.0,2.0,64.0,2025-10-29T17:49:10.822738,0.4029621183872223,59,True,-0.1357,0.221421,0.027785,0.047946,1280.0,279.0,1001.0,21.796875,78.203125,default,,1.174346923828125,1.0836728811264038,0.7719882726669312,0.00205230712890625,0.5453125,1.006013640397486,-0.1960231363773346,0.984951376914978,1001.0,0.5524475524475524,0.8049490538573508,0.6552132701421801,0.531005839598813,0.06334328651428223,0.43203125,45.3125,16.015625,35.9375,2.734375,0.0,580.0,205.0,460.0,35.0,0.0,True,False,True,True,54.6875,279.0,1001.0,0.21796875,0.78203125,True,True,standard,,,,,,,,,0.576318339598813
sweep2_h16_drop_0.2,00_baseline_exploration,16.0,0.2,0.0005,20.0,2.0,64.0,2025-10-29T17:51:43.089771,0.4028061330318451,58,True,-0.091126,0.234459,0.044575,0.038264,1280.0,145.0,1135.0,11.328125,88.671875,default,,1.1733239889144897,1.0832008123397827,0.7720001935958862,0.002921581268310547,0.5390625,0.9905456091306027,-0.18902228772640228,1.083960771560669,1135.0,0.5427312775330396,0.8966521106259098,0.6761800219538968,0.5184503339543584,0.16235268115997314,0.48125,37.265625,8.125,51.40625,3.2031249999999996,0.0,477.0,104.0,658.0,41.0,0.0,True,False,True,True,62.734375,145.0,1135.0,0.11328125,0.88671875,True,True,standard,,,,,,,,,0.5575128339543584
sweep2_h16_drop_0.25,00_baseline_exploration,16.0,0.25,0.0005,20.0,2.0,64.0,2025-10-29T17:52:45.092369,0.4023403227329254,58,True,-0.055598,0.231256,0.049885,0.029732,1279.0,65.0,1215.0,5.078125,94.921875,default,,1.1733026504516602,1.08319091796875,0.7719786763191223,0.0029397010803222656,0.5390625,0.9279255765251542,-0.22382667660713196,1.0357539653778076,1215.0,0.5399176954732511,0.9548762736535662,0.6898002103049422,0.5087078506888959,0.11414587497711182,0.5125,20.859375,2.734375,72.265625,2.03125,2.109375,267.0,35.0,925.0,26.0,27.0,True,True,True,True,79.140625,65.0,1215.0,0.05078125,0.94921875,True,True,standard,,,,,,,,,0.5477703506888959
sweep2_h16_drop_0.3,00_baseline_exploration,16.0,0.3,0.0005,20.0,2.0,64.0,2025-10-29T17:53:47.042890,0.39969533681869507,81,True,-0.094288,0.288517,0.04145,0.045201,1279.0,161.0,1119.0,12.578125000000002,87.421875,default,,1.1724140644073486,1.0827807188034058,0.7725491523742676,0.003694891929626465,0.54375,1.0389086801670389,-0.18902236223220825,1.1923389434814453,1119.0,0.5460232350312779,0.8893740902474527,0.6766334440753046,0.509914308367146,0.2707308530807495,0.47734375,44.375,2.8125,50.546875,2.265625,0.0,568.0,36.0,647.0,29.0,0.0,True,False,True,True,55.625,161.0,1119.0,0.12578125,0.87421875,True,True,standard,,,,,,,,,0.553664308367146
sweep2_h16_enc_15,00_baseline_exploration,16.0,0.15,0.0005,15.0,2.0,64.0,2025-10-29T17:55:49.024017,0.4031449556350708,56,True,-0.122914,0.226582,0.045256,0.043228,1285.0,205.0,1080.0,15.953307392996107,84.04669260700389,default,,1.1698912382125854,1.0816150903701782,0.7701097726821899,0.0032464265823364258,0.5346303501945525,0.967535639693957,-0.19426259398460388,1.0048742294311523,1080.0,0.5425925925925926,0.8492753623188406,0.6621468926553673,0.5368018511752528,0.050932884216308594,0.45603112840466925,42.023346303501945,11.828793774319065,42.72373540856031,3.268482490272374,0.1556420233463035,540.0,152.0,549.0,42.0,2.0,True,True,True,True,57.976653696498055,205.0,1080.0,0.15953307392996108,0.8404669260700389,True,True,standard,,,,,,,,,0.5714322013698053
sweep2_h16_enc_20,00_baseline_exploration,16.0,0.15,0.0005,20.0,2.0,64.0,2025-10-29T17:57:51.284849,0.4029621183872223,59,True,-0.1357,0.221421,0.027785,0.047946,1280.0,279.0,1001.0,21.796875,78.203125,default,,1.174346923828125,1.0836728811264038,0.7719882726669312,0.00205230712890625,0.5453125,1.006013640397486,-0.1960231363773346,0.984951376914978,1001.0,0.5524475524475524,0.8049490538573508,0.6552132701421801,0.531005839598813,0.06334328651428223,0.43203125,45.3125,16.015625,35.9375,2.734375,0.0,580.0,205.0,460.0,35.0,0.0,True,False,True,True,54.6875,279.0,1001.0,0.21796875,0.78203125,True,True,standard,,,,,,,,,0.576318339598813
sweep2_h16_enc_30,00_baseline_exploration,16.0,0.15,0.0005,30.0,2.0,64.0,2025-10-29T18:02:53.585213,0.40314075350761414,68,True,-0.112714,0.272541,0.039199,0.060794,1270.0,360.0,910.0,28.346456692913385,71.65354330708661,default,,1.1786977052688599,1.0856784582138062,0.774669349193573,0.0040152668952941895,0.5299212598425197,0.8337530357328016,-0.16190265119075775,0.7533208131790161,910.0,0.545054945054945,0.7304860088365243,0.6242920075519194,0.5180804856350412,-0.09370684623718262,0.3905511811023622,60.39370078740157,13.779527559055119,25.826771653543307,0.0,0.0,767.0,175.0,328.0,0.0,0.0,False,False,True,True,39.60629921259843,360.0,910.0,0.28346456692913385,0.7165354330708661,True,False,standard,,,,,,,,,0.5480017454775609
sweep2_h16_enc_40,00_baseline_exploration,16.0,0.15,0.0005,40.0,2.0,64.0,2025-10-29T18:22:55.422476,0.4052792489528656,59,True,-0.04366,0.226324,0.048515,0.03565,1259.0,46.0,1214.0,3.650793650793651,96.34920634920636,default,,1.162594199180603,1.0782365798950195,0.7685431838035583,0.003614664077758789,0.5333333333333333,0.9159910491167349,-0.21950364112854004,1.015639305114746,1214.0,0.5354200988467874,0.9643916913946587,0.6885593220338981,0.5174218409779119,0.09159672260284424,0.5158730158730159,24.206349206349206,1.6666666666666667,70.23809523809523,2.4603174603174605,1.4285714285714286,305.0,21.0,885.0,31.0,18.0,True,True,True,True,75.79365079365078,46.0,1214.0,0.03650793650793651,0.9634920634920635,True,True,standard,,,,,,,,,0.5507551743112452
sweep2_h16_enc_50,00_baseline_exploration,16.0,0.15,0.0005,50.0,2.0,64.0,2025-10-29T18:24:57.922461,0.40346384048461914,66,True,-0.014191,0.264566,0.061826,0.045797,1249.0,4.0,1246.0,0.32,99.68,default,,1.159854531288147,1.0769654512405396,0.7665221691131592,0.0028074979782104492,0.5352,0.8757427778235402,-0.2450161874294281,0.9541944265365601,1246.0,0.5353130016051364,0.9970104633781763,0.6966057441253263,0.49489308933363174,0.017283916473388672,0.5336,7.199999999999999,0.0,90.56,2.2399999999999998,0.0,90.0,0.0,1132.0,28.0,0.0,True,False,False,True,92.8,4.0,1246.0,0.0032,0.9968,True,True,standard,,,,,,,,,0.5300930893336318
sweep2_h16_enc_60,00_baseline_exploration,16.0,0.15,0.0005,60.0,2.0,64.0,2025-10-29T18:24:59.867133,0.40536612272262573,54,True,-0.023429,0.246027,0.061531,0.036634,1240.0,44.0,1196.0,3.5483870967741935,96.45161290322581,default,,1.1578233242034912,1.0760220289230347,0.7633564472198486,0.004652082920074463,0.5403225806451613,0.9913182951344301,-0.22339020669460297,1.1238715648651123,1196.0,0.5392976588628763,0.9713855421686747,0.6935483870967742,0.5278875920348058,0.22318017482757568,0.5201612903225806,34.193548387096776,1.0483870967741937,63.2258064516129,1.532258064516129,0.0,424.0,13.0,784.0,19.0,0.0,True,False,True,True,65.80645161290322,44.0,1196.0,0.035483870967741936,0.964516129032258,True,True,standard,,,,,,,,,0.5682101726799671
sweep2_h16_lr_0.0002,00_baseline_exploration,16.0,0.15,0.0002,20.0,2.0,64.0,2025-10-29T18:26:01.068187,0.4037674069404602,100,False,-0.097624,0.217736,0.041224,0.044027,1280.0,229.0,1051.0,17.890625,82.109375,default,,1.1729071140289307,1.0830084085464478,0.7718166708946228,0.0032758712768554688,0.534375,0.9944035985319261,-0.19158919155597687,1.0340607166290283,1051.0,0.5432921027592769,0.8311499272197962,0.6570771001150747,0.5343367919271658,0.11245262622833252,0.44609375,46.40625,12.1875,38.59375,2.8125,0.0,594.0,156.0,494.0,36.0,0.0,True,False,True,True,53.59375,229.0,1051.0,0.17890625,0.82109375,True,True,standard,,,,,,,,,0.5687117919271658
sweep2_h16_lr_0.0003,00_baseline_exploration,16.0,0.15,0.0003,20.0,2.0,64.0,2025-10-29T18:27:33.174310,0.4034959673881531,81,True,-0.089575,0.229482,0.052644,0.044098,1280.0,177.0,1103.0,13.828125,86.171875,default,,1.1724979877471924,1.0828194618225098,0.7712967395782471,0.0036235451698303223,0.5375,0.9702908395193295,-0.19535988569259644,1.0359389781951904,1103.0,0.543064369900272,0.8719068413391557,0.6692737430167598,0.5355812965922173,0.11433088779449463,0.46796875,33.59375,10.0,53.59374999999999,2.8125,0.0,430.0,128.0,686.0,36.0,0.0,True,False,True,True,66.40625,177.0,1103.0,0.13828125,0.86171875,True,True,standard,,,,,,,,,0.5730812965922173
sweep2_h16_lr_0.0004,00_baseline_exploration,16.0,0.15,0.0004,20.0,2.0,64.0,2025-10-29T18:31:06.059424,0.40401941537857056,58,True,-0.118871,0.249133,0.039306,0.042996,1278.0,205.0,1075.0,16.015625,83.984375,default,,1.1723554134368896,1.0827536582946777,0.7721511125564575,0.003744661808013916,0.5328125,0.8848522644322627,-0.19158923625946045,0.8742597103118896,1075.0,0.5413953488372093,0.8471615720524017,0.6606129398410896,0.5242666136463496,-0.04734838008880615,0.4546875,45.390625,14.296875,36.40625,1.171875,2.734375,581.0,183.0,466.0,15.0,35.0,True,True,True,True,54.609375,205.0,1075.0,0.16015625,0.83984375,True,True,standard,,,,,,,,,0.5570791136463497
sweep2_h16_lr_0.0005,00_baseline_exploration,16.0,0.15,0.0005,20.0,2.0,64.0,2025-10-29T18:31:07.932789,0.4029621183872223,59,True,-0.1357,0.221421,0.027785,0.047946,1280.0,279.0,1001.0,21.796875,78.203125,default,,1.174346923828125,1.0836728811264038,0.7719882726669312,0.00205230712890625,0.5453125,1.006013640397486,-0.1960231363773346,0.984951376914978,1001.0,0.5524475524475524,0.8049490538573508,0.6552132701421801,0.531005839598813,0.06334328651428223,0.43203125,45.3125,16.015625,35.9375,2.734375,0.0,580.0,205.0,460.0,35.0,0.0,True,False,True,True,54.6875,279.0,1001.0,0.21796875,0.78203125,True,True,standard,,,,,,,,,0.576318339598813
sweep2_h16_lr_0.0006,00_baseline_exploration,16.0,0.15,0.0006,20.0,2.0,64.0,2025-10-29T18:32:09.545601,0.40242594480514526,51,True,-0.080081,0.26269,0.077434,0.050334,1279.0,82.0,1198.0,6.406249999999999,93.59375,default,,1.1727921962738037,1.0829553604125977,0.7711097002029419,0.003373444080352783,0.53515625,0.8763055269443439,-0.22348129749298096,0.9585448503494263,1198.0,0.5383973288814691,0.9388646288209607,0.6843501326259946,0.5279989003193493,0.03693675994873047,0.50390625,33.125,5.625,59.68750000000001,1.5625,0.0,424.0,72.0,764.0,20.0,0.0,True,False,True,True,66.875,82.0,1198.0,0.0640625,0.9359375,True,False,standard,,,,,,,,,0.5631551503193493
sweep2_h16_lr_0.0007,00_baseline_exploration,16.0,0.15,0.0007,20.0,2.0,64.0,2025-10-29T18:39:11.295303,0.4006896913051605,51,True,-0.11751,0.286904,0.071097,0.059277,1280.0,159.0,1121.0,12.421875,87.578125,default,,1.1722853183746338,1.08272123336792,0.7709378004074097,0.0038042664527893066,0.5328125,0.8752693257994593,-0.22921346127986908,0.9032437801361084,1121.0,0.5396966993755575,0.8806404657933042,0.6692477876106195,0.5278049834188777,-0.018364310264587402,0.47265625,35.546875,7.968749999999999,56.484375,0.0,0.0,455.0,102.0,723.0,0.0,0.0,False,False,True,True,64.453125,159.0,1121.0,0.12421875,0.87578125,True,False,standard,,,,,,,,,0.5606174834188777
sweep2_h16_lr_0.0008,00_baseline_exploration,16.0,0.15,0.0008,20.0,2.0,64.0,2025-10-29T18:41:13.662495,0.3998205363750458,51,True,-0.124291,0.324829,0.075746,0.067919,1280.0,188.0,1092.0,14.6875,85.3125,default,,1.172728180885315,1.082925796508789,0.7708621025085449,0.0034279227256774902,0.53515625,0.8964671555441348,-0.19836312532424927,0.9145073890686035,1092.0,0.5421245421245421,0.8617176128093159,0.6655424395727937,0.5248004987837238,-0.007100701332092285,0.4625,37.890625,6.09375,56.015625,0.0,0.0,485.0,78.0,717.0,0.0,0.0,False,False,True,True,62.109375,188.0,1092.0,0.146875,0.853125,True,False,standard,,,,,,,,,0.5599567487837238
sweep2_hidden_10,00_baseline_exploration,10.0,0.15,0.0005,20.0,2.0,64.0,2025-10-29T18:56:15.860507,0.40175294876098633,74,True,-0.029444,0.175743,0.045233,0.035356,1280.0,158.0,1122.0,12.34375,87.65625,default,,1.173121452331543,1.083107352256775,0.7721077799797058,0.003093719482421875,0.54140625,0.8918177336623874,-0.18902237713336945,0.9367285966873169,1122.0,0.5445632798573975,0.8893740902474527,0.6755113322277502,0.5169873659457376,0.015120506286621094,0.47734375,36.640625,9.921875,34.21875,7.187499999999999,12.03125,469.0,127.0,438.0,92.0,154.0,True,True,True,True,63.359375,158.0,1122.0,0.1234375,0.8765625,True,True,standard,,,,,,,,,0.5583936159457376
sweep2_hidden_12,00_baseline_exploration,12.0,0.15,0.0005,20.0,2.0,64.0,2025-10-29T18:56:17.789499,0.39306944608688354,100,False,-0.023507,0.256061,0.058823,0.04458,1280.0,112.0,1168.0,8.75,91.25,default,,1.1739801168441772,1.0835036039352417,0.7729639410972595,0.0023639798164367676,0.52265625,0.7600494001724063,-0.2416587769985199,0.7894494533538818,1168.0,0.5325342465753424,0.9053857350800583,0.6706199460916441,0.5064765790113184,-0.13215863704681396,0.4859375,23.125,8.90625,66.640625,0.390625,0.9375,296.0,114.0,853.0,5.0,12.0,True,True,True,True,76.875,112.0,1168.0,0.0875,0.9125,True,True,standard,,,,,,,,,0.5291328290113184
sweep2_hidden_14,00_baseline_exploration,14.0,0.15,0.0005,20.0,2.0,64.0,2025-10-29T19:00:20.011165,0.39811307191848755,74,True,-0.02442,0.280017,0.075718,0.058472,1280.0,60.0,1220.0,4.6875,95.3125,default,,1.1776353120803833,1.0851891040802002,0.7743974328041077,-0.0007420778274536133,0.53203125,0.7791355605596145,-0.24135524034500122,0.8191012144088745,1220.0,0.5360655737704918,0.9519650655021834,0.6858940744625066,0.47859181965237324,-0.10250687599182129,0.5109375,33.046875,3.75,63.20312500000001,0.0,0.0,423.0,48.0,809.0,0.0,0.0,False,False,True,True,66.953125,60.0,1220.0,0.046875,0.953125,True,False,standard,,,,,,,,,0.5106230696523733
sweep2_hidden_16,00_baseline_exploration,16.0,0.15,0.0005,20.0,2.0,64.0,2025-10-29T19:02:52.233867,0.4029621183872223,59,True,-0.1357,0.221421,0.027785,0.047946,1280.0,279.0,1001.0,21.796875,78.203125,default,,1.174346923828125,1.0836728811264038,0.7719882726669312,0.00205230712890625,0.5453125,1.006013640397486,-0.1960231363773346,0.984951376914978,1001.0,0.5524475524475524,0.8049490538573508,0.6552132701421801,0.531005839598813,0.06334328651428223,0.43203125,45.3125,16.015625,35.9375,2.734375,0.0,580.0,205.0,460.0,35.0,0.0,True,False,True,True,54.6875,279.0,1001.0,0.21796875,0.78203125,True,True,standard,,,,,,,,,0.576318339598813
sweep2_hidden_18,00_baseline_exploration,18.0,0.15,0.0005,20.0,2.0,64.0,2025-10-29T19:02:54.304700,0.3950904905796051,71,True,0.032943,0.232695,0.062763,0.027106,1280.0,0.0,1280.0,0.0,100.0,default,,1.174429178237915,1.083710789680481,0.7731541395187378,0.001982450485229492,0.53671875,0.8329736080938573,-0.2524605989456177,0.9216080904006958,1280.0,0.53671875,1.0,0.6985256736146417,0.46659351826623563,0.0,0.53671875,2.34375,0.0,76.09375,7.34375,14.21875,30.0,0.0,974.0,94.0,182.0,True,True,False,True,97.65625,0.0,1280.0,0.0,1.0,True,True,standard,,,,,,,,,0.5033122682662357
sweep2_hidden_20,00_baseline_exploration,20.0,0.15,0.0005,20.0,2.0,64.0,2025-10-29T19:03:26.300121,0.39927801489830017,72,True,-0.002716,0.242218,0.086727,0.04773,1280.0,3.0,1277.0,0.234375,99.765625,default,,1.174564003944397,1.0837730169296265,0.7719663977622986,0.0018678903579711914,0.534375,0.7947284303504591,-0.2524605989456177,0.8570568561553955,1277.0,0.5356303837118246,0.9956331877729258,0.6965376782077394,0.5110814917364399,-0.06455123424530029,0.534375,6.484375000000001,0.546875,89.140625,3.125,0.703125,83.0,7.0,1141.0,40.0,9.0,True,True,True,True,93.515625,3.0,1277.0,0.00234375,0.99765625,True,True,standard,,,,,,,,,0.54545649173644
sweep2_hidden_8,00_baseline_exploration,8.0,0.15,0.0005,20.0,2.0,64.0,2025-10-29T19:06:58.132959,0.3989180624485016,100,False,0.008441,0.294471,0.046758,0.02331,1280.0,0.0,1280.0,0.0,100.0,default,,1.1709707975387573,1.0821141004562378,0.7726625204086304,0.004921317100524902,0.53671875,0.8329736080938573,-0.2524605989456177,0.9216080904006958,1280.0,0.53671875,1.0,0.6985256736146417,0.5079076366439121,0.0,0.53671875,2.34375,0.0,93.828125,1.953125,1.875,30.0,0.0,1201.0,25.0,24.0,True,True,False,True,97.65625,0.0,1280.0,0.0,1.0,True,True,standard,,,,,,,,,0.5446263866439122
sweep_baseline,00_baseline_exploration,32.0,0.15,0.001,20.0,2.0,64.0,2025-10-29T19:09:30.521672,0.39423084259033203,48,True,-0.057795,0.332268,0.10518,0.067879,1280.0,77.0,1203.0,6.015625,93.984375,default,,1.176902174949646,1.0848512649536133,0.7738154530525208,-0.00011909008026123047,0.5265625,0.7697217541762329,-0.24135597050189972,0.7995294332504272,1203.0,0.5336658354114713,0.9344978165938864,0.6793650793650793,0.5018913034406749,-0.12207865715026855,0.5015625,30.234375000000004,7.03125,62.734375,0.0,0.0,387.0,90.0,803.0,0.0,0.0,False,False,True,True,69.765625,77.0,1203.0,0.06015625,0.93984375,True,False,standard,,,,,,,,,0.5284538034406749
sweep_combo1,00_baseline_exploration,48.0,0.2,0.0005,60.0,2.0,64.0,2025-10-29T19:12:02.328148,0.4014270305633545,43,True,-0.027858,0.288076,0.038458,0.041621,1240.0,100.0,1140.0,8.064516129032258,91.93548387096774,default,,1.1581400632858276,1.0761691331863403,0.7649515271186829,0.0043798089027404785,0.5370967741935484,0.9287704098521615,-0.24799300730228424,0.9759054183959961,1140.0,0.5394736842105263,0.9262048192771084,0.6818181818181819,0.5001856383868808,0.07521402835845947,0.4959677419354839,32.822580645161295,10.0,56.048387096774185,1.129032258064516,0.0,407.0,124.0,695.0,14.0,0.0,True,False,True,True,67.17741935483869,100.0,1140.0,0.08064516129032258,0.9193548387096774,True,True,standard,,,,,,,,,0.5372824125804292
sweep_combo2,00_baseline_exploration,64.0,0.15,0.0003,40.0,2.0,64.0,2025-10-29T19:21:04.348834,0.39505934715270996,75,True,-0.081697,0.428233,0.072515,0.060107,1260.0,72.0,1188.0,5.714285714285714,94.28571428571429,default,,1.1680206060409546,1.0807499885559082,0.771185040473938,-0.001035928726196289,0.5111111111111111,0.6219569398456505,-0.25245988368988037,0.5716280937194824,1188.0,0.5244107744107744,0.9243323442136498,0.669172932330827,0.4734330217437539,-0.35241448879241943,0.49444444444444446,21.904761904761905,15.873015873015872,60.55555555555555,1.6666666666666667,0.0,276.0,200.0,763.0,21.0,0.0,True,False,True,True,78.09523809523809,72.0,1188.0,0.05714285714285714,0.9428571428571428,True,False,standard,,,,,,,,,0.484544132854865
sweep_combo3,00_baseline_exploration,32.0,0.25,0.0007,60.0,2.0,64.0,2025-10-29T19:36:06.467245,0.3960723280906677,65,True,-0.016521,0.399332,0.07385,0.053036,1240.0,33.0,1207.0,2.661290322580645,97.33870967741936,default,,1.1564135551452637,1.075366735458374,0.7640499472618103,0.005863964557647705,0.5379032258064517,0.9183669432610613,-0.25245949625968933,1.0082297325134277,1207.0,0.5376967688483845,0.9774096385542169,0.693746659540353,0.5012863955823292,0.10753834247589111,0.5233870967741936,15.645161290322582,6.774193548387098,77.58064516129032,0.0,0.0,194.0,84.0,962.0,0.0,0.0,False,False,True,True,84.35483870967742,33.0,1207.0,0.02661290322580645,0.9733870967741935,True,False,standard,,,,,,,,,0.5391896213887809
sweep_dropout_0.1,00_baseline_exploration,32.0,0.1,0.0005,20.0,2.0,64.0,2025-10-29T19:40:38.445301,0.39688625931739807,45,True,-0.046301,0.27968,0.045908,0.038631,1278.0,116.0,1164.0,9.0625,90.9375,default,,1.1734645366668701,1.0832656621932983,0.7735373973846436,0.002802133560180664,0.52578125,0.7271325979315991,-0.252460777759552,0.7214477062225342,1164.0,0.5343642611683849,0.9053857350800583,0.6720691518098325,0.4928557577364252,-0.20016038417816162,0.4859375,29.609375,15.156249999999998,50.07812499999999,5.15625,0.0,379.0,194.0,641.0,66.0,0.0,True,False,True,True,70.39062499999999,116.0,1164.0,0.090625,0.909375,True,True,standard,,,,,,,,,0.5186370077364252
sweep_dropout_0.15,00_baseline_exploration,32.0,0.15,0.0005,20.0,2.0,64.0,2025-10-29T19:43:40.234227,0.3962550759315491,60,True,-0.072228,0.347826,0.052049,0.057631,1280.0,210.0,1070.0,16.40625,83.59375,default,,1.1732345819473267,1.0831595659255981,0.7738499641418457,0.00299757719039917,0.51484375,0.5934322537462989,-0.25245964527130127,0.5310652256011963,1070.0,0.5308411214953271,0.826783114992722,0.6465566306203757,0.4845713331909639,-0.3905428647994995,0.44375,27.265625,19.140625,50.9375,2.65625,0.0,349.0,245.0,652.0,34.0,0.0,True,False,True,True,72.734375,210.0,1070.0,0.1640625,0.8359375,True,False,standard,,,,,,,,,0.49941508319096395
sweep_dropout_0.2,00_baseline_exploration,32.0,0.2,0.0005,20.0,2.0,64.0,2025-10-29T19:43:42.124154,0.3943096697330475,57,True,-0.029318,0.335715,0.04576,0.046911,1280.0,138.0,1142.0,10.78125,89.21875,default,,1.1712961196899414,1.0822643041610718,0.7726714015007019,0.004644870758056641,0.52890625,0.8316120343488611,-0.23102398216724396,0.8841729164123535,1142.0,0.5367775831873906,0.8922852983988355,0.6703116457080371,0.5055339955963681,-0.037435173988342285,0.47890625,31.171875,15.937499999999998,50.07812499999999,2.8125,0.0,399.0,204.0,641.0,36.0,0.0,True,False,True,True,68.82812499999999,138.0,1142.0,0.1078125,0.8921875,True,True,standard,,,,,,,,,0.5344402455963682
sweep_dropout_0.3,00_baseline_exploration,32.0,0.3,0.0005,20.0,2.0,64.0,2025-10-29T19:47:44.975873,0.3943631052970886,76,True,-0.042036,0.376355,0.065571,0.054241,1280.0,98.0,1182.0,7.656250000000001,92.34375,default,,1.1711680889129639,1.0822051763534546,0.7727476358413696,0.004753589630126953,0.53359375,0.8353788934018072,-0.23144109547138214,0.8973163366317749,1182.0,0.5380710659898477,0.925764192139738,0.6805778491171749,0.5077014465218918,-0.0242917537689209,0.496875,32.890625,5.15625,59.609375,2.34375,0.0,421.0,66.0,763.0,30.0,0.0,True,False,True,True,67.109375,98.0,1182.0,0.0765625,0.9234375,True,False,standard,,,,,,,,,0.5412951965218917
sweep_encoder_10,00_baseline_exploration,32.0,0.15,0.0005,10.0,2.0,64.0,2025-10-29T19:48:16.810419,0.3956249952316284,55,True,-0.040643,0.222822,0.050339,0.027665,1290.0,29.0,1261.0,2.248062015503876,97.75193798449612,default,,1.1694267988204956,1.0814003944396973,0.7701832056045532,0.0007336139678955078,0.5310077519379846,0.7536939306460533,-0.25245967507362366,0.789635181427002,1261.0,0.535289452815226,0.9726224783861671,0.690537084398977,0.5001257180434404,-0.1803680658340454,0.5232558139534884,5.271317829457364,20.155038759689923,70.54263565891473,3.565891472868217,0.46511627906976744,68.0,260.0,910.0,46.0,6.0,True,True,True,True,94.72868217054264,29.0,1261.0,0.02248062015503876,0.9775193798449613,True,True,standard,,,,,,,,,0.531133469981425
sweep_encoder_20,00_baseline_exploration,32.0,0.15,0.0005,20.0,2.0,64.0,2025-10-29T19:49:19.006210,0.3962550759315491,60,True,-0.072228,0.347826,0.052049,0.057631,1280.0,210.0,1070.0,16.40625,83.59375,default,,1.1732345819473267,1.0831595659255981,0.7738499641418457,0.00299757719039917,0.51484375,0.5934322537462989,-0.25245964527130127,0.5310652256011963,1070.0,0.5308411214953271,0.826783114992722,0.6465566306203757,0.4845713331909639,-0.3905428647994995,0.44375,27.265625,19.140625,50.9375,2.65625,0.0,349.0,245.0,652.0,34.0,0.0,True,False,True,True,72.734375,210.0,1070.0,0.1640625,0.8359375,True,False,standard,,,,,,,,,0.49941508319096395
sweep_encoder_40,00_baseline_exploration,32.0,0.15,0.0005,40.0,2.0,64.0,2025-10-29T19:59:50.747670,0.39635151624679565,67,True,-0.130925,0.31506,0.017311,0.063369,1260.0,441.0,819.0,35.0,65.0,default,,1.1674351692199707,1.0804791450500488,0.7732592225074768,-0.0005341768264770508,0.5071428571428571,0.7648537022503901,-0.1825484186410904,0.68099045753479,819.0,0.5323565323565324,0.6468842729970327,0.5840589417280643,0.4865506729727267,-0.24305212497711182,0.346031746031746,59.12698412698413,18.88888888888889,21.984126984126984,0.0,0.0,745.0,238.0,277.0,0.0,0.0,False,False,True,True,40.87301587301587,441.0,819.0,0.35,0.65,True,False,standard,,,,,,,,,0.4936935301155838
sweep_encoder_60,00_baseline_exploration,32.0,0.15,0.0005,60.0,2.0,64.0,2025-10-29T20:09:52.740723,0.4011791944503784,60,True,-0.043398,0.313283,0.056964,0.047915,1240.0,114.0,1126.0,9.193548387096774,90.80645161290323,default,,1.1594359874725342,1.0767711400985718,0.76555997133255,0.0032657384872436523,0.5274193548387097,0.7683838944284458,-0.25245973467826843,0.7532964944839478,1126.0,0.5346358792184724,0.9066265060240963,0.6726256983240223,0.4814753806894244,-0.14739489555358887,0.4854838709677419,13.225806451612904,12.741935483870966,73.38709677419355,0.6451612903225806,0.0,164.0,158.0,910.0,8.0,0.0,True,False,True,True,86.77419354838709,114.0,1126.0,0.09193548387096774,0.9080645161290323,True,True,standard,,,,,,,,,0.5088947355281341
sweep_hidden_16,00_baseline_exploration,16.0,0.15,0.0005,20.0,2.0,64.0,2025-10-29T20:10:54.843230,0.4029621183872223,59,True,-0.1357,0.221421,0.027785,0.047946,1280.0,279.0,1001.0,21.796875,78.203125,default,,1.174346923828125,1.0836728811264038,0.7719882726669312,0.00205230712890625,0.5453125,1.006013640397486,-0.1960231363773346,0.984951376914978,1001.0,0.5524475524475524,0.8049490538573508,0.6552132701421801,0.531005839598813,0.06334328651428223,0.43203125,45.3125,16.015625,35.9375,2.734375,0.0,580.0,205.0,460.0,35.0,0.0,True,False,True,True,54.6875,279.0,1001.0,0.21796875,0.78203125,True,True,standard,,,,,,,,,0.576318339598813
sweep_hidden_24,00_baseline_exploration,24.0,0.15,0.0005,20.0,2.0,64.0,2025-10-29T20:13:26.859394,0.3966321051120758,77,True,-0.157608,0.247015,0.028426,0.069307,1280.0,396.0,884.0,30.9375,69.0625,default,,1.1800470352172852,1.0862996578216553,0.7725423574447632,-0.0027915239334106445,0.51796875,0.665468103398234,-0.18723198771476746,0.5284756422042847,884.0,0.5395927601809954,0.6943231441048034,0.6072565245066837,0.5131777579769803,-0.39313244819641113,0.37265625,61.5625,29.375,9.0625,0.0,0.0,788.0,376.0,116.0,0.0,0.0,False,False,True,True,38.4375,396.0,884.0,0.309375,0.690625,True,False,standard,,,,,,,,,0.5311465079769803
sweep_hidden_32,00_baseline_exploration,32.0,0.15,0.0005,20.0,2.0,64.0,2025-10-29T20:20:29.102233,0.3962550759315491,60,True,-0.072228,0.347826,0.052049,0.057631,1280.0,210.0,1070.0,16.40625,83.59375,default,,1.1732345819473267,1.0831595659255981,0.7738499641418457,0.00299757719039917,0.51484375,0.5934322537462989,-0.25245964527130127,0.5310652256011963,1070.0,0.5308411214953271,0.826783114992722,0.6465566306203757,0.4845713331909639,-0.3905428647994995,0.44375,27.265625,19.140625,50.9375,2.65625,0.0,349.0,245.0,652.0,34.0,0.0,True,False,True,True,72.734375,210.0,1070.0,0.1640625,0.8359375,True,False,standard,,,,,,,,,0.49941508319096395
sweep_hidden_48,00_baseline_exploration,48.0,0.15,0.0005,20.0,2.0,64.0,2025-10-29T20:22:31.598474,0.39565157890319824,62,True,-0.143979,0.323047,0.049636,0.069155,1280.0,257.0,1023.0,20.078125,79.921875,default,,1.1809298992156982,1.0867060422897339,0.7732018232345581,-0.0035418272018432617,0.5328125,0.7839796619396476,-0.2155974805355072,0.6990294456481934,1023.0,0.5434995112414467,0.8093158660844251,0.6502923976608187,0.5044367695899026,-0.22257864475250244,0.434375,41.640625,22.65625,35.703125,0.0,0.0,533.0,290.0,457.0,0.0,0.0,False,False,True,True,58.359375,257.0,1023.0,0.20078125,0.79921875,True,False,standard,,,,,,,,,0.5372492695899026
sweep_hidden_64,00_baseline_exploration,64.0,0.15,0.0005,20.0,2.0,64.0,2025-10-29T20:23:32.686936,0.3950485587120056,50,True,-0.091218,0.343313,0.061542,0.054465,1280.0,105.0,1175.0,8.203125,91.796875,default,,1.1748586893081665,1.083909034729004,0.7741253972053528,0.001617431640625,0.525,0.717083185458432,-0.23866777122020721,0.7094178199768066,1175.0,0.5336170212765957,0.9126637554585153,0.673469387755102,0.49072021718692854,-0.21219027042388916,0.48984375,31.406250000000004,9.921875,55.625,3.046875,0.0,402.0,127.0,712.0,39.0,0.0,True,False,True,True,68.59375,105.0,1175.0,0.08203125,0.91796875,True,False,standard,,,,,,,,,0.5157202171869286
sweep_lr_0.0003,00_baseline_exploration,32.0,0.15,0.0003,20.0,2.0,64.0,2025-10-29T20:23:34.733707,0.39753788709640503,68,True,-0.051641,0.275673,0.038798,0.038528,1280.0,164.0,1116.0,12.812499999999998,87.1875,default,,1.173917531967163,1.0834747552871704,0.7735548615455627,0.002417266368865967,0.51640625,0.5958722525613852,-0.2524602711200714,0.5349276065826416,1116.0,0.5304659498207885,0.8617176128093159,0.6566833056017748,0.4969378312235665,-0.3866804838180542,0.4625,26.09375,19.609375,49.84375,4.453125,0.0,334.0,251.0,638.0,57.0,0.0,True,False,True,True,73.90625,164.0,1116.0,0.128125,0.871875,True,True,standard,,,,,,,,,0.5133440812235665
sweep_lr_0.0005,00_baseline_exploration,32.0,0.15,0.0005,20.0,2.0,64.0,2025-10-29T20:28:07.093057,0.3962550759315491,60,True,-0.072228,0.347826,0.052049,0.057631,1280.0,210.0,1070.0,16.40625,83.59375,default,,1.1732345819473267,1.0831595659255981,0.7738499641418457,0.00299757719039917,0.51484375,0.5934322537462989,-0.25245964527130127,0.5310652256011963,1070.0,0.5308411214953271,0.826783114992722,0.6465566306203757,0.4845713331909639,-0.3905428647994995,0.44375,27.265625,19.140625,50.9375,2.65625,0.0,349.0,245.0,652.0,34.0,0.0,True,False,True,True,72.734375,210.0,1070.0,0.1640625,0.8359375,True,False,standard,,,,,,,,,0.49941508319096395
sweep_lr_0.0007,00_baseline_exploration,32.0,0.15,0.0007,20.0,2.0,64.0,2025-10-29T20:37:09.565155,0.3951735198497772,52,True,-0.096422,0.293017,0.031653,0.05677,1280.0,313.0,967.0,24.453125,75.546875,default,,1.1742750406265259,1.0836397409439087,0.7744737267494202,0.0021134018898010254,0.5171875,0.6744092856776368,-0.21665406227111816,0.6058282852172852,967.0,0.5356773526370218,0.7540029112081513,0.6263603385731561,0.5000331376981818,-0.31577980518341064,0.4046875,39.375,16.328125,42.1875,2.109375,0.0,504.0,209.0,540.0,27.0,0.0,True,False,True,True,60.625,313.0,967.0,0.24453125,0.75546875,True,False,standard,,,,,,,,,0.5172206376981818
sweep_lr_0.001,00_baseline_exploration,32.0,0.15,0.001,20.0,2.0,64.0,2025-10-29T20:44:41.067019,0.39423084259033203,48,True,-0.057795,0.332268,0.10518,0.067879,1280.0,77.0,1203.0,6.015625,93.984375,default,,1.176902174949646,1.0848512649536133,0.7738154530525208,-0.00011909008026123047,0.5265625,0.7697217541762329,-0.24135597050189972,0.7995294332504272,1203.0,0.5336658354114713,0.9344978165938864,0.6793650793650793,0.5018913034406749,-0.12207865715026855,0.5015625,30.234375000000004,7.03125,62.734375,0.0,0.0,387.0,90.0,803.0,0.0,0.0,False,False,True,True,69.765625,77.0,1203.0,0.06015625,0.93984375,True,False,standard,,,,,,,,,0.5284538034406749
sweep_lr_0.002,00_baseline_exploration,32.0,0.15,0.002,20.0,2.0,64.0,2025-10-29T20:45:43.766547,0.39602792263031006,29,True,0.0132,0.352448,0.098725,0.043037,1280.0,0.0,1280.0,0.0,100.0,default,,1.1725213527679443,1.0828303098678589,0.7722307443618774,0.003603637218475342,0.53671875,0.8329736080938573,-0.2524605989456177,0.9216080904006958,1280.0,0.53671875,1.0,0.6985256736146417,0.5003939704117174,0.0,0.53671875,2.34375,0.0,94.6875,2.96875,0.0,30.0,0.0,1212.0,38.0,0.0,True,False,False,True,97.65625,0.0,1280.0,0.0,1.0,True,True,standard,,,,,,,,,0.5371127204117174
baseline_fixed_h16_drop0.25,01_staleness_features_fixed,16.0,0.25,0.0005,20.0,2.0,64.0,2025-10-29T20:53:15.282538,0.4023403227329254,58,True,-0.055598,0.231256,0.049885,0.029732,1279.0,65.0,1215.0,5.078125,94.921875,default,,1.1733026504516602,1.08319091796875,0.7719786763191223,0.0029397010803222656,0.5390625,0.9279255765251542,-0.22382667660713196,1.0357539653778076,1215.0,0.5399176954732511,0.9548762736535662,0.6898002103049422,0.5087078506888959,0.11414587497711182,0.5125,20.859375,2.734375,72.265625,2.03125,2.109375,267.0,35.0,925.0,26.0,27.0,True,True,True,True,79.140625,65.0,1215.0,0.05078125,0.94921875,True,True,standard,,,,,,,,,0.5477703506888959
staleness_fixed_h16_drop0.25,01_staleness_features_fixed,16.0,0.25,0.0005,20.0,2.0,64.0,2025-10-29T20:56:17.275815,0.3950265347957611,94,True,0.016239,0.179555,0.062701,0.024146,1280.0,0.0,1280.0,0.0,100.0,default,,1.175083875656128,1.0840128660202026,0.772561252117157,0.0014260411262512207,0.53671875,0.8329736080938573,-0.2524605989456177,0.9216080904006958,1280.0,0.53671875,1.0,0.6985256736146417,0.4914688837014073,0.0,0.53671875,2.34375,0.0,96.09375,1.5625,0.0,30.0,0.0,1230.0,20.0,0.0,True,False,False,True,97.65625,0.0,1280.0,0.0,1.0,True,True,standard,,,,,,,,,0.5281876337014073
staleness_fixed_h16_drop0.25_seed999,01_staleness_features_fixed,16.0,0.25,0.0005,20.0,2.0,64.0,2025-10-29T20:59:19.249308,0.3950265347957611,94,True,0.016239,0.179555,0.062701,0.024146,1280.0,0.0,1280.0,0.0,100.0,default,,1.175083875656128,1.0840128660202026,0.772561252117157,0.0014260411262512207,0.53671875,0.8329736080938573,-0.2524605989456177,0.9216080904006958,1280.0,0.53671875,1.0,0.6985256736146417,0.4914688837014073,0.0,0.53671875,2.34375,0.0,96.09375,1.5625,0.0,30.0,0.0,1230.0,20.0,0.0,True,False,False,True,97.65625,0.0,1280.0,0.0,1.0,True,True,standard,,,,,,,,,0.5281876337014073
sweep_stale_h12_drop0.15_lr3,01_staleness_features_fixed,12.0,0.15,0.0003,20.0,2.0,64.0,2025-10-29T21:02:52.524991,0.4016161561012268,100,False,0.026516,0.270408,0.076034,0.039462,1279.0,0.0,1280.0,0.0,100.0,default,,1.1758421659469604,1.084362506866455,0.773136556148529,0.0007816553115844727,0.53671875,0.8329736080938573,-0.2524605989456177,0.9216080904006958,1280.0,0.53671875,1.0,0.6985256736146417,0.4671200394706805,0.0,0.53671875,2.34375,0.0,81.40625,8.125,8.125,30.0,0.0,1042.0,104.0,104.0,True,True,False,True,97.65625,0.0,1280.0,0.0,1.0,True,True,standard,,,,,,,,,0.5038387894706805
sweep_stale_h12_drop0.15_lr5,01_staleness_features_fixed,12.0,0.15,0.0005,20.0,2.0,64.0,2025-10-29T21:02:54.330020,0.40057283639907837,91,True,0.018573,0.268651,0.074414,0.039754,1280.0,0.0,1280.0,0.0,100.0,default,,1.1756772994995117,1.0842865705490112,0.773394763469696,0.000921785831451416,0.53671875,0.8329736080938573,-0.2524605989456177,0.9216080904006958,1280.0,0.53671875,1.0,0.6985256736146417,0.4646003470867054,0.0,0.53671875,2.34375,0.0,92.34375,4.84375,0.46875,30.0,0.0,1182.0,62.0,6.0,True,True,False,True,97.65625,0.0,1280.0,0.0,1.0,True,True,standard,,,,,,,,,0.5013190970867054
sweep_stale_h12_drop0.20_lr3,01_staleness_features_fixed,12.0,0.2,0.0003,20.0,2.0,64.0,2025-10-29T21:04:26.246018,0.4011872410774231,100,False,0.028113,0.262185,0.076191,0.044085,1280.0,0.0,1280.0,0.0,100.0,default,,1.1759846210479736,1.0844281911849976,0.7734614610671997,0.0006606578826904297,0.53671875,0.8329736080938573,-0.2524605989456177,0.9216080904006958,1280.0,0.53671875,1.0,0.6985256736146417,0.46692734989236384,0.0,0.53671875,2.34375,0.0,80.546875,6.09375,11.015625,30.0,0.0,1031.0,78.0,141.0,True,True,False,True,97.65625,0.0,1280.0,0.0,1.0,True,True,standard,,,,,,,,,0.5036460998923639
sweep_stale_h12_drop0.20_lr5,01_staleness_features_fixed,12.0,0.2,0.0005,20.0,2.0,64.0,2025-10-29T21:06:57.454476,0.3994641900062561,80,True,0.041825,0.266351,0.091886,0.040984,1280.0,0.0,1280.0,0.0,100.0,default,,1.1769593954086304,1.084877610206604,0.7734233736991882,-0.00016772747039794922,0.53671875,0.8329736080938573,-0.2524605989456177,0.9216080904006958,1280.0,0.53671875,1.0,0.6985256736146417,0.46365285438313564,0.0,0.53671875,2.34375,0.0,83.359375,12.421875,1.875,30.0,0.0,1067.0,159.0,24.0,True,True,False,True,97.65625,0.0,1280.0,0.0,1.0,True,True,standard,,,,,,,,,0.5003716043831357
sweep_stale_h12_drop0.25_lr3,01_staleness_features_fixed,12.0,0.25,0.0003,20.0,2.0,64.0,2025-10-29T21:06:59.594950,0.40170949697494507,100,False,0.03294,0.286736,0.080165,0.047959,1278.0,0.0,1280.0,0.0,100.0,default,,1.176138162612915,1.0844990015029907,0.773595929145813,0.0005301833152770996,0.53671875,0.8329736080938573,-0.2524605989456177,0.9216080904006958,1280.0,0.53671875,1.0,0.6985256736146417,0.46854618781465474,0.0,0.53671875,2.34375,0.0,80.9375,4.765625,11.953125,30.0,0.0,1036.0,61.0,153.0,True,True,False,True,97.65625,0.0,1280.0,0.0,1.0,True,True,standard,,,,,,,,,0.5052649378146548
sweep_stale_h12_drop0.25_lr5,01_staleness_features_fixed,12.0,0.25,0.0005,20.0,2.0,64.0,2025-10-29T21:10:31.903936,0.3974754512310028,100,True,0.027215,0.312195,0.086731,0.058724,1279.0,0.0,1280.0,0.0,100.0,default,,1.1781651973724365,1.0854331254959106,0.774844229221344,-0.001192331314086914,0.53671875,0.8329736080938573,-0.2524605989456177,0.9216080904006958,1280.0,0.53671875,1.0,0.6985256736146417,0.4626538141490607,0.0,0.53671875,2.34375,0.0,92.578125,2.34375,2.734375,30.0,0.0,1185.0,30.0,35.0,True,True,False,True,97.65625,0.0,1280.0,0.0,1.0,True,True,standard,,,,,,,,,0.4993725641490607
sweep_stale_h12_drop0.30_lr3,01_staleness_features_fixed,12.0,0.3,0.0003,20.0,2.0,64.0,2025-10-29T21:15:03.749990,0.402172327041626,100,False,0.036939,0.272362,0.079445,0.044838,1279.0,0.0,1280.0,0.0,100.0,default,,1.1761279106140137,1.0844943523406982,0.773583710193634,0.0005388259887695312,0.53671875,0.8329736080938573,-0.2524605989456177,0.9216080904006958,1280.0,0.53671875,1.0,0.6985256736146417,0.4677582469912197,0.0,0.53671875,2.34375,0.0,80.3125,2.578125,14.765624999999998,30.0,0.0,1028.0,33.0,189.0,True,True,False,True,97.65625,0.0,1280.0,0.0,1.0,True,True,standard,,,,,,,,,0.5044769969912197
sweep_stale_h12_drop0.30_lr5,01_staleness_features_fixed,12.0,0.3,0.0005,20.0,2.0,64.0,2025-10-29T21:25:35.662872,0.3973931670188904,100,True,0.032552,0.313628,0.090027,0.060896,1279.0,0.0,1280.0,0.0,100.0,default,,1.1788556575775146,1.0857511758804321,0.7750599980354309,-0.0017791986465454102,0.53671875,0.8329736080938573,-0.2524605989456177,0.9216080904006958,1280.0,0.53671875,1.0,0.6985256736146417,0.46248321636953205,0.0,0.53671875,2.34375,0.0,90.78125,1.953125,4.921875,30.0,0.0,1162.0,25.0,63.0,True,True,False,True,97.65625,0.0,1280.0,0.0,1.0,True,True,standard,,,,,,,,,0.49920196636953207
sweep_stale_h12_drop0.35_lr3,01_staleness_features_fixed,12.0,0.35,0.0003,20.0,2.0,64.0,2025-10-29T21:53:38.238724,0.4027678370475769,100,False,0.046745,0.297386,0.088161,0.044115,1280.0,0.0,1280.0,0.0,100.0,default,,1.1762597560882568,1.0845551490783691,0.7733022570610046,0.00042682886123657227,0.53671875,0.8329736080938573,-0.2524605989456177,0.9216080904006958,1280.0,0.53671875,1.0,0.6985256736146417,0.46923962483216364,0.0,0.53671875,2.34375,0.0,80.15625,2.578125,14.921875000000002,30.0,0.0,1026.0,33.0,191.0,True,True,False,True,97.65625,0.0,1280.0,0.0,1.0,True,True,standard,,,,,,,,,0.5059583748321637
sweep_stale_h12_drop0.35_lr5,01_staleness_features_fixed,12.0,0.35,0.0005,20.0,2.0,64.0,2025-10-29T21:56:40.063792,0.39676541090011597,100,False,0.036575,0.280735,0.076452,0.042967,1280.0,0.0,1280.0,0.0,100.0,default,,1.1763378381729126,1.0845911502838135,0.7739354968070984,0.0003604888916015625,0.53671875,0.8329736080938573,-0.2524605989456177,0.9216080904006958,1280.0,0.53671875,1.0,0.6985256736146417,0.4645831645765371,0.0,0.53671875,2.34375,0.0,88.984375,3.4375000000000004,5.234375,30.0,0.0,1139.0,44.0,67.0,True,True,False,True,97.65625,0.0,1280.0,0.0,1.0,True,True,standard,,,,,,,,,0.5013019145765372
sweep_stale_h14_drop0.15_lr3,01_staleness_features_fixed,14.0,0.15,0.0003,20.0,2.0,64.0,2025-10-29T22:03:42.285564,0.39967694878578186,87,True,-0.098973,0.325996,0.044622,0.073207,1280.0,296.0,984.0,23.125,76.875,default,,1.1754271984100342,1.084171175956726,0.773638129234314,0.001134335994720459,0.52734375,0.7582330617427756,-0.18871672451496124,0.7096853256225586,984.0,0.5416666666666666,0.7758369723435226,0.6379413524835428,0.5000650480742088,-0.2119227647781372,0.41640625,49.21875,31.015625000000004,19.6875,0.078125,0.0,630.0,397.0,252.0,1.0,0.0,True,False,True,True,50.78125,296.0,984.0,0.23125,0.76875,True,False,standard,,,,,,,,,0.5274087980742088
sweep_stale_h14_drop0.15_lr5,01_staleness_features_fixed,14.0,0.15,0.0005,20.0,2.0,64.0,2025-10-29T22:08:14.368392,0.3971286714076996,87,True,-0.14042,0.405537,0.044773,0.089853,1280.0,345.0,935.0,26.953125,73.046875,default,,1.1738790273666382,1.0834569931030273,0.7736622095108032,0.002449929714202881,0.525,0.9542200232809928,-0.19676683843135834,0.9582029581069946,935.0,0.5422459893048128,0.7379912663755459,0.6251541307028361,0.5008701714078121,0.03659486770629883,0.39609375,60.46875000000001,21.875,17.65625,0.0,0.0,774.0,280.0,226.0,0.0,0.0,False,False,True,True,39.53125,345.0,935.0,0.26953125,0.73046875,True,False,standard,,,,,,,,,0.5258701714078121
sweep_stale_h14_drop0.20_lr3,01_staleness_features_fixed,14.0,0.2,0.0003,20.0,2.0,64.0,2025-10-29T22:14:46.674892,0.3997136056423187,100,False,-0.077394,0.333221,0.059195,0.068176,1280.0,175.0,1105.0,13.671875,86.328125,default,,1.1744416952133179,1.083716630935669,0.7725344896316528,0.0019717812538146973,0.528125,0.706277349697728,-0.21356913447380066,0.6699939966201782,1105.0,0.5375565610859728,0.8646288209606987,0.6629464285714286,0.5042968548642459,-0.2516140937805176,0.4640625,40.3125,25.390625,32.65625,1.640625,0.0,516.0,325.0,418.0,21.0,0.0,True,False,True,True,59.6875,175.0,1105.0,0.13671875,0.86328125,True,False,standard,,,,,,,,,0.5324218548642459
sweep_stale_h14_drop0.20_lr5,01_staleness_features_fixed,14.0,0.2,0.0005,20.0,2.0,64.0,2025-10-29T22:15:48.800914,0.39666804671287537,87,True,-0.139272,0.432522,0.042199,0.082092,1280.0,307.0,973.0,23.984375,76.015625,default,,1.1740254163742065,1.0835245847702026,0.7735245823860168,0.0023255348205566406,0.5359375,1.01785786537763,-0.1967669427394867,1.0546705722808838,973.0,0.5477903391572456,0.7758369723435226,0.6421686746987951,0.4964935406034988,0.133062481880188,0.41640625,49.53125,23.046875,25.078125,2.34375,0.0,634.0,295.0,321.0,30.0,0.0,True,False,True,True,50.46875,307.0,973.0,0.23984375,0.76015625,True,False,standard,,,,,,,,,0.5324310406034988
sweep_stale_h14_drop0.25_lr3,01_staleness_features_fixed,14.0,0.25,0.0003,20.0,2.0,64.0,2025-10-29T22:18:20.642744,0.3989593982696533,100,False,-0.047512,0.29604,0.060173,0.049486,1279.0,53.0,1227.0,4.140625,95.859375,default,,1.1740367412567139,1.0835297107696533,0.7725237607955933,0.0023158788681030273,0.53125,0.8614027876957208,-0.22871913015842438,0.9461504220962524,1227.0,0.5354523227383863,0.9563318777292577,0.6865203761755486,0.49716611314437475,0.02454233169555664,0.51328125,26.406249999999996,7.187499999999999,62.890625,3.515625,0.0,338.0,92.0,805.0,45.0,0.0,True,False,True,True,73.59375,53.0,1227.0,0.04140625,0.95859375,True,True,standard,,,,,,,,,0.5284161131443748
sweep_stale_h14_drop0.25_lr5,01_staleness_features_fixed,14.0,0.25,0.0005,20.0,2.0,64.0,2025-10-29T22:21:52.567615,0.3978196978569031,86,True,-0.049149,0.379999,0.053069,0.056358,1280.0,114.0,1166.0,8.90625,91.09375,default,,1.1736669540405273,1.0833591222763062,0.7732619047164917,0.002630174160003662,0.52890625,0.8038459596116018,-0.21036726236343384,0.8360874652862549,1166.0,0.5360205831903945,0.9097525473071325,0.6745817593092283,0.49228873490086916,-0.08552062511444092,0.48828125,39.6875,19.921875,36.796875,3.5937499999999996,0.0,508.0,255.0,471.0,46.0,0.0,True,False,True,True,60.3125,114.0,1166.0,0.0890625,0.9109375,True,False,standard,,,,,,,,,0.5211949849008692
sweep_stale_h14_drop0.30_lr3,01_staleness_features_fixed,14.0,0.3,0.0003,20.0,2.0,64.0,2025-10-29T22:26:54.883676,0.3989059031009674,100,False,-0.042809,0.273452,0.039427,0.046499,1280.0,174.0,1106.0,13.593749999999998,86.40625,default,,1.1741111278533936,1.083564043045044,0.773769199848175,0.002252638339996338,0.51640625,0.7869747220460185,-0.2129708081483841,0.8076337575912476,1106.0,0.530741410488246,0.8544395924308588,0.6547685443390965,0.4860932126630191,-0.11397433280944824,0.45859375,45.0,17.109375,33.359375,4.375,0.15625,576.0,219.0,427.0,56.0,2.0,True,True,True,True,55.0,174.0,1106.0,0.1359375,0.8640625,True,True,standard,,,,,,,,,0.502499462663019
sweep_stale_h14_drop0.30_lr5,01_staleness_features_fixed,14.0,0.3,0.0005,20.0,2.0,64.0,2025-10-29T22:37:26.340452,0.397195965051651,100,False,-0.054655,0.348704,0.046509,0.051217,1280.0,158.0,1122.0,12.34375,87.65625,default,,1.1741024255752563,1.0835601091384888,0.7735410928726196,0.0022600889205932617,0.52109375,0.8607623323596232,-0.2025950700044632,0.9208978414535522,1122.0,0.5329768270944741,0.8704512372634643,0.6611387506909895,0.4933000483564929,-0.0007102489471435547,0.4671875,55.93749999999999,11.015625,30.078125,2.96875,0.0,716.0,141.0,385.0,38.0,0.0,True,False,True,True,44.0625,158.0,1122.0,0.1234375,0.8765625,True,False,standard,,,,,,,,,0.5143937983564929
sweep_stale_h14_drop0.35_lr3,01_staleness_features_fixed,14.0,0.35,0.0003,20.0,2.0,64.0,2025-10-29T23:05:59.003659,0.3986094892024994,100,False,-0.048461,0.286478,0.04155,0.042649,1280.0,134.0,1146.0,10.46875,89.53125,default,,1.173570990562439,1.0833147764205933,0.7732881307601929,0.002711653709411621,0.52265625,0.8412369603582693,-0.2156452089548111,0.8999278545379639,1146.0,0.5331588132635253,0.8893740902474527,0.6666666666666667,0.496513177757977,-0.021680235862731934,0.47734375,38.90625,16.40625,40.546875,4.140625,0.0,498.0,210.0,519.0,53.0,0.0,True,False,True,True,61.09375,134.0,1146.0,0.1046875,0.8953125,True,True,standard,,,,,,,,,0.519169427757977
sweep_stale_h14_drop0.35_lr5,01_staleness_features_fixed,14.0,0.35,0.0005,20.0,2.0,64.0,2025-10-29T23:07:01.208933,0.3962042033672333,93,True,-0.045361,0.349823,0.041888,0.055106,1278.0,222.0,1058.0,17.34375,82.65625,default,,1.1737570762634277,1.0834007263183594,0.7738384008407593,0.002553582191467285,0.51171875,0.7085250936376848,-0.21957971155643463,0.6854538917541504,1058.0,0.5293005671077504,0.8151382823871907,0.6418338108882521,0.48759668230275094,-0.2361541986465454,0.4375,55.078125,16.40625,28.515625,0.0,0.0,705.0,210.0,365.0,0.0,0.0,False,False,True,True,44.921875,222.0,1058.0,0.1734375,0.8265625,True,False,standard,,,,,,,,,0.49931543230275094
sweep_stale_h16_drop0.15_lr3,01_staleness_features_fixed,16.0,0.15,0.0003,20.0,2.0,64.0,2025-10-29T23:08:33.406248,0.39706847071647644,100,False,-0.011085,0.119583,0.051634,0.020657,1279.0,9.0,1271.0,0.703125,99.296875,default,,1.1748790740966797,1.0839183330535889,0.771832287311554,0.0016000866889953613,0.534375,0.8174317145264399,-0.26383888721466064,0.8923578262329102,1271.0,0.5357985837922895,0.9912663755458515,0.6956077630234933,0.5387833800943074,-0.029250264167785645,0.53203125,2.96875,4.53125,91.640625,0.8593750000000001,0.0,38.0,58.0,1173.0,11.0,0.0,True,False,True,True,97.03125,9.0,1271.0,0.00703125,0.99296875,True,True,standard,,,,,,,,,0.5731583800943074
sweep_stale_h16_drop0.15_lr5,01_staleness_features_fixed,16.0,0.15,0.0005,20.0,2.0,64.0,2025-10-29T23:11:35.278537,0.3968985974788666,100,False,-0.021169,0.188269,0.054236,0.026442,1279.0,28.0,1252.0,2.1875,97.8125,default,,1.1741790771484375,1.0835953950881958,0.7716441750526428,0.0021949410438537598,0.53359375,0.8132435624158431,-0.24766525626182556,0.878225564956665,1252.0,0.5359424920127795,0.9767103347889374,0.6921093347086128,0.5368086187471004,-0.04338252544403076,0.52421875,9.296875,7.8125,79.453125,3.4375000000000004,0.0,119.0,100.0,1017.0,44.0,0.0,True,False,True,True,90.703125,28.0,1252.0,0.021875,0.978125,True,True,standard,,,,,,,,,0.5704023687471004
sweep_stale_h16_drop0.20_lr3,01_staleness_features_fixed,16.0,0.2,0.0003,20.0,2.0,64.0,2025-10-29T23:19:07.295179,0.3977532982826233,100,False,0.00461,0.131446,0.053312,0.015818,1280.0,0.0,1280.0,0.0,100.0,default,,1.1753780841827393,1.0841485261917114,0.772454559803009,0.0011760592460632324,0.53671875,0.8329736080938573,-0.2524605989456177,0.9216080904006958,1280.0,0.53671875,1.0,0.6985256736146417,0.5156103104879588,0.0,0.53671875,2.265625,0.078125,90.234375,4.6875,2.734375,29.0,1.0,1155.0,60.0,35.0,True,True,True,True,97.734375,0.0,1280.0,0.0,1.0,True,True,standard,,,,,,,,,0.5523290604879588
sweep_stale_h16_drop0.20_lr5,01_staleness_features_fixed,16.0,0.2,0.0005,20.0,2.0,64.0,2025-10-29T23:24:39.357551,0.3979960083961487,95,True,0.008204,0.167994,0.060047,0.017919,1280.0,0.0,1280.0,0.0,100.0,default,,1.1746562719345093,1.083815574645996,0.7723486423492432,0.001789391040802002,0.53671875,0.8329736080938573,-0.2524605989456177,0.9216080904006958,1280.0,0.53671875,1.0,0.6985256736146417,0.5065330358304431,0.0,0.53671875,2.34375,0.0,87.890625,9.53125,0.234375,30.0,0.0,1125.0,122.0,3.0,True,True,False,True,97.65625,0.0,1280.0,0.0,1.0,True,True,standard,,,,,,,,,0.5432517858304431
sweep_stale_h16_drop0.25_lr3,01_staleness_features_fixed,16.0,0.25,0.0003,20.0,2.0,64.0,2025-10-29T23:28:11.926272,0.39950233697891235,100,False,0.025922,0.128176,0.064507,0.017642,1280.0,0.0,1280.0,0.0,100.0,default,,1.1759411096572876,1.084408164024353,0.7728388905525208,0.0006976127624511719,0.53671875,0.8329736080938573,-0.2524605989456177,0.9216080904006958,1280.0,0.53671875,1.0,0.6985256736146417,0.4814588442061803,0.0,0.53671875,2.34375,0.0,93.984375,3.5937499999999996,0.078125,30.0,0.0,1203.0,46.0,1.0,True,True,False,True,97.65625,0.0,1280.0,0.0,1.0,True,True,standard,,,,,,,,,0.5181775942061804
sweep_stale_h16_drop0.25_lr5,01_staleness_features_fixed,16.0,0.25,0.0005,20.0,2.0,64.0,2025-10-29T23:31:13.797631,0.3950265347957611,94,True,0.016239,0.179555,0.062701,0.024146,1280.0,0.0,1280.0,0.0,100.0,default,,1.175083875656128,1.0840128660202026,0.772561252117157,0.0014260411262512207,0.53671875,0.8329736080938573,-0.2524605989456177,0.9216080904006958,1280.0,0.53671875,1.0,0.6985256736146417,0.4914688837014073,0.0,0.53671875,2.34375,0.0,96.09375,1.5625,0.0,30.0,0.0,1230.0,20.0,0.0,True,False,False,True,97.65625,0.0,1280.0,0.0,1.0,True,True,standard,,,,,,,,,0.5281876337014073
sweep_stale_h16_drop0.30_lr3,01_staleness_features_fixed,16.0,0.3,0.0003,20.0,2.0,64.0,2025-10-29T23:39:15.491024,0.3989458680152893,100,False,0.026031,0.14811,0.06481,0.023134,1280.0,0.0,1280.0,0.0,100.0,default,,1.1756092309951782,1.0842550992965698,0.7729736566543579,0.0009796619415283203,0.53671875,0.8329736080938573,-0.2524605989456177,0.9216080904006958,1280.0,0.53671875,1.0,0.6985256736146417,0.4773694067861096,0.0,0.53671875,2.34375,0.0,93.28125,3.28125,1.09375,30.0,0.0,1194.0,42.0,14.0,True,True,False,True,97.65625,0.0,1280.0,0.0,1.0,True,True,standard,,,,,,,,,0.5140881567861096
sweep_stale_h16_drop0.30_lr5,01_staleness_features_fixed,16.0,0.3,0.0005,20.0,2.0,64.0,2025-10-29T23:49:17.531946,0.39701777696609497,93,True,0.023429,0.175954,0.066547,0.022853,1280.0,0.0,1280.0,0.0,100.0,default,,1.175405740737915,1.0841612815856934,0.7728295922279358,0.0011525750160217285,0.53671875,0.8329736080938573,-0.2524605989456177,0.9216080904006958,1280.0,0.53671875,1.0,0.6985256736146417,0.47893792450005035,0.0,0.53671875,2.34375,0.0,94.0625,3.046875,0.546875,30.0,0.0,1204.0,39.0,7.0,True,True,False,True,97.65625,0.0,1280.0,0.0,1.0,True,True,standard,,,,,,,,,0.5156566745000504
sweep_stale_h16_drop0.35_lr3,01_staleness_features_fixed,16.0,0.35,0.0003,20.0,2.0,64.0,2025-10-30T00:08:49.819651,0.39767327904701233,100,False,0.027028,0.154483,0.062986,0.020561,1279.0,0.0,1280.0,0.0,100.0,default,,1.1756021976470947,1.084251880645752,0.7729655504226685,0.0009856224060058594,0.53671875,0.8329736080938573,-0.2524605989456177,0.9216080904006958,1280.0,0.53671875,1.0,0.6985256736146417,0.4745625210178919,0.0,0.53671875,2.34375,0.0,93.203125,2.890625,1.5625,30.0,0.0,1193.0,37.0,20.0,True,True,False,True,97.65625,0.0,1280.0,0.0,1.0,True,True,standard,,,,,,,,,0.511281271017892
sweep_stale_h16_drop0.35_lr5,01_staleness_features_fixed,16.0,0.35,0.0005,20.0,2.0,64.0,2025-10-30T00:11:52.778940,0.39484062790870667,94,True,0.025803,0.197195,0.060467,0.021544,1280.0,0.0,1280.0,0.0,100.0,default,,1.1744859218597412,1.0837370157241821,0.7725124955177307,0.0019341707229614258,0.53671875,0.8329736080938573,-0.2524605989456177,0.9216080904006958,1280.0,0.53671875,1.0,0.6985256736146417,0.48716098293776744,0.0,0.53671875,2.34375,0.0,93.984375,3.125,0.546875,30.0,0.0,1203.0,40.0,7.0,True,True,False,True,97.65625,0.0,1280.0,0.0,1.0,True,True,standard,,,,,,,,,0.5238797329377675
sweep_stale_h18_drop0.15_lr3,01_staleness_features_fixed,18.0,0.15,0.0003,20.0,2.0,64.0,2025-10-30T00:12:24.131568,0.3948846757411957,100,False,-0.015578,0.288385,0.061871,0.053824,1280.0,30.0,1250.0,2.34375,97.65625,default,,1.174956202507019,1.0839539766311646,0.7740222811698914,0.0015345215797424316,0.52734375,0.768709148754257,-0.2524596154689789,0.8122445344924927,1250.0,0.5328,0.9694323144104804,0.687661331956634,0.4778161520504871,-0.10936355590820312,0.5203125,23.359375,1.25,73.046875,2.34375,0.0,299.0,16.0,935.0,30.0,0.0,True,False,True,True,76.640625,30.0,1250.0,0.0234375,0.9765625,True,False,standard,,,,,,,,,0.5051599020504871
sweep_stale_h18_drop0.15_lr5,01_staleness_features_fixed,18.0,0.15,0.0005,20.0,2.0,64.0,2025-10-30T00:16:26.469883,0.3926621079444885,100,False,-0.040643,0.325406,0.058143,0.053513,1280.0,107.0,1173.0,8.359375,91.640625,default,,1.1792421340942383,1.0859291553497314,0.7734365463256836,-0.0021076202392578125,0.525,0.8280694825064246,-0.2360651046037674,0.8857160806655884,1173.0,0.5336743393009378,0.9112081513828238,0.6731182795698925,0.48331946459298314,-0.03589200973510742,0.4890625,37.265625,23.671875,39.0625,0.0,0.0,477.0,303.0,500.0,0.0,0.0,False,False,True,True,62.734375,107.0,1173.0,0.08359375,0.91640625,True,False,standard,,,,,,,,,0.5083194645929832
sweep_stale_h18_drop0.20_lr3,01_staleness_features_fixed,18.0,0.2,0.0003,20.0,2.0,64.0,2025-10-30T00:18:57.903614,0.39540013670921326,100,False,-0.019158,0.236052,0.046871,0.045104,1279.0,80.0,1200.0,6.25,93.75,default,,1.173645257949829,1.0833491086959839,0.7736886739730835,0.002648651599884033,0.53046875,0.8422846341102826,-0.22684623301029205,0.9175010919570923,1200.0,0.5358333333333334,0.9359534206695779,0.681505034446211,0.4944156841952817,-0.004106998443603516,0.50234375,41.171875,3.359375,51.64062499999999,3.4375000000000004,0.390625,527.0,43.0,661.0,44.0,5.0,True,True,True,True,58.82812499999999,80.0,1200.0,0.0625,0.9375,True,True,standard,,,,,,,,,0.5248844341952817
sweep_stale_h18_drop0.20_lr5,01_staleness_features_fixed,18.0,0.2,0.0005,20.0,2.0,64.0,2025-10-30T00:21:30.269161,0.392140656709671,100,False,-0.034691,0.274134,0.044171,0.045183,1280.0,150.0,1130.0,11.71875,88.28125,default,,1.1773312091827393,1.0850489139556885,0.7734752893447876,-0.0004837512969970703,0.53203125,0.9329776041251059,-0.19336479902267456,1.0376386642456055,1130.0,0.5389380530973451,0.8864628820960698,0.6703357182168409,0.495577958275956,0.11603057384490967,0.47578125,43.671875,15.234375,38.75,2.34375,0.0,559.0,195.0,496.0,30.0,0.0,True,False,True,True,56.328125,150.0,1130.0,0.1171875,0.8828125,True,True,standard,,,,,,,,,0.527609208275956
sweep_stale_h18_drop0.25_lr3,01_staleness_features_fixed,18.0,0.25,0.0003,20.0,2.0,64.0,2025-10-30T00:28:02.274939,0.3955172896385193,100,False,-0.010545,0.244327,0.050453,0.041706,1280.0,31.0,1249.0,2.421875,97.578125,default,,1.1737496852874756,1.0833972692489624,0.7733455300331116,0.0025599002838134766,0.5265625,0.7289628927286645,-0.2524600327014923,0.7506217956542969,1249.0,0.5324259407526021,0.9679767103347889,0.6869834710743803,0.4898512731012713,-0.17098629474639893,0.51953125,28.90625,3.75,62.890625,2.34375,2.109375,370.0,48.0,805.0,30.0,27.0,True,True,True,True,71.09375,31.0,1249.0,0.02421875,0.97578125,True,True,standard,,,,,,,,,0.5164137731012713
sweep_stale_h18_drop0.25_lr5,01_staleness_features_fixed,18.0,0.25,0.0005,20.0,2.0,64.0,2025-10-30T00:28:33.918654,0.39303404092788696,100,False,-0.024695,0.26154,0.052147,0.045214,1280.0,80.0,1200.0,6.25,93.75,default,,1.175355315208435,1.084138035774231,0.7732530832290649,0.001195371150970459,0.52890625,0.8305074115212557,-0.21163783967494965,0.8968192338943481,1200.0,0.535,0.9344978165938864,0.6804451510333864,0.4899101845647057,-0.024788856506347656,0.5015625,42.890625,7.890625,46.953125,2.265625,0.0,549.0,101.0,601.0,29.0,0.0,True,False,True,True,57.109375,80.0,1200.0,0.0625,0.9375,True,True,standard,,,,,,,,,0.5188164345647057
sweep_stale_h18_drop0.30_lr3,01_staleness_features_fixed,18.0,0.3,0.0003,20.0,2.0,64.0,2025-10-30T00:39:06.514305,0.39590030908584595,100,False,-0.015411,0.245764,0.041877,0.040182,1280.0,63.0,1217.0,4.921875,95.078125,default,,1.173645257949829,1.0833491086959839,0.7734812498092651,0.0026485323905944824,0.53125,0.8126342723578732,-0.23709669709205627,0.8728101253509521,1217.0,0.5357436318816763,0.9490538573508006,0.6848739495798319,0.4892179748693516,-0.04879796504974365,0.509375,41.015625,4.296875,49.921875,1.015625,3.75,525.0,55.0,639.0,13.0,48.0,True,True,True,True,58.984375,63.0,1217.0,0.04921875,0.95078125,True,True,standard,,,,,,,,,0.5204679748693516
sweep_stale_h18_drop0.30_lr5,01_staleness_features_fixed,18.0,0.3,0.0005,20.0,2.0,64.0,2025-10-30T00:44:38.857055,0.3924964368343353,100,False,-0.024263,0.28995,0.049011,0.04733,1280.0,76.0,1204.0,5.9375,94.0625,default,,1.1752135753631592,1.0840727090835571,0.7736563682556152,0.001315772533416748,0.52265625,0.7583260844799576,-0.22432655096054077,0.7872072458267212,1204.0,0.53156146179402,0.9315866084425036,0.6768905341089371,0.48347410718449846,-0.1344008445739746,0.5,46.796875,8.046875,42.890625,2.265625,0.0,599.0,103.0,549.0,29.0,0.0,True,False,True,True,53.203125,76.0,1204.0,0.059375,0.940625,True,True,standard,,,,,,,,,0.5061303571844985
sweep_stale_h18_drop0.35_lr3,01_staleness_features_fixed,18.0,0.35,0.0003,20.0,2.0,64.0,2025-10-30T01:09:10.460838,0.3976324200630188,100,False,0.004945,0.234136,0.048384,0.032335,1280.0,0.0,1280.0,0.0,100.0,default,,1.1733391284942627,1.0832078456878662,0.7729004621505737,0.0029087066650390625,0.53671875,0.8329736080938573,-0.2524605989456177,0.9216080904006958,1280.0,0.53671875,1.0,0.6985256736146417,0.48561455702261463,0.0,0.53671875,2.34375,0.0,87.734375,3.28125,6.640625,30.0,0.0,1123.0,42.0,85.0,True,True,False,True,97.65625,0.0,1280.0,0.0,1.0,True,True,standard,,,,,,,,,0.5223333070226146
sweep_stale_h18_drop0.35_lr5,01_staleness_features_fixed,18.0,0.35,0.0005,20.0,2.0,64.0,2025-10-30T01:09:13.206388,0.3936435580253601,100,False,-0.013217,0.268263,0.049239,0.040142,1280.0,36.0,1244.0,2.8125,97.1875,default,,1.1743847131729126,1.0836902856826782,0.7732452750205994,0.00202023983001709,0.52890625,0.7791432483891337,-0.23544953763484955,0.8255109786987305,1244.0,0.5337620578778135,0.9665211062590975,0.6877265665458312,0.48490516481709217,-0.09609711170196533,0.51875,31.71875,3.359375,60.62499999999999,1.5625,2.734375,406.0,43.0,776.0,20.0,35.0,True,True,True,True,68.28125,36.0,1244.0,0.028125,0.971875,True,True,standard,,,,,,,,,0.5138114148170922
sweep_stale_h20_drop0.15_lr3,01_staleness_features_fixed,20.0,0.15,0.0003,20.0,2.0,64.0,2025-10-30T01:24:14.949309,0.3988853991031647,74,True,0.007847,0.145543,0.04102,0.029578,1280.0,0.0,1280.0,0.0,100.0,default,,1.1755073070526123,1.0842081308364868,0.7737258076667786,0.0010662674903869629,0.53671875,0.8329736080938573,-0.2524605989456177,0.9216080904006958,1280.0,0.53671875,1.0,0.6985256736146417,0.4834004678552054,0.0,0.53671875,2.265625,0.078125,83.984375,8.671875,5.0,29.0,1.0,1075.0,111.0,64.0,True,True,True,True,97.734375,0.0,1280.0,0.0,1.0,True,True,standard,,,,,,,,,0.5201192178552054
sweep_stale_h20_drop0.15_lr5,01_staleness_features_fixed,20.0,0.15,0.0005,20.0,2.0,64.0,2025-10-30T01:28:46.484645,0.3989947438240051,57,True,0.002929,0.156737,0.044499,0.030492,1280.0,0.0,1280.0,0.0,100.0,default,,1.1761295795440674,1.0844950675964355,0.7734978795051575,0.0005374550819396973,0.53671875,0.8329736080938573,-0.2524605989456177,0.9216080904006958,1280.0,0.53671875,1.0,0.6985256736146417,0.48948062181049656,0.0,0.53671875,2.265625,0.078125,92.65625,5.0,0.0,29.0,1.0,1186.0,64.0,0.0,True,False,True,True,97.734375,0.0,1280.0,0.0,1.0,True,True,standard,,,,,,,,,0.5261993718104966
sweep_stale_h20_drop0.20_lr3,01_staleness_features_fixed,20.0,0.2,0.0003,20.0,2.0,64.0,2025-10-30T01:31:18.724711,0.40060266852378845,74,True,0.018256,0.187655,0.057972,0.040505,1280.0,0.0,1280.0,0.0,100.0,default,,1.1759248971939087,1.0844006538391113,0.7737122178077698,0.0007113814353942871,0.53671875,0.8329736080938573,-0.2524605989456177,0.9216080904006958,1280.0,0.53671875,1.0,0.6985256736146417,0.47917111570947807,0.0,0.53671875,2.34375,0.0,83.125,9.609375,4.921875,30.0,0.0,1064.0,123.0,63.0,True,True,False,True,97.65625,0.0,1280.0,0.0,1.0,True,True,standard,,,,,,,,,0.5158898657094781
sweep_stale_h20_drop0.20_lr5,01_staleness_features_fixed,20.0,0.2,0.0005,20.0,2.0,64.0,2025-10-30T01:33:50.912693,0.39994141459465027,60,True,0.006489,0.199704,0.063321,0.039999,1280.0,0.0,1280.0,0.0,100.0,default,,1.1769661903381348,1.0848807096481323,0.774152398109436,-0.0001735687255859375,0.53671875,0.8329736080938573,-0.2524605989456177,0.9216080904006958,1280.0,0.53671875,1.0,0.6985256736146417,0.4719470975058359,0.0,0.53671875,2.34375,0.0,97.65625,0.0,0.0,30.0,0.0,1250.0,0.0,0.0,False,False,False,True,97.65625,0.0,1280.0,0.0,1.0,True,True,standard,,,,,,,,,0.5086658475058359
sweep_stale_h20_drop0.25_lr3,01_staleness_features_fixed,20.0,0.25,0.0003,20.0,2.0,64.0,2025-10-30T01:40:53.072619,0.40244045853614807,82,True,0.034029,0.203514,0.067136,0.039039,1280.0,0.0,1280.0,0.0,100.0,default,,1.1755025386810303,1.084205985069275,0.7737765908241272,0.0010703206062316895,0.53671875,0.8329736080938573,-0.2524605989456177,0.9216080904006958,1280.0,0.53671875,1.0,0.6985256736146417,0.46943354173263524,0.0,0.53671875,2.265625,0.078125,80.546875,17.109375,0.0,29.0,1.0,1031.0,219.0,0.0,True,False,True,True,97.734375,0.0,1280.0,0.0,1.0,True,True,standard,,,,,,,,,0.5061522917326353
sweep_stale_h20_drop0.25_lr5,01_staleness_features_fixed,20.0,0.25,0.0005,20.0,2.0,64.0,2025-10-30T01:41:24.774158,0.4012599587440491,74,True,0.01327,0.228566,0.076737,0.052504,1280.0,0.0,1280.0,0.0,100.0,default,,1.1794366836547852,1.086018681526184,0.7751477360725403,-0.002272963523864746,0.53671875,0.8329736080938573,-0.2524605989456177,0.9216080904006958,1280.0,0.53671875,1.0,0.6985256736146417,0.46481881043027456,0.0,0.53671875,2.34375,0.0,97.578125,0.078125,0.0,30.0,0.0,1249.0,1.0,0.0,True,False,False,True,97.65625,0.0,1280.0,0.0,1.0,True,True,standard,,,,,,,,,0.5015375604302745
sweep_stale_h20_drop0.30_lr3,01_staleness_features_fixed,20.0,0.3,0.0003,20.0,2.0,64.0,2025-10-30T01:51:57.077919,0.40369001030921936,74,True,0.026656,0.208303,0.068071,0.05327,1280.0,0.0,1280.0,0.0,100.0,default,,1.1780726909637451,1.085390567779541,0.7749071717262268,-0.0011138916015625,0.53671875,0.8329736080938573,-0.2524605989456177,0.9216080904006958,1280.0,0.53671875,1.0,0.6985256736146417,0.4661344997803093,0.0,0.53671875,2.34375,0.0,80.78125,9.296875,7.578124999999999,30.0,0.0,1034.0,119.0,97.0,True,True,False,True,97.65625,0.0,1280.0,0.0,1.0,True,True,standard,,,,,,,,,0.5028532497803093
sweep_stale_h20_drop0.30_lr5,01_staleness_features_fixed,20.0,0.3,0.0005,20.0,2.0,64.0,2025-10-30T01:57:28.981591,0.3998787999153137,71,True,0.018741,0.212676,0.070986,0.05119,1280.0,0.0,1280.0,0.0,100.0,default,,1.1793920993804932,1.0859981775283813,0.77515709400177,-0.002234935760498047,0.53671875,0.8329736080938573,-0.2524605989456177,0.9216080904006958,1280.0,0.53671875,1.0,0.6985256736146417,0.46926662591957113,0.0,0.53671875,2.34375,0.0,97.65625,0.0,0.0,30.0,0.0,1250.0,0.0,0.0,False,False,False,True,97.65625,0.0,1280.0,0.0,1.0,True,True,standard,,,,,,,,,0.5059853759195712
sweep_stale_h20_drop0.35_lr3,01_staleness_features_fixed,20.0,0.35,0.0003,20.0,2.0,64.0,2025-10-30T02:10:01.370081,0.40385398268699646,83,True,0.028273,0.1904,0.066855,0.045274,1280.0,0.0,1280.0,0.0,100.0,default,,1.1793535947799683,1.0859805345535278,0.774996817111969,-0.002202272415161133,0.53671875,0.8329736080938573,-0.2524605989456177,0.9216080904006958,1280.0,0.53671875,1.0,0.6985256736146417,0.46447270558259757,0.0,0.53671875,2.265625,0.078125,85.625,12.03125,0.0,29.0,1.0,1096.0,154.0,0.0,True,False,True,True,97.734375,0.0,1280.0,0.0,1.0,True,True,standard,,,,,,,,,0.5011914555825976
sweep_stale_h20_drop0.35_lr5,01_staleness_features_fixed,20.0,0.35,0.0005,20.0,2.0,64.0,2025-10-30T02:17:33.276059,0.40001344680786133,71,True,0.024568,0.233262,0.075203,0.057586,1280.0,0.0,1280.0,0.0,100.0,default,,1.1796156167984009,1.0861010551452637,0.7753991484642029,-0.002424955368041992,0.53671875,0.8329736080938573,-0.2524605989456177,0.9216080904006958,1280.0,0.53671875,1.0,0.6985256736146417,0.4698017383791002,0.0,0.53671875,2.34375,0.0,82.8125,14.84375,0.0,30.0,0.0,1060.0,190.0,0.0,True,False,False,True,97.65625,0.0,1280.0,0.0,1.0,True,True,standard,,,,,,,,,0.5065204883791002
sweep_stale_h22_drop0.15_lr3,01_staleness_features_fixed,22.0,0.15,0.0003,20.0,2.0,64.0,2025-10-30T02:17:35.424967,0.3988456130027771,100,True,0.037147,0.123211,0.072924,0.019488,1280.0,0.0,1280.0,0.0,100.0,default,,1.1773062944412231,1.0850374698638916,0.7732901573181152,-0.00046253204345703125,0.53671875,0.8329736080938573,-0.2524605989456177,0.9216080904006958,1280.0,0.53671875,1.0,0.6985256736146417,0.4582943658549158,0.0,0.53671875,2.34375,0.0,92.734375,4.921875,0.0,30.0,0.0,1187.0,63.0,0.0,True,False,False,True,97.65625,0.0,1280.0,0.0,1.0,True,True,standard,,,,,,,,,0.4950131158549158
sweep_stale_h22_drop0.15_lr5,01_staleness_features_fixed,22.0,0.15,0.0005,20.0,2.0,64.0,2025-10-30T02:22:07.926882,0.3968900442123413,67,True,0.033196,0.18978,0.087276,0.044292,1280.0,0.0,1280.0,0.0,100.0,default,,1.179332971572876,1.0859709978103638,0.7742129564285278,-0.002184748649597168,0.53671875,0.8329736080938573,-0.2524605989456177,0.9216080904006958,1280.0,0.53671875,1.0,0.6985256736146417,0.4640946903588935,0.0,0.53671875,2.34375,0.0,92.8125,4.609375,0.234375,30.0,0.0,1188.0,59.0,3.0,True,True,False,True,97.65625,0.0,1280.0,0.0,1.0,True,True,standard,,,,,,,,,0.5008134403588935
sweep_stale_h22_drop0.20_lr3,01_staleness_features_fixed,22.0,0.2,0.0003,20.0,2.0,64.0,2025-10-30T02:22:09.824006,0.3985186219215393,87,True,0.023185,0.193355,0.066431,0.028298,1280.0,0.0,1280.0,0.0,100.0,default,,1.175398826599121,1.0841580629348755,0.7733685374259949,0.0011584162712097168,0.53671875,0.8329736080938573,-0.2524605989456177,0.9216080904006958,1280.0,0.53671875,1.0,0.6985256736146417,0.46584976104037645,0.0,0.53671875,2.34375,0.0,97.578125,0.078125,0.0,30.0,0.0,1249.0,1.0,0.0,True,False,False,True,97.65625,0.0,1280.0,0.0,1.0,True,True,standard,,,,,,,,,0.5025685110403765
sweep_stale_h22_drop0.20_lr5,01_staleness_features_fixed,22.0,0.2,0.0005,20.0,2.0,64.0,2025-10-30T02:24:41.067944,0.3971026539802551,60,True,0.052024,0.189894,0.092266,0.02111,1280.0,0.0,1280.0,0.0,100.0,default,,1.1772302389144897,1.0850024223327637,0.7728646397590637,-0.0003979206085205078,0.53671875,0.8329736080938573,-0.2524605989456177,0.9216080904006958,1280.0,0.53671875,1.0,0.6985256736146417,0.47038348908051475,0.0,0.53671875,2.34375,0.0,97.5,0.15625,0.0,30.0,0.0,1248.0,2.0,0.0,True,False,False,True,97.65625,0.0,1280.0,0.0,1.0,True,True,standard,,,,,,,,,0.5071022390805148
sweep_stale_h22_drop0.25_lr3,01_staleness_features_fixed,22.0,0.25,0.0003,20.0,2.0,64.0,2025-10-30T02:34:43.258793,0.3972766399383545,96,True,,,,,,,,,,,,,,,,,,,,,,,,,,,,,,,,,,,,,,,,,,,,,,False,,standard,,,,,,,,,
sweep_stale_h22_drop0.25_lr5,01_staleness_features_fixed,22.0,0.25,0.0005,20.0,2.0,64.0,2025-10-30T02:40:15.648191,0.3959659934043884,67,True,0.020679,0.239666,0.073,0.03554,1280.0,0.0,1280.0,0.0,100.0,default,,1.174634337425232,1.0838054418563843,0.7731491327285767,0.0018080472946166992,0.53671875,0.8329736080938573,-0.2524605989456177,0.9216080904006958,1280.0,0.53671875,1.0,0.6985256736146417,0.4740556369679252,0.0,0.53671875,2.34375,0.0,97.65625,0.0,0.0,30.0,0.0,1250.0,0.0,0.0,False,False,False,True,97.65625,0.0,1280.0,0.0,1.0,True,True,standard,,,,,,,,,0.5107743869679252
sweep_stale_h22_drop0.30_lr3,01_staleness_features_fixed,22.0,0.3,0.0003,20.0,2.0,64.0,2025-10-30T02:45:17.860090,0.398567259311676,96,True,,,,,,,,,,,,,,,,,,,,,,,,,,,,,,,,,,,,,,,,,,,,,,False,,standard,,,,,,,,,
sweep_stale_h22_drop0.30_lr5,01_staleness_features_fixed,22.0,0.3,0.0005,20.0,2.0,64.0,2025-10-30T02:48:49.703660,0.3965205252170563,67,True,0.011359,0.285386,0.068469,0.029986,1279.0,0.0,1280.0,0.0,100.0,default,,1.1737747192382812,1.0834088325500488,0.7727311253547668,0.0025385618209838867,0.53671875,0.8329736080938573,-0.2524605989456177,0.9216080904006958,1280.0,0.53671875,1.0,0.6985256736146417,0.48883136839056335,0.0,0.53671875,2.34375,0.0,97.65625,0.0,0.0,30.0,0.0,1250.0,0.0,0.0,False,False,False,True,97.65625,0.0,1280.0,0.0,1.0,True,True,standard,,,,,,,,,0.5255501183905633
sweep_stale_h22_drop0.35_lr3,01_staleness_features_fixed,22.0,0.35,0.0003,20.0,2.0,64.0,2025-10-30T03:08:52.100948,0.39714914560317993,100,False,,,,,,,,,,,,,,,,,,,,,,,,,,,,,,,,,,,,,,,,,,,,,,False,,standard,,,,,,,,,
sweep_stale_h22_drop0.35_lr5,01_staleness_features_fixed,22.0,0.35,0.0005,20.0,2.0,64.0,2025-10-30T03:09:23.668396,0.39689141511917114,67,True,,,,,,,,,,,,,,,,,,,,,,,,,,,,,,,,,,,,,,,,,,,,,,False,,standard,,,,,,,,,
sweep_stale_monthly_h16_drop0.25,01_staleness_features_fixed,16.0,0.25,0.0005,12.0,2.0,64.0,2025-10-30T03:09:56.112828,1.8724985122680664,100,False,1.09507,1.185568,1.170462,0.014374,51.0,0.0,51.0,0.0,100.0,default,,21.179033279418945,4.6020684242248535,3.797369956970215,-0.002750873565673828,0.6274509803921569,3.274471076839194,-0.24769513309001923,0.5335338115692139,51.0,0.6274509803921569,1.0,0.7710843373493976,0.48519736842105265,0.0,0.6274509803921569,58.82352941176471,0.0,41.17647058823529,0.0,0.0,30.0,0.0,21.0,0.0,0.0,False,False,False,True,41.17647058823529,0.0,51.0,0.0,1.0,True,True,standard,,,,,,,,,0.6126483488132095
baseline_vintage_h16_drop0.10_lr5,02_vintage_baseline,16.0,0.1,0.0005,20.0,2.0,64.0,2025-11-01T23:32:43.085654,0.402931809425354,57,True,-0.089468,0.23465,0.046596,0.055425,1281.0,248.0,1034.0,19.34477379095164,80.65522620904837,default,,1.171048641204834,1.0821499824523926,0.7721704840660095,0.0033502578735351562,0.5327613104524181,0.7229074851021601,-0.19763636589050293,0.6831138134002686,1034.0,0.5435203094777563,0.8156748911465893,0.6523505513639002,0.5102061545314592,-0.24814188480377197,0.43837753510140404,61.15444617784711,12.948517940717629,25.897035881435258,0.0,0.0,784.0,166.0,332.0,0.0,0.0,False,False,True,True,38.84555382215289,248.0,1034.0,0.1934477379095164,0.8065522620904836,True,False,standard,,,,,,,,,0.5429674649838774
baseline_vintage_h16_drop0.15_lr5,02_vintage_baseline,16.0,0.15,0.0005,20.0,2.0,64.0,2025-11-01T23:32:38.631800,0.4003247320652008,63,True,-0.112761,0.278576,0.038011,0.064124,1282.0,359.0,923.0,28.003120124804994,71.996879875195,default,,1.1703423261642456,1.0818235874176025,0.7724085450172424,0.003951430320739746,0.5226209048361935,0.758673810922825,-0.1798790842294693,0.6839644908905029,923.0,0.5417118093174431,0.7256894049346879,0.6203473945409429,0.5136999880071564,-0.2472912073135376,0.39001560062402496,62.01248049921997,15.132605304212168,22.85491419656786,0.0,0.0,795.0,194.0,293.0,0.0,0.0,False,False,True,True,37.98751950078003,359.0,923.0,0.2800312012480499,0.7199687987519501,True,False,standard,,,,,,,,,0.5363208928433499
baseline_vintage_h16_drop0.25_lr5,02_vintage_baseline,16.0,0.25,0.0005,20.0,2.0,64.0,2025-11-01T23:32:40.899030,0.3985093832015991,74,True,-0.063527,0.228986,0.040257,0.037195,1282.0,124.0,1158.0,9.67238689547582,90.32761310452418,default,,1.1718194484710693,1.0825060606002808,0.7723751068115234,0.002694368362426758,0.5374414976599063,0.958706226628333,-0.19320736825466156,1.090811014175415,1158.0,0.5414507772020726,0.9100145137880987,0.678938819707634,0.4999229031492228,0.1595553159713745,0.4890795631825273,49.84399375975039,6.4742589703588145,43.29173166926677,0.39001560062402496,0.0,639.0,83.0,555.0,5.0,0.0,True,False,True,True,50.15600624024961,124.0,1158.0,0.0967238689547582,0.9032761310452418,True,True,standard,,,,,,,,,0.5373644008091292
staleness_vintage_h14_drop0.15_lr5,02_vintage_baseline,14.0,0.15,0.0005,20.0,2.0,64.0,2025-11-01T23:32:47.363402,0.3994416296482086,63,True,-0.09023,0.313793,0.049903,0.061703,1282.0,224.0,1058.0,17.472698907956318,82.52730109204369,default,,1.170535683631897,1.0819129943847656,0.7713104486465454,0.003786921501159668,0.5249609984399376,0.8772724193492557,-0.2055000513792038,0.9159549474716187,1058.0,0.5378071833648393,0.8258345428156749,0.6514024041213509,0.5095024927981752,-0.015300750732421875,0.44383775351014043,58.65834633385335,22.54290171606864,18.798751950078003,0.0,0.0,752.0,289.0,241.0,0.0,0.0,False,False,True,True,41.34165366614664,224.0,1058.0,0.1747269890795632,0.8252730109204368,True,False,standard,,,,,,,,,0.5344634912381128
staleness_vintage_h14_drop0.20_lr5,02_vintage_baseline,14.0,0.2,0.0005,20.0,2.0,64.0,2025-11-01T23:32:49.344190,0.3999907672405243,61,True,-0.063033,0.327394,0.06867,0.055704,1282.0,72.0,1210.0,5.61622464898596,94.38377535101404,default,,1.1713770627975464,1.0823017358779907,0.7711277604103088,0.003070831298828125,0.5249609984399376,0.8044688512141055,-0.22179098427295685,0.8514081239700317,1210.0,0.5330578512396694,0.9361393323657474,0.6793048973143759,0.5034350930179624,-0.07984757423400879,0.5031201248049922,29.17316692667707,14.274570982839313,56.552262090483616,0.0,0.0,374.0,183.0,725.0,0.0,0.0,False,False,True,True,70.82683307332293,72.0,1210.0,0.056162246489859596,0.9438377535101404,True,False,standard,,,,,,,,,0.5283960914579
staleness_vintage_h16_drop0.25_lr5,02_vintage_baseline,16.0,0.25,0.0005,20.0,2.0,64.0,2025-11-01T23:32:45.135399,0.39552491903305054,97,True,0.018713,0.179552,0.074838,0.020084,1282.0,0.0,1282.0,0.0,100.0,default,,1.1743099689483643,1.083655834197998,0.7717279195785522,0.0005747079849243164,0.5374414976599063,0.8380294796085687,-0.2524595558643341,0.9312556982040405,1282.0,0.5374414976599063,1.0,0.6991374936580415,0.4779784471470494,0.0,0.5374414976599063,2.3400936037441498,0.0,90.32761310452419,7.332293291731669,0.0,30.0,0.0,1158.0,94.0,0.0,True,False,False,True,97.65990639625586,0.0,1282.0,0.0,1.0,True,True,standard,,,,,,,,,0.5154199448069557
baseline_h10_drop0.10,02b_vintage_sweep,10.0,0.1,0.0005,20.0,2.0,64.0,2025-11-22T14:39:21.761421,0.39933741092681885,100,False,-0.010396,0.20283,0.057697,0.028833,1281.0,1.0,1281.0,0.078003120124805,99.9219968798752,default,99.0,1.1723724603652954,1.082761526107788,0.7718783020973206,0.0022236108779907227,0.5382215288611545,0.84640081630915,-0.2524602711200714,0.945223331451416,1281.0,0.5378610460577674,1.0,0.6994923857868021,0.48513254539536,0.013967633247375488,0.5374414976599063,2.3400936037441498,0.0,72.46489859594384,15.522620904836193,9.67238689547582,30.0,0.0,929.0,199.0,124.0,True,True,False,True,97.65990639625585,1.0,1281.0,0.00078003120124805,0.999219968798752,True,True,standard,,,,,,,,,0.5233540742565145
baseline_h10_drop0.15,02b_vintage_sweep,10.0,0.15,0.0005,20.0,2.0,64.0,2025-11-22T14:39:23.824471,0.40068313479423523,85,True,0.015021,0.187203,0.053183,0.028753,1282.0,0.0,1282.0,0.0,100.0,default,74.0,1.1718089580535889,1.0825012922286987,0.7718974351882935,0.002703249454498291,0.5374414976599063,0.8380294796085687,-0.2524595558643341,0.9312556982040405,1282.0,0.5374414976599063,1.0,0.6991374936580415,0.48698042229494076,0.0,0.5374414976599063,2.3400936037441498,0.0,72.15288611544462,9.906396255850234,15.600624024960998,30.0,0.0,925.0,127.0,200.0,True,True,False,True,97.65990639625585,0.0,1282.0,0.0,1.0,True,True,standard,,,,,,,,,0.5244219199548471
baseline_h10_drop0.20,02b_vintage_sweep,10.0,0.2,0.0005,20.0,2.0,64.0,2025-11-22T14:39:26.065831,0.40009787678718567,85,True,0.000363,0.213721,0.055274,0.029801,1281.0,0.0,1282.0,0.0,100.0,default,82.0,1.1718461513519287,1.082518458366394,0.7720995545387268,0.0026715993881225586,0.5374414976599063,0.8380294796085687,-0.2524595558643341,0.9312556982040405,1282.0,0.5374414976599063,1.0,0.6991374936580415,0.48269971143750134,0.0,0.5374414976599063,2.3400936037441498,0.0,84.86739469578784,5.61622464898596,7.17628705148206,30.0,0.0,1088.0,72.0,92.0,True,True,False,True,97.65990639625586,0.0,1282.0,0.0,1.0,True,True,standard,,,,,,,,,0.5201412090974077
baseline_h10_drop0.25,02b_vintage_sweep,10.0,0.25,0.0005,20.0,2.0,64.0,2025-11-22T14:39:28.258712,0.4004172384738922,85,True,0.017377,0.176203,0.052016,0.02921,1280.0,0.0,1282.0,0.0,100.0,default,76.0,1.1717690229415894,1.0824828147888184,0.772119402885437,0.0027372241020202637,0.5374414976599063,0.8380294796085687,-0.2524595558643341,0.9312556982040405,1282.0,0.5374414976599063,1.0,0.6991374936580415,0.48042351870026945,0.0,0.5374414976599063,2.3400936037441498,0.0,81.66926677067082,11.388455538221528,4.6021840873634945,30.0,0.0,1047.0,146.0,59.0,True,True,False,True,97.65990639625585,0.0,1282.0,0.0,1.0,True,True,standard,,,,,,,,,0.5178650163601758
baseline_h10_drop0.30,02b_vintage_sweep,10.0,0.3,0.0005,20.0,2.0,64.0,2025-11-22T14:39:30.483940,0.4001142978668213,85,True,0.02259,0.149877,0.048436,0.024196,1282.0,0.0,1282.0,0.0,100.0,default,76.0,1.1721628904342651,1.0826647281646729,0.7721052765846252,0.002402067184448242,0.5374414976599063,0.8380294796085687,-0.2524595558643341,0.9312556982040405,1282.0,0.5374414976599063,1.0,0.6991374936580415,0.4807686188894627,0.0,0.5374414976599063,2.3400936037441498,0.0,70.04680187207488,14.97659906396256,12.636505460218409,30.0,0.0,898.0,192.0,162.0,True,True,False,True,97.65990639625585,0.0,1282.0,0.0,1.0,True,True,standard,,,,,,,,,0.5182101165493691
baseline_h12_drop0.10,02b_vintage_sweep,12.0,0.1,0.0005,20.0,2.0,64.0,2025-11-22T14:39:32.651668,0.39574113488197327,99,True,-0.000772,0.23753,0.065164,0.04143,1282.0,2.0,1280.0,0.15600624024961,99.84399375975039,default,78.0,1.1735552549362183,1.0833075046539307,0.7724334597587585,0.0012170076370239258,0.5358814352574103,0.8258022824440694,-0.2524600028991699,0.910503625869751,1280.0,0.53671875,0.9970972423802612,0.6978161503301169,0.5014697352029115,-0.02075207233428955,0.5358814352574103,4.5241809672386895,2.418096723868955,92.04368174726989,1.014040561622465,0.0,58.0,31.0,1180.0,13.0,0.0,True,False,True,True,95.47581903276131,2.0,1280.0,0.0015600624024961,0.9984399375975039,True,True,standard,,,,,,,,,0.5373511704603218
baseline_h12_drop0.15,02b_vintage_sweep,12.0,0.15,0.0005,20.0,2.0,64.0,2025-11-22T15:16:34.364563,0.394494891166687,100,False,0.012692,0.25882,0.081904,0.038962,1282.0,0.0,1282.0,0.0,100.0,default,99.0,1.174286127090454,1.0836448669433594,0.7726311683654785,0.0005949735641479492,0.5374414976599063,0.8380294796085687,-0.2524595558643341,0.9312556982040405,1282.0,0.5374414976599063,1.0,0.6991374936580415,0.4882457896553159,0.0,0.5374414976599063,2.3400936037441498,0.0,96.41185647425897,0.31201248049922,0.93603744149766,30.0,0.0,1236.0,4.0,12.0,True,True,False,True,97.65990639625585,0.0,1282.0,0.0,1.0,True,True,standard,,,,,,,,,0.5256872873152223
baseline_h12_drop0.20,02b_vintage_sweep,12.0,0.2,0.0005,20.0,2.0,64.0,2025-11-22T15:16:36.672611,0.39355984330177307,100,False,0.020604,0.25399,0.082794,0.035746,1282.0,0.0,1282.0,0.0,100.0,default,97.0,1.1745893955230713,1.0837846994400024,0.7727149724960327,0.0003368854522705078,0.5374414976599063,0.8380294796085687,-0.2524595558643341,0.9312556982040405,1282.0,0.5374414976599063,1.0,0.6991374936580415,0.47619420574334825,0.0,0.5374414976599063,2.3400936037441498,0.0,96.48985959438377,1.1700468018720749,0.0,30.0,0.0,1237.0,15.0,0.0,True,False,False,True,97.65990639625585,0.0,1282.0,0.0,1.0,True,True,standard,,,,,,,,,0.5136357034032546
baseline_h12_drop0.25,02b_vintage_sweep,12.0,0.25,0.0005,20.0,2.0,64.0,2025-11-22T15:16:38.776573,0.3925299048423767,100,False,0.03042,0.235448,0.079659,0.028614,1281.0,0.0,1282.0,0.0,100.0,default,97.0,1.173664927482605,1.0833581686019897,0.7722258567810059,0.001123666763305664,0.5374414976599063,0.8380294796085687,-0.2524595558643341,0.9312556982040405,1282.0,0.5374414976599063,1.0,0.6991374936580415,0.4739461594754477,0.0,0.5374414976599063,2.3400936037441498,0.0,94.22776911076443,2.80811232449298,0.62402496099844,30.0,0.0,1208.0,36.0,8.0,True,True,False,True,97.65990639625585,0.0,1282.0,0.0,1.0,True,True,standard,,,,,,,,,0.5113876571353541
baseline_h12_drop0.30,02b_vintage_sweep,12.0,0.3,0.0005,20.0,2.0,64.0,2025-11-22T15:16:40.697360,0.39460667967796326,100,False,0.040589,0.250903,0.073751,0.026412,1282.0,0.0,1282.0,0.0,100.0,default,99.0,1.1726034879684448,1.082868218421936,0.771864116191864,0.0020270347595214844,0.5374414976599063,0.8380294796085687,-0.2524595558643341,0.9312556982040405,1282.0,0.5374414976599063,1.0,0.6991374936580415,0.4714068584379444,0.0,0.5374414976599063,2.3400936037441498,0.0,93.99375975039001,2.65210608424337,1.014040561622465,30.0,0.0,1205.0,34.0,13.0,True,True,False,True,97.65990639625585,0.0,1282.0,0.0,1.0,True,True,standard,,,,,,,,,0.5088483560978507
baseline_h14_drop0.10,02b_vintage_sweep,14.0,0.1,0.0005,20.0,2.0,64.0,2025-11-22T15:22:12.806033,0.39814990758895874,80,True,-0.036872,0.272601,0.053969,0.053873,1282.0,161.0,1121.0,12.558502340093602,87.4414976599064,default,69.0,1.1744500398635864,1.0837204456329346,0.7741918563842773,0.00045543909072875977,0.5101404056162246,0.6297641672709747,-0.23866811394691467,0.5843582153320312,1121.0,0.5272078501338091,0.8577648766328012,0.6530386740331492,0.46691688469982406,-0.3468974828720093,0.4609984399375975,40.40561622464899,16.69266770670827,42.90171606864275,0.0,0.0,518.0,214.0,550.0,0.0,0.0,False,False,True,True,59.59438377535102,161.0,1121.0,0.12558502340093602,0.874414976599064,True,False,standard,,,,,,,,,0.4770572903160487
baseline_h14_drop0.15,02b_vintage_sweep,14.0,0.15,0.0005,20.0,2.0,64.0,2025-11-22T15:22:44.922226,0.398374080657959,83,True,0.007857,0.263375,0.075985,0.050487,1282.0,0.0,1282.0,0.0,100.0,default,72.0,1.173700213432312,1.0833745002746582,0.7729485630989075,0.0010936260223388672,0.5374414976599063,0.8380294796085687,-0.2524595558643341,0.9312556982040405,1282.0,0.5374414976599063,1.0,0.6991374936580415,0.46780411036353,0.0,0.5374414976599063,2.3400936037441498,0.0,97.65990639625585,0.0,0.0,30.0,0.0,1252.0,0.0,0.0,False,False,False,True,97.65990639625585,0.0,1282.0,0.0,1.0,True,True,standard,,,,,,,,,0.5052456080234363
baseline_h14_drop0.20,02b_vintage_sweep,14.0,0.2,0.0005,20.0,2.0,64.0,2025-11-22T15:56:46.745502,0.39705556631088257,83,True,-0.001769,0.286689,0.076775,0.051046,1282.0,1.0,1281.0,0.078003120124805,99.9219968798752,default,72.0,1.175575852394104,1.0842397212982178,0.7738963961601257,-0.0005027055740356445,0.5366614664586583,0.8372966520439408,-0.2524595558643341,0.9300193786621094,1281.0,0.537080405932865,0.9985486211901307,0.6984771573604062,0.47000932504766546,-0.0012363195419311523,0.5366614664586583,2.3400936037441498,0.0,97.42589703588143,0.234009360374415,0.0,30.0,0.0,1249.0,3.0,0.0,True,False,False,True,97.65990639625585,1.0,1281.0,0.00078003120124805,0.999219968798752,True,False,standard,,,,,,,,,0.5066707915063238
baseline_h14_drop0.25,02b_vintage_sweep,14.0,0.25,0.0005,20.0,2.0,64.0,2025-11-22T15:58:48.809187,0.3966413736343384,100,False,0.00209,0.305942,0.067166,0.063743,1282.0,0.0,1282.0,0.0,100.0,default,89.0,1.1745795011520386,1.0837801694869995,0.7746374607086182,0.0003452897071838379,0.5374414976599063,0.8380294796085687,-0.2524595558643341,0.9312556982040405,1282.0,0.5374414976599063,1.0,0.6991374936580415,0.46932401970742366,0.0,0.5374414976599063,2.3400936037441498,0.0,97.65990639625585,0.0,0.0,30.0,0.0,1252.0,0.0,0.0,False,False,False,True,97.65990639625585,0.0,1282.0,0.0,1.0,True,True,standard,,,,,,,,,0.50676551736733
baseline_h14_drop0.30,02b_vintage_sweep,14.0,0.3,0.0005,20.0,2.0,64.0,2025-11-22T15:59:50.919500,0.40067851543426514,83,True,0.001024,0.192058,0.052047,0.04488,1282.0,0.0,1282.0,0.0,100.0,default,62.0,1.1708948612213135,1.0820789337158203,0.7720149755477905,0.0034812092781066895,0.5374414976599063,0.8380294796085687,-0.2524595558643341,0.9312556982040405,1282.0,0.5374414976599063,1.0,0.6991374936580415,0.5089934088311383,0.0,0.5374414976599063,2.3400936037441498,0.0,97.65990639625585,0.0,0.0,30.0,0.0,1252.0,0.0,0.0,False,False,False,True,97.65990639625585,0.0,1282.0,0.0,1.0,True,True,standard,,,,,,,,,0.5464349064910446
baseline_h16_drop0.10,02b_vintage_sweep,16.0,0.1,0.0005,20.0,2.0,64.0,2025-11-22T15:59:52.741407,0.402931809425354,57,True,-0.090529,0.250185,0.055558,0.05976,1282.0,237.0,1045.0,18.486739469578783,81.51326053042122,tft-epoch=50-val_loss=0.4029,50.0,1.171608328819275,1.0824085474014282,0.7714847326278687,0.0028739571571350098,0.5351014040561622,0.9091636651322048,-0.1753120869398117,0.9383001327514648,1045.0,0.5444976076555024,0.8258345428156749,0.6562860438292965,0.5163188334145093,0.007044434547424316,0.44383775351014043,60.9984399375975,10.374414976599065,28.627145085803434,0.0,0.0,782.0,133.0,367.0,0.0,0.0,False,False,True,True,39.0015600624025,237.0,1045.0,0.18486739469578783,0.8151326053042122,True,False,standard,"No checkpoints >= epoch 80, using all 3",,,,,,,,0.5514202374706716
baseline_h16_drop0.15,02b_vintage_sweep,16.0,0.15,0.0005,20.0,2.0,64.0,2025-11-22T15:59:55.624786,0.4003247320652008,63,True,-0.112761,0.278576,0.038011,0.064124,1282.0,359.0,923.0,28.003120124804994,71.996879875195,default,50.0,1.1703423261642456,1.0818235874176025,0.7724085450172424,0.003951430320739746,0.5226209048361935,0.758673810922825,-0.1798790842294693,0.6839644908905029,923.0,0.5417118093174431,0.7256894049346879,0.6203473945409429,0.5136999880071564,-0.2472912073135376,0.39001560062402496,62.01248049921997,15.132605304212168,22.85491419656786,0.0,0.0,795.0,194.0,293.0,0.0,0.0,False,False,True,True,37.98751950078003,359.0,923.0,0.2800312012480499,0.7199687987519501,True,False,standard,,,,,,,,,0.5363208928433499
baseline_h16_drop0.20,02b_vintage_sweep,16.0,0.2,0.0005,20.0,2.0,64.0,2025-11-22T16:00:26.540425,0.3998950123786926,76,True,-0.038718,0.259023,0.085412,0.041065,1282.0,21.0,1261.0,1.6380655226209049,98.3619344773791,default,57.0,1.1724680662155151,1.0828056335449219,0.7712386846542358,0.0021422505378723145,0.5397815912636506,0.8907643827439599,-0.23005259037017822,1.0149013996124268,1261.0,0.5392545598731165,0.9869375907111756,0.6974358974358974,0.5046245872870965,0.08364570140838623,0.5304212168486739,17.160686427457097,0.39001560062402496,82.44929797191888,0.0,0.0,220.0,5.0,1057.0,0.0,0.0,False,False,True,True,82.8393135725429,21.0,1261.0,0.01638065522620905,0.983619344773791,True,True,standard,,,,,,,,,0.544406178550747
baseline_h16_drop0.25,02b_vintage_sweep,16.0,0.25,0.0005,20.0,2.0,64.0,2025-11-22T16:22:28.989626,0.3985093832015991,74,True,-0.063527,0.228986,0.040257,0.037195,1282.0,124.0,1158.0,9.67238689547582,90.32761310452418,default,61.0,1.1718194484710693,1.0825060606002808,0.7723751068115234,0.002694368362426758,0.5374414976599063,0.958706226628333,-0.19320736825466156,1.090811014175415,1158.0,0.5414507772020726,0.9100145137880987,0.678938819707634,0.4999229031492228,0.1595553159713745,0.4890795631825273,49.84399375975039,6.4742589703588145,43.29173166926677,0.39001560062402496,0.0,639.0,83.0,555.0,5.0,0.0,True,False,True,True,50.15600624024961,124.0,1158.0,0.0967238689547582,0.9032761310452418,True,True,standard,,,,,,,,,0.5373644008091292
baseline_h16_drop0.30,02b_vintage_sweep,16.0,0.3,0.0005,20.0,2.0,64.0,2025-11-22T16:24:30.798267,0.39698725938796997,76,True,0.016294,0.306732,0.087314,0.042984,1282.0,0.0,1282.0,0.0,100.0,default,67.0,1.173426866531372,1.083248257637024,0.7722952365875244,0.0013262629508972168,0.5374414976599063,0.8380294796085687,-0.2524595558643341,0.9312556982040405,1282.0,0.5374414976599063,1.0,0.6991374936580415,0.47418968762314073,0.0,0.5374414976599063,2.3400936037441498,0.0,97.65990639625585,0.0,0.0,30.0,0.0,1252.0,0.0,0.0,False,False,False,True,97.65990639625585,0.0,1282.0,0.0,1.0,True,True,standard,,,,,,,,,0.5116311852830471
baseline_h18_drop0.10,02b_vintage_sweep,18.0,0.1,0.0005,20.0,2.0,64.0,2025-11-22T16:29:33.041055,0.3940353989601135,78,True,0.004354,0.169849,0.0518,0.028391,1282.0,0.0,1282.0,0.0,100.0,default,64.0,1.1721739768981934,1.0826698541641235,0.7722826600074768,0.002392590045928955,0.5374414976599063,0.8380294796085687,-0.2524595558643341,0.9312556982040405,1282.0,0.5374414976599063,1.0,0.6991374936580415,0.48230566086686233,0.0,0.5374414976599063,2.3400936037441498,0.0,77.61310452418097,11.466458658346333,8.580343213728549,30.0,0.0,995.0,147.0,110.0,True,True,False,True,97.65990639625585,0.0,1282.0,0.0,1.0,True,True,standard,,,,,,,,,0.5197471585267687
baseline_h18_drop0.15,02b_vintage_sweep,18.0,0.15,0.0005,20.0,2.0,64.0,2025-11-22T16:31:35.095868,0.3950203061103821,76,True,0.037043,0.197629,0.064694,0.027947,1281.0,0.0,1282.0,0.0,100.0,default,67.0,1.172938585281372,1.0830228328704834,0.7722946405410767,0.0017418265342712402,0.5374414976599063,0.8380294796085687,-0.2524595558643341,0.9312556982040405,1282.0,0.5374414976599063,1.0,0.6991374936580415,0.46939499776052007,0.0,0.5374414976599063,2.3400936037441498,0.0,72.30889235569423,10.686427457098285,14.664586583463338,30.0,0.0,927.0,137.0,188.0,True,True,False,True,97.65990639625585,0.0,1282.0,0.0,1.0,True,True,standard,,,,,,,,,0.5068364954204264
baseline_h18_drop0.20,02b_vintage_sweep,18.0,0.2,0.0005,20.0,2.0,64.0,2025-11-22T16:34:36.819018,0.39592093229293823,71,True,0.038075,0.216999,0.059267,0.024527,1282.0,0.0,1282.0,0.0,100.0,default,60.0,1.1726070642471313,1.0828698873519897,0.772146999835968,0.0020239949226379395,0.5374414976599063,0.8380294796085687,-0.2524595558643341,0.9312556982040405,1282.0,0.5374414976599063,1.0,0.6991374936580415,0.47318375728442863,0.0,0.5374414976599063,2.3400936037441498,0.0,69.57878315132605,9.126365054602184,18.954758190327613,30.0,0.0,892.0,117.0,243.0,True,True,False,True,97.65990639625585,0.0,1282.0,0.0,1.0,True,True,standard,,,,,,,,,0.510625254944335
baseline_h18_drop0.25,02b_vintage_sweep,18.0,0.25,0.0005,20.0,2.0,64.0,2025-11-22T16:40:38.918529,0.39585772156715393,87,True,0.046227,0.250134,0.069594,0.028512,1281.0,0.0,1282.0,0.0,100.0,default,76.0,1.1725605726242065,1.082848310470581,0.7720234990119934,0.002063572406768799,0.5374414976599063,0.8380294796085687,-0.2524595558643341,0.9312556982040405,1282.0,0.5374414976599063,1.0,0.6991374936580415,0.46998240233787014,0.0,0.5374414976599063,2.3400936037441498,0.0,72.23088923556942,7.410296411856475,18.018720748829953,30.0,0.0,926.0,95.0,231.0,True,True,False,True,97.65990639625585,0.0,1282.0,0.0,1.0,True,True,standard,,,,,,,,,0.5074238999977765
baseline_h18_drop0.30,02b_vintage_sweep,18.0,0.3,0.0005,20.0,2.0,64.0,2025-11-22T16:52:11.546633,0.39596185088157654,87,True,0.042368,0.261784,0.067835,0.029282,1281.0,0.0,1282.0,0.0,100.0,default,76.0,1.1726360321044922,1.0828832387924194,0.7720409035682678,0.001999378204345703,0.5374414976599063,0.8380294796085687,-0.2524595558643341,0.9312556982040405,1282.0,0.5374414976599063,1.0,0.6991374936580415,0.4681736857434462,0.0,0.5374414976599063,2.3400936037441498,0.0,75.27301092043682,6.084243369734789,16.302652106084242,30.0,0.0,965.0,78.0,209.0,True,True,False,True,97.65990639625585,0.0,1282.0,0.0,1.0,True,True,standard,,,,,,,,,0.5056151834033525
baseline_h20_drop0.10,02b_vintage_sweep,20.0,0.1,0.0005,20.0,2.0,64.0,2025-11-22T16:54:43.229322,0.40117427706718445,61,True,0.045048,0.213236,0.094383,0.037239,1281.0,0.0,1282.0,0.0,100.0,default,50.0,1.1763800382614136,1.0846105813980103,0.7727853655815125,-0.0011870861053466797,0.5374414976599063,0.8380294796085687,-0.2524595558643341,0.9312556982040405,1282.0,0.5374414976599063,1.0,0.6991374936580415,0.4727003722676509,0.0,0.5374414976599063,2.3400936037441498,0.0,92.04368174726989,3.5101404056162244,2.1060842433697347,30.0,0.0,1180.0,45.0,27.0,True,True,False,True,97.65990639625585,0.0,1282.0,0.0,1.0,True,True,standard,,,,,,,,,0.5101418699275573
baseline_h20_drop0.15,02b_vintage_sweep,20.0,0.15,0.0005,20.0,2.0,64.0,2025-11-22T17:03:14.996443,0.4007059931755066,67,True,0.033846,0.210733,0.093279,0.045976,1282.0,0.0,1282.0,0.0,100.0,default,56.0,1.176464319229126,1.0846494436264038,0.7729595303535461,-0.00125885009765625,0.5374414976599063,0.8380294796085687,-0.2524595558643341,0.9312556982040405,1282.0,0.5374414976599063,1.0,0.6991374936580415,0.4793882181326898,0.0,0.5374414976599063,2.3400936037441498,0.0,86.66146645865834,3.6661466458658345,7.332293291731669,30.0,0.0,1111.0,47.0,94.0,True,True,False,True,97.65990639625585,0.0,1282.0,0.0,1.0,True,True,standard,,,,,,,,,0.5168297157925961
baseline_h20_drop0.20,02b_vintage_sweep,20.0,0.2,0.0005,20.0,2.0,64.0,2025-11-22T17:04:47.023072,0.39883583784103394,75,True,0.009061,0.219204,0.081778,0.043133,1282.0,0.0,1282.0,0.0,100.0,default,56.0,1.1753047704696655,1.0841147899627686,0.7725160121917725,-0.00027191638946533203,0.5374414976599063,0.8380294796085687,-0.2524595558643341,0.9312556982040405,1282.0,0.5374414976599063,1.0,0.6991374936580415,0.4777263526826033,0.0,0.5374414976599063,2.3400936037441498,0.0,97.19188767550702,0.46801872074883,0.0,30.0,0.0,1246.0,6.0,0.0,True,False,False,True,97.65990639625585,0.0,1282.0,0.0,1.0,True,True,standard,,,,,,,,,0.5151678503425097
baseline_h20_drop0.25,02b_vintage_sweep,20.0,0.25,0.0005,20.0,2.0,64.0,2025-11-22T17:05:19.266954,0.3989924490451813,79,True,0.040201,0.211966,0.090814,0.041007,1282.0,0.0,1282.0,0.0,100.0,default,65.0,1.1781154870986938,1.085410237312317,0.7735236883163452,-0.0026640892028808594,0.5374414976599063,0.8380294796085687,-0.2524595558643341,0.9312556982040405,1282.0,0.5374414976599063,1.0,0.6991374936580415,0.4571378222464799,0.0,0.5374414976599063,2.3400936037441498,0.0,74.72698907956318,2.65210608424337,20.2808112324493,30.0,0.0,958.0,34.0,260.0,True,True,False,True,97.65990639625585,0.0,1282.0,0.0,1.0,True,True,standard,,,,,,,,,0.49457931990638626
baseline_h20_drop0.30,02b_vintage_sweep,20.0,0.3,0.0005,20.0,2.0,64.0,2025-11-22T17:18:21.210422,0.39873525500297546,75,True,0.052587,0.169925,0.092525,0.024989,1282.0,0.0,1282.0,0.0,100.0,default,64.0,1.1765062808990479,1.084668755531311,0.7723454236984253,-0.0012944936752319336,0.5374414976599063,0.8380294796085687,-0.2524595558643341,0.9312556982040405,1282.0,0.5374414976599063,1.0,0.6991374936580415,0.46107588043379827,0.0,0.5374414976599063,2.3400936037441498,0.0,85.95943837753511,5.538221528861154,6.162246489859594,30.0,0.0,1102.0,71.0,79.0,True,True,False,True,97.65990639625586,0.0,1282.0,0.0,1.0,True,True,standard,,,,,,,,,0.4985173780937046
h16d010_baseline,04_custom_losses,16.0,0.1,0.0005,20.0,2.0,64.0,2025-11-22T22:54:15.426479,0.402931809425354,57,True,-0.089468,0.23465,0.046596,0.055425,1281.0,248.0,1034.0,19.34477379095164,80.65522620904837,default,46.0,1.171048641204834,1.0821499824523926,0.7721704840660095,0.0033502578735351562,0.5327613104524181,0.7229074851021601,-0.19763636589050293,0.6831138134002686,1034.0,0.5435203094777563,0.8156748911465893,0.6523505513639002,0.5102061545314592,-0.24814188480377197,0.43837753510140404,61.15444617784711,12.948517940717629,25.897035881435258,0.0,0.0,784.0,166.0,332.0,0.0,0.0,False,False,True,True,38.84555382215289,248.0,1034.0,0.1934477379095164,0.8065522620904836,True,False,standard,,,,,,,,,0.5429674649838774
h16d010_dirw1.0,04_custom_losses,16.0,0.1,0.0005,20.0,2.0,64.0,2025-11-22T22:57:17.025660,0.410021036863327,63,True,-0.142784,0.268628,0.033868,0.074843,1282.0,395.0,887.0,30.81123244929797,69.18876755070202,default,52.0,1.1707684993743896,1.0820205211639404,0.7722604274749756,0.0035887956619262695,0.5351014040561622,1.0542550071789185,-0.1753368079662323,1.0728659629821777,887.0,0.552423900789177,0.7111756168359942,0.6218274111675126,0.51990689637449,0.1416102647781372,0.38221528861154447,63.57254290171607,13.182527301092042,23.244929797191887,0.0,0.0,815.0,169.0,298.0,0.0,0.0,False,False,True,True,36.42745709828393,395.0,887.0,0.3081123244929797,0.6918876755070202,True,False,standard,,,,,,,,,0.5550083004306522
h16d010_dirw1.0_colw0.1t0.035,04_custom_losses,16.0,0.1,0.0005,20.0,2.0,64.0,2025-11-22T22:59:51.229682,0.410089373588562,57,True,-0.092125,0.237323,0.043773,0.055866,1282.0,266.0,1016.0,20.74882995319813,79.25117004680187,default,46.0,1.170966386795044,1.0821119546890259,0.7723067998886108,0.0034202933311462402,0.5280811232449298,0.7517452432743925,-0.19017185270786285,0.7203079462051392,1016.0,0.5413385826771654,0.7982583454281568,0.6451612903225806,0.5095269679888981,-0.21094775199890137,0.4290171606864275,60.68642745709828,14.35257410296412,24.960998439937597,0.0,0.0,778.0,184.0,320.0,0.0,0.0,False,False,True,True,39.31357254290172,266.0,1016.0,0.20748829953198128,0.7925117004680188,True,False,standard,,,,,,,,,0.5376080912338279
h16d010_dirw1.0_extremew5.0p90,04_custom_losses,16.0,0.1,0.0005,20.0,2.0,64.0,2025-11-22T23:09:27.265204,0.8982056379318237,56,True,-0.11557,0.341982,0.036255,0.070728,1282.0,286.0,996.0,22.308892355694226,77.69110764430577,default,45.0,1.1713230609893799,1.0822768211364746,0.7721157670021057,0.0031167268753051758,0.5358814352574103,1.0160049801892082,-0.1851074993610382,1.05336332321167,996.0,0.5471887550200804,0.7910014513788098,0.6468842729970327,0.5094878076837414,0.1221076250076294,0.4251170046801872,50.93603744149766,10.998439937597503,34.321372854914195,0.7800312012480499,2.9641185647425896,653.0,141.0,440.0,10.0,38.0,True,True,True,True,49.06396255850234,286.0,996.0,0.22308892355694226,0.7769110764430577,True,False,standard,,,,,,,,,0.5453692429411516
h16d010_dirw2.0,04_custom_losses,16.0,0.1,0.0005,20.0,2.0,64.0,2025-11-22T22:59:19.471459,0.4187473952770233,61,True,-0.109806,0.22599,0.042682,0.05969,1282.0,325.0,957.0,25.35101404056162,74.64898595943838,default,50.0,1.1716612577438354,1.0824329853057861,0.7719852328300476,0.00282895565032959,0.5351014040561622,0.8977646837555213,-0.17533664405345917,0.8725254535675049,957.0,0.54858934169279,0.7619738751814223,0.6379100850546779,0.5175425929506556,-0.058730244636535645,0.4095163806552262,63.18252730109204,14.586583463338535,22.230889235569425,0.0,0.0,810.0,187.0,285.0,0.0,0.0,False,False,True,True,36.81747269890796,325.0,957.0,0.2535101404056162,0.7464898595943837,True,False,standard,,,,,,,,,0.5526439970068179
h16d010_dirw2.0_colw0.1t0.035,04_custom_losses,16.0,0.1,0.0005,20.0,2.0,64.0,2025-11-22T23:01:23.043969,0.41703009605407715,62,True,-0.132791,0.252316,0.017585,0.067892,1282.0,499.0,783.0,38.92355694227769,61.07644305772231,default,51.0,1.1728967428207397,1.0830035209655762,0.7733728289604187,0.0017774105072021484,0.5273010920436817,0.9658155174076164,-0.1798788607120514,0.8672432899475098,783.0,0.5530012771392082,0.6284470246734397,0.5883152173913044,0.5186708992429824,-0.06401240825653076,0.3377535101404056,59.51638065522621,16.302652106084242,24.180967238689547,0.0,0.0,763.0,209.0,310.0,0.0,0.0,False,False,True,True,40.483619344773786,499.0,783.0,0.38923556942277693,0.6107644305772231,True,False,standard,,,,,,,,,0.5459719912866641
h16d010_dirw2.0_extremew5.0p90,04_custom_losses,16.0,0.1,0.0005,20.0,2.0,64.0,2025-11-22T23:25:59.224674,0.9069458842277527,56,True,-0.11557,0.341982,0.036255,0.070728,1282.0,286.0,996.0,22.308892355694226,77.69110764430577,default,45.0,1.1713230609893799,1.0822768211364746,0.7721157670021057,0.0031167268753051758,0.5358814352574103,1.0160049801892082,-0.1851074993610382,1.05336332321167,996.0,0.5471887550200804,0.7910014513788098,0.6468842729970327,0.5094878076837414,0.1221076250076294,0.4251170046801872,50.93603744149766,10.998439937597503,34.321372854914195,0.7800312012480499,2.9641185647425896,653.0,141.0,440.0,10.0,38.0,True,True,True,True,49.06396255850234,286.0,996.0,0.22308892355694226,0.7769110764430577,True,False,standard,,,,,,,,,0.5453692429411516
h16d010_extremew5.0p90,04_custom_losses,16.0,0.1,0.0005,20.0,2.0,64.0,2025-11-22T23:01:25.356052,0.8859093189239502,63,True,-0.144824,0.440468,0.063246,0.093765,1282.0,249.0,1033.0,19.422776911076443,80.57722308892356,default,52.0,1.172818660736084,1.0829675197601318,0.7723666429519653,0.0018439292907714844,0.5351014040561622,0.9791478696340724,-0.18059414625167847,1.015364646911621,1033.0,0.5450145208131656,0.8171262699564587,0.6538908246225321,0.5060930987304719,0.08410894870758057,0.4391575663026521,51.24804992199687,9.204368174726989,37.129485179407176,2.418096723868955,0.0,657.0,118.0,476.0,31.0,0.0,True,False,True,True,48.75195007800312,249.0,1033.0,0.19422776911076442,0.8057722308892356,True,False,standard,,,,,,,,,0.5411945027866342
h16d015_alpha0.1,04_custom_losses,16.0,0.15,0.0005,20.0,2.0,64.0,2025-11-22T22:21:50.664253,0.5071830749511719,68,True,-0.049016,0.316126,0.067041,0.047679,1282.0,99.0,1183.0,7.722308892355695,92.2776911076443,default,57.0,1.1695228815078735,1.0814448595046997,0.7712373733520508,0.004648864269256592,0.5397815912636506,0.9784472126791247,-0.187025249004364,1.135082721710205,1183.0,0.5418427726120034,0.93033381712627,0.6848290598290598,0.509852488025513,0.20382702350616455,0.5,36.817472698907956,4.446177847113884,56.31825273010921,2.418096723868955,0.0,472.0,57.0,722.0,31.0,0.0,True,False,True,True,63.18252730109205,99.0,1183.0,0.07722308892355695,0.9227769110764431,True,True,standard,,,,,,,,,0.5496340792891635
h16d015_alpha0.5,04_custom_losses,16.0,0.15,0.0005,20.0,2.0,64.0,2025-11-22T22:21:52.707687,0.84124755859375,51,True,-0.005328,0.44282,0.091907,0.054728,1281.0,3.0,1279.0,0.234009360374415,99.76599063962558,default,40.0,1.1700100898742676,1.0816700458526611,0.7709410786628723,0.004234254360198975,0.5382215288611545,0.8503582743970215,-0.24501633644104004,0.9504861831665039,1279.0,0.5379202501954652,0.9985486211901307,0.6991869918699187,0.5029076526578833,0.01923048496246338,0.5366614664586583,7.020280811232449,0.0,88.68954758190327,1.1700468018720749,3.1201248049921997,90.0,0.0,1137.0,15.0,40.0,True,True,False,True,92.97971918876755,3.0,1279.0,0.00234009360374415,0.9976599063962559,True,False,standard,,,,,,,,,0.5411291815190378
h16d015_alpha1.0,04_custom_losses,16.0,0.15,0.0005,20.0,2.0,64.0,2025-11-22T22:21:54.607215,1.2501994371414185,56,True,-0.010902,0.510575,0.091708,0.068238,1282.0,11.0,1271.0,0.858034321372855,99.14196567862714,default,45.0,1.1709246635437012,1.0820927619934082,0.7714272141456604,0.0034558773040771484,0.5397815912636506,0.8758148068724199,-0.2354198843240738,0.9912928342819214,1271.0,0.5389457120377655,0.9941944847605225,0.6989795918367346,0.5052584947268202,0.06003713607788086,0.5343213728549142,18.720748829953198,0.234009360374415,76.83307332293292,1.1700468018720749,3.0421216848673946,240.0,3.0,985.0,15.0,39.0,True,True,True,True,81.2792511700468,11.0,1271.0,0.00858034321372855,0.9914196567862714,True,False,standard,,,,,,,,,0.5450400859904707
h16d015_baseline,04_custom_losses,16.0,0.15,0.0005,20.0,2.0,64.0,2025-11-22T20:51:11.237301,0.4003247320652008,63,True,-0.112761,0.278576,0.038011,0.064124,1282.0,359.0,923.0,28.003120124804994,71.996879875195,default,52.0,1.1703423261642456,1.0818235874176025,0.7724085450172424,0.003951430320739746,0.5226209048361935,0.758673810922825,-0.1798790842294693,0.6839644908905029,923.0,0.5417118093174431,0.7256894049346879,0.6203473945409429,0.5136999880071564,-0.2472912073135376,0.39001560062402496,62.01248049921997,15.132605304212168,22.85491419656786,0.0,0.0,795.0,194.0,293.0,0.0,0.0,False,False,True,True,37.98751950078003,359.0,923.0,0.2800312012480499,0.7199687987519501,True,False,standard,,,,,,,,,0.5363208928433499
h16d015_dirw0.1,04_custom_losses,16.0,0.15,0.0005,20.0,2.0,64.0,2025-11-22T20:51:11.237281,0.4010370075702667,63,True,-0.112761,0.278576,0.038011,0.064124,1282.0,359.0,923.0,28.003120124804994,71.996879875195,default,52.0,1.1703423261642456,1.0818235874176025,0.7724085450172424,0.003951430320739746,0.5226209048361935,0.758673810922825,-0.1798790842294693,0.6839644908905029,923.0,0.5417118093174431,0.7256894049346879,0.6203473945409429,0.5136999880071564,-0.2472912073135376,0.39001560062402496,62.01248049921997,15.132605304212168,22.85491419656786,0.0,0.0,795.0,194.0,293.0,0.0,0.0,False,False,True,True,37.98751950078003,359.0,923.0,0.2800312012480499,0.7199687987519501,True,False,standard,,,,,,,,,0.5363208928433499
h16d015_dirw0.1_colw0.1t0.035,04_custom_losses,16.0,0.15,0.0005,20.0,2.0,64.0,2025-11-22T20:58:29.675782,0.4009907841682434,63,True,-0.112867,0.279786,0.038223,0.063982,1282.0,353.0,929.0,27.53510140405616,72.46489859594384,default,52.0,1.1703191995620728,1.0818129777908325,0.7723668217658997,0.003971099853515625,0.5241809672386896,0.8002398353327568,-0.17987895011901855,0.7364604473114014,929.0,0.542518837459634,0.7314949201741655,0.622991347342398,0.5136045347633371,-0.19479525089263916,0.39313572542901715,62.090483619344774,15.054602184087361,22.85491419656786,0.0,0.0,796.0,193.0,293.0,0.0,0.0,False,False,True,True,37.90951638065522,353.0,929.0,0.2753510140405616,0.7246489859594384,True,False,standard,,,,,,,,,0.5377855020020267
h16d015_dirw0.2,04_custom_losses,16.0,0.15,0.0005,20.0,2.0,64.0,2025-11-22T20:51:12.577333,0.4017491936683655,63,True,-0.112761,0.278576,0.038011,0.064124,1282.0,359.0,923.0,28.003120124804994,71.996879875195,default,52.0,1.1703423261642456,1.0818235874176025,0.7724085450172424,0.003951430320739746,0.5226209048361935,0.758673810922825,-0.1798790842294693,0.6839644908905029,923.0,0.5417118093174431,0.7256894049346879,0.6203473945409429,0.5136999880071564,-0.2472912073135376,0.39001560062402496,62.01248049921997,15.132605304212168,22.85491419656786,0.0,0.0,795.0,194.0,293.0,0.0,0.0,False,False,True,True,37.98751950078003,359.0,923.0,0.2800312012480499,0.7199687987519501,True,False,standard,,,,,,,,,0.5363208928433499
h16d015_dirw0.2_colw0.1t0.035,04_custom_losses,16.0,0.15,0.0005,20.0,2.0,64.0,2025-11-22T21:13:01.705970,0.4017101526260376,63,True,-0.112867,0.279786,0.038223,0.063982,1282.0,353.0,929.0,27.53510140405616,72.46489859594384,default,52.0,1.1703191995620728,1.0818129777908325,0.7723668217658997,0.003971099853515625,0.5241809672386896,0.8002398353327568,-0.17987895011901855,0.7364604473114014,929.0,0.542518837459634,0.7314949201741655,0.622991347342398,0.5136045347633371,-0.19479525089263916,0.39313572542901715,62.090483619344774,15.054602184087361,22.85491419656786,0.0,0.0,796.0,193.0,293.0,0.0,0.0,False,False,True,True,37.90951638065522,353.0,929.0,0.2753510140405616,0.7246489859594384,True,False,standard,,,,,,,,,0.5377855020020267
h16d015_dirw0.5,04_custom_losses,16.0,0.15,0.0005,20.0,2.0,64.0,2025-11-22T20:51:14.782518,0.4038860499858856,63,True,-0.112761,0.278576,0.038011,0.064124,1282.0,359.0,923.0,28.003120124804994,71.996879875195,default,52.0,1.1703423261642456,1.0818235874176025,0.7724085450172424,0.003951430320739746,0.5226209048361935,0.758673810922825,-0.1798790842294693,0.6839644908905029,923.0,0.5417118093174431,0.7256894049346879,0.6203473945409429,0.5136999880071564,-0.2472912073135376,0.39001560062402496,62.01248049921997,15.132605304212168,22.85491419656786,0.0,0.0,795.0,194.0,293.0,0.0,0.0,False,False,True,True,37.98751950078003,359.0,923.0,0.2800312012480499,0.7199687987519501,True,False,standard,,,,,,,,,0.5363208928433499
h16d015_dirw1.0,04_custom_losses,16.0,0.15,0.0005,20.0,2.0,64.0,2025-11-22T20:51:17.231209,0.40744736790657043,63,True,-0.112761,0.278576,0.038011,0.064124,1282.0,359.0,923.0,28.003120124804994,71.996879875195,default,52.0,1.1703423261642456,1.0818235874176025,0.7724085450172424,0.003951430320739746,0.5226209048361935,0.758673810922825,-0.1798790842294693,0.6839644908905029,923.0,0.5417118093174431,0.7256894049346879,0.6203473945409429,0.5136999880071564,-0.2472912073135376,0.39001560062402496,62.01248049921997,15.132605304212168,22.85491419656786,0.0,0.0,795.0,194.0,293.0,0.0,0.0,False,False,True,True,37.98751950078003,359.0,923.0,0.2800312012480499,0.7199687987519501,True,False,standard,,,,,,,,,0.5363208928433499
h16d015_dirw1.0_colw0.1t0.035,04_custom_losses,16.0,0.15,0.0005,20.0,2.0,64.0,2025-11-22T21:13:03.748822,0.40746480226516724,63,True,-0.112867,0.279786,0.038223,0.063982,1282.0,353.0,929.0,27.53510140405616,72.46489859594384,default,52.0,1.1703191995620728,1.0818129777908325,0.7723668217658997,0.003971099853515625,0.5241809672386896,0.8002398353327568,-0.17987895011901855,0.7364604473114014,929.0,0.542518837459634,0.7314949201741655,0.622991347342398,0.5136045347633371,-0.19479525089263916,0.39313572542901715,62.090483619344774,15.054602184087361,22.85491419656786,0.0,0.0,796.0,193.0,293.0,0.0,0.0,False,False,True,True,37.90951638065522,353.0,929.0,0.2753510140405616,0.7246489859594384,True,False,standard,,,,,,,,,0.5377855020020267
h16d015_dirw1.0_extremew5.0p90,04_custom_losses,16.0,0.15,0.0005,20.0,2.0,64.0,2025-11-22T22:53:13.066000,0.902961790561676,65,True,-0.074996,0.343232,0.033127,0.065742,1282.0,307.0,975.0,23.946957878315132,76.05304212168487,default,54.0,1.1694499254226685,1.0814111232757568,0.7724295854568481,0.004710972309112549,0.5195007800312013,0.8295479112601124,-0.1753367781639099,0.8142741918563843,975.0,0.5374358974358975,0.760522496371553,0.6298076923076923,0.5041155033200596,-0.11698150634765625,0.40873634945397813,57.956318252730114,15.44461778471139,22.152886115444616,1.24804992199688,3.1981279251170043,743.0,198.0,284.0,16.0,41.0,True,True,True,True,42.04368174726989,307.0,975.0,0.23946957878315134,0.7605304212168487,True,False,standard,,,,,,,,,0.5236162833512609
h16d015_dirw10.0,04_custom_losses,16.0,0.15,0.0005,20.0,2.0,64.0,2025-11-22T20:51:26.016723,0.49818122386932373,38,True,-0.11192,0.136236,0.030183,0.035109,1282.0,232.0,1050.0,18.096723868954758,81.90327613104525,default,27.0,1.174079418182373,1.0835494995117188,0.7715873718261719,0.0007709264755249023,0.5421216848673946,0.968928378717081,-0.19269025325775146,0.9760860204696655,1050.0,0.5485714285714286,0.8359941944847605,0.6624496837262794,0.528194195953272,0.044830322265625,0.44929797191887677,27.14508580343214,26.98907956318253,40.09360374414976,1.71606864274571,4.05616224648986,348.0,346.0,514.0,22.0,52.0,True,True,True,True,72.85491419656786,232.0,1050.0,0.1809672386895476,0.8190327613104524,True,True,standard,,,,,,,,,0.5703158808206666
h16d015_dirw10.0_colw0.1t0.035,04_custom_losses,16.0,0.15,0.0005,20.0,2.0,64.0,2025-11-22T21:26:11.623455,0.4982389211654663,38,True,-0.11192,0.136236,0.030183,0.035109,1282.0,232.0,1050.0,18.096723868954758,81.90327613104525,default,27.0,1.174079418182373,1.0835494995117188,0.7715873718261719,0.0007709264755249023,0.5421216848673946,0.968928378717081,-0.19269025325775146,0.9760860204696655,1050.0,0.5485714285714286,0.8359941944847605,0.6624496837262794,0.528194195953272,0.044830322265625,0.44929797191887677,27.14508580343214,26.98907956318253,40.09360374414976,1.71606864274571,4.05616224648986,348.0,346.0,514.0,22.0,52.0,True,True,True,True,72.85491419656786,232.0,1050.0,0.1809672386895476,0.8190327613104524,True,True,standard,,,,,,,,,0.5703158808206666
h16d015_dirw100.0,04_custom_losses,16.0,0.15,0.0005,20.0,2.0,64.0,2025-11-22T20:51:27.879807,1.1566623449325562,12,True,-0.053447,0.008979,-0.019572,0.013992,1282.0,1232.0,50.0,96.09984399375975,3.900156006240252,default,1.0,1.1808265447616577,1.0866584777832031,0.7754191756248474,-0.0049713850021362305,0.4672386895475819,0.4120218605050664,-0.04006054624915123,0.04499614238739014,50.0,0.56,0.040638606676342524,0.07577807848443843,0.5335469201643754,-0.8862595558166504,0.0218408736349454,2.2620904836193447,4.6801872074882995,17.394695787831512,26.131045241809677,49.53198127925117,29.0,60.0,223.0,335.0,635.0,True,True,True,True,97.73790951638065,1232.0,50.0,0.9609984399375975,0.0390015600624025,True,True,standard,,,,,,,,,0.5007856097119574
h16d015_dirw2.0,04_custom_losses,16.0,0.15,0.0005,20.0,2.0,64.0,2025-11-22T20:51:19.080908,0.42579254508018494,38,True,-0.114975,0.190211,0.026472,0.035568,1282.0,236.0,1046.0,18.408736349453978,81.59126365054603,default,27.0,1.17325758934021,1.0831701755523682,0.7718567848205566,0.001470327377319336,0.5358814352574103,0.7845770654304377,-0.18116140365600586,0.7198911905288696,1046.0,0.5449330783938815,0.8272859216255443,0.6570605187319886,0.5275627360326205,-0.2113645076751709,0.44461778471138846,28.70514820592824,31.747269890795632,34.16536661466459,1.9500780031201248,3.43213728549142,368.0,407.0,438.0,25.0,44.0,True,True,True,True,71.29485179407177,236.0,1046.0,0.18408736349453977,0.8159126365054602,True,True,standard,,,,,,,,,0.5634441712900308
h16d015_dirw2.0_colw0.1t0.035,04_custom_losses,16.0,0.15,0.0005,20.0,2.0,64.0,2025-11-22T21:13:05.805668,0.42584967613220215,38,True,-0.114975,0.190211,0.026472,0.035568,1282.0,236.0,1046.0,18.408736349453978,81.59126365054603,default,27.0,1.17325758934021,1.0831701755523682,0.7718567848205566,0.001470327377319336,0.5358814352574103,0.7845770654304377,-0.18116140365600586,0.7198911905288696,1046.0,0.5449330783938815,0.8272859216255443,0.6570605187319886,0.5275627360326205,-0.2113645076751709,0.44461778471138846,28.70514820592824,31.747269890795632,34.16536661466459,1.9500780031201248,3.43213728549142,368.0,407.0,438.0,25.0,44.0,True,True,True,True,71.29485179407177,236.0,1046.0,0.18408736349453977,0.8159126365054602,True,True,standard,,,,,,,,,0.5634441712900308
h16d015_dirw2.0_colw0.5t0.005,04_custom_losses,16.0,0.15,0.0005,20.0,2.0,64.0,2025-11-22T21:26:13.740629,0.4257931411266327,38,True,-0.114975,0.190211,0.026472,0.035568,1282.0,236.0,1046.0,18.408736349453978,81.59126365054603,default,27.0,1.17325758934021,1.0831701755523682,0.7718567848205566,0.001470327377319336,0.5358814352574103,0.7845770654304377,-0.18116140365600586,0.7198911905288696,1046.0,0.5449330783938815,0.8272859216255443,0.6570605187319886,0.5275627360326205,-0.2113645076751709,0.44461778471138846,28.70514820592824,31.747269890795632,34.16536661466459,1.9500780031201248,3.43213728549142,368.0,407.0,438.0,25.0,44.0,True,True,True,True,71.29485179407177,236.0,1046.0,0.18408736349453977,0.8159126365054602,True,True,standard,,,,,,,,,0.5634441712900308
h16d015_dirw2.0_colw0.5t0.010,04_custom_losses,16.0,0.15,0.0005,20.0,2.0,64.0,2025-11-22T21:26:15.860613,0.4258006811141968,38,True,-0.114975,0.190211,0.026472,0.035568,1282.0,236.0,1046.0,18.408736349453978,81.59126365054603,default,27.0,1.17325758934021,1.0831701755523682,0.7718567848205566,0.001470327377319336,0.5358814352574103,0.7845770654304377,-0.18116140365600586,0.7198911905288696,1046.0,0.5449330783938815,0.8272859216255443,0.6570605187319886,0.5275627360326205,-0.2113645076751709,0.44461778471138846,28.70514820592824,31.747269890795632,34.16536661466459,1.9500780031201248,3.43213728549142,368.0,407.0,438.0,25.0,44.0,True,True,True,True,71.29485179407177,236.0,1046.0,0.18408736349453977,0.8159126365054602,True,True,standard,,,,,,,,,0.5634441712900308
h16d015_dirw2.0_colw1.0t0.005,04_custom_losses,16.0,0.15,0.0005,20.0,2.0,64.0,2025-11-22T21:26:18.032290,0.42579373717308044,38,True,-0.114975,0.190211,0.026472,0.035568,1282.0,236.0,1046.0,18.408736349453978,81.59126365054603,default,27.0,1.17325758934021,1.0831701755523682,0.7718567848205566,0.001470327377319336,0.5358814352574103,0.7845770654304377,-0.18116140365600586,0.7198911905288696,1046.0,0.5449330783938815,0.8272859216255443,0.6570605187319886,0.5275627360326205,-0.2113645076751709,0.44461778471138846,28.70514820592824,31.747269890795632,34.16536661466459,1.9500780031201248,3.43213728549142,368.0,407.0,438.0,25.0,44.0,True,True,True,True,71.29485179407177,236.0,1046.0,0.18408736349453977,0.8159126365054602,True,True,standard,,,,,,,,,0.5634441712900308
h16d015_dirw2.0_colw1.0t0.010,04_custom_losses,16.0,0.15,0.0005,20.0,2.0,64.0,2025-11-22T21:34:19.880130,0.42580896615982056,38,True,-0.114975,0.190211,0.026472,0.035568,1282.0,236.0,1046.0,18.408736349453978,81.59126365054603,default,27.0,1.17325758934021,1.0831701755523682,0.7718567848205566,0.001470327377319336,0.5358814352574103,0.7845770654304377,-0.18116140365600586,0.7198911905288696,1046.0,0.5449330783938815,0.8272859216255443,0.6570605187319886,0.5275627360326205,-0.2113645076751709,0.44461778471138846,28.70514820592824,31.747269890795632,34.16536661466459,1.9500780031201248,3.43213728549142,368.0,407.0,438.0,25.0,44.0,True,True,True,True,71.29485179407177,236.0,1046.0,0.18408736349453977,0.8159126365054602,True,True,standard,,,,,,,,,0.5634441712900308
h16d015_dirw2.0_extremew10.0p90,04_custom_losses,16.0,0.15,0.0005,20.0,2.0,64.0,2025-11-22T22:50:41.337376,1.4486831426620483,86,True,-0.179979,0.692539,0.04733,0.14305,1282.0,461.0,821.0,35.9594383775351,64.0405616224649,default,75.0,1.1816734075546265,1.087048053741455,0.7797183394432068,-0.005692124366760254,0.5039001560062403,0.6249605157016426,-0.17987880110740662,0.5172927379608154,821.0,0.5322777101096224,0.6342525399129173,0.5788079470198675,0.49082547475751204,-0.4139629602432251,0.3408736349453978,75.74102964118565,9.67238689547582,14.35257410296412,0.234009360374415,0.0,971.0,124.0,184.0,3.0,0.0,True,False,True,True,24.258970358814352,461.0,821.0,0.359594383775351,0.640405616224649,True,False,standard,,,,,,,,,0.4947256307637523
h16d015_dirw2.0_extremew2.0p90,04_custom_losses,16.0,0.15,0.0005,20.0,2.0,64.0,2025-11-22T22:21:56.475203,0.5486561059951782,58,True,-0.058569,0.288036,0.036929,0.04949,1282.0,207.0,1075.0,16.146645865834632,83.85335413416537,default,47.0,1.1704965829849243,1.081894874572754,0.7724568247795105,0.0038201212882995605,0.5351014040561622,0.9212760770882678,-0.17531219124794006,0.9900753498077393,1075.0,0.5432558139534883,0.8476052249637155,0.6621315192743763,0.5099185710404649,0.05881965160369873,0.45553822152886114,57.176287051482056,10.842433697347893,28.70514820592824,1.794071762870515,1.4820592823712948,733.0,139.0,368.0,23.0,19.0,True,True,True,True,42.823712948517944,207.0,1075.0,0.16146645865834633,0.8385335413416537,True,True,standard,,,,,,,,,0.5450199750966271
h16d015_dirw2.0_extremew2.0p95,04_custom_losses,16.0,0.15,0.0005,20.0,2.0,64.0,2025-11-22T22:22:28.451878,0.5071951746940613,63,True,-0.083191,0.431828,0.056678,0.071156,1282.0,201.0,1081.0,15.678627145085802,84.3213728549142,default,52.0,1.1686919927597046,1.081060528755188,0.7720016241073608,0.005355954170227051,0.5413416536661466,0.9215094322827498,-0.17533686757087708,0.975084662437439,1081.0,0.5467160037002775,0.8577648766328012,0.6677966101694914,0.5081588048274865,0.04382896423339844,0.4609984399375975,52.886115444617786,6.786271450858035,37.83151326053042,1.326053042121685,1.1700468018720749,678.0,87.0,485.0,17.0,15.0,True,True,True,True,47.113884555382214,201.0,1081.0,0.15678627145085802,0.843213728549142,True,False,standard,,,,,,,,,0.5495004584936332
h16d015_dirw2.0_extremew3.0p90,04_custom_losses,16.0,0.15,0.0005,20.0,2.0,64.0,2025-11-22T22:29:00.462043,0.6721161603927612,58,True,-0.049735,0.35404,0.04198,0.053277,1282.0,175.0,1107.0,13.650546021840873,86.34945397815913,default,47.0,1.1704668998718262,1.0818811655044556,0.772289514541626,0.003845393657684326,0.5397815912636506,0.9272634178549526,-0.17934873700141907,1.0099701881408691,1107.0,0.5447154471544715,0.8751814223512336,0.6714922048997771,0.5077206989135463,0.07871448993682861,0.4703588143525741,50.93603744149766,7.410296411856475,37.441497659906396,0.62402496099844,3.58814352574103,653.0,95.0,480.0,8.0,46.0,True,True,True,True,49.06396255850234,175.0,1107.0,0.13650546021840873,0.8634945397815913,True,False,standard,,,,,,,,,0.5475022901771969
h16d015_dirw2.0_extremew3.0p95,04_custom_losses,16.0,0.15,0.0005,20.0,2.0,64.0,2025-11-22T22:29:32.462970,0.5927626490592957,57,True,-0.040587,0.497906,0.053842,0.070964,1282.0,122.0,1160.0,9.51638065522621,90.48361934477379,default,46.0,1.1681950092315674,1.080830693244934,0.7723396420478821,0.005778968334197998,0.5390015600624025,0.904027012270392,-0.19678044319152832,0.995492696762085,1160.0,0.5422413793103448,0.9129172714078374,0.6803677663601946,0.5039857848092282,0.06423699855804443,0.4906396255850234,39.15756630265211,3.43213728549142,52.652106084243364,1.1700468018720749,3.58814352574103,502.0,44.0,675.0,15.0,46.0,True,True,True,True,60.84243369734789,122.0,1160.0,0.09516380655226209,0.9048361934477379,True,False,standard,,,,,,,,,0.5429873448716307
h16d015_dirw2.0_extremew5.0p75,04_custom_losses,16.0,0.15,0.0005,20.0,2.0,64.0,2025-11-22T22:29:34.495003,1.3120511770248413,55,True,0.009335,0.412317,0.116776,0.072481,1281.0,0.0,1282.0,0.0,100.0,default,44.0,1.1750354766845703,1.0839905738830566,0.7719597816467285,-4.279613494873047e-05,0.5374414976599063,0.8380294796085687,-0.2524595558643341,0.9312556982040405,1282.0,0.5374414976599063,1.0,0.6991374936580415,0.4874674785903269,0.0,0.5374414976599063,2.3400936037441498,0.0,97.65990639625585,0.0,0.0,30.0,0.0,1252.0,0.0,0.0,False,False,False,True,97.65990639625585,0.0,1282.0,0.0,1.0,True,True,standard,,,,,,,,,0.5249089762502333
h16d015_dirw2.0_extremew5.0p90,04_custom_losses,16.0,0.15,0.0005,20.0,2.0,64.0,2025-11-22T22:42:36.493456,0.9080008864402771,48,True,-0.048435,0.249305,0.020143,0.060494,1282.0,718.0,564.0,56.00624024960999,43.99375975039001,default,37.0,1.1729031801223755,1.083006501197815,0.7748035192489624,0.0017719864845275879,0.4828393135725429,0.6762280487304235,-0.1893206089735031,0.5719460248947144,564.0,0.5230496453900709,0.4281567489114659,0.47086991221069435,0.483918575935503,-0.35930967330932617,0.23010920436817472,55.69422776911076,19.03276131045242,20.2808112324493,1.24804992199688,3.74414976599064,714.0,244.0,260.0,16.0,48.0,True,True,True,True,44.30577223088924,718.0,564.0,0.5600624024960998,0.43993759750390016,True,False,standard,,,,,,,,,0.4667578895080459
h16d015_dirw2.0_extremew5.0p95,04_custom_losses,16.0,0.15,0.0005,20.0,2.0,64.0,2025-11-22T22:43:38.691511,0.7472065687179565,75,True,-0.055339,0.703505,0.062541,0.089255,1281.0,164.0,1118.0,12.792511700468017,87.20748829953199,default,64.0,1.1658947467803955,1.079766035079956,0.7717113494873047,0.007736623287200928,0.5436817472698908,0.9665708170893004,-0.1890222579240799,1.0601022243499756,1118.0,0.5465116279069767,0.8867924528301887,0.6762589928057554,0.509686056728597,0.12884652614593506,0.4765990639625585,39.39157566302652,2.02808112324493,42.43369734789392,2.574102964118565,13.57254290171607,505.0,26.0,544.0,33.0,174.0,True,True,True,True,60.608424336973485,164.0,1118.0,0.12792511700468018,0.8720748829953198,True,False,standard,,,,,,,,,0.5533678039984878
h16d015_dirw3.0,04_custom_losses,16.0,0.15,0.0005,20.0,2.0,64.0,2025-11-22T20:51:21.328593,0.43326911330223083,38,True,-0.114975,0.190211,0.026472,0.035568,1282.0,236.0,1046.0,18.408736349453978,81.59126365054603,default,27.0,1.17325758934021,1.0831701755523682,0.7718567848205566,0.001470327377319336,0.5358814352574103,0.7845770654304377,-0.18116140365600586,0.7198911905288696,1046.0,0.5449330783938815,0.8272859216255443,0.6570605187319886,0.5275627360326205,-0.2113645076751709,0.44461778471138846,28.70514820592824,31.747269890795632,34.16536661466459,1.9500780031201248,3.43213728549142,368.0,407.0,438.0,25.0,44.0,True,True,True,True,71.29485179407177,236.0,1046.0,0.18408736349453977,0.8159126365054602,True,True,standard,,,,,,,,,0.5634441712900308
h16d015_dirw3.0_colw0.1t0.035,04_custom_losses,16.0,0.15,0.0005,20.0,2.0,64.0,2025-11-22T21:13:08.042227,0.43332624435424805,38,True,-0.114975,0.190211,0.026472,0.035568,1282.0,236.0,1046.0,18.408736349453978,81.59126365054603,default,27.0,1.17325758934021,1.0831701755523682,0.7718567848205566,0.001470327377319336,0.5358814352574103,0.7845770654304377,-0.18116140365600586,0.7198911905288696,1046.0,0.5449330783938815,0.8272859216255443,0.6570605187319886,0.5275627360326205,-0.2113645076751709,0.44461778471138846,28.70514820592824,31.747269890795632,34.16536661466459,1.9500780031201248,3.43213728549142,368.0,407.0,438.0,25.0,44.0,True,True,True,True,71.29485179407177,236.0,1046.0,0.18408736349453977,0.8159126365054602,True,True,standard,,,,,,,,,0.5634441712900308
h16d015_dirw3.0_colw0.5t0.005,04_custom_losses,16.0,0.15,0.0005,20.0,2.0,64.0,2025-11-22T21:34:22.043464,0.4332697093486786,38,True,-0.114975,0.190211,0.026472,0.035568,1282.0,236.0,1046.0,18.408736349453978,81.59126365054603,default,27.0,1.17325758934021,1.0831701755523682,0.7718567848205566,0.001470327377319336,0.5358814352574103,0.7845770654304377,-0.18116140365600586,0.7198911905288696,1046.0,0.5449330783938815,0.8272859216255443,0.6570605187319886,0.5275627360326205,-0.2113645076751709,0.44461778471138846,28.70514820592824,31.747269890795632,34.16536661466459,1.9500780031201248,3.43213728549142,368.0,407.0,438.0,25.0,44.0,True,True,True,True,71.29485179407177,236.0,1046.0,0.18408736349453977,0.8159126365054602,True,True,standard,,,,,,,,,0.5634441712900308
h16d015_dirw3.0_colw0.5t0.010,04_custom_losses,16.0,0.15,0.0005,20.0,2.0,64.0,2025-11-22T21:34:23.751936,0.43327733874320984,38,True,-0.114975,0.190211,0.026472,0.035568,1282.0,236.0,1046.0,18.408736349453978,81.59126365054603,default,27.0,1.17325758934021,1.0831701755523682,0.7718567848205566,0.001470327377319336,0.5358814352574103,0.7845770654304377,-0.18116140365600586,0.7198911905288696,1046.0,0.5449330783938815,0.8272859216255443,0.6570605187319886,0.5275627360326205,-0.2113645076751709,0.44461778471138846,28.70514820592824,31.747269890795632,34.16536661466459,1.9500780031201248,3.43213728549142,368.0,407.0,438.0,25.0,44.0,True,True,True,True,71.29485179407177,236.0,1046.0,0.18408736349453977,0.8159126365054602,True,True,standard,,,,,,,,,0.5634441712900308
h16d015_dirw3.0_colw1.0t0.005,04_custom_losses,16.0,0.15,0.0005,20.0,2.0,64.0,2025-11-22T21:46:56.827853,0.43327033519744873,38,True,-0.114975,0.190211,0.026472,0.035568,1282.0,236.0,1046.0,18.408736349453978,81.59126365054603,default,27.0,1.17325758934021,1.0831701755523682,0.7718567848205566,0.001470327377319336,0.5358814352574103,0.7845770654304377,-0.18116140365600586,0.7198911905288696,1046.0,0.5449330783938815,0.8272859216255443,0.6570605187319886,0.5275627360326205,-0.2113645076751709,0.44461778471138846,28.70514820592824,31.747269890795632,34.16536661466459,1.9500780031201248,3.43213728549142,368.0,407.0,438.0,25.0,44.0,True,True,True,True,71.29485179407177,236.0,1046.0,0.18408736349453977,0.8159126365054602,True,True,standard,,,,,,,,,0.5634441712900308
h16d015_dirw3.0_colw1.0t0.010,04_custom_losses,16.0,0.15,0.0005,20.0,2.0,64.0,2025-11-22T21:46:58.766391,0.43328553438186646,38,True,-0.114975,0.190211,0.026472,0.035568,1282.0,236.0,1046.0,18.408736349453978,81.59126365054603,default,27.0,1.17325758934021,1.0831701755523682,0.7718567848205566,0.001470327377319336,0.5358814352574103,0.7845770654304377,-0.18116140365600586,0.7198911905288696,1046.0,0.5449330783938815,0.8272859216255443,0.6570605187319886,0.5275627360326205,-0.2113645076751709,0.44461778471138846,28.70514820592824,31.747269890795632,34.16536661466459,1.9500780031201248,3.43213728549142,368.0,407.0,438.0,25.0,44.0,True,True,True,True,71.29485179407177,236.0,1046.0,0.18408736349453977,0.8159126365054602,True,True,standard,,,,,,,,,0.5634441712900308
h16d015_dirw5.0,04_custom_losses,16.0,0.15,0.0005,20.0,2.0,64.0,2025-11-22T20:51:23.350954,0.448222279548645,38,True,-0.114975,0.190211,0.026472,0.035568,1282.0,236.0,1046.0,18.408736349453978,81.59126365054603,default,27.0,1.17325758934021,1.0831701755523682,0.7718567848205566,0.001470327377319336,0.5358814352574103,0.7845770654304377,-0.18116140365600586,0.7198911905288696,1046.0,0.5449330783938815,0.8272859216255443,0.6570605187319886,0.5275627360326205,-0.2113645076751709,0.44461778471138846,28.70514820592824,31.747269890795632,34.16536661466459,1.9500780031201248,3.43213728549142,368.0,407.0,438.0,25.0,44.0,True,True,True,True,71.29485179407177,236.0,1046.0,0.18408736349453977,0.8159126365054602,True,True,standard,,,,,,,,,0.5634441712900308
h16d015_dirw5.0_colw0.1t0.035,04_custom_losses,16.0,0.15,0.0005,20.0,2.0,64.0,2025-11-22T21:25:39.851222,0.4482795000076294,38,True,-0.114975,0.190211,0.026472,0.035568,1282.0,236.0,1046.0,18.408736349453978,81.59126365054603,default,27.0,1.17325758934021,1.0831701755523682,0.7718567848205566,0.001470327377319336,0.5358814352574103,0.7845770654304377,-0.18116140365600586,0.7198911905288696,1046.0,0.5449330783938815,0.8272859216255443,0.6570605187319886,0.5275627360326205,-0.2113645076751709,0.44461778471138846,28.70514820592824,31.747269890795632,34.16536661466459,1.9500780031201248,3.43213728549142,368.0,407.0,438.0,25.0,44.0,True,True,True,True,71.29485179407177,236.0,1046.0,0.18408736349453977,0.8159126365054602,True,True,standard,,,,,,,,,0.5634441712900308
h16d015_varcw0.1t0.005,04_custom_losses,16.0,0.15,0.0005,20.0,2.0,64.0,2025-11-22T21:47:29.678916,0.4003247320652008,63,True,-0.112761,0.278576,0.038011,0.064124,1282.0,359.0,923.0,28.003120124804994,71.996879875195,default,52.0,1.1703423261642456,1.0818235874176025,0.7724085450172424,0.003951430320739746,0.5226209048361935,0.758673810922825,-0.1798790842294693,0.6839644908905029,923.0,0.5417118093174431,0.7256894049346879,0.6203473945409429,0.5136999880071564,-0.2472912073135376,0.39001560062402496,62.01248049921997,15.132605304212168,22.85491419656786,0.0,0.0,795.0,194.0,293.0,0.0,0.0,False,False,True,True,37.98751950078003,359.0,923.0,0.2800312012480499,0.7199687987519501,True,False,standard,,,,,,,,,0.5363208928433499
h16d015_varcw0.1t0.020,04_custom_losses,16.0,0.15,0.0005,20.0,2.0,64.0,2025-11-22T21:47:31.732554,0.4003286361694336,63,True,-0.112761,0.278576,0.038011,0.064124,1282.0,359.0,923.0,28.003120124804994,71.996879875195,default,52.0,1.1703423261642456,1.0818235874176025,0.7724085450172424,0.003951430320739746,0.5226209048361935,0.758673810922825,-0.1798790842294693,0.6839644908905029,923.0,0.5417118093174431,0.7256894049346879,0.6203473945409429,0.5136999880071564,-0.2472912073135376,0.39001560062402496,62.01248049921997,15.132605304212168,22.85491419656786,0.0,0.0,795.0,194.0,293.0,0.0,0.0,False,False,True,True,37.98751950078003,359.0,923.0,0.2800312012480499,0.7199687987519501,True,False,standard,,,,,,,,,0.5363208928433499
h16d015_varcw0.1t0.035,04_custom_losses,16.0,0.15,0.0005,20.0,2.0,64.0,2025-11-22T21:47:34.043804,0.4002714455127716,63,True,-0.112867,0.279786,0.038223,0.063982,1282.0,353.0,929.0,27.53510140405616,72.46489859594384,default,52.0,1.1703191995620728,1.0818129777908325,0.7723668217658997,0.003971099853515625,0.5241809672386896,0.8002398353327568,-0.17987895011901855,0.7364604473114014,929.0,0.542518837459634,0.7314949201741655,0.622991347342398,0.5136045347633371,-0.19479525089263916,0.39313572542901715,62.090483619344774,15.054602184087361,22.85491419656786,0.0,0.0,796.0,193.0,293.0,0.0,0.0,False,False,True,True,37.90951638065522,353.0,929.0,0.2753510140405616,0.7246489859594384,True,False,standard,,,,,,,,,0.5377855020020267
h16d015_varcw0.1t0.050,04_custom_losses,16.0,0.15,0.0005,20.0,2.0,64.0,2025-11-22T21:47:35.986892,0.40052545070648193,63,True,-0.113935,0.279052,0.039283,0.064673,1282.0,349.0,933.0,27.223088923556944,72.77691107644306,default,52.0,1.1704154014587402,1.081857442855835,0.7723353505134583,0.0038892626762390137,0.5241809672386896,0.7798375776690156,-0.17987896502017975,0.7123342752456665,933.0,0.5423365487674169,0.7343976777939042,0.623921085080148,0.513871314342217,-0.21892142295837402,0.39469578783151327,62.01248049921997,15.132605304212168,22.85491419656786,0.0,0.0,795.0,194.0,293.0,0.0,0.0,False,False,True,True,37.98751950078003,349.0,933.0,0.27223088923556943,0.7277691107644306,True,False,standard,,,,,,,,,0.5380522815809066
h16d015_varcw0.1t0.075,04_custom_losses,16.0,0.15,0.0005,20.0,2.0,64.0,2025-11-22T21:47:38.105564,0.40055572986602783,63,True,-0.143827,0.315113,0.030278,0.074768,1282.0,430.0,852.0,33.541341653666144,66.45865834633386,default,52.0,1.1707302331924438,1.082002878189087,0.772905170917511,0.003621339797973633,0.5249609984399376,0.9168310923345803,-0.18842869997024536,0.8641844987869263,852.0,0.5469483568075117,0.6763425253991292,0.6048020765736535,0.5154426215866288,-0.06707119941711426,0.36349453978159124,58.65834633385335,17.394695787831512,23.946957878315132,0.0,0.0,752.0,223.0,307.0,0.0,0.0,False,False,True,True,41.34165366614664,430.0,852.0,0.33541341653666146,0.6645865834633385,True,False,standard,,,,,,,,,0.5404036200265664
h16d015_varcw0.1t1.000,04_custom_losses,16.0,0.15,0.0005,20.0,2.0,64.0,2025-11-22T21:55:10.297754,0.4957308769226074,61,True,-3.671726,0.415821,-0.02684,0.770567,1282.0,141.0,1141.0,10.998439937597503,89.00156006240249,default,50.0,1.9138952493667603,1.3834360837936401,0.8905099630355835,-0.628867506980896,0.5429017160686428,0.6409228152694587,-0.2843916714191437,0.5144535303115845,1141.0,0.5451358457493427,0.9027576197387518,0.6797814207650275,0.4961830940067601,-0.41680216789245605,0.48517940717628705,14.664586583463338,20.67082683307332,61.70046801872074,2.9641185647425896,0.0,188.0,265.0,791.0,38.0,0.0,True,False,True,True,85.33541341653665,141.0,1141.0,0.10998439937597504,0.890015600624025,True,False,standard,,,,,,,,,0.5390848100754029
h16d015_varcw0.5t0.005,04_custom_losses,16.0,0.15,0.0005,20.0,2.0,64.0,2025-11-22T21:55:12.101701,0.4003247320652008,63,True,-0.112761,0.278576,0.038011,0.064124,1282.0,359.0,923.0,28.003120124804994,71.996879875195,default,52.0,1.1703423261642456,1.0818235874176025,0.7724085450172424,0.003951430320739746,0.5226209048361935,0.758673810922825,-0.1798790842294693,0.6839644908905029,923.0,0.5417118093174431,0.7256894049346879,0.6203473945409429,0.5136999880071564,-0.2472912073135376,0.39001560062402496,62.01248049921997,15.132605304212168,22.85491419656786,0.0,0.0,795.0,194.0,293.0,0.0,0.0,False,False,True,True,37.98751950078003,359.0,923.0,0.2800312012480499,0.7199687987519501,True,False,standard,,,,,,,,,0.5363208928433499
h16d015_varcw0.5t0.010,04_custom_losses,16.0,0.15,0.0005,20.0,2.0,64.0,2025-11-22T21:55:14.133425,0.4003262221813202,63,True,-0.112761,0.278576,0.038011,0.064124,1282.0,359.0,923.0,28.003120124804994,71.996879875195,default,52.0,1.1703423261642456,1.0818235874176025,0.7724085450172424,0.003951430320739746,0.5226209048361935,0.758673810922825,-0.1798790842294693,0.6839644908905029,923.0,0.5417118093174431,0.7256894049346879,0.6203473945409429,0.5136999880071564,-0.2472912073135376,0.39001560062402496,62.01248049921997,15.132605304212168,22.85491419656786,0.0,0.0,795.0,194.0,293.0,0.0,0.0,False,False,True,True,37.98751950078003,359.0,923.0,0.2800312012480499,0.7199687987519501,True,False,standard,,,,,,,,,0.5363208928433499
h16d015_varcw1.0t0.005,04_custom_losses,16.0,0.15,0.0005,20.0,2.0,64.0,2025-11-22T22:08:16.232821,0.4003247320652008,63,True,-0.112761,0.278576,0.038011,0.064124,1282.0,359.0,923.0,28.003120124804994,71.996879875195,default,52.0,1.1703423261642456,1.0818235874176025,0.7724085450172424,0.003951430320739746,0.5226209048361935,0.758673810922825,-0.1798790842294693,0.6839644908905029,923.0,0.5417118093174431,0.7256894049346879,0.6203473945409429,0.5136999880071564,-0.2472912073135376,0.39001560062402496,62.01248049921997,15.132605304212168,22.85491419656786,0.0,0.0,795.0,194.0,293.0,0.0,0.0,False,False,True,True,37.98751950078003,359.0,923.0,0.2800312012480499,0.7199687987519501,True,False,standard,,,,,,,,,0.5363208928433499
h16d015_varcw1.0t0.010,04_custom_losses,16.0,0.15,0.0005,20.0,2.0,64.0,2025-11-22T22:08:18.453917,0.4003276824951172,63,True,-0.112761,0.278576,0.038011,0.064124,1282.0,359.0,923.0,28.003120124804994,71.996879875195,default,52.0,1.1703423261642456,1.0818235874176025,0.7724085450172424,0.003951430320739746,0.5226209048361935,0.758673810922825,-0.1798790842294693,0.6839644908905029,923.0,0.5417118093174431,0.7256894049346879,0.6203473945409429,0.5136999880071564,-0.2472912073135376,0.39001560062402496,62.01248049921997,15.132605304212168,22.85491419656786,0.0,0.0,795.0,194.0,293.0,0.0,0.0,False,False,True,True,37.98751950078003,359.0,923.0,0.2800312012480499,0.7199687987519501,True,False,standard,,,,,,,,,0.5363208928433499
h16d025_baseline,04_custom_losses,16.0,0.25,0.0005,20.0,2.0,64.0,2025-11-22T23:26:01.236216,0.3985093832015991,74,True,-0.063527,0.228986,0.040257,0.037195,1282.0,124.0,1158.0,9.67238689547582,90.32761310452418,default,63.0,1.1718194484710693,1.0825060606002808,0.7723751068115234,0.002694368362426758,0.5374414976599063,0.958706226628333,-0.19320736825466156,1.090811014175415,1158.0,0.5414507772020726,0.9100145137880987,0.678938819707634,0.4999229031492228,0.1595553159713745,0.4890795631825273,49.84399375975039,6.4742589703588145,43.29173166926677,0.39001560062402496,0.0,639.0,83.0,555.0,5.0,0.0,True,False,True,True,50.15600624024961,124.0,1158.0,0.0967238689547582,0.9032761310452418,True,True,standard,,,,,,,,,0.5373644008091292
h16d025_dirw1.0,04_custom_losses,16.0,0.25,0.0005,20.0,2.0,64.0,2025-11-22T23:29:33.283788,0.412887841463089,48,True,-0.057955,0.180149,0.006059,0.019757,1282.0,483.0,799.0,37.67550702028081,62.32449297971919,default,37.0,1.1749202013015747,1.083937406539917,0.7739107012748718,5.537271499633789e-05,0.5054602184087363,0.6865817218410996,-0.1753120869398117,0.56299889087677,799.0,0.5344180225281602,0.6197387518142236,0.5739247311827956,0.5037581655355049,-0.3682568073272705,0.3330733229329173,59.828393135725435,28.70514820592824,6.942277691107644,0.702028081123245,3.8221528861154446,767.0,368.0,89.0,9.0,49.0,True,True,True,True,40.17160686427457,483.0,799.0,0.37675507020280813,0.6232449297971919,True,True,standard,,,,,,,,,0.5092183839442412
h16d025_dirw1.0_colw0.1t0.035,04_custom_losses,16.0,0.25,0.0005,20.0,2.0,64.0,2025-11-22T23:31:37.298352,0.4089765250682831,74,True,-0.052514,0.20681,0.037628,0.028421,1282.0,80.0,1202.0,6.240249609984399,93.7597503900156,default,63.0,1.1723885536193848,1.0827689170837402,0.7723188996315002,0.0022100210189819336,0.5327613104524181,0.923086206117133,-0.21158520877361298,1.049302339553833,1202.0,0.5374376039933444,0.9375907111756169,0.6832363828662085,0.5007012142142119,0.11804664134979248,0.5039001560062403,40.95163806552262,4.446177847113884,51.87207488299532,2.730109204368175,0.0,525.0,57.0,665.0,35.0,0.0,True,False,True,True,59.048361934477384,80.0,1202.0,0.062402496099843996,0.9375975039001561,True,True,standard,,,,,,,,,0.53346252466663
h16d025_dirw1.0_extremew5.0p90,04_custom_losses,16.0,0.25,0.0005,20.0,2.0,64.0,2025-11-22T23:36:13.454308,0.8988978862762451,57,True,-0.067202,0.300753,0.025125,0.055263,1282.0,260.0,1022.0,20.2808112324493,79.7191887675507,default,46.0,1.1720715761184692,1.0826225280761719,0.7734526991844177,0.0024797916412353516,0.5249609984399376,0.8414110601283037,-0.17987902462482452,0.8515987396240234,1022.0,0.5391389432485323,0.7997097242380261,0.6440677966101694,0.508095169331607,-0.07965695858001709,0.4297971918876755,62.94851794071763,13.416536661466457,15.600624024960998,2.574102964118565,5.46021840873635,807.0,172.0,200.0,33.0,70.0,True,True,True,True,37.05148205928237,260.0,1022.0,0.20280811232449297,0.797191887675507,True,False,standard,,,,,,,,,0.5330561677715446
h16d025_dirw2.0,04_custom_losses,16.0,0.25,0.0005,20.0,2.0,64.0,2025-11-22T23:31:35.313780,0.4198358952999115,74,True,-0.041498,0.207286,0.036104,0.02458,1281.0,56.0,1226.0,4.368174726989079,95.63182527301092,default,63.0,1.172399640083313,1.082774043083191,0.7723519206047058,0.002200484275817871,0.5358814352574103,0.9136405248098218,-0.21908150613307953,1.0404410362243652,1226.0,0.5383360522022839,0.9579100145137881,0.6892950391644909,0.5017891364418456,0.10918533802032471,0.514820592823713,34.009360374414975,1.9500780031201248,60.9204368174727,3.1201248049921997,0.0,436.0,25.0,781.0,40.0,0.0,True,False,True,True,65.99063962558502,56.0,1226.0,0.0436817472698908,0.9563182527301092,True,True,standard,,,,,,,,,0.5376705716992559
h16d025_dirw2.0_colw0.1t0.035,04_custom_losses,16.0,0.25,0.0005,20.0,2.0,64.0,2025-11-22T23:33:09.345343,0.4198852777481079,74,True,-0.041513,0.207715,0.035737,0.024513,1282.0,57.0,1225.0,4.446177847113884,95.55382215288611,default,63.0,1.1724079847335815,1.0827778577804565,0.7723609805107117,0.0021933913230895996,0.5351014040561622,0.9069791979429058,-0.21908150613307953,1.0286712646484375,1225.0,0.5379591836734694,0.9564586357039188,0.6886102403343783,0.5019053935977796,0.09741556644439697,0.5140405616224649,33.93135725429018,2.1060842433697347,60.8424336973479,3.1201248049921997,0.0,435.0,27.0,780.0,40.0,0.0,True,False,True,True,66.06864274570984,57.0,1225.0,0.044461778471138844,0.9555382215288611,True,True,standard,,,,,,,,,0.5370067976539419
h16d025_dirw2.0_extremew5.0p90,04_custom_losses,16.0,0.25,0.0005,20.0,2.0,64.0,2025-11-22T23:38:15.675292,0.9140681028366089,57,True,-0.051505,0.238312,0.022124,0.043159,1282.0,232.0,1050.0,18.096723868954758,81.90327613104525,default,46.0,1.1712088584899902,1.0822240114212036,0.7732526063919067,0.0032140016555786133,0.531201248049922,0.8820386371025445,-0.17987900972366333,0.9179644584655762,1050.0,0.5419047619047619,0.8258345428156749,0.6543990799309949,0.5093262714249701,-0.013291239738464355,0.44383775351014043,52.886115444617786,13.338533541341654,23.16692667706708,3.74414976599064,6.86427457098284,678.0,171.0,297.0,48.0,88.0,True,True,True,True,47.113884555382214,232.0,1050.0,0.1809672386895476,0.8190327613104524,True,True,standard,,,,,,,,,0.5405275194748921
h16d025_extremew5.0p90,04_custom_losses,16.0,0.25,0.0005,20.0,2.0,64.0,2025-11-22T23:35:41.358362,0.8921294808387756,58,True,-0.072602,0.324814,0.029423,0.058739,1282.0,226.0,1056.0,17.628705148205928,82.37129485179408,default,47.0,1.17153000831604,1.0823724269866943,0.7730681896209717,0.002940654754638672,0.5327613104524181,0.9370783515277847,-0.17987890541553497,1.006164312362671,1056.0,0.5426136363636364,0.8316400580551524,0.6567335243553009,0.5124003553797694,0.07490861415863037,0.4469578783151326,54.83619344773791,12.090483619344774,26.833073322932915,1.9500780031201248,4.290171606864274,703.0,155.0,344.0,25.0,55.0,True,True,True,True,45.16380655226209,226.0,1056.0,0.17628705148205928,0.8237129485179407,True,False,standard,,,,,,,,,0.5451616658321875
fixed,04b_weekly_directional,,,,,,,,,,,,,,,,,,,,,,,,,,,,,,,,,,,,,,,,,,,,,,,,,,,,,,,,False,,standard,,,,,,,,,
weekly_dirw1.0,04b_weekly_directional,16.0,0.25,0.0005,8.0,2.0,32.0,2025-12-01T18:51:51.917624,0.971745491027832,13,False,0.034917,0.336475,0.231681,0.073656,265.0,0.0,265.0,0.0,100.0,default,,5.197992324829102,2.2799105644226074,1.7278927564620972,0.0017576217651367188,0.5660377358490566,0.9203434216266334,-0.24823009967803955,1.0174620151519775,265.0,0.5660377358490566,1.0,0.7228915662650602,0.537391304347826,0.0,0.5660377358490566,1.8867924528301887,0.37735849056603776,86.41509433962264,9.056603773584905,2.2641509433962264,5.0,1.0,229.0,24.0,6.0,True,True,True,True,98.11320754716982,0.0,265.0,0.0,1.0,True,True,standard,,,,,,,,,0.6034290401968826
weekly_dirw2.0,04b_weekly_directional,16.0,0.25,0.0005,8.0,2.0,32.0,2025-12-01T18:36:28.115021,0.9418848156929016,66,True,0.034917,0.336475,0.231681,0.073656,265.0,0.0,265.0,0.0,100.0,default,,5.197992324829102,2.2799105644226074,1.7278927564620972,0.0017576217651367188,0.5660377358490566,0.9203434216266334,-0.24823009967803955,1.0174620151519775,265.0,0.5660377358490566,1.0,0.7228915662650602,0.537391304347826,0.0,0.5660377358490566,1.8867924528301887,0.37735849056603776,86.41509433962264,9.056603773584905,2.2641509433962264,5.0,1.0,229.0,24.0,6.0,True,True,True,True,98.11320754716982,0.0,265.0,0.0,1.0,True,True,standard,,,,,,,,,0.6034290401968826
learn2r_d010_lb0,05a_regime_output,16.0,0.1,0.0005,20.0,2.0,64.0,2025-11-27T19:50:59.164948,0.39471742510795593,90,True,0.002335,0.272513,0.085092,0.050594,1282.0,0.0,1282.0,0.0,100.0,default,79.0,1.1750978231430054,1.0840193033218384,0.7707817554473877,-9.584426879882812e-05,0.5374414976599063,0.8380294796085687,-0.2524595558643341,0.9312556982040405,1282.0,0.5374414976599063,1.0,0.6991374936580415,0.5041791388159392,0.0,0.5374414976599063,2.3400936037441498,0.0,95.3978159126365,2.2620904836193447,0.0,30.0,0.0,1223.0,29.0,0.0,True,False,False,True,97.65990639625585,0.0,1282.0,0.0,1.0,True,True,standard,,,,,,,,,0.5416206364758456
learn2r_d010_lb0_mlp,05a_regime_output,16.0,0.1,0.0005,20.0,2.0,64.0,2025-11-27T19:53:30.925987,0.3955349028110504,86,True,0.038952,0.218258,0.084367,0.030112,1282.0,0.0,1282.0,0.0,100.0,default,68.0,1.1740989685058594,1.083558440208435,0.7718802690505981,0.000754237174987793,0.5374414976599063,0.8380294796085687,-0.2524595558643341,0.9312556982040405,1282.0,0.5374414976599063,1.0,0.6991374936580415,0.47783404352178416,0.0,0.5374414976599063,2.3400936037441498,0.0,96.48985959438377,1.1700468018720749,0.0,30.0,0.0,1237.0,15.0,0.0,True,False,False,True,97.65990639625585,0.0,1282.0,0.0,1.0,True,True,standard,,,,,,,,,0.5152755411816905
learn2r_d010_lb1,05a_regime_output,16.0,0.1,0.0005,20.0,2.0,64.0,2025-11-27T20:04:22.750497,0.39188820123672485,100,False,-0.037145,0.304324,0.124029,0.086576,1282.0,37.0,1245.0,2.886115444617785,97.11388455538221,default,91.0,1.192025899887085,1.0917993783950806,0.7770221829414368,-0.014502882957458496,0.5288611544461779,0.7786734628683619,-0.2524595558643341,0.8263429403305054,1245.0,0.5341365461847389,0.965166908563135,0.687693898655636,0.4561269968696231,-0.10491275787353516,0.5187207488299532,19.422776911076443,7.644305772230889,70.82683307332293,2.1060842433697347,0.0,249.0,98.0,908.0,27.0,0.0,True,False,True,True,80.57722308892356,37.0,1245.0,0.028861154446177848,0.9711388455538221,True,False,standard,,,,,,,,,0.484988151315801
learn2r_d010_lb1_mlp,05a_regime_output,16.0,0.1,0.0005,20.0,2.0,64.0,2025-11-27T20:05:24.500812,0.3962683379650116,70,True,0.032807,0.201136,0.079639,0.02738,1282.0,0.0,1282.0,0.0,100.0,default,61.0,1.1740479469299316,1.0835349559783936,0.7721198797225952,0.0007977485656738281,0.5374414976599063,0.8380294796085687,-0.2524595558643341,0.9312556982040405,1282.0,0.5374414976599063,1.0,0.6991374936580415,0.4712551122554622,0.0,0.5374414976599063,2.3400936037441498,0.0,94.38377535101404,3.2761310452418098,0.0,30.0,0.0,1210.0,42.0,0.0,True,False,False,True,97.65990639625585,0.0,1282.0,0.0,1.0,True,True,standard,,,,,,,,,0.5086966099153685
learn2r_d010_lb2,05a_regime_output,16.0,0.1,0.0005,20.0,2.0,64.0,2025-11-27T20:24:27.271717,0.39163392782211304,100,False,-0.045038,0.29191,0.114671,0.079543,1282.0,53.0,1229.0,4.134165366614664,95.86583463338533,default,87.0,1.1887500286102295,1.0902981758117676,0.7758165597915649,-0.011714935302734375,0.5288611544461779,0.8220041398386954,-0.2524595558643341,0.8890631198883057,1229.0,0.5345809601301872,0.95355587808418,0.6850886339937435,0.46220663424519737,-0.04219257831573486,0.5124804992199687,24.726989079563182,9.282371294851794,65.83463338533542,0.15600624024961,0.0,317.0,119.0,844.0,2.0,0.0,True,False,True,True,75.27301092043683,53.0,1229.0,0.041341653666146644,0.9586583463338534,True,False,standard,,,,,,,,,0.49106778869137524
learn2r_d010_lb2_mlp,05a_regime_output,16.0,0.1,0.0005,20.0,2.0,64.0,2025-11-27T20:25:58.408230,0.3967580795288086,56,True,0.037448,0.198269,0.072882,0.026927,1282.0,0.0,1282.0,0.0,100.0,default,54.0,1.1738533973693848,1.0834451913833618,0.7722463607788086,0.0009633302688598633,0.5374414976599063,0.8380294796085687,-0.2524595558643341,0.9312556982040405,1282.0,0.5374414976599063,1.0,0.6991374936580415,0.4646174405314053,0.0,0.5374414976599063,2.3400936037441498,0.0,93.21372854914196,3.1201248049921997,1.326053042121685,30.0,0.0,1195.0,40.0,17.0,True,True,False,True,97.65990639625585,0.0,1282.0,0.0,1.0,True,True,standard,,,,,,,,,0.5020589381913116
learn2r_d025_lb0,05a_regime_output,16.0,0.25,0.0005,20.0,2.0,64.0,2025-11-27T20:31:00.393885,0.39616549015045166,87,True,0.025116,0.19163,0.071939,0.043391,1282.0,0.0,1282.0,0.0,100.0,default,77.0,1.1765146255493164,1.0846725702285767,0.7734208106994629,-0.0013016462326049805,0.5374414976599063,0.8380294796085687,-0.2524595558643341,0.9312556982040405,1282.0,0.5374414976599063,1.0,0.6991374936580415,0.46149685371423255,0.0,0.5374414976599063,2.3400936037441498,0.0,91.88767550702028,1.87207488299532,3.9001560062402496,30.0,0.0,1178.0,24.0,50.0,True,True,False,True,97.65990639625585,0.0,1282.0,0.0,1.0,True,True,standard,,,,,,,,,0.4989383513741389
learn2r_d025_lb0_mlp,05a_regime_output,16.0,0.25,0.0005,20.0,2.0,64.0,2025-11-27T20:41:32.897076,0.39970704913139343,56,True,0.051754,0.232412,0.074172,0.024186,1282.0,0.0,1282.0,0.0,100.0,default,48.0,1.1718766689300537,1.082532525062561,0.7716540694236755,0.0026456713676452637,0.5374414976599063,0.8380294796085687,-0.2524595558643341,0.9312556982040405,1282.0,0.5374414976599063,1.0,0.6991374936580415,0.489075498620823,0.0,0.5374414976599063,2.3400936037441498,0.0,84.71138845553821,12.948517940717629,0.0,30.0,0.0,1086.0,166.0,0.0,True,False,False,True,97.65990639625585,0.0,1282.0,0.0,1.0,True,True,standard,,,,,,,,,0.5265169962807293
learn2r_d025_lb1,05a_regime_output,16.0,0.25,0.0005,20.0,2.0,64.0,2025-11-27T20:47:04.928095,0.3945274353027344,88,True,0.042483,0.240219,0.08874,0.048789,1282.0,0.0,1282.0,0.0,100.0,default,85.0,1.1782718896865845,1.0854823589324951,0.7732071280479431,-0.002797245979309082,0.5374414976599063,0.8380294796085687,-0.2524595558643341,0.9312556982040405,1282.0,0.5374414976599063,1.0,0.6991374936580415,0.4694561857373273,0.0,0.5374414976599063,2.3400936037441498,0.0,82.91731669266771,2.02808112324493,12.714508580343214,30.0,0.0,1063.0,26.0,163.0,True,True,False,True,97.65990639625585,0.0,1282.0,0.0,1.0,True,True,standard,,,,,,,,,0.5068976833972336
learn2r_d025_lb1_mlp,05a_regime_output,16.0,0.25,0.0005,20.0,2.0,64.0,2025-11-27T21:01:37.342086,0.39977192878723145,56,True,0.045277,0.297895,0.076145,0.023291,1282.0,0.0,1282.0,0.0,100.0,default,54.0,1.170998215675354,1.0821267366409302,0.7716912031173706,0.003393232822418213,0.5374414976599063,0.8380294796085687,-0.2524595558643341,0.9312556982040405,1282.0,0.5374414976599063,1.0,0.6991374936580415,0.48235461124830814,0.0,0.5374414976599063,2.3400936037441498,0.0,94.22776911076443,3.0421216848673946,0.39001560062402496,30.0,0.0,1208.0,39.0,5.0,True,True,False,True,97.65990639625585,0.0,1282.0,0.0,1.0,True,True,standard,,,,,,,,,0.5197961089082145
learn2r_d025_lb2,05a_regime_output,16.0,0.25,0.0005,20.0,2.0,64.0,2025-11-27T21:03:09.262130,0.3931656777858734,100,False,0.018836,0.251903,0.071485,0.052897,1282.0,0.0,1282.0,0.0,100.0,default,92.0,1.1772876977920532,1.085028886795044,0.7737041711807251,-0.001959562301635742,0.5374414976599063,0.8380294796085687,-0.2524595558643341,0.9312556982040405,1282.0,0.5374414976599063,1.0,0.6991374936580415,0.4682666914681933,0.0,0.5374414976599063,2.3400936037441498,0.0,89.39157566302653,3.58814352574103,4.6801872074882995,30.0,0.0,1146.0,46.0,60.0,True,True,False,True,97.65990639625586,0.0,1282.0,0.0,1.0,True,True,standard,,,,,,,,,0.5057081891280997
learn2r_d025_lb2_mlp,05a_regime_output,16.0,0.25,0.0005,20.0,2.0,64.0,2025-11-27T21:03:41.243830,0.39997318387031555,56,True,0.042658,0.295599,0.073569,0.021652,1282.0,0.0,1282.0,0.0,100.0,default,54.0,1.1710352897644043,1.082143783569336,0.771706223487854,0.0033617019653320312,0.5374414976599063,0.8380294796085687,-0.2524595558643341,0.9312556982040405,1282.0,0.5374414976599063,1.0,0.6991374936580415,0.48219062747046454,0.0,0.5374414976599063,2.3400936037441498,0.0,96.801872074883,0.858034321372855,0.0,30.0,0.0,1241.0,11.0,0.0,True,False,False,True,97.65990639625585,0.0,1282.0,0.0,1.0,True,True,standard,,,,,,,,,0.5196321251303708
learn3r_d010_lb0,05a_regime_output,16.0,0.1,0.0005,20.0,2.0,64.0,2025-11-27T21:19:43.342576,0.39308789372444153,91,True,-0.138516,0.188179,0.075043,0.039189,1282.0,53.0,1229.0,4.134165366614664,95.86583463338533,default,80.0,1.1779252290725708,1.085322618484497,0.7698372602462769,-0.0025022029876708984,0.5351014040561622,0.6516636593021504,-0.2938287854194641,0.5826570987701416,1229.0,0.5378356387306753,0.9593613933236574,0.6892596454640249,0.542727564204544,-0.3485985994338989,0.515600624024961,13.494539781591264,19.81279251170047,58.11232449297972,6.708268330733229,1.87207488299532,173.0,254.0,745.0,86.0,24.0,True,True,True,True,86.50546021840874,53.0,1229.0,0.041341653666146644,0.9586583463338534,True,True,standard,,,,,,,,,0.5778289682607063
learn3r_d010_lb0_mlp,05a_regime_output,16.0,0.1,0.0005,20.0,2.0,64.0,2025-11-27T21:22:15.675650,0.3974429666996002,61,True,0.014837,0.172905,0.084118,0.024687,1282.0,0.0,1282.0,0.0,100.0,default,50.0,1.1746563911437988,1.0838156938552856,0.7721710801124573,0.000279843807220459,0.5374414976599063,0.8380294796085687,-0.2524595558643341,0.9312556982040405,1282.0,0.5374414976599063,1.0,0.6991374936580415,0.47809103302437483,0.0,0.5374414976599063,2.3400936037441498,0.0,96.72386895475819,0.93603744149766,0.0,30.0,0.0,1240.0,12.0,0.0,True,False,False,True,97.65990639625585,0.0,1282.0,0.0,1.0,True,True,standard,,,,,,,,,0.5155325306842812
learn3r_d010_lb1,05a_regime_output,16.0,0.1,0.0005,20.0,2.0,64.0,2025-11-27T21:24:47.109185,0.39288321137428284,99,True,0.04229,0.259738,0.086141,0.0483,1282.0,0.0,1282.0,0.0,100.0,default,88.0,1.1752161979675293,1.0840739011764526,0.7728033661842346,-0.00019657611846923828,0.5374414976599063,0.8380294796085687,-0.2524595558643341,0.9312556982040405,1282.0,0.5374414976599063,1.0,0.6991374936580415,0.47326207789474206,0.0,0.5374414976599063,2.3400936037441498,0.0,74.80499219968799,7.254290171606864,15.600624024960998,30.0,0.0,959.0,93.0,200.0,True,True,False,True,97.65990639625585,0.0,1282.0,0.0,1.0,True,True,standard,,,,,,,,,0.5107035755546484
learn3r_d010_lb1_mlp,05a_regime_output,16.0,0.1,0.0005,20.0,2.0,64.0,2025-11-27T21:39:49.630732,0.3991016745567322,53,True,-0.040109,0.104383,0.042736,0.022474,1282.0,1.0,1281.0,0.078003120124805,99.9219968798752,default,44.0,1.175263524055481,1.0840957164764404,0.7726420164108276,-0.00023686885833740234,0.5366614664586583,0.7520205267083292,-0.2524595558643341,0.7634551525115967,1281.0,0.537080405932865,0.9985486211901307,0.6984771573604062,0.48665000722018126,-0.16780054569244385,0.5366614664586583,2.3400936037441498,0.0,94.53978159126365,3.1201248049921997,0.0,30.0,0.0,1212.0,40.0,0.0,True,False,False,True,97.65990639625585,1.0,1281.0,0.00078003120124805,0.999219968798752,True,True,standard,,,,,,,,,0.5233114736788396
learn3r_d010_lb2,05a_regime_output,16.0,0.1,0.0005,20.0,2.0,64.0,2025-11-27T21:45:52.405829,0.39292919635772705,99,True,0.043616,0.26655,0.086304,0.050927,1282.0,0.0,1282.0,0.0,100.0,default,90.0,1.175708293914795,1.0843008756637573,0.7729893922805786,-0.0006153583526611328,0.5374414976599063,0.8380294796085687,-0.2524595558643341,0.9312556982040405,1282.0,0.5374414976599063,1.0,0.6991374936580415,0.4729708231251393,0.0,0.5374414976599063,2.3400936037441498,0.0,74.80499219968799,7.48829953198128,15.366614664586583,30.0,0.0,959.0,96.0,197.0,True,True,False,True,97.65990639625585,0.0,1282.0,0.0,1.0,True,True,standard,,,,,,,,,0.5104123207850456
learn3r_d010_lb2_mlp,05a_regime_output,16.0,0.1,0.0005,20.0,2.0,64.0,2025-11-27T21:54:23.999901,0.3982180655002594,53,True,-0.041715,0.101557,0.051193,0.019451,1282.0,1.0,1281.0,0.078003120124805,99.9219968798752,default,43.0,1.1760833263397217,1.084473729133606,0.7724639177322388,-0.0009344816207885742,0.5366614664586583,0.7520205267083292,-0.2524595558643341,0.7634551525115967,1281.0,0.537080405932865,0.9985486211901307,0.6984771573604062,0.4780004748187,-0.16780054569244385,0.5366614664586583,2.3400936037441498,0.0,93.13572542901716,1.40405616224649,3.1201248049921997,30.0,0.0,1194.0,18.0,40.0,True,True,False,True,97.65990639625585,1.0,1281.0,0.00078003120124805,0.999219968798752,True,True,standard,,,,,,,,,0.5146619412773583
learn3r_d025_lb0,05a_regime_output,16.0,0.25,0.0005,20.0,2.0,64.0,2025-11-27T22:00:55.745694,0.3966869115829468,77,True,0.024138,0.176605,0.063438,0.036057,1282.0,0.0,1282.0,0.0,100.0,default,74.0,1.175728440284729,1.0843101739883423,0.7731083035469055,-0.0006325244903564453,0.5374414976599063,0.8380294796085687,-0.2524595558643341,0.9312556982040405,1282.0,0.5374414976599063,1.0,0.6991374936580415,0.46709677735163757,0.0,0.5374414976599063,2.3400936037441498,0.0,89.39157566302653,2.9641185647425896,5.30421216848674,30.0,0.0,1146.0,38.0,68.0,True,True,False,True,97.65990639625586,0.0,1282.0,0.0,1.0,True,True,standard,,,,,,,,,0.5045382750115439
learn3r_d025_lb0_mlp,05a_regime_output,16.0,0.25,0.0005,20.0,2.0,64.0,2025-11-27T22:02:27.479131,0.4005410373210907,53,True,0.004311,0.109202,0.037571,0.023167,1282.0,0.0,1282.0,0.0,100.0,default,43.0,1.1739856004714966,1.0835061073303223,0.7731077075004578,0.0008507370948791504,0.5374414976599063,0.8380294796085687,-0.2524595558643341,0.9312556982040405,1282.0,0.5374414976599063,1.0,0.6991374936580415,0.47320088991793474,0.0,0.5374414976599063,2.3400936037441498,0.0,92.74570982839313,0.31201248049922,4.6021840873634945,30.0,0.0,1189.0,4.0,59.0,True,True,False,True,97.65990639625585,0.0,1282.0,0.0,1.0,True,True,standard,,,,,,,,,0.5106423875778411
learn3r_d025_lb1,05a_regime_output,16.0,0.25,0.0005,20.0,2.0,64.0,2025-11-27T22:15:29.564609,0.3938019573688507,77,True,0.026406,0.266852,0.079199,0.04479,1282.0,0.0,1282.0,0.0,100.0,default,74.0,1.1734858751296997,1.083275556564331,0.7727550268173218,0.0012760162353515625,0.5374414976599063,0.8380294796085687,-0.2524595558643341,0.9312556982040405,1282.0,0.5374414976599063,1.0,0.6991374936580415,0.4711914767595826,0.0,0.5374414976599063,2.3400936037441498,0.0,92.82371294851795,1.71606864274571,3.1201248049921997,30.0,0.0,1190.0,22.0,40.0,True,True,False,True,97.65990639625586,0.0,1282.0,0.0,1.0,True,True,standard,,,,,,,,,0.508632974419489
learn3r_d025_lb1_mlp,05a_regime_output,16.0,0.25,0.0005,20.0,2.0,64.0,2025-11-27T22:23:02.463179,0.3989635407924652,53,True,0.009219,0.11365,0.043329,0.028342,1282.0,0.0,1282.0,0.0,100.0,default,42.0,1.1749250888824463,1.0839396715164185,0.7729616165161133,5.1140785217285156e-05,0.5374414976599063,0.8380294796085687,-0.2524595558643341,0.9312556982040405,1282.0,0.5374414976599063,1.0,0.6991374936580415,0.47085371912760626,0.0,0.5374414976599063,2.3400936037441498,0.0,91.34165366614666,1.6380655226209049,4.6801872074882995,30.0,0.0,1171.0,21.0,60.0,True,True,False,True,97.65990639625586,0.0,1282.0,0.0,1.0,True,True,standard,,,,,,,,,0.5082952167875125
learn3r_d025_lb2,05a_regime_output,16.0,0.25,0.0005,20.0,2.0,64.0,2025-11-27T22:23:34.227274,0.3938065767288208,85,True,0.032233,0.276007,0.09502,0.044923,1282.0,0.0,1282.0,0.0,100.0,default,80.0,1.1748846769332886,1.083920955657959,0.7727842330932617,8.559226989746094e-05,0.5374414976599063,0.8380294796085687,-0.2524595558643341,0.9312556982040405,1282.0,0.5374414976599063,1.0,0.6991374936580415,0.4708684042420401,0.0,0.5374414976599063,2.3400936037441498,0.0,94.07176287051482,2.65210608424337,0.93603744149766,30.0,0.0,1206.0,34.0,12.0,True,True,False,True,97.65990639625585,0.0,1282.0,0.0,1.0,True,True,standard,,,,,,,,,0.5083099019019464
learn3r_d025_lb2_mlp,05a_regime_output,16.0,0.25,0.0005,20.0,2.0,64.0,2025-11-27T22:30:35.881190,0.3993164002895355,53,True,0.010684,0.10565,0.039227,0.024424,1282.0,0.0,1282.0,0.0,100.0,default,50.0,1.1746675968170166,1.0838208198547363,0.7729063630104065,0.0002703666687011719,0.5374414976599063,0.8380294796085687,-0.2524595558643341,0.9312556982040405,1282.0,0.5374414976599063,1.0,0.6991374936580415,0.4750781370463829,0.0,0.5374414976599063,2.3400936037441498,0.0,82.99531981279252,5.070202808112325,9.594383775351014,30.0,0.0,1064.0,65.0,123.0,True,True,False,True,97.65990639625586,0.0,1282.0,0.0,1.0,True,True,standard,,,,,,,,,0.5125196347062893
vix2r_d010_t15,05a_regime_output,16.0,0.1,0.0005,20.0,2.0,64.0,2025-11-27T16:41:44.676928,0.3798156678676605,86,True,-0.236174,0.237541,0.068466,0.135116,1282.0,359.0,923.0,28.003120124804994,71.996879875195,default,80.0,1.1993741989135742,1.0951594114303589,0.7837147116661072,-0.020756840705871582,0.5054602184087363,0.49322355446981475,-0.2524595558643341,0.37625670433044434,923.0,0.5297941495124594,0.7097242380261248,0.6066997518610422,0.49411249287160075,-0.5549989938735962,0.38143525741029644,33.073322932917314,19.734789391575664,47.19188767550702,0.0,0.0,424.0,253.0,605.0,0.0,0.0,False,False,True,True,66.92667706708268,359.0,923.0,0.2800312012480499,0.7199687987519501,True,False,standard,,,,,,,,,0.4995727112803371
vix2r_d010_t15_hr,05a_regime_output,16.0,0.1,0.0005,20.0,2.0,64.0,2025-11-28T13:06:57.874289,0.3798156678676605,86,True,-0.236174,0.237541,0.068466,0.135116,1282.0,359.0,923.0,28.003120124804994,71.996879875195,default,79.0,1.1993741989135742,1.0951594114303589,0.7837147116661072,-0.020756840705871582,0.5054602184087363,0.49322355446981475,-0.2524595558643341,0.37625670433044434,923.0,0.5297941495124594,0.7097242380261248,0.6066997518610422,0.49411249287160075,-0.5549989938735962,0.38143525741029644,33.073322932917314,19.734789391575664,47.19188767550702,0.0,0.0,424.0,253.0,605.0,0.0,0.0,False,False,True,True,66.92667706708268,359.0,923.0,0.2800312012480499,0.7199687987519501,True,False,standard,,,,,,,,,0.4995727112803371
vix2r_d010_t15_mlp,05a_regime_output,16.0,0.1,0.0005,20.0,2.0,64.0,2025-11-27T16:41:49.505799,0.3780626654624939,83,True,-0.374558,0.343822,0.184623,0.236961,1281.0,243.0,1039.0,18.954758190327613,81.04524180967239,default,72.0,1.2482960224151611,1.1172716617584229,0.8101621866226196,-0.0623929500579834,0.514820592823713,0.7544831159147718,-0.2524595558643341,0.7594071626663208,1039.0,0.5322425409047161,0.8026124818577649,0.6400462962962964,0.48498814177009475,-0.17184853553771973,0.43135725429017163,27.301092043681745,7.800312012480499,64.89859594383776,0.0,0.0,350.0,100.0,832.0,0.0,0.0,False,False,True,True,72.69890795631827,243.0,1039.0,0.18954758190327614,0.8104524180967239,True,False,standard,,,,,,,,,0.4998087345938077
vix2r_d010_t15_mlp_hr,05a_regime_output,16.0,0.1,0.0005,20.0,2.0,64.0,2025-11-28T13:07:00.245452,0.3780626654624939,83,True,-0.374558,0.343822,0.184623,0.236961,1281.0,243.0,1039.0,18.954758190327613,81.04524180967239,default,72.0,1.2482960224151611,1.1172716617584229,0.8101621866226196,-0.0623929500579834,0.514820592823713,0.7544831159147718,-0.2524595558643341,0.7594071626663208,1039.0,0.5322425409047161,0.8026124818577649,0.6400462962962964,0.48498814177009475,-0.17184853553771973,0.43135725429017163,27.301092043681745,7.800312012480499,64.89859594383776,0.0,0.0,350.0,100.0,832.0,0.0,0.0,False,False,True,True,72.69890795631827,243.0,1039.0,0.18954758190327614,0.8104524180967239,True,False,standard,,,,,,,,,0.4998087345938077
vix2r_d010_t20,05a_regime_output,16.0,0.1,0.0005,20.0,2.0,64.0,2025-11-27T17:13:36.736218,0.37417319416999817,80,True,-0.639861,0.450267,-0.131035,0.448408,1282.0,733.0,549.0,57.176287051482056,42.823712948517944,default,72.0,1.395603060722351,1.181356430053711,0.902937650680542,-0.18776214122772217,0.48049921996879874,0.6219049582906708,-0.19460782408714294,0.5120531320571899,549.0,0.5209471766848816,0.41509433962264153,0.4620355411954766,0.49438416748862524,-0.4192025661468506,0.22308892355694226,58.11232449297972,9.048361934477379,32.8393135725429,0.0,0.0,745.0,116.0,421.0,0.0,0.0,False,False,True,True,41.887675507020276,733.0,549.0,0.5717628705148206,0.4282371294851794,True,False,standard,,,,,,,,,0.474883387457424
vix2r_d010_t20_hr,05a_regime_output,16.0,0.1,0.0005,20.0,2.0,64.0,2025-11-28T13:07:02.365228,0.37417319416999817,80,True,-0.639861,0.450267,-0.131035,0.448408,1282.0,733.0,549.0,57.176287051482056,42.823712948517944,default,69.0,1.395603060722351,1.181356430053711,0.902937650680542,-0.18776214122772217,0.48049921996879874,0.6219049582906708,-0.19460782408714294,0.5120531320571899,549.0,0.5209471766848816,0.41509433962264153,0.4620355411954766,0.49438416748862524,-0.4192025661468506,0.22308892355694226,58.11232449297972,9.048361934477379,32.8393135725429,0.0,0.0,745.0,116.0,421.0,0.0,0.0,False,False,True,True,41.887675507020276,733.0,549.0,0.5717628705148206,0.4282371294851794,True,False,standard,,,,,,,,,0.474883387457424
vix2r_d010_t20_mlp,05a_regime_output,16.0,0.1,0.0005,20.0,2.0,64.0,2025-11-27T17:14:10.997261,0.3723495304584503,75,True,-0.670107,0.545136,-0.127772,0.520339,1282.0,732.0,550.0,57.09828393135725,42.90171606864275,default,69.0,1.4621946811676025,1.2092124223709106,0.9342198967933655,-0.2444366216659546,0.4781591263650546,0.6062962397435866,-0.19141049683094025,0.49434149265289307,550.0,0.5181818181818182,0.41364296081277213,0.46004842615012104,0.48586190607890317,-0.43691420555114746,0.22230889235569423,61.62246489859594,7.17628705148206,27.53510140405616,3.6661466458658345,0.0,790.0,92.0,353.0,47.0,0.0,True,False,True,True,38.37753510140406,732.0,550.0,0.5709828393135725,0.4290171606864275,True,False,standard,,,,,,,,,0.46402103244395776
vix2r_d010_t20_mlp_hr,05a_regime_output,16.0,0.1,0.0005,20.0,2.0,64.0,2025-11-28T13:07:04.621508,0.3723495304584503,75,True,-0.670107,0.545136,-0.127772,0.520339,1282.0,732.0,550.0,57.09828393135725,42.90171606864275,default,69.0,1.4621946811676025,1.2092124223709106,0.9342198967933655,-0.2444366216659546,0.4781591263650546,0.6062962397435866,-0.19141049683094025,0.49434149265289307,550.0,0.5181818181818182,0.41364296081277213,0.46004842615012104,0.48586190607890317,-0.43691420555114746,0.22230889235569423,61.62246489859594,7.17628705148206,27.53510140405616,3.6661466458658345,0.0,790.0,92.0,353.0,47.0,0.0,True,False,True,True,38.37753510140406,732.0,550.0,0.5709828393135725,0.4290171606864275,True,False,standard,,,,,,,,,0.46402103244395776
vix2r_d025_t15,05a_regime_output,16.0,0.25,0.0005,20.0,2.0,64.0,2025-11-27T17:43:25.816525,0.37747541069984436,89,True,-0.289216,0.239095,0.111271,0.161614,1282.0,233.0,1049.0,18.174726989079563,81.82527301092044,default,81.0,1.2101846933364868,1.1000839471817017,0.7908286452293396,-0.02995741367340088,0.5179407176287052,0.7177653324853835,-0.2524595558643341,0.6797696352005005,1049.0,0.5338417540514776,0.8127721335268505,0.6444188722669735,0.4965012714861581,-0.25148606300354004,0.43681747269890797,30.34321372854914,9.360374414976599,60.296411856474265,0.0,0.0,389.0,120.0,773.0,0.0,0.0,False,False,True,True,69.65678627145087,233.0,1049.0,0.18174726989079562,0.8182527301092044,True,False,standard,,,,,,,,,0.5144419891148633
vix2r_d025_t15_hr,05a_regime_output,16.0,0.25,0.0005,20.0,2.0,64.0,2025-11-28T13:33:06.690762,0.37747541069984436,89,True,-0.289216,0.239095,0.111271,0.161614,1282.0,233.0,1049.0,18.174726989079563,81.82527301092044,default,81.0,1.2101846933364868,1.1000839471817017,0.7908286452293396,-0.02995741367340088,0.5179407176287052,0.7177653324853835,-0.2524595558643341,0.6797696352005005,1049.0,0.5338417540514776,0.8127721335268505,0.6444188722669735,0.4965012714861581,-0.25148606300354004,0.43681747269890797,30.34321372854914,9.360374414976599,60.296411856474265,0.0,0.0,389.0,120.0,773.0,0.0,0.0,False,False,True,True,69.65678627145087,233.0,1049.0,0.18174726989079562,0.8182527301092044,True,False,standard,,,,,,,,,0.5144419891148633
vix2r_d025_t15_mlp,05a_regime_output,16.0,0.25,0.0005,20.0,2.0,64.0,2025-11-27T17:43:59.548481,0.38156217336654663,87,True,-0.185056,0.279854,0.093112,0.12925,1282.0,258.0,1024.0,20.12480499219969,79.87519500780031,default,72.0,1.190123438835144,1.0909278392791748,0.7807771563529968,-0.012883782386779785,0.517160686427457,0.7123952652919385,-0.2524595558643341,0.6948772668838501,1024.0,0.5341796875,0.7939042089985486,0.6386456509048454,0.5002631083002714,-0.23637843132019043,0.4266770670826833,30.733229329173167,4.99219968798752,64.27457098283932,0.0,0.0,394.0,64.0,824.0,0.0,0.0,False,False,True,True,69.26677067082684,258.0,1024.0,0.20124804992199688,0.7987519500780031,True,False,standard,,,,,,,,,0.5174237947277285
vix2r_d025_t15_mlp_hr,05a_regime_output,16.0,0.25,0.0005,20.0,2.0,64.0,2025-11-28T13:34:08.828943,0.38156217336654663,87,True,-0.185056,0.279854,0.093112,0.12925,1282.0,258.0,1024.0,20.12480499219969,79.87519500780031,default,72.0,1.190123438835144,1.0909278392791748,0.7807771563529968,-0.012883782386779785,0.517160686427457,0.7123952652919385,-0.2524595558643341,0.6948772668838501,1024.0,0.5341796875,0.7939042089985486,0.6386456509048454,0.5002631083002714,-0.23637843132019043,0.4266770670826833,30.733229329173167,4.99219968798752,64.27457098283932,0.0,0.0,394.0,64.0,824.0,0.0,0.0,False,False,True,True,69.26677067082684,258.0,1024.0,0.20124804992199688,0.7987519500780031,True,False,standard,,,,,,,,,0.5174237947277285
vix2r_d025_t20,05a_regime_output,16.0,0.25,0.0005,20.0,2.0,64.0,2025-11-27T18:16:34.241801,0.3745046854019165,88,True,-0.616777,0.385801,-0.150089,0.403698,1280.0,738.0,544.0,57.56630265210608,42.43369734789392,default,76.0,1.36738920211792,1.1693542003631592,0.892217218875885,-0.1637500524520874,0.4797191887675507,0.590236718700928,-0.19460758566856384,0.4754679203033447,544.0,0.5202205882352942,0.4107402031930334,0.4590429845904299,0.4929964241746354,-0.4557877779006958,0.22074882995319814,58.19032761310452,9.048361934477379,32.761310452418094,0.0,0.0,746.0,116.0,420.0,0.0,0.0,False,False,True,True,41.80967238689547,738.0,544.0,0.5756630265210608,0.4243369734789392,True,False,standard,,,,,,,,,0.4727156129421861
vix2r_d025_t20_hr,05a_regime_output,16.0,0.25,0.0005,20.0,2.0,64.0,2025-11-28T13:35:10.749913,0.3745046854019165,88,True,-0.616777,0.385801,-0.150089,0.403698,1280.0,738.0,544.0,57.56630265210608,42.43369734789392,default,77.0,1.36738920211792,1.1693542003631592,0.892217218875885,-0.1637500524520874,0.4797191887675507,0.590236718700928,-0.19460758566856384,0.4754679203033447,544.0,0.5202205882352942,0.4107402031930334,0.4590429845904299,0.4929964241746354,-0.4557877779006958,0.22074882995319814,58.19032761310452,9.048361934477379,32.761310452418094,0.0,0.0,746.0,116.0,420.0,0.0,0.0,False,False,True,True,41.80967238689547,738.0,544.0,0.5756630265210608,0.4243369734789392,True,False,standard,,,,,,,,,0.4727156129421861
vix2r_d025_t20_mlp,05a_regime_output,16.0,0.25,0.0005,20.0,2.0,64.0,2025-11-27T18:17:38.066353,0.37519773840904236,74,True,-0.613465,0.383657,-0.166197,0.437964,1281.0,733.0,549.0,57.176287051482056,42.823712948517944,default,61.0,1.4005745649337769,1.183458685874939,0.9102722406387329,-0.1919933557510376,0.47737909516380655,0.5574128209230025,-0.19726355373859406,0.4394577741622925,549.0,0.517304189435337,0.41219158200290273,0.4588045234248788,0.48723006924031453,-0.49179792404174805,0.22152886115444617,54.52418096723869,7.800312012480499,37.67550702028081,0.0,0.0,699.0,100.0,483.0,0.0,0.0,False,False,True,True,45.47581903276131,733.0,549.0,0.5717628705148206,0.4282371294851794,True,False,standard,,,,,,,,,0.4646091644041211
vix2r_d025_t20_mlp_hr,05a_regime_output,16.0,0.25,0.0005,20.0,2.0,64.0,2025-11-28T13:35:12.632632,0.37519773840904236,74,True,-0.613465,0.383657,-0.166197,0.437964,1281.0,733.0,549.0,57.176287051482056,42.823712948517944,default,72.0,1.4005745649337769,1.183458685874939,0.9102722406387329,-0.1919933557510376,0.47737909516380655,0.5574128209230025,-0.19726355373859406,0.4394577741622925,549.0,0.517304189435337,0.41219158200290273,0.4588045234248788,0.48723006924031453,-0.49179792404174805,0.22152886115444617,54.52418096723869,7.800312012480499,37.67550702028081,0.0,0.0,699.0,100.0,483.0,0.0,0.0,False,False,True,True,45.47581903276131,733.0,549.0,0.5717628705148206,0.4282371294851794,True,False,standard,,,,,,,,,0.4646091644041211
vix3r_d010_t14_23,05a_regime_output,16.0,0.1,0.0005,20.0,2.0,64.0,2025-11-27T18:45:42.254319,0.3680883049964905,78,True,-0.458678,0.625547,-0.130896,0.352145,1282.0,949.0,333.0,74.02496099843994,25.975039001560063,default,67.0,1.3110424280166626,1.145007610321045,0.8555697798728943,-0.11579477787017822,0.47581903276131043,0.4482114900464873,-0.14729627966880798,0.2876770496368408,333.0,0.5255255255255256,0.2539912917271408,0.34246575342465757,0.4865202887093498,-0.6435786485671997,0.13650546021840873,59.51638065522621,8.658346333853356,31.825273010920434,0.0,0.0,763.0,111.0,408.0,0.0,0.0,False,False,True,True,40.483619344773786,949.0,333.0,0.7402496099843994,0.25975039001560063,True,False,standard,,,,,,,,,0.46233932147066026
vix3r_d010_t14_23_hr,05a_regime_output,16.0,0.1,0.0005,20.0,2.0,64.0,2025-11-28T14:01:15.003645,0.3680883049964905,78,True,-0.458678,0.625547,-0.130896,0.352145,1282.0,949.0,333.0,74.02496099843994,25.975039001560063,default,67.0,1.3110424280166626,1.145007610321045,0.8555697798728943,-0.11579477787017822,0.47581903276131043,0.4482114900464873,-0.14729627966880798,0.2876770496368408,333.0,0.5255255255255256,0.2539912917271408,0.34246575342465757,0.4865202887093498,-0.6435786485671997,0.13650546021840873,59.51638065522621,8.658346333853356,31.825273010920434,0.0,0.0,763.0,111.0,408.0,0.0,0.0,False,False,True,True,40.483619344773786,949.0,333.0,0.7402496099843994,0.25975039001560063,True,False,standard,,,,,,,,,0.46233932147066026
vix3r_d010_t14_23_mlp,05a_regime_output,16.0,0.1,0.0005,20.0,2.0,64.0,2025-11-27T18:50:16.322557,0.3577802777290344,89,True,-0.761394,0.616114,-0.212336,0.451996,1282.0,938.0,344.0,73.16692667706708,26.83307332293292,default,87.0,1.426910400390625,1.1945335865020752,0.9162386059761047,-0.2144070863723755,0.4781591263650546,0.4706497215155069,-0.1472965031862259,0.3090745210647583,344.0,0.5290697674418605,0.2641509433962264,0.3523717328170378,0.483399701892177,-0.6221811771392822,0.1419656786271451,64.1965678627145,6.4742589703588145,29.329173166926676,0.0,0.0,823.0,83.0,376.0,0.0,0.0,False,False,True,True,35.80343213728549,938.0,344.0,0.7316692667706708,0.26833073322932915,True,False,standard,,,,,,,,,0.4615588282572316
vix3r_d010_t14_23_mlp_hr,05a_regime_output,16.0,0.1,0.0005,20.0,2.0,64.0,2025-11-28T14:02:46.826964,0.3577802777290344,89,True,-0.761394,0.616114,-0.212336,0.451996,1282.0,938.0,344.0,73.16692667706708,26.83307332293292,default,78.0,1.426910400390625,1.1945335865020752,0.9162386059761047,-0.2144070863723755,0.4781591263650546,0.4706497215155069,-0.1472965031862259,0.3090745210647583,344.0,0.5290697674418605,0.2641509433962264,0.3523717328170378,0.483399701892177,-0.6221811771392822,0.1419656786271451,64.1965678627145,6.4742589703588145,29.329173166926676,0.0,0.0,823.0,83.0,376.0,0.0,0.0,False,False,True,True,35.80343213728549,938.0,344.0,0.7316692667706708,0.26833073322932915,True,False,standard,,,,,,,,,0.4615588282572316
vix3r_d025_t14_23,05a_regime_output,16.0,0.25,0.0005,20.0,2.0,64.0,2025-11-27T19:14:50.696955,0.36275485157966614,93,True,-0.602702,0.48456,-0.107442,0.317865,1282.0,944.0,338.0,73.63494539781591,26.365054602184088,default,79.0,1.2920773029327393,1.1366957426071167,0.8428151607513428,-0.09965407848358154,0.4781591263650546,0.47563486499864177,-0.14729660749435425,0.31209099292755127,338.0,0.5295857988165681,0.2597968069666183,0.3485881207400195,0.490088771516752,-0.6191647052764893,0.13962558502340094,53.042121684867396,15.132605304212168,31.825273010920434,0.0,0.0,680.0,194.0,408.0,0.0,0.0,False,False,True,True,46.957878315132604,944.0,338.0,0.7363494539781591,0.26365054602184085,True,False,standard,,,,,,,,,0.4682478978818066
vix3r_d025_t14_23_hr,05a_regime_output,16.0,0.25,0.0005,20.0,2.0,64.0,2025-11-28T14:03:48.943075,0.36275485157966614,93,True,-0.602702,0.48456,-0.107442,0.317865,1282.0,944.0,338.0,73.63494539781591,26.365054602184088,default,79.0,1.2920773029327393,1.1366957426071167,0.8428151607513428,-0.09965407848358154,0.4781591263650546,0.47563486499864177,-0.14729660749435425,0.31209099292755127,338.0,0.5295857988165681,0.2597968069666183,0.3485881207400195,0.490088771516752,-0.6191647052764893,0.13962558502340094,53.042121684867396,15.132605304212168,31.825273010920434,0.0,0.0,680.0,194.0,408.0,0.0,0.0,False,False,True,True,46.957878315132604,944.0,338.0,0.7363494539781591,0.26365054602184085,True,False,standard,,,,,,,,,0.4682478978818066
vix3r_d025_t14_23_mlp,05a_regime_output,16.0,0.25,0.0005,20.0,2.0,64.0,2025-11-27T19:24:54.901650,0.35869476199150085,100,False,-0.895314,0.737782,-0.236532,0.475525,1282.0,943.0,339.0,73.5569422776911,26.443057722308893,default,86.0,1.4572960138320923,1.20718514919281,0.9328235983848572,-0.24026751518249512,0.4789391575663027,0.4537235751060116,-0.14729659259319305,0.2931528091430664,339.0,0.5309734513274337,0.2612481857764877,0.3501945525291829,0.4853724022644446,-0.6381028890609741,0.14040561622464898,62.94851794071763,5.30421216848674,31.747269890795632,0.0,0.0,807.0,68.0,407.0,0.0,0.0,False,False,True,True,37.05148205928237,943.0,339.0,0.7355694227769111,0.26443057722308894,True,False,standard,,,,,,,,,0.4643115598307473
vix3r_d025_t14_23_mlp_hr,05a_regime_output,16.0,0.25,0.0005,20.0,2.0,64.0,2025-11-28T14:05:21.020923,0.35869476199150085,100,False,-0.895314,0.737782,-0.236532,0.475525,1282.0,943.0,339.0,73.5569422776911,26.443057722308893,default,94.0,1.4572960138320923,1.20718514919281,0.9328235983848572,-0.24026751518249512,0.4789391575663027,0.4537235751060116,-0.14729659259319305,0.2931528091430664,339.0,0.5309734513274337,0.2612481857764877,0.3501945525291829,0.4853724022644446,-0.6381028890609741,0.14040561622464898,62.94851794071763,5.30421216848674,31.747269890795632,0.0,0.0,807.0,68.0,407.0,0.0,0.0,False,False,True,True,37.05148205928237,943.0,339.0,0.7355694227769111,0.26443057722308894,True,False,standard,,,,,,,,,0.4643115598307473
h16_enc12_d015_bs16,06a_weekly_sweep,16.0,0.15,0.0005,12.0,2.0,16.0,2025-11-29T20:32:01.846753,0.9089945554733276,100,False,-0.156745,0.834596,0.341553,0.241746,261.0,26.0,235.0,9.961685823754788,90.03831417624521,tft-epoch=epoch=94-predstd=val_pred_std=0.1396,94.0,5.228157997131348,2.2865166664123535,1.7257035970687866,-0.0003935098648071289,0.5670498084291188,0.8568279631040149,-0.2482302188873291,0.8570849895477295,235.0,0.574468085106383,0.9121621621621622,0.7049608355091385,0.5096268835206889,-0.08137023448944092,0.5172413793103449,18.773946360153257,0.7662835249042145,77.77777777777779,1.1494252873563218,1.532567049808429,49.0,2.0,203.0,3.0,4.0,True,True,True,True,81.22605363984675,26.0,235.0,0.09961685823754789,0.9003831417624522,True,False,standard,,,,,,,,,0.5766766919498076
h16_enc12_d015_bs32,06a_weekly_sweep,16.0,0.15,0.0005,12.0,2.0,32.0,2025-11-29T20:39:23.741260,0.9284968376159668,68,True,-0.079277,0.374948,0.231145,0.11952,261.0,16.0,245.0,6.130268199233716,93.86973180076629,tft-epoch=epoch=38-predstd=val_pred_std=0.0597,38.0,5.228501796722412,2.2865917682647705,1.7274850606918335,-0.00045931339263916016,0.5670498084291188,0.8527318241909589,-0.2482302188873291,0.8672589063644409,245.0,0.5714285714285714,0.9459459459459459,0.7124681933842238,0.5310332456350155,-0.07119631767272949,0.5363984674329502,9.195402298850574,2.2988505747126435,57.08812260536399,5.747126436781609,25.67049808429119,24.0,6.0,149.0,15.0,67.0,True,True,True,True,90.80459770114945,16.0,245.0,0.06130268199233716,0.9386973180076629,True,False,standard,"No checkpoints >= epoch 80, using all 18",,,,,,,,0.5980830540641343
h16_enc12_d025_bs16,06a_weekly_sweep,16.0,0.25,0.0005,12.0,2.0,16.0,2025-11-29T20:42:45.878551,0.9220671057701111,91,True,0.220509,0.514167,0.311909,0.068666,261.0,0.0,261.0,0.0,100.0,tft-epoch=epoch=59-predstd=val_pred_std=0.0610,59.0,5.1990251541137695,2.280137062072754,1.7285277843475342,0.005180954933166504,0.5670498084291188,0.883413376766828,-0.2482302188873291,0.9384552240371704,261.0,0.5670498084291188,1.0,0.723716381418093,0.49581439846926567,0.0,0.5670498084291188,1.9157088122605364,0.38314176245210724,55.172413793103445,32.95019157088122,9.578544061302683,5.0,1.0,144.0,86.0,25.0,True,True,True,True,98.08429118773945,0.0,261.0,0.0,1.0,True,True,standard,"No checkpoints >= epoch 80, using all 21; No diverse checkpoints (num_negative > 0), using 21 filtered",,,,,,,,0.5628642068983845
h16_enc12_d025_bs32,06a_weekly_sweep,16.0,0.25,0.0005,12.0,2.0,32.0,2025-11-29T20:43:48.701743,0.9266690611839294,56,True,-0.021993,0.294101,0.160428,0.08088,261.0,6.0,255.0,2.2988505747126435,97.70114942528735,tft-epoch=epoch=39-predstd=val_pred_std=0.0621,39.0,5.24043083190918,2.289198637008667,1.735662817955017,-0.0027419328689575195,0.5747126436781609,0.9607017800231924,-0.2482302188873291,1.04725980758667,255.0,0.5725490196078431,0.9864864864864865,0.7245657568238212,0.5346806983975125,0.10880458354949951,0.5593869731800766,8.812260536398467,0.0,62.06896551724138,12.260536398467432,16.85823754789272,23.0,0.0,162.0,32.0,44.0,True,True,False,True,91.18773946360153,6.0,255.0,0.022988505747126436,0.9770114942528736,True,False,standard,"No checkpoints >= epoch 80, using all 16",,,,,,,,0.6093933420756734
h16_enc12_d030_bs16,06a_weekly_sweep,16.0,0.3,0.0005,12.0,2.0,16.0,2025-11-29T20:51:09.929346,0.9135085344314575,100,False,0.183511,0.639714,0.310925,0.092203,261.0,0.0,261.0,0.0,100.0,tft-epoch=epoch=96-valloss=val_loss=0.9138,96.0,5.164359092712402,2.2725226879119873,1.7228909730911255,0.011814236640930176,0.5670498084291188,0.883413376766828,-0.2482302188873291,0.9384552240371704,261.0,0.5670498084291188,1.0,0.723716381418093,0.5247548433389141,0.0,0.5670498084291188,2.2988505747126435,0.0,72.79693486590038,4.21455938697318,20.689655172413794,6.0,0.0,190.0,11.0,54.0,True,True,False,True,97.70114942528735,0.0,261.0,0.0,1.0,True,True,standard,"No diverse checkpoints (num_negative > 0), using 9 filtered",,,,,,,,0.5918046517680329
h16_enc12_d030_bs32,06a_weekly_sweep,16.0,0.3,0.0005,12.0,2.0,32.0,2025-11-29T20:53:31.706401,0.9253910183906555,56,True,0.093203,0.317473,0.202557,0.066917,261.0,0.0,261.0,0.0,100.0,tft-epoch=epoch=38-predstd=val_pred_std=0.0528,38.0,5.231650352478027,2.2872800827026367,1.7306376695632935,-0.0010617971420288086,0.5670498084291188,0.883413376766828,-0.2482302188873291,0.9384552240371704,261.0,0.5670498084291188,1.0,0.723716381418093,0.5451447022243482,0.0,0.5670498084291188,1.9157088122605364,0.38314176245210724,68.5823754789272,26.81992337164751,2.2988505747126435,5.0,1.0,179.0,70.0,6.0,True,True,True,True,98.08429118773947,0.0,261.0,0.0,1.0,True,True,standard,"No checkpoints >= epoch 80, using all 17; No diverse checkpoints (num_negative > 0), using 17 filtered",,,,,,,,0.612194510653467
h16_enc8_d015_bs16,06a_weekly_sweep,16.0,0.15,0.0005,8.0,2.0,16.0,2025-11-29T20:12:40.167188,0.9258561730384827,36,True,0.138562,0.4484,0.342365,0.09985,265.0,0.0,265.0,0.0,100.0,tft-epoch=epoch=21-predstd=val_pred_std=0.0520,21.0,5.188144683837891,2.277750015258789,1.714672565460205,0.0036487579345703125,0.5660377358490566,0.9203434216266334,-0.24823009967803955,1.0174620151519775,265.0,0.5660377358490566,1.0,0.7228915662650602,0.5677681159420289,0.0,0.5660377358490566,2.2641509433962264,0.0,53.9622641509434,9.811320754716983,33.9622641509434,6.0,0.0,143.0,26.0,90.0,True,True,False,True,97.73584905660377,0.0,265.0,0.0,1.0,True,True,standard,"No checkpoints >= epoch 80, using all 21; No diverse checkpoints (num_negative > 0), using 21 filtered",,,,,,,,0.6338058517910855
h16_enc8_d015_bs32,06a_weekly_sweep,16.0,0.15,0.0005,8.0,2.0,32.0,2025-11-29T20:13:01.609747,0.9266691207885742,47,True,-0.050505,0.340235,0.22228,0.102374,265.0,10.0,255.0,3.7735849056603774,96.22641509433963,tft-epoch=epoch=46-predstd=val_pred_std=0.0563,46.0,5.196448802947998,2.279572010040283,1.722676396369934,0.0020540356636047363,0.5660377358490566,0.8450496295605523,-0.24823009967803955,0.8878424167633057,255.0,0.5686274509803921,0.9666666666666667,0.7160493827160493,0.5481739130434782,-0.12961959838867188,0.5471698113207547,9.056603773584905,3.7735849056603774,62.64150943396226,2.6415094339622645,21.88679245283019,24.0,10.0,166.0,7.0,58.0,True,True,True,True,90.9433962264151,10.0,255.0,0.03773584905660377,0.9622641509433962,True,False,standard,"No checkpoints >= epoch 80, using all 20",,,,,,,,0.6142116488925348
h16_enc8_d025_bs16,06a_weekly_sweep,16.0,0.25,0.0005,8.0,2.0,16.0,2025-11-29T20:19:53.880906,0.8955501317977905,100,False,0.159286,0.648162,0.255801,0.086316,265.0,0.0,265.0,0.0,100.0,tft-epoch=epoch=99-predstd=val_pred_std=0.1450,99.0,5.144468784332275,2.2681422233581543,1.7286988496780396,0.012036561965942383,0.5660377358490566,0.9203434216266334,-0.24823009967803955,1.0174620151519775,265.0,0.5660377358490566,1.0,0.7228915662650602,0.5023188405797101,0.0,0.5660377358490566,2.2641509433962264,0.0,83.39622641509435,10.18867924528302,4.150943396226415,6.0,0.0,221.0,27.0,11.0,True,True,False,True,97.73584905660377,0.0,265.0,0.0,1.0,True,True,standard,"No diverse checkpoints (num_negative > 0), using 6 filtered",,,,,,,,0.5683565764287667
h16_enc8_d025_bs32,06a_weekly_sweep,16.0,0.25,0.0005,8.0,2.0,32.0,2025-11-29T20:20:15.957258,0.9218848943710327,66,True,-0.037115,0.327305,0.174568,0.112435,265.0,8.0,257.0,3.018867924528302,96.98113207547169,tft-epoch=epoch=39-predstd=val_pred_std=0.0787,39.0,5.221181392669678,2.2849905490875244,1.728196144104004,-0.0026956796646118164,0.5735849056603773,0.9258282934702332,-0.24823009967803955,1.0182137489318848,257.0,0.5719844357976653,0.98,0.7223587223587222,0.5500289855072463,0.0007517337799072266,0.5547169811320755,11.69811320754717,0.0,56.60377358490566,13.20754716981132,18.49056603773585,31.0,0.0,150.0,35.0,49.0,True,True,False,True,88.30188679245282,8.0,257.0,0.03018867924528302,0.969811320754717,True,False,standard,"No checkpoints >= epoch 80, using all 22",,,,,,,,0.6236138911676237
h16_enc8_d030_bs16,06a_weekly_sweep,16.0,0.3,0.0005,8.0,2.0,16.0,2025-11-29T20:21:57.569913,0.9202959537506104,82,True,0.075489,0.392378,0.233571,0.058624,265.0,0.0,265.0,0.0,100.0,tft-epoch=epoch=81-valloss=val_loss=0.9204,81.0,5.168975353240967,2.273538112640381,1.7260299921035767,0.007330179214477539,0.5660377358490566,0.9203434216266334,-0.24823009967803955,1.0174620151519775,265.0,0.5660377358490566,1.0,0.7228915662650602,0.5644637681159421,0.0,0.5660377358490566,2.2641509433962264,0.0,75.47169811320755,9.811320754716983,12.452830188679245,6.0,0.0,200.0,26.0,33.0,True,True,False,True,97.73584905660378,0.0,265.0,0.0,1.0,True,True,standard,"No diverse checkpoints (num_negative > 0), using 2 filtered",,,,,,,,0.6305015039649987
h16_enc8_d030_bs32,06a_weekly_sweep,16.0,0.3,0.0005,8.0,2.0,32.0,2025-11-29T20:23:00.082411,0.9192103147506714,100,False,0.093946,0.355378,0.244814,0.053993,265.0,0.0,265.0,0.0,100.0,tft-epoch=epoch=81-valloss=val_loss=0.9193,81.0,5.191237449645996,2.278428792953491,1.7299482822418213,0.003054797649383545,0.5660377358490566,0.9203434216266334,-0.24823009967803955,1.0174620151519775,265.0,0.5660377358490566,1.0,0.7228915662650602,0.5315942028985507,0.0,0.5660377358490566,1.8867924528301887,0.37735849056603776,86.79245283018868,10.943396226415095,0.0,5.0,1.0,230.0,29.0,0.0,True,False,True,True,98.11320754716981,0.0,265.0,0.0,1.0,True,True,standard,"No diverse checkpoints (num_negative > 0), using 5 filtered",,,,,,,,0.5976319387476073
h8_enc12_d015_bs16,06a_weekly_sweep,8.0,0.15,0.0005,12.0,2.0,16.0,2025-11-29T19:39:07.331136,0.9137672781944275,100,False,0.163643,0.534273,0.291695,0.066589,261.0,0.0,261.0,0.0,100.0,tft-epoch=epoch=98-valloss=val_loss=0.9138,98.0,5.185492515563965,2.277167558670044,1.7272334098815918,0.007770359516143799,0.5670498084291188,0.883413376766828,-0.2482302188873291,0.9384552240371704,261.0,0.5670498084291188,1.0,0.723716381418093,0.511659889978474,0.0,0.5670498084291188,2.2988505747126435,0.0,70.49808429118774,16.091954022988507,11.11111111111111,6.0,0.0,184.0,42.0,29.0,True,True,False,True,97.70114942528735,0.0,261.0,0.0,1.0,True,True,standard,"No diverse checkpoints (num_negative > 0), using 5 filtered",,,,,,,,0.5787096984075928
h8_enc12_d015_bs32,06a_weekly_sweep,8.0,0.15,0.0005,12.0,2.0,32.0,2025-11-29T19:39:09.179242,0.9159829616546631,100,False,0.075829,0.429041,0.204796,0.062249,261.0,0.0,261.0,0.0,100.0,tft-epoch=epoch=96-predstd=val_pred_std=0.1004,96.0,5.198092460632324,2.2799324989318848,1.7362785339355469,0.0053594112396240234,0.5670498084291188,0.883413376766828,-0.2482302188873291,0.9384552240371704,261.0,0.5670498084291188,1.0,0.723716381418093,0.4852906003348481,0.0,0.5670498084291188,2.2988505747126435,0.0,57.08812260536399,16.85823754789272,23.754789272030653,6.0,0.0,149.0,44.0,62.0,True,True,False,True,97.70114942528735,0.0,261.0,0.0,1.0,True,True,standard,"No diverse checkpoints (num_negative > 0), using 7 filtered",,,,,,,,0.552340408763967
h8_enc12_d025_bs16,06a_weekly_sweep,8.0,0.25,0.0005,12.0,2.0,16.0,2025-11-29T19:48:51.451203,0.9035099744796753,100,False,0.154748,0.594267,0.271553,0.080247,261.0,0.0,261.0,0.0,100.0,tft-epoch=epoch=97-predstd=val_pred_std=0.1217,97.0,5.176970958709717,2.2752957344055176,1.7294468879699707,0.00940096378326416,0.5670498084291188,0.883413376766828,-0.2482302188873291,0.9384552240371704,261.0,0.5670498084291188,1.0,0.723716381418093,0.503647452762497,0.0,0.5670498084291188,2.2988505747126435,0.0,69.34865900383141,17.624521072796934,10.727969348659004,6.0,0.0,181.0,46.0,28.0,True,True,False,True,97.70114942528735,0.0,261.0,0.0,1.0,True,True,standard,"No diverse checkpoints (num_negative > 0), using 6 filtered",,,,,,,,0.5706972611916158
h8_enc12_d025_bs32,06a_weekly_sweep,8.0,0.25,0.0005,12.0,2.0,32.0,2025-11-29T19:55:52.881554,0.9187270402908325,100,False,0.080899,0.48986,0.21054,0.08141,261.0,0.0,261.0,0.0,100.0,tft-epoch=epoch=96-predstd=val_pred_std=0.0966,96.0,5.203625679016113,2.2811458110809326,1.7393630743026733,0.004300713539123535,0.5670498084291188,0.883413376766828,-0.2482302188873291,0.9384552240371704,261.0,0.5670498084291188,1.0,0.723716381418093,0.46609662760105236,0.0,0.5670498084291188,1.9157088122605364,0.38314176245210724,55.55555555555556,21.455938697318008,20.689655172413794,5.0,1.0,145.0,56.0,54.0,True,True,True,True,98.08429118773947,0.0,261.0,0.0,1.0,True,True,standard,"No diverse checkpoints (num_negative > 0), using 8 filtered",,,,,,,,0.5331464360301712
h8_enc12_d030_bs16,06a_weekly_sweep,8.0,0.3,0.0005,12.0,2.0,16.0,2025-11-29T19:55:55.188726,0.9037983417510986,100,False,0.167806,0.586234,0.259649,0.082041,261.0,0.0,261.0,0.0,100.0,tft-epoch=epoch=97-predstd=val_pred_std=0.1300,97.0,5.174340724945068,2.2747178077697754,1.7312294244766235,0.009904265403747559,0.5670498084291188,0.883413376766828,-0.2482302188873291,0.9384552240371704,261.0,0.5670498084291188,1.0,0.723716381418093,0.4858287491030854,0.0,0.5670498084291188,2.2988505747126435,0.0,55.938697318007655,14.17624521072797,27.586206896551722,6.0,0.0,146.0,37.0,72.0,True,True,False,True,97.70114942528735,0.0,261.0,0.0,1.0,True,True,standard,"No diverse checkpoints (num_negative > 0), using 6 filtered",,,,,,,,0.5528785575322042
h8_enc12_d030_bs32,06a_weekly_sweep,8.0,0.3,0.0005,12.0,2.0,32.0,2025-11-29T20:03:37.881077,0.9192968606948853,100,False,0.079361,0.439384,0.20578,0.076331,261.0,0.0,261.0,0.0,100.0,tft-epoch=epoch=95-predstd=val_pred_std=0.0817,95.0,5.20759391784668,2.282015323638916,1.7390592098236084,0.0035413503646850586,0.5670498084291188,0.883413376766828,-0.2482302188873291,0.9384552240371704,261.0,0.5670498084291188,1.0,0.723716381418093,0.4769193972733795,0.0,0.5670498084291188,1.9157088122605364,0.0,64.75095785440614,16.47509578544061,16.85823754789272,5.0,0.0,169.0,43.0,44.0,True,True,False,True,98.08429118773947,0.0,261.0,0.0,1.0,True,True,standard,"No diverse checkpoints (num_negative > 0), using 7 filtered",,,,,,,,0.5439692057024983
h8_enc8_d015_bs16,06a_weekly_sweep,8.0,0.15,0.0005,8.0,2.0,16.0,2025-11-29T19:14:54.170645,0.8963676691055298,100,False,0.194167,0.555139,0.274825,0.072333,265.0,0.0,265.0,0.0,100.0,tft-epoch=epoch=95-predstd=val_pred_std=0.1171,95.0,5.160369873046875,2.2716448307037354,1.7287660837173462,0.00898277759552002,0.5660377358490566,0.9203434216266334,-0.24823009967803955,1.0174620151519775,265.0,0.5660377358490566,1.0,0.7228915662650602,0.49356521739130427,0.0,0.5660377358490566,1.8867924528301887,0.0,68.67924528301886,9.811320754716983,19.622641509433965,5.0,0.0,182.0,26.0,52.0,True,True,False,True,98.11320754716981,0.0,265.0,0.0,1.0,True,True,standard,"No diverse checkpoints (num_negative > 0), using 7 filtered",,,,,,,,0.5596029532403608
h8_enc8_d015_bs32,06a_weekly_sweep,8.0,0.15,0.0005,8.0,2.0,32.0,2025-11-29T19:14:56.174964,0.9160153269767761,100,False,0.147923,0.440678,0.242563,0.057161,265.0,0.0,265.0,0.0,100.0,tft-epoch=epoch=91-valloss=val_loss=0.9162,91.0,5.185593128204346,2.2771897315979004,1.7331323623657227,0.00413888692855835,0.5660377358490566,0.9203434216266334,-0.24823009967803955,1.0174620151519775,265.0,0.5660377358490566,1.0,0.7228915662650602,0.46915942028985513,0.0,0.5660377358490566,2.2641509433962264,0.0,63.0188679245283,9.811320754716983,24.90566037735849,6.0,0.0,167.0,26.0,66.0,True,True,False,True,97.73584905660377,0.0,265.0,0.0,1.0,True,True,standard,"No diverse checkpoints (num_negative > 0), using 5 filtered",,,,,,,,0.5351971561389117
h8_enc8_d025_bs16,06a_weekly_sweep,8.0,0.25,0.0005,8.0,2.0,16.0,2025-11-29T19:14:58.463291,0.9001250267028809,100,False,0.143999,0.502529,0.226044,0.06581,265.0,0.0,265.0,0.0,100.0,tft-epoch=epoch=96-predstd=val_pred_std=0.1150,96.0,5.170330047607422,2.2738358974456787,1.7334563732147217,0.007070004940032959,0.5660377358490566,0.9203434216266334,-0.24823009967803955,1.0174620151519775,265.0,0.5660377358490566,1.0,0.7228915662650602,0.4871304347826087,0.0,0.5660377358490566,1.8867924528301887,0.37735849056603776,50.943396226415096,16.22641509433962,30.566037735849054,5.0,1.0,135.0,43.0,81.0,True,True,True,True,98.11320754716981,0.0,265.0,0.0,1.0,True,True,standard,"No diverse checkpoints (num_negative > 0), using 7 filtered",,,,,,,,0.5531681706316653
h8_enc8_d025_bs32,06a_weekly_sweep,8.0,0.25,0.0005,8.0,2.0,32.0,2025-11-29T19:15:00.643045,0.9156160950660706,100,False,0.075329,0.353355,0.177161,0.051761,265.0,0.0,265.0,0.0,100.0,tft-epoch=epoch=96-predstd=val_pred_std=0.0723,96.0,5.199427604675293,2.2802252769470215,1.7391300201416016,0.0014820098876953125,0.5660377358490566,0.9203434216266334,-0.24823009967803955,1.0174620151519775,265.0,0.5660377358490566,1.0,0.7228915662650602,0.4731594202898551,0.0,0.5660377358490566,1.8867924528301887,0.37735849056603776,72.0754716981132,16.60377358490566,9.056603773584905,5.0,1.0,191.0,44.0,24.0,True,True,True,True,98.11320754716981,0.0,265.0,0.0,1.0,True,True,standard,"No diverse checkpoints (num_negative > 0), using 7 filtered",,,,,,,,0.5391971561389117
h8_enc8_d030_bs16,06a_weekly_sweep,8.0,0.3,0.0005,8.0,2.0,16.0,2025-11-29T19:32:03.084280,0.9037372469902039,100,False,0.187462,0.520735,0.27093,0.068716,265.0,0.0,265.0,0.0,100.0,tft-epoch=epoch=92-predstd=val_pred_std=0.0948,92.0,5.171136379241943,2.2740132808685303,1.7303199768066406,0.006915092468261719,0.5660377358490566,0.9203434216266334,-0.24823009967803955,1.0174620151519775,265.0,0.5660377358490566,1.0,0.7228915662650602,0.4696811594202899,0.0,0.5660377358490566,1.8867924528301887,0.0,57.73584905660377,13.962264150943396,26.41509433962264,5.0,0.0,153.0,37.0,70.0,True,True,False,True,98.11320754716981,0.0,265.0,0.0,1.0,True,True,standard,"No diverse checkpoints (num_negative > 0), using 7 filtered",,,,,,,,0.5357188952693465
h8_enc8_d030_bs32,06a_weekly_sweep,8.0,0.3,0.0005,8.0,2.0,32.0,2025-11-29T19:32:04.997037,0.9166394472122192,100,False,0.066668,0.362485,0.179541,0.051881,265.0,0.0,265.0,0.0,100.0,tft-epoch=epoch=97-predstd=val_pred_std=0.0672,97.0,5.200526237487793,2.280466318130493,1.7383761405944824,0.001271069049835205,0.5660377358490566,0.9203434216266334,-0.24823009967803955,1.0174620151519775,265.0,0.5660377358490566,1.0,0.7228915662650602,0.4851594202898551,0.0,0.5660377358490566,2.2641509433962264,0.0,73.58490566037736,15.471698113207546,8.679245283018867,6.0,0.0,195.0,41.0,23.0,True,True,False,True,97.73584905660378,0.0,265.0,0.0,1.0,True,True,standard,"No diverse checkpoints (num_negative > 0), using 7 filtered",,,,,,,,0.5511971561389117
daily_7q_h10,06b_rolling,16.0,0.1,0.0005,20.0,2.0,64.0,,N/A (rolling),N/A (rolling),N/A (rolling),,,,0.024682646720773645,,53.55555555555556,,28.051071359317433,71.94892864068257,varies_by_fold,29.77777777777778,1.4174108654260635,1.044148455063502,0.7562166584862603,-0.002629955609639486,0.5090103640427421,0.9392309372223598,-0.08860888539089097,0.06627749734454685,,,,,0.4982556379896047,-0.002199828624725342,,26.809108467795436,8.899317993937723,34.41263726870987,25.870699509098515,4.0082367604584475,,,,,,True,True,True,True,73.19089153220456,,,,,True,False,rolling,,9.0,0.051555280809798695,0.9765861296479407,16.54690689858255,2016-2024,4.0,83.0,0.5072660020323468
daily_7q_h30,06b_rolling,16.0,0.1,0.0005,20.0,2.0,64.0,,,,,,,,,,,,,,,,,,,,,,,,,,,,,,,,,,,,,,,,,,,,,,,,,,False,,rolling,,,,,,,,,
daily_7q_h5,06b_rolling,16.0,0.1,0.0005,20.0,2.0,64.0,,N/A (rolling),N/A (rolling),N/A (rolling),,,,0.026096769763777655,,34.111111111111114,,17.46031746031746,82.53968253968253,varies_by_fold,31.333333333333332,1.4057704243395064,1.0423259834448497,0.7541007598241171,-0.004183279143439399,0.5220278714114827,0.8183554400971413,-0.11008522576755947,0.059256520536210805,,,,,0.49487837067468987,-0.030245747831132676,,18.214228899508086,9.86452700738415,53.94141968471192,14.859003430432002,3.120820977963835,,,,,,True,True,True,True,81.78577110049191,,,,,True,False,rolling,,9.0,0.04931388104718743,0.9942228896827254,6.717359086349996,2016-2024,4.0,89.0,0.5169062420861725
daily_h16_baseline,06b_rolling,16.0,0.1,0.0005,20.0,2.0,64.0,,N/A (rolling),N/A (rolling),N/A (rolling),,,,0.025796022473110095,,34.0,,14.830285003058878,85.16971499694112,varies_by_fold,54.77777777777778,1.3338409562905629,1.0283613204956055,0.7369438807169596,-0.004768497414059109,0.5327998949415316,0.9526697034651088,-0.10822011282046635,0.11009228229522705,,,,,0.5012548897757255,-0.0037870870696173776,,17.597042326489827,3.3818534691897137,57.96463098532589,19.073476362255555,1.982996856739025,,,,,,True,True,True,True,82.40295767351017,,,,,True,False,rolling,,9.0,0.048560517145271716,1.2364508225346587,13.148229286478609,2016-2024,4.0,99.0,0.5340547847172571
weekly_h16_enc12_d015_bs16,06b_rolling,16.0,0.15,0.0005,12.0,2.0,16.0,,N/A (rolling),N/A (rolling),N/A (rolling),,,,0.04080694054977761,,0.0,,0.0,100.0,varies_by_fold,36.666666666666664,4.6036309533649025,1.9592920806672838,1.5178112188975017,-0.01228124565548367,0.5911246612466124,1.5153920007242472,-0.08687674875060718,0.15131689442528617,,,,,0.505673898310956,0.0,,12.981029810298104,1.6598915989159893,18.929539295392956,63.3739837398374,3.0555555555555554,,,,,,True,True,True,True,87.01897018970189,,,,,True,True,rolling,,9.0,0.07807688725318693,1.252309681958807,0.9896702102693385,2016-2024,6.0,72.0,0.5967985595575684
weekly_h16_enc8_d025_bs32,06b_rolling,16.0,0.25,0.0005,8.0,2.0,32.0,,N/A (rolling),N/A (rolling),N/A (rolling),,,,0.0526671971504887,,0.0,,0.0,100.0,varies_by_fold,64.44444444444444,5.787589391072591,2.126148694091373,1.6164495282702975,-0.004311184088389079,0.5852974186307519,1.223225756192582,-0.10451233324905236,0.10462905300988092,,,,,0.5059581689481945,0.0,,11.560044893378226,1.257014590347924,28.07519640852974,57.35129068462402,1.75645342312009,,,,,,True,True,True,True,88.43995510662177,,,,,True,True,rolling,,9.0,0.07160344298281465,1.0975615763486588,0.7412931994176711,2016-2024,13.0,99.0,0.5912555875789464
h16_enc4_lr1e4,06c_weekly_refined,16.0,0.25,0.0001,4.0,2.0,32.0,2025-12-01T13:10:53.756993,0.9278627634048462,100,False,0.144905,0.317142,0.236674,0.037354,269.0,0.0,269.0,0.0,100.0,tft-epoch=epoch=96-valloss=val_loss=0.9290,96.0,5.205321311950684,2.281517267227173,1.7390574216842651,0.0023328661918640137,0.5650557620817844,0.8959485611611329,-0.2482302188873291,0.9983927011489868,269.0,0.5650557620817844,1.0,0.7220902612826604,0.5044984255510572,0.0,0.5650557620817844,2.2304832713754648,0.0,88.10408921933085,5.5762081784386615,4.089219330855019,6.0,0.0,237.0,15.0,11.0,True,True,False,True,97.76951672862452,0.0,269.0,0.0,1.0,True,True,standard,"No diverse checkpoints (num_negative > 0), using 5 filtered",,,,,,,,0.5695541876328416
h16_enc4_lr5e4,06c_weekly_refined,16.0,0.25,0.0005,4.0,2.0,32.0,2025-12-01T13:10:51.813499,0.8947063088417053,100,False,0.127452,0.657392,0.232812,0.094045,269.0,0.0,269.0,0.0,100.0,tft-epoch=epoch=92-predstd=val_pred_std=0.1267,92.0,5.1466169357299805,2.26861572265625,1.7348943948745728,0.013584315776824951,0.5650557620817844,0.8959485611611329,-0.2482302188873291,0.9983927011489868,269.0,0.5650557620817844,1.0,0.7220902612826604,0.5264844804318489,0.0,0.5650557620817844,1.858736059479554,0.0,49.44237918215613,23.79182156133829,24.907063197026023,5.0,0.0,133.0,64.0,67.0,True,True,False,True,98.14126394052045,0.0,269.0,0.0,1.0,True,True,standard,"No diverse checkpoints (num_negative > 0), using 6 filtered",,,,,,,,0.5915402425136334
h16_enc6_lr1e4,06c_weekly_refined,16.0,0.25,0.0001,6.0,2.0,32.0,2025-12-01T13:10:58.259012,0.9346916675567627,100,False,0.176897,0.297884,0.25412,0.02451,267.0,0.0,267.0,0.0,100.0,tft-epoch=epoch=99-valloss=val_loss=0.9347,99.0,5.209481716156006,2.2824289798736572,1.73512864112854,0.002483844757080078,0.5617977528089888,0.8551497496322387,-0.2482304722070694,0.9213962554931641,267.0,0.5617977528089888,1.0,0.7194244604316548,0.5441595441595442,0.0,0.5617977528089888,1.8726591760299627,0.37453183520599254,57.30337078651685,8.614232209737828,31.835205992509362,5.0,1.0,153.0,23.0,85.0,True,True,True,True,98.12734082397003,0.0,267.0,0.0,1.0,True,True,standard,"No diverse checkpoints (num_negative > 0), using 7 filtered",,,,,,,,0.605957296968533
h16_enc6_lr5e4,06c_weekly_refined,16.0,0.25,0.0005,6.0,2.0,32.0,2025-12-01T13:10:55.886193,0.9118114113807678,99,True,0.100894,0.411452,0.231922,0.058465,267.0,0.0,267.0,0.0,100.0,tft-epoch=epoch=81-valloss=val_loss=0.9120,81.0,5.186794281005859,2.2774534225463867,1.7348854541778564,0.006828129291534424,0.5617977528089888,0.8551497496322387,-0.2482304722070694,0.9213962554931641,267.0,0.5617977528089888,1.0,0.7194244604316548,0.5537891737891738,0.0,0.5617977528089888,1.8726591760299627,0.37453183520599254,77.15355805243446,4.49438202247191,16.10486891385768,5.0,1.0,206.0,12.0,43.0,True,True,True,True,98.12734082397003,0.0,267.0,0.0,1.0,True,True,standard,"No diverse checkpoints (num_negative > 0), using 9 filtered",,,,,,,,0.6155869265981626
h16_enc8_lr1e4,06c_weekly_refined,16.0,0.25,0.0001,8.0,2.0,32.0,2025-12-01T13:26:12.643223,0.9337073564529419,100,False,0.128835,0.311333,0.233905,0.038187,265.0,0.0,265.0,0.0,100.0,tft-epoch=epoch=99-valloss=val_loss=0.9337,99.0,5.199911594390869,2.2803313732147217,1.7319813966751099,0.0013890266418457031,0.5660377358490566,0.9203434216266334,-0.24823009967803955,1.0174620151519775,265.0,0.5660377358490566,1.0,0.7228915662650602,0.47507246376811596,0.0,0.5660377358490566,1.8867924528301887,0.0,66.41509433962264,13.20754716981132,18.49056603773585,5.0,0.0,176.0,35.0,49.0,True,True,False,True,98.11320754716981,0.0,265.0,0.0,1.0,True,True,standard,"No diverse checkpoints (num_negative > 0), using 7 filtered",,,,,,,,0.5411101996171725
h16_enc8_lr5e4,06c_weekly_refined,16.0,0.25,0.0005,8.0,2.0,32.0,2025-12-01T13:26:00.550360,0.9218848943710327,66,True,-0.037115,0.327305,0.174568,0.112435,265.0,8.0,257.0,3.018867924528302,96.98113207547169,tft-epoch=epoch=39-predstd=val_pred_std=0.0787,39.0,5.221181392669678,2.2849905490875244,1.728196144104004,-0.0026956796646118164,0.5735849056603773,0.9258282934702332,-0.24823009967803955,1.0182137489318848,257.0,0.5719844357976653,0.98,0.7223587223587222,0.5500289855072463,0.0007517337799072266,0.5547169811320755,11.69811320754717,0.0,56.60377358490566,13.20754716981132,18.49056603773585,31.0,0.0,150.0,35.0,49.0,True,True,False,True,88.30188679245282,8.0,257.0,0.03018867924528302,0.969811320754717,True,False,standard,"No checkpoints >= epoch 80, using all 22",,,,,,,,0.6236138911676237
h24_enc4_lr1e4,06c_weekly_refined,24.0,0.25,0.0001,4.0,2.0,32.0,2025-12-01T13:26:16.695636,0.9135540127754211,100,False,0.228195,0.440857,0.305391,0.043398,269.0,0.0,269.0,0.0,100.0,tft-epoch=epoch=97-valloss=val_loss=0.9148,97.0,5.196106433868408,2.279496908187866,1.7338429689407349,0.004098951816558838,0.5650557620817844,0.8959485611611329,-0.2482302188873291,0.9983927011489868,269.0,0.5650557620817844,1.0,0.7220902612826604,0.48858524516419255,0.0,0.5650557620817844,2.2304832713754648,0.0,62.0817843866171,19.33085501858736,16.356877323420075,6.0,0.0,167.0,52.0,44.0,True,True,False,True,97.76951672862454,0.0,269.0,0.0,1.0,True,True,standard,"No diverse checkpoints (num_negative > 0), using 5 filtered",,,,,,,,0.553641007245977
h24_enc4_lr5e4,06c_weekly_refined,24.0,0.25,0.0005,4.0,2.0,32.0,2025-12-01T13:26:14.515499,0.8997592926025391,100,False,0.156638,0.494826,0.27297,0.057597,269.0,0.0,269.0,0.0,100.0,tft-epoch=epoch=88-valloss=val_loss=0.9003,88.0,5.171172618865967,2.2740211486816406,1.731816291809082,0.008877933025360107,0.5650557620817844,0.8959485611611329,-0.2482302188873291,0.9983927011489868,269.0,0.5650557620817844,1.0,0.7220902612826604,0.5233355825461089,0.0,0.5650557620817844,2.2304832713754648,0.0,65.05576208178438,28.25278810408922,4.4609665427509295,6.0,0.0,175.0,76.0,12.0,True,True,False,True,97.76951672862452,0.0,269.0,0.0,1.0,True,True,standard,"No diverse checkpoints (num_negative > 0), using 5 filtered",,,,,,,,0.5883913446278933
h24_enc6_lr1e4,06c_weekly_refined,24.0,0.25,0.0001,6.0,2.0,32.0,2025-12-01T13:40:51.056725,0.9184650182723999,100,False,0.24975,0.468418,0.347091,0.042338,267.0,0.0,267.0,0.0,100.0,tft-epoch=epoch=97-valloss=val_loss=0.9193,97.0,5.206909656524658,2.281865358352661,1.7302886247634888,0.0029764175415039062,0.5617977528089888,0.8551497496322387,-0.2482304722070694,0.9213962554931641,267.0,0.5617977528089888,1.0,0.7194244604316548,0.5512820512820513,0.0,0.5617977528089888,2.247191011235955,0.0,79.7752808988764,6.367041198501873,11.610486891385769,6.0,0.0,213.0,17.0,31.0,True,True,False,True,97.75280898876403,0.0,267.0,0.0,1.0,True,True,standard,"No diverse checkpoints (num_negative > 0), using 5 filtered",,,,,,,,0.6130798040910401
h24_enc6_lr5e4,06c_weekly_refined,24.0,0.25,0.0005,6.0,2.0,32.0,2025-12-01T13:37:38.613199,0.906459391117096,100,False,0.100857,0.55503,0.281355,0.068589,267.0,0.0,267.0,0.0,100.0,tft-epoch=epoch=85-valloss=val_loss=0.9065,85.0,5.160607814788818,2.2716970443725586,1.7267067432403564,0.01184225082397461,0.5617977528089888,0.8551497496322387,-0.2482304722070694,0.9213962554931641,267.0,0.5617977528089888,1.0,0.7194244604316548,0.5634188034188035,0.0,0.5617977528089888,2.247191011235955,0.0,79.40074906367042,7.490636704119851,10.861423220973784,6.0,0.0,212.0,20.0,29.0,True,True,False,True,97.75280898876406,0.0,267.0,0.0,1.0,True,True,standard,"No diverse checkpoints (num_negative > 0), using 5 filtered",,,,,,,,0.6252165562277923
h24_enc8_lr1e4,06c_weekly_refined,24.0,0.25,0.0001,8.0,2.0,32.0,2025-12-01T13:42:04.936714,0.9469116926193237,100,False,0.247079,0.445476,0.298784,0.036759,265.0,0.0,265.0,0.0,100.0,tft-epoch=epoch=99-valloss=val_loss=0.9469,99.0,5.190885543823242,2.2783515453338623,1.7272679805755615,0.003122389316558838,0.5660377358490566,0.9203434216266334,-0.24823009967803955,1.0174620151519775,265.0,0.5660377358490566,1.0,0.7228915662650602,0.4792463768115942,0.0,0.5660377358490566,1.8867924528301887,0.37735849056603776,44.15094339622642,51.698113207547166,1.8867924528301887,5.0,1.0,117.0,137.0,5.0,True,True,True,True,98.11320754716981,0.0,265.0,0.0,1.0,True,True,standard,"No diverse checkpoints (num_negative > 0), using 5 filtered",,,,,,,,0.5452841126606508
h24_enc8_lr5e4,06c_weekly_refined,24.0,0.25,0.0005,8.0,2.0,32.0,2025-12-01T13:41:43.101595,0.9156089425086975,100,False,0.117297,0.615804,0.273497,0.078127,265.0,0.0,265.0,0.0,100.0,tft-epoch=epoch=86-valloss=val_loss=0.9160,86.0,5.13960075378418,2.267068862915039,1.720746636390686,0.01297140121459961,0.5660377358490566,0.9203434216266334,-0.24823009967803955,1.0174620151519775,265.0,0.5660377358490566,1.0,0.7228915662650602,0.5627246376811594,0.0,0.5660377358490566,1.8867924528301887,0.37735849056603776,93.58490566037736,4.150943396226415,0.0,5.0,1.0,248.0,11.0,0.0,True,False,True,True,98.11320754716981,0.0,265.0,0.0,1.0,True,True,standard,"No diverse checkpoints (num_negative > 0), using 5 filtered",,,,,,,,0.628762373530216
rolling_daily,07_regime_attention,16.0,0.1,0.0005,20.0,2.0,64.0,,N/A (rolling),N/A (rolling),N/A (rolling),,,,0.03036558483209875,,69.33333333333333,,30.18508061986323,69.81491938013677,varies_by_fold,55.77777777777778,1.335517578654819,1.029727750354343,0.7385400566789839,-0.010522464911142984,0.5057509557224765,0.8384776537863589,-0.10339137787620227,0.09349369340472752,,,,,0.5087291378478991,-0.020385675960116915,,35.63560601722744,2.849825111074399,43.54946117809229,13.808197793388606,4.156909900217286,,,,,,True,True,True,True,64.36439398277255,,,,,True,False,rolling,,9.0,0.048140158110347976,0.8387776854855512,30.069792562822396,2016-2024,4.0,93.0,0.5144800935703756
rolling_weekly_enc12,07_regime_attention,16.0,0.15,0.0005,12.0,2.0,16.0,,N/A (rolling),N/A (rolling),N/A (rolling),,,,0.058193574452565774,,0.0,,0.0,100.0,varies_by_fold,54.55555555555556,4.604914102289412,1.9625144600868225,1.5169024467468262,-0.022802154223124187,0.5911246612466124,1.5153920007242472,-0.08687674875060718,0.15131689442528617,,,,,0.49733251165758907,0.0,,12.981029810298104,1.6666666666666667,28.90921409214092,54.518970189701896,1.924119241192412,,,,,,True,True,True,True,87.01897018970189,,,,,True,True,rolling,,9.0,0.07807688725318693,1.252309681958807,0.9896702102693385,2016-2024,6.0,99.0,0.5884571729042015
rolling_weekly_enc8,07_regime_attention,16.0,0.25,0.0005,8.0,2.0,32.0,,N/A (rolling),N/A (rolling),N/A (rolling),,,,0.04923501636625992,,0.22222222222222227,,0.5050505050505051,99.4949494949495,varies_by_fold,54.666666666666664,5.793913854493035,2.129225273927053,1.6211999257405598,-0.011910027927822538,0.5852974186307519,1.2176604193606277,-0.10451230675809914,0.10404507319132487,,,,,0.5107156518267482,-0.0005839798185560438,,11.307519640852973,1.5095398428731766,24.517396184062854,60.17957351290684,2.4859708193041525,,,,,,True,True,True,True,88.69248035914703,,,,,True,False,rolling,,9.0,0.07160344298281465,1.1068811033372115,0.10498477516200737,2016-2024,13.0,99.0,0.5960130704575001
test_regime_attention_daily,07_regime_attention,16.0,0.25,0.0005,20.0,2.0,64.0,2025-12-01T16:50:09.767162,0.39440205693244934,91,True,-0.688636,0.374827,-0.318639,0.291149,1282.0,892.0,390.0,69.57878315132605,30.42121684867395,tft-epoch=epoch=89-predstd=val_pred_std=0.0952,89.0,1.377725601196289,1.1737655401229858,0.8901209235191345,-0.17254722118377686,0.4890795631825273,0.8035400431338887,-0.09891410917043686,0.4298473596572876,390.0,0.5435897435897435,0.3076923076923077,0.39295644114921224,0.4933659995545515,-0.5014083385467529,0.16536661466458658,38.29953198127925,38.61154446177847,23.08892355694228,0.0,0.0,491.0,495.0,296.0,0.0,0.0,False,False,True,True,61.700468018720755,892.0,390.0,0.6957878315132605,0.3042121684867395,True,False,standard,,,,,,,,,0.48244556273707884
test_regime_attention_weekly_enc8,07_regime_attention,16.0,0.15,0.0005,12.0,2.0,16.0,2025-12-01T17:01:16.901979,0.9268417358398438,39,True,-0.192008,0.386135,0.142861,0.169578,261.0,48.0,213.0,18.39080459770115,81.60919540229885,tft-epoch=epoch=23-predstd=val_pred_std=0.0799,23.0,5.261082649230957,2.2937049865722656,1.7357951402664185,-0.006693601608276367,0.5670498084291188,1.168922855310942,-0.19160737097263336,1.188206434249878,213.0,0.5821596244131455,0.8378378378378378,0.6869806094182827,0.5390456828509925,0.24975121021270752,0.47509578544061304,29.118773946360154,13.409961685823754,40.99616858237548,9.961685823754788,6.513409961685824,76.0,35.0,107.0,26.0,17.0,True,True,True,True,70.88122605363985,48.0,213.0,0.1839080459770115,0.8160919540229885,True,False,standard,"No checkpoints >= epoch 80, using all 21",,,,,,,,0.6060954912801113
test_regime_attention_weekly_full_enc12,07_regime_attention,16.0,0.15,0.0005,12.0,2.0,16.0,2025-12-01T17:55:31.613760,0.922404408454895,100,False,-0.154181,0.383903,0.189616,0.153578,261.0,49.0,212.0,18.773946360153257,81.22605363984674,tft-epoch=epoch=96-predstd=val_pred_std=0.0798,96.0,5.175312042236328,2.2749311923980713,1.723759651184082,0.009718358516693115,0.5938697318007663,1.2198273745092005,-0.17017385363578796,1.3198933601379395,212.0,0.5990566037735849,0.8581081081081081,0.7055555555555556,0.5458622339153312,0.38143813610076904,0.48659003831417624,32.95019157088122,3.065134099616858,46.74329501915709,5.747126436781609,11.494252873563218,86.0,8.0,122.0,15.0,30.0,True,True,True,True,67.04980842911877,49.0,212.0,0.18773946360153257,0.8122605363984674,True,False,standard,,,,,,,,,0.6397319657160975
test_regime_attention_weekly_full_enc8,07_regime_attention,16.0,0.25,0.0005,8.0,2.0,32.0,2025-12-01T18:39:05.340783,0.9209271669387817,100,False,-0.014845,0.352029,0.199853,0.076593,265.0,3.0,262.0,1.1320754716981132,98.86792452830188,tft-epoch=epoch=99-predstd=val_pred_std=0.0420,99.0,5.190926551818848,2.278360605239868,1.7321584224700928,0.0031145215034484863,0.5622641509433962,0.8705078528456646,-0.24823009967803955,0.9304912090301514,262.0,0.5648854961832062,0.9866666666666667,0.7184466019417477,0.5335072463768116,-0.08697080612182617,0.5584905660377358,4.150943396226415,3.7735849056603774,82.64150943396227,4.528301886792453,4.905660377358491,11.0,10.0,219.0,12.0,13.0,True,True,True,True,95.84905660377358,3.0,262.0,0.011320754716981131,0.9886792452830189,True,False,standard,,,,,,,,,0.5957713973202078
enc8_gs100_vix25,07b_regime_attention_sweep,16.0,0.25,0.0005,8.0,2.0,32.0,2025-12-03T06:13:09.417474,0.9209271669387817,100,False,-0.014845,0.352029,0.199853,0.076593,265.0,3.0,262.0,1.1320754716981132,98.86792452830188,tft-epoch=epoch=99-predstd=val_pred_std=0.0420,99.0,5.190926551818848,2.278360605239868,1.7321584224700928,0.0031145215034484863,0.5622641509433962,0.8705078528456646,-0.24823009967803955,0.9304912090301514,262.0,0.5648854961832062,0.9866666666666667,0.7184466019417477,0.5335072463768116,-0.08697080612182617,0.5584905660377358,4.150943396226415,3.7735849056603774,82.64150943396227,4.528301886792453,4.905660377358491,11.0,10.0,219.0,12.0,13.0,True,True,True,True,95.84905660377358,3.0,262.0,0.011320754716981131,0.9886792452830189,True,False,standard,,,,,,,,,0.5957713973202078
enc8_gs200_vix25,07b_regime_attention_sweep,16.0,0.25,0.0005,8.0,2.0,32.0,2025-12-03T06:25:27.330111,0.917973518371582,100,False,0.009228,0.444444,0.193143,0.088122,265.0,0.0,265.0,0.0,100.0,tft-epoch=epoch=91-predstd=val_pred_std=0.0600,91.0,5.1680450439453125,2.2733335494995117,1.7313562631607056,0.007508814334869385,0.5660377358490566,0.9203434216266334,-0.24823009967803955,1.0174620151519775,265.0,0.5660377358490566,1.0,0.7228915662650602,0.5482898550724639,0.0,0.5660377358490566,1.8867924528301887,0.37735849056603776,92.83018867924528,2.2641509433962264,2.6415094339622645,5.0,1.0,246.0,6.0,7.0,True,True,True,True,98.11320754716982,0.0,265.0,0.0,1.0,True,True,standard,"No diverse checkpoints (num_negative > 0), using 4 filtered",,,,,,,,0.6143275909215204
enc8_gs500_vix25,07b_regime_attention_sweep,16.0,0.25,0.0005,8.0,2.0,32.0,2025-12-03T06:36:33.579324,0.9210271835327148,100,False,0.044109,0.311281,0.183513,0.057512,265.0,0.0,265.0,0.0,100.0,tft-epoch=epoch=99-predstd=val_pred_std=0.0430,99.0,5.1973419189453125,2.2797679901123047,1.7353622913360596,0.0018824934959411621,0.5660377358490566,0.9203434216266334,-0.24823009967803955,1.0174620151519775,265.0,0.5660377358490566,1.0,0.7228915662650602,0.5339710144927536,0.0,0.5660377358490566,2.2641509433962264,0.0,87.9245283018868,4.905660377358491,4.905660377358491,6.0,0.0,233.0,13.0,13.0,True,True,False,True,97.73584905660377,0.0,265.0,0.0,1.0,True,True,standard,"No diverse checkpoints (num_negative > 0), using 3 filtered",,,,,,,,0.6000087503418102
rolling_enc8_gs100_vix25,07b_regime_attention_sweep,16.0,0.25,0.0005,8.0,2.0,32.0,,N/A (rolling),N/A (rolling),N/A (rolling),,,,0.038208423596289426,,0.0,,0.0,100.0,varies_by_fold,23.77777777777778,5.566331194506751,2.1683496634165444,1.6271547277768452,-0.014634218480851915,0.5889376218323588,1.1172297058000487,-0.12781126548846564,0.1346040235625373,,,,,0.4892140537539426,0.0,,9.092174881648566,0.7936507936507936,34.704817599554445,38.833194096351995,16.576162628794208,,,,,,True,True,True,True,90.90782511835144,,,,,True,True,rolling,,9.0,0.06788773859670935,1.112380031852839,0.5770570822610648,2016-2024,0.0,99.0,0.5781516755863014
rolling_enc8_gs200_vix25,07b_regime_attention_sweep,16.0,0.25,0.0005,8.0,2.0,32.0,,N/A (rolling),N/A (rolling),N/A (rolling),,,,0.037088163300520845,,0.0,,0.0,100.0,varies_by_fold,23.77777777777778,5.5661460691028175,2.1682821843359203,1.6268537243207295,-0.014536215199364556,0.5889376218323588,1.1172297058000487,-0.12781126548846564,0.1346040235625373,,,,,0.4901629514101884,0.0,,9.092174881648566,0.7936507936507936,34.704817599554445,38.833194096351995,16.576162628794208,,,,,,True,True,True,True,90.90782511835144,,,,,True,True,rolling,,9.0,0.06788773859670935,1.112380031852839,0.5770570822610648,2016-2024,0.0,99.0,0.5791005732425472
rolling_enc8_gs500_vix25,07b_regime_attention_sweep,16.0,0.25,0.0005,8.0,2.0,32.0,,N/A (rolling),N/A (rolling),N/A (rolling),,,,0.07162482508768638,,0.0,,0.0,100.0,varies_by_fold,34.44444444444444,5.594201683998108,2.175587018330892,1.6291621327400208,-0.022398743364546034,0.5889376218323588,1.1172297058000487,-0.12781126548846564,0.1346040235625373,,,,,0.5022347292042997,0.0,,8.893762183235868,0.7936507936507936,42.44291283764968,31.49540517961571,16.374269005847953,,,,,,True,True,True,True,91.10623781676414,,,,,True,True,rolling,,9.0,0.06788773859670935,1.112380031852839,0.0651221349689149,2016-2024,0.0,99.0,0.5911723510366584
rolling_vix20_enc12_gs100,07b_regime_attention_sweep,16.0,0.15,0.0005,12.0,2.0,16.0,,N/A (rolling),N/A (rolling),N/A (rolling),,,,0.055944904788500734,,0.0,,0.0,100.0,varies_by_fold,23.22222222222222,5.626599027050866,2.1455977492862277,1.6342205868826971,-0.017616497145758733,0.5893404289630705,1.2985290817987178,-0.12207263480457994,0.13814866542816162,,,,,0.47522311323083105,0.0,,9.57506853733269,1.0643444605708756,28.422835026608613,45.80712788259958,15.130624092888244,,,,,,True,True,True,True,90.4249314626673,,,,,True,True,rolling,,9.0,0.07743441427900645,1.27242447905971,0.07542447562437425,2016-2024,0.0,99.0,0.5645635421939015
rolling_vix25_enc12_gs100,07b_regime_attention_sweep,16.0,0.15,0.0005,12.0,2.0,16.0,,N/A (rolling),N/A (rolling),N/A (rolling),,,,0.05184573017888599,,0.0,,0.0,100.0,varies_by_fold,23.22222222222222,5.625505129496257,2.145262360572815,1.633063601122962,-0.01720623837576972,0.5893404289630705,1.2985290817987178,-0.12207263480457994,0.13814866542816162,,,,,0.474867079336678,0.0,,9.57506853733269,1.0643444605708756,28.422835026608613,45.80712788259958,15.130624092888244,,,,,,True,True,True,True,90.4249314626673,,,,,True,True,rolling,,9.0,0.07743441427900645,1.27242447905971,0.07542447562437425,2016-2024,0.0,99.0,0.5642075082997484
rolling_vix30_enc12_gs100,07b_regime_attention_sweep,16.0,0.15,0.0005,12.0,2.0,16.0,,N/A (rolling),N/A (rolling),N/A (rolling),,,,0.09428137489077118,,0.0,,0.0,100.0,varies_by_fold,31.88888888888889,5.624999377462599,2.1451362570126853,1.6265638007058039,-0.017079128159417048,0.5893404289630705,1.2985290817987178,-0.12207263480457994,0.13814866542816162,,,,,0.48648822500387634,0.0,,9.57506853733269,1.0643444605708756,38.25189485566844,37.04644412191581,14.062248024512176,,,,,,True,True,True,True,90.4249314626673,,,,,True,True,rolling,,9.0,0.07743441427900645,1.27242447905971,0.07542447562437425,2016-2024,0.0,99.0,0.5758286539669468
vix20_enc12_gs100,07b_regime_attention_sweep,16.0,0.15,0.0005,12.0,2.0,16.0,2025-12-03T01:47:19.592160,0.9232980608940125,100,False,-0.062171,0.467618,0.230813,0.122605,261.0,18.0,243.0,6.896551724137931,93.10344827586206,tft-epoch=epoch=98-predstd=val_pred_std=0.0849,98.0,5.16485595703125,2.272631883621216,1.7243766784667969,0.011719167232513428,0.5593869731800766,0.8087948781162532,-0.2482302188873291,0.7993826866149902,243.0,0.5679012345679012,0.9324324324324325,0.7058823529411764,0.5337837837837838,-0.13907253742218018,0.5287356321839081,8.812260536398467,2.681992337164751,70.49808429118774,3.8314176245210727,14.17624521072797,23.0,7.0,184.0,10.0,37.0,True,True,True,True,91.18773946360153,18.0,243.0,0.06896551724137931,0.9310344827586207,True,False,standard,,,,,,,,,0.5931707569638603
vix25_enc12_gs100,07b_regime_attention_sweep,16.0,0.15,0.0005,12.0,2.0,16.0,2025-12-03T02:06:39.840964,0.922404408454895,100,False,-0.162215,0.380104,0.182446,0.15357,261.0,50.0,211.0,19.157088122605366,80.84291187739464,tft-epoch=epoch=98-predstd=val_pred_std=0.0815,98.0,5.176143169403076,2.275113821029663,1.724463701248169,0.009559333324432373,0.5900383141762452,1.2047088395462118,-0.1701737344264984,1.2939231395721436,211.0,0.5971563981042654,0.8513513513513513,0.7019498607242339,0.5452642908395121,0.35546791553497314,0.4827586206896552,32.56704980842912,3.065134099616858,46.74329501915709,6.130268199233716,11.494252873563218,85.0,8.0,122.0,16.0,30.0,True,True,True,True,67.43295019157088,50.0,211.0,0.19157088122605365,0.8084291187739464,True,False,standard,,,,,,,,,0.6353026050157573
vix30_enc12_gs100,07b_regime_attention_sweep,16.0,0.15,0.0005,12.0,2.0,16.0,2025-12-03T02:26:10.451367,0.924201250076294,100,False,-0.054561,0.460193,0.242501,0.116884,261.0,15.0,246.0,5.747126436781609,94.25287356321839,tft-epoch=epoch=98-predstd=val_pred_std=0.0724,98.0,5.170626163482666,2.2739009857177734,1.7244970798492432,0.010614991188049316,0.5632183908045977,0.8267627118066304,-0.2482302188873291,0.8266369104385376,246.0,0.5691056910569106,0.9459459459459459,0.7106598984771574,0.5385673283903373,-0.11181831359863281,0.5363984674329502,8.42911877394636,3.065134099616858,66.28352490421456,3.8314176245210727,18.39080459770115,22.0,8.0,173.0,10.0,48.0,True,True,True,True,91.57088122605363,15.0,246.0,0.05747126436781609,0.9425287356321839,True,False,standard,,,,,,,,,0.601785719194935
q1_h1,09_quantile_horizon_prelim,16.0,0.15,0.0005,12.0,2.0,16.0,2025-12-04T00:01:00.514217,1.5674657821655273,30,False,0.277178,0.458265,0.369683,0.047097,261.0,0.0,261.0,0.0,100.0,tft-epoch=epoch=25-valloss=val_loss=1.5677,25.0,5.219106674194336,2.284536361694336,1.7234416007995605,0.001338362693786621,0.5670498084291188,0.883413376766828,-0.2482302188873291,0.9384552240371704,261.0,0.5670498084291188,1.0,0.723716381418093,0.5325281033245635,0.0,0.5670498084291188,1.9157088122605364,0.38314176245210724,18.773946360153257,63.601532567049816,15.32567049808429,5.0,1.0,49.0,166.0,40.0,True,True,True,True,98.08429118773947,0.0,261.0,0.0,1.0,True,True,standard,"No checkpoints >= epoch 80, using all 11; No diverse checkpoints (num_negative > 0), using 11 filtered",,,,,,,,0.5995779117536822
q3_h1,09_quantile_horizon_prelim,16.0,0.15,0.0005,12.0,2.0,16.0,2025-12-03T23:55:16.827547,1.0740978717803955,28,True,-0.562719,-0.424148,-0.470785,0.035544,261.0,261.0,0.0,100.0,0.0,tft-epoch=epoch=00-unique=val_num_unique=260,0.0,5.802229404449463,2.4087817668914795,1.8688594102859497,-0.11024045944213867,0.4329501915708812,0.0,0.0,0.0,0.0,0.0,0.0,0.0,0.49898349677110737,-0.9384552240371704,0.0,1.9157088122605364,0.38314176245210724,27.586206896551722,37.16475095785441,32.95019157088122,5.0,1.0,72.0,97.0,86.0,True,True,True,True,98.08429118773947,261.0,0.0,1.0,0.0,True,True,standard,"No checkpoints >= epoch 80, using all 12",,,,,,,,0.4319336883419886
q3_h1_daily,09_quantile_horizon_prelim,16.0,0.1,0.0005,20.0,2.0,64.0,2025-12-04T00:18:16.460182,0.4839293360710144,30,False,-0.083093,0.157192,0.041268,0.042788,1282.0,230.0,1052.0,17.94071762870515,82.05928237129484,tft-epoch=epoch=29-valloss=val_loss=0.4852,29.0,1.1704599857330322,1.0818779468536377,0.7715398073196411,0.0038513541221618652,0.5421216848673946,0.9407543759181042,-0.1829438954591751,0.996120810508728,1052.0,0.5484790874524715,0.8374455732946299,0.6628374497415279,0.513411180756626,0.0648651123046875,0.4500780031201248,46.957878315132604,8.11232449297972,37.5195007800312,3.0421216848673946,4.368174726989079,602.0,104.0,481.0,39.0,56.0,True,True,True,True,53.042121684867396,230.0,1052.0,0.1794071762870515,0.8205928237129485,True,True,standard,"No checkpoints >= epoch 80, using all 12",,,,,,,,0.5555328656240206
q3_h3,09_quantile_horizon_prelim,16.0,0.15,0.0005,12.0,2.0,16.0,2025-12-04T00:06:46.329689,1.0849360227584839,26,True,,,,,,0.0,259.0,0.0,100.0,tft-epoch=epoch=22-predstd=val_pred_std=0.1088,22.0,5.300565719604492,2.302295684814453,1.7548915147781372,-0.006962418556213379,0.5637065637065637,0.8694387949745734,-0.2482302188873291,0.9106794595718384,259.0,0.5637065637065637,1.0,0.7209876543209877,0.4486604436901443,0.0,0.5637065637065637,2.3166023166023164,0.0,86.87258687258688,6.177606177606178,4.633204633204633,6.0,0.0,225.0,16.0,12.0,True,True,False,True,97.68339768339769,0.0,259.0,0.0,1.0,True,True,standard,"No checkpoints >= epoch 80, using all 12; No diverse checkpoints (num_negative > 0), using 12 filtered",,,,,,,,0.5123670073967079
q3_h5,09_quantile_horizon_prelim,16.0,0.15,0.0005,12.0,2.0,16.0,2025-12-04T00:12:12.729416,1.0815547704696655,30,False,,,,,,33.0,224.0,12.840466926070038,87.15953307392996,tft-epoch=epoch=27-predstd=val_pred_std=0.1356,27.0,5.32495641708374,2.307586669921875,1.7558239698410034,-0.004688739776611328,0.5447470817120622,0.6441946198192058,-0.2338857203722,0.5527733564376831,224.0,0.5625,0.8689655172413793,0.6829268292682927,0.49852216748768474,-0.34082019329071045,0.490272373540856,15.953307392996107,10.505836575875486,50.97276264591439,7.782101167315175,14.785992217898833,41.0,27.0,131.0,20.0,38.0,True,True,True,True,84.04669260700389,33.0,224.0,0.12840466926070038,0.8715953307392996,True,False,standard,"No checkpoints >= epoch 80, using all 12",,,,,,,,0.543269249199747
q7_h3_daily,09_quantile_horizon_prelim,16.0,0.1,0.0005,20.0,2.0,64.0,2025-12-04T00:28:12.336378,0.4082674980163574,30,False,,,,,,305.0,975.0,23.828125,76.171875,tft-epoch=epoch=29-unique=val_num_unique=1271,29.0,1.1739753484725952,1.0835014581680298,0.7729782462120056,0.002353847026824951,0.5453125,1.049771110180434,-0.18028953671455383,1.015174150466919,975.0,0.5538461538461539,0.7860262008733624,0.6498194945848377,0.5131384836680242,0.09106147289276123,0.421875,44.765625,17.421875,35.46875,2.34375,0.0,573.0,223.0,454.0,30.0,0.0,True,False,True,True,55.234375,305.0,975.0,0.23828125,0.76171875,True,False,standard,"No checkpoints >= epoch 80, using all 11",,,,,,,,0.5584509836680241
daily_3q_h1_s123,10_quantile_horizon_sweep,16.0,0.1,0.0005,20.0,2.0,64.0,2025-12-04T04:30:40.312977,0.46891695261001587,55,True,-0.013497,0.147232,0.039165,0.03811,1281.0,58.0,1224.0,4.5241809672386895,95.47581903276131,tft-epoch=epoch=08-composite=val_composite=0.4301,8.0,1.1761445999145508,1.0845019817352295,0.7741003036499023,-0.0009866952896118164,0.531201248049922,0.7709222974613775,-0.25245949625968933,0.7791191339492798,1224.0,0.5359477124183006,0.9521044992743106,0.6858337689492943,0.4715231155938783,-0.15213656425476074,0.5117004680187207,24.882995319812792,12.870514820592824,57.72230889235569,0.39001560062402496,4.134165366614664,319.0,165.0,740.0,5.0,53.0,True,True,True,True,75.11700468018721,58.0,1224.0,0.0452418096723869,0.9547581903276131,True,True,standard,"No checkpoints >= epoch 80, using all 15",,,,,,,,0.5027243636438002
daily_3q_h1_s42,10_quantile_horizon_sweep,16.0,0.1,0.0005,20.0,2.0,64.0,2025-12-04T04:01:04.154069,0.46588826179504395,100,False,-0.174413,0.23842,0.008433,0.069244,1282.0,530.0,752.0,41.34165366614664,58.65834633385336,tft-epoch=epoch=99-unique=val_num_unique=1277,99.0,1.1758188009262085,1.0843517780303955,0.776455819606781,-0.0007094144821166992,0.5031201248049922,0.5578508497941451,-0.15962544083595276,0.4305945634841919,752.0,0.5345744680851063,0.5834542815674891,0.5579458709229702,0.49478800813555335,-0.5006611347198486,0.31357254290171604,74.18096723868955,20.358814352574104,5.46021840873635,0.0,0.0,951.0,261.0,70.0,0.0,0.0,False,False,True,True,25.819032761310453,530.0,752.0,0.41341653666146644,0.5865834633385335,True,False,standard,,,,,,,,,0.4979081329405456
daily_3q_h1_s456,10_quantile_horizon_sweep,16.0,0.1,0.0005,20.0,2.0,64.0,2025-12-04T04:47:16.384928,0.46680691838264465,53,True,-0.036908,0.302285,0.072034,0.065292,1282.0,151.0,1131.0,11.778471138845553,88.22152886115444,tft-epoch=epoch=36-predstd=val_pred_std=0.0673,36.0,1.1730289459228516,1.0830645561218262,0.7735786437988281,0.0016649365425109863,0.514820592823713,0.7212928634916825,-0.24135521054267883,0.7297346591949463,1131.0,0.5296198054818745,0.8693759071117562,0.6582417582417583,0.48679441084544656,-0.20152103900909424,0.4672386895475819,51.6380655226209,4.6021840873634945,43.7597503900156,0.0,0.0,662.0,59.0,561.0,0.0,0.0,False,False,True,True,48.361934477379094,151.0,1131.0,0.11778471138845553,0.8822152886115444,True,False,standard,"No checkpoints >= epoch 80, using all 17",,,,,,,,0.5016150036691596
daily_3q_h20_s123,10_quantile_horizon_sweep,16.0,0.1,0.0005,20.0,2.0,64.0,2025-12-10T23:03:43.638682,0.4940594732761383,100,False,,,,,,543.0,720.0,42.99287410926366,57.00712589073634,tft-epoch=epoch=82-unique=val_num_unique=1251,82.0,1.2016241550445557,1.0961861610412598,0.784737765789032,-0.009435176849365234,0.5281076801266825,0.9572327653952577,-0.17167067527770996,0.6654179096221924,720.0,0.5555555555555556,0.591715976331361,0.5730659025787965,0.5223203935364857,-0.20060443878173828,0.3167062549485352,28.028503562945367,17.81472684085511,50.43547110055424,0.3167062549485352,3.4045922406967537,354.0,225.0,637.0,4.0,43.0,True,True,True,True,71.97149643705464,543.0,720.0,0.42992874109263657,0.5700712589073634,True,False,standard,,,,,,,,,0.5504280736631683
daily_3q_h20_s42,10_quantile_horizon_sweep,16.0,0.1,0.0005,20.0,2.0,64.0,2025-12-10T22:34:08.379226,0.4989151358604431,100,False,,,,,,64.0,1199.0,5.067300079176563,94.93269992082344,tft-epoch=epoch=97-valloss=val_loss=0.4989,97.0,1.1879167556762695,1.0899159908294678,0.7788909673690796,0.0020798444747924805,0.5368171021377672,1.0095662455554475,-0.22365355491638184,1.1622860431671143,1199.0,0.5379482902418682,0.9541420118343196,0.688,0.4966117456125319,0.2962636947631836,0.5106888361045131,31.512272367379257,3.246239113222486,51.93982581155978,8.471892319873318,4.829770387965162,398.0,41.0,656.0,107.0,61.0,True,True,True,True,68.48772763262075,64.0,1199.0,0.050673000791765635,0.9493269992082344,True,False,standard,,,,,,,,,0.5334288477502991
daily_3q_h30_s123,10_quantile_horizon_sweep,16.0,0.1,0.0005,20.0,2.0,64.0,2025-12-11T00:02:40.458465,0.49801257252693176,100,False,,,,,,31.0,1222.0,2.4740622505985637,97.52593774940144,tft-epoch=epoch=22-composite=val_composite=0.4284,22.0,1.207209587097168,1.0987309217453003,0.783740222454071,-0.007635354995727539,0.5283320031923384,0.698915602424465,-0.252459853887558,0.6894497871398926,1222.0,0.5319148936170213,0.9715994020926756,0.6874669487043893,0.46710741855560334,-0.15557336807250977,0.518754988028731,12.609736632083003,9.896249002394255,73.18435754189943,1.4365522745411012,2.8731045490822025,158.0,124.0,917.0,18.0,36.0,True,True,True,True,87.39026336791699,31.0,1222.0,0.024740622505985636,0.9752593774940144,True,False,standard,"No checkpoints >= epoch 80, using all 18",,,,,,,,0.49543942174794176
daily_3q_h30_s42,10_quantile_horizon_sweep,16.0,0.1,0.0005,20.0,2.0,64.0,2025-12-10T23:33:21.488984,0.5025405287742615,100,False,,,,,,0.0,1253.0,0.0,100.0,tft-epoch=epoch=97-composite=val_composite=0.4228,97.0,1.2000470161437988,1.0954666137695312,0.7821957468986511,-0.0016568899154663086,0.5339185953711093,0.7959332315104144,-0.2524595558643341,0.8450231552124023,1253.0,0.5339185953711093,1.0,0.696149843912591,0.4746401294100784,0.0,0.5339185953711093,2.314445331205108,0.07980845969672785,80.68635275339186,7.661612130885874,9.257781324820431,29.0,1.0,1011.0,96.0,116.0,True,True,True,True,97.68555466879488,0.0,1253.0,0.0,1.0,True,True,standard,"No diverse checkpoints (num_negative > 0), using 4 filtered",,,,,,,,0.5085587247811877
daily_3q_h3_s123,10_quantile_horizon_sweep,16.0,0.1,0.0005,20.0,2.0,64.0,2025-12-04T05:23:02.832860,0.4714839458465576,45,True,,,,,,1.0,1279.0,0.078125,99.921875,tft-epoch=epoch=07-composite=val_composite=0.4242,7.0,1.178260087966919,1.0854768753051758,0.7738273739814758,-0.0012873411178588867,0.5375,0.8407205747631813,-0.2484138458967209,0.9345266819000244,1279.0,0.5371383893666928,1.0,0.6988809766022381,0.47594080379782566,0.0104140043258667,0.53671875,2.34375,0.0,92.5,3.5937499999999996,1.5625,30.0,0.0,1184.0,46.0,20.0,True,True,False,True,97.65625,1.0,1279.0,0.00078125,0.99921875,True,False,standard,"No checkpoints >= epoch 80, using all 17",,,,,,,,0.5134408037978256
daily_3q_h3_s42,10_quantile_horizon_sweep,16.0,0.1,0.0005,20.0,2.0,64.0,2025-12-04T05:04:02.001816,0.4710129201412201,64,True,,,,,,270.0,1010.0,21.09375,78.90625,tft-epoch=epoch=63-predstd=val_pred_std=0.0730,63.0,1.1735728979110718,1.0833157300949097,0.7739396691322327,0.002695798873901367,0.53359375,0.8478811965887927,-0.17987912893295288,0.8466628789901733,1010.0,0.5445544554455446,0.8005822416302766,0.648202710665881,0.49750730870343235,-0.07744979858398438,0.4296875,52.03124999999999,10.546875,37.421875,0.0,0.0,666.0,135.0,479.0,0.0,0.0,False,False,True,True,47.96875,270.0,1010.0,0.2109375,0.7890625,True,False,standard,"No checkpoints >= epoch 80, using all 18",,,,,,,,0.5311010587034324
daily_3q_h3_s456,10_quantile_horizon_sweep,16.0,0.1,0.0005,20.0,2.0,64.0,2025-12-04T05:36:54.542489,0.47153836488723755,37,True,,,,,,19.0,1261.0,1.484375,98.515625,tft-epoch=epoch=24-diracc=val_dir_acc=0.5484,24.0,1.1775680780410767,1.085158109664917,0.7740668654441833,-0.0006992816925048828,0.53125,0.8041024965689417,-0.25245988368988037,0.873024582862854,1261.0,0.5344964314036479,0.9810771470160117,0.6919917864476386,0.482322879003218,-0.05108809471130371,0.5265625,12.968750000000002,2.03125,85.0,0.0,0.0,166.0,26.0,1088.0,0.0,0.0,False,False,True,True,87.03125,19.0,1261.0,0.01484375,0.98515625,True,False,standard,"No checkpoints >= epoch 80, using all 18",,,,,,,,0.513572879003218
daily_3q_h5_s123,10_quantile_horizon_sweep,16.0,0.1,0.0005,20.0,2.0,64.0,2025-12-04T06:12:46.241666,0.4761386513710022,41,True,,,,,,11.0,1267.0,0.8607198748043818,99.13928012519561,tft-epoch=epoch=05-diracc=val_dir_acc=0.5477,5.0,1.1835172176361084,1.0878957509994507,0.7763418555259705,-0.004236817359924316,0.5352112676056338,0.7292315528017848,-0.2837146818637848,0.7196712493896484,1267.0,0.5359116022099447,0.9912408759124087,0.6956967213114754,0.47255449834443203,-0.19673669338226318,0.5312989045383412,8.607198748043817,3.4428794992175273,78.56025039123631,4.929577464788732,4.460093896713615,110.0,44.0,1004.0,63.0,57.0,True,True,True,True,91.39280125195619,11.0,1267.0,0.008607198748043818,0.9913928012519562,True,False,standard,"No checkpoints >= epoch 80, using all 18",,,,,,,,0.5077657659500658
daily_3q_h5_s42,10_quantile_horizon_sweep,16.0,0.1,0.0005,20.0,2.0,64.0,2025-12-04T05:48:29.065738,0.47515395283699036,83,True,,,,,,424.0,854.0,33.17683881064163,66.82316118935837,tft-epoch=epoch=82-predstd=val_pred_std=0.0608,82.0,1.179043173789978,1.0858376026153564,0.7771956324577332,-0.00044035911560058594,0.5109546165884195,0.6456970165380174,-0.16475223004817963,0.5356496572494507,854.0,0.5351288056206089,0.6671532846715329,0.5938921377517868,0.5030735712263512,-0.38075828552246094,0.35758998435054773,33.17683881064163,24.178403755868544,42.64475743348983,0.0,0.0,424.0,309.0,545.0,0.0,0.0,False,False,True,True,66.82316118935837,424.0,854.0,0.3317683881064163,0.6682316118935837,True,False,standard,,,,,,,,,0.5140281878147707
daily_3q_h5_s456,10_quantile_horizon_sweep,16.0,0.1,0.0005,20.0,2.0,64.0,2025-12-04T06:25:48.153501,0.47526952624320984,33,True,,,,,,48.0,1230.0,3.755868544600939,96.24413145539906,tft-epoch=epoch=32-predstd=val_pred_std=0.0409,32.0,1.175745964050293,1.0843181610107422,0.7730934619903564,0.0023572444915771484,0.5359937402190923,0.8044472661543017,-0.25031158328056335,0.8573439121246338,1230.0,0.5373983739837398,0.964963503649635,0.6903394255874673,0.5159562289976736,-0.05906403064727783,0.5172143974960877,19.640062597809077,6.338028169014084,74.02190923317684,0.0,0.0,251.0,81.0,946.0,0.0,0.0,False,False,True,True,80.35993740219092,48.0,1230.0,0.03755868544600939,0.9624413145539906,True,False,standard,"No checkpoints >= epoch 80, using all 14",,,,,,,,0.5519499692167659
daily_5q_h30_s123,10_quantile_horizon_sweep,16.0,0.1,0.0005,20.0,2.0,64.0,2025-12-11T11:25:14.965431,0.5419852137565613,100,False,,,,,,403.0,850.0,32.162809257781326,67.83719074221867,tft-epoch=epoch=55-unique=val_num_unique=1243,55.0,1.2088465690612793,1.099475622177124,0.7887027263641357,-0.009001731872558594,0.5091779728651237,0.5661562485723121,-0.18292996287345886,0.41365325450897217,850.0,0.5317647058823529,0.6756352765321375,0.5951283739302172,0.5126671376210661,-0.4313699007034302,0.3607342378292099,27.055067837190744,23.144453312051077,45.490822027134875,0.7980845969672785,3.5115722266560256,339.0,290.0,570.0,10.0,44.0,True,True,True,True,72.94493216280927,403.0,850.0,0.3216280925778133,0.6783719074221868,True,False,standard,"No checkpoints >= epoch 80, using all 16",,,,,,,,0.5218451104861898
daily_5q_h30_s42,10_quantile_horizon_sweep,16.0,0.1,0.0005,20.0,2.0,64.0,2025-12-11T10:55:33.147373,0.5464326739311218,100,False,,,,,,295.0,958.0,23.543495610534716,76.45650438946528,tft-epoch=epoch=91-predstd=val_pred_std=0.0353,91.0,1.199751615524292,1.0953317880630493,0.7785614728927612,-0.001410365104675293,0.5522745411013568,1.0584680560297275,-0.19797232747077942,0.9453291893005371,958.0,0.5563674321503131,0.796711509715994,0.6551936078672403,0.5351782460020067,0.10030603408813477,0.42537909018355946,22.3463687150838,12.529928172386274,45.88986432561852,17.956903431763767,1.2769353551476457,280.0,157.0,575.0,225.0,16.0,True,True,True,True,77.6536312849162,295.0,958.0,0.23543495610534718,0.7645650438946529,True,False,standard,,,,,,,,,0.5874527871033635
daily_7q_cumret10_s123,10_quantile_horizon_sweep,16.0,0.1,0.0005,20.0,2.0,64.0,2025-12-11T17:16:34.022894,1.226011872291565,100,False,-2.517587,2.349461,-0.585452,1.625976,1250.0,669.0,583.0,53.43450479233227,46.56549520766773,tft-epoch=epoch=98-predstd=val_pred_std=0.4609,98.0,12.448099136352539,3.528186321258545,2.7468934059143066,-0.28565728664398193,0.5399361022364217,3.309106286388987,-0.5111775398254395,73.99901580810547,583.0,0.6826758147512865,0.5044359949302915,0.5801749271137026,0.5841100772774679,-332.9094543457031,0.31789137380191695,26.038338658146966,27.3961661341853,46.325878594249204,0.23961661341853036,0.0,326.0,343.0,580.0,3.0,0.0,True,False,True,True,73.96166134185303,669.0,583.0,0.5343450479233227,0.46565495207667734,True,False,standard,,,,,,,,,0.6240461795138896
daily_7q_cumret10_s42,10_quantile_horizon_sweep,16.0,0.1,0.0005,20.0,2.0,64.0,2025-12-11T15:16:26.384698,1.2259901762008667,100,False,-2.763701,2.153737,0.455048,1.181756,1252.0,378.0,874.0,30.191693290734822,69.80830670926518,tft-epoch=epoch=88-predstd=val_pred_std=0.5229,88.0,10.701108932495117,3.2712550163269043,2.4981307983398438,-0.10522568225860596,0.5583067092651757,2.6403689630562983,-0.7593437433242798,124.63005828857422,874.0,0.6350114416475973,0.7034220532319392,0.6674684305472038,0.513173851034883,-282.2784118652344,0.44329073482428116,38.4185303514377,17.6517571884984,43.9297124600639,0.0,0.0,481.0,221.0,550.0,0.0,0.0,False,False,True,True,61.5814696485623,378.0,874.0,0.3019169329073482,0.6980830670926518,True,False,standard,,,,,,,,,0.5714805603000587
daily_7q_cumret20_s42,10_quantile_horizon_sweep,16.0,0.1,0.0005,20.0,2.0,64.0,2025-12-11T16:18:32.108454,1.7649774551391602,100,False,-3.912921,4.984748,0.669852,2.020341,1252.0,335.0,917.0,26.757188498402556,73.24281150159744,tft-epoch=epoch=99-predstd=val_pred_std=0.8520,99.0,19.577211380004883,4.424614429473877,3.4716501235961914,-0.10597264766693115,0.6437699680511182,4.62641753034007,-0.9207138419151306,176902.265625,917.0,0.7131952017448201,0.7813620071684588,0.7457240592930444,0.6090138331102186,-27089.046875,0.5223642172523961,25.878594249201274,6.6293929712460065,67.49201277955271,0.0,0.0,324.0,83.0,845.0,0.0,0.0,False,False,True,True,74.12140575079871,335.0,917.0,0.26757188498402557,0.7324281150159745,True,False,standard,,,,,,,,,0.7527838011613368
daily_7q_cumret30_s42,10_quantile_horizon_sweep,16.0,0.1,0.0005,20.0,2.0,64.0,2025-12-11T16:47:21.250017,2.141889810562134,100,False,-5.083696,7.028144,3.343791,2.463945,1252.0,28.0,1224.0,2.2364217252396164,97.76357827476038,tft-epoch=epoch=94-predstd=val_pred_std=2.1205,94.0,38.597774505615234,6.212710857391357,4.586019992828369,-0.523231029510498,0.6741214057507987,4.88706712164983,-0.9989336729049683,29589956.0,1224.0,0.6821895424836601,0.977751756440281,0.8036573628488932,0.39520788956492064,-127923680.0,0.6669329073482428,5.271565495207668,3.913738019169329,90.814696485623,0.0,0.0,66.0,49.0,1137.0,0.0,0.0,False,False,True,True,94.72843450479233,28.0,1224.0,0.022364217252396165,0.9776357827476039,True,False,standard,,,,,,,,,0.5693292953157194
daily_7q_cumret5_s42,10_quantile_horizon_sweep,16.0,0.1,0.0005,20.0,2.0,64.0,2025-12-11T15:49:06.632846,0.8482927083969116,100,False,-1.170493,1.079503,0.391604,0.549932,1252.0,250.0,1002.0,19.968051118210862,80.03194888178913,tft-epoch=epoch=95-valloss=val_loss=0.8484,95.0,5.665262222290039,2.380181074142456,1.7740014791488647,-0.06033456325531006,0.5519169329073482,1.6514696139115022,-0.7477501034736633,10.136434555053711,1002.0,0.590818363273453,0.7967698519515478,0.6785100286532951,0.47890593806767556,-10.335887908935547,0.4728434504792332,30.191693290734822,8.146964856230031,61.66134185303515,0.0,0.0,378.0,102.0,772.0,0.0,0.0,False,False,True,True,69.80830670926518,250.0,1002.0,0.19968051118210864,0.8003194888178914,True,False,standard,,,,,,,,,0.5308228709750238
daily_7q_h10_s123,10_quantile_horizon_sweep,16.0,0.1,0.0005,20.0,2.0,64.0,2025-12-10T18:21:30.855515,0.4152042269706726,100,False,,,,,,347.0,926.0,27.258444619010213,72.74155538098978,tft-epoch=epoch=04-predstd=val_pred_std=0.0923,4.0,1.1936064958572388,1.0925229787826538,0.7804580926895142,-0.009424328804016113,0.5113904163393559,0.7698329320185102,-0.25245991349220276,0.7578390836715698,926.0,0.5323974082073434,0.7228739002932552,0.6131840796019901,0.48494276314810125,-0.14953172206878662,0.38727415553809896,33.85703063629222,8.64100549882168,43.91201885310291,8.40534171249018,5.184603299293008,431.0,110.0,559.0,107.0,66.0,True,True,True,True,66.14296936370778,347.0,926.0,0.27258444619010214,0.7274155538098979,True,False,standard,"No checkpoints >= epoch 80, using all 16",,,,,,,,0.49633317948745714
daily_7q_h10_s42,10_quantile_horizon_sweep,16.0,0.1,0.0005,20.0,2.0,64.0,2025-12-10T17:51:56.138878,0.41599515080451965,100,False,,,,,,451.0,822.0,35.4281225451689,64.57187745483111,tft-epoch=epoch=97-predstd=val_pred_std=0.0349,97.0,1.181100606918335,1.0867844820022583,0.7733091115951538,0.001151740550994873,0.5396700706991359,1.1232183861949399,-0.15453530848026276,0.9997928142547607,822.0,0.5583941605839416,0.6730205278592375,0.6103723404255319,0.5357562856334758,0.0924220085144043,0.3605655930871956,40.769835035349566,20.267085624509036,28.908091123330713,10.054988216810685,0.0,519.0,258.0,368.0,128.0,0.0,True,False,True,True,59.230164964650434,451.0,822.0,0.35428122545168894,0.6457187745483111,True,False,standard,,,,,,,,,0.5754263563326116
daily_7q_h10_s456,10_quantile_horizon_sweep,16.0,0.1,0.0005,20.0,2.0,64.0,2025-12-10T18:50:51.384869,0.41401782631874084,100,False,,,,,,279.0,994.0,21.916732128829537,78.08326787117046,tft-epoch=epoch=98-predstd=val_pred_std=0.0188,98.0,1.183625340461731,1.0879454612731934,0.7737498879432678,-0.0009834766387939453,0.5506677140612726,0.9341491702066783,-0.2200438678264618,0.7335143089294434,994.0,0.5553319919517102,0.8093841642228738,0.6587112171837709,0.5333025688355637,-0.17385649681091309,0.4336213668499607,12.49018067556952,14.061272584446192,52.78868813825609,14.218381775333858,6.441476826394343,159.0,179.0,672.0,181.0,82.0,True,True,True,True,87.50981932443048,279.0,994.0,0.21916732128829536,0.7808326787117046,True,False,standard,,,,,,,,,0.5839702828968363
daily_7q_h1_s123,10_quantile_horizon_sweep,16.0,0.1,0.0005,20.0,2.0,64.0,2025-12-04T06:54:04.949609,0.3961835503578186,76,True,-0.034951,0.313629,0.073565,0.109529,1282.0,564.0,718.0,43.99375975039001,56.00624024960999,tft-epoch=epoch=05-predstd=val_pred_std=0.0878,5.0,1.1817448139190674,1.0870808362960815,0.7766901850700378,-0.005752921104431152,0.4828393135725429,0.5636847887933473,-0.2524596154689789,0.46677637100219727,718.0,0.5181058495821727,0.5399129172714079,0.5287846481876333,0.48276334693338097,-0.46447932720184326,0.29017160686427457,39.93759750390016,7.878315132605304,37.36349453978159,4.446177847113884,10.374414976599065,512.0,101.0,479.0,57.0,133.0,True,True,True,True,60.06240249609984,564.0,718.0,0.43993759750390016,0.5600624024960998,True,False,standard,"No checkpoints >= epoch 80, using all 16",,,,,,,,0.46560266050592386
daily_7q_h1_s42,10_quantile_horizon_sweep,16.0,0.1,0.0005,20.0,2.0,64.0,2025-12-04T06:36:19.600736,0.402931809425354,57,True,-0.11245,0.28242,0.051672,0.069889,1282.0,304.0,978.0,23.712948517940717,76.28705148205928,tft-epoch=epoch=52-predstd=val_pred_std=0.0530,52.0,1.170888900756836,1.0820761919021606,0.7717083096504211,0.0034862756729125977,0.5374414976599063,0.8529690613017338,-0.17533697187900543,0.8255484104156494,978.0,0.549079754601227,0.7793904208998549,0.6442711457708459,0.5181544727187286,-0.10570728778839111,0.41887675507020283,64.97659906396255,12.636505460218409,22.38689547581903,0.0,0.0,833.0,162.0,287.0,0.0,0.0,False,False,True,True,35.02340093603744,304.0,978.0,0.23712948517940718,0.7628705148205929,True,False,standard,"No checkpoints >= epoch 80, using all 18",,,,,,,,0.555595970378635
daily_7q_h1_s456,10_quantile_horizon_sweep,16.0,0.1,0.0005,20.0,2.0,64.0,2025-12-04T07:16:20.342871,0.39750298857688904,68,True,-0.072666,0.133684,0.068309,0.063621,1282.0,323.0,959.0,25.195007800312013,74.80499219968799,tft-epoch=epoch=10-predstd=val_pred_std=0.0503,10.0,1.182815670967102,1.0875732898712158,0.7729800939559937,-0.006664276123046875,0.5273010920436817,0.5133411554613208,-0.24328561127185822,0.30649614334106445,959.0,0.543274244004171,0.7561683599419449,0.6322815533980582,0.5166933038325702,-0.6247595548629761,0.40639625585023403,16.06864274570983,38.68954758190328,32.05928237129485,6.084243369734789,7.098283931357255,206.0,496.0,411.0,78.0,91.0,True,True,True,True,83.93135725429018,323.0,959.0,0.25195007800312014,0.7480499219968799,True,False,standard,"No checkpoints >= epoch 80, using all 17",,,,,,,,0.5439943958762519
daily_7q_h20_s123,10_quantile_horizon_sweep,16.0,0.1,0.0005,20.0,2.0,64.0,2025-12-10T19:57:11.030872,0.43584495782852173,100,False,,,,,,3.0,1260.0,0.23752969121140144,99.7624703087886,tft-epoch=epoch=98-sharpe=val_sharpe=38.2269,98.0,1.2106026411056519,1.100273847579956,0.7872709035873413,-0.016977667808532715,0.5360253365003959,0.8537735039551904,-0.2524595558643341,0.9418227672576904,1260.0,0.5357142857142857,0.9985207100591716,0.6973140495867769,0.4599344273862686,0.07580041885375977,0.5344418052256532,7.04671417260491,0.0791765637371338,77.7513855898654,10.530482977038796,4.592240696753761,89.0,1.0,982.0,133.0,58.0,True,True,True,True,92.95328582739509,3.0,1260.0,0.0023752969121140144,0.997624703087886,True,False,standard,,,,,,,,,0.49595976388666446
daily_7q_h20_s42,10_quantile_horizon_sweep,16.0,0.1,0.0005,20.0,2.0,64.0,2025-12-10T19:22:26.572742,0.42841073870658875,100,False,,,,,,466.0,797.0,36.89627870150435,63.10372129849565,tft-epoch=epoch=67-sharpe=val_sharpe=67.7263,67.0,1.2159301042556763,1.1026922464370728,0.7862886190414429,-0.021453022956848145,0.5288994457640538,0.7830736807993878,-0.22484980523586273,0.5351587533950806,797.0,0.5508155583437893,0.6494082840236687,0.596062457569586,0.528960817717206,-0.3308635950088501,0.3475851148060174,13.460015835312747,16.547901821060965,61.75771971496437,2.375296912114014,5.859065716547902,170.0,209.0,780.0,30.0,74.0,True,True,True,True,86.53998416468724,466.0,797.0,0.36896278701504354,0.6310372129849564,True,False,standard,"No checkpoints >= epoch 80, using all 18",,,,,,,,0.5578602634812598
daily_7q_h20_s456,10_quantile_horizon_sweep,16.0,0.1,0.0005,20.0,2.0,64.0,2025-12-10T20:31:13.714534,0.43488606810569763,100,False,,,,,,263.0,1000.0,20.823436262866192,79.1765637371338,tft-epoch=epoch=55-diracc=val_dir_acc=0.5471,55.0,1.1918704509735107,1.0917282104492188,0.7768517136573792,-0.0012415647506713867,0.55027711797308,0.8202569327375872,-0.22073695063591003,0.6683957576751709,1000.0,0.554,0.8195266272189349,0.6610978520286396,0.5418384524661553,-0.19762659072875977,0.4386381631037213,14.56848772763262,17.181314330958035,50.752177355502766,17.49802058590657,0.0,184.0,217.0,641.0,221.0,0.0,True,False,True,True,85.43151227236737,263.0,1000.0,0.2082343626286619,0.7917656373713381,True,False,standard,"No checkpoints >= epoch 80, using all 18",,,,,,,,0.5921155704392352
daily_7q_h30_s123,10_quantile_horizon_sweep,16.0,0.1,0.0005,20.0,2.0,64.0,2025-12-10T21:33:15.973634,0.4357907176017761,100,False,,,,,,540.0,713.0,43.09656823623304,56.90343176376696,tft-epoch=epoch=96-unique=val_num_unique=1245,96.0,1.2002671957015991,1.0955671072006226,0.784893274307251,-0.0018407106399536133,0.5339185953711093,1.406639328540501,-0.1015661433339119,1.2971627712249756,713.0,0.5596072931276297,0.5964125560538116,0.577424023154848,0.5476175850277454,0.45213961601257324,0.31843575418994413,55.227454110135675,18.116520351157224,23.30407023144453,2.4740622505985637,0.8778930566640064,692.0,227.0,292.0,31.0,11.0,True,True,True,True,44.772545889864325,540.0,713.0,0.4309656823623304,0.5690343176376695,True,False,standard,,,,,,,,,0.5815361803988547
daily_7q_h30_s42,10_quantile_horizon_sweep,16.0,0.1,0.0005,20.0,2.0,64.0,2025-12-10T21:03:03.963037,0.4365687966346741,100,False,,,,,,873.0,380.0,69.67278531524342,30.327214684756584,tft-epoch=epoch=06-composite=val_composite=0.4778,6.0,1.2033804655075073,1.096987009048462,0.7869435548782349,-0.004439234733581543,0.4596967278531524,0.18655257542658407,-0.22583554685115814,0.08299076557159424,380.0,0.48947368421052634,0.27802690582959644,0.35462345090562436,0.47221624997440464,-0.7620323896408081,0.1484437350359138,30.24740622505986,10.135674381484437,53.3120510774142,3.192338387869114,3.1125299281723864,379.0,127.0,668.0,40.0,39.0,True,True,True,True,69.75259377494015,873.0,380.0,0.6967278531524341,0.3032721468475658,True,False,standard,"No checkpoints >= epoch 80, using all 18",,,,,,,,0.43191297782755705
daily_7q_h30_s456,10_quantile_horizon_sweep,16.0,0.1,0.0005,20.0,2.0,64.0,2025-12-10T22:03:24.633614,0.4374658167362213,100,False,,,,,,204.0,1049.0,16.28092577813248,83.71907422186752,tft-epoch=epoch=99-predstd=val_pred_std=0.0137,99.0,1.200989842414856,1.09589684009552,0.7804157733917236,-0.0024437904357910156,0.5450917797286512,0.8142965585113696,-0.22668740153312683,0.7143499851226807,1049.0,0.5471877979027645,0.8579970104633782,0.6682188591385332,0.5285874439461884,-0.13067317008972168,0.4581005586592179,14.604948124501197,18.515562649640863,19.71268954509178,47.08699122106943,0.07980845969672785,183.0,232.0,247.0,590.0,1.0,True,True,True,True,85.39505187549881,204.0,1049.0,0.16280925778132482,0.8371907422186752,True,False,standard,,,,,,,,,0.5736792236748396
daily_7q_h3_s123,10_quantile_horizon_sweep,16.0,0.1,0.0005,20.0,2.0,64.0,2025-12-04T07:49:31.394995,,,,,,,,,0.0,1280.0,0.0,100.0,tft-epoch=epoch=00-composite=val_composite=0.4238,0.0,1.3161890506744385,1.1472527980804443,0.8293009996414185,-0.1184995174407959,0.53671875,0.8344670576836827,-0.2524595558643341,0.9241126775741577,1280.0,0.53671875,1.0,0.6985256736146417,0.4780665257700833,0.0,0.53671875,2.34375,0.0,89.21875,4.6875,3.75,30.0,0.0,1142.0,60.0,48.0,True,True,False,True,97.65625,0.0,1280.0,0.0,1.0,True,True,standard,"No checkpoints >= epoch 80, using all 1; No diverse checkpoints (num_negative > 0), using 1 filtered",,,,,,,,0.5147852757700833
daily_7q_h3_s42,10_quantile_horizon_sweep,16.0,0.1,0.0005,20.0,2.0,64.0,2025-12-04T07:36:53.161966,0.4082674980163574,40,True,,,,,,546.0,734.0,42.65625,57.34375,tft-epoch=epoch=07-composite=val_composite=0.4430,7.0,1.1822049617767334,1.0872924327850342,0.7741312980651855,-0.004639744758605957,0.53359375,1.1638134377365996,-0.10838663578033447,0.6763848066329956,734.0,0.5613079019073569,0.5997088791848617,0.5798733286418015,0.5296508759398219,-0.2477278709411621,0.321875,14.21875,25.0,42.03125,8.28125,10.46875,182.0,320.0,538.0,106.0,134.0,True,True,True,True,85.78125,546.0,734.0,0.4265625,0.5734375,True,False,standard,"No checkpoints >= epoch 80, using all 17",,,,,,,,0.5632446259398218
daily_7q_h3_s456,10_quantile_horizon_sweep,16.0,0.1,0.0005,20.0,2.0,64.0,2025-12-04T09:54:00.308468,0.4033074975013733,52,True,,,,,,256.0,1024.0,20.0,80.0,tft-epoch=epoch=09-composite=val_composite=0.4327,9.0,1.1829092502593994,1.0876163244247437,0.7735964059829712,-0.005238175392150879,0.52421875,0.6111808500714707,-0.23946690559387207,0.4030294418334961,1024.0,0.5380859375,0.8020378457059679,0.6440677966101696,0.5059733769278163,-0.5210832357406616,0.43046875,17.421875,38.671875,27.187499999999996,2.890625,13.828125,223.0,495.0,348.0,37.0,177.0,True,True,True,True,82.578125,256.0,1024.0,0.2,0.8,True,False,standard,"No checkpoints >= epoch 80, using all 24",,,,,,,,0.5301921269278163
daily_7q_h5_s123,10_quantile_horizon_sweep,16.0,0.1,0.0005,20.0,2.0,64.0,2025-12-04T10:18:34.774395,0.40701842308044434,47,True,,,,,,569.0,709.0,44.522691705790294,55.477308294209706,tft-epoch=epoch=04-composite=val_composite=0.4233,4.0,1.1886348724365234,1.0902453660964966,0.779880166053772,-0.008579254150390625,0.48826291079812206,0.6059925704775792,-0.23845669627189636,0.5120477676391602,709.0,0.5218617771509168,0.5401459854014599,0.5308464849354375,0.48522297854531576,-0.40436017513275146,0.2895148669796557,41.62754303599374,6.103286384976526,38.341158059467915,7.668231611893583,6.259780907668231,532.0,78.0,490.0,98.0,80.0,True,True,True,True,58.372456964006254,569.0,709.0,0.44522691705790296,0.554773082942097,True,False,standard,"No checkpoints >= epoch 80, using all 18",,,,,,,,0.4734858893434378
daily_7q_h5_s42,10_quantile_horizon_sweep,16.0,0.1,0.0005,20.0,2.0,64.0,2025-12-04T10:08:39.291347,0.4123079180717468,36,True,,,,,,291.0,987.0,22.769953051643192,77.2300469483568,tft-epoch=epoch=35-unique=val_num_unique=1275,35.0,1.1759241819381714,1.0844004154205322,0.7726055979728699,0.002206146717071533,0.5508607198748043,1.1715019769015778,-0.164019376039505,1.115865707397461,987.0,0.5562310030395137,0.8014598540145985,0.6566985645933013,0.5363794143351264,0.19945776462554932,0.4295774647887324,38.497652582159624,14.63223787167449,46.557120500782474,0.3129890453834116,0.0,492.0,187.0,595.0,4.0,0.0,True,False,True,True,61.502347417840376,291.0,987.0,0.22769953051643194,0.7723004694835681,True,False,standard,"No checkpoints >= epoch 80, using all 25",,,,,,,,0.5872401342099307
daily_7q_h5_s456,10_quantile_horizon_sweep,16.0,0.1,0.0005,20.0,2.0,64.0,2025-12-04T10:31:25.233258,0.4089467227458954,51,True,,,,,,92.0,1186.0,7.198748043818466,92.80125195618153,tft-epoch=epoch=49-predstd=val_pred_std=0.0290,49.0,1.1803187131881714,1.086424708366394,0.775250256061554,-0.0015227794647216797,0.5187793427230047,0.7234287199435602,-0.252459853887558,0.7369381189346313,1186.0,0.5295109612141653,0.9167883211678832,0.6712987707108498,0.4834775544367991,-0.17946982383728027,0.49139280125195617,12.519561815336463,2.7386541471048513,83.48982785602503,1.2519561815336464,0.0,160.0,35.0,1067.0,16.0,0.0,True,False,True,True,87.48043818466353,92.0,1186.0,0.07198748043818466,0.9280125195618153,True,False,standard,"No checkpoints >= epoch 80, using all 23",,,,,,,,0.5022568971598038
weekly_3q_h1_s123,10_quantile_horizon_sweep,16.0,0.15,0.0005,12.0,2.0,16.0,2025-12-04T01:04:49.991917,1.050881028175354,79,True,-0.616484,0.786182,-0.121947,0.390411,261.0,138.0,123.0,52.87356321839081,47.12643678160919,tft-epoch=epoch=78-valloss=val_loss=1.0513,78.0,5.379100322723389,2.319288730621338,1.7768166065216064,-0.029275894165039062,0.5287356321839081,1.0380664754786195,-0.1185818463563919,0.5966430902481079,123.0,0.6016260162601627,0.5,0.5461254612546126,0.5408993063860321,-0.3418121337890625,0.2835249042145594,17.624521072796934,13.409961685823754,58.620689655172406,5.363984674329502,4.980842911877394,46.0,35.0,153.0,14.0,13.0,True,True,True,True,82.37547892720305,138.0,123.0,0.5287356321839081,0.47126436781609193,True,False,standard,"No checkpoints >= epoch 80, using all 18",,,,,,,,0.5696349385699402
weekly_3q_h1_s42,10_quantile_horizon_sweep,16.0,0.15,0.0005,12.0,2.0,16.0,2025-12-04T01:00:12.481992,1.0740978717803955,28,True,-0.035845,0.388613,0.221826,0.087948,261.0,3.0,258.0,1.1494252873563218,98.85057471264368,tft-epoch=epoch=25-predstd=val_pred_std=0.1075,25.0,5.241738319396973,2.2894842624664307,1.7402676343917847,-0.0029921531677246094,0.5555555555555556,0.8056952120313773,-0.2482302188873291,0.8130431175231934,258.0,0.562015503875969,0.9797297297297297,0.7142857142857143,0.44917483855536955,-0.12541210651397705,0.5555555555555556,5.747126436781609,3.065134099616858,76.62835249042146,11.11111111111111,3.4482758620689653,15.0,8.0,200.0,29.0,9.0,True,True,True,True,94.2528735632184,3.0,258.0,0.011494252873563218,0.9885057471264368,True,False,standard,"No checkpoints >= epoch 80, using all 19",,,,,,,,0.5047303941109251
weekly_3q_h1_s456,10_quantile_horizon_sweep,16.0,0.15,0.0005,12.0,2.0,16.0,2025-12-04T01:19:21.000323,1.051579236984253,100,False,0.076344,0.771842,0.261402,0.137766,261.0,0.0,261.0,0.0,100.0,tft-epoch=epoch=98-predstd=val_pred_std=0.1793,98.0,5.154621124267578,2.270379066467285,1.7322365045547485,0.013677597045898438,0.5670498084291188,0.883413376766828,-0.2482302188873291,0.9384552240371704,261.0,0.5670498084291188,1.0,0.723716381418093,0.4927648887825879,0.0,0.5670498084291188,2.2988505747126435,0.0,92.72030651340997,4.21455938697318,0.7662835249042145,6.0,0.0,242.0,11.0,2.0,True,True,False,True,97.70114942528735,0.0,261.0,0.0,1.0,True,True,standard,"No diverse checkpoints (num_negative > 0), using 6 filtered",,,,,,,,0.5598146972117066
weekly_3q_h3_s123,10_quantile_horizon_sweep,16.0,0.15,0.0005,12.0,2.0,16.0,2025-12-04T01:42:49.970585,1.069778323173523,73,True,,,,,,146.0,113.0,56.37065637065637,43.62934362934363,tft-epoch=epoch=72-predstd=val_pred_std=0.1366,72.0,5.91595458984375,2.4322736263275146,1.8713617324829102,-0.12386941909790039,0.5173745173745173,0.8181525998733985,-0.10144827514886856,0.40638554096221924,113.0,0.5929203539823009,0.4589041095890411,0.5173745173745173,0.5500666747484544,-0.5042939186096191,0.25868725868725867,14.671814671814673,16.216216216216218,60.61776061776062,4.633204633204633,3.861003861003861,38.0,42.0,157.0,12.0,10.0,True,True,True,True,85.32818532818533,146.0,113.0,0.5637065637065637,0.4362934362934363,True,False,standard,"No checkpoints >= epoch 80, using all 16",,,,,,,,0.5674411921229717
weekly_3q_h3_s42,10_quantile_horizon_sweep,16.0,0.15,0.0005,12.0,2.0,16.0,2025-12-04T01:37:03.387841,1.0849360227584839,26,True,,,,,,10.0,249.0,3.861003861003861,96.13899613899613,tft-epoch=epoch=24-predstd=val_pred_std=0.1086,24.0,5.297224521636963,2.301569938659668,1.753736972808838,-0.0063277482986450195,0.5637065637065637,0.8690758160331175,-0.2482302188873291,0.8907755613327026,249.0,0.5662650602409639,0.9657534246575342,0.7139240506329114,0.4546005576433507,-0.019903898239135742,0.5444015444015444,8.880308880308881,1.9305019305019304,77.60617760617761,7.335907335907336,4.247104247104247,23.0,5.0,201.0,19.0,11.0,True,True,True,True,91.11969111969113,10.0,249.0,0.03861003861003861,0.9613899613899614,True,False,standard,"No checkpoints >= epoch 80, using all 16",,,,,,,,0.5183071213499144
weekly_3q_h3_s456,10_quantile_horizon_sweep,16.0,0.15,0.0005,12.0,2.0,16.0,2025-12-04T01:56:33.106219,1.0630180835723877,61,True,,,,,,61.0,198.0,23.552123552123554,76.44787644787644,tft-epoch=epoch=52-predstd=val_pred_std=0.1558,52.0,5.215133190155029,2.2836666107177734,1.751557469367981,0.00926738977432251,0.528957528957529,0.7160143767559964,-0.19160737097263336,0.6237839460372925,198.0,0.5606060606060606,0.7602739726027398,0.6453488372093023,0.5159413262213601,-0.2868955135345459,0.42857142857142855,35.521235521235525,9.266409266409266,54.054054054054056,1.1583011583011582,0.0,92.0,24.0,140.0,3.0,0.0,True,False,True,True,64.47876447876448,61.0,198.0,0.23552123552123552,0.7644787644787645,True,False,standard,"No checkpoints >= epoch 80, using all 15",,,,,,,,0.5448988551788891
weekly_3q_h5_s123,10_quantile_horizon_sweep,16.0,0.15,0.0005,12.0,2.0,16.0,2025-12-04T02:14:40.109990,1.0854078531265259,68,True,,,,,,155.0,102.0,60.311284046692606,39.688715953307394,tft-epoch=epoch=65-predstd=val_pred_std=0.1344,65.0,5.387104034423828,2.3210136890411377,1.787382960319519,-0.016414403915405273,0.5369649805447471,1.2585745706061175,-0.061383988708257675,0.7534612417221069,102.0,0.6274509803921569,0.4413793103448276,0.5182186234817814,0.5426108374384236,-0.14013230800628662,0.2490272373540856,26.459143968871597,9.72762645914397,61.08949416342413,0.38910505836575876,2.3346303501945527,68.0,25.0,157.0,1.0,6.0,True,True,True,True,73.54085603112841,155.0,102.0,0.603112840466926,0.3968871595330739,True,False,standard,"No checkpoints >= epoch 80, using all 18",,,,,,,,0.5795758179831707
weekly_3q_h5_s42,10_quantile_horizon_sweep,16.0,0.15,0.0005,12.0,2.0,16.0,2025-12-04T02:07:53.883699,1.0815547704696655,32,True,,,,,,29.0,228.0,11.284046692607005,88.715953307393,tft-epoch=epoch=29-predstd=val_pred_std=0.1278,29.0,5.34308385848999,2.311511278152466,1.7604707479476929,-0.008108973503112793,0.5447470817120622,0.6711282912526698,-0.25970256328582764,0.592866063117981,228.0,0.5614035087719298,0.8827586206896552,0.6863270777479893,0.4706896551724138,-0.3007274866104126,0.4980544747081712,17.898832684824903,7.782101167315175,51.75097276264592,2.3346303501945527,20.233463035019454,46.0,20.0,133.0,6.0,52.0,True,True,True,True,82.1011673151751,29.0,228.0,0.11284046692607004,0.8871595330739299,True,False,standard,"No checkpoints >= epoch 80, using all 16",,,,,,,,0.515436736884476
weekly_3q_h5_s456,10_quantile_horizon_sweep,16.0,0.15,0.0005,12.0,2.0,16.0,2025-12-04T02:27:19.456654,1.0747650861740112,42,True,,,,,,15.0,242.0,5.836575875486381,94.16342412451363,tft-epoch=epoch=30-valloss=val_loss=1.0757,30.0,5.288259983062744,2.299621820449829,1.7608932256698608,0.0022350549697875977,0.5525291828793775,0.7854954554301111,-0.2482302188873291,0.7571499347686768,242.0,0.5619834710743802,0.9379310344827586,0.7028423772609819,0.48078817733990153,-0.1364436149597168,0.5291828793774319,8.171206225680933,3.501945525291829,74.70817120622569,9.33852140077821,4.280155642023346,21.0,9.0,192.0,24.0,11.0,True,True,True,True,91.82879377431907,15.0,242.0,0.058365758754863814,0.9416342412451362,True,False,standard,"No checkpoints >= epoch 80, using all 15",,,,,,,,0.533317360219279
weekly_7q_h1_s123,10_quantile_horizon_sweep,16.0,0.15,0.0005,12.0,2.0,16.0,2025-12-04T02:53:29.467171,0.9218541383743286,73,True,-0.020545,0.592561,0.111376,0.122352,261.0,27.0,234.0,10.344827586206897,89.65517241379311,tft-epoch=epoch=70-valloss=val_loss=0.9225,70.0,5.162844657897949,2.2721893787384033,1.7418527603149414,0.01210397481918335,0.578544061302682,0.9685783585805067,-0.2289758324623108,1.030184268951416,234.0,0.5811965811965812,0.918918918918919,0.712041884816754,0.5392848600813203,0.0917290449142456,0.5210727969348659,13.409961685823754,8.045977011494253,73.5632183908046,2.681992337164751,2.2988505747126435,35.0,21.0,192.0,7.0,6.0,True,True,True,True,86.59003831417625,27.0,234.0,0.10344827586206896,0.896551724137931,True,False,standard,"No checkpoints >= epoch 80, using all 12",,,,,,,,0.6178289213840022
weekly_7q_h1_s42,10_quantile_horizon_sweep,16.0,0.15,0.0005,12.0,2.0,16.0,2025-12-04T02:35:47.202111,0.9089945554733276,100,False,-0.156745,0.834596,0.341553,0.241746,261.0,26.0,235.0,9.961685823754788,90.03831417624521,tft-epoch=epoch=94-predstd=val_pred_std=0.1396,94.0,5.228157997131348,2.2865166664123535,1.7257035970687866,-0.0003935098648071289,0.5670498084291188,0.8568279631040149,-0.2482302188873291,0.8570849895477295,235.0,0.574468085106383,0.9121621621621622,0.7049608355091385,0.5096268835206889,-0.08137023448944092,0.5172413793103449,18.773946360153257,0.7662835249042145,77.77777777777779,1.1494252873563218,1.532567049808429,49.0,2.0,203.0,3.0,4.0,True,True,True,True,81.22605363984675,26.0,235.0,0.09961685823754789,0.9003831417624522,True,False,standard,,,,,,,,,0.5766766919498076
weekly_7q_h1_s456,10_quantile_horizon_sweep,16.0,0.15,0.0005,12.0,2.0,16.0,2025-12-04T03:06:42.399115,0.9303120374679565,49,True,-0.04072,0.275597,0.136122,0.108438,261.0,53.0,208.0,20.306513409961685,79.69348659003832,tft-epoch=epoch=23-predstd=val_pred_std=0.0825,23.0,5.26058292388916,2.293596029281616,1.7349928617477417,-0.00659787654876709,0.5708812260536399,0.9342861970936449,-0.1701737344264984,0.7420027256011963,208.0,0.5865384615384616,0.8243243243243243,0.6853932584269664,0.5370126763932074,-0.19645249843597412,0.4674329501915709,6.896551724137931,10.344827586206897,55.172413793103445,10.727969348659004,16.85823754789272,18.0,27.0,144.0,28.0,44.0,True,True,True,True,93.10344827586206,53.0,208.0,0.20306513409961685,0.7969348659003831,True,False,standard,"No checkpoints >= epoch 80, using all 16",,,,,,,,0.6078939024468473
weekly_7q_h3_s123,10_quantile_horizon_sweep,16.0,0.15,0.0005,12.0,2.0,16.0,2025-12-04T03:22:38.222066,0.9350419640541077,55,True,,,,,,116.0,143.0,44.78764478764479,55.21235521235521,tft-epoch=epoch=42-composite=val_composite=0.5004,42.0,5.202411651611328,2.280879497528076,1.7563254833221436,0.011684179306030273,0.5328185328185329,1.218495807001053,-0.12188919633626938,0.9963780641555786,143.0,0.5874125874125874,0.5753424657534246,0.5813148788927335,0.5320038792580919,0.08569860458374023,0.32432432432432434,44.78764478764479,15.83011583011583,32.432432432432435,6.563706563706563,0.3861003861003861,116.0,41.0,84.0,17.0,1.0,True,True,True,True,55.21235521235521,116.0,143.0,0.44787644787644787,0.5521235521235521,True,False,standard,"No checkpoints >= epoch 80, using all 15",,,,,,,,0.5648224120766248
weekly_7q_h3_s42,10_quantile_horizon_sweep,16.0,0.15,0.0005,12.0,2.0,16.0,2025-12-04T03:16:11.468194,0.9393996000289917,31,True,,,,,,14.0,245.0,5.405405405405405,94.5945945945946,tft-epoch=epoch=18-valloss=val_loss=0.9411,18.0,5.278719902038574,2.29754638671875,1.7434091567993164,-0.0028123855590820312,0.5714285714285714,0.9065396913787587,-0.2482302188873291,0.9510550498962402,245.0,0.5714285714285714,0.958904109589041,0.7161125319693095,0.5026063765304886,0.040375590324401855,0.5405405405405406,10.424710424710424,1.9305019305019304,58.68725868725869,11.583011583011583,17.374517374517374,27.0,5.0,152.0,30.0,45.0,True,True,True,True,89.57528957528959,14.0,245.0,0.05405405405405406,0.9459459459459459,True,False,standard,"No checkpoints >= epoch 80, using all 15",,,,,,,,0.57403494795906
weekly_7q_h3_s456,10_quantile_horizon_sweep,16.0,0.15,0.0005,12.0,2.0,16.0,2025-12-04T03:33:12.460607,0.9410967826843262,38,True,,,,,,8.0,251.0,3.088803088803089,96.91119691119691,tft-epoch=epoch=18-predstd=val_pred_std=0.0612,18.0,5.298678398132324,2.3018858432769775,1.7466248273849487,-0.006603837013244629,0.555984555984556,0.8020481225547763,-0.25769734382629395,0.7854716777801514,251.0,0.5617529880478087,0.9657534246575342,0.7103274559193954,0.5207903988362226,-0.125207781791687,0.5444015444015444,3.861003861003861,9.652509652509652,54.826254826254825,8.494208494208493,23.166023166023166,10.0,25.0,142.0,22.0,60.0,True,True,True,True,96.13899613899613,8.0,251.0,0.03088803088803089,0.9691119691119691,True,False,standard,"No checkpoints >= epoch 80, using all 17",,,,,,,,0.5767749548207786
weekly_7q_h5_s123,10_quantile_horizon_sweep,16.0,0.15,0.0005,12.0,2.0,16.0,2025-12-04T03:46:56.598522,0.9405159950256348,31,True,,,,,,0.0,257.0,0.0,100.0,tft-epoch=epoch=09-predstd=val_pred_std=0.1249,9.0,5.320518493652344,2.3066248893737793,1.7580296993255615,-0.0038514137268066406,0.5642023346303502,0.8621650859705566,-0.2482302188873291,0.8935935497283936,257.0,0.5642023346303502,1.0,0.7213930348258707,0.4801724137931035,0.0,0.5642023346303502,1.9455252918287937,0.0,76.65369649805449,4.669260700389105,16.731517509727624,5.0,0.0,197.0,12.0,43.0,True,True,False,True,98.05447470817121,0.0,257.0,0.0,1.0,True,True,standard,"No checkpoints >= epoch 80, using all 14; No diverse checkpoints (num_negative > 0), using 14 filtered",,,,,,,,0.5443747484234537
weekly_7q_h5_s42,10_quantile_horizon_sweep,16.0,0.15,0.0005,12.0,2.0,16.0,2025-12-04T03:41:06.226757,0.9424907565116882,28,True,,,,,,17.0,240.0,6.614785992217899,93.3852140077821,tft-epoch=epoch=13-predstd=val_pred_std=0.0719,13.0,5.328455448150635,2.308344841003418,1.7552915811538696,-0.005348920822143555,0.5603112840466926,0.8659009322871939,-0.2482302188873291,0.8812332153320312,240.0,0.5666666666666667,0.9379310344827586,0.7064935064935066,0.5306650246305418,-0.012360334396362305,0.5291828793774319,8.171206225680933,5.836575875486381,62.2568093385214,16.731517509727624,7.003891050583658,21.0,15.0,160.0,43.0,18.0,True,True,True,True,91.82879377431907,17.0,240.0,0.06614785992217899,0.933852140077821,True,False,standard,"No checkpoints >= epoch 80, using all 14",,,,,,,,0.5909763086772344
weekly_7q_h5_s456,10_quantile_horizon_sweep,16.0,0.15,0.0005,12.0,2.0,16.0,2025-12-04T03:53:17.036358,0.9413513541221619,38,True,,,,,,0.0,257.0,0.0,100.0,tft-epoch=epoch=17-predstd=val_pred_std=0.0446,17.0,5.324419975280762,2.3074705600738525,1.7522231340408325,-0.004587531089782715,0.5642023346303502,0.8621650859705566,-0.2482302188873291,0.8935935497283936,257.0,0.5642023346303502,1.0,0.7213930348258707,0.5259236453201971,0.0,0.5642023346303502,1.9455252918287937,0.38910505836575876,57.19844357976653,2.3346303501945527,38.13229571984436,5.0,1.0,147.0,6.0,98.0,True,True,True,True,98.0544747081712,0.0,257.0,0.0,1.0,True,True,standard,"No checkpoints >= epoch 80, using all 16; No diverse checkpoints (num_negative > 0), using 16 filtered",,,,,,,,0.5901259799505473
attn_fresh_only,11_staleness_attention,16.0,0.1,0.0005,20.0,2.0,64.0,2025-12-11T14:25:04.319755,0.4024730920791626,100,False,-0.005819,0.212418,0.093874,0.043751,1282.0,4.0,1278.0,0.31201248049922,99.68798751950078,tft-epoch=epoch=90-unique=val_num_unique=1273,90.0,1.1783912181854248,1.085537314414978,0.7737833857536316,-0.002898693084716797,0.5358814352574103,0.8093845085458171,-0.2524595558643341,0.8822910785675049,1278.0,0.5367762128325508,0.9956458635703919,0.6975088967971531,0.45331724497463144,-0.048964619636535645,0.5351014040561622,6.5522620904836195,0.5460218408736349,89.85959438377536,3.0421216848673946,0.0,84.0,7.0,1152.0,39.0,0.0,True,False,True,True,93.44773790951639,4.0,1278.0,0.0031201248049922,0.9968798751950078,True,True,standard,,,,,,,,,0.4891986802320417
attn_prenorm_d10_w05,11_staleness_attention,16.0,0.1,0.0005,20.0,2.0,64.0,2025-12-10T16:16:12.983139,0.39669615030288696,100,False,0.032225,0.158317,0.074758,0.022579,1282.0,0.0,1282.0,0.0,100.0,tft-epoch=epoch=93-valloss=val_loss=0.3967,93.0,1.173546314239502,1.083303451538086,0.7712236642837524,0.0012246370315551758,0.5374414976599063,0.8380294796085687,-0.2524595558643341,0.9312556982040405,1282.0,0.5374414976599063,1.0,0.6991374936580415,0.5004760424595608,0.0,0.5374414976599063,2.3400936037441498,0.0,97.65990639625585,0.0,0.0,30.0,0.0,1252.0,0.0,0.0,False,False,False,True,97.65990639625585,0.0,1282.0,0.0,1.0,True,True,standard,"No diverse checkpoints (num_negative > 0), using 9 filtered",,,,,,,,0.5379175401194671
attn_regime_combined,11_staleness_attention,16.0,0.1,0.0005,20.0,2.0,64.0,2025-12-10T18:14:35.055936,0.3940880298614502,100,False,-0.045734,0.230927,0.037528,0.035068,1282.0,154.0,1128.0,12.012480499219969,87.98751950078002,tft-epoch=epoch=99-composite=val_composite=0.4250,99.0,1.1720473766326904,1.082611322402954,0.7710891962051392,0.0025003552436828613,0.5249609984399376,0.7890292057792931,-0.2667420208454132,0.7970403432846069,1128.0,0.5354609929078015,0.8766328011611031,0.6648321408915796,0.5375681940001518,-0.1342153549194336,0.4711388455538221,45.70982839313572,15.44461778471139,34.477379095163805,4.368174726989079,0.0,586.0,198.0,442.0,56.0,0.0,True,False,True,True,54.29017160686428,154.0,1128.0,0.12012480499219969,0.8798751950078003,True,True,standard,,,,,,,,,0.5625291924400894
attn_weak_w01,11_staleness_attention,16.0,0.1,0.0005,20.0,2.0,64.0,2025-12-10T18:21:33.461651,0.39557361602783203,100,False,0.032728,0.171921,0.076138,0.023936,1282.0,0.0,1282.0,0.0,100.0,tft-epoch=epoch=93-valloss=val_loss=0.3956,93.0,1.1739827394485474,1.0835047960281372,0.7712088823318481,0.0008531808853149414,0.5374414976599063,0.8380294796085687,-0.2524595558643341,0.9312556982040405,1282.0,0.5374414976599063,1.0,0.6991374936580415,0.49818761212696744,0.0,0.5374414976599063,2.3400936037441498,0.0,97.65990639625585,0.0,0.0,30.0,0.0,1252.0,0.0,0.0,False,False,False,True,97.65990639625585,0.0,1282.0,0.0,1.0,True,True,standard,"No diverse checkpoints (num_negative > 0), using 4 filtered",,,,,,,,0.5356291097868737
baseline_no_staleness,11_staleness_attention,16.0,0.1,0.0005,20.0,2.0,64.0,2025-12-10T17:44:59.969134,0.39932772517204285,100,False,-0.172635,0.305032,0.077264,0.080954,1281.0,211.0,1071.0,16.458658346333856,83.54134165366614,tft-epoch=epoch=97-predstd=val_pred_std=0.0663,97.0,1.1713398694992065,1.0822845697402954,0.7701882719993591,0.0031024813652038574,0.5460218408736349,1.0996898430886506,-0.18817690014839172,1.2255935668945312,1071.0,0.5499533146591971,0.8548621190130624,0.6693181818181818,0.5225220705032344,0.2943378686904907,0.4594383775351014,40.32761310452418,10.842433697347893,48.829953198127924,0.0,0.0,517.0,139.0,626.0,0.0,0.0,False,False,True,True,59.67238689547582,211.0,1071.0,0.16458658346333854,0.8354134165366615,True,False,standard,,,,,,,,,0.5685439113768693
fresh_flag_dropout25,11_staleness_attention,16.0,0.25,0.0005,20.0,2.0,64.0,2025-12-11T12:03:18.351874,0.39786049723625183,100,False,0.029581,0.248649,0.077179,0.049357,1282.0,0.0,1282.0,0.0,100.0,tft-epoch=epoch=83-predstd=val_pred_std=0.0393,83.0,1.176766037940979,1.08478844165802,0.7744340300559998,-0.0015156269073486328,0.5374414976599063,0.8380294796085687,-0.2524595558643341,0.9312556982040405,1282.0,0.5374414976599063,1.0,0.6991374936580415,0.457030131407299,0.0,0.5374414976599063,2.3400936037441498,0.0,92.43369734789391,5.226209048361934,0.0,30.0,0.0,1185.0,67.0,0.0,True,False,False,True,97.65990639625585,0.0,1282.0,0.0,1.0,True,True,standard,"No diverse checkpoints (num_negative > 0), using 7 filtered",,,,,,,,0.4944716290672053
fresh_flag_only,11_staleness_attention,16.0,0.1,0.0005,20.0,2.0,64.0,2025-12-11T11:06:58.878109,0.40120282769203186,100,False,0.022453,0.228594,0.091735,0.042571,1281.0,0.0,1282.0,0.0,100.0,tft-epoch=epoch=93-unique=val_num_unique=1276,93.0,1.1765364408493042,1.0846827030181885,0.7732327580451965,-0.0013202428817749023,0.5374414976599063,0.8380294796085687,-0.2524595558643341,0.9312556982040405,1282.0,0.5374414976599063,1.0,0.6991374936580415,0.45667768866088887,0.0,0.5374414976599063,2.3400936037441498,0.0,93.36973478939157,4.290171606864274,0.0,30.0,0.0,1197.0,55.0,0.0,True,False,False,True,97.65990639625585,0.0,1282.0,0.0,1.0,True,True,standard,"No diverse checkpoints (num_negative > 0), using 3 filtered",,,,,,,,0.4941191863207952
fresh_flag_regime,11_staleness_attention,16.0,0.1,0.0005,20.0,2.0,64.0,2025-12-11T11:38:59.452350,0.40201640129089355,100,False,-0.504851,0.388986,-0.108674,0.215703,1282.0,779.0,503.0,60.764430577223095,39.235569422776905,tft-epoch=epoch=99-predstd=val_pred_std=0.0664,99.0,1.2472262382507324,1.1167927980422974,0.827682614326477,-0.06148254871368408,0.4711388455538221,0.420941723841841,-0.16626650094985962,0.25294625759124756,503.0,0.510934393638171,0.37300435413642963,0.4312080536912752,0.4717250359173424,-0.678309440612793,0.20046801872074882,44.383775351014044,25.195007800312013,30.42121684867395,0.0,0.0,569.0,323.0,390.0,0.0,0.0,False,False,True,True,55.61622464898596,779.0,503.0,0.6076443057722309,0.3923556942277691,True,False,standard,,,,,,,,,0.4428638814711645
fresh_flag_regime_weekly,11_staleness_attention,16.0,0.15,0.0005,12.0,2.0,16.0,2025-12-11T13:08:20.756974,0.9052586555480957,100,False,0.000205,0.81645,0.374873,0.206069,261.0,0.0,261.0,0.0,100.0,tft-epoch=epoch=90-valloss=val_loss=0.9060,90.0,5.271286964416504,2.2959282398223877,1.7442585229873657,-0.008646130561828613,0.5670498084291188,0.883413376766828,-0.2482302188873291,0.9384552240371704,261.0,0.5670498084291188,1.0,0.723716381418093,0.4593398708442957,0.0,0.5670498084291188,2.2988505747126435,0.0,90.80459770114942,6.896551724137931,0.0,6.0,0.0,237.0,18.0,0.0,True,False,False,True,97.70114942528735,0.0,261.0,0.0,1.0,True,True,standard,"No diverse checkpoints (num_negative > 0), using 5 filtered",,,,,,,,0.5263896792734144
fresh_flag_weekly,11_staleness_attention,16.0,0.15,0.0005,12.0,2.0,16.0,2025-12-11T11:53:37.675785,0.8926244378089905,100,False,-0.250567,0.881943,0.273017,0.182001,261.0,32.0,229.0,12.260536398467432,87.73946360153256,tft-epoch=epoch=96-valloss=val_loss=0.8926,96.0,5.155468463897705,2.2705657482147217,1.7170851230621338,0.0135154128074646,0.5823754789272031,1.0427632811420422,-0.18269044160842896,1.031898021697998,229.0,0.5851528384279476,0.9054054054054054,0.7108753315649866,0.5283425017938292,0.09344279766082764,0.5134099616858238,16.091954022988507,5.363984674329502,78.544061302682,0.0,0.0,42.0,14.0,205.0,0.0,0.0,False,False,True,True,83.9080459770115,32.0,229.0,0.12260536398467432,0.8773946360153256,True,False,standard,,,,,,,,,0.6107179807210323
staleness_feature_only_d10,11_staleness_attention,16.0,0.1,0.0005,20.0,2.0,64.0,2025-12-10T14:41:53.403189,0.39636674523353577,100,False,-0.013569,0.203847,0.056999,0.028755,1281.0,34.0,1248.0,2.65210608424337,97.34789391575663,tft-epoch=epoch=98-valloss=val_loss=0.3965,98.0,1.171478271484375,1.0823484659194946,0.770063579082489,0.00298464298248291,0.5327613104524181,0.702821552054558,-0.3140016198158264,0.6954933404922485,1248.0,0.5360576923076923,0.9709724238026125,0.6907589055240062,0.5483703194257141,-0.235762357711792,0.5218408736349454,3.74414976599064,12.168486739469579,84.08736349453977,0.0,0.0,48.0,156.0,1078.0,0.0,0.0,False,False,True,True,96.25585023400936,34.0,1248.0,0.0265210608424337,0.9734789391575663,True,True,standard,,,,,,,,,0.5811316298781323
weekly_baseline_no_staleness,11_staleness_attention,16.0,0.15,0.0005,12.0,2.0,16.0,2025-12-11T13:46:54.072674,0.9282734394073486,122,True,0.022964,0.456572,0.310798,0.090613,261.0,0.0,261.0,0.0,100.0,tft-epoch=epoch=58-valloss=val_loss=0.9299,58.0,5.219398021697998,2.284600257873535,1.7282923460006714,0.0012826323509216309,0.5670498084291188,0.883413376766828,-0.2482302188873291,0.9384552240371704,261.0,0.5670498084291188,1.0,0.723716381418093,0.5130351590528581,0.0,0.5670498084291188,2.2988505747126435,0.0,69.34865900383141,19.157088122605366,9.195402298850574,6.0,0.0,181.0,50.0,24.0,True,True,False,True,97.70114942528735,0.0,261.0,0.0,1.0,True,True,standard,"No checkpoints >= epoch 80, using all 21; No diverse checkpoints (num_negative > 0), using 21 filtered",,,,,,,,0.5800849674819769
core_dynamics_daily_7q_h10_s42,12_feature_ablation,16.0,0.1,0.0005,20.0,2.0,64.0,2025-12-12T16:39:54.273195,0.48879334330558777,100,False,,,,,,17.0,885.0,1.8847006651884701,98.11529933481152,tft-epoch=epoch=90-valloss=val_loss=0.4897,90.0,1.3111991882324219,1.145076036453247,0.8041886687278748,-0.0032186508178710938,0.5232815964523282,0.4565590831812844,-0.2660380005836487,0.2637181282043457,885.0,0.5254237288135594,0.9789473684210527,0.6838235294117647,0.525260692715395,-0.16357922554016113,0.5155210643015521,8.425720620842572,15.74279379157428,73.94678492239468,1.2195121951219512,0.6651884700665188,76.0,142.0,667.0,11.0,6.0,True,True,True,True,91.57427937915745,17.0,885.0,0.018847006651884702,0.9811529933481153,True,False,standard,,,,,,,,,0.5485422891677232
core_dynamics_weekly_7q_h1_s42,12_feature_ablation,16.0,0.15,0.0005,12.0,2.0,16.0,2025-12-12T16:50:06.040696,1.0278571844100952,100,False,0.107195,0.560433,0.229675,0.094267,183.0,0.0,183.0,0.0,100.0,tft-epoch=epoch=91-valloss=val_loss=1.0280,91.0,5.511369228363037,2.347630500793457,1.7962538003921509,0.011114001274108887,0.5573770491803278,0.7647585372751629,-0.18429210782051086,0.5017513036727905,183.0,0.5573770491803278,1.0,0.7157894736842105,0.5106511740498669,0.0,0.5573770491803278,3.278688524590164,0.0,92.34972677595628,4.371584699453552,0.0,6.0,0.0,169.0,8.0,0.0,True,False,False,True,96.72131147540983,0.0,183.0,0.0,1.0,True,True,standard,"No diverse checkpoints (num_negative > 0), using 2 filtered",,,,,,,,0.5680282232301948
macro_heavy_daily_7q_h10_s42,12_feature_ablation,16.0,0.1,0.0005,20.0,2.0,64.0,2025-12-12T16:12:30.004786,0.41076651215553284,100,False,,,,,,477.0,766.0,38.37489943684634,61.62510056315366,tft-epoch=epoch=83-unique=val_num_unique=1239,83.0,1.2288674116134644,1.1085429191589355,0.7859006524085999,-0.020546793937683105,0.5374094931617055,0.8894167062292483,-0.18902237713336945,0.6455191373825073,766.0,0.5587467362924282,0.643609022556391,0.5981830887491265,0.5397221427270598,-0.18063080310821533,0.34432823813354785,19.549477071600965,18.26226870474658,60.17699115044248,1.1263073209975865,0.8849557522123894,243.0,227.0,748.0,14.0,11.0,True,True,True,True,80.45052292839904,477.0,766.0,0.3837489943684634,0.6162510056315366,True,False,standard,,,,,,,,,0.5771316358887653
macro_heavy_weekly_7q_h1_s42,12_feature_ablation,16.0,0.15,0.0005,12.0,2.0,16.0,2025-12-12T16:30:42.250588,0.7398481965065002,100,False,-0.445005,0.038191,-0.275301,0.135886,231.0,220.0,11.0,95.23809523809523,4.761904761904773,tft-epoch=epoch=00-predstd=val_pred_std=0.0758,0.0,5.189891338348389,2.2781333923339844,1.7809085845947266,-0.04589223861694336,0.45454545454545453,0.4613229708425528,-0.033120155334472656,0.07479679584503174,11.0,0.6363636363636364,0.05426356589147287,0.1,0.5530475756193951,-0.546920895576477,0.030303030303030304,8.225108225108226,4.329004329004329,25.108225108225106,19.480519480519483,42.857142857142854,19.0,10.0,58.0,45.0,99.0,True,True,True,True,91.77489177489177,220.0,11.0,0.9523809523809523,0.047619047619047616,True,False,standard,"No checkpoints >= epoch 80, using all 17",,,,,,,,0.5075930301648497
market_only_daily_7q_h10_s42,12_feature_ablation,16.0,0.1,0.0005,20.0,2.0,64.0,2025-12-12T16:12:25.373377,0.4743252992630005,100,False,,,,,,89.0,813.0,9.866962305986696,90.1330376940133,tft-epoch=epoch=86-unique=val_num_unique=902,86.0,1.3099716901779175,1.1445399522781372,0.8076201677322388,-0.002279520034790039,0.5254988913525499,0.8179886682065292,-0.21039029955863953,0.5669593811035156,813.0,0.5289052890528906,0.9052631578947369,0.6677018633540374,0.4774263527671638,0.1396620273590088,0.47671840354767187,50.66518847006651,8.869179600886918,40.465631929046566,0.0,0.0,457.0,80.0,365.0,0.0,0.0,False,False,True,True,49.33481152993348,89.0,813.0,0.09866962305986696,0.9013303769401331,True,False,standard,,,,,,,,,0.5029252441197136
market_only_weekly_7q_h1_s42,12_feature_ablation,16.0,0.15,0.0005,12.0,2.0,16.0,2025-12-12T16:12:27.609303,1.0490460395812988,100,False,-0.350499,0.628658,0.198173,0.253915,183.0,40.0,143.0,21.85792349726776,78.14207650273224,tft-epoch=epoch=84-valloss=val_loss=1.0490,84.0,5.60011100769043,2.366455316543579,1.8134108781814575,-0.004808664321899414,0.5573770491803278,0.7075512078963113,-0.18429210782051086,0.38646042346954346,143.0,0.5734265734265734,0.803921568627451,0.6693877551020408,0.46889373033163884,-0.11529088020324707,0.44808743169398907,43.71584699453552,4.371584699453552,51.36612021857923,0.546448087431694,0.0,80.0,8.0,94.0,1.0,0.0,True,False,True,True,56.284153005464475,40.0,143.0,0.2185792349726776,0.7814207650273224,True,False,standard,,,,,,,,,0.5262707795119667
core_dynamics_daily_7q_h10_d015_s42,12b_feature_sweep,16.0,0.15,0.0005,20.0,2.0,64.0,2025-12-13T21:14:23.716878,0.4883440136909485,100,False,,,,,,0.0,902.0,0.0,100.0,tft-epoch=epoch=94-unique=val_num_unique=900,94.0,1.3107563257217407,1.1448826789855957,0.8043935298919678,-0.0028798580169677734,0.5266075388026608,0.6384064703935319,-0.2258351594209671,0.42729735374450684,902.0,0.5266075388026608,1.0,0.6899055918663762,0.5240034512510785,0.0,0.5266075388026608,3.325942350332594,0.0,92.01773835920177,0.11086474501108648,4.545454545454546,30.0,0.0,830.0,1.0,41.0,True,True,False,True,96.6740576496674,0.0,902.0,0.0,1.0,True,True,standard,"No diverse checkpoints (num_negative > 0), using 2 filtered",,,,,,,,0.5506109900537393
core_dynamics_daily_7q_h1_d010_s42,12b_feature_sweep,16.0,0.1,0.0005,20.0,2.0,64.0,2025-12-13T20:22:41.066531,0.46587812900543213,100,False,-0.0425,0.079475,0.039079,0.0393,911.0,193.0,718.0,21.185510428100987,78.81448957189902,tft-epoch=epoch=09-composite=val_composite=0.4717,9.0,1.297570824623108,1.1391096115112305,0.79782634973526,-0.0017857551574707031,0.5411635565312843,0.5885246982041575,-0.18000738322734833,0.26995742321014404,718.0,0.5445682451253482,0.8112033195020747,0.6516666666666666,0.534907001711981,-0.17521333694458008,0.429198682766191,13.721185510428102,21.07574094401756,46.8715697036224,8.232711306256862,10.098792535675083,125.0,192.0,427.0,75.0,92.0,True,True,True,True,86.27881448957191,193.0,718.0,0.21185510428100987,0.7881448957189902,True,True,standard,"No checkpoints >= epoch 80, using all 23",,,,,,,,0.5760705582432654
core_dynamics_daily_7q_h1_d015_s42,12b_feature_sweep,16.0,0.15,0.0005,20.0,2.0,64.0,2025-12-13T20:41:53.264417,0.4637242257595062,100,False,-0.073748,0.060565,0.01771,0.043823,910.0,282.0,629.0,30.954994511525797,69.0450054884742,tft-epoch=epoch=10-composite=val_composite=0.4849,10.0,1.29888117313385,1.1396846771240234,0.7978243827819824,-0.002797365188598633,0.544456641053787,0.9812538618251255,-0.10838668048381805,0.42134785652160645,629.0,0.5532591414944356,0.7219917012448133,0.6264626462646264,0.536287709524224,-0.023822903633117676,0.38199780461031835,20.30735455543359,19.538968166849617,41.05378704720088,6.366630076838639,12.733260153677278,185.0,178.0,374.0,58.0,116.0,True,True,True,True,79.69264544456642,282.0,629.0,0.30954994511525796,0.6904500548847421,True,True,standard,"No checkpoints >= epoch 80, using all 19",,,,,,,,0.580744350578011
core_dynamics_daily_7q_h3_d010_s42,12b_feature_sweep,16.0,0.1,0.0005,20.0,2.0,64.0,2025-12-13T20:42:45.318945,0.4617629945278168,100,False,,,,,,47.0,862.0,5.17051705170517,94.82948294829482,tft-epoch=epoch=91-predstd=val_pred_std=0.0393,91.0,1.309949278831482,1.144530177116394,0.8035072088241577,-0.009209990501403809,0.5357535753575358,0.6809044371526383,-0.18902228772640228,0.4345285892486572,862.0,0.5336426914153132,0.9583333333333334,0.6855439642324889,0.5026757964257964,-0.005296945571899414,0.506050605060506,4.84048404840484,18.26182618261826,76.89768976897689,0.0,0.0,44.0,166.0,699.0,0.0,0.0,False,False,True,True,95.15951595159515,47.0,862.0,0.0517051705170517,0.9482948294829483,True,False,standard,,,,,,,,,0.5384293717833322
core_dynamics_daily_7q_h3_d015_s42,12b_feature_sweep,16.0,0.15,0.0005,20.0,2.0,64.0,2025-12-13T20:43:17.286375,0.46026816964149475,100,False,,,,,,0.0,909.0,0.0,100.0,tft-epoch=epoch=84-unique=val_num_unique=908,84.0,1.3067721128463745,1.1431413888931274,0.802766740322113,-0.006762266159057617,0.528052805280528,0.6491571903302984,-0.2258351594209671,0.43982553482055664,909.0,0.528052805280528,1.0,0.6911447084233261,0.48599941724941725,0.0,0.528052805280528,3.3003300330033,0.0,96.69966996699671,0.0,0.0,30.0,0.0,879.0,0.0,0.0,False,False,False,True,96.69966996699671,0.0,909.0,0.0,1.0,True,True,standard,"No diverse checkpoints (num_negative > 0), using 2 filtered",,,,,,,,0.5140522225299453
core_dynamics_daily_7q_h5_d010_s42,12b_feature_sweep,16.0,0.1,0.0005,20.0,2.0,64.0,2025-12-13T20:52:49.561591,0.4670715630054474,100,False,,,,,,181.0,726.0,19.955898566703418,80.04410143329659,tft-epoch=epoch=97-unique=val_num_unique=906,97.0,1.307715654373169,1.1435539722442627,0.8010883927345276,-0.005346179008483887,0.545755237045204,0.7555827120846147,-0.1890224814414978,0.4142206907272339,726.0,0.5454545454545454,0.8284518828451883,0.6578073089700996,0.520979020979021,-0.01983928680419922,0.43660418963616315,16.868798235942666,15.87651598676957,67.25468577728776,0.0,0.0,153.0,144.0,610.0,0.0,0.0,False,False,True,True,83.13120176405734,181.0,726.0,0.19955898566703417,0.8004410143329658,True,False,standard,,,,,,,,,0.5667342580242251
core_dynamics_daily_7q_h5_d015_s42,12b_feature_sweep,16.0,0.15,0.0005,20.0,2.0,64.0,2025-12-13T20:55:11.477424,0.46960851550102234,100,False,,,,,,0.0,907.0,0.0,100.0,tft-epoch=epoch=86-valloss=val_loss=0.4697,86.0,1.3078172206878662,1.1435983180999756,0.803063154220581,-0.005424141883850098,0.5270121278941565,0.6437298783755105,-0.2258351594209671,0.4340599775314331,907.0,0.5270121278941565,1.0,0.6902527075812274,0.5011313651481015,0.0,0.5270121278941565,3.307607497243661,0.0,96.69239250275635,0.0,0.0,30.0,0.0,877.0,0.0,0.0,False,False,False,True,96.69239250275635,0.0,907.0,0.0,1.0,True,True,standard,"No diverse checkpoints (num_negative > 0), using 4 filtered",,,,,,,,0.528143493042258
core_dynamics_weekly_7q_h1_enc8_s42,12b_feature_sweep,16.0,0.25,0.0005,8.0,2.0,32.0,2025-12-13T21:56:16.223462,1.0440210103988647,100,False,0.058422,0.454226,0.216137,0.102331,187.0,0.0,187.0,0.0,100.0,tft-epoch=epoch=99-predstd=val_pred_std=0.0962,99.0,5.645879745483398,2.376106023788452,1.8113114833831787,0.003346860408782959,0.5614973262032086,0.8515614373850564,-0.21179494261741638,0.6031826734542847,187.0,0.5614973262032086,1.0,0.7191780821917808,0.5083623693379791,0.0,0.5614973262032086,2.6737967914438503,0.0,89.83957219251337,7.4866310160427805,0.0,5.0,0.0,168.0,14.0,0.0,True,False,False,True,97.32620320855615,0.0,187.0,0.0,1.0,True,True,standard,"No diverse checkpoints (num_negative > 0), using 6 filtered",,,,,,,,0.5698596955411876
core_dynamics_weekly_7q_h3_enc12_s42,12b_feature_sweep,16.0,0.15,0.0005,12.0,2.0,16.0,2025-12-13T22:01:48.290387,1.0573688745498657,100,False,,,,,,2.0,179.0,1.1049723756906076,98.89502762430939,tft-epoch=epoch=40-predstd=val_pred_std=0.0805,40.0,5.652370929718018,2.377471446990967,1.8194530010223389,-0.0038050413131713867,0.56353591160221,0.8335655582524885,-0.18429210782051086,0.5558774471282959,179.0,0.5586592178770949,1.0,0.7168458781362006,0.4711111111111111,0.07564449310302734,0.5524861878453039,9.392265193370166,1.6574585635359116,61.87845303867403,27.071823204419886,0.0,17.0,3.0,112.0,49.0,0.0,True,False,True,True,90.60773480662982,2.0,179.0,0.011049723756906077,0.988950276243094,True,False,standard,"No checkpoints >= epoch 80, using all 18",,,,,,,,0.5346470227133211
core_dynamics_weekly_7q_h3_enc8_s42,12b_feature_sweep,16.0,0.25,0.0005,8.0,2.0,32.0,2025-12-13T22:03:30.486854,1.053140640258789,100,False,,,,,,0.0,185.0,0.0,100.0,tft-epoch=epoch=99-predstd=val_pred_std=0.0996,99.0,5.724940776824951,2.3926849365234375,1.8344146013259888,-0.0004220008850097656,0.5567567567567567,0.8327954368571613,-0.21179494261741638,0.5802110433578491,185.0,0.5567567567567567,1.0,0.7152777777777777,0.4589154629410372,0.0,0.5567567567567567,3.2432432432432434,0.0,96.21621621621622,0.5405405405405406,0.0,6.0,0.0,178.0,1.0,0.0,True,False,False,True,96.75675675675677,0.0,185.0,0.0,1.0,True,True,standard,"No diverse checkpoints (num_negative > 0), using 8 filtered",,,,,,,,0.5156722196977939
core_dynamics_weekly_7q_h5_enc12_s42,12b_feature_sweep,16.0,0.15,0.0005,12.0,2.0,16.0,2025-12-13T22:08:02.513650,1.0836868286132812,100,False,,,,,,70.0,109.0,39.10614525139665,60.89385474860335,tft-epoch=epoch=90-valloss=val_loss=1.0844,90.0,5.717761516571045,2.391184091567993,1.8301668167114258,-0.005432605743408203,0.5642458100558659,1.0235900844333752,-0.10144835710525513,0.40072643756866455,109.0,0.5963302752293578,0.6565656565656566,0.625,0.5416666666666666,-0.06626975536346436,0.36312849162011174,24.022346368715084,18.994413407821227,31.843575418994412,25.139664804469277,0.0,43.0,34.0,57.0,45.0,0.0,True,False,True,True,75.97765363128491,70.0,109.0,0.39106145251396646,0.6089385474860335,True,False,standard,,,,,,,,,0.6059124767225326
core_dynamics_weekly_7q_h5_enc8_s42,12b_feature_sweep,16.0,0.25,0.0005,8.0,2.0,32.0,2025-12-13T22:09:14.576777,1.0734294652938843,100,False,,,,,,41.0,142.0,22.404371584699454,77.59562841530055,tft-epoch=epoch=76-predstd=val_pred_std=0.0677,76.0,5.82494592666626,2.413492441177368,1.8396260738372803,-0.008062243461608887,0.5409836065573771,0.4933757951062225,-0.19183869659900665,0.21181142330169678,142.0,0.5633802816901409,0.7843137254901961,0.6557377049180328,0.546235778261922,-0.35426878929138184,0.4371584699453552,8.19672131147541,22.404371584699454,59.56284153005464,9.289617486338798,0.546448087431694,15.0,41.0,109.0,17.0,1.0,True,True,True,True,91.80327868852459,41.0,142.0,0.22404371584699453,0.7759562841530054,True,False,standard,"No checkpoints >= epoch 80, using all 17",,,,,,,,0.5872193848192991
macro_heavy_daily_7q_h10_d015_s42,12b_feature_sweep,16.0,0.15,0.0005,20.0,2.0,64.0,2025-12-13T19:38:44.429409,0.40997883677482605,100,False,,,,,,445.0,798.0,35.80048270313757,64.19951729686244,tft-epoch=epoch=95-unique=val_num_unique=1235,95.0,1.2242038249969482,1.1064374446868896,0.7839252352714539,-0.016673803329467773,0.5470635559131134,1.0503517187205822,-0.18902236223220825,0.8268407583236694,798.0,0.5639097744360902,0.6766917293233082,0.6151742993848257,0.5415589145875068,0.0006908178329467773,0.36202735317779566,10.217216411906678,8.205953338696702,77.95655671761867,2.091713596138375,1.5285599356395816,127.0,102.0,969.0,26.0,19.0,True,True,True,True,89.78278358809332,445.0,798.0,0.3580048270313757,0.6419951729686243,True,False,standard,,,,,,,,,0.5886224705006202
macro_heavy_daily_7q_h1_d010_s42,12b_feature_sweep,16.0,0.1,0.0005,20.0,2.0,64.0,2025-12-13T18:53:21.118154,0.39075717329978943,100,False,0.030855,0.129297,0.067353,0.017953,1251.0,0.0,1252.0,0.0,100.0,tft-epoch=epoch=82-valloss=val_loss=0.3911,82.0,1.1984697580337524,1.094746470451355,0.7814606428146362,0.00030344724655151367,0.5343450479233227,0.801253032126234,-0.2524595558643341,0.8529284000396729,1252.0,0.5343450479233227,1.0,0.6965122332118688,0.4928004984270319,0.0,0.5343450479233227,2.3961661341853033,0.0,93.9297124600639,3.4345047923322687,0.23961661341853036,30.0,0.0,1176.0,43.0,3.0,True,True,False,True,97.60383386581469,0.0,1252.0,0.0,1.0,True,True,standard,"No diverse checkpoints (num_negative > 0), using 5 filtered",,,,,,,,0.5271455463503546
macro_heavy_daily_7q_h1_d015_s42,12b_feature_sweep,16.0,0.15,0.0005,20.0,2.0,64.0,2025-12-13T18:53:23.332776,0.3915771245956421,100,False,-0.211907,0.027367,-0.117681,0.065376,1251.0,1167.0,85.0,93.21086261980831,6.78913738019169,tft-epoch=epoch=00-composite=val_composite=0.4483,0.0,1.228567123413086,1.1084074974060059,0.7975283265113831,-0.024802088737487793,0.476038338658147,0.4253954017566002,-0.0485929511487484,0.08363056182861328,85.0,0.5764705882352941,0.07324364723467862,0.129973474801061,0.5302863647901299,-0.7692978382110596,0.03913738019169329,7.907348242811501,6.94888178913738,17.412140575079874,17.0926517571885,50.638977635782744,99.0,87.0,218.0,214.0,634.0,True,True,True,True,92.09265175718849,1167.0,85.0,0.9321086261980831,0.06789137380191693,True,False,standard,"No checkpoints >= epoch 80, using all 21",,,,,,,,0.506324703448277
macro_heavy_daily_7q_h3_d010_s42,12b_feature_sweep,16.0,0.1,0.0005,20.0,2.0,64.0,2025-12-13T18:53:25.559386,0.39261528849601746,100,False,,,,,,284.0,966.0,22.720000000000002,77.28,tft-epoch=epoch=98-predstd=val_pred_std=0.0361,98.0,1.1984747648239136,1.0947487354278564,0.777338445186615,0.00033104419708251953,0.5536,1.209328227073331,-0.1890222132205963,1.1315045356750488,966.0,0.556935817805383,0.8053892215568862,0.6585067319461444,0.5440639339876947,0.2989567518234253,0.4304,13.44,5.04,70.39999999999999,7.04,4.08,168.0,63.0,880.0,88.0,51.0,True,True,True,True,86.56,284.0,966.0,0.2272,0.7728,True,False,standard,,,,,,,,,0.5976639339876947
macro_heavy_daily_7q_h3_d015_s42,12b_feature_sweep,16.0,0.15,0.0005,20.0,2.0,64.0,2025-12-13T18:53:27.662975,0.39451470971107483,100,False,,,,,,277.0,973.0,22.16,77.84,tft-epoch=epoch=98-predstd=val_pred_std=0.0286,98.0,1.193452000617981,1.0924522876739502,0.7783371806144714,0.004520595073699951,0.5512,1.127665972983234,-0.18902237713336945,1.0348851680755615,973.0,0.5549845837615622,0.8083832335329342,0.6581352833638027,0.5394108689836822,0.202337384223938,0.432,9.76,5.52,84.72,0.0,0.0,122.0,69.0,1059.0,0.0,0.0,False,False,True,True,90.24,277.0,973.0,0.2216,0.7784,True,False,standard,,,,,,,,,0.5906108689836822
macro_heavy_daily_7q_h5_d010_s42,12b_feature_sweep,16.0,0.1,0.0005,20.0,2.0,64.0,2025-12-13T18:53:29.862254,0.39853301644325256,100,False,,,,,,340.0,908.0,27.24358974358974,72.75641025641026,tft-epoch=epoch=92-predstd=val_pred_std=0.0294,92.0,1.2037348747253418,1.0971485376358032,0.7792918086051941,-0.0027838945388793945,0.5544871794871795,1.1772548388679276,-0.1890222281217575,1.0626823902130127,908.0,0.5616740088105727,0.7634730538922155,0.6472081218274113,0.5368650629774933,0.21484267711639404,0.40865384615384615,18.58974358974359,8.012820512820513,66.50641025641025,5.769230769230769,1.1217948717948718,232.0,100.0,830.0,72.0,14.0,True,True,True,True,81.41025641025641,340.0,908.0,0.2724358974358974,0.7275641025641025,True,False,standard,,,,,,,,,0.5913522424646728
macro_heavy_daily_7q_h5_d015_s42,12b_feature_sweep,16.0,0.15,0.0005,20.0,2.0,64.0,2025-12-13T19:38:32.397002,0.3991386592388153,100,False,,,,,,341.0,907.0,27.323717948717945,72.67628205128206,tft-epoch=epoch=99-predstd=val_pred_std=0.0361,99.0,1.2023781538009644,1.0965300798416138,0.7784585952758789,-0.0016536712646484375,0.5520833333333334,1.1413468795726593,-0.18902242183685303,1.0091376304626465,907.0,0.5600882028665931,0.7604790419161677,0.645079365079365,0.5402978525707206,0.16129791736602783,0.40705128205128205,17.467948717948715,9.615384615384617,68.99038461538461,3.926282051282051,0.0,218.0,120.0,861.0,49.0,0.0,True,False,True,True,82.53205128205127,341.0,907.0,0.27323717948717946,0.7267628205128205,True,False,standard,,,,,,,,,0.592381185904054
macro_heavy_weekly_7q_h1_enc8_s42,12b_feature_sweep,16.0,0.25,0.0005,8.0,2.0,32.0,2025-12-13T21:15:55.869116,0.7345143556594849,100,False,-0.436145,0.054184,-0.26501,0.138206,235.0,219.0,16.0,93.19148936170212,6.808510638297875,tft-epoch=epoch=01-composite=val_composite=0.4968,1.0,5.1774725914001465,2.2754061222076416,1.778694748878479,-0.04670822620391846,0.46808510638297873,0.6968217846361593,-0.033120203763246536,0.1302732229232788,16.0,0.6875,0.08396946564885496,0.14965986394557823,0.5422049324721081,-0.5575419664382935,0.04680851063829787,11.48936170212766,1.276595744680851,25.106382978723403,1.276595744680851,60.851063829787236,27.0,3.0,59.0,3.0,143.0,True,True,True,True,88.51063829787233,219.0,16.0,0.9319148936170213,0.06808510638297872,True,False,standard,"No checkpoints >= epoch 80, using all 19",,,,,,,,0.5102900388550868
macro_heavy_weekly_7q_h3_enc12_s42,12b_feature_sweep,16.0,0.15,0.0005,12.0,2.0,16.0,2025-12-13T21:16:18.021612,0.7430936694145203,100,False,,,,,,206.0,23.0,89.95633187772926,10.043668122270745,tft-epoch=epoch=00-composite=val_composite=0.4991,0.0,5.1101484298706055,2.260563850402832,1.758497714996338,-0.036760568618774414,0.4585152838427948,0.6458380719861977,-0.03312016278505325,0.12140369415283203,23.0,0.6086956521739131,0.10852713178294573,0.1842105263157895,0.5611627906976744,-0.5910665988922119,0.0611353711790393,6.550218340611353,8.296943231441048,23.144104803493452,23.580786026200872,38.427947598253276,15.0,19.0,53.0,54.0,88.0,True,True,True,True,93.44978165938865,206.0,23.0,0.8995633187772926,0.10043668122270742,True,False,standard,"No checkpoints >= epoch 80, using all 18",,,,,,,,0.5196780745404692
macro_heavy_weekly_7q_h3_enc8_s42,12b_feature_sweep,16.0,0.25,0.0005,8.0,2.0,32.0,2025-12-13T21:25:59.871805,0.7390279173851013,100,False,,,,,,211.0,22.0,90.55793991416309,9.442060085836914,tft-epoch=epoch=01-composite=val_composite=0.4945,1.0,5.106441974639893,2.2597436904907227,1.7588921785354614,-0.0393751859664917,0.45493562231759654,0.6831168581587608,-0.03312017768621445,0.1296929121017456,22.0,0.5909090909090909,0.09923664122137404,0.16993464052287582,0.550666067953899,-0.652573823928833,0.055793991416309016,8.15450643776824,8.15450643776824,22.317596566523605,1.7167381974248928,59.65665236051502,19.0,19.0,52.0,4.0,139.0,True,True,True,True,91.84549356223175,211.0,22.0,0.9055793991416309,0.0944206008583691,True,False,standard,"No checkpoints >= epoch 80, using all 20",,,,,,,,0.5056016902714956
macro_heavy_weekly_7q_h5_enc12_s42,12b_feature_sweep,16.0,0.15,0.0005,12.0,2.0,16.0,2025-12-13T21:28:11.902744,0.7452316284179688,100,False,,,,,,200.0,27.0,88.10572687224669,11.894273127753308,tft-epoch=epoch=00-composite=val_composite=0.4944,0.0,5.125171184539795,2.2638840675354004,1.7595489025115967,-0.03554725646972656,0.44493392070484583,0.2749415852110621,-0.0704323798418045,0.05653190612792969,27.0,0.5555555555555556,0.11627906976744186,0.19230769230769232,0.5674735010283184,-0.7019906044006348,0.06607929515418502,5.286343612334802,8.81057268722467,24.229074889867842,28.193832599118945,33.480176211453745,12.0,20.0,55.0,64.0,76.0,True,True,True,True,94.7136563876652,200.0,27.0,0.8810572687224669,0.11894273127753303,True,False,standard,"No checkpoints >= epoch 80, using all 18",,,,,,,,0.5124074217331642
macro_heavy_weekly_7q_h5_enc8_s42,12b_feature_sweep,16.0,0.25,0.0005,8.0,2.0,32.0,2025-12-13T21:33:04.039320,0.7449264526367188,100,False,,,,,,0.0,231.0,0.0,100.0,tft-epoch=epoch=94-predstd=val_pred_std=0.0742,94.0,4.932989597320557,2.2210333347320557,1.706902027130127,-0.00011408329010009766,0.5670995670995671,0.9305560458284869,-0.24823009967803955,0.8301959037780762,231.0,0.5670995670995671,1.0,0.7237569060773481,0.5313740458015267,0.0,0.5670995670995671,2.1645021645021645,0.0,52.81385281385281,8.658008658008658,36.36363636363637,5.0,0.0,122.0,20.0,84.0,True,True,False,True,97.83549783549785,0.0,231.0,0.0,1.0,True,True,standard,"No diverse checkpoints (num_negative > 0), using 4 filtered",,,,,,,,0.5984736129010938
market_only_daily_7q_h10_d015_s42,12b_feature_sweep,16.0,0.15,0.0005,20.0,2.0,64.0,2025-12-13T20:22:19.047138,0.474829763174057,100,False,,,,,,119.0,783.0,13.19290465631929,86.80709534368071,tft-epoch=epoch=98-unique=val_num_unique=902,98.0,1.3070546388626099,1.143264889717102,0.8060702085494995,-4.76837158203125e-05,0.5254988913525499,0.7049212165705454,-0.21611720323562622,0.454317569732666,783.0,0.5300127713920817,0.8736842105263158,0.6597774244833069,0.48150375939849627,0.02702021598815918,0.46008869179600886,40.909090909090914,10.643015521064301,48.447893569844794,0.0,0.0,369.0,96.0,437.0,0.0,0.0,False,False,True,True,59.09090909090909,119.0,783.0,0.1319290465631929,0.8680709534368071,True,False,standard,,,,,,,,,0.5070026507510461
market_only_daily_7q_h1_d010_s42,12b_feature_sweep,16.0,0.1,0.0005,20.0,2.0,64.0,2025-12-13T19:39:06.533804,0.44810524582862854,100,False,-0.061716,0.317998,0.051219,0.055298,911.0,162.0,749.0,17.78265642151482,82.21734357848518,tft-epoch=epoch=89-composite=val_composite=0.4834,89.0,1.292616367340088,1.1369328498840332,0.800362229347229,0.002039313316345215,0.5181119648737651,0.49488196713997645,-0.1971929669380188,0.2845609188079834,749.0,0.5287049399198932,0.8215767634854771,0.6433793663688059,0.4947334822853494,-0.16060984134674072,0.43468715697036225,61.47091108671789,9.879253567508233,28.649835345773877,0.0,0.0,560.0,90.0,261.0,0.0,0.0,False,False,True,True,38.52908891328211,162.0,749.0,0.1778265642151482,0.8221734357848518,True,False,standard,,,,,,,,,0.5128454471591145
market_only_daily_7q_h1_d015_s42,12b_feature_sweep,16.0,0.15,0.0005,20.0,2.0,64.0,2025-12-13T19:39:18.536049,0.44864609837532043,100,False,-0.023607,0.311892,0.07756,0.046299,911.0,25.0,886.0,2.7442371020856204,97.25576289791438,tft-epoch=epoch=93-predstd=val_pred_std=0.0624,93.0,1.292643427848816,1.1369447708129883,0.7998473048210144,0.002018451690673828,0.5301866081229418,0.7423332110055153,-0.20761889219284058,0.5266101360321045,886.0,0.5304740406320542,0.975103734439834,0.6871345029239766,0.49580226136242733,0.08143937587738037,0.5159165751920965,40.39517014270033,0.10976948408342481,59.49506037321625,0.0,0.0,368.0,1.0,542.0,0.0,0.0,False,False,True,True,59.60482985729967,25.0,886.0,0.027442371020856202,0.9725576289791438,True,True,standard,,,,,,,,,0.5259888694853692
market_only_daily_7q_h3_d010_s42,12b_feature_sweep,16.0,0.1,0.0005,20.0,2.0,64.0,2025-12-13T19:40:00.298417,0.45287373661994934,100,False,,,,,,284.0,625.0,31.24312431243124,68.75687568756877,tft-epoch=epoch=90-predstd=val_pred_std=0.0480,90.0,1.303663969039917,1.1417810916900635,0.806575357913971,-0.004367709159851074,0.4884488448844885,0.3102985701075793,-0.2258351594209671,0.14228904247283936,625.0,0.512,0.6666666666666666,0.579185520361991,0.45097125097125096,-0.2975364923477173,0.35203520352035206,36.743674367436746,32.67326732673268,27.502750275027505,3.08030803080308,0.0,334.0,297.0,250.0,28.0,0.0,True,False,True,True,63.25632563256326,284.0,625.0,0.3124312431243124,0.6875687568756875,True,False,standard,,,,,,,,,0.43942009585573943
market_only_daily_7q_h3_d015_s42,12b_feature_sweep,16.0,0.15,0.0005,20.0,2.0,64.0,2025-12-13T20:11:52.942924,0.45402994751930237,100,False,,,,,,227.0,682.0,24.972497249724974,75.02750275027503,tft-epoch=epoch=95-predstd=val_pred_std=0.0444,95.0,1.2996360063552856,1.1400158405303955,0.803955614566803,-0.0012644529342651367,0.4807480748074808,0.2978064976475692,-0.2258351594209671,0.13577795028686523,682.0,0.5058651026392962,0.71875,0.5938037865748709,0.4580273892773893,-0.3040475845336914,0.3795379537953795,39.49394939493949,26.842684268426844,29.7029702970297,3.9603960396039604,0.0,359.0,244.0,270.0,36.0,0.0,True,False,True,True,60.50605060506051,227.0,682.0,0.24972497249724973,0.7502750275027503,True,False,standard,,,,,,,,,0.43877546408487006
market_only_daily_7q_h5_d010_s42,12b_feature_sweep,16.0,0.1,0.0005,20.0,2.0,64.0,2025-12-13T20:11:54.809478,0.4593844413757324,100,False,,,,,,339.0,568.0,37.37596471885336,62.62403528114664,tft-epoch=epoch=94-predstd=val_pred_std=0.0559,94.0,1.3092069625854492,1.1442058086395264,0.8083339929580688,-0.00649261474609375,0.4862183020948181,0.3135216630649189,-0.2258351594209671,0.14090478420257568,568.0,0.5105633802816901,0.606694560669456,0.5544933078393881,0.4816982180998918,-0.2931551933288574,0.3197353914002205,31.642778390297682,34.178610804851154,34.178610804851154,0.0,0.0,287.0,310.0,310.0,0.0,0.0,False,False,True,True,68.35722160970231,339.0,568.0,0.3737596471885336,0.6262403528114664,True,False,standard,,,,,,,,,0.46791652019470986
market_only_daily_7q_h5_d015_s42,12b_feature_sweep,16.0,0.15,0.0005,20.0,2.0,64.0,2025-12-13T20:12:46.612504,0.4587526023387909,100,False,,,,,,403.0,504.0,44.432194046306506,55.567805953693494,tft-epoch=epoch=93-predstd=val_pred_std=0.0588,93.0,1.304659366607666,1.1422169208526611,0.8078916072845459,-0.0029965639114379883,0.4906284454244763,0.4412936262222315,-0.17591725289821625,0.21470427513122559,504.0,0.5158730158730159,0.5439330543933054,0.529531568228106,0.47520262164613625,-0.21935570240020752,0.2866593164277839,44.87320837927233,32.63506063947078,22.49173098125689,0.0,0.0,407.0,296.0,204.0,0.0,0.0,False,False,True,True,55.12679162072767,403.0,504.0,0.44432194046306506,0.5556780595369349,True,False,standard,,,,,,,,,0.46583106707061256
market_only_weekly_7q_h1_enc8_s42,12b_feature_sweep,16.0,0.25,0.0005,8.0,2.0,32.0,2025-12-13T21:43:06.055143,1.0418246984481812,100,False,-0.090075,0.308147,0.078745,0.104678,187.0,45.0,142.0,24.06417112299465,75.93582887700535,tft-epoch=epoch=83-composite=val_composite=0.4966,83.0,5.670513153076172,2.38128399848938,1.8220689296722412,-0.001001596450805664,0.5347593582887701,0.6214582550529067,-0.21179494261741638,0.33831703662872314,142.0,0.5633802816901409,0.7619047619047619,0.6477732793522267,0.5056910569105691,-0.2648656368255615,0.42780748663101603,28.342245989304814,26.203208556149733,39.037433155080215,5.347593582887701,1.06951871657754,53.0,49.0,73.0,10.0,2.0,True,True,True,True,71.65775401069519,45.0,142.0,0.24064171122994651,0.7593582887700535,True,False,standard,,,,,,,,,0.5404504151993392
market_only_weekly_7q_h3_enc12_s42,12b_feature_sweep,16.0,0.15,0.0005,12.0,2.0,16.0,2025-12-13T21:43:48.013751,1.088244080543518,100,False,,,,,,49.0,132.0,27.071823204419886,72.92817679558011,tft-epoch=epoch=99-predstd=val_pred_std=0.1148,99.0,5.666650295257568,2.3804726600646973,1.8297213315963745,-0.0063408613204956055,0.49171270718232046,0.5594994260256707,-0.18429210782051086,0.2828037738800049,132.0,0.5303030303030303,0.7,0.603448275862069,0.5019753086419754,-0.19742918014526367,0.3867403314917127,32.59668508287293,12.70718232044199,48.06629834254144,6.629834254143646,0.0,59.0,23.0,87.0,12.0,0.0,True,False,True,True,67.40331491712708,49.0,132.0,0.27071823204419887,0.7292817679558011,True,False,standard,,,,,,,,,0.49368801582429583
market_only_weekly_7q_h3_enc8_s42,12b_feature_sweep,16.0,0.25,0.0005,8.0,2.0,32.0,2025-12-13T21:47:50.012294,1.0592961311340332,100,False,,,,,,83.0,102.0,44.86486486486487,55.13513513513513,tft-epoch=epoch=98-composite=val_composite=0.5085,98.0,5.76113224029541,2.400235891342163,1.8552919626235962,-0.006746411323547363,0.4864864864864865,0.9084003614054763,-0.16424646973609924,0.45040416717529297,102.0,0.5392156862745098,0.5339805825242718,0.5365853658536585,0.5210750651195832,-0.12980687618255615,0.2972972972972973,38.91891891891892,33.513513513513516,23.783783783783786,3.783783783783784,0.0,72.0,62.0,44.0,7.0,0.0,True,False,True,True,61.08108108108109,83.0,102.0,0.4486486486486487,0.5513513513513514,True,False,standard,,,,,,,,,0.5075615516060697
market_only_weekly_7q_h5_enc12_s42,12b_feature_sweep,16.0,0.15,0.0005,12.0,2.0,16.0,2025-12-13T21:50:22.072495,1.1066064834594727,100,False,,,,,,52.0,127.0,29.05027932960894,70.94972067039106,tft-epoch=epoch=81-predstd=val_pred_std=0.0858,81.0,5.716997146606445,2.391024351119995,1.8350642919540405,-0.005298256874084473,0.5307262569832403,0.917864569879905,-0.16340014338493347,0.5021845102310181,127.0,0.5590551181102362,0.7171717171717171,0.6283185840707965,0.5166666666666666,0.03518831729888916,0.39664804469273746,43.01675977653631,10.614525139664805,25.139664804469277,8.379888268156424,12.849162011173185,77.0,19.0,45.0,15.0,23.0,True,True,True,True,56.98324022346369,52.0,127.0,0.2905027932960894,0.7094972067039106,True,False,standard,,,,,,,,,0.5473929236499069
market_only_weekly_7q_h5_enc8_s42,12b_feature_sweep,16.0,0.25,0.0005,8.0,2.0,32.0,2025-12-13T21:54:34.229915,1.0914924144744873,100,False,,,,,,89.0,94.0,48.63387978142077,51.36612021857923,tft-epoch=epoch=99-predstd=val_pred_std=0.1003,99.0,5.864433765411377,2.421659231185913,1.8552886247634888,-0.014896035194396973,0.5081967213114754,0.6988751730558612,-0.10562771558761597,0.2225736379623413,94.0,0.5638297872340425,0.5196078431372549,0.5408163265306123,0.5050835148874364,-0.3435065746307373,0.2896174863387978,30.601092896174865,18.579234972677597,45.3551912568306,3.278688524590164,2.185792349726776,56.0,34.0,83.0,6.0,4.0,True,True,True,True,69.39890710382514,89.0,94.0,0.48633879781420764,0.5136612021857924,True,False,standard,,,,,,,,,0.5132802361989118
