{
  "evaluation_timestamp": "2025-10-30T03:12:54.510846",
  "statistical_metrics": {
    "mse": 1.171387791633606,
    "rmse": 1.0823067426681519,
    "mae": 0.7713769674301147,
    "mape": 151.38425827026367,
    "r2": 0.004566967487335205,
    "mean_error": 0.0072472007013857365,
    "std_error": 1.0822824239730835
  },
  "financial_metrics": {
    "directional_accuracy": 0.5359375,
    "sharpe_ratio": 0.8790067345516318,
    "max_drawdown": -0.1942625492811203,
    "total_return": 0.8648793697357178,
    "hit_rate": 0.45625,
    "num_trades": 1075,
    "precision": 0.5432558139534883,
    "recall": 0.8500727802037845,
    "f1_score": 0.6628830874006809,
    "confusion_matrix": [
      [
        102,
        491
      ],
      [
        103,
        584
      ]
    ],
    "auc_roc": 0.5287230203907303,
    "alpha": -0.05672872066497803
  },
  "residual_diagnostics": {
    "normality_p_value": 1.536710314024902e-38,
    "acf_lag1": -0.028824948049799043,
    "skewness": 0.013294799545742786,
    "kurtosis": 6.227497244911433
  },
  "mode_stats": {
    "healthy_days": 617,
    "degraded_days": 145,
    "unidirectional_days": 482,
    "weak_collapse_days": 36,
    "strong_collapse_days": 0,
    "total_days": 1280,
    "healthy_pct": 48.203125,
    "degraded_pct": 11.328125,
    "unidirectional_pct": 37.65625,
    "weak_collapse_pct": 2.8125,
    "strong_collapse_pct": 0.0
  },
  "collapse_detected": true,
  "degradation_detected": true,
  "checkpoint_used": "experiments/00_baseline_exploration/sweep2_h16_drop_0.1/checkpoints/tft-epoch=47-val_loss=0.4031.ckpt"
}