{
  "evaluation_timestamp": "2025-10-27T12:01:58.298484",
  "statistical_metrics": {
    "mse": 1.1844418048858643,
    "rmse": 1.0883206129074097,
    "mae": 0.774634838104248,
    "mape": 155.4451584815979,
    "r2": -0.0065261125564575195,
    "mean_error": 0.0727744922041893,
    "std_error": 1.085884690284729
  },
  "financial_metrics": {
    "directional_accuracy": 0.52734375,
    "sharpe_ratio": 0.9333020305308152,
    "max_drawdown": -0.1890222430229187,
    "total_return": 0.5659700632095337,
    "hit_rate": 0.24296875,
    "num_trades": 540,
    "precision": 0.575925925925926,
    "recall": 0.45269286754002913,
    "f1_score": 0.5069274653626732,
    "confusion_matrix": [
      [
        364,
        229
      ],
      [
        376,
        311
      ]
    ],
    "auc_roc": 0.5440620926824599,
    "alpha": -0.3556380271911621
  },
  "residual_diagnostics": {
    "normality_p_value": 1.0750370691081115e-39,
    "acf_lag1": -0.034517899469516375,
    "skewness": 0.12535266998386493,
    "kurtosis": 6.329704975161119
  },
  "mode_stats": {
    "healthy_days": 171,
    "degraded_days": 126,
    "unidirectional_days": 784,
    "weak_collapse_days": 78,
    "strong_collapse_days": 121,
    "total_days": 1280,
    "healthy_pct": 13.359375000000002,
    "degraded_pct": 9.84375,
    "unidirectional_pct": 61.25000000000001,
    "weak_collapse_pct": 6.09375,
    "strong_collapse_pct": 9.453125
  },
  "collapse_detected": true,
  "degradation_detected": true,
  "checkpoint_used": "experiments/00_baseline_exploration/sweep2_h16_drop_0.1/checkpoints/tft-epoch=01-val_loss=0.1322.ckpt"
}