{
  "evaluation_timestamp": "2025-11-02T00:07:58.540726",
  "statistical_metrics": {
    "mse": 1.1743099689483643,
    "rmse": 1.083655834197998,
    "mae": 0.7717279195785522,
    "mape": 155.04999160766602,
    "r2": 0.0005747079849243164,
    "mean_error": -0.01761416345834732,
    "std_error": 1.0835126638412476
  },
  "financial_metrics": {
    "directional_accuracy": 0.5374414976599063,
    "sharpe_ratio": 0.8380294796085687,
    "max_drawdown": -0.2524595558643341,
    "total_return": 0.9312556982040405,
    "hit_rate": 0.5374414976599063,
    "num_trades": 1282,
    "precision": 0.5374414976599063,
    "recall": 1.0,
    "f1_score": 0.6991374936580415,
    "confusion_matrix": [
      [
        0,
        593
      ],
      [
        0,
        689
      ]
    ],
    "auc_roc": 0.4779784471470494,
    "alpha": 0.0
  },
  "residual_diagnostics": {
    "normality_p_value": 2.2972511257568044e-39,
    "acf_lag1": -0.0340152468329662,
    "skewness": 0.03200013939466609,
    "kurtosis": 6.400333258582503
  },
  "mode_stats": {
    "healthy_days": 30,
    "degraded_days": 0,
    "unidirectional_days": 1158,
    "weak_collapse_days": 94,
    "strong_collapse_days": 0,
    "total_days": 1282,
    "healthy_pct": 2.3400936037441498,
    "degraded_pct": 0.0,
    "unidirectional_pct": 90.32761310452419,
    "weak_collapse_pct": 7.332293291731669,
    "strong_collapse_pct": 0.0
  },
  "collapse_detected": true,
  "degradation_detected": true,
  "checkpoint_used": "experiments/02_vintage_baseline/staleness_vintage_h16_drop0.25_lr5/checkpoints/tft-epoch=86-val_loss=0.3955.ckpt"
}