{
  "evaluation_timestamp": "2025-10-22T23:15:11.286933",
  "statistical_metrics": {
    "mse": 1.1768913269042969,
    "rmse": 1.0848462581634521,
    "mae": 0.7727001905441284,
    "mape": 128.7325620651245,
    "r2": -0.00010991096496582031,
    "mean_error": 0.021194936707615852,
    "std_error": 1.0846391916275024
  },
  "financial_metrics": {
    "directional_accuracy": 0.53671875,
    "sharpe_ratio": 0.8329736080938573,
    "max_drawdown": -0.2524605989456177,
    "total_return": 0.9216080904006958,
    "hit_rate": 0.53671875,
    "num_trades": 1280,
    "precision": 0.53671875,
    "recall": 1.0,
    "f1_score": 0.6985256736146417,
    "confusion_matrix": [
      [
        0,
        593
      ],
      [
        0,
        687
      ]
    ],
    "auc_roc": 0.5510688748646877,
    "alpha": 0.0
  },
  "residual_diagnostics": {
    "normality_p_value": 3.832643449114896e-40,
    "acf_lag1": -0.03621499509144598,
    "skewness": 0.08771609730896955,
    "kurtosis": 6.526707487803616
  },
  "checkpoint_used": "experiments/sweep_stale_h12_drop0.15_lr5/checkpoints/tft-epoch=03-val_loss=0.1440.ckpt"
}