{
  "evaluation_timestamp": "2025-10-30T03:24:14.548162",
  "statistical_metrics": {
    "mse": 1.1756772994995117,
    "rmse": 1.0842865705490112,
    "mae": 0.773394763469696,
    "mape": 138.10685873031616,
    "r2": 0.000921785831451416,
    "mean_error": -0.017492948099970818,
    "std_error": 1.084145426750183
  },
  "financial_metrics": {
    "directional_accuracy": 0.53671875,
    "sharpe_ratio": 0.8329736080938573,
    "max_drawdown": -0.2524605989456177,
    "total_return": 0.9216080904006958,
    "hit_rate": 0.53671875,
    "num_trades": 1280,
    "precision": 0.53671875,
    "recall": 1.0,
    "f1_score": 0.6985256736146417,
    "confusion_matrix": [
      [
        0,
        593
      ],
      [
        0,
        687
      ]
    ],
    "auc_roc": 0.4646003470867054,
    "alpha": 0.0
  },
  "residual_diagnostics": {
    "normality_p_value": 1.174126834382665e-38,
    "acf_lag1": -0.03052545764364628,
    "skewness": -0.017251269740266605,
    "kurtosis": 6.253647833949534
  },
  "mode_stats": {
    "healthy_days": 30,
    "degraded_days": 0,
    "unidirectional_days": 1182,
    "weak_collapse_days": 62,
    "strong_collapse_days": 6,
    "total_days": 1280,
    "healthy_pct": 2.34375,
    "degraded_pct": 0.0,
    "unidirectional_pct": 92.34375,
    "weak_collapse_pct": 4.84375,
    "strong_collapse_pct": 0.46875
  },
  "collapse_detected": true,
  "degradation_detected": true,
  "checkpoint_used": "experiments/01_staleness_features_fixed/sweep_stale_h12_drop0.15_lr5/checkpoints/tft-epoch=80-val_loss=0.4006.ckpt"
}