{
  "evaluation_timestamp": "2025-10-27T12:03:14.186760",
  "statistical_metrics": {
    "mse": 1.1768913269042969,
    "rmse": 1.0848462581634521,
    "mae": 0.7727001905441284,
    "mape": 128.73270511627197,
    "r2": -0.00010991096496582031,
    "mean_error": 0.021194802597165108,
    "std_error": 1.0846391916275024
  },
  "financial_metrics": {
    "directional_accuracy": 0.53671875,
    "sharpe_ratio": 0.8329736080938573,
    "max_drawdown": -0.2524605989456177,
    "total_return": 0.9216080904006958,
    "hit_rate": 0.53671875,
    "num_trades": 1280,
    "precision": 0.53671875,
    "recall": 1.0,
    "f1_score": 0.6985256736146417,
    "confusion_matrix": [
      [
        0,
        593
      ],
      [
        0,
        687
      ]
    ],
    "auc_roc": 0.5510676475425329,
    "alpha": 0.0
  },
  "residual_diagnostics": {
    "normality_p_value": 3.832548257115507e-40,
    "acf_lag1": -0.03621499711416171,
    "skewness": 0.08771637757824594,
    "kurtosis": 6.526709554992648
  },
  "mode_stats": {
    "healthy_days": 29,
    "degraded_days": 1,
    "unidirectional_days": 381,
    "weak_collapse_days": 867,
    "strong_collapse_days": 2,
    "total_days": 1280,
    "healthy_pct": 2.265625,
    "degraded_pct": 0.078125,
    "unidirectional_pct": 29.765625,
    "weak_collapse_pct": 67.734375,
    "strong_collapse_pct": 0.15625
  },
  "collapse_detected": true,
  "degradation_detected": true,
  "checkpoint_used": "experiments/01_staleness_features_fixed/sweep_stale_h12_drop0.15_lr5/checkpoints/tft-epoch=03-val_loss=0.1440.ckpt"
}