{
  "period_statistics": {
    "2020": {
      "n_samples": 92,
      "entropy_mean": 2.988873243331909,
      "entropy_std": 0.0045673176646232605,
      "attention_concentration": 0.05036670342087746,
      "top_features": [
        [
          "t-20",
          0.06567748636007309
        ],
        [
          "t-19",
          0.05714293569326401
        ],
        [
          "t-18",
          0.053466279059648514
        ],
        [
          "t-17",
          0.05139918997883797
        ],
        [
          "t-16",
          0.050209708511829376
        ]
      ],
      "mean_attention": [
        0.06567748636007309,
        0.05714293569326401,
        0.053466279059648514,
        0.05139918997883797,
        0.050209708511829376,
        0.04947146028280258,
        0.0489983856678009,
        0.048667535185813904,
        0.04843492433428764,
        0.04824317991733551,
        0.0480901263654232,
        0.04796081408858299,
        0.04784359037876129,
        0.04788331314921379,
        0.04786040633916855,
        0.047811128199100494,
        0.04776345565915108,
        0.04772140830755234,
        0.04768979921936989,
        0.0476648323237896
      ],
      "std_attention": [
        0.007205239497125149,
        0.00556225748732686,
        0.004784119315445423,
        0.004284114111214876,
        0.003969187848269939,
        0.003747244831174612,
        0.0036162149626761675,
        0.003537020878866315,
        0.003489892231300473,
        0.003464743494987488,
        0.0034926075022667646,
        0.003550670575350523,
        0.003615274326875806,
        0.0038346201181411743,
        0.00392509251832962,
        0.004020188003778458,
        0.004114782437682152,
        0.004220889415591955,
        0.004333300516009331,
        0.00447442103177309
      ]
    },
    "2021": {
      "n_samples": 250,
      "entropy_mean": 2.985292434692383,
      "entropy_std": 0.013012120500206947,
      "attention_concentration": 0.05036064237356186,
      "top_features": [
        [
          "t-20",
          0.06518711149692535
        ],
        [
          "t-19",
          0.05714363977313042
        ],
        [
          "t-18",
          0.0536971278488636
        ],
        [
          "t-17",
          0.051709339022636414
        ],
        [
          "t-16",
          0.05049481615424156
        ]
      ],
      "mean_attention": [
        0.06518711149692535,
        0.05714363977313042,
        0.0536971278488636,
        0.051709339022636414,
        0.05049481615424156,
        0.04977438598871231,
        0.049256958067417145,
        0.04891215264797211,
        0.04868772253394127,
        0.04847650229930878,
        0.04831140115857124,
        0.04817941412329674,
        0.048077356070280075,
        0.04791240021586418,
        0.047736916691064835,
        0.04757656157016754,
        0.04741876199841499,
        0.04727567359805107,
        0.04714357852935791,
        0.04702823609113693
      ],
      "std_attention": [
        0.0077859810553491116,
        0.006955229677259922,
        0.006601195782423019,
        0.006109445355832577,
        0.005736291408538818,
        0.005506934132426977,
        0.005410344339907169,
        0.0053825038485229015,
        0.005381155293434858,
        0.0054268487729132175,
        0.005460603162646294,
        0.0054856231436133385,
        0.005492785479873419,
        0.005485171917825937,
        0.005607323255389929,
        0.005793225485831499,
        0.006072993390262127,
        0.0064895921386778355,
        0.007039321586489677,
        0.007654842920601368
      ]
    },
    "2022": {
      "n_samples": 249,
      "entropy_mean": 2.98026442527771,
      "entropy_std": 0.016086602583527565,
      "attention_concentration": 0.050062742084264755,
      "top_features": [
        [
          "t-20",
          0.056330956518650055
        ],
        [
          "t-19",
          0.05305672809481621
        ],
        [
          "t-18",
          0.05153072252869606
        ],
        [
          "t-17",
          0.05068286508321762
        ],
        [
          "t-16",
          0.05017970874905586
        ]
      ],
      "mean_attention": [
        0.056330956518650055,
        0.05305672809481621,
        0.05153072252869606,
        0.05068286508321762,
        0.05017970874905586,
        0.04978339746594429,
        0.0495576411485672,
        0.049416616559028625,
        0.04924698546528816,
        0.04912290722131729,
        0.0490577295422554,
        0.048994455486536026,
        0.04893038421869278,
        0.048875629901885986,
        0.04886757582426071,
        0.04896370321512222,
        0.04907028004527092,
        0.04922989755868912,
        0.04943643510341644,
        0.049665406346321106
      ],
      "std_attention": [
        0.011872956529259682,
        0.010155409574508667,
        0.009091931395232677,
        0.008496874012053013,
        0.008030887693166733,
        0.007634416222572327,
        0.007313762791454792,
        0.007130179554224014,
        0.006971861235797405,
        0.006906035356223583,
        0.0069180927239358425,
        0.007037112023681402,
        0.007291249930858612,
        0.007627415936440229,
        0.007997588254511356,
        0.008449382148683071,
        0.00902951043099165,
        0.009731055237352848,
        0.010535942390561104,
        0.011460995301604271
      ]
    },
    "2023": {
      "n_samples": 249,
      "entropy_mean": 2.983354091644287,
      "entropy_std": 0.010537768714129925,
      "attention_concentration": 0.05022667720913887,
      "top_features": [
        [
          "t-20",
          0.06211806461215019
        ],
        [
          "t-19",
          0.05575202405452728
        ],
        [
          "t-18",
          0.05292527377605438
        ],
        [
          "t-17",
          0.051296815276145935
        ],
        [
          "t-16",
          0.05030311644077301
        ]
      ],
      "mean_attention": [
        0.06211806461215019,
        0.05575202405452728,
        0.05292527377605438,
        0.051296815276145935,
        0.05030311644077301,
        0.04967769980430603,
        0.049250680953264236,
        0.04891098663210869,
        0.048707664012908936,
        0.04859711974859238,
        0.04848187789320946,
        0.04840090498328209,
        0.04833704233169556,
        0.04831062629818916,
        0.04830224812030792,
        0.04818521440029144,
        0.04814954474568367,
        0.048110924661159515,
        0.04808313399553299,
        0.04809892922639847
      ],
      "std_attention": [
        0.010378213599324226,
        0.008854893036186695,
        0.007965761236846447,
        0.0073522222228348255,
        0.0068924566730856895,
        0.006575189530849457,
        0.006345225032418966,
        0.006128882523626089,
        0.006058479659259319,
        0.006022586952894926,
        0.00606381893157959,
        0.00616350257769227,
        0.006281387526541948,
        0.006408256478607655,
        0.0065421778708696365,
        0.0067692408338189125,
        0.007027180399745703,
        0.007366324309259653,
        0.007765951566398144,
        0.008269504643976688
      ]
    },
    "2024": {
      "n_samples": 250,
      "entropy_mean": 2.9918758869171143,
      "entropy_std": 0.0022164802066981792,
      "attention_concentration": 0.05013791471719742,
      "top_features": [
        [
          "t-20",
          0.05978471040725708
        ],
        [
          "t-19",
          0.05411636456847191
        ],
        [
          "t-18",
          0.05198309198021889
        ],
        [
          "t-17",
          0.050822664052248
        ],
        [
          "t-16",
          0.050142426043748856
        ]
      ],