{
  "period_statistics": {
    "2020": {
      "n_samples": 92,
      "entropy_mean": 2.728360652923584,
      "entropy_std": 0.20127859711647034,
      "attention_concentration": 0.05095049366354942,
      "top_features": [
        [
          "t-1",
          0.06941481679677963
        ],
        [
          "t-2",
          0.06377377361059189
        ],
        [
          "t-3",
          0.05910336598753929
        ],
        [
          "t-4",
          0.05550631135702133
        ],
        [
          "t-5",
          0.05317508056759834
        ]
      ],
      "mean_attention": [
        0.05184022709727287,
        0.049443747848272324,
        0.04761917516589165,
        0.04595928639173508,
        0.04497436434030533,
        0.044472552835941315,
        0.044411659240722656,
        0.04435186833143234,
        0.044824909418821335,
        0.04494321346282959,
        0.04509738087654114,
        0.04546292498707771,
        0.045887432992458344,
        0.04886431246995926,
        0.05087362229824066,
        0.05317508056759834,
        0.05550631135702133,
        0.05910336598753929,
        0.06377377361059189,
        0.06941481679677963
      ],
      "std_attention": [
        0.058593254536390305,
        0.04712006077170372,
        0.03967791423201561,
        0.03537393733859062,
        0.0331861637532711,
        0.03219783678650856,
        0.03130641207098961,
        0.030505359172821045,
        0.030426928773522377,
        0.03001123107969761,
        0.029616564512252808,
        0.02933507412672043,
        0.029354846104979515,
        0.03544339910149574,
        0.03724884241819382,
        0.04058259725570679,
        0.04396955668926239,
        0.05041295289993286,
        0.060031957924366,
        0.07388287037611008
      ]
    },
    "2021": {
      "n_samples": 250,
      "entropy_mean": 2.6678073406219482,
      "entropy_std": 0.3914598822593689,
      "attention_concentration": 0.05023757368326187,
      "top_features": [
        [
          "t-1",
          0.060121580958366394
        ],
        [
          "t-2",
          0.05700959637761116
        ],
        [
          "t-3",
          0.05440588295459747
        ],
        [
          "t-4",
          0.052141476422548294
        ],
        [
          "t-5",
          0.05107554420828819
        ]
      ],
      "mean_attention": [
        0.04615173116326332,
        0.047128453850746155,
        0.04782937467098236,
        0.047505009919404984,
        0.04772167652845383,
        0.047677721828222275,
        0.04791732877492905,
        0.047992438077926636,
        0.04808507114648819,
        0.048446763306856155,
        0.04889483004808426,
        0.0493432842195034,
        0.0501391738653183,
        0.0500464029610157,
        0.050366707146167755,
        0.05107554420828819,
        0.052141476422548294,
        0.05440588295459747,
        0.05700959637761116,
        0.060121580958366394
      ],
      "std_attention": [
        0.04833260923624039,
        0.05090800300240517,
        0.04791205748915672,
        0.04645254462957382,
        0.04671643301844597,
        0.045665182173252106,
        0.045614320784807205,
        0.04484794661402702,
        0.044642914086580276,
        0.04480820894241333,
        0.04525282233953476,
        0.045432668179273605,
        0.046714432537555695,
        0.04670058563351631,
        0.0478779599070549,
        0.050413720309734344,
        0.05376220867037773,
        0.06449015438556671,
        0.07815644145011902,
        0.08938585966825485
      ]
    },
    "2022": {
      "n_samples": 249,
      "entropy_mean": 2.6095898151397705,
      "entropy_std": 0.3418152332305908,
      "attention_concentration": 0.050922028720378876,
      "top_features": [
        [
          "t-1",
          0.07069412618875504
        ],
        [
          "t-2",
          0.06064220145344734
        ],
        [
          "t-20",
          0.056882526725530624
        ],
        [
          "t-19",
          0.05452163517475128
        ],
        [
          "t-3",
          0.05436689034104347
        ]
      ],
      "mean_attention": [
        0.056882526725530624,
        0.05452163517475128,
        0.0536009855568409,
        0.05170616880059242,
        0.04937882721424103,
        0.04742314666509628,
        0.04589129239320755,
        0.04505164548754692,
        0.04402933642268181,
        0.043449487537145615,
        0.043441805988550186,
        0.043756820261478424,
        0.04446213319897652,
        0.04529557749629021,
        0.046455707401037216,
        0.048269063234329224,
        0.050680678337812424,
        0.05436689034104347,
        0.06064220145344734,
        0.07069412618875504
      ],
      "std_attention": [
        0.062496330589056015,
        0.049980368465185165,
        0.04649696499109268,
        0.04289667680859566,
        0.03964850679039955,
        0.037910062819719315,
        0.036635033786296844,
        0.03624214231967926,
        0.03498425334692001,
        0.0343203991651535,
        0.03438495472073555,
        0.03541441261768341,
        0.03737730532884598,
        0.039117638021707535,
        0.04102636128664017,
        0.04372746869921684,
        0.048614438623189926,
        0.05638846009969711,
        0.07208883762359619,
        0.10406079888343811
      ]
    },
    "2023": {
      "n_samples": 249,
      "entropy_mean": 2.927629232406616,
      "entropy_std": 0.12024307996034622,
      "attention_concentration": 0.05002082884311676,
      "top_features": [
        [
          "t-1",
          0.052811168134212494
        ],
        [
          "t-2",
          0.05180113762617111
        ],
        [
          "t-3",
          0.051246609538793564
        ],
        [
          "t-4",
          0.05077986791729927
        ],
        [
          "t-18",
          0.05043713003396988
        ]
      ],
      "mean_attention": [
        0.048502713441848755,
        0.049250829964876175,
        0.05043713003396988,
        0.05030489340424538,
        0.04983488842844963,
        0.049520473927259445,
        0.049344804137945175,
        0.048903632909059525,
        0.04901258274912834,
        0.04924197122454643,
        0.04936419799923897,
        0.04949509724974632,
        0.049653083086013794,
        0.049900345504283905,
        0.05020087957382202,
        0.050393808633089066,
        0.05077986791729927,
        0.051246609538793564,
        0.05180113762617111,
        0.052811168134212494
      ],
      "std_attention": [
        0.023943569511175156,
        0.023412568494677544,
        0.02164374478161335,
        0.020287277176976204,
        0.01884353719651699,
        0.018256651237607002,
        0.018015272915363312,
        0.016654744744300842,
        0.01708110049366951,
        0.017299413681030273,
        0.017613494768738747,
        0.017822835594415665,
        0.018005842342972755,
        0.018224043771624565,
        0.019451342523097992,
        0.020388072356581688,
        0.021631458774209023,
        0.024001052603125572,
        0.027086619287729263,
        0.032053492963314056
      ]
    },
    "2024": {
      "n_samples": 250,
      "entropy_mean": 2.8684442043304443,
      "entropy_std": 0.3704315423965454,
      "attention_concentration": 0.05003507062792778,
      "top_features": [
        [
          "t-1",
          0.052521854639053345
        ],
        [
          "t-2",
          0.051978472620248795
        ],
        [
          "t-3",
          0.051829561591148376
        ],
        [
          "t-4",
          0.051375824958086014
        ],
        [
          "t-5",
          0.050955671817064285
        ]
      ],