{
  "period_statistics": {
    "2020": {
      "n_samples": 92,
      "entropy_mean": 2.628037214279175,
      "entropy_std": 0.22601072490215302,
      "attention_concentration": 0.06257640570402145,
      "top_features": [
        [
          "t-20",
          0.14833970367908478
        ],
        [
          "t-19",
          0.08205018937587738
        ],
        [
          "t-18",
          0.0579167976975441
        ],
        [
          "t-1",
          0.0571591891348362
        ],
        [
          "t-2",
          0.05286366119980812
        ]
      ],
      "mean_attention": [
        0.14833970367908478,
        0.08205018937587738,
        0.0579167976975441,
        0.04722723737359047,
        0.04174015298485756,
        0.03866998478770256,
        0.036981355398893356,
        0.036017969250679016,
        0.03598055988550186,
        0.03590378165245056,
        0.036103226244449615,
        0.036530617624521255,
        0.03731313720345497,
        0.039042532444000244,
        0.04113055393099785,
        0.04350621625781059,
        0.04611528292298317,
        0.04940788820385933,
        0.05286366119980812,
        0.0571591891348362
      ],
      "std_attention": [
        0.10811862349510193,
        0.05809231847524643,
        0.041110266000032425,
        0.03377925232052803,
        0.02959895320236683,
        0.02701404318213463,
        0.025459131225943565,
        0.024917224422097206,
        0.02565746381878853,
        0.026101015508174896,
        0.026719823479652405,
        0.027277415618300438,
        0.028436407446861267,
        0.03008348122239113,
        0.032253198325634,
        0.03563082218170166,
        0.039794646203517914,
        0.04598873108625412,
        0.05431431531906128,
        0.06867578625679016
      ]
    },
    "2021": {
      "n_samples": 250,
      "entropy_mean": 2.5817878246307373,
      "entropy_std": 0.3182218670845032,
      "attention_concentration": 0.0653013065457344,
      "top_features": [
        [
          "t-20",
          0.1675603836774826
        ],
        [
          "t-19",
          0.06416088342666626
        ],
        [
          "t-1",
          0.054738450795412064
        ],
        [
          "t-2",
          0.0497179850935936
        ],
        [
          "t-18",
          0.046846818178892136
        ]
      ],
      "mean_attention": [
        0.1675603836774826,
        0.06416088342666626,
        0.046846818178892136,
        0.041680384427309036,
        0.03974543511867523,
        0.03897365927696228,
        0.038779087364673615,
        0.03894690424203873,
        0.03916533663868904,
        0.03954697400331497,
        0.04007933288812637,
        0.04073633998632431,
        0.041446901857852936,
        0.041827622801065445,
        0.042305704206228256,
        0.043078597635030746,
        0.044261910021305084,
        0.04640132188796997,
        0.0497179850935936,
        0.054738450795412064
      ],
      "std_attention": [
        0.12147831916809082,
        0.05851630121469498,
        0.04106728360056877,
        0.03546503931283951,
        0.03319625183939934,
        0.03252387419342995,
        0.03321076184511185,
        0.03415670618414879,
        0.034790828824043274,
        0.03532911837100983,
        0.0359700508415699,
        0.03690653666853905,
        0.03811495006084442,
        0.03894743323326111,
        0.04002831503748894,
        0.041559573262929916,
        0.04337123781442642,
        0.04964089393615723,
        0.06125851348042488,
        0.07999127358198166
      ]
    },
    "2022": {
      "n_samples": 249,
      "entropy_mean": 2.5035455226898193,
      "entropy_std": 0.3026196360588074,
      "attention_concentration": 0.08041611313819885,
      "top_features": [
        [
          "t-20",
          0.2118997722864151
        ],
        [
          "t-19",
          0.08655572682619095
        ],
        [
          "t-18",
          0.05465187877416611
        ],
        [
          "t-1",
          0.05136958509683609
        ],
        [
          "t-2",
          0.04654867574572563
        ]
      ],
      "mean_attention": [
        0.2118997722864151,
        0.08655572682619095,
        0.05465187877416611,
        0.0429609939455986,
        0.03767349198460579,
        0.035176657140254974,
        0.03417432680726051,
        0.03383096307516098,
        0.03374216705560684,
        0.0338296964764595,
        0.034177016466856,
        0.034569624811410904,
        0.0351230725646019,
        0.03579976409673691,
        0.036807842552661896,
        0.03827311471104622,
        0.040071021765470505,
        0.04276463761925697,
        0.04654867574572563,
        0.05136958509683609
      ],
      "std_attention": [
        0.14511434733867645,
        0.06222016364336014,
        0.04086971655488014,
        0.031148334965109825,
        0.02624892257153988,
        0.024703355506062508,
        0.02477327734231949,
        0.024876756593585014,
        0.025158781558275223,
        0.0254654660820961,
        0.026359448209404945,
        0.027535179629921913,
        0.02869001030921936,
        0.029947824776172638,
        0.03164263814687729,
        0.03422344848513603,
        0.03755967691540718,
        0.04329497739672661,
        0.05396254360675812,
        0.07377353310585022
      ]
    },
    "2023": {
      "n_samples": 249,
      "entropy_mean": 2.829627513885498,
      "entropy_std": 0.1611572951078415,
      "attention_concentration": 0.06553018093109131,
      "top_features": [
        [
          "t-20",
          0.17052149772644043
        ],
        [
          "t-19",
          0.05784782022237778
        ],
        [
          "t-1",
          0.045297879725694656
        ],
        [
          "t-18",
          0.04472830519080162
        ],
        [
          "t-2",
          0.044703152030706406
        ]
      ],
      "mean_attention": [
        0.17052149772644043,
        0.05784782022237778,
        0.04472830519080162,
        0.04188438504934311,
        0.04113016650080681,
        0.041145648807287216,
        0.04143470525741577,
        0.04169498756527901,
        0.0419805571436882,
        0.04227432981133461,
        0.042453788220882416,
        0.04259812459349632,
        0.04274016618728638,
        0.04291440173983574,
        0.04319678619503975,
        0.04342814162373543,
        0.04377296566963196,
        0.044252220541238785,
        0.044703152030706406,
        0.045297879725694656
      ],
      "std_attention": [
        0.08372882008552551,
        0.02419198490679264,
        0.014534374698996544,
        0.013216483406722546,
        0.012495052069425583,
        0.012585915625095367,
        0.012780441902577877,
        0.013028056360781193,
        0.013330855406820774,
        0.013656758703291416,
        0.013878829777240753,
        0.01417915802448988,
        0.014565137214958668,
        0.014868718571960926,
        0.015495294705033302,
        0.016452016308903694,
        0.017501600086688995,
        0.019532786682248116,
        0.0212428979575634,
        0.02374296635389328
      ]
    },
    "2024": {
      "n_samples": 250,
      "entropy_mean": 2.7584726810455322,
      "entropy_std": 0.316867470741272,
      "attention_concentration": 0.06176799163222313,
      "top_features": [
        [
          "t-20",
          0.15303853154182434
        ],
        [
          "t-19",
          0.05599436163902283
        ],
        [
          "t-1",
          0.05529993399977684
        ],
        [
          "t-2",
          0.05166437849402428
        ],
        [
          "t-3",
          0.05003485828638077
        ]
      ],