{
  "period_statistics": {
    "2020": {
      "n_samples": 92,
      "entropy_mean": 2.9942550659179688,
      "entropy_std": 0.0011517301900312304,
      "attention_concentration": 0.050069890916347504,
      "top_features": [
        [
          "t-19",
          0.05336758866906166
        ],
        [
          "t-20",
          0.05304115638136864
        ],
        [
          "t-18",
          0.05277485027909279
        ],
        [
          "t-17",
          0.052160024642944336
        ],
        [
          "t-16",
          0.05161847919225693
        ]
      ],
      "mean_attention": [
        0.05304115638136864,
        0.05336758866906166,
        0.05277485027909279,
        0.052160024642944336,
        0.05161847919225693,
        0.051175884902477264,
        0.050802309066057205,
        0.050474945455789566,
        0.050184465944767,
        0.049922361969947815,
        0.04968531057238579,
        0.049467552453279495,
        0.049263518303632736,
        0.04896143078804016,
        0.04865599051117897,
        0.048391539603471756,
        0.048101216554641724,
        0.04776207357645035,
        0.047352951020002365,
        0.04683635011315346
      ],
      "std_attention": [
        0.0019708643667399883,
        0.0018837085226550698,
        0.001830331515520811,
        0.0017729307292029262,
        0.0017198469722643495,
        0.0016769120702520013,
        0.0016395518323406577,
        0.001610641018487513,
        0.0015932376263663173,
        0.001593859284184873,
        0.0016103703528642654,
        0.0016447212547063828,
        0.0016866137739270926,
        0.001926699304021895,
        0.0021520406007766724,
        0.0022331608925014734,
        0.0023174434900283813,
        0.0024106723722070456,
        0.002509983256459236,
        0.002627748064696789
      ]
    },
    "2021": {
      "n_samples": 250,
      "entropy_mean": 2.9860756397247314,
      "entropy_std": 0.007630651816725731,
      "attention_concentration": 0.050437089055776596,
      "top_features": [
        [
          "t-20",
          0.056395918130874634
        ],
        [
          "t-19",
          0.05579155683517456
        ],
        [
          "t-18",
          0.05514439567923546
        ],
        [
          "t-17",
          0.05454602465033531
        ],
        [
          "t-16",
          0.05402832105755806
        ]
      ],
      "mean_attention": [
        0.056395918130874634,
        0.05579155683517456,
        0.05514439567923546,
        0.05454602465033531,
        0.05402832105755806,
        0.05355134233832359,
        0.05304935202002525,
        0.052542660385370255,
        0.052004121243953705,
        0.05140277370810509,
        0.05075390264391899,
        0.05002214014530182,
        0.049187079071998596,
        0.048298392444849014,
        0.047274455428123474,
        0.04608561471104622,
        0.04475408047437668,
        0.04329458996653557,
        0.04173452779650688,
        0.04013877362012863
      ],
      "std_attention": [
        0.0056485142558813095,
        0.00532068544998765,
        0.005049701780080795,
        0.004864576738327742,
        0.004777086898684502,
        0.004779025912284851,
        0.004809473641216755,
        0.004874497652053833,
        0.004946006927639246,
        0.005010112654417753,
        0.005056802649050951,
        0.005061058327555656,
        0.005036396440118551,
        0.004972801543772221,
        0.0049237776547670364,
        0.00490120705217123,
        0.004935052711516619,
        0.0050049745477736,
        0.0051043108105659485,
        0.005218283273279667
      ]
    },
    "2022": {
      "n_samples": 249,
      "entropy_mean": 2.969283103942871,
      "entropy_std": 0.025194212794303894,
      "attention_concentration": 0.051227468997240067,
      "top_features": [
        [
          "t-20",
          0.06372348219156265
        ],
        [
          "t-19",
          0.061911825090646744
        ],
        [
          "t-18",
          0.06059076264500618
        ],
        [
          "t-17",
          0.05906881392002106
        ],
        [
          "t-16",
          0.057541511952877045
        ]
      ],
      "mean_attention": [
        0.06372348219156265,
        0.061911825090646744,
        0.06059076264500618,
        0.05906881392002106,
        0.057541511952877045,
        0.05604836344718933,
        0.05459520220756531,
        0.053092725574970245,
        0.0516291968524456,
        0.05019994080066681,
        0.048752546310424805,
        0.047334812581539154,
        0.045961927622556686,
        0.04463519901037216,
        0.04339880868792534,
        0.042239896953105927,
        0.041183728724718094,
        0.04020420461893082,
        0.039321836084127426,
        0.038565196096897125
      ],
      "std_attention": [
        0.011377631686627865,
        0.010412994772195816,
        0.009593028575181961,
        0.008890899829566479,
        0.008274604566395283,
        0.007732957601547241,
        0.00729864789173007,
        0.007033714558929205,
        0.006871103774756193,
        0.006835105828940868,
        0.006890398915857077,
        0.007032290101051331,
        0.0072504011914134026,
        0.007514686323702335,
        0.0078432010486722,
        0.008179793134331703,
        0.008511433377861977,
        0.008819682523608208,
        0.009103155694901943,
        0.009386930614709854
      ]
    },
    "2023": {
      "n_samples": 249,
      "entropy_mean": 2.98494815826416,
      "entropy_std": 0.010532697662711143,
      "attention_concentration": 0.050246402621269226,
      "top_features": [
        [
          "t-20",
          0.0556202232837677
        ],
        [
          "t-19",
          0.05387888103723526
        ],
        [
          "t-18",
          0.05329352617263794
        ],
        [
          "t-17",
          0.05289440229535103
        ],
        [
          "t-16",
          0.0526561364531517
        ]
      ],
      "mean_attention": [
        0.0556202232837677,
        0.05387888103723526,
        0.05329352617263794,
        0.05289440229535103,
        0.0526561364531517,
        0.05246042087674141,
        0.05224404111504555,
        0.05202404037117958,
        0.05170083045959473,
        0.05130214989185333,
        0.050848785787820816,
        0.050302863121032715,
        0.049663521349430084,
        0.04891086369752884,
        0.048068247735500336,
        0.047122690826654434,
        0.046049583703279495,
        0.04489392414689064,
        0.04367126151919365,
        0.04239364713430405
      ],
      "std_attention": [
        0.008765561506152153,
        0.008049583993852139,
        0.007417063228785992,
        0.00686556426808238,
        0.006431089248508215,
        0.00609193230047822,
        0.005862647667527199,
        0.005672922357916832,
        0.005584839731454849,
        0.005555413663387299,
        0.005578884854912758,
        0.00565144931897521,
        0.005757911596447229,
        0.005888756830245256,
        0.006042187102138996,
        0.006203485652804375,
        0.006367174908518791,
        0.006509503815323114,
        0.006579927634447813,
        0.006595679558813572
      ]
    },
    "2024": {
      "n_samples": 250,
      "entropy_mean": 2.9834606647491455,
      "entropy_std": 0.012206253595650196,
      "attention_concentration": 0.05010876804590225,
      "top_features": [
        [
          "t-20",
          0.05304063484072685
        ],
        [
          "t-12",
          0.05157395824790001
        ],
        [
          "t-13",
          0.05156419426202774
        ],
        [
          "t-14",
          0.05150144174695015
        ],
        [
          "t-11",
          0.051493819802999496
        ]
      ],