{
  "period_statistics": {
    "2020": {
      "n_samples": 92,
      "entropy_mean": 2.991992235183716,
      "entropy_std": 0.002318265615031123,
      "attention_concentration": 0.05027663707733154,
      "top_features": [
        [
          "t-1",
          0.05879279971122742
        ],
        [
          "t-2",
          0.05687275528907776
        ],
        [
          "t-3",
          0.05509968474507332
        ],
        [
          "t-20",
          0.05410969629883766
        ],
        [
          "t-4",
          0.05352272093296051
        ]
      ],
      "mean_attention": [
        0.05410969629883766,
        0.049063313752412796,
        0.0482618547976017,
        0.04728446155786514,
        0.04664898291230202,
        0.04639127105474472,
        0.04634971544146538,
        0.04646716266870499,
        0.04671800509095192,
        0.04706711322069168,
        0.04753563180565834,
        0.04813695326447487,
        0.04888894781470299,
        0.04979835823178291,
        0.050866711884737015,
        0.05212388187646866,
        0.05352272093296051,
        0.05509968474507332,
        0.05687275528907776,
        0.05879279971122742
      ],
      "std_attention": [
        0.0029938584193587303,
        0.002285352908074856,
        0.0021395552903413773,
        0.0019829224329441786,
        0.001969432458281517,
        0.0018897376721724868,
        0.0018499846337363124,
        0.00185981800314039,
        0.0019187415018677711,
        0.0019589606672525406,
        0.002016168087720871,
        0.002078224904835224,
        0.0021268364507704973,
        0.002178964437916875,
        0.00224334467202425,
        0.002328290371224284,
        0.0024606967344880104,
        0.0026383523363620043,
        0.00291289365850389,
        0.00330339465290308
      ]
    },
    "2021": {
      "n_samples": 250,
      "entropy_mean": 2.9556727409362793,
      "entropy_std": 0.025580622255802155,
      "attention_concentration": 0.050169434398412704,
      "top_features": [
        [
          "t-1",
          0.05548037216067314
        ],
        [
          "t-2",
          0.05474370718002319
        ],
        [
          "t-20",
          0.0545034185051918
        ],
        [
          "t-3",
          0.053935956209897995
        ],
        [
          "t-4",
          0.053055375814437866
        ]
      ],
      "mean_attention": [
        0.0545034185051918,
        0.04985399171710014,
        0.04907294362783432,
        0.0480651780962944,
        0.047342970967292786,
        0.04694759100675583,
        0.046733129769563675,
        0.04675669223070145,
        0.04698507860302925,
        0.04732377827167511,
        0.04783168062567711,
        0.04850303754210472,
        0.049325618892908096,
        0.05023828148841858,
        0.05118589475750923,
        0.05211536958813667,
        0.053055375814437866,
        0.053935956209897995,
        0.05474370718002319,
        0.05548037216067314
      ],
      "std_attention": [
        0.02004709094762802,
        0.017788706347346306,
        0.016847843304276466,
        0.01574728824198246,
        0.014704050496220589,
        0.013932766392827034,
        0.013255978934466839,
        0.012726370245218277,
        0.01242734119296074,
        0.01222179550677538,
        0.012120643630623817,
        0.012102941051125526,
        0.012202734127640724,
        0.012402553111314774,
        0.012813820503652096,
        0.013230690732598305,
        0.013668522238731384,
        0.01411674078553915,
        0.014767746441066265,
        0.015577421523630619
      ]
    },
    "2022": {
      "n_samples": 249,
      "entropy_mean": 2.9835150241851807,
      "entropy_std": 0.007540474180132151,
      "attention_concentration": 0.05067453160881996,
      "top_features": [
        [
          "t-20",
          0.06829334795475006
        ],
        [
          "t-19",
          0.06169379502534866
        ],
        [
          "t-18",
          0.05763305351138115
        ],
        [
          "t-17",
          0.05380983650684357
        ],
        [
          "t-16",
          0.05117461830377579
        ]
      ],
      "mean_attention": [
        0.06829334795475006,
        0.06169379502534866,
        0.05763305351138115,
        0.05380983650684357,
        0.05117461830377579,
        0.04940143600106239,
        0.04829765111207962,
        0.047573138028383255,
        0.04707358404994011,
        0.0468047596514225,
        0.046681489795446396,
        0.04665215685963631,
        0.046698544174432755,
        0.04680539667606354,
        0.04691561311483383,
        0.047015246003866196,
        0.0470302514731884,
        0.04697331786155701,
        0.04684300720691681,
        0.04662986472249031
      ],
      "std_attention": [
        0.01065900269895792,
        0.00888906791806221,
        0.0071813445538282394,
        0.005921671632677317,
        0.005114986561238766,
        0.004580255597829819,
        0.0042354641482234,
        0.004057207610458136,
        0.003920189570635557,
        0.003884723875671625,
        0.003894189605489373,
        0.0039304643869400024,
        0.004010926932096481,
        0.004214361775666475,
        0.0044801244512200356,
        0.004759050440043211,
        0.005085485987365246,
        0.005419508088380098,
        0.00572373578324914,
        0.006013486534357071
      ]
    },
    "2023": {
      "n_samples": 249,
      "entropy_mean": 2.9452152252197266,
      "entropy_std": 0.042087115347385406,
      "attention_concentration": 0.050719402730464935,
      "top_features": [
        [
          "t-1",
          0.060325391590595245
        ],
        [
          "t-2",
          0.059213172644376755
        ],
        [
          "t-20",
          0.05840030685067177
        ],
        [
          "t-3",
          0.057913944125175476
        ],
        [
          "t-4",
          0.056441497057676315
        ]
      ],
      "mean_attention": [
        0.05840030685067177,
        0.051738545298576355,
        0.0482223778963089,
        0.04534686729311943,
        0.0435471385717392,
        0.04264440760016441,
        0.04247596487402916,
        0.042845193296670914,
        0.04365435242652893,
        0.044787000864744186,
        0.046155158430337906,
        0.047722574323415756,
        0.04943883791565895,
        0.05124901235103607,
        0.05306750163435936,
        0.05481073260307312,
        0.056441497057676315,
        0.057913944125175476,
        0.059213172644376755,
        0.060325391590595245
      ],
      "std_attention": [
        0.03036551922559738,
        0.024051962420344353,
        0.020606793463230133,
        0.01762787252664566,
        0.01489053014665842,
        0.012537232600152493,
        0.011049695312976837,
        0.010058071464300156,
        0.00937681831419468,
        0.008968019858002663,
        0.00884473416954279,
        0.009059065021574497,
        0.009635411202907562,
        0.010576155036687851,
        0.011739753186702728,
        0.01311486680060625,
        0.014527611434459686,
        0.015952400863170624,
        0.017392991110682487,
        0.018791979178786278
      ]
    },
    "2024": {
      "n_samples": 250,
      "entropy_mean": 2.8571717739105225,
      "entropy_std": 0.11632990837097168,
      "attention_concentration": 0.053962912410497665,
      "top_features": [
        [
          "t-1",
          0.07972272485494614
        ],
        [
          "t-2",
          0.07568059116601944
        ],
        [
          "t-3",
          0.07158328592777252
        ],
        [
          "t-4",
          0.06742684543132782
        ],
        [
          "t-5",
          0.06313485652208328
        ]
      ],