{
  "period_statistics": {
    "2020": {
      "n_samples": 92,
      "entropy_mean": 2.78633451461792,
      "entropy_std": 0.2664153575897217,
      "attention_concentration": 0.051909785717725754,
      "top_features": [
        [
          "t-1",
          0.07375502586364746
        ],
        [
          "t-2",
          0.06744414567947388
        ],
        [
          "t-3",
          0.0626172423362732
        ],
        [
          "t-4",
          0.059425368905067444
        ],
        [
          "t-5",
          0.05707605928182602
        ]
      ],
      "mean_attention": [
        0.03822881355881691,
        0.04015829786658287,
        0.04078507795929909,
        0.0406842865049839,
        0.04065026715397835,
        0.041112903505563736,
        0.04216599836945534,
        0.04365410655736923,
        0.045597143471241,
        0.04731808602809906,
        0.04890667274594307,
        0.05032412335276604,
        0.05164105445146561,
        0.053332094103097916,
        0.05512327328324318,
        0.05707605928182602,
        0.059425368905067444,
        0.0626172423362732,
        0.06744414567947388,
        0.07375502586364746
      ],
      "std_attention": [
        0.025619542226195335,
        0.027041306719183922,
        0.026219036430120468,
        0.024806814268231392,
        0.023506928235292435,
        0.022961217910051346,
        0.023227304220199585,
        0.024271579459309578,
        0.02598334476351738,
        0.027447117492556572,
        0.028864018619060516,
        0.030129913240671158,
        0.03126075118780136,
        0.03288165479898453,
        0.034953996539115906,
        0.03780438005924225,
        0.04184189438819885,
        0.04839556664228439,
        0.060882531106472015,
        0.07904008030891418
      ]
    },
    "2021": {
      "n_samples": 250,
      "entropy_mean": 2.8348793983459473,
      "entropy_std": 0.29599007964134216,
      "attention_concentration": 0.050441861152648926,
      "top_features": [
        [
          "t-1",
          0.062685526907444
        ],
        [
          "t-2",
          0.059559132903814316
        ],
        [
          "t-3",
          0.056169282644987106
        ],
        [
          "t-4",
          0.05344245210289955
        ],
        [
          "t-5",
          0.052271343767642975
        ]
      ],
      "mean_attention": [
        0.04488513246178627,
        0.04573199898004532,
        0.04585316404700279,
        0.04580359533429146,
        0.04609144851565361,
        0.04639118164777756,
        0.04688551276922226,
        0.04739098250865936,
        0.04793313518166542,
        0.04839852452278137,
        0.0489334762096405,
        0.04941337928175926,
        0.050153110176324844,
        0.05073148012161255,
        0.05127614736557007,
        0.052271343767642975,
        0.05344245210289955,
        0.056169282644987106,
        0.059559132903814316,
        0.062685526907444
      ],
      "std_attention": [
        0.021732883527874947,
        0.023415543138980865,
        0.022553427144885063,
        0.021674441173672676,
        0.02203737571835518,
        0.022283993661403656,
        0.023428015410900116,
        0.02463335171341896,
        0.026034604758024216,
        0.026615064591169357,
        0.027573274448513985,
        0.028057243674993515,
        0.02991771325469017,
        0.031682271510362625,
        0.033556513488292694,
        0.037067607045173645,
        0.04065646976232529,
        0.05120442435145378,
        0.06726211309432983,
        0.07824983447790146
      ]
    },
    "2022": {
      "n_samples": 249,
      "entropy_mean": 2.6236796379089355,
      "entropy_std": 0.3743574023246765,
      "attention_concentration": 0.05474895238876343,
      "top_features": [
        [
          "t-1",
          0.08686552196741104
        ],
        [
          "t-2",
          0.07515143603086472
        ],
        [
          "t-3",
          0.06792404502630234
        ],
        [
          "t-4",
          0.06329597532749176
        ],
        [
          "t-5",
          0.06031643599271774
        ]
      ],
      "mean_attention": [
        0.029195167124271393,
        0.03326529264450073,
        0.034379735589027405,
        0.034085463732481,
        0.03389561548829079,
        0.03461642563343048,
        0.03687469661235809,
        0.040759727358818054,
        0.04490446671843529,
        0.04854452610015869,
        0.05158521980047226,
        0.05390460416674614,
        0.055441077798604965,
        0.056748855859041214,
        0.05824575573205948,
        0.06031643599271774,
        0.06329597532749176,
        0.06792404502630234,
        0.07515143603086472,
        0.08686552196741104
      ],
      "std_attention": [
        0.029077257961034775,
        0.03139038011431694,
        0.03083990141749382,
        0.028823578730225563,
        0.0271725133061409,
        0.026941049844026566,
        0.028388122096657753,
        0.03153218701481819,
        0.03413640335202217,
        0.03612310439348221,
        0.0381074883043766,
        0.039994459599256516,
        0.04139033332467079,
        0.042749691754579544,
        0.04478967562317848,
        0.047789935022592545,
        0.05382945016026497,
        0.06379485130310059,
        0.07751862704753876,
        0.10909450054168701
      ]
    },
    "2023": {
      "n_samples": 249,
      "entropy_mean": 2.9632325172424316,
      "entropy_std": 0.08381283283233643,
      "attention_concentration": 0.05010274052619934,
      "top_features": [
        [
          "t-1",
          0.0548272430896759
        ],
        [
          "t-2",
          0.053930457681417465
        ],
        [
          "t-3",
          0.053128067404031754
        ],
        [
          "t-4",
          0.052422940731048584
        ],
        [
          "t-5",
          0.0518266037106514
        ]
      ],
      "mean_attention": [
        0.047064680606126785,
        0.04732074216008186,
        0.047490768134593964,
        0.04755771905183792,
        0.04774206876754761,
        0.04806211590766907,
        0.04846670478582382,
        0.04871383681893349,
        0.04909032955765724,
        0.049536291509866714,
        0.049865271896123886,
        0.050166886299848557,
        0.05049753934144974,
        0.050893593579530716,
        0.05139612779021263,
        0.0518266037106514,
        0.052422940731048584,
        0.053128067404031754,
        0.053930457681417465,
        0.0548272430896759
      ],
      "std_attention": [
        0.011727798730134964,
        0.011537096463143826,
        0.011097613722085953,
        0.010507000610232353,
        0.010059996508061886,
        0.009923083707690239,
        0.010199432261288166,
        0.010060345754027367,
        0.010417030192911625,
        0.010831424035131931,
        0.01132221519947052,
        0.011749012395739555,
        0.012308436445891857,
        0.012886032462120056,
        0.013695048168301582,
        0.014779596589505672,
        0.016261590644717216,
        0.018611280247569084,
        0.021978044882416725,
        0.025914333760738373
      ]
    },
    "2024": {
      "n_samples": 250,
      "entropy_mean": 2.939941883087158,
      "entropy_std": 0.25800609588623047,
      "attention_concentration": 0.050098877400159836,
      "top_features": [
        [
          "t-1",
          0.054977864027023315
        ],
        [
          "t-2",
          0.05447102710604668
        ],
        [
          "t-3",
          0.05379282683134079
        ],
        [
          "t-4",
          0.052879367023706436
        ],
        [
          "t-5",
          0.05158941447734833
        ]
      ],