{
  "period_statistics": {
    "2020": {
      "n_samples": 92,
      "entropy_mean": 2.9941482543945312,
      "entropy_std": 0.0005505550070665777,
      "attention_concentration": 0.0500105656683445,
      "top_features": [
        [
          "t-20",
          0.052266236394643784
        ],
        [
          "t-19",
          0.05163200572133064
        ],
        [
          "t-18",
          0.05061641335487366
        ],
        [
          "t-17",
          0.050111256539821625
        ],
        [
          "t-16",
          0.04992520436644554
        ]
      ],
      "mean_attention": [
        0.052266236394643784,
        0.05163200572133064,
        0.05061641335487366,
        0.050111256539821625,
        0.04992520436644554,
        0.04988350719213486,
        0.04988913610577583,
        0.04990554228425026,
        0.04991167038679123,
        0.04991502687335014,
        0.049909528344869614,
        0.04989767074584961,
        0.049881111830472946,
        0.04977469891309738,
        0.04965905100107193,
        0.049560174345970154,
        0.04946361482143402,
        0.04936744272708893,
        0.04926643148064613,
        0.0491642951965332
      ],
      "std_attention": [
        0.0030218844767659903,
        0.0029397474136203527,
        0.002827585441991687,
        0.002728269435465336,
        0.002658833283931017,
        0.0026043930556625128,
        0.0025669492315500975,
        0.0025416098069399595,
        0.002520077396184206,
        0.0025107774417847395,
        0.002518453635275364,
        0.002540857531130314,
        0.002573927864432335,
        0.0026328747626394033,
        0.002705198246985674,
        0.002762895543128252,
        0.002806475618854165,
        0.00284702074714005,
        0.0028866813518106937,
        0.0029206015169620514
      ]
    },
    "2021": {
      "n_samples": 250,
      "entropy_mean": 2.9928762912750244,
      "entropy_std": 0.0034284379798918962,
      "attention_concentration": 0.05004707723855972,
      "top_features": [
        [
          "t-20",
          0.054885853081941605
        ],
        [
          "t-19",
          0.05301620811223984
        ],
        [
          "t-18",
          0.05147995054721832
        ],
        [
          "t-17",
          0.05070474371314049
        ],
        [
          "t-16",
          0.050330907106399536
        ]
      ],
      "mean_attention": [
        0.054885853081941605,
        0.05301620811223984,
        0.05147995054721832,
        0.05070474371314049,
        0.050330907106399536,
        0.050125498324632645,
        0.0499986857175827,
        0.04988597705960274,
        0.049778372049331665,
        0.049676306545734406,
        0.04956945776939392,
        0.04945376142859459,
        0.049336228519678116,
        0.04922734946012497,
        0.04909117892384529,
        0.04895695298910141,
        0.04881702736020088,
        0.04868191480636597,
        0.04855535551905632,
        0.048428311944007874
      ],
      "std_attention": [
        0.004874465521425009,
        0.0042459419928491116,
        0.0038086853455752134,
        0.0035411787685006857,
        0.0033734687604010105,
        0.0032466102857142687,
        0.0031569572165608406,
        0.003079689107835293,
        0.003024919657036662,
        0.0030069411732256413,
        0.0030151917599141598,
        0.003044290002435446,
        0.0030906556639820337,
        0.003140681190416217,
        0.0032477525528520346,
        0.0033440967090427876,
        0.0034534772858023643,
        0.0035648399498313665,
        0.0036705515813082457,
        0.003785607637837529
      ]
    },
    "2022": {
      "n_samples": 249,
      "entropy_mean": 2.9920036792755127,
      "entropy_std": 0.0018247374100610614,
      "attention_concentration": 0.05004582181572914,
      "top_features": [
        [
          "t-20",
          0.054814934730529785
        ],
        [
          "t-19",
          0.05256415158510208
        ],
        [
          "t-18",
          0.05132022127509117
        ],
        [
          "t-17",
          0.050809577107429504
        ],
        [
          "t-16",
          0.05055658146739006
        ]
      ],
      "mean_attention": [
        0.054814934730529785,
        0.05256415158510208,
        0.05132022127509117,
        0.050809577107429504,
        0.05055658146739006,
        0.05039732903242111,
        0.050243452191352844,
        0.0500979907810688,
        0.049949631094932556,
        0.049790967255830765,
        0.0496302954852581,
        0.04947640374302864,
        0.04932264983654022,
        0.0491911917924881,
        0.04904720559716225,
        0.048874400556087494,
        0.048716772347688675,
        0.04855892434716225,
        0.048397619277238846,
        0.04823966696858406
      ],
      "std_attention": [
        0.0055698370561003685,
        0.004848853684961796,
        0.004367099609225988,
        0.0041299620643258095,
        0.003994583617895842,
        0.003914590459316969,
        0.0038478656206279993,
        0.0038136309012770653,
        0.0037975271698087454,
        0.003785016480833292,
        0.0037783177103847265,
        0.0037840204313397408,
        0.0037936323788017035,
        0.0038146639708429575,
        0.0037907143123447895,
        0.003822751808911562,
        0.003824547864496708,
        0.0038321148604154587,
        0.003842924954369664,
        0.003846327308565378
      ]
    },
    "2023": {
      "n_samples": 249,
      "entropy_mean": 2.983302116394043,
      "entropy_std": 0.004655231721699238,
      "attention_concentration": 0.05001699924468994,
      "top_features": [
        [
          "t-20",
          0.05356704071164131
        ],
        [
          "t-19",
          0.051448557525873184
        ],
        [
          "t-18",
          0.050247326493263245
        ],
        [
          "t-17",
          0.04988105595111847
        ],
        [
          "t-14",
          0.04986179247498512
        ]
      ],
      "mean_attention": [
        0.05356704071164131,
        0.051448557525873184,
        0.050247326493263245,
        0.04988105595111847,
        0.04982951283454895,
        0.04984772205352783,
        0.04986179247498512,
        0.04985213279724121,
        0.04982886463403702,
        0.04979854077100754,
        0.04976935684680939,
        0.04973774403333664,
        0.04969695210456848,
        0.04965543374419212,
        0.049653127789497375,
        0.04962533712387085,
        0.04954132065176964,
        0.04946025460958481,
        0.04938548430800438,
        0.04931238293647766
      ],
      "std_attention": [
        0.00965169072151184,
        0.00891106203198433,
        0.008342761546373367,
        0.008013768121600151,
        0.007801476866006851,
        0.007644325029104948,
        0.007519148290157318,
        0.007420140318572521,
        0.007347155828028917,
        0.007303462363779545,
        0.0072873556055128574,
        0.007292877417057753,
        0.007313790265470743,
        0.0073515670374035835,
        0.007408378645777702,
        0.007436239160597324,
        0.007540132850408554,
        0.007655508816242218,
        0.0077863759361207485,
        0.007946185767650604
      ]
    },
    "2024": {
      "n_samples": 250,
      "entropy_mean": 2.9842019081115723,
      "entropy_std": 0.006864306982606649,
      "attention_concentration": 0.0500328429043293,
      "top_features": [
        [
          "t-20",
          0.05391737073659897
        ],
        [
          "t-19",
          0.052067700773477554
        ],
        [
          "t-18",
          0.050952378660440445
        ],
        [
          "t-17",
          0.05057232826948166
        ],
        [
          "t-16",
          0.050474248826503754
        ]
      ],