{
  "period_statistics": {
    "2020": {
      "n_samples": 92,
      "entropy_mean": 2.0116684436798096,
      "entropy_std": 0.4705301523208618,
      "attention_concentration": 0.16555777192115784,
      "top_features": [
        [
          "t-1",
          0.29532602429389954
        ],
        [
          "t-2",
          0.20789200067520142
        ],
        [
          "t-3",
          0.13997860252857208
        ],
        [
          "t-4",
          0.09050685167312622
        ],
        [
          "t-5",
          0.057738129049539566
        ]
      ],
      "mean_attention": [
        0.004743361379951239,
        0.005535049829632044,
        0.00619460130110383,
        0.0069837504997849464,
        0.0080650569871068,
        0.009301958605647087,
        0.010711350478231907,
        0.012043053284287453,
        0.013393279165029526,
        0.014420753344893456,
        0.015617257915437222,
        0.0172702856361866,
        0.020365610718727112,
        0.026311932131648064,
        0.03760121762752533,
        0.057738129049539566,
        0.09050685167312622,
        0.13997860252857208,
        0.20789200067520142,
        0.29532602429389954
      ],
      "std_attention": [
        0.004973494913429022,
        0.005602148361504078,
        0.0060381400398910046,
        0.006524302531033754,
        0.007768536917865276,
        0.009266650304198265,
        0.011421882547438145,
        0.013510667718946934,
        0.01521108578890562,
        0.015592985786497593,
        0.015733953565359116,
        0.015909457579255104,
        0.01715870387852192,
        0.020284898579120636,
        0.026775607839226723,
        0.038139715790748596,
        0.05545330047607422,
        0.08212177455425262,
        0.11710710823535919,
        0.16665884852409363
      ]
    },
    "2021": {
      "n_samples": 250,
      "entropy_mean": 2.375112533569336,
      "entropy_std": 0.5246039032936096,
      "attention_concentration": 0.0922553613781929,
      "top_features": [
        [
          "t-1",
          0.18475379049777985
        ],
        [
          "t-2",
          0.14652009308338165
        ],
        [
          "t-3",
          0.1128835454583168
        ],
        [
          "t-4",
          0.08533141762018204
        ],
        [
          "t-5",
          0.06478341668844223
        ]
      ],
      "mean_attention": [
        0.014727686531841755,
        0.016292089596390724,
        0.017200078815221786,
        0.018363144248723984,
        0.019907807931303978,
        0.021775629371404648,
        0.023663081228733063,
        0.02540353313088417,
        0.027296774089336395,
        0.028788328170776367,
        0.030470525845885277,
        0.032641589641571045,
        0.03629681095480919,
        0.04194895923137665,
        0.05095168575644493,
        0.06478341668844223,
        0.08533141762018204,
        0.1128835454583168,
        0.14652009308338165,
        0.18475379049777985
      ],
      "std_attention": [
        0.011743905954062939,
        0.014129715971648693,
        0.014764854684472084,
        0.015549098141491413,
        0.017062736675143242,
        0.0190604068338871,
        0.02154264785349369,
        0.023564834147691727,
        0.026501569896936417,
        0.027683358639478683,
        0.028443114832043648,
        0.0290213692933321,
        0.030704829841852188,
        0.03271656110882759,
        0.03670216724276543,
        0.045508429408073425,
        0.06484443694353104,
        0.09506121277809143,
        0.1320411115884781,
        0.1715528815984726
      ]
    },
    "2022": {
      "n_samples": 249,
      "entropy_mean": 2.7091193199157715,
      "entropy_std": 0.29730701446533203,
      "attention_concentration": 0.06301955878734589,
      "top_features": [
        [
          "t-1",
          0.11003651469945908
        ],
        [
          "t-2",
          0.09757553786039352
        ],
        [
          "t-3",
          0.08712274581193924
        ],
        [
          "t-4",
          0.07758624106645584
        ],
        [
          "t-5",
          0.06856770813465118
        ]
      ],
      "mean_attention": [
        0.018847251310944557,
        0.020366385579109192,
        0.022538987919688225,
        0.025550849735736847,
        0.02877679653465748,
        0.031905803829431534,
        0.03496907278895378,
        0.037883687764406204,
        0.04022347554564476,
        0.04242289066314697,
        0.04457898810505867,
        0.04687313735485077,
        0.0497049055993557,
        0.05407991260290146,
        0.06038902699947357,
        0.06856770813465118,
        0.07758624106645584,
        0.08712274581193924,
        0.09757553786039352,
        0.11003651469945908
      ],
      "std_attention": [
        0.014990651980042458,
        0.014371921308338642,
        0.01518077589571476,
        0.01740269549190998,
        0.02024722658097744,
        0.023139875382184982,
        0.02524394914507866,
        0.026616446673870087,
        0.02704610675573349,
        0.026813890784978867,
        0.02599528431892395,
        0.025210056453943253,
        0.024804964661598206,
        0.02664821781218052,
        0.030125334858894348,
        0.03603467717766762,
        0.04349026829004288,
        0.05272825434803963,
        0.0660819485783577,
        0.08924878388643265
      ]
    },
    "2023": {
      "n_samples": 249,
      "entropy_mean": 2.8058321475982666,
      "entropy_std": 0.2341970056295395,
      "attention_concentration": 0.0554373525083065,
      "top_features": [
        [
          "t-1",
          0.0853971466422081
        ],
        [
          "t-2",
          0.0800839439034462
        ],
        [
          "t-3",
          0.07480176538228989
        ],
        [
          "t-4",
          0.06925734132528305
        ],
        [
          "t-5",
          0.06347647309303284
        ]
      ],
      "mean_attention": [
        0.029927201569080353,
        0.030969923362135887,
        0.03173768147826195,
        0.033186327666044235,
        0.03503260761499405,
        0.03715987503528595,
        0.03940880298614502,
        0.04144557565450668,
        0.04354065656661987,
        0.04547097906470299,
        0.047095887362957,
        0.04880254715681076,
        0.05098007991909981,
        0.054056618362665176,
        0.05816856771707535,
        0.06347647309303284,
        0.06925734132528305,
        0.07480176538228989,
        0.0800839439034462,
        0.0853971466422081
      ],
      "std_attention": [
        0.013871364295482635,
        0.014308352023363113,
        0.014591764658689499,
        0.015419809147715569,
        0.01666436530649662,
        0.018243972212076187,
        0.019842592999339104,
        0.020878806710243225,
        0.02188912406563759,
        0.022565392777323723,
        0.022663142532110214,
        0.022605551406741142,
        0.022793250158429146,
        0.023735344409942627,
        0.026564225554466248,
        0.032795630395412445,
        0.04346439614892006,
        0.05567058175802231,
        0.06829779595136642,
        0.0800754651427269
      ]
    },
    "2024": {
      "n_samples": 250,
      "entropy_mean": 2.6655266284942627,
      "entropy_std": 0.3982026278972626,
      "attention_concentration": 0.06737683713436127,
      "top_features": [
        [
          "t-1",
          0.12090320885181427
        ],
        [
          "t-2",
          0.10888630151748657
        ],
        [
          "t-3",
          0.09694059193134308
        ],
        [
          "t-4",
          0.08411580324172974
        ],
        [
          "t-5",
          0.07117120176553726
        ]
      ],