{
  "evaluation_timestamp": "2025-10-22T23:17:03.596823",
  "statistical_metrics": {
    "mse": 1.1782640218734741,
    "rmse": 1.085478663444519,
    "mae": 0.7736579179763794,
    "mape": 145.39268016815186,
    "r2": -0.0012763738632202148,
    "mean_error": 0.015859534963965416,
    "std_error": 1.0853629112243652
  },
  "financial_metrics": {
    "directional_accuracy": 0.51953125,
    "sharpe_ratio": 0.6239185782531935,
    "max_drawdown": -0.2524607181549072,
    "total_return": 0.5599585771560669,
    "hit_rate": 0.46328125,
    "num_trades": 1114,
    "precision": 0.5323159784560144,
    "recall": 0.8631732168850073,
    "f1_score": 0.6585230427540256,
    "confusion_matrix": [
      [
        72,
        521
      ],
      [
        94,
        593
      ]
    ],
    "auc_roc": 0.5064127582592645,
    "alpha": -0.3616495132446289
  },
  "residual_diagnostics": {
    "normality_p_value": 4.530985815118906e-40,
    "acf_lag1": -0.035019661630315654,
    "skewness": 0.10033633956715302,
    "kurtosis": 6.482329162465467
  },
  "checkpoint_used": "experiments/sweep_stale_h22_drop0.30_lr5/checkpoints/tft-epoch=02-val_loss=0.1429.ckpt"
}