{
  "evaluation_timestamp": "2025-10-30T03:33:46.812500",
  "statistical_metrics": {
    "mse": 1.1737747192382812,
    "rmse": 1.0834088325500488,
    "mae": 0.7727311253547668,
    "mape": 146.8227982521057,
    "r2": 0.0025385618209838867,
    "mean_error": -0.011548067443072796,
    "std_error": 1.0833473205566406
  },
  "financial_metrics": {
    "directional_accuracy": 0.53671875,
    "sharpe_ratio": 0.8329736080938573,
    "max_drawdown": -0.2524605989456177,
    "total_return": 0.9216080904006958,
    "hit_rate": 0.53671875,
    "num_trades": 1280,
    "precision": 0.53671875,
    "recall": 1.0,
    "f1_score": 0.6985256736146417,
    "confusion_matrix": [
      [
        0,
        593
      ],
      [
        0,
        687
      ]
    ],
    "auc_roc": 0.48883136839056335,
    "alpha": 0.0
  },
  "residual_diagnostics": {
    "normality_p_value": 1.4566288293531935e-38,
    "acf_lag1": -0.03391667294295625,
    "skewness": -0.0022187008889385813,
    "kurtosis": 6.234847474784393
  },
  "mode_stats": {
    "healthy_days": 30,
    "degraded_days": 0,
    "unidirectional_days": 1250,
    "weak_collapse_days": 0,
    "strong_collapse_days": 0,
    "total_days": 1280,
    "healthy_pct": 2.34375,
    "degraded_pct": 0.0,
    "unidirectional_pct": 97.65625,
    "weak_collapse_pct": 0.0,
    "strong_collapse_pct": 0.0
  },
  "collapse_detected": false,
  "degradation_detected": true,
  "checkpoint_used": "experiments/01_staleness_features_fixed/sweep_stale_h22_drop0.30_lr5/checkpoints/tft-epoch=56-val_loss=0.3965.ckpt"
}