{
  "evaluation_timestamp": "2025-10-27T12:05:45.058323",
  "statistical_metrics": {
    "mse": 1.1782640218734741,
    "rmse": 1.085478663444519,
    "mae": 0.7736579179763794,
    "mape": 145.39270401000977,
    "r2": -0.0012763738632202148,
    "mean_error": 0.015859510749578476,
    "std_error": 1.0853627920150757
  },
  "financial_metrics": {
    "directional_accuracy": 0.51953125,
    "sharpe_ratio": 0.6239185782531935,
    "max_drawdown": -0.2524607181549072,
    "total_return": 0.5599585771560669,
    "hit_rate": 0.46328125,
    "num_trades": 1114,
    "precision": 0.5323159784560144,
    "recall": 0.8631732168850073,
    "f1_score": 0.6585230427540256,
    "confusion_matrix": [
      [
        72,
        521
      ],
      [
        94,
        593
      ]
    ],
    "auc_roc": 0.5064127582592645,
    "alpha": -0.3616495132446289
  },
  "residual_diagnostics": {
    "normality_p_value": 4.530904977353168e-40,
    "acf_lag1": -0.035019656470305624,
    "skewness": 0.10033631983386683,
    "kurtosis": 6.482331081599243
  },
  "mode_stats": {
    "healthy_days": 65,
    "degraded_days": 80,
    "unidirectional_days": 642,
    "weak_collapse_days": 493,
    "strong_collapse_days": 0,
    "total_days": 1280,
    "healthy_pct": 5.078125,
    "degraded_pct": 6.25,
    "unidirectional_pct": 50.15625,
    "weak_collapse_pct": 38.515625,
    "strong_collapse_pct": 0.0
  },
  "collapse_detected": true,
  "degradation_detected": true,
  "checkpoint_used": "experiments/01_staleness_features_fixed/sweep_stale_h22_drop0.30_lr5/checkpoints/tft-epoch=02-val_loss=0.1429.ckpt"
}