{
  "experiment": "sweep2_h16_drop_0.1",
  "collapsed": true,
  "collapse_type": "low_diversity",
  "predictions": {
    "mean": 0.044419944286346436,
    "std": 0.049661725759506226,
    "min": -0.10175666213035583,
    "max": 0.1053977981209755,
    "range": 0.20715445280075073,
    "pct_positive": 85.15625,
    "pct_negative": 14.84375,
    "num_unique": 1273
  },
  "hidden_size": 16,
  "total_params": 22615,
  "diagnosed_at": "2025-10-21T13:20:39.337920"
}