{
  "period_statistics": {
    "2020": {
      "n_samples": 92,
      "entropy_mean": 2.9891936779022217,
      "entropy_std": 0.0043803188018500805,
      "attention_concentration": 0.050352733582258224,
      "top_features": [
        [
          "t-20",
          0.06547770649194717
        ],
        [
          "t-19",
          0.056888848543167114
        ],
        [
          "t-18",
          0.05331946909427643
        ],
        [
          "t-17",
          0.05132284760475159
        ],
        [
          "t-16",
          0.05017775669693947
        ]
      ],
      "mean_attention": [
        0.06547770649194717,
        0.056888848543167114,
        0.05331946909427643,
        0.05132284760475159,
        0.05017775669693947,
        0.04946525767445564,
        0.049007948487997055,
        0.0486874058842659,
        0.04846245422959328,
        0.04827801138162613,
        0.048132628202438354,
        0.04801163077354431,
        0.04790347069501877,
        0.04794822633266449,
        0.04792284592986107,
        0.04787478595972061,
        0.0478290319442749,
        0.0477895624935627,
        0.047760844230651855,
        0.04773923009634018
      ],
      "std_attention": [
        0.007177171763032675,
        0.005484201945364475,
        0.004673089366406202,
        0.004157270770519972,
        0.003837025258690119,
        0.0036163076292723417,
        0.003490063128992915,
        0.0034166292753070593,
        0.0033757868222892284,
        0.0033526935148984194,
        0.003379137022420764,
        0.003432132303714752,
        0.0034897325094789267,
        0.0037153048906475306,
        0.00379872415214777,
        0.00389133975841105,
        0.003985228016972542,
        0.004091301467269659,
        0.004203147254884243,
        0.004347418900579214
      ]
    },
    "2021": {
      "n_samples": 250,
      "entropy_mean": 2.9854555130004883,
      "entropy_std": 0.013028716668486595,
      "attention_concentration": 0.050334371626377106,
      "top_features": [
        [
          "t-20",
          0.06471853703260422
        ],
        [
          "t-19",
          0.05678965523838997
        ],
        [
          "t-18",
          0.05349520593881607
        ],
        [
          "t-17",
          0.05160219594836235
        ],
        [
          "t-16",
          0.050446074455976486
        ]
      ],
      "mean_attention": [
        0.06471853703260422,
        0.05678965523838997,
        0.05349520593881607,
        0.05160219594836235,
        0.050446074455976486,
        0.04976417124271393,
        0.04926809296011925,
        0.048939164727926254,
        0.04872764274477959,
        0.0485239140689373,
        0.04836629703640938,
        0.04824210703372955,
        0.048148058354854584,
        0.048000652343034744,
        0.04783860221505165,
        0.04768965020775795,
        0.04754330962896347,
        0.04741251468658447,
        0.04729275032877922,
        0.04719138517975807
      ],
      "std_attention": [
        0.007976038381457329,
        0.007075886707752943,
        0.006676195189356804,
        0.006157268770039082,
        0.005767138674855232,
        0.005527491215616465,
        0.005427439231425524,
        0.005395530257374048,
        0.0053916252218186855,
        0.0054368129931390285,
        0.00546655897051096,
        0.005488147959113121,
        0.005493553355336189,
        0.0054840343073010445,
        0.0056054918095469475,
        0.00579560361802578,
        0.006083542015403509,
        0.006512005347758532,
        0.007079719100147486,
        0.0077139101922512054
      ]
    },
    "2022": {
      "n_samples": 249,
      "entropy_mean": 2.980937957763672,
      "entropy_std": 0.01575022004544735,
      "attention_concentration": 0.050055794417858124,
      "top_features": [
        [
          "t-20",
          0.05604012683033943
        ],
        [
          "t-19",
          0.05282026529312134
        ],
        [
          "t-18",
          0.05137252435088158
        ],
        [
          "t-17",
          0.050570279359817505
        ],
        [
          "t-16",
          0.05009731650352478
        ]
      ],
      "mean_attention": [
        0.05604012683033943,
        0.05282026529312134,
        0.05137252435088158,
        0.050570279359817505,
        0.05009731650352478,
        0.04972139745950699,
        0.04951455444097519,
        0.049386896193027496,
        0.04923153296113014,
        0.04912548512220383,
        0.04907606169581413,
        0.049028847366571426,
        0.04898149520158768,
        0.048937879502773285,
        0.048953939229249954,
        0.04907188192009926,
        0.04920139163732529,
        0.049384474754333496,
        0.04961531236767769,
        0.04986833408474922
      ],
      "std_attention": [
        0.011804260313510895,
        0.010021989233791828,
        0.008933627977967262,
        0.00833093747496605,
        0.00786542147397995,
        0.0074710906483232975,
        0.00715206004679203,
        0.006971662864089012,
        0.006821365095674992,
        0.006757484283298254,
        0.006766338367015123,
        0.006876249797642231,
        0.007118105422705412,
        0.0074434345588088036,
        0.007802216336131096,
        0.008244049735367298,
        0.008813162334263325,
        0.009506025351583958,
        0.010302855633199215,
        0.011219289153814316
      ]
    },
    "2023": {
      "n_samples": 249,
      "entropy_mean": 2.9833993911743164,
      "entropy_std": 0.010584745556116104,
      "attention_concentration": 0.05020103603601456,
      "top_features": [
        [
          "t-20",
          0.06149915233254433
        ],
        [
          "t-19",
          0.05536040663719177
        ],
        [
          "t-18",
          0.0526968389749527
        ],
        [
          "t-17",
          0.0511619970202446
        ],
        [
          "t-16",
          0.050227317959070206
        ]
      ],
      "mean_attention": [
        0.06149915233254433,
        0.05536040663719177,
        0.0526968389749527,
        0.0511619970202446,
        0.050227317959070206,
        0.049640510231256485,
        0.04924196004867554,
        0.0489262230694294,
        0.04874120280146599,
        0.04864559695124626,
        0.04854712635278702,
        0.048483192920684814,
        0.04843643680214882,
        0.048426851630210876,
        0.04843197762966156,
        0.04833514615893364,
        0.04831419140100479,
        0.04829116538167,
        0.04828063026070595,
        0.04831206798553467
      ],
      "std_attention": [
        0.010549694299697876,
        0.008985700085759163,
        0.00806600134819746,
        0.0074309054762125015,
        0.006954772397875786,
        0.006624680478125811,
        0.006385301239788532,
        0.006167468149214983,
        0.006092892959713936,
        0.006053747609257698,
        0.0060968585312366486,
        0.006201984826475382,
        0.006328009534627199,
        0.006467557046562433,
        0.006619143299758434,
        0.0068517327308654785,
        0.007118382025510073,
        0.007464730180799961,
        0.007875422947108746,
        0.008390574716031551
      ]
    },
    "2024": {
      "n_samples": 250,
      "entropy_mean": 2.992155075073242,
      "entropy_std": 0.0020838798955082893,
      "attention_concentration": 0.05011608079075813,
      "top_features": [
        [
          "t-20",
          0.05908053368330002
        ],
        [
          "t-19",
          0.053674496710300446
        ],
        [
          "t-18",
          0.0517367459833622
        ],
        [
          "t-17",
          0.05068773031234741
        ],
        [
          "t-16",
          0.05007694289088249
        ]
      ],