{
  "period_statistics": {
    "2020": {
      "n_samples": 92,
      "entropy_mean": 2.728477954864502,
      "entropy_std": 0.1962021440267563,
      "attention_concentration": 0.05100293457508087,
      "top_features": [
        [
          "t-1",
          0.06803280115127563
        ],
        [
          "t-2",
          0.06173955276608467
        ],
        [
          "t-20",
          0.06082712113857269
        ],
        [
          "t-3",
          0.05664185434579849
        ],
        [
          "t-19",
          0.05550804361701012
        ]
      ],
      "mean_attention": [
        0.06082712113857269,
        0.05550804361701012,
        0.05208764225244522,
        0.049699507653713226,
        0.047758303582668304,
        0.046200934797525406,
        0.04505405202507973,
        0.04398807883262634,
        0.043837714940309525,
        0.04327164962887764,
        0.04287952557206154,
        0.042825207114219666,
        0.04307295382022858,
        0.045733995735645294,
        0.04783288761973381,
        0.05029682442545891,
        0.052711371332407,
        0.05664185434579849,
        0.06173955276608467,
        0.06803280115127563
      ],
      "std_attention": [
        0.0592140331864357,
        0.04699846729636192,
        0.03902468830347061,
        0.034529563039541245,
        0.03181319311261177,
        0.030737735331058502,
        0.029481293633580208,
        0.028370214626193047,
        0.02858041413128376,
        0.028220148757100105,
        0.028119754046201706,
        0.02818327024579048,
        0.028531134128570557,
        0.033793698996305466,
        0.0360260009765625,
        0.040147144347429276,
        0.043621938675642014,
        0.05065128207206726,
        0.06112033501267433,
        0.07695375382900238
      ]
    },
    "2021": {
      "n_samples": 250,
      "entropy_mean": 2.5928549766540527,
      "entropy_std": 0.39854466915130615,
      "attention_concentration": 0.050237078219652176,
      "top_features": [
        [
          "t-1",
          0.05909484252333641
        ],
        [
          "t-20",
          0.05739978700876236
        ],
        [
          "t-2",
          0.05447458103299141
        ],
        [
          "t-19",
          0.05354546755552292
        ],
        [
          "t-3",
          0.05141015350818634
        ]
      ],
      "mean_attention": [
        0.05739978700876236,
        0.05354546755552292,
        0.05133312940597534,
        0.04978480190038681,
        0.049350492656230927,
        0.04861020669341087,
        0.04827994108200073,
        0.04781392961740494,
        0.047261014580726624,
        0.04712444171309471,
        0.047118179500103,
        0.0471934899687767,
        0.04771934449672699,
        0.0474201925098896,
        0.047658201307058334,
        0.04822554066777229,
        0.04918229952454567,
        0.05141015350818634,
        0.05447458103299141,
        0.05909484252333641
      ],
      "std_attention": [
        0.0633789524435997,
        0.05931951478123665,
        0.05471858009696007,
        0.05272488296031952,
        0.052762288600206375,
        0.051385633647441864,
        0.05120599642395973,
        0.05052006617188454,
        0.05030820518732071,
        0.05067844316363335,
        0.05126884952187538,
        0.0516744963824749,
        0.05337528884410858,
        0.05371547117829323,
        0.055132366716861725,
        0.057176623493433,
        0.059799302369356155,
        0.06911209970712662,
        0.08388365805149078,
        0.10001958161592484
      ]
    },
    "2022": {
      "n_samples": 249,
      "entropy_mean": 2.5920650959014893,
      "entropy_std": 0.31825941801071167,
      "attention_concentration": 0.0511382631957531,
      "top_features": [
        [
          "t-1",
          0.06935983896255493
        ],
        [
          "t-20",
          0.06407373398542404
        ],
        [
          "t-2",
          0.05867631360888481
        ],
        [
          "t-19",
          0.05865878239274025
        ],
        [
          "t-18",
          0.05583713576197624
        ]
      ],
      "mean_attention": [
        0.06407373398542404,
        0.05865878239274025,
        0.05583713576197624,
        0.05281566455960274,
        0.04984578490257263,
        0.04737004265189171,
        0.045489098876714706,
        0.04477114975452423,
        0.043593622744083405,
        0.042747486382722855,
        0.042455121874809265,
        0.04270826652646065,
        0.04350583255290985,
        0.04431275278329849,
        0.045212794095277786,
        0.04685245454311371,
        0.04913075640797615,
        0.052583348006010056,
        0.05867631360888481,
        0.06935983896255493
      ],
      "std_attention": [
        0.07187584787607193,
        0.05436981841921806,
        0.04923491179943085,
        0.04451761394739151,
        0.04033727943897247,
        0.03774115443229675,
        0.03615543618798256,
        0.03700036555528641,
        0.03583519160747528,
        0.03484399616718292,
        0.034441038966178894,
        0.035627610981464386,
        0.03821347653865814,
        0.04018639028072357,
        0.04158783704042435,
        0.04400229826569557,
        0.048156339675188065,
        0.05496029183268547,
        0.06972721964120865,
        0.10365408658981323
      ]
    },
    "2023": {
      "n_samples": 249,
      "entropy_mean": 2.894763231277466,
      "entropy_std": 0.17279209196567535,
      "attention_concentration": 0.050129931420087814,
      "top_features": [
        [
          "t-20",
          0.057667072862386703
        ],
        [
          "t-19",
          0.05510539561510086
        ],
        [
          "t-18",
          0.05302423983812332
        ],
        [
          "t-17",
          0.051574915647506714
        ],
        [
          "t-1",
          0.05139143392443657
        ]
      ],
      "mean_attention": [
        0.057667072862386703,
        0.05510539561510086,
        0.05302423983812332,
        0.051574915647506714,
        0.05046887323260307,
        0.04982459172606468,
        0.04941907152533531,
        0.048548467457294464,
        0.04843105375766754,
        0.048414263874292374,
        0.04826772212982178,
        0.04811472073197365,
        0.048035331070423126,
        0.04808507487177849,
        0.04818788543343544,
        0.04824875667691231,
        0.04850740730762482,
        0.04894305393099785,
        0.049740713089704514,
        0.05139143392443657
      ],
      "std_attention": [
        0.03743129223585129,
        0.03231002390384674,
        0.02731293812394142,
        0.025158124044537544,
        0.023273224011063576,
        0.022874174639582634,
        0.022846166044473648,
        0.02005821280181408,
        0.02069031447172165,
        0.020934810861945152,
        0.021268798038363457,
        0.02150692604482174,
        0.021755322813987732,
        0.022080514580011368,
        0.023115409538149834,
        0.02425556816160679,
        0.025912433862686157,
        0.02847490832209587,
        0.033698875457048416,
        0.042208462953567505
      ]
    },
    "2024": {
      "n_samples": 250,
      "entropy_mean": 2.854365587234497,
      "entropy_std": 0.3537977933883667,
      "attention_concentration": 0.050043147057294846,
      "top_features": [
        [
          "t-20",
          0.05405566841363907
        ],
        [
          "t-1",
          0.0527421236038208
        ],
        [
          "t-2",
          0.05142673850059509
        ],
        [
          "t-19",
          0.051098793745040894
        ],
        [
          "t-3",
          0.05108489841222763
        ]
      ],