{
  "evaluation_timestamp": "2025-10-22T23:16:35.229694",
  "statistical_metrics": {
    "mse": 1.2407501935958862,
    "rmse": 1.1138896942138672,
    "mae": 0.8118146061897278,
    "mape": 283.4648370742798,
    "r2": -0.05437648296356201,
    "mean_error": 0.25022411346435547,
    "std_error": 1.0854207277297974
  },
  "financial_metrics": {
    "directional_accuracy": 0.46328125,
    "sharpe_ratio": 0.0,
    "max_drawdown": 0.0,
    "total_return": 0.0,
    "hit_rate": 0.0,
    "num_trades": 0,
    "precision": 0.0,
    "recall": 0.0,
    "f1_score": 0.0,
    "confusion_matrix": [
      [
        593,
        0
      ],
      [
        687,
        0
      ]
    ],
    "auc_roc": 0.46032926598771207,
    "alpha": -0.9216080904006958
  },
  "residual_diagnostics": {
    "normality_p_value": 4.340195162413258e-40,
    "acf_lag1": -0.034965638347153646,
    "skewness": 0.07538440962730895,
    "kurtosis": 6.5363503633201105
  },
  "checkpoint_used": "experiments/sweep_stale_h20_drop0.20_lr5/checkpoints/tft-epoch=01-val_loss=0.1715.ckpt"
}