{
  "evaluation_timestamp": "2025-10-30T03:31:41.990594",
  "statistical_metrics": {
    "mse": 1.1769661903381348,
    "rmse": 1.0848807096481323,
    "mae": 0.774152398109436,
    "mape": 138.45702409744263,
    "r2": -0.0001735687255859375,
    "mean_error": -0.0063992575742304325,
    "std_error": 1.0848618745803833
  },
  "financial_metrics": {
    "directional_accuracy": 0.53671875,
    "sharpe_ratio": 0.8329736080938573,
    "max_drawdown": -0.2524605989456177,
    "total_return": 0.9216080904006958,
    "hit_rate": 0.53671875,
    "num_trades": 1280,
    "precision": 0.53671875,
    "recall": 1.0,
    "f1_score": 0.6985256736146417,
    "confusion_matrix": [
      [
        0,
        593
      ],
      [
        0,
        687
      ]
    ],
    "auc_roc": 0.4719470975058359,
    "alpha": 0.0
  },
  "residual_diagnostics": {
    "normality_p_value": 9.8590924606465e-40,
    "acf_lag1": -0.032138171532414286,
    "skewness": 0.005705868648941785,
    "kurtosis": 6.513910075159091
  },
  "mode_stats": {
    "healthy_days": 30,
    "degraded_days": 0,
    "unidirectional_days": 1250,
    "weak_collapse_days": 0,
    "strong_collapse_days": 0,
    "total_days": 1280,
    "healthy_pct": 2.34375,
    "degraded_pct": 0.0,
    "unidirectional_pct": 97.65625,
    "weak_collapse_pct": 0.0,
    "strong_collapse_pct": 0.0
  },
  "collapse_detected": false,
  "degradation_detected": true,
  "checkpoint_used": "experiments/01_staleness_features_fixed/sweep_stale_h20_drop0.20_lr5/checkpoints/tft-epoch=49-val_loss=0.3999.ckpt"
}