{
  "evaluation_timestamp": "2025-10-22T23:16:29.172313",
  "statistical_metrics": {
    "mse": 1.2095363140106201,
    "rmse": 1.0997892618179321,
    "mae": 0.7939046621322632,
    "mape": 209.71665382385254,
    "r2": -0.027851223945617676,
    "mean_error": 0.17679134011268616,
    "std_error": 1.0854865312576294
  },
  "financial_metrics": {
    "directional_accuracy": 0.46328125,
    "sharpe_ratio": 0.0,
    "max_drawdown": 0.0,
    "total_return": 0.0,
    "hit_rate": 0.0,
    "num_trades": 0,
    "precision": 0.0,
    "recall": 0.0,
    "f1_score": 0.0,
    "confusion_matrix": [
      [
        593,
        0
      ],
      [
        687,
        0
      ]
    ],
    "auc_roc": 0.46036240368589393,
    "alpha": -0.9216080904006958
  },
  "residual_diagnostics": {
    "normality_p_value": 4.234841993161656e-40,
    "acf_lag1": -0.034864757752285876,
    "skewness": 0.07563136283806891,
    "kurtosis": 6.538525862884027
  },
  "checkpoint_used": "experiments/sweep_stale_h20_drop0.15_lr3/checkpoints/tft-epoch=02-val_loss=0.1697.ckpt"
}