{
  "evaluation_timestamp": "2025-10-30T03:31:12.409264",
  "statistical_metrics": {
    "mse": 1.1755073070526123,
    "rmse": 1.0842081308364868,
    "mae": 0.7737258076667786,
    "mape": 121.0733413696289,
    "r2": 0.0010662674903869629,
    "mean_error": 0.01590123400092125,
    "std_error": 1.0840915441513062
  },
  "financial_metrics": {
    "directional_accuracy": 0.53671875,
    "sharpe_ratio": 0.8329736080938573,
    "max_drawdown": -0.2524605989456177,
    "total_return": 0.9216080904006958,
    "hit_rate": 0.53671875,
    "num_trades": 1280,
    "precision": 0.53671875,
    "recall": 1.0,
    "f1_score": 0.6985256736146417,
    "confusion_matrix": [
      [
        0,
        593
      ],
      [
        0,
        687
      ]
    ],
    "auc_roc": 0.4834004678552054,
    "alpha": 0.0
  },
  "residual_diagnostics": {
    "normality_p_value": 8.780782605948423e-40,
    "acf_lag1": -0.03463510150914308,
    "skewness": 0.02180447715069339,
    "kurtosis": 6.521090133954715
  },
  "mode_stats": {
    "healthy_days": 29,
    "degraded_days": 1,
    "unidirectional_days": 1075,
    "weak_collapse_days": 111,
    "strong_collapse_days": 64,
    "total_days": 1280,
    "healthy_pct": 2.265625,
    "degraded_pct": 0.078125,
    "unidirectional_pct": 83.984375,
    "weak_collapse_pct": 8.671875,
    "strong_collapse_pct": 5.0
  },
  "collapse_detected": true,
  "degradation_detected": true,
  "checkpoint_used": "experiments/01_staleness_features_fixed/sweep_stale_h20_drop0.15_lr3/checkpoints/tft-epoch=63-val_loss=0.3989.ckpt"
}