{
  "evaluation_timestamp": "2025-10-27T12:04:59.627522",
  "statistical_metrics": {
    "mse": 1.2095361948013306,
    "rmse": 1.0997891426086426,
    "mae": 0.7939046621322632,
    "mape": 209.7165584564209,
    "r2": -0.027851104736328125,
    "mean_error": 0.1767912656068802,
    "std_error": 1.0854865312576294
  },
  "financial_metrics": {
    "directional_accuracy": 0.46328125,
    "sharpe_ratio": 0.0,
    "max_drawdown": 0.0,
    "total_return": 0.0,
    "hit_rate": 0.0,
    "num_trades": 0,
    "precision": 0.0,
    "recall": 0.0,
    "f1_score": 0.0,
    "confusion_matrix": [
      [
        593,
        0
      ],
      [
        687,
        0
      ]
    ],
    "auc_roc": 0.4603636310080488,
    "alpha": -0.9216080904006958
  },
  "residual_diagnostics": {
    "normality_p_value": 4.234839190402999e-40,
    "acf_lag1": -0.034864761161733544,
    "skewness": 0.07563140361502534,
    "kurtosis": 6.538525862884027
  },
  "mode_stats": {
    "healthy_days": 29,
    "degraded_days": 1,
    "unidirectional_days": 68,
    "weak_collapse_days": 1182,
    "strong_collapse_days": 0,
    "total_days": 1280,
    "healthy_pct": 2.265625,
    "degraded_pct": 0.078125,
    "unidirectional_pct": 5.3125,
    "weak_collapse_pct": 92.34375,
    "strong_collapse_pct": 0.0
  },
  "collapse_detected": true,
  "degradation_detected": true,
  "checkpoint_used": "experiments/01_staleness_features_fixed/sweep_stale_h20_drop0.15_lr3/checkpoints/tft-epoch=02-val_loss=0.1697.ckpt"
}