{
  "evaluation_timestamp": "2025-10-30T03:16:41.366323",
  "statistical_metrics": {
    "mse": 1.1727921962738037,
    "rmse": 1.0829553604125977,
    "mae": 0.7711097002029419,
    "mape": 175.2322793006897,
    "r2": 0.003373444080352783,
    "mean_error": -0.020512551069259644,
    "std_error": 1.0827610492706299
  },
  "financial_metrics": {
    "directional_accuracy": 0.53515625,
    "sharpe_ratio": 0.8763055269443439,
    "max_drawdown": -0.22348129749298096,
    "total_return": 0.9585448503494263,
    "hit_rate": 0.50390625,
    "num_trades": 1198,
    "precision": 0.5383973288814691,
    "recall": 0.9388646288209607,
    "f1_score": 0.6843501326259946,
    "confusion_matrix": [
      [
        40,
        553
      ],
      [
        42,
        645
      ]
    ],
    "auc_roc": 0.5279989003193493,
    "alpha": 0.03693675994873047
  },
  "residual_diagnostics": {
    "normality_p_value": 5.25372030217077e-39,
    "acf_lag1": -0.029789449580508703,
    "skewness": 0.02928101374731213,
    "kurtosis": 6.330068680512474
  },
  "mode_stats": {
    "healthy_days": 424,
    "degraded_days": 72,
    "unidirectional_days": 764,
    "weak_collapse_days": 20,
    "strong_collapse_days": 0,
    "total_days": 1280,
    "healthy_pct": 33.125,
    "degraded_pct": 5.625,
    "unidirectional_pct": 59.68750000000001,
    "weak_collapse_pct": 1.5625,
    "strong_collapse_pct": 0.0
  },
  "collapse_detected": true,
  "degradation_detected": true,
  "checkpoint_used": "experiments/00_baseline_exploration/sweep2_h16_lr_0.0006/checkpoints/tft-epoch=40-val_loss=0.4024.ckpt"
}