{
  "evaluation_timestamp": "2025-10-27T12:02:37.215731",
  "statistical_metrics": {
    "mse": 1.1828117370605469,
    "rmse": 1.0875715017318726,
    "mae": 0.7737343907356262,
    "mape": 156.6022753715515,
    "r2": -0.005141019821166992,
    "mean_error": 0.06135322526097298,
    "std_error": 1.0858395099639893
  },
  "financial_metrics": {
    "directional_accuracy": 0.5234375,
    "sharpe_ratio": 0.8037813227064906,
    "max_drawdown": -0.1890222728252411,
    "total_return": 0.48787081241607666,
    "hit_rate": 0.259375,
    "num_trades": 587,
    "precision": 0.565587734241908,
    "recall": 0.48326055312954874,
    "f1_score": 0.521193092621664,
    "confusion_matrix": [
      [
        338,
        255
      ],
      [
        355,
        332
      ]
    ],
    "auc_roc": 0.5431023267573412,
    "alpha": -0.43373727798461914
  },
  "residual_diagnostics": {
    "normality_p_value": 8.280557067481216e-40,
    "acf_lag1": -0.03459982285457002,
    "skewness": 0.12785289005936296,
    "kurtosis": 6.349727448002721
  },
  "mode_stats": {
    "healthy_days": 57,
    "degraded_days": 138,
    "unidirectional_days": 868,
    "weak_collapse_days": 76,
    "strong_collapse_days": 141,
    "total_days": 1280,
    "healthy_pct": 4.453125,
    "degraded_pct": 10.78125,
    "unidirectional_pct": 67.8125,
    "weak_collapse_pct": 5.9375,
    "strong_collapse_pct": 11.015625
  },
  "collapse_detected": true,
  "degradation_detected": true,
  "checkpoint_used": "experiments/00_baseline_exploration/sweep2_h16_lr_0.0006/checkpoints/tft-epoch=01-val_loss=0.1198.ckpt"
}