
[INFO] Using AUTO device selection.

[INFO] Patched matplotlib.Axes.errorbar to abs() negative yerr for robustness.
======================================================================
Training TFT: 10_quantile_horizon_sweep/daily_7q_h30_s123
======================================================================
Logging to: experiments/10_quantile_horizon_sweep/daily_7q_h30_s123/training_20251210_213315.log
Started at: 2025-12-10 21:33:15
======================================================================
Configuration saved to: experiments/10_quantile_horizon_sweep/daily_7q_h30_s123/config.json

Loading data splits...
Train: 6074 samples
Val: 1302 samples
Test: 1302 samples

Preparing TimeSeriesDataSet...

Dropping source columns (used for staleness only): ['CPI']

Final features for TFT: ['SP500_Returns', 'VIX', 'Treasury_10Y', 'Yield_Spread', 'Inflation_YoY']

======================================================================
FEATURE STATISTICS - BEFORE NORMALIZATION
======================================================================
VIX                             mean= 19.7438  std=  8.0295  min=  9.3100  max= 80.8600
Treasury_10Y                    mean=  4.7672  std=  1.6903  min=  1.4300  max=  8.3600
Yield_Spread                    mean=  1.2778  std=  0.9179  min= -0.5200  max=  2.9100
Inflation_YoY                   mean=  2.5322  std=  1.1865  min= -2.1498  max=  6.7300

======================================================================
FEATURES AFTER GROUPNORMALIZER (first batch, last timestep)
======================================================================
VIX                             normalized_value=  1.0000
Treasury_10Y                    normalized_value= -0.0500
Yield_Spread                    normalized_value=  0.8378
Inflation_YoY                   normalized_value=  0.5638
======================================================================

[DEBUG] VIX train values: [28.95 30.38 33.3  31.33 32.63]
[DEBUG] VIX val values: [14.31 15.15 15.13 12.86 13.85]
Batches per epoch: 94
[DEBUG] Validation batches: 20
[DEBUG] Validation dataset size: 1253
[DEBUG] Batch size: 64

Initializing model...

Quantile configuration: 7q
  Quantiles: [0.02, 0.1, 0.25, 0.5, 0.75, 0.9, 0.98]
  Output size: 7
  Median index: 3

Using standard QuantileLoss (no penalties)

[REGIME OUTPUT] Disabled (using baseline output layer)

================================================================================
BASELINE MODEL FEATURE CONFIGURATION (after from_dataset)
================================================================================
tft.hparams.time_varying_reals_encoder: ['relative_time_idx', 'VIX', 'Treasury_10Y', 'Yield_Spread', 'Inflation_YoY']
  Count: 5

tft.hparams.time_varying_reals_decoder: ['relative_time_idx']
  Count: 1

tft.hparams.x_reals (all reals passed to model): ['encoder_length', 'relative_time_idx', 'VIX', 'Treasury_10Y', 'Yield_Spread', 'Inflation_YoY']
  Count: 6

Encoder VSN configuration:
  num_inputs: 5
  input_sizes: {'relative_time_idx': 16, 'VIX': 16, 'Treasury_10Y': 16, 'Yield_Spread': 16, 'Inflation_YoY': 16}
  flattened_grn.fc1: in_features=80, out_features=5
  -> Params in fc1: 400 (should be 5*16*5=400 if 5 features)
================================================================================

Model parameters: 22,615

Starting training...
Checkpoints will be saved to: experiments/10_quantile_horizon_sweep/daily_7q_h30_s123/checkpoints/
Logs will be saved to: experiments/10_quantile_horizon_sweep/daily_7q_h30_s123/logs/

[DEBUG CollapseMonitor] on_validation_epoch_start called for epoch 0
[DEBUG CollapseMonitor] reset_temporal_state() called on loss function
Epoch 0: val_loss=N/A
[DEBUG CollapseMonitor] on_validation_epoch_start called for epoch 0
[DEBUG CollapseMonitor] reset_temporal_state() called on loss function
Epoch 0: val_loss=0.7502965331077576
Epoch 0: train_loss=0.9005095362663269

[CollapseMonitor] Epoch 0
  [DEBUG] Processed 20 batches, 30 horizon(s)
  Multi-horizon metrics (30 horizons):
    h1: std=0.0434, dir_acc=54.6%, pos=100%, unique=1246, sharpe=150.63
    h2: std=0.0406, dir_acc=54.6%, pos=100%, unique=1234, sharpe=162.26
    h3: std=0.0390, dir_acc=54.6%, pos=100%, unique=1230, sharpe=168.72
    h4: std=0.0380, dir_acc=54.6%, pos=100%, unique=1230, sharpe=171.16
    h5: std=0.0373, dir_acc=54.6%, pos=100%, unique=1233, sharpe=170.40
    ... (25 more horizons)
  Aggregate: std_avg=0.0361, dir_acc_avg=54.7%, composite_avg=0.4229
  H1 detail: range=0.2207, mean=0.4118, dist_match=0.5459
  Collapse penalty: 0.000000 (threshold: 0.005000)
  Saved validation predictions to: experiments/10_quantile_horizon_sweep/daily_7q_h30_s123/collapse_monitoring/val_predictions_epoch0.npz
  Gradient norms:
    lstm_encoder: 0.003220
    lstm_decoder: 0.032866
    output_layer: 0.836578
  VSN output std:
    encoder: 0.168668
  Attention entropy: 2.987820
  Saved to: experiments/10_quantile_horizon_sweep/daily_7q_h30_s123/collapse_monitoring/collapse_monitor_latest.json
[DEBUG CollapseMonitor] on_validation_epoch_start called for epoch 1
[DEBUG CollapseMonitor] reset_temporal_state() called on loss function
Epoch 1: val_loss=0.5001844763755798
Epoch 1: train_loss=0.6581809520721436

[CollapseMonitor] Epoch 1
  [DEBUG] Processed 20 batches, 30 horizon(s)
  Multi-horizon metrics (30 horizons):
    h1: std=0.0527, dir_acc=54.6%, pos=100%, unique=1244, sharpe=122.56
    h2: std=0.0457, dir_acc=54.6%, pos=100%, unique=1245, sharpe=145.06
    h3: std=0.0427, dir_acc=54.6%, pos=100%, unique=1245, sharpe=158.39
    h4: std=0.0408, dir_acc=54.6%, pos=100%, unique=1243, sharpe=167.58
    h5: std=0.0393, dir_acc=54.6%, pos=100%, unique=1230, sharpe=174.61
    ... (25 more horizons)
  Aggregate: std_avg=0.0353, dir_acc_avg=54.7%, composite_avg=0.4229
  H1 detail: range=0.2590, mean=0.4070, dist_match=0.5459
  Collapse penalty: 0.000000 (threshold: 0.005000)
  Saved validation predictions to: experiments/10_quantile_horizon_sweep/daily_7q_h30_s123/collapse_monitoring/val_predictions_epoch1.npz
  Gradient norms:
    lstm_encoder: 0.002445
    lstm_decoder: 0.018030
    output_layer: 0.539816
  VSN output std:
    encoder: 0.168709
  Attention entropy: 2.993151
  Saved to: experiments/10_quantile_horizon_sweep/daily_7q_h30_s123/collapse_monitoring/collapse_monitor_latest.json
[DEBUG CollapseMonitor] on_validation_epoch_start called for epoch 2
[DEBUG CollapseMonitor] reset_temporal_state() called on loss function
Epoch 2: val_loss=0.4602981507778168
Epoch 2: train_loss=0.5025160312652588

[CollapseMonitor] Epoch 2
  [DEBUG] Processed 20 batches, 30 horizon(s)
  Multi-horizon metrics (30 horizons):
    h1: std=0.0468, dir_acc=54.6%, pos=100%, unique=1240, sharpe=33.17
    h2: std=0.0427, dir_acc=54.6%, pos=100%, unique=1238, sharpe=36.39
    h3: std=0.0410, dir_acc=54.6%, pos=100%, unique=1226, sharpe=39.24
    h4: std=0.0399, dir_acc=54.6%, pos=100%, unique=1228, sharpe=41.29
    h5: std=0.0391, dir_acc=54.6%, pos=100%, unique=1230, sharpe=42.58
    ... (25 more horizons)
  Aggregate: std_avg=0.0348, dir_acc_avg=54.7%, composite_avg=0.4229
  H1 detail: range=0.2506, mean=0.0979, dist_match=0.5459
  Collapse penalty: 0.000000 (threshold: 0.005000)
  Saved validation predictions to: experiments/10_quantile_horizon_sweep/daily_7q_h30_s123/collapse_monitoring/val_predictions_epoch2.npz
  Gradient norms:
    lstm_encoder: 0.000531
    lstm_decoder: 0.005483
    output_layer: 0.168091
  VSN output std:
    encoder: 0.150435
  Attention entropy: 2.991514
  Saved to: experiments/10_quantile_horizon_sweep/daily_7q_h30_s123/collapse_monitoring/collapse_monitor_latest.json
[DEBUG CollapseMonitor] on_validation_epoch_start called for epoch 3
[DEBUG CollapseMonitor] reset_temporal_state() called on loss function
Epoch 3: val_loss=0.450301855802536
Epoch 3: train_loss=0.4661616384983063

[CollapseMonitor] Epoch 3
  [DEBUG] Processed 20 batches, 30 horizon(s)
  Multi-horizon metrics (30 horizons):
    h1: std=0.0579, dir_acc=54.3%, pos=98%, unique=1242, sharpe=12.58
    h2: std=0.0552, dir_acc=54.6%, pos=100%, unique=1231, sharpe=12.89
    h3: std=0.0537, dir_acc=54.6%, pos=100%, unique=1233, sharpe=14.39
    h4: std=0.0528, dir_acc=54.6%, pos=100%, unique=1235, sharpe=15.90
    h5: std=0.0521, dir_acc=54.6%, pos=100%, unique=1227, sharpe=17.11
    ... (25 more horizons)
  Aggregate: std_avg=0.0477, dir_acc_avg=54.7%, composite_avg=0.4229
  H1 detail: range=0.2886, mean=0.0459, dist_match=0.5619
  Collapse penalty: 0.000000 (threshold: 0.005000)
  Saved validation predictions to: experiments/10_quantile_horizon_sweep/daily_7q_h30_s123/collapse_monitoring/val_predictions_epoch3.npz
  Gradient norms:
    lstm_encoder: 0.000289
    lstm_decoder: 0.001533
    output_layer: 0.056293
  VSN output std:
    encoder: 0.150869
  Attention entropy: 2.986724
  Saved to: experiments/10_quantile_horizon_sweep/daily_7q_h30_s123/collapse_monitoring/collapse_monitor_latest.json
[DEBUG CollapseMonitor] on_validation_epoch_start called for epoch 4
[DEBUG CollapseMonitor] reset_temporal_state() called on loss function
Epoch 4: val_loss=0.44385266304016113
Epoch 4: train_loss=0.4558914601802826

[CollapseMonitor] Epoch 4
  [DEBUG] Processed 20 batches, 30 horizon(s)
  Multi-horizon metrics (30 horizons):
    h1: std=0.0892, dir_acc=48.8%, pos=47%, unique=1237, sharpe=7.91
    h2: std=0.0877, dir_acc=49.2%, pos=47%, unique=1230, sharpe=7.93
    h3: std=0.0865, dir_acc=49.1%, pos=49%, unique=1228, sharpe=8.55
    h4: std=0.0856, dir_acc=49.4%, pos=51%, unique=1225, sharpe=9.17
    h5: std=0.0850, dir_acc=49.5%, pos=56%, unique=1229, sharpe=9.65
    ... (25 more horizons)
  Aggregate: std_avg=0.0808, dir_acc_avg=49.7%, composite_avg=0.4798
  H1 detail: range=0.3504, mean=0.0444, dist_match=0.9218
  Collapse penalty: 0.000000 (threshold: 0.005000)
  Saved validation predictions to: experiments/10_quantile_horizon_sweep/daily_7q_h30_s123/collapse_monitoring/val_predictions_epoch4.npz
  Gradient norms:
    lstm_encoder: 0.000346
    lstm_decoder: 0.001019
    output_layer: 0.034652
  VSN output std:
    encoder: 0.164629
  Attention entropy: 2.980305
  Saved to: experiments/10_quantile_horizon_sweep/daily_7q_h30_s123/collapse_monitoring/collapse_monitor_latest.json
[DEBUG CollapseMonitor] on_validation_epoch_start called for epoch 5
[DEBUG CollapseMonitor] reset_temporal_state() called on loss function
Epoch 5: val_loss=0.44101908802986145
Epoch 5: train_loss=0.4497174322605133

[CollapseMonitor] Epoch 5
  [DEBUG] Processed 20 batches, 30 horizon(s)
  Multi-horizon metrics (30 horizons):
    h1: std=0.0590, dir_acc=54.6%, pos=100%, unique=1226, sharpe=14.66
    h2: std=0.0572, dir_acc=54.6%, pos=100%, unique=1223, sharpe=14.91
    h3: std=0.0557, dir_acc=54.6%, pos=100%, unique=1219, sharpe=15.89
    h4: std=0.0547, dir_acc=54.6%, pos=100%, unique=1222, sharpe=16.82
    h5: std=0.0540, dir_acc=54.6%, pos=100%, unique=1212, sharpe=17.54
    ... (25 more horizons)
  Aggregate: std_avg=0.0519, dir_acc_avg=54.7%, composite_avg=0.4229
  H1 detail: range=0.2294, mean=0.0545, dist_match=0.5459
  Collapse penalty: 0.000000 (threshold: 0.005000)
  Saved validation predictions to: experiments/10_quantile_horizon_sweep/daily_7q_h30_s123/collapse_monitoring/val_predictions_epoch5.npz
  Gradient norms:
    lstm_encoder: 0.000369
    lstm_decoder: 0.000980
    output_layer: 0.028666
  VSN output std:
    encoder: 0.169042
  Attention entropy: 2.985139
  Saved to: experiments/10_quantile_horizon_sweep/daily_7q_h30_s123/collapse_monitoring/collapse_monitor_latest.json
[DEBUG CollapseMonitor] on_validation_epoch_start called for epoch 6
[DEBUG CollapseMonitor] reset_temporal_state() called on loss function
Epoch 6: val_loss=0.4400998651981354
Epoch 6: train_loss=0.445758581161499

[CollapseMonitor] Epoch 6
  [DEBUG] Processed 20 batches, 30 horizon(s)
  Multi-horizon metrics (30 horizons):
    h1: std=0.0301, dir_acc=54.6%, pos=100%, unique=1207, sharpe=27.27
    h2: std=0.0268, dir_acc=54.6%, pos=100%, unique=1205, sharpe=30.31
    h3: std=0.0247, dir_acc=54.6%, pos=100%, unique=1203, sharpe=34.32
    h4: std=0.0233, dir_acc=54.6%, pos=100%, unique=1203, sharpe=37.93
    h5: std=0.0224, dir_acc=54.6%, pos=100%, unique=1187, sharpe=40.76
    ... (25 more horizons)
  Aggregate: std_avg=0.0214, dir_acc_avg=54.7%, composite_avg=0.4229
  H1 detail: range=0.1330, mean=0.0518, dist_match=0.5459
  Collapse penalty: 0.000000 (threshold: 0.005000)
  Saved validation predictions to: experiments/10_quantile_horizon_sweep/daily_7q_h30_s123/collapse_monitoring/val_predictions_epoch6.npz
  Gradient norms:
    lstm_encoder: 0.000492
    lstm_decoder: 0.000920
    output_layer: 0.024761
  VSN output std:
    encoder: 0.167235
  Attention entropy: 2.986136
  Saved to: experiments/10_quantile_horizon_sweep/daily_7q_h30_s123/collapse_monitoring/collapse_monitor_latest.json
[DEBUG CollapseMonitor] on_validation_epoch_start called for epoch 7
[DEBUG CollapseMonitor] reset_temporal_state() called on loss function
Epoch 7: val_loss=0.44003406167030334
Epoch 7: train_loss=0.4428507089614868

[CollapseMonitor] Epoch 7
  [DEBUG] Processed 20 batches, 30 horizon(s)
  Multi-horizon metrics (30 horizons):
    h1: std=0.0179, dir_acc=54.6%, pos=100%, unique=1189, sharpe=59.06
    h2: std=0.0130, dir_acc=54.6%, pos=100%, unique=1145, sharpe=80.89
    h3: std=0.0100, dir_acc=54.6%, pos=100%, unique=1112, sharpe=109.09
    h4: std=0.0079, dir_acc=54.6%, pos=100%, unique=1092, sharpe=141.28
    h5: std=0.0065, dir_acc=54.6%, pos=100%, unique=1085, sharpe=175.34
    ... (25 more horizons)
  Aggregate: std_avg=0.0052, dir_acc_avg=54.7%, composite_avg=0.4229
  H1 detail: range=0.1039, mean=0.0664, dist_match=0.5459
  Collapse penalty: 0.000000 (threshold: 0.005000)
  Saved validation predictions to: experiments/10_quantile_horizon_sweep/daily_7q_h30_s123/collapse_monitoring/val_predictions_epoch7.npz
  Gradient norms:
    lstm_encoder: 0.000581
    lstm_decoder: 0.000985
    output_layer: 0.023397
  VSN output std:
    encoder: 0.163515
  Attention entropy: 2.980107
  Saved to: experiments/10_quantile_horizon_sweep/daily_7q_h30_s123/collapse_monitoring/collapse_monitor_latest.json
[DEBUG CollapseMonitor] on_validation_epoch_start called for epoch 8
[DEBUG CollapseMonitor] reset_temporal_state() called on loss function
Epoch 8: val_loss=0.43988656997680664
Epoch 8: train_loss=0.441150426864624

[CollapseMonitor] Epoch 8
  [DEBUG] Processed 20 batches, 30 horizon(s)
  Multi-horizon metrics (30 horizons):
    h1: std=0.0175, dir_acc=54.6%, pos=100%, unique=1215, sharpe=57.13
    h2: std=0.0124, dir_acc=54.6%, pos=100%, unique=1168, sharpe=82.24
    h3: std=0.0095, dir_acc=54.6%, pos=100%, unique=1128, sharpe=111.68
    h4: std=0.0079, dir_acc=54.6%, pos=100%, unique=1107, sharpe=140.66
    h5: std=0.0069, dir_acc=54.6%, pos=100%, unique=1101, sharpe=165.72
    ... (25 more horizons)
  Aggregate: std_avg=0.0058, dir_acc_avg=54.7%, composite_avg=0.4229
  H1 detail: range=0.1095, mean=0.0629, dist_match=0.5459
  Collapse penalty: 0.000000 (threshold: 0.005000)
  Saved validation predictions to: experiments/10_quantile_horizon_sweep/daily_7q_h30_s123/collapse_monitoring/val_predictions_epoch8.npz
  Gradient norms:
    lstm_encoder: 0.000714
    lstm_decoder: 0.000971
    output_layer: 0.023540
  VSN output std:
    encoder: 0.159543
  Attention entropy: 2.960187
  Saved to: experiments/10_quantile_horizon_sweep/daily_7q_h30_s123/collapse_monitoring/collapse_monitor_latest.json
[DEBUG CollapseMonitor] on_validation_epoch_start called for epoch 9
[DEBUG CollapseMonitor] reset_temporal_state() called on loss function
Epoch 9: val_loss=0.439866840839386
Epoch 9: train_loss=0.4390251338481903

[CollapseMonitor] Epoch 9
  [DEBUG] Processed 20 batches, 30 horizon(s)
  Multi-horizon metrics (30 horizons):
    h1: std=0.0176, dir_acc=54.6%, pos=100%, unique=1196, sharpe=39.33
    h2: std=0.0126, dir_acc=54.6%, pos=100%, unique=1175, sharpe=57.89
    h3: std=0.0101, dir_acc=54.6%, pos=100%, unique=1143, sharpe=77.61
    h4: std=0.0089, dir_acc=54.6%, pos=100%, unique=1114, sharpe=93.88
    h5: std=0.0083, dir_acc=54.6%, pos=100%, unique=1095, sharpe=105.27
    ... (25 more horizons)
  Aggregate: std_avg=0.0082, dir_acc_avg=54.7%, composite_avg=0.4229
  H1 detail: range=0.1119, mean=0.0436, dist_match=0.5459
  Collapse penalty: 0.000000 (threshold: 0.005000)
  Saved validation predictions to: experiments/10_quantile_horizon_sweep/daily_7q_h30_s123/collapse_monitoring/val_predictions_epoch9.npz
  Gradient norms:
    lstm_encoder: 0.000773
    lstm_decoder: 0.000937
    output_layer: 0.022367
  VSN output std:
    encoder: 0.154924
  Attention entropy: 2.926394
  Saved to: experiments/10_quantile_horizon_sweep/daily_7q_h30_s123/collapse_monitoring/collapse_monitor_latest.json
[DEBUG CollapseMonitor] on_validation_epoch_start called for epoch 10
[DEBUG CollapseMonitor] reset_temporal_state() called on loss function
Epoch 10: val_loss=0.44012510776519775
Epoch 10: train_loss=0.4382302165031433

[CollapseMonitor] Epoch 10
  [DEBUG] Processed 20 batches, 30 horizon(s)
  Multi-horizon metrics (30 horizons):
    h1: std=0.0180, dir_acc=54.6%, pos=100%, unique=1216, sharpe=39.94
    h2: std=0.0133, dir_acc=54.6%, pos=100%, unique=1173, sharpe=57.47
    h3: std=0.0113, dir_acc=54.6%, pos=100%, unique=1155, sharpe=73.23
    h4: std=0.0104, dir_acc=54.6%, pos=100%, unique=1107, sharpe=84.18
    h5: std=0.0101, dir_acc=54.6%, pos=100%, unique=1098, sharpe=90.74
    ... (25 more horizons)
  Aggregate: std_avg=0.0104, dir_acc_avg=54.7%, composite_avg=0.4229
  H1 detail: range=0.1228, mean=0.0453, dist_match=0.5459
  Collapse penalty: 0.000000 (threshold: 0.005000)
  Saved validation predictions to: experiments/10_quantile_horizon_sweep/daily_7q_h30_s123/collapse_monitoring/val_predictions_epoch10.npz
  Gradient norms:
    lstm_encoder: 0.000892
    lstm_decoder: 0.000892
    output_layer: 0.021215
  VSN output std:
    encoder: 0.149251
  Attention entropy: 2.880954
  Saved to: experiments/10_quantile_horizon_sweep/daily_7q_h30_s123/collapse_monitoring/collapse_monitor_latest.json
[DEBUG CollapseMonitor] on_validation_epoch_start called for epoch 11
[DEBUG CollapseMonitor] reset_temporal_state() called on loss function
Epoch 11: val_loss=0.43984392285346985
Epoch 11: train_loss=0.4371247887611389

[CollapseMonitor] Epoch 11
  [DEBUG] Processed 20 batches, 30 horizon(s)
  Multi-horizon metrics (30 horizons):
    h1: std=0.0196, dir_acc=54.7%, pos=98%, unique=1191, sharpe=33.85
    h2: std=0.0153, dir_acc=54.6%, pos=100%, unique=1179, sharpe=46.91
    h3: std=0.0136, dir_acc=54.6%, pos=100%, unique=1167, sharpe=57.71
    h4: std=0.0129, dir_acc=54.6%, pos=100%, unique=1144, sharpe=65.02
    h5: std=0.0127, dir_acc=54.6%, pos=100%, unique=1140, sharpe=69.58
    ... (25 more horizons)
  Aggregate: std_avg=0.0133, dir_acc_avg=54.7%, composite_avg=0.4231
  H1 detail: range=0.1409, mean=0.0419, dist_match=0.5658
  Collapse penalty: 0.000000 (threshold: 0.005000)
  Saved validation predictions to: experiments/10_quantile_horizon_sweep/daily_7q_h30_s123/collapse_monitoring/val_predictions_epoch11.npz
  Gradient norms:
    lstm_encoder: 0.001016
    lstm_decoder: 0.000840
    output_layer: 0.019969
  VSN output std:
    encoder: 0.145592
  Attention entropy: 2.829306
  Saved to: experiments/10_quantile_horizon_sweep/daily_7q_h30_s123/collapse_monitoring/collapse_monitor_latest.json
[DEBUG CollapseMonitor] on_validation_epoch_start called for epoch 12
[DEBUG CollapseMonitor] reset_temporal_state() called on loss function
Epoch 12: val_loss=0.4399811029434204
Epoch 12: train_loss=0.43625977635383606

[CollapseMonitor] Epoch 12
  [DEBUG] Processed 20 batches, 30 horizon(s)
  Multi-horizon metrics (30 horizons):
    h1: std=0.0236, dir_acc=54.3%, pos=97%, unique=1209, sharpe=22.75
    h2: std=0.0187, dir_acc=54.5%, pos=99%, unique=1167, sharpe=31.43
    h3: std=0.0160, dir_acc=54.6%, pos=100%, unique=1141, sharpe=40.75
    h4: std=0.0144, dir_acc=54.6%, pos=100%, unique=1144, sharpe=49.16
    h5: std=0.0135, dir_acc=54.6%, pos=100%, unique=1139, sharpe=56.14
    ... (25 more horizons)
  Aggregate: std_avg=0.0121, dir_acc_avg=54.7%, composite_avg=0.4231
  H1 detail: range=0.1768, mean=0.0338, dist_match=0.5794
  Collapse penalty: 0.000000 (threshold: 0.005000)
  Saved validation predictions to: experiments/10_quantile_horizon_sweep/daily_7q_h30_s123/collapse_monitoring/val_predictions_epoch12.npz
  Gradient norms:
    lstm_encoder: 0.001152
    lstm_decoder: 0.000951
    output_layer: 0.021721
  VSN output std:
    encoder: 0.138589
  Attention entropy: 2.774877
  Saved to: experiments/10_quantile_horizon_sweep/daily_7q_h30_s123/collapse_monitoring/collapse_monitor_latest.json
[DEBUG CollapseMonitor] on_validation_epoch_start called for epoch 13
[DEBUG CollapseMonitor] reset_temporal_state() called on loss function
Epoch 13: val_loss=0.4398350119590759
Epoch 13: train_loss=0.43505728244781494

[CollapseMonitor] Epoch 13
  [DEBUG] Processed 20 batches, 30 horizon(s)
  Multi-horizon metrics (30 horizons):
    h1: std=0.0269, dir_acc=53.6%, pos=95%, unique=1190, sharpe=19.15
    h2: std=0.0222, dir_acc=54.6%, pos=97%, unique=1151, sharpe=25.40
    h3: std=0.0194, dir_acc=54.7%, pos=98%, unique=1155, sharpe=32.24
    h4: std=0.0177, dir_acc=55.2%, pos=99%, unique=1136, sharpe=38.53
    h5: std=0.0166, dir_acc=54.7%, pos=100%, unique=1143, sharpe=43.90
    ... (25 more horizons)
  Aggregate: std_avg=0.0144, dir_acc_avg=54.5%, composite_avg=0.4252
  H1 detail: range=0.2116, mean=0.0325, dist_match=0.5938
  Collapse penalty: 0.000000 (threshold: 0.005000)
  Saved validation predictions to: experiments/10_quantile_horizon_sweep/daily_7q_h30_s123/collapse_monitoring/val_predictions_epoch13.npz
  Gradient norms:
    lstm_encoder: 0.001166
    lstm_decoder: 0.000824
    output_layer: 0.019966
  VSN output std:
    encoder: 0.134168
  Attention entropy: 2.742928
  Saved to: experiments/10_quantile_horizon_sweep/daily_7q_h30_s123/collapse_monitoring/collapse_monitor_latest.json
[DEBUG CollapseMonitor] on_validation_epoch_start called for epoch 14
[DEBUG CollapseMonitor] reset_temporal_state() called on loss function
Epoch 14: val_loss=0.4405275583267212
Epoch 14: train_loss=0.43410906195640564

[CollapseMonitor] Epoch 14
  [DEBUG] Processed 20 batches, 30 horizon(s)
  Multi-horizon metrics (30 horizons):
    h1: std=0.0291, dir_acc=54.0%, pos=96%, unique=1202, sharpe=21.28
    h2: std=0.0245, dir_acc=54.7%, pos=97%, unique=1171, sharpe=27.30
    h3: std=0.0218, dir_acc=54.7%, pos=98%, unique=1154, sharpe=33.66
    h4: std=0.0200, dir_acc=55.1%, pos=99%, unique=1154, sharpe=39.48
    h5: std=0.0188, dir_acc=54.6%, pos=100%, unique=1160, sharpe=44.50
    ... (25 more horizons)
  Aggregate: std_avg=0.0162, dir_acc_avg=54.6%, composite_avg=0.4242
  H1 detail: range=0.2434, mean=0.0391, dist_match=0.5882
  Collapse penalty: 0.000000 (threshold: 0.005000)
  Saved validation predictions to: experiments/10_quantile_horizon_sweep/daily_7q_h30_s123/collapse_monitoring/val_predictions_epoch14.npz
  Gradient norms:
    lstm_encoder: 0.001300
    lstm_decoder: 0.000863
    output_layer: 0.020019
  VSN output std:
    encoder: 0.131526
  Attention entropy: 2.751323
  Saved to: experiments/10_quantile_horizon_sweep/daily_7q_h30_s123/collapse_monitoring/collapse_monitor_latest.json
[DEBUG CollapseMonitor] on_validation_epoch_start called for epoch 15
[DEBUG CollapseMonitor] reset_temporal_state() called on loss function
Epoch 15: val_loss=0.4398373067378998
Epoch 15: train_loss=0.43349555134773254

[CollapseMonitor] Epoch 15
  [DEBUG] Processed 20 batches, 30 horizon(s)
  Multi-horizon metrics (30 horizons):
    h1: std=0.0337, dir_acc=53.8%, pos=92%, unique=1203, sharpe=10.19
    h2: std=0.0290, dir_acc=53.4%, pos=94%, unique=1172, sharpe=13.60
    h3: std=0.0262, dir_acc=54.2%, pos=94%, unique=1138, sharpe=17.57
    h4: std=0.0243, dir_acc=54.0%, pos=95%, unique=1147, sharpe=21.34
    h5: std=0.0230, dir_acc=54.3%, pos=96%, unique=1145, sharpe=24.66
    ... (25 more horizons)
  Aggregate: std_avg=0.0195, dir_acc_avg=54.1%, composite_avg=0.4306
  H1 detail: range=0.2753, mean=0.0217, dist_match=0.6209
  Collapse penalty: 0.000000 (threshold: 0.005000)
  Saved validation predictions to: experiments/10_quantile_horizon_sweep/daily_7q_h30_s123/collapse_monitoring/val_predictions_epoch15.npz
  Gradient norms:
    lstm_encoder: 0.001319
    lstm_decoder: 0.000866
    output_layer: 0.019297
  VSN output std:
    encoder: 0.132534
  Attention entropy: 2.723244
  Saved to: experiments/10_quantile_horizon_sweep/daily_7q_h30_s123/collapse_monitoring/collapse_monitor_latest.json
[DEBUG CollapseMonitor] on_validation_epoch_start called for epoch 16
[DEBUG CollapseMonitor] reset_temporal_state() called on loss function
Epoch 16: val_loss=0.4407322406768799
Epoch 16: train_loss=0.4330374598503113

[CollapseMonitor] Epoch 16
  [DEBUG] Processed 20 batches, 30 horizon(s)
  Multi-horizon metrics (30 horizons):
    h1: std=0.0318, dir_acc=54.1%, pos=95%, unique=1206, sharpe=22.86
    h2: std=0.0274, dir_acc=54.3%, pos=96%, unique=1173, sharpe=28.55
    h3: std=0.0248, dir_acc=54.3%, pos=97%, unique=1148, sharpe=34.15
    h4: std=0.0233, dir_acc=54.6%, pos=97%, unique=1121, sharpe=39.09
    h5: std=0.0222, dir_acc=55.0%, pos=98%, unique=1128, sharpe=43.22
    ... (25 more horizons)
  Aggregate: std_avg=0.0200, dir_acc_avg=54.4%, composite_avg=0.4262
  H1 detail: range=0.2788, mean=0.0458, dist_match=0.5938
  Collapse penalty: 0.000000 (threshold: 0.005000)
  Saved validation predictions to: experiments/10_quantile_horizon_sweep/daily_7q_h30_s123/collapse_monitoring/val_predictions_epoch16.npz
  Gradient norms:
    lstm_encoder: 0.001454
    lstm_decoder: 0.000874
    output_layer: 0.019722
  VSN output std:
    encoder: 0.131784
  Attention entropy: 2.766713
  Saved to: experiments/10_quantile_horizon_sweep/daily_7q_h30_s123/collapse_monitoring/collapse_monitor_latest.json
[DEBUG CollapseMonitor] on_validation_epoch_start called for epoch 17
[DEBUG CollapseMonitor] reset_temporal_state() called on loss function
Epoch 17: val_loss=0.44033607840538025
Epoch 17: train_loss=0.43260133266448975

[CollapseMonitor] Epoch 17
  [DEBUG] Processed 20 batches, 30 horizon(s)
  Multi-horizon metrics (30 horizons):
    h1: std=0.0373, dir_acc=53.6%, pos=93%, unique=1205, sharpe=11.32
    h2: std=0.0328, dir_acc=53.6%, pos=94%, unique=1154, sharpe=14.31
    h3: std=0.0301, dir_acc=54.0%, pos=95%, unique=1151, sharpe=17.76
    h4: std=0.0283, dir_acc=54.0%, pos=95%, unique=1137, sharpe=21.04
    h5: std=0.0270, dir_acc=54.4%, pos=96%, unique=1138, sharpe=23.90
    ... (25 more horizons)
  Aggregate: std_avg=0.0232, dir_acc_avg=54.1%, composite_avg=0.4301
  H1 detail: range=0.3167, mean=0.0266, dist_match=0.6145
  Collapse penalty: 0.000000 (threshold: 0.005000)
  Saved validation predictions to: experiments/10_quantile_horizon_sweep/daily_7q_h30_s123/collapse_monitoring/val_predictions_epoch17.npz
  Gradient norms:
    lstm_encoder: 0.001490
    lstm_decoder: 0.000856
    output_layer: 0.019666
  VSN output std:
    encoder: 0.129900
  Attention entropy: 2.768825
  Saved to: experiments/10_quantile_horizon_sweep/daily_7q_h30_s123/collapse_monitoring/collapse_monitor_latest.json
[DEBUG CollapseMonitor] on_validation_epoch_start called for epoch 18
[DEBUG CollapseMonitor] reset_temporal_state() called on loss function
Epoch 18: val_loss=0.44058898091316223
Epoch 18: train_loss=0.4321587383747101

[CollapseMonitor] Epoch 18
  [DEBUG] Processed 20 batches, 30 horizon(s)
  Multi-horizon metrics (30 horizons):
    h1: std=0.0345, dir_acc=54.2%, pos=95%, unique=1210, sharpe=16.93
    h2: std=0.0303, dir_acc=54.3%, pos=96%, unique=1182, sharpe=20.43
    h3: std=0.0279, dir_acc=54.3%, pos=96%, unique=1175, sharpe=24.32
    h4: std=0.0263, dir_acc=54.6%, pos=97%, unique=1163, sharpe=28.01
    h5: std=0.0252, dir_acc=54.7%, pos=97%, unique=1159, sharpe=31.16
    ... (25 more horizons)
  Aggregate: std_avg=0.0220, dir_acc_avg=54.4%, composite_avg=0.4272
  H1 detail: range=0.3214, mean=0.0368, dist_match=0.5978
  Collapse penalty: 0.000000 (threshold: 0.005000)
  Saved validation predictions to: experiments/10_quantile_horizon_sweep/daily_7q_h30_s123/collapse_monitoring/val_predictions_epoch18.npz
  Gradient norms:
    lstm_encoder: 0.001710
    lstm_decoder: 0.000889
    output_layer: 0.019014
  VSN output std:
    encoder: 0.131428
  Attention entropy: 2.816164
  Saved to: experiments/10_quantile_horizon_sweep/daily_7q_h30_s123/collapse_monitoring/collapse_monitor_latest.json
[DEBUG CollapseMonitor] on_validation_epoch_start called for epoch 19
[DEBUG CollapseMonitor] reset_temporal_state() called on loss function
Epoch 19: val_loss=0.4404296278953552
Epoch 19: train_loss=0.43175268173217773

[CollapseMonitor] Epoch 19
  [DEBUG] Processed 20 batches, 30 horizon(s)
  Multi-horizon metrics (30 horizons):
    h1: std=0.0353, dir_acc=53.7%, pos=93%, unique=1214, sharpe=13.66
    h2: std=0.0314, dir_acc=53.8%, pos=94%, unique=1190, sharpe=16.49
    h3: std=0.0292, dir_acc=54.0%, pos=95%, unique=1143, sharpe=19.71
    h4: std=0.0278, dir_acc=54.1%, pos=95%, unique=1130, sharpe=22.79
    h5: std=0.0269, dir_acc=54.2%, pos=96%, unique=1135, sharpe=25.39
    ... (25 more horizons)
  Aggregate: std_avg=0.0245, dir_acc_avg=54.0%, composite_avg=0.4297
  H1 detail: range=0.3388, mean=0.0303, dist_match=0.6137
  Collapse penalty: 0.000000 (threshold: 0.005000)
  Saved validation predictions to: experiments/10_quantile_horizon_sweep/daily_7q_h30_s123/collapse_monitoring/val_predictions_epoch19.npz
  Gradient norms:
    lstm_encoder: 0.001821
    lstm_decoder: 0.000973
    output_layer: 0.020125
  VSN output std:
    encoder: 0.132451
  Attention entropy: 2.836864
  Saved to: experiments/10_quantile_horizon_sweep/daily_7q_h30_s123/collapse_monitoring/collapse_monitor_latest.json
[DEBUG CollapseMonitor] on_validation_epoch_start called for epoch 20
[DEBUG CollapseMonitor] reset_temporal_state() called on loss function
Epoch 20: val_loss=0.4400895833969116
Epoch 20: train_loss=0.4314625561237335

[CollapseMonitor] Epoch 20
  [DEBUG] Processed 20 batches, 30 horizon(s)
  Multi-horizon metrics (30 horizons):
    h1: std=0.0388, dir_acc=53.8%, pos=93%, unique=1214, sharpe=14.31
    h2: std=0.0347, dir_acc=54.0%, pos=94%, unique=1194, sharpe=16.87
    h3: std=0.0322, dir_acc=53.9%, pos=95%, unique=1183, sharpe=19.86
    h4: std=0.0306, dir_acc=54.2%, pos=95%, unique=1146, sharpe=22.75
    h5: std=0.0295, dir_acc=54.3%, pos=96%, unique=1148, sharpe=25.22
    ... (25 more horizons)
  Aggregate: std_avg=0.0263, dir_acc_avg=54.1%, composite_avg=0.4299
  H1 detail: range=0.3529, mean=0.0350, dist_match=0.6129
  Collapse penalty: 0.000000 (threshold: 0.005000)
  Saved validation predictions to: experiments/10_quantile_horizon_sweep/daily_7q_h30_s123/collapse_monitoring/val_predictions_epoch20.npz
  Gradient norms:
    lstm_encoder: 0.001774
    lstm_decoder: 0.000901
    output_layer: 0.019171
  VSN output std:
    encoder: 0.130899
  Attention entropy: 2.811304
  Saved to: experiments/10_quantile_horizon_sweep/daily_7q_h30_s123/collapse_monitoring/collapse_monitor_latest.json
[DEBUG CollapseMonitor] on_validation_epoch_start called for epoch 21
[DEBUG CollapseMonitor] reset_temporal_state() called on loss function
Epoch 21: val_loss=0.43993765115737915
Epoch 21: train_loss=0.43070659041404724

[CollapseMonitor] Epoch 21
  [DEBUG] Processed 20 batches, 30 horizon(s)
  Multi-horizon metrics (30 horizons):
    h1: std=0.0374, dir_acc=53.7%, pos=93%, unique=1221, sharpe=14.09
    h2: std=0.0336, dir_acc=53.8%, pos=94%, unique=1194, sharpe=16.52
    h3: std=0.0314, dir_acc=54.0%, pos=94%, unique=1180, sharpe=19.43
    h4: std=0.0300, dir_acc=54.1%, pos=95%, unique=1161, sharpe=22.28
    h5: std=0.0290, dir_acc=54.2%, pos=95%, unique=1155, sharpe=24.70
    ... (25 more horizons)
  Aggregate: std_avg=0.0266, dir_acc_avg=54.0%, composite_avg=0.4306
  H1 detail: range=0.3516, mean=0.0332, dist_match=0.6137
  Collapse penalty: 0.000000 (threshold: 0.005000)
  Saved validation predictions to: experiments/10_quantile_horizon_sweep/daily_7q_h30_s123/collapse_monitoring/val_predictions_epoch21.npz
  Gradient norms:
    lstm_encoder: 0.001922
    lstm_decoder: 0.000912
    output_layer: 0.018548
  VSN output std:
    encoder: 0.130203
  Attention entropy: 2.805495
  Saved to: experiments/10_quantile_horizon_sweep/daily_7q_h30_s123/collapse_monitoring/collapse_monitor_latest.json
[DEBUG CollapseMonitor] on_validation_epoch_start called for epoch 22
[DEBUG CollapseMonitor] reset_temporal_state() called on loss function
Epoch 22: val_loss=0.4397183656692505
Epoch 22: train_loss=0.4309796690940857

[CollapseMonitor] Epoch 22
  [DEBUG] Processed 20 batches, 30 horizon(s)
  Multi-horizon metrics (30 horizons):
    h1: std=0.0373, dir_acc=53.7%, pos=93%, unique=1216, sharpe=15.53
    h2: std=0.0334, dir_acc=53.7%, pos=94%, unique=1187, sharpe=18.04
    h3: std=0.0312, dir_acc=54.0%, pos=94%, unique=1180, sharpe=20.99
    h4: std=0.0298, dir_acc=54.0%, pos=95%, unique=1176, sharpe=23.87
    h5: std=0.0289, dir_acc=54.1%, pos=95%, unique=1149, sharpe=26.32
    ... (25 more horizons)
  Aggregate: std_avg=0.0268, dir_acc_avg=54.0%, composite_avg=0.4303
  H1 detail: range=0.3499, mean=0.0365, dist_match=0.6137
  Collapse penalty: 0.000000 (threshold: 0.005000)
  Saved validation predictions to: experiments/10_quantile_horizon_sweep/daily_7q_h30_s123/collapse_monitoring/val_predictions_epoch22.npz
  Gradient norms:
    lstm_encoder: 0.002085
    lstm_decoder: 0.000925
    output_layer: 0.018170
  VSN output std:
    encoder: 0.130764
  Attention entropy: 2.805459
  Saved to: experiments/10_quantile_horizon_sweep/daily_7q_h30_s123/collapse_monitoring/collapse_monitor_latest.json
[DEBUG CollapseMonitor] on_validation_epoch_start called for epoch 23
[DEBUG CollapseMonitor] reset_temporal_state() called on loss function
Epoch 23: val_loss=0.43995732069015503
Epoch 23: train_loss=0.4307267665863037

[CollapseMonitor] Epoch 23
  [DEBUG] Processed 20 batches, 30 horizon(s)
  Multi-horizon metrics (30 horizons):
    h1: std=0.0369, dir_acc=53.8%, pos=94%, unique=1217, sharpe=17.18
    h2: std=0.0333, dir_acc=54.0%, pos=94%, unique=1185, sharpe=19.56
    h3: std=0.0313, dir_acc=53.9%, pos=95%, unique=1179, sharpe=22.37
    h4: std=0.0300, dir_acc=54.1%, pos=95%, unique=1163, sharpe=25.16
    h5: std=0.0291, dir_acc=54.1%, pos=95%, unique=1159, sharpe=27.50
    ... (25 more horizons)
  Aggregate: std_avg=0.0274, dir_acc_avg=54.0%, composite_avg=0.4301
  H1 detail: range=0.3554, mean=0.0399, dist_match=0.6081
  Collapse penalty: 0.000000 (threshold: 0.005000)
  Saved validation predictions to: experiments/10_quantile_horizon_sweep/daily_7q_h30_s123/collapse_monitoring/val_predictions_epoch23.npz
  Gradient norms:
    lstm_encoder: 0.002205
    lstm_decoder: 0.001006
    output_layer: 0.019340
  VSN output std:
    encoder: 0.131118
  Attention entropy: 2.811468
  Saved to: experiments/10_quantile_horizon_sweep/daily_7q_h30_s123/collapse_monitoring/collapse_monitor_latest.json
[DEBUG CollapseMonitor] on_validation_epoch_start called for epoch 24
[DEBUG CollapseMonitor] reset_temporal_state() called on loss function
Epoch 24: val_loss=0.43948638439178467
Epoch 24: train_loss=0.43027135729789734

[CollapseMonitor] Epoch 24
  [DEBUG] Processed 20 batches, 30 horizon(s)
  Multi-horizon metrics (30 horizons):
    h1: std=0.0363, dir_acc=54.3%, pos=94%, unique=1223, sharpe=18.55
    h2: std=0.0329, dir_acc=54.2%, pos=95%, unique=1199, sharpe=20.81
    h3: std=0.0309, dir_acc=54.2%, pos=95%, unique=1207, sharpe=23.50
    h4: std=0.0296, dir_acc=54.3%, pos=96%, unique=1182, sharpe=26.26
    h5: std=0.0288, dir_acc=54.1%, pos=96%, unique=1197, sharpe=28.59
    ... (25 more horizons)
  Aggregate: std_avg=0.0271, dir_acc_avg=54.2%, composite_avg=0.4300
  H1 detail: range=0.3530, mean=0.0424, dist_match=0.6018
  Collapse penalty: 0.000000 (threshold: 0.005000)
  Saved validation predictions to: experiments/10_quantile_horizon_sweep/daily_7q_h30_s123/collapse_monitoring/val_predictions_epoch24.npz
  Gradient norms:
    lstm_encoder: 0.002493
    lstm_decoder: 0.001055
    output_layer: 0.019622
  VSN output std:
    encoder: 0.131957
  Attention entropy: 2.819892
  Saved to: experiments/10_quantile_horizon_sweep/daily_7q_h30_s123/collapse_monitoring/collapse_monitor_latest.json
[DEBUG CollapseMonitor] on_validation_epoch_start called for epoch 25
[DEBUG CollapseMonitor] reset_temporal_state() called on loss function
Epoch 25: val_loss=0.43927034735679626
Epoch 25: train_loss=0.4303223490715027

[CollapseMonitor] Epoch 25
  [DEBUG] Processed 20 batches, 30 horizon(s)
  Multi-horizon metrics (30 horizons):
    h1: std=0.0369, dir_acc=53.8%, pos=94%, unique=1216, sharpe=17.87
    h2: std=0.0336, dir_acc=54.0%, pos=95%, unique=1204, sharpe=20.03
    h3: std=0.0317, dir_acc=54.0%, pos=95%, unique=1191, sharpe=22.62
    h4: std=0.0304, dir_acc=54.3%, pos=95%, unique=1186, sharpe=25.36
    h5: std=0.0296, dir_acc=54.1%, pos=95%, unique=1188, sharpe=27.68
    ... (25 more horizons)
  Aggregate: std_avg=0.0282, dir_acc_avg=54.1%, composite_avg=0.4302
  H1 detail: range=0.3603, mean=0.0416, dist_match=0.6065
  Collapse penalty: 0.000000 (threshold: 0.005000)
  Saved validation predictions to: experiments/10_quantile_horizon_sweep/daily_7q_h30_s123/collapse_monitoring/val_predictions_epoch25.npz
  Gradient norms:
    lstm_encoder: 0.002604
    lstm_decoder: 0.000990
    output_layer: 0.017889
  VSN output std:
    encoder: 0.132239
  Attention entropy: 2.822014
  Saved to: experiments/10_quantile_horizon_sweep/daily_7q_h30_s123/collapse_monitoring/collapse_monitor_latest.json
[DEBUG CollapseMonitor] on_validation_epoch_start called for epoch 26
[DEBUG CollapseMonitor] reset_temporal_state() called on loss function
Epoch 26: val_loss=0.439092755317688
Epoch 26: train_loss=0.4301806390285492

[CollapseMonitor] Epoch 26
  [DEBUG] Processed 20 batches, 30 horizon(s)
  Multi-horizon metrics (30 horizons):
    h1: std=0.0360, dir_acc=53.9%, pos=94%, unique=1228, sharpe=15.99
    h2: std=0.0329, dir_acc=54.0%, pos=95%, unique=1197, sharpe=17.72
    h3: std=0.0310, dir_acc=54.1%, pos=95%, unique=1192, sharpe=20.03
    h4: std=0.0297, dir_acc=54.3%, pos=95%, unique=1202, sharpe=22.64
    h5: std=0.0289, dir_acc=54.0%, pos=95%, unique=1196, sharpe=24.90
    ... (25 more horizons)
  Aggregate: std_avg=0.0276, dir_acc_avg=54.1%, composite_avg=0.4301
  H1 detail: range=0.3561, mean=0.0363, dist_match=0.6057
  Collapse penalty: 0.000000 (threshold: 0.005000)
  Saved validation predictions to: experiments/10_quantile_horizon_sweep/daily_7q_h30_s123/collapse_monitoring/val_predictions_epoch26.npz
  Gradient norms:
    lstm_encoder: 0.003055
    lstm_decoder: 0.001073
    output_layer: 0.018748
  VSN output std:
    encoder: 0.133530
  Attention entropy: 2.833879
  Saved to: experiments/10_quantile_horizon_sweep/daily_7q_h30_s123/collapse_monitoring/collapse_monitor_latest.json
[DEBUG CollapseMonitor] on_validation_epoch_start called for epoch 27
[DEBUG CollapseMonitor] reset_temporal_state() called on loss function
Epoch 27: val_loss=0.4390582740306854
Epoch 27: train_loss=0.42998844385147095

[CollapseMonitor] Epoch 27
  [DEBUG] Processed 20 batches, 30 horizon(s)
  Multi-horizon metrics (30 horizons):
    h1: std=0.0361, dir_acc=54.4%, pos=95%, unique=1222, sharpe=21.38
    h2: std=0.0329, dir_acc=54.3%, pos=96%, unique=1200, sharpe=23.49
    h3: std=0.0309, dir_acc=54.5%, pos=96%, unique=1201, sharpe=26.08
    h4: std=0.0296, dir_acc=54.4%, pos=96%, unique=1192, sharpe=28.98
    h5: std=0.0287, dir_acc=54.8%, pos=97%, unique=1192, sharpe=31.49
    ... (25 more horizons)
  Aggregate: std_avg=0.0274, dir_acc_avg=54.4%, composite_avg=0.4286
  H1 detail: range=0.3539, mean=0.0486, dist_match=0.5922
  Collapse penalty: 0.000000 (threshold: 0.005000)
  Saved validation predictions to: experiments/10_quantile_horizon_sweep/daily_7q_h30_s123/collapse_monitoring/val_predictions_epoch27.npz
  Gradient norms:
    lstm_encoder: 0.003068
    lstm_decoder: 0.001167
    output_layer: 0.019441
  VSN output std:
    encoder: 0.134336
  Attention entropy: 2.840983
  Saved to: experiments/10_quantile_horizon_sweep/daily_7q_h30_s123/collapse_monitoring/collapse_monitor_latest.json
[DEBUG CollapseMonitor] on_validation_epoch_start called for epoch 28
[DEBUG CollapseMonitor] reset_temporal_state() called on loss function
Epoch 28: val_loss=0.43900975584983826
Epoch 28: train_loss=0.4298485815525055

[CollapseMonitor] Epoch 28
  [DEBUG] Processed 20 batches, 30 horizon(s)
  Multi-horizon metrics (30 horizons):
    h1: std=0.0380, dir_acc=54.3%, pos=94%, unique=1227, sharpe=18.38
    h2: std=0.0348, dir_acc=54.1%, pos=95%, unique=1212, sharpe=19.94
    h3: std=0.0329, dir_acc=54.0%, pos=95%, unique=1206, sharpe=22.02
    h4: std=0.0315, dir_acc=54.3%, pos=95%, unique=1191, sharpe=24.51
    h5: std=0.0307, dir_acc=54.3%, pos=95%, unique=1193, sharpe=26.70
    ... (25 more horizons)
  Aggregate: std_avg=0.0293, dir_acc_avg=54.2%, composite_avg=0.4307
  H1 detail: range=0.3687, mean=0.0440, dist_match=0.6018
  Collapse penalty: 0.000000 (threshold: 0.005000)
  Saved validation predictions to: experiments/10_quantile_horizon_sweep/daily_7q_h30_s123/collapse_monitoring/val_predictions_epoch28.npz
  Gradient norms:
    lstm_encoder: 0.003826
    lstm_decoder: 0.001190
    output_layer: 0.019112
  VSN output std:
    encoder: 0.133459
  Attention entropy: 2.826942
  Saved to: experiments/10_quantile_horizon_sweep/daily_7q_h30_s123/collapse_monitoring/collapse_monitor_latest.json
[DEBUG CollapseMonitor] on_validation_epoch_start called for epoch 29
[DEBUG CollapseMonitor] reset_temporal_state() called on loss function
Epoch 29: val_loss=0.4379424452781677
Epoch 29: train_loss=0.4291536509990692

[CollapseMonitor] Epoch 29
  [DEBUG] Processed 20 batches, 30 horizon(s)
  Multi-horizon metrics (30 horizons):
    h1: std=0.0368, dir_acc=54.4%, pos=95%, unique=1223, sharpe=19.57
    h2: std=0.0338, dir_acc=54.3%, pos=95%, unique=1211, sharpe=21.08
    h3: std=0.0320, dir_acc=54.0%, pos=95%, unique=1208, sharpe=23.08
    h4: std=0.0307, dir_acc=54.2%, pos=95%, unique=1196, sharpe=25.56
    h5: std=0.0299, dir_acc=54.1%, pos=96%, unique=1193, sharpe=27.73
    ... (25 more horizons)
  Aggregate: std_avg=0.0289, dir_acc_avg=54.2%, composite_avg=0.4306
  H1 detail: range=0.3595, mean=0.0454, dist_match=0.5986
  Collapse penalty: 0.000000 (threshold: 0.005000)
  Saved validation predictions to: experiments/10_quantile_horizon_sweep/daily_7q_h30_s123/collapse_monitoring/val_predictions_epoch29.npz
  Gradient norms:
    lstm_encoder: 0.004075
    lstm_decoder: 0.001201
    output_layer: 0.019129
  VSN output std:
    encoder: 0.135162
  Attention entropy: 2.848424
  Saved to: experiments/10_quantile_horizon_sweep/daily_7q_h30_s123/collapse_monitoring/collapse_monitor_latest.json
[DEBUG CollapseMonitor] on_validation_epoch_start called for epoch 30
[DEBUG CollapseMonitor] reset_temporal_state() called on loss function
Epoch 30: val_loss=0.43782252073287964
Epoch 30: train_loss=0.429313987493515

[CollapseMonitor] Epoch 30
  [DEBUG] Processed 20 batches, 30 horizon(s)
  Multi-horizon metrics (30 horizons):
    h1: std=0.0368, dir_acc=54.0%, pos=94%, unique=1228, sharpe=16.28
    h2: std=0.0340, dir_acc=54.0%, pos=94%, unique=1211, sharpe=17.38
    h3: std=0.0323, dir_acc=53.8%, pos=95%, unique=1203, sharpe=19.03
    h4: std=0.0310, dir_acc=54.1%, pos=95%, unique=1201, sharpe=21.32
    h5: std=0.0302, dir_acc=54.3%, pos=95%, unique=1204, sharpe=23.38
    ... (25 more horizons)
  Aggregate: std_avg=0.0291, dir_acc_avg=54.0%, composite_avg=0.4309
  H1 detail: range=0.3562, mean=0.0378, dist_match=0.6049
  Collapse penalty: 0.000000 (threshold: 0.005000)
  Saved validation predictions to: experiments/10_quantile_horizon_sweep/daily_7q_h30_s123/collapse_monitoring/val_predictions_epoch30.npz
  Gradient norms:
    lstm_encoder: 0.004287
    lstm_decoder: 0.001271
    output_layer: 0.018694
  VSN output std:
    encoder: 0.135199
  Attention entropy: 2.862017
  Saved to: experiments/10_quantile_horizon_sweep/daily_7q_h30_s123/collapse_monitoring/collapse_monitor_latest.json
[DEBUG CollapseMonitor] on_validation_epoch_start called for epoch 31
[DEBUG CollapseMonitor] reset_temporal_state() called on loss function
Epoch 31: val_loss=0.43775126338005066
Epoch 31: train_loss=0.4291248023509979

[CollapseMonitor] Epoch 31
  [DEBUG] Processed 20 batches, 30 horizon(s)
  Multi-horizon metrics (30 horizons):
    h1: std=0.0355, dir_acc=54.3%, pos=95%, unique=1226, sharpe=20.28
    h2: std=0.0328, dir_acc=54.3%, pos=95%, unique=1202, sharpe=21.44
    h3: std=0.0313, dir_acc=54.0%, pos=95%, unique=1207, sharpe=23.12
    h4: std=0.0301, dir_acc=54.2%, pos=95%, unique=1196, sharpe=25.51
    h5: std=0.0293, dir_acc=54.3%, pos=95%, unique=1207, sharpe=27.65
    ... (25 more horizons)
  Aggregate: std_avg=0.0283, dir_acc_avg=54.3%, composite_avg=0.4311
  H1 detail: range=0.3436, mean=0.0453, dist_match=0.5978
  Collapse penalty: 0.000000 (threshold: 0.005000)
  Saved validation predictions to: experiments/10_quantile_horizon_sweep/daily_7q_h30_s123/collapse_monitoring/val_predictions_epoch31.npz
  Gradient norms:
    lstm_encoder: 0.004942
    lstm_decoder: 0.001423
    output_layer: 0.018992
  VSN output std:
    encoder: 0.136316
  Attention entropy: 2.867951
  Saved to: experiments/10_quantile_horizon_sweep/daily_7q_h30_s123/collapse_monitoring/collapse_monitor_latest.json
[DEBUG CollapseMonitor] on_validation_epoch_start called for epoch 32
[DEBUG CollapseMonitor] reset_temporal_state() called on loss function
Epoch 32: val_loss=0.43790942430496216
Epoch 32: train_loss=0.42877376079559326

[CollapseMonitor] Epoch 32
  [DEBUG] Processed 20 batches, 30 horizon(s)
  Multi-horizon metrics (30 horizons):
    h1: std=0.0342, dir_acc=54.6%, pos=95%, unique=1232, sharpe=20.15
    h2: std=0.0316, dir_acc=54.2%, pos=95%, unique=1220, sharpe=21.40
    h3: std=0.0300, dir_acc=54.3%, pos=95%, unique=1201, sharpe=23.16
    h4: std=0.0288, dir_acc=54.6%, pos=96%, unique=1210, sharpe=25.73
    h5: std=0.0280, dir_acc=54.5%, pos=96%, unique=1211, sharpe=28.07
    ... (25 more horizons)
  Aggregate: std_avg=0.0267, dir_acc_avg=54.4%, composite_avg=0.4306
  H1 detail: range=0.3365, mean=0.0434, dist_match=0.5938
  Collapse penalty: 0.000000 (threshold: 0.005000)
  Saved validation predictions to: experiments/10_quantile_horizon_sweep/daily_7q_h30_s123/collapse_monitoring/val_predictions_epoch32.npz
  Gradient norms:
    lstm_encoder: 0.005072
    lstm_decoder: 0.001353
    output_layer: 0.018451
  VSN output std:
    encoder: 0.136320
  Attention entropy: 2.876822
  Saved to: experiments/10_quantile_horizon_sweep/daily_7q_h30_s123/collapse_monitoring/collapse_monitor_latest.json
[DEBUG CollapseMonitor] on_validation_epoch_start called for epoch 33
[DEBUG CollapseMonitor] reset_temporal_state() called on loss function
Epoch 33: val_loss=0.43785759806632996
Epoch 33: train_loss=0.4286443293094635

[CollapseMonitor] Epoch 33
  [DEBUG] Processed 20 batches, 30 horizon(s)
  Multi-horizon metrics (30 horizons):
    h1: std=0.0345, dir_acc=54.5%, pos=95%, unique=1227, sharpe=20.96
    h2: std=0.0319, dir_acc=54.3%, pos=95%, unique=1212, sharpe=22.01
    h3: std=0.0305, dir_acc=54.3%, pos=95%, unique=1202, sharpe=23.55
    h4: std=0.0293, dir_acc=54.5%, pos=96%, unique=1198, sharpe=25.97
    h5: std=0.0284, dir_acc=54.4%, pos=96%, unique=1201, sharpe=28.22
    ... (25 more horizons)
  Aggregate: std_avg=0.0272, dir_acc_avg=54.4%, composite_avg=0.4304
  H1 detail: range=0.3355, mean=0.0456, dist_match=0.5946
  Collapse penalty: 0.000000 (threshold: 0.005000)
  Saved validation predictions to: experiments/10_quantile_horizon_sweep/daily_7q_h30_s123/collapse_monitoring/val_predictions_epoch33.npz
  Gradient norms:
    lstm_encoder: 0.004982
    lstm_decoder: 0.001238
    output_layer: 0.017826
  VSN output std:
    encoder: 0.140080
  Attention entropy: 2.897613
  Saved to: experiments/10_quantile_horizon_sweep/daily_7q_h30_s123/collapse_monitoring/collapse_monitor_latest.json
[DEBUG CollapseMonitor] on_validation_epoch_start called for epoch 34
[DEBUG CollapseMonitor] reset_temporal_state() called on loss function
Epoch 34: val_loss=0.43840131163597107
Epoch 34: train_loss=0.42850935459136963

[CollapseMonitor] Epoch 34
  [DEBUG] Processed 20 batches, 30 horizon(s)
  Multi-horizon metrics (30 horizons):
    h1: std=0.0338, dir_acc=54.4%, pos=96%, unique=1229, sharpe=23.14
    h2: std=0.0313, dir_acc=54.5%, pos=96%, unique=1225, sharpe=24.06
    h3: std=0.0299, dir_acc=54.7%, pos=96%, unique=1215, sharpe=25.51
    h4: std=0.0287, dir_acc=54.5%, pos=96%, unique=1186, sharpe=27.88
    h5: std=0.0279, dir_acc=54.5%, pos=96%, unique=1198, sharpe=30.12
    ... (25 more horizons)
  Aggregate: std_avg=0.0267, dir_acc_avg=54.4%, composite_avg=0.4302
  H1 detail: range=0.3310, mean=0.0493, dist_match=0.5906
  Collapse penalty: 0.000000 (threshold: 0.005000)
  Saved validation predictions to: experiments/10_quantile_horizon_sweep/daily_7q_h30_s123/collapse_monitoring/val_predictions_epoch34.npz
  Gradient norms:
    lstm_encoder: 0.005496
    lstm_decoder: 0.001427
    output_layer: 0.018910
  VSN output std:
    encoder: 0.139133
  Attention entropy: 2.895852
  Saved to: experiments/10_quantile_horizon_sweep/daily_7q_h30_s123/collapse_monitoring/collapse_monitor_latest.json
[DEBUG CollapseMonitor] on_validation_epoch_start called for epoch 35
[DEBUG CollapseMonitor] reset_temporal_state() called on loss function
Epoch 35: val_loss=0.4373452961444855
Epoch 35: train_loss=0.4282674193382263

[CollapseMonitor] Epoch 35
  [DEBUG] Processed 20 batches, 30 horizon(s)
  Multi-horizon metrics (30 horizons):
    h1: std=0.0348, dir_acc=54.4%, pos=95%, unique=1220, sharpe=18.40
    h2: std=0.0324, dir_acc=54.2%, pos=95%, unique=1215, sharpe=18.86
    h3: std=0.0310, dir_acc=54.0%, pos=95%, unique=1211, sharpe=19.91
    h4: std=0.0299, dir_acc=54.3%, pos=95%, unique=1206, sharpe=21.93
    h5: std=0.0290, dir_acc=54.3%, pos=95%, unique=1196, sharpe=23.88
    ... (25 more horizons)
  Aggregate: std_avg=0.0279, dir_acc_avg=54.3%, composite_avg=0.4313
  H1 detail: range=0.3392, mean=0.0403, dist_match=0.5970
  Collapse penalty: 0.000000 (threshold: 0.005000)
  Saved validation predictions to: experiments/10_quantile_horizon_sweep/daily_7q_h30_s123/collapse_monitoring/val_predictions_epoch35.npz
  Gradient norms:
    lstm_encoder: 0.005294
    lstm_decoder: 0.001507
    output_layer: 0.019475
  VSN output std:
    encoder: 0.140435
  Attention entropy: 2.899454
  Saved to: experiments/10_quantile_horizon_sweep/daily_7q_h30_s123/collapse_monitoring/collapse_monitor_latest.json
[DEBUG CollapseMonitor] on_validation_epoch_start called for epoch 36
[DEBUG CollapseMonitor] reset_temporal_state() called on loss function
Epoch 36: val_loss=0.4370928108692169
Epoch 36: train_loss=0.4281926155090332

[CollapseMonitor] Epoch 36
  [DEBUG] Processed 20 batches, 30 horizon(s)
  Multi-horizon metrics (30 horizons):
    h1: std=0.0361, dir_acc=54.0%, pos=94%, unique=1230, sharpe=17.00
    h2: std=0.0338, dir_acc=54.0%, pos=94%, unique=1221, sharpe=17.08
    h3: std=0.0326, dir_acc=53.9%, pos=94%, unique=1215, sharpe=17.81
    h4: std=0.0315, dir_acc=54.0%, pos=95%, unique=1211, sharpe=19.51
    h5: std=0.0307, dir_acc=54.1%, pos=95%, unique=1215, sharpe=21.21
    ... (25 more horizons)
  Aggregate: std_avg=0.0295, dir_acc_avg=54.0%, composite_avg=0.4314
  H1 detail: range=0.3443, mean=0.0386, dist_match=0.6042
  Collapse penalty: 0.000000 (threshold: 0.005000)
  Saved validation predictions to: experiments/10_quantile_horizon_sweep/daily_7q_h30_s123/collapse_monitoring/val_predictions_epoch36.npz
  Gradient norms:
    lstm_encoder: 0.006438
    lstm_decoder: 0.001491
    output_layer: 0.018622
  VSN output std:
    encoder: 0.140087
  Attention entropy: 2.900926
  Saved to: experiments/10_quantile_horizon_sweep/daily_7q_h30_s123/collapse_monitoring/collapse_monitor_latest.json
[DEBUG CollapseMonitor] on_validation_epoch_start called for epoch 37
[DEBUG CollapseMonitor] reset_temporal_state() called on loss function
Epoch 37: val_loss=0.43705737590789795
Epoch 37: train_loss=0.4280274510383606

[CollapseMonitor] Epoch 37
  [DEBUG] Processed 20 batches, 30 horizon(s)
  Multi-horizon metrics (30 horizons):
    h1: std=0.0354, dir_acc=54.3%, pos=95%, unique=1233, sharpe=18.86
    h2: std=0.0333, dir_acc=53.8%, pos=95%, unique=1213, sharpe=18.91
    h3: std=0.0322, dir_acc=54.0%, pos=94%, unique=1218, sharpe=19.66
    h4: std=0.0312, dir_acc=54.0%, pos=95%, unique=1217, sharpe=21.42
    h5: std=0.0304, dir_acc=54.3%, pos=95%, unique=1208, sharpe=23.19
    ... (25 more horizons)
  Aggregate: std_avg=0.0290, dir_acc_avg=54.1%, composite_avg=0.4315
  H1 detail: range=0.3385, mean=0.0420, dist_match=0.6002
  Collapse penalty: 0.000000 (threshold: 0.005000)
  Saved validation predictions to: experiments/10_quantile_horizon_sweep/daily_7q_h30_s123/collapse_monitoring/val_predictions_epoch37.npz
  Gradient norms:
    lstm_encoder: 0.006798
    lstm_decoder: 0.001688
    output_layer: 0.019182
  VSN output std:
    encoder: 0.138526
  Attention entropy: 2.893642
  Saved to: experiments/10_quantile_horizon_sweep/daily_7q_h30_s123/collapse_monitoring/collapse_monitor_latest.json
[DEBUG CollapseMonitor] on_validation_epoch_start called for epoch 38
[DEBUG CollapseMonitor] reset_temporal_state() called on loss function
Epoch 38: val_loss=0.43741679191589355
Epoch 38: train_loss=0.42785385251045227

[CollapseMonitor] Epoch 38
  [DEBUG] Processed 20 batches, 30 horizon(s)
  Multi-horizon metrics (30 horizons):
    h1: std=0.0355, dir_acc=54.3%, pos=95%, unique=1229, sharpe=20.65
    h2: std=0.0336, dir_acc=53.8%, pos=95%, unique=1220, sharpe=20.59
    h3: std=0.0326, dir_acc=54.0%, pos=95%, unique=1209, sharpe=21.31
    h4: std=0.0316, dir_acc=54.0%, pos=95%, unique=1197, sharpe=23.03
    h5: std=0.0308, dir_acc=54.4%, pos=95%, unique=1212, sharpe=24.78
    ... (25 more horizons)
  Aggregate: std_avg=0.0294, dir_acc_avg=54.1%, composite_avg=0.4316
  H1 detail: range=0.3404, mean=0.0462, dist_match=0.5986
  Collapse penalty: 0.000000 (threshold: 0.005000)
  Saved validation predictions to: experiments/10_quantile_horizon_sweep/daily_7q_h30_s123/collapse_monitoring/val_predictions_epoch38.npz
  Gradient norms:
    lstm_encoder: 0.006959
    lstm_decoder: 0.001814
    output_layer: 0.018311
  VSN output std:
    encoder: 0.136023
  Attention entropy: 2.888757
  Saved to: experiments/10_quantile_horizon_sweep/daily_7q_h30_s123/collapse_monitoring/collapse_monitor_latest.json
[DEBUG CollapseMonitor] on_validation_epoch_start called for epoch 39
[DEBUG CollapseMonitor] reset_temporal_state() called on loss function
Epoch 39: val_loss=0.43706217408180237
Epoch 39: train_loss=0.42765456438064575

[CollapseMonitor] Epoch 39
  [DEBUG] Processed 20 batches, 30 horizon(s)
  Multi-horizon metrics (30 horizons):
    h1: std=0.0331, dir_acc=54.7%, pos=95%, unique=1224, sharpe=23.16
    h2: std=0.0314, dir_acc=54.3%, pos=95%, unique=1216, sharpe=22.95
    h3: std=0.0306, dir_acc=54.2%, pos=95%, unique=1211, sharpe=23.46
    h4: std=0.0298, dir_acc=54.4%, pos=95%, unique=1209, sharpe=25.11
    h5: std=0.0291, dir_acc=54.6%, pos=95%, unique=1218, sharpe=26.83
    ... (25 more horizons)
  Aggregate: std_avg=0.0280, dir_acc_avg=54.3%, composite_avg=0.4317
  H1 detail: range=0.3180, mean=0.0483, dist_match=0.5930
  Collapse penalty: 0.000000 (threshold: 0.005000)
  Saved validation predictions to: experiments/10_quantile_horizon_sweep/daily_7q_h30_s123/collapse_monitoring/val_predictions_epoch39.npz
  Gradient norms:
    lstm_encoder: 0.006539
    lstm_decoder: 0.001865
    output_layer: 0.019462
  VSN output std:
    encoder: 0.139774
  Attention entropy: 2.903201
  Saved to: experiments/10_quantile_horizon_sweep/daily_7q_h30_s123/collapse_monitoring/collapse_monitor_latest.json
[DEBUG CollapseMonitor] on_validation_epoch_start called for epoch 40
[DEBUG CollapseMonitor] reset_temporal_state() called on loss function
Epoch 40: val_loss=0.43661171197891235
Epoch 40: train_loss=0.427541583776474

[CollapseMonitor] Epoch 40
  [DEBUG] Processed 20 batches, 30 horizon(s)
  Multi-horizon metrics (30 horizons):
    h1: std=0.0326, dir_acc=54.3%, pos=95%, unique=1236, sharpe=20.54
    h2: std=0.0309, dir_acc=54.0%, pos=95%, unique=1223, sharpe=19.98
    h3: std=0.0301, dir_acc=54.0%, pos=95%, unique=1211, sharpe=20.30
    h4: std=0.0294, dir_acc=54.1%, pos=95%, unique=1215, sharpe=21.77
    h5: std=0.0287, dir_acc=54.4%, pos=95%, unique=1214, sharpe=23.34
    ... (25 more horizons)
  Aggregate: std_avg=0.0277, dir_acc_avg=54.2%, composite_avg=0.4317
  H1 detail: range=0.3123, mean=0.0422, dist_match=0.5978
  Collapse penalty: 0.000000 (threshold: 0.005000)
  Saved validation predictions to: experiments/10_quantile_horizon_sweep/daily_7q_h30_s123/collapse_monitoring/val_predictions_epoch40.npz
  Gradient norms:
    lstm_encoder: 0.006970
    lstm_decoder: 0.001766
    output_layer: 0.018581
  VSN output std:
    encoder: 0.141224
  Attention entropy: 2.905963
  Saved to: experiments/10_quantile_horizon_sweep/daily_7q_h30_s123/collapse_monitoring/collapse_monitor_latest.json
[DEBUG CollapseMonitor] on_validation_epoch_start called for epoch 41
[DEBUG CollapseMonitor] reset_temporal_state() called on loss function
Epoch 41: val_loss=0.43696510791778564
Epoch 41: train_loss=0.427603542804718

[CollapseMonitor] Epoch 41
  [DEBUG] Processed 20 batches, 30 horizon(s)
  Multi-horizon metrics (30 horizons):
    h1: std=0.0306, dir_acc=54.7%, pos=96%, unique=1228, sharpe=26.90
    h2: std=0.0291, dir_acc=54.7%, pos=96%, unique=1225, sharpe=26.34
    h3: std=0.0283, dir_acc=54.4%, pos=96%, unique=1219, sharpe=26.67
    h4: std=0.0276, dir_acc=54.7%, pos=96%, unique=1216, sharpe=28.30
    h5: std=0.0270, dir_acc=54.4%, pos=96%, unique=1217, sharpe=30.06
    ... (25 more horizons)
  Aggregate: std_avg=0.0256, dir_acc_avg=54.4%, composite_avg=0.4312
  H1 detail: range=0.2942, mean=0.0519, dist_match=0.5898
  Collapse penalty: 0.000000 (threshold: 0.005000)
  Saved validation predictions to: experiments/10_quantile_horizon_sweep/daily_7q_h30_s123/collapse_monitoring/val_predictions_epoch41.npz
  Gradient norms:
    lstm_encoder: 0.006971
    lstm_decoder: 0.001951
    output_layer: 0.020102
  VSN output std:
    encoder: 0.139294
  Attention entropy: 2.896827
  Saved to: experiments/10_quantile_horizon_sweep/daily_7q_h30_s123/collapse_monitoring/collapse_monitor_latest.json
[DEBUG CollapseMonitor] on_validation_epoch_start called for epoch 42
[DEBUG CollapseMonitor] reset_temporal_state() called on loss function
Epoch 42: val_loss=0.43710315227508545
Epoch 42: train_loss=0.4272615611553192

[CollapseMonitor] Epoch 42
  [DEBUG] Processed 20 batches, 30 horizon(s)
  Multi-horizon metrics (30 horizons):
    h1: std=0.0295, dir_acc=54.8%, pos=96%, unique=1230, sharpe=34.22
    h2: std=0.0280, dir_acc=54.8%, pos=96%, unique=1221, sharpe=33.61
    h3: std=0.0275, dir_acc=54.6%, pos=96%, unique=1216, sharpe=33.84
    h4: std=0.0268, dir_acc=54.7%, pos=96%, unique=1216, sharpe=35.48
    h5: std=0.0263, dir_acc=54.7%, pos=96%, unique=1217, sharpe=37.29
    ... (25 more horizons)
  Aggregate: std_avg=0.0250, dir_acc_avg=54.5%, composite_avg=0.4309
  H1 detail: range=0.2796, mean=0.0635, dist_match=0.5834
  Collapse penalty: 0.000000 (threshold: 0.005000)
  Saved validation predictions to: experiments/10_quantile_horizon_sweep/daily_7q_h30_s123/collapse_monitoring/val_predictions_epoch42.npz
  Gradient norms:
    lstm_encoder: 0.007167
    lstm_decoder: 0.001851
    output_layer: 0.019579
  VSN output std:
    encoder: 0.141408
  Attention entropy: 2.897569
  Saved to: experiments/10_quantile_horizon_sweep/daily_7q_h30_s123/collapse_monitoring/collapse_monitor_latest.json
[DEBUG CollapseMonitor] on_validation_epoch_start called for epoch 43
[DEBUG CollapseMonitor] reset_temporal_state() called on loss function
Epoch 43: val_loss=0.4363340139389038
Epoch 43: train_loss=0.42731019854545593

[CollapseMonitor] Epoch 43
  [DEBUG] Processed 20 batches, 30 horizon(s)
  Multi-horizon metrics (30 horizons):
    h1: std=0.0314, dir_acc=54.7%, pos=96%, unique=1227, sharpe=27.37
    h2: std=0.0299, dir_acc=54.7%, pos=96%, unique=1216, sharpe=26.32
    h3: std=0.0292, dir_acc=54.3%, pos=96%, unique=1220, sharpe=26.31
    h4: std=0.0285, dir_acc=54.7%, pos=96%, unique=1232, sharpe=27.64
    h5: std=0.0279, dir_acc=54.5%, pos=96%, unique=1220, sharpe=29.15
    ... (25 more horizons)
  Aggregate: std_avg=0.0263, dir_acc_avg=54.4%, composite_avg=0.4315
  H1 detail: range=0.2973, mean=0.0541, dist_match=0.5890
  Collapse penalty: 0.000000 (threshold: 0.005000)
  Saved validation predictions to: experiments/10_quantile_horizon_sweep/daily_7q_h30_s123/collapse_monitoring/val_predictions_epoch43.npz
  Gradient norms:
    lstm_encoder: 0.007108
    lstm_decoder: 0.001974
    output_layer: 0.018533
  VSN output std:
    encoder: 0.141514
  Attention entropy: 2.900726
  Saved to: experiments/10_quantile_horizon_sweep/daily_7q_h30_s123/collapse_monitoring/collapse_monitor_latest.json
[DEBUG CollapseMonitor] on_validation_epoch_start called for epoch 44
[DEBUG CollapseMonitor] reset_temporal_state() called on loss function
Epoch 44: val_loss=0.43670007586479187
Epoch 44: train_loss=0.4267067611217499

[CollapseMonitor] Epoch 44
  [DEBUG] Processed 20 batches, 30 horizon(s)
  Multi-horizon metrics (30 horizons):
    h1: std=0.0319, dir_acc=54.7%, pos=95%, unique=1227, sharpe=24.12
    h2: std=0.0306, dir_acc=54.5%, pos=95%, unique=1227, sharpe=22.68
    h3: std=0.0300, dir_acc=54.6%, pos=95%, unique=1214, sharpe=22.50
    h4: std=0.0294, dir_acc=54.4%, pos=95%, unique=1228, sharpe=23.59
    h5: std=0.0289, dir_acc=54.4%, pos=95%, unique=1212, sharpe=24.88
    ... (25 more horizons)
  Aggregate: std_avg=0.0275, dir_acc_avg=54.3%, composite_avg=0.4324
  H1 detail: range=0.3009, mean=0.0485, dist_match=0.5922
  Collapse penalty: 0.000000 (threshold: 0.005000)
  Saved validation predictions to: experiments/10_quantile_horizon_sweep/daily_7q_h30_s123/collapse_monitoring/val_predictions_epoch44.npz
  Gradient norms:
    lstm_encoder: 0.007485
    lstm_decoder: 0.002062
    output_layer: 0.018600
  VSN output std:
    encoder: 0.138034
  Attention entropy: 2.890034
  Saved to: experiments/10_quantile_horizon_sweep/daily_7q_h30_s123/collapse_monitoring/collapse_monitor_latest.json
[DEBUG CollapseMonitor] on_validation_epoch_start called for epoch 45
[DEBUG CollapseMonitor] reset_temporal_state() called on loss function
Epoch 45: val_loss=0.43649786710739136
Epoch 45: train_loss=0.42680037021636963

[CollapseMonitor] Epoch 45
  [DEBUG] Processed 20 batches, 30 horizon(s)
  Multi-horizon metrics (30 horizons):
    h1: std=0.0323, dir_acc=54.7%, pos=95%, unique=1222, sharpe=27.88
    h2: std=0.0312, dir_acc=54.5%, pos=95%, unique=1227, sharpe=26.29
    h3: std=0.0308, dir_acc=54.6%, pos=95%, unique=1218, sharpe=25.87
    h4: std=0.0303, dir_acc=54.4%, pos=95%, unique=1227, sharpe=26.74
    h5: std=0.0299, dir_acc=54.4%, pos=95%, unique=1217, sharpe=27.84
    ... (25 more horizons)
  Aggregate: std_avg=0.0285, dir_acc_avg=54.3%, composite_avg=0.4323
  H1 detail: range=0.2963, mean=0.0568, dist_match=0.5914
  Collapse penalty: 0.000000 (threshold: 0.005000)
  Saved validation predictions to: experiments/10_quantile_horizon_sweep/daily_7q_h30_s123/collapse_monitoring/val_predictions_epoch45.npz
  Gradient norms:
    lstm_encoder: 0.008243
    lstm_decoder: 0.002157
    output_layer: 0.018447
  VSN output std:
    encoder: 0.137874
  Attention entropy: 2.884660
  Saved to: experiments/10_quantile_horizon_sweep/daily_7q_h30_s123/collapse_monitoring/collapse_monitor_latest.json
[DEBUG CollapseMonitor] on_validation_epoch_start called for epoch 46
[DEBUG CollapseMonitor] reset_temporal_state() called on loss function
Epoch 46: val_loss=0.4364994764328003
Epoch 46: train_loss=0.4265536367893219

[CollapseMonitor] Epoch 46
  [DEBUG] Processed 20 batches, 30 horizon(s)
  Multi-horizon metrics (30 horizons):
    h1: std=0.0321, dir_acc=54.4%, pos=95%, unique=1227, sharpe=26.40
    h2: std=0.0310, dir_acc=54.3%, pos=94%, unique=1223, sharpe=24.77
    h3: std=0.0308, dir_acc=54.2%, pos=94%, unique=1226, sharpe=24.30
    h4: std=0.0303, dir_acc=54.4%, pos=94%, unique=1224, sharpe=25.12
    h5: std=0.0299, dir_acc=54.5%, pos=95%, unique=1217, sharpe=26.19
    ... (25 more horizons)
  Aggregate: std_avg=0.0284, dir_acc_avg=54.2%, composite_avg=0.4328
  H1 detail: range=0.2876, mean=0.0534, dist_match=0.5986
  Collapse penalty: 0.000000 (threshold: 0.005000)
  Saved validation predictions to: experiments/10_quantile_horizon_sweep/daily_7q_h30_s123/collapse_monitoring/val_predictions_epoch46.npz
  Gradient norms:
    lstm_encoder: 0.007368
    lstm_decoder: 0.002566
    output_layer: 0.019670
  VSN output std:
    encoder: 0.137201
  Attention entropy: 2.881993
  Saved to: experiments/10_quantile_horizon_sweep/daily_7q_h30_s123/collapse_monitoring/collapse_monitor_latest.json
[DEBUG CollapseMonitor] on_validation_epoch_start called for epoch 47
[DEBUG CollapseMonitor] reset_temporal_state() called on loss function
Epoch 47: val_loss=0.43607085943222046
Epoch 47: train_loss=0.42692339420318604

[CollapseMonitor] Epoch 47
  [DEBUG] Processed 20 batches, 30 horizon(s)
  Multi-horizon metrics (30 horizons):
    h1: std=0.0328, dir_acc=54.5%, pos=95%, unique=1227, sharpe=24.75
    h2: std=0.0318, dir_acc=54.3%, pos=94%, unique=1235, sharpe=22.87
    h3: std=0.0316, dir_acc=54.7%, pos=94%, unique=1223, sharpe=22.25
    h4: std=0.0312, dir_acc=54.7%, pos=94%, unique=1230, sharpe=22.91
    h5: std=0.0308, dir_acc=54.1%, pos=94%, unique=1228, sharpe=23.84
    ... (25 more horizons)
  Aggregate: std_avg=0.0292, dir_acc_avg=54.2%, composite_avg=0.4333
  H1 detail: range=0.2936, mean=0.0511, dist_match=0.5978
  Collapse penalty: 0.000000 (threshold: 0.005000)
  Saved validation predictions to: experiments/10_quantile_horizon_sweep/daily_7q_h30_s123/collapse_monitoring/val_predictions_epoch47.npz
  Gradient norms:
    lstm_encoder: 0.008739
    lstm_decoder: 0.002650
    output_layer: 0.018507
  VSN output std:
    encoder: 0.139768
  Attention entropy: 2.888653
  Saved to: experiments/10_quantile_horizon_sweep/daily_7q_h30_s123/collapse_monitoring/collapse_monitor_latest.json
[DEBUG CollapseMonitor] on_validation_epoch_start called for epoch 48
[DEBUG CollapseMonitor] reset_temporal_state() called on loss function
Epoch 48: val_loss=0.4366784393787384
Epoch 48: train_loss=0.4265348017215729

[CollapseMonitor] Epoch 48
  [DEBUG] Processed 20 batches, 30 horizon(s)
  Multi-horizon metrics (30 horizons):
    h1: std=0.0325, dir_acc=54.0%, pos=94%, unique=1235, sharpe=23.49
    h2: std=0.0317, dir_acc=53.9%, pos=93%, unique=1232, sharpe=21.52
    h3: std=0.0316, dir_acc=54.1%, pos=93%, unique=1236, sharpe=20.84
    h4: std=0.0312, dir_acc=54.1%, pos=93%, unique=1226, sharpe=21.42
    h5: std=0.0309, dir_acc=54.1%, pos=93%, unique=1234, sharpe=22.30
    ... (25 more horizons)
  Aggregate: std_avg=0.0291, dir_acc_avg=54.0%, composite_avg=0.4344
  H1 detail: range=0.2813, mean=0.0482, dist_match=0.6089
  Collapse penalty: 0.000000 (threshold: 0.005000)
  Saved validation predictions to: experiments/10_quantile_horizon_sweep/daily_7q_h30_s123/collapse_monitoring/val_predictions_epoch48.npz
  Gradient norms:
    lstm_encoder: 0.008379
    lstm_decoder: 0.002659
    output_layer: 0.018791
  VSN output std:
    encoder: 0.135785
  Attention entropy: 2.880828
  Saved to: experiments/10_quantile_horizon_sweep/daily_7q_h30_s123/collapse_monitoring/collapse_monitor_latest.json
[DEBUG CollapseMonitor] on_validation_epoch_start called for epoch 49
[DEBUG CollapseMonitor] reset_temporal_state() called on loss function
Epoch 49: val_loss=0.43667736649513245
Epoch 49: train_loss=0.42655935883522034

[CollapseMonitor] Epoch 49
  [DEBUG] Processed 20 batches, 30 horizon(s)
  Multi-horizon metrics (30 horizons):
    h1: std=0.0316, dir_acc=54.3%, pos=95%, unique=1223, sharpe=27.66
    h2: std=0.0308, dir_acc=54.2%, pos=94%, unique=1221, sharpe=25.59
    h3: std=0.0307, dir_acc=54.3%, pos=94%, unique=1231, sharpe=24.77
    h4: std=0.0304, dir_acc=54.5%, pos=94%, unique=1225, sharpe=25.27
    h5: std=0.0302, dir_acc=54.2%, pos=94%, unique=1221, sharpe=26.09
    ... (25 more horizons)
  Aggregate: std_avg=0.0285, dir_acc_avg=54.2%, composite_avg=0.4332
  H1 detail: range=0.2727, mean=0.0551, dist_match=0.5994
  Collapse penalty: 0.000000 (threshold: 0.005000)
  Saved validation predictions to: experiments/10_quantile_horizon_sweep/daily_7q_h30_s123/collapse_monitoring/val_predictions_epoch49.npz
  Gradient norms:
    lstm_encoder: 0.007378
    lstm_decoder: 0.002367
    output_layer: 0.018675
  VSN output std:
    encoder: 0.137808
  Attention entropy: 2.889323
  Saved to: experiments/10_quantile_horizon_sweep/daily_7q_h30_s123/collapse_monitoring/collapse_monitor_latest.json
[DEBUG CollapseMonitor] on_validation_epoch_start called for epoch 50
[DEBUG CollapseMonitor] reset_temporal_state() called on loss function
Epoch 50: val_loss=0.43612605333328247
Epoch 50: train_loss=0.42638012766838074

[CollapseMonitor] Epoch 50
  [DEBUG] Processed 20 batches, 30 horizon(s)
  Multi-horizon metrics (30 horizons):
    h1: std=0.0311, dir_acc=54.5%, pos=95%, unique=1231, sharpe=27.07
    h2: std=0.0303, dir_acc=54.3%, pos=94%, unique=1232, sharpe=24.90
    h3: std=0.0303, dir_acc=54.4%, pos=94%, unique=1222, sharpe=24.03
    h4: std=0.0301, dir_acc=54.3%, pos=94%, unique=1229, sharpe=24.48
    h5: std=0.0298, dir_acc=54.0%, pos=94%, unique=1226, sharpe=25.27
    ... (25 more horizons)
  Aggregate: std_avg=0.0280, dir_acc_avg=54.2%, composite_avg=0.4333
  H1 detail: range=0.2674, mean=0.0530, dist_match=0.5994
  Collapse penalty: 0.000000 (threshold: 0.005000)
  Saved validation predictions to: experiments/10_quantile_horizon_sweep/daily_7q_h30_s123/collapse_monitoring/val_predictions_epoch50.npz
  Gradient norms:
    lstm_encoder: 0.008138
    lstm_decoder: 0.002375
    output_layer: 0.018340
  VSN output std:
    encoder: 0.137696
  Attention entropy: 2.885746
  Saved to: experiments/10_quantile_horizon_sweep/daily_7q_h30_s123/collapse_monitoring/collapse_monitor_latest.json
[DEBUG CollapseMonitor] on_validation_epoch_start called for epoch 51
[DEBUG CollapseMonitor] reset_temporal_state() called on loss function
Epoch 51: val_loss=0.43637940287590027
Epoch 51: train_loss=0.42615678906440735

[CollapseMonitor] Epoch 51
  [DEBUG] Processed 20 batches, 30 horizon(s)
  Multi-horizon metrics (30 horizons):
    h1: std=0.0318, dir_acc=54.5%, pos=95%, unique=1227, sharpe=30.05
    h2: std=0.0311, dir_acc=54.4%, pos=95%, unique=1229, sharpe=27.71
    h3: std=0.0312, dir_acc=54.5%, pos=94%, unique=1231, sharpe=26.63
    h4: std=0.0310, dir_acc=54.5%, pos=94%, unique=1226, sharpe=26.87
    h5: std=0.0308, dir_acc=54.3%, pos=94%, unique=1228, sharpe=27.48
    ... (25 more horizons)
  Aggregate: std_avg=0.0290, dir_acc_avg=54.3%, composite_avg=0.4336
  H1 detail: range=0.2686, mean=0.0602, dist_match=0.5962
  Collapse penalty: 0.000000 (threshold: 0.005000)
  Saved validation predictions to: experiments/10_quantile_horizon_sweep/daily_7q_h30_s123/collapse_monitoring/val_predictions_epoch51.npz
  Gradient norms:
    lstm_encoder: 0.007983
    lstm_decoder: 0.002773
    output_layer: 0.019307
  VSN output std:
    encoder: 0.138849
  Attention entropy: 2.888327
  Saved to: experiments/10_quantile_horizon_sweep/daily_7q_h30_s123/collapse_monitoring/collapse_monitor_latest.json
[DEBUG CollapseMonitor] on_validation_epoch_start called for epoch 52
[DEBUG CollapseMonitor] reset_temporal_state() called on loss function
Epoch 52: val_loss=0.43650752305984497
Epoch 52: train_loss=0.4259418249130249

[CollapseMonitor] Epoch 52
  [DEBUG] Processed 20 batches, 30 horizon(s)
  Multi-horizon metrics (30 horizons):
    h1: std=0.0322, dir_acc=54.1%, pos=94%, unique=1229, sharpe=24.16
    h2: std=0.0316, dir_acc=54.0%, pos=93%, unique=1223, sharpe=21.56
    h3: std=0.0317, dir_acc=54.1%, pos=93%, unique=1234, sharpe=20.39
    h4: std=0.0316, dir_acc=54.4%, pos=93%, unique=1230, sharpe=20.50
    h5: std=0.0314, dir_acc=54.1%, pos=93%, unique=1225, sharpe=20.99
    ... (25 more horizons)
  Aggregate: std_avg=0.0293, dir_acc_avg=54.0%, composite_avg=0.4355
  H1 detail: range=0.2663, mean=0.0491, dist_match=0.6097
  Collapse penalty: 0.000000 (threshold: 0.005000)
  Saved validation predictions to: experiments/10_quantile_horizon_sweep/daily_7q_h30_s123/collapse_monitoring/val_predictions_epoch52.npz
  Gradient norms:
    lstm_encoder: 0.008684
    lstm_decoder: 0.002633
    output_layer: 0.018078
  VSN output std:
    encoder: 0.138405
  Attention entropy: 2.890204
  Saved to: experiments/10_quantile_horizon_sweep/daily_7q_h30_s123/collapse_monitoring/collapse_monitor_latest.json
[DEBUG CollapseMonitor] on_validation_epoch_start called for epoch 53
[DEBUG CollapseMonitor] reset_temporal_state() called on loss function
Epoch 53: val_loss=0.4361970126628876
Epoch 53: train_loss=0.42568904161453247

[CollapseMonitor] Epoch 53
  [DEBUG] Processed 20 batches, 30 horizon(s)
  Multi-horizon metrics (30 horizons):
    h1: std=0.0335, dir_acc=54.3%, pos=94%, unique=1235, sharpe=27.16
    h2: std=0.0331, dir_acc=54.0%, pos=93%, unique=1233, sharpe=24.71
    h3: std=0.0333, dir_acc=54.3%, pos=93%, unique=1231, sharpe=23.56
    h4: std=0.0332, dir_acc=54.3%, pos=93%, unique=1227, sharpe=23.68
    h5: std=0.0331, dir_acc=54.2%, pos=93%, unique=1219, sharpe=24.17
    ... (25 more horizons)
  Aggregate: std_avg=0.0311, dir_acc_avg=54.0%, composite_avg=0.4353
  H1 detail: range=0.2682, mean=0.0573, dist_match=0.6081
  Collapse penalty: 0.000000 (threshold: 0.005000)
  Saved validation predictions to: experiments/10_quantile_horizon_sweep/daily_7q_h30_s123/collapse_monitoring/val_predictions_epoch53.npz
  Gradient norms:
    lstm_encoder: 0.008377
    lstm_decoder: 0.002535
    output_layer: 0.017458
  VSN output std:
    encoder: 0.138076
  Attention entropy: 2.888337
  Saved to: experiments/10_quantile_horizon_sweep/daily_7q_h30_s123/collapse_monitoring/collapse_monitor_latest.json
[DEBUG CollapseMonitor] on_validation_epoch_start called for epoch 54
[DEBUG CollapseMonitor] reset_temporal_state() called on loss function
Epoch 54: val_loss=0.4357907176017761
Epoch 54: train_loss=0.4259532392024994

[CollapseMonitor] Epoch 54
  [DEBUG] Processed 20 batches, 30 horizon(s)
  Multi-horizon metrics (30 horizons):
    h1: std=0.0341, dir_acc=54.1%, pos=94%, unique=1236, sharpe=25.97
    h2: std=0.0337, dir_acc=54.0%, pos=93%, unique=1227, sharpe=23.45
    h3: std=0.0341, dir_acc=54.3%, pos=93%, unique=1230, sharpe=22.23
    h4: std=0.0341, dir_acc=54.3%, pos=93%, unique=1238, sharpe=22.25
    h5: std=0.0340, dir_acc=54.1%, pos=93%, unique=1230, sharpe=22.64
    ... (25 more horizons)
  Aggregate: std_avg=0.0323, dir_acc_avg=54.0%, composite_avg=0.4353
  H1 detail: range=0.2663, mean=0.0557, dist_match=0.6081
  Collapse penalty: 0.000000 (threshold: 0.005000)
  Saved validation predictions to: experiments/10_quantile_horizon_sweep/daily_7q_h30_s123/collapse_monitoring/val_predictions_epoch54.npz
  Gradient norms:
    lstm_encoder: 0.008793
    lstm_decoder: 0.002662
    output_layer: 0.017795
  VSN output std:
    encoder: 0.140449
  Attention entropy: 2.893765
  Saved to: experiments/10_quantile_horizon_sweep/daily_7q_h30_s123/collapse_monitoring/collapse_monitor_latest.json
[DEBUG CollapseMonitor] on_validation_epoch_start called for epoch 55
[DEBUG CollapseMonitor] reset_temporal_state() called on loss function
Epoch 55: val_loss=0.4359813332557678
Epoch 55: train_loss=0.4257538616657257

[CollapseMonitor] Epoch 55
  [DEBUG] Processed 20 batches, 30 horizon(s)
  Multi-horizon metrics (30 horizons):
    h1: std=0.0324, dir_acc=54.4%, pos=95%, unique=1234, sharpe=29.57
    h2: std=0.0321, dir_acc=54.1%, pos=94%, unique=1236, sharpe=26.92
    h3: std=0.0323, dir_acc=54.3%, pos=94%, unique=1232, sharpe=25.58
    h4: std=0.0324, dir_acc=54.2%, pos=94%, unique=1225, sharpe=25.54
    h5: std=0.0323, dir_acc=54.1%, pos=94%, unique=1236, sharpe=25.93
    ... (25 more horizons)
  Aggregate: std_avg=0.0305, dir_acc_avg=54.2%, composite_avg=0.4347
  H1 detail: range=0.2475, mean=0.0604, dist_match=0.6002
  Collapse penalty: 0.000000 (threshold: 0.005000)
  Saved validation predictions to: experiments/10_quantile_horizon_sweep/daily_7q_h30_s123/collapse_monitoring/val_predictions_epoch55.npz
  Gradient norms:
    lstm_encoder: 0.009003
    lstm_decoder: 0.002727
    output_layer: 0.018407
  VSN output std:
    encoder: 0.140419
  Attention entropy: 2.890916
  Saved to: experiments/10_quantile_horizon_sweep/daily_7q_h30_s123/collapse_monitoring/collapse_monitor_latest.json
[DEBUG CollapseMonitor] on_validation_epoch_start called for epoch 56
[DEBUG CollapseMonitor] reset_temporal_state() called on loss function
Epoch 56: val_loss=0.43667376041412354
Epoch 56: train_loss=0.42573830485343933

[CollapseMonitor] Epoch 56
  [DEBUG] Processed 20 batches, 30 horizon(s)
  Multi-horizon metrics (30 horizons):
    h1: std=0.0327, dir_acc=54.4%, pos=94%, unique=1228, sharpe=29.30
    h2: std=0.0324, dir_acc=54.3%, pos=94%, unique=1225, sharpe=26.54
    h3: std=0.0327, dir_acc=54.3%, pos=94%, unique=1237, sharpe=25.18
    h4: std=0.0328, dir_acc=54.3%, pos=94%, unique=1225, sharpe=25.10
    h5: std=0.0327, dir_acc=54.4%, pos=94%, unique=1231, sharpe=25.42
    ... (25 more horizons)
  Aggregate: std_avg=0.0310, dir_acc_avg=54.2%, composite_avg=0.4356
  H1 detail: range=0.2496, mean=0.0604, dist_match=0.6018
  Collapse penalty: 0.000000 (threshold: 0.005000)
  Saved validation predictions to: experiments/10_quantile_horizon_sweep/daily_7q_h30_s123/collapse_monitoring/val_predictions_epoch56.npz
  Gradient norms:
    lstm_encoder: 0.008567
    lstm_decoder: 0.002806
    output_layer: 0.016812
  VSN output std:
    encoder: 0.138976
  Attention entropy: 2.888826
  Saved to: experiments/10_quantile_horizon_sweep/daily_7q_h30_s123/collapse_monitoring/collapse_monitor_latest.json
[DEBUG CollapseMonitor] on_validation_epoch_start called for epoch 57
[DEBUG CollapseMonitor] reset_temporal_state() called on loss function
Epoch 57: val_loss=0.4364517331123352
Epoch 57: train_loss=0.4255215525627136

[CollapseMonitor] Epoch 57
  [DEBUG] Processed 20 batches, 30 horizon(s)
  Multi-horizon metrics (30 horizons):
    h1: std=0.0335, dir_acc=54.1%, pos=94%, unique=1234, sharpe=28.40
    h2: std=0.0333, dir_acc=54.0%, pos=94%, unique=1236, sharpe=25.56
    h3: std=0.0336, dir_acc=54.2%, pos=93%, unique=1223, sharpe=24.16
    h4: std=0.0337, dir_acc=54.2%, pos=93%, unique=1230, sharpe=24.01
    h5: std=0.0336, dir_acc=54.3%, pos=93%, unique=1234, sharpe=24.26
    ... (25 more horizons)
  Aggregate: std_avg=0.0318, dir_acc_avg=54.1%, composite_avg=0.4359
  H1 detail: range=0.2519, mean=0.0599, dist_match=0.6065
  Collapse penalty: 0.000000 (threshold: 0.005000)
  Saved validation predictions to: experiments/10_quantile_horizon_sweep/daily_7q_h30_s123/collapse_monitoring/val_predictions_epoch57.npz
  Gradient norms:
    lstm_encoder: 0.008113
    lstm_decoder: 0.003060
    output_layer: 0.018731
  VSN output std:
    encoder: 0.138986
  Attention entropy: 2.887211
  Saved to: experiments/10_quantile_horizon_sweep/daily_7q_h30_s123/collapse_monitoring/collapse_monitor_latest.json
[DEBUG CollapseMonitor] on_validation_epoch_start called for epoch 58
[DEBUG CollapseMonitor] reset_temporal_state() called on loss function
Epoch 58: val_loss=0.4361758828163147
Epoch 58: train_loss=0.4255684018135071

[CollapseMonitor] Epoch 58
  [DEBUG] Processed 20 batches, 30 horizon(s)
  Multi-horizon metrics (30 horizons):
    h1: std=0.0345, dir_acc=54.1%, pos=93%, unique=1224, sharpe=26.33
    h2: std=0.0344, dir_acc=54.0%, pos=93%, unique=1238, sharpe=23.55
    h3: std=0.0349, dir_acc=54.2%, pos=93%, unique=1230, sharpe=22.16
    h4: std=0.0350, dir_acc=54.5%, pos=93%, unique=1225, sharpe=21.97
    h5: std=0.0350, dir_acc=54.0%, pos=93%, unique=1235, sharpe=22.19
    ... (25 more horizons)
  Aggregate: std_avg=0.0335, dir_acc_avg=53.9%, composite_avg=0.4360
  H1 detail: range=0.2503, mean=0.0573, dist_match=0.6113
  Collapse penalty: 0.000000 (threshold: 0.005000)
  Saved validation predictions to: experiments/10_quantile_horizon_sweep/daily_7q_h30_s123/collapse_monitoring/val_predictions_epoch58.npz
  Gradient norms:
    lstm_encoder: 0.008685
    lstm_decoder: 0.002971
    output_layer: 0.018330
  VSN output std:
    encoder: 0.139696
  Attention entropy: 2.892075
  Saved to: experiments/10_quantile_horizon_sweep/daily_7q_h30_s123/collapse_monitoring/collapse_monitor_latest.json
[DEBUG CollapseMonitor] on_validation_epoch_start called for epoch 59
[DEBUG CollapseMonitor] reset_temporal_state() called on loss function
Epoch 59: val_loss=0.43631798028945923
Epoch 59: train_loss=0.4256044030189514

[CollapseMonitor] Epoch 59
  [DEBUG] Processed 20 batches, 30 horizon(s)
  Multi-horizon metrics (30 horizons):
    h1: std=0.0335, dir_acc=54.2%, pos=94%, unique=1234, sharpe=28.45
    h2: std=0.0334, dir_acc=54.1%, pos=93%, unique=1229, sharpe=25.58
    h3: std=0.0339, dir_acc=54.1%, pos=93%, unique=1232, sharpe=24.13
    h4: std=0.0340, dir_acc=54.3%, pos=93%, unique=1229, sharpe=23.92
    h5: std=0.0340, dir_acc=54.3%, pos=93%, unique=1238, sharpe=24.13
    ... (25 more horizons)
  Aggregate: std_avg=0.0326, dir_acc_avg=54.1%, composite_avg=0.4359
  H1 detail: range=0.2407, mean=0.0601, dist_match=0.6073
  Collapse penalty: 0.000000 (threshold: 0.005000)
  Saved validation predictions to: experiments/10_quantile_horizon_sweep/daily_7q_h30_s123/collapse_monitoring/val_predictions_epoch59.npz
  Gradient norms:
    lstm_encoder: 0.009488
    lstm_decoder: 0.003157
    output_layer: 0.018649
  VSN output std:
    encoder: 0.138555
  Attention entropy: 2.889548
  Saved to: experiments/10_quantile_horizon_sweep/daily_7q_h30_s123/collapse_monitoring/collapse_monitor_latest.json
[DEBUG CollapseMonitor] on_validation_epoch_start called for epoch 60
[DEBUG CollapseMonitor] reset_temporal_state() called on loss function
Epoch 60: val_loss=0.4363775849342346
Epoch 60: train_loss=0.4256642162799835

[CollapseMonitor] Epoch 60
  [DEBUG] Processed 20 batches, 30 horizon(s)
  Multi-horizon metrics (30 horizons):
    h1: std=0.0337, dir_acc=54.2%, pos=94%, unique=1233, sharpe=26.77
    h2: std=0.0337, dir_acc=54.1%, pos=93%, unique=1236, sharpe=23.95
    h3: std=0.0341, dir_acc=54.1%, pos=93%, unique=1231, sharpe=22.58
    h4: std=0.0342, dir_acc=54.3%, pos=93%, unique=1232, sharpe=22.41
    h5: std=0.0342, dir_acc=54.1%, pos=93%, unique=1239, sharpe=22.66
    ... (25 more horizons)
  Aggregate: std_avg=0.0325, dir_acc_avg=54.0%, composite_avg=0.4361
  H1 detail: range=0.2424, mean=0.0569, dist_match=0.6105
  Collapse penalty: 0.000000 (threshold: 0.005000)
  Saved validation predictions to: experiments/10_quantile_horizon_sweep/daily_7q_h30_s123/collapse_monitoring/val_predictions_epoch60.npz
  Gradient norms:
    lstm_encoder: 0.009312
    lstm_decoder: 0.002719
    output_layer: 0.017494
  VSN output std:
    encoder: 0.139636
  Attention entropy: 2.891071
  Saved to: experiments/10_quantile_horizon_sweep/daily_7q_h30_s123/collapse_monitoring/collapse_monitor_latest.json
[DEBUG CollapseMonitor] on_validation_epoch_start called for epoch 61
[DEBUG CollapseMonitor] reset_temporal_state() called on loss function
Epoch 61: val_loss=0.4365241229534149
Epoch 61: train_loss=0.42542997002601624

[CollapseMonitor] Epoch 61
  [DEBUG] Processed 20 batches, 30 horizon(s)
  Multi-horizon metrics (30 horizons):
    h1: std=0.0338, dir_acc=54.3%, pos=93%, unique=1228, sharpe=25.92
    h2: std=0.0337, dir_acc=54.0%, pos=93%, unique=1232, sharpe=23.15
    h3: std=0.0341, dir_acc=54.2%, pos=93%, unique=1233, sharpe=21.85
    h4: std=0.0343, dir_acc=54.3%, pos=93%, unique=1228, sharpe=21.71
    h5: std=0.0343, dir_acc=54.2%, pos=93%, unique=1228, sharpe=21.98
    ... (25 more horizons)
  Aggregate: std_avg=0.0325, dir_acc_avg=54.0%, composite_avg=0.4364
  H1 detail: range=0.2373, mean=0.0551, dist_match=0.6113
  Collapse penalty: 0.000000 (threshold: 0.005000)
  Saved validation predictions to: experiments/10_quantile_horizon_sweep/daily_7q_h30_s123/collapse_monitoring/val_predictions_epoch61.npz
  Gradient norms:
    lstm_encoder: 0.010098
    lstm_decoder: 0.003493
    output_layer: 0.019246
  VSN output std:
    encoder: 0.139008
  Attention entropy: 2.889755
  Saved to: experiments/10_quantile_horizon_sweep/daily_7q_h30_s123/collapse_monitoring/collapse_monitor_latest.json
[DEBUG CollapseMonitor] on_validation_epoch_start called for epoch 62
[DEBUG CollapseMonitor] reset_temporal_state() called on loss function
Epoch 62: val_loss=0.43636175990104675
Epoch 62: train_loss=0.42551881074905396

[CollapseMonitor] Epoch 62
  [DEBUG] Processed 20 batches, 30 horizon(s)
  Multi-horizon metrics (30 horizons):
    h1: std=0.0343, dir_acc=54.3%, pos=93%, unique=1240, sharpe=26.22
    h2: std=0.0342, dir_acc=54.0%, pos=93%, unique=1231, sharpe=23.50
    h3: std=0.0347, dir_acc=54.2%, pos=93%, unique=1237, sharpe=22.21
    h4: std=0.0349, dir_acc=54.3%, pos=93%, unique=1225, sharpe=22.06
    h5: std=0.0349, dir_acc=54.2%, pos=93%, unique=1232, sharpe=22.32
    ... (25 more horizons)
  Aggregate: std_avg=0.0332, dir_acc_avg=54.0%, composite_avg=0.4363
  H1 detail: range=0.2404, mean=0.0566, dist_match=0.6113
  Collapse penalty: 0.000000 (threshold: 0.005000)
  Saved validation predictions to: experiments/10_quantile_horizon_sweep/daily_7q_h30_s123/collapse_monitoring/val_predictions_epoch62.npz
  Gradient norms:
    lstm_encoder: 0.009764
    lstm_decoder: 0.003010
    output_layer: 0.017362
  VSN output std:
    encoder: 0.138810
  Attention entropy: 2.889739
  Saved to: experiments/10_quantile_horizon_sweep/daily_7q_h30_s123/collapse_monitoring/collapse_monitor_latest.json
[DEBUG CollapseMonitor] on_validation_epoch_start called for epoch 63
[DEBUG CollapseMonitor] reset_temporal_state() called on loss function
Epoch 63: val_loss=0.43639785051345825
Epoch 63: train_loss=0.4251519441604614

[CollapseMonitor] Epoch 63
  [DEBUG] Processed 20 batches, 30 horizon(s)
  Multi-horizon metrics (30 horizons):
    h1: std=0.0338, dir_acc=54.2%, pos=94%, unique=1232, sharpe=28.31
    h2: std=0.0338, dir_acc=54.0%, pos=93%, unique=1235, sharpe=25.50
    h3: std=0.0342, dir_acc=54.1%, pos=93%, unique=1228, sharpe=24.11
    h4: std=0.0344, dir_acc=54.3%, pos=93%, unique=1240, sharpe=23.90
    h5: std=0.0344, dir_acc=54.3%, pos=93%, unique=1226, sharpe=24.11
    ... (25 more horizons)
  Aggregate: std_avg=0.0329, dir_acc_avg=54.1%, composite_avg=0.4359
  H1 detail: range=0.2382, mean=0.0602, dist_match=0.6089
  Collapse penalty: 0.000000 (threshold: 0.005000)
  Saved validation predictions to: experiments/10_quantile_horizon_sweep/daily_7q_h30_s123/collapse_monitoring/val_predictions_epoch63.npz
  Gradient norms:
    lstm_encoder: 0.008890
    lstm_decoder: 0.002837
    output_layer: 0.017008
  VSN output std:
    encoder: 0.138879
  Attention entropy: 2.890060
  Saved to: experiments/10_quantile_horizon_sweep/daily_7q_h30_s123/collapse_monitoring/collapse_monitor_latest.json
[DEBUG CollapseMonitor] on_validation_epoch_start called for epoch 64
[DEBUG CollapseMonitor] reset_temporal_state() called on loss function
Epoch 64: val_loss=0.4362398386001587
Epoch 64: train_loss=0.42522576451301575

[CollapseMonitor] Epoch 64
  [DEBUG] Processed 20 batches, 30 horizon(s)
  Multi-horizon metrics (30 horizons):
    h1: std=0.0353, dir_acc=54.0%, pos=93%, unique=1229, sharpe=25.36
    h2: std=0.0354, dir_acc=54.0%, pos=93%, unique=1238, sharpe=22.68
    h3: std=0.0359, dir_acc=54.1%, pos=93%, unique=1228, sharpe=21.37
    h4: std=0.0361, dir_acc=54.3%, pos=93%, unique=1234, sharpe=21.19
    h5: std=0.0362, dir_acc=54.3%, pos=93%, unique=1233, sharpe=21.39
    ... (25 more horizons)
  Aggregate: std_avg=0.0346, dir_acc_avg=54.0%, composite_avg=0.4368
  H1 detail: range=0.2463, mean=0.0564, dist_match=0.6153
  Collapse penalty: 0.000000 (threshold: 0.005000)
  Saved validation predictions to: experiments/10_quantile_horizon_sweep/daily_7q_h30_s123/collapse_monitoring/val_predictions_epoch64.npz
  Gradient norms:
    lstm_encoder: 0.009531
    lstm_decoder: 0.002797
    output_layer: 0.018436
  VSN output std:
    encoder: 0.138792
  Attention entropy: 2.890109
  Saved to: experiments/10_quantile_horizon_sweep/daily_7q_h30_s123/collapse_monitoring/collapse_monitor_latest.json
[DEBUG CollapseMonitor] on_validation_epoch_start called for epoch 65
[DEBUG CollapseMonitor] reset_temporal_state() called on loss function
Epoch 65: val_loss=0.436294823884964
Epoch 65: train_loss=0.42514505982398987

[CollapseMonitor] Epoch 65
  [DEBUG] Processed 20 batches, 30 horizon(s)
  Multi-horizon metrics (30 horizons):
    h1: std=0.0353, dir_acc=54.2%, pos=93%, unique=1239, sharpe=26.09
    h2: std=0.0354, dir_acc=54.0%, pos=93%, unique=1229, sharpe=23.38
    h3: std=0.0360, dir_acc=54.0%, pos=93%, unique=1238, sharpe=22.04
    h4: std=0.0362, dir_acc=54.3%, pos=93%, unique=1231, sharpe=21.84
    h5: std=0.0362, dir_acc=54.2%, pos=93%, unique=1229, sharpe=22.03
    ... (25 more horizons)
  Aggregate: std_avg=0.0346, dir_acc_avg=54.0%, composite_avg=0.4369
  H1 detail: range=0.2464, mean=0.0581, dist_match=0.6137
  Collapse penalty: 0.000000 (threshold: 0.005000)
  Saved validation predictions to: experiments/10_quantile_horizon_sweep/daily_7q_h30_s123/collapse_monitoring/val_predictions_epoch65.npz
  Gradient norms:
    lstm_encoder: 0.009882
    lstm_decoder: 0.003237
    output_layer: 0.017604
  VSN output std:
    encoder: 0.138893
  Attention entropy: 2.889557
  Saved to: experiments/10_quantile_horizon_sweep/daily_7q_h30_s123/collapse_monitoring/collapse_monitor_latest.json
[DEBUG CollapseMonitor] on_validation_epoch_start called for epoch 66
[DEBUG CollapseMonitor] reset_temporal_state() called on loss function
Epoch 66: val_loss=0.4362279176712036
Epoch 66: train_loss=0.42499443888664246

[CollapseMonitor] Epoch 66
  [DEBUG] Processed 20 batches, 30 horizon(s)
  Multi-horizon metrics (30 horizons):
    h1: std=0.0351, dir_acc=54.3%, pos=93%, unique=1241, sharpe=27.07
    h2: std=0.0351, dir_acc=53.9%, pos=93%, unique=1227, sharpe=24.33
    h3: std=0.0357, dir_acc=54.0%, pos=93%, unique=1236, sharpe=22.98
    h4: std=0.0359, dir_acc=54.3%, pos=93%, unique=1236, sharpe=22.76
    h5: std=0.0359, dir_acc=54.2%, pos=93%, unique=1236, sharpe=22.94
    ... (25 more horizons)
  Aggregate: std_avg=0.0343, dir_acc_avg=54.0%, composite_avg=0.4367
  H1 detail: range=0.2445, mean=0.0598, dist_match=0.6129
  Collapse penalty: 0.000000 (threshold: 0.005000)
  Saved validation predictions to: experiments/10_quantile_horizon_sweep/daily_7q_h30_s123/collapse_monitoring/val_predictions_epoch66.npz
  Gradient norms:
    lstm_encoder: 0.009457
    lstm_decoder: 0.003071
    output_layer: 0.018609
  VSN output std:
    encoder: 0.139606
  Attention entropy: 2.891841
  Saved to: experiments/10_quantile_horizon_sweep/daily_7q_h30_s123/collapse_monitoring/collapse_monitor_latest.json
[DEBUG CollapseMonitor] on_validation_epoch_start called for epoch 67
[DEBUG CollapseMonitor] reset_temporal_state() called on loss function
Epoch 67: val_loss=0.43635332584381104
Epoch 67: train_loss=0.42531630396842957

[CollapseMonitor] Epoch 67
  [DEBUG] Processed 20 batches, 30 horizon(s)
  Multi-horizon metrics (30 horizons):
    h1: std=0.0352, dir_acc=54.2%, pos=93%, unique=1229, sharpe=25.47
    h2: std=0.0352, dir_acc=54.0%, pos=93%, unique=1236, sharpe=22.76
    h3: std=0.0357, dir_acc=54.0%, pos=93%, unique=1239, sharpe=21.44
    h4: std=0.0359, dir_acc=54.3%, pos=92%, unique=1229, sharpe=21.24
    h5: std=0.0359, dir_acc=54.0%, pos=92%, unique=1238, sharpe=21.44
    ... (25 more horizons)
  Aggregate: std_avg=0.0342, dir_acc_avg=54.0%, composite_avg=0.4368
  H1 detail: range=0.2452, mean=0.0564, dist_match=0.6137
  Collapse penalty: 0.000000 (threshold: 0.005000)
  Saved validation predictions to: experiments/10_quantile_horizon_sweep/daily_7q_h30_s123/collapse_monitoring/val_predictions_epoch67.npz
  Gradient norms:
    lstm_encoder: 0.009844
    lstm_decoder: 0.003109
    output_layer: 0.017847
  VSN output std:
    encoder: 0.139175
  Attention entropy: 2.891829
  Saved to: experiments/10_quantile_horizon_sweep/daily_7q_h30_s123/collapse_monitoring/collapse_monitor_latest.json
[DEBUG CollapseMonitor] on_validation_epoch_start called for epoch 68
[DEBUG CollapseMonitor] reset_temporal_state() called on loss function
Epoch 68: val_loss=0.4365239143371582
Epoch 68: train_loss=0.4250587224960327

[CollapseMonitor] Epoch 68
  [DEBUG] Processed 20 batches, 30 horizon(s)
  Multi-horizon metrics (30 horizons):
    h1: std=0.0350, dir_acc=54.3%, pos=93%, unique=1241, sharpe=25.28
    h2: std=0.0351, dir_acc=54.0%, pos=93%, unique=1234, sharpe=22.53
    h3: std=0.0356, dir_acc=54.1%, pos=92%, unique=1232, sharpe=21.18
    h4: std=0.0358, dir_acc=54.5%, pos=92%, unique=1237, sharpe=20.97
    h5: std=0.0358, dir_acc=54.0%, pos=92%, unique=1225, sharpe=21.15
    ... (25 more horizons)
  Aggregate: std_avg=0.0339, dir_acc_avg=54.0%, composite_avg=0.4371
  H1 detail: range=0.2438, mean=0.0558, dist_match=0.6137
  Collapse penalty: 0.000000 (threshold: 0.005000)
  Saved validation predictions to: experiments/10_quantile_horizon_sweep/daily_7q_h30_s123/collapse_monitoring/val_predictions_epoch68.npz
  Gradient norms:
    lstm_encoder: 0.010047
    lstm_decoder: 0.002717
    output_layer: 0.018576
  VSN output std:
    encoder: 0.138513
  Attention entropy: 2.891429
  Saved to: experiments/10_quantile_horizon_sweep/daily_7q_h30_s123/collapse_monitoring/collapse_monitor_latest.json
[DEBUG CollapseMonitor] on_validation_epoch_start called for epoch 69
[DEBUG CollapseMonitor] reset_temporal_state() called on loss function
Epoch 69: val_loss=0.43636906147003174
Epoch 69: train_loss=0.42543891072273254

[CollapseMonitor] Epoch 69
  [DEBUG] Processed 20 batches, 30 horizon(s)
  Multi-horizon metrics (30 horizons):
    h1: std=0.0353, dir_acc=54.3%, pos=93%, unique=1236, sharpe=25.71
    h2: std=0.0354, dir_acc=54.0%, pos=93%, unique=1235, sharpe=22.99
    h3: std=0.0359, dir_acc=54.0%, pos=93%, unique=1234, sharpe=21.63
    h4: std=0.0361, dir_acc=54.3%, pos=92%, unique=1233, sharpe=21.41
    h5: std=0.0361, dir_acc=54.0%, pos=92%, unique=1233, sharpe=21.59
    ... (25 more horizons)
  Aggregate: std_avg=0.0343, dir_acc_avg=54.0%, composite_avg=0.4369
  H1 detail: range=0.2455, mean=0.0571, dist_match=0.6145
  Collapse penalty: 0.000000 (threshold: 0.005000)
  Saved validation predictions to: experiments/10_quantile_horizon_sweep/daily_7q_h30_s123/collapse_monitoring/val_predictions_epoch69.npz
  Gradient norms:
    lstm_encoder: 0.009833
    lstm_decoder: 0.002944
    output_layer: 0.017679
  VSN output std:
    encoder: 0.139912
  Attention entropy: 2.893893
  Saved to: experiments/10_quantile_horizon_sweep/daily_7q_h30_s123/collapse_monitoring/collapse_monitor_latest.json
[DEBUG CollapseMonitor] on_validation_epoch_start called for epoch 70
[DEBUG CollapseMonitor] reset_temporal_state() called on loss function
Epoch 70: val_loss=0.436295747756958
Epoch 70: train_loss=0.4250720143318176

[CollapseMonitor] Epoch 70
  [DEBUG] Processed 20 batches, 30 horizon(s)
  Multi-horizon metrics (30 horizons):
    h1: std=0.0360, dir_acc=54.3%, pos=93%, unique=1240, sharpe=25.88
    h2: std=0.0361, dir_acc=54.0%, pos=93%, unique=1236, sharpe=23.20
    h3: std=0.0366, dir_acc=54.1%, pos=92%, unique=1235, sharpe=21.88
    h4: std=0.0369, dir_acc=54.3%, pos=92%, unique=1235, sharpe=21.66
    h5: std=0.0369, dir_acc=54.0%, pos=92%, unique=1241, sharpe=21.84
    ... (25 more horizons)
  Aggregate: std_avg=0.0351, dir_acc_avg=54.0%, composite_avg=0.4370
  H1 detail: range=0.2497, mean=0.0586, dist_match=0.6137
  Collapse penalty: 0.000000 (threshold: 0.005000)
  Saved validation predictions to: experiments/10_quantile_horizon_sweep/daily_7q_h30_s123/collapse_monitoring/val_predictions_epoch70.npz
  Gradient norms:
    lstm_encoder: 0.009341
    lstm_decoder: 0.002830
    output_layer: 0.016997
  VSN output std:
    encoder: 0.139102
  Attention entropy: 2.893311
  Saved to: experiments/10_quantile_horizon_sweep/daily_7q_h30_s123/collapse_monitoring/collapse_monitor_latest.json
[DEBUG CollapseMonitor] on_validation_epoch_start called for epoch 71
[DEBUG CollapseMonitor] reset_temporal_state() called on loss function
Epoch 71: val_loss=0.43633779883384705
Epoch 71: train_loss=0.4253365993499756

[CollapseMonitor] Epoch 71
  [DEBUG] Processed 20 batches, 30 horizon(s)
  Multi-horizon metrics (30 horizons):
    h1: std=0.0356, dir_acc=54.3%, pos=93%, unique=1237, sharpe=26.15
    h2: std=0.0357, dir_acc=54.0%, pos=93%, unique=1229, sharpe=23.44
    h3: std=0.0363, dir_acc=54.0%, pos=93%, unique=1222, sharpe=22.09
    h4: std=0.0365, dir_acc=54.3%, pos=92%, unique=1228, sharpe=21.86
    h5: std=0.0365, dir_acc=54.1%, pos=92%, unique=1228, sharpe=22.02
    ... (25 more horizons)
  Aggregate: std_avg=0.0348, dir_acc_avg=54.0%, composite_avg=0.4369
  H1 detail: range=0.2484, mean=0.0586, dist_match=0.6137
  Collapse penalty: 0.000000 (threshold: 0.005000)
  Saved validation predictions to: experiments/10_quantile_horizon_sweep/daily_7q_h30_s123/collapse_monitoring/val_predictions_epoch71.npz
  Gradient norms:
    lstm_encoder: 0.009817
    lstm_decoder: 0.003163
    output_layer: 0.017128
  VSN output std:
    encoder: 0.138975
  Attention entropy: 2.892957
  Saved to: experiments/10_quantile_horizon_sweep/daily_7q_h30_s123/collapse_monitoring/collapse_monitor_latest.json
[DEBUG CollapseMonitor] on_validation_epoch_start called for epoch 72
[DEBUG CollapseMonitor] reset_temporal_state() called on loss function
Epoch 72: val_loss=0.43646353483200073
Epoch 72: train_loss=0.4246257245540619

[CollapseMonitor] Epoch 72
  [DEBUG] Processed 20 batches, 30 horizon(s)
  Multi-horizon metrics (30 horizons):
    h1: std=0.0347, dir_acc=54.3%, pos=93%, unique=1240, sharpe=26.95
    h2: std=0.0348, dir_acc=53.9%, pos=93%, unique=1230, sharpe=24.17
    h3: std=0.0353, dir_acc=54.0%, pos=93%, unique=1233, sharpe=22.76
    h4: std=0.0356, dir_acc=54.3%, pos=93%, unique=1237, sharpe=22.50
    h5: std=0.0356, dir_acc=54.3%, pos=93%, unique=1233, sharpe=22.66
    ... (25 more horizons)
  Aggregate: std_avg=0.0339, dir_acc_avg=54.0%, composite_avg=0.4368
  H1 detail: range=0.2433, mean=0.0589, dist_match=0.6113
  Collapse penalty: 0.000000 (threshold: 0.005000)
  Saved validation predictions to: experiments/10_quantile_horizon_sweep/daily_7q_h30_s123/collapse_monitoring/val_predictions_epoch72.npz
  Gradient norms:
    lstm_encoder: 0.009139
    lstm_decoder: 0.002998
    output_layer: 0.017235
  VSN output std:
    encoder: 0.139220
  Attention entropy: 2.893462
  Saved to: experiments/10_quantile_horizon_sweep/daily_7q_h30_s123/collapse_monitoring/collapse_monitor_latest.json
[DEBUG CollapseMonitor] on_validation_epoch_start called for epoch 73
[DEBUG CollapseMonitor] reset_temporal_state() called on loss function
Epoch 73: val_loss=0.4362189471721649
Epoch 73: train_loss=0.42500147223472595

[CollapseMonitor] Epoch 73
  [DEBUG] Processed 20 batches, 30 horizon(s)
  Multi-horizon metrics (30 horizons):
    h1: std=0.0360, dir_acc=54.2%, pos=93%, unique=1239, sharpe=25.54
    h2: std=0.0361, dir_acc=54.0%, pos=93%, unique=1224, sharpe=22.89
    h3: std=0.0367, dir_acc=54.0%, pos=93%, unique=1235, sharpe=21.57
    h4: std=0.0369, dir_acc=54.3%, pos=92%, unique=1225, sharpe=21.34
    h5: std=0.0370, dir_acc=54.1%, pos=92%, unique=1234, sharpe=21.50
    ... (25 more horizons)
  Aggregate: std_avg=0.0353, dir_acc_avg=54.0%, composite_avg=0.4368
  H1 detail: range=0.2505, mean=0.0579, dist_match=0.6153
  Collapse penalty: 0.000000 (threshold: 0.005000)
  Saved validation predictions to: experiments/10_quantile_horizon_sweep/daily_7q_h30_s123/collapse_monitoring/val_predictions_epoch73.npz
  Gradient norms:
    lstm_encoder: 0.009685
    lstm_decoder: 0.003073
    output_layer: 0.018076
  VSN output std:
    encoder: 0.139710
  Attention entropy: 2.894710
  Saved to: experiments/10_quantile_horizon_sweep/daily_7q_h30_s123/collapse_monitoring/collapse_monitor_latest.json
[DEBUG CollapseMonitor] on_validation_epoch_start called for epoch 74
[DEBUG CollapseMonitor] reset_temporal_state() called on loss function
Epoch 74: val_loss=0.43639814853668213
Epoch 74: train_loss=0.42509517073631287

[CollapseMonitor] Epoch 74
  [DEBUG] Processed 20 batches, 30 horizon(s)
  Multi-horizon metrics (30 horizons):
    h1: std=0.0360, dir_acc=54.3%, pos=93%, unique=1233, sharpe=25.40
    h2: std=0.0362, dir_acc=53.9%, pos=93%, unique=1233, sharpe=22.71
    h3: std=0.0367, dir_acc=54.1%, pos=92%, unique=1230, sharpe=21.38
    h4: std=0.0370, dir_acc=54.4%, pos=92%, unique=1239, sharpe=21.14
    h5: std=0.0370, dir_acc=54.0%, pos=92%, unique=1237, sharpe=21.29
    ... (25 more horizons)
  Aggregate: std_avg=0.0353, dir_acc_avg=54.0%, composite_avg=0.4370
  H1 detail: range=0.2506, mean=0.0577, dist_match=0.6137
  Collapse penalty: 0.000000 (threshold: 0.005000)
  Saved validation predictions to: experiments/10_quantile_horizon_sweep/daily_7q_h30_s123/collapse_monitoring/val_predictions_epoch74.npz
  Gradient norms:
    lstm_encoder: 0.009605
    lstm_decoder: 0.003673
    output_layer: 0.018543
  VSN output std:
    encoder: 0.139268
  Attention entropy: 2.894176
  Saved to: experiments/10_quantile_horizon_sweep/daily_7q_h30_s123/collapse_monitoring/collapse_monitor_latest.json
[DEBUG CollapseMonitor] on_validation_epoch_start called for epoch 75
[DEBUG CollapseMonitor] reset_temporal_state() called on loss function
Epoch 75: val_loss=0.4363675117492676
Epoch 75: train_loss=0.4250916838645935

[CollapseMonitor] Epoch 75
  [DEBUG] Processed 20 batches, 30 horizon(s)
  Multi-horizon metrics (30 horizons):
    h1: std=0.0358, dir_acc=54.3%, pos=93%, unique=1235, sharpe=26.21
    h2: std=0.0359, dir_acc=54.0%, pos=93%, unique=1238, sharpe=23.53
    h3: std=0.0365, dir_acc=54.0%, pos=93%, unique=1233, sharpe=22.17
    h4: std=0.0367, dir_acc=54.3%, pos=92%, unique=1233, sharpe=21.93
    h5: std=0.0367, dir_acc=54.1%, pos=92%, unique=1237, sharpe=22.08
    ... (25 more horizons)
  Aggregate: std_avg=0.0350, dir_acc_avg=54.0%, composite_avg=0.4368
  H1 detail: range=0.2495, mean=0.0591, dist_match=0.6129
  Collapse penalty: 0.000000 (threshold: 0.005000)
  Saved validation predictions to: experiments/10_quantile_horizon_sweep/daily_7q_h30_s123/collapse_monitoring/val_predictions_epoch75.npz
  Gradient norms:
    lstm_encoder: 0.009891
    lstm_decoder: 0.003200
    output_layer: 0.017173
  VSN output std:
    encoder: 0.139204
  Attention entropy: 2.894421
  Saved to: experiments/10_quantile_horizon_sweep/daily_7q_h30_s123/collapse_monitoring/collapse_monitor_latest.json
[DEBUG CollapseMonitor] on_validation_epoch_start called for epoch 76
[DEBUG CollapseMonitor] reset_temporal_state() called on loss function
Epoch 76: val_loss=0.43633610010147095
Epoch 76: train_loss=0.42512422800064087

[CollapseMonitor] Epoch 76
  [DEBUG] Processed 20 batches, 30 horizon(s)
  Multi-horizon metrics (30 horizons):
    h1: std=0.0361, dir_acc=54.2%, pos=93%, unique=1240, sharpe=25.00
    h2: std=0.0363, dir_acc=53.9%, pos=93%, unique=1237, sharpe=22.34
    h3: std=0.0368, dir_acc=54.1%, pos=92%, unique=1234, sharpe=21.00
    h4: std=0.0371, dir_acc=54.3%, pos=92%, unique=1243, sharpe=20.76
    h5: std=0.0371, dir_acc=54.0%, pos=92%, unique=1235, sharpe=20.90
    ... (25 more horizons)
  Aggregate: std_avg=0.0355, dir_acc_avg=53.9%, composite_avg=0.4370
  H1 detail: range=0.2513, mean=0.0569, dist_match=0.6153
  Collapse penalty: 0.000000 (threshold: 0.005000)
  Saved validation predictions to: experiments/10_quantile_horizon_sweep/daily_7q_h30_s123/collapse_monitoring/val_predictions_epoch76.npz
  Gradient norms:
    lstm_encoder: 0.010005
    lstm_decoder: 0.003092
    output_layer: 0.017802
  VSN output std:
    encoder: 0.139536
  Attention entropy: 2.894772
  Saved to: experiments/10_quantile_horizon_sweep/daily_7q_h30_s123/collapse_monitoring/collapse_monitor_latest.json
[DEBUG CollapseMonitor] on_validation_epoch_start called for epoch 77
[DEBUG CollapseMonitor] reset_temporal_state() called on loss function
Epoch 77: val_loss=0.4364243149757385
Epoch 77: train_loss=0.42484521865844727

[CollapseMonitor] Epoch 77
  [DEBUG] Processed 20 batches, 30 horizon(s)
  Multi-horizon metrics (30 horizons):
    h1: std=0.0353, dir_acc=54.3%, pos=94%, unique=1239, sharpe=27.16
    h2: std=0.0355, dir_acc=54.0%, pos=93%, unique=1230, sharpe=24.45
    h3: std=0.0360, dir_acc=54.0%, pos=93%, unique=1234, sharpe=23.07
    h4: std=0.0363, dir_acc=54.3%, pos=93%, unique=1233, sharpe=22.82
    h5: std=0.0363, dir_acc=54.3%, pos=93%, unique=1241, sharpe=22.97
    ... (25 more horizons)
  Aggregate: std_avg=0.0346, dir_acc_avg=54.0%, composite_avg=0.4368
  H1 detail: range=0.2480, mean=0.0605, dist_match=0.6097
  Collapse penalty: 0.000000 (threshold: 0.005000)
  Saved validation predictions to: experiments/10_quantile_horizon_sweep/daily_7q_h30_s123/collapse_monitoring/val_predictions_epoch77.npz
  Gradient norms:
    lstm_encoder: 0.009494
    lstm_decoder: 0.003295
    output_layer: 0.017306
  VSN output std:
    encoder: 0.139418
  Attention entropy: 2.894739
  Saved to: experiments/10_quantile_horizon_sweep/daily_7q_h30_s123/collapse_monitoring/collapse_monitor_latest.json
[DEBUG CollapseMonitor] on_validation_epoch_start called for epoch 78
[DEBUG CollapseMonitor] reset_temporal_state() called on loss function
Epoch 78: val_loss=0.4365144371986389
Epoch 78: train_loss=0.4246942102909088

[CollapseMonitor] Epoch 78
  [DEBUG] Processed 20 batches, 30 horizon(s)
  Multi-horizon metrics (30 horizons):
    h1: std=0.0355, dir_acc=54.2%, pos=94%, unique=1228, sharpe=26.91
    h2: std=0.0356, dir_acc=54.0%, pos=93%, unique=1234, sharpe=24.17
    h3: std=0.0362, dir_acc=54.0%, pos=93%, unique=1227, sharpe=22.77
    h4: std=0.0364, dir_acc=54.3%, pos=92%, unique=1237, sharpe=22.49
    h5: std=0.0365, dir_acc=54.3%, pos=93%, unique=1227, sharpe=22.62
    ... (25 more horizons)
  Aggregate: std_avg=0.0347, dir_acc_avg=54.0%, composite_avg=0.4369
  H1 detail: range=0.2479, mean=0.0601, dist_match=0.6105
  Collapse penalty: 0.000000 (threshold: 0.005000)
  Saved validation predictions to: experiments/10_quantile_horizon_sweep/daily_7q_h30_s123/collapse_monitoring/val_predictions_epoch78.npz
  Gradient norms:
    lstm_encoder: 0.010826
    lstm_decoder: 0.003423
    output_layer: 0.018461
  VSN output std:
    encoder: 0.139025
  Attention entropy: 2.894216
  Saved to: experiments/10_quantile_horizon_sweep/daily_7q_h30_s123/collapse_monitoring/collapse_monitor_latest.json
[DEBUG CollapseMonitor] on_validation_epoch_start called for epoch 79
[DEBUG CollapseMonitor] reset_temporal_state() called on loss function
Epoch 79: val_loss=0.43651315569877625
Epoch 79: train_loss=0.42466476559638977

[CollapseMonitor] Epoch 79
  [DEBUG] Processed 20 batches, 30 horizon(s)
  Multi-horizon metrics (30 horizons):
    h1: std=0.0356, dir_acc=54.2%, pos=94%, unique=1234, sharpe=26.74
    h2: std=0.0357, dir_acc=54.0%, pos=93%, unique=1241, sharpe=23.99
    h3: std=0.0363, dir_acc=54.0%, pos=92%, unique=1236, sharpe=22.60
    h4: std=0.0365, dir_acc=54.3%, pos=92%, unique=1235, sharpe=22.32
    h5: std=0.0366, dir_acc=54.2%, pos=92%, unique=1233, sharpe=22.44
    ... (25 more horizons)
  Aggregate: std_avg=0.0349, dir_acc_avg=54.0%, composite_avg=0.4370
  H1 detail: range=0.2485, mean=0.0599, dist_match=0.6105
  Collapse penalty: 0.000000 (threshold: 0.005000)
  Saved validation predictions to: experiments/10_quantile_horizon_sweep/daily_7q_h30_s123/collapse_monitoring/val_predictions_epoch79.npz
  Gradient norms:
    lstm_encoder: 0.009402
    lstm_decoder: 0.003112
    output_layer: 0.016466
  VSN output std:
    encoder: 0.138950
  Attention entropy: 2.893791
  Saved to: experiments/10_quantile_horizon_sweep/daily_7q_h30_s123/collapse_monitoring/collapse_monitor_latest.json
[DEBUG CollapseMonitor] on_validation_epoch_start called for epoch 80
[DEBUG CollapseMonitor] reset_temporal_state() called on loss function
Epoch 80: val_loss=0.4364269971847534
Epoch 80: train_loss=0.42502158880233765

[CollapseMonitor] Epoch 80
  [DEBUG] Processed 20 batches, 30 horizon(s)
  Multi-horizon metrics (30 horizons):
    h1: std=0.0360, dir_acc=54.2%, pos=93%, unique=1231, sharpe=26.44
    h2: std=0.0362, dir_acc=54.1%, pos=93%, unique=1232, sharpe=23.73
    h3: std=0.0367, dir_acc=54.0%, pos=92%, unique=1232, sharpe=22.35
    h4: std=0.0370, dir_acc=54.3%, pos=92%, unique=1237, sharpe=22.07
    h5: std=0.0370, dir_acc=54.1%, pos=92%, unique=1237, sharpe=22.19
    ... (25 more horizons)
  Aggregate: std_avg=0.0354, dir_acc_avg=54.0%, composite_avg=0.4368
  H1 detail: range=0.2507, mean=0.0600, dist_match=0.6121
  Collapse penalty: 0.000000 (threshold: 0.005000)
  Saved validation predictions to: experiments/10_quantile_horizon_sweep/daily_7q_h30_s123/collapse_monitoring/val_predictions_epoch80.npz
  Gradient norms:
    lstm_encoder: 0.009270
    lstm_decoder: 0.002844
    output_layer: 0.016427
  VSN output std:
    encoder: 0.138980
  Attention entropy: 2.894019
  Saved to: experiments/10_quantile_horizon_sweep/daily_7q_h30_s123/collapse_monitoring/collapse_monitor_latest.json
[DEBUG CollapseMonitor] on_validation_epoch_start called for epoch 81
[DEBUG CollapseMonitor] reset_temporal_state() called on loss function
Epoch 81: val_loss=0.4365180432796478
Epoch 81: train_loss=0.42496705055236816

[CollapseMonitor] Epoch 81
  [DEBUG] Processed 20 batches, 30 horizon(s)
  Multi-horizon metrics (30 horizons):
    h1: std=0.0355, dir_acc=54.2%, pos=94%, unique=1223, sharpe=26.86
    h2: std=0.0357, dir_acc=54.1%, pos=93%, unique=1231, sharpe=24.12
    h3: std=0.0362, dir_acc=53.9%, pos=93%, unique=1235, sharpe=22.72
    h4: std=0.0365, dir_acc=54.3%, pos=92%, unique=1233, sharpe=22.43
    h5: std=0.0365, dir_acc=54.2%, pos=92%, unique=1235, sharpe=22.54
    ... (25 more horizons)
  Aggregate: std_avg=0.0349, dir_acc_avg=54.0%, composite_avg=0.4369
  H1 detail: range=0.2483, mean=0.0601, dist_match=0.6105
  Collapse penalty: 0.000000 (threshold: 0.005000)
  Saved validation predictions to: experiments/10_quantile_horizon_sweep/daily_7q_h30_s123/collapse_monitoring/val_predictions_epoch81.npz
  Gradient norms:
    lstm_encoder: 0.010761
    lstm_decoder: 0.003446
    output_layer: 0.016783
  VSN output std:
    encoder: 0.139111
  Attention entropy: 2.894328
  Saved to: experiments/10_quantile_horizon_sweep/daily_7q_h30_s123/collapse_monitoring/collapse_monitor_latest.json
[DEBUG CollapseMonitor] on_validation_epoch_start called for epoch 82
[DEBUG CollapseMonitor] reset_temporal_state() called on loss function
Epoch 82: val_loss=0.4364502727985382
Epoch 82: train_loss=0.4248991906642914

[CollapseMonitor] Epoch 82
  [DEBUG] Processed 20 batches, 30 horizon(s)
  Multi-horizon metrics (30 horizons):
    h1: std=0.0359, dir_acc=54.1%, pos=93%, unique=1231, sharpe=26.87
    h2: std=0.0360, dir_acc=54.0%, pos=93%, unique=1234, sharpe=24.16
    h3: std=0.0366, dir_acc=53.9%, pos=93%, unique=1243, sharpe=22.78
    h4: std=0.0368, dir_acc=54.3%, pos=92%, unique=1236, sharpe=22.50
    h5: std=0.0369, dir_acc=54.1%, pos=92%, unique=1235, sharpe=22.62
    ... (25 more horizons)
  Aggregate: std_avg=0.0352, dir_acc_avg=54.0%, composite_avg=0.4369
  H1 detail: range=0.2501, mean=0.0607, dist_match=0.6113
  Collapse penalty: 0.000000 (threshold: 0.005000)
  Saved validation predictions to: experiments/10_quantile_horizon_sweep/daily_7q_h30_s123/collapse_monitoring/val_predictions_epoch82.npz
  Gradient norms:
    lstm_encoder: 0.010377
    lstm_decoder: 0.003575
    output_layer: 0.018363
  VSN output std:
    encoder: 0.139406
  Attention entropy: 2.894618
  Saved to: experiments/10_quantile_horizon_sweep/daily_7q_h30_s123/collapse_monitoring/collapse_monitor_latest.json
[DEBUG CollapseMonitor] on_validation_epoch_start called for epoch 83
[DEBUG CollapseMonitor] reset_temporal_state() called on loss function
Epoch 83: val_loss=0.4364873468875885
Epoch 83: train_loss=0.42500993609428406

[CollapseMonitor] Epoch 83
  [DEBUG] Processed 20 batches, 30 horizon(s)
  Multi-horizon metrics (30 horizons):
    h1: std=0.0356, dir_acc=54.1%, pos=93%, unique=1239, sharpe=26.64
    h2: std=0.0358, dir_acc=54.0%, pos=93%, unique=1235, sharpe=23.91
    h3: std=0.0363, dir_acc=54.0%, pos=92%, unique=1235, sharpe=22.52
    h4: std=0.0366, dir_acc=54.3%, pos=92%, unique=1236, sharpe=22.23
    h5: std=0.0366, dir_acc=54.1%, pos=92%, unique=1229, sharpe=22.34
    ... (25 more horizons)
  Aggregate: std_avg=0.0349, dir_acc_avg=54.0%, composite_avg=0.4369
  H1 detail: range=0.2486, mean=0.0598, dist_match=0.6113
  Collapse penalty: 0.000000 (threshold: 0.005000)
  Saved validation predictions to: experiments/10_quantile_horizon_sweep/daily_7q_h30_s123/collapse_monitoring/val_predictions_epoch83.npz
  Gradient norms:
    lstm_encoder: 0.009508
    lstm_decoder: 0.003119
    output_layer: 0.017016
  VSN output std:
    encoder: 0.139377
  Attention entropy: 2.894814
  Saved to: experiments/10_quantile_horizon_sweep/daily_7q_h30_s123/collapse_monitoring/collapse_monitor_latest.json
[DEBUG CollapseMonitor] on_validation_epoch_start called for epoch 84
[DEBUG CollapseMonitor] reset_temporal_state() called on loss function
Epoch 84: val_loss=0.436509907245636
Epoch 84: train_loss=0.42481526732444763

[CollapseMonitor] Epoch 84
  [DEBUG] Processed 20 batches, 30 horizon(s)
  Multi-horizon metrics (30 horizons):
    h1: std=0.0356, dir_acc=54.2%, pos=93%, unique=1232, sharpe=26.13
    h2: std=0.0358, dir_acc=54.2%, pos=93%, unique=1239, sharpe=23.39
    h3: std=0.0363, dir_acc=54.1%, pos=92%, unique=1235, sharpe=22.01
    h4: std=0.0366, dir_acc=54.3%, pos=92%, unique=1239, sharpe=21.72
    h5: std=0.0366, dir_acc=54.1%, pos=92%, unique=1236, sharpe=21.83
    ... (25 more horizons)
  Aggregate: std_avg=0.0350, dir_acc_avg=54.0%, composite_avg=0.4369
  H1 detail: range=0.2484, mean=0.0586, dist_match=0.6121
  Collapse penalty: 0.000000 (threshold: 0.005000)
  Saved validation predictions to: experiments/10_quantile_horizon_sweep/daily_7q_h30_s123/collapse_monitoring/val_predictions_epoch84.npz
  Gradient norms:
    lstm_encoder: 0.009717
    lstm_decoder: 0.003172
    output_layer: 0.017530
  VSN output std:
    encoder: 0.139365
  Attention entropy: 2.894888
  Saved to: experiments/10_quantile_horizon_sweep/daily_7q_h30_s123/collapse_monitoring/collapse_monitor_latest.json
[DEBUG CollapseMonitor] on_validation_epoch_start called for epoch 85
[DEBUG CollapseMonitor] reset_temporal_state() called on loss function
Epoch 85: val_loss=0.43642279505729675
Epoch 85: train_loss=0.4249440133571625

[CollapseMonitor] Epoch 85
  [DEBUG] Processed 20 batches, 30 horizon(s)
  Multi-horizon metrics (30 horizons):
    h1: std=0.0360, dir_acc=54.2%, pos=93%, unique=1241, sharpe=26.29
    h2: std=0.0361, dir_acc=54.1%, pos=93%, unique=1236, sharpe=23.59
    h3: std=0.0367, dir_acc=54.0%, pos=92%, unique=1236, sharpe=22.21
    h4: std=0.0370, dir_acc=54.3%, pos=92%, unique=1234, sharpe=21.93
    h5: std=0.0370, dir_acc=54.1%, pos=92%, unique=1232, sharpe=22.04
    ... (25 more horizons)
  Aggregate: std_avg=0.0354, dir_acc_avg=54.0%, composite_avg=0.4369
  H1 detail: range=0.2504, mean=0.0596, dist_match=0.6121
  Collapse penalty: 0.000000 (threshold: 0.005000)
  Saved validation predictions to: experiments/10_quantile_horizon_sweep/daily_7q_h30_s123/collapse_monitoring/val_predictions_epoch85.npz
  Gradient norms:
    lstm_encoder: 0.010422
    lstm_decoder: 0.003355
    output_layer: 0.018102
  VSN output std:
    encoder: 0.139632
  Attention entropy: 2.895505
  Saved to: experiments/10_quantile_horizon_sweep/daily_7q_h30_s123/collapse_monitoring/collapse_monitor_latest.json
[DEBUG CollapseMonitor] on_validation_epoch_start called for epoch 86
[DEBUG CollapseMonitor] reset_temporal_state() called on loss function
Epoch 86: val_loss=0.43644505739212036
Epoch 86: train_loss=0.4242307245731354

[CollapseMonitor] Epoch 86
  [DEBUG] Processed 20 batches, 30 horizon(s)
  Multi-horizon metrics (30 horizons):
    h1: std=0.0360, dir_acc=54.2%, pos=93%, unique=1240, sharpe=26.28
    h2: std=0.0362, dir_acc=54.1%, pos=93%, unique=1238, sharpe=23.59
    h3: std=0.0368, dir_acc=54.0%, pos=92%, unique=1231, sharpe=22.22
    h4: std=0.0370, dir_acc=54.3%, pos=92%, unique=1235, sharpe=21.95
    h5: std=0.0371, dir_acc=54.1%, pos=92%, unique=1232, sharpe=22.07
    ... (25 more horizons)
  Aggregate: std_avg=0.0354, dir_acc_avg=54.0%, composite_avg=0.4370
  H1 detail: range=0.2507, mean=0.0597, dist_match=0.6121
  Collapse penalty: 0.000000 (threshold: 0.005000)
  Saved validation predictions to: experiments/10_quantile_horizon_sweep/daily_7q_h30_s123/collapse_monitoring/val_predictions_epoch86.npz
  Gradient norms:
    lstm_encoder: 0.008819
    lstm_decoder: 0.003116
    output_layer: 0.016970
  VSN output std:
    encoder: 0.139585
  Attention entropy: 2.895341
  Saved to: experiments/10_quantile_horizon_sweep/daily_7q_h30_s123/collapse_monitoring/collapse_monitor_latest.json
[DEBUG CollapseMonitor] on_validation_epoch_start called for epoch 87
[DEBUG CollapseMonitor] reset_temporal_state() called on loss function
Epoch 87: val_loss=0.43641090393066406
Epoch 87: train_loss=0.4246530830860138

[CollapseMonitor] Epoch 87
  [DEBUG] Processed 20 batches, 30 horizon(s)
  Multi-horizon metrics (30 horizons):
    h1: std=0.0362, dir_acc=54.2%, pos=93%, unique=1236, sharpe=25.60
    h2: std=0.0364, dir_acc=53.9%, pos=93%, unique=1239, sharpe=22.94
    h3: std=0.0370, dir_acc=54.1%, pos=92%, unique=1231, sharpe=21.60
    h4: std=0.0372, dir_acc=54.3%, pos=92%, unique=1234, sharpe=21.34
    h5: std=0.0373, dir_acc=54.0%, pos=92%, unique=1242, sharpe=21.46
    ... (25 more horizons)
  Aggregate: std_avg=0.0355, dir_acc_avg=54.0%, composite_avg=0.4370
  H1 detail: range=0.2518, mean=0.0584, dist_match=0.6121
  Collapse penalty: 0.000000 (threshold: 0.005000)
  Saved validation predictions to: experiments/10_quantile_horizon_sweep/daily_7q_h30_s123/collapse_monitoring/val_predictions_epoch87.npz
  Gradient norms:
    lstm_encoder: 0.010146
    lstm_decoder: 0.002963
    output_layer: 0.016621
  VSN output std:
    encoder: 0.139631
  Attention entropy: 2.895754
  Saved to: experiments/10_quantile_horizon_sweep/daily_7q_h30_s123/collapse_monitoring/collapse_monitor_latest.json
[DEBUG CollapseMonitor] on_validation_epoch_start called for epoch 88
[DEBUG CollapseMonitor] reset_temporal_state() called on loss function
Epoch 88: val_loss=0.43647897243499756
Epoch 88: train_loss=0.4245900809764862

[CollapseMonitor] Epoch 88
  [DEBUG] Processed 20 batches, 30 horizon(s)
  Multi-horizon metrics (30 horizons):
    h1: std=0.0360, dir_acc=54.2%, pos=93%, unique=1236, sharpe=26.01
    h2: std=0.0361, dir_acc=54.0%, pos=93%, unique=1229, sharpe=23.32
    h3: std=0.0367, dir_acc=54.1%, pos=92%, unique=1235, sharpe=21.97
    h4: std=0.0369, dir_acc=54.3%, pos=92%, unique=1239, sharpe=21.70
    h5: std=0.0370, dir_acc=54.0%, pos=92%, unique=1234, sharpe=21.83
    ... (25 more horizons)
  Aggregate: std_avg=0.0352, dir_acc_avg=54.0%, composite_avg=0.4370
  H1 detail: range=0.2502, mean=0.0590, dist_match=0.6121
  Collapse penalty: 0.000000 (threshold: 0.005000)
  Saved validation predictions to: experiments/10_quantile_horizon_sweep/daily_7q_h30_s123/collapse_monitoring/val_predictions_epoch88.npz
  Gradient norms:
    lstm_encoder: 0.010388
    lstm_decoder: 0.003433
    output_layer: 0.018005
  VSN output std:
    encoder: 0.139536
  Attention entropy: 2.895500
  Saved to: experiments/10_quantile_horizon_sweep/daily_7q_h30_s123/collapse_monitoring/collapse_monitor_latest.json
[DEBUG CollapseMonitor] on_validation_epoch_start called for epoch 89
[DEBUG CollapseMonitor] reset_temporal_state() called on loss function
Epoch 89: val_loss=0.436459481716156
Epoch 89: train_loss=0.4246661067008972

[CollapseMonitor] Epoch 89
  [DEBUG] Processed 20 batches, 30 horizon(s)
  Multi-horizon metrics (30 horizons):
    h1: std=0.0362, dir_acc=54.2%, pos=93%, unique=1241, sharpe=25.85
    h2: std=0.0363, dir_acc=54.0%, pos=93%, unique=1230, sharpe=23.19
    h3: std=0.0369, dir_acc=54.0%, pos=92%, unique=1235, sharpe=21.85
    h4: std=0.0371, dir_acc=54.3%, pos=92%, unique=1236, sharpe=21.58
    h5: std=0.0372, dir_acc=54.1%, pos=92%, unique=1241, sharpe=21.72
    ... (25 more horizons)
  Aggregate: std_avg=0.0354, dir_acc_avg=54.0%, composite_avg=0.4371
  H1 detail: range=0.2512, mean=0.0589, dist_match=0.6121
  Collapse penalty: 0.000000 (threshold: 0.005000)
  Saved validation predictions to: experiments/10_quantile_horizon_sweep/daily_7q_h30_s123/collapse_monitoring/val_predictions_epoch89.npz
  Gradient norms:
    lstm_encoder: 0.010057
    lstm_decoder: 0.003409
    output_layer: 0.017284
  VSN output std:
    encoder: 0.139332
  Attention entropy: 2.895192
  Saved to: experiments/10_quantile_horizon_sweep/daily_7q_h30_s123/collapse_monitoring/collapse_monitor_latest.json
[DEBUG CollapseMonitor] on_validation_epoch_start called for epoch 90
[DEBUG CollapseMonitor] reset_temporal_state() called on loss function
Epoch 90: val_loss=0.4364180862903595
Epoch 90: train_loss=0.4249227046966553

[CollapseMonitor] Epoch 90
  [DEBUG] Processed 20 batches, 30 horizon(s)
  Multi-horizon metrics (30 horizons):
    h1: std=0.0363, dir_acc=54.2%, pos=93%, unique=1234, sharpe=25.78
    h2: std=0.0365, dir_acc=54.0%, pos=93%, unique=1237, sharpe=23.13
    h3: std=0.0371, dir_acc=54.0%, pos=92%, unique=1228, sharpe=21.80
    h4: std=0.0373, dir_acc=54.3%, pos=92%, unique=1227, sharpe=21.54
    h5: std=0.0374, dir_acc=54.1%, pos=92%, unique=1230, sharpe=21.67
    ... (25 more horizons)
  Aggregate: std_avg=0.0356, dir_acc_avg=54.0%, composite_avg=0.4371
  H1 detail: range=0.2520, mean=0.0590, dist_match=0.6121
  Collapse penalty: 0.000000 (threshold: 0.005000)
  Saved validation predictions to: experiments/10_quantile_horizon_sweep/daily_7q_h30_s123/collapse_monitoring/val_predictions_epoch90.npz
  Gradient norms:
    lstm_encoder: 0.011003
    lstm_decoder: 0.003503
    output_layer: 0.017990
  VSN output std:
    encoder: 0.139369
  Attention entropy: 2.895315
  Saved to: experiments/10_quantile_horizon_sweep/daily_7q_h30_s123/collapse_monitoring/collapse_monitor_latest.json
[DEBUG CollapseMonitor] on_validation_epoch_start called for epoch 91
[DEBUG CollapseMonitor] reset_temporal_state() called on loss function
Epoch 91: val_loss=0.4364347755908966
Epoch 91: train_loss=0.4248492419719696

[CollapseMonitor] Epoch 91
  [DEBUG] Processed 20 batches, 30 horizon(s)
  Multi-horizon metrics (30 horizons):
    h1: std=0.0361, dir_acc=54.2%, pos=93%, unique=1235, sharpe=26.21
    h2: std=0.0362, dir_acc=54.0%, pos=93%, unique=1235, sharpe=23.54
    h3: std=0.0368, dir_acc=54.1%, pos=92%, unique=1233, sharpe=22.19
    h4: std=0.0370, dir_acc=54.3%, pos=92%, unique=1238, sharpe=21.93
    h5: std=0.0371, dir_acc=54.0%, pos=92%, unique=1233, sharpe=22.06
    ... (25 more horizons)
  Aggregate: std_avg=0.0353, dir_acc_avg=54.0%, composite_avg=0.4369
  H1 detail: range=0.2507, mean=0.0595, dist_match=0.6121
  Collapse penalty: 0.000000 (threshold: 0.005000)
  Saved validation predictions to: experiments/10_quantile_horizon_sweep/daily_7q_h30_s123/collapse_monitoring/val_predictions_epoch91.npz
  Gradient norms:
    lstm_encoder: 0.010568
    lstm_decoder: 0.003807
    output_layer: 0.017780
  VSN output std:
    encoder: 0.139410
  Attention entropy: 2.895379
  Saved to: experiments/10_quantile_horizon_sweep/daily_7q_h30_s123/collapse_monitoring/collapse_monitor_latest.json
[DEBUG CollapseMonitor] on_validation_epoch_start called for epoch 92
[DEBUG CollapseMonitor] reset_temporal_state() called on loss function
Epoch 92: val_loss=0.4363821744918823
Epoch 92: train_loss=0.42474129796028137

[CollapseMonitor] Epoch 92
  [DEBUG] Processed 20 batches, 30 horizon(s)
  Multi-horizon metrics (30 horizons):
    h1: std=0.0365, dir_acc=54.2%, pos=93%, unique=1241, sharpe=25.78
    h2: std=0.0366, dir_acc=54.0%, pos=93%, unique=1231, sharpe=23.14
    h3: std=0.0372, dir_acc=54.0%, pos=92%, unique=1237, sharpe=21.81
    h4: std=0.0375, dir_acc=54.3%, pos=92%, unique=1238, sharpe=21.55
    h5: std=0.0375, dir_acc=54.1%, pos=92%, unique=1239, sharpe=21.68
    ... (25 more horizons)
  Aggregate: std_avg=0.0358, dir_acc_avg=54.0%, composite_avg=0.4371
  H1 detail: range=0.2526, mean=0.0592, dist_match=0.6121
  Collapse penalty: 0.000000 (threshold: 0.005000)
  Saved validation predictions to: experiments/10_quantile_horizon_sweep/daily_7q_h30_s123/collapse_monitoring/val_predictions_epoch92.npz
  Gradient norms:
    lstm_encoder: 0.010315
    lstm_decoder: 0.003475
    output_layer: 0.017547
  VSN output std:
    encoder: 0.139437
  Attention entropy: 2.895411
  Saved to: experiments/10_quantile_horizon_sweep/daily_7q_h30_s123/collapse_monitoring/collapse_monitor_latest.json
[DEBUG CollapseMonitor] on_validation_epoch_start called for epoch 93
[DEBUG CollapseMonitor] reset_temporal_state() called on loss function
Epoch 93: val_loss=0.4364107549190521
Epoch 93: train_loss=0.4249713718891144

[CollapseMonitor] Epoch 93
  [DEBUG] Processed 20 batches, 30 horizon(s)
  Multi-horizon metrics (30 horizons):
    h1: std=0.0365, dir_acc=54.2%, pos=93%, unique=1234, sharpe=25.62
    h2: std=0.0367, dir_acc=54.0%, pos=93%, unique=1228, sharpe=22.98
    h3: std=0.0372, dir_acc=54.0%, pos=92%, unique=1235, sharpe=21.66
    h4: std=0.0375, dir_acc=54.3%, pos=92%, unique=1238, sharpe=21.40
    h5: std=0.0376, dir_acc=54.1%, pos=92%, unique=1234, sharpe=21.53
    ... (25 more horizons)
  Aggregate: std_avg=0.0359, dir_acc_avg=54.0%, composite_avg=0.4373
  H1 detail: range=0.2528, mean=0.0589, dist_match=0.6121
  Collapse penalty: 0.000000 (threshold: 0.005000)
  Saved validation predictions to: experiments/10_quantile_horizon_sweep/daily_7q_h30_s123/collapse_monitoring/val_predictions_epoch93.npz
  Gradient norms:
    lstm_encoder: 0.009024
    lstm_decoder: 0.003216
    output_layer: 0.017594
  VSN output std:
    encoder: 0.139397
  Attention entropy: 2.895431
  Saved to: experiments/10_quantile_horizon_sweep/daily_7q_h30_s123/collapse_monitoring/collapse_monitor_latest.json
[DEBUG CollapseMonitor] on_validation_epoch_start called for epoch 94
[DEBUG CollapseMonitor] reset_temporal_state() called on loss function
Epoch 94: val_loss=0.4364241063594818
Epoch 94: train_loss=0.4248752295970917

[CollapseMonitor] Epoch 94
  [DEBUG] Processed 20 batches, 30 horizon(s)
  Multi-horizon metrics (30 horizons):
    h1: std=0.0366, dir_acc=54.3%, pos=93%, unique=1230, sharpe=25.27
    h2: std=0.0367, dir_acc=54.0%, pos=92%, unique=1229, sharpe=22.64
    h3: std=0.0373, dir_acc=54.2%, pos=92%, unique=1235, sharpe=21.33
    h4: std=0.0376, dir_acc=54.2%, pos=92%, unique=1235, sharpe=21.07
    h5: std=0.0377, dir_acc=54.2%, pos=92%, unique=1241, sharpe=21.21
    ... (25 more horizons)
  Aggregate: std_avg=0.0359, dir_acc_avg=54.0%, composite_avg=0.4375
  H1 detail: range=0.2531, mean=0.0582, dist_match=0.6129
  Collapse penalty: 0.000000 (threshold: 0.005000)
  Saved validation predictions to: experiments/10_quantile_horizon_sweep/daily_7q_h30_s123/collapse_monitoring/val_predictions_epoch94.npz
  Gradient norms:
    lstm_encoder: 0.010139
    lstm_decoder: 0.003137
    output_layer: 0.016609
  VSN output std:
    encoder: 0.139351
  Attention entropy: 2.895346
  Saved to: experiments/10_quantile_horizon_sweep/daily_7q_h30_s123/collapse_monitoring/collapse_monitor_latest.json
[DEBUG CollapseMonitor] on_validation_epoch_start called for epoch 95
[DEBUG CollapseMonitor] reset_temporal_state() called on loss function
Epoch 95: val_loss=0.4364429712295532
Epoch 95: train_loss=0.4247342348098755

[CollapseMonitor] Epoch 95
  [DEBUG] Processed 20 batches, 30 horizon(s)
  Multi-horizon metrics (30 horizons):
    h1: std=0.0365, dir_acc=54.2%, pos=93%, unique=1240, sharpe=25.53
    h2: std=0.0367, dir_acc=54.0%, pos=93%, unique=1234, sharpe=22.89
    h3: std=0.0372, dir_acc=54.2%, pos=92%, unique=1235, sharpe=21.57
    h4: std=0.0375, dir_acc=54.2%, pos=92%, unique=1240, sharpe=21.31
    h5: std=0.0376, dir_acc=54.2%, pos=92%, unique=1233, sharpe=21.44
    ... (25 more horizons)
  Aggregate: std_avg=0.0358, dir_acc_avg=54.0%, composite_avg=0.4374
  H1 detail: range=0.2528, mean=0.0587, dist_match=0.6121
  Collapse penalty: 0.000000 (threshold: 0.005000)
  Saved validation predictions to: experiments/10_quantile_horizon_sweep/daily_7q_h30_s123/collapse_monitoring/val_predictions_epoch95.npz
  Gradient norms:
    lstm_encoder: 0.010215
    lstm_decoder: 0.003770
    output_layer: 0.018704
  VSN output std:
    encoder: 0.139233
  Attention entropy: 2.895284
  Saved to: experiments/10_quantile_horizon_sweep/daily_7q_h30_s123/collapse_monitoring/collapse_monitor_latest.json
[DEBUG CollapseMonitor] on_validation_epoch_start called for epoch 96
[DEBUG CollapseMonitor] reset_temporal_state() called on loss function
Epoch 96: val_loss=0.4364798069000244
Epoch 96: train_loss=0.42448365688323975

[CollapseMonitor] Epoch 96
  [DEBUG] Processed 20 batches, 30 horizon(s)
  Multi-horizon metrics (30 horizons):
    h1: std=0.0364, dir_acc=54.2%, pos=93%, unique=1245, sharpe=25.62
    h2: std=0.0366, dir_acc=54.0%, pos=93%, unique=1231, sharpe=22.97
    h3: std=0.0372, dir_acc=54.1%, pos=92%, unique=1236, sharpe=21.64
    h4: std=0.0374, dir_acc=54.2%, pos=92%, unique=1237, sharpe=21.38
    h5: std=0.0375, dir_acc=54.1%, pos=92%, unique=1234, sharpe=21.51
    ... (25 more horizons)
  Aggregate: std_avg=0.0358, dir_acc_avg=54.0%, composite_avg=0.4373
  H1 detail: range=0.2523, mean=0.0588, dist_match=0.6121
  Collapse penalty: 0.000000 (threshold: 0.005000)
  Saved validation predictions to: experiments/10_quantile_horizon_sweep/daily_7q_h30_s123/collapse_monitoring/val_predictions_epoch96.npz
  Gradient norms:
    lstm_encoder: 0.009668
    lstm_decoder: 0.003319
    output_layer: 0.017488
  VSN output std:
    encoder: 0.139110
  Attention entropy: 2.895084
  Saved to: experiments/10_quantile_horizon_sweep/daily_7q_h30_s123/collapse_monitoring/collapse_monitor_latest.json
[DEBUG CollapseMonitor] on_validation_epoch_start called for epoch 97
[DEBUG CollapseMonitor] reset_temporal_state() called on loss function
Epoch 97: val_loss=0.4364541172981262
Epoch 97: train_loss=0.4245772659778595

[CollapseMonitor] Epoch 97
  [DEBUG] Processed 20 batches, 30 horizon(s)
  Multi-horizon metrics (30 horizons):
    h1: std=0.0366, dir_acc=54.2%, pos=93%, unique=1239, sharpe=25.56
    h2: std=0.0367, dir_acc=54.0%, pos=93%, unique=1236, sharpe=22.93
    h3: std=0.0373, dir_acc=54.1%, pos=92%, unique=1234, sharpe=21.61
    h4: std=0.0376, dir_acc=54.2%, pos=92%, unique=1240, sharpe=21.35
    h5: std=0.0377, dir_acc=54.1%, pos=92%, unique=1238, sharpe=21.48
    ... (25 more horizons)
  Aggregate: std_avg=0.0359, dir_acc_avg=54.0%, composite_avg=0.4373
  H1 detail: range=0.2535, mean=0.0589, dist_match=0.6121
  Collapse penalty: 0.000000 (threshold: 0.005000)
  Saved validation predictions to: experiments/10_quantile_horizon_sweep/daily_7q_h30_s123/collapse_monitoring/val_predictions_epoch97.npz
  Gradient norms:
    lstm_encoder: 0.011021
    lstm_decoder: 0.003638
    output_layer: 0.018054
  VSN output std:
    encoder: 0.139225
  Attention entropy: 2.895204
  Saved to: experiments/10_quantile_horizon_sweep/daily_7q_h30_s123/collapse_monitoring/collapse_monitor_latest.json
[DEBUG CollapseMonitor] on_validation_epoch_start called for epoch 98
[DEBUG CollapseMonitor] reset_temporal_state() called on loss function
Epoch 98: val_loss=0.4364205002784729
Epoch 98: train_loss=0.4249139726161957

[CollapseMonitor] Epoch 98
  [DEBUG] Processed 20 batches, 30 horizon(s)
  Multi-horizon metrics (30 horizons):
    h1: std=0.0367, dir_acc=54.2%, pos=93%, unique=1236, sharpe=25.36
    h2: std=0.0368, dir_acc=54.0%, pos=93%, unique=1239, sharpe=22.75
    h3: std=0.0374, dir_acc=54.2%, pos=92%, unique=1235, sharpe=21.44
    h4: std=0.0377, dir_acc=54.2%, pos=92%, unique=1238, sharpe=21.18
    h5: std=0.0378, dir_acc=54.2%, pos=92%, unique=1235, sharpe=21.31
    ... (25 more horizons)
  Aggregate: std_avg=0.0361, dir_acc_avg=54.0%, composite_avg=0.4375
  H1 detail: range=0.2541, mean=0.0586, dist_match=0.6137
  Collapse penalty: 0.000000 (threshold: 0.005000)
  Saved validation predictions to: experiments/10_quantile_horizon_sweep/daily_7q_h30_s123/collapse_monitoring/val_predictions_epoch98.npz
  Gradient norms:
    lstm_encoder: 0.009927
    lstm_decoder: 0.003808
    output_layer: 0.018412
  VSN output std:
    encoder: 0.139375
  Attention entropy: 2.895313
  Saved to: experiments/10_quantile_horizon_sweep/daily_7q_h30_s123/collapse_monitoring/collapse_monitor_latest.json
[DEBUG CollapseMonitor] on_validation_epoch_start called for epoch 99
[DEBUG CollapseMonitor] reset_temporal_state() called on loss function
Epoch 99: val_loss=0.43640536069869995
Epoch 99: train_loss=0.4246906638145447

[CollapseMonitor] Epoch 99
  [DEBUG] Processed 20 batches, 30 horizon(s)
  Multi-horizon metrics (30 horizons):
    h1: std=0.0367, dir_acc=54.1%, pos=93%, unique=1234, sharpe=25.44
    h2: std=0.0369, dir_acc=54.0%, pos=93%, unique=1228, sharpe=22.83
    h3: std=0.0375, dir_acc=54.0%, pos=92%, unique=1238, sharpe=21.52
    h4: std=0.0377, dir_acc=54.2%, pos=92%, unique=1235, sharpe=21.26
    h5: std=0.0378, dir_acc=54.1%, pos=92%, unique=1230, sharpe=21.39
    ... (25 more horizons)
  Aggregate: std_avg=0.0361, dir_acc_avg=54.0%, composite_avg=0.4372
  H1 detail: range=0.2547, mean=0.0588, dist_match=0.6129
  Collapse penalty: 0.000000 (threshold: 0.005000)
  Saved validation predictions to: experiments/10_quantile_horizon_sweep/daily_7q_h30_s123/collapse_monitoring/val_predictions_epoch99.npz
  Gradient norms:
    lstm_encoder: 0.009757
    lstm_decoder: 0.003317
    output_layer: 0.017956
  VSN output std:
    encoder: 0.139486
  Attention entropy: 2.895505
  Saved to: experiments/10_quantile_horizon_sweep/daily_7q_h30_s123/collapse_monitoring/collapse_monitor_latest.json


======================================================================
Training complete
======================================================================

Best val_loss checkpoint: experiments/10_quantile_horizon_sweep/daily_7q_h30_s123/checkpoints/tft-epoch=epoch=54-valloss=val_loss=0.4358.ckpt
Best validation loss: 0.435791
Checkpoints saved:
  - Best val_loss: experiments/10_quantile_horizon_sweep/daily_7q_h30_s123/checkpoints/tft-epoch=epoch=54-valloss=val_loss=0.4358.ckpt
  - Best pred_std: experiments/10_quantile_horizon_sweep/daily_7q_h30_s123/checkpoints/tft-epoch=epoch=04-predstd=val_pred_std=0.0892.ckpt
  - Best unique: experiments/10_quantile_horizon_sweep/daily_7q_h30_s123/checkpoints/tft-epoch=epoch=00-unique=val_num_unique=1246.ckpt
  - Best dir_acc: experiments/10_quantile_horizon_sweep/daily_7q_h30_s123/checkpoints/tft-epoch=epoch=42-diracc=val_dir_acc=0.5483.ckpt
  - Best sharpe: experiments/10_quantile_horizon_sweep/daily_7q_h30_s123/checkpoints/tft-epoch=epoch=00-sharpe=val_sharpe=150.6325.ckpt
  - Best composite: experiments/10_quantile_horizon_sweep/daily_7q_h30_s123/checkpoints/tft-epoch=epoch=04-composite=val_composite=0.4693.ckpt
Completed at: 2025-12-10 22:01:25
Log saved to: experiments/10_quantile_horizon_sweep/daily_7q_h30_s123/training_20251210_213315.log
======================================================================
