{
  "evaluation_timestamp": "2025-10-30T03:30:01.642212",
  "statistical_metrics": {
    "mse": 1.1773312091827393,
    "rmse": 1.0850489139556885,
    "mae": 0.7734752893447876,
    "mape": 121.44019603729248,
    "r2": -0.0004837512969970703,
    "mean_error": 0.01275071781128645,
    "std_error": 1.0849740505218506
  },
  "financial_metrics": {
    "directional_accuracy": 0.53203125,
    "sharpe_ratio": 0.9329776041251059,
    "max_drawdown": -0.19336479902267456,
    "total_return": 1.0376386642456055,
    "hit_rate": 0.47578125,
    "num_trades": 1130,
    "precision": 0.5389380530973451,
    "recall": 0.8864628820960698,
    "f1_score": 0.6703357182168409,
    "confusion_matrix": [
      [
        72,
        521
      ],
      [
        78,
        609
      ]
    ],
    "auc_roc": 0.495577958275956,
    "alpha": 0.11603057384490967
  },
  "residual_diagnostics": {
    "normality_p_value": 7.078403440911291e-40,
    "acf_lag1": -0.028985126266007376,
    "skewness": 0.006960055958712432,
    "kurtosis": 6.548744693775891
  },
  "mode_stats": {
    "healthy_days": 559,
    "degraded_days": 195,
    "unidirectional_days": 496,
    "weak_collapse_days": 30,
    "strong_collapse_days": 0,
    "total_days": 1280,
    "healthy_pct": 43.671875,
    "degraded_pct": 15.234375,
    "unidirectional_pct": 38.75,
    "weak_collapse_pct": 2.34375,
    "strong_collapse_pct": 0.0
  },
  "collapse_detected": true,
  "degradation_detected": true,
  "checkpoint_used": "experiments/01_staleness_features_fixed/sweep_stale_h18_drop0.20_lr5/checkpoints/tft-epoch=98-val_loss=0.3921.ckpt"
}