{
  "evaluation_timestamp": "2025-10-22T23:16:15.568116",
  "statistical_metrics": {
    "mse": 1.2024505138397217,
    "rmse": 1.0965631008148193,
    "mae": 0.7835069894790649,
    "mape": 295.17219066619873,
    "r2": -0.021829843521118164,
    "mean_error": -0.1622748076915741,
    "std_error": 1.0844894647598267
  },
  "financial_metrics": {
    "directional_accuracy": 0.53671875,
    "sharpe_ratio": 0.8329736080938573,
    "max_drawdown": -0.2524605989456177,
    "total_return": 0.9216080904006958,
    "hit_rate": 0.53671875,
    "num_trades": 1280,
    "precision": 0.53671875,
    "recall": 1.0,
    "f1_score": 0.6985256736146417,
    "confusion_matrix": [
      [
        0,
        593
      ],
      [
        0,
        687
      ]
    ],
    "auc_roc": 0.5174758401633811,
    "alpha": 0.0
  },
  "residual_diagnostics": {
    "normality_p_value": 3.4844119161669218e-40,
    "acf_lag1": -0.03681671694015081,
    "skewness": 0.08358332498805242,
    "kurtosis": 6.544798029118283
  },
  "checkpoint_used": "experiments/sweep_stale_h18_drop0.20_lr5/checkpoints/tft-epoch=00-val_loss=0.0746.ckpt"
}