{
  "evaluation_timestamp": "2025-10-27T12:02:11.260956",
  "statistical_metrics": {
    "mse": 1.1827577352523804,
    "rmse": 1.087546706199646,
    "mae": 0.7734020948410034,
    "mape": 156.2433123588562,
    "r2": -0.007715940475463867,
    "mean_error": 0.0741688534617424,
    "std_error": 1.0850145816802979
  },
  "financial_metrics": {
    "directional_accuracy": 0.5229571984435798,
    "sharpe_ratio": 0.916648949912126,
    "max_drawdown": -0.18902233242988586,
    "total_return": 0.5620604753494263,
    "hit_rate": 0.2396887159533074,
    "num_trades": 539,
    "precision": 0.5714285714285714,
    "recall": 0.4463768115942029,
    "f1_score": 0.5012205044751831,
    "confusion_matrix": [
      [
        364,
        231
      ],
      [
        382,
        308
      ]
    ],
    "auc_roc": 0.5430751431007185,
    "alpha": -0.3918808698654175
  },
  "residual_diagnostics": {
    "normality_p_value": 4.18507054608464e-40,
    "acf_lag1": -0.03399352352972553,
    "skewness": 0.1251183071750781,
    "kurtosis": 6.393481830292142
  },
  "mode_stats": {
    "healthy_days": 167,
    "degraded_days": 132,
    "unidirectional_days": 801,
    "weak_collapse_days": 60,
    "strong_collapse_days": 125,
    "total_days": 1285,
    "healthy_pct": 12.996108949416344,
    "degraded_pct": 10.27237354085603,
    "unidirectional_pct": 62.33463035019455,
    "weak_collapse_pct": 4.669260700389105,
    "strong_collapse_pct": 9.72762645914397
  },
  "collapse_detected": true,
  "degradation_detected": true,
  "checkpoint_used": "experiments/00_baseline_exploration/sweep2_h16_enc_15/checkpoints/tft-epoch=01-val_loss=0.1319.ckpt"
}