{
  "evaluation_timestamp": "2025-10-30T03:14:17.585168",
  "statistical_metrics": {
    "mse": 1.1698912382125854,
    "rmse": 1.0816150903701782,
    "mae": 0.7701097726821899,
    "mape": 150.18651485443115,
    "r2": 0.0032464265823364258,
    "mean_error": 0.012750373221933842,
    "std_error": 1.0815399885177612
  },
  "financial_metrics": {
    "directional_accuracy": 0.5346303501945525,
    "sharpe_ratio": 0.967535639693957,
    "max_drawdown": -0.19426259398460388,
    "total_return": 1.0048742294311523,
    "hit_rate": 0.45603112840466925,
    "num_trades": 1080,
    "precision": 0.5425925925925926,
    "recall": 0.8492753623188406,
    "f1_score": 0.6621468926553673,
    "confusion_matrix": [
      [
        101,
        494
      ],
      [
        104,
        586
      ]
    ],
    "auc_roc": 0.5368018511752528,
    "alpha": 0.050932884216308594
  },
  "residual_diagnostics": {
    "normality_p_value": 3.1666610355990534e-39,
    "acf_lag1": -0.03195870351016908,
    "skewness": 0.050489916022106646,
    "kurtosis": 6.329828059721407
  },
  "mode_stats": {
    "healthy_days": 540,
    "degraded_days": 152,
    "unidirectional_days": 549,
    "weak_collapse_days": 42,
    "strong_collapse_days": 2,
    "total_days": 1285,
    "healthy_pct": 42.023346303501945,
    "degraded_pct": 11.828793774319065,
    "unidirectional_pct": 42.72373540856031,
    "weak_collapse_pct": 3.268482490272374,
    "strong_collapse_pct": 0.1556420233463035
  },
  "collapse_detected": true,
  "degradation_detected": true,
  "checkpoint_used": "experiments/00_baseline_exploration/sweep2_h16_enc_15/checkpoints/tft-epoch=45-val_loss=0.4031.ckpt"
}