{
  "period_statistics": {
    "2020": {
      "n_samples": 92,
      "entropy_mean": 2.5636143684387207,
      "entropy_std": 0.22195015847682953,
      "attention_concentration": 0.07119236141443253,
      "top_features": [
        [
          "t-1",
          0.13060690462589264
        ],
        [
          "t-2",
          0.11191343516111374
        ],
        [
          "t-3",
          0.09650326520204544
        ],
        [
          "t-4",
          0.08425185084342957
        ],
        [
          "t-5",
          0.07384335249662399
        ]
      ],
      "mean_attention": [
        0.02183806709945202,
        0.022281672805547714,
        0.02027152106165886,
        0.020533205941319466,
        0.021635549142956734,
        0.023356875404715538,
        0.025443151593208313,
        0.027886899188160896,
        0.03092881105840206,
        0.034514427185058594,
        0.03875448927283287,
        0.04378906637430191,
        0.04997173696756363,
        0.05671464279294014,
        0.06496106833219528,
        0.07384335249662399,
        0.08425185084342957,
        0.09650326520204544,
        0.11191343516111374,
        0.13060690462589264
      ],
      "std_attention": [
        0.042462337762117386,
        0.03752933070063591,
        0.02919953502714634,
        0.02622031792998314,
        0.02493973635137081,
        0.0248872023075819,
        0.024911053478717804,
        0.025136342272162437,
        0.025666147470474243,
        0.02666216902434826,
        0.02769423834979534,
        0.029115591198205948,
        0.030972564592957497,
        0.03367723152041435,
        0.03670656681060791,
        0.040038783103227615,
        0.04502399265766144,
        0.052073653787374496,
        0.065348781645298,
        0.08607177436351776
      ]
    },
    "2021": {
      "n_samples": 250,
      "entropy_mean": 2.1918320655822754,
      "entropy_std": 0.3515213429927826,
      "attention_concentration": 0.10701128840446472,
      "top_features": [
        [
          "t-1",
          0.19905266165733337
        ],
        [
          "t-2",
          0.15582844614982605
        ],
        [
          "t-3",
          0.12368805706501007
        ],
        [
          "t-4",
          0.09869468212127686
        ],
        [
          "t-5",
          0.07926635444164276
        ]
      ],
      "mean_attention": [
        0.008166177198290825,
        0.009487348608672619,
        0.009573685005307198,
        0.010135426186025143,
        0.01116122491657734,
        0.012462237849831581,
        0.013979192823171616,
        0.015943460166454315,
        0.018366793170571327,
        0.021665282547473907,
        0.02621331438422203,
        0.032312724739313126,
        0.04039677605032921,
        0.050452444702386856,
        0.06315381824970245,
        0.07926635444164276,
        0.09869468212127686,
        0.12368805706501007,
        0.15582844614982605,
        0.19905266165733337
      ],
      "std_attention": [
        0.019973499700427055,
        0.023753982037305832,
        0.02114942856132984,
        0.020174426957964897,
        0.02108929678797722,
        0.022236017510294914,
        0.023638702929019928,
        0.02548392489552498,
        0.027241995558142662,
        0.03026723861694336,
        0.03449569642543793,
        0.03996208682656288,
        0.046609025448560715,
        0.05302425101399422,
        0.05938483402132988,
        0.06535053998231888,
        0.0700828805565834,
        0.07784054428339005,
        0.0942871943116188,
        0.12961146235466003
      ]
    },
    "2022": {
      "n_samples": 249,
      "entropy_mean": 2.5353286266326904,
      "entropy_std": 0.27939391136169434,
      "attention_concentration": 0.07262111455202103,
      "top_features": [
        [
          "t-1",
          0.12849321961402893
        ],
        [
          "t-2",
          0.11210674792528152
        ],
        [
          "t-3",
          0.09864196181297302
        ],
        [
          "t-4",
          0.08670256286859512
        ],
        [
          "t-5",
          0.07639791071414948
        ]
      ],
      "mean_attention": [
        0.015844935551285744,
        0.016743766143918037,
        0.016260812059044838,
        0.017689071595668793,
        0.0198803897947073,
        0.022387225180864334,
        0.025244319811463356,
        0.02853435091674328,
        0.03215491771697998,
        0.03633983060717583,
        0.04104957357048988,
        0.046368490904569626,
        0.052290722727775574,
        0.05956351011991501,
        0.06730582565069199,
        0.07639791071414948,
        0.08670256286859512,
        0.09864196181297302,
        0.11210674792528152,
        0.12849321961402893
      ],
      "std_attention": [
        0.0281678494066,
        0.025663089007139206,
        0.022788753733038902,
        0.022377075627446175,
        0.022432107478380203,
        0.02280327118933201,
        0.023604242131114006,
        0.02497805282473564,
        0.026677507907152176,
        0.02842247672379017,
        0.029697412624955177,
        0.030824996531009674,
        0.03190074488520622,
        0.033608902245759964,
        0.03624853491783142,
        0.03964218869805336,
        0.04547937586903572,
        0.05535941198468208,
        0.06898300349712372,
        0.08970929682254791
      ]
    },
    "2023": {
      "n_samples": 249,
      "entropy_mean": 2.150021553039551,
      "entropy_std": 0.27984556555747986,
      "attention_concentration": 0.12284112721681595,
      "top_features": [
        [
          "t-1",
          0.21340890228748322
        ],
        [
          "t-2",
          0.16913935542106628
        ],
        [
          "t-3",
          0.1356789618730545
        ],
        [
          "t-4",
          0.1088976189494133
        ],
        [
          "t-5",
          0.08660100400447845
        ]
      ],
      "mean_attention": [
        0.00420188345015049,
        0.004162456840276718,
        0.004302738234400749,
        0.0047661252319812775,
        0.005477702710777521,
        0.006488949526101351,
        0.007898087613284588,
        0.009812025353312492,
        0.012614014558494091,
        0.01650429517030716,
        0.021854523569345474,
        0.029180701822042465,
        0.03909042477607727,
        0.05170373618602753,
        0.0682164877653122,
        0.08660100400447845,
        0.1088976189494133,
        0.1356789618730545,
        0.16913935542106628,
        0.21340890228748322
      ],
      "std_attention": [
        0.0038209042977541685,
        0.003655385924503207,
        0.0038176733069121838,
        0.004409334622323513,
        0.005362610332667828,
        0.006666616071015596,
        0.00837291032075882,
        0.01040729507803917,
        0.01351636741310358,
        0.01743711531162262,
        0.02215154841542244,
        0.028074054047465324,
        0.03535108640789986,
        0.04303760826587677,
        0.052190784364938736,
        0.05899902805685997,
        0.06546652317047119,
        0.07382399588823318,
        0.08769532293081284,
        0.1197667270898819
      ]
    },
    "2024": {
      "n_samples": 250,
      "entropy_mean": 2.06290864944458,
      "entropy_std": 0.3798842430114746,
      "attention_concentration": 0.12123808264732361,
      "top_features": [
        [
          "t-1",
          0.2244149148464203
        ],
        [
          "t-2",
          0.16538770496845245
        ],
        [
          "t-3",
          0.12762677669525146
        ],
        [
          "t-4",
          0.10039393603801727
        ],
        [
          "t-5",
          0.07992219179868698
        ]
      ],