{
  "period_statistics": {
    "2020": {
      "n_samples": 92,
      "entropy_mean": 2.9500162601470947,
      "entropy_std": 0.05013035610318184,
      "attention_concentration": 0.05004806071519852,
      "top_features": [
        [
          "t-20",
          0.054166845977306366
        ],
        [
          "t-1",
          0.05246603116393089
        ],
        [
          "t-2",
          0.051863256841897964
        ],
        [
          "t-3",
          0.05134310573339462
        ],
        [
          "t-4",
          0.050976816564798355
        ]
      ],
      "mean_attention": [
        0.054166845977306366,
        0.048739515244960785,
        0.04806670546531677,
        0.04798717424273491,
        0.04821344465017319,
        0.048509396612644196,
        0.048836614936590195,
        0.04909994825720787,
        0.04936469718813896,
        0.049530331045389175,
        0.049688827246427536,
        0.04984385147690773,
        0.05001469701528549,
        0.05017070099711418,
        0.050436802208423615,
        0.05068127438426018,
        0.050976816564798355,
        0.05134310573339462,
        0.051863256841897964,
        0.05246603116393089
      ],
      "std_attention": [
        0.025794759392738342,
        0.020035646855831146,
        0.017092496156692505,
        0.015373701229691505,
        0.014386285096406937,
        0.013905859552323818,
        0.013709542341530323,
        0.013644268736243248,
        0.013599571771919727,
        0.013623551465570927,
        0.013673443347215652,
        0.013786694966256618,
        0.013965178281068802,
        0.014138842932879925,
        0.014380493201315403,
        0.014759655110538006,
        0.015444857999682426,
        0.016428951174020767,
        0.01800708845257759,
        0.01995023712515831
      ]
    },
    "2021": {
      "n_samples": 250,
      "entropy_mean": 2.964958667755127,
      "entropy_std": 0.034573670476675034,
      "attention_concentration": 0.0501113124191761,
      "top_features": [
        [
          "t-1",
          0.05350225046277046
        ],
        [
          "t-2",
          0.05306578055024147
        ],
        [
          "t-3",
          0.052690181881189346
        ],
        [
          "t-4",
          0.05232284590601921
        ],
        [
          "t-5",
          0.051998116075992584
        ]
      ],
      "mean_attention": [
        0.050172995775938034,
        0.04556497186422348,
        0.04569992050528526,
        0.046339645981788635,
        0.04718535393476486,
        0.047985587269067764,
        0.04867970943450928,
        0.0492684543132782,
        0.04974690079689026,
        0.050168223679065704,
        0.050532713532447815,
        0.05085981637239456,
        0.05117825046181679,
        0.051359422504901886,
        0.05167894437909126,
        0.051998116075992584,
        0.05232284590601921,
        0.052690181881189346,
        0.05306578055024147,
        0.05350225046277046
      ],
      "std_attention": [
        0.014503064565360546,
        0.01279435120522976,
        0.012358869425952435,
        0.012140250764787197,
        0.012161470018327236,
        0.012135078199207783,
        0.012150609865784645,
        0.012210258282721043,
        0.012225066311657429,
        0.01229094248265028,
        0.012336359359323978,
        0.012374467216432095,
        0.01243690587580204,
        0.012672491371631622,
        0.01281876303255558,
        0.013054685667157173,
        0.013260533101856709,
        0.01371369231492281,
        0.014402269385755062,
        0.015293234959244728
      ]
    },
    "2022": {
      "n_samples": 249,
      "entropy_mean": 2.977363348007202,
      "entropy_std": 0.012944757007062435,
      "attention_concentration": 0.050292469561100006,
      "top_features": [
        [
          "t-1",
          0.05695253610610962
        ],
        [
          "t-2",
          0.05598553642630577
        ],
        [
          "t-3",
          0.05505463480949402
        ],
        [
          "t-4",
          0.05416548624634743
        ],
        [
          "t-5",
          0.053329337388277054
        ]
      ],
      "mean_attention": [
        0.05235079675912857,
        0.04573097452521324,
        0.04477580264210701,
        0.04477560520172119,
        0.045213732868433,
        0.04583561420440674,
        0.046550024300813675,
        0.04731160029768944,
        0.048041194677352905,
        0.048767197877168655,
        0.04950462654232979,
        0.0502462312579155,
        0.05099410563707352,
        0.051881350576877594,
        0.052533552050590515,
        0.053329337388277054,
        0.05416548624634743,
        0.05505463480949402,
        0.05598553642630577,
        0.05695253610610962
      ],
      "std_attention": [
        0.011043738573789597,
        0.008950936608016491,
        0.008337791077792645,
        0.00800275057554245,
        0.007796220947057009,
        0.007669954560697079,
        0.007617289200425148,
        0.0076563796028494835,
        0.007730107754468918,
        0.007799709681421518,
        0.007877900265157223,
        0.007982643321156502,
        0.008113713003695011,
        0.007979445159435272,
        0.00834448728710413,
        0.00866735354065895,
        0.009118998423218727,
        0.009741473011672497,
        0.010542805306613445,
        0.011544191278517246
      ]
    },
    "2023": {
      "n_samples": 249,
      "entropy_mean": 2.9914865493774414,
      "entropy_std": 0.0030792150646448135,
      "attention_concentration": 0.0500631183385849,
      "top_features": [
        [
          "t-20",
          0.05292893946170807
        ],
        [
          "t-1",
          0.05263841152191162
        ],
        [
          "t-2",
          0.052347391843795776
        ],
        [
          "t-3",
          0.05204401910305023
        ],
        [
          "t-4",
          0.05173749849200249
        ]
      ],
      "mean_attention": [
        0.05292893946170807,
        0.04813380911946297,
        0.04748976603150368,
        0.04744252562522888,
        0.04767339676618576,
        0.04802364483475685,
        0.04840916767716408,
        0.04876689612865448,
        0.049136269837617874,
        0.04949590563774109,
        0.04982385411858559,
        0.05013706535100937,
        0.05044184997677803,
        0.050747644156217575,
        0.05115293338894844,
        0.05142899230122566,
        0.05173749849200249,
        0.05204401910305023,
        0.052347391843795776,
        0.05263841152191162
      ],
      "std_attention": [
        0.004699448123574257,
        0.004119747318327427,
        0.004008637275546789,
        0.003974893130362034,
        0.003983978647738695,
        0.0039967140182852745,
        0.004013398662209511,
        0.0040068840608000755,
        0.004022913984954357,
        0.004031537100672722,
        0.004045362584292889,
        0.004061699379235506,
        0.004077761434018612,
        0.004086973611265421,
        0.00384311331436038,
        0.0039091468788683414,
        0.003946820739656687,
        0.004029641859233379,
        0.004117283970117569,
        0.00425921194255352
      ]
    },
    "2024": {
      "n_samples": 250,
      "entropy_mean": 2.9923815727233887,
      "entropy_std": 0.004069902468472719,
      "attention_concentration": 0.05003167688846588,
      "top_features": [
        [
          "t-20",
          0.052355580031871796
        ],
        [
          "t-1",
          0.05180118978023529
        ],
        [
          "t-2",
          0.05157927796244621
        ],
        [
          "t-3",
          0.05136385187506676
        ],
        [
          "t-4",
          0.051153913140296936
        ]
      ],