{
  "experiment": "sweep2_h16_lr_0.0008",
  "collapsed": true,
  "collapse_type": "low_diversity",
  "predictions": {
    "mean": 0.05572349950671196,
    "std": 0.044307347387075424,
    "min": -0.07472751289606094,
    "max": 0.11081298440694809,
    "range": 0.18554049730300903,
    "pct_positive": 89.453125,
    "pct_negative": 10.546875,
    "num_unique": 1268
  },
  "hidden_size": 16,
  "total_params": 22615,
  "diagnosed_at": "2025-10-21T13:20:55.503987"
}