{
  "period_statistics": {
    "2020": {
      "n_samples": 92,
      "entropy_mean": 2.9671199321746826,
      "entropy_std": 0.032565534114837646,
      "attention_concentration": 0.05000621825456619,
      "top_features": [
        [
          "t-1",
          0.05127223581075668
        ],
        [
          "t-2",
          0.050900403410196304
        ],
        [
          "t-3",
          0.05058423429727554
        ],
        [
          "t-4",
          0.050381578505039215
        ],
        [
          "t-5",
          0.050250742584466934
        ]
      ],
      "mean_attention": [
        0.04856238514184952,
        0.04934825748205185,
        0.04995211213827133,
        0.05023612082004547,
        0.05020924285054207,
        0.050064362585544586,
        0.04991665482521057,
        0.04977757856249809,
        0.04972456768155098,
        0.04965696483850479,
        0.0496286116540432,
        0.049651239067316055,
        0.04967783764004707,
        0.050036221742630005,
        0.05016864836215973,
        0.050250742584466934,
        0.050381578505039215,
        0.05058423429727554,
        0.050900403410196304,
        0.05127223581075668
      ],
      "std_attention": [
        0.014686506241559982,
        0.01355395745486021,
        0.012775077484548092,
        0.012141107581555843,
        0.011699985712766647,
        0.011413167230784893,
        0.011202597059309483,
        0.011056442745029926,
        0.011020605452358723,
        0.011020180769264698,
        0.0110869025811553,
        0.011251677758991718,
        0.01143337320536375,
        0.01196683943271637,
        0.012283251620829105,
        0.012720930390059948,
        0.013407611288130283,
        0.014368046075105667,
        0.015719180926680565,
        0.017316678538918495
      ]
    },
    "2021": {
      "n_samples": 250,
      "entropy_mean": 2.9651718139648438,
      "entropy_std": 0.040701210498809814,
      "attention_concentration": 0.05004304647445679,
      "top_features": [
        [
          "t-1",
          0.05259668827056885
        ],
        [
          "t-2",
          0.052074771374464035
        ],
        [
          "t-3",
          0.0515810064971447
        ],
        [
          "t-4",
          0.0511610247194767
        ],
        [
          "t-5",
          0.050883688032627106
        ]
      ],
      "mean_attention": [
        0.045772843062877655,
        0.04755468666553497,
        0.048669006675481796,
        0.04930528998374939,
        0.04961904138326645,
        0.04974545165896416,
        0.04976465925574303,
        0.049780700355768204,
        0.04982781037688255,
        0.049886733293533325,
        0.05000750347971916,
        0.05017658695578575,
        0.05041031539440155,
        0.050511009991168976,
        0.050671231001615524,
        0.050883688032627106,
        0.0511610247194767,
        0.0515810064971447,
        0.052074771374464035,
        0.05259668827056885
      ],
      "std_attention": [
        0.01158156804740429,
        0.012782127596437931,
        0.012739029712975025,
        0.012408846989274025,
        0.012194422073662281,
        0.011943194083869457,
        0.011840940453112125,
        0.011735142208635807,
        0.011735456995666027,
        0.011807548813521862,
        0.011935805901885033,
        0.012074650265276432,
        0.012318954803049564,
        0.012533368542790413,
        0.012896724976599216,
        0.013476826250553131,
        0.014127576723694801,
        0.01564442738890648,
        0.017672168090939522,
        0.019745511934161186
      ]
    },
    "2022": {
      "n_samples": 249,
      "entropy_mean": 2.940830945968628,
      "entropy_std": 0.04296914115548134,
      "attention_concentration": 0.050218261778354645,
      "top_features": [
        [
          "t-1",
          0.057600196450948715
        ],
        [
          "t-2",
          0.05603771284222603
        ],
        [
          "t-3",
          0.05471806600689888
        ],
        [
          "t-4",
          0.05355488508939743
        ],
        [
          "t-5",
          0.052558671683073044
        ]
      ],
      "mean_attention": [
        0.04490051046013832,
        0.04651014879345894,
        0.04722930118441582,
        0.047479674220085144,
        0.04755806550383568,
        0.047575756907463074,
        0.047728393226861954,
        0.048007942736148834,
        0.04827413707971573,
        0.04864169657230377,
        0.049127060920000076,
        0.04966852813959122,
        0.050233423709869385,
        0.050917163491249084,
        0.051678694784641266,
        0.052558671683073044,
        0.05355488508939743,
        0.05471806600689888,
        0.05603771284222603,
        0.057600196450948715
      ],
      "std_attention": [
        0.019582409411668777,
        0.01870718225836754,
        0.017490310594439507,
        0.01623057760298252,
        0.015106944367289543,
        0.01419770810753107,
        0.013566188514232635,
        0.013267770409584045,
        0.013077314011752605,
        0.01302280928939581,
        0.013222794979810715,
        0.01362934522330761,
        0.014162292703986168,
        0.01499450858682394,
        0.015820160508155823,
        0.016936467960476875,
        0.018549084663391113,
        0.020605066791176796,
        0.022986339405179024,
        0.02621140144765377
      ]
    },
    "2023": {
      "n_samples": 249,
      "entropy_mean": 2.9844090938568115,
      "entropy_std": 0.012703998945653439,
      "attention_concentration": 0.05001072585582733,
      "top_features": [
        [
          "t-16",
          0.05117301642894745
        ],
        [
          "t-15",
          0.05110067129135132
        ],
        [
          "t-17",
          0.05109000951051712
        ],
        [
          "t-14",
          0.05092335492372513
        ],
        [
          "t-18",
          0.0507085956633091
        ]
      ],
      "mean_attention": [
        0.0488436222076416,
        0.049997493624687195,
        0.0507085956633091,
        0.05109000951051712,
        0.05117301642894745,
        0.05110067129135132,
        0.05092335492372513,
        0.05065920948982239,
        0.05044618993997574,
        0.05026749521493912,
        0.050063058733940125,
        0.04986605793237686,
        0.04968472197651863,
        0.049528416246175766,
        0.04941798001527786,
        0.04935775697231293,
        0.04930096119642258,
        0.04923781007528305,
        0.04918771982192993,
        0.04914584383368492
      ],
      "std_attention": [
        0.007870474830269814,
        0.008049980737268925,
        0.007965616881847382,
        0.007737197447568178,
        0.0074462504126131535,
        0.007243686355650425,
        0.007106213830411434,
        0.006958923302590847,
        0.006957136560231447,
        0.006994532886892557,
        0.0070565855130553246,
        0.007138088811188936,
        0.007257113233208656,
        0.007386946119368076,
        0.00759428646415472,
        0.00788212101906538,
        0.008204515092074871,
        0.008574038743972778,
        0.009141865186393261,
        0.00972343422472477
      ]
    },
    "2024": {
      "n_samples": 250,
      "entropy_mean": 2.9686782360076904,
      "entropy_std": 0.07748885452747345,
      "attention_concentration": 0.05001472681760788,
      "top_features": [
        [
          "t-1",
          0.051559481769800186
        ],
        [
          "t-2",
          0.0512981191277504
        ],
        [
          "t-3",
          0.051074378192424774
        ],
        [
          "t-4",
          0.050903648138046265
        ],
        [
          "t-5",
          0.05072399228811264
        ]
      ],