{
  "period_statistics": {
    "2020": {
      "n_samples": 92,
      "entropy_mean": 2.982586622238159,
      "entropy_std": 0.004412399604916573,
      "attention_concentration": 0.05001920834183693,
      "top_features": [
        [
          "t-1",
          0.0520312637090683
        ],
        [
          "t-2",
          0.051708150655031204
        ],
        [
          "t-3",
          0.051408763974905014
        ],
        [
          "t-4",
          0.051148511469364166
        ],
        [
          "t-5",
          0.05092156305909157
        ]
      ],
      "mean_attention": [
        0.049376584589481354,
        0.04875555634498596,
        0.04865442216396332,
        0.04893314465880394,
        0.04916372522711754,
        0.04930736869573593,
        0.049406182020902634,
        0.049474991858005524,
        0.04955372214317322,
        0.04961159825325012,
        0.049678217619657516,
        0.04976588860154152,
        0.049864135682582855,
        0.050513576716184616,
        0.050722651183605194,
        0.05092156305909157,
        0.051148511469364166,
        0.051408763974905014,
        0.051708150655031204,
        0.0520312637090683
      ],
      "std_attention": [
        0.008745365776121616,
        0.007946286350488663,
        0.008012854494154453,
        0.008100554347038269,
        0.00820234790444374,
        0.008262639865279198,
        0.008285654708743095,
        0.008314440958201885,
        0.0083298459649086,
        0.008341637440025806,
        0.008352254517376423,
        0.008378144353628159,
        0.008347808383405209,
        0.009519712068140507,
        0.009542389772832394,
        0.009610835462808609,
        0.009655495174229145,
        0.009755640290677547,
        0.009870454668998718,
        0.010025794617831707
      ]
    },
    "2021": {
      "n_samples": 250,
      "entropy_mean": 2.9741368293762207,
      "entropy_std": 0.007807673886418343,
      "attention_concentration": 0.05003858357667923,
      "top_features": [
        [
          "t-1",
          0.05264751613140106
        ],
        [
          "t-2",
          0.05227350816130638
        ],
        [
          "t-3",
          0.05190572887659073
        ],
        [
          "t-4",
          0.051557015627622604
        ],
        [
          "t-5",
          0.05122750997543335
        ]
      ],
      "mean_attention": [
        0.047935355454683304,
        0.04800477996468544,
        0.0481761209666729,
        0.04852711781859398,
        0.04880986735224724,
        0.04904171824455261,
        0.049220357090234756,
        0.04938368871808052,
        0.049545854330062866,
        0.04971371218562126,
        0.049906302243471146,
        0.05013294145464897,
        0.050387654453516006,
        0.05066654086112976,
        0.05093665421009064,
        0.05122750997543335,
        0.051557015627622604,
        0.05190572887659073,
        0.05227350816130638,
        0.05264751613140106
      ],
      "std_attention": [
        0.010544798336923122,
        0.010981796309351921,
        0.01098143681883812,
        0.011064793914556503,
        0.011114423163235188,
        0.01115981675684452,
        0.011203727684915066,
        0.01121323648840189,
        0.0112318629398942,
        0.011256705038249493,
        0.01131297368556261,
        0.011392280459403992,
        0.011490403674542904,
        0.011669088155031204,
        0.011768803000450134,
        0.011872891336679459,
        0.012053404934704304,
        0.012220723554491997,
        0.012465943582355976,
        0.01263327058404684
      ]
    },
    "2022": {
      "n_samples": 249,
      "entropy_mean": 2.982041358947754,
      "entropy_std": 0.006226761732250452,
      "attention_concentration": 0.05005167797207832,
      "top_features": [
        [
          "t-1",
          0.05306040495634079
        ],
        [
          "t-2",
          0.052603304386138916
        ],
        [
          "t-3",
          0.05216803401708603
        ],
        [
          "t-4",
          0.051765602082014084
        ],
        [
          "t-5",
          0.05139553174376488
        ]
      ],
      "mean_attention": [
        0.047216448932886124,
        0.04750913754105568,
        0.04796772822737694,
        0.04843750596046448,
        0.04878491535782814,
        0.04901820048689842,
        0.049213655292987823,
        0.049392007291316986,
        0.049560971558094025,
        0.049753155559301376,
        0.04996800050139427,
        0.050193414092063904,
        0.05043966695666313,
        0.05051523819565773,
        0.0510370172560215,
        0.05139553174376488,
        0.051765602082014084,
        0.05216803401708603,
        0.052603304386138916,
        0.05306040495634079
      ],
      "std_attention": [
        0.007994469255208969,
        0.008517997339367867,
        0.008669186383485794,
        0.008768982253968716,
        0.008812137879431248,
        0.008817113004624844,
        0.008800474926829338,
        0.008782830089330673,
        0.00876377709209919,
        0.008788724429905415,
        0.008814304135739803,
        0.008818707428872585,
        0.008840934373438358,
        0.008387938141822815,
        0.009080727584660053,
        0.009216593578457832,
        0.00936996378004551,
        0.009545080363750458,
        0.009747040458023548,
        0.009960943832993507
      ]
    },
    "2023": {
      "n_samples": 249,
      "entropy_mean": 2.929931879043579,
      "entropy_std": 0.035091500729322433,
      "attention_concentration": 0.050006844103336334,
      "top_features": [
        [
          "t-1",
          0.05121892690658569
        ],
        [
          "t-2",
          0.05111820623278618
        ],
        [
          "t-3",
          0.050911448895931244
        ],
        [
          "t-4",
          0.05073752999305725
        ],
        [
          "t-5",
          0.05057794973254204
        ]
      ],
      "mean_attention": [
        0.04923887178301811,
        0.04915200173854828,
        0.04933273047208786,
        0.04954082891345024,
        0.04965967684984207,
        0.04972104728221893,
        0.04974694922566414,
        0.04975056275725365,
        0.04976898804306984,
        0.049813464283943176,
        0.04984913766384125,
        0.049890559166669846,
        0.049959275871515274,
        0.050058454275131226,
        0.04995334893465042,
        0.05057794973254204,
        0.05073752999305725,
        0.050911448895931244,
        0.05111820623278618,
        0.05121892690658569
      ],
      "std_attention": [
        0.019389374181628227,
        0.020982123911380768,
        0.021198313683271408,
        0.02145698480308056,
        0.021611452102661133,
        0.02171049453318119,
        0.021797914057970047,
        0.02186415158212185,
        0.02191954106092453,
        0.02200765162706375,
        0.022059526294469833,
        0.02211710251867771,
        0.022204363718628883,
        0.022366195917129517,
        0.022279610857367516,
        0.02373405732214451,
        0.023903464898467064,
        0.024102427065372467,
        0.02441815286874771,
        0.02403676137328148
      ]
    },
    "2024": {
      "n_samples": 250,
      "entropy_mean": 2.9239883422851562,
      "entropy_std": 0.03185776621103287,
      "attention_concentration": 0.05001753196120262,
      "top_features": [
        [
          "t-1",
          0.051685087382793427
        ],
        [
          "t-2",
          0.05142879858613014
        ],
        [
          "t-3",
          0.05116909742355347
        ],
        [
          "t-6",
          0.05110003054141998
        ],
        [
          "t-4",
          0.050961002707481384
        ]
      ],