{
  "period_statistics": {
    "2020": {
      "n_samples": 92,
      "entropy_mean": 2.781449794769287,
      "entropy_std": 0.25665077567100525,
      "attention_concentration": 0.051394686102867126,
      "top_features": [
        [
          "t-1",
          0.07248836755752563
        ],
        [
          "t-2",
          0.0658205971121788
        ],
        [
          "t-3",
          0.06084607541561127
        ],
        [
          "t-4",
          0.057544220238924026
        ],
        [
          "t-5",
          0.05512188747525215
        ]
      ],
      "mean_attention": [
        0.039903853088617325,
        0.04201674088835716,
        0.04321487993001938,
        0.04345804825425148,
        0.043525803834199905,
        0.043821703642606735,
        0.04431913048028946,
        0.04493921622633934,
        0.04596394672989845,
        0.046764589846134186,
        0.04767690598964691,
        0.048590805381536484,
        0.049634307622909546,
        0.05125810205936432,
        0.053090862929821014,
        0.05512188747525215,
        0.057544220238924026,
        0.06084607541561127,
        0.0658205971121788,
        0.07248836755752563
      ],
      "std_attention": [
        0.0276346355676651,
        0.0292691458016634,
        0.028652219101786613,
        0.02750651352107525,
        0.026462558656930923,
        0.026175731793045998,
        0.026052894070744514,
        0.026231147348880768,
        0.02711157314479351,
        0.027518637478351593,
        0.028406627476215363,
        0.02919018641114235,
        0.03021993301808834,
        0.032054416835308075,
        0.0345432348549366,
        0.03780524060130119,
        0.0420900397002697,
        0.048666540533304214,
        0.061348944902420044,
        0.08009638637304306
      ]
    },
    "2021": {
      "n_samples": 250,
      "entropy_mean": 2.807058095932007,
      "entropy_std": 0.34159407019615173,
      "attention_concentration": 0.05044454708695412,
      "top_features": [
        [
          "t-1",
          0.06330149620771408
        ],
        [
          "t-2",
          0.05982391536235809
        ],
        [
          "t-3",
          0.05603320524096489
        ],
        [
          "t-4",
          0.05307186394929886
        ],
        [
          "t-5",
          0.05194760486483574
        ]
      ],
      "mean_attention": [
        0.04501288756728172,
        0.04591827094554901,
        0.04596089944243431,
        0.04601343721151352,
        0.04647662118077278,
        0.04678594693541527,
        0.04721452668309212,
        0.04752560332417488,
        0.04790675640106201,
        0.04822525009512901,
        0.04869634285569191,
        0.04905401170253754,
        0.049776263535022736,
        0.05036235600709915,
        0.05089286342263222,
        0.05194760486483574,
        0.05307186394929886,
        0.05603320524096489,
        0.05982391536235809,
        0.06330149620771408
      ],
      "std_attention": [
        0.02379464916884899,
        0.025684796273708344,
        0.024344427511096,
        0.023528560996055603,
        0.024394135922193527,
        0.024887381121516228,
        0.026272965595126152,
        0.027348775416612625,
        0.028583884239196777,
        0.02887713350355625,
        0.02995338663458824,
        0.030302278697490692,
        0.03275531530380249,
        0.034921418875455856,
        0.03724981099367142,
        0.0414382740855217,
        0.04501553624868393,
        0.056238964200019836,
        0.0752372294664383,
        0.0869629830121994
      ]
    },
    "2022": {
      "n_samples": 249,
      "entropy_mean": 2.5799574851989746,
      "entropy_std": 0.41025999188423157,
      "attention_concentration": 0.05374808982014656,
      "top_features": [
        [
          "t-1",
          0.08660714328289032
        ],
        [
          "t-2",
          0.07279972732067108
        ],
        [
          "t-3",
          0.06524936109781265
        ],
        [
          "t-4",
          0.060592785477638245
        ],
        [
          "t-5",
          0.05765897035598755
        ]
      ],
      "mean_attention": [
        0.03061063028872013,
        0.03511485457420349,
        0.03695306181907654,
        0.037154003977775574,
        0.0372312031686306,
        0.03802754729986191,
        0.03993099927902222,
        0.042835138738155365,
        0.04552153870463371,
        0.04789692908525467,
        0.050175849348306656,
        0.05209292843937874,
        0.05337052419781685,
        0.05442919209599495,
        0.05574768781661987,
        0.05765897035598755,
        0.060592785477638245,
        0.06524936109781265,
        0.07279972732067108,
        0.08660714328289032
      ],
      "std_attention": [
        0.03219101205468178,
        0.0350390262901783,
        0.035201046615839005,
        0.033408816903829575,
        0.0318378210067749,
        0.031943488866090775,
        0.03347819298505783,
        0.036015454679727554,
        0.03725515678524971,
        0.03829016536474228,
        0.040207184851169586,
        0.04247525706887245,
        0.04430137202143669,
        0.04588921740651131,
        0.048109471797943115,
        0.05126205086708069,
        0.05786550045013428,
        0.06854332983493805,
        0.0826084241271019,
        0.12072893977165222
      ]
    },
    "2023": {
      "n_samples": 249,
      "entropy_mean": 2.956671953201294,
      "entropy_std": 0.10009407997131348,
      "attention_concentration": 0.050072796642780304,
      "top_features": [
        [
          "t-1",
          0.05445220321416855
        ],
        [
          "t-2",
          0.05341392382979393
        ],
        [
          "t-3",
          0.05253942683339119
        ],
        [
          "t-4",
          0.05186343565583229
        ],
        [
          "t-5",
          0.051325514912605286
        ]
      ],
      "mean_attention": [
        0.04715782776474953,
        0.0476888008415699,
        0.047932833433151245,
        0.04808929190039635,
        0.04834259673953056,
        0.048674724996089935,
        0.04901067540049553,
        0.049095507711172104,
        0.049296606332063675,
        0.049589890986680984,
        0.049795400351285934,
        0.049986984580755234,
        0.050229184329509735,
        0.05054261162877083,
        0.05097253993153572,
        0.051325514912605286,
        0.05186343565583229,
        0.05253942683339119,
        0.05341392382979393,
        0.05445220321416855
      ],
      "std_attention": [
        0.013023251667618752,
        0.012621486559510231,
        0.012177331373095512,
        0.011664241552352905,
        0.011269109323620796,
        0.011201255954802036,
        0.011506463401019573,
        0.01120386179536581,
        0.011507649905979633,
        0.011898677796125412,
        0.012438774108886719,
        0.012913290411233902,
        0.013542122207581997,
        0.014222955331206322,
        0.015189142897725105,
        0.016400108113884926,
        0.018087860196828842,
        0.020623503252863884,
        0.024783717468380928,
        0.029428891837596893
      ]
    },
    "2024": {
      "n_samples": 250,
      "entropy_mean": 2.9339869022369385,
      "entropy_std": 0.291683554649353,
      "attention_concentration": 0.05007348582148552,
      "top_features": [
        [
          "t-1",
          0.054227039217948914
        ],
        [
          "t-2",
          0.05370571091771126
        ],
        [
          "t-3",
          0.05330827087163925
        ],
        [
          "t-4",
          0.052685290575027466
        ],
        [
          "t-5",
          0.05151432007551193
        ]
      ],