{
  "period_statistics": {
    "2020": {
      "n_samples": 92,
      "entropy_mean": 2.992077589035034,
      "entropy_std": 0.002379688434302807,
      "attention_concentration": 0.05027126148343086,
      "top_features": [
        [
          "t-1",
          0.05877694487571716
        ],
        [
          "t-2",
          0.05674998089671135
        ],
        [
          "t-3",
          0.05491442605853081
        ],
        [
          "t-20",
          0.05456135421991348
        ],
        [
          "t-4",
          0.05331084504723549
        ]
      ],
      "mean_attention": [
        0.05456135421991348,
        0.04934991896152496,
        0.04849802330136299,
        0.0474635511636734,
        0.046778690069913864,
        0.046481240540742874,
        0.04640613868832588,
        0.04649362713098526,
        0.04671571031212807,
        0.04703405126929283,
        0.04746947064995766,
        0.04803451895713806,
        0.04874792695045471,
        0.04962822049856186,
        0.050673071295022964,
        0.051912277936935425,
        0.05331084504723549,
        0.05491442605853081,
        0.05674998089671135,
        0.05877694487571716
      ],
      "std_attention": [
        0.0029145164880901575,
        0.002250117715448141,
        0.0021312148310244083,
        0.0019849815871566534,
        0.001982554793357849,
        0.0019004635978490114,
        0.001857344526797533,
        0.001865002210251987,
        0.0019252229249104857,
        0.0019652992486953735,
        0.0020191685762256384,
        0.0020744670182466507,
        0.0021142654586583376,
        0.00214904872700572,
        0.0021909712813794613,
        0.002257958520203829,
        0.0023687758948653936,
        0.0025264143478125334,
        0.002793563064187765,
        0.0031938347965478897
      ]
    },
    "2021": {
      "n_samples": 250,
      "entropy_mean": 2.9505741596221924,
      "entropy_std": 0.028901852667331696,
      "attention_concentration": 0.05020773410797119,
      "top_features": [
        [
          "t-1",
          0.0563233457505703
        ],
        [
          "t-2",
          0.05534379929304123
        ],
        [
          "t-20",
          0.05507772043347359
        ],
        [
          "t-3",
          0.05430959165096283
        ],
        [
          "t-4",
          0.05322834476828575
        ]
      ],
      "mean_attention": [
        0.05507772043347359,
        0.05012073367834091,
        0.04919828474521637,
        0.04806920140981674,
        0.04724808409810066,
        0.04677276313304901,
        0.04648322984576225,
        0.046450380235910416,
        0.04663988575339317,
        0.04695175215601921,
        0.04745420813560486,
        0.04814429208636284,
        0.04901454970240593,
        0.04999973624944687,
        0.05105211213231087,
        0.05211801454424858,
        0.05322834476828575,
        0.05430959165096283,
        0.05534379929304123,
        0.0563233457505703
      ],
      "std_attention": [
        0.021170392632484436,
        0.018714692443609238,
        0.017697367817163467,
        0.01653732731938362,
        0.015462451614439487,
        0.014687498100101948,
        0.014014430344104767,
        0.013501681387424469,
        0.013221913948655128,
        0.013027883134782314,
        0.012935541570186615,
        0.012925127521157265,
        0.013047335669398308,
        0.013280682265758514,
        0.013753264211118221,
        0.014223471283912659,
        0.014710895717144012,
        0.015213805250823498,
        0.015951594337821007,
        0.016883322969079018
      ]
    },
    "2022": {
      "n_samples": 249,
      "entropy_mean": 2.9826650619506836,
      "entropy_std": 0.008549152873456478,
      "attention_concentration": 0.05068608745932579,
      "top_features": [
        [
          "t-20",
          0.06860657036304474
        ],
        [
          "t-19",
          0.06180921196937561
        ],
        [
          "t-18",
          0.05762317776679993
        ],
        [
          "t-17",
          0.0536772646009922
        ],
        [
          "t-16",
          0.05097455158829689
        ]
      ],
      "mean_attention": [
        0.06860657036304474,
        0.06180921196937561,
        0.05762317776679993,
        0.0536772646009922,
        0.05097455158829689,
        0.04917420446872711,
        0.04807727038860321,
        0.04737337678670883,
        0.046902116388082504,
        0.046671438962221146,
        0.04658813774585724,
        0.04659931734204292,
        0.046686116605997086,
        0.046833597123622894,
        0.04698655754327774,
        0.04712890833616257,
        0.04718475788831711,
        0.04716528579592705,
        0.04706493765115738,
        0.04687312990427017
      ],
      "std_attention": [
        0.011363768950104713,
        0.009499034844338894,
        0.007676031906157732,
        0.006317507941275835,
        0.005439684260636568,
        0.0048601217567920685,
        0.004481656011193991,
        0.004281346686184406,
        0.004125603474676609,
        0.004079224541783333,
        0.0040829358622431755,
        0.004117015283554792,
        0.004199368879199028,
        0.004419151693582535,
        0.004711982328444719,
        0.005021857097744942,
        0.005381975322961807,
        0.005754983983933926,
        0.006096178200095892,
        0.006419483572244644
      ]
    },
    "2023": {
      "n_samples": 249,
      "entropy_mean": 2.937382459640503,
      "entropy_std": 0.050453100353479385,
      "attention_concentration": 0.05088317394256592,
      "top_features": [
        [
          "t-1",
          0.06182650476694107
        ],
        [
          "t-2",
          0.060520585626363754
        ],
        [
          "t-3",
          0.059018149971961975
        ],
        [
          "t-20",
          0.05827716365456581
        ],
        [
          "t-4",
          0.05733540654182434
        ]
      ],
      "mean_attention": [
        0.05827716365456581,
        0.051230937242507935,
        0.04756585508584976,
        0.04462835565209389,
        0.04281558841466904,
        0.04192047566175461,
        0.04178719222545624,
        0.04221359267830849,
        0.043101269751787186,
        0.04434226080775261,
        0.04584994539618492,
        0.04758168011903763,
        0.04948155954480171,
        0.05149202048778534,
        0.0535239651799202,
        0.05548756197094917,
        0.05733540654182434,
        0.059018149971961975,
        0.060520585626363754,
        0.06182650476694107
      ],
      "std_attention": [
        0.03249736875295639,
        0.025606652721762657,
        0.02198554016649723,
        0.01891881413757801,
        0.016049470752477646,
        0.013533495366573334,
        0.011987357400357723,
        0.010971710085868835,
        0.010260805487632751,
        0.009806820191442966,
        0.00962330773472786,
        0.009783507324755192,
        0.010338622145354748,
        0.011314872652292252,
        0.012556246481835842,
        0.014059836976230145,
        0.015636509284377098,
        0.01724936254322529,
        0.018896877765655518,
        0.02050929144024849
      ]
    },
    "2024": {
      "n_samples": 250,
      "entropy_mean": 2.8404955863952637,
      "entropy_std": 0.12868155539035797,
      "attention_concentration": 0.05433230847120285,
      "top_features": [
        [
          "t-1",
          0.0817670077085495
        ],
        [
          "t-2",
          0.07717479765415192
        ],
        [
          "t-3",
          0.07259368896484375
        ],
        [
          "t-4",
          0.06800715625286102
        ],
        [
          "t-5",
          0.06332635134458542
        ]
      ],