{
  "experiment": "sweep2_h16_lr_0.0006",
  "collapsed": true,
  "collapse_type": "low_diversity",
  "predictions": {
    "mean": 0.04958978295326233,
    "std": 0.049823515117168427,
    "min": -0.09816768765449524,
    "max": 0.10994081944227219,
    "range": 0.20810851454734802,
    "pct_positive": 86.640625,
    "pct_negative": 13.359375000000002,
    "num_unique": 1273
  },
  "hidden_size": 16,
  "total_params": 22615,
  "diagnosed_at": "2025-10-21T13:20:53.590399"
}