{
  "period_statistics": {
    "2020": {
      "n_samples": 92,
      "entropy_mean": 2.4845337867736816,
      "entropy_std": 0.46948665380477905,
      "attention_concentration": 0.05803131312131882,
      "top_features": [
        [
          "t-1",
          0.08717077970504761
        ],
        [
          "t-2",
          0.07111792266368866
        ],
        [
          "t-3",
          0.06371208280324936
        ],
        [
          "t-4",
          0.060774657875299454
        ],
        [
          "t-5",
          0.05919468402862549
        ]
      ],
      "mean_attention": [
        0.007646443322300911,
        0.010060930624604225,
        0.017121469601988792,
        0.0261334590613842,
        0.035550594329833984,
        0.04456552118062973,
        0.05191820114850998,
        0.056215375661849976,
        0.05794232711195946,
        0.058505747467279434,
        0.05872131511569023,
        0.05863870307803154,
        0.058717064559459686,
        0.05815482139587402,
        0.058137908577919006,
        0.05919468402862549,
        0.060774657875299454,
        0.06371208280324936,
        0.07111792266368866,
        0.08717077970504761
      ],
      "std_attention": [
        0.006311861798167229,
        0.010565645061433315,
        0.022310685366392136,
        0.03365640342235565,
        0.040673211216926575,
        0.046272069215774536,
        0.05145472288131714,
        0.053048234432935715,
        0.05179119110107422,
        0.0505593903362751,
        0.05027367174625397,
        0.05031983181834221,
        0.050553545355796814,
        0.0507989339530468,
        0.051237985491752625,
        0.052549660205841064,
        0.054707374423742294,
        0.06038013845682144,
        0.07939011603593826,
        0.13021661341190338
      ]
    },
    "2021": {
      "n_samples": 250,
      "entropy_mean": 2.8095996379852295,
      "entropy_std": 0.30006688833236694,
      "attention_concentration": 0.05048992857336998,
      "top_features": [
        [
          "t-1",
          0.058537714183330536
        ],
        [
          "t-2",
          0.055388182401657104
        ],
        [
          "t-12",
          0.05298294872045517
        ],
        [
          "t-13",
          0.0528385154902935
        ],
        [
          "t-3",
          0.052826400846242905
        ]
      ],
      "mean_attention": [
        0.04665584862232208,
        0.03763294592499733,
        0.03923971205949783,
        0.04294305667281151,
        0.04695969447493553,
        0.05016300827264786,
        0.05203967168927193,
        0.0528385154902935,
        0.05298294872045517,
        0.0525982528924942,
        0.05208622291684151,
        0.05156393721699715,
        0.05110786110162735,
        0.05093054100871086,
        0.05092594027519226,
        0.05107821151614189,
        0.05150134116411209,
        0.052826400846242905,
        0.055388182401657104,
        0.058537714183330536
      ],
      "std_attention": [
        0.03145104646682739,
        0.024395417422056198,
        0.024174120277166367,
        0.02541183866560459,
        0.027939558029174805,
        0.030715204775333405,
        0.032687801867723465,
        0.033338066190481186,
        0.03350798413157463,
        0.032929521054029465,
        0.032681334763765335,
        0.032480597496032715,
        0.03266770765185356,
        0.032448045909404755,
        0.03288886696100235,
        0.034195251762866974,
        0.03673441335558891,
        0.04281103238463402,
        0.05798180401325226,
        0.07354118674993515
      ]
    },
    "2022": {
      "n_samples": 249,
      "entropy_mean": 2.6004698276519775,
      "entropy_std": 0.33416861295700073,
      "attention_concentration": 0.058359500020742416,
      "top_features": [
        [
          "t-1",
          0.0954577699303627
        ],
        [
          "t-2",
          0.08103825151920319
        ],
        [
          "t-3",
          0.07172831892967224
        ],
        [
          "t-4",
          0.06566086411476135
        ],
        [
          "t-5",
          0.06183808669447899
        ]
      ],
      "mean_attention": [
        0.01769203133881092,
        0.016761742532253265,
        0.020601022988557816,
        0.02575797215104103,
        0.030973291024565697,
        0.03629666566848755,
        0.0418303944170475,
        0.04720473662018776,
        0.05084475502371788,
        0.052925530821084976,
        0.05435929447412491,
        0.05546669289469719,
        0.05650291219353676,
        0.057718854397535324,
        0.05934082716703415,
        0.06183808669447899,
        0.06566086411476135,
        0.07172831892967224,
        0.08103825151920319,
        0.0954577699303627
      ],
      "std_attention": [
        0.023452673107385635,
        0.01926988735795021,
        0.022188642993569374,
        0.02640543133020401,
        0.029570912942290306,
        0.032353248447179794,
        0.0354718454182148,
        0.03887049853801727,
        0.039886679500341415,
        0.039280202239751816,
        0.038516998291015625,
        0.03814776986837387,
        0.03818852826952934,
        0.03893079236149788,
        0.040475137531757355,
        0.043058041483163834,
        0.047811321914196014,
        0.05659373104572296,
        0.07228023558855057,
        0.10374128073453903
      ]
    },
    "2023": {
      "n_samples": 249,
      "entropy_mean": 2.9019315242767334,
      "entropy_std": 0.13658152520656586,
      "attention_concentration": 0.053549181669950485,
      "top_features": [
        [
          "t-1",
          0.07751762121915817
        ],
        [
          "t-2",
          0.07167021185159683
        ],
        [
          "t-3",
          0.06679444015026093
        ],
        [
          "t-4",
          0.06288303434848785
        ],
        [
          "t-5",
          0.059680402278900146
        ]
      ],
      "mean_attention": [
        0.03784799203276634,
        0.02847203053534031,
        0.028812739998102188,
        0.03206174820661545,
        0.03657364472746849,
        0.04093103110790253,
        0.04441693425178528,
        0.04654902592301369,
        0.048243582248687744,
        0.04961751028895378,
        0.05072109028697014,
        0.05187724903225899,
        0.05323135107755661,
        0.05496940389275551,
        0.0571288987994194,
        0.059680402278900146,
        0.06288303434848785,
        0.06679444015026093,
        0.07167021185159683,
        0.07751762121915817
      ],
      "std_attention": [
        0.014050569385290146,
        0.011570623144507408,
        0.011848053894937038,
        0.012545617297291756,
        0.0139921260997653,
        0.015986386686563492,
        0.017721865326166153,
        0.017267832532525063,
        0.017306705936789513,
        0.017157098278403282,
        0.01701885089278221,
        0.016921037808060646,
        0.01703217625617981,
        0.01733250543475151,
        0.017853735014796257,
        0.019003529101610184,
        0.02088373713195324,
        0.0236775204539299,
        0.02914522960782051,
        0.03554835543036461
      ]
    },
    "2024": {
      "n_samples": 250,
      "entropy_mean": 2.817073345184326,
      "entropy_std": 0.41182395815849304,
      "attention_concentration": 0.053252119570970535,
      "top_features": [
        [
          "t-1",
          0.0796453058719635
        ],
        [
          "t-2",
          0.07271932810544968
        ],
        [
          "t-3",
          0.06733524799346924
        ],
        [
          "t-4",
          0.06286134570837021
        ],
        [
          "t-5",
          0.05905602499842644
        ]
      ],