{
  "period_statistics": {
    "2020": {
      "n_samples": 92,
      "entropy_mean": 2.9415833950042725,
      "entropy_std": 0.018585875630378723,
      "attention_concentration": 0.05541824549436569,
      "top_features": [
        [
          "t-1",
          0.09225349128246307
        ],
        [
          "t-2",
          0.0810740664601326
        ],
        [
          "t-3",
          0.0722755640745163
        ],
        [
          "t-4",
          0.06540780514478683
        ],
        [
          "t-5",
          0.0600258894264698
        ]
      ],
      "mean_attention": [
        0.028856296092271805,
        0.03067946434020996,
        0.03337789699435234,
        0.03586246445775032,
        0.037937816232442856,
        0.0395476408302784,
        0.040891312062740326,
        0.042090002447366714,
        0.043277472257614136,
        0.044544920325279236,
        0.04599315673112869,
        0.047726523131132126,
        0.049853019416332245,
        0.05249854177236557,
        0.055826641619205475,
        0.0600258894264698,
        0.06540780514478683,
        0.0722755640745163,
        0.0810740664601326,
        0.09225349128246307
      ],
      "std_attention": [
        0.002068151021376252,
        0.002347570611163974,
        0.0027545823249965906,
        0.003057570196688175,
        0.0033592369873076677,
        0.003474245546385646,
        0.00354466843418777,
        0.0035932655446231365,
        0.003635571338236332,
        0.003692754078656435,
        0.003775573568418622,
        0.0038829417899250984,
        0.004000900778919458,
        0.004169787280261517,
        0.0044607557356357574,
        0.0049237278290092945,
        0.005596515256911516,
        0.006520492024719715,
        0.007753252051770687,
        0.009337233379483223
      ]
    },
    "2021": {
      "n_samples": 250,
      "entropy_mean": 2.9407036304473877,
      "entropy_std": 0.021081537008285522,
      "attention_concentration": 0.05506175756454468,
      "top_features": [
        [
          "t-1",
          0.08557891100645065
        ],
        [
          "t-2",
          0.07826819270849228
        ],
        [
          "t-3",
          0.07202339172363281
        ],
        [
          "t-4",
          0.06668763607740402
        ],
        [
          "t-5",
          0.062154751271009445
        ]
      ],
      "mean_attention": [
        0.026763781905174255,
        0.029402881860733032,
        0.0323648564517498,
        0.03504662588238716,
        0.03723543509840965,
        0.03908010572195053,
        0.040738143026828766,
        0.04232403635978699,
        0.043933697044849396,
        0.045665644109249115,
        0.04757148399949074,
        0.04971332848072052,
        0.05216246098279953,
        0.054993439465761185,
        0.05829114839434624,
        0.062154751271009445,
        0.06668763607740402,
        0.07202339172363281,
        0.07826819270849228,
        0.08557891100645065
      ],
      "std_attention": [
        0.0034864023327827454,
        0.003998452331870794,
        0.004388672765344381,
        0.004562424961477518,
        0.004533755127340555,
        0.0044988906010985374,
        0.0044565279968082905,
        0.004462846554815769,
        0.00449650501832366,
        0.004550520796328783,
        0.0046553961001336575,
        0.004804922267794609,
        0.00496898777782917,
        0.005113826598972082,
        0.005269687157124281,
        0.005524920299649239,
        0.006041805259883404,
        0.007040340919047594,
        0.008787388913333416,
        0.011868649162352085
      ]
    },
    "2022": {
      "n_samples": 249,
      "entropy_mean": 2.934237003326416,
      "entropy_std": 0.013153348118066788,
      "attention_concentration": 0.055836789309978485,
      "top_features": [
        [
          "t-1",
          0.08262764662504196
        ],
        [
          "t-2",
          0.07774143666028976
        ],
        [
          "t-3",
          0.0732741579413414
        ],
        [
          "t-4",
          0.06913609057664871
        ],
        [
          "t-5",
          0.06528043001890182
        ]
      ],
      "mean_attention": [
        0.023947400972247124,
        0.02609148994088173,
        0.02910240925848484,
        0.03204777091741562,
        0.03472642973065376,
        0.037198349833488464,
        0.03953743726015091,
        0.04186873883008957,
        0.04424400255084038,
        0.046708717942237854,
        0.04932442307472229,
        0.05211740732192993,
        0.05509733781218529,
        0.058271393179893494,
        0.06165686622262001,
        0.06528043001890182,
        0.06913609057664871,
        0.0732741579413414,
        0.07774143666028976,
        0.08262764662504196
      ],
      "std_attention": [
        0.0024534116964787245,
        0.0022569389548152685,
        0.002133056288585067,
        0.002093636430799961,
        0.002139053540304303,
        0.002283897716552019,
        0.002505397656932473,
        0.0027727806009352207,
        0.0030311085283756256,
        0.003276282921433449,
        0.003486643312498927,
        0.0036582788452506065,
        0.0037785887252539396,
        0.0039154402911663055,
        0.004085609223693609,
        0.0043531726114451885,
        0.004841416142880917,
        0.005623107776045799,
        0.006716425996273756,
        0.008348014205694199
      ]
    },
    "2023": {
      "n_samples": 249,
      "entropy_mean": 2.9712836742401123,
      "entropy_std": 0.016281267628073692,
      "attention_concentration": 0.05202950909733772,
      "top_features": [
        [
          "t-1",
          0.07021863758563995
        ],
        [
          "t-2",
          0.06654477119445801
        ],
        [
          "t-3",
          0.06331784278154373
        ],
        [
          "t-4",
          0.06048702448606491
        ],
        [
          "t-5",
          0.058002304285764694
        ]
      ],
      "mean_attention": [
        0.031088415533304214,
        0.03496136888861656,
        0.03831666707992554,
        0.04086929187178612,
        0.042693790048360825,
        0.044060662388801575,
        0.04520031437277794,
        0.04623217508196831,
        0.047265201807022095,
        0.048346277326345444,
        0.04951249808073044,
        0.05081354081630707,
        0.052277516573667526,
        0.05394879728555679,
        0.05584290251135826,
        0.058002304285764694,
        0.06048702448606491,
        0.06331784278154373,
        0.06654477119445801,
        0.07021863758563995
      ],
      "std_attention": [
        0.002705812221392989,
        0.0035766740329563618,
        0.004186651203781366,
        0.004383058752864599,
        0.004309362266212702,
        0.0041085644625127316,
        0.0038426450919359922,
        0.0035469031427055597,
        0.0032348185777664185,
        0.002916797064244747,
        0.0026315476279705763,
        0.0024370078463107347,
        0.002406513784080744,
        0.0026285871863365173,
        0.003177526406943798,
        0.004063532222062349,
        0.005252690054476261,
        0.006727118045091629,
        0.008558329194784164,
        0.010739989578723907
      ]
    },
    "2024": {
      "n_samples": 250,
      "entropy_mean": 2.980604410171509,
      "entropy_std": 0.010834885761141777,
      "attention_concentration": 0.051127269864082336,
      "top_features": [
        [
          "t-1",
          0.06220557168126106
        ],
        [
          "t-2",
          0.0603453628718853
        ],
        [
          "t-3",
          0.05872771143913269
        ],
        [
          "t-4",
          0.05729921907186508
        ],
        [
          "t-5",
          0.056015945971012115
        ]
      ],