{
  "period_statistics": {
    "2020": {
      "n_samples": 92,
      "entropy_mean": 2.7777762413024902,
      "entropy_std": 0.21630851924419403,
      "attention_concentration": 0.05171027407050133,
      "top_features": [
        [
          "t-1",
          0.06750603765249252
        ],
        [
          "t-2",
          0.06324616819620132
        ],
        [
          "t-3",
          0.06003933027386665
        ],
        [
          "t-4",
          0.0580306202173233
        ],
        [
          "t-5",
          0.056701380759477615
        ]
      ],
      "mean_attention": [
        0.03132077679038048,
        0.037043750286102295,
        0.03847737982869148,
        0.03917013481259346,
        0.04029979929327965,
        0.04263904690742493,
        0.04571664705872536,
        0.04844322055578232,
        0.0506378710269928,
        0.05178358778357506,
        0.05242767557501793,
        0.052922558039426804,
        0.0533720888197422,
        0.05454390496015549,
        0.05567801371216774,
        0.056701380759477615,
        0.0580306202173233,
        0.06003933027386665,
        0.06324616819620132,
        0.06750603765249252
      ],
      "std_attention": [
        0.021290693432092667,
        0.026170017197728157,
        0.02845114655792713,
        0.028829947113990784,
        0.028430109843611717,
        0.02870761789381504,
        0.030031567439436913,
        0.03178057447075844,
        0.03315723314881325,
        0.03354610502719879,
        0.0334576740860939,
        0.033468589186668396,
        0.033596206456422806,
        0.03426897153258324,
        0.035097185522317886,
        0.03652426600456238,
        0.03912212699651718,
        0.043372537940740585,
        0.051647335290908813,
        0.06351770460605621
      ]
    },
    "2021": {
      "n_samples": 250,
      "entropy_mean": 2.73641300201416,
      "entropy_std": 0.2634565532207489,
      "attention_concentration": 0.051841381937265396,
      "top_features": [
        [
          "t-1",
          0.0634685754776001
        ],
        [
          "t-2",
          0.060444243252277374
        ],
        [
          "t-3",
          0.05845010653138161
        ],
        [
          "t-4",
          0.0571102574467659
        ],
        [
          "t-5",
          0.05645068734884262
        ]
      ],
      "mean_attention": [
        0.02849845588207245,
        0.032412055879831314,
        0.03450100123882294,
        0.03778911754488945,
        0.042114198207855225,
        0.04629362374544144,
        0.04948204755783081,
        0.05159067362546921,
        0.05288621783256531,
        0.05353986471891403,
        0.054074063897132874,
        0.05447262153029442,
        0.05512639135122299,
        0.05544427037239075,
        0.055851541459560394,
        0.05645068734884262,
        0.0571102574467659,
        0.05845010653138161,
        0.060444243252277374,
        0.0634685754776001
      ],
      "std_attention": [
        0.015573260374367237,
        0.02181101404130459,
        0.0263383649289608,
        0.030497796833515167,
        0.03485090658068657,
        0.03815724328160286,
        0.04040564224123955,
        0.0414687879383564,
        0.04189141467213631,
        0.04189348593354225,
        0.042021673172712326,
        0.042042799293994904,
        0.04257415607571602,
        0.043259698897600174,
        0.04480591043829918,
        0.04677489027380943,
        0.04852735996246338,
        0.05362575501203537,
        0.062079742550849915,
        0.07256876677274704
      ]
    },
    "2022": {
      "n_samples": 249,
      "entropy_mean": 2.7353596687316895,
      "entropy_std": 0.21161504089832306,
      "attention_concentration": 0.055054329335689545,
      "top_features": [
        [
          "t-1",
          0.07724697887897491
        ],
        [
          "t-2",
          0.07147210836410522
        ],
        [
          "t-3",
          0.06727513670921326
        ],
        [
          "t-4",
          0.06422426551580429
        ],
        [
          "t-5",
          0.06202035769820213
        ]
      ],
      "mean_attention": [
        0.015283904038369656,
        0.022632233798503876,
        0.02897017076611519,
        0.03441747650504112,
        0.03807270899415016,
        0.04082890599966049,
        0.043651968240737915,
        0.04668167978525162,
        0.04924088716506958,
        0.05175284668803215,
        0.05407414585351944,
        0.055935703217983246,
        0.05731641873717308,
        0.05873504653573036,
        0.06016705557703972,
        0.06202035769820213,
        0.06422426551580429,
        0.06727513670921326,
        0.07147210836410522,
        0.07724697887897491
      ],
      "std_attention": [
        0.014608093537390232,
        0.019969681277871132,
        0.024742159992456436,
        0.027756113559007645,
        0.028357114642858505,
        0.028475137427449226,
        0.02876102738082409,
        0.0293902475386858,
        0.029361693188548088,
        0.029249873012304306,
        0.02918965555727482,
        0.029356133192777634,
        0.02986239641904831,
        0.0311686210334301,
        0.03256877139210701,
        0.034726668149232864,
        0.038358669728040695,
        0.04422327131032944,
        0.05345926806330681,
        0.06895321607589722
      ]
    },
    "2023": {
      "n_samples": 249,
      "entropy_mean": 2.9234745502471924,
      "entropy_std": 0.0914258286356926,
      "attention_concentration": 0.05121873319149017,
      "top_features": [
        [
          "t-10",
          0.05529138445854187
        ],
        [
          "t-9",
          0.05524734407663345
        ],
        [
          "t-11",
          0.0551224909722805
        ],
        [
          "t-8",
          0.055111002177000046
        ],
        [
          "t-7",
          0.05500510707497597
        ]
      ],
      "mean_attention": [
        0.030946947634220123,
        0.03397555276751518,
        0.03647562116384506,
        0.040628302842378616,
        0.0451006256043911,
        0.04895643889904022,
        0.05178111419081688,
        0.0533745214343071,
        0.05447777733206749,
        0.0551224909722805,
        0.05529138445854187,
        0.05524734407663345,
        0.055111002177000046,
        0.05500510707497597,
        0.05497157946228981,
        0.05480508878827095,
        0.054722968488931656,
        0.05460944399237633,
        0.05458051711320877,
        0.054816219955682755
      ],
      "std_attention": [
        0.010268338955938816,
        0.011081340722739697,
        0.012280402705073357,
        0.01392950676381588,
        0.01563090831041336,
        0.017067428678274155,
        0.018233802169561386,
        0.018450245261192322,
        0.018870098516345024,
        0.01892075501382351,
        0.018894566223025322,
        0.018861783668398857,
        0.01893303357064724,
        0.01920091174542904,
        0.01963401399552822,
        0.020426997914910316,
        0.021315595135092735,
        0.022458598017692566,
        0.024271320551633835,
        0.027025679126381874
      ]
    },
    "2024": {
      "n_samples": 250,
      "entropy_mean": 2.8834588527679443,
      "entropy_std": 0.29886823892593384,
      "attention_concentration": 0.050440508872270584,
      "top_features": [
        [
          "t-1",
          0.05593644827604294
        ],
        [
          "t-2",
          0.05489085987210274
        ],
        [
          "t-3",
          0.054488230496644974
        ],
        [
          "t-4",
          0.05417773127555847
        ],
        [
          "t-5",
          0.053902994841337204
        ]
      ],