{
  "period_statistics": {
    "2020": {
      "n_samples": 92,
      "entropy_mean": 2.99485445022583,
      "entropy_std": 0.0004083082894794643,
      "attention_concentration": 0.050064727663993835,
      "top_features": [
        [
          "t-1",
          0.05385100841522217
        ],
        [
          "t-2",
          0.0530598983168602
        ],
        [
          "t-3",
          0.05230509862303734
        ],
        [
          "t-20",
          0.05179702863097191
        ],
        [
          "t-4",
          0.051579028367996216
        ]
      ],
      "mean_attention": [
        0.05179702863097191,
        0.051568496972322464,
        0.05027686432003975,
        0.04932722821831703,
        0.04867520183324814,
        0.048231009393930435,
        0.04798058420419693,
        0.04789840802550316,
        0.04795278608798981,
        0.04813732951879501,
        0.04842232167720795,
        0.04879433661699295,
        0.04924437403678894,
        0.049728456884622574,
        0.050273310393095016,
        0.050897266715765,
        0.051579028367996216,
        0.05230509862303734,
        0.0530598983168602,
        0.05385100841522217
      ],
      "std_attention": [
        0.0012785871513187885,
        0.001250764704309404,
        0.001223239814862609,
        0.0011672631371766329,
        0.0011405263794586062,
        0.0010692683281376958,
        0.0010081451619043946,
        0.0009591613779775798,
        0.0009370024781674147,
        0.0009107683436013758,
        0.0008984202868305147,
        0.0009003118611872196,
        0.0009180312626995146,
        0.0009584437939338386,
        0.0010078735649585724,
        0.0010640681721270084,
        0.0011168787023052573,
        0.0011748344404622912,
        0.0012543413322418928,
        0.0013302162988111377
      ]
    },
    "2021": {
      "n_samples": 250,
      "entropy_mean": 2.99204421043396,
      "entropy_std": 0.003254809183999896,
      "attention_concentration": 0.050063151866197586,
      "top_features": [
        [
          "t-1",
          0.05377490073442459
        ],
        [
          "t-2",
          0.05294620245695114
        ],
        [
          "t-3",
          0.05215304344892502
        ],
        [
          "t-19",
          0.05191188305616379
        ],
        [
          "t-20",
          0.05189576745033264
        ]
      ],
      "mean_attention": [
        0.05189576745033264,
        0.05191188305616379,
        0.05054829269647598,
        0.04955073818564415,
        0.04884638264775276,
        0.048345860093832016,
        0.04807288944721222,
        0.047948047518730164,
        0.0479576550424099,
        0.04811519756913185,
        0.04836146906018257,
        0.04867877811193466,
        0.04906272888183594,
        0.04954284802079201,
        0.050114020705223083,
        0.050749219954013824,
        0.0514240600168705,
        0.05215304344892502,
        0.05294620245695114,
        0.05377490073442459
      ],
      "std_attention": [
        0.00508612347766757,
        0.0047739720903337,
        0.004362184088677168,
        0.004044628236442804,
        0.003785098670050502,
        0.0035888475831598043,
        0.0034313094802200794,
        0.0033076819963753223,
        0.0032551020849496126,
        0.003227192908525467,
        0.003237426746636629,
        0.003291516564786434,
        0.0033755481708794832,
        0.003467445494607091,
        0.0035932334139943123,
        0.0037637667264789343,
        0.003962865564972162,
        0.004210310056805611,
        0.004527278244495392,
        0.004873895552009344
      ]
    },
    "2022": {
      "n_samples": 249,
      "entropy_mean": 2.9885013103485107,
      "entropy_std": 0.005293596535921097,
      "attention_concentration": 0.05031691864132881,
      "top_features": [
        [
          "t-1",
          0.059489328414201736
        ],
        [
          "t-2",
          0.057616058737039566
        ],
        [
          "t-3",
          0.055883485823869705
        ],
        [
          "t-4",
          0.05427297577261925
        ],
        [
          "t-5",
          0.05279181897640228
        ]
      ],
      "mean_attention": [
        0.0507054440677166,
        0.04967263713479042,
        0.048177413642406464,
        0.04718645662069321,
        0.046496499329805374,
        0.04611119627952576,
        0.04594149440526962,
        0.04602021723985672,
        0.04632541164755821,
        0.04679251089692116,
        0.04741489514708519,
        0.048207689076662064,
        0.04915989190340042,
        0.05025552213191986,
        0.051479071378707886,
        0.05279181897640228,
        0.05427297577261925,
        0.055883485823869705,
        0.057616058737039566,
        0.059489328414201736
      ],
      "std_attention": [
        0.005860349163413048,
        0.0055662235245108604,
        0.005057081114500761,
        0.00465397210791707,
        0.004323963075876236,
        0.004042337648570538,
        0.003784324275329709,
        0.0036046276800334454,
        0.0034701237455010414,
        0.003371510887518525,
        0.0033636875450611115,
        0.003412927035242319,
        0.0035172789357602596,
        0.0037184571847319603,
        0.004023851361125708,
        0.004393353592604399,
        0.004908082075417042,
        0.005536212585866451,
        0.006265631411224604,
        0.0071380059234797955
      ]
    },
    "2023": {
      "n_samples": 249,
      "entropy_mean": 2.988492488861084,
      "entropy_std": 0.005958787631243467,
      "attention_concentration": 0.05016708001494408,
      "top_features": [
        [
          "t-1",
          0.0564655102789402
        ],
        [
          "t-2",
          0.05509822070598602
        ],
        [
          "t-3",
          0.053841374814510345
        ],
        [
          "t-20",
          0.05362476408481598
        ],
        [
          "t-4",
          0.05268695205450058
        ]
      ],
      "mean_attention": [
        0.05362476408481598,
        0.050667181611061096,
        0.04875791072845459,
        0.047855526208877563,
        0.04735420644283295,
        0.047076694667339325,
        0.04698330909013748,
        0.047036655247211456,
        0.04723342880606651,
        0.047530028969049454,
        0.04795323684811592,
        0.04849081486463547,
        0.049137987196445465,
        0.049876634031534195,
        0.050686661154031754,
        0.051642969250679016,
        0.05268695205450058,
        0.053841374814510345,
        0.05509822070598602,
        0.0564655102789402
      ],
      "std_attention": [
        0.007959140464663506,
        0.006297193001955748,
        0.005600891076028347,
        0.005244725849479437,
        0.005000656004995108,
        0.0048287296667695045,
        0.004710976500064135,
        0.004603703506290913,
        0.004535089246928692,
        0.004487604834139347,
        0.00446056853979826,
        0.004480988252907991,
        0.004541120026260614,
        0.004658681806176901,
        0.00481439707800746,
        0.005036795046180487,
        0.005284380167722702,
        0.005591360852122307,
        0.0059735472314059734,
        0.006430161185562611
      ]
    },
    "2024": {
      "n_samples": 250,
      "entropy_mean": 2.9879281520843506,
      "entropy_std": 0.007373367436230183,
      "attention_concentration": 0.050124503672122955,
      "top_features": [
        [
          "t-20",
          0.05816720426082611
        ],
        [
          "t-19",
          0.05348305031657219
        ],
        [
          "t-1",
          0.05279076099395752
        ],
        [
          "t-2",
          0.05192246288061142
        ],
        [
          "t-3",
          0.05110735818743706
        ]
      ],