{
  "evaluation_timestamp": "2025-10-30T03:32:49.708780",
  "statistical_metrics": {
    "mse": 1.1773062944412231,
    "rmse": 1.0850374698638916,
    "mae": 0.7732901573181152,
    "mape": 148.6790657043457,
    "r2": -0.00046253204345703125,
    "mean_error": -0.01600223407149315,
    "std_error": 1.0849194526672363
  },
  "financial_metrics": {
    "directional_accuracy": 0.53671875,
    "sharpe_ratio": 0.8329736080938573,
    "max_drawdown": -0.2524605989456177,
    "total_return": 0.9216080904006958,
    "hit_rate": 0.53671875,
    "num_trades": 1280,
    "precision": 0.53671875,
    "recall": 1.0,
    "f1_score": 0.6985256736146417,
    "confusion_matrix": [
      [
        0,
        593
      ],
      [
        0,
        687
      ]
    ],
    "auc_roc": 0.4582943658549158,
    "alpha": 0.0
  },
  "residual_diagnostics": {
    "normality_p_value": 1.4624735715890504e-39,
    "acf_lag1": -0.03472687503566001,
    "skewness": 0.03675433722762734,
    "kurtosis": 6.4575177185553425
  },
  "mode_stats": {
    "healthy_days": 30,
    "degraded_days": 0,
    "unidirectional_days": 1187,
    "weak_collapse_days": 63,
    "strong_collapse_days": 0,
    "total_days": 1280,
    "healthy_pct": 2.34375,
    "degraded_pct": 0.0,
    "unidirectional_pct": 92.734375,
    "weak_collapse_pct": 4.921875,
    "strong_collapse_pct": 0.0
  },
  "collapse_detected": true,
  "degradation_detected": true,
  "checkpoint_used": "experiments/01_staleness_features_fixed/sweep_stale_h22_drop0.15_lr3/checkpoints/tft-epoch=89-val_loss=0.3988.ckpt"
}