{
  "evaluation_timestamp": "2025-10-27T12:05:26.383899",
  "statistical_metrics": {
    "mse": 1.178257703781128,
    "rmse": 1.0854758024215698,
    "mae": 0.7738624811172485,
    "mape": 148.73669147491455,
    "r2": -0.0012710094451904297,
    "mean_error": 0.011641979217529297,
    "std_error": 1.0854134559631348
  },
  "financial_metrics": {
    "directional_accuracy": 0.51484375,
    "sharpe_ratio": 0.59003305035582,
    "max_drawdown": -0.23655420541763306,
    "total_return": 0.5045863389968872,
    "hit_rate": 0.43515625,
    "num_trades": 1048,
    "precision": 0.5314885496183206,
    "recall": 0.8107714701601164,
    "f1_score": 0.6420749279538904,
    "confusion_matrix": [
      [
        102,
        491
      ],
      [
        130,
        557
      ]
    ],
    "auc_roc": 0.5070779668672111,
    "alpha": -0.4170217514038086
  },
  "residual_diagnostics": {
    "normality_p_value": 5.692412015465139e-40,
    "acf_lag1": -0.034870219101739576,
    "skewness": 0.09838514878549987,
    "kurtosis": 6.46272808910537
  },
  "mode_stats": {
    "healthy_days": 79,
    "degraded_days": 158,
    "unidirectional_days": 857,
    "weak_collapse_days": 186,
    "strong_collapse_days": 0,
    "total_days": 1280,
    "healthy_pct": 6.171875,
    "degraded_pct": 12.34375,
    "unidirectional_pct": 66.953125,
    "weak_collapse_pct": 14.531250000000002,
    "strong_collapse_pct": 0.0
  },
  "collapse_detected": true,
  "degradation_detected": true,
  "checkpoint_used": "experiments/01_staleness_features_fixed/sweep_stale_h22_drop0.15_lr3/checkpoints/tft-epoch=02-val_loss=0.1253.ckpt"
}