{
  "experiment": "sweep2_hidden_12",
  "collapsed": true,
  "collapse_type": "always_positive",
  "predictions": {
    "mean": 0.07972811162471771,
    "std": 0.014639983884990215,
    "min": 0.02135697565972805,
    "max": 0.12602499127388,
    "range": 0.1046680137515068,
    "pct_positive": 100.0,
    "pct_negative": 0.0,
    "num_unique": 1249
  },
  "hidden_size": 12,
  "total_params": 13985,
  "diagnosed_at": "2025-10-21T13:20:57.591601"
}