{
  "evaluation_timestamp": "2025-10-22T23:16:37.339649",
  "statistical_metrics": {
    "mse": 1.2239408493041992,
    "rmse": 1.1063185930252075,
    "mae": 0.8019378781318665,
    "mape": 246.9999074935913,
    "r2": -0.0400921106338501,
    "mean_error": 0.21419434249401093,
    "std_error": 1.0853855609893799
  },
  "financial_metrics": {
    "directional_accuracy": 0.46328125,
    "sharpe_ratio": 0.0,
    "max_drawdown": 0.0,
    "total_return": 0.0,
    "hit_rate": 0.0,
    "num_trades": 0,
    "precision": 0.0,
    "recall": 0.0,
    "f1_score": 0.0,
    "confusion_matrix": [
      [
        593,
        0
      ],
      [
        687,
        0
      ]
    ],
    "auc_roc": 0.4655539764010497,
    "alpha": -0.9216080904006958
  },
  "residual_diagnostics": {
    "normality_p_value": 3.922047269227331e-40,
    "acf_lag1": -0.03504851304261335,
    "skewness": 0.07734585564704002,
    "kurtosis": 6.5436669149757645
  },
  "checkpoint_used": "experiments/sweep_stale_h20_drop0.25_lr3/checkpoints/tft-epoch=02-val_loss=0.1715.ckpt"
}