{
  "evaluation_timestamp": "2025-10-27T12:05:10.362672",
  "statistical_metrics": {
    "mse": 1.2239408493041992,
    "rmse": 1.1063185930252075,
    "mae": 0.8019378781318665,
    "mape": 246.9998836517334,
    "r2": -0.0400921106338501,
    "mean_error": 0.2141943722963333,
    "std_error": 1.0853855609893799
  },
  "financial_metrics": {
    "directional_accuracy": 0.46328125,
    "sharpe_ratio": 0.0,
    "max_drawdown": 0.0,
    "total_return": 0.0,
    "hit_rate": 0.0,
    "num_trades": 0,
    "precision": 0.0,
    "recall": 0.0,
    "f1_score": 0.0,
    "confusion_matrix": [
      [
        593,
        0
      ],
      [
        687,
        0
      ]
    ],
    "auc_roc": 0.46555152175673986,
    "alpha": -0.9216080904006958
  },
  "residual_diagnostics": {
    "normality_p_value": 3.922054853933631e-40,
    "acf_lag1": -0.03504851290860922,
    "skewness": 0.07734573910891021,
    "kurtosis": 6.5436669149757645
  },
  "mode_stats": {
    "healthy_days": 29,
    "degraded_days": 1,
    "unidirectional_days": 79,
    "weak_collapse_days": 1171,
    "strong_collapse_days": 0,
    "total_days": 1280,
    "healthy_pct": 2.265625,
    "degraded_pct": 0.078125,
    "unidirectional_pct": 6.171875,
    "weak_collapse_pct": 91.484375,
    "strong_collapse_pct": 0.0
  },
  "collapse_detected": true,
  "degradation_detected": true,
  "checkpoint_used": "experiments/01_staleness_features_fixed/sweep_stale_h20_drop0.25_lr3/checkpoints/tft-epoch=02-val_loss=0.1715.ckpt"
}