{
  "experiment": "sweep2_hidden_10",
  "collapsed": true,
  "collapse_type": "always_negative",
  "predictions": {
    "mean": -0.04769251495599747,
    "std": 0.010266540572047234,
    "min": -0.10164923965930939,
    "max": -0.03486274927854538,
    "range": 0.06678649038076401,
    "pct_positive": 0.0,
    "pct_negative": 100.0,
    "num_unique": 1227
  },
  "hidden_size": 10,
  "total_params": 10354,
  "diagnosed_at": "2025-10-21T13:20:56.512875"
}