
[INFO] Using AUTO device selection.

[INFO] Patched matplotlib.Axes.errorbar to abs() negative yerr for robustness.
======================================================================
Training TFT: 12c_h1_rolling/macro_heavy_daily_h1_h18/fold_2023
======================================================================
Logging to: experiments/12c_h1_rolling/macro_heavy_daily_h1_h18/fold_2023/training_20251214_025932.log
Started at: 2025-12-14 02:59:32
======================================================================

Loading data splits...
Train: 2468 samples
Val: 219 samples
Test: 219 samples

Preparing TimeSeriesDataSet...

Dropping source columns (used for staleness only): ['CPI']

Final features for TFT: ['SP500_Returns', 'VIX', 'Inflation_YoY', 'Unemployment', 'Fed_Rate', 'Consumer_Sentiment', 'Industrial_Production', 'cumret_5', 'cumret_10', 'cumret_20', 'cumret_30']

======================================================================
FEATURE STATISTICS - BEFORE NORMALIZATION
======================================================================
VIX                             mean= 17.0304  std=  6.8380  min=  9.1400  max= 82.6900
Inflation_YoY                   mean=  1.8072  std=  1.0947  min= -0.2176  max=  6.3468
Unemployment                    mean=  5.7756  std=  1.9465  min=  3.5000  max= 14.7000
Fed_Rate                        mean=  0.6376  std=  0.7729  min=  0.0500  max=  2.4200
Consumer_Sentiment              mean= 87.6947  std=  9.1700  min= 69.9000  max=101.0000
Industrial_Production           mean=103.7697  std=  4.2509  min= 92.5503  max=110.4750

======================================================================
TARGET CONFIGURATION
======================================================================
Target variable: SP500_Returns
  Mode: Point return prediction (single-step)
  Target stats: mean=0.0595, std=1.0311
  Dropping unused cumret columns: ['cumret_5', 'cumret_10', 'cumret_20', 'cumret_30']
======================================================================

======================================================================
FEATURES AFTER GROUPNORMALIZER (first batch, last timestep)
======================================================================
VIX                             normalized_value=  1.0000
Inflation_YoY                   normalized_value= -0.0500
Unemployment                    normalized_value= -0.6875
Fed_Rate                        normalized_value= -0.0689
Consumer_Sentiment              normalized_value= -1.1693
Industrial_Production           normalized_value=  1.8149
======================================================================

Configuration saved to: experiments/12c_h1_rolling/macro_heavy_daily_h1_h18/fold_2023/config.json
[DEBUG] VIX train values: [22.97 22.22 21.48 20.63 21.07]
[DEBUG] VIX val values: [16.6  16.91 19.73 19.61 18.76]
Batches per epoch: 38
[DEBUG] Validation batches: 4
[DEBUG] Validation dataset size: 199
[DEBUG] Batch size: 64

Initializing model...

Quantile configuration: 7q
  Quantiles: [0.02, 0.1, 0.25, 0.5, 0.75, 0.9, 0.98]
  Output size: 7
  Median index: 3

Using standard QuantileLoss (no penalties)

[REGIME OUTPUT] Disabled (using baseline output layer)

[STALENESS ATTENTION] Disabled

================================================================================
BASELINE MODEL FEATURE CONFIGURATION (after from_dataset)
================================================================================
tft.hparams.time_varying_reals_encoder: ['relative_time_idx', 'VIX', 'Inflation_YoY', 'Unemployment', 'Fed_Rate', 'Consumer_Sentiment', 'Industrial_Production']
  Count: 7

tft.hparams.time_varying_reals_decoder: ['relative_time_idx']
  Count: 1

tft.hparams.x_reals (all reals passed to model): ['encoder_length', 'relative_time_idx', 'VIX', 'Inflation_YoY', 'Unemployment', 'Fed_Rate', 'Consumer_Sentiment', 'Industrial_Production']
  Count: 8

Encoder VSN configuration:
  num_inputs: 7
  input_sizes: {'relative_time_idx': 16, 'VIX': 16, 'Inflation_YoY': 16, 'Unemployment': 16, 'Fed_Rate': 16, 'Consumer_Sentiment': 16, 'Industrial_Production': 16}
  flattened_grn.fc1: in_features=112, out_features=7
  -> Params in fc1: 784 (should be 5*16*5=400 if 5 features)
================================================================================

Model parameters: 30,120

Starting training...
Checkpoints will be saved to: experiments/12c_h1_rolling/macro_heavy_daily_h1_h18/fold_2023/checkpoints/
Logs will be saved to: experiments/12c_h1_rolling/macro_heavy_daily_h1_h18/fold_2023/logs/

[DEBUG CollapseMonitor] on_validation_epoch_start called for epoch 0
[DEBUG CollapseMonitor] reset_temporal_state() called on loss function
Epoch 0: val_loss=N/A
[DEBUG CollapseMonitor] on_validation_epoch_start called for epoch 0
[DEBUG CollapseMonitor] reset_temporal_state() called on loss function
Epoch 0: val_loss=1.1390994787216187
Epoch 0: train_loss=0.5920735597610474

[CollapseMonitor] Epoch 0
  [DEBUG] Processed 4 batches from val_dataloader
  [DEBUG] Predictions shape after concat: (199,)
  Pred std: 0.008932, range: 0.033023, mean: 0.290660
  Pos: 100.0%, Neg: 0.0%, Unique: 199
  Dir Acc: 44.72%, Pred Sharpe: 516.5813
  Composite: 0.3236 (dist_match: 0.4472, actual_pos: 44.7%, pred_pos: 100.0%)
  Collapse penalty: 0.000000 (threshold: 0.005000)
  Saved validation predictions to: experiments/12c_h1_rolling/macro_heavy_daily_h1_h18/fold_2023/collapse_monitoring/val_predictions_epoch0.npy
  Gradient norms:
    lstm_encoder: 0.013119
    lstm_decoder: 0.012275
    output_layer: 0.604328
  VSN output std:
    encoder: 0.203856
  Attention entropy: 2.994035
  Saved to: experiments/12c_h1_rolling/macro_heavy_daily_h1_h18/fold_2023/collapse_monitoring/collapse_monitor_latest.json
[DEBUG CollapseMonitor] on_validation_epoch_start called for epoch 1
[DEBUG CollapseMonitor] reset_temporal_state() called on loss function
Epoch 1: val_loss=1.105567455291748
Epoch 1: train_loss=0.5651658773422241

[CollapseMonitor] Epoch 1
  [DEBUG] Processed 4 batches from val_dataloader
  [DEBUG] Predictions shape after concat: (199,)
  Pred std: 0.007837, range: 0.029103, mean: 0.240552
  Pos: 100.0%, Neg: 0.0%, Unique: 198
  Dir Acc: 44.72%, Pred Sharpe: 487.2319
  Composite: 0.3236 (dist_match: 0.4472, actual_pos: 44.7%, pred_pos: 100.0%)
  Collapse penalty: 0.000000 (threshold: 0.005000)
  Saved validation predictions to: experiments/12c_h1_rolling/macro_heavy_daily_h1_h18/fold_2023/collapse_monitoring/val_predictions_epoch1.npy
  Gradient norms:
    lstm_encoder: 0.012306
    lstm_decoder: 0.011575
    output_layer: 0.549666
  VSN output std:
    encoder: 0.204786
  Attention entropy: 2.994248
  Saved to: experiments/12c_h1_rolling/macro_heavy_daily_h1_h18/fold_2023/collapse_monitoring/collapse_monitor_latest.json
[DEBUG CollapseMonitor] on_validation_epoch_start called for epoch 2
[DEBUG CollapseMonitor] reset_temporal_state() called on loss function
Epoch 2: val_loss=1.0708425045013428
Epoch 2: train_loss=0.5290927886962891

[CollapseMonitor] Epoch 2
  [DEBUG] Processed 4 batches from val_dataloader
  [DEBUG] Predictions shape after concat: (199,)
  Pred std: 0.007108, range: 0.026562, mean: 0.199546
  Pos: 100.0%, Neg: 0.0%, Unique: 198
  Dir Acc: 44.72%, Pred Sharpe: 445.6394
  Composite: 0.3236 (dist_match: 0.4472, actual_pos: 44.7%, pred_pos: 100.0%)
  Collapse penalty: 0.000000 (threshold: 0.005000)
  Saved validation predictions to: experiments/12c_h1_rolling/macro_heavy_daily_h1_h18/fold_2023/collapse_monitoring/val_predictions_epoch2.npy
  Gradient norms:
    lstm_encoder: 0.010777
    lstm_decoder: 0.010231
    output_layer: 0.473249
  VSN output std:
    encoder: 0.205707
  Attention entropy: 2.994567
  Saved to: experiments/12c_h1_rolling/macro_heavy_daily_h1_h18/fold_2023/collapse_monitoring/collapse_monitor_latest.json
[DEBUG CollapseMonitor] on_validation_epoch_start called for epoch 3
[DEBUG CollapseMonitor] reset_temporal_state() called on loss function
Epoch 3: val_loss=1.0271642208099365
Epoch 3: train_loss=0.4997722804546356

[CollapseMonitor] Epoch 3
  [DEBUG] Processed 4 batches from val_dataloader
  [DEBUG] Predictions shape after concat: (199,)
  Pred std: 0.006640, range: 0.024898, mean: 0.162893
  Pos: 100.0%, Neg: 0.0%, Unique: 195
  Dir Acc: 44.72%, Pred Sharpe: 389.4377
  Composite: 0.3236 (dist_match: 0.4472, actual_pos: 44.7%, pred_pos: 100.0%)
  Collapse penalty: 0.000000 (threshold: 0.005000)
  Saved validation predictions to: experiments/12c_h1_rolling/macro_heavy_daily_h1_h18/fold_2023/collapse_monitoring/val_predictions_epoch3.npy
  Gradient norms:
    lstm_encoder: 0.008471
    lstm_decoder: 0.008224
    output_layer: 0.396565
  VSN output std:
    encoder: 0.207029
  Attention entropy: 2.994856
  Saved to: experiments/12c_h1_rolling/macro_heavy_daily_h1_h18/fold_2023/collapse_monitoring/collapse_monitor_latest.json
[DEBUG CollapseMonitor] on_validation_epoch_start called for epoch 4
[DEBUG CollapseMonitor] reset_temporal_state() called on loss function
Epoch 4: val_loss=0.9830449819564819
Epoch 4: train_loss=0.46940356492996216

[CollapseMonitor] Epoch 4
  [DEBUG] Processed 4 batches from val_dataloader
  [DEBUG] Predictions shape after concat: (199,)
  Pred std: 0.006186, range: 0.023310, mean: 0.134766
  Pos: 100.0%, Neg: 0.0%, Unique: 198
  Dir Acc: 44.72%, Pred Sharpe: 345.8353
  Composite: 0.3236 (dist_match: 0.4472, actual_pos: 44.7%, pred_pos: 100.0%)
  Collapse penalty: 0.000000 (threshold: 0.005000)
  Saved validation predictions to: experiments/12c_h1_rolling/macro_heavy_daily_h1_h18/fold_2023/collapse_monitoring/val_predictions_epoch4.npy
  Gradient norms:
    lstm_encoder: 0.005956
    lstm_decoder: 0.006121
    output_layer: 0.314266
  VSN output std:
    encoder: 0.208723
  Attention entropy: 2.994916
  Saved to: experiments/12c_h1_rolling/macro_heavy_daily_h1_h18/fold_2023/collapse_monitoring/collapse_monitor_latest.json
[DEBUG CollapseMonitor] on_validation_epoch_start called for epoch 5
[DEBUG CollapseMonitor] reset_temporal_state() called on loss function
Epoch 5: val_loss=0.9470221996307373
Epoch 5: train_loss=0.44867223501205444

[CollapseMonitor] Epoch 5
  [DEBUG] Processed 4 batches from val_dataloader
  [DEBUG] Predictions shape after concat: (199,)
  Pred std: 0.005644, range: 0.021353, mean: 0.116012
  Pos: 100.0%, Neg: 0.0%, Unique: 198
  Dir Acc: 44.72%, Pred Sharpe: 326.3269
  Composite: 0.3236 (dist_match: 0.4472, actual_pos: 44.7%, pred_pos: 100.0%)
  Collapse penalty: 0.000000 (threshold: 0.005000)
  Saved validation predictions to: experiments/12c_h1_rolling/macro_heavy_daily_h1_h18/fold_2023/collapse_monitoring/val_predictions_epoch5.npy
  Gradient norms:
    lstm_encoder: 0.004165
    lstm_decoder: 0.004569
    output_layer: 0.249378
  VSN output std:
    encoder: 0.210280
  Attention entropy: 2.994845
  Saved to: experiments/12c_h1_rolling/macro_heavy_daily_h1_h18/fold_2023/collapse_monitoring/collapse_monitor_latest.json
[DEBUG CollapseMonitor] on_validation_epoch_start called for epoch 6
[DEBUG CollapseMonitor] reset_temporal_state() called on loss function
Epoch 6: val_loss=0.9096693396568298
Epoch 6: train_loss=0.43129605054855347

[CollapseMonitor] Epoch 6
  [DEBUG] Processed 4 batches from val_dataloader
  [DEBUG] Predictions shape after concat: (199,)
  Pred std: 0.005601, range: 0.021280, mean: 0.102204
  Pos: 100.0%, Neg: 0.0%, Unique: 198
  Dir Acc: 44.72%, Pred Sharpe: 289.6478
  Composite: 0.3236 (dist_match: 0.4472, actual_pos: 44.7%, pred_pos: 100.0%)
  Collapse penalty: 0.000000 (threshold: 0.005000)
  Saved validation predictions to: experiments/12c_h1_rolling/macro_heavy_daily_h1_h18/fold_2023/collapse_monitoring/val_predictions_epoch6.npy
  Gradient norms:
    lstm_encoder: 0.003435
    lstm_decoder: 0.003603
    output_layer: 0.203369
  VSN output std:
    encoder: 0.211739
  Attention entropy: 2.994712
  Saved to: experiments/12c_h1_rolling/macro_heavy_daily_h1_h18/fold_2023/collapse_monitoring/collapse_monitor_latest.json
[DEBUG CollapseMonitor] on_validation_epoch_start called for epoch 7
[DEBUG CollapseMonitor] reset_temporal_state() called on loss function
Epoch 7: val_loss=0.8783244490623474
Epoch 7: train_loss=0.41941237449645996

[CollapseMonitor] Epoch 7
  [DEBUG] Processed 4 batches from val_dataloader
  [DEBUG] Predictions shape after concat: (199,)
  Pred std: 0.005266, range: 0.020119, mean: 0.090193
  Pos: 100.0%, Neg: 0.0%, Unique: 196
  Dir Acc: 44.72%, Pred Sharpe: 271.8788
  Composite: 0.3236 (dist_match: 0.4472, actual_pos: 44.7%, pred_pos: 100.0%)
  Collapse penalty: 0.000000 (threshold: 0.005000)
  Saved validation predictions to: experiments/12c_h1_rolling/macro_heavy_daily_h1_h18/fold_2023/collapse_monitoring/val_predictions_epoch7.npy
  Gradient norms:
    lstm_encoder: 0.002773
    lstm_decoder: 0.002888
    output_layer: 0.165863
  VSN output std:
    encoder: 0.213608
  Attention entropy: 2.994656
  Saved to: experiments/12c_h1_rolling/macro_heavy_daily_h1_h18/fold_2023/collapse_monitoring/collapse_monitor_latest.json
[DEBUG CollapseMonitor] on_validation_epoch_start called for epoch 8
[DEBUG CollapseMonitor] reset_temporal_state() called on loss function
Epoch 8: val_loss=0.8570260405540466
Epoch 8: train_loss=0.40928933024406433

[CollapseMonitor] Epoch 8
  [DEBUG] Processed 4 batches from val_dataloader
  [DEBUG] Predictions shape after concat: (199,)
  Pred std: 0.004923, range: 0.018809, mean: 0.084035
  Pos: 100.0%, Neg: 0.0%, Unique: 199
  Dir Acc: 44.72%, Pred Sharpe: 270.9871
  Composite: 0.3236 (dist_match: 0.4472, actual_pos: 44.7%, pred_pos: 100.0%)
  Collapse penalty: 0.000000 (threshold: 0.005000)
  Saved validation predictions to: experiments/12c_h1_rolling/macro_heavy_daily_h1_h18/fold_2023/collapse_monitoring/val_predictions_epoch8.npy
  Gradient norms:
    lstm_encoder: 0.002291
    lstm_decoder: 0.002257
    output_layer: 0.136693
  VSN output std:
    encoder: 0.215217
  Attention entropy: 2.994691
  Saved to: experiments/12c_h1_rolling/macro_heavy_daily_h1_h18/fold_2023/collapse_monitoring/collapse_monitor_latest.json
[DEBUG CollapseMonitor] on_validation_epoch_start called for epoch 9
[DEBUG CollapseMonitor] reset_temporal_state() called on loss function
Epoch 9: val_loss=0.836475133895874
Epoch 9: train_loss=0.4044221043586731

[CollapseMonitor] Epoch 9
  [DEBUG] Processed 4 batches from val_dataloader
  [DEBUG] Predictions shape after concat: (199,)
  Pred std: 0.004539, range: 0.017604, mean: 0.092704
  Pos: 100.0%, Neg: 0.0%, Unique: 198
  Dir Acc: 44.72%, Pred Sharpe: 324.2241
  Composite: 0.3236 (dist_match: 0.4472, actual_pos: 44.7%, pred_pos: 100.0%)
  Collapse penalty: 0.000000 (threshold: 0.005000)
  Saved validation predictions to: experiments/12c_h1_rolling/macro_heavy_daily_h1_h18/fold_2023/collapse_monitoring/val_predictions_epoch9.npy
  Gradient norms:
    lstm_encoder: 0.002417
    lstm_decoder: 0.002227
    output_layer: 0.120636
  VSN output std:
    encoder: 0.217992
  Attention entropy: 2.994704
  Saved to: experiments/12c_h1_rolling/macro_heavy_daily_h1_h18/fold_2023/collapse_monitoring/collapse_monitor_latest.json
[DEBUG CollapseMonitor] on_validation_epoch_start called for epoch 10
[DEBUG CollapseMonitor] reset_temporal_state() called on loss function
Epoch 10: val_loss=0.8228259086608887
Epoch 10: train_loss=0.40124979615211487

[CollapseMonitor] Epoch 10
  [DEBUG] Processed 4 batches from val_dataloader
  [DEBUG] Predictions shape after concat: (199,)
  Pred std: 0.004296, range: 0.016514, mean: 0.091937
  Pos: 100.0%, Neg: 0.0%, Unique: 197
  Dir Acc: 44.72%, Pred Sharpe: 339.6879
  Composite: 0.3236 (dist_match: 0.4472, actual_pos: 44.7%, pred_pos: 100.0%)
  Collapse penalty: 0.000000 (threshold: 0.005000)
  Saved validation predictions to: experiments/12c_h1_rolling/macro_heavy_daily_h1_h18/fold_2023/collapse_monitoring/val_predictions_epoch10.npy
  Gradient norms:
    lstm_encoder: 0.002479
    lstm_decoder: 0.002074
    output_layer: 0.116792
  VSN output std:
    encoder: 0.221812
  Attention entropy: 2.994892
  Saved to: experiments/12c_h1_rolling/macro_heavy_daily_h1_h18/fold_2023/collapse_monitoring/collapse_monitor_latest.json
[DEBUG CollapseMonitor] on_validation_epoch_start called for epoch 11
[DEBUG CollapseMonitor] reset_temporal_state() called on loss function
Epoch 11: val_loss=0.812227725982666
Epoch 11: train_loss=0.3989369869232178

[CollapseMonitor] Epoch 11
  [DEBUG] Processed 4 batches from val_dataloader
  [DEBUG] Predictions shape after concat: (199,)
  Pred std: 0.004037, range: 0.015752, mean: 0.088256
  Pos: 100.0%, Neg: 0.0%, Unique: 195
  Dir Acc: 44.72%, Pred Sharpe: 347.0680
  Composite: 0.3236 (dist_match: 0.4472, actual_pos: 44.7%, pred_pos: 100.0%)
  Collapse penalty: 0.000000 (threshold: 0.005000)
  Saved validation predictions to: experiments/12c_h1_rolling/macro_heavy_daily_h1_h18/fold_2023/collapse_monitoring/val_predictions_epoch11.npy
  Gradient norms:
    lstm_encoder: 0.002270
    lstm_decoder: 0.001901
    output_layer: 0.097347
  VSN output std:
    encoder: 0.225515
  Attention entropy: 2.994952
  Saved to: experiments/12c_h1_rolling/macro_heavy_daily_h1_h18/fold_2023/collapse_monitoring/collapse_monitor_latest.json
[DEBUG CollapseMonitor] on_validation_epoch_start called for epoch 12
[DEBUG CollapseMonitor] reset_temporal_state() called on loss function
Epoch 12: val_loss=0.8004353642463684
Epoch 12: train_loss=0.3934989273548126

[CollapseMonitor] Epoch 12
  [DEBUG] Processed 4 batches from val_dataloader
  [DEBUG] Predictions shape after concat: (199,)
  Pred std: 0.004574, range: 0.017788, mean: 0.101001
  Pos: 100.0%, Neg: 0.0%, Unique: 197
  Dir Acc: 44.72%, Pred Sharpe: 350.5024
  Composite: 0.3236 (dist_match: 0.4472, actual_pos: 44.7%, pred_pos: 100.0%)
  Collapse penalty: 0.000000 (threshold: 0.005000)
  Saved validation predictions to: experiments/12c_h1_rolling/macro_heavy_daily_h1_h18/fold_2023/collapse_monitoring/val_predictions_epoch12.npy
  Gradient norms:
    lstm_encoder: 0.002701
    lstm_decoder: 0.002173
    output_layer: 0.102611
  VSN output std:
    encoder: 0.230243
  Attention entropy: 2.994804
  Saved to: experiments/12c_h1_rolling/macro_heavy_daily_h1_h18/fold_2023/collapse_monitoring/collapse_monitor_latest.json
[DEBUG CollapseMonitor] on_validation_epoch_start called for epoch 13
[DEBUG CollapseMonitor] reset_temporal_state() called on loss function
Epoch 13: val_loss=0.790864109992981
Epoch 13: train_loss=0.39315900206565857

[CollapseMonitor] Epoch 13
  [DEBUG] Processed 4 batches from val_dataloader
  [DEBUG] Predictions shape after concat: (199,)
  Pred std: 0.005293, range: 0.019922, mean: 0.082544
  Pos: 100.0%, Neg: 0.0%, Unique: 196
  Dir Acc: 44.72%, Pred Sharpe: 247.5563
  Composite: 0.3236 (dist_match: 0.4472, actual_pos: 44.7%, pred_pos: 100.0%)
  Collapse penalty: 0.000000 (threshold: 0.005000)
  Saved validation predictions to: experiments/12c_h1_rolling/macro_heavy_daily_h1_h18/fold_2023/collapse_monitoring/val_predictions_epoch13.npy
  Gradient norms:
    lstm_encoder: 0.002712
    lstm_decoder: 0.002042
    output_layer: 0.090473
  VSN output std:
    encoder: 0.234313
  Attention entropy: 2.994684
  Saved to: experiments/12c_h1_rolling/macro_heavy_daily_h1_h18/fold_2023/collapse_monitoring/collapse_monitor_latest.json
[DEBUG CollapseMonitor] on_validation_epoch_start called for epoch 14
[DEBUG CollapseMonitor] reset_temporal_state() called on loss function
Epoch 14: val_loss=0.783778727054596
Epoch 14: train_loss=0.391789048910141

[CollapseMonitor] Epoch 14
  [DEBUG] Processed 4 batches from val_dataloader
  [DEBUG] Predictions shape after concat: (199,)
  Pred std: 0.006453, range: 0.023702, mean: 0.114099
  Pos: 100.0%, Neg: 0.0%, Unique: 199
  Dir Acc: 44.72%, Pred Sharpe: 280.7022
  Composite: 0.3236 (dist_match: 0.4472, actual_pos: 44.7%, pred_pos: 100.0%)
  Collapse penalty: 0.000000 (threshold: 0.005000)
  Saved validation predictions to: experiments/12c_h1_rolling/macro_heavy_daily_h1_h18/fold_2023/collapse_monitoring/val_predictions_epoch14.npy
  Gradient norms:
    lstm_encoder: 0.002909
    lstm_decoder: 0.002267
    output_layer: 0.102587
  VSN output std:
    encoder: 0.237631
  Attention entropy: 2.994488
  Saved to: experiments/12c_h1_rolling/macro_heavy_daily_h1_h18/fold_2023/collapse_monitoring/collapse_monitor_latest.json
[DEBUG CollapseMonitor] on_validation_epoch_start called for epoch 15
[DEBUG CollapseMonitor] reset_temporal_state() called on loss function
Epoch 15: val_loss=0.7771963477134705
Epoch 15: train_loss=0.3903599977493286

[CollapseMonitor] Epoch 15
  [DEBUG] Processed 4 batches from val_dataloader
  [DEBUG] Predictions shape after concat: (199,)
  Pred std: 0.009321, range: 0.031638, mean: 0.124923
  Pos: 100.0%, Neg: 0.0%, Unique: 198
  Dir Acc: 44.72%, Pred Sharpe: 212.7657
  Composite: 0.3236 (dist_match: 0.4472, actual_pos: 44.7%, pred_pos: 100.0%)
  Collapse penalty: 0.000000 (threshold: 0.005000)
  Saved validation predictions to: experiments/12c_h1_rolling/macro_heavy_daily_h1_h18/fold_2023/collapse_monitoring/val_predictions_epoch15.npy
  Gradient norms:
    lstm_encoder: 0.003321
    lstm_decoder: 0.002487
    output_layer: 0.100144
  VSN output std:
    encoder: 0.241344
  Attention entropy: 2.994571
  Saved to: experiments/12c_h1_rolling/macro_heavy_daily_h1_h18/fold_2023/collapse_monitoring/collapse_monitor_latest.json
[DEBUG CollapseMonitor] on_validation_epoch_start called for epoch 16
[DEBUG CollapseMonitor] reset_temporal_state() called on loss function
Epoch 16: val_loss=0.7704789638519287
Epoch 16: train_loss=0.3877643942832947

[CollapseMonitor] Epoch 16
  [DEBUG] Processed 4 batches from val_dataloader
  [DEBUG] Predictions shape after concat: (199,)
  Pred std: 0.012010, range: 0.039902, mean: 0.147479
  Pos: 100.0%, Neg: 0.0%, Unique: 199
  Dir Acc: 44.72%, Pred Sharpe: 194.9266
  Composite: 0.3236 (dist_match: 0.4472, actual_pos: 44.7%, pred_pos: 100.0%)
  Collapse penalty: 0.000000 (threshold: 0.005000)
  Saved validation predictions to: experiments/12c_h1_rolling/macro_heavy_daily_h1_h18/fold_2023/collapse_monitoring/val_predictions_epoch16.npy
  Gradient norms:
    lstm_encoder: 0.002909
    lstm_decoder: 0.002150
    output_layer: 0.087165
  VSN output std:
    encoder: 0.244968
  Attention entropy: 2.994397
  Saved to: experiments/12c_h1_rolling/macro_heavy_daily_h1_h18/fold_2023/collapse_monitoring/collapse_monitor_latest.json
[DEBUG CollapseMonitor] on_validation_epoch_start called for epoch 17
[DEBUG CollapseMonitor] reset_temporal_state() called on loss function
Epoch 17: val_loss=0.7639056444168091
Epoch 17: train_loss=0.38865718245506287

[CollapseMonitor] Epoch 17
  [DEBUG] Processed 4 batches from val_dataloader
  [DEBUG] Predictions shape after concat: (199,)
  Pred std: 0.015020, range: 0.049489, mean: 0.191592
  Pos: 100.0%, Neg: 0.0%, Unique: 198
  Dir Acc: 44.72%, Pred Sharpe: 202.4862
  Composite: 0.3236 (dist_match: 0.4472, actual_pos: 44.7%, pred_pos: 100.0%)
  Collapse penalty: 0.000000 (threshold: 0.005000)
  Saved validation predictions to: experiments/12c_h1_rolling/macro_heavy_daily_h1_h18/fold_2023/collapse_monitoring/val_predictions_epoch17.npy
  Gradient norms:
    lstm_encoder: 0.003624
    lstm_decoder: 0.002626
    output_layer: 0.093495
  VSN output std:
    encoder: 0.247525
  Attention entropy: 2.994194
  Saved to: experiments/12c_h1_rolling/macro_heavy_daily_h1_h18/fold_2023/collapse_monitoring/collapse_monitor_latest.json
[DEBUG CollapseMonitor] on_validation_epoch_start called for epoch 18
[DEBUG CollapseMonitor] reset_temporal_state() called on loss function
Epoch 18: val_loss=0.7590463757514954
Epoch 18: train_loss=0.38781556487083435

[CollapseMonitor] Epoch 18
  [DEBUG] Processed 4 batches from val_dataloader
  [DEBUG] Predictions shape after concat: (199,)
  Pred std: 0.016163, range: 0.053626, mean: 0.201398
  Pos: 100.0%, Neg: 0.0%, Unique: 199
  Dir Acc: 44.72%, Pred Sharpe: 197.7998
  Composite: 0.3236 (dist_match: 0.4472, actual_pos: 44.7%, pred_pos: 100.0%)
  Collapse penalty: 0.000000 (threshold: 0.005000)
  Saved validation predictions to: experiments/12c_h1_rolling/macro_heavy_daily_h1_h18/fold_2023/collapse_monitoring/val_predictions_epoch18.npy
  Gradient norms:
    lstm_encoder: 0.003911
    lstm_decoder: 0.002628
    output_layer: 0.088964
  VSN output std:
    encoder: 0.250025
  Attention entropy: 2.993717
  Saved to: experiments/12c_h1_rolling/macro_heavy_daily_h1_h18/fold_2023/collapse_monitoring/collapse_monitor_latest.json
[DEBUG CollapseMonitor] on_validation_epoch_start called for epoch 19
[DEBUG CollapseMonitor] reset_temporal_state() called on loss function
Epoch 19: val_loss=0.7551071047782898
Epoch 19: train_loss=0.385193794965744

[CollapseMonitor] Epoch 19
  [DEBUG] Processed 4 batches from val_dataloader
  [DEBUG] Predictions shape after concat: (199,)
  Pred std: 0.015840, range: 0.053023, mean: 0.176580
  Pos: 100.0%, Neg: 0.0%, Unique: 199
  Dir Acc: 44.72%, Pred Sharpe: 176.9645
  Composite: 0.3236 (dist_match: 0.4472, actual_pos: 44.7%, pred_pos: 100.0%)
  Collapse penalty: 0.000000 (threshold: 0.005000)
  Saved validation predictions to: experiments/12c_h1_rolling/macro_heavy_daily_h1_h18/fold_2023/collapse_monitoring/val_predictions_epoch19.npy
  Gradient norms:
    lstm_encoder: 0.004158
    lstm_decoder: 0.002810
    output_layer: 0.090485
  VSN output std:
    encoder: 0.251632
  Attention entropy: 2.992974
  Saved to: experiments/12c_h1_rolling/macro_heavy_daily_h1_h18/fold_2023/collapse_monitoring/collapse_monitor_latest.json
[DEBUG CollapseMonitor] on_validation_epoch_start called for epoch 20
[DEBUG CollapseMonitor] reset_temporal_state() called on loss function
Epoch 20: val_loss=0.7501083612442017
Epoch 20: train_loss=0.3845272958278656

[CollapseMonitor] Epoch 20
  [DEBUG] Processed 4 batches from val_dataloader
  [DEBUG] Predictions shape after concat: (199,)
  Pred std: 0.016361, range: 0.054735, mean: 0.203354
  Pos: 100.0%, Neg: 0.0%, Unique: 198
  Dir Acc: 44.72%, Pred Sharpe: 197.3073
  Composite: 0.3236 (dist_match: 0.4472, actual_pos: 44.7%, pred_pos: 100.0%)
  Collapse penalty: 0.000000 (threshold: 0.005000)
  Saved validation predictions to: experiments/12c_h1_rolling/macro_heavy_daily_h1_h18/fold_2023/collapse_monitoring/val_predictions_epoch20.npy
  Gradient norms:
    lstm_encoder: 0.004656
    lstm_decoder: 0.003127
    output_layer: 0.097914
  VSN output std:
    encoder: 0.252786
  Attention entropy: 2.992543
  Saved to: experiments/12c_h1_rolling/macro_heavy_daily_h1_h18/fold_2023/collapse_monitoring/collapse_monitor_latest.json
[DEBUG CollapseMonitor] on_validation_epoch_start called for epoch 21
[DEBUG CollapseMonitor] reset_temporal_state() called on loss function
Epoch 21: val_loss=0.7458072900772095
Epoch 21: train_loss=0.3843577802181244

[CollapseMonitor] Epoch 21
  [DEBUG] Processed 4 batches from val_dataloader
  [DEBUG] Predictions shape after concat: (199,)
  Pred std: 0.017467, range: 0.058901, mean: 0.219292
  Pos: 100.0%, Neg: 0.0%, Unique: 199
  Dir Acc: 44.72%, Pred Sharpe: 199.2945
  Composite: 0.3236 (dist_match: 0.4472, actual_pos: 44.7%, pred_pos: 100.0%)
  Collapse penalty: 0.000000 (threshold: 0.005000)
  Saved validation predictions to: experiments/12c_h1_rolling/macro_heavy_daily_h1_h18/fold_2023/collapse_monitoring/val_predictions_epoch21.npy
  Gradient norms:
    lstm_encoder: 0.004741
    lstm_decoder: 0.003094
    output_layer: 0.096867
  VSN output std:
    encoder: 0.253987
  Attention entropy: 2.990948
  Saved to: experiments/12c_h1_rolling/macro_heavy_daily_h1_h18/fold_2023/collapse_monitoring/collapse_monitor_latest.json
[DEBUG CollapseMonitor] on_validation_epoch_start called for epoch 22
[DEBUG CollapseMonitor] reset_temporal_state() called on loss function
Epoch 22: val_loss=0.7422019839286804
Epoch 22: train_loss=0.3842335045337677

[CollapseMonitor] Epoch 22
  [DEBUG] Processed 4 batches from val_dataloader
  [DEBUG] Predictions shape after concat: (199,)
  Pred std: 0.018994, range: 0.064786, mean: 0.202488
  Pos: 100.0%, Neg: 0.0%, Unique: 199
  Dir Acc: 44.72%, Pred Sharpe: 169.2330
  Composite: 0.3236 (dist_match: 0.4472, actual_pos: 44.7%, pred_pos: 100.0%)
  Collapse penalty: 0.000000 (threshold: 0.005000)
  Saved validation predictions to: experiments/12c_h1_rolling/macro_heavy_daily_h1_h18/fold_2023/collapse_monitoring/val_predictions_epoch22.npy
  Gradient norms:
    lstm_encoder: 0.004536
    lstm_decoder: 0.002981
    output_layer: 0.083458
  VSN output std:
    encoder: 0.254905
  Attention entropy: 2.988209
  Saved to: experiments/12c_h1_rolling/macro_heavy_daily_h1_h18/fold_2023/collapse_monitoring/collapse_monitor_latest.json
[DEBUG CollapseMonitor] on_validation_epoch_start called for epoch 23
[DEBUG CollapseMonitor] reset_temporal_state() called on loss function
Epoch 23: val_loss=0.7395627498626709
Epoch 23: train_loss=0.3833022117614746

[CollapseMonitor] Epoch 23
  [DEBUG] Processed 4 batches from val_dataloader
  [DEBUG] Predictions shape after concat: (199,)
  Pred std: 0.021287, range: 0.072838, mean: 0.242432
  Pos: 100.0%, Neg: 0.0%, Unique: 199
  Dir Acc: 44.72%, Pred Sharpe: 180.7864
  Composite: 0.3236 (dist_match: 0.4472, actual_pos: 44.7%, pred_pos: 100.0%)
  Collapse penalty: 0.000000 (threshold: 0.005000)
  Saved validation predictions to: experiments/12c_h1_rolling/macro_heavy_daily_h1_h18/fold_2023/collapse_monitoring/val_predictions_epoch23.npy
  Gradient norms:
    lstm_encoder: 0.005115
    lstm_decoder: 0.003187
    output_layer: 0.083797
  VSN output std:
    encoder: 0.256352
  Attention entropy: 2.986619
  Saved to: experiments/12c_h1_rolling/macro_heavy_daily_h1_h18/fold_2023/collapse_monitoring/collapse_monitor_latest.json
[DEBUG CollapseMonitor] on_validation_epoch_start called for epoch 24
[DEBUG CollapseMonitor] reset_temporal_state() called on loss function
Epoch 24: val_loss=0.7357969284057617
Epoch 24: train_loss=0.3828984200954437

[CollapseMonitor] Epoch 24
  [DEBUG] Processed 4 batches from val_dataloader
  [DEBUG] Predictions shape after concat: (199,)
  Pred std: 0.020810, range: 0.071609, mean: 0.206736
  Pos: 100.0%, Neg: 0.0%, Unique: 198
  Dir Acc: 44.72%, Pred Sharpe: 157.7076
  Composite: 0.3236 (dist_match: 0.4472, actual_pos: 44.7%, pred_pos: 100.0%)
  Collapse penalty: 0.000000 (threshold: 0.005000)
  Saved validation predictions to: experiments/12c_h1_rolling/macro_heavy_daily_h1_h18/fold_2023/collapse_monitoring/val_predictions_epoch24.npy
  Gradient norms:
    lstm_encoder: 0.005671
    lstm_decoder: 0.003378
    output_layer: 0.085399
  VSN output std:
    encoder: 0.256935
  Attention entropy: 2.985566
  Saved to: experiments/12c_h1_rolling/macro_heavy_daily_h1_h18/fold_2023/collapse_monitoring/collapse_monitor_latest.json
[DEBUG CollapseMonitor] on_validation_epoch_start called for epoch 25
[DEBUG CollapseMonitor] reset_temporal_state() called on loss function
Epoch 25: val_loss=0.7330705523490906
Epoch 25: train_loss=0.3829357624053955

[CollapseMonitor] Epoch 25
  [DEBUG] Processed 4 batches from val_dataloader
  [DEBUG] Predictions shape after concat: (199,)
  Pred std: 0.023329, range: 0.080927, mean: 0.197115
  Pos: 100.0%, Neg: 0.0%, Unique: 199
  Dir Acc: 44.72%, Pred Sharpe: 134.1312
  Composite: 0.3236 (dist_match: 0.4472, actual_pos: 44.7%, pred_pos: 100.0%)
  Collapse penalty: 0.000000 (threshold: 0.005000)
  Saved validation predictions to: experiments/12c_h1_rolling/macro_heavy_daily_h1_h18/fold_2023/collapse_monitoring/val_predictions_epoch25.npy
  Gradient norms:
    lstm_encoder: 0.005769
    lstm_decoder: 0.003577
    output_layer: 0.091373
  VSN output std:
    encoder: 0.258317
  Attention entropy: 2.981590
  Saved to: experiments/12c_h1_rolling/macro_heavy_daily_h1_h18/fold_2023/collapse_monitoring/collapse_monitor_latest.json
[DEBUG CollapseMonitor] on_validation_epoch_start called for epoch 26
[DEBUG CollapseMonitor] reset_temporal_state() called on loss function
Epoch 26: val_loss=0.7292976379394531
Epoch 26: train_loss=0.378478080034256

[CollapseMonitor] Epoch 26
  [DEBUG] Processed 4 batches from val_dataloader
  [DEBUG] Predictions shape after concat: (199,)
  Pred std: 0.024915, range: 0.086368, mean: 0.205230
  Pos: 100.0%, Neg: 0.0%, Unique: 198
  Dir Acc: 44.72%, Pred Sharpe: 130.7624
  Composite: 0.3236 (dist_match: 0.4472, actual_pos: 44.7%, pred_pos: 100.0%)
  Collapse penalty: 0.000000 (threshold: 0.005000)
  Saved validation predictions to: experiments/12c_h1_rolling/macro_heavy_daily_h1_h18/fold_2023/collapse_monitoring/val_predictions_epoch26.npy
  Gradient norms:
    lstm_encoder: 0.006308
    lstm_decoder: 0.004018
    output_layer: 0.089597
  VSN output std:
    encoder: 0.258890
  Attention entropy: 2.981905
  Saved to: experiments/12c_h1_rolling/macro_heavy_daily_h1_h18/fold_2023/collapse_monitoring/collapse_monitor_latest.json
[DEBUG CollapseMonitor] on_validation_epoch_start called for epoch 27
[DEBUG CollapseMonitor] reset_temporal_state() called on loss function
Epoch 27: val_loss=0.7257441878318787
Epoch 27: train_loss=0.3790973126888275

[CollapseMonitor] Epoch 27
  [DEBUG] Processed 4 batches from val_dataloader
  [DEBUG] Predictions shape after concat: (199,)
  Pred std: 0.028904, range: 0.100421, mean: 0.227673
  Pos: 100.0%, Neg: 0.0%, Unique: 199
  Dir Acc: 44.72%, Pred Sharpe: 125.0400
  Composite: 0.3236 (dist_match: 0.4472, actual_pos: 44.7%, pred_pos: 100.0%)
  Collapse penalty: 0.000000 (threshold: 0.005000)
  Saved validation predictions to: experiments/12c_h1_rolling/macro_heavy_daily_h1_h18/fold_2023/collapse_monitoring/val_predictions_epoch27.npy
  Gradient norms:
    lstm_encoder: 0.005715
    lstm_decoder: 0.003698
    output_layer: 0.089076
  VSN output std:
    encoder: 0.259858
  Attention entropy: 2.979417
  Saved to: experiments/12c_h1_rolling/macro_heavy_daily_h1_h18/fold_2023/collapse_monitoring/collapse_monitor_latest.json
[DEBUG CollapseMonitor] on_validation_epoch_start called for epoch 28
[DEBUG CollapseMonitor] reset_temporal_state() called on loss function
Epoch 28: val_loss=0.7235900163650513
Epoch 28: train_loss=0.3795958459377289

[CollapseMonitor] Epoch 28
  [DEBUG] Processed 4 batches from val_dataloader
  [DEBUG] Predictions shape after concat: (199,)
  Pred std: 0.033684, range: 0.117112, mean: 0.226640
  Pos: 100.0%, Neg: 0.0%, Unique: 199
  Dir Acc: 44.72%, Pred Sharpe: 106.8107
  Composite: 0.3236 (dist_match: 0.4472, actual_pos: 44.7%, pred_pos: 100.0%)
  Collapse penalty: 0.000000 (threshold: 0.005000)
  Saved validation predictions to: experiments/12c_h1_rolling/macro_heavy_daily_h1_h18/fold_2023/collapse_monitoring/val_predictions_epoch28.npy
  Gradient norms:
    lstm_encoder: 0.006307
    lstm_decoder: 0.003700
    output_layer: 0.083800
  VSN output std:
    encoder: 0.260354
  Attention entropy: 2.976632
  Saved to: experiments/12c_h1_rolling/macro_heavy_daily_h1_h18/fold_2023/collapse_monitoring/collapse_monitor_latest.json
[DEBUG CollapseMonitor] on_validation_epoch_start called for epoch 29
[DEBUG CollapseMonitor] reset_temporal_state() called on loss function
Epoch 29: val_loss=0.7219610810279846
Epoch 29: train_loss=0.37762314081192017

[CollapseMonitor] Epoch 29
  [DEBUG] Processed 4 batches from val_dataloader
  [DEBUG] Predictions shape after concat: (199,)
  Pred std: 0.036151, range: 0.126988, mean: 0.244886
  Pos: 100.0%, Neg: 0.0%, Unique: 199
  Dir Acc: 44.72%, Pred Sharpe: 107.5324
  Composite: 0.3236 (dist_match: 0.4472, actual_pos: 44.7%, pred_pos: 100.0%)
  Collapse penalty: 0.000000 (threshold: 0.005000)
  Saved validation predictions to: experiments/12c_h1_rolling/macro_heavy_daily_h1_h18/fold_2023/collapse_monitoring/val_predictions_epoch29.npy
  Gradient norms:
    lstm_encoder: 0.006248
    lstm_decoder: 0.003923
    output_layer: 0.086905
  VSN output std:
    encoder: 0.260700
  Attention entropy: 2.972021
  Saved to: experiments/12c_h1_rolling/macro_heavy_daily_h1_h18/fold_2023/collapse_monitoring/collapse_monitor_latest.json
[DEBUG CollapseMonitor] on_validation_epoch_start called for epoch 30
[DEBUG CollapseMonitor] reset_temporal_state() called on loss function
Epoch 30: val_loss=0.7195833921432495
Epoch 30: train_loss=0.3777380883693695

[CollapseMonitor] Epoch 30
  [DEBUG] Processed 4 batches from val_dataloader
  [DEBUG] Predictions shape after concat: (199,)
  Pred std: 0.038245, range: 0.135188, mean: 0.240246
  Pos: 100.0%, Neg: 0.0%, Unique: 199
  Dir Acc: 44.72%, Pred Sharpe: 99.7199
  Composite: 0.3236 (dist_match: 0.4472, actual_pos: 44.7%, pred_pos: 100.0%)
  Collapse penalty: 0.000000 (threshold: 0.005000)
  Saved validation predictions to: experiments/12c_h1_rolling/macro_heavy_daily_h1_h18/fold_2023/collapse_monitoring/val_predictions_epoch30.npy
  Gradient norms:
    lstm_encoder: 0.007091
    lstm_decoder: 0.004382
    output_layer: 0.094971
  VSN output std:
    encoder: 0.261230
  Attention entropy: 2.966205
  Saved to: experiments/12c_h1_rolling/macro_heavy_daily_h1_h18/fold_2023/collapse_monitoring/collapse_monitor_latest.json
[DEBUG CollapseMonitor] on_validation_epoch_start called for epoch 31
[DEBUG CollapseMonitor] reset_temporal_state() called on loss function
Epoch 31: val_loss=0.7165356278419495
Epoch 31: train_loss=0.37283074855804443

[CollapseMonitor] Epoch 31
  [DEBUG] Processed 4 batches from val_dataloader
  [DEBUG] Predictions shape after concat: (199,)
  Pred std: 0.037327, range: 0.132745, mean: 0.241127
  Pos: 100.0%, Neg: 0.0%, Unique: 199
  Dir Acc: 44.72%, Pred Sharpe: 102.5481
  Composite: 0.3236 (dist_match: 0.4472, actual_pos: 44.7%, pred_pos: 100.0%)
  Collapse penalty: 0.000000 (threshold: 0.005000)
  Saved validation predictions to: experiments/12c_h1_rolling/macro_heavy_daily_h1_h18/fold_2023/collapse_monitoring/val_predictions_epoch31.npy
  Gradient norms:
    lstm_encoder: 0.007323
    lstm_decoder: 0.004425
    output_layer: 0.098843
  VSN output std:
    encoder: 0.261402
  Attention entropy: 2.960929
  Saved to: experiments/12c_h1_rolling/macro_heavy_daily_h1_h18/fold_2023/collapse_monitoring/collapse_monitor_latest.json
[DEBUG CollapseMonitor] on_validation_epoch_start called for epoch 32
[DEBUG CollapseMonitor] reset_temporal_state() called on loss function
Epoch 32: val_loss=0.7142689228057861
Epoch 32: train_loss=0.3737442195415497

[CollapseMonitor] Epoch 32
  [DEBUG] Processed 4 batches from val_dataloader
  [DEBUG] Predictions shape after concat: (199,)
  Pred std: 0.040447, range: 0.145140, mean: 0.237564
  Pos: 100.0%, Neg: 0.0%, Unique: 199
  Dir Acc: 44.72%, Pred Sharpe: 93.2377
  Composite: 0.3236 (dist_match: 0.4472, actual_pos: 44.7%, pred_pos: 100.0%)
  Collapse penalty: 0.000000 (threshold: 0.005000)
  Saved validation predictions to: experiments/12c_h1_rolling/macro_heavy_daily_h1_h18/fold_2023/collapse_monitoring/val_predictions_epoch32.npy
  Gradient norms:
    lstm_encoder: 0.007481
    lstm_decoder: 0.004675
    output_layer: 0.090416
  VSN output std:
    encoder: 0.261832
  Attention entropy: 2.950788
  Saved to: experiments/12c_h1_rolling/macro_heavy_daily_h1_h18/fold_2023/collapse_monitoring/collapse_monitor_latest.json
[DEBUG CollapseMonitor] on_validation_epoch_start called for epoch 33
[DEBUG CollapseMonitor] reset_temporal_state() called on loss function
Epoch 33: val_loss=0.711437463760376
Epoch 33: train_loss=0.3705223500728607

[CollapseMonitor] Epoch 33
  [DEBUG] Processed 4 batches from val_dataloader
  [DEBUG] Predictions shape after concat: (199,)
  Pred std: 0.041486, range: 0.150097, mean: 0.241931
  Pos: 100.0%, Neg: 0.0%, Unique: 199
  Dir Acc: 44.72%, Pred Sharpe: 92.5739
  Composite: 0.3236 (dist_match: 0.4472, actual_pos: 44.7%, pred_pos: 100.0%)
  Collapse penalty: 0.000000 (threshold: 0.005000)
  Saved validation predictions to: experiments/12c_h1_rolling/macro_heavy_daily_h1_h18/fold_2023/collapse_monitoring/val_predictions_epoch33.npy
  Gradient norms:
    lstm_encoder: 0.007360
    lstm_decoder: 0.004533
    output_layer: 0.092028
  VSN output std:
    encoder: 0.261562
  Attention entropy: 2.945252
  Saved to: experiments/12c_h1_rolling/macro_heavy_daily_h1_h18/fold_2023/collapse_monitoring/collapse_monitor_latest.json
[DEBUG CollapseMonitor] on_validation_epoch_start called for epoch 34
[DEBUG CollapseMonitor] reset_temporal_state() called on loss function
Epoch 34: val_loss=0.7078650593757629
Epoch 34: train_loss=0.37561044096946716

[CollapseMonitor] Epoch 34
  [DEBUG] Processed 4 batches from val_dataloader
  [DEBUG] Predictions shape after concat: (199,)
  Pred std: 0.039365, range: 0.143648, mean: 0.233022
  Pos: 100.0%, Neg: 0.0%, Unique: 198
  Dir Acc: 44.72%, Pred Sharpe: 93.9701
  Composite: 0.3236 (dist_match: 0.4472, actual_pos: 44.7%, pred_pos: 100.0%)
  Collapse penalty: 0.000000 (threshold: 0.005000)
  Saved validation predictions to: experiments/12c_h1_rolling/macro_heavy_daily_h1_h18/fold_2023/collapse_monitoring/val_predictions_epoch34.npy
  Gradient norms:
    lstm_encoder: 0.009043
    lstm_decoder: 0.005529
    output_layer: 0.109088
  VSN output std:
    encoder: 0.261532
  Attention entropy: 2.938286
  Saved to: experiments/12c_h1_rolling/macro_heavy_daily_h1_h18/fold_2023/collapse_monitoring/collapse_monitor_latest.json
[DEBUG CollapseMonitor] on_validation_epoch_start called for epoch 35
[DEBUG CollapseMonitor] reset_temporal_state() called on loss function
Epoch 35: val_loss=0.7062243819236755
Epoch 35: train_loss=0.3752020299434662

[CollapseMonitor] Epoch 35
  [DEBUG] Processed 4 batches from val_dataloader
  [DEBUG] Predictions shape after concat: (199,)
  Pred std: 0.040331, range: 0.148261, mean: 0.255268
  Pos: 100.0%, Neg: 0.0%, Unique: 198
  Dir Acc: 44.72%, Pred Sharpe: 100.4743
  Composite: 0.3236 (dist_match: 0.4472, actual_pos: 44.7%, pred_pos: 100.0%)
  Collapse penalty: 0.000000 (threshold: 0.005000)
  Saved validation predictions to: experiments/12c_h1_rolling/macro_heavy_daily_h1_h18/fold_2023/collapse_monitoring/val_predictions_epoch35.npy
  Gradient norms:
    lstm_encoder: 0.007972
    lstm_decoder: 0.004606
    output_layer: 0.085709
  VSN output std:
    encoder: 0.261755
  Attention entropy: 2.935979
  Saved to: experiments/12c_h1_rolling/macro_heavy_daily_h1_h18/fold_2023/collapse_monitoring/collapse_monitor_latest.json
[DEBUG CollapseMonitor] on_validation_epoch_start called for epoch 36
[DEBUG CollapseMonitor] reset_temporal_state() called on loss function
Epoch 36: val_loss=0.7041349411010742
Epoch 36: train_loss=0.37466487288475037

[CollapseMonitor] Epoch 36
  [DEBUG] Processed 4 batches from val_dataloader
  [DEBUG] Predictions shape after concat: (199,)
  Pred std: 0.041087, range: 0.152310, mean: 0.255444
  Pos: 100.0%, Neg: 0.0%, Unique: 199
  Dir Acc: 44.72%, Pred Sharpe: 98.6931
  Composite: 0.3236 (dist_match: 0.4472, actual_pos: 44.7%, pred_pos: 100.0%)
  Collapse penalty: 0.000000 (threshold: 0.005000)
  Saved validation predictions to: experiments/12c_h1_rolling/macro_heavy_daily_h1_h18/fold_2023/collapse_monitoring/val_predictions_epoch36.npy
  Gradient norms:
    lstm_encoder: 0.009696
    lstm_decoder: 0.005434
    output_layer: 0.089656
  VSN output std:
    encoder: 0.261660
  Attention entropy: 2.929302
  Saved to: experiments/12c_h1_rolling/macro_heavy_daily_h1_h18/fold_2023/collapse_monitoring/collapse_monitor_latest.json
[DEBUG CollapseMonitor] on_validation_epoch_start called for epoch 37
[DEBUG CollapseMonitor] reset_temporal_state() called on loss function
Epoch 37: val_loss=0.7028983235359192
Epoch 37: train_loss=0.37363648414611816

[CollapseMonitor] Epoch 37
  [DEBUG] Processed 4 batches from val_dataloader
  [DEBUG] Predictions shape after concat: (199,)
  Pred std: 0.042876, range: 0.160738, mean: 0.281204
  Pos: 100.0%, Neg: 0.0%, Unique: 199
  Dir Acc: 44.72%, Pred Sharpe: 104.1144
  Composite: 0.3236 (dist_match: 0.4472, actual_pos: 44.7%, pred_pos: 100.0%)
  Collapse penalty: 0.000000 (threshold: 0.005000)
  Saved validation predictions to: experiments/12c_h1_rolling/macro_heavy_daily_h1_h18/fold_2023/collapse_monitoring/val_predictions_epoch37.npy
  Gradient norms:
    lstm_encoder: 0.008345
    lstm_decoder: 0.004976
    output_layer: 0.093513
  VSN output std:
    encoder: 0.261169
  Attention entropy: 2.920721
  Saved to: experiments/12c_h1_rolling/macro_heavy_daily_h1_h18/fold_2023/collapse_monitoring/collapse_monitor_latest.json
[DEBUG CollapseMonitor] on_validation_epoch_start called for epoch 38
[DEBUG CollapseMonitor] reset_temporal_state() called on loss function
Epoch 38: val_loss=0.7003632187843323
Epoch 38: train_loss=0.37433162331581116

[CollapseMonitor] Epoch 38
  [DEBUG] Processed 4 batches from val_dataloader
  [DEBUG] Predictions shape after concat: (199,)
  Pred std: 0.042186, range: 0.156632, mean: 0.252004
  Pos: 100.0%, Neg: 0.0%, Unique: 199
  Dir Acc: 44.72%, Pred Sharpe: 94.8279
  Composite: 0.3236 (dist_match: 0.4472, actual_pos: 44.7%, pred_pos: 100.0%)
  Collapse penalty: 0.000000 (threshold: 0.005000)
  Saved validation predictions to: experiments/12c_h1_rolling/macro_heavy_daily_h1_h18/fold_2023/collapse_monitoring/val_predictions_epoch38.npy
  Gradient norms:
    lstm_encoder: 0.009011
    lstm_decoder: 0.005108
    output_layer: 0.093249
  VSN output std:
    encoder: 0.260761
  Attention entropy: 2.913541
  Saved to: experiments/12c_h1_rolling/macro_heavy_daily_h1_h18/fold_2023/collapse_monitoring/collapse_monitor_latest.json
[DEBUG CollapseMonitor] on_validation_epoch_start called for epoch 39
[DEBUG CollapseMonitor] reset_temporal_state() called on loss function
Epoch 39: val_loss=0.6997113227844238
Epoch 39: train_loss=0.3717418611049652

[CollapseMonitor] Epoch 39
  [DEBUG] Processed 4 batches from val_dataloader
  [DEBUG] Predictions shape after concat: (199,)
  Pred std: 0.045462, range: 0.170177, mean: 0.293651
  Pos: 100.0%, Neg: 0.0%, Unique: 199
  Dir Acc: 44.72%, Pred Sharpe: 102.5385
  Composite: 0.3236 (dist_match: 0.4472, actual_pos: 44.7%, pred_pos: 100.0%)
  Collapse penalty: 0.000000 (threshold: 0.005000)
  Saved validation predictions to: experiments/12c_h1_rolling/macro_heavy_daily_h1_h18/fold_2023/collapse_monitoring/val_predictions_epoch39.npy
  Gradient norms:
    lstm_encoder: 0.010026
    lstm_decoder: 0.005482
    output_layer: 0.091403
  VSN output std:
    encoder: 0.260865
  Attention entropy: 2.913764
  Saved to: experiments/12c_h1_rolling/macro_heavy_daily_h1_h18/fold_2023/collapse_monitoring/collapse_monitor_latest.json
[DEBUG CollapseMonitor] on_validation_epoch_start called for epoch 40
[DEBUG CollapseMonitor] reset_temporal_state() called on loss function
Epoch 40: val_loss=0.6963915228843689
Epoch 40: train_loss=0.37229281663894653

[CollapseMonitor] Epoch 40
  [DEBUG] Processed 4 batches from val_dataloader
  [DEBUG] Predictions shape after concat: (199,)
  Pred std: 0.048632, range: 0.181001, mean: 0.272590
  Pos: 100.0%, Neg: 0.0%, Unique: 199
  Dir Acc: 44.72%, Pred Sharpe: 88.9788
  Composite: 0.3236 (dist_match: 0.4472, actual_pos: 44.7%, pred_pos: 100.0%)
  Collapse penalty: 0.000000 (threshold: 0.005000)
  Saved validation predictions to: experiments/12c_h1_rolling/macro_heavy_daily_h1_h18/fold_2023/collapse_monitoring/val_predictions_epoch40.npy
  Gradient norms:
    lstm_encoder: 0.009846
    lstm_decoder: 0.005487
    output_layer: 0.093418
  VSN output std:
    encoder: 0.260498
  Attention entropy: 2.911920
  Saved to: experiments/12c_h1_rolling/macro_heavy_daily_h1_h18/fold_2023/collapse_monitoring/collapse_monitor_latest.json
[DEBUG CollapseMonitor] on_validation_epoch_start called for epoch 41
[DEBUG CollapseMonitor] reset_temporal_state() called on loss function
Epoch 41: val_loss=0.6958598494529724
Epoch 41: train_loss=0.3709234297275543

[CollapseMonitor] Epoch 41
  [DEBUG] Processed 4 batches from val_dataloader
  [DEBUG] Predictions shape after concat: (199,)
  Pred std: 0.053986, range: 0.203994, mean: 0.299414
  Pos: 100.0%, Neg: 0.0%, Unique: 199
  Dir Acc: 44.72%, Pred Sharpe: 88.0414
  Composite: 0.3236 (dist_match: 0.4472, actual_pos: 44.7%, pred_pos: 100.0%)
  Collapse penalty: 0.000000 (threshold: 0.005000)
  Saved validation predictions to: experiments/12c_h1_rolling/macro_heavy_daily_h1_h18/fold_2023/collapse_monitoring/val_predictions_epoch41.npy
  Gradient norms:
    lstm_encoder: 0.010903
    lstm_decoder: 0.005937
    output_layer: 0.088006
  VSN output std:
    encoder: 0.260421
  Attention entropy: 2.900031
  Saved to: experiments/12c_h1_rolling/macro_heavy_daily_h1_h18/fold_2023/collapse_monitoring/collapse_monitor_latest.json
[DEBUG CollapseMonitor] on_validation_epoch_start called for epoch 42
[DEBUG CollapseMonitor] reset_temporal_state() called on loss function
Epoch 42: val_loss=0.6939330697059631
Epoch 42: train_loss=0.37024986743927

[CollapseMonitor] Epoch 42
  [DEBUG] Processed 4 batches from val_dataloader
  [DEBUG] Predictions shape after concat: (199,)
  Pred std: 0.056035, range: 0.210724, mean: 0.301420
  Pos: 100.0%, Neg: 0.0%, Unique: 199
  Dir Acc: 44.72%, Pred Sharpe: 85.3906
  Composite: 0.3236 (dist_match: 0.4472, actual_pos: 44.7%, pred_pos: 100.0%)
  Collapse penalty: 0.000000 (threshold: 0.005000)
  Saved validation predictions to: experiments/12c_h1_rolling/macro_heavy_daily_h1_h18/fold_2023/collapse_monitoring/val_predictions_epoch42.npy
  Gradient norms:
    lstm_encoder: 0.012212
    lstm_decoder: 0.006924
    output_layer: 0.093971
  VSN output std:
    encoder: 0.259880
  Attention entropy: 2.894176
  Saved to: experiments/12c_h1_rolling/macro_heavy_daily_h1_h18/fold_2023/collapse_monitoring/collapse_monitor_latest.json
[DEBUG CollapseMonitor] on_validation_epoch_start called for epoch 43
[DEBUG CollapseMonitor] reset_temporal_state() called on loss function
Epoch 43: val_loss=0.6915187239646912
Epoch 43: train_loss=0.367300808429718

[CollapseMonitor] Epoch 43
  [DEBUG] Processed 4 batches from val_dataloader
  [DEBUG] Predictions shape after concat: (199,)
  Pred std: 0.054083, range: 0.200727, mean: 0.279996
  Pos: 100.0%, Neg: 0.0%, Unique: 199
  Dir Acc: 44.72%, Pred Sharpe: 82.1854
  Composite: 0.3236 (dist_match: 0.4472, actual_pos: 44.7%, pred_pos: 100.0%)
  Collapse penalty: 0.000000 (threshold: 0.005000)
  Saved validation predictions to: experiments/12c_h1_rolling/macro_heavy_daily_h1_h18/fold_2023/collapse_monitoring/val_predictions_epoch43.npy
  Gradient norms:
    lstm_encoder: 0.011687
    lstm_decoder: 0.005881
    output_layer: 0.087731
  VSN output std:
    encoder: 0.259507
  Attention entropy: 2.886055
  Saved to: experiments/12c_h1_rolling/macro_heavy_daily_h1_h18/fold_2023/collapse_monitoring/collapse_monitor_latest.json
[DEBUG CollapseMonitor] on_validation_epoch_start called for epoch 44
[DEBUG CollapseMonitor] reset_temporal_state() called on loss function
Epoch 44: val_loss=0.6897273063659668
Epoch 44: train_loss=0.36953628063201904

[CollapseMonitor] Epoch 44
  [DEBUG] Processed 4 batches from val_dataloader
  [DEBUG] Predictions shape after concat: (199,)
  Pred std: 0.058300, range: 0.215772, mean: 0.281189
  Pos: 100.0%, Neg: 0.0%, Unique: 199
  Dir Acc: 44.72%, Pred Sharpe: 76.5647
  Composite: 0.3236 (dist_match: 0.4472, actual_pos: 44.7%, pred_pos: 100.0%)
  Collapse penalty: 0.000000 (threshold: 0.005000)
  Saved validation predictions to: experiments/12c_h1_rolling/macro_heavy_daily_h1_h18/fold_2023/collapse_monitoring/val_predictions_epoch44.npy
  Gradient norms:
    lstm_encoder: 0.013499
    lstm_decoder: 0.007177
    output_layer: 0.094744
  VSN output std:
    encoder: 0.258985
  Attention entropy: 2.884922
  Saved to: experiments/12c_h1_rolling/macro_heavy_daily_h1_h18/fold_2023/collapse_monitoring/collapse_monitor_latest.json
[DEBUG CollapseMonitor] on_validation_epoch_start called for epoch 45
[DEBUG CollapseMonitor] reset_temporal_state() called on loss function
Epoch 45: val_loss=0.6878646016120911
Epoch 45: train_loss=0.3696298897266388

[CollapseMonitor] Epoch 45
  [DEBUG] Processed 4 batches from val_dataloader
  [DEBUG] Predictions shape after concat: (199,)
  Pred std: 0.057815, range: 0.209808, mean: 0.260186
  Pos: 100.0%, Neg: 0.0%, Unique: 198
  Dir Acc: 44.72%, Pred Sharpe: 71.4409
  Composite: 0.3236 (dist_match: 0.4472, actual_pos: 44.7%, pred_pos: 100.0%)
  Collapse penalty: 0.000000 (threshold: 0.005000)
  Saved validation predictions to: experiments/12c_h1_rolling/macro_heavy_daily_h1_h18/fold_2023/collapse_monitoring/val_predictions_epoch45.npy
  Gradient norms:
    lstm_encoder: 0.011909
    lstm_decoder: 0.006195
    output_layer: 0.081749
  VSN output std:
    encoder: 0.258219
  Attention entropy: 2.882392
  Saved to: experiments/12c_h1_rolling/macro_heavy_daily_h1_h18/fold_2023/collapse_monitoring/collapse_monitor_latest.json
[DEBUG CollapseMonitor] on_validation_epoch_start called for epoch 46
[DEBUG CollapseMonitor] reset_temporal_state() called on loss function
Epoch 46: val_loss=0.6871294975280762
Epoch 46: train_loss=0.36718371510505676

[CollapseMonitor] Epoch 46
  [DEBUG] Processed 4 batches from val_dataloader
  [DEBUG] Predictions shape after concat: (199,)
  Pred std: 0.057792, range: 0.212018, mean: 0.285003
  Pos: 100.0%, Neg: 0.0%, Unique: 198
  Dir Acc: 44.72%, Pred Sharpe: 78.2862
  Composite: 0.3236 (dist_match: 0.4472, actual_pos: 44.7%, pred_pos: 100.0%)
  Collapse penalty: 0.000000 (threshold: 0.005000)
  Saved validation predictions to: experiments/12c_h1_rolling/macro_heavy_daily_h1_h18/fold_2023/collapse_monitoring/val_predictions_epoch46.npy
  Gradient norms:
    lstm_encoder: 0.014265
    lstm_decoder: 0.007104
    output_layer: 0.098569
  VSN output std:
    encoder: 0.257513
  Attention entropy: 2.876150
  Saved to: experiments/12c_h1_rolling/macro_heavy_daily_h1_h18/fold_2023/collapse_monitoring/collapse_monitor_latest.json
[DEBUG CollapseMonitor] on_validation_epoch_start called for epoch 47
[DEBUG CollapseMonitor] reset_temporal_state() called on loss function
Epoch 47: val_loss=0.687371015548706
Epoch 47: train_loss=0.3682456910610199

[CollapseMonitor] Epoch 47
  [DEBUG] Processed 4 batches from val_dataloader
  [DEBUG] Predictions shape after concat: (199,)
  Pred std: 0.060257, range: 0.218726, mean: 0.267316
  Pos: 100.0%, Neg: 0.0%, Unique: 199
  Dir Acc: 44.72%, Pred Sharpe: 70.4230
  Composite: 0.3236 (dist_match: 0.4472, actual_pos: 44.7%, pred_pos: 100.0%)
  Collapse penalty: 0.000000 (threshold: 0.005000)
  Saved validation predictions to: experiments/12c_h1_rolling/macro_heavy_daily_h1_h18/fold_2023/collapse_monitoring/val_predictions_epoch47.npy
  Gradient norms:
    lstm_encoder: 0.013263
    lstm_decoder: 0.006115
    output_layer: 0.095108
  VSN output std:
    encoder: 0.255873
  Attention entropy: 2.866654
  Saved to: experiments/12c_h1_rolling/macro_heavy_daily_h1_h18/fold_2023/collapse_monitoring/collapse_monitor_latest.json
[DEBUG CollapseMonitor] on_validation_epoch_start called for epoch 48
[DEBUG CollapseMonitor] reset_temporal_state() called on loss function
Epoch 48: val_loss=0.6852971911430359
Epoch 48: train_loss=0.36916935443878174

[CollapseMonitor] Epoch 48
  [DEBUG] Processed 4 batches from val_dataloader
  [DEBUG] Predictions shape after concat: (199,)
  Pred std: 0.062272, range: 0.228896, mean: 0.279808
  Pos: 100.0%, Neg: 0.0%, Unique: 199
  Dir Acc: 44.72%, Pred Sharpe: 71.3296
  Composite: 0.3236 (dist_match: 0.4472, actual_pos: 44.7%, pred_pos: 100.0%)
  Collapse penalty: 0.000000 (threshold: 0.005000)
  Saved validation predictions to: experiments/12c_h1_rolling/macro_heavy_daily_h1_h18/fold_2023/collapse_monitoring/val_predictions_epoch48.npy
  Gradient norms:
    lstm_encoder: 0.014701
    lstm_decoder: 0.007324
    output_layer: 0.090724
  VSN output std:
    encoder: 0.255550
  Attention entropy: 2.871761
  Saved to: experiments/12c_h1_rolling/macro_heavy_daily_h1_h18/fold_2023/collapse_monitoring/collapse_monitor_latest.json
[DEBUG CollapseMonitor] on_validation_epoch_start called for epoch 49
[DEBUG CollapseMonitor] reset_temporal_state() called on loss function
Epoch 49: val_loss=0.6864383220672607
Epoch 49: train_loss=0.3676879405975342

[CollapseMonitor] Epoch 49
  [DEBUG] Processed 4 batches from val_dataloader
  [DEBUG] Predictions shape after concat: (199,)
  Pred std: 0.056505, range: 0.199275, mean: 0.254783
  Pos: 100.0%, Neg: 0.0%, Unique: 199
  Dir Acc: 44.72%, Pred Sharpe: 71.5786
  Composite: 0.3236 (dist_match: 0.4472, actual_pos: 44.7%, pred_pos: 100.0%)
  Collapse penalty: 0.000000 (threshold: 0.005000)
  Saved validation predictions to: experiments/12c_h1_rolling/macro_heavy_daily_h1_h18/fold_2023/collapse_monitoring/val_predictions_epoch49.npy
  Gradient norms:
    lstm_encoder: 0.015745
    lstm_decoder: 0.007074
    output_layer: 0.086654
  VSN output std:
    encoder: 0.253753
  Attention entropy: 2.867433
  Saved to: experiments/12c_h1_rolling/macro_heavy_daily_h1_h18/fold_2023/collapse_monitoring/collapse_monitor_latest.json
[DEBUG CollapseMonitor] on_validation_epoch_start called for epoch 50
[DEBUG CollapseMonitor] reset_temporal_state() called on loss function
Epoch 50: val_loss=0.6848942041397095
Epoch 50: train_loss=0.3673868179321289

[CollapseMonitor] Epoch 50
  [DEBUG] Processed 4 batches from val_dataloader
  [DEBUG] Predictions shape after concat: (199,)
  Pred std: 0.068281, range: 0.245917, mean: 0.299012
  Pos: 100.0%, Neg: 0.0%, Unique: 199
  Dir Acc: 44.72%, Pred Sharpe: 69.5163
  Composite: 0.3236 (dist_match: 0.4472, actual_pos: 44.7%, pred_pos: 100.0%)
  Collapse penalty: 0.000000 (threshold: 0.005000)
  Saved validation predictions to: experiments/12c_h1_rolling/macro_heavy_daily_h1_h18/fold_2023/collapse_monitoring/val_predictions_epoch50.npy
  Gradient norms:
    lstm_encoder: 0.016625
    lstm_decoder: 0.007264
    output_layer: 0.092311
  VSN output std:
    encoder: 0.253103
  Attention entropy: 2.867788
  Saved to: experiments/12c_h1_rolling/macro_heavy_daily_h1_h18/fold_2023/collapse_monitoring/collapse_monitor_latest.json
[DEBUG CollapseMonitor] on_validation_epoch_start called for epoch 51
[DEBUG CollapseMonitor] reset_temporal_state() called on loss function
Epoch 51: val_loss=0.6844913363456726
Epoch 51: train_loss=0.36640724539756775

[CollapseMonitor] Epoch 51
  [DEBUG] Processed 4 batches from val_dataloader
  [DEBUG] Predictions shape after concat: (199,)
  Pred std: 0.067117, range: 0.234243, mean: 0.283925
  Pos: 100.0%, Neg: 0.0%, Unique: 199
  Dir Acc: 44.72%, Pred Sharpe: 67.1536
  Composite: 0.3236 (dist_match: 0.4472, actual_pos: 44.7%, pred_pos: 100.0%)
  Collapse penalty: 0.000000 (threshold: 0.005000)
  Saved validation predictions to: experiments/12c_h1_rolling/macro_heavy_daily_h1_h18/fold_2023/collapse_monitoring/val_predictions_epoch51.npy
  Gradient norms:
    lstm_encoder: 0.019445
    lstm_decoder: 0.008631
    output_layer: 0.091025
  VSN output std:
    encoder: 0.252564
  Attention entropy: 2.873790
  Saved to: experiments/12c_h1_rolling/macro_heavy_daily_h1_h18/fold_2023/collapse_monitoring/collapse_monitor_latest.json
[DEBUG CollapseMonitor] on_validation_epoch_start called for epoch 52
[DEBUG CollapseMonitor] reset_temporal_state() called on loss function
Epoch 52: val_loss=0.6827176213264465
Epoch 52: train_loss=0.3668484687805176

[CollapseMonitor] Epoch 52
  [DEBUG] Processed 4 batches from val_dataloader
  [DEBUG] Predictions shape after concat: (199,)
  Pred std: 0.062518, range: 0.216899, mean: 0.279871
  Pos: 100.0%, Neg: 0.0%, Unique: 199
  Dir Acc: 44.72%, Pred Sharpe: 71.0641
  Composite: 0.3236 (dist_match: 0.4472, actual_pos: 44.7%, pred_pos: 100.0%)
  Collapse penalty: 0.000000 (threshold: 0.005000)
  Saved validation predictions to: experiments/12c_h1_rolling/macro_heavy_daily_h1_h18/fold_2023/collapse_monitoring/val_predictions_epoch52.npy
  Gradient norms:
    lstm_encoder: 0.018801
    lstm_decoder: 0.008098
    output_layer: 0.092853
  VSN output std:
    encoder: 0.251973
  Attention entropy: 2.873213
  Saved to: experiments/12c_h1_rolling/macro_heavy_daily_h1_h18/fold_2023/collapse_monitoring/collapse_monitor_latest.json
[DEBUG CollapseMonitor] on_validation_epoch_start called for epoch 53
[DEBUG CollapseMonitor] reset_temporal_state() called on loss function
Epoch 53: val_loss=0.6819570660591125
Epoch 53: train_loss=0.36563679575920105

[CollapseMonitor] Epoch 53
  [DEBUG] Processed 4 batches from val_dataloader
  [DEBUG] Predictions shape after concat: (199,)
  Pred std: 0.062382, range: 0.212807, mean: 0.289199
  Pos: 100.0%, Neg: 0.0%, Unique: 199
  Dir Acc: 44.72%, Pred Sharpe: 73.5927
  Composite: 0.3236 (dist_match: 0.4472, actual_pos: 44.7%, pred_pos: 100.0%)
  Collapse penalty: 0.000000 (threshold: 0.005000)
  Saved validation predictions to: experiments/12c_h1_rolling/macro_heavy_daily_h1_h18/fold_2023/collapse_monitoring/val_predictions_epoch53.npy
  Gradient norms:
    lstm_encoder: 0.023320
    lstm_decoder: 0.009755
    output_layer: 0.099924
  VSN output std:
    encoder: 0.250605
  Attention entropy: 2.870364
  Saved to: experiments/12c_h1_rolling/macro_heavy_daily_h1_h18/fold_2023/collapse_monitoring/collapse_monitor_latest.json
[DEBUG CollapseMonitor] on_validation_epoch_start called for epoch 54
[DEBUG CollapseMonitor] reset_temporal_state() called on loss function
Epoch 54: val_loss=0.6820493936538696
Epoch 54: train_loss=0.3653465211391449

[CollapseMonitor] Epoch 54
  [DEBUG] Processed 4 batches from val_dataloader
  [DEBUG] Predictions shape after concat: (199,)
  Pred std: 0.057752, range: 0.197362, mean: 0.259580
  Pos: 100.0%, Neg: 0.0%, Unique: 199
  Dir Acc: 44.72%, Pred Sharpe: 71.3517
  Composite: 0.3236 (dist_match: 0.4472, actual_pos: 44.7%, pred_pos: 100.0%)
  Collapse penalty: 0.000000 (threshold: 0.005000)
  Saved validation predictions to: experiments/12c_h1_rolling/macro_heavy_daily_h1_h18/fold_2023/collapse_monitoring/val_predictions_epoch54.npy
  Gradient norms:
    lstm_encoder: 0.021431
    lstm_decoder: 0.008257
    output_layer: 0.093118
  VSN output std:
    encoder: 0.248955
  Attention entropy: 2.860703
  Saved to: experiments/12c_h1_rolling/macro_heavy_daily_h1_h18/fold_2023/collapse_monitoring/collapse_monitor_latest.json
[DEBUG CollapseMonitor] on_validation_epoch_start called for epoch 55
[DEBUG CollapseMonitor] reset_temporal_state() called on loss function
Epoch 55: val_loss=0.6812853813171387
Epoch 55: train_loss=0.3646930754184723

[CollapseMonitor] Epoch 55
  [DEBUG] Processed 4 batches from val_dataloader
  [DEBUG] Predictions shape after concat: (199,)
  Pred std: 0.051993, range: 0.181073, mean: 0.251472
  Pos: 100.0%, Neg: 0.0%, Unique: 199
  Dir Acc: 44.72%, Pred Sharpe: 76.7799
  Composite: 0.3236 (dist_match: 0.4472, actual_pos: 44.7%, pred_pos: 100.0%)
  Collapse penalty: 0.000000 (threshold: 0.005000)
  Saved validation predictions to: experiments/12c_h1_rolling/macro_heavy_daily_h1_h18/fold_2023/collapse_monitoring/val_predictions_epoch55.npy
  Gradient norms:
    lstm_encoder: 0.020856
    lstm_decoder: 0.008071
    output_layer: 0.093727
  VSN output std:
    encoder: 0.248854
  Attention entropy: 2.859936
  Saved to: experiments/12c_h1_rolling/macro_heavy_daily_h1_h18/fold_2023/collapse_monitoring/collapse_monitor_latest.json
[DEBUG CollapseMonitor] on_validation_epoch_start called for epoch 56
[DEBUG CollapseMonitor] reset_temporal_state() called on loss function
Epoch 56: val_loss=0.6805402040481567
Epoch 56: train_loss=0.3648495078086853

[CollapseMonitor] Epoch 56
  [DEBUG] Processed 4 batches from val_dataloader
  [DEBUG] Predictions shape after concat: (199,)
  Pred std: 0.054166, range: 0.187571, mean: 0.254008
  Pos: 100.0%, Neg: 0.0%, Unique: 198
  Dir Acc: 44.72%, Pred Sharpe: 74.4429
  Composite: 0.3236 (dist_match: 0.4472, actual_pos: 44.7%, pred_pos: 100.0%)
  Collapse penalty: 0.000000 (threshold: 0.005000)
  Saved validation predictions to: experiments/12c_h1_rolling/macro_heavy_daily_h1_h18/fold_2023/collapse_monitoring/val_predictions_epoch56.npy
  Gradient norms:
    lstm_encoder: 0.021691
    lstm_decoder: 0.008483
    output_layer: 0.085699
  VSN output std:
    encoder: 0.248374
  Attention entropy: 2.860548
  Saved to: experiments/12c_h1_rolling/macro_heavy_daily_h1_h18/fold_2023/collapse_monitoring/collapse_monitor_latest.json
[DEBUG CollapseMonitor] on_validation_epoch_start called for epoch 57
[DEBUG CollapseMonitor] reset_temporal_state() called on loss function
Epoch 57: val_loss=0.680601179599762
Epoch 57: train_loss=0.3647104501724243

[CollapseMonitor] Epoch 57
  [DEBUG] Processed 4 batches from val_dataloader
  [DEBUG] Predictions shape after concat: (199,)
  Pred std: 0.054508, range: 0.188751, mean: 0.271386
  Pos: 100.0%, Neg: 0.0%, Unique: 199
  Dir Acc: 44.72%, Pred Sharpe: 79.0363
  Composite: 0.3236 (dist_match: 0.4472, actual_pos: 44.7%, pred_pos: 100.0%)
  Collapse penalty: 0.000000 (threshold: 0.005000)
  Saved validation predictions to: experiments/12c_h1_rolling/macro_heavy_daily_h1_h18/fold_2023/collapse_monitoring/val_predictions_epoch57.npy
  Gradient norms:
    lstm_encoder: 0.025187
    lstm_decoder: 0.009498
    output_layer: 0.089677
  VSN output std:
    encoder: 0.247597
  Attention entropy: 2.857542
  Saved to: experiments/12c_h1_rolling/macro_heavy_daily_h1_h18/fold_2023/collapse_monitoring/collapse_monitor_latest.json
[DEBUG CollapseMonitor] on_validation_epoch_start called for epoch 58
[DEBUG CollapseMonitor] reset_temporal_state() called on loss function
Epoch 58: val_loss=0.6818735599517822
Epoch 58: train_loss=0.36339184641838074

[CollapseMonitor] Epoch 58
  [DEBUG] Processed 4 batches from val_dataloader
  [DEBUG] Predictions shape after concat: (199,)
  Pred std: 0.069883, range: 0.233735, mean: 0.308984
  Pos: 100.0%, Neg: 0.0%, Unique: 199
  Dir Acc: 44.72%, Pred Sharpe: 70.1882
  Composite: 0.3236 (dist_match: 0.4472, actual_pos: 44.7%, pred_pos: 100.0%)
  Collapse penalty: 0.000000 (threshold: 0.005000)
  Saved validation predictions to: experiments/12c_h1_rolling/macro_heavy_daily_h1_h18/fold_2023/collapse_monitoring/val_predictions_epoch58.npy
  Gradient norms:
    lstm_encoder: 0.024529
    lstm_decoder: 0.009711
    output_layer: 0.104762
  VSN output std:
    encoder: 0.247429
  Attention entropy: 2.855652
  Saved to: experiments/12c_h1_rolling/macro_heavy_daily_h1_h18/fold_2023/collapse_monitoring/collapse_monitor_latest.json
[DEBUG CollapseMonitor] on_validation_epoch_start called for epoch 59
[DEBUG CollapseMonitor] reset_temporal_state() called on loss function
Epoch 59: val_loss=0.6811812520027161
Epoch 59: train_loss=0.364279180765152

[CollapseMonitor] Epoch 59
  [DEBUG] Processed 4 batches from val_dataloader
  [DEBUG] Predictions shape after concat: (199,)
  Pred std: 0.064708, range: 0.219444, mean: 0.287832
  Pos: 100.0%, Neg: 0.0%, Unique: 198
  Dir Acc: 44.72%, Pred Sharpe: 70.6124
  Composite: 0.3236 (dist_match: 0.4472, actual_pos: 44.7%, pred_pos: 100.0%)
  Collapse penalty: 0.000000 (threshold: 0.005000)
  Saved validation predictions to: experiments/12c_h1_rolling/macro_heavy_daily_h1_h18/fold_2023/collapse_monitoring/val_predictions_epoch59.npy
  Gradient norms:
    lstm_encoder: 0.025093
    lstm_decoder: 0.008955
    output_layer: 0.091585
  VSN output std:
    encoder: 0.247430
  Attention entropy: 2.851876
  Saved to: experiments/12c_h1_rolling/macro_heavy_daily_h1_h18/fold_2023/collapse_monitoring/collapse_monitor_latest.json
[DEBUG CollapseMonitor] on_validation_epoch_start called for epoch 60
[DEBUG CollapseMonitor] reset_temporal_state() called on loss function
Epoch 60: val_loss=0.6819039583206177
Epoch 60: train_loss=0.36290255188941956

[CollapseMonitor] Epoch 60
  [DEBUG] Processed 4 batches from val_dataloader
  [DEBUG] Predictions shape after concat: (199,)
  Pred std: 0.070274, range: 0.240072, mean: 0.310555
  Pos: 100.0%, Neg: 0.0%, Unique: 199
  Dir Acc: 44.72%, Pred Sharpe: 70.1531
  Composite: 0.3236 (dist_match: 0.4472, actual_pos: 44.7%, pred_pos: 100.0%)
  Collapse penalty: 0.000000 (threshold: 0.005000)
  Saved validation predictions to: experiments/12c_h1_rolling/macro_heavy_daily_h1_h18/fold_2023/collapse_monitoring/val_predictions_epoch60.npy
  Gradient norms:
    lstm_encoder: 0.026372
    lstm_decoder: 0.008944
    output_layer: 0.088944
  VSN output std:
    encoder: 0.247322
  Attention entropy: 2.858261
  Saved to: experiments/12c_h1_rolling/macro_heavy_daily_h1_h18/fold_2023/collapse_monitoring/collapse_monitor_latest.json
[DEBUG CollapseMonitor] on_validation_epoch_start called for epoch 61
[DEBUG CollapseMonitor] reset_temporal_state() called on loss function
Epoch 61: val_loss=0.6818645000457764
Epoch 61: train_loss=0.3637838363647461

[CollapseMonitor] Epoch 61
  [DEBUG] Processed 4 batches from val_dataloader
  [DEBUG] Predictions shape after concat: (199,)
  Pred std: 0.057568, range: 0.200313, mean: 0.304222
  Pos: 100.0%, Neg: 0.0%, Unique: 199
  Dir Acc: 44.72%, Pred Sharpe: 83.8894
  Composite: 0.3236 (dist_match: 0.4472, actual_pos: 44.7%, pred_pos: 100.0%)
  Collapse penalty: 0.000000 (threshold: 0.005000)
  Saved validation predictions to: experiments/12c_h1_rolling/macro_heavy_daily_h1_h18/fold_2023/collapse_monitoring/val_predictions_epoch61.npy
  Gradient norms:
    lstm_encoder: 0.027350
    lstm_decoder: 0.009702
    output_layer: 0.094633
  VSN output std:
    encoder: 0.246220
  Attention entropy: 2.857834
  Saved to: experiments/12c_h1_rolling/macro_heavy_daily_h1_h18/fold_2023/collapse_monitoring/collapse_monitor_latest.json
[DEBUG CollapseMonitor] on_validation_epoch_start called for epoch 62
[DEBUG CollapseMonitor] reset_temporal_state() called on loss function
Epoch 62: val_loss=0.6820616722106934
Epoch 62: train_loss=0.36153021454811096

[CollapseMonitor] Epoch 62
  [DEBUG] Processed 4 batches from val_dataloader
  [DEBUG] Predictions shape after concat: (199,)
  Pred std: 0.061144, range: 0.212153, mean: 0.299981
  Pos: 100.0%, Neg: 0.0%, Unique: 199
  Dir Acc: 44.72%, Pred Sharpe: 77.8830
  Composite: 0.3236 (dist_match: 0.4472, actual_pos: 44.7%, pred_pos: 100.0%)
  Collapse penalty: 0.000000 (threshold: 0.005000)
  Saved validation predictions to: experiments/12c_h1_rolling/macro_heavy_daily_h1_h18/fold_2023/collapse_monitoring/val_predictions_epoch62.npy
  Gradient norms:
    lstm_encoder: 0.028470
    lstm_decoder: 0.010284
    output_layer: 0.091226
  VSN output std:
    encoder: 0.246283
  Attention entropy: 2.860110
  Saved to: experiments/12c_h1_rolling/macro_heavy_daily_h1_h18/fold_2023/collapse_monitoring/collapse_monitor_latest.json
[DEBUG CollapseMonitor] on_validation_epoch_start called for epoch 63
[DEBUG CollapseMonitor] reset_temporal_state() called on loss function
Epoch 63: val_loss=0.6815351247787476
Epoch 63: train_loss=0.36221128702163696

[CollapseMonitor] Epoch 63
  [DEBUG] Processed 4 batches from val_dataloader
  [DEBUG] Predictions shape after concat: (199,)
  Pred std: 0.061390, range: 0.212803, mean: 0.292880
  Pos: 100.0%, Neg: 0.0%, Unique: 199
  Dir Acc: 44.72%, Pred Sharpe: 75.7349
  Composite: 0.3236 (dist_match: 0.4472, actual_pos: 44.7%, pred_pos: 100.0%)
  Collapse penalty: 0.000000 (threshold: 0.005000)
  Saved validation predictions to: experiments/12c_h1_rolling/macro_heavy_daily_h1_h18/fold_2023/collapse_monitoring/val_predictions_epoch63.npy
  Gradient norms:
    lstm_encoder: 0.028108
    lstm_decoder: 0.009585
    output_layer: 0.083518
  VSN output std:
    encoder: 0.245728
  Attention entropy: 2.858555
  Saved to: experiments/12c_h1_rolling/macro_heavy_daily_h1_h18/fold_2023/collapse_monitoring/collapse_monitor_latest.json
[DEBUG CollapseMonitor] on_validation_epoch_start called for epoch 64
[DEBUG CollapseMonitor] reset_temporal_state() called on loss function
Epoch 64: val_loss=0.6818795800209045
Epoch 64: train_loss=0.361402302980423

[CollapseMonitor] Epoch 64
  [DEBUG] Processed 4 batches from val_dataloader
  [DEBUG] Predictions shape after concat: (199,)
  Pred std: 0.066045, range: 0.225789, mean: 0.304952
  Pos: 100.0%, Neg: 0.0%, Unique: 199
  Dir Acc: 44.72%, Pred Sharpe: 73.2980
  Composite: 0.3236 (dist_match: 0.4472, actual_pos: 44.7%, pred_pos: 100.0%)
  Collapse penalty: 0.000000 (threshold: 0.005000)
  Saved validation predictions to: experiments/12c_h1_rolling/macro_heavy_daily_h1_h18/fold_2023/collapse_monitoring/val_predictions_epoch64.npy
  Gradient norms:
    lstm_encoder: 0.029133
    lstm_decoder: 0.009601
    output_layer: 0.093174
  VSN output std:
    encoder: 0.245362
  Attention entropy: 2.856822
  Saved to: experiments/12c_h1_rolling/macro_heavy_daily_h1_h18/fold_2023/collapse_monitoring/collapse_monitor_latest.json
[DEBUG CollapseMonitor] on_validation_epoch_start called for epoch 65
[DEBUG CollapseMonitor] reset_temporal_state() called on loss function
Epoch 65: val_loss=0.6820411682128906
Epoch 65: train_loss=0.36105284094810486

[CollapseMonitor] Epoch 65
  [DEBUG] Processed 4 batches from val_dataloader
  [DEBUG] Predictions shape after concat: (199,)
  Pred std: 0.062944, range: 0.217576, mean: 0.302900
  Pos: 100.0%, Neg: 0.0%, Unique: 199
  Dir Acc: 44.72%, Pred Sharpe: 76.3912
  Composite: 0.3236 (dist_match: 0.4472, actual_pos: 44.7%, pred_pos: 100.0%)
  Collapse penalty: 0.000000 (threshold: 0.005000)
  Saved validation predictions to: experiments/12c_h1_rolling/macro_heavy_daily_h1_h18/fold_2023/collapse_monitoring/val_predictions_epoch65.npy
  Gradient norms:
    lstm_encoder: 0.032577
    lstm_decoder: 0.010426
    output_layer: 0.088184
  VSN output std:
    encoder: 0.244849
  Attention entropy: 2.856725
  Saved to: experiments/12c_h1_rolling/macro_heavy_daily_h1_h18/fold_2023/collapse_monitoring/collapse_monitor_latest.json
[DEBUG CollapseMonitor] on_validation_epoch_start called for epoch 66
[DEBUG CollapseMonitor] reset_temporal_state() called on loss function
Epoch 66: val_loss=0.6819586157798767
Epoch 66: train_loss=0.36262139678001404

[CollapseMonitor] Epoch 66
  [DEBUG] Processed 4 batches from val_dataloader
  [DEBUG] Predictions shape after concat: (199,)
  Pred std: 0.057668, range: 0.202970, mean: 0.297397
  Pos: 100.0%, Neg: 0.0%, Unique: 199
  Dir Acc: 44.72%, Pred Sharpe: 81.8662
  Composite: 0.3236 (dist_match: 0.4472, actual_pos: 44.7%, pred_pos: 100.0%)
  Collapse penalty: 0.000000 (threshold: 0.005000)
  Saved validation predictions to: experiments/12c_h1_rolling/macro_heavy_daily_h1_h18/fold_2023/collapse_monitoring/val_predictions_epoch66.npy
  Gradient norms:
    lstm_encoder: 0.031400
    lstm_decoder: 0.010171
    output_layer: 0.091515
  VSN output std:
    encoder: 0.243993
  Attention entropy: 2.857002
  Saved to: experiments/12c_h1_rolling/macro_heavy_daily_h1_h18/fold_2023/collapse_monitoring/collapse_monitor_latest.json
[DEBUG CollapseMonitor] on_validation_epoch_start called for epoch 67
[DEBUG CollapseMonitor] reset_temporal_state() called on loss function
Epoch 67: val_loss=0.6816943883895874
Epoch 67: train_loss=0.3615405559539795

[CollapseMonitor] Epoch 67
  [DEBUG] Processed 4 batches from val_dataloader
  [DEBUG] Predictions shape after concat: (199,)
  Pred std: 0.053684, range: 0.192588, mean: 0.284544
  Pos: 100.0%, Neg: 0.0%, Unique: 199
  Dir Acc: 44.72%, Pred Sharpe: 84.1404
  Composite: 0.3236 (dist_match: 0.4472, actual_pos: 44.7%, pred_pos: 100.0%)
  Collapse penalty: 0.000000 (threshold: 0.005000)
  Saved validation predictions to: experiments/12c_h1_rolling/macro_heavy_daily_h1_h18/fold_2023/collapse_monitoring/val_predictions_epoch67.npy
  Gradient norms:
    lstm_encoder: 0.032844
    lstm_decoder: 0.010795
    output_layer: 0.100943
  VSN output std:
    encoder: 0.243447
  Attention entropy: 2.860533
  Saved to: experiments/12c_h1_rolling/macro_heavy_daily_h1_h18/fold_2023/collapse_monitoring/collapse_monitor_latest.json
[DEBUG CollapseMonitor] on_validation_epoch_start called for epoch 68
[DEBUG CollapseMonitor] reset_temporal_state() called on loss function
Epoch 68: val_loss=0.6817268133163452
Epoch 68: train_loss=0.3618970811367035

[CollapseMonitor] Epoch 68
  [DEBUG] Processed 4 batches from val_dataloader
  [DEBUG] Predictions shape after concat: (199,)
  Pred std: 0.055657, range: 0.200358, mean: 0.285289
  Pos: 100.0%, Neg: 0.0%, Unique: 199
  Dir Acc: 44.72%, Pred Sharpe: 81.3705
  Composite: 0.3236 (dist_match: 0.4472, actual_pos: 44.7%, pred_pos: 100.0%)
  Collapse penalty: 0.000000 (threshold: 0.005000)
  Saved validation predictions to: experiments/12c_h1_rolling/macro_heavy_daily_h1_h18/fold_2023/collapse_monitoring/val_predictions_epoch68.npy
  Gradient norms:
    lstm_encoder: 0.033953
    lstm_decoder: 0.010779
    output_layer: 0.088338
  VSN output std:
    encoder: 0.243221
  Attention entropy: 2.860017
  Saved to: experiments/12c_h1_rolling/macro_heavy_daily_h1_h18/fold_2023/collapse_monitoring/collapse_monitor_latest.json
[DEBUG CollapseMonitor] on_validation_epoch_start called for epoch 69
[DEBUG CollapseMonitor] reset_temporal_state() called on loss function
Epoch 69: val_loss=0.6816636323928833
Epoch 69: train_loss=0.3613451421260834

[CollapseMonitor] Epoch 69
  [DEBUG] Processed 4 batches from val_dataloader
  [DEBUG] Predictions shape after concat: (199,)
  Pred std: 0.058352, range: 0.205471, mean: 0.282764
  Pos: 100.0%, Neg: 0.0%, Unique: 199
  Dir Acc: 44.72%, Pred Sharpe: 76.9250
  Composite: 0.3236 (dist_match: 0.4472, actual_pos: 44.7%, pred_pos: 100.0%)
  Collapse penalty: 0.000000 (threshold: 0.005000)
  Saved validation predictions to: experiments/12c_h1_rolling/macro_heavy_daily_h1_h18/fold_2023/collapse_monitoring/val_predictions_epoch69.npy
  Gradient norms:
    lstm_encoder: 0.030822
    lstm_decoder: 0.010166
    output_layer: 0.085519
  VSN output std:
    encoder: 0.243620
  Attention entropy: 2.860608
  Saved to: experiments/12c_h1_rolling/macro_heavy_daily_h1_h18/fold_2023/collapse_monitoring/collapse_monitor_latest.json
[DEBUG CollapseMonitor] on_validation_epoch_start called for epoch 70
[DEBUG CollapseMonitor] reset_temporal_state() called on loss function
Epoch 70: val_loss=0.6817192435264587
Epoch 70: train_loss=0.36073052883148193

[CollapseMonitor] Epoch 70
  [DEBUG] Processed 4 batches from val_dataloader
  [DEBUG] Predictions shape after concat: (199,)
  Pred std: 0.054566, range: 0.199145, mean: 0.270705
  Pos: 100.0%, Neg: 0.0%, Unique: 199
  Dir Acc: 44.72%, Pred Sharpe: 78.7542
  Composite: 0.3236 (dist_match: 0.4472, actual_pos: 44.7%, pred_pos: 100.0%)
  Collapse penalty: 0.000000 (threshold: 0.005000)
  Saved validation predictions to: experiments/12c_h1_rolling/macro_heavy_daily_h1_h18/fold_2023/collapse_monitoring/val_predictions_epoch70.npy
  Gradient norms:
    lstm_encoder: 0.033130
    lstm_decoder: 0.010847
    output_layer: 0.085108
  VSN output std:
    encoder: 0.242903
  Attention entropy: 2.862234
  Saved to: experiments/12c_h1_rolling/macro_heavy_daily_h1_h18/fold_2023/collapse_monitoring/collapse_monitor_latest.json
[DEBUG CollapseMonitor] on_validation_epoch_start called for epoch 71
[DEBUG CollapseMonitor] reset_temporal_state() called on loss function
Epoch 71: val_loss=0.6819134950637817
Epoch 71: train_loss=0.3586902320384979

[CollapseMonitor] Epoch 71
  [DEBUG] Processed 4 batches from val_dataloader
  [DEBUG] Predictions shape after concat: (199,)
  Pred std: 0.054656, range: 0.197690, mean: 0.277922
  Pos: 100.0%, Neg: 0.0%, Unique: 199
  Dir Acc: 44.72%, Pred Sharpe: 80.7215
  Composite: 0.3236 (dist_match: 0.4472, actual_pos: 44.7%, pred_pos: 100.0%)
  Collapse penalty: 0.000000 (threshold: 0.005000)
  Saved validation predictions to: experiments/12c_h1_rolling/macro_heavy_daily_h1_h18/fold_2023/collapse_monitoring/val_predictions_epoch71.npy
  Gradient norms:
    lstm_encoder: 0.036242
    lstm_decoder: 0.011504
    output_layer: 0.098531
  VSN output std:
    encoder: 0.242985
  Attention entropy: 2.860289
  Saved to: experiments/12c_h1_rolling/macro_heavy_daily_h1_h18/fold_2023/collapse_monitoring/collapse_monitor_latest.json
[DEBUG CollapseMonitor] on_validation_epoch_start called for epoch 72
[DEBUG CollapseMonitor] reset_temporal_state() called on loss function
Epoch 72: val_loss=0.6813934445381165
Epoch 72: train_loss=0.3611169755458832

[CollapseMonitor] Epoch 72
  [DEBUG] Processed 4 batches from val_dataloader
  [DEBUG] Predictions shape after concat: (199,)
  Pred std: 0.053851, range: 0.198315, mean: 0.264978
  Pos: 100.0%, Neg: 0.0%, Unique: 199
  Dir Acc: 44.72%, Pred Sharpe: 78.1119
  Composite: 0.3236 (dist_match: 0.4472, actual_pos: 44.7%, pred_pos: 100.0%)
  Collapse penalty: 0.000000 (threshold: 0.005000)
  Saved validation predictions to: experiments/12c_h1_rolling/macro_heavy_daily_h1_h18/fold_2023/collapse_monitoring/val_predictions_epoch72.npy
  Gradient norms:
    lstm_encoder: 0.034106
    lstm_decoder: 0.011319
    output_layer: 0.101704
  VSN output std:
    encoder: 0.242756
  Attention entropy: 2.861166
  Saved to: experiments/12c_h1_rolling/macro_heavy_daily_h1_h18/fold_2023/collapse_monitoring/collapse_monitor_latest.json
[DEBUG CollapseMonitor] on_validation_epoch_start called for epoch 73
[DEBUG CollapseMonitor] reset_temporal_state() called on loss function
Epoch 73: val_loss=0.681276798248291
Epoch 73: train_loss=0.3603888750076294

[CollapseMonitor] Epoch 73
  [DEBUG] Processed 4 batches from val_dataloader
  [DEBUG] Predictions shape after concat: (199,)
  Pred std: 0.055564, range: 0.202564, mean: 0.272147
  Pos: 100.0%, Neg: 0.0%, Unique: 199
  Dir Acc: 44.72%, Pred Sharpe: 77.7521
  Composite: 0.3236 (dist_match: 0.4472, actual_pos: 44.7%, pred_pos: 100.0%)
  Collapse penalty: 0.000000 (threshold: 0.005000)
  Saved validation predictions to: experiments/12c_h1_rolling/macro_heavy_daily_h1_h18/fold_2023/collapse_monitoring/val_predictions_epoch73.npy
  Gradient norms:
    lstm_encoder: 0.035131
    lstm_decoder: 0.010766
    output_layer: 0.098533
  VSN output std:
    encoder: 0.242831
  Attention entropy: 2.861301
  Saved to: experiments/12c_h1_rolling/macro_heavy_daily_h1_h18/fold_2023/collapse_monitoring/collapse_monitor_latest.json
[DEBUG CollapseMonitor] on_validation_epoch_start called for epoch 74
[DEBUG CollapseMonitor] reset_temporal_state() called on loss function
Epoch 74: val_loss=0.6815466284751892
Epoch 74: train_loss=0.3602871000766754

[CollapseMonitor] Epoch 74
  [DEBUG] Processed 4 batches from val_dataloader
  [DEBUG] Predictions shape after concat: (199,)
  Pred std: 0.051862, range: 0.192826, mean: 0.274386
  Pos: 100.0%, Neg: 0.0%, Unique: 198
  Dir Acc: 44.72%, Pred Sharpe: 83.9871
  Composite: 0.3236 (dist_match: 0.4472, actual_pos: 44.7%, pred_pos: 100.0%)
  Collapse penalty: 0.000000 (threshold: 0.005000)
  Saved validation predictions to: experiments/12c_h1_rolling/macro_heavy_daily_h1_h18/fold_2023/collapse_monitoring/val_predictions_epoch74.npy
  Gradient norms:
    lstm_encoder: 0.033690
    lstm_decoder: 0.010845
    output_layer: 0.087125
  VSN output std:
    encoder: 0.242641
  Attention entropy: 2.862455
  Saved to: experiments/12c_h1_rolling/macro_heavy_daily_h1_h18/fold_2023/collapse_monitoring/collapse_monitor_latest.json
[DEBUG CollapseMonitor] on_validation_epoch_start called for epoch 75
[DEBUG CollapseMonitor] reset_temporal_state() called on loss function
Epoch 75: val_loss=0.6813702583312988
Epoch 75: train_loss=0.3607558310031891

[CollapseMonitor] Epoch 75
  [DEBUG] Processed 4 batches from val_dataloader
  [DEBUG] Predictions shape after concat: (199,)
  Pred std: 0.051818, range: 0.194183, mean: 0.273126
  Pos: 100.0%, Neg: 0.0%, Unique: 199
  Dir Acc: 44.72%, Pred Sharpe: 83.6724
  Composite: 0.3236 (dist_match: 0.4472, actual_pos: 44.7%, pred_pos: 100.0%)
  Collapse penalty: 0.000000 (threshold: 0.005000)
  Saved validation predictions to: experiments/12c_h1_rolling/macro_heavy_daily_h1_h18/fold_2023/collapse_monitoring/val_predictions_epoch75.npy
  Gradient norms:
    lstm_encoder: 0.032712
    lstm_decoder: 0.009744
    output_layer: 0.081848
  VSN output std:
    encoder: 0.242440
  Attention entropy: 2.859758
  Saved to: experiments/12c_h1_rolling/macro_heavy_daily_h1_h18/fold_2023/collapse_monitoring/collapse_monitor_latest.json
[DEBUG CollapseMonitor] on_validation_epoch_start called for epoch 76
[DEBUG CollapseMonitor] reset_temporal_state() called on loss function
Epoch 76: val_loss=0.6814894676208496
Epoch 76: train_loss=0.35944056510925293

[CollapseMonitor] Epoch 76
  [DEBUG] Processed 4 batches from val_dataloader
  [DEBUG] Predictions shape after concat: (199,)
  Pred std: 0.054216, range: 0.199128, mean: 0.282501
  Pos: 100.0%, Neg: 0.0%, Unique: 199
  Dir Acc: 44.72%, Pred Sharpe: 82.7162
  Composite: 0.3236 (dist_match: 0.4472, actual_pos: 44.7%, pred_pos: 100.0%)
  Collapse penalty: 0.000000 (threshold: 0.005000)
  Saved validation predictions to: experiments/12c_h1_rolling/macro_heavy_daily_h1_h18/fold_2023/collapse_monitoring/val_predictions_epoch76.npy
  Gradient norms:
    lstm_encoder: 0.034150
    lstm_decoder: 0.009776
    output_layer: 0.090372
  VSN output std:
    encoder: 0.242752
  Attention entropy: 2.858603
  Saved to: experiments/12c_h1_rolling/macro_heavy_daily_h1_h18/fold_2023/collapse_monitoring/collapse_monitor_latest.json
[DEBUG CollapseMonitor] on_validation_epoch_start called for epoch 77
[DEBUG CollapseMonitor] reset_temporal_state() called on loss function
Epoch 77: val_loss=0.6813302636146545
Epoch 77: train_loss=0.3604085445404053

[CollapseMonitor] Epoch 77
  [DEBUG] Processed 4 batches from val_dataloader
  [DEBUG] Predictions shape after concat: (199,)
  Pred std: 0.053047, range: 0.197215, mean: 0.274562
  Pos: 100.0%, Neg: 0.0%, Unique: 199
  Dir Acc: 44.72%, Pred Sharpe: 82.1644
  Composite: 0.3236 (dist_match: 0.4472, actual_pos: 44.7%, pred_pos: 100.0%)
  Collapse penalty: 0.000000 (threshold: 0.005000)
  Saved validation predictions to: experiments/12c_h1_rolling/macro_heavy_daily_h1_h18/fold_2023/collapse_monitoring/val_predictions_epoch77.npy
  Gradient norms:
    lstm_encoder: 0.034223
    lstm_decoder: 0.010830
    output_layer: 0.098512
  VSN output std:
    encoder: 0.242884
  Attention entropy: 2.859104
  Saved to: experiments/12c_h1_rolling/macro_heavy_daily_h1_h18/fold_2023/collapse_monitoring/collapse_monitor_latest.json
[DEBUG CollapseMonitor] on_validation_epoch_start called for epoch 78
[DEBUG CollapseMonitor] reset_temporal_state() called on loss function
Epoch 78: val_loss=0.6814489364624023
Epoch 78: train_loss=0.36085623502731323

[CollapseMonitor] Epoch 78
  [DEBUG] Processed 4 batches from val_dataloader
  [DEBUG] Predictions shape after concat: (199,)
  Pred std: 0.049228, range: 0.188885, mean: 0.272432
  Pos: 100.0%, Neg: 0.0%, Unique: 199
  Dir Acc: 44.72%, Pred Sharpe: 87.8505
  Composite: 0.3236 (dist_match: 0.4472, actual_pos: 44.7%, pred_pos: 100.0%)
  Collapse penalty: 0.000000 (threshold: 0.005000)
  Saved validation predictions to: experiments/12c_h1_rolling/macro_heavy_daily_h1_h18/fold_2023/collapse_monitoring/val_predictions_epoch78.npy
  Gradient norms:
    lstm_encoder: 0.034403
    lstm_decoder: 0.010598
    output_layer: 0.097627
  VSN output std:
    encoder: 0.242966
  Attention entropy: 2.862169
  Saved to: experiments/12c_h1_rolling/macro_heavy_daily_h1_h18/fold_2023/collapse_monitoring/collapse_monitor_latest.json
[DEBUG CollapseMonitor] on_validation_epoch_start called for epoch 79
[DEBUG CollapseMonitor] reset_temporal_state() called on loss function
Epoch 79: val_loss=0.6810628771781921
Epoch 79: train_loss=0.3620266020298004

[CollapseMonitor] Epoch 79
  [DEBUG] Processed 4 batches from val_dataloader
  [DEBUG] Predictions shape after concat: (199,)
  Pred std: 0.045675, range: 0.178740, mean: 0.264427
  Pos: 100.0%, Neg: 0.0%, Unique: 199
  Dir Acc: 44.72%, Pred Sharpe: 91.9021
  Composite: 0.3236 (dist_match: 0.4472, actual_pos: 44.7%, pred_pos: 100.0%)
  Collapse penalty: 0.000000 (threshold: 0.005000)
  Saved validation predictions to: experiments/12c_h1_rolling/macro_heavy_daily_h1_h18/fold_2023/collapse_monitoring/val_predictions_epoch79.npy
  Gradient norms:
    lstm_encoder: 0.039375
    lstm_decoder: 0.011470
    output_layer: 0.093392
  VSN output std:
    encoder: 0.242977
  Attention entropy: 2.862421
  Saved to: experiments/12c_h1_rolling/macro_heavy_daily_h1_h18/fold_2023/collapse_monitoring/collapse_monitor_latest.json
[DEBUG CollapseMonitor] on_validation_epoch_start called for epoch 80
[DEBUG CollapseMonitor] reset_temporal_state() called on loss function
Epoch 80: val_loss=0.6812793016433716
Epoch 80: train_loss=0.3604932725429535

[CollapseMonitor] Epoch 80
  [DEBUG] Processed 4 batches from val_dataloader
  [DEBUG] Predictions shape after concat: (199,)
  Pred std: 0.047581, range: 0.183652, mean: 0.269035
  Pos: 100.0%, Neg: 0.0%, Unique: 199
  Dir Acc: 44.72%, Pred Sharpe: 89.7580
  Composite: 0.3236 (dist_match: 0.4472, actual_pos: 44.7%, pred_pos: 100.0%)
  Collapse penalty: 0.000000 (threshold: 0.005000)
  Saved validation predictions to: experiments/12c_h1_rolling/macro_heavy_daily_h1_h18/fold_2023/collapse_monitoring/val_predictions_epoch80.npy
  Gradient norms:
    lstm_encoder: 0.033204
    lstm_decoder: 0.010236
    output_layer: 0.090830
  VSN output std:
    encoder: 0.243007
  Attention entropy: 2.862735
  Saved to: experiments/12c_h1_rolling/macro_heavy_daily_h1_h18/fold_2023/collapse_monitoring/collapse_monitor_latest.json
[DEBUG CollapseMonitor] on_validation_epoch_start called for epoch 81
[DEBUG CollapseMonitor] reset_temporal_state() called on loss function
Epoch 81: val_loss=0.68135666847229
Epoch 81: train_loss=0.3603849411010742

[CollapseMonitor] Epoch 81
  [DEBUG] Processed 4 batches from val_dataloader
  [DEBUG] Predictions shape after concat: (199,)
  Pred std: 0.048184, range: 0.184409, mean: 0.273288
  Pos: 100.0%, Neg: 0.0%, Unique: 199
  Dir Acc: 44.72%, Pred Sharpe: 90.0358
  Composite: 0.3236 (dist_match: 0.4472, actual_pos: 44.7%, pred_pos: 100.0%)
  Collapse penalty: 0.000000 (threshold: 0.005000)
  Saved validation predictions to: experiments/12c_h1_rolling/macro_heavy_daily_h1_h18/fold_2023/collapse_monitoring/val_predictions_epoch81.npy
  Gradient norms:
    lstm_encoder: 0.034098
    lstm_decoder: 0.010690
    output_layer: 0.087695
  VSN output std:
    encoder: 0.243070
  Attention entropy: 2.863551
  Saved to: experiments/12c_h1_rolling/macro_heavy_daily_h1_h18/fold_2023/collapse_monitoring/collapse_monitor_latest.json
[DEBUG CollapseMonitor] on_validation_epoch_start called for epoch 82
[DEBUG CollapseMonitor] reset_temporal_state() called on loss function
Epoch 82: val_loss=0.6812913417816162
Epoch 82: train_loss=0.3571389317512512

[CollapseMonitor] Epoch 82
  [DEBUG] Processed 4 batches from val_dataloader
  [DEBUG] Predictions shape after concat: (199,)
  Pred std: 0.046863, range: 0.180696, mean: 0.272346
  Pos: 100.0%, Neg: 0.0%, Unique: 199
  Dir Acc: 44.72%, Pred Sharpe: 92.2553
  Composite: 0.3236 (dist_match: 0.4472, actual_pos: 44.7%, pred_pos: 100.0%)
  Collapse penalty: 0.000000 (threshold: 0.005000)
  Saved validation predictions to: experiments/12c_h1_rolling/macro_heavy_daily_h1_h18/fold_2023/collapse_monitoring/val_predictions_epoch82.npy
  Gradient norms:
    lstm_encoder: 0.037829
    lstm_decoder: 0.011562
    output_layer: 0.086682
  VSN output std:
    encoder: 0.243103
  Attention entropy: 2.863629
  Saved to: experiments/12c_h1_rolling/macro_heavy_daily_h1_h18/fold_2023/collapse_monitoring/collapse_monitor_latest.json
[DEBUG CollapseMonitor] on_validation_epoch_start called for epoch 83
[DEBUG CollapseMonitor] reset_temporal_state() called on loss function
Epoch 83: val_loss=0.6812395453453064
Epoch 83: train_loss=0.3573618531227112

[CollapseMonitor] Epoch 83
  [DEBUG] Processed 4 batches from val_dataloader
  [DEBUG] Predictions shape after concat: (199,)
  Pred std: 0.046653, range: 0.181030, mean: 0.267766
  Pos: 100.0%, Neg: 0.0%, Unique: 199
  Dir Acc: 44.72%, Pred Sharpe: 91.1116
  Composite: 0.3236 (dist_match: 0.4472, actual_pos: 44.7%, pred_pos: 100.0%)
  Collapse penalty: 0.000000 (threshold: 0.005000)
  Saved validation predictions to: experiments/12c_h1_rolling/macro_heavy_daily_h1_h18/fold_2023/collapse_monitoring/val_predictions_epoch83.npy
  Gradient norms:
    lstm_encoder: 0.037206
    lstm_decoder: 0.011997
    output_layer: 0.092409
  VSN output std:
    encoder: 0.242970
  Attention entropy: 2.864516
  Saved to: experiments/12c_h1_rolling/macro_heavy_daily_h1_h18/fold_2023/collapse_monitoring/collapse_monitor_latest.json
[DEBUG CollapseMonitor] on_validation_epoch_start called for epoch 84
[DEBUG CollapseMonitor] reset_temporal_state() called on loss function
Epoch 84: val_loss=0.6812376976013184
Epoch 84: train_loss=0.3590608537197113

[CollapseMonitor] Epoch 84
  [DEBUG] Processed 4 batches from val_dataloader
  [DEBUG] Predictions shape after concat: (199,)
  Pred std: 0.046858, range: 0.182485, mean: 0.268888
  Pos: 100.0%, Neg: 0.0%, Unique: 198
  Dir Acc: 44.72%, Pred Sharpe: 91.0935
  Composite: 0.3236 (dist_match: 0.4472, actual_pos: 44.7%, pred_pos: 100.0%)
  Collapse penalty: 0.000000 (threshold: 0.005000)
  Saved validation predictions to: experiments/12c_h1_rolling/macro_heavy_daily_h1_h18/fold_2023/collapse_monitoring/val_predictions_epoch84.npy
  Gradient norms:
    lstm_encoder: 0.034829
    lstm_decoder: 0.010818
    output_layer: 0.093159
  VSN output std:
    encoder: 0.242957
  Attention entropy: 2.864480
  Saved to: experiments/12c_h1_rolling/macro_heavy_daily_h1_h18/fold_2023/collapse_monitoring/collapse_monitor_latest.json
[DEBUG CollapseMonitor] on_validation_epoch_start called for epoch 85
[DEBUG CollapseMonitor] reset_temporal_state() called on loss function
Epoch 85: val_loss=0.6814311146736145
Epoch 85: train_loss=0.35605451464653015

[CollapseMonitor] Epoch 85
  [DEBUG] Processed 4 batches from val_dataloader
  [DEBUG] Predictions shape after concat: (199,)
  Pred std: 0.047028, range: 0.183586, mean: 0.272917
  Pos: 100.0%, Neg: 0.0%, Unique: 199
  Dir Acc: 44.72%, Pred Sharpe: 92.1247
  Composite: 0.3236 (dist_match: 0.4472, actual_pos: 44.7%, pred_pos: 100.0%)
  Collapse penalty: 0.000000 (threshold: 0.005000)
  Saved validation predictions to: experiments/12c_h1_rolling/macro_heavy_daily_h1_h18/fold_2023/collapse_monitoring/val_predictions_epoch85.npy
  Gradient norms:
    lstm_encoder: 0.031477
    lstm_decoder: 0.009453
    output_layer: 0.091993
  VSN output std:
    encoder: 0.242892
  Attention entropy: 2.866036
  Saved to: experiments/12c_h1_rolling/macro_heavy_daily_h1_h18/fold_2023/collapse_monitoring/collapse_monitor_latest.json
[DEBUG CollapseMonitor] on_validation_epoch_start called for epoch 86
[DEBUG CollapseMonitor] reset_temporal_state() called on loss function
Epoch 86: val_loss=0.6816623210906982
Epoch 86: train_loss=0.3600340783596039

[CollapseMonitor] Epoch 86
  [DEBUG] Processed 4 batches from val_dataloader
  [DEBUG] Predictions shape after concat: (199,)
  Pred std: 0.048109, range: 0.186271, mean: 0.277845
  Pos: 100.0%, Neg: 0.0%, Unique: 199
  Dir Acc: 44.72%, Pred Sharpe: 91.6799
  Composite: 0.3236 (dist_match: 0.4472, actual_pos: 44.7%, pred_pos: 100.0%)
  Collapse penalty: 0.000000 (threshold: 0.005000)
  Saved validation predictions to: experiments/12c_h1_rolling/macro_heavy_daily_h1_h18/fold_2023/collapse_monitoring/val_predictions_epoch86.npy
  Gradient norms:
    lstm_encoder: 0.038615
    lstm_decoder: 0.011126
    output_layer: 0.085404
  VSN output std:
    encoder: 0.242819
  Attention entropy: 2.865306
  Saved to: experiments/12c_h1_rolling/macro_heavy_daily_h1_h18/fold_2023/collapse_monitoring/collapse_monitor_latest.json
[DEBUG CollapseMonitor] on_validation_epoch_start called for epoch 87
[DEBUG CollapseMonitor] reset_temporal_state() called on loss function
Epoch 87: val_loss=0.6816938519477844
Epoch 87: train_loss=0.3606657087802887

[CollapseMonitor] Epoch 87
  [DEBUG] Processed 4 batches from val_dataloader
  [DEBUG] Predictions shape after concat: (199,)
  Pred std: 0.050278, range: 0.191753, mean: 0.280203
  Pos: 100.0%, Neg: 0.0%, Unique: 199
  Dir Acc: 44.72%, Pred Sharpe: 88.4692
  Composite: 0.3236 (dist_match: 0.4472, actual_pos: 44.7%, pred_pos: 100.0%)
  Collapse penalty: 0.000000 (threshold: 0.005000)
  Saved validation predictions to: experiments/12c_h1_rolling/macro_heavy_daily_h1_h18/fold_2023/collapse_monitoring/val_predictions_epoch87.npy
  Gradient norms:
    lstm_encoder: 0.039390
    lstm_decoder: 0.013356
    output_layer: 0.096081
  VSN output std:
    encoder: 0.242737
  Attention entropy: 2.862608
  Saved to: experiments/12c_h1_rolling/macro_heavy_daily_h1_h18/fold_2023/collapse_monitoring/collapse_monitor_latest.json
[DEBUG CollapseMonitor] on_validation_epoch_start called for epoch 88
[DEBUG CollapseMonitor] reset_temporal_state() called on loss function
Epoch 88: val_loss=0.6815808415412903
Epoch 88: train_loss=0.35974597930908203

[CollapseMonitor] Epoch 88
  [DEBUG] Processed 4 batches from val_dataloader
  [DEBUG] Predictions shape after concat: (199,)
  Pred std: 0.048525, range: 0.187256, mean: 0.276836
  Pos: 100.0%, Neg: 0.0%, Unique: 199
  Dir Acc: 44.72%, Pred Sharpe: 90.5654
  Composite: 0.3236 (dist_match: 0.4472, actual_pos: 44.7%, pred_pos: 100.0%)
  Collapse penalty: 0.000000 (threshold: 0.005000)
  Saved validation predictions to: experiments/12c_h1_rolling/macro_heavy_daily_h1_h18/fold_2023/collapse_monitoring/val_predictions_epoch88.npy
  Gradient norms:
    lstm_encoder: 0.037833
    lstm_decoder: 0.011013
    output_layer: 0.091368
  VSN output std:
    encoder: 0.242702
  Attention entropy: 2.860803
  Saved to: experiments/12c_h1_rolling/macro_heavy_daily_h1_h18/fold_2023/collapse_monitoring/collapse_monitor_latest.json
[DEBUG CollapseMonitor] on_validation_epoch_start called for epoch 89
[DEBUG CollapseMonitor] reset_temporal_state() called on loss function
Epoch 89: val_loss=0.6815589666366577
Epoch 89: train_loss=0.3600134551525116

[CollapseMonitor] Epoch 89
  [DEBUG] Processed 4 batches from val_dataloader
  [DEBUG] Predictions shape after concat: (199,)
  Pred std: 0.048100, range: 0.186057, mean: 0.276128
  Pos: 100.0%, Neg: 0.0%, Unique: 199
  Dir Acc: 44.72%, Pred Sharpe: 91.1307
  Composite: 0.3236 (dist_match: 0.4472, actual_pos: 44.7%, pred_pos: 100.0%)
  Collapse penalty: 0.000000 (threshold: 0.005000)
  Saved validation predictions to: experiments/12c_h1_rolling/macro_heavy_daily_h1_h18/fold_2023/collapse_monitoring/val_predictions_epoch89.npy
  Gradient norms:
    lstm_encoder: 0.037043
    lstm_decoder: 0.010983
    output_layer: 0.100997
  VSN output std:
    encoder: 0.242693
  Attention entropy: 2.860430
  Saved to: experiments/12c_h1_rolling/macro_heavy_daily_h1_h18/fold_2023/collapse_monitoring/collapse_monitor_latest.json
[DEBUG CollapseMonitor] on_validation_epoch_start called for epoch 90
[DEBUG CollapseMonitor] reset_temporal_state() called on loss function
Epoch 90: val_loss=0.6815347075462341
Epoch 90: train_loss=0.3600519001483917

[CollapseMonitor] Epoch 90
  [DEBUG] Processed 4 batches from val_dataloader
  [DEBUG] Predictions shape after concat: (199,)
  Pred std: 0.048591, range: 0.187707, mean: 0.275631
  Pos: 100.0%, Neg: 0.0%, Unique: 199
  Dir Acc: 44.72%, Pred Sharpe: 90.0476
  Composite: 0.3236 (dist_match: 0.4472, actual_pos: 44.7%, pred_pos: 100.0%)
  Collapse penalty: 0.000000 (threshold: 0.005000)
  Saved validation predictions to: experiments/12c_h1_rolling/macro_heavy_daily_h1_h18/fold_2023/collapse_monitoring/val_predictions_epoch90.npy
  Gradient norms:
    lstm_encoder: 0.032929
    lstm_decoder: 0.010127
    output_layer: 0.087397
  VSN output std:
    encoder: 0.242677
  Attention entropy: 2.859851
  Saved to: experiments/12c_h1_rolling/macro_heavy_daily_h1_h18/fold_2023/collapse_monitoring/collapse_monitor_latest.json
[DEBUG CollapseMonitor] on_validation_epoch_start called for epoch 91
[DEBUG CollapseMonitor] reset_temporal_state() called on loss function
Epoch 91: val_loss=0.6816211342811584
Epoch 91: train_loss=0.3596065044403076

[CollapseMonitor] Epoch 91
  [DEBUG] Processed 4 batches from val_dataloader
  [DEBUG] Predictions shape after concat: (199,)
  Pred std: 0.048528, range: 0.187937, mean: 0.275091
  Pos: 100.0%, Neg: 0.0%, Unique: 198
  Dir Acc: 44.72%, Pred Sharpe: 89.9878
  Composite: 0.3236 (dist_match: 0.4472, actual_pos: 44.7%, pred_pos: 100.0%)
  Collapse penalty: 0.000000 (threshold: 0.005000)
  Saved validation predictions to: experiments/12c_h1_rolling/macro_heavy_daily_h1_h18/fold_2023/collapse_monitoring/val_predictions_epoch91.npy
  Gradient norms:
    lstm_encoder: 0.040021
    lstm_decoder: 0.012907
    output_layer: 0.108184
  VSN output std:
    encoder: 0.242682
  Attention entropy: 2.860309
  Saved to: experiments/12c_h1_rolling/macro_heavy_daily_h1_h18/fold_2023/collapse_monitoring/collapse_monitor_latest.json
[DEBUG CollapseMonitor] on_validation_epoch_start called for epoch 92
[DEBUG CollapseMonitor] reset_temporal_state() called on loss function
Epoch 92: val_loss=0.6815616488456726
Epoch 92: train_loss=0.3591199815273285

[CollapseMonitor] Epoch 92
  [DEBUG] Processed 4 batches from val_dataloader
  [DEBUG] Predictions shape after concat: (199,)
  Pred std: 0.048644, range: 0.188085, mean: 0.273161
  Pos: 100.0%, Neg: 0.0%, Unique: 199
  Dir Acc: 44.72%, Pred Sharpe: 89.1435
  Composite: 0.3236 (dist_match: 0.4472, actual_pos: 44.7%, pred_pos: 100.0%)
  Collapse penalty: 0.000000 (threshold: 0.005000)
  Saved validation predictions to: experiments/12c_h1_rolling/macro_heavy_daily_h1_h18/fold_2023/collapse_monitoring/val_predictions_epoch92.npy
  Gradient norms:
    lstm_encoder: 0.038012
    lstm_decoder: 0.011018
    output_layer: 0.092319
  VSN output std:
    encoder: 0.242601
  Attention entropy: 2.860204
  Saved to: experiments/12c_h1_rolling/macro_heavy_daily_h1_h18/fold_2023/collapse_monitoring/collapse_monitor_latest.json
[DEBUG CollapseMonitor] on_validation_epoch_start called for epoch 93
[DEBUG CollapseMonitor] reset_temporal_state() called on loss function
Epoch 93: val_loss=0.6816271543502808
Epoch 93: train_loss=0.35944685339927673

[CollapseMonitor] Epoch 93
  [DEBUG] Processed 4 batches from val_dataloader
  [DEBUG] Predictions shape after concat: (199,)
  Pred std: 0.049488, range: 0.190879, mean: 0.274489
  Pos: 100.0%, Neg: 0.0%, Unique: 199
  Dir Acc: 44.72%, Pred Sharpe: 88.0495
  Composite: 0.3236 (dist_match: 0.4472, actual_pos: 44.7%, pred_pos: 100.0%)
  Collapse penalty: 0.000000 (threshold: 0.005000)
  Saved validation predictions to: experiments/12c_h1_rolling/macro_heavy_daily_h1_h18/fold_2023/collapse_monitoring/val_predictions_epoch93.npy
  Gradient norms:
    lstm_encoder: 0.035170
    lstm_decoder: 0.010292
    output_layer: 0.084270
  VSN output std:
    encoder: 0.242552
  Attention entropy: 2.859981
  Saved to: experiments/12c_h1_rolling/macro_heavy_daily_h1_h18/fold_2023/collapse_monitoring/collapse_monitor_latest.json
[DEBUG CollapseMonitor] on_validation_epoch_start called for epoch 94
[DEBUG CollapseMonitor] reset_temporal_state() called on loss function
Epoch 94: val_loss=0.681588351726532
Epoch 94: train_loss=0.35978230834007263

[CollapseMonitor] Epoch 94
  [DEBUG] Processed 4 batches from val_dataloader
  [DEBUG] Predictions shape after concat: (199,)
  Pred std: 0.049263, range: 0.190458, mean: 0.271867
  Pos: 100.0%, Neg: 0.0%, Unique: 199
  Dir Acc: 44.72%, Pred Sharpe: 87.6073
  Composite: 0.3236 (dist_match: 0.4472, actual_pos: 44.7%, pred_pos: 100.0%)
  Collapse penalty: 0.000000 (threshold: 0.005000)
  Saved validation predictions to: experiments/12c_h1_rolling/macro_heavy_daily_h1_h18/fold_2023/collapse_monitoring/val_predictions_epoch94.npy
  Gradient norms:
    lstm_encoder: 0.041728
    lstm_decoder: 0.012803
    output_layer: 0.093744
  VSN output std:
    encoder: 0.242487
  Attention entropy: 2.859954
  Saved to: experiments/12c_h1_rolling/macro_heavy_daily_h1_h18/fold_2023/collapse_monitoring/collapse_monitor_latest.json
[DEBUG CollapseMonitor] on_validation_epoch_start called for epoch 95
[DEBUG CollapseMonitor] reset_temporal_state() called on loss function
Epoch 95: val_loss=0.6817203760147095
Epoch 95: train_loss=0.35868677496910095

[CollapseMonitor] Epoch 95
  [DEBUG] Processed 4 batches from val_dataloader
  [DEBUG] Predictions shape after concat: (199,)
  Pred std: 0.049383, range: 0.191041, mean: 0.273593
  Pos: 100.0%, Neg: 0.0%, Unique: 199
  Dir Acc: 44.72%, Pred Sharpe: 87.9478
  Composite: 0.3236 (dist_match: 0.4472, actual_pos: 44.7%, pred_pos: 100.0%)
  Collapse penalty: 0.000000 (threshold: 0.005000)
  Saved validation predictions to: experiments/12c_h1_rolling/macro_heavy_daily_h1_h18/fold_2023/collapse_monitoring/val_predictions_epoch95.npy
  Gradient norms:
    lstm_encoder: 0.037647
    lstm_decoder: 0.011807
    output_layer: 0.090495
  VSN output std:
    encoder: 0.242480
  Attention entropy: 2.860547
  Saved to: experiments/12c_h1_rolling/macro_heavy_daily_h1_h18/fold_2023/collapse_monitoring/collapse_monitor_latest.json
[DEBUG CollapseMonitor] on_validation_epoch_start called for epoch 96
[DEBUG CollapseMonitor] reset_temporal_state() called on loss function
Epoch 96: val_loss=0.6816365718841553
Epoch 96: train_loss=0.35783958435058594

[CollapseMonitor] Epoch 96
  [DEBUG] Processed 4 batches from val_dataloader
  [DEBUG] Predictions shape after concat: (199,)
  Pred std: 0.048908, range: 0.190460, mean: 0.271121
  Pos: 100.0%, Neg: 0.0%, Unique: 199
  Dir Acc: 44.72%, Pred Sharpe: 88.0007
  Composite: 0.3236 (dist_match: 0.4472, actual_pos: 44.7%, pred_pos: 100.0%)
  Collapse penalty: 0.000000 (threshold: 0.005000)
  Saved validation predictions to: experiments/12c_h1_rolling/macro_heavy_daily_h1_h18/fold_2023/collapse_monitoring/val_predictions_epoch96.npy
  Gradient norms:
    lstm_encoder: 0.038177
    lstm_decoder: 0.012596
    output_layer: 0.091784
  VSN output std:
    encoder: 0.242437
  Attention entropy: 2.860566
  Saved to: experiments/12c_h1_rolling/macro_heavy_daily_h1_h18/fold_2023/collapse_monitoring/collapse_monitor_latest.json
[DEBUG CollapseMonitor] on_validation_epoch_start called for epoch 97
[DEBUG CollapseMonitor] reset_temporal_state() called on loss function
Epoch 97: val_loss=0.6816010475158691
Epoch 97: train_loss=0.3609536588191986

[CollapseMonitor] Epoch 97
  [DEBUG] Processed 4 batches from val_dataloader
  [DEBUG] Predictions shape after concat: (199,)
  Pred std: 0.048914, range: 0.190513, mean: 0.271589
  Pos: 100.0%, Neg: 0.0%, Unique: 199
  Dir Acc: 44.72%, Pred Sharpe: 88.1415
  Composite: 0.3236 (dist_match: 0.4472, actual_pos: 44.7%, pred_pos: 100.0%)
  Collapse penalty: 0.000000 (threshold: 0.005000)
  Saved validation predictions to: experiments/12c_h1_rolling/macro_heavy_daily_h1_h18/fold_2023/collapse_monitoring/val_predictions_epoch97.npy
  Gradient norms:
    lstm_encoder: 0.032974
    lstm_decoder: 0.010045
    output_layer: 0.092964
  VSN output std:
    encoder: 0.242437
  Attention entropy: 2.860675
  Saved to: experiments/12c_h1_rolling/macro_heavy_daily_h1_h18/fold_2023/collapse_monitoring/collapse_monitor_latest.json
[DEBUG CollapseMonitor] on_validation_epoch_start called for epoch 98
[DEBUG CollapseMonitor] reset_temporal_state() called on loss function
Epoch 98: val_loss=0.6815866231918335
Epoch 98: train_loss=0.36043596267700195

[CollapseMonitor] Epoch 98
  [DEBUG] Processed 4 batches from val_dataloader
  [DEBUG] Predictions shape after concat: (199,)
  Pred std: 0.048955, range: 0.190708, mean: 0.271530
  Pos: 100.0%, Neg: 0.0%, Unique: 199
  Dir Acc: 44.72%, Pred Sharpe: 88.0483
  Composite: 0.3236 (dist_match: 0.4472, actual_pos: 44.7%, pred_pos: 100.0%)
  Collapse penalty: 0.000000 (threshold: 0.005000)
  Saved validation predictions to: experiments/12c_h1_rolling/macro_heavy_daily_h1_h18/fold_2023/collapse_monitoring/val_predictions_epoch98.npy
  Gradient norms:
    lstm_encoder: 0.039317
    lstm_decoder: 0.012005
    output_layer: 0.092400
  VSN output std:
    encoder: 0.242424
  Attention entropy: 2.860450
  Saved to: experiments/12c_h1_rolling/macro_heavy_daily_h1_h18/fold_2023/collapse_monitoring/collapse_monitor_latest.json
[DEBUG CollapseMonitor] on_validation_epoch_start called for epoch 99
[DEBUG CollapseMonitor] reset_temporal_state() called on loss function
Epoch 99: val_loss=0.6816384196281433
Epoch 99: train_loss=0.3597331643104553

[CollapseMonitor] Epoch 99
  [DEBUG] Processed 4 batches from val_dataloader
  [DEBUG] Predictions shape after concat: (199,)
  Pred std: 0.048964, range: 0.190558, mean: 0.273333
  Pos: 100.0%, Neg: 0.0%, Unique: 199
  Dir Acc: 44.72%, Pred Sharpe: 88.6169
  Composite: 0.3236 (dist_match: 0.4472, actual_pos: 44.7%, pred_pos: 100.0%)
  Collapse penalty: 0.000000 (threshold: 0.005000)
  Saved validation predictions to: experiments/12c_h1_rolling/macro_heavy_daily_h1_h18/fold_2023/collapse_monitoring/val_predictions_epoch99.npy
  Gradient norms:
    lstm_encoder: 0.041531
    lstm_decoder: 0.011936
    output_layer: 0.089031
  VSN output std:
    encoder: 0.242422
  Attention entropy: 2.860892
  Saved to: experiments/12c_h1_rolling/macro_heavy_daily_h1_h18/fold_2023/collapse_monitoring/collapse_monitor_latest.json


======================================================================
Training complete
======================================================================

Best val_loss checkpoint: experiments/12c_h1_rolling/macro_heavy_daily_h1_h18/fold_2023/checkpoints/tft-epoch=epoch=56-valloss=val_loss=0.6805.ckpt
Best validation loss: 0.680540
Checkpoints saved:
  - Best val_loss: experiments/12c_h1_rolling/macro_heavy_daily_h1_h18/fold_2023/checkpoints/tft-epoch=epoch=56-valloss=val_loss=0.6805.ckpt
  - Best pred_std: experiments/12c_h1_rolling/macro_heavy_daily_h1_h18/fold_2023/checkpoints/tft-epoch=epoch=60-predstd=val_pred_std=0.0703.ckpt
  - Best unique: experiments/12c_h1_rolling/macro_heavy_daily_h1_h18/fold_2023/checkpoints/tft-epoch=epoch=00-unique=val_num_unique=199.ckpt
  - Best dir_acc: experiments/12c_h1_rolling/macro_heavy_daily_h1_h18/fold_2023/checkpoints/tft-epoch=epoch=00-diracc=val_dir_acc=0.4472.ckpt
  - Best sharpe: experiments/12c_h1_rolling/macro_heavy_daily_h1_h18/fold_2023/checkpoints/tft-epoch=epoch=00-sharpe=val_sharpe=516.5813.ckpt
  - Best composite: experiments/12c_h1_rolling/macro_heavy_daily_h1_h18/fold_2023/checkpoints/tft-epoch=epoch=00-composite=val_composite=0.3236.ckpt
Completed at: 2025-12-14 03:14:03
Log saved to: experiments/12c_h1_rolling/macro_heavy_daily_h1_h18/fold_2023/training_20251214_025932.log
======================================================================
