{
  "experiment": "sweep2_h16_lr_0.0002",
  "collapsed": true,
  "collapse_type": "low_diversity",
  "predictions": {
    "mean": 0.04215269535779953,
    "std": 0.048053205013275146,
    "min": -0.10422724485397339,
    "max": 0.10163307189941406,
    "range": 0.20586031675338745,
    "pct_positive": 85.859375,
    "pct_negative": 14.140625000000002,
    "num_unique": 1275
  },
  "hidden_size": 16,
  "total_params": 22615,
  "diagnosed_at": "2025-10-21T13:20:49.790964"
}