{
  "evaluation_timestamp": "2025-10-22T23:15:13.403233",
  "statistical_metrics": {
    "mse": 1.1766760349273682,
    "rmse": 1.0847469568252563,
    "mae": 0.7720543146133423,
    "mape": 146.41692638397217,
    "r2": 7.301568984985352e-05,
    "mean_error": 0.0029918798245489597,
    "std_error": 1.084742784500122
  },
  "financial_metrics": {
    "directional_accuracy": 0.53671875,
    "sharpe_ratio": 0.8329736080938573,
    "max_drawdown": -0.2524605989456177,
    "total_return": 0.9216080904006958,
    "hit_rate": 0.53671875,
    "num_trades": 1280,
    "precision": 0.53671875,
    "recall": 1.0,
    "f1_score": 0.6985256736146417,
    "confusion_matrix": [
      [
        0,
        593
      ],
      [
        0,
        687
      ]
    ],
    "auc_roc": 0.5437466708886549,
    "alpha": 0.0
  },
  "residual_diagnostics": {
    "normality_p_value": 3.134587266449737e-40,
    "acf_lag1": -0.03605934697523915,
    "skewness": 0.09480443629583438,
    "kurtosis": 6.5333207241967575
  },
  "checkpoint_used": "experiments/sweep_stale_h12_drop0.20_lr3/checkpoints/tft-epoch=04-val_loss=0.1416.ckpt"
}