{
  "evaluation_timestamp": "2025-10-27T12:03:16.901630",
  "statistical_metrics": {
    "mse": 1.1766760349273682,
    "rmse": 1.0847469568252563,
    "mae": 0.7720543146133423,
    "mape": 146.416974067688,
    "r2": 7.30752944946289e-05,
    "mean_error": 0.0029917850624769926,
    "std_error": 1.084742784500122
  },
  "financial_metrics": {
    "directional_accuracy": 0.53671875,
    "sharpe_ratio": 0.8329736080938573,
    "max_drawdown": -0.2524605989456177,
    "total_return": 0.9216080904006958,
    "hit_rate": 0.53671875,
    "num_trades": 1280,
    "precision": 0.53671875,
    "recall": 1.0,
    "f1_score": 0.6985256736146417,
    "confusion_matrix": [
      [
        0,
        593
      ],
      [
        0,
        687
      ]
    ],
    "auc_roc": 0.5437466708886549,
    "alpha": 0.0
  },
  "residual_diagnostics": {
    "normality_p_value": 3.134579102649851e-40,
    "acf_lag1": -0.0360593463968197,
    "skewness": 0.09480456471577098,
    "kurtosis": 6.5333207241967575
  },
  "mode_stats": {
    "healthy_days": 29,
    "degraded_days": 1,
    "unidirectional_days": 671,
    "weak_collapse_days": 513,
    "strong_collapse_days": 66,
    "total_days": 1280,
    "healthy_pct": 2.265625,
    "degraded_pct": 0.078125,
    "unidirectional_pct": 52.42187499999999,
    "weak_collapse_pct": 40.078125,
    "strong_collapse_pct": 5.15625
  },
  "collapse_detected": true,
  "degradation_detected": true,
  "checkpoint_used": "experiments/01_staleness_features_fixed/sweep_stale_h12_drop0.20_lr3/checkpoints/tft-epoch=04-val_loss=0.1416.ckpt"
}