{
  "evaluation_timestamp": "2025-10-30T03:24:25.644838",
  "statistical_metrics": {
    "mse": 1.1759846210479736,
    "rmse": 1.0844281911849976,
    "mae": 0.7734614610671997,
    "mape": 137.65103816986084,
    "r2": 0.0006606578826904297,
    "mean_error": -0.01926962099969387,
    "std_error": 1.0842570066452026
  },
  "financial_metrics": {
    "directional_accuracy": 0.53671875,
    "sharpe_ratio": 0.8329736080938573,
    "max_drawdown": -0.2524605989456177,
    "total_return": 0.9216080904006958,
    "hit_rate": 0.53671875,
    "num_trades": 1280,
    "precision": 0.53671875,
    "recall": 1.0,
    "f1_score": 0.6985256736146417,
    "confusion_matrix": [
      [
        0,
        593
      ],
      [
        0,
        687
      ]
    ],
    "auc_roc": 0.46692734989236384,
    "alpha": 0.0
  },
  "residual_diagnostics": {
    "normality_p_value": 9.466402680293943e-39,
    "acf_lag1": -0.030652883187193197,
    "skewness": -0.022772813828227555,
    "kurtosis": 6.273259364660364
  },
  "mode_stats": {
    "healthy_days": 30,
    "degraded_days": 0,
    "unidirectional_days": 1031,
    "weak_collapse_days": 78,
    "strong_collapse_days": 141,
    "total_days": 1280,
    "healthy_pct": 2.34375,
    "degraded_pct": 0.0,
    "unidirectional_pct": 80.546875,
    "weak_collapse_pct": 6.09375,
    "strong_collapse_pct": 11.015625
  },
  "collapse_detected": true,
  "degradation_detected": true,
  "checkpoint_used": "experiments/01_staleness_features_fixed/sweep_stale_h12_drop0.20_lr3/checkpoints/tft-epoch=99-val_loss=0.4012.ckpt"
}