{
  "evaluation_timestamp": "2025-10-27T12:04:00.424599",
  "statistical_metrics": {
    "mse": 1.1937013864517212,
    "rmse": 1.0925663709640503,
    "mae": 0.7794629335403442,
    "mape": 265.7947540283203,
    "r2": -0.014394879341125488,
    "mean_error": -0.13087597489356995,
    "std_error": 1.0846993923187256
  },
  "financial_metrics": {
    "directional_accuracy": 0.53671875,
    "sharpe_ratio": 0.8329736080938573,
    "max_drawdown": -0.2524605989456177,
    "total_return": 0.9216080904006958,
    "hit_rate": 0.53671875,
    "num_trades": 1280,
    "precision": 0.53671875,
    "recall": 1.0,
    "f1_score": 0.6985256736146417,
    "confusion_matrix": [
      [
        0,
        593
      ],
      [
        0,
        687
      ]
    ],
    "auc_roc": 0.47280376836994437,
    "alpha": 0.0
  },
  "residual_diagnostics": {
    "normality_p_value": 1.0341825070137353e-39,
    "acf_lag1": -0.035857667721146555,
    "skewness": 0.058167128976935774,
    "kurtosis": 6.470908494484419
  },
  "mode_stats": {
    "healthy_days": 29,
    "degraded_days": 1,
    "unidirectional_days": 326,
    "weak_collapse_days": 865,
    "strong_collapse_days": 59,
    "total_days": 1280,
    "healthy_pct": 2.265625,
    "degraded_pct": 0.078125,
    "unidirectional_pct": 25.46875,
    "weak_collapse_pct": 67.578125,
    "strong_collapse_pct": 4.609375
  },
  "collapse_detected": true,
  "degradation_detected": true,
  "checkpoint_used": "experiments/01_staleness_features_fixed/sweep_stale_h14_drop0.35_lr3/checkpoints/tft-epoch=06-val_loss=0.1620.ckpt"
}