{
  "evaluation_timestamp": "2025-10-30T03:27:25.292297",
  "statistical_metrics": {
    "mse": 1.173570990562439,
    "rmse": 1.0833147764205933,
    "mae": 0.7732881307601929,
    "mape": 117.80506372451782,
    "r2": 0.002711653709411621,
    "mean_error": 0.015371410176157951,
    "std_error": 1.0832058191299438
  },
  "financial_metrics": {
    "directional_accuracy": 0.52265625,
    "sharpe_ratio": 0.8412369603582693,
    "max_drawdown": -0.2156452089548111,
    "total_return": 0.8999278545379639,
    "hit_rate": 0.47734375,
    "num_trades": 1146,
    "precision": 0.5331588132635253,
    "recall": 0.8893740902474527,
    "f1_score": 0.6666666666666667,
    "confusion_matrix": [
      [
        58,
        535
      ],
      [
        76,
        611
      ]
    ],
    "auc_roc": 0.496513177757977,
    "alpha": -0.021680235862731934
  },
  "residual_diagnostics": {
    "normality_p_value": 1.6529571551861156e-38,
    "acf_lag1": -0.02942622257702421,
    "skewness": -0.018526505912426924,
    "kurtosis": 6.218236234432478
  },
  "mode_stats": {
    "healthy_days": 498,
    "degraded_days": 210,
    "unidirectional_days": 519,
    "weak_collapse_days": 53,
    "strong_collapse_days": 0,
    "total_days": 1280,
    "healthy_pct": 38.90625,
    "degraded_pct": 16.40625,
    "unidirectional_pct": 40.546875,
    "weak_collapse_pct": 4.140625,
    "strong_collapse_pct": 0.0
  },
  "collapse_detected": true,
  "degradation_detected": true,
  "checkpoint_used": "experiments/01_staleness_features_fixed/sweep_stale_h14_drop0.35_lr3/checkpoints/tft-epoch=93-val_loss=0.3986.ckpt"
}