{
  "evaluation_timestamp": "2025-10-22T23:15:45.279454",
  "statistical_metrics": {
    "mse": 1.1937013864517212,
    "rmse": 1.0925663709640503,
    "mae": 0.7794628739356995,
    "mape": 265.7947063446045,
    "r2": -0.014394879341125488,
    "mean_error": -0.13087591528892517,
    "std_error": 1.0846995115280151
  },
  "financial_metrics": {
    "directional_accuracy": 0.53671875,
    "sharpe_ratio": 0.8329736080938573,
    "max_drawdown": -0.2524605989456177,
    "total_return": 0.9216080904006958,
    "hit_rate": 0.53671875,
    "num_trades": 1280,
    "precision": 0.53671875,
    "recall": 1.0,
    "f1_score": 0.6985256736146417,
    "confusion_matrix": [
      [
        0,
        593
      ],
      [
        0,
        687
      ]
    ],
    "auc_roc": 0.4728062230142541,
    "alpha": 0.0
  },
  "residual_diagnostics": {
    "normality_p_value": 1.0342029710676963e-39,
    "acf_lag1": -0.03585766382290888,
    "skewness": 0.058167009215349265,
    "kurtosis": 6.470906575316983
  },
  "checkpoint_used": "experiments/sweep_stale_h14_drop0.35_lr3/checkpoints/tft-epoch=06-val_loss=0.1620.ckpt"
}