{
  "evaluation_timestamp": "2025-10-27T12:02:58.281327",
  "statistical_metrics": {
    "mse": 1.2152725458145142,
    "rmse": 1.1023939847946167,
    "mae": 0.7876361012458801,
    "mape": 309.39629077911377,
    "r2": -0.03272581100463867,
    "mean_error": -0.18906621634960175,
    "std_error": 1.0860601663589478
  },
  "financial_metrics": {
    "directional_accuracy": 0.53671875,
    "sharpe_ratio": 0.8329736080938573,
    "max_drawdown": -0.2524605989456177,
    "total_return": 0.9216080904006958,
    "hit_rate": 0.53671875,
    "num_trades": 1280,
    "precision": 0.53671875,
    "recall": 1.0,
    "f1_score": 0.6985256736146417,
    "confusion_matrix": [
      [
        0,
        593
      ],
      [
        0,
        687
      ]
    ],
    "auc_roc": 0.4736751670999114,
    "alpha": 0.0
  },
  "residual_diagnostics": {
    "normality_p_value": 2.4255626939272514e-39,
    "acf_lag1": -0.03324851884404352,
    "skewness": -0.01619061401988124,
    "kurtosis": 6.416906079995584
  },
  "mode_stats": {
    "healthy_days": 30,
    "degraded_days": 0,
    "unidirectional_days": 1102,
    "weak_collapse_days": 58,
    "strong_collapse_days": 90,
    "total_days": 1280,
    "healthy_pct": 2.34375,
    "degraded_pct": 0.0,
    "unidirectional_pct": 86.09375,
    "weak_collapse_pct": 4.53125,
    "strong_collapse_pct": 7.03125
  },
  "collapse_detected": true,
  "degradation_detected": true,
  "checkpoint_used": "experiments/00_baseline_exploration/sweep2_hidden_20/checkpoints/tft-epoch=01-val_loss=0.0671.ckpt"
}