{
  "evaluation_timestamp": "2025-10-30T03:18:24.854902",
  "statistical_metrics": {
    "mse": 1.174564003944397,
    "rmse": 1.0837730169296265,
    "mae": 0.7719663977622986,
    "mape": 162.56883144378662,
    "r2": 0.0018678903579711914,
    "mean_error": -0.02980596385896206,
    "std_error": 1.0833630561828613
  },
  "financial_metrics": {
    "directional_accuracy": 0.534375,
    "sharpe_ratio": 0.7947284303504591,
    "max_drawdown": -0.2524605989456177,
    "total_return": 0.8570568561553955,
    "hit_rate": 0.534375,
    "num_trades": 1277,
    "precision": 0.5356303837118246,
    "recall": 0.9956331877729258,
    "f1_score": 0.6965376782077394,
    "confusion_matrix": [
      [
        0,
        593
      ],
      [
        3,
        684
      ]
    ],
    "auc_roc": 0.5110814917364399,
    "alpha": -0.06455123424530029
  },
  "residual_diagnostics": {
    "normality_p_value": 4.745188805019361e-39,
    "acf_lag1": -0.03390823281442996,
    "skewness": 0.016612933959158124,
    "kurtosis": 6.347064212720268
  },
  "mode_stats": {
    "healthy_days": 83,
    "degraded_days": 7,
    "unidirectional_days": 1141,
    "weak_collapse_days": 40,
    "strong_collapse_days": 9,
    "total_days": 1280,
    "healthy_pct": 6.484375000000001,
    "degraded_pct": 0.546875,
    "unidirectional_pct": 89.140625,
    "weak_collapse_pct": 3.125,
    "strong_collapse_pct": 0.703125
  },
  "collapse_detected": true,
  "degradation_detected": true,
  "checkpoint_used": "experiments/00_baseline_exploration/sweep2_hidden_20/checkpoints/tft-epoch=61-val_loss=0.3993.ckpt"
}