{
  "evaluation_timestamp": "2025-10-16T23:55:04.089077",
  "statistical_metrics": {
    "mse": 1.2152724266052246,
    "rmse": 1.1023939847946167,
    "mae": 0.7876361012458801,
    "mape": 309.3963146209717,
    "r2": -0.03272569179534912,
    "mean_error": -0.18906620144844055,
    "std_error": 1.0860601663589478
  },
  "financial_metrics": {
    "directional_accuracy": 0.53671875,
    "sharpe_ratio": 0.8329736080938573,
    "max_drawdown": -0.2524605989456177,
    "total_return": 0.9216080904006958,
    "hit_rate": 0.53671875,
    "num_trades": 1280,
    "precision": 0.53671875,
    "recall": 1.0,
    "f1_score": 0.6985256736146417,
    "confusion_matrix": [
      [
        0,
        593
      ],
      [
        0,
        687
      ]
    ],
    "auc_roc": 0.4736776217442211,
    "alpha": 0.0
  },
  "residual_diagnostics": {
    "normality_p_value": 2.4255630142360072e-39,
    "acf_lag1": -0.033248512860591106,
    "skewness": -0.016190576215521887,
    "kurtosis": 6.416906079995584
  },
  "checkpoint_used": "experiments/sweep2_hidden_20/checkpoints/tft-epoch=01-val_loss=0.0671.ckpt"
}