{
  "period_statistics": {
    "2020": {
      "n_samples": 92,
      "entropy_mean": 2.98441481590271,
      "entropy_std": 0.012984012253582478,
      "attention_concentration": 0.05005699023604393,
      "top_features": [
        [
          "t-1",
          0.05234105512499809
        ],
        [
          "t-2",
          0.05206293985247612
        ],
        [
          "t-3",
          0.05180228874087334
        ],
        [
          "t-4",
          0.05155104026198387
        ],
        [
          "t-5",
          0.05131787806749344
        ]
      ],
      "mean_attention": [
        0.04694906994700432,
        0.04628495126962662,
        0.04714956134557724,
        0.04812060296535492,
        0.04888882488012314,
        0.049417637288570404,
        0.049750979989767075,
        0.04998665302991867,
        0.0501447431743145,
        0.05030977725982666,
        0.05046646669507027,
        0.05061851814389229,
        0.050776656717061996,
        0.050956569612026215,
        0.05110384523868561,
        0.05131787806749344,
        0.05155104026198387,
        0.05180228874087334,
        0.05206293985247612,
        0.05234105512499809
      ],
      "std_attention": [
        0.006602623034268618,
        0.0066465274430811405,
        0.006874725688248873,
        0.007005181163549423,
        0.007016761228442192,
        0.00691416347399354,
        0.006775799207389355,
        0.006608776282519102,
        0.00648160045966506,
        0.006411992944777012,
        0.006419120356440544,
        0.0064847394824028015,
        0.0066160461865365505,
        0.006815914995968342,
        0.007078761700540781,
        0.007423730567097664,
        0.007811517920345068,
        0.008235285058617592,
        0.008702347986400127,
        0.009177056141197681
      ]
    },
    "2021": {
      "n_samples": 250,
      "entropy_mean": 2.9900569915771484,
      "entropy_std": 0.005391611251980066,
      "attention_concentration": 0.050157856196165085,
      "top_features": [
        [
          "t-1",
          0.05409347265958786
        ],
        [
          "t-2",
          0.0536663718521595
        ],
        [
          "t-3",
          0.053248289972543716
        ],
        [
          "t-4",
          0.052852436900138855
        ],
        [
          "t-5",
          0.052472375333309174
        ]
      ],
      "mean_attention": [
        0.04554004967212677,
        0.044459860771894455,
        0.04541850462555885,
        0.0466373972594738,
        0.04766157642006874,
        0.048417702317237854,
        0.04900828376412392,
        0.0494840107858181,
        0.04989839345216751,
        0.05029001832008362,
        0.050659600645303726,
        0.051016442477703094,
        0.051364559680223465,
        0.0517185777425766,
        0.05209207907319069,
        0.052472375333309174,
        0.052852436900138855,
        0.053248289972543716,
        0.0536663718521595,
        0.05409347265958786
      ],
      "std_attention": [
        0.003913803957402706,
        0.004001521039754152,
        0.004186662845313549,
        0.004278852138668299,
        0.00433863140642643,
        0.004356600809842348,
        0.004368431866168976,
        0.004356755875051022,
        0.0043388414196670055,
        0.004339161328971386,
        0.004341245163232088,
        0.004349380731582642,
        0.004362510982900858,
        0.0043992213904857635,
        0.004451475106179714,
        0.00451718969270587,
        0.004600645042955875,
        0.0047212885692715645,
        0.0048602973110973835,
        0.005035246256738901
      ]
    },
    "2022": {
      "n_samples": 249,
      "entropy_mean": 2.9827020168304443,
      "entropy_std": 0.0064310538582503796,
      "attention_concentration": 0.05023381486535072,
      "top_features": [
        [
          "t-1",
          0.0554015226662159
        ],
        [
          "t-2",
          0.0547531358897686
        ],
        [
          "t-3",
          0.05413717031478882
        ],
        [
          "t-4",
          0.05354095250368118
        ],
        [
          "t-5",
          0.052965790033340454
        ]
      ],
      "mean_attention": [
        0.043795619159936905,
        0.04344369098544121,
        0.0448177307844162,
        0.04640534892678261,
        0.0475950613617897,
        0.048385098576545715,
        0.04889633506536484,
        0.04926975816488266,
        0.04965094476938248,
        0.05003724247217178,
        0.05042416974902153,
        0.05085398629307747,
        0.051331527531147,
        0.05186176300048828,
        0.052433162927627563,
        0.052965790033340454,
        0.05354095250368118,
        0.05413717031478882,
        0.0547531358897686,
        0.0554015226662159
      ],
      "std_attention": [
        0.006502525415271521,
        0.006652750074863434,
        0.007164675742387772,
        0.007473956793546677,
        0.007499487139284611,
        0.007350222207605839,
        0.0071199494414031506,
        0.006892725825309753,
        0.006697196513414383,
        0.006571754347532988,
        0.006492102984338999,
        0.00650454917922616,
        0.00661682803183794,
        0.006849053781479597,
        0.007157060783356428,
        0.0075303795747458935,
        0.00797578226774931,
        0.008498672395944595,
        0.009111742489039898,
        0.009824521839618683
      ]
    },
    "2023": {
      "n_samples": 249,
      "entropy_mean": 2.988973617553711,
      "entropy_std": 0.004501190036535263,
      "attention_concentration": 0.05023946240544319,
      "top_features": [
        [
          "t-1",
          0.054819606244564056
        ],
        [
          "t-2",
          0.05430784076452255
        ],
        [
          "t-3",
          0.053798384964466095
        ],
        [
          "t-4",
          0.053301747888326645
        ],
        [
          "t-5",
          0.052827686071395874
        ]
      ],
      "mean_attention": [
        0.04377254843711853,
        0.04270352050662041,
        0.04421745240688324,
        0.046096328645944595,
        0.047562722116708755,
        0.04856156185269356,
        0.04925016686320305,
        0.049797117710113525,
        0.050214868038892746,
        0.050570886582136154,
        0.05093752592802048,
        0.05129003897309303,
        0.05164148658514023,
        0.051981594413518906,
        0.05234689265489578,
        0.052827686071395874,
        0.053301747888326645,
        0.053798384964466095,
        0.05430784076452255,
        0.054819606244564056
      ],
      "std_attention": [
        0.003996300511062145,
        0.003732214914634824,
        0.004004719201475382,
        0.004271204583346844,
        0.00444138003513217,
        0.004529834724962711,
        0.0045657530426979065,
        0.004550004843622446,
        0.004538537003099918,
        0.004479550290852785,
        0.004462981130927801,
        0.004454160109162331,
        0.00446007726714015,
        0.004466757643967867,
        0.0045500146225094795,
        0.0047781337052583694,
        0.005071114748716354,
        0.0054398332722485065,
        0.005872772540897131,
        0.006381436716765165
      ]
    },
    "2024": {
      "n_samples": 250,
      "entropy_mean": 2.9890425205230713,
      "entropy_std": 0.005025697406381369,
      "attention_concentration": 0.05033653602004051,
      "top_features": [
        [
          "t-1",
          0.05606041103601456
        ],
        [
          "t-2",
          0.05539039894938469
        ],
        [
          "t-3",
          0.05475755035877228
        ],
        [
          "t-4",
          0.054162610322237015
        ],
        [
          "t-5",
          0.053588125854730606
        ]
      ],