{
  "period_statistics": {
    "2020": {
      "n_samples": 92,
      "entropy_mean": 2.8963775634765625,
      "entropy_std": 0.074421226978302,
      "attention_concentration": 0.05149522423744202,
      "top_features": [
        [
          "t-1",
          0.06399920582771301
        ],
        [
          "t-2",
          0.0617881640791893
        ],
        [
          "t-3",
          0.05974998325109482
        ],
        [
          "t-4",
          0.05815513804554939
        ],
        [
          "t-5",
          0.05678066983819008
        ]
      ],
      "mean_attention": [
        0.029757212847471237,
        0.03301792964339256,
        0.03855280205607414,
        0.043278664350509644,
        0.04614664614200592,
        0.04758604243397713,
        0.048439253121614456,
        0.048947229981422424,
        0.04963885247707367,
        0.05014006048440933,
        0.05074291303753853,
        0.0514918714761734,
        0.052350517362356186,
        0.05395367741584778,
        0.055483099073171616,
        0.05678066983819008,
        0.05815513804554939,
        0.05974998325109482,
        0.0617881640791893,
        0.06399920582771301
      ],
      "std_attention": [
        0.01677604764699936,
        0.017963403835892677,
        0.020046574994921684,
        0.021089842543005943,
        0.02087731659412384,
        0.01989617384970188,
        0.018977005034685135,
        0.018097953870892525,
        0.01768156699836254,
        0.017259953543543816,
        0.0170883908867836,
        0.017263341695070267,
        0.017756573855876923,
        0.018922235816717148,
        0.020089352503418922,
        0.02167101390659809,
        0.023789191618561745,
        0.026510581374168396,
        0.030049335211515427,
        0.03417123109102249
      ]
    },
    "2021": {
      "n_samples": 250,
      "entropy_mean": 2.7440221309661865,
      "entropy_std": 0.20638637244701385,
      "attention_concentration": 0.05061842501163483,
      "top_features": [
        [
          "t-1",
          0.06275992840528488
        ],
        [
          "t-2",
          0.05833963677287102
        ],
        [
          "t-18",
          0.05650649964809418
        ],
        [
          "t-19",
          0.05557938292622566
        ],
        [
          "t-3",
          0.05469505861401558
        ]
      ],
      "mean_attention": [
        0.05426910147070885,
        0.05557938292622566,
        0.05650649964809418,
        0.053911883383989334,
        0.050403207540512085,
        0.04751415178179741,
        0.04548363387584686,
        0.04422690346837044,
        0.04352625831961632,
        0.04335588961839676,
        0.04367735981941223,
        0.04434239864349365,
        0.04548421874642372,
        0.04662599787116051,
        0.04797445610165596,
        0.04962167143821716,
        0.0517023429274559,
        0.05469505861401558,
        0.05833963677287102,
        0.06275992840528488
      ],
      "std_attention": [
        0.035555750131607056,
        0.03833388164639473,
        0.04167172685265541,
        0.0419323593378067,
        0.040741536766290665,
        0.038883380591869354,
        0.03749524801969528,
        0.036361731588840485,
        0.03567879647016525,
        0.035619910806417465,
        0.03606490045785904,
        0.036638546735048294,
        0.037963829934597015,
        0.03882891684770584,
        0.039446871727705,
        0.04017055034637451,
        0.04143420234322548,
        0.046414535492658615,
        0.05363081768155098,
        0.06276028603315353
      ]
    },
    "2022": {
      "n_samples": 249,
      "entropy_mean": 2.8118722438812256,
      "entropy_std": 0.16730257868766785,
      "attention_concentration": 0.05062754079699516,
      "top_features": [
        [
          "t-17",
          0.06040654331445694
        ],
        [
          "t-16",
          0.05948302894830704
        ],
        [
          "t-1",
          0.056422121822834015
        ],
        [
          "t-15",
          0.05624021962285042
        ],
        [
          "t-18",
          0.055271271616220474
        ]
      ],
      "mean_attention": [
        0.03622950240969658,
        0.044614460319280624,
        0.055271271616220474,
        0.06040654331445694,
        0.05948302894830704,
        0.05624021962285042,
        0.052986156195402145,
        0.05040860176086426,
        0.048409756273031235,
        0.04712838679552078,
        0.04646427184343338,
        0.04616891220211983,
        0.04609719663858414,
        0.0462954044342041,
        0.04681500047445297,
        0.04774128645658493,
        0.048958707600831985,
        0.05071774870157242,
        0.053141504526138306,
        0.056422121822834015
      ],
      "std_attention": [
        0.02711481973528862,
        0.02972501516342163,
        0.0358748733997345,
        0.03815155848860741,
        0.03562413528561592,
        0.03204844519495964,
        0.028918493539094925,
        0.026802871376276016,
        0.02546781860291958,
        0.024778475984930992,
        0.02473282814025879,
        0.02509416826069355,
        0.025608301162719727,
        0.02634374052286148,
        0.027312807738780975,
        0.028795070946216583,
        0.031151331961154938,
        0.03515762835741043,
        0.041624683886766434,
        0.05320652946829796
      ]
    },
    "2023": {
      "n_samples": 249,
      "entropy_mean": 2.9163379669189453,
      "entropy_std": 0.0637512356042862,
      "attention_concentration": 0.05028804764151573,
      "top_features": [
        [
          "t-1",
          0.05735942721366882
        ],
        [
          "t-2",
          0.05602460727095604
        ],
        [
          "t-3",
          0.05489115044474602
        ],
        [
          "t-4",
          0.05390408635139465
        ],
        [
          "t-5",
          0.053046658635139465
        ]
      ],
      "mean_attention": [
        0.04657558724284172,
        0.043100666254758835,
        0.04377561807632446,
        0.045407138764858246,
        0.04679838940501213,
        0.047748055309057236,
        0.048359647393226624,
        0.04870409891009331,
        0.049131304025650024,
        0.0496126152575016,
        0.050057701766490936,
        0.05052218586206436,
        0.05103561282157898,
        0.051629744470119476,
        0.05231582000851631,
        0.053046658635139465,
        0.05390408635139465,
        0.05489115044474602,
        0.05602460727095604,
        0.05735942721366882
      ],
      "std_attention": [
        0.022990355268120766,
        0.02025321125984192,
        0.020407238975167274,
        0.02078215964138508,
        0.02033485285937786,
        0.01948230341076851,
        0.018688833341002464,
        0.017993610352277756,
        0.017702514305710793,
        0.017607703804969788,
        0.017633840441703796,
        0.017754297703504562,
        0.018043464049696922,
        0.01855897158384323,
        0.01929144375026226,
        0.02027900703251362,
        0.021477043628692627,
        0.023177681490778923,
        0.02552301064133644,
        0.028525764122605324
      ]
    },
    "2024": {
      "n_samples": 250,
      "entropy_mean": 2.8306469917297363,
      "entropy_std": 0.3096283972263336,
      "attention_concentration": 0.05041506886482239,
      "top_features": [
        [
          "t-1",
          0.05972786992788315
        ],
        [
          "t-20",
          0.059213511645793915
        ],
        [
          "t-2",
          0.056730933487415314
        ],
        [
          "t-3",
          0.05480648949742317
        ],
        [
          "t-4",
          0.05338141322135925
        ]
      ],