{
  "period_statistics": {
    "2020": {
      "n_samples": 92,
      "entropy_mean": 2.994629144668579,
      "entropy_std": 0.0008826014818623662,
      "attention_concentration": 0.05004563927650452,
      "top_features": [
        [
          "t-1",
          0.05337817221879959
        ],
        [
          "t-2",
          0.052680063992738724
        ],
        [
          "t-20",
          0.05215029790997505
        ],
        [
          "t-3",
          0.0520252026617527
        ],
        [
          "t-4",
          0.05144551023840904
        ]
      ],
      "mean_attention": [
        0.05215029790997505,
        0.04893644526600838,
        0.04908963292837143,
        0.04885432496666908,
        0.048650287091732025,
        0.04859240725636482,
        0.04859448969364166,
        0.04864796996116638,
        0.048746488988399506,
        0.04888062924146652,
        0.049065232276916504,
        0.04930815100669861,
        0.04961829259991646,
        0.04999122768640518,
        0.05042398348450661,
        0.050921179354190826,
        0.05144551023840904,
        0.0520252026617527,
        0.052680063992738724,
        0.05337817221879959
      ],
      "std_attention": [
        0.00232557556591928,
        0.0018321237294003367,
        0.0017591409850865602,
        0.0016471701674163342,
        0.0016334661049768329,
        0.0015691231237724423,
        0.0015357424272224307,
        0.001545639242976904,
        0.0015857599209994078,
        0.001615834073163569,
        0.0016578013310208917,
        0.0017016022466123104,
        0.0017409328138455749,
        0.001778111793100834,
        0.0018180899787694216,
        0.001866413396783173,
        0.0019338219426572323,
        0.002004335867241025,
        0.002100505866110325,
        0.0022242057602852583
      ]
    },
    "2021": {
      "n_samples": 250,
      "entropy_mean": 2.9592695236206055,
      "entropy_std": 0.023856204003095627,
      "attention_concentration": 0.0500602126121521,
      "top_features": [
        [
          "t-1",
          0.05354829505085945
        ],
        [
          "t-2",
          0.05310580134391785
        ],
        [
          "t-3",
          0.05261682718992233
        ],
        [
          "t-4",
          0.05207834765315056
        ],
        [
          "t-5",
          0.05149605870246887
        ]
      ],
      "mean_attention": [
        0.05130328610539436,
        0.04886464402079582,
        0.04904697835445404,
        0.048800691962242126,
        0.04853782430291176,
        0.048381224274635315,
        0.04824146628379822,
        0.04822922870516777,
        0.048336900770664215,
        0.04848894104361534,
        0.04877159744501114,
        0.04918597266077995,
        0.049728523939847946,
        0.05031806603074074,
        0.05091940239071846,
        0.05149605870246887,
        0.05207834765315056,
        0.05261682718992233,
        0.05310580134391785,
        0.05354829505085945
      ],
      "std_attention": [
        0.018103336915373802,
        0.016697674989700317,
        0.016084760427474976,
        0.015228988602757454,
        0.014364141039550304,
        0.0136833805590868,
        0.013062902726233006,
        0.012579047121107578,
        0.012282181531190872,
        0.012063921429216862,
        0.011936157010495663,
        0.01188748236745596,
        0.011965004727244377,
        0.012143218889832497,
        0.012539215385913849,
        0.012930624186992645,
        0.013332362286746502,
        0.013745798729360104,
        0.014350669458508492,
        0.01509881392121315
      ]
    },
    "2022": {
      "n_samples": 249,
      "entropy_mean": 2.9857535362243652,
      "entropy_std": 0.007357041817158461,
      "attention_concentration": 0.05043526366353035,
      "top_features": [
        [
          "t-20",
          0.06453830748796463
        ],
        [
          "t-19",
          0.05909261479973793
        ],
        [
          "t-18",
          0.05617576092481613
        ],
        [
          "t-17",
          0.05337017402052879
        ],
        [
          "t-16",
          0.05139723792672157
        ]
      ],
      "mean_attention": [
        0.06453830748796463,
        0.05909261479973793,
        0.05617576092481613,
        0.05337017402052879,
        0.05139723792672157,
        0.05000149831175804,
        0.049089547246694565,
        0.04843439161777496,
        0.0479256696999073,
        0.047606002539396286,
        0.04740508273243904,
        0.04728732258081436,
        0.04724202677607536,
        0.04724208265542984,
        0.04726100340485573,
        0.04729347303509712,
        0.04727771878242493,
        0.04723122715950012,
        0.04714350029826164,
        0.046985432505607605
      ],
      "std_attention": [
        0.010505170561373234,
        0.008677988313138485,
        0.00708372239023447,
        0.005914167035371065,
        0.005158452317118645,
        0.004644900094717741,
        0.004296774044632912,
        0.004105177242308855,
        0.003947586752474308,
        0.003890191437676549,
        0.0038779631722718477,
        0.0038975649513304234,
        0.003963322378695011,
        0.00415968568995595,
        0.004416664130985737,
        0.004684255458414555,
        0.004992272239178419,
        0.0053079575300216675,
        0.005594409070909023,
        0.0058668069541454315
      ]
    },
    "2023": {
      "n_samples": 249,
      "entropy_mean": 2.955737590789795,
      "entropy_std": 0.03867913782596588,
      "attention_concentration": 0.050495490431785583,
      "top_features": [
        [
          "t-1",
          0.059239234775304794
        ],
        [
          "t-2",
          0.05827448517084122
        ],
        [
          "t-3",
          0.0571720115840435
        ],
        [
          "t-4",
          0.055927399545907974
        ],
        [
          "t-5",
          0.05455165356397629
        ]
      ],
      "mean_attention": [
        0.05389038473367691,
        0.049308255314826965,
        0.0472777858376503,
        0.0456070750951767,
        0.04456682130694389,
        0.044070351868867874,
        0.04406965151429176,
        0.04443848505616188,
        0.04512117803096771,
        0.04605548828840256,
        0.04720435291528702,
        0.04854629188776016,
        0.05002894625067711,
        0.05155976116657257,
        0.05309034511446953,
        0.05455165356397629,
        0.055927399545907974,
        0.0571720115840435,
        0.05827448517084122,
        0.059239234775304794
      ],
      "std_attention": [
        0.027892986312508583,
        0.02212941274046898,
        0.0191865935921669,
        0.016666486859321594,
        0.01410581823438406,
        0.011621551588177681,
        0.01006857305765152,
        0.009088355116546154,
        0.008461302146315575,
        0.008119774982333183,
        0.008033513091504574,
        0.008217897266149521,
        0.00869658961892128,
        0.00946031790226698,
        0.010382256470620632,
        0.011457134038209915,
        0.012563017196953297,
        0.013694501481950283,
        0.014851237647235394,
        0.01598319225013256
      ]
    },
    "2024": {
      "n_samples": 250,
      "entropy_mean": 2.887028694152832,
      "entropy_std": 0.10190797597169876,
      "attention_concentration": 0.052261292934417725,
      "top_features": [
        [
          "t-1",
          0.07206956297159195
        ],
        [
          "t-2",
          0.06911951303482056
        ],
        [
          "t-3",
          0.0661826804280281
        ],
        [
          "t-4",
          0.06323084235191345
        ],
        [
          "t-5",
          0.06015937402844429
        ]
      ],