{
  "period_statistics": {
    "2020": {
      "n_samples": 92,
      "entropy_mean": 2.8504021167755127,
      "entropy_std": 0.1794176995754242,
      "attention_concentration": 0.05068925768136978,
      "top_features": [
        [
          "t-1",
          0.06576903909444809
        ],
        [
          "t-2",
          0.061502855271101
        ],
        [
          "t-3",
          0.0579022541642189
        ],
        [
          "t-4",
          0.05506182834506035
        ],
        [
          "t-5",
          0.05289943888783455
        ]
      ],
      "mean_attention": [
        0.03982551395893097,
        0.044217176735401154,
        0.046585362404584885,
        0.04718158021569252,
        0.047187142074108124,
        0.04720630869269371,
        0.04723670333623886,
        0.04726232588291168,
        0.047513626515865326,
        0.047583311796188354,
        0.04776322841644287,
        0.048043012619018555,
        0.04852449893951416,
        0.04962979257106781,
        0.05110505223274231,
        0.05289943888783455,
        0.05506182834506035,
        0.0579022541642189,
        0.061502855271101,
        0.06576903909444809
      ],
      "std_attention": [
        0.02263905480504036,
        0.0248236246407032,
        0.024385130032896996,
        0.023345138877630234,
        0.02249194122850895,
        0.02237541973590851,
        0.022325534373521805,
        0.022290721535682678,
        0.022612491622567177,
        0.022517522796988487,
        0.0227323230355978,
        0.02288580685853958,
        0.02324475347995758,
        0.02450159378349781,
        0.026799529790878296,
        0.03019285947084427,
        0.03416915237903595,
        0.04019801318645477,
        0.04922971874475479,
        0.06164584681391716
      ]
    },
    "2021": {
      "n_samples": 250,
      "entropy_mean": 2.798062562942505,
      "entropy_std": 0.3684479892253876,
      "attention_concentration": 0.05036881938576698,
      "top_features": [
        [
          "t-1",
          0.06370560824871063
        ],
        [
          "t-2",
          0.059499580413103104
        ],
        [
          "t-3",
          0.05482440069317818
        ],
        [
          "t-4",
          0.05138549953699112
        ],
        [
          "t-5",
          0.05025686323642731
        ]
      ],
      "mean_attention": [
        0.047189436852931976,
        0.047339171171188354,
        0.04756070673465729,
        0.047584060579538345,
        0.047807835042476654,
        0.04781040921807289,
        0.04783005267381668,
        0.04770537093281746,
        0.04770028963685036,
        0.047748491168022156,
        0.04803735390305519,
        0.048252321779727936,
        0.04891395941376686,
        0.04930619150400162,
        0.049542393535375595,
        0.05025686323642731,
        0.05138549953699112,
        0.05482440069317818,
        0.059499580413103104,
        0.06370560824871063
      ],
      "std_attention": [
        0.023616231977939606,
        0.025286970660090446,
        0.024647457525134087,
        0.024231404066085815,
        0.025219006463885307,
        0.025827128440141678,
        0.026953449472784996,
        0.027366235852241516,
        0.02804645150899887,
        0.028472227975726128,
        0.029896484687924385,
        0.030570494011044502,
        0.03369184210896492,
        0.03571071848273277,
        0.037242330610752106,
        0.03955676034092903,
        0.04316827282309532,
        0.05705741047859192,
        0.08053087443113327,
        0.09457588195800781
      ]
    },
    "2022": {
      "n_samples": 249,
      "entropy_mean": 2.5700252056121826,
      "entropy_std": 0.40152573585510254,
      "attention_concentration": 0.05217688903212547,
      "top_features": [
        [
          "t-1",
          0.08356840163469315
        ],
        [
          "t-2",
          0.06858405470848083
        ],
        [
          "t-3",
          0.06048755347728729
        ],
        [
          "t-4",
          0.055611446499824524
        ],
        [
          "t-5",
          0.05248836427927017
        ]
      ],
      "mean_attention": [
        0.03319692984223366,
        0.04092919081449509,
        0.04456416890025139,
        0.0447327196598053,
        0.04440179467201233,
        0.044773321598768234,
        0.04578206315636635,
        0.04674816131591797,
        0.046682268381118774,
        0.04640570282936096,
        0.04666904732584953,
        0.04727131873369217,
        0.0479527972638607,
        0.04885164648294449,
        0.05029911920428276,
        0.05248836427927017,
        0.055611446499824524,
        0.06048755347728729,
        0.06858405470848083,
        0.08356840163469315
      ],
      "std_attention": [
        0.0338212288916111,
        0.040012460201978683,
        0.04184205085039139,
        0.039731867611408234,
        0.037825848907232285,
        0.038172319531440735,
        0.03942609578371048,
        0.040529265999794006,
        0.03964562714099884,
        0.03868758678436279,
        0.03913808986544609,
        0.04054761677980423,
        0.0423550084233284,
        0.04421066865324974,
        0.04688018932938576,
        0.05033683776855469,
        0.05677017197012901,
        0.06710153818130493,
        0.08205455541610718,
        0.12421324104070663
      ]
    },
    "2023": {
      "n_samples": 249,
      "entropy_mean": 2.940681219100952,
      "entropy_std": 0.12497728317975998,
      "attention_concentration": 0.05009567365050316,
      "top_features": [
        [
          "t-1",
          0.055851083248853683
        ],
        [
          "t-2",
          0.05422567203640938
        ],
        [
          "t-3",
          0.052916474640369415
        ],
        [
          "t-4",
          0.051938045769929886
        ],
        [
          "t-5",
          0.051216982305049896
        ]
      ],
      "mean_attention": [
        0.04762259125709534,
        0.0473683625459671,
        0.04784241318702698,
        0.04814451187849045,
        0.04846254363656044,
        0.04875458776950836,
        0.048979129642248154,
        0.048906683921813965,
        0.048973310738801956,
        0.04918883740901947,
        0.04934531822800636,
        0.04952162876725197,
        0.04979812353849411,
        0.050193339586257935,
        0.05075041204690933,
        0.051216982305049896,
        0.051938045769929886,
        0.052916474640369415,
        0.05422567203640938,
        0.055851083248853683
      ],
      "std_attention": [
        0.015354599803686142,
        0.015018513426184654,
        0.01477962825447321,
        0.014352480880916119,
        0.013926667161285877,
        0.013785668648779392,
        0.013908609747886658,
        0.013353250920772552,
        0.013497990556061268,
        0.01375906728208065,
        0.014298858121037483,
        0.014777058735489845,
        0.015481535345315933,
        0.016350921243429184,
        0.017615782096982002,
        0.019067291170358658,
        0.02092265710234642,
        0.024167560040950775,
        0.029369693249464035,
        0.03609767183661461
      ]
    },
    "2024": {
      "n_samples": 250,
      "entropy_mean": 2.9200024604797363,
      "entropy_std": 0.32546576857566833,
      "attention_concentration": 0.05013860762119293,
      "top_features": [
        [
          "t-1",
          0.0558716282248497
        ],
        [
          "t-2",
          0.05495037883520126
        ],
        [
          "t-3",
          0.054331399500370026
        ],
        [
          "t-4",
          0.05350518971681595
        ],
        [
          "t-5",
          0.05206025391817093
        ]
      ],