{
  "period_statistics": {
    "2020": {
      "n_samples": 92,
      "entropy_mean": 2.9662489891052246,
      "entropy_std": 0.03319638967514038,
      "attention_concentration": 0.05003494396805763,
      "top_features": [
        [
          "t-1",
          0.05203482508659363
        ],
        [
          "t-2",
          0.051637664437294006
        ],
        [
          "t-3",
          0.0512797012925148
        ],
        [
          "t-4",
          0.051026344299316406
        ],
        [
          "t-5",
          0.05084296315908432
        ]
      ],
      "mean_attention": [
        0.045641276985406876,
        0.04800480231642723,
        0.04910246282815933,
        0.04973244667053223,
        0.049927324056625366,
        0.049936674535274506,
        0.049901340156793594,
        0.04985478147864342,
        0.04988527670502663,
        0.04989328235387802,
        0.04993193596601486,
        0.050018418580293655,
        0.05010903254151344,
        0.050531383603811264,
        0.050708070397377014,
        0.05084296315908432,
        0.051026344299316406,
        0.0512797012925148,
        0.051637664437294006,
        0.05203482508659363
      ],
      "std_attention": [
        0.01377317775040865,
        0.013223927468061447,
        0.012623622082173824,
        0.012155451811850071,
        0.011785472743213177,
        0.01155581884086132,
        0.01134638860821724,
        0.01119497511535883,
        0.01115876529365778,
        0.011165454983711243,
        0.011225559748709202,
        0.011394158005714417,
        0.011586031876504421,
        0.012171614915132523,
        0.012542000971734524,
        0.013045251369476318,
        0.013788269832730293,
        0.0148093830794096,
        0.016218801960349083,
        0.017863694578409195
      ]
    },
    "2021": {
      "n_samples": 250,
      "entropy_mean": 2.9640448093414307,
      "entropy_std": 0.04204252362251282,
      "attention_concentration": 0.05011291056871414,
      "top_features": [
        [
          "t-1",
          0.05374181643128395
        ],
        [
          "t-2",
          0.05310899019241333
        ],
        [
          "t-3",
          0.05249110236763954
        ],
        [
          "t-4",
          0.05194400995969772
        ],
        [
          "t-5",
          0.05153767392039299
        ]
      ],
      "mean_attention": [
        0.04280571639537811,
        0.0461086668074131,
        0.04786795377731323,
        0.04882875457406044,
        0.04931069165468216,
        0.04953915998339653,
        0.0496363565325737,
        0.0497254878282547,
        0.04984663426876068,
        0.04998009279370308,
        0.050179626792669296,
        0.05043284222483635,
        0.05075681954622269,
        0.05094742402434349,
        0.05121021345257759,
        0.05153767392039299,
        0.05194400995969772,
        0.05249110236763954,
        0.05310899019241333,
        0.05374181643128395
      ],
      "std_attention": [
        0.010822922922670841,
        0.012540675699710846,
        0.012716853059828281,
        0.012466775253415108,
        0.012271357700228691,
        0.0120164779946208,
        0.011906309984624386,
        0.011782773770391941,
        0.011773450300097466,
        0.011827184818685055,
        0.01194489374756813,
        0.012073155492544174,
        0.012332539074122906,
        0.012558383867144585,
        0.012940923683345318,
        0.01359712053090334,
        0.014362853951752186,
        0.015946203842759132,
        0.018013140186667442,
        0.020160887390375137
      ]
    },
    "2022": {
      "n_samples": 249,
      "entropy_mean": 2.9503066539764404,
      "entropy_std": 0.03888862952589989,
      "attention_concentration": 0.05028187483549118,
      "top_features": [
        [
          "t-1",
          0.05756835639476776
        ],
        [
          "t-2",
          0.05617567524313927
        ],
        [
          "t-3",
          0.054947707802057266
        ],
        [
          "t-4",
          0.053860705345869064
        ],
        [
          "t-5",
          0.05290957912802696
        ]
      ],
      "mean_attention": [
        0.04129583388566971,
        0.045194707810878754,
        0.04685872793197632,
        0.0475761853158474,
        0.04784419760107994,
        0.047941092401742935,
        0.048126187175512314,
        0.04841224476695061,
        0.04868057742714882,
        0.049052827060222626,
        0.049534257501363754,
        0.050066638737916946,
        0.050623249262571335,
        0.051289573311805725,
        0.052041761577129364,
        0.05290957912802696,
        0.053860705345869064,
        0.054947707802057266,
        0.05617567524313927,
        0.05756835639476776
      ],
      "std_attention": [
        0.01584887132048607,
        0.016520602628588676,
        0.015833357349038124,
        0.014800157397985458,
        0.013771934434771538,
        0.012910633347928524,
        0.012288914062082767,
        0.011975117027759552,
        0.011742769740521908,
        0.011652695946395397,
        0.011805584654211998,
        0.012154473923146725,
        0.01261168997734785,
        0.013316025957465172,
        0.014094818383455276,
        0.015146754682064056,
        0.016613798215985298,
        0.018470367416739464,
        0.02063179388642311,
        0.02343597821891308
      ]
    },
    "2023": {
      "n_samples": 249,
      "entropy_mean": 2.985232353210449,
      "entropy_std": 0.012647638097405434,
      "attention_concentration": 0.05001699924468994,
      "top_features": [
        [
          "t-16",
          0.0510227233171463
        ],
        [
          "t-15",
          0.051010843366384506
        ],
        [
          "t-14",
          0.050879597663879395
        ],
        [
          "t-17",
          0.050826624035835266
        ],
        [
          "t-13",
          0.05066172778606415
        ]
      ],
      "mean_attention": [
        0.04664543643593788,
        0.04895723611116409,
        0.05020393431186676,
        0.050826624035835266,
        0.0510227233171463,
        0.051010843366384506,
        0.050879597663879395,
        0.05066172778606415,
        0.0504920519888401,
        0.05035943165421486,
        0.050205033272504807,
        0.05006267875432968,
        0.049939341843128204,
        0.04984502121806145,
        0.04980345815420151,
        0.049804043024778366,
        0.04981067031621933,
        0.04981233924627304,
        0.04982168599963188,
        0.04983614757657051
      ],
      "std_attention": [
        0.007045960985124111,
        0.0075004263781011105,
        0.007564547937363386,
        0.007407011929899454,
        0.007151956669986248,
        0.006955496035516262,
        0.006815818138420582,
        0.006655632518231869,
        0.006636632140725851,
        0.006662867963314056,
        0.006719586905092001,
        0.006800791714340448,
        0.0069213444367051125,
        0.007052970118820667,
        0.007257143501192331,
        0.0075470032170414925,
        0.00787203386425972,
        0.008264929056167603,
        0.008840511552989483,
        0.00947228167206049
      ]
    },
    "2024": {
      "n_samples": 250,
      "entropy_mean": 2.9730722904205322,
      "entropy_std": 0.0660834014415741,
      "attention_concentration": 0.05003417655825615,
      "top_features": [
        [
          "t-1",
          0.05211919918656349
        ],
        [
          "t-2",
          0.05179740488529205
        ],
        [
          "t-3",
          0.05150573328137398
        ],
        [
          "t-4",
          0.051244985312223434
        ],
        [
          "t-5",
          0.0509939044713974
        ]
      ],