{
  "period_statistics": {
    "2020": {
      "n_samples": 92,
      "entropy_mean": 2.9825191497802734,
      "entropy_std": 0.00441595958545804,
      "attention_concentration": 0.050021808594465256,
      "top_features": [
        [
          "t-1",
          0.052125442773103714
        ],
        [
          "t-2",
          0.051798995584249496
        ],
        [
          "t-3",
          0.05149461328983307
        ],
        [
          "t-4",
          0.051226161420345306
        ],
        [
          "t-5",
          0.05098865181207657
        ]
      ],
      "mean_attention": [
        0.04928112030029297,
        0.04862746596336365,
        0.04854104667901993,
        0.0488436259329319,
        0.049097321927547455,
        0.049260083585977554,
        0.04937410354614258,
        0.049456123262643814,
        0.0495462641119957,
        0.04961585998535156,
        0.04969358071684837,
        0.0497916005551815,
        0.0499006025493145,
        0.05055883154273033,
        0.050778523087501526,
        0.05098865181207657,
        0.051226161420345306,
        0.05149461328983307,
        0.051798995584249496,
        0.052125442773103714
      ],
      "std_attention": [
        0.00875416211783886,
        0.007980192080140114,
        0.008056806400418282,
        0.008153765462338924,
        0.008256969973444939,
        0.008320125751197338,
        0.008343341760337353,
        0.00837200041860342,
        0.00838592927902937,
        0.008396697230637074,
        0.008404050953686237,
        0.00842486135661602,
        0.008395274169743061,
        0.009547664783895016,
        0.009565524756908417,
        0.009622781537473202,
        0.009658430702984333,
        0.009743794798851013,
        0.009840020909905434,
        0.00997423380613327
      ]
    },
    "2021": {
      "n_samples": 250,
      "entropy_mean": 2.9752092361450195,
      "entropy_std": 0.007295447401702404,
      "attention_concentration": 0.050040047615766525,
      "top_features": [
        [
          "t-1",
          0.052668601274490356
        ],
        [
          "t-2",
          0.05229934677481651
        ],
        [
          "t-3",
          0.05193496122956276
        ],
        [
          "t-4",
          0.0515870600938797
        ],
        [
          "t-5",
          0.05125672370195389
        ]
      ],
      "mean_attention": [
        0.0479264110326767,
        0.04793989285826683,
        0.04810958355665207,
        0.04847588390111923,
        0.04877493903040886,
        0.04901928827166557,
        0.04920871555805206,
        0.04938104748725891,
        0.04955028370022774,
        0.04972528666257858,
        0.04992358386516571,
        0.050154756754636765,
        0.050412289798259735,
        0.05068863928318024,
        0.05096276476979256,
        0.05125672370195389,
        0.0515870600938797,
        0.05193496122956276,
        0.05229934677481651,
        0.052668601274490356
      ],
      "std_attention": [
        0.010258704423904419,
        0.010694438591599464,
        0.010700500570237637,
        0.010785805992782116,
        0.010835680179297924,
        0.01087760366499424,
        0.010916118510067463,
        0.010924072936177254,
        0.010939854197204113,
        0.010960808955132961,
        0.01101255789399147,
        0.011085555888712406,
        0.011175533756613731,
        0.011322426609694958,
        0.011415030807256699,
        0.011511309072375298,
        0.011678023263812065,
        0.011832628399133682,
        0.012056933715939522,
        0.012202990241348743
      ]
    },
    "2022": {
      "n_samples": 249,
      "entropy_mean": 2.983015537261963,
      "entropy_std": 0.0057262941263616085,
      "attention_concentration": 0.05005108192563057,
      "top_features": [
        [
          "t-1",
          0.05299581214785576
        ],
        [
          "t-2",
          0.052556268870830536
        ],
        [
          "t-3",
          0.05213705822825432
        ],
        [
          "t-4",
          0.05174815282225609
        ],
        [
          "t-5",
          0.051389094442129135
        ]
      ],
      "mean_attention": [
        0.04718205705285072,
        0.0474855899810791,
        0.04795248806476593,
        0.048439834266901016,
        0.048799894750118256,
        0.04904140532016754,
        0.049239739775657654,
        0.04941854625940323,
        0.04958808422088623,
        0.04977909103035927,
        0.04999210685491562,
        0.05021592229604721,
        0.05046037212014198,
        0.05053822323679924,
        0.05104031786322594,
        0.051389094442129135,
        0.05174815282225609,
        0.05213705822825432,
        0.052556268870830536,
        0.05299581214785576
      ],
      "std_attention": [
        0.007662875112146139,
        0.008189051412045956,
        0.008338181301951408,
        0.008439566008746624,
        0.008484605699777603,
        0.008490937761962414,
        0.008475182577967644,
        0.008456812240183353,
        0.008435570634901524,
        0.008455556817352772,
        0.00847693532705307,
        0.008479325100779533,
        0.00849839672446251,
        0.008054071106016636,
        0.008691397495567799,
        0.008815396577119827,
        0.008956050500273705,
        0.009116271510720253,
        0.009299964644014835,
        0.00949169509112835
      ]
    },
    "2023": {
      "n_samples": 249,
      "entropy_mean": 2.9355852603912354,
      "entropy_std": 0.03240486606955528,
      "attention_concentration": 0.050007469952106476,
      "top_features": [
        [
          "t-1",
          0.051249001175165176
        ],
        [
          "t-2",
          0.05114288628101349
        ],
        [
          "t-3",
          0.05093894153833389
        ],
        [
          "t-4",
          0.05076540261507034
        ],
        [
          "t-5",
          0.050605323165655136
        ]
      ],
      "mean_attention": [
        0.04919053986668587,
        0.04908813536167145,
        0.04926364868879318,
        0.049490928649902344,
        0.04962829127907753,
        0.04970313981175423,
        0.049738939851522446,
        0.04975065588951111,
        0.04977467656135559,
        0.04982338100671768,
        0.04986439272761345,
        0.049911122769117355,
        0.04998437687754631,
        0.05008753389120102,
        0.04999876767396927,
        0.050605323165655136,
        0.05076540261507034,
        0.05093894153833389,
        0.05114288628101349,
        0.051249001175165176
      ],
      "std_attention": [
        0.01842186041176319,
        0.01993955858051777,
        0.020155591890215874,
        0.02040966786444187,
        0.020559662953019142,
        0.020651010796427727,
        0.020729169249534607,
        0.020784666761755943,
        0.02082964777946472,
        0.02090653032064438,
        0.020947683602571487,
        0.02099393680691719,
        0.02106754668056965,
        0.021212639287114143,
        0.021121865138411522,
        0.022511815652251244,
        0.02265399508178234,
        0.022822292521595955,
        0.023099761456251144,
        0.022736016660928726
      ]
    },
    "2024": {
      "n_samples": 250,
      "entropy_mean": 2.9300591945648193,
      "entropy_std": 0.029279977083206177,
      "attention_concentration": 0.05001853033900261,
      "top_features": [
        [
          "t-1",
          0.05170196667313576
        ],
        [
          "t-2",
          0.051452990621328354
        ],
        [
          "t-3",
          0.05119972303509712
        ],
        [
          "t-6",
          0.051108818501234055
        ],
        [
          "t-4",
          0.050993308424949646
        ]
      ],