
[INFO] Using AUTO device selection.

[INFO] Patched matplotlib.Axes.errorbar to abs() negative yerr for robustness.
======================================================================
Training TFT: 12c_h1_rolling/market_only_daily_h1_d025/fold_2024
======================================================================
Logging to: experiments/12c_h1_rolling/market_only_daily_h1_d025/fold_2024/training_20251214_045447.log
Started at: 2025-12-14 04:54:47
======================================================================

Loading data splits...
Train: 2469 samples
Val: 219 samples
Test: 220 samples

Preparing TimeSeriesDataSet...

Final features for TFT: ['SP500_Returns', 'VIX', 'Treasury_10Y', 'Yield_Spread', 'SP500_Volatility', 'cumret_5', 'cumret_10', 'cumret_20', 'cumret_30']

======================================================================
FEATURE STATISTICS - BEFORE NORMALIZATION
======================================================================
VIX                             mean= 17.8118  std=  7.4001  min=  9.1400  max= 82.6900
Treasury_10Y                    mean=  2.1340  std=  0.6774  min=  0.5200  max=  4.2500
Yield_Spread                    mean=  0.9913  std=  0.7199  min= -0.6800  max=  2.6600
SP500_Volatility                mean=  0.9077  std=  0.6399  min=  0.2092  max=  6.1182

======================================================================
TARGET CONFIGURATION
======================================================================
Target variable: SP500_Returns
  Mode: Point return prediction (single-step)
  Target stats: mean=0.0482, std=1.1095
  Dropping unused cumret columns: ['cumret_5', 'cumret_10', 'cumret_20', 'cumret_30']
======================================================================

======================================================================
FEATURES AFTER GROUPNORMALIZER (first batch, last timestep)
======================================================================
VIX                             normalized_value=  1.0000
Treasury_10Y                    normalized_value= -0.0500
Yield_Spread                    normalized_value= -0.5098
SP500_Volatility                normalized_value=  0.7618
======================================================================

Configuration saved to: experiments/12c_h1_rolling/market_only_daily_h1_d025/fold_2024/config.json
[DEBUG] VIX train values: [14.68 14.56 13.83 13.79 13.62]
[DEBUG] VIX val values: [22.9  22.01 22.46 21.13 21.97]
Batches per epoch: 38
[DEBUG] Validation batches: 4
[DEBUG] Validation dataset size: 199
[DEBUG] Batch size: 64

Initializing model...

Quantile configuration: 7q
  Quantiles: [0.02, 0.1, 0.25, 0.5, 0.75, 0.9, 0.98]
  Output size: 7
  Median index: 3

Using standard QuantileLoss (no penalties)

[REGIME OUTPUT] Disabled (using baseline output layer)

[STALENESS ATTENTION] Disabled

================================================================================
BASELINE MODEL FEATURE CONFIGURATION (after from_dataset)
================================================================================
tft.hparams.time_varying_reals_encoder: ['relative_time_idx', 'VIX', 'Treasury_10Y', 'Yield_Spread', 'SP500_Volatility']
  Count: 5

tft.hparams.time_varying_reals_decoder: ['relative_time_idx']
  Count: 1

tft.hparams.x_reals (all reals passed to model): ['encoder_length', 'relative_time_idx', 'VIX', 'Treasury_10Y', 'Yield_Spread', 'SP500_Volatility']
  Count: 6

Encoder VSN configuration:
  num_inputs: 5
  input_sizes: {'relative_time_idx': 16, 'VIX': 16, 'Treasury_10Y': 16, 'Yield_Spread': 16, 'SP500_Volatility': 16}
  flattened_grn.fc1: in_features=80, out_features=5
  -> Params in fc1: 400 (should be 5*16*5=400 if 5 features)
================================================================================

Model parameters: 22,615

Starting training...
Checkpoints will be saved to: experiments/12c_h1_rolling/market_only_daily_h1_d025/fold_2024/checkpoints/
Logs will be saved to: experiments/12c_h1_rolling/market_only_daily_h1_d025/fold_2024/logs/

[DEBUG CollapseMonitor] on_validation_epoch_start called for epoch 0
[DEBUG CollapseMonitor] reset_temporal_state() called on loss function
Epoch 0: val_loss=N/A
[DEBUG CollapseMonitor] on_validation_epoch_start called for epoch 0
[DEBUG CollapseMonitor] reset_temporal_state() called on loss function
Epoch 0: val_loss=0.5914050936698914
Epoch 0: train_loss=0.6827955842018127

[CollapseMonitor] Epoch 0
  [DEBUG] Processed 4 batches from val_dataloader
  [DEBUG] Predictions shape after concat: (199,)
  Pred std: 0.006520, range: 0.026643, mean: 0.061073
  Pos: 100.0%, Neg: 0.0%, Unique: 197
  Dir Acc: 52.26%, Pred Sharpe: 148.6997
  Composite: 0.3979 (dist_match: 0.5226, actual_pos: 52.3%, pred_pos: 100.0%)
  Collapse penalty: 0.000000 (threshold: 0.005000)
  Saved validation predictions to: experiments/12c_h1_rolling/market_only_daily_h1_d025/fold_2024/collapse_monitoring/val_predictions_epoch0.npy
  Gradient norms:
    lstm_encoder: 0.009005
    lstm_decoder: 0.013732
    output_layer: 0.632168
  VSN output std:
    encoder: 0.216448
  Attention entropy: 2.993651
  Saved to: experiments/12c_h1_rolling/market_only_daily_h1_d025/fold_2024/collapse_monitoring/collapse_monitor_latest.json
[DEBUG CollapseMonitor] on_validation_epoch_start called for epoch 1
[DEBUG CollapseMonitor] reset_temporal_state() called on loss function
Epoch 1: val_loss=0.544193685054779
Epoch 1: train_loss=0.6493085622787476

[CollapseMonitor] Epoch 1
  [DEBUG] Processed 4 batches from val_dataloader
  [DEBUG] Predictions shape after concat: (199,)
  Pred std: 0.004642, range: 0.016695, mean: 0.027381
  Pos: 100.0%, Neg: 0.0%, Unique: 198
  Dir Acc: 52.26%, Pred Sharpe: 93.6332
  Composite: 0.3979 (dist_match: 0.5226, actual_pos: 52.3%, pred_pos: 100.0%)
  Collapse penalty: 0.000000 (threshold: 0.005000)
  Saved validation predictions to: experiments/12c_h1_rolling/market_only_daily_h1_d025/fold_2024/collapse_monitoring/val_predictions_epoch1.npy
  Gradient norms:
    lstm_encoder: 0.008418
    lstm_decoder: 0.012509
    output_layer: 0.599988
  VSN output std:
    encoder: 0.215165
  Attention entropy: 2.994337
  Saved to: experiments/12c_h1_rolling/market_only_daily_h1_d025/fold_2024/collapse_monitoring/collapse_monitor_latest.json
[DEBUG CollapseMonitor] on_validation_epoch_start called for epoch 2
[DEBUG CollapseMonitor] reset_temporal_state() called on loss function
Epoch 2: val_loss=0.5026787519454956
Epoch 2: train_loss=0.609568178653717

[CollapseMonitor] Epoch 2
  [DEBUG] Processed 4 batches from val_dataloader
  [DEBUG] Predictions shape after concat: (199,)
  Pred std: 0.003741, range: 0.015018, mean: 0.021190
  Pos: 100.0%, Neg: 0.0%, Unique: 199
  Dir Acc: 52.26%, Pred Sharpe: 89.9107
  Composite: 0.3979 (dist_match: 0.5226, actual_pos: 52.3%, pred_pos: 100.0%)
  Collapse penalty: 0.000000 (threshold: 0.005000)
  Saved validation predictions to: experiments/12c_h1_rolling/market_only_daily_h1_d025/fold_2024/collapse_monitoring/val_predictions_epoch2.npy
  Gradient norms:
    lstm_encoder: 0.007458
    lstm_decoder: 0.011130
    output_layer: 0.540060
  VSN output std:
    encoder: 0.214731
  Attention entropy: 2.994850
  Saved to: experiments/12c_h1_rolling/market_only_daily_h1_d025/fold_2024/collapse_monitoring/collapse_monitor_latest.json
[DEBUG CollapseMonitor] on_validation_epoch_start called for epoch 3
[DEBUG CollapseMonitor] reset_temporal_state() called on loss function
Epoch 3: val_loss=0.46048465371131897
Epoch 3: train_loss=0.5655484199523926

[CollapseMonitor] Epoch 3
  [DEBUG] Processed 4 batches from val_dataloader
  [DEBUG] Predictions shape after concat: (199,)
  Pred std: 0.003298, range: 0.012480, mean: 0.023904
  Pos: 100.0%, Neg: 0.0%, Unique: 195
  Dir Acc: 52.26%, Pred Sharpe: 115.0554
  Composite: 0.3979 (dist_match: 0.5226, actual_pos: 52.3%, pred_pos: 100.0%)
  Collapse penalty: 0.000000 (threshold: 0.005000)
  Saved validation predictions to: experiments/12c_h1_rolling/market_only_daily_h1_d025/fold_2024/collapse_monitoring/val_predictions_epoch3.npy
  Gradient norms:
    lstm_encoder: 0.006501
    lstm_decoder: 0.009141
    output_layer: 0.463681
  VSN output std:
    encoder: 0.215016
  Attention entropy: 2.995147
  Saved to: experiments/12c_h1_rolling/market_only_daily_h1_d025/fold_2024/collapse_monitoring/collapse_monitor_latest.json
[DEBUG CollapseMonitor] on_validation_epoch_start called for epoch 4
[DEBUG CollapseMonitor] reset_temporal_state() called on loss function
Epoch 4: val_loss=0.42684897780418396
Epoch 4: train_loss=0.5263434648513794

[CollapseMonitor] Epoch 4
  [DEBUG] Processed 4 batches from val_dataloader
  [DEBUG] Predictions shape after concat: (199,)
  Pred std: 0.003436, range: 0.013417, mean: 0.009180
  Pos: 100.0%, Neg: 0.0%, Unique: 197
  Dir Acc: 52.26%, Pred Sharpe: 42.4119
  Composite: 0.3979 (dist_match: 0.5226, actual_pos: 52.3%, pred_pos: 100.0%)
  Collapse penalty: 0.000000 (threshold: 0.005000)
  Saved validation predictions to: experiments/12c_h1_rolling/market_only_daily_h1_d025/fold_2024/collapse_monitoring/val_predictions_epoch4.npy
  Gradient norms:
    lstm_encoder: 0.005635
    lstm_decoder: 0.007103
    output_layer: 0.372911
  VSN output std:
    encoder: 0.215845
  Attention entropy: 2.995147
  Saved to: experiments/12c_h1_rolling/market_only_daily_h1_d025/fold_2024/collapse_monitoring/collapse_monitor_latest.json
[DEBUG CollapseMonitor] on_validation_epoch_start called for epoch 5
[DEBUG CollapseMonitor] reset_temporal_state() called on loss function
Epoch 5: val_loss=0.4030856788158417
Epoch 5: train_loss=0.4924916625022888

[CollapseMonitor] Epoch 5
  [DEBUG] Processed 4 batches from val_dataloader
  [DEBUG] Predictions shape after concat: (199,)
  Pred std: 0.003567, range: 0.014620, mean: -0.006097
  Pos: 7.5%, Neg: 92.5%, Unique: 195
  Dir Acc: 48.24%, Pred Sharpe: -27.1329
  Composite: 0.3745 (dist_match: 0.5528, actual_pos: 52.3%, pred_pos: 7.5%)
  Collapse penalty: 0.000000 (threshold: 0.005000)
  Saved validation predictions to: experiments/12c_h1_rolling/market_only_daily_h1_d025/fold_2024/collapse_monitoring/val_predictions_epoch5.npy
  Gradient norms:
    lstm_encoder: 0.004374
    lstm_decoder: 0.004868
    output_layer: 0.279583
  VSN output std:
    encoder: 0.215950
  Attention entropy: 2.995008
  Saved to: experiments/12c_h1_rolling/market_only_daily_h1_d025/fold_2024/collapse_monitoring/collapse_monitor_latest.json
[DEBUG CollapseMonitor] on_validation_epoch_start called for epoch 6
[DEBUG CollapseMonitor] reset_temporal_state() called on loss function
Epoch 6: val_loss=0.3843795955181122
Epoch 6: train_loss=0.4699583053588867

[CollapseMonitor] Epoch 6
  [DEBUG] Processed 4 batches from val_dataloader
  [DEBUG] Predictions shape after concat: (199,)
  Pred std: 0.003806, range: 0.015835, mean: 0.030956
  Pos: 100.0%, Neg: 0.0%, Unique: 198
  Dir Acc: 52.26%, Pred Sharpe: 129.1031
  Composite: 0.3979 (dist_match: 0.5226, actual_pos: 52.3%, pred_pos: 100.0%)
  Collapse penalty: 0.000000 (threshold: 0.005000)
  Saved validation predictions to: experiments/12c_h1_rolling/market_only_daily_h1_d025/fold_2024/collapse_monitoring/val_predictions_epoch6.npy
  Gradient norms:
    lstm_encoder: 0.003834
    lstm_decoder: 0.003888
    output_layer: 0.207744
  VSN output std:
    encoder: 0.215297
  Attention entropy: 2.994920
  Saved to: experiments/12c_h1_rolling/market_only_daily_h1_d025/fold_2024/collapse_monitoring/collapse_monitor_latest.json
[DEBUG CollapseMonitor] on_validation_epoch_start called for epoch 7
[DEBUG CollapseMonitor] reset_temporal_state() called on loss function
Epoch 7: val_loss=0.37113529443740845
Epoch 7: train_loss=0.4528350830078125

[CollapseMonitor] Epoch 7
  [DEBUG] Processed 4 batches from val_dataloader
  [DEBUG] Predictions shape after concat: (199,)
  Pred std: 0.003771, range: 0.015458, mean: 0.022894
  Pos: 100.0%, Neg: 0.0%, Unique: 197
  Dir Acc: 52.26%, Pred Sharpe: 96.3776
  Composite: 0.3979 (dist_match: 0.5226, actual_pos: 52.3%, pred_pos: 100.0%)
  Collapse penalty: 0.000000 (threshold: 0.005000)
  Saved validation predictions to: experiments/12c_h1_rolling/market_only_daily_h1_d025/fold_2024/collapse_monitoring/val_predictions_epoch7.npy
  Gradient norms:
    lstm_encoder: 0.003547
    lstm_decoder: 0.003519
    output_layer: 0.159228
  VSN output std:
    encoder: 0.212437
  Attention entropy: 2.994780
  Saved to: experiments/12c_h1_rolling/market_only_daily_h1_d025/fold_2024/collapse_monitoring/collapse_monitor_latest.json
[DEBUG CollapseMonitor] on_validation_epoch_start called for epoch 8
[DEBUG CollapseMonitor] reset_temporal_state() called on loss function
Epoch 8: val_loss=0.36585116386413574
Epoch 8: train_loss=0.4468414783477783

[CollapseMonitor] Epoch 8
  [DEBUG] Processed 4 batches from val_dataloader
  [DEBUG] Predictions shape after concat: (199,)
  Pred std: 0.003694, range: 0.014949, mean: 0.045775
  Pos: 100.0%, Neg: 0.0%, Unique: 199
  Dir Acc: 52.26%, Pred Sharpe: 196.6984
  Composite: 0.3979 (dist_match: 0.5226, actual_pos: 52.3%, pred_pos: 100.0%)
  Collapse penalty: 0.000000 (threshold: 0.005000)
  Saved validation predictions to: experiments/12c_h1_rolling/market_only_daily_h1_d025/fold_2024/collapse_monitoring/val_predictions_epoch8.npy
  Gradient norms:
    lstm_encoder: 0.002975
    lstm_decoder: 0.002765
    output_layer: 0.125984
  VSN output std:
    encoder: 0.213051
  Attention entropy: 2.994774
  Saved to: experiments/12c_h1_rolling/market_only_daily_h1_d025/fold_2024/collapse_monitoring/collapse_monitor_latest.json
[DEBUG CollapseMonitor] on_validation_epoch_start called for epoch 9
[DEBUG CollapseMonitor] reset_temporal_state() called on loss function
Epoch 9: val_loss=0.36168479919433594
Epoch 9: train_loss=0.445264607667923

[CollapseMonitor] Epoch 9
  [DEBUG] Processed 4 batches from val_dataloader
  [DEBUG] Predictions shape after concat: (199,)
  Pred std: 0.003491, range: 0.014319, mean: 0.032238
  Pos: 100.0%, Neg: 0.0%, Unique: 195
  Dir Acc: 52.26%, Pred Sharpe: 146.5775
  Composite: 0.3979 (dist_match: 0.5226, actual_pos: 52.3%, pred_pos: 100.0%)
  Collapse penalty: 0.000000 (threshold: 0.005000)
  Saved validation predictions to: experiments/12c_h1_rolling/market_only_daily_h1_d025/fold_2024/collapse_monitoring/val_predictions_epoch9.npy
  Gradient norms:
    lstm_encoder: 0.003037
    lstm_decoder: 0.003008
    output_layer: 0.121707
  VSN output std:
    encoder: 0.214937
  Attention entropy: 2.994759
  Saved to: experiments/12c_h1_rolling/market_only_daily_h1_d025/fold_2024/collapse_monitoring/collapse_monitor_latest.json
[DEBUG CollapseMonitor] on_validation_epoch_start called for epoch 10
[DEBUG CollapseMonitor] reset_temporal_state() called on loss function
Epoch 10: val_loss=0.35972529649734497
Epoch 10: train_loss=0.4400452673435211

[CollapseMonitor] Epoch 10
  [DEBUG] Processed 4 batches from val_dataloader
  [DEBUG] Predictions shape after concat: (199,)
  Pred std: 0.003317, range: 0.014228, mean: 0.047335
  Pos: 100.0%, Neg: 0.0%, Unique: 197
  Dir Acc: 52.26%, Pred Sharpe: 226.5073
  Composite: 0.3979 (dist_match: 0.5226, actual_pos: 52.3%, pred_pos: 100.0%)
  Collapse penalty: 0.000000 (threshold: 0.005000)
  Saved validation predictions to: experiments/12c_h1_rolling/market_only_daily_h1_d025/fold_2024/collapse_monitoring/val_predictions_epoch10.npy
  Gradient norms:
    lstm_encoder: 0.002962
    lstm_decoder: 0.002847
    output_layer: 0.111360
  VSN output std:
    encoder: 0.214142
  Attention entropy: 2.994779
  Saved to: experiments/12c_h1_rolling/market_only_daily_h1_d025/fold_2024/collapse_monitoring/collapse_monitor_latest.json
[DEBUG CollapseMonitor] on_validation_epoch_start called for epoch 11
[DEBUG CollapseMonitor] reset_temporal_state() called on loss function
Epoch 11: val_loss=0.35865139961242676
Epoch 11: train_loss=0.4383825361728668

[CollapseMonitor] Epoch 11
  [DEBUG] Processed 4 batches from val_dataloader
  [DEBUG] Predictions shape after concat: (199,)
  Pred std: 0.003256, range: 0.014553, mean: 0.032632
  Pos: 100.0%, Neg: 0.0%, Unique: 198
  Dir Acc: 52.26%, Pred Sharpe: 159.0900
  Composite: 0.3979 (dist_match: 0.5226, actual_pos: 52.3%, pred_pos: 100.0%)
  Collapse penalty: 0.000000 (threshold: 0.005000)
  Saved validation predictions to: experiments/12c_h1_rolling/market_only_daily_h1_d025/fold_2024/collapse_monitoring/val_predictions_epoch11.npy
  Gradient norms:
    lstm_encoder: 0.002934
    lstm_decoder: 0.002660
    output_layer: 0.097151
  VSN output std:
    encoder: 0.212342
  Attention entropy: 2.994777
  Saved to: experiments/12c_h1_rolling/market_only_daily_h1_d025/fold_2024/collapse_monitoring/collapse_monitor_latest.json
[DEBUG CollapseMonitor] on_validation_epoch_start called for epoch 12
[DEBUG CollapseMonitor] reset_temporal_state() called on loss function
Epoch 12: val_loss=0.35823899507522583
Epoch 12: train_loss=0.43403375148773193

[CollapseMonitor] Epoch 12
  [DEBUG] Processed 4 batches from val_dataloader
  [DEBUG] Predictions shape after concat: (199,)
  Pred std: 0.003234, range: 0.014969, mean: 0.038456
  Pos: 100.0%, Neg: 0.0%, Unique: 193
  Dir Acc: 52.26%, Pred Sharpe: 188.7907
  Composite: 0.3979 (dist_match: 0.5226, actual_pos: 52.3%, pred_pos: 100.0%)
  Collapse penalty: 0.000000 (threshold: 0.005000)
  Saved validation predictions to: experiments/12c_h1_rolling/market_only_daily_h1_d025/fold_2024/collapse_monitoring/val_predictions_epoch12.npy
  Gradient norms:
    lstm_encoder: 0.003029
    lstm_decoder: 0.002763
    output_layer: 0.100508
  VSN output std:
    encoder: 0.210565
  Attention entropy: 2.994871
  Saved to: experiments/12c_h1_rolling/market_only_daily_h1_d025/fold_2024/collapse_monitoring/collapse_monitor_latest.json
[DEBUG CollapseMonitor] on_validation_epoch_start called for epoch 13
[DEBUG CollapseMonitor] reset_temporal_state() called on loss function
Epoch 13: val_loss=0.35818979144096375
Epoch 13: train_loss=0.4333905279636383

[CollapseMonitor] Epoch 13
  [DEBUG] Processed 4 batches from val_dataloader
  [DEBUG] Predictions shape after concat: (199,)
  Pred std: 0.003509, range: 0.016138, mean: 0.038233
  Pos: 100.0%, Neg: 0.0%, Unique: 198
  Dir Acc: 52.26%, Pred Sharpe: 172.9790
  Composite: 0.3979 (dist_match: 0.5226, actual_pos: 52.3%, pred_pos: 100.0%)
  Collapse penalty: 0.000000 (threshold: 0.005000)
  Saved validation predictions to: experiments/12c_h1_rolling/market_only_daily_h1_d025/fold_2024/collapse_monitoring/val_predictions_epoch13.npy
  Gradient norms:
    lstm_encoder: 0.003016
    lstm_decoder: 0.002712
    output_layer: 0.093705
  VSN output std:
    encoder: 0.208568
  Attention entropy: 2.994863
  Saved to: experiments/12c_h1_rolling/market_only_daily_h1_d025/fold_2024/collapse_monitoring/collapse_monitor_latest.json
[DEBUG CollapseMonitor] on_validation_epoch_start called for epoch 14
[DEBUG CollapseMonitor] reset_temporal_state() called on loss function
Epoch 14: val_loss=0.35802969336509705
Epoch 14: train_loss=0.4329180419445038

[CollapseMonitor] Epoch 14
  [DEBUG] Processed 4 batches from val_dataloader
  [DEBUG] Predictions shape after concat: (199,)
  Pred std: 0.003969, range: 0.017719, mean: 0.038748
  Pos: 100.0%, Neg: 0.0%, Unique: 197
  Dir Acc: 52.26%, Pred Sharpe: 154.9634
  Composite: 0.3979 (dist_match: 0.5226, actual_pos: 52.3%, pred_pos: 100.0%)
  Collapse penalty: 0.000000 (threshold: 0.005000)
  Saved validation predictions to: experiments/12c_h1_rolling/market_only_daily_h1_d025/fold_2024/collapse_monitoring/val_predictions_epoch14.npy
  Gradient norms:
    lstm_encoder: 0.003240
    lstm_decoder: 0.002816
    output_layer: 0.087020
  VSN output std:
    encoder: 0.204806
  Attention entropy: 2.994796
  Saved to: experiments/12c_h1_rolling/market_only_daily_h1_d025/fold_2024/collapse_monitoring/collapse_monitor_latest.json
[DEBUG CollapseMonitor] on_validation_epoch_start called for epoch 15
[DEBUG CollapseMonitor] reset_temporal_state() called on loss function
Epoch 15: val_loss=0.35822662711143494
Epoch 15: train_loss=0.43271246552467346

[CollapseMonitor] Epoch 15
  [DEBUG] Processed 4 batches from val_dataloader
  [DEBUG] Predictions shape after concat: (199,)
  Pred std: 0.004796, range: 0.022927, mean: 0.064230
  Pos: 100.0%, Neg: 0.0%, Unique: 199
  Dir Acc: 52.26%, Pred Sharpe: 212.5944
  Composite: 0.3979 (dist_match: 0.5226, actual_pos: 52.3%, pred_pos: 100.0%)
  Collapse penalty: 0.000000 (threshold: 0.005000)
  Saved validation predictions to: experiments/12c_h1_rolling/market_only_daily_h1_d025/fold_2024/collapse_monitoring/val_predictions_epoch15.npy
  Gradient norms:
    lstm_encoder: 0.003404
    lstm_decoder: 0.002835
    output_layer: 0.091192
  VSN output std:
    encoder: 0.200677
  Attention entropy: 2.994590
  Saved to: experiments/12c_h1_rolling/market_only_daily_h1_d025/fold_2024/collapse_monitoring/collapse_monitor_latest.json
[DEBUG CollapseMonitor] on_validation_epoch_start called for epoch 16
[DEBUG CollapseMonitor] reset_temporal_state() called on loss function
Epoch 16: val_loss=0.35785216093063354
Epoch 16: train_loss=0.4293348491191864

[CollapseMonitor] Epoch 16
  [DEBUG] Processed 4 batches from val_dataloader
  [DEBUG] Predictions shape after concat: (199,)
  Pred std: 0.006090, range: 0.029636, mean: 0.053989
  Pos: 100.0%, Neg: 0.0%, Unique: 198
  Dir Acc: 52.26%, Pred Sharpe: 140.7373
  Composite: 0.3979 (dist_match: 0.5226, actual_pos: 52.3%, pred_pos: 100.0%)
  Collapse penalty: 0.000000 (threshold: 0.005000)
  Saved validation predictions to: experiments/12c_h1_rolling/market_only_daily_h1_d025/fold_2024/collapse_monitoring/val_predictions_epoch16.npy
  Gradient norms:
    lstm_encoder: 0.003860
    lstm_decoder: 0.003057
    output_layer: 0.093746
  VSN output std:
    encoder: 0.196225
  Attention entropy: 2.994422
  Saved to: experiments/12c_h1_rolling/market_only_daily_h1_d025/fold_2024/collapse_monitoring/collapse_monitor_latest.json
[DEBUG CollapseMonitor] on_validation_epoch_start called for epoch 17
[DEBUG CollapseMonitor] reset_temporal_state() called on loss function
Epoch 17: val_loss=0.3576125204563141
Epoch 17: train_loss=0.42792344093322754

[CollapseMonitor] Epoch 17
  [DEBUG] Processed 4 batches from val_dataloader
  [DEBUG] Predictions shape after concat: (199,)
  Pred std: 0.007336, range: 0.035418, mean: 0.037648
  Pos: 100.0%, Neg: 0.0%, Unique: 198
  Dir Acc: 52.26%, Pred Sharpe: 81.4637
  Composite: 0.3979 (dist_match: 0.5226, actual_pos: 52.3%, pred_pos: 100.0%)
  Collapse penalty: 0.000000 (threshold: 0.005000)
  Saved validation predictions to: experiments/12c_h1_rolling/market_only_daily_h1_d025/fold_2024/collapse_monitoring/val_predictions_epoch17.npy
  Gradient norms:
    lstm_encoder: 0.004236
    lstm_decoder: 0.003071
    output_layer: 0.088645
  VSN output std:
    encoder: 0.190820
  Attention entropy: 2.994067
  Saved to: experiments/12c_h1_rolling/market_only_daily_h1_d025/fold_2024/collapse_monitoring/collapse_monitor_latest.json
[DEBUG CollapseMonitor] on_validation_epoch_start called for epoch 18
[DEBUG CollapseMonitor] reset_temporal_state() called on loss function
Epoch 18: val_loss=0.3577899932861328
Epoch 18: train_loss=0.4271795451641083

[CollapseMonitor] Epoch 18
  [DEBUG] Processed 4 batches from val_dataloader
  [DEBUG] Predictions shape after concat: (199,)
  Pred std: 0.010438, range: 0.047581, mean: 0.042879
  Pos: 100.0%, Neg: 0.0%, Unique: 199
  Dir Acc: 52.26%, Pred Sharpe: 65.2103
  Composite: 0.3979 (dist_match: 0.5226, actual_pos: 52.3%, pred_pos: 100.0%)
  Collapse penalty: 0.000000 (threshold: 0.005000)
  Saved validation predictions to: experiments/12c_h1_rolling/market_only_daily_h1_d025/fold_2024/collapse_monitoring/val_predictions_epoch18.npy
  Gradient norms:
    lstm_encoder: 0.004645
    lstm_decoder: 0.003150
    output_layer: 0.087731
  VSN output std:
    encoder: 0.181181
  Attention entropy: 2.991757
  Saved to: experiments/12c_h1_rolling/market_only_daily_h1_d025/fold_2024/collapse_monitoring/collapse_monitor_latest.json
[DEBUG CollapseMonitor] on_validation_epoch_start called for epoch 19
[DEBUG CollapseMonitor] reset_temporal_state() called on loss function
Epoch 19: val_loss=0.35737869143486023
Epoch 19: train_loss=0.42649218440055847

[CollapseMonitor] Epoch 19
  [DEBUG] Processed 4 batches from val_dataloader
  [DEBUG] Predictions shape after concat: (199,)
  Pred std: 0.013475, range: 0.063365, mean: 0.070162
  Pos: 100.0%, Neg: 0.0%, Unique: 197
  Dir Acc: 52.26%, Pred Sharpe: 82.6569
  Composite: 0.3979 (dist_match: 0.5226, actual_pos: 52.3%, pred_pos: 100.0%)
  Collapse penalty: 0.000000 (threshold: 0.005000)
  Saved validation predictions to: experiments/12c_h1_rolling/market_only_daily_h1_d025/fold_2024/collapse_monitoring/val_predictions_epoch19.npy
  Gradient norms:
    lstm_encoder: 0.004648
    lstm_decoder: 0.003139
    output_layer: 0.085100
  VSN output std:
    encoder: 0.170382
  Attention entropy: 2.982283
  Saved to: experiments/12c_h1_rolling/market_only_daily_h1_d025/fold_2024/collapse_monitoring/collapse_monitor_latest.json
[DEBUG CollapseMonitor] on_validation_epoch_start called for epoch 20
[DEBUG CollapseMonitor] reset_temporal_state() called on loss function
Epoch 20: val_loss=0.35626891255378723
Epoch 20: train_loss=0.42390817403793335

[CollapseMonitor] Epoch 20
  [DEBUG] Processed 4 batches from val_dataloader
  [DEBUG] Predictions shape after concat: (199,)
  Pred std: 0.016900, range: 0.079787, mean: 0.060759
  Pos: 100.0%, Neg: 0.0%, Unique: 197
  Dir Acc: 52.26%, Pred Sharpe: 57.0727
  Composite: 0.3979 (dist_match: 0.5226, actual_pos: 52.3%, pred_pos: 100.0%)
  Collapse penalty: 0.000000 (threshold: 0.005000)
  Saved validation predictions to: experiments/12c_h1_rolling/market_only_daily_h1_d025/fold_2024/collapse_monitoring/val_predictions_epoch20.npy
  Gradient norms:
    lstm_encoder: 0.005061
    lstm_decoder: 0.003382
    output_layer: 0.087405
  VSN output std:
    encoder: 0.168111
  Attention entropy: 2.970745
  Saved to: experiments/12c_h1_rolling/market_only_daily_h1_d025/fold_2024/collapse_monitoring/collapse_monitor_latest.json
[DEBUG CollapseMonitor] on_validation_epoch_start called for epoch 21
[DEBUG CollapseMonitor] reset_temporal_state() called on loss function
Epoch 21: val_loss=0.3548603057861328
Epoch 21: train_loss=0.41708433628082275

[CollapseMonitor] Epoch 21
  [DEBUG] Processed 4 batches from val_dataloader
  [DEBUG] Predictions shape after concat: (199,)
  Pred std: 0.018793, range: 0.093301, mean: 0.063541
  Pos: 100.0%, Neg: 0.0%, Unique: 198
  Dir Acc: 52.26%, Pred Sharpe: 53.6740
  Composite: 0.3979 (dist_match: 0.5226, actual_pos: 52.3%, pred_pos: 100.0%)
  Collapse penalty: 0.000000 (threshold: 0.005000)
  Saved validation predictions to: experiments/12c_h1_rolling/market_only_daily_h1_d025/fold_2024/collapse_monitoring/val_predictions_epoch21.npy
  Gradient norms:
    lstm_encoder: 0.004841
    lstm_decoder: 0.003176
    output_layer: 0.084793
  VSN output std:
    encoder: 0.193424
  Attention entropy: 2.953064
  Saved to: experiments/12c_h1_rolling/market_only_daily_h1_d025/fold_2024/collapse_monitoring/collapse_monitor_latest.json
[DEBUG CollapseMonitor] on_validation_epoch_start called for epoch 22
[DEBUG CollapseMonitor] reset_temporal_state() called on loss function
Epoch 22: val_loss=0.3548040986061096
Epoch 22: train_loss=0.4193543493747711

[CollapseMonitor] Epoch 22
  [DEBUG] Processed 4 batches from val_dataloader
  [DEBUG] Predictions shape after concat: (199,)
  Pred std: 0.019636, range: 0.104474, mean: 0.069809
  Pos: 100.0%, Neg: 0.0%, Unique: 197
  Dir Acc: 52.26%, Pred Sharpe: 56.4363
  Composite: 0.3979 (dist_match: 0.5226, actual_pos: 52.3%, pred_pos: 100.0%)
  Collapse penalty: 0.000000 (threshold: 0.005000)
  Saved validation predictions to: experiments/12c_h1_rolling/market_only_daily_h1_d025/fold_2024/collapse_monitoring/val_predictions_epoch22.npy
  Gradient norms:
    lstm_encoder: 0.005257
    lstm_decoder: 0.003425
    output_layer: 0.092664
  VSN output std:
    encoder: 0.210938
  Attention entropy: 2.944320
  Saved to: experiments/12c_h1_rolling/market_only_daily_h1_d025/fold_2024/collapse_monitoring/collapse_monitor_latest.json
[DEBUG CollapseMonitor] on_validation_epoch_start called for epoch 23
[DEBUG CollapseMonitor] reset_temporal_state() called on loss function
Epoch 23: val_loss=0.35513603687286377
Epoch 23: train_loss=0.4175879955291748

[CollapseMonitor] Epoch 23
  [DEBUG] Processed 4 batches from val_dataloader
  [DEBUG] Predictions shape after concat: (199,)
  Pred std: 0.019782, range: 0.108136, mean: 0.076734
  Pos: 100.0%, Neg: 0.0%, Unique: 198
  Dir Acc: 52.26%, Pred Sharpe: 61.5767
  Composite: 0.3979 (dist_match: 0.5226, actual_pos: 52.3%, pred_pos: 100.0%)
  Collapse penalty: 0.000000 (threshold: 0.005000)
  Saved validation predictions to: experiments/12c_h1_rolling/market_only_daily_h1_d025/fold_2024/collapse_monitoring/val_predictions_epoch23.npy
  Gradient norms:
    lstm_encoder: 0.005183
    lstm_decoder: 0.003470
    output_layer: 0.094100
  VSN output std:
    encoder: 0.226206
  Attention entropy: 2.941545
  Saved to: experiments/12c_h1_rolling/market_only_daily_h1_d025/fold_2024/collapse_monitoring/collapse_monitor_latest.json
[DEBUG CollapseMonitor] on_validation_epoch_start called for epoch 24
[DEBUG CollapseMonitor] reset_temporal_state() called on loss function
Epoch 24: val_loss=0.3563718795776367
Epoch 24: train_loss=0.4157564043998718

[CollapseMonitor] Epoch 24
  [DEBUG] Processed 4 batches from val_dataloader
  [DEBUG] Predictions shape after concat: (199,)
  Pred std: 0.021791, range: 0.116609, mean: 0.058972
  Pos: 97.5%, Neg: 2.5%, Unique: 197
  Dir Acc: 51.76%, Pred Sharpe: 42.9593
  Composite: 0.4005 (dist_match: 0.5477, actual_pos: 52.3%, pred_pos: 97.5%)
  Collapse penalty: 0.000000 (threshold: 0.005000)
  Saved validation predictions to: experiments/12c_h1_rolling/market_only_daily_h1_d025/fold_2024/collapse_monitoring/val_predictions_epoch24.npy
  Gradient norms:
    lstm_encoder: 0.005802
    lstm_decoder: 0.003565
    output_layer: 0.091678
  VSN output std:
    encoder: 0.260612
  Attention entropy: 2.934797
  Saved to: experiments/12c_h1_rolling/market_only_daily_h1_d025/fold_2024/collapse_monitoring/collapse_monitor_latest.json
[DEBUG CollapseMonitor] on_validation_epoch_start called for epoch 25
[DEBUG CollapseMonitor] reset_temporal_state() called on loss function
Epoch 25: val_loss=0.3572552800178528
Epoch 25: train_loss=0.41488730907440186

[CollapseMonitor] Epoch 25
  [DEBUG] Processed 4 batches from val_dataloader
  [DEBUG] Predictions shape after concat: (199,)
  Pred std: 0.023268, range: 0.122085, mean: 0.063196
  Pos: 97.5%, Neg: 2.5%, Unique: 199
  Dir Acc: 51.76%, Pred Sharpe: 43.1141
  Composite: 0.4005 (dist_match: 0.5477, actual_pos: 52.3%, pred_pos: 97.5%)
  Collapse penalty: 0.000000 (threshold: 0.005000)
  Saved validation predictions to: experiments/12c_h1_rolling/market_only_daily_h1_d025/fold_2024/collapse_monitoring/val_predictions_epoch25.npy
  Gradient norms:
    lstm_encoder: 0.006058
    lstm_decoder: 0.003762
    output_layer: 0.092068
  VSN output std:
    encoder: 0.267003
  Attention entropy: 2.933988
  Saved to: experiments/12c_h1_rolling/market_only_daily_h1_d025/fold_2024/collapse_monitoring/collapse_monitor_latest.json
[DEBUG CollapseMonitor] on_validation_epoch_start called for epoch 26
[DEBUG CollapseMonitor] reset_temporal_state() called on loss function
Epoch 26: val_loss=0.3584420382976532
Epoch 26: train_loss=0.41365012526512146

[CollapseMonitor] Epoch 26
  [DEBUG] Processed 4 batches from val_dataloader
  [DEBUG] Predictions shape after concat: (199,)
  Pred std: 0.024729, range: 0.126073, mean: 0.054641
  Pos: 97.0%, Neg: 3.0%, Unique: 199
  Dir Acc: 51.26%, Pred Sharpe: 35.0769
  Composite: 0.3979 (dist_match: 0.5528, actual_pos: 52.3%, pred_pos: 97.0%)
  Collapse penalty: 0.000000 (threshold: 0.005000)
  Saved validation predictions to: experiments/12c_h1_rolling/market_only_daily_h1_d025/fold_2024/collapse_monitoring/val_predictions_epoch26.npy
  Gradient norms:
    lstm_encoder: 0.005843
    lstm_decoder: 0.003480
    output_layer: 0.091832
  VSN output std:
    encoder: 0.274953
  Attention entropy: 2.932022
  Saved to: experiments/12c_h1_rolling/market_only_daily_h1_d025/fold_2024/collapse_monitoring/collapse_monitor_latest.json
[DEBUG CollapseMonitor] on_validation_epoch_start called for epoch 27
[DEBUG CollapseMonitor] reset_temporal_state() called on loss function
Epoch 27: val_loss=0.35970404744148254
Epoch 27: train_loss=0.4120352566242218

[CollapseMonitor] Epoch 27
  [DEBUG] Processed 4 batches from val_dataloader
  [DEBUG] Predictions shape after concat: (199,)
  Pred std: 0.025220, range: 0.132808, mean: 0.075527
  Pos: 100.0%, Neg: 0.0%, Unique: 198
  Dir Acc: 52.26%, Pred Sharpe: 47.5399
  Composite: 0.3979 (dist_match: 0.5226, actual_pos: 52.3%, pred_pos: 100.0%)
  Collapse penalty: 0.000000 (threshold: 0.005000)
  Saved validation predictions to: experiments/12c_h1_rolling/market_only_daily_h1_d025/fold_2024/collapse_monitoring/val_predictions_epoch27.npy
  Gradient norms:
    lstm_encoder: 0.006991
    lstm_decoder: 0.003907
    output_layer: 0.090189
  VSN output std:
    encoder: 0.277892
  Attention entropy: 2.928133
  Saved to: experiments/12c_h1_rolling/market_only_daily_h1_d025/fold_2024/collapse_monitoring/collapse_monitor_latest.json
[DEBUG CollapseMonitor] on_validation_epoch_start called for epoch 28
[DEBUG CollapseMonitor] reset_temporal_state() called on loss function
Epoch 28: val_loss=0.36068195104599
Epoch 28: train_loss=0.41206783056259155

[CollapseMonitor] Epoch 28
  [DEBUG] Processed 4 batches from val_dataloader
  [DEBUG] Predictions shape after concat: (199,)
  Pred std: 0.028249, range: 0.140154, mean: 0.073025
  Pos: 98.0%, Neg: 2.0%, Unique: 198
  Dir Acc: 51.26%, Pred Sharpe: 41.0358
  Composite: 0.3954 (dist_match: 0.5427, actual_pos: 52.3%, pred_pos: 98.0%)
  Collapse penalty: 0.000000 (threshold: 0.005000)
  Saved validation predictions to: experiments/12c_h1_rolling/market_only_daily_h1_d025/fold_2024/collapse_monitoring/val_predictions_epoch28.npy
  Gradient norms:
    lstm_encoder: 0.007106
    lstm_decoder: 0.004048
    output_layer: 0.099221
  VSN output std:
    encoder: 0.278159
  Attention entropy: 2.921584
  Saved to: experiments/12c_h1_rolling/market_only_daily_h1_d025/fold_2024/collapse_monitoring/collapse_monitor_latest.json
[DEBUG CollapseMonitor] on_validation_epoch_start called for epoch 29
[DEBUG CollapseMonitor] reset_temporal_state() called on loss function
Epoch 29: val_loss=0.36044982075691223
Epoch 29: train_loss=0.4108867943286896

[CollapseMonitor] Epoch 29
  [DEBUG] Processed 4 batches from val_dataloader
  [DEBUG] Predictions shape after concat: (199,)
  Pred std: 0.028315, range: 0.140861, mean: 0.073261
  Pos: 97.5%, Neg: 2.5%, Unique: 199
  Dir Acc: 51.76%, Pred Sharpe: 41.0726
  Composite: 0.4005 (dist_match: 0.5477, actual_pos: 52.3%, pred_pos: 97.5%)
  Collapse penalty: 0.000000 (threshold: 0.005000)
  Saved validation predictions to: experiments/12c_h1_rolling/market_only_daily_h1_d025/fold_2024/collapse_monitoring/val_predictions_epoch29.npy
  Gradient norms:
    lstm_encoder: 0.007133
    lstm_decoder: 0.003975
    output_layer: 0.095210
  VSN output std:
    encoder: 0.277003
  Attention entropy: 2.923395
  Saved to: experiments/12c_h1_rolling/market_only_daily_h1_d025/fold_2024/collapse_monitoring/collapse_monitor_latest.json
[DEBUG CollapseMonitor] on_validation_epoch_start called for epoch 30
[DEBUG CollapseMonitor] reset_temporal_state() called on loss function
Epoch 30: val_loss=0.3619370460510254
Epoch 30: train_loss=0.40611064434051514

[CollapseMonitor] Epoch 30
  [DEBUG] Processed 4 batches from val_dataloader
  [DEBUG] Predictions shape after concat: (199,)
  Pred std: 0.029594, range: 0.143487, mean: 0.076815
  Pos: 98.0%, Neg: 2.0%, Unique: 199
  Dir Acc: 51.26%, Pred Sharpe: 41.2043
  Composite: 0.3954 (dist_match: 0.5427, actual_pos: 52.3%, pred_pos: 98.0%)
  Collapse penalty: 0.000000 (threshold: 0.005000)
  Saved validation predictions to: experiments/12c_h1_rolling/market_only_daily_h1_d025/fold_2024/collapse_monitoring/val_predictions_epoch30.npy
  Gradient norms:
    lstm_encoder: 0.007320
    lstm_decoder: 0.004169
    output_layer: 0.090716
  VSN output std:
    encoder: 0.281126
  Attention entropy: 2.917980
  Saved to: experiments/12c_h1_rolling/market_only_daily_h1_d025/fold_2024/collapse_monitoring/collapse_monitor_latest.json
[DEBUG CollapseMonitor] on_validation_epoch_start called for epoch 31
[DEBUG CollapseMonitor] reset_temporal_state() called on loss function
Epoch 31: val_loss=0.3622242510318756
Epoch 31: train_loss=0.4081174433231354

[CollapseMonitor] Epoch 31
  [DEBUG] Processed 4 batches from val_dataloader
  [DEBUG] Predictions shape after concat: (199,)
  Pred std: 0.027372, range: 0.136112, mean: 0.072794
  Pos: 98.5%, Neg: 1.5%, Unique: 198
  Dir Acc: 51.76%, Pred Sharpe: 42.2167
  Composite: 0.3979 (dist_match: 0.5377, actual_pos: 52.3%, pred_pos: 98.5%)
  Collapse penalty: 0.000000 (threshold: 0.005000)
  Saved validation predictions to: experiments/12c_h1_rolling/market_only_daily_h1_d025/fold_2024/collapse_monitoring/val_predictions_epoch31.npy
  Gradient norms:
    lstm_encoder: 0.006939
    lstm_decoder: 0.003881
    output_layer: 0.089583
  VSN output std:
    encoder: 0.281888
  Attention entropy: 2.922687
  Saved to: experiments/12c_h1_rolling/market_only_daily_h1_d025/fold_2024/collapse_monitoring/collapse_monitor_latest.json
[DEBUG CollapseMonitor] on_validation_epoch_start called for epoch 32
[DEBUG CollapseMonitor] reset_temporal_state() called on loss function
Epoch 32: val_loss=0.362939715385437
Epoch 32: train_loss=0.40952831506729126

[CollapseMonitor] Epoch 32
  [DEBUG] Processed 4 batches from val_dataloader
  [DEBUG] Predictions shape after concat: (199,)
  Pred std: 0.028082, range: 0.136224, mean: 0.059822
  Pos: 97.5%, Neg: 2.5%, Unique: 199
  Dir Acc: 51.76%, Pred Sharpe: 33.8165
  Composite: 0.4005 (dist_match: 0.5477, actual_pos: 52.3%, pred_pos: 97.5%)
  Collapse penalty: 0.000000 (threshold: 0.005000)
  Saved validation predictions to: experiments/12c_h1_rolling/market_only_daily_h1_d025/fold_2024/collapse_monitoring/val_predictions_epoch32.npy
  Gradient norms:
    lstm_encoder: 0.007904
    lstm_decoder: 0.004167
    output_layer: 0.093800
  VSN output std:
    encoder: 0.283091
  Attention entropy: 2.923925
  Saved to: experiments/12c_h1_rolling/market_only_daily_h1_d025/fold_2024/collapse_monitoring/collapse_monitor_latest.json
[DEBUG CollapseMonitor] on_validation_epoch_start called for epoch 33
[DEBUG CollapseMonitor] reset_temporal_state() called on loss function
Epoch 33: val_loss=0.3640235960483551
Epoch 33: train_loss=0.40898871421813965

[CollapseMonitor] Epoch 33
  [DEBUG] Processed 4 batches from val_dataloader
  [DEBUG] Predictions shape after concat: (199,)
  Pred std: 0.027707, range: 0.136242, mean: 0.075262
  Pos: 100.0%, Neg: 0.0%, Unique: 199
  Dir Acc: 52.26%, Pred Sharpe: 43.1205
  Composite: 0.3979 (dist_match: 0.5226, actual_pos: 52.3%, pred_pos: 100.0%)
  Collapse penalty: 0.000000 (threshold: 0.005000)
  Saved validation predictions to: experiments/12c_h1_rolling/market_only_daily_h1_d025/fold_2024/collapse_monitoring/val_predictions_epoch33.npy
  Gradient norms:
    lstm_encoder: 0.007644
    lstm_decoder: 0.004166
    output_layer: 0.094737
  VSN output std:
    encoder: 0.283620
  Attention entropy: 2.925280
  Saved to: experiments/12c_h1_rolling/market_only_daily_h1_d025/fold_2024/collapse_monitoring/collapse_monitor_latest.json
[DEBUG CollapseMonitor] on_validation_epoch_start called for epoch 34
[DEBUG CollapseMonitor] reset_temporal_state() called on loss function
Epoch 34: val_loss=0.3643532693386078
Epoch 34: train_loss=0.4087653160095215

[CollapseMonitor] Epoch 34
  [DEBUG] Processed 4 batches from val_dataloader
  [DEBUG] Predictions shape after concat: (199,)
  Pred std: 0.029283, range: 0.136890, mean: 0.070928
  Pos: 98.5%, Neg: 1.5%, Unique: 199
  Dir Acc: 51.76%, Pred Sharpe: 38.4507
  Composite: 0.3979 (dist_match: 0.5377, actual_pos: 52.3%, pred_pos: 98.5%)
  Collapse penalty: 0.000000 (threshold: 0.005000)
  Saved validation predictions to: experiments/12c_h1_rolling/market_only_daily_h1_d025/fold_2024/collapse_monitoring/val_predictions_epoch34.npy
  Gradient norms:
    lstm_encoder: 0.007856
    lstm_decoder: 0.004345
    output_layer: 0.096046
  VSN output std:
    encoder: 0.284072
  Attention entropy: 2.926305
  Saved to: experiments/12c_h1_rolling/market_only_daily_h1_d025/fold_2024/collapse_monitoring/collapse_monitor_latest.json
[DEBUG CollapseMonitor] on_validation_epoch_start called for epoch 35
[DEBUG CollapseMonitor] reset_temporal_state() called on loss function
Epoch 35: val_loss=0.36423397064208984
Epoch 35: train_loss=0.40822649002075195

[CollapseMonitor] Epoch 35
  [DEBUG] Processed 4 batches from val_dataloader
  [DEBUG] Predictions shape after concat: (199,)
  Pred std: 0.029883, range: 0.134507, mean: 0.087887
  Pos: 100.0%, Neg: 0.0%, Unique: 199
  Dir Acc: 52.26%, Pred Sharpe: 46.6870
  Composite: 0.3979 (dist_match: 0.5226, actual_pos: 52.3%, pred_pos: 100.0%)
  Collapse penalty: 0.000000 (threshold: 0.005000)
  Saved validation predictions to: experiments/12c_h1_rolling/market_only_daily_h1_d025/fold_2024/collapse_monitoring/val_predictions_epoch35.npy
  Gradient norms:
    lstm_encoder: 0.009126
    lstm_decoder: 0.004699
    output_layer: 0.091118
  VSN output std:
    encoder: 0.284049
  Attention entropy: 2.930730
  Saved to: experiments/12c_h1_rolling/market_only_daily_h1_d025/fold_2024/collapse_monitoring/collapse_monitor_latest.json
[DEBUG CollapseMonitor] on_validation_epoch_start called for epoch 36
[DEBUG CollapseMonitor] reset_temporal_state() called on loss function
Epoch 36: val_loss=0.36528274416923523
Epoch 36: train_loss=0.40733614563941956

[CollapseMonitor] Epoch 36
  [DEBUG] Processed 4 batches from val_dataloader
  [DEBUG] Predictions shape after concat: (199,)
  Pred std: 0.031007, range: 0.134258, mean: 0.091375
  Pos: 100.0%, Neg: 0.0%, Unique: 197
  Dir Acc: 52.26%, Pred Sharpe: 46.7810
  Composite: 0.3979 (dist_match: 0.5226, actual_pos: 52.3%, pred_pos: 100.0%)
  Collapse penalty: 0.000000 (threshold: 0.005000)
  Saved validation predictions to: experiments/12c_h1_rolling/market_only_daily_h1_d025/fold_2024/collapse_monitoring/val_predictions_epoch36.npy
  Gradient norms:
    lstm_encoder: 0.008502
    lstm_decoder: 0.004330
    output_layer: 0.088951
  VSN output std:
    encoder: 0.284594
  Attention entropy: 2.931490
  Saved to: experiments/12c_h1_rolling/market_only_daily_h1_d025/fold_2024/collapse_monitoring/collapse_monitor_latest.json
[DEBUG CollapseMonitor] on_validation_epoch_start called for epoch 37
[DEBUG CollapseMonitor] reset_temporal_state() called on loss function
Epoch 37: val_loss=0.3653058409690857
Epoch 37: train_loss=0.40657302737236023

[CollapseMonitor] Epoch 37
  [DEBUG] Processed 4 batches from val_dataloader
  [DEBUG] Predictions shape after concat: (199,)
  Pred std: 0.030598, range: 0.132149, mean: 0.079399
  Pos: 100.0%, Neg: 0.0%, Unique: 198
  Dir Acc: 52.26%, Pred Sharpe: 41.1932
  Composite: 0.3979 (dist_match: 0.5226, actual_pos: 52.3%, pred_pos: 100.0%)
  Collapse penalty: 0.000000 (threshold: 0.005000)
  Saved validation predictions to: experiments/12c_h1_rolling/market_only_daily_h1_d025/fold_2024/collapse_monitoring/val_predictions_epoch37.npy
  Gradient norms:
    lstm_encoder: 0.008757
    lstm_decoder: 0.004597
    output_layer: 0.088715
  VSN output std:
    encoder: 0.284733
  Attention entropy: 2.930381
  Saved to: experiments/12c_h1_rolling/market_only_daily_h1_d025/fold_2024/collapse_monitoring/collapse_monitor_latest.json
[DEBUG CollapseMonitor] on_validation_epoch_start called for epoch 38
[DEBUG CollapseMonitor] reset_temporal_state() called on loss function
Epoch 38: val_loss=0.36547690629959106
Epoch 38: train_loss=0.4036748707294464

[CollapseMonitor] Epoch 38
  [DEBUG] Processed 4 batches from val_dataloader
  [DEBUG] Predictions shape after concat: (199,)
  Pred std: 0.032345, range: 0.133485, mean: 0.097195
  Pos: 100.0%, Neg: 0.0%, Unique: 198
  Dir Acc: 52.26%, Pred Sharpe: 47.7024
  Composite: 0.3979 (dist_match: 0.5226, actual_pos: 52.3%, pred_pos: 100.0%)
  Collapse penalty: 0.000000 (threshold: 0.005000)
  Saved validation predictions to: experiments/12c_h1_rolling/market_only_daily_h1_d025/fold_2024/collapse_monitoring/val_predictions_epoch38.npy
  Gradient norms:
    lstm_encoder: 0.008066
    lstm_decoder: 0.004419
    output_layer: 0.091678
  VSN output std:
    encoder: 0.284820
  Attention entropy: 2.933413
  Saved to: experiments/12c_h1_rolling/market_only_daily_h1_d025/fold_2024/collapse_monitoring/collapse_monitor_latest.json
[DEBUG CollapseMonitor] on_validation_epoch_start called for epoch 39
[DEBUG CollapseMonitor] reset_temporal_state() called on loss function
Epoch 39: val_loss=0.36558571457862854
Epoch 39: train_loss=0.40585896372795105

[CollapseMonitor] Epoch 39
  [DEBUG] Processed 4 batches from val_dataloader
  [DEBUG] Predictions shape after concat: (199,)
  Pred std: 0.033705, range: 0.135804, mean: 0.095860
  Pos: 100.0%, Neg: 0.0%, Unique: 196
  Dir Acc: 52.26%, Pred Sharpe: 45.1482
  Composite: 0.3979 (dist_match: 0.5226, actual_pos: 52.3%, pred_pos: 100.0%)
  Collapse penalty: 0.000000 (threshold: 0.005000)
  Saved validation predictions to: experiments/12c_h1_rolling/market_only_daily_h1_d025/fold_2024/collapse_monitoring/val_predictions_epoch39.npy
  Gradient norms:
    lstm_encoder: 0.008192
    lstm_decoder: 0.004420
    output_layer: 0.095859
  VSN output std:
    encoder: 0.284838
  Attention entropy: 2.931630
  Saved to: experiments/12c_h1_rolling/market_only_daily_h1_d025/fold_2024/collapse_monitoring/collapse_monitor_latest.json
[DEBUG CollapseMonitor] on_validation_epoch_start called for epoch 40
[DEBUG CollapseMonitor] reset_temporal_state() called on loss function
Epoch 40: val_loss=0.3660981357097626
Epoch 40: train_loss=0.4060628414154053

[CollapseMonitor] Epoch 40
  [DEBUG] Processed 4 batches from val_dataloader
  [DEBUG] Predictions shape after concat: (199,)
  Pred std: 0.034701, range: 0.140343, mean: 0.092180
  Pos: 100.0%, Neg: 0.0%, Unique: 199
  Dir Acc: 52.26%, Pred Sharpe: 42.1696
  Composite: 0.3979 (dist_match: 0.5226, actual_pos: 52.3%, pred_pos: 100.0%)
  Collapse penalty: 0.000000 (threshold: 0.005000)
  Saved validation predictions to: experiments/12c_h1_rolling/market_only_daily_h1_d025/fold_2024/collapse_monitoring/val_predictions_epoch40.npy
  Gradient norms:
    lstm_encoder: 0.008081
    lstm_decoder: 0.004488
    output_layer: 0.086090
  VSN output std:
    encoder: 0.285235
  Attention entropy: 2.928509
  Saved to: experiments/12c_h1_rolling/market_only_daily_h1_d025/fold_2024/collapse_monitoring/collapse_monitor_latest.json
[DEBUG CollapseMonitor] on_validation_epoch_start called for epoch 41
[DEBUG CollapseMonitor] reset_temporal_state() called on loss function
Epoch 41: val_loss=0.3661559224128723
Epoch 41: train_loss=0.40599843859672546

[CollapseMonitor] Epoch 41
  [DEBUG] Processed 4 batches from val_dataloader
  [DEBUG] Predictions shape after concat: (199,)
  Pred std: 0.034042, range: 0.139100, mean: 0.090161
  Pos: 100.0%, Neg: 0.0%, Unique: 199
  Dir Acc: 52.26%, Pred Sharpe: 42.0441
  Composite: 0.3979 (dist_match: 0.5226, actual_pos: 52.3%, pred_pos: 100.0%)
  Collapse penalty: 0.000000 (threshold: 0.005000)
  Saved validation predictions to: experiments/12c_h1_rolling/market_only_daily_h1_d025/fold_2024/collapse_monitoring/val_predictions_epoch41.npy
  Gradient norms:
    lstm_encoder: 0.009007
    lstm_decoder: 0.004691
    output_layer: 0.094085
  VSN output std:
    encoder: 0.285346
  Attention entropy: 2.930136
  Saved to: experiments/12c_h1_rolling/market_only_daily_h1_d025/fold_2024/collapse_monitoring/collapse_monitor_latest.json
[DEBUG CollapseMonitor] on_validation_epoch_start called for epoch 42
[DEBUG CollapseMonitor] reset_temporal_state() called on loss function
Epoch 42: val_loss=0.3667767643928528
Epoch 42: train_loss=0.406832218170166

[CollapseMonitor] Epoch 42
  [DEBUG] Processed 4 batches from val_dataloader
  [DEBUG] Predictions shape after concat: (199,)
  Pred std: 0.032453, range: 0.136293, mean: 0.095056
  Pos: 100.0%, Neg: 0.0%, Unique: 197
  Dir Acc: 52.26%, Pred Sharpe: 46.4978
  Composite: 0.3979 (dist_match: 0.5226, actual_pos: 52.3%, pred_pos: 100.0%)
  Collapse penalty: 0.000000 (threshold: 0.005000)
  Saved validation predictions to: experiments/12c_h1_rolling/market_only_daily_h1_d025/fold_2024/collapse_monitoring/val_predictions_epoch42.npy
  Gradient norms:
    lstm_encoder: 0.008337
    lstm_decoder: 0.004339
    output_layer: 0.086530
  VSN output std:
    encoder: 0.285459
  Attention entropy: 2.930492
  Saved to: experiments/12c_h1_rolling/market_only_daily_h1_d025/fold_2024/collapse_monitoring/collapse_monitor_latest.json
[DEBUG CollapseMonitor] on_validation_epoch_start called for epoch 43
[DEBUG CollapseMonitor] reset_temporal_state() called on loss function
Epoch 43: val_loss=0.36687541007995605
Epoch 43: train_loss=0.4048939645290375

[CollapseMonitor] Epoch 43
  [DEBUG] Processed 4 batches from val_dataloader
  [DEBUG] Predictions shape after concat: (199,)
  Pred std: 0.032694, range: 0.136401, mean: 0.100223
  Pos: 100.0%, Neg: 0.0%, Unique: 198
  Dir Acc: 52.26%, Pred Sharpe: 48.6637
  Composite: 0.3979 (dist_match: 0.5226, actual_pos: 52.3%, pred_pos: 100.0%)
  Collapse penalty: 0.000000 (threshold: 0.005000)
  Saved validation predictions to: experiments/12c_h1_rolling/market_only_daily_h1_d025/fold_2024/collapse_monitoring/val_predictions_epoch43.npy
  Gradient norms:
    lstm_encoder: 0.008383
    lstm_decoder: 0.004419
    output_layer: 0.087494
  VSN output std:
    encoder: 0.285723
  Attention entropy: 2.931777
  Saved to: experiments/12c_h1_rolling/market_only_daily_h1_d025/fold_2024/collapse_monitoring/collapse_monitor_latest.json
[DEBUG CollapseMonitor] on_validation_epoch_start called for epoch 44
[DEBUG CollapseMonitor] reset_temporal_state() called on loss function
Epoch 44: val_loss=0.3666267693042755
Epoch 44: train_loss=0.40429094433784485

[CollapseMonitor] Epoch 44
  [DEBUG] Processed 4 batches from val_dataloader
  [DEBUG] Predictions shape after concat: (199,)
  Pred std: 0.033260, range: 0.135015, mean: 0.098343
  Pos: 100.0%, Neg: 0.0%, Unique: 199
  Dir Acc: 52.26%, Pred Sharpe: 46.9374
  Composite: 0.3979 (dist_match: 0.5226, actual_pos: 52.3%, pred_pos: 100.0%)
  Collapse penalty: 0.000000 (threshold: 0.005000)
  Saved validation predictions to: experiments/12c_h1_rolling/market_only_daily_h1_d025/fold_2024/collapse_monitoring/val_predictions_epoch44.npy
  Gradient norms:
    lstm_encoder: 0.008589
    lstm_decoder: 0.004647
    output_layer: 0.093276
  VSN output std:
    encoder: 0.285537
  Attention entropy: 2.935672
  Saved to: experiments/12c_h1_rolling/market_only_daily_h1_d025/fold_2024/collapse_monitoring/collapse_monitor_latest.json
[DEBUG CollapseMonitor] on_validation_epoch_start called for epoch 45
[DEBUG CollapseMonitor] reset_temporal_state() called on loss function
Epoch 45: val_loss=0.366688072681427
Epoch 45: train_loss=0.405588299036026

[CollapseMonitor] Epoch 45
  [DEBUG] Processed 4 batches from val_dataloader
  [DEBUG] Predictions shape after concat: (199,)
  Pred std: 0.032750, range: 0.135338, mean: 0.095607
  Pos: 100.0%, Neg: 0.0%, Unique: 198
  Dir Acc: 52.26%, Pred Sharpe: 46.3431
  Composite: 0.3979 (dist_match: 0.5226, actual_pos: 52.3%, pred_pos: 100.0%)
  Collapse penalty: 0.000000 (threshold: 0.005000)
  Saved validation predictions to: experiments/12c_h1_rolling/market_only_daily_h1_d025/fold_2024/collapse_monitoring/val_predictions_epoch45.npy
  Gradient norms:
    lstm_encoder: 0.008884
    lstm_decoder: 0.004665
    output_layer: 0.099236
  VSN output std:
    encoder: 0.285613
  Attention entropy: 2.936112
  Saved to: experiments/12c_h1_rolling/market_only_daily_h1_d025/fold_2024/collapse_monitoring/collapse_monitor_latest.json
[DEBUG CollapseMonitor] on_validation_epoch_start called for epoch 46
[DEBUG CollapseMonitor] reset_temporal_state() called on loss function
Epoch 46: val_loss=0.3667864501476288
Epoch 46: train_loss=0.4031318128108978

[CollapseMonitor] Epoch 46
  [DEBUG] Processed 4 batches from val_dataloader
  [DEBUG] Predictions shape after concat: (199,)
  Pred std: 0.031859, range: 0.134942, mean: 0.091573
  Pos: 100.0%, Neg: 0.0%, Unique: 198
  Dir Acc: 52.26%, Pred Sharpe: 45.6284
  Composite: 0.3979 (dist_match: 0.5226, actual_pos: 52.3%, pred_pos: 100.0%)
  Collapse penalty: 0.000000 (threshold: 0.005000)
  Saved validation predictions to: experiments/12c_h1_rolling/market_only_daily_h1_d025/fold_2024/collapse_monitoring/val_predictions_epoch46.npy
  Gradient norms:
    lstm_encoder: 0.008425
    lstm_decoder: 0.004611
    output_layer: 0.094987
  VSN output std:
    encoder: 0.285707
  Attention entropy: 2.935368
  Saved to: experiments/12c_h1_rolling/market_only_daily_h1_d025/fold_2024/collapse_monitoring/collapse_monitor_latest.json
[DEBUG CollapseMonitor] on_validation_epoch_start called for epoch 47
[DEBUG CollapseMonitor] reset_temporal_state() called on loss function
Epoch 47: val_loss=0.36689475178718567
Epoch 47: train_loss=0.40504732728004456

[CollapseMonitor] Epoch 47
  [DEBUG] Processed 4 batches from val_dataloader
  [DEBUG] Predictions shape after concat: (199,)
  Pred std: 0.031902, range: 0.135203, mean: 0.091436
  Pos: 100.0%, Neg: 0.0%, Unique: 198
  Dir Acc: 52.26%, Pred Sharpe: 45.4997
  Composite: 0.3979 (dist_match: 0.5226, actual_pos: 52.3%, pred_pos: 100.0%)
  Collapse penalty: 0.000000 (threshold: 0.005000)
  Saved validation predictions to: experiments/12c_h1_rolling/market_only_daily_h1_d025/fold_2024/collapse_monitoring/val_predictions_epoch47.npy
  Gradient norms:
    lstm_encoder: 0.008985
    lstm_decoder: 0.004852
    output_layer: 0.095411
  VSN output std:
    encoder: 0.285771
  Attention entropy: 2.934495
  Saved to: experiments/12c_h1_rolling/market_only_daily_h1_d025/fold_2024/collapse_monitoring/collapse_monitor_latest.json
[DEBUG CollapseMonitor] on_validation_epoch_start called for epoch 48
[DEBUG CollapseMonitor] reset_temporal_state() called on loss function
Epoch 48: val_loss=0.3668679893016815
Epoch 48: train_loss=0.4033813178539276

[CollapseMonitor] Epoch 48
  [DEBUG] Processed 4 batches from val_dataloader
  [DEBUG] Predictions shape after concat: (199,)
  Pred std: 0.031132, range: 0.134003, mean: 0.085855
  Pos: 100.0%, Neg: 0.0%, Unique: 199
  Dir Acc: 52.26%, Pred Sharpe: 43.7786
  Composite: 0.3979 (dist_match: 0.5226, actual_pos: 52.3%, pred_pos: 100.0%)
  Collapse penalty: 0.000000 (threshold: 0.005000)
  Saved validation predictions to: experiments/12c_h1_rolling/market_only_daily_h1_d025/fold_2024/collapse_monitoring/val_predictions_epoch48.npy
  Gradient norms:
    lstm_encoder: 0.008672
    lstm_decoder: 0.004682
    output_layer: 0.092420
  VSN output std:
    encoder: 0.285818
  Attention entropy: 2.935498
  Saved to: experiments/12c_h1_rolling/market_only_daily_h1_d025/fold_2024/collapse_monitoring/collapse_monitor_latest.json
[DEBUG CollapseMonitor] on_validation_epoch_start called for epoch 49
[DEBUG CollapseMonitor] reset_temporal_state() called on loss function
Epoch 49: val_loss=0.36674433946609497
Epoch 49: train_loss=0.40484920144081116

[CollapseMonitor] Epoch 49
  [DEBUG] Processed 4 batches from val_dataloader
  [DEBUG] Predictions shape after concat: (199,)
  Pred std: 0.031039, range: 0.133395, mean: 0.086757
  Pos: 100.0%, Neg: 0.0%, Unique: 199
  Dir Acc: 52.26%, Pred Sharpe: 44.3712
  Composite: 0.3979 (dist_match: 0.5226, actual_pos: 52.3%, pred_pos: 100.0%)
  Collapse penalty: 0.000000 (threshold: 0.005000)
  Saved validation predictions to: experiments/12c_h1_rolling/market_only_daily_h1_d025/fold_2024/collapse_monitoring/val_predictions_epoch49.npy
  Gradient norms:
    lstm_encoder: 0.007885
    lstm_decoder: 0.004357
    output_layer: 0.088188
  VSN output std:
    encoder: 0.285798
  Attention entropy: 2.936037
  Saved to: experiments/12c_h1_rolling/market_only_daily_h1_d025/fold_2024/collapse_monitoring/collapse_monitor_latest.json
[DEBUG CollapseMonitor] on_validation_epoch_start called for epoch 50
[DEBUG CollapseMonitor] reset_temporal_state() called on loss function
Epoch 50: val_loss=0.3665097951889038
Epoch 50: train_loss=0.4027109742164612

[CollapseMonitor] Epoch 50
  [DEBUG] Processed 4 batches from val_dataloader
  [DEBUG] Predictions shape after concat: (199,)
  Pred std: 0.032110, range: 0.132812, mean: 0.090668
  Pos: 100.0%, Neg: 0.0%, Unique: 198
  Dir Acc: 52.26%, Pred Sharpe: 44.8247
  Composite: 0.3979 (dist_match: 0.5226, actual_pos: 52.3%, pred_pos: 100.0%)
  Collapse penalty: 0.000000 (threshold: 0.005000)
  Saved validation predictions to: experiments/12c_h1_rolling/market_only_daily_h1_d025/fold_2024/collapse_monitoring/val_predictions_epoch50.npy
  Gradient norms:
    lstm_encoder: 0.007779
    lstm_decoder: 0.004202
    output_layer: 0.082869
  VSN output std:
    encoder: 0.285734
  Attention entropy: 2.938491
  Saved to: experiments/12c_h1_rolling/market_only_daily_h1_d025/fold_2024/collapse_monitoring/collapse_monitor_latest.json
[DEBUG CollapseMonitor] on_validation_epoch_start called for epoch 51
[DEBUG CollapseMonitor] reset_temporal_state() called on loss function
Epoch 51: val_loss=0.36646145582199097
Epoch 51: train_loss=0.40568119287490845

[CollapseMonitor] Epoch 51
  [DEBUG] Processed 4 batches from val_dataloader
  [DEBUG] Predictions shape after concat: (199,)
  Pred std: 0.032342, range: 0.132911, mean: 0.091349
  Pos: 100.0%, Neg: 0.0%, Unique: 197
  Dir Acc: 52.26%, Pred Sharpe: 44.8365
  Composite: 0.3979 (dist_match: 0.5226, actual_pos: 52.3%, pred_pos: 100.0%)
  Collapse penalty: 0.000000 (threshold: 0.005000)
  Saved validation predictions to: experiments/12c_h1_rolling/market_only_daily_h1_d025/fold_2024/collapse_monitoring/val_predictions_epoch51.npy
  Gradient norms:
    lstm_encoder: 0.009096
    lstm_decoder: 0.004691
    output_layer: 0.090996
  VSN output std:
    encoder: 0.285825
  Attention entropy: 2.939338
  Saved to: experiments/12c_h1_rolling/market_only_daily_h1_d025/fold_2024/collapse_monitoring/collapse_monitor_latest.json
[DEBUG CollapseMonitor] on_validation_epoch_start called for epoch 52
[DEBUG CollapseMonitor] reset_temporal_state() called on loss function
Epoch 52: val_loss=0.366580992937088
Epoch 52: train_loss=0.40198636054992676

[CollapseMonitor] Epoch 52
  [DEBUG] Processed 4 batches from val_dataloader
  [DEBUG] Predictions shape after concat: (199,)
  Pred std: 0.032617, range: 0.133126, mean: 0.094031
  Pos: 100.0%, Neg: 0.0%, Unique: 199
  Dir Acc: 52.26%, Pred Sharpe: 45.7647
  Composite: 0.3979 (dist_match: 0.5226, actual_pos: 52.3%, pred_pos: 100.0%)
  Collapse penalty: 0.000000 (threshold: 0.005000)
  Saved validation predictions to: experiments/12c_h1_rolling/market_only_daily_h1_d025/fold_2024/collapse_monitoring/val_predictions_epoch52.npy
  Gradient norms:
    lstm_encoder: 0.009215
    lstm_decoder: 0.005008
    output_layer: 0.091124
  VSN output std:
    encoder: 0.285853
  Attention entropy: 2.940367
  Saved to: experiments/12c_h1_rolling/market_only_daily_h1_d025/fold_2024/collapse_monitoring/collapse_monitor_latest.json
[DEBUG CollapseMonitor] on_validation_epoch_start called for epoch 53
[DEBUG CollapseMonitor] reset_temporal_state() called on loss function
Epoch 53: val_loss=0.3664896488189697
Epoch 53: train_loss=0.40418392419815063

[CollapseMonitor] Epoch 53
  [DEBUG] Processed 4 batches from val_dataloader
  [DEBUG] Predictions shape after concat: (199,)
  Pred std: 0.032432, range: 0.132034, mean: 0.089822
  Pos: 100.0%, Neg: 0.0%, Unique: 199
  Dir Acc: 52.26%, Pred Sharpe: 43.9653
  Composite: 0.3979 (dist_match: 0.5226, actual_pos: 52.3%, pred_pos: 100.0%)
  Collapse penalty: 0.000000 (threshold: 0.005000)
  Saved validation predictions to: experiments/12c_h1_rolling/market_only_daily_h1_d025/fold_2024/collapse_monitoring/val_predictions_epoch53.npy
  Gradient norms:
    lstm_encoder: 0.008673
    lstm_decoder: 0.004565
    output_layer: 0.085200
  VSN output std:
    encoder: 0.285859
  Attention entropy: 2.940927
  Saved to: experiments/12c_h1_rolling/market_only_daily_h1_d025/fold_2024/collapse_monitoring/collapse_monitor_latest.json
[DEBUG CollapseMonitor] on_validation_epoch_start called for epoch 54
[DEBUG CollapseMonitor] reset_temporal_state() called on loss function
Epoch 54: val_loss=0.3669496476650238
Epoch 54: train_loss=0.4036731719970703

[CollapseMonitor] Epoch 54
  [DEBUG] Processed 4 batches from val_dataloader
  [DEBUG] Predictions shape after concat: (199,)
  Pred std: 0.032296, range: 0.131715, mean: 0.090244
  Pos: 100.0%, Neg: 0.0%, Unique: 199
  Dir Acc: 52.26%, Pred Sharpe: 44.3576
  Composite: 0.3979 (dist_match: 0.5226, actual_pos: 52.3%, pred_pos: 100.0%)
  Collapse penalty: 0.000000 (threshold: 0.005000)
  Saved validation predictions to: experiments/12c_h1_rolling/market_only_daily_h1_d025/fold_2024/collapse_monitoring/val_predictions_epoch54.npy
  Gradient norms:
    lstm_encoder: 0.008487
    lstm_decoder: 0.004493
    output_layer: 0.084206
  VSN output std:
    encoder: 0.285973
  Attention entropy: 2.940388
  Saved to: experiments/12c_h1_rolling/market_only_daily_h1_d025/fold_2024/collapse_monitoring/collapse_monitor_latest.json
[DEBUG CollapseMonitor] on_validation_epoch_start called for epoch 55
[DEBUG CollapseMonitor] reset_temporal_state() called on loss function
Epoch 55: val_loss=0.36700302362442017
Epoch 55: train_loss=0.4044533669948578

[CollapseMonitor] Epoch 55
  [DEBUG] Processed 4 batches from val_dataloader
  [DEBUG] Predictions shape after concat: (199,)
  Pred std: 0.032279, range: 0.131769, mean: 0.091363
  Pos: 100.0%, Neg: 0.0%, Unique: 198
  Dir Acc: 52.26%, Pred Sharpe: 44.9308
  Composite: 0.3979 (dist_match: 0.5226, actual_pos: 52.3%, pred_pos: 100.0%)
  Collapse penalty: 0.000000 (threshold: 0.005000)
  Saved validation predictions to: experiments/12c_h1_rolling/market_only_daily_h1_d025/fold_2024/collapse_monitoring/val_predictions_epoch55.npy
  Gradient norms:
    lstm_encoder: 0.008046
    lstm_decoder: 0.004537
    output_layer: 0.090335
  VSN output std:
    encoder: 0.286001
  Attention entropy: 2.940099
  Saved to: experiments/12c_h1_rolling/market_only_daily_h1_d025/fold_2024/collapse_monitoring/collapse_monitor_latest.json
[DEBUG CollapseMonitor] on_validation_epoch_start called for epoch 56
[DEBUG CollapseMonitor] reset_temporal_state() called on loss function
Epoch 56: val_loss=0.3670681118965149
Epoch 56: train_loss=0.40388819575309753

[CollapseMonitor] Epoch 56
  [DEBUG] Processed 4 batches from val_dataloader
  [DEBUG] Predictions shape after concat: (199,)
  Pred std: 0.032337, range: 0.132077, mean: 0.094619
  Pos: 100.0%, Neg: 0.0%, Unique: 199
  Dir Acc: 52.26%, Pred Sharpe: 46.4498
  Composite: 0.3979 (dist_match: 0.5226, actual_pos: 52.3%, pred_pos: 100.0%)
  Collapse penalty: 0.000000 (threshold: 0.005000)
  Saved validation predictions to: experiments/12c_h1_rolling/market_only_daily_h1_d025/fold_2024/collapse_monitoring/val_predictions_epoch56.npy
  Gradient norms:
    lstm_encoder: 0.009015
    lstm_decoder: 0.004937
    output_layer: 0.087526
  VSN output std:
    encoder: 0.286003
  Attention entropy: 2.940579
  Saved to: experiments/12c_h1_rolling/market_only_daily_h1_d025/fold_2024/collapse_monitoring/collapse_monitor_latest.json
[DEBUG CollapseMonitor] on_validation_epoch_start called for epoch 57
[DEBUG CollapseMonitor] reset_temporal_state() called on loss function
Epoch 57: val_loss=0.36700400710105896
Epoch 57: train_loss=0.4053252041339874

[CollapseMonitor] Epoch 57
  [DEBUG] Processed 4 batches from val_dataloader
  [DEBUG] Predictions shape after concat: (199,)
  Pred std: 0.032228, range: 0.131674, mean: 0.092562
  Pos: 100.0%, Neg: 0.0%, Unique: 199
  Dir Acc: 52.26%, Pred Sharpe: 45.5935
  Composite: 0.3979 (dist_match: 0.5226, actual_pos: 52.3%, pred_pos: 100.0%)
  Collapse penalty: 0.000000 (threshold: 0.005000)
  Saved validation predictions to: experiments/12c_h1_rolling/market_only_daily_h1_d025/fold_2024/collapse_monitoring/val_predictions_epoch57.npy
  Gradient norms:
    lstm_encoder: 0.009920
    lstm_decoder: 0.005236
    output_layer: 0.095011
  VSN output std:
    encoder: 0.286003
  Attention entropy: 2.940989
  Saved to: experiments/12c_h1_rolling/market_only_daily_h1_d025/fold_2024/collapse_monitoring/collapse_monitor_latest.json
[DEBUG CollapseMonitor] on_validation_epoch_start called for epoch 58
[DEBUG CollapseMonitor] reset_temporal_state() called on loss function
Epoch 58: val_loss=0.3669051229953766
Epoch 58: train_loss=0.4026016592979431

[CollapseMonitor] Epoch 58
  [DEBUG] Processed 4 batches from val_dataloader
  [DEBUG] Predictions shape after concat: (199,)
  Pred std: 0.032376, range: 0.130991, mean: 0.091711
  Pos: 100.0%, Neg: 0.0%, Unique: 199
  Dir Acc: 52.26%, Pred Sharpe: 44.9674
  Composite: 0.3979 (dist_match: 0.5226, actual_pos: 52.3%, pred_pos: 100.0%)
  Collapse penalty: 0.000000 (threshold: 0.005000)
  Saved validation predictions to: experiments/12c_h1_rolling/market_only_daily_h1_d025/fold_2024/collapse_monitoring/val_predictions_epoch58.npy
  Gradient norms:
    lstm_encoder: 0.008638
    lstm_decoder: 0.004609
    output_layer: 0.086886
  VSN output std:
    encoder: 0.286014
  Attention entropy: 2.941590
  Saved to: experiments/12c_h1_rolling/market_only_daily_h1_d025/fold_2024/collapse_monitoring/collapse_monitor_latest.json
[DEBUG CollapseMonitor] on_validation_epoch_start called for epoch 59
[DEBUG CollapseMonitor] reset_temporal_state() called on loss function
Epoch 59: val_loss=0.3666694760322571
Epoch 59: train_loss=0.4013851284980774

[CollapseMonitor] Epoch 59
  [DEBUG] Processed 4 batches from val_dataloader
  [DEBUG] Predictions shape after concat: (199,)
  Pred std: 0.032672, range: 0.130227, mean: 0.094846
  Pos: 100.0%, Neg: 0.0%, Unique: 199
  Dir Acc: 52.26%, Pred Sharpe: 46.0830
  Composite: 0.3979 (dist_match: 0.5226, actual_pos: 52.3%, pred_pos: 100.0%)
  Collapse penalty: 0.000000 (threshold: 0.005000)
  Saved validation predictions to: experiments/12c_h1_rolling/market_only_daily_h1_d025/fold_2024/collapse_monitoring/val_predictions_epoch59.npy
  Gradient norms:
    lstm_encoder: 0.008521
    lstm_decoder: 0.004526
    output_layer: 0.084004
  VSN output std:
    encoder: 0.285996
  Attention entropy: 2.942665
  Saved to: experiments/12c_h1_rolling/market_only_daily_h1_d025/fold_2024/collapse_monitoring/collapse_monitor_latest.json
[DEBUG CollapseMonitor] on_validation_epoch_start called for epoch 60
[DEBUG CollapseMonitor] reset_temporal_state() called on loss function
Epoch 60: val_loss=0.36658328771591187
Epoch 60: train_loss=0.4037482738494873

[CollapseMonitor] Epoch 60
  [DEBUG] Processed 4 batches from val_dataloader
  [DEBUG] Predictions shape after concat: (199,)
  Pred std: 0.032497, range: 0.128954, mean: 0.095331
  Pos: 100.0%, Neg: 0.0%, Unique: 199
  Dir Acc: 52.26%, Pred Sharpe: 46.5688
  Composite: 0.3979 (dist_match: 0.5226, actual_pos: 52.3%, pred_pos: 100.0%)
  Collapse penalty: 0.000000 (threshold: 0.005000)
  Saved validation predictions to: experiments/12c_h1_rolling/market_only_daily_h1_d025/fold_2024/collapse_monitoring/val_predictions_epoch60.npy
  Gradient norms:
    lstm_encoder: 0.008193
    lstm_decoder: 0.004503
    output_layer: 0.090570
  VSN output std:
    encoder: 0.285959
  Attention entropy: 2.943323
  Saved to: experiments/12c_h1_rolling/market_only_daily_h1_d025/fold_2024/collapse_monitoring/collapse_monitor_latest.json
[DEBUG CollapseMonitor] on_validation_epoch_start called for epoch 61
[DEBUG CollapseMonitor] reset_temporal_state() called on loss function
Epoch 61: val_loss=0.3665533661842346
Epoch 61: train_loss=0.40481236577033997

[CollapseMonitor] Epoch 61
  [DEBUG] Processed 4 batches from val_dataloader
  [DEBUG] Predictions shape after concat: (199,)
  Pred std: 0.032563, range: 0.128339, mean: 0.095581
  Pos: 100.0%, Neg: 0.0%, Unique: 199
  Dir Acc: 52.26%, Pred Sharpe: 46.5960
  Composite: 0.3979 (dist_match: 0.5226, actual_pos: 52.3%, pred_pos: 100.0%)
  Collapse penalty: 0.000000 (threshold: 0.005000)
  Saved validation predictions to: experiments/12c_h1_rolling/market_only_daily_h1_d025/fold_2024/collapse_monitoring/val_predictions_epoch61.npy
  Gradient norms:
    lstm_encoder: 0.009682
    lstm_decoder: 0.005074
    output_layer: 0.091104
  VSN output std:
    encoder: 0.285936
  Attention entropy: 2.943779
  Saved to: experiments/12c_h1_rolling/market_only_daily_h1_d025/fold_2024/collapse_monitoring/collapse_monitor_latest.json
[DEBUG CollapseMonitor] on_validation_epoch_start called for epoch 62
[DEBUG CollapseMonitor] reset_temporal_state() called on loss function
Epoch 62: val_loss=0.36650633811950684
Epoch 62: train_loss=0.4015297591686249

[CollapseMonitor] Epoch 62
  [DEBUG] Processed 4 batches from val_dataloader
  [DEBUG] Predictions shape after concat: (199,)
  Pred std: 0.032560, range: 0.127920, mean: 0.095368
  Pos: 100.0%, Neg: 0.0%, Unique: 198
  Dir Acc: 52.26%, Pred Sharpe: 46.4966
  Composite: 0.3979 (dist_match: 0.5226, actual_pos: 52.3%, pred_pos: 100.0%)
  Collapse penalty: 0.000000 (threshold: 0.005000)
  Saved validation predictions to: experiments/12c_h1_rolling/market_only_daily_h1_d025/fold_2024/collapse_monitoring/val_predictions_epoch62.npy
  Gradient norms:
    lstm_encoder: 0.008873
    lstm_decoder: 0.004692
    output_layer: 0.092425
  VSN output std:
    encoder: 0.285920
  Attention entropy: 2.944286
  Saved to: experiments/12c_h1_rolling/market_only_daily_h1_d025/fold_2024/collapse_monitoring/collapse_monitor_latest.json
[DEBUG CollapseMonitor] on_validation_epoch_start called for epoch 63
[DEBUG CollapseMonitor] reset_temporal_state() called on loss function
Epoch 63: val_loss=0.3664886951446533
Epoch 63: train_loss=0.4039277136325836

[CollapseMonitor] Epoch 63
  [DEBUG] Processed 4 batches from val_dataloader
  [DEBUG] Predictions shape after concat: (199,)
  Pred std: 0.032598, range: 0.128200, mean: 0.094259
  Pos: 100.0%, Neg: 0.0%, Unique: 199
  Dir Acc: 52.26%, Pred Sharpe: 45.9019
  Composite: 0.3979 (dist_match: 0.5226, actual_pos: 52.3%, pred_pos: 100.0%)
  Collapse penalty: 0.000000 (threshold: 0.005000)
  Saved validation predictions to: experiments/12c_h1_rolling/market_only_daily_h1_d025/fold_2024/collapse_monitoring/val_predictions_epoch63.npy
  Gradient norms:
    lstm_encoder: 0.008591
    lstm_decoder: 0.004766
    output_layer: 0.084796
  VSN output std:
    encoder: 0.285905
  Attention entropy: 2.944616
  Saved to: experiments/12c_h1_rolling/market_only_daily_h1_d025/fold_2024/collapse_monitoring/collapse_monitor_latest.json
[DEBUG CollapseMonitor] on_validation_epoch_start called for epoch 64
[DEBUG CollapseMonitor] reset_temporal_state() called on loss function
Epoch 64: val_loss=0.3664223253726959
Epoch 64: train_loss=0.40301212668418884

[CollapseMonitor] Epoch 64
  [DEBUG] Processed 4 batches from val_dataloader
  [DEBUG] Predictions shape after concat: (199,)
  Pred std: 0.032534, range: 0.128044, mean: 0.092683
  Pos: 100.0%, Neg: 0.0%, Unique: 199
  Dir Acc: 52.26%, Pred Sharpe: 45.2230
  Composite: 0.3979 (dist_match: 0.5226, actual_pos: 52.3%, pred_pos: 100.0%)
  Collapse penalty: 0.000000 (threshold: 0.005000)
  Saved validation predictions to: experiments/12c_h1_rolling/market_only_daily_h1_d025/fold_2024/collapse_monitoring/val_predictions_epoch64.npy
  Gradient norms:
    lstm_encoder: 0.009889
    lstm_decoder: 0.005213
    output_layer: 0.094068
  VSN output std:
    encoder: 0.285899
  Attention entropy: 2.944935
  Saved to: experiments/12c_h1_rolling/market_only_daily_h1_d025/fold_2024/collapse_monitoring/collapse_monitor_latest.json
[DEBUG CollapseMonitor] on_validation_epoch_start called for epoch 65
[DEBUG CollapseMonitor] reset_temporal_state() called on loss function
Epoch 65: val_loss=0.36644789576530457
Epoch 65: train_loss=0.40325143933296204

[CollapseMonitor] Epoch 65
  [DEBUG] Processed 4 batches from val_dataloader
  [DEBUG] Predictions shape after concat: (199,)
  Pred std: 0.032570, range: 0.128174, mean: 0.092262
  Pos: 100.0%, Neg: 0.0%, Unique: 199
  Dir Acc: 52.26%, Pred Sharpe: 44.9679
  Composite: 0.3979 (dist_match: 0.5226, actual_pos: 52.3%, pred_pos: 100.0%)
  Collapse penalty: 0.000000 (threshold: 0.005000)
  Saved validation predictions to: experiments/12c_h1_rolling/market_only_daily_h1_d025/fold_2024/collapse_monitoring/val_predictions_epoch65.npy
  Gradient norms:
    lstm_encoder: 0.009260
    lstm_decoder: 0.004827
    output_layer: 0.089506
  VSN output std:
    encoder: 0.285913
  Attention entropy: 2.944792
  Saved to: experiments/12c_h1_rolling/market_only_daily_h1_d025/fold_2024/collapse_monitoring/collapse_monitor_latest.json
[DEBUG CollapseMonitor] on_validation_epoch_start called for epoch 66
[DEBUG CollapseMonitor] reset_temporal_state() called on loss function
Epoch 66: val_loss=0.3664712607860565
Epoch 66: train_loss=0.4044125974178314

[CollapseMonitor] Epoch 66
  [DEBUG] Processed 4 batches from val_dataloader
  [DEBUG] Predictions shape after concat: (199,)
  Pred std: 0.032500, range: 0.127777, mean: 0.092931
  Pos: 100.0%, Neg: 0.0%, Unique: 199
  Dir Acc: 52.26%, Pred Sharpe: 45.3915
  Composite: 0.3979 (dist_match: 0.5226, actual_pos: 52.3%, pred_pos: 100.0%)
  Collapse penalty: 0.000000 (threshold: 0.005000)
  Saved validation predictions to: experiments/12c_h1_rolling/market_only_daily_h1_d025/fold_2024/collapse_monitoring/val_predictions_epoch66.npy
  Gradient norms:
    lstm_encoder: 0.008567
    lstm_decoder: 0.004748
    output_layer: 0.091829
  VSN output std:
    encoder: 0.285923
  Attention entropy: 2.944893
  Saved to: experiments/12c_h1_rolling/market_only_daily_h1_d025/fold_2024/collapse_monitoring/collapse_monitor_latest.json
[DEBUG CollapseMonitor] on_validation_epoch_start called for epoch 67
[DEBUG CollapseMonitor] reset_temporal_state() called on loss function
Epoch 67: val_loss=0.36645856499671936
Epoch 67: train_loss=0.40312570333480835

[CollapseMonitor] Epoch 67
  [DEBUG] Processed 4 batches from val_dataloader
  [DEBUG] Predictions shape after concat: (199,)
  Pred std: 0.032409, range: 0.127355, mean: 0.092830
  Pos: 100.0%, Neg: 0.0%, Unique: 199
  Dir Acc: 52.26%, Pred Sharpe: 45.4693
  Composite: 0.3979 (dist_match: 0.5226, actual_pos: 52.3%, pred_pos: 100.0%)
  Collapse penalty: 0.000000 (threshold: 0.005000)
  Saved validation predictions to: experiments/12c_h1_rolling/market_only_daily_h1_d025/fold_2024/collapse_monitoring/val_predictions_epoch67.npy
  Gradient norms:
    lstm_encoder: 0.009494
    lstm_decoder: 0.005059
    output_layer: 0.088638
  VSN output std:
    encoder: 0.285942
  Attention entropy: 2.944819
  Saved to: experiments/12c_h1_rolling/market_only_daily_h1_d025/fold_2024/collapse_monitoring/collapse_monitor_latest.json
[DEBUG CollapseMonitor] on_validation_epoch_start called for epoch 68
[DEBUG CollapseMonitor] reset_temporal_state() called on loss function
Epoch 68: val_loss=0.3664739429950714
Epoch 68: train_loss=0.40434813499450684

[CollapseMonitor] Epoch 68
  [DEBUG] Processed 4 batches from val_dataloader
  [DEBUG] Predictions shape after concat: (199,)
  Pred std: 0.032486, range: 0.127608, mean: 0.093486
  Pos: 100.0%, Neg: 0.0%, Unique: 199
  Dir Acc: 52.26%, Pred Sharpe: 45.6822
  Composite: 0.3979 (dist_match: 0.5226, actual_pos: 52.3%, pred_pos: 100.0%)
  Collapse penalty: 0.000000 (threshold: 0.005000)
  Saved validation predictions to: experiments/12c_h1_rolling/market_only_daily_h1_d025/fold_2024/collapse_monitoring/val_predictions_epoch68.npy
  Gradient norms:
    lstm_encoder: 0.008816
    lstm_decoder: 0.004568
    output_layer: 0.078999
  VSN output std:
    encoder: 0.285947
  Attention entropy: 2.944819
  Saved to: experiments/12c_h1_rolling/market_only_daily_h1_d025/fold_2024/collapse_monitoring/collapse_monitor_latest.json
[DEBUG CollapseMonitor] on_validation_epoch_start called for epoch 69
[DEBUG CollapseMonitor] reset_temporal_state() called on loss function
Epoch 69: val_loss=0.36648693680763245
Epoch 69: train_loss=0.40209507942199707

[CollapseMonitor] Epoch 69
  [DEBUG] Processed 4 batches from val_dataloader
  [DEBUG] Predictions shape after concat: (199,)
  Pred std: 0.032469, range: 0.127077, mean: 0.094410
  Pos: 100.0%, Neg: 0.0%, Unique: 198
  Dir Acc: 52.26%, Pred Sharpe: 46.1585
  Composite: 0.3979 (dist_match: 0.5226, actual_pos: 52.3%, pred_pos: 100.0%)
  Collapse penalty: 0.000000 (threshold: 0.005000)
  Saved validation predictions to: experiments/12c_h1_rolling/market_only_daily_h1_d025/fold_2024/collapse_monitoring/val_predictions_epoch69.npy
  Gradient norms:
    lstm_encoder: 0.009682
    lstm_decoder: 0.005166
    output_layer: 0.096255
  VSN output std:
    encoder: 0.285948
  Attention entropy: 2.944967
  Saved to: experiments/12c_h1_rolling/market_only_daily_h1_d025/fold_2024/collapse_monitoring/collapse_monitor_latest.json
[DEBUG CollapseMonitor] on_validation_epoch_start called for epoch 70
[DEBUG CollapseMonitor] reset_temporal_state() called on loss function
Epoch 70: val_loss=0.366481751203537
Epoch 70: train_loss=0.4027027189731598

[CollapseMonitor] Epoch 70
  [DEBUG] Processed 4 batches from val_dataloader
  [DEBUG] Predictions shape after concat: (199,)
  Pred std: 0.032673, range: 0.126936, mean: 0.095552
  Pos: 100.0%, Neg: 0.0%, Unique: 199
  Dir Acc: 52.26%, Pred Sharpe: 46.4247
  Composite: 0.3979 (dist_match: 0.5226, actual_pos: 52.3%, pred_pos: 100.0%)
  Collapse penalty: 0.000000 (threshold: 0.005000)
  Saved validation predictions to: experiments/12c_h1_rolling/market_only_daily_h1_d025/fold_2024/collapse_monitoring/val_predictions_epoch70.npy
  Gradient norms:
    lstm_encoder: 0.008384
    lstm_decoder: 0.004431
    output_layer: 0.086208
  VSN output std:
    encoder: 0.285953
  Attention entropy: 2.945253
  Saved to: experiments/12c_h1_rolling/market_only_daily_h1_d025/fold_2024/collapse_monitoring/collapse_monitor_latest.json
[DEBUG CollapseMonitor] on_validation_epoch_start called for epoch 71
[DEBUG CollapseMonitor] reset_temporal_state() called on loss function
Epoch 71: val_loss=0.366500586271286
Epoch 71: train_loss=0.40247589349746704

[CollapseMonitor] Epoch 71
  [DEBUG] Processed 4 batches from val_dataloader
  [DEBUG] Predictions shape after concat: (199,)
  Pred std: 0.032587, range: 0.126672, mean: 0.094832
  Pos: 100.0%, Neg: 0.0%, Unique: 198
  Dir Acc: 52.26%, Pred Sharpe: 46.1963
  Composite: 0.3979 (dist_match: 0.5226, actual_pos: 52.3%, pred_pos: 100.0%)
  Collapse penalty: 0.000000 (threshold: 0.005000)
  Saved validation predictions to: experiments/12c_h1_rolling/market_only_daily_h1_d025/fold_2024/collapse_monitoring/val_predictions_epoch71.npy
  Gradient norms:
    lstm_encoder: 0.009598
    lstm_decoder: 0.005136
    output_layer: 0.099582
  VSN output std:
    encoder: 0.285954
  Attention entropy: 2.945325
  Saved to: experiments/12c_h1_rolling/market_only_daily_h1_d025/fold_2024/collapse_monitoring/collapse_monitor_latest.json
[DEBUG CollapseMonitor] on_validation_epoch_start called for epoch 72
[DEBUG CollapseMonitor] reset_temporal_state() called on loss function
Epoch 72: val_loss=0.3665347695350647
Epoch 72: train_loss=0.4035907983779907

[CollapseMonitor] Epoch 72
  [DEBUG] Processed 4 batches from val_dataloader
  [DEBUG] Predictions shape after concat: (199,)
  Pred std: 0.032613, range: 0.126873, mean: 0.094948
  Pos: 100.0%, Neg: 0.0%, Unique: 199
  Dir Acc: 52.26%, Pred Sharpe: 46.2172
  Composite: 0.3979 (dist_match: 0.5226, actual_pos: 52.3%, pred_pos: 100.0%)
  Collapse penalty: 0.000000 (threshold: 0.005000)
  Saved validation predictions to: experiments/12c_h1_rolling/market_only_daily_h1_d025/fold_2024/collapse_monitoring/val_predictions_epoch72.npy
  Gradient norms:
    lstm_encoder: 0.009191
    lstm_decoder: 0.004688
    output_layer: 0.080369
  VSN output std:
    encoder: 0.285951
  Attention entropy: 2.945425
  Saved to: experiments/12c_h1_rolling/market_only_daily_h1_d025/fold_2024/collapse_monitoring/collapse_monitor_latest.json
[DEBUG CollapseMonitor] on_validation_epoch_start called for epoch 73
[DEBUG CollapseMonitor] reset_temporal_state() called on loss function
Epoch 73: val_loss=0.36649778485298157
Epoch 73: train_loss=0.40368470549583435

[CollapseMonitor] Epoch 73
  [DEBUG] Processed 4 batches from val_dataloader
  [DEBUG] Predictions shape after concat: (199,)
  Pred std: 0.032477, range: 0.126659, mean: 0.094444
  Pos: 100.0%, Neg: 0.0%, Unique: 199
  Dir Acc: 52.26%, Pred Sharpe: 46.1640
  Composite: 0.3979 (dist_match: 0.5226, actual_pos: 52.3%, pred_pos: 100.0%)
  Collapse penalty: 0.000000 (threshold: 0.005000)
  Saved validation predictions to: experiments/12c_h1_rolling/market_only_daily_h1_d025/fold_2024/collapse_monitoring/val_predictions_epoch73.npy
  Gradient norms:
    lstm_encoder: 0.008817
    lstm_decoder: 0.004894
    output_layer: 0.088193
  VSN output std:
    encoder: 0.285949
  Attention entropy: 2.945618
  Saved to: experiments/12c_h1_rolling/market_only_daily_h1_d025/fold_2024/collapse_monitoring/collapse_monitor_latest.json
[DEBUG CollapseMonitor] on_validation_epoch_start called for epoch 74
[DEBUG CollapseMonitor] reset_temporal_state() called on loss function
Epoch 74: val_loss=0.36656153202056885
Epoch 74: train_loss=0.404547780752182

[CollapseMonitor] Epoch 74
  [DEBUG] Processed 4 batches from val_dataloader
  [DEBUG] Predictions shape after concat: (199,)
  Pred std: 0.032519, range: 0.126954, mean: 0.095698
  Pos: 100.0%, Neg: 0.0%, Unique: 199
  Dir Acc: 52.26%, Pred Sharpe: 46.7162
  Composite: 0.3979 (dist_match: 0.5226, actual_pos: 52.3%, pred_pos: 100.0%)
  Collapse penalty: 0.000000 (threshold: 0.005000)
  Saved validation predictions to: experiments/12c_h1_rolling/market_only_daily_h1_d025/fold_2024/collapse_monitoring/val_predictions_epoch74.npy
  Gradient norms:
    lstm_encoder: 0.009349
    lstm_decoder: 0.005033
    output_layer: 0.091569
  VSN output std:
    encoder: 0.285952
  Attention entropy: 2.945504
  Saved to: experiments/12c_h1_rolling/market_only_daily_h1_d025/fold_2024/collapse_monitoring/collapse_monitor_latest.json
[DEBUG CollapseMonitor] on_validation_epoch_start called for epoch 75
[DEBUG CollapseMonitor] reset_temporal_state() called on loss function
Epoch 75: val_loss=0.366606205701828
Epoch 75: train_loss=0.4010349214076996

[CollapseMonitor] Epoch 75
  [DEBUG] Processed 4 batches from val_dataloader
  [DEBUG] Predictions shape after concat: (199,)
  Pred std: 0.032492, range: 0.127059, mean: 0.095101
  Pos: 100.0%, Neg: 0.0%, Unique: 198
  Dir Acc: 52.26%, Pred Sharpe: 46.4639
  Composite: 0.3979 (dist_match: 0.5226, actual_pos: 52.3%, pred_pos: 100.0%)
  Collapse penalty: 0.000000 (threshold: 0.005000)
  Saved validation predictions to: experiments/12c_h1_rolling/market_only_daily_h1_d025/fold_2024/collapse_monitoring/val_predictions_epoch75.npy
  Gradient norms:
    lstm_encoder: 0.009125
    lstm_decoder: 0.004816
    output_layer: 0.083479
  VSN output std:
    encoder: 0.285948
  Attention entropy: 2.945170
  Saved to: experiments/12c_h1_rolling/market_only_daily_h1_d025/fold_2024/collapse_monitoring/collapse_monitor_latest.json
[DEBUG CollapseMonitor] on_validation_epoch_start called for epoch 76
[DEBUG CollapseMonitor] reset_temporal_state() called on loss function
Epoch 76: val_loss=0.36659616231918335
Epoch 76: train_loss=0.40091511607170105

[CollapseMonitor] Epoch 76
  [DEBUG] Processed 4 batches from val_dataloader
  [DEBUG] Predictions shape after concat: (199,)
  Pred std: 0.032568, range: 0.127024, mean: 0.095763
  Pos: 100.0%, Neg: 0.0%, Unique: 199
  Dir Acc: 52.26%, Pred Sharpe: 46.6776
  Composite: 0.3979 (dist_match: 0.5226, actual_pos: 52.3%, pred_pos: 100.0%)
  Collapse penalty: 0.000000 (threshold: 0.005000)
  Saved validation predictions to: experiments/12c_h1_rolling/market_only_daily_h1_d025/fold_2024/collapse_monitoring/val_predictions_epoch76.npy
  Gradient norms:
    lstm_encoder: 0.009287
    lstm_decoder: 0.004808
    output_layer: 0.088526
  VSN output std:
    encoder: 0.285939
  Attention entropy: 2.945314
  Saved to: experiments/12c_h1_rolling/market_only_daily_h1_d025/fold_2024/collapse_monitoring/collapse_monitor_latest.json
[DEBUG CollapseMonitor] on_validation_epoch_start called for epoch 77
[DEBUG CollapseMonitor] reset_temporal_state() called on loss function
Epoch 77: val_loss=0.3665462136268616
Epoch 77: train_loss=0.4021557867527008

[CollapseMonitor] Epoch 77
  [DEBUG] Processed 4 batches from val_dataloader
  [DEBUG] Predictions shape after concat: (199,)
  Pred std: 0.032524, range: 0.126657, mean: 0.095356
  Pos: 100.0%, Neg: 0.0%, Unique: 198
  Dir Acc: 52.26%, Pred Sharpe: 46.5427
  Composite: 0.3979 (dist_match: 0.5226, actual_pos: 52.3%, pred_pos: 100.0%)
  Collapse penalty: 0.000000 (threshold: 0.005000)
  Saved validation predictions to: experiments/12c_h1_rolling/market_only_daily_h1_d025/fold_2024/collapse_monitoring/val_predictions_epoch77.npy
  Gradient norms:
    lstm_encoder: 0.009301
    lstm_decoder: 0.005149
    output_layer: 0.093597
  VSN output std:
    encoder: 0.285932
  Attention entropy: 2.945587
  Saved to: experiments/12c_h1_rolling/market_only_daily_h1_d025/fold_2024/collapse_monitoring/collapse_monitor_latest.json
[DEBUG CollapseMonitor] on_validation_epoch_start called for epoch 78
[DEBUG CollapseMonitor] reset_temporal_state() called on loss function
Epoch 78: val_loss=0.36658358573913574
Epoch 78: train_loss=0.4035133719444275

[CollapseMonitor] Epoch 78
  [DEBUG] Processed 4 batches from val_dataloader
  [DEBUG] Predictions shape after concat: (199,)
  Pred std: 0.032445, range: 0.126593, mean: 0.095316
  Pos: 100.0%, Neg: 0.0%, Unique: 198
  Dir Acc: 52.26%, Pred Sharpe: 46.6353
  Composite: 0.3979 (dist_match: 0.5226, actual_pos: 52.3%, pred_pos: 100.0%)
  Collapse penalty: 0.000000 (threshold: 0.005000)
  Saved validation predictions to: experiments/12c_h1_rolling/market_only_daily_h1_d025/fold_2024/collapse_monitoring/val_predictions_epoch78.npy
  Gradient norms:
    lstm_encoder: 0.008829
    lstm_decoder: 0.004759
    output_layer: 0.083919
  VSN output std:
    encoder: 0.285937
  Attention entropy: 2.945374
  Saved to: experiments/12c_h1_rolling/market_only_daily_h1_d025/fold_2024/collapse_monitoring/collapse_monitor_latest.json
[DEBUG CollapseMonitor] on_validation_epoch_start called for epoch 79
[DEBUG CollapseMonitor] reset_temporal_state() called on loss function
Epoch 79: val_loss=0.366561621427536
Epoch 79: train_loss=0.40446802973747253

[CollapseMonitor] Epoch 79
  [DEBUG] Processed 4 batches from val_dataloader
  [DEBUG] Predictions shape after concat: (199,)
  Pred std: 0.032493, range: 0.126498, mean: 0.094796
  Pos: 100.0%, Neg: 0.0%, Unique: 197
  Dir Acc: 52.26%, Pred Sharpe: 46.3132
  Composite: 0.3979 (dist_match: 0.5226, actual_pos: 52.3%, pred_pos: 100.0%)
  Collapse penalty: 0.000000 (threshold: 0.005000)
  Saved validation predictions to: experiments/12c_h1_rolling/market_only_daily_h1_d025/fold_2024/collapse_monitoring/val_predictions_epoch79.npy
  Gradient norms:
    lstm_encoder: 0.008106
    lstm_decoder: 0.004353
    output_layer: 0.082748
  VSN output std:
    encoder: 0.285926
  Attention entropy: 2.945440
  Saved to: experiments/12c_h1_rolling/market_only_daily_h1_d025/fold_2024/collapse_monitoring/collapse_monitor_latest.json
[DEBUG CollapseMonitor] on_validation_epoch_start called for epoch 80
[DEBUG CollapseMonitor] reset_temporal_state() called on loss function
Epoch 80: val_loss=0.3665594458580017
Epoch 80: train_loss=0.40323564410209656

[CollapseMonitor] Epoch 80
  [DEBUG] Processed 4 batches from val_dataloader
  [DEBUG] Predictions shape after concat: (199,)
  Pred std: 0.032662, range: 0.126845, mean: 0.094230
  Pos: 100.0%, Neg: 0.0%, Unique: 199
  Dir Acc: 52.26%, Pred Sharpe: 45.7977
  Composite: 0.3979 (dist_match: 0.5226, actual_pos: 52.3%, pred_pos: 100.0%)
  Collapse penalty: 0.000000 (threshold: 0.005000)
  Saved validation predictions to: experiments/12c_h1_rolling/market_only_daily_h1_d025/fold_2024/collapse_monitoring/val_predictions_epoch80.npy
  Gradient norms:
    lstm_encoder: 0.010587
    lstm_decoder: 0.005534
    output_layer: 0.095131
  VSN output std:
    encoder: 0.285934
  Attention entropy: 2.945405
  Saved to: experiments/12c_h1_rolling/market_only_daily_h1_d025/fold_2024/collapse_monitoring/collapse_monitor_latest.json
[DEBUG CollapseMonitor] on_validation_epoch_start called for epoch 81
[DEBUG CollapseMonitor] reset_temporal_state() called on loss function
Epoch 81: val_loss=0.366603821516037
Epoch 81: train_loss=0.4022268056869507

[CollapseMonitor] Epoch 81
  [DEBUG] Processed 4 batches from val_dataloader
  [DEBUG] Predictions shape after concat: (199,)
  Pred std: 0.032861, range: 0.127165, mean: 0.094930
  Pos: 100.0%, Neg: 0.0%, Unique: 199
  Dir Acc: 52.26%, Pred Sharpe: 45.8589
  Composite: 0.3979 (dist_match: 0.5226, actual_pos: 52.3%, pred_pos: 100.0%)
  Collapse penalty: 0.000000 (threshold: 0.005000)
  Saved validation predictions to: experiments/12c_h1_rolling/market_only_daily_h1_d025/fold_2024/collapse_monitoring/val_predictions_epoch81.npy
  Gradient norms:
    lstm_encoder: 0.008451
    lstm_decoder: 0.004845
    output_layer: 0.094314
  VSN output std:
    encoder: 0.285937
  Attention entropy: 2.945258
  Saved to: experiments/12c_h1_rolling/market_only_daily_h1_d025/fold_2024/collapse_monitoring/collapse_monitor_latest.json
[DEBUG CollapseMonitor] on_validation_epoch_start called for epoch 82
[DEBUG CollapseMonitor] reset_temporal_state() called on loss function
Epoch 82: val_loss=0.36660441756248474
Epoch 82: train_loss=0.402996301651001

[CollapseMonitor] Epoch 82
  [DEBUG] Processed 4 batches from val_dataloader
  [DEBUG] Predictions shape after concat: (199,)
  Pred std: 0.032996, range: 0.127235, mean: 0.094897
  Pos: 100.0%, Neg: 0.0%, Unique: 198
  Dir Acc: 52.26%, Pred Sharpe: 45.6552
  Composite: 0.3979 (dist_match: 0.5226, actual_pos: 52.3%, pred_pos: 100.0%)
  Collapse penalty: 0.000000 (threshold: 0.005000)
  Saved validation predictions to: experiments/12c_h1_rolling/market_only_daily_h1_d025/fold_2024/collapse_monitoring/val_predictions_epoch82.npy
  Gradient norms:
    lstm_encoder: 0.008752
    lstm_decoder: 0.004958
    output_layer: 0.085245
  VSN output std:
    encoder: 0.285946
  Attention entropy: 2.945198
  Saved to: experiments/12c_h1_rolling/market_only_daily_h1_d025/fold_2024/collapse_monitoring/collapse_monitor_latest.json
[DEBUG CollapseMonitor] on_validation_epoch_start called for epoch 83
[DEBUG CollapseMonitor] reset_temporal_state() called on loss function
Epoch 83: val_loss=0.36661645770072937
Epoch 83: train_loss=0.4024359881877899

[CollapseMonitor] Epoch 83
  [DEBUG] Processed 4 batches from val_dataloader
  [DEBUG] Predictions shape after concat: (199,)
  Pred std: 0.033037, range: 0.127332, mean: 0.094650
  Pos: 100.0%, Neg: 0.0%, Unique: 199
  Dir Acc: 52.26%, Pred Sharpe: 45.4804
  Composite: 0.3979 (dist_match: 0.5226, actual_pos: 52.3%, pred_pos: 100.0%)
  Collapse penalty: 0.000000 (threshold: 0.005000)
  Saved validation predictions to: experiments/12c_h1_rolling/market_only_daily_h1_d025/fold_2024/collapse_monitoring/val_predictions_epoch83.npy
  Gradient norms:
    lstm_encoder: 0.008769
    lstm_decoder: 0.004990
    output_layer: 0.100765
  VSN output std:
    encoder: 0.285944
  Attention entropy: 2.945194
  Saved to: experiments/12c_h1_rolling/market_only_daily_h1_d025/fold_2024/collapse_monitoring/collapse_monitor_latest.json
[DEBUG CollapseMonitor] on_validation_epoch_start called for epoch 84
[DEBUG CollapseMonitor] reset_temporal_state() called on loss function
Epoch 84: val_loss=0.36661070585250854
Epoch 84: train_loss=0.4013442099094391

[CollapseMonitor] Epoch 84
  [DEBUG] Processed 4 batches from val_dataloader
  [DEBUG] Predictions shape after concat: (199,)
  Pred std: 0.033086, range: 0.127362, mean: 0.094860
  Pos: 100.0%, Neg: 0.0%, Unique: 199
  Dir Acc: 52.26%, Pred Sharpe: 45.5129
  Composite: 0.3979 (dist_match: 0.5226, actual_pos: 52.3%, pred_pos: 100.0%)
  Collapse penalty: 0.000000 (threshold: 0.005000)
  Saved validation predictions to: experiments/12c_h1_rolling/market_only_daily_h1_d025/fold_2024/collapse_monitoring/val_predictions_epoch84.npy
  Gradient norms:
    lstm_encoder: 0.008466
    lstm_decoder: 0.004696
    output_layer: 0.088549
  VSN output std:
    encoder: 0.285944
  Attention entropy: 2.945250
  Saved to: experiments/12c_h1_rolling/market_only_daily_h1_d025/fold_2024/collapse_monitoring/collapse_monitor_latest.json
[DEBUG CollapseMonitor] on_validation_epoch_start called for epoch 85
[DEBUG CollapseMonitor] reset_temporal_state() called on loss function
Epoch 85: val_loss=0.36663562059402466
Epoch 85: train_loss=0.4014146327972412

[CollapseMonitor] Epoch 85
  [DEBUG] Processed 4 batches from val_dataloader
  [DEBUG] Predictions shape after concat: (199,)
  Pred std: 0.033103, range: 0.127361, mean: 0.095601
  Pos: 100.0%, Neg: 0.0%, Unique: 199
  Dir Acc: 52.26%, Pred Sharpe: 45.8447
  Composite: 0.3979 (dist_match: 0.5226, actual_pos: 52.3%, pred_pos: 100.0%)
  Collapse penalty: 0.000000 (threshold: 0.005000)
  Saved validation predictions to: experiments/12c_h1_rolling/market_only_daily_h1_d025/fold_2024/collapse_monitoring/val_predictions_epoch85.npy
  Gradient norms:
    lstm_encoder: 0.008907
    lstm_decoder: 0.004851
    output_layer: 0.089241
  VSN output std:
    encoder: 0.285935
  Attention entropy: 2.945252
  Saved to: experiments/12c_h1_rolling/market_only_daily_h1_d025/fold_2024/collapse_monitoring/collapse_monitor_latest.json
[DEBUG CollapseMonitor] on_validation_epoch_start called for epoch 86
[DEBUG CollapseMonitor] reset_temporal_state() called on loss function
Epoch 86: val_loss=0.36659860610961914
Epoch 86: train_loss=0.4041207432746887

[CollapseMonitor] Epoch 86
  [DEBUG] Processed 4 batches from val_dataloader
  [DEBUG] Predictions shape after concat: (199,)
  Pred std: 0.033085, range: 0.127066, mean: 0.095761
  Pos: 100.0%, Neg: 0.0%, Unique: 198
  Dir Acc: 52.26%, Pred Sharpe: 45.9477
  Composite: 0.3979 (dist_match: 0.5226, actual_pos: 52.3%, pred_pos: 100.0%)
  Collapse penalty: 0.000000 (threshold: 0.005000)
  Saved validation predictions to: experiments/12c_h1_rolling/market_only_daily_h1_d025/fold_2024/collapse_monitoring/val_predictions_epoch86.npy
  Gradient norms:
    lstm_encoder: 0.008088
    lstm_decoder: 0.004613
    output_layer: 0.089661
  VSN output std:
    encoder: 0.285932
  Attention entropy: 2.945496
  Saved to: experiments/12c_h1_rolling/market_only_daily_h1_d025/fold_2024/collapse_monitoring/collapse_monitor_latest.json
[DEBUG CollapseMonitor] on_validation_epoch_start called for epoch 87
[DEBUG CollapseMonitor] reset_temporal_state() called on loss function
Epoch 87: val_loss=0.366688072681427
Epoch 87: train_loss=0.4022527039051056

[CollapseMonitor] Epoch 87
  [DEBUG] Processed 4 batches from val_dataloader
  [DEBUG] Predictions shape after concat: (199,)
  Pred std: 0.033045, range: 0.127217, mean: 0.095491
  Pos: 100.0%, Neg: 0.0%, Unique: 199
  Dir Acc: 52.26%, Pred Sharpe: 45.8732
  Composite: 0.3979 (dist_match: 0.5226, actual_pos: 52.3%, pred_pos: 100.0%)
  Collapse penalty: 0.000000 (threshold: 0.005000)
  Saved validation predictions to: experiments/12c_h1_rolling/market_only_daily_h1_d025/fold_2024/collapse_monitoring/val_predictions_epoch87.npy
  Gradient norms:
    lstm_encoder: 0.008796
    lstm_decoder: 0.004817
    output_layer: 0.088930
  VSN output std:
    encoder: 0.285935
  Attention entropy: 2.945219
  Saved to: experiments/12c_h1_rolling/market_only_daily_h1_d025/fold_2024/collapse_monitoring/collapse_monitor_latest.json
[DEBUG CollapseMonitor] on_validation_epoch_start called for epoch 88
[DEBUG CollapseMonitor] reset_temporal_state() called on loss function
Epoch 88: val_loss=0.36670711636543274
Epoch 88: train_loss=0.4034581780433655

[CollapseMonitor] Epoch 88
  [DEBUG] Processed 4 batches from val_dataloader
  [DEBUG] Predictions shape after concat: (199,)
  Pred std: 0.033008, range: 0.127256, mean: 0.095253
  Pos: 100.0%, Neg: 0.0%, Unique: 198
  Dir Acc: 52.26%, Pred Sharpe: 45.8095
  Composite: 0.3979 (dist_match: 0.5226, actual_pos: 52.3%, pred_pos: 100.0%)
  Collapse penalty: 0.000000 (threshold: 0.005000)
  Saved validation predictions to: experiments/12c_h1_rolling/market_only_daily_h1_d025/fold_2024/collapse_monitoring/val_predictions_epoch88.npy
  Gradient norms:
    lstm_encoder: 0.009791
    lstm_decoder: 0.005227
    output_layer: 0.094758
  VSN output std:
    encoder: 0.285939
  Attention entropy: 2.945154
  Saved to: experiments/12c_h1_rolling/market_only_daily_h1_d025/fold_2024/collapse_monitoring/collapse_monitor_latest.json
[DEBUG CollapseMonitor] on_validation_epoch_start called for epoch 89
[DEBUG CollapseMonitor] reset_temporal_state() called on loss function
Epoch 89: val_loss=0.3667416274547577
Epoch 89: train_loss=0.40245839953422546

[CollapseMonitor] Epoch 89
  [DEBUG] Processed 4 batches from val_dataloader
  [DEBUG] Predictions shape after concat: (199,)
  Pred std: 0.033141, range: 0.127529, mean: 0.095677
  Pos: 100.0%, Neg: 0.0%, Unique: 198
  Dir Acc: 52.26%, Pred Sharpe: 45.8295
  Composite: 0.3979 (dist_match: 0.5226, actual_pos: 52.3%, pred_pos: 100.0%)
  Collapse penalty: 0.000000 (threshold: 0.005000)
  Saved validation predictions to: experiments/12c_h1_rolling/market_only_daily_h1_d025/fold_2024/collapse_monitoring/val_predictions_epoch89.npy
  Gradient norms:
    lstm_encoder: 0.009109
    lstm_decoder: 0.004925
    output_layer: 0.095963
  VSN output std:
    encoder: 0.285937
  Attention entropy: 2.945182
  Saved to: experiments/12c_h1_rolling/market_only_daily_h1_d025/fold_2024/collapse_monitoring/collapse_monitor_latest.json
[DEBUG CollapseMonitor] on_validation_epoch_start called for epoch 90
[DEBUG CollapseMonitor] reset_temporal_state() called on loss function
Epoch 90: val_loss=0.36671432852745056
Epoch 90: train_loss=0.40094077587127686

[CollapseMonitor] Epoch 90
  [DEBUG] Processed 4 batches from val_dataloader
  [DEBUG] Predictions shape after concat: (199,)
  Pred std: 0.033124, range: 0.127187, mean: 0.096016
  Pos: 100.0%, Neg: 0.0%, Unique: 199
  Dir Acc: 52.26%, Pred Sharpe: 46.0149
  Composite: 0.3979 (dist_match: 0.5226, actual_pos: 52.3%, pred_pos: 100.0%)
  Collapse penalty: 0.000000 (threshold: 0.005000)
  Saved validation predictions to: experiments/12c_h1_rolling/market_only_daily_h1_d025/fold_2024/collapse_monitoring/val_predictions_epoch90.npy
  Gradient norms:
    lstm_encoder: 0.009250
    lstm_decoder: 0.005075
    output_layer: 0.103200
  VSN output std:
    encoder: 0.285931
  Attention entropy: 2.945440
  Saved to: experiments/12c_h1_rolling/market_only_daily_h1_d025/fold_2024/collapse_monitoring/collapse_monitor_latest.json
[DEBUG CollapseMonitor] on_validation_epoch_start called for epoch 91
[DEBUG CollapseMonitor] reset_temporal_state() called on loss function
Epoch 91: val_loss=0.366703063249588
Epoch 91: train_loss=0.40261325240135193

[CollapseMonitor] Epoch 91
  [DEBUG] Processed 4 batches from val_dataloader
  [DEBUG] Predictions shape after concat: (199,)
  Pred std: 0.033181, range: 0.126752, mean: 0.095961
  Pos: 100.0%, Neg: 0.0%, Unique: 199
  Dir Acc: 52.26%, Pred Sharpe: 45.9098
  Composite: 0.3979 (dist_match: 0.5226, actual_pos: 52.3%, pred_pos: 100.0%)
  Collapse penalty: 0.000000 (threshold: 0.005000)
  Saved validation predictions to: experiments/12c_h1_rolling/market_only_daily_h1_d025/fold_2024/collapse_monitoring/val_predictions_epoch91.npy
  Gradient norms:
    lstm_encoder: 0.007959
    lstm_decoder: 0.004519
    output_layer: 0.082755
  VSN output std:
    encoder: 0.285933
  Attention entropy: 2.945662
  Saved to: experiments/12c_h1_rolling/market_only_daily_h1_d025/fold_2024/collapse_monitoring/collapse_monitor_latest.json
[DEBUG CollapseMonitor] on_validation_epoch_start called for epoch 92
[DEBUG CollapseMonitor] reset_temporal_state() called on loss function
Epoch 92: val_loss=0.3667427599430084
Epoch 92: train_loss=0.4038005769252777

[CollapseMonitor] Epoch 92
  [DEBUG] Processed 4 batches from val_dataloader
  [DEBUG] Predictions shape after concat: (199,)
  Pred std: 0.033150, range: 0.126856, mean: 0.095332
  Pos: 100.0%, Neg: 0.0%, Unique: 199
  Dir Acc: 52.26%, Pred Sharpe: 45.6515
  Composite: 0.3979 (dist_match: 0.5226, actual_pos: 52.3%, pred_pos: 100.0%)
  Collapse penalty: 0.000000 (threshold: 0.005000)
  Saved validation predictions to: experiments/12c_h1_rolling/market_only_daily_h1_d025/fold_2024/collapse_monitoring/val_predictions_epoch92.npy
  Gradient norms:
    lstm_encoder: 0.009075
    lstm_decoder: 0.004871
    output_layer: 0.084105
  VSN output std:
    encoder: 0.285949
  Attention entropy: 2.945480
  Saved to: experiments/12c_h1_rolling/market_only_daily_h1_d025/fold_2024/collapse_monitoring/collapse_monitor_latest.json
[DEBUG CollapseMonitor] on_validation_epoch_start called for epoch 93
[DEBUG CollapseMonitor] reset_temporal_state() called on loss function
Epoch 93: val_loss=0.36676880717277527
Epoch 93: train_loss=0.40336549282073975

[CollapseMonitor] Epoch 93
  [DEBUG] Processed 4 batches from val_dataloader
  [DEBUG] Predictions shape after concat: (199,)
  Pred std: 0.033247, range: 0.126986, mean: 0.095714
  Pos: 100.0%, Neg: 0.0%, Unique: 198
  Dir Acc: 52.26%, Pred Sharpe: 45.7013
  Composite: 0.3979 (dist_match: 0.5226, actual_pos: 52.3%, pred_pos: 100.0%)
  Collapse penalty: 0.000000 (threshold: 0.005000)
  Saved validation predictions to: experiments/12c_h1_rolling/market_only_daily_h1_d025/fold_2024/collapse_monitoring/val_predictions_epoch93.npy
  Gradient norms:
    lstm_encoder: 0.009039
    lstm_decoder: 0.004885
    output_layer: 0.083381
  VSN output std:
    encoder: 0.285955
  Attention entropy: 2.945271
  Saved to: experiments/12c_h1_rolling/market_only_daily_h1_d025/fold_2024/collapse_monitoring/collapse_monitor_latest.json
[DEBUG CollapseMonitor] on_validation_epoch_start called for epoch 94
[DEBUG CollapseMonitor] reset_temporal_state() called on loss function
Epoch 94: val_loss=0.3667706847190857
Epoch 94: train_loss=0.4029434323310852

[CollapseMonitor] Epoch 94
  [DEBUG] Processed 4 batches from val_dataloader
  [DEBUG] Predictions shape after concat: (199,)
  Pred std: 0.033334, range: 0.127237, mean: 0.095570
  Pos: 100.0%, Neg: 0.0%, Unique: 199
  Dir Acc: 52.26%, Pred Sharpe: 45.5134
  Composite: 0.3979 (dist_match: 0.5226, actual_pos: 52.3%, pred_pos: 100.0%)
  Collapse penalty: 0.000000 (threshold: 0.005000)
  Saved validation predictions to: experiments/12c_h1_rolling/market_only_daily_h1_d025/fold_2024/collapse_monitoring/val_predictions_epoch94.npy
  Gradient norms:
    lstm_encoder: 0.008687
    lstm_decoder: 0.004745
    output_layer: 0.084074
  VSN output std:
    encoder: 0.285957
  Attention entropy: 2.945183
  Saved to: experiments/12c_h1_rolling/market_only_daily_h1_d025/fold_2024/collapse_monitoring/collapse_monitor_latest.json
[DEBUG CollapseMonitor] on_validation_epoch_start called for epoch 95
[DEBUG CollapseMonitor] reset_temporal_state() called on loss function
Epoch 95: val_loss=0.3667585253715515
Epoch 95: train_loss=0.40337908267974854

[CollapseMonitor] Epoch 95
  [DEBUG] Processed 4 batches from val_dataloader
  [DEBUG] Predictions shape after concat: (199,)
  Pred std: 0.033556, range: 0.127421, mean: 0.095849
  Pos: 100.0%, Neg: 0.0%, Unique: 199
  Dir Acc: 52.26%, Pred Sharpe: 45.3446
  Composite: 0.3979 (dist_match: 0.5226, actual_pos: 52.3%, pred_pos: 100.0%)
  Collapse penalty: 0.000000 (threshold: 0.005000)
  Saved validation predictions to: experiments/12c_h1_rolling/market_only_daily_h1_d025/fold_2024/collapse_monitoring/val_predictions_epoch95.npy
  Gradient norms:
    lstm_encoder: 0.008613
    lstm_decoder: 0.004688
    output_layer: 0.093282
  VSN output std:
    encoder: 0.285958
  Attention entropy: 2.945275
  Saved to: experiments/12c_h1_rolling/market_only_daily_h1_d025/fold_2024/collapse_monitoring/collapse_monitor_latest.json
[DEBUG CollapseMonitor] on_validation_epoch_start called for epoch 96
[DEBUG CollapseMonitor] reset_temporal_state() called on loss function
Epoch 96: val_loss=0.3667483627796173
Epoch 96: train_loss=0.40243637561798096

[CollapseMonitor] Epoch 96
  [DEBUG] Processed 4 batches from val_dataloader
  [DEBUG] Predictions shape after concat: (199,)
  Pred std: 0.033593, range: 0.127182, mean: 0.096208
  Pos: 100.0%, Neg: 0.0%, Unique: 199
  Dir Acc: 52.26%, Pred Sharpe: 45.4636
  Composite: 0.3979 (dist_match: 0.5226, actual_pos: 52.3%, pred_pos: 100.0%)
  Collapse penalty: 0.000000 (threshold: 0.005000)
  Saved validation predictions to: experiments/12c_h1_rolling/market_only_daily_h1_d025/fold_2024/collapse_monitoring/val_predictions_epoch96.npy
  Gradient norms:
    lstm_encoder: 0.010550
    lstm_decoder: 0.005545
    output_layer: 0.092960
  VSN output std:
    encoder: 0.285960
  Attention entropy: 2.945568
  Saved to: experiments/12c_h1_rolling/market_only_daily_h1_d025/fold_2024/collapse_monitoring/collapse_monitor_latest.json
[DEBUG CollapseMonitor] on_validation_epoch_start called for epoch 97
[DEBUG CollapseMonitor] reset_temporal_state() called on loss function
Epoch 97: val_loss=0.3667081594467163
Epoch 97: train_loss=0.40247365832328796

[CollapseMonitor] Epoch 97
  [DEBUG] Processed 4 batches from val_dataloader
  [DEBUG] Predictions shape after concat: (199,)
  Pred std: 0.033466, range: 0.126371, mean: 0.095587
  Pos: 100.0%, Neg: 0.0%, Unique: 199
  Dir Acc: 52.26%, Pred Sharpe: 45.3416
  Composite: 0.3979 (dist_match: 0.5226, actual_pos: 52.3%, pred_pos: 100.0%)
  Collapse penalty: 0.000000 (threshold: 0.005000)
  Saved validation predictions to: experiments/12c_h1_rolling/market_only_daily_h1_d025/fold_2024/collapse_monitoring/val_predictions_epoch97.npy
  Gradient norms:
    lstm_encoder: 0.008994
    lstm_decoder: 0.005073
    output_layer: 0.095264
  VSN output std:
    encoder: 0.285961
  Attention entropy: 2.945935
  Saved to: experiments/12c_h1_rolling/market_only_daily_h1_d025/fold_2024/collapse_monitoring/collapse_monitor_latest.json
[DEBUG CollapseMonitor] on_validation_epoch_start called for epoch 98
[DEBUG CollapseMonitor] reset_temporal_state() called on loss function
Epoch 98: val_loss=0.36673322319984436
Epoch 98: train_loss=0.4025432765483856

[CollapseMonitor] Epoch 98
  [DEBUG] Processed 4 batches from val_dataloader
  [DEBUG] Predictions shape after concat: (199,)
  Pred std: 0.033455, range: 0.126331, mean: 0.096350
  Pos: 100.0%, Neg: 0.0%, Unique: 199
  Dir Acc: 52.26%, Pred Sharpe: 45.7180
  Composite: 0.3979 (dist_match: 0.5226, actual_pos: 52.3%, pred_pos: 100.0%)
  Collapse penalty: 0.000000 (threshold: 0.005000)
  Saved validation predictions to: experiments/12c_h1_rolling/market_only_daily_h1_d025/fold_2024/collapse_monitoring/val_predictions_epoch98.npy
  Gradient norms:
    lstm_encoder: 0.008672
    lstm_decoder: 0.004930
    output_layer: 0.096452
  VSN output std:
    encoder: 0.285957
  Attention entropy: 2.946063
  Saved to: experiments/12c_h1_rolling/market_only_daily_h1_d025/fold_2024/collapse_monitoring/collapse_monitor_latest.json
[DEBUG CollapseMonitor] on_validation_epoch_start called for epoch 99
[DEBUG CollapseMonitor] reset_temporal_state() called on loss function
Epoch 99: val_loss=0.3667571544647217
Epoch 99: train_loss=0.40368857979774475

[CollapseMonitor] Epoch 99
  [DEBUG] Processed 4 batches from val_dataloader
  [DEBUG] Predictions shape after concat: (199,)
  Pred std: 0.033353, range: 0.126206, mean: 0.096268
  Pos: 100.0%, Neg: 0.0%, Unique: 198
  Dir Acc: 52.26%, Pred Sharpe: 45.8191
  Composite: 0.3979 (dist_match: 0.5226, actual_pos: 52.3%, pred_pos: 100.0%)
  Collapse penalty: 0.000000 (threshold: 0.005000)
  Saved validation predictions to: experiments/12c_h1_rolling/market_only_daily_h1_d025/fold_2024/collapse_monitoring/val_predictions_epoch99.npy
  Gradient norms:
    lstm_encoder: 0.008597
    lstm_decoder: 0.004518
    output_layer: 0.081872
  VSN output std:
    encoder: 0.285952
  Attention entropy: 2.946039
  Saved to: experiments/12c_h1_rolling/market_only_daily_h1_d025/fold_2024/collapse_monitoring/collapse_monitor_latest.json


======================================================================
Training complete
======================================================================

Best val_loss checkpoint: experiments/12c_h1_rolling/market_only_daily_h1_d025/fold_2024/checkpoints/tft-epoch=epoch=22-valloss=val_loss=0.3548.ckpt
Best validation loss: 0.354804
Checkpoints saved:
  - Best val_loss: experiments/12c_h1_rolling/market_only_daily_h1_d025/fold_2024/checkpoints/tft-epoch=epoch=22-valloss=val_loss=0.3548.ckpt
  - Best pred_std: experiments/12c_h1_rolling/market_only_daily_h1_d025/fold_2024/checkpoints/tft-epoch=epoch=40-predstd=val_pred_std=0.0347.ckpt
  - Best unique: experiments/12c_h1_rolling/market_only_daily_h1_d025/fold_2024/checkpoints/tft-epoch=epoch=02-unique=val_num_unique=199.ckpt
  - Best dir_acc: experiments/12c_h1_rolling/market_only_daily_h1_d025/fold_2024/checkpoints/tft-epoch=epoch=00-diracc=val_dir_acc=0.5226.ckpt
  - Best sharpe: experiments/12c_h1_rolling/market_only_daily_h1_d025/fold_2024/checkpoints/tft-epoch=epoch=10-sharpe=val_sharpe=226.5073.ckpt
  - Best composite: experiments/12c_h1_rolling/market_only_daily_h1_d025/fold_2024/checkpoints/tft-epoch=epoch=24-composite=val_composite=0.4005.ckpt
Completed at: 2025-12-14 05:06:15
Log saved to: experiments/12c_h1_rolling/market_only_daily_h1_d025/fold_2024/training_20251214_045447.log
======================================================================
