{
  "evaluation_timestamp": "2025-10-30T03:29:40.785655",
  "statistical_metrics": {
    "mse": 1.1792421340942383,
    "rmse": 1.0859291553497314,
    "mae": 0.7734365463256836,
    "mape": 127.87644863128662,
    "r2": -0.0021076202392578125,
    "mean_error": -0.0012218371266499162,
    "std_error": 1.0859284400939941
  },
  "financial_metrics": {
    "directional_accuracy": 0.525,
    "sharpe_ratio": 0.8280694825064246,
    "max_drawdown": -0.2360651046037674,
    "total_return": 0.8857160806655884,
    "hit_rate": 0.4890625,
    "num_trades": 1173,
    "precision": 0.5336743393009378,
    "recall": 0.9112081513828238,
    "f1_score": 0.6731182795698925,
    "confusion_matrix": [
      [
        46,
        547
      ],
      [
        61,
        626
      ]
    ],
    "auc_roc": 0.48331946459298314,
    "alpha": -0.03589200973510742
  },
  "residual_diagnostics": {
    "normality_p_value": 1.1942882736535475e-39,
    "acf_lag1": -0.026055839094476924,
    "skewness": -0.014563766703358506,
    "kurtosis": 6.491674293838875
  },
  "mode_stats": {
    "healthy_days": 477,
    "degraded_days": 303,
    "unidirectional_days": 500,
    "weak_collapse_days": 0,
    "strong_collapse_days": 0,
    "total_days": 1280,
    "healthy_pct": 37.265625,
    "degraded_pct": 23.671875,
    "unidirectional_pct": 39.0625,
    "weak_collapse_pct": 0.0,
    "strong_collapse_pct": 0.0
  },
  "collapse_detected": false,
  "degradation_detected": true,
  "checkpoint_used": "experiments/01_staleness_features_fixed/sweep_stale_h18_drop0.15_lr5/checkpoints/tft-epoch=96-val_loss=0.3927.ckpt"
}