{
  "evaluation_timestamp": "2025-10-22T23:16:11.477627",
  "statistical_metrics": {
    "mse": 1.2038472890853882,
    "rmse": 1.09719979763031,
    "mae": 0.7841475009918213,
    "mape": 299.30758476257324,
    "r2": -0.023016810417175293,
    "mean_error": -0.1665600687265396,
    "std_error": 1.0844837427139282
  },
  "financial_metrics": {
    "directional_accuracy": 0.53671875,
    "sharpe_ratio": 0.8329736080938573,
    "max_drawdown": -0.2524605989456177,
    "total_return": 0.9216080904006958,
    "hit_rate": 0.53671875,
    "num_trades": 1280,
    "precision": 0.53671875,
    "recall": 1.0,
    "f1_score": 0.6985256736146417,
    "confusion_matrix": [
      [
        0,
        593
      ],
      [
        0,
        687
      ]
    ],
    "auc_roc": 0.5165725310573871,
    "alpha": 0.0
  },
  "residual_diagnostics": {
    "normality_p_value": 3.4867137116231316e-40,
    "acf_lag1": -0.0368275187384593,
    "skewness": 0.08331192081271549,
    "kurtosis": 6.545241950053375
  },
  "checkpoint_used": "experiments/sweep_stale_h18_drop0.15_lr5/checkpoints/tft-epoch=00-val_loss=0.0768.ckpt"
}