{
  "evaluation_timestamp": "2025-10-30T03:29:09.336635",
  "statistical_metrics": {
    "mse": 1.1756021976470947,
    "rmse": 1.084251880645752,
    "mae": 0.7729655504226685,
    "mape": 142.55422353744507,
    "r2": 0.0009856224060058594,
    "mean_error": -0.0060647414065897465,
    "std_error": 1.0842349529266357
  },
  "financial_metrics": {
    "directional_accuracy": 0.53671875,
    "sharpe_ratio": 0.8329736080938573,
    "max_drawdown": -0.2524605989456177,
    "total_return": 0.9216080904006958,
    "hit_rate": 0.53671875,
    "num_trades": 1280,
    "precision": 0.53671875,
    "recall": 1.0,
    "f1_score": 0.6985256736146417,
    "confusion_matrix": [
      [
        0,
        593
      ],
      [
        0,
        687
      ]
    ],
    "auc_roc": 0.4745625210178919,
    "alpha": 0.0
  },
  "residual_diagnostics": {
    "normality_p_value": 2.5502241388517756e-39,
    "acf_lag1": -0.03458256162507979,
    "skewness": 0.02649624194325689,
    "kurtosis": 6.406738965172462
  },
  "mode_stats": {
    "healthy_days": 30,
    "degraded_days": 0,
    "unidirectional_days": 1193,
    "weak_collapse_days": 37,
    "strong_collapse_days": 20,
    "total_days": 1280,
    "healthy_pct": 2.34375,
    "degraded_pct": 0.0,
    "unidirectional_pct": 93.203125,
    "weak_collapse_pct": 2.890625,
    "strong_collapse_pct": 1.5625
  },
  "collapse_detected": true,
  "degradation_detected": true,
  "checkpoint_used": "experiments/01_staleness_features_fixed/sweep_stale_h16_drop0.35_lr3/checkpoints/tft-epoch=99-val_loss=0.3977.ckpt"
}