{
  "evaluation_timestamp": "2025-10-22T23:16:05.337649",
  "statistical_metrics": {
    "mse": 1.1782796382904053,
    "rmse": 1.0854859352111816,
    "mae": 0.772516667842865,
    "mape": 149.52919483184814,
    "r2": -0.0012896060943603516,
    "mean_error": -0.010971310548484325,
    "std_error": 1.085430383682251
  },
  "financial_metrics": {
    "directional_accuracy": 0.53125,
    "sharpe_ratio": 0.7585817935171956,
    "max_drawdown": -0.2524605989456177,
    "total_return": 0.7935405969619751,
    "hit_rate": 0.528125,
    "num_trades": 1265,
    "precision": 0.5343873517786562,
    "recall": 0.9839883551673945,
    "f1_score": 0.6926229508196721,
    "confusion_matrix": [
      [
        4,
        589
      ],
      [
        11,
        676
      ]
    ],
    "auc_roc": 0.51449467464917,
    "alpha": -0.1280674934387207
  },
  "residual_diagnostics": {
    "normality_p_value": 1.5671712941594497e-40,
    "acf_lag1": -0.035280989922310886,
    "skewness": 0.10688944338367341,
    "kurtosis": 6.579192878738413
  },
  "checkpoint_used": "experiments/sweep_stale_h16_drop0.35_lr3/checkpoints/tft-epoch=02-val_loss=0.1556.ckpt"
}