{
  "evaluation_timestamp": "2025-10-27T12:04:27.373868",
  "statistical_metrics": {
    "mse": 1.1782796382904053,
    "rmse": 1.0854859352111816,
    "mae": 0.7725166082382202,
    "mape": 149.52921867370605,
    "r2": -0.0012897253036499023,
    "mean_error": -0.010971312411129475,
    "std_error": 1.085430383682251
  },
  "financial_metrics": {
    "directional_accuracy": 0.53125,
    "sharpe_ratio": 0.7585817935171956,
    "max_drawdown": -0.2524605989456177,
    "total_return": 0.7935405969619751,
    "hit_rate": 0.528125,
    "num_trades": 1265,
    "precision": 0.5343873517786562,
    "recall": 0.9839883551673945,
    "f1_score": 0.6926229508196721,
    "confusion_matrix": [
      [
        4,
        589
      ],
      [
        11,
        676
      ]
    ],
    "auc_roc": 0.51449467464917,
    "alpha": -0.1280674934387207
  },
  "residual_diagnostics": {
    "normality_p_value": 1.5671712941594497e-40,
    "acf_lag1": -0.03528098903261034,
    "skewness": 0.10688944338367341,
    "kurtosis": 6.579192878738413
  },
  "mode_stats": {
    "healthy_days": 40,
    "degraded_days": 62,
    "unidirectional_days": 844,
    "weak_collapse_days": 290,
    "strong_collapse_days": 44,
    "total_days": 1280,
    "healthy_pct": 3.125,
    "degraded_pct": 4.84375,
    "unidirectional_pct": 65.9375,
    "weak_collapse_pct": 22.65625,
    "strong_collapse_pct": 3.4375000000000004
  },
  "collapse_detected": true,
  "degradation_detected": true,
  "checkpoint_used": "experiments/01_staleness_features_fixed/sweep_stale_h16_drop0.35_lr3/checkpoints/tft-epoch=02-val_loss=0.1556.ckpt"
}