{
  "period_statistics": {
    "2020": {
      "n_samples": 92,
      "entropy_mean": 2.994433641433716,
      "entropy_std": 0.0009746069554239511,
      "attention_concentration": 0.05005109682679176,
      "top_features": [
        [
          "t-19",
          0.05245049670338631
        ],
        [
          "t-18",
          0.052364785224199295
        ],
        [
          "t-17",
          0.05200925096869469
        ],
        [
          "t-16",
          0.0516192652285099
        ],
        [
          "t-15",
          0.05126437917351723
        ]
      ],
      "mean_attention": [
        0.05099911615252495,
        0.05245049670338631,
        0.052364785224199295,
        0.05200925096869469,
        0.0516192652285099,
        0.05126437917351723,
        0.05095156282186508,
        0.05066916346549988,
        0.05042039975523949,
        0.05020064860582352,
        0.0500074103474617,
        0.04983336851000786,
        0.049667902290821075,
        0.04939723014831543,
        0.04910259321331978,
        0.04880952462553978,
        0.04844783619046211,
        0.04795943573117256,
        0.04731430113315582,
        0.04651125520467758
      ],
      "std_attention": [
        0.0020411673467606306,
        0.0019926056265830994,
        0.0019446301739662886,
        0.0018683781381696463,
        0.0017902724212035537,
        0.0017236070707440376,
        0.001666856580413878,
        0.0016233769711107016,
        0.0016003868076950312,
        0.0016093653393909335,
        0.0016327699413523078,
        0.0016720735002309084,
        0.0017192100640386343,
        0.0019302524160593748,
        0.002128651598468423,
        0.00220250035636127,
        0.002279191743582487,
        0.002360816113650799,
        0.0024446286261081696,
        0.0025329526979476213
      ]
    },
    "2021": {
      "n_samples": 250,
      "entropy_mean": 2.9900145530700684,
      "entropy_std": 0.005609072744846344,
      "attention_concentration": 0.05027516931295395,
      "top_features": [
        [
          "t-18",
          0.05366624519228935
        ],
        [
          "t-19",
          0.053557004779577255
        ],
        [
          "t-17",
          0.05354112386703491
        ],
        [
          "t-16",
          0.0533766895532608
        ],
        [
          "t-15",
          0.05316988378763199
        ]
      ],
      "mean_attention": [
        0.052481699734926224,
        0.053557004779577255,
        0.05366624519228935,
        0.05354112386703491,
        0.0533766895532608,
        0.05316988378763199,
        0.05291067808866501,
        0.05260200425982475,
        0.052228864282369614,
        0.05178782716393471,
        0.05127241089940071,
        0.05065031722187996,
        0.04990226402878761,
        0.0490809865295887,
        0.048119835555553436,
        0.04699227958917618,
        0.04572799429297447,
        0.04436754062771797,
        0.04296603426337242,
        0.04159840568900108
      ],
      "std_attention": [
        0.003368097823113203,
        0.003419784363359213,
        0.0033941033761948347,
        0.003365706419572234,
        0.00340021844021976,
        0.00348125072196126,
        0.003579559735953808,
        0.0036918616387993097,
        0.003793419571593404,
        0.0038814099971204996,
        0.003946278244256973,
        0.003973131533712149,
        0.003971949685364962,
        0.003924539778381586,
        0.003876274451613426,
        0.003852177644148469,
        0.003858598880469799,
        0.0038728718645870686,
        0.003886173013597727,
        0.0038852072320878506
      ]
    },
    "2022": {
      "n_samples": 249,
      "entropy_mean": 2.9832708835601807,
      "entropy_std": 0.01228429190814495,
      "attention_concentration": 0.050570420920848846,
      "top_features": [
        [
          "t-18",
          0.05781543627381325
        ],
        [
          "t-19",
          0.057681962847709656
        ],
        [
          "t-17",
          0.05706775188446045
        ],
        [
          "t-20",
          0.05662815645337105
        ],
        [
          "t-16",
          0.05601781606674194
        ]
      ],
      "mean_attention": [
        0.05662815645337105,
        0.057681962847709656,
        0.05781543627381325,
        0.05706775188446045,
        0.05601781606674194,
        0.054896049201488495,
        0.05374107509851456,
        0.05253097042441368,
        0.05134982988238335,
        0.05019981041550636,
        0.049048688262701035,
        0.04795371741056442,
        0.046931736171245575,
        0.04598330333828926,
        0.04515090584754944,
        0.044411350041627884,
        0.04380331188440323,
        0.04328874126076698,
        0.042882222682237625,
        0.042617134749889374
      ],
      "std_attention": [
        0.006872635334730148,
        0.00670049199834466,
        0.006347017828375101,
        0.006010608281940222,
        0.005684216506779194,
        0.0053627402521669865,
        0.005096308887004852,
        0.004946217406541109,
        0.004853491205722094,
        0.0048532625660300255,
        0.004904968664050102,
        0.00501212477684021,
        0.005178320221602917,
        0.005376061424612999,
        0.005620868410915136,
        0.0058650728315114975,
        0.0061190128326416016,
        0.006353551987558603,
        0.006578376516699791,
        0.006809534039348364
      ]
    },
    "2023": {
      "n_samples": 249,
      "entropy_mean": 2.9923131465911865,
      "entropy_std": 0.0034322217106819153,
      "attention_concentration": 0.05005399137735367,
      "top_features": [
        [
          "t-13",
          0.05129139497876167
        ],
        [
          "t-14",
          0.051265936344861984
        ],
        [
          "t-20",
          0.05124516785144806
        ],
        [
          "t-12",
          0.05122717097401619
        ],
        [
          "t-15",
          0.051218122243881226
        ]
      ],
      "mean_attention": [
        0.05124516785144806,
        0.05101931840181351,
        0.05102934315800667,
        0.05104270949959755,
        0.05113079398870468,
        0.051218122243881226,
        0.051265936344861984,
        0.05129139497876167,
        0.05122717097401619,
        0.05109010264277458,
        0.05091690272092819,
        0.05066927522420883,
        0.05034775659441948,
        0.0499330535531044,
        0.04943768307566643,
        0.04887834191322327,
        0.048212043941020966,
        0.047481290996074677,
        0.04669627547264099,
        0.04586739465594292
      ],
      "std_attention": [
        0.0043999324552714825,
        0.004219448193907738,
        0.003985237795859575,
        0.003755380166694522,
        0.0035747780930250883,
        0.003439476015046239,
        0.00334917102009058,
        0.003249222645536065,
        0.0032248564530164003,
        0.0032375198788940907,
        0.003290283028036356,
        0.003376531880348921,
        0.0034836181439459324,
        0.003615599824115634,
        0.0037684051785618067,
        0.003923411481082439,
        0.004071475937962532,
        0.0042059835977852345,
        0.004295848775655031,
        0.004357572179287672
      ]
    },
    "2024": {
      "n_samples": 250,
      "entropy_mean": 2.9915850162506104,
      "entropy_std": 0.005162000190466642,
      "attention_concentration": 0.0500284880399704,
      "top_features": [
        [
          "t-9",
          0.0511709526181221
        ],
        [
          "t-10",
          0.05115647241473198
        ],
        [
          "t-11",
          0.05108053237199783
        ],
        [
          "t-8",
          0.05101422592997551
        ],
        [
          "t-12",
          0.05095444247126579
        ]
      ],