{
  "period_statistics": {
    "2020": {
      "n_samples": 92,
      "entropy_mean": 2.5482211112976074,
      "entropy_std": 0.2816440165042877,
      "attention_concentration": 0.07982109487056732,
      "top_features": [
        [
          "t-20",
          0.21184244751930237
        ],
        [
          "t-19",
          0.07978305220603943
        ],
        [
          "t-1",
          0.05377631261944771
        ],
        [
          "t-18",
          0.05086052790284157
        ],
        [
          "t-2",
          0.049000464379787445
        ]
      ],
      "mean_attention": [
        0.21184244751930237,
        0.07978305220603943,
        0.05086052790284157,
        0.04052141308784485,
        0.036181241273880005,
        0.03443347290158272,
        0.03393866494297981,
        0.033813122659921646,
        0.03406444564461708,
        0.03412706404924393,
        0.03440525010228157,
        0.034792784601449966,
        0.03544877469539642,
        0.03669529780745506,
        0.03820549324154854,
        0.04019801691174507,
        0.042435549199581146,
        0.04547669738531113,
        0.049000464379787445,
        0.05377631261944771
      ],
      "std_attention": [
        0.1322086751461029,
        0.06272837519645691,
        0.038943782448768616,
        0.028175681829452515,
        0.0237949900329113,
        0.0228445902466774,
        0.023842327296733856,
        0.024677779525518417,
        0.025471467524766922,
        0.025663459673523903,
        0.026247641071677208,
        0.02686811424791813,
        0.028069378808140755,
        0.029445713385939598,
        0.03126177564263344,
        0.03438163176178932,
        0.038402337580919266,
        0.04490557685494423,
        0.05434921756386757,
        0.07009363919496536
      ]
    },
    "2021": {
      "n_samples": 250,
      "entropy_mean": 2.791748523712158,
      "entropy_std": 0.2827340364456177,
      "attention_concentration": 0.0580645352602005,
      "top_features": [
        [
          "t-20",
          0.1359471082687378
        ],
        [
          "t-19",
          0.05935307592153549
        ],
        [
          "t-1",
          0.050997667014598846
        ],
        [
          "t-2",
          0.04822985455393791
        ],
        [
          "t-18",
          0.047486744821071625
        ]
      ],
      "mean_attention": [
        0.1359471082687378,
        0.05935307592153549,
        0.047486744821071625,
        0.044276800006628036,
        0.0434480682015419,
        0.043043579906225204,
        0.04301154986023903,
        0.04302016273140907,
        0.042950473725795746,
        0.042986974120140076,
        0.043182265013456345,
        0.04347536340355873,
        0.04379740729928017,
        0.043962061405181885,
        0.04419219121336937,
        0.044628653675317764,
        0.0454077273607254,
        0.04660223051905632,
        0.04822985455393791,
        0.050997667014598846
      ],
      "std_attention": [
        0.10696104168891907,
        0.04014349728822708,
        0.024332202970981598,
        0.02125784568488598,
        0.021638939157128334,
        0.021339567378163338,
        0.022428609430789948,
        0.022673917934298515,
        0.022393113002181053,
        0.022134730592370033,
        0.02234484814107418,
        0.022792605683207512,
        0.023136097937822342,
        0.023289138451218605,
        0.023864848539233208,
        0.02511345036327839,
        0.026780281215906143,
        0.030859213322401047,
        0.03693757951259613,
        0.049419865012168884
      ]
    },
    "2022": {
      "n_samples": 249,
      "entropy_mean": 2.476818084716797,
      "entropy_std": 0.3593790829181671,
      "attention_concentration": 0.09871194511651993,
      "top_features": [
        [
          "t-20",
          0.2595999836921692
        ],
        [
          "t-19",
          0.08345533162355423
        ],
        [
          "t-18",
          0.048455409705638885
        ],
        [
          "t-1",
          0.04528801143169403
        ],
        [
          "t-2",
          0.042391303926706314
        ]
      ],
      "mean_attention": [
        0.2595999836921692,
        0.08345533162355423,
        0.048455409705638885,
        0.03778921812772751,
        0.03401720151305199,
        0.03276869282126427,
        0.03251469135284424,
        0.032566703855991364,
        0.03270265832543373,
        0.032865043729543686,
        0.033200718462467194,
        0.03354600444436073,
        0.034084856510162354,
        0.034715600311756134,
        0.03554604947566986,
        0.0366661511361599,
        0.03798336163163185,
        0.039842959493398666,
        0.042391303926706314,
        0.04528801143169403
      ],
      "std_attention": [
        0.16962090134620667,
        0.06187257915735245,
        0.03133425489068031,
        0.021612446755170822,
        0.019610926508903503,
        0.02014079876244068,
        0.021282048895955086,
        0.021892784163355827,
        0.022043535485863686,
        0.02213372476398945,
        0.022800981998443604,
        0.023857224732637405,
        0.0251888670027256,
        0.026677146553993225,
        0.028194334357976913,
        0.030356261879205704,
        0.03327621892094612,
        0.03819158300757408,
        0.04629625380039215,
        0.058138635009527206
      ]
    },
    "2023": {
      "n_samples": 249,
      "entropy_mean": 2.9400291442871094,
      "entropy_std": 0.06141505390405655,
      "attention_concentration": 0.05530187487602234,
      "top_features": [
        [
          "t-20",
          0.12023908644914627
        ],
        [
          "t-19",
          0.05613957345485687
        ],
        [
          "t-18",
          0.04789779335260391
        ],
        [
          "t-1",
          0.045912954956293106
        ],
        [
          "t-3",
          0.04589694365859032
        ]
      ],
      "mean_attention": [
        0.12023908644914627,
        0.05613957345485687,
        0.04789779335260391,
        0.04579602926969528,
        0.04510408267378807,
        0.04496728256344795,
        0.04508586227893829,
        0.04525436460971832,
        0.04544861614704132,
        0.04562933370471001,
        0.04572826996445656,
        0.04577367380261421,
        0.04579780995845795,
        0.045827172696590424,
        0.045878853648900986,
        0.04586929455399513,
        0.04586891457438469,
        0.04589694365859032,
        0.04588405415415764,
        0.045912954956293106
      ],
      "std_attention": [
        0.041660189628601074,
        0.009960999712347984,
        0.0072491588070988655,
        0.006855743937194347,
        0.006588304415345192,
        0.0064583420753479,
        0.006392606534063816,
        0.0062980675138533115,
        0.006277340929955244,
        0.00635882094502449,
        0.006506054196506739,
        0.006639047060161829,
        0.006771597545593977,
        0.00687805050984025,
        0.00716411042958498,
        0.007519673090428114,
        0.007869684137403965,
        0.008570699952542782,
        0.009030562825500965,
        0.009931824170053005
      ]
    },
    "2024": {
      "n_samples": 250,
      "entropy_mean": 2.879077196121216,
      "entropy_std": 0.17573246359825134,
      "attention_concentration": 0.05993550643324852,
      "top_features": [
        [
          "t-20",
          0.1457420140504837
        ],
        [
          "t-19",
          0.05520613119006157
        ],
        [
          "t-1",
          0.051055073738098145
        ],
        [
          "t-2",
          0.049457304179668427
        ],
        [
          "t-3",
          0.048277053982019424
        ]
      ],