{
  "evaluation_timestamp": "2025-10-30T03:30:32.315765",
  "statistical_metrics": {
    "mse": 1.173645257949829,
    "rmse": 1.0833491086959839,
    "mae": 0.7734812498092651,
    "mape": 118.35364103317261,
    "r2": 0.0026485323905944824,
    "mean_error": 0.01504460908472538,
    "std_error": 1.0832446813583374
  },
  "financial_metrics": {
    "directional_accuracy": 0.53125,
    "sharpe_ratio": 0.8126342723578732,
    "max_drawdown": -0.23709669709205627,
    "total_return": 0.8728101253509521,
    "hit_rate": 0.509375,
    "num_trades": 1217,
    "precision": 0.5357436318816763,
    "recall": 0.9490538573508006,
    "f1_score": 0.6848739495798319,
    "confusion_matrix": [
      [
        28,
        565
      ],
      [
        35,
        652
      ]
    ],
    "auc_roc": 0.4892179748693516,
    "alpha": -0.04879796504974365
  },
  "residual_diagnostics": {
    "normality_p_value": 9.474052958420428e-39,
    "acf_lag1": -0.030687622867415273,
    "skewness": -0.021426088081486466,
    "kurtosis": 6.273834696055056
  },
  "mode_stats": {
    "healthy_days": 525,
    "degraded_days": 55,
    "unidirectional_days": 639,
    "weak_collapse_days": 13,
    "strong_collapse_days": 48,
    "total_days": 1280,
    "healthy_pct": 41.015625,
    "degraded_pct": 4.296875,
    "unidirectional_pct": 49.921875,
    "weak_collapse_pct": 1.015625,
    "strong_collapse_pct": 3.75
  },
  "collapse_detected": true,
  "degradation_detected": true,
  "checkpoint_used": "experiments/01_staleness_features_fixed/sweep_stale_h18_drop0.30_lr3/checkpoints/tft-epoch=96-val_loss=0.3959.ckpt"
}