{
  "evaluation_timestamp": "2025-10-22T23:16:21.494733",
  "statistical_metrics": {
    "mse": 1.1907283067703247,
    "rmse": 1.0912050008773804,
    "mae": 0.7778507471084595,
    "mape": 254.194974899292,
    "r2": -0.01186835765838623,
    "mean_error": -0.12007749080657959,
    "std_error": 1.0845781564712524
  },
  "financial_metrics": {
    "directional_accuracy": 0.53671875,
    "sharpe_ratio": 0.8329736080938573,
    "max_drawdown": -0.2524605989456177,
    "total_return": 0.9216080904006958,
    "hit_rate": 0.53671875,
    "num_trades": 1280,
    "precision": 0.53671875,
    "recall": 1.0,
    "f1_score": 0.6985256736146417,
    "confusion_matrix": [
      [
        0,
        593
      ],
      [
        0,
        687
      ]
    ],
    "auc_roc": 0.5221654381171896,
    "alpha": 0.0
  },
  "residual_diagnostics": {
    "normality_p_value": 3.2435614596478035e-40,
    "acf_lag1": -0.036691188066895204,
    "skewness": 0.08725520119651639,
    "kurtosis": 6.545266020499984
  },
  "checkpoint_used": "experiments/sweep_stale_h18_drop0.30_lr3/checkpoints/tft-epoch=01-val_loss=0.0715.ckpt"
}