{
  "evaluation_timestamp": "2025-10-27T12:04:48.888747",
  "statistical_metrics": {
    "mse": 1.1907283067703247,
    "rmse": 1.0912050008773804,
    "mae": 0.7778507471084595,
    "mape": 254.19490337371826,
    "r2": -0.01186835765838623,
    "mean_error": -0.12007741630077362,
    "std_error": 1.084578037261963
  },
  "financial_metrics": {
    "directional_accuracy": 0.53671875,
    "sharpe_ratio": 0.8329736080938573,
    "max_drawdown": -0.2524605989456177,
    "total_return": 0.9216080904006958,
    "hit_rate": 0.53671875,
    "num_trades": 1280,
    "precision": 0.53671875,
    "recall": 1.0,
    "f1_score": 0.6985256736146417,
    "confusion_matrix": [
      [
        0,
        593
      ],
      [
        0,
        687
      ]
    ],
    "auc_roc": 0.5221642107950347,
    "alpha": 0.0
  },
  "residual_diagnostics": {
    "normality_p_value": 3.243446948912393e-40,
    "acf_lag1": -0.036691189760581555,
    "skewness": 0.08725513428542138,
    "kurtosis": 6.545269889836797
  },
  "mode_stats": {
    "healthy_days": 29,
    "degraded_days": 0,
    "unidirectional_days": 179,
    "weak_collapse_days": 1072,
    "strong_collapse_days": 0,
    "total_days": 1280,
    "healthy_pct": 2.265625,
    "degraded_pct": 0.0,
    "unidirectional_pct": 13.984374999999998,
    "weak_collapse_pct": 83.75,
    "strong_collapse_pct": 0.0
  },
  "collapse_detected": true,
  "degradation_detected": true,
  "checkpoint_used": "experiments/01_staleness_features_fixed/sweep_stale_h18_drop0.30_lr3/checkpoints/tft-epoch=01-val_loss=0.0715.ckpt"
}