{
  "evaluation_timestamp": "2025-11-01T23:59:31.904146",
  "statistical_metrics": {
    "mse": 1.1713770627975464,
    "rmse": 1.0823017358779907,
    "mae": 0.7711277604103088,
    "mape": 125.91636180877686,
    "r2": 0.003070831298828125,
    "mean_error": -0.011446287855505943,
    "std_error": 1.082241177558899
  },
  "financial_metrics": {
    "directional_accuracy": 0.5249609984399376,
    "sharpe_ratio": 0.8044688512141055,
    "max_drawdown": -0.22179098427295685,
    "total_return": 0.8514081239700317,
    "hit_rate": 0.5031201248049922,
    "num_trades": 1210,
    "precision": 0.5330578512396694,
    "recall": 0.9361393323657474,
    "f1_score": 0.6793048973143759,
    "confusion_matrix": [
      [
        28,
        565
      ],
      [
        44,
        645
      ]
    ],
    "auc_roc": 0.5034350930179624,
    "alpha": -0.07984757423400879
  },
  "residual_diagnostics": {
    "normality_p_value": 1.3517952719696183e-38,
    "acf_lag1": -0.02704159782301644,
    "skewness": -0.024273207591255393,
    "kurtosis": 6.22291580887328
  },
  "mode_stats": {
    "healthy_days": 374,
    "degraded_days": 183,
    "unidirectional_days": 725,
    "weak_collapse_days": 0,
    "strong_collapse_days": 0,
    "total_days": 1282,
    "healthy_pct": 29.17316692667707,
    "degraded_pct": 14.274570982839313,
    "unidirectional_pct": 56.552262090483616,
    "weak_collapse_pct": 0.0,
    "strong_collapse_pct": 0.0
  },
  "collapse_detected": false,
  "degradation_detected": true,
  "checkpoint_used": "experiments/02_vintage_baseline/staleness_vintage_h14_drop0.20_lr5/checkpoints/tft-epoch=50-val_loss=0.4000.ckpt"
}