
[INFO] Using AUTO device selection.

[INFO] Patched matplotlib.Axes.errorbar to abs() negative yerr for robustness.
======================================================================
Training TFT: 05b_regime_with_penalties/vix2r_d025_t15_dirw2
======================================================================
Logging to: experiments/05b_regime_with_penalties/vix2r_d025_t15_dirw2/training_20251129_002828.log
Started at: 2025-11-29 00:28:28
======================================================================
Configuration saved to: experiments/05b_regime_with_penalties/vix2r_d025_t15_dirw2/config.json

Loading data splits...
Train: 6074 samples
Val: 1302 samples
Test: 1302 samples

Preparing TimeSeriesDataSet...

Dropping source columns (used for staleness only): ['CPI']

Final features for TFT: ['SP500_Returns', 'VIX', 'Treasury_10Y', 'Yield_Spread', 'Inflation_YoY']

======================================================================
FEATURE STATISTICS - BEFORE NORMALIZATION
======================================================================
VIX                             mean= 19.7438  std=  8.0295  min=  9.3100  max= 80.8600
Treasury_10Y                    mean=  4.7672  std=  1.6903  min=  1.4300  max=  8.3600
Yield_Spread                    mean=  1.2778  std=  0.9179  min= -0.5200  max=  2.9100
Inflation_YoY                   mean=  2.5322  std=  1.1865  min= -2.1498  max=  6.7300

======================================================================
FEATURES AFTER GROUPNORMALIZER (first batch, last timestep)
======================================================================
VIX                             normalized_value=  1.0000
Treasury_10Y                    normalized_value= -0.0500
Yield_Spread                    normalized_value=  0.0817
Inflation_YoY                   normalized_value=  0.8774
======================================================================

[DEBUG] VIX train values: [28.95 30.38 33.3  31.33 32.63]
[DEBUG] VIX val values: [14.31 15.15 15.13 12.86 13.85]
Batches per epoch: 94
[DEBUG] Validation batches: 21
[DEBUG] Validation dataset size: 1282
[DEBUG] Batch size: 64

Initializing model...

Active loss penalties: directional_diversity=2.0 (threshold=90%)

[REGIME OUTPUT] Replaced output layer:
  Mode: learned
  Strategy: vix_threshold
  VIX threshold: 15.0
  Experts: 2 x Linear
  Training routing: soft
  Load balance weight: 0.0
  Parameters: {'total': 272, 'experts': 238, 'router': 34, 'expert_type': 'linear', 'expert_hidden_size': 0}

[REGIME OUTPUT] Enabled with 2 regimes, mode=learned, strategy=vix_threshold, training=soft

================================================================================
BASELINE MODEL FEATURE CONFIGURATION (after from_dataset)
================================================================================
tft.hparams.time_varying_reals_encoder: ['relative_time_idx', 'VIX', 'Treasury_10Y', 'Yield_Spread', 'Inflation_YoY']
  Count: 5

tft.hparams.time_varying_reals_decoder: ['relative_time_idx']
  Count: 1

tft.hparams.x_reals (all reals passed to model): ['encoder_length', 'relative_time_idx', 'VIX', 'Treasury_10Y', 'Yield_Spread', 'Inflation_YoY']
  Count: 6

Encoder VSN configuration:
  num_inputs: 5
  input_sizes: {'relative_time_idx': 16, 'VIX': 16, 'Treasury_10Y': 16, 'Yield_Spread': 16, 'Inflation_YoY': 16}
  flattened_grn.fc1: in_features=80, out_features=5
  -> Params in fc1: 400 (should be 5*16*5=400 if 5 features)
================================================================================

Model parameters: 22,768

Starting training...
Checkpoints will be saved to: experiments/05b_regime_with_penalties/vix2r_d025_t15_dirw2/checkpoints/
Logs will be saved to: experiments/05b_regime_with_penalties/vix2r_d025_t15_dirw2/logs/

[DEBUG CollapseMonitor] on_validation_epoch_start called for epoch 0
[DEBUG CollapseMonitor] reset_temporal_state() called on loss function
[DEBUG] VIX routing - batch vix: min=11.9, max=40.7, mean=16.3
Epoch 0: val_loss=N/A
[DEBUG CollapseMonitor] on_validation_epoch_start called for epoch 0
[DEBUG CollapseMonitor] reset_temporal_state() called on loss function
Epoch 0: val_loss=0.8754931092262268
Epoch 0: train_loss=1.1298741102218628

[CollapseMonitor] Epoch 0
  [DEBUG] Processed 21 batches from val_dataloader
  [DEBUG] Predictions shape after concat: (1282,)
  [DEBUG] All predictions list length: 21
  [DEBUG] First batch shape: (64,)
  Pred std: 0.149119, range: 1.019375, mean: -0.056009
  Pos: 16.3%, Neg: 83.7%, Unique: 1269
  Collapse penalty: 0.000000 (threshold: 0.005000)
  Directional penalty: 0.010000 (weight: 2.00, threshold: 0.90)
  Saved validation predictions to: experiments/05b_regime_with_penalties/vix2r_d025_t15_dirw2/collapse_monitoring/val_predictions_epoch0.npy
  Gradient norms:
    lstm_encoder: 0.016046
    lstm_decoder: 0.024444
    output_layer: 0.486930
  VSN output std:
    encoder: 0.159170
  Attention entropy: 2.990839
  Regime diagnostics:
    Routing entropy: 0.0000 (normalized: 0.0000)
    Dominant regime: 67.8%
    Regime assignments: 0=67.8%, 1=32.2%
    Avg routing weights: R0=0.6781, R1=0.3219
    Expert 0: std=0.027089, mean=-0.165019
      WARNING: Expert 0 collapsed (std < 0.05)
    Expert 1: std=0.097874, mean=-0.006099
    VIX correlation (regime_1): 0.790
  Expert weight divergence (0 vs 1): diff=2.1480, cosine=-0.0754
    INFO: Good expert divergence (cosine < 0.5) - experts learning different functions
  Saved to: experiments/05b_regime_with_penalties/vix2r_d025_t15_dirw2/collapse_monitoring/collapse_monitor_epoch0.json
[DEBUG] VIX routing - batch vix: min=10.8, max=43.0, mean=18.4
[DEBUG CollapseMonitor] on_validation_epoch_start called for epoch 1
[DEBUG CollapseMonitor] reset_temporal_state() called on loss function
Epoch 1: val_loss=0.675332248210907
Epoch 1: train_loss=0.9189627766609192

[CollapseMonitor] Epoch 1
  [DEBUG] Processed 21 batches from val_dataloader
  [DEBUG] Predictions shape after concat: (1282,)
  [DEBUG] All predictions list length: 21
  [DEBUG] First batch shape: (64,)
  Pred std: 0.392305, range: 0.860156, mean: 0.000283
  Pos: 56.5%, Neg: 43.5%, Unique: 1265
  Collapse penalty: 0.000000 (threshold: 0.005000)
  Directional penalty: 0.010000 (weight: 2.00, threshold: 0.90)
  Saved validation predictions to: experiments/05b_regime_with_penalties/vix2r_d025_t15_dirw2/collapse_monitoring/val_predictions_epoch1.npy
  Gradient norms:
    lstm_encoder: 0.012604
    lstm_decoder: 0.022075
    output_layer: 0.397355
  VSN output std:
    encoder: 0.168894
  Attention entropy: 2.989528
  Regime diagnostics:
    Routing entropy: 0.0000 (normalized: 0.0000)
    Dominant regime: 67.8%
    Regime assignments: 0=67.8%, 1=32.2%
    Avg routing weights: R0=0.6781, R1=0.3219
    Expert 0: std=0.021250, mean=0.258205
      WARNING: Expert 0 collapsed (std < 0.05)
    Expert 1: std=0.043394, mean=-0.414942
      WARNING: Expert 1 collapsed (std < 0.05)
    VIX correlation (regime_1): 0.790
  Expert weight divergence (0 vs 1): diff=2.1436, cosine=-0.0713
    INFO: Good expert divergence (cosine < 0.5) - experts learning different functions
  Saved to: experiments/05b_regime_with_penalties/vix2r_d025_t15_dirw2/collapse_monitoring/collapse_monitor_epoch1.json
[DEBUG] VIX routing - batch vix: min=9.9, max=66.3, mean=19.2
[DEBUG CollapseMonitor] on_validation_epoch_start called for epoch 2
[DEBUG CollapseMonitor] reset_temporal_state() called on loss function
Epoch 2: val_loss=0.5508071780204773
Epoch 2: train_loss=0.6779798269271851

[CollapseMonitor] Epoch 2
  [DEBUG] Processed 21 batches from val_dataloader
  [DEBUG] Predictions shape after concat: (1282,)
  [DEBUG] All predictions list length: 21
  [DEBUG] First batch shape: (64,)
  Pred std: 0.364494, range: 0.786707, mean: 0.054425
  Pos: 55.8%, Neg: 44.2%, Unique: 1267
  Collapse penalty: 0.000000 (threshold: 0.005000)
  Directional penalty: 0.010000 (weight: 2.00, threshold: 0.90)
  Saved validation predictions to: experiments/05b_regime_with_penalties/vix2r_d025_t15_dirw2/collapse_monitoring/val_predictions_epoch2.npy
  Gradient norms:
    lstm_encoder: 0.007829
    lstm_decoder: 0.011134
    output_layer: 0.276207
  VSN output std:
    encoder: 0.173605
  Attention entropy: 2.989131
  Regime diagnostics:
    Routing entropy: 0.0000 (normalized: 0.0000)
    Dominant regime: 67.8%
    Regime assignments: 0=67.8%, 1=32.2%
    Avg routing weights: R0=0.6781, R1=0.3219
    Expert 0: std=0.014745, mean=0.291170
      WARNING: Expert 0 collapsed (std < 0.05)
    Expert 1: std=0.026984, mean=-0.343566
      WARNING: Expert 1 collapsed (std < 0.05)
    VIX correlation (regime_1): 0.790
  Expert weight divergence (0 vs 1): diff=2.1338, cosine=-0.0557
    INFO: Good expert divergence (cosine < 0.5) - experts learning different functions
  Saved to: experiments/05b_regime_with_penalties/vix2r_d025_t15_dirw2/collapse_monitoring/collapse_monitor_epoch2.json
[DEBUG] VIX routing - batch vix: min=10.8, max=41.4, mean=20.1
[DEBUG CollapseMonitor] on_validation_epoch_start called for epoch 3
[DEBUG CollapseMonitor] reset_temporal_state() called on loss function
Epoch 3: val_loss=0.4643588364124298
Epoch 3: train_loss=0.5424331426620483

[CollapseMonitor] Epoch 3
  [DEBUG] Processed 21 batches from val_dataloader
  [DEBUG] Predictions shape after concat: (1282,)
  [DEBUG] All predictions list length: 21
  [DEBUG] First batch shape: (64,)
  Pred std: 0.177587, range: 0.398474, mean: 0.018803
  Pos: 55.8%, Neg: 44.2%, Unique: 1260
  Collapse penalty: 0.000000 (threshold: 0.005000)
  Directional penalty: 0.010000 (weight: 2.00, threshold: 0.90)
  Saved validation predictions to: experiments/05b_regime_with_penalties/vix2r_d025_t15_dirw2/collapse_monitoring/val_predictions_epoch3.npy
  Gradient norms:
    lstm_encoder: 0.005133
    lstm_decoder: 0.005753
    output_layer: 0.168869
  VSN output std:
    encoder: 0.180076
  Attention entropy: 2.989815
  Regime diagnostics:
    Routing entropy: 0.0000 (normalized: 0.0000)
    Dominant regime: 67.8%
    Regime assignments: 0=67.8%, 1=32.2%
    Avg routing weights: R0=0.6781, R1=0.3219
    Expert 0: std=0.011755, mean=0.116119
      WARNING: Expert 0 collapsed (std < 0.05)
    Expert 1: std=0.019764, mean=-0.195171
      WARNING: Expert 1 collapsed (std < 0.05)
    VIX correlation (regime_1): 0.790
  Expert weight divergence (0 vs 1): diff=2.1317, cosine=-0.0331
    INFO: Good expert divergence (cosine < 0.5) - experts learning different functions
  Saved to: experiments/05b_regime_with_penalties/vix2r_d025_t15_dirw2/collapse_monitoring/collapse_monitor_epoch3.json
[DEBUG] VIX routing - batch vix: min=10.5, max=35.1, mean=20.0
[DEBUG CollapseMonitor] on_validation_epoch_start called for epoch 4
[DEBUG CollapseMonitor] reset_temporal_state() called on loss function
Epoch 4: val_loss=0.43948227167129517
Epoch 4: train_loss=0.4794762432575226

[CollapseMonitor] Epoch 4
  [DEBUG] Processed 21 batches from val_dataloader
  [DEBUG] Predictions shape after concat: (1282,)
  [DEBUG] All predictions list length: 21
  [DEBUG] First batch shape: (64,)
  Pred std: 0.092570, range: 0.217744, mean: 0.018013
  Pos: 56.7%, Neg: 43.3%, Unique: 1259
  Collapse penalty: 0.000000 (threshold: 0.005000)
  Directional penalty: 0.010000 (weight: 2.00, threshold: 0.90)
  Saved validation predictions to: experiments/05b_regime_with_penalties/vix2r_d025_t15_dirw2/collapse_monitoring/val_predictions_epoch4.npy
  Gradient norms:
    lstm_encoder: 0.003559
    lstm_decoder: 0.003531
    output_layer: 0.097106
  VSN output std:
    encoder: 0.184780
  Attention entropy: 2.990396
  Regime diagnostics:
    Routing entropy: 0.0000 (normalized: 0.0000)
    Dominant regime: 67.8%
    Regime assignments: 0=67.8%, 1=32.2%
    Avg routing weights: R0=0.6781, R1=0.3219
    Expert 0: std=0.008421, mean=0.050834
      WARNING: Expert 0 collapsed (std < 0.05)
    Expert 1: std=0.012469, mean=-0.113355
      WARNING: Expert 1 collapsed (std < 0.05)
    VIX correlation (regime_1): 0.790
  Expert weight divergence (0 vs 1): diff=2.1313, cosine=-0.0118
    INFO: Good expert divergence (cosine < 0.5) - experts learning different functions
  Saved to: experiments/05b_regime_with_penalties/vix2r_d025_t15_dirw2/collapse_monitoring/collapse_monitor_epoch4.json
[DEBUG] VIX routing - batch vix: min=11.1, max=41.2, mean=19.0
[DEBUG CollapseMonitor] on_validation_epoch_start called for epoch 5
[DEBUG CollapseMonitor] reset_temporal_state() called on loss function
Epoch 5: val_loss=0.42993617057800293
Epoch 5: train_loss=0.45671477913856506

[CollapseMonitor] Epoch 5
  [DEBUG] Processed 21 batches from val_dataloader
  [DEBUG] Predictions shape after concat: (1282,)
  [DEBUG] All predictions list length: 21
  [DEBUG] First batch shape: (64,)
  Pred std: 0.092366, range: 0.214544, mean: 0.054690
  Pos: 57.6%, Neg: 42.4%, Unique: 1269
  Collapse penalty: 0.000000 (threshold: 0.005000)
  Directional penalty: 0.010000 (weight: 2.00, threshold: 0.90)
  Saved validation predictions to: experiments/05b_regime_with_penalties/vix2r_d025_t15_dirw2/collapse_monitoring/val_predictions_epoch5.npy
  Gradient norms:
    lstm_encoder: 0.003067
    lstm_decoder: 0.002828
    output_layer: 0.076325
  VSN output std:
    encoder: 0.182057
  Attention entropy: 2.990079
  Regime diagnostics:
    Routing entropy: 0.0000 (normalized: 0.0000)
    Dominant regime: 67.8%
    Regime assignments: 0=67.8%, 1=32.2%
    Avg routing weights: R0=0.6781, R1=0.3219
    Expert 0: std=0.007312, mean=0.083341
      WARNING: Expert 0 collapsed (std < 0.05)
    Expert 1: std=0.009422, mean=-0.080444
      WARNING: Expert 1 collapsed (std < 0.05)
    VIX correlation (regime_1): 0.790
  Expert weight divergence (0 vs 1): diff=2.1297, cosine=0.0039
    INFO: Good expert divergence (cosine < 0.5) - experts learning different functions
  Saved to: experiments/05b_regime_with_penalties/vix2r_d025_t15_dirw2/collapse_monitoring/collapse_monitor_epoch5.json
[DEBUG] VIX routing - batch vix: min=9.9, max=63.9, mean=20.1
[DEBUG CollapseMonitor] on_validation_epoch_start called for epoch 6
[DEBUG CollapseMonitor] reset_temporal_state() called on loss function
Epoch 6: val_loss=0.4248349666595459
Epoch 6: train_loss=0.4495028555393219

[CollapseMonitor] Epoch 6
  [DEBUG] Processed 21 batches from val_dataloader
  [DEBUG] Predictions shape after concat: (1282,)
  [DEBUG] All predictions list length: 21
  [DEBUG] First batch shape: (64,)
  Pred std: 0.083333, range: 0.195251, mean: 0.053549
  Pos: 57.8%, Neg: 42.2%, Unique: 1261
  Collapse penalty: 0.000000 (threshold: 0.005000)
  Directional penalty: 0.010000 (weight: 2.00, threshold: 0.90)
  Saved validation predictions to: experiments/05b_regime_with_penalties/vix2r_d025_t15_dirw2/collapse_monitoring/val_predictions_epoch6.npy
  Gradient norms:
    lstm_encoder: 0.002938
    lstm_decoder: 0.002635
    output_layer: 0.071816
  VSN output std:
    encoder: 0.185272
  Attention entropy: 2.991208
  Regime diagnostics:
    Routing entropy: 0.0000 (normalized: 0.0000)
    Dominant regime: 67.8%
    Regime assignments: 0=67.8%, 1=32.2%
    Avg routing weights: R0=0.6781, R1=0.3219
    Expert 0: std=0.005431, mean=0.076315
      WARNING: Expert 0 collapsed (std < 0.05)
    Expert 1: std=0.007213, mean=-0.072176
      WARNING: Expert 1 collapsed (std < 0.05)
    VIX correlation (regime_1): 0.790
  Expert weight divergence (0 vs 1): diff=2.1278, cosine=0.0166
    INFO: Good expert divergence (cosine < 0.5) - experts learning different functions
  Saved to: experiments/05b_regime_with_penalties/vix2r_d025_t15_dirw2/collapse_monitoring/collapse_monitor_epoch6.json
[DEBUG] VIX routing - batch vix: min=10.2, max=54.9, mean=17.6
[DEBUG CollapseMonitor] on_validation_epoch_start called for epoch 7
[DEBUG CollapseMonitor] reset_temporal_state() called on loss function
Epoch 7: val_loss=0.4226914644241333
Epoch 7: train_loss=0.4456622302532196

[CollapseMonitor] Epoch 7
  [DEBUG] Processed 21 batches from val_dataloader
  [DEBUG] Predictions shape after concat: (1282,)
  [DEBUG] All predictions list length: 21
  [DEBUG] First batch shape: (64,)
  Pred std: 0.056448, range: 0.143835, mean: 0.067817
  Pos: 80.1%, Neg: 19.9%, Unique: 1252
  Collapse penalty: 0.000000 (threshold: 0.005000)
  Directional penalty: 0.010000 (weight: 2.00, threshold: 0.90)
  Saved validation predictions to: experiments/05b_regime_with_penalties/vix2r_d025_t15_dirw2/collapse_monitoring/val_predictions_epoch7.npy
  Gradient norms:
    lstm_encoder: 0.002982
    lstm_decoder: 0.002425
    output_layer: 0.064891
  VSN output std:
    encoder: 0.170122
  Attention entropy: 2.989135
  Regime diagnostics:
    Routing entropy: 0.0000 (normalized: 0.0000)
    Dominant regime: 67.8%
    Regime assignments: 0=67.8%, 1=32.2%
    Avg routing weights: R0=0.6781, R1=0.3219
    Expert 0: std=0.004025, mean=0.067866
      WARNING: Expert 0 collapsed (std < 0.05)
    Expert 1: std=0.007435, mean=-0.032979
      WARNING: Expert 1 collapsed (std < 0.05)
    VIX correlation (regime_1): 0.790
  Expert weight divergence (0 vs 1): diff=2.1266, cosine=0.0245
    INFO: Good expert divergence (cosine < 0.5) - experts learning different functions
  Saved to: experiments/05b_regime_with_penalties/vix2r_d025_t15_dirw2/collapse_monitoring/collapse_monitor_epoch7.json
[DEBUG] VIX routing - batch vix: min=10.0, max=55.1, mean=19.4
[DEBUG CollapseMonitor] on_validation_epoch_start called for epoch 8
[DEBUG CollapseMonitor] reset_temporal_state() called on loss function
Epoch 8: val_loss=0.420837938785553
Epoch 8: train_loss=0.44165509939193726

[CollapseMonitor] Epoch 8
  [DEBUG] Processed 21 batches from val_dataloader
  [DEBUG] Predictions shape after concat: (1282,)
  [DEBUG] All predictions list length: 21
  [DEBUG] First batch shape: (64,)
  Pred std: 0.057046, range: 0.148311, mean: 0.043569
  Pos: 59.4%, Neg: 40.6%, Unique: 1262
  Collapse penalty: 0.000000 (threshold: 0.005000)
  Directional penalty: 0.010000 (weight: 2.00, threshold: 0.90)
  Saved validation predictions to: experiments/05b_regime_with_penalties/vix2r_d025_t15_dirw2/collapse_monitoring/val_predictions_epoch8.npy
  Gradient norms:
    lstm_encoder: 0.003037
    lstm_decoder: 0.002341
    output_layer: 0.067759
  VSN output std:
    encoder: 0.170469
  Attention entropy: 2.986659
  Regime diagnostics:
    Routing entropy: 0.0000 (normalized: 0.0000)
    Dominant regime: 67.8%
    Regime assignments: 0=67.8%, 1=32.2%
    Avg routing weights: R0=0.6781, R1=0.3219
    Expert 0: std=0.003152, mean=0.047588
      WARNING: Expert 0 collapsed (std < 0.05)
    Expert 1: std=0.006581, mean=-0.055014
      WARNING: Expert 1 collapsed (std < 0.05)
    VIX correlation (regime_1): 0.790
  Expert weight divergence (0 vs 1): diff=2.1263, cosine=0.0305
    INFO: Good expert divergence (cosine < 0.5) - experts learning different functions
  Saved to: experiments/05b_regime_with_penalties/vix2r_d025_t15_dirw2/collapse_monitoring/collapse_monitor_epoch8.json
[DEBUG] VIX routing - batch vix: min=10.2, max=59.9, mean=20.2
[DEBUG CollapseMonitor] on_validation_epoch_start called for epoch 9
[DEBUG CollapseMonitor] reset_temporal_state() called on loss function
Epoch 9: val_loss=0.4192993938922882
Epoch 9: train_loss=0.4398961663246155

[CollapseMonitor] Epoch 9
  [DEBUG] Processed 21 batches from val_dataloader
  [DEBUG] Predictions shape after concat: (1282,)
  [DEBUG] All predictions list length: 21
  [DEBUG] First batch shape: (64,)
  Pred std: 0.072238, range: 0.188933, mean: 0.055376
  Pos: 59.6%, Neg: 40.4%, Unique: 1253
  Collapse penalty: 0.000000 (threshold: 0.005000)
  Directional penalty: 0.010000 (weight: 2.00, threshold: 0.90)
  Saved validation predictions to: experiments/05b_regime_with_penalties/vix2r_d025_t15_dirw2/collapse_monitoring/val_predictions_epoch9.npy
  Gradient norms:
    lstm_encoder: 0.003530
    lstm_decoder: 0.002469
    output_layer: 0.067059
  VSN output std:
    encoder: 0.173813
  Attention entropy: 2.981874
  Regime diagnostics:
    Routing entropy: 0.0000 (normalized: 0.0000)
    Dominant regime: 67.8%
    Regime assignments: 0=67.8%, 1=32.2%
    Avg routing weights: R0=0.6781, R1=0.3219
    Expert 0: std=0.004328, mean=0.069945
      WARNING: Expert 0 collapsed (std < 0.05)
    Expert 1: std=0.006183, mean=-0.058111
      WARNING: Expert 1 collapsed (std < 0.05)
    VIX correlation (regime_1): 0.790
  Expert weight divergence (0 vs 1): diff=2.1264, cosine=0.0364
    INFO: Good expert divergence (cosine < 0.5) - experts learning different functions
  Saved to: experiments/05b_regime_with_penalties/vix2r_d025_t15_dirw2/collapse_monitoring/collapse_monitor_epoch9.json
[DEBUG] VIX routing - batch vix: min=10.6, max=41.3, mean=19.1
[DEBUG CollapseMonitor] on_validation_epoch_start called for epoch 10
[DEBUG CollapseMonitor] reset_temporal_state() called on loss function
Epoch 10: val_loss=0.41756126284599304
Epoch 10: train_loss=0.4395810067653656

[CollapseMonitor] Epoch 10
  [DEBUG] Processed 21 batches from val_dataloader
  [DEBUG] Predictions shape after concat: (1282,)
  [DEBUG] All predictions list length: 21
  [DEBUG] First batch shape: (64,)
  Pred std: 0.061507, range: 0.172594, mean: 0.061707
  Pos: 65.3%, Neg: 34.7%, Unique: 1243
  Collapse penalty: 0.000000 (threshold: 0.005000)
  Directional penalty: 0.010000 (weight: 2.00, threshold: 0.90)
  Saved validation predictions to: experiments/05b_regime_with_penalties/vix2r_d025_t15_dirw2/collapse_monitoring/val_predictions_epoch10.npy
  Gradient norms:
    lstm_encoder: 0.003673
    lstm_decoder: 0.002500
    output_layer: 0.066269
  VSN output std:
    encoder: 0.181766
  Attention entropy: 2.982899
  Regime diagnostics:
    Routing entropy: 0.0000 (normalized: 0.0000)
    Dominant regime: 67.8%
    Regime assignments: 0=67.8%, 1=32.2%
    Avg routing weights: R0=0.6781, R1=0.3219
    Expert 0: std=0.004493, mean=0.067143
      WARNING: Expert 0 collapsed (std < 0.05)
    Expert 1: std=0.005954, mean=-0.040202
      WARNING: Expert 1 collapsed (std < 0.05)
    VIX correlation (regime_1): 0.790
  Expert weight divergence (0 vs 1): diff=2.1264, cosine=0.0398
    INFO: Good expert divergence (cosine < 0.5) - experts learning different functions
  Saved to: experiments/05b_regime_with_penalties/vix2r_d025_t15_dirw2/collapse_monitoring/collapse_monitor_epoch10.json
[DEBUG] VIX routing - batch vix: min=10.7, max=37.7, mean=18.9
[DEBUG CollapseMonitor] on_validation_epoch_start called for epoch 11
[DEBUG CollapseMonitor] reset_temporal_state() called on loss function
Epoch 11: val_loss=0.4174518585205078
Epoch 11: train_loss=0.4373268783092499

[CollapseMonitor] Epoch 11
  [DEBUG] Processed 21 batches from val_dataloader
  [DEBUG] Predictions shape after concat: (1282,)
  [DEBUG] All predictions list length: 21
  [DEBUG] First batch shape: (64,)
  Pred std: 0.060943, range: 0.181972, mean: 0.038604
  Pos: 60.1%, Neg: 39.9%, Unique: 1237
  Collapse penalty: 0.000000 (threshold: 0.005000)
  Directional penalty: 0.010000 (weight: 2.00, threshold: 0.90)
  Saved validation predictions to: experiments/05b_regime_with_penalties/vix2r_d025_t15_dirw2/collapse_monitoring/val_predictions_epoch11.npy
  Gradient norms:
    lstm_encoder: 0.004220
    lstm_decoder: 0.002713
    output_layer: 0.065718
  VSN output std:
    encoder: 0.179567
  Attention entropy: 2.985363
  Regime diagnostics:
    Routing entropy: 0.0000 (normalized: 0.0000)
    Dominant regime: 67.8%
    Regime assignments: 0=67.8%, 1=32.2%
    Avg routing weights: R0=0.6781, R1=0.3219
    Expert 0: std=0.005817, mean=0.048191
      WARNING: Expert 0 collapsed (std < 0.05)
    Expert 1: std=0.005375, mean=-0.056652
      WARNING: Expert 1 collapsed (std < 0.05)
    VIX correlation (regime_1): 0.790
  Expert weight divergence (0 vs 1): diff=2.1294, cosine=0.0409
    INFO: Good expert divergence (cosine < 0.5) - experts learning different functions
  Saved to: experiments/05b_regime_with_penalties/vix2r_d025_t15_dirw2/collapse_monitoring/collapse_monitor_epoch11.json
[DEBUG] VIX routing - batch vix: min=11.6, max=39.6, mean=19.2
[DEBUG CollapseMonitor] on_validation_epoch_start called for epoch 12
[DEBUG CollapseMonitor] reset_temporal_state() called on loss function
Epoch 12: val_loss=0.41652950644493103
Epoch 12: train_loss=0.43574634194374084

[CollapseMonitor] Epoch 12
  [DEBUG] Processed 21 batches from val_dataloader
  [DEBUG] Predictions shape after concat: (1282,)
  [DEBUG] All predictions list length: 21
  [DEBUG] First batch shape: (64,)
  Pred std: 0.087240, range: 0.238540, mean: 0.064013
  Pos: 61.0%, Neg: 39.0%, Unique: 1247
  Collapse penalty: 0.000000 (threshold: 0.005000)
  Directional penalty: 0.010000 (weight: 2.00, threshold: 0.90)
  Saved validation predictions to: experiments/05b_regime_with_penalties/vix2r_d025_t15_dirw2/collapse_monitoring/val_predictions_epoch12.npy
  Gradient norms:
    lstm_encoder: 0.004368
    lstm_decoder: 0.002772
    output_layer: 0.068462
  VSN output std:
    encoder: 0.174783
  Attention entropy: 2.982818
  Regime diagnostics:
    Routing entropy: 0.0000 (normalized: 0.0000)
    Dominant regime: 67.8%
    Regime assignments: 0=67.8%, 1=32.2%
    Avg routing weights: R0=0.6781, R1=0.3219
    Expert 0: std=0.006648, mean=0.091182
      WARNING: Expert 0 collapsed (std < 0.05)
    Expert 1: std=0.006575, mean=-0.062692
      WARNING: Expert 1 collapsed (std < 0.05)
    VIX correlation (regime_1): 0.790
  Expert weight divergence (0 vs 1): diff=2.1310, cosine=0.0440
    INFO: Good expert divergence (cosine < 0.5) - experts learning different functions
  Saved to: experiments/05b_regime_with_penalties/vix2r_d025_t15_dirw2/collapse_monitoring/collapse_monitor_epoch12.json
[DEBUG] VIX routing - batch vix: min=11.3, max=35.3, mean=18.6
[DEBUG CollapseMonitor] on_validation_epoch_start called for epoch 13
[DEBUG CollapseMonitor] reset_temporal_state() called on loss function
Epoch 13: val_loss=0.41600334644317627
Epoch 13: train_loss=0.43407976627349854

[CollapseMonitor] Epoch 13
  [DEBUG] Processed 21 batches from val_dataloader
  [DEBUG] Predictions shape after concat: (1282,)
  [DEBUG] All predictions list length: 21
  [DEBUG] First batch shape: (64,)
  Pred std: 0.092160, range: 0.250029, mean: 0.056376
  Pos: 60.2%, Neg: 39.8%, Unique: 1242
  Collapse penalty: 0.000000 (threshold: 0.005000)
  Directional penalty: 0.010000 (weight: 2.00, threshold: 0.90)
  Saved validation predictions to: experiments/05b_regime_with_penalties/vix2r_d025_t15_dirw2/collapse_monitoring/val_predictions_epoch13.npy
  Gradient norms:
    lstm_encoder: 0.004544
    lstm_decoder: 0.002831
    output_layer: 0.069183
  VSN output std:
    encoder: 0.172837
  Attention entropy: 2.982427
  Regime diagnostics:
    Routing entropy: 0.0000 (normalized: 0.0000)
    Dominant regime: 67.8%
    Regime assignments: 0=67.8%, 1=32.2%
    Avg routing weights: R0=0.6781, R1=0.3219
    Expert 0: std=0.005737, mean=0.086980
      WARNING: Expert 0 collapsed (std < 0.05)
    Expert 1: std=0.006093, mean=-0.075258
      WARNING: Expert 1 collapsed (std < 0.05)
    VIX correlation (regime_1): 0.790
  Expert weight divergence (0 vs 1): diff=2.1312, cosine=0.0463
    INFO: Good expert divergence (cosine < 0.5) - experts learning different functions
  Saved to: experiments/05b_regime_with_penalties/vix2r_d025_t15_dirw2/collapse_monitoring/collapse_monitor_epoch13.json
[DEBUG] VIX routing - batch vix: min=10.2, max=35.5, mean=18.0
[DEBUG CollapseMonitor] on_validation_epoch_start called for epoch 14
[DEBUG CollapseMonitor] reset_temporal_state() called on loss function
Epoch 14: val_loss=0.41555267572402954
Epoch 14: train_loss=0.43236246705055237

[CollapseMonitor] Epoch 14
  [DEBUG] Processed 21 batches from val_dataloader
  [DEBUG] Predictions shape after concat: (1282,)
  [DEBUG] All predictions list length: 21
  [DEBUG] First batch shape: (64,)
  Pred std: 0.077976, range: 0.214313, mean: 0.067834
  Pos: 62.1%, Neg: 37.9%, Unique: 1232
  Collapse penalty: 0.000000 (threshold: 0.005000)
  Directional penalty: 0.010000 (weight: 2.00, threshold: 0.90)
  Saved validation predictions to: experiments/05b_regime_with_penalties/vix2r_d025_t15_dirw2/collapse_monitoring/val_predictions_epoch14.npy
  Gradient norms:
    lstm_encoder: 0.005037
    lstm_decoder: 0.002871
    output_layer: 0.067975
  VSN output std:
    encoder: 0.170858
  Attention entropy: 2.981676
  Regime diagnostics:
    Routing entropy: 0.0000 (normalized: 0.0000)
    Dominant regime: 67.8%
    Regime assignments: 0=67.8%, 1=32.2%
    Avg routing weights: R0=0.6781, R1=0.3219
    Expert 0: std=0.004917, mean=0.085364
      WARNING: Expert 0 collapsed (std < 0.05)
    Expert 1: std=0.005103, mean=-0.052590
      WARNING: Expert 1 collapsed (std < 0.05)
    VIX correlation (regime_1): 0.790
  Expert weight divergence (0 vs 1): diff=2.1330, cosine=0.0479
    INFO: Good expert divergence (cosine < 0.5) - experts learning different functions
  Saved to: experiments/05b_regime_with_penalties/vix2r_d025_t15_dirw2/collapse_monitoring/collapse_monitor_epoch14.json
[DEBUG] VIX routing - batch vix: min=10.3, max=34.0, mean=18.7
[DEBUG CollapseMonitor] on_validation_epoch_start called for epoch 15
[DEBUG CollapseMonitor] reset_temporal_state() called on loss function
Epoch 15: val_loss=0.41419970989227295
Epoch 15: train_loss=0.4328257441520691

[CollapseMonitor] Epoch 15
  [DEBUG] Processed 21 batches from val_dataloader
  [DEBUG] Predictions shape after concat: (1282,)
  [DEBUG] All predictions list length: 21
  [DEBUG] First batch shape: (64,)
  Pred std: 0.081706, range: 0.214392, mean: 0.055204
  Pos: 61.8%, Neg: 38.2%, Unique: 1240
  Collapse penalty: 0.000000 (threshold: 0.005000)
  Directional penalty: 0.010000 (weight: 2.00, threshold: 0.90)
  Saved validation predictions to: experiments/05b_regime_with_penalties/vix2r_d025_t15_dirw2/collapse_monitoring/val_predictions_epoch15.npy
  Gradient norms:
    lstm_encoder: 0.004987
    lstm_decoder: 0.002801
    output_layer: 0.064346
  VSN output std:
    encoder: 0.167982
  Attention entropy: 2.977343
  Regime diagnostics:
    Routing entropy: 0.0000 (normalized: 0.0000)
    Dominant regime: 67.8%
    Regime assignments: 0=67.8%, 1=32.2%
    Avg routing weights: R0=0.6781, R1=0.3219
    Expert 0: std=0.005690, mean=0.076804
      WARNING: Expert 0 collapsed (std < 0.05)
    Expert 1: std=0.007600, mean=-0.071018
      WARNING: Expert 1 collapsed (std < 0.05)
    VIX correlation (regime_1): 0.790
  Expert weight divergence (0 vs 1): diff=2.1351, cosine=0.0495
    INFO: Good expert divergence (cosine < 0.5) - experts learning different functions
  Saved to: experiments/05b_regime_with_penalties/vix2r_d025_t15_dirw2/collapse_monitoring/collapse_monitor_epoch15.json
[DEBUG] VIX routing - batch vix: min=10.0, max=52.6, mean=20.0
[DEBUG CollapseMonitor] on_validation_epoch_start called for epoch 16
[DEBUG CollapseMonitor] reset_temporal_state() called on loss function
Epoch 16: val_loss=0.4130878448486328
Epoch 16: train_loss=0.4315274953842163

[CollapseMonitor] Epoch 16
  [DEBUG] Processed 21 batches from val_dataloader
  [DEBUG] Predictions shape after concat: (1282,)
  [DEBUG] All predictions list length: 21
  [DEBUG] First batch shape: (64,)
  Pred std: 0.071202, range: 0.189744, mean: 0.053095
  Pos: 62.2%, Neg: 37.8%, Unique: 1250
  Collapse penalty: 0.000000 (threshold: 0.005000)
  Directional penalty: 0.010000 (weight: 2.00, threshold: 0.90)
  Saved validation predictions to: experiments/05b_regime_with_penalties/vix2r_d025_t15_dirw2/collapse_monitoring/val_predictions_epoch16.npy
  Gradient norms:
    lstm_encoder: 0.004934
    lstm_decoder: 0.002854
    output_layer: 0.067120
  VSN output std:
    encoder: 0.167621
  Attention entropy: 2.972427
  Regime diagnostics:
    Routing entropy: 0.0000 (normalized: 0.0000)
    Dominant regime: 67.8%
    Regime assignments: 0=67.8%, 1=32.2%
    Avg routing weights: R0=0.6781, R1=0.3219
    Expert 0: std=0.005983, mean=0.066171
      WARNING: Expert 0 collapsed (std < 0.05)
    Expert 1: std=0.007275, mean=-0.062294
      WARNING: Expert 1 collapsed (std < 0.05)
    VIX correlation (regime_1): 0.790
  Expert weight divergence (0 vs 1): diff=2.1367, cosine=0.0512
    INFO: Good expert divergence (cosine < 0.5) - experts learning different functions
  Saved to: experiments/05b_regime_with_penalties/vix2r_d025_t15_dirw2/collapse_monitoring/collapse_monitor_epoch16.json
[DEBUG] VIX routing - batch vix: min=11.1, max=56.7, mean=21.3
[DEBUG CollapseMonitor] on_validation_epoch_start called for epoch 17
[DEBUG CollapseMonitor] reset_temporal_state() called on loss function
Epoch 17: val_loss=0.41330188512802124
Epoch 17: train_loss=0.4304145574569702

[CollapseMonitor] Epoch 17
  [DEBUG] Processed 21 batches from val_dataloader
  [DEBUG] Predictions shape after concat: (1282,)
  [DEBUG] All predictions list length: 21
  [DEBUG] First batch shape: (64,)
  Pred std: 0.093268, range: 0.227920, mean: 0.063220
  Pos: 61.2%, Neg: 38.8%, Unique: 1244
  Collapse penalty: 0.000000 (threshold: 0.005000)
  Directional penalty: 0.010000 (weight: 2.00, threshold: 0.90)
  Saved validation predictions to: experiments/05b_regime_with_penalties/vix2r_d025_t15_dirw2/collapse_monitoring/val_predictions_epoch17.npy
  Gradient norms:
    lstm_encoder: 0.005483
    lstm_decoder: 0.003113
    output_layer: 0.065758
  VSN output std:
    encoder: 0.172336
  Attention entropy: 2.965597
  Regime diagnostics:
    Routing entropy: 0.0000 (normalized: 0.0000)
    Dominant regime: 67.8%
    Regime assignments: 0=67.8%, 1=32.2%
    Avg routing weights: R0=0.6781, R1=0.3219
    Expert 0: std=0.006604, mean=0.091706
      WARNING: Expert 0 collapsed (std < 0.05)
    Expert 1: std=0.007758, mean=-0.078396
      WARNING: Expert 1 collapsed (std < 0.05)
    VIX correlation (regime_1): 0.790
  Expert weight divergence (0 vs 1): diff=2.1395, cosine=0.0536
    INFO: Good expert divergence (cosine < 0.5) - experts learning different functions
  Saved to: experiments/05b_regime_with_penalties/vix2r_d025_t15_dirw2/collapse_monitoring/collapse_monitor_epoch17.json
[DEBUG] VIX routing - batch vix: min=10.9, max=44.3, mean=19.6
[DEBUG CollapseMonitor] on_validation_epoch_start called for epoch 18
[DEBUG CollapseMonitor] reset_temporal_state() called on loss function
Epoch 18: val_loss=0.41077813506126404
Epoch 18: train_loss=0.43047770857810974

[CollapseMonitor] Epoch 18
  [DEBUG] Processed 21 batches from val_dataloader
  [DEBUG] Predictions shape after concat: (1282,)
  [DEBUG] All predictions list length: 21
  [DEBUG] First batch shape: (64,)
  Pred std: 0.075761, range: 0.193009, mean: 0.061682
  Pos: 66.5%, Neg: 33.5%, Unique: 1250
  Collapse penalty: 0.000000 (threshold: 0.005000)
  Directional penalty: 0.010000 (weight: 2.00, threshold: 0.90)
  Saved validation predictions to: experiments/05b_regime_with_penalties/vix2r_d025_t15_dirw2/collapse_monitoring/val_predictions_epoch18.npy
  Gradient norms:
    lstm_encoder: 0.006188
    lstm_decoder: 0.003406
    output_layer: 0.067601
  VSN output std:
    encoder: 0.166195
  Attention entropy: 2.959649
  Regime diagnostics:
    Routing entropy: 0.0000 (normalized: 0.0000)
    Dominant regime: 67.8%
    Regime assignments: 0=67.8%, 1=32.2%
    Avg routing weights: R0=0.6781, R1=0.3219
    Expert 0: std=0.009711, mean=0.072748
      WARNING: Expert 0 collapsed (std < 0.05)
    Expert 1: std=0.015454, mean=-0.069845
      WARNING: Expert 1 collapsed (std < 0.05)
    VIX correlation (regime_1): 0.790
  Expert weight divergence (0 vs 1): diff=2.1413, cosine=0.0572
    INFO: Good expert divergence (cosine < 0.5) - experts learning different functions
  Saved to: experiments/05b_regime_with_penalties/vix2r_d025_t15_dirw2/collapse_monitoring/collapse_monitor_epoch18.json
[DEBUG] VIX routing - batch vix: min=10.6, max=38.9, mean=19.3
[DEBUG CollapseMonitor] on_validation_epoch_start called for epoch 19
[DEBUG CollapseMonitor] reset_temporal_state() called on loss function
Epoch 19: val_loss=0.4109680950641632
Epoch 19: train_loss=0.4280282258987427

[CollapseMonitor] Epoch 19
  [DEBUG] Processed 21 batches from val_dataloader
  [DEBUG] Predictions shape after concat: (1282,)
  [DEBUG] All predictions list length: 21
  [DEBUG] First batch shape: (64,)
  Pred std: 0.071661, range: 0.179043, mean: 0.057729
  Pos: 66.2%, Neg: 33.8%, Unique: 1242
  Collapse penalty: 0.000000 (threshold: 0.005000)
  Directional penalty: 0.010000 (weight: 2.00, threshold: 0.90)
  Saved validation predictions to: experiments/05b_regime_with_penalties/vix2r_d025_t15_dirw2/collapse_monitoring/val_predictions_epoch19.npy
  Gradient norms:
    lstm_encoder: 0.006507
    lstm_decoder: 0.003528
    output_layer: 0.065271
  VSN output std:
    encoder: 0.168510
  Attention entropy: 2.956606
  Regime diagnostics:
    Routing entropy: 0.0000 (normalized: 0.0000)
    Dominant regime: 67.8%
    Regime assignments: 0=67.8%, 1=32.2%
    Avg routing weights: R0=0.6781, R1=0.3219
    Expert 0: std=0.009666, mean=0.064937
      WARNING: Expert 0 collapsed (std < 0.05)
    Expert 1: std=0.014817, mean=-0.069876
      WARNING: Expert 1 collapsed (std < 0.05)
    VIX correlation (regime_1): 0.790
  Expert weight divergence (0 vs 1): diff=2.1427, cosine=0.0593
    INFO: Good expert divergence (cosine < 0.5) - experts learning different functions
  Saved to: experiments/05b_regime_with_penalties/vix2r_d025_t15_dirw2/collapse_monitoring/collapse_monitor_epoch19.json
[DEBUG] VIX routing - batch vix: min=10.3, max=47.3, mean=20.1
[DEBUG CollapseMonitor] on_validation_epoch_start called for epoch 20
[DEBUG CollapseMonitor] reset_temporal_state() called on loss function
Epoch 20: val_loss=0.40975475311279297
Epoch 20: train_loss=0.42779189348220825

[CollapseMonitor] Epoch 20
  [DEBUG] Processed 21 batches from val_dataloader
  [DEBUG] Predictions shape after concat: (1282,)
  [DEBUG] All predictions list length: 21
  [DEBUG] First batch shape: (64,)
  Pred std: 0.078790, range: 0.196031, mean: 0.065828
  Pos: 67.9%, Neg: 32.1%, Unique: 1247
  Collapse penalty: 0.000000 (threshold: 0.005000)
  Directional penalty: 0.010000 (weight: 2.00, threshold: 0.90)
  Saved validation predictions to: experiments/05b_regime_with_penalties/vix2r_d025_t15_dirw2/collapse_monitoring/val_predictions_epoch20.npy
  Gradient norms:
    lstm_encoder: 0.006683
    lstm_decoder: 0.003685
    output_layer: 0.063289
  VSN output std:
    encoder: 0.168778
  Attention entropy: 2.954384
  Regime diagnostics:
    Routing entropy: 0.0000 (normalized: 0.0000)
    Dominant regime: 67.8%
    Regime assignments: 0=67.8%, 1=32.2%
    Avg routing weights: R0=0.6781, R1=0.3219
    Expert 0: std=0.013194, mean=0.075299
      WARNING: Expert 0 collapsed (std < 0.05)
    Expert 1: std=0.018552, mean=-0.073998
      WARNING: Expert 1 collapsed (std < 0.05)
    VIX correlation (regime_1): 0.790
  Expert weight divergence (0 vs 1): diff=2.1459, cosine=0.0609
    INFO: Good expert divergence (cosine < 0.5) - experts learning different functions
  Saved to: experiments/05b_regime_with_penalties/vix2r_d025_t15_dirw2/collapse_monitoring/collapse_monitor_epoch20.json
[DEBUG] VIX routing - batch vix: min=10.0, max=54.3, mean=20.1
[DEBUG CollapseMonitor] on_validation_epoch_start called for epoch 21
[DEBUG CollapseMonitor] reset_temporal_state() called on loss function
Epoch 21: val_loss=0.4092939496040344
Epoch 21: train_loss=0.42806723713874817

[CollapseMonitor] Epoch 21
  [DEBUG] Processed 21 batches from val_dataloader
  [DEBUG] Predictions shape after concat: (1282,)
  [DEBUG] All predictions list length: 21
  [DEBUG] First batch shape: (64,)
  Pred std: 0.051566, range: 0.158183, mean: 0.073783
  Pos: 84.1%, Neg: 15.9%, Unique: 1249
  Collapse penalty: 0.000000 (threshold: 0.005000)
  Directional penalty: 0.010000 (weight: 2.00, threshold: 0.90)
  Saved validation predictions to: experiments/05b_regime_with_penalties/vix2r_d025_t15_dirw2/collapse_monitoring/val_predictions_epoch21.npy
  Gradient norms:
    lstm_encoder: 0.007244
    lstm_decoder: 0.003938
    output_layer: 0.067852
  VSN output std:
    encoder: 0.169150
  Attention entropy: 2.952739
  Regime diagnostics:
    Routing entropy: 0.0000 (normalized: 0.0000)
    Dominant regime: 67.8%
    Regime assignments: 0=67.8%, 1=32.2%
    Avg routing weights: R0=0.6781, R1=0.3219
    Expert 0: std=0.012953, mean=0.061674
      WARNING: Expert 0 collapsed (std < 0.05)
    Expert 1: std=0.018521, mean=-0.037292
      WARNING: Expert 1 collapsed (std < 0.05)
    VIX correlation (regime_1): 0.790
  Expert weight divergence (0 vs 1): diff=2.1481, cosine=0.0638
    INFO: Good expert divergence (cosine < 0.5) - experts learning different functions
  Saved to: experiments/05b_regime_with_penalties/vix2r_d025_t15_dirw2/collapse_monitoring/collapse_monitor_epoch21.json
[DEBUG] VIX routing - batch vix: min=10.7, max=37.8, mean=18.5
[DEBUG CollapseMonitor] on_validation_epoch_start called for epoch 22
[DEBUG CollapseMonitor] reset_temporal_state() called on loss function
Epoch 22: val_loss=0.4070953130722046
Epoch 22: train_loss=0.42728278040885925

[CollapseMonitor] Epoch 22
  [DEBUG] Processed 21 batches from val_dataloader
  [DEBUG] Predictions shape after concat: (1282,)
  [DEBUG] All predictions list length: 21
  [DEBUG] First batch shape: (64,)
  Pred std: 0.066033, range: 0.177645, mean: 0.071505
  Pos: 75.2%, Neg: 24.8%, Unique: 1250
  Collapse penalty: 0.000000 (threshold: 0.005000)
  Directional penalty: 0.010000 (weight: 2.00, threshold: 0.90)
  Saved validation predictions to: experiments/05b_regime_with_penalties/vix2r_d025_t15_dirw2/collapse_monitoring/val_predictions_epoch22.npy
  Gradient norms:
    lstm_encoder: 0.007807
    lstm_decoder: 0.003908
    output_layer: 0.063479
  VSN output std:
    encoder: 0.171157
  Attention entropy: 2.935659
  Regime diagnostics:
    Routing entropy: 0.0000 (normalized: 0.0000)
    Dominant regime: 67.8%
    Regime assignments: 0=67.8%, 1=32.2%
    Avg routing weights: R0=0.6781, R1=0.3219
    Expert 0: std=0.015890, mean=0.070871
      WARNING: Expert 0 collapsed (std < 0.05)
    Expert 1: std=0.021801, mean=-0.058997
      WARNING: Expert 1 collapsed (std < 0.05)
    VIX correlation (regime_1): 0.790
  Expert weight divergence (0 vs 1): diff=2.1510, cosine=0.0655
    INFO: Good expert divergence (cosine < 0.5) - experts learning different functions
  Saved to: experiments/05b_regime_with_penalties/vix2r_d025_t15_dirw2/collapse_monitoring/collapse_monitor_epoch22.json
[DEBUG] VIX routing - batch vix: min=10.6, max=56.1, mean=19.5
[DEBUG CollapseMonitor] on_validation_epoch_start called for epoch 23
[DEBUG CollapseMonitor] reset_temporal_state() called on loss function
Epoch 23: val_loss=0.4067589342594147
Epoch 23: train_loss=0.4259229302406311

[CollapseMonitor] Epoch 23
  [DEBUG] Processed 21 batches from val_dataloader
  [DEBUG] Predictions shape after concat: (1282,)
  [DEBUG] All predictions list length: 21
  [DEBUG] First batch shape: (64,)
  Pred std: 0.080009, range: 0.213577, mean: 0.057921
  Pos: 67.2%, Neg: 32.8%, Unique: 1262
  Collapse penalty: 0.000000 (threshold: 0.005000)
  Directional penalty: 0.010000 (weight: 2.00, threshold: 0.90)
  Saved validation predictions to: experiments/05b_regime_with_penalties/vix2r_d025_t15_dirw2/collapse_monitoring/val_predictions_epoch23.npy
  Gradient norms:
    lstm_encoder: 0.009097
    lstm_decoder: 0.004676
    output_layer: 0.067125
  VSN output std:
    encoder: 0.171470
  Attention entropy: 2.936239
  Regime diagnostics:
    Routing entropy: 0.0000 (normalized: 0.0000)
    Dominant regime: 67.8%
    Regime assignments: 0=67.8%, 1=32.2%
    Avg routing weights: R0=0.6781, R1=0.3219
    Expert 0: std=0.015256, mean=0.070321
      WARNING: Expert 0 collapsed (std < 0.05)
    Expert 1: std=0.023459, mean=-0.088376
      WARNING: Expert 1 collapsed (std < 0.05)
    VIX correlation (regime_1): 0.790
  Expert weight divergence (0 vs 1): diff=2.1556, cosine=0.0670
    INFO: Good expert divergence (cosine < 0.5) - experts learning different functions
  Saved to: experiments/05b_regime_with_penalties/vix2r_d025_t15_dirw2/collapse_monitoring/collapse_monitor_epoch23.json
[DEBUG] VIX routing - batch vix: min=9.9, max=79.1, mean=18.9
[DEBUG CollapseMonitor] on_validation_epoch_start called for epoch 24
[DEBUG CollapseMonitor] reset_temporal_state() called on loss function
Epoch 24: val_loss=0.4053577482700348
Epoch 24: train_loss=0.42575570940971375

[CollapseMonitor] Epoch 24
  [DEBUG] Processed 21 batches from val_dataloader
  [DEBUG] Predictions shape after concat: (1282,)
  [DEBUG] All predictions list length: 21
  [DEBUG] First batch shape: (64,)
  Pred std: 0.078777, range: 0.221228, mean: 0.067911
  Pos: 72.4%, Neg: 27.6%, Unique: 1262
  Collapse penalty: 0.000000 (threshold: 0.005000)
  Directional penalty: 0.010000 (weight: 2.00, threshold: 0.90)
  Saved validation predictions to: experiments/05b_regime_with_penalties/vix2r_d025_t15_dirw2/collapse_monitoring/val_predictions_epoch24.npy
  Gradient norms:
    lstm_encoder: 0.008990
    lstm_decoder: 0.004670
    output_layer: 0.062602
  VSN output std:
    encoder: 0.173434
  Attention entropy: 2.932259
  Regime diagnostics:
    Routing entropy: 0.0000 (normalized: 0.0000)
    Dominant regime: 67.8%
    Regime assignments: 0=67.8%, 1=32.2%
    Avg routing weights: R0=0.6781, R1=0.3219
    Expert 0: std=0.019288, mean=0.076044
      WARNING: Expert 0 collapsed (std < 0.05)
    Expert 1: std=0.027646, mean=-0.081946
      WARNING: Expert 1 collapsed (std < 0.05)
    VIX correlation (regime_1): 0.790
  Expert weight divergence (0 vs 1): diff=2.1616, cosine=0.0685
    INFO: Good expert divergence (cosine < 0.5) - experts learning different functions
  Saved to: experiments/05b_regime_with_penalties/vix2r_d025_t15_dirw2/collapse_monitoring/collapse_monitor_epoch24.json
[DEBUG] VIX routing - batch vix: min=10.8, max=59.9, mean=22.7
[DEBUG CollapseMonitor] on_validation_epoch_start called for epoch 25
[DEBUG CollapseMonitor] reset_temporal_state() called on loss function
Epoch 25: val_loss=0.40524712204933167
Epoch 25: train_loss=0.4237416386604309

[CollapseMonitor] Epoch 25
  [DEBUG] Processed 21 batches from val_dataloader
  [DEBUG] Predictions shape after concat: (1282,)
  [DEBUG] All predictions list length: 21
  [DEBUG] First batch shape: (64,)
  Pred std: 0.081673, range: 0.238964, mean: 0.084712
  Pos: 76.0%, Neg: 24.0%, Unique: 1261
  Collapse penalty: 0.000000 (threshold: 0.005000)
  Directional penalty: 0.010000 (weight: 2.00, threshold: 0.90)
  Saved validation predictions to: experiments/05b_regime_with_penalties/vix2r_d025_t15_dirw2/collapse_monitoring/val_predictions_epoch25.npy
  Gradient norms:
    lstm_encoder: 0.009557
    lstm_decoder: 0.004959
    output_layer: 0.066757
  VSN output std:
    encoder: 0.174760
  Attention entropy: 2.937948
  Regime diagnostics:
    Routing entropy: 0.0000 (normalized: 0.0000)
    Dominant regime: 67.8%
    Regime assignments: 0=67.8%, 1=32.2%
    Avg routing weights: R0=0.6781, R1=0.3219
    Expert 0: std=0.021371, mean=0.092478
      WARNING: Expert 0 collapsed (std < 0.05)
    Expert 1: std=0.030360, mean=-0.074507
      WARNING: Expert 1 collapsed (std < 0.05)
    VIX correlation (regime_1): 0.790
  Expert weight divergence (0 vs 1): diff=2.1665, cosine=0.0702
    INFO: Good expert divergence (cosine < 0.5) - experts learning different functions
  Saved to: experiments/05b_regime_with_penalties/vix2r_d025_t15_dirw2/collapse_monitoring/collapse_monitor_epoch25.json
[DEBUG] VIX routing - batch vix: min=10.2, max=38.3, mean=18.7
[DEBUG CollapseMonitor] on_validation_epoch_start called for epoch 26
[DEBUG CollapseMonitor] reset_temporal_state() called on loss function
Epoch 26: val_loss=0.40354689955711365
Epoch 26: train_loss=0.42417076230049133

[CollapseMonitor] Epoch 26
  [DEBUG] Processed 21 batches from val_dataloader
  [DEBUG] Predictions shape after concat: (1282,)
  [DEBUG] All predictions list length: 21
  [DEBUG] First batch shape: (64,)
  Pred std: 0.083322, range: 0.291552, mean: 0.079915
  Pos: 74.7%, Neg: 25.3%, Unique: 1276
  Collapse penalty: 0.000000 (threshold: 0.005000)
  Directional penalty: 0.010000 (weight: 2.00, threshold: 0.90)
  Saved validation predictions to: experiments/05b_regime_with_penalties/vix2r_d025_t15_dirw2/collapse_monitoring/val_predictions_epoch26.npy
  Gradient norms:
    lstm_encoder: 0.010315
    lstm_decoder: 0.005458
    output_layer: 0.065075
  VSN output std:
    encoder: 0.175060
  Attention entropy: 2.937582
  Regime diagnostics:
    Routing entropy: 0.0000 (normalized: 0.0000)
    Dominant regime: 67.8%
    Regime assignments: 0=67.8%, 1=32.2%
    Avg routing weights: R0=0.6781, R1=0.3219
    Expert 0: std=0.025450, mean=0.084301
      WARNING: Expert 0 collapsed (std < 0.05)
    Expert 1: std=0.033224, mean=-0.081046
      WARNING: Expert 1 collapsed (std < 0.05)
    VIX correlation (regime_1): 0.790
  Expert weight divergence (0 vs 1): diff=2.1735, cosine=0.0727
    INFO: Good expert divergence (cosine < 0.5) - experts learning different functions
  Saved to: experiments/05b_regime_with_penalties/vix2r_d025_t15_dirw2/collapse_monitoring/collapse_monitor_epoch26.json
[DEBUG] VIX routing - batch vix: min=10.6, max=46.7, mean=20.1
[DEBUG CollapseMonitor] on_validation_epoch_start called for epoch 27
[DEBUG CollapseMonitor] reset_temporal_state() called on loss function
Epoch 27: val_loss=0.40331563353538513
Epoch 27: train_loss=0.42292478680610657

[CollapseMonitor] Epoch 27
  [DEBUG] Processed 21 batches from val_dataloader
  [DEBUG] Predictions shape after concat: (1282,)
  [DEBUG] All predictions list length: 21
  [DEBUG] First batch shape: (64,)
  Pred std: 0.093493, range: 0.280664, mean: 0.073145
  Pos: 70.7%, Neg: 29.3%, Unique: 1277
  Collapse penalty: 0.000000 (threshold: 0.005000)
  Directional penalty: 0.010000 (weight: 2.00, threshold: 0.90)
  Saved validation predictions to: experiments/05b_regime_with_penalties/vix2r_d025_t15_dirw2/collapse_monitoring/val_predictions_epoch27.npy
  Gradient norms:
    lstm_encoder: 0.012423
    lstm_decoder: 0.006069
    output_layer: 0.065918
  VSN output std:
    encoder: 0.175858
  Attention entropy: 2.935888
  Regime diagnostics:
    Routing entropy: 0.0000 (normalized: 0.0000)
    Dominant regime: 67.8%
    Regime assignments: 0=67.8%, 1=32.2%
    Avg routing weights: R0=0.6781, R1=0.3219
    Expert 0: std=0.026706, mean=0.091926
      WARNING: Expert 0 collapsed (std < 0.05)
    Expert 1: std=0.032096, mean=-0.097183
      WARNING: Expert 1 collapsed (std < 0.05)
    VIX correlation (regime_1): 0.790
  Expert weight divergence (0 vs 1): diff=2.1813, cosine=0.0722
    INFO: Good expert divergence (cosine < 0.5) - experts learning different functions
  Saved to: experiments/05b_regime_with_penalties/vix2r_d025_t15_dirw2/collapse_monitoring/collapse_monitor_epoch27.json
[DEBUG] VIX routing - batch vix: min=10.1, max=38.8, mean=18.2
[DEBUG CollapseMonitor] on_validation_epoch_start called for epoch 28
[DEBUG CollapseMonitor] reset_temporal_state() called on loss function
Epoch 28: val_loss=0.4009590446949005
Epoch 28: train_loss=0.4215945899486542

[CollapseMonitor] Epoch 28
  [DEBUG] Processed 21 batches from val_dataloader
  [DEBUG] Predictions shape after concat: (1282,)
  [DEBUG] All predictions list length: 21
  [DEBUG] First batch shape: (64,)
  Pred std: 0.089571, range: 0.297735, mean: 0.058649
  Pos: 70.0%, Neg: 30.0%, Unique: 1279
  Collapse penalty: 0.000000 (threshold: 0.005000)
  Directional penalty: 0.010000 (weight: 2.00, threshold: 0.90)
  Saved validation predictions to: experiments/05b_regime_with_penalties/vix2r_d025_t15_dirw2/collapse_monitoring/val_predictions_epoch28.npy
  Gradient norms:
    lstm_encoder: 0.012024
    lstm_decoder: 0.006054
    output_layer: 0.066645
  VSN output std:
    encoder: 0.175611
  Attention entropy: 2.934484
  Regime diagnostics:
    Routing entropy: 0.0000 (normalized: 0.0000)
    Dominant regime: 67.8%
    Regime assignments: 0=67.8%, 1=32.2%
    Avg routing weights: R0=0.6781, R1=0.3219
    Expert 0: std=0.035928, mean=0.076249
      WARNING: Expert 0 collapsed (std < 0.05)
    Expert 1: std=0.035412, mean=-0.106935
      WARNING: Expert 1 collapsed (std < 0.05)
    VIX correlation (regime_1): 0.790
  Expert weight divergence (0 vs 1): diff=2.1887, cosine=0.0717
    INFO: Good expert divergence (cosine < 0.5) - experts learning different functions
  Saved to: experiments/05b_regime_with_penalties/vix2r_d025_t15_dirw2/collapse_monitoring/collapse_monitor_epoch28.json
[DEBUG] VIX routing - batch vix: min=11.5, max=48.0, mean=19.5
[DEBUG CollapseMonitor] on_validation_epoch_start called for epoch 29
[DEBUG CollapseMonitor] reset_temporal_state() called on loss function
Epoch 29: val_loss=0.4011572301387787
Epoch 29: train_loss=0.422055184841156

[CollapseMonitor] Epoch 29
  [DEBUG] Processed 21 batches from val_dataloader
  [DEBUG] Predictions shape after concat: (1282,)
  [DEBUG] All predictions list length: 21
  [DEBUG] First batch shape: (64,)
  Pred std: 0.071040, range: 0.251182, mean: 0.059162
  Pos: 77.4%, Neg: 22.6%, Unique: 1272
  Collapse penalty: 0.000000 (threshold: 0.005000)
  Directional penalty: 0.010000 (weight: 2.00, threshold: 0.90)
  Saved validation predictions to: experiments/05b_regime_with_penalties/vix2r_d025_t15_dirw2/collapse_monitoring/val_predictions_epoch29.npy
  Gradient norms:
    lstm_encoder: 0.013179
    lstm_decoder: 0.006520
    output_layer: 0.067655
  VSN output std:
    encoder: 0.176006
  Attention entropy: 2.924139
  Regime diagnostics:
    Routing entropy: 0.0000 (normalized: 0.0000)
    Dominant regime: 67.8%
    Regime assignments: 0=67.8%, 1=32.2%
    Avg routing weights: R0=0.6781, R1=0.3219
    Expert 0: std=0.035889, mean=0.059883
      WARNING: Expert 0 collapsed (std < 0.05)
    Expert 1: std=0.034600, mean=-0.083511
      WARNING: Expert 1 collapsed (std < 0.05)
    VIX correlation (regime_1): 0.790
  Expert weight divergence (0 vs 1): diff=2.1948, cosine=0.0742
    INFO: Good expert divergence (cosine < 0.5) - experts learning different functions
  Saved to: experiments/05b_regime_with_penalties/vix2r_d025_t15_dirw2/collapse_monitoring/collapse_monitor_epoch29.json
[DEBUG] VIX routing - batch vix: min=11.2, max=80.1, mean=20.8
[DEBUG CollapseMonitor] on_validation_epoch_start called for epoch 30
[DEBUG CollapseMonitor] reset_temporal_state() called on loss function
Epoch 30: val_loss=0.3995530307292938
Epoch 30: train_loss=0.4210023283958435

[CollapseMonitor] Epoch 30
  [DEBUG] Processed 21 batches from val_dataloader
  [DEBUG] Predictions shape after concat: (1282,)
  [DEBUG] All predictions list length: 21
  [DEBUG] First batch shape: (64,)
  Pred std: 0.068153, range: 0.263121, mean: 0.071128
  Pos: 82.4%, Neg: 17.6%, Unique: 1276
  Collapse penalty: 0.000000 (threshold: 0.005000)
  Directional penalty: 0.010000 (weight: 2.00, threshold: 0.90)
  Saved validation predictions to: experiments/05b_regime_with_penalties/vix2r_d025_t15_dirw2/collapse_monitoring/val_predictions_epoch30.npy
  Gradient norms:
    lstm_encoder: 0.013809
    lstm_decoder: 0.006736
    output_layer: 0.064956
  VSN output std:
    encoder: 0.177292
  Attention entropy: 2.929466
  Regime diagnostics:
    Routing entropy: 0.0000 (normalized: 0.0000)
    Dominant regime: 67.8%
    Regime assignments: 0=67.8%, 1=32.2%
    Avg routing weights: R0=0.6781, R1=0.3219
    Expert 0: std=0.041748, mean=0.062577
      WARNING: Expert 0 collapsed (std < 0.05)
    Expert 1: std=0.036927, mean=-0.067753
      WARNING: Expert 1 collapsed (std < 0.05)
    VIX correlation (regime_1): 0.790
  Expert weight divergence (0 vs 1): diff=2.2028, cosine=0.0751
    INFO: Good expert divergence (cosine < 0.5) - experts learning different functions
  Saved to: experiments/05b_regime_with_penalties/vix2r_d025_t15_dirw2/collapse_monitoring/collapse_monitor_epoch30.json
[DEBUG] VIX routing - batch vix: min=10.2, max=59.9, mean=19.6
[DEBUG CollapseMonitor] on_validation_epoch_start called for epoch 31
[DEBUG CollapseMonitor] reset_temporal_state() called on loss function
Epoch 31: val_loss=0.39846140146255493
Epoch 31: train_loss=0.4219261705875397

[CollapseMonitor] Epoch 31
  [DEBUG] Processed 21 batches from val_dataloader
  [DEBUG] Predictions shape after concat: (1282,)
  [DEBUG] All predictions list length: 21
  [DEBUG] First batch shape: (64,)
  Pred std: 0.090296, range: 0.312797, mean: 0.062933
  Pos: 70.3%, Neg: 29.7%, Unique: 1276
  Collapse penalty: 0.000000 (threshold: 0.005000)
  Directional penalty: 0.010000 (weight: 2.00, threshold: 0.90)
  Saved validation predictions to: experiments/05b_regime_with_penalties/vix2r_d025_t15_dirw2/collapse_monitoring/val_predictions_epoch31.npy
  Gradient norms:
    lstm_encoder: 0.016610
    lstm_decoder: 0.007468
    output_layer: 0.068697
  VSN output std:
    encoder: 0.180604
  Attention entropy: 2.930388
  Regime diagnostics:
    Routing entropy: 0.0000 (normalized: 0.0000)
    Dominant regime: 67.8%
    Regime assignments: 0=67.8%, 1=32.2%
    Avg routing weights: R0=0.6781, R1=0.3219
    Expert 0: std=0.041270, mean=0.083949
      WARNING: Expert 0 collapsed (std < 0.05)
    Expert 1: std=0.035559, mean=-0.104559
      WARNING: Expert 1 collapsed (std < 0.05)
    VIX correlation (regime_1): 0.790
  Expert weight divergence (0 vs 1): diff=2.2079, cosine=0.0767
    INFO: Good expert divergence (cosine < 0.5) - experts learning different functions
  Saved to: experiments/05b_regime_with_penalties/vix2r_d025_t15_dirw2/collapse_monitoring/collapse_monitor_epoch31.json
[DEBUG] VIX routing - batch vix: min=11.6, max=40.4, mean=19.6
[DEBUG CollapseMonitor] on_validation_epoch_start called for epoch 32
[DEBUG CollapseMonitor] reset_temporal_state() called on loss function
Epoch 32: val_loss=0.3987090587615967
Epoch 32: train_loss=0.41994938254356384

[CollapseMonitor] Epoch 32
  [DEBUG] Processed 21 batches from val_dataloader
  [DEBUG] Predictions shape after concat: (1282,)
  [DEBUG] All predictions list length: 21
  [DEBUG] First batch shape: (64,)
  Pred std: 0.078300, range: 0.297991, mean: 0.079249
  Pos: 81.1%, Neg: 18.9%, Unique: 1275
  Collapse penalty: 0.000000 (threshold: 0.005000)
  Directional penalty: 0.010000 (weight: 2.00, threshold: 0.90)
  Saved validation predictions to: experiments/05b_regime_with_penalties/vix2r_d025_t15_dirw2/collapse_monitoring/val_predictions_epoch32.npy
  Gradient norms:
    lstm_encoder: 0.014635
    lstm_decoder: 0.007036
    output_layer: 0.065269
  VSN output std:
    encoder: 0.179602
  Attention entropy: 2.918100
  Regime diagnostics:
    Routing entropy: 0.0000 (normalized: 0.0000)
    Dominant regime: 67.8%
    Regime assignments: 0=67.8%, 1=32.2%
    Avg routing weights: R0=0.6781, R1=0.3219
    Expert 0: std=0.042509, mean=0.086870
      WARNING: Expert 0 collapsed (std < 0.05)
    Expert 1: std=0.038309, mean=-0.074093
      WARNING: Expert 1 collapsed (std < 0.05)
    VIX correlation (regime_1): 0.790
  Expert weight divergence (0 vs 1): diff=2.2176, cosine=0.0755
    INFO: Good expert divergence (cosine < 0.5) - experts learning different functions
  Saved to: experiments/05b_regime_with_penalties/vix2r_d025_t15_dirw2/collapse_monitoring/collapse_monitor_epoch32.json
[DEBUG] VIX routing - batch vix: min=10.6, max=42.4, mean=17.9
[DEBUG CollapseMonitor] on_validation_epoch_start called for epoch 33
[DEBUG CollapseMonitor] reset_temporal_state() called on loss function
Epoch 33: val_loss=0.3973015248775482
Epoch 33: train_loss=0.4198255240917206

[CollapseMonitor] Epoch 33
  [DEBUG] Processed 21 batches from val_dataloader
  [DEBUG] Predictions shape after concat: (1282,)
  [DEBUG] All predictions list length: 21
  [DEBUG] First batch shape: (64,)
  Pred std: 0.090872, range: 0.339048, mean: 0.051974
  Pos: 69.9%, Neg: 30.1%, Unique: 1280
  Collapse penalty: 0.000000 (threshold: 0.005000)
  Directional penalty: 0.010000 (weight: 2.00, threshold: 0.90)
  Saved validation predictions to: experiments/05b_regime_with_penalties/vix2r_d025_t15_dirw2/collapse_monitoring/val_predictions_epoch33.npy
  Gradient norms:
    lstm_encoder: 0.017454
    lstm_decoder: 0.007701
    output_layer: 0.064980
  VSN output std:
    encoder: 0.180239
  Attention entropy: 2.916477
  Regime diagnostics:
    Routing entropy: 0.0000 (normalized: 0.0000)
    Dominant regime: 67.8%
    Regime assignments: 0=67.8%, 1=32.2%
    Avg routing weights: R0=0.6781, R1=0.3219
    Expert 0: std=0.046003, mean=0.075766
      WARNING: Expert 0 collapsed (std < 0.05)
    Expert 1: std=0.040148, mean=-0.117132
      WARNING: Expert 1 collapsed (std < 0.05)
    VIX correlation (regime_1): 0.790
  Expert weight divergence (0 vs 1): diff=2.2267, cosine=0.0748
    INFO: Good expert divergence (cosine < 0.5) - experts learning different functions
  Saved to: experiments/05b_regime_with_penalties/vix2r_d025_t15_dirw2/collapse_monitoring/collapse_monitor_epoch33.json
[DEBUG] VIX routing - batch vix: min=10.2, max=43.5, mean=18.8
[DEBUG CollapseMonitor] on_validation_epoch_start called for epoch 34
[DEBUG CollapseMonitor] reset_temporal_state() called on loss function
Epoch 34: val_loss=0.39567801356315613
Epoch 34: train_loss=0.41911375522613525

[CollapseMonitor] Epoch 34
  [DEBUG] Processed 21 batches from val_dataloader
  [DEBUG] Predictions shape after concat: (1282,)
  [DEBUG] All predictions list length: 21
  [DEBUG] First batch shape: (64,)
  Pred std: 0.096648, range: 0.361780, mean: 0.085522
  Pos: 79.9%, Neg: 20.1%, Unique: 1277
  Collapse penalty: 0.000000 (threshold: 0.005000)
  Directional penalty: 0.010000 (weight: 2.00, threshold: 0.90)
  Saved validation predictions to: experiments/05b_regime_with_penalties/vix2r_d025_t15_dirw2/collapse_monitoring/val_predictions_epoch34.npy
  Gradient norms:
    lstm_encoder: 0.019336
    lstm_decoder: 0.008052
    output_layer: 0.066771
  VSN output std:
    encoder: 0.182582
  Attention entropy: 2.934808
  Regime diagnostics:
    Routing entropy: 0.0000 (normalized: 0.0000)
    Dominant regime: 67.8%
    Regime assignments: 0=67.8%, 1=32.2%
    Avg routing weights: R0=0.6781, R1=0.3219
    Expert 0: std=0.050043, mean=0.106040
    Expert 1: std=0.045146, mean=-0.099842
      WARNING: Expert 1 collapsed (std < 0.05)
    VIX correlation (regime_1): 0.790
  Expert weight divergence (0 vs 1): diff=2.2340, cosine=0.0759
    INFO: Good expert divergence (cosine < 0.5) - experts learning different functions
  Saved to: experiments/05b_regime_with_penalties/vix2r_d025_t15_dirw2/collapse_monitoring/collapse_monitor_epoch34.json
[DEBUG] VIX routing - batch vix: min=10.2, max=44.9, mean=19.0
[DEBUG CollapseMonitor] on_validation_epoch_start called for epoch 35
[DEBUG CollapseMonitor] reset_temporal_state() called on loss function
Epoch 35: val_loss=0.396966814994812
Epoch 35: train_loss=0.4200340509414673

[CollapseMonitor] Epoch 35
  [DEBUG] Processed 21 batches from val_dataloader
  [DEBUG] Predictions shape after concat: (1282,)
  [DEBUG] All predictions list length: 21
  [DEBUG] First batch shape: (64,)
  Pred std: 0.086311, range: 0.344142, mean: 0.086703
  Pos: 83.1%, Neg: 16.9%, Unique: 1280
  Collapse penalty: 0.000000 (threshold: 0.005000)
  Directional penalty: 0.010000 (weight: 2.00, threshold: 0.90)
  Saved validation predictions to: experiments/05b_regime_with_penalties/vix2r_d025_t15_dirw2/collapse_monitoring/val_predictions_epoch35.npy
  Gradient norms:
    lstm_encoder: 0.019136
    lstm_decoder: 0.008172
    output_layer: 0.068237
  VSN output std:
    encoder: 0.182420
  Attention entropy: 2.933898
  Regime diagnostics:
    Routing entropy: 0.0000 (normalized: 0.0000)
    Dominant regime: 67.8%
    Regime assignments: 0=67.8%, 1=32.2%
    Avg routing weights: R0=0.6781, R1=0.3219
    Expert 0: std=0.049032, mean=0.096440
      WARNING: Expert 0 collapsed (std < 0.05)
    Expert 1: std=0.048556, mean=-0.091646
      WARNING: Expert 1 collapsed (std < 0.05)
    VIX correlation (regime_1): 0.790
  Expert weight divergence (0 vs 1): diff=2.2380, cosine=0.0770
    INFO: Good expert divergence (cosine < 0.5) - experts learning different functions
  Saved to: experiments/05b_regime_with_penalties/vix2r_d025_t15_dirw2/collapse_monitoring/collapse_monitor_epoch35.json
[DEBUG] VIX routing - batch vix: min=11.0, max=35.0, mean=19.8
[DEBUG CollapseMonitor] on_validation_epoch_start called for epoch 36
[DEBUG CollapseMonitor] reset_temporal_state() called on loss function
Epoch 36: val_loss=0.3969399034976959
Epoch 36: train_loss=0.4186043441295624

[CollapseMonitor] Epoch 36
  [DEBUG] Processed 21 batches from val_dataloader
  [DEBUG] Predictions shape after concat: (1282,)
  [DEBUG] All predictions list length: 21
  [DEBUG] First batch shape: (64,)
  Pred std: 0.093552, range: 0.360617, mean: 0.106619
  Pos: 83.4%, Neg: 16.6%, Unique: 1279
  Collapse penalty: 0.000000 (threshold: 0.005000)
  Directional penalty: 0.010000 (weight: 2.00, threshold: 0.90)
  Saved validation predictions to: experiments/05b_regime_with_penalties/vix2r_d025_t15_dirw2/collapse_monitoring/val_predictions_epoch36.npy
  Gradient norms:
    lstm_encoder: 0.019065
    lstm_decoder: 0.008030
    output_layer: 0.068988
  VSN output std:
    encoder: 0.182276
  Attention entropy: 2.937327
  Regime diagnostics:
    Routing entropy: 0.0000 (normalized: 0.0000)
    Dominant regime: 67.8%
    Regime assignments: 0=67.8%, 1=32.2%
    Avg routing weights: R0=0.6781, R1=0.3219
    Expert 0: std=0.047356, mean=0.120843
      WARNING: Expert 0 collapsed (std < 0.05)
    Expert 1: std=0.051339, mean=-0.084997
    VIX correlation (regime_1): 0.790
  Expert weight divergence (0 vs 1): diff=2.2454, cosine=0.0769
    INFO: Good expert divergence (cosine < 0.5) - experts learning different functions
  Saved to: experiments/05b_regime_with_penalties/vix2r_d025_t15_dirw2/collapse_monitoring/collapse_monitor_epoch36.json
[DEBUG] VIX routing - batch vix: min=10.2, max=39.8, mean=19.5
[DEBUG CollapseMonitor] on_validation_epoch_start called for epoch 37
[DEBUG CollapseMonitor] reset_temporal_state() called on loss function
Epoch 37: val_loss=0.394813597202301
Epoch 37: train_loss=0.419795423746109

[CollapseMonitor] Epoch 37
  [DEBUG] Processed 21 batches from val_dataloader
  [DEBUG] Predictions shape after concat: (1282,)
  [DEBUG] All predictions list length: 21
  [DEBUG] First batch shape: (64,)
  Pred std: 0.090278, range: 0.372703, mean: 0.057847
  Pos: 77.8%, Neg: 22.2%, Unique: 1277
  Collapse penalty: 0.000000 (threshold: 0.005000)
  Directional penalty: 0.010000 (weight: 2.00, threshold: 0.90)
  Saved validation predictions to: experiments/05b_regime_with_penalties/vix2r_d025_t15_dirw2/collapse_monitoring/val_predictions_epoch37.npy
  Gradient norms:
    lstm_encoder: 0.021467
    lstm_decoder: 0.008848
    output_layer: 0.065864
  VSN output std:
    encoder: 0.180868
  Attention entropy: 2.940520
  Regime diagnostics:
    Routing entropy: 0.0000 (normalized: 0.0000)
    Dominant regime: 67.8%
    Regime assignments: 0=67.8%, 1=32.2%
    Avg routing weights: R0=0.6781, R1=0.3219
    Expert 0: std=0.055451, mean=0.078572
    Expert 1: std=0.053217, mean=-0.120399
    VIX correlation (regime_1): 0.790
  Expert weight divergence (0 vs 1): diff=2.2518, cosine=0.0790
    INFO: Good expert divergence (cosine < 0.5) - experts learning different functions
  Saved to: experiments/05b_regime_with_penalties/vix2r_d025_t15_dirw2/collapse_monitoring/collapse_monitor_epoch37.json
[DEBUG] VIX routing - batch vix: min=11.4, max=45.5, mean=21.5
[DEBUG CollapseMonitor] on_validation_epoch_start called for epoch 38
[DEBUG CollapseMonitor] reset_temporal_state() called on loss function
Epoch 38: val_loss=0.39456045627593994
Epoch 38: train_loss=0.41873934864997864

[CollapseMonitor] Epoch 38
  [DEBUG] Processed 21 batches from val_dataloader
  [DEBUG] Predictions shape after concat: (1282,)
  [DEBUG] All predictions list length: 21
  [DEBUG] First batch shape: (64,)
  Pred std: 0.076040, range: 0.352343, mean: 0.069834
  Pos: 84.7%, Neg: 15.3%, Unique: 1276
  Collapse penalty: 0.000000 (threshold: 0.005000)
  Directional penalty: 0.010000 (weight: 2.00, threshold: 0.90)
  Saved validation predictions to: experiments/05b_regime_with_penalties/vix2r_d025_t15_dirw2/collapse_monitoring/val_predictions_epoch38.npy
  Gradient norms:
    lstm_encoder: 0.024237
    lstm_decoder: 0.009191
    output_layer: 0.069441
  VSN output std:
    encoder: 0.182081
  Attention entropy: 2.935961
  Regime diagnostics:
    Routing entropy: 0.0000 (normalized: 0.0000)
    Dominant regime: 67.8%
    Regime assignments: 0=67.8%, 1=32.2%
    Avg routing weights: R0=0.6781, R1=0.3219
    Expert 0: std=0.053684, mean=0.075259
    Expert 1: std=0.061373, mean=-0.100849
    VIX correlation (regime_1): 0.790
  Expert weight divergence (0 vs 1): diff=2.2588, cosine=0.0810
    INFO: Good expert divergence (cosine < 0.5) - experts learning different functions
  Saved to: experiments/05b_regime_with_penalties/vix2r_d025_t15_dirw2/collapse_monitoring/collapse_monitor_epoch38.json
[DEBUG] VIX routing - batch vix: min=10.6, max=70.0, mean=21.3
[DEBUG CollapseMonitor] on_validation_epoch_start called for epoch 39
[DEBUG CollapseMonitor] reset_temporal_state() called on loss function
Epoch 39: val_loss=0.39219221472740173
Epoch 39: train_loss=0.41849425435066223

[CollapseMonitor] Epoch 39
  [DEBUG] Processed 21 batches from val_dataloader
  [DEBUG] Predictions shape after concat: (1282,)
  [DEBUG] All predictions list length: 21
  [DEBUG] First batch shape: (64,)
  Pred std: 0.100849, range: 0.429284, mean: 0.055796
  Pos: 71.5%, Neg: 28.5%, Unique: 1279
  Collapse penalty: 0.000000 (threshold: 0.005000)
  Directional penalty: 0.010000 (weight: 2.00, threshold: 0.90)
  Saved validation predictions to: experiments/05b_regime_with_penalties/vix2r_d025_t15_dirw2/collapse_monitoring/val_predictions_epoch39.npy
  Gradient norms:
    lstm_encoder: 0.022309
    lstm_decoder: 0.008990
    output_layer: 0.065678
  VSN output std:
    encoder: 0.181716
  Attention entropy: 2.942878
  Regime diagnostics:
    Routing entropy: 0.0000 (normalized: 0.0000)
    Dominant regime: 67.8%
    Regime assignments: 0=67.8%, 1=32.2%
    Avg routing weights: R0=0.6781, R1=0.3219
    Expert 0: std=0.058860, mean=0.087970
    Expert 1: std=0.062651, mean=-0.150147
    VIX correlation (regime_1): 0.790
  Expert weight divergence (0 vs 1): diff=2.2690, cosine=0.0804
    INFO: Good expert divergence (cosine < 0.5) - experts learning different functions
  Saved to: experiments/05b_regime_with_penalties/vix2r_d025_t15_dirw2/collapse_monitoring/collapse_monitor_epoch39.json
[DEBUG] VIX routing - batch vix: min=10.2, max=43.7, mean=18.8
[DEBUG CollapseMonitor] on_validation_epoch_start called for epoch 40
[DEBUG CollapseMonitor] reset_temporal_state() called on loss function
Epoch 40: val_loss=0.39409321546554565
Epoch 40: train_loss=0.4167748987674713

[CollapseMonitor] Epoch 40
  [DEBUG] Processed 21 batches from val_dataloader
  [DEBUG] Predictions shape after concat: (1282,)
  [DEBUG] All predictions list length: 21
  [DEBUG] First batch shape: (64,)
  Pred std: 0.098441, range: 0.432727, mean: 0.064377
  Pos: 80.0%, Neg: 20.0%, Unique: 1280
  Collapse penalty: 0.000000 (threshold: 0.005000)
  Directional penalty: 0.010000 (weight: 2.00, threshold: 0.90)
  Saved validation predictions to: experiments/05b_regime_with_penalties/vix2r_d025_t15_dirw2/collapse_monitoring/val_predictions_epoch40.npy
  Gradient norms:
    lstm_encoder: 0.023693
    lstm_decoder: 0.008564
    output_layer: 0.064295
  VSN output std:
    encoder: 0.181174
  Attention entropy: 2.935401
  Regime diagnostics:
    Routing entropy: 0.0000 (normalized: 0.0000)
    Dominant regime: 67.8%
    Regime assignments: 0=67.8%, 1=32.2%
    Avg routing weights: R0=0.6781, R1=0.3219
    Expert 0: std=0.064233, mean=0.091263
    Expert 1: std=0.065784, mean=-0.137752
    VIX correlation (regime_1): 0.790
  Expert weight divergence (0 vs 1): diff=2.2758, cosine=0.0808
    INFO: Good expert divergence (cosine < 0.5) - experts learning different functions
  Saved to: experiments/05b_regime_with_penalties/vix2r_d025_t15_dirw2/collapse_monitoring/collapse_monitor_epoch40.json
[DEBUG] VIX routing - batch vix: min=11.4, max=42.6, mean=18.3
[DEBUG CollapseMonitor] on_validation_epoch_start called for epoch 41
[DEBUG CollapseMonitor] reset_temporal_state() called on loss function
Epoch 41: val_loss=0.3925400972366333
Epoch 41: train_loss=0.4173821806907654

[CollapseMonitor] Epoch 41
  [DEBUG] Processed 21 batches from val_dataloader
  [DEBUG] Predictions shape after concat: (1282,)
  [DEBUG] All predictions list length: 21
  [DEBUG] First batch shape: (64,)
  Pred std: 0.101374, range: 0.456259, mean: 0.054145
  Pos: 77.5%, Neg: 22.5%, Unique: 1280
  Collapse penalty: 0.000000 (threshold: 0.005000)
  Directional penalty: 0.010000 (weight: 2.00, threshold: 0.90)
  Saved validation predictions to: experiments/05b_regime_with_penalties/vix2r_d025_t15_dirw2/collapse_monitoring/val_predictions_epoch41.npy
  Gradient norms:
    lstm_encoder: 0.025564
    lstm_decoder: 0.009472
    output_layer: 0.066566
  VSN output std:
    encoder: 0.181866
  Attention entropy: 2.932078
  Regime diagnostics:
    Routing entropy: 0.0000 (normalized: 0.0000)
    Dominant regime: 67.8%
    Regime assignments: 0=67.8%, 1=32.2%
    Avg routing weights: R0=0.6781, R1=0.3219
    Expert 0: std=0.062919, mean=0.086749
    Expert 1: std=0.071770, mean=-0.158808
    VIX correlation (regime_1): 0.790
  Expert weight divergence (0 vs 1): diff=2.2828, cosine=0.0835
    INFO: Good expert divergence (cosine < 0.5) - experts learning different functions
  Saved to: experiments/05b_regime_with_penalties/vix2r_d025_t15_dirw2/collapse_monitoring/collapse_monitor_epoch41.json
[DEBUG] VIX routing - batch vix: min=10.2, max=43.4, mean=20.1
[DEBUG CollapseMonitor] on_validation_epoch_start called for epoch 42
[DEBUG CollapseMonitor] reset_temporal_state() called on loss function
Epoch 42: val_loss=0.3908812701702118
Epoch 42: train_loss=0.4178427457809448

[CollapseMonitor] Epoch 42
  [DEBUG] Processed 21 batches from val_dataloader
  [DEBUG] Predictions shape after concat: (1282,)
  [DEBUG] All predictions list length: 21
  [DEBUG] First batch shape: (64,)
  Pred std: 0.090004, range: 0.441645, mean: 0.079093
  Pos: 85.4%, Neg: 14.6%, Unique: 1280
  Collapse penalty: 0.000000 (threshold: 0.005000)
  Directional penalty: 0.010000 (weight: 2.00, threshold: 0.90)
  Saved validation predictions to: experiments/05b_regime_with_penalties/vix2r_d025_t15_dirw2/collapse_monitoring/val_predictions_epoch42.npy
  Gradient norms:
    lstm_encoder: 0.026685
    lstm_decoder: 0.009404
    output_layer: 0.066404
  VSN output std:
    encoder: 0.183746
  Attention entropy: 2.935818
  Regime diagnostics:
    Routing entropy: 0.0000 (normalized: 0.0000)
    Dominant regime: 67.8%
    Regime assignments: 0=67.8%, 1=32.2%
    Avg routing weights: R0=0.6781, R1=0.3219
    Expert 0: std=0.070533, mean=0.088173
    Expert 1: std=0.083399, mean=-0.124101
    VIX correlation (regime_1): 0.790
  Expert weight divergence (0 vs 1): diff=2.2890, cosine=0.0871
    INFO: Good expert divergence (cosine < 0.5) - experts learning different functions
  Saved to: experiments/05b_regime_with_penalties/vix2r_d025_t15_dirw2/collapse_monitoring/collapse_monitor_epoch42.json
[DEBUG] VIX routing - batch vix: min=10.6, max=63.9, mean=21.3
[DEBUG CollapseMonitor] on_validation_epoch_start called for epoch 43
[DEBUG CollapseMonitor] reset_temporal_state() called on loss function
Epoch 43: val_loss=0.3920102119445801
Epoch 43: train_loss=0.41726401448249817

[CollapseMonitor] Epoch 43
  [DEBUG] Processed 21 batches from val_dataloader
  [DEBUG] Predictions shape after concat: (1282,)
  [DEBUG] All predictions list length: 21
  [DEBUG] First batch shape: (64,)
  Pred std: 0.107786, range: 0.501411, mean: 0.070857
  Pos: 80.7%, Neg: 19.3%, Unique: 1279
  Collapse penalty: 0.000000 (threshold: 0.005000)
  Directional penalty: 0.010000 (weight: 2.00, threshold: 0.90)
  Saved validation predictions to: experiments/05b_regime_with_penalties/vix2r_d025_t15_dirw2/collapse_monitoring/val_predictions_epoch43.npy
  Gradient norms:
    lstm_encoder: 0.025449
    lstm_decoder: 0.009635
    output_layer: 0.066477
  VSN output std:
    encoder: 0.184387
  Attention entropy: 2.940823
  Regime diagnostics:
    Routing entropy: 0.0000 (normalized: 0.0000)
    Dominant regime: 67.8%
    Regime assignments: 0=67.8%, 1=32.2%
    Avg routing weights: R0=0.6781, R1=0.3219
    Expert 0: std=0.071565, mean=0.105593
    Expert 1: std=0.082555, mean=-0.159767
    VIX correlation (regime_1): 0.790
  Expert weight divergence (0 vs 1): diff=2.2920, cosine=0.0893
    INFO: Good expert divergence (cosine < 0.5) - experts learning different functions
  Saved to: experiments/05b_regime_with_penalties/vix2r_d025_t15_dirw2/collapse_monitoring/collapse_monitor_epoch43.json
[DEBUG] VIX routing - batch vix: min=11.8, max=58.5, mean=19.1
[DEBUG CollapseMonitor] on_validation_epoch_start called for epoch 44
[DEBUG CollapseMonitor] reset_temporal_state() called on loss function
Epoch 44: val_loss=0.39006859064102173
Epoch 44: train_loss=0.4167424738407135

[CollapseMonitor] Epoch 44
  [DEBUG] Processed 21 batches from val_dataloader
  [DEBUG] Predictions shape after concat: (1282,)
  [DEBUG] All predictions list length: 21
  [DEBUG] First batch shape: (64,)
  Pred std: 0.100326, range: 0.479886, mean: 0.055594
  Pos: 81.3%, Neg: 18.7%, Unique: 1277
  Collapse penalty: 0.000000 (threshold: 0.005000)
  Directional penalty: 0.010000 (weight: 2.00, threshold: 0.90)
  Saved validation predictions to: experiments/05b_regime_with_penalties/vix2r_d025_t15_dirw2/collapse_monitoring/val_predictions_epoch44.npy
  Gradient norms:
    lstm_encoder: 0.027917
    lstm_decoder: 0.009578
    output_layer: 0.066388
  VSN output std:
    encoder: 0.183053
  Attention entropy: 2.938785
  Regime diagnostics:
    Routing entropy: 0.0000 (normalized: 0.0000)
    Dominant regime: 67.8%
    Regime assignments: 0=67.8%, 1=32.2%
    Avg routing weights: R0=0.6781, R1=0.3219
    Expert 0: std=0.065797, mean=0.077857
    Expert 1: std=0.088829, mean=-0.168199
    VIX correlation (regime_1): 0.790
  Expert weight divergence (0 vs 1): diff=2.3003, cosine=0.0899
    INFO: Good expert divergence (cosine < 0.5) - experts learning different functions
  Saved to: experiments/05b_regime_with_penalties/vix2r_d025_t15_dirw2/collapse_monitoring/collapse_monitor_epoch44.json
[DEBUG] VIX routing - batch vix: min=10.2, max=72.7, mean=20.7
[DEBUG CollapseMonitor] on_validation_epoch_start called for epoch 45
[DEBUG CollapseMonitor] reset_temporal_state() called on loss function
Epoch 45: val_loss=0.39120468497276306
Epoch 45: train_loss=0.4157591164112091

[CollapseMonitor] Epoch 45
  [DEBUG] Processed 21 batches from val_dataloader
  [DEBUG] Predictions shape after concat: (1282,)
  [DEBUG] All predictions list length: 21
  [DEBUG] First batch shape: (64,)
  Pred std: 0.121522, range: 0.551353, mean: 0.101706
  Pos: 81.8%, Neg: 18.2%, Unique: 1279
  Collapse penalty: 0.000000 (threshold: 0.005000)
  Directional penalty: 0.010000 (weight: 2.00, threshold: 0.90)
  Saved validation predictions to: experiments/05b_regime_with_penalties/vix2r_d025_t15_dirw2/collapse_monitoring/val_predictions_epoch45.npy
  Gradient norms:
    lstm_encoder: 0.028945
    lstm_decoder: 0.009877
    output_layer: 0.065138
  VSN output std:
    encoder: 0.184941
  Attention entropy: 2.950210
  Regime diagnostics:
    Routing entropy: 0.0000 (normalized: 0.0000)
    Dominant regime: 67.8%
    Regime assignments: 0=67.8%, 1=32.2%
    Avg routing weights: R0=0.6781, R1=0.3219
    Expert 0: std=0.056742, mean=0.141885
    Expert 1: std=0.096466, mean=-0.171646
    VIX correlation (regime_1): 0.790
  Expert weight divergence (0 vs 1): diff=2.3044, cosine=0.0939
    INFO: Good expert divergence (cosine < 0.5) - experts learning different functions
  Saved to: experiments/05b_regime_with_penalties/vix2r_d025_t15_dirw2/collapse_monitoring/collapse_monitor_epoch45.json
[DEBUG] VIX routing - batch vix: min=10.6, max=74.3, mean=19.3
[DEBUG CollapseMonitor] on_validation_epoch_start called for epoch 46
[DEBUG CollapseMonitor] reset_temporal_state() called on loss function
Epoch 46: val_loss=0.3905709683895111
Epoch 46: train_loss=0.41697096824645996

[CollapseMonitor] Epoch 46
  [DEBUG] Processed 21 batches from val_dataloader
  [DEBUG] Predictions shape after concat: (1282,)
  [DEBUG] All predictions list length: 21
  [DEBUG] First batch shape: (64,)
  Pred std: 0.092375, range: 0.475019, mean: 0.063618
  Pos: 85.1%, Neg: 14.9%, Unique: 1280
  Collapse penalty: 0.000000 (threshold: 0.005000)
  Directional penalty: 0.010000 (weight: 2.00, threshold: 0.90)
  Saved validation predictions to: experiments/05b_regime_with_penalties/vix2r_d025_t15_dirw2/collapse_monitoring/val_predictions_epoch46.npy
  Gradient norms:
    lstm_encoder: 0.030207
    lstm_decoder: 0.010031
    output_layer: 0.068431
  VSN output std:
    encoder: 0.182649
  Attention entropy: 2.951766
  Regime diagnostics:
    Routing entropy: 0.0000 (normalized: 0.0000)
    Dominant regime: 67.8%
    Regime assignments: 0=67.8%, 1=32.2%
    Avg routing weights: R0=0.6781, R1=0.3219
    Expert 0: std=0.061523, mean=0.069684
    Expert 1: std=0.105350, mean=-0.161589
    VIX correlation (regime_1): 0.790
  Expert weight divergence (0 vs 1): diff=2.3073, cosine=0.0980
    INFO: Good expert divergence (cosine < 0.5) - experts learning different functions
  Saved to: experiments/05b_regime_with_penalties/vix2r_d025_t15_dirw2/collapse_monitoring/collapse_monitor_epoch46.json
[DEBUG] VIX routing - batch vix: min=11.1, max=48.7, mean=19.7
[DEBUG CollapseMonitor] on_validation_epoch_start called for epoch 47
[DEBUG CollapseMonitor] reset_temporal_state() called on loss function
Epoch 47: val_loss=0.38976606726646423
Epoch 47: train_loss=0.4166230857372284

[CollapseMonitor] Epoch 47
  [DEBUG] Processed 21 batches from val_dataloader
  [DEBUG] Predictions shape after concat: (1282,)
  [DEBUG] All predictions list length: 21
  [DEBUG] First batch shape: (64,)
  Pred std: 0.116591, range: 0.570703, mean: 0.064036
  Pos: 81.3%, Neg: 18.7%, Unique: 1281
  Collapse penalty: 0.000000 (threshold: 0.005000)
  Directional penalty: 0.010000 (weight: 2.00, threshold: 0.90)
  Saved validation predictions to: experiments/05b_regime_with_penalties/vix2r_d025_t15_dirw2/collapse_monitoring/val_predictions_epoch47.npy
  Gradient norms:
    lstm_encoder: 0.027604
    lstm_decoder: 0.010079
    output_layer: 0.069312
  VSN output std:
    encoder: 0.183072
  Attention entropy: 2.957444
  Regime diagnostics:
    Routing entropy: 0.0000 (normalized: 0.0000)
    Dominant regime: 67.8%
    Regime assignments: 0=67.8%, 1=32.2%
    Avg routing weights: R0=0.6781, R1=0.3219
    Expert 0: std=0.067734, mean=0.101814
    Expert 1: std=0.110272, mean=-0.205111
    VIX correlation (regime_1): 0.790
  Expert weight divergence (0 vs 1): diff=2.3129, cosine=0.0992
    INFO: Good expert divergence (cosine < 0.5) - experts learning different functions
  Saved to: experiments/05b_regime_with_penalties/vix2r_d025_t15_dirw2/collapse_monitoring/collapse_monitor_epoch47.json
[DEBUG] VIX routing - batch vix: min=10.3, max=52.7, mean=19.3
[DEBUG CollapseMonitor] on_validation_epoch_start called for epoch 48
[DEBUG CollapseMonitor] reset_temporal_state() called on loss function
Epoch 48: val_loss=0.38893622159957886
Epoch 48: train_loss=0.4171315133571625

[CollapseMonitor] Epoch 48
  [DEBUG] Processed 21 batches from val_dataloader
  [DEBUG] Predictions shape after concat: (1282,)
  [DEBUG] All predictions list length: 21
  [DEBUG] First batch shape: (64,)
  Pred std: 0.111279, range: 0.561215, mean: 0.062665
  Pos: 82.3%, Neg: 17.7%, Unique: 1281
  Collapse penalty: 0.000000 (threshold: 0.005000)
  Directional penalty: 0.010000 (weight: 2.00, threshold: 0.90)
  Saved validation predictions to: experiments/05b_regime_with_penalties/vix2r_d025_t15_dirw2/collapse_monitoring/val_predictions_epoch48.npy
  Gradient norms:
    lstm_encoder: 0.028438
    lstm_decoder: 0.010076
    output_layer: 0.065662
  VSN output std:
    encoder: 0.182258
  Attention entropy: 2.953865
  Regime diagnostics:
    Routing entropy: 0.0000 (normalized: 0.0000)
    Dominant regime: 67.8%
    Regime assignments: 0=67.8%, 1=32.2%
    Avg routing weights: R0=0.6781, R1=0.3219
    Expert 0: std=0.068708, mean=0.088556
    Expert 1: std=0.113989, mean=-0.199672
    VIX correlation (regime_1): 0.790
  Expert weight divergence (0 vs 1): diff=2.3194, cosine=0.1010
    INFO: Good expert divergence (cosine < 0.5) - experts learning different functions
  Saved to: experiments/05b_regime_with_penalties/vix2r_d025_t15_dirw2/collapse_monitoring/collapse_monitor_epoch48.json
[DEBUG] VIX routing - batch vix: min=11.4, max=63.6, mean=18.3
[DEBUG CollapseMonitor] on_validation_epoch_start called for epoch 49
[DEBUG CollapseMonitor] reset_temporal_state() called on loss function
Epoch 49: val_loss=0.38905757665634155
Epoch 49: train_loss=0.4164104163646698

[CollapseMonitor] Epoch 49
  [DEBUG] Processed 21 batches from val_dataloader
  [DEBUG] Predictions shape after concat: (1282,)
  [DEBUG] All predictions list length: 21
  [DEBUG] First batch shape: (64,)
  Pred std: 0.116930, range: 0.599767, mean: 0.050524
  Pos: 80.6%, Neg: 19.4%, Unique: 1277
  Collapse penalty: 0.000000 (threshold: 0.005000)
  Directional penalty: 0.010000 (weight: 2.00, threshold: 0.90)
  Saved validation predictions to: experiments/05b_regime_with_penalties/vix2r_d025_t15_dirw2/collapse_monitoring/val_predictions_epoch49.npy
  Gradient norms:
    lstm_encoder: 0.030255
    lstm_decoder: 0.010401
    output_layer: 0.067101
  VSN output std:
    encoder: 0.181876
  Attention entropy: 2.956092
  Regime diagnostics:
    Routing entropy: 0.0000 (normalized: 0.0000)
    Dominant regime: 67.8%
    Regime assignments: 0=67.8%, 1=32.2%
    Avg routing weights: R0=0.6781, R1=0.3219
    Expert 0: std=0.071532, mean=0.087640
    Expert 1: std=0.119693, mean=-0.226866
    VIX correlation (regime_1): 0.790
  Expert weight divergence (0 vs 1): diff=2.3237, cosine=0.1033
    INFO: Good expert divergence (cosine < 0.5) - experts learning different functions
  Saved to: experiments/05b_regime_with_penalties/vix2r_d025_t15_dirw2/collapse_monitoring/collapse_monitor_epoch49.json
[DEBUG] VIX routing - batch vix: min=11.1, max=69.9, mean=20.8
[DEBUG CollapseMonitor] on_validation_epoch_start called for epoch 50
[DEBUG CollapseMonitor] reset_temporal_state() called on loss function
Epoch 50: val_loss=0.3880086839199066
Epoch 50: train_loss=0.41655099391937256

[CollapseMonitor] Epoch 50
  [DEBUG] Processed 21 batches from val_dataloader
  [DEBUG] Predictions shape after concat: (1282,)
  [DEBUG] All predictions list length: 21
  [DEBUG] First batch shape: (64,)
  Pred std: 0.110895, range: 0.605769, mean: 0.049337
  Pos: 84.6%, Neg: 15.4%, Unique: 1279
  Collapse penalty: 0.000000 (threshold: 0.005000)
  Directional penalty: 0.010000 (weight: 2.00, threshold: 0.90)
  Saved validation predictions to: experiments/05b_regime_with_penalties/vix2r_d025_t15_dirw2/collapse_monitoring/val_predictions_epoch50.npy
  Gradient norms:
    lstm_encoder: 0.032710
    lstm_decoder: 0.010928
    output_layer: 0.069837
  VSN output std:
    encoder: 0.182398
  Attention entropy: 2.958911
  Regime diagnostics:
    Routing entropy: 0.0000 (normalized: 0.0000)
    Dominant regime: 67.8%
    Regime assignments: 0=67.8%, 1=32.2%
    Avg routing weights: R0=0.6781, R1=0.3219
    Expert 0: std=0.075532, mean=0.075696
    Expert 1: std=0.130072, mean=-0.225578
    VIX correlation (regime_1): 0.790
  Expert weight divergence (0 vs 1): diff=2.3325, cosine=0.1033
    INFO: Good expert divergence (cosine < 0.5) - experts learning different functions
  Saved to: experiments/05b_regime_with_penalties/vix2r_d025_t15_dirw2/collapse_monitoring/collapse_monitor_epoch50.json
[DEBUG] VIX routing - batch vix: min=10.6, max=46.7, mean=19.9
[DEBUG CollapseMonitor] on_validation_epoch_start called for epoch 51
[DEBUG CollapseMonitor] reset_temporal_state() called on loss function
Epoch 51: val_loss=0.38771191239356995
Epoch 51: train_loss=0.4157220423221588

[CollapseMonitor] Epoch 51
  [DEBUG] Processed 21 batches from val_dataloader
  [DEBUG] Predictions shape after concat: (1282,)
  [DEBUG] All predictions list length: 21
  [DEBUG] First batch shape: (64,)
  Pred std: 0.127466, range: 0.649870, mean: 0.049203
  Pos: 82.1%, Neg: 17.9%, Unique: 1280
  Collapse penalty: 0.000000 (threshold: 0.005000)
  Directional penalty: 0.010000 (weight: 2.00, threshold: 0.90)
  Saved validation predictions to: experiments/05b_regime_with_penalties/vix2r_d025_t15_dirw2/collapse_monitoring/val_predictions_epoch51.npy
  Gradient norms:
    lstm_encoder: 0.029760
    lstm_decoder: 0.010676
    output_layer: 0.067247
  VSN output std:
    encoder: 0.181350
  Attention entropy: 2.959222
  Regime diagnostics:
    Routing entropy: 0.0000 (normalized: 0.0000)
    Dominant regime: 67.8%
    Regime assignments: 0=67.8%, 1=32.2%
    Avg routing weights: R0=0.6781, R1=0.3219
    Expert 0: std=0.075015, mean=0.085800
    Expert 1: std=0.136986, mean=-0.249358
    VIX correlation (regime_1): 0.790
  Expert weight divergence (0 vs 1): diff=2.3356, cosine=0.1048
    INFO: Good expert divergence (cosine < 0.5) - experts learning different functions
  Saved to: experiments/05b_regime_with_penalties/vix2r_d025_t15_dirw2/collapse_monitoring/collapse_monitor_epoch51.json
[DEBUG] VIX routing - batch vix: min=10.6, max=36.6, mean=18.4
[DEBUG CollapseMonitor] on_validation_epoch_start called for epoch 52
[DEBUG CollapseMonitor] reset_temporal_state() called on loss function
Epoch 52: val_loss=0.3867153227329254
Epoch 52: train_loss=0.4148421585559845

[CollapseMonitor] Epoch 52
  [DEBUG] Processed 21 batches from val_dataloader
  [DEBUG] Predictions shape after concat: (1282,)
  [DEBUG] All predictions list length: 21
  [DEBUG] First batch shape: (64,)
  Pred std: 0.111661, range: 0.631911, mean: 0.061207
  Pos: 86.1%, Neg: 13.9%, Unique: 1279
  Collapse penalty: 0.000000 (threshold: 0.005000)
  Directional penalty: 0.010000 (weight: 2.00, threshold: 0.90)
  Saved validation predictions to: experiments/05b_regime_with_penalties/vix2r_d025_t15_dirw2/collapse_monitoring/val_predictions_epoch52.npy
  Gradient norms:
    lstm_encoder: 0.030657
    lstm_decoder: 0.011198
    output_layer: 0.062942
  VSN output std:
    encoder: 0.182801
  Attention entropy: 2.963016
  Regime diagnostics:
    Routing entropy: 0.0000 (normalized: 0.0000)
    Dominant regime: 67.8%
    Regime assignments: 0=67.8%, 1=32.2%
    Avg routing weights: R0=0.6781, R1=0.3219
    Expert 0: std=0.080768, mean=0.078318
    Expert 1: std=0.146254, mean=-0.223013
    VIX correlation (regime_1): 0.790
  Expert weight divergence (0 vs 1): diff=2.3402, cosine=0.1081
    INFO: Good expert divergence (cosine < 0.5) - experts learning different functions
  Saved to: experiments/05b_regime_with_penalties/vix2r_d025_t15_dirw2/collapse_monitoring/collapse_monitor_epoch52.json
[DEBUG] VIX routing - batch vix: min=10.2, max=48.5, mean=20.2
[DEBUG CollapseMonitor] on_validation_epoch_start called for epoch 53
[DEBUG CollapseMonitor] reset_temporal_state() called on loss function
Epoch 53: val_loss=0.38659363985061646
Epoch 53: train_loss=0.4145457148551941

[CollapseMonitor] Epoch 53
  [DEBUG] Processed 21 batches from val_dataloader
  [DEBUG] Predictions shape after concat: (1282,)
  [DEBUG] All predictions list length: 21
  [DEBUG] First batch shape: (64,)
  Pred std: 0.132784, range: 0.711239, mean: 0.063888
  Pos: 82.1%, Neg: 17.9%, Unique: 1279
  Collapse penalty: 0.000000 (threshold: 0.005000)
  Directional penalty: 0.010000 (weight: 2.00, threshold: 0.90)
  Saved validation predictions to: experiments/05b_regime_with_penalties/vix2r_d025_t15_dirw2/collapse_monitoring/val_predictions_epoch53.npy
  Gradient norms:
    lstm_encoder: 0.032509
    lstm_decoder: 0.011703
    output_layer: 0.067550
  VSN output std:
    encoder: 0.183843
  Attention entropy: 2.961076
  Regime diagnostics:
    Routing entropy: 0.0000 (normalized: 0.0000)
    Dominant regime: 67.8%
    Regime assignments: 0=67.8%, 1=32.2%
    Avg routing weights: R0=0.6781, R1=0.3219
    Expert 0: std=0.077751, mean=0.112358
    Expert 1: std=0.147819, mean=-0.264890
    VIX correlation (regime_1): 0.790
  Expert weight divergence (0 vs 1): diff=2.3463, cosine=0.1072
    INFO: Good expert divergence (cosine < 0.5) - experts learning different functions
  Saved to: experiments/05b_regime_with_penalties/vix2r_d025_t15_dirw2/collapse_monitoring/collapse_monitor_epoch53.json
[DEBUG] VIX routing - batch vix: min=10.8, max=60.9, mean=19.9
[DEBUG CollapseMonitor] on_validation_epoch_start called for epoch 54
[DEBUG CollapseMonitor] reset_temporal_state() called on loss function
Epoch 54: val_loss=0.38591280579566956
Epoch 54: train_loss=0.4149659276008606

[CollapseMonitor] Epoch 54
  [DEBUG] Processed 21 batches from val_dataloader
  [DEBUG] Predictions shape after concat: (1282,)
  [DEBUG] All predictions list length: 21
  [DEBUG] First batch shape: (64,)
  Pred std: 0.128191, range: 0.718502, mean: 0.059487
  Pos: 83.8%, Neg: 16.2%, Unique: 1277
  Collapse penalty: 0.000000 (threshold: 0.005000)
  Directional penalty: 0.010000 (weight: 2.00, threshold: 0.90)
  Saved validation predictions to: experiments/05b_regime_with_penalties/vix2r_d025_t15_dirw2/collapse_monitoring/val_predictions_epoch54.npy
  Gradient norms:
    lstm_encoder: 0.033881
    lstm_decoder: 0.011882
    output_layer: 0.066614
  VSN output std:
    encoder: 0.184295
  Attention entropy: 2.959433
  Regime diagnostics:
    Routing entropy: 0.0000 (normalized: 0.0000)
    Dominant regime: 67.8%
    Regime assignments: 0=67.8%, 1=32.2%
    Avg routing weights: R0=0.6781, R1=0.3219
    Expert 0: std=0.087784, mean=0.098473
    Expert 1: std=0.156137, mean=-0.261617
    VIX correlation (regime_1): 0.790
  Expert weight divergence (0 vs 1): diff=2.3495, cosine=0.1108
    INFO: Good expert divergence (cosine < 0.5) - experts learning different functions
  Saved to: experiments/05b_regime_with_penalties/vix2r_d025_t15_dirw2/collapse_monitoring/collapse_monitor_epoch54.json
[DEBUG] VIX routing - batch vix: min=10.8, max=54.6, mean=19.3
[DEBUG CollapseMonitor] on_validation_epoch_start called for epoch 55
[DEBUG CollapseMonitor] reset_temporal_state() called on loss function
Epoch 55: val_loss=0.38526999950408936
Epoch 55: train_loss=0.4139758050441742

[CollapseMonitor] Epoch 55
  [DEBUG] Processed 21 batches from val_dataloader
  [DEBUG] Predictions shape after concat: (1282,)
  [DEBUG] All predictions list length: 21
  [DEBUG] First batch shape: (64,)
  Pred std: 0.123943, range: 0.728183, mean: 0.057229
  Pos: 85.3%, Neg: 14.7%, Unique: 1278
  Collapse penalty: 0.000000 (threshold: 0.005000)
  Directional penalty: 0.010000 (weight: 2.00, threshold: 0.90)
  Saved validation predictions to: experiments/05b_regime_with_penalties/vix2r_d025_t15_dirw2/collapse_monitoring/val_predictions_epoch55.npy
  Gradient norms:
    lstm_encoder: 0.034697
    lstm_decoder: 0.012000
    output_layer: 0.065557
  VSN output std:
    encoder: 0.183599
  Attention entropy: 2.959612
  Regime diagnostics:
    Routing entropy: 0.0000 (normalized: 0.0000)
    Dominant regime: 67.8%
    Regime assignments: 0=67.8%, 1=32.2%
    Avg routing weights: R0=0.6781, R1=0.3219
    Expert 0: std=0.088141, mean=0.091360
    Expert 1: std=0.165564, mean=-0.265761
    VIX correlation (regime_1): 0.790
  Expert weight divergence (0 vs 1): diff=2.3533, cosine=0.1141
    INFO: Good expert divergence (cosine < 0.5) - experts learning different functions
  Saved to: experiments/05b_regime_with_penalties/vix2r_d025_t15_dirw2/collapse_monitoring/collapse_monitor_epoch55.json
[DEBUG] VIX routing - batch vix: min=11.2, max=35.7, mean=19.4
[DEBUG CollapseMonitor] on_validation_epoch_start called for epoch 56
[DEBUG CollapseMonitor] reset_temporal_state() called on loss function
Epoch 56: val_loss=0.385235458612442
Epoch 56: train_loss=0.4149130582809448

[CollapseMonitor] Epoch 56
  [DEBUG] Processed 21 batches from val_dataloader
  [DEBUG] Predictions shape after concat: (1282,)
  [DEBUG] All predictions list length: 21
  [DEBUG] First batch shape: (64,)
  Pred std: 0.129767, range: 0.738957, mean: 0.072759
  Pos: 84.4%, Neg: 15.6%, Unique: 1277
  Collapse penalty: 0.000000 (threshold: 0.005000)
  Directional penalty: 0.010000 (weight: 2.00, threshold: 0.90)
  Saved validation predictions to: experiments/05b_regime_with_penalties/vix2r_d025_t15_dirw2/collapse_monitoring/val_predictions_epoch56.npy
  Gradient norms:
    lstm_encoder: 0.029798
    lstm_decoder: 0.011316
    output_layer: 0.068702
  VSN output std:
    encoder: 0.183838
  Attention entropy: 2.957043
  Regime diagnostics:
    Routing entropy: 0.0000 (normalized: 0.0000)
    Dominant regime: 67.8%
    Regime assignments: 0=67.8%, 1=32.2%
    Avg routing weights: R0=0.6781, R1=0.3219
    Expert 0: std=0.083494, mean=0.116413
    Expert 1: std=0.164054, mean=-0.265080
    VIX correlation (regime_1): 0.790
  Expert weight divergence (0 vs 1): diff=2.3572, cosine=0.1132
    INFO: Good expert divergence (cosine < 0.5) - experts learning different functions
  Saved to: experiments/05b_regime_with_penalties/vix2r_d025_t15_dirw2/collapse_monitoring/collapse_monitor_epoch56.json
[DEBUG] VIX routing - batch vix: min=11.1, max=38.5, mean=18.2
[DEBUG CollapseMonitor] on_validation_epoch_start called for epoch 57
[DEBUG CollapseMonitor] reset_temporal_state() called on loss function
Epoch 57: val_loss=0.3856215476989746
Epoch 57: train_loss=0.4145800769329071

[CollapseMonitor] Epoch 57
  [DEBUG] Processed 21 batches from val_dataloader
  [DEBUG] Predictions shape after concat: (1282,)
  [DEBUG] All predictions list length: 21
  [DEBUG] First batch shape: (64,)
  Pred std: 0.141293, range: 0.771139, mean: 0.036674
  Pos: 78.0%, Neg: 22.0%, Unique: 1277
  Collapse penalty: 0.000000 (threshold: 0.005000)
  Directional penalty: 0.010000 (weight: 2.00, threshold: 0.90)
  Saved validation predictions to: experiments/05b_regime_with_penalties/vix2r_d025_t15_dirw2/collapse_monitoring/val_predictions_epoch57.npy
  Gradient norms:
    lstm_encoder: 0.035191
    lstm_decoder: 0.012416
    output_layer: 0.067094
  VSN output std:
    encoder: 0.181959
  Attention entropy: 2.951628
  Regime diagnostics:
    Routing entropy: 0.0000 (normalized: 0.0000)
    Dominant regime: 67.8%
    Regime assignments: 0=67.8%, 1=32.2%
    Avg routing weights: R0=0.6781, R1=0.3219
    Expert 0: std=0.080970, mean=0.095576
    Expert 1: std=0.162208, mean=-0.314582
    VIX correlation (regime_1): 0.790
  Expert weight divergence (0 vs 1): diff=2.3595, cosine=0.1174
    INFO: Good expert divergence (cosine < 0.5) - experts learning different functions
  Saved to: experiments/05b_regime_with_penalties/vix2r_d025_t15_dirw2/collapse_monitoring/collapse_monitor_epoch57.json
[DEBUG] VIX routing - batch vix: min=10.6, max=43.8, mean=20.2
[DEBUG CollapseMonitor] on_validation_epoch_start called for epoch 58
[DEBUG CollapseMonitor] reset_temporal_state() called on loss function
Epoch 58: val_loss=0.3858068585395813
Epoch 58: train_loss=0.41368764638900757

[CollapseMonitor] Epoch 58
  [DEBUG] Processed 21 batches from val_dataloader
  [DEBUG] Predictions shape after concat: (1282,)
  [DEBUG] All predictions list length: 21
  [DEBUG] First batch shape: (64,)
  Pred std: 0.142622, range: 0.827082, mean: 0.071763
  Pos: 81.7%, Neg: 18.3%, Unique: 1280
  Collapse penalty: 0.000000 (threshold: 0.005000)
  Directional penalty: 0.010000 (weight: 2.00, threshold: 0.90)
  Saved validation predictions to: experiments/05b_regime_with_penalties/vix2r_d025_t15_dirw2/collapse_monitoring/val_predictions_epoch58.npy
  Gradient norms:
    lstm_encoder: 0.036687
    lstm_decoder: 0.012613
    output_layer: 0.064870
  VSN output std:
    encoder: 0.184642
  Attention entropy: 2.952519
  Regime diagnostics:
    Routing entropy: 0.0000 (normalized: 0.0000)
    Dominant regime: 67.8%
    Regime assignments: 0=67.8%, 1=32.2%
    Avg routing weights: R0=0.6781, R1=0.3219
    Expert 0: std=0.093044, mean=0.133595
    Expert 1: std=0.176602, mean=-0.300825
    VIX correlation (regime_1): 0.790
  Expert weight divergence (0 vs 1): diff=2.3628, cosine=0.1192
    INFO: Good expert divergence (cosine < 0.5) - experts learning different functions
  Saved to: experiments/05b_regime_with_penalties/vix2r_d025_t15_dirw2/collapse_monitoring/collapse_monitor_epoch58.json
[DEBUG] VIX routing - batch vix: min=10.1, max=54.6, mean=19.6
[DEBUG CollapseMonitor] on_validation_epoch_start called for epoch 59
[DEBUG CollapseMonitor] reset_temporal_state() called on loss function
Epoch 59: val_loss=0.38458746671676636
Epoch 59: train_loss=0.4127441942691803

[CollapseMonitor] Epoch 59
  [DEBUG] Processed 21 batches from val_dataloader
  [DEBUG] Predictions shape after concat: (1282,)
  [DEBUG] All predictions list length: 21
  [DEBUG] First batch shape: (64,)
  Pred std: 0.140451, range: 0.825967, mean: 0.060783
  Pos: 83.0%, Neg: 17.0%, Unique: 1275
  Collapse penalty: 0.000000 (threshold: 0.005000)
  Directional penalty: 0.010000 (weight: 2.00, threshold: 0.90)
  Saved validation predictions to: experiments/05b_regime_with_penalties/vix2r_d025_t15_dirw2/collapse_monitoring/val_predictions_epoch59.npy
  Gradient norms:
    lstm_encoder: 0.036618
    lstm_decoder: 0.012956
    output_layer: 0.066077
  VSN output std:
    encoder: 0.184131
  Attention entropy: 2.954514
  Regime diagnostics:
    Routing entropy: 0.0000 (normalized: 0.0000)
    Dominant regime: 67.8%
    Regime assignments: 0=67.8%, 1=32.2%
    Avg routing weights: R0=0.6781, R1=0.3219
    Expert 0: std=0.095164, mean=0.112574
    Expert 1: std=0.182429, mean=-0.309206
    VIX correlation (regime_1): 0.790
  Expert weight divergence (0 vs 1): diff=2.3676, cosine=0.1223
    INFO: Good expert divergence (cosine < 0.5) - experts learning different functions
  Saved to: experiments/05b_regime_with_penalties/vix2r_d025_t15_dirw2/collapse_monitoring/collapse_monitor_epoch59.json
[DEBUG] VIX routing - batch vix: min=10.6, max=41.3, mean=20.4
[DEBUG CollapseMonitor] on_validation_epoch_start called for epoch 60
[DEBUG CollapseMonitor] reset_temporal_state() called on loss function
Epoch 60: val_loss=0.38417214155197144
Epoch 60: train_loss=0.414120078086853

[CollapseMonitor] Epoch 60
  [DEBUG] Processed 21 batches from val_dataloader
  [DEBUG] Predictions shape after concat: (1282,)
  [DEBUG] All predictions list length: 21
  [DEBUG] First batch shape: (64,)
  Pred std: 0.136748, range: 0.824913, mean: 0.056832
  Pos: 84.9%, Neg: 15.1%, Unique: 1281
  Collapse penalty: 0.000000 (threshold: 0.005000)
  Directional penalty: 0.010000 (weight: 2.00, threshold: 0.90)
  Saved validation predictions to: experiments/05b_regime_with_penalties/vix2r_d025_t15_dirw2/collapse_monitoring/val_predictions_epoch60.npy
  Gradient norms:
    lstm_encoder: 0.036403
    lstm_decoder: 0.012661
    output_layer: 0.068655
  VSN output std:
    encoder: 0.184168
  Attention entropy: 2.952882
  Regime diagnostics:
    Routing entropy: 0.0000 (normalized: 0.0000)
    Dominant regime: 67.8%
    Regime assignments: 0=67.8%, 1=32.2%
    Avg routing weights: R0=0.6781, R1=0.3219
    Expert 0: std=0.096336, mean=0.101855
    Expert 1: std=0.189540, mean=-0.309058
    VIX correlation (regime_1): 0.790
  Expert weight divergence (0 vs 1): diff=2.3725, cosine=0.1214
    INFO: Good expert divergence (cosine < 0.5) - experts learning different functions
  Saved to: experiments/05b_regime_with_penalties/vix2r_d025_t15_dirw2/collapse_monitoring/collapse_monitor_epoch60.json
[DEBUG] VIX routing - batch vix: min=11.3, max=60.7, mean=19.6
[DEBUG CollapseMonitor] on_validation_epoch_start called for epoch 61
[DEBUG CollapseMonitor] reset_temporal_state() called on loss function
Epoch 61: val_loss=0.3848783075809479
Epoch 61: train_loss=0.4137505888938904

[CollapseMonitor] Epoch 61
  [DEBUG] Processed 21 batches from val_dataloader
  [DEBUG] Predictions shape after concat: (1282,)
  [DEBUG] All predictions list length: 21
  [DEBUG] First batch shape: (64,)
  Pred std: 0.142943, range: 0.859032, mean: 0.079835
  Pos: 85.2%, Neg: 14.8%, Unique: 1278
  Collapse penalty: 0.000000 (threshold: 0.005000)
  Directional penalty: 0.010000 (weight: 2.00, threshold: 0.90)
  Saved validation predictions to: experiments/05b_regime_with_penalties/vix2r_d025_t15_dirw2/collapse_monitoring/val_predictions_epoch61.npy
  Gradient norms:
    lstm_encoder: 0.038317
    lstm_decoder: 0.013043
    output_layer: 0.067825
  VSN output std:
    encoder: 0.184347
  Attention entropy: 2.953779
  Regime diagnostics:
    Routing entropy: 0.0000 (normalized: 0.0000)
    Dominant regime: 67.8%
    Regime assignments: 0=67.8%, 1=32.2%
    Avg routing weights: R0=0.6781, R1=0.3219
    Expert 0: std=0.095866, mean=0.134029
    Expert 1: std=0.193734, mean=-0.306401
    VIX correlation (regime_1): 0.790
  Expert weight divergence (0 vs 1): diff=2.3763, cosine=0.1229
    INFO: Good expert divergence (cosine < 0.5) - experts learning different functions
  Saved to: experiments/05b_regime_with_penalties/vix2r_d025_t15_dirw2/collapse_monitoring/collapse_monitor_epoch61.json
[DEBUG] VIX routing - batch vix: min=11.6, max=39.2, mean=18.6
[DEBUG CollapseMonitor] on_validation_epoch_start called for epoch 62
[DEBUG CollapseMonitor] reset_temporal_state() called on loss function
Epoch 62: val_loss=0.38422051072120667
Epoch 62: train_loss=0.4145694077014923

[CollapseMonitor] Epoch 62
  [DEBUG] Processed 21 batches from val_dataloader
  [DEBUG] Predictions shape after concat: (1282,)
  [DEBUG] All predictions list length: 21
  [DEBUG] First batch shape: (64,)
  Pred std: 0.146626, range: 0.870399, mean: 0.070497
  Pos: 84.8%, Neg: 15.2%, Unique: 1279
  Collapse penalty: 0.000000 (threshold: 0.005000)
  Directional penalty: 0.010000 (weight: 2.00, threshold: 0.90)
  Saved validation predictions to: experiments/05b_regime_with_penalties/vix2r_d025_t15_dirw2/collapse_monitoring/val_predictions_epoch62.npy
  Gradient norms:
    lstm_encoder: 0.037009
    lstm_decoder: 0.012533
    output_layer: 0.064913
  VSN output std:
    encoder: 0.182745
  Attention entropy: 2.957266
  Regime diagnostics:
    Routing entropy: 0.0000 (normalized: 0.0000)
    Dominant regime: 67.8%
    Regime assignments: 0=67.8%, 1=32.2%
    Avg routing weights: R0=0.6781, R1=0.3219
    Expert 0: std=0.094660, mean=0.122732
    Expert 1: std=0.196093, mean=-0.322388
    VIX correlation (regime_1): 0.790
  Expert weight divergence (0 vs 1): diff=2.3799, cosine=0.1248
    INFO: Good expert divergence (cosine < 0.5) - experts learning different functions
  Saved to: experiments/05b_regime_with_penalties/vix2r_d025_t15_dirw2/collapse_monitoring/collapse_monitor_epoch62.json
[DEBUG] VIX routing - batch vix: min=10.5, max=43.1, mean=20.0
[DEBUG CollapseMonitor] on_validation_epoch_start called for epoch 63
[DEBUG CollapseMonitor] reset_temporal_state() called on loss function
Epoch 63: val_loss=0.38580000400543213
Epoch 63: train_loss=0.4137823283672333

[CollapseMonitor] Epoch 63
  [DEBUG] Processed 21 batches from val_dataloader
  [DEBUG] Predictions shape after concat: (1282,)
  [DEBUG] All predictions list length: 21
  [DEBUG] First batch shape: (64,)
  Pred std: 0.146128, range: 0.874226, mean: 0.073733
  Pos: 85.4%, Neg: 14.6%, Unique: 1277
  Collapse penalty: 0.000000 (threshold: 0.005000)
  Directional penalty: 0.010000 (weight: 2.00, threshold: 0.90)
  Saved validation predictions to: experiments/05b_regime_with_penalties/vix2r_d025_t15_dirw2/collapse_monitoring/val_predictions_epoch63.npy
  Gradient norms:
    lstm_encoder: 0.032444
    lstm_decoder: 0.012531
    output_layer: 0.069373
  VSN output std:
    encoder: 0.182371
  Attention entropy: 2.960757
  Regime diagnostics:
    Routing entropy: 0.0000 (normalized: 0.0000)
    Dominant regime: 67.8%
    Regime assignments: 0=67.8%, 1=32.2%
    Avg routing weights: R0=0.6781, R1=0.3219
    Expert 0: std=0.093528, mean=0.123333
    Expert 1: std=0.200020, mean=-0.321485
    VIX correlation (regime_1): 0.790
  Expert weight divergence (0 vs 1): diff=2.3822, cosine=0.1269
    INFO: Good expert divergence (cosine < 0.5) - experts learning different functions
  Saved to: experiments/05b_regime_with_penalties/vix2r_d025_t15_dirw2/collapse_monitoring/collapse_monitor_epoch63.json
[DEBUG] VIX routing - batch vix: min=11.0, max=69.9, mean=21.6
[DEBUG CollapseMonitor] on_validation_epoch_start called for epoch 64
[DEBUG CollapseMonitor] reset_temporal_state() called on loss function
Epoch 64: val_loss=0.38387274742126465
Epoch 64: train_loss=0.41363129019737244

[CollapseMonitor] Epoch 64
  [DEBUG] Processed 21 batches from val_dataloader
  [DEBUG] Predictions shape after concat: (1282,)
  [DEBUG] All predictions list length: 21
  [DEBUG] First batch shape: (64,)
  Pred std: 0.150618, range: 0.927496, mean: 0.043351
  Pos: 81.2%, Neg: 18.8%, Unique: 1280
  Collapse penalty: 0.000000 (threshold: 0.005000)
  Directional penalty: 0.010000 (weight: 2.00, threshold: 0.90)
  Saved validation predictions to: experiments/05b_regime_with_penalties/vix2r_d025_t15_dirw2/collapse_monitoring/val_predictions_epoch64.npy
  Gradient norms:
    lstm_encoder: 0.035919
    lstm_decoder: 0.012953
    output_layer: 0.070487
  VSN output std:
    encoder: 0.182795
  Attention entropy: 2.961192
  Regime diagnostics:
    Routing entropy: 0.0000 (normalized: 0.0000)
    Dominant regime: 67.8%
    Regime assignments: 0=67.8%, 1=32.2%
    Avg routing weights: R0=0.6781, R1=0.3219
    Expert 0: std=0.101090, mean=0.107733
    Expert 1: std=0.208048, mean=-0.363389
    VIX correlation (regime_1): 0.790
  Expert weight divergence (0 vs 1): diff=2.3849, cosine=0.1287
    INFO: Good expert divergence (cosine < 0.5) - experts learning different functions
  Saved to: experiments/05b_regime_with_penalties/vix2r_d025_t15_dirw2/collapse_monitoring/collapse_monitor_epoch64.json
[DEBUG] VIX routing - batch vix: min=10.8, max=42.7, mean=19.6
[DEBUG CollapseMonitor] on_validation_epoch_start called for epoch 65
[DEBUG CollapseMonitor] reset_temporal_state() called on loss function
Epoch 65: val_loss=0.38548174500465393
Epoch 65: train_loss=0.4133598506450653

[CollapseMonitor] Epoch 65
  [DEBUG] Processed 21 batches from val_dataloader
  [DEBUG] Predictions shape after concat: (1282,)
  [DEBUG] All predictions list length: 21
  [DEBUG] First batch shape: (64,)
  Pred std: 0.155009, range: 0.966057, mean: 0.074177
  Pos: 84.9%, Neg: 15.1%, Unique: 1276
  Collapse penalty: 0.000000 (threshold: 0.005000)
  Directional penalty: 0.010000 (weight: 2.00, threshold: 0.90)
  Saved validation predictions to: experiments/05b_regime_with_penalties/vix2r_d025_t15_dirw2/collapse_monitoring/val_predictions_epoch65.npy
  Gradient norms:
    lstm_encoder: 0.037944
    lstm_decoder: 0.013480
    output_layer: 0.065911
  VSN output std:
    encoder: 0.182448
  Attention entropy: 2.959894
  Regime diagnostics:
    Routing entropy: 0.0000 (normalized: 0.0000)
    Dominant regime: 67.8%
    Regime assignments: 0=67.8%, 1=32.2%
    Avg routing weights: R0=0.6781, R1=0.3219
    Expert 0: std=0.103258, mean=0.139757
    Expert 1: std=0.218481, mean=-0.351647
    VIX correlation (regime_1): 0.790
  Expert weight divergence (0 vs 1): diff=2.3916, cosine=0.1274
    INFO: Good expert divergence (cosine < 0.5) - experts learning different functions
  Saved to: experiments/05b_regime_with_penalties/vix2r_d025_t15_dirw2/collapse_monitoring/collapse_monitor_epoch65.json
[DEBUG] VIX routing - batch vix: min=10.3, max=46.4, mean=18.3
[DEBUG CollapseMonitor] on_validation_epoch_start called for epoch 66
[DEBUG CollapseMonitor] reset_temporal_state() called on loss function
Epoch 66: val_loss=0.382831335067749
Epoch 66: train_loss=0.41309988498687744

[CollapseMonitor] Epoch 66
  [DEBUG] Processed 21 batches from val_dataloader
  [DEBUG] Predictions shape after concat: (1282,)
  [DEBUG] All predictions list length: 21
  [DEBUG] First batch shape: (64,)
  Pred std: 0.151022, range: 0.966941, mean: 0.063078
  Pos: 83.7%, Neg: 16.3%, Unique: 1277
  Collapse penalty: 0.000000 (threshold: 0.005000)
  Directional penalty: 0.010000 (weight: 2.00, threshold: 0.90)
  Saved validation predictions to: experiments/05b_regime_with_penalties/vix2r_d025_t15_dirw2/collapse_monitoring/val_predictions_epoch66.npy
  Gradient norms:
    lstm_encoder: 0.037713
    lstm_decoder: 0.012881
    output_layer: 0.069565
  VSN output std:
    encoder: 0.183470
  Attention entropy: 2.957692
  Regime diagnostics:
    Routing entropy: 0.0000 (normalized: 0.0000)
    Dominant regime: 67.8%
    Regime assignments: 0=67.8%, 1=32.2%
    Avg routing weights: R0=0.6781, R1=0.3219
    Expert 0: std=0.108678, mean=0.122036
    Expert 1: std=0.224914, mean=-0.359548
    VIX correlation (regime_1): 0.790
  Expert weight divergence (0 vs 1): diff=2.3988, cosine=0.1306
    INFO: Good expert divergence (cosine < 0.5) - experts learning different functions
  Saved to: experiments/05b_regime_with_penalties/vix2r_d025_t15_dirw2/collapse_monitoring/collapse_monitor_epoch66.json
[DEBUG] VIX routing - batch vix: min=10.1, max=34.5, mean=19.3
[DEBUG CollapseMonitor] on_validation_epoch_start called for epoch 67
[DEBUG CollapseMonitor] reset_temporal_state() called on loss function
Epoch 67: val_loss=0.3820565938949585
Epoch 67: train_loss=0.41374388337135315

[CollapseMonitor] Epoch 67
  [DEBUG] Processed 21 batches from val_dataloader
  [DEBUG] Predictions shape after concat: (1282,)
  [DEBUG] All predictions list length: 21
  [DEBUG] First batch shape: (64,)
  Pred std: 0.149402, range: 0.934323, mean: 0.055607
  Pos: 84.9%, Neg: 15.1%, Unique: 1279
  Collapse penalty: 0.000000 (threshold: 0.005000)
  Directional penalty: 0.010000 (weight: 2.00, threshold: 0.90)
  Saved validation predictions to: experiments/05b_regime_with_penalties/vix2r_d025_t15_dirw2/collapse_monitoring/val_predictions_epoch67.npy
  Gradient norms:
    lstm_encoder: 0.041846
    lstm_decoder: 0.014258
    output_layer: 0.069359
  VSN output std:
    encoder: 0.181965
  Attention entropy: 2.955342
  Regime diagnostics:
    Routing entropy: 0.0000 (normalized: 0.0000)
    Dominant regime: 67.8%
    Regime assignments: 0=67.8%, 1=32.2%
    Avg routing weights: R0=0.6781, R1=0.3219
    Expert 0: std=0.102054, mean=0.103726
    Expert 1: std=0.224276, mean=-0.359987
    VIX correlation (regime_1): 0.790
  Expert weight divergence (0 vs 1): diff=2.4020, cosine=0.1316
    INFO: Good expert divergence (cosine < 0.5) - experts learning different functions
  Saved to: experiments/05b_regime_with_penalties/vix2r_d025_t15_dirw2/collapse_monitoring/collapse_monitor_epoch67.json
[DEBUG] VIX routing - batch vix: min=11.0, max=63.6, mean=21.7
[DEBUG CollapseMonitor] on_validation_epoch_start called for epoch 68
[DEBUG CollapseMonitor] reset_temporal_state() called on loss function
Epoch 68: val_loss=0.3838615119457245
Epoch 68: train_loss=0.41241636872291565

[CollapseMonitor] Epoch 68
  [DEBUG] Processed 21 batches from val_dataloader
  [DEBUG] Predictions shape after concat: (1282,)
  [DEBUG] All predictions list length: 21
  [DEBUG] First batch shape: (64,)
  Pred std: 0.151448, range: 0.951985, mean: 0.061529
  Pos: 86.3%, Neg: 13.7%, Unique: 1278
  Collapse penalty: 0.000000 (threshold: 0.005000)
  Directional penalty: 0.010000 (weight: 2.00, threshold: 0.90)
  Saved validation predictions to: experiments/05b_regime_with_penalties/vix2r_d025_t15_dirw2/collapse_monitoring/val_predictions_epoch68.npy
  Gradient norms:
    lstm_encoder: 0.038093
    lstm_decoder: 0.012927
    output_layer: 0.066753
  VSN output std:
    encoder: 0.181557
  Attention entropy: 2.954717
  Regime diagnostics:
    Routing entropy: 0.0000 (normalized: 0.0000)
    Dominant regime: 67.8%
    Regime assignments: 0=67.8%, 1=32.2%
    Avg routing weights: R0=0.6781, R1=0.3219
    Expert 0: std=0.107056, mean=0.106958
    Expert 1: std=0.235764, mean=-0.358780
    VIX correlation (regime_1): 0.790
  Expert weight divergence (0 vs 1): diff=2.4059, cosine=0.1327
    INFO: Good expert divergence (cosine < 0.5) - experts learning different functions
  Saved to: experiments/05b_regime_with_penalties/vix2r_d025_t15_dirw2/collapse_monitoring/collapse_monitor_epoch68.json
[DEBUG] VIX routing - batch vix: min=10.3, max=50.9, mean=20.8
[DEBUG CollapseMonitor] on_validation_epoch_start called for epoch 69
[DEBUG CollapseMonitor] reset_temporal_state() called on loss function
Epoch 69: val_loss=0.38218817114830017
Epoch 69: train_loss=0.4120204746723175

[CollapseMonitor] Epoch 69
  [DEBUG] Processed 21 batches from val_dataloader
  [DEBUG] Predictions shape after concat: (1282,)
  [DEBUG] All predictions list length: 21
  [DEBUG] First batch shape: (64,)
  Pred std: 0.155297, range: 1.006500, mean: 0.056383
  Pos: 85.2%, Neg: 14.8%, Unique: 1279
  Collapse penalty: 0.000000 (threshold: 0.005000)
  Directional penalty: 0.010000 (weight: 2.00, threshold: 0.90)
  Saved validation predictions to: experiments/05b_regime_with_penalties/vix2r_d025_t15_dirw2/collapse_monitoring/val_predictions_epoch69.npy
  Gradient norms:
    lstm_encoder: 0.035824
    lstm_decoder: 0.013265
    output_layer: 0.066042
  VSN output std:
    encoder: 0.181870
  Attention entropy: 2.949977
  Regime diagnostics:
    Routing entropy: 0.0000 (normalized: 0.0000)
    Dominant regime: 67.8%
    Regime assignments: 0=67.8%, 1=32.2%
    Avg routing weights: R0=0.6781, R1=0.3219
    Expert 0: std=0.107692, mean=0.109887
    Expert 1: std=0.248152, mean=-0.388383
    VIX correlation (regime_1): 0.790
  Expert weight divergence (0 vs 1): diff=2.4144, cosine=0.1333
    INFO: Good expert divergence (cosine < 0.5) - experts learning different functions
  Saved to: experiments/05b_regime_with_penalties/vix2r_d025_t15_dirw2/collapse_monitoring/collapse_monitor_epoch69.json
[DEBUG] VIX routing - batch vix: min=10.3, max=52.7, mean=20.5
[DEBUG CollapseMonitor] on_validation_epoch_start called for epoch 70
[DEBUG CollapseMonitor] reset_temporal_state() called on loss function
Epoch 70: val_loss=0.3818837106227875
Epoch 70: train_loss=0.41253340244293213

[CollapseMonitor] Epoch 70
  [DEBUG] Processed 21 batches from val_dataloader
  [DEBUG] Predictions shape after concat: (1282,)
  [DEBUG] All predictions list length: 21
  [DEBUG] First batch shape: (64,)
  Pred std: 0.159808, range: 1.028144, mean: 0.063524
  Pos: 84.3%, Neg: 15.7%, Unique: 1279
  Collapse penalty: 0.000000 (threshold: 0.005000)
  Directional penalty: 0.010000 (weight: 2.00, threshold: 0.90)
  Saved validation predictions to: experiments/05b_regime_with_penalties/vix2r_d025_t15_dirw2/collapse_monitoring/val_predictions_epoch70.npy
  Gradient norms:
    lstm_encoder: 0.037601
    lstm_decoder: 0.013370
    output_layer: 0.067672
  VSN output std:
    encoder: 0.182927
  Attention entropy: 2.947616
  Regime diagnostics:
    Routing entropy: 0.0000 (normalized: 0.0000)
    Dominant regime: 67.8%
    Regime assignments: 0=67.8%, 1=32.2%
    Avg routing weights: R0=0.6781, R1=0.3219
    Expert 0: std=0.112134, mean=0.120827
    Expert 1: std=0.251554, mean=-0.393211
    VIX correlation (regime_1): 0.790
  Expert weight divergence (0 vs 1): diff=2.4194, cosine=0.1345
    INFO: Good expert divergence (cosine < 0.5) - experts learning different functions
  Saved to: experiments/05b_regime_with_penalties/vix2r_d025_t15_dirw2/collapse_monitoring/collapse_monitor_epoch70.json
[DEBUG] VIX routing - batch vix: min=10.7, max=48.7, mean=20.4
[DEBUG CollapseMonitor] on_validation_epoch_start called for epoch 71
[DEBUG CollapseMonitor] reset_temporal_state() called on loss function
Epoch 71: val_loss=0.38542962074279785
Epoch 71: train_loss=0.4128316640853882

[CollapseMonitor] Epoch 71
  [DEBUG] Processed 21 batches from val_dataloader
  [DEBUG] Predictions shape after concat: (1282,)
  [DEBUG] All predictions list length: 21
  [DEBUG] First batch shape: (64,)
  Pred std: 0.152431, range: 1.013062, mean: 0.095398
  Pos: 87.5%, Neg: 12.5%, Unique: 1279
  Collapse penalty: 0.000000 (threshold: 0.005000)
  Directional penalty: 0.010000 (weight: 2.00, threshold: 0.90)
  Saved validation predictions to: experiments/05b_regime_with_penalties/vix2r_d025_t15_dirw2/collapse_monitoring/val_predictions_epoch71.npy
  Gradient norms:
    lstm_encoder: 0.034388
    lstm_decoder: 0.013736
    output_layer: 0.067772
  VSN output std:
    encoder: 0.182981
  Attention entropy: 2.951709
  Regime diagnostics:
    Routing entropy: 0.0000 (normalized: 0.0000)
    Dominant regime: 67.8%
    Regime assignments: 0=67.8%, 1=32.2%
    Avg routing weights: R0=0.6781, R1=0.3219
    Expert 0: std=0.108868, mean=0.141009
    Expert 1: std=0.252563, mean=-0.360614
    VIX correlation (regime_1): 0.790
  Expert weight divergence (0 vs 1): diff=2.4212, cosine=0.1369
    INFO: Good expert divergence (cosine < 0.5) - experts learning different functions
  Saved to: experiments/05b_regime_with_penalties/vix2r_d025_t15_dirw2/collapse_monitoring/collapse_monitor_epoch71.json
[DEBUG] VIX routing - batch vix: min=10.3, max=53.1, mean=19.9
[DEBUG CollapseMonitor] on_validation_epoch_start called for epoch 72
[DEBUG CollapseMonitor] reset_temporal_state() called on loss function
Epoch 72: val_loss=0.38206467032432556
Epoch 72: train_loss=0.41343793272972107

[CollapseMonitor] Epoch 72
  [DEBUG] Processed 21 batches from val_dataloader
  [DEBUG] Predictions shape after concat: (1282,)
  [DEBUG] All predictions list length: 21
  [DEBUG] First batch shape: (64,)
  Pred std: 0.161435, range: 1.034160, mean: 0.065211
  Pos: 86.3%, Neg: 13.7%, Unique: 1281
  Collapse penalty: 0.000000 (threshold: 0.005000)
  Directional penalty: 0.010000 (weight: 2.00, threshold: 0.90)
  Saved validation predictions to: experiments/05b_regime_with_penalties/vix2r_d025_t15_dirw2/collapse_monitoring/val_predictions_epoch72.npy
  Gradient norms:
    lstm_encoder: 0.038983
    lstm_decoder: 0.013994
    output_layer: 0.067696
  VSN output std:
    encoder: 0.181595
  Attention entropy: 2.951159
  Regime diagnostics:
    Routing entropy: 0.0000 (normalized: 0.0000)
    Dominant regime: 67.8%
    Regime assignments: 0=67.8%, 1=32.2%
    Avg routing weights: R0=0.6781, R1=0.3219
    Expert 0: std=0.115892, mean=0.112859
    Expert 1: std=0.253835, mean=-0.387914
    VIX correlation (regime_1): 0.790
  Expert weight divergence (0 vs 1): diff=2.4273, cosine=0.1363
    INFO: Good expert divergence (cosine < 0.5) - experts learning different functions
  Saved to: experiments/05b_regime_with_penalties/vix2r_d025_t15_dirw2/collapse_monitoring/collapse_monitor_epoch72.json
[DEBUG] VIX routing - batch vix: min=10.9, max=51.0, mean=19.7
[DEBUG CollapseMonitor] on_validation_epoch_start called for epoch 73
[DEBUG CollapseMonitor] reset_temporal_state() called on loss function
Epoch 73: val_loss=0.3832520842552185
Epoch 73: train_loss=0.41277143359184265

[CollapseMonitor] Epoch 73
  [DEBUG] Processed 21 batches from val_dataloader
  [DEBUG] Predictions shape after concat: (1282,)
  [DEBUG] All predictions list length: 21
  [DEBUG] First batch shape: (64,)
  Pred std: 0.160703, range: 1.068859, mean: 0.079579
  Pos: 86.6%, Neg: 13.4%, Unique: 1281
  Collapse penalty: 0.000000 (threshold: 0.005000)
  Directional penalty: 0.010000 (weight: 2.00, threshold: 0.90)
  Saved validation predictions to: experiments/05b_regime_with_penalties/vix2r_d025_t15_dirw2/collapse_monitoring/val_predictions_epoch73.npy
  Gradient norms:
    lstm_encoder: 0.037130
    lstm_decoder: 0.013552
    output_layer: 0.066435
  VSN output std:
    encoder: 0.183035
  Attention entropy: 2.950245
  Regime diagnostics:
    Routing entropy: 0.0000 (normalized: 0.0000)
    Dominant regime: 67.8%
    Regime assignments: 0=67.8%, 1=32.2%
    Avg routing weights: R0=0.6781, R1=0.3219
    Expert 0: std=0.112843, mean=0.130207
    Expert 1: std=0.265124, mean=-0.395798
    VIX correlation (regime_1): 0.790
  Expert weight divergence (0 vs 1): diff=2.4287, cosine=0.1380
    INFO: Good expert divergence (cosine < 0.5) - experts learning different functions
  Saved to: experiments/05b_regime_with_penalties/vix2r_d025_t15_dirw2/collapse_monitoring/collapse_monitor_epoch73.json
[DEBUG] VIX routing - batch vix: min=10.8, max=66.3, mean=19.9
[DEBUG CollapseMonitor] on_validation_epoch_start called for epoch 74
[DEBUG CollapseMonitor] reset_temporal_state() called on loss function
Epoch 74: val_loss=0.38267117738723755
Epoch 74: train_loss=0.4140893220901489

[CollapseMonitor] Epoch 74
  [DEBUG] Processed 21 batches from val_dataloader
  [DEBUG] Predictions shape after concat: (1282,)
  [DEBUG] All predictions list length: 21
  [DEBUG] First batch shape: (64,)
  Pred std: 0.170890, range: 1.093512, mean: 0.048147
  Pos: 82.1%, Neg: 17.9%, Unique: 1278
  Collapse penalty: 0.000000 (threshold: 0.005000)
  Directional penalty: 0.010000 (weight: 2.00, threshold: 0.90)
  Saved validation predictions to: experiments/05b_regime_with_penalties/vix2r_d025_t15_dirw2/collapse_monitoring/val_predictions_epoch74.npy
  Gradient norms:
    lstm_encoder: 0.039949
    lstm_decoder: 0.014660
    output_layer: 0.066917
  VSN output std:
    encoder: 0.181685
  Attention entropy: 2.950434
  Regime diagnostics:
    Routing entropy: 0.0000 (normalized: 0.0000)
    Dominant regime: 67.8%
    Regime assignments: 0=67.8%, 1=32.2%
    Avg routing weights: R0=0.6781, R1=0.3219
    Expert 0: std=0.110403, mean=0.114679
    Expert 1: std=0.261219, mean=-0.438097
    VIX correlation (regime_1): 0.790
  Expert weight divergence (0 vs 1): diff=2.4328, cosine=0.1373
    INFO: Good expert divergence (cosine < 0.5) - experts learning different functions
  Saved to: experiments/05b_regime_with_penalties/vix2r_d025_t15_dirw2/collapse_monitoring/collapse_monitor_epoch74.json
[DEBUG] VIX routing - batch vix: min=10.7, max=64.7, mean=19.9
[DEBUG CollapseMonitor] on_validation_epoch_start called for epoch 75
[DEBUG CollapseMonitor] reset_temporal_state() called on loss function
Epoch 75: val_loss=0.38092008233070374
Epoch 75: train_loss=0.4126177132129669

[CollapseMonitor] Epoch 75
  [DEBUG] Processed 21 batches from val_dataloader
  [DEBUG] Predictions shape after concat: (1282,)
  [DEBUG] All predictions list length: 21
  [DEBUG] First batch shape: (64,)
  Pred std: 0.173090, range: 1.096745, mean: 0.037972
  Pos: 84.0%, Neg: 16.0%, Unique: 1279
  Collapse penalty: 0.000000 (threshold: 0.005000)
  Directional penalty: 0.010000 (weight: 2.00, threshold: 0.90)
  Saved validation predictions to: experiments/05b_regime_with_penalties/vix2r_d025_t15_dirw2/collapse_monitoring/val_predictions_epoch75.npy
  Gradient norms:
    lstm_encoder: 0.035951
    lstm_decoder: 0.013268
    output_layer: 0.063056
  VSN output std:
    encoder: 0.181262
  Attention entropy: 2.950136
  Regime diagnostics:
    Routing entropy: 0.0000 (normalized: 0.0000)
    Dominant regime: 67.8%
    Regime assignments: 0=67.8%, 1=32.2%
    Avg routing weights: R0=0.6781, R1=0.3219
    Expert 0: std=0.112373, mean=0.094713
    Expert 1: std=0.274179, mean=-0.445544
    VIX correlation (regime_1): 0.790
  Expert weight divergence (0 vs 1): diff=2.4331, cosine=0.1421
    INFO: Good expert divergence (cosine < 0.5) - experts learning different functions
  Saved to: experiments/05b_regime_with_penalties/vix2r_d025_t15_dirw2/collapse_monitoring/collapse_monitor_epoch75.json
[DEBUG] VIX routing - batch vix: min=9.9, max=36.6, mean=18.9
[DEBUG CollapseMonitor] on_validation_epoch_start called for epoch 76
[DEBUG CollapseMonitor] reset_temporal_state() called on loss function
Epoch 76: val_loss=0.38160911202430725
Epoch 76: train_loss=0.4126519560813904

[CollapseMonitor] Epoch 76
  [DEBUG] Processed 21 batches from val_dataloader
  [DEBUG] Predictions shape after concat: (1282,)
  [DEBUG] All predictions list length: 21
  [DEBUG] First batch shape: (64,)
  Pred std: 0.171470, range: 1.137015, mean: 0.065483
  Pos: 84.2%, Neg: 15.8%, Unique: 1280
  Collapse penalty: 0.000000 (threshold: 0.005000)
  Directional penalty: 0.010000 (weight: 2.00, threshold: 0.90)
  Saved validation predictions to: experiments/05b_regime_with_penalties/vix2r_d025_t15_dirw2/collapse_monitoring/val_predictions_epoch76.npy
  Gradient norms:
    lstm_encoder: 0.037777
    lstm_decoder: 0.014334
    output_layer: 0.065898
  VSN output std:
    encoder: 0.182994
  Attention entropy: 2.953168
  Regime diagnostics:
    Routing entropy: 0.0000 (normalized: 0.0000)
    Dominant regime: 67.8%
    Regime assignments: 0=67.8%, 1=32.2%
    Avg routing weights: R0=0.6781, R1=0.3219
    Expert 0: std=0.120408, mean=0.129917
    Expert 1: std=0.279204, mean=-0.435323
    VIX correlation (regime_1): 0.790
  Expert weight divergence (0 vs 1): diff=2.4384, cosine=0.1397
    INFO: Good expert divergence (cosine < 0.5) - experts learning different functions
  Saved to: experiments/05b_regime_with_penalties/vix2r_d025_t15_dirw2/collapse_monitoring/collapse_monitor_epoch76.json
[DEBUG] VIX routing - batch vix: min=10.9, max=60.7, mean=20.3
[DEBUG CollapseMonitor] on_validation_epoch_start called for epoch 77
[DEBUG CollapseMonitor] reset_temporal_state() called on loss function
Epoch 77: val_loss=0.38139858841896057
Epoch 77: train_loss=0.4116511940956116

[CollapseMonitor] Epoch 77
  [DEBUG] Processed 21 batches from val_dataloader
  [DEBUG] Predictions shape after concat: (1282,)
  [DEBUG] All predictions list length: 21
  [DEBUG] First batch shape: (64,)
  Pred std: 0.172610, range: 1.134039, mean: 0.068431
  Pos: 86.5%, Neg: 13.5%, Unique: 1281
  Collapse penalty: 0.000000 (threshold: 0.005000)
  Directional penalty: 0.010000 (weight: 2.00, threshold: 0.90)
  Saved validation predictions to: experiments/05b_regime_with_penalties/vix2r_d025_t15_dirw2/collapse_monitoring/val_predictions_epoch77.npy
  Gradient norms:
    lstm_encoder: 0.040397
    lstm_decoder: 0.013870
    output_layer: 0.062562
  VSN output std:
    encoder: 0.182550
  Attention entropy: 2.950174
  Regime diagnostics:
    Routing entropy: 0.0000 (normalized: 0.0000)
    Dominant regime: 67.8%
    Regime assignments: 0=67.8%, 1=32.2%
    Avg routing weights: R0=0.6781, R1=0.3219
    Expert 0: std=0.121966, mean=0.119188
    Expert 1: std=0.289431, mean=-0.428626
    VIX correlation (regime_1): 0.790
  Expert weight divergence (0 vs 1): diff=2.4429, cosine=0.1417
    INFO: Good expert divergence (cosine < 0.5) - experts learning different functions
  Saved to: experiments/05b_regime_with_penalties/vix2r_d025_t15_dirw2/collapse_monitoring/collapse_monitor_epoch77.json
[DEBUG] VIX routing - batch vix: min=10.2, max=46.1, mean=19.5
[DEBUG CollapseMonitor] on_validation_epoch_start called for epoch 78
[DEBUG CollapseMonitor] reset_temporal_state() called on loss function
Epoch 78: val_loss=0.38064947724342346
Epoch 78: train_loss=0.41271474957466125

[CollapseMonitor] Epoch 78
  [DEBUG] Processed 21 batches from val_dataloader
  [DEBUG] Predictions shape after concat: (1282,)
  [DEBUG] All predictions list length: 21
  [DEBUG] First batch shape: (64,)
  Pred std: 0.175554, range: 1.158639, mean: 0.057660
  Pos: 84.0%, Neg: 16.0%, Unique: 1278
  Collapse penalty: 0.000000 (threshold: 0.005000)
  Directional penalty: 0.010000 (weight: 2.00, threshold: 0.90)
  Saved validation predictions to: experiments/05b_regime_with_penalties/vix2r_d025_t15_dirw2/collapse_monitoring/val_predictions_epoch78.npy
  Gradient norms:
    lstm_encoder: 0.039722
    lstm_decoder: 0.014199
    output_layer: 0.068906
  VSN output std:
    encoder: 0.182168
  Attention entropy: 2.951066
  Regime diagnostics:
    Routing entropy: 0.0000 (normalized: 0.0000)
    Dominant regime: 67.8%
    Regime assignments: 0=67.8%, 1=32.2%
    Avg routing weights: R0=0.6781, R1=0.3219
    Expert 0: std=0.122943, mean=0.124041
    Expert 1: std=0.285578, mean=-0.446699
    VIX correlation (regime_1): 0.790
  Expert weight divergence (0 vs 1): diff=2.4508, cosine=0.1393
    INFO: Good expert divergence (cosine < 0.5) - experts learning different functions
  Saved to: experiments/05b_regime_with_penalties/vix2r_d025_t15_dirw2/collapse_monitoring/collapse_monitor_epoch78.json
[DEBUG] VIX routing - batch vix: min=11.3, max=35.1, mean=18.9
[DEBUG CollapseMonitor] on_validation_epoch_start called for epoch 79
[DEBUG CollapseMonitor] reset_temporal_state() called on loss function
Epoch 79: val_loss=0.38174185156822205
Epoch 79: train_loss=0.4126652777194977

[CollapseMonitor] Epoch 79
  [DEBUG] Processed 21 batches from val_dataloader
  [DEBUG] Predictions shape after concat: (1282,)
  [DEBUG] All predictions list length: 21
  [DEBUG] First batch shape: (64,)
  Pred std: 0.175160, range: 1.179322, mean: 0.058183
  Pos: 83.5%, Neg: 16.5%, Unique: 1280
  Collapse penalty: 0.000000 (threshold: 0.005000)
  Directional penalty: 0.010000 (weight: 2.00, threshold: 0.90)
  Saved validation predictions to: experiments/05b_regime_with_penalties/vix2r_d025_t15_dirw2/collapse_monitoring/val_predictions_epoch79.npy
  Gradient norms:
    lstm_encoder: 0.037176
    lstm_decoder: 0.013628
    output_layer: 0.065767
  VSN output std:
    encoder: 0.181756
  Attention entropy: 2.953108
  Regime diagnostics:
    Routing entropy: 0.0000 (normalized: 0.0000)
    Dominant regime: 67.8%
    Regime assignments: 0=67.8%, 1=32.2%
    Avg routing weights: R0=0.6781, R1=0.3219
    Expert 0: std=0.121828, mean=0.133816
    Expert 1: std=0.284687, mean=-0.453558
    VIX correlation (regime_1): 0.790
  Expert weight divergence (0 vs 1): diff=2.4532, cosine=0.1407
    INFO: Good expert divergence (cosine < 0.5) - experts learning different functions
  Saved to: experiments/05b_regime_with_penalties/vix2r_d025_t15_dirw2/collapse_monitoring/collapse_monitor_epoch79.json
[DEBUG] VIX routing - batch vix: min=10.2, max=46.3, mean=20.2
[DEBUG CollapseMonitor] on_validation_epoch_start called for epoch 80
[DEBUG CollapseMonitor] reset_temporal_state() called on loss function
Epoch 80: val_loss=0.38037413358688354
Epoch 80: train_loss=0.4115990996360779

[CollapseMonitor] Epoch 80
  [DEBUG] Processed 21 batches from val_dataloader
  [DEBUG] Predictions shape after concat: (1282,)
  [DEBUG] All predictions list length: 21
  [DEBUG] First batch shape: (64,)
  Pred std: 0.179761, range: 1.202999, mean: 0.037121
  Pos: 78.8%, Neg: 21.2%, Unique: 1276
  Collapse penalty: 0.000000 (threshold: 0.005000)
  Directional penalty: 0.010000 (weight: 2.00, threshold: 0.90)
  Saved validation predictions to: experiments/05b_regime_with_penalties/vix2r_d025_t15_dirw2/collapse_monitoring/val_predictions_epoch80.npy
  Gradient norms:
    lstm_encoder: 0.039946
    lstm_decoder: 0.013721
    output_layer: 0.066123
  VSN output std:
    encoder: 0.182051
  Attention entropy: 2.957777
  Regime diagnostics:
    Routing entropy: 0.0000 (normalized: 0.0000)
    Dominant regime: 67.8%
    Regime assignments: 0=67.8%, 1=32.2%
    Avg routing weights: R0=0.6781, R1=0.3219
    Expert 0: std=0.124649, mean=0.123368
    Expert 1: std=0.286033, mean=-0.480695
    VIX correlation (regime_1): 0.790
  Expert weight divergence (0 vs 1): diff=2.4551, cosine=0.1435
    INFO: Good expert divergence (cosine < 0.5) - experts learning different functions
  Saved to: experiments/05b_regime_with_penalties/vix2r_d025_t15_dirw2/collapse_monitoring/collapse_monitor_epoch80.json
[DEBUG] VIX routing - batch vix: min=10.9, max=67.0, mean=19.9
[DEBUG CollapseMonitor] on_validation_epoch_start called for epoch 81
[DEBUG CollapseMonitor] reset_temporal_state() called on loss function
Epoch 81: val_loss=0.37991172075271606
Epoch 81: train_loss=0.41121429204940796

[CollapseMonitor] Epoch 81
  [DEBUG] Processed 21 batches from val_dataloader
  [DEBUG] Predictions shape after concat: (1282,)
  [DEBUG] All predictions list length: 21
  [DEBUG] First batch shape: (64,)
  Pred std: 0.176437, range: 1.197538, mean: 0.073247
  Pos: 84.3%, Neg: 15.7%, Unique: 1280
  Collapse penalty: 0.000000 (threshold: 0.005000)
  Directional penalty: 0.010000 (weight: 2.00, threshold: 0.90)
  Saved validation predictions to: experiments/05b_regime_with_penalties/vix2r_d025_t15_dirw2/collapse_monitoring/val_predictions_epoch81.npy
  Gradient norms:
    lstm_encoder: 0.036080
    lstm_decoder: 0.014402
    output_layer: 0.065421
  VSN output std:
    encoder: 0.182054
  Attention entropy: 2.954346
  Regime diagnostics:
    Routing entropy: 0.0000 (normalized: 0.0000)
    Dominant regime: 67.8%
    Regime assignments: 0=67.8%, 1=32.2%
    Avg routing weights: R0=0.6781, R1=0.3219
    Expert 0: std=0.124524, mean=0.144541
    Expert 1: std=0.289638, mean=-0.446618
    VIX correlation (regime_1): 0.790
  Expert weight divergence (0 vs 1): diff=2.4607, cosine=0.1434
    INFO: Good expert divergence (cosine < 0.5) - experts learning different functions
  Saved to: experiments/05b_regime_with_penalties/vix2r_d025_t15_dirw2/collapse_monitoring/collapse_monitor_epoch81.json
[DEBUG] VIX routing - batch vix: min=10.4, max=67.6, mean=19.6
[DEBUG CollapseMonitor] on_validation_epoch_start called for epoch 82
[DEBUG CollapseMonitor] reset_temporal_state() called on loss function
Epoch 82: val_loss=0.38104572892189026
Epoch 82: train_loss=0.4117550253868103

[CollapseMonitor] Epoch 82
  [DEBUG] Processed 21 batches from val_dataloader
  [DEBUG] Predictions shape after concat: (1282,)
  [DEBUG] All predictions list length: 21
  [DEBUG] First batch shape: (64,)
  Pred std: 0.177770, range: 1.193996, mean: 0.042141
  Pos: 83.2%, Neg: 16.8%, Unique: 1277
  Collapse penalty: 0.000000 (threshold: 0.005000)
  Directional penalty: 0.010000 (weight: 2.00, threshold: 0.90)
  Saved validation predictions to: experiments/05b_regime_with_penalties/vix2r_d025_t15_dirw2/collapse_monitoring/val_predictions_epoch82.npy
  Gradient norms:
    lstm_encoder: 0.039506
    lstm_decoder: 0.015214
    output_layer: 0.069164
  VSN output std:
    encoder: 0.180818
  Attention entropy: 2.953085
  Regime diagnostics:
    Routing entropy: 0.0000 (normalized: 0.0000)
    Dominant regime: 67.8%
    Regime assignments: 0=67.8%, 1=32.2%
    Avg routing weights: R0=0.6781, R1=0.3219
    Expert 0: std=0.124556, mean=0.111947
    Expert 1: std=0.297280, mean=-0.473132
    VIX correlation (regime_1): 0.790
  Expert weight divergence (0 vs 1): diff=2.4626, cosine=0.1454
    INFO: Good expert divergence (cosine < 0.5) - experts learning different functions
  Saved to: experiments/05b_regime_with_penalties/vix2r_d025_t15_dirw2/collapse_monitoring/collapse_monitor_epoch82.json
[DEBUG] VIX routing - batch vix: min=10.2, max=55.8, mean=19.2
[DEBUG CollapseMonitor] on_validation_epoch_start called for epoch 83
[DEBUG CollapseMonitor] reset_temporal_state() called on loss function
Epoch 83: val_loss=0.3833712339401245
Epoch 83: train_loss=0.41254639625549316

[CollapseMonitor] Epoch 83
  [DEBUG] Processed 21 batches from val_dataloader
  [DEBUG] Predictions shape after concat: (1282,)
  [DEBUG] All predictions list length: 21
  [DEBUG] First batch shape: (64,)
  Pred std: 0.173062, range: 1.162659, mean: 0.030945
  Pos: 81.1%, Neg: 18.9%, Unique: 1282
  Collapse penalty: 0.000000 (threshold: 0.005000)
  Directional penalty: 0.010000 (weight: 2.00, threshold: 0.90)
  Saved validation predictions to: experiments/05b_regime_with_penalties/vix2r_d025_t15_dirw2/collapse_monitoring/val_predictions_epoch83.npy
  Gradient norms:
    lstm_encoder: 0.041640
    lstm_decoder: 0.014711
    output_layer: 0.067364
  VSN output std:
    encoder: 0.180858
  Attention entropy: 2.954585
  Regime diagnostics:
    Routing entropy: 0.0000 (normalized: 0.0000)
    Dominant regime: 67.8%
    Regime assignments: 0=67.8%, 1=32.2%
    Avg routing weights: R0=0.6781, R1=0.3219
    Expert 0: std=0.118994, mean=0.098173
    Expert 1: std=0.290825, mean=-0.474230
    VIX correlation (regime_1): 0.790
  Expert weight divergence (0 vs 1): diff=2.4658, cosine=0.1442
    INFO: Good expert divergence (cosine < 0.5) - experts learning different functions
  Saved to: experiments/05b_regime_with_penalties/vix2r_d025_t15_dirw2/collapse_monitoring/collapse_monitor_epoch83.json
[DEBUG] VIX routing - batch vix: min=10.0, max=41.2, mean=18.1
[DEBUG CollapseMonitor] on_validation_epoch_start called for epoch 84
[DEBUG CollapseMonitor] reset_temporal_state() called on loss function
Epoch 84: val_loss=0.38255324959754944
Epoch 84: train_loss=0.4122413396835327

[CollapseMonitor] Epoch 84
  [DEBUG] Processed 21 batches from val_dataloader
  [DEBUG] Predictions shape after concat: (1282,)
  [DEBUG] All predictions list length: 21
  [DEBUG] First batch shape: (64,)
  Pred std: 0.176512, range: 1.205916, mean: 0.077334
  Pos: 86.3%, Neg: 13.7%, Unique: 1278
  Collapse penalty: 0.000000 (threshold: 0.005000)
  Directional penalty: 0.010000 (weight: 2.00, threshold: 0.90)
  Saved validation predictions to: experiments/05b_regime_with_penalties/vix2r_d025_t15_dirw2/collapse_monitoring/val_predictions_epoch84.npy
  Gradient norms:
    lstm_encoder: 0.043435
    lstm_decoder: 0.015316
    output_layer: 0.065237
  VSN output std:
    encoder: 0.181240
  Attention entropy: 2.953622
  Regime diagnostics:
    Routing entropy: 0.0000 (normalized: 0.0000)
    Dominant regime: 67.8%
    Regime assignments: 0=67.8%, 1=32.2%
    Avg routing weights: R0=0.6781, R1=0.3219
    Expert 0: std=0.122714, mean=0.138144
    Expert 1: std=0.306616, mean=-0.454736
    VIX correlation (regime_1): 0.790
  Expert weight divergence (0 vs 1): diff=2.4742, cosine=0.1419
    INFO: Good expert divergence (cosine < 0.5) - experts learning different functions
  Saved to: experiments/05b_regime_with_penalties/vix2r_d025_t15_dirw2/collapse_monitoring/collapse_monitor_epoch84.json
[DEBUG] VIX routing - batch vix: min=10.9, max=64.7, mean=21.9
[DEBUG CollapseMonitor] on_validation_epoch_start called for epoch 85
[DEBUG CollapseMonitor] reset_temporal_state() called on loss function
Epoch 85: val_loss=0.3850434720516205
Epoch 85: train_loss=0.41086912155151367

[CollapseMonitor] Epoch 85
  [DEBUG] Processed 21 batches from val_dataloader
  [DEBUG] Predictions shape after concat: (1282,)
  [DEBUG] All predictions list length: 21
  [DEBUG] First batch shape: (64,)
  Pred std: 0.182914, range: 1.235416, mean: 0.068641
  Pos: 81.5%, Neg: 18.5%, Unique: 1280
  Collapse penalty: 0.000000 (threshold: 0.005000)
  Directional penalty: 0.010000 (weight: 2.00, threshold: 0.90)
  Saved validation predictions to: experiments/05b_regime_with_penalties/vix2r_d025_t15_dirw2/collapse_monitoring/val_predictions_epoch85.npy
  Gradient norms:
    lstm_encoder: 0.042833
    lstm_decoder: 0.014894
    output_layer: 0.065538
  VSN output std:
    encoder: 0.181574
  Attention entropy: 2.952994
  Regime diagnostics:
    Routing entropy: 0.0000 (normalized: 0.0000)
    Dominant regime: 67.8%
    Regime assignments: 0=67.8%, 1=32.2%
    Avg routing weights: R0=0.6781, R1=0.3219
    Expert 0: std=0.125031, mean=0.149657
    Expert 1: std=0.299558, mean=-0.475369
    VIX correlation (regime_1): 0.790
  Expert weight divergence (0 vs 1): diff=2.4748, cosine=0.1451
    INFO: Good expert divergence (cosine < 0.5) - experts learning different functions
  Saved to: experiments/05b_regime_with_penalties/vix2r_d025_t15_dirw2/collapse_monitoring/collapse_monitor_epoch85.json
[DEBUG] VIX routing - batch vix: min=10.6, max=63.6, mean=19.9
[DEBUG CollapseMonitor] on_validation_epoch_start called for epoch 86
[DEBUG CollapseMonitor] reset_temporal_state() called on loss function
Epoch 86: val_loss=0.3793334364891052
Epoch 86: train_loss=0.4112004339694977

[CollapseMonitor] Epoch 86
  [DEBUG] Processed 21 batches from val_dataloader
  [DEBUG] Predictions shape after concat: (1282,)
  [DEBUG] All predictions list length: 21
  [DEBUG] First batch shape: (64,)
  Pred std: 0.181916, range: 1.227551, mean: 0.075942
  Pos: 83.7%, Neg: 16.3%, Unique: 1278
  Collapse penalty: 0.000000 (threshold: 0.005000)
  Directional penalty: 0.010000 (weight: 2.00, threshold: 0.90)
  Saved validation predictions to: experiments/05b_regime_with_penalties/vix2r_d025_t15_dirw2/collapse_monitoring/val_predictions_epoch86.npy
  Gradient norms:
    lstm_encoder: 0.045733
    lstm_decoder: 0.016101
    output_layer: 0.068080
  VSN output std:
    encoder: 0.181323
  Attention entropy: 2.951151
  Regime diagnostics:
    Routing entropy: 0.0000 (normalized: 0.0000)
    Dominant regime: 67.8%
    Regime assignments: 0=67.8%, 1=32.2%
    Avg routing weights: R0=0.6781, R1=0.3219
    Expert 0: std=0.123688, mean=0.148444
    Expert 1: std=0.299771, mean=-0.463421
    VIX correlation (regime_1): 0.790
  Expert weight divergence (0 vs 1): diff=2.4782, cosine=0.1461
    INFO: Good expert divergence (cosine < 0.5) - experts learning different functions
  Saved to: experiments/05b_regime_with_penalties/vix2r_d025_t15_dirw2/collapse_monitoring/collapse_monitor_epoch86.json
[DEBUG] VIX routing - batch vix: min=10.5, max=57.5, mean=20.6
[DEBUG CollapseMonitor] on_validation_epoch_start called for epoch 87
[DEBUG CollapseMonitor] reset_temporal_state() called on loss function
Epoch 87: val_loss=0.382525235414505
Epoch 87: train_loss=0.4132255017757416

[CollapseMonitor] Epoch 87
  [DEBUG] Processed 21 batches from val_dataloader
  [DEBUG] Predictions shape after concat: (1282,)
  [DEBUG] All predictions list length: 21
  [DEBUG] First batch shape: (64,)
  Pred std: 0.180011, range: 1.222703, mean: 0.059867
  Pos: 80.1%, Neg: 19.9%, Unique: 1281
  Collapse penalty: 0.000000 (threshold: 0.005000)
  Directional penalty: 0.010000 (weight: 2.00, threshold: 0.90)
  Saved validation predictions to: experiments/05b_regime_with_penalties/vix2r_d025_t15_dirw2/collapse_monitoring/val_predictions_epoch87.npy
  Gradient norms:
    lstm_encoder: 0.047198
    lstm_decoder: 0.015588
    output_layer: 0.069677
  VSN output std:
    encoder: 0.181119
  Attention entropy: 2.954606
  Regime diagnostics:
    Routing entropy: 0.0000 (normalized: 0.0000)
    Dominant regime: 67.8%
    Regime assignments: 0=67.8%, 1=32.2%
    Avg routing weights: R0=0.6781, R1=0.3219
    Expert 0: std=0.122108, mean=0.140230
    Expert 1: std=0.290837, mean=-0.475010
    VIX correlation (regime_1): 0.790
  Expert weight divergence (0 vs 1): diff=2.4791, cosine=0.1469
    INFO: Good expert divergence (cosine < 0.5) - experts learning different functions
  Saved to: experiments/05b_regime_with_penalties/vix2r_d025_t15_dirw2/collapse_monitoring/collapse_monitor_epoch87.json
[DEBUG] VIX routing - batch vix: min=11.0, max=47.6, mean=19.5
[DEBUG CollapseMonitor] on_validation_epoch_start called for epoch 88
[DEBUG CollapseMonitor] reset_temporal_state() called on loss function
Epoch 88: val_loss=0.3802050054073334
Epoch 88: train_loss=0.41165968775749207

[CollapseMonitor] Epoch 88
  [DEBUG] Processed 21 batches from val_dataloader
  [DEBUG] Predictions shape after concat: (1282,)
  [DEBUG] All predictions list length: 21
  [DEBUG] First batch shape: (64,)
  Pred std: 0.170062, range: 1.192486, mean: 0.057159
  Pos: 86.4%, Neg: 13.6%, Unique: 1280
  Collapse penalty: 0.000000 (threshold: 0.005000)
  Directional penalty: 0.010000 (weight: 2.00, threshold: 0.90)
  Saved validation predictions to: experiments/05b_regime_with_penalties/vix2r_d025_t15_dirw2/collapse_monitoring/val_predictions_epoch88.npy
  Gradient norms:
    lstm_encoder: 0.038397
    lstm_decoder: 0.014892
    output_layer: 0.069856
  VSN output std:
    encoder: 0.180177
  Attention entropy: 2.951998
  Regime diagnostics:
    Routing entropy: 0.0000 (normalized: 0.0000)
    Dominant regime: 67.8%
    Regime assignments: 0=67.8%, 1=32.2%
    Avg routing weights: R0=0.6781, R1=0.3219
    Expert 0: std=0.125038, mean=0.109148
    Expert 1: std=0.303733, mean=-0.454750
    VIX correlation (regime_1): 0.790
  Expert weight divergence (0 vs 1): diff=2.4818, cosine=0.1501
    INFO: Good expert divergence (cosine < 0.5) - experts learning different functions
  Saved to: experiments/05b_regime_with_penalties/vix2r_d025_t15_dirw2/collapse_monitoring/collapse_monitor_epoch88.json
[DEBUG] VIX routing - batch vix: min=10.1, max=46.7, mean=19.1
[DEBUG CollapseMonitor] on_validation_epoch_start called for epoch 89
[DEBUG CollapseMonitor] reset_temporal_state() called on loss function
Epoch 89: val_loss=0.3822706937789917
Epoch 89: train_loss=0.4103587567806244

[CollapseMonitor] Epoch 89
  [DEBUG] Processed 21 batches from val_dataloader
  [DEBUG] Predictions shape after concat: (1282,)
  [DEBUG] All predictions list length: 21
  [DEBUG] First batch shape: (64,)
  Pred std: 0.177329, range: 1.234424, mean: 0.061064
  Pos: 82.4%, Neg: 17.6%, Unique: 1279
  Collapse penalty: 0.000000 (threshold: 0.005000)
  Directional penalty: 0.010000 (weight: 2.00, threshold: 0.90)
  Saved validation predictions to: experiments/05b_regime_with_penalties/vix2r_d025_t15_dirw2/collapse_monitoring/val_predictions_epoch89.npy
  Gradient norms:
    lstm_encoder: 0.041098
    lstm_decoder: 0.015341
    output_layer: 0.070357
  VSN output std:
    encoder: 0.180891
  Attention entropy: 2.950206
  Regime diagnostics:
    Routing entropy: 0.0000 (normalized: 0.0000)
    Dominant regime: 67.8%
    Regime assignments: 0=67.8%, 1=32.2%
    Avg routing weights: R0=0.6781, R1=0.3219
    Expert 0: std=0.124901, mean=0.134451
    Expert 1: std=0.303818, mean=-0.473985
    VIX correlation (regime_1): 0.790
  Expert weight divergence (0 vs 1): diff=2.4813, cosine=0.1516
    INFO: Good expert divergence (cosine < 0.5) - experts learning different functions
  Saved to: experiments/05b_regime_with_penalties/vix2r_d025_t15_dirw2/collapse_monitoring/collapse_monitor_epoch89.json
[DEBUG] VIX routing - batch vix: min=10.9, max=63.0, mean=19.0
[DEBUG CollapseMonitor] on_validation_epoch_start called for epoch 90
[DEBUG CollapseMonitor] reset_temporal_state() called on loss function
Epoch 90: val_loss=0.3846966028213501
Epoch 90: train_loss=0.41029679775238037

[CollapseMonitor] Epoch 90
  [DEBUG] Processed 21 batches from val_dataloader
  [DEBUG] Predictions shape after concat: (1282,)
  [DEBUG] All predictions list length: 21
  [DEBUG] First batch shape: (64,)
  Pred std: 0.179619, range: 1.264247, mean: 0.052307
  Pos: 82.4%, Neg: 17.6%, Unique: 1277
  Collapse penalty: 0.000000 (threshold: 0.005000)
  Directional penalty: 0.010000 (weight: 2.00, threshold: 0.90)
  Saved validation predictions to: experiments/05b_regime_with_penalties/vix2r_d025_t15_dirw2/collapse_monitoring/val_predictions_epoch90.npy
  Gradient norms:
    lstm_encoder: 0.037760
    lstm_decoder: 0.014790
    output_layer: 0.067133
  VSN output std:
    encoder: 0.180402
  Attention entropy: 2.950192
  Regime diagnostics:
    Routing entropy: 0.0000 (normalized: 0.0000)
    Dominant regime: 67.8%
    Regime assignments: 0=67.8%, 1=32.2%
    Avg routing weights: R0=0.6781, R1=0.3219
    Expert 0: std=0.129018, mean=0.126027
    Expert 1: std=0.308624, mean=-0.490812
    VIX correlation (regime_1): 0.790
  Expert weight divergence (0 vs 1): diff=2.4902, cosine=0.1500
    INFO: Good expert divergence (cosine < 0.5) - experts learning different functions
  Saved to: experiments/05b_regime_with_penalties/vix2r_d025_t15_dirw2/collapse_monitoring/collapse_monitor_epoch90.json
[DEBUG] VIX routing - batch vix: min=10.3, max=63.9, mean=19.9
[DEBUG CollapseMonitor] on_validation_epoch_start called for epoch 91
[DEBUG CollapseMonitor] reset_temporal_state() called on loss function
Epoch 91: val_loss=0.38042759895324707
Epoch 91: train_loss=0.41082504391670227

[CollapseMonitor] Epoch 91
  [DEBUG] Processed 21 batches from val_dataloader
  [DEBUG] Predictions shape after concat: (1282,)
  [DEBUG] All predictions list length: 21
  [DEBUG] First batch shape: (64,)
  Pred std: 0.181824, range: 1.308999, mean: 0.083306
  Pos: 86.0%, Neg: 14.0%, Unique: 1279
  Collapse penalty: 0.000000 (threshold: 0.005000)
  Directional penalty: 0.010000 (weight: 2.00, threshold: 0.90)
  Saved validation predictions to: experiments/05b_regime_with_penalties/vix2r_d025_t15_dirw2/collapse_monitoring/val_predictions_epoch91.npy
  Gradient norms:
    lstm_encoder: 0.041393
    lstm_decoder: 0.015851
    output_layer: 0.065740
  VSN output std:
    encoder: 0.181350
  Attention entropy: 2.946146
  Regime diagnostics:
    Routing entropy: 0.0000 (normalized: 0.0000)
    Dominant regime: 67.8%
    Regime assignments: 0=67.8%, 1=32.2%
    Avg routing weights: R0=0.6781, R1=0.3219
    Expert 0: std=0.130128, mean=0.152988
    Expert 1: std=0.326241, mean=-0.482774
    VIX correlation (regime_1): 0.790
  Expert weight divergence (0 vs 1): diff=2.4994, cosine=0.1480
    INFO: Good expert divergence (cosine < 0.5) - experts learning different functions
  Saved to: experiments/05b_regime_with_penalties/vix2r_d025_t15_dirw2/collapse_monitoring/collapse_monitor_epoch91.json
[DEBUG] VIX routing - batch vix: min=10.3, max=54.3, mean=20.1
[DEBUG CollapseMonitor] on_validation_epoch_start called for epoch 92
[DEBUG CollapseMonitor] reset_temporal_state() called on loss function
Epoch 92: val_loss=0.3796255886554718
Epoch 92: train_loss=0.4102124571800232

[CollapseMonitor] Epoch 92
  [DEBUG] Processed 21 batches from val_dataloader
  [DEBUG] Predictions shape after concat: (1282,)
  [DEBUG] All predictions list length: 21
  [DEBUG] First batch shape: (64,)
  Pred std: 0.188766, range: 1.315520, mean: 0.085185
  Pos: 85.3%, Neg: 14.7%, Unique: 1282
  Collapse penalty: 0.000000 (threshold: 0.005000)
  Directional penalty: 0.010000 (weight: 2.00, threshold: 0.90)
  Saved validation predictions to: experiments/05b_regime_with_penalties/vix2r_d025_t15_dirw2/collapse_monitoring/val_predictions_epoch92.npy
  Gradient norms:
    lstm_encoder: 0.041290
    lstm_decoder: 0.014909
    output_layer: 0.066431
  VSN output std:
    encoder: 0.180949
  Attention entropy: 2.945818
  Regime diagnostics:
    Routing entropy: 0.0000 (normalized: 0.0000)
    Dominant regime: 67.8%
    Regime assignments: 0=67.8%, 1=32.2%
    Avg routing weights: R0=0.6781, R1=0.3219
    Expert 0: std=0.125823, mean=0.161953
    Expert 1: std=0.323873, mean=-0.490972
    VIX correlation (regime_1): 0.790
  Expert weight divergence (0 vs 1): diff=2.5026, cosine=0.1459
    INFO: Good expert divergence (cosine < 0.5) - experts learning different functions
  Saved to: experiments/05b_regime_with_penalties/vix2r_d025_t15_dirw2/collapse_monitoring/collapse_monitor_epoch92.json
[DEBUG] VIX routing - batch vix: min=10.6, max=67.0, mean=19.7
[DEBUG CollapseMonitor] on_validation_epoch_start called for epoch 93
[DEBUG CollapseMonitor] reset_temporal_state() called on loss function
Epoch 93: val_loss=0.3806121051311493
Epoch 93: train_loss=0.41034066677093506

[CollapseMonitor] Epoch 93
  [DEBUG] Processed 21 batches from val_dataloader
  [DEBUG] Predictions shape after concat: (1282,)
  [DEBUG] All predictions list length: 21
  [DEBUG] First batch shape: (64,)
  Pred std: 0.181355, range: 1.298363, mean: 0.059633
  Pos: 84.9%, Neg: 15.1%, Unique: 1279
  Collapse penalty: 0.000000 (threshold: 0.005000)
  Directional penalty: 0.010000 (weight: 2.00, threshold: 0.90)
  Saved validation predictions to: experiments/05b_regime_with_penalties/vix2r_d025_t15_dirw2/collapse_monitoring/val_predictions_epoch93.npy
  Gradient norms:
    lstm_encoder: 0.040700
    lstm_decoder: 0.016061
    output_layer: 0.067523
  VSN output std:
    encoder: 0.180850
  Attention entropy: 2.944815
  Regime diagnostics:
    Routing entropy: 0.0000 (normalized: 0.0000)
    Dominant regime: 67.8%
    Regime assignments: 0=67.8%, 1=32.2%
    Avg routing weights: R0=0.6781, R1=0.3219
    Expert 0: std=0.131155, mean=0.128594
    Expert 1: std=0.328206, mean=-0.498708
    VIX correlation (regime_1): 0.790
  Expert weight divergence (0 vs 1): diff=2.5037, cosine=0.1461
    INFO: Good expert divergence (cosine < 0.5) - experts learning different functions
  Saved to: experiments/05b_regime_with_penalties/vix2r_d025_t15_dirw2/collapse_monitoring/collapse_monitor_epoch93.json
[DEBUG] VIX routing - batch vix: min=11.2, max=43.5, mean=19.6
[DEBUG CollapseMonitor] on_validation_epoch_start called for epoch 94
[DEBUG CollapseMonitor] reset_temporal_state() called on loss function
Epoch 94: val_loss=0.38196197152137756
Epoch 94: train_loss=0.41034141182899475

[CollapseMonitor] Epoch 94
  [DEBUG] Processed 21 batches from val_dataloader
  [DEBUG] Predictions shape after concat: (1282,)
  [DEBUG] All predictions list length: 21
  [DEBUG] First batch shape: (64,)
  Pred std: 0.174999, range: 1.286167, mean: 0.087385
  Pos: 88.1%, Neg: 11.9%, Unique: 1279
  Collapse penalty: 0.000000 (threshold: 0.005000)
  Directional penalty: 0.010000 (weight: 2.00, threshold: 0.90)
  Saved validation predictions to: experiments/05b_regime_with_penalties/vix2r_d025_t15_dirw2/collapse_monitoring/val_predictions_epoch94.npy
  Gradient norms:
    lstm_encoder: 0.040606
    lstm_decoder: 0.015621
    output_layer: 0.068120
  VSN output std:
    encoder: 0.180937
  Attention entropy: 2.944305
  Regime diagnostics:
    Routing entropy: 0.0000 (normalized: 0.0000)
    Dominant regime: 67.8%
    Regime assignments: 0=67.8%, 1=32.2%
    Avg routing weights: R0=0.6781, R1=0.3219
    Expert 0: std=0.130016, mean=0.147135
    Expert 1: std=0.330357, mean=-0.467219
    VIX correlation (regime_1): 0.790
  Expert weight divergence (0 vs 1): diff=2.5065, cosine=0.1454
    INFO: Good expert divergence (cosine < 0.5) - experts learning different functions
  Saved to: experiments/05b_regime_with_penalties/vix2r_d025_t15_dirw2/collapse_monitoring/collapse_monitor_epoch94.json
[DEBUG] VIX routing - batch vix: min=11.4, max=66.3, mean=18.3
[DEBUG CollapseMonitor] on_validation_epoch_start called for epoch 95
[DEBUG CollapseMonitor] reset_temporal_state() called on loss function
Epoch 95: val_loss=0.381840318441391
Epoch 95: train_loss=0.41102778911590576

[CollapseMonitor] Epoch 95
  [DEBUG] Processed 21 batches from val_dataloader
  [DEBUG] Predictions shape after concat: (1282,)
  [DEBUG] All predictions list length: 21
  [DEBUG] First batch shape: (64,)
  Pred std: 0.178270, range: 1.305551, mean: 0.083514
  Pos: 86.2%, Neg: 13.8%, Unique: 1276
  Collapse penalty: 0.000000 (threshold: 0.005000)
  Directional penalty: 0.010000 (weight: 2.00, threshold: 0.90)
  Saved validation predictions to: experiments/05b_regime_with_penalties/vix2r_d025_t15_dirw2/collapse_monitoring/val_predictions_epoch95.npy
  Gradient norms:
    lstm_encoder: 0.043320
    lstm_decoder: 0.015762
    output_layer: 0.065900
  VSN output std:
    encoder: 0.181483
  Attention entropy: 2.943290
  Regime diagnostics:
    Routing entropy: 0.0000 (normalized: 0.0000)
    Dominant regime: 67.8%
    Regime assignments: 0=67.8%, 1=32.2%
    Avg routing weights: R0=0.6781, R1=0.3219
    Expert 0: std=0.129592, mean=0.151019
    Expert 1: std=0.331031, mean=-0.481375
    VIX correlation (regime_1): 0.790
  Expert weight divergence (0 vs 1): diff=2.5078, cosine=0.1451
    INFO: Good expert divergence (cosine < 0.5) - experts learning different functions
  Saved to: experiments/05b_regime_with_penalties/vix2r_d025_t15_dirw2/collapse_monitoring/collapse_monitor_epoch95.json
[DEBUG] VIX routing - batch vix: min=10.8, max=44.9, mean=19.5
[DEBUG CollapseMonitor] on_validation_epoch_start called for epoch 96
[DEBUG CollapseMonitor] reset_temporal_state() called on loss function
Epoch 96: val_loss=0.3832007646560669
Epoch 96: train_loss=0.4112584590911865

[CollapseMonitor] Epoch 96
  [DEBUG] Processed 21 batches from val_dataloader
  [DEBUG] Predictions shape after concat: (1282,)
  [DEBUG] All predictions list length: 21
  [DEBUG] First batch shape: (64,)
  Pred std: 0.183333, range: 1.317054, mean: 0.074259
  Pos: 84.2%, Neg: 15.8%, Unique: 1276
  Collapse penalty: 0.000000 (threshold: 0.005000)
  Directional penalty: 0.010000 (weight: 2.00, threshold: 0.90)
  Saved validation predictions to: experiments/05b_regime_with_penalties/vix2r_d025_t15_dirw2/collapse_monitoring/val_predictions_epoch96.npy
  Gradient norms:
    lstm_encoder: 0.042970
    lstm_decoder: 0.015629
    output_layer: 0.065610
  VSN output std:
    encoder: 0.181134
  Attention entropy: 2.943625
  Regime diagnostics:
    Routing entropy: 0.0000 (normalized: 0.0000)
    Dominant regime: 67.8%
    Regime assignments: 0=67.8%, 1=32.2%
    Avg routing weights: R0=0.6781, R1=0.3219
    Expert 0: std=0.128548, mean=0.149790
    Expert 1: std=0.325397, mean=-0.496045
    VIX correlation (regime_1): 0.790
  Expert weight divergence (0 vs 1): diff=2.5080, cosine=0.1464
    INFO: Good expert divergence (cosine < 0.5) - experts learning different functions
  Saved to: experiments/05b_regime_with_penalties/vix2r_d025_t15_dirw2/collapse_monitoring/collapse_monitor_epoch96.json


======================================================================
Training complete
======================================================================

Best val_loss checkpoint: experiments/05b_regime_with_penalties/vix2r_d025_t15_dirw2/checkpoints/tft-epoch=epoch=86-valloss=val_loss=0.3793.ckpt
Best validation loss: 0.379333
Checkpoints saved:
  - Best val_loss: experiments/05b_regime_with_penalties/vix2r_d025_t15_dirw2/checkpoints/tft-epoch=epoch=86-valloss=val_loss=0.3793.ckpt
  - Best pred_std: experiments/05b_regime_with_penalties/vix2r_d025_t15_dirw2/checkpoints/tft-epoch=epoch=01-predstd=val_pred_std=0.3923.ckpt
  - Best unique: experiments/05b_regime_with_penalties/vix2r_d025_t15_dirw2/checkpoints/tft-epoch=epoch=83-unique=val_num_unique=1282.ckpt
  - Last epoch: experiments/05b_regime_with_penalties/vix2r_d025_t15_dirw2/checkpoints/tft-last.ckpt
Completed at: 2025-11-29 01:03:23
Log saved to: experiments/05b_regime_with_penalties/vix2r_d025_t15_dirw2/training_20251129_002828.log
======================================================================
