{
  "experiment": "sweep2_combo3",
  "collapsed": false,
  "collapse_type": "always_positive",
  "predictions": {
    "mean": 0.13955673575401306,
    "std": 0.052032239735126495,
    "min": 0.09335194528102875,
    "max": 0.2942841053009033,
    "range": 0.20093216001987457,
    "pct_positive": 100.0,
    "pct_negative": 0.0,
    "num_unique": 1253
  },
  "hidden_size": 18,
  "total_params": 27054,
  "diagnosed_at": "2025-10-21T13:20:37.524813"
}