
[INFO] Using AUTO device selection.

[INFO] Patched matplotlib.Axes.errorbar to abs() negative yerr for robustness.
======================================================================
Training TFT: 07_weekly_mods/rolling/daily_regime_attn/fold_2018
======================================================================
Logging to: experiments/07_weekly_mods/rolling/daily_regime_attn/fold_2018/training_20251201_210324.log
Started at: 2025-12-01 21:03:24
======================================================================
Configuration saved to: experiments/07_weekly_mods/rolling/daily_regime_attn/fold_2018/config.json

Loading data splits...
Train: 2498 samples
Val: 250 samples
Test: 249 samples

Preparing TimeSeriesDataSet...

Dropping source columns (used for staleness only): ['CPI']

Final features for TFT: ['SP500_Returns', 'VIX', 'Treasury_10Y', 'Yield_Spread', 'Inflation_YoY']

======================================================================
FEATURE STATISTICS - BEFORE NORMALIZATION
======================================================================
VIX                             mean= 20.7030  std=  9.6792  min=  9.8900  max= 80.8600
Treasury_10Y                    mean=  2.8230  std=  0.9230  min=  1.3700  max=  5.2600
Yield_Spread                    mean=  1.7183  std=  0.7199  min= -0.1500  max=  2.9100
Inflation_YoY                   mean=  1.7920  std=  1.4631  min= -2.1498  max=  5.4850

======================================================================
FEATURES AFTER GROUPNORMALIZER (first batch, last timestep)
======================================================================
VIX                             normalized_value=  1.0000
Treasury_10Y                    normalized_value= -0.0500
Yield_Spread                    normalized_value=  0.9380
Inflation_YoY                   normalized_value=  0.6687
======================================================================

[DEBUG] VIX train values: [12.04 11.51 12.14 12.   11.91]
[DEBUG] VIX val values: [12.85 11.85 11.67 11.32 11.56]
Batches per epoch: 38
[DEBUG] Validation batches: 4
[DEBUG] Validation dataset size: 230
[DEBUG] Batch size: 64

Initializing model...

Using standard QuantileLoss (no penalties)

[REGIME OUTPUT] Disabled (using baseline output layer)

[REGIME ATTENTION] Replaced attention module:
  Mode: vix_threshold
  Regimes: 2
  VIX threshold: 25.0
  Heads: 2
  New parameters: 4 (regime gates only)
  Total attention parameters: 812
[REGIME ATTENTION] Using raw VIX values (train: 2498, val: 250)
[REGIME ATTENTION] VIX range - train: 9.9-80.9, val: 9.1-16.0

[REGIME ATTENTION] Enabled: vix_threshold=25.0

================================================================================
BASELINE MODEL FEATURE CONFIGURATION (after from_dataset)
================================================================================
tft.hparams.time_varying_reals_encoder: ['relative_time_idx', 'VIX', 'Treasury_10Y', 'Yield_Spread', 'Inflation_YoY']
  Count: 5

tft.hparams.time_varying_reals_decoder: ['relative_time_idx']
  Count: 1

tft.hparams.x_reals (all reals passed to model): ['encoder_length', 'relative_time_idx', 'VIX', 'Treasury_10Y', 'Yield_Spread', 'Inflation_YoY']
  Count: 6

Encoder VSN configuration:
  num_inputs: 5
  input_sizes: {'relative_time_idx': 16, 'VIX': 16, 'Treasury_10Y': 16, 'Yield_Spread': 16, 'Inflation_YoY': 16}
  flattened_grn.fc1: in_features=80, out_features=5
  -> Params in fc1: 400 (should be 5*16*5=400 if 5 features)
================================================================================

Model parameters: 22,619

Starting training...
Checkpoints will be saved to: experiments/07_weekly_mods/rolling/daily_regime_attn/fold_2018/checkpoints/
Logs will be saved to: experiments/07_weekly_mods/rolling/daily_regime_attn/fold_2018/logs/

[DEBUG CollapseMonitor] on_validation_epoch_start called for epoch 0
[DEBUG CollapseMonitor] reset_temporal_state() called on loss function
Epoch 0: val_loss=N/A
[DEBUG CollapseMonitor] on_validation_epoch_start called for epoch 0
[DEBUG CollapseMonitor] reset_temporal_state() called on loss function
Epoch 0: val_loss=0.4079841673374176
Epoch 0: train_loss=0.8025075793266296

[CollapseMonitor] Epoch 0
  [DEBUG] Processed 4 batches from val_dataloader
  [DEBUG] Predictions shape after concat: (230,)
  [DEBUG] All predictions list length: 4
  [DEBUG] First batch shape: (64,)
  Pred std: 0.008906, range: 0.028644, mean: 0.186567
  Pos: 100.0%, Neg: 0.0%, Unique: 228
  Dir Acc: 58.26%, Pred Sharpe: 332.5495
  Composite: 0.4610 (dist_match: 0.5826, actual_pos: 58.3%, pred_pos: 100.0%)
  Collapse penalty: 0.000000 (threshold: 0.005000)
  Regime distribution: {'regime_0_fraction': 1.0, 'regime_1_fraction': 0.0}
  Regime gates: {'mean': 0.4994336664676666, 'std': 0.0032165921293199062, 'min': 0.49623826146125793, 'max': 0.5026289820671082}
  Saved validation predictions to: experiments/07_weekly_mods/rolling/daily_regime_attn/fold_2018/collapse_monitoring/val_predictions_epoch0.npy
  Gradient norms:
    lstm_encoder: 0.011499
    lstm_decoder: 0.018351
    output_layer: 0.782576
  Regime gate grads (epoch avg): tensor([[-0.0544, -0.0632],
        [-0.0503, -0.0541]])
  VSN output std:
    encoder: 0.237088
  Attention entropy: 2.994751
  Regime attention gates: [[0.5026289820671082, 0.49623826146125793], [0.5016178488731384, 0.5043014883995056]]
  Saved to: experiments/07_weekly_mods/rolling/daily_regime_attn/fold_2018/collapse_monitoring/collapse_monitor_latest.json
[DEBUG CollapseMonitor] on_validation_epoch_start called for epoch 1
[DEBUG CollapseMonitor] reset_temporal_state() called on loss function
Epoch 1: val_loss=0.3352252244949341
Epoch 1: train_loss=0.7606793642044067

[CollapseMonitor] Epoch 1
  [DEBUG] Processed 4 batches from val_dataloader
  [DEBUG] Predictions shape after concat: (230,)
  [DEBUG] All predictions list length: 4
  [DEBUG] First batch shape: (64,)
  Pred std: 0.008795, range: 0.028719, mean: 0.177217
  Pos: 100.0%, Neg: 0.0%, Unique: 228
  Dir Acc: 58.26%, Pred Sharpe: 319.8679
  Composite: 0.4610 (dist_match: 0.5826, actual_pos: 58.3%, pred_pos: 100.0%)
  Collapse penalty: 0.000000 (threshold: 0.005000)
  Regime distribution: {'regime_0_fraction': 1.0, 'regime_1_fraction': 0.0}
  Regime gates: {'mean': 0.49970385432243347, 'std': 0.003207636997103691, 'min': 0.4965173602104187, 'max': 0.5028902888298035}
  Saved validation predictions to: experiments/07_weekly_mods/rolling/daily_regime_attn/fold_2018/collapse_monitoring/val_predictions_epoch1.npy
  Gradient norms:
    lstm_encoder: 0.010508
    lstm_decoder: 0.016822
    output_layer: 0.740969
  Regime gate grads (epoch avg): tensor([[-0.0603, -0.0695],
        [-0.0558, -0.0566]])
  VSN output std:
    encoder: 0.239817
  Attention entropy: 2.995065
  Regime attention gates: [[0.5028902888298035, 0.4965173602104187], [0.5019444227218628, 0.5046310424804688]]
  Saved to: experiments/07_weekly_mods/rolling/daily_regime_attn/fold_2018/collapse_monitoring/collapse_monitor_latest.json
[DEBUG CollapseMonitor] on_validation_epoch_start called for epoch 2
[DEBUG CollapseMonitor] reset_temporal_state() called on loss function
Epoch 2: val_loss=0.27197352051734924
Epoch 2: train_loss=0.705157995223999

[CollapseMonitor] Epoch 2
  [DEBUG] Processed 4 batches from val_dataloader
  [DEBUG] Predictions shape after concat: (230,)
  [DEBUG] All predictions list length: 4
  [DEBUG] First batch shape: (64,)
  Pred std: 0.007793, range: 0.025696, mean: 0.160964
  Pos: 100.0%, Neg: 0.0%, Unique: 226
  Dir Acc: 58.26%, Pred Sharpe: 327.9034
  Composite: 0.4610 (dist_match: 0.5826, actual_pos: 58.3%, pred_pos: 100.0%)
  Collapse penalty: 0.000000 (threshold: 0.005000)
  Regime distribution: {'regime_0_fraction': 1.0, 'regime_1_fraction': 0.0}
  Regime gates: {'mean': 0.50007164478302, 'std': 0.0032007968984544277, 'min': 0.49689197540283203, 'max': 0.503251314163208}
  Saved validation predictions to: experiments/07_weekly_mods/rolling/daily_regime_attn/fold_2018/collapse_monitoring/val_predictions_epoch2.npy
  Gradient norms:
    lstm_encoder: 0.009167
    lstm_decoder: 0.014250
    output_layer: 0.668029
  Regime gate grads (epoch avg): tensor([[-0.0752, -0.0858],
        [-0.0588, -0.0571]])
  VSN output std:
    encoder: 0.243538
  Attention entropy: 2.995313
  Regime attention gates: [[0.503251314163208, 0.49689197540283203], [0.5023251175880432, 0.5050091743469238]]
  Saved to: experiments/07_weekly_mods/rolling/daily_regime_attn/fold_2018/collapse_monitoring/collapse_monitor_latest.json
[DEBUG CollapseMonitor] on_validation_epoch_start called for epoch 3
[DEBUG CollapseMonitor] reset_temporal_state() called on loss function
Epoch 3: val_loss=0.2180255949497223
Epoch 3: train_loss=0.6547195911407471

[CollapseMonitor] Epoch 3
  [DEBUG] Processed 4 batches from val_dataloader
  [DEBUG] Predictions shape after concat: (230,)
  [DEBUG] All predictions list length: 4
  [DEBUG] First batch shape: (64,)
  Pred std: 0.006176, range: 0.020862, mean: 0.085848
  Pos: 100.0%, Neg: 0.0%, Unique: 229
  Dir Acc: 58.26%, Pred Sharpe: 220.6688
  Composite: 0.4610 (dist_match: 0.5826, actual_pos: 58.3%, pred_pos: 100.0%)
  Collapse penalty: 0.000000 (threshold: 0.005000)
  Regime distribution: {'regime_0_fraction': 1.0, 'regime_1_fraction': 0.0}
  Regime gates: {'mean': 0.5006529688835144, 'std': 0.003204487031325698, 'min': 0.4974696636199951, 'max': 0.5038363337516785}
  Saved validation predictions to: experiments/07_weekly_mods/rolling/daily_regime_attn/fold_2018/collapse_monitoring/val_predictions_epoch3.npy
  Gradient norms:
    lstm_encoder: 0.007243
    lstm_decoder: 0.010593
    output_layer: 0.547689
  Regime gate grads (epoch avg): tensor([[-0.0782, -0.0797],
        [-0.0478, -0.0467]])
  VSN output std:
    encoder: 0.247509
  Attention entropy: 2.995494
  Regime attention gates: [[0.5038363337516785, 0.4974696636199951], [0.5028347373008728, 0.5055007934570312]]
  Saved to: experiments/07_weekly_mods/rolling/daily_regime_attn/fold_2018/collapse_monitoring/collapse_monitor_latest.json
[DEBUG CollapseMonitor] on_validation_epoch_start called for epoch 4
[DEBUG CollapseMonitor] reset_temporal_state() called on loss function
Epoch 4: val_loss=0.1974024921655655
Epoch 4: train_loss=0.6101409792900085

[CollapseMonitor] Epoch 4
  [DEBUG] Processed 4 batches from val_dataloader
  [DEBUG] Predictions shape after concat: (230,)
  [DEBUG] All predictions list length: 4
  [DEBUG] First batch shape: (64,)
  Pred std: 0.004964, range: 0.017164, mean: 0.043934
  Pos: 100.0%, Neg: 0.0%, Unique: 229
  Dir Acc: 58.26%, Pred Sharpe: 140.5007
  Composite: 0.4610 (dist_match: 0.5826, actual_pos: 58.3%, pred_pos: 100.0%)
  Collapse penalty: 0.000000 (threshold: 0.005000)
  Regime distribution: {'regime_0_fraction': 1.0, 'regime_1_fraction': 0.0}
  Regime gates: {'mean': 0.5009595155715942, 'std': 0.0032168321777135134, 'min': 0.49776390194892883, 'max': 0.5041550993919373}
  Saved validation predictions to: experiments/07_weekly_mods/rolling/daily_regime_attn/fold_2018/collapse_monitoring/val_predictions_epoch4.npy
  Gradient norms:
    lstm_encoder: 0.006140
    lstm_decoder: 0.007982
    output_layer: 0.421327
  Regime gate grads (epoch avg): tensor([[-0.0207, -0.0183],
        [-0.0479, -0.0400]])
  VSN output std:
    encoder: 0.249869
  Attention entropy: 2.995581
  Regime attention gates: [[0.5041550993919373, 0.49776390194892883], [0.5035085082054138, 0.5061253905296326]]
  Saved to: experiments/07_weekly_mods/rolling/daily_regime_attn/fold_2018/collapse_monitoring/collapse_monitor_latest.json
[DEBUG CollapseMonitor] on_validation_epoch_start called for epoch 5
[DEBUG CollapseMonitor] reset_temporal_state() called on loss function
Epoch 5: val_loss=0.20102408528327942
Epoch 5: train_loss=0.5723080635070801

[CollapseMonitor] Epoch 5
  [DEBUG] Processed 4 batches from val_dataloader
  [DEBUG] Predictions shape after concat: (230,)
  [DEBUG] All predictions list length: 4
  [DEBUG] First batch shape: (64,)
  Pred std: 0.004343, range: 0.015186, mean: 0.017420
  Pos: 100.0%, Neg: 0.0%, Unique: 227
  Dir Acc: 58.26%, Pred Sharpe: 63.6813
  Composite: 0.4610 (dist_match: 0.5826, actual_pos: 58.3%, pred_pos: 100.0%)
  Collapse penalty: 0.000000 (threshold: 0.005000)
  Regime distribution: {'regime_0_fraction': 1.0, 'regime_1_fraction': 0.0}
  Regime gates: {'mean': 0.5009403228759766, 'std': 0.0032166221644729376, 'min': 0.49774494767189026, 'max': 0.5041357278823853}
  Saved validation predictions to: experiments/07_weekly_mods/rolling/daily_regime_attn/fold_2018/collapse_monitoring/val_predictions_epoch5.npy
  Gradient norms:
    lstm_encoder: 0.005004
    lstm_decoder: 0.005603
    output_layer: 0.302889
  Regime gate grads (epoch avg): tensor([[ 0.0212,  0.0205],
        [-0.0238, -0.0221]])
  VSN output std:
    encoder: 0.250577
  Attention entropy: 2.995615
  Regime attention gates: [[0.5041357278823853, 0.49774494767189026], [0.5040451884269714, 0.5066417455673218]]
  Saved to: experiments/07_weekly_mods/rolling/daily_regime_attn/fold_2018/collapse_monitoring/collapse_monitor_latest.json
[DEBUG CollapseMonitor] on_validation_epoch_start called for epoch 6
[DEBUG CollapseMonitor] reset_temporal_state() called on loss function
Epoch 6: val_loss=0.21120722591876984
Epoch 6: train_loss=0.5527247190475464

[CollapseMonitor] Epoch 6
  [DEBUG] Processed 4 batches from val_dataloader
  [DEBUG] Predictions shape after concat: (230,)
  [DEBUG] All predictions list length: 4
  [DEBUG] First batch shape: (64,)
  Pred std: 0.003894, range: 0.013781, mean: 0.026224
  Pos: 100.0%, Neg: 0.0%, Unique: 224
  Dir Acc: 58.26%, Pred Sharpe: 106.9179
  Composite: 0.4610 (dist_match: 0.5826, actual_pos: 58.3%, pred_pos: 100.0%)
  Collapse penalty: 0.000000 (threshold: 0.005000)
  Regime distribution: {'regime_0_fraction': 1.0, 'regime_1_fraction': 0.0}
  Regime gates: {'mean': 0.5005123019218445, 'std': 0.003266977844759822, 'min': 0.49726688861846924, 'max': 0.5037577152252197}
  Saved validation predictions to: experiments/07_weekly_mods/rolling/daily_regime_attn/fold_2018/collapse_monitoring/val_predictions_epoch6.npy
  Gradient norms:
    lstm_encoder: 0.004081
    lstm_decoder: 0.004183
    output_layer: 0.217970
  Regime gate grads (epoch avg): tensor([[ 0.0201,  0.0269],
        [-0.0281, -0.0258]])
  VSN output std:
    encoder: 0.250086
  Attention entropy: 2.995638
  Regime attention gates: [[0.5037577152252197, 0.49726688861846924], [0.5047385692596436, 0.5073169469833374]]
  Saved to: experiments/07_weekly_mods/rolling/daily_regime_attn/fold_2018/collapse_monitoring/collapse_monitor_latest.json
[DEBUG CollapseMonitor] on_validation_epoch_start called for epoch 7
[DEBUG CollapseMonitor] reset_temporal_state() called on loss function
Epoch 7: val_loss=0.2236822098493576
Epoch 7: train_loss=0.5335666537284851

[CollapseMonitor] Epoch 7
  [DEBUG] Processed 4 batches from val_dataloader
  [DEBUG] Predictions shape after concat: (230,)
  [DEBUG] All predictions list length: 4
  [DEBUG] First batch shape: (64,)
  Pred std: 0.003481, range: 0.012473, mean: 0.005165
  Pos: 98.3%, Neg: 1.7%, Unique: 225
  Dir Acc: 58.26%, Pred Sharpe: 23.5567
  Composite: 0.4661 (dist_match: 0.6000, actual_pos: 58.3%, pred_pos: 98.3%)
  Collapse penalty: 0.000000 (threshold: 0.005000)
  Regime distribution: {'regime_0_fraction': 1.0, 'regime_1_fraction': 0.0}
  Regime gates: {'mean': 0.49965667724609375, 'std': 0.0032998130191117525, 'min': 0.496378630399704, 'max': 0.5029346942901611}
  Saved validation predictions to: experiments/07_weekly_mods/rolling/daily_regime_attn/fold_2018/collapse_monitoring/val_predictions_epoch7.npy
  Gradient norms:
    lstm_encoder: 0.003517
    lstm_decoder: 0.003372
    output_layer: 0.164419
  Regime gate grads (epoch avg): tensor([[ 0.0369,  0.0372],
        [-0.0208, -0.0180]])
  VSN output std:
    encoder: 0.249306
  Attention entropy: 2.995654
  Regime attention gates: [[0.5029346942901611, 0.496378630399704], [0.5056333541870117, 0.5082114934921265]]
  Saved to: experiments/07_weekly_mods/rolling/daily_regime_attn/fold_2018/collapse_monitoring/collapse_monitor_latest.json
[DEBUG CollapseMonitor] on_validation_epoch_start called for epoch 8
[DEBUG CollapseMonitor] reset_temporal_state() called on loss function
Epoch 8: val_loss=0.22893652319908142
Epoch 8: train_loss=0.5331554412841797

[CollapseMonitor] Epoch 8
  [DEBUG] Processed 4 batches from val_dataloader
  [DEBUG] Predictions shape after concat: (230,)
  [DEBUG] All predictions list length: 4
  [DEBUG] First batch shape: (64,)
  Pred std: 0.003137, range: 0.011544, mean: 0.062429
  Pos: 100.0%, Neg: 0.0%, Unique: 230
  Dir Acc: 58.26%, Pred Sharpe: 315.9253
  Composite: 0.4610 (dist_match: 0.5826, actual_pos: 58.3%, pred_pos: 100.0%)
  Collapse penalty: 0.000000 (threshold: 0.005000)
  Regime distribution: {'regime_0_fraction': 1.0, 'regime_1_fraction': 0.0}
  Regime gates: {'mean': 0.4987620413303375, 'std': 0.0032927030697464943, 'min': 0.49549105763435364, 'max': 0.502032995223999}
  Saved validation predictions to: experiments/07_weekly_mods/rolling/daily_regime_attn/fold_2018/collapse_monitoring/val_predictions_epoch8.npy
  Gradient norms:
    lstm_encoder: 0.003240
    lstm_decoder: 0.003170
    output_layer: 0.142078
  Regime gate grads (epoch avg): tensor([[ 0.0300,  0.0318],
        [-0.0184, -0.0180]])
  VSN output std:
    encoder: 0.249240
  Attention entropy: 2.995653
  Regime attention gates: [[0.502032995223999, 0.49549105763435364], [0.5062410235404968, 0.5088388919830322]]
  Saved to: experiments/07_weekly_mods/rolling/daily_regime_attn/fold_2018/collapse_monitoring/collapse_monitor_latest.json
[DEBUG CollapseMonitor] on_validation_epoch_start called for epoch 9
[DEBUG CollapseMonitor] reset_temporal_state() called on loss function
Epoch 9: val_loss=0.22981692850589752
Epoch 9: train_loss=0.5255930423736572

[CollapseMonitor] Epoch 9
  [DEBUG] Processed 4 batches from val_dataloader
  [DEBUG] Predictions shape after concat: (230,)
  [DEBUG] All predictions list length: 4
  [DEBUG] First batch shape: (64,)
  Pred std: 0.002819, range: 0.010615, mean: 0.019879
  Pos: 100.0%, Neg: 0.0%, Unique: 224
  Dir Acc: 58.26%, Pred Sharpe: 111.9293
  Composite: 0.4610 (dist_match: 0.5826, actual_pos: 58.3%, pred_pos: 100.0%)
  Collapse penalty: 0.000000 (threshold: 0.005000)
  Regime distribution: {'regime_0_fraction': 1.0, 'regime_1_fraction': 0.0}
  Regime gates: {'mean': 0.4979679584503174, 'std': 0.003313298337161541, 'min': 0.49467653036117554, 'max': 0.5012593865394592}
  Saved validation predictions to: experiments/07_weekly_mods/rolling/daily_regime_attn/fold_2018/collapse_monitoring/val_predictions_epoch9.npy
  Gradient norms:
    lstm_encoder: 0.003347
    lstm_decoder: 0.003208
    output_layer: 0.126960
  Regime gate grads (epoch avg): tensor([[ 0.0193,  0.0184],
        [-0.0199, -0.0194]])
  VSN output std:
    encoder: 0.249392
  Attention entropy: 2.995662
  Regime attention gates: [[0.5012593865394592, 0.49467653036117554], [0.50705486536026, 0.5096521377563477]]
  Saved to: experiments/07_weekly_mods/rolling/daily_regime_attn/fold_2018/collapse_monitoring/collapse_monitor_latest.json
[DEBUG CollapseMonitor] on_validation_epoch_start called for epoch 10
[DEBUG CollapseMonitor] reset_temporal_state() called on loss function
Epoch 10: val_loss=0.23345473408699036
Epoch 10: train_loss=0.52153080701828

[CollapseMonitor] Epoch 10
  [DEBUG] Processed 4 batches from val_dataloader
  [DEBUG] Predictions shape after concat: (230,)
  [DEBUG] All predictions list length: 4
  [DEBUG] First batch shape: (64,)
  Pred std: 0.002560, range: 0.009921, mean: 0.039590
  Pos: 100.0%, Neg: 0.0%, Unique: 227
  Dir Acc: 58.26%, Pred Sharpe: 245.4942
  Composite: 0.4610 (dist_match: 0.5826, actual_pos: 58.3%, pred_pos: 100.0%)
  Collapse penalty: 0.000000 (threshold: 0.005000)
  Regime distribution: {'regime_0_fraction': 1.0, 'regime_1_fraction': 0.0}
  Regime gates: {'mean': 0.4976405203342438, 'std': 0.003296513110399246, 'min': 0.49436572194099426, 'max': 0.5009152293205261}
  Saved validation predictions to: experiments/07_weekly_mods/rolling/daily_regime_attn/fold_2018/collapse_monitoring/val_predictions_epoch10.npy
  Gradient norms:
    lstm_encoder: 0.003260
    lstm_decoder: 0.003190
    output_layer: 0.120652
  Regime gate grads (epoch avg): tensor([[ 0.0203,  0.0181],
        [-0.0228, -0.0211]])
  VSN output std:
    encoder: 0.249916
  Attention entropy: 2.995668
  Regime attention gates: [[0.5009152293205261, 0.49436572194099426], [0.5075236558914185, 0.5101265907287598]]
  Saved to: experiments/07_weekly_mods/rolling/daily_regime_attn/fold_2018/collapse_monitoring/collapse_monitor_latest.json
[DEBUG CollapseMonitor] on_validation_epoch_start called for epoch 11
[DEBUG CollapseMonitor] reset_temporal_state() called on loss function
Epoch 11: val_loss=0.2333661913871765
Epoch 11: train_loss=0.5219113826751709

[CollapseMonitor] Epoch 11
  [DEBUG] Processed 4 batches from val_dataloader
  [DEBUG] Predictions shape after concat: (230,)
  [DEBUG] All predictions list length: 4
  [DEBUG] First batch shape: (64,)
  Pred std: 0.002494, range: 0.009741, mean: 0.057143
  Pos: 100.0%, Neg: 0.0%, Unique: 230
  Dir Acc: 58.26%, Pred Sharpe: 363.7068
  Composite: 0.4610 (dist_match: 0.5826, actual_pos: 58.3%, pred_pos: 100.0%)
  Collapse penalty: 0.000000 (threshold: 0.005000)
  Regime distribution: {'regime_0_fraction': 1.0, 'regime_1_fraction': 0.0}
  Regime gates: {'mean': 0.4972458481788635, 'std': 0.0032871230505406857, 'min': 0.49398043751716614, 'max': 0.5005112886428833}
  Saved validation predictions to: experiments/07_weekly_mods/rolling/daily_regime_attn/fold_2018/collapse_monitoring/val_predictions_epoch11.npy
  Gradient norms:
    lstm_encoder: 0.003225
    lstm_decoder: 0.002990
    output_layer: 0.114591
  Regime gate grads (epoch avg): tensor([[ 0.0242,  0.0245],
        [-0.0176, -0.0182]])
  VSN output std:
    encoder: 0.250122
  Attention entropy: 2.995672
  Regime attention gates: [[0.5005112886428833, 0.49398043751716614], [0.5078855752944946, 0.5105180740356445]]
  Saved to: experiments/07_weekly_mods/rolling/daily_regime_attn/fold_2018/collapse_monitoring/collapse_monitor_latest.json
[DEBUG CollapseMonitor] on_validation_epoch_start called for epoch 12
[DEBUG CollapseMonitor] reset_temporal_state() called on loss function
Epoch 12: val_loss=0.23172269761562347
Epoch 12: train_loss=0.522274911403656

[CollapseMonitor] Epoch 12
  [DEBUG] Processed 4 batches from val_dataloader
  [DEBUG] Predictions shape after concat: (230,)
  [DEBUG] All predictions list length: 4
  [DEBUG] First batch shape: (64,)
  Pred std: 0.002447, range: 0.009538, mean: 0.044761
  Pos: 100.0%, Neg: 0.0%, Unique: 228
  Dir Acc: 58.26%, Pred Sharpe: 290.4247
  Composite: 0.4610 (dist_match: 0.5826, actual_pos: 58.3%, pred_pos: 100.0%)
  Collapse penalty: 0.000000 (threshold: 0.005000)
  Regime distribution: {'regime_0_fraction': 1.0, 'regime_1_fraction': 0.0}
  Regime gates: {'mean': 0.49677950143814087, 'std': 0.003289208048954606, 'min': 0.49351197481155396, 'max': 0.500046968460083}
  Saved validation predictions to: experiments/07_weekly_mods/rolling/daily_regime_attn/fold_2018/collapse_monitoring/val_predictions_epoch12.npy
  Gradient norms:
    lstm_encoder: 0.003403
    lstm_decoder: 0.003149
    output_layer: 0.118998
  Regime gate grads (epoch avg): tensor([[ 0.0231,  0.0208],
        [-0.0255, -0.0249]])
  VSN output std:
    encoder: 0.250337
  Attention entropy: 2.995680
  Regime attention gates: [[0.500046968460083, 0.49351197481155396], [0.5083695650100708, 0.5110139846801758]]
  Saved to: experiments/07_weekly_mods/rolling/daily_regime_attn/fold_2018/collapse_monitoring/collapse_monitor_latest.json
[DEBUG CollapseMonitor] on_validation_epoch_start called for epoch 13
[DEBUG CollapseMonitor] reset_temporal_state() called on loss function
Epoch 13: val_loss=0.23535607755184174
Epoch 13: train_loss=0.5213873982429504

[CollapseMonitor] Epoch 13
  [DEBUG] Processed 4 batches from val_dataloader
  [DEBUG] Predictions shape after concat: (230,)
  [DEBUG] All predictions list length: 4
  [DEBUG] First batch shape: (64,)
  Pred std: 0.002287, range: 0.008921, mean: 0.042713
  Pos: 100.0%, Neg: 0.0%, Unique: 224
  Dir Acc: 58.26%, Pred Sharpe: 296.4796
  Composite: 0.4610 (dist_match: 0.5826, actual_pos: 58.3%, pred_pos: 100.0%)
  Collapse penalty: 0.000000 (threshold: 0.005000)
  Regime distribution: {'regime_0_fraction': 1.0, 'regime_1_fraction': 0.0}
  Regime gates: {'mean': 0.4963444769382477, 'std': 0.0032707727514207363, 'min': 0.4930952787399292, 'max': 0.4995936453342438}
  Saved validation predictions to: experiments/07_weekly_mods/rolling/daily_regime_attn/fold_2018/collapse_monitoring/val_predictions_epoch13.npy
  Gradient norms:
    lstm_encoder: 0.003288
    lstm_decoder: 0.002924
    output_layer: 0.104558
  Regime gate grads (epoch avg): tensor([[ 0.0183,  0.0166],
        [-0.0252, -0.0238]])
  VSN output std:
    encoder: 0.250684
  Attention entropy: 2.995676
  Regime attention gates: [[0.4995936453342438, 0.4930952787399292], [0.5089752674102783, 0.5116042494773865]]
  Saved to: experiments/07_weekly_mods/rolling/daily_regime_attn/fold_2018/collapse_monitoring/collapse_monitor_latest.json
[DEBUG CollapseMonitor] on_validation_epoch_start called for epoch 14
[DEBUG CollapseMonitor] reset_temporal_state() called on loss function
Epoch 14: val_loss=0.23475226759910583
Epoch 14: train_loss=0.517970860004425

[CollapseMonitor] Epoch 14
  [DEBUG] Processed 4 batches from val_dataloader
  [DEBUG] Predictions shape after concat: (230,)
  [DEBUG] All predictions list length: 4
  [DEBUG] First batch shape: (64,)
  Pred std: 0.002248, range: 0.008657, mean: 0.029539
  Pos: 100.0%, Neg: 0.0%, Unique: 230
  Dir Acc: 58.26%, Pred Sharpe: 208.5799
  Composite: 0.4610 (dist_match: 0.5826, actual_pos: 58.3%, pred_pos: 100.0%)
  Collapse penalty: 0.000000 (threshold: 0.005000)
  Regime distribution: {'regime_0_fraction': 1.0, 'regime_1_fraction': 0.0}
  Regime gates: {'mean': 0.495918869972229, 'std': 0.003272242844104767, 'min': 0.4926682412624359, 'max': 0.4991695284843445}
  Saved validation predictions to: experiments/07_weekly_mods/rolling/daily_regime_attn/fold_2018/collapse_monitoring/val_predictions_epoch14.npy
  Gradient norms:
    lstm_encoder: 0.003363
    lstm_decoder: 0.002984
    output_layer: 0.108028
  Regime gate grads (epoch avg): tensor([[ 0.0228,  0.0224],
        [-0.0285, -0.0286]])
  VSN output std:
    encoder: 0.250935
  Attention entropy: 2.995681
  Regime attention gates: [[0.4991695284843445, 0.4926682412624359], [0.509533166885376, 0.5121718049049377]]
  Saved to: experiments/07_weekly_mods/rolling/daily_regime_attn/fold_2018/collapse_monitoring/collapse_monitor_latest.json
[DEBUG CollapseMonitor] on_validation_epoch_start called for epoch 15
[DEBUG CollapseMonitor] reset_temporal_state() called on loss function
Epoch 15: val_loss=0.23288796842098236
Epoch 15: train_loss=0.5161431431770325

[CollapseMonitor] Epoch 15
  [DEBUG] Processed 4 batches from val_dataloader
  [DEBUG] Predictions shape after concat: (230,)
  [DEBUG] All predictions list length: 4
  [DEBUG] First batch shape: (64,)
  Pred std: 0.002228, range: 0.008493, mean: 0.037910
  Pos: 100.0%, Neg: 0.0%, Unique: 230
  Dir Acc: 58.26%, Pred Sharpe: 270.0886
  Composite: 0.4610 (dist_match: 0.5826, actual_pos: 58.3%, pred_pos: 100.0%)
  Collapse penalty: 0.000000 (threshold: 0.005000)
  Regime distribution: {'regime_0_fraction': 1.0, 'regime_1_fraction': 0.0}
  Regime gates: {'mean': 0.49545106291770935, 'std': 0.0032619826961308718, 'min': 0.49221062660217285, 'max': 0.49869152903556824}
  Saved validation predictions to: experiments/07_weekly_mods/rolling/daily_regime_attn/fold_2018/collapse_monitoring/val_predictions_epoch15.npy
  Gradient norms:
    lstm_encoder: 0.003650
    lstm_decoder: 0.003351
    output_layer: 0.117542
  Regime gate grads (epoch avg): tensor([[ 0.0169,  0.0171],
        [-0.0275, -0.0254]])
  VSN output std:
    encoder: 0.250811
  Attention entropy: 2.995688
  Regime attention gates: [[0.49869152903556824, 0.49221062660217285], [0.5101273059844971, 0.5127384662628174]]
  Saved to: experiments/07_weekly_mods/rolling/daily_regime_attn/fold_2018/collapse_monitoring/collapse_monitor_latest.json
[DEBUG CollapseMonitor] on_validation_epoch_start called for epoch 16
[DEBUG CollapseMonitor] reset_temporal_state() called on loss function
Epoch 16: val_loss=0.23226912319660187
Epoch 16: train_loss=0.5172276496887207

[CollapseMonitor] Epoch 16
  [DEBUG] Processed 4 batches from val_dataloader
  [DEBUG] Predictions shape after concat: (230,)
  [DEBUG] All predictions list length: 4
  [DEBUG] First batch shape: (64,)
  Pred std: 0.002320, range: 0.009696, mean: 0.025201
  Pos: 100.0%, Neg: 0.0%, Unique: 225
  Dir Acc: 58.26%, Pred Sharpe: 172.4454
  Composite: 0.4610 (dist_match: 0.5826, actual_pos: 58.3%, pred_pos: 100.0%)
  Collapse penalty: 0.000000 (threshold: 0.005000)
  Regime distribution: {'regime_0_fraction': 1.0, 'regime_1_fraction': 0.0}
  Regime gates: {'mean': 0.49507054686546326, 'std': 0.0032417173497378826, 'min': 0.4918502867221832, 'max': 0.49829092621803284}
  Saved validation predictions to: experiments/07_weekly_mods/rolling/daily_regime_attn/fold_2018/collapse_monitoring/val_predictions_epoch16.npy
  Gradient norms:
    lstm_encoder: 0.003783
    lstm_decoder: 0.003237
    output_layer: 0.113956
  Regime gate grads (epoch avg): tensor([[ 0.0165,  0.0151],
        [-0.0258, -0.0247]])
  VSN output std:
    encoder: 0.250561
  Attention entropy: 2.995691
  Regime attention gates: [[0.49829092621803284, 0.4918502867221832], [0.5107463598251343, 0.5133536458015442]]
  Saved to: experiments/07_weekly_mods/rolling/daily_regime_attn/fold_2018/collapse_monitoring/collapse_monitor_latest.json
[DEBUG CollapseMonitor] on_validation_epoch_start called for epoch 17
[DEBUG CollapseMonitor] reset_temporal_state() called on loss function
Epoch 17: val_loss=0.2318064421415329
Epoch 17: train_loss=0.5158523917198181

[CollapseMonitor] Epoch 17
  [DEBUG] Processed 4 batches from val_dataloader
  [DEBUG] Predictions shape after concat: (230,)
  [DEBUG] All predictions list length: 4
  [DEBUG] First batch shape: (64,)
  Pred std: 0.002466, range: 0.010639, mean: 0.042818
  Pos: 100.0%, Neg: 0.0%, Unique: 227
  Dir Acc: 58.26%, Pred Sharpe: 275.5886
  Composite: 0.4610 (dist_match: 0.5826, actual_pos: 58.3%, pred_pos: 100.0%)
  Collapse penalty: 0.000000 (threshold: 0.005000)
  Regime distribution: {'regime_0_fraction': 1.0, 'regime_1_fraction': 0.0}
  Regime gates: {'mean': 0.49472829699516296, 'std': 0.0032339473254978657, 'min': 0.4915156960487366, 'max': 0.49794089794158936}
  Saved validation predictions to: experiments/07_weekly_mods/rolling/daily_regime_attn/fold_2018/collapse_monitoring/val_predictions_epoch17.npy
  Gradient norms:
    lstm_encoder: 0.003875
    lstm_decoder: 0.003172
    output_layer: 0.111202
  Regime gate grads (epoch avg): tensor([[ 0.0129,  0.0114],
        [-0.0252, -0.0246]])
  VSN output std:
    encoder: 0.250267
  Attention entropy: 2.995694
  Regime attention gates: [[0.49794089794158936, 0.4915156960487366], [0.511229932308197, 0.5138525366783142]]
  Saved to: experiments/07_weekly_mods/rolling/daily_regime_attn/fold_2018/collapse_monitoring/collapse_monitor_latest.json
[DEBUG CollapseMonitor] on_validation_epoch_start called for epoch 18
[DEBUG CollapseMonitor] reset_temporal_state() called on loss function
Epoch 18: val_loss=0.23292668163776398
Epoch 18: train_loss=0.5129682421684265

[CollapseMonitor] Epoch 18
  [DEBUG] Processed 4 batches from val_dataloader
  [DEBUG] Predictions shape after concat: (230,)
  [DEBUG] All predictions list length: 4
  [DEBUG] First batch shape: (64,)
  Pred std: 0.002777, range: 0.012152, mean: 0.026764
  Pos: 100.0%, Neg: 0.0%, Unique: 228
  Dir Acc: 58.26%, Pred Sharpe: 153.0227
  Composite: 0.4610 (dist_match: 0.5826, actual_pos: 58.3%, pred_pos: 100.0%)
  Collapse penalty: 0.000000 (threshold: 0.005000)
  Regime distribution: {'regime_0_fraction': 1.0, 'regime_1_fraction': 0.0}
  Regime gates: {'mean': 0.49444249272346497, 'std': 0.0032289372757077217, 'min': 0.4912348985671997, 'max': 0.497650146484375}
  Saved validation predictions to: experiments/07_weekly_mods/rolling/daily_regime_attn/fold_2018/collapse_monitoring/val_predictions_epoch18.npy
  Gradient norms:
    lstm_encoder: 0.004168
    lstm_decoder: 0.003437
    output_layer: 0.116207
  Regime gate grads (epoch avg): tensor([[ 0.0086,  0.0088],
        [-0.0327, -0.0317]])
  VSN output std:
    encoder: 0.249823
  Attention entropy: 2.995699
  Regime attention gates: [[0.497650146484375, 0.4912348985671997], [0.5119143128395081, 0.5145063400268555]]
  Saved to: experiments/07_weekly_mods/rolling/daily_regime_attn/fold_2018/collapse_monitoring/collapse_monitor_latest.json
[DEBUG CollapseMonitor] on_validation_epoch_start called for epoch 19
[DEBUG CollapseMonitor] reset_temporal_state() called on loss function
Epoch 19: val_loss=0.2319011688232422
Epoch 19: train_loss=0.5182008743286133

[CollapseMonitor] Epoch 19
  [DEBUG] Processed 4 batches from val_dataloader
  [DEBUG] Predictions shape after concat: (230,)
  [DEBUG] All predictions list length: 4
  [DEBUG] First batch shape: (64,)
  Pred std: 0.002905, range: 0.012689, mean: 0.026349
  Pos: 100.0%, Neg: 0.0%, Unique: 229
  Dir Acc: 58.26%, Pred Sharpe: 144.0000
  Composite: 0.4610 (dist_match: 0.5826, actual_pos: 58.3%, pred_pos: 100.0%)
  Collapse penalty: 0.000000 (threshold: 0.005000)
  Regime distribution: {'regime_0_fraction': 1.0, 'regime_1_fraction': 0.0}
  Regime gates: {'mean': 0.4942491948604584, 'std': 0.0032213772647082806, 'min': 0.4910491406917572, 'max': 0.4974493682384491}
  Saved validation predictions to: experiments/07_weekly_mods/rolling/daily_regime_attn/fold_2018/collapse_monitoring/val_predictions_epoch19.npy
  Gradient norms:
    lstm_encoder: 0.004443
    lstm_decoder: 0.003460
    output_layer: 0.110378
  Regime gate grads (epoch avg): tensor([[ 0.0170,  0.0150],
        [-0.0296, -0.0297]])
  VSN output std:
    encoder: 0.249613
  Attention entropy: 2.995699
  Regime attention gates: [[0.4974493682384491, 0.4910491406917572], [0.5122031569480896, 0.5147984623908997]]
  Saved to: experiments/07_weekly_mods/rolling/daily_regime_attn/fold_2018/collapse_monitoring/collapse_monitor_latest.json
[DEBUG CollapseMonitor] on_validation_epoch_start called for epoch 20
[DEBUG CollapseMonitor] reset_temporal_state() called on loss function
Epoch 20: val_loss=0.23247812688350677
Epoch 20: train_loss=0.514309287071228

[CollapseMonitor] Epoch 20
  [DEBUG] Processed 4 batches from val_dataloader
  [DEBUG] Predictions shape after concat: (230,)
  [DEBUG] All predictions list length: 4
  [DEBUG] First batch shape: (64,)
  Pred std: 0.003051, range: 0.013299, mean: 0.029110
  Pos: 100.0%, Neg: 0.0%, Unique: 228
  Dir Acc: 58.26%, Pred Sharpe: 151.4387
  Composite: 0.4610 (dist_match: 0.5826, actual_pos: 58.3%, pred_pos: 100.0%)
  Collapse penalty: 0.000000 (threshold: 0.005000)
  Regime distribution: {'regime_0_fraction': 1.0, 'regime_1_fraction': 0.0}
  Regime gates: {'mean': 0.49408045411109924, 'std': 0.00321759725920856, 'min': 0.49088406562805176, 'max': 0.49727678298950195}
  Saved validation predictions to: experiments/07_weekly_mods/rolling/daily_regime_attn/fold_2018/collapse_monitoring/val_predictions_epoch20.npy
  Gradient norms:
    lstm_encoder: 0.003892
    lstm_decoder: 0.002957
    output_layer: 0.094388
  Regime gate grads (epoch avg): tensor([[ 0.0151,  0.0140],
        [-0.0284, -0.0301]])
  VSN output std:
    encoder: 0.249325
  Attention entropy: 2.995700
  Regime attention gates: [[0.49727678298950195, 0.49088406562805176], [0.5124689340591431, 0.5150753259658813]]
  Saved to: experiments/07_weekly_mods/rolling/daily_regime_attn/fold_2018/collapse_monitoring/collapse_monitor_latest.json
[DEBUG CollapseMonitor] on_validation_epoch_start called for epoch 21
[DEBUG CollapseMonitor] reset_temporal_state() called on loss function
Epoch 21: val_loss=0.2326361984014511
Epoch 21: train_loss=0.5162059664726257

[CollapseMonitor] Epoch 21
  [DEBUG] Processed 4 batches from val_dataloader
  [DEBUG] Predictions shape after concat: (230,)
  [DEBUG] All predictions list length: 4
  [DEBUG] First batch shape: (64,)
  Pred std: 0.003222, range: 0.013911, mean: 0.035010
  Pos: 100.0%, Neg: 0.0%, Unique: 227
  Dir Acc: 58.26%, Pred Sharpe: 172.5020
  Composite: 0.4610 (dist_match: 0.5826, actual_pos: 58.3%, pred_pos: 100.0%)
  Collapse penalty: 0.000000 (threshold: 0.005000)
  Regime distribution: {'regime_0_fraction': 1.0, 'regime_1_fraction': 0.0}
  Regime gates: {'mean': 0.4938163757324219, 'std': 0.003206587163731456, 'min': 0.4906308948993683, 'max': 0.4970017373561859}
  Saved validation predictions to: experiments/07_weekly_mods/rolling/daily_regime_attn/fold_2018/collapse_monitoring/val_predictions_epoch21.npy
  Gradient norms:
    lstm_encoder: 0.004241
    lstm_decoder: 0.003294
    output_layer: 0.104038
  Regime gate grads (epoch avg): tensor([[ 0.0204,  0.0191],
        [-0.0310, -0.0293]])
  VSN output std:
    encoder: 0.249023
  Attention entropy: 2.995701
  Regime attention gates: [[0.4970017373561859, 0.4906308948993683], [0.5127816200256348, 0.5153747200965881]]
  Saved to: experiments/07_weekly_mods/rolling/daily_regime_attn/fold_2018/collapse_monitoring/collapse_monitor_latest.json
[DEBUG CollapseMonitor] on_validation_epoch_start called for epoch 22
[DEBUG CollapseMonitor] reset_temporal_state() called on loss function
Epoch 22: val_loss=0.2336990386247635
Epoch 22: train_loss=0.5150437355041504

[CollapseMonitor] Epoch 22
  [DEBUG] Processed 4 batches from val_dataloader
  [DEBUG] Predictions shape after concat: (230,)
  [DEBUG] All predictions list length: 4
  [DEBUG] First batch shape: (64,)
  Pred std: 0.003402, range: 0.014591, mean: 0.035508
  Pos: 100.0%, Neg: 0.0%, Unique: 226
  Dir Acc: 58.26%, Pred Sharpe: 165.6690
  Composite: 0.4610 (dist_match: 0.5826, actual_pos: 58.3%, pred_pos: 100.0%)
  Collapse penalty: 0.000000 (threshold: 0.005000)
  Regime distribution: {'regime_0_fraction': 1.0, 'regime_1_fraction': 0.0}
  Regime gates: {'mean': 0.4935932755470276, 'std': 0.0032103820703923702, 'min': 0.49040406942367554, 'max': 0.49678245186805725}
  Saved validation predictions to: experiments/07_weekly_mods/rolling/daily_regime_attn/fold_2018/collapse_monitoring/val_predictions_epoch22.npy
  Gradient norms:
    lstm_encoder: 0.004488
    lstm_decoder: 0.003317
    output_layer: 0.108116
  Regime gate grads (epoch avg): tensor([[ 0.0136,  0.0154],
        [-0.0361, -0.0329]])
  VSN output std:
    encoder: 0.248526
  Attention entropy: 2.995703
  Regime attention gates: [[0.49678245186805725, 0.49040406942367554], [0.5131432414054871, 0.5157260894775391]]
  Saved to: experiments/07_weekly_mods/rolling/daily_regime_attn/fold_2018/collapse_monitoring/collapse_monitor_latest.json
[DEBUG CollapseMonitor] on_validation_epoch_start called for epoch 23
[DEBUG CollapseMonitor] reset_temporal_state() called on loss function
Epoch 23: val_loss=0.23388944566249847
Epoch 23: train_loss=0.5132617354393005

[CollapseMonitor] Epoch 23
  [DEBUG] Processed 4 batches from val_dataloader
  [DEBUG] Predictions shape after concat: (230,)
  [DEBUG] All predictions list length: 4
  [DEBUG] First batch shape: (64,)
  Pred std: 0.003460, range: 0.014807, mean: 0.015441
  Pos: 100.0%, Neg: 0.0%, Unique: 229
  Dir Acc: 58.26%, Pred Sharpe: 70.8470
  Composite: 0.4610 (dist_match: 0.5826, actual_pos: 58.3%, pred_pos: 100.0%)
  Collapse penalty: 0.000000 (threshold: 0.005000)
  Regime distribution: {'regime_0_fraction': 1.0, 'regime_1_fraction': 0.0}
  Regime gates: {'mean': 0.49340784549713135, 'std': 0.003205222077667713, 'min': 0.49022382497787476, 'max': 0.4965919554233551}
  Saved validation predictions to: experiments/07_weekly_mods/rolling/daily_regime_attn/fold_2018/collapse_monitoring/val_predictions_epoch23.npy
  Gradient norms:
    lstm_encoder: 0.004690
    lstm_decoder: 0.003645
    output_layer: 0.116725
  Regime gate grads (epoch avg): tensor([[ 0.0169,  0.0162],
        [-0.0352, -0.0347]])
  VSN output std:
    encoder: 0.248058
  Attention entropy: 2.995705
  Regime attention gates: [[0.4965919554233551, 0.49022382497787476], [0.5134541392326355, 0.5160264372825623]]
  Saved to: experiments/07_weekly_mods/rolling/daily_regime_attn/fold_2018/collapse_monitoring/collapse_monitor_latest.json
[DEBUG CollapseMonitor] on_validation_epoch_start called for epoch 24
[DEBUG CollapseMonitor] reset_temporal_state() called on loss function
Epoch 24: val_loss=0.2330375611782074
Epoch 24: train_loss=0.5114436149597168

[CollapseMonitor] Epoch 24
  [DEBUG] Processed 4 batches from val_dataloader
  [DEBUG] Predictions shape after concat: (230,)
  [DEBUG] All predictions list length: 4
  [DEBUG] First batch shape: (64,)
  Pred std: 0.003647, range: 0.015450, mean: 0.034389
  Pos: 100.0%, Neg: 0.0%, Unique: 228
  Dir Acc: 58.26%, Pred Sharpe: 149.6850
  Composite: 0.4610 (dist_match: 0.5826, actual_pos: 58.3%, pred_pos: 100.0%)
  Collapse penalty: 0.000000 (threshold: 0.005000)
  Regime distribution: {'regime_0_fraction': 1.0, 'regime_1_fraction': 0.0}
  Regime gates: {'mean': 0.49316978454589844, 'std': 0.0032166072633117437, 'min': 0.48997434973716736, 'max': 0.49636510014533997}
  Saved validation predictions to: experiments/07_weekly_mods/rolling/daily_regime_attn/fold_2018/collapse_monitoring/val_predictions_epoch24.npy
  Gradient norms:
    lstm_encoder: 0.004515
    lstm_decoder: 0.003387
    output_layer: 0.107392
  Regime gate grads (epoch avg): tensor([[ 0.0159,  0.0163],
        [-0.0378, -0.0389]])
  VSN output std:
    encoder: 0.247625
  Attention entropy: 2.995706
  Regime attention gates: [[0.49636510014533997, 0.48997434973716736], [0.5137845277786255, 0.5163841843605042]]
  Saved to: experiments/07_weekly_mods/rolling/daily_regime_attn/fold_2018/collapse_monitoring/collapse_monitor_latest.json
[DEBUG CollapseMonitor] on_validation_epoch_start called for epoch 25
[DEBUG CollapseMonitor] reset_temporal_state() called on loss function
Epoch 25: val_loss=0.23289576172828674
Epoch 25: train_loss=0.5151265859603882

[CollapseMonitor] Epoch 25
  [DEBUG] Processed 4 batches from val_dataloader
  [DEBUG] Predictions shape after concat: (230,)
  [DEBUG] All predictions list length: 4
  [DEBUG] First batch shape: (64,)
  Pred std: 0.003826, range: 0.016011, mean: 0.026123
  Pos: 100.0%, Neg: 0.0%, Unique: 229
  Dir Acc: 58.26%, Pred Sharpe: 108.3788
  Composite: 0.4610 (dist_match: 0.5826, actual_pos: 58.3%, pred_pos: 100.0%)
  Collapse penalty: 0.000000 (threshold: 0.005000)
  Regime distribution: {'regime_0_fraction': 1.0, 'regime_1_fraction': 0.0}
  Regime gates: {'mean': 0.49294111132621765, 'std': 0.0032230722717940807, 'min': 0.489739328622818, 'max': 0.4961429238319397}
  Saved validation predictions to: experiments/07_weekly_mods/rolling/daily_regime_attn/fold_2018/collapse_monitoring/val_predictions_epoch25.npy
  Gradient norms:
    lstm_encoder: 0.004762
    lstm_decoder: 0.003462
    output_layer: 0.105654
  Regime gate grads (epoch avg): tensor([[ 0.0126,  0.0132],
        [-0.0373, -0.0325]])
  VSN output std:
    encoder: 0.247382
  Attention entropy: 2.995707
  Regime attention gates: [[0.4961429238319397, 0.489739328622818], [0.5141381025314331, 0.5167093873023987]]
  Saved to: experiments/07_weekly_mods/rolling/daily_regime_attn/fold_2018/collapse_monitoring/collapse_monitor_latest.json
[DEBUG CollapseMonitor] on_validation_epoch_start called for epoch 26
[DEBUG CollapseMonitor] reset_temporal_state() called on loss function
Epoch 26: val_loss=0.23217377066612244
Epoch 26: train_loss=0.5143804550170898

[CollapseMonitor] Epoch 26
  [DEBUG] Processed 4 batches from val_dataloader
  [DEBUG] Predictions shape after concat: (230,)
  [DEBUG] All predictions list length: 4
  [DEBUG] First batch shape: (64,)
  Pred std: 0.003928, range: 0.016388, mean: 0.011610
  Pos: 100.0%, Neg: 0.0%, Unique: 226
  Dir Acc: 58.26%, Pred Sharpe: 46.9164
  Composite: 0.4610 (dist_match: 0.5826, actual_pos: 58.3%, pred_pos: 100.0%)
  Collapse penalty: 0.000000 (threshold: 0.005000)
  Regime distribution: {'regime_0_fraction': 1.0, 'regime_1_fraction': 0.0}
  Regime gates: {'mean': 0.49276137351989746, 'std': 0.003241492435336113, 'min': 0.489541232585907, 'max': 0.4959814250469208}
  Saved validation predictions to: experiments/07_weekly_mods/rolling/daily_regime_attn/fold_2018/collapse_monitoring/val_predictions_epoch26.npy
  Gradient norms:
    lstm_encoder: 0.004878
    lstm_decoder: 0.003344
    output_layer: 0.095396
  Regime gate grads (epoch avg): tensor([[ 0.0106,  0.0127],
        [-0.0352, -0.0324]])
  VSN output std:
    encoder: 0.247168
  Attention entropy: 2.995708
  Regime attention gates: [[0.4959814250469208, 0.489541232585907], [0.5144316554069519, 0.5170019268989563]]
  Saved to: experiments/07_weekly_mods/rolling/daily_regime_attn/fold_2018/collapse_monitoring/collapse_monitor_latest.json
[DEBUG CollapseMonitor] on_validation_epoch_start called for epoch 27
[DEBUG CollapseMonitor] reset_temporal_state() called on loss function
Epoch 27: val_loss=0.2321178913116455
Epoch 27: train_loss=0.5130782127380371

[CollapseMonitor] Epoch 27
  [DEBUG] Processed 4 batches from val_dataloader
  [DEBUG] Predictions shape after concat: (230,)
  [DEBUG] All predictions list length: 4
  [DEBUG] First batch shape: (64,)
  Pred std: 0.004073, range: 0.016925, mean: 0.030121
  Pos: 100.0%, Neg: 0.0%, Unique: 230
  Dir Acc: 58.26%, Pred Sharpe: 117.3915
  Composite: 0.4610 (dist_match: 0.5826, actual_pos: 58.3%, pred_pos: 100.0%)
  Collapse penalty: 0.000000 (threshold: 0.005000)
  Regime distribution: {'regime_0_fraction': 1.0, 'regime_1_fraction': 0.0}
  Regime gates: {'mean': 0.4925602972507477, 'std': 0.0032451674342155457, 'min': 0.4893365204334259, 'max': 0.4957840144634247}
  Saved validation predictions to: experiments/07_weekly_mods/rolling/daily_regime_attn/fold_2018/collapse_monitoring/val_predictions_epoch27.npy
  Gradient norms:
    lstm_encoder: 0.004620
    lstm_decoder: 0.003431
    output_layer: 0.107372
  Regime gate grads (epoch avg): tensor([[ 0.0130,  0.0133],
        [-0.0429, -0.0407]])
  VSN output std:
    encoder: 0.246751
  Attention entropy: 2.995709
  Regime attention gates: [[0.4957840144634247, 0.4893365204334259], [0.5148490071296692, 0.5173788666725159]]
  Saved to: experiments/07_weekly_mods/rolling/daily_regime_attn/fold_2018/collapse_monitoring/collapse_monitor_latest.json
[DEBUG CollapseMonitor] on_validation_epoch_start called for epoch 28
[DEBUG CollapseMonitor] reset_temporal_state() called on loss function
Epoch 28: val_loss=0.23205868899822235
Epoch 28: train_loss=0.5125382542610168

[CollapseMonitor] Epoch 28
  [DEBUG] Processed 4 batches from val_dataloader
  [DEBUG] Predictions shape after concat: (230,)
  [DEBUG] All predictions list length: 4
  [DEBUG] First batch shape: (64,)
  Pred std: 0.004126, range: 0.017074, mean: 0.027262
  Pos: 100.0%, Neg: 0.0%, Unique: 227
  Dir Acc: 58.26%, Pred Sharpe: 104.8870
  Composite: 0.4610 (dist_match: 0.5826, actual_pos: 58.3%, pred_pos: 100.0%)
  Collapse penalty: 0.000000 (threshold: 0.005000)
  Regime distribution: {'regime_0_fraction': 1.0, 'regime_1_fraction': 0.0}
  Regime gates: {'mean': 0.49247464537620544, 'std': 0.0032478824723511934, 'min': 0.48924821615219116, 'max': 0.4957011044025421}
  Saved validation predictions to: experiments/07_weekly_mods/rolling/daily_regime_attn/fold_2018/collapse_monitoring/val_predictions_epoch28.npy
  Gradient norms:
    lstm_encoder: 0.004511
    lstm_decoder: 0.003402
    output_layer: 0.102711
  Regime gate grads (epoch avg): tensor([[ 0.0089,  0.0089],
        [-0.0443, -0.0466]])
  VSN output std:
    encoder: 0.246656
  Attention entropy: 2.995710
  Regime attention gates: [[0.4957011044025421, 0.48924821615219116], [0.5150412321090698, 0.517578125]]
  Saved to: experiments/07_weekly_mods/rolling/daily_regime_attn/fold_2018/collapse_monitoring/collapse_monitor_latest.json
[DEBUG CollapseMonitor] on_validation_epoch_start called for epoch 29
[DEBUG CollapseMonitor] reset_temporal_state() called on loss function
Epoch 29: val_loss=0.23134447634220123
Epoch 29: train_loss=0.5103347897529602

[CollapseMonitor] Epoch 29
  [DEBUG] Processed 4 batches from val_dataloader
  [DEBUG] Predictions shape after concat: (230,)
  [DEBUG] All predictions list length: 4
  [DEBUG] First batch shape: (64,)
  Pred std: 0.004146, range: 0.017169, mean: 0.029790
  Pos: 100.0%, Neg: 0.0%, Unique: 227
  Dir Acc: 58.26%, Pred Sharpe: 114.0640
  Composite: 0.4610 (dist_match: 0.5826, actual_pos: 58.3%, pred_pos: 100.0%)
  Collapse penalty: 0.000000 (threshold: 0.005000)
  Regime distribution: {'regime_0_fraction': 1.0, 'regime_1_fraction': 0.0}
  Regime gates: {'mean': 0.4923945963382721, 'std': 0.003245887579396367, 'min': 0.4891701638698578, 'max': 0.4956190884113312}
  Saved validation predictions to: experiments/07_weekly_mods/rolling/daily_regime_attn/fold_2018/collapse_monitoring/val_predictions_epoch29.npy
  Gradient norms:
    lstm_encoder: 0.004944
    lstm_decoder: 0.003618
    output_layer: 0.112214
  Regime gate grads (epoch avg): tensor([[ 0.0123,  0.0119],
        [-0.0459, -0.0419]])
  VSN output std:
    encoder: 0.246652
  Attention entropy: 2.995711
  Regime attention gates: [[0.4956190884113312, 0.4891701638698578], [0.5152311325073242, 0.5177646279335022]]
  Saved to: experiments/07_weekly_mods/rolling/daily_regime_attn/fold_2018/collapse_monitoring/collapse_monitor_latest.json
[DEBUG CollapseMonitor] on_validation_epoch_start called for epoch 30
[DEBUG CollapseMonitor] reset_temporal_state() called on loss function
Epoch 30: val_loss=0.23081007599830627
Epoch 30: train_loss=0.508128821849823

[CollapseMonitor] Epoch 30
  [DEBUG] Processed 4 batches from val_dataloader
  [DEBUG] Predictions shape after concat: (230,)
  [DEBUG] All predictions list length: 4
  [DEBUG] First batch shape: (64,)
  Pred std: 0.004140, range: 0.017179, mean: 0.029219
  Pos: 100.0%, Neg: 0.0%, Unique: 228
  Dir Acc: 58.26%, Pred Sharpe: 112.0253
  Composite: 0.4610 (dist_match: 0.5826, actual_pos: 58.3%, pred_pos: 100.0%)
  Collapse penalty: 0.000000 (threshold: 0.005000)
  Regime distribution: {'regime_0_fraction': 1.0, 'regime_1_fraction': 0.0}
  Regime gates: {'mean': 0.4922993779182434, 'std': 0.00324695254676044, 'min': 0.48907384276390076, 'max': 0.49552488327026367}
  Saved validation predictions to: experiments/07_weekly_mods/rolling/daily_regime_attn/fold_2018/collapse_monitoring/val_predictions_epoch30.npy
  Gradient norms:
    lstm_encoder: 0.005446
    lstm_decoder: 0.003779
    output_layer: 0.110055
  Regime gate grads (epoch avg): tensor([[ 0.0107,  0.0107],
        [-0.0374, -0.0411]])
  VSN output std:
    encoder: 0.246639
  Attention entropy: 2.995712
  Regime attention gates: [[0.49552488327026367, 0.48907384276390076], [0.5154168605804443, 0.5179562568664551]]
  Saved to: experiments/07_weekly_mods/rolling/daily_regime_attn/fold_2018/collapse_monitoring/collapse_monitor_latest.json
[DEBUG CollapseMonitor] on_validation_epoch_start called for epoch 31
[DEBUG CollapseMonitor] reset_temporal_state() called on loss function
Epoch 31: val_loss=0.23037749528884888
Epoch 31: train_loss=0.5114280581474304

[CollapseMonitor] Epoch 31
  [DEBUG] Processed 4 batches from val_dataloader
  [DEBUG] Predictions shape after concat: (230,)
  [DEBUG] All predictions list length: 4
  [DEBUG] First batch shape: (64,)
  Pred std: 0.004078, range: 0.017029, mean: 0.020889
  Pos: 100.0%, Neg: 0.0%, Unique: 229
  Dir Acc: 58.26%, Pred Sharpe: 81.3184
  Composite: 0.4610 (dist_match: 0.5826, actual_pos: 58.3%, pred_pos: 100.0%)
  Collapse penalty: 0.000000 (threshold: 0.005000)
  Regime distribution: {'regime_0_fraction': 1.0, 'regime_1_fraction': 0.0}
  Regime gates: {'mean': 0.49220868945121765, 'std': 0.003253762610256672, 'min': 0.488976389169693, 'max': 0.4954409599304199}
  Saved validation predictions to: experiments/07_weekly_mods/rolling/daily_regime_attn/fold_2018/collapse_monitoring/val_predictions_epoch31.npy
  Gradient norms:
    lstm_encoder: 0.005271
    lstm_decoder: 0.003816
    output_layer: 0.112473
  Regime gate grads (epoch avg): tensor([[ 0.0118,  0.0142],
        [-0.0365, -0.0388]])
  VSN output std:
    encoder: 0.246587
  Attention entropy: 2.995713
  Regime attention gates: [[0.4954409599304199, 0.488976389169693], [0.5155820846557617, 0.5181398391723633]]
  Saved to: experiments/07_weekly_mods/rolling/daily_regime_attn/fold_2018/collapse_monitoring/collapse_monitor_latest.json
[DEBUG CollapseMonitor] on_validation_epoch_start called for epoch 32
[DEBUG CollapseMonitor] reset_temporal_state() called on loss function
Epoch 32: val_loss=0.2305126041173935
Epoch 32: train_loss=0.5109095573425293

[CollapseMonitor] Epoch 32
  [DEBUG] Processed 4 batches from val_dataloader
  [DEBUG] Predictions shape after concat: (230,)
  [DEBUG] All predictions list length: 4
  [DEBUG] First batch shape: (64,)
  Pred std: 0.004064, range: 0.017040, mean: 0.022059
  Pos: 100.0%, Neg: 0.0%, Unique: 229
  Dir Acc: 58.26%, Pred Sharpe: 86.1663
  Composite: 0.4610 (dist_match: 0.5826, actual_pos: 58.3%, pred_pos: 100.0%)
  Collapse penalty: 0.000000 (threshold: 0.005000)
  Regime distribution: {'regime_0_fraction': 1.0, 'regime_1_fraction': 0.0}
  Regime gates: {'mean': 0.4921469986438751, 'std': 0.0032535826321691275, 'min': 0.4889148771762848, 'max': 0.49537909030914307}
  Saved validation predictions to: experiments/07_weekly_mods/rolling/daily_regime_attn/fold_2018/collapse_monitoring/val_predictions_epoch32.npy
  Gradient norms:
    lstm_encoder: 0.005048
    lstm_decoder: 0.003625
    output_layer: 0.108791
  Regime gate grads (epoch avg): tensor([[ 0.0055,  0.0049],
        [-0.0379, -0.0364]])
  VSN output std:
    encoder: 0.246509
  Attention entropy: 2.995713
  Regime attention gates: [[0.49537909030914307, 0.4889148771762848], [0.5157365202903748, 0.5183029174804688]]
  Saved to: experiments/07_weekly_mods/rolling/daily_regime_attn/fold_2018/collapse_monitoring/collapse_monitor_latest.json
[DEBUG CollapseMonitor] on_validation_epoch_start called for epoch 33
[DEBUG CollapseMonitor] reset_temporal_state() called on loss function
Epoch 33: val_loss=0.22929784655570984
Epoch 33: train_loss=0.5108707547187805

[CollapseMonitor] Epoch 33
  [DEBUG] Processed 4 batches from val_dataloader
  [DEBUG] Predictions shape after concat: (230,)
  [DEBUG] All predictions list length: 4
  [DEBUG] First batch shape: (64,)
  Pred std: 0.004036, range: 0.016923, mean: 0.023966
  Pos: 100.0%, Neg: 0.0%, Unique: 228
  Dir Acc: 58.26%, Pred Sharpe: 94.2632
  Composite: 0.4610 (dist_match: 0.5826, actual_pos: 58.3%, pred_pos: 100.0%)
  Collapse penalty: 0.000000 (threshold: 0.005000)
  Regime distribution: {'regime_0_fraction': 1.0, 'regime_1_fraction': 0.0}
  Regime gates: {'mean': 0.49206945300102234, 'std': 0.0032476424239575863, 'min': 0.4888432025909424, 'max': 0.49529561400413513}
  Saved validation predictions to: experiments/07_weekly_mods/rolling/daily_regime_attn/fold_2018/collapse_monitoring/val_predictions_epoch33.npy
  Gradient norms:
    lstm_encoder: 0.005135
    lstm_decoder: 0.003751
    output_layer: 0.113856
  Regime gate grads (epoch avg): tensor([[ 0.0102,  0.0075],
        [-0.0423, -0.0462]])
  VSN output std:
    encoder: 0.246513
  Attention entropy: 2.995713
  Regime attention gates: [[0.49529561400413513, 0.4888432025909424], [0.5159077048301697, 0.5184913873672485]]
  Saved to: experiments/07_weekly_mods/rolling/daily_regime_attn/fold_2018/collapse_monitoring/collapse_monitor_latest.json
[DEBUG CollapseMonitor] on_validation_epoch_start called for epoch 34
[DEBUG CollapseMonitor] reset_temporal_state() called on loss function
Epoch 34: val_loss=0.22811277210712433
Epoch 34: train_loss=0.5097204446792603

[CollapseMonitor] Epoch 34
  [DEBUG] Processed 4 batches from val_dataloader
  [DEBUG] Predictions shape after concat: (230,)
  [DEBUG] All predictions list length: 4
  [DEBUG] First batch shape: (64,)
  Pred std: 0.003888, range: 0.016502, mean: 0.016074
  Pos: 100.0%, Neg: 0.0%, Unique: 225
  Dir Acc: 58.26%, Pred Sharpe: 65.6287
  Composite: 0.4610 (dist_match: 0.5826, actual_pos: 58.3%, pred_pos: 100.0%)
  Collapse penalty: 0.000000 (threshold: 0.005000)
  Regime distribution: {'regime_0_fraction': 1.0, 'regime_1_fraction': 0.0}
  Regime gates: {'mean': 0.49199938774108887, 'std': 0.003231967333704233, 'min': 0.48878875374794006, 'max': 0.49521002173423767}
  Saved validation predictions to: experiments/07_weekly_mods/rolling/daily_regime_attn/fold_2018/collapse_monitoring/val_predictions_epoch34.npy
  Gradient norms:
    lstm_encoder: 0.005142
    lstm_decoder: 0.003722
    output_layer: 0.104032
  Regime gate grads (epoch avg): tensor([[ 0.0098,  0.0057],
        [-0.0368, -0.0382]])
  VSN output std:
    encoder: 0.246582
  Attention entropy: 2.995714
  Regime attention gates: [[0.49521002173423767, 0.48878875374794006], [0.5160755515098572, 0.5186704397201538]]
  Saved to: experiments/07_weekly_mods/rolling/daily_regime_attn/fold_2018/collapse_monitoring/collapse_monitor_latest.json
[DEBUG CollapseMonitor] on_validation_epoch_start called for epoch 35
[DEBUG CollapseMonitor] reset_temporal_state() called on loss function
Epoch 35: val_loss=0.22787627577781677
Epoch 35: train_loss=0.5087317824363708

[CollapseMonitor] Epoch 35
  [DEBUG] Processed 4 batches from val_dataloader
  [DEBUG] Predictions shape after concat: (230,)
  [DEBUG] All predictions list length: 4
  [DEBUG] First batch shape: (64,)
  Pred std: 0.003835, range: 0.016314, mean: 0.017025
  Pos: 100.0%, Neg: 0.0%, Unique: 229
  Dir Acc: 58.26%, Pred Sharpe: 70.4777
  Composite: 0.4610 (dist_match: 0.5826, actual_pos: 58.3%, pred_pos: 100.0%)
  Collapse penalty: 0.000000 (threshold: 0.005000)
  Regime distribution: {'regime_0_fraction': 1.0, 'regime_1_fraction': 0.0}
  Regime gates: {'mean': 0.4919475317001343, 'std': 0.003224812215194106, 'min': 0.48874396085739136, 'max': 0.49515101313591003}
  Saved validation predictions to: experiments/07_weekly_mods/rolling/daily_regime_attn/fold_2018/collapse_monitoring/val_predictions_epoch35.npy
  Gradient norms:
    lstm_encoder: 0.005468
    lstm_decoder: 0.003663
    output_layer: 0.099790
  Regime gate grads (epoch avg): tensor([[ 0.0080,  0.0079],
        [-0.0318, -0.0339]])
  VSN output std:
    encoder: 0.246576
  Attention entropy: 2.995714
  Regime attention gates: [[0.49515101313591003, 0.48874396085739136], [0.5162233114242554, 0.5188262462615967]]
  Saved to: experiments/07_weekly_mods/rolling/daily_regime_attn/fold_2018/collapse_monitoring/collapse_monitor_latest.json
[DEBUG CollapseMonitor] on_validation_epoch_start called for epoch 36
[DEBUG CollapseMonitor] reset_temporal_state() called on loss function
Epoch 36: val_loss=0.22758367657661438
Epoch 36: train_loss=0.5076050162315369

[CollapseMonitor] Epoch 36
  [DEBUG] Processed 4 batches from val_dataloader
  [DEBUG] Predictions shape after concat: (230,)
  [DEBUG] All predictions list length: 4
  [DEBUG] First batch shape: (64,)
  Pred std: 0.003763, range: 0.016050, mean: 0.020971
  Pos: 100.0%, Neg: 0.0%, Unique: 227
  Dir Acc: 58.26%, Pred Sharpe: 88.4693
  Composite: 0.4610 (dist_match: 0.5826, actual_pos: 58.3%, pred_pos: 100.0%)
  Collapse penalty: 0.000000 (threshold: 0.005000)
  Regime distribution: {'regime_0_fraction': 1.0, 'regime_1_fraction': 0.0}
  Regime gates: {'mean': 0.491880863904953, 'std': 0.0032257423736155033, 'min': 0.48867642879486084, 'max': 0.49508532881736755}
  Saved validation predictions to: experiments/07_weekly_mods/rolling/daily_regime_attn/fold_2018/collapse_monitoring/val_predictions_epoch36.npy
  Gradient norms:
    lstm_encoder: 0.005021
    lstm_decoder: 0.003553
    output_layer: 0.104860
  Regime gate grads (epoch avg): tensor([[ 0.0085,  0.0082],
        [-0.0432, -0.0504]])
  VSN output std:
    encoder: 0.246578
  Attention entropy: 2.995715
  Regime attention gates: [[0.49508532881736755, 0.48867642879486084], [0.5163798332214355, 0.5190111398696899]]
  Saved to: experiments/07_weekly_mods/rolling/daily_regime_attn/fold_2018/collapse_monitoring/collapse_monitor_latest.json
[DEBUG CollapseMonitor] on_validation_epoch_start called for epoch 37
[DEBUG CollapseMonitor] reset_temporal_state() called on loss function
Epoch 37: val_loss=0.22738365828990936
Epoch 37: train_loss=0.5091516375541687

[CollapseMonitor] Epoch 37
  [DEBUG] Processed 4 batches from val_dataloader
  [DEBUG] Predictions shape after concat: (230,)
  [DEBUG] All predictions list length: 4
  [DEBUG] First batch shape: (64,)
  Pred std: 0.003693, range: 0.015806, mean: 0.019491
  Pos: 100.0%, Neg: 0.0%, Unique: 230
  Dir Acc: 58.26%, Pred Sharpe: 83.7923
  Composite: 0.4610 (dist_match: 0.5826, actual_pos: 58.3%, pred_pos: 100.0%)
  Collapse penalty: 0.000000 (threshold: 0.005000)
  Regime distribution: {'regime_0_fraction': 1.0, 'regime_1_fraction': 0.0}
  Regime gates: {'mean': 0.4918670654296875, 'std': 0.0032232073135674, 'min': 0.4886651635169983, 'max': 0.4950690269470215}
  Saved validation predictions to: experiments/07_weekly_mods/rolling/daily_regime_attn/fold_2018/collapse_monitoring/val_predictions_epoch37.npy
  Gradient norms:
    lstm_encoder: 0.005376
    lstm_decoder: 0.003960
    output_layer: 0.114770
  Regime gate grads (epoch avg): tensor([[ 0.0032,  0.0015],
        [-0.0444, -0.0405]])
  VSN output std:
    encoder: 0.246514
  Attention entropy: 2.995715
  Regime attention gates: [[0.4950690269470215, 0.4886651635169983], [0.516473114490509, 0.5191022753715515]]
  Saved to: experiments/07_weekly_mods/rolling/daily_regime_attn/fold_2018/collapse_monitoring/collapse_monitor_latest.json
[DEBUG CollapseMonitor] on_validation_epoch_start called for epoch 38
[DEBUG CollapseMonitor] reset_temporal_state() called on loss function
Epoch 38: val_loss=0.22706639766693115
Epoch 38: train_loss=0.5091508626937866

[CollapseMonitor] Epoch 38
  [DEBUG] Processed 4 batches from val_dataloader
  [DEBUG] Predictions shape after concat: (230,)
  [DEBUG] All predictions list length: 4
  [DEBUG] First batch shape: (64,)
  Pred std: 0.003658, range: 0.015700, mean: 0.015272
  Pos: 100.0%, Neg: 0.0%, Unique: 225
  Dir Acc: 58.26%, Pred Sharpe: 66.2719
  Composite: 0.4610 (dist_match: 0.5826, actual_pos: 58.3%, pred_pos: 100.0%)
  Collapse penalty: 0.000000 (threshold: 0.005000)
  Regime distribution: {'regime_0_fraction': 1.0, 'regime_1_fraction': 0.0}
  Regime gates: {'mean': 0.4918488562107086, 'std': 0.0032231323421001434, 'min': 0.4886470139026642, 'max': 0.49505072832107544}
  Saved validation predictions to: experiments/07_weekly_mods/rolling/daily_regime_attn/fold_2018/collapse_monitoring/val_predictions_epoch38.npy
  Gradient norms:
    lstm_encoder: 0.005384
    lstm_decoder: 0.003802
    output_layer: 0.108522
  Regime gate grads (epoch avg): tensor([[ 0.0093,  0.0104],
        [-0.0534, -0.0547]])
  VSN output std:
    encoder: 0.246569
  Attention entropy: 2.995716
  Regime attention gates: [[0.49505072832107544, 0.4886470139026642], [0.5165700912475586, 0.5192008018493652]]
  Saved to: experiments/07_weekly_mods/rolling/daily_regime_attn/fold_2018/collapse_monitoring/collapse_monitor_latest.json
[DEBUG CollapseMonitor] on_validation_epoch_start called for epoch 39
[DEBUG CollapseMonitor] reset_temporal_state() called on loss function
Epoch 39: val_loss=0.22671817243099213
Epoch 39: train_loss=0.5073702335357666

[CollapseMonitor] Epoch 39
  [DEBUG] Processed 4 batches from val_dataloader
  [DEBUG] Predictions shape after concat: (230,)
  [DEBUG] All predictions list length: 4
  [DEBUG] First batch shape: (64,)
  Pred std: 0.003629, range: 0.015626, mean: 0.011825
  Pos: 100.0%, Neg: 0.0%, Unique: 228
  Dir Acc: 58.26%, Pred Sharpe: 51.7273
  Composite: 0.4610 (dist_match: 0.5826, actual_pos: 58.3%, pred_pos: 100.0%)
  Collapse penalty: 0.000000 (threshold: 0.005000)
  Regime distribution: {'regime_0_fraction': 1.0, 'regime_1_fraction': 0.0}
  Regime gates: {'mean': 0.4918326735496521, 'std': 0.0032223223242908716, 'min': 0.48863163590431213, 'max': 0.49503374099731445}
  Saved validation predictions to: experiments/07_weekly_mods/rolling/daily_regime_attn/fold_2018/collapse_monitoring/val_predictions_epoch39.npy
  Gradient norms:
    lstm_encoder: 0.005484
    lstm_decoder: 0.003867
    output_layer: 0.108472
  Regime gate grads (epoch avg): tensor([[ 0.0080,  0.0060],
        [-0.0453, -0.0538]])
  VSN output std:
    encoder: 0.246635
  Attention entropy: 2.995716
  Regime attention gates: [[0.49503374099731445, 0.48863163590431213], [0.5166707634925842, 0.5193111300468445]]
  Saved to: experiments/07_weekly_mods/rolling/daily_regime_attn/fold_2018/collapse_monitoring/collapse_monitor_latest.json
[DEBUG CollapseMonitor] on_validation_epoch_start called for epoch 40
[DEBUG CollapseMonitor] reset_temporal_state() called on loss function
Epoch 40: val_loss=0.22618326544761658
Epoch 40: train_loss=0.5099177360534668

[CollapseMonitor] Epoch 40
  [DEBUG] Processed 4 batches from val_dataloader
  [DEBUG] Predictions shape after concat: (230,)
  [DEBUG] All predictions list length: 4
  [DEBUG] First batch shape: (64,)
  Pred std: 0.003572, range: 0.015444, mean: 0.014617
  Pos: 100.0%, Neg: 0.0%, Unique: 225
  Dir Acc: 58.26%, Pred Sharpe: 64.9615
  Composite: 0.4610 (dist_match: 0.5826, actual_pos: 58.3%, pred_pos: 100.0%)
  Collapse penalty: 0.000000 (threshold: 0.005000)
  Regime distribution: {'regime_0_fraction': 1.0, 'regime_1_fraction': 0.0}
  Regime gates: {'mean': 0.4917997419834137, 'std': 0.003222412196919322, 'min': 0.48859861493110657, 'max': 0.4950008988380432}
  Saved validation predictions to: experiments/07_weekly_mods/rolling/daily_regime_attn/fold_2018/collapse_monitoring/val_predictions_epoch40.npy
  Gradient norms:
    lstm_encoder: 0.005489
    lstm_decoder: 0.003990
    output_layer: 0.115990
  Regime gate grads (epoch avg): tensor([[ 0.0079,  0.0078],
        [-0.0510, -0.0522]])
  VSN output std:
    encoder: 0.246635
  Attention entropy: 2.995715
  Regime attention gates: [[0.4950008988380432, 0.48859861493110657], [0.5167667865753174, 0.5194150805473328]]
  Saved to: experiments/07_weekly_mods/rolling/daily_regime_attn/fold_2018/collapse_monitoring/collapse_monitor_latest.json
[DEBUG CollapseMonitor] on_validation_epoch_start called for epoch 41
[DEBUG CollapseMonitor] reset_temporal_state() called on loss function
Epoch 41: val_loss=0.2259882688522339
Epoch 41: train_loss=0.5095731616020203

[CollapseMonitor] Epoch 41
  [DEBUG] Processed 4 batches from val_dataloader
  [DEBUG] Predictions shape after concat: (230,)
  [DEBUG] All predictions list length: 4
  [DEBUG] First batch shape: (64,)
  Pred std: 0.003496, range: 0.015183, mean: 0.016139
  Pos: 100.0%, Neg: 0.0%, Unique: 221
  Dir Acc: 58.26%, Pred Sharpe: 73.2826
  Composite: 0.4610 (dist_match: 0.5826, actual_pos: 58.3%, pred_pos: 100.0%)
  Collapse penalty: 0.000000 (threshold: 0.005000)
  Regime distribution: {'regime_0_fraction': 1.0, 'regime_1_fraction': 0.0}
  Regime gates: {'mean': 0.4917491674423218, 'std': 0.0032160370610654354, 'min': 0.4885543882846832, 'max': 0.4949440062046051}
  Saved validation predictions to: experiments/07_weekly_mods/rolling/daily_regime_attn/fold_2018/collapse_monitoring/val_predictions_epoch41.npy
  Gradient norms:
    lstm_encoder: 0.005330
    lstm_decoder: 0.003737
    output_layer: 0.101286
  Regime gate grads (epoch avg): tensor([[ 0.0140,  0.0085],
        [-0.0461, -0.0467]])
  VSN output std:
    encoder: 0.246639
  Attention entropy: 2.995715
  Regime attention gates: [[0.4949440062046051, 0.4885543882846832], [0.5168519616127014, 0.5195010304450989]]
  Saved to: experiments/07_weekly_mods/rolling/daily_regime_attn/fold_2018/collapse_monitoring/collapse_monitor_latest.json
[DEBUG CollapseMonitor] on_validation_epoch_start called for epoch 42
[DEBUG CollapseMonitor] reset_temporal_state() called on loss function
Epoch 42: val_loss=0.2254563868045807
Epoch 42: train_loss=0.5002986788749695

[CollapseMonitor] Epoch 42
  [DEBUG] Processed 4 batches from val_dataloader
  [DEBUG] Predictions shape after concat: (230,)
  [DEBUG] All predictions list length: 4
  [DEBUG] First batch shape: (64,)
  Pred std: 0.003456, range: 0.015019, mean: 0.019503
  Pos: 100.0%, Neg: 0.0%, Unique: 226
  Dir Acc: 58.26%, Pred Sharpe: 89.5873
  Composite: 0.4610 (dist_match: 0.5826, actual_pos: 58.3%, pred_pos: 100.0%)
  Collapse penalty: 0.000000 (threshold: 0.005000)
  Regime distribution: {'regime_0_fraction': 1.0, 'regime_1_fraction': 0.0}
  Regime gates: {'mean': 0.49170348048210144, 'std': 0.0032106670551002026, 'min': 0.4885140061378479, 'max': 0.494892954826355}
  Saved validation predictions to: experiments/07_weekly_mods/rolling/daily_regime_attn/fold_2018/collapse_monitoring/val_predictions_epoch42.npy
  Gradient norms:
    lstm_encoder: 0.005403
    lstm_decoder: 0.003813
    output_layer: 0.106055
  Regime gate grads (epoch avg): tensor([[ 0.0099,  0.0085],
        [-0.0454, -0.0441]])
  VSN output std:
    encoder: 0.246631
  Attention entropy: 2.995715
  Regime attention gates: [[0.494892954826355, 0.4885140061378479], [0.5169453620910645, 0.5195913314819336]]
  Saved to: experiments/07_weekly_mods/rolling/daily_regime_attn/fold_2018/collapse_monitoring/collapse_monitor_latest.json
[DEBUG CollapseMonitor] on_validation_epoch_start called for epoch 43
[DEBUG CollapseMonitor] reset_temporal_state() called on loss function
Epoch 43: val_loss=0.2248164266347885
Epoch 43: train_loss=0.5091941356658936

[CollapseMonitor] Epoch 43
  [DEBUG] Processed 4 batches from val_dataloader
  [DEBUG] Predictions shape after concat: (230,)
  [DEBUG] All predictions list length: 4
  [DEBUG] First batch shape: (64,)
  Pred std: 0.003387, range: 0.014745, mean: 0.020403
  Pos: 100.0%, Neg: 0.0%, Unique: 228
  Dir Acc: 58.26%, Pred Sharpe: 95.6147
  Composite: 0.4610 (dist_match: 0.5826, actual_pos: 58.3%, pred_pos: 100.0%)
  Collapse penalty: 0.000000 (threshold: 0.005000)
  Regime distribution: {'regime_0_fraction': 1.0, 'regime_1_fraction': 0.0}
  Regime gates: {'mean': 0.49166831374168396, 'std': 0.00321068218909204, 'min': 0.4884788393974304, 'max': 0.4948578178882599}
  Saved validation predictions to: experiments/07_weekly_mods/rolling/daily_regime_attn/fold_2018/collapse_monitoring/val_predictions_epoch43.npy
  Gradient norms:
    lstm_encoder: 0.005324
    lstm_decoder: 0.003998
    output_layer: 0.122892
  Regime gate grads (epoch avg): tensor([[ 0.0056,  0.0059],
        [-0.0503, -0.0531]])
  VSN output std:
    encoder: 0.246608
  Attention entropy: 2.995715
  Regime attention gates: [[0.4948578178882599, 0.4884788393974304], [0.5170315504074097, 0.5196900367736816]]
  Saved to: experiments/07_weekly_mods/rolling/daily_regime_attn/fold_2018/collapse_monitoring/collapse_monitor_latest.json
[DEBUG CollapseMonitor] on_validation_epoch_start called for epoch 44
[DEBUG CollapseMonitor] reset_temporal_state() called on loss function
Epoch 44: val_loss=0.22465147078037262
Epoch 44: train_loss=0.508444607257843

[CollapseMonitor] Epoch 44
  [DEBUG] Processed 4 batches from val_dataloader
  [DEBUG] Predictions shape after concat: (230,)
  [DEBUG] All predictions list length: 4
  [DEBUG] First batch shape: (64,)
  Pred std: 0.003345, range: 0.014577, mean: 0.020119
  Pos: 100.0%, Neg: 0.0%, Unique: 228
  Dir Acc: 58.26%, Pred Sharpe: 95.4740
  Composite: 0.4610 (dist_match: 0.5826, actual_pos: 58.3%, pred_pos: 100.0%)
  Collapse penalty: 0.000000 (threshold: 0.005000)
  Regime distribution: {'regime_0_fraction': 1.0, 'regime_1_fraction': 0.0}
  Regime gates: {'mean': 0.4916454255580902, 'std': 0.0032128270249813795, 'min': 0.48845380544662476, 'max': 0.49483704566955566}
  Saved validation predictions to: experiments/07_weekly_mods/rolling/daily_regime_attn/fold_2018/collapse_monitoring/val_predictions_epoch44.npy
  Gradient norms:
    lstm_encoder: 0.005392
    lstm_decoder: 0.003958
    output_layer: 0.108789
  Regime gate grads (epoch avg): tensor([[ 0.0067,  0.0076],
        [-0.0572, -0.0519]])
  VSN output std:
    encoder: 0.246583
  Attention entropy: 2.995716
  Regime attention gates: [[0.49483704566955566, 0.48845380544662476], [0.5171202421188354, 0.5197762250900269]]
  Saved to: experiments/07_weekly_mods/rolling/daily_regime_attn/fold_2018/collapse_monitoring/collapse_monitor_latest.json
[DEBUG CollapseMonitor] on_validation_epoch_start called for epoch 45
[DEBUG CollapseMonitor] reset_temporal_state() called on loss function
Epoch 45: val_loss=0.22440530359745026
Epoch 45: train_loss=0.5077084302902222

[CollapseMonitor] Epoch 45
  [DEBUG] Processed 4 batches from val_dataloader
  [DEBUG] Predictions shape after concat: (230,)
  [DEBUG] All predictions list length: 4
  [DEBUG] First batch shape: (64,)
  Pred std: 0.003299, range: 0.014383, mean: 0.018997
  Pos: 100.0%, Neg: 0.0%, Unique: 224
  Dir Acc: 58.26%, Pred Sharpe: 91.4196
  Composite: 0.4610 (dist_match: 0.5826, actual_pos: 58.3%, pred_pos: 100.0%)
  Collapse penalty: 0.000000 (threshold: 0.005000)
  Regime distribution: {'regime_0_fraction': 1.0, 'regime_1_fraction': 0.0}
  Regime gates: {'mean': 0.4916205108165741, 'std': 0.0032162321731448174, 'min': 0.4884255528450012, 'max': 0.49481555819511414}
  Saved validation predictions to: experiments/07_weekly_mods/rolling/daily_regime_attn/fold_2018/collapse_monitoring/val_predictions_epoch45.npy
  Gradient norms:
    lstm_encoder: 0.005440
    lstm_decoder: 0.004028
    output_layer: 0.117198
  Regime gate grads (epoch avg): tensor([[ 0.0068,  0.0080],
        [-0.0532, -0.0588]])
  VSN output std:
    encoder: 0.246556
  Attention entropy: 2.995716
  Regime attention gates: [[0.49481555819511414, 0.4884255528450012], [0.5172306299209595, 0.5198867321014404]]
  Saved to: experiments/07_weekly_mods/rolling/daily_regime_attn/fold_2018/collapse_monitoring/collapse_monitor_latest.json
[DEBUG CollapseMonitor] on_validation_epoch_start called for epoch 46
[DEBUG CollapseMonitor] reset_temporal_state() called on loss function
Epoch 46: val_loss=0.22429713606834412
Epoch 46: train_loss=0.5049176216125488

[CollapseMonitor] Epoch 46
  [DEBUG] Processed 4 batches from val_dataloader
  [DEBUG] Predictions shape after concat: (230,)
  [DEBUG] All predictions list length: 4
  [DEBUG] First batch shape: (64,)
  Pred std: 0.003264, range: 0.014245, mean: 0.019553
  Pos: 100.0%, Neg: 0.0%, Unique: 224
  Dir Acc: 58.26%, Pred Sharpe: 95.0904
  Composite: 0.4610 (dist_match: 0.5826, actual_pos: 58.3%, pred_pos: 100.0%)
  Collapse penalty: 0.000000 (threshold: 0.005000)
  Regime distribution: {'regime_0_fraction': 1.0, 'regime_1_fraction': 0.0}
  Regime gates: {'mean': 0.49160635471343994, 'std': 0.0032204322051256895, 'min': 0.488407164812088, 'max': 0.4948055148124695}
  Saved validation predictions to: experiments/07_weekly_mods/rolling/daily_regime_attn/fold_2018/collapse_monitoring/val_predictions_epoch46.npy
  Gradient norms:
    lstm_encoder: 0.005191
    lstm_decoder: 0.003653
    output_layer: 0.096526
  Regime gate grads (epoch avg): tensor([[ 0.0018,  0.0080],
        [-0.0492, -0.0441]])
  VSN output std:
    encoder: 0.246575
  Attention entropy: 2.995716
  Regime attention gates: [[0.4948055148124695, 0.488407164812088], [0.5172828435897827, 0.5199332237243652]]
  Saved to: experiments/07_weekly_mods/rolling/daily_regime_attn/fold_2018/collapse_monitoring/collapse_monitor_latest.json
[DEBUG CollapseMonitor] on_validation_epoch_start called for epoch 47
[DEBUG CollapseMonitor] reset_temporal_state() called on loss function
Epoch 47: val_loss=0.22414866089820862
Epoch 47: train_loss=0.5046104788780212

[CollapseMonitor] Epoch 47
  [DEBUG] Processed 4 batches from val_dataloader
  [DEBUG] Predictions shape after concat: (230,)
  [DEBUG] All predictions list length: 4
  [DEBUG] First batch shape: (64,)
  Pred std: 0.003236, range: 0.014124, mean: 0.017847
  Pos: 100.0%, Neg: 0.0%, Unique: 228
  Dir Acc: 58.26%, Pred Sharpe: 87.5358
  Composite: 0.4610 (dist_match: 0.5826, actual_pos: 58.3%, pred_pos: 100.0%)
  Collapse penalty: 0.000000 (threshold: 0.005000)
  Regime distribution: {'regime_0_fraction': 1.0, 'regime_1_fraction': 0.0}
  Regime gates: {'mean': 0.4915929138660431, 'std': 0.003221662249416113, 'min': 0.48839250206947327, 'max': 0.4947932958602905}
  Saved validation predictions to: experiments/07_weekly_mods/rolling/daily_regime_attn/fold_2018/collapse_monitoring/val_predictions_epoch47.npy
  Gradient norms:
    lstm_encoder: 0.005586
    lstm_decoder: 0.003913
    output_layer: 0.105575
  Regime gate grads (epoch avg): tensor([[ 0.0116,  0.0083],
        [-0.0532, -0.0525]])
  VSN output std:
    encoder: 0.246590
  Attention entropy: 2.995716
  Regime attention gates: [[0.4947932958602905, 0.48839250206947327], [0.5173261165618896, 0.5199747085571289]]
  Saved to: experiments/07_weekly_mods/rolling/daily_regime_attn/fold_2018/collapse_monitoring/collapse_monitor_latest.json
[DEBUG CollapseMonitor] on_validation_epoch_start called for epoch 48
[DEBUG CollapseMonitor] reset_temporal_state() called on loss function
Epoch 48: val_loss=0.223929762840271
Epoch 48: train_loss=0.5076332688331604

[CollapseMonitor] Epoch 48
  [DEBUG] Processed 4 batches from val_dataloader
  [DEBUG] Predictions shape after concat: (230,)
  [DEBUG] All predictions list length: 4
  [DEBUG] First batch shape: (64,)
  Pred std: 0.003193, range: 0.013935, mean: 0.016652
  Pos: 100.0%, Neg: 0.0%, Unique: 226
  Dir Acc: 58.26%, Pred Sharpe: 82.7815
  Composite: 0.4610 (dist_match: 0.5826, actual_pos: 58.3%, pred_pos: 100.0%)
  Collapse penalty: 0.000000 (threshold: 0.005000)
  Regime distribution: {'regime_0_fraction': 1.0, 'regime_1_fraction': 0.0}
  Regime gates: {'mean': 0.49157312512397766, 'std': 0.00322121218778193, 'min': 0.4883732199668884, 'max': 0.49477311968803406}
  Saved validation predictions to: experiments/07_weekly_mods/rolling/daily_regime_attn/fold_2018/collapse_monitoring/val_predictions_epoch48.npy
  Gradient norms:
    lstm_encoder: 0.005402
    lstm_decoder: 0.003620
    output_layer: 0.093276
  Regime gate grads (epoch avg): tensor([[ 0.0089,  0.0114],
        [-0.0421, -0.0463]])
  VSN output std:
    encoder: 0.246601
  Attention entropy: 2.995716
  Regime attention gates: [[0.49477311968803406, 0.4883732199668884], [0.5173732042312622, 0.5200233459472656]]
  Saved to: experiments/07_weekly_mods/rolling/daily_regime_attn/fold_2018/collapse_monitoring/collapse_monitor_latest.json
[DEBUG CollapseMonitor] on_validation_epoch_start called for epoch 49
[DEBUG CollapseMonitor] reset_temporal_state() called on loss function
Epoch 49: val_loss=0.22380584478378296
Epoch 49: train_loss=0.5065849423408508

[CollapseMonitor] Epoch 49
  [DEBUG] Processed 4 batches from val_dataloader
  [DEBUG] Predictions shape after concat: (230,)
  [DEBUG] All predictions list length: 4
  [DEBUG] First batch shape: (64,)
  Pred std: 0.003163, range: 0.013804, mean: 0.018691
  Pos: 100.0%, Neg: 0.0%, Unique: 229
  Dir Acc: 58.26%, Pred Sharpe: 93.7982
  Composite: 0.4610 (dist_match: 0.5826, actual_pos: 58.3%, pred_pos: 100.0%)
  Collapse penalty: 0.000000 (threshold: 0.005000)
  Regime distribution: {'regime_0_fraction': 1.0, 'regime_1_fraction': 0.0}
  Regime gates: {'mean': 0.4915551245212555, 'std': 0.0032222471199929714, 'min': 0.4883541762828827, 'max': 0.49475613236427307}
  Saved validation predictions to: experiments/07_weekly_mods/rolling/daily_regime_attn/fold_2018/collapse_monitoring/val_predictions_epoch49.npy
  Gradient norms:
    lstm_encoder: 0.005680
    lstm_decoder: 0.004029
    output_layer: 0.114991
  Regime gate grads (epoch avg): tensor([[ 0.0042,  0.0022],
        [-0.0572, -0.0496]])
  VSN output std:
    encoder: 0.246588
  Attention entropy: 2.995716
  Regime attention gates: [[0.49475613236427307, 0.4883541762828827], [0.517427384853363, 0.5200738310813904]]
  Saved to: experiments/07_weekly_mods/rolling/daily_regime_attn/fold_2018/collapse_monitoring/collapse_monitor_latest.json
[DEBUG CollapseMonitor] on_validation_epoch_start called for epoch 50
[DEBUG CollapseMonitor] reset_temporal_state() called on loss function
Epoch 50: val_loss=0.2236597090959549
Epoch 50: train_loss=0.506199836730957

[CollapseMonitor] Epoch 50
  [DEBUG] Processed 4 batches from val_dataloader
  [DEBUG] Predictions shape after concat: (230,)
  [DEBUG] All predictions list length: 4
  [DEBUG] First batch shape: (64,)
  Pred std: 0.003142, range: 0.013708, mean: 0.020008
  Pos: 100.0%, Neg: 0.0%, Unique: 227
  Dir Acc: 58.26%, Pred Sharpe: 101.1024
  Composite: 0.4610 (dist_match: 0.5826, actual_pos: 58.3%, pred_pos: 100.0%)
  Collapse penalty: 0.000000 (threshold: 0.005000)
  Regime distribution: {'regime_0_fraction': 1.0, 'regime_1_fraction': 0.0}
  Regime gates: {'mean': 0.4915473759174347, 'std': 0.0032205821480602026, 'min': 0.4883480370044708, 'max': 0.49474668502807617}
  Saved validation predictions to: experiments/07_weekly_mods/rolling/daily_regime_attn/fold_2018/collapse_monitoring/val_predictions_epoch50.npy
  Gradient norms:
    lstm_encoder: 0.005574
    lstm_decoder: 0.004043
    output_layer: 0.116363
  Regime gate grads (epoch avg): tensor([[ 0.0069,  0.0037],
        [-0.0483, -0.0508]])
  VSN output std:
    encoder: 0.246612
  Attention entropy: 2.995716
  Regime attention gates: [[0.49474668502807617, 0.4883480370044708], [0.5174671411514282, 0.5201166272163391]]
  Saved to: experiments/07_weekly_mods/rolling/daily_regime_attn/fold_2018/collapse_monitoring/collapse_monitor_latest.json
[DEBUG CollapseMonitor] on_validation_epoch_start called for epoch 51
[DEBUG CollapseMonitor] reset_temporal_state() called on loss function
Epoch 51: val_loss=0.22328191995620728
Epoch 51: train_loss=0.5055854916572571

[CollapseMonitor] Epoch 51
  [DEBUG] Processed 4 batches from val_dataloader
  [DEBUG] Predictions shape after concat: (230,)
  [DEBUG] All predictions list length: 4
  [DEBUG] First batch shape: (64,)
  Pred std: 0.003108, range: 0.013554, mean: 0.020816
  Pos: 100.0%, Neg: 0.0%, Unique: 227
  Dir Acc: 58.26%, Pred Sharpe: 106.3012
  Composite: 0.4610 (dist_match: 0.5826, actual_pos: 58.3%, pred_pos: 100.0%)
  Collapse penalty: 0.000000 (threshold: 0.005000)
  Regime distribution: {'regime_0_fraction': 1.0, 'regime_1_fraction': 0.0}
  Regime gates: {'mean': 0.4915368854999542, 'std': 0.0032168172765523195, 'min': 0.4883413314819336, 'max': 0.49473249912261963}
  Saved validation predictions to: experiments/07_weekly_mods/rolling/daily_regime_attn/fold_2018/collapse_monitoring/val_predictions_epoch51.npy
  Gradient norms:
    lstm_encoder: 0.005246
    lstm_decoder: 0.003762
    output_layer: 0.103836
  Regime gate grads (epoch avg): tensor([[ 0.0055,  0.0028],
        [-0.0452, -0.0414]])
  VSN output std:
    encoder: 0.246644
  Attention entropy: 2.995716
  Regime attention gates: [[0.49473249912261963, 0.4883413314819336], [0.5175110101699829, 0.5201613306999207]]
  Saved to: experiments/07_weekly_mods/rolling/daily_regime_attn/fold_2018/collapse_monitoring/collapse_monitor_latest.json
[DEBUG CollapseMonitor] on_validation_epoch_start called for epoch 52
[DEBUG CollapseMonitor] reset_temporal_state() called on loss function
Epoch 52: val_loss=0.22301940619945526
Epoch 52: train_loss=0.5022962689399719

[CollapseMonitor] Epoch 52
  [DEBUG] Processed 4 batches from val_dataloader
  [DEBUG] Predictions shape after concat: (230,)
  [DEBUG] All predictions list length: 4
  [DEBUG] First batch shape: (64,)
  Pred std: 0.003070, range: 0.013371, mean: 0.020883
  Pos: 100.0%, Neg: 0.0%, Unique: 225
  Dir Acc: 58.26%, Pred Sharpe: 107.9789
  Composite: 0.4610 (dist_match: 0.5826, actual_pos: 58.3%, pred_pos: 100.0%)
  Collapse penalty: 0.000000 (threshold: 0.005000)
  Regime distribution: {'regime_0_fraction': 1.0, 'regime_1_fraction': 0.0}
  Regime gates: {'mean': 0.4915268123149872, 'std': 0.003216307144612074, 'min': 0.48833176493644714, 'max': 0.494721919298172}
  Saved validation predictions to: experiments/07_weekly_mods/rolling/daily_regime_attn/fold_2018/collapse_monitoring/val_predictions_epoch52.npy
  Gradient norms:
    lstm_encoder: 0.005339
    lstm_decoder: 0.003742
    output_layer: 0.109733
  Regime gate grads (epoch avg): tensor([[ 0.0078,  0.0103],
        [-0.0581, -0.0524]])
  VSN output std:
    encoder: 0.246641
  Attention entropy: 2.995716
  Regime attention gates: [[0.494721919298172, 0.48833176493644714], [0.5175633430480957, 0.5202075839042664]]
  Saved to: experiments/07_weekly_mods/rolling/daily_regime_attn/fold_2018/collapse_monitoring/collapse_monitor_latest.json
[DEBUG CollapseMonitor] on_validation_epoch_start called for epoch 53
[DEBUG CollapseMonitor] reset_temporal_state() called on loss function
Epoch 53: val_loss=0.22291256487369537
Epoch 53: train_loss=0.5037227272987366

[CollapseMonitor] Epoch 53
  [DEBUG] Processed 4 batches from val_dataloader
  [DEBUG] Predictions shape after concat: (230,)
  [DEBUG] All predictions list length: 4
  [DEBUG] First batch shape: (64,)
  Pred std: 0.003050, range: 0.013270, mean: 0.021490
  Pos: 100.0%, Neg: 0.0%, Unique: 222
  Dir Acc: 58.26%, Pred Sharpe: 111.8466
  Composite: 0.4610 (dist_match: 0.5826, actual_pos: 58.3%, pred_pos: 100.0%)
  Collapse penalty: 0.000000 (threshold: 0.005000)
  Regime distribution: {'regime_0_fraction': 1.0, 'regime_1_fraction': 0.0}
  Regime gates: {'mean': 0.49150556325912476, 'std': 0.0032190822530537844, 'min': 0.4883077144622803, 'max': 0.49470338225364685}
  Saved validation predictions to: experiments/07_weekly_mods/rolling/daily_regime_attn/fold_2018/collapse_monitoring/val_predictions_epoch53.npy
  Gradient norms:
    lstm_encoder: 0.005647
    lstm_decoder: 0.004054
    output_layer: 0.107658
  Regime gate grads (epoch avg): tensor([[ 0.0066,  0.0106],
        [-0.0585, -0.0619]])
  VSN output std:
    encoder: 0.246609
  Attention entropy: 2.995716
  Regime attention gates: [[0.49470338225364685, 0.4883077144622803], [0.5176080465316772, 0.5202530026435852]]
  Saved to: experiments/07_weekly_mods/rolling/daily_regime_attn/fold_2018/collapse_monitoring/collapse_monitor_latest.json
[DEBUG CollapseMonitor] on_validation_epoch_start called for epoch 54
[DEBUG CollapseMonitor] reset_temporal_state() called on loss function
Epoch 54: val_loss=0.2226964235305786
Epoch 54: train_loss=0.5031912326812744

[CollapseMonitor] Epoch 54
  [DEBUG] Processed 4 batches from val_dataloader
  [DEBUG] Predictions shape after concat: (230,)
  [DEBUG] All predictions list length: 4
  [DEBUG] First batch shape: (64,)
  Pred std: 0.003025, range: 0.013145, mean: 0.020849
  Pos: 100.0%, Neg: 0.0%, Unique: 227
  Dir Acc: 58.26%, Pred Sharpe: 109.4240
  Composite: 0.4610 (dist_match: 0.5826, actual_pos: 58.3%, pred_pos: 100.0%)
  Collapse penalty: 0.000000 (threshold: 0.005000)
  Regime distribution: {'regime_0_fraction': 1.0, 'regime_1_fraction': 0.0}
  Regime gates: {'mean': 0.4914899170398712, 'std': 0.0032202971633523703, 'min': 0.4882908761501312, 'max': 0.4946889579296112}
  Saved validation predictions to: experiments/07_weekly_mods/rolling/daily_regime_attn/fold_2018/collapse_monitoring/val_predictions_epoch54.npy
  Gradient norms:
    lstm_encoder: 0.005609
    lstm_decoder: 0.003765
    output_layer: 0.104492
  Regime gate grads (epoch avg): tensor([[ 0.0112,  0.0083],
        [-0.0513, -0.0544]])
  VSN output std:
    encoder: 0.246602
  Attention entropy: 2.995716
  Regime attention gates: [[0.4946889579296112, 0.4882908761501312], [0.5176621079444885, 0.5203100442886353]]
  Saved to: experiments/07_weekly_mods/rolling/daily_regime_attn/fold_2018/collapse_monitoring/collapse_monitor_latest.json
[DEBUG CollapseMonitor] on_validation_epoch_start called for epoch 55
[DEBUG CollapseMonitor] reset_temporal_state() called on loss function
Epoch 55: val_loss=0.2225605994462967
Epoch 55: train_loss=0.5087783336639404

[CollapseMonitor] Epoch 55
  [DEBUG] Processed 4 batches from val_dataloader
  [DEBUG] Predictions shape after concat: (230,)
  [DEBUG] All predictions list length: 4
  [DEBUG] First batch shape: (64,)
  Pred std: 0.003009, range: 0.013063, mean: 0.020377
  Pos: 100.0%, Neg: 0.0%, Unique: 224
  Dir Acc: 58.26%, Pred Sharpe: 107.5174
  Composite: 0.4610 (dist_match: 0.5826, actual_pos: 58.3%, pred_pos: 100.0%)
  Collapse penalty: 0.000000 (threshold: 0.005000)
  Regime distribution: {'regime_0_fraction': 1.0, 'regime_1_fraction': 0.0}
  Regime gates: {'mean': 0.4914831817150116, 'std': 0.003220612183213234, 'min': 0.48828378319740295, 'max': 0.4946824908256531}
  Saved validation predictions to: experiments/07_weekly_mods/rolling/daily_regime_attn/fold_2018/collapse_monitoring/val_predictions_epoch55.npy
  Gradient norms:
    lstm_encoder: 0.005663
    lstm_decoder: 0.003840
    output_layer: 0.103949
  Regime gate grads (epoch avg): tensor([[ 0.0025,  0.0043],
        [-0.0449, -0.0523]])
  VSN output std:
    encoder: 0.246626
  Attention entropy: 2.995716
  Regime attention gates: [[0.4946824908256531, 0.48828378319740295], [0.5176928043365479, 0.520344078540802]]
  Saved to: experiments/07_weekly_mods/rolling/daily_regime_attn/fold_2018/collapse_monitoring/collapse_monitor_latest.json
[DEBUG CollapseMonitor] on_validation_epoch_start called for epoch 56
[DEBUG CollapseMonitor] reset_temporal_state() called on loss function
Epoch 56: val_loss=0.22251079976558685
Epoch 56: train_loss=0.5056388974189758

[CollapseMonitor] Epoch 56
  [DEBUG] Processed 4 batches from val_dataloader
  [DEBUG] Predictions shape after concat: (230,)
  [DEBUG] All predictions list length: 4
  [DEBUG] First batch shape: (64,)
  Pred std: 0.002999, range: 0.013014, mean: 0.019198
  Pos: 100.0%, Neg: 0.0%, Unique: 226
  Dir Acc: 58.26%, Pred Sharpe: 101.6249
  Composite: 0.4610 (dist_match: 0.5826, actual_pos: 58.3%, pred_pos: 100.0%)
  Collapse penalty: 0.000000 (threshold: 0.005000)
  Regime distribution: {'regime_0_fraction': 1.0, 'regime_1_fraction': 0.0}
  Regime gates: {'mean': 0.49147534370422363, 'std': 0.0032191872596740723, 'min': 0.488277405500412, 'max': 0.4946732819080353}
  Saved validation predictions to: experiments/07_weekly_mods/rolling/daily_regime_attn/fold_2018/collapse_monitoring/val_predictions_epoch56.npy
  Gradient norms:
    lstm_encoder: 0.005698
    lstm_decoder: 0.004077
    output_layer: 0.111193
  Regime gate grads (epoch avg): tensor([[ 0.0144,  0.0108],
        [-0.0516, -0.0462]])
  VSN output std:
    encoder: 0.246662
  Attention entropy: 2.995716
  Regime attention gates: [[0.4946732819080353, 0.488277405500412], [0.5177198648452759, 0.5203717947006226]]
  Saved to: experiments/07_weekly_mods/rolling/daily_regime_attn/fold_2018/collapse_monitoring/collapse_monitor_latest.json
[DEBUG CollapseMonitor] on_validation_epoch_start called for epoch 57
[DEBUG CollapseMonitor] reset_temporal_state() called on loss function
Epoch 57: val_loss=0.22255098819732666
Epoch 57: train_loss=0.5066217184066772

[CollapseMonitor] Epoch 57
  [DEBUG] Processed 4 batches from val_dataloader
  [DEBUG] Predictions shape after concat: (230,)
  [DEBUG] All predictions list length: 4
  [DEBUG] First batch shape: (64,)
  Pred std: 0.002991, range: 0.012976, mean: 0.017918
  Pos: 100.0%, Neg: 0.0%, Unique: 225
  Dir Acc: 58.26%, Pred Sharpe: 95.0975
  Composite: 0.4610 (dist_match: 0.5826, actual_pos: 58.3%, pred_pos: 100.0%)
  Collapse penalty: 0.000000 (threshold: 0.005000)
  Regime distribution: {'regime_0_fraction': 1.0, 'regime_1_fraction': 0.0}
  Regime gates: {'mean': 0.491468220949173, 'std': 0.00321929226629436, 'min': 0.48827019333839417, 'max': 0.49466627836227417}
  Saved validation predictions to: experiments/07_weekly_mods/rolling/daily_regime_attn/fold_2018/collapse_monitoring/val_predictions_epoch57.npy
  Gradient norms:
    lstm_encoder: 0.005577
    lstm_decoder: 0.003940
    output_layer: 0.104192
  Regime gate grads (epoch avg): tensor([[ 0.0031,  0.0029],
        [-0.0527, -0.0508]])
  VSN output std:
    encoder: 0.246674
  Attention entropy: 2.995716
  Regime attention gates: [[0.49466627836227417, 0.48827019333839417], [0.5177544951438904, 0.5204033255577087]]
  Saved to: experiments/07_weekly_mods/rolling/daily_regime_attn/fold_2018/collapse_monitoring/collapse_monitor_latest.json
[DEBUG CollapseMonitor] on_validation_epoch_start called for epoch 58
[DEBUG CollapseMonitor] reset_temporal_state() called on loss function
Epoch 58: val_loss=0.22244369983673096
Epoch 58: train_loss=0.5055702924728394

[CollapseMonitor] Epoch 58
  [DEBUG] Processed 4 batches from val_dataloader
  [DEBUG] Predictions shape after concat: (230,)
  [DEBUG] All predictions list length: 4
  [DEBUG] First batch shape: (64,)
  Pred std: 0.002982, range: 0.012925, mean: 0.019138
  Pos: 100.0%, Neg: 0.0%, Unique: 225
  Dir Acc: 58.26%, Pred Sharpe: 101.8953
  Composite: 0.4610 (dist_match: 0.5826, actual_pos: 58.3%, pred_pos: 100.0%)
  Collapse penalty: 0.000000 (threshold: 0.005000)
  Regime distribution: {'regime_0_fraction': 1.0, 'regime_1_fraction': 0.0}
  Regime gates: {'mean': 0.49145808815956116, 'std': 0.0032177320681512356, 'min': 0.4882616102695465, 'max': 0.4946545958518982}
  Saved validation predictions to: experiments/07_weekly_mods/rolling/daily_regime_attn/fold_2018/collapse_monitoring/val_predictions_epoch58.npy
  Gradient norms:
    lstm_encoder: 0.005830
    lstm_decoder: 0.004198
    output_layer: 0.120346
  Regime gate grads (epoch avg): tensor([[ 0.0110,  0.0066],
        [-0.0448, -0.0447]])
  VSN output std:
    encoder: 0.246681
  Attention entropy: 2.995716
  Regime attention gates: [[0.4946545958518982, 0.4882616102695465], [0.5177826881408691, 0.5204315185546875]]
  Saved to: experiments/07_weekly_mods/rolling/daily_regime_attn/fold_2018/collapse_monitoring/collapse_monitor_latest.json
[DEBUG CollapseMonitor] on_validation_epoch_start called for epoch 59
[DEBUG CollapseMonitor] reset_temporal_state() called on loss function
Epoch 59: val_loss=0.22227835655212402
Epoch 59: train_loss=0.5061666369438171

[CollapseMonitor] Epoch 59
  [DEBUG] Processed 4 batches from val_dataloader
  [DEBUG] Predictions shape after concat: (230,)
  [DEBUG] All predictions list length: 4
  [DEBUG] First batch shape: (64,)
  Pred std: 0.002963, range: 0.012823, mean: 0.018245
  Pos: 100.0%, Neg: 0.0%, Unique: 226
  Dir Acc: 58.26%, Pred Sharpe: 97.7546
  Composite: 0.4610 (dist_match: 0.5826, actual_pos: 58.3%, pred_pos: 100.0%)
  Collapse penalty: 0.000000 (threshold: 0.005000)
  Regime distribution: {'regime_0_fraction': 1.0, 'regime_1_fraction': 0.0}
  Regime gates: {'mean': 0.4914481043815613, 'std': 0.003216442186385393, 'min': 0.4882529079914093, 'max': 0.49464333057403564}
  Saved validation predictions to: experiments/07_weekly_mods/rolling/daily_regime_attn/fold_2018/collapse_monitoring/val_predictions_epoch59.npy
  Gradient norms:
    lstm_encoder: 0.005179
    lstm_decoder: 0.003762
    output_layer: 0.104304
  Regime gate grads (epoch avg): tensor([[ 0.0119,  0.0120],
        [-0.0546, -0.0491]])
  VSN output std:
    encoder: 0.246677
  Attention entropy: 2.995716
  Regime attention gates: [[0.49464333057403564, 0.4882529079914093], [0.5178089141845703, 0.5204556584358215]]
  Saved to: experiments/07_weekly_mods/rolling/daily_regime_attn/fold_2018/collapse_monitoring/collapse_monitor_latest.json
[DEBUG CollapseMonitor] on_validation_epoch_start called for epoch 60
[DEBUG CollapseMonitor] reset_temporal_state() called on loss function
Epoch 60: val_loss=0.2222592532634735
Epoch 60: train_loss=0.5054667592048645

[CollapseMonitor] Epoch 60
  [DEBUG] Processed 4 batches from val_dataloader
  [DEBUG] Predictions shape after concat: (230,)
  [DEBUG] All predictions list length: 4
  [DEBUG] First batch shape: (64,)
  Pred std: 0.002948, range: 0.012745, mean: 0.017348
  Pos: 100.0%, Neg: 0.0%, Unique: 225
  Dir Acc: 58.26%, Pred Sharpe: 93.4123
  Composite: 0.4610 (dist_match: 0.5826, actual_pos: 58.3%, pred_pos: 100.0%)
  Collapse penalty: 0.000000 (threshold: 0.005000)
  Regime distribution: {'regime_0_fraction': 1.0, 'regime_1_fraction': 0.0}
  Regime gates: {'mean': 0.4914325475692749, 'std': 0.003214762080460787, 'min': 0.48823899030685425, 'max': 0.49462607502937317}
  Saved validation predictions to: experiments/07_weekly_mods/rolling/daily_regime_attn/fold_2018/collapse_monitoring/val_predictions_epoch60.npy
  Gradient norms:
    lstm_encoder: 0.005352
    lstm_decoder: 0.003796
    output_layer: 0.106063
  Regime gate grads (epoch avg): tensor([[ 0.0113,  0.0076],
        [-0.0541, -0.0562]])
  VSN output std:
    encoder: 0.246661
  Attention entropy: 2.995716
  Regime attention gates: [[0.49462607502937317, 0.48823899030685425], [0.5178391337394714, 0.5204859375953674]]
  Saved to: experiments/07_weekly_mods/rolling/daily_regime_attn/fold_2018/collapse_monitoring/collapse_monitor_latest.json
[DEBUG CollapseMonitor] on_validation_epoch_start called for epoch 61
[DEBUG CollapseMonitor] reset_temporal_state() called on loss function
Epoch 61: val_loss=0.2221606969833374
Epoch 61: train_loss=0.504953920841217

[CollapseMonitor] Epoch 61
  [DEBUG] Processed 4 batches from val_dataloader
  [DEBUG] Predictions shape after concat: (230,)
  [DEBUG] All predictions list length: 4
  [DEBUG] First batch shape: (64,)
  Pred std: 0.002933, range: 0.012665, mean: 0.017167
  Pos: 100.0%, Neg: 0.0%, Unique: 222
  Dir Acc: 58.26%, Pred Sharpe: 92.9212
  Composite: 0.4610 (dist_match: 0.5826, actual_pos: 58.3%, pred_pos: 100.0%)
  Collapse penalty: 0.000000 (threshold: 0.005000)
  Regime distribution: {'regime_0_fraction': 1.0, 'regime_1_fraction': 0.0}
  Regime gates: {'mean': 0.49142155051231384, 'std': 0.0032170722261071205, 'min': 0.48822569847106934, 'max': 0.49461737275123596}
  Saved validation predictions to: experiments/07_weekly_mods/rolling/daily_regime_attn/fold_2018/collapse_monitoring/val_predictions_epoch61.npy
  Gradient norms:
    lstm_encoder: 0.005594
    lstm_decoder: 0.003940
    output_layer: 0.107164
  Regime gate grads (epoch avg): tensor([[ 0.0021,  0.0067],
        [-0.0520, -0.0520]])
  VSN output std:
    encoder: 0.246652
  Attention entropy: 2.995716
  Regime attention gates: [[0.49461737275123596, 0.48822569847106934], [0.5178738832473755, 0.520520806312561]]
  Saved to: experiments/07_weekly_mods/rolling/daily_regime_attn/fold_2018/collapse_monitoring/collapse_monitor_latest.json
[DEBUG CollapseMonitor] on_validation_epoch_start called for epoch 62
[DEBUG CollapseMonitor] reset_temporal_state() called on loss function
Epoch 62: val_loss=0.22212070226669312
Epoch 62: train_loss=0.5064008235931396

[CollapseMonitor] Epoch 62
  [DEBUG] Processed 4 batches from val_dataloader
  [DEBUG] Predictions shape after concat: (230,)
  [DEBUG] All predictions list length: 4
  [DEBUG] First batch shape: (64,)
  Pred std: 0.002920, range: 0.012595, mean: 0.017891
  Pos: 100.0%, Neg: 0.0%, Unique: 229
  Dir Acc: 58.26%, Pred Sharpe: 97.2589
  Composite: 0.4610 (dist_match: 0.5826, actual_pos: 58.3%, pred_pos: 100.0%)
  Collapse penalty: 0.000000 (threshold: 0.005000)
  Regime distribution: {'regime_0_fraction': 1.0, 'regime_1_fraction': 0.0}
  Regime gates: {'mean': 0.49141401052474976, 'std': 0.0032183772418648005, 'min': 0.48821693658828735, 'max': 0.4946112036705017}
  Saved validation predictions to: experiments/07_weekly_mods/rolling/daily_regime_attn/fold_2018/collapse_monitoring/val_predictions_epoch62.npy
  Gradient norms:
    lstm_encoder: 0.005495
    lstm_decoder: 0.003811
    output_layer: 0.104925
  Regime gate grads (epoch avg): tensor([[ 0.0028,  0.0044],
        [-0.0527, -0.0472]])
  VSN output std:
    encoder: 0.246652
  Attention entropy: 2.995716
  Regime attention gates: [[0.4946112036705017, 0.48821693658828735], [0.5178989171981812, 0.5205469727516174]]
  Saved to: experiments/07_weekly_mods/rolling/daily_regime_attn/fold_2018/collapse_monitoring/collapse_monitor_latest.json
[DEBUG CollapseMonitor] on_validation_epoch_start called for epoch 63
[DEBUG CollapseMonitor] reset_temporal_state() called on loss function
Epoch 63: val_loss=0.2221308797597885
Epoch 63: train_loss=0.4986734390258789

[CollapseMonitor] Epoch 63
  [DEBUG] Processed 4 batches from val_dataloader
  [DEBUG] Predictions shape after concat: (230,)
  [DEBUG] All predictions list length: 4
  [DEBUG] First batch shape: (64,)
  Pred std: 0.002907, range: 0.012524, mean: 0.018147
  Pos: 100.0%, Neg: 0.0%, Unique: 228
  Dir Acc: 58.26%, Pred Sharpe: 99.0795
  Composite: 0.4610 (dist_match: 0.5826, actual_pos: 58.3%, pred_pos: 100.0%)
  Collapse penalty: 0.000000 (threshold: 0.005000)
  Regime distribution: {'regime_0_fraction': 1.0, 'regime_1_fraction': 0.0}
  Regime gates: {'mean': 0.49141114950180054, 'std': 0.003217357210814953, 'min': 0.48821499943733215, 'max': 0.49460723996162415}
  Saved validation predictions to: experiments/07_weekly_mods/rolling/daily_regime_attn/fold_2018/collapse_monitoring/val_predictions_epoch63.npy
  Gradient norms:
    lstm_encoder: 0.005041
    lstm_decoder: 0.003495
    output_layer: 0.100270
  Regime gate grads (epoch avg): tensor([[ 0.0059,  0.0018],
        [-0.0570, -0.0512]])
  VSN output std:
    encoder: 0.246652
  Attention entropy: 2.995716
  Regime attention gates: [[0.49460723996162415, 0.48821499943733215], [0.5179287791252136, 0.5205740332603455]]
  Saved to: experiments/07_weekly_mods/rolling/daily_regime_attn/fold_2018/collapse_monitoring/collapse_monitor_latest.json
[DEBUG CollapseMonitor] on_validation_epoch_start called for epoch 64
[DEBUG CollapseMonitor] reset_temporal_state() called on loss function
Epoch 64: val_loss=0.2220439910888672
Epoch 64: train_loss=0.5059943199157715

[CollapseMonitor] Epoch 64
  [DEBUG] Processed 4 batches from val_dataloader
  [DEBUG] Predictions shape after concat: (230,)
  [DEBUG] All predictions list length: 4
  [DEBUG] First batch shape: (64,)
  Pred std: 0.002898, range: 0.012476, mean: 0.019464
  Pos: 100.0%, Neg: 0.0%, Unique: 225
  Dir Acc: 58.26%, Pred Sharpe: 106.6236
  Composite: 0.4610 (dist_match: 0.5826, actual_pos: 58.3%, pred_pos: 100.0%)
  Collapse penalty: 0.000000 (threshold: 0.005000)
  Regime distribution: {'regime_0_fraction': 1.0, 'regime_1_fraction': 0.0}
  Regime gates: {'mean': 0.49139705300331116, 'std': 0.0032151672057807446, 'min': 0.4882030785083771, 'max': 0.49459096789360046}
  Saved validation predictions to: experiments/07_weekly_mods/rolling/daily_regime_attn/fold_2018/collapse_monitoring/val_predictions_epoch64.npy
  Gradient norms:
    lstm_encoder: 0.005481
    lstm_decoder: 0.003973
    output_layer: 0.110891
  Regime gate grads (epoch avg): tensor([[ 0.0117,  0.0094],
        [-0.0597, -0.0596]])
  VSN output std:
    encoder: 0.246663
  Attention entropy: 2.995716
  Regime attention gates: [[0.49459096789360046, 0.4882030785083771], [0.5179621577262878, 0.5206043720245361]]
  Saved to: experiments/07_weekly_mods/rolling/daily_regime_attn/fold_2018/collapse_monitoring/collapse_monitor_latest.json
[DEBUG CollapseMonitor] on_validation_epoch_start called for epoch 65
[DEBUG CollapseMonitor] reset_temporal_state() called on loss function
Epoch 65: val_loss=0.2220386266708374
Epoch 65: train_loss=0.5059964060783386

[CollapseMonitor] Epoch 65
  [DEBUG] Processed 4 batches from val_dataloader
  [DEBUG] Predictions shape after concat: (230,)
  [DEBUG] All predictions list length: 4
  [DEBUG] First batch shape: (64,)
  Pred std: 0.002887, range: 0.012420, mean: 0.020021
  Pos: 100.0%, Neg: 0.0%, Unique: 230
  Dir Acc: 58.26%, Pred Sharpe: 110.1022
  Composite: 0.4610 (dist_match: 0.5826, actual_pos: 58.3%, pred_pos: 100.0%)
  Collapse penalty: 0.000000 (threshold: 0.005000)
  Regime distribution: {'regime_0_fraction': 1.0, 'regime_1_fraction': 0.0}
  Regime gates: {'mean': 0.4913825988769531, 'std': 0.0032146270386874676, 'min': 0.4881892204284668, 'max': 0.49457603693008423}
  Saved validation predictions to: experiments/07_weekly_mods/rolling/daily_regime_attn/fold_2018/collapse_monitoring/val_predictions_epoch65.npy
  Gradient norms:
    lstm_encoder: 0.005492
    lstm_decoder: 0.003926
    output_layer: 0.105485
  Regime gate grads (epoch avg): tensor([[ 0.0134,  0.0106],
        [-0.0478, -0.0483]])
  VSN output std:
    encoder: 0.246649
  Attention entropy: 2.995716
  Regime attention gates: [[0.49457603693008423, 0.4881892204284668], [0.51799076795578, 0.5206323266029358]]
  Saved to: experiments/07_weekly_mods/rolling/daily_regime_attn/fold_2018/collapse_monitoring/collapse_monitor_latest.json
[DEBUG CollapseMonitor] on_validation_epoch_start called for epoch 66
[DEBUG CollapseMonitor] reset_temporal_state() called on loss function
Epoch 66: val_loss=0.2218778431415558
Epoch 66: train_loss=0.5040985345840454

[CollapseMonitor] Epoch 66
  [DEBUG] Processed 4 batches from val_dataloader
  [DEBUG] Predictions shape after concat: (230,)
  [DEBUG] All predictions list length: 4
  [DEBUG] First batch shape: (64,)
  Pred std: 0.002859, range: 0.012254, mean: 0.018622
  Pos: 100.0%, Neg: 0.0%, Unique: 229
  Dir Acc: 58.26%, Pred Sharpe: 103.3953
  Composite: 0.4610 (dist_match: 0.5826, actual_pos: 58.3%, pred_pos: 100.0%)
  Collapse penalty: 0.000000 (threshold: 0.005000)
  Regime distribution: {'regime_0_fraction': 1.0, 'regime_1_fraction': 0.0}
  Regime gates: {'mean': 0.49137505888938904, 'std': 0.0032120621763169765, 'min': 0.48818421363830566, 'max': 0.4945659339427948}
  Saved validation predictions to: experiments/07_weekly_mods/rolling/daily_regime_attn/fold_2018/collapse_monitoring/val_predictions_epoch66.npy
  Gradient norms:
    lstm_encoder: 0.005634
    lstm_decoder: 0.003791
    output_layer: 0.095299
  Regime gate grads (epoch avg): tensor([[ 0.0069,  0.0042],
        [-0.0478, -0.0426]])
  VSN output std:
    encoder: 0.246644
  Attention entropy: 2.995716
  Regime attention gates: [[0.4945659339427948, 0.48818421363830566], [0.5180234313011169, 0.5206640958786011]]
  Saved to: experiments/07_weekly_mods/rolling/daily_regime_attn/fold_2018/collapse_monitoring/collapse_monitor_latest.json
[DEBUG CollapseMonitor] on_validation_epoch_start called for epoch 67
[DEBUG CollapseMonitor] reset_temporal_state() called on loss function
Epoch 67: val_loss=0.22175441682338715
Epoch 67: train_loss=0.5037260055541992

[CollapseMonitor] Epoch 67
  [DEBUG] Processed 4 batches from val_dataloader
  [DEBUG] Predictions shape after concat: (230,)
  [DEBUG] All predictions list length: 4
  [DEBUG] First batch shape: (64,)
  Pred std: 0.002843, range: 0.012155, mean: 0.018051
  Pos: 100.0%, Neg: 0.0%, Unique: 226
  Dir Acc: 58.26%, Pred Sharpe: 100.7752
  Composite: 0.4610 (dist_match: 0.5826, actual_pos: 58.3%, pred_pos: 100.0%)
  Collapse penalty: 0.000000 (threshold: 0.005000)
  Regime distribution: {'regime_0_fraction': 1.0, 'regime_1_fraction': 0.0}
  Regime gates: {'mean': 0.49136728048324585, 'std': 0.00321029219776392, 'min': 0.48817819356918335, 'max': 0.49455639719963074}
  Saved validation predictions to: experiments/07_weekly_mods/rolling/daily_regime_attn/fold_2018/collapse_monitoring/val_predictions_epoch67.npy
  Gradient norms:
    lstm_encoder: 0.005761
    lstm_decoder: 0.004047
    output_layer: 0.113066
  Regime gate grads (epoch avg): tensor([[ 0.0091,  0.0044],
        [-0.0570, -0.0561]])
  VSN output std:
    encoder: 0.246675
  Attention entropy: 2.995716
  Regime attention gates: [[0.49455639719963074, 0.48817819356918335], [0.518054187297821, 0.5206916332244873]]
  Saved to: experiments/07_weekly_mods/rolling/daily_regime_attn/fold_2018/collapse_monitoring/collapse_monitor_latest.json
[DEBUG CollapseMonitor] on_validation_epoch_start called for epoch 68
[DEBUG CollapseMonitor] reset_temporal_state() called on loss function
Epoch 68: val_loss=0.22174601256847382
Epoch 68: train_loss=0.5040165781974792

[CollapseMonitor] Epoch 68
  [DEBUG] Processed 4 batches from val_dataloader
  [DEBUG] Predictions shape after concat: (230,)
  [DEBUG] All predictions list length: 4
  [DEBUG] First batch shape: (64,)
  Pred std: 0.002836, range: 0.012117, mean: 0.019142
  Pos: 100.0%, Neg: 0.0%, Unique: 226
  Dir Acc: 58.26%, Pred Sharpe: 107.1520
  Composite: 0.4610 (dist_match: 0.5826, actual_pos: 58.3%, pred_pos: 100.0%)
  Collapse penalty: 0.000000 (threshold: 0.005000)
  Regime distribution: {'regime_0_fraction': 1.0, 'regime_1_fraction': 0.0}
  Regime gates: {'mean': 0.49136030673980713, 'std': 0.003210592083632946, 'min': 0.48817092180252075, 'max': 0.4945497214794159}
  Saved validation predictions to: experiments/07_weekly_mods/rolling/daily_regime_attn/fold_2018/collapse_monitoring/val_predictions_epoch68.npy
  Gradient norms:
    lstm_encoder: 0.005770
    lstm_decoder: 0.003928
    output_layer: 0.106930
  Regime gate grads (epoch avg): tensor([[ 0.0022,  0.0068],
        [-0.0531, -0.0555]])
  VSN output std:
    encoder: 0.246675
  Attention entropy: 2.995716
  Regime attention gates: [[0.4945497214794159, 0.48817092180252075], [0.5180833339691162, 0.5207197070121765]]
  Saved to: experiments/07_weekly_mods/rolling/daily_regime_attn/fold_2018/collapse_monitoring/collapse_monitor_latest.json
[DEBUG CollapseMonitor] on_validation_epoch_start called for epoch 69
[DEBUG CollapseMonitor] reset_temporal_state() called on loss function
Epoch 69: val_loss=0.2219124138355255
Epoch 69: train_loss=0.5066115260124207

[CollapseMonitor] Epoch 69
  [DEBUG] Processed 4 batches from val_dataloader
  [DEBUG] Predictions shape after concat: (230,)
  [DEBUG] All predictions list length: 4
  [DEBUG] First batch shape: (64,)
  Pred std: 0.002820, range: 0.012025, mean: 0.018443
  Pos: 100.0%, Neg: 0.0%, Unique: 229
  Dir Acc: 58.26%, Pred Sharpe: 103.8124
  Composite: 0.4610 (dist_match: 0.5826, actual_pos: 58.3%, pred_pos: 100.0%)
  Collapse penalty: 0.000000 (threshold: 0.005000)
  Regime distribution: {'regime_0_fraction': 1.0, 'regime_1_fraction': 0.0}
  Regime gates: {'mean': 0.49134936928749084, 'std': 0.0032128270249813795, 'min': 0.4881577491760254, 'max': 0.4945409893989563}
  Saved validation predictions to: experiments/07_weekly_mods/rolling/daily_regime_attn/fold_2018/collapse_monitoring/val_predictions_epoch69.npy
  Gradient norms:
    lstm_encoder: 0.005695
    lstm_decoder: 0.004096
    output_layer: 0.114561
  Regime gate grads (epoch avg): tensor([[ 0.0135,  0.0155],
        [-0.0518, -0.0551]])
  VSN output std:
    encoder: 0.246658
  Attention entropy: 2.995716
  Regime attention gates: [[0.4945409893989563, 0.4881577491760254], [0.5181148648262024, 0.5207542181015015]]
  Saved to: experiments/07_weekly_mods/rolling/daily_regime_attn/fold_2018/collapse_monitoring/collapse_monitor_latest.json
[DEBUG CollapseMonitor] on_validation_epoch_start called for epoch 70
[DEBUG CollapseMonitor] reset_temporal_state() called on loss function
Epoch 70: val_loss=0.22182294726371765
Epoch 70: train_loss=0.5057534575462341

[CollapseMonitor] Epoch 70
  [DEBUG] Processed 4 batches from val_dataloader
  [DEBUG] Predictions shape after concat: (230,)
  [DEBUG] All predictions list length: 4
  [DEBUG] First batch shape: (64,)
  Pred std: 0.002805, range: 0.011936, mean: 0.017436
  Pos: 100.0%, Neg: 0.0%, Unique: 225
  Dir Acc: 58.26%, Pred Sharpe: 98.6875
  Composite: 0.4610 (dist_match: 0.5826, actual_pos: 58.3%, pred_pos: 100.0%)
  Collapse penalty: 0.000000 (threshold: 0.005000)
  Regime distribution: {'regime_0_fraction': 1.0, 'regime_1_fraction': 0.0}
  Regime gates: {'mean': 0.4913356304168701, 'std': 0.0032150321640074253, 'min': 0.48814183473587036, 'max': 0.49452945590019226}
  Saved validation predictions to: experiments/07_weekly_mods/rolling/daily_regime_attn/fold_2018/collapse_monitoring/val_predictions_epoch70.npy
  Gradient norms:
    lstm_encoder: 0.005235
    lstm_decoder: 0.003945
    output_layer: 0.112793
  Regime gate grads (epoch avg): tensor([[ 0.0065,  0.0111],
        [-0.0461, -0.0457]])
  VSN output std:
    encoder: 0.246678
  Attention entropy: 2.995716
  Regime attention gates: [[0.49452945590019226, 0.48814183473587036], [0.5181445479393005, 0.5207832455635071]]
  Saved to: experiments/07_weekly_mods/rolling/daily_regime_attn/fold_2018/collapse_monitoring/collapse_monitor_latest.json
[DEBUG CollapseMonitor] on_validation_epoch_start called for epoch 71
[DEBUG CollapseMonitor] reset_temporal_state() called on loss function
Epoch 71: val_loss=0.22176526486873627
Epoch 71: train_loss=0.507520318031311

[CollapseMonitor] Epoch 71
  [DEBUG] Processed 4 batches from val_dataloader
  [DEBUG] Predictions shape after concat: (230,)
  [DEBUG] All predictions list length: 4
  [DEBUG] First batch shape: (64,)
  Pred std: 0.002794, range: 0.011860, mean: 0.017439
  Pos: 100.0%, Neg: 0.0%, Unique: 226
  Dir Acc: 58.26%, Pred Sharpe: 99.0758
  Composite: 0.4610 (dist_match: 0.5826, actual_pos: 58.3%, pred_pos: 100.0%)
  Collapse penalty: 0.000000 (threshold: 0.005000)
  Regime distribution: {'regime_0_fraction': 1.0, 'regime_1_fraction': 0.0}
  Regime gates: {'mean': 0.4913318455219269, 'std': 0.003217162098735571, 'min': 0.48813596367836, 'max': 0.49452781677246094}
  Saved validation predictions to: experiments/07_weekly_mods/rolling/daily_regime_attn/fold_2018/collapse_monitoring/val_predictions_epoch71.npy
  Gradient norms:
    lstm_encoder: 0.006178
    lstm_decoder: 0.004484
    output_layer: 0.122082
  Regime gate grads (epoch avg): tensor([[ 0.0028,  0.0056],
        [-0.0501, -0.0516]])
  VSN output std:
    encoder: 0.246678
  Attention entropy: 2.995716
  Regime attention gates: [[0.49452781677246094, 0.48813596367836], [0.5181685090065002, 0.5208090543746948]]
  Saved to: experiments/07_weekly_mods/rolling/daily_regime_attn/fold_2018/collapse_monitoring/collapse_monitor_latest.json
[DEBUG CollapseMonitor] on_validation_epoch_start called for epoch 72
[DEBUG CollapseMonitor] reset_temporal_state() called on loss function
Epoch 72: val_loss=0.22163358330726624
Epoch 72: train_loss=0.5044912099838257

[CollapseMonitor] Epoch 72
  [DEBUG] Processed 4 batches from val_dataloader
  [DEBUG] Predictions shape after concat: (230,)
  [DEBUG] All predictions list length: 4
  [DEBUG] First batch shape: (64,)
  Pred std: 0.002780, range: 0.011761, mean: 0.018116
  Pos: 100.0%, Neg: 0.0%, Unique: 227
  Dir Acc: 58.26%, Pred Sharpe: 103.4582
  Composite: 0.4610 (dist_match: 0.5826, actual_pos: 58.3%, pred_pos: 100.0%)
  Collapse penalty: 0.000000 (threshold: 0.005000)
  Regime distribution: {'regime_0_fraction': 1.0, 'regime_1_fraction': 0.0}
  Regime gates: {'mean': 0.49132707715034485, 'std': 0.0032173721119761467, 'min': 0.48813092708587646, 'max': 0.49452319741249084}
  Saved validation predictions to: experiments/07_weekly_mods/rolling/daily_regime_attn/fold_2018/collapse_monitoring/val_predictions_epoch72.npy
  Gradient norms:
    lstm_encoder: 0.005548
    lstm_decoder: 0.003943
    output_layer: 0.105889
  Regime gate grads (epoch avg): tensor([[ 0.0076,  0.0043],
        [-0.0468, -0.0510]])
  VSN output std:
    encoder: 0.246680
  Attention entropy: 2.995716
  Regime attention gates: [[0.49452319741249084, 0.48813092708587646], [0.5181936025619507, 0.5208367705345154]]
  Saved to: experiments/07_weekly_mods/rolling/daily_regime_attn/fold_2018/collapse_monitoring/collapse_monitor_latest.json
[DEBUG CollapseMonitor] on_validation_epoch_start called for epoch 73
[DEBUG CollapseMonitor] reset_temporal_state() called on loss function
Epoch 73: val_loss=0.22162409126758575
Epoch 73: train_loss=0.5052875280380249

[CollapseMonitor] Epoch 73
  [DEBUG] Processed 4 batches from val_dataloader
  [DEBUG] Predictions shape after concat: (230,)
  [DEBUG] All predictions list length: 4
  [DEBUG] First batch shape: (64,)
  Pred std: 0.002766, range: 0.011686, mean: 0.019618
  Pos: 100.0%, Neg: 0.0%, Unique: 229
  Dir Acc: 58.26%, Pred Sharpe: 112.5921
  Composite: 0.4610 (dist_match: 0.5826, actual_pos: 58.3%, pred_pos: 100.0%)
  Collapse penalty: 0.000000 (threshold: 0.005000)
  Regime distribution: {'regime_0_fraction': 1.0, 'regime_1_fraction': 0.0}
  Regime gates: {'mean': 0.49130910634994507, 'std': 0.0032164722215384245, 'min': 0.4881139397621155, 'max': 0.4945044219493866}
  Saved validation predictions to: experiments/07_weekly_mods/rolling/daily_regime_attn/fold_2018/collapse_monitoring/val_predictions_epoch73.npy
  Gradient norms:
    lstm_encoder: 0.005581
    lstm_decoder: 0.003969
    output_layer: 0.113660
  Regime gate grads (epoch avg): tensor([[ 0.0140,  0.0118],
        [-0.0468, -0.0464]])
  VSN output std:
    encoder: 0.246632
  Attention entropy: 2.995716
  Regime attention gates: [[0.4945044219493866, 0.4881139397621155], [0.5182245373725891, 0.5208677053451538]]
  Saved to: experiments/07_weekly_mods/rolling/daily_regime_attn/fold_2018/collapse_monitoring/collapse_monitor_latest.json
[DEBUG CollapseMonitor] on_validation_epoch_start called for epoch 74
[DEBUG CollapseMonitor] reset_temporal_state() called on loss function
Epoch 74: val_loss=0.22160835564136505
Epoch 74: train_loss=0.5021973848342896

[CollapseMonitor] Epoch 74
  [DEBUG] Processed 4 batches from val_dataloader
  [DEBUG] Predictions shape after concat: (230,)
  [DEBUG] All predictions list length: 4
  [DEBUG] First batch shape: (64,)
  Pred std: 0.002752, range: 0.011593, mean: 0.017879
  Pos: 100.0%, Neg: 0.0%, Unique: 224
  Dir Acc: 58.26%, Pred Sharpe: 103.1335
  Composite: 0.4610 (dist_match: 0.5826, actual_pos: 58.3%, pred_pos: 100.0%)
  Collapse penalty: 0.000000 (threshold: 0.005000)
  Regime distribution: {'regime_0_fraction': 1.0, 'regime_1_fraction': 0.0}
  Regime gates: {'mean': 0.4913036823272705, 'std': 0.003217387245967984, 'min': 0.4881075322628021, 'max': 0.4944998323917389}
  Saved validation predictions to: experiments/07_weekly_mods/rolling/daily_regime_attn/fold_2018/collapse_monitoring/val_predictions_epoch74.npy
  Gradient norms:
    lstm_encoder: 0.005721
    lstm_decoder: 0.004222
    output_layer: 0.113909
  Regime gate grads (epoch avg): tensor([[ 0.0030,  0.0045],
        [-0.0560, -0.0563]])
  VSN output std:
    encoder: 0.246631
  Attention entropy: 2.995716
  Regime attention gates: [[0.4944998323917389, 0.4881075322628021], [0.5182488560676575, 0.5208940505981445]]
  Saved to: experiments/07_weekly_mods/rolling/daily_regime_attn/fold_2018/collapse_monitoring/collapse_monitor_latest.json
[DEBUG CollapseMonitor] on_validation_epoch_start called for epoch 75
[DEBUG CollapseMonitor] reset_temporal_state() called on loss function
Epoch 75: val_loss=0.22134092450141907
Epoch 75: train_loss=0.5030315518379211

[CollapseMonitor] Epoch 75
  [DEBUG] Processed 4 batches from val_dataloader
  [DEBUG] Predictions shape after concat: (230,)
  [DEBUG] All predictions list length: 4
  [DEBUG] First batch shape: (64,)
  Pred std: 0.002734, range: 0.011444, mean: 0.016289
  Pos: 100.0%, Neg: 0.0%, Unique: 229
  Dir Acc: 58.26%, Pred Sharpe: 94.5890
  Composite: 0.4610 (dist_match: 0.5826, actual_pos: 58.3%, pred_pos: 100.0%)
  Collapse penalty: 0.000000 (threshold: 0.005000)
  Regime distribution: {'regime_0_fraction': 1.0, 'regime_1_fraction': 0.0}
  Regime gates: {'mean': 0.49129098653793335, 'std': 0.0032170871272683144, 'min': 0.48809513449668884, 'max': 0.49448683857917786}
  Saved validation predictions to: experiments/07_weekly_mods/rolling/daily_regime_attn/fold_2018/collapse_monitoring/val_predictions_epoch75.npy
  Gradient norms:
    lstm_encoder: 0.005225
    lstm_decoder: 0.003688
    output_layer: 0.097281
  Regime gate grads (epoch avg): tensor([[ 0.0124,  0.0114],
        [-0.0448, -0.0492]])
  VSN output std:
    encoder: 0.246645
  Attention entropy: 2.995716
  Regime attention gates: [[0.49448683857917786, 0.48809513449668884], [0.5182793140411377, 0.5209268927574158]]
  Saved to: experiments/07_weekly_mods/rolling/daily_regime_attn/fold_2018/collapse_monitoring/collapse_monitor_latest.json
[DEBUG CollapseMonitor] on_validation_epoch_start called for epoch 76
[DEBUG CollapseMonitor] reset_temporal_state() called on loss function
Epoch 76: val_loss=0.221177339553833
Epoch 76: train_loss=0.5033067464828491

[CollapseMonitor] Epoch 76
  [DEBUG] Processed 4 batches from val_dataloader
  [DEBUG] Predictions shape after concat: (230,)
  [DEBUG] All predictions list length: 4
  [DEBUG] First batch shape: (64,)
  Pred std: 0.002722, range: 0.011368, mean: 0.017169
  Pos: 100.0%, Neg: 0.0%, Unique: 230
  Dir Acc: 58.26%, Pred Sharpe: 100.1169
  Composite: 0.4610 (dist_match: 0.5826, actual_pos: 58.3%, pred_pos: 100.0%)
  Collapse penalty: 0.000000 (threshold: 0.005000)
  Regime distribution: {'regime_0_fraction': 1.0, 'regime_1_fraction': 0.0}
  Regime gates: {'mean': 0.49128320813179016, 'std': 0.003218452213332057, 'min': 0.4880860447883606, 'max': 0.4944804608821869}
  Saved validation predictions to: experiments/07_weekly_mods/rolling/daily_regime_attn/fold_2018/collapse_monitoring/val_predictions_epoch76.npy
  Gradient norms:
    lstm_encoder: 0.005481
    lstm_decoder: 0.004050
    output_layer: 0.109730
  Regime gate grads (epoch avg): tensor([[ 0.0034,  0.0067],
        [-0.0464, -0.0514]])
  VSN output std:
    encoder: 0.246675
  Attention entropy: 2.995715
  Regime attention gates: [[0.4944804608821869, 0.4880860447883606], [0.5183045864105225, 0.5209559202194214]]
  Saved to: experiments/07_weekly_mods/rolling/daily_regime_attn/fold_2018/collapse_monitoring/collapse_monitor_latest.json
[DEBUG CollapseMonitor] on_validation_epoch_start called for epoch 77
[DEBUG CollapseMonitor] reset_temporal_state() called on loss function
Epoch 77: val_loss=0.22115585207939148
Epoch 77: train_loss=0.4980451166629791

[CollapseMonitor] Epoch 77
  [DEBUG] Processed 4 batches from val_dataloader
  [DEBUG] Predictions shape after concat: (230,)
  [DEBUG] All predictions list length: 4
  [DEBUG] First batch shape: (64,)
  Pred std: 0.002713, range: 0.011316, mean: 0.017653
  Pos: 100.0%, Neg: 0.0%, Unique: 226
  Dir Acc: 58.26%, Pred Sharpe: 103.2742
  Composite: 0.4610 (dist_match: 0.5826, actual_pos: 58.3%, pred_pos: 100.0%)
  Collapse penalty: 0.000000 (threshold: 0.005000)
  Regime distribution: {'regime_0_fraction': 1.0, 'regime_1_fraction': 0.0}
  Regime gates: {'mean': 0.49126920104026794, 'std': 0.0032193672377616167, 'min': 0.4880710542201996, 'max': 0.49446728825569153}
  Saved validation predictions to: experiments/07_weekly_mods/rolling/daily_regime_attn/fold_2018/collapse_monitoring/val_predictions_epoch77.npy
  Gradient norms:
    lstm_encoder: 0.005287
    lstm_decoder: 0.003789
    output_layer: 0.096816
  Regime gate grads (epoch avg): tensor([[ 0.0097,  0.0111],
        [-0.0532, -0.0477]])
  VSN output std:
    encoder: 0.246659
  Attention entropy: 2.995715
  Regime attention gates: [[0.49446728825569153, 0.4880710542201996], [0.5183315873146057, 0.5209834575653076]]
  Saved to: experiments/07_weekly_mods/rolling/daily_regime_attn/fold_2018/collapse_monitoring/collapse_monitor_latest.json
[DEBUG CollapseMonitor] on_validation_epoch_start called for epoch 78
[DEBUG CollapseMonitor] reset_temporal_state() called on loss function
Epoch 78: val_loss=0.22104449570178986
Epoch 78: train_loss=0.5043947696685791

[CollapseMonitor] Epoch 78
  [DEBUG] Processed 4 batches from val_dataloader
  [DEBUG] Predictions shape after concat: (230,)
  [DEBUG] All predictions list length: 4
  [DEBUG] First batch shape: (64,)
  Pred std: 0.002696, range: 0.011185, mean: 0.018802
  Pos: 100.0%, Neg: 0.0%, Unique: 228
  Dir Acc: 58.26%, Pred Sharpe: 110.7020
  Composite: 0.4610 (dist_match: 0.5826, actual_pos: 58.3%, pred_pos: 100.0%)
  Collapse penalty: 0.000000 (threshold: 0.005000)
  Regime distribution: {'regime_0_fraction': 1.0, 'regime_1_fraction': 0.0}
  Regime gates: {'mean': 0.4912564158439636, 'std': 0.003219757229089737, 'min': 0.488057941198349, 'max': 0.494454950094223}
  Saved validation predictions to: experiments/07_weekly_mods/rolling/daily_regime_attn/fold_2018/collapse_monitoring/val_predictions_epoch78.npy
  Gradient norms:
    lstm_encoder: 0.005655
    lstm_decoder: 0.004007
    output_layer: 0.107992
  Regime gate grads (epoch avg): tensor([[ 0.0077,  0.0075],
        [-0.0479, -0.0446]])
  VSN output std:
    encoder: 0.246626
  Attention entropy: 2.995715
  Regime attention gates: [[0.494454950094223, 0.488057941198349], [0.5183648467063904, 0.5210138559341431]]
  Saved to: experiments/07_weekly_mods/rolling/daily_regime_attn/fold_2018/collapse_monitoring/collapse_monitor_latest.json
[DEBUG CollapseMonitor] on_validation_epoch_start called for epoch 79
[DEBUG CollapseMonitor] reset_temporal_state() called on loss function
Epoch 79: val_loss=0.22101986408233643
Epoch 79: train_loss=0.5069116353988647

[CollapseMonitor] Epoch 79
  [DEBUG] Processed 4 batches from val_dataloader
  [DEBUG] Predictions shape after concat: (230,)
  [DEBUG] All predictions list length: 4
  [DEBUG] First batch shape: (64,)
  Pred std: 0.002682, range: 0.011103, mean: 0.018385
  Pos: 100.0%, Neg: 0.0%, Unique: 228
  Dir Acc: 58.26%, Pred Sharpe: 108.8229
  Composite: 0.4610 (dist_match: 0.5826, actual_pos: 58.3%, pred_pos: 100.0%)
  Collapse penalty: 0.000000 (threshold: 0.005000)
  Regime distribution: {'regime_0_fraction': 1.0, 'regime_1_fraction': 0.0}
  Regime gates: {'mean': 0.49125805497169495, 'std': 0.0032185872551053762, 'min': 0.48806071281433105, 'max': 0.49445539712905884}
  Saved validation predictions to: experiments/07_weekly_mods/rolling/daily_regime_attn/fold_2018/collapse_monitoring/val_predictions_epoch79.npy
  Gradient norms:
    lstm_encoder: 0.005644
    lstm_decoder: 0.004108
    output_layer: 0.109004
  Regime gate grads (epoch avg): tensor([[ 0.0012, -0.0008],
        [-0.0552, -0.0553]])
  VSN output std:
    encoder: 0.246646
  Attention entropy: 2.995715
  Regime attention gates: [[0.49445539712905884, 0.48806071281433105], [0.5183960795402527, 0.5210447311401367]]
  Saved to: experiments/07_weekly_mods/rolling/daily_regime_attn/fold_2018/collapse_monitoring/collapse_monitor_latest.json
[DEBUG CollapseMonitor] on_validation_epoch_start called for epoch 80
[DEBUG CollapseMonitor] reset_temporal_state() called on loss function
Epoch 80: val_loss=0.2211388349533081
Epoch 80: train_loss=0.5050134062767029

[CollapseMonitor] Epoch 80
  [DEBUG] Processed 4 batches from val_dataloader
  [DEBUG] Predictions shape after concat: (230,)
  [DEBUG] All predictions list length: 4
  [DEBUG] First batch shape: (64,)
  Pred std: 0.002669, range: 0.011018, mean: 0.017870
  Pos: 100.0%, Neg: 0.0%, Unique: 228
  Dir Acc: 58.26%, Pred Sharpe: 106.2718
  Composite: 0.4610 (dist_match: 0.5826, actual_pos: 58.3%, pred_pos: 100.0%)
  Collapse penalty: 0.000000 (threshold: 0.005000)
  Regime distribution: {'regime_0_fraction': 1.0, 'regime_1_fraction': 0.0}
  Regime gates: {'mean': 0.49125251173973083, 'std': 0.0032172072678804398, 'min': 0.4880565106868744, 'max': 0.4944484531879425}
  Saved validation predictions to: experiments/07_weekly_mods/rolling/daily_regime_attn/fold_2018/collapse_monitoring/val_predictions_epoch80.npy
  Gradient norms:
    lstm_encoder: 0.005627
    lstm_decoder: 0.003860
    output_layer: 0.097481
  Regime gate grads (epoch avg): tensor([[ 0.0119,  0.0079],
        [-0.0480, -0.0499]])
  VSN output std:
    encoder: 0.246631
  Attention entropy: 2.995715
  Regime attention gates: [[0.4944484531879425, 0.4880565106868744], [0.5184286832809448, 0.5210774540901184]]
  Saved to: experiments/07_weekly_mods/rolling/daily_regime_attn/fold_2018/collapse_monitoring/collapse_monitor_latest.json
[DEBUG CollapseMonitor] on_validation_epoch_start called for epoch 81
[DEBUG CollapseMonitor] reset_temporal_state() called on loss function
Epoch 81: val_loss=0.22114725410938263
Epoch 81: train_loss=0.5026324987411499

[CollapseMonitor] Epoch 81
  [DEBUG] Processed 4 batches from val_dataloader
  [DEBUG] Predictions shape after concat: (230,)
  [DEBUG] All predictions list length: 4
  [DEBUG] First batch shape: (64,)
  Pred std: 0.002658, range: 0.010938, mean: 0.017144
  Pos: 100.0%, Neg: 0.0%, Unique: 224
  Dir Acc: 58.26%, Pred Sharpe: 102.3988
  Composite: 0.4610 (dist_match: 0.5826, actual_pos: 58.3%, pred_pos: 100.0%)
  Collapse penalty: 0.000000 (threshold: 0.005000)
  Regime distribution: {'regime_0_fraction': 1.0, 'regime_1_fraction': 0.0}
  Regime gates: {'mean': 0.49124184250831604, 'std': 0.003216547193005681, 'min': 0.4880465269088745, 'max': 0.49443715810775757}
  Saved validation predictions to: experiments/07_weekly_mods/rolling/daily_regime_attn/fold_2018/collapse_monitoring/val_predictions_epoch81.npy
  Gradient norms:
    lstm_encoder: 0.005690
    lstm_decoder: 0.003917
    output_layer: 0.108279
  Regime gate grads (epoch avg): tensor([[ 0.0124,  0.0101],
        [-0.0535, -0.0528]])
  VSN output std:
    encoder: 0.246636
  Attention entropy: 2.995715
  Regime attention gates: [[0.49443715810775757, 0.4880465269088745], [0.5184594988822937, 0.5211092233657837]]
  Saved to: experiments/07_weekly_mods/rolling/daily_regime_attn/fold_2018/collapse_monitoring/collapse_monitor_latest.json
[DEBUG CollapseMonitor] on_validation_epoch_start called for epoch 82
[DEBUG CollapseMonitor] reset_temporal_state() called on loss function
Epoch 82: val_loss=0.22090335190296173
Epoch 82: train_loss=0.5048403739929199

[CollapseMonitor] Epoch 82
  [DEBUG] Processed 4 batches from val_dataloader
  [DEBUG] Predictions shape after concat: (230,)
  [DEBUG] All predictions list length: 4
  [DEBUG] First batch shape: (64,)
  Pred std: 0.002645, range: 0.010830, mean: 0.017721
  Pos: 100.0%, Neg: 0.0%, Unique: 228
  Dir Acc: 58.26%, Pred Sharpe: 106.3536
  Composite: 0.4610 (dist_match: 0.5826, actual_pos: 58.3%, pred_pos: 100.0%)
  Collapse penalty: 0.000000 (threshold: 0.005000)
  Regime distribution: {'regime_0_fraction': 1.0, 'regime_1_fraction': 0.0}
  Regime gates: {'mean': 0.49122393131256104, 'std': 0.003215647069737315, 'min': 0.4880295395851135, 'max': 0.4944183826446533}
  Saved validation predictions to: experiments/07_weekly_mods/rolling/daily_regime_attn/fold_2018/collapse_monitoring/val_predictions_epoch82.npy
  Gradient norms:
    lstm_encoder: 0.005603
    lstm_decoder: 0.004015
    output_layer: 0.104014
  Regime gate grads (epoch avg): tensor([[ 0.0135,  0.0141],
        [-0.0622, -0.0580]])
  VSN output std:
    encoder: 0.246681
  Attention entropy: 2.995715
  Regime attention gates: [[0.4944183826446533, 0.4880295395851135], [0.5184954404830933, 0.52114337682724]]
  Saved to: experiments/07_weekly_mods/rolling/daily_regime_attn/fold_2018/collapse_monitoring/collapse_monitor_latest.json
[DEBUG CollapseMonitor] on_validation_epoch_start called for epoch 83
[DEBUG CollapseMonitor] reset_temporal_state() called on loss function
Epoch 83: val_loss=0.2208985984325409
Epoch 83: train_loss=0.5078352689743042

[CollapseMonitor] Epoch 83
  [DEBUG] Processed 4 batches from val_dataloader
  [DEBUG] Predictions shape after concat: (230,)
  [DEBUG] All predictions list length: 4
  [DEBUG] First batch shape: (64,)
  Pred std: 0.002635, range: 0.010745, mean: 0.017675
  Pos: 100.0%, Neg: 0.0%, Unique: 227
  Dir Acc: 58.26%, Pred Sharpe: 106.4612
  Composite: 0.4610 (dist_match: 0.5826, actual_pos: 58.3%, pred_pos: 100.0%)
  Collapse penalty: 0.000000 (threshold: 0.005000)
  Regime distribution: {'regime_0_fraction': 1.0, 'regime_1_fraction': 0.0}
  Regime gates: {'mean': 0.4912138879299164, 'std': 0.0032148670870810747, 'min': 0.48802027106285095, 'max': 0.4944075644016266}
  Saved validation predictions to: experiments/07_weekly_mods/rolling/daily_regime_attn/fold_2018/collapse_monitoring/val_predictions_epoch83.npy
  Gradient norms:
    lstm_encoder: 0.005825
    lstm_decoder: 0.003964
    output_layer: 0.104541
  Regime gate grads (epoch avg): tensor([[ 0.0071,  0.0047],
        [-0.0505, -0.0400]])
  VSN output std:
    encoder: 0.246689
  Attention entropy: 2.995714
  Regime attention gates: [[0.4944075644016266, 0.48802027106285095], [0.5185289978981018, 0.5211713910102844]]
  Saved to: experiments/07_weekly_mods/rolling/daily_regime_attn/fold_2018/collapse_monitoring/collapse_monitor_latest.json
[DEBUG CollapseMonitor] on_validation_epoch_start called for epoch 84
[DEBUG CollapseMonitor] reset_temporal_state() called on loss function
Epoch 84: val_loss=0.22077076137065887
Epoch 84: train_loss=0.5002335906028748

[CollapseMonitor] Epoch 84
  [DEBUG] Processed 4 batches from val_dataloader
  [DEBUG] Predictions shape after concat: (230,)
  [DEBUG] All predictions list length: 4
  [DEBUG] First batch shape: (64,)
  Pred std: 0.002624, range: 0.010656, mean: 0.017407
  Pos: 100.0%, Neg: 0.0%, Unique: 229
  Dir Acc: 58.26%, Pred Sharpe: 105.3092
  Composite: 0.4610 (dist_match: 0.5826, actual_pos: 58.3%, pred_pos: 100.0%)
  Collapse penalty: 0.000000 (threshold: 0.005000)
  Regime distribution: {'regime_0_fraction': 1.0, 'regime_1_fraction': 0.0}
  Regime gates: {'mean': 0.49120110273361206, 'std': 0.0032131571788340807, 'min': 0.48800915479660034, 'max': 0.4943930506706238}
  Saved validation predictions to: experiments/07_weekly_mods/rolling/daily_regime_attn/fold_2018/collapse_monitoring/val_predictions_epoch84.npy
  Gradient norms:
    lstm_encoder: 0.005685
    lstm_decoder: 0.004033
    output_layer: 0.109946
  Regime gate grads (epoch avg): tensor([[ 0.0140,  0.0115],
        [-0.0464, -0.0425]])
  VSN output std:
    encoder: 0.246728
  Attention entropy: 2.995714
  Regime attention gates: [[0.4943930506706238, 0.48800915479660034], [0.5185591578483582, 0.521198034286499]]
  Saved to: experiments/07_weekly_mods/rolling/daily_regime_attn/fold_2018/collapse_monitoring/collapse_monitor_latest.json
[DEBUG CollapseMonitor] on_validation_epoch_start called for epoch 85
[DEBUG CollapseMonitor] reset_temporal_state() called on loss function
Epoch 85: val_loss=0.22047701478004456
Epoch 85: train_loss=0.5031862854957581

[CollapseMonitor] Epoch 85
  [DEBUG] Processed 4 batches from val_dataloader
  [DEBUG] Predictions shape after concat: (230,)
  [DEBUG] All predictions list length: 4
  [DEBUG] First batch shape: (64,)
  Pred std: 0.002610, range: 0.010562, mean: 0.018587
  Pos: 100.0%, Neg: 0.0%, Unique: 225
  Dir Acc: 58.26%, Pred Sharpe: 113.0632
  Composite: 0.4610 (dist_match: 0.5826, actual_pos: 58.3%, pred_pos: 100.0%)
  Collapse penalty: 0.000000 (threshold: 0.005000)
  Regime distribution: {'regime_0_fraction': 1.0, 'regime_1_fraction': 0.0}
  Regime gates: {'mean': 0.491197794675827, 'std': 0.0032135772053152323, 'min': 0.4880053997039795, 'max': 0.4943901300430298}
  Saved validation predictions to: experiments/07_weekly_mods/rolling/daily_regime_attn/fold_2018/collapse_monitoring/val_predictions_epoch85.npy
  Gradient norms:
    lstm_encoder: 0.005947
    lstm_decoder: 0.004264
    output_layer: 0.111392
  Regime gate grads (epoch avg): tensor([[-0.0015,  0.0012],
        [-0.0609, -0.0557]])
  VSN output std:
    encoder: 0.246726
  Attention entropy: 2.995714
  Regime attention gates: [[0.4943901300430298, 0.4880053997039795], [0.5185918807983398, 0.5212293863296509]]
  Saved to: experiments/07_weekly_mods/rolling/daily_regime_attn/fold_2018/collapse_monitoring/collapse_monitor_latest.json
[DEBUG CollapseMonitor] on_validation_epoch_start called for epoch 86
[DEBUG CollapseMonitor] reset_temporal_state() called on loss function
Epoch 86: val_loss=0.22039522230625153
Epoch 86: train_loss=0.5028063058853149

[CollapseMonitor] Epoch 86
  [DEBUG] Processed 4 batches from val_dataloader
  [DEBUG] Predictions shape after concat: (230,)
  [DEBUG] All predictions list length: 4
  [DEBUG] First batch shape: (64,)
  Pred std: 0.002600, range: 0.010487, mean: 0.017805
  Pos: 100.0%, Neg: 0.0%, Unique: 224
  Dir Acc: 58.26%, Pred Sharpe: 108.7008
  Composite: 0.4610 (dist_match: 0.5826, actual_pos: 58.3%, pred_pos: 100.0%)
  Collapse penalty: 0.000000 (threshold: 0.005000)
  Regime distribution: {'regime_0_fraction': 1.0, 'regime_1_fraction': 0.0}
  Regime gates: {'mean': 0.49119147658348083, 'std': 0.00321459723636508, 'min': 0.4879981279373169, 'max': 0.49438488483428955}
  Saved validation predictions to: experiments/07_weekly_mods/rolling/daily_regime_attn/fold_2018/collapse_monitoring/val_predictions_epoch86.npy
  Gradient norms:
    lstm_encoder: 0.005522
    lstm_decoder: 0.003836
    output_layer: 0.105161
  Regime gate grads (epoch avg): tensor([[ 0.0090,  0.0120],
        [-0.0429, -0.0479]])
  VSN output std:
    encoder: 0.246731
  Attention entropy: 2.995714
  Regime attention gates: [[0.49438488483428955, 0.4879981279373169], [0.51861971616745, 0.5212576389312744]]
  Saved to: experiments/07_weekly_mods/rolling/daily_regime_attn/fold_2018/collapse_monitoring/collapse_monitor_latest.json
[DEBUG CollapseMonitor] on_validation_epoch_start called for epoch 87
[DEBUG CollapseMonitor] reset_temporal_state() called on loss function
Epoch 87: val_loss=0.22041238844394684
Epoch 87: train_loss=0.49979114532470703

[CollapseMonitor] Epoch 87
  [DEBUG] Processed 4 batches from val_dataloader
  [DEBUG] Predictions shape after concat: (230,)
  [DEBUG] All predictions list length: 4
  [DEBUG] First batch shape: (64,)
  Pred std: 0.002589, range: 0.010403, mean: 0.019630
  Pos: 100.0%, Neg: 0.0%, Unique: 227
  Dir Acc: 58.26%, Pred Sharpe: 120.3579
  Composite: 0.4610 (dist_match: 0.5826, actual_pos: 58.3%, pred_pos: 100.0%)
  Collapse penalty: 0.000000 (threshold: 0.005000)
  Regime distribution: {'regime_0_fraction': 1.0, 'regime_1_fraction': 0.0}
  Regime gates: {'mean': 0.49118098616600037, 'std': 0.0032146871089935303, 'min': 0.4879874587059021, 'max': 0.4943743944168091}
  Saved validation predictions to: experiments/07_weekly_mods/rolling/daily_regime_attn/fold_2018/collapse_monitoring/val_predictions_epoch87.npy
  Gradient norms:
    lstm_encoder: 0.005637
    lstm_decoder: 0.003973
    output_layer: 0.102695
  Regime gate grads (epoch avg): tensor([[ 0.0106,  0.0038],
        [-0.0511, -0.0520]])
  VSN output std:
    encoder: 0.246722
  Attention entropy: 2.995714
  Regime attention gates: [[0.4943743944168091, 0.4879874587059021], [0.5186498165130615, 0.5212909579277039]]
  Saved to: experiments/07_weekly_mods/rolling/daily_regime_attn/fold_2018/collapse_monitoring/collapse_monitor_latest.json
[DEBUG CollapseMonitor] on_validation_epoch_start called for epoch 88
[DEBUG CollapseMonitor] reset_temporal_state() called on loss function
Epoch 88: val_loss=0.22038717567920685
Epoch 88: train_loss=0.5043777823448181

[CollapseMonitor] Epoch 88
  [DEBUG] Processed 4 batches from val_dataloader
  [DEBUG] Predictions shape after concat: (230,)
  [DEBUG] All predictions list length: 4
  [DEBUG] First batch shape: (64,)
  Pred std: 0.002579, range: 0.010335, mean: 0.018884
  Pos: 100.0%, Neg: 0.0%, Unique: 228
  Dir Acc: 58.26%, Pred Sharpe: 116.2361
  Composite: 0.4610 (dist_match: 0.5826, actual_pos: 58.3%, pred_pos: 100.0%)
  Collapse penalty: 0.000000 (threshold: 0.005000)
  Regime distribution: {'regime_0_fraction': 1.0, 'regime_1_fraction': 0.0}
  Regime gates: {'mean': 0.49117299914360046, 'std': 0.003213742049410939, 'min': 0.4879804849624634, 'max': 0.49436554312705994}
  Saved validation predictions to: experiments/07_weekly_mods/rolling/daily_regime_attn/fold_2018/collapse_monitoring/val_predictions_epoch88.npy
  Gradient norms:
    lstm_encoder: 0.005512
    lstm_decoder: 0.003896
    output_layer: 0.107909
  Regime gate grads (epoch avg): tensor([[ 0.0092,  0.0114],
        [-0.0545, -0.0582]])
  VSN output std:
    encoder: 0.246742
  Attention entropy: 2.995714
  Regime attention gates: [[0.49436554312705994, 0.4879804849624634], [0.5186803936958313, 0.5213231444358826]]
  Saved to: experiments/07_weekly_mods/rolling/daily_regime_attn/fold_2018/collapse_monitoring/collapse_monitor_latest.json
[DEBUG CollapseMonitor] on_validation_epoch_start called for epoch 89
[DEBUG CollapseMonitor] reset_temporal_state() called on loss function
Epoch 89: val_loss=0.22040428221225739
Epoch 89: train_loss=0.5034292340278625

[CollapseMonitor] Epoch 89
  [DEBUG] Processed 4 batches from val_dataloader
  [DEBUG] Predictions shape after concat: (230,)
  [DEBUG] All predictions list length: 4
  [DEBUG] First batch shape: (64,)
  Pred std: 0.002566, range: 0.010272, mean: 0.020160
  Pos: 100.0%, Neg: 0.0%, Unique: 224
  Dir Acc: 58.26%, Pred Sharpe: 124.6960
  Composite: 0.4610 (dist_match: 0.5826, actual_pos: 58.3%, pred_pos: 100.0%)
  Collapse penalty: 0.000000 (threshold: 0.005000)
  Regime distribution: {'regime_0_fraction': 1.0, 'regime_1_fraction': 0.0}
  Regime gates: {'mean': 0.4911598265171051, 'std': 0.0032132170163094997, 'min': 0.4879678189754486, 'max': 0.4943518340587616}
  Saved validation predictions to: experiments/07_weekly_mods/rolling/daily_regime_attn/fold_2018/collapse_monitoring/val_predictions_epoch89.npy
  Gradient norms:
    lstm_encoder: 0.005764
    lstm_decoder: 0.003953
    output_layer: 0.104333
  Regime gate grads (epoch avg): tensor([[ 0.0114,  0.0071],
        [-0.0488, -0.0486]])
  VSN output std:
    encoder: 0.246710
  Attention entropy: 2.995714
  Regime attention gates: [[0.4943518340587616, 0.4879678189754486], [0.518707275390625, 0.5213510394096375]]
  Saved to: experiments/07_weekly_mods/rolling/daily_regime_attn/fold_2018/collapse_monitoring/collapse_monitor_latest.json
[DEBUG CollapseMonitor] on_validation_epoch_start called for epoch 90
[DEBUG CollapseMonitor] reset_temporal_state() called on loss function
Epoch 90: val_loss=0.22031070291996002
Epoch 90: train_loss=0.5028398633003235

[CollapseMonitor] Epoch 90
  [DEBUG] Processed 4 batches from val_dataloader
  [DEBUG] Predictions shape after concat: (230,)
  [DEBUG] All predictions list length: 4
  [DEBUG] First batch shape: (64,)
  Pred std: 0.002558, range: 0.010137, mean: 0.018541
  Pos: 100.0%, Neg: 0.0%, Unique: 228
  Dir Acc: 58.26%, Pred Sharpe: 115.0463
  Composite: 0.4610 (dist_match: 0.5826, actual_pos: 58.3%, pred_pos: 100.0%)
  Collapse penalty: 0.000000 (threshold: 0.005000)
  Regime distribution: {'regime_0_fraction': 1.0, 'regime_1_fraction': 0.0}
  Regime gates: {'mean': 0.4911443293094635, 'std': 0.003211657050997019, 'min': 0.48795387148857117, 'max': 0.49433478713035583}
  Saved validation predictions to: experiments/07_weekly_mods/rolling/daily_regime_attn/fold_2018/collapse_monitoring/val_predictions_epoch90.npy
  Gradient norms:
    lstm_encoder: 0.005591
    lstm_decoder: 0.003841
    output_layer: 0.101006
  Regime gate grads (epoch avg): tensor([[ 0.0152,  0.0122],
        [-0.0548, -0.0582]])
  VSN output std:
    encoder: 0.246730
  Attention entropy: 2.995714
  Regime attention gates: [[0.49433478713035583, 0.48795387148857117], [0.5187395811080933, 0.5213857889175415]]
  Saved to: experiments/07_weekly_mods/rolling/daily_regime_attn/fold_2018/collapse_monitoring/collapse_monitor_latest.json
[DEBUG CollapseMonitor] on_validation_epoch_start called for epoch 91
[DEBUG CollapseMonitor] reset_temporal_state() called on loss function
Epoch 91: val_loss=0.22034046053886414
Epoch 91: train_loss=0.5053765773773193

[CollapseMonitor] Epoch 91
  [DEBUG] Processed 4 batches from val_dataloader
  [DEBUG] Predictions shape after concat: (230,)
  [DEBUG] All predictions list length: 4
  [DEBUG] First batch shape: (64,)
  Pred std: 0.002550, range: 0.010040, mean: 0.017944
  Pos: 100.0%, Neg: 0.0%, Unique: 224
  Dir Acc: 58.26%, Pred Sharpe: 111.7232
  Composite: 0.4610 (dist_match: 0.5826, actual_pos: 58.3%, pred_pos: 100.0%)
  Collapse penalty: 0.000000 (threshold: 0.005000)
  Regime distribution: {'regime_0_fraction': 1.0, 'regime_1_fraction': 0.0}
  Regime gates: {'mean': 0.4911329448223114, 'std': 0.0032111022155731916, 'min': 0.4879430830478668, 'max': 0.49432289600372314}
  Saved validation predictions to: experiments/07_weekly_mods/rolling/daily_regime_attn/fold_2018/collapse_monitoring/val_predictions_epoch91.npy
  Gradient norms:
    lstm_encoder: 0.005823
    lstm_decoder: 0.004059
    output_layer: 0.101956
  Regime gate grads (epoch avg): tensor([[ 0.0078,  0.0070],
        [-0.0498, -0.0518]])
  VSN output std:
    encoder: 0.246716
  Attention entropy: 2.995714
  Regime attention gates: [[0.49432289600372314, 0.4879430830478668], [0.5187706351280212, 0.5214183330535889]]
  Saved to: experiments/07_weekly_mods/rolling/daily_regime_attn/fold_2018/collapse_monitoring/collapse_monitor_latest.json
[DEBUG CollapseMonitor] on_validation_epoch_start called for epoch 92
[DEBUG CollapseMonitor] reset_temporal_state() called on loss function
Epoch 92: val_loss=0.22020770609378815
Epoch 92: train_loss=0.505395233631134

[CollapseMonitor] Epoch 92
  [DEBUG] Processed 4 batches from val_dataloader
  [DEBUG] Predictions shape after concat: (230,)
  [DEBUG] All predictions list length: 4
  [DEBUG] First batch shape: (64,)
  Pred std: 0.002541, range: 0.009937, mean: 0.018077
  Pos: 100.0%, Neg: 0.0%, Unique: 224
  Dir Acc: 58.26%, Pred Sharpe: 112.9524
  Composite: 0.4610 (dist_match: 0.5826, actual_pos: 58.3%, pred_pos: 100.0%)
  Collapse penalty: 0.000000 (threshold: 0.005000)
  Regime distribution: {'regime_0_fraction': 1.0, 'regime_1_fraction': 0.0}
  Regime gates: {'mean': 0.49112555384635925, 'std': 0.003210097085684538, 'min': 0.4879366159439087, 'max': 0.49431443214416504}
  Saved validation predictions to: experiments/07_weekly_mods/rolling/daily_regime_attn/fold_2018/collapse_monitoring/val_predictions_epoch92.npy
  Gradient norms:
    lstm_encoder: 0.005854
    lstm_decoder: 0.004088
    output_layer: 0.112207
  Regime gate grads (epoch avg): tensor([[ 0.0061,  0.0039],
        [-0.0518, -0.0469]])
  VSN output std:
    encoder: 0.246699
  Attention entropy: 2.995714
  Regime attention gates: [[0.49431443214416504, 0.4879366159439087], [0.5187965631484985, 0.5214425325393677]]
  Saved to: experiments/07_weekly_mods/rolling/daily_regime_attn/fold_2018/collapse_monitoring/collapse_monitor_latest.json
[DEBUG CollapseMonitor] on_validation_epoch_start called for epoch 93
[DEBUG CollapseMonitor] reset_temporal_state() called on loss function
Epoch 93: val_loss=0.22023607790470123
Epoch 93: train_loss=0.503932774066925

[CollapseMonitor] Epoch 93
  [DEBUG] Processed 4 batches from val_dataloader
  [DEBUG] Predictions shape after concat: (230,)
  [DEBUG] All predictions list length: 4
  [DEBUG] First batch shape: (64,)
  Pred std: 0.002533, range: 0.009884, mean: 0.016827
  Pos: 100.0%, Neg: 0.0%, Unique: 229
  Dir Acc: 58.26%, Pred Sharpe: 105.4537
  Composite: 0.4610 (dist_match: 0.5826, actual_pos: 58.3%, pred_pos: 100.0%)
  Collapse penalty: 0.000000 (threshold: 0.005000)
  Regime distribution: {'regime_0_fraction': 1.0, 'regime_1_fraction': 0.0}
  Regime gates: {'mean': 0.4911198914051056, 'std': 0.003207487054169178, 'min': 0.48793354630470276, 'max': 0.49430617690086365}
  Saved validation predictions to: experiments/07_weekly_mods/rolling/daily_regime_attn/fold_2018/collapse_monitoring/val_predictions_epoch93.npy
  Gradient norms:
    lstm_encoder: 0.005700
    lstm_decoder: 0.004075
    output_layer: 0.106201
  Regime gate grads (epoch avg): tensor([[ 0.0059,  0.0020],
        [-0.0445, -0.0502]])
  VSN output std:
    encoder: 0.246707
  Attention entropy: 2.995714
  Regime attention gates: [[0.49430617690086365, 0.48793354630470276], [0.5188251733779907, 0.5214728713035583]]
  Saved to: experiments/07_weekly_mods/rolling/daily_regime_attn/fold_2018/collapse_monitoring/collapse_monitor_latest.json
[DEBUG CollapseMonitor] on_validation_epoch_start called for epoch 94
[DEBUG CollapseMonitor] reset_temporal_state() called on loss function
Epoch 94: val_loss=0.2202863246202469
Epoch 94: train_loss=0.5047613382339478

[CollapseMonitor] Epoch 94
  [DEBUG] Processed 4 batches from val_dataloader
  [DEBUG] Predictions shape after concat: (230,)
  [DEBUG] All predictions list length: 4
  [DEBUG] First batch shape: (64,)
  Pred std: 0.002527, range: 0.009816, mean: 0.017907
  Pos: 100.0%, Neg: 0.0%, Unique: 225
  Dir Acc: 58.26%, Pred Sharpe: 112.5011
  Composite: 0.4610 (dist_match: 0.5826, actual_pos: 58.3%, pred_pos: 100.0%)
  Collapse penalty: 0.000000 (threshold: 0.005000)
  Regime distribution: {'regime_0_fraction': 1.0, 'regime_1_fraction': 0.0}
  Regime gates: {'mean': 0.4911110997200012, 'std': 0.0032072921749204397, 'min': 0.4879249632358551, 'max': 0.49429720640182495}
  Saved validation predictions to: experiments/07_weekly_mods/rolling/daily_regime_attn/fold_2018/collapse_monitoring/val_predictions_epoch94.npy
  Gradient norms:
    lstm_encoder: 0.005856
    lstm_decoder: 0.004277
    output_layer: 0.111205
  Regime gate grads (epoch avg): tensor([[ 0.0125,  0.0131],
        [-0.0589, -0.0629]])
  VSN output std:
    encoder: 0.246684
  Attention entropy: 2.995714
  Regime attention gates: [[0.49429720640182495, 0.4879249632358551], [0.5188603401184082, 0.5215117335319519]]
  Saved to: experiments/07_weekly_mods/rolling/daily_regime_attn/fold_2018/collapse_monitoring/collapse_monitor_latest.json
[DEBUG CollapseMonitor] on_validation_epoch_start called for epoch 95
[DEBUG CollapseMonitor] reset_temporal_state() called on loss function
Epoch 95: val_loss=0.22010719776153564
Epoch 95: train_loss=0.5040949583053589

[CollapseMonitor] Epoch 95
  [DEBUG] Processed 4 batches from val_dataloader
  [DEBUG] Predictions shape after concat: (230,)
  [DEBUG] All predictions list length: 4
  [DEBUG] First batch shape: (64,)
  Pred std: 0.002519, range: 0.009747, mean: 0.018625
  Pos: 100.0%, Neg: 0.0%, Unique: 228
  Dir Acc: 58.26%, Pred Sharpe: 117.3656
  Composite: 0.4610 (dist_match: 0.5826, actual_pos: 58.3%, pred_pos: 100.0%)
  Collapse penalty: 0.000000 (threshold: 0.005000)
  Regime distribution: {'regime_0_fraction': 1.0, 'regime_1_fraction': 0.0}
  Regime gates: {'mean': 0.4911060333251953, 'std': 0.0032066621351987123, 'min': 0.48792049288749695, 'max': 0.4942914843559265}
  Saved validation predictions to: experiments/07_weekly_mods/rolling/daily_regime_attn/fold_2018/collapse_monitoring/val_predictions_epoch95.npy
  Gradient norms:
    lstm_encoder: 0.006127
    lstm_decoder: 0.004331
    output_layer: 0.119661
  Regime gate grads (epoch avg): tensor([[ 0.0082,  0.0048],
        [-0.0530, -0.0541]])
  VSN output std:
    encoder: 0.246699
  Attention entropy: 2.995714
  Regime attention gates: [[0.4942914843559265, 0.48792049288749695], [0.5188855528831482, 0.5215379595756531]]
  Saved to: experiments/07_weekly_mods/rolling/daily_regime_attn/fold_2018/collapse_monitoring/collapse_monitor_latest.json
[DEBUG CollapseMonitor] on_validation_epoch_start called for epoch 96
[DEBUG CollapseMonitor] reset_temporal_state() called on loss function
Epoch 96: val_loss=0.22001372277736664
Epoch 96: train_loss=0.5046206712722778

[CollapseMonitor] Epoch 96
  [DEBUG] Processed 4 batches from val_dataloader
  [DEBUG] Predictions shape after concat: (230,)
  [DEBUG] All predictions list length: 4
  [DEBUG] First batch shape: (64,)
  Pred std: 0.002509, range: 0.009666, mean: 0.017014
  Pos: 100.0%, Neg: 0.0%, Unique: 227
  Dir Acc: 58.26%, Pred Sharpe: 107.6600
  Composite: 0.4610 (dist_match: 0.5826, actual_pos: 58.3%, pred_pos: 100.0%)
  Collapse penalty: 0.000000 (threshold: 0.005000)
  Regime distribution: {'regime_0_fraction': 1.0, 'regime_1_fraction': 0.0}
  Regime gates: {'mean': 0.49109914898872375, 'std': 0.0032067219726741314, 'min': 0.4879136085510254, 'max': 0.4942847192287445}
  Saved validation predictions to: experiments/07_weekly_mods/rolling/daily_regime_attn/fold_2018/collapse_monitoring/val_predictions_epoch96.npy
  Gradient norms:
    lstm_encoder: 0.005581
    lstm_decoder: 0.004074
    output_layer: 0.112213
  Regime gate grads (epoch avg): tensor([[ 0.0046,  0.0065],
        [-0.0443, -0.0406]])
  VSN output std:
    encoder: 0.246697
  Attention entropy: 2.995714
  Regime attention gates: [[0.4942847192287445, 0.4879136085510254], [0.5189104080200195, 0.5215628743171692]]
  Saved to: experiments/07_weekly_mods/rolling/daily_regime_attn/fold_2018/collapse_monitoring/collapse_monitor_latest.json
[DEBUG CollapseMonitor] on_validation_epoch_start called for epoch 97
[DEBUG CollapseMonitor] reset_temporal_state() called on loss function
Epoch 97: val_loss=0.21984143555164337
Epoch 97: train_loss=0.5013542175292969

[CollapseMonitor] Epoch 97
  [DEBUG] Processed 4 batches from val_dataloader
  [DEBUG] Predictions shape after concat: (230,)
  [DEBUG] All predictions list length: 4
  [DEBUG] First batch shape: (64,)
  Pred std: 0.002498, range: 0.009590, mean: 0.018221
  Pos: 100.0%, Neg: 0.0%, Unique: 229
  Dir Acc: 58.26%, Pred Sharpe: 115.8079
  Composite: 0.4610 (dist_match: 0.5826, actual_pos: 58.3%, pred_pos: 100.0%)
  Collapse penalty: 0.000000 (threshold: 0.005000)
  Regime distribution: {'regime_0_fraction': 1.0, 'regime_1_fraction': 0.0}
  Regime gates: {'mean': 0.4910920262336731, 'std': 0.0032061070669442415, 'min': 0.4879070818424225, 'max': 0.4942769706249237}
  Saved validation predictions to: experiments/07_weekly_mods/rolling/daily_regime_attn/fold_2018/collapse_monitoring/val_predictions_epoch97.npy
  Gradient norms:
    lstm_encoder: 0.005677
    lstm_decoder: 0.004044
    output_layer: 0.105608
  Regime gate grads (epoch avg): tensor([[ 0.0071,  0.0029],
        [-0.0474, -0.0461]])
  VSN output std:
    encoder: 0.246685
  Attention entropy: 2.995714
  Regime attention gates: [[0.4942769706249237, 0.4879070818424225], [0.5189401507377625, 0.5215924382209778]]
  Saved to: experiments/07_weekly_mods/rolling/daily_regime_attn/fold_2018/collapse_monitoring/collapse_monitor_latest.json
[DEBUG CollapseMonitor] on_validation_epoch_start called for epoch 98
[DEBUG CollapseMonitor] reset_temporal_state() called on loss function
Epoch 98: val_loss=0.21972838044166565
Epoch 98: train_loss=0.5020053386688232

[CollapseMonitor] Epoch 98
  [DEBUG] Processed 4 batches from val_dataloader
  [DEBUG] Predictions shape after concat: (230,)
  [DEBUG] All predictions list length: 4
  [DEBUG] First batch shape: (64,)
  Pred std: 0.002487, range: 0.009527, mean: 0.018500
  Pos: 100.0%, Neg: 0.0%, Unique: 229
  Dir Acc: 58.26%, Pred Sharpe: 118.0852
  Composite: 0.4610 (dist_match: 0.5826, actual_pos: 58.3%, pred_pos: 100.0%)
  Collapse penalty: 0.000000 (threshold: 0.005000)
  Regime distribution: {'regime_0_fraction': 1.0, 'regime_1_fraction': 0.0}
  Regime gates: {'mean': 0.49108263850212097, 'std': 0.003205131972208619, 'min': 0.48789867758750916, 'max': 0.4942666292190552}
  Saved validation predictions to: experiments/07_weekly_mods/rolling/daily_regime_attn/fold_2018/collapse_monitoring/val_predictions_epoch98.npy
  Gradient norms:
    lstm_encoder: 0.005668
    lstm_decoder: 0.003826
    output_layer: 0.099979
  Regime gate grads (epoch avg): tensor([[ 0.0124,  0.0126],
        [-0.0561, -0.0543]])
  VSN output std:
    encoder: 0.246695
  Attention entropy: 2.995714
  Regime attention gates: [[0.4942666292190552, 0.48789867758750916], [0.518966019153595, 0.5216164588928223]]
  Saved to: experiments/07_weekly_mods/rolling/daily_regime_attn/fold_2018/collapse_monitoring/collapse_monitor_latest.json
[DEBUG CollapseMonitor] on_validation_epoch_start called for epoch 99
[DEBUG CollapseMonitor] reset_temporal_state() called on loss function
Epoch 99: val_loss=0.21938031911849976
Epoch 99: train_loss=0.49939829111099243

[CollapseMonitor] Epoch 99
  [DEBUG] Processed 4 batches from val_dataloader
  [DEBUG] Predictions shape after concat: (230,)
  [DEBUG] All predictions list length: 4
  [DEBUG] First batch shape: (64,)
  Pred std: 0.002475, range: 0.009466, mean: 0.020974
  Pos: 100.0%, Neg: 0.0%, Unique: 226
  Dir Acc: 58.26%, Pred Sharpe: 134.5170
  Composite: 0.4610 (dist_match: 0.5826, actual_pos: 58.3%, pred_pos: 100.0%)
  Collapse penalty: 0.000000 (threshold: 0.005000)
  Regime distribution: {'regime_0_fraction': 1.0, 'regime_1_fraction': 0.0}
  Regime gates: {'mean': 0.4910689890384674, 'std': 0.0032040970399975777, 'min': 0.4878860414028168, 'max': 0.49425193667411804}
  Saved validation predictions to: experiments/07_weekly_mods/rolling/daily_regime_attn/fold_2018/collapse_monitoring/val_predictions_epoch99.npy
  Gradient norms:
    lstm_encoder: 0.005555
    lstm_decoder: 0.003828
    output_layer: 0.100186
  Regime gate grads (epoch avg): tensor([[ 0.0133,  0.0122],
        [-0.0500, -0.0536]])
  VSN output std:
    encoder: 0.246715
  Attention entropy: 2.995713
  Regime attention gates: [[0.49425193667411804, 0.4878860414028168], [0.5189993977546692, 0.521651029586792]]
  Saved to: experiments/07_weekly_mods/rolling/daily_regime_attn/fold_2018/collapse_monitoring/collapse_monitor_latest.json
Final gate values: tensor([[0.4943, 0.4879],
        [0.5190, 0.5217]], grad_fn=<SigmoidBackward0>)


======================================================================
Training complete
======================================================================

Best val_loss checkpoint: experiments/07_weekly_mods/rolling/daily_regime_attn/fold_2018/checkpoints/tft-epoch=epoch=04-valloss=val_loss=0.1974.ckpt
Best validation loss: 0.197402
Checkpoints saved:
  - Best val_loss: experiments/07_weekly_mods/rolling/daily_regime_attn/fold_2018/checkpoints/tft-epoch=epoch=04-valloss=val_loss=0.1974.ckpt
  - Best pred_std: experiments/07_weekly_mods/rolling/daily_regime_attn/fold_2018/checkpoints/tft-epoch=epoch=00-predstd=val_pred_std=0.0089.ckpt
  - Best unique: experiments/07_weekly_mods/rolling/daily_regime_attn/fold_2018/checkpoints/tft-epoch=epoch=08-unique=val_num_unique=230.ckpt
  - Best dir_acc: experiments/07_weekly_mods/rolling/daily_regime_attn/fold_2018/checkpoints/tft-epoch=epoch=00-diracc=val_dir_acc=0.5826.ckpt
  - Best sharpe: experiments/07_weekly_mods/rolling/daily_regime_attn/fold_2018/checkpoints/tft-epoch=epoch=11-sharpe=val_sharpe=363.7068.ckpt
  - Best composite: experiments/07_weekly_mods/rolling/daily_regime_attn/fold_2018/checkpoints/tft-epoch=epoch=07-composite=val_composite=0.4661.ckpt
Completed at: 2025-12-01 21:14:37
Log saved to: experiments/07_weekly_mods/rolling/daily_regime_attn/fold_2018/training_20251201_210324.log
======================================================================
