{
  "period_statistics": {
    "2020": {
      "n_samples": 92,
      "entropy_mean": 2.9673290252685547,
      "entropy_std": 0.022383112460374832,
      "attention_concentration": 0.05008706822991371,
      "top_features": [
        [
          "t-1",
          0.05280604958534241
        ],
        [
          "t-2",
          0.0521254688501358
        ],
        [
          "t-18",
          0.0517861470580101
        ],
        [
          "t-3",
          0.051508575677871704
        ],
        [
          "t-17",
          0.05141868442296982
        ]
      ],
      "mean_attention": [
        0.04219364374876022,
        0.04971635341644287,
        0.0517861470580101,
        0.05141868442296982,
        0.050643738359212875,
        0.04998122528195381,
        0.04959337040781975,
        0.04930887371301651,
        0.04937615245580673,
        0.049240656197071075,
        0.04918235167860985,
        0.049221526831388474,
        0.049303434789180756,
        0.05000597983598709,
        0.050570156425237656,
        0.0508742593228817,
        0.051143351942300797,
        0.051508575677871704,
        0.0521254688501358,
        0.05280604958534241
      ],
      "std_attention": [
        0.015278968960046768,
        0.014949268661439419,
        0.013584276661276817,
        0.012167755514383316,
        0.011133021675050259,
        0.010039257816970348,
        0.009303249418735504,
        0.008678319863975048,
        0.009028770960867405,
        0.008929828181862831,
        0.009025579318404198,
        0.009262504056096077,
        0.009701749309897423,
        0.01090786512941122,
        0.011661254800856113,
        0.012370259501039982,
        0.012956962920725346,
        0.013661962933838367,
        0.014557834714651108,
        0.015517628751695156
      ]
    },
    "2021": {
      "n_samples": 250,
      "entropy_mean": 2.845193386077881,
      "entropy_std": 0.11278722435235977,
      "attention_concentration": 0.0501788891851902,
      "top_features": [
        [
          "t-1",
          0.05509486049413681
        ],
        [
          "t-2",
          0.053419265896081924
        ],
        [
          "t-3",
          0.052228134125471115
        ],
        [
          "t-4",
          0.051443539559841156
        ],
        [
          "t-5",
          0.05096421763300896
        ]
      ],
      "mean_attention": [
        0.039028506726026535,
        0.046721287071704865,
        0.05001143738627434,
        0.05061107501387596,
        0.05059439316391945,
        0.050333403050899506,
        0.050028543919324875,
        0.04977848008275032,
        0.04958583787083626,
        0.049512505531311035,
        0.04959765449166298,
        0.04978840425610542,
        0.05019575357437134,
        0.050414033234119415,
        0.050648678094148636,
        0.05096421763300896,
        0.051443539559841156,
        0.052228134125471115,
        0.053419265896081924,
        0.05509486049413681
      ],
      "std_attention": [
        0.031022271141409874,
        0.03259100764989853,
        0.031303033232688904,
        0.02953954041004181,
        0.028371283784508705,
        0.02729281224310398,
        0.026681018993258476,
        0.02610243856906891,
        0.02574443258345127,
        0.025769315659999847,
        0.026043301448225975,
        0.02630775235593319,
        0.02697928063571453,
        0.027858853340148926,
        0.0290523748844862,
        0.030377335846424103,
        0.03173111006617546,
        0.03448619693517685,
        0.03931353986263275,
        0.04533788934350014
      ]
    },
    "2022": {
      "n_samples": 249,
      "entropy_mean": 2.931046724319458,
      "entropy_std": 0.07438912242650986,
      "attention_concentration": 0.050066858530044556,
      "top_features": [
        [
          "t-1",
          0.05446668341755867
        ],
        [
          "t-2",
          0.053060319274663925
        ],
        [
          "t-3",
          0.05194792523980141
        ],
        [
          "t-4",
          0.051137957721948624
        ],
        [
          "t-18",
          0.05078845098614693
        ]
      ],
      "mean_attention": [
        0.044978152960538864,
        0.04921172559261322,
        0.05078845098614693,
        0.05054360628128052,
        0.05004020780324936,
        0.0495113767683506,
        0.04923520237207413,
        0.04920463263988495,
        0.04904482886195183,
        0.04900633171200752,
        0.04907389357686043,
        0.04919411614537239,
        0.04936066269874573,
        0.049653153866529465,
        0.050001662224531174,
        0.050539229065179825,
        0.051137957721948624,
        0.05194792523980141,
        0.053060319274663925,
        0.05446668341755867
      ],
      "std_attention": [
        0.02412732131779194,
        0.021458856761455536,
        0.01971311867237091,
        0.01822281815111637,
        0.016865165904164314,
        0.01581382378935814,
        0.01493389904499054,
        0.014776025898754597,
        0.014486566185951233,
        0.014228410087525845,
        0.01408290583640337,
        0.014263560995459557,
        0.014836392365396023,
        0.01556608360260725,
        0.01628212258219719,
        0.01723799854516983,
        0.018559569492936134,
        0.02052709087729454,
        0.02358819730579853,
        0.028137996792793274
      ]
    },
    "2023": {
      "n_samples": 249,
      "entropy_mean": 2.9117965698242188,
      "entropy_std": 0.06058533489704132,
      "attention_concentration": 0.050182927399873734,
      "top_features": [
        [
          "t-16",
          0.05203017219901085
        ],
        [
          "t-15",
          0.05199489742517471
        ],
        [
          "t-1",
          0.05193250998854637
        ],
        [
          "t-14",
          0.051738038659095764
        ],
        [
          "t-17",
          0.051616840064525604
        ]
      ],
      "mean_attention": [
        0.03807652369141579,
        0.04584295302629471,
        0.050033390522003174,
        0.051616840064525604,
        0.05203017219901085,
        0.05199489742517471,
        0.051738038659095764,
        0.05127786099910736,
        0.050961412489414215,
        0.050744932144880295,
        0.050481054931879044,
        0.05024551600217819,
        0.05008381977677345,
        0.05001659318804741,
        0.050126541405916214,
        0.0502362996339798,
        0.050470445305109024,
        0.050803571939468384,
        0.05128658190369606,
        0.05193250998854637
      ],
      "std_attention": [
        0.025187287479639053,
        0.026152942329645157,
        0.024183597415685654,
        0.021939150989055634,
        0.02017979882657528,
        0.018985562026500702,
        0.0182479415088892,
        0.01751668192446232,
        0.01727338694036007,
        0.017178289592266083,
        0.01722077652812004,
        0.01739826425909996,
        0.01778103969991207,
        0.018336312845349312,
        0.01907167211174965,
        0.02016298472881317,
        0.021436331793665886,
        0.023080650717020035,
        0.02529079094529152,
        0.02787642925977707
      ]
    },
    "2024": {
      "n_samples": 250,
      "entropy_mean": 2.83010196685791,
      "entropy_std": 0.21685652434825897,
      "attention_concentration": 0.051195062696933746,
      "top_features": [
        [
          "t-1",
          0.06273526698350906
        ],
        [
          "t-2",
          0.059870973229408264
        ],
        [
          "t-3",
          0.058098629117012024
        ],
        [
          "t-4",
          0.05681293457746506
        ],
        [
          "t-5",
          0.055732209235429764
        ]
      ],