{
  "period_statistics": {
    "2020": {
      "n_samples": 92,
      "entropy_mean": 2.950016736984253,
      "entropy_std": 0.006392557639628649,
      "attention_concentration": 0.05413494631648064,
      "top_features": [
        [
          "t-20",
          0.06610790640115738
        ],
        [
          "t-19",
          0.065965436398983
        ],
        [
          "t-18",
          0.06508617848157883
        ],
        [
          "t-17",
          0.06425657123327255
        ],
        [
          "t-16",
          0.06333494931459427
        ]
      ],
      "mean_attention": [
        0.06610790640115738,
        0.065965436398983,
        0.06508617848157883,
        0.06425657123327255,
        0.06333494931459427,
        0.06231028959155083,
        0.06111902743577957,
        0.05970749631524086,
        0.05803493782877922,
        0.05599318444728851,
        0.053553104400634766,
        0.05067170783877373,
        0.047336287796497345,
        0.043582189828157425,
        0.039543163031339645,
        0.035441361367702484,
        0.0315699502825737,
        0.028139663860201836,
        0.025269078090786934,
        0.022977489978075027
      ],
      "std_attention": [
        0.002856168430298567,
        0.0025633196346461773,
        0.002274510683491826,
        0.0020791192073374987,
        0.001962758833542466,
        0.001841081422753632,
        0.0017390856519341469,
        0.0016872786218300462,
        0.001699266955256462,
        0.0016388908261433244,
        0.0015756104839965701,
        0.0015266276895999908,
        0.001509163063019514,
        0.0015131690306589007,
        0.0015115392161533237,
        0.0014904517447575927,
        0.0014706756919622421,
        0.0014489912427961826,
        0.0014553586952388287,
        0.0014793023001402617
      ]
    },
    "2021": {
      "n_samples": 250,
      "entropy_mean": 2.9712417125701904,
      "entropy_std": 0.026714591309428215,
      "attention_concentration": 0.05153927206993103,
      "top_features": [
        [
          "t-20",
          0.06252419948577881
        ],
        [
          "t-19",
          0.06138373911380768
        ],
        [
          "t-18",
          0.06043090298771858
        ],
        [
          "t-17",
          0.05953013896942139
        ],
        [
          "t-16",
          0.058594584465026855
        ]
      ],
      "mean_attention": [
        0.06252419948577881,
        0.06138373911380768,
        0.06043090298771858,
        0.05953013896942139,
        0.058594584465026855,
        0.057555995881557465,
        0.05638714134693146,
        0.055091965943574905,
        0.05365464836359024,
        0.052076809108257294,
        0.05036312714219093,
        0.04853307083249092,
        0.04661259800195694,
        0.04466945305466652,
        0.042751871049404144,
        0.04092713072896004,
        0.039257749915122986,
        0.037775471806526184,
        0.036488428711891174,
        0.03539099544286728
      ],
      "std_attention": [
        0.0072534228675067425,
        0.007322560530155897,
        0.0070696328766644,
        0.006721628829836845,
        0.006335582118481398,
        0.005879182368516922,
        0.005364721640944481,
        0.0047421823255717754,
        0.004016978200525045,
        0.0032881703227758408,
        0.002687905915081501,
        0.002591394353657961,
        0.0032118952367454767,
        0.004302772227674723,
        0.0055302828550338745,
        0.00670353788882494,
        0.0077209267765283585,
        0.008517095819115639,
        0.009068531915545464,
        0.009402196854352951
      ]
    },
    "2022": {
      "n_samples": 249,
      "entropy_mean": 2.983135223388672,
      "entropy_std": 0.014913070946931839,
      "attention_concentration": 0.05018451064825058,
      "top_features": [
        [
          "t-20",
          0.05712941288948059
        ],
        [
          "t-19",
          0.055173683911561966
        ],
        [
          "t-18",
          0.05406071990728378
        ],
        [
          "t-17",
          0.05318237468600273
        ],
        [
          "t-16",
          0.05245348438620567
        ]
      ],
      "mean_attention": [
        0.05712941288948059,
        0.055173683911561966,
        0.05406071990728378,
        0.05318237468600273,
        0.05245348438620567,
        0.05177503079175949,
        0.05113960802555084,
        0.05051346868276596,
        0.049969401210546494,
        0.04948845133185387,
        0.049042437225580215,
        0.04862459376454353,
        0.04822339862585068,
        0.04783935844898224,
        0.047516219317913055,
        0.04723101109266281,
        0.04697200655937195,
        0.04673545062541962,
        0.046536002308130264,
        0.04639390856027603
      ],
      "std_attention": [
        0.012316699139773846,
        0.010349257849156857,
        0.009005248546600342,
        0.00790531374514103,
        0.007006387691944838,
        0.006262018345296383,
        0.005641812924295664,
        0.0051582627929747105,
        0.0048066298477351665,
        0.004641846753656864,
        0.004686323925852776,
        0.0048692296259105206,
        0.00516235688701272,
        0.005600583273917437,
        0.006162480916827917,
        0.006842881441116333,
        0.007611761335283518,
        0.008477735333144665,
        0.009404506534337997,
        0.010387922637164593
      ]
    },
    "2023": {
      "n_samples": 249,
      "entropy_mean": 2.977940559387207,
      "entropy_std": 0.01703321374952793,
      "attention_concentration": 0.05110510438680649,
      "top_features": [
        [
          "t-20",
          0.06385129690170288
        ],
        [
          "t-19",
          0.06059305742383003
        ],
        [
          "t-18",
          0.059146761894226074
        ],
        [
          "t-17",
          0.057983022183179855
        ],
        [
          "t-16",
          0.05685286223888397
        ]
      ],
      "mean_attention": [
        0.06385129690170288,
        0.06059305742383003,
        0.059146761894226074,
        0.057983022183179855,
        0.05685286223888397,
        0.05570473521947861,
        0.05452482029795647,
        0.05331442132592201,
        0.05200552940368652,
        0.05064357817173004,
        0.049266017973423004,
        0.04788799211382866,
        0.04653290659189224,
        0.04521694779396057,
        0.04392601177096367,
        0.042692702263593674,
        0.04152444750070572,
        0.04043791815638542,
        0.039427705109119415,
        0.03846733272075653
      ],
      "std_attention": [
        0.008251721039414406,
        0.007327643223106861,
        0.006671501323580742,
        0.006132279522716999,
        0.0056348578073084354,
        0.005169461481273174,
        0.004739695228636265,
        0.004344692453742027,
        0.004109480883926153,
        0.003996290732175112,
        0.004060564562678337,
        0.004286640323698521,
        0.0046088602393865585,
        0.004980251658707857,
        0.005347723141312599,
        0.005701350513845682,
        0.006025536917150021,
        0.0063045877031981945,
        0.006533927749842405,
        0.006741279270499945
      ]
    },
    "2024": {
      "n_samples": 250,
      "entropy_mean": 2.966460704803467,
      "entropy_std": 0.026155730709433556,
      "attention_concentration": 0.05194906145334244,
      "top_features": [
        [
          "t-20",
          0.06660153716802597
        ],
        [
          "t-19",
          0.06330351531505585
        ],
        [
          "t-18",
          0.06183673441410065
        ],
        [
          "t-17",
          0.06065072491765022
        ],
        [
          "t-16",
          0.05944949388504028
        ]
      ],