{
  "period_statistics": {
    "2020": {
      "n_samples": 92,
      "entropy_mean": 2.9503726959228516,
      "entropy_std": 0.040561165660619736,
      "attention_concentration": 0.050341978669166565,
      "top_features": [
        [
          "t-16",
          0.05420659855008125
        ],
        [
          "t-17",
          0.05388829484581947
        ],
        [
          "t-15",
          0.05333933234214783
        ],
        [
          "t-14",
          0.05237576365470886
        ],
        [
          "t-1",
          0.051563527435064316
        ]
      ],
      "mean_attention": [
        0.03470716252923012,
        0.0429336316883564,
        0.0505266897380352,
        0.05388829484581947,
        0.05420659855008125,
        0.05333933234214783,
        0.05237576365470886,
        0.051550984382629395,
        0.05104656144976616,
        0.05060955882072449,
        0.05031019076704979,
        0.05011119693517685,
        0.05000472068786621,
        0.05017184838652611,
        0.05027403682470322,
        0.05028379335999489,
        0.05040673166513443,
        0.05063182860612869,
        0.05105752497911453,
        0.051563527435064316
      ],
      "std_attention": [
        0.01109278853982687,
        0.01440541259944439,
        0.01732286810874939,
        0.017704837024211884,
        0.016755979508161545,
        0.015604622662067413,
        0.014828028157353401,
        0.014291469007730484,
        0.014016048051416874,
        0.013821165077388287,
        0.013746858574450016,
        0.01378698367625475,
        0.01391986757516861,
        0.014165407046675682,
        0.014365878887474537,
        0.014662185683846474,
        0.015237784944474697,
        0.016024727374315262,
        0.01725280098617077,
        0.01878148317337036
      ]
    },
    "2021": {
      "n_samples": 250,
      "entropy_mean": 2.9563281536102295,
      "entropy_std": 0.043678611516952515,
      "attention_concentration": 0.05016087740659714,
      "top_features": [
        [
          "t-1",
          0.053551167249679565
        ],
        [
          "t-2",
          0.05285017192363739
        ],
        [
          "t-3",
          0.05222519487142563
        ],
        [
          "t-4",
          0.05171829089522362
        ],
        [
          "t-5",
          0.05136619135737419
        ]
      ],
      "mean_attention": [
        0.04079636558890343,
        0.044022269546985626,
        0.04763433709740639,
        0.049622684717178345,
        0.05034817382693291,
        0.05049918591976166,
        0.050452060997486115,
        0.05040108039975166,
        0.05034917965531349,
        0.05035329610109329,
        0.05043285712599754,
        0.050552405416965485,
        0.05077754706144333,
        0.05093834549188614,
        0.05110922083258629,
        0.05136619135737419,
        0.05171829089522362,
        0.05222519487142563,
        0.05285017192363739,
        0.053551167249679565
      ],
      "std_attention": [
        0.011428464204072952,
        0.013249117881059647,
        0.01496428158134222,
        0.015310827642679214,
        0.014910527504980564,
        0.014350651763379574,
        0.013896641321480274,
        0.013515682891011238,
        0.013199365697801113,
        0.013067569583654404,
        0.013126556761562824,
        0.01315410528331995,
        0.013384057208895683,
        0.01364257000386715,
        0.013954194262623787,
        0.014533448033034801,
        0.015289870090782642,
        0.016836263239383698,
        0.01887252926826477,
        0.02147448994219303
      ]
    },
    "2022": {
      "n_samples": 249,
      "entropy_mean": 2.954387903213501,
      "entropy_std": 0.04105645418167114,
      "attention_concentration": 0.050170037895441055,
      "top_features": [
        [
          "t-1",
          0.05392055585980415
        ],
        [
          "t-2",
          0.05290327966213226
        ],
        [
          "t-17",
          0.052749212831258774
        ],
        [
          "t-16",
          0.05237337201833725
        ],
        [
          "t-3",
          0.05192898213863373
        ]
      ],
      "mean_attention": [
        0.039696794003248215,
        0.04605521261692047,
        0.051107797771692276,
        0.052749212831258774,
        0.05237337201833725,
        0.05137048661708832,
        0.05048539862036705,
        0.049869414418935776,
        0.04943443089723587,
        0.049216918647289276,
        0.049182288348674774,
        0.04923664405941963,
        0.04936010390520096,
        0.049579162150621414,
        0.0499362014234066,
        0.05047476291656494,
        0.051118962466716766,
        0.05192898213863373,
        0.05290327966213226,
        0.05392055585980415
      ],
      "std_attention": [
        0.011361907236278057,
        0.013788043521344662,
        0.015884317457675934,
        0.016007965430617332,
        0.015028540045022964,
        0.013928292319178581,
        0.013013402931392193,
        0.012350259348750114,
        0.011855789460241795,
        0.011661077849566936,
        0.011765783652663231,
        0.01203911192715168,
        0.01231329794973135,
        0.01264574471861124,
        0.013228372670710087,
        0.014210875146090984,
        0.015609102323651314,
        0.0174772497266531,
        0.019921274855732918,
        0.02304418943822384
      ]
    },
    "2023": {
      "n_samples": 249,
      "entropy_mean": 2.9775240421295166,
      "entropy_std": 0.01553182303905487,
      "attention_concentration": 0.050023555755615234,
      "top_features": [
        [
          "t-16",
          0.05157501623034477
        ],
        [
          "t-15",
          0.05147583410143852
        ],
        [
          "t-17",
          0.051327407360076904
        ],
        [
          "t-14",
          0.05122967064380646
        ],
        [
          "t-13",
          0.05091935396194458
        ]
      ],
      "mean_attention": [
        0.04688263311982155,
        0.04827256500720978,
        0.05029201880097389,
        0.051327407360076904,
        0.05157501623034477,
        0.05147583410143852,
        0.05122967064380646,
        0.05091935396194458,
        0.05064740777015686,
        0.050418782979249954,
        0.050191838294267654,
        0.049979258328676224,
        0.049800191074609756,
        0.04965910315513611,
        0.04960821941494942,
        0.04956766590476036,
        0.049533698707818985,
        0.049527447670698166,
        0.049524299800395966,
        0.04956766217947006
      ],
      "std_attention": [
        0.01102841179817915,
        0.010753163136541843,
        0.010615733452141285,
        0.01017234567552805,
        0.009545287117362022,
        0.008947983384132385,
        0.008467422798275948,
        0.008073466829955578,
        0.007863452658057213,
        0.007761854212731123,
        0.007786471862345934,
        0.00790021475404501,
        0.008113779127597809,
        0.008422830142080784,
        0.008874746039509773,
        0.009467319585382938,
        0.010112411342561245,
        0.01091850083321333,
        0.011802488937973976,
        0.0128108449280262
      ]
    },
    "2024": {
      "n_samples": 250,
      "entropy_mean": 2.9470248222351074,
      "entropy_std": 0.07535569369792938,
      "attention_concentration": 0.050113022327423096,
      "top_features": [
        [
          "t-1",
          0.0539182610809803
        ],
        [
          "t-2",
          0.05300628021359444
        ],
        [
          "t-3",
          0.052361927926540375
        ],
        [
          "t-4",
          0.05196879804134369
        ],
        [
          "t-5",
          0.05162584036588669
        ]
      ],