{
  "period_statistics": {
    "2020": {
      "n_samples": 92,
      "entropy_mean": 2.985475540161133,
      "entropy_std": 0.012361548840999603,
      "attention_concentration": 0.05006713420152664,
      "top_features": [
        [
          "t-1",
          0.052424393594264984
        ],
        [
          "t-2",
          0.05216708406805992
        ],
        [
          "t-3",
          0.05192475765943527
        ],
        [
          "t-4",
          0.05168836563825607
        ],
        [
          "t-5",
          0.05146586522459984
        ]
      ],
      "mean_attention": [
        0.04674956575036049,
        0.04600375145673752,
        0.04686169698834419,
        0.04787886515259743,
        0.048709843307733536,
        0.049299899488687515,
        0.04969015344977379,
        0.0499756820499897,
        0.05017910897731781,
        0.05038004741072655,
        0.0505666583776474,
        0.05074482411146164,
        0.05092434957623482,
        0.05110708996653557,
        0.05125803500413895,
        0.05146586522459984,
        0.05168836563825607,
        0.05192475765943527,
        0.05216708406805992,
        0.052424393594264984
      ],
      "std_attention": [
        0.006754884961992502,
        0.0065805502235889435,
        0.006644731387495995,
        0.006664364133030176,
        0.006612436380237341,
        0.006488082464784384,
        0.006349562667310238,
        0.006200800184160471,
        0.006089696194976568,
        0.006039042491465807,
        0.006059923209249973,
        0.006136121693998575,
        0.006263391114771366,
        0.0064308661967515945,
        0.0066458191722631454,
        0.006920627783983946,
        0.007229968439787626,
        0.0075677442364394665,
        0.00794451218098402,
        0.00832583848387003
      ]
    },
    "2021": {
      "n_samples": 250,
      "entropy_mean": 2.989760398864746,
      "entropy_std": 0.005891161970794201,
      "attention_concentration": 0.05016930773854256,
      "top_features": [
        [
          "t-1",
          0.054214224219322205
        ],
        [
          "t-2",
          0.05377865955233574
        ],
        [
          "t-3",
          0.05335210636258125
        ],
        [
          "t-4",
          0.05294748768210411
        ],
        [
          "t-5",
          0.052559901028871536
        ]
      ],
      "mean_attention": [
        0.04534722492098808,
        0.04422590136528015,
        0.04525105282664299,
        0.04653988406062126,
        0.047608695924282074,
        0.04838822782039642,
        0.048990484327077866,
        0.049473829567432404,
        0.04989565908908844,
        0.05029638856649399,
        0.050678886473178864,
        0.051053136587142944,
        0.05142403766512871,
        0.05179918557405472,
        0.05217503011226654,
        0.052559901028871536,
        0.05294748768210411,
        0.05335210636258125,
        0.05377865955233574,
        0.054214224219322205
      ],
      "std_attention": [
        0.004418088123202324,
        0.004321021493524313,
        0.004388363100588322,
        0.004395643249154091,
        0.00441343430429697,
        0.004418462514877319,
        0.004432837478816509,
        0.004424453247338533,
        0.004403349477797747,
        0.004407302010804415,
        0.004411650821566582,
        0.00442317221313715,
        0.004439095035195351,
        0.004474721848964691,
        0.004527678247541189,
        0.004590616095811129,
        0.004674938041716814,
        0.004791200626641512,
        0.004915460012853146,
        0.0050716884434223175
      ]
    },
    "2022": {
      "n_samples": 249,
      "entropy_mean": 2.9790613651275635,
      "entropy_std": 0.007672025356441736,
      "attention_concentration": 0.05028165504336357,
      "top_features": [
        [
          "t-1",
          0.05582234263420105
        ],
        [
          "t-2",
          0.05514457821846008
        ],
        [
          "t-3",
          0.0544930100440979
        ],
        [
          "t-4",
          0.053860533982515335
        ],
        [
          "t-5",
          0.053251609206199646
        ]
      ],
      "mean_attention": [
        0.04320915415883064,
        0.042711880058050156,
        0.04423758387565613,
        0.04600125551223755,
        0.04733656719326973,
        0.048237089067697525,
        0.04883192852139473,
        0.049271006137132645,
        0.049697402864694595,
        0.05011703073978424,
        0.0505351684987545,
        0.05099371075630188,
        0.051497917622327805,
        0.05206536874175072,
        0.052684880793094635,
        0.053251609206199646,
        0.053860533982515335,
        0.0544930100440979,
        0.05514457821846008,
        0.05582234263420105
      ],
      "std_attention": [
        0.007373344618827105,
        0.007233473006635904,
        0.007733743637800217,
        0.008126416243612766,
        0.008281498216092587,
        0.008273455314338207,
        0.00816563330590725,
        0.008029328659176826,
        0.007904079742729664,
        0.007814330980181694,
        0.00775157893076539,
        0.007765593007206917,
        0.007867135107517242,
        0.008083613589406013,
        0.008346849121153355,
        0.008676965720951557,
        0.009088777005672455,
        0.00958973914384842,
        0.010189970023930073,
        0.010891648009419441
      ]
    },
    "2023": {
      "n_samples": 249,
      "entropy_mean": 2.9841508865356445,
      "entropy_std": 0.006053158547729254,
      "attention_concentration": 0.05024247244000435,
      "top_features": [
        [
          "t-1",
          0.054635342210531235
        ],
        [
          "t-2",
          0.054160092025995255
        ],
        [
          "t-3",
          0.05369171127676964
        ],
        [
          "t-4",
          0.053239114582538605
        ],
        [
          "t-5",
          0.05280996486544609
        ]
      ],
      "mean_attention": [
        0.04352680593729019,
        0.04252330958843231,
        0.044115062803030014,
        0.04607716575264931,
        0.047622811049222946,
        0.04867943748831749,
        0.04940059036016464,
        0.04995466396212578,
        0.05036763846874237,
        0.05071122944355011,
        0.05105329677462578,
        0.051375843584537506,
        0.051696207374334335,
        0.052006326615810394,
        0.052353400737047195,
        0.05280996486544609,
        0.053239114582538605,
        0.05369171127676964,
        0.054160092025995255,
        0.054635342210531235
      ],
      "std_attention": [
        0.006071507930755615,
        0.005556134041398764,
        0.005839039571583271,
        0.00618560379371047,
        0.006457987707108259,
        0.0066430834122002125,
        0.006756884977221489,
        0.00680906418710947,
        0.006825267802923918,
        0.006788184866309166,
        0.006764543708413839,
        0.0067301224917173386,
        0.006706161890178919,
        0.006683829240500927,
        0.006760511081665754,
        0.006943322718143463,
        0.007188067305833101,
        0.007508835289627314,
        0.007902904413640499,
        0.008384213782846928
      ]
    },
    "2024": {
      "n_samples": 250,
      "entropy_mean": 2.9872372150421143,
      "entropy_std": 0.005588093772530556,
      "attention_concentration": 0.050304803997278214,
      "top_features": [
        [
          "t-1",
          0.0554833859205246
        ],
        [
          "t-2",
          0.0549047589302063
        ],
        [
          "t-3",
          0.05435284599661827
        ],
        [
          "t-4",
          0.05382831394672394
        ],
        [
          "t-5",
          0.05332091450691223
        ]
      ],