{
  "evaluation_timestamp": "2025-10-16T23:55:25.502398",
  "statistical_metrics": {
    "mse": 1.170960783958435,
    "rmse": 1.0821094512939453,
    "mae": 0.7680103778839111,
    "mape": 147.69909381866455,
    "r2": -0.006741166114807129,
    "mean_error": 0.07385957986116409,
    "std_error": 1.0795857906341553
  },
  "financial_metrics": {
    "directional_accuracy": 0.5272,
    "sharpe_ratio": 0.9139599836949186,
    "max_drawdown": -0.18902242183685303,
    "total_return": 0.5347671508789062,
    "hit_rate": 0.2336,
    "num_trades": 506,
    "precision": 0.5770750988142292,
    "recall": 0.43647234678624813,
    "f1_score": 0.49702127659574463,
    "confusion_matrix": [
      [
        367,
        214
      ],
      [
        377,
        292
      ]
    ],
    "auc_roc": 0.5424079405385797,
    "alpha": -0.40214335918426514
  },
  "residual_diagnostics": {
    "normality_p_value": 6.537520108491904e-41,
    "acf_lag1": -0.031613510356737894,
    "skewness": 0.17726037495411476,
    "kurtosis": 6.671256600515509
  },
  "checkpoint_used": "experiments/sweep2_h16_enc_50/checkpoints/tft-epoch=01-val_loss=0.1314.ckpt"
}