{
  "evaluation_timestamp": "2025-10-30T03:17:18.483162",
  "statistical_metrics": {
    "mse": 1.173121452331543,
    "rmse": 1.083107352256775,
    "mae": 0.7721077799797058,
    "mape": 130.91905117034912,
    "r2": 0.003093719482421875,
    "mean_error": 0.011688757687807083,
    "std_error": 1.0830442905426025
  },
  "financial_metrics": {
    "directional_accuracy": 0.54140625,
    "sharpe_ratio": 0.8918177336623874,
    "max_drawdown": -0.18902237713336945,
    "total_return": 0.9367285966873169,
    "hit_rate": 0.47734375,
    "num_trades": 1122,
    "precision": 0.5445632798573975,
    "recall": 0.8893740902474527,
    "f1_score": 0.6755113322277502,
    "confusion_matrix": [
      [
        82,
        511
      ],
      [
        76,
        611
      ]
    ],
    "auc_roc": 0.5169873659457376,
    "alpha": 0.015120506286621094
  },
  "residual_diagnostics": {
    "normality_p_value": 2.343612229098284e-39,
    "acf_lag1": -0.0351685455958727,
    "skewness": 0.03303919017435539,
    "kurtosis": 6.411165640881199
  },
  "mode_stats": {
    "healthy_days": 469,
    "degraded_days": 127,
    "unidirectional_days": 438,
    "weak_collapse_days": 92,
    "strong_collapse_days": 154,
    "total_days": 1280,
    "healthy_pct": 36.640625,
    "degraded_pct": 9.921875,
    "unidirectional_pct": 34.21875,
    "weak_collapse_pct": 7.187499999999999,
    "strong_collapse_pct": 12.03125
  },
  "collapse_detected": true,
  "degradation_detected": true,
  "checkpoint_used": "experiments/00_baseline_exploration/sweep2_hidden_10/checkpoints/tft-epoch=63-val_loss=0.4018.ckpt"
}