{
  "evaluation_timestamp": "2025-10-27T12:02:44.988555",
  "statistical_metrics": {
    "mse": 1.186439871788025,
    "rmse": 1.089238166809082,
    "mae": 0.7789298892021179,
    "mape": 124.10192489624023,
    "r2": -0.008224129676818848,
    "mean_error": 0.09879519045352936,
    "std_error": 1.0847485065460205
  },
  "financial_metrics": {
    "directional_accuracy": 0.46328125,
    "sharpe_ratio": 0.0,
    "max_drawdown": 0.0,
    "total_return": 0.0,
    "hit_rate": 0.0,
    "num_trades": 0,
    "precision": 0.0,
    "recall": 0.0,
    "f1_score": 0.0,
    "confusion_matrix": [
      [
        593,
        0
      ],
      [
        687,
        0
      ]
    ],
    "auc_roc": 0.5312402581303957,
    "alpha": -0.9216080904006958
  },
  "residual_diagnostics": {
    "normality_p_value": 5.153213171728571e-40,
    "acf_lag1": -0.03616447438005172,
    "skewness": 0.08592956997334975,
    "kurtosis": 6.498991216893854
  },
  "mode_stats": {
    "healthy_days": 29,
    "degraded_days": 1,
    "unidirectional_days": 86,
    "weak_collapse_days": 684,
    "strong_collapse_days": 480,
    "total_days": 1280,
    "healthy_pct": 2.265625,
    "degraded_pct": 0.078125,
    "unidirectional_pct": 6.71875,
    "weak_collapse_pct": 53.43750000000001,
    "strong_collapse_pct": 37.5
  },
  "collapse_detected": true,
  "degradation_detected": true,
  "checkpoint_used": "experiments/00_baseline_exploration/sweep2_hidden_10/checkpoints/tft-epoch=03-val_loss=0.1229.ckpt"
}