{
  "period_statistics": {
    "2020": {
      "n_samples": 92,
      "entropy_mean": 2.9464781284332275,
      "entropy_std": 0.05339138209819794,
      "attention_concentration": 0.050056617707014084,
      "top_features": [
        [
          "t-20",
          0.05512123927474022
        ],
        [
          "t-1",
          0.052476733922958374
        ],
        [
          "t-2",
          0.05184457078576088
        ],
        [
          "t-3",
          0.05129719153046608
        ],
        [
          "t-4",
          0.05090930685400963
        ]
      ],
      "mean_attention": [
        0.05512123927474022,
        0.04929284378886223,
        0.04827237129211426,
        0.04800107330083847,
        0.04812540113925934,
        0.048369210213422775,
        0.048677314072847366,
        0.04893547669053078,
        0.0492040179669857,
        0.049374353140592575,
        0.049540210515260696,
        0.04970415681600571,
        0.049887485802173615,
        0.05004219338297844,
        0.05033111199736595,
        0.05059375986456871,
        0.05090930685400963,
        0.05129719153046608,
        0.05184457078576088,
        0.052476733922958374
      ],
      "std_attention": [
        0.026889463886618614,
        0.02095104567706585,
        0.017811307683587074,
        0.015975603833794594,
        0.014921989291906357,
        0.014406956732273102,
        0.014201122336089611,
        0.01413862593472004,
        0.014092162251472473,
        0.014123011380434036,
        0.014176277443766594,
        0.014298085123300552,
        0.014483722858130932,
        0.014664651826024055,
        0.014917184598743916,
        0.015312863513827324,
        0.01602005772292614,
        0.017031515017151833,
        0.01865323632955551,
        0.02064601145684719
      ]
    },
    "2021": {
      "n_samples": 250,
      "entropy_mean": 2.9625864028930664,
      "entropy_std": 0.03642604872584343,
      "attention_concentration": 0.050099991261959076,
      "top_features": [
        [
          "t-1",
          0.053410571068525314
        ],
        [
          "t-2",
          0.05296323820948601
        ],
        [
          "t-3",
          0.05258028209209442
        ],
        [
          "t-4",
          0.05220329388976097
        ],
        [
          "t-5",
          0.05186854675412178
        ]
      ],
      "mean_attention": [
        0.05108361318707466,
        0.04619910940527916,
        0.046036455780267715,
        0.04647602140903473,
        0.04719013348221779,
        0.047907356172800064,
        0.048552583903074265,
        0.04911580681800842,
        0.049581725150346756,
        0.04999958351254463,
        0.050365447998046875,
        0.05069688707590103,
        0.051020633429288864,
        0.051209911704063416,
        0.051538821309804916,
        0.05186854675412178,
        0.05220329388976097,
        0.05258028209209442,
        0.05296323820948601,
        0.053410571068525314
      ],
      "std_attention": [
        0.015143457800149918,
        0.013391879387199879,
        0.012895189225673676,
        0.012628003023564816,
        0.012629091739654541,
        0.01258710864931345,
        0.012595126405358315,
        0.01265168096870184,
        0.012668410316109657,
        0.012734216637909412,
        0.012781218625605106,
        0.012819509953260422,
        0.012882932089269161,
        0.013128694146871567,
        0.013277617283165455,
        0.013514832593500614,
        0.013720838353037834,
        0.01416587270796299,
        0.014847444370388985,
        0.015746567398309708
      ]
    },
    "2022": {
      "n_samples": 249,
      "entropy_mean": 2.976977825164795,
      "entropy_std": 0.013306564651429653,
      "attention_concentration": 0.050273384898900986,
      "top_features": [
        [
          "t-1",
          0.056663624942302704
        ],
        [
          "t-2",
          0.05573265254497528
        ],
        [
          "t-3",
          0.05483343452215195
        ],
        [
          "t-4",
          0.05397137627005577
        ],
        [
          "t-5",
          0.05315777286887169
        ]
      ],
      "mean_attention": [
        0.05305700749158859,
        0.046285830438137054,
        0.04509488865733147,
        0.04494680464267731,
        0.04529527202248573,
        0.04586216062307358,
        0.04654080793261528,
        0.047277335077524185,
        0.047988034784793854,
        0.04869863763451576,
        0.049422070384025574,
        0.050150562077760696,
        0.05088413879275322,
        0.05175800248980522,
        0.05237969011068344,
        0.05315777286887169,
        0.05397137627005577,
        0.05483343452215195,
        0.05573265254497528,
        0.056663624942302704
      ],
      "std_attention": [
        0.011211435310542583,
        0.009081777185201645,
        0.008431768976151943,
        0.008088077418506145,
        0.007884255610406399,
        0.00776491267606616,
        0.007717825006693602,
        0.0077598304487764835,
        0.007837309502065182,
        0.007911663502454758,
        0.007993781007826328,
        0.008101766929030418,
        0.0082323607057333,
        0.008074099197983742,
        0.008466471917927265,
        0.008784155361354351,
        0.009221355430781841,
        0.009817647747695446,
        0.010583106428384781,
        0.011531759984791279
      ]
    },
    "2023": {
      "n_samples": 249,
      "entropy_mean": 2.9902780055999756,
      "entropy_std": 0.0034199138171970844,
      "attention_concentration": 0.05006113275885582,
      "top_features": [
        [
          "t-20",
          0.05360561981797218
        ],
        [
          "t-1",
          0.0524970181286335
        ],
        [
          "t-2",
          0.05220944061875343
        ],
        [
          "t-3",
          0.05190811678767204
        ],
        [
          "t-4",
          0.05160263925790787
        ]
      ],
      "mean_attention": [
        0.05360561981797218,
        0.048702605068683624,
        0.04780696704983711,
        0.04758802056312561,
        0.04770998656749725,
        0.04799308627843857,
        0.048336829990148544,
        0.04866907373070717,
        0.04902267828583717,
        0.0493723526597023,
        0.049695905297994614,
        0.05000847578048706,
        0.05031483992934227,
        0.05062296986579895,
        0.05103793367743492,
        0.051295433193445206,
        0.05160263925790787,
        0.05190811678767204,
        0.05220944061875343,
        0.0524970181286335
      ],
      "std_attention": [
        0.00515978317707777,
        0.004597969353199005,
        0.004500965122133493,
        0.00448116147890687,
        0.004502021241933107,
        0.004527353681623936,
        0.004550805781036615,
        0.004555963911116123,
        0.00457925396040082,
        0.0045979698188602924,
        0.00461999885737896,
        0.00464446609839797,
        0.004670495167374611,
        0.004688911139965057,
        0.004424163140356541,
        0.004514030646532774,
        0.004544535651803017,
        0.004611483309417963,
        0.004677956458181143,
        0.0047817896120250225
      ]
    },
    "2024": {
      "n_samples": 250,
      "entropy_mean": 2.992016553878784,
      "entropy_std": 0.0033032444771379232,
      "attention_concentration": 0.05002995952963829,
      "top_features": [
        [
          "t-20",
          0.053049709647893906
        ],
        [
          "t-1",
          0.051613494753837585
        ],
        [
          "t-2",
          0.05140490457415581
        ],
        [
          "t-3",
          0.051196224987506866
        ],
        [
          "t-4",
          0.05099046975374222
        ]
      ],