{
  "period_statistics": {
    "2020": {
      "n_samples": 92,
      "entropy_mean": 2.805732011795044,
      "entropy_std": 0.12667323648929596,
      "attention_concentration": 0.05786656588315964,
      "top_features": [
        [
          "t-1",
          0.08780564367771149
        ],
        [
          "t-2",
          0.08102293312549591
        ],
        [
          "t-3",
          0.07528124004602432
        ],
        [
          "t-4",
          0.07058583945035934
        ],
        [
          "t-5",
          0.06656790524721146
        ]
      ],
      "mean_attention": [
        0.015812695026397705,
        0.021374473348259926,
        0.025047071278095245,
        0.028483141213655472,
        0.031932998448610306,
        0.03549587354063988,
        0.03906714543700218,
        0.0424218587577343,
        0.04561880975961685,
        0.048536475747823715,
        0.05130529776215553,
        0.05407482013106346,
        0.05692169815301895,
        0.059593357145786285,
        0.06305073201656342,
        0.06656790524721146,
        0.07058583945035934,
        0.07528124004602432,
        0.08102293312549591,
        0.08780564367771149
      ],
      "std_attention": [
        0.011288654990494251,
        0.015926070511341095,
        0.017103906720876694,
        0.017729375511407852,
        0.01824549399316311,
        0.01900811493396759,
        0.01978795789182186,
        0.020396661013364792,
        0.020712286233901978,
        0.021067697554826736,
        0.02121778391301632,
        0.021599894389510155,
        0.022009477019309998,
        0.023118574172258377,
        0.02416457235813141,
        0.025521060451865196,
        0.028125310316681862,
        0.03235660493373871,
        0.03919285908341408,
        0.04869609698653221
      ]
    },
    "2021": {
      "n_samples": 250,
      "entropy_mean": 2.6030282974243164,
      "entropy_std": 0.267688125371933,
      "attention_concentration": 0.07432451844215393,
      "top_features": [
        [
          "t-1",
          0.1336636245250702
        ],
        [
          "t-2",
          0.11609941720962524
        ],
        [
          "t-3",
          0.10100054740905762
        ],
        [
          "t-4",
          0.08791640400886536
        ],
        [
          "t-5",
          0.07665053009986877
        ]
      ],
      "mean_attention": [
        0.013936704024672508,
        0.015389596112072468,
        0.017242318019270897,
        0.01918610744178295,
        0.021375151351094246,
        0.0236975010484457,
        0.025994546711444855,
        0.028396783396601677,
        0.030969975516200066,
        0.03402803838253021,
        0.03800477832555771,
        0.043089356273412704,
        0.04960963875055313,
        0.057368237525224686,
        0.06638072431087494,
        0.07665053009986877,
        0.08791640400886536,
        0.10100054740905762,
        0.11609941720962524,
        0.1336636245250702
      ],
      "std_attention": [
        0.00794290378689766,
        0.012041443958878517,
        0.014547622762620449,
        0.01618846319615841,
        0.01807219348847866,
        0.0199575237929821,
        0.021681468933820724,
        0.023193359375,
        0.024060873314738274,
        0.024639267474412918,
        0.025359276682138443,
        0.02640397474169731,
        0.028289955109357834,
        0.03077355958521366,
        0.03440872207283974,
        0.038888029754161835,
        0.043694768100976944,
        0.051316943019628525,
        0.06500094383955002,
        0.08594019711017609
      ]
    },
    "2022": {
      "n_samples": 249,
      "entropy_mean": 2.6885693073272705,
      "entropy_std": 0.22179803252220154,
      "attention_concentration": 0.06253769248723984,
      "top_features": [
        [
          "t-1",
          0.10542211681604385
        ],
        [
          "t-2",
          0.09186235815286636
        ],
        [
          "t-3",
          0.08188793808221817
        ],
        [
          "t-4",
          0.07423947751522064
        ],
        [
          "t-5",
          0.06834456324577332
        ]
      ],
      "mean_attention": [
        0.012003609910607338,
        0.017127925530076027,
        0.020361317321658134,
        0.02331639640033245,
        0.0266079343855381,
        0.030491579324007034,
        0.0348980538547039,
        0.03942248970270157,
        0.04345114156603813,
        0.046993426978588104,
        0.05023156851530075,
        0.053322430700063705,
        0.056361887603998184,
        0.05995846167206764,
        0.06369531154632568,
        0.06834456324577332,
        0.07423947751522064,
        0.08188793808221817,
        0.09186235815286636,
        0.10542211681604385
      ],
      "std_attention": [
        0.011361362412571907,
        0.01623530313372612,
        0.018134308978915215,
        0.01927166059613228,
        0.020316850394010544,
        0.021731870248913765,
        0.02350117638707161,
        0.02529546245932579,
        0.026596536859869957,
        0.02728244662284851,
        0.027531273663043976,
        0.027809178456664085,
        0.028066376224160194,
        0.028712792322039604,
        0.030322780832648277,
        0.032673366367816925,
        0.0370301827788353,
        0.044749196618795395,
        0.057561539113521576,
        0.07849262654781342
      ]
    },
    "2023": {
      "n_samples": 249,
      "entropy_mean": 2.6486706733703613,
      "entropy_std": 0.16264359652996063,
      "attention_concentration": 0.07648706436157227,
      "top_features": [
        [
          "t-1",
          0.12639349699020386
        ],
        [
          "t-2",
          0.1145760640501976
        ],
        [
          "t-3",
          0.10335830599069595
        ],
        [
          "t-4",
          0.09265394508838654
        ],
        [
          "t-5",
          0.08241704106330872
        ]
      ],
      "mean_attention": [
        0.011822220869362354,
        0.011349725537002087,
        0.012012068182229996,
        0.013228930532932281,
        0.015079636126756668,
        0.01776195876300335,
        0.021428769454360008,
        0.02588760480284691,
        0.03098991885781288,
        0.036549024283885956,
        0.042516544461250305,
        0.04895927011966705,
        0.05604095384478569,
        0.06394729018211365,
        0.07302720099687576,
        0.08241704106330872,
        0.09265394508838654,
        0.10335830599069595,
        0.1145760640501976,
        0.12639349699020386
      ],
      "std_attention": [
        0.005781303159892559,
        0.005630106199532747,
        0.006143555510789156,
        0.006854059174656868,
        0.007740916218608618,
        0.008961384184658527,
        0.01068186480551958,
        0.012628099881112576,
        0.014751747250556946,
        0.01677676849067211,
        0.018638739362359047,
        0.020323114469647408,
        0.021793590858578682,
        0.023195302113890648,
        0.02445445954799652,
        0.02683345414698124,
        0.030055750161409378,
        0.0351269468665123,
        0.043398864567279816,
        0.05547688901424408
      ]
    },
    "2024": {
      "n_samples": 250,
      "entropy_mean": 2.6453135013580322,
      "entropy_std": 0.22536426782608032,
      "attention_concentration": 0.07226572930812836,
      "top_features": [
        [
          "t-1",
          0.11671656370162964
        ],
        [
          "t-2",
          0.10599583387374878
        ],
        [
          "t-3",
          0.09700756520032883
        ],
        [
          "t-4",
          0.08881630748510361
        ],
        [
          "t-5",
          0.08109200745820999
        ]
      ],