{
  "evaluation_timestamp": "2025-10-30T03:32:40.093827",
  "statistical_metrics": {
    "mse": 1.1796156167984009,
    "rmse": 1.0861010551452637,
    "mae": 0.7753991484642029,
    "mape": 139.05646800994873,
    "r2": -0.002424955368041992,
    "mean_error": -0.01828179880976677,
    "std_error": 1.0859471559524536
  },
  "financial_metrics": {
    "directional_accuracy": 0.53671875,
    "sharpe_ratio": 0.8329736080938573,
    "max_drawdown": -0.2524605989456177,
    "total_return": 0.9216080904006958,
    "hit_rate": 0.53671875,
    "num_trades": 1280,
    "precision": 0.53671875,
    "recall": 1.0,
    "f1_score": 0.6985256736146417,
    "confusion_matrix": [
      [
        0,
        593
      ],
      [
        0,
        687
      ]
    ],
    "auc_roc": 0.4698017383791002,
    "alpha": 0.0
  },
  "residual_diagnostics": {
    "normality_p_value": 5.99482248680128e-39,
    "acf_lag1": -0.029978838941834365,
    "skewness": -0.041859803184851774,
    "kurtosis": 6.306528893743549
  },
  "mode_stats": {
    "healthy_days": 30,
    "degraded_days": 0,
    "unidirectional_days": 1060,
    "weak_collapse_days": 190,
    "strong_collapse_days": 0,
    "total_days": 1280,
    "healthy_pct": 2.34375,
    "degraded_pct": 0.0,
    "unidirectional_pct": 82.8125,
    "weak_collapse_pct": 14.84375,
    "strong_collapse_pct": 0.0
  },
  "collapse_detected": true,
  "degradation_detected": true,
  "checkpoint_used": "experiments/01_staleness_features_fixed/sweep_stale_h20_drop0.35_lr5/checkpoints/tft-epoch=60-val_loss=0.4000.ckpt"
}