{
  "evaluation_timestamp": "2025-10-22T23:16:47.578797",
  "statistical_metrics": {
    "mse": 1.1781939268112183,
    "rmse": 1.0854464769363403,
    "mae": 0.7733177542686462,
    "mape": 130.15823364257812,
    "r2": -0.001216888427734375,
    "mean_error": 0.00931595265865326,
    "std_error": 1.0854064226150513
  },
  "financial_metrics": {
    "directional_accuracy": 0.53671875,
    "sharpe_ratio": 0.8329736080938573,
    "max_drawdown": -0.2524605989456177,
    "total_return": 0.9216080904006958,
    "hit_rate": 0.53671875,
    "num_trades": 1280,
    "precision": 0.53671875,
    "recall": 1.0,
    "f1_score": 0.6985256736146417,
    "confusion_matrix": [
      [
        0,
        593
      ],
      [
        0,
        687
      ]
    ],
    "auc_roc": 0.46945072424280354,
    "alpha": 0.0
  },
  "residual_diagnostics": {
    "normality_p_value": 3.3662298482815252e-40,
    "acf_lag1": -0.035063055383034496,
    "skewness": 0.08079951018294351,
    "kurtosis": 6.553646653606419
  },
  "checkpoint_used": "experiments/sweep_stale_h20_drop0.35_lr5/checkpoints/tft-epoch=02-val_loss=0.1713.ckpt"
}