{
  "evaluation_timestamp": "2025-10-27T12:01:48.077955",
  "statistical_metrics": {
    "mse": 1.1686885356903076,
    "rmse": 1.0810589790344238,
    "mae": 0.7692925333976746,
    "mape": 155.12593984603882,
    "r2": -0.0016084909439086914,
    "mean_error": -0.01753023825585842,
    "std_error": 1.0809168815612793
  },
  "financial_metrics": {
    "directional_accuracy": 0.5349206349206349,
    "sharpe_ratio": 0.8491509303396099,
    "max_drawdown": -0.25245988368988037,
    "total_return": 0.9240425825119019,
    "hit_rate": 0.5349206349206349,
    "num_trades": 1260,
    "precision": 0.5349206349206349,
    "recall": 1.0,
    "f1_score": 0.6970010341261634,
    "confusion_matrix": [
      [
        0,
        586
      ],
      [
        0,
        674
      ]
    ],
    "auc_roc": 0.4990378869972959,
    "alpha": 0.0
  },
  "residual_diagnostics": {
    "normality_p_value": 7.715003597670204e-41,
    "acf_lag1": -0.03203011005701467,
    "skewness": 0.13739206407590426,
    "kurtosis": 6.718789108872208
  },
  "mode_stats": {
    "healthy_days": 29,
    "degraded_days": 0,
    "unidirectional_days": 752,
    "weak_collapse_days": 179,
    "strong_collapse_days": 300,
    "total_days": 1260,
    "healthy_pct": 2.301587301587302,
    "degraded_pct": 0.0,
    "unidirectional_pct": 59.682539682539684,
    "weak_collapse_pct": 14.206349206349206,
    "strong_collapse_pct": 23.809523809523807
  },
  "collapse_detected": true,
  "degradation_detected": true,
  "checkpoint_used": "experiments/00_baseline_exploration/sweep2_combo1/checkpoints/tft-epoch=04-val_loss=0.1253.ckpt"
}