{
  "evaluation_timestamp": "2025-10-30T03:11:50.265846",
  "statistical_metrics": {
    "mse": 1.1638619899749756,
    "rmse": 1.0788244009017944,
    "mae": 0.7693415284156799,
    "mape": 157.6686978340149,
    "r2": 0.0025281310081481934,
    "mean_error": -0.011356283910572529,
    "std_error": 1.07876455783844
  },
  "financial_metrics": {
    "directional_accuracy": 0.530952380952381,
    "sharpe_ratio": 0.7907138457755453,
    "max_drawdown": -0.25245994329452515,
    "total_return": 0.8278985023498535,
    "hit_rate": 0.5261904761904762,
    "num_trades": 1243,
    "precision": 0.5333869670152857,
    "recall": 0.983679525222552,
    "f1_score": 0.6917057902973396,
    "confusion_matrix": [
      [
        6,
        580
      ],
      [
        11,
        663
      ]
    ],
    "auc_roc": 0.5025597269624573,
    "alpha": -0.09614408016204834
  },
  "residual_diagnostics": {
    "normality_p_value": 2.405720200395136e-39,
    "acf_lag1": -0.028906913963229797,
    "skewness": 0.061250857632461644,
    "kurtosis": 6.518279094847374
  },
  "mode_stats": {
    "healthy_days": 124,
    "degraded_days": 19,
    "unidirectional_days": 1081,
    "weak_collapse_days": 23,
    "strong_collapse_days": 13,
    "total_days": 1260,
    "healthy_pct": 9.841269841269842,
    "degraded_pct": 1.507936507936508,
    "unidirectional_pct": 85.79365079365078,
    "weak_collapse_pct": 1.8253968253968256,
    "strong_collapse_pct": 1.0317460317460316
  },
  "collapse_detected": true,
  "degradation_detected": true,
  "checkpoint_used": "experiments/00_baseline_exploration/sweep2_combo1/checkpoints/tft-epoch=99-val_loss=0.3974.ckpt"
}