{
  "period_statistics": {
    "2020": {
      "n_samples": 92,
      "entropy_mean": 2.9833028316497803,
      "entropy_std": 0.010744543746113777,
      "attention_concentration": 0.05000952258706093,
      "top_features": [
        [
          "t-20",
          0.05180765688419342
        ],
        [
          "t-19",
          0.05140054225921631
        ],
        [
          "t-18",
          0.05100857838988304
        ],
        [
          "t-17",
          0.05054423213005066
        ],
        [
          "t-16",
          0.05018002912402153
        ]
      ],
      "mean_attention": [
        0.05180765688419342,
        0.05140054225921631,
        0.05100857838988304,
        0.05054423213005066,
        0.05018002912402153,
        0.04994801804423332,
        0.049821577966213226,
        0.049768105149269104,
        0.049751874059438705,
        0.04978635907173157,
        0.04983199015259743,
        0.04987048730254173,
        0.04990936443209648,
        0.04995832219719887,
        0.04980865865945816,
        0.049677539616823196,
        0.04951956123113632,
        0.04934060946106911,
        0.04914352670311928,
        0.04892294481396675
      ],
      "std_attention": [
        0.008696273900568485,
        0.009470745921134949,
        0.00963171198964119,
        0.009559877216815948,
        0.009389186277985573,
        0.009129292331635952,
        0.008903066627681255,
        0.008638260886073112,
        0.008413031697273254,
        0.008131854236125946,
        0.007872494868934155,
        0.007558542303740978,
        0.007304849568754435,
        0.007084195967763662,
        0.006882725283503532,
        0.006732822395861149,
        0.006623166613280773,
        0.006562822498381138,
        0.00661060307174921,
        0.006766619626432657
      ]
    },
    "2021": {
      "n_samples": 250,
      "entropy_mean": 2.990621328353882,
      "entropy_std": 0.004239326808601618,
      "attention_concentration": 0.05006145313382149,
      "top_features": [
        [
          "t-20",
          0.05399877578020096
        ],
        [
          "t-19",
          0.05323938652873039
        ],
        [
          "t-18",
          0.052344053983688354
        ],
        [
          "t-17",
          0.0516262911260128
        ],
        [
          "t-16",
          0.051101841032505035
        ]
      ],
      "mean_attention": [
        0.05399877578020096,
        0.05323938652873039,
        0.052344053983688354,
        0.0516262911260128,
        0.051101841032505035,
        0.05072081461548805,
        0.05046074464917183,
        0.05025511234998703,
        0.050081588327884674,
        0.04992228001356125,
        0.04974938556551933,
        0.04955511540174484,
        0.04933222383260727,
        0.049021922051906586,
        0.048791877925395966,
        0.04853842407464981,
        0.048258375376462936,
        0.04796528443694115,
        0.047671668231487274,
        0.04736487567424774
      ],
      "std_attention": [
        0.00442256685346365,
        0.004662301391363144,
        0.004617343656718731,
        0.004561625886708498,
        0.004515991546213627,
        0.004498127847909927,
        0.004491735715419054,
        0.00445753475651145,
        0.004433346446603537,
        0.0044178711250424385,
        0.00440242188051343,
        0.004411233123391867,
        0.004430634435266256,
        0.004549437668174505,
        0.0046331072226166725,
        0.004732890985906124,
        0.004871427081525326,
        0.005053055938333273,
        0.00528045604005456,
        0.005574761889874935
      ]
    },
    "2022": {
      "n_samples": 249,
      "entropy_mean": 2.9812371730804443,
      "entropy_std": 0.010422793217003345,
      "attention_concentration": 0.0503108873963356,
      "top_features": [
        [
          "t-20",
          0.06034228578209877
        ],
        [
          "t-19",
          0.05770992487668991
        ],
        [
          "t-18",
          0.05516887456178665
        ],
        [
          "t-17",
          0.05327560007572174
        ],
        [
          "t-16",
          0.051953963935375214
        ]
      ],
      "mean_attention": [
        0.06034228578209877,
        0.05770992487668991,
        0.05516887456178665,
        0.05327560007572174,
        0.051953963935375214,
        0.05106096714735031,
        0.050422459840774536,
        0.049950357526540756,
        0.04959643632173538,
        0.04927736148238182,
        0.048970408737659454,
        0.048660118132829666,
        0.04833038151264191,
        0.04802970960736275,
        0.04754400625824928,
        0.047055501490831375,
        0.046538569033145905,
        0.045976847410202026,
        0.045376185327768326,
        0.04476001486182213
      ],
      "std_attention": [
        0.008576994761824608,
        0.008271281607449055,
        0.00785904936492443,
        0.007512962911278009,
        0.007215871941298246,
        0.006980807054787874,
        0.006794807966798544,
        0.006671587470918894,
        0.006623013410717249,
        0.0066232034005224705,
        0.006674940697848797,
        0.006777724716812372,
        0.006920613814145327,
        0.00705592380836606,
        0.007331051863729954,
        0.007518093567341566,
        0.007694991771131754,
        0.007856950163841248,
        0.008005958050489426,
        0.008151176385581493
      ]
    },
    "2023": {
      "n_samples": 249,
      "entropy_mean": 2.989846706390381,
      "entropy_std": 0.0030981164891272783,
      "attention_concentration": 0.050064824521541595,
      "top_features": [
        [
          "t-20",
          0.05603199824690819
        ],
        [
          "t-19",
          0.05358313024044037
        ],
        [
          "t-18",
          0.051895152777433395
        ],
        [
          "t-17",
          0.050794582813978195
        ],
        [
          "t-16",
          0.05011047050356865
        ]
      ],
      "mean_attention": [
        0.05603199824690819,
        0.05358313024044037,
        0.051895152777433395,
        0.050794582813978195,
        0.05011047050356865,
        0.049704357981681824,
        0.04947664216160774,
        0.04936911538243294,
        0.04930970072746277,
        0.049279604107141495,
        0.04926884546875954,
        0.049251873046159744,
        0.049223367124795914,
        0.04917268082499504,
        0.0492076501250267,
        0.04909409210085869,
        0.048995159566402435,
        0.048879753798246384,
        0.04875253513455391,
        0.04859926179051399
      ],
      "std_attention": [
        0.0042900401167571545,
        0.004097248427569866,
        0.004117835778743029,
        0.00416560610756278,
        0.004212507512420416,
        0.004261060617864132,
        0.004321662243455648,
        0.0043912241235375404,
        0.004469940904527903,
        0.004556501749902964,
        0.004668031819164753,
        0.004792471416294575,
        0.004933285526931286,
        0.005084828473627567,
        0.005095543805509806,
        0.005340092349797487,
        0.005529005546122789,
        0.005716647021472454,
        0.005914224777370691,
        0.006108143832534552
      ]
    },
    "2024": {
      "n_samples": 250,
      "entropy_mean": 2.9927377700805664,
      "entropy_std": 0.0020320038311183453,
      "attention_concentration": 0.050048328936100006,
      "top_features": [
        [
          "t-20",
          0.05517219379544258
        ],
        [
          "t-19",
          0.05301475524902344
        ],
        [
          "t-18",
          0.05166587606072426
        ],
        [
          "t-17",
          0.05077558755874634
        ],
        [
          "t-16",
          0.05020471289753914
        ]
      ],