{
  "period_statistics": {
    "2020": {
      "n_samples": 92,
      "entropy_mean": 2.9667153358459473,
      "entropy_std": 0.02486211061477661,
      "attention_concentration": 0.05050180107355118,
      "top_features": [
        [
          "t-1",
          0.05890239402651787
        ],
        [
          "t-2",
          0.057498034089803696
        ],
        [
          "t-3",
          0.05631072074174881
        ],
        [
          "t-4",
          0.055365391075611115
        ],
        [
          "t-5",
          0.054524119943380356
        ]
      ],
      "mean_attention": [
        0.04017914459109306,
        0.04252166301012039,
        0.04404698312282562,
        0.04499949514865875,
        0.0458303801715374,
        0.04662477597594261,
        0.04740118607878685,
        0.04814431071281433,
        0.04891848936676979,
        0.049618352204561234,
        0.0502944216132164,
        0.050899066030979156,
        0.051496587693691254,
        0.052782174199819565,
        0.05364232510328293,
        0.054524119943380356,
        0.055365391075611115,
        0.05631072074174881,
        0.057498034089803696,
        0.05890239402651787
      ],
      "std_attention": [
        0.007896161638200283,
        0.007870095781981945,
        0.00791811291128397,
        0.008006741292774677,
        0.008271422237157822,
        0.008523043245077133,
        0.00872488971799612,
        0.00884832814335823,
        0.008993308059871197,
        0.00917254202067852,
        0.009447869844734669,
        0.009804682806134224,
        0.010206221602857113,
        0.012082991190254688,
        0.013052747584879398,
        0.014491773210465908,
        0.015546836890280247,
        0.016816657036542892,
        0.01885439269244671,
        0.021554427221417427
      ]
    },
    "2021": {
      "n_samples": 250,
      "entropy_mean": 2.9545295238494873,
      "entropy_std": 0.054055389016866684,
      "attention_concentration": 0.0503438338637352,
      "top_features": [
        [
          "t-1",
          0.056946683675050735
        ],
        [
          "t-2",
          0.05565867945551872
        ],
        [
          "t-3",
          0.05456415191292763
        ],
        [
          "t-4",
          0.05370109900832176
        ],
        [
          "t-5",
          0.053074952214956284
        ]
      ],
      "mean_attention": [
        0.04103923961520195,
        0.04265022650361061,
        0.044243842363357544,
        0.045619428157806396,
        0.046859655529260635,
        0.04795617610216141,
        0.04883886128664017,
        0.04950482025742531,
        0.05008884146809578,
        0.05051259323954582,
        0.050902675837278366,
        0.05131341516971588,
        0.05178204923868179,
        0.052184831351041794,
        0.052557796239852905,
        0.053074952214956284,
        0.05370109900832176,
        0.05456415191292763,
        0.05565867945551872,
        0.056946683675050735
      ],
      "std_attention": [
        0.010692923329770565,
        0.010842480696737766,
        0.011336059309542179,
        0.011755246669054031,
        0.012180221267044544,
        0.012487400323152542,
        0.012922991067171097,
        0.013011395931243896,
        0.013218741863965988,
        0.013188804499804974,
        0.013211904093623161,
        0.013252378441393375,
        0.013438370078802109,
        0.013677109964191914,
        0.01403424795717001,
        0.015028808265924454,
        0.01640063151717186,
        0.018965572118759155,
        0.022724000737071037,
        0.027051379904150963
      ]
    },
    "2022": {
      "n_samples": 249,
      "entropy_mean": 2.9394001960754395,
      "entropy_std": 0.05258704721927643,
      "attention_concentration": 0.05123627930879593,
      "top_features": [
        [
          "t-1",
          0.06268037855625153
        ],
        [
          "t-2",
          0.0599653497338295
        ],
        [
          "t-3",
          0.057876139879226685
        ],
        [
          "t-4",
          0.05632881447672844
        ],
        [
          "t-5",
          0.05512181669473648
        ]
      ],
      "mean_attention": [
        0.031191442161798477,
        0.03524123877286911,
        0.03868836164474487,
        0.042047902941703796,
        0.045102618634700775,
        0.04751238226890564,
        0.049317970871925354,
        0.050575628876686096,
        0.051258668303489685,
        0.0517394132912159,
        0.05217522010207176,
        0.05257445201277733,
        0.053006768226623535,
        0.05343487858772278,
        0.054160553961992264,
        0.05512181669473648,
        0.05632881447672844,
        0.057876139879226685,
        0.0599653497338295,
        0.06268037855625153
      ],
      "std_attention": [
        0.00974215380847454,
        0.010503651574254036,
        0.011455724947154522,
        0.01245725154876709,
        0.013285628519952297,
        0.01366820652037859,
        0.013784154318273067,
        0.013802334666252136,
        0.013351640664041042,
        0.012965120375156403,
        0.012859641574323177,
        0.012866091914474964,
        0.013120339252054691,
        0.013519260101020336,
        0.01419954001903534,
        0.015402955003082752,
        0.0171367097645998,
        0.019619522616267204,
        0.023405907675623894,
        0.02997121587395668
      ]
    },
    "2023": {
      "n_samples": 249,
      "entropy_mean": 2.979811429977417,
      "entropy_std": 0.01168745942413807,
      "attention_concentration": 0.05004512518644333,
      "top_features": [
        [
          "t-1",
          0.05222461000084877
        ],
        [
          "t-2",
          0.051885828375816345
        ],
        [
          "t-3",
          0.05160193145275116
        ],
        [
          "t-4",
          0.0513298399746418
        ],
        [
          "t-5",
          0.05106046795845032
        ]
      ],
      "mean_attention": [
        0.047243088483810425,
        0.04716327413916588,
        0.047466933727264404,
        0.0480184368789196,
        0.04868921637535095,
        0.04931183531880379,
        0.04976421222090721,
        0.050017740577459335,
        0.050220195204019547,
        0.050414860248565674,
        0.05051864683628082,
        0.05059872567653656,
        0.05069249868392944,
        0.05081833526492119,
        0.050959374755620956,
        0.05106046795845032,
        0.0513298399746418,
        0.05160193145275116,
        0.051885828375816345,
        0.05222461000084877
      ],
      "std_attention": [
        0.011130020022392273,
        0.009439078159630299,
        0.008558621630072594,
        0.008176279254257679,
        0.008044431917369366,
        0.008033163845539093,
        0.008040735498070717,
        0.007938193157315254,
        0.007985949516296387,
        0.008028962649405003,
        0.00805991142988205,
        0.008130453526973724,
        0.008248480036854744,
        0.008440918289124966,
        0.008758141659200191,
        0.00904899649322033,
        0.009554436430335045,
        0.01012968085706234,
        0.010901830159127712,
        0.01185930147767067
      ]
    },
    "2024": {
      "n_samples": 250,
      "entropy_mean": 2.969473123550415,
      "entropy_std": 0.0645253136754036,
      "attention_concentration": 0.05010293051600456,
      "top_features": [
        [
          "t-20",
          0.05431206896901131
        ],
        [
          "t-1",
          0.05396329611539841
        ],
        [
          "t-2",
          0.053329627960920334
        ],
        [
          "t-3",
          0.052690617740154266
        ],
        [
          "t-4",
          0.05204903334379196
        ]
      ],