{
  "experiment": "sweep2_h16_drop_0.05",
  "collapsed": true,
  "collapse_type": "low_diversity",
  "predictions": {
    "mean": 0.010618098080158234,
    "std": 0.048178039491176605,
    "min": -0.13184049725532532,
    "max": 0.07394342124462128,
    "range": 0.2057839184999466,
    "pct_positive": 68.90625,
    "pct_negative": 31.093749999999996,
    "num_unique": 1276
  },
  "hidden_size": 16,
  "total_params": 22615,
  "diagnosed_at": "2025-10-21T13:20:38.443689"
}