{
  "evaluation_timestamp": "2025-10-30T03:17:04.926682",
  "statistical_metrics": {
    "mse": 1.172728180885315,
    "rmse": 1.082925796508789,
    "mae": 0.7708621025085449,
    "mape": 180.14923334121704,
    "r2": 0.0034279227256774902,
    "mean_error": -0.01882483810186386,
    "std_error": 1.0827620029449463
  },
  "financial_metrics": {
    "directional_accuracy": 0.53515625,
    "sharpe_ratio": 0.8964671555441348,
    "max_drawdown": -0.19836312532424927,
    "total_return": 0.9145073890686035,
    "hit_rate": 0.4625,
    "num_trades": 1092,
    "precision": 0.5421245421245421,
    "recall": 0.8617176128093159,
    "f1_score": 0.6655424395727937,
    "confusion_matrix": [
      [
        93,
        500
      ],
      [
        95,
        592
      ]
    ],
    "auc_roc": 0.5248004987837238,
    "alpha": -0.007100701332092285
  },
  "residual_diagnostics": {
    "normality_p_value": 1.1612374050544512e-38,
    "acf_lag1": -0.02644316536193152,
    "skewness": 0.014898080401248862,
    "kurtosis": 6.255611765973933
  },
  "mode_stats": {
    "healthy_days": 485,
    "degraded_days": 78,
    "unidirectional_days": 717,
    "weak_collapse_days": 0,
    "strong_collapse_days": 0,
    "total_days": 1280,
    "healthy_pct": 37.890625,
    "degraded_pct": 6.09375,
    "unidirectional_pct": 56.015625,
    "weak_collapse_pct": 0.0,
    "strong_collapse_pct": 0.0
  },
  "collapse_detected": false,
  "degradation_detected": true,
  "checkpoint_used": "experiments/00_baseline_exploration/sweep2_h16_lr_0.0008/checkpoints/tft-epoch=40-val_loss=0.3998.ckpt"
}