{
  "evaluation_timestamp": "2025-10-27T12:02:42.393388",
  "statistical_metrics": {
    "mse": 1.179986596107483,
    "rmse": 1.08627188205719,
    "mae": 0.7726942896842957,
    "mape": 152.62573957443237,
    "r2": -0.002740144729614258,
    "mean_error": 0.04303840175271034,
    "std_error": 1.085418939590454
  },
  "financial_metrics": {
    "directional_accuracy": 0.5390625,
    "sharpe_ratio": 1.0582492485741817,
    "max_drawdown": -0.18902219831943512,
    "total_return": 0.7234698534011841,
    "hit_rate": 0.2953125,
    "num_trades": 659,
    "precision": 0.5735963581183612,
    "recall": 0.5502183406113537,
    "f1_score": 0.5616641901931649,
    "confusion_matrix": [
      [
        312,
        281
      ],
      [
        309,
        378
      ]
    ],
    "auc_roc": 0.5403089415328272,
    "alpha": -0.19813823699951172
  },
  "residual_diagnostics": {
    "normality_p_value": 6.140842893956136e-40,
    "acf_lag1": -0.0353178686868337,
    "skewness": 0.124027939989798,
    "kurtosis": 6.391345640248634
  },
  "mode_stats": {
    "healthy_days": 151,
    "degraded_days": 118,
    "unidirectional_days": 739,
    "weak_collapse_days": 102,
    "strong_collapse_days": 170,
    "total_days": 1280,
    "healthy_pct": 11.796875,
    "degraded_pct": 9.21875,
    "unidirectional_pct": 57.73437500000001,
    "weak_collapse_pct": 7.968749999999999,
    "strong_collapse_pct": 13.28125
  },
  "collapse_detected": true,
  "degradation_detected": true,
  "checkpoint_used": "experiments/00_baseline_exploration/sweep2_h16_lr_0.0008/checkpoints/tft-epoch=01-val_loss=0.1341.ckpt"
}