{
  "evaluation_timestamp": "2025-10-16T23:55:08.431770",
  "statistical_metrics": {
    "mse": 1.1686885356903076,
    "rmse": 1.0810589790344238,
    "mae": 0.7692925333976746,
    "mape": 155.12595176696777,
    "r2": -0.0016084909439086914,
    "mean_error": -0.017530245706439018,
    "std_error": 1.0809168815612793
  },
  "financial_metrics": {
    "directional_accuracy": 0.5349206349206349,
    "sharpe_ratio": 0.8491509303396099,
    "max_drawdown": -0.25245988368988037,
    "total_return": 0.9240425825119019,
    "hit_rate": 0.5349206349206349,
    "num_trades": 1260,
    "precision": 0.5349206349206349,
    "recall": 1.0,
    "f1_score": 0.6970010341261634,
    "confusion_matrix": [
      [
        0,
        586
      ],
      [
        0,
        674
      ]
    ],
    "auc_roc": 0.49904295074994176,
    "alpha": 0.0
  },
  "residual_diagnostics": {
    "normality_p_value": 7.71515305931311e-41,
    "acf_lag1": -0.03203010753632824,
    "skewness": 0.13739201945096124,
    "kurtosis": 6.7187871256671485
  },
  "checkpoint_used": "experiments/sweep2_combo1/checkpoints/tft-epoch=04-val_loss=0.1253.ckpt"
}