{
  "experiment": "sweep2_h16_enc_30",
  "collapsed": true,
  "collapse_type": "low_diversity",
  "predictions": {
    "mean": 0.055196795612573624,
    "std": 0.048233095556497574,
    "min": -0.08806361258029938,
    "max": 0.11250302940607071,
    "range": 0.20056664943695068,
    "pct_positive": 89.68503937007874,
    "pct_negative": 10.314960629921261,
    "num_unique": 1263
  },
  "hidden_size": 16,
  "total_params": 22615,
  "diagnosed_at": "2025-10-21T13:20:45.920883"
}