{
  "experiment": "sweep2_hidden_14",
  "collapsed": true,
  "collapse_type": "always_negative",
  "predictions": {
    "mean": -0.28444981575012207,
    "std": 0.01256234385073185,
    "min": -0.2974429726600647,
    "max": -0.23510879278182983,
    "range": 0.06233417987823486,
    "pct_positive": 0.0,
    "pct_negative": 100.0,
    "num_unique": 1244
  },
  "hidden_size": 14,
  "total_params": 18184,
  "diagnosed_at": "2025-10-21T13:20:58.650888"
}