
[INFO] Using AUTO device selection.

[INFO] Patched matplotlib.Axes.errorbar to abs() negative yerr for robustness.
======================================================================
Training TFT: 07c_regime_attention_ablations/rolling_4heads/fold_2019
======================================================================
Logging to: experiments/07c_regime_attention_ablations/rolling_4heads/fold_2019/training_20251203_181146.log
Started at: 2025-12-03 18:11:46
======================================================================
Configuration saved to: experiments/07c_regime_attention_ablations/rolling_4heads/fold_2019/config.json

Loading data splits...
Train: 522 samples
Val: 52 samples
Test: 64 samples

Preparing TimeSeriesDataSet...

Dropping source columns (used for staleness only): ['CPI']

Final features for TFT: ['SP500_Returns', 'VIX', 'Treasury_10Y', 'Yield_Spread', 'Inflation_YoY']

======================================================================
FEATURE STATISTICS - BEFORE NORMALIZATION
======================================================================
VIX                             mean= 20.0842  std=  9.8552  min=  9.4860  max= 72.9160
Treasury_10Y                    mean=  2.5920  std=  0.6980  min=  1.3700  max=  4.2700
Yield_Spread                    mean=  1.7836  std=  0.6002  min=  0.5100  max=  2.9100
Inflation_YoY                   mean=  1.7521  std=  1.4342  min= -2.1498  max=  5.4850

======================================================================
FEATURES AFTER GROUPNORMALIZER (first batch, last timestep)
======================================================================
VIX                             normalized_value=  1.0000
Treasury_10Y                    normalized_value= -0.0833
Yield_Spread                    normalized_value= -1.0374
Inflation_YoY                   normalized_value= -0.3471
======================================================================

[DEBUG] VIX train values: [23.025  24.094  25.252  29.2225 26.588 ]
[DEBUG] VIX val values: [ 9.34   9.892 11.765 11.252 14.59 ]
Batches per epoch: 31
[DEBUG] Validation batches: 3
[DEBUG] Validation dataset size: 40
[DEBUG] Batch size: 16

Initializing model...

Using standard QuantileLoss (no penalties)

[REGIME OUTPUT] Disabled (using baseline output layer)

[REGIME ATTENTION] Replaced attention module:
  Mode: vix_threshold
  Regimes: 2
  VIX threshold: 25.0
  Gate grad scale: 100.0
  Gate init: neutral
  Heads: 4
  New parameters: 8 (regime gates only)
  Total attention parameters: 684
[REGIME ATTENTION] Using raw VIX values (train: 522, val: 52)
[REGIME ATTENTION] VIX range - train: 9.5-72.9, val: 9.3-31.5

[REGIME ATTENTION] Enabled: vix_threshold=25.0

================================================================================
BASELINE MODEL FEATURE CONFIGURATION (after from_dataset)
================================================================================
tft.hparams.time_varying_reals_encoder: ['relative_time_idx', 'VIX', 'Treasury_10Y', 'Yield_Spread', 'Inflation_YoY']
  Count: 5

tft.hparams.time_varying_reals_decoder: ['relative_time_idx']
  Count: 1

tft.hparams.x_reals (all reals passed to model): ['encoder_length', 'relative_time_idx', 'VIX', 'Treasury_10Y', 'Yield_Spread', 'Inflation_YoY']
  Count: 6

Encoder VSN configuration:
  num_inputs: 5
  input_sizes: {'relative_time_idx': 16, 'VIX': 16, 'Treasury_10Y': 16, 'Yield_Spread': 16, 'Inflation_YoY': 16}
  flattened_grn.fc1: in_features=80, out_features=5
  -> Params in fc1: 400 (should be 5*16*5=400 if 5 features)
================================================================================

Model parameters: 22,491

Starting training...
Checkpoints will be saved to: experiments/07c_regime_attention_ablations/rolling_4heads/fold_2019/checkpoints/
Logs will be saved to: experiments/07c_regime_attention_ablations/rolling_4heads/fold_2019/logs/

[DEBUG CollapseMonitor] on_validation_epoch_start called for epoch 0
[DEBUG CollapseMonitor] reset_temporal_state() called on loss function
Epoch 0: val_loss=N/A
[DEBUG CollapseMonitor] on_validation_epoch_start called for epoch 0
[DEBUG CollapseMonitor] reset_temporal_state() called on loss function
Epoch 0: val_loss=2.3648159503936768
Epoch 0: train_loss=2.4740495681762695

[CollapseMonitor] Epoch 0
  [DEBUG] Processed 3 batches from val_dataloader
  [DEBUG] Predictions shape after concat: (40,)
  [DEBUG] All predictions list length: 3
  [DEBUG] First batch shape: (16,)
  Pred std: 0.005214, range: 0.015685, mean: -0.234771
  Pos: 0.0%, Neg: 100.0%, Unique: 40
  Dir Acc: 42.50%, Pred Sharpe: -714.7253
  Composite: 0.3028 (dist_match: 0.4250, actual_pos: 57.5%, pred_pos: 0.0%)
  Collapse penalty: 0.000000 (threshold: 0.005000)
  Regime distribution: {'regime_0_fraction': 0.75, 'regime_1_fraction': 0.25}
  Regime gates: {'mean': 0.5007439851760864, 'std': 0.0010061038192361593, 'min': 0.4994162619113922, 'max': 0.5030705332756042}
  Saved validation predictions to: experiments/07c_regime_attention_ablations/rolling_4heads/fold_2019/collapse_monitoring/val_predictions_epoch0.npy
  Gradient norms:
    lstm_encoder: 0.040421
    lstm_decoder: 0.043877
    output_layer: 2.363492
  Regime gate grads (epoch avg): tensor([[0.1547, 0.1480, 0.1499, 0.1466],
        [0.0224, 0.0196, 0.0185, 0.0183]])
  VSN output std:
    encoder: 0.267151
  Attention entropy: 2.481741
  Regime attention gates: [[0.49986568093299866, 0.4999275803565979, 0.5009067058563232, 0.5010800361633301], [0.5025022625923157, 0.4994162619113922, 0.5015749335289001, 0.5030705332756042]]
  Saved to: experiments/07c_regime_attention_ablations/rolling_4heads/fold_2019/collapse_monitoring/collapse_monitor_latest.json
[DEBUG CollapseMonitor] on_validation_epoch_start called for epoch 1
[DEBUG CollapseMonitor] reset_temporal_state() called on loss function
Epoch 1: val_loss=2.264723300933838
Epoch 1: train_loss=2.4070279598236084

[CollapseMonitor] Epoch 1
  [DEBUG] Processed 3 batches from val_dataloader
  [DEBUG] Predictions shape after concat: (40,)
  [DEBUG] All predictions list length: 3
  [DEBUG] First batch shape: (16,)
  Pred std: 0.004954, range: 0.014956, mean: -0.285516
  Pos: 0.0%, Neg: 100.0%, Unique: 40
  Dir Acc: 42.50%, Pred Sharpe: -914.9068
  Composite: 0.3028 (dist_match: 0.4250, actual_pos: 57.5%, pred_pos: 0.0%)
  Collapse penalty: 0.000000 (threshold: 0.005000)
  Regime distribution: {'regime_0_fraction': 0.75, 'regime_1_fraction': 0.25}
  Regime gates: {'mean': 0.500517725944519, 'std': 0.0010306077310815454, 'min': 0.49926650524139404, 'max': 0.5029181838035583}
  Saved validation predictions to: experiments/07c_regime_attention_ablations/rolling_4heads/fold_2019/collapse_monitoring/val_predictions_epoch1.npy
  Gradient norms:
    lstm_encoder: 0.040077
    lstm_decoder: 0.043418
    output_layer: 2.317435
  Regime gate grads (epoch avg): tensor([[0.1546, 0.1487, 0.1428, 0.1394],
        [0.0325, 0.0290, 0.0280, 0.0303]])
  VSN output std:
    encoder: 0.267459
  Attention entropy: 2.481627
  Regime attention gates: [[0.4996058940887451, 0.49967679381370544, 0.5006584525108337, 0.5008337497711182], [0.5023398995399475, 0.49926650524139404, 0.5014343857765198, 0.5029181838035583]]
  Saved to: experiments/07c_regime_attention_ablations/rolling_4heads/fold_2019/collapse_monitoring/collapse_monitor_latest.json
[DEBUG CollapseMonitor] on_validation_epoch_start called for epoch 2
[DEBUG CollapseMonitor] reset_temporal_state() called on loss function
Epoch 2: val_loss=2.1443941593170166
Epoch 2: train_loss=2.29349684715271

[CollapseMonitor] Epoch 2
  [DEBUG] Processed 3 batches from val_dataloader
  [DEBUG] Predictions shape after concat: (40,)
  [DEBUG] All predictions list length: 3
  [DEBUG] First batch shape: (16,)
  Pred std: 0.004587, range: 0.013802, mean: -0.326909
  Pos: 0.0%, Neg: 100.0%, Unique: 40
  Dir Acc: 42.50%, Pred Sharpe: -1131.2307
  Composite: 0.3028 (dist_match: 0.4250, actual_pos: 57.5%, pred_pos: 0.0%)
  Collapse penalty: 0.000000 (threshold: 0.005000)
  Regime distribution: {'regime_0_fraction': 0.75, 'regime_1_fraction': 0.25}
  Regime gates: {'mean': 0.5002725720405579, 'std': 0.0010577528737485409, 'min': 0.4990989863872528, 'max': 0.5027474761009216}
  Saved validation predictions to: experiments/07c_regime_attention_ablations/rolling_4heads/fold_2019/collapse_monitoring/val_predictions_epoch2.npy
  Gradient norms:
    lstm_encoder: 0.039244
    lstm_decoder: 0.042286
    output_layer: 2.262584
  Regime gate grads (epoch avg): tensor([[0.0934, 0.0894, 0.0813, 0.0853],
        [0.0189, 0.0164, 0.0159, 0.0168]])
  VSN output std:
    encoder: 0.267900
  Attention entropy: 2.481528
  Regime attention gates: [[0.4993229806423187, 0.4994041919708252, 0.5003977417945862, 0.5005673170089722], [0.5021555423736572, 0.4990989863872528, 0.5012819766998291, 0.5027474761009216]]
  Saved to: experiments/07c_regime_attention_ablations/rolling_4heads/fold_2019/collapse_monitoring/collapse_monitor_latest.json
[DEBUG CollapseMonitor] on_validation_epoch_start called for epoch 3
[DEBUG CollapseMonitor] reset_temporal_state() called on loss function
Epoch 3: val_loss=2.0084660053253174
Epoch 3: train_loss=2.161297559738159

[CollapseMonitor] Epoch 3
  [DEBUG] Processed 3 batches from val_dataloader
  [DEBUG] Predictions shape after concat: (40,)
  [DEBUG] All predictions list length: 3
  [DEBUG] First batch shape: (16,)
  Pred std: 0.004109, range: 0.012165, mean: -0.338085
  Pos: 0.0%, Neg: 100.0%, Unique: 40
  Dir Acc: 42.50%, Pred Sharpe: -1306.2744
  Composite: 0.3028 (dist_match: 0.4250, actual_pos: 57.5%, pred_pos: 0.0%)
  Collapse penalty: 0.000000 (threshold: 0.005000)
  Regime distribution: {'regime_0_fraction': 0.75, 'regime_1_fraction': 0.25}
  Regime gates: {'mean': 0.5000399351119995, 'std': 0.001090396661311388, 'min': 0.49894461035728455, 'max': 0.5026023983955383}
  Saved validation predictions to: experiments/07c_regime_attention_ablations/rolling_4heads/fold_2019/collapse_monitoring/val_predictions_epoch3.npy
  Gradient norms:
    lstm_encoder: 0.035527
    lstm_decoder: 0.038946
    output_layer: 2.189666
  Regime gate grads (epoch avg): tensor([[0.0707, 0.0724, 0.0671, 0.0584],
        [0.0170, 0.0152, 0.0137, 0.0136]])
  VSN output std:
    encoder: 0.268337
  Attention entropy: 2.481462
  Regime attention gates: [[0.4990529417991638, 0.49913352727890015, 0.5001436471939087, 0.5003243088722229], [0.5019850730895996, 0.49894461035728455, 0.5011431574821472, 0.5026023983955383]]
  Saved to: experiments/07c_regime_attention_ablations/rolling_4heads/fold_2019/collapse_monitoring/collapse_monitor_latest.json
[DEBUG CollapseMonitor] on_validation_epoch_start called for epoch 4
[DEBUG CollapseMonitor] reset_temporal_state() called on loss function
Epoch 4: val_loss=1.8615916967391968
Epoch 4: train_loss=2.032461166381836

[CollapseMonitor] Epoch 4
  [DEBUG] Processed 3 batches from val_dataloader
  [DEBUG] Predictions shape after concat: (40,)
  [DEBUG] All predictions list length: 3
  [DEBUG] First batch shape: (16,)
  Pred std: 0.003542, range: 0.010251, mean: -0.289147
  Pos: 0.0%, Neg: 100.0%, Unique: 40
  Dir Acc: 42.50%, Pred Sharpe: -1296.0350
  Composite: 0.3028 (dist_match: 0.4250, actual_pos: 57.5%, pred_pos: 0.0%)
  Collapse penalty: 0.000000 (threshold: 0.005000)
  Regime distribution: {'regime_0_fraction': 0.75, 'regime_1_fraction': 0.25}
  Regime gates: {'mean': 0.49983078241348267, 'std': 0.0011119866976514459, 'min': 0.4987570643424988, 'max': 0.5024327635765076}
  Saved validation predictions to: experiments/07c_regime_attention_ablations/rolling_4heads/fold_2019/collapse_monitoring/val_predictions_epoch4.npy
  Gradient norms:
    lstm_encoder: 0.035610
    lstm_decoder: 0.038288
    output_layer: 2.102871
  Regime gate grads (epoch avg): tensor([[0.0486, 0.0485, 0.0400, 0.0359],
        [0.0210, 0.0197, 0.0171, 0.0201]])
  VSN output std:
    encoder: 0.268773
  Attention entropy: 2.481311
  Regime attention gates: [[0.49881359934806824, 0.49889594316482544, 0.49992847442626953, 0.5001317262649536], [0.5017914772033691, 0.4987570643424988, 0.5010020136833191, 0.5024327635765076]]
  Saved to: experiments/07c_regime_attention_ablations/rolling_4heads/fold_2019/collapse_monitoring/collapse_monitor_latest.json
[DEBUG CollapseMonitor] on_validation_epoch_start called for epoch 5
[DEBUG CollapseMonitor] reset_temporal_state() called on loss function
Epoch 5: val_loss=1.727486252784729
Epoch 5: train_loss=1.8703954219818115

[CollapseMonitor] Epoch 5
  [DEBUG] Processed 3 batches from val_dataloader
  [DEBUG] Predictions shape after concat: (40,)
  [DEBUG] All predictions list length: 3
  [DEBUG] First batch shape: (16,)
  Pred std: 0.003009, range: 0.008709, mean: -0.245996
  Pos: 0.0%, Neg: 100.0%, Unique: 40
  Dir Acc: 42.50%, Pred Sharpe: -1297.9172
  Composite: 0.3028 (dist_match: 0.4250, actual_pos: 57.5%, pred_pos: 0.0%)
  Collapse penalty: 0.000000 (threshold: 0.005000)
  Regime distribution: {'regime_0_fraction': 0.75, 'regime_1_fraction': 0.25}
  Regime gates: {'mean': 0.49977928400039673, 'std': 0.001103926682844758, 'min': 0.4986501634120941, 'max': 0.502331018447876}
  Saved validation predictions to: experiments/07c_regime_attention_ablations/rolling_4heads/fold_2019/collapse_monitoring/val_predictions_epoch5.npy
  Gradient norms:
    lstm_encoder: 0.032321
    lstm_decoder: 0.034264
    output_layer: 1.940129
  Regime gate grads (epoch avg): tensor([[-0.0088, -0.0206, -0.0283, -0.0308],
        [ 0.0060,  0.0030, -0.0013,  0.0016]])
  VSN output std:
    encoder: 0.269446
  Attention entropy: 2.481233
  Regime attention gates: [[0.4987344741821289, 0.49885180592536926, 0.4999206066131592, 0.5001309514045715], [0.5016538500785828, 0.4986501634120941, 0.5009204745292664, 0.502331018447876]]
  Saved to: experiments/07c_regime_attention_ablations/rolling_4heads/fold_2019/collapse_monitoring/collapse_monitor_latest.json
[DEBUG CollapseMonitor] on_validation_epoch_start called for epoch 6
[DEBUG CollapseMonitor] reset_temporal_state() called on loss function
Epoch 6: val_loss=1.5573155879974365
Epoch 6: train_loss=1.71470046043396

[CollapseMonitor] Epoch 6
  [DEBUG] Processed 3 batches from val_dataloader
  [DEBUG] Predictions shape after concat: (40,)
  [DEBUG] All predictions list length: 3
  [DEBUG] First batch shape: (16,)
  Pred std: 0.002374, range: 0.006915, mean: -0.139500
  Pos: 0.0%, Neg: 100.0%, Unique: 39
  Dir Acc: 42.50%, Pred Sharpe: -932.7399
  Composite: 0.3028 (dist_match: 0.4250, actual_pos: 57.5%, pred_pos: 0.0%)
  Collapse penalty: 0.000000 (threshold: 0.005000)
  Regime distribution: {'regime_0_fraction': 0.75, 'regime_1_fraction': 0.25}
  Regime gates: {'mean': 0.4999332129955292, 'std': 0.0010446234373375773, 'min': 0.4985298216342926, 'max': 0.5022287368774414}
  Saved validation predictions to: experiments/07c_regime_attention_ablations/rolling_4heads/fold_2019/collapse_monitoring/val_predictions_epoch6.npy
  Gradient norms:
    lstm_encoder: 0.030692
    lstm_decoder: 0.031803
    output_layer: 1.795409
  Regime gate grads (epoch avg): tensor([[-0.0615, -0.0601, -0.0717, -0.0794],
        [ 0.0084,  0.0072,  0.0047,  0.0065]])
  VSN output std:
    encoder: 0.270089
  Attention entropy: 2.481127
  Regime attention gates: [[0.49892085790634155, 0.49905675649642944, 0.5001842975616455, 0.500440239906311], [0.5015076994895935, 0.4985298216342926, 0.5008589029312134, 0.5022287368774414]]
  Saved to: experiments/07c_regime_attention_ablations/rolling_4heads/fold_2019/collapse_monitoring/collapse_monitor_latest.json
[DEBUG CollapseMonitor] on_validation_epoch_start called for epoch 7
[DEBUG CollapseMonitor] reset_temporal_state() called on loss function
Epoch 7: val_loss=1.3959224224090576
Epoch 7: train_loss=1.598332405090332

[CollapseMonitor] Epoch 7
  [DEBUG] Processed 3 batches from val_dataloader
  [DEBUG] Predictions shape after concat: (40,)
  [DEBUG] All predictions list length: 3
  [DEBUG] First batch shape: (16,)
  Pred std: 0.002161, range: 0.007095, mean: -0.079236
  Pos: 0.0%, Neg: 100.0%, Unique: 40
  Dir Acc: 42.50%, Pred Sharpe: -582.0803
  Composite: 0.3028 (dist_match: 0.4250, actual_pos: 57.5%, pred_pos: 0.0%)
  Collapse penalty: 0.000000 (threshold: 0.005000)
  Regime distribution: {'regime_0_fraction': 0.75, 'regime_1_fraction': 0.25}
  Regime gates: {'mean': 0.5004312992095947, 'std': 0.000954304588958621, 'min': 0.4984131455421448, 'max': 0.5021138787269592}
  Saved validation predictions to: experiments/07c_regime_attention_ablations/rolling_4heads/fold_2019/collapse_monitoring/val_predictions_epoch7.npy
  Gradient norms:
    lstm_encoder: 0.028393
    lstm_decoder: 0.028830
    output_layer: 1.639553
  Regime gate grads (epoch avg): tensor([[-0.1324, -0.1333, -0.1457, -0.1523],
        [ 0.0092,  0.0092,  0.0067,  0.0093]])
  VSN output std:
    encoder: 0.270528
  Attention entropy: 2.480985
  Regime attention gates: [[0.49957746267318726, 0.49971631169319153, 0.5009082555770874, 0.5012065172195435], [0.5013737082481384, 0.4984131455421448, 0.500774621963501, 0.5021138787269592]]
  Saved to: experiments/07c_regime_attention_ablations/rolling_4heads/fold_2019/collapse_monitoring/collapse_monitor_latest.json
[DEBUG CollapseMonitor] on_validation_epoch_start called for epoch 8
[DEBUG CollapseMonitor] reset_temporal_state() called on loss function
Epoch 8: val_loss=1.2582753896713257
Epoch 8: train_loss=1.441677212715149

[CollapseMonitor] Epoch 8
  [DEBUG] Processed 3 batches from val_dataloader
  [DEBUG] Predictions shape after concat: (40,)
  [DEBUG] All predictions list length: 3
  [DEBUG] First batch shape: (16,)
  Pred std: 0.002588, range: 0.008274, mean: -0.034071
  Pos: 0.0%, Neg: 100.0%, Unique: 40
  Dir Acc: 42.50%, Pred Sharpe: -209.0100
  Composite: 0.3028 (dist_match: 0.4250, actual_pos: 57.5%, pred_pos: 0.0%)
  Collapse penalty: 0.000000 (threshold: 0.005000)
  Regime distribution: {'regime_0_fraction': 0.75, 'regime_1_fraction': 0.25}
  Regime gates: {'mean': 0.5011131763458252, 'std': 0.001028805156238377, 'min': 0.4981917142868042, 'max': 0.5022009015083313}
  Saved validation predictions to: experiments/07c_regime_attention_ablations/rolling_4heads/fold_2019/collapse_monitoring/val_predictions_epoch8.npy
  Gradient norms:
    lstm_encoder: 0.025202
    lstm_decoder: 0.024976
    output_layer: 1.405360
  Regime gate grads (epoch avg): tensor([[-0.1318, -0.1301, -0.1397, -0.1433],
        [ 0.0040,  0.0073,  0.0020,  0.0073]])
  VSN output std:
    encoder: 0.270752
  Attention entropy: 2.480693
  Regime attention gates: [[0.5005261301994324, 0.5006665587425232, 0.501900851726532, 0.5022009015083313], [0.5011846423149109, 0.4981917142868042, 0.5006551742553711, 0.5018962621688843]]
  Saved to: experiments/07c_regime_attention_ablations/rolling_4heads/fold_2019/collapse_monitoring/collapse_monitor_latest.json
[DEBUG CollapseMonitor] on_validation_epoch_start called for epoch 9
[DEBUG CollapseMonitor] reset_temporal_state() called on loss function
Epoch 9: val_loss=1.1435962915420532
Epoch 9: train_loss=1.291859745979309

[CollapseMonitor] Epoch 9
  [DEBUG] Processed 3 batches from val_dataloader
  [DEBUG] Predictions shape after concat: (40,)
  [DEBUG] All predictions list length: 3
  [DEBUG] First batch shape: (16,)
  Pred std: 0.003381, range: 0.010361, mean: -0.013904
  Pos: 0.0%, Neg: 100.0%, Unique: 40
  Dir Acc: 42.50%, Pred Sharpe: -65.2893
  Composite: 0.3028 (dist_match: 0.4250, actual_pos: 57.5%, pred_pos: 0.0%)
  Collapse penalty: 0.000000 (threshold: 0.005000)
  Regime distribution: {'regime_0_fraction': 0.75, 'regime_1_fraction': 0.25}
  Regime gates: {'mean': 0.5018535852432251, 'std': 0.0012800018303096294, 'min': 0.4980957508087158, 'max': 0.5032074451446533}
  Saved validation predictions to: experiments/07c_regime_attention_ablations/rolling_4heads/fold_2019/collapse_monitoring/val_predictions_epoch9.npy
  Gradient norms:
    lstm_encoder: 0.018560
    lstm_decoder: 0.018297
    output_layer: 1.071172
  Regime gate grads (epoch avg): tensor([[-0.1169, -0.1236, -0.1297, -0.1272],
        [ 0.0091,  0.0067,  0.0010,  0.0072]])
  VSN output std:
    encoder: 0.270965
  Attention entropy: 2.480124
  Regime attention gates: [[0.501518189907074, 0.5016834735870361, 0.5029221177101135, 0.5032074451446533], [0.501082181930542, 0.4980957508087158, 0.5007019639015198, 0.5017842650413513]]
  Saved to: experiments/07c_regime_attention_ablations/rolling_4heads/fold_2019/collapse_monitoring/collapse_monitor_latest.json
[DEBUG CollapseMonitor] on_validation_epoch_start called for epoch 10
[DEBUG CollapseMonitor] reset_temporal_state() called on loss function
Epoch 10: val_loss=1.0596046447753906
Epoch 10: train_loss=1.1830174922943115

[CollapseMonitor] Epoch 10
  [DEBUG] Processed 3 batches from val_dataloader
  [DEBUG] Predictions shape after concat: (40,)
  [DEBUG] All predictions list length: 3
  [DEBUG] First batch shape: (16,)
  Pred std: 0.004331, range: 0.013429, mean: 0.030510
  Pos: 100.0%, Neg: 0.0%, Unique: 40
  Dir Acc: 57.50%, Pred Sharpe: 111.8325
  Composite: 0.4528 (dist_match: 0.5750, actual_pos: 57.5%, pred_pos: 100.0%)
  Collapse penalty: 0.000000 (threshold: 0.005000)
  Regime distribution: {'regime_0_fraction': 0.75, 'regime_1_fraction': 0.25}
  Regime gates: {'mean': 0.5024529099464417, 'std': 0.001645766431465745, 'min': 0.4978150725364685, 'max': 0.504094123840332}
  Saved validation predictions to: experiments/07c_regime_attention_ablations/rolling_4heads/fold_2019/collapse_monitoring/val_predictions_epoch10.npy
  Gradient norms:
    lstm_encoder: 0.016462
    lstm_decoder: 0.016312
    output_layer: 0.851278
  Regime gate grads (epoch avg): tensor([[-0.0787, -0.0710, -0.0849, -0.0828],
        [ 0.0076,  0.0093,  0.0040,  0.0063]])
  VSN output std:
    encoder: 0.271193
  Attention entropy: 2.479562
  Regime attention gates: [[0.5023849010467529, 0.5025206804275513, 0.5038090348243713, 0.504094123840332], [0.5008086562156677, 0.4978150725364685, 0.5006117224693298, 0.5015847086906433]]
  Saved to: experiments/07c_regime_attention_ablations/rolling_4heads/fold_2019/collapse_monitoring/collapse_monitor_latest.json
[DEBUG CollapseMonitor] on_validation_epoch_start called for epoch 11
[DEBUG CollapseMonitor] reset_temporal_state() called on loss function
Epoch 11: val_loss=1.0202374458312988
Epoch 11: train_loss=1.1423643827438354

[CollapseMonitor] Epoch 11
  [DEBUG] Processed 3 batches from val_dataloader
  [DEBUG] Predictions shape after concat: (40,)
  [DEBUG] All predictions list length: 3
  [DEBUG] First batch shape: (16,)
  Pred std: 0.004762, range: 0.015054, mean: 0.088698
  Pos: 100.0%, Neg: 0.0%, Unique: 40
  Dir Acc: 57.50%, Pred Sharpe: 295.6640
  Composite: 0.4528 (dist_match: 0.5750, actual_pos: 57.5%, pred_pos: 100.0%)
  Collapse penalty: 0.000000 (threshold: 0.005000)
  Regime distribution: {'regime_0_fraction': 0.75, 'regime_1_fraction': 0.25}
  Regime gates: {'mean': 0.5027464032173157, 'std': 0.0019044301006942987, 'min': 0.4975973665714264, 'max': 0.5045735836029053}
  Saved validation predictions to: experiments/07c_regime_attention_ablations/rolling_4heads/fold_2019/collapse_monitoring/val_predictions_epoch11.npy
  Gradient norms:
    lstm_encoder: 0.012715
    lstm_decoder: 0.011970
    output_layer: 0.634194
  Regime gate grads (epoch avg): tensor([[-0.0365, -0.0310, -0.0396, -0.0377],
        [ 0.0068,  0.0060,  0.0073,  0.0064]])
  VSN output std:
    encoder: 0.271527
  Attention entropy: 2.479038
  Regime attention gates: [[0.5028418898582458, 0.5029573440551758, 0.5043061375617981, 0.5045735836029053], [0.5005680918693542, 0.4975973665714264, 0.5003993511199951, 0.501340925693512]]
  Saved to: experiments/07c_regime_attention_ablations/rolling_4heads/fold_2019/collapse_monitoring/collapse_monitor_latest.json
[DEBUG CollapseMonitor] on_validation_epoch_start called for epoch 12
[DEBUG CollapseMonitor] reset_temporal_state() called on loss function
Epoch 12: val_loss=0.9949465990066528
Epoch 12: train_loss=1.0834418535232544

[CollapseMonitor] Epoch 12
  [DEBUG] Processed 3 batches from val_dataloader
  [DEBUG] Predictions shape after concat: (40,)
  [DEBUG] All predictions list length: 3
  [DEBUG] First batch shape: (16,)
  Pred std: 0.004605, range: 0.015030, mean: 0.098643
  Pos: 100.0%, Neg: 0.0%, Unique: 40
  Dir Acc: 57.50%, Pred Sharpe: 340.0202
  Composite: 0.4528 (dist_match: 0.5750, actual_pos: 57.5%, pred_pos: 100.0%)
  Collapse penalty: 0.000000 (threshold: 0.005000)
  Regime distribution: {'regime_0_fraction': 0.75, 'regime_1_fraction': 0.25}
  Regime gates: {'mean': 0.5028623342514038, 'std': 0.0021886469330638647, 'min': 0.497183233499527, 'max': 0.5048697590827942}
  Saved validation predictions to: experiments/07c_regime_attention_ablations/rolling_4heads/fold_2019/collapse_monitoring/val_predictions_epoch12.npy
  Gradient norms:
    lstm_encoder: 0.012181
    lstm_decoder: 0.011314
    output_layer: 0.565268
  Regime gate grads (epoch avg): tensor([[-0.0210, -0.0201, -0.0172, -0.0164],
        [ 0.0134,  0.0143,  0.0152,  0.0175]])
  VSN output std:
    encoder: 0.271643
  Attention entropy: 2.478511
  Regime attention gates: [[0.5031828880310059, 0.5032439231872559, 0.5046038627624512, 0.5048697590827942], [0.5001198649406433, 0.497183233499527, 0.4999593496322632, 0.5008338093757629]]
  Saved to: experiments/07c_regime_attention_ablations/rolling_4heads/fold_2019/collapse_monitoring/collapse_monitor_latest.json
[DEBUG CollapseMonitor] on_validation_epoch_start called for epoch 13
[DEBUG CollapseMonitor] reset_temporal_state() called on loss function
Epoch 13: val_loss=0.980446457862854
Epoch 13: train_loss=1.0631608963012695

[CollapseMonitor] Epoch 13
  [DEBUG] Processed 3 batches from val_dataloader
  [DEBUG] Predictions shape after concat: (40,)
  [DEBUG] All predictions list length: 3
  [DEBUG] First batch shape: (16,)
  Pred std: 0.004985, range: 0.017107, mean: 0.171595
  Pos: 100.0%, Neg: 0.0%, Unique: 40
  Dir Acc: 57.50%, Pred Sharpe: 546.4145
  Composite: 0.4528 (dist_match: 0.5750, actual_pos: 57.5%, pred_pos: 100.0%)
  Collapse penalty: 0.000000 (threshold: 0.005000)
  Regime distribution: {'regime_0_fraction': 0.75, 'regime_1_fraction': 0.25}
  Regime gates: {'mean': 0.5030233860015869, 'std': 0.002580519998446107, 'min': 0.4966387450695038, 'max': 0.5052894949913025}
  Saved validation predictions to: experiments/07c_regime_attention_ablations/rolling_4heads/fold_2019/collapse_monitoring/val_predictions_epoch13.npy
  Gradient norms:
    lstm_encoder: 0.011683
    lstm_decoder: 0.010931
    output_layer: 0.519067
  Regime gate grads (epoch avg): tensor([[-0.0275, -0.0202, -0.0218, -0.0258],
        [ 0.0171,  0.0131,  0.0196,  0.0186]])
  VSN output std:
    encoder: 0.272359
  Attention entropy: 2.478217
  Regime attention gates: [[0.503642737865448, 0.503637433052063, 0.5049686431884766, 0.5052894949913025], [0.4995526969432831, 0.4966387450695038, 0.4993513822555542, 0.5002157688140869]]
  Saved to: experiments/07c_regime_attention_ablations/rolling_4heads/fold_2019/collapse_monitoring/collapse_monitor_latest.json
[DEBUG CollapseMonitor] on_validation_epoch_start called for epoch 14
[DEBUG CollapseMonitor] reset_temporal_state() called on loss function
Epoch 14: val_loss=0.9684218168258667
Epoch 14: train_loss=1.0427700281143188

[CollapseMonitor] Epoch 14
  [DEBUG] Processed 3 batches from val_dataloader
  [DEBUG] Predictions shape after concat: (40,)
  [DEBUG] All predictions list length: 3
  [DEBUG] First batch shape: (16,)
  Pred std: 0.005349, range: 0.018620, mean: 0.122589
  Pos: 100.0%, Neg: 0.0%, Unique: 40
  Dir Acc: 57.50%, Pred Sharpe: 363.7794
  Composite: 0.4528 (dist_match: 0.5750, actual_pos: 57.5%, pred_pos: 100.0%)
  Collapse penalty: 0.000000 (threshold: 0.005000)
  Regime distribution: {'regime_0_fraction': 0.75, 'regime_1_fraction': 0.25}
  Regime gates: {'mean': 0.503135085105896, 'std': 0.0028691366314888, 'min': 0.49625498056411743, 'max': 0.5055727362632751}
  Saved validation predictions to: experiments/07c_regime_attention_ablations/rolling_4heads/fold_2019/collapse_monitoring/val_predictions_epoch14.npy
  Gradient norms:
    lstm_encoder: 0.010561
    lstm_decoder: 0.009504
    output_layer: 0.448747
  Regime gate grads (epoch avg): tensor([[-0.0083, -0.0096, -0.0082, -0.0093],
        [ 0.0103,  0.0116,  0.0138,  0.0143]])
  VSN output std:
    encoder: 0.272912
  Attention entropy: 2.478190
  Regime attention gates: [[0.5039838552474976, 0.5039284825325012, 0.5052195191383362, 0.5055727362632751], [0.49915647506713867, 0.49625498056411743, 0.49888432025909424, 0.49975132942199707]]
  Saved to: experiments/07c_regime_attention_ablations/rolling_4heads/fold_2019/collapse_monitoring/collapse_monitor_latest.json
[DEBUG CollapseMonitor] on_validation_epoch_start called for epoch 15
[DEBUG CollapseMonitor] reset_temporal_state() called on loss function
Epoch 15: val_loss=0.9593281745910645
Epoch 15: train_loss=1.0202313661575317

[CollapseMonitor] Epoch 15
  [DEBUG] Processed 3 batches from val_dataloader
  [DEBUG] Predictions shape after concat: (40,)
  [DEBUG] All predictions list length: 3
  [DEBUG] First batch shape: (16,)
  Pred std: 0.005490, range: 0.019409, mean: 0.076970
  Pos: 100.0%, Neg: 0.0%, Unique: 40
  Dir Acc: 57.50%, Pred Sharpe: 222.5651
  Composite: 0.4528 (dist_match: 0.5750, actual_pos: 57.5%, pred_pos: 100.0%)
  Collapse penalty: 0.000000 (threshold: 0.005000)
  Regime distribution: {'regime_0_fraction': 0.75, 'regime_1_fraction': 0.25}
  Regime gates: {'mean': 0.5031225085258484, 'std': 0.003180941566824913, 'min': 0.49576011300086975, 'max': 0.5057555437088013}
  Saved validation predictions to: experiments/07c_regime_attention_ablations/rolling_4heads/fold_2019/collapse_monitoring/val_predictions_epoch15.npy
  Gradient norms:
    lstm_encoder: 0.010887
    lstm_decoder: 0.009980
    output_layer: 0.435605
  Regime gate grads (epoch avg): tensor([[-0.0204, -0.0132, -0.0228, -0.0193],
        [ 0.0157,  0.0121,  0.0183,  0.0161]])
  VSN output std:
    encoder: 0.273982
  Attention entropy: 2.478278
  Regime attention gates: [[0.5041872262954712, 0.5040673017501831, 0.5053988099098206, 0.5057555437088013], [0.4985637366771698, 0.49576011300086975, 0.4982623755931854, 0.49914708733558655]]
  Saved to: experiments/07c_regime_attention_ablations/rolling_4heads/fold_2019/collapse_monitoring/collapse_monitor_latest.json
[DEBUG CollapseMonitor] on_validation_epoch_start called for epoch 16
[DEBUG CollapseMonitor] reset_temporal_state() called on loss function
Epoch 16: val_loss=0.9552013278007507
Epoch 16: train_loss=1.022631287574768

[CollapseMonitor] Epoch 16
  [DEBUG] Processed 3 batches from val_dataloader
  [DEBUG] Predictions shape after concat: (40,)
  [DEBUG] All predictions list length: 3
  [DEBUG] First batch shape: (16,)
  Pred std: 0.005666, range: 0.019887, mean: 0.179590
  Pos: 100.0%, Neg: 0.0%, Unique: 40
  Dir Acc: 57.50%, Pred Sharpe: 503.1207
  Composite: 0.4528 (dist_match: 0.5750, actual_pos: 57.5%, pred_pos: 100.0%)
  Collapse penalty: 0.000000 (threshold: 0.005000)
  Regime distribution: {'regime_0_fraction': 0.75, 'regime_1_fraction': 0.25}
  Regime gates: {'mean': 0.5031740665435791, 'std': 0.0034007541835308075, 'min': 0.49550145864486694, 'max': 0.5059516429901123}
  Saved validation predictions to: experiments/07c_regime_attention_ablations/rolling_4heads/fold_2019/collapse_monitoring/val_predictions_epoch16.npy
  Gradient norms:
    lstm_encoder: 0.010267
    lstm_decoder: 0.008746
    output_layer: 0.403833
  Regime gate grads (epoch avg): tensor([[-0.0096, -0.0048, -0.0083, -0.0081],
        [ 0.0096,  0.0063,  0.0098,  0.0084]])
  VSN output std:
    encoder: 0.274193
  Attention entropy: 2.478294
  Regime attention gates: [[0.5043872594833374, 0.5042097568511963, 0.5055921077728271, 0.5059516429901123], [0.4981885254383087, 0.49550145864486694, 0.49788326025009155, 0.498789519071579]]
  Saved to: experiments/07c_regime_attention_ablations/rolling_4heads/fold_2019/collapse_monitoring/collapse_monitor_latest.json
[DEBUG CollapseMonitor] on_validation_epoch_start called for epoch 17
[DEBUG CollapseMonitor] reset_temporal_state() called on loss function
Epoch 17: val_loss=0.9488788843154907
Epoch 17: train_loss=1.017412543296814

[CollapseMonitor] Epoch 17
  [DEBUG] Processed 3 batches from val_dataloader
  [DEBUG] Predictions shape after concat: (40,)
  [DEBUG] All predictions list length: 3
  [DEBUG] First batch shape: (16,)
  Pred std: 0.006033, range: 0.021246, mean: 0.157911
  Pos: 100.0%, Neg: 0.0%, Unique: 40
  Dir Acc: 57.50%, Pred Sharpe: 415.5118
  Composite: 0.4528 (dist_match: 0.5750, actual_pos: 57.5%, pred_pos: 100.0%)
  Collapse penalty: 0.000000 (threshold: 0.005000)
  Regime distribution: {'regime_0_fraction': 0.75, 'regime_1_fraction': 0.25}
  Regime gates: {'mean': 0.5032298564910889, 'std': 0.0037141703069210052, 'min': 0.4950252175331116, 'max': 0.506176769733429}
  Saved validation predictions to: experiments/07c_regime_attention_ablations/rolling_4heads/fold_2019/collapse_monitoring/val_predictions_epoch17.npy
  Gradient norms:
    lstm_encoder: 0.010059
    lstm_decoder: 0.009625
    output_layer: 0.414873
  Regime gate grads (epoch avg): tensor([[-0.0196, -0.0247, -0.0275, -0.0258],
        [ 0.0090,  0.0095,  0.0120,  0.0102]])
  VSN output std:
    encoder: 0.274733
  Attention entropy: 2.478894
  Regime attention gates: [[0.5045793652534485, 0.5044341087341309, 0.5059030652046204, 0.506176769733429], [0.4977283477783203, 0.4950252175331116, 0.49735027551651, 0.49829375743865967]]
  Saved to: experiments/07c_regime_attention_ablations/rolling_4heads/fold_2019/collapse_monitoring/collapse_monitor_latest.json
[DEBUG CollapseMonitor] on_validation_epoch_start called for epoch 18
[DEBUG CollapseMonitor] reset_temporal_state() called on loss function
Epoch 18: val_loss=0.9441882371902466
Epoch 18: train_loss=1.0125964879989624

[CollapseMonitor] Epoch 18
  [DEBUG] Processed 3 batches from val_dataloader
  [DEBUG] Predictions shape after concat: (40,)
  [DEBUG] All predictions list length: 3
  [DEBUG] First batch shape: (16,)
  Pred std: 0.006636, range: 0.023231, mean: 0.262101
  Pos: 100.0%, Neg: 0.0%, Unique: 40
  Dir Acc: 57.50%, Pred Sharpe: 626.9629
  Composite: 0.4528 (dist_match: 0.5750, actual_pos: 57.5%, pred_pos: 100.0%)
  Collapse penalty: 0.000000 (threshold: 0.005000)
  Regime distribution: {'regime_0_fraction': 0.75, 'regime_1_fraction': 0.25}
  Regime gates: {'mean': 0.5034432411193848, 'std': 0.00403999350965023, 'min': 0.4946872293949127, 'max': 0.5065553784370422}
  Saved validation predictions to: experiments/07c_regime_attention_ablations/rolling_4heads/fold_2019/collapse_monitoring/val_predictions_epoch18.npy
  Gradient norms:
    lstm_encoder: 0.010596
    lstm_decoder: 0.009641
    output_layer: 0.397410
  Regime gate grads (epoch avg): tensor([[-0.0255, -0.0151, -0.0157, -0.0132],
        [ 0.0150,  0.0118,  0.0164,  0.0146]])
  VSN output std:
    encoder: 0.274609
  Attention entropy: 2.479364
  Regime attention gates: [[0.505048930644989, 0.5048166513442993, 0.5062975287437439, 0.5065553784370422], [0.49735286831855774, 0.4946872293949127, 0.4969712197780609, 0.49792546033859253]]
  Saved to: experiments/07c_regime_attention_ablations/rolling_4heads/fold_2019/collapse_monitoring/collapse_monitor_latest.json
[DEBUG CollapseMonitor] on_validation_epoch_start called for epoch 19
[DEBUG CollapseMonitor] reset_temporal_state() called on loss function
Epoch 19: val_loss=0.9399641156196594
Epoch 19: train_loss=1.0070130825042725

[CollapseMonitor] Epoch 19
  [DEBUG] Processed 3 batches from val_dataloader
  [DEBUG] Predictions shape after concat: (40,)
  [DEBUG] All predictions list length: 3
  [DEBUG] First batch shape: (16,)
  Pred std: 0.006461, range: 0.022894, mean: 0.189854
  Pos: 100.0%, Neg: 0.0%, Unique: 40
  Dir Acc: 57.50%, Pred Sharpe: 466.4665
  Composite: 0.4528 (dist_match: 0.5750, actual_pos: 57.5%, pred_pos: 100.0%)
  Collapse penalty: 0.000000 (threshold: 0.005000)
  Regime distribution: {'regime_0_fraction': 0.75, 'regime_1_fraction': 0.25}
  Regime gates: {'mean': 0.5034483075141907, 'std': 0.004311638418585062, 'min': 0.4943104088306427, 'max': 0.506694495677948}
  Saved validation predictions to: experiments/07c_regime_attention_ablations/rolling_4heads/fold_2019/collapse_monitoring/val_predictions_epoch19.npy
  Gradient norms:
    lstm_encoder: 0.010221
    lstm_decoder: 0.009229
    output_layer: 0.401548
  Regime gate grads (epoch avg): tensor([[-0.0180, -0.0230, -0.0176, -0.0182],
        [ 0.0124,  0.0093,  0.0124,  0.0113]])
  VSN output std:
    encoder: 0.275021
  Attention entropy: 2.479073
  Regime attention gates: [[0.5052619576454163, 0.5050004124641418, 0.506432831287384, 0.506694495677948], [0.4968037009239197, 0.4943104088306427, 0.49646028876304626, 0.4974289536476135]]
  Saved to: experiments/07c_regime_attention_ablations/rolling_4heads/fold_2019/collapse_monitoring/collapse_monitor_latest.json
[DEBUG CollapseMonitor] on_validation_epoch_start called for epoch 20
[DEBUG CollapseMonitor] reset_temporal_state() called on loss function
Epoch 20: val_loss=0.9336808919906616
Epoch 20: train_loss=1.0022733211517334

[CollapseMonitor] Epoch 20
  [DEBUG] Processed 3 batches from val_dataloader
  [DEBUG] Predictions shape after concat: (40,)
  [DEBUG] All predictions list length: 3
  [DEBUG] First batch shape: (16,)
  Pred std: 0.006735, range: 0.023695, mean: 0.159834
  Pos: 100.0%, Neg: 0.0%, Unique: 40
  Dir Acc: 57.50%, Pred Sharpe: 376.7198
  Composite: 0.4528 (dist_match: 0.5750, actual_pos: 57.5%, pred_pos: 100.0%)
  Collapse penalty: 0.000000 (threshold: 0.005000)
  Regime distribution: {'regime_0_fraction': 0.75, 'regime_1_fraction': 0.25}
  Regime gates: {'mean': 0.503562331199646, 'std': 0.004670197144150734, 'min': 0.49388936161994934, 'max': 0.5069795250892639}
  Saved validation predictions to: experiments/07c_regime_attention_ablations/rolling_4heads/fold_2019/collapse_monitoring/val_predictions_epoch20.npy
  Gradient norms:
    lstm_encoder: 0.010564
    lstm_decoder: 0.009726
    output_layer: 0.388152
  Regime gate grads (epoch avg): tensor([[-0.0270, -0.0301, -0.0276, -0.0238],
        [ 0.0151,  0.0125,  0.0199,  0.0141]])
  VSN output std:
    encoder: 0.274548
  Attention entropy: 2.479602
  Regime attention gates: [[0.5055903196334839, 0.5053821802139282, 0.5067383050918579, 0.5069795250892639], [0.4962468147277832, 0.49388936161994934, 0.4958178400993347, 0.49697139859199524]]
  Saved to: experiments/07c_regime_attention_ablations/rolling_4heads/fold_2019/collapse_monitoring/collapse_monitor_latest.json
[DEBUG CollapseMonitor] on_validation_epoch_start called for epoch 21
[DEBUG CollapseMonitor] reset_temporal_state() called on loss function
Epoch 21: val_loss=0.9298263788223267
Epoch 21: train_loss=1.023661494255066

[CollapseMonitor] Epoch 21
  [DEBUG] Processed 3 batches from val_dataloader
  [DEBUG] Predictions shape after concat: (40,)
  [DEBUG] All predictions list length: 3
  [DEBUG] First batch shape: (16,)
  Pred std: 0.007116, range: 0.024882, mean: 0.146839
  Pos: 100.0%, Neg: 0.0%, Unique: 40
  Dir Acc: 57.50%, Pred Sharpe: 327.5528
  Composite: 0.4528 (dist_match: 0.5750, actual_pos: 57.5%, pred_pos: 100.0%)
  Collapse penalty: 0.000000 (threshold: 0.005000)
  Regime distribution: {'regime_0_fraction': 0.75, 'regime_1_fraction': 0.25}
  Regime gates: {'mean': 0.5037144422531128, 'std': 0.0050131878815591335, 'min': 0.49345913529396057, 'max': 0.5073261260986328}
  Saved validation predictions to: experiments/07c_regime_attention_ablations/rolling_4heads/fold_2019/collapse_monitoring/val_predictions_epoch21.npy
  Gradient norms:
    lstm_encoder: 0.010839
    lstm_decoder: 0.010053
    output_layer: 0.406883
  Regime gate grads (epoch avg): tensor([[-0.0159, -0.0142, -0.0136, -0.0179],
        [ 0.0093,  0.0103,  0.0118,  0.0097]])
  VSN output std:
    encoder: 0.274393
  Attention entropy: 2.479903
  Regime attention gates: [[0.5059122443199158, 0.5057592988014221, 0.5070924162864685, 0.5073261260986328], [0.49582329392433167, 0.49345913529396057, 0.49531060457229614, 0.49656736850738525]]
  Saved to: experiments/07c_regime_attention_ablations/rolling_4heads/fold_2019/collapse_monitoring/collapse_monitor_latest.json
[DEBUG CollapseMonitor] on_validation_epoch_start called for epoch 22
[DEBUG CollapseMonitor] reset_temporal_state() called on loss function
Epoch 22: val_loss=0.9278354644775391
Epoch 22: train_loss=1.0080368518829346

[CollapseMonitor] Epoch 22
  [DEBUG] Processed 3 batches from val_dataloader
  [DEBUG] Predictions shape after concat: (40,)
  [DEBUG] All predictions list length: 3
  [DEBUG] First batch shape: (16,)
  Pred std: 0.007450, range: 0.026152, mean: 0.226074
  Pos: 100.0%, Neg: 0.0%, Unique: 40
  Dir Acc: 57.50%, Pred Sharpe: 481.6893
  Composite: 0.4528 (dist_match: 0.5750, actual_pos: 57.5%, pred_pos: 100.0%)
  Collapse penalty: 0.000000 (threshold: 0.005000)
  Regime distribution: {'regime_0_fraction': 0.75, 'regime_1_fraction': 0.25}
  Regime gates: {'mean': 0.5038788318634033, 'std': 0.0054397895000875, 'min': 0.4930044114589691, 'max': 0.5077627301216125}
  Saved validation predictions to: experiments/07c_regime_attention_ablations/rolling_4heads/fold_2019/collapse_monitoring/val_predictions_epoch22.npy
  Gradient norms:
    lstm_encoder: 0.010621
    lstm_decoder: 0.009949
    output_layer: 0.400262
  Regime gate grads (epoch avg): tensor([[-0.0388, -0.0257, -0.0307, -0.0305],
        [ 0.0194,  0.0116,  0.0219,  0.0165]])
  VSN output std:
    encoder: 0.274349
  Attention entropy: 2.480077
  Regime attention gates: [[0.5064020156860352, 0.5061079859733582, 0.5074626207351685, 0.5077627301216125], [0.4951944649219513, 0.4930044114589691, 0.4946329593658447, 0.49602293968200684]]
  Saved to: experiments/07c_regime_attention_ablations/rolling_4heads/fold_2019/collapse_monitoring/collapse_monitor_latest.json
[DEBUG CollapseMonitor] on_validation_epoch_start called for epoch 23
[DEBUG CollapseMonitor] reset_temporal_state() called on loss function
Epoch 23: val_loss=0.9272418022155762
Epoch 23: train_loss=1.0076628923416138

[CollapseMonitor] Epoch 23
  [DEBUG] Processed 3 batches from val_dataloader
  [DEBUG] Predictions shape after concat: (40,)
  [DEBUG] All predictions list length: 3
  [DEBUG] First batch shape: (16,)
  Pred std: 0.007395, range: 0.026110, mean: 0.208333
  Pos: 100.0%, Neg: 0.0%, Unique: 39
  Dir Acc: 57.50%, Pred Sharpe: 447.2195
  Composite: 0.4528 (dist_match: 0.5750, actual_pos: 57.5%, pred_pos: 100.0%)
  Collapse penalty: 0.000000 (threshold: 0.005000)
  Regime distribution: {'regime_0_fraction': 0.75, 'regime_1_fraction': 0.25}
  Regime gates: {'mean': 0.5040503144264221, 'std': 0.005807014182209969, 'min': 0.4927093982696533, 'max': 0.508150041103363}
  Saved validation predictions to: experiments/07c_regime_attention_ablations/rolling_4heads/fold_2019/collapse_monitoring/val_predictions_epoch23.npy
  Gradient norms:
    lstm_encoder: 0.011905
    lstm_decoder: 0.010945
    output_layer: 0.470937
  Regime gate grads (epoch avg): tensor([[-0.0437, -0.0417, -0.0441, -0.0440],
        [ 0.0097,  0.0046,  0.0122,  0.0110]])
  VSN output std:
    encoder: 0.274307
  Attention entropy: 2.480179
  Regime attention gates: [[0.5068245530128479, 0.506463885307312, 0.507835865020752, 0.508150041103363], [0.4946778118610382, 0.4927093982696533, 0.49409061670303345, 0.4955037534236908]]
  Saved to: experiments/07c_regime_attention_ablations/rolling_4heads/fold_2019/collapse_monitoring/collapse_monitor_latest.json
[DEBUG CollapseMonitor] on_validation_epoch_start called for epoch 24
[DEBUG CollapseMonitor] reset_temporal_state() called on loss function
Epoch 24: val_loss=0.9282665252685547
Epoch 24: train_loss=0.998972475528717

[CollapseMonitor] Epoch 24
  [DEBUG] Processed 3 batches from val_dataloader
  [DEBUG] Predictions shape after concat: (40,)
  [DEBUG] All predictions list length: 3
  [DEBUG] First batch shape: (16,)
  Pred std: 0.007848, range: 0.027963, mean: 0.273084
  Pos: 100.0%, Neg: 0.0%, Unique: 40
  Dir Acc: 57.50%, Pred Sharpe: 552.3630
  Composite: 0.4528 (dist_match: 0.5750, actual_pos: 57.5%, pred_pos: 100.0%)
  Collapse penalty: 0.000000 (threshold: 0.005000)
  Regime distribution: {'regime_0_fraction': 0.75, 'regime_1_fraction': 0.25}
  Regime gates: {'mean': 0.5044400691986084, 'std': 0.006287170574069023, 'min': 0.4923911988735199, 'max': 0.5088016390800476}
  Saved validation predictions to: experiments/07c_regime_attention_ablations/rolling_4heads/fold_2019/collapse_monitoring/val_predictions_epoch24.npy
  Gradient norms:
    lstm_encoder: 0.011274
    lstm_decoder: 0.010221
    output_layer: 0.425953
  Regime gate grads (epoch avg): tensor([[-0.0169, -0.0160, -0.0158, -0.0126],
        [ 0.0218,  0.0161,  0.0280,  0.0216]])
  VSN output std:
    encoder: 0.274700
  Attention entropy: 2.480009
  Regime attention gates: [[0.5075194239616394, 0.5071093440055847, 0.5085079669952393, 0.5088016390800476], [0.4942116439342499, 0.4923911988735199, 0.49354657530784607, 0.49507585167884827]]
  Saved to: experiments/07c_regime_attention_ablations/rolling_4heads/fold_2019/collapse_monitoring/collapse_monitor_latest.json
[DEBUG CollapseMonitor] on_validation_epoch_start called for epoch 25
[DEBUG CollapseMonitor] reset_temporal_state() called on loss function
Epoch 25: val_loss=0.9261821508407593
Epoch 25: train_loss=0.9866211414337158

[CollapseMonitor] Epoch 25
  [DEBUG] Processed 3 batches from val_dataloader
  [DEBUG] Predictions shape after concat: (40,)
  [DEBUG] All predictions list length: 3
  [DEBUG] First batch shape: (16,)
  Pred std: 0.007549, range: 0.027197, mean: 0.179098
  Pos: 100.0%, Neg: 0.0%, Unique: 40
  Dir Acc: 57.50%, Pred Sharpe: 376.6408
  Composite: 0.4528 (dist_match: 0.5750, actual_pos: 57.5%, pred_pos: 100.0%)
  Collapse penalty: 0.000000 (threshold: 0.005000)
  Regime distribution: {'regime_0_fraction': 0.75, 'regime_1_fraction': 0.25}
  Regime gates: {'mean': 0.5045051574707031, 'std': 0.006674888078123331, 'min': 0.4919693171977997, 'max': 0.5090823173522949}
  Saved validation predictions to: experiments/07c_regime_attention_ablations/rolling_4heads/fold_2019/collapse_monitoring/val_predictions_epoch25.npy
  Gradient norms:
    lstm_encoder: 0.010256
    lstm_decoder: 0.009061
    output_layer: 0.376723
  Regime gate grads (epoch avg): tensor([[-0.0231, -0.0233, -0.0135, -0.0237],
        [ 0.0196,  0.0113,  0.0224,  0.0188]])
  VSN output std:
    encoder: 0.275029
  Attention entropy: 2.480584
  Regime attention gates: [[0.5078364610671997, 0.5074365139007568, 0.5087429285049438, 0.5090823173522949], [0.493539035320282, 0.4919693171977997, 0.492840975522995, 0.49443885684013367]]
  Saved to: experiments/07c_regime_attention_ablations/rolling_4heads/fold_2019/collapse_monitoring/collapse_monitor_latest.json
[DEBUG CollapseMonitor] on_validation_epoch_start called for epoch 26
[DEBUG CollapseMonitor] reset_temporal_state() called on loss function
Epoch 26: val_loss=0.9257782697677612
Epoch 26: train_loss=1.0070748329162598

[CollapseMonitor] Epoch 26
  [DEBUG] Processed 3 batches from val_dataloader
  [DEBUG] Predictions shape after concat: (40,)
  [DEBUG] All predictions list length: 3
  [DEBUG] First batch shape: (16,)
  Pred std: 0.007642, range: 0.027976, mean: 0.206220
  Pos: 100.0%, Neg: 0.0%, Unique: 40
  Dir Acc: 57.50%, Pred Sharpe: 428.3504
  Composite: 0.4528 (dist_match: 0.5750, actual_pos: 57.5%, pred_pos: 100.0%)
  Collapse penalty: 0.000000 (threshold: 0.005000)
  Regime distribution: {'regime_0_fraction': 0.75, 'regime_1_fraction': 0.25}
  Regime gates: {'mean': 0.5047258734703064, 'std': 0.007185256574302912, 'min': 0.4915907680988312, 'max': 0.5096357464790344}
  Saved validation predictions to: experiments/07c_regime_attention_ablations/rolling_4heads/fold_2019/collapse_monitoring/val_predictions_epoch26.npy
  Gradient norms:
    lstm_encoder: 0.012135
    lstm_decoder: 0.010719
    output_layer: 0.432713
  Regime gate grads (epoch avg): tensor([[-0.0360, -0.0236, -0.0290, -0.0291],
        [ 0.0226,  0.0114,  0.0286,  0.0183]])
  VSN output std:
    encoder: 0.275280
  Attention entropy: 2.481060
  Regime attention gates: [[0.5084310173988342, 0.5079048871994019, 0.5091816782951355, 0.5096357464790344], [0.4927772283554077, 0.4915907680988312, 0.49202412366867065, 0.49376189708709717]]
  Saved to: experiments/07c_regime_attention_ablations/rolling_4heads/fold_2019/collapse_monitoring/collapse_monitor_latest.json
[DEBUG CollapseMonitor] on_validation_epoch_start called for epoch 27
[DEBUG CollapseMonitor] reset_temporal_state() called on loss function
Epoch 27: val_loss=0.9263557195663452
Epoch 27: train_loss=0.9944362044334412

[CollapseMonitor] Epoch 27
  [DEBUG] Processed 3 batches from val_dataloader
  [DEBUG] Predictions shape after concat: (40,)
  [DEBUG] All predictions list length: 3
  [DEBUG] First batch shape: (16,)
  Pred std: 0.007894, range: 0.029195, mean: 0.153332
  Pos: 100.0%, Neg: 0.0%, Unique: 40
  Dir Acc: 57.50%, Pred Sharpe: 308.3461
  Composite: 0.4528 (dist_match: 0.5750, actual_pos: 57.5%, pred_pos: 100.0%)
  Collapse penalty: 0.000000 (threshold: 0.005000)
  Regime distribution: {'regime_0_fraction': 0.75, 'regime_1_fraction': 0.25}
  Regime gates: {'mean': 0.5049882531166077, 'std': 0.007685395423322916, 'min': 0.49117621779441833, 'max': 0.5102172493934631}
  Saved validation predictions to: experiments/07c_regime_attention_ablations/rolling_4heads/fold_2019/collapse_monitoring/val_predictions_epoch27.npy
  Gradient norms:
    lstm_encoder: 0.011388
    lstm_decoder: 0.009870
    output_layer: 0.397124
  Regime gate grads (epoch avg): tensor([[-0.0581, -0.0524, -0.0531, -0.0603],
        [ 0.0172,  0.0104,  0.0186,  0.0145]])
  VSN output std:
    encoder: 0.274284
  Attention entropy: 2.481126
  Regime attention gates: [[0.5090305805206299, 0.5084243416786194, 0.509673535823822, 0.5102172493934631], [0.49209368228912354, 0.49117621779441833, 0.49131670594215393, 0.49318835139274597]]
  Saved to: experiments/07c_regime_attention_ablations/rolling_4heads/fold_2019/collapse_monitoring/collapse_monitor_latest.json
[DEBUG CollapseMonitor] on_validation_epoch_start called for epoch 28
[DEBUG CollapseMonitor] reset_temporal_state() called on loss function
Epoch 28: val_loss=0.925071120262146
Epoch 28: train_loss=0.9879994988441467

[CollapseMonitor] Epoch 28
  [DEBUG] Processed 3 batches from val_dataloader
  [DEBUG] Predictions shape after concat: (40,)
  [DEBUG] All predictions list length: 3
  [DEBUG] First batch shape: (16,)
  Pred std: 0.008436, range: 0.031651, mean: 0.185720
  Pos: 100.0%, Neg: 0.0%, Unique: 40
  Dir Acc: 57.50%, Pred Sharpe: 349.4703
  Composite: 0.4528 (dist_match: 0.5750, actual_pos: 57.5%, pred_pos: 100.0%)
  Collapse penalty: 0.000000 (threshold: 0.005000)
  Regime distribution: {'regime_0_fraction': 0.75, 'regime_1_fraction': 0.25}
  Regime gates: {'mean': 0.5055341720581055, 'std': 0.00831093080341816, 'min': 0.49074721336364746, 'max': 0.5111951231956482}
  Saved validation predictions to: experiments/07c_regime_attention_ablations/rolling_4heads/fold_2019/collapse_monitoring/val_predictions_epoch28.npy
  Gradient norms:
    lstm_encoder: 0.012626
    lstm_decoder: 0.010951
    output_layer: 0.410235
  Regime gate grads (epoch avg): tensor([[-0.0651, -0.0665, -0.0777, -0.0784],
        [ 0.0144,  0.0035,  0.0113,  0.0144]])
  VSN output std:
    encoder: 0.273697
  Attention entropy: 2.481264
  Regime attention gates: [[0.5098780989646912, 0.5093019604682922, 0.51058030128479, 0.5111951231956482], [0.49145108461380005, 0.4909076392650604, 0.49074721336364746, 0.49257439374923706]]
  Saved to: experiments/07c_regime_attention_ablations/rolling_4heads/fold_2019/collapse_monitoring/collapse_monitor_latest.json
[DEBUG CollapseMonitor] on_validation_epoch_start called for epoch 29
[DEBUG CollapseMonitor] reset_temporal_state() called on loss function
Epoch 29: val_loss=0.9243720769882202
Epoch 29: train_loss=0.9985970258712769

[CollapseMonitor] Epoch 29
  [DEBUG] Processed 3 batches from val_dataloader
  [DEBUG] Predictions shape after concat: (40,)
  [DEBUG] All predictions list length: 3
  [DEBUG] First batch shape: (16,)
  Pred std: 0.008851, range: 0.033598, mean: 0.168341
  Pos: 100.0%, Neg: 0.0%, Unique: 40
  Dir Acc: 57.50%, Pred Sharpe: 301.9300
  Composite: 0.4528 (dist_match: 0.5750, actual_pos: 57.5%, pred_pos: 100.0%)
  Collapse penalty: 0.000000 (threshold: 0.005000)
  Regime distribution: {'regime_0_fraction': 0.75, 'regime_1_fraction': 0.25}
  Regime gates: {'mean': 0.5057012438774109, 'std': 0.008671259507536888, 'min': 0.4902774393558502, 'max': 0.5115957260131836}
  Saved validation predictions to: experiments/07c_regime_attention_ablations/rolling_4heads/fold_2019/collapse_monitoring/val_predictions_epoch29.npy
  Gradient norms:
    lstm_encoder: 0.012398
    lstm_decoder: 0.010948
    output_layer: 0.445879
  Regime gate grads (epoch avg): tensor([[-0.0283, -0.0261, -0.0204, -0.0292],
        [ 0.0137,  0.0048,  0.0153,  0.0126]])
  VSN output std:
    encoder: 0.273297
  Attention entropy: 2.481435
  Regime attention gates: [[0.5102483630180359, 0.5096560716629028, 0.5109458565711975, 0.5115957260131836], [0.49091240763664246, 0.4906329810619354, 0.4902774393558502, 0.4920593500137329]]
  Saved to: experiments/07c_regime_attention_ablations/rolling_4heads/fold_2019/collapse_monitoring/collapse_monitor_latest.json
[DEBUG CollapseMonitor] on_validation_epoch_start called for epoch 30
[DEBUG CollapseMonitor] reset_temporal_state() called on loss function
Epoch 30: val_loss=0.9240288734436035
Epoch 30: train_loss=0.9975026845932007

[CollapseMonitor] Epoch 30
  [DEBUG] Processed 3 batches from val_dataloader
  [DEBUG] Predictions shape after concat: (40,)
  [DEBUG] All predictions list length: 3
  [DEBUG] First batch shape: (16,)
  Pred std: 0.009178, range: 0.035300, mean: 0.267954
  Pos: 100.0%, Neg: 0.0%, Unique: 40
  Dir Acc: 57.50%, Pred Sharpe: 463.4744
  Composite: 0.4528 (dist_match: 0.5750, actual_pos: 57.5%, pred_pos: 100.0%)
  Collapse penalty: 0.000000 (threshold: 0.005000)
  Regime distribution: {'regime_0_fraction': 0.75, 'regime_1_fraction': 0.25}
  Regime gates: {'mean': 0.5060316920280457, 'std': 0.009005031548440456, 'min': 0.4899969696998596, 'max': 0.5121033787727356}
  Saved validation predictions to: experiments/07c_regime_attention_ablations/rolling_4heads/fold_2019/collapse_monitoring/val_predictions_epoch30.npy
  Gradient norms:
    lstm_encoder: 0.011599
    lstm_decoder: 0.009750
    output_layer: 0.419582
  Regime gate grads (epoch avg): tensor([[-0.0404, -0.0370, -0.0377, -0.0328],
        [ 0.0123,  0.0056,  0.0144,  0.0155]])
  VSN output std:
    encoder: 0.272986
  Attention entropy: 2.481817
  Regime attention gates: [[0.5108165144920349, 0.5101706385612488, 0.5114413499832153, 0.5121033787727356], [0.4906134009361267, 0.4905560314655304, 0.4899969696998596, 0.4917449951171875]]
  Saved to: experiments/07c_regime_attention_ablations/rolling_4heads/fold_2019/collapse_monitoring/collapse_monitor_latest.json
[DEBUG CollapseMonitor] on_validation_epoch_start called for epoch 31
[DEBUG CollapseMonitor] reset_temporal_state() called on loss function
Epoch 31: val_loss=0.9241819381713867
Epoch 31: train_loss=0.9515939950942993

[CollapseMonitor] Epoch 31
  [DEBUG] Processed 3 batches from val_dataloader
  [DEBUG] Predictions shape after concat: (40,)
  [DEBUG] All predictions list length: 3
  [DEBUG] First batch shape: (16,)
  Pred std: 0.009224, range: 0.035981, mean: 0.288754
  Pos: 100.0%, Neg: 0.0%, Unique: 40
  Dir Acc: 57.50%, Pred Sharpe: 496.9538
  Composite: 0.4528 (dist_match: 0.5750, actual_pos: 57.5%, pred_pos: 100.0%)
  Collapse penalty: 0.000000 (threshold: 0.005000)
  Regime distribution: {'regime_0_fraction': 0.75, 'regime_1_fraction': 0.25}
  Regime gates: {'mean': 0.5062867403030396, 'std': 0.009358931332826614, 'min': 0.4896041452884674, 'max': 0.5125296115875244}
  Saved validation predictions to: experiments/07c_regime_attention_ablations/rolling_4heads/fold_2019/collapse_monitoring/val_predictions_epoch31.npy
  Gradient norms:
    lstm_encoder: 0.012834
    lstm_decoder: 0.010859
    output_layer: 0.391129
  Regime gate grads (epoch avg): tensor([[-0.0259, -0.0257, -0.0365, -0.0277],
        [ 0.0157,  0.0095,  0.0211,  0.0163]])
  VSN output std:
    encoder: 0.272756
  Attention entropy: 2.482039
  Regime attention gates: [[0.5113023519515991, 0.5105808973312378, 0.5119459629058838, 0.5125296115875244], [0.49026036262512207, 0.4903300106525421, 0.4896041452884674, 0.49131762981414795]]
  Saved to: experiments/07c_regime_attention_ablations/rolling_4heads/fold_2019/collapse_monitoring/collapse_monitor_latest.json
[DEBUG CollapseMonitor] on_validation_epoch_start called for epoch 32
[DEBUG CollapseMonitor] reset_temporal_state() called on loss function
Epoch 32: val_loss=0.9233420491218567
Epoch 32: train_loss=0.9820442795753479

[CollapseMonitor] Epoch 32
  [DEBUG] Processed 3 batches from val_dataloader
  [DEBUG] Predictions shape after concat: (40,)
  [DEBUG] All predictions list length: 3
  [DEBUG] First batch shape: (16,)
  Pred std: 0.009302, range: 0.038024, mean: 0.243646
  Pos: 100.0%, Neg: 0.0%, Unique: 40
  Dir Acc: 57.50%, Pred Sharpe: 415.8026
  Composite: 0.4528 (dist_match: 0.5750, actual_pos: 57.5%, pred_pos: 100.0%)
  Collapse penalty: 0.000000 (threshold: 0.005000)
  Regime distribution: {'regime_0_fraction': 0.75, 'regime_1_fraction': 0.25}
  Regime gates: {'mean': 0.5065556764602661, 'std': 0.009750699624419212, 'min': 0.4890681207180023, 'max': 0.5129706859588623}
  Saved validation predictions to: experiments/07c_regime_attention_ablations/rolling_4heads/fold_2019/collapse_monitoring/val_predictions_epoch32.npy
  Gradient norms:
    lstm_encoder: 0.012935
    lstm_decoder: 0.010641
    output_layer: 0.386869
  Regime gate grads (epoch avg): tensor([[-0.0480, -0.0405, -0.0371, -0.0371],
        [ 0.0102,  0.0008,  0.0142,  0.0115]])
  VSN output std:
    encoder: 0.272590
  Attention entropy: 2.482386
  Regime attention gates: [[0.5118513703346252, 0.5110532641410828, 0.5124529004096985, 0.5129706859588623], [0.48982101678848267, 0.49019655585289, 0.4890681207180023, 0.4908207058906555]]
  Saved to: experiments/07c_regime_attention_ablations/rolling_4heads/fold_2019/collapse_monitoring/collapse_monitor_latest.json
[DEBUG CollapseMonitor] on_validation_epoch_start called for epoch 33
[DEBUG CollapseMonitor] reset_temporal_state() called on loss function
Epoch 33: val_loss=0.9243783950805664
Epoch 33: train_loss=0.991605281829834

[CollapseMonitor] Epoch 33
  [DEBUG] Processed 3 batches from val_dataloader
  [DEBUG] Predictions shape after concat: (40,)
  [DEBUG] All predictions list length: 3
  [DEBUG] First batch shape: (16,)
  Pred std: 0.009850, range: 0.041160, mean: 0.309270
  Pos: 100.0%, Neg: 0.0%, Unique: 40
  Dir Acc: 57.50%, Pred Sharpe: 498.4299
  Composite: 0.4528 (dist_match: 0.5750, actual_pos: 57.5%, pred_pos: 100.0%)
  Collapse penalty: 0.000000 (threshold: 0.005000)
  Regime distribution: {'regime_0_fraction': 0.75, 'regime_1_fraction': 0.25}
  Regime gates: {'mean': 0.5070847272872925, 'std': 0.010173480957746506, 'min': 0.48875150084495544, 'max': 0.5137807130813599}
  Saved validation predictions to: experiments/07c_regime_attention_ablations/rolling_4heads/fold_2019/collapse_monitoring/val_predictions_epoch33.npy
  Gradient norms:
    lstm_encoder: 0.014325
    lstm_decoder: 0.011219
    output_layer: 0.418757
  Regime gate grads (epoch avg): tensor([[-0.0946, -0.0971, -0.0865, -0.1058],
        [ 0.0079, -0.0043,  0.0120,  0.0070]])
  VSN output std:
    encoder: 0.271362
  Attention entropy: 2.482585
  Regime attention gates: [[0.5126637816429138, 0.5118260979652405, 0.5131356120109558, 0.5137807130813599], [0.48961859941482544, 0.4902040958404541, 0.48875150084495544, 0.4905634820461273]]
  Saved to: experiments/07c_regime_attention_ablations/rolling_4heads/fold_2019/collapse_monitoring/collapse_monitor_latest.json
[DEBUG CollapseMonitor] on_validation_epoch_start called for epoch 34
[DEBUG CollapseMonitor] reset_temporal_state() called on loss function
Epoch 34: val_loss=0.9253585934638977
Epoch 34: train_loss=0.9723323583602905

[CollapseMonitor] Epoch 34
  [DEBUG] Processed 3 batches from val_dataloader
  [DEBUG] Predictions shape after concat: (40,)
  [DEBUG] All predictions list length: 3
  [DEBUG] First batch shape: (16,)
  Pred std: 0.009019, range: 0.038598, mean: 0.353738
  Pos: 100.0%, Neg: 0.0%, Unique: 40
  Dir Acc: 57.50%, Pred Sharpe: 622.6115
  Composite: 0.4528 (dist_match: 0.5750, actual_pos: 57.5%, pred_pos: 100.0%)
  Collapse penalty: 0.000000 (threshold: 0.005000)
  Regime distribution: {'regime_0_fraction': 0.75, 'regime_1_fraction': 0.25}
  Regime gates: {'mean': 0.5075819492340088, 'std': 0.01072166208177805, 'min': 0.4882018268108368, 'max': 0.5146608352661133}
  Saved validation predictions to: experiments/07c_regime_attention_ablations/rolling_4heads/fold_2019/collapse_monitoring/val_predictions_epoch34.npy
  Gradient norms:
    lstm_encoder: 0.014417
    lstm_decoder: 0.011777
    output_layer: 0.421363
  Regime gate grads (epoch avg): tensor([[-0.1318, -0.0889, -0.1272, -0.1306],
        [ 0.0185,  0.0048,  0.0231,  0.0164]])
  VSN output std:
    encoder: 0.270336
  Attention entropy: 2.482963
  Regime attention gates: [[0.5135179758071899, 0.5124965310096741, 0.5139563679695129, 0.5146608352661133], [0.4891135096549988, 0.490013986825943, 0.4882018268108368, 0.4900866448879242]]
  Saved to: experiments/07c_regime_attention_ablations/rolling_4heads/fold_2019/collapse_monitoring/collapse_monitor_latest.json
[DEBUG CollapseMonitor] on_validation_epoch_start called for epoch 35
[DEBUG CollapseMonitor] reset_temporal_state() called on loss function
Epoch 35: val_loss=0.9263542890548706
Epoch 35: train_loss=0.9560102224349976

[CollapseMonitor] Epoch 35
  [DEBUG] Processed 3 batches from val_dataloader
  [DEBUG] Predictions shape after concat: (40,)
  [DEBUG] All predictions list length: 3
  [DEBUG] First batch shape: (16,)
  Pred std: 0.008761, range: 0.038040, mean: 0.329675
  Pos: 100.0%, Neg: 0.0%, Unique: 40
  Dir Acc: 57.50%, Pred Sharpe: 597.3269
  Composite: 0.4528 (dist_match: 0.5750, actual_pos: 57.5%, pred_pos: 100.0%)
  Collapse penalty: 0.000000 (threshold: 0.005000)
  Regime distribution: {'regime_0_fraction': 0.75, 'regime_1_fraction': 0.25}
  Regime gates: {'mean': 0.5080642700195312, 'std': 0.011101536452770233, 'min': 0.48794686794281006, 'max': 0.51536625623703}
  Saved validation predictions to: experiments/07c_regime_attention_ablations/rolling_4heads/fold_2019/collapse_monitoring/val_predictions_epoch35.npy
  Gradient norms:
    lstm_encoder: 0.015663
    lstm_decoder: 0.011142
    output_layer: 0.419241
  Regime gate grads (epoch avg): tensor([[-0.0871, -0.0807, -0.0777, -0.0811],
        [ 0.0093,  0.0014,  0.0148,  0.0157]])
  VSN output std:
    encoder: 0.269446
  Attention entropy: 2.482940
  Regime attention gates: [[0.5142267346382141, 0.5132120251655579, 0.5146198272705078, 0.51536625623703], [0.4889368414878845, 0.4900745451450348, 0.48794686794281006, 0.4897948205471039]]
  Saved to: experiments/07c_regime_attention_ablations/rolling_4heads/fold_2019/collapse_monitoring/collapse_monitor_latest.json
[DEBUG CollapseMonitor] on_validation_epoch_start called for epoch 36
[DEBUG CollapseMonitor] reset_temporal_state() called on loss function
Epoch 36: val_loss=0.9277217984199524
Epoch 36: train_loss=0.9885649681091309

[CollapseMonitor] Epoch 36
  [DEBUG] Processed 3 batches from val_dataloader
  [DEBUG] Predictions shape after concat: (40,)
  [DEBUG] All predictions list length: 3
  [DEBUG] First batch shape: (16,)
  Pred std: 0.008447, range: 0.037361, mean: 0.372107
  Pos: 100.0%, Neg: 0.0%, Unique: 40
  Dir Acc: 57.50%, Pred Sharpe: 699.3421
  Composite: 0.4528 (dist_match: 0.5750, actual_pos: 57.5%, pred_pos: 100.0%)
  Collapse penalty: 0.000000 (threshold: 0.005000)
  Regime distribution: {'regime_0_fraction': 0.75, 'regime_1_fraction': 0.25}
  Regime gates: {'mean': 0.5086937546730042, 'std': 0.011561296880245209, 'min': 0.48761212825775146, 'max': 0.5162234306335449}
  Saved validation predictions to: experiments/07c_regime_attention_ablations/rolling_4heads/fold_2019/collapse_monitoring/val_predictions_epoch36.npy
  Gradient norms:
    lstm_encoder: 0.014946
    lstm_decoder: 0.011397
    output_layer: 0.380112
  Regime gate grads (epoch avg): tensor([[-0.1224, -0.1143, -0.1132, -0.1040],
        [ 0.0132, -0.0003,  0.0244,  0.0146]])
  VSN output std:
    encoder: 0.268256
  Attention entropy: 2.482776
  Regime attention gates: [[0.5152256488800049, 0.5140703916549683, 0.5154649615287781, 0.5162234306335449], [0.48874688148498535, 0.4902190566062927, 0.48761212825775146, 0.4895680248737335]]
  Saved to: experiments/07c_regime_attention_ablations/rolling_4heads/fold_2019/collapse_monitoring/collapse_monitor_latest.json
[DEBUG CollapseMonitor] on_validation_epoch_start called for epoch 37
[DEBUG CollapseMonitor] reset_temporal_state() called on loss function
Epoch 37: val_loss=0.9274616241455078
Epoch 37: train_loss=0.9832198619842529

[CollapseMonitor] Epoch 37
  [DEBUG] Processed 3 batches from val_dataloader
  [DEBUG] Predictions shape after concat: (40,)
  [DEBUG] All predictions list length: 3
  [DEBUG] First batch shape: (16,)
  Pred std: 0.007633, range: 0.034856, mean: 0.350544
  Pos: 100.0%, Neg: 0.0%, Unique: 40
  Dir Acc: 57.50%, Pred Sharpe: 729.0424
  Composite: 0.4528 (dist_match: 0.5750, actual_pos: 57.5%, pred_pos: 100.0%)
  Collapse penalty: 0.000000 (threshold: 0.005000)
  Regime distribution: {'regime_0_fraction': 0.75, 'regime_1_fraction': 0.25}
  Regime gates: {'mean': 0.5093910098075867, 'std': 0.012068774551153183, 'min': 0.48720699548721313, 'max': 0.5172983407974243}
  Saved validation predictions to: experiments/07c_regime_attention_ablations/rolling_4heads/fold_2019/collapse_monitoring/val_predictions_epoch37.npy
  Gradient norms:
    lstm_encoder: 0.016148
    lstm_decoder: 0.011463
    output_layer: 0.386097
  Regime gate grads (epoch avg): tensor([[-0.1005, -0.0765, -0.1077, -0.1241],
        [-0.0023, -0.0094,  0.0113,  0.0014]])
  VSN output std:
    encoder: 0.269578
  Attention entropy: 2.482959
  Regime attention gates: [[0.5161960124969482, 0.5149344205856323, 0.5164819359779358, 0.5172983407974243], [0.48860061168670654, 0.4904368221759796, 0.48720699548721313, 0.4892793297767639]]
  Saved to: experiments/07c_regime_attention_ablations/rolling_4heads/fold_2019/collapse_monitoring/collapse_monitor_latest.json
[DEBUG CollapseMonitor] on_validation_epoch_start called for epoch 38
[DEBUG CollapseMonitor] reset_temporal_state() called on loss function
Epoch 38: val_loss=0.9278952479362488
Epoch 38: train_loss=0.9841180443763733

[CollapseMonitor] Epoch 38
  [DEBUG] Processed 3 batches from val_dataloader
  [DEBUG] Predictions shape after concat: (40,)
  [DEBUG] All predictions list length: 3
  [DEBUG] First batch shape: (16,)
  Pred std: 0.006966, range: 0.032061, mean: 0.327168
  Pos: 100.0%, Neg: 0.0%, Unique: 40
  Dir Acc: 57.50%, Pred Sharpe: 745.5420
  Composite: 0.4528 (dist_match: 0.5750, actual_pos: 57.5%, pred_pos: 100.0%)
  Collapse penalty: 0.000000 (threshold: 0.005000)
  Regime distribution: {'regime_0_fraction': 0.75, 'regime_1_fraction': 0.25}
  Regime gates: {'mean': 0.5097089409828186, 'std': 0.012255393899977207, 'min': 0.4870876967906952, 'max': 0.5177798867225647}
  Saved validation predictions to: experiments/07c_regime_attention_ablations/rolling_4heads/fold_2019/collapse_monitoring/val_predictions_epoch38.npy
  Gradient norms:
    lstm_encoder: 0.016867
    lstm_decoder: 0.012902
    output_layer: 0.487677
  Regime gate grads (epoch avg): tensor([[-0.1357, -0.1135, -0.1233, -0.1343],
        [ 0.0076, -0.0037,  0.0191,  0.0126]])
  VSN output std:
    encoder: 0.269549
  Attention entropy: 2.483098
  Regime attention gates: [[0.516651451587677, 0.5152760148048401, 0.5168889760971069, 0.5177798867225647], [0.48861056566238403, 0.4905969798564911, 0.4870876967906952, 0.4892583191394806]]
  Saved to: experiments/07c_regime_attention_ablations/rolling_4heads/fold_2019/collapse_monitoring/collapse_monitor_latest.json
[DEBUG CollapseMonitor] on_validation_epoch_start called for epoch 39
[DEBUG CollapseMonitor] reset_temporal_state() called on loss function
Epoch 39: val_loss=0.927659809589386
Epoch 39: train_loss=0.9789443612098694

[CollapseMonitor] Epoch 39
  [DEBUG] Processed 3 batches from val_dataloader
  [DEBUG] Predictions shape after concat: (40,)
  [DEBUG] All predictions list length: 3
  [DEBUG] First batch shape: (16,)
  Pred std: 0.006588, range: 0.030571, mean: 0.279993
  Pos: 100.0%, Neg: 0.0%, Unique: 40
  Dir Acc: 57.50%, Pred Sharpe: 674.7027
  Composite: 0.4528 (dist_match: 0.5750, actual_pos: 57.5%, pred_pos: 100.0%)
  Collapse penalty: 0.000000 (threshold: 0.005000)
  Regime distribution: {'regime_0_fraction': 0.75, 'regime_1_fraction': 0.25}
  Regime gates: {'mean': 0.509958803653717, 'std': 0.012482847087085247, 'min': 0.4868623912334442, 'max': 0.5181503295898438}
  Saved validation predictions to: experiments/07c_regime_attention_ablations/rolling_4heads/fold_2019/collapse_monitoring/val_predictions_epoch39.npy
  Gradient norms:
    lstm_encoder: 0.015418
    lstm_decoder: 0.010603
    output_layer: 0.354488
  Regime gate grads (epoch avg): tensor([[-0.1459, -0.1318, -0.1494, -0.1347],
        [ 0.0170,  0.0022,  0.0217,  0.0141]])
  VSN output std:
    encoder: 0.268808
  Attention entropy: 2.483129
  Regime attention gates: [[0.5170655250549316, 0.5156092643737793, 0.5172821879386902, 0.5181503295898438], [0.48843470215797424, 0.4906179904937744, 0.4868623912334442, 0.4891038239002228]]
  Saved to: experiments/07c_regime_attention_ablations/rolling_4heads/fold_2019/collapse_monitoring/collapse_monitor_latest.json
[DEBUG CollapseMonitor] on_validation_epoch_start called for epoch 40
[DEBUG CollapseMonitor] reset_temporal_state() called on loss function
Epoch 40: val_loss=0.9276424646377563
Epoch 40: train_loss=0.9817718267440796

[CollapseMonitor] Epoch 40
  [DEBUG] Processed 3 batches from val_dataloader
  [DEBUG] Predictions shape after concat: (40,)
  [DEBUG] All predictions list length: 3
  [DEBUG] First batch shape: (16,)
  Pred std: 0.006328, range: 0.029545, mean: 0.258671
  Pos: 100.0%, Neg: 0.0%, Unique: 40
  Dir Acc: 57.50%, Pred Sharpe: 648.8895
  Composite: 0.4528 (dist_match: 0.5750, actual_pos: 57.5%, pred_pos: 100.0%)
  Collapse penalty: 0.000000 (threshold: 0.005000)
  Regime distribution: {'regime_0_fraction': 0.75, 'regime_1_fraction': 0.25}
  Regime gates: {'mean': 0.5101823210716248, 'std': 0.012663059867918491, 'min': 0.48664864897727966, 'max': 0.5184599757194519}
  Saved validation predictions to: experiments/07c_regime_attention_ablations/rolling_4heads/fold_2019/collapse_monitoring/val_predictions_epoch40.npy
  Gradient norms:
    lstm_encoder: 0.017471
    lstm_decoder: 0.012636
    output_layer: 0.449657
  Regime gate grads (epoch avg): tensor([[-0.0997, -0.0900, -0.1062, -0.0879],
        [ 0.0119, -0.0054,  0.0236,  0.0099]])
  VSN output std:
    encoder: 0.268260
  Attention entropy: 2.483276
  Regime attention gates: [[0.517388641834259, 0.5159093141555786, 0.5176462531089783, 0.5184599757194519], [0.4883206784725189, 0.4907229244709015, 0.48664864897727966, 0.4890124201774597]]
  Saved to: experiments/07c_regime_attention_ablations/rolling_4heads/fold_2019/collapse_monitoring/collapse_monitor_latest.json
[DEBUG CollapseMonitor] on_validation_epoch_start called for epoch 41
[DEBUG CollapseMonitor] reset_temporal_state() called on loss function
Epoch 41: val_loss=0.9295257329940796
Epoch 41: train_loss=0.9775421023368835

[CollapseMonitor] Epoch 41
  [DEBUG] Processed 3 batches from val_dataloader
  [DEBUG] Predictions shape after concat: (40,)
  [DEBUG] All predictions list length: 3
  [DEBUG] First batch shape: (16,)
  Pred std: 0.005824, range: 0.027333, mean: 0.299529
  Pos: 100.0%, Neg: 0.0%, Unique: 40
  Dir Acc: 57.50%, Pred Sharpe: 816.3912
  Composite: 0.4528 (dist_match: 0.5750, actual_pos: 57.5%, pred_pos: 100.0%)
  Collapse penalty: 0.000000 (threshold: 0.005000)
  Regime distribution: {'regime_0_fraction': 0.75, 'regime_1_fraction': 0.25}
  Regime gates: {'mean': 0.510493278503418, 'std': 0.012868084013462067, 'min': 0.486562043428421, 'max': 0.5188853740692139}
  Saved validation predictions to: experiments/07c_regime_attention_ablations/rolling_4heads/fold_2019/collapse_monitoring/val_predictions_epoch41.npy
  Gradient norms:
    lstm_encoder: 0.018088
    lstm_decoder: 0.011939
    output_layer: 0.414825
  Regime gate grads (epoch avg): tensor([[-0.1744, -0.1507, -0.1632, -0.1641],
        [ 0.0144, -0.0036,  0.0222,  0.0120]])
  VSN output std:
    encoder: 0.268831
  Attention entropy: 2.483326
  Regime attention gates: [[0.5178521871566772, 0.5163165330886841, 0.5180577635765076, 0.5188853740692139], [0.4882705509662628, 0.49076730012893677, 0.486562043428421, 0.4889572858810425]]
  Saved to: experiments/07c_regime_attention_ablations/rolling_4heads/fold_2019/collapse_monitoring/collapse_monitor_latest.json
[DEBUG CollapseMonitor] on_validation_epoch_start called for epoch 42
[DEBUG CollapseMonitor] reset_temporal_state() called on loss function
Epoch 42: val_loss=0.9303615689277649
Epoch 42: train_loss=0.9652092456817627

[CollapseMonitor] Epoch 42
  [DEBUG] Processed 3 batches from val_dataloader
  [DEBUG] Predictions shape after concat: (40,)
  [DEBUG] All predictions list length: 3
  [DEBUG] First batch shape: (16,)
  Pred std: 0.005414, range: 0.025461, mean: 0.284883
  Pos: 100.0%, Neg: 0.0%, Unique: 40
  Dir Acc: 57.50%, Pred Sharpe: 835.3139
  Composite: 0.4528 (dist_match: 0.5750, actual_pos: 57.5%, pred_pos: 100.0%)
  Collapse penalty: 0.000000 (threshold: 0.005000)
  Regime distribution: {'regime_0_fraction': 0.75, 'regime_1_fraction': 0.25}
  Regime gates: {'mean': 0.5107471942901611, 'std': 0.01310122199356556, 'min': 0.48631608486175537, 'max': 0.5192628502845764}
  Saved validation predictions to: experiments/07c_regime_attention_ablations/rolling_4heads/fold_2019/collapse_monitoring/val_predictions_epoch42.npy
  Gradient norms:
    lstm_encoder: 0.018128
    lstm_decoder: 0.012472
    output_layer: 0.422923
  Regime gate grads (epoch avg): tensor([[-0.1321, -0.1175, -0.1475, -0.1226],
        [ 0.0228,  0.0058,  0.0321,  0.0182]])
  VSN output std:
    encoder: 0.268764
  Attention entropy: 2.483341
  Regime attention gates: [[0.5182638764381409, 0.5166512727737427, 0.5184719562530518, 0.5192628502845764], [0.4880892336368561, 0.4907956123352051, 0.48631608486175537, 0.4888046383857727]]
  Saved to: experiments/07c_regime_attention_ablations/rolling_4heads/fold_2019/collapse_monitoring/collapse_monitor_latest.json
[DEBUG CollapseMonitor] on_validation_epoch_start called for epoch 43
[DEBUG CollapseMonitor] reset_temporal_state() called on loss function
Epoch 43: val_loss=0.9309918284416199
Epoch 43: train_loss=0.9860776662826538

[CollapseMonitor] Epoch 43
  [DEBUG] Processed 3 batches from val_dataloader
  [DEBUG] Predictions shape after concat: (40,)
  [DEBUG] All predictions list length: 3
  [DEBUG] First batch shape: (16,)
  Pred std: 0.005073, range: 0.023988, mean: 0.293613
  Pos: 100.0%, Neg: 0.0%, Unique: 40
  Dir Acc: 57.50%, Pred Sharpe: 918.7340
  Composite: 0.4528 (dist_match: 0.5750, actual_pos: 57.5%, pred_pos: 100.0%)
  Collapse penalty: 0.000000 (threshold: 0.005000)
  Regime distribution: {'regime_0_fraction': 0.75, 'regime_1_fraction': 0.25}
  Regime gates: {'mean': 0.5110045671463013, 'std': 0.013338700868189335, 'min': 0.48609113693237305, 'max': 0.5196521282196045}
  Saved validation predictions to: experiments/07c_regime_attention_ablations/rolling_4heads/fold_2019/collapse_monitoring/val_predictions_epoch43.npy
  Gradient norms:
    lstm_encoder: 0.017914
    lstm_decoder: 0.011476
    output_layer: 0.402032
  Regime gate grads (epoch avg): tensor([[-0.0772, -0.0758, -0.1020, -0.0927],
        [ 0.0189,  0.0035,  0.0315,  0.0225]])
  VSN output std:
    encoder: 0.268875
  Attention entropy: 2.483284
  Regime attention gates: [[0.5186585187911987, 0.5169856548309326, 0.5189164280891418, 0.5196521282196045], [0.4879404604434967, 0.49078240990638733, 0.48609113693237305, 0.48862120509147644]]
  Saved to: experiments/07c_regime_attention_ablations/rolling_4heads/fold_2019/collapse_monitoring/collapse_monitor_latest.json
[DEBUG CollapseMonitor] on_validation_epoch_start called for epoch 44
[DEBUG CollapseMonitor] reset_temporal_state() called on loss function
Epoch 44: val_loss=0.9311725497245789
Epoch 44: train_loss=0.9754019379615784

[CollapseMonitor] Epoch 44
  [DEBUG] Processed 3 batches from val_dataloader
  [DEBUG] Predictions shape after concat: (40,)
  [DEBUG] All predictions list length: 3
  [DEBUG] First batch shape: (16,)
  Pred std: 0.004659, range: 0.021921, mean: 0.303312
  Pos: 100.0%, Neg: 0.0%, Unique: 40
  Dir Acc: 57.50%, Pred Sharpe: 1033.4301
  Composite: 0.4528 (dist_match: 0.5750, actual_pos: 57.5%, pred_pos: 100.0%)
  Collapse penalty: 0.000000 (threshold: 0.005000)
  Regime distribution: {'regime_0_fraction': 0.75, 'regime_1_fraction': 0.25}
  Regime gates: {'mean': 0.5112712383270264, 'std': 0.013534272089600563, 'min': 0.48585137724876404, 'max': 0.5200415849685669}
  Saved validation predictions to: experiments/07c_regime_attention_ablations/rolling_4heads/fold_2019/collapse_monitoring/val_predictions_epoch44.npy
  Gradient norms:
    lstm_encoder: 0.017762
    lstm_decoder: 0.011870
    output_layer: 0.386709
  Regime gate grads (epoch avg): tensor([[-0.1663, -0.1399, -0.1617, -0.1626],
        [ 0.0297, -0.0028,  0.0559,  0.0335]])
  VSN output std:
    encoder: 0.268466
  Attention entropy: 2.483231
  Regime attention gates: [[0.5190319418907166, 0.5173083543777466, 0.5193280577659607, 0.5200415849685669], [0.48787280917167664, 0.49099233746528625, 0.48585137724876404, 0.48849329352378845]]
  Saved to: experiments/07c_regime_attention_ablations/rolling_4heads/fold_2019/collapse_monitoring/collapse_monitor_latest.json
[DEBUG CollapseMonitor] on_validation_epoch_start called for epoch 45
[DEBUG CollapseMonitor] reset_temporal_state() called on loss function
Epoch 45: val_loss=0.9319849014282227
Epoch 45: train_loss=0.9702886939048767

[CollapseMonitor] Epoch 45
  [DEBUG] Processed 3 batches from val_dataloader
  [DEBUG] Predictions shape after concat: (40,)
  [DEBUG] All predictions list length: 3
  [DEBUG] First batch shape: (16,)
  Pred std: 0.004632, range: 0.021804, mean: 0.304837
  Pos: 100.0%, Neg: 0.0%, Unique: 40
  Dir Acc: 57.50%, Pred Sharpe: 1044.6122
  Composite: 0.4528 (dist_match: 0.5750, actual_pos: 57.5%, pred_pos: 100.0%)
  Collapse penalty: 0.000000 (threshold: 0.005000)
  Regime distribution: {'regime_0_fraction': 0.75, 'regime_1_fraction': 0.25}
  Regime gates: {'mean': 0.5115349292755127, 'std': 0.01382830273360014, 'min': 0.4854806065559387, 'max': 0.520459771156311}
  Saved validation predictions to: experiments/07c_regime_attention_ablations/rolling_4heads/fold_2019/collapse_monitoring/val_predictions_epoch45.npy
  Gradient norms:
    lstm_encoder: 0.017713
    lstm_decoder: 0.011859
    output_layer: 0.359612
  Regime gate grads (epoch avg): tensor([[-0.0989, -0.0866, -0.0802, -0.0708],
        [ 0.0059,  0.0065,  0.0269,  0.0199]])
  VSN output std:
    encoder: 0.267484
  Attention entropy: 2.483084
  Regime attention gates: [[0.5195016264915466, 0.5177227258682251, 0.519744336605072, 0.520459771156311], [0.4876920282840729, 0.49089711904525757, 0.4854806065559387, 0.48820462822914124]]
  Saved to: experiments/07c_regime_attention_ablations/rolling_4heads/fold_2019/collapse_monitoring/collapse_monitor_latest.json
[DEBUG CollapseMonitor] on_validation_epoch_start called for epoch 46
[DEBUG CollapseMonitor] reset_temporal_state() called on loss function
Epoch 46: val_loss=0.9321281313896179
Epoch 46: train_loss=0.973370373249054

[CollapseMonitor] Epoch 46
  [DEBUG] Processed 3 batches from val_dataloader
  [DEBUG] Predictions shape after concat: (40,)
  [DEBUG] All predictions list length: 3
  [DEBUG] First batch shape: (16,)
  Pred std: 0.004709, range: 0.022203, mean: 0.319987
  Pos: 100.0%, Neg: 0.0%, Unique: 40
  Dir Acc: 57.50%, Pred Sharpe: 1078.6412
  Composite: 0.4528 (dist_match: 0.5750, actual_pos: 57.5%, pred_pos: 100.0%)
  Collapse penalty: 0.000000 (threshold: 0.005000)
  Regime distribution: {'regime_0_fraction': 0.75, 'regime_1_fraction': 0.25}
  Regime gates: {'mean': 0.5117946863174438, 'std': 0.01409152615815401, 'min': 0.4851832091808319, 'max': 0.5208297371864319}
  Saved validation predictions to: experiments/07c_regime_attention_ablations/rolling_4heads/fold_2019/collapse_monitoring/val_predictions_epoch46.npy
  Gradient norms:
    lstm_encoder: 0.021567
    lstm_decoder: 0.013243
    output_layer: 0.416380
  Regime gate grads (epoch avg): tensor([[-0.1550, -0.1298, -0.1487, -0.1393],
        [ 0.0324,  0.0016,  0.0482,  0.0374]])
  VSN output std:
    encoder: 0.266179
  Attention entropy: 2.483003
  Regime attention gates: [[0.5199365615844727, 0.5181460976600647, 0.5201498866081238, 0.5208297371864319], [0.48751023411750793, 0.49087464809417725, 0.4851832091808319, 0.4879601001739502]]
  Saved to: experiments/07c_regime_attention_ablations/rolling_4heads/fold_2019/collapse_monitoring/collapse_monitor_latest.json
[DEBUG CollapseMonitor] on_validation_epoch_start called for epoch 47
[DEBUG CollapseMonitor] reset_temporal_state() called on loss function
Epoch 47: val_loss=0.9324613809585571
Epoch 47: train_loss=0.9751591086387634

[CollapseMonitor] Epoch 47
  [DEBUG] Processed 3 batches from val_dataloader
  [DEBUG] Predictions shape after concat: (40,)
  [DEBUG] All predictions list length: 3
  [DEBUG] First batch shape: (16,)
  Pred std: 0.004586, range: 0.021422, mean: 0.324051
  Pos: 100.0%, Neg: 0.0%, Unique: 40
  Dir Acc: 57.50%, Pred Sharpe: 1121.6824
  Composite: 0.4528 (dist_match: 0.5750, actual_pos: 57.5%, pred_pos: 100.0%)
  Collapse penalty: 0.000000 (threshold: 0.005000)
  Regime distribution: {'regime_0_fraction': 0.75, 'regime_1_fraction': 0.25}
  Regime gates: {'mean': 0.5118763446807861, 'std': 0.014178772456943989, 'min': 0.4851365089416504, 'max': 0.5209532976150513}
  Saved validation predictions to: experiments/07c_regime_attention_ablations/rolling_4heads/fold_2019/collapse_monitoring/val_predictions_epoch47.npy
  Gradient norms:
    lstm_encoder: 0.020835
    lstm_decoder: 0.013618
    output_layer: 0.453834
  Regime gate grads (epoch avg): tensor([[-0.1789, -0.1574, -0.1455, -0.1576],
        [ 0.0224,  0.0152,  0.0299,  0.0342]])
  VSN output std:
    encoder: 0.266043
  Attention entropy: 2.483026
  Regime attention gates: [[0.5201003551483154, 0.5182651877403259, 0.5202695727348328, 0.5209532976150513], [0.4874500632286072, 0.49080774188041687, 0.4851365089416504, 0.4878624677658081]]
  Saved to: experiments/07c_regime_attention_ablations/rolling_4heads/fold_2019/collapse_monitoring/collapse_monitor_latest.json
[DEBUG CollapseMonitor] on_validation_epoch_start called for epoch 48
[DEBUG CollapseMonitor] reset_temporal_state() called on loss function
Epoch 48: val_loss=0.933135986328125
Epoch 48: train_loss=0.9730314612388611

[CollapseMonitor] Epoch 48
  [DEBUG] Processed 3 batches from val_dataloader
  [DEBUG] Predictions shape after concat: (40,)
  [DEBUG] All predictions list length: 3
  [DEBUG] First batch shape: (16,)
  Pred std: 0.004443, range: 0.020624, mean: 0.316261
  Pos: 100.0%, Neg: 0.0%, Unique: 39
  Dir Acc: 57.50%, Pred Sharpe: 1129.8589
  Composite: 0.4528 (dist_match: 0.5750, actual_pos: 57.5%, pred_pos: 100.0%)
  Collapse penalty: 0.000000 (threshold: 0.005000)
  Regime distribution: {'regime_0_fraction': 0.75, 'regime_1_fraction': 0.25}
  Regime gates: {'mean': 0.5120149850845337, 'std': 0.014289136044681072, 'min': 0.4850565195083618, 'max': 0.5211507678031921}
  Saved validation predictions to: experiments/07c_regime_attention_ablations/rolling_4heads/fold_2019/collapse_monitoring/val_predictions_epoch48.npy
  Gradient norms:
    lstm_encoder: 0.020663
    lstm_decoder: 0.012149
    output_layer: 0.382754
  Regime gate grads (epoch avg): tensor([[-0.1097, -0.0850, -0.1038, -0.0975],
        [ 0.0236,  0.0067,  0.0247,  0.0101]])
  VSN output std:
    encoder: 0.265936
  Attention entropy: 2.483031
  Regime attention gates: [[0.5203281044960022, 0.5184563994407654, 0.5204569697380066, 0.5211507678031921], [0.4873957335948944, 0.49079349637031555, 0.4850565195083618, 0.48781639337539673]]
  Saved to: experiments/07c_regime_attention_ablations/rolling_4heads/fold_2019/collapse_monitoring/collapse_monitor_latest.json
[DEBUG CollapseMonitor] on_validation_epoch_start called for epoch 49
[DEBUG CollapseMonitor] reset_temporal_state() called on loss function
Epoch 49: val_loss=0.9334610104560852
Epoch 49: train_loss=0.9617065787315369

[CollapseMonitor] Epoch 49
  [DEBUG] Processed 3 batches from val_dataloader
  [DEBUG] Predictions shape after concat: (40,)
  [DEBUG] All predictions list length: 3
  [DEBUG] First batch shape: (16,)
  Pred std: 0.004353, range: 0.019917, mean: 0.314107
  Pos: 100.0%, Neg: 0.0%, Unique: 40
  Dir Acc: 57.50%, Pred Sharpe: 1145.4221
  Composite: 0.4528 (dist_match: 0.5750, actual_pos: 57.5%, pred_pos: 100.0%)
  Collapse penalty: 0.000000 (threshold: 0.005000)
  Regime distribution: {'regime_0_fraction': 0.75, 'regime_1_fraction': 0.25}
  Regime gates: {'mean': 0.5121457576751709, 'std': 0.01439213752746582, 'min': 0.4849727749824524, 'max': 0.5213460326194763}
  Saved validation predictions to: experiments/07c_regime_attention_ablations/rolling_4heads/fold_2019/collapse_monitoring/val_predictions_epoch49.npy
  Gradient norms:
    lstm_encoder: 0.021591
    lstm_decoder: 0.012907
    output_layer: 0.418316
  Regime gate grads (epoch avg): tensor([[-0.1427, -0.1008, -0.1292, -0.1282],
        [ 0.0189,  0.0015,  0.0340,  0.0245]])
  VSN output std:
    encoder: 0.265764
  Attention entropy: 2.483042
  Regime attention gates: [[0.5205175280570984, 0.5186334848403931, 0.5206500291824341, 0.5213460326194763], [0.4873582422733307, 0.4908040463924408, 0.4849727749824524, 0.4877554774284363]]
  Saved to: experiments/07c_regime_attention_ablations/rolling_4heads/fold_2019/collapse_monitoring/collapse_monitor_latest.json
[DEBUG CollapseMonitor] on_validation_epoch_start called for epoch 50
[DEBUG CollapseMonitor] reset_temporal_state() called on loss function
Epoch 50: val_loss=0.9337814450263977
Epoch 50: train_loss=0.9675539135932922

[CollapseMonitor] Epoch 50
  [DEBUG] Processed 3 batches from val_dataloader
  [DEBUG] Predictions shape after concat: (40,)
  [DEBUG] All predictions list length: 3
  [DEBUG] First batch shape: (16,)
  Pred std: 0.004284, range: 0.019432, mean: 0.325530
  Pos: 100.0%, Neg: 0.0%, Unique: 40
  Dir Acc: 57.50%, Pred Sharpe: 1206.1632
  Composite: 0.4528 (dist_match: 0.5750, actual_pos: 57.5%, pred_pos: 100.0%)
  Collapse penalty: 0.000000 (threshold: 0.005000)
  Regime distribution: {'regime_0_fraction': 0.75, 'regime_1_fraction': 0.25}
  Regime gates: {'mean': 0.5122753977775574, 'std': 0.014493634924292564, 'min': 0.48486843705177307, 'max': 0.5215481519699097}
  Saved validation predictions to: experiments/07c_regime_attention_ablations/rolling_4heads/fold_2019/collapse_monitoring/val_predictions_epoch50.npy
  Gradient norms:
    lstm_encoder: 0.021811
    lstm_decoder: 0.013368
    output_layer: 0.422160
  Regime gate grads (epoch avg): tensor([[-0.0958, -0.0878, -0.1175, -0.1188],
        [ 0.0231,  0.0038,  0.0481,  0.0305]])
  VSN output std:
    encoder: 0.265552
  Attention entropy: 2.483051
  Regime attention gates: [[0.5206907987594604, 0.5188025236129761, 0.5208503603935242, 0.5215481519699097], [0.4873290956020355, 0.49084052443504333, 0.48486843705177307, 0.4876929819583893]]
  Saved to: experiments/07c_regime_attention_ablations/rolling_4heads/fold_2019/collapse_monitoring/collapse_monitor_latest.json
[DEBUG CollapseMonitor] on_validation_epoch_start called for epoch 51
[DEBUG CollapseMonitor] reset_temporal_state() called on loss function
Epoch 51: val_loss=0.9335719347000122
Epoch 51: train_loss=0.9675403833389282

[CollapseMonitor] Epoch 51
  [DEBUG] Processed 3 batches from val_dataloader
  [DEBUG] Predictions shape after concat: (40,)
  [DEBUG] All predictions list length: 3
  [DEBUG] First batch shape: (16,)
  Pred std: 0.004215, range: 0.019042, mean: 0.313826
  Pos: 100.0%, Neg: 0.0%, Unique: 40
  Dir Acc: 57.50%, Pred Sharpe: 1181.8836
  Composite: 0.4528 (dist_match: 0.5750, actual_pos: 57.5%, pred_pos: 100.0%)
  Collapse penalty: 0.000000 (threshold: 0.005000)
  Regime distribution: {'regime_0_fraction': 0.75, 'regime_1_fraction': 0.25}
  Regime gates: {'mean': 0.5123577117919922, 'std': 0.014601978473365307, 'min': 0.48466336727142334, 'max': 0.5217064023017883}
  Saved validation predictions to: experiments/07c_regime_attention_ablations/rolling_4heads/fold_2019/collapse_monitoring/val_predictions_epoch51.npy
  Gradient norms:
    lstm_encoder: 0.022363
    lstm_decoder: 0.013512
    output_layer: 0.435418
  Regime gate grads (epoch avg): tensor([[-0.0806, -0.0923, -0.0795, -0.0794],
        [ 0.0266, -0.0032,  0.0515,  0.0266]])
  VSN output std:
    encoder: 0.265791
  Attention entropy: 2.483167
  Regime attention gates: [[0.520826518535614, 0.5189294815063477, 0.5209980010986328, 0.5217064023017883], [0.48724451661109924, 0.49086007475852966, 0.48466336727142334, 0.4875747859477997]]
  Saved to: experiments/07c_regime_attention_ablations/rolling_4heads/fold_2019/collapse_monitoring/collapse_monitor_latest.json
[DEBUG CollapseMonitor] on_validation_epoch_start called for epoch 52
[DEBUG CollapseMonitor] reset_temporal_state() called on loss function
Epoch 52: val_loss=0.9340192675590515
Epoch 52: train_loss=0.9681951403617859

[CollapseMonitor] Epoch 52
  [DEBUG] Processed 3 batches from val_dataloader
  [DEBUG] Predictions shape after concat: (40,)
  [DEBUG] All predictions list length: 3
  [DEBUG] First batch shape: (16,)
  Pred std: 0.004096, range: 0.018077, mean: 0.312819
  Pos: 100.0%, Neg: 0.0%, Unique: 40
  Dir Acc: 57.50%, Pred Sharpe: 1212.2809
  Composite: 0.4528 (dist_match: 0.5750, actual_pos: 57.5%, pred_pos: 100.0%)
  Collapse penalty: 0.000000 (threshold: 0.005000)
  Regime distribution: {'regime_0_fraction': 0.75, 'regime_1_fraction': 0.25}
  Regime gates: {'mean': 0.5124753713607788, 'std': 0.014712565578520298, 'min': 0.48454007506370544, 'max': 0.5218827128410339}
  Saved validation predictions to: experiments/07c_regime_attention_ablations/rolling_4heads/fold_2019/collapse_monitoring/val_predictions_epoch52.npy
  Gradient norms:
    lstm_encoder: 0.021426
    lstm_decoder: 0.013209
    output_layer: 0.410011
  Regime gate grads (epoch avg): tensor([[-0.1480, -0.1314, -0.1354, -0.1304],
        [ 0.0254, -0.0062,  0.0399,  0.0348]])
  VSN output std:
    encoder: 0.265791
  Attention entropy: 2.483227
  Regime attention gates: [[0.5210016965866089, 0.5191202759742737, 0.5211737751960754, 0.5218827128410339], [0.4871639311313629, 0.4909122884273529, 0.48454007506370544, 0.48745402693748474]]
  Saved to: experiments/07c_regime_attention_ablations/rolling_4heads/fold_2019/collapse_monitoring/collapse_monitor_latest.json
[DEBUG CollapseMonitor] on_validation_epoch_start called for epoch 53
[DEBUG CollapseMonitor] reset_temporal_state() called on loss function
Epoch 53: val_loss=0.9342697858810425
Epoch 53: train_loss=0.9704880118370056

[CollapseMonitor] Epoch 53
  [DEBUG] Processed 3 batches from val_dataloader
  [DEBUG] Predictions shape after concat: (40,)
  [DEBUG] All predictions list length: 3
  [DEBUG] First batch shape: (16,)
  Pred std: 0.004047, range: 0.017704, mean: 0.312078
  Pos: 100.0%, Neg: 0.0%, Unique: 40
  Dir Acc: 57.50%, Pred Sharpe: 1224.0316
  Composite: 0.4528 (dist_match: 0.5750, actual_pos: 57.5%, pred_pos: 100.0%)
  Collapse penalty: 0.000000 (threshold: 0.005000)
  Regime distribution: {'regime_0_fraction': 0.75, 'regime_1_fraction': 0.25}
  Regime gates: {'mean': 0.512545645236969, 'std': 0.014779243618249893, 'min': 0.484459787607193, 'max': 0.5219798684120178}
  Saved validation predictions to: experiments/07c_regime_attention_ablations/rolling_4heads/fold_2019/collapse_monitoring/val_predictions_epoch53.npy
  Gradient norms:
    lstm_encoder: 0.019654
    lstm_decoder: 0.012560
    output_layer: 0.388876
  Regime gate grads (epoch avg): tensor([[-0.0908, -0.0675, -0.0799, -0.0660],
        [ 0.0261,  0.0039,  0.0441,  0.0432]])
  VSN output std:
    encoder: 0.265562
  Attention entropy: 2.483227
  Regime attention gates: [[0.5211231112480164, 0.5192279815673828, 0.521276593208313, 0.5219798684120178], [0.48712149262428284, 0.4909677505493164, 0.484459787607193, 0.4873581826686859]]
  Saved to: experiments/07c_regime_attention_ablations/rolling_4heads/fold_2019/collapse_monitoring/collapse_monitor_latest.json
[DEBUG CollapseMonitor] on_validation_epoch_start called for epoch 54
[DEBUG CollapseMonitor] reset_temporal_state() called on loss function
Epoch 54: val_loss=0.9342729449272156
Epoch 54: train_loss=0.9748537540435791

[CollapseMonitor] Epoch 54
  [DEBUG] Processed 3 batches from val_dataloader
  [DEBUG] Predictions shape after concat: (40,)
  [DEBUG] All predictions list length: 3
  [DEBUG] First batch shape: (16,)
  Pred std: 0.004047, range: 0.017570, mean: 0.313143
  Pos: 100.0%, Neg: 0.0%, Unique: 40
  Dir Acc: 57.50%, Pred Sharpe: 1228.4265
  Composite: 0.4528 (dist_match: 0.5750, actual_pos: 57.5%, pred_pos: 100.0%)
  Collapse penalty: 0.000000 (threshold: 0.005000)
  Regime distribution: {'regime_0_fraction': 0.75, 'regime_1_fraction': 0.25}
  Regime gates: {'mean': 0.5126404762268066, 'std': 0.014894676394760609, 'min': 0.484311580657959, 'max': 0.5221571922302246}
  Saved validation predictions to: experiments/07c_regime_attention_ablations/rolling_4heads/fold_2019/collapse_monitoring/val_predictions_epoch54.npy
  Gradient norms:
    lstm_encoder: 0.021079
    lstm_decoder: 0.013370
    output_layer: 0.412305
  Regime gate grads (epoch avg): tensor([[-0.1225, -0.0908, -0.1178, -0.1356],
        [ 0.0300,  0.0196,  0.0576,  0.0425]])
  VSN output std:
    encoder: 0.265156
  Attention entropy: 2.483183
  Regime attention gates: [[0.5212907195091248, 0.5193663835525513, 0.521431028842926, 0.5221571922302246], [0.4870448410511017, 0.4909347593784332, 0.484311580657959, 0.48722028732299805]]
  Saved to: experiments/07c_regime_attention_ablations/rolling_4heads/fold_2019/collapse_monitoring/collapse_monitor_latest.json
[DEBUG CollapseMonitor] on_validation_epoch_start called for epoch 55
[DEBUG CollapseMonitor] reset_temporal_state() called on loss function
Epoch 55: val_loss=0.9351631999015808
Epoch 55: train_loss=0.9656215906143188

[CollapseMonitor] Epoch 55
  [DEBUG] Processed 3 batches from val_dataloader
  [DEBUG] Predictions shape after concat: (40,)
  [DEBUG] All predictions list length: 3
  [DEBUG] First batch shape: (16,)
  Pred std: 0.003974, range: 0.016833, mean: 0.319984
  Pos: 100.0%, Neg: 0.0%, Unique: 40
  Dir Acc: 57.50%, Pred Sharpe: 1278.2899
  Composite: 0.4528 (dist_match: 0.5750, actual_pos: 57.5%, pred_pos: 100.0%)
  Collapse penalty: 0.000000 (threshold: 0.005000)
  Regime distribution: {'regime_0_fraction': 0.75, 'regime_1_fraction': 0.25}
  Regime gates: {'mean': 0.5127919912338257, 'std': 0.014990071766078472, 'min': 0.4842473864555359, 'max': 0.5223835706710815}
  Saved validation predictions to: experiments/07c_regime_attention_ablations/rolling_4heads/fold_2019/collapse_monitoring/val_predictions_epoch55.npy
  Gradient norms:
    lstm_encoder: 0.021228
    lstm_decoder: 0.012977
    output_layer: 0.426847
  Regime gate grads (epoch avg): tensor([[-0.1572, -0.1697, -0.1699, -0.1735],
        [ 0.0054, -0.0214,  0.0184,  0.0126]])
  VSN output std:
    encoder: 0.264676
  Attention entropy: 2.483156
  Regime attention gates: [[0.5214800238609314, 0.5195772051811218, 0.5216240882873535, 0.5223835706710815], [0.4870435297489166, 0.4910016357898712, 0.4842473864555359, 0.48718518018722534]]
  Saved to: experiments/07c_regime_attention_ablations/rolling_4heads/fold_2019/collapse_monitoring/collapse_monitor_latest.json
[DEBUG CollapseMonitor] on_validation_epoch_start called for epoch 56
[DEBUG CollapseMonitor] reset_temporal_state() called on loss function
Epoch 56: val_loss=0.9355060458183289
Epoch 56: train_loss=0.9358338713645935

[CollapseMonitor] Epoch 56
  [DEBUG] Processed 3 batches from val_dataloader
  [DEBUG] Predictions shape after concat: (40,)
  [DEBUG] All predictions list length: 3
  [DEBUG] First batch shape: (16,)
  Pred std: 0.003945, range: 0.016540, mean: 0.318007
  Pos: 100.0%, Neg: 0.0%, Unique: 40
  Dir Acc: 57.50%, Pred Sharpe: 1279.6996
  Composite: 0.4528 (dist_match: 0.5750, actual_pos: 57.5%, pred_pos: 100.0%)
  Collapse penalty: 0.000000 (threshold: 0.005000)
  Regime distribution: {'regime_0_fraction': 0.75, 'regime_1_fraction': 0.25}
  Regime gates: {'mean': 0.5128579139709473, 'std': 0.015041586011648178, 'min': 0.4842205047607422, 'max': 0.5224834084510803}
  Saved validation predictions to: experiments/07c_regime_attention_ablations/rolling_4heads/fold_2019/collapse_monitoring/val_predictions_epoch56.npy
  Gradient norms:
    lstm_encoder: 0.021407
    lstm_decoder: 0.012343
    output_layer: 0.373793
  Regime gate grads (epoch avg): tensor([[-0.1238, -0.0588, -0.1173, -0.1014],
        [ 0.0199,  0.0065,  0.0233,  0.0209]])
  VSN output std:
    encoder: 0.264593
  Attention entropy: 2.483163
  Regime attention gates: [[0.5215839147567749, 0.5196506381034851, 0.5217261910438538, 0.5224834084510803], [0.48701876401901245, 0.49099665880203247, 0.4842205047607422, 0.4871585965156555]]
  Saved to: experiments/07c_regime_attention_ablations/rolling_4heads/fold_2019/collapse_monitoring/collapse_monitor_latest.json
[DEBUG CollapseMonitor] on_validation_epoch_start called for epoch 57
[DEBUG CollapseMonitor] reset_temporal_state() called on loss function
Epoch 57: val_loss=0.9353206753730774
Epoch 57: train_loss=0.9662014842033386

[CollapseMonitor] Epoch 57
  [DEBUG] Processed 3 batches from val_dataloader
  [DEBUG] Predictions shape after concat: (40,)
  [DEBUG] All predictions list length: 3
  [DEBUG] First batch shape: (16,)
  Pred std: 0.003954, range: 0.016565, mean: 0.310827
  Pos: 100.0%, Neg: 0.0%, Unique: 38
  Dir Acc: 57.50%, Pred Sharpe: 1247.9262
  Composite: 0.4528 (dist_match: 0.5750, actual_pos: 57.5%, pred_pos: 100.0%)
  Collapse penalty: 0.000000 (threshold: 0.005000)
  Regime distribution: {'regime_0_fraction': 0.75, 'regime_1_fraction': 0.25}
  Regime gates: {'mean': 0.5129022002220154, 'std': 0.015090398490428925, 'min': 0.48415639996528625, 'max': 0.5225570201873779}
  Saved validation predictions to: experiments/07c_regime_attention_ablations/rolling_4heads/fold_2019/collapse_monitoring/val_predictions_epoch57.npy
  Gradient norms:
    lstm_encoder: 0.021742
    lstm_decoder: 0.012882
    output_layer: 0.402124
  Regime gate grads (epoch avg): tensor([[-0.0763, -0.0955, -0.0777, -0.0839],
        [ 0.0244,  0.0043,  0.0431,  0.0219]])
  VSN output std:
    encoder: 0.264409
  Attention entropy: 2.483141
  Regime attention gates: [[0.5216580033302307, 0.5197156071662903, 0.5217993259429932, 0.5225570201873779], [0.4869779348373413, 0.49099600315093994, 0.48415639996528625, 0.4871145188808441]]
  Saved to: experiments/07c_regime_attention_ablations/rolling_4heads/fold_2019/collapse_monitoring/collapse_monitor_latest.json
Final gate values: tensor([[0.5217, 0.5197, 0.5218, 0.5226],
        [0.4870, 0.4910, 0.4842, 0.4871]], grad_fn=<SigmoidBackward0>)


======================================================================
Training complete
======================================================================

Best val_loss checkpoint: experiments/07c_regime_attention_ablations/rolling_4heads/fold_2019/checkpoints/tft-epoch=epoch=32-valloss=val_loss=0.9233.ckpt
Best validation loss: 0.923342
Checkpoints saved:
  - Best val_loss: experiments/07c_regime_attention_ablations/rolling_4heads/fold_2019/checkpoints/tft-epoch=epoch=32-valloss=val_loss=0.9233.ckpt
  - Best pred_std: experiments/07c_regime_attention_ablations/rolling_4heads/fold_2019/checkpoints/tft-epoch=epoch=33-predstd=val_pred_std=0.0098.ckpt
  - Best unique: experiments/07c_regime_attention_ablations/rolling_4heads/fold_2019/checkpoints/tft-epoch=epoch=00-unique=val_num_unique=40.ckpt
  - Best dir_acc: experiments/07c_regime_attention_ablations/rolling_4heads/fold_2019/checkpoints/tft-epoch=epoch=10-diracc=val_dir_acc=0.5750.ckpt
  - Best sharpe: experiments/07c_regime_attention_ablations/rolling_4heads/fold_2019/checkpoints/tft-epoch=epoch=56-sharpe=val_sharpe=1279.6996.ckpt
  - Best composite: experiments/07c_regime_attention_ablations/rolling_4heads/fold_2019/checkpoints/tft-epoch=epoch=10-composite=val_composite=0.4528.ckpt
Completed at: 2025-12-03 18:15:55
Log saved to: experiments/07c_regime_attention_ablations/rolling_4heads/fold_2019/training_20251203_181146.log
======================================================================
