{
  "evaluation_timestamp": "2025-10-22T23:15:49.178760",
  "statistical_metrics": {
    "mse": 1.1785428524017334,
    "rmse": 1.0856071710586548,
    "mae": 0.7723315954208374,
    "mape": 163.46832513809204,
    "r2": -0.001513361930847168,
    "mean_error": -0.025515463203191757,
    "std_error": 1.0853073596954346
  },
  "financial_metrics": {
    "directional_accuracy": 0.53515625,
    "sharpe_ratio": 0.7986164022869072,
    "max_drawdown": -0.2524605989456177,
    "total_return": 0.8629136085510254,
    "hit_rate": 0.534375,
    "num_trades": 1276,
    "precision": 0.5360501567398119,
    "recall": 0.9956331877729258,
    "f1_score": 0.6968925114620479,
    "confusion_matrix": [
      [
        1,
        592
      ],
      [
        3,
        684
      ]
    ],
    "auc_roc": 0.522129845774698,
    "alpha": -0.05869448184967041
  },
  "residual_diagnostics": {
    "normality_p_value": 1.314249949783841e-40,
    "acf_lag1": -0.0355533315847305,
    "skewness": 0.113694280365008,
    "kurtosis": 6.580888037718994
  },
  "checkpoint_used": "experiments/sweep_stale_h16_drop0.15_lr3/checkpoints/tft-epoch=01-val_loss=0.1297.ckpt"
}