{
  "evaluation_timestamp": "2025-10-27T12:04:05.881070",
  "statistical_metrics": {
    "mse": 1.1785428524017334,
    "rmse": 1.0856071710586548,
    "mae": 0.7723315954208374,
    "mape": 163.46839666366577,
    "r2": -0.001513361930847168,
    "mean_error": -0.025515520945191383,
    "std_error": 1.0853073596954346
  },
  "financial_metrics": {
    "directional_accuracy": 0.53515625,
    "sharpe_ratio": 0.7986164022869072,
    "max_drawdown": -0.2524605989456177,
    "total_return": 0.8629136085510254,
    "hit_rate": 0.534375,
    "num_trades": 1276,
    "precision": 0.5360501567398119,
    "recall": 0.9956331877729258,
    "f1_score": 0.6968925114620479,
    "confusion_matrix": [
      [
        1,
        592
      ],
      [
        3,
        684
      ]
    ],
    "auc_roc": 0.522129845774698,
    "alpha": -0.05869448184967041
  },
  "residual_diagnostics": {
    "normality_p_value": 1.3142469804199588e-40,
    "acf_lag1": -0.0355533310005784,
    "skewness": 0.1136943736156667,
    "kurtosis": 6.580888037718994
  },
  "mode_stats": {
    "healthy_days": 79,
    "degraded_days": 12,
    "unidirectional_days": 907,
    "weak_collapse_days": 282,
    "strong_collapse_days": 0,
    "total_days": 1280,
    "healthy_pct": 6.171875,
    "degraded_pct": 0.9375,
    "unidirectional_pct": 70.859375,
    "weak_collapse_pct": 22.03125,
    "strong_collapse_pct": 0.0
  },
  "collapse_detected": true,
  "degradation_detected": true,
  "checkpoint_used": "experiments/01_staleness_features_fixed/sweep_stale_h16_drop0.15_lr3/checkpoints/tft-epoch=01-val_loss=0.1297.ckpt"
}