{
  "evaluation_timestamp": "2025-10-30T03:27:47.042041",
  "statistical_metrics": {
    "mse": 1.1748790740966797,
    "rmse": 1.0839183330535889,
    "mae": 0.771832287311554,
    "mape": 145.62374353408813,
    "r2": 0.0016000866889953613,
    "mean_error": 0.005287107080221176,
    "std_error": 1.083905577659607
  },
  "financial_metrics": {
    "directional_accuracy": 0.534375,
    "sharpe_ratio": 0.8174317145264399,
    "max_drawdown": -0.26383888721466064,
    "total_return": 0.8923578262329102,
    "hit_rate": 0.53203125,
    "num_trades": 1271,
    "precision": 0.5357985837922895,
    "recall": 0.9912663755458515,
    "f1_score": 0.6956077630234933,
    "confusion_matrix": [
      [
        3,
        590
      ],
      [
        6,
        681
      ]
    ],
    "auc_roc": 0.5387833800943074,
    "alpha": -0.029250264167785645
  },
  "residual_diagnostics": {
    "normality_p_value": 1.0111438434170034e-39,
    "acf_lag1": -0.03692214425219669,
    "skewness": 0.08225576960770684,
    "kurtosis": 6.435236537365684
  },
  "mode_stats": {
    "healthy_days": 38,
    "degraded_days": 58,
    "unidirectional_days": 1173,
    "weak_collapse_days": 11,
    "strong_collapse_days": 0,
    "total_days": 1280,
    "healthy_pct": 2.96875,
    "degraded_pct": 4.53125,
    "unidirectional_pct": 91.640625,
    "weak_collapse_pct": 0.8593750000000001,
    "strong_collapse_pct": 0.0
  },
  "collapse_detected": true,
  "degradation_detected": true,
  "checkpoint_used": "experiments/01_staleness_features_fixed/sweep_stale_h16_drop0.15_lr3/checkpoints/tft-epoch=96-val_loss=0.3971.ckpt"
}